1780395260.125,$GNRMC,101420.00,A,1339.01398,N,10029.57840,E,0.016,,020626,0.53,W,D,V*50
1780395260.127,$GNVTG,,T,,M,0.016,N,0.029,K,D*34
1780395260.129,$GNGGA,101420.00,1339.01398,N,10029.57840,E,2,12,0.53,6.9,M,-27.8,M,,0499*66
1780395260.130,$GNGSA,A,3,10,18,23,24,32,,,,,,,,1.05,0.53,0.90,1*04
1780395260.130,$GNGSA,A,3,66,75,65,88,76,81,,,,,,,1.05,0.53,0.90,2*00
1780395260.131,$GNGSA,A,3,05,12,04,06,09,10,11,28,36,,,,1.05,0.53,0.90,3*0B
1780395260.131,$GNGSA,A,3,06,07,08,09,10,13,14,34,,,,,1.05,0.53,0.90,4*0E
1780395260.132,$GPGSV,3,1,09,10,21,328,26,18,84,174,46,23,40,004,43,24,40,045,36,1*65
1780395260.133,$GPGSV,3,2,09,28,15,207,08,32,31,271,39,40,36,258,37,41,64,233,44,1*6D
1780395260.133,$GPGSV,3,3,09,42,70,217,45,1*59
1780395260.134,$GPGSV,2,1,05,10,21,328,33,18,84,174,47,23,40,004,40,24,40,045,27,6*69
1780395260.134,$GPGSV,2,2,05,32,31,271,40,6*55
1780395260.135,$GPGSV,2,1,08,05,05,103,,12,13,121,,13,18,120,,15,11,046,,0*61
1780395260.136,$GPGSV,2,2,08,15,11,046,,25,17,158,,27,05,293,,29,16,182,,0*69
1780395260.136,$GLGSV,2,1,07,65,23,011,40,66,29,315,34,75,21,075,16,76,26,135,19,1*7F
1780395260.137,$GLGSV,2,2,07,81,23,325,34,87,25,169,19,88,67,265,47,1*49
1780395260.138,$GLGSV,2,1,05,66,29,315,39,75,21,075,26,76,26,135,31,81,23,325,43,3*76
1780395260.138,$GLGSV,2,2,05,88,67,265,45,3*4E
1780395260.138,$GLGSV,1,1,02,67,04,266,,77,06,178,,0*74
1780395260.139,$GAGSV,3,1,09,04,36,020,42,05,23,247,32,06,54,352,46,09,58,303,31,2*7B
1780395260.140,$GAGSV,3,2,09,10,70,120,47,11,75,356,43,12,46,134,43,28,17,036,22,2*74
1780395260.140,$GAGSV,3,3,09,36,25,329,38,2*4E
1780395260.141,$GAGSV,3,1,09,04,36,020,38,05,23,247,37,06,54,352,41,09,58,303,26,7*77
1780395260.142,$GAGSV,3,2,09,10,70,120,44,11,75,356,40,12,46,134,41,28,17,036,25,7*74
1780395260.143,$GAGSV,3,3,09,36,25,329,36,7*45
1780395260.143,$GAGSV,1,1,03,16,08,189,,23,00,093,,31,11,138,,0*4B
1780395260.144,$GBGSV,2,1,08,06,40,035,41,07,67,117,45,08,23,178,28,09,38,001,42,1*74
1780395260.145,$GBGSV,2,2,08,10,62,142,45,13,28,304,35,14,30,031,36,34,43,190,46,1*7F
1780395260.145,$GBGSV,1,1,02,09,38,001,41,10,62,142,43,3*75
1780395260.146,$GBGSV,3,1,10,01,42,106,,02,63,244,,03,72,138,,04,22,095,,0*75
1780395260.146,$GBGSV,3,2,10,04,22,095,,21,15,051,,24,37,155,,25,03,202,,0*7B
1780395260.147,$GBGSV,3,3,10,25,03,202,,26,37,093,,0*78
1780395260.147,$GNGLL,1339.01398,N,10029.57840,E,101420.00,A,D*7B
1780395261.125,$GNRMC,101421.00,A,1339.01399,N,10029.57841,E,0.010,,020626,0.53,W,D,V*57
1780395261.126,$GNVTG,,T,,M,0.010,N,0.018,K,D*30
1780395261.127,$GNGGA,101421.00,1339.01399,N,10029.57841,E,2,12,0.53,6.9,M,-27.8,M,,0499*67
1780395261.128,$GNGSA,A,3,10,18,23,24,32,,,,,,,,1.05,0.53,0.90,1*04
1780395261.129,$GNGSA,A,3,66,75,65,88,76,81,87,,,,,,1.05,0.53,0.90,2*0F
1780395261.131,$GNGSA,A,3,05,12,04,06,09,10,11,28,36,,,,1.05,0.53,0.90,3*0B
1780395261.133,$GNGSA,A,3,06,07,08,09,10,13,14,34,,,,,1.05,0.53,0.90,4*0E
1780395261.135,$GPGSV,3,1,09,10,21,328,26,18,84,174,46,23,40,004,43,24,40,045,35,1*66
1780395261.138,$GPGSV,3,2,09,28,15,207,09,32,31,271,39,40,36,258,37,41,64,233,44,1*6C
1780395261.139,$GPGSV,3,3,09,42,70,217,45,1*59
1780395261.141,$GPGSV,2,1,05,10,21,328,32,18,84,174,47,23,40,004,40,24,40,045,27,6*68
1780395261.141,$GPGSV,2,2,05,32,31,271,40,6*55
1780395261.143,$GPGSV,2,1,08,05,05,103,,12,13,121,,13,18,120,,15,11,046,,0*61
1780395261.144,$GPGSV,2,2,08,15,11,046,,25,17,158,,27,05,293,,29,16,182,,0*69
1780395261.145,$GLGSV,2,1,07,65,23,011,40,66,29,315,34,75,21,075,11,76,26,135,19,1*78
1780395261.146,$GLGSV,2,2,07,81,23,325,34,87,25,169,20,88,67,265,47,1*43
1780395261.148,$GLGSV,2,1,05,66,29,315,39,75,21,075,26,76,26,135,31,81,23,325,43,3*76
1780395261.149,$GLGSV,2,2,05,88,67,265,45,3*4E
1780395261.151,$GLGSV,1,1,02,67,04,266,,77,06,178,,0*74
1780395261.152,$GAGSV,3,1,09,04,36,020,42,05,23,247,32,06,54,352,46,09,58,303,32,2*78
1780395261.154,$GAGSV,3,2,09,10,70,120,48,11,75,356,43,12,45,135,44,28,17,036,23,2*7F
1780395261.155,$GAGSV,3,3,09,36,25,329,39,2*4F
1780395261.156,$GAGSV,3,1,09,04,36,020,39,05,23,247,37,06,54,352,41,09,58,303,26,7*76
1780395261.157,$GAGSV,3,2,09,10,70,120,44,11,75,356,40,12,45,135,41,28,17,036,25,7*76
1780395261.157,$GAGSV,3,3,09,36,25,329,36,7*45
1780395261.158,$GAGSV,1,1,03,16,08,189,,23,00,093,,31,11,138,,0*4B
1780395261.159,$GBGSV,2,1,08,06,40,035,41,07,67,117,45,08,23,178,28,09,38,001,42,1*74
1780395261.160,$GBGSV,2,2,08,10,62,142,45,13,28,304,35,14,30,031,36,34,43,190,46,1*7F
1780395261.160,$GBGSV,1,1,02,09,38,001,41,10,62,142,44,3*72
1780395261.161,$GBGSV,3,1,10,01,42,106,,02,63,244,,03,72,138,,04,22,095,,0*75
1780395261.161,$GBGSV,3,2,10,04,22,095,,21,15,051,,24,37,155,,25,03,202,,0*7B
1780395261.162,$GBGSV,3,3,10,25,03,202,,26,37,093,,0*78
1780395261.162,$GNGLL,1339.01399,N,10029.57841,E,101421.00,A,D*7A
1780395262.125,$GNRMC,101422.00,A,1339.01400,N,10029.57841,E,0.018,,020626,0.53,W,D,V*5B
1780395262.126,$GNVTG,,T,,M,0.018,N,0.033,K,D*31
1780395262.129,$GNGGA,101422.00,1339.01400,N,10029.57841,E,2,12,0.53,6.9,M,-27.8,M,,0499*63
1780395262.129,$GNGSA,A,3,10,18,23,24,32,,,,,,,,1.05,0.53,0.90,1*04
1780395262.130,$GNGSA,A,3,66,75,65,88,76,81,87,,,,,,1.05,0.53,0.90,2*0F
1780395262.130,$GNGSA,A,3,05,12,04,06,09,10,11,28,36,,,,1.05,0.53,0.90,3*0B
1780395262.131,$GNGSA,A,3,06,07,08,09,10,13,14,34,,,,,1.05,0.53,0.90,4*0E
1780395262.131,$GPGSV,3,1,09,10,21,328,26,18,84,174,45,23,40,004,43,24,40,045,35,1*65
1780395262.132,$GPGSV,3,2,09,28,15,207,08,32,31,271,39,40,36,258,37,41,64,233,45,1*6C
1780395262.132,$GPGSV,3,3,09,42,70,217,45,1*59
1780395262.133,$GPGSV,2,1,05,10,21,328,32,18,84,174,47,23,40,004,40,24,40,045,26,6*69
1780395262.133,$GPGSV,2,2,05,32,31,271,40,6*55
1780395262.133,$GPGSV,2,1,08,05,05,103,,12,13,121,,13,18,120,,15,11,046,,0*61
1780395262.134,$GPGSV,2,2,08,15,11,046,,25,17,158,,27,05,293,,29,16,182,,0*69
1780395262.135,$GLGSV,2,1,06,65,23,011,40,66,29,315,34,76,26,135,18,81,23,325,34,1*70
1780395262.135,$GLGSV,2,2,06,87,25,169,20,88,67,265,47,1*79
1780395262.136,$GLGSV,2,1,05,66,29,315,39,75,21,075,26,76,26,135,31,81,23,325,43,3*76
1780395262.136,$GLGSV,2,2,05,88,67,265,45,3*4E
1780395262.136,$GLGSV,1,1,02,67,04,266,,77,06,178,,0*74
1780395262.137,$GAGSV,3,1,09,04,36,020,41,05,23,247,31,06,54,352,45,09,58,303,30,2*79
1780395262.137,$GAGSV,3,2,09,10,70,120,46,11,75,356,42,12,45,135,42,28,17,036,22,2*77
1780395262.138,$GAGSV,3,3,09,36,25,329,38,2*4E
1780395262.138,$GAGSV,3,1,09,04,36,020,39,05,23,247,37,06,54,352,41,09,58,303,26,7*76
1780395262.139,$GAGSV,3,2,09,10,70,120,44,11,75,356,40,12,45,135,41,28,17,036,24,7*77
1780395262.139,$GAGSV,3,3,09,36,25,329,36,7*45
1780395262.140,$GAGSV,1,1,03,16,08,189,,23,00,093,,31,11,138,,0*4B
1780395262.140,$GBGSV,2,1,08,06,40,035,41,07,67,117,45,08,23,178,28,09,38,001,42,1*74
1780395262.141,$GBGSV,2,2,08,10,62,142,45,13,28,304,35,14,30,031,36,34,43,190,46,1*7F
1780395262.142,$GBGSV,1,1,02,09,38,001,41,10,62,142,43,3*75
1780395262.142,$GBGSV,3,1,10,01,42,106,,02,63,244,,03,72,138,,04,22,095,,0*75
1780395262.143,$GBGSV,3,2,10,04,22,095,,21,15,051,,24,37,155,,25,03,202,,0*7B
1780395262.143,$GBGSV,3,3,10,25,03,202,,26,37,093,,0*78
1780395262.144,$GNGLL,1339.01400,N,10029.57841,E,101422.00,A,D*7E
1780395263.121,$GNRMC,101423.00,A,1339.01401,N,10029.57842,E,0.008,,020626,0.53,W,D,V*59
1780395263.123,$GNVTG,,T,,M,0.008,N,0.016,K,D*37
1780395263.125,$GNGGA,101423.00,1339.01401,N,10029.57842,E,2,12,0.53,6.9,M,-27.8,M,,0499*60
1780395263.126,$GNGSA,A,3,10,18,23,24,32,,,,,,,,1.05,0.53,0.90,1*04
1780395263.128,$GNGSA,A,3,66,75,65,88,76,81,87,,,,,,1.05,0.53,0.90,2*0F
1780395263.129,$GNGSA,A,3,05,12,04,06,09,10,11,28,36,,,,1.05,0.53,0.90,3*0B
1780395263.131,$GNGSA,A,3,06,07,08,09,10,13,14,34,,,,,1.05,0.53,0.90,4*0E
1780395263.133,$GPGSV,3,1,09,10,21,328,26,18,84,174,45,23,40,004,43,24,40,045,35,1*65
1780395263.135,$GPGSV,3,2,09,28,15,207,08,32,31,271,39,40,36,258,37,41,64,233,44,1*6D
1780395263.136,$GPGSV,3,3,09,42,70,217,45,1*59
1780395263.139,$GPGSV,2,1,05,10,21,328,32,18,84,174,47,23,40,004,40,24,40,045,27,6*68
1780395263.140,$GPGSV,2,2,05,32,31,271,40,6*55
1780395263.142,$GPGSV,2,1,08,05,05,103,,12,13,121,,13,18,120,,15,11,046,,0*61
1780395263.144,$GPGSV,2,2,08,15,11,046,,25,17,158,,27,05,293,,29,16,182,,0*69
1780395263.146,$GLGSV,2,1,06,65,23,011,40,66,29,315,34,76,26,135,17,81,23,325,35,1*7E
1780395263.147,$GLGSV,2,2,06,87,25,169,21,88,67,265,47,1*78
1780395263.149,$GLGSV,2,1,05,66,29,315,39,75,21,075,27,76,26,135,30,81,23,325,42,3*77
1780395263.150,$GLGSV,2,2,05,88,67,265,45,3*4E
1780395263.151,$GLGSV,1,1,02,67,04,266,,77,06,178,,0*74
1780395263.152,$GAGSV,3,1,09,04,36,020,41,05,23,247,31,06,54,352,45,09,58,303,30,2*79
1780395263.153,$GAGSV,3,2,09,10,70,120,46,11,75,356,42,12,45,135,43,28,17,036,22,2*76
1780395263.154,$GAGSV,3,3,09,36,25,329,38,2*4E
1780395263.155,$GAGSV,3,1,09,04,36,020,39,05,23,247,37,06,54,352,41,09,58,303,26,7*76
1780395263.156,$GAGSV,3,2,09,10,70,120,44,11,75,356,40,12,45,135,41,28,17,036,24,7*77
1780395263.157,$GAGSV,3,3,09,36,25,329,36,7*45
1780395263.157,$GAGSV,1,1,03,16,08,189,,23,00,093,,31,11,138,,0*4B
1780395263.158,$GBGSV,2,1,08,06,40,035,41,07,67,117,45,08,23,178,29,09,38,001,42,1*75
1780395263.159,$GBGSV,2,2,08,10,62,142,45,13,28,304,35,14,30,031,36,34,43,190,46,1*7F
1780395263.160,$GBGSV,1,1,02,09,38,001,41,10,62,142,43,3*75
1780395263.160,$GBGSV,3,1,10,01,42,106,,02,63,244,,03,72,138,,04,22,095,,0*75
1780395263.161,$GBGSV,3,2,10,04,22,095,,21,15,051,,24,37,155,,25,03,202,,0*7B
1780395263.162,$GBGSV,3,3,10,25,03,202,,26,37,093,,0*78
1780395263.162,$GNGLL,1339.01401,N,10029.57842,E,101423.00,A,D*7D
1780395264.127,$GNRMC,101424.00,A,1339.01402,N,10029.57842,E,0.008,,020626,0.53,W,D,V*5D
1780395264.129,$GNVTG,,T,,M,0.008,N,0.014,K,D*35
1780395264.131,$GNGGA,101424.00,1339.01402,N,10029.57842,E,2,12,0.53,7.0,M,-27.8,M,,0499*6C
1780395264.131,$GNGSA,A,3,10,18,23,24,32,,,,,,,,1.05,0.53,0.90,1*04
1780395264.132,$GNGSA,A,3,66,75,65,88,76,81,87,,,,,,1.05,0.53,0.90,2*0F
1780395264.132,$GNGSA,A,3,05,12,04,06,09,10,11,28,36,,,,1.05,0.53,0.90,3*0B
1780395264.133,$GNGSA,A,3,06,07,08,09,10,13,14,34,,,,,1.05,0.53,0.90,4*0E
1780395264.133,$GPGSV,3,1,09,10,21,328,27,18,84,174,46,23,40,004,43,24,40,045,34,1*66
1780395264.134,$GPGSV,3,2,09,28,15,207,08,32,31,271,40,40,36,258,37,41,64,233,44,1*63
1780395264.135,$GPGSV,3,3,09,42,70,217,45,1*59
1780395264.135,$GPGSV,2,1,05,10,21,328,31,18,84,174,47,23,40,004,40,24,40,045,27,6*6B
1780395264.136,$GPGSV,2,2,05,32,31,271,40,6*55
1780395264.136,$GPGSV,2,1,08,05,05,103,,12,13,121,,13,18,120,,15,11,046,,0*61
1780395264.137,$GPGSV,2,2,08,15,11,046,,25,17,158,,27,05,293,,29,16,182,,0*69
1780395264.138,$GLGSV,2,1,07,65,23,011,40,66,29,315,35,75,21,075,22,76,26,135,17,1*77
1780395264.138,$GLGSV,2,2,07,81,23,325,36,87,25,169,21,88,67,265,47,1*40
1780395264.139,$GLGSV,2,1,05,66,29,315,39,75,21,075,27,76,26,135,31,81,23,325,42,3*76
1780395264.139,$GLGSV,2,2,05,88,67,265,45,3*4E
1780395264.140,$GLGSV,1,1,02,67,04,266,,77,06,178,,0*74
1780395264.141,$GAGSV,3,1,09,04,36,020,42,05,23,247,32,06,54,352,45,09,58,303,30,2*79
1780395264.141,$GAGSV,3,2,09,10,70,120,46,11,75,356,42,12,45,135,43,28,17,036,23,2*77
1780395264.142,$GAGSV,3,3,09,36,25,329,38,2*4E
1780395264.143,$GAGSV,3,1,09,04,36,020,39,05,23,247,37,06,54,352,41,09,58,303,27,7*77
1780395264.144,$GAGSV,3,2,09,10,70,120,44,11,75,356,40,12,45,135,41,28,17,036,26,7*75
1780395264.144,$GAGSV,3,3,09,36,25,329,36,7*45
1780395264.145,$GAGSV,1,1,03,16,08,188,,23,00,093,,31,11,138,,0*4A
1780395264.146,$GBGSV,2,1,08,06,40,035,40,07,67,117,45,08,23,178,28,09,38,001,42,1*75
1780395264.146,$GBGSV,2,2,08,10,62,142,45,13,28,304,35,14,30,031,37,34,43,190,46,1*7E
1780395264.147,$GBGSV,1,1,02,09,38,001,41,10,62,142,43,3*75
1780395264.147,$GBGSV,3,1,10,01,42,106,,02,63,244,,03,72,138,,04,22,095,,0*75
1780395264.148,$GBGSV,3,2,10,04,22,095,,21,15,051,,24,37,155,,25,03,202,,0*7B
1780395264.148,$GBGSV,3,3,10,25,03,202,,26,37,093,,0*78
1780395264.149,$GNGLL,1339.01402,N,10029.57842,E,101424.00,A,D*79
1780395265.124,$GNRMC,101425.00,A,1339.01478,N,10029.57898,E,0.010,,020626,0.53,W,D,V*5F
1780395265.126,$GNVTG,,T,,M,0.010,N,0.019,K,D*31
1780395265.128,$GNGGA,101425.00,1339.01478,N,10029.57898,E,2,12,0.71,4.7,M,-27.8,M,,0499*63
1780395265.130,$GNGSA,A,3,10,18,23,24,32,,,,,,,,1.32,0.71,1.11,1*08
1780395265.131,$GNGSA,A,3,66,75,65,88,76,81,87,,,,,,1.32,0.71,1.11,2*03
1780395265.133,$GNGSA,A,3,05,12,04,06,09,10,11,28,36,,,,1.32,0.71,1.11,3*07
1780395265.134,$GNGSA,A,3,06,07,08,09,10,13,14,34,,,,,1.32,0.71,1.11,4*02
1780395265.136,$GPGSV,2,1,08,10,21,328,28,18,84,174,46,23,40,004,42,24,40,045,33,1*6F
1780395265.139,$GPGSV,2,2,08,32,31,271,40,40,36,258,37,41,64,233,44,42,70,217,45,1*64
1780395265.141,$GPGSV,2,1,05,10,21,328,31,18,84,174,47,23,40,004,39,24,40,045,26,6*64
1780395265.143,$GPGSV,2,2,05,32,31,271,40,6*55
1780395265.144,$GPGSV,3,1,09,05,05,103,,12,13,121,,13,18,120,,15,11,046,,0*61
1780395265.145,$GPGSV,3,2,09,15,11,046,,25,17,158,,27,05,293,,28,15,207,,0*65
1780395265.146,$GPGSV,3,3,09,28,15,207,,0*57
1780395265.147,$GLGSV,2,1,07,65,23,011,39,66,29,315,36,75,21,075,19,76,26,135,17,1*72
1780395265.148,$GLGSV,2,2,07,81,23,325,36,87,25,169,21,88,67,265,47,1*40
1780395265.149,$GLGSV,2,1,05,66,29,315,40,75,21,075,27,76,26,135,31,81,23,325,42,3*78
1780395265.150,$GLGSV,2,2,05,88,67,265,45,3*4E
1780395265.150,$GLGSV,1,1,02,67,04,266,,77,06,178,,0*74
1780395265.151,$GAGSV,3,1,09,04,36,020,42,05,23,247,32,06,54,352,45,09,58,303,30,2*79
1780395265.153,$GAGSV,3,2,09,10,70,120,47,11,75,356,42,12,45,135,43,28,17,036,24,2*71
1780395265.153,$GAGSV,3,3,09,36,25,329,38,2*4E
1780395265.154,$GAGSV,3,1,09,04,36,020,39,05,23,247,37,06,54,352,41,09,58,303,27,7*77
1780395265.155,$GAGSV,3,2,09,10,70,120,44,11,75,356,40,12,45,135,41,28,17,036,26,7*75
1780395265.155,$GAGSV,3,3,09,36,25,329,36,7*45
1780395265.156,$GAGSV,1,1,03,16,08,188,,23,00,093,,31,11,138,,0*4A
1780395265.157,$GBGSV,2,1,08,06,40,035,40,07,67,117,45,08,23,178,28,09,38,001,42,1*75
1780395265.158,$GBGSV,2,2,08,10,62,142,45,13,28,304,36,14,30,031,36,34,43,190,46,1*7C
1780395265.158,$GBGSV,1,1,02,09,38,001,41,10,62,142,43,3*75
1780395265.159,$GBGSV,3,1,10,01,42,106,,02,63,244,,03,72,138,,04,22,095,,0*75
1780395265.160,$GBGSV,3,2,10,04,22,095,,21,15,051,,24,37,155,,25,03,202,,0*7B
1780395265.160,$GBGSV,3,3,10,25,03,202,,26,37,093,,0*78
1780395265.161,$GNGLL,1339.01478,N,10029.57898,E,101425.00,A,D*72
1780395266.130,$GNRMC,101426.00,A,1339.01530,N,10029.57961,E,0.014,,020626,0.53,W,F,V*50
1780395266.132,$GNVTG,,T,,M,0.014,N,0.026,K,D*39
1780395266.134,$GNGGA,101426.00,1339.01530,N,10029.57961,E,5,12,0.71,3.4,M,-27.8,M,,0499*69
1780395266.134,$GNGSA,A,3,10,18,23,24,32,,,,,,,,1.32,0.71,1.11,1*08
1780395266.135,$GNGSA,A,3,66,75,65,88,76,81,87,,,,,,1.32,0.71,1.11,2*03
1780395266.136,$GNGSA,A,3,05,12,04,06,09,10,11,28,36,,,,1.32,0.71,1.11,3*07
1780395266.136,$GNGSA,A,3,06,07,08,09,10,13,14,34,,,,,1.32,0.71,1.11,4*02
1780395266.137,$GPGSV,2,1,08,10,21,328,28,18,84,174,46,23,40,004,42,24,40,045,31,1*6D
1780395266.138,$GPGSV,2,2,08,32,31,271,40,40,36,258,37,41,64,233,44,42,70,217,45,1*64
1780395266.139,$GPGSV,2,1,05,10,21,328,31,18,84,174,47,23,40,004,39,24,40,045,26,6*64
1780395266.139,$GPGSV,2,2,05,32,31,271,40,6*55
1780395266.140,$GPGSV,3,1,09,05,05,103,,12,13,121,,13,18,120,,15,11,046,,0*61
1780395266.141,$GPGSV,3,2,09,15,11,046,,25,17,158,,27,05,293,,28,15,207,,0*65
1780395266.142,$GPGSV,3,3,09,28,15,207,,0*57
1780395266.142,$GLGSV,2,1,07,65,23,011,39,66,29,315,36,75,21,075,18,76,26,135,18,1*7C
1780395266.143,$GLGSV,2,2,07,81,23,325,37,87,25,169,21,88,67,265,47,1*41
1780395266.144,$GLGSV,2,1,05,66,29,315,40,75,21,075,27,76,26,135,31,81,23,325,41,3*7B
1780395266.145,$GLGSV,2,2,05,88,67,265,45,3*4E
1780395266.145,$GLGSV,1,1,02,67,04,266,,77,06,178,,0*74
1780395266.146,$GAGSV,3,1,09,04,36,020,42,05,23,247,32,06,54,352,45,09,58,303,30,2*79
1780395266.147,$GAGSV,3,2,09,10,70,120,47,11,75,356,42,12,45,135,43,28,17,036,25,2*70
1780395266.148,$GAGSV,3,3,09,36,25,329,38,2*4E
1780395266.149,$GAGSV,3,1,09,04,36,020,40,05,23,247,37,06,54,352,41,09,58,303,27,7*79
1780395266.150,$GAGSV,3,2,09,10,70,120,44,11,75,356,40,12,45,135,41,28,17,036,26,7*75
1780395266.151,$GAGSV,3,3,09,36,25,329,36,7*45
1780395266.151,$GAGSV,1,1,03,16,08,188,,23,00,093,,31,11,138,,0*4A
1780395266.152,$GBGSV,2,1,08,06,40,035,40,07,67,117,45,08,23,178,29,09,38,001,42,1*74
1780395266.153,$GBGSV,2,2,08,10,62,142,45,13,28,304,36,14,30,031,36,34,43,190,46,1*7C
1780395266.153,$GBGSV,1,1,02,09,38,001,41,10,62,142,43,3*75
1780395266.154,$GBGSV,3,1,10,01,42,106,,02,63,244,,03,72,138,,04,22,095,,0*75
1780395266.155,$GBGSV,3,2,10,04,22,095,,21,15,051,,24,37,155,,25,03,202,,0*7B
1780395266.155,$GBGSV,3,3,10,25,03,202,,26,37,093,,0*78
1780395266.156,$GNGLL,1339.01530,N,10029.57961,E,101426.00,A,D*7B
1780395267.133,$GNRMC,101427.00,A,1339.01532,N,10029.57974,E,0.007,,020626,0.53,W,F,V*55
1780395267.135,$GNVTG,,T,,M,0.007,N,0.014,K,D*3A
1780395267.136,$GNGGA,101427.00,1339.01532,N,10029.57974,E,5,12,0.71,2.9,M,-27.8,M,,0499*62
1780395267.136,$GNGSA,A,3,10,18,23,24,32,,,,,,,,1.32,0.71,1.11,1*08
1780395267.137,$GNGSA,A,3,66,75,65,88,76,81,87,,,,,,1.32,0.71,1.11,2*03
1780395267.138,$GNGSA,A,3,05,12,04,06,09,10,11,28,36,,,,1.32,0.71,1.11,3*07
1780395267.138,$GNGSA,A,3,06,07,08,09,10,13,14,34,,,,,1.32,0.71,1.11,4*02
1780395267.139,$GPGSV,2,1,08,10,21,328,28,18,84,174,46,23,40,004,43,24,40,045,31,1*6C
1780395267.140,$GPGSV,2,2,08,32,31,271,40,40,36,258,37,41,64,233,44,42,70,217,45,1*64
1780395267.141,$GPGSV,2,1,05,10,21,328,30,18,84,174,47,23,40,004,40,24,40,045,25,6*68
1780395267.142,$GPGSV,2,2,05,32,31,271,40,6*55
1780395267.143,$GPGSV,3,1,09,05,05,103,,12,13,121,,13,18,120,,15,11,046,,0*61
1780395267.143,$GPGSV,3,2,09,15,11,046,,25,17,158,,27,05,293,,28,15,207,,0*65
1780395267.144,$GPGSV,3,3,09,28,15,207,,0*57
1780395267.145,$GLGSV,2,1,07,65,23,011,39,66,29,315,35,75,21,075,19,76,26,135,20,1*75
1780395267.145,$GLGSV,2,2,07,81,23,325,38,87,25,169,20,88,67,265,47,1*4F
1780395267.146,$GLGSV,2,1,05,66,29,315,40,75,21,075,27,76,26,135,30,81,23,325,41,3*7A
1780395267.147,$GLGSV,2,2,05,88,67,265,45,3*4E
1780395267.147,$GLGSV,1,1,02,67,04,266,,77,06,178,,0*74
1780395267.148,$GAGSV,3,1,09,04,36,020,42,05,23,247,32,06,54,352,45,09,58,303,31,2*78
1780395267.149,$GAGSV,3,2,09,10,70,120,47,11,75,356,42,12,45,135,43,28,17,036,24,2*71
1780395267.150,$GAGSV,3,3,09,36,25,329,38,2*4E
1780395267.151,$GAGSV,3,1,09,04,36,020,39,05,23,247,37,06,54,352,41,09,58,303,27,7*77
1780395267.151,$GAGSV,3,2,09,10,70,120,44,11,75,356,40,12,45,135,41,28,17,036,25,7*76
1780395267.152,$GAGSV,3,3,09,36,25,329,36,7*45
1780395267.153,$GAGSV,1,1,03,16,08,188,,23,00,092,,31,11,138,,0*4B
1780395267.154,$GBGSV,2,1,08,06,40,035,41,07,67,117,45,08,23,178,29,09,38,001,42,1*75
1780395267.154,$GBGSV,2,2,08,10,62,142,45,13,28,304,36,14,30,031,37,34,43,190,46,1*7D
1780395267.155,$GBGSV,1,1,02,09,38,001,41,10,62,142,43,3*75
1780395267.156,$GBGSV,3,1,10,01,42,106,,02,63,244,,03,72,138,,04,22,095,,0*75
1780395267.157,$GBGSV,3,2,10,04,22,095,,21,15,051,,24,37,155,,25,03,202,,0*7B
1780395267.157,$GBGSV,3,3,10,25,03,202,,26,37,093,,0*78
1780395267.158,$GNGLL,1339.01532,N,10029.57974,E,101427.00,A,D*7C
1780395268.132,$GNRMC,101428.00,A,1339.01531,N,10029.57978,E,0.011,,020626,0.53,W,F,V*52
1780395268.134,$GNVTG,,T,,M,0.011,N,0.020,K,D*3A
1780395268.136,$GNGGA,101428.00,1339.01531,N,10029.57978,E,5,12,0.71,2.7,M,-27.8,M,,0499*6C
1780395268.136,$GNGSA,A,3,10,18,23,24,32,,,,,,,,1.32,0.71,1.11,1*08
1780395268.137,$GNGSA,A,3,66,75,65,88,76,81,,,,,,,1.32,0.71,1.11,2*0C
1780395268.137,$GNGSA,A,3,05,12,04,06,09,10,11,28,36,,,,1.32,0.71,1.11,3*07
1780395268.138,$GNGSA,A,3,06,07,08,09,10,13,14,34,,,,,1.32,0.71,1.11,4*02
1780395268.139,$GPGSV,2,1,08,10,21,328,29,18,84,174,46,23,40,004,43,24,40,045,30,1*6C
1780395268.140,$GPGSV,2,2,08,32,31,271,40,40,36,258,38,41,64,233,44,42,70,217,45,1*6B
1780395268.141,$GPGSV,2,1,05,10,21,328,30,18,84,174,47,23,40,004,40,24,40,045,25,6*68
1780395268.141,$GPGSV,2,2,05,32,31,271,40,6*55
1780395268.142,$GPGSV,3,1,09,05,05,103,,12,13,121,,13,18,120,,15,11,046,,0*61
1780395268.143,$GPGSV,3,2,09,15,11,046,,25,17,158,,27,05,293,,28,15,207,,0*65
1780395268.143,$GPGSV,3,3,09,28,15,207,,0*57
1780395268.144,$GLGSV,2,1,07,65,23,011,40,66,29,315,34,75,21,075,20,76,26,135,20,1*70
1780395268.145,$GLGSV,2,2,07,81,23,325,38,87,25,169,19,88,67,265,47,1*45
1780395268.146,$GLGSV,2,1,05,66,29,315,41,75,21,075,27,76,26,135,30,81,23,325,41,3*7B
1780395268.146,$GLGSV,2,2,05,88,67,265,45,3*4E
1780395268.146,$GLGSV,1,1,02,67,04,266,,77,06,178,,0*74
1780395268.147,$GAGSV,3,1,09,04,36,020,42,05,23,247,32,06,54,352,45,09,58,303,31,2*78
1780395268.148,$GAGSV,3,2,09,10,70,120,47,11,75,356,42,12,45,135,43,28,17,036,23,2*76
1780395268.148,$GAGSV,3,3,09,36,25,329,38,2*4E
1780395268.149,$GAGSV,3,1,09,04,36,020,39,05,23,247,37,06,54,352,41,09,58,303,26,7*76
1780395268.150,$GAGSV,3,2,09,10,70,120,44,11,75,356,40,12,45,135,41,28,17,036,26,7*75
1780395268.150,$GAGSV,3,3,09,36,25,329,36,7*45
1780395268.151,$GAGSV,1,1,03,16,08,188,,23,00,092,,31,11,138,,0*4B
1780395268.151,$GBGSV,2,1,08,06,40,035,41,07,67,117,45,08,23,178,29,09,38,001,42,1*75
1780395268.152,$GBGSV,2,2,08,10,62,142,45,13,28,304,36,14,30,031,37,34,43,190,46,1*7D
1780395268.152,$GBGSV,1,1,02,09,38,001,41,10,62,142,43,3*75
1780395268.153,$GBGSV,3,1,10,01,42,106,,02,63,244,,03,72,138,,04,22,095,,0*75
1780395268.154,$GBGSV,3,2,10,04,22,095,,21,15,051,,24,37,155,,25,03,202,,0*7B
1780395268.154,$GBGSV,3,3,10,25,03,202,,26,37,093,,0*78
1780395268.154,$GNGLL,1339.01531,N,10029.57978,E,101428.00,A,D*7C
1780395269.131,$GNRMC,101429.00,A,1339.01530,N,10029.57979,E,0.003,,020626,0.53,W,F,V*50
1780395269.132,$GNVTG,,T,,M,0.003,N,0.005,K,D*3E
1780395269.134,$GNGGA,101429.00,1339.01530,N,10029.57979,E,5,12,0.71,2.5,M,-27.8,M,,0499*6F
1780395269.135,$GNGSA,A,3,10,18,23,24,32,,,,,,,,1.32,0.71,1.11,1*08
1780395269.135,$GNGSA,A,3,66,75,65,88,76,81,87,,,,,,1.32,0.71,1.11,2*03
1780395269.136,$GNGSA,A,3,05,12,04,06,09,10,11,28,36,,,,1.32,0.71,1.11,3*07
1780395269.136,$GNGSA,A,3,06,07,08,09,10,13,14,34,,,,,1.32,0.71,1.11,4*02
1780395269.137,$GPGSV,2,1,08,10,21,328,30,18,84,174,46,23,40,004,43,24,40,045,29,1*6C
1780395269.137,$GPGSV,2,2,08,32,31,271,40,40,36,258,38,41,64,233,44,42,70,217,45,1*6B
1780395269.138,$GPGSV,2,1,05,10,21,328,29,18,84,174,47,23,40,004,40,24,40,045,25,6*60
1780395269.139,$GPGSV,2,2,05,32,31,271,40,6*55
1780395269.139,$GPGSV,3,1,09,05,05,103,,12,13,121,,13,18,120,,15,11,046,,0*61
1780395269.140,$GPGSV,3,2,09,15,11,046,,25,17,158,,27,05,293,,28,15,207,,0*65
1780395269.140,$GPGSV,3,3,09,28,15,207,,0*57
1780395269.141,$GLGSV,2,1,07,65,23,011,40,66,29,315,33,75,21,075,21,76,26,135,20,1*76
1780395269.141,$GLGSV,2,2,07,81,23,325,38,87,25,169,20,88,67,265,47,1*4F
1780395269.142,$GLGSV,2,1,05,66,29,315,41,75,21,075,28,76,26,135,29,81,23,325,40,3*7D
1780395269.142,$GLGSV,2,2,05,88,67,265,45,3*4E
1780395269.143,$GLGSV,1,1,02,67,04,266,,77,06,178,,0*74
1780395269.144,$GAGSV,3,1,09,04,36,020,42,05,23,247,32,06,54,352,45,09,58,303,30,2*79
1780395269.144,$GAGSV,3,2,09,10,70,120,47,11,75,356,42,12,45,135,43,28,17,036,23,2*76
1780395269.145,$GAGSV,3,3,09,36,25,329,38,2*4E
1780395269.145,$GAGSV,3,1,09,04,36,020,40,05,23,247,37,06,54,352,41,09,58,303,26,7*78
1780395269.146,$GAGSV,3,2,09,10,70,120,44,11,75,356,40,12,45,135,41,28,17,036,26,7*75
1780395269.147,$GAGSV,3,3,09,36,25,329,37,7*44
1780395269.147,$GAGSV,1,1,03,16,08,188,,23,00,092,,31,11,138,,0*4B
1780395269.148,$GBGSV,2,1,08,06,40,035,41,07,67,117,45,08,23,178,29,09,38,001,42,1*75
1780395269.148,$GBGSV,2,2,08,10,62,142,45,13,28,304,36,14,30,031,37,34,43,190,46,1*7D
1780395269.149,$GBGSV,1,1,02,09,38,001,41,10,62,142,43,3*75
1780395269.149,$GBGSV,3,1,10,01,42,106,,02,63,244,,03,72,138,,04,22,095,,0*75
1780395269.150,$GBGSV,3,2,10,04,22,095,,21,15,051,,24,37,155,,25,03,202,,0*7B
1780395269.150,$GBGSV,3,3,10,25,03,202,,26,37,093,,0*78
1780395269.151,$GNGLL,1339.01530,N,10029.57979,E,101429.00,A,D*7D
1780395270.139,$GNRMC,101430.00,A,1339.01529,N,10029.57979,E,0.003,,020626,0.53,W,F,V*50
1780395270.141,$GNVTG,,T,,M,0.003,N,0.005,K,D*3E
1780395270.143,$GNGGA,101430.00,1339.01529,N,10029.57979,E,5,12,0.71,2.5,M,-27.8,M,,0499*6F
1780395270.144,$GNGSA,A,3,10,18,23,24,32,,,,,,,,1.32,0.71,1.11,1*08
1780395270.144,$GNGSA,A,3,66,75,65,88,76,81,,,,,,,1.32,0.71,1.11,2*0C
1780395270.145,$GNGSA,A,3,05,12,04,06,09,10,11,28,36,,,,1.32,0.71,1.11,3*07
1780395270.145,$GNGSA,A,3,06,07,08,09,10,13,14,34,,,,,1.32,0.71,1.11,4*02
1780395270.146,$GPGSV,2,1,08,10,21,328,29,18,84,174,46,23,40,004,43,24,40,045,28,1*65
1780395270.146,$GPGSV,2,2,08,32,31,271,40,40,36,258,38,41,64,233,44,42,70,217,45,1*6B
1780395270.147,$GPGSV,2,1,05,10,21,328,29,18,84,174,47,23,40,004,40,24,40,045,25,6*60
1780395270.148,$GPGSV,2,2,05,32,31,271,40,6*55
1780395270.148,$GPGSV,3,1,09,05,05,103,,12,13,121,,13,18,120,,15,11,046,,0*61
1780395270.149,$GPGSV,3,2,09,15,11,046,,25,17,158,,27,05,293,,28,15,207,,0*65
1780395270.149,$GPGSV,3,3,09,28,15,207,,0*57
1780395270.150,$GLGSV,2,1,07,65,23,011,40,66,29,315,32,75,21,075,22,76,26,135,20,1*74
1780395270.150,$GLGSV,2,2,07,81,23,325,39,87,25,169,19,88,67,265,47,1*44
1780395270.151,$GLGSV,2,1,05,66,29,315,41,75,21,075,28,76,26,135,29,81,23,325,40,3*7D
1780395270.151,$GLGSV,2,2,05,88,67,265,45,3*4E
1780395270.152,$GLGSV,1,1,02,67,04,266,,77,06,178,,0*74
1780395270.153,$GAGSV,3,1,09,04,36,020,42,05,23,247,32,06,54,352,45,09,58,303,30,2*79
1780395270.153,$GAGSV,3,2,09,10,70,120,47,11,75,356,42,12,45,135,43,28,17,036,23,2*76
1780395270.154,$GAGSV,3,3,09,36,25,329,38,2*4E
1780395270.154,$GAGSV,3,1,09,04,36,020,40,05,23,247,37,06,54,352,41,09,58,303,26,7*78
1780395270.155,$GAGSV,3,2,09,10,70,120,45,11,75,356,40,12,45,135,41,28,17,036,25,7*77
1780395270.155,$GAGSV,3,3,09,36,25,329,37,7*44
1780395270.156,$GAGSV,1,1,03,16,08,188,,23,00,092,,31,11,138,,0*4B
1780395270.157,$GBGSV,2,1,08,06,40,035,40,07,67,117,45,08,23,178,29,09,38,001,42,1*74
1780395270.157,$GBGSV,2,2,08,10,62,142,45,13,28,304,36,14,30,031,37,34,43,190,46,1*7D
1780395270.158,$GBGSV,1,1,02,09,38,001,41,10,62,142,43,3*75
1780395270.158,$GBGSV,3,1,10,01,42,106,,02,63,244,,03,72,138,,04,22,095,,0*75
1780395270.159,$GBGSV,3,2,10,04,22,095,,21,15,051,,24,37,155,,25,03,202,,0*7B
1780395270.159,$GBGSV,3,3,10,25,03,202,,26,37,093,,0*78
1780395270.160,$GNGLL,1339.01529,N,10029.57979,E,101430.00,A,D*7D
1780395271.130,$GNRMC,101431.00,A,1339.01477,N,10029.57894,E,0.009,,020626,0.53,W,R,V*47
1780395271.131,$GNVTG,,T,,M,0.009,N,0.017,K,D*37
1780395271.134,$GNGGA,101431.00,1339.01477,N,10029.57894,E,4,12,0.71,-1.1,M,-27.8,M,,0499*4D
1780395271.136,$GNGSA,A,3,10,18,23,24,32,,,,,,,,1.32,0.71,1.11,1*08
1780395271.137,$GNGSA,A,3,66,75,65,88,76,81,,,,,,,1.32,0.71,1.11,2*0C
1780395271.139,$GNGSA,A,3,05,12,04,06,09,10,11,28,36,,,,1.32,0.71,1.11,3*07
1780395271.140,$GNGSA,A,3,06,07,08,09,10,13,14,34,,,,,1.32,0.71,1.11,4*02
1780395271.142,$GPGSV,2,1,08,10,21,328,28,18,84,174,46,23,40,004,43,24,40,045,27,1*6B
1780395271.144,$GPGSV,2,2,08,32,31,271,40,40,36,258,38,41,64,233,44,42,70,217,45,1*6B
1780395271.147,$GPGSV,2,1,05,10,21,328,28,18,84,174,47,23,40,004,40,24,40,045,25,6*61
1780395271.148,$GPGSV,2,2,05,32,31,271,40,6*55
1780395271.150,$GPGSV,3,1,09,05,05,103,,12,13,121,,13,18,120,,15,11,046,,0*61
1780395271.152,$GPGSV,3,2,09,15,11,046,,25,17,158,,27,05,293,,28,15,207,,0*65
1780395271.153,$GPGSV,3,3,09,28,15,207,,0*57
1780395271.155,$GLGSV,2,1,07,65,23,011,40,66,29,315,32,75,21,075,25,76,26,135,19,1*79
1780395271.157,$GLGSV,2,2,07,81,23,325,39,87,25,169,19,88,67,265,48,1*4B
1780395271.158,$GLGSV,2,1,05,66,29,315,42,75,21,075,27,76,26,135,27,81,23,325,40,3*7F
1780395271.159,$GLGSV,2,2,05,88,67,265,45,3*4E
1780395271.160,$GLGSV,1,1,02,67,04,266,,77,06,178,,0*74
1780395271.161,$GAGSV,3,1,09,04,36,020,42,05,23,247,32,06,54,352,45,09,58,303,30,2*79
1780395271.162,$GAGSV,3,2,09,10,70,120,47,11,75,356,42,12,45,135,43,28,16,036,24,2*70
1780395271.162,$GAGSV,3,3,09,36,25,329,38,2*4E
1780395271.163,$GAGSV,3,1,09,04,36,020,40,05,23,247,37,06,54,352,41,09,58,303,25,7*7B
1780395271.163,$GAGSV,3,2,09,10,70,120,45,11,75,356,40,12,45,135,41,28,16,036,25,7*76
1780395271.164,$GAGSV,3,3,09,36,25,329,37,7*44
1780395271.164,$GAGSV,1,1,03,16,08,188,,23,00,092,,31,11,138,,0*4B
1780395271.165,$GBGSV,2,1,08,06,40,035,40,07,67,117,45,08,23,178,29,09,38,001,42,1*74
1780395271.165,$GBGSV,2,2,08,10,62,142,45,13,28,304,36,14,30,031,37,34,43,190,46,1*7D
1780395271.166,$GBGSV,1,1,02,09,38,001,41,10,62,142,43,3*75
1780395271.166,$GBGSV,3,1,10,01,42,106,,02,63,244,,03,72,138,,04,22,095,,0*75
1780395271.167,$GBGSV,3,2,10,04,22,095,,21,15,051,,24,37,155,,25,03,202,,0*7B
1780395271.167,$GBGSV,3,3,10,25,03,202,,26,37,093,,0*78
1780395271.168,$GNGLL,1339.01477,N,10029.57894,E,101431.00,A,D*74
1780395272.124,$GNRMC,101432.00,A,1339.01477,N,10029.57894,E,0.035,,020626,0.53,W,R,V*4B
1780395272.126,$GNVTG,,T,,M,0.035,N,0.065,K,D*3D
1780395272.128,$GNGGA,101432.00,1339.01477,N,10029.57894,E,4,12,0.71,-1.1,M,-27.8,M,,0499*4E
1780395272.129,$GNGSA,A,3,10,18,23,24,32,,,,,,,,1.32,0.71,1.11,1*08
1780395272.131,$GNGSA,A,3,66,75,65,88,76,81,87,,,,,,1.32,0.71,1.11,2*03
1780395272.132,$GNGSA,A,3,05,12,04,06,09,10,11,28,36,,,,1.32,0.71,1.11,3*07
1780395272.134,$GNGSA,A,3,06,07,08,09,10,13,14,34,,,,,1.32,0.71,1.11,4*02
1780395272.136,$GPGSV,2,1,08,10,21,328,28,18,84,174,46,23,40,004,43,24,40,045,27,1*6B
1780395272.138,$GPGSV,2,2,08,32,31,271,40,40,36,258,38,41,64,233,44,42,70,217,45,1*6B
1780395272.140,$GPGSV,2,1,05,10,21,328,27,18,84,174,47,23,40,004,40,24,40,045,24,6*6F
1780395272.141,$GPGSV,2,2,05,32,31,271,40,6*55
1780395272.143,$GPGSV,3,1,09,05,05,103,,12,13,121,,13,18,120,,15,11,046,,0*61
1780395272.145,$GPGSV,3,2,09,15,11,046,,25,17,158,,27,05,293,,28,15,207,,0*65
1780395272.146,$GPGSV,3,3,09,28,15,207,,0*57
1780395272.149,$GLGSV,2,1,07,65,23,011,40,66,29,315,32,75,21,075,25,76,26,135,17,1*77
1780395272.150,$GLGSV,2,2,07,81,23,325,39,87,25,169,20,88,67,265,48,1*41
1780395272.152,$GLGSV,2,1,05,66,29,315,42,75,21,075,27,76,26,135,26,81,23,325,40,3*7E
1780395272.153,$GLGSV,2,2,05,88,67,265,45,3*4E
1780395272.154,$GLGSV,1,1,02,67,04,266,,77,06,178,,0*74
1780395272.155,$GAGSV,3,1,09,04,36,020,42,05,23,247,32,06,54,352,45,09,58,303,31,2*78
1780395272.157,$GAGSV,3,2,09,10,70,120,47,11,75,356,42,12,45,135,43,28,16,036,25,2*71
1780395272.157,$GAGSV,3,3,09,36,25,329,38,2*4E
1780395272.158,$GAGSV,3,1,09,04,36,020,39,05,23,247,37,06,54,352,41,09,58,303,24,7*74
1780395272.160,$GAGSV,3,2,09,10,70,120,45,11,75,356,40,12,45,135,41,28,16,036,25,7*76
1780395272.160,$GAGSV,3,3,09,36,25,329,37,7*44
1780395272.161,$GAGSV,1,1,03,16,08,188,,23,00,092,,31,11,138,,0*4B
1780395272.162,$GBGSV,2,1,08,06,40,035,41,07,67,117,45,08,23,178,29,09,38,001,42,1*75
1780395272.163,$GBGSV,2,2,08,10,62,142,45,13,28,304,36,14,30,031,37,34,43,190,46,1*7D
1780395272.164,$GBGSV,1,1,02,09,38,001,41,10,62,142,43,3*75
1780395272.164,$GBGSV,3,1,10,01,42,106,,02,63,244,,03,72,138,,04,22,095,,0*75
1780395272.165,$GBGSV,3,2,10,04,22,095,,21,15,051,,24,37,155,,25,03,202,,0*7B
1780395272.166,$GBGSV,3,3,10,25,03,202,,26,37,093,,0*78
1780395272.166,$GNGLL,1339.01477,N,10029.57894,E,101432.00,A,D*77
1780395273.129,$GNRMC,101433.00,A,1339.01477,N,10029.57894,E,0.009,,020626,0.53,W,R,V*45
1780395273.131,$GNVTG,,T,,M,0.009,N,0.017,K,D*37
1780395273.133,$GNGGA,101433.00,1339.01477,N,10029.57894,E,4,12,0.78,-1.1,M,-27.8,M,,0499*46
1780395273.133,$GNGSA,A,3,10,18,23,24,32,,,,,,,,1.48,0.78,1.25,1*0B
1780395273.134,$GNGSA,A,3,66,75,65,88,76,81,87,,,,,,1.48,0.78,1.25,2*00
1780395273.134,$GNGSA,A,3,05,12,04,06,09,10,11,28,36,,,,1.48,0.78,1.25,3*04
1780395273.135,$GNGSA,A,3,06,07,08,09,10,13,14,34,,,,,1.48,0.78,1.25,4*01
1780395273.135,$GPGSV,2,1,08,10,21,328,29,18,84,174,46,23,40,004,43,24,40,045,27,1*6A
1780395273.136,$GPGSV,2,2,08,32,31,271,41,40,36,258,38,41,64,233,44,42,70,217,45,1*6A
1780395273.137,$GPGSV,2,1,05,10,21,328,27,18,84,174,47,23,40,004,40,24,40,045,24,6*6F
1780395273.137,$GPGSV,2,2,05,32,31,271,40,6*55
1780395273.138,$GPGSV,3,1,09,05,05,103,,12,13,121,,13,18,120,,15,11,046,,0*61
1780395273.138,$GPGSV,3,2,09,15,11,046,,25,17,158,,27,05,293,,28,15,207,,0*65
1780395273.139,$GPGSV,3,3,09,28,15,207,,0*57
1780395273.139,$GLGSV,2,1,07,65,23,011,40,66,29,315,31,75,21,075,25,76,26,135,17,1*74
1780395273.140,$GLGSV,2,2,07,81,23,325,40,87,25,169,20,88,67,265,48,1*4F
1780395273.141,$GLGSV,2,1,05,66,29,315,42,75,21,075,26,76,26,135,25,81,23,325,40,3*7C
1780395273.141,$GLGSV,2,2,05,88,67,265,45,3*4E
1780395273.141,$GLGSV,1,1,02,67,04,266,,77,06,178,,0*74
1780395273.142,$GAGSV,3,1,09,04,36,020,42,05,23,247,32,06,54,352,45,09,58,303,30,2*79
1780395273.143,$GAGSV,3,2,09,10,70,120,47,11,75,356,42,12,45,135,43,28,16,036,25,2*71
1780395273.143,$GAGSV,3,3,09,36,25,329,38,2*4E
1780395273.144,$GAGSV,3,1,09,04,36,020,40,05,23,247,37,06,54,352,41,09,58,303,24,7*7A
1780395273.145,$GAGSV,3,2,09,10,70,120,45,11,75,356,40,12,45,135,41,28,16,036,24,7*77
1780395273.145,$GAGSV,3,3,09,36,25,329,37,7*44
1780395273.145,$GAGSV,1,1,03,16,08,188,,23,00,092,,31,11,138,,0*4B
1780395273.146,$GBGSV,2,1,08,06,40,035,41,07,67,117,45,08,23,178,29,09,38,001,42,1*75
1780395273.147,$GBGSV,2,2,08,10,62,142,45,13,28,304,36,14,30,031,37,34,43,190,46,1*7D
1780395273.147,$GBGSV,1,1,02,09,38,001,41,10,62,142,43,3*75
1780395273.148,$GBGSV,3,1,10,01,42,106,,02,63,244,,03,72,138,,04,22,095,,0*75
1780395273.148,$GBGSV,3,2,10,04,22,095,,21,15,051,,24,37,155,,25,03,202,,0*7B
1780395273.149,$GBGSV,3,3,10,25,03,202,,26,37,093,,0*78
1780395273.149,$GNGLL,1339.01477,N,10029.57894,E,101433.00,A,D*76
1780395274.129,$GNRMC,101434.00,A,1339.01477,N,10029.57894,E,0.012,,020626,0.53,W,R,V*48
1780395274.131,$GNVTG,,T,,M,0.012,N,0.022,K,D*3B
1780395274.133,$GNGGA,101434.00,1339.01477,N,10029.57894,E,4,12,0.78,-1.1,M,-27.8,M,,0499*41
1780395274.134,$GNGSA,A,3,10,18,23,24,32,,,,,,,,1.48,0.78,1.25,1*0B
1780395274.134,$GNGSA,A,3,66,75,65,88,76,81,87,,,,,,1.48,0.78,1.25,2*00
1780395274.135,$GNGSA,A,3,05,12,04,06,09,10,11,28,36,,,,1.48,0.78,1.25,3*04
1780395274.135,$GNGSA,A,3,06,07,08,09,10,13,14,34,,,,,1.48,0.78,1.25,4*01
1780395274.136,$GPGSV,2,1,08,10,21,328,30,18,84,174,45,23,40,004,42,24,40,045,26,1*61
1780395274.136,$GPGSV,2,2,08,32,31,271,40,40,36,258,37,41,64,233,43,42,70,217,44,1*62
1780395274.137,$GPGSV,2,1,05,10,21,328,27,18,84,174,46,23,40,004,39,24,40,045,24,6*60
1780395274.138,$GPGSV,2,2,05,32,31,271,40,6*55
1780395274.138,$GPGSV,3,1,09,05,05,103,,12,13,121,,13,18,120,,15,11,046,,0*61
1780395274.139,$GPGSV,3,2,09,15,11,046,,25,17,158,,27,05,293,,28,15,207,,0*65
1780395274.139,$GPGSV,3,3,09,28,15,207,,0*57
1780395274.140,$GLGSV,2,1,07,65,23,011,40,66,29,315,30,75,21,075,25,76,26,135,15,1*77
1780395274.141,$GLGSV,2,2,07,81,23,325,40,87,25,169,20,88,67,265,47,1*40
1780395274.141,$GLGSV,2,1,05,66,29,315,40,75,21,075,26,76,26,135,24,81,23,325,39,3*71
1780395274.142,$GLGSV,2,2,05,88,67,265,44,3*4F
1780395274.142,$GLGSV,1,1,02,67,04,266,,77,06,178,,0*74
1780395274.143,$GAGSV,3,1,09,04,36,020,42,05,23,247,32,06,54,352,45,09,58,303,30,2*79
1780395274.144,$GAGSV,3,2,09,10,70,120,46,11,75,356,42,12,45,135,42,28,16,036,24,2*70
1780395274.144,$GAGSV,3,3,09,36,25,329,38,2*4E
1780395274.145,$GAGSV,3,1,09,04,36,020,39,05,23,247,36,06,54,352,41,09,58,303,24,7*75
1780395274.145,$GAGSV,3,2,09,10,70,120,44,11,75,356,40,12,45,135,41,28,16,036,24,7*76
1780395274.146,$GAGSV,3,3,09,36,25,329,36,7*45
1780395274.146,$GAGSV,1,1,03,16,08,188,,23,00,092,,31,11,137,,0*44
1780395274.147,$GBGSV,2,1,08,06,40,035,39,07,67,117,43,08,23,178,28,09,38,001,40,1*7F
1780395274.148,$GBGSV,2,2,08,10,62,142,43,13,28,304,34,14,30,031,36,34,43,190,44,1*7A
1780395274.148,$GBGSV,1,1,02,09,38,001,41,10,62,142,43,3*75
1780395274.149,$GBGSV,3,1,10,01,42,106,,02,63,244,,03,72,138,,04,22,095,,0*75
1780395274.149,$GBGSV,3,2,10,04,22,095,,21,15,051,,24,37,155,,25,03,202,,0*7B
1780395274.150,$GBGSV,3,3,10,25,03,202,,26,37,093,,0*78
1780395274.150,$GNGLL,1339.01477,N,10029.57894,E,101434.00,A,D*71
1780395275.128,$GNRMC,101435.00,A,1339.01477,N,10029.57894,E,0.021,,020626,0.53,W,R,V*49
1780395275.130,$GNVTG,,T,,M,0.021,N,0.039,K,D*31
1780395275.132,$GNGGA,101435.00,1339.01477,N,10029.57894,E,4,12,0.78,-1.1,M,-27.8,M,,0499*40
1780395275.134,$GNGSA,A,3,10,18,23,24,32,,,,,,,,1.48,0.78,1.25,1*0B
1780395275.135,$GNGSA,A,3,66,75,65,88,76,81,87,,,,,,1.48,0.78,1.25,2*00
1780395275.137,$GNGSA,A,3,05,12,04,06,09,10,11,28,36,,,,1.48,0.78,1.25,3*04
1780395275.139,$GNGSA,A,3,06,07,08,09,10,13,14,34,,,,,1.48,0.78,1.25,4*01
1780395275.141,$GPGSV,2,1,08,10,21,328,29,18,84,174,42,23,40,004,39,24,40,045,25,1*61
1780395275.143,$GPGSV,2,2,08,32,31,271,38,40,36,258,34,41,64,233,40,42,70,217,41,1*68
1780395275.145,$GPGSV,2,1,05,10,21,328,25,18,84,174,42,23,40,004,36,24,40,045,22,6*6F
1780395275.146,$GPGSV,2,2,05,32,31,271,36,6*54
1780395275.149,$GPGSV,3,1,09,05,05,103,,12,13,121,,13,18,120,,15,11,046,,0*61
1780395275.151,$GPGSV,3,2,09,15,11,046,,25,17,158,,27,05,293,,28,15,207,,0*65
1780395275.152,$GPGSV,3,3,09,28,15,207,,0*57
1780395275.154,$GLGSV,2,1,07,65,23,011,36,66,29,315,28,75,21,075,23,76,26,135,14,1*78
1780395275.156,$GLGSV,2,2,07,81,23,325,37,87,25,169,20,88,67,265,43,1*44
1780395275.158,$GLGSV,2,1,05,66,29,315,37,75,21,075,24,76,26,135,21,81,23,325,36,3*79
1780395275.159,$GLGSV,2,2,05,88,67,265,39,3*45
1780395275.160,$GLGSV,1,1,02,67,04,266,,77,06,178,,0*74
1780395275.161,$GAGSV,3,1,09,04,36,020,36,05,23,247,30,06,54,352,38,09,58,303,27,2*74
1780395275.162,$GAGSV,3,2,09,10,70,120,39,11,75,356,36,12,45,135,35,28,16,036,22,2*7D
1780395275.163,$GAGSV,3,3,09,36,25,329,34,2*42
1780395275.164,$GAGSV,3,1,09,04,36,020,36,05,23,247,33,06,54,352,37,09,58,303,23,7*79
1780395275.165,$GAGSV,3,2,09,10,70,120,40,11,75,356,37,12,45,135,37,28,16,036,22,7*75
1780395275.166,$GAGSV,3,3,09,36,25,329,32,7*41
1780395275.167,$GAGSV,1,1,03,16,08,188,,23,00,092,,31,11,137,,0*44
1780395275.167,$GBGSV,2,1,08,06,40,035,36,07,67,117,40,08,23,178,27,09,38,001,38,1*73
1780395275.168,$GBGSV,2,2,08,10,62,142,39,13,28,304,29,14,30,031,33,34,43,190,41,1*7B
1780395275.169,$GBGSV,1,1,02,09,38,001,36,10,62,142,37,3*76
1780395275.170,$GBGSV,3,1,10,01,42,106,,02,63,244,,03,72,138,,04,22,095,,0*75
1780395275.170,$GBGSV,3,2,10,04,22,095,,21,15,051,,24,37,155,,25,03,202,,0*7B
1780395275.171,$GBGSV,3,3,10,25,03,202,,26,37,093,,0*78
1780395275.172,$GNGLL,1339.01477,N,10029.57894,E,101435.00,A,D*70
1780395276.124,$GNRMC,101436.00,A,1339.01477,N,10029.57894,E,0.003,,020626,0.53,W,R,V*4A
1780395276.125,$GNVTG,,T,,M,0.003,N,0.006,K,D*3D
1780395276.128,$GNGGA,101436.00,1339.01477,N,10029.57894,E,4,12,0.79,-1.1,M,-27.8,M,,0499*42
1780395276.128,$GNGSA,A,3,10,18,23,24,32,,,,,,,,1.54,0.79,1.32,1*01
1780395276.129,$GNGSA,A,3,66,75,65,88,81,,,,,,,,1.54,0.79,1.32,2*04
1780395276.129,$GNGSA,A,3,05,12,04,06,09,10,11,28,36,,,,1.54,0.79,1.32,3*0E
1780395276.130,$GNGSA,A,3,06,07,08,09,10,13,14,34,,,,,1.54,0.79,1.32,4*0B
1780395276.130,$GPGSV,2,1,08,10,21,328,28,18,84,174,41,23,40,004,39,24,40,045,25,1*63
1780395276.131,$GPGSV,2,2,08,32,31,271,37,40,36,258,34,41,64,233,40,42,70,217,41,1*67
1780395276.132,$GPGSV,2,1,05,10,21,328,22,18,84,174,40,23,40,004,34,24,40,045,19,6*60
1780395276.132,$GPGSV,2,2,05,32,31,271,34,6*56
1780395276.133,$GPGSV,3,1,09,05,05,103,,12,13,121,,13,18,120,,15,11,046,,0*61
1780395276.133,$GPGSV,3,2,09,15,11,046,,25,17,158,,27,05,293,,28,15,207,,0*65
1780395276.134,$GPGSV,3,3,09,28,15,207,,0*57
1780395276.135,$GLGSV,2,1,07,65,23,011,35,66,29,315,25,75,21,075,20,76,26,135,13,1*72
1780395276.135,$GLGSV,2,2,07,81,23,325,36,87,25,169,18,88,67,265,43,1*4E
1780395276.136,$GLGSV,2,1,05,66,29,315,37,75,21,075,21,76,26,135,19,81,23,325,36,3*77
1780395276.136,$GLGSV,2,2,05,88,67,265,40,3*4B
1780395276.137,$GLGSV,1,1,02,67,04,266,,77,06,178,,0*74
1780395276.137,$GAGSV,3,1,09,04,36,020,34,05,23,247,28,06,54,352,37,09,58,303,25,2*72
1780395276.138,$GAGSV,3,2,09,10,70,120,38,11,75,356,35,12,45,135,35,28,16,036,19,2*77
1780395276.139,$GAGSV,3,3,09,36,25,329,31,2*47
1780395276.139,$GAGSV,3,1,09,04,36,020,36,05,23,247,33,06,54,352,37,09,58,303,22,7*78
1780395276.140,$GAGSV,3,2,09,10,70,120,41,11,75,356,36,12,45,135,37,28,16,036,21,7*76
1780395276.141,$GAGSV,3,3,09,36,25,329,33,7*40
1780395276.141,$GAGSV,1,1,03,16,08,188,,23,00,092,,31,11,137,,0*44
1780395276.142,$GBGSV,2,1,08,06,40,035,36,07,67,117,40,08,23,178,26,09,38,001,37,1*7D
1780395276.142,$GBGSV,2,2,08,10,62,142,40,13,28,304,30,14,30,031,32,34,43,190,41,1*7C
1780395276.143,$GBGSV,1,1,03,09,38,001,33,10,62,142,35,13,28,304,04,3*4B
1780395276.144,$GBGSV,3,1,10,01,42,106,,02,63,244,,03,72,138,,04,22,095,,0*75
1780395276.144,$GBGSV,3,2,10,04,22,095,,21,15,051,,24,37,155,,25,03,202,,0*7B
1780395276.145,$GBGSV,3,3,10,25,03,202,,26,37,093,,0*78
1780395276.145,$GNGLL,1339.01477,N,10029.57894,E,101436.00,A,D*73
1780395277.124,$GNRMC,101437.00,A,1339.01477,N,10029.57893,E,0.013,,020626,0.53,W,R,V*4D
1780395277.125,$GNVTG,,T,,M,0.013,N,0.024,K,D*3C
1780395277.127,$GNGGA,101437.00,1339.01477,N,10029.57893,E,4,12,0.86,-1.1,M,-27.8,M,,0499*44
1780395277.129,$GNGSA,A,3,10,18,23,24,32,,,,,,,,1.74,0.86,1.52,1*05
1780395277.130,$GNGSA,A,3,66,65,88,81,,,,,,,,,1.74,0.86,1.52,2*02
1780395277.132,$GNGSA,A,3,05,12,04,06,09,10,11,28,36,,,,1.74,0.86,1.52,3*0A
1780395277.134,$GNGSA,A,3,06,07,08,09,10,13,14,34,,,,,1.74,0.86,1.52,4*0F
1780395277.136,$GPGSV,2,1,08,10,21,328,28,18,84,174,41,23,40,004,38,24,40,045,25,1*62
1780395277.138,$GPGSV,2,2,08,32,31,271,36,40,36,258,34,41,64,233,39,42,70,217,40,1*69
1780395277.140,$GPGSV,2,1,05,10,21,328,20,18,84,174,39,23,40,004,33,24,40,045,17,6*65
1780395277.142,$GPGSV,2,2,05,32,31,271,33,6*51
1780395277.144,$GPGSV,3,1,09,05,05,103,,12,13,121,,13,18,120,,15,11,046,,0*61
1780395277.146,$GPGSV,3,2,09,15,11,046,,25,17,158,,27,05,293,,28,15,207,,0*65
1780395277.147,$GPGSV,3,3,09,28,15,207,,0*57
1780395277.149,$GLGSV,2,1,07,65,23,011,34,66,29,315,24,75,21,075,17,76,26,135,10,1*75
1780395277.151,$GLGSV,2,2,07,81,23,325,33,87,25,169,16,88,67,265,41,1*47
1780395277.153,$GLGSV,2,1,05,66,29,315,36,75,21,075,17,76,26,135,15,81,23,325,35,3*7C
1780395277.154,$GLGSV,2,2,05,88,67,265,40,3*4B
1780395277.155,$GLGSV,1,1,02,67,04,266,,77,06,178,,0*74
1780395277.156,$GAGSV,3,1,09,04,36,020,34,05,23,247,26,06,54,352,36,09,58,303,24,2*7C
1780395277.157,$GAGSV,3,2,09,10,70,120,37,11,75,356,34,12,45,135,34,28,16,036,18,2*79
1780395277.158,$GAGSV,3,3,09,36,25,329,30,2*46
1780395277.159,$GAGSV,3,1,09,04,36,020,36,05,23,247,33,06,54,352,37,09,58,303,22,7*78
1780395277.160,$GAGSV,3,2,09,10,70,120,41,11,75,356,35,12,45,135,36,28,16,036,20,7*75
1780395277.161,$GAGSV,3,3,09,36,25,329,33,7*40
1780395277.162,$GAGSV,1,1,03,16,08,188,,23,00,092,,31,11,137,,0*44
1780395277.163,$GBGSV,2,1,08,06,40,035,36,07,67,117,40,08,23,178,26,09,38,001,36,1*7C
1780395277.164,$GBGSV,2,2,08,10,62,142,39,13,28,304,30,14,30,031,32,34,43,190,41,1*72
1780395277.164,$GBGSV,1,1,03,09,38,001,32,10,62,142,34,13,28,304,06,3*49
1780395277.165,$GBGSV,3,1,10,01,42,106,,02,63,244,,03,72,138,,04,22,095,,0*75
1780395277.166,$GBGSV,3,2,10,04,22,095,,21,15,051,,24,37,155,,25,03,202,,0*7B
1780395277.166,$GBGSV,3,3,10,25,03,202,,26,37,093,,0*78
1780395277.167,$GNGLL,1339.01477,N,10029.57893,E,101437.00,A,D*75
1780395278.122,$GNRMC,101438.00,A,1339.01477,N,10029.57893,E,0.008,,020626,0.53,W,R,V*48
1780395278.124,$GNVTG,,T,,M,0.008,N,0.014,K,D*35
1780395278.126,$GNGGA,101438.00,1339.01477,N,10029.57893,E,4,12,0.86,-1.1,M,-27.8,M,,0499*4B
1780395278.126,$GNGSA,A,3,10,18,23,24,32,,,,,,,,1.74,0.86,1.52,1*05
1780395278.127,$GNGSA,A,3,66,65,88,81,,,,,,,,,1.74,0.86,1.52,2*02
1780395278.127,$GNGSA,A,3,05,12,04,06,09,10,11,28,36,,,,1.74,0.86,1.52,3*0A
1780395278.128,$GNGSA,A,3,06,07,08,09,10,13,14,34,,,,,1.74,0.86,1.52,4*0F
1780395278.128,$GPGSV,2,1,08,10,21,328,28,18,84,174,41,23,40,004,39,24,40,045,26,1*60
1780395278.129,$GPGSV,2,2,08,32,31,271,37,40,36,258,34,41,64,233,40,42,70,217,41,1*67
1780395278.130,$GPGSV,2,1,05,10,21,328,18,18,84,174,41,23,40,004,33,24,40,045,17,6*61
1780395278.130,$GPGSV,2,2,05,32,31,271,33,6*51
1780395278.131,$GPGSV,3,1,09,05,05,103,,12,13,121,,13,18,120,,15,11,046,,0*61
1780395278.131,$GPGSV,3,2,09,15,11,046,,25,17,158,,27,05,293,,28,15,207,,0*65
1780395278.132,$GPGSV,3,3,09,28,15,207,,0*57
1780395278.132,$GLGSV,2,1,07,65,23,011,33,66,29,315,23,75,21,075,16,76,26,135,08,1*7D
1780395278.133,$GLGSV,2,2,07,81,23,325,33,87,25,169,14,88,67,265,41,1*45
1780395278.133,$GLGSV,2,1,05,66,29,315,37,75,21,075,17,76,26,135,13,81,23,325,37,3*79
1780395278.134,$GLGSV,2,2,05,88,67,265,40,3*4B
1780395278.134,$GLGSV,1,1,02,67,04,266,,77,06,178,,0*74
1780395278.135,$GAGSV,3,1,09,04,36,020,33,05,23,247,25,06,54,352,36,09,58,303,23,2*7F
1780395278.136,$GAGSV,3,2,09,10,70,120,38,11,75,356,34,12,45,135,34,28,16,036,17,2*79
1780395278.136,$GAGSV,3,3,09,36,25,329,30,2*46
1780395278.137,$GAGSV,3,1,09,04,36,020,36,05,23,247,34,06,54,352,38,09,58,303,20,7*72
1780395278.137,$GAGSV,3,2,09,10,70,120,41,11,75,356,36,12,45,135,37,28,16,036,20,7*77
1780395278.138,$GAGSV,3,3,09,36,25,329,33,7*40
1780395278.138,$GAGSV,1,1,03,16,08,188,,23,00,092,,31,11,137,,0*44
1780395278.139,$GBGSV,2,1,08,06,40,035,36,07,67,117,40,08,23,178,25,09,38,001,37,1*7E
1780395278.139,$GBGSV,2,2,08,10,62,142,40,13,28,304,30,14,30,031,32,34,43,190,41,1*7C
1780395278.140,$GBGSV,1,1,03,09,38,001,32,10,62,142,34,13,28,304,07,3*48
1780395278.141,$GBGSV,3,1,10,01,42,106,,02,63,244,,03,72,138,,04,22,095,,0*75
1780395278.141,$GBGSV,3,2,10,04,22,095,,21,15,051,,24,37,155,,25,03,202,,0*7B
1780395278.141,$GBGSV,3,3,10,25,03,202,,26,37,093,,0*78
1780395278.142,$GNGLL,1339.01477,N,10029.57893,E,101438.00,A,D*7A
1780395279.128,$GNRMC,101439.00,A,1339.01477,N,10029.57894,E,0.004,,020626,0.53,W,R,V*42
1780395279.128,$GNVTG,,T,,M,0.004,N,0.007,K,D*3B
1780395279.129,$GNGGA,101439.00,1339.01477,N,10029.57894,E,4,12,0.86,-1.1,M,-27.8,M,,0499*4D
1780395279.129,$GNGSA,A,3,10,18,23,24,32,,,,,,,,1.74,0.86,1.52,1*05
1780395279.130,$GNGSA,A,3,66,65,88,81,,,,,,,,,1.74,0.86,1.52,2*02
1780395279.130,$GNGSA,A,3,05,12,04,06,09,10,11,28,36,,,,1.74,0.86,1.52,3*0A
1780395279.131,$GNGSA,A,3,06,07,08,09,10,13,14,34,,,,,1.74,0.86,1.52,4*0F
1780395279.131,$GPGSV,2,1,08,10,21,328,28,18,84,174,42,23,40,004,39,24,40,045,26,1*63
1780395279.132,$GPGSV,2,2,08,32,31,271,38,40,36,258,34,41,64,233,40,42,70,217,41,1*68
1780395279.133,$GPGSV,2,1,05,10,21,328,17,18,84,174,41,23,40,004,34,24,40,045,16,6*68
1780395279.133,$GPGSV,2,2,05,32,31,271,33,6*51
1780395279.134,$GPGSV,3,1,09,05,05,103,,12,13,121,,13,18,120,,15,11,046,,0*61
1780395279.135,$GPGSV,3,2,09,15,11,046,,25,17,158,,27,05,293,,28,15,207,,0*65
1780395279.135,$GPGSV,3,3,09,28,15,207,,0*57
1780395279.136,$GLGSV,2,1,06,65,23,011,33,66,29,315,23,75,21,075,16,81,23,325,33,1*7A
1780395279.136,$GLGSV,2,2,06,87,25,169,16,88,67,265,42,1*79
1780395279.137,$GLGSV,2,1,05,66,29,315,37,75,21,075,16,76,26,135,13,81,23,325,37,3*78
1780395279.137,$GLGSV,2,2,05,88,67,265,41,3*4A
1780395279.138,$GLGSV,1,1,02,67,04,266,,77,06,178,,0*74
1780395279.138,$GAGSV,3,1,09,04,36,020,33,05,23,247,24,06,54,352,36,09,58,303,22,2*7F
1780395279.139,$GAGSV,3,2,09,10,70,120,38,11,75,356,33,12,45,135,34,28,16,036,15,2*7C
1780395279.139,$GAGSV,3,3,09,36,25,329,30,2*46
1780395279.140,$GAGSV,3,1,09,04,36,020,36,05,23,247,34,06,54,352,38,09,58,303,19,7*78
1780395279.141,$GAGSV,3,2,09,10,70,120,41,11,75,356,36,12,45,135,38,28,16,036,20,7*78
1780395279.141,$GAGSV,3,3,09,36,25,329,33,7*40
1780395279.142,$GAGSV,1,1,03,16,08,188,,23,00,092,,31,11,137,,0*44
1780395279.142,$GBGSV,2,1,08,06,40,035,36,07,67,117,40,08,23,178,25,09,38,001,37,1*7E
1780395279.143,$GBGSV,2,2,08,10,62,142,40,13,28,304,30,14,30,031,32,34,43,190,41,1*7C
1780395279.144,$GBGSV,1,1,03,09,38,001,32,10,62,142,35,13,28,304,07,3*49
1780395279.144,$GBGSV,3,1,10,01,42,106,,02,63,244,,03,72,138,,04,22,095,,0*75
1780395279.145,$GBGSV,3,2,10,04,22,095,,21,15,051,,24,37,155,,25,03,202,,0*7B
1780395279.145,$GBGSV,3,3,10,25,03,202,,26,37,093,,0*78
1780395279.146,$GNGLL,1339.01477,N,10029.57894,E,101439.00,A,D*7C
1780395280.137,$GNRMC,101440.00,A,1339.01477,N,10029.57893,E,0.012,,020626,0.53,W,R,V*4C
1780395280.138,$GNVTG,,T,,M,0.012,N,0.022,K,D*3B
1780395280.140,$GNGGA,101440.00,1339.01477,N,10029.57893,E,4,12,0.86,-1.1,M,-27.8,M,,0499*44
1780395280.141,$GNGSA,A,3,10,18,23,24,32,,,,,,,,1.74,0.86,1.52,1*05
1780395280.141,$GNGSA,A,3,66,65,88,81,,,,,,,,,1.74,0.86,1.52,2*02
1780395280.142,$GNGSA,A,3,05,12,04,06,09,10,11,36,,,,,1.74,0.86,1.52,3*00
1780395280.142,$GNGSA,A,3,06,07,08,09,10,13,14,34,,,,,1.74,0.86,1.52,4*0F
1780395280.143,$GPGSV,2,1,08,10,21,328,28,18,84,174,41,23,40,004,39,24,40,045,26,1*60
1780395280.144,$GPGSV,2,2,08,32,31,271,38,40,36,258,34,41,64,233,40,42,70,217,41,1*68
1780395280.144,$GPGSV,2,1,05,10,21,328,16,18,84,174,40,23,40,004,33,24,40,045,17,6*6E
1780395280.145,$GPGSV,2,2,05,32,31,271,33,6*51
1780395280.145,$GPGSV,3,1,09,05,05,103,,12,13,121,,13,18,120,,15,11,046,,0*61
1780395280.146,$GPGSV,3,2,09,15,11,046,,25,17,158,,27,05,293,,28,15,207,,0*65
1780395280.146,$GPGSV,3,3,09,28,15,207,,0*57
1780395280.147,$GLGSV,2,1,06,65,23,011,33,66,29,315,25,75,21,075,17,81,23,325,33,1*7D
1780395280.148,$GLGSV,2,2,06,87,25,169,16,88,67,265,42,1*79
1780395280.148,$GLGSV,2,1,05,66,29,315,35,75,21,075,17,76,26,135,15,81,23,325,37,3*7D
1780395280.149,$GLGSV,2,2,05,88,67,265,39,3*45
1780395280.149,$GLGSV,1,1,02,67,04,266,,77,06,178,,0*74
1780395280.150,$GAGSV,3,1,09,04,36,020,34,05,23,247,25,06,54,352,36,09,58,303,23,2*78
1780395280.150,$GAGSV,3,2,09,10,70,120,37,11,75,356,34,12,45,135,35,28,16,036,16,2*76
1780395280.151,$GAGSV,3,3,09,36,25,329,30,2*46
1780395280.152,$GAGSV,3,1,09,04,36,020,35,05,23,247,33,06,54,352,37,09,58,303,18,7*72
1780395280.152,$GAGSV,3,2,09,10,70,120,41,11,75,356,36,12,45,135,37,28,16,036,19,7*7D
1780395280.153,$GAGSV,3,3,09,36,25,329,33,7*40
1780395280.153,$GAGSV,1,1,03,16,08,188,,23,00,092,,31,11,137,,0*44
1780395280.154,$GBGSV,2,1,08,06,40,035,36,07,67,117,40,08,23,178,24,09,38,001,37,1*7F
1780395280.155,$GBGSV,2,2,08,10,62,142,40,13,28,304,29,14,30,031,32,34,43,190,41,1*74
1780395280.155,$GBGSV,1,1,03,09,38,001,32,10,62,142,33,13,28,304,07,3*4F
1780395280.156,$GBGSV,3,1,10,01,42,106,,02,63,244,,03,72,138,,04,22,095,,0*75
1780395280.156,$GBGSV,3,2,10,04,22,095,,21,15,051,,24,37,155,,25,03,202,,0*7B
1780395280.157,$GBGSV,3,3,10,25,03,202,,26,37,093,,0*78
1780395280.157,$GNGLL,1339.01477,N,10029.57893,E,101440.00,A,D*75
1780395281.122,$GNRMC,101441.00,A,1339.01477,N,10029.57893,E,0.015,,020626,0.53,W,R,V*4A
1780395281.124,$GNVTG,,T,,M,0.015,N,0.027,K,D*39
1780395281.125,$GNGGA,101441.00,1339.01477,N,10029.57893,E,4,12,0.86,-1.1,M,-27.8,M,,0499*45
1780395281.126,$GNGSA,A,3,10,18,23,24,32,,,,,,,,1.74,0.86,1.52,1*05
1780395281.127,$GNGSA,A,3,66,65,88,81,,,,,,,,,1.74,0.86,1.52,2*02
1780395281.127,$GNGSA,A,3,05,12,04,06,09,10,11,36,,,,,1.74,0.86,1.52,3*00
1780395281.128,$GNGSA,A,3,06,07,08,09,10,13,14,34,,,,,1.74,0.86,1.52,4*0F
1780395281.128,$GPGSV,2,1,08,10,21,328,28,18,84,174,42,23,40,004,39,24,40,045,27,1*62
1780395281.129,$GPGSV,2,2,08,32,31,271,38,40,36,258,34,41,64,233,40,42,70,217,41,1*68
1780395281.130,$GPGSV,2,1,05,10,21,328,15,18,84,174,41,23,40,004,33,24,40,045,18,6*63
1780395281.130,$GPGSV,2,2,05,32,31,271,33,6*51
1780395281.131,$GPGSV,3,1,09,05,05,103,,12,13,121,,13,18,120,,15,11,046,,0*61
1780395281.131,$GPGSV,3,2,09,15,11,046,,25,17,158,,27,05,293,,28,15,207,,0*65
1780395281.132,$GPGSV,3,3,09,28,15,207,,0*57
1780395281.132,$GLGSV,2,1,06,65,23,011,34,66,29,315,25,75,21,075,17,81,23,325,33,1*7A
1780395281.133,$GLGSV,2,2,06,87,25,169,17,88,67,265,42,1*78
1780395281.133,$GLGSV,2,1,05,66,29,315,37,75,21,075,17,76,26,135,17,81,23,325,37,3*7D
1780395281.134,$GLGSV,2,2,05,88,67,265,40,3*4B
1780395281.134,$GLGSV,1,1,02,67,04,266,,77,06,178,,0*74
1780395281.135,$GAGSV,3,1,09,04,36,020,34,05,23,247,25,06,54,352,37,09,58,303,23,2*79
1780395281.136,$GAGSV,3,2,09,10,70,120,38,11,75,356,34,12,45,135,35,28,16,036,16,2*79
1780395281.136,$GAGSV,3,3,09,36,25,329,30,2*46
1780395281.137,$GAGSV,3,1,09,04,36,020,36,05,23,247,34,06,54,352,37,09,58,303,17,7*79
1780395281.137,$GAGSV,3,2,09,10,70,120,41,11,75,356,36,12,45,135,37,28,16,036,20,7*77
1780395281.138,$GAGSV,3,3,09,36,25,329,33,7*40
1780395281.138,$GAGSV,1,1,03,16,08,188,,23,00,092,,31,11,137,,0*44
1780395281.139,$GBGSV,2,1,08,06,40,035,36,07,67,117,40,08,23,178,23,09,38,001,37,1*78
1780395281.140,$GBGSV,2,2,08,10,62,142,40,13,28,304,29,14,30,031,31,34,43,190,41,1*77
1780395281.140,$GBGSV,1,1,03,09,38,001,32,10,62,142,34,13,28,304,07,3*48
1780395281.141,$GBGSV,3,1,10,01,42,106,,02,63,244,,03,72,138,,04,22,095,,0*75
1780395281.142,$GBGSV,3,2,10,04,22,095,,21,15,051,,24,37,155,,25,03,202,,0*7B
1780395281.142,$GBGSV,3,3,10,25,03,202,,26,37,093,,0*78
1780395281.143,$GNGLL,1339.01477,N,10029.57893,E,101441.00,A,D*74
1780395282.129,$GNRMC,101442.00,A,1339.01477,N,10029.57894,E,0.001,,020626,0.53,W,R,V*4B
1780395282.131,$GNVTG,,T,,M,0.001,N,0.001,K,D*38
1780395282.133,$GNGGA,101442.00,1339.01477,N,10029.57894,E,4,12,0.86,-1.1,M,-27.8,M,,0499*41
1780395282.134,$GNGSA,A,3,10,18,23,24,32,,,,,,,,1.74,0.86,1.52,1*05
1780395282.134,$GNGSA,A,3,66,65,88,81,,,,,,,,,1.74,0.86,1.52,2*02
1780395282.135,$GNGSA,A,3,05,12,04,06,09,10,11,36,,,,,1.74,0.86,1.52,3*00
1780395282.135,$GNGSA,A,3,06,07,08,09,10,13,14,34,,,,,1.74,0.86,1.52,4*0F
1780395282.136,$GPGSV,2,1,08,10,21,328,28,18,84,174,42,23,40,004,39,24,40,045,27,1*62
1780395282.136,$GPGSV,2,2,08,32,31,271,38,40,36,258,33,41,64,233,40,42,70,217,41,1*6F
1780395282.137,$GPGSV,2,1,05,10,21,328,16,18,84,174,41,23,40,004,33,24,40,045,18,6*60
1780395282.138,$GPGSV,2,2,05,32,31,271,33,6*51
1780395282.138,$GPGSV,3,1,09,05,05,103,,12,13,121,,13,18,120,,15,11,046,,0*61
1780395282.139,$GPGSV,3,2,09,15,11,046,,25,17,158,,27,05,293,,28,15,207,,0*65
1780395282.139,$GPGSV,3,3,09,28,15,207,,0*57
1780395282.140,$GLGSV,2,1,06,65,23,011,34,66,29,315,24,75,21,075,17,81,23,325,33,1*7B
1780395282.140,$GLGSV,2,2,06,87,25,169,18,88,67,265,42,1*77
1780395282.141,$GLGSV,2,1,05,66,29,315,37,75,21,075,18,76,26,135,18,81,23,325,38,3*72
1780395282.141,$GLGSV,2,2,05,88,67,265,40,3*4B
1780395282.142,$GLGSV,1,1,02,67,04,266,,77,06,178,,0*74
1780395282.142,$GAGSV,3,1,09,04,36,020,34,05,23,247,25,06,54,352,36,09,58,303,22,2*79
1780395282.143,$GAGSV,3,2,09,10,70,120,38,11,75,356,33,12,45,135,34,28,16,036,14,2*7D
1780395282.143,$GAGSV,3,3,09,36,25,329,30,2*46
1780395282.144,$GAGSV,3,1,09,04,36,020,36,05,23,247,33,06,54,352,37,09,58,303,17,7*7E
1780395282.144,$GAGSV,3,2,09,10,70,120,41,11,75,356,36,12,45,135,37,28,16,036,20,7*77
1780395282.145,$GAGSV,3,3,09,36,25,329,33,7*40
1780395282.145,$GAGSV,1,1,03,16,08,188,,23,00,092,,31,11,137,,0*44
1780395282.146,$GBGSV,2,1,08,06,40,035,37,07,67,117,40,08,23,178,23,09,38,001,37,1*79
1780395282.146,$GBGSV,2,2,08,10,62,142,40,13,28,304,30,14,30,031,32,34,43,190,41,1*7C
1780395282.147,$GBGSV,1,1,03,09,38,001,32,10,62,142,34,13,28,304,07,3*48
1780395282.147,$GBGSV,3,1,10,01,42,106,,02,63,244,,03,72,138,,04,22,095,,0*75
1780395282.148,$GBGSV,3,2,10,04,22,095,,21,15,051,,24,37,155,,25,03,202,,0*7B
1780395282.148,$GBGSV,3,3,10,25,03,202,,26,37,093,,0*78
1780395282.149,$GNGLL,1339.01477,N,10029.57894,E,101442.00,A,D*70
1780395283.125,$GNRMC,101443.00,A,1339.01477,N,10029.57893,E,0.009,,020626,0.53,W,R,V*45
1780395283.126,$GNVTG,,T,,M,0.009,N,0.016,K,D*36
1780395283.128,$GNGGA,101443.00,1339.01477,N,10029.57893,E,4,12,0.86,-1.1,M,-27.8,M,,0499*47
1780395283.129,$GNGSA,A,3,10,18,23,24,32,,,,,,,,1.74,0.86,1.52,1*05
1780395283.129,$GNGSA,A,3,66,65,88,81,,,,,,,,,1.74,0.86,1.52,2*02
1780395283.130,$GNGSA,A,3,05,12,04,06,09,10,11,36,,,,,1.74,0.86,1.52,3*00
1780395283.130,$GNGSA,A,3,06,07,08,09,10,13,14,34,,,,,1.74,0.86,1.52,4*0F
1780395283.131,$GPGSV,2,1,08,10,21,328,28,18,84,174,42,23,40,004,39,24,40,045,27,1*62
1780395283.132,$GPGSV,2,2,08,32,31,271,38,40,36,258,34,41,64,233,40,42,70,217,41,1*68
1780395283.132,$GPGSV,2,1,05,10,21,328,16,18,84,174,41,23,40,004,33,24,40,045,19,6*61
1780395283.133,$GPGSV,2,2,05,32,31,271,34,6*56
1780395283.133,$GPGSV,3,1,09,05,05,103,,12,13,121,,13,18,120,,15,11,046,,0*61
1780395283.134,$GPGSV,3,2,09,15,11,046,,25,17,158,,27,05,293,,28,15,207,,0*65
1780395283.134,$GPGSV,3,3,09,28,15,207,,0*57
1780395283.135,$GLGSV,2,1,06,65,23,011,34,66,29,315,22,75,21,075,19,81,23,325,33,1*73
1780395283.135,$GLGSV,2,2,06,87,25,169,16,88,67,265,42,1*79
1780395283.136,$GLGSV,2,1,05,66,29,315,36,75,21,075,17,76,26,135,19,81,23,325,38,3*7D
1780395283.136,$GLGSV,2,2,05,88,67,265,41,3*4A
1780395283.137,$GLGSV,1,1,02,67,04,266,,77,06,178,,0*74
1780395283.138,$GAGSV,3,1,09,04,36,020,34,05,23,247,24,06,54,352,36,09,58,303,23,2*79
1780395283.138,$GAGSV,3,2,09,10,70,120,38,11,75,356,34,12,45,135,34,28,16,036,15,2*7B
1780395283.139,$GAGSV,3,3,09,36,25,329,30,2*46
1780395283.139,$GAGSV,3,1,09,04,36,020,36,05,23,247,33,06,54,352,37,09,58,303,17,7*7E
1780395283.140,$GAGSV,3,2,09,10,70,120,41,11,75,356,36,12,45,135,37,28,16,036,20,7*77
1780395283.140,$GAGSV,3,3,09,36,25,329,33,7*40
1780395283.141,$GAGSV,1,1,03,16,08,188,,23,00,092,,31,11,137,,0*44
1780395283.141,$GBGSV,2,1,08,06,40,036,37,07,67,117,40,08,23,178,24,09,38,001,37,1*7D
1780395283.142,$GBGSV,2,2,08,10,62,142,40,13,28,304,29,14,30,031,32,34,43,190,42,1*77
1780395283.143,$GBGSV,1,1,03,09,38,001,33,10,62,142,35,13,28,304,07,3*48
1780395283.143,$GBGSV,3,1,10,01,42,106,,02,63,244,,03,72,138,,04,22,095,,0*75
1780395283.144,$GBGSV,3,2,10,04,22,095,,21,15,051,,24,37,155,,25,03,202,,0*7B
1780395283.144,$GBGSV,3,3,10,25,03,202,,26,37,093,,0*78
1780395283.144,$GNGLL,1339.01477,N,10029.57893,E,101443.00,A,D*76
1780395284.126,$GNRMC,101444.00,A,1339.01477,N,10029.57893,E,0.017,,020626,0.53,W,R,V*4D
1780395284.127,$GNVTG,,T,,M,0.017,N,0.031,K,D*3C
1780395284.129,$GNGGA,101444.00,1339.01477,N,10029.57893,E,4,12,0.86,-1.1,M,-27.8,M,,0499*40
1780395284.130,$GNGSA,A,3,10,18,23,24,32,,,,,,,,1.74,0.86,1.52,1*05
1780395284.130,$GNGSA,A,3,66,65,88,76,81,,,,,,,,1.74,0.86,1.52,2*03
1780395284.131,$GNGSA,A,3,05,12,04,06,09,10,11,28,36,,,,1.74,0.86,1.52,3*0A
1780395284.131,$GNGSA,A,3,06,07,08,09,10,13,14,34,,,,,1.74,0.86,1.52,4*0F
1780395284.132,$GPGSV,2,1,08,10,21,328,28,18,84,174,42,23,40,004,39,24,40,045,27,1*62
1780395284.132,$GPGSV,2,2,08,32,31,271,38,40,36,258,34,41,64,233,40,42,70,217,41,1*68
1780395284.133,$GPGSV,2,1,05,10,21,328,16,18,84,174,42,23,40,004,34,24,40,045,19,6*65
1780395284.134,$GPGSV,2,2,05,32,31,271,35,6*57
1780395284.134,$GPGSV,3,1,09,05,05,103,,12,13,121,,13,18,120,,15,11,046,,0*61
1780395284.135,$GPGSV,3,2,09,15,11,046,,25,17,158,,27,05,293,,28,15,207,,0*65
1780395284.135,$GPGSV,3,3,09,28,15,207,,0*57
1780395284.136,$GLGSV,2,1,06,65,23,011,33,66,29,315,20,75,21,075,18,81,23,325,34,1*70
1780395284.136,$GLGSV,2,2,06,87,25,169,17,88,67,265,42,1*78
1780395284.137,$GLGSV,2,1,05,66,29,315,37,75,21,075,18,76,26,135,20,81,23,325,37,3*76
1780395284.137,$GLGSV,2,2,05,88,67,265,41,3*4A
1780395284.138,$GLGSV,1,1,02,67,04,266,,77,06,178,,0*74
1780395284.138,$GAGSV,3,1,09,04,36,020,34,05,23,247,25,06,54,352,36,09,58,303,23,2*78
1780395284.139,$GAGSV,3,2,09,10,70,120,38,11,75,356,34,12,45,135,34,28,16,036,15,2*7B
1780395284.139,$GAGSV,3,3,09,36,25,329,30,2*46
1780395284.140,$GAGSV,3,1,09,04,36,020,36,05,23,247,34,06,54,352,37,09,58,303,16,7*78
1780395284.140,$GAGSV,3,2,09,10,70,120,41,11,75,356,36,12,45,135,37,28,16,036,20,7*77
1780395284.141,$GAGSV,3,3,09,36,25,329,33,7*40
1780395284.141,$GAGSV,1,1,03,16,08,188,,23,00,092,,31,11,137,,0*44
1780395284.142,$GBGSV,2,1,08,06,40,036,36,07,68,116,40,08,23,178,24,09,38,001,37,1*72
1780395284.143,$GBGSV,2,2,08,10,62,142,40,13,28,304,30,14,30,031,32,34,43,190,42,1*7F
1780395284.143,$GBGSV,1,1,03,09,38,001,33,10,62,142,35,13,28,304,07,3*48
1780395284.144,$GBGSV,3,1,10,01,42,106,,02,63,244,,03,72,138,,04,22,095,,0*75
1780395284.144,$GBGSV,3,2,10,04,22,095,,21,15,051,,24,37,155,,25,03,202,,0*7B
1780395284.145,$GBGSV,3,3,10,25,03,202,,26,37,093,,0*78
1780395284.145,$GNGLL,1339.01477,N,10029.57893,E,101444.00,A,D*71
1780395285.123,$GNRMC,101445.00,A,1339.01477,N,10029.57893,E,0.009,,020626,0.53,W,R,V*43
1780395285.124,$GNVTG,,T,,M,0.009,N,0.017,K,D*37
1780395285.126,$GNGGA,101445.00,1339.01477,N,10029.57893,E,4,12,0.79,-1.1,M,-27.8,M,,0499*41
1780395285.127,$GNGSA,A,3,10,18,23,24,32,,,,,,,,1.54,0.79,1.32,1*01
1780395285.127,$GNGSA,A,3,66,75,65,88,76,81,,,,,,,1.54,0.79,1.32,2*05
1780395285.128,$GNGSA,A,3,05,12,04,06,09,10,11,28,36,,,,1.54,0.79,1.32,3*0E
1780395285.128,$GNGSA,A,3,06,07,08,09,10,13,14,34,,,,,1.54,0.79,1.32,4*0B
1780395285.129,$GPGSV,2,1,08,10,21,328,26,18,84,174,41,23,40,004,39,24,40,045,28,1*60
1780395285.129,$GPGSV,2,2,08,32,31,271,38,40,36,258,34,41,64,233,40,42,70,217,41,1*68
1780395285.130,$GPGSV,2,1,05,10,21,328,15,18,84,174,42,23,40,004,34,24,40,045,19,6*66
1780395285.130,$GPGSV,2,2,05,32,31,271,34,6*56
1780395285.131,$GPGSV,3,1,09,05,05,103,,12,13,121,,13,18,120,,15,11,046,,0*61
1780395285.131,$GPGSV,3,2,09,15,11,046,,25,17,158,,27,05,293,,28,15,207,,0*65
1780395285.132,$GPGSV,3,3,09,28,15,207,,0*57
1780395285.132,$GLGSV,2,1,06,65,23,011,34,66,29,315,17,75,21,075,18,81,23,325,34,1*73
1780395285.133,$GLGSV,2,2,06,87,25,169,17,88,67,265,42,1*78
1780395285.133,$GLGSV,2,1,05,66,29,315,36,75,21,075,20,76,26,135,21,81,23,325,38,3*72
1780395285.133,$GLGSV,2,2,05,88,67,265,41,3*4A
1780395285.134,$GLGSV,1,1,02,67,04,266,,77,06,178,,0*74
1780395285.134,$GAGSV,3,1,09,04,36,020,33,05,23,247,25,06,54,352,36,09,58,303,22,2*7E
1780395285.135,$GAGSV,3,2,09,10,70,120,38,11,75,356,34,12,45,135,34,28,16,036,15,2*7B
1780395285.135,$GAGSV,3,3,09,36,25,329,30,2*46
1780395285.136,$GAGSV,3,1,09,04,36,020,36,05,23,247,34,06,54,352,37,09,58,303,15,7*7B
1780395285.137,$GAGSV,3,2,09,10,70,120,41,11,75,356,36,12,45,135,37,28,16,036,20,7*77
1780395285.137,$GAGSV,3,3,09,36,25,329,33,7*40
1780395285.137,$GAGSV,1,1,03,16,08,188,,23,00,092,,31,11,137,,0*44
1780395285.138,$GBGSV,2,1,08,06,40,036,36,07,68,116,40,08,22,178,23,09,38,001,37,1*74
1780395285.140,$GBGSV,2,2,08,10,62,142,40,13,28,304,29,14,30,031,31,34,43,190,42,1*74
1780395285.140,$GBGSV,1,1,03,09,38,001,33,10,62,142,35,13,28,304,08,3*47
1780395285.141,$GBGSV,3,1,10,01,42,106,,02,63,244,,03,72,138,,04,22,095,,0*75
1780395285.141,$GBGSV,3,2,10,04,22,095,,21,15,051,,24,37,155,,25,03,202,,0*7B
1780395285.142,$GBGSV,3,3,10,25,03,202,,26,37,093,,0*78
1780395285.142,$GNGLL,1339.01477,N,10029.57893,E,101445.00,A,D*70
1780395286.123,$GNRMC,101446.00,A,1339.01477,N,10029.57893,E,0.011,,020626,0.53,W,R,V*49
1780395286.124,$GNVTG,,T,,M,0.011,N,0.020,K,D*3A
1780395286.126,$GNGGA,101446.00,1339.01477,N,10029.57893,E,4,12,0.79,-1.1,M,-27.8,M,,0499*42
1780395286.127,$GNGSA,A,3,10,18,23,24,32,,,,,,,,1.54,0.79,1.32,1*01
1780395286.127,$GNGSA,A,3,66,75,65,88,76,81,,,,,,,1.54,0.79,1.32,2*05
1780395286.128,$GNGSA,A,3,05,12,04,06,09,10,11,28,36,,,,1.54,0.79,1.32,3*0E
1780395286.128,$GNGSA,A,3,06,07,08,09,10,13,14,34,,,,,1.54,0.79,1.32,4*0B
1780395286.129,$GPGSV,2,1,08,10,21,328,26,18,84,174,42,23,40,004,39,24,40,045,29,1*62
1780395286.129,$GPGSV,2,2,08,32,31,271,38,40,36,258,34,41,64,233,40,42,70,217,41,1*68
1780395286.130,$GPGSV,2,1,05,10,21,328,15,18,84,174,41,23,40,004,34,24,40,045,19,6*65
1780395286.131,$GPGSV,2,2,05,32,31,271,35,6*57
1780395286.131,$GPGSV,3,1,09,05,05,103,,12,13,121,,13,18,120,,15,11,046,,0*61
1780395286.132,$GPGSV,3,2,09,15,11,046,,25,17,158,,27,05,293,,28,15,207,,0*65
1780395286.132,$GPGSV,3,3,09,28,15,207,,0*57
1780395286.133,$GLGSV,2,1,06,65,23,011,34,66,29,315,16,75,21,075,17,81,23,325,34,1*7D
1780395286.133,$GLGSV,2,2,06,87,25,169,18,88,67,265,42,1*77
1780395286.134,$GLGSV,2,1,05,66,29,315,36,75,21,075,20,76,26,135,22,81,23,325,38,3*71
1780395286.134,$GLGSV,2,2,05,88,67,265,40,3*4B
1780395286.135,$GLGSV,1,1,02,67,04,266,,77,06,178,,0*74
1780395286.135,$GAGSV,3,1,09,04,36,020,33,05,23,247,25,06,54,352,36,09,58,303,22,2*7E
1780395286.136,$GAGSV,3,2,09,10,70,120,38,11,75,356,34,12,45,135,34,28,16,036,15,2*7B
1780395286.136,$GAGSV,3,3,09,36,25,329,30,2*46
1780395286.137,$GAGSV,3,1,09,04,36,020,36,05,23,247,33,06,54,352,37,09,58,303,14,7*7D
1780395286.137,$GAGSV,3,2,09,10,70,120,41,11,75,356,36,12,45,135,37,28,16,036,20,7*77
1780395286.138,$GAGSV,3,3,09,36,25,329,33,7*40
1780395286.138,$GAGSV,1,1,03,16,08,188,,23,00,092,,31,11,137,,0*44
1780395286.139,$GBGSV,2,1,08,06,40,036,36,07,68,116,40,08,22,178,23,09,38,001,37,1*74
1780395286.140,$GBGSV,2,2,08,10,62,142,40,13,28,304,29,14,30,031,32,34,43,190,42,1*77
1780395286.140,$GBGSV,1,1,03,09,38,001,33,10,62,142,35,13,28,304,08,3*47
1780395286.141,$GBGSV,3,1,10,01,42,106,,02,63,244,,03,72,138,,04,22,095,,0*75
1780395286.141,$GBGSV,3,2,10,04,22,095,,21,15,051,,24,37,155,,25,03,202,,0*7B
1780395286.142,$GBGSV,3,3,10,25,03,202,,26,37,093,,0*78
1780395286.142,$GNGLL,1339.01477,N,10029.57893,E,101446.00,A,D*73
1780395287.124,$GNRMC,101447.00,A,1339.01477,N,10029.57893,E,0.018,,020626,0.53,W,R,V*41
1780395287.126,$GNVTG,,T,,M,0.018,N,0.032,K,D*30
1780395287.128,$GNGGA,101447.00,1339.01477,N,10029.57893,E,4,12,0.79,-1.1,M,-27.8,M,,0499*43
1780395287.130,$GNGSA,A,3,10,18,23,24,32,,,,,,,,1.54,0.79,1.32,1*01
1780395287.131,$GNGSA,A,3,66,75,65,88,76,81,,,,,,,1.54,0.79,1.32,2*05
1780395287.133,$GNGSA,A,3,05,12,04,06,09,10,11,28,36,,,,1.54,0.79,1.32,3*0E
1780395287.134,$GNGSA,A,3,06,07,08,09,10,13,14,34,,,,,1.54,0.79,1.32,4*0B
1780395287.136,$GPGSV,2,1,08,10,21,328,27,18,84,174,42,23,40,004,39,24,40,045,29,1*63
1780395287.139,$GPGSV,2,2,08,32,31,271,38,40,36,258,34,41,64,233,40,42,70,217,41,1*68
1780395287.141,$GPGSV,2,1,05,10,21,328,16,18,84,174,41,23,40,004,34,24,40,045,20,6*6C
1780395287.142,$GPGSV,2,2,05,32,31,271,34,6*56
1780395287.144,$GPGSV,3,1,09,05,05,103,,12,13,121,,13,18,120,,15,11,046,,0*61
1780395287.146,$GPGSV,3,2,09,15,11,046,,25,17,158,,27,05,293,,28,15,207,,0*65
1780395287.148,$GPGSV,3,3,09,28,15,207,,0*57
1780395287.150,$GLGSV,2,1,06,65,23,011,34,66,29,315,18,75,21,075,17,81,23,325,35,1*72
1780395287.151,$GLGSV,2,2,06,87,25,169,19,88,67,265,42,1*76
1780395287.153,$GLGSV,2,1,05,66,29,315,36,75,21,075,22,76,26,135,23,81,23,325,38,3*72
1780395287.154,$GLGSV,2,2,05,88,67,265,40,3*4B
1780395287.155,$GLGSV,1,1,02,67,04,266,,77,06,178,,0*74
1780395287.156,$GAGSV,3,1,09,04,36,020,33,05,23,247,25,06,54,352,36,09,58,303,22,2*7E
1780395287.157,$GAGSV,3,2,09,10,70,120,38,11,75,356,33,12,45,135,34,28,16,036,16,2*7F
1780395287.158,$GAGSV,3,3,09,36,25,329,30,2*46
1780395287.158,$GAGSV,3,1,09,04,36,020,36,05,23,247,33,06,54,352,37,09,58,303,10,7*79
1780395287.159,$GAGSV,3,2,09,10,70,120,41,11,75,356,36,12,45,135,37,28,16,036,21,7*76
1780395287.159,$GAGSV,3,3,09,36,25,329,33,7*40
1780395287.160,$GAGSV,1,1,03,16,08,188,,23,00,092,,31,11,137,,0*44
1780395287.161,$GBGSV,2,1,08,06,40,036,36,07,68,116,40,08,22,178,23,09,38,001,36,1*75
1780395287.161,$GBGSV,2,2,08,10,62,142,40,13,28,304,31,14,30,031,31,34,43,190,42,1*7D
1780395287.162,$GBGSV,1,1,02,09,38,001,33,10,62,142,35,3*71
1780395287.162,$GBGSV,3,1,10,01,42,106,,02,63,244,,03,72,138,,04,22,095,,0*75
1780395287.163,$GBGSV,3,2,10,04,22,095,,21,15,051,,24,37,155,,25,03,202,,0*7B
1780395287.163,$GBGSV,3,3,10,25,03,202,,26,37,093,,0*78
1780395287.164,$GNGLL,1339.01477,N,10029.57893,E,101447.00,A,D*72
1780395288.124,$GNRMC,101448.00,A,1339.01476,N,10029.57893,E,0.025,,020626,0.53,W,R,V*41
1780395288.126,$GNVTG,,T,,M,0.025,N,0.047,K,D*3C
1780395288.128,$GNGGA,101448.00,1339.01476,N,10029.57893,E,4,12,0.79,-1.1,M,-27.8,M,,0499*4D
1780395288.128,$GNGSA,A,3,10,18,23,24,32,,,,,,,,1.54,0.79,1.32,1*01
1780395288.129,$GNGSA,A,3,66,75,65,88,76,81,,,,,,,1.54,0.79,1.32,2*05
1780395288.129,$GNGSA,A,3,05,12,04,06,09,10,11,28,36,,,,1.54,0.79,1.32,3*0E
1780395288.130,$GNGSA,A,3,06,07,08,09,10,13,14,34,,,,,1.54,0.79,1.32,4*0B
1780395288.130,$GPGSV,2,1,08,10,21,328,26,18,84,174,42,23,40,004,39,24,40,045,29,1*62
1780395288.131,$GPGSV,2,2,08,32,31,271,38,40,36,258,34,41,64,233,40,42,70,217,41,1*68
1780395288.132,$GPGSV,2,1,05,10,21,328,15,18,84,174,41,23,40,004,34,24,40,045,20,6*6F
1780395288.132,$GPGSV,2,2,05,32,31,271,34,6*56
1780395288.132,$GPGSV,3,1,09,05,05,103,,12,13,121,,13,18,120,,15,11,046,,0*61
1780395288.133,$GPGSV,3,2,09,15,11,046,,25,17,158,,27,05,293,,28,15,207,,0*65
1780395288.133,$GPGSV,3,3,09,28,15,207,,0*57
1780395288.134,$GLGSV,2,1,06,65,23,011,35,66,29,315,21,75,21,075,17,81,23,325,35,1*79
1780395288.134,$GLGSV,2,2,06,87,25,169,19,88,67,265,42,1*76
1780395288.135,$GLGSV,2,1,05,66,29,315,35,75,21,075,23,76,26,135,25,81,23,325,37,3*79
1780395288.135,$GLGSV,2,2,05,88,67,265,40,3*4B
1780395288.136,$GLGSV,1,1,02,67,04,266,,77,06,178,,0*74
1780395288.136,$GAGSV,3,1,09,04,36,020,34,05,23,247,25,06,54,352,36,09,58,303,23,2*78
1780395288.137,$GAGSV,3,2,09,10,70,120,38,11,75,356,34,12,45,135,34,28,16,036,16,2*78
1780395288.137,$GAGSV,3,3,09,36,25,329,30,2*46
1780395288.138,$GAGSV,3,1,09,04,36,020,36,05,23,247,33,06,54,352,37,09,58,303,09,7*71
1780395288.138,$GAGSV,3,2,09,10,70,120,41,11,75,356,36,12,45,135,37,28,16,036,20,7*77
1780395288.139,$GAGSV,3,3,09,36,25,329,33,7*40
1780395288.139,$GAGSV,1,1,03,16,08,188,,23,00,092,,31,11,137,,0*44
1780395288.140,$GBGSV,2,1,08,06,40,036,36,07,68,116,40,08,22,178,24,09,38,001,36,1*72
1780395288.140,$GBGSV,2,2,08,10,62,142,40,13,28,304,30,14,30,031,31,34,43,190,42,1*7C
1780395288.141,$GBGSV,1,1,02,09,38,001,33,10,62,142,35,3*71
1780395288.141,$GBGSV,3,1,10,01,42,106,,02,63,244,,03,72,138,,04,22,095,,0*75
1780395288.142,$GBGSV,3,2,10,04,22,095,,21,15,051,,24,37,155,,25,03,202,,0*7B
1780395288.142,$GBGSV,3,3,10,25,03,202,,26,37,093,,0*78
1780395288.143,$GNGLL,1339.01476,N,10029.57893,E,101448.00,A,D*7C
1780395289.122,$GNRMC,101449.00,A,1339.01476,N,10029.57893,E,0.012,,020626,0.53,W,R,V*44
1780395289.123,$GNVTG,,T,,M,0.012,N,0.023,K,D*3A
1780395289.126,$GNGGA,101449.00,1339.01476,N,10029.57893,E,4,12,0.79,-1.1,M,-27.8,M,,0499*4C
1780395289.127,$GNGSA,A,3,10,18,23,24,32,,,,,,,,1.54,0.79,1.32,1*01
1780395289.129,$GNGSA,A,3,66,75,65,88,76,81,,,,,,,1.54,0.79,1.32,2*05
1780395289.130,$GNGSA,A,3,05,12,04,06,09,10,11,28,36,,,,1.54,0.79,1.32,3*0E
1780395289.132,$GNGSA,A,3,06,07,08,09,10,13,14,34,,,,,1.54,0.79,1.32,4*0B
1780395289.134,$GPGSV,2,1,08,10,21,328,26,18,84,174,42,23,40,004,39,24,40,045,29,1*62
1780395289.136,$GPGSV,2,2,08,32,31,271,38,40,36,258,33,41,64,233,40,42,70,217,41,1*6F
1780395289.139,$GPGSV,2,1,05,10,21,328,14,18,84,174,41,23,40,004,34,24,40,045,20,6*6E
1780395289.140,$GPGSV,2,2,05,32,31,271,34,6*56
1780395289.142,$GPGSV,3,1,09,05,05,103,,12,13,121,,13,18,120,,15,11,046,,0*61
1780395289.144,$GPGSV,3,2,09,15,11,046,,25,17,158,,27,05,293,,28,15,207,,0*65
1780395289.145,$GPGSV,3,3,09,28,15,207,,0*57
1780395289.147,$GLGSV,2,1,05,65,23,011,35,75,21,075,16,81,23,325,35,87,25,169,19,1*7A
1780395289.149,$GLGSV,2,2,05,88,67,265,42,1*4B
1780395289.151,$GLGSV,2,1,05,66,29,315,35,75,21,075,25,76,26,135,25,81,23,325,37,3*7F
1780395289.152,$GLGSV,2,2,05,88,67,265,40,3*4B
1780395289.153,$GLGSV,1,1,02,67,04,266,,77,06,178,,0*74
1780395289.154,$GAGSV,3,1,09,04,36,020,34,05,23,247,25,06,54,352,36,09,58,303,22,2*79
1780395289.156,$GAGSV,3,2,09,10,70,120,38,11,75,356,33,12,45,135,34,28,16,036,17,2*7E
1780395289.156,$GAGSV,3,3,09,36,25,329,29,2*4E
1780395289.157,$GAGSV,2,1,08,04,36,020,36,05,23,247,33,06,54,352,37,10,70,120,41,7*7C
1780395289.159,$GAGSV,2,2,08,11,75,356,36,12,45,135,37,28,16,036,20,36,25,329,33,7*7D
1780395289.159,$GAGSV,1,1,03,16,08,188,,23,00,092,,31,11,137,,0*44
1780395289.161,$GBGSV,2,1,08,06,40,036,36,07,68,116,40,08,22,178,25,09,38,001,36,1*73
1780395289.162,$GBGSV,2,2,08,10,62,142,40,13,28,304,30,14,30,031,31,34,43,190,42,1*7C
1780395289.162,$GBGSV,1,1,02,09,38,001,33,10,62,142,35,3*71
1780395289.163,$GBGSV,3,1,10,01,42,106,,02,63,244,,03,72,138,,04,22,095,,0*75
1780395289.164,$GBGSV,3,2,10,04,22,095,,21,15,051,,24,37,155,,25,03,202,,0*7B
1780395289.164,$GBGSV,3,3,10,25,03,202,,26,37,093,,0*78
1780395289.165,$GNGLL,1339.01476,N,10029.57893,E,101449.00,A,D*7D
1780395290.119,$GNRMC,101450.00,A,1339.01476,N,10029.57893,E,0.005,,020626,0.53,W,R,V*4A
1780395290.120,$GNVTG,,T,,M,0.005,N,0.009,K,D*34
1780395290.123,$GNGGA,101450.00,1339.01476,N,10029.57893,E,4,12,0.79,-1.1,M,-27.8,M,,0499*44
1780395290.125,$GNGSA,A,3,10,18,23,24,32,,,,,,,,1.54,0.79,1.32,1*01
1780395290.126,$GNGSA,A,3,66,75,65,88,76,81,,,,,,,1.54,0.79,1.32,2*05
1780395290.128,$GNGSA,A,3,05,12,04,06,09,10,11,28,36,,,,1.54,0.79,1.32,3*0E
1780395290.129,$GNGSA,A,3,06,07,08,09,10,13,14,34,,,,,1.54,0.79,1.32,4*0B
1780395290.131,$GPGSV,2,1,08,10,21,328,27,18,84,174,42,23,40,004,39,24,40,045,29,1*63
1780395290.134,$GPGSV,2,2,08,32,31,271,38,40,36,258,33,41,64,233,40,42,70,217,41,1*6F
1780395290.136,$GPGSV,2,1,05,10,21,328,14,18,84,174,41,23,40,004,34,24,40,045,20,6*6E
1780395290.137,$GPGSV,2,2,05,32,31,271,34,6*56
1780395290.140,$GPGSV,3,1,09,05,05,103,,12,13,121,,13,18,120,,15,11,046,,0*61
1780395290.142,$GPGSV,3,2,09,15,11,046,,25,17,158,,27,05,293,,28,15,207,,0*65
1780395290.144,$GPGSV,3,3,09,28,15,207,,0*57
1780395290.146,$GLGSV,2,1,05,65,23,011,34,75,21,075,18,81,23,325,35,87,25,169,19,1*75
1780395290.147,$GLGSV,2,2,05,88,67,265,42,1*4B
1780395290.148,$GLGSV,2,1,05,66,29,315,35,75,21,075,25,76,26,135,25,81,23,325,37,3*7F
1780395290.149,$GLGSV,2,2,05,88,67,265,40,3*4B
1780395290.150,$GLGSV,1,1,02,67,04,266,,77,06,178,,0*74
1780395290.151,$GAGSV,3,1,09,04,36,020,34,05,23,247,25,06,54,352,36,09,58,303,23,2*78
1780395290.152,$GAGSV,3,2,09,10,70,120,38,11,75,356,34,12,45,135,34,28,16,036,17,2*79
1780395290.153,$GAGSV,3,3,09,36,25,329,29,2*4E
1780395290.154,$GAGSV,2,1,08,04,36,020,36,05,23,247,34,06,54,352,37,10,70,120,41,7*7B
1780395290.155,$GAGSV,2,2,08,11,75,356,36,12,45,135,37,28,16,036,21,36,25,329,33,7*7C
1780395290.156,$GAGSV,1,1,03,16,08,188,,23,00,092,,31,11,137,,0*44
1780395290.157,$GBGSV,2,1,08,06,40,036,37,07,68,116,40,08,22,178,24,09,38,001,36,1*73
1780395290.158,$GBGSV,2,2,08,10,62,142,40,13,28,303,30,14,30,031,31,34,43,190,42,1*7B
1780395290.159,$GBGSV,1,1,02,09,38,001,33,10,62,142,35,3*71
1780395290.159,$GBGSV,3,1,10,01,42,106,,02,63,244,,03,72,138,,04,22,095,,0*75
1780395290.160,$GBGSV,3,2,10,04,22,095,,21,15,051,,24,37,155,,25,03,202,,0*7B
1780395290.161,$GBGSV,3,3,10,25,03,202,,26,37,093,,0*78
1780395290.161,$GNGLL,1339.01476,N,10029.57893,E,101450.00,A,D*75
1780395291.126,$GNRMC,101451.00,A,1339.01476,N,10029.57893,E,0.021,,020626,0.53,W,R,V*4D
1780395291.126,$GNVTG,,T,,M,0.021,N,0.039,K,D*31
1780395291.127,$GNGGA,101451.00,1339.01476,N,10029.57893,E,4,12,0.79,-1.1,M,-27.8,M,,0499*45
1780395291.127,$GNGSA,A,3,10,18,23,24,32,,,,,,,,1.54,0.79,1.32,1*01
1780395291.128,$GNGSA,A,3,66,75,65,88,76,81,87,,,,,,1.54,0.79,1.32,2*0A
1780395291.129,$GNGSA,A,3,05,12,04,06,09,10,11,28,36,,,,1.54,0.79,1.32,3*0E
1780395291.129,$GNGSA,A,3,06,07,08,09,10,13,14,34,,,,,1.54,0.79,1.32,4*0B
1780395291.130,$GPGSV,2,1,08,10,21,328,27,18,84,174,42,23,40,004,39,24,40,045,29,1*63
1780395291.131,$GPGSV,2,2,08,32,31,271,38,40,36,258,33,41,64,233,40,42,70,217,41,1*6F
1780395291.131,$GPGSV,2,1,05,10,21,328,14,18,84,174,41,23,40,004,34,24,40,045,20,6*6E
1780395291.132,$GPGSV,2,2,05,32,31,271,34,6*56
1780395291.132,$GPGSV,3,1,09,05,05,103,,12,13,121,,13,18,120,,15,11,046,,0*61
1780395291.133,$GPGSV,3,2,09,15,11,046,,25,17,158,,27,05,293,,28,15,207,,0*65
1780395291.133,$GPGSV,3,3,09,28,15,207,,0*57
1780395291.134,$GLGSV,2,1,05,65,23,011,34,75,21,075,18,81,23,325,35,87,25,169,20,1*7F
1780395291.135,$GLGSV,2,2,05,88,67,265,42,1*4B
1780395291.135,$GLGSV,2,1,05,66,29,315,35,75,21,075,26,76,26,135,26,81,23,325,37,3*7F
1780395291.136,$GLGSV,2,2,05,88,67,265,41,3*4A
1780395291.136,$GLGSV,1,1,02,67,04,266,,77,06,178,,0*74
1780395291.137,$GAGSV,3,1,09,04,36,020,34,05,23,247,25,06,54,352,36,09,58,303,22,2*79
1780395291.138,$GAGSV,3,2,09,10,70,120,38,11,75,356,34,12,45,135,34,28,16,036,17,2*79
1780395291.138,$GAGSV,3,3,09,36,25,329,29,2*4E
1780395291.139,$GAGSV,2,1,08,04,36,020,35,05,23,247,33,06,54,352,37,10,70,120,41,7*7F
1780395291.139,$GAGSV,2,2,08,11,75,356,36,12,45,135,37,28,16,036,21,36,25,329,33,7*7C
1780395291.140,$GAGSV,1,1,03,16,08,188,,23,00,092,,31,11,137,,0*44
1780395291.141,$GBGSV,2,1,08,06,40,036,37,07,68,116,40,08,22,178,23,09,38,001,37,1*75
1780395291.141,$GBGSV,2,2,08,10,62,142,40,13,28,303,30,14,29,031,32,34,43,190,42,1*70
1780395291.142,$GBGSV,1,1,02,09,38,001,32,10,62,142,35,3*70
1780395291.143,$GBGSV,3,1,10,01,42,106,,02,63,244,,03,72,138,,04,22,095,,0*75
1780395291.143,$GBGSV,3,2,10,04,22,095,,21,15,051,,24,37,155,,25,03,202,,0*7B
1780395291.144,$GBGSV,3,3,10,25,03,202,,26,37,093,,0*78
1780395291.144,$GNGLL,1339.01476,N,10029.57893,E,101451.00,A,D*74
1780395292.123,$GNRMC,101452.00,A,1339.01477,N,10029.57893,E,0.030,,020626,0.53,W,R,V*4F
1780395292.124,$GNVTG,,T,,M,0.030,N,0.055,K,D*3B
1780395292.126,$GNGGA,101452.00,1339.01477,N,10029.57893,E,4,12,0.79,-1.1,M,-27.8,M,,0499*47
1780395292.127,$GNGSA,A,3,10,18,23,24,32,,,,,,,,1.54,0.79,1.32,1*01
1780395292.128,$GNGSA,A,3,66,75,65,88,76,81,87,,,,,,1.54,0.79,1.32,2*0A
1780395292.128,$GNGSA,A,3,05,12,04,06,09,10,11,28,36,,,,1.54,0.79,1.32,3*0E
1780395292.129,$GNGSA,A,3,06,07,08,09,10,13,14,34,,,,,1.54,0.79,1.32,4*0B
1780395292.129,$GPGSV,2,1,08,10,21,328,27,18,84,174,42,23,40,004,38,24,40,045,29,1*62
1780395292.130,$GPGSV,2,2,08,32,31,271,38,40,36,258,33,41,64,233,40,42,70,217,41,1*6F
1780395292.131,$GPGSV,2,1,05,10,21,328,13,18,84,174,41,23,40,004,34,24,40,045,20,6*69
1780395292.131,$GPGSV,2,2,05,32,31,271,34,6*56
1780395292.132,$GPGSV,3,1,09,05,05,103,,12,13,121,,13,18,120,,15,11,046,,0*61
1780395292.132,$GPGSV,3,2,09,15,11,046,,25,17,158,,27,05,293,,28,15,207,,0*65
1780395292.133,$GPGSV,3,3,09,28,15,207,,0*57
1780395292.133,$GLGSV,2,1,05,65,23,011,34,75,21,075,19,81,23,325,35,87,25,169,20,1*7E
1780395292.134,$GLGSV,2,2,05,88,67,265,42,1*4B
1780395292.135,$GLGSV,2,1,05,66,29,315,35,75,21,075,26,76,26,135,26,81,23,325,36,3*7E
1780395292.135,$GLGSV,2,2,05,88,67,265,41,3*4A
1780395292.136,$GLGSV,1,1,02,67,04,266,,77,06,178,,0*74
1780395292.136,$GAGSV,3,1,09,04,36,020,34,05,23,247,24,06,54,352,36,09,58,303,23,2*79
1780395292.137,$GAGSV,3,2,09,10,70,120,38,11,75,356,34,12,45,135,34,28,16,036,17,2*79
1780395292.138,$GAGSV,3,3,09,36,25,329,30,2*46
1780395292.138,$GAGSV,2,1,08,04,36,020,35,05,23,247,33,06,54,352,37,10,70,120,41,7*7F
1780395292.139,$GAGSV,2,2,08,11,75,356,36,12,45,135,37,28,16,036,21,36,25,329,33,7*7C
1780395292.140,$GAGSV,1,1,03,16,08,188,,23,00,092,,31,11,137,,0*44
1780395292.140,$GBGSV,2,1,08,06,40,036,36,07,68,116,40,08,22,178,23,09,38,001,37,1*74
1780395292.141,$GBGSV,2,2,08,10,62,142,40,13,28,303,30,14,29,031,31,34,43,190,42,1*73
1780395292.141,$GBGSV,1,1,02,09,38,001,33,10,62,142,35,3*71
1780395292.142,$GBGSV,3,1,10,01,42,106,,02,63,244,,03,72,138,,04,22,095,,0*75
1780395292.142,$GBGSV,3,2,10,04,22,095,,21,15,051,,24,37,155,,25,03,202,,0*7B
1780395292.143,$GBGSV,3,3,10,25,03,202,,26,37,093,,0*78
1780395292.143,$GNGLL,1339.01477,N,10029.57893,E,101452.00,A,D*76
1780395293.123,$GNRMC,101453.00,A,1339.01476,N,10029.57893,E,0.002,,020626,0.53,W,R,V*4E
1780395293.124,$GNVTG,,T,,M,0.002,N,0.004,K,D*3E
1780395293.126,$GNGGA,101453.00,1339.01476,N,10029.57893,E,4,12,0.86,-1.1,M,-27.8,M,,0499*47
1780395293.127,$GNGSA,A,3,10,18,23,24,32,,,,,,,,1.74,0.86,1.52,1*05
1780395293.128,$GNGSA,A,3,66,75,65,88,76,81,87,,,,,,1.74,0.86,1.52,2*0E
1780395293.128,$GNGSA,A,3,05,12,04,06,09,10,11,28,36,,,,1.74,0.86,1.52,3*0A
1780395293.129,$GNGSA,A,3,06,07,08,09,10,13,14,34,,,,,1.74,0.86,1.52,4*0F
1780395293.129,$GPGSV,2,1,08,10,21,328,26,18,84,174,42,23,40,004,38,24,40,045,28,1*62
1780395293.130,$GPGSV,2,2,08,32,31,271,38,40,36,258,33,41,64,233,40,42,70,217,41,1*6F
1780395293.131,$GPGSV,2,1,05,10,21,328,13,18,84,174,41,23,40,004,34,24,40,045,20,6*69
1780395293.131,$GPGSV,2,2,05,32,31,271,34,6*56
1780395293.132,$GPGSV,3,1,09,05,05,103,,12,13,121,,13,18,120,,15,11,046,,0*61
1780395293.132,$GPGSV,3,2,09,15,11,046,,25,17,158,,27,05,293,,28,15,207,,0*65
1780395293.133,$GPGSV,3,3,09,28,15,207,,0*57
1780395293.133,$GLGSV,2,1,05,65,23,011,34,75,21,075,20,81,23,325,36,87,25,169,20,1*77
1780395293.134,$GLGSV,2,2,05,88,67,265,42,1*4B
1780395293.135,$GLGSV,2,1,05,66,29,315,35,75,21,075,26,76,26,135,26,81,23,325,36,3*7E
1780395293.135,$GLGSV,2,2,05,88,67,265,41,3*4A
1780395293.136,$GLGSV,1,1,02,67,04,266,,77,06,178,,0*74
1780395293.137,$GAGSV,3,1,09,04,36,020,34,05,23,247,25,06,54,352,36,09,58,303,23,2*78
1780395293.138,$GAGSV,3,2,09,10,70,121,38,11,75,356,34,12,45,135,35,28,16,036,17,2*79
1780395293.138,$GAGSV,3,3,09,36,25,329,30,2*46
1780395293.139,$GAGSV,3,1,09,04,36,020,35,05,23,247,33,06,54,352,37,09,58,303,19,7*73
1780395293.140,$GAGSV,3,2,09,10,70,121,41,11,75,356,35,12,45,135,36,28,16,036,21,7*75
1780395293.140,$GAGSV,3,3,09,36,25,329,33,7*40
1780395293.141,$GAGSV,1,1,03,16,08,188,,23,00,092,,31,11,137,,0*44
1780395293.141,$GBGSV,2,1,08,06,40,036,36,07,68,116,40,08,22,178,23,09,38,001,37,1*74
1780395293.142,$GBGSV,2,2,08,10,62,142,40,13,28,303,30,14,29,031,31,34,43,190,42,1*73
1780395293.143,$GBGSV,1,1,02,09,38,001,33,10,62,142,35,3*71
1780395293.143,$GBGSV,3,1,10,01,42,106,,02,63,244,,03,72,138,,04,22,095,,0*75
1780395293.144,$GBGSV,3,2,10,04,22,095,,21,15,051,,24,37,155,,25,03,202,,0*7B
1780395293.144,$GBGSV,3,3,10,25,03,202,,26,37,093,,0*78
1780395293.145,$GNGLL,1339.01476,N,10029.57893,E,101453.00,A,D*76
1780395294.130,$GNRMC,101454.00,A,1339.01476,N,10029.57893,E,0.016,,020626,0.53,W,R,V*4C
1780395294.132,$GNVTG,,T,,M,0.016,N,0.030,K,D*3C
1780395294.134,$GNGGA,101454.00,1339.01476,N,10029.57893,E,4,12,0.86,-1.1,M,-27.8,M,,0499*40
1780395294.135,$GNGSA,A,3,10,18,23,24,32,,,,,,,,1.74,0.86,1.52,1*05
1780395294.137,$GNGSA,A,3,66,75,65,88,76,81,87,,,,,,1.74,0.86,1.52,2*0E
1780395294.138,$GNGSA,A,3,05,12,04,06,09,10,11,28,36,,,,1.74,0.86,1.52,3*0A
1780395294.140,$GNGSA,A,3,06,07,08,09,10,13,14,34,,,,,1.74,0.86,1.52,4*0F
1780395294.142,$GPGSV,2,1,08,10,21,328,26,18,84,174,42,23,40,004,38,24,40,045,27,1*6D
1780395294.145,$GPGSV,2,2,08,32,31,271,38,40,36,258,34,41,64,233,40,42,70,217,41,1*68
1780395294.147,$GPGSV,2,1,05,10,21,328,13,18,84,174,41,23,40,004,34,24,40,045,21,6*68
1780395294.149,$GPGSV,2,2,05,32,31,271,34,6*56
1780395294.151,$GPGSV,3,1,09,05,05,103,,12,13,121,,13,18,120,,15,11,046,,0*61
1780395294.153,$GPGSV,3,2,09,15,11,046,,25,17,158,,27,05,293,,28,15,207,,0*65
1780395294.154,$GPGSV,3,3,09,28,15,207,,0*57
1780395294.156,$GLGSV,2,1,07,65,23,011,34,66,29,315,31,75,21,075,19,76,26,135,18,1*77
1780395294.159,$GLGSV,2,2,07,81,23,325,35,87,25,169,20,88,67,265,42,1*47
1780395294.161,$GLGSV,2,1,05,66,29,315,35,75,21,075,26,76,26,135,26,81,23,325,36,3*7E
1780395294.162,$GLGSV,2,2,05,88,67,265,41,3*4A
1780395294.163,$GLGSV,1,1,02,67,04,266,,77,06,178,,0*74
1780395294.164,$GAGSV,3,1,09,04,36,020,34,05,23,247,25,06,54,352,36,09,58,303,24,2*7F
1780395294.166,$GAGSV,3,2,09,10,70,121,38,11,75,356,34,12,45,135,35,28,16,036,17,2*79
1780395294.166,$GAGSV,3,3,09,36,25,329,30,2*46
1780395294.167,$GAGSV,3,1,09,04,36,020,36,05,23,247,33,06,54,352,37,09,58,303,20,7*7A
1780395294.168,$GAGSV,3,2,09,10,70,121,41,11,75,356,36,12,45,135,37,28,16,036,22,7*74
1780395294.169,$GAGSV,3,3,09,36,25,329,33,7*40
1780395294.170,$GAGSV,1,1,03,16,08,188,,23,00,092,,31,11,137,,0*44
1780395294.171,$GBGSV,2,1,08,06,40,036,37,07,68,116,40,08,22,178,23,09,38,001,37,1*75
1780395294.172,$GBGSV,2,2,08,10,62,142,40,13,28,303,31,14,29,031,31,34,43,190,42,1*72
1780395294.172,$GBGSV,1,1,02,09,38,001,33,10,62,142,35,3*71
1780395294.173,$GBGSV,3,1,10,01,42,106,,02,63,244,,03,72,138,,04,22,095,,0*75
1780395294.174,$GBGSV,3,2,10,04,22,095,,21,15,052,,24,37,155,,25,03,202,,0*78
1780395294.175,$GBGSV,3,3,10,25,03,202,,26,37,093,,0*78
1780395294.175,$GNGLL,1339.01476,N,10029.57893,E,101454.00,A,D*71
1780395295.131,$GNRMC,101455.00,A,1339.01479,N,10029.57893,E,0.346,353.60,020626,0.53,W,R,V*59
1780395295.133,$GNVTG,353.60,T,354.13,M,0.346,N,0.640,K,D*38
1780395295.134,$GNGGA,101455.00,1339.01479,N,10029.57893,E,4,12,0.76,-1.1,M,-27.8,M,,0499*41
1780395295.135,$GNGSA,A,3,10,18,23,24,32,,,,,,,,1.46,0.76,1.24,1*0A
1780395295.135,$GNGSA,A,3,66,75,65,88,76,81,87,,,,,,1.46,0.76,1.24,2*01
1780395295.136,$GNGSA,A,3,05,12,04,06,09,10,11,28,36,,,,1.46,0.76,1.24,3*05
1780395295.136,$GNGSA,A,3,06,07,08,09,10,13,14,34,,,,,1.46,0.76,1.24,4*00
1780395295.137,$GPGSV,2,1,08,10,21,328,26,18,84,174,42,23,40,004,38,24,40,045,26,1*6C
1780395295.137,$GPGSV,2,2,08,32,31,271,37,40,36,258,33,41,64,233,40,42,70,217,41,1*60
1780395295.138,$GPGSV,2,1,05,10,21,328,13,18,84,174,41,23,40,004,35,24,40,045,22,6*6A
1780395295.140,$GPGSV,2,2,05,32,31,271,35,6*57
1780395295.140,$GPGSV,3,1,09,05,05,103,,12,13,121,,13,18,120,,15,11,046,,0*61
1780395295.141,$GPGSV,3,2,09,15,11,046,,25,17,158,,27,05,293,,28,15,207,,0*65
1780395295.142,$GPGSV,3,3,09,28,15,207,,0*57
1780395295.142,$GLGSV,2,1,07,65,23,011,35,66,29,315,31,75,21,075,19,76,26,135,18,1*76
1780395295.144,$GLGSV,2,2,07,81,23,325,36,87,25,169,20,88,67,265,42,1*44
1780395295.144,$GLGSV,2,1,05,66,29,315,35,75,21,075,26,76,26,135,27,81,23,325,36,3*7F
1780395295.145,$GLGSV,2,2,05,88,67,265,41,3*4A
1780395295.145,$GLGSV,1,1,02,67,04,266,,77,06,178,,0*74
1780395295.146,$GAGSV,3,1,09,04,36,020,34,05,23,247,25,06,54,352,36,09,58,303,24,2*7F
1780395295.147,$GAGSV,3,2,09,10,70,121,38,11,75,356,34,12,45,135,35,28,16,036,16,2*78
1780395295.148,$GAGSV,3,3,09,36,25,329,30,2*46
1780395295.149,$GAGSV,3,1,09,04,36,020,36,05,23,247,33,06,54,352,37,09,58,303,21,7*7B
1780395295.149,$GAGSV,3,2,09,10,70,121,41,11,75,356,35,12,45,135,36,28,16,036,22,7*76
1780395295.150,$GAGSV,3,3,09,36,25,329,33,7*40
1780395295.150,$GAGSV,1,1,03,16,08,188,,23,00,092,,31,11,137,,0*44
1780395295.151,$GBGSV,2,1,08,06,40,036,37,07,68,116,40,08,22,178,23,09,38,001,36,1*74
1780395295.152,$GBGSV,2,2,08,10,62,142,40,13,28,303,30,14,29,031,32,34,43,190,40,1*72
1780395295.153,$GBGSV,1,1,02,09,38,001,33,10,62,142,36,3*72
1780395295.153,$GBGSV,3,1,10,01,42,106,,02,63,244,,03,72,138,,04,22,095,,0*75
1780395295.154,$GBGSV,3,2,10,04,22,095,,21,15,052,,24,37,155,,25,03,202,,0*78
1780395295.155,$GBGSV,3,3,10,25,03,202,,26,37,093,,0*78
1780395295.155,$GNGLL,1339.01479,N,10029.57893,E,101455.00,A,D*7F
1780395296.130,$GNRMC,101456.00,A,1339.01496,N,10029.57891,E,0.659,354.60,020626,0.53,W,R,V*55
1780395296.131,$GNVTG,354.60,T,355.13,M,0.659,N,1.221,K,D*37
1780395296.133,$GNGGA,101456.00,1339.01496,N,10029.57891,E,4,12,0.86,-1.1,M,-27.8,M,,0499*4E
1780395296.133,$GNGSA,A,3,10,18,23,24,32,,,,,,,,1.74,0.86,1.52,1*05
1780395296.134,$GNGSA,A,3,66,75,65,88,76,81,,,,,,,1.74,0.86,1.52,2*01
1780395296.134,$GNGSA,A,3,05,12,04,06,09,10,11,28,36,,,,1.74,0.86,1.52,3*0A
1780395296.135,$GNGSA,A,3,06,07,08,09,10,13,14,34,,,,,1.74,0.86,1.52,4*0F
1780395296.135,$GPGSV,2,1,08,10,21,328,32,18,84,174,42,23,40,004,39,24,40,045,27,1*69
1780395296.136,$GPGSV,2,2,08,32,31,271,25,40,36,258,32,41,64,233,41,42,70,217,41,1*63
1780395296.137,$GPGSV,2,1,05,10,21,328,15,18,84,174,42,23,40,004,35,24,40,045,23,6*6E
1780395296.137,$GPGSV,2,2,05,32,31,271,22,6*51
1780395296.137,$GPGSV,3,1,09,05,05,103,,12,13,121,,13,18,120,,15,11,046,,0*61
1780395296.138,$GPGSV,3,2,09,15,11,046,,25,17,158,,27,05,293,,28,15,207,,0*65
1780395296.138,$GPGSV,3,3,09,28,15,207,,0*57
1780395296.139,$GLGSV,2,1,07,65,23,011,34,66,29,315,24,75,21,075,21,76,26,135,18,1*78
1780395296.139,$GLGSV,2,2,07,81,23,325,33,87,25,169,17,88,67,265,41,1*46
1780395296.140,$GLGSV,2,1,05,66,29,315,32,75,21,075,25,76,26,135,25,81,23,325,34,3*7B
1780395296.140,$GLGSV,2,2,05,88,67,265,37,3*4B
1780395296.141,$GLGSV,1,1,02,67,04,266,,77,06,178,,0*74
1780395296.141,$GAGSV,3,1,09,04,36,020,33,05,23,247,25,06,54,352,35,09,58,303,21,2*7E
1780395296.142,$GAGSV,3,2,09,10,70,121,38,11,75,356,34,12,45,135,34,28,16,036,14,2*7B
1780395296.142,$GAGSV,3,3,09,36,25,329,29,2*4E
1780395296.143,$GAGSV,3,1,09,04,36,020,33,05,23,247,30,06,54,352,39,09,58,303,22,7*70
1780395296.143,$GAGSV,3,2,09,10,70,121,37,11,75,356,36,12,45,135,36,28,16,036,21,7*77
1780395296.144,$GAGSV,3,3,09,36,25,329,34,7*47
1780395296.144,$GAGSV,1,1,03,16,08,188,,23,00,092,,31,11,137,,0*44
1780395296.145,$GBGSV,2,1,08,06,40,036,37,07,68,116,42,08,22,178,23,09,38,001,36,1*76
1780395296.145,$GBGSV,2,2,08,10,62,142,40,13,28,303,30,14,29,031,26,34,43,190,40,1*77
1780395296.146,$GBGSV,1,1,02,09,38,001,33,10,62,142,37,3*73
1780395296.146,$GBGSV,3,1,10,01,42,106,,02,63,244,,03,72,138,,04,22,095,,0*75
1780395296.147,$GBGSV,3,2,10,04,22,095,,21,15,052,,24,37,155,,25,03,202,,0*78
1780395296.147,$GBGSV,3,3,10,25,03,202,,26,37,093,,0*78
1780395296.148,$GNGLL,1339.01496,N,10029.57891,E,101456.00,A,D*7F
1780395297.133,$GNRMC,101457.00,A,1339.01514,N,10029.57890,E,0.671,356.89,020626,0.53,W,R,V*51
1780395297.135,$GNVTG,356.89,T,357.42,M,0.671,N,1.242,K,D*3B
1780395297.136,$GNGGA,101457.00,1339.01514,N,10029.57890,E,4,12,0.86,-1.1,M,-27.8,M,,0499*45
1780395297.137,$GNGSA,A,3,10,18,23,24,32,,,,,,,,1.74,0.86,1.52,1*05
1780395297.137,$GNGSA,A,3,66,75,65,88,76,81,,,,,,,1.74,0.86,1.52,2*01
1780395297.138,$GNGSA,A,3,05,12,04,06,09,10,11,36,,,,,1.74,0.86,1.52,3*00
1780395297.138,$GNGSA,A,3,06,07,08,09,10,13,14,34,,,,,1.74,0.86,1.52,4*0F
1780395297.139,$GPGSV,2,1,08,10,21,328,27,18,84,174,42,23,40,004,39,24,40,045,33,1*68
1780395297.140,$GPGSV,2,2,08,32,31,271,31,40,36,258,29,41,64,233,41,42,70,217,41,1*6C
1780395297.140,$GPGSV,2,1,05,10,21,328,17,18,84,174,42,23,40,004,35,24,40,045,24,6*6B
1780395297.141,$GPGSV,2,2,05,32,31,271,23,6*50
1780395297.141,$GPGSV,3,1,09,05,05,103,,12,13,121,,13,18,120,,15,11,046,,0*61
1780395297.142,$GPGSV,3,2,09,15,11,046,,25,17,158,,27,05,293,,28,15,207,,0*65
1780395297.143,$GPGSV,3,3,09,28,15,207,,0*57
1780395297.143,$GLGSV,2,1,07,65,23,011,32,66,29,315,29,75,21,075,21,76,26,135,17,1*7C
1780395297.144,$GLGSV,2,2,07,81,23,325,36,87,25,169,18,88,67,265,36,1*4C
1780395297.145,$GLGSV,2,1,05,66,29,315,35,75,21,075,24,76,26,135,23,81,23,325,25,3*7B
1780395297.145,$GLGSV,2,2,05,88,67,265,36,3*4A
1780395297.145,$GLGSV,1,1,02,67,04,266,,77,06,178,,0*74
1780395297.146,$GAGSV,3,1,09,04,36,020,32,05,23,247,23,06,54,352,37,09,58,303,19,2*70
1780395297.147,$GAGSV,3,2,09,10,70,121,38,11,75,356,34,12,45,135,34,28,16,036,12,2*7D
1780395297.147,$GAGSV,3,3,09,36,25,329,28,2*4F
1780395297.148,$GAGSV,2,1,08,04,36,020,32,05,23,247,30,06,54,352,41,09,58,303,31,7*7C
1780395297.149,$GAGSV,2,2,08,10,70,121,41,11,75,356,37,12,45,135,36,36,25,329,30,7*75
1780395297.149,$GAGSV,1,1,03,16,08,188,,23,00,092,,31,11,137,,0*44
1780395297.150,$GBGSV,2,1,08,06,40,036,37,07,68,116,41,08,22,178,24,09,38,001,34,1*70
1780395297.151,$GBGSV,2,2,08,10,62,142,41,13,28,303,23,14,29,031,27,34,43,190,41,1*74
1780395297.151,$GBGSV,1,1,02,09,38,001,32,10,62,142,35,3*70
1780395297.152,$GBGSV,3,1,10,01,42,106,,02,63,244,,03,72,138,,04,22,095,,0*75
1780395297.152,$GBGSV,3,2,10,04,22,095,,21,15,052,,24,37,154,,25,03,202,,0*79
1780395297.153,$GBGSV,3,3,10,25,03,202,,26,37,093,,0*78
1780395297.153,$GNGLL,1339.01514,N,10029.57890,E,101457.00,A,D*74
1780395298.128,$GNRMC,101458.00,A,1339.01536,N,10029.57890,E,0.825,357.29,020626,0.53,W,R,V*5A
1780395298.130,$GNVTG,357.29,T,357.82,M,0.825,N,1.528,K,D*38
1780395298.132,$GNGGA,101458.00,1339.01536,N,10029.57890,E,4,12,0.86,-1.1,M,-27.8,M,,0499*4A
1780395298.132,$GNGSA,A,3,10,18,23,24,32,,,,,,,,1.80,0.86,1.58,1*04
1780395298.133,$GNGSA,A,3,66,75,65,88,76,81,,,,,,,1.80,0.86,1.58,2*00
1780395298.133,$GNGSA,A,3,05,12,04,06,09,10,11,36,,,,,1.80,0.86,1.58,3*01
1780395298.134,$GNGSA,A,3,06,07,08,09,10,13,14,34,,,,,1.80,0.86,1.58,4*0E
1780395298.134,$GPGSV,2,1,08,10,21,328,26,18,84,174,42,23,40,004,39,24,40,045,28,1*63
1780395298.135,$GPGSV,2,2,08,32,31,271,35,40,36,258,28,41,64,233,41,42,70,217,41,1*69
1780395298.136,$GPGSV,2,1,05,10,21,328,18,18,84,174,40,23,40,004,34,24,40,045,29,6*6A
1780395298.136,$GPGSV,2,2,05,32,31,271,22,6*51
1780395298.137,$GPGSV,3,1,09,05,05,103,,12,13,121,,13,18,120,,15,11,046,,0*61
1780395298.137,$GPGSV,3,2,09,15,11,046,,25,17,158,,27,05,293,,28,15,207,,0*65
1780395298.137,$GPGSV,3,3,09,28,15,207,,0*57
1780395298.138,$GLGSV,2,1,07,65,23,011,32,66,29,315,33,75,21,075,20,76,26,135,15,1*74
1780395298.139,$GLGSV,2,2,07,81,23,325,29,87,25,169,17,88,67,265,35,1*4E
1780395298.139,$GLGSV,2,1,05,66,29,315,35,75,21,075,22,76,26,135,20,81,23,325,26,3*7D
1780395298.140,$GLGSV,2,2,05,88,67,265,36,3*4A
1780395298.140,$GLGSV,1,1,02,67,04,266,,77,06,178,,0*74
1780395298.141,$GAGSV,3,1,09,04,36,020,31,05,23,247,24,06,54,352,38,09,58,303,22,2*73
1780395298.141,$GAGSV,3,2,09,10,70,121,39,11,75,356,35,12,45,135,34,28,16,036,13,2*7C
1780395298.142,$GAGSV,3,3,09,36,25,329,28,2*4F
1780395298.142,$GAGSV,2,1,08,04,36,020,30,05,23,247,23,06,54,352,37,09,58,303,26,7*7B
1780395298.143,$GAGSV,2,2,08,10,70,121,39,11,75,356,36,12,45,135,37,36,25,329,25,7*7E
1780395298.143,$GAGSV,1,1,03,16,08,188,,23,00,092,,31,11,137,,0*44
1780395298.144,$GBGSV,2,1,08,06,40,036,39,07,68,116,42,08,22,178,25,09,38,001,36,1*7E
1780395298.144,$GBGSV,2,2,08,10,62,142,43,13,28,303,30,14,29,031,26,34,43,190,41,1*75
1780395298.145,$GBGSV,1,1,02,09,38,001,32,10,62,142,36,3*73
1780395298.145,$GBGSV,3,1,10,01,42,106,,02,63,244,,03,72,138,,04,22,095,,0*75
1780395298.146,$GBGSV,3,2,10,04,22,095,,21,15,052,,24,37,154,,25,03,202,,0*79
1780395298.146,$GBGSV,3,3,10,25,03,202,,26,37,093,,0*78
1780395298.147,$GNGLL,1339.01536,N,10029.57890,E,101458.00,A,D*7B
1780395299.122,$GNRMC,101459.00,A,1339.01559,N,10029.57889,E,0.822,357.47,020626,0.53,W,R,V*55
1780395299.123,$GNVTG,357.47,T,358.00,M,0.822,N,1.522,K,D*38
1780395299.126,$GNGGA,101459.00,1339.01559,N,10029.57889,E,4,12,0.86,-1.1,M,-27.8,M,,0499*4A
1780395299.127,$GNGSA,A,3,10,18,23,24,32,,,,,,,,1.74,0.86,1.52,1*05
1780395299.129,$GNGSA,A,3,66,75,65,88,81,,,,,,,,1.74,0.86,1.52,2*00
1780395299.130,$GNGSA,A,3,05,12,04,06,09,10,11,36,,,,,1.74,0.86,1.52,3*00
1780395299.132,$GNGSA,A,3,06,07,08,09,10,13,14,34,,,,,1.74,0.86,1.52,4*0F
1780395299.134,$GPGSV,2,1,08,10,21,328,35,18,84,174,42,23,40,004,38,24,40,045,28,1*60
1780395299.136,$GPGSV,2,2,08,32,31,271,34,40,36,258,27,41,64,233,37,42,70,217,39,1*69
1780395299.138,$GPGSV,2,1,05,10,21,328,16,18,84,174,41,23,40,004,33,24,40,045,29,6*62
1780395299.139,$GPGSV,2,2,05,32,31,271,20,6*53
1780395299.142,$GPGSV,3,1,09,05,05,103,,12,13,121,,13,18,120,,15,11,046,,0*61
1780395299.144,$GPGSV,3,2,09,15,11,046,,25,17,158,,27,05,293,,28,15,207,,0*65
1780395299.145,$GPGSV,3,3,09,28,15,207,,0*57
1780395299.147,$GLGSV,2,1,07,65,23,011,31,66,29,315,36,75,21,075,22,76,26,135,15,1*70
1780395299.150,$GLGSV,2,2,07,81,23,325,29,87,25,169,17,88,67,265,34,1*4F
1780395299.152,$GLGSV,2,1,05,66,29,315,33,75,21,075,20,76,26,135,18,81,23,325,24,3*70
1780395299.153,$GLGSV,2,2,05,88,67,265,32,3*4E
1780395299.154,$GLGSV,1,1,02,67,04,266,,77,06,178,,0*74
1780395299.155,$GAGSV,3,1,09,04,36,020,30,05,23,247,22,06,54,352,34,09,58,303,25,2*7F
1780395299.156,$GAGSV,3,2,09,10,70,121,39,11,75,356,34,12,45,135,35,28,16,036,15,2*7A
1780395299.156,$GAGSV,3,3,09,36,25,329,26,2*41
1780395299.157,$GAGSV,2,1,08,04,36,020,31,05,23,247,22,06,54,352,41,09,58,303,24,7*78
1780395299.157,$GAGSV,2,2,08,10,70,121,40,11,75,356,35,12,45,135,36,36,25,329,24,7*73
1780395299.158,$GAGSV,1,1,03,16,08,188,,23,00,092,,31,11,137,,0*44
1780395299.158,$GBGSV,2,1,08,06,40,036,37,07,68,116,42,08,22,178,25,09,38,001,36,1*70
1780395299.159,$GBGSV,2,2,08,10,62,142,42,13,28,303,31,14,29,031,26,34,43,190,40,1*74
1780395299.159,$GBGSV,1,1,02,09,38,001,31,10,62,142,37,3*71
1780395299.160,$GBGSV,3,1,10,01,42,106,,02,63,244,,03,72,138,,04,22,095,,0*75
1780395299.160,$GBGSV,3,2,10,04,22,095,,21,15,052,,24,37,154,,25,03,202,,0*79
1780395299.161,$GBGSV,3,3,10,25,03,202,,26,37,092,,0*79
1780395299.161,$GNGLL,1339.01559,N,10029.57889,E,101459.00,A,D*7B
1780395300.129,$GNRMC,101500.00,A,1339.01583,N,10029.57889,E,0.893,1.82,020626,0.53,W,R,V*5C
1780395300.131,$GNVTG,1.82,T,2.35,M,0.893,N,1.654,K,D*33
1780395300.132,$GNGGA,101500.00,1339.01583,N,10029.57889,E,4,12,0.86,-1.1,M,-27.8,M,,0499*40
1780395300.133,$GNGSA,A,3,10,18,23,24,32,,,,,,,,1.74,0.86,1.52,1*05
1780395300.133,$GNGSA,A,3,66,75,65,88,81,,,,,,,,1.74,0.86,1.52,2*00
1780395300.134,$GNGSA,A,3,05,12,04,06,09,10,11,36,,,,,1.74,0.86,1.52,3*00
1780395300.134,$GNGSA,A,3,06,07,08,09,10,13,14,34,,,,,1.74,0.86,1.52,4*0F
1780395300.135,$GPGSV,2,1,08,10,21,328,36,18,84,174,41,23,40,004,37,24,40,045,32,1*64
1780395300.136,$GPGSV,2,2,08,32,31,271,35,40,36,258,31,41,64,233,39,42,70,217,39,1*61
1780395300.136,$GPGSV,2,1,05,10,21,328,17,18,84,174,41,23,40,004,37,24,40,045,25,6*6B
1780395300.137,$GPGSV,2,2,05,32,31,271,21,6*52
1780395300.137,$GPGSV,3,1,09,05,05,103,,12,13,121,,13,18,120,,15,11,046,,0*61
1780395300.138,$GPGSV,3,2,09,15,11,046,,25,17,158,,27,05,293,,28,15,207,,0*65
1780395300.138,$GPGSV,3,3,09,28,15,207,,0*57
1780395300.139,$GLGSV,2,1,07,65,23,011,31,66,29,315,33,75,21,075,22,76,26,135,15,1*75
1780395300.140,$GLGSV,2,2,07,81,23,325,23,87,25,169,15,88,67,265,39,1*4A
1780395300.140,$GLGSV,2,1,05,66,29,315,30,75,21,075,22,76,26,135,16,81,23,325,34,3*7E
1780395300.141,$GLGSV,2,2,05,88,67,265,38,3*44
1780395300.141,$GLGSV,1,1,02,67,04,266,,77,06,178,,0*74
1780395300.142,$GAGSV,3,1,09,04,36,020,30,05,23,247,26,06,54,352,37,09,58,303,23,2*7E
1780395300.142,$GAGSV,3,2,09,10,70,121,39,11,75,356,34,12,45,135,34,28,16,036,15,2*7B
1780395300.142,$GAGSV,3,3,09,36,25,329,23,2*44
1780395300.143,$GAGSV,2,1,08,04,36,020,31,05,23,247,22,06,54,352,40,09,58,303,24,7*79
1780395300.144,$GAGSV,2,2,08,10,70,121,40,11,75,356,37,12,45,135,36,36,25,329,22,7*77
1780395300.144,$GAGSV,1,1,03,16,08,188,,23,00,092,,31,11,137,,0*44
1780395300.145,$GBGSV,2,1,08,06,40,036,41,07,68,116,42,08,22,178,25,09,38,001,37,1*70
1780395300.145,$GBGSV,2,2,08,10,62,142,40,13,28,303,30,14,29,031,25,34,43,190,38,1*7B
1780395300.146,$GBGSV,1,1,02,09,38,001,31,10,62,142,36,3*70
1780395300.146,$GBGSV,3,1,10,01,42,106,,02,63,244,,03,72,138,,04,22,095,,0*75
1780395300.147,$GBGSV,3,2,10,04,22,095,,21,15,052,,24,37,154,,25,03,202,,0*79
1780395300.147,$GBGSV,3,3,10,25,03,202,,26,37,092,,0*79
1780395300.148,$GNGLL,1339.01583,N,10029.57889,E,101500.00,A,D*71
1780395301.126,$GNRMC,101501.00,A,1339.01609,N,10029.57890,E,0.952,2.62,020626,0.53,W,R,V*55
1780395301.128,$GNVTG,2.62,T,3.15,M,0.952,N,1.763,K,D*34
1780395301.130,$GNGGA,101501.00,1339.01609,N,10029.57890,E,4,12,0.86,-1.1,M,-27.8,M,,0499*48
1780395301.131,$GNGSA,A,3,10,18,23,24,32,,,,,,,,1.74,0.86,1.52,1*05
1780395301.131,$GNGSA,A,3,66,75,65,88,81,,,,,,,,1.74,0.86,1.52,2*00
1780395301.132,$GNGSA,A,3,05,12,04,06,09,10,11,36,,,,,1.74,0.86,1.52,3*00
1780395301.132,$GNGSA,A,3,06,07,08,09,10,13,14,34,,,,,1.74,0.86,1.52,4*0F
1780395301.133,$GPGSV,2,1,08,10,21,328,32,18,84,174,42,23,40,004,38,24,40,045,33,1*6D
1780395301.133,$GPGSV,2,2,08,32,31,271,30,40,36,258,30,41,64,233,31,42,70,217,35,1*61
1780395301.134,$GPGSV,2,1,05,10,21,328,22,18,84,174,39,23,40,004,36,24,40,045,31,6*66
1780395301.134,$GPGSV,2,2,05,32,31,271,20,6*53
1780395301.135,$GPGSV,3,1,09,05,05,103,,12,13,121,,13,18,120,,15,11,046,,0*61
1780395301.136,$GPGSV,3,2,09,15,11,046,,25,17,158,,27,05,293,,28,15,207,,0*65
1780395301.136,$GPGSV,3,3,09,28,15,207,,0*57
1780395301.137,$GLGSV,2,1,07,65,23,011,31,66,29,315,31,75,21,075,20,76,26,135,14,1*74
1780395301.137,$GLGSV,2,2,07,81,23,325,25,87,25,169,15,88,67,265,39,1*4C
1780395301.138,$GLGSV,2,1,05,66,29,315,32,75,21,075,22,76,26,135,17,81,23,325,28,3*70
1780395301.139,$GLGSV,2,2,05,88,67,265,37,3*4B
1780395301.139,$GLGSV,1,1,02,67,04,266,,77,06,178,,0*74
1780395301.140,$GAGSV,3,1,09,04,36,020,30,05,23,247,31,06,54,352,39,09,58,303,23,2*76
1780395301.140,$GAGSV,3,2,09,10,70,121,38,11,75,356,34,12,45,135,33,28,16,036,14,2*7C
1780395301.141,$GAGSV,3,3,09,36,25,329,21,2*46
1780395301.142,$GAGSV,2,1,08,04,36,020,35,05,23,247,32,06,54,352,40,09,58,303,25,7*7D
1780395301.142,$GAGSV,2,2,08,10,70,121,38,11,75,356,37,12,45,135,36,36,25,329,22,7*78
1780395301.143,$GAGSV,1,1,03,16,08,188,,23,00,092,,31,11,137,,0*44
1780395301.143,$GBGSV,2,1,08,06,40,036,40,07,68,116,42,08,22,178,25,09,38,001,39,1*7F
1780395301.144,$GBGSV,2,2,08,10,62,142,41,13,28,303,30,14,29,031,24,34,43,190,41,1*75
1780395301.145,$GBGSV,1,1,02,09,38,001,32,10,62,142,36,3*73
1780395301.145,$GBGSV,3,1,10,01,42,106,,02,63,244,,03,72,138,,04,22,095,,0*75
1780395301.146,$GBGSV,3,2,10,04,22,095,,21,15,052,,24,37,154,,25,03,202,,0*79
1780395301.147,$GBGSV,3,3,10,25,03,202,,26,37,092,,0*79
1780395301.147,$GNGLL,1339.01609,N,10029.57890,E,101501.00,A,D*79
1780395302.125,$GNRMC,101502.00,A,1339.01633,N,10029.57892,E,0.844,5.53,020626,0.53,W,R,V*5E
1780395302.127,$GNVTG,5.53,T,6.06,M,0.844,N,1.563,K,D*32
1780395302.128,$GNGGA,101502.00,1339.01633,N,10029.57892,E,4,12,0.86,-1.1,M,-27.8,M,,0499*40
1780395302.129,$GNGSA,A,3,10,18,23,24,32,,,,,,,,1.74,0.86,1.52,1*05
1780395302.130,$GNGSA,A,3,66,75,65,88,81,,,,,,,,1.74,0.86,1.52,2*00
1780395302.130,$GNGSA,A,3,05,12,04,06,09,10,11,36,,,,,1.74,0.86,1.52,3*00
1780395302.131,$GNGSA,A,3,06,07,08,09,10,13,14,34,,,,,1.74,0.86,1.52,4*0F
1780395302.131,$GPGSV,2,1,07,10,21,328,28,18,84,174,43,23,40,004,38,24,40,045,31,1*6A
1780395302.132,$GPGSV,2,2,07,32,31,271,23,41,64,233,37,42,70,217,37,1*55
1780395302.133,$GPGSV,2,1,05,10,21,328,25,18,84,174,40,23,40,004,37,24,40,045,30,6*6F
1780395302.133,$GPGSV,2,2,05,32,31,271,20,6*53
1780395302.134,$GPGSV,3,1,10,05,05,103,,12,13,121,,13,18,120,,15,11,046,,0*69
1780395302.134,$GPGSV,3,2,10,15,11,046,,25,17,158,,27,05,293,,28,15,207,,0*6D
1780395302.135,$GPGSV,3,3,10,28,15,207,,29,16,182,,0*68
1780395302.135,$GLGSV,2,1,07,65,23,011,27,66,29,315,32,75,21,075,20,76,26,135,13,1*77
1780395302.136,$GLGSV,2,2,07,81,23,325,37,87,25,169,16,88,67,265,39,1*4C
1780395302.137,$GLGSV,2,1,05,66,29,315,39,75,21,075,20,76,26,135,16,81,23,325,28,3*78
1780395302.138,$GLGSV,2,2,05,88,67,265,37,3*4B
1780395302.139,$GLGSV,1,1,02,67,04,266,,77,06,178,,0*74
1780395302.140,$GAGSV,3,1,09,04,36,020,30,05,23,247,23,06,54,352,38,09,58,303,23,2*74
1780395302.141,$GAGSV,3,2,09,10,70,121,38,11,75,356,35,12,45,135,32,28,16,036,13,2*7B
1780395302.142,$GAGSV,3,3,09,36,25,329,24,2*43
1780395302.142,$GAGSV,2,1,08,04,36,020,36,05,23,247,25,06,54,352,40,09,58,303,29,7*74
1780395302.143,$GAGSV,2,2,08,10,70,121,39,11,75,356,36,12,45,135,36,36,25,329,29,7*73
1780395302.144,$GAGSV,1,1,03,16,08,188,,23,00,092,,31,11,137,,0*44
1780395302.144,$GBGSV,2,1,08,06,40,036,40,07,68,116,42,08,22,178,27,09,38,001,38,1*7C
1780395302.145,$GBGSV,2,2,08,10,62,142,38,13,28,303,24,14,29,031,26,34,43,190,38,1*72
1780395302.146,$GBGSV,1,1,02,09,38,001,33,10,62,142,36,3*72
1780395302.146,$GBGSV,3,1,10,01,42,106,,02,63,244,,03,72,138,,04,22,095,,0*75
1780395302.147,$GBGSV,3,2,10,04,22,095,,21,15,052,,24,37,154,,25,03,202,,0*79
1780395302.147,$GBGSV,3,3,10,25,03,202,,26,37,092,,0*79
1780395302.148,$GNGLL,1339.01633,N,10029.57892,E,101502.00,A,D*71
1780395303.127,$GNRMC,101503.00,A,1339.01657,N,10029.57892,E,0.870,359.94,020626,0.53,W,R,V*5B
1780395303.129,$GNVTG,359.94,T,0.47,M,0.870,N,1.611,K,D*31
1780395303.130,$GNGGA,101503.00,1339.01657,N,10029.57892,E,4,12,0.86,-1.1,M,-27.8,M,,0499*43
1780395303.131,$GNGSA,A,3,10,18,23,24,32,,,,,,,,1.74,0.86,1.52,1*05
1780395303.131,$GNGSA,A,3,66,65,88,81,,,,,,,,,1.74,0.86,1.52,2*02
1780395303.132,$GNGSA,A,3,05,12,04,06,09,10,11,36,,,,,1.74,0.86,1.52,3*00
1780395303.132,$GNGSA,A,3,06,07,08,09,10,13,14,34,,,,,1.74,0.86,1.52,4*0F
1780395303.133,$GPGSV,2,1,07,10,21,328,30,18,84,174,42,23,40,004,39,24,40,045,27,1*64
1780395303.134,$GPGSV,2,2,07,32,31,271,32,41,64,233,38,42,70,217,40,1*5A
1780395303.134,$GPGSV,2,1,05,10,21,328,30,18,84,174,41,23,40,004,35,24,40,045,30,6*68
1780395303.135,$GPGSV,2,2,05,32,31,271,23,6*50
1780395303.135,$GPGSV,3,1,10,05,05,103,,12,13,121,,13,18,120,,15,11,046,,0*69
1780395303.136,$GPGSV,3,2,10,15,11,046,,25,17,158,,27,05,293,,28,15,207,,0*6D
1780395303.136,$GPGSV,3,3,10,28,15,207,,29,16,182,,0*68
1780395303.137,$GLGSV,2,1,07,65,23,011,29,66,29,315,31,75,21,075,18,76,26,135,13,1*71
1780395303.138,$GLGSV,2,2,07,81,23,325,37,87,25,169,14,88,67,265,37,1*40
1780395303.139,$GLGSV,2,1,05,66,29,315,28,75,21,075,18,76,26,135,16,81,23,325,28,3*73
1780395303.139,$GLGSV,2,2,05,88,67,265,38,3*44
1780395303.140,$GLGSV,1,1,02,67,04,266,,77,06,178,,0*74
1780395303.141,$GAGSV,3,1,09,04,36,020,31,05,23,247,24,06,54,352,38,09,58,303,26,2*77
1780395303.141,$GAGSV,3,2,09,10,70,121,37,11,75,356,35,12,45,135,33,28,16,036,15,2*73
1780395303.142,$GAGSV,3,3,09,36,25,329,25,2*42
1780395303.142,$GAGSV,3,1,09,04,36,020,36,05,23,247,25,06,54,352,40,09,58,303,29,7*74
1780395303.143,$GAGSV,3,2,09,10,70,121,40,11,75,356,36,12,45,135,36,28,16,036,22,7*74
1780395303.143,$GAGSV,3,3,09,36,25,329,30,7*43
1780395303.144,$GAGSV,1,1,03,16,08,188,,23,00,092,,31,11,137,,0*44
1780395303.145,$GBGSV,2,1,08,06,40,036,40,07,68,116,43,08,22,178,27,09,38,001,36,1*73
1780395303.145,$GBGSV,2,2,08,10,62,142,40,13,28,303,30,14,29,031,27,34,43,190,40,1*76
1780395303.146,$GBGSV,1,1,02,09,38,001,32,10,62,142,37,3*72
1780395303.147,$GBGSV,3,1,10,01,42,106,,02,63,244,,03,72,138,,04,22,095,,0*75
1780395303.148,$GBGSV,3,2,10,04,22,095,,21,15,052,,24,37,154,,25,03,202,,0*79
1780395303.148,$GBGSV,3,3,10,25,03,202,,26,37,092,,0*79
1780395303.149,$GNGLL,1339.01657,N,10029.57892,E,101503.00,A,D*72
1780395304.126,$GNRMC,101504.00,A,1339.01683,N,10029.57894,E,0.992,5.41,020626,0.53,W,R,V*5C
1780395304.127,$GNVTG,5.41,T,5.94,M,0.992,N,1.837,K,D*3F
1780395304.128,$GNGGA,101504.00,1339.01683,N,10029.57894,E,4,12,0.89,-1.1,M,-27.8,M,,0499*44
1780395304.129,$GNGSA,A,3,10,18,23,24,32,,,,,,,,1.76,0.89,1.52,1*08
1780395304.129,$GNGSA,A,3,66,75,65,88,81,,,,,,,,1.76,0.89,1.52,2*0D
1780395304.130,$GNGSA,A,3,05,12,04,06,09,10,11,36,,,,,1.76,0.89,1.52,3*0D
1780395304.131,$GNGSA,A,3,06,07,08,09,10,13,14,34,,,,,1.76,0.89,1.52,4*02
1780395304.132,$GPGSV,2,1,07,10,21,328,36,18,84,174,42,23,40,004,38,24,40,045,35,1*60
1780395304.133,$GPGSV,2,2,07,32,31,271,26,41,64,233,41,42,70,217,35,1*53
1780395304.134,$GPGSV,2,1,05,10,21,328,24,18,84,174,41,23,40,004,36,24,40,045,29,6*66
1780395304.135,$GPGSV,2,2,05,32,31,271,25,6*56
1780395304.135,$GPGSV,3,1,10,05,05,103,,12,13,121,,13,18,120,,15,11,046,,0*69
1780395304.136,$GPGSV,3,2,10,15,11,046,,25,17,158,,27,05,293,,28,15,207,,0*6D
1780395304.136,$GPGSV,3,3,10,28,15,207,,29,16,182,,0*68
1780395304.137,$GLGSV,2,1,07,65,23,011,34,66,29,315,34,75,21,075,18,76,26,135,12,1*79
1780395304.138,$GLGSV,2,2,07,81,23,325,37,87,25,169,14,88,67,265,39,1*4E
1780395304.138,$GLGSV,2,1,05,66,29,315,28,75,21,075,20,76,26,135,15,81,23,325,29,3*7A
1780395304.139,$GLGSV,2,2,05,88,67,265,38,3*44
1780395304.140,$GLGSV,1,1,02,67,04,266,,77,06,178,,0*74
1780395304.141,$GAGSV,3,1,09,04,36,020,33,05,23,247,26,06,54,352,37,09,58,303,29,2*77
1780395304.141,$GAGSV,3,2,09,10,70,121,39,11,75,356,35,12,45,135,34,28,16,036,17,2*78
1780395304.142,$GAGSV,3,3,09,36,25,329,24,2*43
1780395304.142,$GAGSV,2,1,08,04,36,020,36,05,23,247,31,06,54,352,41,09,58,303,31,7*79
1780395304.143,$GAGSV,2,2,08,10,70,121,40,11,75,356,36,12,45,135,36,36,25,329,34,7*71
1780395304.144,$GAGSV,1,1,03,16,08,188,,23,00,092,,31,11,137,,0*44
1780395304.144,$GBGSV,2,1,08,06,40,036,40,07,68,116,41,08,22,178,26,09,38,001,36,1*70
1780395304.145,$GBGSV,2,2,08,10,62,142,40,13,28,303,30,14,29,031,26,34,43,190,40,1*77
1780395304.145,$GBGSV,1,1,02,09,38,001,33,10,62,142,37,3*73
1780395304.146,$GBGSV,3,1,10,01,42,106,,02,63,244,,03,72,138,,04,22,095,,0*75
1780395304.146,$GBGSV,3,2,10,04,22,095,,21,15,052,,24,37,154,,25,03,202,,0*79
1780395304.147,$GBGSV,3,3,10,25,03,202,,26,37,092,,0*79
1780395304.147,$GNGLL,1339.01683,N,10029.57894,E,101504.00,A,D*7A
1780395305.123,$GNRMC,101505.00,A,1339.01712,N,10029.57899,E,0.971,1.94,020626,0.53,W,R,V*58
1780395305.125,$GNVTG,1.94,T,2.47,M,0.971,N,1.799,K,D*3C
1780395305.126,$GNGGA,101505.00,1339.01712,N,10029.57899,E,4,12,0.89,-1.1,M,-27.8,M,,0499*41
1780395305.127,$GNGSA,A,3,10,18,23,24,32,,,,,,,,1.76,0.89,1.52,1*08
1780395305.127,$GNGSA,A,3,66,65,88,81,,,,,,,,,1.76,0.89,1.52,2*0F
1780395305.128,$GNGSA,A,3,05,12,04,06,09,10,11,36,,,,,1.76,0.89,1.52,3*0D
1780395305.128,$GNGSA,A,3,06,07,08,09,10,13,14,34,,,,,1.76,0.89,1.52,4*02
1780395305.129,$GPGSV,2,1,07,10,21,328,38,18,84,174,44,23,40,004,41,24,40,045,31,1*62
1780395305.130,$GPGSV,2,2,07,32,31,271,31,41,64,233,39,42,70,217,39,1*56
1780395305.130,$GPGSV,2,1,05,10,21,328,25,18,84,174,41,23,40,004,36,24,40,045,28,6*66
1780395305.131,$GPGSV,2,2,05,32,31,271,26,6*55
1780395305.131,$GPGSV,3,1,10,05,05,103,,12,13,121,,13,18,120,,15,11,046,,0*69
1780395305.132,$GPGSV,3,2,10,15,11,046,,25,17,158,,27,05,293,,28,15,207,,0*6D
1780395305.132,$GPGSV,3,3,10,28,15,207,,29,16,182,,0*68
1780395305.133,$GLGSV,2,1,07,65,23,011,36,66,29,315,34,75,21,075,18,76,26,135,16,1*7F
1780395305.134,$GLGSV,2,2,07,81,23,325,39,87,25,169,16,88,67,265,36,1*4D
1780395305.134,$GLGSV,2,1,06,66,29,315,35,67,04,266,25,75,21,075,19,76,26,135,18,3*75
1780395305.135,$GLGSV,2,2,06,81,23,325,32,88,67,265,39,3*7B
1780395305.135,$GLGSV,1,1,01,77,06,178,,0*40
1780395305.136,$GAGSV,3,1,09,04,36,020,32,05,23,247,24,06,54,352,36,09,58,303,30,2*7D
1780395305.137,$GAGSV,3,2,09,10,70,121,37,11,75,356,35,12,45,135,34,28,16,036,17,2*76
1780395305.137,$GAGSV,3,3,09,36,25,329,25,2*42
1780395305.138,$GAGSV,2,1,08,04,36,020,36,05,23,247,30,06,54,352,41,09,58,303,37,7*7E
1780395305.140,$GAGSV,2,2,08,10,70,121,41,11,75,356,37,12,45,135,37,36,25,329,34,7*70
1780395305.141,$GAGSV,1,1,03,16,08,188,,23,00,092,,31,11,137,,0*44
1780395305.141,$GBGSV,2,1,08,06,40,036,40,07,68,116,43,08,22,178,25,09,38,001,39,1*7E
1780395305.142,$GBGSV,2,2,08,10,62,142,40,13,28,303,30,14,29,031,26,34,42,189,40,1*7E
1780395305.143,$GBGSV,1,1,02,09,38,001,33,10,62,142,35,3*71
1780395305.143,$GBGSV,3,1,10,01,42,106,,02,63,244,,03,72,138,,04,22,095,,0*75
1780395305.144,$GBGSV,3,2,10,04,22,095,,21,15,052,,24,37,154,,25,03,202,,0*79
1780395305.144,$GBGSV,3,3,10,25,03,202,,26,37,092,,0*79
1780395305.145,$GNGLL,1339.01712,N,10029.57899,E,101505.00,A,D*7F
1780395306.125,$GNRMC,101506.00,A,1339.01739,N,10029.57900,E,0.957,356.93,020626,0.53,W,R,V*51
1780395306.127,$GNVTG,356.93,T,357.46,M,0.957,N,1.773,K,D*38
1780395306.128,$GNGGA,101506.00,1339.01739,N,10029.57900,E,4,12,0.89,-1.1,M,-27.8,M,,0499*4A
1780395306.129,$GNGSA,A,3,10,18,23,24,32,,,,,,,,1.76,0.89,1.52,1*08
1780395306.130,$GNGSA,A,3,66,75,65,88,81,,,,,,,,1.76,0.89,1.52,2*0D
1780395306.130,$GNGSA,A,3,05,12,04,06,09,10,11,36,,,,,1.76,0.89,1.52,3*0D
1780395306.131,$GNGSA,A,3,06,07,08,09,10,13,14,34,,,,,1.76,0.89,1.52,4*02
1780395306.131,$GPGSV,2,1,07,10,21,328,36,18,84,174,43,23,40,004,40,24,40,045,34,1*6F
1780395306.132,$GPGSV,2,2,07,32,31,271,32,41,64,233,40,42,70,217,42,1*57
1780395306.133,$GPGSV,2,1,05,10,21,328,25,18,84,174,41,23,40,004,36,24,40,045,28,6*66
1780395306.133,$GPGSV,2,2,05,32,31,271,26,6*55
1780395306.134,$GPGSV,3,1,10,05,05,103,,12,13,121,,13,18,120,,15,11,046,,0*69
1780395306.134,$GPGSV,3,2,10,15,11,046,,25,17,158,,27,05,293,,28,15,207,,0*6D
1780395306.135,$GPGSV,3,3,10,28,15,207,,29,16,182,,0*68
1780395306.135,$GLGSV,2,1,07,65,23,011,33,66,29,315,37,75,21,075,20,76,26,135,18,1*7C
1780395306.136,$GLGSV,2,2,07,81,23,325,37,87,25,169,17,88,67,265,36,1*42
1780395306.137,$GLGSV,2,1,06,66,29,315,29,67,04,266,21,75,21,075,19,76,26,135,18,3*7C
1780395306.137,$GLGSV,2,2,06,81,23,325,36,88,67,265,31,3*77
1780395306.138,$GLGSV,1,1,01,77,06,178,,0*40
1780395306.139,$GAGSV,3,1,09,04,36,020,33,05,23,247,23,06,54,352,34,09,58,303,37,2*7E
1780395306.139,$GAGSV,3,2,09,10,70,121,39,11,75,356,34,12,45,135,35,28,16,036,18,2*77
1780395306.140,$GAGSV,3,3,09,36,25,329,28,2*4F
1780395306.141,$GAGSV,2,1,08,04,36,020,32,05,23,247,21,06,54,352,40,09,58,303,38,7*74
1780395306.142,$GAGSV,2,2,08,10,70,121,40,11,75,356,37,12,45,135,36,36,25,329,33,7*77
1780395306.142,$GAGSV,1,1,03,16,08,188,,23,00,092,,31,11,137,,0*44
1780395306.143,$GBGSV,2,1,08,06,40,036,39,07,68,116,43,08,22,178,25,09,38,001,37,1*7E
1780395306.144,$GBGSV,2,2,08,10,62,142,40,13,28,303,40,14,29,031,32,34,42,189,41,1*7D
1780395306.144,$GBGSV,1,1,02,09,38,001,32,10,62,142,35,3*70
1780395306.145,$GBGSV,3,1,10,01,42,106,,02,63,244,,03,72,138,,04,22,095,,0*75
1780395306.145,$GBGSV,3,2,10,04,22,095,,21,15,052,,24,37,154,,25,03,202,,0*79
1780395306.146,$GBGSV,3,3,10,25,03,202,,26,37,092,,0*79
1780395306.146,$GNGLL,1339.01739,N,10029.57900,E,101506.00,A,D*74
1780395307.124,$GNRMC,101507.00,A,1339.01765,N,10029.57902,E,0.949,3.10,020626,0.53,W,R,V*5C
1780395307.126,$GNVTG,3.10,T,3.63,M,0.949,N,1.757,K,D*3C
1780395307.127,$GNGGA,101507.00,1339.01765,N,10029.57902,E,4,12,0.89,-1.1,M,-27.8,M,,0499*40
1780395307.128,$GNGSA,A,3,10,18,23,24,32,,,,,,,,1.76,0.89,1.52,1*08
1780395307.128,$GNGSA,A,3,66,75,65,88,81,,,,,,,,1.76,0.89,1.52,2*0D
1780395307.129,$GNGSA,A,3,05,12,04,06,09,10,11,36,,,,,1.76,0.89,1.52,3*0D
1780395307.129,$GNGSA,A,3,06,07,08,09,10,13,14,34,,,,,1.76,0.89,1.52,4*02
1780395307.130,$GPGSV,2,1,07,10,21,328,35,18,84,174,43,23,40,004,42,24,40,045,37,1*6D
1780395307.130,$GPGSV,2,2,07,32,31,271,34,41,64,233,40,42,70,217,41,1*52
1780395307.131,$GPGSV,2,1,05,10,21,328,30,18,84,174,42,23,40,004,36,24,40,045,28,6*61
1780395307.132,$GPGSV,2,2,05,32,31,271,25,6*56
1780395307.132,$GPGSV,3,1,10,05,05,103,,12,13,121,,13,18,120,,15,11,046,,0*69
1780395307.133,$GPGSV,3,2,10,15,11,046,,25,17,158,,27,05,293,,28,15,207,,0*6D
1780395307.133,$GPGSV,3,3,10,28,15,207,,29,16,182,,0*68
1780395307.134,$GLGSV,2,1,07,65,23,011,35,66,29,315,32,75,21,075,21,76,26,135,16,1*70
1780395307.135,$GLGSV,2,2,07,81,23,325,39,87,25,169,18,88,67,265,33,1*46
1780395307.135,$GLGSV,2,1,06,66,29,315,22,67,04,266,22,75,21,075,20,76,26,135,17,3*71
1780395307.136,$GLGSV,2,2,06,81,23,325,33,88,67,265,37,3*74
1780395307.136,$GLGSV,1,1,01,77,06,178,,0*40
1780395307.137,$GAGSV,3,1,09,04,36,020,33,05,23,247,26,06,54,352,37,09,58,303,37,2*78
1780395307.138,$GAGSV,3,2,09,10,70,121,39,11,75,356,35,12,45,135,35,28,16,036,16,2*78
1780395307.138,$GAGSV,3,3,09,36,25,329,34,2*42
1780395307.139,$GAGSV,2,1,08,04,36,020,32,05,23,247,23,06,54,352,39,09,58,303,38,7*78
1780395307.140,$GAGSV,2,2,08,10,70,121,40,11,75,356,38,12,45,135,35,28,16,036,22,7*79
1780395307.141,$GAGSV,1,1,03,16,08,188,,23,00,092,,31,11,137,,0*44
1780395307.141,$GBGSV,2,1,08,06,40,036,38,07,68,116,41,08,22,178,25,09,38,001,37,1*7D
1780395307.142,$GBGSV,2,2,08,10,62,142,40,13,28,303,40,14,29,031,26,34,42,189,42,1*7B
1780395307.143,$GBGSV,1,1,02,09,38,001,32,10,62,142,35,3*70
1780395307.143,$GBGSV,3,1,10,01,42,106,,02,63,244,,03,72,138,,04,22,095,,0*75
1780395307.144,$GBGSV,3,2,10,04,22,095,,21,15,052,,24,37,154,,25,03,202,,0*79
1780395307.144,$GBGSV,3,3,10,25,03,202,,26,37,092,,0*79
1780395307.145,$GNGLL,1339.01765,N,10029.57902,E,101507.00,A,D*7E
1780395308.120,$GNRMC,101508.00,A,1339.01791,N,10029.57904,E,0.926,1.15,020626,0.53,W,R,V*50
1780395308.123,$GNVTG,1.15,T,1.68,M,0.926,N,1.715,K,D*3D
1780395308.124,$GNGGA,101508.00,1339.01791,N,10029.57904,E,4,12,0.89,-1.1,M,-27.8,M,,0499*42
1780395308.125,$GNGSA,A,3,10,18,23,24,32,,,,,,,,1.76,0.89,1.52,1*08
1780395308.126,$GNGSA,A,3,66,75,65,88,81,,,,,,,,1.76,0.89,1.52,2*0D
1780395308.126,$GNGSA,A,3,05,12,04,06,09,10,11,36,,,,,1.76,0.89,1.52,3*0D
1780395308.127,$GNGSA,A,3,06,07,08,09,10,13,14,34,,,,,1.76,0.89,1.52,4*02
1780395308.127,$GPGSV,2,1,07,10,21,328,36,18,84,174,43,23,40,004,39,24,40,045,31,1*64
1780395308.128,$GPGSV,2,2,07,32,31,271,37,41,64,233,41,42,70,217,43,1*52
1780395308.129,$GPGSV,2,1,05,10,21,328,31,18,84,174,42,23,40,004,36,24,40,045,27,6*6F
1780395308.129,$GPGSV,2,2,05,32,31,271,21,6*52
1780395308.130,$GPGSV,3,1,10,05,05,103,,12,13,121,,13,18,120,,15,11,046,,0*69
1780395308.130,$GPGSV,3,2,10,15,11,046,,25,17,158,,27,05,293,,28,15,207,,0*6D
1780395308.131,$GPGSV,3,3,10,28,15,207,,29,16,182,,0*68
1780395308.131,$GLGSV,2,1,07,65,23,011,34,66,29,315,32,75,21,075,21,76,26,135,14,1*73
1780395308.132,$GLGSV,2,2,07,81,23,325,38,87,25,169,17,88,67,265,37,1*4C
1780395308.133,$GLGSV,2,1,06,66,29,315,29,67,04,266,23,75,21,075,21,76,26,135,16,3*7B
1780395308.134,$GLGSV,2,2,06,81,23,325,33,88,67,265,35,3*76
1780395308.134,$GLGSV,1,1,01,77,06,178,,0*40
1780395308.135,$GAGSV,3,1,09,04,36,020,32,05,23,247,27,06,54,352,37,09,58,303,37,2*78
1780395308.136,$GAGSV,3,2,09,10,70,121,39,11,75,356,35,12,45,135,35,28,16,036,15,2*7B
1780395308.136,$GAGSV,3,3,09,36,25,329,29,2*4E
1780395308.137,$GAGSV,3,1,09,04,36,020,35,05,23,247,26,06,54,352,39,09,58,303,38,7*7A
1780395308.137,$GAGSV,3,2,09,10,70,121,40,11,75,356,38,12,45,135,36,28,16,036,20,7*78
1780395308.138,$GAGSV,3,3,09,36,25,329,33,7*40
1780395308.138,$GAGSV,1,1,03,16,08,188,,23,00,092,,31,11,137,,0*44
1780395308.139,$GBGSV,2,1,08,06,40,036,38,07,68,116,42,08,22,178,26,09,38,001,37,1*7D
1780395308.140,$GBGSV,2,2,08,10,62,142,41,13,28,303,36,14,29,031,31,34,42,189,42,1*7D
1780395308.140,$GBGSV,1,1,02,09,38,001,33,10,62,142,36,3*72
1780395308.141,$GBGSV,3,1,10,01,42,106,,02,63,244,,03,72,138,,04,22,095,,0*75
1780395308.141,$GBGSV,3,2,10,04,22,095,,21,15,052,,24,37,154,,25,03,202,,0*79
1780395308.142,$GBGSV,3,3,10,25,03,202,,26,37,092,,0*79
1780395308.142,$GNGLL,1339.01791,N,10029.57904,E,101508.00,A,D*7C
1780395309.128,$GNRMC,101509.00,A,1339.01817,N,10029.57904,E,0.967,1.93,020626,0.53,W,R,V*5B
1780395309.130,$GNVTG,1.93,T,2.46,M,0.967,N,1.791,K,D*35
1780395309.133,$GNGGA,101509.00,1339.01817,N,10029.57904,E,4,12,0.89,-1.1,M,-27.8,M,,0499*42
1780395309.134,$GNGSA,A,3,10,18,23,24,32,,,,,,,,1.76,0.89,1.52,1*08
1780395309.136,$GNGSA,A,3,66,75,65,88,81,,,,,,,,1.76,0.89,1.52,2*0D
1780395309.137,$GNGSA,A,3,05,12,04,06,09,10,11,36,,,,,1.76,0.89,1.52,3*0D
1780395309.139,$GNGSA,A,3,06,07,08,09,10,13,14,34,,,,,1.76,0.89,1.52,4*02
1780395309.141,$GPGSV,2,1,07,10,21,328,38,18,84,174,42,23,40,004,40,24,40,045,30,1*64
1780395309.143,$GPGSV,2,2,07,32,31,271,30,41,64,233,39,42,70,217,40,1*59
1780395309.145,$GPGSV,2,1,05,10,21,328,30,18,84,174,41,23,40,004,35,24,40,045,26,6*6F
1780395309.146,$GPGSV,2,2,05,32,31,271,20,6*53
1780395309.148,$GPGSV,3,1,10,05,05,103,,12,13,121,,13,18,120,,15,11,046,,0*69
1780395309.150,$GPGSV,3,2,10,15,11,046,,25,17,158,,27,05,293,,28,15,207,,0*6D
1780395309.152,$GPGSV,3,3,10,28,15,207,,29,16,182,,0*68
1780395309.154,$GLGSV,2,1,07,65,23,011,34,66,29,315,31,75,21,075,22,76,26,135,17,1*70
1780395309.156,$GLGSV,2,2,07,81,23,325,36,87,25,169,16,88,67,265,38,1*4C
1780395309.157,$GLGSV,2,1,06,66,29,315,34,67,04,266,29,75,21,075,21,76,26,135,14,3*7F
1780395309.158,$GLGSV,2,2,06,81,23,325,29,88,67,265,38,3*70
1780395309.159,$GLGSV,1,1,01,77,06,178,,0*40
1780395309.160,$GAGSV,3,1,09,04,36,020,32,05,23,247,24,06,54,352,38,09,58,303,37,2*74
1780395309.161,$GAGSV,3,2,09,10,70,121,39,11,75,356,35,12,45,135,35,28,16,036,14,2*7A
1780395309.162,$GAGSV,3,3,09,36,25,329,30,2*46
1780395309.163,$GAGSV,2,1,08,04,36,020,33,05,23,247,25,06,54,352,40,09,58,303,38,7*71
1780395309.164,$GAGSV,2,2,08,10,70,121,40,11,75,356,38,12,45,135,36,36,25,329,33,7*78
1780395309.165,$GAGSV,1,1,03,16,08,188,,23,00,092,,31,11,137,,0*44
1780395309.166,$GBGSV,2,1,08,06,40,036,38,07,68,116,42,08,22,178,25,09,38,001,35,1*7C
1780395309.167,$GBGSV,2,2,08,10,62,142,41,13,28,303,38,14,29,031,31,34,42,189,39,1*7F
1780395309.167,$GBGSV,1,1,02,09,38,001,32,10,62,142,36,3*73
1780395309.168,$GBGSV,3,1,10,01,42,106,,02,63,244,,03,72,138,,04,22,095,,0*75
1780395309.169,$GBGSV,3,2,10,04,22,095,,21,15,052,,24,37,154,,25,03,202,,0*79
1780395309.169,$GBGSV,3,3,10,25,03,202,,26,37,092,,0*79
1780395309.170,$GNGLL,1339.01817,N,10029.57904,E,101509.00,A,D*7C
1780395310.126,$GNRMC,101510.00,A,1339.01843,N,10029.57904,E,0.879,2.13,020626,0.53,W,R,V*57
1780395310.128,$GNVTG,2.13,T,2.66,M,0.879,N,1.628,K,D*31
1780395310.129,$GNGGA,101510.00,1339.01843,N,10029.57904,E,4,12,0.89,-1.1,M,-27.8,M,,0499*4B
1780395310.130,$GNGSA,A,3,10,18,23,24,32,,,,,,,,1.76,0.89,1.52,1*08
1780395310.131,$GNGSA,A,3,66,75,65,88,81,,,,,,,,1.76,0.89,1.52,2*0D
1780395310.131,$GNGSA,A,3,05,12,04,06,09,10,11,36,,,,,1.76,0.89,1.52,3*0D
1780395310.132,$GNGSA,A,3,06,07,08,09,10,13,14,34,,,,,1.76,0.89,1.52,4*02
1780395310.132,$GPGSV,2,1,07,10,21,328,35,18,84,174,42,23,40,004,38,24,40,045,30,1*66
1780395310.133,$GPGSV,2,2,07,32,31,271,29,41,64,233,39,42,70,217,41,1*50
1780395310.134,$GPGSV,2,1,05,10,21,328,30,18,84,174,43,23,40,004,35,24,40,045,26,6*6D
1780395310.134,$GPGSV,2,2,05,32,31,271,28,6*5B
1780395310.135,$GPGSV,3,1,10,05,05,103,,12,13,121,,13,18,120,,15,11,046,,0*69
1780395310.135,$GPGSV,3,2,10,15,11,046,,25,17,158,,27,05,293,,28,15,207,,0*6D
1780395310.136,$GPGSV,3,3,10,28,15,207,,29,16,182,,0*68
1780395310.136,$GLGSV,2,1,07,65,23,011,34,66,29,315,32,75,21,075,22,76,26,135,17,1*73
1780395310.137,$GLGSV,2,2,07,81,23,325,38,87,25,169,14,88,67,265,38,1*40
1780395310.138,$GLGSV,2,1,06,66,29,315,34,67,04,266,21,75,21,075,22,76,26,135,15,3*75
1780395310.140,$GLGSV,2,2,06,81,23,325,29,88,67,265,36,3*7E
1780395310.141,$GLGSV,1,1,01,77,06,178,,0*40
1780395310.141,$GAGSV,3,1,09,04,36,020,32,05,23,247,22,06,54,352,37,09,58,303,35,2*7F
1780395310.142,$GAGSV,3,2,09,10,70,121,38,11,75,356,34,12,45,135,34,28,16,036,14,2*7B
1780395310.143,$GAGSV,3,3,09,36,25,329,30,2*46
1780395310.144,$GAGSV,3,1,09,04,36,020,36,05,23,247,23,06,54,352,38,09,58,303,36,7*73
1780395310.145,$GAGSV,3,2,09,10,70,121,40,11,75,356,37,12,45,135,36,28,16,036,18,7*7C
1780395310.145,$GAGSV,3,3,09,36,25,329,32,7*41
1780395310.146,$GAGSV,1,1,03,16,08,188,,23,00,092,,31,11,137,,0*44
1780395310.147,$GBGSV,2,1,08,06,40,036,40,07,68,116,42,08,22,178,25,09,38,001,37,1*71
1780395310.148,$GBGSV,2,2,08,10,62,142,41,13,28,303,32,14,29,031,27,34,42,189,38,1*73
1780395310.149,$GBGSV,1,1,02,09,38,001,33,10,62,142,36,3*72
1780395310.149,$GBGSV,3,1,10,01,42,106,,02,63,244,,03,72,138,,04,22,095,,0*75
1780395310.150,$GBGSV,3,2,10,04,22,095,,21,15,052,,24,37,154,,25,03,202,,0*79
1780395310.151,$GBGSV,3,3,10,25,03,202,,26,37,092,,0*79
1780395310.151,$GNGLL,1339.01843,N,10029.57904,E,101510.00,A,D*75
1780395311.122,$GNRMC,101511.00,A,1339.01867,N,10029.57903,E,0.954,354.78,020626,0.53,W,R,V*54
1780395311.125,$GNVTG,354.78,T,355.31,M,0.954,N,1.767,K,D*3B
1780395311.127,$GNGGA,101511.00,1339.01867,N,10029.57903,E,4,12,0.86,-1.1,M,-27.8,M,,0499*44
1780395311.129,$GNGSA,A,3,10,18,23,24,32,,,,,,,,1.74,0.86,1.52,1*05
1780395311.130,$GNGSA,A,3,66,75,65,88,81,,,,,,,,1.74,0.86,1.52,2*00
1780395311.132,$GNGSA,A,3,05,12,04,06,09,10,11,36,,,,,1.74,0.86,1.52,3*00
1780395311.134,$GNGSA,A,3,06,07,08,09,10,13,14,34,,,,,1.74,0.86,1.52,4*0F
1780395311.136,$GPGSV,2,1,07,10,21,328,37,18,84,174,42,23,40,004,39,24,40,045,24,1*60
1780395311.138,$GPGSV,2,2,07,32,31,271,30,41,64,233,39,42,70,217,41,1*58
1780395311.140,$GPGSV,2,1,05,10,21,328,29,18,84,174,42,23,40,004,37,24,40,045,26,6*66
1780395311.141,$GPGSV,2,2,05,32,31,271,25,6*56
1780395311.143,$GPGSV,3,1,10,05,05,103,,12,13,121,,13,18,120,,15,11,046,,0*69
1780395311.145,$GPGSV,3,2,10,15,11,046,,25,17,158,,27,05,293,,28,15,207,,0*6D
1780395311.147,$GPGSV,3,3,10,28,15,207,,29,16,182,,0*68
1780395311.149,$GLGSV,2,1,07,65,23,012,33,66,29,315,38,75,21,075,22,76,26,135,16,1*7C
1780395311.151,$GLGSV,2,2,07,81,23,325,36,87,25,169,12,88,67,265,39,1*49
1780395311.152,$GLGSV,2,1,06,66,29,315,37,67,04,266,30,75,21,075,20,76,26,135,14,3*75
1780395311.153,$GLGSV,2,2,06,81,23,325,32,88,67,265,38,3*7A
1780395311.154,$GLGSV,1,1,01,77,06,178,,0*40
1780395311.155,$GAGSV,3,1,09,04,36,020,33,05,23,247,22,06,54,352,37,09,58,303,36,2*7D
1780395311.156,$GAGSV,3,2,09,10,70,121,39,11,75,356,34,12,45,135,33,28,16,036,14,2*7D
1780395311.157,$GAGSV,3,3,09,36,25,329,29,2*4E
1780395311.158,$GAGSV,2,1,08,04,36,020,37,05,23,247,22,06,54,352,38,09,58,303,38,7*7D
1780395311.159,$GAGSV,2,2,08,10,70,121,40,11,75,356,38,12,45,135,36,36,25,329,27,7*7D
1780395311.160,$GAGSV,1,1,03,16,08,188,,23,00,092,,31,11,137,,0*44
1780395311.161,$GBGSV,2,1,08,06,40,036,40,07,68,116,41,08,22,178,25,09,38,001,34,1*71
1780395311.162,$GBGSV,2,2,08,10,62,142,40,13,28,303,27,14,29,031,26,34,42,189,39,1*76
1780395311.162,$GBGSV,1,1,02,09,38,001,33,10,62,142,36,3*72
1780395311.163,$GBGSV,3,1,10,01,42,106,,02,63,244,,03,72,138,,04,22,095,,0*75
1780395311.164,$GBGSV,3,2,10,04,22,095,,21,15,052,,24,37,154,,25,03,202,,0*79
1780395311.164,$GBGSV,3,3,10,25,03,202,,26,37,092,,0*79
1780395311.165,$GNGLL,1339.01867,N,10029.57903,E,101511.00,A,D*75
1780395312.125,$GNRMC,101512.00,A,1339.01894,N,10029.57903,E,0.949,359.82,020626,0.53,W,R,V*5F
1780395312.129,$GNVTG,359.82,T,0.34,M,0.949,N,1.757,K,D*3A
1780395312.133,$GNGGA,101512.00,1339.01894,N,10029.57903,E,4,12,0.86,-1.0,M,-27.8,M,,0499*4A
1780395312.136,$GNGSA,A,3,10,18,23,24,32,,,,,,,,1.74,0.86,1.52,1*05
1780395312.137,$GNGSA,A,3,66,75,65,88,81,,,,,,,,1.74,0.86,1.52,2*00
1780395312.139,$GNGSA,A,3,05,12,04,06,09,10,11,36,,,,,1.74,0.86,1.52,3*00
1780395312.140,$GNGSA,A,3,06,07,08,09,10,13,14,34,,,,,1.74,0.86,1.52,4*0F
1780395312.142,$GPGSV,2,1,07,10,21,328,35,18,84,174,42,23,40,004,39,24,40,045,30,1*67
1780395312.144,$GPGSV,2,2,07,32,31,271,28,41,64,233,37,42,70,217,41,1*5F
1780395312.145,$GPGSV,2,1,05,10,21,328,30,18,84,174,42,23,40,004,37,24,40,045,26,6*6E
1780395312.145,$GPGSV,2,2,05,32,31,271,25,6*56
1780395312.146,$GPGSV,3,1,10,05,05,103,,12,13,121,,13,18,120,,15,11,046,,0*69
1780395312.146,$GPGSV,3,2,10,15,11,046,,25,17,158,,27,05,293,,28,15,207,,0*6D
1780395312.147,$GPGSV,3,3,10,28,15,207,,29,16,182,,0*68
1780395312.148,$GLGSV,2,1,07,65,23,012,33,66,28,317,33,75,21,075,22,76,26,135,13,1*71
1780395312.148,$GLGSV,2,2,07,81,23,325,36,87,25,169,09,88,67,265,40,1*4D
1780395312.149,$GLGSV,2,1,06,66,28,317,32,67,04,266,22,75,21,075,20,76,26,135,12,3*76
1780395312.149,$GLGSV,2,2,06,81,23,325,32,88,67,265,39,3*7B
1780395312.150,$GLGSV,1,1,01,77,06,178,,0*40
1780395312.150,$GAGSV,3,1,09,04,36,020,36,05,23,247,22,06,54,352,39,09,58,303,35,2*75
1780395312.151,$GAGSV,3,2,09,10,70,121,39,11,75,356,34,12,45,135,34,28,16,036,15,2*7B
1780395312.152,$GAGSV,3,3,09,36,25,329,30,2*46
1780395312.152,$GAGSV,2,1,08,04,36,020,37,05,23,247,23,06,54,352,39,09,58,303,37,7*72
1780395312.153,$GAGSV,2,2,08,10,70,121,40,11,75,356,38,12,45,135,35,36,25,329,27,7*7E
1780395312.154,$GAGSV,1,1,03,16,08,188,,23,00,092,,31,11,137,,0*44
1780395312.155,$GBGSV,2,1,08,06,40,036,38,07,68,116,41,08,22,178,25,09,38,001,34,1*7E
1780395312.155,$GBGSV,2,2,08,10,62,142,40,13,28,303,32,14,29,031,31,34,42,189,35,1*78
1780395312.156,$GBGSV,1,1,02,09,38,001,33,10,62,142,36,3*72
1780395312.156,$GBGSV,3,1,10,01,42,106,,02,63,244,,03,72,138,,04,22,095,,0*75
1780395312.157,$GBGSV,3,2,10,04,22,095,,21,15,052,,24,37,154,,25,03,202,,0*79
1780395312.157,$GBGSV,3,3,10,25,03,202,,26,37,092,,0*79
1780395312.158,$GNGLL,1339.01894,N,10029.57903,E,101512.00,A,D*7A
1780395313.124,$GNRMC,101513.00,A,1339.01919,N,10029.57903,E,0.886,358.58,020626,0.53,W,R,V*5E
1780395313.125,$GNVTG,358.58,T,359.11,M,0.886,N,1.641,K,D*30
1780395313.128,$GNGGA,101513.00,1339.01919,N,10029.57903,E,4,12,0.86,-1.0,M,-27.8,M,,0499*4F
1780395313.129,$GNGSA,A,3,10,18,23,24,32,,,,,,,,1.74,0.86,1.52,1*05
1780395313.131,$GNGSA,A,3,66,75,65,88,81,,,,,,,,1.74,0.86,1.52,2*00
1780395313.132,$GNGSA,A,3,05,12,04,06,09,10,11,36,,,,,1.74,0.86,1.52,3*00
1780395313.134,$GNGSA,A,3,06,07,08,09,10,13,14,34,,,,,1.74,0.86,1.52,4*0F
1780395313.137,$GPGSV,2,1,07,10,21,328,37,18,84,174,42,23,40,004,38,24,40,045,33,1*67
1780395313.139,$GPGSV,2,2,07,32,31,271,36,41,64,233,39,42,70,217,42,1*5D
1780395313.142,$GPGSV,2,1,05,10,21,328,29,18,84,174,41,23,40,004,36,24,40,045,23,6*61
1780395313.144,$GPGSV,2,2,05,32,31,271,29,6*5A
1780395313.147,$GPGSV,3,1,10,05,05,103,,12,13,121,,13,18,120,,15,11,046,,0*69
1780395313.149,$GPGSV,3,2,10,15,11,046,,25,17,158,,27,05,293,,28,15,207,,0*6D
1780395313.150,$GPGSV,3,3,10,28,15,207,,29,16,182,,0*68
1780395313.152,$GLGSV,2,1,07,65,23,012,33,66,28,317,36,75,21,075,19,76,26,135,14,1*7B
1780395313.155,$GLGSV,2,2,07,81,23,325,33,87,25,169,13,88,67,265,39,1*4D
1780395313.156,$GLGSV,2,1,06,66,28,317,37,67,04,267,24,75,21,075,20,76,26,135,13,3*75
1780395313.157,$GLGSV,2,2,06,81,23,325,33,88,67,265,39,3*7A
1780395313.157,$GLGSV,1,1,01,77,06,178,,0*40
1780395313.158,$GAGSV,3,1,09,04,36,020,35,05,23,247,21,06,54,352,38,09,58,303,35,2*74
1780395313.158,$GAGSV,3,2,09,10,70,121,38,11,75,356,34,12,45,135,34,28,16,036,15,2*7A
1780395313.159,$GAGSV,3,3,09,36,25,329,31,2*47
1780395313.159,$GAGSV,3,1,09,04,36,020,38,05,23,247,22,06,54,352,39,09,58,303,37,7*7C
1780395313.160,$GAGSV,3,2,09,10,70,121,40,11,75,356,38,12,45,135,36,28,16,036,22,7*7A
1780395313.160,$GAGSV,3,3,09,36,25,329,28,7*4A
1780395313.161,$GAGSV,1,1,03,16,08,188,,23,00,092,,31,11,137,,0*44
1780395313.161,$GBGSV,2,1,08,06,40,036,37,07,68,116,41,08,22,178,25,09,38,001,36,1*73
1780395313.162,$GBGSV,2,2,08,10,62,142,40,13,28,303,25,14,29,031,30,34,42,189,37,1*7D
1780395313.162,$GBGSV,1,1,02,09,38,001,33,10,62,142,35,3*71
1780395313.163,$GBGSV,3,1,10,01,42,106,,02,63,244,,03,72,138,,04,22,095,,0*75
1780395313.163,$GBGSV,3,2,10,04,22,095,,21,15,052,,24,37,154,,25,03,202,,0*79
1780395313.164,$GBGSV,3,3,10,25,03,202,,26,37,092,,0*79
1780395313.164,$GNGLL,1339.01919,N,10029.57903,E,101513.00,A,D*7F
1780395314.127,$GNRMC,101514.00,A,1339.01946,N,10029.57904,E,1.002,0.55,020626,0.53,W,R,V*52
1780395314.129,$GNVTG,0.55,T,1.08,M,1.002,N,1.856,K,D*38
1780395314.132,$GNGGA,101514.00,1339.01946,N,10029.57904,E,4,12,0.86,-1.0,M,-27.8,M,,0499*45
1780395314.133,$GNGSA,A,3,10,18,23,24,32,,,,,,,,1.74,0.86,1.52,1*05
1780395314.135,$GNGSA,A,3,66,75,65,88,81,,,,,,,,1.74,0.86,1.52,2*00
1780395314.137,$GNGSA,A,3,05,12,04,06,09,10,11,36,,,,,1.74,0.86,1.52,3*00
1780395314.138,$GNGSA,A,3,06,07,08,09,10,13,14,34,,,,,1.74,0.86,1.52,4*0F
1780395314.140,$GPGSV,2,1,07,10,21,328,37,18,84,174,42,23,40,004,40,24,40,045,33,1*68
1780395314.143,$GPGSV,2,2,07,32,31,271,39,41,64,233,39,42,70,217,41,1*51
1780395314.147,$GPGSV,2,1,05,10,21,328,29,18,84,174,41,23,40,004,36,24,40,045,23,6*61
1780395314.149,$GPGSV,2,2,05,32,31,271,32,6*50
1780395314.151,$GPGSV,3,1,10,05,05,103,,12,13,121,,13,18,120,,15,11,046,,0*69
1780395314.153,$GPGSV,3,2,10,15,11,046,,25,17,158,,27,05,293,,28,15,207,,0*6D
1780395314.154,$GPGSV,3,3,10,28,15,207,,29,16,182,,0*68
1780395314.156,$GLGSV,2,1,07,65,23,012,36,66,28,317,39,75,21,075,20,76,26,135,13,1*7C
1780395314.157,$GLGSV,2,2,07,81,23,325,35,87,25,169,15,88,67,265,38,1*4C
1780395314.158,$GLGSV,2,1,06,66,28,317,34,67,04,267,23,75,21,075,22,76,26,135,15,3*75
1780395314.160,$GLGSV,2,2,06,81,23,325,33,88,67,265,37,3*74
1780395314.160,$GLGSV,1,1,01,77,06,178,,0*40
1780395314.161,$GAGSV,3,1,09,04,36,020,35,05,23,247,21,06,54,352,38,09,58,303,36,2*77
1780395314.162,$GAGSV,3,2,09,10,70,121,38,11,75,356,34,12,45,135,34,28,16,036,15,2*7A
1780395314.163,$GAGSV,3,3,09,36,25,329,30,2*46
1780395314.164,$GAGSV,3,1,09,04,36,020,37,05,23,247,23,06,54,352,40,09,58,303,37,7*7C
1780395314.165,$GAGSV,3,2,09,10,70,121,40,11,75,356,37,12,45,135,36,28,16,036,21,7*76
1780395314.166,$GAGSV,3,3,09,36,25,329,27,7*45
1780395314.166,$GAGSV,1,1,03,16,08,188,,23,00,092,,31,11,137,,0*44
1780395314.168,$GBGSV,2,1,08,06,40,036,40,07,68,116,42,08,22,178,23,09,38,001,38,1*78
1780395314.169,$GBGSV,2,2,08,10,62,142,41,13,28,303,26,14,29,031,30,34,42,189,35,1*7D
1780395314.170,$GBGSV,1,1,03,08,22,178,19,09,38,001,32,10,62,142,36,3*4C
1780395314.170,$GBGSV,3,1,10,01,42,106,,02,63,244,,03,72,138,,04,22,095,,0*75
1780395314.171,$GBGSV,3,2,10,04,22,095,,21,15,052,,24,37,154,,25,03,202,,0*79
1780395314.171,$GBGSV,3,3,10,25,03,202,,26,37,092,,0*79
1780395314.172,$GNGLL,1339.01946,N,10029.57904,E,101514.00,A,D*75
1780395315.128,$GNRMC,101515.00,A,1339.01974,N,10029.57903,E,0.983,0.45,020626,0.53,W,R,V*55
1780395315.130,$GNVTG,0.45,T,0.98,M,0.983,N,1.821,K,D*30
1780395315.132,$GNGGA,101515.00,1339.01974,N,10029.57903,E,4,12,0.86,-1.0,M,-27.8,M,,0499*42
1780395315.132,$GNGSA,A,3,10,18,23,24,32,,,,,,,,1.74,0.86,1.52,1*05
1780395315.133,$GNGSA,A,3,66,75,65,88,81,,,,,,,,1.74,0.86,1.52,2*00
1780395315.133,$GNGSA,A,3,05,12,04,06,09,10,11,36,,,,,1.74,0.86,1.52,3*00
1780395315.134,$GNGSA,A,3,06,07,09,10,13,14,34,,,,,,1.74,0.86,1.52,4*07
1780395315.134,$GPGSV,2,1,07,10,21,328,32,18,84,174,41,23,40,004,41,24,40,045,33,1*6F
1780395315.135,$GPGSV,2,2,07,32,31,271,34,41,64,233,39,42,70,217,42,1*5F
1780395315.136,$GPGSV,2,1,05,10,21,328,29,18,84,174,41,23,40,004,35,24,40,045,22,6*63
1780395315.136,$GPGSV,2,2,05,32,31,271,30,6*52
1780395315.137,$GPGSV,3,1,10,05,05,103,,12,13,121,,13,18,120,,15,11,046,,0*69
1780395315.137,$GPGSV,3,2,10,15,11,046,,25,17,158,,27,05,293,,28,15,207,,0*6D
1780395315.138,$GPGSV,3,3,10,28,15,207,,29,16,182,,0*68
1780395315.138,$GLGSV,2,1,07,65,23,012,36,66,28,317,37,75,21,075,19,76,26,135,15,1*7E
1780395315.140,$GLGSV,2,2,07,81,23,325,33,87,25,169,16,88,67,265,40,1*46
1780395315.141,$GLGSV,2,1,06,66,28,317,36,67,04,267,22,75,21,075,22,76,26,135,15,3*76
1780395315.141,$GLGSV,2,2,06,81,23,325,28,88,67,265,40,3*7E
1780395315.141,$GLGSV,1,1,01,77,06,178,,0*40
1780395315.142,$GAGSV,3,1,09,04,36,020,35,05,23,247,19,06,54,352,38,09,58,303,36,2*7C
1780395315.143,$GAGSV,3,2,09,10,70,121,38,11,75,356,34,12,45,135,34,28,16,036,16,2*79
1780395315.143,$GAGSV,3,3,09,36,25,329,24,2*43
1780395315.144,$GAGSV,3,1,09,04,36,020,37,05,23,247,22,06,54,352,39,09,58,303,38,7*7C
1780395315.145,$GAGSV,3,2,09,10,70,121,39,11,75,356,38,12,45,135,34,28,16,036,22,7*76
1780395315.145,$GAGSV,3,3,09,36,25,329,28,7*4A
1780395315.146,$GAGSV,1,1,03,16,08,188,,23,00,092,,31,11,137,,0*44
1780395315.146,$GBGSV,2,1,07,06,40,036,33,07,68,116,42,09,38,001,35,10,62,142,40,1*7F
1780395315.147,$GBGSV,2,2,07,13,28,303,37,14,29,031,29,34,42,189,36,1*4E
1780395315.147,$GBGSV,1,1,03,08,22,178,16,09,38,001,32,10,62,142,36,3*43
1780395315.148,$GBGSV,3,1,10,01,42,106,,02,63,244,,03,72,138,,04,22,095,,0*75
1780395315.149,$GBGSV,3,2,10,04,22,095,,21,15,052,,24,37,154,,25,03,202,,0*79
1780395315.149,$GBGSV,3,3,10,25,03,202,,26,37,092,,0*79
1780395315.150,$GNGLL,1339.01974,N,10029.57903,E,101515.00,A,D*72
1780395316.129,$GNRMC,101516.00,A,1339.02002,N,10029.57904,E,1.084,358.38,020626,0.53,W,R,V*51
1780395316.131,$GNVTG,358.38,T,358.91,M,1.084,N,2.008,K,D*3C
1780395316.132,$GNGGA,101516.00,1339.02002,N,10029.57904,E,4,12,0.86,-1.0,M,-27.8,M,,0499*4D
1780395316.132,$GNGSA,A,3,10,18,23,24,32,,,,,,,,1.74,0.86,1.52,1*05
1780395316.133,$GNGSA,A,3,66,75,65,88,81,,,,,,,,1.74,0.86,1.52,2*00
1780395316.133,$GNGSA,A,3,05,12,04,06,09,10,11,36,,,,,1.74,0.86,1.52,3*00
1780395316.134,$GNGSA,A,3,06,07,09,10,13,14,34,,,,,,1.74,0.86,1.52,4*07
1780395316.135,$GPGSV,2,1,07,10,21,328,35,18,84,174,42,23,40,004,38,24,40,045,36,1*60
1780395316.135,$GPGSV,2,2,07,32,31,271,31,41,64,233,40,42,70,217,42,1*54
1780395316.136,$GPGSV,2,1,05,10,21,328,28,18,84,174,42,23,40,004,36,24,40,045,24,6*64
1780395316.136,$GPGSV,2,2,05,32,31,271,30,6*52
1780395316.137,$GPGSV,3,1,10,05,05,103,,12,13,121,,13,18,120,,15,11,046,,0*69
1780395316.138,$GPGSV,3,2,10,15,11,046,,25,17,158,,27,05,293,,28,15,207,,0*6D
1780395316.138,$GPGSV,3,3,10,28,15,207,,29,16,182,,0*68
1780395316.139,$GLGSV,2,1,07,65,23,012,33,66,28,317,37,75,21,075,20,76,26,135,16,1*72
1780395316.140,$GLGSV,2,2,07,81,23,325,37,87,25,169,16,88,67,265,43,1*41
1780395316.140,$GLGSV,2,1,06,66,28,317,32,67,04,267,26,75,21,075,21,76,26,135,18,3*78
1780395316.141,$GLGSV,2,2,06,81,23,325,29,88,67,265,42,3*7D
1780395316.141,$GLGSV,1,1,01,77,06,178,,0*40
1780395316.142,$GAGSV,3,1,09,04,36,020,31,05,23,247,17,06,54,352,38,09,58,303,33,2*73
1780395316.143,$GAGSV,3,2,09,10,70,121,39,11,75,356,34,12,45,135,33,28,16,036,17,2*7E
1780395316.143,$GAGSV,3,3,09,36,25,329,30,2*46
1780395316.144,$GAGSV,2,1,08,04,36,020,37,05,23,247,22,06,54,352,40,09,58,303,38,7*72
1780395316.145,$GAGSV,2,2,08,10,70,121,40,11,75,356,37,12,45,135,35,36,25,329,31,7*76
1780395316.145,$GAGSV,1,1,03,16,08,188,,23,00,092,,31,11,137,,0*44
1780395316.146,$GBGSV,2,1,08,06,40,036,30,07,68,116,41,08,22,178,21,09,38,001,37,1*71
1780395316.146,$GBGSV,2,2,08,10,62,142,40,13,28,303,37,14,29,031,29,34,42,189,40,1*76
1780395316.147,$GBGSV,1,1,03,08,22,178,12,09,38,001,32,10,62,142,36,3*47
1780395316.148,$GBGSV,3,1,10,01,42,106,,02,63,244,,03,72,138,,04,22,095,,0*75
1780395316.148,$GBGSV,3,2,10,04,22,095,,21,15,052,,24,37,154,,25,03,202,,0*79
1780395316.149,$GBGSV,3,3,10,25,03,202,,26,37,092,,0*79
1780395316.149,$GNGLL,1339.02002,N,10029.57904,E,101516.00,A,D*7D
1780395317.122,$GNRMC,101517.00,A,1339.02034,N,10029.57906,E,1.082,358.27,020626,0.53,W,R,V*5F
1780395317.124,$GNVTG,358.27,T,358.80,M,1.082,N,2.005,K,D*39
1780395317.126,$GNGGA,101517.00,1339.02034,N,10029.57906,E,4,12,0.79,-1.0,M,-27.8,M,,0499*4B
1780395317.128,$GNGSA,A,3,10,18,23,24,32,,,,,,,,1.54,0.79,1.32,1*01
1780395317.130,$GNGSA,A,3,66,75,65,88,81,,,,,,,,1.54,0.79,1.32,2*04
1780395317.131,$GNGSA,A,3,05,12,04,06,09,10,11,36,,,,,1.54,0.79,1.32,3*04
1780395317.133,$GNGSA,A,3,06,07,09,10,13,14,34,,,,,,1.54,0.79,1.32,4*03
1780395317.135,$GPGSV,2,1,07,10,21,328,32,18,84,174,42,23,40,004,41,24,40,045,35,1*6A
1780395317.137,$GPGSV,2,2,07,32,31,271,35,41,64,233,39,42,70,217,42,1*5E
1780395317.139,$GPGSV,2,1,05,10,21,328,28,18,84,174,42,23,40,004,36,24,40,045,25,6*65
1780395317.140,$GPGSV,2,2,05,32,31,271,34,6*56
1780395317.142,$GPGSV,3,1,10,05,05,103,,12,13,121,,13,18,120,,15,11,046,,0*69
1780395317.144,$GPGSV,3,2,10,15,11,046,,25,17,158,,27,05,293,,28,15,207,,0*6D
1780395317.146,$GPGSV,3,3,10,28,15,207,,29,16,182,,0*68
1780395317.148,$GLGSV,2,1,07,65,23,012,32,66,28,317,38,75,21,075,18,76,26,135,17,1*76
1780395317.150,$GLGSV,2,2,07,81,23,325,28,87,25,169,15,88,67,265,41,1*4E
1780395317.151,$GLGSV,2,1,06,66,28,317,35,67,04,267,24,75,21,075,28,76,26,135,18,3*74
1780395317.152,$GLGSV,2,2,06,81,23,325,30,88,67,265,42,3*75
1780395317.153,$GLGSV,1,1,01,77,06,178,,0*40
1780395317.154,$GAGSV,3,1,09,04,36,020,36,05,23,247,16,06,54,352,38,09,58,303,34,2*72
1780395317.156,$GAGSV,3,2,09,10,70,121,39,11,75,356,34,12,45,135,34,28,16,036,17,2*79
1780395317.156,$GAGSV,3,3,09,36,25,329,31,2*47
1780395317.157,$GAGSV,2,1,08,04,36,020,36,05,23,247,22,06,54,352,38,09,58,303,36,7*72
1780395317.158,$GAGSV,2,2,08,10,70,121,39,11,75,356,37,12,45,135,35,36,25,329,33,7*7A
1780395317.159,$GAGSV,1,1,03,16,08,188,,23,00,092,,31,11,137,,0*44
1780395317.160,$GBGSV,2,1,07,06,40,036,37,07,68,116,42,09,38,001,36,10,62,142,40,1*78
1780395317.161,$GBGSV,2,2,07,13,28,303,37,14,29,031,33,34,42,189,37,1*44
1780395317.162,$GBGSV,1,1,03,08,22,178,09,09,38,001,32,10,62,142,36,3*4D
1780395317.163,$GBGSV,3,1,10,01,42,106,,02,63,244,,03,72,138,,04,22,095,,0*75
1780395317.163,$GBGSV,3,2,10,04,22,095,,21,15,052,,24,37,154,,25,03,202,,0*79
1780395317.164,$GBGSV,3,3,10,25,03,202,,26,37,092,,0*79
1780395317.164,$GNGLL,1339.02034,N,10029.57906,E,101517.00,A,D*7B
1780395318.127,$GNRMC,101518.00,A,1339.02064,N,10029.57906,E,0.997,356.06,020626,0.53,W,R,V*54
1780395318.129,$GNVTG,356.06,T,356.59,M,0.997,N,1.846,K,D*3E
1780395318.131,$GNGGA,101518.00,1339.02064,N,10029.57906,E,4,12,0.86,-1.0,M,-27.8,M,,0499*41
1780395318.131,$GNGSA,A,3,10,18,23,24,32,,,,,,,,1.74,0.86,1.52,1*05
1780395318.132,$GNGSA,A,3,66,75,65,88,81,,,,,,,,1.74,0.86,1.52,2*00
1780395318.132,$GNGSA,A,3,05,12,04,06,09,10,11,36,,,,,1.74,0.86,1.52,3*00
1780395318.133,$GNGSA,A,3,06,07,09,10,13,14,34,,,,,,1.74,0.86,1.52,4*07
1780395318.134,$GPGSV,2,1,07,10,21,328,33,18,84,174,41,23,40,004,41,24,40,045,31,1*6C
1780395318.134,$GPGSV,2,2,07,32,31,271,38,41,64,233,40,42,70,217,42,1*5D
1780395318.135,$GPGSV,2,1,05,10,21,328,26,18,84,174,42,23,40,004,36,24,40,045,25,6*6B
1780395318.135,$GPGSV,2,2,05,32,31,271,33,6*51
1780395318.136,$GPGSV,3,1,10,05,05,103,,12,13,121,,13,18,120,,15,11,046,,0*69
1780395318.137,$GPGSV,3,2,10,15,11,046,,25,17,158,,27,05,293,,28,15,207,,0*6D
1780395318.137,$GPGSV,3,3,10,28,15,207,,29,16,182,,0*68
1780395318.138,$GLGSV,2,1,07,65,23,012,36,66,28,317,38,75,21,075,18,76,26,135,16,1*73
1780395318.138,$GLGSV,2,2,07,81,23,325,32,87,25,169,13,88,67,265,41,1*43
1780395318.139,$GLGSV,2,1,06,66,28,317,36,67,04,267,22,75,21,075,20,76,26,135,19,3*78
1780395318.140,$GLGSV,2,2,06,81,23,325,29,88,67,265,42,3*7D
1780395318.140,$GLGSV,1,1,01,77,06,178,,0*40
1780395318.141,$GAGSV,3,1,09,04,36,020,37,05,23,247,18,06,54,352,38,09,58,303,35,2*7C
1780395318.141,$GAGSV,3,2,09,10,70,121,39,11,75,356,34,12,45,135,34,28,16,036,16,2*78
1780395318.142,$GAGSV,3,3,09,36,25,329,32,2*44
1780395318.143,$GAGSV,2,1,08,04,36,020,38,05,23,247,24,06,54,352,37,09,58,303,38,7*7B
1780395318.143,$GAGSV,2,2,08,10,70,121,40,11,75,356,37,12,45,135,35,36,25,329,32,7*75
1780395318.144,$GAGSV,1,1,03,16,08,188,,23,00,092,,31,11,137,,0*44
1780395318.145,$GBGSV,2,1,07,06,40,036,39,07,68,116,41,09,38,001,36,10,62,142,41,1*74
1780395318.145,$GBGSV,2,2,07,13,28,303,37,14,29,031,33,34,42,189,39,1*4A
1780395318.146,$GBGSV,1,1,03,08,22,178,08,09,38,001,32,10,62,142,35,3*4F
1780395318.146,$GBGSV,3,1,10,01,42,106,,02,63,244,,03,72,138,,04,22,095,,0*75
1780395318.147,$GBGSV,3,2,10,04,22,095,,21,15,052,,24,37,154,,25,03,202,,0*79
1780395318.147,$GBGSV,3,3,10,25,03,202,,26,37,092,,0*79
1780395318.148,$GNGLL,1339.02064,N,10029.57906,E,101518.00,A,D*71
1780395319.126,$GNRMC,101519.00,A,1339.02094,N,10029.57904,E,1.184,358.09,020626,0.53,W,R,V*52
1780395319.129,$GNVTG,358.09,T,358.62,M,1.184,N,2.193,K,D*30
1780395319.130,$GNGGA,101519.00,1339.02094,N,10029.57904,E,4,12,0.76,-1.0,M,-27.8,M,,0499*42
1780395319.130,$GNGSA,A,3,10,18,23,24,32,,,,,,,,1.46,0.76,1.24,1*0A
1780395319.131,$GNGSA,A,3,66,75,65,88,76,81,,,,,,,1.46,0.76,1.24,2*0E
1780395319.131,$GNGSA,A,3,05,12,04,06,09,10,11,36,,,,,1.46,0.76,1.24,3*0F
1780395319.132,$GNGSA,A,3,06,07,09,10,13,14,34,,,,,,1.46,0.76,1.24,4*08
1780395319.133,$GPGSV,2,1,07,10,21,328,36,18,84,174,41,23,40,004,41,24,40,045,31,1*69
1780395319.133,$GPGSV,2,2,07,32,31,271,33,41,64,233,40,42,70,217,42,1*56
1780395319.134,$GPGSV,2,1,05,10,21,328,26,18,84,174,42,23,40,004,36,24,40,045,31,6*6E
1780395319.134,$GPGSV,2,2,05,32,31,271,32,6*50
1780395319.135,$GPGSV,3,1,10,05,05,103,,12,13,121,,13,18,120,,15,11,046,,0*69
1780395319.136,$GPGSV,3,2,10,15,11,046,,25,17,158,,27,05,293,,28,15,207,,0*6D
1780395319.136,$GPGSV,3,3,10,28,15,207,,29,16,182,,0*68
1780395319.137,$GLGSV,2,1,07,65,23,012,33,66,28,317,36,75,21,075,18,76,26,135,17,1*79
1780395319.137,$GLGSV,2,2,07,81,23,325,36,87,25,169,12,88,67,265,38,1*48
1780395319.138,$GLGSV,2,1,06,66,28,317,36,67,04,267,29,75,21,075,21,76,26,135,20,3*78
1780395319.139,$GLGSV,2,2,06,81,23,325,34,88,67,265,37,3*73
1780395319.139,$GLGSV,1,1,01,77,06,178,,0*40
1780395319.140,$GAGSV,3,1,09,04,36,020,36,05,23,247,19,06,54,352,38,09,58,303,37,2*7E
1780395319.141,$GAGSV,3,2,09,10,70,121,38,11,75,356,34,12,45,135,34,28,16,036,14,2*7B
1780395319.141,$GAGSV,3,3,09,36,25,329,32,2*44
1780395319.142,$GAGSV,2,1,08,04,36,020,38,05,23,247,24,06,54,352,37,09,58,303,38,7*7B
1780395319.143,$GAGSV,2,2,08,10,70,121,41,11,75,356,38,12,45,135,35,36,25,329,26,7*7E
1780395319.143,$GAGSV,1,1,03,16,08,188,,23,00,092,,31,11,137,,0*44
1780395319.144,$GBGSV,2,1,07,06,40,036,38,07,68,116,41,09,38,001,36,10,62,142,41,1*75
1780395319.145,$GBGSV,2,2,07,13,28,303,38,14,29,031,33,34,42,189,39,1*45
1780395319.145,$GBGSV,1,1,03,08,22,178,08,09,38,001,33,10,62,142,36,3*4D
1780395319.146,$GBGSV,3,1,10,01,42,106,,02,63,244,,03,72,138,,04,22,095,,0*75
1780395319.147,$GBGSV,3,2,10,04,22,095,,21,15,052,,24,37,154,,25,03,202,,0*79
1780395319.147,$GBGSV,3,3,10,25,03,202,,26,37,092,,0*79
1780395319.148,$GNGLL,1339.02094,N,10029.57904,E,101519.00,A,D*7D
1780395320.129,$GNRMC,101520.00,A,1339.02127,N,10029.57904,E,1.133,1.60,020626,0.53,W,R,V*5D
1780395320.131,$GNVTG,1.60,T,2.13,M,1.133,N,2.099,K,D*3D
1780395320.133,$GNGGA,101520.00,1339.02127,N,10029.57904,E,4,12,0.76,-1.0,M,-27.8,M,,0499*41
1780395320.135,$GNGSA,A,3,10,18,23,24,32,,,,,,,,1.46,0.76,1.24,1*0A
1780395320.136,$GNGSA,A,3,66,75,65,88,76,81,,,,,,,1.46,0.76,1.24,2*0E
1780395320.138,$GNGSA,A,3,05,12,04,06,09,10,11,36,,,,,1.46,0.76,1.24,3*0F
1780395320.140,$GNGSA,A,3,06,07,09,10,13,14,34,,,,,,1.46,0.76,1.24,4*08
1780395320.141,$GPGSV,2,1,07,10,21,328,36,18,84,174,41,23,40,004,39,24,40,045,34,1*63
1780395320.143,$GPGSV,2,2,07,32,31,271,29,41,64,233,42,42,70,217,40,1*5D
1780395320.144,$GPGSV,2,1,05,10,21,328,27,18,84,174,42,23,40,004,34,24,40,045,29,6*64
1780395320.145,$GPGSV,2,2,05,32,31,271,31,6*53
1780395320.146,$GPGSV,3,1,10,05,05,103,,12,13,121,,13,18,120,,15,11,046,,0*69
1780395320.146,$GPGSV,3,2,10,15,11,046,,25,17,158,,27,05,293,,28,15,207,,0*6D
1780395320.147,$GPGSV,3,3,10,28,15,207,,29,16,182,,0*68
1780395320.147,$GLGSV,2,1,07,65,23,012,32,66,28,317,38,75,21,075,19,76,26,135,18,1*78
1780395320.148,$GLGSV,2,2,07,81,23,325,33,87,25,169,11,88,67,265,37,1*41
1780395320.148,$GLGSV,2,1,06,66,28,317,36,67,04,267,21,75,21,075,21,76,26,135,20,3*70
1780395320.149,$GLGSV,2,2,06,81,23,325,29,88,67,265,36,3*7E
1780395320.149,$GLGSV,1,1,01,77,06,178,,0*40
1780395320.150,$GAGSV,3,1,09,04,36,020,37,05,23,247,23,06,54,352,38,09,58,303,35,2*74
1780395320.150,$GAGSV,3,2,09,10,70,121,38,11,75,356,35,12,45,135,34,28,16,036,12,2*7C
1780395320.151,$GAGSV,3,3,09,36,25,329,31,2*47
1780395320.151,$GAGSV,2,1,08,04,36,020,38,05,23,247,26,06,54,352,39,09,58,303,40,7*78
1780395320.152,$GAGSV,2,2,08,10,70,121,40,11,75,356,38,12,45,135,36,36,25,329,33,7*78
1780395320.152,$GAGSV,1,1,03,16,08,188,,23,00,092,,31,11,137,,0*44
1780395320.153,$GBGSV,2,1,08,06,40,036,39,07,68,116,41,08,22,178,22,09,38,001,36,1*7A
1780395320.153,$GBGSV,2,2,08,10,62,142,41,13,28,303,38,14,29,031,33,34,42,189,42,1*71
1780395320.154,$GBGSV,1,1,03,08,22,178,07,09,38,001,32,10,62,142,36,3*43
1780395320.155,$GBGSV,3,1,10,01,42,106,,02,63,244,,03,72,138,,04,22,095,,0*75
1780395320.155,$GBGSV,3,2,10,04,22,095,,21,15,052,,24,37,154,,25,03,202,,0*79
1780395320.155,$GBGSV,3,3,10,25,03,202,,26,37,092,,0*79
1780395320.156,$GNGLL,1339.02127,N,10029.57904,E,101520.00,A,D*7E
1780395321.129,$GNRMC,101521.00,A,1339.02158,N,10029.57905,E,1.174,1.66,020626,0.53,W,R,V*50
1780395321.130,$GNVTG,1.66,T,2.19,M,1.174,N,2.174,K,D*30
1780395321.132,$GNGGA,101521.00,1339.02158,N,10029.57905,E,4,12,0.76,-1.1,M,-27.8,M,,0499*48
1780395321.132,$GNGSA,A,3,10,18,23,24,32,,,,,,,,1.46,0.76,1.24,1*0A
1780395321.133,$GNGSA,A,3,66,75,65,88,76,81,,,,,,,1.46,0.76,1.24,2*0E
1780395321.134,$GNGSA,A,3,05,12,04,06,09,10,11,36,,,,,1.46,0.76,1.24,3*0F
1780395321.135,$GNGSA,A,3,06,07,09,10,13,14,34,,,,,,1.46,0.76,1.24,4*08
1780395321.135,$GPGSV,2,1,07,10,21,328,37,18,84,174,42,23,40,004,40,24,40,045,31,1*6A
1780395321.136,$GPGSV,2,2,07,32,31,271,34,41,64,233,41,42,70,217,43,1*51
1780395321.137,$GPGSV,2,1,05,10,21,328,28,18,84,174,42,23,40,004,36,24,40,045,28,6*68
1780395321.137,$GPGSV,2,2,05,32,31,271,32,6*50
1780395321.138,$GPGSV,3,1,10,05,05,103,,12,13,121,,13,18,120,,15,11,046,,0*69
1780395321.138,$GPGSV,3,2,10,15,11,046,,25,17,158,,27,05,293,,28,15,207,,0*6D
1780395321.139,$GPGSV,3,3,10,28,15,207,,29,16,182,,0*68
1780395321.139,$GLGSV,2,1,07,65,23,012,33,66,28,317,36,75,21,074,20,76,26,135,19,1*7D
1780395321.140,$GLGSV,2,2,07,81,23,325,35,87,25,169,12,88,67,265,35,1*46
1780395321.141,$GLGSV,2,1,06,66,28,317,35,67,04,267,22,75,21,074,21,76,26,135,22,3*73
1780395321.141,$GLGSV,2,2,06,81,23,325,33,88,67,265,36,3*75
1780395321.142,$GLGSV,1,1,01,77,06,178,,0*40
1780395321.142,$GAGSV,3,1,09,04,36,020,36,05,23,247,25,06,54,352,38,09,58,303,36,2*70
1780395321.143,$GAGSV,3,2,09,10,70,121,38,11,75,356,34,12,45,135,32,28,16,036,12,2*7B
1780395321.143,$GAGSV,3,3,09,36,25,329,33,2*45
1780395321.144,$GAGSV,2,1,08,04,36,020,37,05,23,247,26,06,54,352,39,09,58,303,39,7*79
1780395321.145,$GAGSV,2,2,08,10,70,121,40,11,75,356,37,12,45,135,35,36,25,329,33,7*74
1780395321.145,$GAGSV,1,1,03,16,08,188,,23,00,092,,31,11,137,,0*44
1780395321.146,$GBGSV,2,1,07,06,40,036,39,07,68,116,42,09,38,001,36,10,62,142,41,1*77
1780395321.146,$GBGSV,2,2,07,13,28,303,39,14,29,031,36,34,42,189,41,1*4E
1780395321.147,$GBGSV,1,1,03,08,22,178,07,09,38,001,33,10,62,142,36,3*42
1780395321.147,$GBGSV,3,1,10,01,42,106,,02,63,244,,03,72,138,,04,22,095,,0*75
1780395321.148,$GBGSV,3,2,10,04,22,095,,21,15,052,,24,37,154,,25,03,202,,0*79
1780395321.148,$GBGSV,3,3,10,25,03,202,,26,37,092,,0*79
1780395321.149,$GNGLL,1339.02158,N,10029.57905,E,101521.00,A,D*76
1780395322.127,$GNRMC,101522.00,A,1339.02191,N,10029.57905,E,1.105,1.23,020626,0.53,W,R,V*51
1780395322.129,$GNVTG,1.23,T,1.76,M,1.105,N,2.047,K,D*3C
1780395322.131,$GNGGA,101522.00,1339.02191,N,10029.57905,E,4,12,0.76,-1.0,M,-27.8,M,,0499*4F
1780395322.131,$GNGSA,A,3,10,18,23,24,32,,,,,,,,1.46,0.76,1.24,1*0A
1780395322.132,$GNGSA,A,3,66,75,65,88,76,81,,,,,,,1.46,0.76,1.24,2*0E
1780395322.132,$GNGSA,A,3,05,12,04,06,09,10,11,36,,,,,1.46,0.76,1.24,3*0F
1780395322.133,$GNGSA,A,3,06,07,09,10,13,14,34,,,,,,1.46,0.76,1.24,4*08
1780395322.133,$GPGSV,2,1,07,10,21,328,36,18,84,174,42,23,40,004,40,24,40,045,35,1*6F
1780395322.134,$GPGSV,2,2,07,32,31,271,30,41,64,233,40,42,70,217,41,1*56
1780395322.135,$GPGSV,2,1,05,10,21,328,30,18,84,174,40,23,40,004,36,24,40,045,29,6*62
1780395322.135,$GPGSV,2,2,05,32,31,271,31,6*53
1780395322.136,$GPGSV,3,1,10,05,05,103,,12,13,121,,13,18,120,,15,11,046,,0*69
1780395322.136,$GPGSV,3,2,10,15,11,046,,25,17,158,,27,05,293,,28,15,207,,0*6D
1780395322.137,$GPGSV,3,3,10,28,15,207,,29,16,182,,0*68
1780395322.138,$GLGSV,2,1,07,65,23,012,30,66,28,317,33,75,21,074,20,76,27,134,21,1*70
1780395322.138,$GLGSV,2,2,07,81,23,325,39,87,25,169,12,88,67,265,38,1*47
1780395322.139,$GLGSV,2,1,06,66,28,317,35,67,04,267,22,75,21,074,21,76,27,134,22,3*73
1780395322.139,$GLGSV,2,2,06,81,23,325,29,88,67,265,38,3*70
1780395322.140,$GLGSV,1,1,01,77,06,178,,0*40
1780395322.140,$GAGSV,3,1,09,04,36,020,35,05,23,247,24,06,54,352,38,09,58,303,37,2*73
1780395322.141,$GAGSV,3,2,09,10,70,121,38,11,75,356,34,12,45,135,32,28,16,036,11,2*78
1780395322.142,$GAGSV,3,3,09,36,25,329,29,2*4E
1780395322.143,$GAGSV,2,1,08,04,36,020,37,05,23,247,27,06,54,352,39,09,58,303,39,7*78
1780395322.143,$GAGSV,2,2,08,10,70,121,39,11,75,356,37,12,45,135,35,36,25,329,36,7*7F
1780395322.144,$GAGSV,1,1,03,16,08,188,,23,00,092,,31,11,137,,0*44
1780395322.144,$GBGSV,2,1,08,06,40,036,39,07,68,116,42,08,22,178,24,09,38,001,36,1*7F
1780395322.145,$GBGSV,2,2,08,10,62,142,41,13,28,303,39,14,29,031,36,34,42,189,40,1*77
1780395322.146,$GBGSV,1,1,03,08,22,178,07,09,38,001,33,10,62,142,35,3*41
1780395322.146,$GBGSV,3,1,10,01,42,106,,02,63,244,,03,72,138,,04,22,095,,0*75
1780395322.147,$GBGSV,3,2,10,04,22,095,,21,15,052,,24,37,154,,25,03,202,,0*79
1780395322.147,$GBGSV,3,3,10,25,03,202,,26,37,092,,0*79
1780395322.148,$GNGLL,1339.02191,N,10029.57905,E,101522.00,A,D*70
1780395323.127,$GNRMC,101523.00,A,1339.02221,N,10029.57905,E,1.026,0.64,020626,0.53,W,R,V*5A
1780395323.129,$GNVTG,0.64,T,1.17,M,1.026,N,1.901,K,D*31
1780395323.131,$GNGGA,101523.00,1339.02221,N,10029.57905,E,4,12,0.76,-1.1,M,-27.8,M,,0499*47
1780395323.132,$GNGSA,A,3,10,18,23,24,32,,,,,,,,1.46,0.76,1.24,1*0A
1780395323.134,$GNGSA,A,3,66,75,65,88,76,81,,,,,,,1.46,0.76,1.24,2*0E
1780395323.135,$GNGSA,A,3,05,12,04,06,09,10,11,36,,,,,1.46,0.76,1.24,3*0F
1780395323.137,$GNGSA,A,3,06,07,09,10,13,14,34,,,,,,1.46,0.76,1.24,4*08
1780395323.139,$GPGSV,2,1,07,10,21,328,36,18,84,174,42,23,40,004,40,24,40,045,35,1*6F
1780395323.141,$GPGSV,2,2,07,32,31,271,37,41,64,233,41,42,70,217,42,1*53
1780395323.143,$GPGSV,2,1,05,10,21,328,29,18,84,174,42,23,40,004,34,24,40,045,29,6*6A
1780395323.144,$GPGSV,2,2,05,32,31,271,32,6*50
1780395323.146,$GPGSV,3,1,10,05,05,103,,12,13,121,,13,18,120,,15,11,046,,0*69
1780395323.148,$GPGSV,3,2,10,15,11,046,,25,17,158,,27,05,293,,28,15,207,,0*6D
1780395323.149,$GPGSV,3,3,10,28,15,207,,29,16,182,,0*68
1780395323.151,$GLGSV,2,1,07,65,23,012,34,66,28,317,34,75,21,074,20,76,27,134,20,1*72
1780395323.153,$GLGSV,2,2,07,81,23,325,38,87,25,169,12,88,67,265,39,1*47
1780395323.156,$GLGSV,2,1,06,66,28,317,35,67,04,267,21,75,21,074,21,76,27,134,22,3*70
1780395323.157,$GLGSV,2,2,06,81,23,325,38,88,67,265,38,3*70
1780395323.159,$GLGSV,1,1,01,77,07,177,,0*4E
1780395323.160,$GAGSV,3,1,09,04,36,020,34,05,23,247,26,06,54,352,37,09,58,303,36,2*7E
1780395323.162,$GAGSV,3,2,09,10,70,121,38,11,75,356,34,12,45,135,33,28,16,036,09,2*70
1780395323.163,$GAGSV,3,3,09,36,25,329,30,2*46
1780395323.164,$GAGSV,2,1,08,04,36,020,36,05,23,247,27,06,54,352,39,09,58,303,41,7*76
1780395323.165,$GAGSV,2,2,08,10,70,121,41,11,75,356,37,12,45,135,36,36,25,329,35,7*70
1780395323.166,$GAGSV,1,1,03,16,08,188,,23,00,092,,31,11,137,,0*44
1780395323.167,$GBGSV,2,1,08,06,40,036,39,07,68,116,42,08,22,178,23,09,38,001,38,1*76
1780395323.168,$GBGSV,2,2,08,10,62,142,41,13,28,303,39,14,29,031,37,34,42,189,40,1*76
1780395323.169,$GBGSV,1,1,03,08,22,178,08,09,38,001,32,10,62,142,36,3*4C
1780395323.170,$GBGSV,3,1,10,01,42,106,,02,63,244,,03,72,138,,04,22,095,,0*75
1780395323.171,$GBGSV,3,2,10,04,22,095,,21,15,052,,24,37,154,,25,03,202,,0*79
1780395323.172,$GBGSV,3,3,10,25,03,202,,26,37,092,,0*79
1780395323.172,$GNGLL,1339.02221,N,10029.57905,E,101523.00,A,D*79
1780395324.124,$GNRMC,101524.00,A,1339.02249,N,10029.57906,E,1.088,2.81,020626,0.53,W,R,V*5D
1780395324.127,$GNVTG,2.81,T,3.34,M,1.088,N,2.016,K,D*33
1780395324.129,$GNGGA,101524.00,1339.02249,N,10029.57906,E,4,12,0.76,-1.1,M,-27.8,M,,0499*4D
1780395324.131,$GNGSA,A,3,10,18,23,24,32,,,,,,,,1.46,0.76,1.24,1*0A
1780395324.132,$GNGSA,A,3,66,75,65,88,76,81,,,,,,,1.46,0.76,1.24,2*0E
1780395324.134,$GNGSA,A,3,05,12,04,06,09,10,11,36,,,,,1.46,0.76,1.24,3*0F
1780395324.135,$GNGSA,A,3,06,07,09,10,13,14,34,,,,,,1.46,0.76,1.24,4*08
1780395324.137,$GPGSV,2,1,07,10,21,328,32,18,84,174,42,23,40,004,39,24,40,045,31,1*61
1780395324.139,$GPGSV,2,2,07,32,31,271,39,41,64,233,41,42,70,217,41,1*5E
1780395324.141,$GPGSV,2,1,05,10,21,328,29,18,84,174,41,23,40,004,35,24,40,045,27,6*66
1780395324.143,$GPGSV,2,2,05,32,31,271,33,6*51
1780395324.145,$GPGSV,3,1,10,05,05,103,,12,13,121,,13,18,120,,15,11,046,,0*69
1780395324.147,$GPGSV,3,2,10,15,11,046,,25,17,158,,27,05,293,,28,15,207,,0*6D
1780395324.147,$GPGSV,3,3,10,28,15,207,,29,16,182,,0*68
1780395324.148,$GLGSV,2,1,07,65,23,012,31,66,28,317,36,75,21,074,19,76,27,134,20,1*7F
1780395324.149,$GLGSV,2,2,07,81,23,325,36,87,25,169,13,88,67,265,36,1*47
1780395324.149,$GLGSV,2,1,06,66,28,317,35,67,04,267,21,75,21,074,28,76,27,134,23,3*78
1780395324.150,$GLGSV,2,2,06,81,23,325,39,88,67,265,38,3*71
1780395324.150,$GLGSV,1,1,01,77,07,177,,0*4E
1780395324.151,$GAGSV,3,1,09,04,36,020,34,05,23,247,26,06,54,352,37,09,58,303,37,2*7F
1780395324.152,$GAGSV,3,2,09,10,70,121,38,11,75,356,34,12,45,135,34,28,16,036,08,2*76
1780395324.152,$GAGSV,3,3,09,36,25,329,30,2*46
1780395324.153,$GAGSV,2,1,08,04,36,020,37,05,23,247,32,06,54,352,39,09,58,303,40,7*72
1780395324.153,$GAGSV,2,2,08,10,70,121,36,11,75,356,37,12,45,135,35,36,25,329,33,7*75
1780395324.154,$GAGSV,1,1,03,16,08,188,,23,00,092,,31,11,137,,0*44
1780395324.155,$GBGSV,2,1,07,06,40,036,39,07,68,116,42,09,38,001,36,10,62,142,41,1*77
1780395324.155,$GBGSV,2,2,07,13,28,303,35,14,29,031,39,34,42,189,40,1*4C
1780395324.156,$GBGSV,1,1,03,08,22,178,08,09,38,001,32,10,62,142,36,3*4C
1780395324.156,$GBGSV,3,1,10,01,42,106,,02,63,244,,03,72,138,,04,22,095,,0*75
1780395324.157,$GBGSV,3,2,10,04,22,095,,21,15,052,,24,37,154,,25,03,202,,0*79
1780395324.157,$GBGSV,3,3,10,25,03,202,,26,37,092,,0*79
1780395324.158,$GNGLL,1339.02249,N,10029.57906,E,101524.00,A,D*73
1780395325.127,$GNRMC,101525.00,A,1339.02278,N,10029.57909,E,0.989,4.55,020626,0.53,W,R,V*57
1780395325.129,$GNVTG,4.55,T,5.08,M,0.989,N,1.832,K,D*31
1780395325.130,$GNGGA,101525.00,1339.02278,N,10029.57909,E,4,12,0.76,-1.0,M,-27.8,M,,0499*40
1780395325.131,$GNGSA,A,3,10,18,23,24,32,,,,,,,,1.46,0.76,1.24,1*0A
1780395325.131,$GNGSA,A,3,66,75,65,88,76,81,,,,,,,1.46,0.76,1.24,2*0E
1780395325.132,$GNGSA,A,3,05,12,04,06,09,10,11,36,,,,,1.46,0.76,1.24,3*0F
1780395325.132,$GNGSA,A,3,06,07,09,10,13,14,34,,,,,,1.46,0.76,1.24,4*08
1780395325.133,$GPGSV,2,1,07,10,21,328,33,18,84,174,42,23,40,004,39,24,40,045,30,1*61
1780395325.133,$GPGSV,2,2,07,32,31,271,41,41,64,233,40,42,70,217,42,1*53
1780395325.134,$GPGSV,2,1,05,10,21,328,30,18,84,174,41,23,40,004,35,24,40,045,27,6*6E
1780395325.134,$GPGSV,2,2,05,32,31,271,30,6*52
1780395325.135,$GPGSV,3,1,10,05,05,103,,12,13,121,,13,18,120,,15,11,046,,0*69
1780395325.136,$GPGSV,3,2,10,15,11,046,,25,17,158,,27,05,293,,28,15,207,,0*6D
1780395325.136,$GPGSV,3,3,10,28,15,207,,29,16,182,,0*68
1780395325.137,$GLGSV,2,1,07,65,23,012,32,66,28,317,36,75,21,074,20,76,27,134,21,1*77
1780395325.137,$GLGSV,2,2,07,81,23,325,34,87,25,169,15,88,67,265,40,1*42
1780395325.138,$GLGSV,2,1,06,66,28,317,35,67,04,267,21,75,21,074,25,76,27,134,24,3*72
1780395325.139,$GLGSV,2,2,06,81,23,325,36,88,67,265,38,3*7E
1780395325.140,$GLGSV,1,1,01,77,07,177,,0*4E
1780395325.141,$GAGSV,3,1,09,04,36,020,34,05,23,247,23,06,54,352,37,09,58,303,37,2*7A
1780395325.141,$GAGSV,3,2,09,10,70,121,38,11,75,356,35,12,45,135,35,28,16,036,11,2*7E
1780395325.142,$GAGSV,3,3,09,36,25,329,34,2*42
1780395325.142,$GAGSV,2,1,08,04,36,020,34,05,23,247,24,06,54,352,38,09,58,303,40,7*77
1780395325.143,$GAGSV,2,2,08,10,70,121,39,11,75,356,37,12,45,135,36,36,25,329,32,7*78
1780395325.144,$GAGSV,1,1,03,16,08,188,,23,00,092,,31,11,137,,0*44
1780395325.144,$GBGSV,2,1,08,06,40,036,37,07,68,116,42,08,22,178,25,09,38,001,37,1*71
1780395325.145,$GBGSV,2,2,08,10,62,142,40,13,28,303,35,14,29,031,40,34,42,189,40,1*7B
1780395325.145,$GBGSV,1,1,02,09,38,001,32,10,62,142,36,3*73
1780395325.146,$GBGSV,3,1,10,01,42,106,,02,63,244,,03,72,138,,04,22,095,,0*75
1780395325.147,$GBGSV,3,2,10,04,22,095,,21,15,052,,24,37,154,,25,03,202,,0*79
1780395325.147,$GBGSV,3,3,10,25,03,202,,26,37,092,,0*79
1780395325.148,$GNGLL,1339.02278,N,10029.57909,E,101525.00,A,D*7F
1780395326.118,$GNRMC,101526.00,A,1339.02307,N,10029.57909,E,1.130,3.86,020626,0.53,W,R,V*5F
1780395326.120,$GNVTG,3.86,T,4.39,M,1.130,N,2.093,K,D*30
1780395326.121,$GNGGA,101526.00,1339.02307,N,10029.57909,E,4,12,0.76,-1.1,M,-27.8,M,,0499*4B
1780395326.122,$GNGSA,A,3,10,18,23,24,32,,,,,,,,1.46,0.76,1.24,1*0A
1780395326.122,$GNGSA,A,3,66,75,65,88,76,81,,,,,,,1.46,0.76,1.24,2*0E
1780395326.123,$GNGSA,A,3,05,12,04,06,09,10,11,36,,,,,1.46,0.76,1.24,3*0F
1780395326.123,$GNGSA,A,3,06,07,09,10,13,14,34,,,,,,1.46,0.76,1.24,4*08
1780395326.124,$GPGSV,2,1,07,10,21,328,28,18,84,174,42,23,40,004,40,24,40,045,22,1*66
1780395326.124,$GPGSV,2,2,07,32,31,271,41,41,64,233,41,42,70,217,41,1*51
1780395326.125,$GPGSV,2,1,05,10,21,328,30,18,84,174,41,23,40,004,34,24,40,045,26,6*6E
1780395326.126,$GPGSV,2,2,05,32,31,271,29,6*5A
1780395326.126,$GPGSV,3,1,10,05,05,103,,12,13,121,,13,18,120,,15,11,046,,0*69
1780395326.127,$GPGSV,3,2,10,15,11,046,,25,17,158,,27,05,293,,28,15,207,,0*6D
1780395326.127,$GPGSV,3,3,10,28,15,207,,29,16,182,,0*68
1780395326.128,$GLGSV,2,1,07,65,23,012,32,66,28,317,38,75,21,074,21,76,27,134,20,1*79
1780395326.129,$GLGSV,2,2,07,81,23,325,38,87,25,169,16,88,67,265,42,1*4F
1780395326.129,$GLGSV,2,1,06,66,28,317,29,67,04,267,21,75,21,074,24,76,27,134,25,3*7F
1780395326.130,$GLGSV,2,2,06,81,23,325,37,88,67,265,40,3*70
1780395326.130,$GLGSV,1,1,01,77,07,177,,0*4E
1780395326.131,$GAGSV,3,1,09,04,36,020,34,05,23,247,21,06,54,352,37,09,58,303,37,2*78
1780395326.132,$GAGSV,3,2,09,10,70,121,38,11,75,356,35,12,45,135,34,28,16,036,13,2*7D
1780395326.132,$GAGSV,3,3,09,36,25,329,32,2*44
1780395326.133,$GAGSV,2,1,08,04,36,020,37,05,23,247,23,06,54,352,38,09,58,303,40,7*73
1780395326.133,$GAGSV,2,2,08,10,70,121,38,11,75,356,37,12,45,135,36,36,25,329,34,7*7F
1780395326.134,$GAGSV,1,1,03,16,08,188,,23,00,092,,31,11,137,,0*44
1780395326.135,$GBGSV,2,1,08,06,40,036,39,07,68,116,42,08,22,178,25,09,38,001,35,1*7D
1780395326.135,$GBGSV,2,2,08,10,62,142,40,13,28,303,35,14,29,031,39,34,42,189,39,1*7B
1780395326.136,$GBGSV,1,1,02,09,38,001,32,10,62,142,36,3*73
1780395326.136,$GBGSV,3,1,10,01,42,106,,02,63,244,,03,72,138,,04,22,095,,0*75
1780395326.137,$GBGSV,3,2,10,04,22,095,,21,15,052,,24,37,154,,25,03,202,,0*79
1780395326.138,$GBGSV,3,3,10,25,03,202,,26,37,092,,0*79
1780395326.138,$GNGLL,1339.02307,N,10029.57909,E,101526.00,A,D*75
1780395327.129,$GNRMC,101527.00,A,1339.02337,N,10029.57911,E,1.071,2.70,020626,0.53,W,R,V*58
1780395327.131,$GNVTG,2.70,T,3.23,M,1.071,N,1.983,K,D*3B
1780395327.132,$GNGGA,101527.00,1339.02337,N,10029.57911,E,4,12,0.76,-1.1,M,-27.8,M,,0499*40
1780395327.133,$GNGSA,A,3,10,18,23,24,32,,,,,,,,1.46,0.76,1.24,1*0A
1780395327.133,$GNGSA,A,3,66,75,65,88,76,81,,,,,,,1.46,0.76,1.24,2*0E
1780395327.134,$GNGSA,A,3,05,12,04,06,09,10,11,36,,,,,1.46,0.76,1.24,3*0F
1780395327.134,$GNGSA,A,3,06,07,08,09,10,13,14,34,,,,,1.46,0.76,1.24,4*00
1780395327.135,$GPGSV,2,1,07,10,21,328,32,18,84,174,42,23,40,004,37,24,40,045,32,1*6C
1780395327.136,$GPGSV,2,2,07,32,31,271,35,41,64,233,43,42,70,217,41,1*50
1780395327.137,$GPGSV,2,1,05,10,21,328,29,18,84,174,41,23,40,004,37,24,40,045,26,6*65
1780395327.137,$GPGSV,2,2,05,32,31,271,28,6*5B
1780395327.138,$GPGSV,3,1,10,05,05,103,,12,13,121,,13,18,120,,15,11,046,,0*69
1780395327.138,$GPGSV,3,2,10,15,11,046,,25,17,158,,27,05,293,,28,15,207,,0*6D
1780395327.139,$GPGSV,3,3,10,28,15,207,,29,16,182,,0*68
1780395327.140,$GLGSV,2,1,07,65,23,012,35,66,28,317,40,75,21,074,19,76,27,134,19,1*70
1780395327.140,$GLGSV,2,2,07,81,24,325,36,87,25,169,15,88,67,265,41,1*46
1780395327.141,$GLGSV,2,1,06,66,28,317,38,67,04,267,24,75,21,074,21,76,27,134,25,3*7F
1780395327.141,$GLGSV,2,2,06,81,24,325,40,88,67,265,40,3*77
1780395327.142,$GLGSV,1,1,01,77,07,177,,0*4E
1780395327.142,$GAGSV,3,1,09,04,36,020,34,05,23,247,22,06,54,352,35,09,58,303,37,2*79
1780395327.143,$GAGSV,3,2,09,10,70,121,36,11,75,356,35,12,45,135,33,28,16,036,11,2*76
1780395327.144,$GAGSV,3,3,09,36,25,329,32,2*44
1780395327.144,$GAGSV,2,1,08,04,36,020,39,05,23,247,22,06,54,352,38,09,58,303,40,7*7C
1780395327.145,$GAGSV,2,2,08,10,70,121,40,11,75,356,37,12,45,135,36,36,25,329,34,7*70
1780395327.146,$GAGSV,1,1,03,16,08,188,,23,00,092,,31,11,137,,0*44
1780395327.147,$GBGSV,2,1,08,06,40,036,39,07,68,116,38,08,22,178,26,09,38,001,38,1*7E
1780395327.147,$GBGSV,2,2,08,10,62,142,39,13,28,303,37,14,29,031,40,34,42,189,41,1*76
1780395327.148,$GBGSV,1,1,02,09,38,001,32,10,62,142,36,3*73
1780395327.149,$GBGSV,3,1,10,01,42,106,,02,63,244,,03,72,138,,04,22,095,,0*75
1780395327.149,$GBGSV,3,2,10,04,22,095,,21,15,052,,24,37,154,,25,03,202,,0*79
1780395327.150,$GBGSV,3,3,10,25,03,202,,26,37,092,,0*79
1780395327.150,$GNGLL,1339.02337,N,10029.57911,E,101527.00,A,D*7E
1780395328.128,$GNRMC,101528.00,A,1339.02367,N,10029.57912,E,1.039,3.32,020626,0.53,W,R,V*5A
1780395328.130,$GNVTG,3.32,T,3.85,M,1.039,N,1.925,K,D*30
1780395328.131,$GNGGA,101528.00,1339.02367,N,10029.57912,E,4,12,0.76,-1.0,M,-27.8,M,,0499*48
1780395328.132,$GNGSA,A,3,10,18,23,24,32,,,,,,,,1.46,0.76,1.24,1*0A
1780395328.132,$GNGSA,A,3,66,65,88,76,81,,,,,,,,1.46,0.76,1.24,2*0C
1780395328.133,$GNGSA,A,3,05,12,04,06,09,10,11,36,,,,,1.46,0.76,1.24,3*0F
1780395328.133,$GNGSA,A,3,06,07,08,09,10,13,14,34,,,,,1.46,0.76,1.24,4*00
1780395328.134,$GPGSV,2,1,07,10,21,328,29,18,84,174,42,23,40,004,39,24,40,045,33,1*69
1780395328.134,$GPGSV,2,2,07,32,31,271,32,41,64,233,41,42,70,217,41,1*55
1780395328.135,$GPGSV,2,1,05,10,21,328,29,18,84,174,41,23,40,004,35,24,40,045,32,6*62
1780395328.136,$GPGSV,2,2,05,32,31,271,29,6*5A
1780395328.136,$GPGSV,3,1,10,05,05,103,,12,13,121,,13,18,120,,15,11,046,,0*69
1780395328.137,$GPGSV,3,2,10,15,11,046,,25,17,158,,27,05,293,,28,15,207,,0*6D
1780395328.137,$GPGSV,3,3,10,28,15,207,,29,16,182,,0*68
1780395328.138,$GLGSV,2,1,07,65,23,012,35,66,28,317,36,75,21,074,19,76,27,134,19,1*71
1780395328.139,$GLGSV,2,2,07,81,24,325,33,87,25,169,14,88,67,265,41,1*42
1780395328.139,$GLGSV,2,1,06,66,28,317,38,67,04,267,26,75,21,074,19,76,27,134,25,3*76
1780395328.140,$GLGSV,2,2,06,81,24,325,37,88,67,265,41,3*76
1780395328.140,$GLGSV,1,1,01,77,07,177,,0*4E
1780395328.141,$GAGSV,3,1,09,04,36,020,35,05,23,247,26,06,54,352,36,09,58,303,37,2*7F
1780395328.142,$GAGSV,3,2,09,10,70,121,36,11,75,356,35,12,45,135,34,28,16,036,10,2*70
1780395328.142,$GAGSV,3,3,09,36,25,329,31,2*47
1780395328.143,$GAGSV,2,1,08,04,36,020,37,05,23,247,29,06,54,352,39,09,58,303,39,7*76
1780395328.143,$GAGSV,2,2,08,10,70,121,38,11,75,356,37,12,45,135,36,36,25,329,32,7*79
1780395328.144,$GAGSV,1,1,03,16,08,188,,23,00,092,,31,11,137,,0*44
1780395328.145,$GBGSV,2,1,08,06,40,036,40,07,68,116,37,08,22,178,28,09,38,001,36,1*7F
1780395328.145,$GBGSV,2,2,08,10,62,142,42,13,28,303,36,14,29,031,40,34,42,189,39,1*74
1780395328.146,$GBGSV,1,1,02,09,38,001,31,10,62,142,36,3*70
1780395328.146,$GBGSV,3,1,10,01,42,106,,02,63,244,,03,72,138,,04,22,095,,0*75
1780395328.147,$GBGSV,3,2,10,04,22,095,,21,15,052,,24,37,154,,25,03,202,,0*79
1780395328.148,$GBGSV,3,3,10,25,03,202,,26,37,092,,0*79
1780395328.148,$GNGLL,1339.02367,N,10029.57912,E,101528.00,A,D*77
1780395329.126,$GNRMC,101529.00,A,1339.02396,N,10029.57913,E,1.103,3.20,020626,0.53,W,R,V*5F
1780395329.128,$GNVTG,3.20,T,3.73,M,1.103,N,2.042,K,D*39
1780395329.129,$GNGGA,101529.00,1339.02396,N,10029.57913,E,4,12,0.76,-1.1,M,-27.8,M,,0499*47
1780395329.130,$GNGSA,A,3,10,18,23,24,32,,,,,,,,1.46,0.76,1.24,1*0A
1780395329.130,$GNGSA,A,3,66,65,88,76,81,,,,,,,,1.46,0.76,1.24,2*0C
1780395329.131,$GNGSA,A,3,05,12,04,06,09,10,11,36,,,,,1.46,0.76,1.24,3*0F
1780395329.131,$GNGSA,A,3,06,07,08,09,10,13,14,34,,,,,1.46,0.76,1.24,4*00
1780395329.132,$GPGSV,2,1,07,10,21,328,28,18,84,174,42,23,40,004,38,24,40,045,36,1*6C
1780395329.132,$GPGSV,2,2,07,32,31,271,39,41,64,233,42,42,70,217,40,1*5C
1780395329.133,$GPGSV,2,1,05,10,21,328,20,18,84,174,41,23,40,004,36,24,40,045,32,6*68
1780395329.133,$GPGSV,2,2,05,32,31,271,33,6*51
1780395329.134,$GPGSV,3,1,10,05,05,103,,12,13,121,,13,18,120,,15,11,046,,0*69
1780395329.135,$GPGSV,3,2,10,15,11,046,,25,17,158,,27,05,293,,28,15,207,,0*6D
1780395329.135,$GPGSV,3,3,10,28,15,207,,29,16,182,,0*68
1780395329.136,$GLGSV,2,1,07,65,23,012,33,66,28,317,37,75,21,074,19,76,27,134,18,1*77
1780395329.136,$GLGSV,2,2,07,81,24,325,34,87,25,169,14,88,67,265,41,1*45
1780395329.137,$GLGSV,2,1,06,66,28,317,35,67,04,267,27,75,21,074,19,76,27,134,25,3*7A
1780395329.138,$GLGSV,2,2,06,81,24,325,36,88,67,265,42,3*74
1780395329.138,$GLGSV,1,1,01,77,07,177,,0*4E
1780395329.139,$GAGSV,2,1,08,04,36,020,32,05,23,247,29,06,54,352,36,09,58,303,39,2*79
1780395329.139,$GAGSV,2,2,08,10,70,121,35,11,75,356,35,12,45,135,32,36,25,329,31,2*74
1780395329.140,$GAGSV,2,1,08,04,36,020,36,05,23,247,34,06,54,352,39,09,58,303,38,7*7A
1780395329.141,$GAGSV,2,2,08,10,70,121,38,11,75,356,37,12,45,135,36,36,25,329,32,7*79
1780395329.141,$GAGSV,1,1,04,16,08,188,,23,00,092,,28,16,036,,31,11,137,,0*7B
1780395329.142,$GBGSV,2,1,08,06,40,036,39,07,68,116,40,08,22,178,28,09,38,001,38,1*7F
1780395329.143,$GBGSV,2,2,08,10,62,142,40,13,28,303,32,14,29,031,38,34,42,189,42,1*71
1780395329.143,$GBGSV,1,1,03,09,38,001,32,10,62,142,35,14,29,031,13,3*4F
1780395329.144,$GBGSV,3,1,10,01,42,106,,02,63,244,,03,72,138,,04,22,095,,0*75
1780395329.145,$GBGSV,3,2,10,04,22,095,,21,15,052,,24,37,154,,25,03,202,,0*79
1780395329.145,$GBGSV,3,3,10,25,03,202,,26,37,092,,0*79
1780395329.146,$GNGLL,1339.02396,N,10029.57913,E,101529.00,A,D*79
1780395330.130,$GNRMC,101530.00,A,1339.02426,N,10029.57914,E,1.090,4.66,020626,0.53,W,R,V*52
1780395330.132,$GNVTG,4.66,T,5.19,M,1.090,N,2.019,K,D*33
1780395330.134,$GNGGA,101530.00,1339.02426,N,10029.57914,E,4,12,0.76,-1.1,M,-27.8,M,,0499*44
1780395330.134,$GNGSA,A,3,10,18,23,24,32,,,,,,,,1.46,0.76,1.24,1*0A
1780395330.135,$GNGSA,A,3,66,75,65,88,76,81,,,,,,,1.46,0.76,1.24,2*0E
1780395330.135,$GNGSA,A,3,05,12,04,06,09,10,11,36,,,,,1.46,0.76,1.24,3*0F
1780395330.136,$GNGSA,A,3,06,07,08,09,10,13,14,34,,,,,1.46,0.76,1.24,4*00
1780395330.136,$GPGSV,2,1,07,10,21,328,32,18,84,174,42,23,40,004,37,24,40,045,37,1*69
1780395330.137,$GPGSV,2,2,07,32,31,271,36,41,64,233,42,42,70,217,40,1*53
1780395330.138,$GPGSV,2,1,05,10,21,328,22,18,84,174,41,23,40,004,35,24,40,045,33,6*68
1780395330.138,$GPGSV,2,2,05,32,31,271,35,6*57
1780395330.139,$GPGSV,3,1,10,05,05,103,,12,13,121,,13,18,120,,15,11,046,,0*69
1780395330.140,$GPGSV,3,2,10,15,11,046,,25,17,158,,27,05,293,,28,15,207,,0*6D
1780395330.140,$GPGSV,3,3,10,28,15,207,,29,16,182,,0*68
1780395330.141,$GLGSV,2,1,07,65,23,012,33,66,28,317,37,75,21,074,20,76,27,134,18,1*7D
1780395330.142,$GLGSV,2,2,07,81,24,325,36,87,25,169,13,88,67,265,41,1*40
1780395330.142,$GLGSV,2,1,06,66,28,317,37,67,04,267,18,75,21,074,21,76,27,134,25,3*7F
1780395330.143,$GLGSV,2,2,06,81,24,325,33,88,67,265,40,3*73
1780395330.144,$GLGSV,1,1,01,77,07,177,,0*4E
1780395330.144,$GAGSV,2,1,08,04,36,020,36,05,23,247,32,06,54,352,37,09,58,303,39,2*76
1780395330.145,$GAGSV,2,2,08,10,70,121,38,11,75,356,35,12,45,135,31,36,25,329,29,2*73
1780395330.145,$GAGSV,2,1,08,04,36,020,39,05,23,247,33,06,54,352,39,09,58,303,38,7*72
1780395330.146,$GAGSV,2,2,08,10,70,121,38,11,75,356,37,12,45,135,36,36,25,329,30,7*7B
1780395330.147,$GAGSV,1,1,04,16,08,188,,23,00,092,,28,16,036,,31,11,137,,0*7B
1780395330.147,$GBGSV,2,1,08,06,40,036,35,07,68,116,41,08,22,178,30,09,38,001,37,1*74
1780395330.148,$GBGSV,2,2,08,10,62,142,40,13,28,303,35,14,29,031,40,34,42,189,40,1*7B
1780395330.148,$GBGSV,1,1,03,09,38,001,33,10,62,142,35,14,29,031,09,3*45
1780395330.149,$GBGSV,3,1,10,01,42,106,,02,63,244,,03,72,138,,04,22,095,,0*75
1780395330.150,$GBGSV,3,2,10,04,22,095,,21,15,052,,24,37,154,,25,03,202,,0*79
1780395330.150,$GBGSV,3,3,10,25,03,202,,26,37,092,,0*79
1780395330.150,$GNGLL,1339.02426,N,10029.57914,E,101530.00,A,D*7A
1780395331.128,$GNRMC,101531.00,A,1339.02456,N,10029.57915,E,1.168,359.96,020626,0.53,W,R,V*57
1780395331.130,$GNVTG,359.96,T,0.49,M,1.168,N,2.163,K,D*3D
1780395331.132,$GNGGA,101531.00,1339.02456,N,10029.57915,E,4,12,0.76,-1.1,M,-27.8,M,,0499*43
1780395331.132,$GNGSA,A,3,10,18,23,24,32,,,,,,,,1.46,0.76,1.24,1*0A
1780395331.133,$GNGSA,A,3,66,75,65,88,76,81,,,,,,,1.46,0.76,1.24,2*0E
1780395331.133,$GNGSA,A,3,05,12,04,06,09,10,11,36,,,,,1.46,0.76,1.24,3*0F
1780395331.134,$GNGSA,A,3,06,07,08,09,10,13,14,34,,,,,1.46,0.76,1.24,4*00
1780395331.134,$GPGSV,2,1,07,10,21,328,28,18,84,174,42,23,40,004,38,24,40,045,38,1*62
1780395331.135,$GPGSV,2,2,07,32,31,271,32,41,64,233,41,42,70,217,40,1*54
1780395331.136,$GPGSV,2,1,05,10,21,328,22,18,84,174,41,23,40,004,36,24,40,045,34,6*6C
1780395331.136,$GPGSV,2,2,05,32,31,271,33,6*51
1780395331.137,$GPGSV,3,1,10,05,05,103,,12,13,121,,13,18,120,,15,11,046,,0*69
1780395331.137,$GPGSV,3,2,10,15,11,046,,25,17,158,,27,05,293,,28,15,207,,0*6D
1780395331.138,$GPGSV,3,3,10,28,15,207,,29,16,182,,0*68
1780395331.138,$GLGSV,2,1,07,65,23,012,33,66,28,317,37,75,21,074,19,76,27,134,17,1*78
1780395331.139,$GLGSV,2,2,07,81,24,325,34,87,25,169,15,88,67,265,40,1*45
1780395331.140,$GLGSV,2,1,06,66,28,317,35,67,04,267,20,75,21,074,23,76,27,134,22,3*73
1780395331.141,$GLGSV,2,2,06,81,24,325,28,88,67,265,40,3*79
1780395331.141,$GLGSV,1,1,01,77,07,177,,0*4E
1780395331.142,$GAGSV,2,1,08,04,36,020,35,05,23,247,33,06,54,352,37,09,58,303,39,2*74
1780395331.142,$GAGSV,2,2,08,10,70,121,37,11,75,356,35,12,45,135,31,36,25,329,27,2*72
1780395331.143,$GAGSV,2,1,08,04,36,020,39,05,23,247,34,06,54,352,39,09,58,303,40,7*7A
1780395331.144,$GAGSV,2,2,08,10,70,121,40,11,75,356,37,12,45,135,31,36,25,329,30,7*73
1780395331.144,$GAGSV,1,1,04,16,08,188,,23,00,092,,28,16,036,,31,11,137,,0*7B
1780395331.145,$GBGSV,2,1,08,06,40,036,37,07,68,116,39,08,22,178,31,09,38,001,37,1*78
1780395331.146,$GBGSV,2,2,08,10,62,142,40,13,28,303,40,14,29,031,37,34,42,189,40,1*79
1780395331.146,$GBGSV,1,1,03,09,38,001,33,10,62,142,36,14,29,031,07,3*48
1780395331.147,$GBGSV,3,1,10,01,42,106,,02,63,244,,03,72,138,,04,22,095,,0*75
1780395331.147,$GBGSV,3,2,10,04,22,095,,21,15,052,,24,37,154,,25,03,202,,0*79
1780395331.148,$GBGSV,3,3,10,25,03,202,,26,37,092,,0*79
1780395331.148,$GNGLL,1339.02456,N,10029.57915,E,101531.00,A,D*7D
1780395332.126,$GNRMC,101532.00,A,1339.02487,N,10029.57916,E,1.055,1.55,020626,0.53,W,R,V*55
1780395332.129,$GNVTG,1.55,T,2.08,M,1.055,N,1.953,K,D*3C
1780395332.130,$GNGGA,101532.00,1339.02487,N,10029.57916,E,4,12,0.76,-1.1,M,-27.8,M,,0499*4F
1780395332.131,$GNGSA,A,3,10,18,23,24,32,,,,,,,,1.46,0.76,1.24,1*0A
1780395332.131,$GNGSA,A,3,66,75,65,88,76,81,,,,,,,1.46,0.76,1.24,2*0E
1780395332.132,$GNGSA,A,3,05,12,04,06,09,10,11,36,,,,,1.46,0.76,1.24,3*0F
1780395332.132,$GNGSA,A,3,06,07,08,09,10,13,14,34,,,,,1.46,0.76,1.24,4*00
1780395332.133,$GPGSV,2,1,07,10,21,328,32,18,84,174,40,23,40,004,40,24,40,045,38,1*64
1780395332.134,$GPGSV,2,2,07,32,31,271,29,41,64,233,40,42,70,217,40,1*5F
1780395332.134,$GPGSV,2,1,05,10,21,328,22,18,84,174,42,23,40,004,36,24,40,045,34,6*6F
1780395332.135,$GPGSV,2,2,05,32,31,271,33,6*51
1780395332.135,$GPGSV,3,1,10,05,05,103,,12,13,121,,13,18,120,,15,11,046,,0*69
1780395332.136,$GPGSV,3,2,10,15,11,046,,25,17,158,,27,05,293,,28,15,207,,0*6D
1780395332.136,$GPGSV,3,3,10,28,15,207,,29,16,182,,0*68
1780395332.137,$GLGSV,2,1,07,65,23,012,33,66,28,317,38,75,21,074,20,76,27,134,18,1*72
1780395332.138,$GLGSV,2,2,07,81,24,325,34,87,25,169,16,88,67,265,41,1*47
1780395332.139,$GLGSV,2,1,06,66,28,317,35,67,04,267,22,75,21,074,23,76,27,134,22,3*71
1780395332.140,$GLGSV,2,2,06,81,24,325,27,88,67,265,40,3*76
1780395332.140,$GLGSV,1,1,01,77,07,177,,0*4E
1780395332.141,$GAGSV,2,1,08,04,36,020,35,05,23,247,33,06,54,352,37,09,58,303,38,2*75
1780395332.142,$GAGSV,2,2,08,10,70,121,37,11,75,356,35,12,45,135,31,36,25,329,25,2*70
1780395332.143,$GAGSV,2,1,07,04,36,020,39,05,23,247,30,06,54,352,40,09,58,303,39,7*71
1780395332.143,$GAGSV,2,2,07,10,70,121,38,11,75,356,37,12,45,135,36,7*4D
1780395332.144,$GAGSV,1,1,04,16,08,188,,23,00,092,,28,16,036,,31,11,137,,0*7B
1780395332.144,$GBGSV,2,1,08,06,40,036,35,07,68,116,38,08,22,178,31,09,38,001,37,1*7B
1780395332.145,$GBGSV,2,2,08,10,62,142,42,13,28,303,36,14,29,031,38,34,42,189,40,1*75
1780395332.146,$GBGSV,1,1,03,09,38,001,33,10,62,142,36,14,29,031,08,3*47
1780395332.146,$GBGSV,3,1,10,01,42,106,,02,63,244,,03,72,138,,04,22,095,,0*75
1780395332.147,$GBGSV,3,2,10,04,22,095,,21,15,052,,24,37,154,,25,03,202,,0*79
1780395332.147,$GBGSV,3,3,10,25,03,202,,26,37,092,,0*79
1780395332.148,$GNGLL,1339.02487,N,10029.57916,E,101532.00,A,D*71
1780395333.129,$GNRMC,101533.00,A,1339.02517,N,10029.57916,E,1.098,0.84,020626,0.53,W,R,V*50
1780395333.131,$GNVTG,0.84,T,1.37,M,1.098,N,2.033,K,D*33
1780395333.133,$GNGGA,101533.00,1339.02517,N,10029.57916,E,4,12,0.76,-1.1,M,-27.8,M,,0499*46
1780395333.133,$GNGSA,A,3,10,18,23,24,32,,,,,,,,1.46,0.76,1.24,1*0A
1780395333.134,$GNGSA,A,3,66,75,65,88,76,81,,,,,,,1.46,0.76,1.24,2*0E
1780395333.134,$GNGSA,A,3,05,12,04,06,09,10,11,36,,,,,1.46,0.76,1.24,3*0F
1780395333.135,$GNGSA,A,3,06,07,08,09,10,13,14,34,,,,,1.46,0.76,1.24,4*00
1780395333.135,$GPGSV,2,1,07,10,21,328,29,18,84,174,41,23,40,004,39,24,40,045,38,1*61
1780395333.136,$GPGSV,2,2,07,32,31,271,38,41,64,233,39,42,70,217,40,1*51
1780395333.137,$GPGSV,2,1,05,10,21,328,24,18,84,174,42,23,40,004,36,24,40,045,35,6*68
1780395333.137,$GPGSV,2,2,05,32,31,271,33,6*51
1780395333.138,$GPGSV,3,1,10,05,05,103,,12,13,121,,13,18,120,,15,11,046,,0*69
1780395333.139,$GPGSV,3,2,10,15,11,046,,25,17,158,,27,05,293,,28,15,207,,0*6D
1780395333.139,$GPGSV,3,3,10,28,15,207,,29,16,182,,0*68
1780395333.140,$GLGSV,2,1,07,65,23,012,33,66,28,317,36,75,21,074,18,76,27,134,19,1*76
1780395333.141,$GLGSV,2,2,07,81,24,325,29,87,24,169,17,88,67,265,41,1*4B
1780395333.142,$GLGSV,2,1,06,66,28,317,37,67,04,267,24,75,21,074,23,76,27,134,21,3*76
1780395333.142,$GLGSV,2,2,06,81,24,325,28,88,67,265,41,3*78
1780395333.143,$GLGSV,1,1,01,77,07,177,,0*4E
1780395333.143,$GAGSV,2,1,08,04,36,020,35,05,23,247,33,06,54,352,37,09,58,303,38,2*75
1780395333.144,$GAGSV,2,2,08,10,70,121,36,11,75,356,35,12,45,135,31,36,25,329,26,2*72
1780395333.145,$GAGSV,2,1,08,04,36,020,37,05,23,247,31,06,54,352,39,09,58,303,39,7*7F
1780395333.145,$GAGSV,2,2,08,10,70,121,39,11,75,356,36,12,45,135,34,36,25,329,22,7*7A
1780395333.146,$GAGSV,1,1,04,16,08,188,,23,00,092,,28,16,036,,31,11,137,,0*7B
1780395333.147,$GBGSV,2,1,08,06,40,036,37,07,68,116,40,08,22,178,31,09,38,001,37,1*76
1780395333.147,$GBGSV,2,2,08,10,62,142,40,13,28,303,37,14,29,031,35,34,42,189,38,1*74
1780395333.148,$GBGSV,1,1,03,09,38,001,33,10,62,142,34,14,29,031,08,3*45
1780395333.149,$GBGSV,3,1,10,01,42,106,,02,63,244,,03,72,138,,04,22,095,,0*75
1780395333.149,$GBGSV,3,2,10,04,22,095,,21,15,052,,24,37,154,,25,03,202,,0*79
1780395333.150,$GBGSV,3,3,10,25,03,202,,26,37,092,,0*79
1780395333.150,$GNGLL,1339.02517,N,10029.57916,E,101533.00,A,D*78
1780395334.127,$GNRMC,101534.00,A,1339.02548,N,10029.57917,E,1.004,359.53,020626,0.53,W,R,V*5C
1780395334.129,$GNVTG,359.53,T,0.06,M,1.004,N,1.860,K,D*3D
1780395334.130,$GNGGA,101534.00,1339.02548,N,10029.57917,E,4,12,0.76,-1.0,M,-27.8,M,,0499*4B
1780395334.131,$GNGSA,A,3,10,18,23,24,32,,,,,,,,1.46,0.76,1.25,1*0B
1780395334.131,$GNGSA,A,3,66,75,65,88,76,81,,,,,,,1.46,0.76,1.25,2*0F
1780395334.132,$GNGSA,A,3,05,12,04,06,09,10,11,36,,,,,1.46,0.76,1.25,3*0E
1780395334.132,$GNGSA,A,3,06,07,08,09,10,13,14,34,,,,,1.46,0.76,1.25,4*01
1780395334.133,$GPGSV,2,1,07,10,21,328,26,18,84,174,41,23,40,004,38,24,40,045,37,1*60
1780395334.134,$GPGSV,2,2,07,32,31,271,29,41,64,233,39,42,70,217,40,1*51
1780395334.134,$GPGSV,2,1,05,10,21,328,29,18,84,174,40,23,40,004,35,24,40,045,35,6*64
1780395334.135,$GPGSV,2,2,05,32,31,271,26,6*55
1780395334.135,$GPGSV,3,1,10,05,05,103,,12,13,121,,13,18,120,,15,11,046,,0*69
1780395334.136,$GPGSV,3,2,10,15,11,046,,25,17,158,,27,05,293,,28,15,207,,0*6D
1780395334.136,$GPGSV,3,3,10,28,15,207,,29,16,182,,0*68
1780395334.137,$GLGSV,2,1,07,65,23,012,33,66,28,317,37,75,21,074,17,76,27,134,21,1*73
1780395334.138,$GLGSV,2,2,07,81,24,325,28,87,24,169,19,88,67,262,41,1*43
1780395334.138,$GLGSV,2,1,06,66,28,317,35,67,04,267,21,75,21,074,23,76,27,134,20,3*70
1780395334.139,$GLGSV,2,2,06,81,24,325,28,88,67,262,40,3*7E
1780395334.140,$GLGSV,1,1,01,77,07,177,,0*4E
1780395334.140,$GAGSV,2,1,08,04,36,020,35,05,23,247,36,06,54,352,36,09,58,303,38,2*71
1780395334.141,$GAGSV,2,2,08,10,70,121,39,11,75,356,35,12,45,135,31,36,25,329,25,2*7E
1780395334.142,$GAGSV,2,1,08,04,36,020,38,05,23,247,31,06,54,352,40,09,58,303,39,7*7E
1780395334.143,$GAGSV,2,2,08,10,70,121,38,11,75,356,36,12,45,135,32,36,25,329,25,7*7A
1780395334.143,$GAGSV,1,1,04,16,08,188,,23,00,092,,28,16,036,,31,11,137,,0*7B
1780395334.144,$GBGSV,2,1,08,06,40,036,35,07,68,116,40,08,22,178,32,09,38,001,37,1*77
1780395334.144,$GBGSV,2,2,08,10,62,142,37,13,28,303,37,14,29,031,35,34,42,189,39,1*75
1780395334.145,$GBGSV,1,1,03,09,38,001,32,10,62,142,34,14,29,031,09,3*45
1780395334.145,$GBGSV,3,1,10,01,42,106,,02,63,244,,03,72,138,,04,22,095,,0*75
1780395334.146,$GBGSV,3,2,10,04,22,095,,21,15,052,,24,37,154,,25,03,202,,0*79
1780395334.146,$GBGSV,3,3,10,25,03,202,,26,37,092,,0*79
1780395334.147,$GNGLL,1339.02548,N,10029.57917,E,101534.00,A,D*74
1780395335.119,$GNRMC,101535.00,A,1339.02576,N,10029.57917,E,1.068,358.00,020626,0.53,W,R,V*5D
1780395335.121,$GNVTG,358.00,T,358.53,M,1.068,N,1.978,K,D*36
1780395335.122,$GNGGA,101535.00,1339.02576,N,10029.57917,E,4,12,0.76,-1.1,M,-27.8,M,,0499*46
1780395335.123,$GNGSA,A,3,10,18,23,24,32,,,,,,,,1.46,0.76,1.25,1*0B
1780395335.124,$GNGSA,A,3,66,75,65,88,76,81,,,,,,,1.46,0.76,1.25,2*0F
1780395335.124,$GNGSA,A,3,05,12,04,06,09,10,11,36,,,,,1.46,0.76,1.25,3*0E
1780395335.125,$GNGSA,A,3,06,07,08,09,10,13,14,34,,,,,1.46,0.76,1.25,4*01
1780395335.125,$GPGSV,2,1,07,10,21,328,27,18,84,174,41,23,40,004,38,24,40,045,35,1*63
1780395335.126,$GPGSV,2,2,07,32,31,271,34,41,64,233,39,42,70,217,40,1*5D
1780395335.127,$GPGSV,2,1,05,10,21,328,27,18,84,174,40,23,40,004,36,24,40,045,35,6*69
1780395335.127,$GPGSV,2,2,05,32,31,271,32,6*50
1780395335.128,$GPGSV,3,1,10,05,05,103,,12,13,121,,13,18,120,,15,11,046,,0*69
1780395335.129,$GPGSV,3,2,10,15,11,046,,25,17,158,,27,05,293,,28,15,207,,0*6D
1780395335.129,$GPGSV,3,3,10,28,15,207,,29,16,182,,0*68
1780395335.130,$GLGSV,2,1,07,65,23,012,33,66,28,317,37,75,21,074,19,76,27,134,20,1*7C
1780395335.131,$GLGSV,2,2,07,81,24,325,31,87,24,169,19,88,67,262,42,1*48
1780395335.132,$GLGSV,2,1,06,66,28,317,37,67,04,267,21,75,21,074,22,76,27,134,23,3*70
1780395335.132,$GLGSV,2,2,06,81,24,325,27,88,67,262,40,3*71
1780395335.133,$GLGSV,1,1,01,77,07,177,,0*4E
1780395335.134,$GAGSV,2,1,08,04,36,020,35,05,23,247,35,06,54,352,36,09,58,303,38,2*72
1780395335.135,$GAGSV,2,2,08,10,70,121,39,11,75,356,35,12,45,135,31,36,25,329,25,2*7E
1780395335.135,$GAGSV,2,1,08,04,36,020,37,05,23,247,31,06,54,352,40,09,58,303,39,7*71
1780395335.136,$GAGSV,2,2,08,10,70,121,38,11,75,356,36,12,45,135,32,36,25,329,25,7*7A
1780395335.137,$GAGSV,1,1,04,16,08,188,,23,00,092,,28,16,036,,31,11,137,,0*7B
1780395335.137,$GBGSV,2,1,08,06,40,036,37,07,68,116,38,08,22,178,32,09,38,001,35,1*78
1780395335.138,$GBGSV,2,2,08,10,62,142,39,13,28,303,39,14,29,031,35,34,42,189,38,1*74
1780395335.140,$GBGSV,1,1,03,09,38,001,32,10,62,142,36,14,29,031,10,3*4F
1780395335.140,$GBGSV,3,1,10,01,42,106,,02,63,244,,03,72,138,,04,22,095,,0*75
1780395335.141,$GBGSV,3,2,10,04,22,095,,21,15,052,,24,37,154,,25,03,202,,0*79
1780395335.141,$GBGSV,3,3,10,25,03,202,,26,37,092,,0*79
1780395335.142,$GNGLL,1339.02576,N,10029.57917,E,101535.00,A,D*78
1780395336.124,$GNRMC,101536.00,A,1339.02606,N,10029.57916,E,1.094,358.78,020626,0.53,W,R,V*57
1780395336.126,$GNVTG,358.78,T,359.30,M,1.094,N,2.026,K,D*3F
1780395336.127,$GNGGA,101536.00,1339.02606,N,10029.57916,E,4,12,0.76,-1.1,M,-27.8,M,,0499*40
1780395336.128,$GNGSA,A,3,10,18,23,24,32,,,,,,,,1.46,0.76,1.25,1*0B
1780395336.128,$GNGSA,A,3,66,75,65,88,76,81,,,,,,,1.46,0.76,1.25,2*0F
1780395336.129,$GNGSA,A,3,05,12,04,06,09,10,11,36,,,,,1.46,0.76,1.25,3*0E
1780395336.129,$GNGSA,A,3,06,07,08,09,10,13,14,34,,,,,1.46,0.76,1.25,4*01
1780395336.130,$GPGSV,2,1,07,10,21,328,28,18,84,174,41,23,40,004,35,24,40,045,38,1*6C
1780395336.131,$GPGSV,2,2,07,32,31,271,31,41,64,233,41,42,70,217,40,1*57
1780395336.131,$GPGSV,2,1,05,10,21,328,25,18,84,174,42,23,40,004,36,24,40,045,35,6*69
1780395336.132,$GPGSV,2,2,05,32,31,271,32,6*50
1780395336.132,$GPGSV,3,1,10,05,05,103,,12,13,121,,13,18,120,,15,11,046,,0*69
1780395336.133,$GPGSV,3,2,10,15,11,046,,25,17,158,,27,05,293,,28,15,207,,0*6D
1780395336.133,$GPGSV,3,3,10,28,15,207,,29,16,182,,0*68
1780395336.134,$GLGSV,2,1,07,65,23,012,33,66,28,317,35,75,21,074,20,76,27,134,20,1*74
1780395336.135,$GLGSV,2,2,07,81,24,325,27,87,24,169,19,88,67,262,42,1*4F
1780395336.136,$GLGSV,2,1,06,66,28,317,31,67,04,267,20,75,21,074,22,76,27,134,23,3*77
1780395336.136,$GLGSV,2,2,06,81,24,325,35,88,67,262,40,3*72
1780395336.137,$GLGSV,1,1,01,77,07,177,,0*4E
1780395336.138,$GAGSV,2,1,08,04,36,020,35,05,23,247,33,06,54,352,37,09,58,303,38,2*75
1780395336.139,$GAGSV,2,2,08,10,70,121,39,11,75,356,35,12,45,135,31,36,25,329,27,2*7C
1780395336.140,$GAGSV,2,1,08,04,36,020,37,05,23,247,31,06,54,352,40,09,58,303,38,7*70
1780395336.140,$GAGSV,2,2,08,10,70,121,40,11,75,356,36,12,45,135,33,36,25,329,30,7*70
1780395336.141,$GAGSV,1,1,04,16,08,188,,23,00,092,,28,16,036,,31,11,137,,0*7B
1780395336.142,$GBGSV,2,1,08,06,40,036,36,07,68,116,39,08,22,178,31,09,38,001,36,1*78
1780395336.142,$GBGSV,2,2,08,10,62,142,40,13,28,303,38,14,29,031,35,34,42,189,40,1*74
1780395336.143,$GBGSV,1,1,03,09,38,001,33,10,62,142,35,14,29,031,08,3*44
1780395336.144,$GBGSV,3,1,10,01,42,106,,02,63,244,,03,72,138,,04,22,095,,0*75
1780395336.144,$GBGSV,3,2,10,04,22,095,,21,15,052,,24,37,154,,25,03,202,,0*79
1780395336.145,$GBGSV,3,3,10,25,03,202,,26,37,092,,0*79
1780395336.145,$GNGLL,1339.02606,N,10029.57916,E,101536.00,A,D*7E
1780395337.119,$GNRMC,101537.00,A,1339.02637,N,10029.57916,E,1.052,358.66,020626,0.53,W,R,V*51
1780395337.122,$GNVTG,358.66,T,359.19,M,1.052,N,1.949,K,D*32
1780395337.123,$GNGGA,101537.00,1339.02637,N,10029.57916,E,4,12,0.76,-1.1,M,-27.8,M,,0499*43
1780395337.124,$GNGSA,A,3,10,18,23,24,32,,,,,,,,1.46,0.76,1.25,1*0B
1780395337.124,$GNGSA,A,3,66,75,65,88,76,81,,,,,,,1.46,0.76,1.25,2*0F
1780395337.125,$GNGSA,A,3,05,12,04,06,09,10,11,36,,,,,1.46,0.76,1.25,3*0E
1780395337.125,$GNGSA,A,3,06,07,08,09,10,13,14,34,,,,,1.46,0.76,1.25,4*01
1780395337.126,$GPGSV,2,1,07,10,21,328,27,18,84,174,42,23,40,004,38,24,40,045,39,1*6C
1780395337.127,$GPGSV,2,2,07,32,31,271,38,41,64,233,42,42,70,217,40,1*5D
1780395337.127,$GPGSV,2,1,05,10,21,328,24,18,84,174,41,23,40,004,36,24,40,045,34,6*6A
1780395337.128,$GPGSV,2,2,05,32,31,271,29,6*5A
1780395337.128,$GPGSV,3,1,10,05,05,103,,12,13,121,,13,18,120,,15,11,046,,0*69
1780395337.129,$GPGSV,3,2,10,15,11,046,,25,17,158,,27,05,293,,28,15,207,,0*6D
1780395337.129,$GPGSV,3,3,10,28,15,207,,29,16,182,,0*68
1780395337.130,$GLGSV,2,1,07,65,23,012,30,66,28,317,35,75,21,074,21,76,27,134,22,1*74
1780395337.131,$GLGSV,2,2,07,81,24,325,31,87,24,169,19,88,67,262,41,1*4B
1780395337.132,$GLGSV,2,1,06,66,28,317,32,67,04,267,21,75,21,074,22,76,27,134,24,3*72
1780395337.132,$GLGSV,2,2,06,81,24,325,32,88,67,262,41,3*74
1780395337.133,$GLGSV,1,1,01,77,07,177,,0*4E
1780395337.134,$GAGSV,2,1,08,04,36,020,35,05,23,247,33,06,54,352,37,09,58,303,38,2*75
1780395337.135,$GAGSV,2,2,08,10,70,121,37,11,75,356,35,12,45,135,31,36,25,329,25,2*70
1780395337.135,$GAGSV,2,1,07,04,36,020,37,05,23,247,30,06,54,352,40,09,58,303,40,7*71
1780395337.136,$GAGSV,2,2,07,10,70,121,38,11,75,356,36,12,45,135,34,7*4E
1780395337.137,$GAGSV,1,1,04,16,08,188,,23,00,092,,28,16,036,,31,11,137,,0*7B
1780395337.137,$GBGSV,2,1,08,06,40,036,35,07,68,116,39,08,22,178,30,09,38,001,38,1*74
1780395337.138,$GBGSV,2,2,08,10,62,142,38,13,28,303,40,14,29,031,38,34,42,189,39,1*77
1780395337.139,$GBGSV,1,1,03,09,38,001,32,10,62,142,36,14,29,031,08,3*46
1780395337.139,$GBGSV,3,1,10,01,42,106,,02,63,244,,03,72,138,,04,22,095,,0*75
1780395337.140,$GBGSV,3,2,10,04,22,095,,21,15,052,,24,37,154,,25,03,202,,0*79
1780395337.140,$GBGSV,3,3,10,25,03,202,,26,37,092,,0*79
1780395337.141,$GNGLL,1339.02637,N,10029.57916,E,101537.00,A,D*7D
1780395338.120,$GNRMC,101538.00,A,1339.02666,N,10029.57914,E,1.105,358.84,020626,0.53,W,R,V*57
1780395338.123,$GNVTG,358.84,T,359.37,M,1.105,N,2.046,K,D*34
1780395338.124,$GNGGA,101538.00,1339.02666,N,10029.57914,E,4,12,0.76,-1.1,M,-27.8,M,,0499*4A
1780395338.124,$GNGSA,A,3,10,18,23,24,32,,,,,,,,1.46,0.76,1.25,1*0B
1780395338.125,$GNGSA,A,3,66,75,65,88,76,81,,,,,,,1.46,0.76,1.25,2*0F
1780395338.125,$GNGSA,A,3,05,12,04,06,09,10,11,36,,,,,1.46,0.76,1.25,3*0E
1780395338.126,$GNGSA,A,3,06,07,08,09,10,13,14,34,,,,,1.46,0.76,1.25,4*01
1780395338.126,$GPGSV,2,1,07,10,21,328,32,18,84,174,42,23,40,004,38,24,40,045,37,1*66
1780395338.127,$GPGSV,2,2,07,32,31,271,36,41,64,233,41,42,70,217,41,1*51
1780395338.128,$GPGSV,2,1,05,10,21,328,22,18,84,174,40,23,40,004,36,24,40,045,35,6*6C
1780395338.128,$GPGSV,2,2,05,32,31,271,33,6*51
1780395338.129,$GPGSV,3,1,10,05,05,103,,12,13,121,,13,18,120,,15,11,046,,0*69
1780395338.130,$GPGSV,3,2,10,15,11,046,,25,17,158,,27,05,293,,28,15,207,,0*6D
1780395338.130,$GPGSV,3,3,10,28,15,207,,29,16,182,,0*68
1780395338.131,$GLGSV,2,1,07,65,23,012,33,66,28,317,33,75,21,074,21,76,27,134,21,1*72
1780395338.131,$GLGSV,2,2,07,81,24,325,26,87,24,169,19,88,67,262,41,1*4D
1780395338.132,$GLGSV,2,1,06,66,28,317,35,67,04,267,20,75,21,074,25,76,27,134,21,3*76
1780395338.133,$GLGSV,2,2,06,81,24,325,32,88,67,262,40,3*75
1780395338.133,$GLGSV,1,1,01,77,07,177,,0*4E
1780395338.134,$GAGSV,2,1,08,04,36,020,35,05,23,247,34,06,54,352,36,09,58,303,38,2*73
1780395338.134,$GAGSV,2,2,08,10,70,121,37,11,75,356,35,12,45,135,31,36,25,329,25,2*70
1780395338.135,$GAGSV,2,1,08,04,36,020,37,05,23,247,30,06,54,352,40,09,58,303,38,7*71
1780395338.136,$GAGSV,2,2,08,10,70,121,38,11,75,356,36,12,45,135,34,36,25,329,29,7*70
1780395338.137,$GAGSV,1,1,04,16,08,188,,23,00,092,,28,16,036,,31,11,137,,0*7B
1780395338.137,$GBGSV,2,1,08,06,40,036,37,07,68,116,39,08,22,178,29,09,38,001,38,1*7E
1780395338.138,$GBGSV,2,2,08,10,62,142,42,13,28,303,38,14,29,031,38,34,42,189,40,1*7B
1780395338.139,$GBGSV,1,1,04,06,40,036,15,09,38,001,32,10,62,142,35,14,29,031,08,3*71
1780395338.140,$GBGSV,3,1,10,01,42,106,,02,63,244,,03,72,138,,04,22,095,,0*75
1780395338.140,$GBGSV,3,2,10,04,22,095,,21,15,052,,24,37,154,,25,03,202,,0*79
1780395338.141,$GBGSV,3,3,10,25,03,202,,26,37,092,,0*79
1780395338.141,$GNGLL,1339.02666,N,10029.57914,E,101538.00,A,D*74
1780395339.127,$GNRMC,101539.00,A,1339.02696,N,10029.57914,E,1.035,358.51,020626,0.53,W,R,V*53
1780395339.129,$GNVTG,358.51,T,359.03,M,1.035,N,1.918,K,D*38
1780395339.130,$GNGGA,101539.00,1339.02696,N,10029.57914,E,4,12,0.76,-1.0,M,-27.8,M,,0499*45
1780395339.130,$GNGSA,A,3,10,18,23,24,32,,,,,,,,1.46,0.76,1.25,1*0B
1780395339.131,$GNGSA,A,3,66,75,65,88,76,81,,,,,,,1.46,0.76,1.25,2*0F
1780395339.131,$GNGSA,A,3,05,12,04,06,09,10,11,36,,,,,1.46,0.76,1.25,3*0E
1780395339.132,$GNGSA,A,3,06,07,08,09,10,13,14,34,,,,,1.46,0.76,1.25,4*01
1780395339.132,$GPGSV,2,1,07,10,21,328,27,18,84,174,42,23,40,004,38,24,40,045,39,1*6C
1780395339.133,$GPGSV,2,2,07,32,31,271,36,41,64,233,42,42,70,217,40,1*53
1780395339.134,$GPGSV,2,1,05,10,21,328,19,18,84,174,41,23,40,004,36,24,40,045,35,6*65
1780395339.134,$GPGSV,2,2,05,32,31,271,33,6*51
1780395339.135,$GPGSV,3,1,10,05,05,103,,12,13,121,,13,18,120,,15,11,046,,0*69
1780395339.136,$GPGSV,3,2,10,15,11,046,,25,17,158,,27,05,293,,28,15,207,,0*6D
1780395339.136,$GPGSV,3,3,10,28,15,207,,29,16,182,,0*68
1780395339.137,$GLGSV,2,1,07,65,23,012,33,66,28,317,37,75,21,074,20,76,27,134,21,1*77
1780395339.137,$GLGSV,2,2,07,81,24,325,26,87,24,169,18,88,67,262,41,1*4C
1780395339.138,$GLGSV,2,1,06,66,28,317,35,67,04,267,19,75,21,074,25,76,27,134,21,3*7C
1780395339.139,$GLGSV,2,2,06,81,24,325,28,88,67,262,40,3*7E
1780395339.140,$GLGSV,1,1,01,77,07,177,,0*4E
1780395339.140,$GAGSV,2,1,08,04,36,020,35,05,23,247,29,06,54,352,36,09,58,303,38,2*7F
1780395339.141,$GAGSV,2,2,08,10,70,121,38,11,75,356,35,12,45,135,31,36,25,329,31,2*7A
1780395339.142,$GAGSV,2,1,08,04,36,020,37,05,23,247,32,06,54,352,39,09,58,303,39,7*7C
1780395339.143,$GAGSV,2,2,08,10,70,121,38,11,75,356,36,12,45,135,34,36,25,329,23,7*7A
1780395339.143,$GAGSV,1,1,04,16,08,188,,23,00,092,,28,16,036,,31,11,137,,0*7B
1780395339.144,$GBGSV,2,1,08,06,40,036,37,07,68,116,40,08,22,178,30,09,38,001,37,1*77
1780395339.145,$GBGSV,2,2,08,10,62,142,40,13,28,303,36,14,29,031,38,34,42,189,39,1*79
1780395339.145,$GBGSV,1,1,03,09,38,001,33,10,62,142,35,14,29,031,07,3*4B
1780395339.146,$GBGSV,3,1,10,01,42,106,,02,63,244,,03,72,138,,04,22,095,,0*75
1780395339.147,$GBGSV,3,2,10,04,22,095,,21,15,052,,24,37,154,,25,03,202,,0*79
1780395339.147,$GBGSV,3,3,10,25,03,202,,26,37,092,,0*79
1780395339.148,$GNGLL,1339.02696,N,10029.57914,E,101539.00,A,D*7A
1780395340.123,$GNRMC,101540.00,A,1339.02726,N,10029.57913,E,1.079,356.35,020626,0.53,W,R,V*54
1780395340.125,$GNVTG,356.35,T,356.88,M,1.079,N,1.999,K,D*39
1780395340.128,$GNGGA,101540.00,1339.02726,N,10029.57913,E,4,12,0.76,-1.0,M,-27.8,M,,0499*46
1780395340.130,$GNGSA,A,3,10,18,23,24,32,,,,,,,,1.46,0.76,1.25,1*0B
1780395340.131,$GNGSA,A,3,66,75,65,88,76,81,,,,,,,1.46,0.76,1.25,2*0F
1780395340.133,$GNGSA,A,3,05,12,04,06,09,10,11,36,,,,,1.46,0.76,1.25,3*0E
1780395340.134,$GNGSA,A,3,06,07,08,09,10,13,14,34,,,,,1.46,0.76,1.25,4*01
1780395340.137,$GPGSV,2,1,07,10,21,328,32,18,84,174,42,23,40,004,38,24,40,045,38,1*69
1780395340.140,$GPGSV,2,2,07,32,31,271,39,41,64,233,42,42,70,217,39,1*52
1780395340.142,$GPGSV,2,1,05,10,21,328,21,18,84,174,41,23,40,004,36,24,40,045,35,6*6E
1780395340.143,$GPGSV,2,2,05,32,31,271,34,6*56
1780395340.144,$GPGSV,3,1,10,05,04,104,,12,13,121,,13,18,120,,15,11,046,,0*6F
1780395340.144,$GPGSV,3,2,10,15,11,046,,25,17,158,,27,05,293,,28,15,207,,0*6D
1780395340.145,$GPGSV,3,3,10,28,15,207,,29,16,182,,0*68
1780395340.146,$GLGSV,2,1,07,65,23,012,33,66,28,317,35,75,21,074,18,76,27,134,23,1*7C
1780395340.146,$GLGSV,2,2,07,81,24,325,31,87,24,169,18,88,67,262,41,1*4A
1780395340.147,$GLGSV,2,1,06,66,28,317,30,67,04,267,20,75,21,074,23,76,27,134,23,3*77
1780395340.147,$GLGSV,2,2,06,81,24,325,32,88,67,262,40,3*75
1780395340.148,$GLGSV,1,1,01,77,07,177,,0*4E
1780395340.148,$GAGSV,2,1,08,04,36,020,35,05,23,247,30,06,54,352,37,09,58,303,39,2*77
1780395340.149,$GAGSV,2,2,08,10,70,121,37,11,75,356,35,12,45,135,33,36,25,329,30,2*76
1780395340.150,$GAGSV,2,1,08,04,36,020,36,05,23,247,32,06,54,352,39,09,58,303,40,7*73
1780395340.151,$GAGSV,2,2,08,10,70,121,39,11,75,356,36,12,45,135,35,36,25,329,24,7*7D
1780395340.151,$GAGSV,1,1,04,16,08,188,,23,00,092,,28,16,036,,31,11,137,,0*7B
1780395340.152,$GBGSV,2,1,08,06,40,036,37,07,68,116,36,08,22,178,31,09,38,001,37,1*77
1780395340.153,$GBGSV,2,2,08,10,62,142,40,13,28,303,36,14,29,031,39,34,42,189,40,1*76
1780395340.153,$GBGSV,1,1,02,09,38,001,32,10,62,142,36,3*73
1780395340.154,$GBGSV,3,1,10,01,42,106,,02,63,244,,03,72,138,,04,22,095,,0*75
1780395340.154,$GBGSV,3,2,10,04,22,095,,21,15,052,,24,37,154,,25,03,202,,0*79
1780395340.155,$GBGSV,3,3,10,25,03,202,,26,37,092,,0*79
1780395340.155,$GNGLL,1339.02726,N,10029.57913,E,101540.00,A,D*79
1780395341.124,$GNRMC,101541.00,A,1339.02757,N,10029.57912,E,1.120,0.35,020626,0.53,W,R,V*5F
1780395341.127,$GNVTG,0.35,T,0.88,M,1.120,N,2.074,K,D*3D
1780395341.128,$GNGGA,101541.00,1339.02757,N,10029.57912,E,4,12,0.76,-1.1,M,-27.8,M,,0499*41
1780395341.129,$GNGSA,A,3,10,18,23,24,32,,,,,,,,1.46,0.76,1.25,1*0B
1780395341.129,$GNGSA,A,3,66,75,65,88,76,81,,,,,,,1.46,0.76,1.25,2*0F
1780395341.130,$GNGSA,A,3,05,12,04,06,09,10,11,36,,,,,1.46,0.76,1.25,3*0E
1780395341.130,$GNGSA,A,3,06,07,08,09,10,13,14,34,,,,,1.46,0.76,1.25,4*01
1780395341.131,$GPGSV,2,1,07,10,21,328,31,18,84,174,42,23,40,004,40,24,40,045,33,1*6E
1780395341.132,$GPGSV,2,2,07,32,31,271,39,41,64,233,42,42,70,217,40,1*5C
1780395341.132,$GPGSV,2,1,05,10,21,328,24,18,84,174,41,23,40,004,36,24,40,045,34,6*6A
1780395341.133,$GPGSV,2,2,05,32,31,271,37,6*55
1780395341.133,$GPGSV,3,1,10,05,04,104,,12,13,121,,13,18,120,,15,11,046,,0*6F
1780395341.134,$GPGSV,3,2,10,15,11,046,,25,17,158,,27,05,293,,28,15,207,,0*6D
1780395341.134,$GPGSV,3,3,10,28,15,207,,29,16,182,,0*68
1780395341.135,$GLGSV,2,1,07,65,23,012,35,66,28,317,27,75,21,074,19,76,27,134,24,1*7F
1780395341.136,$GLGSV,2,2,07,81,24,325,27,87,24,169,18,88,67,262,41,1*4D
1780395341.136,$GLGSV,2,1,06,66,28,317,31,67,04,267,19,75,21,074,21,76,27,134,23,3*7E
1780395341.137,$GLGSV,2,2,06,81,24,325,33,88,67,262,42,3*76
1780395341.137,$GLGSV,1,1,01,77,07,177,,0*4E
1780395341.138,$GAGSV,2,1,08,04,36,020,35,05,23,247,30,06,54,352,37,09,58,303,38,2*76
1780395341.139,$GAGSV,2,2,08,10,70,121,34,11,75,356,35,12,45,135,32,36,25,329,29,2*7C
1780395341.139,$GAGSV,2,1,08,04,36,020,36,05,23,247,32,06,54,352,38,09,58,303,40,7*72
1780395341.140,$GAGSV,2,2,08,10,70,121,37,11,75,356,37,12,45,135,34,36,25,329,25,7*72
1780395341.141,$GAGSV,1,1,04,16,08,188,,23,00,092,,28,16,036,,31,11,137,,0*7B
1780395341.141,$GBGSV,2,1,08,06,40,036,39,07,68,116,36,08,22,178,31,09,38,001,37,1*79
1780395341.142,$GBGSV,2,2,08,10,62,142,40,13,28,303,34,14,29,031,41,34,42,189,40,1*7B
1780395341.143,$GBGSV,1,1,02,09,38,001,33,10,62,142,37,3*73
1780395341.144,$GBGSV,3,1,10,01,42,106,,02,63,244,,03,72,138,,04,22,095,,0*75
1780395341.144,$GBGSV,3,2,10,04,22,095,,21,15,052,,24,37,154,,25,03,202,,0*79
1780395341.145,$GBGSV,3,3,10,25,03,202,,26,37,092,,0*79
1780395341.145,$GNGLL,1339.02757,N,10029.57912,E,101541.00,A,D*7F
1780395342.123,$GNRMC,101542.00,A,1339.02786,N,10029.57911,E,1.077,356.14,020626,0.53,W,R,V*53
1780395342.125,$GNVTG,356.14,T,356.67,M,1.077,N,1.994,K,D*38
1780395342.127,$GNGGA,101542.00,1339.02786,N,10029.57911,E,4,12,0.76,-1.0,M,-27.8,M,,0499*4C
1780395342.128,$GNGSA,A,3,10,18,23,24,32,,,,,,,,1.46,0.76,1.25,1*0B
1780395342.128,$GNGSA,A,3,66,75,65,88,76,81,,,,,,,1.46,0.76,1.25,2*0F
1780395342.129,$GNGSA,A,3,05,12,04,06,09,10,11,36,,,,,1.46,0.76,1.25,3*0E
1780395342.129,$GNGSA,A,3,06,07,08,09,10,13,14,34,,,,,1.46,0.76,1.25,4*01
1780395342.130,$GPGSV,2,1,07,10,21,328,31,18,84,174,42,23,40,004,38,24,40,045,36,1*64
1780395342.130,$GPGSV,2,2,07,32,31,271,36,41,64,233,41,42,70,217,40,1*50
1780395342.131,$GPGSV,2,1,05,10,21,328,26,18,84,174,41,23,40,004,35,24,40,045,33,6*6C
1780395342.131,$GPGSV,2,2,05,32,31,271,33,6*51
1780395342.132,$GPGSV,3,1,10,05,04,104,,12,13,121,,13,18,120,,15,11,046,,0*6F
1780395342.133,$GPGSV,3,2,10,15,11,046,,25,17,158,,27,05,293,,28,15,207,,0*6D
1780395342.133,$GPGSV,3,3,10,28,15,207,,29,16,182,,0*68
1780395342.134,$GLGSV,2,1,07,65,23,012,35,66,28,317,31,75,21,074,20,76,27,134,24,1*72
1780395342.134,$GLGSV,2,2,07,81,24,325,30,87,24,169,18,88,67,262,41,1*4B
1780395342.135,$GLGSV,2,1,06,66,28,317,24,67,04,267,19,75,21,074,28,76,27,134,23,3*73
1780395342.136,$GLGSV,2,2,06,81,24,325,31,88,67,262,42,3*74
1780395342.136,$GLGSV,1,1,01,77,07,177,,0*4E
1780395342.137,$GAGSV,2,1,08,04,36,020,35,05,23,247,32,06,54,352,38,09,58,303,38,2*7B
1780395342.137,$GAGSV,2,2,08,10,70,121,35,11,75,356,36,12,45,135,33,36,25,329,30,2*77
1780395342.138,$GAGSV,2,1,08,04,36,020,37,05,23,247,27,06,54,352,38,09,58,303,40,7*77
1780395342.139,$GAGSV,2,2,08,10,70,121,34,11,75,356,37,12,45,135,34,36,25,329,26,7*72
1780395342.139,$GAGSV,1,1,04,16,08,188,,23,00,092,,28,16,036,,31,11,137,,0*7B
1780395342.140,$GBGSV,2,1,08,06,40,036,40,07,68,116,36,08,22,178,32,09,38,001,36,1*75
1780395342.141,$GBGSV,2,2,08,10,62,142,40,13,28,303,34,14,29,031,39,34,42,189,38,1*7B
1780395342.141,$GBGSV,1,1,02,09,38,001,32,10,62,142,36,3*73
1780395342.142,$GBGSV,3,1,10,01,42,106,,02,63,244,,03,72,138,,04,22,095,,0*75
1780395342.142,$GBGSV,3,2,10,04,22,095,,21,15,052,,24,37,154,,25,03,202,,0*79
1780395342.143,$GBGSV,3,3,10,25,03,202,,26,37,092,,0*79
1780395342.143,$GNGLL,1339.02786,N,10029.57911,E,101542.00,A,D*73
1780395343.124,$GNRMC,101543.00,A,1339.02816,N,10029.57910,E,1.175,355.65,020626,0.53,W,R,V*53
1780395343.127,$GNVTG,355.65,T,356.18,M,1.175,N,2.175,K,D*32
1780395343.128,$GNGGA,101543.00,1339.02816,N,10029.57910,E,4,12,0.76,-1.1,M,-27.8,M,,0499*4B
1780395343.128,$GNGSA,A,3,10,18,23,24,32,,,,,,,,1.46,0.76,1.25,1*0B
1780395343.129,$GNGSA,A,3,66,75,65,88,76,81,,,,,,,1.46,0.76,1.25,2*0F
1780395343.129,$GNGSA,A,3,05,12,04,06,09,10,11,36,,,,,1.46,0.76,1.25,3*0E
1780395343.130,$GNGSA,A,3,06,07,08,09,10,13,14,34,,,,,1.46,0.76,1.25,4*01
1780395343.130,$GPGSV,2,1,07,10,21,328,26,18,84,174,42,23,40,004,39,24,40,045,33,1*66
1780395343.131,$GPGSV,2,2,07,32,31,271,41,41,64,233,41,42,70,217,41,1*51
1780395343.131,$GPGSV,2,1,05,10,21,328,24,18,84,174,40,23,40,004,35,24,40,045,29,6*64
1780395343.132,$GPGSV,2,2,05,32,31,271,32,6*50
1780395343.132,$GPGSV,3,1,10,05,04,104,,12,13,121,,13,18,120,,15,11,046,,0*6F
1780395343.133,$GPGSV,3,2,10,15,11,046,,25,17,158,,27,05,293,,28,15,207,,0*6D
1780395343.133,$GPGSV,3,3,10,28,15,207,,29,16,182,,0*68
1780395343.134,$GLGSV,2,1,07,65,23,012,35,66,28,317,26,75,21,074,22,76,27,134,24,1*76
1780395343.135,$GLGSV,2,2,07,81,24,325,34,87,24,169,18,88,67,262,41,1*4F
1780395343.135,$GLGSV,2,1,06,66,28,317,23,67,04,267,19,75,21,074,26,76,27,134,22,3*7B
1780395343.136,$GLGSV,2,2,06,81,24,325,29,88,67,262,41,3*7E
1780395343.136,$GLGSV,1,1,01,77,07,177,,0*4E
1780395343.136,$GAGSV,2,1,08,04,36,020,35,05,23,247,26,06,54,352,38,09,58,303,38,2*7E
1780395343.137,$GAGSV,2,2,08,10,70,121,36,11,75,356,36,12,45,135,27,36,25,329,29,2*79
1780395343.138,$GAGSV,2,1,08,04,36,020,36,05,23,247,31,06,54,352,38,09,58,303,40,7*71
1780395343.138,$GAGSV,2,2,08,10,70,121,35,11,75,356,37,12,45,135,35,36,25,329,31,7*74
1780395343.139,$GAGSV,1,1,04,16,08,188,,23,00,092,,28,16,036,,31,11,137,,0*7B
1780395343.140,$GBGSV,2,1,08,06,40,036,38,07,68,116,38,08,22,178,31,09,38,001,36,1*77
1780395343.140,$GBGSV,2,2,08,10,62,142,40,13,28,303,37,14,29,031,39,34,42,189,39,1*79
1780395343.141,$GBGSV,1,1,02,09,38,001,32,10,62,142,35,3*70
1780395343.141,$GBGSV,3,1,10,01,42,106,,02,63,244,,03,72,138,,04,22,095,,0*75
1780395343.142,$GBGSV,3,2,10,04,22,095,,21,15,052,,24,37,154,,25,03,202,,0*79
1780395343.142,$GBGSV,3,3,10,25,03,202,,26,37,092,,0*79
1780395343.142,$GNGLL,1339.02816,N,10029.57910,E,101543.00,A,D*75
1780395344.117,$GNRMC,101544.00,A,1339.02846,N,10029.57908,E,1.070,1.15,020626,0.53,W,R,V*59
1780395344.119,$GNVTG,1.15,T,1.68,M,1.070,N,1.981,K,D*35
1780395344.120,$GNGGA,101544.00,1339.02846,N,10029.57908,E,4,12,0.76,-1.1,M,-27.8,M,,0499*40
1780395344.120,$GNGSA,A,3,10,18,23,24,32,,,,,,,,1.46,0.76,1.25,1*0B
1780395344.121,$GNGSA,A,3,66,75,65,88,76,81,,,,,,,1.46,0.76,1.25,2*0F
1780395344.121,$GNGSA,A,3,05,12,04,06,09,10,11,36,,,,,1.46,0.76,1.25,3*0E
1780395344.122,$GNGSA,A,3,06,07,08,09,10,13,14,34,,,,,1.46,0.76,1.25,4*01
1780395344.122,$GPGSV,2,1,07,10,21,328,31,18,84,174,42,23,40,004,39,24,40,045,35,1*66
1780395344.123,$GPGSV,2,2,07,32,31,271,38,41,64,233,42,42,70,217,41,1*5C
1780395344.124,$GPGSV,2,1,05,10,21,328,22,18,84,174,41,23,40,004,34,24,40,045,31,6*6B
1780395344.124,$GPGSV,2,2,05,32,31,271,32,6*50
1780395344.125,$GPGSV,3,1,10,05,04,104,,12,13,121,,13,18,120,,15,11,046,,0*6F
1780395344.125,$GPGSV,3,2,10,15,11,046,,25,17,158,,27,05,293,,28,15,207,,0*6D
1780395344.126,$GPGSV,3,3,10,28,15,207,,29,16,182,,0*68
1780395344.127,$GLGSV,2,1,07,65,23,012,34,66,28,317,35,75,21,074,23,76,27,134,22,1*72
1780395344.127,$GLGSV,2,2,07,81,24,325,33,87,24,169,17,88,67,262,41,1*47
1780395344.128,$GLGSV,2,1,06,66,28,317,22,67,04,267,19,75,21,074,24,76,27,134,22,3*78
1780395344.129,$GLGSV,2,2,06,81,24,325,29,88,67,262,41,3*7E
1780395344.129,$GLGSV,1,1,01,77,07,177,,0*4E
1780395344.130,$GAGSV,2,1,08,04,36,020,35,05,23,247,27,06,54,352,37,09,58,303,38,2*70
1780395344.130,$GAGSV,2,2,08,10,70,121,37,11,75,356,34,12,45,135,31,36,25,329,25,2*71
1780395344.131,$GAGSV,2,1,08,04,36,020,36,05,23,247,31,06,54,352,39,09,58,303,40,7*70
1780395344.132,$GAGSV,2,2,08,10,70,121,37,11,75,356,37,12,45,135,35,36,25,329,22,7*74
1780395344.132,$GAGSV,1,1,04,16,08,188,,23,00,092,,28,16,036,,31,11,137,,0*7B
1780395344.133,$GBGSV,2,1,08,06,40,036,39,07,68,116,38,08,22,178,31,09,38,001,35,1*75
1780395344.134,$GBGSV,2,2,08,10,62,142,41,13,28,303,29,14,29,031,40,34,42,189,40,1*77
1780395344.134,$GBGSV,1,1,02,09,38,001,32,10,62,142,36,3*73
1780395344.135,$GBGSV,3,1,10,01,42,106,,02,63,244,,03,72,138,,04,22,095,,0*75
1780395344.136,$GBGSV,3,2,10,04,22,095,,21,15,052,,24,37,154,,25,03,202,,0*79
1780395344.136,$GBGSV,3,3,10,25,03,202,,26,37,092,,0*79
1780395344.137,$GNGLL,1339.02846,N,10029.57908,E,101544.00,A,D*7E
1780395345.119,$GNRMC,101545.00,A,1339.02877,N,10029.57908,E,1.127,357.15,020626,0.53,W,R,V*59
1780395345.122,$GNVTG,357.15,T,357.68,M,1.127,N,2.086,K,D*3B
1780395345.123,$GNGGA,101545.00,1339.02877,N,10029.57908,E,4,12,0.76,-1.1,M,-27.8,M,,0499*43
1780395345.124,$GNGSA,A,3,10,18,23,24,32,,,,,,,,1.46,0.76,1.25,1*0B
1780395345.124,$GNGSA,A,3,66,75,65,88,76,81,,,,,,,1.46,0.76,1.25,2*0F
1780395345.125,$GNGSA,A,3,05,12,04,06,09,10,11,36,,,,,1.46,0.76,1.25,3*0E
1780395345.125,$GNGSA,A,3,06,07,08,09,10,13,14,34,,,,,1.46,0.76,1.25,4*01
1780395345.126,$GPGSV,2,1,07,10,22,328,24,18,84,174,42,23,40,004,39,24,40,045,35,1*61
1780395345.126,$GPGSV,2,2,07,32,31,271,38,41,64,233,41,42,70,217,42,1*5C
1780395345.127,$GPGSV,2,1,05,10,22,328,20,18,84,174,41,23,40,004,35,24,40,045,32,6*68
1780395345.127,$GPGSV,2,2,05,32,31,271,33,6*51
1780395345.128,$GPGSV,3,1,10,05,04,104,,12,13,121,,13,18,120,,15,11,046,,0*6F
1780395345.129,$GPGSV,3,2,10,15,11,046,,25,17,158,,27,05,293,,28,15,207,,0*6D
1780395345.129,$GPGSV,3,3,10,28,15,207,,29,16,182,,0*68
1780395345.130,$GLGSV,2,1,07,65,23,012,32,66,28,317,30,75,21,074,21,76,27,134,21,1*70
1780395345.130,$GLGSV,2,2,07,81,24,325,35,87,24,169,14,88,67,262,41,1*42
1780395345.131,$GLGSV,2,1,06,66,28,317,24,67,04,267,18,75,21,074,21,76,27,134,21,3*79
1780395345.131,$GLGSV,2,2,06,81,24,325,33,88,67,262,41,3*75
1780395345.132,$GLGSV,1,1,01,77,07,177,,0*4E
1780395345.132,$GAGSV,2,1,08,04,36,020,35,05,23,247,27,06,54,352,37,09,58,303,37,2*7F
1780395345.133,$GAGSV,2,2,08,10,70,121,36,11,75,356,34,12,45,135,31,36,25,329,21,2*74
1780395345.134,$GAGSV,2,1,07,04,36,020,36,05,23,247,29,06,54,352,39,09,58,303,40,7*76
1780395345.134,$GAGSV,2,2,07,10,70,121,37,11,75,356,37,12,45,135,34,7*40
1780395345.135,$GAGSV,1,1,04,16,08,188,,23,00,092,,28,16,036,,31,11,137,,0*7B
1780395345.135,$GBGSV,2,1,08,06,40,036,37,07,68,116,39,08,22,178,32,09,38,001,36,1*7A
1780395345.136,$GBGSV,2,2,08,10,62,142,39,13,28,303,29,14,29,031,37,34,42,189,40,1*78
1780395345.136,$GBGSV,1,1,02,09,38,001,33,10,62,142,36,3*72
1780395345.137,$GBGSV,3,1,10,01,42,106,,02,63,244,,03,72,138,,04,22,095,,0*75
1780395345.137,$GBGSV,3,2,10,04,22,095,,21,15,052,,24,37,154,,25,03,202,,0*79
1780395345.138,$GBGSV,3,3,10,25,03,202,,26,37,092,,0*79
1780395345.138,$GNGLL,1339.02877,N,10029.57908,E,101545.00,A,D*7D
1780395346.119,$GNRMC,101546.00,A,1339.02908,N,10029.57908,E,1.104,0.88,020626,0.53,W,R,V*57
1780395346.121,$GNVTG,0.88,T,1.41,M,1.104,N,2.045,K,D*3B
1780395346.122,$GNGGA,101546.00,1339.02908,N,10029.57908,E,4,12,0.76,-1.1,M,-27.8,M,,0499*49
1780395346.123,$GNGSA,A,3,10,18,23,24,32,,,,,,,,1.46,0.76,1.25,1*0B
1780395346.123,$GNGSA,A,3,66,75,65,88,76,81,,,,,,,1.46,0.76,1.25,2*0F
1780395346.124,$GNGSA,A,3,05,12,04,06,09,10,11,,,,,,1.46,0.76,1.25,3*0B
1780395346.124,$GNGSA,A,3,06,07,08,09,10,13,14,34,,,,,1.46,0.76,1.25,4*01
1780395346.125,$GPGSV,2,1,07,10,22,328,26,18,84,174,41,23,40,004,39,24,40,045,38,1*6D
1780395346.126,$GPGSV,2,2,07,32,31,271,41,41,64,233,40,42,70,217,41,1*50
1780395346.126,$GPGSV,2,1,05,10,22,328,17,18,84,174,41,23,40,004,35,24,40,045,32,6*6C
1780395346.127,$GPGSV,2,2,05,32,31,271,33,6*51
1780395346.128,$GPGSV,3,1,10,05,04,104,,12,13,121,,13,18,120,,15,11,046,,0*6F
1780395346.128,$GPGSV,3,2,10,15,11,046,,25,17,158,,27,05,293,,28,15,207,,0*6D
1780395346.129,$GPGSV,3,3,10,28,15,207,,29,16,182,,0*68
1780395346.129,$GLGSV,2,1,07,65,23,012,33,66,28,317,31,75,21,074,20,76,27,134,20,1*70
1780395346.130,$GLGSV,2,2,07,81,24,325,30,87,24,169,15,88,67,262,41,1*46
1780395346.131,$GLGSV,2,1,06,66,28,317,31,67,04,267,18,75,21,074,20,76,27,134,21,3*7C
1780395346.131,$GLGSV,2,2,06,81,24,325,27,88,67,262,40,3*71
1780395346.132,$GLGSV,1,1,01,77,07,177,,0*4E
1780395346.132,$GAGSV,2,1,08,04,36,020,35,05,23,247,27,06,54,352,37,09,58,303,34,2*7C
1780395346.133,$GAGSV,2,2,08,10,70,121,37,11,75,356,34,12,45,135,31,36,25,329,19,2*7E
1780395346.134,$GAGSV,2,1,08,04,36,020,36,05,23,247,30,06,54,352,39,09,58,303,38,7*7E
1780395346.135,$GAGSV,2,2,08,10,70,121,38,11,75,356,37,12,45,135,33,36,25,329,22,7*7D
1780395346.135,$GAGSV,1,1,04,16,08,188,,23,00,092,,28,16,036,,31,11,137,,0*7B
1780395346.136,$GBGSV,2,1,08,06,40,036,39,07,68,116,41,08,22,178,32,09,38,001,37,1*7A
1780395346.137,$GBGSV,2,2,08,10,62,142,39,13,28,303,29,14,29,031,38,34,42,189,39,1*79
1780395346.137,$GBGSV,1,1,02,09,38,001,33,10,62,142,33,3*77
1780395346.138,$GBGSV,3,1,10,01,42,106,,02,63,244,,03,72,138,,04,22,095,,0*75
1780395346.139,$GBGSV,3,2,10,04,22,095,,21,15,052,,24,37,154,,25,03,202,,0*79
1780395346.139,$GBGSV,3,3,10,25,03,202,,26,37,092,,0*79
1780395346.140,$GNGLL,1339.02908,N,10029.57908,E,101546.00,A,D*77
1780395347.119,$GNRMC,101547.00,A,1339.02941,N,10029.57907,E,1.233,1.78,020626,0.53,W,R,V*5D
1780395347.121,$GNVTG,1.78,T,2.31,M,1.233,N,2.283,K,D*3E
1780395347.122,$GNGGA,101547.00,1339.02941,N,10029.57907,E,4,12,0.76,-1.0,M,-27.8,M,,0499*4B
1780395347.123,$GNGSA,A,3,10,18,23,24,32,,,,,,,,1.46,0.76,1.25,1*0B
1780395347.123,$GNGSA,A,3,66,75,65,88,76,81,,,,,,,1.46,0.76,1.25,2*0F
1780395347.124,$GNGSA,A,3,05,12,04,06,09,10,11,36,,,,,1.46,0.76,1.25,3*0E
1780395347.124,$GNGSA,A,3,06,07,08,09,10,13,14,34,,,,,1.46,0.76,1.25,4*01
1780395347.125,$GPGSV,2,1,07,10,22,328,30,18,84,174,41,23,40,004,39,24,40,045,38,1*6A
1780395347.125,$GPGSV,2,2,07,32,31,271,41,41,64,233,40,42,70,217,41,1*50
1780395347.126,$GPGSV,2,1,05,10,22,328,18,18,84,174,40,23,40,004,34,24,40,045,31,6*60
1780395347.127,$GPGSV,2,2,05,32,31,271,36,6*54
1780395347.127,$GPGSV,3,1,10,05,04,104,,12,13,120,,13,18,120,,15,11,046,,0*6E
1780395347.128,$GPGSV,3,2,10,15,11,046,,25,17,158,,27,05,293,,28,15,207,,0*6D
1780395347.128,$GPGSV,3,3,10,28,15,207,,29,16,182,,0*68
1780395347.129,$GLGSV,2,1,07,65,23,012,33,66,28,317,35,75,21,074,21,76,27,134,20,1*75
1780395347.129,$GLGSV,2,2,07,81,24,325,24,87,24,169,15,88,67,262,41,1*43
1780395347.130,$GLGSV,2,1,06,66,28,317,31,67,04,267,17,75,21,074,22,76,27,134,21,3*71
1780395347.131,$GLGSV,2,2,06,81,24,325,31,88,67,262,39,3*78
1780395347.131,$GLGSV,1,1,01,77,07,177,,0*4E
1780395347.132,$GAGSV,2,1,08,04,36,020,36,05,23,247,28,06,54,352,38,09,58,303,37,2*7C
1780395347.132,$GAGSV,2,2,08,10,70,121,39,11,75,356,34,12,45,135,30,36,25,329,27,2*7C
1780395347.133,$GAGSV,2,1,08,04,36,020,37,05,23,247,31,06,54,352,39,09,58,303,38,7*7E
1780395347.134,$GAGSV,2,2,08,10,70,121,38,11,75,356,37,12,45,135,33,36,25,329,20,7*7F
1780395347.134,$GAGSV,1,1,04,16,08,188,,23,00,092,,28,16,036,,31,11,137,,0*7B
1780395347.135,$GBGSV,2,1,08,06,40,036,36,07,68,116,40,08,22,178,31,09,38,001,37,1*77
1780395347.136,$GBGSV,2,2,08,10,62,142,39,13,28,303,33,14,29,031,36,34,42,189,41,1*73
1780395347.136,$GBGSV,1,1,02,09,38,001,33,10,62,142,34,3*70
1780395347.137,$GBGSV,3,1,10,01,42,106,,02,63,244,,03,72,138,,04,22,095,,0*75
1780395347.138,$GBGSV,3,2,10,04,22,095,,21,15,052,,24,37,154,,25,03,202,,0*79
1780395347.138,$GBGSV,3,3,10,25,03,202,,26,37,092,,0*79
1780395347.139,$GNGLL,1339.02941,N,10029.57907,E,101547.00,A,D*74
1780395348.119,$GNRMC,101548.00,A,1339.02976,N,10029.57907,E,1.244,0.78,020626,0.53,W,R,V*57
1780395348.120,$GNVTG,0.78,T,1.31,M,1.244,N,2.304,K,D*32
1780395348.121,$GNGGA,101548.00,1339.02976,N,10029.57907,E,4,12,0.76,-1.0,M,-27.8,M,,0499*40
1780395348.121,$GNGSA,A,3,10,18,23,24,32,,,,,,,,1.46,0.76,1.25,1*0B
1780395348.122,$GNGSA,A,3,66,75,65,88,76,81,,,,,,,1.46,0.76,1.25,2*0F
1780395348.123,$GNGSA,A,3,05,12,04,06,09,10,11,36,,,,,1.46,0.76,1.25,3*0E
1780395348.123,$GNGSA,A,3,06,07,08,09,10,13,14,34,,,,,1.46,0.76,1.25,4*01
1780395348.124,$GPGSV,2,1,07,10,22,328,29,18,84,174,42,23,40,004,39,24,40,045,38,1*61
1780395348.125,$GPGSV,2,2,07,32,31,271,39,41,64,233,40,42,70,217,41,1*5F
1780395348.126,$GPGSV,2,1,05,10,22,328,20,18,84,174,41,23,40,004,35,24,40,045,32,6*68
1780395348.127,$GPGSV,2,2,05,32,31,271,32,6*50
1780395348.127,$GPGSV,3,1,10,05,04,104,,12,13,120,,13,18,119,,15,11,046,,0*64
1780395348.128,$GPGSV,3,2,10,15,11,046,,25,17,158,,27,05,293,,28,15,207,,0*6D
1780395348.128,$GPGSV,3,3,10,28,15,207,,29,16,182,,0*68
1780395348.129,$GLGSV,2,1,07,65,23,012,34,66,28,317,35,75,21,074,20,76,27,134,20,1*73
1780395348.130,$GLGSV,2,2,07,81,24,325,26,87,24,169,15,88,67,262,42,1*42
1780395348.131,$GLGSV,2,1,06,66,28,317,37,67,04,267,17,75,21,074,23,76,27,134,20,3*77
1780395348.131,$GLGSV,2,2,06,81,24,325,25,88,67,262,42,3*71
1780395348.132,$GLGSV,1,1,01,77,07,177,,0*4E
1780395348.132,$GAGSV,2,1,08,04,36,020,35,05,23,247,28,06,54,352,37,09,58,303,36,2*71
1780395348.133,$GAGSV,2,2,08,10,70,121,38,11,75,356,34,12,45,135,30,36,25,329,25,2*7F
1780395348.134,$GAGSV,2,1,08,04,36,020,38,05,23,247,31,06,54,352,38,09,58,303,39,7*71
1780395348.135,$GAGSV,2,2,08,10,70,121,38,11,75,356,37,12,45,135,33,36,25,329,22,7*7D
1780395348.135,$GAGSV,1,1,04,16,08,188,,23,00,092,,28,16,036,,31,11,137,,0*7B
1780395348.136,$GBGSV,2,1,08,06,40,036,37,07,68,116,41,08,22,178,31,09,38,001,37,1*77
1780395348.137,$GBGSV,2,2,08,10,62,142,39,13,28,303,30,14,29,031,40,34,42,189,41,1*71
1780395348.137,$GBGSV,1,1,02,09,38,001,34,10,62,142,34,3*77
1780395348.138,$GBGSV,3,1,10,01,42,106,,02,63,244,,03,72,138,,04,22,095,,0*75
1780395348.139,$GBGSV,3,2,10,04,22,095,,21,15,052,,24,37,154,,25,03,202,,0*79
1780395348.139,$GBGSV,3,3,10,25,03,202,,26,37,092,,0*79
1780395348.140,$GNGLL,1339.02976,N,10029.57907,E,101548.00,A,D*7F
1780395349.121,$GNRMC,101549.00,A,1339.03009,N,10029.57908,E,1.133,359.16,020626,0.53,W,R,V*5D
1780395349.124,$GNVTG,359.16,T,359.69,M,1.133,N,2.098,K,D*33
1780395349.125,$GNGGA,101549.00,1339.03009,N,10029.57908,E,4,12,0.76,-1.0,M,-27.8,M,,0499*4E
1780395349.125,$GNGSA,A,3,10,18,23,24,32,,,,,,,,1.46,0.76,1.25,1*0B
1780395349.126,$GNGSA,A,3,66,75,65,88,76,81,,,,,,,1.46,0.76,1.25,2*0F
1780395349.127,$GNGSA,A,3,05,12,04,06,09,10,11,36,,,,,1.46,0.76,1.25,3*0E
1780395349.127,$GNGSA,A,3,06,07,08,09,10,13,14,34,,,,,1.46,0.76,1.25,4*01
1780395349.128,$GPGSV,2,1,07,10,22,328,30,18,84,174,41,23,40,004,40,24,40,045,37,1*6B
1780395349.128,$GPGSV,2,2,07,32,31,271,39,41,64,233,41,42,70,217,41,1*5E
1780395349.129,$GPGSV,2,1,05,10,22,328,21,18,84,174,41,23,40,004,35,24,40,045,31,6*6A
1780395349.130,$GPGSV,2,2,05,32,31,271,31,6*53
1780395349.130,$GPGSV,3,1,10,05,04,104,,12,13,120,,13,18,119,,15,11,046,,0*64
1780395349.131,$GPGSV,3,2,10,15,11,046,,25,17,158,,27,05,293,,28,15,207,,0*6D
1780395349.131,$GPGSV,3,3,10,28,15,207,,29,16,182,,0*68
1780395349.132,$GLGSV,2,1,07,65,23,012,34,66,28,317,36,75,21,074,20,76,27,134,20,1*70
1780395349.133,$GLGSV,2,2,07,81,24,325,26,87,24,169,16,88,67,262,41,1*42
1780395349.133,$GLGSV,2,1,06,66,28,317,37,67,04,267,17,75,21,074,24,76,27,134,19,3*7A
1780395349.134,$GLGSV,2,2,06,81,24,325,27,88,67,262,40,3*71
1780395349.134,$GLGSV,1,1,01,77,07,177,,0*4E
1780395349.135,$GAGSV,2,1,08,04,36,020,35,05,23,247,27,06,54,352,36,09,58,303,35,2*7C
1780395349.136,$GAGSV,2,2,08,10,70,121,38,11,75,356,34,12,45,135,32,36,25,329,25,2*7D
1780395349.136,$GAGSV,2,1,08,04,36,020,38,05,23,247,32,06,54,352,39,09,58,303,39,7*73
1780395349.137,$GAGSV,2,2,08,10,70,121,39,11,75,356,37,12,45,135,33,36,25,329,29,7*77
1780395349.138,$GAGSV,1,1,04,16,08,188,,23,00,092,,28,16,036,,31,11,137,,0*7B
1780395349.138,$GBGSV,2,1,08,06,40,036,38,07,68,116,41,08,22,178,34,09,38,001,39,1*73
1780395349.139,$GBGSV,2,2,08,10,62,142,41,13,28,303,30,14,29,031,37,34,42,189,40,1*7F
1780395349.140,$GBGSV,1,1,02,09,38,001,34,10,62,142,35,3*76
1780395349.140,$GBGSV,3,1,10,01,42,106,,02,63,244,,03,72,138,,04,22,095,,0*75
1780395349.141,$GBGSV,3,2,10,04,22,095,,21,15,052,,24,37,154,,25,03,202,,0*79
1780395349.141,$GBGSV,3,3,10,25,03,202,,26,37,092,,0*79
1780395349.142,$GNGLL,1339.03009,N,10029.57908,E,101549.00,A,D*71
1780395350.120,$GNRMC,101550.00,A,1339.03040,N,10029.57909,E,1.151,5.13,020626,0.53,W,R,V*52
1780395350.122,$GNVTG,5.13,T,5.66,M,1.151,N,2.131,K,D*3F
1780395350.123,$GNGGA,101550.00,1339.03040,N,10029.57909,E,4,12,0.75,-1.1,M,-27.8,M,,0499*48
1780395350.124,$GNGSA,A,3,10,18,23,24,32,,,,,,,,1.46,0.75,1.25,1*08
1780395350.124,$GNGSA,A,3,66,75,65,88,76,81,,,,,,,1.46,0.75,1.25,2*0C
1780395350.125,$GNGSA,A,3,05,12,04,06,09,10,11,36,,,,,1.46,0.75,1.25,3*0D
1780395350.125,$GNGSA,A,3,06,07,08,09,10,13,14,34,,,,,1.46,0.75,1.25,4*02
1780395350.126,$GPGSV,2,1,07,10,22,328,22,18,84,174,41,23,40,004,38,24,40,045,37,1*67
1780395350.127,$GPGSV,2,2,07,32,31,271,40,41,64,233,41,42,70,217,42,1*53
1780395350.127,$GPGSV,2,1,05,10,22,328,22,18,84,174,41,23,40,004,35,24,40,045,32,6*6A
1780395350.128,$GPGSV,2,2,05,32,31,271,33,6*51
1780395350.128,$GPGSV,3,1,10,05,04,104,,12,13,120,,13,18,119,,15,11,046,,0*64
1780395350.129,$GPGSV,3,2,10,15,11,046,,25,17,158,,27,05,293,,28,15,207,,0*6D
1780395350.129,$GPGSV,3,3,10,28,15,207,,29,16,182,,0*68
1780395350.130,$GLGSV,2,1,07,65,23,012,34,66,28,317,30,75,21,074,20,76,27,134,20,1*76
1780395350.130,$GLGSV,2,2,07,81,24,325,27,87,24,169,17,88,67,262,41,1*42
1780395350.131,$GLGSV,2,1,06,66,28,317,32,67,04,267,16,75,21,074,30,76,27,134,18,3*7A
1780395350.132,$GLGSV,2,2,06,81,24,325,31,88,67,262,41,3*77
1780395350.132,$GLGSV,1,1,01,77,07,177,,0*4E
1780395350.133,$GAGSV,2,1,08,04,36,020,36,05,23,247,27,06,54,352,37,09,58,303,38,2*73
1780395350.133,$GAGSV,2,2,08,10,70,121,39,11,75,356,35,12,45,135,32,36,25,329,25,2*7D
1780395350.134,$GAGSV,2,1,08,04,36,020,39,05,23,247,32,06,54,352,39,09,58,303,39,7*72
1780395350.135,$GAGSV,2,2,08,10,70,121,39,11,75,356,37,12,45,135,29,36,25,329,33,7*77
1780395350.135,$GAGSV,1,1,04,16,08,188,,23,00,092,,28,16,036,,31,11,137,,0*7B
1780395350.136,$GBGSV,2,1,08,06,40,036,40,07,68,116,42,08,22,178,33,09,38,001,36,1*77
1780395350.136,$GBGSV,2,2,08,10,62,142,39,13,28,303,29,14,29,031,37,34,42,189,39,1*76
1780395350.137,$GBGSV,1,1,02,09,38,001,33,10,62,142,35,3*71
1780395350.137,$GBGSV,3,1,10,01,42,106,,02,63,244,,03,72,138,,04,22,095,,0*75
1780395350.138,$GBGSV,3,2,10,04,22,095,,21,15,052,,24,37,154,,25,03,202,,0*79
1780395350.138,$GBGSV,3,3,10,25,03,202,,26,37,092,,0*79
1780395350.139,$GNGLL,1339.03040,N,10029.57909,E,101550.00,A,D*75
1780395351.121,$GNRMC,101551.00,A,1339.03072,N,10029.57910,E,1.150,1.75,020626,0.53,W,R,V*5F
1780395351.123,$GNVTG,1.75,T,2.28,M,1.150,N,2.130,K,D*36
1780395351.125,$GNGGA,101551.00,1339.03072,N,10029.57910,E,4,12,0.75,-1.1,M,-27.8,M,,0499*40
1780395351.125,$GNGSA,A,3,10,18,23,24,32,,,,,,,,1.46,0.75,1.25,1*08
1780395351.126,$GNGSA,A,3,66,75,65,88,76,81,,,,,,,1.46,0.75,1.25,2*0C
1780395351.126,$GNGSA,A,3,05,12,04,06,09,10,11,36,,,,,1.46,0.75,1.25,3*0D
1780395351.127,$GNGSA,A,3,06,07,08,09,10,13,14,34,,,,,1.46,0.75,1.25,4*02
1780395351.127,$GPGSV,2,1,07,10,22,328,31,18,84,174,40,23,40,004,40,24,40,045,39,1*65
1780395351.128,$GPGSV,2,2,07,32,31,271,35,41,64,233,41,42,70,217,42,1*51
1780395351.129,$GPGSV,2,1,05,10,22,328,19,18,84,174,41,23,40,004,34,24,40,045,31,6*60
1780395351.129,$GPGSV,2,2,05,32,31,271,32,6*50
1780395351.130,$GPGSV,3,1,10,05,04,104,,12,13,120,,13,18,119,,15,11,046,,0*64
1780395351.130,$GPGSV,3,2,10,15,11,046,,25,17,158,,27,05,293,,28,15,207,,0*6D
1780395351.131,$GPGSV,3,3,10,28,15,207,,29,16,182,,0*68
1780395351.132,$GLGSV,2,1,07,65,23,012,35,66,28,317,34,75,21,074,21,76,27,134,20,1*72
1780395351.132,$GLGSV,2,2,07,81,24,325,36,87,24,169,18,88,67,262,43,1*4F
1780395351.133,$GLGSV,2,1,06,66,28,317,26,67,04,267,16,75,21,074,23,76,27,134,19,3*7C
1780395351.133,$GLGSV,2,2,06,81,24,325,27,88,67,262,41,3*70
1780395351.134,$GLGSV,1,1,01,77,07,177,,0*4E
1780395351.135,$GAGSV,2,1,08,04,36,020,36,05,23,247,27,06,54,352,38,09,58,303,36,2*72
1780395351.135,$GAGSV,2,2,08,10,70,121,39,11,75,356,34,12,45,135,33,36,25,329,25,2*7D
1780395351.136,$GAGSV,2,1,08,04,36,020,37,05,23,247,34,06,54,352,39,09,58,303,39,7*7A
1780395351.137,$GAGSV,2,2,08,10,70,121,39,11,75,356,37,12,45,135,37,36,25,329,33,7*78
1780395351.137,$GAGSV,1,1,04,16,08,188,,23,00,092,,28,16,036,,31,11,137,,0*7B
1780395351.138,$GBGSV,2,1,08,06,40,036,40,07,68,116,42,08,22,178,30,09,38,001,34,1*76
1780395351.139,$GBGSV,2,2,08,10,62,142,38,13,28,303,30,14,29,031,40,34,42,189,40,1*71
1780395351.139,$GBGSV,1,1,02,09,38,001,33,10,62,142,34,3*70
1780395351.140,$GBGSV,3,1,10,01,42,106,,02,63,244,,03,72,138,,04,22,095,,0*75
1780395351.141,$GBGSV,3,2,10,04,22,095,,21,15,052,,24,37,154,,25,03,202,,0*79
1780395351.141,$GBGSV,3,3,10,25,03,202,,26,37,092,,0*79
1780395351.142,$GNGLL,1339.03072,N,10029.57910,E,101551.00,A,D*7D
1780395352.120,$GNRMC,101552.00,A,1339.03105,N,10029.57911,E,1.229,359.20,020626,0.53,W,R,V*5F
1780395352.123,$GNVTG,359.20,T,359.73,M,1.229,N,2.276,K,D*37
1780395352.124,$GNGGA,101552.00,1339.03105,N,10029.57911,E,4,12,0.75,-1.1,M,-27.8,M,,0499*43
1780395352.124,$GNGSA,A,3,10,18,23,24,32,,,,,,,,1.46,0.75,1.25,1*08
1780395352.125,$GNGSA,A,3,66,75,65,88,76,81,87,,,,,,1.46,0.75,1.25,2*03
1780395352.125,$GNGSA,A,3,05,12,04,06,09,10,11,36,,,,,1.46,0.75,1.25,3*0D
1780395352.125,$GNGSA,A,3,06,07,08,09,10,13,14,34,,,,,1.46,0.75,1.25,4*02
1780395352.126,$GPGSV,2,1,07,10,22,328,25,18,84,174,41,23,40,004,40,24,40,045,38,1*60
1780395352.126,$GPGSV,2,2,07,32,31,271,35,41,64,233,41,42,70,217,42,1*51
1780395352.127,$GPGSV,2,1,05,10,22,328,16,18,84,174,41,23,40,004,34,24,40,045,33,6*6D
1780395352.127,$GPGSV,2,2,05,32,31,271,32,6*50
1780395352.128,$GPGSV,3,1,10,05,04,104,,12,13,120,,13,18,119,,15,11,046,,0*64
1780395352.128,$GPGSV,3,2,10,15,11,046,,25,17,158,,27,05,293,,28,15,207,,0*6D
1780395352.129,$GPGSV,3,3,10,28,15,207,,29,16,182,,0*68
1780395352.129,$GLGSV,2,1,07,65,23,012,35,66,28,317,29,75,21,074,21,76,27,134,19,1*74
1780395352.130,$GLGSV,2,2,07,81,24,325,32,87,24,169,20,88,67,262,42,1*41
1780395352.130,$GLGSV,2,1,06,66,28,317,28,67,04,267,17,75,21,074,23,76,27,134,22,3*7B
1780395352.131,$GLGSV,2,2,06,81,24,325,32,88,67,262,41,3*74
1780395352.131,$GLGSV,1,1,01,77,07,177,,0*4E
1780395352.131,$GAGSV,2,1,08,04,36,020,35,05,23,247,27,06,54,352,38,09,58,303,38,2*7F
1780395352.132,$GAGSV,2,2,08,10,70,121,39,11,75,356,34,12,45,135,33,36,25,329,25,2*7D
1780395352.133,$GAGSV,2,1,08,04,36,020,38,05,23,247,29,06,54,352,40,09,58,303,39,7*77
1780395352.133,$GAGSV,2,2,08,10,70,121,39,11,75,356,37,12,45,135,36,36,25,329,31,7*7B
1780395352.134,$GAGSV,1,1,04,16,08,188,,23,00,092,,28,16,036,,31,11,137,,0*7B
1780395352.135,$GBGSV,2,1,08,06,40,036,40,07,68,116,42,08,22,178,32,09,38,001,34,1*74
1780395352.135,$GBGSV,2,2,08,10,62,142,39,13,28,303,33,14,29,031,38,34,42,189,40,1*7C
1780395352.136,$GBGSV,1,1,02,09,38,001,32,10,62,142,35,3*70
1780395352.136,$GBGSV,3,1,10,01,42,106,,02,63,244,,03,72,138,,04,22,095,,0*75
1780395352.137,$GBGSV,3,2,10,04,22,095,,21,15,052,,24,37,154,,25,03,202,,0*79
1780395352.137,$GBGSV,3,3,10,25,03,202,,26,37,092,,0*79
1780395352.137,$GNGLL,1339.03105,N,10029.57911,E,101552.00,A,D*7E
1780395353.116,$GNRMC,101553.00,A,1339.03137,N,10029.57913,E,1.169,0.19,020626,0.53,W,R,V*5F
1780395353.119,$GNVTG,0.19,T,0.72,M,1.169,N,2.166,K,D*39
1780395353.121,$GNGGA,101553.00,1339.03137,N,10029.57913,E,4,12,0.75,-1.1,M,-27.8,M,,0499*41
1780395353.123,$GNGSA,A,3,10,18,23,24,32,,,,,,,,1.46,0.75,1.25,1*08
1780395353.124,$GNGSA,A,3,66,75,65,88,76,81,87,,,,,,1.46,0.75,1.25,2*03
1780395353.126,$GNGSA,A,3,05,12,04,06,09,10,11,36,,,,,1.46,0.75,1.25,3*0D
1780395353.127,$GNGSA,A,3,06,07,08,09,10,13,14,34,,,,,1.46,0.75,1.25,4*02
1780395353.131,$GPGSV,2,1,07,10,22,328,31,18,83,174,42,23,40,004,40,24,40,045,38,1*61
1780395353.133,$GPGSV,2,2,07,32,31,271,30,41,64,233,41,42,70,217,43,1*55
1780395353.135,$GPGSV,2,1,05,10,22,328,15,18,83,174,41,23,40,004,35,24,40,045,33,6*68
1780395353.136,$GPGSV,2,2,05,32,31,271,30,6*52
1780395353.139,$GPGSV,3,1,10,05,04,104,,12,13,120,,13,18,119,,15,11,046,,0*64
1780395353.141,$GPGSV,3,2,10,15,11,046,,25,17,158,,27,05,293,,28,15,207,,0*6D
1780395353.142,$GPGSV,3,3,10,28,15,207,,29,16,182,,0*68
1780395353.144,$GLGSV,2,1,07,65,23,012,34,66,28,317,29,75,21,074,20,76,27,134,21,1*7F
1780395353.145,$GLGSV,2,2,07,81,24,325,32,87,24,169,20,88,67,262,42,1*41
1780395353.147,$GLGSV,2,1,06,66,28,317,28,67,04,267,17,75,21,074,24,76,27,134,22,3*7C
1780395353.148,$GLGSV,2,2,06,81,24,325,27,88,67,262,42,3*73
1780395353.148,$GLGSV,1,1,01,77,07,177,,0*4E
1780395353.149,$GAGSV,2,1,08,04,36,020,35,05,23,247,28,06,54,352,37,09,58,303,37,2*70
1780395353.151,$GAGSV,2,2,08,10,70,121,38,11,75,356,34,12,45,135,33,36,25,329,25,2*7C
1780395353.152,$GAGSV,2,1,08,04,36,020,34,05,23,247,29,06,54,352,39,09,58,303,37,7*7B
1780395353.153,$GAGSV,2,2,08,10,70,121,40,11,75,356,37,12,45,135,35,36,25,329,23,7*75
1780395353.154,$GAGSV,1,1,04,16,08,188,,23,00,092,,28,16,036,,31,11,137,,0*7B
1780395353.154,$GBGSV,2,1,08,06,40,036,40,07,68,116,42,08,22,178,33,09,38,001,37,1*76
1780395353.155,$GBGSV,2,2,08,10,62,142,39,13,28,303,36,14,29,031,38,34,42,189,40,1*79
1780395353.156,$GBGSV,1,1,02,09,38,001,32,10,62,142,36,3*73
1780395353.157,$GBGSV,3,1,10,01,42,106,,02,63,244,,03,72,138,,04,22,095,,0*75
1780395353.157,$GBGSV,3,2,10,04,22,095,,21,15,052,,24,37,154,,25,03,202,,0*79
1780395353.158,$GBGSV,3,3,10,25,03,202,,26,37,092,,0*79
1780395353.158,$GNGLL,1339.03137,N,10029.57913,E,101553.00,A,D*7C
1780395354.119,$GNRMC,101554.00,A,1339.03170,N,10029.57914,E,1.141,3.47,020626,0.53,W,R,V*5E
1780395354.121,$GNVTG,3.47,T,4.00,M,1.141,N,2.113,K,D*38
1780395354.123,$GNGGA,101554.00,1339.03170,N,10029.57914,E,4,12,0.75,-1.1,M,-27.8,M,,0499*42
1780395354.125,$GNGSA,A,3,10,18,23,24,32,,,,,,,,1.46,0.75,1.25,1*08
1780395354.126,$GNGSA,A,3,66,75,65,88,76,81,87,,,,,,1.46,0.75,1.25,2*03
1780395354.128,$GNGSA,A,3,05,12,04,06,09,10,11,36,,,,,1.46,0.75,1.25,3*0D
1780395354.129,$GNGSA,A,3,06,07,08,09,10,13,14,34,,,,,1.46,0.75,1.25,4*02
1780395354.131,$GPGSV,2,1,07,10,22,328,23,18,83,174,40,23,40,004,39,24,40,045,38,1*6E
1780395354.133,$GPGSV,2,2,07,32,31,271,30,41,64,233,41,42,70,217,42,1*54
1780395354.135,$GPGSV,2,1,05,10,22,328,28,18,83,174,42,23,40,004,36,24,40,045,34,6*61
1780395354.136,$GPGSV,2,2,05,32,31,271,24,6*57
1780395354.138,$GPGSV,3,1,10,05,04,104,,12,13,120,,13,18,119,,15,11,046,,0*64
1780395354.140,$GPGSV,3,2,10,15,11,046,,25,17,158,,27,05,293,,28,15,207,,0*6D
1780395354.142,$GPGSV,3,3,10,28,15,207,,29,16,182,,0*68
1780395354.144,$GLGSV,2,1,07,65,23,012,33,66,28,317,29,75,21,074,20,76,27,134,22,1*7B
1780395354.146,$GLGSV,2,2,07,81,24,325,26,87,24,169,20,88,67,262,42,1*44
1780395354.148,$GLGSV,2,1,06,66,28,317,35,67,04,267,18,75,21,074,23,76,27,134,23,3*79
1780395354.150,$GLGSV,2,2,06,81,24,325,26,88,67,262,42,3*72
1780395354.151,$GLGSV,1,1,01,77,07,177,,0*4E
1780395354.153,$GAGSV,2,1,08,04,36,020,34,05,23,247,26,06,54,352,37,09,58,303,36,2*7E
1780395354.154,$GAGSV,2,2,08,10,70,121,39,11,75,356,34,12,45,135,33,36,25,329,23,2*7B
1780395354.156,$GAGSV,2,1,08,04,36,020,35,05,23,247,29,06,54,352,39,09,58,303,38,7*75
1780395354.157,$GAGSV,2,2,08,10,70,121,39,11,75,356,37,12,45,135,36,36,25,329,26,7*7D
1780395354.158,$GAGSV,1,1,04,16,08,188,,23,00,092,,28,16,036,,31,11,136,,0*7A
1780395354.159,$GBGSV,2,1,08,06,40,036,40,07,68,116,42,08,22,178,35,09,38,001,39,1*7E
1780395354.160,$GBGSV,2,2,08,10,62,142,39,13,28,303,32,14,29,031,38,34,42,189,41,1*7C
1780395354.161,$GBGSV,1,1,02,09,38,001,32,10,62,142,36,3*73
1780395354.162,$GBGSV,3,1,10,01,42,106,,02,63,244,,03,72,138,,04,22,095,,0*75
1780395354.163,$GBGSV,3,2,10,04,22,095,,21,15,052,,24,37,154,,25,03,202,,0*79
1780395354.163,$GBGSV,3,3,10,25,03,202,,26,37,092,,0*79
1780395354.164,$GNGLL,1339.03170,N,10029.57914,E,101554.00,A,D*7F
1780395355.120,$GNRMC,101555.00,A,1339.03202,N,10029.57914,E,1.148,2.82,020626,0.53,W,R,V*58
1780395355.122,$GNVTG,2.82,T,3.35,M,1.148,N,2.126,K,D*3E
1780395355.125,$GNGGA,101555.00,1339.03202,N,10029.57914,E,4,12,0.75,-1.1,M,-27.8,M,,0499*45
1780395355.126,$GNGSA,A,3,10,18,23,24,32,,,,,,,,1.46,0.75,1.25,1*08
1780395355.128,$GNGSA,A,3,66,75,65,88,76,81,87,,,,,,1.46,0.75,1.25,2*03
1780395355.129,$GNGSA,A,3,05,12,04,06,09,10,11,36,,,,,1.46,0.75,1.25,3*0D
1780395355.131,$GNGSA,A,3,06,07,08,09,10,13,14,34,,,,,1.46,0.75,1.25,4*02
1780395355.134,$GPGSV,2,1,08,10,22,328,24,18,83,174,42,23,40,004,37,24,40,045,37,1*65
1780395355.137,$GPGSV,2,2,08,32,31,271,29,41,64,233,41,42,70,217,42,50,55,115,33,1*63
1780395355.139,$GPGSV,2,1,05,10,22,328,25,18,83,174,42,23,40,004,36,24,40,045,33,6*6B
1780395355.141,$GPGSV,2,2,05,32,31,271,25,6*56
1780395355.143,$GPGSV,3,1,09,05,04,104,,12,13,120,,13,18,119,,15,11,046,,0*6C
1780395355.145,$GPGSV,3,2,09,15,11,046,,25,17,158,,27,05,293,,28,15,207,,0*65
1780395355.147,$GPGSV,3,3,09,28,15,207,,0*57
1780395355.149,$GLGSV,2,1,07,65,23,012,33,66,28,317,33,75,21,074,19,76,27,134,23,1*7B
1780395355.150,$GLGSV,2,2,07,81,24,325,26,87,24,169,20,88,67,262,42,1*44
1780395355.152,$GLGSV,2,1,06,66,28,317,31,67,04,267,18,75,21,074,21,76,27,134,23,3*7F
1780395355.153,$GLGSV,2,2,06,81,24,325,25,88,67,262,41,3*72
1780395355.153,$GLGSV,1,1,01,77,07,177,,0*4E
1780395355.154,$GAGSV,2,1,08,04,36,020,35,05,23,247,25,06,54,352,37,09,58,303,33,2*79
1780395355.155,$GAGSV,2,2,08,10,70,121,39,11,75,356,35,12,45,135,33,36,25,329,22,2*7B
1780395355.157,$GAGSV,2,1,08,04,36,020,36,05,23,247,30,06,54,352,40,09,58,303,38,7*70
1780395355.158,$GAGSV,2,2,08,10,70,121,39,11,75,356,37,12,45,135,35,36,25,329,27,7*7F
1780395355.159,$GAGSV,1,1,04,16,08,188,,23,00,092,,28,16,036,,31,11,136,,0*7A
1780395355.159,$GBGSV,2,1,08,06,40,036,38,07,68,116,41,08,22,178,34,09,38,001,38,1*72
1780395355.160,$GBGSV,2,2,08,10,62,142,41,13,28,303,32,14,29,031,37,34,42,189,39,1*73
1780395355.161,$GBGSV,1,1,02,09,38,001,31,10,62,142,36,3*70
1780395355.162,$GBGSV,3,1,10,01,42,106,,02,63,244,,03,72,138,,04,22,095,,0*75
1780395355.162,$GBGSV,3,2,10,04,22,095,,21,15,052,,24,37,154,,25,03,202,,0*79
1780395355.163,$GBGSV,3,3,10,25,03,202,,26,37,092,,0*79
1780395355.163,$GNGLL,1339.03202,N,10029.57914,E,101555.00,A,D*78
1780395356.130,$GNRMC,101556.00,A,1339.03235,N,10029.57916,E,1.179,359.98,020626,0.53,W,R,V*59
1780395356.132,$GNVTG,359.98,T,0.51,M,1.179,N,2.184,K,D*33
1780395356.133,$GNGGA,101556.00,1339.03235,N,10029.57916,E,4,12,0.75,-1.1,M,-27.8,M,,0499*40
1780395356.134,$GNGSA,A,3,10,18,23,24,32,,,,,,,,1.46,0.75,1.25,1*08
1780395356.135,$GNGSA,A,3,66,75,65,88,76,81,87,,,,,,1.46,0.75,1.25,2*03
1780395356.135,$GNGSA,A,3,05,12,04,06,09,10,11,36,,,,,1.46,0.75,1.25,3*0D
1780395356.136,$GNGSA,A,3,06,07,08,09,10,13,14,34,,,,,1.46,0.75,1.25,4*02
1780395356.136,$GPGSV,2,1,08,10,22,328,25,18,83,174,41,23,40,004,39,24,40,045,38,1*66
1780395356.137,$GPGSV,2,2,08,32,31,271,29,41,64,233,41,42,70,217,41,50,55,115,34,1*67
1780395356.138,$GPGSV,2,1,05,10,22,328,25,18,83,174,42,23,40,004,37,24,40,045,33,6*6A
1780395356.138,$GPGSV,2,2,05,32,31,271,26,6*55
1780395356.139,$GPGSV,3,1,09,05,04,104,,12,13,120,,13,18,119,,15,11,046,,0*6C
1780395356.140,$GPGSV,3,2,09,15,11,046,,25,17,158,,27,05,293,,28,15,207,,0*65
1780395356.140,$GPGSV,3,3,09,28,15,207,,0*57
1780395356.141,$GLGSV,2,1,07,65,23,012,33,66,28,317,38,75,21,074,21,76,27,134,23,1*7B
1780395356.142,$GLGSV,2,2,07,81,24,325,32,87,24,169,20,88,67,262,41,1*42
1780395356.143,$GLGSV,2,1,06,66,28,317,34,67,04,267,19,75,21,074,23,76,27,134,24,3*7E
1780395356.143,$GLGSV,2,2,06,81,24,325,30,88,67,262,40,3*77
1780395356.144,$GLGSV,1,1,01,77,07,177,,0*4E
1780395356.144,$GAGSV,2,1,08,04,36,020,34,05,23,247,25,06,54,352,36,09,58,303,36,2*7C
1780395356.145,$GAGSV,2,2,08,10,70,121,39,11,75,356,35,12,45,135,33,36,25,329,22,2*7B
1780395356.146,$GAGSV,2,1,08,04,36,020,37,05,23,247,27,06,54,352,40,09,58,303,35,7*7A
1780395356.146,$GAGSV,2,2,08,10,70,121,39,11,75,356,37,12,45,135,35,36,25,329,28,7*70
1780395356.147,$GAGSV,1,1,04,16,08,188,,23,00,092,,28,16,036,,31,11,136,,0*7A
1780395356.148,$GBGSV,2,1,08,06,40,036,38,07,68,116,42,08,22,178,34,09,38,001,36,1*7F
1780395356.149,$GBGSV,2,2,08,10,62,142,39,13,28,303,33,14,29,031,37,34,42,189,40,1*73
1780395356.149,$GBGSV,1,1,02,09,38,001,32,10,62,142,36,3*73
1780395356.150,$GBGSV,3,1,10,01,42,106,,02,63,244,,03,72,138,,04,22,095,,0*75
1780395356.150,$GBGSV,3,2,10,04,22,095,,21,15,052,,24,37,154,,25,03,202,,0*79
1780395356.151,$GBGSV,3,3,10,25,03,202,,26,37,092,,0*79
1780395356.151,$GNGLL,1339.03235,N,10029.57916,E,101556.00,A,D*7D
1780395357.120,$GNRMC,101557.00,A,1339.03266,N,10029.57917,E,1.133,3.30,020626,0.53,W,R,V*5F
1780395357.122,$GNVTG,3.30,T,3.83,M,1.133,N,2.098,K,D*33
1780395357.124,$GNGGA,101557.00,1339.03266,N,10029.57917,E,4,12,0.71,-1.1,M,-27.8,M,,0499*42
1780395357.124,$GNGSA,A,3,10,18,23,24,32,,,,,,,,1.37,0.71,1.17,1*0B
1780395357.125,$GNGSA,A,3,66,75,65,88,76,81,,,,,,,1.37,0.71,1.17,2*0F
1780395357.125,$GNGSA,A,3,05,12,04,06,09,10,11,36,,,,,1.37,0.71,1.17,3*0E
1780395357.126,$GNGSA,A,3,06,07,08,09,10,13,14,34,,,,,1.37,0.71,1.17,4*01
1780395357.127,$GPGSV,2,1,08,10,22,328,23,18,83,174,41,23,40,004,39,24,40,045,37,1*6F
1780395357.128,$GPGSV,2,2,08,32,31,271,29,41,64,233,41,42,70,217,41,50,55,115,36,1*65
1780395357.129,$GPGSV,2,1,05,10,22,328,24,18,83,174,42,23,40,004,37,24,40,045,33,6*6B
1780395357.129,$GPGSV,2,2,05,32,31,271,31,6*53
1780395357.130,$GPGSV,3,1,09,05,04,104,,12,13,120,,13,18,119,,15,11,046,,0*6C
1780395357.131,$GPGSV,3,2,09,15,11,046,,25,17,158,,27,05,293,,28,15,207,,0*65
1780395357.131,$GPGSV,3,3,09,28,15,207,,0*57
1780395357.132,$GLGSV,2,1,07,65,23,012,34,66,28,317,33,75,21,074,21,76,27,134,30,1*75
1780395357.133,$GLGSV,2,2,07,81,24,325,30,87,24,169,19,88,67,262,41,1*4A
1780395357.134,$GLGSV,2,1,06,66,28,317,25,67,04,267,17,75,21,074,30,76,27,134,24,3*72
1780395357.135,$GLGSV,2,2,06,81,24,325,31,88,67,262,41,3*77
1780395357.135,$GLGSV,1,1,01,77,07,177,,0*4E
1780395357.136,$GAGSV,2,1,08,04,36,020,34,05,23,247,25,06,54,352,37,09,58,303,32,2*79
1780395357.137,$GAGSV,2,2,08,10,70,121,39,11,75,356,35,12,45,135,33,36,25,329,21,2*78
1780395357.138,$GAGSV,2,1,08,04,36,020,37,05,23,247,25,06,54,352,40,09,58,303,32,7*7F
1780395357.139,$GAGSV,2,2,08,10,70,121,39,11,75,356,37,12,45,135,35,36,25,329,30,7*79
1780395357.139,$GAGSV,1,1,04,16,08,188,,23,00,092,,28,16,036,,31,11,136,,0*7A
1780395357.140,$GBGSV,2,1,08,06,40,036,38,07,68,116,42,08,22,178,34,09,38,001,38,1*71
1780395357.141,$GBGSV,2,2,08,10,62,142,41,13,28,303,36,14,29,031,36,34,42,189,38,1*77
1780395357.142,$GBGSV,1,1,02,09,38,001,33,10,62,142,36,3*72
1780395357.143,$GBGSV,3,1,10,01,42,106,,02,63,244,,03,72,138,,04,22,095,,0*75
1780395357.143,$GBGSV,3,2,10,04,22,095,,21,15,052,,24,37,154,,25,03,202,,0*79
1780395357.144,$GBGSV,3,3,10,25,03,202,,26,37,092,,0*79
1780395357.144,$GNGLL,1339.03266,N,10029.57917,E,101557.00,A,D*7B
1780395358.120,$GNRMC,101558.00,A,1339.03298,N,10029.57918,E,1.139,4.89,020626,0.53,W,R,V*51
1780395358.122,$GNVTG,4.89,T,5.42,M,1.139,N,2.109,K,D*3E
1780395358.124,$GNGGA,101558.00,1339.03298,N,10029.57918,E,4,12,0.75,-1.1,M,-27.8,M,,0499*47
1780395358.124,$GNGSA,A,3,10,18,23,24,32,,,,,,,,1.46,0.75,1.25,1*08
1780395358.125,$GNGSA,A,3,66,75,65,88,76,81,,,,,,,1.46,0.75,1.25,2*0C
1780395358.126,$GNGSA,A,3,05,12,04,06,09,10,11,36,,,,,1.46,0.75,1.25,3*0D
1780395358.126,$GNGSA,A,3,06,07,08,09,10,13,14,34,,,,,1.46,0.75,1.25,4*02
1780395358.127,$GPGSV,2,1,08,10,22,328,31,18,83,174,41,23,40,005,38,24,40,045,37,1*6C
1780395358.128,$GPGSV,2,2,08,32,31,271,33,41,64,233,41,42,70,217,41,50,55,115,37,1*6F
1780395358.129,$GPGSV,2,1,05,10,22,328,21,18,83,174,41,23,40,005,36,24,40,045,31,6*6F
1780395358.129,$GPGSV,2,2,05,32,31,271,29,6*5A
1780395358.130,$GPGSV,3,1,09,05,04,104,,12,13,120,,13,18,119,,15,11,046,,0*6C
1780395358.131,$GPGSV,3,2,09,15,11,046,,25,17,158,,27,05,293,,28,15,207,,0*65
1780395358.131,$GPGSV,3,3,09,28,15,207,,0*57
1780395358.132,$GLGSV,2,1,07,65,23,012,34,66,28,317,29,75,21,074,21,76,27,134,25,1*7A
1780395358.133,$GLGSV,2,2,07,81,24,325,23,87,24,169,18,88,67,262,41,1*49
1780395358.134,$GLGSV,2,1,06,66,28,317,31,67,04,267,17,75,21,074,24,76,27,134,23,3*75
1780395358.135,$GLGSV,2,2,06,81,24,325,31,88,67,262,41,3*77
1780395358.135,$GLGSV,1,1,01,77,07,177,,0*4E
1780395358.136,$GAGSV,2,1,08,04,36,020,34,05,23,247,23,06,54,352,38,09,58,303,32,2*70
1780395358.137,$GAGSV,2,2,08,10,70,121,38,11,75,356,35,12,45,135,33,36,25,329,24,2*7C
1780395358.138,$GAGSV,2,1,08,04,36,020,38,05,23,247,25,06,54,352,38,09,58,303,27,7*7B
1780395358.139,$GAGSV,2,2,08,10,70,121,39,11,75,356,37,12,45,135,34,36,25,329,29,7*70
1780395358.140,$GAGSV,1,1,04,16,08,188,,23,00,092,,28,16,036,,31,11,136,,0*7A
1780395358.140,$GBGSV,2,1,08,06,40,036,39,07,68,116,41,08,22,178,34,09,38,001,37,1*7C
1780395358.141,$GBGSV,2,2,08,10,62,142,40,13,28,303,36,14,29,031,36,34,42,189,40,1*79
1780395358.142,$GBGSV,1,1,02,09,38,001,33,10,62,142,35,3*71
1780395358.143,$GBGSV,3,1,10,01,42,106,,02,63,244,,03,72,138,,04,22,095,,0*75
1780395358.143,$GBGSV,3,2,10,04,22,095,,21,15,052,,24,37,154,,25,03,202,,0*79
1780395358.144,$GBGSV,3,3,10,25,03,202,,26,37,092,,0*79
1780395358.145,$GNGLL,1339.03298,N,10029.57918,E,101558.00,A,D*7A
1780395359.119,$GNRMC,101559.00,A,1339.03330,N,10029.57919,E,1.112,359.85,020626,0.53,W,R,V*5C
1780395359.121,$GNVTG,359.85,T,0.38,M,1.112,N,2.059,K,D*3C
1780395359.122,$GNGGA,101559.00,1339.03330,N,10029.57919,E,4,12,0.71,-1.1,M,-27.8,M,,0499*40
1780395359.122,$GNGSA,A,3,10,18,23,24,32,,,,,,,,1.37,0.71,1.17,1*0B
1780395359.123,$GNGSA,A,3,66,75,65,88,76,81,,,,,,,1.37,0.71,1.17,2*0F
1780395359.124,$GNGSA,A,3,05,12,04,06,09,10,11,36,,,,,1.37,0.71,1.17,3*0E
1780395359.124,$GNGSA,A,3,06,07,08,09,10,13,14,34,,,,,1.37,0.71,1.17,4*01
1780395359.125,$GPGSV,2,1,08,10,22,328,30,18,83,174,41,23,40,005,38,24,39,044,38,1*6D
1780395359.126,$GPGSV,2,2,08,32,31,271,33,41,64,233,41,42,70,217,41,50,55,115,37,1*6F
1780395359.127,$GPGSV,2,1,05,10,22,328,19,18,83,174,41,23,40,005,36,24,39,044,32,6*68
1780395359.128,$GPGSV,2,2,05,32,31,271,30,6*52
1780395359.128,$GPGSV,3,1,09,05,04,104,,12,13,120,,13,18,119,,15,11,046,,0*6C
1780395359.129,$GPGSV,3,2,09,15,11,046,,25,17,158,,27,05,293,,28,15,207,,0*65
1780395359.130,$GPGSV,3,3,09,28,15,207,,0*57
1780395359.130,$GLGSV,2,1,07,65,23,012,33,66,28,317,23,75,21,074,24,76,27,134,23,1*74
1780395359.131,$GLGSV,2,2,07,81,24,325,29,87,24,169,17,88,67,262,41,1*4C
1780395359.132,$GLGSV,2,1,06,66,28,317,30,67,04,267,17,75,21,074,26,76,27,134,24,3*71
1780395359.133,$GLGSV,2,2,06,81,24,325,26,88,67,262,40,3*70
1780395359.133,$GLGSV,1,1,01,77,07,177,,0*4E
1780395359.134,$GAGSV,2,1,08,04,36,020,34,05,23,247,24,06,54,352,37,09,58,303,37,2*7D
1780395359.135,$GAGSV,2,2,08,10,70,121,39,11,75,356,34,12,45,135,33,36,25,329,22,2*7A
1780395359.136,$GAGSV,2,1,08,04,36,020,38,05,23,247,25,06,54,352,40,09,58,303,37,7*75
1780395359.137,$GAGSV,2,2,08,10,70,121,39,11,75,356,37,12,45,135,35,36,25,329,28,7*70
1780395359.138,$GAGSV,1,1,04,16,08,188,,23,00,092,,28,16,036,,31,11,136,,0*7A
1780395359.138,$GBGSV,2,1,08,06,40,036,39,07,68,116,41,08,22,178,34,09,38,001,38,1*73
1780395359.139,$GBGSV,2,2,08,10,62,142,40,13,28,303,29,14,29,031,38,34,42,189,40,1*79
1780395359.140,$GBGSV,1,1,02,09,38,001,33,10,62,142,36,3*72
1780395359.141,$GBGSV,3,1,10,01,42,106,,02,63,244,,03,72,138,,04,22,095,,0*75
1780395359.142,$GBGSV,3,2,10,04,22,095,,21,15,052,,24,37,154,,25,03,202,,0*79
1780395359.142,$GBGSV,3,3,10,25,03,202,,26,37,092,,0*79
1780395359.143,$GNGLL,1339.03330,N,10029.57919,E,101559.00,A,D*79
1780395360.126,$GNRMC,101600.00,A,1339.03362,N,10029.57920,E,1.230,1.83,020626,0.53,W,R,V*55
1780395360.129,$GNVTG,1.83,T,2.36,M,1.230,N,2.278,K,D*3A
1780395360.130,$GNGGA,101600.00,1339.03362,N,10029.57920,E,4,12,0.71,-1.1,M,-27.8,M,,0499*42
1780395360.131,$GNGSA,A,3,10,18,23,24,32,,,,,,,,1.37,0.71,1.17,1*0B
1780395360.131,$GNGSA,A,3,66,75,65,88,76,81,,,,,,,1.37,0.71,1.17,2*0F
1780395360.132,$GNGSA,A,3,05,12,04,06,09,10,11,36,,,,,1.37,0.71,1.17,3*0E
1780395360.133,$GNGSA,A,3,06,07,08,09,10,13,14,34,,,,,1.37,0.71,1.17,4*01
1780395360.133,$GPGSV,2,1,08,10,22,328,29,18,83,174,41,23,40,005,38,24,39,044,38,1*65
1780395360.134,$GPGSV,2,2,08,32,31,271,36,41,64,233,43,42,70,217,41,50,55,115,37,1*68
1780395360.135,$GPGSV,2,1,05,10,22,328,21,18,83,174,40,23,40,005,36,24,39,044,34,6*64
1780395360.136,$GPGSV,2,2,05,32,31,271,31,6*53
1780395360.137,$GPGSV,3,1,09,05,04,104,,12,13,120,,13,18,119,,15,11,046,,0*6C
1780395360.138,$GPGSV,3,2,09,15,11,046,,25,18,157,,27,05,293,,28,15,207,,0*65
1780395360.138,$GPGSV,3,3,09,28,15,207,,0*57
1780395360.139,$GLGSV,2,1,07,65,23,012,34,66,28,317,23,75,21,074,33,76,27,134,23,1*75
1780395360.140,$GLGSV,2,2,07,81,24,325,33,87,24,169,19,88,67,262,40,1*48
1780395360.141,$GLGSV,2,1,06,66,28,317,31,67,04,267,18,75,21,074,32,76,27,134,25,3*7B
1780395360.141,$GLGSV,2,2,06,81,24,325,31,88,67,262,40,3*76
1780395360.142,$GLGSV,1,1,01,77,07,177,,0*4E
1780395360.143,$GAGSV,2,1,08,04,36,020,34,05,23,247,26,06,54,352,37,09,58,303,36,2*7E
1780395360.144,$GAGSV,2,2,08,10,70,121,39,11,75,356,35,12,45,135,31,36,25,329,24,2*7F
1780395360.145,$GAGSV,2,1,08,04,36,020,37,05,23,247,27,06,54,352,40,09,58,303,34,7*7B
1780395360.145,$GAGSV,2,2,08,10,70,121,39,11,75,356,37,12,45,135,35,36,25,329,26,7*7E
1780395360.146,$GAGSV,1,1,04,16,08,188,,23,00,092,,28,16,036,,31,11,136,,0*7A
1780395360.147,$GBGSV,2,1,08,06,40,036,39,07,68,116,42,08,22,178,33,09,38,001,37,1*78
1780395360.148,$GBGSV,2,2,08,10,62,142,41,13,28,303,34,14,29,031,38,34,42,189,40,1*74
1780395360.149,$GBGSV,1,1,02,09,38,001,33,10,62,142,36,3*72
1780395360.149,$GBGSV,3,1,10,01,42,106,,02,63,244,,03,72,138,,04,22,095,,0*75
1780395360.150,$GBGSV,3,2,10,04,22,095,,21,15,052,,24,37,154,,25,03,202,,0*79
1780395360.151,$GBGSV,3,3,10,25,03,202,,26,37,092,,0*79
1780395360.151,$GNGLL,1339.03362,N,10029.57920,E,101600.00,A,D*7B
1780395361.121,$GNRMC,101601.00,A,1339.03398,N,10029.57921,E,1.270,0.98,020626,0.53,W,R,V*5F
1780395361.124,$GNVTG,0.98,T,1.51,M,1.270,N,2.352,K,D*3E
1780395361.125,$GNGGA,101601.00,1339.03398,N,10029.57921,E,4,12,0.71,-1.1,M,-27.8,M,,0499*47
1780395361.126,$GNGSA,A,3,10,18,23,24,32,,,,,,,,1.37,0.71,1.17,1*0B
1780395361.126,$GNGSA,A,3,66,75,65,88,76,81,87,,,,,,1.37,0.71,1.17,2*00
1780395361.127,$GNGSA,A,3,05,12,04,06,09,10,11,36,,,,,1.37,0.71,1.17,3*0E
1780395361.128,$GNGSA,A,3,06,07,08,09,10,13,14,34,,,,,1.37,0.71,1.17,4*01
1780395361.128,$GPGSV,2,1,08,10,22,328,30,18,83,174,41,23,40,005,40,24,39,044,37,1*6D
1780395361.129,$GPGSV,2,2,08,32,31,271,36,41,64,233,43,42,70,217,41,50,55,115,37,1*68
1780395361.130,$GPGSV,2,1,05,10,22,328,22,18,83,174,40,23,40,005,36,24,39,044,33,6*60
1780395361.130,$GPGSV,2,2,05,32,31,271,33,6*51
1780395361.131,$GPGSV,3,1,09,05,04,104,,12,13,120,,13,18,119,,15,11,046,,0*6C
1780395361.131,$GPGSV,3,2,09,15,11,046,,25,18,157,,27,05,293,,28,15,207,,0*65
1780395361.132,$GPGSV,3,3,09,28,15,207,,0*57
1780395361.132,$GLGSV,2,1,07,65,23,012,33,66,28,317,25,75,21,074,28,76,27,134,21,1*7C
1780395361.133,$GLGSV,2,2,07,81,24,325,34,87,24,169,20,88,67,262,40,1*45
1780395361.134,$GLGSV,2,1,06,66,28,317,34,67,04,267,17,75,21,074,40,76,27,134,29,3*78
1780395361.134,$GLGSV,2,2,06,81,24,325,32,88,67,262,39,3*7B
1780395361.135,$GLGSV,1,1,01,77,07,177,,0*4E
1780395361.135,$GAGSV,2,1,08,04,36,020,33,05,23,247,26,06,54,352,37,09,58,303,32,2*7D
1780395361.136,$GAGSV,2,2,08,10,70,121,40,11,75,356,35,12,45,135,33,36,25,329,31,2*77
1780395361.137,$GAGSV,2,1,08,04,36,020,39,05,23,247,30,06,54,352,39,09,58,303,30,7*79
1780395361.137,$GAGSV,2,2,08,10,70,121,39,11,75,356,37,12,45,135,35,36,25,329,31,7*78
1780395361.138,$GAGSV,1,1,04,16,08,188,,23,00,092,,28,16,036,,31,11,136,,0*7A
1780395361.139,$GBGSV,2,1,08,06,40,036,39,07,68,116,42,08,22,178,33,09,38,001,37,1*78
1780395361.139,$GBGSV,2,2,08,10,62,142,41,13,28,303,35,14,29,031,40,34,42,189,39,1*74
1780395361.140,$GBGSV,1,1,02,09,38,001,34,10,62,142,36,3*75
1780395361.140,$GBGSV,3,1,10,01,42,106,,02,63,244,,03,72,138,,04,22,095,,0*75
1780395361.141,$GBGSV,3,2,10,04,22,095,,21,15,052,,24,37,154,,25,03,202,,0*79
1780395361.141,$GBGSV,3,3,10,25,03,202,,26,37,092,,0*79
1780395361.142,$GNGLL,1339.03398,N,10029.57921,E,101601.00,A,D*7E
1780395362.116,$GNRMC,101602.00,A,1339.03430,N,10029.57920,E,1.145,357.16,020626,0.53,W,R,V*5A
1780395362.119,$GNVTG,357.16,T,357.69,M,1.145,N,2.120,K,D*30
1780395362.120,$GNGGA,101602.00,1339.03430,N,10029.57920,E,4,12,0.71,-1.1,M,-27.8,M,,0499*40
1780395362.121,$GNGSA,A,3,10,18,23,24,32,,,,,,,,1.37,0.71,1.17,1*0B
1780395362.121,$GNGSA,A,3,66,75,65,88,76,81,87,,,,,,1.37,0.71,1.17,2*00
1780395362.122,$GNGSA,A,3,05,12,04,06,09,10,11,36,,,,,1.37,0.71,1.17,3*0E
1780395362.122,$GNGSA,A,3,06,07,08,09,10,13,14,34,,,,,1.37,0.71,1.17,4*01
1780395362.123,$GPGSV,2,1,08,10,22,328,23,18,83,174,42,23,40,005,38,24,39,044,39,1*6D
1780395362.124,$GPGSV,2,2,08,32,31,271,36,41,64,233,43,42,70,217,40,50,55,115,37,1*69
1780395362.124,$GPGSV,2,1,05,10,22,328,25,18,83,174,41,23,40,005,35,24,39,044,33,6*65
1780395362.125,$GPGSV,2,2,05,32,31,271,29,6*5A
1780395362.125,$GPGSV,3,1,09,05,04,104,,12,13,120,,13,18,119,,15,11,046,,0*6C
1780395362.126,$GPGSV,3,2,09,15,11,046,,25,18,157,,27,05,292,,28,15,207,,0*64
1780395362.126,$GPGSV,3,3,09,28,15,207,,0*57
1780395362.127,$GLGSV,2,1,07,65,23,012,32,66,28,317,32,75,21,074,33,76,27,134,22,1*72
1780395362.128,$GLGSV,2,2,07,81,24,325,30,87,24,169,21,88,67,262,40,1*40
1780395362.128,$GLGSV,2,1,06,66,28,317,32,67,04,267,16,75,21,074,40,76,27,134,22,3*74
1780395362.129,$GLGSV,2,2,06,81,24,325,27,88,67,262,41,3*70
1780395362.129,$GLGSV,1,1,01,77,07,177,,0*4E
1780395362.130,$GAGSV,2,1,08,04,36,020,34,05,23,247,25,06,54,352,37,09,58,303,33,2*78
1780395362.131,$GAGSV,2,2,08,10,70,121,40,11,75,356,35,12,45,135,33,36,25,329,28,2*7F
1780395362.131,$GAGSV,2,1,08,04,36,020,36,05,23,247,29,06,54,352,39,09,58,303,36,7*78
1780395362.132,$GAGSV,2,2,08,10,70,121,39,11,75,356,37,12,45,135,35,36,25,329,26,7*7E
1780395362.133,$GAGSV,1,1,04,16,08,188,,23,00,092,,28,16,036,,31,11,136,,0*7A
1780395362.133,$GBGSV,2,1,08,06,40,036,38,07,68,116,42,08,22,178,33,09,38,001,37,1*79
1780395362.134,$GBGSV,2,2,08,10,62,142,40,13,28,303,31,14,29,031,38,34,42,189,37,1*70
1780395362.135,$GBGSV,1,1,02,09,38,001,33,10,62,142,36,3*72
1780395362.135,$GBGSV,3,1,10,01,42,106,,02,63,244,,03,72,138,,04,22,095,,0*75
1780395362.136,$GBGSV,3,2,10,04,22,095,,21,15,052,,24,37,154,,25,03,202,,0*79
1780395362.136,$GBGSV,3,3,10,25,03,202,,26,37,092,,0*79
1780395362.137,$GNGLL,1339.03430,N,10029.57920,E,101602.00,A,D*79
1780395363.120,$GNRMC,101603.00,A,1339.03464,N,10029.57919,E,1.180,0.77,020626,0.53,W,R,V*5F
1780395363.122,$GNVTG,0.77,T,1.30,M,1.180,N,2.185,K,D*3C
1780395363.123,$GNGGA,101603.00,1339.03464,N,10029.57919,E,4,12,0.71,-1.1,M,-27.8,M,,0499*4A
1780395363.124,$GNGSA,A,3,10,18,23,24,32,,,,,,,,1.37,0.71,1.17,1*0B
1780395363.124,$GNGSA,A,3,66,75,65,88,76,81,87,,,,,,1.37,0.71,1.17,2*00
1780395363.125,$GNGSA,A,3,05,12,04,06,09,10,11,36,,,,,1.37,0.71,1.17,3*0E
1780395363.125,$GNGSA,A,3,06,07,08,09,10,13,14,34,,,,,1.37,0.71,1.17,4*01
1780395363.126,$GPGSV,2,1,08,10,22,328,37,18,83,174,42,23,40,005,37,24,39,044,37,1*69
1780395363.127,$GPGSV,2,2,08,32,31,271,30,41,64,233,39,42,70,217,40,50,55,115,38,1*6D
1780395363.127,$GPGSV,2,1,05,10,22,328,24,18,83,174,42,23,40,005,36,24,39,044,32,6*65
1780395363.128,$GPGSV,2,2,05,32,31,271,28,6*5B
1780395363.129,$GPGSV,3,1,09,05,04,104,,12,13,120,,13,18,119,,15,11,046,,0*6C
1780395363.129,$GPGSV,3,2,09,15,11,046,,25,18,157,,27,05,292,,28,16,207,,0*67
1780395363.130,$GPGSV,3,3,09,28,16,207,,0*54
1780395363.130,$GLGSV,2,1,07,65,23,012,32,66,28,317,32,75,21,074,33,76,27,134,23,1*73
1780395363.131,$GLGSV,2,2,07,81,24,325,29,87,24,169,20,88,67,262,33,1*4D
1780395363.132,$GLGSV,2,1,06,66,28,317,27,67,04,267,17,75,21,074,41,76,27,134,22,3*70
1780395363.132,$GLGSV,2,2,06,81,24,325,32,88,67,262,33,3*71
1780395363.133,$GLGSV,1,1,01,77,07,177,,0*4E
1780395363.133,$GAGSV,2,1,08,04,36,020,34,05,23,247,25,06,54,352,38,09,58,303,37,2*73
1780395363.134,$GAGSV,2,2,08,10,70,121,40,11,75,356,36,12,45,135,28,36,25,329,28,2*76
1780395363.135,$GAGSV,2,1,08,04,36,020,38,05,23,247,31,06,54,352,39,09,58,303,38,7*71
1780395363.135,$GAGSV,2,2,08,10,70,121,39,11,75,356,37,12,45,135,36,36,25,329,24,7*7F
1780395363.136,$GAGSV,1,1,04,16,08,188,,23,00,092,,28,16,036,,31,11,136,,0*7A
1780395363.137,$GBGSV,2,1,08,06,40,036,36,07,68,116,42,08,22,178,33,09,38,001,37,1*77
1780395363.137,$GBGSV,2,2,08,10,62,142,41,13,28,303,33,14,29,031,38,34,42,189,40,1*73
1780395363.138,$GBGSV,1,1,02,09,38,001,33,10,62,142,36,3*72
1780395363.139,$GBGSV,3,1,10,01,42,106,,02,63,244,,03,72,138,,04,22,095,,0*75
1780395363.139,$GBGSV,3,2,10,04,22,095,,21,15,052,,24,37,154,,25,03,202,,0*79
1780395363.140,$GBGSV,3,3,10,25,03,202,,26,37,092,,0*79
1780395363.140,$GNGLL,1339.03464,N,10029.57919,E,101603.00,A,D*73
1780395364.123,$GNRMC,101604.00,A,1339.03497,N,10029.57918,E,1.171,357.90,020626,0.53,W,R,V*53
1780395364.124,$GNVTG,357.90,T,358.43,M,1.171,N,2.169,K,D*33
1780395364.126,$GNGGA,101604.00,1339.03497,N,10029.57918,E,4,12,0.71,-1.1,M,-27.8,M,,0499*40
1780395364.126,$GNGSA,A,3,10,18,23,24,32,,,,,,,,1.37,0.71,1.17,1*0B
1780395364.127,$GNGSA,A,3,66,75,65,88,76,81,,,,,,,1.37,0.71,1.17,2*0F
1780395364.127,$GNGSA,A,3,05,12,04,06,09,10,11,36,,,,,1.37,0.71,1.17,3*0E
1780395364.128,$GNGSA,A,3,06,07,08,09,10,13,14,34,,,,,1.37,0.71,1.17,4*01
1780395364.128,$GPGSV,2,1,08,10,22,328,32,18,83,174,43,23,40,005,39,24,39,044,39,1*6D
1780395364.129,$GPGSV,2,2,08,32,31,271,30,41,64,233,43,42,70,217,42,50,55,115,37,1*6D
1780395364.130,$GPGSV,2,1,05,10,22,328,23,18,83,174,41,23,40,005,36,24,39,044,33,6*60
1780395364.130,$GPGSV,2,2,05,32,31,271,27,6*54
1780395364.131,$GPGSV,3,1,09,05,04,104,,12,13,120,,13,18,119,,15,11,046,,0*6C
1780395364.131,$GPGSV,3,2,09,15,11,046,,25,18,157,,27,05,292,,28,16,207,,0*67
1780395364.131,$GPGSV,3,3,09,28,16,207,,0*54
1780395364.132,$GLGSV,2,1,06,65,23,012,34,66,28,317,33,75,21,074,34,76,27,134,25,1*74
1780395364.132,$GLGSV,2,2,06,87,24,169,19,88,67,262,34,1*71
1780395364.133,$GLGSV,2,1,06,66,28,317,32,67,04,267,17,75,21,074,41,76,27,134,24,3*72
1780395364.134,$GLGSV,2,2,06,81,24,325,26,88,67,262,33,3*74
1780395364.134,$GLGSV,1,1,01,77,07,177,,0*4E
1780395364.135,$GAGSV,2,1,08,04,36,020,34,05,23,247,24,06,54,352,37,09,58,303,34,2*7E
1780395364.135,$GAGSV,2,2,08,10,70,121,39,11,75,356,35,12,45,135,32,36,25,329,25,2*7D
1780395364.136,$GAGSV,2,1,08,04,36,020,37,05,23,247,23,06,54,352,38,09,58,303,37,7*73
1780395364.137,$GAGSV,2,2,08,10,70,121,40,11,75,356,37,12,45,135,33,36,25,329,21,7*71
1780395364.137,$GAGSV,1,1,04,16,08,188,,23,00,092,,28,16,036,,31,11,136,,0*7A
1780395364.138,$GBGSV,2,1,08,06,40,036,36,07,68,116,41,08,22,178,30,09,38,001,37,1*77
1780395364.139,$GBGSV,2,2,08,10,62,142,41,13,28,303,36,14,29,031,36,34,42,189,39,1*76
1780395364.139,$GBGSV,1,1,02,09,38,001,33,10,62,142,35,3*71
1780395364.140,$GBGSV,3,1,10,01,42,106,,02,63,244,,03,72,138,,04,22,095,,0*75
1780395364.140,$GBGSV,3,2,10,04,22,095,,21,15,052,,24,37,154,,25,03,202,,0*79
1780395364.141,$GBGSV,3,3,10,25,03,202,,26,37,092,,0*79
1780395364.141,$GNGLL,1339.03497,N,10029.57918,E,101604.00,A,D*79
1780395365.120,$GNRMC,101605.00,A,1339.03529,N,10029.57915,E,1.154,356.94,020626,0.53,W,R,V*59
1780395365.122,$GNVTG,356.94,T,357.47,M,1.154,N,2.137,K,D*31
1780395365.123,$GNGGA,101605.00,1339.03529,N,10029.57915,E,4,12,0.71,-1.1,M,-27.8,M,,0499*48
1780395365.124,$GNGSA,A,3,10,18,23,24,32,,,,,,,,1.37,0.71,1.17,1*0B
1780395365.124,$GNGSA,A,3,66,75,65,88,76,81,,,,,,,1.37,0.71,1.17,2*0F
1780395365.125,$GNGSA,A,3,05,12,04,06,09,10,11,36,,,,,1.37,0.71,1.17,3*0E
1780395365.126,$GNGSA,A,3,06,07,08,09,10,13,14,34,,,,,1.37,0.71,1.17,4*01
1780395365.126,$GPGSV,2,1,08,10,22,328,26,18,83,174,43,23,40,005,39,24,39,044,39,1*68
1780395365.127,$GPGSV,2,2,08,32,31,271,34,41,64,233,34,42,70,217,39,50,55,115,37,1*65
1780395365.128,$GPGSV,2,1,05,10,22,328,23,18,83,174,41,23,40,005,36,24,39,044,32,6*61
1780395365.128,$GPGSV,2,2,05,32,31,271,27,6*54
1780395365.129,$GPGSV,3,1,09,05,04,104,,12,13,120,,13,18,119,,15,11,046,,0*6C
1780395365.130,$GPGSV,3,2,09,15,11,046,,25,18,157,,27,05,292,,28,16,207,,0*67
1780395365.130,$GPGSV,3,3,09,28,16,207,,0*54
1780395365.131,$GLGSV,2,1,07,65,23,012,34,66,28,317,33,75,21,074,31,76,27,134,26,1*73
1780395365.131,$GLGSV,2,2,07,81,24,325,30,87,24,169,18,88,67,262,34,1*49
1780395365.132,$GLGSV,2,1,06,66,28,317,34,67,04,267,18,75,21,074,40,76,27,134,25,3*7B
1780395365.133,$GLGSV,2,2,06,81,24,325,27,88,67,262,37,3*71
1780395365.133,$GLGSV,1,1,01,77,07,177,,0*4E
1780395365.134,$GAGSV,2,1,08,04,36,020,34,05,23,247,22,06,54,352,37,09,58,303,34,2*78
1780395365.134,$GAGSV,2,2,08,10,70,121,39,11,75,356,35,12,45,135,32,36,25,329,24,2*7C
1780395365.135,$GAGSV,2,1,08,04,36,020,37,05,23,247,24,06,54,352,40,09,58,303,35,7*79
1780395365.136,$GAGSV,2,2,08,10,70,121,40,11,75,356,37,12,45,135,33,36,25,329,20,7*70
1780395365.136,$GAGSV,1,1,04,16,08,188,,23,00,092,,28,16,036,,31,11,136,,0*7A
1780395365.137,$GBGSV,2,1,08,06,40,036,38,07,68,116,41,08,22,178,29,09,38,001,37,1*71
1780395365.138,$GBGSV,2,2,08,10,62,142,41,13,28,303,32,14,29,031,37,34,42,189,40,1*7D
1780395365.139,$GBGSV,1,1,02,09,38,001,33,10,62,142,35,3*71
1780395365.139,$GBGSV,3,1,10,01,42,106,,02,63,244,,03,72,138,,04,22,095,,0*75
1780395365.140,$GBGSV,3,2,10,04,22,095,,21,15,052,,24,37,154,,25,03,202,,0*79
1780395365.140,$GBGSV,3,3,10,25,03,202,,26,37,092,,0*79
1780395365.141,$GNGLL,1339.03529,N,10029.57915,E,101605.00,A,D*71
1780395366.123,$GNRMC,101606.00,A,1339.03562,N,10029.57914,E,1.184,355.60,020626,0.53,W,R,V*51
1780395366.125,$GNVTG,355.60,T,356.13,M,1.184,N,2.193,K,D*3A
1780395366.126,$GNGGA,101606.00,1339.03562,N,10029.57914,E,4,12,0.71,-1.1,M,-27.8,M,,0499*45
1780395366.126,$GNGSA,A,3,10,18,23,24,32,,,,,,,,1.37,0.71,1.17,1*0B
1780395366.127,$GNGSA,A,3,66,75,65,88,76,81,,,,,,,1.37,0.71,1.17,2*0F
1780395366.128,$GNGSA,A,3,05,12,04,06,09,10,11,36,,,,,1.37,0.71,1.17,3*0E
1780395366.128,$GNGSA,A,3,06,07,08,09,10,13,14,34,,,,,1.37,0.71,1.17,4*01
1780395366.129,$GPGSV,2,1,08,10,22,328,26,18,83,174,41,23,40,005,37,24,39,044,36,1*6B
1780395366.129,$GPGSV,2,2,08,32,31,271,28,41,64,233,34,42,70,217,40,50,55,115,37,1*66
1780395366.130,$GPGSV,2,1,05,10,22,328,23,18,83,174,41,23,40,005,36,24,39,044,34,6*67
1780395366.130,$GPGSV,2,2,05,32,31,271,28,6*5B
1780395366.131,$GPGSV,3,1,09,05,04,104,,12,13,120,,13,18,119,,15,11,046,,0*6C
1780395366.132,$GPGSV,3,2,09,15,11,046,,25,18,157,,27,05,292,,28,16,207,,0*67
1780395366.132,$GPGSV,3,3,09,28,16,207,,0*54
1780395366.133,$GLGSV,2,1,06,65,23,012,34,66,28,317,33,75,21,074,35,76,27,134,25,1*75
1780395366.133,$GLGSV,2,2,06,87,24,169,18,88,67,262,38,1*7C
1780395366.134,$GLGSV,2,1,06,66,28,317,32,67,04,267,18,75,21,074,38,76,27,134,31,3*77
1780395366.135,$GLGSV,2,2,06,81,24,325,35,88,67,262,40,3*72
1780395366.135,$GLGSV,1,1,01,77,07,177,,0*4E
1780395366.136,$GAGSV,2,1,08,04,36,020,34,05,23,247,30,06,54,352,37,09,58,303,36,2*79
1780395366.136,$GAGSV,2,2,08,10,70,121,38,11,75,356,35,12,45,135,33,36,25,329,22,2*7A
1780395366.137,$GAGSV,2,1,08,04,36,020,35,05,23,247,34,06,54,352,38,09,58,303,36,7*76
1780395366.138,$GAGSV,2,2,08,10,70,121,40,11,75,356,36,12,45,135,33,36,25,329,21,7*70
1780395366.138,$GAGSV,1,1,04,16,08,188,,23,00,092,,28,16,036,,31,11,136,,0*7A
1780395366.139,$GBGSV,2,1,08,06,40,036,41,07,68,116,39,08,22,178,30,09,38,001,36,1*79
1780395366.140,$GBGSV,2,2,08,10,62,142,41,13,28,303,32,14,29,031,38,34,42,189,40,1*72
1780395366.140,$GBGSV,1,1,02,09,38,001,33,10,62,142,35,3*71
1780395366.141,$GBGSV,3,1,10,01,42,106,,02,63,244,,03,72,138,,04,22,095,,0*75
1780395366.141,$GBGSV,3,2,10,04,22,095,,21,15,052,,24,37,154,,25,03,202,,0*79
1780395366.142,$GBGSV,3,3,10,25,03,202,,26,37,092,,0*79
1780395366.142,$GNGLL,1339.03562,N,10029.57914,E,101606.00,A,D*7C
1780395367.128,$GNRMC,101607.00,A,1339.03596,N,10029.57911,E,1.210,355.32,020626,0.53,W,R,V*57
1780395367.130,$GNVTG,355.32,T,355.85,M,1.210,N,2.241,K,D*33
1780395367.131,$GNGGA,101607.00,1339.03596,N,10029.57911,E,4,12,0.71,-1.1,M,-27.8,M,,0499*4A
1780395367.132,$GNGSA,A,3,10,18,23,24,32,,,,,,,,1.37,0.71,1.17,1*0B
1780395367.132,$GNGSA,A,3,66,75,65,88,76,81,,,,,,,1.37,0.71,1.17,2*0F
1780395367.133,$GNGSA,A,3,05,12,04,06,09,10,11,36,,,,,1.37,0.71,1.17,3*0E
1780395367.133,$GNGSA,A,3,06,07,08,09,10,13,14,34,,,,,1.37,0.71,1.17,4*01
1780395367.134,$GPGSV,2,1,08,10,22,328,27,18,83,174,42,23,40,005,38,24,39,044,37,1*67
1780395367.135,$GPGSV,2,2,08,32,31,272,33,41,64,233,37,42,70,217,40,50,55,115,35,1*6E
1780395367.135,$GPGSV,2,1,05,10,22,328,24,18,83,174,41,23,40,005,35,24,39,044,34,6*63
1780395367.136,$GPGSV,2,2,05,32,31,272,29,6*59
1780395367.136,$GPGSV,3,1,09,05,04,104,,12,13,120,,13,18,119,,15,11,046,,0*6C
1780395367.137,$GPGSV,3,2,09,15,11,046,,25,18,157,,27,05,292,,28,16,207,,0*67
1780395367.137,$GPGSV,3,3,09,28,16,207,,0*54
1780395367.138,$GLGSV,2,1,07,65,23,012,35,66,28,317,25,75,21,074,30,76,27,134,31,1*72
1780395367.139,$GLGSV,2,2,07,81,24,325,30,87,24,169,19,88,67,262,39,1*45
1780395367.140,$GLGSV,2,1,06,66,28,317,34,67,04,267,18,75,21,074,39,76,27,134,30,3*71
1780395367.140,$GLGSV,2,2,06,81,24,325,33,88,67,262,39,3*7A
1780395367.141,$GLGSV,1,1,01,77,07,177,,0*4E
1780395367.142,$GAGSV,2,1,08,04,36,020,34,05,23,247,30,06,54,352,37,09,58,303,35,2*7A
1780395367.143,$GAGSV,2,2,08,10,70,121,38,11,75,356,35,12,45,135,34,36,25,329,20,2*7F
1780395367.144,$GAGSV,2,1,08,04,36,020,37,05,23,247,30,06,54,352,39,09,58,303,37,7*70
1780395367.144,$GAGSV,2,2,08,10,70,121,40,11,75,356,37,12,45,135,34,36,25,329,27,7*70
1780395367.145,$GAGSV,1,1,04,16,08,188,,23,00,092,,28,16,036,,31,11,136,,0*7A
1780395367.146,$GBGSV,2,1,08,06,40,036,38,07,68,116,41,08,22,178,30,09,38,001,37,1*79
1780395367.147,$GBGSV,2,2,08,10,62,142,39,13,28,303,35,14,29,031,38,34,42,189,39,1*74
1780395367.147,$GBGSV,1,1,02,09,38,001,32,10,62,142,35,3*70
1780395367.148,$GBGSV,3,1,10,01,42,106,,02,63,244,,03,72,138,,04,22,095,,0*75
1780395367.148,$GBGSV,3,2,10,04,22,095,,21,15,052,,24,37,154,,25,03,202,,0*79
1780395367.149,$GBGSV,3,3,10,25,03,202,,26,37,092,,0*79
1780395367.149,$GNGLL,1339.03596,N,10029.57911,E,101607.00,A,D*73
1780395368.122,$GNRMC,101608.00,A,1339.03626,N,10029.57908,E,1.060,356.67,020626,0.53,W,R,V*5E
1780395368.124,$GNVTG,356.67,T,357.20,M,1.060,N,1.963,K,D*30
1780395368.127,$GNGGA,101608.00,1339.03626,N,10029.57908,E,4,12,0.71,-1.1,M,-27.8,M,,0499*45
1780395368.128,$GNGSA,A,3,10,18,23,24,32,,,,,,,,1.37,0.71,1.17,1*0B
1780395368.130,$GNGSA,A,3,66,75,65,88,76,81,,,,,,,1.37,0.71,1.17,2*0F
1780395368.131,$GNGSA,A,3,05,12,04,06,09,10,11,36,,,,,1.37,0.71,1.17,3*0E
1780395368.133,$GNGSA,A,3,06,07,08,09,10,13,14,34,,,,,1.37,0.71,1.17,4*01
1780395368.135,$GPGSV,2,1,08,10,22,328,26,18,83,174,42,23,40,005,38,24,39,044,38,1*69
1780395368.137,$GPGSV,2,2,08,32,31,272,36,41,64,233,39,42,70,217,42,50,55,115,37,1*65
1780395368.140,$GPGSV,2,1,05,10,22,328,22,18,83,174,41,23,40,005,35,24,39,044,31,6*60
1780395368.141,$GPGSV,2,2,05,32,31,272,33,6*52
1780395368.143,$GPGSV,3,1,09,05,04,104,,12,13,120,,13,18,119,,15,11,046,,0*6C
1780395368.145,$GPGSV,3,2,09,15,11,046,,25,18,157,,27,05,292,,28,16,207,,0*67
1780395368.146,$GPGSV,3,3,09,28,16,207,,0*54
1780395368.149,$GLGSV,2,1,07,65,23,012,35,66,28,317,31,75,21,074,37,76,27,134,29,1*79
1780395368.151,$GLGSV,2,2,07,81,24,325,31,87,24,169,19,88,67,262,37,1*4A
1780395368.152,$GLGSV,2,1,06,66,28,317,25,67,04,267,17,75,21,074,40,76,27,134,30,3*70
1780395368.153,$GLGSV,2,2,06,81,24,325,36,88,67,262,40,3*71
1780395368.154,$GLGSV,1,1,01,77,07,177,,0*4E
1780395368.155,$GAGSV,2,1,08,04,36,020,35,05,23,247,28,06,54,352,37,09,58,303,34,2*73
1780395368.156,$GAGSV,2,2,08,10,70,121,38,11,75,356,34,12,45,135,34,36,25,329,18,2*75
1780395368.156,$GAGSV,2,1,08,04,36,020,39,05,23,247,30,06,54,352,38,09,58,303,39,7*71
1780395368.157,$GAGSV,2,2,08,10,70,121,39,11,75,356,37,12,45,135,36,36,25,329,24,7*7F
1780395368.158,$GAGSV,1,1,04,16,08,188,,23,00,092,,28,16,036,,31,11,136,,0*7A
1780395368.158,$GBGSV,2,1,08,06,40,036,39,07,68,116,41,08,22,178,31,09,38,001,36,1*78
1780395368.159,$GBGSV,2,2,08,10,62,142,39,13,28,303,34,14,29,031,38,34,42,189,40,1*7B
1780395368.159,$GBGSV,1,1,02,09,38,001,32,10,62,142,36,3*73
1780395368.160,$GBGSV,3,1,10,01,42,106,,02,63,244,,03,72,138,,04,22,095,,0*75
1780395368.161,$GBGSV,3,2,10,04,22,095,,21,15,052,,24,37,154,,25,03,202,,0*79
1780395368.161,$GBGSV,3,3,10,25,03,202,,26,37,092,,0*79
1780395368.161,$GNGLL,1339.03626,N,10029.57908,E,101608.00,A,D*7C
1780395369.120,$GNRMC,101609.00,A,1339.03656,N,10029.57907,E,1.155,358.78,020626,0.53,W,R,V*50
1780395369.122,$GNVTG,358.78,T,359.31,M,1.155,N,2.140,K,D*33
1780395369.124,$GNGGA,101609.00,1339.03656,N,10029.57907,E,4,12,0.71,-1.1,M,-27.8,M,,0499*4C
1780395369.124,$GNGSA,A,3,10,18,23,24,32,,,,,,,,1.37,0.71,1.17,1*0B
1780395369.125,$GNGSA,A,3,66,75,65,88,76,81,,,,,,,1.37,0.71,1.17,2*0F
1780395369.125,$GNGSA,A,3,05,12,04,06,09,10,11,36,,,,,1.37,0.71,1.17,3*0E
1780395369.126,$GNGSA,A,3,06,07,08,09,10,13,14,34,,,,,1.37,0.71,1.17,4*01
1780395369.127,$GPGSV,2,1,08,10,22,328,26,18,83,174,42,23,40,005,38,24,39,044,37,1*66
1780395369.128,$GPGSV,2,2,08,32,31,272,36,41,64,233,37,42,70,217,42,50,55,115,37,1*6B
1780395369.128,$GPGSV,2,1,05,10,22,328,23,18,83,174,41,23,40,005,36,24,39,044,31,6*62
1780395369.129,$GPGSV,2,2,05,32,31,272,30,6*51
1780395369.130,$GPGSV,3,1,09,05,04,104,,12,13,120,,13,18,119,,15,11,046,,0*6C
1780395369.130,$GPGSV,3,2,09,15,11,046,,25,18,157,,27,05,292,,28,16,207,,0*67
1780395369.131,$GPGSV,3,3,09,28,16,207,,0*54
1780395369.131,$GLGSV,2,1,07,65,23,012,35,66,28,317,31,75,21,074,34,76,27,134,23,1*70
1780395369.132,$GLGSV,2,2,07,81,24,325,26,87,24,169,19,88,67,262,37,1*4C
1780395369.133,$GLGSV,2,1,06,66,28,317,31,67,04,267,17,75,21,074,41,76,27,134,25,3*70
1780395369.133,$GLGSV,2,2,06,81,24,325,36,88,67,262,39,3*7F
1780395369.134,$GLGSV,1,1,01,77,07,177,,0*4E
1780395369.135,$GAGSV,2,1,08,04,36,020,35,05,23,247,27,06,54,352,37,09,58,303,36,2*7E
1780395369.136,$GAGSV,2,2,08,10,70,121,38,11,75,356,34,12,45,135,34,36,25,329,19,2*74
1780395369.137,$GAGSV,2,1,08,04,36,020,38,05,23,247,29,06,54,352,39,09,58,303,37,7*77
1780395369.139,$GAGSV,2,2,08,10,70,121,39,11,75,356,37,12,45,135,36,36,25,329,25,7*7E
1780395369.140,$GAGSV,1,1,04,16,08,188,,23,00,092,,28,16,036,,31,11,136,,0*7A
1780395369.141,$GBGSV,2,1,08,06,40,036,37,07,68,116,42,08,22,178,31,09,38,001,36,1*75
1780395369.142,$GBGSV,2,2,08,10,62,142,39,13,28,303,30,14,29,031,38,34,42,189,42,1*7D
1780395369.143,$GBGSV,1,1,02,09,38,001,32,10,62,142,36,3*73
1780395369.144,$GBGSV,3,1,10,01,42,106,,02,63,244,,03,72,138,,04,22,095,,0*75
1780395369.144,$GBGSV,3,2,10,04,22,095,,21,15,052,,24,37,154,,25,03,202,,0*79
1780395369.145,$GBGSV,3,3,10,25,03,202,,26,37,092,,0*79
1780395369.146,$GNGLL,1339.03656,N,10029.57907,E,101609.00,A,D*75
1780395370.121,$GNRMC,101610.00,A,1339.03689,N,10029.57905,E,1.109,358.68,020626,0.53,W,R,V*50
1780395370.123,$GNVTG,358.68,T,359.21,M,1.109,N,2.053,K,D*39
1780395370.125,$GNGGA,101610.00,1339.03689,N,10029.57905,E,4,12,0.71,-1.1,M,-27.8,M,,0499*44
1780395370.125,$GNGSA,A,3,10,18,23,24,32,,,,,,,,1.37,0.71,1.17,1*0B
1780395370.125,$GNGSA,A,3,66,75,65,88,76,81,,,,,,,1.37,0.71,1.17,2*0F
1780395370.126,$GNGSA,A,3,05,12,04,06,09,10,11,36,,,,,1.37,0.71,1.17,3*0E
1780395370.127,$GNGSA,A,3,06,07,08,09,10,13,14,34,,,,,1.37,0.71,1.17,4*01
1780395370.127,$GPGSV,2,1,08,10,22,328,27,18,83,174,42,23,40,005,39,24,39,044,38,1*69
1780395370.128,$GPGSV,2,2,08,32,31,272,36,41,64,233,40,42,70,217,41,50,55,115,37,1*68
1780395370.128,$GPGSV,2,1,05,10,22,328,23,18,83,174,41,23,40,005,36,24,39,044,33,6*60
1780395370.129,$GPGSV,2,2,05,32,31,272,30,6*51
1780395370.129,$GPGSV,3,1,09,05,04,104,,12,13,120,,13,18,119,,15,11,046,,0*6C
1780395370.130,$GPGSV,3,2,09,15,11,046,,25,18,157,,27,05,292,,28,16,207,,0*67
1780395370.130,$GPGSV,3,3,09,28,16,207,,0*54
1780395370.131,$GLGSV,2,1,06,65,23,012,35,66,28,317,34,75,21,074,34,76,27,134,25,1*72
1780395370.131,$GLGSV,2,2,06,87,24,169,19,88,67,262,39,1*7C
1780395370.132,$GLGSV,2,1,06,66,28,317,24,67,04,267,16,75,21,074,36,76,27,134,26,3*76
1780395370.132,$GLGSV,2,2,06,81,24,325,29,88,67,262,37,3*7F
1780395370.133,$GLGSV,1,1,01,77,07,177,,0*4E
1780395370.133,$GAGSV,2,1,08,04,36,020,35,05,23,247,27,06,54,352,37,09,58,303,36,2*7E
1780395370.134,$GAGSV,2,2,08,10,70,121,38,11,75,356,34,12,45,135,33,36,25,329,20,2*79
1780395370.135,$GAGSV,2,1,08,04,36,020,38,05,23,247,33,06,54,352,39,09,58,303,37,7*7C
1780395370.135,$GAGSV,2,2,08,10,70,121,39,11,75,356,37,12,45,135,36,36,25,329,27,7*7C
1780395370.136,$GAGSV,1,1,04,16,08,188,,23,00,092,,28,16,036,,31,11,136,,0*7A
1780395370.136,$GBGSV,2,1,08,06,40,036,38,07,68,116,42,08,22,178,32,09,38,001,37,1*78
1780395370.137,$GBGSV,2,2,08,10,62,142,40,13,28,303,24,14,29,031,36,34,42,189,42,1*78
1780395370.137,$GBGSV,1,1,02,09,38,001,32,10,62,142,36,3*73
1780395370.138,$GBGSV,3,1,10,01,42,106,,02,63,244,,03,72,138,,04,22,095,,0*75
1780395370.138,$GBGSV,3,2,10,04,22,095,,21,15,052,,24,37,154,,25,03,202,,0*79
1780395370.139,$GBGSV,3,3,10,25,03,202,,26,37,092,,0*79
1780395370.140,$GNGLL,1339.03689,N,10029.57905,E,101610.00,A,D*7D
1780395371.115,$GNRMC,101611.00,A,1339.03719,N,10029.57905,E,1.091,358.60,020626,0.53,W,R,V*51
1780395371.118,$GNVTG,358.60,T,359.13,M,1.091,N,2.020,K,D*34
1780395371.119,$GNGGA,101611.00,1339.03719,N,10029.57905,E,4,12,0.71,-1.1,M,-27.8,M,,0499*4D
1780395371.119,$GNGSA,A,3,10,18,23,24,32,,,,,,,,1.37,0.71,1.17,1*0B
1780395371.120,$GNGSA,A,3,66,75,65,88,76,81,,,,,,,1.37,0.71,1.17,2*0F
1780395371.120,$GNGSA,A,3,05,12,04,06,09,10,11,36,,,,,1.37,0.71,1.17,3*0E
1780395371.121,$GNGSA,A,3,06,07,08,09,10,13,14,34,,,,,1.37,0.71,1.17,4*01
1780395371.121,$GPGSV,2,1,08,10,22,328,25,18,83,174,42,23,40,005,39,24,39,044,38,1*6B
1780395371.122,$GPGSV,2,2,08,32,31,272,33,41,64,233,38,42,70,217,41,50,55,115,37,1*62
1780395371.123,$GPGSV,2,1,05,10,22,328,23,18,83,174,41,23,40,005,36,24,39,044,33,6*60
1780395371.123,$GPGSV,2,2,05,32,31,272,30,6*51
1780395371.124,$GPGSV,3,1,09,05,04,104,,12,13,120,,13,18,119,,15,11,046,,0*6C
1780395371.124,$GPGSV,3,2,09,15,11,046,,25,18,157,,27,05,292,,28,16,207,,0*67
1780395371.125,$GPGSV,3,3,09,28,16,207,,0*54
1780395371.126,$GLGSV,2,1,07,65,23,012,34,66,28,317,31,75,21,074,34,76,27,134,26,1*74
1780395371.126,$GLGSV,2,2,07,81,24,325,31,87,24,169,19,88,67,262,39,1*44
1780395371.127,$GLGSV,2,1,06,66,28,317,37,67,04,267,16,75,21,074,36,76,27,134,25,3*77
1780395371.127,$GLGSV,2,2,06,81,24,325,33,88,67,262,39,3*7A
1780395371.128,$GLGSV,1,1,01,77,07,177,,0*4E
1780395371.128,$GAGSV,2,1,08,04,36,020,36,05,23,247,27,06,54,352,37,09,58,303,35,2*7E
1780395371.129,$GAGSV,2,2,08,10,70,121,38,11,75,356,34,12,45,135,34,36,25,329,23,2*7D
1780395371.130,$GAGSV,2,1,08,04,36,020,37,05,23,247,29,06,54,352,39,09,58,303,39,7*76
1780395371.130,$GAGSV,2,2,08,10,70,121,39,11,75,356,37,12,45,135,36,36,25,329,27,7*7C
1780395371.131,$GAGSV,1,1,04,16,08,188,,23,00,092,,28,16,036,,31,11,136,,0*7A
1780395371.132,$GBGSV,2,1,08,06,40,036,37,07,68,116,42,08,22,178,34,09,38,001,37,1*71
1780395371.132,$GBGSV,2,2,08,10,62,142,41,13,28,303,37,14,29,031,36,34,42,189,40,1*79
1780395371.133,$GBGSV,1,1,02,09,38,001,32,10,62,142,36,3*73
1780395371.134,$GBGSV,3,1,10,01,42,106,,02,63,244,,03,72,138,,04,22,095,,0*75
1780395371.134,$GBGSV,3,2,10,04,22,095,,21,15,052,,24,37,154,,25,03,202,,0*79
1780395371.135,$GBGSV,3,3,10,25,03,202,,26,37,092,,0*79
1780395371.135,$GNGLL,1339.03719,N,10029.57905,E,101611.00,A,D*74
1780395372.122,$GNRMC,101612.00,A,1339.03750,N,10029.57906,E,1.104,0.19,020626,0.53,W,R,V*51
1780395372.124,$GNVTG,0.19,T,0.72,M,1.104,N,2.045,K,D*32
1780395372.126,$GNGGA,101612.00,1339.03750,N,10029.57906,E,4,12,0.71,-1.1,M,-27.8,M,,0499*40
1780395372.126,$GNGSA,A,3,10,18,23,24,32,,,,,,,,1.37,0.71,1.17,1*0B
1780395372.127,$GNGSA,A,3,66,75,65,88,76,81,87,,,,,,1.37,0.71,1.17,2*00
1780395372.127,$GNGSA,A,3,05,12,04,06,09,10,11,36,,,,,1.37,0.71,1.17,3*0E
1780395372.128,$GNGSA,A,3,06,07,08,09,10,13,14,34,,,,,1.37,0.71,1.17,4*01
1780395372.128,$GPGSV,2,1,08,10,22,328,25,18,83,174,43,23,40,005,40,24,39,044,39,1*65
1780395372.129,$GPGSV,2,2,08,32,31,272,36,41,64,233,39,42,70,217,41,50,55,115,37,1*66
1780395372.130,$GPGSV,2,1,05,10,22,328,24,18,83,174,41,23,40,005,36,24,39,044,33,6*67
1780395372.130,$GPGSV,2,2,05,32,31,272,28,6*58
1780395372.131,$GPGSV,3,1,09,05,04,104,,12,13,120,,13,18,119,,15,11,046,,0*6C
1780395372.132,$GPGSV,3,2,09,15,11,046,,25,18,157,,27,05,292,,28,16,207,,0*67
1780395372.132,$GPGSV,3,3,09,28,16,207,,0*54
1780395372.133,$GLGSV,2,1,07,65,23,012,34,66,28,317,37,75,21,074,31,76,27,134,26,1*77
1780395372.133,$GLGSV,2,2,07,81,24,325,31,87,24,169,20,88,67,262,41,1*41
1780395372.134,$GLGSV,2,1,06,66,28,317,37,67,04,267,17,75,21,074,38,76,27,134,26,3*7B
1780395372.134,$GLGSV,2,2,06,81,24,325,33,88,67,262,39,3*7A
1780395372.135,$GLGSV,1,1,01,77,07,177,,0*4E
1780395372.136,$GAGSV,2,1,08,04,36,020,37,05,23,247,20,06,54,352,37,09,58,303,35,2*78
1780395372.136,$GAGSV,2,2,08,10,70,121,39,11,75,356,35,12,45,135,34,36,25,329,25,2*7B
1780395372.137,$GAGSV,2,1,08,04,36,020,38,05,23,247,29,06,54,352,39,09,58,303,37,7*77
1780395372.138,$GAGSV,2,2,08,10,70,121,39,11,75,356,37,12,45,135,35,36,25,329,27,7*7F
1780395372.138,$GAGSV,1,1,04,16,08,188,,23,00,092,,28,16,036,,31,11,136,,0*7A
1780395372.139,$GBGSV,2,1,08,06,40,036,39,07,68,116,42,08,22,178,36,09,38,001,38,1*72
1780395372.140,$GBGSV,2,2,08,10,62,142,41,13,28,303,32,14,29,031,36,34,42,189,37,1*7C
1780395372.140,$GBGSV,1,1,02,09,38,001,33,10,62,142,37,3*73
1780395372.141,$GBGSV,3,1,10,01,42,106,,02,63,244,,03,72,138,,04,22,095,,0*75
1780395372.141,$GBGSV,3,2,10,04,22,095,,21,15,052,,24,37,154,,25,03,202,,0*79
1780395372.142,$GBGSV,3,3,10,25,03,202,,26,37,092,,0*79
1780395372.142,$GNGLL,1339.03750,N,10029.57906,E,101612.00,A,D*79
1780395373.119,$GNRMC,101613.00,A,1339.03781,N,10029.57907,E,1.105,4.21,020626,0.53,W,R,V*53
1780395373.121,$GNVTG,4.21,T,4.74,M,1.105,N,2.046,K,D*3D
1780395373.122,$GNGGA,101613.00,1339.03781,N,10029.57907,E,4,12,0.71,-1.1,M,-27.8,M,,0499*4C
1780395373.123,$GNGSA,A,3,10,18,23,24,32,,,,,,,,1.37,0.71,1.17,1*0B
1780395373.123,$GNGSA,A,3,66,75,65,88,76,81,87,,,,,,1.37,0.71,1.17,2*00
1780395373.124,$GNGSA,A,3,05,12,04,06,09,10,11,36,,,,,1.37,0.71,1.17,3*0E
1780395373.124,$GNGSA,A,3,06,07,08,09,10,13,14,34,,,,,1.37,0.71,1.17,4*01
1780395373.125,$GPGSV,2,1,08,10,22,328,26,18,83,174,42,23,40,005,39,24,39,044,38,1*68
1780395373.126,$GPGSV,2,2,08,32,31,272,33,41,64,233,40,42,70,217,40,50,55,115,36,1*6D
1780395373.126,$GPGSV,2,1,05,10,22,328,24,18,83,174,42,23,40,005,36,24,39,044,33,6*64
1780395373.127,$GPGSV,2,2,05,32,31,272,28,6*58
1780395373.127,$GPGSV,3,1,09,05,04,104,,12,13,120,,13,18,119,,15,11,046,,0*6C
1780395373.128,$GPGSV,3,2,09,15,11,046,,25,18,157,,27,05,292,,28,16,207,,0*67
1780395373.128,$GPGSV,3,3,09,28,16,207,,0*54
1780395373.129,$GLGSV,2,1,06,65,23,012,33,66,28,317,31,75,21,074,34,76,27,134,25,1*71
1780395373.129,$GLGSV,2,2,06,87,24,169,21,88,67,262,39,1*77
1780395373.130,$GLGSV,2,1,06,66,28,317,35,67,04,267,18,75,21,074,41,76,27,134,25,3*7B
1780395373.131,$GLGSV,2,2,06,81,24,325,37,88,67,262,40,3*70
1780395373.131,$GLGSV,1,1,01,77,07,177,,0*4E
1780395373.132,$GAGSV,2,1,08,04,36,020,37,05,23,247,29,06,54,352,38,09,58,303,35,2*7E
1780395373.132,$GAGSV,2,2,08,10,70,121,39,11,75,356,35,12,45,135,34,36,25,329,26,2*78
1780395373.133,$GAGSV,2,1,08,04,36,020,38,05,23,247,26,06,54,352,39,09,58,303,34,7*7B
1780395373.133,$GAGSV,2,2,08,10,70,121,39,11,75,356,37,12,45,135,34,36,25,329,27,7*7E
1780395373.134,$GAGSV,1,1,04,16,08,188,,23,00,092,,28,16,036,,31,11,136,,0*7A
1780395373.135,$GBGSV,2,1,08,06,40,036,39,07,68,116,41,08,22,178,36,09,38,001,38,1*71
1780395373.135,$GBGSV,2,2,08,10,62,142,41,13,28,303,33,14,29,031,37,34,42,189,39,1*72
1780395373.136,$GBGSV,1,1,02,09,38,001,33,10,62,142,36,3*72
1780395373.136,$GBGSV,3,1,10,01,42,106,,02,63,244,,03,72,138,,04,22,095,,0*75
1780395373.137,$GBGSV,3,2,10,04,22,095,,21,15,052,,24,37,154,,25,03,202,,0*79
1780395373.137,$GBGSV,3,3,10,25,03,202,,26,37,092,,0*79
1780395373.138,$GNGLL,1339.03781,N,10029.57907,E,101613.00,A,D*75
1780395374.119,$GNRMC,101614.00,A,1339.03810,N,10029.57908,E,0.996,1.31,020626,0.53,W,R,V*5B
1780395374.121,$GNVTG,1.31,T,1.84,M,0.996,N,1.845,K,D*38
1780395374.122,$GNGGA,101614.00,1339.03810,N,10029.57908,E,4,12,0.71,-1.1,M,-27.8,M,,0499*43
1780395374.123,$GNGSA,A,3,10,18,23,24,32,,,,,,,,1.37,0.71,1.17,1*0B
1780395374.123,$GNGSA,A,3,66,75,65,88,76,81,87,,,,,,1.37,0.71,1.17,2*00
1780395374.124,$GNGSA,A,3,05,12,04,06,09,10,11,36,,,,,1.37,0.71,1.17,3*0E
1780395374.124,$GNGSA,A,3,06,07,08,09,10,13,14,34,,,,,1.37,0.71,1.17,4*01
1780395374.125,$GPGSV,2,1,08,10,22,328,26,18,83,174,42,23,40,005,39,24,39,044,38,1*68
1780395374.125,$GPGSV,2,2,08,32,31,272,33,41,64,233,38,42,70,217,42,50,55,115,37,1*61
1780395374.126,$GPGSV,2,1,05,10,22,328,23,18,83,174,40,23,40,005,35,24,39,044,33,6*62
1780395374.127,$GPGSV,2,2,05,32,31,272,27,6*57
1780395374.127,$GPGSV,3,1,09,05,04,104,,12,13,120,,13,18,119,,15,11,046,,0*6C
1780395374.128,$GPGSV,3,2,09,15,11,046,,25,18,157,,27,05,292,,28,16,207,,0*67
1780395374.128,$GPGSV,3,3,09,28,16,207,,0*54
1780395374.129,$GLGSV,2,1,06,65,23,012,33,66,28,317,35,75,21,074,37,76,27,134,24,1*77
1780395374.129,$GLGSV,2,2,06,87,24,169,23,88,67,262,41,1*7A
1780395374.130,$GLGSV,2,1,06,66,28,317,28,67,04,267,18,75,21,074,37,76,27,134,26,3*75
1780395374.130,$GLGSV,2,2,06,81,24,325,37,88,67,262,42,3*72
1780395374.130,$GLGSV,1,1,01,77,07,177,,0*4E
1780395374.131,$GAGSV,2,1,08,04,36,020,34,05,23,247,30,06,54,352,38,09,58,303,29,2*78
1780395374.132,$GAGSV,2,2,08,10,70,121,39,11,75,356,34,12,45,135,34,36,25,329,25,2*7A
1780395374.132,$GAGSV,2,1,08,04,36,020,38,05,23,247,25,06,54,352,39,09,58,303,35,7*79
1780395374.133,$GAGSV,2,2,08,10,70,121,41,11,75,356,38,12,45,135,36,36,25,329,26,7*7D
1780395374.133,$GAGSV,1,1,04,16,08,188,,23,00,092,,28,16,036,,31,11,136,,0*7A
1780395374.134,$GBGSV,2,1,08,06,40,036,36,07,68,116,41,08,22,178,35,09,38,001,38,1*7D
1780395374.135,$GBGSV,2,2,08,10,62,142,41,13,28,303,33,14,29,031,37,34,42,189,39,1*72
1780395374.135,$GBGSV,1,1,02,09,38,001,33,10,62,142,36,3*72
1780395374.135,$GBGSV,3,1,10,01,42,106,,02,63,244,,03,72,138,,04,22,095,,0*75
1780395374.136,$GBGSV,3,2,10,04,22,095,,21,15,052,,24,37,154,,25,03,202,,0*79
1780395374.136,$GBGSV,3,3,10,25,03,202,,26,37,092,,0*79
1780395374.137,$GNGLL,1339.03810,N,10029.57908,E,101614.00,A,D*7A
1780395375.121,$GNRMC,101615.00,A,1339.03838,N,10029.57910,E,1.011,3.25,020626,0.53,W,R,V*59
1780395375.122,$GNVTG,3.25,T,3.78,M,1.011,N,1.872,K,D*3D
1780395375.124,$GNGGA,101615.00,1339.03838,N,10029.57910,E,4,12,0.75,-1.1,M,-27.8,M,,0499*45
1780395375.125,$GNGSA,A,3,10,18,23,24,32,,,,,,,,1.39,0.75,1.17,1*01
1780395375.125,$GNGSA,A,3,66,75,65,88,76,81,87,,,,,,1.39,0.75,1.17,2*0A
1780395375.125,$GNGSA,A,3,05,12,04,06,09,10,11,36,,,,,1.39,0.75,1.17,3*04
1780395375.126,$GNGSA,A,3,06,07,08,09,10,13,14,34,,,,,1.39,0.75,1.17,4*0B
1780395375.126,$GPGSV,2,1,08,10,22,328,25,18,83,174,42,23,40,005,39,24,39,044,38,1*6B
1780395375.127,$GPGSV,2,2,08,32,31,272,32,41,64,233,41,42,70,217,43,50,55,115,38,1*60
1780395375.128,$GPGSV,2,1,05,10,22,328,21,18,83,174,41,23,40,005,36,24,39,044,32,6*63
1780395375.128,$GPGSV,2,2,05,32,31,272,27,6*57
1780395375.129,$GPGSV,3,1,09,05,04,104,,12,13,120,,13,18,119,,15,11,046,,0*6C
1780395375.129,$GPGSV,3,2,09,15,11,046,,25,18,157,,27,05,292,,28,16,207,,0*67
1780395375.129,$GPGSV,3,3,09,28,16,207,,0*54
1780395375.130,$GLGSV,2,1,06,65,23,012,33,66,28,317,32,75,21,074,37,76,27,134,24,1*70
1780395375.130,$GLGSV,2,2,06,87,24,169,24,88,67,262,42,1*7E
1780395375.131,$GLGSV,2,1,06,66,28,317,33,67,04,267,18,75,21,074,38,76,27,134,30,3*77
1780395375.131,$GLGSV,2,2,06,81,24,325,34,88,67,262,41,3*72
1780395375.132,$GLGSV,1,1,01,77,07,177,,0*4E
1780395375.132,$GAGSV,2,1,08,04,36,020,35,05,23,247,29,06,54,352,37,09,58,303,33,2*75
1780395375.133,$GAGSV,2,2,08,10,70,121,39,11,75,356,34,12,45,135,34,36,25,329,23,2*7C
1780395375.133,$GAGSV,2,1,08,04,36,020,37,05,23,247,31,06,54,352,39,09,58,303,38,7*7E
1780395375.134,$GAGSV,2,2,08,10,70,121,40,11,75,356,37,12,45,135,35,36,25,329,32,7*75
1780395375.135,$GAGSV,1,1,04,16,08,188,,23,00,092,,28,16,036,,31,11,136,,0*7A
1780395375.135,$GBGSV,2,1,08,06,40,036,40,07,68,116,41,08,22,178,35,09,38,001,38,1*7C
1780395375.136,$GBGSV,2,2,08,10,62,142,41,13,28,303,35,14,29,031,37,34,42,189,37,1*7A
1780395375.136,$GBGSV,1,1,02,09,38,001,32,10,62,142,37,3*72
1780395375.137,$GBGSV,3,1,10,01,42,106,,02,63,244,,03,72,138,,04,22,095,,0*75
1780395375.137,$GBGSV,3,2,10,04,22,095,,21,15,052,,24,37,154,,25,03,202,,0*79
1780395375.138,$GBGSV,3,3,10,25,03,202,,26,37,092,,0*79
1780395375.138,$GNGLL,1339.03838,N,10029.57910,E,101615.00,A,D*78
1780395376.121,$GNRMC,101616.00,A,1339.03866,N,10029.57910,E,1.057,2.67,020626,0.53,W,R,V*54
1780395376.123,$GNVTG,2.67,T,3.20,M,1.057,N,1.958,K,D*3C
1780395376.124,$GNGGA,101616.00,1339.03866,N,10029.57910,E,4,12,0.75,-1.1,M,-27.8,M,,0499*4D
1780395376.125,$GNGSA,A,3,10,18,23,24,32,,,,,,,,1.39,0.75,1.17,1*01
1780395376.125,$GNGSA,A,3,66,75,65,88,76,81,87,,,,,,1.39,0.75,1.17,2*0A
1780395376.126,$GNGSA,A,3,05,12,04,06,09,10,11,36,,,,,1.39,0.75,1.17,3*04
1780395376.126,$GNGSA,A,3,06,07,08,09,10,13,14,34,,,,,1.39,0.75,1.17,4*0B
1780395376.127,$GPGSV,2,1,08,10,22,328,25,18,83,174,42,23,40,005,37,24,39,044,37,1*6A
1780395376.128,$GPGSV,2,2,08,32,31,272,28,41,64,233,43,42,70,217,42,50,55,115,38,1*68
1780395376.128,$GPGSV,2,1,05,10,22,328,21,18,83,174,42,23,40,005,36,24,39,044,32,6*60
1780395376.129,$GPGSV,2,2,05,32,31,272,27,6*57
1780395376.129,$GPGSV,3,1,09,05,04,104,,12,13,120,,13,18,119,,15,11,046,,0*6C
1780395376.130,$GPGSV,3,2,09,15,11,046,,25,18,157,,27,05,292,,28,16,207,,0*67
1780395376.130,$GPGSV,3,3,09,28,16,207,,0*54
1780395376.131,$GLGSV,2,1,06,65,23,012,33,66,28,317,27,75,21,074,36,76,27,134,30,1*70
1780395376.132,$GLGSV,2,2,06,87,24,169,25,88,67,262,43,1*7E
1780395376.132,$GLGSV,2,1,06,66,28,317,27,67,04,267,17,75,21,074,40,76,27,134,29,3*7A
1780395376.133,$GLGSV,2,2,06,81,24,325,33,88,67,262,42,3*76
1780395376.133,$GLGSV,1,1,01,77,07,177,,0*4E
1780395376.134,$GAGSV,2,1,08,04,36,020,35,05,23,247,30,06,54,352,38,09,58,303,35,2*74
1780395376.135,$GAGSV,2,2,08,10,70,121,39,11,75,356,35,12,45,135,34,36,25,329,22,2*7C
1780395376.135,$GAGSV,2,1,08,04,36,020,37,05,23,247,35,06,54,352,40,09,58,303,38,7*74
1780395376.136,$GAGSV,2,2,08,10,70,121,40,11,75,356,37,12,45,135,36,36,25,329,31,7*75
1780395376.137,$GAGSV,1,1,04,16,08,188,,23,00,092,,28,16,036,,31,11,136,,0*7A
1780395376.137,$GBGSV,2,1,08,06,40,036,39,07,68,116,41,08,22,178,35,09,38,001,38,1*72
1780395376.138,$GBGSV,2,2,08,10,62,142,39,13,28,303,32,14,29,031,37,34,42,189,39,1*7C
1780395376.139,$GBGSV,1,1,02,09,38,001,33,10,62,142,37,3*73
1780395376.139,$GBGSV,3,1,10,01,42,106,,02,63,244,,03,72,138,,04,22,095,,0*75
1780395376.140,$GBGSV,3,2,10,04,22,095,,21,15,052,,24,37,154,,25,03,202,,0*79
1780395376.140,$GBGSV,3,3,10,25,03,202,,26,37,092,,0*79
1780395376.141,$GNGLL,1339.03866,N,10029.57910,E,101616.00,A,D*70
1780395377.121,$GNRMC,101617.00,A,1339.03895,N,10029.57913,E,1.005,3.00,020626,0.53,W,R,V*5D
1780395377.123,$GNVTG,3.00,T,3.53,M,1.005,N,1.861,K,D*34
1780395377.126,$GNGGA,101617.00,1339.03895,N,10029.57913,E,4,12,0.75,-1.1,M,-27.8,M,,0499*43
1780395377.127,$GNGSA,A,3,10,18,23,24,32,,,,,,,,1.39,0.75,1.17,1*01
1780395377.129,$GNGSA,A,3,66,75,65,88,76,81,87,,,,,,1.39,0.75,1.17,2*0A
1780395377.131,$GNGSA,A,3,05,12,04,06,09,10,11,36,,,,,1.39,0.75,1.17,3*04
1780395377.132,$GNGSA,A,3,06,07,08,09,10,13,14,34,,,,,1.39,0.75,1.17,4*0B
1780395377.134,$GPGSV,2,1,08,10,22,328,23,18,83,174,42,23,40,005,39,24,39,044,39,1*6C
1780395377.137,$GPGSV,2,2,08,32,31,272,33,41,64,233,43,42,70,217,42,50,55,115,36,1*6C
1780395377.139,$GPGSV,2,1,05,10,22,328,22,18,83,174,42,23,40,005,35,24,39,044,32,6*60
1780395377.140,$GPGSV,2,2,05,32,31,272,26,6*56
1780395377.142,$GPGSV,3,1,09,05,04,104,,12,13,120,,13,18,119,,15,11,046,,0*6C
1780395377.144,$GPGSV,3,2,09,15,11,046,,25,18,157,,27,05,292,,28,16,207,,0*67
1780395377.146,$GPGSV,3,3,09,28,16,207,,0*54
1780395377.148,$GLGSV,2,1,07,65,23,012,32,66,28,317,32,75,21,074,23,76,27,134,29,1*78
1780395377.150,$GLGSV,2,2,07,81,24,325,28,87,24,169,24,88,67,262,43,1*4F
1780395377.152,$GLGSV,2,1,06,66,28,317,28,67,04,267,16,75,21,074,39,76,27,134,28,3*7B
1780395377.153,$GLGSV,2,2,06,81,24,325,30,88,67,262,41,3*76
1780395377.153,$GLGSV,1,1,01,77,07,177,,0*4E
1780395377.155,$GAGSV,2,1,08,04,36,020,34,05,23,247,28,06,54,352,37,09,58,303,34,2*72
1780395377.156,$GAGSV,2,2,08,10,70,121,38,11,75,356,35,12,45,135,34,36,25,329,26,2*79
1780395377.156,$GAGSV,2,1,08,04,36,020,34,05,23,247,31,06,54,352,40,09,58,303,39,7*72
1780395377.157,$GAGSV,2,2,08,10,70,121,38,11,75,356,37,12,45,135,36,36,25,329,29,7*73
1780395377.157,$GAGSV,1,1,04,16,08,188,,23,00,092,,28,16,036,,31,11,136,,0*7A
1780395377.158,$GBGSV,2,1,08,06,40,036,41,07,68,116,41,08,22,178,33,09,38,001,38,1*7B
1780395377.158,$GBGSV,2,2,08,10,62,142,41,13,28,303,36,14,29,031,37,34,42,189,37,1*79
1780395377.159,$GBGSV,1,1,02,09,38,001,33,10,62,142,36,3*72
1780395377.159,$GBGSV,3,1,10,01,42,106,,02,63,244,,03,72,138,,04,22,095,,0*75
1780395377.160,$GBGSV,3,2,10,04,22,095,,21,15,052,,24,37,154,,25,03,202,,0*79
1780395377.160,$GBGSV,3,3,10,25,03,202,,26,37,092,,0*79
1780395377.161,$GNGLL,1339.03895,N,10029.57913,E,101617.00,A,D*7E
1780395378.120,$GNRMC,101618.00,A,1339.03923,N,10029.57915,E,1.050,4.91,020626,0.53,W,R,V*57
1780395378.123,$GNVTG,4.91,T,5.44,M,1.050,N,1.945,K,D*3C
1780395378.125,$GNGGA,101618.00,1339.03923,N,10029.57915,E,4,12,0.75,-1.1,M,-27.8,M,,0499*46
1780395378.127,$GNGSA,A,3,10,18,23,24,32,,,,,,,,1.39,0.75,1.17,1*01
1780395378.129,$GNGSA,A,3,66,75,65,88,76,81,87,,,,,,1.39,0.75,1.17,2*0A
1780395378.130,$GNGSA,A,3,05,12,04,06,09,10,11,36,,,,,1.39,0.75,1.17,3*04
1780395378.132,$GNGSA,A,3,06,07,08,09,10,13,14,34,,,,,1.39,0.75,1.17,4*0B
1780395378.134,$GPGSV,2,1,08,10,22,328,29,18,83,174,42,23,40,005,39,24,39,044,37,1*68
1780395378.136,$GPGSV,2,2,08,32,31,272,33,41,64,233,41,42,70,217,41,50,55,115,36,1*6D
1780395378.138,$GPGSV,2,1,05,10,22,328,21,18,83,174,41,23,40,005,36,24,39,044,35,6*64
1780395378.140,$GPGSV,2,2,05,32,31,272,29,6*59
1780395378.142,$GPGSV,3,1,09,05,04,104,,12,13,120,,13,18,119,,15,11,046,,0*6C
1780395378.144,$GPGSV,3,2,09,15,11,046,,25,18,157,,27,05,292,,28,16,207,,0*67
1780395378.145,$GPGSV,3,3,09,28,16,207,,0*54
1780395378.147,$GLGSV,2,1,07,65,23,012,32,66,28,317,34,75,21,074,30,76,27,134,28,1*7D
1780395378.148,$GLGSV,2,2,07,81,24,325,28,87,24,169,21,88,67,262,40,1*49
1780395378.150,$GLGSV,2,1,06,66,28,317,28,67,04,267,16,75,21,074,36,76,27,134,27,3*7B
1780395378.151,$GLGSV,2,2,06,81,24,325,24,88,67,262,42,3*70
1780395378.151,$GLGSV,1,1,01,77,07,177,,0*4E
1780395378.152,$GAGSV,2,1,08,04,36,020,34,05,23,247,29,06,54,352,38,09,58,303,37,2*7F
1780395378.153,$GAGSV,2,2,08,10,70,121,39,11,75,356,35,12,45,135,34,36,25,329,28,2*76
1780395378.155,$GAGSV,2,1,08,04,36,020,37,05,23,247,32,06,54,352,40,09,58,303,39,7*72
1780395378.156,$GAGSV,2,2,08,10,70,121,40,11,75,356,36,12,45,135,35,36,25,329,27,7*70
1780395378.157,$GAGSV,1,1,04,16,08,188,,23,00,092,,28,16,036,,31,11,136,,0*7A
1780395378.158,$GBGSV,2,1,08,06,40,036,39,07,68,116,41,08,22,178,34,09,38,001,36,1*7D
1780395378.159,$GBGSV,2,2,08,10,62,142,38,13,28,303,34,14,29,031,33,34,42,189,40,1*71
1780395378.159,$GBGSV,1,1,02,09,38,001,33,10,62,142,36,3*72
1780395378.160,$GBGSV,3,1,10,01,42,106,,02,63,244,,03,72,138,,04,22,095,,0*75
1780395378.161,$GBGSV,3,2,10,04,22,095,,21,15,052,,24,37,154,,25,03,202,,0*79
1780395378.161,$GBGSV,3,3,10,25,03,202,,26,37,092,,0*79
1780395378.162,$GNGLL,1339.03923,N,10029.57915,E,101618.00,A,D*7B
1780395379.120,$GNRMC,101619.00,A,1339.03954,N,10029.57917,E,1.064,4.56,020626,0.53,W,R,V*58
1780395379.120,$GNVTG,4.56,T,5.09,M,1.064,N,1.971,K,D*3E
1780395379.121,$GNGGA,101619.00,1339.03954,N,10029.57917,E,4,12,0.75,-1.1,M,-27.8,M,,0499*45
1780395379.122,$GNGSA,A,3,10,18,23,24,32,,,,,,,,1.39,0.75,1.17,1*01
1780395379.123,$GNGSA,A,3,66,75,65,88,76,81,,,,,,,1.39,0.75,1.17,2*05
1780395379.123,$GNGSA,A,3,05,12,04,06,09,10,11,36,,,,,1.39,0.75,1.17,3*04
1780395379.124,$GNGSA,A,3,06,07,08,09,10,13,14,34,,,,,1.39,0.75,1.17,4*0B
1780395379.125,$GPGSV,2,1,08,10,22,328,23,18,83,174,43,23,40,005,39,24,39,044,37,1*63
1780395379.125,$GPGSV,2,2,08,32,31,272,34,41,64,233,42,42,70,217,41,50,55,115,36,1*69
1780395379.126,$GPGSV,2,1,05,10,22,328,29,18,83,174,41,23,40,005,36,24,39,044,35,6*6C
1780395379.127,$GPGSV,2,2,05,32,31,272,28,6*58
1780395379.128,$GPGSV,3,1,09,05,04,104,,12,13,120,,13,18,119,,15,11,046,,0*6C
1780395379.128,$GPGSV,3,2,09,15,11,046,,25,18,157,,27,05,292,,28,16,207,,0*67
1780395379.129,$GPGSV,3,3,09,28,16,207,,0*54
1780395379.129,$GLGSV,2,1,07,65,23,012,31,66,28,317,22,75,21,074,30,76,27,134,34,1*74
1780395379.130,$GLGSV,2,2,07,81,24,325,29,87,24,169,17,88,67,262,41,1*4C
1780395379.131,$GLGSV,2,1,06,66,28,317,28,67,04,267,16,75,21,074,36,76,27,134,29,3*75
1780395379.131,$GLGSV,2,2,06,81,24,325,23,88,67,262,41,3*74
1780395379.132,$GLGSV,1,1,01,77,07,177,,0*4E
1780395379.133,$GAGSV,2,1,08,04,36,020,34,05,23,247,32,06,54,352,37,09,58,303,39,2*74
1780395379.133,$GAGSV,2,2,08,10,70,121,38,11,75,356,35,12,45,135,33,36,25,329,29,2*71
1780395379.134,$GAGSV,2,1,08,04,36,020,38,05,23,247,27,06,54,352,41,09,58,303,40,7*76
1780395379.135,$GAGSV,2,2,08,10,70,121,41,11,75,356,36,12,45,135,35,36,25,329,29,7*7F
1780395379.136,$GAGSV,1,1,04,16,08,188,,23,00,092,,28,16,036,,31,11,136,,0*7A
1780395379.136,$GBGSV,2,1,08,06,40,036,36,07,68,116,41,08,22,178,30,09,38,001,36,1*76
1780395379.137,$GBGSV,2,2,08,10,62,142,40,13,28,303,39,14,29,031,34,34,42,189,41,1*75
1780395379.138,$GBGSV,1,1,02,09,38,001,34,10,62,142,36,3*75
1780395379.138,$GBGSV,3,1,10,01,42,106,,02,63,244,,03,72,138,,04,22,095,,0*75
1780395379.139,$GBGSV,3,2,10,04,22,095,,21,15,052,,24,37,154,,25,03,202,,0*79
1780395379.139,$GBGSV,3,3,10,25,03,202,,26,37,092,,0*79
1780395379.140,$GNGLL,1339.03954,N,10029.57917,E,101619.00,A,D*78
1780395380.121,$GNRMC,101620.00,A,1339.03983,N,10029.57918,E,1.121,2.89,020626,0.53,W,R,V*53
1780395380.123,$GNVTG,2.89,T,3.42,M,1.121,N,2.077,K,D*3F
1780395380.125,$GNGGA,101620.00,1339.03983,N,10029.57918,E,4,12,0.75,-1.1,M,-27.8,M,,0499*4A
1780395380.127,$GNGSA,A,3,10,18,23,24,32,,,,,,,,1.39,0.75,1.17,1*01
1780395380.129,$GNGSA,A,3,66,75,65,88,76,81,,,,,,,1.39,0.75,1.17,2*05
1780395380.130,$GNGSA,A,3,05,12,04,06,09,10,11,36,,,,,1.39,0.75,1.17,3*04
1780395380.132,$GNGSA,A,3,06,07,08,09,10,13,14,34,,,,,1.39,0.75,1.17,4*0B
1780395380.134,$GPGSV,2,1,08,10,22,328,31,18,83,174,43,23,40,005,40,24,39,044,35,1*6C
1780395380.136,$GPGSV,2,2,08,32,31,272,35,41,64,233,42,42,70,217,41,50,55,115,37,1*69
1780395380.138,$GPGSV,2,1,05,10,22,328,29,18,83,174,41,23,40,005,36,24,39,044,34,6*6D
1780395380.140,$GPGSV,2,2,05,32,31,272,27,6*57
1780395380.142,$GPGSV,3,1,09,05,04,104,,12,13,120,,13,18,119,,15,11,046,,0*6C
1780395380.145,$GPGSV,3,2,09,15,11,046,,25,18,157,,27,05,292,,28,16,207,,0*67
1780395380.146,$GPGSV,3,3,09,28,16,207,,0*54
1780395380.147,$GLGSV,2,1,07,65,23,012,32,66,28,317,30,75,21,074,23,76,27,134,39,1*7B
1780395380.148,$GLGSV,2,2,07,81,24,325,30,87,24,169,17,88,67,262,41,1*44
1780395380.150,$GLGSV,2,1,06,66,28,317,27,67,04,267,16,75,21,074,36,76,27,134,33,3*71
1780395380.151,$GLGSV,2,2,06,81,24,325,25,88,67,262,39,3*7D
1780395380.152,$GLGSV,1,1,01,77,07,177,,0*4E
1780395380.153,$GAGSV,2,1,08,04,36,020,34,05,23,247,31,06,54,352,37,09,58,303,37,2*79
1780395380.154,$GAGSV,2,2,08,10,70,121,39,11,75,356,35,12,45,135,32,36,25,329,27,2*7F
1780395380.155,$GAGSV,2,1,08,04,36,020,37,05,23,247,35,06,54,352,39,09,58,303,41,7*74
1780395380.156,$GAGSV,2,2,08,10,70,121,40,11,75,356,37,12,45,135,35,36,25,329,33,7*74
1780395380.157,$GAGSV,1,1,04,16,08,188,,23,00,092,,28,16,036,,31,11,136,,0*7A
1780395380.158,$GBGSV,2,1,08,06,40,036,38,07,68,116,41,08,22,178,31,09,38,001,39,1*76
1780395380.159,$GBGSV,2,2,08,10,62,142,41,13,28,303,37,14,29,031,37,34,42,189,41,1*79
1780395380.159,$GBGSV,1,1,02,09,38,001,32,10,62,142,36,3*73
1780395380.160,$GBGSV,3,1,10,01,42,106,,02,63,244,,03,72,138,,04,22,095,,0*75
1780395380.161,$GBGSV,3,2,10,04,22,095,,21,15,052,,24,37,154,,25,03,202,,0*79
1780395380.161,$GBGSV,3,3,10,25,03,202,,26,37,092,,0*79
1780395380.162,$GNGLL,1339.03983,N,10029.57918,E,101620.00,A,D*77
1780395381.117,$GNRMC,101621.00,A,1339.04014,N,10029.57920,E,1.136,3.27,020626,0.53,W,R,V*5A
1780395381.118,$GNVTG,3.27,T,3.80,M,1.136,N,2.103,K,D*30
1780395381.119,$GNGGA,101621.00,1339.04014,N,10029.57920,E,4,12,0.75,-1.1,M,-27.8,M,,0499*40
1780395381.119,$GNGSA,A,3,10,18,23,24,32,,,,,,,,1.39,0.75,1.17,1*01
1780395381.120,$GNGSA,A,3,66,75,65,88,76,81,,,,,,,1.39,0.75,1.17,2*05
1780395381.121,$GNGSA,A,3,05,12,04,06,09,10,11,36,,,,,1.39,0.75,1.17,3*04
1780395381.122,$GNGSA,A,3,06,07,08,09,10,13,14,34,,,,,1.39,0.75,1.17,4*0B
1780395381.123,$GPGSV,2,1,08,10,22,328,30,18,83,174,43,23,40,005,39,24,39,044,38,1*6E
1780395381.124,$GPGSV,2,2,08,32,31,272,26,41,64,233,42,42,70,217,41,50,55,115,36,1*6A
1780395381.125,$GPGSV,2,1,05,10,22,328,28,18,83,174,40,23,40,005,35,24,39,044,30,6*6A
1780395381.126,$GPGSV,2,2,05,32,31,272,27,6*57
1780395381.127,$GPGSV,3,1,09,05,04,104,,12,13,120,,13,18,119,,15,11,046,,0*6C
1780395381.128,$GPGSV,3,2,09,15,11,046,,25,18,157,,27,05,292,,28,16,207,,0*67
1780395381.129,$GPGSV,3,3,09,28,16,207,,0*54
1780395381.130,$GLGSV,2,1,07,65,23,012,31,66,28,317,30,75,21,074,33,76,27,134,40,1*77
1780395381.131,$GLGSV,2,2,07,81,24,325,30,87,24,169,17,88,67,262,40,1*45
1780395381.132,$GLGSV,2,1,06,66,28,317,27,67,04,267,16,75,21,074,37,76,27,134,32,3*71
1780395381.133,$GLGSV,2,2,06,81,24,325,30,88,67,262,40,3*77
1780395381.134,$GLGSV,1,1,01,77,07,177,,0*4E
1780395381.134,$GAGSV,2,1,08,04,36,020,35,05,23,247,30,06,54,352,38,09,58,303,38,2*79
1780395381.136,$GAGSV,2,2,08,10,70,121,40,11,75,356,35,12,45,135,34,36,25,329,26,2*76
1780395381.137,$GAGSV,2,1,08,04,36,020,39,05,23,247,25,06,54,352,39,09,58,303,38,7*75
1780395381.138,$GAGSV,2,2,08,10,70,121,38,11,75,356,37,12,45,135,35,36,25,329,28,7*71
1780395381.139,$GAGSV,1,1,04,16,08,188,,23,00,092,,28,16,036,,31,11,136,,0*7A
1780395381.140,$GBGSV,2,1,08,06,40,036,41,07,68,116,41,08,22,178,32,09,38,001,37,1*75
1780395381.141,$GBGSV,2,2,08,10,62,142,41,13,28,303,37,14,29,031,39,34,42,189,41,1*77
1780395381.141,$GBGSV,1,1,02,09,38,001,33,10,62,142,37,3*73
1780395381.142,$GBGSV,3,1,10,01,42,106,,02,63,244,,03,72,138,,04,22,095,,0*75
1780395381.143,$GBGSV,3,2,10,04,22,095,,21,15,052,,24,37,154,,25,03,202,,0*79
1780395381.143,$GBGSV,3,3,10,25,03,202,,26,37,092,,0*79
1780395381.144,$GNGLL,1339.04014,N,10029.57920,E,101621.00,A,D*7D
1780395382.121,$GNRMC,101622.00,A,1339.04046,N,10029.57922,E,1.173,1.28,020626,0.53,W,R,V*50
1780395382.123,$GNVTG,1.28,T,1.81,M,1.173,N,2.172,K,D*39
1780395382.126,$GNGGA,101622.00,1339.04046,N,10029.57922,E,4,12,0.74,-1.1,M,-27.8,M,,0499*47
1780395382.128,$GNGSA,A,3,10,18,23,24,32,,,,,,,,1.38,0.74,1.17,1*01
1780395382.129,$GNGSA,A,3,66,75,65,88,76,81,,,,,,,1.38,0.74,1.17,2*05
1780395382.131,$GNGSA,A,3,05,12,04,06,09,10,11,36,,,,,1.38,0.74,1.17,3*04
1780395382.133,$GNGSA,A,3,06,07,08,09,10,13,14,34,,,,,1.38,0.74,1.17,4*0B
1780395382.134,$GPGSV,2,1,08,10,22,328,29,18,83,174,42,23,40,005,39,24,39,044,39,1*66
1780395382.137,$GPGSV,2,2,08,32,31,272,35,41,64,233,42,42,70,217,40,50,55,115,36,1*69
1780395382.139,$GPGSV,2,1,05,10,22,328,26,18,83,174,40,23,40,005,34,24,39,044,31,6*64
1780395382.141,$GPGSV,2,2,05,32,31,272,27,6*57
1780395382.143,$GPGSV,3,1,09,05,04,104,,12,13,120,,13,18,119,,15,11,046,,0*6C
1780395382.145,$GPGSV,3,2,09,15,11,046,,25,18,157,,27,05,292,,28,16,207,,0*67
1780395382.147,$GPGSV,3,3,09,28,16,207,,0*54
1780395382.149,$GLGSV,2,1,07,65,23,012,30,66,28,317,30,75,21,074,28,76,27,134,40,1*7C
1780395382.151,$GLGSV,2,2,07,81,24,325,34,87,24,169,18,88,67,262,41,1*4F
1780395382.152,$GLGSV,2,1,06,66,28,317,27,67,04,267,16,75,21,074,32,76,27,134,36,3*70
1780395382.153,$GLGSV,2,2,06,81,24,325,34,88,67,262,41,3*72
1780395382.154,$GLGSV,1,1,01,77,07,177,,0*4E
1780395382.155,$GAGSV,2,1,08,04,35,021,37,05,23,247,24,06,54,352,37,09,58,303,35,2*7E
1780395382.156,$GAGSV,2,2,08,10,70,121,39,11,75,356,35,12,45,135,36,36,25,329,28,2*74
1780395382.157,$GAGSV,2,1,08,04,35,021,37,05,23,247,24,06,54,352,39,09,58,303,38,7*78
1780395382.158,$GAGSV,2,2,08,10,70,121,39,11,75,356,37,12,45,135,35,36,25,329,33,7*7A
1780395382.158,$GAGSV,1,1,04,16,08,188,,23,00,092,,28,16,036,,31,11,136,,0*7A
1780395382.159,$GBGSV,2,1,08,06,40,036,40,07,68,116,42,08,22,178,33,09,38,001,36,1*77
1780395382.159,$GBGSV,2,2,08,10,62,142,41,13,28,303,34,14,29,031,40,34,42,189,40,1*7B
1780395382.160,$GBGSV,1,1,02,09,38,001,34,10,62,142,37,3*74
1780395382.160,$GBGSV,3,1,10,01,42,106,,02,63,244,,03,72,138,,04,22,095,,0*75
1780395382.161,$GBGSV,3,2,10,04,22,095,,21,15,052,,24,37,154,,25,03,202,,0*79
1780395382.161,$GBGSV,3,3,10,25,03,202,,26,37,092,,0*79
1780395382.162,$GNGLL,1339.04046,N,10029.57922,E,101622.00,A,D*7B
1780395383.120,$GNRMC,101623.00,A,1339.04076,N,10029.57922,E,1.058,358.58,020626,0.53,W,R,V*52
1780395383.123,$GNVTG,358.58,T,359.11,M,1.058,N,1.959,K,D*3C
1780395383.125,$GNGGA,101623.00,1339.04076,N,10029.57922,E,4,12,0.71,-1.1,M,-27.8,M,,0499*40
1780395383.127,$GNGSA,A,3,10,18,23,24,32,,,,,,,,1.37,0.71,1.17,1*0B
1780395383.128,$GNGSA,A,3,66,75,65,88,76,81,,,,,,,1.37,0.71,1.17,2*0F
1780395383.130,$GNGSA,A,3,05,12,04,06,09,10,11,36,,,,,1.37,0.71,1.17,3*0E
1780395383.131,$GNGSA,A,3,06,07,08,09,10,13,14,34,,,,,1.37,0.71,1.17,4*01
1780395383.133,$GPGSV,2,1,08,10,22,328,33,18,83,174,42,23,40,005,40,24,39,044,37,1*6D
1780395383.136,$GPGSV,2,2,08,32,31,272,36,41,64,233,42,42,70,217,39,50,55,115,37,1*65
1780395383.140,$GPGSV,2,1,05,10,22,328,24,18,83,174,40,23,40,005,34,24,39,044,31,6*66
1780395383.142,$GPGSV,2,2,05,32,31,272,32,6*53
1780395383.144,$GPGSV,3,1,09,05,04,104,,12,13,120,,13,18,119,,15,11,046,,0*6C
1780395383.146,$GPGSV,3,2,09,15,11,046,,25,18,157,,27,05,292,,28,16,207,,0*67
1780395383.148,$GPGSV,3,3,09,28,16,207,,0*54
1780395383.150,$GLGSV,2,1,07,65,23,012,23,66,28,317,33,75,21,074,29,76,27,134,39,1*72
1780395383.151,$GLGSV,2,2,07,81,24,325,34,87,24,169,18,88,67,262,43,1*4D
1780395383.152,$GLGSV,2,1,06,66,28,317,32,67,04,267,16,75,21,074,27,76,27,134,40,3*71
1780395383.154,$GLGSV,2,2,06,81,24,325,30,88,67,262,41,3*76
1780395383.155,$GLGSV,1,1,01,77,07,177,,0*4E
1780395383.157,$GAGSV,2,1,08,04,35,021,37,05,23,248,23,06,54,352,38,09,58,303,36,2*7A
1780395383.158,$GAGSV,2,2,08,10,70,121,39,11,75,356,35,12,45,135,34,36,25,329,27,2*79
1780395383.159,$GAGSV,2,1,08,04,35,021,39,05,23,248,25,06,54,352,39,09,58,303,37,7*77
1780395383.160,$GAGSV,2,2,08,10,70,121,40,11,75,356,37,12,45,135,36,36,25,329,26,7*73
1780395383.161,$GAGSV,1,1,04,16,08,188,,23,00,092,,28,16,036,,31,11,136,,0*7A
1780395383.162,$GBGSV,2,1,08,06,40,036,40,07,68,116,41,08,22,178,32,09,38,001,36,1*75
1780395383.163,$GBGSV,2,2,08,10,62,142,40,13,28,303,31,14,29,031,33,34,42,189,41,1*7A
1780395383.163,$GBGSV,1,1,02,09,38,001,34,10,62,142,37,3*74
1780395383.164,$GBGSV,3,1,10,01,42,106,,02,63,244,,03,72,138,,04,22,095,,0*75
1780395383.165,$GBGSV,3,2,10,04,22,095,,21,15,052,,24,37,154,,25,03,202,,0*79
1780395383.165,$GBGSV,3,3,10,25,03,202,,26,37,092,,0*79
1780395383.166,$GNGLL,1339.04076,N,10029.57922,E,101623.00,A,D*79
1780395384.120,$GNRMC,101624.00,A,1339.04106,N,10029.57924,E,1.077,359.59,020626,0.53,W,R,V*58
1780395384.123,$GNVTG,359.59,T,0.12,M,1.077,N,1.994,K,D*3C
1780395384.124,$GNGGA,101624.00,1339.04106,N,10029.57924,E,4,12,0.71,-1.1,M,-27.8,M,,0499*47
1780395384.124,$GNGSA,A,3,10,18,23,24,32,,,,,,,,1.37,0.71,1.17,1*0B
1780395384.125,$GNGSA,A,3,66,75,65,88,76,81,,,,,,,1.37,0.71,1.17,2*0F
1780395384.125,$GNGSA,A,3,05,12,04,06,09,10,11,36,,,,,1.37,0.71,1.17,3*0E
1780395384.126,$GNGSA,A,3,06,07,08,09,10,13,14,34,,,,,1.37,0.71,1.17,4*01
1780395384.127,$GPGSV,2,1,08,10,22,328,30,18,83,174,42,23,40,005,39,24,39,044,37,1*60
1780395384.127,$GPGSV,2,2,08,32,31,272,37,41,64,233,43,42,70,217,41,50,55,115,37,1*6A
1780395384.128,$GPGSV,2,1,05,10,22,328,24,18,83,174,41,23,40,005,34,24,39,044,31,6*67
1780395384.128,$GPGSV,2,2,05,32,31,272,32,6*53
1780395384.129,$GPGSV,3,1,09,05,04,104,,12,13,120,,13,18,119,,15,11,046,,0*6C
1780395384.130,$GPGSV,3,2,09,15,11,046,,25,18,157,,27,05,292,,28,16,207,,0*67
1780395384.130,$GPGSV,3,3,09,28,16,207,,0*54
1780395384.131,$GLGSV,2,1,07,65,23,012,23,66,28,317,30,75,21,074,34,76,27,134,39,1*7D
1780395384.131,$GLGSV,2,2,07,81,24,325,34,87,24,169,19,88,67,262,40,1*4F
1780395384.132,$GLGSV,2,1,06,66,28,317,27,67,04,267,17,75,21,074,32,76,27,134,39,3*7E
1780395384.133,$GLGSV,2,2,06,81,24,325,31,88,67,262,42,3*74
1780395384.133,$GLGSV,1,1,01,77,07,177,,0*4E
1780395384.134,$GAGSV,2,1,08,04,35,021,36,05,23,248,23,06,54,353,37,09,58,303,35,2*76
1780395384.134,$GAGSV,2,2,08,10,70,121,40,11,75,356,35,12,45,135,34,36,25,329,12,2*71
1780395384.135,$GAGSV,2,1,08,04,35,021,38,05,23,248,26,06,54,353,41,09,58,303,39,7*75
1780395384.136,$GAGSV,2,2,08,10,70,121,39,11,75,356,37,12,45,135,36,36,25,329,26,7*7D
1780395384.136,$GAGSV,1,1,04,16,08,188,,23,00,092,,28,16,036,,31,11,136,,0*7A
1780395384.137,$GBGSV,2,1,08,06,40,036,40,07,68,116,41,08,22,178,32,09,38,001,37,1*74
1780395384.138,$GBGSV,2,2,08,10,62,142,41,13,28,303,32,14,29,031,38,34,42,189,40,1*72
1780395384.138,$GBGSV,1,1,02,09,38,001,34,10,62,142,37,3*74
1780395384.139,$GBGSV,3,1,10,01,42,106,,02,63,244,,03,72,138,,04,22,095,,0*75
1780395384.140,$GBGSV,3,2,10,04,22,095,,21,15,052,,24,37,154,,25,03,202,,0*79
1780395384.140,$GBGSV,3,3,10,25,03,202,,26,37,092,,0*79
1780395384.141,$GNGLL,1339.04106,N,10029.57924,E,101624.00,A,D*7E
1780395385.121,$GNRMC,101625.00,A,1339.04136,N,10029.57924,E,1.106,358.19,020626,0.53,W,R,V*58
1780395385.123,$GNVTG,358.19,T,358.72,M,1.106,N,2.048,K,D*3D
1780395385.125,$GNGGA,101625.00,1339.04136,N,10029.57924,E,4,12,0.71,-1.1,M,-27.8,M,,0499*45
1780395385.125,$GNGSA,A,3,10,18,23,24,32,,,,,,,,1.37,0.71,1.17,1*0B
1780395385.126,$GNGSA,A,3,66,75,65,88,76,81,87,,,,,,1.37,0.71,1.17,2*00
1780395385.126,$GNGSA,A,3,05,12,04,06,09,10,11,36,,,,,1.37,0.71,1.17,3*0E
1780395385.127,$GNGSA,A,3,06,07,08,09,10,13,14,34,,,,,1.37,0.71,1.17,4*01
1780395385.127,$GPGSV,2,1,08,10,22,328,31,18,83,174,42,23,40,005,40,24,39,044,36,1*6E
1780395385.128,$GPGSV,2,2,08,32,31,272,35,41,64,233,44,42,70,217,41,50,55,115,37,1*6F
1780395385.129,$GPGSV,2,1,05,10,22,328,29,18,83,174,41,23,40,005,34,24,39,044,30,6*6B
1780395385.129,$GPGSV,2,2,05,32,31,272,31,6*50
1780395385.130,$GPGSV,3,1,09,05,04,104,,12,13,120,,13,18,119,,15,11,046,,0*6C
1780395385.131,$GPGSV,3,2,09,15,11,046,,25,18,157,,27,05,292,,28,16,207,,0*67
1780395385.131,$GPGSV,3,3,09,28,16,207,,0*54
1780395385.132,$GLGSV,2,1,07,65,23,012,24,66,28,317,30,75,21,074,33,76,27,134,38,1*7C
1780395385.132,$GLGSV,2,2,07,81,24,325,34,87,24,169,20,88,67,262,40,1*45
1780395385.133,$GLGSV,2,1,06,66,28,317,31,67,04,267,17,75,21,074,32,76,27,134,36,3*76
1780395385.133,$GLGSV,2,2,06,81,24,325,29,88,67,262,40,3*7F
1780395385.134,$GLGSV,1,1,01,77,07,177,,0*4E
1780395385.135,$GAGSV,2,1,08,04,35,021,36,05,23,248,22,06,54,353,38,09,58,303,38,2*75
1780395385.135,$GAGSV,2,2,08,10,70,121,39,11,75,356,34,12,45,135,34,36,25,329,15,2*79
1780395385.136,$GAGSV,2,1,08,04,35,021,38,05,23,248,25,06,54,353,38,09,58,303,37,7*76
1780395385.137,$GAGSV,2,2,08,10,70,121,39,11,75,356,37,12,45,135,35,36,25,329,27,7*7F
1780395385.137,$GAGSV,1,1,04,16,08,188,,23,00,092,,28,16,036,,31,11,136,,0*7A
1780395385.138,$GBGSV,2,1,08,06,40,036,40,07,68,116,39,08,22,178,32,09,38,001,37,1*7B
1780395385.139,$GBGSV,2,2,08,10,62,142,40,13,28,303,32,14,29,031,35,34,42,189,40,1*7E
1780395385.139,$GBGSV,1,1,02,09,38,001,34,10,62,142,37,3*74
1780395385.140,$GBGSV,3,1,10,01,42,106,,02,63,244,,03,72,138,,04,22,095,,0*75
1780395385.140,$GBGSV,3,2,10,04,22,095,,21,15,052,,24,37,154,,25,03,202,,0*79
1780395385.141,$GBGSV,3,3,10,25,03,202,,26,37,092,,0*79
1780395385.141,$GNGLL,1339.04136,N,10029.57924,E,101625.00,A,D*7C
1780395386.122,$GNRMC,101626.00,A,1339.04169,N,10029.57923,E,1.097,358.96,020626,0.53,W,R,V*58
1780395386.125,$GNVTG,358.96,T,359.49,M,1.097,N,2.032,K,D*37
1780395386.127,$GNGGA,101626.00,1339.04169,N,10029.57923,E,4,12,0.71,-1.1,M,-27.8,M,,0499*4B
1780395386.129,$GNGSA,A,3,10,18,23,24,32,,,,,,,,1.37,0.71,1.17,1*0B
1780395386.130,$GNGSA,A,3,66,75,65,88,76,81,87,,,,,,1.37,0.71,1.17,2*00
1780395386.130,$GNGSA,A,3,05,12,04,06,09,10,11,36,,,,,1.37,0.71,1.17,3*0E
1780395386.131,$GNGSA,A,3,06,07,08,09,10,13,14,34,,,,,1.37,0.71,1.17,4*01
1780395386.131,$GPGSV,2,1,08,10,22,328,36,18,83,174,42,23,40,005,38,24,39,044,36,1*66
1780395386.132,$GPGSV,2,2,08,32,31,272,35,41,64,233,43,42,70,217,40,50,55,115,36,1*68
1780395386.133,$GPGSV,2,1,05,10,22,328,29,18,83,174,41,23,40,005,34,24,39,044,34,6*6F
1780395386.133,$GPGSV,2,2,05,32,31,272,31,6*50
1780395386.134,$GPGSV,3,1,09,05,04,104,,12,13,120,,13,18,119,,15,11,046,,0*6C
1780395386.134,$GPGSV,3,2,09,15,11,046,,25,18,157,,27,05,292,,28,16,207,,0*67
1780395386.135,$GPGSV,3,3,09,28,16,207,,0*54
1780395386.135,$GLGSV,2,1,07,65,23,012,26,66,28,317,37,75,21,074,28,76,27,134,38,1*73
1780395386.136,$GLGSV,2,2,07,81,24,325,30,87,24,169,22,88,67,262,42,1*41
1780395386.137,$GLGSV,2,1,06,66,28,317,32,67,04,267,17,75,21,074,28,76,27,134,37,3*7F
1780395386.137,$GLGSV,2,2,06,81,24,325,26,88,67,262,41,3*71
1780395386.138,$GLGSV,1,1,01,77,07,177,,0*4E
1780395386.138,$GAGSV,2,1,08,04,35,021,35,05,23,248,22,06,54,353,38,09,58,303,30,2*7E
1780395386.139,$GAGSV,2,2,08,10,70,121,37,11,75,356,33,12,45,135,33,36,25,329,19,2*7B
1780395386.140,$GAGSV,2,1,08,04,35,021,36,05,23,248,25,06,54,353,40,09,58,303,34,7*74
1780395386.140,$GAGSV,2,2,08,10,70,121,40,11,75,356,37,12,45,135,35,36,25,329,28,7*7E
1780395386.141,$GAGSV,1,1,04,16,08,188,,23,00,092,,28,16,036,,31,11,136,,0*7A
1780395386.142,$GBGSV,2,1,08,06,40,036,40,07,68,116,41,08,22,178,31,09,38,001,36,1*76
1780395386.143,$GBGSV,2,2,08,10,62,142,40,13,28,303,26,14,29,031,35,34,42,189,40,1*7B
1780395386.143,$GBGSV,1,1,02,09,38,001,33,10,62,142,36,3*72
1780395386.144,$GBGSV,3,1,10,01,42,106,,02,63,244,,03,72,138,,04,22,095,,0*75
1780395386.144,$GBGSV,3,2,10,04,22,095,,21,15,052,,24,37,154,,25,03,202,,0*79
1780395386.145,$GBGSV,3,3,10,25,03,202,,26,37,092,,0*79
1780395386.145,$GNGLL,1339.04169,N,10029.57923,E,101626.00,A,D*72
1780395387.125,$GNRMC,101627.00,A,1339.04198,N,10029.57922,E,1.086,358.36,020626,0.53,W,R,V*5C
1780395387.127,$GNVTG,358.36,T,358.89,M,1.086,N,2.011,K,D*31
1780395387.128,$GNGGA,101627.00,1339.04198,N,10029.57922,E,4,12,0.71,-1.1,M,-27.8,M,,0499*45
1780395387.129,$GNGSA,A,3,10,18,23,24,32,,,,,,,,1.37,0.71,1.17,1*0B
1780395387.129,$GNGSA,A,3,66,75,65,88,76,81,87,,,,,,1.37,0.71,1.17,2*00
1780395387.130,$GNGSA,A,3,05,12,04,06,09,10,11,36,,,,,1.37,0.71,1.17,3*0E
1780395387.130,$GNGSA,A,3,06,07,08,09,10,13,14,34,,,,,1.37,0.71,1.17,4*01
1780395387.131,$GPGSV,2,1,08,10,22,328,34,18,83,174,42,23,40,005,40,24,39,044,34,1*69
1780395387.132,$GPGSV,2,2,08,32,31,272,33,41,64,233,42,42,70,217,41,50,55,115,39,1*61
1780395387.132,$GPGSV,2,1,05,10,22,328,28,18,83,174,42,23,40,005,34,24,39,044,34,6*6D
1780395387.133,$GPGSV,2,2,05,32,31,272,32,6*53
1780395387.133,$GPGSV,3,1,09,05,04,104,,12,13,120,,13,18,119,,15,11,046,,0*6C
1780395387.134,$GPGSV,3,2,09,15,11,046,,25,18,157,,27,05,292,,28,16,207,,0*67
1780395387.134,$GPGSV,3,3,09,28,16,207,,0*54
1780395387.135,$GLGSV,2,1,07,65,23,012,27,66,28,317,34,75,21,074,21,76,27,134,37,1*77
1780395387.136,$GLGSV,2,2,07,81,24,325,34,87,24,169,24,88,67,262,42,1*43
1780395387.136,$GLGSV,2,1,06,66,28,317,35,67,04,267,17,75,21,074,27,76,27,134,36,3*76
1780395387.137,$GLGSV,2,2,06,81,24,325,28,88,67,262,41,3*7F
1780395387.137,$GLGSV,1,1,01,77,07,177,,0*4E
1780395387.138,$GAGSV,2,1,08,04,35,021,35,05,23,248,25,06,54,353,38,09,58,305,30,2*7F
1780395387.139,$GAGSV,2,2,08,10,70,121,40,11,75,356,34,12,45,135,34,36,25,329,23,2*72
1780395387.139,$GAGSV,2,1,08,04,35,021,36,05,23,248,29,06,54,353,38,09,58,305,36,7*73
1780395387.140,$GAGSV,2,2,08,10,70,121,38,11,75,356,37,12,45,135,36,36,25,329,28,7*72
1780395387.141,$GAGSV,1,1,04,16,08,188,,23,00,092,,28,16,036,,31,11,136,,0*7A
1780395387.141,$GBGSV,2,1,08,06,40,036,40,07,68,116,42,08,22,178,32,09,38,001,36,1*76
1780395387.142,$GBGSV,2,2,08,10,62,142,40,13,28,303,26,14,29,031,36,34,42,189,40,1*78
1780395387.143,$GBGSV,1,1,02,09,38,001,33,10,62,142,36,3*72
1780395387.143,$GBGSV,3,1,10,01,42,106,,02,63,244,,03,72,138,,04,22,095,,0*75
1780395387.144,$GBGSV,3,2,10,04,22,095,,21,15,052,,24,37,154,,25,03,202,,0*79
1780395387.144,$GBGSV,3,3,10,25,03,202,,26,37,092,,0*79
1780395387.145,$GNGLL,1339.04198,N,10029.57922,E,101627.00,A,D*7C
1780395388.121,$GNRMC,101628.00,A,1339.04231,N,10029.57921,E,1.170,358.12,020626,0.53,W,R,V*5E
1780395388.123,$GNVTG,358.12,T,358.65,M,1.170,N,2.168,K,D*32
1780395388.125,$GNGGA,101628.00,1339.04231,N,10029.57921,E,4,12,0.71,-1.1,M,-27.8,M,,0499*49
1780395388.127,$GNGSA,A,3,10,18,23,24,32,,,,,,,,1.37,0.71,1.17,1*0B
1780395388.128,$GNGSA,A,3,66,75,65,88,76,81,87,,,,,,1.37,0.71,1.17,2*00
1780395388.130,$GNGSA,A,3,05,12,04,06,09,10,11,36,,,,,1.37,0.71,1.17,3*0E
1780395388.131,$GNGSA,A,3,06,07,08,09,10,13,14,34,,,,,1.37,0.71,1.17,4*01
1780395388.133,$GPGSV,2,1,08,10,22,328,33,18,83,174,42,23,40,005,40,24,39,044,34,1*6E
1780395388.135,$GPGSV,2,2,08,32,31,272,37,41,64,233,42,42,70,217,41,50,55,115,37,1*6B
1780395388.137,$GPGSV,2,1,05,10,22,328,26,18,83,174,42,23,40,005,35,24,39,044,31,6*67
1780395388.139,$GPGSV,2,2,05,32,31,272,32,6*53
1780395388.141,$GPGSV,3,1,09,05,04,104,,12,13,120,,13,18,119,,15,11,046,,0*6C
1780395388.142,$GPGSV,3,2,09,15,11,046,,25,18,157,,27,05,292,,28,16,207,,0*67
1780395388.144,$GPGSV,3,3,09,28,16,207,,0*54
1780395388.146,$GLGSV,2,1,07,65,23,012,31,66,28,317,34,75,21,074,33,76,27,134,37,1*73
1780395388.148,$GLGSV,2,2,07,81,24,325,34,87,24,169,26,88,67,262,42,1*41
1780395388.150,$GLGSV,2,1,06,66,28,317,35,67,04,267,17,75,21,074,32,76,27,134,37,3*73
1780395388.151,$GLGSV,2,2,06,81,24,325,29,88,67,262,39,3*71
1780395388.152,$GLGSV,1,1,01,77,07,177,,0*4E
1780395388.153,$GAGSV,2,1,08,04,35,021,35,05,23,248,26,06,54,353,38,09,58,305,35,2*79
1780395388.154,$GAGSV,2,2,08,10,70,123,40,11,75,356,34,12,45,135,33,36,25,329,25,2*71
1780395388.154,$GAGSV,2,1,08,04,35,021,34,05,23,248,27,06,54,353,39,09,58,305,36,7*7E
1780395388.155,$GAGSV,2,2,08,10,70,123,39,11,75,356,36,12,45,135,35,36,25,329,33,7*79
1780395388.156,$GAGSV,1,1,04,16,08,188,,23,00,092,,28,16,036,,31,11,136,,0*7A
1780395388.156,$GBGSV,2,1,08,06,40,036,39,07,68,116,42,08,22,178,33,09,38,001,36,1*79
1780395388.157,$GBGSV,2,2,08,10,62,142,41,13,28,303,24,14,29,031,37,34,42,189,40,1*7A
1780395388.157,$GBGSV,1,1,02,09,38,001,34,10,62,142,36,3*75
1780395388.158,$GBGSV,3,1,10,01,42,106,,02,63,244,,03,72,138,,04,22,095,,0*75
1780395388.158,$GBGSV,3,2,10,04,22,095,,21,15,052,,24,37,154,,25,03,202,,0*79
1780395388.159,$GBGSV,3,3,10,25,03,202,,26,37,092,,0*79
1780395388.159,$GNGLL,1339.04231,N,10029.57921,E,101628.00,A,D*70
1780395389.114,$GNRMC,101629.00,A,1339.04263,N,10029.57919,E,1.216,358.25,020626,0.53,W,R,V*54
1780395389.117,$GNVTG,358.25,T,358.78,M,1.216,N,2.253,K,D*32
1780395389.119,$GNGGA,101629.00,1339.04263,N,10029.57919,E,4,12,0.71,-1.1,M,-27.8,M,,0499*44
1780395389.121,$GNGSA,A,3,10,18,23,24,32,,,,,,,,1.37,0.71,1.17,1*0B
1780395389.122,$GNGSA,A,3,66,75,65,88,76,81,87,,,,,,1.37,0.71,1.17,2*00
1780395389.124,$GNGSA,A,3,05,12,04,06,09,10,11,36,,,,,1.37,0.71,1.17,3*0E
1780395389.125,$GNGSA,A,3,06,07,08,09,10,13,14,34,,,,,1.37,0.71,1.17,4*01
1780395389.127,$GPGSV,2,1,08,10,22,328,28,18,83,174,42,23,40,005,42,24,39,044,34,1*66
1780395389.130,$GPGSV,2,2,08,32,31,272,36,41,64,233,44,42,70,217,41,50,55,115,37,1*6C
1780395389.134,$GPGSV,2,1,05,10,22,328,24,18,83,174,41,23,40,005,34,24,39,044,33,6*65
1780395389.136,$GPGSV,2,2,05,32,31,272,32,6*53
1780395389.138,$GPGSV,3,1,09,05,04,104,,12,13,120,,13,18,119,,15,11,046,,0*6C
1780395389.140,$GPGSV,3,2,09,15,11,046,,25,18,157,,27,05,292,,28,16,207,,0*67
1780395389.140,$GPGSV,3,3,09,28,16,207,,0*54
1780395389.142,$GLGSV,2,1,07,65,23,012,31,66,28,317,35,75,21,074,27,76,27,134,39,1*79
1780395389.143,$GLGSV,2,2,07,81,24,325,30,87,24,169,26,88,67,262,41,1*46
1780395389.144,$GLGSV,2,1,06,66,28,317,32,67,04,267,17,75,21,074,35,76,27,134,37,3*73
1780395389.145,$GLGSV,2,2,06,81,24,325,33,88,67,262,38,3*7B
1780395389.146,$GLGSV,1,1,01,77,07,177,,0*4E
1780395389.147,$GAGSV,2,1,08,04,35,021,36,05,23,248,25,06,54,353,37,09,58,305,32,2*71
1780395389.148,$GAGSV,2,2,08,10,70,123,40,11,76,356,34,12,45,135,32,36,25,329,26,2*70
1780395389.149,$GAGSV,2,1,08,04,35,021,37,05,23,248,26,06,54,353,39,09,58,305,32,7*78
1780395389.150,$GAGSV,2,2,08,10,70,123,40,11,76,356,37,12,45,135,35,36,25,329,28,7*7F
1780395389.151,$GAGSV,1,1,04,16,08,188,,23,00,092,,28,16,036,,31,11,136,,0*7A
1780395389.152,$GBGSV,2,1,08,06,40,036,38,07,68,116,42,08,22,178,33,09,38,001,33,1*7D
1780395389.153,$GBGSV,2,2,08,10,62,142,41,13,28,303,34,14,29,031,30,34,42,189,39,1*72
1780395389.153,$GBGSV,1,1,02,09,38,001,33,10,62,142,36,3*72
1780395389.154,$GBGSV,3,1,10,01,42,106,,02,63,244,,03,72,138,,04,22,095,,0*75
1780395389.155,$GBGSV,3,2,10,04,22,095,,21,15,052,,24,37,154,,25,03,202,,0*79
1780395389.155,$GBGSV,3,3,10,25,03,202,,26,37,092,,0*79
1780395389.156,$GNGLL,1339.04263,N,10029.57919,E,101629.00,A,D*7D
1780395390.124,$GNRMC,101630.00,A,1339.04296,N,10029.57917,E,1.152,354.00,020626,0.53,W,R,V*50
1780395390.127,$GNVTG,354.00,T,354.53,M,1.152,N,2.134,K,D*3D
1780395390.128,$GNGGA,101630.00,1339.04296,N,10029.57917,E,4,12,0.71,-1.1,M,-27.8,M,,0499*48
1780395390.128,$GNGSA,A,3,10,18,23,24,32,,,,,,,,1.37,0.71,1.17,1*0B
1780395390.129,$GNGSA,A,3,66,75,65,88,76,81,87,,,,,,1.37,0.71,1.17,2*00
1780395390.129,$GNGSA,A,3,05,12,04,06,09,10,11,36,,,,,1.37,0.71,1.17,3*0E
1780395390.130,$GNGSA,A,3,06,07,08,09,10,13,14,34,,,,,1.37,0.71,1.17,4*01
1780395390.130,$GPGSV,2,1,08,10,22,328,32,18,83,174,42,23,40,005,38,24,39,044,33,1*67
1780395390.131,$GPGSV,2,2,08,32,31,272,38,41,64,233,43,42,70,217,40,50,55,115,37,1*64
1780395390.132,$GPGSV,2,1,05,10,22,328,25,18,83,174,41,23,40,005,35,24,39,044,33,6*65
1780395390.132,$GPGSV,2,2,05,32,31,272,31,6*50
1780395390.133,$GPGSV,3,1,09,05,04,104,,12,13,120,,13,18,119,,15,11,046,,0*6C
1780395390.134,$GPGSV,3,2,09,15,11,046,,25,18,157,,27,05,292,,28,16,207,,0*67
1780395390.134,$GPGSV,3,3,09,28,16,207,,0*54
1780395390.135,$GLGSV,2,1,07,65,23,012,30,66,28,317,29,75,21,074,26,76,27,134,35,1*78
1780395390.135,$GLGSV,2,2,07,81,24,325,33,87,24,169,26,88,67,262,39,1*4A
1780395390.136,$GLGSV,2,1,06,66,28,317,35,67,04,267,17,75,21,074,25,76,27,134,36,3*74
1780395390.137,$GLGSV,2,2,06,81,24,325,36,88,67,262,40,3*71
1780395390.137,$GLGSV,1,1,01,77,07,177,,0*4E
1780395390.138,$GAGSV,2,1,08,04,35,021,35,05,23,248,23,06,54,353,37,09,58,305,33,2*75
1780395390.139,$GAGSV,2,2,08,10,70,123,39,11,76,356,34,12,45,136,32,36,25,329,32,2*78
1780395390.139,$GAGSV,2,1,08,04,35,021,35,05,23,248,27,06,54,353,40,09,58,305,32,7*75
1780395390.140,$GAGSV,2,2,08,10,70,123,39,11,76,356,38,12,45,136,35,36,25,329,28,7*7D
1780395390.141,$GAGSV,1,1,04,16,08,188,,23,00,092,,28,16,036,,31,11,136,,0*7A
1780395390.142,$GBGSV,2,1,08,06,40,036,34,07,68,116,42,08,22,178,36,09,38,001,34,1*73
1780395390.143,$GBGSV,2,2,08,10,62,142,41,13,28,303,34,14,29,031,30,34,42,189,39,1*72
1780395390.143,$GBGSV,1,1,02,09,38,001,32,10,62,142,36,3*73
1780395390.144,$GBGSV,3,1,10,01,42,106,,02,63,244,,03,72,138,,04,22,095,,0*75
1780395390.145,$GBGSV,3,2,10,04,22,095,,21,15,052,,24,37,154,,25,03,202,,0*79
1780395390.145,$GBGSV,3,3,10,25,03,202,,26,37,092,,0*79
1780395390.146,$GNGLL,1339.04296,N,10029.57917,E,101630.00,A,D*71
1780395391.119,$GNRMC,101631.00,A,1339.04328,N,10029.57916,E,1.159,0.03,020626,0.53,W,R,V*5E
1780395391.120,$GNVTG,0.03,T,0.56,M,1.159,N,2.146,K,D*35
1780395391.121,$GNGGA,101631.00,1339.04328,N,10029.57916,E,4,12,0.71,-1.1,M,-27.8,M,,0499*4C
1780395391.122,$GNGSA,A,3,10,18,23,24,32,,,,,,,,1.37,0.71,1.17,1*0B
1780395391.122,$GNGSA,A,3,66,75,65,88,76,81,87,,,,,,1.37,0.71,1.17,2*00
1780395391.123,$GNGSA,A,3,05,12,04,06,09,10,11,36,,,,,1.37,0.71,1.17,3*0E
1780395391.124,$GNGSA,A,3,06,07,08,09,10,13,14,34,,,,,1.37,0.71,1.17,4*01
1780395391.125,$GPGSV,2,1,08,10,22,328,24,18,83,174,40,23,40,005,38,24,39,044,38,1*69
1780395391.126,$GPGSV,2,2,08,32,31,272,35,41,64,233,43,42,70,217,40,50,55,115,37,1*69
1780395391.127,$GPGSV,2,1,05,10,22,328,25,18,83,174,40,23,40,005,34,24,39,044,30,6*66
1780395391.128,$GPGSV,2,2,05,32,31,272,31,6*50
1780395391.129,$GPGSV,3,1,09,05,04,104,,12,13,120,,13,18,119,,15,11,046,,0*6C
1780395391.130,$GPGSV,3,2,09,15,11,046,,25,18,157,,27,05,292,,28,16,207,,0*67
1780395391.130,$GPGSV,3,3,09,28,16,207,,0*54
1780395391.131,$GLGSV,2,1,07,65,23,012,30,66,28,317,32,75,21,074,32,76,27,134,36,1*74
1780395391.132,$GLGSV,2,2,07,81,24,325,33,87,24,169,25,88,67,262,37,1*47
1780395391.133,$GLGSV,2,1,06,66,28,317,32,67,04,267,16,75,21,074,37,76,27,134,36,3*71
1780395391.134,$GLGSV,2,2,06,81,24,325,36,88,67,262,39,3*7F
1780395391.135,$GLGSV,1,1,01,77,07,177,,0*4E
1780395391.136,$GAGSV,2,1,08,04,35,021,34,05,23,248,24,06,54,353,34,09,58,305,35,2*76
1780395391.137,$GAGSV,2,2,08,10,70,123,39,11,76,356,35,12,45,136,32,36,25,329,25,2*7F
1780395391.138,$GAGSV,2,1,08,04,35,021,32,05,23,248,26,06,54,353,39,09,58,305,37,7*78
1780395391.139,$GAGSV,2,2,08,10,70,123,39,11,76,356,36,12,45,136,34,36,25,329,31,7*7A
1780395391.140,$GAGSV,1,1,04,16,08,188,,23,00,092,,28,16,036,,31,11,136,,0*7A
1780395391.141,$GBGSV,2,1,08,06,40,036,37,07,68,116,42,08,22,178,35,09,38,001,35,1*72
1780395391.142,$GBGSV,2,2,08,10,62,142,41,13,28,303,34,14,29,031,34,34,42,189,41,1*79
1780395391.143,$GBGSV,1,1,02,09,38,001,32,10,62,142,36,3*73
1780395391.144,$GBGSV,3,1,10,01,42,106,,02,63,244,,03,72,138,,04,22,095,,0*75
1780395391.144,$GBGSV,3,2,10,04,22,095,,21,15,052,,24,37,154,,25,03,202,,0*79
1780395391.145,$GBGSV,3,3,10,25,03,202,,26,37,092,,0*79
1780395391.146,$GNGLL,1339.04328,N,10029.57916,E,101631.00,A,D*75
1780395392.121,$GNRMC,101632.00,A,1339.04360,N,10029.57914,E,1.169,357.76,020626,0.53,W,R,V*53
1780395392.123,$GNVTG,357.76,T,358.29,M,1.169,N,2.166,K,D*31
1780395392.124,$GNGGA,101632.00,1339.04360,N,10029.57914,E,4,12,0.71,-1.1,M,-27.8,M,,0499*41
1780395392.125,$GNGSA,A,3,10,18,23,24,32,,,,,,,,1.37,0.71,1.17,1*0B
1780395392.125,$GNGSA,A,3,66,75,65,88,76,81,87,,,,,,1.37,0.71,1.17,2*00
1780395392.126,$GNGSA,A,3,05,12,04,06,09,10,11,36,,,,,1.37,0.71,1.17,3*0E
1780395392.126,$GNGSA,A,3,06,07,08,09,10,13,14,34,,,,,1.37,0.71,1.17,4*01
1780395392.127,$GPGSV,2,1,08,10,22,328,30,18,83,174,42,23,40,005,39,24,39,044,38,1*6F
1780395392.127,$GPGSV,2,2,08,32,31,272,36,41,64,233,40,42,70,217,40,50,55,115,37,1*69
1780395392.128,$GPGSV,2,1,05,10,22,328,24,18,83,174,39,23,40,005,34,24,39,044,35,6*6C
1780395392.128,$GPGSV,2,2,05,32,31,272,30,6*51
1780395392.129,$GPGSV,3,1,09,05,04,104,,12,13,120,,13,18,119,,15,11,046,,0*6C
1780395392.130,$GPGSV,3,2,09,15,11,046,,25,18,157,,27,05,292,,28,16,207,,0*67
1780395392.130,$GPGSV,3,3,09,28,16,207,,0*54
1780395392.130,$GLGSV,2,1,07,65,23,012,29,66,28,317,33,75,21,074,32,76,27,134,38,1*73
1780395392.131,$GLGSV,2,2,07,81,24,325,33,87,24,169,23,88,67,262,33,1*45
1780395392.132,$GLGSV,2,1,06,66,28,317,33,67,04,267,15,75,21,074,36,76,27,134,33,3*77
1780395392.132,$GLGSV,2,2,06,81,24,325,33,88,67,262,36,3*75
1780395392.132,$GLGSV,1,1,01,77,07,177,,0*4E
1780395392.133,$GAGSV,2,1,08,04,35,021,33,05,23,248,25,06,54,353,37,09,58,305,34,2*72
1780395392.134,$GAGSV,2,2,08,10,70,123,38,11,76,356,34,12,45,136,32,36,25,329,26,2*7C
1780395392.134,$GAGSV,2,1,08,04,35,021,35,05,23,248,26,06,54,353,40,09,58,305,37,7*71
1780395392.135,$GAGSV,2,2,08,10,70,123,39,11,76,356,37,12,45,136,35,36,25,329,31,7*7A
1780395392.136,$GAGSV,1,1,04,16,08,188,,23,00,092,,28,16,036,,31,11,136,,0*7A
1780395392.136,$GBGSV,2,1,08,06,40,036,39,07,68,116,40,08,22,178,36,09,38,001,38,1*70
1780395392.137,$GBGSV,2,2,08,10,62,142,41,13,28,303,31,14,29,031,30,34,42,189,40,1*79
1780395392.137,$GBGSV,1,1,02,09,38,001,31,10,62,142,35,3*73
1780395392.138,$GBGSV,3,1,10,01,42,106,,02,63,244,,03,72,138,,04,22,095,,0*75
1780395392.138,$GBGSV,3,2,10,04,22,095,,21,15,052,,24,37,154,,25,03,202,,0*79
1780395392.139,$GBGSV,3,3,10,25,03,202,,26,37,092,,0*79
1780395392.139,$GNGLL,1339.04360,N,10029.57914,E,101632.00,A,D*78
1780395393.121,$GNRMC,101633.00,A,1339.04390,N,10029.57913,E,1.011,355.33,020626,0.53,W,R,V*57
1780395393.124,$GNVTG,355.33,T,355.86,M,1.011,N,1.873,K,D*3A
1780395393.125,$GNGGA,101633.00,1339.04390,N,10029.57913,E,4,12,0.71,-1.1,M,-27.8,M,,0499*48
1780395393.125,$GNGSA,A,3,10,18,23,24,32,,,,,,,,1.37,0.71,1.17,1*0B
1780395393.126,$GNGSA,A,3,66,75,65,88,76,81,87,,,,,,1.37,0.71,1.17,2*00
1780395393.126,$GNGSA,A,3,05,12,04,06,09,10,11,36,,,,,1.37,0.71,1.17,3*0E
1780395393.127,$GNGSA,A,3,06,07,08,09,10,13,14,34,,,,,1.37,0.71,1.17,4*01
1780395393.127,$GPGSV,2,1,08,10,22,328,33,18,83,174,42,23,40,005,39,24,39,044,39,1*6D
1780395393.128,$GPGSV,2,2,08,32,31,272,35,41,64,233,43,42,70,217,38,50,55,115,36,1*67
1780395393.129,$GPGSV,2,1,05,10,22,328,25,18,83,174,40,23,40,005,35,24,39,044,32,6*65
1780395393.129,$GPGSV,2,2,05,32,31,272,30,6*51
1780395393.130,$GPGSV,3,1,09,05,04,104,,12,13,120,,13,18,119,,15,11,046,,0*6C
1780395393.130,$GPGSV,3,2,09,15,11,046,,25,18,157,,27,05,292,,28,16,207,,0*67
1780395393.131,$GPGSV,3,3,09,28,16,207,,0*54
1780395393.131,$GLGSV,2,1,07,65,23,012,34,66,28,317,37,75,21,074,25,76,27,134,38,1*7D
1780395393.132,$GLGSV,2,2,07,81,24,325,31,87,24,169,21,88,67,262,33,1*45
1780395393.133,$GLGSV,2,1,06,66,28,317,33,67,04,267,16,75,21,074,34,76,27,134,34,3*71
1780395393.133,$GLGSV,2,2,06,81,24,325,29,88,67,262,29,3*70
1780395393.134,$GLGSV,1,1,01,77,07,177,,0*4E
1780395393.134,$GAGSV,2,1,08,04,35,021,32,05,23,248,26,06,54,353,36,09,58,305,34,2*71
1780395393.135,$GAGSV,2,2,08,10,70,123,37,11,76,356,34,12,45,136,33,36,25,329,24,2*70
1780395393.136,$GAGSV,2,1,08,04,35,021,34,05,23,248,27,06,54,353,41,09,58,305,35,7*72
1780395393.137,$GAGSV,2,2,08,10,70,123,40,11,76,356,37,12,45,136,36,36,25,329,30,7*76
1780395393.137,$GAGSV,1,1,04,16,08,188,,23,00,092,,28,16,036,,31,11,136,,0*7A
1780395393.138,$GBGSV,2,1,08,06,40,036,38,07,68,116,39,08,22,178,37,09,38,001,38,1*7E
1780395393.139,$GBGSV,2,2,08,10,62,142,40,13,28,303,34,14,29,031,33,34,42,189,39,1*70
1780395393.139,$GBGSV,1,1,02,09,38,001,32,10,62,142,35,3*70
1780395393.140,$GBGSV,3,1,10,01,42,106,,02,63,244,,03,72,138,,04,22,095,,0*75
1780395393.141,$GBGSV,3,2,10,04,22,095,,21,15,052,,24,37,154,,25,03,202,,0*79
1780395393.141,$GBGSV,3,3,10,25,03,202,,26,37,092,,0*79
1780395393.142,$GNGLL,1339.04390,N,10029.57913,E,101633.00,A,D*71
1780395394.124,$GNRMC,101634.00,A,1339.04420,N,10029.57912,E,1.130,1.01,020626,0.53,W,R,V*5C
1780395394.127,$GNVTG,1.01,T,1.54,M,1.130,N,2.092,K,D*32
1780395394.128,$GNGGA,101634.00,1339.04420,N,10029.57912,E,4,12,0.71,-1.1,M,-27.8,M,,0499*42
1780395394.129,$GNGSA,A,3,10,18,23,24,32,,,,,,,,1.37,0.71,1.17,1*0B
1780395394.129,$GNGSA,A,3,66,75,65,88,76,81,87,,,,,,1.37,0.71,1.17,2*00
1780395394.130,$GNGSA,A,3,05,12,04,06,09,10,11,36,,,,,1.37,0.71,1.17,3*0E
1780395394.130,$GNGSA,A,3,06,07,08,09,10,13,14,34,,,,,1.37,0.71,1.17,4*01
1780395394.131,$GPGSV,2,1,08,10,22,328,34,18,83,174,42,23,40,005,37,24,39,044,32,1*6F
1780395394.131,$GPGSV,2,2,08,32,31,272,31,41,64,233,39,42,70,217,39,50,55,115,36,1*6F
1780395394.132,$GPGSV,2,1,05,10,22,328,24,18,83,174,40,23,40,005,36,24,39,044,31,6*64
1780395394.133,$GPGSV,2,2,05,32,31,272,28,6*58
1780395394.133,$GPGSV,3,1,09,05,04,104,,12,13,120,,13,18,119,,15,11,046,,0*6C
1780395394.134,$GPGSV,3,2,09,15,11,046,,25,18,157,,27,05,292,,28,16,207,,0*67
1780395394.134,$GPGSV,3,3,09,28,16,207,,0*54
1780395394.135,$GLGSV,2,1,07,65,23,012,34,66,28,317,33,75,21,074,26,76,27,134,39,1*7B
1780395394.136,$GLGSV,2,2,07,81,24,325,31,87,24,169,20,88,67,262,37,1*40
1780395394.137,$GLGSV,2,1,06,66,28,317,36,67,04,267,16,75,21,074,33,76,27,134,36,3*71
1780395394.137,$GLGSV,2,2,06,81,24,325,29,88,67,262,29,3*70
1780395394.137,$GLGSV,1,1,01,77,07,177,,0*4E
1780395394.138,$GAGSV,2,1,08,04,35,021,32,05,23,248,26,06,54,353,35,09,58,305,35,2*73
1780395394.139,$GAGSV,2,2,08,10,70,123,38,11,76,356,35,12,45,136,33,36,25,329,26,2*7C
1780395394.140,$GAGSV,2,1,08,04,35,021,33,05,23,248,26,06,54,353,40,09,58,305,36,7*76
1780395394.140,$GAGSV,2,2,08,10,70,123,40,11,76,356,36,12,45,136,36,36,25,329,29,7*7F
1780395394.141,$GAGSV,1,1,04,16,08,188,,23,00,092,,28,16,036,,31,11,136,,0*7A
1780395394.141,$GBGSV,2,1,08,06,40,036,40,07,68,116,39,08,22,178,37,09,38,001,36,1*7F
1780395394.142,$GBGSV,2,2,08,10,62,142,40,13,28,303,34,14,29,031,26,34,42,189,38,1*75
1780395394.143,$GBGSV,1,1,02,09,38,001,32,10,62,142,35,3*70
1780395394.143,$GBGSV,3,1,10,01,42,106,,02,63,244,,03,72,138,,04,22,095,,0*75
1780395394.144,$GBGSV,3,2,10,04,22,095,,21,15,052,,24,37,154,,25,03,202,,0*79
1780395394.144,$GBGSV,3,3,10,25,03,202,,26,37,092,,0*79
1780395394.145,$GNGLL,1339.04420,N,10029.57912,E,101634.00,A,D*7B
1780395395.120,$GNRMC,101635.00,A,1339.04449,N,10029.57911,E,1.075,357.86,020626,0.53,W,R,V*5E
1780395395.122,$GNVTG,357.86,T,358.39,M,1.075,N,1.990,K,D*31
1780395395.123,$GNGGA,101635.00,1339.04449,N,10029.57911,E,4,12,0.71,-1.1,M,-27.8,M,,0499*4F
1780395395.124,$GNGSA,A,3,10,18,23,24,32,,,,,,,,1.37,0.71,1.17,1*0B
1780395395.125,$GNGSA,A,3,66,75,65,88,76,81,,,,,,,1.37,0.71,1.17,2*0F
1780395395.125,$GNGSA,A,3,05,12,04,06,09,10,11,36,,,,,1.37,0.71,1.17,3*0E
1780395395.126,$GNGSA,A,3,06,07,08,09,10,13,14,34,,,,,1.37,0.71,1.17,4*01
1780395395.126,$GPGSV,2,1,08,10,22,328,30,18,83,174,41,23,40,005,38,24,39,044,34,1*61
1780395395.127,$GPGSV,2,2,08,32,31,272,26,41,64,233,36,42,70,217,39,50,55,115,37,1*67
1780395395.128,$GPGSV,2,1,05,10,22,328,25,18,83,174,41,23,40,005,33,24,39,044,31,6*61
1780395395.128,$GPGSV,2,2,05,32,31,272,25,6*55
1780395395.129,$GPGSV,3,1,09,05,04,104,,12,13,120,,13,18,119,,15,11,046,,0*6C
1780395395.130,$GPGSV,3,2,09,15,11,046,,25,18,157,,27,05,292,,28,16,207,,0*67
1780395395.130,$GPGSV,3,3,09,28,16,207,,0*54
1780395395.131,$GLGSV,2,1,07,65,23,012,34,66,28,317,36,75,21,074,31,76,27,134,37,1*76
1780395395.132,$GLGSV,2,2,07,81,24,325,34,87,24,169,19,88,67,262,37,1*4F
1780395395.133,$GLGSV,2,1,06,66,28,317,35,67,04,267,16,75,21,074,22,76,27,134,37,3*73
1780395395.133,$GLGSV,2,2,06,81,24,325,34,88,67,262,38,3*7C
1780395395.134,$GLGSV,1,1,01,77,07,177,,0*4E
1780395395.134,$GAGSV,2,1,08,04,35,021,33,05,23,248,27,06,54,353,35,09,58,305,32,2*74
1780395395.135,$GAGSV,2,2,08,10,70,123,39,11,76,356,36,12,45,136,34,36,25,329,28,2*77
1780395395.136,$GAGSV,2,1,08,04,35,021,33,05,23,248,31,06,54,353,40,09,58,305,30,7*76
1780395395.137,$GAGSV,2,2,08,10,70,123,40,11,76,356,37,12,45,136,36,36,25,329,28,7*7F
1780395395.138,$GAGSV,1,1,04,16,08,188,,23,00,092,,28,16,036,,31,11,136,,0*7A
1780395395.138,$GBGSV,2,1,08,06,40,036,38,07,68,116,40,08,22,178,37,09,38,001,38,1*70
1780395395.139,$GBGSV,2,2,08,10,62,142,41,13,28,303,23,14,29,031,33,34,42,189,40,1*79
1780395395.140,$GBGSV,1,1,02,09,38,001,31,10,62,142,36,3*70
1780395395.140,$GBGSV,3,1,10,01,42,106,,02,63,244,,03,72,138,,04,22,095,,0*75
1780395395.141,$GBGSV,3,2,10,04,22,095,,21,15,052,,24,37,154,,25,03,202,,0*79
1780395395.141,$GBGSV,3,3,10,25,03,202,,26,37,092,,0*79
1780395395.142,$GNGLL,1339.04449,N,10029.57911,E,101635.00,A,D*76
1780395396.121,$GNRMC,101636.00,A,1339.04478,N,10029.57911,E,0.997,0.68,020626,0.53,W,R,V*5A
1780395396.123,$GNVTG,0.68,T,1.21,M,0.997,N,1.846,K,D*38
1780395396.124,$GNGGA,101636.00,1339.04478,N,10029.57911,E,4,12,0.71,-1.1,M,-27.8,M,,0499*4E
1780395396.125,$GNGSA,A,3,10,18,23,24,32,,,,,,,,1.37,0.71,1.17,1*0B
1780395396.125,$GNGSA,A,3,66,75,65,88,76,81,,,,,,,1.37,0.71,1.17,2*0F
1780395396.126,$GNGSA,A,3,05,12,04,06,09,10,11,36,,,,,1.37,0.71,1.17,3*0E
1780395396.126,$GNGSA,A,3,06,07,08,09,10,13,14,34,,,,,1.37,0.71,1.17,4*01
1780395396.127,$GPGSV,2,1,08,10,22,328,34,18,83,174,43,23,40,005,38,24,39,044,39,1*6A
1780395396.128,$GPGSV,2,2,08,32,31,272,31,41,64,233,36,42,70,217,37,50,55,115,37,1*6F
1780395396.128,$GPGSV,2,1,05,10,22,328,25,18,83,174,40,23,40,005,36,24,39,044,30,6*64
1780395396.129,$GPGSV,2,2,05,32,31,272,23,6*53
1780395396.129,$GPGSV,3,1,09,05,04,104,,12,13,120,,13,18,119,,15,11,046,,0*6C
1780395396.130,$GPGSV,3,2,09,15,11,046,,25,18,157,,27,05,292,,28,16,207,,0*67
1780395396.130,$GPGSV,3,3,09,28,16,207,,0*54
1780395396.131,$GLGSV,2,1,07,65,23,012,34,66,28,317,36,75,21,074,29,76,27,134,38,1*70
1780395396.132,$GLGSV,2,2,07,81,24,325,29,87,24,169,19,88,67,262,37,1*43
1780395396.132,$GLGSV,2,1,06,66,28,317,37,67,04,267,16,75,21,074,30,76,27,134,35,3*70
1780395396.133,$GLGSV,2,2,06,81,24,325,37,88,67,262,38,3*7F
1780395396.133,$GLGSV,1,1,01,77,07,177,,0*4E
1780395396.134,$GAGSV,2,1,08,04,35,021,32,05,23,248,27,06,54,353,36,09,58,305,33,2*77
1780395396.135,$GAGSV,2,2,08,10,70,123,39,11,76,356,36,12,45,136,34,36,25,329,28,2*77
1780395396.136,$GAGSV,2,1,08,04,35,021,33,05,23,248,30,06,54,353,38,09,58,305,33,7*7B
1780395396.137,$GAGSV,2,2,08,10,70,123,41,11,76,356,37,12,45,136,36,36,25,329,29,7*7F
1780395396.137,$GAGSV,1,1,04,16,08,188,,23,00,091,,28,16,036,,31,11,136,,0*79
1780395396.138,$GBGSV,2,1,08,06,40,036,36,07,68,116,40,08,22,178,37,09,38,001,38,1*7E
1780395396.139,$GBGSV,2,2,08,10,62,142,39,13,28,303,35,14,29,031,28,34,42,189,40,1*7B
1780395396.139,$GBGSV,1,1,02,09,38,001,31,10,62,142,36,3*70
1780395396.140,$GBGSV,3,1,10,01,42,106,,02,63,244,,03,72,138,,04,22,095,,0*75
1780395396.141,$GBGSV,3,2,10,04,22,095,,21,15,052,,24,37,154,,25,03,202,,0*79
1780395396.141,$GBGSV,3,3,10,25,03,202,,26,37,092,,0*79
1780395396.141,$GNGLL,1339.04478,N,10029.57911,E,101636.00,A,D*77
1780395397.126,$GNRMC,101637.00,A,1339.04506,N,10029.57911,E,0.998,359.97,020626,0.53,W,R,V*53
1780395397.128,$GNVTG,359.97,T,0.50,M,0.998,N,1.848,K,D*31
1780395397.129,$GNGGA,101637.00,1339.04506,N,10029.57911,E,4,12,0.71,-1.1,M,-27.8,M,,0499*47
1780395397.130,$GNGSA,A,3,10,18,23,24,32,,,,,,,,1.37,0.71,1.17,1*0B
1780395397.130,$GNGSA,A,3,66,75,65,88,76,81,87,,,,,,1.37,0.71,1.17,2*00
1780395397.131,$GNGSA,A,3,05,12,04,06,09,10,11,36,,,,,1.37,0.71,1.17,3*0E
1780395397.131,$GNGSA,A,3,06,07,08,09,10,13,14,34,,,,,1.37,0.71,1.17,4*01
1780395397.132,$GPGSV,2,1,08,10,22,328,34,18,83,174,43,23,40,005,38,24,39,044,38,1*6B
1780395397.132,$GPGSV,2,2,08,32,31,272,36,41,64,233,34,42,70,217,39,50,55,115,36,1*65
1780395397.133,$GPGSV,2,1,05,10,22,328,25,18,83,174,41,23,40,005,35,24,39,044,31,6*67
1780395397.134,$GPGSV,2,2,05,32,31,272,30,6*51
1780395397.134,$GPGSV,3,1,09,05,04,104,,12,13,120,,13,18,119,,15,11,046,,0*6C
1780395397.135,$GPGSV,3,2,09,15,11,046,,25,18,157,,27,05,292,,28,16,207,,0*67
1780395397.135,$GPGSV,3,3,09,28,16,207,,0*54
1780395397.136,$GLGSV,2,1,07,65,23,012,35,66,28,317,36,75,21,074,32,76,27,134,38,1*7B
1780395397.137,$GLGSV,2,2,07,81,24,325,29,87,24,169,21,88,67,262,37,1*48
1780395397.137,$GLGSV,2,1,06,66,28,317,36,67,04,267,16,75,21,074,32,76,27,134,37,3*71
1780395397.138,$GLGSV,2,2,06,81,24,325,31,88,67,262,38,3*79
1780395397.138,$GLGSV,1,1,01,77,07,177,,0*4E
1780395397.139,$GAGSV,2,1,08,04,35,021,30,05,23,248,27,06,54,353,36,09,58,305,33,2*75
1780395397.139,$GAGSV,2,2,08,10,70,123,38,11,76,356,35,12,45,136,34,36,25,329,27,2*7A
1780395397.140,$GAGSV,2,1,08,04,35,021,33,05,23,248,33,06,54,353,40,09,58,305,37,7*73
1780395397.141,$GAGSV,2,2,08,10,70,123,42,11,76,356,39,12,45,136,37,36,25,329,29,7*73
1780395397.142,$GAGSV,1,1,04,16,08,188,,23,00,091,,28,16,036,,31,11,136,,0*79
1780395397.143,$GBGSV,2,1,08,06,40,036,38,07,68,116,41,08,22,178,37,09,38,001,38,1*71
1780395397.143,$GBGSV,2,2,08,10,62,142,41,13,28,303,36,14,29,031,28,34,42,189,40,1*77
1780395397.144,$GBGSV,1,1,02,09,38,001,36,10,62,142,36,3*77
1780395397.144,$GBGSV,3,1,10,01,42,106,,02,63,244,,03,72,138,,04,22,095,,0*75
1780395397.145,$GBGSV,3,2,10,04,22,095,,21,15,052,,24,37,154,,25,03,202,,0*79
1780395397.146,$GBGSV,3,3,10,25,03,202,,26,37,092,,0*79
1780395397.146,$GNGLL,1339.04506,N,10029.57911,E,101637.00,A,D*7E
1780395398.115,$GNRMC,101638.00,A,1339.04533,N,10029.57912,E,0.966,359.53,020626,0.53,W,R,V*50
1780395398.117,$GNVTG,359.53,T,0.06,M,0.966,N,1.789,K,D*39
1780395398.119,$GNGGA,101638.00,1339.04533,N,10029.57912,E,4,12,0.71,-1.1,M,-27.8,M,,0499*4D
1780395398.119,$GNGSA,A,3,10,18,23,24,32,,,,,,,,1.37,0.71,1.17,1*0B
1780395398.120,$GNGSA,A,3,66,75,65,88,76,81,87,,,,,,1.37,0.71,1.17,2*00
1780395398.120,$GNGSA,A,3,05,12,04,06,09,10,11,36,,,,,1.37,0.71,1.17,3*0E
1780395398.121,$GNGSA,A,3,06,07,08,09,10,13,14,34,,,,,1.37,0.71,1.17,4*01
1780395398.121,$GPGSV,2,1,08,10,22,328,33,18,83,174,43,23,40,005,40,24,39,044,34,1*6F
1780395398.122,$GPGSV,2,2,08,32,31,272,28,41,64,233,39,42,70,217,40,50,55,115,38,1*67
1780395398.123,$GPGSV,2,1,05,10,22,328,22,18,83,174,40,23,40,005,36,24,39,044,31,6*62
1780395398.123,$GPGSV,2,2,05,32,31,272,29,6*59
1780395398.124,$GPGSV,3,1,09,05,04,104,,12,13,120,,13,18,119,,15,11,046,,0*6C
1780395398.125,$GPGSV,3,2,09,15,11,046,,25,18,157,,27,05,292,,28,16,207,,0*67
1780395398.125,$GPGSV,3,3,09,28,16,207,,0*54
1780395398.126,$GLGSV,2,1,07,65,23,012,31,66,28,317,35,75,21,074,32,76,27,134,38,1*7C
1780395398.126,$GLGSV,2,2,07,81,24,325,28,87,24,169,21,88,67,262,40,1*49
1780395398.127,$GLGSV,2,1,06,66,28,317,30,67,04,267,16,75,21,074,26,76,27,134,39,3*7C
1780395398.128,$GLGSV,2,2,06,81,24,325,34,88,67,262,37,3*73
1780395398.128,$GLGSV,1,1,01,77,07,177,,0*4E
1780395398.129,$GAGSV,2,1,08,04,35,021,31,05,23,248,27,06,54,353,36,09,58,305,32,2*75
1780395398.130,$GAGSV,2,2,08,10,70,123,38,11,76,356,35,12,45,136,33,36,25,329,27,2*7D
1780395398.131,$GAGSV,2,1,08,04,35,021,34,05,23,248,33,06,54,353,41,09,58,305,36,7*74
1780395398.132,$GAGSV,2,2,08,10,70,123,41,11,76,356,37,12,45,136,36,36,25,329,24,7*72
1780395398.132,$GAGSV,1,1,04,16,08,188,,23,00,091,,28,16,036,,31,11,136,,0*79
1780395398.133,$GBGSV,2,1,08,06,40,036,38,07,68,116,39,08,22,178,36,09,38,001,38,1*7F
1780395398.133,$GBGSV,2,2,08,10,62,142,42,13,28,303,36,14,29,031,38,34,42,189,40,1*75
1780395398.134,$GBGSV,1,1,02,09,38,001,32,10,62,142,36,3*73
1780395398.135,$GBGSV,3,1,10,01,42,106,,02,63,244,,03,72,138,,04,22,095,,0*75
1780395398.135,$GBGSV,3,2,10,04,22,095,,21,15,052,,24,37,154,,25,03,202,,0*79
1780395398.135,$GBGSV,3,3,10,25,03,202,,26,37,092,,0*79
1780395398.136,$GNGLL,1339.04533,N,10029.57912,E,101638.00,A,D*74
1780395399.124,$GNRMC,101639.00,A,1339.04562,N,10029.57914,E,1.003,1.91,020626,0.53,W,R,V*58
1780395399.126,$GNVTG,1.91,T,2.44,M,1.003,N,1.858,K,D*35
1780395399.128,$GNGGA,101639.00,1339.04562,N,10029.57914,E,4,12,0.71,-1.1,M,-27.8,M,,0499*4E
1780395399.128,$GNGSA,A,3,10,18,23,24,32,,,,,,,,1.37,0.71,1.17,1*0B
1780395399.129,$GNGSA,A,3,66,75,65,88,76,81,87,,,,,,1.37,0.71,1.17,2*00
1780395399.129,$GNGSA,A,3,05,12,04,06,09,10,11,36,,,,,1.37,0.71,1.17,3*0E
1780395399.130,$GNGSA,A,3,06,07,08,09,10,13,14,34,,,,,1.37,0.71,1.17,4*01
1780395399.130,$GPGSV,2,1,08,10,22,328,33,18,83,174,43,23,40,005,38,24,39,044,34,1*60
1780395399.131,$GPGSV,2,2,08,32,31,272,35,41,64,233,41,42,70,217,38,50,55,115,37,1*64
1780395399.132,$GPGSV,2,1,05,10,22,328,24,18,83,174,40,23,40,005,36,24,39,044,29,6*6D
1780395399.132,$GPGSV,2,2,05,32,31,272,30,6*51
1780395399.133,$GPGSV,3,1,09,05,04,104,,12,13,120,,13,18,119,,15,11,046,,0*6C
1780395399.133,$GPGSV,3,2,09,15,11,046,,25,18,157,,27,05,292,,28,16,207,,0*67
1780395399.134,$GPGSV,3,3,09,28,16,207,,0*54
1780395399.134,$GLGSV,2,1,07,65,23,012,32,66,28,317,37,75,21,074,33,76,27,134,36,1*72
1780395399.135,$GLGSV,2,2,07,81,24,325,28,87,24,169,22,88,67,262,36,1*4B
1780395399.136,$GLGSV,2,1,06,66,28,317,21,67,04,267,16,75,21,074,41,76,27,134,39,3*7D
1780395399.136,$GLGSV,2,2,06,81,24,325,30,88,67,262,38,3*78
1780395399.136,$GLGSV,1,1,01,77,07,177,,0*4E
1780395399.137,$GAGSV,2,1,08,04,35,021,31,05,23,248,25,06,54,353,37,09,58,305,36,2*72
1780395399.138,$GAGSV,2,2,08,10,70,123,40,11,76,356,35,12,45,136,34,36,25,329,26,2*74
1780395399.139,$GAGSV,2,1,08,04,35,021,36,05,23,248,26,06,54,353,42,09,58,305,37,7*70
1780395399.139,$GAGSV,2,2,08,10,70,123,41,11,76,356,37,12,45,136,36,36,25,329,26,7*70
1780395399.140,$GAGSV,1,1,04,16,08,188,,23,00,091,,28,16,036,,31,11,136,,0*79
1780395399.141,$GBGSV,2,1,08,06,40,036,36,07,68,116,41,08,22,178,36,09,38,001,38,1*7E
1780395399.141,$GBGSV,2,2,08,10,62,142,42,13,28,303,36,14,29,031,32,34,42,189,39,1*71
1780395399.142,$GBGSV,1,1,02,09,38,001,28,10,62,142,35,3*7B
1780395399.143,$GBGSV,3,1,10,01,42,106,,02,63,244,,03,72,138,,04,22,095,,0*75
1780395399.143,$GBGSV,3,2,10,04,22,095,,21,15,052,,24,37,154,,25,03,202,,0*79
1780395399.143,$GBGSV,3,3,10,25,03,202,,26,37,092,,0*79
1780395399.144,$GNGLL,1339.04562,N,10029.57914,E,101639.00,A,D*77
1780395400.122,$GNRMC,101640.00,A,1339.04588,N,10029.57915,E,0.907,3.79,020626,0.53,W,R,V*5B
1780395400.125,$GNVTG,3.79,T,4.32,M,0.907,N,1.680,K,D*31
1780395400.126,$GNGGA,101640.00,1339.04588,N,10029.57915,E,4,12,0.71,-1.1,M,-27.8,M,,0499*45
1780395400.126,$GNGSA,A,3,10,18,23,24,32,,,,,,,,1.37,0.71,1.17,1*0B
1780395400.127,$GNGSA,A,3,66,75,65,88,76,81,87,,,,,,1.37,0.71,1.17,2*00
1780395400.128,$GNGSA,A,3,05,12,04,06,09,10,11,36,,,,,1.37,0.71,1.17,3*0E
1780395400.128,$GNGSA,A,3,06,07,08,09,10,13,14,34,,,,,1.37,0.71,1.17,4*01
1780395400.129,$GPGSV,2,1,08,10,22,328,33,18,83,174,42,23,40,005,38,24,39,044,36,1*63
1780395400.129,$GPGSV,2,2,08,32,31,272,37,41,64,233,36,42,70,217,41,50,55,115,34,1*6B
1780395400.130,$GPGSV,2,1,05,10,22,328,26,18,83,174,40,23,40,005,36,24,39,044,30,6*67
1780395400.131,$GPGSV,2,2,05,32,31,272,30,6*51
1780395400.131,$GPGSV,3,1,09,05,04,104,,12,13,120,,13,18,119,,15,11,046,,0*6C
1780395400.132,$GPGSV,3,2,09,15,11,046,,25,18,157,,27,05,292,,28,16,207,,0*67
1780395400.132,$GPGSV,3,3,09,28,16,207,,0*54
1780395400.133,$GLGSV,2,1,07,65,23,012,32,66,28,317,35,75,21,074,29,76,27,134,39,1*74
1780395400.134,$GLGSV,2,2,07,81,24,325,33,87,24,169,22,88,67,262,29,1*4F
1780395400.135,$GLGSV,2,1,06,66,28,317,31,67,04,267,16,75,21,074,40,76,27,134,39,3*7D
1780395400.135,$GLGSV,2,2,06,81,24,325,30,88,67,262,27,3*76
1780395400.136,$GLGSV,1,1,01,77,07,177,,0*4E
1780395400.136,$GAGSV,2,1,08,04,35,021,35,05,23,248,23,06,54,353,37,09,58,305,33,2*75
1780395400.137,$GAGSV,2,2,08,10,70,123,39,11,76,356,35,12,45,136,34,36,25,329,25,2*79
1780395400.138,$GAGSV,2,1,08,04,35,021,34,05,23,248,25,06,54,353,38,09,58,305,35,7*7E
1780395400.139,$GAGSV,2,2,08,10,70,123,39,11,76,356,38,12,45,136,36,36,25,329,26,7*70
1780395400.139,$GAGSV,1,1,04,16,08,188,,23,00,091,,28,16,036,,31,11,136,,0*79
1780395400.140,$GBGSV,2,1,08,06,40,036,29,07,68,116,42,08,22,178,36,09,38,001,37,1*7C
1780395400.141,$GBGSV,2,2,08,10,62,142,41,13,28,303,37,14,29,031,35,34,42,189,38,1*75
1780395400.141,$GBGSV,1,1,02,09,38,001,33,10,62,142,36,3*72
1780395400.142,$GBGSV,3,1,10,01,42,106,,02,63,244,,03,72,138,,04,22,095,,0*75
1780395400.142,$GBGSV,3,2,10,04,22,095,,21,15,052,,24,37,154,,25,03,202,,0*79
1780395400.143,$GBGSV,3,3,10,25,03,202,,26,37,092,,0*79
1780395400.143,$GNGLL,1339.04588,N,10029.57915,E,101640.00,A,D*7C
1780395401.125,$GNRMC,101641.00,A,1339.04614,N,10029.57917,E,0.975,4.01,020626,0.53,W,R,V*53
1780395401.126,$GNVTG,4.01,T,4.54,M,0.975,N,1.806,K,D*3C
1780395401.127,$GNGGA,101641.00,1339.04614,N,10029.57917,E,4,12,0.71,-1.1,M,-27.8,M,,0499*40
1780395401.127,$GNGSA,A,3,10,18,23,24,32,,,,,,,,1.37,0.71,1.17,1*0B
1780395401.128,$GNGSA,A,3,66,75,65,88,76,81,87,,,,,,1.37,0.71,1.17,2*00
1780395401.128,$GNGSA,A,3,05,12,04,06,09,10,11,36,,,,,1.37,0.71,1.17,3*0E
1780395401.129,$GNGSA,A,3,06,07,08,09,10,13,14,34,,,,,1.37,0.71,1.17,4*01
1780395401.130,$GPGSV,2,1,08,10,22,328,36,18,83,174,42,23,40,005,40,24,39,044,37,1*68
1780395401.130,$GPGSV,2,2,08,32,31,272,34,41,64,233,42,42,70,217,40,50,55,115,36,1*68
1780395401.131,$GPGSV,2,1,05,10,22,328,27,18,83,174,42,23,40,005,36,24,39,044,30,6*64
1780395401.131,$GPGSV,2,2,05,32,31,272,29,6*59
1780395401.132,$GPGSV,3,1,09,05,04,104,,12,13,120,,13,18,119,,15,11,046,,0*6C
1780395401.133,$GPGSV,3,2,09,15,11,046,,25,18,157,,27,05,292,,28,16,207,,0*67
1780395401.133,$GPGSV,3,3,09,28,16,207,,0*54
1780395401.134,$GLGSV,2,1,07,65,23,012,28,66,28,317,30,75,21,074,35,76,27,134,39,1*77
1780395401.135,$GLGSV,2,2,07,81,24,325,33,87,24,169,22,88,67,262,31,1*46
1780395401.135,$GLGSV,2,1,06,66,28,317,30,67,04,267,16,75,21,074,35,76,27,134,34,3*73
1780395401.136,$GLGSV,2,2,06,81,24,325,31,88,67,262,29,3*79
1780395401.136,$GLGSV,1,1,01,77,07,177,,0*4E
1780395401.137,$GAGSV,2,1,08,04,35,021,32,05,23,248,24,06,54,353,36,09,58,305,36,2*71
1780395401.138,$GAGSV,2,2,08,10,70,123,39,11,76,356,34,12,45,136,34,36,25,329,23,2*7E
1780395401.138,$GAGSV,2,1,08,04,35,021,37,05,23,248,25,06,54,353,39,09,58,305,31,7*78
1780395401.139,$GAGSV,2,2,08,10,70,123,40,11,76,356,37,12,45,136,35,36,25,329,32,7*77
1780395401.140,$GAGSV,1,1,04,16,08,188,,23,00,091,,28,16,036,,31,11,136,,0*79
1780395401.141,$GBGSV,2,1,08,06,40,036,33,07,68,116,42,08,22,178,36,09,38,001,38,1*78
1780395401.141,$GBGSV,2,2,08,10,62,142,41,13,28,303,37,14,29,031,33,34,42,189,39,1*72
1780395401.142,$GBGSV,1,1,02,09,38,001,33,10,62,142,36,3*72
1780395401.142,$GBGSV,3,1,10,01,42,106,,02,63,244,,03,72,138,,04,22,095,,0*75
1780395401.143,$GBGSV,3,2,10,04,22,095,,21,15,052,,24,37,154,,25,03,202,,0*79
1780395401.143,$GBGSV,3,3,10,25,03,202,,26,37,092,,0*79
1780395401.144,$GNGLL,1339.04614,N,10029.57917,E,101641.00,A,D*79
1780395402.123,$GNRMC,101642.00,A,1339.04640,N,10029.57919,E,0.955,3.10,020626,0.53,W,R,V*5A
1780395402.125,$GNVTG,3.10,T,3.63,M,0.955,N,1.770,K,D*34
1780395402.127,$GNGGA,101642.00,1339.04640,N,10029.57919,E,4,12,0.71,-1.1,M,-27.8,M,,0499*4C
1780395402.127,$GNGSA,A,3,10,18,23,24,32,,,,,,,,1.37,0.71,1.17,1*0B
1780395402.128,$GNGSA,A,3,66,75,65,88,76,81,87,,,,,,1.37,0.71,1.17,2*00
1780395402.128,$GNGSA,A,3,05,12,04,06,09,10,11,36,,,,,1.37,0.71,1.17,3*0E
1780395402.129,$GNGSA,A,3,06,07,08,09,10,13,14,34,,,,,1.37,0.71,1.17,4*01
1780395402.129,$GPGSV,2,1,08,10,22,328,33,18,83,174,42,23,40,005,41,24,39,044,24,1*6E
1780395402.130,$GPGSV,2,2,08,32,31,272,33,41,64,233,37,42,70,217,41,50,55,115,35,1*6F
1780395402.131,$GPGSV,2,1,05,10,22,328,26,18,83,174,42,23,40,005,34,24,39,044,30,6*67
1780395402.131,$GPGSV,2,2,05,32,31,272,28,6*58
1780395402.132,$GPGSV,3,1,09,05,04,104,,12,13,120,,13,18,119,,15,11,046,,0*6C
1780395402.132,$GPGSV,3,2,09,15,11,046,,25,18,157,,27,05,292,,28,16,207,,0*67
1780395402.133,$GPGSV,3,3,09,28,16,207,,0*54
1780395402.133,$GLGSV,2,1,07,65,23,012,32,66,28,317,35,75,21,074,34,76,27,134,30,1*71
1780395402.134,$GLGSV,2,2,07,81,24,325,33,87,24,169,23,88,67,262,36,1*40
1780395402.135,$GLGSV,2,1,06,66,28,317,29,67,04,267,17,75,21,074,36,76,27,134,33,3*7E
1780395402.135,$GLGSV,2,2,06,81,24,325,30,88,67,262,38,3*78
1780395402.136,$GLGSV,1,1,01,77,07,177,,0*4E
1780395402.136,$GAGSV,2,1,08,04,35,021,33,05,23,248,27,06,54,353,37,09,58,305,30,2*74
1780395402.137,$GAGSV,2,2,08,10,70,123,40,11,76,356,34,12,45,136,32,36,25,329,22,2*77
1780395402.138,$GAGSV,2,1,08,04,35,021,39,05,23,248,26,06,54,353,38,09,58,305,34,7*71
1780395402.139,$GAGSV,2,2,08,10,70,123,39,11,76,356,36,12,45,136,35,36,25,329,31,7*7B
1780395402.140,$GAGSV,1,1,04,16,08,188,,23,00,091,,28,16,036,,31,11,136,,0*79
1780395402.140,$GBGSV,2,1,08,06,40,036,36,07,68,116,42,08,22,178,36,09,38,001,37,1*72
1780395402.141,$GBGSV,2,2,08,10,62,142,42,13,28,303,35,14,29,031,33,34,42,189,40,1*7D
1780395402.142,$GBGSV,1,1,02,09,38,001,33,10,62,142,37,3*73
1780395402.142,$GBGSV,3,1,10,01,42,106,,02,63,244,,03,72,138,,04,22,095,,0*75
1780395402.143,$GBGSV,3,2,10,04,22,095,,21,15,052,,24,37,154,,25,03,202,,0*79
1780395402.143,$GBGSV,3,3,10,25,03,202,,26,37,092,,0*79
1780395402.144,$GNGLL,1339.04640,N,10029.57919,E,101642.00,A,D*75
1780395403.124,$GNRMC,101643.00,A,1339.04667,N,10029.57922,E,0.906,5.12,020626,0.53,W,R,V*54
1780395403.126,$GNVTG,5.12,T,5.65,M,0.906,N,1.677,K,D*30
1780395403.128,$GNGGA,101643.00,1339.04667,N,10029.57922,E,4,12,0.71,-1.1,M,-27.8,M,,0499*40
1780395403.128,$GNGSA,A,3,10,18,23,24,32,,,,,,,,1.37,0.71,1.17,1*0B
1780395403.129,$GNGSA,A,3,66,75,65,88,76,81,87,,,,,,1.37,0.71,1.17,2*00
1780395403.129,$GNGSA,A,3,05,12,04,06,09,10,11,36,,,,,1.37,0.71,1.17,3*0E
1780395403.130,$GNGSA,A,3,06,07,08,09,10,13,14,34,,,,,1.37,0.71,1.17,4*01
1780395403.130,$GPGSV,2,1,08,10,22,328,28,18,83,174,41,23,40,005,38,24,39,044,26,1*6B
1780395403.131,$GPGSV,2,2,08,32,31,272,40,41,64,233,41,42,70,217,40,50,55,115,37,1*69
1780395403.132,$GPGSV,2,1,05,10,22,328,27,18,83,174,40,23,40,005,31,24,39,044,22,6*62
1780395403.132,$GPGSV,2,2,05,32,31,272,32,6*53
1780395403.133,$GPGSV,3,1,09,05,04,104,,12,13,120,,13,18,119,,15,11,046,,0*6C
1780395403.133,$GPGSV,3,2,09,15,11,046,,25,18,157,,27,05,292,,28,16,207,,0*67
1780395403.134,$GPGSV,3,3,09,28,16,207,,0*54
1780395403.134,$GLGSV,2,1,07,65,23,012,26,66,28,317,27,75,21,074,31,76,27,134,33,1*71
1780395403.135,$GLGSV,2,2,07,81,24,325,24,87,24,169,24,88,67,262,36,1*41
1780395403.136,$GLGSV,2,1,06,66,28,317,33,67,04,267,16,75,21,074,36,76,27,134,34,3*73
1780395403.137,$GLGSV,2,2,06,81,24,325,31,88,67,262,41,3*77
1780395403.137,$GLGSV,1,1,01,77,07,177,,0*4E
1780395403.138,$GAGSV,2,1,08,04,35,021,35,05,23,248,26,06,54,353,38,09,58,305,32,2*7E
1780395403.139,$GAGSV,2,2,08,10,70,123,39,11,76,356,34,12,45,136,33,36,25,329,22,2*78
1780395403.140,$GAGSV,2,1,08,04,35,021,36,05,23,248,26,06,54,353,38,09,58,305,34,7*7E
1780395403.140,$GAGSV,2,2,08,10,70,123,40,11,76,356,37,12,45,136,36,36,25,329,31,7*77
1780395403.141,$GAGSV,1,1,04,16,08,188,,23,00,091,,28,16,036,,31,12,136,,0*7A
1780395403.142,$GBGSV,2,1,08,06,40,036,30,07,68,116,40,08,22,178,36,09,38,001,37,1*76
1780395403.142,$GBGSV,2,2,08,10,62,142,41,13,28,303,35,14,29,031,39,34,42,189,40,1*74
1780395403.143,$GBGSV,1,1,02,09,38,001,34,10,62,142,37,3*74
1780395403.144,$GBGSV,3,1,10,01,42,106,,02,63,244,,03,72,138,,04,22,095,,0*75
1780395403.144,$GBGSV,3,2,10,04,22,095,,21,15,052,,24,37,154,,25,03,202,,0*79
1780395403.145,$GBGSV,3,3,10,25,03,202,,26,37,092,,0*79
1780395403.145,$GNGLL,1339.04667,N,10029.57922,E,101643.00,A,D*79
1780395404.124,$GNRMC,101644.00,A,1339.04692,N,10029.57923,E,0.958,1.24,020626,0.53,W,R,V*52
1780395404.126,$GNVTG,1.24,T,1.77,M,0.958,N,1.774,K,D*3F
1780395404.127,$GNGGA,101644.00,1339.04692,N,10029.57923,E,4,12,0.71,-1.1,M,-27.8,M,,0499*4C
1780395404.128,$GNGSA,A,3,10,18,23,24,32,,,,,,,,1.37,0.71,1.17,1*0B
1780395404.128,$GNGSA,A,3,66,75,65,88,76,81,87,,,,,,1.37,0.71,1.17,2*00
1780395404.129,$GNGSA,A,3,05,12,04,06,09,10,11,36,,,,,1.37,0.71,1.17,3*0E
1780395404.130,$GNGSA,A,3,06,07,08,09,10,13,14,34,,,,,1.37,0.71,1.17,4*01
1780395404.130,$GPGSV,2,1,08,10,22,328,28,18,83,174,42,23,40,005,41,24,39,044,35,1*64
1780395404.131,$GPGSV,2,2,08,32,31,272,36,41,64,233,33,42,70,217,40,50,55,115,38,1*62
1780395404.132,$GPGSV,2,1,05,10,22,328,27,18,83,174,41,23,40,005,35,24,39,044,24,6*61
1780395404.132,$GPGSV,2,2,05,32,31,272,30,6*51
1780395404.133,$GPGSV,3,1,09,05,04,104,,12,13,120,,13,18,119,,15,11,046,,0*6C
1780395404.133,$GPGSV,3,2,09,15,11,046,,25,18,157,,27,05,292,,28,16,207,,0*67
1780395404.134,$GPGSV,3,3,09,28,16,207,,0*54
1780395404.134,$GLGSV,2,1,07,65,23,012,25,66,28,317,31,75,21,074,35,76,27,134,32,1*70
1780395404.135,$GLGSV,2,2,07,81,24,325,26,87,24,169,26,88,67,262,38,1*4F
1780395404.136,$GLGSV,2,1,06,66,28,317,27,67,04,267,16,75,21,074,35,76,27,134,35,3*74
1780395404.137,$GLGSV,2,2,06,81,24,325,35,88,67,262,40,3*72
1780395404.137,$GLGSV,1,1,01,77,07,177,,0*4E
1780395404.138,$GAGSV,2,1,08,04,35,021,36,05,23,248,27,06,54,353,37,09,58,305,32,2*73
1780395404.138,$GAGSV,2,2,08,10,70,123,39,11,76,356,35,12,45,136,35,36,25,329,25,2*78
1780395404.139,$GAGSV,2,1,08,04,35,021,36,05,23,248,28,06,54,353,38,09,58,305,35,7*71
1780395404.140,$GAGSV,2,2,08,10,70,123,40,11,76,356,37,12,45,136,36,36,25,329,25,7*72
1780395404.141,$GAGSV,1,1,04,16,08,188,,23,00,091,,28,16,036,,31,12,136,,0*7A
1780395404.141,$GBGSV,2,1,08,06,40,036,33,07,68,116,42,08,22,178,36,09,38,001,37,1*77
1780395404.142,$GBGSV,2,2,08,10,62,142,40,13,28,303,36,14,29,031,37,34,42,189,38,1*77
1780395404.142,$GBGSV,1,1,02,09,38,001,34,10,62,142,37,3*74
1780395404.143,$GBGSV,3,1,10,01,42,106,,02,63,244,,03,72,138,,04,22,095,,0*75
1780395404.144,$GBGSV,3,2,10,04,22,095,,21,15,052,,24,37,154,,25,03,202,,0*79
1780395404.144,$GBGSV,3,3,10,25,03,202,,26,37,092,,0*79
1780395404.144,$GNGLL,1339.04692,N,10029.57923,E,101644.00,A,D*75
1780395405.121,$GNRMC,101645.00,A,1339.04721,N,10029.57924,E,1.023,2.96,020626,0.53,W,R,V*53
1780395405.124,$GNVTG,2.96,T,3.49,M,1.023,N,1.894,K,D*3F
1780395405.125,$GNGGA,101645.00,1339.04721,N,10029.57924,E,4,12,0.71,-1.1,M,-27.8,M,,0499*43
1780395405.125,$GNGSA,A,3,10,18,23,24,32,,,,,,,,1.37,0.71,1.17,1*0B
1780395405.126,$GNGSA,A,3,66,75,65,88,76,81,87,,,,,,1.37,0.71,1.17,2*00
1780395405.126,$GNGSA,A,3,05,12,04,06,09,10,11,36,,,,,1.37,0.71,1.17,3*0E
1780395405.127,$GNGSA,A,3,06,07,08,09,10,13,14,34,,,,,1.37,0.71,1.17,4*01
1780395405.127,$GPGSV,2,1,08,10,22,328,30,18,83,174,41,23,40,005,41,24,39,044,32,1*69
1780395405.128,$GPGSV,2,2,08,32,31,272,34,41,64,233,38,42,70,217,38,50,55,115,37,1*6B
1780395405.129,$GPGSV,2,1,05,10,22,328,28,18,83,174,41,23,40,005,35,24,39,044,25,6*6F
1780395405.129,$GPGSV,2,2,05,32,31,272,29,6*59
1780395405.130,$GPGSV,3,1,09,05,04,104,,12,13,120,,13,18,119,,15,11,046,,0*6C
1780395405.131,$GPGSV,3,2,09,15,11,046,,25,18,157,,27,05,292,,28,16,207,,0*67
1780395405.131,$GPGSV,3,3,09,28,16,207,,0*54
1780395405.132,$GLGSV,2,1,07,65,23,012,23,66,28,317,30,75,21,074,27,76,27,134,35,1*73
1780395405.132,$GLGSV,2,2,07,81,24,325,32,87,24,169,26,88,67,262,39,1*4B
1780395405.133,$GLGSV,2,1,06,66,28,317,31,67,04,267,16,75,21,074,33,76,27,134,37,3*77
1780395405.134,$GLGSV,2,2,06,81,24,325,31,88,67,262,38,3*79
1780395405.134,$GLGSV,1,1,01,77,07,177,,0*4E
1780395405.135,$GAGSV,2,1,08,04,35,021,36,05,23,248,29,06,54,353,37,09,58,305,33,2*7C
1780395405.135,$GAGSV,2,2,08,10,70,123,38,11,76,356,34,12,45,136,34,36,25,329,27,2*7B
1780395405.136,$GAGSV,2,1,08,04,35,021,36,05,23,248,31,06,54,353,39,09,58,305,35,7*78
1780395405.137,$GAGSV,2,2,08,10,70,123,41,11,76,356,37,12,45,136,36,36,25,329,28,7*7E
1780395405.137,$GAGSV,1,1,04,16,08,188,,23,00,091,,28,16,036,,31,12,136,,0*7A
1780395405.138,$GBGSV,2,1,08,06,40,036,33,07,68,116,41,08,22,178,34,09,38,001,36,1*77
1780395405.139,$GBGSV,2,2,08,10,62,142,39,13,28,303,36,14,29,031,34,34,42,189,36,1*74
1780395405.139,$GBGSV,1,1,02,09,38,001,34,10,62,142,37,3*74
1780395405.140,$GBGSV,3,1,10,01,42,106,,02,63,244,,03,72,138,,04,22,095,,0*75
1780395405.141,$GBGSV,3,2,10,04,22,095,,21,15,052,,24,37,154,,25,03,202,,0*79
1780395405.141,$GBGSV,3,3,10,25,03,202,,26,37,092,,0*79
1780395405.142,$GNGLL,1339.04721,N,10029.57924,E,101645.00,A,D*7A
1780395406.126,$GNRMC,101646.00,A,1339.04748,N,10029.57925,E,0.938,3.33,020626,0.53,W,R,V*52
1780395406.129,$GNVTG,3.33,T,3.86,M,0.938,N,1.737,K,D*36
1780395406.130,$GNGGA,101646.00,1339.04748,N,10029.57925,E,4,12,0.71,-1.1,M,-27.8,M,,0499*4E
1780395406.130,$GNGSA,A,3,10,18,23,24,32,,,,,,,,1.37,0.71,1.17,1*0B
1780395406.131,$GNGSA,A,3,66,75,65,88,76,81,87,,,,,,1.37,0.71,1.17,2*00
1780395406.131,$GNGSA,A,3,05,12,04,06,09,10,11,36,,,,,1.37,0.71,1.17,3*0E
1780395406.132,$GNGSA,A,3,06,07,08,09,10,13,14,34,,,,,1.37,0.71,1.17,4*01
1780395406.133,$GPGSV,2,1,08,10,22,328,34,18,83,174,41,23,40,005,39,24,39,044,35,1*65
1780395406.133,$GPGSV,2,2,08,32,31,272,33,41,64,233,41,42,70,217,41,50,55,115,35,1*6E
1780395406.134,$GPGSV,2,1,05,10,22,328,28,18,83,174,41,23,40,005,34,24,39,044,23,6*68
1780395406.134,$GPGSV,2,2,05,32,31,272,28,6*58
1780395406.135,$GPGSV,3,1,09,05,04,104,,12,13,120,,13,18,119,,15,11,046,,0*6C
1780395406.136,$GPGSV,3,2,09,15,11,046,,25,18,157,,27,05,292,,28,16,207,,0*67
1780395406.136,$GPGSV,3,3,09,28,16,207,,0*54
1780395406.137,$GLGSV,2,1,07,65,23,012,22,66,28,317,32,75,21,074,28,76,27,134,27,1*7C
1780395406.138,$GLGSV,2,2,07,81,24,325,35,87,24,169,26,88,67,262,42,1*40
1780395406.138,$GLGSV,2,1,06,66,28,317,35,67,04,267,15,75,21,074,34,76,27,134,35,3*75
1780395406.139,$GLGSV,2,2,06,81,24,325,34,88,67,262,44,3*77
1780395406.139,$GLGSV,1,1,01,77,07,177,,0*4E
1780395406.140,$GAGSV,2,1,08,04,35,021,35,05,23,248,29,06,54,353,36,09,58,305,32,2*7F
1780395406.141,$GAGSV,2,2,08,10,70,123,37,11,76,356,32,12,45,136,33,36,25,329,31,2*72
1780395406.141,$GAGSV,2,1,08,04,35,021,37,05,23,248,31,06,54,353,37,09,58,305,32,7*70
1780395406.142,$GAGSV,2,2,08,10,70,123,40,11,76,356,35,12,45,136,35,36,25,329,33,7*74
1780395406.143,$GAGSV,1,1,04,16,08,188,,23,00,091,,28,16,036,,31,12,136,,0*7A
1780395406.144,$GBGSV,2,1,08,06,40,036,35,07,68,116,41,08,22,178,35,09,38,001,33,1*75
1780395406.144,$GBGSV,2,2,08,10,62,142,41,13,28,303,32,14,29,031,39,34,42,189,41,1*72
1780395406.145,$GBGSV,1,1,03,09,38,001,34,10,62,142,37,14,29,031,20,3*4B
1780395406.145,$GBGSV,3,1,10,01,42,106,,02,63,244,,03,72,138,,04,22,095,,0*75
1780395406.146,$GBGSV,3,2,10,04,22,095,,21,15,052,,24,37,154,,25,03,202,,0*79
1780395406.147,$GBGSV,3,3,10,25,03,202,,26,37,092,,0*79
1780395406.147,$GNGLL,1339.04748,N,10029.57925,E,101646.00,A,D*77
1780395407.116,$GNRMC,101647.00,A,1339.04773,N,10029.57926,E,0.947,1.18,020626,0.53,W,R,V*5B
1780395407.118,$GNVTG,1.18,T,1.71,M,0.947,N,1.753,K,D*3D
1780395407.120,$GNGGA,101647.00,1339.04773,N,10029.57926,E,4,12,0.76,-1.1,M,-27.8,M,,0499*43
1780395407.120,$GNGSA,A,3,10,18,23,24,32,,,,,,,,1.43,0.76,1.21,1*0A
1780395407.121,$GNGSA,A,3,66,75,65,88,76,81,87,,,,,,1.43,0.76,1.21,2*01
1780395407.121,$GNGSA,A,3,05,12,04,06,09,10,11,36,,,,,1.43,0.76,1.21,3*0F
1780395407.122,$GNGSA,A,3,06,07,08,09,10,14,34,,,,,,1.43,0.76,1.21,4*02
1780395407.123,$GPGSV,2,1,08,10,22,328,25,18,83,174,38,23,40,005,41,24,39,044,34,1*65
1780395407.123,$GPGSV,2,2,08,32,31,272,33,41,64,233,41,42,70,217,42,50,55,115,37,1*6F
1780395407.124,$GPGSV,2,1,05,10,22,328,27,18,83,174,41,23,40,005,35,24,39,044,26,6*63
1780395407.125,$GPGSV,2,2,05,32,31,272,28,6*58
1780395407.125,$GPGSV,3,1,09,05,04,104,,12,13,120,,13,18,119,,15,11,046,,0*6C
1780395407.126,$GPGSV,3,2,09,15,11,046,,25,18,157,,27,05,292,,28,16,207,,0*67
1780395407.126,$GPGSV,3,3,09,28,16,207,,0*54
1780395407.127,$GLGSV,2,1,07,65,23,012,22,66,28,317,35,75,21,074,29,76,27,134,28,1*75
1780395407.128,$GLGSV,2,2,07,81,24,325,29,87,24,169,26,88,67,262,43,1*4C
1780395407.128,$GLGSV,2,1,06,66,28,317,34,67,04,267,16,75,21,074,35,76,27,134,29,3*7B
1780395407.129,$GLGSV,2,2,06,81,24,325,30,88,67,262,40,3*77
1780395407.129,$GLGSV,1,1,01,77,07,177,,0*4E
1780395407.130,$GAGSV,2,1,08,04,35,021,35,05,23,248,33,06,54,353,36,09,58,305,26,2*71
1780395407.131,$GAGSV,2,2,08,10,70,123,37,11,76,356,33,12,45,136,33,36,26,329,29,2*79
1780395407.132,$GAGSV,2,1,08,04,35,021,36,05,23,248,30,06,54,353,37,09,58,305,38,7*7A
1780395407.132,$GAGSV,2,2,08,10,70,123,40,11,76,356,34,12,45,136,35,36,26,329,27,7*73
1780395407.133,$GAGSV,1,1,04,16,08,188,,23,00,091,,28,16,036,,31,12,136,,0*7A
1780395407.134,$GBGSV,2,1,08,06,40,036,36,07,68,116,42,08,22,178,35,09,38,001,35,1*73
1780395407.134,$GBGSV,2,2,08,10,62,142,41,13,28,303,18,14,29,031,35,34,42,189,37,1*77
1780395407.135,$GBGSV,1,1,04,09,38,001,33,10,62,142,37,13,28,303,14,14,29,031,17,3*72
1780395407.136,$GBGSV,3,1,10,01,42,106,,02,63,244,,03,72,138,,04,22,095,,0*75
1780395407.136,$GBGSV,3,2,10,04,22,095,,21,15,052,,24,37,154,,25,03,202,,0*79
1780395407.137,$GBGSV,3,3,10,25,03,202,,26,37,092,,0*79
1780395407.137,$GNGLL,1339.04773,N,10029.57926,E,101647.00,A,D*7D
1780395408.131,$GNRMC,101648.00,A,1339.04802,N,10029.57926,E,0.976,0.16,020626,0.53,W,R,V*50
1780395408.132,$GNVTG,0.16,T,0.69,M,0.976,N,1.808,K,D*39
1780395408.134,$GNGGA,101648.00,1339.04802,N,10029.57926,E,4,12,0.71,-1.1,M,-27.8,M,,0499*42
1780395408.135,$GNGSA,A,3,10,18,23,24,32,,,,,,,,1.37,0.71,1.17,1*0B
1780395408.135,$GNGSA,A,3,66,75,65,88,76,81,87,,,,,,1.37,0.71,1.17,2*00
1780395408.136,$GNGSA,A,3,05,12,04,06,09,10,11,36,,,,,1.37,0.71,1.17,3*0E
1780395408.136,$GNGSA,A,3,06,07,08,09,10,13,14,34,,,,,1.37,0.71,1.17,4*01
1780395408.137,$GPGSV,2,1,08,10,22,328,26,18,83,174,41,23,40,005,41,24,39,044,37,1*6B
1780395408.138,$GPGSV,2,2,08,32,31,272,35,41,64,233,36,42,70,217,41,50,55,115,36,1*6B
1780395408.138,$GPGSV,2,1,05,10,22,328,27,18,83,174,41,23,40,005,36,24,39,044,28,6*6E
1780395408.139,$GPGSV,2,2,05,32,31,272,26,6*56
1780395408.139,$GPGSV,3,1,09,05,04,104,,12,13,120,,13,18,119,,15,11,046,,0*6C
1780395408.140,$GPGSV,3,2,09,15,11,046,,25,18,157,,27,05,292,,28,16,207,,0*67
1780395408.140,$GPGSV,3,3,09,28,16,207,,0*54
1780395408.141,$GLGSV,2,1,07,65,23,012,23,66,28,317,33,75,21,074,35,76,27,134,28,1*7F
1780395408.142,$GLGSV,2,2,07,81,24,325,36,87,24,169,28,88,67,262,40,1*4F
1780395408.142,$GLGSV,2,1,06,66,28,317,39,67,04,267,16,75,21,074,32,76,27,134,34,3*7D
1780395408.143,$GLGSV,2,2,06,81,24,325,30,88,67,262,38,3*78
1780395408.143,$GLGSV,1,1,01,77,07,177,,0*4E
1780395408.144,$GAGSV,2,1,08,04,35,021,32,05,23,248,32,06,54,353,37,09,58,305,26,2*76
1780395408.145,$GAGSV,2,2,08,10,70,123,38,11,76,356,33,12,45,136,34,36,26,329,28,2*70
1780395408.145,$GAGSV,2,1,08,04,35,021,37,05,23,248,30,06,54,353,39,09,58,305,35,7*78
1780395408.146,$GAGSV,2,2,08,10,70,123,40,11,76,356,35,12,45,136,37,36,26,329,27,7*70
1780395408.147,$GAGSV,1,1,04,16,08,188,,23,00,091,,28,16,036,,31,12,136,,0*7A
1780395408.147,$GBGSV,2,1,08,06,40,036,36,07,68,116,42,08,22,178,36,09,38,001,34,1*71
1780395408.148,$GBGSV,2,2,08,10,62,142,40,13,28,303,21,14,29,031,31,34,42,189,39,1*76
1780395408.148,$GBGSV,1,1,04,09,38,001,33,10,62,142,37,13,28,303,11,14,29,031,14,3*74
1780395408.149,$GBGSV,3,1,10,01,42,106,,02,63,244,,03,72,138,,04,22,095,,0*75
1780395408.149,$GBGSV,3,2,10,04,22,095,,21,15,052,,24,37,154,,25,03,202,,0*79
1780395408.150,$GBGSV,3,3,10,25,03,202,,26,37,092,,0*79
1780395408.150,$GNGLL,1339.04802,N,10029.57926,E,101648.00,A,D*7B
1780395409.123,$GNRMC,101649.00,A,1339.04829,N,10029.57926,E,1.011,0.72,020626,0.53,W,R,V*53
1780395409.125,$GNVTG,0.72,T,1.25,M,1.011,N,1.872,K,D*36
1780395409.127,$GNGGA,101649.00,1339.04829,N,10029.57926,E,4,12,0.71,-1.1,M,-27.8,M,,0499*4A
1780395409.128,$GNGSA,A,3,10,18,23,24,32,,,,,,,,1.37,0.71,1.17,1*0B
1780395409.128,$GNGSA,A,3,66,75,65,88,76,81,87,,,,,,1.37,0.71,1.17,2*00
1780395409.129,$GNGSA,A,3,05,12,04,06,09,10,11,36,,,,,1.37,0.71,1.17,3*0E
1780395409.129,$GNGSA,A,3,06,07,08,09,10,13,14,34,,,,,1.37,0.71,1.17,4*01
1780395409.130,$GPGSV,2,1,08,10,22,328,31,18,83,174,41,23,40,005,37,24,39,044,37,1*6C
1780395409.130,$GPGSV,2,2,08,32,31,272,35,41,64,233,41,42,70,217,42,50,55,115,36,1*68
1780395409.131,$GPGSV,2,1,05,10,22,328,27,18,83,174,41,23,40,005,36,24,39,044,30,6*67
1780395409.131,$GPGSV,2,2,05,32,31,272,27,6*57
1780395409.132,$GPGSV,3,1,09,05,04,104,,12,13,120,,13,18,119,,15,11,046,,0*6C
1780395409.132,$GPGSV,3,2,09,15,11,046,,25,18,157,,27,05,292,,28,16,207,,0*67
1780395409.133,$GPGSV,3,3,09,28,16,207,,0*54
1780395409.133,$GLGSV,2,1,07,65,23,012,23,66,28,317,28,75,21,074,38,76,27,134,19,1*7A
1780395409.134,$GLGSV,2,2,07,81,24,325,36,87,24,169,28,88,67,262,40,1*4F
1780395409.134,$GLGSV,2,1,06,66,28,317,34,67,04,267,16,75,21,074,38,76,27,134,30,3*7E
1780395409.135,$GLGSV,2,2,06,81,24,325,31,88,67,262,42,3*74
1780395409.135,$GLGSV,1,1,01,77,07,177,,0*4E
1780395409.136,$GAGSV,2,1,08,04,35,021,33,05,23,248,32,06,54,353,39,09,58,305,37,2*79
1780395409.136,$GAGSV,2,2,08,10,70,123,39,11,76,356,34,12,45,136,34,36,26,329,30,2*7F
1780395409.137,$GAGSV,2,1,08,04,35,021,37,05,23,248,30,06,54,353,37,09,58,305,36,7*75
1780395409.138,$GAGSV,2,2,08,10,70,123,40,11,76,356,37,12,45,136,36,36,26,329,26,7*72
1780395409.138,$GAGSV,1,1,04,16,08,188,,23,00,091,,28,16,036,,31,12,136,,0*7A
1780395409.139,$GBGSV,2,1,08,06,40,036,38,07,68,116,42,08,22,178,36,09,38,001,36,1*7D
1780395409.140,$GBGSV,2,2,08,10,62,142,41,13,28,303,24,14,29,031,34,34,42,189,39,1*77
1780395409.140,$GBGSV,1,1,04,09,38,001,33,10,62,142,37,13,28,303,09,14,29,031,10,3*79
1780395409.141,$GBGSV,3,1,10,01,42,106,,02,63,244,,03,72,138,,04,22,095,,0*75
1780395409.141,$GBGSV,3,2,10,04,22,095,,21,15,052,,24,37,154,,25,03,202,,0*79
1780395409.142,$GBGSV,3,3,10,25,03,202,,26,37,092,,0*79
1780395409.142,$GNGLL,1339.04829,N,10029.57926,E,101649.00,A,D*73
1780395410.122,$GNRMC,101650.00,A,1339.04857,N,10029.57926,E,0.999,0.81,020626,0.53,W,R,V*56
1780395410.124,$GNVTG,0.81,T,1.34,M,0.999,N,1.850,K,D*32
1780395410.127,$GNGGA,101650.00,1339.04857,N,10029.57926,E,4,12,0.71,-1.1,M,-27.8,M,,0499*4B
1780395410.128,$GNGSA,A,3,10,18,23,24,32,,,,,,,,1.37,0.71,1.17,1*0B
1780395410.130,$GNGSA,A,3,66,75,65,88,76,81,87,,,,,,1.37,0.71,1.17,2*00
1780395410.132,$GNGSA,A,3,05,12,04,06,09,10,11,36,,,,,1.37,0.71,1.17,3*0E
1780395410.133,$GNGSA,A,3,06,07,08,09,10,13,14,34,,,,,1.37,0.71,1.17,4*01
1780395410.136,$GPGSV,2,1,08,10,22,328,34,18,83,174,41,23,40,005,40,24,39,044,37,1*69
1780395410.139,$GPGSV,2,2,08,32,31,272,36,41,64,233,41,42,70,217,43,50,55,115,36,1*6A
1780395410.141,$GPGSV,2,1,05,10,22,328,26,18,83,174,42,23,40,005,35,24,39,044,32,6*64
1780395410.143,$GPGSV,2,2,05,32,31,272,28,6*58
1780395410.145,$GPGSV,3,1,09,05,04,104,,12,13,120,,13,18,119,,15,11,046,,0*6C
1780395410.147,$GPGSV,3,2,09,15,11,046,,25,18,157,,27,05,292,,28,16,207,,0*67
1780395410.148,$GPGSV,3,3,09,28,16,207,,0*54
1780395410.151,$GLGSV,2,1,07,65,23,012,24,66,28,317,33,75,21,074,35,76,27,134,28,1*78
1780395410.152,$GLGSV,2,2,07,81,24,325,32,87,24,169,29,88,67,262,41,1*4B
1780395410.153,$GLGSV,2,1,06,66,28,317,34,67,04,267,16,75,21,074,36,76,27,134,34,3*74
1780395410.154,$GLGSV,2,2,06,81,24,325,35,88,67,262,39,3*7C
1780395410.155,$GLGSV,1,1,01,77,07,177,,0*4E
1780395410.156,$GAGSV,2,1,08,04,35,021,34,05,23,248,32,06,54,353,37,09,58,305,35,2*72
1780395410.157,$GAGSV,2,2,08,10,70,123,38,11,76,356,34,12,45,136,35,36,26,329,23,2*7D
1780395410.158,$GAGSV,2,1,08,04,35,021,35,05,23,248,34,06,54,353,39,09,58,305,38,7*73
1780395410.159,$GAGSV,2,2,08,10,70,123,38,11,76,356,37,12,45,136,36,36,26,329,24,7*7F
1780395410.160,$GAGSV,1,1,04,16,08,188,,23,00,091,,28,16,036,,31,12,136,,0*7A
1780395410.161,$GBGSV,2,1,08,06,40,036,40,07,68,116,42,08,22,178,37,09,38,001,36,1*73
1780395410.162,$GBGSV,2,2,08,10,62,142,41,13,28,303,31,14,29,031,31,34,42,189,38,1*77
1780395410.163,$GBGSV,1,1,04,09,38,001,33,10,62,142,37,13,28,303,08,14,29,031,08,3*71
1780395410.164,$GBGSV,3,1,10,01,42,106,,02,63,244,,03,72,138,,04,22,095,,0*75
1780395410.164,$GBGSV,3,2,10,04,22,095,,21,15,052,,24,37,154,,25,03,202,,0*79
1780395410.165,$GBGSV,3,3,10,25,03,202,,26,37,092,,0*79
1780395410.165,$GNGLL,1339.04857,N,10029.57926,E,101650.00,A,D*72
1780395411.128,$GNRMC,101651.00,A,1339.04886,N,10029.57925,E,1.043,357.56,020626,0.53,W,R,V*5C
1780395411.129,$GNVTG,357.56,T,358.09,M,1.043,N,1.932,K,D*32
1780395411.129,$GNGGA,101651.00,1339.04886,N,10029.57925,E,4,12,0.72,-1.1,M,-27.8,M,,0499*46
1780395411.130,$GNGSA,A,3,10,18,23,24,32,,,,,,,,1.38,0.72,1.17,1*07
1780395411.130,$GNGSA,A,3,66,75,65,88,76,81,87,,,,,,1.38,0.72,1.17,2*0C
1780395411.131,$GNGSA,A,3,05,12,04,06,09,10,11,36,,,,,1.38,0.72,1.17,3*02
1780395411.131,$GNGSA,A,3,06,07,08,09,10,13,14,34,,,,,1.38,0.72,1.17,4*0D
1780395411.132,$GPGSV,2,1,08,10,22,328,33,18,83,174,42,23,40,005,38,24,39,044,36,1*63
1780395411.133,$GPGSV,2,2,08,32,31,272,35,41,64,233,42,42,70,217,41,50,55,115,34,1*6A
1780395411.133,$GPGSV,2,1,05,10,22,328,27,18,83,174,42,23,40,005,37,24,39,044,32,6*67
1780395411.134,$GPGSV,2,2,05,32,31,272,28,6*58
1780395411.135,$GPGSV,3,1,09,05,04,104,,12,13,120,,13,18,119,,15,11,046,,0*6C
1780395411.135,$GPGSV,3,2,09,15,11,046,,25,18,157,,27,05,292,,28,16,207,,0*67
1780395411.136,$GPGSV,3,3,09,28,16,207,,0*54
1780395411.136,$GLGSV,2,1,07,65,23,012,24,66,28,317,35,75,21,074,28,76,27,134,27,1*7D
1780395411.137,$GLGSV,2,2,07,81,24,325,32,87,24,169,30,88,67,262,41,1*43
1780395411.138,$GLGSV,2,1,06,66,28,317,35,67,04,267,15,75,21,074,36,76,27,134,26,3*75
1780395411.138,$GLGSV,2,2,06,81,24,325,25,88,67,262,39,3*7D
1780395411.139,$GLGSV,1,1,01,77,07,177,,0*4E
1780395411.140,$GAGSV,2,1,08,04,35,021,34,05,23,248,30,06,54,353,37,09,58,305,35,2*70
1780395411.140,$GAGSV,2,2,08,10,70,123,38,11,76,356,34,12,45,136,34,36,26,329,22,2*7D
1780395411.141,$GAGSV,2,1,08,04,35,021,37,05,23,248,33,06,54,353,40,09,58,305,36,7*76
1780395411.142,$GAGSV,2,2,08,10,70,123,40,11,76,356,36,12,45,136,36,36,26,329,24,7*71
1780395411.143,$GAGSV,1,1,04,16,08,188,,23,00,091,,28,16,036,,31,12,136,,0*7A
1780395411.143,$GBGSV,2,1,08,06,40,036,37,07,68,116,41,08,22,178,37,09,38,001,36,1*70
1780395411.144,$GBGSV,2,2,08,10,62,142,41,13,28,303,32,14,29,031,32,34,42,189,38,1*77
1780395411.145,$GBGSV,1,1,04,09,38,001,34,10,62,142,34,13,28,303,08,14,29,031,07,3*7A
1780395411.145,$GBGSV,3,1,10,01,42,106,,02,63,244,,03,72,138,,04,22,095,,0*75
1780395411.146,$GBGSV,3,2,10,04,22,095,,21,15,052,,24,37,154,,25,03,202,,0*79
1780395411.147,$GBGSV,3,3,10,25,03,202,,26,37,092,,0*79
1780395411.147,$GNGLL,1339.04886,N,10029.57925,E,101651.00,A,D*7C
1780395412.130,$GNRMC,101652.00,A,1339.04915,N,10029.57924,E,0.989,358.83,020626,0.53,W,R,V*5C
1780395412.132,$GNVTG,358.83,T,359.36,M,0.989,N,1.832,K,D*37
1780395412.135,$GNGGA,101652.00,1339.04915,N,10029.57924,E,4,12,0.72,-1.1,M,-27.8,M,,0499*4F
1780395412.136,$GNGSA,A,3,10,18,23,24,32,,,,,,,,1.38,0.72,1.17,1*07
1780395412.138,$GNGSA,A,3,66,75,65,88,76,81,87,,,,,,1.38,0.72,1.17,2*0C
1780395412.140,$GNGSA,A,3,05,12,04,06,09,10,11,36,,,,,1.38,0.72,1.17,3*02
1780395412.141,$GNGSA,A,3,06,07,08,09,10,13,14,34,,,,,1.38,0.72,1.17,4*0D
1780395412.144,$GPGSV,2,1,08,10,22,328,28,18,83,174,41,23,40,005,38,24,39,044,40,1*6B
1780395412.147,$GPGSV,2,2,08,32,31,272,35,41,64,233,42,42,70,217,41,50,55,115,38,1*66
1780395412.149,$GPGSV,2,1,05,10,22,328,27,18,83,174,42,23,40,005,36,24,39,044,33,6*67
1780395412.150,$GPGSV,2,2,05,32,31,272,30,6*51
1780395412.153,$GPGSV,3,1,09,05,04,104,,12,13,120,,13,18,119,,15,11,046,,0*6C
1780395412.155,$GPGSV,3,2,09,15,11,046,,25,18,157,,27,05,292,,28,16,207,,0*67
1780395412.156,$GPGSV,3,3,09,28,16,207,,0*54
1780395412.159,$GLGSV,2,1,07,65,23,012,25,66,28,317,32,75,21,074,30,76,27,134,27,1*72
1780395412.161,$GLGSV,2,2,07,81,24,325,26,87,24,169,30,88,67,262,39,1*49
1780395412.163,$GLGSV,2,1,06,66,28,317,37,67,04,267,14,75,21,074,34,76,27,134,26,3*74
1780395412.165,$GLGSV,2,2,06,81,24,325,25,88,67,262,37,3*73
1780395412.165,$GLGSV,1,1,01,77,07,177,,0*4E
1780395412.167,$GAGSV,2,1,08,04,35,021,36,05,23,248,30,06,54,353,37,09,58,305,34,2*73
1780395412.168,$GAGSV,2,2,08,10,70,123,37,11,76,356,35,12,45,136,33,36,26,329,24,2*72
1780395412.170,$GAGSV,2,1,08,04,35,021,35,05,23,248,32,06,54,353,37,09,58,305,36,7*75
1780395412.171,$GAGSV,2,2,08,10,70,123,40,11,76,356,34,12,45,136,36,36,26,329,30,7*76
1780395412.172,$GAGSV,1,1,04,16,08,188,,23,00,091,,28,16,036,,31,12,136,,0*7A
1780395412.173,$GBGSV,2,1,08,06,40,036,40,07,68,116,39,08,22,178,37,09,38,001,38,1*71
1780395412.174,$GBGSV,2,2,08,10,62,142,39,13,28,303,38,14,29,031,27,34,42,189,40,1*79
1780395412.175,$GBGSV,1,1,04,09,38,001,32,10,62,142,37,13,28,303,08,14,29,031,08,3*70
1780395412.176,$GBGSV,3,1,10,01,42,106,,02,63,244,,03,72,138,,04,22,095,,0*75
1780395412.176,$GBGSV,3,2,10,04,22,095,,21,15,052,,24,37,154,,25,03,202,,0*79
1780395412.177,$GBGSV,3,3,10,25,03,202,,26,37,092,,0*79
1780395412.178,$GNGLL,1339.04915,N,10029.57924,E,101652.00,A,D*75
1780395413.125,$GNRMC,101653.00,A,1339.04943,N,10029.57923,E,0.971,357.81,020626,0.53,W,R,V*53
1780395413.128,$GNVTG,357.81,T,358.34,M,0.971,N,1.799,K,D*30
1780395413.129,$GNGGA,101653.00,1339.04943,N,10029.57923,E,4,12,0.72,-1.1,M,-27.8,M,,0499*4A
1780395413.130,$GNGSA,A,3,10,18,23,24,32,,,,,,,,1.38,0.72,1.17,1*07
1780395413.130,$GNGSA,A,3,66,75,65,88,76,81,87,,,,,,1.38,0.72,1.17,2*0C
1780395413.131,$GNGSA,A,3,05,12,04,06,09,10,11,36,,,,,1.38,0.72,1.17,3*02
1780395413.131,$GNGSA,A,3,06,07,08,09,10,13,14,34,,,,,1.38,0.72,1.17,4*0D
1780395413.132,$GPGSV,2,1,08,10,22,328,26,18,83,174,43,23,40,005,37,24,39,044,39,1*66
1780395413.132,$GPGSV,2,2,08,32,31,272,35,41,64,233,42,42,70,217,39,50,55,115,37,1*66
1780395413.133,$GPGSV,2,1,05,10,22,328,27,18,83,174,41,23,40,005,36,24,39,044,33,6*64
1780395413.134,$GPGSV,2,2,05,32,31,272,29,6*59
1780395413.134,$GPGSV,3,1,09,05,04,104,,12,13,120,,13,18,119,,15,11,046,,0*6C
1780395413.135,$GPGSV,3,2,09,15,11,046,,25,18,157,,27,05,292,,28,16,207,,0*67
1780395413.135,$GPGSV,3,3,09,28,16,207,,0*54
1780395413.136,$GLGSV,2,1,07,65,23,012,24,66,28,317,36,75,21,074,27,76,27,134,32,1*75
1780395413.136,$GLGSV,2,2,07,81,24,325,26,87,24,169,31,88,67,262,40,1*46
1780395413.137,$GLGSV,2,1,06,66,28,317,38,67,04,267,14,75,21,074,34,76,27,134,34,3*78
1780395413.138,$GLGSV,2,2,06,81,24,325,26,88,67,262,39,3*7E
1780395413.138,$GLGSV,1,1,01,77,07,177,,0*4E
1780395413.139,$GAGSV,2,1,08,04,35,021,35,05,23,248,29,06,54,353,37,09,58,305,33,2*7F
1780395413.140,$GAGSV,2,2,08,10,70,123,40,11,76,356,35,12,45,136,34,36,26,329,31,2*71
1780395413.140,$GAGSV,2,1,08,04,35,021,37,05,23,248,29,06,54,353,40,09,58,305,36,7*7D
1780395413.141,$GAGSV,2,2,08,10,70,123,38,11,76,356,37,12,45,136,33,36,26,329,21,7*7F
1780395413.142,$GAGSV,1,1,04,16,08,188,,23,00,091,,28,16,036,,31,12,136,,0*7A
1780395413.142,$GBGSV,2,1,08,06,40,036,40,07,68,115,39,08,22,178,34,09,38,001,39,1*70
1780395413.143,$GBGSV,2,2,08,10,62,142,39,13,28,303,38,14,29,031,28,34,42,189,36,1*77
1780395413.144,$GBGSV,1,1,04,09,38,001,32,10,62,142,37,13,28,303,08,14,29,031,09,3*71
1780395413.144,$GBGSV,3,1,10,01,42,106,,02,63,244,,03,72,138,,04,22,095,,0*75
1780395413.145,$GBGSV,3,2,10,04,22,095,,21,15,052,,24,37,154,,25,03,202,,0*79
1780395413.146,$GBGSV,3,3,10,25,03,202,,26,37,092,,0*79
1780395413.146,$GNGLL,1339.04943,N,10029.57923,E,101653.00,A,D*70
1780395414.128,$GNRMC,101654.00,A,1339.04970,N,10029.57922,E,1.046,358.77,020626,0.53,W,R,V*5F
1780395414.132,$GNVTG,358.77,T,359.30,M,1.046,N,1.937,K,D*35
1780395414.137,$GNGGA,101654.00,1339.04970,N,10029.57922,E,4,12,0.75,-1.1,M,-27.8,M,,0499*4B
1780395414.139,$GNGSA,A,3,10,18,23,24,32,,,,,,,,1.40,0.75,1.18,1*00
1780395414.142,$GNGSA,A,3,66,75,65,88,76,81,87,,,,,,1.40,0.75,1.18,2*0B
1780395414.144,$GNGSA,A,3,05,12,04,06,09,10,11,36,,,,,1.40,0.75,1.18,3*05
1780395414.145,$GNGSA,A,3,06,07,08,09,10,13,14,34,,,,,1.40,0.75,1.18,4*0A
1780395414.146,$GPGSV,2,1,08,10,22,328,27,18,83,174,40,23,40,005,37,24,39,044,37,1*6A
1780395414.148,$GPGSV,2,2,08,32,31,272,35,41,64,233,42,42,70,217,41,50,55,115,33,1*6D
1780395414.149,$GPGSV,2,1,05,10,22,328,25,18,83,174,41,23,40,005,36,24,39,044,32,6*67
1780395414.150,$GPGSV,2,2,05,32,31,272,18,6*5B
1780395414.151,$GPGSV,3,1,09,05,04,104,,12,13,120,,13,18,119,,15,11,046,,0*6C
1780395414.152,$GPGSV,3,2,09,15,11,046,,25,18,157,,27,05,292,,28,16,207,,0*67
1780395414.153,$GPGSV,3,3,09,28,16,207,,0*54
1780395414.154,$GLGSV,2,1,07,65,23,012,22,66,28,317,33,75,21,074,35,76,27,134,36,1*71
1780395414.155,$GLGSV,2,2,07,81,24,325,28,87,24,169,32,88,67,262,38,1*44
1780395414.156,$GLGSV,2,1,06,66,28,317,32,67,04,267,14,75,21,074,36,76,27,134,30,3*74
1780395414.157,$GLGSV,2,2,06,81,24,325,25,88,67,262,39,3*7D
1780395414.157,$GLGSV,1,1,01,77,07,177,,0*4E
1780395414.158,$GAGSV,2,1,08,04,35,021,34,05,23,248,21,06,54,353,37,09,58,305,32,2*77
1780395414.159,$GAGSV,2,2,08,10,70,123,39,11,76,356,34,12,45,136,29,36,26,329,30,2*73
1780395414.159,$GAGSV,3,1,09,04,35,021,37,05,23,248,22,06,54,353,42,09,58,305,34,7*76
1780395414.160,$GAGSV,3,2,09,10,70,123,38,11,76,356,37,12,45,136,36,28,16,036,18,7*71
1780395414.161,$GAGSV,3,3,09,36,26,329,21,7*40
1780395414.161,$GAGSV,1,1,03,16,08,188,,23,00,091,,31,12,136,,0*45
1780395414.162,$GBGSV,2,1,08,06,40,036,39,07,68,115,41,08,22,178,35,09,38,001,39,1*70
1780395414.162,$GBGSV,2,2,08,10,62,142,39,13,28,303,36,14,29,031,28,34,42,189,40,1*78
1780395414.163,$GBGSV,1,1,04,09,38,001,32,10,62,142,37,13,28,303,08,14,29,031,09,3*71
1780395414.164,$GBGSV,3,1,10,01,42,106,,02,63,244,,03,72,138,,04,22,095,,0*75
1780395414.165,$GBGSV,3,2,10,04,22,095,,21,15,052,,24,37,154,,25,03,202,,0*79
1780395414.165,$GBGSV,3,3,10,25,03,202,,26,37,092,,0*79
1780395414.166,$GNGLL,1339.04970,N,10029.57922,E,101654.00,A,D*76
1780395415.121,$GNRMC,101655.00,A,1339.05000,N,10029.57920,E,1.086,0.47,020626,0.53,W,R,V*52
1780395415.124,$GNVTG,0.47,T,1.00,M,1.086,N,2.012,K,D*34
1780395415.125,$GNGGA,101655.00,1339.05000,N,10029.57920,E,4,12,0.75,-1.1,M,-27.8,M,,0499*47
1780395415.125,$GNGSA,A,3,10,18,23,24,32,,,,,,,,1.40,0.75,1.18,1*00
1780395415.126,$GNGSA,A,3,66,75,65,88,76,81,87,,,,,,1.40,0.75,1.18,2*0B
1780395415.127,$GNGSA,A,3,05,12,04,06,09,10,11,36,,,,,1.40,0.75,1.18,3*05
1780395415.127,$GNGSA,A,3,06,07,08,09,10,13,14,34,,,,,1.40,0.75,1.18,4*0A
1780395415.128,$GPGSV,2,1,08,10,22,328,26,18,83,174,41,23,40,005,37,24,39,044,37,1*6A
1780395415.128,$GPGSV,2,2,08,32,31,272,26,41,64,233,38,42,70,217,39,50,55,115,34,1*6A
1780395415.129,$GPGSV,2,1,05,10,22,328,26,18,83,174,43,23,40,005,37,24,39,044,32,6*67
1780395415.130,$GPGSV,2,2,05,32,31,272,28,6*58
1780395415.130,$GPGSV,3,1,09,05,04,104,,12,13,120,,13,18,119,,15,11,046,,0*6C
1780395415.131,$GPGSV,3,2,09,15,11,046,,25,18,157,,27,05,292,,28,16,207,,0*67
1780395415.131,$GPGSV,3,3,09,28,16,207,,0*54
1780395415.132,$GLGSV,2,1,07,65,23,012,24,66,28,317,34,75,21,074,34,76,27,134,33,1*74
1780395415.133,$GLGSV,2,2,07,81,24,325,32,87,24,169,33,88,67,262,30,1*46
1780395415.133,$GLGSV,2,1,06,66,28,317,35,67,04,267,16,75,21,074,36,76,27,134,35,3*74
1780395415.134,$GLGSV,2,2,06,81,24,325,24,88,67,262,30,3*75
1780395415.134,$GLGSV,1,1,01,77,07,177,,0*4E
1780395415.135,$GAGSV,2,1,08,04,35,021,34,05,23,248,20,06,54,353,36,09,58,305,34,2*71
1780395415.136,$GAGSV,2,2,08,10,70,123,39,11,76,356,34,12,45,136,33,36,26,329,28,2*71
1780395415.136,$GAGSV,2,1,08,04,35,021,36,05,23,248,24,06,54,353,40,09,58,305,39,7*7E
1780395415.137,$GAGSV,2,2,08,10,70,123,38,11,76,356,37,12,45,136,34,36,26,329,24,7*7D
1780395415.138,$GAGSV,1,1,04,16,08,188,,23,00,091,,28,16,036,,31,12,136,,0*7A
1780395415.139,$GBGSV,2,1,08,06,40,036,36,07,68,115,41,08,22,178,34,09,38,002,39,1*7D
1780395415.139,$GBGSV,2,2,08,10,62,142,39,13,28,303,38,14,29,031,26,34,42,189,36,1*79
1780395415.140,$GBGSV,1,1,04,09,38,002,32,10,62,142,36,13,28,303,10,14,29,031,08,3*7B
1780395415.140,$GBGSV,3,1,10,01,42,106,,02,63,244,,03,72,138,,04,22,095,,0*75
1780395415.141,$GBGSV,3,2,10,04,22,095,,21,15,052,,24,37,154,,25,03,202,,0*79
1780395415.141,$GBGSV,3,3,10,25,03,202,,26,37,092,,0*79
1780395415.142,$GNGLL,1339.05000,N,10029.57920,E,101655.00,A,D*7A
1780395416.115,$GNRMC,101656.00,A,1339.05028,N,10029.57921,E,0.973,356.96,020626,0.53,W,R,V*54
1780395416.118,$GNVTG,356.96,T,357.49,M,0.973,N,1.802,K,D*3D
1780395416.121,$GNGGA,101656.00,1339.05028,N,10029.57921,E,4,12,0.75,-1.1,M,-27.8,M,,0499*4F
1780395416.123,$GNGSA,A,3,10,18,23,24,32,,,,,,,,1.40,0.75,1.18,1*00
1780395416.124,$GNGSA,A,3,66,75,65,88,76,81,87,,,,,,1.40,0.75,1.18,2*0B
1780395416.126,$GNGSA,A,3,05,12,04,06,09,10,11,36,,,,,1.40,0.75,1.18,3*05
1780395416.127,$GNGSA,A,3,06,07,08,09,10,13,14,34,,,,,1.40,0.75,1.18,4*0A
1780395416.129,$GPGSV,2,1,08,10,22,328,31,18,83,174,42,23,40,005,36,24,39,044,33,1*6A
1780395416.131,$GPGSV,2,2,08,32,31,272,25,41,64,233,36,42,70,217,39,50,55,115,32,1*61
1780395416.134,$GPGSV,2,1,05,10,22,328,26,18,83,174,42,23,40,005,38,24,39,044,31,6*6A
1780395416.135,$GPGSV,2,2,05,32,31,272,28,6*58
1780395416.137,$GPGSV,3,1,09,05,04,104,,12,13,120,,13,18,119,,15,11,046,,0*6C
1780395416.139,$GPGSV,3,2,09,15,11,046,,25,18,157,,27,05,292,,28,16,207,,0*67
1780395416.140,$GPGSV,3,3,09,28,16,207,,0*54
1780395416.143,$GLGSV,2,1,07,65,23,012,29,66,28,317,37,75,21,074,37,76,27,134,33,1*79
1780395416.145,$GLGSV,2,2,07,81,24,325,26,87,24,169,32,88,67,262,31,1*43
1780395416.147,$GLGSV,2,1,06,66,28,317,36,67,04,267,17,75,21,074,37,76,27,134,34,3*76
1780395416.148,$GLGSV,2,2,06,81,24,325,31,88,67,262,33,3*72
1780395416.148,$GLGSV,1,1,01,77,07,177,,0*4E
1780395416.149,$GAGSV,2,1,08,04,35,021,33,05,23,248,26,06,54,353,36,09,58,305,35,2*71
1780395416.150,$GAGSV,2,2,08,10,70,123,39,11,76,356,34,12,45,136,29,36,26,329,27,2*75
1780395416.151,$GAGSV,2,1,08,04,35,021,36,05,23,248,27,06,54,353,40,09,58,305,37,7*73
1780395416.151,$GAGSV,2,2,08,10,70,123,40,11,76,356,36,12,45,136,34,36,26,329,25,7*72
1780395416.152,$GAGSV,1,1,04,16,08,188,,23,00,091,,28,16,036,,31,12,136,,0*7A
1780395416.153,$GBGSV,2,1,08,06,40,036,38,07,68,115,44,08,22,178,34,09,38,002,38,1*77
1780395416.153,$GBGSV,2,2,08,10,63,142,41,13,28,303,40,14,29,031,31,34,42,189,36,1*7E
1780395416.154,$GBGSV,1,1,04,09,38,002,31,10,63,142,36,13,28,303,10,14,29,031,07,3*76
1780395416.154,$GBGSV,3,1,10,01,42,106,,02,63,244,,03,72,138,,04,22,095,,0*75
1780395416.155,$GBGSV,3,2,10,04,22,095,,21,15,052,,24,37,154,,25,03,202,,0*79
1780395416.155,$GBGSV,3,3,10,25,03,202,,26,37,092,,0*79
1780395416.156,$GNGLL,1339.05028,N,10029.57921,E,101656.00,A,D*72
1780395417.129,$GNRMC,101657.00,A,1339.05057,N,10029.57920,E,1.083,359.05,020626,0.53,W,R,V*5E
1780395417.131,$GNVTG,359.05,T,359.58,M,1.083,N,2.006,K,D*3E
1780395417.133,$GNGGA,101657.00,1339.05057,N,10029.57920,E,4,12,0.75,-1.1,M,-27.8,M,,0499*47
1780395417.133,$GNGSA,A,3,10,18,23,24,32,,,,,,,,1.40,0.75,1.18,1*00
1780395417.134,$GNGSA,A,3,66,75,65,88,76,81,87,,,,,,1.40,0.75,1.18,2*0B
1780395417.134,$GNGSA,A,3,05,12,04,06,09,10,11,36,,,,,1.40,0.75,1.18,3*05
1780395417.135,$GNGSA,A,3,06,07,08,09,10,13,14,34,,,,,1.40,0.75,1.18,4*0A
1780395417.135,$GPGSV,2,1,08,10,22,328,29,18,83,174,42,23,40,005,40,24,39,044,33,1*62
1780395417.136,$GPGSV,2,2,08,32,31,272,31,41,64,233,35,42,70,217,37,50,55,115,33,1*68
1780395417.137,$GPGSV,2,1,05,10,22,328,25,18,83,174,39,23,40,005,37,24,39,044,33,6*68
1780395417.137,$GPGSV,2,2,05,32,31,272,27,6*57
1780395417.138,$GPGSV,3,1,09,05,04,104,,12,13,120,,13,18,119,,15,11,046,,0*6C
1780395417.139,$GPGSV,3,2,09,15,11,046,,25,18,157,,27,05,292,,28,16,207,,0*67
1780395417.139,$GPGSV,3,3,09,28,16,207,,0*54
1780395417.140,$GLGSV,2,1,07,65,23,012,28,66,28,317,31,75,21,074,35,76,27,134,35,1*7A
1780395417.141,$GLGSV,2,2,07,81,24,325,32,87,24,169,34,88,67,262,36,1*47
1780395417.141,$GLGSV,2,1,06,66,28,317,27,67,04,267,17,75,21,074,36,76,27,134,34,3*77
1780395417.142,$GLGSV,2,2,06,81,24,325,26,88,67,262,39,3*7E
1780395417.142,$GLGSV,1,1,01,77,07,177,,0*4E
1780395417.143,$GAGSV,2,1,08,04,35,021,30,05,23,248,33,06,54,353,38,09,58,305,36,2*7B
1780395417.144,$GAGSV,2,2,08,10,70,123,39,11,76,356,34,12,45,136,29,36,26,329,27,2*75
1780395417.144,$GAGSV,2,1,08,04,35,021,33,05,23,248,27,06,54,353,40,09,58,305,39,7*78
1780395417.145,$GAGSV,2,2,08,10,70,123,38,11,76,356,37,12,45,136,31,36,26,329,26,7*7A
1780395417.146,$GAGSV,1,1,04,16,08,188,,23,00,091,,28,16,036,,31,12,136,,0*7A
1780395417.147,$GBGSV,2,1,08,06,40,036,36,07,68,115,42,08,22,178,35,09,38,002,35,1*73
1780395417.147,$GBGSV,2,2,08,10,63,142,41,13,28,303,40,14,29,031,24,34,42,189,40,1*7B
1780395417.148,$GBGSV,1,1,02,09,38,002,31,10,63,142,36,3*72
1780395417.148,$GBGSV,3,1,10,01,42,106,,02,63,244,,03,72,138,,04,22,095,,0*75
1780395417.149,$GBGSV,3,2,10,04,22,095,,21,15,052,,24,37,154,,25,03,202,,0*79
1780395417.149,$GBGSV,3,3,10,25,03,202,,26,37,092,,0*79
1780395417.150,$GNGLL,1339.05057,N,10029.57920,E,101657.00,A,D*7A
1780395418.125,$GNRMC,101658.00,A,1339.05087,N,10029.57920,E,1.043,1.68,020626,0.53,W,R,V*55
1780395418.127,$GNVTG,1.68,T,2.21,M,1.043,N,1.931,K,D*3A
1780395418.129,$GNGGA,101658.00,1339.05087,N,10029.57920,E,4,12,0.75,-1.1,M,-27.8,M,,0499*45
1780395418.129,$GNGSA,A,3,10,18,23,24,32,,,,,,,,1.40,0.75,1.18,1*00
1780395418.130,$GNGSA,A,3,66,75,65,88,76,81,87,,,,,,1.40,0.75,1.18,2*0B
1780395418.130,$GNGSA,A,3,05,12,04,06,09,10,11,36,,,,,1.40,0.75,1.18,3*05
1780395418.131,$GNGSA,A,3,06,07,08,09,10,13,14,34,,,,,1.40,0.75,1.18,4*0A
1780395418.131,$GPGSV,2,1,08,10,22,328,29,18,83,174,43,23,40,005,36,24,39,044,38,1*69
1780395418.132,$GPGSV,2,2,08,32,31,272,34,41,64,233,39,42,70,217,37,50,55,115,33,1*61
1780395418.133,$GPGSV,2,1,05,10,22,328,23,18,83,174,40,23,40,005,33,24,39,044,29,6*6F
1780395418.133,$GPGSV,2,2,05,32,31,272,28,6*58
1780395418.134,$GPGSV,3,1,09,05,04,104,,12,13,120,,13,18,119,,15,11,046,,0*6C
1780395418.134,$GPGSV,3,2,09,15,11,046,,25,18,157,,27,05,292,,28,16,207,,0*67
1780395418.135,$GPGSV,3,3,09,28,16,207,,0*54
1780395418.135,$GLGSV,2,1,07,65,23,012,28,66,28,317,31,75,21,074,32,76,27,134,34,1*7C
1780395418.136,$GLGSV,2,2,07,81,24,325,27,87,24,169,33,88,67,262,29,1*4A
1780395418.136,$GLGSV,2,1,06,66,28,317,28,67,04,267,16,75,21,074,39,76,27,134,31,3*73
1780395418.137,$GLGSV,2,2,06,81,24,325,25,88,67,262,37,3*73
1780395418.137,$GLGSV,1,1,01,77,07,177,,0*4E
1780395418.138,$GAGSV,2,1,08,04,35,021,29,05,23,248,32,06,54,353,38,09,58,305,36,2*72
1780395418.139,$GAGSV,2,2,08,10,70,123,38,11,76,356,35,12,45,136,29,36,26,329,25,2*77
1780395418.139,$GAGSV,2,1,08,04,35,021,33,05,23,248,30,06,54,353,39,09,58,305,39,7*70
1780395418.140,$GAGSV,2,2,08,10,70,123,40,11,76,356,36,12,45,136,31,36,26,329,24,7*76
1780395418.141,$GAGSV,1,1,04,16,08,188,,23,00,091,,28,16,036,,31,12,136,,0*7A
1780395418.141,$GBGSV,2,1,08,06,40,036,36,07,68,115,42,08,22,178,37,09,38,002,32,1*76
1780395418.142,$GBGSV,2,2,08,10,63,142,43,13,28,303,37,14,29,031,30,34,42,189,39,1*72
1780395418.142,$GBGSV,1,1,02,09,38,002,32,10,63,142,36,3*71
1780395418.143,$GBGSV,3,1,10,01,42,106,,02,63,244,,03,72,138,,04,22,095,,0*75
1780395418.144,$GBGSV,3,2,10,04,22,095,,21,15,052,,24,37,154,,25,03,202,,0*79
1780395418.144,$GBGSV,3,3,10,25,03,202,,26,37,092,,0*79
1780395418.144,$GNGLL,1339.05087,N,10029.57920,E,101658.00,A,D*78
1780395419.123,$GNRMC,101659.00,A,1339.05116,N,10029.57920,E,1.049,0.51,020626,0.53,W,R,V*5C
1780395419.125,$GNVTG,0.51,T,1.04,M,1.049,N,1.942,K,D*3B
1780395419.126,$GNGGA,101659.00,1339.05116,N,10029.57920,E,4,12,0.72,-1.1,M,-27.8,M,,0499*4A
1780395419.126,$GNGSA,A,3,10,18,23,24,32,,,,,,,,1.38,0.72,1.17,1*07
1780395419.127,$GNGSA,A,3,66,75,65,88,76,81,87,,,,,,1.38,0.72,1.17,2*0C
1780395419.127,$GNGSA,A,3,05,12,04,06,09,10,11,36,,,,,1.38,0.72,1.17,3*02
1780395419.128,$GNGSA,A,3,06,07,08,09,10,13,14,34,,,,,1.38,0.72,1.17,4*0D
1780395419.129,$GPGSV,2,1,08,10,22,328,23,18,83,174,42,23,40,005,35,24,39,044,33,1*6A
1780395419.129,$GPGSV,2,2,08,32,31,272,30,41,64,233,38,42,70,217,39,50,55,115,36,1*6F
1780395419.130,$GPGSV,2,1,05,10,22,328,21,18,83,174,41,23,40,005,33,24,39,044,30,6*64
1780395419.130,$GPGSV,2,2,05,32,31,272,33,6*52
1780395419.131,$GPGSV,3,1,09,05,04,104,,12,13,120,,13,18,119,,15,11,046,,0*6C
1780395419.132,$GPGSV,3,2,09,15,11,046,,25,18,157,,27,05,292,,28,16,207,,0*67
1780395419.132,$GPGSV,3,3,09,28,16,207,,0*54
1780395419.133,$GLGSV,2,1,07,65,23,012,28,66,28,317,33,75,21,074,37,76,27,134,37,1*78
1780395419.133,$GLGSV,2,2,07,81,24,325,32,87,24,169,34,88,67,262,33,1*42
1780395419.134,$GLGSV,2,1,06,66,28,317,36,67,04,267,15,75,21,074,37,76,27,134,35,3*75
1780395419.134,$GLGSV,2,2,06,81,24,325,30,88,67,262,36,3*76
1780395419.135,$GLGSV,1,1,01,77,07,177,,0*4E
1780395419.136,$GAGSV,2,1,08,04,35,021,20,05,23,248,23,06,54,353,38,09,58,305,34,2*79
1780395419.136,$GAGSV,2,2,08,10,70,123,38,11,76,356,35,12,45,136,28,36,26,329,24,2*77
1780395419.137,$GAGSV,2,1,08,04,35,021,33,05,23,248,29,06,54,353,37,09,58,305,37,7*78
1780395419.138,$GAGSV,2,2,08,10,70,123,39,11,76,356,37,12,45,136,30,36,26,329,24,7*78
1780395419.138,$GAGSV,1,1,04,16,08,188,,23,00,091,,28,16,036,,31,12,136,,0*7A
1780395419.139,$GBGSV,2,1,08,06,40,036,33,07,68,115,43,08,22,178,36,09,38,002,37,1*76
1780395419.140,$GBGSV,2,2,08,10,63,142,42,13,29,302,38,14,29,031,29,34,42,189,35,1*78
1780395419.140,$GBGSV,1,1,02,09,38,002,33,10,63,142,37,3*71
1780395419.141,$GBGSV,3,1,10,01,42,106,,02,63,244,,03,72,138,,04,22,095,,0*75
1780395419.141,$GBGSV,3,2,10,04,22,095,,21,15,052,,24,37,154,,25,03,202,,0*79
1780395419.142,$GBGSV,3,3,10,25,03,202,,26,37,092,,0*79
1780395419.142,$GNGLL,1339.05116,N,10029.57920,E,101659.00,A,D*70
1780395420.120,$GNRMC,101700.00,A,1339.05146,N,10029.57920,E,1.059,358.23,020626,0.53,W,R,V*5E
1780395420.122,$GNVTG,358.23,T,358.76,M,1.059,N,1.962,K,D*39
1780395420.124,$GNGGA,101700.00,1339.05146,N,10029.57920,E,4,12,0.75,-1.1,M,-27.8,M,,0499*45
1780395420.124,$GNGSA,A,3,10,18,23,24,32,,,,,,,,1.40,0.75,1.18,1*00
1780395420.125,$GNGSA,A,3,66,75,65,88,76,81,87,,,,,,1.40,0.75,1.18,2*0B
1780395420.125,$GNGSA,A,3,05,12,04,06,09,10,11,36,,,,,1.40,0.75,1.18,3*05
1780395420.126,$GNGSA,A,3,06,07,08,09,10,13,34,,,,,,1.40,0.75,1.18,4*0F
1780395420.126,$GPGSV,2,1,08,10,22,328,24,18,83,174,43,23,40,005,34,24,39,044,32,1*6C
1780395420.127,$GPGSV,2,2,08,32,31,272,38,41,64,233,38,42,70,217,39,50,55,115,38,1*69
1780395420.128,$GPGSV,2,1,05,10,22,328,21,18,83,174,41,23,40,005,33,24,39,044,25,6*60
1780395420.128,$GPGSV,2,2,05,32,31,272,34,6*55
1780395420.129,$GPGSV,3,1,09,05,04,104,,12,13,120,,13,18,119,,15,11,046,,0*6C
1780395420.129,$GPGSV,3,2,09,15,11,046,,25,18,157,,27,05,292,,28,16,207,,0*67
1780395420.130,$GPGSV,3,3,09,28,16,207,,0*54
1780395420.130,$GLGSV,2,1,07,65,23,012,27,66,28,317,32,75,21,074,36,76,27,134,30,1*70
1780395420.131,$GLGSV,2,2,07,81,24,325,16,87,24,169,33,88,67,262,36,1*46
1780395420.132,$GLGSV,2,1,06,66,28,317,27,67,04,267,16,75,21,074,40,76,27,134,32,3*71
1780395420.133,$GLGSV,2,2,06,81,24,325,29,88,67,262,37,3*7F
1780395420.133,$GLGSV,1,1,01,77,07,177,,0*4E
1780395420.134,$GAGSV,2,1,08,04,35,021,22,05,23,248,24,06,54,353,38,09,58,305,37,2*7F
1780395420.134,$GAGSV,2,2,08,10,70,123,38,11,76,356,35,12,45,136,28,36,26,329,22,2*71
1780395420.135,$GAGSV,2,1,08,04,35,021,32,05,23,248,20,06,54,353,34,09,58,305,37,7*73
1780395420.136,$GAGSV,2,2,08,10,70,123,41,11,76,356,36,12,45,136,30,36,26,329,22,7*70
1780395420.136,$GAGSV,1,1,04,16,08,188,,23,00,091,,28,16,036,,31,12,136,,0*7A
1780395420.137,$GBGSV,2,1,08,06,40,036,36,07,68,115,40,08,22,178,37,09,38,002,34,1*72
1780395420.138,$GBGSV,2,2,08,10,63,142,40,13,29,302,34,14,29,032,18,34,42,189,38,1*7A
1780395420.138,$GBGSV,1,1,02,09,38,002,33,10,63,142,33,3*75
1780395420.139,$GBGSV,3,1,10,01,42,106,,02,63,244,,03,72,138,,04,22,095,,0*75
1780395420.140,$GBGSV,3,2,10,04,22,095,,21,15,052,,24,37,154,,25,03,202,,0*79
1780395420.140,$GBGSV,3,3,10,25,03,202,,26,37,092,,0*79
1780395420.141,$GNGLL,1339.05146,N,10029.57920,E,101700.00,A,D*78
1780395421.121,$GNRMC,101701.00,A,1339.05175,N,10029.57920,E,1.019,359.03,020626,0.53,W,R,V*58
1780395421.123,$GNVTG,359.03,T,359.56,M,1.019,N,1.887,K,D*37
1780395421.125,$GNGGA,101701.00,1339.05175,N,10029.57920,E,4,12,0.72,-1.1,M,-27.8,M,,0499*43
1780395421.127,$GNGSA,A,3,10,18,23,24,32,,,,,,,,1.38,0.72,1.17,1*07
1780395421.129,$GNGSA,A,3,66,75,65,88,76,81,87,,,,,,1.38,0.72,1.17,2*0C
1780395421.130,$GNGSA,A,3,05,12,04,06,09,10,11,36,,,,,1.38,0.72,1.17,3*02
1780395421.132,$GNGSA,A,3,06,07,08,09,10,13,14,34,,,,,1.38,0.72,1.17,4*0D
1780395421.134,$GPGSV,2,1,08,10,22,328,22,18,83,174,42,23,40,005,39,24,39,044,32,1*66
1780395421.136,$GPGSV,2,2,08,32,31,272,36,41,64,233,39,42,70,217,36,50,55,115,33,1*62
1780395421.139,$GPGSV,2,1,05,10,22,328,21,18,83,174,42,23,40,005,32,24,39,044,25,6*62
1780395421.140,$GPGSV,2,2,05,32,31,272,35,6*54
1780395421.142,$GPGSV,3,1,09,05,04,104,,12,13,120,,13,18,119,,15,11,046,,0*6C
1780395421.144,$GPGSV,3,2,09,15,11,046,,25,18,157,,27,05,292,,28,16,207,,0*67
1780395421.145,$GPGSV,3,3,09,28,16,207,,0*54
1780395421.148,$GLGSV,2,1,07,65,23,012,28,66,28,317,30,75,21,074,32,76,27,134,31,1*78
1780395421.149,$GLGSV,2,2,07,81,24,325,19,87,24,169,34,88,67,262,34,1*4C
1780395421.151,$GLGSV,2,1,06,66,28,317,26,67,04,267,15,75,21,074,39,76,27,134,35,3*7A
1780395421.152,$GLGSV,2,2,06,81,24,325,28,88,67,262,32,3*7B
1780395421.152,$GLGSV,1,1,01,77,07,177,,0*4E
1780395421.154,$GAGSV,2,1,08,04,35,021,25,05,23,248,22,06,54,353,35,09,58,305,38,2*7C
1780395421.155,$GAGSV,2,2,08,10,70,123,38,11,76,356,34,12,45,136,33,36,26,329,21,2*79
1780395421.156,$GAGSV,2,1,08,04,35,021,31,05,23,248,23,06,54,353,39,09,58,305,41,7*7F
1780395421.157,$GAGSV,2,2,08,10,70,123,41,11,76,356,36,12,45,136,31,36,26,329,24,7*77
1780395421.158,$GAGSV,1,1,04,16,08,188,,23,00,091,,28,16,036,,31,12,136,,0*7A
1780395421.159,$GBGSV,2,1,08,06,40,036,38,07,68,115,40,08,22,178,37,09,38,002,32,1*7A
1780395421.160,$GBGSV,2,2,08,10,63,142,40,13,29,302,29,14,29,032,20,34,42,189,39,1*7C
1780395421.160,$GBGSV,1,1,02,09,38,002,31,10,63,142,36,3*72
1780395421.161,$GBGSV,3,1,10,01,42,106,,02,63,244,,03,72,138,,04,22,095,,0*75
1780395421.162,$GBGSV,3,2,10,04,22,095,,21,15,052,,24,37,154,,25,03,202,,0*79
1780395421.162,$GBGSV,3,3,10,25,03,202,,26,37,092,,0*79
1780395421.163,$GNGLL,1339.05175,N,10029.57920,E,101701.00,A,D*79
1780395422.117,$GNRMC,101702.00,A,1339.05204,N,10029.57919,E,1.030,0.54,020626,0.53,W,R,V*52
1780395422.118,$GNVTG,0.54,T,1.06,M,1.030,N,1.907,K,D*33
1780395422.119,$GNGGA,101702.00,1339.05204,N,10029.57919,E,4,12,0.72,-1.1,M,-27.8,M,,0499*4F
1780395422.119,$GNGSA,A,3,10,18,23,24,32,,,,,,,,1.38,0.72,1.17,1*07
1780395422.120,$GNGSA,A,3,66,75,65,88,76,81,87,,,,,,1.38,0.72,1.17,2*0C
1780395422.120,$GNGSA,A,3,05,12,04,06,09,10,11,36,,,,,1.38,0.72,1.17,3*02
1780395422.121,$GNGSA,A,3,06,07,08,09,10,13,14,34,,,,,1.38,0.72,1.17,4*0D
1780395422.122,$GPGSV,2,1,08,10,22,328,21,18,83,174,43,23,40,005,39,24,39,044,31,1*67
1780395422.123,$GPGSV,2,2,08,32,31,272,35,41,64,233,37,42,70,217,38,50,55,115,37,1*65
1780395422.123,$GPGSV,2,1,05,10,22,328,19,18,83,174,42,23,40,005,33,24,39,044,26,6*6B
1780395422.124,$GPGSV,2,2,05,32,31,272,31,6*50
1780395422.125,$GPGSV,3,1,09,05,04,104,,12,13,120,,13,18,119,,15,11,046,,0*6C
1780395422.125,$GPGSV,3,2,09,15,11,046,,25,18,157,,27,05,292,,28,16,207,,0*67
1780395422.126,$GPGSV,3,3,09,28,16,207,,0*54
1780395422.126,$GLGSV,2,1,07,65,23,012,30,66,28,317,24,75,21,074,32,76,27,134,30,1*75
1780395422.127,$GLGSV,2,2,07,81,24,325,29,87,24,169,34,88,67,262,34,1*4F
1780395422.128,$GLGSV,2,1,06,66,28,317,26,67,04,267,16,75,21,074,36,76,27,134,35,3*76
1780395422.129,$GLGSV,2,2,06,81,24,325,28,88,67,262,36,3*7F
1780395422.129,$GLGSV,1,1,01,77,07,177,,0*4E
1780395422.130,$GAGSV,2,1,08,04,35,021,28,05,23,248,21,06,54,353,37,09,58,305,35,2*7D
1780395422.130,$GAGSV,2,2,08,10,70,123,38,11,76,356,34,12,45,136,32,36,26,329,20,2*79
1780395422.131,$GAGSV,2,1,08,04,35,021,31,05,23,248,22,06,54,353,39,09,58,305,37,7*7F
1780395422.132,$GAGSV,2,2,08,10,70,123,40,11,76,356,36,12,45,136,35,36,26,329,23,7*75
1780395422.133,$GAGSV,1,1,04,16,08,188,,23,00,091,,28,16,036,,31,12,136,,0*7A
1780395422.133,$GBGSV,2,1,08,06,40,036,35,07,68,115,39,08,22,178,37,09,38,002,35,1*7E
1780395422.134,$GBGSV,2,2,08,10,63,142,41,13,29,302,36,14,29,032,22,34,42,189,39,1*71
1780395422.135,$GBGSV,1,1,02,09,38,002,32,10,63,142,36,3*71
1780395422.135,$GBGSV,3,1,10,01,42,106,,02,63,244,,03,72,138,,04,22,095,,0*75
1780395422.136,$GBGSV,3,2,10,04,22,095,,21,15,052,,24,37,154,,25,03,202,,0*79
1780395422.136,$GBGSV,3,3,10,25,03,202,,26,37,092,,0*79
1780395422.137,$GNGLL,1339.05204,N,10029.57919,E,101702.00,A,D*75
1780395423.119,$GNRMC,101703.00,A,1339.05232,N,10029.57919,E,0.963,359.83,020626,0.53,W,R,V*5D
1780395423.121,$GNVTG,359.83,T,0.35,M,0.963,N,1.783,K,D*3B
1780395423.123,$GNGGA,101703.00,1339.05232,N,10029.57919,E,4,12,0.72,-1.1,M,-27.8,M,,0499*4B
1780395423.123,$GNGSA,A,3,10,18,23,24,32,,,,,,,,1.38,0.72,1.17,1*07
1780395423.124,$GNGSA,A,3,66,75,65,88,76,81,87,,,,,,1.38,0.72,1.17,2*0C
1780395423.125,$GNGSA,A,3,05,12,04,06,09,10,11,36,,,,,1.38,0.72,1.17,3*02
1780395423.125,$GNGSA,A,3,06,07,08,09,10,13,14,34,,,,,1.38,0.72,1.17,4*0D
1780395423.126,$GPGSV,2,1,08,10,22,328,31,18,83,174,43,23,40,005,38,24,39,044,35,1*63
1780395423.127,$GPGSV,2,2,08,32,31,272,38,41,64,233,41,42,70,217,39,50,55,115,36,1*69
1780395423.128,$GPGSV,2,1,05,10,22,328,19,18,83,174,41,23,40,005,34,24,39,044,28,6*61
1780395423.129,$GPGSV,2,2,05,32,31,272,34,6*55
1780395423.130,$GPGSV,3,1,09,05,04,104,,12,13,120,,13,18,119,,15,11,046,,0*6C
1780395423.131,$GPGSV,3,2,09,15,11,046,,25,18,157,,27,05,292,,28,16,207,,0*67
1780395423.131,$GPGSV,3,3,09,28,16,207,,0*54
1780395423.132,$GLGSV,2,1,07,65,23,012,30,66,28,317,30,75,21,074,34,76,27,134,30,1*76
1780395423.133,$GLGSV,2,2,07,81,24,325,33,87,24,169,30,88,67,262,37,1*43
1780395423.134,$GLGSV,2,1,06,66,28,317,25,67,04,267,16,75,21,074,33,76,27,134,33,3*76
1780395423.134,$GLGSV,2,2,06,81,24,325,27,88,67,262,40,3*71
1780395423.135,$GLGSV,1,1,01,77,07,177,,0*4E
1780395423.136,$GAGSV,2,1,08,04,35,021,30,05,23,248,22,06,54,353,38,09,58,305,35,2*78
1780395423.137,$GAGSV,2,2,08,10,70,123,38,11,76,356,35,12,45,136,30,36,26,329,22,2*78
1780395423.138,$GAGSV,2,1,08,04,35,021,35,05,23,248,30,06,54,353,39,09,58,305,39,7*76
1780395423.139,$GAGSV,2,2,08,10,70,123,41,11,76,356,36,12,45,136,34,36,26,329,24,7*72
1780395423.139,$GAGSV,1,1,04,16,08,188,,23,00,091,,28,16,036,,31,12,136,,0*7A
1780395423.140,$GBGSV,2,1,08,06,40,036,35,07,68,115,41,08,22,178,35,09,38,002,35,1*73
1780395423.141,$GBGSV,2,2,08,10,63,142,41,13,29,302,32,14,29,032,23,34,42,189,39,1*74
1780395423.142,$GBGSV,1,1,02,09,38,002,33,10,63,142,37,3*71
1780395423.143,$GBGSV,3,1,10,01,42,106,,02,63,244,,03,72,138,,04,22,095,,0*75
1780395423.143,$GBGSV,3,2,10,04,22,095,,21,14,053,,24,37,154,,25,03,202,,0*79
1780395423.144,$GBGSV,3,3,10,25,03,202,,26,37,092,,0*79
1780395423.144,$GNGLL,1339.05232,N,10029.57919,E,101703.00,A,D*71
1780395424.118,$GNRMC,101704.00,A,1339.05260,N,10029.57920,E,0.989,359.45,020626,0.53,W,R,V*59
1780395424.120,$GNVTG,359.45,T,359.98,M,0.989,N,1.833,K,D*39
1780395424.121,$GNGGA,101704.00,1339.05260,N,10029.57920,E,4,12,0.72,-1.1,M,-27.8,M,,0499*41
1780395424.122,$GNGSA,A,3,10,18,23,24,32,,,,,,,,1.38,0.72,1.18,1*08
1780395424.122,$GNGSA,A,3,66,75,65,88,76,81,87,,,,,,1.38,0.72,1.18,2*03
1780395424.123,$GNGSA,A,3,05,12,04,06,09,10,11,36,,,,,1.38,0.72,1.18,3*0D
1780395424.123,$GNGSA,A,3,06,07,08,09,10,13,14,34,,,,,1.38,0.72,1.18,4*02
1780395424.124,$GPGSV,2,1,08,10,22,328,28,18,83,174,40,23,40,005,39,24,39,044,35,1*69
1780395424.125,$GPGSV,2,2,08,32,31,272,37,41,64,233,36,42,70,217,41,50,55,115,35,1*6A
1780395424.126,$GPGSV,2,1,05,10,22,328,26,18,83,174,41,23,40,005,34,24,39,044,27,6*62
1780395424.127,$GPGSV,2,2,05,32,31,272,33,6*52
1780395424.128,$GPGSV,3,1,09,05,04,104,,12,13,120,,13,18,119,,15,11,046,,0*6C
1780395424.129,$GPGSV,3,2,09,15,11,046,,25,18,157,,27,05,292,,28,16,207,,0*67
1780395424.129,$GPGSV,3,3,09,28,16,207,,0*54
1780395424.130,$GLGSV,2,1,07,65,23,012,29,66,28,317,25,75,21,074,33,76,27,134,29,1*75
1780395424.131,$GLGSV,2,2,07,81,24,325,20,87,24,169,35,88,67,262,37,1*44
1780395424.132,$GLGSV,2,1,06,66,28,317,29,67,04,267,17,75,21,074,33,76,27,134,35,3*7D
1780395424.133,$GLGSV,2,2,06,81,24,325,31,88,67,262,39,3*78
1780395424.133,$GLGSV,1,1,01,77,07,177,,0*4E
1780395424.134,$GAGSV,2,1,08,04,35,021,32,05,23,248,22,06,54,353,38,09,58,305,35,2*7A
1780395424.135,$GAGSV,2,2,08,10,70,123,39,11,76,356,35,12,45,136,31,36,26,329,24,2*7E
1780395424.136,$GAGSV,2,1,08,04,35,021,32,05,23,248,29,06,54,353,40,09,58,305,34,7*7A
1780395424.137,$GAGSV,2,2,08,10,70,123,41,11,76,356,37,12,45,136,34,36,26,329,29,7*7E
1780395424.137,$GAGSV,1,1,04,16,08,188,,23,00,091,,28,16,036,,31,12,136,,0*7A
1780395424.138,$GBGSV,2,1,08,06,40,036,32,07,68,115,41,08,22,178,36,09,38,002,35,1*77
1780395424.139,$GBGSV,2,2,08,10,63,142,41,13,29,302,28,14,29,032,24,34,42,189,38,1*79
1780395424.140,$GBGSV,1,1,02,09,38,002,33,10,63,142,37,3*71
1780395424.141,$GBGSV,3,1,10,01,42,106,,02,63,244,,03,72,138,,04,22,095,,0*75
1780395424.141,$GBGSV,3,2,10,04,22,095,,21,14,053,,24,37,154,,25,03,202,,0*79
1780395424.142,$GBGSV,3,3,10,25,03,202,,26,37,092,,0*79
1780395424.142,$GNGLL,1339.05260,N,10029.57920,E,101704.00,A,D*7B
1780395425.109,$GNRMC,101705.00,A,1339.05290,N,10029.57920,E,1.006,357.69,020626,0.53,W,R,V*58
1780395425.112,$GNVTG,357.69,T,358.22,M,1.006,N,1.864,K,D*34
1780395425.113,$GNGGA,101705.00,1339.05290,N,10029.57920,E,4,12,0.72,-1.1,M,-27.8,M,,0499*4F
1780395425.114,$GNGSA,A,3,10,18,23,24,32,,,,,,,,1.38,0.72,1.18,1*08
1780395425.114,$GNGSA,A,3,66,75,65,88,76,81,87,,,,,,1.38,0.72,1.18,2*03
1780395425.115,$GNGSA,A,3,05,12,04,06,09,10,11,36,,,,,1.38,0.72,1.18,3*0D
1780395425.116,$GNGSA,A,3,06,07,08,09,10,13,14,34,,,,,1.38,0.72,1.18,4*02
1780395425.116,$GPGSV,2,1,08,10,22,328,32,18,83,174,43,23,40,005,39,24,39,044,25,1*60
1780395425.117,$GPGSV,2,2,08,32,31,272,40,41,64,233,33,42,70,217,40,50,55,115,37,1*6C
1780395425.118,$GPGSV,2,1,05,10,22,328,25,18,83,174,41,23,40,005,34,24,39,044,25,6*63
1780395425.118,$GPGSV,2,2,05,32,31,272,30,6*51
1780395425.119,$GPGSV,3,1,09,05,04,104,,12,13,120,,13,18,119,,15,11,046,,0*6C
1780395425.119,$GPGSV,3,2,09,15,11,046,,25,18,157,,27,05,292,,28,16,207,,0*67
1780395425.120,$GPGSV,3,3,09,28,16,207,,0*54
1780395425.120,$GLGSV,2,1,07,65,23,012,29,66,28,317,27,75,21,074,27,76,27,134,31,1*7B
1780395425.121,$GLGSV,2,2,07,81,24,325,29,87,24,169,36,88,67,262,43,1*4D
1780395425.122,$GLGSV,2,1,06,66,28,317,20,67,04,267,16,75,21,074,23,76,27,134,33,3*72
1780395425.122,$GLGSV,2,2,06,81,24,325,27,88,67,262,43,3*72
1780395425.123,$GLGSV,1,1,01,77,07,177,,0*4E
1780395425.124,$GAGSV,2,1,08,04,35,021,32,05,23,248,30,06,54,353,38,09,58,305,34,2*78
1780395425.124,$GAGSV,2,2,08,10,70,123,39,11,76,356,35,12,45,136,29,36,26,329,24,2*77
1780395425.125,$GAGSV,2,1,08,04,35,021,36,05,23,248,30,06,54,353,38,09,58,305,37,7*7A
1780395425.126,$GAGSV,2,2,08,10,70,123,42,11,76,356,37,12,45,136,30,36,26,329,19,7*7A
1780395425.127,$GAGSV,1,1,04,16,08,188,,23,00,091,,28,16,036,,31,12,136,,0*7A
1780395425.127,$GBGSV,2,1,08,06,40,036,29,07,68,115,41,08,22,178,36,09,38,002,38,1*70
1780395425.128,$GBGSV,2,2,08,10,63,142,41,13,29,302,32,14,29,032,24,34,42,189,38,1*72
1780395425.128,$GBGSV,1,1,02,09,38,002,33,10,63,142,38,3*7E
1780395425.129,$GBGSV,3,1,10,01,42,106,,02,63,244,,03,72,138,,04,22,095,,0*75
1780395425.130,$GBGSV,3,2,10,04,22,095,,21,14,053,,24,37,154,,25,03,202,,0*79
1780395425.130,$GBGSV,3,3,10,25,03,202,,26,37,092,,0*79
1780395425.131,$GNGLL,1339.05290,N,10029.57920,E,101705.00,A,D*75
1780395426.119,$GNRMC,101706.00,A,1339.05317,N,10029.57920,E,0.964,358.91,020626,0.53,W,R,V*51
1780395426.121,$GNVTG,358.91,T,359.44,M,0.964,N,1.786,K,D*32
1780395426.123,$GNGGA,101706.00,1339.05317,N,10029.57920,E,4,12,0.72,-1.0,M,-27.8,M,,0499*43
1780395426.124,$GNGSA,A,3,10,18,23,24,32,,,,,,,,1.38,0.72,1.18,1*08
1780395426.126,$GNGSA,A,3,66,75,65,88,76,81,87,,,,,,1.38,0.72,1.18,2*03
1780395426.127,$GNGSA,A,3,05,12,04,06,09,10,11,36,,,,,1.38,0.72,1.18,3*0D
1780395426.129,$GNGSA,A,3,06,07,08,09,10,13,14,34,,,,,1.38,0.72,1.18,4*02
1780395426.131,$GPGSV,2,1,08,10,22,328,35,18,83,174,41,23,40,005,37,24,39,044,25,1*6B
1780395426.135,$GPGSV,2,2,08,32,31,272,34,41,64,233,33,42,70,217,38,50,55,115,37,1*60
1780395426.139,$GPGSV,2,1,05,10,22,328,24,18,83,174,41,23,40,005,34,24,39,044,23,6*64
1780395426.140,$GPGSV,2,2,05,32,31,272,28,6*58
1780395426.143,$GPGSV,3,1,09,05,04,104,,12,13,120,,13,18,119,,15,11,046,,0*6C
1780395426.144,$GPGSV,3,2,09,15,11,046,,25,18,157,,27,05,292,,28,16,207,,0*67
1780395426.146,$GPGSV,3,3,09,28,16,207,,0*54
1780395426.148,$GLGSV,2,1,07,65,23,012,28,66,28,317,27,75,21,074,19,76,27,134,25,1*72
1780395426.149,$GLGSV,2,2,07,81,24,325,29,87,24,169,37,88,67,262,38,1*40
1780395426.150,$GLGSV,2,1,06,66,28,317,24,67,04,267,16,75,21,074,33,76,27,134,36,3*72
1780395426.151,$GLGSV,2,2,06,81,24,325,26,88,67,262,34,3*73
1780395426.152,$GLGSV,1,1,01,77,07,177,,0*4E
1780395426.154,$GAGSV,2,1,08,04,35,021,32,05,23,248,27,06,54,353,36,09,58,305,37,2*73
1780395426.156,$GAGSV,2,2,08,10,70,123,38,11,76,356,35,12,45,136,29,36,26,329,24,2*76
1780395426.157,$GAGSV,2,1,08,04,35,021,32,05,23,248,27,06,54,353,39,09,58,305,37,7*79
1780395426.158,$GAGSV,2,2,08,10,70,123,40,11,76,356,35,12,45,136,29,36,26,329,21,7*79
1780395426.159,$GAGSV,1,1,04,16,08,188,,23,00,091,,28,16,036,,31,12,136,,0*7A
1780395426.160,$GBGSV,2,1,08,06,40,036,29,07,68,115,41,08,22,178,35,09,38,002,37,1*7C
1780395426.161,$GBGSV,2,2,08,10,63,142,42,13,29,302,32,14,29,032,24,34,42,189,41,1*7F
1780395426.161,$GBGSV,1,1,02,09,38,002,32,10,63,142,36,3*71
1780395426.162,$GBGSV,3,1,10,01,42,106,,02,63,244,,03,72,138,,04,22,095,,0*75
1780395426.163,$GBGSV,3,2,10,04,22,095,,21,14,053,,24,38,154,,25,03,202,,0*76
1780395426.163,$GBGSV,3,3,10,25,03,202,,26,37,092,,0*79
1780395426.164,$GNGLL,1339.05317,N,10029.57920,E,101706.00,A,D*78
1780395427.114,$GNRMC,101707.00,A,1339.05344,N,10029.57920,E,1.020,354.15,020626,0.53,W,R,V*5E
1780395427.116,$GNVTG,354.15,T,354.68,M,1.020,N,1.889,K,D*39
1780395427.117,$GNGGA,101707.00,1339.05344,N,10029.57920,E,4,12,0.72,-1.1,M,-27.8,M,,0499*45
1780395427.118,$GNGSA,A,3,10,18,23,24,32,,,,,,,,1.38,0.72,1.18,1*08
1780395427.119,$GNGSA,A,3,66,75,65,88,76,81,87,,,,,,1.38,0.72,1.18,2*03
1780395427.119,$GNGSA,A,3,05,12,04,06,09,10,11,36,,,,,1.38,0.72,1.18,3*0D
1780395427.120,$GNGSA,A,3,06,07,08,09,10,13,14,34,,,,,1.38,0.72,1.18,4*02
1780395427.120,$GPGSV,2,1,08,10,22,328,34,18,83,174,42,23,40,005,38,24,39,044,26,1*65
1780395427.121,$GPGSV,2,2,08,32,31,272,37,41,64,233,40,42,70,217,39,50,55,115,39,1*68
1780395427.122,$GPGSV,2,1,05,10,22,328,26,18,83,174,42,23,40,005,35,24,39,044,19,6*6D
1780395427.122,$GPGSV,2,2,05,32,31,272,30,6*51
1780395427.123,$GPGSV,3,1,09,05,04,104,,12,13,120,,13,18,119,,15,11,046,,0*6C
1780395427.124,$GPGSV,3,2,09,15,11,046,,25,18,157,,27,05,292,,28,16,207,,0*67
1780395427.124,$GPGSV,3,3,09,28,16,207,,0*54
1780395427.125,$GLGSV,2,1,07,65,23,012,29,66,28,317,31,75,21,074,28,76,27,134,26,1*75
1780395427.125,$GLGSV,2,2,07,81,24,325,32,87,24,169,37,88,67,262,38,1*4A
1780395427.126,$GLGSV,2,1,06,66,28,317,31,67,04,267,15,75,21,074,34,76,27,134,33,3*77
1780395427.127,$GLGSV,2,2,06,81,24,325,25,88,67,262,36,3*72
1780395427.128,$GLGSV,1,1,01,77,07,177,,0*4E
1780395427.129,$GAGSV,2,1,08,04,35,021,28,05,23,248,27,06,54,353,38,09,58,305,36,2*77
1780395427.130,$GAGSV,2,2,08,10,70,123,39,11,76,356,35,12,45,136,22,36,26,329,26,2*7E
1780395427.130,$GAGSV,2,1,08,04,35,021,35,05,23,248,26,06,54,353,41,09,58,305,39,7*7E
1780395427.131,$GAGSV,2,2,08,10,70,123,39,11,76,356,37,12,45,136,20,36,26,329,25,7*78
1780395427.132,$GAGSV,1,1,04,16,08,188,,23,00,091,,28,16,036,,31,12,136,,0*7A
1780395427.132,$GBGSV,2,1,08,06,40,036,33,07,68,115,41,08,22,178,36,09,38,002,35,1*76
1780395427.133,$GBGSV,2,2,08,10,63,142,41,13,29,302,35,14,29,032,22,34,42,189,40,1*7C
1780395427.134,$GBGSV,1,1,02,09,38,002,33,10,63,142,38,3*7E
1780395427.134,$GBGSV,3,1,10,01,42,106,,02,63,244,,03,72,138,,04,22,095,,0*75
1780395427.135,$GBGSV,3,2,10,04,22,095,,21,14,053,,24,38,154,,25,04,202,,0*71
1780395427.135,$GBGSV,3,3,10,25,04,202,,26,37,092,,0*7E
1780395427.136,$GNGLL,1339.05344,N,10029.57920,E,101707.00,A,D*7F
1780395428.115,$GNRMC,101708.00,A,1339.05374,N,10029.57919,E,1.087,1.72,020626,0.53,W,R,V*57
1780395428.117,$GNVTG,1.72,T,2.25,M,1.087,N,2.013,K,D*37
1780395428.118,$GNGGA,101708.00,1339.05374,N,10029.57919,E,4,12,0.72,-1.1,M,-27.8,M,,0499*43
1780395428.119,$GNGSA,A,3,10,18,23,24,32,,,,,,,,1.38,0.72,1.18,1*08
1780395428.119,$GNGSA,A,3,66,75,65,88,76,81,87,,,,,,1.38,0.72,1.18,2*03
1780395428.120,$GNGSA,A,3,05,12,04,06,09,10,11,36,,,,,1.38,0.72,1.18,3*0D
1780395428.121,$GNGSA,A,3,06,07,08,09,10,13,14,34,,,,,1.38,0.72,1.18,4*02
1780395428.121,$GPGSV,2,1,08,10,22,328,28,18,83,174,43,23,40,005,39,24,39,044,26,1*68
1780395428.122,$GPGSV,2,2,08,32,31,272,39,41,64,233,33,42,70,217,39,50,55,115,37,1*6C
1780395428.123,$GPGSV,2,1,05,10,22,328,26,18,83,174,41,23,40,005,35,24,39,044,20,6*64
1780395428.123,$GPGSV,2,2,05,32,31,272,32,6*53
1780395428.124,$GPGSV,3,1,09,05,04,104,,12,13,120,,13,18,119,,15,11,046,,0*6C
1780395428.124,$GPGSV,3,2,09,15,11,046,,25,18,157,,27,05,292,,28,16,207,,0*67
1780395428.125,$GPGSV,3,3,09,28,16,207,,0*54
1780395428.125,$GLGSV,2,1,07,65,23,012,29,66,28,317,30,75,21,074,28,76,27,134,25,1*77
1780395428.126,$GLGSV,2,2,07,81,24,325,32,87,24,169,36,88,67,262,38,1*4B
1780395428.127,$GLGSV,2,1,06,66,28,317,26,67,04,267,14,75,21,074,29,76,27,134,27,3*79
1780395428.127,$GLGSV,2,2,06,81,24,325,25,88,67,262,38,3*7C
1780395428.128,$GLGSV,1,1,01,77,07,177,,0*4E
1780395428.128,$GAGSV,2,1,08,04,35,021,29,05,23,248,25,06,54,353,36,09,58,305,36,2*7A
1780395428.129,$GAGSV,2,2,08,10,70,123,39,11,76,356,35,12,45,136,24,36,26,329,26,2*78
1780395428.130,$GAGSV,2,1,08,04,35,021,32,05,23,248,24,06,54,353,40,09,58,305,37,7*74
1780395428.130,$GAGSV,2,2,08,10,70,123,39,11,76,356,37,12,45,136,22,36,26,329,24,7*7B
1780395428.131,$GAGSV,1,1,04,16,08,188,,23,00,091,,28,16,036,,31,12,136,,0*7A
1780395428.132,$GBGSV,2,1,08,06,40,036,33,07,68,115,41,08,22,178,33,09,38,002,34,1*72
1780395428.132,$GBGSV,2,2,08,10,63,142,40,13,29,302,30,14,29,032,20,34,42,189,40,1*7A
1780395428.133,$GBGSV,1,1,02,09,38,002,32,10,63,142,36,3*71
1780395428.134,$GBGSV,3,1,10,01,42,106,,02,63,244,,03,72,138,,04,22,095,,0*75
1780395428.134,$GBGSV,3,2,10,04,22,095,,21,14,053,,24,38,154,,25,04,202,,0*71
1780395428.135,$GBGSV,3,3,10,25,04,202,,26,37,091,,0*7D
1780395428.135,$GNGLL,1339.05374,N,10029.57919,E,101708.00,A,D*79
1780395429.115,$GNRMC,101709.00,A,1339.05403,N,10029.57919,E,1.013,355.07,020626,0.53,W,R,V*5C
1780395429.117,$GNVTG,355.07,T,355.60,M,1.013,N,1.877,K,D*33
1780395429.118,$GNGGA,101709.00,1339.05403,N,10029.57919,E,4,12,0.72,-1.1,M,-27.8,M,,0499*45
1780395429.119,$GNGSA,A,3,10,18,23,24,32,,,,,,,,1.38,0.72,1.18,1*08
1780395429.119,$GNGSA,A,3,66,75,65,88,76,81,87,,,,,,1.38,0.72,1.18,2*03
1780395429.120,$GNGSA,A,3,05,12,04,06,09,10,11,36,,,,,1.38,0.72,1.18,3*0D
1780395429.120,$GNGSA,A,3,06,07,08,09,10,13,14,34,,,,,1.38,0.72,1.18,4*02
1780395429.121,$GPGSV,2,1,08,10,22,328,32,18,83,174,42,23,40,005,39,24,39,044,26,1*62
1780395429.122,$GPGSV,2,2,08,32,31,272,39,41,64,233,37,42,70,217,37,50,55,115,39,1*68
1780395429.122,$GPGSV,2,1,05,10,22,328,27,18,83,174,41,23,40,005,35,24,39,044,21,6*64
1780395429.123,$GPGSV,2,2,05,32,31,272,32,6*53
1780395429.123,$GPGSV,3,1,09,05,04,104,,12,13,120,,13,18,119,,15,11,046,,0*6C
1780395429.124,$GPGSV,3,2,09,15,11,046,,25,18,157,,27,05,292,,28,16,207,,0*67
1780395429.124,$GPGSV,3,3,09,28,16,207,,0*54
1780395429.125,$GLGSV,2,1,07,65,23,012,28,66,28,317,30,75,21,074,29,76,27,134,31,1*72
1780395429.125,$GLGSV,2,2,07,81,24,325,31,87,24,169,34,88,67,262,42,1*47
1780395429.126,$GLGSV,2,1,06,66,28,317,28,67,04,267,16,75,21,074,36,76,27,134,29,3*75
1780395429.127,$GLGSV,2,2,06,81,24,325,26,88,67,262,43,3*73
1780395429.127,$GLGSV,1,1,01,77,07,177,,0*4E
1780395429.127,$GAGSV,2,1,08,04,35,021,34,05,23,248,25,06,54,353,37,09,58,305,35,2*74
1780395429.128,$GAGSV,2,2,08,10,70,123,39,11,76,356,34,12,45,136,27,36,26,329,25,2*79
1780395429.130,$GAGSV,2,1,08,04,35,021,36,05,23,248,31,06,54,353,39,09,58,305,37,7*7A
1780395429.130,$GAGSV,2,2,08,10,70,123,41,11,76,356,36,12,45,136,26,36,26,329,30,7*74
1780395429.131,$GAGSV,1,1,04,16,08,188,,23,00,091,,28,16,036,,31,12,136,,0*7A
1780395429.132,$GBGSV,2,1,08,06,40,036,32,07,68,115,42,08,22,178,35,09,38,002,35,1*77
1780395429.133,$GBGSV,2,2,08,10,63,142,40,13,29,302,30,14,29,032,21,34,42,189,37,1*7B
1780395429.133,$GBGSV,1,1,02,09,38,002,33,10,63,142,36,3*70
1780395429.134,$GBGSV,3,1,10,01,42,106,,02,63,244,,03,72,138,,04,22,095,,0*75
1780395429.135,$GBGSV,3,2,10,04,22,095,,21,14,053,,24,38,154,,25,04,202,,0*71
1780395429.135,$GBGSV,3,3,10,25,04,202,,26,37,091,,0*7D
1780395429.136,$GNGLL,1339.05403,N,10029.57919,E,101709.00,A,D*7F
1780395430.112,$GNRMC,101710.00,A,1339.05433,N,10029.57918,E,1.070,358.37,020626,0.53,W,R,V*5D
1780395430.114,$GNVTG,358.37,T,358.90,M,1.070,N,1.982,K,D*31
1780395430.116,$GNGGA,101710.00,1339.05433,N,10029.57918,E,4,12,0.72,-1.0,M,-27.8,M,,0499*4E
1780395430.116,$GNGSA,A,3,10,18,23,24,32,,,,,,,,1.38,0.72,1.18,1*08
1780395430.117,$GNGSA,A,3,66,75,65,88,76,81,87,,,,,,1.38,0.72,1.18,2*03
1780395430.117,$GNGSA,A,3,05,12,04,06,09,10,11,36,,,,,1.38,0.72,1.18,3*0D
1780395430.118,$GNGSA,A,3,06,07,08,09,10,13,14,34,,,,,1.38,0.72,1.18,4*02
1780395430.118,$GPGSV,2,1,08,10,22,328,36,18,83,174,42,23,40,005,39,24,39,044,24,1*64
1780395430.119,$GPGSV,2,2,08,32,31,272,33,41,64,233,40,42,70,217,38,50,55,115,37,1*63
1780395430.120,$GPGSV,2,1,05,10,22,328,32,18,83,174,39,23,40,005,36,24,39,044,20,6*6D
1780395430.120,$GPGSV,2,2,05,32,31,272,34,6*55
1780395430.121,$GPGSV,3,1,09,05,04,104,,12,13,120,,13,18,119,,15,11,046,,0*6C
1780395430.121,$GPGSV,3,2,09,15,11,046,,25,18,157,,27,05,292,,28,16,207,,0*67
1780395430.122,$GPGSV,3,3,09,28,16,207,,0*54
1780395430.122,$GLGSV,2,1,06,65,23,012,33,66,28,317,29,76,27,134,35,81,24,325,30,1*74
1780395430.123,$GLGSV,2,2,06,87,24,169,36,88,67,262,41,1*7E
1780395430.123,$GLGSV,2,1,06,66,28,317,19,67,04,267,15,75,21,074,33,76,27,134,30,3*79
1780395430.124,$GLGSV,2,2,06,81,24,325,32,88,67,262,43,3*76
1780395430.124,$GLGSV,1,1,01,77,07,177,,0*4E
1780395430.125,$GAGSV,2,1,08,04,35,021,34,05,23,248,28,06,54,353,38,09,58,305,34,2*77
1780395430.125,$GAGSV,2,2,08,10,70,123,40,11,76,356,35,12,45,136,28,36,26,329,27,2*7B
1780395430.126,$GAGSV,2,1,08,04,35,021,36,05,23,248,24,06,54,353,41,09,58,305,35,7*73
1780395430.126,$GAGSV,2,2,08,10,70,123,39,11,76,356,36,12,45,136,26,36,26,329,30,7*7B
1780395430.127,$GAGSV,1,1,04,16,08,188,,23,00,091,,28,16,036,,31,12,136,,0*7A
1780395430.128,$GBGSV,2,1,08,06,40,036,27,07,68,115,42,08,22,178,36,09,38,002,36,1*73
1780395430.128,$GBGSV,2,2,08,10,63,142,40,13,29,302,22,14,29,032,30,34,42,189,39,1*76
1780395430.129,$GBGSV,1,1,02,09,38,002,34,10,63,142,37,3*76
1780395430.129,$GBGSV,3,1,10,01,42,106,,02,63,244,,03,72,138,,04,22,095,,0*75
1780395430.130,$GBGSV,3,2,10,04,22,095,,21,14,053,,24,38,154,,25,04,202,,0*71
1780395430.130,$GBGSV,3,3,10,25,04,202,,26,37,091,,0*7D
1780395430.131,$GNGLL,1339.05433,N,10029.57918,E,101710.00,A,D*75
1780395431.115,$GNRMC,101711.00,A,1339.05461,N,10029.57917,E,1.051,356.40,020626,0.53,W,R,V*59
1780395431.117,$GNVTG,356.40,T,356.93,M,1.051,N,1.946,K,D*39
1780395431.118,$GNGGA,101711.00,1339.05461,N,10029.57917,E,4,12,0.72,-1.0,M,-27.8,M,,0499*47
1780395431.119,$GNGSA,A,3,10,18,23,24,32,,,,,,,,1.38,0.72,1.18,1*08
1780395431.119,$GNGSA,A,3,66,75,65,88,76,81,87,,,,,,1.38,0.72,1.18,2*03
1780395431.120,$GNGSA,A,3,05,12,04,06,09,10,11,36,,,,,1.38,0.72,1.18,3*0D
1780395431.120,$GNGSA,A,3,06,07,08,09,10,13,14,34,,,,,1.38,0.72,1.18,4*02
1780395431.121,$GPGSV,2,1,08,10,22,328,36,18,83,174,42,23,40,005,37,24,39,044,30,1*6F
1780395431.122,$GPGSV,2,2,08,32,31,272,37,41,64,233,43,42,70,217,42,50,55,115,37,1*69
1780395431.122,$GPGSV,2,1,05,10,22,328,30,18,83,174,41,23,40,005,36,24,39,044,23,6*63
1780395431.123,$GPGSV,2,2,05,32,31,272,33,6*52
1780395431.124,$GPGSV,3,1,09,05,04,104,,12,13,120,,13,18,119,,15,11,046,,0*6C
1780395431.124,$GPGSV,3,2,09,15,11,046,,25,18,157,,27,05,292,,28,16,207,,0*67
1780395431.125,$GPGSV,3,3,09,28,16,207,,0*54
1780395431.125,$GLGSV,2,1,07,65,23,012,29,66,28,317,34,75,21,074,30,76,27,134,35,1*7B
1780395431.126,$GLGSV,2,2,07,81,24,325,34,87,24,169,35,88,67,262,42,1*43
1780395431.127,$GLGSV,2,1,06,66,28,317,29,67,04,267,15,75,21,074,31,76,27,134,37,3*7F
1780395431.127,$GLGSV,2,2,06,81,24,325,29,88,67,262,40,3*7F
1780395431.128,$GLGSV,1,1,01,77,07,177,,0*4E
1780395431.128,$GAGSV,2,1,08,04,35,021,29,05,23,248,27,06,54,353,37,09,58,305,36,2*79
1780395431.129,$GAGSV,2,2,08,10,70,123,36,11,76,356,34,12,45,136,26,36,26,329,27,2*75
1780395431.130,$GAGSV,2,1,08,04,35,021,37,05,23,248,31,06,54,353,41,09,58,305,37,7*74
1780395431.130,$GAGSV,2,2,08,10,70,123,37,11,76,356,37,12,45,136,31,36,26,329,30,7*72
1780395431.131,$GAGSV,1,1,04,16,08,188,,23,00,091,,28,16,036,,31,12,136,,0*7A
1780395431.132,$GBGSV,2,1,08,06,40,036,32,07,68,115,41,08,22,178,36,09,38,002,36,1*74
1780395431.133,$GBGSV,2,2,08,10,63,142,43,13,29,302,25,14,29,032,30,34,42,189,39,1*72
1780395431.133,$GBGSV,1,1,02,09,38,002,33,10,63,142,37,3*71
1780395431.134,$GBGSV,3,1,10,01,42,106,,02,63,244,,03,72,138,,04,22,095,,0*75
1780395431.134,$GBGSV,3,2,10,04,22,095,,21,14,053,,24,38,154,,25,04,202,,0*71
1780395431.135,$GBGSV,3,3,10,25,04,202,,26,37,091,,0*7D
1780395431.135,$GNGLL,1339.05461,N,10029.57917,E,101711.00,A,D*7C
1780395432.122,$GNRMC,101712.00,A,1339.05492,N,10029.57916,E,1.099,357.76,020626,0.53,W,R,V*57
1780395432.124,$GNVTG,357.76,T,358.29,M,1.099,N,2.036,K,D*3B
1780395432.125,$GNGGA,101712.00,1339.05492,N,10029.57916,E,4,12,0.72,-1.0,M,-27.8,M,,0499*49
1780395432.125,$GNGSA,A,3,10,18,23,24,32,,,,,,,,1.38,0.72,1.18,1*08
1780395432.126,$GNGSA,A,3,66,75,65,88,76,81,87,,,,,,1.38,0.72,1.18,2*03
1780395432.127,$GNGSA,A,3,05,12,04,06,09,10,11,36,,,,,1.38,0.72,1.18,3*0D
1780395432.127,$GNGSA,A,3,06,07,08,09,10,13,14,34,,,,,1.38,0.72,1.18,4*02
1780395432.128,$GPGSV,3,1,09,10,22,328,32,13,18,119,31,18,83,174,42,23,40,005,39,1*6A
1780395432.128,$GPGSV,3,2,09,24,39,044,29,32,31,272,36,41,64,233,42,42,70,217,41,1*69
1780395432.129,$GPGSV,3,3,09,50,55,115,37,1*59
1780395432.130,$GPGSV,2,1,05,10,22,328,29,18,83,174,40,23,40,005,35,24,39,044,24,6*6E
1780395432.130,$GPGSV,2,2,05,32,31,272,28,6*58
1780395432.131,$GPGSV,2,1,08,05,04,104,,12,13,120,,15,11,046,,25,18,157,,0*63
1780395432.131,$GPGSV,2,2,08,25,18,157,,27,05,292,,28,16,207,,29,16,181,,0*65
1780395432.132,$GLGSV,2,1,07,65,23,012,30,66,28,317,33,75,21,074,24,76,27,134,31,1*75
1780395432.133,$GLGSV,2,2,07,81,24,325,30,87,24,169,35,88,67,262,41,1*44
1780395432.133,$GLGSV,2,1,06,66,28,317,32,67,04,267,17,75,21,074,24,76,27,134,36,3*72
1780395432.134,$GLGSV,2,2,06,81,24,325,34,88,67,262,43,3*70
1780395432.134,$GLGSV,1,1,01,77,07,177,,0*4E
1780395432.135,$GAGSV,2,1,08,04,35,021,34,05,23,248,27,06,54,353,36,09,58,305,34,2*76
1780395432.136,$GAGSV,2,2,08,10,70,123,38,11,76,356,34,12,45,136,26,36,26,329,24,2*78
1780395432.136,$GAGSV,2,1,08,04,35,021,38,05,23,248,31,06,54,353,39,09,58,305,34,7*77
1780395432.137,$GAGSV,2,2,08,10,70,123,39,11,76,356,37,12,45,136,31,36,26,329,23,7*7E
1780395432.138,$GAGSV,1,1,04,16,08,188,,23,00,091,,28,16,036,,31,12,136,,0*7A
1780395432.138,$GBGSV,2,1,08,06,40,036,26,07,68,115,41,08,22,178,38,09,38,002,36,1*7F
1780395432.139,$GBGSV,2,2,08,10,63,142,41,13,29,302,25,14,29,032,36,34,42,189,37,1*78
1780395432.140,$GBGSV,1,1,02,09,38,002,32,10,63,142,37,3*70
1780395432.140,$GBGSV,3,1,10,01,42,106,,02,63,244,,03,72,138,,04,22,095,,0*75
1780395432.141,$GBGSV,3,2,10,04,22,095,,21,14,053,,24,38,154,,25,04,202,,0*71
1780395432.141,$GBGSV,3,3,10,25,04,202,,26,37,091,,0*7D
1780395432.142,$GNGLL,1339.05492,N,10029.57916,E,101712.00,A,D*72
1780395433.121,$GNRMC,101713.00,A,1339.05521,N,10029.57916,E,0.991,357.82,020626,0.53,W,R,V*54
1780395433.123,$GNVTG,357.82,T,358.35,M,0.991,N,1.836,K,D*36
1780395433.124,$GNGGA,101713.00,1339.05521,N,10029.57916,E,4,12,0.72,-1.0,M,-27.8,M,,0499*41
1780395433.124,$GNGSA,A,3,10,18,23,24,32,,,,,,,,1.38,0.72,1.18,1*08
1780395433.125,$GNGSA,A,3,66,75,65,88,76,81,87,,,,,,1.38,0.72,1.18,2*03
1780395433.126,$GNGSA,A,3,05,12,04,06,09,10,11,36,,,,,1.38,0.72,1.18,3*0D
1780395433.126,$GNGSA,A,3,06,07,08,09,10,13,14,34,,,,,1.38,0.72,1.18,4*02
1780395433.127,$GPGSV,3,1,09,10,22,328,31,13,18,119,32,18,83,174,42,23,40,005,37,1*64
1780395433.127,$GPGSV,3,2,09,24,39,044,30,32,31,272,33,41,64,233,42,42,70,217,42,1*67
1780395433.128,$GPGSV,3,3,09,50,55,115,36,1*58
1780395433.129,$GPGSV,2,1,05,10,22,328,25,18,83,174,40,23,40,005,34,24,39,044,23,6*64
1780395433.129,$GPGSV,2,2,05,32,31,272,29,6*59
1780395433.130,$GPGSV,2,1,08,05,04,104,,12,13,120,,15,11,046,,25,18,157,,0*63
1780395433.130,$GPGSV,2,2,08,25,18,157,,27,05,292,,28,16,207,,29,16,181,,0*65
1780395433.131,$GLGSV,2,1,07,65,23,012,30,66,28,317,32,75,21,074,21,76,27,134,38,1*78
1780395433.132,$GLGSV,2,2,07,81,24,325,32,87,24,169,34,88,67,262,41,1*47
1780395433.132,$GLGSV,2,1,06,66,28,317,31,67,04,267,17,75,21,074,22,76,27,134,34,3*75
1780395433.133,$GLGSV,2,2,06,81,24,325,34,88,67,262,43,3*70
1780395433.133,$GLGSV,1,1,01,77,07,177,,0*4E
1780395433.134,$GAGSV,2,1,08,04,35,021,34,05,23,248,26,06,54,353,36,09,58,305,33,2*70
1780395433.135,$GAGSV,2,2,08,10,70,123,38,11,76,356,35,12,45,136,32,36,26,329,25,2*7D
1780395433.135,$GAGSV,2,1,08,04,35,021,38,05,23,248,27,06,54,353,41,09,58,305,34,7*7F
1780395433.136,$GAGSV,2,2,08,10,70,123,39,11,76,356,37,12,45,136,33,36,26,329,29,7*76
1780395433.137,$GAGSV,1,1,04,16,08,188,,23,00,091,,28,16,036,,31,12,136,,0*7A
1780395433.137,$GBGSV,2,1,08,06,40,036,31,07,68,115,41,08,22,178,38,09,38,002,37,1*78
1780395433.138,$GBGSV,2,2,08,10,63,142,40,13,29,302,35,14,29,032,33,34,42,189,40,1*7D
1780395433.139,$GBGSV,1,1,02,09,38,002,32,10,63,142,36,3*71
1780395433.139,$GBGSV,3,1,10,01,42,106,,02,63,244,,03,72,138,,04,22,095,,0*75
1780395433.140,$GBGSV,3,2,10,04,22,095,,21,14,053,,24,38,154,,25,04,202,,0*71
1780395433.140,$GBGSV,3,3,10,25,04,202,,26,37,091,,0*7D
1780395433.141,$GNGLL,1339.05521,N,10029.57916,E,101713.00,A,D*7A
1780395434.111,$GNRMC,101714.00,A,1339.05549,N,10029.57915,E,1.047,359.89,020626,0.53,W,R,V*58
1780395434.113,$GNVTG,359.89,T,0.42,M,1.047,N,1.939,K,D*30
1780395434.114,$GNGGA,101714.00,1339.05549,N,10029.57915,E,4,12,0.72,-1.0,M,-27.8,M,,0499*4B
1780395434.115,$GNGSA,A,3,10,18,23,24,32,,,,,,,,1.38,0.72,1.18,1*08
1780395434.116,$GNGSA,A,3,66,75,65,88,76,81,87,,,,,,1.38,0.72,1.18,2*03
1780395434.116,$GNGSA,A,3,05,12,04,06,09,10,11,36,,,,,1.38,0.72,1.18,3*0D
1780395434.117,$GNGSA,A,3,06,07,08,09,10,13,14,34,,,,,1.38,0.72,1.18,4*02
1780395434.117,$GPGSV,2,1,08,10,22,328,31,13,18,119,32,18,83,174,42,23,40,005,38,1*6B
1780395434.118,$GPGSV,2,2,08,32,31,272,33,41,64,233,41,42,70,217,41,50,55,115,37,1*6C
1780395434.119,$GPGSV,2,1,05,10,22,328,25,18,83,174,39,23,40,005,35,24,39,044,23,6*6B
1780395434.119,$GPGSV,2,2,05,32,31,272,30,6*51
1780395434.120,$GPGSV,2,1,08,05,04,104,,12,13,120,,15,11,046,,25,18,157,,0*63
1780395434.121,$GPGSV,2,2,08,25,18,157,,27,05,292,,28,16,207,,29,16,181,,0*65
1780395434.121,$GLGSV,2,1,07,65,23,012,29,66,28,317,35,75,21,074,20,76,27,134,36,1*78
1780395434.122,$GLGSV,2,2,07,81,24,325,38,87,24,169,28,88,67,262,41,1*40
1780395434.123,$GLGSV,2,1,06,66,28,317,34,67,04,267,16,75,21,074,21,76,27,134,37,3*71
1780395434.123,$GLGSV,2,2,06,81,24,325,37,88,67,262,41,3*71
1780395434.124,$GLGSV,1,1,01,77,07,177,,0*4E
1780395434.124,$GAGSV,2,1,08,04,35,021,33,05,23,248,27,06,54,353,36,09,58,305,34,2*71
1780395434.125,$GAGSV,2,2,08,10,70,123,38,11,76,356,34,12,45,136,31,36,26,329,24,2*7E
1780395434.126,$GAGSV,2,1,08,04,35,021,38,05,23,248,27,06,54,353,40,09,58,305,35,7*7F
1780395434.127,$GAGSV,2,2,08,10,70,123,39,11,76,356,35,12,45,136,36,36,26,329,23,7*7B
1780395434.128,$GAGSV,1,1,04,16,08,188,,23,00,091,,28,16,036,,31,12,136,,0*7A
1780395434.128,$GBGSV,2,1,08,06,40,036,28,07,68,115,41,08,22,178,35,09,38,002,37,1*7D
1780395434.129,$GBGSV,2,2,08,10,63,142,40,13,29,302,37,14,29,032,34,34,42,189,38,1*77
1780395434.130,$GBGSV,1,1,02,09,38,002,32,10,63,142,37,3*70
1780395434.130,$GBGSV,3,1,10,01,42,106,,02,63,244,,03,72,138,,04,22,095,,0*75
1780395434.131,$GBGSV,3,2,10,04,22,095,,21,14,053,,24,38,154,,25,04,202,,0*71
1780395434.132,$GBGSV,3,3,10,25,04,202,,26,37,091,,0*7D
1780395434.133,$GNGLL,1339.05549,N,10029.57915,E,101714.00,A,D*70
1780395435.119,$GNRMC,101715.00,A,1339.05577,N,10029.57915,E,0.944,358.95,020626,0.53,W,R,V*53
1780395435.121,$GNVTG,358.95,T,359.48,M,0.944,N,1.748,K,D*3A
1780395435.122,$GNGGA,101715.00,1339.05577,N,10029.57915,E,4,12,0.72,-1.1,M,-27.8,M,,0499*46
1780395435.122,$GNGSA,A,3,10,18,23,24,32,,,,,,,,1.38,0.72,1.18,1*08
1780395435.123,$GNGSA,A,3,66,75,65,88,76,81,87,,,,,,1.38,0.72,1.18,2*03
1780395435.123,$GNGSA,A,3,05,12,04,06,09,10,11,36,,,,,1.38,0.72,1.18,3*0D
1780395435.124,$GNGSA,A,3,06,07,08,09,10,13,14,34,,,,,1.38,0.72,1.18,4*02
1780395435.124,$GPGSV,3,1,09,10,22,328,26,13,18,119,31,18,83,174,40,23,40,005,40,1*63
1780395435.125,$GPGSV,3,2,09,24,39,044,28,32,31,272,32,41,64,233,41,42,70,217,42,1*6C
1780395435.126,$GPGSV,3,3,09,50,55,115,37,1*59
1780395435.126,$GPGSV,2,1,05,10,22,328,25,18,83,174,39,23,40,005,35,24,39,044,22,6*6A
1780395435.127,$GPGSV,2,2,05,32,31,272,31,6*50
1780395435.127,$GPGSV,2,1,08,05,04,104,,12,13,120,,15,11,046,,25,18,157,,0*63
1780395435.128,$GPGSV,2,2,08,25,18,157,,27,05,292,,28,16,207,,29,16,181,,0*65
1780395435.129,$GLGSV,2,1,07,65,23,012,30,66,28,317,39,75,21,074,16,76,27,134,35,1*7A
1780395435.129,$GLGSV,2,2,07,81,24,325,35,87,24,169,33,88,67,262,38,1*49
1780395435.130,$GLGSV,2,1,06,66,28,317,31,67,04,267,16,75,21,074,20,76,27,134,38,3*7A
1780395435.131,$GLGSV,2,2,06,81,24,325,37,88,67,262,39,3*7E
1780395435.131,$GLGSV,1,1,01,77,07,177,,0*4E
1780395435.132,$GAGSV,2,1,08,04,35,021,33,05,23,248,29,06,54,353,37,09,58,305,34,2*7E
1780395435.132,$GAGSV,2,2,08,10,70,123,39,11,76,356,35,12,45,136,33,36,26,329,24,2*7C
1780395435.133,$GAGSV,2,1,08,04,35,021,38,05,23,248,28,06,54,353,41,09,58,305,37,7*73
1780395435.134,$GAGSV,2,2,08,10,70,123,39,11,76,356,38,12,45,136,35,36,26,329,24,7*72
1780395435.135,$GAGSV,1,1,04,16,08,188,,23,00,091,,28,16,036,,31,12,136,,0*7A
1780395435.135,$GBGSV,2,1,08,06,40,036,35,07,68,115,41,08,22,178,35,09,38,002,39,1*7F
1780395435.136,$GBGSV,2,2,08,10,63,142,40,13,29,302,33,14,29,032,32,34,42,189,38,1*75
1780395435.136,$GBGSV,1,1,02,09,38,002,32,10,63,142,37,3*70
1780395435.137,$GBGSV,3,1,10,01,42,106,,02,63,244,,03,72,138,,04,22,095,,0*75
1780395435.138,$GBGSV,3,2,10,04,22,095,,21,14,053,,24,38,154,,25,04,202,,0*71
1780395435.138,$GBGSV,3,3,10,25,04,202,,26,37,091,,0*7D
1780395435.138,$GNGLL,1339.05577,N,10029.57915,E,101715.00,A,D*7C
1780395436.124,$GNRMC,101716.00,A,1339.05602,N,10029.57912,E,0.882,355.62,020626,0.53,W,R,V*58
1780395436.126,$GNVTG,355.62,T,356.15,M,0.882,N,1.634,K,D*39
1780395436.127,$GNGGA,101716.00,1339.05602,N,10029.57912,E,4,12,0.76,-1.0,M,-27.8,M,,0499*46
1780395436.128,$GNGSA,A,3,10,18,23,24,32,,,,,,,,1.47,0.76,1.26,1*09
1780395436.128,$GNGSA,A,3,66,65,88,76,81,,,,,,,,1.47,0.76,1.26,2*0F
1780395436.129,$GNGSA,A,3,05,12,04,06,09,10,11,36,,,,,1.47,0.76,1.26,3*0C
1780395436.129,$GNGSA,A,3,06,07,08,09,10,13,14,34,,,,,1.47,0.76,1.26,4*03
1780395436.130,$GPGSV,3,1,09,10,22,328,31,13,18,119,26,18,83,174,42,23,40,005,39,1*6F
1780395436.130,$GPGSV,3,2,09,24,39,044,32,32,31,272,32,41,64,233,43,42,70,217,40,1*67
1780395436.131,$GPGSV,3,3,09,50,55,115,34,1*5A
1780395436.132,$GPGSV,2,1,05,10,22,328,23,18,83,174,41,23,40,005,37,24,39,044,22,6*61
1780395436.132,$GPGSV,2,2,05,32,31,272,32,6*53
1780395436.133,$GPGSV,2,1,08,05,04,104,,12,13,120,,15,11,046,,25,18,157,,0*63
1780395436.133,$GPGSV,2,2,08,25,18,157,,27,05,292,,28,16,207,,29,16,181,,0*65
1780395436.134,$GLGSV,2,1,06,65,23,012,34,66,28,317,38,75,21,074,17,76,27,134,38,1*72
1780395436.135,$GLGSV,2,2,06,81,24,325,38,88,67,262,37,1*7D
1780395436.135,$GLGSV,2,1,06,66,28,317,29,67,04,267,15,75,21,074,18,76,27,134,36,3*75
1780395436.136,$GLGSV,2,2,06,81,24,325,34,88,67,262,41,3*72
1780395436.136,$GLGSV,1,1,02,77,07,177,,87,24,169,,0*7A
1780395436.137,$GAGSV,2,1,08,04,35,021,33,05,23,248,28,06,54,353,35,09,58,305,36,2*7F
1780395436.138,$GAGSV,2,2,08,10,70,123,38,11,76,356,35,12,45,136,33,36,26,329,25,2*7C
1780395436.138,$GAGSV,2,1,08,04,35,021,36,05,23,248,28,06,54,353,40,09,58,305,35,7*7E
1780395436.139,$GAGSV,2,2,08,10,70,123,39,11,76,356,37,12,45,136,37,36,26,329,33,7*79
1780395436.140,$GAGSV,1,1,04,16,08,188,,23,00,091,,28,16,036,,31,12,136,,0*7A
1780395436.140,$GBGSV,2,1,08,06,40,036,32,07,68,115,41,08,22,178,36,09,38,002,37,1*75
1780395436.141,$GBGSV,2,2,08,10,63,142,40,13,29,302,32,14,29,032,33,34,42,189,38,1*75
1780395436.142,$GBGSV,1,1,02,09,38,002,32,10,63,142,36,3*71
1780395436.142,$GBGSV,3,1,10,01,42,106,,02,63,244,,03,72,138,,04,22,095,,0*75
1780395436.143,$GBGSV,3,2,10,04,22,095,,21,14,053,,24,38,154,,25,04,202,,0*71
1780395436.143,$GBGSV,3,3,10,25,04,202,,26,37,091,,0*7D
1780395436.144,$GNGLL,1339.05602,N,10029.57912,E,101716.00,A,D*79
1780395437.116,$GNRMC,101717.00,A,1339.05629,N,10029.57912,E,0.989,1.39,020626,0.53,W,R,V*56
1780395437.118,$GNVTG,1.39,T,1.92,M,0.989,N,1.831,K,D*3A
1780395437.120,$GNGGA,101717.00,1339.05629,N,10029.57912,E,4,12,0.76,-1.1,M,-27.8,M,,0499*4F
1780395437.120,$GNGSA,A,3,10,18,23,24,32,,,,,,,,1.47,0.76,1.26,1*09
1780395437.121,$GNGSA,A,3,66,65,88,76,81,87,,,,,,,1.47,0.76,1.26,2*00
1780395437.121,$GNGSA,A,3,05,12,04,06,09,10,11,36,,,,,1.47,0.76,1.26,3*0C
1780395437.122,$GNGSA,A,3,06,07,08,09,10,13,14,34,,,,,1.47,0.76,1.26,4*03
1780395437.122,$GPGSV,3,1,09,10,22,328,26,13,18,119,26,18,83,174,42,23,40,005,39,1*69
1780395437.123,$GPGSV,3,2,09,24,39,044,25,32,31,272,27,41,64,233,42,42,70,217,40,1*64
1780395437.123,$GPGSV,3,3,09,50,55,115,34,1*5A
1780395437.124,$GPGSV,2,1,05,10,22,328,30,18,83,174,41,23,40,005,36,24,39,044,25,6*65
1780395437.124,$GPGSV,2,2,05,32,31,272,31,6*50
1780395437.125,$GPGSV,2,1,08,05,04,104,,12,13,120,,15,11,046,,25,18,157,,0*63
1780395437.125,$GPGSV,2,2,08,25,18,157,,27,05,292,,28,16,207,,29,16,181,,0*65
1780395437.126,$GLGSV,2,1,07,65,23,012,31,66,28,317,37,75,21,074,18,76,27,134,39,1*77
1780395437.126,$GLGSV,2,2,07,81,24,325,37,87,24,169,33,88,67,262,37,1*44
1780395437.127,$GLGSV,2,1,06,66,28,317,33,67,04,267,15,75,21,074,19,76,27,134,33,3*7A
1780395437.127,$GLGSV,2,2,06,81,24,325,30,88,67,262,38,3*78
1780395437.128,$GLGSV,1,1,01,77,07,177,,0*4E
1780395437.128,$GAGSV,2,1,08,04,35,021,33,05,23,248,27,06,54,353,37,09,58,305,33,2*77
1780395437.129,$GAGSV,2,2,08,10,70,123,38,11,76,356,35,12,45,136,31,36,26,329,26,2*7D
1780395437.129,$GAGSV,2,1,08,04,35,021,39,05,23,248,31,06,54,353,41,09,58,305,34,7*79
1780395437.130,$GAGSV,2,2,08,10,70,123,40,11,76,356,37,12,45,136,34,36,26,329,31,7*76
1780395437.131,$GAGSV,1,1,04,16,08,188,,23,00,091,,28,16,036,,31,12,136,,0*7A
1780395437.131,$GBGSV,2,1,08,06,40,036,36,07,68,115,38,08,22,178,36,09,38,002,37,1*7F
1780395437.132,$GBGSV,2,2,08,10,63,142,41,13,29,302,30,14,29,032,33,34,42,189,36,1*78
1780395437.132,$GBGSV,1,1,02,09,38,002,35,10,63,142,36,3*76
1780395437.133,$GBGSV,3,1,10,01,42,106,,02,63,244,,03,72,138,,04,22,095,,0*75
1780395437.134,$GBGSV,3,2,10,04,22,095,,21,14,053,,24,38,154,,25,04,202,,0*71
1780395437.134,$GBGSV,3,3,10,25,04,202,,26,37,091,,0*7D
1780395437.134,$GNGLL,1339.05629,N,10029.57912,E,101717.00,A,D*71
1780395438.123,$GNRMC,101718.00,A,1339.05656,N,10029.57912,E,0.906,3.60,020626,0.53,W,R,V*58
1780395438.125,$GNVTG,3.60,T,4.13,M,0.906,N,1.677,K,D*33
1780395438.126,$GNGGA,101718.00,1339.05656,N,10029.57912,E,4,12,0.72,-1.1,M,-27.8,M,,0499*4C
1780395438.127,$GNGSA,A,3,10,18,23,24,32,,,,,,,,1.38,0.72,1.18,1*08
1780395438.127,$GNGSA,A,3,66,75,65,88,76,81,87,,,,,,1.38,0.72,1.18,2*03
1780395438.128,$GNGSA,A,3,05,12,04,06,09,10,11,36,,,,,1.38,0.72,1.18,3*0D
1780395438.128,$GNGSA,A,3,06,07,08,09,10,13,14,34,,,,,1.38,0.72,1.18,4*02
1780395438.129,$GPGSV,3,1,09,10,22,328,26,13,18,119,27,18,83,174,43,23,40,005,41,1*66
1780395438.130,$GPGSV,3,2,09,24,39,044,34,32,31,272,31,41,64,233,40,42,70,217,40,1*61
1780395438.130,$GPGSV,3,3,09,50,55,115,30,1*5E
1780395438.131,$GPGSV,2,1,05,10,22,328,24,18,83,174,41,23,40,005,32,24,39,044,26,6*67
1780395438.131,$GPGSV,2,2,05,32,31,272,27,6*57
1780395438.132,$GPGSV,2,1,08,05,04,104,,12,13,120,,15,11,046,,25,18,157,,0*63
1780395438.133,$GPGSV,2,2,08,25,18,157,,27,05,292,,28,16,207,,29,16,181,,0*65
1780395438.133,$GLGSV,2,1,07,65,23,012,37,66,28,317,38,75,21,074,27,76,27,134,34,1*7F
1780395438.134,$GLGSV,2,2,07,81,24,325,32,87,24,169,29,88,67,262,40,1*4A
1780395438.135,$GLGSV,2,1,06,66,28,317,34,67,04,267,15,75,21,074,21,76,27,134,27,3*73
1780395438.135,$GLGSV,2,2,06,81,24,325,22,88,67,262,39,3*7A
1780395438.136,$GLGSV,1,1,01,77,07,177,,0*4E
1780395438.137,$GAGSV,2,1,08,04,35,021,34,05,23,248,30,06,54,353,37,09,58,305,36,2*73
1780395438.138,$GAGSV,2,2,08,10,70,123,37,11,76,356,35,12,45,136,33,36,26,329,27,2*71
1780395438.138,$GAGSV,2,1,08,04,35,021,36,05,23,248,31,06,54,353,40,09,58,305,34,7*77
1780395438.139,$GAGSV,2,2,08,10,70,123,41,11,76,356,37,12,45,136,34,36,26,329,30,7*76
1780395438.140,$GAGSV,1,1,04,16,08,188,,23,00,091,,28,16,036,,31,12,136,,0*7A
1780395438.140,$GBGSV,2,1,08,06,40,036,37,07,68,115,39,08,22,178,36,09,38,002,37,1*7F
1780395438.141,$GBGSV,2,2,08,10,63,142,39,13,29,302,30,14,29,032,32,34,42,189,39,1*79
1780395438.141,$GBGSV,1,1,02,09,38,002,33,10,63,142,37,3*71
1780395438.142,$GBGSV,3,1,10,01,42,106,,02,63,244,,03,72,138,,04,22,095,,0*75
1780395438.143,$GBGSV,3,2,10,04,22,095,,21,14,053,,24,38,154,,25,04,202,,0*71
1780395438.143,$GBGSV,3,3,10,25,04,202,,26,37,091,,0*7D
1780395438.144,$GNGLL,1339.05656,N,10029.57912,E,101718.00,A,D*76
1780395439.121,$GNRMC,101719.00,A,1339.05682,N,10029.57912,E,0.977,358.09,020626,0.53,W,R,V*54
1780395439.123,$GNVTG,358.09,T,358.62,M,0.977,N,1.809,K,D*3C
1780395439.124,$GNGGA,101719.00,1339.05682,N,10029.57912,E,4,12,0.72,-1.1,M,-27.8,M,,0499*44
1780395439.125,$GNGSA,A,3,10,18,23,24,32,,,,,,,,1.38,0.72,1.18,1*08
1780395439.126,$GNGSA,A,3,66,75,65,88,76,81,87,,,,,,1.38,0.72,1.18,2*03
1780395439.126,$GNGSA,A,3,05,12,04,06,09,10,11,36,,,,,1.38,0.72,1.18,3*0D
1780395439.127,$GNGSA,A,3,06,07,08,09,10,13,14,34,,,,,1.38,0.72,1.18,4*02
1780395439.128,$GPGSV,3,1,09,10,22,328,23,13,18,119,19,18,83,174,42,23,40,005,38,1*61
1780395439.129,$GPGSV,3,2,09,24,39,044,35,32,31,272,34,41,64,233,42,42,70,217,42,1*65
1780395439.130,$GPGSV,3,3,09,50,55,115,30,1*5E
1780395439.131,$GPGSV,2,1,05,10,22,328,24,18,83,174,39,23,40,005,35,24,39,044,27,6*6E
1780395439.131,$GPGSV,2,2,05,32,31,272,27,6*57
1780395439.132,$GPGSV,2,1,08,05,04,104,,12,13,120,,15,11,046,,25,18,157,,0*63
1780395439.133,$GPGSV,2,2,08,25,18,157,,27,05,292,,28,16,207,,29,16,181,,0*65
1780395439.133,$GLGSV,2,1,07,65,23,012,31,66,28,317,38,75,21,074,22,76,27,134,37,1*7F
1780395439.134,$GLGSV,2,2,07,81,24,325,33,87,24,169,33,88,67,262,38,1*4F
1780395439.135,$GLGSV,2,1,06,66,28,317,29,67,04,267,15,75,21,074,23,76,27,134,33,3*78
1780395439.136,$GLGSV,2,2,06,81,24,325,23,88,67,262,38,3*7A
1780395439.136,$GLGSV,1,1,01,77,07,177,,0*4E
1780395439.137,$GAGSV,2,1,08,04,35,021,33,05,23,248,28,06,54,353,37,09,58,305,36,2*7D
1780395439.138,$GAGSV,2,2,08,10,70,123,37,11,76,356,34,12,45,136,32,36,26,329,25,2*73
1780395439.138,$GAGSV,2,1,08,04,35,021,38,05,23,248,27,06,54,353,41,09,58,305,34,7*7F
1780395439.139,$GAGSV,2,2,08,10,70,123,35,11,76,356,38,12,45,136,37,36,26,329,26,7*7E
1780395439.140,$GAGSV,1,1,04,16,08,188,,23,00,091,,28,16,036,,31,12,136,,0*7A
1780395439.141,$GBGSV,2,1,08,06,40,036,37,07,68,115,36,08,22,178,35,09,38,002,34,1*70
1780395439.141,$GBGSV,2,2,08,10,63,142,41,13,29,302,30,14,29,032,33,34,42,189,38,1*76
1780395439.142,$GBGSV,1,1,02,09,38,002,34,10,63,142,36,3*77
1780395439.143,$GBGSV,3,1,10,01,42,106,,02,63,244,,03,72,138,,04,22,095,,0*75
1780395439.143,$GBGSV,3,2,10,04,22,095,,21,14,053,,24,38,154,,25,04,202,,0*71
1780395439.144,$GBGSV,3,3,10,25,04,202,,26,37,091,,0*7D
1780395439.145,$GNGLL,1339.05682,N,10029.57912,E,101719.00,A,D*7E
1780395440.117,$GNRMC,101720.00,A,1339.05710,N,10029.57912,E,1.018,2.62,020626,0.53,W,R,V*54
1780395440.120,$GNVTG,2.62,T,3.15,M,1.018,N,1.885,K,D*35
1780395440.121,$GNGGA,101720.00,1339.05710,N,10029.57912,E,4,12,0.72,-1.1,M,-27.8,M,,0499*44
1780395440.121,$GNGSA,A,3,10,18,23,24,32,,,,,,,,1.38,0.72,1.18,1*08
1780395440.122,$GNGSA,A,3,66,75,65,88,76,81,87,,,,,,1.38,0.72,1.18,2*03
1780395440.122,$GNGSA,A,3,05,12,04,06,09,10,11,36,,,,,1.38,0.72,1.18,3*0D
1780395440.123,$GNGSA,A,3,06,07,08,09,10,13,14,34,,,,,1.38,0.72,1.18,4*02
1780395440.124,$GPGSV,3,1,09,10,22,328,23,13,18,119,33,18,83,174,42,23,40,005,40,1*66
1780395440.124,$GPGSV,3,2,09,24,39,044,37,32,31,272,30,41,64,233,42,42,70,217,40,1*61
1780395440.125,$GPGSV,3,3,09,50,55,115,28,1*57
1780395440.126,$GPGSV,2,1,05,10,22,328,22,18,83,174,40,23,40,005,35,24,39,044,33,6*63
1780395440.126,$GPGSV,2,2,05,32,31,272,24,6*54
1780395440.127,$GPGSV,2,1,08,05,04,104,,12,13,120,,15,11,046,,25,18,157,,0*63
1780395440.127,$GPGSV,2,2,08,25,18,157,,27,05,292,,28,16,207,,29,16,181,,0*65
1780395440.128,$GLGSV,2,1,07,65,23,013,35,66,28,317,35,75,21,074,22,76,27,134,36,1*76
1780395440.129,$GLGSV,2,2,07,81,24,325,32,87,24,169,28,88,67,262,40,1*4B
1780395440.129,$GLGSV,2,1,06,66,28,317,37,67,04,267,15,75,21,074,22,76,27,134,29,3*7D
1780395440.130,$GLGSV,2,2,06,81,24,325,34,88,67,262,41,3*72
1780395440.130,$GLGSV,1,1,01,77,07,177,,0*4E
1780395440.131,$GAGSV,2,1,08,04,35,021,34,05,23,248,17,06,54,353,39,09,58,305,35,2*7B
1780395440.132,$GAGSV,2,2,08,10,70,123,37,11,76,356,35,12,45,136,32,36,26,329,24,2*73
1780395440.132,$GAGSV,2,1,08,04,35,021,39,05,23,248,22,06,54,353,41,09,58,305,39,7*76
1780395440.133,$GAGSV,2,2,08,10,70,123,37,11,76,356,38,12,45,136,31,36,26,329,26,7*7A
1780395440.134,$GAGSV,1,1,04,16,08,188,,23,00,091,,28,16,036,,31,12,136,,0*7A
1780395440.134,$GBGSV,2,1,08,06,40,036,39,07,68,115,36,08,22,178,35,09,38,002,34,1*7E
1780395440.135,$GBGSV,2,2,08,10,63,142,39,13,29,302,23,14,29,032,29,34,42,189,38,1*70
1780395440.136,$GBGSV,1,1,02,09,38,002,31,10,63,142,36,3*72
1780395440.136,$GBGSV,3,1,10,01,42,106,,02,63,244,,03,72,138,,04,22,095,,0*75
1780395440.137,$GBGSV,3,2,10,04,22,095,,21,14,053,,24,38,154,,25,04,202,,0*71
1780395440.137,$GBGSV,3,3,10,25,04,202,,26,37,091,,0*7D
1780395440.138,$GNGLL,1339.05710,N,10029.57912,E,101720.00,A,D*7E
1780395441.118,$GNRMC,101721.00,A,1339.05736,N,10029.57913,E,0.869,0.50,020626,0.53,W,R,V*5C
1780395441.119,$GNVTG,0.50,T,1.03,M,0.869,N,1.609,K,D*36
1780395441.120,$GNGGA,101721.00,1339.05736,N,10029.57913,E,4,12,0.72,-1.1,M,-27.8,M,,0499*40
1780395441.120,$GNGSA,A,3,10,18,23,24,32,,,,,,,,1.38,0.72,1.18,1*08
1780395441.121,$GNGSA,A,3,66,75,65,88,76,81,87,,,,,,1.38,0.72,1.18,2*03
1780395441.121,$GNGSA,A,3,05,12,04,06,09,10,11,36,,,,,1.38,0.72,1.18,3*0D
1780395441.122,$GNGSA,A,3,06,07,08,09,10,13,14,34,,,,,1.38,0.72,1.18,4*02
1780395441.123,$GPGSV,3,1,09,10,22,328,25,13,18,119,35,18,83,174,43,23,40,005,39,1*69
1780395441.123,$GPGSV,3,2,09,24,39,044,35,32,31,272,29,41,64,233,41,42,70,217,39,1*66
1780395441.124,$GPGSV,3,3,09,50,55,115,30,1*5E
1780395441.124,$GPGSV,2,1,05,10,22,328,22,18,83,174,42,23,40,005,36,24,39,044,30,6*61
1780395441.125,$GPGSV,2,2,05,32,31,272,30,6*51
1780395441.126,$GPGSV,2,1,08,05,04,104,,12,13,120,,15,11,046,,25,18,157,,0*63
1780395441.126,$GPGSV,2,2,08,25,18,157,,27,05,292,,28,16,207,,29,16,181,,0*65
1780395441.127,$GLGSV,2,1,07,65,23,013,35,66,28,318,34,75,21,074,20,76,27,134,38,1*74
1780395441.127,$GLGSV,2,2,07,81,24,325,35,87,24,169,35,88,67,262,42,1*42
1780395441.128,$GLGSV,2,1,06,66,28,318,38,67,04,267,15,75,21,074,22,76,27,134,30,3*75
1780395441.129,$GLGSV,2,2,06,81,24,325,33,88,67,262,41,3*75
1780395441.129,$GLGSV,1,1,01,77,07,177,,0*4E
1780395441.130,$GAGSV,2,1,08,04,35,021,32,05,23,248,21,06,54,353,37,09,58,305,35,2*76
1780395441.130,$GAGSV,2,2,08,10,70,123,35,11,76,356,34,12,45,136,24,36,26,329,26,2*75
1780395441.131,$GAGSV,2,1,08,04,35,021,39,05,23,248,33,06,54,353,39,09,58,305,38,7*78
1780395441.132,$GAGSV,2,2,08,10,70,123,36,11,76,356,38,12,45,136,31,36,26,329,26,7*7B
1780395441.133,$GAGSV,1,1,04,16,08,188,,23,00,091,,28,16,036,,31,12,136,,0*7A
1780395441.133,$GBGSV,2,1,08,06,40,036,38,07,68,115,39,08,22,178,35,09,38,002,35,1*71
1780395441.134,$GBGSV,2,2,08,10,63,142,42,13,29,302,34,14,29,032,29,34,42,189,39,1*7B
1780395441.135,$GBGSV,1,1,04,07,68,115,12,09,38,002,33,10,63,142,35,13,29,302,13,3*70
1780395441.135,$GBGSV,3,1,10,01,42,106,,02,63,244,,03,72,138,,04,22,095,,0*75
1780395441.136,$GBGSV,3,2,10,04,22,095,,21,14,053,,24,38,154,,25,04,202,,0*71
1780395441.136,$GBGSV,3,3,10,25,04,202,,26,37,091,,0*7D
1780395441.137,$GNGLL,1339.05736,N,10029.57913,E,101721.00,A,D*7A
1780395442.118,$GNRMC,101722.00,A,1339.05762,N,10029.57913,E,0.877,2.90,020626,0.53,W,R,V*5F
1780395442.120,$GNVTG,2.90,T,3.43,M,0.877,N,1.625,K,D*3F
1780395442.123,$GNGGA,101722.00,1339.05762,N,10029.57913,E,4,12,0.72,-1.1,M,-27.8,M,,0499*42
1780395442.124,$GNGSA,A,3,10,18,23,24,32,,,,,,,,1.38,0.72,1.18,1*08
1780395442.126,$GNGSA,A,3,66,75,65,88,76,81,87,,,,,,1.38,0.72,1.18,2*03
1780395442.128,$GNGSA,A,3,05,12,04,06,09,10,11,36,,,,,1.38,0.72,1.18,3*0D
1780395442.129,$GNGSA,A,3,06,07,08,09,10,13,14,34,,,,,1.38,0.72,1.18,4*02
1780395442.131,$GPGSV,3,1,09,10,22,328,32,13,18,119,32,18,83,174,42,23,40,005,40,1*67
1780395442.135,$GPGSV,3,2,09,24,39,044,37,32,31,272,35,41,64,233,41,42,70,217,40,1*67
1780395442.137,$GPGSV,3,3,09,50,55,115,30,1*5E
1780395442.140,$GPGSV,2,1,05,10,22,328,30,18,83,174,40,23,40,005,36,24,39,044,32,6*62
1780395442.141,$GPGSV,2,2,05,32,31,272,28,6*58
1780395442.143,$GPGSV,2,1,08,05,04,104,,12,13,120,,15,11,046,,25,18,157,,0*63
1780395442.145,$GPGSV,2,2,08,25,18,157,,27,05,292,,28,16,207,,29,16,181,,0*65
1780395442.147,$GLGSV,2,1,07,65,23,013,32,66,28,318,37,75,21,074,19,76,27,134,38,1*7A
1780395442.149,$GLGSV,2,2,07,81,24,325,31,87,24,169,32,88,67,262,41,1*42
1780395442.151,$GLGSV,2,1,06,66,28,318,32,67,04,268,16,75,21,074,21,76,27,134,25,3*74
1780395442.152,$GLGSV,2,2,06,81,24,325,32,88,67,262,37,3*75
1780395442.153,$GLGSV,1,1,01,77,07,177,,0*4E
1780395442.154,$GAGSV,2,1,08,04,35,021,33,05,23,248,23,06,54,353,37,09,58,305,34,2*74
1780395442.156,$GAGSV,2,2,08,10,70,123,34,11,76,356,33,12,45,136,27,36,26,329,24,2*72
1780395442.158,$GAGSV,2,1,08,04,35,021,39,05,23,248,33,06,54,353,41,09,58,305,38,7*77
1780395442.159,$GAGSV,2,2,08,10,70,123,38,11,76,356,37,12,45,136,30,36,26,329,31,7*7D
1780395442.161,$GAGSV,1,1,04,16,08,188,,23,00,091,,28,16,036,,31,12,136,,0*7A
1780395442.162,$GBGSV,2,1,08,06,40,036,36,07,68,115,29,08,22,178,35,09,38,002,37,1*7C
1780395442.163,$GBGSV,2,2,08,10,63,142,40,13,29,302,37,14,29,032,29,34,42,189,38,1*7B
1780395442.164,$GBGSV,1,1,04,07,68,115,12,09,38,002,33,10,63,142,35,13,29,302,10,3*73
1780395442.164,$GBGSV,3,1,10,01,42,106,,02,63,244,,03,72,138,,04,22,095,,0*75
1780395442.165,$GBGSV,3,2,10,04,22,095,,21,14,053,,24,38,154,,25,04,202,,0*71
1780395442.166,$GBGSV,3,3,10,25,04,202,,26,37,091,,0*7D
1780395442.166,$GNGLL,1339.05762,N,10029.57913,E,101722.00,A,D*78
1780395443.113,$GNRMC,101723.00,A,1339.05788,N,10029.57915,E,0.945,4.14,020626,0.53,W,R,V*56
1780395443.115,$GNVTG,4.14,T,4.67,M,0.945,N,1.750,K,D*37
1780395443.116,$GNGGA,101723.00,1339.05788,N,10029.57915,E,4,12,0.76,-1.1,M,-27.8,M,,0499*45
1780395443.117,$GNGSA,A,3,10,18,23,24,32,,,,,,,,1.47,0.76,1.26,1*09
1780395443.117,$GNGSA,A,3,66,65,88,76,81,87,,,,,,,1.47,0.76,1.26,2*00
1780395443.118,$GNGSA,A,3,05,12,04,06,09,10,11,36,,,,,1.47,0.76,1.26,3*0C
1780395443.118,$GNGSA,A,3,06,07,08,09,10,13,14,34,,,,,1.47,0.76,1.26,4*03
1780395443.119,$GPGSV,3,1,09,10,22,328,32,13,18,119,28,18,83,174,42,23,40,005,37,1*6C
1780395443.120,$GPGSV,3,2,09,24,39,044,38,32,31,272,32,41,64,233,37,42,70,217,41,1*6F
1780395443.120,$GPGSV,3,3,09,50,55,115,29,1*56
1780395443.121,$GPGSV,2,1,05,10,22,328,20,18,83,174,40,23,40,005,33,24,39,044,33,6*67
1780395443.121,$GPGSV,2,2,05,32,31,272,24,6*54
1780395443.122,$GPGSV,2,1,08,05,04,104,,12,13,120,,15,11,046,,25,18,157,,0*63
1780395443.123,$GPGSV,2,2,08,25,18,157,,27,05,292,,28,16,207,,29,16,181,,0*65
1780395443.123,$GLGSV,2,1,07,65,23,013,32,66,28,318,39,75,21,074,18,76,27,134,29,1*75
1780395443.124,$GLGSV,2,2,07,81,24,325,35,87,24,169,35,88,67,262,42,1*42
1780395443.125,$GLGSV,2,1,06,66,28,318,34,67,04,268,16,75,21,074,19,76,27,134,36,3*7B
1780395443.125,$GLGSV,2,2,06,81,24,325,28,88,67,262,41,3*7F
1780395443.126,$GLGSV,1,1,01,77,07,177,,0*4E
1780395443.127,$GAGSV,2,1,08,04,35,021,34,05,23,248,25,06,54,353,38,09,58,305,35,2*7B
1780395443.128,$GAGSV,2,2,08,10,70,123,35,11,76,356,34,12,45,136,28,36,26,329,23,2*7C
1780395443.129,$GAGSV,2,1,08,04,35,021,39,05,23,248,30,06,54,353,39,09,58,305,35,7*76
1780395443.129,$GAGSV,2,2,08,10,70,123,35,11,76,356,37,12,45,136,26,36,26,329,26,7*71
1780395443.130,$GAGSV,1,1,04,16,08,188,,23,00,091,,28,16,036,,31,12,136,,0*7A
1780395443.131,$GBGSV,2,1,08,06,40,036,40,07,68,115,37,08,22,178,36,09,38,002,37,1*71
1780395443.132,$GBGSV,2,2,08,10,63,142,40,13,29,302,36,14,29,032,34,34,42,189,38,1*76
1780395443.132,$GBGSV,1,1,04,07,68,115,09,09,38,002,32,10,63,142,34,13,29,302,08,3*70
1780395443.133,$GBGSV,3,1,10,01,42,106,,02,63,244,,03,72,138,,04,22,095,,0*75
1780395443.133,$GBGSV,3,2,10,04,22,095,,21,14,053,,24,38,154,,25,04,202,,0*71
1780395443.134,$GBGSV,3,3,10,25,04,202,,26,37,091,,0*7D
1780395443.134,$GNGLL,1339.05788,N,10029.57915,E,101723.00,A,D*7B
1780395444.125,$GNRMC,101724.00,A,1339.05816,N,10029.57916,E,0.917,3.93,020626,0.53,W,R,V*55
1780395444.127,$GNVTG,3.93,T,4.46,M,0.917,N,1.699,K,D*3F
1780395444.128,$GNGGA,101724.00,1339.05816,N,10029.57916,E,4,12,0.72,-1.1,M,-27.8,M,,0499*4D
1780395444.129,$GNGSA,A,3,10,18,23,24,32,,,,,,,,1.38,0.72,1.18,1*08
1780395444.129,$GNGSA,A,3,66,75,65,88,76,81,87,,,,,,1.38,0.72,1.18,2*03
1780395444.130,$GNGSA,A,3,05,12,04,06,09,10,11,36,,,,,1.38,0.72,1.18,3*0D
1780395444.130,$GNGSA,A,3,06,07,08,09,10,13,14,34,,,,,1.38,0.72,1.18,4*02
1780395444.131,$GPGSV,3,1,09,10,22,328,29,13,18,119,27,18,83,174,42,23,40,005,39,1*67
1780395444.132,$GPGSV,3,2,09,24,39,044,36,32,31,272,30,41,64,233,41,42,70,217,41,1*62
1780395444.132,$GPGSV,3,3,09,50,55,115,30,1*5E
1780395444.133,$GPGSV,2,1,05,10,22,328,29,18,83,174,42,23,40,005,34,24,39,044,32,6*6A
1780395444.133,$GPGSV,2,2,05,32,31,272,25,6*55
1780395444.134,$GPGSV,2,1,08,05,04,104,,12,13,120,,15,11,046,,25,18,157,,0*63
1780395444.134,$GPGSV,2,2,08,25,18,157,,27,05,292,,28,16,207,,29,16,181,,0*65
1780395444.135,$GLGSV,2,1,07,65,23,013,35,66,28,318,29,75,21,074,20,76,27,134,33,1*73
1780395444.136,$GLGSV,2,2,07,81,24,325,34,87,24,169,34,88,67,262,36,1*41
1780395444.136,$GLGSV,2,1,06,66,28,318,34,67,04,268,17,75,21,074,18,76,27,134,29,3*75
1780395444.137,$GLGSV,2,2,06,81,24,325,32,88,67,262,39,3*7B
1780395444.137,$GLGSV,1,1,01,77,07,177,,0*4E
1780395444.138,$GAGSV,2,1,08,04,35,021,34,05,23,248,27,06,54,353,38,09,58,305,35,2*79
1780395444.139,$GAGSV,2,2,08,10,70,123,35,11,76,356,33,12,45,136,28,36,26,329,25,2*7D
1780395444.139,$GAGSV,2,1,08,04,35,021,37,05,23,248,31,06,54,353,39,09,58,305,37,7*7B
1780395444.140,$GAGSV,2,2,08,10,70,123,36,11,76,356,38,12,45,136,29,36,26,329,25,7*71
1780395444.141,$GAGSV,1,1,04,16,08,188,,23,00,091,,28,16,036,,31,12,136,,0*7A
1780395444.141,$GBGSV,2,1,08,06,40,036,42,07,68,115,39,08,22,178,34,09,38,002,37,1*7F
1780395444.142,$GBGSV,2,2,08,10,63,142,39,13,29,302,30,14,29,032,33,34,42,189,38,1*79
1780395444.143,$GBGSV,1,1,04,07,68,115,08,09,38,002,33,10,63,142,33,13,29,302,08,3*77
1780395444.143,$GBGSV,3,1,10,01,42,106,,02,63,244,,03,72,138,,04,22,095,,0*75
1780395444.144,$GBGSV,3,2,10,04,22,095,,21,14,053,,24,38,154,,25,04,202,,0*71
1780395444.144,$GBGSV,3,3,10,25,04,202,,26,37,091,,0*7D
1780395444.145,$GNGLL,1339.05816,N,10029.57916,E,101724.00,A,D*77
1780395445.121,$GNRMC,101725.00,A,1339.05843,N,10029.57918,E,0.991,3.45,020626,0.53,W,R,V*5F
1780395445.123,$GNVTG,3.45,T,3.98,M,0.991,N,1.836,K,D*35
1780395445.125,$GNGGA,101725.00,1339.05843,N,10029.57918,E,4,12,0.76,-1.1,M,-27.8,M,,0499*46
1780395445.125,$GNGSA,A,3,10,18,23,24,32,,,,,,,,1.47,0.76,1.26,1*09
1780395445.126,$GNGSA,A,3,66,65,88,76,81,87,,,,,,,1.47,0.76,1.26,2*00
1780395445.126,$GNGSA,A,3,05,12,04,06,09,10,11,36,,,,,1.47,0.76,1.26,3*0C
1780395445.127,$GNGSA,A,3,06,07,08,09,10,13,14,34,,,,,1.47,0.76,1.26,4*03
1780395445.127,$GPGSV,3,1,09,10,22,328,23,13,18,119,26,18,83,174,41,23,40,005,37,1*61
1780395445.128,$GPGSV,3,2,09,24,39,044,38,32,31,272,34,41,64,233,42,42,70,217,40,1*6A
1780395445.129,$GPGSV,3,3,09,50,55,115,31,1*5F
1780395445.129,$GPGSV,2,1,05,10,22,328,29,18,83,174,42,23,40,005,37,24,39,044,33,6*68
1780395445.130,$GPGSV,2,2,05,32,31,272,26,6*56
1780395445.130,$GPGSV,2,1,08,05,04,104,,12,13,120,,15,11,046,,25,18,157,,0*63
1780395445.131,$GPGSV,2,2,08,25,18,157,,27,05,292,,28,16,207,,29,16,181,,0*65
1780395445.131,$GLGSV,2,1,07,65,23,013,32,66,28,318,31,75,21,074,19,76,27,134,28,1*7D
1780395445.132,$GLGSV,2,2,07,81,24,325,32,87,24,169,34,88,67,262,39,1*48
1780395445.133,$GLGSV,2,1,06,66,28,318,24,67,04,268,17,75,21,074,17,76,27,134,33,3*70
1780395445.133,$GLGSV,2,2,06,81,24,325,34,88,67,262,40,3*73
1780395445.133,$GLGSV,1,1,01,77,07,177,,0*4E
1780395445.134,$GAGSV,2,1,08,04,35,021,36,05,23,248,27,06,54,353,37,09,58,305,35,2*74
1780395445.135,$GAGSV,2,2,08,10,70,123,35,11,76,356,34,12,45,136,26,36,26,329,24,2*75
1780395445.135,$GAGSV,2,1,08,04,35,021,34,05,23,248,34,06,54,353,41,09,58,305,36,7*73
1780395445.136,$GAGSV,2,2,08,10,70,123,37,11,76,356,37,12,45,136,32,36,26,329,31,7*70
1780395445.137,$GAGSV,1,1,04,16,08,188,,23,00,091,,28,16,036,,31,12,136,,0*7A
1780395445.137,$GBGSV,2,1,08,06,40,036,42,07,68,115,42,08,22,178,34,09,38,002,37,1*73
1780395445.138,$GBGSV,2,2,08,10,63,142,37,13,29,302,38,14,29,032,29,34,42,189,38,1*74
1780395445.139,$GBGSV,1,1,04,07,68,115,08,09,38,002,33,10,63,142,33,13,29,302,07,3*78
1780395445.139,$GBGSV,3,1,10,01,42,106,,02,63,244,,03,72,138,,04,22,095,,0*75
1780395445.140,$GBGSV,3,2,10,04,22,095,,21,14,053,,24,38,154,,25,04,202,,0*71
1780395445.140,$GBGSV,3,3,10,25,04,202,,26,37,091,,0*7D
1780395445.140,$GNGLL,1339.05843,N,10029.57918,E,101725.00,A,D*78
1780395446.120,$GNRMC,101726.00,A,1339.05870,N,10029.57919,E,0.948,4.88,020626,0.53,W,R,V*5F
1780395446.122,$GNVTG,4.88,T,5.41,M,0.948,N,1.755,K,D*3F
1780395446.123,$GNGGA,101726.00,1339.05870,N,10029.57919,E,4,12,0.76,-1.1,M,-27.8,M,,0499*44
1780395446.124,$GNGSA,A,3,10,18,23,24,32,,,,,,,,1.47,0.76,1.26,1*09
1780395446.125,$GNGSA,A,3,66,65,88,76,81,87,,,,,,,1.47,0.76,1.26,2*00
1780395446.126,$GNGSA,A,3,05,12,04,06,09,10,11,36,,,,,1.47,0.76,1.26,3*0C
1780395446.127,$GNGSA,A,3,06,07,08,09,10,13,14,34,,,,,1.47,0.76,1.26,4*03
1780395446.128,$GPGSV,3,1,09,10,22,328,30,13,18,119,25,18,83,174,42,23,40,005,38,1*6C
1780395446.129,$GPGSV,3,2,09,24,39,044,37,32,31,272,30,41,64,233,41,42,70,217,41,1*63
1780395446.129,$GPGSV,3,3,09,50,55,115,33,1*5D
1780395446.130,$GPGSV,2,1,05,10,22,328,28,18,83,174,42,23,40,005,35,24,39,044,34,6*6C
1780395446.131,$GPGSV,2,2,05,32,31,272,27,6*57
1780395446.131,$GPGSV,2,1,08,05,04,104,,12,13,120,,15,11,046,,25,18,157,,0*63
1780395446.132,$GPGSV,2,2,08,25,18,157,,27,05,292,,28,16,207,,29,16,181,,0*65
1780395446.132,$GLGSV,2,1,07,65,23,013,35,66,28,318,30,75,21,074,19,76,27,134,28,1*7B
1780395446.133,$GLGSV,2,2,07,81,24,325,27,87,24,169,34,88,67,262,43,1*41
1780395446.133,$GLGSV,2,1,06,66,28,318,34,67,04,268,17,75,21,074,14,76,27,134,28,3*78
1780395446.134,$GLGSV,2,2,06,81,24,325,32,88,67,262,42,3*77
1780395446.134,$GLGSV,1,1,01,77,07,177,,0*4E
1780395446.135,$GAGSV,2,1,08,04,35,021,35,05,23,248,27,06,54,353,38,09,58,305,36,2*7B
1780395446.135,$GAGSV,2,2,08,10,70,123,39,11,76,356,35,12,45,136,24,36,26,329,27,2*79
1780395446.136,$GAGSV,2,1,08,04,35,021,36,05,23,248,31,06,54,353,40,09,58,305,37,7*74
1780395446.136,$GAGSV,2,2,08,10,70,123,39,11,76,356,37,12,45,136,31,36,26,329,31,7*7D
1780395446.137,$GAGSV,1,1,04,16,08,188,,23,00,091,,28,16,036,,31,12,136,,0*7A
1780395446.138,$GBGSV,2,1,08,06,40,036,41,07,68,115,40,08,22,178,36,09,38,002,37,1*70
1780395446.138,$GBGSV,2,2,08,10,63,142,35,13,29,302,36,14,29,032,29,34,42,189,38,1*78
1780395446.139,$GBGSV,1,1,03,09,38,002,33,10,63,142,34,13,29,302,08,3*43
1780395446.139,$GBGSV,3,1,10,01,42,106,,02,63,244,,03,72,138,,04,22,095,,0*75
1780395446.140,$GBGSV,3,2,10,04,22,095,,21,14,053,,24,38,154,,25,04,202,,0*71
1780395446.140,$GBGSV,3,3,10,25,04,202,,26,37,091,,0*7D
1780395446.141,$GNGLL,1339.05870,N,10029.57919,E,101726.00,A,D*7A
1780395447.126,$GNRMC,101727.00,A,1339.05897,N,10029.57921,E,0.983,3.31,020626,0.53,W,R,V*5E
1780395447.128,$GNVTG,3.31,T,3.84,M,0.983,N,1.820,K,D*3F
1780395447.129,$GNGGA,101727.00,1339.05897,N,10029.57921,E,4,12,0.76,-1.1,M,-27.8,M,,0499*47
1780395447.130,$GNGSA,A,3,10,18,23,24,32,,,,,,,,1.47,0.76,1.26,1*09
1780395447.130,$GNGSA,A,3,66,65,88,76,81,87,,,,,,,1.47,0.76,1.26,2*00
1780395447.131,$GNGSA,A,3,05,12,04,06,09,10,11,36,,,,,1.47,0.76,1.26,3*0C
1780395447.131,$GNGSA,A,3,06,07,08,09,10,13,14,34,,,,,1.47,0.76,1.26,4*03
1780395447.132,$GPGSV,3,1,09,10,22,328,34,13,18,119,34,18,83,174,43,23,40,005,38,1*69
1780395447.133,$GPGSV,3,2,09,24,39,044,37,32,31,272,31,41,64,233,41,42,70,217,41,1*62
1780395447.133,$GPGSV,3,3,09,50,55,115,36,1*58
1780395447.134,$GPGSV,2,1,05,10,22,328,27,18,83,174,40,23,40,005,35,24,39,044,33,6*66
1780395447.134,$GPGSV,2,2,05,32,31,272,27,6*57
1780395447.135,$GPGSV,2,1,08,05,04,104,,12,13,120,,15,11,046,,25,18,157,,0*63
1780395447.135,$GPGSV,2,2,08,25,18,157,,27,05,292,,28,16,207,,29,16,181,,0*65
1780395447.136,$GLGSV,2,1,07,65,23,013,34,66,28,318,38,75,21,074,18,76,27,134,27,1*7C
1780395447.137,$GLGSV,2,2,07,81,24,325,32,87,24,169,34,88,67,262,44,1*42
1780395447.137,$GLGSV,2,1,06,66,28,318,30,67,04,268,18,75,21,074,16,76,27,134,28,3*71
1780395447.138,$GLGSV,2,2,06,81,24,325,27,88,67,262,40,3*71
1780395447.138,$GLGSV,1,1,01,77,07,177,,0*4E
1780395447.139,$GAGSV,2,1,08,04,35,021,35,05,23,248,29,06,54,353,38,09,58,305,38,2*7B
1780395447.140,$GAGSV,2,2,08,10,70,123,38,11,76,356,36,12,45,136,25,36,26,329,32,2*7E
1780395447.140,$GAGSV,2,1,08,04,35,021,37,05,23,248,30,06,54,353,40,09,58,305,34,7*77
1780395447.141,$GAGSV,2,2,08,10,70,123,39,11,76,356,37,12,45,136,25,36,26,329,31,7*78
1780395447.142,$GAGSV,1,1,04,16,08,188,,23,00,091,,28,16,036,,31,12,136,,0*7A
1780395447.142,$GBGSV,2,1,08,06,40,036,39,07,68,115,42,08,22,178,34,09,38,002,38,1*70
1780395447.143,$GBGSV,2,2,08,10,63,142,37,13,29,302,40,14,29,032,24,34,42,189,38,1*76
1780395447.144,$GBGSV,1,1,03,09,38,002,33,10,63,142,35,13,29,302,08,3*42
1780395447.144,$GBGSV,3,1,10,01,42,106,,02,63,244,,03,72,138,,04,22,095,,0*75
1780395447.145,$GBGSV,3,2,10,04,22,095,,21,14,053,,24,38,154,,25,04,202,,0*71
1780395447.145,$GBGSV,3,3,10,25,04,202,,26,37,091,,0*7D
1780395447.146,$GNGLL,1339.05897,N,10029.57921,E,101727.00,A,D*79
1780395448.131,$GNRMC,101728.00,A,1339.05925,N,10029.57922,E,1.049,5.50,020626,0.53,W,R,V*55
1780395448.134,$GNVTG,5.50,T,6.03,M,1.049,N,1.942,K,D*3F
1780395448.135,$GNGGA,101728.00,1339.05925,N,10029.57922,E,4,12,0.76,-1.1,M,-27.8,M,,0499*43
1780395448.136,$GNGSA,A,3,10,18,23,24,32,,,,,,,,1.47,0.76,1.26,1*09
1780395448.136,$GNGSA,A,3,66,65,88,76,81,87,,,,,,,1.47,0.76,1.26,2*00
1780395448.137,$GNGSA,A,3,05,12,04,06,09,10,11,36,,,,,1.47,0.76,1.26,3*0C
1780395448.138,$GNGSA,A,3,06,07,08,09,10,13,14,34,,,,,1.47,0.76,1.26,4*03
1780395448.138,$GPGSV,3,1,09,10,22,328,31,13,18,119,34,18,83,174,41,23,40,005,38,1*6E
1780395448.139,$GPGSV,3,2,09,24,39,044,37,32,31,272,30,41,64,233,38,42,70,217,41,1*6D
1780395448.139,$GPGSV,3,3,09,50,55,115,37,1*59
1780395448.140,$GPGSV,2,1,05,10,22,328,27,18,83,174,39,23,40,005,36,24,39,044,33,6*6B
1780395448.140,$GPGSV,2,2,05,32,31,272,26,6*56
1780395448.141,$GPGSV,2,1,08,05,04,104,,12,13,120,,15,11,046,,25,18,157,,0*63
1780395448.141,$GPGSV,2,2,08,25,18,157,,27,05,292,,28,16,207,,29,16,181,,0*65
1780395448.142,$GLGSV,2,1,07,65,23,013,34,66,28,318,35,75,21,074,18,76,27,134,28,1*7E
1780395448.142,$GLGSV,2,2,07,81,24,325,31,87,24,169,35,88,67,262,41,1*45
1780395448.143,$GLGSV,2,1,06,66,28,318,36,67,04,268,17,75,21,074,18,76,27,134,27,3*79
1780395448.144,$GLGSV,2,2,06,81,24,325,35,88,67,262,41,3*73
1780395448.144,$GLGSV,1,1,01,77,07,177,,0*4E
1780395448.144,$GAGSV,2,1,08,04,35,021,35,05,23,248,28,06,54,353,38,09,58,305,34,2*76
1780395448.145,$GAGSV,2,2,08,10,70,123,38,11,76,356,36,12,45,136,22,36,26,329,33,2*78
1780395448.146,$GAGSV,2,1,08,04,35,021,36,05,23,248,20,06,54,353,40,09,58,305,26,7*74
1780395448.146,$GAGSV,2,2,08,10,70,123,39,11,76,356,37,12,45,136,25,36,26,329,26,7*7E
1780395448.147,$GAGSV,1,1,04,16,08,188,,23,00,091,,28,16,036,,31,12,136,,0*7A
1780395448.147,$GBGSV,2,1,08,06,40,036,40,07,68,115,41,08,22,178,34,09,38,002,38,1*7D
1780395448.148,$GBGSV,2,2,08,10,63,142,37,13,29,302,33,14,29,032,23,34,42,189,38,1*75
1780395448.148,$GBGSV,1,1,03,09,38,002,34,10,63,142,34,13,29,302,07,3*4B
1780395448.149,$GBGSV,3,1,10,01,42,106,,02,63,244,,03,72,138,,04,22,095,,0*75
1780395448.150,$GBGSV,3,2,10,04,22,095,,21,14,053,,24,38,154,,25,04,202,,0*71
1780395448.150,$GBGSV,3,3,10,25,04,202,,26,37,091,,0*7D
1780395448.150,$GNGLL,1339.05925,N,10029.57922,E,101728.00,A,D*7D
1780395449.117,$GNRMC,101729.00,A,1339.05952,N,10029.57924,E,0.954,6.14,020626,0.53,W,R,V*55
1780395449.119,$GNVTG,6.14,T,6.67,M,0.954,N,1.767,K,D*33
1780395449.120,$GNGGA,101729.00,1339.05952,N,10029.57924,E,4,12,0.76,-1.1,M,-27.8,M,,0499*44
1780395449.121,$GNGSA,A,3,10,18,23,24,32,,,,,,,,1.47,0.76,1.26,1*09
1780395449.121,$GNGSA,A,3,66,65,88,76,81,87,,,,,,,1.47,0.76,1.26,2*00
1780395449.122,$GNGSA,A,3,05,12,04,06,09,10,11,36,,,,,1.47,0.76,1.26,3*0C
1780395449.122,$GNGSA,A,3,06,07,08,09,10,13,14,34,,,,,1.47,0.76,1.26,4*03
1780395449.123,$GPGSV,3,1,09,10,22,328,32,13,18,119,33,18,83,174,41,23,40,005,38,1*6A
1780395449.124,$GPGSV,3,2,09,24,39,044,37,32,31,272,34,41,64,233,40,42,70,217,41,1*66
1780395449.124,$GPGSV,3,3,09,50,55,115,30,1*5E
1780395449.125,$GPGSV,2,1,05,10,22,328,26,18,83,174,40,23,40,005,36,24,39,044,35,6*62
1780395449.125,$GPGSV,2,2,05,32,31,272,26,6*56
1780395449.126,$GPGSV,2,1,08,05,04,104,,12,13,120,,15,11,046,,25,18,157,,0*63
1780395449.126,$GPGSV,2,2,08,25,18,157,,27,05,292,,28,16,207,,29,16,181,,0*65
1780395449.128,$GLGSV,2,1,07,65,23,013,35,66,28,318,37,75,21,074,19,76,27,134,32,1*77
1780395449.128,$GLGSV,2,2,07,81,24,325,35,87,24,169,37,88,67,262,43,1*41
1780395449.129,$GLGSV,2,1,06,66,28,318,36,67,04,268,16,75,21,074,19,76,27,134,28,3*76
1780395449.129,$GLGSV,2,2,06,81,24,325,26,88,67,262,41,3*71
1780395449.130,$GLGSV,1,1,01,77,07,177,,0*4E
1780395449.130,$GAGSV,2,1,08,04,35,021,33,05,23,248,28,06,54,353,38,09,58,305,29,2*7C
1780395449.131,$GAGSV,2,2,08,10,70,123,39,11,76,356,36,12,45,136,30,36,26,329,26,2*7E
1780395449.132,$GAGSV,2,1,08,04,35,021,36,05,23,248,28,06,54,353,39,09,58,305,35,7*70
1780395449.133,$GAGSV,2,2,08,10,70,123,40,11,76,356,37,12,45,136,26,36,26,329,31,7*75
1780395449.133,$GAGSV,1,1,04,16,08,188,,23,00,091,,28,16,036,,31,12,136,,0*7A
1780395449.134,$GBGSV,2,1,08,06,40,036,39,07,68,115,42,08,22,178,34,09,38,002,38,1*70
1780395449.135,$GBGSV,2,2,08,10,63,142,40,13,29,302,32,14,29,032,23,34,42,189,41,1*7A
1780395449.135,$GBGSV,1,1,03,09,38,002,33,10,63,142,34,13,29,302,07,3*4C
1780395449.136,$GBGSV,3,1,10,01,42,106,,02,63,244,,03,72,138,,04,22,095,,0*75
1780395449.136,$GBGSV,3,2,10,04,22,095,,21,14,053,,24,38,154,,25,04,202,,0*71
1780395449.137,$GBGSV,3,3,10,25,04,202,,26,37,091,,0*7D
1780395449.137,$GNGLL,1339.05952,N,10029.57924,E,101729.00,A,D*7A
1780395450.118,$GNRMC,101730.00,A,1339.05979,N,10029.57924,E,0.970,1.16,020626,0.53,W,R,V*57
1780395450.120,$GNVTG,1.16,T,1.69,M,0.970,N,1.797,K,D*36
1780395450.121,$GNGGA,101730.00,1339.05979,N,10029.57924,E,4,12,0.76,-1.1,M,-27.8,M,,0499*45
1780395450.121,$GNGSA,A,3,10,18,23,24,32,,,,,,,,1.47,0.76,1.26,1*09
1780395450.122,$GNGSA,A,3,66,65,88,76,81,87,,,,,,,1.47,0.76,1.26,2*00
1780395450.122,$GNGSA,A,3,05,12,04,06,09,10,11,36,,,,,1.47,0.76,1.26,3*0C
1780395450.123,$GNGSA,A,3,06,07,08,09,10,13,14,34,,,,,1.47,0.76,1.26,4*03
1780395450.124,$GPGSV,3,1,09,10,22,328,30,13,18,119,28,18,83,174,42,23,40,005,39,1*60
1780395450.124,$GPGSV,3,2,09,24,39,044,36,32,31,272,29,41,64,233,39,42,70,217,41,1*65
1780395450.125,$GPGSV,3,3,09,50,55,115,32,1*5C
1780395450.125,$GPGSV,2,1,05,10,22,328,26,18,83,174,40,23,40,005,35,24,39,044,35,6*61
1780395450.126,$GPGSV,2,2,05,32,31,272,33,6*52
1780395450.126,$GPGSV,2,1,08,05,04,104,,12,13,120,,15,11,046,,25,18,157,,0*63
1780395450.127,$GPGSV,2,2,08,25,18,157,,27,05,292,,28,16,207,,29,16,181,,0*65
1780395450.128,$GLGSV,2,1,07,65,23,013,35,66,28,318,34,75,21,073,18,76,27,134,32,1*72
1780395450.128,$GLGSV,2,2,07,81,24,325,31,87,24,169,36,88,67,262,41,1*46
1780395450.129,$GLGSV,2,1,06,66,28,318,34,67,04,268,16,75,21,073,19,76,27,134,27,3*7C
1780395450.129,$GLGSV,2,2,06,81,24,325,36,88,67,262,40,3*71
1780395450.130,$GLGSV,1,1,01,77,07,177,,0*4E
1780395450.130,$GAGSV,2,1,08,04,35,021,33,05,23,248,30,06,54,353,38,09,58,305,34,2*79
1780395450.131,$GAGSV,2,2,08,10,70,123,39,11,76,356,35,12,45,136,29,36,26,329,27,2*74
1780395450.132,$GAGSV,2,1,08,04,35,021,38,05,23,248,28,06,54,353,38,09,58,305,28,7*73
1780395450.132,$GAGSV,2,2,08,10,70,123,39,11,76,356,37,12,45,136,28,36,26,329,29,7*7C
1780395450.133,$GAGSV,1,1,04,16,08,188,,23,00,091,,28,16,036,,31,12,136,,0*7A
1780395450.134,$GBGSV,2,1,08,06,40,036,38,07,68,115,42,08,22,178,34,09,38,002,38,1*71
1780395450.134,$GBGSV,2,2,08,10,63,142,41,13,29,302,34,14,29,032,23,34,42,189,40,1*7C
1780395450.135,$GBGSV,1,1,03,09,38,002,33,10,63,142,36,13,29,302,08,3*41
1780395450.135,$GBGSV,3,1,10,01,42,106,,02,63,244,,03,72,138,,04,22,095,,0*75
1780395450.136,$GBGSV,3,2,10,04,22,095,,21,14,053,,24,38,154,,25,04,202,,0*71
1780395450.136,$GBGSV,3,3,10,25,04,202,,26,37,091,,0*7D
1780395450.137,$GNGLL,1339.05979,N,10029.57924,E,101730.00,A,D*7B
1780395451.119,$GNRMC,101731.00,A,1339.06006,N,10029.57925,E,0.938,360.00,020626,0.53,W,R,V*5A
1780395451.120,$GNVTG,360.00,T,0.52,M,0.938,N,1.738,K,D*35
1780395451.121,$GNGGA,101731.00,1339.06006,N,10029.57925,E,4,12,0.76,-1.1,M,-27.8,M,,0499*47
1780395451.121,$GNGSA,A,3,10,18,23,24,32,,,,,,,,1.47,0.76,1.26,1*09
1780395451.122,$GNGSA,A,3,66,65,88,76,81,87,,,,,,,1.47,0.76,1.26,2*00
1780395451.123,$GNGSA,A,3,05,12,04,06,09,10,11,36,,,,,1.47,0.76,1.26,3*0C
1780395451.123,$GNGSA,A,3,06,07,08,09,10,13,14,34,,,,,1.47,0.76,1.26,4*03
1780395451.124,$GPGSV,3,1,09,10,22,328,29,13,18,119,26,18,83,174,41,23,40,005,38,1*64
1780395451.125,$GPGSV,3,2,09,24,39,044,35,32,31,272,36,41,64,233,42,42,70,217,40,1*65
1780395451.126,$GPGSV,3,3,09,50,55,115,34,1*5A
1780395451.127,$GPGSV,2,1,05,10,22,328,26,18,83,174,40,23,40,005,35,24,39,044,33,6*67
1780395451.127,$GPGSV,2,2,05,32,31,272,29,6*59
1780395451.128,$GPGSV,2,1,08,05,04,104,,12,13,120,,15,11,046,,25,18,157,,0*63
1780395451.128,$GPGSV,2,2,08,25,18,157,,27,05,292,,28,16,207,,29,16,181,,0*65
1780395451.129,$GLGSV,2,1,07,65,23,013,32,66,28,318,36,75,21,073,17,76,27,133,32,1*7F
1780395451.130,$GLGSV,2,2,07,81,24,325,37,87,24,169,36,88,67,262,40,1*41
1780395451.130,$GLGSV,2,1,06,66,28,318,35,67,04,268,16,75,21,073,19,76,27,133,28,3*75
1780395451.131,$GLGSV,2,2,06,81,24,325,29,88,67,262,41,3*7E
1780395451.131,$GLGSV,1,1,01,77,07,177,,0*4E
1780395451.132,$GAGSV,2,1,08,04,35,021,33,05,23,248,29,06,54,353,36,09,58,305,31,2*7A
1780395451.133,$GAGSV,2,2,08,10,70,123,38,11,76,356,34,12,45,136,28,36,26,329,26,2*74
1780395451.133,$GAGSV,2,1,08,04,35,021,35,05,23,248,27,06,54,353,39,09,58,305,34,7*7D
1780395451.134,$GAGSV,2,2,08,10,70,123,37,11,76,356,37,12,45,136,28,36,26,329,20,7*7B
1780395451.135,$GAGSV,1,1,04,16,08,188,,23,00,091,,28,16,036,,31,12,136,,0*7A
1780395451.135,$GBGSV,2,1,08,06,40,036,37,07,68,115,41,08,22,178,34,09,38,002,38,1*7D
1780395451.136,$GBGSV,2,2,08,10,63,142,42,13,29,302,32,14,29,032,23,34,42,189,40,1*79
1780395451.136,$GBGSV,1,1,03,09,38,002,33,10,63,142,36,13,29,302,07,3*4E
1780395451.137,$GBGSV,3,1,10,01,42,106,,02,63,244,,03,72,138,,04,22,095,,0*75
1780395451.138,$GBGSV,3,2,10,04,22,095,,21,14,053,,24,38,154,,25,04,202,,0*71
1780395451.138,$GBGSV,3,3,10,25,04,202,,26,37,091,,0*7D
1780395451.139,$GNGLL,1339.06006,N,10029.57925,E,101731.00,A,D*79
1780395452.113,$GNRMC,101732.00,A,1339.06033,N,10029.57926,E,0.924,2.36,020626,0.53,W,R,V*53
1780395452.115,$GNVTG,2.36,T,2.89,M,0.924,N,1.711,K,D*35
1780395452.117,$GNGGA,101732.00,1339.06033,N,10029.57926,E,4,12,0.76,-1.1,M,-27.8,M,,0499*41
1780395452.117,$GNGSA,A,3,10,18,23,24,32,,,,,,,,1.47,0.76,1.26,1*09
1780395452.118,$GNGSA,A,3,66,65,88,76,81,87,,,,,,,1.47,0.76,1.26,2*00
1780395452.118,$GNGSA,A,3,05,12,04,06,09,10,11,36,,,,,1.47,0.76,1.26,3*0C
1780395452.119,$GNGSA,A,3,06,07,08,09,10,13,14,34,,,,,1.47,0.76,1.26,4*03
1780395452.119,$GPGSV,3,1,09,10,22,328,30,13,18,119,24,18,83,174,41,23,40,005,38,1*6E
1780395452.120,$GPGSV,3,2,09,24,39,044,35,32,31,272,33,41,64,233,41,42,70,217,39,1*6D
1780395452.120,$GPGSV,3,3,09,50,55,115,33,1*5D
1780395452.121,$GPGSV,2,1,05,10,22,328,24,18,83,174,41,23,40,005,36,24,39,044,32,6*66
1780395452.121,$GPGSV,2,2,05,32,31,272,34,6*55
1780395452.121,$GPGSV,2,1,08,05,04,104,,12,13,120,,15,11,046,,25,18,157,,0*63
1780395452.122,$GPGSV,2,2,08,25,18,157,,27,05,292,,28,16,207,,29,16,181,,0*65
1780395452.123,$GLGSV,2,1,07,65,23,013,33,66,28,318,33,75,21,073,16,76,27,133,34,1*7C
1780395452.123,$GLGSV,2,2,07,81,24,325,35,87,24,169,34,88,67,262,41,1*40
1780395452.124,$GLGSV,2,1,06,66,28,318,27,67,04,268,16,75,21,073,19,76,27,133,27,3*79
1780395452.124,$GLGSV,2,2,06,81,24,325,33,88,67,262,40,3*74
1780395452.124,$GLGSV,1,1,01,77,08,177,,0*41
1780395452.125,$GAGSV,2,1,08,04,35,021,33,05,23,248,30,06,54,353,37,09,58,305,32,2*70
1780395452.125,$GAGSV,2,2,08,10,70,123,39,11,76,356,35,12,45,136,28,36,26,329,25,2*77
1780395452.126,$GAGSV,2,1,08,04,35,021,36,05,23,248,33,06,54,353,39,09,58,305,31,7*7E
1780395452.127,$GAGSV,2,2,08,10,70,123,39,11,76,356,37,12,45,136,33,36,26,329,23,7*7C
1780395452.127,$GAGSV,1,1,04,16,08,188,,23,00,091,,28,16,036,,31,12,136,,0*7A
1780395452.128,$GBGSV,2,1,08,06,40,036,39,07,68,115,41,08,22,178,35,09,38,002,38,1*72
1780395452.128,$GBGSV,2,2,08,10,63,142,39,13,29,302,36,14,29,032,26,34,42,189,41,1*75
1780395452.129,$GBGSV,1,1,02,09,38,002,33,10,63,142,33,3*75
1780395452.129,$GBGSV,3,1,10,01,42,106,,02,63,244,,03,72,138,,04,22,095,,0*75
1780395452.130,$GBGSV,3,2,10,04,22,095,,21,14,053,,24,38,154,,25,04,202,,0*71
1780395452.130,$GBGSV,3,3,10,25,04,202,,26,37,091,,0*7D
1780395452.131,$GNGLL,1339.06033,N,10029.57926,E,101732.00,A,D*7F
1780395453.115,$GNRMC,101733.00,A,1339.06061,N,10029.57927,E,1.061,1.75,020626,0.53,W,R,V*59
1780395453.117,$GNVTG,1.75,T,2.28,M,1.061,N,1.965,K,D*3E
1780395453.119,$GNGGA,101733.00,1339.06061,N,10029.57927,E,4,12,0.76,-1.1,M,-27.8,M,,0499*46
1780395453.120,$GNGSA,A,3,10,18,23,24,32,,,,,,,,1.47,0.76,1.26,1*09
1780395453.121,$GNGSA,A,3,66,65,88,76,81,87,,,,,,,1.47,0.76,1.26,2*00
1780395453.122,$GNGSA,A,3,05,12,04,06,09,10,11,36,,,,,1.47,0.76,1.26,3*0C
1780395453.122,$GNGSA,A,3,06,07,08,09,10,13,14,34,,,,,1.47,0.76,1.26,4*03
1780395453.123,$GPGSV,3,1,09,10,22,328,28,13,18,119,24,18,83,174,41,23,40,005,38,1*67
1780395453.123,$GPGSV,3,2,09,24,39,044,37,32,31,272,35,41,64,233,37,42,70,217,40,1*66
1780395453.124,$GPGSV,3,3,09,50,55,115,33,1*5D
1780395453.124,$GPGSV,2,1,05,10,22,328,23,18,83,174,41,23,40,005,36,24,39,044,32,6*61
1780395453.124,$GPGSV,2,2,05,32,31,272,28,6*58
1780395453.125,$GPGSV,2,1,08,05,04,104,,12,13,120,,15,11,046,,25,18,157,,0*63
1780395453.126,$GPGSV,2,2,08,25,18,157,,27,05,292,,28,16,207,,29,16,181,,0*65
1780395453.126,$GLGSV,2,1,07,65,23,013,32,66,28,318,33,75,21,073,15,76,27,133,35,1*7F
1780395453.127,$GLGSV,2,2,07,81,24,325,35,87,24,169,30,88,67,262,39,1*4B
1780395453.127,$GLGSV,2,1,06,66,28,318,35,67,04,268,16,75,21,073,17,76,27,133,32,3*70
1780395453.128,$GLGSV,2,2,06,81,24,325,32,88,67,262,41,3*74
1780395453.128,$GLGSV,1,1,01,77,08,177,,0*41
1780395453.129,$GAGSV,2,1,08,04,35,021,32,05,23,248,28,06,54,353,37,09,58,305,33,2*79
1780395453.129,$GAGSV,2,2,08,10,70,123,40,11,76,356,34,12,45,136,29,36,26,329,24,2*78
1780395453.130,$GAGSV,2,1,08,04,35,021,37,05,23,248,28,06,54,353,39,09,58,305,34,7*70
1780395453.130,$GAGSV,2,2,08,10,70,123,40,11,76,356,37,12,45,136,27,36,26,329,24,7*70
1780395453.131,$GAGSV,1,1,04,16,08,188,,23,00,091,,28,16,036,,31,12,136,,0*7A
1780395453.132,$GBGSV,2,1,08,06,40,036,39,07,68,115,41,08,22,178,33,09,38,002,38,1*74
1780395453.132,$GBGSV,2,2,08,10,63,142,40,13,29,302,34,14,29,032,26,34,42,189,39,1*76
1780395453.133,$GBGSV,1,1,03,09,38,002,33,10,63,142,36,14,29,032,04,3*4A
1780395453.133,$GBGSV,3,1,10,01,42,106,,02,63,244,,03,72,138,,04,22,095,,0*75
1780395453.134,$GBGSV,3,2,10,04,22,095,,21,14,053,,24,38,154,,25,04,202,,0*71
1780395453.134,$GBGSV,3,3,10,25,04,202,,26,37,091,,0*7D
1780395453.135,$GNGLL,1339.06061,N,10029.57927,E,101733.00,A,D*78
1780395454.112,$GNRMC,101734.00,A,1339.06090,N,10029.57927,E,1.036,1.72,020626,0.53,W,R,V*55
1780395454.114,$GNVTG,1.72,T,2.25,M,1.036,N,1.918,K,D*3C
1780395454.116,$GNGGA,101734.00,1339.06090,N,10029.57927,E,4,12,0.76,-1.1,M,-27.8,M,,0499*4F
1780395454.116,$GNGSA,A,3,10,18,23,24,32,,,,,,,,1.47,0.76,1.26,1*09
1780395454.117,$GNGSA,A,3,66,65,88,76,81,87,,,,,,,1.47,0.76,1.26,2*00
1780395454.117,$GNGSA,A,3,05,12,04,06,09,10,11,36,,,,,1.47,0.76,1.26,3*0C
1780395454.118,$GNGSA,A,3,06,07,08,09,10,13,14,34,,,,,1.47,0.76,1.26,4*03
1780395454.118,$GPGSV,3,1,09,10,22,328,22,13,18,119,25,18,83,174,42,23,40,005,40,1*60
1780395454.119,$GPGSV,3,2,09,24,39,044,33,32,31,272,35,41,64,233,41,42,70,217,40,1*63
1780395454.119,$GPGSV,3,3,09,50,55,115,33,1*5D
1780395454.120,$GPGSV,2,1,05,10,22,328,28,18,83,174,42,23,40,005,36,24,39,044,30,6*6B
1780395454.121,$GPGSV,2,2,05,32,31,272,29,6*59
1780395454.121,$GPGSV,2,1,08,05,04,104,,12,13,120,,15,11,046,,25,18,157,,0*63
1780395454.122,$GPGSV,2,2,08,25,18,157,,27,05,292,,28,16,207,,29,16,181,,0*65
1780395454.122,$GLGSV,2,1,07,65,23,013,31,66,28,318,38,75,21,073,15,76,27,133,14,1*74
1780395454.123,$GLGSV,2,2,07,81,24,325,32,87,24,169,31,88,67,262,40,1*43
1780395454.124,$GLGSV,2,1,06,66,28,318,33,67,04,268,16,75,21,073,15,76,27,133,27,3*70
1780395454.124,$GLGSV,2,2,06,81,24,325,28,88,67,262,40,3*7E
1780395454.125,$GLGSV,1,1,01,77,08,177,,0*41
1780395454.125,$GAGSV,2,1,08,04,35,021,33,05,23,248,28,06,54,353,37,09,58,305,37,2*7C
1780395454.126,$GAGSV,2,2,08,10,70,123,40,11,76,356,34,12,45,136,28,36,26,329,26,2*7B
1780395454.128,$GAGSV,2,1,08,04,35,021,38,05,23,248,27,06,54,353,38,09,58,305,39,7*7C
1780395454.128,$GAGSV,2,2,08,10,70,123,40,11,76,356,36,12,45,136,28,36,26,329,25,7*7F
1780395454.129,$GAGSV,1,1,04,16,08,188,,23,00,091,,28,16,036,,31,12,136,,0*7A
1780395454.130,$GBGSV,2,1,08,06,40,036,39,07,68,115,39,08,22,178,37,09,38,002,36,1*71
1780395454.131,$GBGSV,2,2,08,10,63,142,39,13,29,302,39,14,29,032,31,34,42,189,41,1*7C
1780395454.131,$GBGSV,1,1,03,09,38,002,32,10,63,142,35,14,29,032,06,3*4A
1780395454.132,$GBGSV,3,1,10,01,42,106,,02,63,244,,03,72,138,,04,22,095,,0*75
1780395454.132,$GBGSV,3,2,10,04,22,095,,21,14,053,,24,38,154,,25,04,202,,0*71
1780395454.133,$GBGSV,3,3,10,25,04,202,,26,37,091,,0*7D
1780395454.133,$GNGLL,1339.06090,N,10029.57927,E,101734.00,A,D*71
1780395455.126,$GNRMC,101735.00,A,1339.06119,N,10029.57926,E,1.078,0.62,020626,0.53,W,R,V*5F
1780395455.128,$GNVTG,0.62,T,1.15,M,1.078,N,1.996,K,D*30
1780395455.129,$GNGGA,101735.00,1339.06119,N,10029.57926,E,4,12,0.69,-1.1,M,-27.8,M,,0499*41
1780395455.130,$GNGSA,A,3,10,18,23,24,32,29,,,,,,,1.25,0.69,1.04,1*08
1780395455.130,$GNGSA,A,3,66,65,88,76,81,87,,,,,,,1.25,0.69,1.04,2*0A
1780395455.131,$GNGSA,A,3,05,12,04,06,09,10,11,36,,,,,1.25,0.69,1.04,3*06
1780395455.131,$GNGSA,A,3,06,07,08,09,10,13,14,34,,,,,1.25,0.69,1.04,4*09
1780395455.132,$GPGSV,3,1,10,10,22,328,28,13,18,119,30,18,83,174,41,23,40,005,36,1*64
1780395455.133,$GPGSV,3,2,10,24,39,044,35,29,16,181,31,32,31,272,35,41,64,233,41,1*6A
1780395455.133,$GPGSV,3,3,10,42,70,217,41,50,55,115,35,1*63
1780395455.134,$GPGSV,2,1,05,10,22,328,28,18,83,174,40,23,40,005,36,24,39,044,31,6*68
1780395455.134,$GPGSV,2,2,05,32,31,272,31,6*50
1780395455.135,$GPGSV,2,1,07,05,04,104,,12,13,120,,15,11,046,,25,18,157,,0*6C
1780395455.135,$GPGSV,2,2,07,25,18,157,,27,05,292,,28,16,207,,0*5E
1780395455.136,$GLGSV,2,1,07,65,23,013,34,66,28,318,35,75,21,073,15,76,27,133,26,1*7D
1780395455.137,$GLGSV,2,2,07,81,24,325,26,87,24,169,34,88,67,262,40,1*43
1780395455.137,$GLGSV,2,1,06,66,28,318,36,67,04,268,16,75,21,073,15,76,27,133,26,3*74
1780395455.138,$GLGSV,2,2,06,81,24,325,29,88,67,262,40,3*7F
1780395455.138,$GLGSV,1,1,01,77,08,177,,0*41
1780395455.139,$GAGSV,2,1,08,04,35,021,33,05,23,248,27,06,54,353,37,09,58,305,34,2*70
1780395455.139,$GAGSV,2,2,08,10,70,123,40,11,76,356,34,12,45,136,26,36,26,329,27,2*74
1780395455.140,$GAGSV,2,1,08,04,35,021,36,05,23,248,28,06,54,353,40,09,58,305,35,7*7E
1780395455.141,$GAGSV,2,2,08,10,70,123,40,11,76,356,36,12,45,136,31,36,26,329,25,7*77
1780395455.141,$GAGSV,1,1,04,16,08,188,,23,00,091,,28,16,036,,31,12,136,,0*7A
1780395455.142,$GBGSV,2,1,08,06,40,036,38,07,68,115,42,08,22,178,35,09,38,002,38,1*70
1780395455.143,$GBGSV,2,2,08,10,63,142,39,13,29,302,39,14,29,032,31,34,42,189,41,1*7C
1780395455.143,$GBGSV,1,1,03,09,38,002,33,10,63,142,36,14,29,032,07,3*49
1780395455.144,$GBGSV,3,1,10,01,42,106,,02,63,244,,03,72,138,,04,22,095,,0*75
1780395455.144,$GBGSV,3,2,10,04,22,095,,21,14,053,,24,38,154,,25,04,202,,0*71
1780395455.145,$GBGSV,3,3,10,25,04,202,,26,37,091,,0*7D
1780395455.145,$GNGLL,1339.06119,N,10029.57926,E,101735.00,A,D*71
1780395456.123,$GNRMC,101736.00,A,1339.06148,N,10029.57926,E,1.071,358.05,020626,0.53,W,R,V*5E
1780395456.125,$GNVTG,358.05,T,358.58,M,1.071,N,1.984,K,D*33
1780395456.127,$GNGGA,101736.00,1339.06148,N,10029.57926,E,4,12,0.69,-1.1,M,-27.8,M,,0499*46
1780395456.127,$GNGSA,A,3,10,18,23,24,32,29,,,,,,,1.25,0.69,1.04,1*08
1780395456.128,$GNGSA,A,3,66,65,88,76,81,87,,,,,,,1.25,0.69,1.04,2*0A
1780395456.128,$GNGSA,A,3,05,12,04,06,09,10,11,36,,,,,1.25,0.69,1.04,3*06
1780395456.129,$GNGSA,A,3,06,07,08,09,10,13,14,34,,,,,1.25,0.69,1.04,4*09
1780395456.129,$GPGSV,3,1,10,10,22,328,35,13,18,119,30,18,83,174,41,23,40,005,38,1*66
1780395456.130,$GPGSV,3,2,10,24,39,044,31,29,16,181,35,32,31,272,27,41,64,233,37,1*68
1780395456.131,$GPGSV,3,3,10,42,70,217,42,50,55,115,32,1*67
1780395456.131,$GPGSV,2,1,05,10,22,328,27,18,83,174,41,23,40,005,37,24,39,044,32,6*64
1780395456.132,$GPGSV,2,2,05,32,31,272,28,6*58
1780395456.132,$GPGSV,2,1,07,05,04,104,,12,13,120,,15,11,046,,25,18,157,,0*6C
1780395456.133,$GPGSV,2,2,07,25,18,157,,27,05,292,,28,16,207,,0*5E
1780395456.134,$GLGSV,2,1,07,65,23,013,30,66,28,318,38,75,21,073,15,76,27,133,31,1*72
1780395456.134,$GLGSV,2,2,07,81,25,324,31,87,24,169,34,88,67,262,36,1*44
1780395456.135,$GLGSV,2,1,06,66,28,318,36,67,04,268,16,75,21,073,14,76,27,133,26,3*75
1780395456.135,$GLGSV,2,2,06,81,25,324,29,88,67,262,40,3*7F
1780395456.136,$GLGSV,1,1,01,77,08,177,,0*41
1780395456.136,$GAGSV,2,1,08,04,35,021,34,05,23,248,28,06,54,353,37,09,58,305,37,2*7B
1780395456.137,$GAGSV,2,2,08,10,70,123,39,11,76,356,34,12,45,136,27,36,26,329,25,2*79
1780395456.138,$GAGSV,2,1,08,04,35,021,38,05,23,248,28,06,54,353,40,09,58,305,37,7*72
1780395456.139,$GAGSV,2,2,08,10,70,123,40,11,76,356,36,12,45,136,30,36,26,329,25,7*76
1780395456.139,$GAGSV,1,1,04,16,08,188,,23,00,091,,28,16,036,,31,12,136,,0*7A
1780395456.140,$GBGSV,2,1,08,06,40,036,38,07,68,115,42,08,22,178,35,09,38,002,36,1*7E
1780395456.141,$GBGSV,2,2,08,10,63,142,41,13,29,302,39,14,29,032,32,34,42,189,38,1*7E
1780395456.141,$GBGSV,1,1,03,09,38,002,33,10,63,142,36,14,29,032,07,3*49
1780395456.142,$GBGSV,3,1,10,01,42,106,,02,63,244,,03,72,138,,04,22,095,,0*75
1780395456.143,$GBGSV,3,2,10,04,22,095,,21,14,053,,24,38,154,,25,04,202,,0*71
1780395456.143,$GBGSV,3,3,10,25,04,202,,26,37,091,,0*7D
1780395456.144,$GNGLL,1339.06148,N,10029.57926,E,101736.00,A,D*76
1780395457.126,$GNRMC,101737.00,A,1339.06178,N,10029.57925,E,1.029,2.41,020626,0.53,W,R,V*5E
1780395457.128,$GNVTG,2.41,T,2.94,M,1.029,N,1.906,K,D*34
1780395457.129,$GNGGA,101737.00,1339.06178,N,10029.57925,E,4,12,0.69,-1.0,M,-27.8,M,,0499*46
1780395457.130,$GNGSA,A,3,10,18,23,24,32,29,,,,,,,1.25,0.69,1.04,1*08
1780395457.130,$GNGSA,A,3,66,65,88,76,81,87,,,,,,,1.25,0.69,1.04,2*0A
1780395457.131,$GNGSA,A,3,05,12,04,06,09,10,11,36,,,,,1.25,0.69,1.04,3*06
1780395457.131,$GNGSA,A,3,06,07,08,09,10,13,14,34,,,,,1.25,0.69,1.04,4*09
1780395457.132,$GPGSV,3,1,10,10,22,328,27,13,18,119,34,18,83,174,41,23,40,005,40,1*6E
1780395457.133,$GPGSV,3,2,10,24,39,044,32,29,16,181,34,32,31,272,27,41,64,233,39,1*64
1780395457.133,$GPGSV,3,3,10,42,70,217,40,50,55,115,36,1*61
1780395457.134,$GPGSV,2,1,05,10,22,328,27,18,83,174,43,23,40,005,37,24,39,044,32,6*66
1780395457.134,$GPGSV,2,2,05,32,31,272,19,6*5A
1780395457.135,$GPGSV,2,1,07,05,04,104,,12,13,120,,15,11,046,,25,18,157,,0*6C
1780395457.136,$GPGSV,2,2,07,25,18,157,,27,05,292,,28,16,207,,0*5E
1780395457.136,$GLGSV,2,1,07,65,23,013,30,66,28,318,32,75,21,073,14,76,27,133,25,1*7C
1780395457.137,$GLGSV,2,2,07,81,25,324,32,87,24,169,31,88,67,262,41,1*42
1780395457.138,$GLGSV,2,1,06,66,28,318,33,67,04,268,15,75,21,073,14,76,27,133,25,3*70
1780395457.138,$GLGSV,2,2,06,81,25,324,32,88,67,262,39,3*7B
1780395457.139,$GLGSV,1,1,01,77,08,177,,0*41
1780395457.139,$GAGSV,2,1,08,04,35,021,34,05,23,248,26,06,54,353,37,09,58,305,38,2*7A
1780395457.140,$GAGSV,2,2,08,10,70,123,39,11,76,356,34,12,45,136,27,36,26,329,25,2*79
1780395457.141,$GAGSV,2,1,08,04,35,021,38,05,23,248,27,06,54,353,39,09,58,305,41,7*72
1780395457.142,$GAGSV,2,2,08,10,70,123,40,11,76,356,36,12,45,136,29,36,26,329,25,7*7E
1780395457.142,$GAGSV,1,1,04,16,08,188,,23,00,091,,28,16,036,,31,12,136,,0*7A
1780395457.143,$GBGSV,2,1,08,06,40,036,38,07,68,115,41,08,22,178,34,09,38,002,38,1*72
1780395457.144,$GBGSV,2,2,08,10,63,142,41,13,29,302,39,14,29,032,27,34,42,189,42,1*77
1780395457.144,$GBGSV,1,1,03,09,38,002,33,10,63,142,36,14,29,032,08,3*46
1780395457.145,$GBGSV,3,1,10,01,42,106,,02,63,244,,03,72,138,,04,22,095,,0*75
1780395457.146,$GBGSV,3,2,10,04,22,095,,21,14,053,,24,38,154,,25,04,202,,0*71
1780395457.146,$GBGSV,3,3,10,25,04,202,,26,37,091,,0*7D
1780395457.147,$GNGLL,1339.06178,N,10029.57925,E,101737.00,A,D*77
1780395458.125,$GNRMC,101738.00,A,1339.06209,N,10029.57925,E,1.124,352.88,020626,0.53,W,R,V*5B
1780395458.127,$GNVTG,352.88,T,353.41,M,1.124,N,2.081,K,D*31
1780395458.129,$GNGGA,101738.00,1339.06209,N,10029.57925,E,4,12,0.69,-1.1,M,-27.8,M,,0499*4D
1780395458.129,$GNGSA,A,3,10,18,23,24,32,29,,,,,,,1.25,0.69,1.04,1*08
1780395458.130,$GNGSA,A,3,66,65,88,76,81,87,,,,,,,1.25,0.69,1.04,2*0A
1780395458.130,$GNGSA,A,3,05,12,04,06,09,10,11,36,,,,,1.25,0.69,1.04,3*06
1780395458.131,$GNGSA,A,3,06,07,08,09,10,13,14,34,,,,,1.25,0.69,1.04,4*09
1780395458.131,$GPGSV,3,1,10,10,22,328,27,13,18,119,30,18,83,174,41,23,40,005,39,1*64
1780395458.132,$GPGSV,3,2,10,24,39,044,32,29,16,181,34,32,31,272,32,41,64,233,41,1*6F
1780395458.133,$GPGSV,3,3,10,42,70,217,40,50,55,115,37,1*60
1780395458.133,$GPGSV,2,1,05,10,22,328,27,18,83,174,41,23,40,005,37,24,39,044,32,6*64
1780395458.134,$GPGSV,2,2,05,32,31,272,30,6*51
1780395458.134,$GPGSV,2,1,07,05,04,104,,12,13,120,,15,11,046,,25,18,157,,0*6C
1780395458.135,$GPGSV,2,2,07,25,18,157,,27,05,292,,28,16,207,,0*5E
1780395458.136,$GLGSV,2,1,07,65,23,013,30,66,28,318,33,75,21,073,15,76,27,133,23,1*7A
1780395458.136,$GLGSV,2,2,07,81,25,324,28,87,24,169,25,88,67,262,36,1*4C
1780395458.137,$GLGSV,2,1,06,66,28,318,35,67,04,268,15,75,21,073,13,76,27,133,25,3*71
1780395458.137,$GLGSV,2,2,06,81,25,324,27,88,67,262,39,3*7F
1780395458.138,$GLGSV,1,1,01,77,08,177,,0*41
1780395458.139,$GAGSV,2,1,08,04,35,021,36,05,23,248,32,06,54,353,37,09,58,305,37,2*72
1780395458.139,$GAGSV,2,2,08,10,70,123,39,11,76,356,34,12,45,136,25,36,26,329,23,2*7D
1780395458.140,$GAGSV,2,1,08,04,35,021,38,05,23,248,26,06,54,353,39,09,58,305,39,7*7C
1780395458.141,$GAGSV,2,2,08,10,70,123,40,11,76,356,36,12,45,136,34,36,26,329,23,7*74
1780395458.141,$GAGSV,1,1,04,16,08,188,,23,00,091,,28,16,036,,31,12,136,,0*7A
1780395458.142,$GBGSV,2,1,08,06,40,036,38,07,68,115,42,08,22,178,35,09,38,002,38,1*70
1780395458.143,$GBGSV,2,2,08,10,63,142,41,13,29,302,40,14,29,032,33,34,42,189,40,1*7E
1780395458.143,$GBGSV,1,1,03,09,38,002,33,10,63,142,36,14,29,032,08,3*46
1780395458.144,$GBGSV,3,1,10,01,42,106,,02,63,244,,03,72,138,,04,22,095,,0*75
1780395458.145,$GBGSV,3,2,10,04,22,095,,21,14,053,,24,38,154,,25,04,202,,0*71
1780395458.145,$GBGSV,3,3,10,25,04,202,,26,37,091,,0*7D
1780395458.146,$GNGLL,1339.06209,N,10029.57925,E,101738.00,A,D*7D
1780395459.128,$GNRMC,101739.00,A,1339.06239,N,10029.57924,E,1.053,357.37,020626,0.53,W,R,V*58
1780395459.131,$GNVTG,357.37,T,357.90,M,1.053,N,1.951,K,D*3E
1780395459.133,$GNGGA,101739.00,1339.06239,N,10029.57924,E,4,12,0.69,-1.1,M,-27.8,M,,0499*4E
1780395459.135,$GNGSA,A,3,10,18,23,24,32,29,,,,,,,1.25,0.69,1.04,1*08
1780395459.135,$GNGSA,A,3,66,65,88,76,81,87,,,,,,,1.25,0.69,1.04,2*0A
1780395459.136,$GNGSA,A,3,05,12,04,06,09,10,11,36,,,,,1.25,0.69,1.04,3*06
1780395459.136,$GNGSA,A,3,06,07,08,09,10,13,14,34,,,,,1.25,0.69,1.04,4*09
1780395459.137,$GPGSV,3,1,10,10,22,328,33,13,18,119,31,18,83,174,42,23,40,005,40,1*6D
1780395459.138,$GPGSV,3,2,10,24,39,044,35,29,16,181,35,32,31,272,36,41,64,233,40,1*6C
1780395459.138,$GPGSV,3,3,10,42,70,217,41,50,55,115,37,1*61
1780395459.139,$GPGSV,2,1,05,10,22,328,25,18,83,174,43,23,40,005,36,24,39,044,30,6*67
1780395459.139,$GPGSV,2,2,05,32,31,272,33,6*52
1780395459.140,$GPGSV,2,1,07,05,04,104,,12,13,120,,15,11,046,,25,18,157,,0*6C
1780395459.141,$GPGSV,2,2,07,25,18,157,,27,05,292,,28,16,207,,0*5E
1780395459.141,$GLGSV,2,1,07,65,23,013,29,66,28,318,29,75,21,073,15,76,27,133,25,1*7F
1780395459.142,$GLGSV,2,2,07,81,25,324,33,87,24,169,27,88,67,262,38,1*4A
1780395459.142,$GLGSV,2,1,06,66,28,318,35,67,04,268,14,75,21,073,13,76,27,133,23,3*76
1780395459.143,$GLGSV,2,2,06,81,25,324,32,88,67,262,35,3*77
1780395459.143,$GLGSV,1,1,01,77,08,177,,0*41
1780395459.144,$GAGSV,2,1,08,04,35,021,32,05,23,248,25,06,54,353,37,09,58,305,35,2*72
1780395459.145,$GAGSV,2,2,08,10,70,123,40,11,76,356,35,12,45,136,26,36,26,329,25,2*77
1780395459.145,$GAGSV,2,1,08,04,35,021,39,05,23,248,31,06,54,353,40,09,58,305,39,7*75
1780395459.146,$GAGSV,2,2,08,10,70,123,42,11,76,356,36,12,45,136,28,36,26,329,24,7*7C
1780395459.147,$GAGSV,1,1,04,16,08,188,,23,00,091,,28,16,036,,31,12,136,,0*7A
1780395459.147,$GBGSV,2,1,08,06,40,036,40,07,68,115,41,08,22,178,32,09,38,002,38,1*7B
1780395459.148,$GBGSV,2,2,08,10,63,142,42,13,29,302,38,14,29,032,29,34,42,189,42,1*7B
1780395459.149,$GBGSV,1,1,03,09,38,002,33,10,63,142,36,14,29,032,07,3*49
1780395459.149,$GBGSV,3,1,10,01,42,106,,02,63,244,,03,72,138,,04,22,095,,0*75
1780395459.150,$GBGSV,3,2,10,04,22,095,,21,14,053,,24,38,154,,25,04,202,,0*71
1780395459.150,$GBGSV,3,3,10,25,04,202,,26,37,091,,0*7D
1780395459.151,$GNGLL,1339.06239,N,10029.57924,E,101739.00,A,D*7E
1780395460.120,$GNRMC,101740.00,A,1339.06270,N,10029.57922,E,1.080,356.91,020626,0.53,W,R,V*5E
1780395460.122,$GNVTG,356.91,T,357.44,M,1.080,N,2.001,K,D*3B
1780395460.123,$GNGGA,101740.00,1339.06270,N,10029.57922,E,4,12,0.69,-1.1,M,-27.8,M,,0499*4B
1780395460.124,$GNGSA,A,3,10,18,23,24,32,29,,,,,,,1.25,0.69,1.04,1*08
1780395460.124,$GNGSA,A,3,66,65,88,76,81,87,,,,,,,1.25,0.69,1.04,2*0A
1780395460.125,$GNGSA,A,3,05,12,04,06,09,10,11,36,,,,,1.25,0.69,1.04,3*06
1780395460.125,$GNGSA,A,3,06,07,08,09,10,13,14,34,,,,,1.25,0.69,1.04,4*09
1780395460.126,$GPGSV,3,1,10,10,22,328,36,13,18,119,31,18,83,174,42,23,40,005,40,1*68
1780395460.127,$GPGSV,3,2,10,24,39,044,38,29,16,181,33,32,31,272,36,41,64,233,43,1*64
1780395460.127,$GPGSV,3,3,10,42,70,217,41,50,55,115,37,1*61
1780395460.128,$GPGSV,2,1,05,10,22,328,24,18,83,174,41,23,40,005,36,24,39,044,35,6*61
1780395460.128,$GPGSV,2,2,05,32,31,272,31,6*50
1780395460.129,$GPGSV,2,1,07,05,04,104,,12,13,120,,15,11,046,,25,18,157,,0*6C
1780395460.129,$GPGSV,2,2,07,25,18,157,,27,05,292,,28,16,207,,0*5E
1780395460.130,$GLGSV,2,1,07,65,23,013,29,66,28,318,31,75,21,073,15,76,27,133,25,1*76
1780395460.130,$GLGSV,2,2,07,81,25,324,29,87,24,169,26,88,67,262,40,1*4F
1780395460.131,$GLGSV,2,1,06,66,28,318,27,67,04,268,15,75,21,073,15,76,27,133,24,3*75
1780395460.132,$GLGSV,2,2,06,81,25,324,24,88,67,262,39,3*7C
1780395460.132,$GLGSV,1,1,01,77,08,177,,0*41
1780395460.133,$GAGSV,2,1,08,04,35,021,33,05,23,248,28,06,54,353,38,09,58,305,38,2*7C
1780395460.133,$GAGSV,2,2,08,10,70,123,39,11,76,356,36,12,45,136,27,36,26,329,24,2*7A
1780395460.134,$GAGSV,2,1,08,04,35,021,37,05,23,248,31,06,54,353,40,09,58,305,42,7*77
1780395460.135,$GAGSV,2,2,08,10,70,123,39,11,76,356,36,12,45,136,28,36,26,329,29,7*7D
1780395460.135,$GAGSV,1,1,04,16,08,188,,23,00,091,,28,16,036,,31,12,136,,0*7A
1780395460.136,$GBGSV,2,1,08,06,40,036,38,07,68,115,43,08,22,178,33,09,38,002,38,1*77
1780395460.137,$GBGSV,2,2,08,10,63,142,41,13,29,302,43,14,29,032,31,34,42,189,41,1*7E
1780395460.137,$GBGSV,1,1,03,09,38,002,33,10,63,142,36,14,29,032,08,3*46
1780395460.138,$GBGSV,3,1,10,01,42,106,,02,63,244,,03,72,138,,04,22,095,,0*75
1780395460.138,$GBGSV,3,2,10,04,22,095,,21,14,053,,24,38,154,,25,04,202,,0*71
1780395460.139,$GBGSV,3,3,10,25,04,202,,26,37,091,,0*7D
1780395460.139,$GNGLL,1339.06270,N,10029.57922,E,101740.00,A,D*7B
1780395461.116,$GNRMC,101741.00,A,1339.06301,N,10029.57922,E,1.053,357.43,020626,0.53,W,R,V*58
1780395461.118,$GNVTG,357.43,T,357.96,M,1.053,N,1.950,K,D*3A
1780395461.119,$GNGGA,101741.00,1339.06301,N,10029.57922,E,4,12,0.69,-1.1,M,-27.8,M,,0499*4D
1780395461.120,$GNGSA,A,3,10,18,23,24,32,29,,,,,,,1.25,0.69,1.04,1*08
1780395461.120,$GNGSA,A,3,66,65,88,76,81,87,,,,,,,1.25,0.69,1.04,2*0A
1780395461.121,$GNGSA,A,3,05,12,04,06,09,10,11,36,,,,,1.25,0.69,1.04,3*06
1780395461.121,$GNGSA,A,3,06,07,08,09,10,13,14,34,,,,,1.25,0.69,1.04,4*09
1780395461.122,$GPGSV,3,1,10,10,22,328,33,13,18,119,32,18,83,174,42,23,40,005,38,1*61
1780395461.123,$GPGSV,3,2,10,24,39,044,37,29,16,181,34,32,31,272,35,41,64,233,38,1*63
1780395461.123,$GPGSV,3,3,10,42,70,217,41,50,55,115,37,1*61
1780395461.124,$GPGSV,2,1,05,10,22,328,25,18,83,174,41,23,40,005,33,24,39,044,32,6*62
1780395461.124,$GPGSV,2,2,05,32,31,272,31,6*50
1780395461.125,$GPGSV,2,1,07,05,04,104,,12,13,120,,15,11,046,,25,18,157,,0*6C
1780395461.126,$GPGSV,2,2,07,25,18,157,,27,05,292,,28,16,207,,0*5E
1780395461.126,$GLGSV,2,1,07,65,23,013,28,66,28,318,34,75,21,073,13,76,27,133,24,1*75
1780395461.127,$GLGSV,2,2,07,81,25,324,30,87,24,169,26,88,67,262,37,1*47
1780395461.128,$GLGSV,2,1,06,66,28,318,31,67,04,268,15,75,21,073,15,76,27,133,25,3*73
1780395461.128,$GLGSV,2,2,06,81,25,324,26,88,67,262,40,3*70
1780395461.129,$GLGSV,1,1,01,77,08,177,,0*41
1780395461.129,$GAGSV,2,1,08,04,35,021,36,05,23,248,29,06,54,353,38,09,58,305,38,2*78
1780395461.130,$GAGSV,2,2,08,10,70,123,39,11,76,356,36,12,45,136,27,36,26,329,25,2*7B
1780395461.131,$GAGSV,2,1,08,04,35,021,38,05,23,248,23,06,54,353,38,09,58,305,40,7*76
1780395461.131,$GAGSV,2,2,08,10,70,123,39,11,76,356,37,12,45,136,29,36,26,329,29,7*7D
1780395461.132,$GAGSV,1,1,04,16,08,188,,23,00,091,,28,16,036,,31,12,136,,0*7A
1780395461.133,$GBGSV,2,1,08,06,40,036,38,07,68,115,41,08,22,178,33,09,38,002,37,1*7A
1780395461.133,$GBGSV,2,2,08,10,63,142,41,13,29,302,38,14,29,032,34,34,42,189,40,1*76
1780395461.134,$GBGSV,1,1,03,09,38,002,32,10,63,142,35,14,29,032,07,3*4B
1780395461.135,$GBGSV,3,1,10,01,42,106,,02,63,244,,03,72,138,,04,22,095,,0*75
1780395461.135,$GBGSV,3,2,10,04,22,095,,21,14,053,,24,38,154,,25,04,202,,0*71
1780395461.136,$GBGSV,3,3,10,25,04,202,,26,37,091,,0*7D
1780395461.136,$GNGLL,1339.06301,N,10029.57922,E,101741.00,A,D*7D
1780395462.123,$GNRMC,101742.00,A,1339.06331,N,10029.57919,E,1.100,354.80,020626,0.53,W,R,V*5B
1780395462.125,$GNVTG,354.80,T,355.33,M,1.100,N,2.037,K,D*37
1780395462.127,$GNGGA,101742.00,1339.06331,N,10029.57919,E,4,12,0.69,-1.1,M,-27.8,M,,0499*45
1780395462.129,$GNGSA,A,3,10,18,23,24,32,29,,,,,,,1.25,0.69,1.04,1*08
1780395462.130,$GNGSA,A,3,66,65,88,76,81,87,,,,,,,1.25,0.69,1.04,2*0A
1780395462.132,$GNGSA,A,3,05,12,04,06,09,10,11,36,,,,,1.25,0.69,1.04,3*06
1780395462.133,$GNGSA,A,3,06,07,08,09,10,13,14,34,,,,,1.25,0.69,1.04,4*09
1780395462.135,$GPGSV,3,1,10,10,22,328,29,13,18,119,36,18,83,174,42,23,40,005,39,1*6F
1780395462.137,$GPGSV,3,2,10,24,39,044,39,29,16,181,34,32,31,272,37,41,64,233,39,1*6E
1780395462.139,$GPGSV,3,3,10,42,70,217,41,50,55,115,37,1*61
1780395462.141,$GPGSV,2,1,05,10,22,328,26,18,83,174,40,23,40,005,34,24,39,044,31,6*64
1780395462.142,$GPGSV,2,2,05,32,31,272,32,6*53
1780395462.144,$GPGSV,2,1,07,05,04,104,,12,13,120,,15,11,046,,25,18,157,,0*6C
1780395462.146,$GPGSV,2,2,07,25,18,157,,27,05,292,,28,16,207,,0*5E
1780395462.148,$GLGSV,2,1,07,65,23,013,28,66,28,318,34,75,21,073,14,76,27,133,23,1*75
1780395462.150,$GLGSV,2,2,07,81,25,324,30,87,23,169,26,88,67,262,39,1*4E
1780395462.152,$GLGSV,2,1,06,66,28,318,35,67,04,268,15,75,21,073,16,76,27,133,24,3*75
1780395462.154,$GLGSV,2,2,06,81,25,324,26,88,67,262,40,3*70
1780395462.155,$GLGSV,1,1,01,77,08,177,,0*41
1780395462.157,$GAGSV,2,1,08,04,35,021,36,05,23,248,19,06,54,353,38,09,58,305,39,2*7A
1780395462.158,$GAGSV,2,2,08,10,70,123,40,11,76,356,36,12,45,136,29,36,26,329,28,2*76
1780395462.159,$GAGSV,2,1,08,04,35,021,37,05,23,248,25,06,54,353,39,09,58,305,40,7*7E
1780395462.161,$GAGSV,2,2,08,10,70,123,40,11,76,356,37,12,45,136,30,36,26,329,30,7*73
1780395462.162,$GAGSV,1,1,04,16,08,188,,23,00,091,,28,16,036,,31,12,136,,0*7A
1780395462.163,$GBGSV,2,1,08,06,40,036,40,07,68,115,42,08,22,178,37,09,38,002,37,1*72
1780395462.164,$GBGSV,2,2,08,10,63,142,42,13,29,302,38,14,29,032,36,34,42,189,41,1*76
1780395462.165,$GBGSV,1,1,03,09,38,002,33,10,63,142,36,14,29,032,08,3*46
1780395462.166,$GBGSV,3,1,10,01,42,106,,02,63,244,,03,72,138,,04,22,095,,0*75
1780395462.167,$GBGSV,3,2,10,04,22,095,,21,14,053,,24,38,154,,25,04,202,,0*71
1780395462.167,$GBGSV,3,3,10,25,04,202,,26,37,091,,0*7D
1780395462.168,$GNGLL,1339.06331,N,10029.57919,E,101742.00,A,D*75
1780395463.115,$GNRMC,101743.00,A,1339.06362,N,10029.57917,E,1.051,359.20,020626,0.53,W,R,V*50
1780395463.118,$GNVTG,359.20,T,359.73,M,1.051,N,1.947,K,D*30
1780395463.118,$GNGGA,101743.00,1339.06362,N,10029.57917,E,4,12,0.69,-1.1,M,-27.8,M,,0499*4C
1780395463.119,$GNGSA,A,3,10,18,23,24,32,29,,,,,,,1.25,0.69,1.04,1*08
1780395463.120,$GNGSA,A,3,66,65,88,76,81,87,,,,,,,1.25,0.69,1.04,2*0A
1780395463.120,$GNGSA,A,3,05,12,04,06,09,10,11,36,,,,,1.25,0.69,1.04,3*06
1780395463.121,$GNGSA,A,3,06,07,08,09,10,13,14,34,,,,,1.25,0.69,1.04,4*09
1780395463.121,$GPGSV,3,1,10,10,22,328,29,13,18,119,36,18,83,174,42,23,40,005,39,1*6F
1780395463.122,$GPGSV,3,2,10,24,39,044,37,29,16,181,33,32,31,272,37,41,64,233,41,1*68
1780395463.122,$GPGSV,3,3,10,42,70,217,41,50,55,115,37,1*61
1780395463.123,$GPGSV,2,1,05,10,22,328,25,18,83,174,41,23,40,005,34,24,39,044,32,6*65
1780395463.124,$GPGSV,2,2,05,32,31,272,31,6*50
1780395463.124,$GPGSV,2,1,07,05,04,104,,12,13,120,,15,11,046,,25,18,157,,0*6C
1780395463.125,$GPGSV,2,2,07,25,18,157,,27,05,292,,28,16,207,,0*5E
1780395463.125,$GLGSV,2,1,07,65,23,013,26,66,28,318,35,75,21,073,13,76,27,133,30,1*7F
1780395463.126,$GLGSV,2,2,07,81,25,324,25,87,23,169,30,88,67,259,37,1*4B
1780395463.127,$GLGSV,2,1,06,66,28,318,35,67,04,268,15,75,21,073,16,76,27,133,24,3*75
1780395463.127,$GLGSV,2,2,06,81,25,324,25,88,67,259,40,3*7B
1780395463.128,$GLGSV,1,1,01,77,08,177,,0*41
1780395463.129,$GAGSV,2,1,08,04,35,021,35,05,23,248,24,06,54,353,37,09,58,305,36,2*77
1780395463.130,$GAGSV,2,2,08,10,70,123,39,11,76,356,35,12,45,136,30,36,26,329,28,2*73
1780395463.130,$GAGSV,2,1,08,04,35,021,35,05,23,248,25,06,54,353,39,09,58,305,38,7*73
1780395463.131,$GAGSV,2,2,08,10,70,123,39,11,76,356,37,12,45,136,34,36,26,329,30,7*79
1780395463.132,$GAGSV,1,1,04,16,08,188,,23,00,091,,28,16,036,,31,12,136,,0*7A
1780395463.132,$GBGSV,2,1,08,06,40,036,39,07,68,115,41,08,22,178,35,09,38,002,39,1*73
1780395463.133,$GBGSV,2,2,08,10,63,142,41,13,29,302,28,14,29,032,36,34,42,189,39,1*7B
1780395463.134,$GBGSV,1,1,03,09,38,002,32,10,63,142,37,14,29,032,07,3*49
1780395463.135,$GBGSV,3,1,10,01,42,106,,02,63,244,,03,72,138,,04,22,095,,0*75
1780395463.135,$GBGSV,3,2,10,04,22,095,,21,14,053,,24,38,154,,25,04,202,,0*71
1780395463.136,$GBGSV,3,3,10,25,04,202,,26,37,091,,0*7D
1780395463.136,$GNGLL,1339.06362,N,10029.57917,E,101743.00,A,D*7C
1780395464.116,$GNRMC,101744.00,A,1339.06392,N,10029.57916,E,1.118,355.81,020626,0.53,W,R,V*52
1780395464.118,$GNVTG,355.81,T,356.34,M,1.118,N,2.071,K,D*38
1780395464.119,$GNGGA,101744.00,1339.06392,N,10029.57916,E,4,12,0.69,-1.1,M,-27.8,M,,0499*45
1780395464.120,$GNGSA,A,3,10,18,23,24,32,29,,,,,,,1.25,0.69,1.04,1*08
1780395464.120,$GNGSA,A,3,66,65,88,76,81,87,,,,,,,1.25,0.69,1.04,2*0A
1780395464.121,$GNGSA,A,3,05,12,04,06,09,10,11,36,,,,,1.25,0.69,1.04,3*06
1780395464.121,$GNGSA,A,3,06,07,08,09,10,13,14,34,,,,,1.25,0.69,1.04,4*09
1780395464.122,$GPGSV,3,1,10,10,22,328,29,13,18,119,33,18,83,174,43,23,40,005,37,1*65
1780395464.123,$GPGSV,3,2,10,24,39,044,38,29,16,181,29,32,31,272,37,41,64,233,39,1*63
1780395464.123,$GPGSV,3,3,10,42,70,217,41,50,55,115,37,1*61
1780395464.124,$GPGSV,2,1,05,10,22,328,25,18,83,174,41,23,40,005,35,24,39,044,33,6*65
1780395464.124,$GPGSV,2,2,05,32,31,272,33,6*52
1780395464.125,$GPGSV,2,1,07,05,04,104,,12,13,120,,15,11,046,,25,18,157,,0*6C
1780395464.125,$GPGSV,2,2,07,25,18,157,,27,05,292,,28,16,207,,0*5E
1780395464.126,$GLGSV,2,1,07,65,23,013,24,66,28,318,31,75,21,073,13,76,27,133,30,1*79
1780395464.128,$GLGSV,2,2,07,81,25,324,30,87,23,169,30,88,67,259,41,1*4E
1780395464.129,$GLGSV,2,1,06,66,28,318,30,67,04,268,15,75,21,073,16,76,27,133,23,3*77
1780395464.129,$GLGSV,2,2,06,81,25,324,25,88,67,259,41,3*7A
1780395464.130,$GLGSV,1,1,01,77,08,177,,0*41
1780395464.130,$GAGSV,2,1,08,04,35,021,35,05,23,248,25,06,54,353,37,09,58,305,37,2*77
1780395464.131,$GAGSV,2,2,08,10,70,123,39,11,76,356,35,12,45,136,30,36,26,329,28,2*73
1780395464.132,$GAGSV,2,1,08,04,35,021,36,05,23,248,25,06,54,353,39,09,58,305,38,7*70
1780395464.133,$GAGSV,2,2,08,10,70,123,41,11,76,356,37,12,45,136,33,36,26,329,28,7*78
1780395464.134,$GAGSV,1,1,04,16,08,188,,23,00,091,,28,16,036,,31,12,136,,0*7A
1780395464.134,$GBGSV,2,1,08,06,40,036,39,07,68,115,41,08,22,178,35,09,38,002,34,1*7E
1780395464.135,$GBGSV,2,2,08,10,63,142,41,13,29,302,33,14,29,032,37,34,42,189,40,1*7E
1780395464.136,$GBGSV,1,1,02,09,38,002,32,10,63,142,36,3*71
1780395464.136,$GBGSV,3,1,10,01,42,106,,02,63,244,,03,72,138,,04,22,095,,0*75
1780395464.137,$GBGSV,3,2,10,04,22,095,,21,14,053,,24,38,154,,25,04,202,,0*71
1780395464.137,$GBGSV,3,3,10,25,04,202,,26,37,091,,0*7D
1780395464.138,$GNGLL,1339.06392,N,10029.57916,E,101744.00,A,D*75
1780395465.117,$GNRMC,101745.00,A,1339.06425,N,10029.57914,E,1.229,356.32,020626,0.53,W,R,V*50
1780395465.120,$GNVTG,356.32,T,356.85,M,1.229,N,2.276,K,D*3D
1780395465.121,$GNGGA,101745.00,1339.06425,N,10029.57914,E,4,12,0.69,-1.1,M,-27.8,M,,0499*4D
1780395465.122,$GNGSA,A,3,10,18,23,24,32,29,,,,,,,1.25,0.69,1.04,1*08
1780395465.122,$GNGSA,A,3,66,65,88,76,81,87,,,,,,,1.25,0.69,1.04,2*0A
1780395465.123,$GNGSA,A,3,05,12,04,06,09,10,11,36,,,,,1.25,0.69,1.04,3*06
1780395465.123,$GNGSA,A,3,06,07,08,09,10,13,14,34,,,,,1.25,0.69,1.04,4*09
1780395465.124,$GPGSV,3,1,10,10,22,328,28,13,18,119,36,18,83,174,42,23,40,005,37,1*60
1780395465.124,$GPGSV,3,2,10,24,39,044,39,29,16,181,32,32,31,272,38,41,64,233,40,1*69
1780395465.125,$GPGSV,3,3,10,42,70,217,41,50,55,115,37,1*61
1780395465.126,$GPGSV,2,1,05,10,22,328,27,18,83,174,41,23,40,005,35,24,39,044,33,6*67
1780395465.126,$GPGSV,2,2,05,32,31,272,32,6*53
1780395465.127,$GPGSV,2,1,07,05,04,104,,12,13,120,,15,11,046,,25,18,157,,0*6C
1780395465.127,$GPGSV,2,2,07,25,18,157,,27,05,292,,28,16,207,,0*5E
1780395465.128,$GLGSV,2,1,07,65,23,013,24,66,28,318,30,75,21,073,13,76,27,133,28,1*71
1780395465.129,$GLGSV,2,2,07,81,25,324,29,87,23,169,33,88,67,259,40,1*44
1780395465.129,$GLGSV,2,1,06,66,28,318,29,67,04,268,16,75,21,073,15,76,27,133,36,3*7B
1780395465.130,$GLGSV,2,2,06,81,25,324,27,88,67,259,41,3*78
1780395465.130,$GLGSV,1,1,01,77,08,177,,0*41
1780395465.131,$GAGSV,2,1,08,04,35,021,34,05,23,248,25,06,54,353,37,09,58,305,37,2*76
1780395465.132,$GAGSV,2,2,08,10,70,123,38,11,76,356,34,12,45,136,31,36,26,329,26,2*7C
1780395465.132,$GAGSV,2,1,08,04,35,021,38,05,23,248,26,06,54,353,39,09,58,305,39,7*7C
1780395465.133,$GAGSV,2,2,08,10,70,123,40,11,76,356,36,12,45,136,35,36,26,329,32,7*75
1780395465.134,$GAGSV,1,1,04,16,08,188,,23,00,091,,28,16,036,,31,12,136,,0*7A
1780395465.134,$GBGSV,2,1,08,06,40,036,39,07,68,115,40,08,22,178,33,09,38,002,36,1*7B
1780395465.135,$GBGSV,2,2,08,10,63,142,39,13,29,302,36,14,29,032,39,34,42,189,38,1*75
1780395465.136,$GBGSV,1,1,02,09,38,002,32,10,63,142,37,3*70
1780395465.136,$GBGSV,3,1,10,01,42,106,,02,63,244,,03,72,138,,04,22,095,,0*75
1780395465.137,$GBGSV,3,2,10,04,22,095,,21,14,053,,24,38,154,,25,04,202,,0*71
1780395465.137,$GBGSV,3,3,10,25,04,202,,26,37,091,,0*7D
1780395465.138,$GNGLL,1339.06425,N,10029.57914,E,101745.00,A,D*7D
1780395466.115,$GNRMC,101746.00,A,1339.06457,N,10029.57912,E,1.144,357.04,020626,0.53,W,R,V*5C
1780395466.117,$GNVTG,357.04,T,357.57,M,1.144,N,2.118,K,D*34
1780395466.118,$GNGGA,101746.00,1339.06457,N,10029.57912,E,4,12,0.69,-1.1,M,-27.8,M,,0499*4D
1780395466.119,$GNGSA,A,3,10,18,23,24,32,29,,,,,,,1.25,0.69,1.04,1*08
1780395466.119,$GNGSA,A,3,66,65,88,76,81,87,,,,,,,1.25,0.69,1.04,2*0A
1780395466.120,$GNGSA,A,3,05,12,04,06,09,10,11,36,,,,,1.25,0.69,1.04,3*06
1780395466.120,$GNGSA,A,3,06,07,08,09,10,13,14,34,,,,,1.25,0.69,1.04,4*09
1780395466.121,$GPGSV,3,1,10,10,22,328,33,13,18,119,36,18,83,174,41,23,40,005,39,1*67
1780395466.121,$GPGSV,3,2,10,24,39,044,38,29,16,181,32,32,31,272,36,41,64,233,40,1*66
1780395466.122,$GPGSV,3,3,10,42,70,217,41,50,55,115,37,1*61
1780395466.123,$GPGSV,2,1,05,10,22,328,26,18,83,174,41,23,40,005,34,24,39,044,31,6*65
1780395466.123,$GPGSV,2,2,05,32,31,272,30,6*51
1780395466.124,$GPGSV,2,1,07,05,04,104,,12,13,120,,15,11,046,,25,18,157,,0*6C
1780395466.124,$GPGSV,2,2,07,25,18,157,,27,05,292,,28,16,207,,0*5E
1780395466.125,$GLGSV,2,1,07,65,23,013,24,66,28,318,34,75,21,073,13,76,27,133,34,1*78
1780395466.126,$GLGSV,2,2,07,81,25,324,36,87,23,169,35,88,67,259,42,1*4E
1780395466.126,$GLGSV,2,1,06,66,28,318,29,67,04,268,16,75,21,073,13,76,27,133,29,3*73
1780395466.127,$GLGSV,2,2,06,81,25,324,27,88,67,259,40,3*79
1780395466.127,$GLGSV,1,1,01,77,08,177,,0*41
1780395466.128,$GAGSV,2,1,08,04,35,021,34,05,23,248,23,06,54,353,37,09,58,305,37,2*70
1780395466.129,$GAGSV,2,2,08,10,70,123,38,11,76,356,34,12,45,136,31,36,26,329,11,2*78
1780395466.129,$GAGSV,2,1,08,04,35,021,35,05,23,248,25,06,54,353,39,09,58,305,39,7*72
1780395466.130,$GAGSV,2,2,08,10,70,123,40,11,76,356,36,12,45,136,35,36,26,329,32,7*75
1780395466.131,$GAGSV,1,1,04,16,08,188,,23,00,091,,28,16,036,,31,12,136,,0*7A
1780395466.131,$GBGSV,2,1,08,06,40,036,38,07,68,115,41,08,22,178,35,09,38,002,36,1*7D
1780395466.132,$GBGSV,2,2,08,10,63,142,40,13,29,302,37,14,29,032,37,34,42,189,39,1*75
1780395466.133,$GBGSV,1,1,02,09,38,002,31,10,63,142,36,3*72
1780395466.133,$GBGSV,3,1,10,01,42,106,,02,63,244,,03,72,138,,04,22,095,,0*75
1780395466.134,$GBGSV,3,2,10,04,22,095,,21,14,053,,24,38,154,,25,04,202,,0*71
1780395466.134,$GBGSV,3,3,10,25,04,202,,26,37,091,,0*7D
1780395466.135,$GNGLL,1339.06457,N,10029.57912,E,101746.00,A,D*7D
1780395467.116,$GNRMC,101747.00,A,1339.06490,N,10029.57911,E,1.138,359.78,020626,0.53,W,R,V*5B
1780395467.119,$GNVTG,359.78,T,0.31,M,1.138,N,2.107,K,D*35
1780395467.120,$GNGGA,101747.00,1339.06490,N,10029.57911,E,4,12,0.69,-1.1,M,-27.8,M,,0499*44
1780395467.121,$GNGSA,A,3,10,18,23,24,32,29,,,,,,,1.25,0.69,1.04,1*08
1780395467.121,$GNGSA,A,3,66,65,88,76,81,87,,,,,,,1.25,0.69,1.04,2*0A
1780395467.122,$GNGSA,A,3,05,12,04,06,09,10,11,36,,,,,1.25,0.69,1.04,3*06
1780395467.122,$GNGSA,A,3,06,07,08,09,10,13,14,34,,,,,1.25,0.69,1.04,4*09
1780395467.123,$GPGSV,3,1,10,10,22,328,32,13,18,119,36,18,83,174,42,23,40,005,39,1*65
1780395467.123,$GPGSV,3,2,10,24,39,044,37,29,16,181,31,32,31,272,38,41,64,233,43,1*67
1780395467.124,$GPGSV,3,3,10,42,70,217,41,50,55,115,35,1*63
1780395467.125,$GPGSV,2,1,05,10,22,328,25,18,83,174,41,23,40,005,34,24,39,044,31,6*66
1780395467.125,$GPGSV,2,2,05,32,31,272,31,6*50
1780395467.126,$GPGSV,2,1,07,05,04,104,,12,13,120,,15,11,046,,25,18,157,,0*6C
1780395467.126,$GPGSV,2,2,07,25,18,157,,27,05,292,,28,16,207,,0*5E
1780395467.127,$GLGSV,2,1,07,65,23,013,23,66,28,318,31,75,21,073,12,76,27,133,40,1*78
1780395467.128,$GLGSV,2,2,07,81,25,324,29,87,23,169,32,88,67,259,42,1*47
1780395467.128,$GLGSV,2,1,06,66,28,318,29,67,04,268,15,75,21,073,13,76,27,133,36,3*7E
1780395467.129,$GLGSV,2,2,06,81,25,324,33,88,67,259,40,3*7C
1780395467.129,$GLGSV,1,1,01,77,08,177,,0*41
1780395467.130,$GAGSV,2,1,08,04,35,021,34,05,23,248,23,06,54,353,37,09,58,305,36,2*71
1780395467.131,$GAGSV,2,2,08,10,70,123,38,11,76,356,34,12,45,136,32,36,26,329,14,2*7E
1780395467.131,$GAGSV,2,1,08,04,35,021,36,05,23,248,26,06,54,353,40,09,58,305,40,7*72
1780395467.132,$GAGSV,2,2,08,10,70,123,39,11,76,356,36,12,45,136,34,36,26,329,30,7*78
1780395467.133,$GAGSV,1,1,04,16,08,188,,23,00,091,,28,16,036,,31,12,136,,0*7A
1780395467.133,$GBGSV,2,1,08,06,40,036,39,07,68,115,41,08,22,178,36,09,38,002,36,1*7F
1780395467.134,$GBGSV,2,2,08,10,63,142,40,13,29,302,27,14,29,032,31,34,42,189,36,1*7D
1780395467.135,$GBGSV,1,1,02,09,38,002,31,10,63,142,36,3*72
1780395467.136,$GBGSV,3,1,10,01,42,106,,02,63,244,,03,72,138,,04,22,095,,0*75
1780395467.136,$GBGSV,3,2,10,04,22,095,,21,14,053,,24,38,154,,25,04,202,,0*71
1780395467.137,$GBGSV,3,3,10,25,04,202,,26,37,091,,0*7D
1780395467.137,$GNGLL,1339.06490,N,10029.57911,E,101747.00,A,D*74
1780395468.119,$GNRMC,101748.00,A,1339.06520,N,10029.57910,E,1.077,359.66,020626,0.53,W,R,V*5A
1780395468.120,$GNVTG,359.66,T,0.19,M,1.077,N,1.994,K,D*3B
1780395468.121,$GNGGA,101748.00,1339.06520,N,10029.57910,E,4,12,0.69,-1.1,M,-27.8,M,,0499*40
1780395468.121,$GNGSA,A,3,10,18,23,24,32,29,,,,,,,1.25,0.69,1.04,1*08
1780395468.122,$GNGSA,A,3,66,65,88,76,81,87,,,,,,,1.25,0.69,1.04,2*0A
1780395468.122,$GNGSA,A,3,05,12,04,06,09,10,11,36,,,,,1.25,0.69,1.04,3*06
1780395468.123,$GNGSA,A,3,06,07,08,09,10,13,14,34,,,,,1.25,0.69,1.04,4*09
1780395468.123,$GPGSV,3,1,10,10,22,328,30,13,18,119,33,18,83,174,42,23,40,005,39,1*62
1780395468.124,$GPGSV,3,2,10,24,39,044,37,29,16,181,31,32,31,272,40,41,64,233,43,1*68
1780395468.125,$GPGSV,3,3,10,42,70,217,41,50,55,115,36,1*60
1780395468.126,$GPGSV,2,1,05,10,22,328,26,18,83,174,43,23,40,005,36,24,39,044,32,6*66
1780395468.126,$GPGSV,2,2,05,32,31,272,34,6*55
1780395468.127,$GPGSV,2,1,07,05,04,104,,12,13,120,,15,11,046,,25,18,157,,0*6C
1780395468.127,$GPGSV,2,2,07,25,18,157,,27,05,292,,28,16,207,,0*5E
1780395468.128,$GLGSV,2,1,07,65,23,013,24,66,28,318,33,75,21,073,13,76,27,133,38,1*73
1780395468.128,$GLGSV,2,2,07,81,25,324,29,87,23,169,31,88,67,259,42,1*44
1780395468.129,$GLGSV,2,1,06,66,28,318,28,67,04,268,17,75,21,073,14,76,27,133,36,3*7A
1780395468.130,$GLGSV,2,2,06,81,25,324,30,88,67,259,41,3*7E
1780395468.130,$GLGSV,1,1,01,77,08,177,,0*41
1780395468.131,$GAGSV,2,1,08,04,35,021,34,05,23,248,23,06,54,353,36,09,58,305,35,2*73
1780395468.132,$GAGSV,2,2,08,10,70,123,38,11,76,356,34,12,45,136,33,36,26,329,20,2*78
1780395468.133,$GAGSV,2,1,08,04,35,021,36,05,23,248,26,06,54,353,38,09,58,305,39,7*73
1780395468.134,$GAGSV,2,2,08,10,70,123,39,11,76,356,36,12,45,136,36,36,26,329,28,7*73
1780395468.135,$GAGSV,1,1,04,16,08,188,,23,00,091,,28,16,036,,31,12,136,,0*7A
1780395468.135,$GBGSV,2,1,08,06,40,036,40,07,68,115,41,08,22,178,36,09,38,002,36,1*71
1780395468.136,$GBGSV,2,2,08,10,63,142,40,13,29,302,30,14,29,032,25,34,42,189,37,1*7F
1780395468.137,$GBGSV,1,1,02,09,38,002,32,10,63,142,36,3*71
1780395468.137,$GBGSV,3,1,10,01,42,106,,02,63,244,,03,72,138,,04,22,095,,0*75
1780395468.138,$GBGSV,3,2,10,04,22,095,,21,14,053,,24,38,154,,25,04,202,,0*71
1780395468.139,$GBGSV,3,3,10,25,04,202,,26,37,091,,0*7D
1780395468.139,$GNGLL,1339.06520,N,10029.57910,E,101748.00,A,D*70
1780395469.116,$GNRMC,101749.00,A,1339.06549,N,10029.57910,E,1.085,1.00,020626,0.53,W,R,V*57
1780395469.118,$GNVTG,1.00,T,1.53,M,1.085,N,2.010,K,D*31
1780395469.120,$GNGGA,101749.00,1339.06549,N,10029.57910,E,4,12,0.69,-1.1,M,-27.8,M,,0499*4E
1780395469.121,$GNGSA,A,3,10,18,23,24,32,29,,,,,,,1.25,0.69,1.04,1*08
1780395469.123,$GNGSA,A,3,66,65,88,76,81,87,,,,,,,1.25,0.69,1.04,2*0A
1780395469.124,$GNGSA,A,3,05,12,04,06,09,10,11,36,,,,,1.25,0.69,1.04,3*06
1780395469.126,$GNGSA,A,3,06,07,08,09,10,13,14,34,,,,,1.25,0.69,1.04,4*09
1780395469.128,$GPGSV,3,1,10,10,22,328,36,13,18,119,36,18,83,174,41,23,40,005,41,1*6D
1780395469.130,$GPGSV,3,2,10,24,39,044,37,29,16,181,31,32,31,272,39,41,64,233,43,1*66
1780395469.132,$GPGSV,3,3,10,42,70,217,41,50,55,115,36,1*60
1780395469.134,$GPGSV,2,1,05,10,22,328,26,18,83,174,42,23,40,005,36,24,39,044,32,6*67
1780395469.136,$GPGSV,2,2,05,32,31,272,34,6*55
1780395469.138,$GPGSV,2,1,07,05,04,105,,12,13,120,,15,11,046,,25,18,157,,0*6D
1780395469.139,$GPGSV,2,2,07,25,18,157,,27,05,292,,28,16,207,,0*5E
1780395469.141,$GLGSV,2,1,07,65,23,013,25,66,28,318,38,75,21,073,13,76,27,133,40,1*76
1780395469.143,$GLGSV,2,2,07,81,25,324,36,87,23,169,32,88,67,259,42,1*49
1780395469.145,$GLGSV,2,1,06,66,28,318,26,67,04,268,16,75,21,073,16,76,27,133,38,3*79
1780395469.146,$GLGSV,2,2,06,81,25,324,34,88,67,259,41,3*7A
1780395469.147,$GLGSV,1,1,01,77,08,177,,0*41
1780395469.149,$GAGSV,2,1,08,04,35,021,36,05,23,248,24,06,54,353,37,09,58,305,36,2*74
1780395469.150,$GAGSV,2,2,08,10,70,123,38,11,76,356,35,12,45,136,33,36,26,329,25,2*7C
1780395469.150,$GAGSV,2,1,08,04,35,021,35,05,23,248,25,06,54,353,40,09,58,305,40,7*72
1780395469.151,$GAGSV,2,2,08,10,70,123,39,11,76,356,37,12,45,136,36,36,26,329,27,7*7D
1780395469.151,$GAGSV,1,1,04,16,08,188,,23,00,091,,28,16,036,,31,12,136,,0*7A
1780395469.152,$GBGSV,2,1,08,06,40,036,40,07,68,115,42,08,22,178,36,09,38,002,37,1*73
1780395469.153,$GBGSV,2,2,08,10,63,142,41,13,29,302,31,14,29,032,30,34,42,189,39,1*75
1780395469.153,$GBGSV,1,1,02,09,38,002,32,10,63,142,36,3*71
1780395469.154,$GBGSV,3,1,10,01,42,106,,02,63,244,,03,72,138,,04,22,095,,0*75
1780395469.154,$GBGSV,3,2,10,04,22,095,,21,14,053,,24,38,154,,25,04,202,,0*71
1780395469.155,$GBGSV,3,3,10,25,04,202,,26,37,091,,0*7D
1780395469.155,$GNGLL,1339.06549,N,10029.57910,E,101749.00,A,D*7E
1780395470.110,$GNRMC,101750.00,A,1339.06579,N,10029.57912,E,1.066,1.65,020626,0.53,W,R,V*50
1780395470.112,$GNVTG,1.65,T,2.18,M,1.066,N,1.975,K,D*3A
1780395470.114,$GNGGA,101750.00,1339.06579,N,10029.57912,E,4,12,0.69,-1.1,M,-27.8,M,,0499*47
1780395470.114,$GNGSA,A,3,10,18,23,24,32,29,,,,,,,1.25,0.69,1.04,1*08
1780395470.115,$GNGSA,A,3,66,65,88,76,81,87,,,,,,,1.25,0.69,1.04,2*0A
1780395470.115,$GNGSA,A,3,05,12,04,06,09,10,11,36,,,,,1.25,0.69,1.04,3*06
1780395470.116,$GNGSA,A,3,06,07,08,09,10,13,14,34,,,,,1.25,0.69,1.04,4*09
1780395470.116,$GPGSV,3,1,10,10,22,328,33,13,18,119,36,18,83,174,41,23,40,005,40,1*69
1780395470.117,$GPGSV,3,2,10,24,39,044,38,29,16,181,32,32,31,272,38,41,64,233,43,1*6B
1780395470.118,$GPGSV,3,3,10,42,70,217,40,50,55,115,36,1*61
1780395470.119,$GPGSV,2,1,05,10,22,328,32,18,83,174,42,23,40,005,35,24,39,044,33,6*60
1780395470.119,$GPGSV,2,2,05,32,31,272,31,6*50
1780395470.120,$GPGSV,2,1,07,05,04,105,,12,13,120,,15,11,046,,25,18,157,,0*6D
1780395470.121,$GPGSV,2,2,07,25,18,157,,27,05,292,,28,16,207,,0*5E
1780395470.121,$GLGSV,2,1,07,65,23,013,23,66,28,318,25,75,21,073,15,76,27,133,37,1*7A
1780395470.122,$GLGSV,2,2,07,81,25,324,34,87,23,169,31,88,67,259,43,1*49
1780395470.123,$GLGSV,2,1,06,66,28,318,34,67,04,268,18,75,21,073,16,76,27,133,38,3*74
1780395470.124,$GLGSV,2,2,06,81,25,324,34,88,67,259,41,3*7A
1780395470.124,$GLGSV,1,1,01,77,08,177,,0*41
1780395470.125,$GAGSV,2,1,08,04,35,021,36,05,23,248,25,06,54,353,38,09,58,305,36,2*7A
1780395470.125,$GAGSV,2,2,08,10,70,123,38,11,76,356,35,12,45,136,33,36,26,329,28,2*71
1780395470.126,$GAGSV,2,1,08,04,35,021,35,05,23,248,25,06,54,353,38,09,58,305,36,7*7C
1780395470.127,$GAGSV,2,2,08,10,70,123,40,11,76,356,37,12,45,136,36,36,26,329,27,7*73
1780395470.128,$GAGSV,1,1,04,16,08,188,,23,00,091,,28,16,036,,31,12,136,,0*7A
1780395470.129,$GBGSV,2,1,08,06,40,036,41,07,68,115,41,08,22,178,34,09,38,002,36,1*72
1780395470.129,$GBGSV,2,2,08,10,63,142,40,13,29,302,35,14,29,032,38,34,42,189,38,1*79
1780395470.130,$GBGSV,1,1,02,09,38,002,32,10,63,142,37,3*70
1780395470.130,$GBGSV,3,1,10,01,42,106,,02,63,244,,03,72,138,,04,22,095,,0*75
1780395470.131,$GBGSV,3,2,10,04,22,095,,21,14,053,,24,38,154,,25,04,202,,0*71
1780395470.132,$GBGSV,3,3,10,25,04,202,,26,37,091,,0*7D
1780395470.132,$GNGLL,1339.06579,N,10029.57912,E,101750.00,A,D*77
1780395471.119,$GNRMC,101751.00,A,1339.06608,N,10029.57912,E,1.013,3.40,020626,0.53,W,R,V*53
1780395471.121,$GNVTG,3.40,T,3.93,M,1.013,N,1.876,K,D*3D
1780395471.122,$GNGGA,101751.00,1339.06608,N,10029.57912,E,4,12,0.69,-1.1,M,-27.8,M,,0499*43
1780395471.123,$GNGSA,A,3,10,18,23,24,32,29,,,,,,,1.25,0.69,1.04,1*08
1780395471.123,$GNGSA,A,3,66,65,88,76,81,87,,,,,,,1.25,0.69,1.04,2*0A
1780395471.124,$GNGSA,A,3,05,12,04,06,09,10,11,36,,,,,1.25,0.69,1.04,3*06
1780395471.124,$GNGSA,A,3,06,07,08,09,10,13,14,34,,,,,1.25,0.69,1.04,4*09
1780395471.125,$GPGSV,3,1,10,10,22,328,34,13,18,119,29,18,83,174,42,23,40,005,40,1*63
1780395471.125,$GPGSV,3,2,10,24,39,044,38,29,16,181,32,32,31,272,36,41,64,233,43,1*65
1780395471.126,$GPGSV,3,3,10,42,70,217,41,50,55,115,35,1*63
1780395471.126,$GPGSV,2,1,05,10,22,328,29,18,83,174,42,23,40,005,35,24,39,044,32,6*6B
1780395471.127,$GPGSV,2,2,05,32,31,272,34,6*55
1780395471.127,$GPGSV,2,1,07,05,04,105,,12,13,120,,15,11,046,,25,18,157,,0*6D
1780395471.128,$GPGSV,2,2,07,25,18,157,,27,05,292,,28,16,207,,0*5E
1780395471.128,$GLGSV,2,1,07,65,23,013,23,66,28,318,31,75,21,073,16,76,27,133,38,1*73
1780395471.129,$GLGSV,2,2,07,81,25,324,38,87,23,169,31,88,67,259,43,1*45
1780395471.129,$GLGSV,2,1,06,66,28,318,33,67,04,268,19,75,21,073,16,76,27,133,38,3*72
1780395471.130,$GLGSV,2,2,06,81,25,324,29,88,67,259,41,3*76
1780395471.130,$GLGSV,1,1,01,77,08,177,,0*41
1780395471.131,$GAGSV,2,1,08,04,35,021,32,05,23,248,26,06,54,353,37,09,58,305,31,2*75
1780395471.131,$GAGSV,2,2,08,10,70,123,37,11,76,356,34,12,45,136,33,36,26,329,27,2*70
1780395471.132,$GAGSV,2,1,08,04,35,021,37,05,23,248,27,06,54,353,39,09,58,305,29,7*73
1780395471.133,$GAGSV,2,2,08,10,70,123,40,11,76,356,36,12,45,136,35,36,26,329,33,7*74
1780395471.133,$GAGSV,1,1,04,16,08,188,,23,00,091,,28,16,036,,31,12,136,,0*7A
1780395471.134,$GBGSV,2,1,08,06,40,036,39,07,68,115,41,08,22,178,33,09,38,002,35,1*79
1780395471.134,$GBGSV,2,2,08,10,63,142,37,13,29,302,32,14,29,032,40,34,42,189,40,1*7E
1780395471.135,$GBGSV,1,1,02,09,38,002,33,10,63,142,36,3*70
1780395471.135,$GBGSV,3,1,10,01,42,106,,02,63,244,,03,72,138,,04,22,095,,0*75
1780395471.136,$GBGSV,3,2,10,04,22,095,,21,14,053,,24,38,154,,25,04,202,,0*71
1780395471.136,$GBGSV,3,3,10,25,04,202,,26,37,091,,0*7D
1780395471.137,$GNGLL,1339.06608,N,10029.57912,E,101751.00,A,D*73
1780395472.116,$GNRMC,101752.00,A,1339.06638,N,10029.57914,E,1.118,4.87,020626,0.53,W,R,V*53
1780395472.119,$GNVTG,4.87,T,5.40,M,1.118,N,2.071,K,D*3F
1780395472.121,$GNGGA,101752.00,1339.06638,N,10029.57914,E,4,12,0.69,-1.1,M,-27.8,M,,0499*45
1780395472.123,$GNGSA,A,3,10,18,23,24,32,29,,,,,,,1.25,0.69,1.04,1*08
1780395472.124,$GNGSA,A,3,66,65,88,76,81,87,,,,,,,1.25,0.69,1.04,2*0A
1780395472.126,$GNGSA,A,3,05,12,04,06,09,10,11,36,,,,,1.25,0.69,1.04,3*06
1780395472.127,$GNGSA,A,3,06,07,08,09,10,13,14,34,,,,,1.25,0.69,1.04,4*09
1780395472.129,$GPGSV,3,1,10,10,22,328,33,13,18,119,29,18,83,174,42,23,40,005,39,1*6A
1780395472.132,$GPGSV,3,2,10,24,39,044,38,29,16,181,33,32,31,272,36,41,64,233,41,1*66
1780395472.133,$GPGSV,3,3,10,42,70,217,39,50,55,115,35,1*6C
1780395472.136,$GPGSV,2,1,05,10,22,328,22,18,83,174,42,23,40,005,34,24,39,044,32,6*61
1780395472.137,$GPGSV,2,2,05,32,31,272,32,6*53
1780395472.139,$GPGSV,2,1,07,05,04,105,,12,13,120,,15,11,046,,25,18,157,,0*6D
1780395472.141,$GPGSV,2,2,07,25,18,157,,27,05,292,,28,16,207,,0*5E
1780395472.143,$GLGSV,2,1,07,65,23,013,22,66,28,318,34,75,21,073,15,76,27,133,38,1*74
1780395472.145,$GLGSV,2,2,07,81,25,324,36,87,23,169,27,88,67,259,41,1*4E
1780395472.147,$GLGSV,2,1,06,66,28,318,33,67,04,268,18,75,21,073,17,76,27,133,39,3*73
1780395472.148,$GLGSV,2,2,06,81,25,324,29,88,67,259,42,3*75
1780395472.149,$GLGSV,1,1,01,77,08,177,,0*41
1780395472.150,$GAGSV,2,1,08,04,35,021,33,05,23,248,28,06,54,353,38,09,58,305,32,2*76
1780395472.151,$GAGSV,2,2,08,10,70,123,38,11,76,356,35,12,45,136,34,36,26,329,27,2*79
1780395472.152,$GAGSV,2,1,08,04,35,021,36,05,23,248,28,06,54,353,39,09,58,305,34,7*71
1780395472.154,$GAGSV,2,2,08,10,70,123,40,11,76,356,36,12,45,136,36,36,26,329,34,7*70
1780395472.155,$GAGSV,1,1,04,16,08,188,,23,00,091,,28,16,036,,31,12,136,,0*7A
1780395472.156,$GBGSV,2,1,08,06,40,036,38,07,68,115,40,08,22,178,36,09,38,002,36,1*7F
1780395472.156,$GBGSV,2,2,08,10,63,142,40,13,29,302,27,14,29,032,38,34,42,189,41,1*74
1780395472.157,$GBGSV,1,1,02,09,38,002,32,10,63,142,37,3*70
1780395472.158,$GBGSV,3,1,10,01,42,106,,02,63,244,,03,72,138,,04,22,095,,0*75
1780395472.159,$GBGSV,3,2,10,04,22,095,,21,14,053,,24,38,154,,25,04,202,,0*71
1780395472.159,$GBGSV,3,3,10,25,04,202,,26,37,091,,0*7D
1780395472.160,$GNGLL,1339.06638,N,10029.57914,E,101752.00,A,D*75
1780395473.117,$GNRMC,101753.00,A,1339.06669,N,10029.57916,E,1.165,4.05,020626,0.53,W,R,V*54
1780395473.120,$GNVTG,4.05,T,4.58,M,1.165,N,2.157,K,D*32
1780395473.122,$GNGGA,101753.00,1339.06669,N,10029.57916,E,4,12,0.69,-1.1,M,-27.8,M,,0499*42
1780395473.124,$GNGSA,A,3,10,18,23,24,32,29,,,,,,,1.25,0.69,1.04,1*08
1780395473.125,$GNGSA,A,3,66,65,88,76,81,87,,,,,,,1.25,0.69,1.04,2*0A
1780395473.127,$GNGSA,A,3,05,12,04,06,09,10,11,36,,,,,1.25,0.69,1.04,3*06
1780395473.128,$GNGSA,A,3,06,07,08,09,10,13,14,34,,,,,1.25,0.69,1.04,4*09
1780395473.130,$GPGSV,3,1,10,10,22,328,30,13,18,119,27,18,83,174,42,23,40,005,38,1*66
1780395473.133,$GPGSV,3,2,10,24,39,044,36,29,16,181,36,32,31,272,36,41,64,233,42,1*6E
1780395473.135,$GPGSV,3,3,10,42,70,217,40,50,55,115,35,1*62
1780395473.137,$GPGSV,2,1,05,10,22,328,29,18,83,174,41,23,40,005,36,24,39,044,31,6*68
1780395473.139,$GPGSV,2,2,05,32,31,272,31,6*50
1780395473.141,$GPGSV,2,1,07,05,04,105,,12,13,120,,15,11,046,,25,18,157,,0*6D
1780395473.142,$GPGSV,2,2,07,25,18,157,,27,05,292,,28,16,207,,0*5E
1780395473.145,$GLGSV,2,1,07,65,23,013,22,66,28,318,34,75,21,073,16,76,27,133,38,1*77
1780395473.146,$GLGSV,2,2,07,81,25,324,29,87,23,169,30,88,67,259,42,1*45
1780395473.148,$GLGSV,2,1,06,66,28,318,30,67,04,268,18,75,21,073,17,76,27,133,36,3*7F
1780395473.149,$GLGSV,2,2,06,81,25,324,35,88,67,259,42,3*78
1780395473.150,$GLGSV,1,1,01,77,08,177,,0*41
1780395473.151,$GAGSV,2,1,08,04,35,021,33,05,23,248,28,06,54,353,38,09,58,305,32,2*76
1780395473.151,$GAGSV,2,2,08,10,70,123,38,11,76,356,35,12,45,136,33,36,26,329,29,2*70
1780395473.152,$GAGSV,2,1,08,04,35,021,37,05,23,248,27,06,54,353,39,09,58,305,37,7*7C
1780395473.153,$GAGSV,2,2,08,10,70,123,40,11,76,356,37,12,45,136,35,36,26,329,34,7*72
1780395473.153,$GAGSV,1,1,04,16,08,188,,23,00,091,,28,16,036,,31,12,136,,0*7A
1780395473.154,$GBGSV,2,1,08,06,40,036,39,07,68,115,43,08,22,178,37,09,38,002,36,1*7C
1780395473.155,$GBGSV,2,2,08,10,63,142,41,13,29,302,28,14,29,032,35,34,42,189,41,1*77
1780395473.155,$GBGSV,1,1,02,09,38,002,32,10,63,142,36,3*71
1780395473.156,$GBGSV,3,1,10,01,42,106,,02,63,244,,03,72,138,,04,22,095,,0*75
1780395473.156,$GBGSV,3,2,10,04,22,095,,21,14,053,,24,38,154,,25,04,202,,0*71
1780395473.156,$GBGSV,3,3,10,25,04,202,,26,37,091,,0*7D
1780395473.157,$GNGLL,1339.06669,N,10029.57916,E,101753.00,A,D*72
1780395474.121,$GNRMC,101754.00,A,1339.06701,N,10029.57918,E,1.193,3.43,020626,0.53,W,R,V*5E
1780395474.123,$GNVTG,3.43,T,3.96,M,1.193,N,2.210,K,D*3B
1780395474.125,$GNGGA,101754.00,1339.06701,N,10029.57918,E,4,12,0.69,-1.1,M,-27.8,M,,0499*44
1780395474.127,$GNGSA,A,3,10,18,23,24,32,29,,,,,,,1.25,0.69,1.04,1*08
1780395474.129,$GNGSA,A,3,66,65,88,76,81,87,,,,,,,1.25,0.69,1.04,2*0A
1780395474.130,$GNGSA,A,3,05,12,04,06,09,10,11,36,,,,,1.25,0.69,1.04,3*06
1780395474.132,$GNGSA,A,3,06,07,08,09,10,13,14,34,,,,,1.25,0.69,1.04,4*09
1780395474.133,$GPGSV,3,1,10,10,22,329,34,13,18,119,28,18,83,174,42,23,40,005,38,1*6C
1780395474.136,$GPGSV,3,2,10,24,39,044,35,29,16,181,36,32,31,272,38,41,64,233,40,1*61
1780395474.137,$GPGSV,3,3,10,42,70,217,42,50,55,115,38,1*6D
1780395474.140,$GPGSV,2,1,05,10,22,329,30,18,83,174,41,23,40,005,35,24,39,044,31,6*62
1780395474.141,$GPGSV,2,2,05,32,31,272,26,6*56
1780395474.143,$GPGSV,2,1,07,05,04,105,,12,13,120,,15,11,046,,25,18,157,,0*6D
1780395474.145,$GPGSV,2,2,07,25,18,157,,27,05,292,,28,16,207,,0*5E
1780395474.147,$GLGSV,2,1,07,65,23,013,22,66,28,318,35,75,21,073,15,76,27,133,36,1*7B
1780395474.149,$GLGSV,2,2,07,81,25,324,33,87,23,169,30,88,67,259,42,1*4E
1780395474.151,$GLGSV,2,1,06,66,28,318,34,67,04,268,17,75,21,073,16,76,27,133,32,3*71
1780395474.152,$GLGSV,2,2,06,81,25,324,26,88,67,259,42,3*7A
1780395474.153,$GLGSV,1,1,01,77,08,177,,0*41
1780395474.154,$GAGSV,2,1,08,04,35,021,33,05,23,248,26,06,54,353,37,09,58,305,35,2*70
1780395474.155,$GAGSV,2,2,08,10,70,123,38,11,76,356,34,12,45,136,32,36,26,329,28,2*71
1780395474.157,$GAGSV,2,1,08,04,35,021,39,05,23,248,26,06,54,353,39,09,58,305,33,7*77
1780395474.158,$GAGSV,2,2,08,10,70,123,40,11,76,356,37,12,45,136,35,36,26,329,35,7*73
1780395474.159,$GAGSV,1,1,04,16,08,188,,23,00,091,,28,16,036,,31,12,136,,0*7A
1780395474.160,$GBGSV,2,1,08,06,40,036,39,07,68,115,42,08,22,178,35,09,38,002,38,1*71
1780395474.161,$GBGSV,2,2,08,10,63,142,42,13,29,302,35,14,29,032,36,34,42,189,42,1*78
1780395474.161,$GBGSV,1,1,02,09,38,002,33,10,63,142,36,3*70
1780395474.162,$GBGSV,3,1,10,01,42,106,,02,63,244,,03,72,138,,04,22,095,,0*75
1780395474.163,$GBGSV,3,2,10,04,22,095,,21,14,053,,24,38,154,,25,04,202,,0*71
1780395474.163,$GBGSV,3,3,10,25,04,202,,26,37,091,,0*7D
1780395474.164,$GNGLL,1339.06701,N,10029.57918,E,101754.00,A,D*74
1780395475.116,$GNRMC,101755.00,A,1339.06734,N,10029.57920,E,1.177,1.89,020626,0.53,W,R,V*5C
1780395475.119,$GNVTG,1.89,T,2.42,M,1.177,N,2.180,K,D*37
1780395475.120,$GNGGA,101755.00,1339.06734,N,10029.57920,E,4,12,0.69,-1.1,M,-27.8,M,,0499*48
1780395475.120,$GNGSA,A,3,10,18,23,24,32,29,,,,,,,1.25,0.69,1.04,1*08
1780395475.121,$GNGSA,A,3,66,65,88,76,81,87,,,,,,,1.25,0.69,1.04,2*0A
1780395475.121,$GNGSA,A,3,05,12,04,06,09,10,11,36,,,,,1.25,0.69,1.04,3*06
1780395475.122,$GNGSA,A,3,06,07,08,09,10,13,14,34,,,,,1.25,0.69,1.04,4*09
1780395475.122,$GPGSV,3,1,10,10,22,329,37,13,18,119,26,18,83,174,43,23,40,005,38,1*60
1780395475.123,$GPGSV,3,2,10,24,39,044,37,29,16,181,36,32,31,272,35,41,64,233,41,1*6F
1780395475.124,$GPGSV,3,3,10,42,70,217,42,50,55,115,35,1*60
1780395475.124,$GPGSV,2,1,05,10,22,329,29,18,83,174,41,23,40,005,35,24,39,044,30,6*6B
1780395475.125,$GPGSV,2,2,05,32,31,272,32,6*53
1780395475.126,$GPGSV,2,1,07,05,04,105,,12,13,120,,15,11,046,,25,18,157,,0*6D
1780395475.126,$GPGSV,2,2,07,25,18,157,,27,05,292,,28,16,207,,0*5E
1780395475.127,$GLGSV,2,1,07,65,23,013,22,66,28,318,35,75,21,073,13,76,27,133,33,1*78
1780395475.127,$GLGSV,2,2,07,81,25,324,36,87,23,169,29,88,67,259,40,1*41
1780395475.128,$GLGSV,2,1,06,66,28,318,29,67,04,268,17,75,21,073,15,76,27,133,27,3*7A
1780395475.129,$GLGSV,2,2,06,81,25,324,34,88,67,259,40,3*7B
1780395475.129,$GLGSV,1,1,01,77,08,177,,0*41
1780395475.130,$GAGSV,2,1,08,04,35,021,33,05,23,248,26,06,54,353,37,09,58,305,36,2*73
1780395475.130,$GAGSV,2,2,08,10,70,123,38,11,76,356,34,12,45,136,32,36,26,329,29,2*70
1780395475.131,$GAGSV,2,1,08,04,35,021,37,05,23,248,25,06,54,353,39,09,58,305,37,7*7E
1780395475.132,$GAGSV,2,2,08,10,70,123,39,11,76,356,37,12,45,136,35,36,26,329,33,7*7B
1780395475.132,$GAGSV,1,1,04,16,08,188,,23,00,091,,28,16,036,,31,12,136,,0*7A
1780395475.133,$GBGSV,2,1,08,06,40,036,40,07,68,115,40,08,22,178,34,09,38,002,40,1*73
1780395475.134,$GBGSV,2,2,08,10,63,142,41,13,29,302,31,14,29,032,37,34,42,189,40,1*7C
1780395475.134,$GBGSV,1,1,02,09,38,002,33,10,63,142,35,3*73
1780395475.135,$GBGSV,3,1,10,01,42,106,,02,63,244,,03,72,138,,04,22,095,,0*75
1780395475.136,$GBGSV,3,2,10,04,22,095,,21,14,053,,24,38,154,,25,04,202,,0*71
1780395475.136,$GBGSV,3,3,10,25,04,202,,26,37,091,,0*7D
1780395475.137,$GNGLL,1339.06734,N,10029.57920,E,101755.00,A,D*78
1780395476.117,$GNRMC,101756.00,A,1339.06768,N,10029.57922,E,1.264,3.31,020626,0.53,W,R,V*54
1780395476.119,$GNVTG,3.31,T,3.84,M,1.264,N,2.340,K,D*32
1780395476.120,$GNGGA,101756.00,1339.06768,N,10029.57922,E,4,12,0.69,-1.1,M,-27.8,M,,0499*40
1780395476.121,$GNGSA,A,3,10,18,23,24,32,29,,,,,,,1.25,0.69,1.04,1*08
1780395476.122,$GNGSA,A,3,66,65,88,76,81,87,,,,,,,1.25,0.69,1.04,2*0A
1780395476.122,$GNGSA,A,3,05,12,04,06,09,10,11,36,,,,,1.25,0.69,1.04,3*06
1780395476.123,$GNGSA,A,3,06,07,08,09,10,13,14,34,,,,,1.25,0.69,1.04,4*09
1780395476.123,$GPGSV,3,1,10,10,22,329,37,13,18,119,25,18,83,174,42,23,40,005,39,1*63
1780395476.124,$GPGSV,3,2,10,24,39,044,35,29,16,181,35,32,31,272,36,41,64,233,41,1*6D
1780395476.125,$GPGSV,3,3,10,42,70,217,42,50,55,115,37,1*62
1780395476.125,$GPGSV,2,1,05,10,22,329,29,18,83,174,40,23,40,005,35,24,39,044,29,6*62
1780395476.126,$GPGSV,2,2,05,32,31,272,32,6*53
1780395476.126,$GPGSV,2,1,07,05,04,105,,12,13,119,,15,11,046,,25,18,157,,0*67
1780395476.127,$GPGSV,2,2,07,25,18,157,,27,05,292,,28,16,207,,0*5E
1780395476.128,$GLGSV,2,1,07,65,23,013,21,66,28,318,31,75,21,073,15,76,27,133,28,1*73
1780395476.128,$GLGSV,2,2,07,81,25,324,33,87,23,169,30,88,67,259,40,1*4C
1780395476.129,$GLGSV,2,1,06,66,28,318,36,67,04,268,17,75,21,073,17,76,27,133,29,3*78
1780395476.129,$GLGSV,2,2,06,81,25,324,35,88,67,259,40,3*7A
1780395476.130,$GLGSV,1,1,01,77,08,177,,0*41
1780395476.131,$GAGSV,2,1,08,04,35,021,34,05,23,248,27,06,54,353,39,09,58,305,32,2*7F
1780395476.131,$GAGSV,2,2,08,10,70,123,38,11,76,356,34,12,45,136,32,36,26,329,31,2*79
1780395476.132,$GAGSV,2,1,08,04,35,021,37,05,23,248,25,06,54,353,39,09,58,305,37,7*7E
1780395476.133,$GAGSV,2,2,08,10,70,123,39,11,76,356,36,12,45,136,34,36,26,329,33,7*7B
1780395476.133,$GAGSV,1,1,04,16,08,188,,23,00,091,,28,16,036,,31,12,136,,0*7A
1780395476.134,$GBGSV,2,1,08,06,40,036,40,07,68,115,41,08,22,178,34,09,38,002,36,1*73
1780395476.135,$GBGSV,2,2,08,10,63,142,39,13,29,302,28,14,29,032,38,34,42,189,40,1*74
1780395476.135,$GBGSV,1,1,02,09,38,002,33,10,63,142,35,3*73
1780395476.136,$GBGSV,3,1,10,01,42,106,,02,63,244,,03,72,138,,04,22,095,,0*75
1780395476.136,$GBGSV,3,2,10,04,22,095,,21,14,053,,24,38,154,,25,04,202,,0*71
1780395476.137,$GBGSV,3,3,10,25,04,202,,26,37,091,,0*7D
1780395476.137,$GNGLL,1339.06768,N,10029.57922,E,101756.00,A,D*70
1780395477.117,$GNRMC,101757.00,A,1339.06801,N,10029.57924,E,1.191,3.23,020626,0.53,W,R,V*59
1780395477.119,$GNVTG,3.23,T,3.76,M,1.191,N,2.206,K,D*36
1780395477.120,$GNGGA,101757.00,1339.06801,N,10029.57924,E,4,12,0.69,-1.1,M,-27.8,M,,0499*47
1780395477.121,$GNGSA,A,3,10,18,23,24,32,29,,,,,,,1.25,0.69,1.04,1*08
1780395477.121,$GNGSA,A,3,66,65,88,76,81,87,,,,,,,1.25,0.69,1.04,2*0A
1780395477.122,$GNGSA,A,3,05,12,04,06,09,10,11,36,,,,,1.25,0.69,1.04,3*06
1780395477.123,$GNGSA,A,3,06,07,08,09,10,13,14,34,,,,,1.25,0.69,1.04,4*09
1780395477.123,$GPGSV,3,1,10,10,22,329,35,13,18,118,25,18,83,174,42,23,40,005,39,1*60
1780395477.124,$GPGSV,3,2,10,24,39,044,37,29,16,181,35,32,31,272,21,41,64,233,43,1*6B
1780395477.124,$GPGSV,3,3,10,42,70,217,41,50,55,115,37,1*61
1780395477.125,$GPGSV,2,1,05,10,22,329,31,18,83,174,40,23,40,005,36,24,39,044,31,6*61
1780395477.126,$GPGSV,2,2,05,32,31,272,19,6*5A
1780395477.126,$GPGSV,2,1,07,05,04,105,,12,13,119,,15,11,046,,25,18,157,,0*67
1780395477.127,$GPGSV,2,2,07,25,18,157,,27,05,292,,28,16,207,,0*5E
1780395477.128,$GLGSV,2,1,07,65,23,013,21,66,28,318,35,75,21,073,16,76,27,133,32,1*7F
1780395477.128,$GLGSV,2,2,07,81,25,324,34,87,23,169,29,88,67,259,39,1*4D
1780395477.129,$GLGSV,2,1,06,66,28,318,29,67,04,268,16,75,21,073,17,76,27,133,30,3*7F
1780395477.129,$GLGSV,2,2,06,81,25,324,35,88,67,259,39,3*74
1780395477.130,$GLGSV,1,1,01,77,08,177,,0*41
1780395477.130,$GAGSV,2,1,08,04,35,021,33,05,23,248,27,06,54,353,38,09,58,305,37,2*7C
1780395477.131,$GAGSV,2,2,08,10,70,123,38,11,76,356,34,12,45,136,33,36,26,329,33,2*7A
1780395477.132,$GAGSV,2,1,08,04,35,021,39,05,23,248,25,06,54,353,39,09,58,305,39,7*7E
1780395477.133,$GAGSV,2,2,08,10,70,123,40,11,76,356,37,12,45,136,33,36,26,329,35,7*75
1780395477.133,$GAGSV,1,1,04,16,08,188,,23,00,091,,28,16,036,,31,12,136,,0*7A
1780395477.134,$GBGSV,2,1,08,06,40,036,38,07,68,115,42,08,22,178,33,09,38,002,38,1*76
1780395477.135,$GBGSV,2,2,08,10,63,142,40,13,29,302,35,14,29,032,39,34,42,189,40,1*77
1780395477.135,$GBGSV,1,1,02,09,38,002,33,10,63,142,37,3*71
1780395477.136,$GBGSV,3,1,10,01,42,106,,02,63,244,,03,72,138,,04,22,095,,0*75
1780395477.136,$GBGSV,3,2,10,04,22,095,,21,14,053,,24,38,154,,25,04,202,,0*71
1780395477.137,$GBGSV,3,3,10,25,04,202,,26,37,091,,0*7D
1780395477.137,$GNGLL,1339.06801,N,10029.57924,E,101757.00,A,D*77
1780395478.116,$GNRMC,101758.00,A,1339.06835,N,10029.57926,E,1.246,2.83,020626,0.53,W,R,V*51
1780395478.118,$GNVTG,2.83,T,3.36,M,1.246,N,2.307,K,D*30
1780395478.119,$GNGGA,101758.00,1339.06835,N,10029.57926,E,4,12,0.69,-1.1,M,-27.8,M,,0499*4D
1780395478.120,$GNGSA,A,3,10,18,23,24,32,29,,,,,,,1.25,0.69,1.04,1*08
1780395478.120,$GNGSA,A,3,66,65,88,76,81,87,,,,,,,1.25,0.69,1.04,2*0A
1780395478.121,$GNGSA,A,3,05,12,04,06,09,10,11,36,,,,,1.25,0.69,1.04,3*06
1780395478.122,$GNGSA,A,3,06,07,08,09,10,13,14,34,,,,,1.25,0.69,1.04,4*09
1780395478.122,$GPGSV,3,1,10,10,22,329,35,13,18,118,26,18,83,174,43,23,40,005,40,1*6C
1780395478.123,$GPGSV,3,2,10,24,39,044,34,29,16,181,35,32,31,272,31,41,64,233,40,1*6A
1780395478.123,$GPGSV,3,3,10,42,70,217,41,50,55,115,37,1*61
1780395478.124,$GPGSV,2,1,05,10,22,329,30,18,83,174,41,23,40,005,36,24,39,044,30,6*60
1780395478.125,$GPGSV,2,2,05,32,31,272,32,6*53
1780395478.125,$GPGSV,2,1,07,05,04,105,,12,13,119,,15,11,046,,25,18,157,,0*67
1780395478.126,$GPGSV,2,2,07,25,18,157,,27,05,292,,28,16,207,,0*5E
1780395478.126,$GLGSV,2,1,07,65,23,013,22,66,28,318,32,75,21,073,15,76,27,133,33,1*79
1780395478.127,$GLGSV,2,2,07,81,25,324,36,87,23,169,31,88,67,259,34,1*4B
1780395478.128,$GLGSV,2,1,06,66,28,318,37,67,04,268,17,75,21,073,17,76,27,133,30,3*71
1780395478.128,$GLGSV,2,2,06,81,25,324,26,88,67,259,41,3*79
1780395478.129,$GLGSV,1,1,01,77,08,177,,0*41
1780395478.129,$GAGSV,2,1,08,04,35,021,36,05,23,248,27,06,54,353,38,09,58,305,35,2*7B
1780395478.130,$GAGSV,2,2,08,10,70,123,39,11,76,356,34,12,45,136,33,36,26,329,33,2*7B
1780395478.131,$GAGSV,2,1,08,04,35,021,37,05,23,248,25,06,54,353,39,09,58,305,34,7*7D
1780395478.132,$GAGSV,2,2,08,10,70,123,40,11,76,356,37,12,45,136,33,36,26,329,38,7*78
1780395478.132,$GAGSV,1,1,04,16,08,188,,23,00,091,,28,16,036,,31,12,136,,0*7A
1780395478.133,$GBGSV,2,1,08,06,40,036,38,07,68,115,42,08,22,178,32,09,38,002,36,1*79
1780395478.134,$GBGSV,2,2,08,10,63,142,41,13,29,302,27,14,29,032,39,34,42,189,38,1*7A
1780395478.134,$GBGSV,1,1,02,09,38,002,35,10,63,142,37,3*77
1780395478.135,$GBGSV,3,1,10,01,42,106,,02,63,244,,03,72,138,,04,22,095,,0*75
1780395478.135,$GBGSV,3,2,10,04,22,095,,21,14,053,,24,38,154,,25,04,202,,0*71
1780395478.136,$GBGSV,3,3,10,25,04,202,,26,37,091,,0*7D
1780395478.136,$GNGLL,1339.06835,N,10029.57926,E,101758.00,A,D*7D
1780395479.110,$GNRMC,101759.00,A,1339.06869,N,10029.57926,E,1.183,0.24,020626,0.53,W,R,V*5C
1780395479.112,$GNVTG,0.24,T,0.76,M,1.183,N,2.192,K,D*3C
1780395479.114,$GNGGA,101759.00,1339.06869,N,10029.57926,E,4,12,0.69,-1.1,M,-27.8,M,,0499*45
1780395479.114,$GNGSA,A,3,10,18,23,24,32,29,,,,,,,1.25,0.69,1.04,1*08
1780395479.115,$GNGSA,A,3,66,65,88,76,81,87,,,,,,,1.25,0.69,1.04,2*0A
1780395479.115,$GNGSA,A,3,05,12,04,06,09,10,11,36,,,,,1.25,0.69,1.04,3*06
1780395479.116,$GNGSA,A,3,06,07,08,09,10,13,14,34,,,,,1.25,0.69,1.04,4*09
1780395479.116,$GPGSV,3,1,10,10,22,329,35,13,18,118,32,18,83,174,41,23,40,005,38,1*64
1780395479.117,$GPGSV,3,2,10,24,39,044,34,29,16,181,34,32,31,272,32,41,64,233,38,1*67
1780395479.118,$GPGSV,3,3,10,42,70,217,40,50,55,115,37,1*60
1780395479.118,$GPGSV,2,1,05,10,22,329,29,18,83,174,42,23,40,005,35,24,39,044,30,6*68
1780395479.119,$GPGSV,2,2,05,32,31,272,26,6*56
1780395479.119,$GPGSV,2,1,07,05,04,105,,12,13,119,,15,10,047,,25,18,157,,0*67
1780395479.120,$GPGSV,2,2,07,25,18,157,,27,05,292,,28,16,207,,0*5E
1780395479.120,$GLGSV,2,1,07,65,23,013,21,66,28,318,35,75,21,073,15,76,27,133,38,1*76
1780395479.121,$GLGSV,2,2,07,81,25,324,37,87,23,169,32,88,67,259,30,1*4D
1780395479.121,$GLGSV,2,1,06,66,28,318,34,67,04,268,17,75,21,073,15,76,27,133,34,3*74
1780395479.122,$GLGSV,2,2,06,81,25,324,39,88,67,259,37,3*76
1780395479.122,$GLGSV,1,1,01,77,08,177,,0*41
1780395479.123,$GAGSV,2,1,08,04,35,021,36,05,23,248,29,06,54,353,39,09,58,305,38,2*79
1780395479.123,$GAGSV,2,2,08,10,70,123,40,11,76,356,35,12,45,136,33,36,26,329,28,2*7E
1780395479.124,$GAGSV,2,1,08,04,35,021,37,05,23,248,24,06,54,353,39,09,58,305,38,7*70
1780395479.125,$GAGSV,2,2,08,10,70,123,40,11,76,356,37,12,45,136,34,36,26,329,35,7*72
1780395479.125,$GAGSV,1,1,04,16,08,188,,23,00,091,,28,16,036,,31,12,136,,0*7A
1780395479.126,$GBGSV,2,1,08,06,40,036,38,07,68,115,42,08,22,178,33,09,38,002,36,1*78
1780395479.127,$GBGSV,2,2,08,10,63,142,41,13,29,302,35,14,29,032,39,34,42,189,41,1*77
1780395479.128,$GBGSV,1,1,02,09,38,002,34,10,63,142,37,3*76
1780395479.128,$GBGSV,3,1,10,01,42,106,,02,63,244,,03,72,138,,04,22,095,,0*75
1780395479.129,$GBGSV,3,2,10,04,22,095,,21,14,053,,24,38,154,,25,04,202,,0*71
1780395479.129,$GBGSV,3,3,10,25,04,202,,26,37,091,,0*7D
1780395479.130,$GNGLL,1339.06869,N,10029.57926,E,101759.00,A,D*75
1780395480.119,$GNRMC,101800.00,A,1339.06903,N,10029.57927,E,1.300,358.64,020626,0.53,W,R,V*50
1780395480.121,$GNVTG,358.64,T,359.17,M,1.300,N,2.408,K,D*31
1780395480.122,$GNGGA,101800.00,1339.06903,N,10029.57927,E,4,12,0.69,-1.1,M,-27.8,M,,0499*4A
1780395480.123,$GNGSA,A,3,10,18,23,24,32,29,,,,,,,1.25,0.69,1.04,1*08
1780395480.123,$GNGSA,A,3,66,65,88,76,81,87,,,,,,,1.25,0.69,1.04,2*0A
1780395480.124,$GNGSA,A,3,05,12,04,06,09,10,11,36,,,,,1.25,0.69,1.04,3*06
1780395480.124,$GNGSA,A,3,06,07,08,09,10,13,14,34,,,,,1.25,0.69,1.04,4*09
1780395480.125,$GPGSV,3,1,10,10,22,329,27,13,18,118,32,18,83,174,41,23,40,005,38,1*67
1780395480.126,$GPGSV,3,2,10,24,39,044,34,29,16,181,35,32,31,272,27,41,64,233,40,1*6D
1780395480.126,$GPGSV,3,3,10,42,70,217,41,50,55,115,37,1*61
1780395480.127,$GPGSV,2,1,05,10,22,329,29,18,83,174,41,23,40,005,35,24,39,044,33,6*68
1780395480.127,$GPGSV,2,2,05,32,31,272,32,6*53
1780395480.128,$GPGSV,2,1,07,05,04,105,,12,13,119,,15,10,047,,25,18,157,,0*67
1780395480.129,$GPGSV,2,2,07,25,18,157,,27,05,292,,28,16,207,,0*5E
1780395480.129,$GLGSV,2,1,07,65,23,013,21,66,28,318,30,75,21,073,13,76,27,133,36,1*7B
1780395480.130,$GLGSV,2,2,07,81,25,324,38,87,23,169,31,88,67,259,37,1*46
1780395480.131,$GLGSV,2,1,06,66,28,318,37,67,04,268,16,75,21,073,13,76,27,133,36,3*72
1780395480.131,$GLGSV,2,2,06,81,25,324,37,88,67,259,37,3*78
1780395480.132,$GLGSV,1,1,01,77,08,177,,0*41
1780395480.133,$GAGSV,2,1,08,04,35,021,35,05,23,248,27,06,54,353,39,09,58,305,35,2*79
1780395480.133,$GAGSV,2,2,08,10,70,123,39,11,76,356,36,12,45,136,33,36,26,329,30,2*7A
1780395480.134,$GAGSV,2,1,08,04,35,021,36,05,23,248,26,06,54,353,37,09,58,305,39,7*7C
1780395480.135,$GAGSV,2,2,08,10,70,123,40,11,76,356,37,12,45,136,35,36,26,329,32,7*74
1780395480.135,$GAGSV,1,1,04,16,08,188,,23,00,091,,28,16,036,,31,12,136,,0*7A
1780395480.136,$GBGSV,2,1,08,06,40,036,38,07,68,115,42,08,22,178,35,09,38,002,39,1*71
1780395480.137,$GBGSV,2,2,08,10,63,142,41,13,29,302,32,14,29,032,38,34,42,189,39,1*7E
1780395480.137,$GBGSV,1,1,02,09,38,002,32,10,63,142,37,3*70
1780395480.138,$GBGSV,3,1,10,01,42,106,,02,63,244,,03,72,138,,04,22,095,,0*75
1780395480.138,$GBGSV,3,2,10,04,22,095,,21,14,053,,24,38,154,,25,04,202,,0*71
1780395480.139,$GBGSV,3,3,10,25,04,202,,26,37,091,,0*7D
1780395480.139,$GNGLL,1339.06903,N,10029.57927,E,101800.00,A,D*7A
1780395481.118,$GNRMC,101801.00,A,1339.06937,N,10029.57928,E,1.192,0.95,020626,0.53,W,R,V*50
1780395481.120,$GNVTG,0.95,T,1.48,M,1.192,N,2.207,K,D*35
1780395481.122,$GNGGA,101801.00,1339.06937,N,10029.57928,E,4,12,0.69,-1.1,M,-27.8,M,,0499*43
1780395481.122,$GNGSA,A,3,10,18,23,24,32,29,,,,,,,1.25,0.69,1.04,1*08
1780395481.123,$GNGSA,A,3,66,65,88,76,81,87,,,,,,,1.25,0.69,1.04,2*0A
1780395481.123,$GNGSA,A,3,05,12,04,06,09,10,11,36,,,,,1.25,0.69,1.04,3*06
1780395481.124,$GNGSA,A,3,06,07,08,09,10,13,14,34,,,,,1.25,0.69,1.04,4*09
1780395481.124,$GPGSV,3,1,10,10,22,329,27,13,18,118,30,18,83,174,42,23,40,005,39,1*67
1780395481.125,$GPGSV,3,2,10,24,39,044,39,29,16,181,33,32,31,272,41,41,64,233,40,1*66
1780395481.126,$GPGSV,3,3,10,42,70,217,40,50,55,115,37,1*60
1780395481.126,$GPGSV,2,1,05,10,22,329,26,18,83,174,41,23,40,005,37,24,39,044,34,6*62
1780395481.127,$GPGSV,2,2,05,32,31,272,32,6*53
1780395481.127,$GPGSV,2,1,07,05,04,105,,12,13,119,,15,10,047,,25,18,157,,0*67
1780395481.128,$GPGSV,2,2,07,25,18,157,,27,05,292,,28,16,207,,0*5E
1780395481.128,$GLGSV,2,1,06,65,23,013,22,66,28,318,38,76,27,133,36,81,25,324,28,1*77
1780395481.129,$GLGSV,2,2,06,87,23,169,31,88,67,259,37,1*77
1780395481.130,$GLGSV,2,1,06,66,28,318,37,67,04,268,16,75,21,073,12,76,27,133,30,3*75
1780395481.131,$GLGSV,2,2,06,81,25,324,27,88,67,259,35,3*7B
1780395481.131,$GLGSV,1,1,01,77,08,177,,0*41
1780395481.132,$GAGSV,2,1,08,04,35,021,35,05,23,248,31,06,54,353,38,09,58,305,38,2*72
1780395481.132,$GAGSV,2,2,08,10,70,123,39,11,76,356,36,12,45,136,33,36,26,329,27,2*7C
1780395481.133,$GAGSV,2,1,08,04,35,021,34,05,23,248,26,06,54,353,39,09,58,305,38,7*71
1780395481.134,$GAGSV,2,2,08,10,70,123,39,11,76,356,37,12,45,136,36,36,26,329,31,7*7A
1780395481.134,$GAGSV,1,1,04,16,08,188,,23,00,091,,28,16,036,,31,12,136,,0*7A
1780395481.135,$GBGSV,2,1,08,06,40,036,38,07,68,115,41,08,22,178,35,09,38,002,39,1*72
1780395481.135,$GBGSV,2,2,08,10,63,142,41,13,29,302,39,14,29,032,35,34,42,189,40,1*76
1780395481.136,$GBGSV,1,1,02,09,38,002,32,10,63,142,37,3*70
1780395481.136,$GBGSV,3,1,10,01,42,106,,02,63,244,,03,72,138,,04,22,095,,0*75
1780395481.137,$GBGSV,3,2,10,04,22,095,,21,14,053,,24,38,154,,25,04,202,,0*71
1780395481.137,$GBGSV,3,3,10,25,04,202,,26,37,091,,0*7D
1780395481.138,$GNGLL,1339.06937,N,10029.57928,E,101801.00,A,D*73
1780395482.118,$GNRMC,101802.00,A,1339.06969,N,10029.57927,E,1.117,359.03,020626,0.53,W,R,V*5A
1780395482.120,$GNVTG,359.03,T,359.56,M,1.117,N,2.068,K,D*32
1780395482.122,$GNGGA,101802.00,1339.06969,N,10029.57927,E,4,12,0.69,-1.1,M,-27.8,M,,0499*44
1780395482.122,$GNGSA,A,3,10,18,23,24,32,29,,,,,,,1.25,0.69,1.04,1*08
1780395482.123,$GNGSA,A,3,66,65,88,76,81,87,,,,,,,1.25,0.69,1.04,2*0A
1780395482.123,$GNGSA,A,3,05,12,04,06,09,10,11,36,,,,,1.25,0.69,1.04,3*06
1780395482.124,$GNGSA,A,3,06,07,08,09,10,13,14,34,,,,,1.25,0.69,1.04,4*09
1780395482.124,$GPGSV,3,1,10,10,22,329,26,13,18,118,29,18,82,174,41,23,40,005,39,1*6C
1780395482.125,$GPGSV,3,2,10,24,39,044,37,29,16,181,33,32,31,272,34,41,64,233,39,1*64
1780395482.126,$GPGSV,3,3,10,42,70,217,39,50,55,115,38,1*61
1780395482.126,$GPGSV,2,1,05,10,22,329,24,18,82,174,41,23,40,005,36,24,39,044,33,6*67
1780395482.127,$GPGSV,2,2,05,32,31,272,31,6*50
1780395482.127,$GPGSV,2,1,07,05,04,105,,12,13,119,,15,10,047,,25,18,157,,0*67
1780395482.128,$GPGSV,2,2,07,25,18,157,,27,05,292,,28,16,207,,0*5E
1780395482.129,$GLGSV,2,1,06,65,23,013,21,66,28,318,36,76,27,133,38,81,25,324,27,1*7B
1780395482.129,$GLGSV,2,2,06,87,23,169,31,88,67,259,40,1*77
1780395482.130,$GLGSV,2,1,06,66,28,318,34,67,04,268,16,75,21,073,13,76,27,133,36,3*71
1780395482.131,$GLGSV,2,2,06,81,25,324,32,88,67,259,41,3*7C
1780395482.131,$GLGSV,1,1,01,77,08,177,,0*41
1780395482.132,$GAGSV,2,1,08,04,35,021,35,05,23,248,22,06,54,353,35,09,58,305,39,2*7C
1780395482.132,$GAGSV,2,2,08,10,70,123,39,11,76,356,35,12,45,136,33,36,26,329,26,2*7E
1780395482.133,$GAGSV,2,1,08,04,35,021,36,05,23,248,26,06,54,353,40,09,58,305,40,7*72
1780395482.134,$GAGSV,2,2,08,10,70,123,39,11,76,356,37,12,45,136,36,36,26,329,25,7*7F
1780395482.134,$GAGSV,1,1,04,16,08,188,,23,00,091,,28,16,036,,31,12,136,,0*7A
1780395482.135,$GBGSV,2,1,08,06,40,036,39,07,68,115,41,08,22,178,34,09,38,002,38,1*73
1780395482.135,$GBGSV,2,2,08,10,63,142,41,13,29,302,40,14,29,032,38,34,42,189,40,1*75
1780395482.136,$GBGSV,1,1,02,09,38,002,31,10,63,142,37,3*73
1780395482.136,$GBGSV,3,1,10,01,42,106,,02,63,244,,03,72,138,,04,22,095,,0*75
1780395482.137,$GBGSV,3,2,10,04,22,095,,21,14,053,,24,38,154,,25,04,202,,0*71
1780395482.137,$GBGSV,3,3,10,25,04,202,,26,37,091,,0*7D
1780395482.138,$GNGLL,1339.06969,N,10029.57927,E,101802.00,A,D*74
1780395483.115,$GNRMC,101803.00,A,1339.07002,N,10029.57926,E,1.175,359.92,020626,0.53,W,R,V*53
1780395483.117,$GNVTG,359.92,T,0.45,M,1.175,N,2.176,K,D*3D
1780395483.118,$GNGGA,101803.00,1339.07002,N,10029.57926,E,4,12,0.69,-1.1,M,-27.8,M,,0499*41
1780395483.118,$GNGSA,A,3,10,18,23,24,32,29,,,,,,,1.25,0.69,1.04,1*08
1780395483.119,$GNGSA,A,3,66,65,88,76,81,87,,,,,,,1.25,0.69,1.04,2*0A
1780395483.120,$GNGSA,A,3,05,12,04,06,09,10,11,36,,,,,1.25,0.69,1.04,3*06
1780395483.120,$GNGSA,A,3,06,07,08,09,10,13,14,34,,,,,1.25,0.69,1.04,4*09
1780395483.121,$GPGSV,3,1,10,10,22,329,27,13,18,118,20,18,82,174,41,23,40,005,40,1*6A
1780395483.122,$GPGSV,3,2,10,24,39,044,32,29,16,181,33,32,31,272,32,41,64,233,41,1*68
1780395483.122,$GPGSV,3,3,10,42,70,217,41,50,55,115,37,1*61
1780395483.123,$GPGSV,2,1,05,10,22,329,21,18,82,174,41,23,40,005,35,24,39,044,32,6*60
1780395483.123,$GPGSV,2,2,05,32,31,272,31,6*50
1780395483.124,$GPGSV,2,1,07,05,04,105,,12,13,119,,15,10,047,,25,18,157,,0*67
1780395483.125,$GPGSV,2,2,07,25,18,157,,27,05,292,,28,16,207,,0*5E
1780395483.125,$GLGSV,2,1,06,65,23,013,21,66,28,318,27,76,27,133,40,81,25,324,33,1*71
1780395483.126,$GLGSV,2,2,06,87,23,169,35,88,67,259,38,1*7C
1780395483.127,$GLGSV,2,1,06,66,28,318,32,67,04,268,16,75,21,073,15,76,27,133,36,3*71
1780395483.127,$GLGSV,2,2,06,81,25,324,34,88,67,259,39,3*75
1780395483.127,$GLGSV,1,1,01,77,08,177,,0*41
1780395483.128,$GAGSV,2,1,08,04,35,021,35,05,23,248,29,06,54,353,38,09,58,305,38,2*7B
1780395483.129,$GAGSV,2,2,08,10,70,123,39,11,76,356,36,12,45,136,33,36,26,329,26,2*7D
1780395483.130,$GAGSV,2,1,08,04,35,021,37,05,23,248,25,06,54,353,40,09,58,305,40,7*70
1780395483.130,$GAGSV,2,2,08,10,70,123,40,11,76,356,36,12,45,136,36,36,26,329,24,7*71
1780395483.131,$GAGSV,1,1,04,16,08,188,,23,00,091,,28,16,036,,31,12,136,,0*7A
1780395483.132,$GBGSV,2,1,08,06,40,036,40,07,68,115,41,08,22,178,34,09,38,002,38,1*7D
1780395483.133,$GBGSV,2,2,08,10,63,142,41,13,29,302,40,14,29,032,35,34,42,189,38,1*77
1780395483.133,$GBGSV,1,1,02,09,38,002,31,10,63,142,37,3*73
1780395483.134,$GBGSV,3,1,10,01,42,106,,02,63,244,,03,72,138,,04,22,095,,0*75
1780395483.135,$GBGSV,3,2,10,04,22,095,,21,14,053,,24,38,154,,25,04,202,,0*71
1780395483.135,$GBGSV,3,3,10,25,04,202,,26,37,091,,0*7D
1780395483.136,$GNGLL,1339.07002,N,10029.57926,E,101803.00,A,D*71
1780395484.114,$GNRMC,101804.00,A,1339.07035,N,10029.57925,E,1.206,354.87,020626,0.53,W,R,V*5D
1780395484.117,$GNVTG,354.87,T,355.40,M,1.206,N,2.234,K,D*30
1780395484.118,$GNGGA,101804.00,1339.07035,N,10029.57925,E,4,12,0.69,-1.1,M,-27.8,M,,0499*41
1780395484.119,$GNGSA,A,3,10,18,23,24,32,29,,,,,,,1.25,0.69,1.04,1*08
1780395484.119,$GNGSA,A,3,66,65,88,76,81,87,,,,,,,1.25,0.69,1.04,2*0A
1780395484.120,$GNGSA,A,3,05,12,04,06,09,10,11,36,,,,,1.25,0.69,1.04,3*06
1780395484.120,$GNGSA,A,3,06,07,08,09,10,13,14,34,,,,,1.25,0.69,1.04,4*09
1780395484.121,$GPGSV,3,1,10,10,22,329,26,13,18,118,28,18,82,174,41,23,40,005,38,1*6C
1780395484.122,$GPGSV,3,2,10,24,39,044,35,29,16,181,33,32,31,272,35,41,64,233,40,1*69
1780395484.122,$GPGSV,3,3,10,42,70,217,39,50,55,115,38,1*61
1780395484.123,$GPGSV,2,1,05,10,22,329,20,18,82,174,41,23,40,005,35,24,39,044,31,6*62
1780395484.123,$GPGSV,2,2,05,32,31,272,30,6*51
1780395484.124,$GPGSV,2,1,07,05,04,105,,12,13,119,,15,10,047,,25,18,157,,0*67
1780395484.124,$GPGSV,2,2,07,25,18,157,,27,05,292,,28,16,207,,0*5E
1780395484.125,$GLGSV,2,1,06,65,23,013,20,66,28,318,27,76,27,133,41,81,25,324,28,1*7B
1780395484.126,$GLGSV,2,2,06,87,23,169,32,88,67,259,40,1*74
1780395484.126,$GLGSV,2,1,06,66,28,318,34,67,04,268,17,75,21,073,16,76,27,133,38,3*7B
1780395484.127,$GLGSV,2,2,06,81,25,324,23,88,67,259,37,3*7D
1780395484.128,$GLGSV,1,1,01,77,08,177,,0*41
1780395484.128,$GAGSV,2,1,08,04,35,021,34,05,23,248,29,06,54,353,38,09,58,305,32,2*70
1780395484.129,$GAGSV,2,2,08,10,70,123,38,11,76,356,34,12,45,136,33,36,26,329,25,2*7D
1780395484.130,$GAGSV,2,1,08,04,35,021,37,05,23,248,30,06,54,353,39,09,58,305,36,7*7B
1780395484.131,$GAGSV,2,2,08,10,70,123,39,11,76,356,36,12,45,136,32,36,26,329,25,7*7A
1780395484.131,$GAGSV,1,1,04,16,08,188,,23,00,091,,28,16,036,,31,12,136,,0*7A
1780395484.132,$GBGSV,2,1,08,06,40,036,40,07,68,115,41,08,22,178,30,09,38,002,38,1*79
1780395484.133,$GBGSV,2,2,08,10,63,142,39,13,29,302,36,14,29,032,37,34,42,189,39,1*7A
1780395484.133,$GBGSV,1,1,02,09,38,002,31,10,63,142,36,3*72
1780395484.134,$GBGSV,3,1,10,01,42,106,,02,63,244,,03,72,138,,04,22,095,,0*75
1780395484.135,$GBGSV,3,2,10,04,22,095,,21,14,053,,24,38,154,,25,04,202,,0*71
1780395484.135,$GBGSV,3,3,10,25,04,202,,26,37,091,,0*7D
1780395484.136,$GNGLL,1339.07035,N,10029.57925,E,101804.00,A,D*71
1780395485.115,$GNRMC,101805.00,A,1339.07068,N,10029.57924,E,1.157,357.02,020626,0.53,W,R,V*5C
1780395485.118,$GNVTG,357.02,T,357.55,M,1.157,N,2.143,K,D*3C
1780395485.118,$GNGGA,101805.00,1339.07068,N,10029.57924,E,4,12,0.69,-1.1,M,-27.8,M,,0499*49
1780395485.119,$GNGSA,A,3,10,18,23,24,32,29,,,,,,,1.25,0.69,1.04,1*08
1780395485.120,$GNGSA,A,3,66,88,76,81,87,,,,,,,,1.25,0.69,1.04,2*09
1780395485.120,$GNGSA,A,3,05,12,04,06,09,10,11,36,,,,,1.25,0.69,1.04,3*06
1780395485.121,$GNGSA,A,3,06,07,08,09,10,13,14,34,,,,,1.25,0.69,1.04,4*09
1780395485.121,$GPGSV,3,1,10,10,22,329,31,13,18,118,28,18,82,174,43,23,40,005,41,1*66
1780395485.122,$GPGSV,3,2,10,24,39,044,36,29,16,181,33,32,31,272,31,41,64,233,38,1*61
1780395485.123,$GPGSV,3,3,10,42,70,217,41,50,55,115,38,1*6E
1780395485.124,$GPGSV,2,1,05,10,22,329,28,18,82,174,41,23,40,005,35,24,39,044,32,6*69
1780395485.125,$GPGSV,2,2,05,32,31,272,31,6*50
1780395485.126,$GPGSV,2,1,07,05,04,105,,12,13,119,,15,10,047,,25,18,157,,0*67
1780395485.127,$GPGSV,2,2,07,25,18,157,,27,05,292,,28,16,207,,0*5E
1780395485.128,$GLGSV,2,1,06,65,23,013,19,66,28,318,26,76,27,133,40,81,25,324,28,1*71
1780395485.129,$GLGSV,2,2,06,87,23,169,35,88,67,259,39,1*7D
1780395485.130,$GLGSV,2,1,06,66,28,318,25,67,04,268,18,75,21,073,15,76,27,133,38,3*77
1780395485.131,$GLGSV,2,2,06,81,25,324,23,88,67,259,39,3*73
1780395485.132,$GLGSV,1,1,01,77,08,177,,0*41
1780395485.133,$GAGSV,2,1,08,04,35,021,34,05,23,248,19,06,54,353,38,09,58,305,33,2*72
1780395485.134,$GAGSV,2,2,08,10,70,123,39,11,76,356,34,12,45,136,33,36,26,329,26,2*7F
1780395485.135,$GAGSV,2,1,08,04,35,021,35,05,23,248,34,06,54,353,40,09,58,305,34,7*71
1780395485.136,$GAGSV,2,2,08,10,70,123,39,11,76,356,37,12,45,136,34,36,26,329,27,7*7F
1780395485.137,$GAGSV,1,1,04,16,08,188,,23,00,091,,28,16,036,,31,12,136,,0*7A
1780395485.137,$GBGSV,2,1,08,06,40,036,39,07,68,115,42,08,22,178,32,09,38,002,38,1*76
1780395485.138,$GBGSV,2,2,08,10,63,142,41,13,29,302,31,14,29,032,38,34,42,189,39,1*7D
1780395485.139,$GBGSV,1,1,02,09,38,002,32,10,63,142,35,3*72
1780395485.139,$GBGSV,3,1,10,01,42,106,,02,63,244,,03,72,138,,04,22,095,,0*75
1780395485.140,$GBGSV,3,2,10,04,22,095,,21,14,053,,24,38,154,,25,04,202,,0*71
1780395485.140,$GBGSV,3,3,10,25,04,202,,26,37,091,,0*7D
1780395485.141,$GNGLL,1339.07068,N,10029.57924,E,101805.00,A,D*79
1780395486.114,$GNRMC,101806.00,A,1339.07100,N,10029.57921,E,1.190,353.46,020626,0.53,W,R,V*5A
1780395486.116,$GNVTG,353.46,T,353.99,M,1.190,N,2.204,K,D*37
1780395486.117,$GNGGA,101806.00,1339.07100,N,10029.57921,E,4,12,0.69,-1.1,M,-27.8,M,,0499*40
1780395486.118,$GNGSA,A,3,10,18,23,24,32,29,,,,,,,1.25,0.69,1.04,1*08
1780395486.118,$GNGSA,A,3,66,88,76,81,87,,,,,,,,1.25,0.69,1.04,2*09
1780395486.119,$GNGSA,A,3,05,12,04,06,09,10,11,36,,,,,1.25,0.69,1.04,3*06
1780395486.119,$GNGSA,A,3,06,07,08,09,10,13,14,34,,,,,1.25,0.69,1.04,4*09
1780395486.120,$GPGSV,3,1,10,10,22,329,26,13,18,118,27,18,82,174,42,23,40,005,40,1*6F
1780395486.121,$GPGSV,3,2,10,24,39,044,38,29,16,181,33,32,31,272,34,41,64,233,43,1*66
1780395486.121,$GPGSV,3,3,10,42,70,217,37,50,55,115,37,1*60
1780395486.122,$GPGSV,2,1,05,10,22,329,26,18,82,174,41,23,40,005,34,24,39,044,35,6*61
1780395486.122,$GPGSV,2,2,05,32,31,272,30,6*51
1780395486.123,$GPGSV,2,1,07,05,04,105,,12,13,119,,15,10,047,,25,18,157,,0*67
1780395486.124,$GPGSV,2,2,07,25,18,157,,27,05,292,,28,16,207,,0*5E
1780395486.124,$GLGSV,2,1,06,65,23,013,17,66,28,318,31,76,27,133,39,81,25,324,28,1*77
1780395486.125,$GLGSV,2,2,06,87,23,169,35,88,67,259,41,1*72
1780395486.125,$GLGSV,2,1,06,66,28,318,25,67,04,268,17,75,21,073,15,76,27,133,36,3*76
1780395486.126,$GLGSV,2,2,06,81,25,324,34,88,67,259,43,3*78
1780395486.126,$GLGSV,1,1,01,77,08,177,,0*41
1780395486.127,$GAGSV,2,1,08,04,35,021,35,05,23,248,34,06,54,353,38,09,58,305,36,2*79
1780395486.128,$GAGSV,2,2,08,10,70,123,40,11,76,356,35,12,45,136,34,36,26,329,26,2*77
1780395486.129,$GAGSV,2,1,08,04,35,021,38,05,23,248,30,06,54,353,40,09,58,305,37,7*7B
1780395486.129,$GAGSV,2,2,08,10,70,123,41,11,76,356,37,12,45,136,35,36,26,329,26,7*70
1780395486.130,$GAGSV,1,1,04,16,08,188,,23,00,091,,28,16,036,,31,12,136,,0*7A
1780395486.131,$GBGSV,2,1,08,06,40,036,36,07,68,115,40,08,22,178,36,09,38,002,37,1*70
1780395486.131,$GBGSV,2,2,08,10,63,142,41,13,29,302,35,14,29,032,36,34,42,189,39,1*77
1780395486.132,$GBGSV,1,1,02,09,38,002,35,10,63,142,36,3*76
1780395486.133,$GBGSV,3,1,10,01,42,106,,02,63,244,,03,72,138,,04,22,095,,0*75
1780395486.133,$GBGSV,3,2,10,04,22,095,,21,14,053,,24,38,154,,25,04,202,,0*71
1780395486.134,$GBGSV,3,3,10,25,04,202,,26,37,091,,0*7D
1780395486.134,$GNGLL,1339.07100,N,10029.57921,E,101806.00,A,D*70
1780395487.113,$GNRMC,101807.00,A,1339.07134,N,10029.57919,E,1.238,2.29,020626,0.53,W,R,V*58
1780395487.115,$GNVTG,2.29,T,2.82,M,1.238,N,2.293,K,D*3B
1780395487.118,$GNGGA,101807.00,1339.07134,N,10029.57919,E,4,12,0.69,-1.1,M,-27.8,M,,0499*4D
1780395487.120,$GNGSA,A,3,10,18,23,24,32,29,,,,,,,1.25,0.69,1.04,1*08
1780395487.121,$GNGSA,A,3,66,88,76,81,87,,,,,,,,1.25,0.69,1.04,2*09
1780395487.123,$GNGSA,A,3,05,12,04,06,09,10,11,36,,,,,1.25,0.69,1.04,3*06
1780395487.124,$GNGSA,A,3,06,07,08,09,10,13,14,34,,,,,1.25,0.69,1.04,4*09
1780395487.127,$GPGSV,3,1,10,10,22,329,25,13,18,118,13,18,82,174,42,23,41,006,39,1*67
1780395487.129,$GPGSV,3,2,10,24,39,044,36,29,16,181,30,32,31,272,23,41,64,233,41,1*6F
1780395487.131,$GPGSV,3,3,10,42,70,217,39,50,55,115,36,1*6F
1780395487.133,$GPGSV,2,1,05,10,22,329,24,18,82,174,39,23,41,006,33,24,39,044,34,6*68
1780395487.135,$GPGSV,2,2,05,32,31,272,21,6*51
1780395487.137,$GPGSV,2,1,07,05,04,105,,12,13,119,,15,10,047,,25,18,157,,0*67
1780395487.138,$GPGSV,2,2,07,25,18,157,,27,05,292,,28,16,207,,0*5E
1780395487.140,$GLGSV,2,1,06,65,23,013,15,66,28,318,26,76,27,133,37,81,25,324,32,1*76
1780395487.142,$GLGSV,2,2,06,87,23,169,34,88,67,259,43,1*71
1780395487.144,$GLGSV,2,1,06,66,28,318,31,67,04,268,17,75,21,073,16,76,27,133,33,3*75
1780395487.144,$GLGSV,2,2,06,81,25,324,30,88,67,259,39,3*71
1780395487.145,$GLGSV,1,1,01,77,08,177,,0*41
1780395487.146,$GAGSV,2,1,08,04,35,021,35,05,23,248,30,06,54,353,38,09,58,305,36,2*7D
1780395487.147,$GAGSV,2,2,08,10,70,123,40,11,76,356,35,12,45,136,32,36,26,329,25,2*72
1780395487.148,$GAGSV,2,1,08,04,35,021,37,05,23,248,26,06,54,353,38,09,58,305,41,7*7D
1780395487.150,$GAGSV,2,2,08,10,70,123,39,11,76,356,36,12,45,136,35,36,26,329,25,7*7D
1780395487.151,$GAGSV,1,1,04,16,08,188,,23,00,091,,28,16,036,,31,12,136,,0*7A
1780395487.151,$GBGSV,2,1,08,06,40,036,38,07,68,115,42,08,22,178,34,09,38,002,37,1*7E
1780395487.152,$GBGSV,2,2,08,10,63,142,40,13,29,302,40,14,29,032,36,34,42,189,41,1*7B
1780395487.153,$GBGSV,1,1,02,09,38,002,34,10,63,142,36,3*77
1780395487.154,$GBGSV,3,1,10,01,42,106,,02,63,244,,03,72,138,,04,22,095,,0*75
1780395487.154,$GBGSV,3,2,10,04,22,095,,21,14,053,,24,38,154,,25,04,202,,0*71
1780395487.155,$GBGSV,3,3,10,25,04,202,,26,37,091,,0*7D
1780395487.155,$GNGLL,1339.07134,N,10029.57919,E,101807.00,A,D*7D
1780395488.109,$GNRMC,101808.00,A,1339.07168,N,10029.57917,E,1.254,358.10,020626,0.53,W,R,V*5C
1780395488.111,$GNVTG,358.10,T,358.63,M,1.254,N,2.323,K,D*3E
1780395488.114,$GNGGA,101808.00,1339.07168,N,10029.57917,E,4,12,0.69,-1.1,M,-27.8,M,,0499*45
1780395488.116,$GNGSA,A,3,10,18,23,24,32,29,,,,,,,1.25,0.69,1.04,1*08
1780395488.117,$GNGSA,A,3,66,88,76,81,87,,,,,,,,1.25,0.69,1.04,2*09
1780395488.118,$GNGSA,A,3,05,12,04,06,09,10,11,36,,,,,1.25,0.69,1.04,3*06
1780395488.120,$GNGSA,A,3,06,07,08,09,10,13,14,34,,,,,1.25,0.69,1.04,4*09
1780395488.123,$GPGSV,3,1,10,10,22,329,25,13,18,118,17,18,82,174,42,23,41,006,41,1*6C
1780395488.126,$GPGSV,3,2,10,24,39,044,36,29,16,181,31,32,31,272,30,41,64,233,44,1*69
1780395488.129,$GPGSV,3,3,10,42,70,217,41,50,55,115,38,1*6E
1780395488.132,$GPGSV,2,1,05,10,22,329,22,18,82,174,41,23,41,006,33,24,39,044,34,6*61
1780395488.133,$GPGSV,2,2,05,32,31,272,30,6*51
1780395488.135,$GPGSV,2,1,07,05,04,105,,12,13,119,,15,10,047,,25,18,157,,0*67
1780395488.137,$GPGSV,2,2,07,25,18,157,,27,05,292,,28,16,207,,0*5E
1780395488.140,$GLGSV,2,1,06,65,23,013,16,66,28,318,27,76,27,133,37,81,25,324,27,1*70
1780395488.141,$GLGSV,2,2,06,87,23,169,30,88,67,259,35,1*74
1780395488.142,$GLGSV,2,1,06,66,28,318,34,67,04,268,18,75,21,073,17,76,27,133,36,3*7B
1780395488.143,$GLGSV,2,2,06,81,25,324,22,88,67,259,37,3*7C
1780395488.144,$GLGSV,1,1,01,77,08,177,,0*41
1780395488.145,$GAGSV,2,1,08,04,35,021,36,05,23,248,29,06,54,353,39,09,58,305,38,2*79
1780395488.146,$GAGSV,2,2,08,10,70,123,39,11,76,356,35,12,45,136,32,36,26,329,23,2*7A
1780395488.148,$GAGSV,2,1,08,04,35,021,35,05,23,248,32,06,54,353,36,09,58,305,39,7*7B
1780395488.149,$GAGSV,2,2,08,10,70,123,39,11,76,356,36,12,45,136,36,36,26,329,22,7*79
1780395488.149,$GAGSV,1,1,04,16,08,188,,23,00,091,,28,16,036,,31,12,136,,0*7A
1780395488.150,$GBGSV,2,1,08,06,40,036,41,07,68,115,41,08,22,178,34,09,38,002,36,1*72
1780395488.151,$GBGSV,2,2,08,10,63,142,42,13,29,302,39,14,29,032,36,34,42,189,38,1*79
1780395488.152,$GBGSV,1,1,02,09,38,002,34,10,63,142,37,3*76
1780395488.152,$GBGSV,3,1,10,01,42,106,,02,63,244,,03,72,138,,04,22,095,,0*75
1780395488.153,$GBGSV,3,2,10,04,22,095,,21,14,053,,24,38,154,,25,04,202,,0*71
1780395488.154,$GBGSV,3,3,10,25,04,202,,26,37,091,,0*7D
1780395488.154,$GNGLL,1339.07168,N,10029.57917,E,101808.00,A,D*75
1780395489.114,$GNRMC,101809.00,A,1339.07202,N,10029.57915,E,1.207,356.25,020626,0.53,W,R,V*5E
1780395489.116,$GNVTG,356.25,T,356.78,M,1.207,N,2.236,K,D*31
1780395489.118,$GNGGA,101809.00,1339.07202,N,10029.57915,E,4,12,0.69,-1.1,M,-27.8,M,,0499*49
1780395489.118,$GNGSA,A,3,10,18,23,24,32,29,,,,,,,1.25,0.69,1.04,1*08
1780395489.119,$GNGSA,A,3,66,88,76,81,87,,,,,,,,1.25,0.69,1.04,2*09
1780395489.119,$GNGSA,A,3,05,12,04,06,09,10,11,36,,,,,1.25,0.69,1.04,3*06
1780395489.120,$GNGSA,A,3,06,07,08,09,10,13,14,34,,,,,1.25,0.69,1.04,4*09
1780395489.120,$GPGSV,3,1,10,10,22,329,27,13,18,118,19,18,82,174,42,23,41,006,39,1*6F
1780395489.121,$GPGSV,3,2,10,24,39,044,37,29,16,181,31,32,31,272,32,41,64,233,35,1*6C
1780395489.121,$GPGSV,3,3,10,42,70,217,41,50,55,115,36,1*60
1780395489.122,$GPGSV,2,1,05,10,22,329,23,18,82,174,41,23,41,006,33,24,39,044,34,6*60
1780395489.123,$GPGSV,2,2,05,32,31,272,36,6*57
1780395489.123,$GPGSV,2,1,07,05,04,105,,12,13,119,,15,10,047,,25,18,156,,0*66
1780395489.124,$GPGSV,2,2,07,25,18,156,,27,05,292,,28,16,207,,0*5F
1780395489.124,$GLGSV,2,1,06,65,23,013,16,66,28,318,32,76,27,133,37,81,25,324,25,1*76
1780395489.125,$GLGSV,2,2,06,87,23,169,31,88,67,259,38,1*78
1780395489.126,$GLGSV,2,1,06,66,28,318,31,67,04,268,17,75,21,073,17,76,27,133,36,3*71
1780395489.128,$GLGSV,2,2,06,81,25,324,24,88,67,259,34,3*79
1780395489.128,$GLGSV,1,1,01,77,08,177,,0*41
1780395489.129,$GAGSV,2,1,08,04,35,021,35,05,23,248,20,06,54,353,38,09,58,305,39,2*73
1780395489.129,$GAGSV,2,2,08,10,70,123,39,11,76,356,34,12,45,136,31,36,26,329,21,2*7A
1780395489.130,$GAGSV,2,1,08,04,35,021,35,05,23,248,25,06,54,353,38,09,58,305,39,7*73
1780395489.131,$GAGSV,2,2,08,10,70,123,39,11,76,356,38,12,45,136,35,36,26,329,22,7*74
1780395489.132,$GAGSV,1,1,04,16,08,188,,23,00,091,,28,16,036,,31,12,136,,0*7A
1780395489.132,$GBGSV,2,1,08,06,40,036,40,07,68,115,41,08,22,178,36,09,38,002,35,1*72
1780395489.133,$GBGSV,2,2,08,10,63,142,41,13,29,302,37,14,29,032,35,34,42,189,37,1*78
1780395489.134,$GBGSV,1,1,02,09,38,002,34,10,63,142,36,3*77
1780395489.134,$GBGSV,3,1,10,01,42,106,,02,63,244,,03,72,138,,04,22,095,,0*75
1780395489.135,$GBGSV,3,2,10,04,22,095,,21,14,053,,24,38,154,,25,04,202,,0*71
1780395489.135,$GBGSV,3,3,10,25,04,202,,26,37,091,,0*7D
1780395489.136,$GNGLL,1339.07202,N,10029.57915,E,101809.00,A,D*79
1780395490.113,$GNRMC,101810.00,A,1339.07234,N,10029.57913,E,1.154,359.26,020626,0.53,W,R,V*5C
1780395490.115,$GNVTG,359.26,T,359.79,M,1.154,N,2.137,K,D*34
1780395490.117,$GNGGA,101810.00,1339.07234,N,10029.57913,E,4,12,0.69,-1.1,M,-27.8,M,,0499*42
1780395490.117,$GNGSA,A,3,10,18,23,24,32,29,,,,,,,1.25,0.69,1.04,1*08
1780395490.118,$GNGSA,A,3,66,88,76,81,87,,,,,,,,1.25,0.69,1.04,2*09
1780395490.118,$GNGSA,A,3,05,12,04,06,09,10,11,36,,,,,1.25,0.69,1.04,3*06
1780395490.119,$GNGSA,A,3,06,07,08,09,10,13,14,34,,,,,1.25,0.69,1.04,4*09
1780395490.119,$GPGSV,3,1,10,10,22,329,28,13,18,118,21,18,82,174,40,23,41,006,39,1*69
1780395490.120,$GPGSV,3,2,10,24,39,044,38,29,16,181,30,32,31,272,38,41,64,233,37,1*6A
1780395490.121,$GPGSV,3,3,10,42,70,217,40,50,55,115,39,1*6E
1780395490.121,$GPGSV,2,1,05,10,22,329,23,18,82,174,41,23,41,006,34,24,39,044,34,6*67
1780395490.122,$GPGSV,2,2,05,32,31,272,36,6*57
1780395490.122,$GPGSV,2,1,07,05,04,105,,12,13,119,,15,10,047,,25,18,156,,0*66
1780395490.123,$GPGSV,2,2,07,25,18,156,,27,05,292,,28,16,207,,0*5F
1780395490.124,$GLGSV,2,1,06,65,23,013,17,66,28,318,31,76,27,133,37,81,25,324,26,1*77
1780395490.124,$GLGSV,2,2,06,87,23,169,35,88,67,259,44,1*77
1780395490.125,$GLGSV,2,1,06,66,28,318,24,67,04,268,17,75,21,073,17,76,27,133,38,3*7B
1780395490.126,$GLGSV,2,2,06,81,25,324,25,88,67,259,41,3*7A
1780395490.126,$GLGSV,1,1,01,77,08,177,,0*41
1780395490.127,$GAGSV,2,1,08,04,35,021,34,05,23,248,20,06,54,353,35,09,58,305,37,2*71
1780395490.127,$GAGSV,2,2,08,10,70,123,39,11,76,356,34,12,45,136,31,36,26,329,22,2*79
1780395490.128,$GAGSV,2,1,08,04,35,021,36,05,23,248,26,06,54,353,38,09,58,305,41,7*7C
1780395490.129,$GAGSV,2,2,08,10,70,123,41,11,76,356,36,12,45,136,35,36,26,329,29,7*7E
1780395490.129,$GAGSV,1,1,04,16,08,188,,23,00,091,,28,16,036,,31,12,136,,0*7A
1780395490.130,$GBGSV,2,1,08,06,40,036,36,07,68,115,40,08,22,178,34,09,38,002,36,1*73
1780395490.131,$GBGSV,2,2,08,10,63,142,39,13,29,302,38,14,29,032,35,34,42,189,39,1*76
1780395490.131,$GBGSV,1,1,02,09,38,002,32,10,63,142,35,3*72
1780395490.132,$GBGSV,3,1,10,01,42,106,,02,63,244,,03,72,138,,04,22,095,,0*75
1780395490.132,$GBGSV,3,2,10,04,22,095,,21,14,053,,24,38,154,,25,04,202,,0*71
1780395490.133,$GBGSV,3,3,10,25,04,202,,26,37,091,,0*7D
1780395490.134,$GNGLL,1339.07234,N,10029.57913,E,101810.00,A,D*72
1780395491.113,$GNRMC,101811.00,A,1339.07267,N,10029.57912,E,1.195,357.61,020626,0.53,W,R,V*5A
1780395491.116,$GNVTG,357.61,T,358.14,M,1.195,N,2.214,K,D*3C
1780395491.118,$GNGGA,101811.00,1339.07267,N,10029.57912,E,4,12,0.68,-1.0,M,-27.8,M,,0499*44
1780395491.120,$GNGSA,A,3,10,18,23,24,32,29,,,,,,,1.25,0.68,1.04,1*09
1780395491.121,$GNGSA,A,3,66,88,76,81,87,,,,,,,,1.25,0.68,1.04,2*08
1780395491.123,$GNGSA,A,3,05,12,04,06,09,10,11,36,,,,,1.25,0.68,1.04,3*07
1780395491.124,$GNGSA,A,3,06,07,08,09,10,13,14,34,,,,,1.25,0.68,1.04,4*08
1780395491.127,$GPGSV,3,1,10,10,22,329,32,13,18,118,18,18,82,174,42,23,41,006,38,1*6B
1780395491.130,$GPGSV,3,2,10,24,39,044,38,29,16,181,31,32,31,272,36,41,64,233,39,1*6B
1780395491.131,$GPGSV,3,3,10,42,70,217,38,50,55,115,38,1*60
1780395491.133,$GPGSV,2,1,05,10,22,329,23,18,82,174,40,23,41,006,35,24,39,044,31,6*62
1780395491.135,$GPGSV,2,2,05,32,31,272,33,6*52
1780395491.137,$GPGSV,2,1,07,05,04,105,,12,13,119,,15,10,047,,25,18,156,,0*66
1780395491.139,$GPGSV,2,2,07,25,18,156,,27,05,291,,28,16,207,,0*5C
1780395491.140,$GLGSV,2,1,06,65,23,013,18,66,28,318,32,76,27,133,37,81,25,324,31,1*7D
1780395491.141,$GLGSV,2,2,06,87,23,169,32,88,67,259,40,1*74
1780395491.143,$GLGSV,2,1,06,66,28,318,31,67,04,268,16,75,21,073,16,76,27,133,37,3*70
1780395491.144,$GLGSV,2,2,06,81,25,324,27,88,67,259,38,3*76
1780395491.145,$GLGSV,1,1,01,77,08,177,,0*41
1780395491.146,$GAGSV,2,1,08,04,35,021,34,05,23,248,22,06,54,353,34,09,58,305,34,2*71
1780395491.146,$GAGSV,2,2,08,10,70,123,38,11,76,356,34,12,45,136,31,36,26,329,26,2*7C
1780395491.147,$GAGSV,2,1,08,04,35,021,36,05,23,248,28,06,54,353,40,09,58,305,35,7*7E
1780395491.148,$GAGSV,2,2,08,10,70,123,40,11,76,356,36,12,45,136,34,36,26,329,30,7*76
1780395491.148,$GAGSV,1,1,04,16,08,188,,23,00,091,,28,16,036,,31,12,136,,0*7A
1780395491.149,$GBGSV,2,1,08,06,40,036,38,07,68,115,39,08,22,178,36,09,38,002,36,1*71
1780395491.150,$GBGSV,2,2,08,10,63,142,38,13,29,302,39,14,29,032,36,34,42,189,34,1*78
1780395491.150,$GBGSV,1,1,02,09,38,002,32,10,63,142,35,3*72
1780395491.151,$GBGSV,3,1,10,01,42,106,,02,63,244,,03,72,138,,04,22,095,,0*75
1780395491.151,$GBGSV,3,2,10,04,22,095,,21,14,053,,24,38,154,,25,04,202,,0*71
1780395491.152,$GBGSV,3,3,10,25,04,202,,26,37,091,,0*7D
1780395491.152,$GNGLL,1339.07267,N,10029.57912,E,101811.00,A,D*74
1780395492.115,$GNRMC,101812.00,A,1339.07300,N,10029.57911,E,1.170,358.33,020626,0.53,W,R,V*59
1780395492.117,$GNVTG,358.33,T,358.86,M,1.170,N,2.167,K,D*33
1780395492.120,$GNGGA,101812.00,1339.07300,N,10029.57911,E,4,12,0.68,-1.0,M,-27.8,M,,0499*44
1780395492.121,$GNGSA,A,3,10,18,23,24,32,29,,,,,,,1.25,0.68,1.04,1*09
1780395492.123,$GNGSA,A,3,66,88,76,81,87,,,,,,,,1.25,0.68,1.04,2*08
1780395492.124,$GNGSA,A,3,05,12,04,06,09,10,11,36,,,,,1.25,0.68,1.04,3*07
1780395492.126,$GNGSA,A,3,06,07,08,09,10,13,14,34,,,,,1.25,0.68,1.04,4*08
1780395492.128,$GPGSV,3,1,10,10,22,329,39,13,18,118,17,18,82,174,43,23,41,006,38,1*6E
1780395492.130,$GPGSV,3,2,10,24,39,044,38,29,16,181,30,32,31,272,40,41,64,233,43,1*66
1780395492.132,$GPGSV,3,3,10,42,70,217,39,50,55,115,36,1*6F
1780395492.134,$GPGSV,2,1,05,10,22,329,32,18,82,174,40,23,41,006,36,24,39,044,33,6*63
1780395492.136,$GPGSV,2,2,05,32,31,272,33,6*52
1780395492.138,$GPGSV,2,1,07,05,04,105,,12,13,119,,15,10,047,,25,18,156,,0*66
1780395492.139,$GPGSV,2,2,07,25,18,156,,27,05,291,,28,17,208,,0*52
1780395492.141,$GLGSV,2,1,06,65,23,013,19,66,28,318,31,76,27,133,36,81,25,324,33,1*7C
1780395492.143,$GLGSV,2,2,06,87,23,169,33,88,67,259,42,1*77
1780395492.145,$GLGSV,2,1,06,66,28,318,26,67,04,268,16,75,21,073,17,76,27,133,34,3*74
1780395492.146,$GLGSV,2,2,06,81,25,324,26,88,67,259,41,3*79
1780395492.147,$GLGSV,1,1,01,77,08,177,,0*41
1780395492.148,$GAGSV,2,1,08,04,35,021,35,05,23,248,24,06,54,353,35,09,58,305,28,2*7A
1780395492.149,$GAGSV,2,2,08,10,70,123,38,11,76,356,34,12,45,136,32,36,26,329,35,2*7D
1780395492.151,$GAGSV,2,1,08,04,35,021,36,05,23,248,28,06,54,353,39,09,58,305,36,7*73
1780395492.152,$GAGSV,2,2,08,10,70,123,40,11,76,356,36,12,45,136,34,36,26,329,37,7*71
1780395492.153,$GAGSV,1,1,04,16,08,188,,23,00,091,,28,16,036,,31,12,136,,0*7A
1780395492.154,$GBGSV,2,1,08,06,40,036,38,07,68,115,42,08,22,178,34,09,38,002,36,1*7F
1780395492.155,$GBGSV,2,2,08,10,63,142,40,13,29,302,32,14,29,032,35,34,42,189,37,1*7C
1780395492.155,$GBGSV,1,1,02,09,38,002,31,10,63,142,35,3*71
1780395492.156,$GBGSV,3,1,10,01,42,106,,02,63,244,,03,72,138,,04,22,095,,0*75
1780395492.157,$GBGSV,3,2,10,04,22,095,,21,14,053,,24,38,154,,25,04,202,,0*71
1780395492.157,$GBGSV,3,3,10,25,04,202,,26,37,091,,0*7D
1780395492.158,$GNGLL,1339.07300,N,10029.57911,E,101812.00,A,D*74
1780395493.118,$GNRMC,101813.00,A,1339.07332,N,10029.57909,E,1.179,356.75,020626,0.53,W,R,V*55
1780395493.120,$GNVTG,356.75,T,357.28,M,1.179,N,2.184,K,D*30
1780395493.123,$GNGGA,101813.00,1339.07332,N,10029.57909,E,4,12,0.68,-1.0,M,-27.8,M,,0499*4D
1780395493.124,$GNGSA,A,3,10,18,23,24,32,29,,,,,,,1.25,0.68,1.04,1*09
1780395493.126,$GNGSA,A,3,66,88,76,81,87,,,,,,,,1.25,0.68,1.04,2*08
1780395493.127,$GNGSA,A,3,05,12,04,06,09,10,11,36,,,,,1.25,0.68,1.04,3*07
1780395493.129,$GNGSA,A,3,06,07,08,09,10,13,14,34,,,,,1.25,0.68,1.04,4*08
1780395493.131,$GPGSV,3,1,10,10,22,329,35,13,18,118,11,18,82,174,43,23,41,006,38,1*64
1780395493.133,$GPGSV,3,2,10,24,39,044,40,29,15,180,29,32,31,272,38,41,64,233,43,1*6C
1780395493.135,$GPGSV,3,3,10,42,70,217,40,50,55,115,35,1*62
1780395493.136,$GPGSV,1,1,01,29,15,180,28,5*5D
1780395493.139,$GPGSV,2,1,05,10,22,329,31,18,82,174,41,23,41,006,36,24,39,044,32,6*60
1780395493.140,$GPGSV,2,2,05,32,31,272,34,6*55
1780395493.142,$GPGSV,2,1,07,05,04,105,,12,13,119,,15,10,047,,25,18,156,,0*66
1780395493.144,$GPGSV,2,2,07,25,18,156,,27,05,291,,28,17,208,,0*52
1780395493.145,$GLGSV,2,1,06,65,23,013,17,66,28,318,37,76,27,133,34,81,25,324,32,1*77
1780395493.146,$GLGSV,2,2,06,87,23,169,34,88,67,259,42,1*70
1780395493.148,$GLGSV,2,1,06,66,28,318,36,67,04,268,17,75,21,073,17,76,27,133,34,3*74
1780395493.149,$GLGSV,2,2,06,81,25,324,32,88,67,259,42,3*7F
1780395493.149,$GLGSV,1,1,01,77,08,177,,0*41
1780395493.150,$GAGSV,2,1,08,04,35,021,36,05,23,248,25,06,54,353,37,09,58,305,29,2*7B
1780395493.152,$GAGSV,2,2,08,10,70,123,38,11,76,356,34,12,45,136,34,36,26,329,33,2*7D
1780395493.153,$GAGSV,2,1,08,04,35,021,36,05,23,248,26,06,54,353,39,09,58,305,36,7*7D
1780395493.154,$GAGSV,2,2,08,10,70,123,39,11,76,356,36,12,45,136,34,36,26,329,37,7*7F
1780395493.155,$GAGSV,1,1,04,16,08,188,,23,00,091,,28,16,036,,31,12,136,,0*7A
1780395493.156,$GBGSV,2,1,08,06,40,036,36,07,68,115,42,08,22,178,34,09,38,002,37,1*70
1780395493.157,$GBGSV,2,2,08,10,63,142,39,13,29,302,28,14,29,032,36,34,42,189,36,1*7B
1780395493.157,$GBGSV,1,1,02,09,38,002,32,10,63,142,36,3*71
1780395493.158,$GBGSV,3,1,10,01,42,106,,02,63,244,,03,72,138,,04,22,095,,0*75
1780395493.159,$GBGSV,3,2,10,04,22,095,,21,14,053,,24,38,154,,25,04,202,,0*71
1780395493.160,$GBGSV,3,3,10,25,04,202,,26,37,091,,0*7D
1780395493.160,$GNGLL,1339.07332,N,10029.57909,E,101813.00,A,D*7D
1780395494.117,$GNRMC,101814.00,A,1339.07365,N,10029.57909,E,1.202,358.79,020626,0.53,W,R,V*5D
1780395494.119,$GNVTG,358.79,T,359.32,M,1.202,N,2.227,K,D*32
1780395494.121,$GNGGA,101814.00,1339.07365,N,10029.57909,E,4,12,0.68,-1.0,M,-27.8,M,,0499*48
1780395494.123,$GNGSA,A,3,10,18,23,24,32,29,,,,,,,1.25,0.68,1.04,1*09
1780395494.124,$GNGSA,A,3,66,88,76,81,87,,,,,,,,1.25,0.68,1.04,2*08
1780395494.126,$GNGSA,A,3,05,12,04,06,09,10,11,36,,,,,1.25,0.68,1.04,3*07
1780395494.128,$GNGSA,A,3,06,07,08,09,10,13,14,34,,,,,1.25,0.68,1.04,4*08
1780395494.130,$GPGSV,3,1,10,10,22,329,33,13,18,118,11,18,82,174,42,23,41,006,38,1*63
1780395494.132,$GPGSV,3,2,10,24,39,044,38,29,15,180,30,32,31,272,36,41,64,233,41,1*67
1780395494.134,$GPGSV,3,3,10,42,70,217,41,50,55,115,35,1*63
1780395494.136,$GPGSV,2,1,06,10,22,329,29,18,82,174,42,23,41,006,36,24,39,044,32,6*69
1780395494.138,$GPGSV,2,2,06,29,15,180,26,32,31,272,30,6*60
1780395494.140,$GPGSV,2,1,07,05,04,105,,12,13,119,,15,10,047,,25,18,156,,0*66
1780395494.142,$GPGSV,2,2,07,25,18,156,,27,05,291,,28,17,208,,0*52
1780395494.145,$GLGSV,2,1,06,65,23,013,16,66,28,318,34,76,27,133,30,81,25,324,29,1*7B
1780395494.146,$GLGSV,2,2,06,87,23,169,34,88,67,259,39,1*7C
1780395494.147,$GLGSV,2,1,06,66,28,318,36,67,04,268,17,75,21,073,17,76,27,133,37,3*77
1780395494.149,$GLGSV,2,2,06,81,25,324,32,88,67,259,40,3*7D
1780395494.149,$GLGSV,1,1,01,77,08,177,,0*41
1780395494.150,$GAGSV,2,1,08,04,35,021,36,05,23,248,31,06,54,353,37,09,58,305,37,2*71
1780395494.152,$GAGSV,2,2,08,10,70,123,36,11,76,356,35,12,45,136,35,36,26,329,32,2*72
1780395494.153,$GAGSV,2,1,08,04,35,021,38,05,23,248,32,06,54,353,40,09,58,305,40,7*79
1780395494.154,$GAGSV,2,2,08,10,70,123,39,11,76,356,37,12,45,136,35,36,26,329,33,7*7B
1780395494.155,$GAGSV,1,1,04,16,08,188,,23,00,091,,28,16,036,,31,12,136,,0*7A
1780395494.156,$GBGSV,2,1,08,06,40,036,36,07,68,115,41,08,22,178,35,09,38,002,37,1*72
1780395494.157,$GBGSV,2,2,08,10,63,142,40,13,29,302,38,14,29,032,34,34,42,189,37,1*77
1780395494.157,$GBGSV,1,1,02,09,38,002,32,10,63,142,35,3*72
1780395494.158,$GBGSV,3,1,10,01,42,106,,02,63,244,,03,72,138,,04,22,095,,0*75
1780395494.159,$GBGSV,3,2,10,04,22,095,,21,14,053,,24,38,154,,25,04,202,,0*71
1780395494.159,$GBGSV,3,3,10,25,04,202,,26,37,091,,0*7D
1780395494.160,$GNGLL,1339.07365,N,10029.57909,E,101814.00,A,D*78
1780395495.118,$GNRMC,101815.00,A,1339.07399,N,10029.57910,E,1.223,2.99,020626,0.53,W,R,V*56
1780395495.120,$GNVTG,2.99,T,3.52,M,1.223,N,2.265,K,D*3F
1780395495.121,$GNGGA,101815.00,1339.07399,N,10029.57910,E,4,12,0.68,-1.0,M,-27.8,M,,0499*42
1780395495.122,$GNGSA,A,3,10,18,23,24,32,29,,,,,,,1.25,0.68,1.04,1*09
1780395495.122,$GNGSA,A,3,66,88,76,81,87,,,,,,,,1.25,0.68,1.04,2*08
1780395495.123,$GNGSA,A,3,05,12,04,06,09,10,11,36,,,,,1.25,0.68,1.04,3*07
1780395495.123,$GNGSA,A,3,06,07,08,09,10,13,14,34,,,,,1.25,0.68,1.04,4*08
1780395495.124,$GPGSV,3,1,10,10,22,329,37,13,18,118,13,18,82,174,42,23,41,006,40,1*6A
1780395495.125,$GPGSV,3,2,10,24,39,044,39,29,15,180,30,32,31,272,36,41,64,233,43,1*64
1780395495.125,$GPGSV,3,3,10,42,70,217,41,50,55,115,36,1*60
1780395495.126,$GPGSV,2,1,06,10,22,329,28,18,82,174,41,23,41,006,37,24,39,044,29,6*60
1780395495.127,$GPGSV,2,2,06,29,15,180,26,32,31,272,31,6*61
1780395495.127,$GPGSV,2,1,07,05,04,105,,12,13,119,,15,10,047,,25,18,156,,0*66
1780395495.128,$GPGSV,2,2,07,25,18,156,,27,05,291,,28,17,208,,0*52
1780395495.128,$GLGSV,2,1,06,65,23,013,16,66,28,318,34,76,27,133,34,81,25,324,38,1*7F
1780395495.129,$GLGSV,2,2,06,87,23,169,30,88,67,259,37,1*76
1780395495.130,$GLGSV,2,1,06,66,28,318,33,67,04,268,17,75,21,073,17,76,27,133,35,3*70
1780395495.131,$GLGSV,2,2,06,81,25,324,38,88,67,259,35,3*75
1780395495.131,$GLGSV,1,1,01,77,08,177,,0*41
1780395495.132,$GAGSV,2,1,08,04,35,021,35,05,23,248,28,06,54,353,37,09,58,305,36,2*7B
1780395495.132,$GAGSV,2,2,08,10,70,123,35,11,76,356,32,12,45,136,34,36,26,329,30,2*75
1780395495.133,$GAGSV,2,1,08,04,35,021,37,05,23,248,27,06,54,353,40,09,58,305,40,7*72
1780395495.134,$GAGSV,2,2,08,10,70,123,39,11,76,356,36,12,45,136,36,36,26,329,36,7*7C
1780395495.134,$GAGSV,1,1,04,16,08,188,,23,00,091,,28,16,036,,31,12,136,,0*7A
1780395495.135,$GBGSV,2,1,08,06,40,036,37,07,68,115,41,08,22,178,37,09,38,002,34,1*72
1780395495.136,$GBGSV,2,2,08,10,63,142,40,13,29,302,38,14,29,032,30,34,42,189,35,1*71
1780395495.136,$GBGSV,1,1,02,09,38,002,32,10,63,142,35,3*72
1780395495.137,$GBGSV,3,1,10,01,42,106,,02,63,244,,03,72,138,,04,22,095,,0*75
1780395495.138,$GBGSV,3,2,10,04,22,095,,21,14,053,,24,38,154,,25,04,202,,0*71
1780395495.138,$GBGSV,3,3,10,25,04,202,,26,37,091,,0*7D
1780395495.139,$GNGLL,1339.07399,N,10029.57910,E,101815.00,A,D*72
1780395496.117,$GNRMC,101816.00,A,1339.07431,N,10029.57911,E,1.179,3.87,020626,0.53,W,R,V*53
1780395496.119,$GNVTG,3.87,T,4.40,M,1.179,N,2.184,K,D*35
1780395496.120,$GNGGA,101816.00,1339.07431,N,10029.57911,E,4,12,0.68,-1.0,M,-27.8,M,,0499*45
1780395496.121,$GNGSA,A,3,10,18,23,24,32,29,,,,,,,1.25,0.68,1.04,1*09
1780395496.121,$GNGSA,A,3,66,88,76,81,87,,,,,,,,1.25,0.68,1.04,2*08
1780395496.122,$GNGSA,A,3,05,12,04,06,09,10,11,36,,,,,1.25,0.68,1.04,3*07
1780395496.123,$GNGSA,A,3,06,07,08,09,10,13,14,34,,,,,1.25,0.68,1.04,4*08
1780395496.123,$GPGSV,3,1,10,10,22,329,37,13,18,118,13,18,82,174,41,23,41,006,39,1*67
1780395496.124,$GPGSV,3,2,10,24,39,044,37,29,15,180,32,32,32,273,39,41,64,233,40,1*66
1780395496.124,$GPGSV,3,3,10,42,70,217,42,50,55,115,35,1*60
1780395496.125,$GPGSV,2,1,06,10,22,329,33,18,82,174,41,23,41,006,36,24,39,044,32,6*61
1780395496.126,$GPGSV,2,2,06,29,15,180,25,32,32,273,33,6*62
1780395496.126,$GPGSV,2,1,07,05,04,105,,12,13,119,,15,10,047,,25,18,156,,0*66
1780395496.127,$GPGSV,2,2,07,25,18,156,,27,05,291,,28,17,208,,0*52
1780395496.128,$GLGSV,2,1,06,65,23,013,17,66,28,318,34,76,27,133,33,81,25,324,38,1*79
1780395496.128,$GLGSV,2,2,06,87,23,169,34,88,67,259,38,1*7D
1780395496.129,$GLGSV,2,1,06,66,28,318,33,67,04,268,18,75,21,073,16,76,27,133,36,3*7D
1780395496.130,$GLGSV,2,2,06,81,25,324,37,88,67,259,36,3*79
1780395496.130,$GLGSV,1,1,01,77,08,177,,0*41
1780395496.131,$GAGSV,2,1,08,04,35,021,32,05,23,248,25,06,54,353,36,09,58,305,36,2*70
1780395496.131,$GAGSV,2,2,08,10,70,123,37,11,76,356,34,12,45,136,34,36,26,329,29,2*79
1780395496.132,$GAGSV,2,1,08,04,35,021,37,05,23,248,27,06,54,353,38,09,58,305,40,7*7D
1780395496.133,$GAGSV,2,2,08,10,70,123,41,11,76,356,36,12,45,136,36,36,26,329,33,7*76
1780395496.133,$GAGSV,1,1,04,16,08,188,,23,00,091,,28,16,036,,31,12,136,,0*7A
1780395496.134,$GBGSV,2,1,08,06,40,036,38,07,68,115,41,08,22,178,36,09,38,002,37,1*7F
1780395496.135,$GBGSV,2,2,08,10,63,142,38,13,29,302,39,14,29,032,31,34,42,189,39,1*72
1780395496.135,$GBGSV,1,1,02,09,38,002,32,10,63,142,35,3*72
1780395496.136,$GBGSV,3,1,10,01,42,106,,02,63,244,,03,72,138,,04,22,095,,0*75
1780395496.137,$GBGSV,3,2,10,04,22,095,,21,14,053,,24,38,154,,25,04,202,,0*71
1780395496.137,$GBGSV,3,3,10,25,04,202,,26,37,091,,0*7D
1780395496.138,$GNGLL,1339.07431,N,10029.57911,E,101816.00,A,D*75
1780395497.109,$GNRMC,101817.00,A,1339.07464,N,10029.57912,E,1.181,4.05,020626,0.53,W,R,V*5B
1780395497.111,$GNVTG,4.05,T,4.58,M,1.181,N,2.186,K,D*34
1780395497.113,$GNGGA,101817.00,1339.07464,N,10029.57912,E,4,12,0.68,-1.0,M,-27.8,M,,0499*47
1780395497.113,$GNGSA,A,3,10,18,23,24,32,29,,,,,,,1.25,0.68,1.04,1*09
1780395497.114,$GNGSA,A,3,66,88,76,81,87,,,,,,,,1.25,0.68,1.04,2*08
1780395497.114,$GNGSA,A,3,05,12,04,06,09,10,11,36,,,,,1.25,0.68,1.04,3*07
1780395497.115,$GNGSA,A,3,06,07,08,09,10,13,14,34,,,,,1.25,0.68,1.04,4*08
1780395497.115,$GPGSV,3,1,10,10,22,329,37,13,18,118,14,18,82,174,43,23,41,006,39,1*62
1780395497.116,$GPGSV,3,2,10,24,39,044,37,29,15,180,32,32,32,273,41,41,64,233,38,1*66
1780395497.116,$GPGSV,3,3,10,42,70,217,39,50,55,115,38,1*61
1780395497.117,$GPGSV,2,1,06,10,22,329,33,18,82,174,41,23,41,006,36,24,39,044,33,6*60
1780395497.117,$GPGSV,2,2,06,29,15,180,25,32,32,273,34,6*65
1780395497.118,$GPGSV,2,1,07,05,04,105,,12,13,119,,15,10,047,,25,18,156,,0*66
1780395497.118,$GPGSV,2,2,07,25,18,156,,27,05,291,,28,17,208,,0*52
1780395497.119,$GLGSV,2,1,06,65,23,013,15,66,28,318,37,76,27,133,30,81,25,324,39,1*7A
1780395497.119,$GLGSV,2,2,06,87,23,169,31,88,67,259,42,1*75
1780395497.120,$GLGSV,2,1,06,66,28,318,32,67,04,268,18,75,21,073,14,76,27,133,34,3*7C
1780395497.120,$GLGSV,2,2,06,81,25,324,39,88,67,259,42,3*74
1780395497.121,$GLGSV,1,1,01,77,08,177,,0*41
1780395497.121,$GAGSV,2,1,08,04,35,021,31,05,23,248,30,06,54,353,38,09,58,305,36,2*79
1780395497.122,$GAGSV,2,2,08,10,70,123,38,11,76,356,35,12,45,136,34,36,26,329,30,2*7F
1780395497.122,$GAGSV,2,1,08,04,35,021,37,05,23,248,32,06,54,353,39,09,58,305,39,7*76
1780395497.123,$GAGSV,2,2,08,10,70,123,41,11,76,356,36,12,45,136,37,36,26,329,32,7*76
1780395497.123,$GAGSV,1,1,04,16,08,188,,23,00,091,,28,16,036,,31,12,136,,0*7A
1780395497.124,$GBGSV,2,1,08,06,40,036,40,07,68,115,41,08,22,178,36,09,38,002,35,1*72
1780395497.125,$GBGSV,2,2,08,10,63,142,40,13,29,302,40,14,29,032,24,34,42,189,39,1*77
1780395497.125,$GBGSV,1,1,02,09,38,002,33,10,63,142,35,3*73
1780395497.125,$GBGSV,3,1,10,01,42,106,,02,63,244,,03,72,138,,04,22,095,,0*75
1780395497.126,$GBGSV,3,2,10,04,22,095,,21,14,053,,24,38,154,,25,04,202,,0*71
1780395497.126,$GBGSV,3,3,10,25,04,202,,26,37,091,,0*7D
1780395497.127,$GNGLL,1339.07464,N,10029.57912,E,101817.00,A,D*77
1780395498.123,$GNRMC,101818.00,A,1339.07495,N,10029.57916,E,1.101,3.70,020626,0.53,W,R,V*53
1780395498.125,$GNVTG,3.70,T,4.23,M,1.101,N,2.039,K,D*30
1780395498.127,$GNGGA,101818.00,1339.07495,N,10029.57916,E,4,12,0.68,-1.0,M,-27.8,M,,0499*42
1780395498.128,$GNGSA,A,3,10,18,23,24,32,29,,,,,,,1.25,0.68,1.04,1*09
1780395498.128,$GNGSA,A,3,66,88,76,81,87,,,,,,,,1.25,0.68,1.04,2*08
1780395498.129,$GNGSA,A,3,05,12,04,06,09,10,11,36,,,,,1.25,0.68,1.04,3*07
1780395498.129,$GNGSA,A,3,06,07,08,09,10,13,14,34,,,,,1.25,0.68,1.04,4*08
1780395498.130,$GPGSV,3,1,10,10,22,329,33,13,18,118,13,18,82,174,42,23,41,006,42,1*6C
1780395498.130,$GPGSV,3,2,10,24,39,044,38,29,15,180,33,32,32,273,40,41,64,233,39,1*68
1780395498.131,$GPGSV,3,3,10,42,70,217,40,50,55,115,35,1*62
1780395498.132,$GPGSV,2,1,06,10,22,329,33,18,82,174,42,23,41,006,37,24,39,044,34,6*65
1780395498.132,$GPGSV,2,2,06,29,15,180,26,32,32,273,34,6*66
1780395498.133,$GPGSV,2,1,07,05,04,105,,12,13,119,,15,10,047,,25,18,156,,0*66
1780395498.133,$GPGSV,2,2,07,25,18,156,,27,05,291,,28,17,208,,0*52
1780395498.134,$GLGSV,2,1,06,65,23,013,13,66,28,318,37,76,27,133,31,81,25,324,31,1*75
1780395498.135,$GLGSV,2,2,06,87,23,169,32,88,67,259,40,1*74
1780395498.136,$GLGSV,2,1,06,66,28,318,32,67,04,268,18,75,21,073,16,76,27,133,33,3*79
1780395498.136,$GLGSV,2,2,06,81,25,324,39,88,67,259,39,3*78
1780395498.137,$GLGSV,1,1,01,77,08,177,,0*41
1780395498.137,$GAGSV,2,1,08,04,35,021,32,05,23,248,29,06,54,353,36,09,58,305,33,2*79
1780395498.138,$GAGSV,2,2,08,10,70,123,39,11,76,356,35,12,45,136,33,36,26,329,30,2*79
1780395498.139,$GAGSV,2,1,08,04,35,021,37,05,23,248,29,06,54,353,40,09,58,305,37,7*7C
1780395498.140,$GAGSV,2,2,08,10,70,123,39,11,76,356,37,12,45,136,35,36,26,329,36,7*7E
1780395498.140,$GAGSV,1,1,04,16,08,188,,23,00,091,,28,16,036,,31,12,136,,0*7A
1780395498.141,$GBGSV,2,1,08,06,40,036,38,07,68,115,41,08,22,178,37,09,38,002,34,1*7D
1780395498.142,$GBGSV,2,2,08,10,63,142,42,13,29,302,39,14,29,032,22,34,42,189,40,1*73
1780395498.142,$GBGSV,1,1,02,09,38,002,32,10,63,142,35,3*72
1780395498.143,$GBGSV,3,1,10,01,42,106,,02,63,244,,03,72,138,,04,22,095,,0*75
1780395498.143,$GBGSV,3,2,10,04,22,095,,21,14,053,,24,38,154,,25,04,202,,0*71
1780395498.144,$GBGSV,3,3,10,25,04,202,,26,37,091,,0*7D
1780395498.145,$GNGLL,1339.07495,N,10029.57916,E,101818.00,A,D*72
1780395499.122,$GNRMC,101819.00,A,1339.07526,N,10029.57918,E,1.126,4.58,020626,0.53,W,R,V*5D
1780395499.124,$GNVTG,4.58,T,5.11,M,1.126,N,2.084,K,D*3E
1780395499.125,$GNGGA,101819.00,1339.07526,N,10029.57918,E,4,12,0.68,-1.1,M,-27.8,M,,0499*45
1780395499.126,$GNGSA,A,3,10,18,23,24,32,29,,,,,,,1.25,0.68,1.04,1*09
1780395499.126,$GNGSA,A,3,66,88,76,81,87,,,,,,,,1.25,0.68,1.04,2*08
1780395499.127,$GNGSA,A,3,05,12,04,06,09,10,11,36,,,,,1.25,0.68,1.04,3*07
1780395499.128,$GNGSA,A,3,06,07,08,09,10,13,14,34,,,,,1.25,0.68,1.04,4*08
1780395499.128,$GPGSV,3,1,10,10,22,329,28,13,18,118,13,18,82,174,42,23,41,006,40,1*64
1780395499.129,$GPGSV,3,2,10,24,39,044,40,29,15,180,32,32,32,273,40,41,64,233,42,1*6A
1780395499.130,$GPGSV,3,3,10,42,70,217,40,50,55,115,37,1*60
1780395499.131,$GPGSV,2,1,06,10,22,329,34,18,82,174,41,23,41,006,36,24,39,044,36,6*62
1780395499.131,$GPGSV,2,2,06,29,15,180,26,32,32,273,34,6*66
1780395499.132,$GPGSV,2,1,07,05,04,105,,12,13,119,,15,10,047,,25,18,156,,0*66
1780395499.133,$GPGSV,2,2,07,25,18,156,,27,05,291,,28,17,208,,0*52
1780395499.134,$GLGSV,2,1,06,65,23,013,12,66,28,318,37,76,27,133,31,81,25,324,36,1*73
1780395499.134,$GLGSV,2,2,06,87,23,169,33,88,67,259,42,1*77
1780395499.135,$GLGSV,2,1,06,66,28,318,32,67,04,268,18,75,21,073,18,76,27,133,36,3*72
1780395499.136,$GLGSV,2,2,06,81,25,324,34,88,67,259,41,3*7A
1780395499.136,$GLGSV,1,1,01,77,08,177,,0*41
1780395499.137,$GAGSV,2,1,08,04,35,021,33,05,23,248,28,06,54,353,36,09,58,305,29,2*72
1780395499.138,$GAGSV,2,2,08,10,70,123,39,11,76,356,35,12,45,136,33,36,26,329,30,2*79
1780395499.139,$GAGSV,2,1,08,04,35,021,37,05,23,248,31,06,54,353,38,09,58,305,35,7*78
1780395499.140,$GAGSV,2,2,08,10,70,123,39,11,76,356,37,12,45,136,35,36,26,329,35,7*7D
1780395499.141,$GAGSV,1,1,04,16,08,188,,23,00,091,,28,16,036,,31,12,136,,0*7A
1780395499.141,$GBGSV,2,1,08,06,40,036,38,07,68,115,41,08,22,178,36,09,38,002,36,1*7E
1780395499.142,$GBGSV,2,2,08,10,63,142,41,13,29,302,39,14,29,032,23,34,42,189,39,1*7F
1780395499.143,$GBGSV,1,1,02,09,38,002,32,10,63,142,37,3*70
1780395499.144,$GBGSV,3,1,10,01,42,106,,02,63,244,,03,72,138,,04,22,095,,0*75
1780395499.144,$GBGSV,3,2,10,04,22,095,,21,14,053,,24,38,154,,25,04,202,,0*71
1780395499.145,$GBGSV,3,3,10,25,04,202,,26,37,091,,0*7D
1780395499.145,$GNGLL,1339.07526,N,10029.57918,E,101819.00,A,D*74
1780395500.122,$GNRMC,101820.00,A,1339.07558,N,10029.57921,E,1.092,6.14,020626,0.53,W,R,V*50
1780395500.125,$GNVTG,6.14,T,6.67,M,1.092,N,2.023,K,D*35
1780395500.125,$GNGGA,101820.00,1339.07558,N,10029.57921,E,4,12,0.68,-1.1,M,-27.8,M,,0499*4C
1780395500.126,$GNGSA,A,3,10,18,23,24,32,29,,,,,,,1.25,0.68,1.04,1*09
1780395500.127,$GNGSA,A,3,66,88,76,81,87,,,,,,,,1.25,0.68,1.04,2*08
1780395500.127,$GNGSA,A,3,05,12,04,06,09,10,11,36,,,,,1.25,0.68,1.04,3*07
1780395500.128,$GNGSA,A,3,06,07,08,09,10,13,14,34,,,,,1.25,0.68,1.04,4*08
1780395500.129,$GPGSV,3,1,10,10,22,329,38,13,18,118,14,18,82,174,42,23,41,006,39,1*6C
1780395500.130,$GPGSV,3,2,10,24,39,044,37,29,15,180,32,32,32,273,37,41,64,233,42,1*6A
1780395500.130,$GPGSV,3,3,10,42,70,217,42,50,55,115,39,1*6C
1780395500.131,$GPGSV,2,1,06,10,22,329,30,18,82,174,42,23,41,006,36,24,39,044,31,6*62
1780395500.132,$GPGSV,2,2,06,29,15,180,26,32,32,273,35,6*67
1780395500.132,$GPGSV,2,1,07,05,04,105,,12,13,119,,15,10,047,,25,18,156,,0*66
1780395500.133,$GPGSV,2,2,07,25,18,156,,27,05,291,,28,17,208,,0*52
1780395500.134,$GLGSV,2,1,06,65,23,013,10,66,28,318,39,76,27,133,31,81,25,324,39,1*70
1780395500.134,$GLGSV,2,2,06,87,23,169,33,88,67,259,42,1*77
1780395500.135,$GLGSV,2,1,06,66,28,318,35,67,04,268,17,75,21,073,18,76,27,133,33,3*7F
1780395500.135,$GLGSV,2,2,06,81,25,324,37,88,67,259,41,3*79
1780395500.136,$GLGSV,1,1,01,77,08,177,,0*41
1780395500.137,$GAGSV,2,1,08,04,35,021,35,05,23,248,28,06,54,353,39,09,58,305,30,2*73
1780395500.138,$GAGSV,2,2,08,10,70,123,40,11,76,356,35,12,45,136,33,36,26,329,32,2*75
1780395500.138,$GAGSV,2,1,08,04,35,021,39,05,23,248,35,06,54,353,40,09,58,305,32,7*7A
1780395500.139,$GAGSV,2,2,08,10,70,123,39,11,76,356,37,12,45,136,35,36,26,329,33,7*7B
1780395500.140,$GAGSV,1,1,04,16,08,188,,23,00,091,,28,16,036,,31,12,136,,0*7A
1780395500.140,$GBGSV,2,1,08,06,40,036,38,07,68,115,42,08,22,178,34,09,38,002,38,1*71
1780395500.141,$GBGSV,2,2,08,10,63,142,40,13,29,302,39,14,29,032,25,34,42,189,38,1*79
1780395500.142,$GBGSV,1,1,02,09,38,002,33,10,63,142,37,3*71
1780395500.142,$GBGSV,3,1,10,01,42,106,,02,63,244,,03,72,138,,04,22,095,,0*75
1780395500.143,$GBGSV,3,2,10,04,22,095,,21,14,053,,24,38,154,,25,04,202,,0*71
1780395500.143,$GBGSV,3,3,10,25,04,202,,26,37,091,,0*7D
1780395500.144,$GNGLL,1339.07558,N,10029.57921,E,101820.00,A,D*7D
1780395501.123,$GNRMC,101821.00,A,1339.07587,N,10029.57923,E,1.043,5.29,020626,0.53,W,R,V*50
1780395501.123,$GNVTG,5.29,T,5.82,M,1.043,N,1.931,K,D*35
1780395501.124,$GNGGA,101821.00,1339.07587,N,10029.57923,E,4,12,0.68,-1.1,M,-27.8,M,,0499*4D
1780395501.125,$GNGSA,A,3,10,18,23,24,32,29,,,,,,,1.25,0.68,1.04,1*09
1780395501.125,$GNGSA,A,3,66,88,76,81,87,,,,,,,,1.25,0.68,1.04,2*08
1780395501.126,$GNGSA,A,3,05,12,04,06,09,10,11,36,,,,,1.25,0.68,1.04,3*07
1780395501.127,$GNGSA,A,3,06,07,08,09,10,13,14,34,,,,,1.25,0.68,1.04,4*08
1780395501.127,$GPGSV,3,1,10,10,22,329,38,13,18,118,13,18,82,174,42,23,41,006,39,1*6B
1780395501.128,$GPGSV,3,2,10,24,39,044,37,29,15,180,32,32,32,273,41,41,64,233,40,1*69
1780395501.129,$GPGSV,3,3,10,42,70,217,39,50,55,115,38,1*61
1780395501.130,$GPGSV,2,1,06,10,22,329,31,18,82,174,41,23,41,006,37,24,39,044,33,6*63
1780395501.131,$GPGSV,2,2,06,29,15,180,25,32,32,273,34,6*65
1780395501.132,$GPGSV,2,1,07,05,04,105,,12,13,119,,15,10,047,,25,18,156,,0*66
1780395501.132,$GPGSV,2,2,07,25,18,156,,27,05,291,,28,17,208,,0*52
1780395501.133,$GLGSV,2,1,06,65,23,013,09,66,28,318,37,76,27,133,33,81,25,324,38,1*75
1780395501.134,$GLGSV,2,2,06,87,23,169,36,88,67,259,40,1*70
1780395501.135,$GLGSV,2,1,06,66,28,318,36,67,04,268,17,75,21,073,18,76,27,133,35,3*7A
1780395501.136,$GLGSV,2,2,06,81,25,324,38,88,67,259,41,3*76
1780395501.137,$GLGSV,1,1,01,77,08,177,,0*41
1780395501.138,$GAGSV,2,1,08,04,35,021,38,05,23,248,29,06,54,353,39,09,58,305,30,2*7F
1780395501.139,$GAGSV,2,2,08,10,70,123,39,11,76,356,35,12,45,136,33,36,26,329,31,2*78
1780395501.140,$GAGSV,2,1,08,04,35,021,38,05,23,248,32,06,54,353,40,09,58,305,32,7*7C
1780395501.141,$GAGSV,2,2,08,10,70,123,39,11,76,356,37,12,45,136,36,36,26,329,34,7*7F
1780395501.142,$GAGSV,1,1,04,16,08,188,,23,00,091,,28,16,036,,31,12,136,,0*7A
1780395501.143,$GBGSV,2,1,08,06,40,036,39,07,68,115,42,08,22,178,37,09,38,002,36,1*7D
1780395501.144,$GBGSV,2,2,08,10,63,142,39,13,29,302,41,14,29,032,25,34,42,189,38,1*78
1780395501.144,$GBGSV,1,1,02,09,38,002,33,10,63,142,34,3*72
1780395501.145,$GBGSV,3,1,10,01,42,106,,02,63,244,,03,72,138,,04,22,095,,0*75
1780395501.146,$GBGSV,3,2,10,04,22,095,,21,14,053,,24,38,154,,25,04,202,,0*71
1780395501.147,$GBGSV,3,3,10,25,04,202,,26,37,091,,0*7D
1780395501.148,$GNGLL,1339.07587,N,10029.57923,E,101821.00,A,D*7C
1780395502.120,$GNRMC,101822.00,A,1339.07616,N,10029.57926,E,1.109,4.50,020626,0.53,W,R,V*5D
1780395502.122,$GNVTG,4.50,T,5.03,M,1.109,N,2.053,K,D*32
1780395502.124,$GNGGA,101822.00,1339.07616,N,10029.57926,E,4,12,0.68,-1.1,M,-27.8,M,,0499*40
1780395502.124,$GNGSA,A,3,10,18,23,24,32,29,,,,,,,1.25,0.68,1.04,1*09
1780395502.125,$GNGSA,A,3,66,88,76,81,87,,,,,,,,1.25,0.68,1.04,2*08
1780395502.125,$GNGSA,A,3,05,12,04,06,09,10,11,36,,,,,1.25,0.68,1.04,3*07
1780395502.126,$GNGSA,A,3,06,07,08,09,10,13,14,34,,,,,1.25,0.68,1.04,4*08
1780395502.126,$GPGSV,3,1,10,10,22,329,32,13,18,118,12,18,82,174,42,23,41,006,39,1*60
1780395502.127,$GPGSV,3,2,10,24,39,044,37,29,15,180,31,32,32,273,38,41,64,233,41,1*65
1780395502.127,$GPGSV,3,3,10,42,70,217,40,50,55,115,36,1*61
1780395502.128,$GPGSV,2,1,06,10,22,329,33,18,82,174,41,23,41,006,36,24,39,044,32,6*61
1780395502.129,$GPGSV,2,2,06,29,15,180,25,32,32,273,34,6*65
1780395502.129,$GPGSV,2,1,07,05,04,105,,12,13,119,,15,10,047,,25,18,156,,0*66
1780395502.130,$GPGSV,2,2,07,25,18,156,,27,05,291,,28,17,208,,0*52
1780395502.130,$GLGSV,2,1,06,65,23,013,11,66,28,318,36,76,27,133,33,81,25,324,34,1*71
1780395502.131,$GLGSV,2,2,06,87,23,169,36,88,67,259,41,1*71
1780395502.132,$GLGSV,2,1,06,66,28,318,30,67,04,268,16,75,21,073,19,76,27,133,35,3*7C
1780395502.132,$GLGSV,2,2,06,81,25,324,39,88,67,259,41,3*77
1780395502.133,$GLGSV,1,1,01,77,08,177,,0*41
1780395502.134,$GAGSV,2,1,08,04,35,021,36,05,23,248,30,06,54,353,37,09,58,305,34,2*73
1780395502.134,$GAGSV,2,2,08,10,70,123,38,11,76,356,35,12,45,136,33,36,26,329,32,2*7A
1780395502.135,$GAGSV,2,1,08,04,35,021,37,05,23,248,32,06,54,353,38,09,58,305,35,7*7B
1780395502.136,$GAGSV,2,2,08,10,70,123,40,11,76,356,37,12,45,136,35,36,26,329,34,7*72
1780395502.136,$GAGSV,1,1,04,16,08,188,,23,00,091,,28,16,036,,31,12,136,,0*7A
1780395502.137,$GBGSV,2,1,08,06,40,036,40,07,68,115,41,08,22,178,36,09,38,002,37,1*70
1780395502.138,$GBGSV,2,2,08,10,63,142,40,13,29,302,40,14,29,032,25,34,42,189,39,1*76
1780395502.138,$GBGSV,1,1,02,09,38,002,33,10,63,142,35,3*73
1780395502.139,$GBGSV,3,1,10,01,42,106,,02,63,244,,03,72,138,,04,22,095,,0*75
1780395502.139,$GBGSV,3,2,10,04,22,095,,21,14,053,,24,38,154,,25,04,202,,0*71
1780395502.140,$GBGSV,3,3,10,25,04,202,,26,37,091,,0*7D
1780395502.140,$GNGLL,1339.07616,N,10029.57926,E,101822.00,A,D*71
1780395503.122,$GNRMC,101823.00,A,1339.07646,N,10029.57927,E,1.105,3.20,020626,0.53,W,R,V*54
1780395503.124,$GNVTG,3.20,T,3.73,M,1.105,N,2.047,K,D*3A
1780395503.125,$GNGGA,101823.00,1339.07646,N,10029.57927,E,4,12,0.68,-1.0,M,-27.8,M,,0499*44
1780395503.126,$GNGSA,A,3,10,18,23,24,32,29,,,,,,,1.25,0.68,1.04,1*09
1780395503.126,$GNGSA,A,3,66,75,88,76,81,87,,,,,,,1.25,0.68,1.04,2*0A
1780395503.127,$GNGSA,A,3,05,12,04,06,09,10,11,36,,,,,1.25,0.68,1.04,3*07
1780395503.127,$GNGSA,A,3,06,07,08,09,10,13,14,34,,,,,1.25,0.68,1.04,4*08
1780395503.128,$GPGSV,3,1,10,10,22,329,36,13,18,118,12,18,82,174,41,23,41,006,39,1*67
1780395503.129,$GPGSV,3,2,10,24,39,044,37,29,15,180,31,32,32,273,37,41,64,233,41,1*6A
1780395503.129,$GPGSV,3,3,10,42,70,217,42,50,55,115,36,1*63
1780395503.130,$GPGSV,2,1,06,10,22,329,33,18,82,174,41,23,41,006,36,24,39,044,31,6*62
1780395503.130,$GPGSV,2,2,06,29,15,180,26,32,32,273,31,6*63
1780395503.131,$GPGSV,2,1,07,05,04,105,,12,13,119,,15,10,047,,25,18,156,,0*66
1780395503.132,$GPGSV,2,2,07,25,18,156,,27,05,291,,28,17,208,,0*52
1780395503.132,$GLGSV,2,1,06,65,23,013,12,66,28,318,38,76,27,133,33,81,25,324,38,1*70
1780395503.133,$GLGSV,2,2,06,87,23,169,34,88,67,259,40,1*72
1780395503.134,$GLGSV,2,1,06,66,28,318,34,67,04,268,17,75,21,073,20,76,27,133,33,3*75
1780395503.134,$GLGSV,2,2,06,81,25,324,31,88,67,259,40,3*7E
1780395503.135,$GLGSV,1,1,01,77,08,177,,0*41
1780395503.135,$GAGSV,2,1,08,04,35,021,35,05,23,248,31,06,54,353,37,09,58,305,33,2*76
1780395503.136,$GAGSV,2,2,08,10,70,123,38,11,76,356,35,12,45,136,32,36,26,329,34,2*7D
1780395503.137,$GAGSV,2,1,08,04,35,021,37,05,23,248,30,06,54,353,38,09,58,305,34,7*78
1780395503.138,$GAGSV,2,2,08,10,70,123,40,11,76,356,37,12,45,136,34,36,26,329,35,7*72
1780395503.139,$GAGSV,1,1,04,16,08,188,,23,00,091,,28,16,036,,31,12,136,,0*7A
1780395503.139,$GBGSV,2,1,08,06,40,036,39,07,68,115,41,08,22,178,37,09,38,002,36,1*7E
1780395503.140,$GBGSV,2,2,08,10,63,142,41,13,29,302,37,14,29,032,26,34,42,189,39,1*74
1780395503.140,$GBGSV,1,1,02,09,38,002,33,10,63,142,36,3*70
1780395503.141,$GBGSV,3,1,10,01,42,106,,02,63,244,,03,72,138,,04,22,095,,0*75
1780395503.142,$GBGSV,3,2,10,04,22,095,,21,14,053,,24,38,154,,25,04,202,,0*71
1780395503.142,$GBGSV,3,3,10,25,04,202,,26,37,091,,0*7D
1780395503.143,$GNGLL,1339.07646,N,10029.57927,E,101823.00,A,D*74
1780395504.124,$GNRMC,101824.00,A,1339.07679,N,10029.57928,E,1.163,0.53,020626,0.53,W,R,V*57
1780395504.126,$GNVTG,0.53,T,1.06,M,1.163,N,2.155,K,D*3F
1780395504.127,$GNGGA,101824.00,1339.07679,N,10029.57928,E,4,12,0.68,-1.0,M,-27.8,M,,0499*40
1780395504.127,$GNGSA,A,3,10,18,23,24,32,29,,,,,,,1.25,0.68,1.04,1*09
1780395504.128,$GNGSA,A,3,66,88,76,81,87,,,,,,,,1.25,0.68,1.04,2*08
1780395504.128,$GNGSA,A,3,05,12,04,06,09,10,11,36,,,,,1.25,0.68,1.04,3*07
1780395504.129,$GNGSA,A,3,06,07,08,09,10,13,14,34,,,,,1.25,0.68,1.04,4*08
1780395504.130,$GPGSV,3,1,10,10,22,329,34,13,18,118,12,18,82,174,42,23,41,006,38,1*67
1780395504.130,$GPGSV,3,2,10,24,39,044,39,29,15,180,32,32,32,273,40,41,64,233,43,1*65
1780395504.131,$GPGSV,3,3,10,42,70,217,41,50,55,115,36,1*60
1780395504.132,$GPGSV,2,1,06,10,22,329,32,18,82,174,41,23,41,006,33,24,39,044,33,6*64
1780395504.132,$GPGSV,2,2,06,29,15,180,26,32,32,273,34,6*66
1780395504.133,$GPGSV,2,1,07,05,04,105,,12,13,119,,15,10,047,,25,18,156,,0*66
1780395504.134,$GPGSV,2,2,07,25,18,156,,27,05,291,,28,17,208,,0*52
1780395504.134,$GLGSV,2,1,06,65,23,013,14,66,28,318,36,76,27,133,32,81,25,324,37,1*76
1780395504.135,$GLGSV,2,2,06,87,23,169,34,88,67,259,40,1*72
1780395504.135,$GLGSV,2,1,06,66,28,318,38,67,04,268,17,75,21,073,19,76,27,133,27,3*76
1780395504.136,$GLGSV,2,2,06,81,25,324,34,88,67,259,42,3*79
1780395504.137,$GLGSV,1,1,01,77,08,177,,0*41
1780395504.137,$GAGSV,2,1,08,04,35,021,33,05,23,248,30,06,54,353,37,09,58,305,32,2*70
1780395504.138,$GAGSV,2,2,08,10,70,123,38,11,76,356,35,12,45,136,32,36,26,329,33,2*7A
1780395504.139,$GAGSV,2,1,08,04,35,021,33,05,23,248,33,06,54,353,38,09,58,305,33,7*78
1780395504.140,$GAGSV,2,2,08,10,70,123,40,11,76,356,37,12,45,136,35,36,26,329,36,7*70
1780395504.141,$GAGSV,1,1,04,16,08,188,,23,00,091,,28,16,036,,31,12,136,,0*7A
1780395504.141,$GBGSV,2,1,08,06,40,036,40,07,68,115,41,08,22,178,37,09,38,002,35,1*73
1780395504.142,$GBGSV,2,2,08,10,63,142,41,13,29,302,34,14,29,032,25,34,42,189,41,1*7B
1780395504.143,$GBGSV,1,1,02,09,38,002,33,10,63,142,36,3*70
1780395504.143,$GBGSV,3,1,10,01,42,106,,02,63,244,,03,72,138,,04,22,095,,0*75
1780395504.144,$GBGSV,3,2,10,04,22,095,,21,14,053,,24,38,154,,25,04,202,,0*71
1780395504.144,$GBGSV,3,3,10,25,04,202,,26,37,091,,0*7D
1780395504.145,$GNGLL,1339.07679,N,10029.57928,E,101824.00,A,D*70
1780395505.116,$GNRMC,101825.00,A,1339.07711,N,10029.57929,E,1.092,1.15,020626,0.53,W,R,V*54
1780395505.119,$GNVTG,1.15,T,1.68,M,1.092,N,2.023,K,D*3B
1780395505.120,$GNGGA,101825.00,1339.07711,N,10029.57929,E,4,12,0.68,-1.0,M,-27.8,M,,0499*4F
1780395505.120,$GNGSA,A,3,10,18,23,24,32,29,,,,,,,1.25,0.68,1.04,1*09
1780395505.121,$GNGSA,A,3,66,88,76,81,87,,,,,,,,1.25,0.68,1.04,2*08
1780395505.121,$GNGSA,A,3,05,12,04,06,09,10,11,36,,,,,1.25,0.68,1.04,3*07
1780395505.122,$GNGSA,A,3,06,07,08,09,10,13,14,34,,,,,1.25,0.68,1.04,4*08
1780395505.122,$GPGSV,3,1,10,10,22,329,34,13,18,118,15,18,82,174,42,23,41,006,38,1*60
1780395505.123,$GPGSV,3,2,10,24,39,044,38,29,15,180,33,32,32,273,38,41,64,233,42,1*6B
1780395505.124,$GPGSV,3,3,10,42,70,217,41,50,55,115,36,1*60
1780395505.124,$GPGSV,2,1,06,10,22,329,25,18,82,174,41,23,41,006,33,24,39,044,34,6*65
1780395505.125,$GPGSV,2,2,06,29,15,180,26,32,32,273,34,6*66
1780395505.126,$GPGSV,2,1,07,05,04,105,,12,13,119,,15,10,047,,25,18,156,,0*66
1780395505.126,$GPGSV,2,2,07,25,18,156,,27,05,291,,28,17,208,,0*52
1780395505.127,$GLGSV,2,1,06,65,23,013,15,66,28,318,38,76,27,133,31,81,25,324,39,1*74
1780395505.127,$GLGSV,2,2,06,87,23,169,35,88,67,259,41,1*72
1780395505.128,$GLGSV,2,1,06,66,28,318,32,67,04,268,16,75,21,073,19,76,27,133,24,3*7E
1780395505.128,$GLGSV,2,2,06,81,25,324,37,88,67,259,41,3*79
1780395505.129,$GLGSV,1,1,01,77,08,177,,0*41
1780395505.129,$GAGSV,2,1,08,04,35,021,33,05,23,248,29,06,54,353,38,09,58,305,32,2*77
1780395505.130,$GAGSV,2,2,08,10,70,123,39,11,76,356,35,12,45,136,31,36,26,329,31,2*7A
1780395505.131,$GAGSV,2,1,08,04,35,021,34,05,23,248,32,06,54,353,39,09,58,305,37,7*7B
1780395505.132,$GAGSV,2,2,08,10,70,123,40,11,76,356,37,12,45,136,35,36,26,329,35,7*73
1780395505.132,$GAGSV,1,1,04,16,08,188,,23,00,091,,28,16,036,,31,12,136,,0*7A
1780395505.133,$GBGSV,2,1,08,06,40,036,39,07,68,115,41,08,22,178,37,09,38,002,31,1*79
1780395505.134,$GBGSV,2,2,08,10,63,142,41,13,29,302,34,14,29,032,23,34,42,189,41,1*7D
1780395505.134,$GBGSV,1,1,02,09,38,002,34,10,63,142,37,3*76
1780395505.135,$GBGSV,3,1,10,01,42,106,,02,63,244,,03,72,138,,04,22,095,,0*75
1780395505.136,$GBGSV,3,2,10,04,22,095,,21,14,053,,24,38,154,,25,04,202,,0*71
1780395505.136,$GBGSV,3,3,10,25,04,202,,26,37,091,,0*7D
1780395505.137,$GNGLL,1339.07711,N,10029.57929,E,101825.00,A,D*7F
1780395506.106,$GNRMC,101826.00,A,1339.07744,N,10029.57930,E,1.190,358.70,020626,0.53,W,R,V*50
1780395506.108,$GNVTG,358.70,T,359.23,M,1.190,N,2.205,K,D*33
1780395506.110,$GNGGA,101826.00,1339.07744,N,10029.57930,E,4,12,0.68,-1.0,M,-27.8,M,,0499*44
1780395506.110,$GNGSA,A,3,10,18,23,24,32,29,,,,,,,1.25,0.68,1.04,1*09
1780395506.111,$GNGSA,A,3,66,88,76,81,87,,,,,,,,1.25,0.68,1.04,2*08
1780395506.112,$GNGSA,A,3,05,12,04,06,09,10,11,36,,,,,1.25,0.68,1.04,3*07
1780395506.112,$GNGSA,A,3,06,07,08,09,10,13,14,34,,,,,1.25,0.68,1.04,4*08
1780395506.113,$GPGSV,3,1,10,10,22,329,32,13,18,118,14,18,82,174,41,23,41,006,38,1*64
1780395506.114,$GPGSV,3,2,10,24,39,044,40,29,15,180,34,32,32,273,35,41,64,233,41,1*6D
1780395506.114,$GPGSV,3,3,10,42,70,217,41,50,55,115,36,1*60
1780395506.115,$GPGSV,2,1,06,10,22,329,25,18,82,174,41,23,41,006,34,24,39,044,35,6*63
1780395506.115,$GPGSV,2,2,06,29,15,180,26,32,32,273,31,6*63
1780395506.116,$GPGSV,2,1,07,05,04,105,,12,13,119,,15,10,047,,25,18,156,,0*66
1780395506.117,$GPGSV,2,2,07,25,18,156,,27,05,291,,28,17,208,,0*52
1780395506.117,$GLGSV,2,1,06,65,23,013,15,66,28,318,38,76,27,133,25,81,25,324,36,1*7E
1780395506.118,$GLGSV,2,2,06,87,23,169,34,88,67,259,41,1*73
1780395506.119,$GLGSV,2,1,06,66,28,318,40,67,04,268,18,75,21,073,19,76,27,133,24,3*75
1780395506.120,$GLGSV,2,2,06,81,25,324,33,88,67,259,41,3*7D
1780395506.121,$GLGSV,1,1,01,77,08,177,,0*41
1780395506.122,$GAGSV,2,1,08,04,35,021,34,05,23,248,29,06,54,353,37,09,58,305,36,2*7B
1780395506.123,$GAGSV,2,2,08,10,70,123,39,11,76,356,35,12,45,136,32,36,26,329,32,2*7A
1780395506.124,$GAGSV,2,1,08,04,35,021,33,05,23,248,33,06,54,353,39,09,58,305,37,7*7D
1780395506.124,$GAGSV,2,2,08,10,70,123,39,11,76,356,37,12,45,136,35,36,26,329,31,7*79
1780395506.125,$GAGSV,1,1,04,16,08,188,,23,00,091,,28,16,036,,31,12,136,,0*7A
1780395506.126,$GBGSV,2,1,08,06,40,036,38,07,68,115,41,08,22,178,37,09,38,002,35,1*7C
1780395506.127,$GBGSV,2,2,08,10,63,142,40,13,29,302,34,14,29,032,21,34,42,189,41,1*7E
1780395506.127,$GBGSV,1,1,02,09,38,002,34,10,63,142,37,3*76
1780395506.128,$GBGSV,3,1,10,01,42,106,,02,63,244,,03,72,138,,04,22,095,,0*75
1780395506.129,$GBGSV,3,2,10,04,22,095,,21,14,053,,24,38,154,,25,04,202,,0*71
1780395506.129,$GBGSV,3,3,10,25,04,202,,26,37,091,,0*7D
1780395506.130,$GNGLL,1339.07744,N,10029.57930,E,101826.00,A,D*74
1780395507.115,$GNRMC,101827.00,A,1339.07778,N,10029.57929,E,1.167,359.17,020626,0.53,W,R,V*5E
1780395507.117,$GNVTG,359.17,T,359.70,M,1.167,N,2.161,K,D*3C
1780395507.119,$GNGGA,101827.00,1339.07778,N,10029.57929,E,4,12,0.68,-1.1,M,-27.8,M,,0499*43
1780395507.119,$GNGSA,A,3,10,18,23,24,32,29,,,,,,,1.25,0.68,1.04,1*09
1780395507.120,$GNGSA,A,3,66,88,76,81,87,,,,,,,,1.25,0.68,1.04,2*08
1780395507.120,$GNGSA,A,3,05,12,04,06,09,10,11,36,,,,,1.25,0.68,1.04,3*07
1780395507.121,$GNGSA,A,3,06,07,08,09,10,13,14,34,,,,,1.25,0.68,1.04,4*08
1780395507.121,$GPGSV,3,1,10,10,22,329,26,13,18,118,13,18,82,174,42,23,41,006,39,1*64
1780395507.122,$GPGSV,3,2,10,24,39,044,38,29,15,180,34,32,32,273,39,41,64,233,41,1*6E
1780395507.123,$GPGSV,3,3,10,42,70,217,40,50,55,115,36,1*61
1780395507.123,$GPGSV,2,1,06,10,22,329,26,18,82,174,40,23,41,006,34,24,39,044,34,6*60
1780395507.124,$GPGSV,2,2,06,29,15,180,26,32,32,273,34,6*66
1780395507.124,$GPGSV,2,1,07,05,04,105,,12,13,119,,15,10,047,,25,18,156,,0*66
1780395507.125,$GPGSV,2,2,07,25,18,156,,27,05,291,,28,17,208,,0*52
1780395507.126,$GLGSV,2,1,06,65,23,013,15,66,28,318,39,76,27,133,30,81,25,324,34,1*79
1780395507.126,$GLGSV,2,2,06,87,23,169,33,88,67,259,41,1*74
1780395507.127,$GLGSV,2,1,06,66,28,318,36,67,04,268,17,75,21,073,18,76,27,133,29,3*77
1780395507.127,$GLGSV,2,2,06,81,25,324,33,88,67,259,41,3*7D
1780395507.128,$GLGSV,1,1,01,77,08,177,,0*41
1780395507.129,$GAGSV,2,1,08,04,35,021,34,05,23,248,29,06,54,353,37,09,58,305,36,2*7B
1780395507.130,$GAGSV,2,2,08,10,70,123,39,11,76,356,35,12,45,136,32,36,26,329,31,2*79
1780395507.131,$GAGSV,2,1,08,04,35,021,36,05,23,248,33,06,54,353,37,09,58,305,39,7*78
1780395507.131,$GAGSV,2,2,08,10,70,123,40,11,76,356,37,12,45,136,35,36,26,329,32,7*74
1780395507.132,$GAGSV,1,1,04,16,08,188,,23,00,091,,28,16,036,,31,12,136,,0*7A
1780395507.133,$GBGSV,2,1,08,06,40,036,39,07,68,115,42,08,22,178,36,09,38,002,38,1*72
1780395507.133,$GBGSV,2,2,08,10,63,142,41,13,29,302,38,14,29,032,21,34,42,189,39,1*7C
1780395507.134,$GBGSV,1,1,02,09,38,002,35,10,63,142,36,3*76
1780395507.135,$GBGSV,3,1,10,01,42,106,,02,63,244,,03,72,138,,04,22,095,,0*75
1780395507.135,$GBGSV,3,2,10,04,22,095,,21,14,053,,24,38,154,,25,04,202,,0*71
1780395507.136,$GBGSV,3,3,10,25,04,202,,26,37,091,,0*7D
1780395507.136,$GNGLL,1339.07778,N,10029.57929,E,101827.00,A,D*72
1780395508.117,$GNRMC,101828.00,A,1339.07811,N,10029.57928,E,1.189,357.51,020626,0.53,W,R,V*5C
1780395508.120,$GNVTG,357.51,T,358.04,M,1.189,N,2.202,K,D*34
1780395508.121,$GNGGA,101828.00,1339.07811,N,10029.57928,E,4,12,0.71,-1.0,M,-27.8,M,,0499*44
1780395508.121,$GNGSA,A,3,10,18,23,24,32,25,29,,,,,,1.21,0.71,0.98,1*06
1780395508.122,$GNGSA,A,3,66,88,76,81,87,,,,,,,,1.21,0.71,0.98,2*00
1780395508.122,$GNGSA,A,3,05,12,04,06,09,10,11,36,,,,,1.21,0.71,0.98,3*0F
1780395508.123,$GNGSA,A,3,06,07,08,09,10,13,34,,,,,,1.21,0.71,0.98,4*05
1780395508.123,$GPGSV,3,1,11,10,22,329,31,13,18,118,10,18,82,174,42,23,41,006,39,1*60
1780395508.124,$GPGSV,3,2,11,24,39,044,38,25,18,156,31,29,15,180,33,32,32,273,38,1*67
1780395508.125,$GPGSV,3,3,11,41,64,233,43,42,70,217,38,50,55,115,37,1*5C
1780395508.126,$GPGSV,2,1,06,10,22,329,26,18,82,174,41,23,41,006,36,24,39,044,30,6*67
1780395508.126,$GPGSV,2,2,06,29,15,180,26,32,32,273,36,6*64
1780395508.127,$GPGSV,2,1,06,05,04,105,,12,13,119,,15,10,047,,27,05,291,,0*61
1780395508.127,$GPGSV,2,2,06,27,05,291,,28,17,208,,0*6F
1780395508.128,$GLGSV,2,1,05,66,28,318,40,76,27,133,20,81,25,324,37,87,23,169,33,1*72
1780395508.128,$GLGSV,2,2,05,88,67,259,41,1*47
1780395508.129,$GLGSV,2,1,06,66,28,318,37,67,04,268,17,75,21,073,16,76,27,133,28,3*79
1780395508.129,$GLGSV,2,2,06,81,25,324,32,88,67,259,41,3*7C
1780395508.130,$GLGSV,1,1,02,65,23,013,,77,08,177,,0*72
1780395508.131,$GAGSV,2,1,08,04,35,021,33,05,23,248,28,06,54,353,36,09,58,305,39,2*73
1780395508.132,$GAGSV,2,2,08,10,70,123,39,11,76,356,35,12,45,136,33,36,26,329,31,2*78
1780395508.133,$GAGSV,2,1,08,04,35,021,33,05,23,248,32,06,54,353,36,09,58,305,42,7*71
1780395508.134,$GAGSV,2,2,08,10,70,123,41,11,76,356,37,12,45,136,35,36,26,329,34,7*73
1780395508.134,$GAGSV,1,1,04,16,08,188,,23,00,091,,28,16,036,,31,12,136,,0*7A
1780395508.135,$GBGSV,2,1,08,06,40,036,36,07,68,115,42,08,22,178,37,09,38,002,37,1*73
1780395508.136,$GBGSV,2,2,08,10,63,142,40,13,29,302,37,14,29,032,19,34,42,189,37,1*77
1780395508.136,$GBGSV,1,1,02,09,38,002,34,10,63,142,36,3*77
1780395508.137,$GBGSV,3,1,10,01,42,106,,02,63,244,,03,72,138,,04,22,095,,0*75
1780395508.137,$GBGSV,3,2,10,04,22,095,,21,14,053,,24,38,154,,25,04,202,,0*71
1780395508.138,$GBGSV,3,3,10,25,04,202,,26,37,091,,0*7D
1780395508.138,$GNGLL,1339.07811,N,10029.57928,E,101828.00,A,D*7C
1780395509.113,$GNRMC,101829.00,A,1339.07844,N,10029.57926,E,1.191,356.90,020626,0.53,W,R,V*56
1780395509.116,$GNVTG,356.90,T,357.43,M,1.191,N,2.205,K,D*3A
1780395509.117,$GNGGA,101829.00,1339.07844,N,10029.57926,E,4,12,0.67,-1.0,M,-27.8,M,,0499*4C
1780395509.117,$GNGSA,A,3,10,18,23,24,32,25,29,,,,,,1.17,0.67,0.96,1*0A
1780395509.118,$GNGSA,A,3,66,88,76,81,87,,,,,,,,1.17,0.67,0.96,2*0C
1780395509.118,$GNGSA,A,3,05,12,04,06,09,10,11,36,,,,,1.17,0.67,0.96,3*03
1780395509.119,$GNGSA,A,3,06,07,08,09,10,13,14,34,,,,,1.17,0.67,0.96,4*0C
1780395509.120,$GPGSV,3,1,11,10,22,329,30,13,18,118,08,18,82,174,42,23,41,006,39,1*68
1780395509.120,$GPGSV,3,2,11,24,39,044,36,25,18,156,31,29,15,180,33,32,32,273,37,1*66
1780395509.121,$GPGSV,3,3,11,41,64,233,41,42,70,217,41,50,55,115,37,1*50
1780395509.122,$GPGSV,2,1,06,10,22,329,25,18,82,174,41,23,41,006,33,24,39,044,32,6*63
1780395509.122,$GPGSV,2,2,06,29,15,180,26,32,32,273,34,6*66
1780395509.123,$GPGSV,2,1,06,05,04,105,,12,13,119,,15,10,047,,27,05,291,,0*61
1780395509.123,$GPGSV,2,2,06,27,05,291,,28,17,208,,0*6F
1780395509.124,$GLGSV,2,1,05,66,28,318,39,76,27,133,22,81,25,324,34,87,23,169,32,1*7C
1780395509.124,$GLGSV,2,2,05,88,67,259,41,1*47
1780395509.125,$GLGSV,2,1,06,66,28,318,32,67,04,268,17,75,21,073,15,76,27,133,22,3*75
1780395509.126,$GLGSV,2,2,06,81,25,324,31,88,67,259,41,3*7F
1780395509.127,$GLGSV,1,1,02,65,23,013,,77,08,177,,0*72
1780395509.128,$GAGSV,2,1,08,04,35,021,33,05,23,248,27,06,54,353,36,09,58,305,38,2*7D
1780395509.129,$GAGSV,2,2,08,10,70,123,39,11,76,356,35,12,45,136,33,36,26,329,30,2*79
1780395509.130,$GAGSV,2,1,08,04,35,021,35,05,23,248,33,06,54,353,38,09,58,305,40,7*7A
1780395509.130,$GAGSV,2,2,08,10,70,123,39,11,76,356,37,12,45,136,35,36,26,329,32,7*7A
1780395509.131,$GAGSV,1,1,04,16,08,188,,23,00,091,,28,16,036,,31,12,136,,0*7A
1780395509.132,$GBGSV,2,1,08,06,40,036,38,07,68,115,40,08,22,178,37,09,38,002,33,1*7B
1780395509.133,$GBGSV,2,2,08,10,63,142,40,13,29,302,41,14,29,032,21,34,42,189,39,1*73
1780395509.133,$GBGSV,1,1,02,09,38,002,35,10,63,142,37,3*77
1780395509.134,$GBGSV,3,1,10,01,42,106,,02,63,244,,03,72,138,,04,22,095,,0*75
1780395509.134,$GBGSV,3,2,10,04,22,095,,21,14,053,,24,38,154,,25,04,202,,0*71
1780395509.135,$GBGSV,3,3,10,25,04,202,,26,37,091,,0*7D
1780395509.135,$GNGLL,1339.07844,N,10029.57926,E,101829.00,A,D*73
1780395510.119,$GNRMC,101830.00,A,1339.07876,N,10029.57924,E,1.161,356.21,020626,0.53,W,R,V*58
1780395510.122,$GNVTG,356.21,T,356.74,M,1.161,N,2.150,K,D*39
1780395510.124,$GNGGA,101830.00,1339.07876,N,10029.57924,E,4,12,0.67,-1.0,M,-27.8,M,,0499*47
1780395510.126,$GNGSA,A,3,10,18,23,24,32,25,29,,,,,,1.18,0.67,0.96,1*05
1780395510.128,$GNGSA,A,3,66,88,76,81,87,,,,,,,,1.18,0.67,0.96,2*03
1780395510.129,$GNGSA,A,3,05,12,04,06,09,10,11,36,,,,,1.18,0.67,0.96,3*0C
1780395510.131,$GNGSA,A,3,06,07,08,09,10,13,14,34,,,,,1.18,0.67,0.96,4*03
1780395510.133,$GPGSV,3,1,11,10,22,329,37,13,18,118,09,18,82,174,42,23,41,006,39,1*6E
1780395510.135,$GPGSV,3,2,11,24,39,044,38,25,18,156,30,29,15,180,37,32,32,273,39,1*63
1780395510.137,$GPGSV,3,3,11,41,64,233,42,42,70,217,42,50,55,115,36,1*51
1780395510.140,$GPGSV,2,1,06,10,22,329,26,18,82,174,41,23,41,006,36,24,39,044,36,6*61
1780395510.141,$GPGSV,2,2,06,29,15,180,27,32,32,273,33,6*60
1780395510.144,$GPGSV,2,1,06,05,04,105,,12,13,119,,15,10,047,,27,05,291,,0*61
1780395510.145,$GPGSV,2,2,06,27,05,291,,28,17,208,,0*6F
1780395510.147,$GLGSV,2,1,05,66,28,318,35,76,27,133,22,81,25,324,34,87,23,169,34,1*76
1780395510.148,$GLGSV,2,2,05,88,67,259,40,1*46
1780395510.151,$GLGSV,2,1,06,66,28,318,35,67,04,268,19,75,21,073,17,76,27,133,23,3*7F
1780395510.153,$GLGSV,2,2,06,81,25,324,34,88,67,259,41,3*7A
1780395510.154,$GLGSV,1,1,02,65,23,013,,77,08,177,,0*72
1780395510.156,$GAGSV,2,1,08,04,35,021,33,05,23,248,27,06,54,353,37,09,58,305,33,2*77
1780395510.157,$GAGSV,2,2,08,10,70,123,39,11,76,356,35,12,45,136,33,36,26,329,30,2*79
1780395510.158,$GAGSV,2,1,08,04,35,021,35,05,23,248,34,06,54,353,40,09,58,305,34,7*71
1780395510.159,$GAGSV,2,2,08,10,70,123,41,11,76,356,36,12,45,136,36,36,26,329,33,7*76
1780395510.160,$GAGSV,1,1,04,16,08,188,,23,00,091,,28,16,036,,31,12,136,,0*7A
1780395510.161,$GBGSV,2,1,08,06,40,036,39,07,68,115,40,08,22,178,37,09,38,002,37,1*7E
1780395510.162,$GBGSV,2,2,08,10,63,142,40,13,29,302,41,14,29,032,23,34,42,189,39,1*71
1780395510.162,$GBGSV,1,1,02,09,38,002,35,10,63,142,37,3*77
1780395510.163,$GBGSV,3,1,10,01,42,106,,02,63,244,,03,72,138,,04,22,095,,0*75
1780395510.164,$GBGSV,3,2,10,04,22,095,,21,14,053,,24,38,154,,25,04,202,,0*71
1780395510.164,$GBGSV,3,3,10,25,04,202,,26,37,091,,0*7D
1780395510.165,$GNGLL,1339.07876,N,10029.57924,E,101830.00,A,D*78
1780395511.115,$GNRMC,101831.00,A,1339.07909,N,10029.57923,E,1.184,358.99,020626,0.53,W,R,V*51
1780395511.118,$GNVTG,358.99,T,359.52,M,1.184,N,2.192,K,D*3A
1780395511.119,$GNGGA,101831.00,1339.07909,N,10029.57923,E,4,12,0.67,-1.0,M,-27.8,M,,0499*48
1780395511.120,$GNGSA,A,3,10,18,23,24,32,25,29,,,,,,1.18,0.67,0.96,1*05
1780395511.121,$GNGSA,A,3,66,88,76,81,87,,,,,,,,1.18,0.67,0.96,2*03
1780395511.121,$GNGSA,A,3,05,12,04,06,09,10,11,36,,,,,1.18,0.67,0.96,3*0C
1780395511.122,$GNGSA,A,3,06,07,08,09,10,13,14,34,,,,,1.18,0.67,0.96,4*03
1780395511.123,$GPGSV,3,1,11,10,22,329,34,13,18,118,10,18,82,174,42,23,41,006,39,1*65
1780395511.124,$GPGSV,3,2,11,24,39,044,38,25,18,156,33,29,15,180,37,32,32,273,35,1*6C
1780395511.125,$GPGSV,3,3,11,41,64,233,42,42,70,217,40,50,55,115,37,1*52
1780395511.127,$GPGSV,2,1,06,10,22,329,27,18,82,174,41,23,41,006,34,24,39,044,33,6*67
1780395511.127,$GPGSV,2,2,06,29,15,180,27,32,32,273,34,6*67
1780395511.128,$GPGSV,2,1,06,05,04,105,,12,13,119,,15,10,047,,27,05,291,,0*61
1780395511.129,$GPGSV,2,2,06,27,05,291,,28,17,208,,0*6F
1780395511.130,$GLGSV,2,1,05,66,28,318,39,76,27,133,23,81,25,324,37,87,23,169,34,1*78
1780395511.131,$GLGSV,2,2,05,88,67,259,41,1*47
1780395511.132,$GLGSV,2,1,06,66,28,318,36,67,04,268,20,75,21,073,17,76,27,133,29,3*7C
1780395511.133,$GLGSV,2,2,06,81,25,324,38,88,67,259,42,3*75
1780395511.133,$GLGSV,1,1,02,65,23,013,,77,08,177,,0*72
1780395511.134,$GAGSV,2,1,08,04,35,021,32,05,23,248,27,06,54,353,37,09,58,305,31,2*74
1780395511.136,$GAGSV,2,2,08,10,70,123,40,11,76,356,33,12,45,136,33,36,26,329,32,2*73
1780395511.137,$GAGSV,2,1,08,04,35,021,34,05,23,248,35,06,54,353,41,09,58,305,38,7*7C
1780395511.138,$GAGSV,2,2,08,10,70,123,39,11,76,356,35,12,45,136,33,36,26,329,32,7*7E
1780395511.138,$GAGSV,1,1,04,16,08,188,,23,00,091,,28,16,036,,31,12,136,,0*7A
1780395511.139,$GBGSV,2,1,08,06,40,036,38,07,68,115,43,08,22,178,33,09,38,002,36,1*79
1780395511.140,$GBGSV,2,2,08,10,63,142,39,13,29,302,38,14,29,032,21,34,42,189,39,1*73
1780395511.140,$GBGSV,1,1,02,09,38,002,35,10,63,142,37,3*77
1780395511.141,$GBGSV,3,1,10,01,42,106,,02,63,244,,03,72,138,,04,22,095,,0*75
1780395511.142,$GBGSV,3,2,10,04,22,095,,21,14,053,,24,38,154,,25,04,202,,0*71
1780395511.142,$GBGSV,3,3,10,25,04,202,,26,37,091,,0*7D
1780395511.143,$GNGLL,1339.07909,N,10029.57923,E,101831.00,A,D*77
1780395512.114,$GNRMC,101832.00,A,1339.07941,N,10029.57921,E,1.203,354.00,020626,0.53,W,R,V*5C
1780395512.117,$GNVTG,354.00,T,354.53,M,1.203,N,2.229,K,D*35
1780395512.118,$GNGGA,101832.00,1339.07941,N,10029.57921,E,4,12,0.67,-1.0,M,-27.8,M,,0499*45
1780395512.119,$GNGSA,A,3,10,18,23,24,32,25,29,,,,,,1.18,0.67,0.96,1*05
1780395512.119,$GNGSA,A,3,66,88,76,81,87,,,,,,,,1.18,0.67,0.96,2*03
1780395512.120,$GNGSA,A,3,05,12,04,06,09,10,11,36,,,,,1.18,0.67,0.96,3*0C
1780395512.120,$GNGSA,A,3,06,07,08,09,10,13,14,34,,,,,1.18,0.67,0.96,4*03
1780395512.121,$GPGSV,3,1,11,10,22,329,33,13,18,118,11,18,82,174,40,23,41,006,40,1*6F
1780395512.122,$GPGSV,3,2,11,24,39,044,39,25,18,156,30,29,15,180,37,32,32,273,38,1*63
1780395512.122,$GPGSV,3,3,11,41,64,233,40,42,70,217,41,50,55,115,37,1*51
1780395512.123,$GPGSV,2,1,06,10,22,329,27,18,82,174,41,23,41,006,34,24,39,044,32,6*66
1780395512.123,$GPGSV,2,2,06,29,15,180,27,32,32,273,35,6*66
1780395512.124,$GPGSV,2,1,06,05,04,105,,12,13,119,,15,10,047,,27,05,291,,0*61
1780395512.125,$GPGSV,2,2,06,27,05,291,,28,17,208,,0*6F
1780395512.125,$GLGSV,1,1,04,66,28,318,39,76,27,133,24,87,23,169,35,88,67,259,42,1*7A
1780395512.126,$GLGSV,2,1,06,66,28,318,36,67,04,268,21,75,21,073,17,76,27,133,29,3*7D
1780395512.126,$GLGSV,2,2,06,81,25,324,33,88,67,259,40,3*7C
1780395512.127,$GLGSV,1,1,02,65,23,013,,77,08,177,,0*72
1780395512.128,$GAGSV,2,1,08,04,35,021,32,05,23,249,27,06,54,353,37,09,58,305,31,2*75
1780395512.128,$GAGSV,2,2,08,10,70,123,40,11,76,356,33,12,45,136,33,36,26,329,32,2*73
1780395512.129,$GAGSV,2,1,08,04,35,021,34,05,23,249,33,06,54,353,40,09,58,305,35,7*77
1780395512.130,$GAGSV,2,2,08,10,70,123,39,11,76,356,35,12,45,136,33,36,26,329,31,7*7D
1780395512.130,$GAGSV,1,1,04,16,08,188,,23,00,091,,28,16,036,,31,12,136,,0*7A
1780395512.131,$GBGSV,2,1,08,06,40,036,36,07,68,115,42,08,22,178,34,09,38,002,36,1*71
1780395512.132,$GBGSV,2,2,08,10,63,142,40,13,29,302,30,14,29,032,20,34,42,189,41,1*7B
1780395512.132,$GBGSV,1,1,02,09,38,002,35,10,63,142,37,3*77
1780395512.133,$GBGSV,3,1,10,01,42,106,,02,63,244,,03,72,138,,04,22,095,,0*75
1780395512.133,$GBGSV,3,2,10,04,22,095,,21,14,053,,24,38,154,,25,04,202,,0*71
1780395512.134,$GBGSV,3,3,10,25,04,202,,26,37,091,,0*7D
1780395512.134,$GNGLL,1339.07941,N,10029.57921,E,101832.00,A,D*7A
1780395513.114,$GNRMC,101833.00,A,1339.07973,N,10029.57918,E,1.130,355.16,020626,0.53,W,R,V*53
1780395513.116,$GNVTG,355.16,T,355.69,M,1.130,N,2.093,K,D*3B
1780395513.117,$GNGGA,101833.00,1339.07973,N,10029.57918,E,4,12,0.72,-1.0,M,-27.8,M,,0499*4B
1780395513.118,$GNGSA,A,3,10,18,23,24,32,25,29,,,,,,1.22,0.72,0.98,1*06
1780395513.118,$GNGSA,A,3,66,88,76,81,87,,,,,,,,1.22,0.72,0.98,2*00
1780395513.119,$GNGSA,A,3,05,12,04,06,09,10,11,36,,,,,1.22,0.72,0.98,3*0F
1780395513.119,$GNGSA,A,3,06,07,08,09,10,13,34,,,,,,1.22,0.72,0.98,4*05
1780395513.120,$GPGSV,3,1,11,10,22,329,35,13,18,118,09,18,82,174,42,23,41,006,40,1*62
1780395513.121,$GPGSV,3,2,11,24,39,044,35,25,18,156,30,29,15,180,34,32,32,273,37,1*63
1780395513.121,$GPGSV,3,3,11,41,64,233,40,42,70,217,41,50,55,115,34,1*52
1780395513.122,$GPGSV,2,1,06,10,22,329,28,18,82,174,41,23,41,006,34,24,39,044,32,6*69
1780395513.123,$GPGSV,2,2,06,29,15,180,27,32,32,273,28,6*6A
1780395513.123,$GPGSV,2,1,06,05,04,105,,12,13,119,,15,10,047,,27,05,291,,0*61
1780395513.124,$GPGSV,2,2,06,27,05,291,,28,17,208,,0*6F
1780395513.124,$GLGSV,1,1,04,66,28,318,38,76,27,133,25,87,23,169,34,88,67,259,40,1*79
1780395513.125,$GLGSV,2,1,06,66,28,318,35,67,04,268,22,75,21,073,16,76,27,133,29,3*7C
1780395513.126,$GLGSV,2,2,06,81,25,324,35,88,67,259,36,3*7B
1780395513.126,$GLGSV,1,1,02,65,23,013,,77,08,177,,0*72
1780395513.127,$GAGSV,2,1,08,04,35,021,32,05,23,249,29,06,53,354,37,09,58,305,37,2*7D
1780395513.127,$GAGSV,2,2,08,10,70,123,40,11,76,356,33,12,45,136,32,36,26,329,31,2*71
1780395513.128,$GAGSV,2,1,08,04,35,021,30,05,23,249,30,06,53,354,39,09,58,305,41,7*7D
1780395513.129,$GAGSV,2,2,08,10,70,123,40,11,76,356,36,12,45,136,35,36,26,329,30,7*77
1780395513.129,$GAGSV,1,1,04,16,08,188,,23,00,091,,28,16,036,,31,12,136,,0*7A
1780395513.130,$GBGSV,2,1,08,06,40,036,33,07,68,115,43,08,22,178,33,09,38,002,36,1*72
1780395513.131,$GBGSV,2,2,08,10,63,142,40,13,29,302,40,14,29,032,19,34,42,189,39,1*79
1780395513.131,$GBGSV,1,1,02,09,38,002,35,10,63,142,37,3*77
1780395513.132,$GBGSV,3,1,10,01,42,106,,02,63,244,,03,72,138,,04,22,095,,0*75
1780395513.133,$GBGSV,3,2,10,04,22,095,,21,14,053,,24,38,154,,25,04,202,,0*71
1780395513.133,$GBGSV,3,3,10,25,04,202,,26,37,091,,0*7D
1780395513.134,$GNGLL,1339.07973,N,10029.57918,E,101833.00,A,D*70
1780395514.111,$GNRMC,101834.00,A,1339.08006,N,10029.57916,E,1.202,358.38,020626,0.53,W,R,V*5D
1780395514.113,$GNVTG,358.38,T,358.91,M,1.202,N,2.225,K,D*3D
1780395514.114,$GNGGA,101834.00,1339.08006,N,10029.57916,E,4,12,0.77,-1.0,M,-27.8,M,,0499*43
1780395514.115,$GNGSA,A,3,10,18,23,24,32,25,29,,,,,,1.25,0.77,0.99,1*05
1780395514.115,$GNGSA,A,3,66,88,76,81,87,,,,,,,,1.25,0.77,0.99,2*03
1780395514.116,$GNGSA,A,3,05,12,04,06,09,10,11,36,,,,,1.25,0.77,0.99,3*0C
1780395514.116,$GNGSA,A,3,06,07,08,09,10,13,34,,,,,,1.25,0.77,0.99,4*06
1780395514.117,$GPGSV,3,1,10,10,22,329,26,18,82,174,40,23,41,006,41,24,39,044,30,1*67
1780395514.118,$GPGSV,3,2,10,25,18,156,29,29,15,180,36,32,32,273,42,41,64,233,42,1*63
1780395514.118,$GPGSV,3,3,10,42,70,217,41,50,55,115,36,1*60
1780395514.119,$GPGSV,2,1,06,10,22,329,28,18,82,174,40,23,41,006,34,24,39,044,31,6*6B
1780395514.119,$GPGSV,2,2,06,29,15,180,28,32,32,273,33,6*6F
1780395514.120,$GPGSV,2,1,07,05,04,105,,12,13,119,,13,18,118,,15,10,047,,0*69
1780395514.120,$GPGSV,2,2,07,15,10,047,,27,05,291,,28,17,208,,0*58
1780395514.121,$GLGSV,1,1,04,66,28,318,39,76,27,133,26,87,23,169,36,88,67,259,36,1*78
1780395514.122,$GLGSV,2,1,06,66,28,318,33,67,04,268,24,75,21,073,15,76,27,133,27,3*71
1780395514.122,$GLGSV,2,2,06,81,25,324,35,88,67,259,33,3*7E
1780395514.123,$GLGSV,1,1,02,65,23,013,,77,08,177,,0*72
1780395514.124,$GAGSV,2,1,08,04,35,021,31,05,23,249,28,06,53,354,37,09,58,305,35,2*7D
1780395514.124,$GAGSV,2,2,08,10,70,123,38,11,76,356,36,12,45,136,33,36,26,329,31,2*7A
1780395514.125,$GAGSV,2,1,08,04,35,021,31,05,23,249,27,06,53,354,39,09,58,305,38,7*74
1780395514.126,$GAGSV,2,2,08,10,70,123,40,11,76,356,36,12,45,136,35,36,26,329,33,7*74
1780395514.127,$GAGSV,1,1,04,16,08,188,,23,00,091,,28,16,036,,31,12,136,,0*7A
1780395514.128,$GBGSV,2,1,08,06,40,036,36,07,68,115,37,08,22,178,32,09,38,002,36,1*75
1780395514.129,$GBGSV,2,2,08,10,63,142,41,13,29,302,37,14,29,032,18,34,42,189,37,1*77
1780395514.129,$GBGSV,1,1,02,09,38,002,34,10,63,142,36,3*77
1780395514.130,$GBGSV,3,1,10,01,42,106,,02,63,244,,03,72,138,,04,22,095,,0*75
1780395514.131,$GBGSV,3,2,10,04,22,095,,21,14,053,,24,38,154,,25,04,202,,0*71
1780395514.131,$GBGSV,3,3,10,25,04,202,,26,37,091,,0*7D
1780395514.132,$GNGLL,1339.08006,N,10029.57916,E,101834.00,A,D*7D
1780395515.108,$GNRMC,101835.00,A,1339.08039,N,10029.57913,E,1.239,357.60,020626,0.53,W,R,V*5F
1780395515.110,$GNVTG,357.60,T,358.13,M,1.239,N,2.294,K,D*37
1780395515.110,$GNGGA,101835.00,1339.08039,N,10029.57913,E,4,12,0.77,-1.0,M,-27.8,M,,0499*4B
1780395515.111,$GNGSA,A,3,10,18,23,24,32,25,29,,,,,,1.25,0.77,0.99,1*05
1780395515.112,$GNGSA,A,3,66,88,76,81,87,,,,,,,,1.25,0.77,0.99,2*03
1780395515.112,$GNGSA,A,3,05,12,04,06,09,10,11,36,,,,,1.25,0.77,0.99,3*0C
1780395515.113,$GNGSA,A,3,06,07,08,09,10,13,34,,,,,,1.25,0.77,0.99,4*06
1780395515.113,$GPGSV,3,1,10,10,22,329,27,18,82,174,40,23,41,006,38,24,39,044,30,1*68
1780395515.114,$GPGSV,3,2,10,25,18,156,28,29,15,180,35,32,32,273,37,41,64,233,35,1*63
1780395515.115,$GPGSV,3,3,10,42,70,217,39,50,55,115,34,1*6D
1780395515.116,$GPGSV,2,1,06,10,22,329,29,18,82,174,40,23,41,006,34,24,39,044,29,6*63
1780395515.116,$GPGSV,2,2,06,29,15,180,28,32,32,273,29,6*64
1780395515.117,$GPGSV,2,1,07,05,04,105,,12,13,119,,13,18,118,,15,10,047,,0*69
1780395515.118,$GPGSV,2,2,07,15,10,047,,27,05,291,,28,17,208,,0*58
1780395515.119,$GLGSV,1,1,04,66,28,318,38,76,27,133,24,87,23,169,36,88,67,259,37,1*7A
1780395515.119,$GLGSV,2,1,06,66,28,318,34,67,04,268,25,75,21,073,18,76,27,133,24,3*79
1780395515.120,$GLGSV,2,2,06,81,25,324,36,88,67,259,34,3*7A
1780395515.120,$GLGSV,1,1,02,65,23,013,,77,08,177,,0*72
1780395515.121,$GAGSV,2,1,08,04,35,021,31,05,23,249,27,06,53,354,35,09,58,305,36,2*73
1780395515.122,$GAGSV,2,2,08,10,70,123,37,11,76,356,36,12,45,136,34,36,26,329,31,2*72
1780395515.122,$GAGSV,2,1,08,04,35,021,31,05,23,249,32,06,53,354,39,09,58,305,37,7*7F
1780395515.123,$GAGSV,2,2,08,10,70,123,38,11,76,356,36,12,45,136,36,36,26,329,33,7*78
1780395515.124,$GAGSV,1,1,04,16,08,188,,23,00,091,,28,16,036,,31,12,136,,0*7A
1780395515.125,$GBGSV,2,1,08,06,40,036,38,07,68,115,38,08,22,178,32,09,38,002,36,1*74
1780395515.125,$GBGSV,2,2,08,10,63,142,40,13,29,302,39,14,29,032,17,34,42,189,39,1*79
1780395515.126,$GBGSV,1,1,02,09,38,002,34,10,63,142,35,3*74
1780395515.126,$GBGSV,3,1,10,01,42,106,,02,63,244,,03,72,138,,04,22,095,,0*75
1780395515.127,$GBGSV,3,2,10,04,22,095,,21,14,053,,24,38,154,,25,04,202,,0*71
1780395515.128,$GBGSV,3,3,10,25,04,202,,26,37,091,,0*7D
1780395515.128,$GNGLL,1339.08039,N,10029.57913,E,101835.00,A,D*75
1780395516.113,$GNRMC,101836.00,A,1339.08072,N,10029.57913,E,1.111,358.83,020626,0.53,W,R,V*58
1780395516.116,$GNVTG,358.83,T,359.36,M,1.111,N,2.057,K,D*37
1780395516.117,$GNGGA,101836.00,1339.08072,N,10029.57913,E,4,12,0.77,-1.0,M,-27.8,M,,0499*47
1780395516.118,$GNGSA,A,3,10,18,23,24,32,25,29,,,,,,1.25,0.77,0.99,1*05
1780395516.118,$GNGSA,A,3,66,88,76,81,87,,,,,,,,1.25,0.77,0.99,2*03
1780395516.119,$GNGSA,A,3,05,12,04,06,09,10,11,36,,,,,1.25,0.77,0.99,3*0C
1780395516.119,$GNGSA,A,3,06,07,08,09,10,13,34,,,,,,1.25,0.77,0.99,4*06
1780395516.120,$GPGSV,3,1,10,10,22,329,35,18,82,174,41,23,41,006,40,24,39,044,30,1*65
1780395516.121,$GPGSV,3,2,10,25,18,156,29,29,15,180,35,32,32,273,31,41,64,233,32,1*63
1780395516.121,$GPGSV,3,3,10,42,70,217,31,50,55,115,34,1*65
1780395516.122,$GPGSV,2,1,05,10,22,329,30,18,82,174,41,23,41,006,34,29,15,180,28,6*62
1780395516.122,$GPGSV,2,2,05,32,32,273,28,6*5A
1780395516.123,$GPGSV,2,1,07,05,04,105,,12,13,119,,13,18,118,,15,10,047,,0*69
1780395516.123,$GPGSV,2,2,07,15,10,047,,27,05,291,,28,17,208,,0*58
1780395516.124,$GLGSV,2,1,05,66,28,318,32,76,27,133,23,81,25,324,34,87,23,169,35,1*71
1780395516.125,$GLGSV,2,2,05,88,67,259,40,1*46
1780395516.125,$GLGSV,2,1,06,66,28,318,33,67,04,268,22,75,21,073,18,76,27,133,21,3*7C
1780395516.126,$GLGSV,2,2,06,81,25,324,35,88,67,259,41,3*7B
1780395516.126,$GLGSV,1,1,02,65,23,013,,77,08,177,,0*72
1780395516.127,$GAGSV,2,1,08,04,35,021,30,05,23,249,29,06,53,354,35,09,57,306,35,2*73
1780395516.128,$GAGSV,2,2,08,10,70,123,38,11,76,356,34,12,45,136,33,36,26,329,30,2*79
1780395516.129,$GAGSV,2,1,08,04,35,021,30,05,23,249,31,06,53,354,39,09,57,306,38,7*7E
1780395516.129,$GAGSV,2,2,08,10,70,123,41,11,76,356,36,12,45,136,35,36,26,329,33,7*75
1780395516.130,$GAGSV,1,1,04,16,08,188,,23,00,091,,28,16,036,,31,12,136,,0*7A
1780395516.131,$GBGSV,2,1,08,06,40,036,36,07,68,115,41,08,22,178,34,09,38,002,36,1*72
1780395516.131,$GBGSV,2,2,08,10,63,142,38,13,29,302,39,14,29,032,17,34,42,189,39,1*76
1780395516.132,$GBGSV,1,1,02,09,38,002,33,10,63,142,34,3*72
1780395516.133,$GBGSV,3,1,10,01,42,106,,02,63,244,,03,72,138,,04,22,095,,0*75
1780395516.133,$GBGSV,3,2,10,04,22,095,,21,14,053,,24,38,154,,25,04,202,,0*71
1780395516.134,$GBGSV,3,3,10,25,04,202,,26,37,091,,0*7D
1780395516.134,$GNGLL,1339.08072,N,10029.57913,E,101836.00,A,D*79
1780395517.116,$GNRMC,101837.00,A,1339.08105,N,10029.57912,E,1.226,2.65,020626,0.53,W,R,V*5A
1780395517.118,$GNVTG,2.65,T,3.18,M,1.226,N,2.271,K,D*32
1780395517.119,$GNGGA,101837.00,1339.08105,N,10029.57912,E,4,12,0.77,-1.0,M,-27.8,M,,0499*46
1780395517.120,$GNGSA,A,3,10,18,23,24,32,25,29,,,,,,1.25,0.77,0.99,1*05
1780395517.120,$GNGSA,A,3,66,88,76,81,87,,,,,,,,1.25,0.77,0.99,2*03
1780395517.121,$GNGSA,A,3,05,12,04,06,09,10,11,36,,,,,1.25,0.77,0.99,3*0C
1780395517.121,$GNGSA,A,3,06,07,08,09,10,13,34,,,,,,1.25,0.77,0.99,4*06
1780395517.122,$GPGSV,3,1,10,10,22,329,35,18,82,174,41,23,41,006,38,24,39,044,30,1*6A
1780395517.122,$GPGSV,3,2,10,25,18,156,28,29,15,180,34,32,32,273,32,41,64,233,36,1*64
1780395517.123,$GPGSV,3,3,10,42,70,217,31,50,55,115,34,1*65
1780395517.123,$GPGSV,1,1,01,24,39,044,22,5*5D
1780395517.124,$GPGSV,2,1,05,10,22,329,29,18,82,174,39,23,41,006,35,29,15,180,28,6*64
1780395517.124,$GPGSV,2,2,05,32,32,273,28,6*5A
1780395517.125,$GPGSV,2,1,07,05,04,105,,12,13,119,,13,18,118,,15,10,047,,0*69
1780395517.126,$GPGSV,2,2,07,15,10,047,,27,05,291,,28,17,208,,0*58
1780395517.126,$GLGSV,2,1,05,66,28,318,34,76,27,133,23,81,25,324,33,87,23,169,28,1*7C
1780395517.127,$GLGSV,2,2,05,88,67,259,41,1*47
1780395517.127,$GLGSV,2,1,06,66,28,318,36,67,04,268,21,75,21,073,19,76,27,133,20,3*7A
1780395517.128,$GLGSV,2,2,06,81,25,324,32,88,67,259,38,3*72
1780395517.128,$GLGSV,1,1,02,65,23,013,,77,08,177,,0*72
1780395517.129,$GAGSV,2,1,08,04,35,021,29,05,23,249,29,06,53,354,36,09,57,306,36,2*7B
1780395517.130,$GAGSV,2,2,08,10,69,125,39,11,76,356,35,12,45,136,34,36,26,329,30,2*70
1780395517.130,$GAGSV,2,1,08,04,35,021,30,05,23,249,29,06,53,354,38,09,57,306,40,7*79
1780395517.131,$GAGSV,2,2,08,10,69,125,41,11,76,356,37,12,45,136,37,36,26,329,33,7*78
1780395517.132,$GAGSV,1,1,04,16,08,188,,23,00,091,,28,16,036,,31,12,136,,0*7A
1780395517.133,$GBGSV,2,1,08,06,40,036,34,07,68,115,40,08,22,178,34,09,38,002,36,1*71
1780395517.134,$GBGSV,2,2,08,10,63,142,39,13,29,302,40,14,29,032,18,34,42,189,41,1*79
1780395517.134,$GBGSV,1,1,02,09,38,002,32,10,63,142,34,3*73
1780395517.135,$GBGSV,3,1,10,01,42,106,,02,63,244,,03,72,138,,04,22,095,,0*75
1780395517.135,$GBGSV,3,2,10,04,22,095,,21,14,053,,24,38,154,,25,04,202,,0*71
1780395517.136,$GBGSV,3,3,10,25,04,202,,26,37,091,,0*7D
1780395517.136,$GNGLL,1339.08105,N,10029.57912,E,101837.00,A,D*78
1780395518.115,$GNRMC,101838.00,A,1339.08140,N,10029.57915,E,1.196,357.80,020626,0.53,W,R,V*53
1780395518.117,$GNVTG,357.80,T,358.33,M,1.196,N,2.214,K,D*35
1780395518.119,$GNGGA,101838.00,1339.08140,N,10029.57915,E,4,12,0.70,-1.0,M,-27.8,M,,0499*48
1780395518.121,$GNGSA,A,3,10,18,23,24,32,25,29,,,,,,1.19,0.70,0.96,1*02
1780395518.122,$GNGSA,A,3,66,75,88,76,81,87,,,,,,,1.19,0.70,0.96,2*06
1780395518.124,$GNGSA,A,3,05,12,04,06,09,10,11,36,,,,,1.19,0.70,0.96,3*0B
1780395518.125,$GNGSA,A,3,06,07,08,09,10,13,14,34,,,,,1.19,0.70,0.96,4*04
1780395518.127,$GPGSV,3,1,10,10,22,329,36,18,82,174,41,23,41,006,40,24,39,044,28,1*6F
1780395518.130,$GPGSV,3,2,10,25,18,156,32,29,15,180,34,32,32,273,29,41,64,233,40,1*64
1780395518.132,$GPGSV,3,3,10,42,70,217,35,50,55,115,35,1*60
1780395518.136,$GPGSV,2,1,06,10,22,329,30,18,82,174,41,23,41,006,35,24,39,044,22,6*60
1780395518.137,$GPGSV,2,2,06,29,15,180,28,32,32,273,27,6*6A
1780395518.140,$GPGSV,2,1,07,05,04,105,,12,13,119,,13,18,118,,15,10,047,,0*69
1780395518.141,$GPGSV,2,2,07,15,10,047,,27,05,291,,28,17,208,,0*58
1780395518.144,$GLGSV,2,1,05,66,28,318,38,76,27,133,22,81,25,324,28,87,23,169,36,1*74
1780395518.146,$GLGSV,2,2,05,88,67,259,36,1*47
1780395518.149,$GLGSV,2,1,06,66,28,318,36,67,04,268,20,75,21,073,21,76,27,133,21,3*71
1780395518.151,$GLGSV,2,2,06,81,25,324,36,88,67,259,38,3*76
1780395518.153,$GLGSV,1,1,02,65,23,013,,77,08,177,,0*72
1780395518.154,$GAGSV,2,1,08,04,35,021,28,05,23,249,30,06,53,354,36,09,57,306,35,2*71
1780395518.155,$GAGSV,2,2,08,10,69,125,39,11,77,356,35,12,45,136,32,36,26,329,30,2*77
1780395518.156,$GAGSV,2,1,08,04,35,021,25,05,23,249,29,06,53,354,39,09,57,306,39,7*72
1780395518.157,$GAGSV,2,2,08,10,69,125,40,11,77,356,37,12,45,136,35,36,26,329,34,7*7D
1780395518.158,$GAGSV,1,1,04,16,08,188,,23,00,091,,28,16,036,,31,12,136,,0*7A
1780395518.159,$GBGSV,2,1,08,06,40,036,34,07,68,115,41,08,22,178,34,09,38,002,37,1*71
1780395518.160,$GBGSV,2,2,08,10,63,142,40,13,29,302,41,14,29,032,20,34,42,189,37,1*7C
1780395518.161,$GBGSV,1,1,02,09,38,002,33,10,63,142,35,3*73
1780395518.161,$GBGSV,3,1,10,01,42,106,,02,63,244,,03,72,138,,04,22,095,,0*75
1780395518.162,$GBGSV,3,2,10,04,22,095,,21,14,053,,24,38,154,,25,04,202,,0*71
1780395518.163,$GBGSV,3,3,10,25,04,202,,26,37,091,,0*7D
1780395518.163,$GNGLL,1339.08140,N,10029.57915,E,101838.00,A,D*71
1780395519.114,$GNRMC,101839.00,A,1339.08174,N,10029.57917,E,1.209,1.87,020626,0.53,W,R,V*55
1780395519.116,$GNVTG,1.87,T,2.40,M,1.209,N,2.239,K,D*30
1780395519.118,$GNGGA,101839.00,1339.08174,N,10029.57917,E,4,12,0.76,-1.1,M,-27.8,M,,0499*4B
1780395519.118,$GNGSA,A,3,10,18,23,32,25,29,,,,,,,1.23,0.76,0.97,1*0A
1780395519.119,$GNGSA,A,3,66,75,88,76,81,87,,,,,,,1.23,0.76,0.97,2*08
1780395519.119,$GNGSA,A,3,05,12,04,06,09,10,11,36,,,,,1.23,0.76,0.97,3*05
1780395519.120,$GNGSA,A,3,06,07,08,09,10,13,14,34,,,,,1.23,0.76,0.97,4*0A
1780395519.120,$GPGSV,3,1,10,10,22,329,33,18,82,174,42,23,41,006,38,24,39,044,22,1*6C
1780395519.121,$GPGSV,3,2,10,25,18,156,31,29,15,180,33,32,32,273,38,41,64,233,42,1*62
1780395519.122,$GPGSV,3,3,10,42,70,217,40,50,55,115,35,1*62
1780395519.122,$GPGSV,2,1,06,10,22,329,31,18,82,174,41,23,41,006,35,24,39,044,21,6*62
1780395519.123,$GPGSV,2,2,06,29,15,180,29,32,32,273,32,6*6F
1780395519.123,$GPGSV,2,1,07,05,04,105,,12,13,119,,13,18,118,,15,10,047,,0*69
1780395519.124,$GPGSV,2,2,07,15,10,047,,27,05,291,,28,17,208,,0*58
1780395519.125,$GLGSV,2,1,05,66,28,318,40,76,27,133,21,81,25,324,32,87,23,169,36,1*73
1780395519.125,$GLGSV,2,2,05,88,67,259,36,1*47
1780395519.126,$GLGSV,2,1,06,66,28,318,35,67,04,268,20,75,21,073,21,76,27,133,22,3*71
1780395519.126,$GLGSV,2,2,06,81,25,324,34,88,67,259,38,3*74
1780395519.127,$GLGSV,1,1,02,65,23,013,,77,08,177,,0*72
1780395519.128,$GAGSV,2,1,08,04,35,021,25,05,23,249,28,06,53,354,36,09,57,306,34,2*74
1780395519.129,$GAGSV,2,2,08,10,69,125,39,11,77,356,34,12,44,137,33,36,26,329,29,2*7F
1780395519.129,$GAGSV,2,1,08,04,35,021,31,05,23,249,36,06,53,354,41,09,57,306,39,7*76
1780395519.130,$GAGSV,2,2,08,10,69,125,40,11,77,356,37,12,44,137,35,36,26,329,36,7*7F
1780395519.131,$GAGSV,1,1,04,16,08,188,,23,00,091,,28,16,036,,31,12,136,,0*7A
1780395519.131,$GBGSV,2,1,08,06,40,036,32,07,68,115,42,08,22,178,34,09,38,002,36,1*75
1780395519.132,$GBGSV,2,2,08,10,63,142,41,13,29,302,42,14,29,032,21,34,42,189,41,1*7E
1780395519.132,$GBGSV,1,1,02,09,38,002,33,10,63,142,36,3*70
1780395519.133,$GBGSV,3,1,10,01,42,106,,02,63,244,,03,72,138,,04,22,095,,0*75
1780395519.133,$GBGSV,3,2,10,04,22,095,,21,14,053,,24,38,154,,25,04,202,,0*71
1780395519.134,$GBGSV,3,3,10,25,04,202,,26,37,091,,0*7D
1780395519.135,$GNGLL,1339.08174,N,10029.57917,E,101839.00,A,D*75
1780395520.114,$GNRMC,101840.00,A,1339.08206,N,10029.57919,E,1.159,2.71,020626,0.53,W,R,V*5F
1780395520.116,$GNVTG,2.71,T,3.24,M,1.159,N,2.147,K,D*35
1780395520.117,$GNGGA,101840.00,1339.08206,N,10029.57919,E,4,12,0.71,-1.0,M,-27.8,M,,0499*4B
1780395520.118,$GNGSA,A,3,10,18,23,32,25,29,,,,,,,1.20,0.71,0.97,1*0E
1780395520.118,$GNGSA,A,3,66,75,88,76,81,87,,,,,,,1.20,0.71,0.97,2*0C
1780395520.119,$GNGSA,A,3,05,12,04,06,09,10,11,36,,,,,1.20,0.71,0.97,3*01
1780395520.119,$GNGSA,A,3,06,07,08,09,10,13,14,34,,,,,1.20,0.71,0.97,4*0E
1780395520.120,$GPGSV,3,1,10,10,22,329,36,18,82,174,42,23,41,006,39,24,39,044,23,1*69
1780395520.121,$GPGSV,3,2,10,25,18,156,31,29,15,180,35,32,32,273,40,41,64,233,43,1*6A
1780395520.121,$GPGSV,3,3,10,42,70,217,41,50,55,115,35,1*63
1780395520.122,$GPGSV,2,1,06,10,22,329,30,18,82,174,40,23,41,006,34,24,39,044,19,6*68
1780395520.122,$GPGSV,2,2,06,29,15,180,29,32,32,273,36,6*6B
1780395520.123,$GPGSV,2,1,07,05,04,105,,12,13,119,,13,18,118,,15,10,047,,0*69
1780395520.124,$GPGSV,2,2,07,15,10,047,,27,05,291,,28,17,208,,0*58
1780395520.124,$GLGSV,2,1,05,66,28,318,35,76,27,133,22,81,25,324,35,87,23,169,37,1*74
1780395520.125,$GLGSV,2,2,05,88,67,259,40,1*46
1780395520.125,$GLGSV,2,1,06,66,28,318,36,67,04,268,20,75,21,073,21,76,27,133,22,3*72
1780395520.126,$GLGSV,2,2,06,81,25,324,36,88,67,259,40,3*79
1780395520.127,$GLGSV,1,1,02,65,23,013,,77,08,177,,0*72
1780395520.128,$GAGSV,2,1,08,04,35,021,24,05,23,249,29,06,53,354,37,09,57,306,35,2*74
1780395520.128,$GAGSV,2,2,08,10,69,125,39,11,77,356,34,12,44,137,32,36,26,329,29,2*7E
1780395520.129,$GAGSV,2,1,08,04,35,021,25,05,23,249,33,06,53,354,41,09,57,306,39,7*76
1780395520.130,$GAGSV,2,2,08,10,69,125,40,11,77,356,37,12,44,137,35,36,26,329,35,7*7C
1780395520.130,$GAGSV,1,1,04,16,08,188,,23,00,091,,28,16,036,,31,12,136,,0*7A
1780395520.131,$GBGSV,2,1,08,06,40,036,25,07,68,115,42,08,22,178,32,09,38,002,38,1*7B
1780395520.132,$GBGSV,2,2,08,10,63,142,39,13,29,302,39,14,29,032,20,34,42,189,40,1*7D
1780395520.132,$GBGSV,1,1,02,09,38,002,33,10,63,142,37,3*71
1780395520.133,$GBGSV,3,1,10,01,42,106,,02,63,244,,03,72,138,,04,22,095,,0*75
1780395520.133,$GBGSV,3,2,10,04,22,095,,21,14,053,,24,38,154,,25,04,202,,0*71
1780395520.134,$GBGSV,3,3,10,25,04,202,,26,37,091,,0*7D
1780395520.135,$GNGLL,1339.08206,N,10029.57919,E,101840.00,A,D*73
1780395521.115,$GNRMC,101841.00,A,1339.08238,N,10029.57921,E,1.183,4.11,020626,0.53,W,R,V*5F
1780395521.117,$GNVTG,4.11,T,4.64,M,1.183,N,2.190,K,D*3B
1780395521.118,$GNGGA,101841.00,1339.08238,N,10029.57921,E,4,12,0.67,-1.0,M,-27.8,M,,0499*4B
1780395521.119,$GNGSA,A,3,10,18,23,24,32,25,29,,,,,,1.18,0.67,0.96,1*05
1780395521.119,$GNGSA,A,3,66,88,76,81,87,,,,,,,,1.18,0.67,0.96,2*03
1780395521.120,$GNGSA,A,3,05,12,04,06,09,10,11,36,,,,,1.18,0.67,0.96,3*0C
1780395521.120,$GNGSA,A,3,06,07,08,09,10,13,14,34,,,,,1.18,0.67,0.96,4*03
1780395521.121,$GPGSV,3,1,10,10,22,329,36,18,82,174,42,23,41,006,39,24,39,044,21,1*6B
1780395521.122,$GPGSV,3,2,10,25,18,156,30,29,15,180,35,32,32,273,37,41,64,233,42,1*6A
1780395521.122,$GPGSV,3,3,10,42,70,217,41,50,55,115,38,1*6E
1780395521.123,$GPGSV,2,1,06,10,22,329,29,18,82,174,40,23,41,006,35,24,39,044,17,6*6F
1780395521.123,$GPGSV,2,2,06,29,15,180,29,32,32,273,34,6*69
1780395521.124,$GPGSV,2,1,07,05,04,105,,12,13,119,,13,18,118,,15,10,047,,0*69
1780395521.125,$GPGSV,2,2,07,15,10,047,,27,05,291,,28,17,208,,0*58
1780395521.125,$GLGSV,2,1,06,65,23,013,20,66,28,318,35,76,27,133,23,81,25,324,36,1*73
1780395521.126,$GLGSV,2,2,06,87,23,169,34,88,67,259,39,1*7C
1780395521.127,$GLGSV,2,1,06,66,28,318,34,67,04,268,23,75,21,073,19,76,27,133,20,3*7A
1780395521.127,$GLGSV,2,2,06,81,25,324,38,88,67,259,40,3*77
1780395521.128,$GLGSV,1,1,01,77,08,177,,0*41
1780395521.129,$GAGSV,2,1,08,04,35,021,23,05,23,249,30,06,53,354,38,09,57,306,36,2*77
1780395521.129,$GAGSV,2,2,08,10,69,125,39,11,77,356,35,12,44,137,33,36,26,329,30,2*76
1780395521.130,$GAGSV,2,1,08,04,35,021,26,05,23,249,35,06,53,354,39,09,57,306,40,7*72
1780395521.131,$GAGSV,2,2,08,10,69,125,40,11,77,356,37,12,44,137,36,36,26,329,36,7*7C
1780395521.131,$GAGSV,1,1,04,16,08,188,,23,00,091,,28,16,036,,31,12,136,,0*7A
1780395521.132,$GBGSV,2,1,08,06,40,036,25,07,68,115,40,08,22,178,33,09,38,002,35,1*75
1780395521.133,$GBGSV,2,2,08,10,63,142,40,13,29,302,34,14,29,032,21,34,42,189,39,1*71
1780395521.133,$GBGSV,1,1,02,09,38,002,34,10,63,142,37,3*76
1780395521.134,$GBGSV,3,1,10,01,42,106,,02,63,244,,03,72,138,,04,22,095,,0*75
1780395521.135,$GBGSV,3,2,10,04,22,095,,21,14,053,,24,38,154,,25,04,202,,0*71
1780395521.135,$GBGSV,3,3,10,25,04,202,,26,37,091,,0*7D
1780395521.136,$GNGLL,1339.08238,N,10029.57921,E,101841.00,A,D*74
1780395522.114,$GNRMC,101842.00,A,1339.08271,N,10029.57924,E,1.136,2.68,020626,0.53,W,R,V*52
1780395522.116,$GNVTG,2.68,T,3.21,M,1.136,N,2.103,K,D*31
1780395522.117,$GNGGA,101842.00,1339.08271,N,10029.57924,E,4,12,0.78,-1.0,M,-27.8,M,,0499*4E
1780395522.118,$GNGSA,A,3,10,18,23,32,25,29,,,,,,,1.26,0.78,0.99,1*0F
1780395522.118,$GNGSA,A,3,66,75,88,76,81,87,,,,,,,1.26,0.78,0.99,2*0D
1780395522.119,$GNGSA,A,3,05,12,04,06,09,10,11,36,,,,,1.26,0.78,0.99,3*00
1780395522.119,$GNGSA,A,3,06,07,08,09,10,13,34,,,,,,1.26,0.78,0.99,4*0A
1780395522.120,$GPGSV,3,1,09,10,22,329,38,18,82,174,42,23,41,006,39,25,18,156,30,1*6D
1780395522.121,$GPGSV,3,2,09,29,15,180,35,32,32,273,38,41,64,233,42,42,70,217,40,1*63
1780395522.121,$GPGSV,3,3,09,50,55,115,38,1*56
1780395522.122,$GPGSV,2,1,06,10,22,329,29,18,82,174,41,23,41,006,35,24,39,044,17,6*6E
1780395522.122,$GPGSV,2,2,06,29,15,180,29,32,32,273,36,6*6B
1780395522.123,$GPGSV,2,1,07,05,04,105,,12,13,119,,13,18,118,,15,10,047,,0*69
1780395522.123,$GPGSV,2,2,07,15,10,047,,27,05,291,,28,17,208,,0*58
1780395522.124,$GLGSV,2,1,06,65,23,013,19,66,28,318,36,76,27,133,24,81,25,324,40,1*7C
1780395522.125,$GLGSV,2,2,06,87,23,169,34,88,67,259,37,1*72
1780395522.126,$GLGSV,2,1,06,66,28,318,33,67,04,268,31,75,21,073,20,76,27,133,22,3*76
1780395522.126,$GLGSV,2,2,06,81,25,324,36,88,67,259,37,3*79
1780395522.127,$GLGSV,1,1,01,77,08,177,,0*41
1780395522.128,$GAGSV,2,1,08,04,35,021,23,05,23,249,33,06,53,354,38,09,57,306,36,2*74
1780395522.129,$GAGSV,2,2,08,10,69,125,38,11,77,356,35,12,44,137,32,36,26,329,31,2*77
1780395522.130,$GAGSV,2,1,08,04,35,021,26,05,23,249,36,06,53,354,39,09,57,306,39,7*7F
1780395522.130,$GAGSV,2,2,08,10,69,125,40,11,77,356,37,12,44,137,35,36,26,329,32,7*7B
1780395522.131,$GAGSV,1,1,04,16,08,187,,23,00,091,,28,16,036,,31,12,136,,0*75
1780395522.132,$GBGSV,2,1,08,06,40,036,26,07,68,115,42,08,22,178,35,09,38,002,34,1*73
1780395522.132,$GBGSV,2,2,08,10,63,142,41,13,29,302,35,14,29,032,19,34,42,189,40,1*74
1780395522.133,$GBGSV,1,1,02,09,38,002,31,10,63,142,37,3*73
1780395522.133,$GBGSV,3,1,10,01,42,106,,02,63,244,,03,72,138,,04,22,095,,0*75
1780395522.134,$GBGSV,3,2,10,04,22,095,,21,14,053,,24,38,154,,25,04,202,,0*71
1780395522.135,$GBGSV,3,3,10,25,04,202,,26,37,091,,0*7D
1780395522.135,$GNGLL,1339.08271,N,10029.57924,E,101842.00,A,D*7F
1780395523.112,$GNRMC,101843.00,A,1339.08304,N,10029.57926,E,1.144,2.74,020626,0.53,W,R,V*5A
1780395523.114,$GNVTG,2.74,T,3.27,M,1.144,N,2.119,K,D*34
1780395523.116,$GNGGA,101843.00,1339.08304,N,10029.57926,E,4,12,0.71,-1.0,M,-27.8,M,,0499*47
1780395523.116,$GNGSA,A,3,10,18,23,32,25,29,,,,,,,1.20,0.71,0.97,1*0E
1780395523.117,$GNGSA,A,3,66,75,88,76,81,87,,,,,,,1.20,0.71,0.97,2*0C
1780395523.117,$GNGSA,A,3,05,12,04,06,09,10,11,36,,,,,1.20,0.71,0.97,3*01
1780395523.118,$GNGSA,A,3,06,07,08,09,10,13,14,34,,,,,1.20,0.71,0.97,4*0E
1780395523.118,$GPGSV,3,1,09,10,22,329,38,18,82,174,41,23,41,007,37,25,18,156,20,1*60
1780395523.119,$GPGSV,3,2,09,29,15,180,34,32,32,273,38,41,64,233,42,42,70,217,41,1*63
1780395523.119,$GPGSV,3,3,09,50,55,115,36,1*58
1780395523.120,$GPGSV,2,1,06,10,22,329,29,18,82,174,41,23,41,007,35,24,39,044,17,6*6F
1780395523.120,$GPGSV,2,2,06,29,15,180,29,32,32,273,32,6*6F
1780395523.121,$GPGSV,2,1,07,05,04,105,,12,13,119,,13,18,118,,15,10,047,,0*69
1780395523.122,$GPGSV,2,2,07,15,10,047,,27,05,291,,28,17,208,,0*58
1780395523.122,$GLGSV,2,1,06,65,23,013,20,66,28,318,34,76,27,133,25,81,25,324,38,1*7A
1780395523.123,$GLGSV,2,2,06,87,23,169,34,88,67,259,37,1*72
1780395523.124,$GLGSV,2,1,06,66,28,318,34,67,04,268,25,75,21,073,21,76,27,133,23,3*74
1780395523.124,$GLGSV,2,2,06,81,25,324,36,88,67,259,34,3*7A
1780395523.124,$GLGSV,1,1,01,77,08,177,,0*41
1780395523.125,$GAGSV,2,1,08,04,35,021,21,05,23,249,32,06,53,354,38,09,57,306,37,2*76
1780395523.126,$GAGSV,2,2,08,10,69,125,39,11,77,356,35,12,44,137,32,36,26,329,30,2*77
1780395523.127,$GAGSV,2,1,08,04,35,021,25,05,23,249,34,06,53,354,39,09,57,306,38,7*7F
1780395523.128,$GAGSV,2,2,08,10,69,125,39,11,77,356,36,12,44,137,36,36,26,329,35,7*70
1780395523.129,$GAGSV,1,1,04,16,08,187,,23,00,091,,28,16,036,,31,12,136,,0*75
1780395523.129,$GBGSV,2,1,08,06,40,036,27,07,68,115,42,08,22,178,34,09,38,002,37,1*70
1780395523.130,$GBGSV,2,2,08,10,63,142,41,13,29,302,35,14,29,032,20,34,42,189,35,1*7C
1780395523.130,$GBGSV,1,1,02,09,38,002,32,10,63,142,36,3*71
1780395523.131,$GBGSV,3,1,10,01,42,106,,02,63,244,,03,72,138,,04,22,095,,0*75
1780395523.132,$GBGSV,3,2,10,04,22,095,,21,14,053,,24,38,154,,25,04,202,,0*71
1780395523.132,$GBGSV,3,3,10,25,04,202,,26,37,091,,0*7D
1780395523.133,$GNGLL,1339.08304,N,10029.57926,E,101843.00,A,D*7F
1780395524.105,$GNRMC,101844.00,A,1339.08335,N,10029.57927,E,1.176,4.58,020626,0.53,W,R,V*57
1780395524.107,$GNVTG,4.58,T,5.11,M,1.176,N,2.177,K,D*36
1780395524.109,$GNGGA,101844.00,1339.08335,N,10029.57927,E,4,12,0.79,-1.0,M,-27.8,M,,0499*4B
1780395524.109,$GNGSA,A,3,10,18,23,32,29,,,,,,,,1.34,0.79,1.08,1*03
1780395524.110,$GNGSA,A,3,66,75,88,76,81,87,65,,,,,,1.34,0.79,1.08,2*05
1780395524.110,$GNGSA,A,3,05,12,04,06,09,10,11,36,,,,,1.34,0.79,1.08,3*0B
1780395524.111,$GNGSA,A,3,06,07,08,09,10,13,34,,,,,,1.34,0.79,1.08,4*01
1780395524.111,$GPGSV,3,1,09,10,22,329,35,18,82,174,42,23,41,007,39,25,18,156,19,1*6A
1780395524.112,$GPGSV,3,2,09,29,15,180,31,32,32,273,38,41,64,233,42,42,70,217,41,1*66
1780395524.112,$GPGSV,3,3,09,50,55,115,33,1*5D
1780395524.113,$GPGSV,2,1,06,10,22,329,23,18,82,174,41,23,41,007,36,24,39,044,16,6*67
1780395524.113,$GPGSV,2,2,06,29,15,180,28,32,32,273,32,6*6E
1780395524.114,$GPGSV,2,1,07,05,04,105,,12,13,119,,13,18,118,,15,10,047,,0*69
1780395524.115,$GPGSV,2,2,07,15,10,047,,27,05,291,,28,17,208,,0*58
1780395524.115,$GLGSV,2,1,06,65,23,013,21,66,28,318,39,76,27,133,24,81,25,324,37,1*78
1780395524.116,$GLGSV,2,2,06,87,23,169,34,88,67,259,42,1*70
1780395524.116,$GLGSV,2,1,06,66,28,318,36,67,04,268,23,75,21,073,22,76,27,133,23,3*73
1780395524.117,$GLGSV,2,2,06,81,25,324,36,88,67,259,39,3*77
1780395524.117,$GLGSV,1,1,01,77,08,177,,0*41
1780395524.118,$GAGSV,2,1,08,04,35,021,20,05,23,249,31,06,53,354,38,09,57,306,37,2*74
1780395524.119,$GAGSV,2,2,08,10,69,125,39,11,77,356,35,12,44,137,35,36,26,329,29,2*78
1780395524.120,$GAGSV,2,1,08,04,35,021,24,05,23,249,29,06,53,354,39,09,57,306,39,7*73
1780395524.121,$GAGSV,2,2,08,10,69,125,39,11,77,356,37,12,44,137,35,36,26,329,32,7*75
1780395524.121,$GAGSV,1,1,04,16,08,187,,23,00,091,,28,16,036,,31,12,136,,0*75
1780395524.122,$GBGSV,2,1,08,06,40,036,32,07,68,115,42,08,22,178,35,09,38,002,38,1*7A
1780395524.123,$GBGSV,2,2,08,10,63,142,41,13,29,302,30,14,29,032,19,34,42,189,39,1*7F
1780395524.123,$GBGSV,1,1,02,09,38,002,32,10,63,142,36,3*71
1780395524.124,$GBGSV,3,1,10,01,42,106,,02,63,244,,03,72,138,,04,22,095,,0*75
1780395524.124,$GBGSV,3,2,10,04,22,095,,21,14,053,,24,38,154,,25,04,202,,0*71
1780395524.124,$GBGSV,3,3,10,25,04,202,,26,37,091,,0*7D
1780395524.125,$GNGLL,1339.08335,N,10029.57927,E,101844.00,A,D*7B
1780395525.124,$GNRMC,101845.00,A,1339.08368,N,10029.57929,E,1.202,4.79,020626,0.53,W,R,V*53
1780395525.126,$GNVTG,4.79,T,5.31,M,1.202,N,2.225,K,D*33
1780395525.129,$GNGGA,101845.00,1339.08368,N,10029.57929,E,4,12,0.78,-1.0,M,-27.8,M,,0499*4D
1780395525.130,$GNGSA,A,3,10,18,23,32,25,29,,,,,,,1.26,0.78,0.99,1*0F
1780395525.131,$GNGSA,A,3,66,75,88,76,81,87,65,,,,,,1.26,0.78,0.99,2*0E
1780395525.131,$GNGSA,A,3,05,12,04,06,09,10,11,36,,,,,1.26,0.78,0.99,3*00
1780395525.132,$GNGSA,A,3,06,07,08,09,10,13,34,,,,,,1.26,0.78,0.99,4*0A
1780395525.132,$GPGSV,3,1,09,10,22,329,36,18,82,174,42,23,41,007,39,25,18,156,30,1*62
1780395525.133,$GPGSV,3,2,09,29,15,180,36,32,32,273,38,41,64,233,43,42,70,217,40,1*61
1780395525.133,$GPGSV,3,3,09,50,55,115,35,1*5B
1780395525.134,$GPGSV,2,1,06,10,22,329,30,18,82,174,41,23,41,007,36,24,39,044,14,6*67
1780395525.135,$GPGSV,2,2,06,29,15,180,27,32,32,273,32,6*61
1780395525.135,$GPGSV,2,1,07,05,04,105,,12,13,119,,13,18,118,,15,10,047,,0*69
1780395525.136,$GPGSV,2,2,07,15,10,047,,27,05,291,,28,17,208,,0*58
1780395525.136,$GLGSV,2,1,06,65,23,013,23,66,28,318,37,76,27,133,24,81,25,324,37,1*74
1780395525.137,$GLGSV,2,2,06,87,23,169,35,88,67,259,44,1*77
1780395525.137,$GLGSV,2,1,06,66,28,318,39,67,04,268,22,75,21,073,20,76,27,133,24,3*78
1780395525.138,$GLGSV,2,2,06,81,25,324,37,88,67,259,43,3*7B
1780395525.138,$GLGSV,1,1,01,77,08,177,,0*41
1780395525.139,$GAGSV,2,1,08,04,35,021,21,05,23,249,29,06,53,354,37,09,57,306,37,2*73
1780395525.140,$GAGSV,2,2,08,10,69,125,39,11,77,356,35,12,44,137,35,36,26,329,30,2*70
1780395525.140,$GAGSV,2,1,08,04,35,021,24,05,23,249,30,06,53,354,39,09,57,306,41,7*74
1780395525.141,$GAGSV,2,2,08,10,69,125,41,11,77,356,37,12,44,137,32,36,26,329,31,7*7E
1780395525.141,$GAGSV,1,1,04,16,08,187,,23,00,091,,28,16,036,,31,12,136,,0*75
1780395525.142,$GBGSV,2,1,08,06,40,036,31,07,68,115,42,08,22,178,37,09,38,002,38,1*7B
1780395525.143,$GBGSV,2,2,08,10,63,142,39,13,29,302,29,14,29,032,18,34,42,189,39,1*79
1780395525.143,$GBGSV,1,1,02,09,38,002,32,10,63,142,37,3*70
1780395525.144,$GBGSV,3,1,10,01,42,106,,02,63,244,,03,72,138,,04,22,095,,0*75
1780395525.145,$GBGSV,3,2,10,04,22,095,,21,14,053,,24,38,154,,25,04,202,,0*71
1780395525.145,$GBGSV,3,3,10,25,04,202,,26,37,091,,0*7D
1780395525.145,$GNGLL,1339.08368,N,10029.57929,E,101845.00,A,D*7C
1780395526.115,$GNRMC,101846.00,A,1339.08401,N,10029.57932,E,1.222,4.12,020626,0.53,W,R,V*5D
1780395526.117,$GNVTG,4.12,T,4.65,M,1.222,N,2.263,K,D*3E
1780395526.119,$GNGGA,101846.00,1339.08401,N,10029.57932,E,4,12,0.78,-1.0,M,-27.8,M,,0499*4C
1780395526.119,$GNGSA,A,3,10,18,23,32,25,29,,,,,,,1.26,0.78,0.99,1*0F
1780395526.120,$GNGSA,A,3,66,75,88,76,81,87,65,,,,,,1.26,0.78,0.99,2*0E
1780395526.120,$GNGSA,A,3,05,12,04,06,09,10,11,36,,,,,1.26,0.78,0.99,3*00
1780395526.121,$GNGSA,A,3,06,07,08,09,10,13,34,,,,,,1.26,0.78,0.99,4*0A
1780395526.121,$GPGSV,3,1,09,10,22,329,35,18,82,174,42,23,41,007,40,25,18,156,30,1*6F
1780395526.122,$GPGSV,3,2,09,29,15,180,35,32,32,273,40,41,64,233,43,42,70,217,41,1*6C
1780395526.122,$GPGSV,3,3,09,50,55,115,38,1*56
1780395526.123,$GPGSV,2,1,06,10,22,329,29,18,82,174,41,23,41,007,35,24,39,044,16,6*6E
1780395526.124,$GPGSV,2,2,06,29,15,180,28,32,32,273,34,6*68
1780395526.124,$GPGSV,2,1,07,05,04,105,,12,13,119,,13,18,118,,15,10,047,,0*69
1780395526.125,$GPGSV,2,2,07,15,10,047,,27,05,291,,28,17,208,,0*58
1780395526.126,$GLGSV,2,1,06,65,23,013,23,66,28,318,38,76,27,133,24,81,25,324,37,1*7B
1780395526.126,$GLGSV,2,2,06,87,23,169,33,88,67,259,43,1*76
1780395526.127,$GLGSV,2,1,06,66,28,318,38,67,04,268,23,75,21,073,21,76,27,133,23,3*7E
1780395526.127,$GLGSV,2,2,06,81,25,324,38,88,67,259,43,3*74
1780395526.128,$GLGSV,1,1,01,77,08,177,,0*41
1780395526.128,$GAGSV,2,1,08,04,35,021,20,05,23,249,29,06,53,354,37,09,57,306,37,2*72
1780395526.129,$GAGSV,2,2,08,10,69,125,38,11,77,356,35,12,44,137,35,36,26,329,30,2*71
1780395526.130,$GAGSV,2,1,08,04,35,021,25,05,23,249,30,06,53,354,39,09,57,306,39,7*7A
1780395526.131,$GAGSV,2,2,08,10,69,125,41,11,77,356,37,12,44,137,33,36,26,329,30,7*7E
1780395526.131,$GAGSV,1,1,04,16,08,187,,23,00,091,,28,16,036,,31,12,136,,0*75
1780395526.132,$GBGSV,2,1,08,06,40,036,30,07,68,115,41,08,22,178,37,09,38,002,38,1*79
1780395526.133,$GBGSV,2,2,08,10,63,142,40,13,29,302,30,14,29,032,16,34,42,189,36,1*7E
1780395526.133,$GBGSV,1,1,02,09,38,002,33,10,63,142,37,3*71
1780395526.134,$GBGSV,3,1,10,01,42,106,,02,63,244,,03,72,138,,04,22,095,,0*75
1780395526.134,$GBGSV,3,2,10,04,22,095,,21,14,053,,24,38,154,,25,04,202,,0*71
1780395526.135,$GBGSV,3,3,10,25,04,202,,26,37,091,,0*7D
1780395526.135,$GNGLL,1339.08401,N,10029.57932,E,101846.00,A,D*7D
1780395527.114,$GNRMC,101847.00,A,1339.08434,N,10029.57932,E,1.156,0.69,020626,0.53,W,R,V*52
1780395527.116,$GNVTG,0.69,T,1.22,M,1.156,N,2.140,K,D*32
1780395527.118,$GNGGA,101847.00,1339.08434,N,10029.57932,E,4,12,0.78,-1.0,M,-27.8,M,,0499*4B
1780395527.119,$GNGSA,A,3,10,18,23,32,25,29,,,,,,,1.26,0.78,0.99,1*0F
1780395527.119,$GNGSA,A,3,66,75,88,76,81,87,65,,,,,,1.26,0.78,0.99,2*0E
1780395527.120,$GNGSA,A,3,05,12,04,06,09,10,11,36,,,,,1.26,0.78,0.99,3*00
1780395527.120,$GNGSA,A,3,06,07,08,09,10,13,34,,,,,,1.26,0.78,0.99,4*0A
1780395527.121,$GPGSV,3,1,09,10,22,329,34,18,82,174,41,23,41,007,40,25,18,156,30,1*6D
1780395527.122,$GPGSV,3,2,09,29,15,180,35,32,32,273,40,41,64,233,41,42,70,217,41,1*6E
1780395527.122,$GPGSV,3,3,09,50,55,115,38,1*56
1780395527.123,$GPGSV,2,1,06,10,22,329,29,18,82,174,41,23,41,007,35,24,39,044,16,6*6E
1780395527.123,$GPGSV,2,2,06,29,15,180,27,32,32,273,32,6*61
1780395527.124,$GPGSV,2,1,07,05,04,105,,12,13,119,,13,18,118,,15,10,047,,0*69
1780395527.125,$GPGSV,2,2,07,15,10,047,,27,05,291,,28,17,208,,0*58
1780395527.125,$GLGSV,2,1,06,65,23,013,22,66,28,318,38,76,27,133,23,81,25,324,37,1*7D
1780395527.126,$GLGSV,2,2,06,87,23,169,33,88,67,259,41,1*74
1780395527.127,$GLGSV,2,1,06,66,28,318,39,67,04,268,22,75,21,073,21,76,27,133,22,3*7F
1780395527.127,$GLGSV,2,2,06,81,25,324,35,88,67,259,43,3*79
1780395527.127,$GLGSV,1,1,01,77,08,177,,0*41
1780395527.128,$GAGSV,2,1,08,04,35,021,21,05,23,249,29,06,53,354,37,09,57,306,38,2*7C
1780395527.129,$GAGSV,2,2,08,10,69,125,38,11,77,356,35,12,44,137,33,36,26,329,30,2*77
1780395527.130,$GAGSV,2,1,08,04,35,021,24,05,23,249,29,06,53,354,40,09,57,306,39,7*7D
1780395527.130,$GAGSV,2,2,08,10,69,125,41,11,77,356,37,12,44,137,34,36,26,329,34,7*7D
1780395527.131,$GAGSV,1,1,04,16,08,187,,23,00,091,,28,16,036,,31,12,136,,0*75
1780395527.132,$GBGSV,2,1,08,06,40,036,25,07,68,115,42,08,22,178,37,09,38,002,38,1*7E
1780395527.133,$GBGSV,2,2,08,10,63,142,40,13,29,302,31,14,29,032,16,34,42,189,33,1*7A
1780395527.133,$GBGSV,1,1,02,09,38,002,33,10,63,142,37,3*71
1780395527.134,$GBGSV,3,1,10,01,42,106,,02,63,244,,03,72,138,,04,22,095,,0*75
1780395527.134,$GBGSV,3,2,10,04,22,095,,21,14,053,,24,38,154,,25,04,202,,0*71
1780395527.135,$GBGSV,3,3,10,25,04,202,,26,37,091,,0*7D
1780395527.135,$GNGLL,1339.08434,N,10029.57932,E,101847.00,A,D*7A
1780395528.120,$GNRMC,101848.00,A,1339.08468,N,10029.57932,E,1.237,0.74,020626,0.53,W,R,V*5C
1780395528.122,$GNVTG,0.74,T,1.27,M,1.237,N,2.291,K,D*30
1780395528.123,$GNGGA,101848.00,1339.08468,N,10029.57932,E,4,12,0.78,-1.0,M,-27.8,M,,0499*4D
1780395528.124,$GNGSA,A,3,10,18,23,32,25,29,,,,,,,1.26,0.78,0.99,1*0F
1780395528.125,$GNGSA,A,3,66,75,88,76,81,87,65,,,,,,1.26,0.78,0.99,2*0E
1780395528.125,$GNGSA,A,3,05,12,04,06,09,10,11,36,,,,,1.26,0.78,0.99,3*00
1780395528.126,$GNGSA,A,3,06,07,08,09,10,13,34,,,,,,1.26,0.78,0.99,4*0A
1780395528.126,$GPGSV,3,1,10,10,22,329,34,13,18,118,21,18,82,174,40,23,41,007,40,1*6B
1780395528.127,$GPGSV,3,2,10,25,18,156,31,29,15,180,35,32,32,273,38,41,64,233,40,1*66
1780395528.128,$GPGSV,3,3,10,42,70,217,41,50,55,115,37,1*61
1780395528.128,$GPGSV,2,1,06,10,22,329,28,18,82,174,41,23,41,007,36,24,39,044,15,6*6F
1780395528.129,$GPGSV,2,2,06,29,15,180,27,32,32,273,32,6*61
1780395528.129,$GPGSV,2,1,06,05,04,105,,12,13,119,,15,10,047,,27,05,291,,0*61
1780395528.130,$GPGSV,2,2,06,27,05,291,,28,17,208,,0*6F
1780395528.131,$GLGSV,2,1,06,65,23,013,21,66,28,318,40,76,27,133,23,81,25,324,38,1*7E
1780395528.132,$GLGSV,2,2,06,87,23,169,34,88,67,259,42,1*70
1780395528.132,$GLGSV,2,1,06,66,28,318,40,67,04,268,23,75,21,073,21,76,27,133,23,3*71
1780395528.133,$GLGSV,2,2,06,81,25,324,32,88,67,259,42,3*7F
1780395528.133,$GLGSV,1,1,01,77,08,177,,0*41
1780395528.134,$GAGSV,2,1,08,04,35,021,22,05,23,249,29,06,53,354,38,09,57,306,37,2*7F
1780395528.135,$GAGSV,2,2,08,10,69,125,38,11,77,356,35,12,44,137,32,36,26,329,30,2*76
1780395528.135,$GAGSV,2,1,08,04,35,021,22,05,23,249,30,06,53,354,40,09,57,306,39,7*73
1780395528.136,$GAGSV,2,2,08,10,69,125,39,11,77,356,37,12,44,137,34,36,26,329,34,7*72
1780395528.137,$GAGSV,1,1,04,16,08,187,,23,00,091,,28,16,036,,31,12,136,,0*75
1780395528.137,$GBGSV,2,1,08,06,40,036,32,07,68,115,42,08,22,178,35,09,38,002,38,1*7A
1780395528.138,$GBGSV,2,2,08,10,63,142,42,13,29,302,24,14,29,032,16,34,42,189,37,1*78
1780395528.139,$GBGSV,1,1,02,09,38,002,32,10,63,142,36,3*71
1780395528.139,$GBGSV,3,1,10,01,42,106,,02,63,244,,03,72,138,,04,22,095,,0*75
1780395528.140,$GBGSV,3,2,10,04,22,095,,21,14,053,,24,38,154,,25,04,202,,0*71
1780395528.140,$GBGSV,3,3,10,25,04,202,,26,37,091,,0*7D
1780395528.141,$GNGLL,1339.08468,N,10029.57932,E,101848.00,A,D*7C
1780395529.118,$GNRMC,101849.00,A,1339.08501,N,10029.57932,E,1.259,0.89,020626,0.53,W,R,V*59
1780395529.120,$GNVTG,0.89,T,1.42,M,1.259,N,2.333,K,D*30
1780395529.121,$GNGGA,101849.00,1339.08501,N,10029.57932,E,4,12,0.78,-1.0,M,-27.8,M,,0499*42
1780395529.122,$GNGSA,A,3,10,18,23,32,25,29,,,,,,,1.26,0.78,0.99,1*0F
1780395529.123,$GNGSA,A,3,66,75,88,76,81,87,,,,,,,1.26,0.78,0.99,2*0D
1780395529.123,$GNGSA,A,3,05,12,04,06,09,10,11,36,,,,,1.26,0.78,0.99,3*00
1780395529.124,$GNGSA,A,3,06,07,08,09,10,13,34,,,,,,1.26,0.78,0.99,4*0A
1780395529.124,$GPGSV,3,1,09,10,22,329,36,18,82,174,41,23,41,007,39,25,18,156,30,1*61
1780395529.125,$GPGSV,3,2,09,29,15,180,35,32,32,273,38,41,64,233,40,42,70,217,41,1*60
1780395529.125,$GPGSV,3,3,09,50,55,115,37,1*59
1780395529.126,$GPGSV,2,1,06,10,22,329,33,18,82,174,41,23,41,007,35,24,39,044,16,6*65
1780395529.127,$GPGSV,2,2,06,29,15,180,28,32,32,273,31,6*6D
1780395529.127,$GPGSV,2,1,07,05,04,105,,12,13,119,,13,18,118,,15,10,047,,0*69
1780395529.128,$GPGSV,2,2,07,15,10,047,,27,05,291,,28,17,208,,0*58
1780395529.129,$GLGSV,2,1,06,65,23,013,19,66,28,318,38,76,27,133,22,81,25,324,34,1*77
1780395529.130,$GLGSV,2,2,06,87,23,169,31,88,67,259,42,1*75
1780395529.130,$GLGSV,2,1,06,66,28,318,36,67,04,268,20,75,21,073,20,76,27,133,22,3*73
1780395529.131,$GLGSV,2,2,06,81,25,324,35,88,67,259,41,3*7B
1780395529.131,$GLGSV,1,1,01,77,08,177,,0*41
1780395529.132,$GAGSV,2,1,08,04,35,021,22,05,23,249,33,06,53,354,37,09,57,306,37,2*7B
1780395529.133,$GAGSV,2,2,08,10,69,125,38,11,77,356,34,12,44,137,32,36,26,329,31,2*76
1780395529.133,$GAGSV,2,1,07,05,23,249,35,06,53,354,39,09,57,306,39,10,69,125,38,7*75
1780395529.134,$GAGSV,2,2,07,11,77,356,37,12,44,137,34,36,26,329,34,7*4F
1780395529.134,$GAGSV,1,1,04,16,08,187,,23,00,091,,28,15,037,,31,12,136,,0*77
1780395529.135,$GBGSV,2,1,08,06,40,036,32,07,68,115,42,08,22,178,36,09,38,002,38,1*79
1780395529.136,$GBGSV,2,2,08,10,63,142,42,13,29,302,37,14,29,032,18,34,42,189,38,1*7B
1780395529.136,$GBGSV,1,1,02,09,38,002,32,10,63,142,37,3*70
1780395529.137,$GBGSV,3,1,10,01,42,106,,02,63,244,,03,72,138,,04,22,095,,0*75
1780395529.138,$GBGSV,3,2,10,04,22,095,,21,14,053,,24,38,154,,25,04,202,,0*71
1780395529.138,$GBGSV,3,3,10,25,04,202,,26,37,091,,0*7D
1780395529.139,$GNGLL,1339.08501,N,10029.57932,E,101849.00,A,D*73
1780395530.116,$GNRMC,101850.00,A,1339.08538,N,10029.57931,E,1.297,358.78,020626,0.53,W,R,V*5A
1780395530.118,$GNVTG,358.78,T,359.31,M,1.297,N,2.402,K,D*3D
1780395530.119,$GNGGA,101850.00,1339.08538,N,10029.57931,E,4,12,0.78,-1.0,M,-27.8,M,,0499*43
1780395530.120,$GNGSA,A,3,10,18,23,32,25,29,,,,,,,1.26,0.78,0.99,1*0F
1780395530.120,$GNGSA,A,3,66,88,76,81,87,,,,,,,,1.26,0.78,0.99,2*0F
1780395530.121,$GNGSA,A,3,05,12,04,06,09,10,11,36,,,,,1.26,0.78,0.99,3*00
1780395530.121,$GNGSA,A,3,06,07,08,09,10,13,34,,,,,,1.26,0.78,0.99,4*0A
1780395530.122,$GPGSV,3,1,10,10,22,329,38,18,82,174,41,23,41,007,39,25,18,156,29,1*6F
1780395530.124,$GPGSV,3,2,10,27,05,291,19,29,15,180,35,32,32,273,32,41,64,233,40,1*60
1780395530.125,$GPGSV,3,3,10,42,70,217,40,50,55,115,36,1*61
1780395530.126,$GPGSV,2,1,06,10,22,329,32,18,82,174,41,23,41,007,37,24,39,044,19,6*69
1780395530.127,$GPGSV,2,2,06,29,15,180,28,32,32,273,32,6*6E
1780395530.128,$GPGSV,2,1,06,05,04,105,,12,13,119,,13,18,118,,15,10,047,,0*68
1780395530.128,$GPGSV,2,2,06,15,10,047,,28,17,208,,0*63
1780395530.129,$GLGSV,2,1,06,65,23,013,18,66,28,318,40,76,27,133,21,81,25,324,36,1*78
1780395530.129,$GLGSV,2,2,06,87,23,169,33,88,67,259,42,1*77
1780395530.130,$GLGSV,2,1,06,66,28,318,34,67,04,268,21,75,21,073,18,76,27,133,21,3*78
1780395530.130,$GLGSV,2,2,06,81,25,324,37,88,67,259,41,3*79
1780395530.131,$GLGSV,1,1,01,77,08,177,,0*41
1780395530.131,$GAGSV,2,1,08,04,35,021,22,05,23,249,34,06,53,354,37,09,57,306,37,2*7C
1780395530.132,$GAGSV,2,2,08,10,69,125,38,11,77,356,35,12,44,137,32,36,26,329,33,2*75
1780395530.133,$GAGSV,2,1,07,05,23,249,32,06,53,354,39,09,57,306,39,10,69,125,40,7*7D
1780395530.133,$GAGSV,2,2,07,11,77,356,37,12,44,137,34,36,26,329,34,7*4F
1780395530.134,$GAGSV,1,1,04,16,08,187,,23,00,091,,28,15,037,,31,12,136,,0*77
1780395530.134,$GBGSV,2,1,08,06,40,036,35,07,68,115,41,08,22,178,33,09,38,002,40,1*77
1780395530.135,$GBGSV,2,2,08,10,63,142,41,13,29,302,37,14,29,032,18,34,42,189,38,1*78
1780395530.136,$GBGSV,1,1,02,09,38,002,32,10,63,142,36,3*71
1780395530.136,$GBGSV,3,1,10,01,42,106,,02,63,244,,03,72,138,,04,22,095,,0*75
1780395530.137,$GBGSV,3,2,10,04,22,095,,21,14,053,,24,38,154,,25,04,202,,0*71
1780395530.137,$GBGSV,3,3,10,25,04,202,,26,37,091,,0*7D
1780395530.138,$GNGLL,1339.08538,N,10029.57931,E,101850.00,A,D*72
1780395531.119,$GNRMC,101851.00,A,1339.08574,N,10029.57930,E,1.293,356.16,020626,0.53,W,R,V*50
1780395531.121,$GNVTG,356.16,T,356.69,M,1.293,N,2.395,K,D*34
1780395531.122,$GNGGA,101851.00,1339.08574,N,10029.57930,E,4,12,0.78,-1.0,M,-27.8,M,,0499*4B
1780395531.123,$GNGSA,A,3,10,18,23,32,25,29,,,,,,,1.26,0.78,0.99,1*0F
1780395531.123,$GNGSA,A,3,66,88,76,81,87,,,,,,,,1.26,0.78,0.99,2*0F
1780395531.124,$GNGSA,A,3,05,12,04,06,09,10,11,36,,,,,1.26,0.78,0.99,3*00
1780395531.124,$GNGSA,A,3,06,07,08,09,10,13,34,,,,,,1.26,0.78,0.99,4*0A
1780395531.125,$GPGSV,3,1,10,10,22,329,35,18,82,174,40,23,41,007,38,25,18,156,29,1*62
1780395531.125,$GPGSV,3,2,10,28,17,208,21,29,15,180,35,32,32,273,39,41,64,233,40,1*6C
1780395531.126,$GPGSV,3,3,10,42,70,217,40,50,55,115,35,1*62
1780395531.127,$GPGSV,2,1,06,10,22,329,29,18,82,174,41,23,41,007,37,24,39,044,19,6*63
1780395531.127,$GPGSV,2,2,06,29,15,180,28,32,32,273,32,6*6E
1780395531.128,$GPGSV,2,1,06,05,04,105,,12,13,119,,13,18,118,,15,10,047,,0*68
1780395531.128,$GPGSV,2,2,06,15,10,047,,27,05,291,,0*6F
1780395531.129,$GLGSV,2,1,06,65,23,013,17,66,28,318,37,76,27,133,22,81,25,324,38,1*7A
1780395531.129,$GLGSV,2,2,06,87,23,169,32,88,67,259,42,1*76
1780395531.130,$GLGSV,2,1,06,66,28,318,30,67,04,268,20,75,21,073,16,76,27,133,20,3*72
1780395531.131,$GLGSV,2,2,06,81,25,324,29,88,67,259,41,3*76
1780395531.131,$GLGSV,1,1,01,77,08,177,,0*41
1780395531.131,$GAGSV,2,1,08,04,35,021,23,05,23,249,30,06,53,354,37,09,57,306,37,2*79
1780395531.132,$GAGSV,2,2,08,10,69,125,37,11,77,356,35,12,44,137,33,36,26,329,32,2*7A
1780395531.133,$GAGSV,2,1,07,05,23,249,36,06,53,354,38,09,57,306,39,10,69,125,39,7*76
1780395531.134,$GAGSV,2,2,07,11,77,356,37,12,44,137,34,36,26,329,35,7*4E
1780395531.134,$GAGSV,1,1,04,16,08,187,,23,00,091,,28,15,037,,31,12,136,,0*77
1780395531.135,$GBGSV,2,1,08,06,40,036,37,07,68,115,40,08,22,178,35,09,38,002,40,1*72
1780395531.135,$GBGSV,2,2,08,10,63,142,40,13,29,302,36,14,29,032,18,34,42,189,40,1*77
1780395531.136,$GBGSV,1,1,02,09,38,002,31,10,63,142,37,3*73
1780395531.136,$GBGSV,3,1,10,01,42,106,,02,63,244,,03,72,138,,04,22,095,,0*75
1780395531.137,$GBGSV,3,2,10,04,22,095,,21,14,053,,24,38,154,,25,04,202,,0*71
1780395531.137,$GBGSV,3,3,10,25,04,202,,26,37,091,,0*7D
1780395531.138,$GNGLL,1339.08574,N,10029.57930,E,101851.00,A,D*7A
1780395532.115,$GNRMC,101852.00,A,1339.08610,N,10029.57928,E,1.326,359.53,020626,0.53,W,R,V*5A
1780395532.117,$GNVTG,359.53,T,0.06,M,1.326,N,2.455,K,D*37
1780395532.118,$GNGGA,101852.00,1339.08610,N,10029.57928,E,4,12,0.78,-1.0,M,-27.8,M,,0499*40
1780395532.119,$GNGSA,A,3,10,18,23,32,25,29,,,,,,,1.26,0.78,0.99,1*0F
1780395532.119,$GNGSA,A,3,66,88,76,81,87,,,,,,,,1.26,0.78,0.99,2*0F
1780395532.120,$GNGSA,A,3,05,12,04,06,09,10,11,36,,,,,1.26,0.78,0.99,3*00
1780395532.120,$GNGSA,A,3,06,07,08,09,10,13,34,,,,,,1.26,0.78,0.99,4*0A
1780395532.121,$GPGSV,3,1,11,10,22,329,35,18,82,174,42,23,41,007,40,24,39,044,27,1*60
1780395532.122,$GPGSV,3,2,11,25,18,156,28,28,17,208,31,29,15,180,35,32,32,273,37,1*65
1780395532.122,$GPGSV,3,3,11,41,64,233,43,42,70,217,40,50,55,115,30,1*54
1780395532.123,$GPGSV,2,1,06,10,22,329,29,18,82,174,40,23,41,007,37,24,39,044,19,6*62
1780395532.124,$GPGSV,2,2,06,29,15,180,28,32,32,273,31,6*6D
1780395532.124,$GPGSV,2,1,06,05,04,105,,12,13,119,,13,18,118,,15,10,047,,0*68
1780395532.125,$GPGSV,2,2,06,15,10,047,,27,05,291,,0*6F
1780395532.125,$GLGSV,2,1,06,65,23,013,15,66,28,318,39,76,27,133,22,81,25,324,38,1*76
1780395532.126,$GLGSV,2,2,06,87,23,169,33,88,67,259,43,1*76
1780395532.127,$GLGSV,2,1,06,66,28,318,37,67,04,268,20,75,21,073,16,76,27,133,21,3*74
1780395532.128,$GLGSV,2,2,06,81,25,324,36,88,67,259,41,3*78
1780395532.128,$GLGSV,1,1,01,77,08,177,,0*41
1780395532.129,$GAGSV,2,1,08,04,35,021,22,05,23,249,33,06,53,354,37,09,57,306,37,2*7B
1780395532.129,$GAGSV,2,2,08,10,69,125,38,11,77,356,35,12,44,137,34,36,26,329,31,2*71
1780395532.130,$GAGSV,2,1,07,05,23,249,32,06,53,354,38,09,57,306,39,10,69,125,39,7*72
1780395532.131,$GAGSV,2,2,07,11,77,356,37,12,44,137,35,36,26,329,33,7*49
1780395532.131,$GAGSV,1,1,04,16,08,187,,23,00,091,,28,15,037,,31,12,136,,0*77
1780395532.132,$GBGSV,2,1,08,06,40,036,39,07,68,115,39,08,22,178,34,09,38,002,40,1*73
1780395532.133,$GBGSV,2,2,08,10,63,142,39,13,29,302,37,14,29,032,17,34,42,189,41,1*76
1780395532.133,$GBGSV,1,1,02,09,38,002,32,10,63,142,37,3*70
1780395532.134,$GBGSV,3,1,10,01,42,106,,02,63,244,,03,72,138,,04,22,095,,0*75
1780395532.134,$GBGSV,3,2,10,04,22,095,,21,14,053,,24,38,154,,25,04,202,,0*71
1780395532.135,$GBGSV,3,3,10,25,04,202,,26,37,091,,0*7D
1780395532.135,$GNGLL,1339.08610,N,10029.57928,E,101852.00,A,D*71
1780395533.121,$GNRMC,101853.00,A,1339.08646,N,10029.57926,E,1.301,358.25,020626,0.53,W,R,V*53
1780395533.123,$GNVTG,358.25,T,358.78,M,1.301,N,2.409,K,D*3C
1780395533.126,$GNGGA,101853.00,1339.08646,N,10029.57926,E,4,12,0.72,-1.0,M,-27.8,M,,0499*46
1780395533.128,$GNGSA,A,3,10,18,23,24,32,25,29,,,,,,1.22,0.72,0.99,1*07
1780395533.129,$GNGSA,A,3,66,88,76,81,87,,,,,,,,1.22,0.72,0.99,2*01
1780395533.131,$GNGSA,A,3,05,12,04,06,09,10,11,36,,,,,1.22,0.72,0.99,3*0E
1780395533.133,$GNGSA,A,3,06,07,08,09,10,13,34,,,,,,1.22,0.72,0.99,4*04
1780395533.135,$GPGSV,3,1,11,10,22,329,37,18,82,174,41,23,41,007,39,24,39,044,26,1*6E
1780395533.137,$GPGSV,3,2,11,25,18,156,34,28,17,208,35,29,15,180,35,32,32,273,26,1*6C
1780395533.139,$GPGSV,3,3,11,41,64,233,44,42,70,217,41,50,55,115,29,1*5A
1780395533.141,$GPGSV,2,1,06,10,22,329,30,18,82,174,39,23,41,007,37,24,39,044,21,6*6F
1780395533.143,$GPGSV,2,2,06,29,15,180,27,32,32,273,29,6*6B
1780395533.145,$GPGSV,2,1,06,05,04,105,,12,13,119,,13,18,118,,15,10,047,,0*68
1780395533.147,$GPGSV,2,2,06,15,10,047,,27,05,291,,0*6F
1780395533.149,$GLGSV,2,1,06,65,23,013,15,66,28,318,41,76,27,133,20,81,25,324,33,1*70
1780395533.150,$GLGSV,2,2,06,87,23,169,33,88,67,259,40,1*75
1780395533.152,$GLGSV,2,1,06,66,28,318,34,67,04,268,20,75,21,073,18,76,27,133,22,3*7A
1780395533.153,$GLGSV,2,2,06,81,25,324,39,88,67,259,41,3*77
1780395533.153,$GLGSV,1,1,01,77,08,177,,0*41
1780395533.154,$GAGSV,2,1,08,04,35,021,20,05,23,249,32,06,53,354,38,09,57,306,36,2*76
1780395533.155,$GAGSV,2,2,08,10,69,125,38,11,77,356,35,12,44,137,34,36,26,329,32,2*72
1780395533.157,$GAGSV,2,1,07,05,23,249,34,06,53,354,39,09,57,306,39,10,69,125,36,7*7A
1780395533.157,$GAGSV,2,2,07,11,77,356,37,12,44,137,37,36,26,329,32,7*4A
1780395533.158,$GAGSV,1,1,04,16,08,187,,23,00,091,,28,15,037,,31,12,136,,0*77
1780395533.159,$GBGSV,2,1,08,06,40,036,38,07,68,115,37,08,22,178,34,09,38,002,40,1*7C
1780395533.160,$GBGSV,2,2,08,10,63,142,39,13,29,302,35,14,29,032,16,34,42,189,38,1*7B
1780395533.160,$GBGSV,1,1,02,09,38,002,32,10,63,142,37,3*70
1780395533.161,$GBGSV,3,1,10,01,42,106,,02,63,244,,03,72,138,,04,22,095,,0*75
1780395533.162,$GBGSV,3,2,10,04,22,095,,21,14,053,,24,38,154,,25,04,202,,0*71
1780395533.162,$GBGSV,3,3,10,25,04,202,,26,37,091,,0*7D
1780395533.163,$GNGLL,1339.08646,N,10029.57926,E,101853.00,A,D*7D
1780395534.118,$GNRMC,101854.00,A,1339.08683,N,10029.57923,E,1.314,356.49,020626,0.53,W,R,V*58
1780395534.120,$GNVTG,356.49,T,357.02,M,1.314,N,2.433,K,D*37
1780395534.121,$GNGGA,101854.00,1339.08683,N,10029.57923,E,4,12,0.76,-1.0,M,-27.8,M,,0499*49
1780395534.122,$GNGSA,A,3,10,18,23,24,32,25,29,,,,,,1.25,0.76,1.00,1*05
1780395534.122,$GNGSA,A,3,66,75,88,76,81,87,,,,,,,1.25,0.76,1.00,2*01
1780395534.123,$GNGSA,A,3,05,12,06,09,10,11,36,,,,,,1.25,0.76,1.00,3*08
1780395534.123,$GNGSA,A,3,06,07,08,09,10,13,34,,,,,,1.25,0.76,1.00,4*06
1780395534.124,$GPGSV,3,1,11,10,22,329,36,18,82,174,42,23,41,007,38,24,39,044,26,1*6D
1780395534.125,$GPGSV,3,2,11,25,18,156,32,28,17,208,35,29,15,180,35,32,32,273,27,1*6B
1780395534.125,$GPGSV,3,3,11,41,64,233,42,42,70,217,41,50,55,115,28,1*5D
1780395534.126,$GPGSV,2,1,06,10,22,329,31,18,82,174,40,23,41,007,36,24,39,044,22,6*62
1780395534.127,$GPGSV,2,2,06,29,15,180,26,32,32,273,18,6*68
1780395534.127,$GPGSV,2,1,06,05,04,105,,12,13,119,,13,18,118,,15,10,047,,0*68
1780395534.128,$GPGSV,2,2,06,15,10,047,,27,05,291,,0*6F
1780395534.128,$GLGSV,2,1,06,65,23,013,16,66,28,318,36,76,27,133,20,81,25,324,36,1*76
1780395534.129,$GLGSV,2,2,06,87,23,169,36,88,67,259,42,1*72
1780395534.130,$GLGSV,2,1,06,66,28,318,34,67,04,268,20,75,21,073,21,76,27,133,21,3*73
1780395534.131,$GLGSV,2,2,06,81,25,324,25,88,67,259,41,3*7A
1780395534.131,$GLGSV,1,1,01,77,08,177,,0*41
1780395534.132,$GAGSV,2,1,08,04,35,021,16,05,23,249,33,06,53,354,38,09,57,306,34,2*70
1780395534.132,$GAGSV,2,2,08,10,69,125,37,11,77,356,36,12,44,137,31,36,26,329,32,2*7B
1780395534.133,$GAGSV,2,1,07,05,23,249,32,06,53,354,39,09,57,306,39,10,69,125,38,7*72
1780395534.134,$GAGSV,2,2,07,11,77,356,37,12,44,137,35,36,26,329,33,7*49
1780395534.134,$GAGSV,1,1,04,16,08,187,,23,00,091,,28,15,037,,31,12,136,,0*77
1780395534.135,$GBGSV,2,1,08,06,40,036,39,07,68,115,40,08,22,178,34,09,38,002,38,1*72
1780395534.136,$GBGSV,2,2,08,10,63,142,37,13,29,302,37,14,29,032,14,34,42,189,38,1*75
1780395534.136,$GBGSV,1,1,02,09,38,002,32,10,63,142,35,3*72
1780395534.137,$GBGSV,3,1,10,01,42,106,,02,63,244,,03,72,138,,04,22,095,,0*75
1780395534.138,$GBGSV,3,2,10,04,22,095,,21,14,053,,24,38,154,,25,04,202,,0*71
1780395534.138,$GBGSV,3,3,10,25,04,202,,26,37,091,,0*7D
1780395534.138,$GNGLL,1339.08683,N,10029.57923,E,101854.00,A,D*76
1780395535.114,$GNRMC,101855.00,A,1339.08719,N,10029.57921,E,1.298,355.74,020626,0.53,W,R,V*51
1780395535.117,$GNVTG,355.74,T,356.27,M,1.298,N,2.403,K,D*3A
1780395535.118,$GNGGA,101855.00,1339.08719,N,10029.57921,E,4,12,0.76,-1.0,M,-27.8,M,,0499*48
1780395535.119,$GNGSA,A,3,10,18,23,24,32,25,29,,,,,,1.25,0.76,1.00,1*05
1780395535.119,$GNGSA,A,3,66,75,88,76,81,87,,,,,,,1.25,0.76,1.00,2*01
1780395535.120,$GNGSA,A,3,05,12,06,09,10,11,36,,,,,,1.25,0.76,1.00,3*08
1780395535.120,$GNGSA,A,3,06,07,08,09,10,13,34,,,,,,1.25,0.76,1.00,4*06
1780395535.121,$GPGSV,3,1,11,10,22,329,36,18,82,174,42,23,41,007,39,24,39,044,28,1*62
1780395535.122,$GPGSV,3,2,11,25,18,156,27,28,17,208,33,29,15,180,34,32,32,273,31,1*6F
1780395535.122,$GPGSV,3,3,11,41,64,233,40,42,70,217,41,50,55,115,27,1*50
1780395535.123,$GPGSV,2,1,06,10,22,329,32,18,82,174,41,23,41,007,36,24,39,044,20,6*62
1780395535.123,$GPGSV,2,2,06,29,15,180,26,32,32,273,20,6*63
1780395535.124,$GPGSV,2,1,06,05,04,105,,12,13,119,,13,18,118,,15,10,047,,0*68
1780395535.125,$GPGSV,2,2,06,15,10,047,,27,05,291,,0*6F
1780395535.125,$GLGSV,2,1,06,65,23,013,19,66,28,318,36,76,27,133,21,81,25,324,24,1*7B
1780395535.126,$GLGSV,2,2,06,87,23,169,33,88,67,259,41,1*74
1780395535.127,$GLGSV,2,1,06,66,28,318,39,67,04,268,20,75,21,073,21,76,27,133,19,3*75
1780395535.127,$GLGSV,2,2,06,81,25,324,35,88,67,259,41,3*7B
1780395535.128,$GLGSV,1,1,01,77,08,177,,0*41
1780395535.128,$GAGSV,2,1,08,04,35,021,14,05,23,249,30,06,53,354,36,09,57,306,33,2*78
1780395535.129,$GAGSV,2,2,08,10,69,125,37,11,77,356,35,12,44,137,29,36,26,329,32,2*71
1780395535.130,$GAGSV,2,1,07,05,23,249,30,06,53,354,41,09,57,306,39,10,69,125,38,7*7F
1780395535.130,$GAGSV,2,2,07,11,77,356,37,12,44,137,34,36,26,329,34,7*4F
1780395535.131,$GAGSV,1,1,04,16,08,187,,23,00,091,,28,15,037,,31,12,136,,0*77
1780395535.132,$GBGSV,2,1,08,06,40,036,39,07,68,115,40,08,22,178,34,09,38,002,37,1*7D
1780395535.133,$GBGSV,2,2,08,10,63,142,38,13,29,302,39,14,29,032,15,34,42,189,38,1*75
1780395535.133,$GBGSV,1,1,03,09,38,002,32,10,63,142,35,34,42,189,15,3*46
1780395535.134,$GBGSV,3,1,10,01,42,106,,02,63,244,,03,72,138,,04,22,095,,0*75
1780395535.134,$GBGSV,3,2,10,04,22,095,,21,14,053,,24,38,154,,25,04,202,,0*71
1780395535.135,$GBGSV,3,3,10,25,04,202,,26,37,091,,0*7D
1780395535.135,$GNGLL,1339.08719,N,10029.57921,E,101855.00,A,D*77
1780395536.114,$GNRMC,101856.00,A,1339.08756,N,10029.57918,E,1.338,357.08,020626,0.53,W,R,V*51
1780395536.116,$GNVTG,357.08,T,357.61,M,1.338,N,2.479,K,D*36
1780395536.117,$GNGGA,101856.00,1339.08756,N,10029.57918,E,4,12,0.76,-1.0,M,-27.8,M,,0499*4A
1780395536.118,$GNGSA,A,3,10,18,23,24,32,25,29,,,,,,1.25,0.76,1.00,1*05
1780395536.118,$GNGSA,A,3,66,75,88,76,81,87,65,,,,,,1.25,0.76,1.00,2*02
1780395536.119,$GNGSA,A,3,05,12,06,09,10,11,36,,,,,,1.25,0.76,1.00,3*08
1780395536.119,$GNGSA,A,3,06,07,08,09,10,13,34,,,,,,1.25,0.76,1.00,4*06
1780395536.120,$GPGSV,3,1,10,10,22,329,36,18,82,174,41,23,41,007,39,24,39,044,27,1*6F
1780395536.121,$GPGSV,3,2,10,25,18,156,29,28,17,208,33,29,15,180,34,32,32,273,26,1*66
1780395536.121,$GPGSV,3,3,10,41,64,233,42,42,70,217,41,1*66
1780395536.122,$GPGSV,2,1,06,10,22,329,30,18,82,174,41,23,41,007,35,24,39,044,18,6*68
1780395536.122,$GPGSV,2,2,06,29,15,180,25,32,32,273,23,6*63
1780395536.123,$GPGSV,2,1,07,05,04,105,,12,13,119,,13,18,118,,15,10,047,,0*69
1780395536.124,$GPGSV,2,2,07,15,10,047,,27,05,291,,40,36,258,,0*50
1780395536.124,$GLGSV,2,1,06,65,23,013,21,66,28,318,32,76,27,133,20,81,25,324,35,1*75
1780395536.125,$GLGSV,2,2,06,87,23,169,36,88,67,259,40,1*70
1780395536.126,$GLGSV,2,1,06,66,28,318,35,67,04,268,19,75,21,073,22,76,27,133,18,3*71
1780395536.126,$GLGSV,2,2,06,81,25,324,34,88,67,259,41,3*7A
1780395536.127,$GLGSV,1,1,01,77,08,177,,0*41
1780395536.127,$GAGSV,2,1,08,04,35,021,16,05,23,249,23,06,53,354,37,09,57,306,33,2*79
1780395536.128,$GAGSV,2,2,08,10,69,125,38,11,77,356,35,12,44,137,28,36,27,329,32,2*7E
1780395536.129,$GAGSV,2,1,07,05,23,249,22,06,53,354,40,09,57,306,38,10,69,125,38,7*7C
1780395536.129,$GAGSV,2,2,07,11,77,356,36,12,44,137,30,36,27,329,31,7*4E
1780395536.130,$GAGSV,1,1,04,16,08,187,,23,00,091,,28,15,037,,31,12,136,,0*77
1780395536.131,$GBGSV,2,1,08,06,40,036,39,07,68,115,40,08,22,178,36,09,38,002,37,1*7F
1780395536.132,$GBGSV,2,2,08,10,63,142,40,13,29,302,39,14,29,032,15,34,42,189,39,1*7B
1780395536.132,$GBGSV,1,1,03,09,38,002,32,10,63,142,35,34,42,189,12,3*41
1780395536.133,$GBGSV,3,1,10,01,42,106,,02,63,244,,03,72,138,,04,22,095,,0*75
1780395536.133,$GBGSV,3,2,10,04,22,095,,21,14,053,,24,38,154,,25,04,202,,0*71
1780395536.134,$GBGSV,3,3,10,25,04,202,,26,37,091,,0*7D
1780395536.134,$GNGLL,1339.08756,N,10029.57918,E,101856.00,A,D*75
1780395537.115,$GNRMC,101857.00,A,1339.08791,N,10029.57916,E,1.292,359.96,020626,0.53,W,R,V*5D
1780395537.117,$GNVTG,359.96,T,0.49,M,1.292,N,2.392,K,D*37
1780395537.119,$GNGGA,101857.00,1339.08791,N,10029.57916,E,4,12,0.76,-1.0,M,-27.8,M,,0499*4E
1780395537.119,$GNGSA,A,3,10,18,23,24,32,25,29,,,,,,1.25,0.76,1.00,1*05
1780395537.120,$GNGSA,A,3,66,75,88,76,81,87,65,,,,,,1.25,0.76,1.00,2*02
1780395537.120,$GNGSA,A,3,05,12,06,09,10,11,36,,,,,,1.25,0.76,1.00,3*08
1780395537.121,$GNGSA,A,3,06,07,08,09,10,13,34,,,,,,1.25,0.76,1.00,4*06
1780395537.121,$GPGSV,3,1,11,05,04,105,22,10,22,329,34,18,82,174,42,23,41,007,40,1*6D
1780395537.122,$GPGSV,3,2,11,24,39,044,27,25,18,156,34,28,17,208,37,29,15,180,34,1*64
1780395537.123,$GPGSV,3,3,11,32,32,273,31,41,64,233,42,42,70,217,41,1*53
1780395537.123,$GPGSV,2,1,06,10,22,329,29,18,82,174,41,23,41,007,35,24,39,044,19,6*61
1780395537.124,$GPGSV,2,2,06,29,15,180,23,32,32,273,27,6*61
1780395537.124,$GPGSV,2,1,06,12,13,119,,13,18,118,,15,10,047,,27,05,291,,0*67
1780395537.125,$GPGSV,2,2,06,27,05,291,,40,36,258,,0*67
1780395537.125,$GLGSV,2,1,06,65,23,013,23,66,28,318,38,76,27,133,20,81,25,324,37,1*7F
1780395537.126,$GLGSV,2,2,06,87,23,169,36,88,67,259,40,1*70
1780395537.127,$GLGSV,2,1,06,66,28,318,37,67,04,268,18,75,21,073,23,76,27,133,18,3*73
1780395537.127,$GLGSV,2,2,06,81,25,324,34,88,67,259,41,3*7A
1780395537.128,$GLGSV,1,1,01,77,08,177,,0*41
1780395537.128,$GAGSV,2,1,08,04,35,021,17,05,23,249,25,06,53,354,38,09,57,306,30,2*72
1780395537.129,$GAGSV,2,2,08,10,69,125,41,11,77,356,34,12,44,137,27,36,27,329,31,2*7D
1780395537.130,$GAGSV,2,1,07,05,23,249,23,06,53,354,40,09,57,306,39,10,69,125,40,7*73
1780395537.130,$GAGSV,2,2,07,11,77,356,39,12,44,137,32,36,27,329,35,7*47
1780395537.131,$GAGSV,1,1,04,16,08,187,,23,00,091,,28,15,037,,31,12,136,,0*77
1780395537.131,$GBGSV,2,1,08,06,40,036,39,07,68,115,41,08,22,178,36,09,38,002,37,1*7E
1780395537.132,$GBGSV,2,2,08,10,63,142,40,13,29,302,34,14,29,032,16,34,42,189,39,1*75
1780395537.132,$GBGSV,1,1,03,09,38,002,32,10,63,142,35,34,42,189,08,3*4A
1780395537.133,$GBGSV,3,1,10,01,42,106,,02,63,244,,03,72,138,,04,22,095,,0*75
1780395537.133,$GBGSV,3,2,10,04,22,095,,21,14,053,,24,38,154,,25,04,202,,0*71
1780395537.134,$GBGSV,3,3,10,25,04,202,,26,37,091,,0*7D
1780395537.134,$GNGLL,1339.08791,N,10029.57916,E,101857.00,A,D*71
1780395538.113,$GNRMC,101858.00,A,1339.08828,N,10029.57915,E,1.265,358.81,020626,0.53,W,R,V*53
1780395538.115,$GNVTG,358.81,T,359.34,M,1.265,N,2.342,K,D*30
1780395538.117,$GNGGA,101858.00,1339.08828,N,10029.57915,E,4,12,0.76,-1.1,M,-27.8,M,,0499*4E
1780395538.117,$GNGSA,A,3,10,18,23,24,32,25,29,,,,,,1.25,0.76,1.00,1*05
1780395538.118,$GNGSA,A,3,66,75,88,76,81,87,65,,,,,,1.25,0.76,1.00,2*02
1780395538.118,$GNGSA,A,3,05,12,06,09,10,11,36,,,,,,1.25,0.76,1.00,3*08
1780395538.119,$GNGSA,A,3,06,07,08,09,10,13,34,,,,,,1.25,0.76,1.00,4*06
1780395538.120,$GPGSV,3,1,11,10,22,329,26,13,18,118,23,18,82,174,40,23,41,007,40,1*6B
1780395538.120,$GPGSV,3,2,11,24,39,044,28,25,18,156,34,28,17,208,33,29,15,180,33,1*68
1780395538.121,$GPGSV,3,3,11,32,32,273,29,41,64,233,41,42,70,217,41,1*59
1780395538.122,$GPGSV,2,1,06,10,22,329,28,18,82,174,41,23,41,007,35,24,39,044,20,6*6A
1780395538.122,$GPGSV,2,2,06,29,15,180,21,32,32,273,28,6*6C
1780395538.123,$GPGSV,2,1,06,05,04,105,,12,13,119,,15,10,047,,27,05,291,,0*61
1780395538.123,$GPGSV,2,2,06,27,05,291,,40,36,258,,0*67
1780395538.124,$GLGSV,2,1,06,65,23,013,25,66,28,318,39,76,27,133,17,81,25,324,31,1*7A
1780395538.125,$GLGSV,2,2,06,87,23,169,33,88,67,259,39,1*7B
1780395538.125,$GLGSV,2,1,06,66,28,318,35,67,04,268,18,75,21,073,23,76,27,133,21,3*7B
1780395538.126,$GLGSV,2,2,06,81,25,324,29,88,67,259,40,3*77
1780395538.126,$GLGSV,1,1,01,77,08,177,,0*41
1780395538.127,$GAGSV,2,1,08,04,35,021,16,05,23,249,21,06,53,354,37,09,57,306,37,2*7F
1780395538.128,$GAGSV,2,2,08,10,69,125,39,11,77,356,35,12,44,137,25,36,27,329,30,2*70
1780395538.128,$GAGSV,2,1,07,05,23,249,23,06,53,354,38,09,57,306,38,10,69,125,40,7*7D
1780395538.129,$GAGSV,2,2,07,11,77,356,38,12,44,137,27,36,27,329,33,7*44
1780395538.130,$GAGSV,1,1,04,16,08,187,,23,00,091,,28,15,037,,31,12,136,,0*77
1780395538.130,$GBGSV,2,1,08,06,40,036,38,07,68,115,41,08,22,178,37,09,38,002,38,1*71
1780395538.131,$GBGSV,2,2,08,10,63,142,40,13,29,302,38,14,29,032,16,34,42,189,41,1*76
1780395538.132,$GBGSV,1,1,03,09,38,002,33,10,63,142,33,34,42,189,08,3*4D
1780395538.132,$GBGSV,3,1,10,01,42,106,,02,63,244,,03,72,138,,04,22,095,,0*75
1780395538.133,$GBGSV,3,2,10,04,22,095,,21,14,053,,24,38,154,,25,04,202,,0*71
1780395538.133,$GBGSV,3,3,10,25,04,202,,26,37,091,,0*7D
1780395538.134,$GNGLL,1339.08828,N,10029.57915,E,101858.00,A,D*70
1780395539.112,$GNRMC,101859.00,A,1339.08862,N,10029.57913,E,1.271,359.72,020626,0.53,W,R,V*52
1780395539.114,$GNVTG,359.72,T,0.25,M,1.271,N,2.354,K,D*30
1780395539.115,$GNGGA,101859.00,1339.08862,N,10029.57913,E,4,12,0.76,-1.0,M,-27.8,M,,0499*46
1780395539.116,$GNGSA,A,3,10,18,23,24,32,25,29,,,,,,1.25,0.76,1.00,1*05
1780395539.116,$GNGSA,A,3,66,75,88,76,81,87,65,,,,,,1.25,0.76,1.00,2*02
1780395539.117,$GNGSA,A,3,05,12,06,09,10,11,36,,,,,,1.25,0.76,1.00,3*08
1780395539.117,$GNGSA,A,3,06,07,08,09,10,13,34,,,,,,1.25,0.76,1.00,4*06
1780395539.118,$GPGSV,3,1,11,10,22,329,35,18,82,174,42,23,41,007,40,24,39,044,27,1*60
1780395539.120,$GPGSV,3,2,11,25,18,156,32,28,17,208,33,29,15,180,32,32,32,273,23,1*6E
1780395539.120,$GPGSV,3,3,11,41,64,233,41,42,70,217,42,50,55,115,33,1*57
1780395539.121,$GPGSV,2,1,06,10,22,329,28,18,82,174,40,23,41,007,34,24,39,044,21,6*6B
1780395539.121,$GPGSV,2,2,06,29,15,180,20,32,32,273,27,6*62
1780395539.122,$GPGSV,2,1,06,05,04,105,,12,13,119,,13,18,118,,15,10,047,,0*68
1780395539.123,$GPGSV,2,2,06,15,10,047,,27,05,291,,0*6F
1780395539.124,$GLGSV,2,1,06,65,23,013,25,66,28,318,35,76,27,133,17,81,25,324,33,1*74
1780395539.125,$GLGSV,2,2,06,87,23,169,33,88,67,259,38,1*7A
1780395539.126,$GLGSV,2,1,06,66,28,318,34,67,04,268,19,75,21,073,23,76,27,133,22,3*78
1780395539.127,$GLGSV,2,2,06,81,25,324,32,88,67,259,41,3*7C
1780395539.127,$GLGSV,1,1,01,77,08,177,,0*41
1780395539.128,$GAGSV,2,1,08,04,35,021,17,05,23,249,20,06,53,354,37,09,57,306,37,2*7F
1780395539.128,$GAGSV,2,2,08,10,69,125,39,11,77,356,34,12,44,137,23,36,27,329,30,2*77
1780395539.129,$GAGSV,2,1,07,05,23,249,29,06,53,354,40,09,57,306,38,10,69,125,40,7*78
1780395539.129,$GAGSV,2,2,07,11,77,356,38,12,44,137,27,36,27,329,33,7*44
1780395539.130,$GAGSV,1,1,04,16,08,187,,23,00,091,,28,15,037,,31,12,136,,0*77
1780395539.131,$GBGSV,2,1,08,06,40,036,37,07,68,115,41,08,22,178,37,09,38,002,38,1*7E
1780395539.132,$GBGSV,2,2,08,10,63,142,38,13,29,302,29,14,29,032,17,34,42,189,39,1*77
1780395539.132,$GBGSV,1,1,03,09,38,002,33,10,63,142,36,34,42,189,08,3*48
1780395539.133,$GBGSV,3,1,10,01,42,106,,02,63,244,,03,72,138,,04,22,095,,0*75
1780395539.134,$GBGSV,3,2,10,04,22,095,,21,14,053,,24,38,154,,25,04,202,,0*71
1780395539.134,$GBGSV,3,3,10,25,04,202,,26,37,091,,0*7D
1780395539.135,$GNGLL,1339.08862,N,10029.57913,E,101859.00,A,D*79
1780395540.124,$GNRMC,101900.00,A,1339.08899,N,10029.57912,E,1.318,1.37,020626,0.53,W,R,V*5B
1780395540.126,$GNVTG,1.37,T,1.90,M,1.318,N,2.441,K,D*3D
1780395540.128,$GNGGA,101900.00,1339.08899,N,10029.57912,E,4,12,0.76,-1.0,M,-27.8,M,,0499*4E
1780395540.130,$GNGSA,A,3,10,18,23,24,32,25,29,,,,,,1.25,0.76,1.00,1*05
1780395540.132,$GNGSA,A,3,66,75,88,76,81,87,65,,,,,,1.25,0.76,1.00,2*02
1780395540.133,$GNGSA,A,3,05,12,06,09,10,11,36,,,,,,1.25,0.76,1.00,3*08
1780395540.135,$GNGSA,A,3,06,07,08,09,10,13,34,,,,,,1.25,0.76,1.00,4*06
1780395540.137,$GPGSV,3,1,11,10,22,329,38,18,82,174,42,23,41,007,39,24,39,044,27,1*63
1780395540.140,$GPGSV,3,2,11,25,18,156,33,28,17,208,32,29,15,180,31,32,32,273,30,1*6F
1780395540.142,$GPGSV,3,3,11,41,64,233,38,42,70,217,43,50,55,115,31,1*5A
1780395540.144,$GPGSV,2,1,06,10,22,329,28,18,82,174,40,23,41,007,35,24,39,044,21,6*6A
1780395540.145,$GPGSV,2,2,06,29,15,180,21,32,32,273,25,6*61
1780395540.145,$GPGSV,2,1,06,05,04,105,,12,13,119,,13,18,118,,15,10,047,,0*68
1780395540.146,$GPGSV,2,2,06,15,10,047,,27,05,291,,0*6F
1780395540.147,$GLGSV,2,1,06,65,23,013,26,66,28,318,33,76,27,133,16,81,25,324,31,1*72
1780395540.147,$GLGSV,2,2,06,87,23,169,34,88,67,259,39,1*7C
1780395540.148,$GLGSV,2,1,06,66,28,318,29,67,04,268,20,75,21,073,22,76,27,133,22,3*7F
1780395540.148,$GLGSV,2,2,06,81,25,324,34,88,67,259,41,3*7A
1780395540.149,$GLGSV,1,1,01,77,08,177,,0*41
1780395540.149,$GAGSV,2,1,08,04,35,021,18,05,23,249,20,06,53,354,37,09,57,306,34,2*73
1780395540.150,$GAGSV,2,2,08,10,69,125,38,11,77,356,34,12,44,137,21,36,27,329,30,2*74
1780395540.151,$GAGSV,2,1,07,05,23,249,23,06,53,354,39,09,57,306,35,10,69,125,40,7*71
1780395540.152,$GAGSV,2,2,07,11,77,356,38,12,44,137,20,36,27,329,34,7*44
1780395540.152,$GAGSV,1,1,04,16,08,187,,23,00,091,,28,15,037,,31,12,136,,0*77
1780395540.153,$GBGSV,2,1,08,06,40,036,35,07,68,115,43,08,22,178,36,09,38,002,39,1*7E
1780395540.154,$GBGSV,2,2,08,10,63,142,40,13,29,302,34,14,29,032,16,34,42,189,41,1*7A
1780395540.154,$GBGSV,1,1,03,09,38,002,33,10,63,142,36,34,42,189,07,3*47
1780395540.155,$GBGSV,3,1,10,01,42,106,,02,63,244,,03,72,138,,04,22,095,,0*75
1780395540.156,$GBGSV,3,2,10,04,22,095,,21,14,053,,24,38,154,,25,04,202,,0*71
1780395540.156,$GBGSV,3,3,10,25,04,202,,26,37,091,,0*7D
1780395540.157,$GNGLL,1339.08899,N,10029.57912,E,101900.00,A,D*71
1780395541.115,$GNRMC,101901.00,A,1339.08934,N,10029.57913,E,1.302,2.22,020626,0.53,W,R,V*51
1780395541.117,$GNVTG,2.22,T,2.75,M,1.302,N,2.411,K,D*3C
1780395541.120,$GNGGA,101901.00,1339.08934,N,10029.57913,E,4,12,0.76,-1.0,M,-27.8,M,,0499*48
1780395541.122,$GNGSA,A,3,10,18,23,24,32,25,29,,,,,,1.25,0.76,1.00,1*05
1780395541.123,$GNGSA,A,3,66,75,88,76,81,87,65,,,,,,1.25,0.76,1.00,2*02
1780395541.125,$GNGSA,A,3,05,12,06,09,10,11,36,,,,,,1.25,0.76,1.00,3*08
1780395541.126,$GNGSA,A,3,06,07,08,09,10,13,34,,,,,,1.25,0.76,1.00,4*06
1780395541.129,$GPGSV,3,1,11,10,22,329,37,18,82,174,43,23,41,007,39,24,39,044,26,1*6C
1780395541.132,$GPGSV,3,2,11,25,18,156,33,28,17,208,33,29,15,180,35,32,32,273,37,1*6D
1780395541.133,$GPGSV,3,3,11,41,64,233,43,42,70,217,43,50,55,115,34,1*53
1780395541.136,$GPGSV,2,1,06,10,22,329,28,18,82,174,40,23,41,007,36,24,39,044,22,6*6A
1780395541.137,$GPGSV,2,2,06,29,15,180,22,32,32,273,25,6*62
1780395541.140,$GPGSV,2,1,06,05,04,105,,12,13,119,,13,18,118,,15,10,047,,0*68
1780395541.141,$GPGSV,2,2,06,15,10,047,,27,05,291,,0*6F
1780395541.143,$GLGSV,2,1,06,65,23,013,27,66,28,318,36,76,27,133,17,81,25,324,35,1*73
1780395541.144,$GLGSV,2,2,06,87,23,169,34,88,67,259,39,1*7C
1780395541.146,$GLGSV,2,1,06,66,28,318,36,67,04,268,19,75,21,073,21,76,27,133,20,3*7A
1780395541.147,$GLGSV,2,2,06,81,25,324,31,88,67,259,37,3*7E
1780395541.147,$GLGSV,1,1,01,77,08,177,,0*41
1780395541.148,$GAGSV,2,1,08,04,35,021,19,05,23,249,21,06,53,354,37,09,57,306,35,2*72
1780395541.149,$GAGSV,2,2,08,10,69,125,38,11,77,356,34,12,44,137,19,36,27,329,30,2*7F
1780395541.151,$GAGSV,2,1,07,05,23,249,23,06,53,354,39,09,57,306,36,10,69,125,39,7*7C
1780395541.152,$GAGSV,2,2,07,11,77,356,36,12,44,137,23,36,27,329,38,7*45
1780395541.152,$GAGSV,1,1,04,16,08,187,,23,00,091,,28,15,037,,31,12,136,,0*77
1780395541.153,$GBGSV,2,1,08,06,41,037,32,07,68,115,43,08,22,178,35,09,38,002,38,1*7B
1780395541.154,$GBGSV,2,2,08,10,63,142,40,13,29,302,31,14,29,032,17,34,42,189,39,1*71
1780395541.155,$GBGSV,1,1,03,09,38,002,33,10,63,142,39,34,42,189,08,3*47
1780395541.155,$GBGSV,3,1,10,01,42,106,,02,63,244,,03,72,138,,04,22,095,,0*75
1780395541.156,$GBGSV,3,2,10,04,22,095,,21,14,053,,24,38,154,,25,04,202,,0*71
1780395541.157,$GBGSV,3,3,10,25,04,202,,26,37,091,,0*7D
1780395541.157,$GNGLL,1339.08934,N,10029.57913,E,101901.00,A,D*77
1780395542.106,$GNRMC,101902.00,A,1339.08969,N,10029.57913,E,1.180,0.03,020626,0.53,W,R,V*53
1780395542.108,$GNVTG,0.03,T,0.56,M,1.180,N,2.186,K,D*3D
1780395542.109,$GNGGA,101902.00,1339.08969,N,10029.57913,E,4,12,0.72,-1.0,M,-27.8,M,,0499*47
1780395542.110,$GNGSA,A,3,10,18,23,24,32,25,29,,,,,,1.22,0.72,0.99,1*07
1780395542.110,$GNGSA,A,3,66,88,76,81,87,65,,,,,,,1.22,0.72,0.99,2*02
1780395542.111,$GNGSA,A,3,05,12,04,06,09,10,11,36,,,,,1.22,0.72,0.99,3*0E
1780395542.111,$GNGSA,A,3,06,07,08,09,10,13,34,,,,,,1.22,0.72,0.99,4*04
1780395542.112,$GPGSV,3,1,11,10,22,329,35,18,82,174,43,23,41,007,40,24,39,044,26,1*60
1780395542.113,$GPGSV,3,2,11,25,18,156,32,28,17,208,33,29,15,180,32,32,32,273,36,1*6A
1780395542.113,$GPGSV,3,3,11,41,64,233,40,42,70,217,41,50,55,115,34,1*52
1780395542.114,$GPGSV,2,1,06,10,22,329,29,18,82,174,40,23,41,007,36,24,39,044,21,6*68
1780395542.115,$GPGSV,2,2,06,29,15,180,24,32,32,273,30,6*60
1780395542.115,$GPGSV,2,1,06,05,04,105,,12,13,119,,13,18,118,,15,10,047,,0*68
1780395542.116,$GPGSV,2,2,06,15,10,047,,27,05,291,,0*6F
1780395542.116,$GLGSV,2,1,06,65,23,013,27,66,28,318,38,76,27,133,20,81,25,324,36,1*7A
1780395542.117,$GLGSV,2,2,06,87,23,169,34,88,67,259,39,1*7C
1780395542.118,$GLGSV,2,1,06,66,28,318,36,67,04,268,20,75,21,073,19,76,27,133,18,3*70
1780395542.118,$GLGSV,2,2,06,81,25,324,34,88,67,259,41,3*7A
1780395542.119,$GLGSV,1,1,01,77,08,177,,0*41
1780395542.119,$GAGSV,2,1,08,04,35,021,20,05,23,249,20,06,53,354,36,09,57,306,32,2*7F
1780395542.120,$GAGSV,2,2,08,10,69,125,38,11,77,356,34,12,44,137,18,36,27,329,31,2*7F
1780395542.121,$GAGSV,2,1,07,05,23,249,23,06,53,354,40,09,57,306,33,10,69,125,37,7*79
1780395542.121,$GAGSV,2,2,07,11,77,356,39,12,44,137,25,36,27,329,35,7*41
1780395542.122,$GAGSV,1,1,04,16,08,187,,23,00,091,,28,15,037,,31,12,136,,0*77
1780395542.123,$GBGSV,2,1,08,06,41,037,31,07,68,114,43,08,22,178,36,09,38,002,38,1*7A
1780395542.123,$GBGSV,2,2,08,10,63,142,40,13,29,302,30,14,29,032,17,34,42,189,41,1*7F
1780395542.124,$GBGSV,1,1,03,09,38,002,33,10,63,142,38,34,42,189,08,3*46
1780395542.124,$GBGSV,3,1,10,01,42,106,,02,63,244,,03,72,138,,04,22,095,,0*75
1780395542.125,$GBGSV,3,2,10,04,22,095,,21,14,053,,24,38,154,,25,04,202,,0*71
1780395542.126,$GBGSV,3,3,10,25,04,202,,26,37,091,,0*7D
1780395542.126,$GNGLL,1339.08969,N,10029.57913,E,101902.00,A,D*7C
1780395543.118,$GNRMC,101903.00,A,1339.09002,N,10029.57912,E,1.220,0.62,020626,0.53,W,R,V*58
1780395543.118,$GNVTG,0.62,T,1.15,M,1.220,N,2.259,K,D*34
1780395543.119,$GNGGA,101903.00,1339.09002,N,10029.57912,E,4,12,0.76,-1.0,M,-27.8,M,,0499*46
1780395543.119,$GNGSA,A,3,10,18,23,24,32,25,29,,,,,,1.25,0.76,1.00,1*05
1780395543.120,$GNGSA,A,3,66,88,76,81,87,65,,,,,,,1.25,0.76,1.00,2*00
1780395543.120,$GNGSA,A,3,05,12,06,09,10,11,36,,,,,,1.25,0.76,1.00,3*08
1780395543.121,$GNGSA,A,3,06,07,08,09,10,13,34,,,,,,1.25,0.76,1.00,4*06
1780395543.121,$GPGSV,3,1,11,10,22,329,36,18,82,174,42,23,41,007,41,24,39,044,25,1*60
1780395543.122,$GPGSV,3,2,11,25,18,156,29,28,17,208,30,29,15,180,32,32,32,273,28,1*6C
1780395543.123,$GPGSV,3,3,11,41,64,233,40,42,70,217,41,50,55,115,35,1*53
1780395543.123,$GPGSV,2,1,06,10,22,329,30,18,82,174,42,23,41,007,36,24,39,044,20,6*63
1780395543.124,$GPGSV,2,2,06,29,15,180,25,32,32,273,29,6*69
1780395543.125,$GPGSV,2,1,06,05,04,105,,12,13,119,,13,18,118,,15,10,047,,0*68
1780395543.125,$GPGSV,2,2,06,15,10,047,,27,05,291,,0*6F
1780395543.126,$GLGSV,2,1,06,65,23,013,27,66,28,318,39,76,27,133,19,81,25,324,37,1*70
1780395543.126,$GLGSV,2,2,06,87,23,169,34,88,67,259,34,1*71
1780395543.127,$GLGSV,2,1,06,66,28,318,35,67,04,268,20,75,21,073,17,76,27,133,21,3*77
1780395543.127,$GLGSV,2,2,06,81,25,324,34,88,67,259,37,3*7B
1780395543.128,$GLGSV,1,1,01,77,08,177,,0*41
1780395543.129,$GAGSV,2,1,08,04,35,021,19,05,23,249,21,06,53,354,36,09,57,306,39,2*7F
1780395543.130,$GAGSV,2,2,08,10,69,125,38,11,77,356,36,12,44,137,22,36,27,329,32,2*77
1780395543.130,$GAGSV,2,1,07,05,23,249,23,06,53,354,39,09,57,306,38,10,69,125,39,7*72
1780395543.131,$GAGSV,2,2,07,11,77,356,34,12,44,137,26,36,27,329,36,7*4C
1780395543.132,$GAGSV,1,1,04,16,08,187,,23,00,091,,28,15,037,,31,12,136,,0*77
1780395543.133,$GBGSV,2,1,08,06,41,037,31,07,68,114,42,08,22,178,36,09,38,002,36,1*75
1780395543.133,$GBGSV,2,2,08,10,63,142,41,13,29,302,36,14,29,032,17,34,42,189,39,1*77
1780395543.134,$GBGSV,1,1,04,09,38,002,33,10,63,142,38,14,29,032,18,34,42,189,08,3*77
1780395543.135,$GBGSV,3,1,10,01,42,106,,02,63,244,,03,72,138,,04,22,095,,0*75
1780395543.135,$GBGSV,3,2,10,04,22,095,,21,14,053,,24,38,154,,25,04,202,,0*71
1780395543.136,$GBGSV,3,3,10,25,04,202,,26,37,091,,0*7D
1780395543.136,$GNGLL,1339.09002,N,10029.57912,E,101903.00,A,D*79
1780395544.113,$GNRMC,101904.00,A,1339.09037,N,10029.57914,E,1.263,5.11,020626,0.53,W,R,V*59
1780395544.115,$GNVTG,5.11,T,5.64,M,1.263,N,2.340,K,D*39
1780395544.117,$GNGGA,101904.00,1339.09037,N,10029.57914,E,4,12,0.99,-1.0,M,-27.8,M,,0499*40
1780395544.117,$GNGSA,A,3,10,18,23,32,25,29,,,,,,,1.43,0.99,1.03,1*01
1780395544.118,$GNGSA,A,3,66,88,76,81,87,65,,,,,,,1.43,0.99,1.03,2*02
1780395544.118,$GNGSA,A,3,05,12,06,09,10,11,36,,,,,,1.43,0.99,1.03,3*0A
1780395544.119,$GNGSA,A,3,06,07,08,09,10,13,34,,,,,,1.43,0.99,1.03,4*04
1780395544.120,$GPGSV,3,1,10,10,22,329,36,18,82,174,43,23,41,007,41,25,18,156,30,1*64
1780395544.121,$GPGSV,3,2,10,28,17,208,29,29,15,180,32,32,32,273,35,41,64,233,38,1*60
1780395544.122,$GPGSV,3,3,10,42,70,217,43,50,55,115,38,1*6C
1780395544.122,$GPGSV,2,1,06,10,22,329,34,18,82,174,40,23,41,007,35,24,39,044,19,6*6C
1780395544.123,$GPGSV,2,2,06,29,15,180,26,32,32,273,27,6*64
1780395544.124,$GPGSV,2,1,06,05,04,105,,12,13,119,,13,18,118,,15,10,047,,0*68
1780395544.124,$GPGSV,2,2,06,15,10,047,,27,05,291,,0*6F
1780395544.125,$GLGSV,2,1,06,65,23,013,29,66,28,318,37,76,27,133,19,81,25,324,35,1*72
1780395544.126,$GLGSV,2,2,06,87,23,169,34,88,67,259,33,1*76
1780395544.127,$GLGSV,2,1,06,66,28,318,32,67,04,268,20,75,21,073,18,76,27,133,22,3*7C
1780395544.128,$GLGSV,2,2,06,81,25,324,36,88,67,259,34,3*7A
1780395544.128,$GLGSV,1,1,01,77,08,177,,0*41
1780395544.129,$GAGSV,2,1,08,04,35,021,16,05,23,249,28,06,53,354,36,09,57,306,35,2*75
1780395544.130,$GAGSV,2,2,08,10,69,125,37,11,77,356,35,12,44,137,24,36,27,329,31,2*7E
1780395544.130,$GAGSV,2,1,07,05,23,249,20,06,53,354,39,09,57,306,37,10,69,125,39,7*7E
1780395544.131,$GAGSV,2,2,07,11,77,356,36,12,44,137,26,36,27,329,36,7*4E
1780395544.132,$GAGSV,1,1,04,16,08,187,,23,00,091,,28,15,037,,31,12,136,,0*77
1780395544.133,$GBGSV,2,1,08,06,41,037,29,07,68,114,41,08,22,178,37,09,38,002,37,1*7F
1780395544.134,$GBGSV,2,2,08,10,63,142,41,13,29,302,32,14,29,032,17,34,42,189,39,1*73
1780395544.135,$GBGSV,1,1,04,09,38,002,34,10,63,142,37,14,29,032,15,34,42,189,08,3*72
1780395544.135,$GBGSV,3,1,10,01,42,106,,02,63,244,,03,72,138,,04,22,095,,0*75
1780395544.136,$GBGSV,3,2,10,04,22,095,,21,14,053,,24,38,154,,25,04,202,,0*71
1780395544.137,$GBGSV,3,3,10,25,04,202,,26,37,091,,0*7D
1780395544.137,$GNGLL,1339.09037,N,10029.57914,E,101904.00,A,D*7E
1780395545.112,$GNRMC,101905.00,A,1339.09070,N,10029.57916,E,1.190,1.73,020626,0.53,W,R,V*56
1780395545.115,$GNVTG,1.73,T,2.26,M,1.190,N,2.205,K,D*37
1780395545.116,$GNGGA,101905.00,1339.09070,N,10029.57916,E,4,12,0.99,-0.9,M,-27.8,M,,0499*48
1780395545.117,$GNGSA,A,3,10,18,23,32,25,29,,,,,,,1.43,0.99,1.03,1*01
1780395545.117,$GNGSA,A,3,66,75,88,76,81,87,65,,,,,,1.43,0.99,1.03,2*00
1780395545.118,$GNGSA,A,3,05,12,06,09,10,11,36,,,,,,1.43,0.99,1.03,3*0A
1780395545.118,$GNGSA,A,3,06,07,08,09,10,13,34,,,,,,1.43,0.99,1.03,4*04
1780395545.119,$GPGSV,3,1,10,10,22,329,34,18,82,174,42,23,41,007,40,25,18,156,29,1*6E
1780395545.120,$GPGSV,3,2,10,28,17,208,30,29,15,180,30,32,32,273,35,41,64,233,35,1*67
1780395545.120,$GPGSV,3,3,10,42,70,217,38,50,55,115,36,1*6E
1780395545.121,$GPGSV,2,1,06,10,22,329,29,18,82,174,40,23,41,007,35,24,39,044,17,6*6E
1780395545.122,$GPGSV,2,2,06,29,15,180,27,32,32,273,27,6*65
1780395545.122,$GPGSV,2,1,06,05,04,105,,12,13,119,,13,18,118,,15,10,047,,0*68
1780395545.123,$GPGSV,2,2,06,15,10,047,,27,05,291,,0*6F
1780395545.124,$GLGSV,2,1,06,65,23,013,29,66,28,318,37,76,27,133,20,81,25,324,38,1*75
1780395545.124,$GLGSV,2,2,06,87,23,169,35,88,67,259,39,1*7D
1780395545.125,$GLGSV,2,1,06,66,28,318,38,67,04,268,19,75,21,073,20,76,27,133,29,3*7C
1780395545.126,$GLGSV,2,2,06,81,25,324,39,88,67,259,38,3*79
1780395545.126,$GLGSV,1,1,01,77,08,177,,0*41
1780395545.127,$GAGSV,2,1,08,04,35,021,14,05,23,249,26,06,53,354,36,09,57,306,36,2*7A
1780395545.128,$GAGSV,2,2,08,10,69,125,38,11,77,356,35,12,44,137,25,36,27,329,32,2*73
1780395545.129,$GAGSV,2,1,07,05,23,249,18,06,53,354,37,09,57,306,36,10,69,125,39,7*7A
1780395545.129,$GAGSV,2,2,07,11,77,356,36,12,44,137,24,36,27,329,35,7*4F
1780395545.130,$GAGSV,1,1,04,16,08,187,,23,00,091,,28,15,037,,31,12,136,,0*77
1780395545.130,$GBGSV,2,1,08,06,41,037,28,07,68,114,41,08,22,178,36,09,38,002,37,1*7F
1780395545.131,$GBGSV,2,2,08,10,63,142,39,13,29,302,33,14,29,032,16,34,42,189,39,1*7C
1780395545.132,$GBGSV,1,1,04,09,38,002,34,10,63,142,37,14,29,032,11,34,42,189,07,3*79
1780395545.132,$GBGSV,3,1,10,01,42,106,,02,63,244,,03,72,138,,04,22,095,,0*75
1780395545.133,$GBGSV,3,2,10,04,22,095,,21,14,053,,24,38,154,,25,04,202,,0*71
1780395545.134,$GBGSV,3,3,10,25,04,202,,26,37,091,,0*7D
1780395545.134,$GNGLL,1339.09070,N,10029.57916,E,101905.00,A,D*7E
1780395546.117,$GNRMC,101906.00,A,1339.09106,N,10029.57916,E,1.260,0.05,020626,0.53,W,R,V*59
1780395546.119,$GNVTG,0.05,T,0.58,M,1.260,N,2.334,K,D*33
1780395546.121,$GNGGA,101906.00,1339.09106,N,10029.57916,E,4,12,0.99,-1.0,M,-27.8,M,,0499*43
1780395546.123,$GNGSA,A,3,10,18,23,32,25,29,,,,,,,1.43,0.99,1.03,1*01
1780395546.125,$GNGSA,A,3,66,75,88,76,81,87,65,,,,,,1.43,0.99,1.03,2*00
1780395546.126,$GNGSA,A,3,05,12,06,09,10,11,36,,,,,,1.43,0.99,1.03,3*0A
1780395546.128,$GNGSA,A,3,06,07,08,09,10,13,34,,,,,,1.43,0.99,1.03,4*04
1780395546.130,$GPGSV,3,1,10,10,22,329,31,18,82,174,41,23,41,007,40,25,18,156,30,1*60
1780395546.132,$GPGSV,3,2,10,28,17,208,33,29,15,180,32,32,32,273,35,41,64,233,32,1*61
1780395546.134,$GPGSV,3,3,10,42,70,217,38,50,55,115,35,1*6D
1780395546.136,$GPGSV,2,1,06,10,22,329,29,18,82,174,40,23,41,007,35,24,39,044,16,6*6F
1780395546.137,$GPGSV,2,2,06,29,15,180,27,32,32,273,27,6*65
1780395546.137,$GPGSV,2,1,06,05,04,105,,12,13,119,,13,18,118,,15,10,047,,0*68
1780395546.138,$GPGSV,2,2,06,15,10,047,,27,05,291,,0*6F
1780395546.138,$GLGSV,2,1,06,65,23,013,28,66,28,318,39,76,27,133,23,81,25,324,37,1*76
1780395546.139,$GLGSV,2,2,06,87,23,169,35,88,67,259,39,1*7D
1780395546.139,$GLGSV,2,1,06,66,28,318,36,67,04,268,19,75,21,073,22,76,27,133,26,3*7F
1780395546.140,$GLGSV,2,2,06,81,25,324,39,88,67,259,41,3*77
1780395546.140,$GLGSV,1,1,01,77,08,177,,0*41
1780395546.141,$GAGSV,2,1,08,04,35,021,12,05,23,249,26,06,53,354,36,09,57,306,36,2*7C
1780395546.141,$GAGSV,2,2,08,10,69,125,39,11,77,356,35,12,44,137,25,36,27,329,31,2*71
1780395546.142,$GAGSV,2,1,07,05,23,249,28,06,53,354,39,09,57,306,38,10,69,125,40,7*77
1780395546.143,$GAGSV,2,2,07,11,77,356,37,12,44,137,25,36,27,329,37,7*4D
1780395546.143,$GAGSV,1,1,04,16,08,187,,23,00,091,,28,15,037,,31,12,136,,0*77
1780395546.144,$GBGSV,2,1,08,06,41,037,26,07,68,114,41,08,22,178,36,09,38,002,37,1*71
1780395546.144,$GBGSV,2,2,08,10,63,142,40,13,29,302,38,14,29,032,14,34,42,189,39,1*7B
1780395546.145,$GBGSV,1,1,03,09,38,002,34,10,63,142,36,14,29,032,09,3*40
1780395546.145,$GBGSV,3,1,10,01,42,106,,02,63,244,,03,72,138,,04,22,095,,0*75
1780395546.146,$GBGSV,3,2,10,04,22,095,,21,14,053,,24,38,154,,25,04,202,,0*71
1780395546.146,$GBGSV,3,3,10,25,04,202,,26,37,091,,0*7D
1780395546.147,$GNGLL,1339.09106,N,10029.57916,E,101906.00,A,D*7D
1780395547.110,$GNRMC,101907.00,A,1339.09140,N,10029.57917,E,1.227,0.07,020626,0.53,W,R,V*5A
1780395547.113,$GNVTG,0.07,T,0.60,M,1.227,N,2.273,K,D*3B
1780395547.115,$GNGGA,101907.00,1339.09140,N,10029.57917,E,4,12,0.99,-1.0,M,-27.8,M,,0499*41
1780395547.117,$GNGSA,A,3,10,18,23,32,25,29,,,,,,,1.43,0.99,1.03,1*01
1780395547.119,$GNGSA,A,3,66,75,88,76,81,87,65,,,,,,1.43,0.99,1.03,2*00
1780395547.120,$GNGSA,A,3,05,12,06,09,10,11,36,,,,,,1.43,0.99,1.03,3*0A
1780395547.122,$GNGSA,A,3,06,07,08,09,10,13,34,,,,,,1.43,0.99,1.03,4*04
1780395547.124,$GPGSV,3,1,10,10,22,329,36,18,82,174,42,23,41,007,40,25,18,156,22,1*67
1780395547.126,$GPGSV,3,2,10,28,17,208,29,29,15,180,33,32,32,273,29,41,64,233,40,1*63
1780395547.128,$GPGSV,3,3,10,42,70,217,38,50,55,115,36,1*6E
1780395547.131,$GPGSV,2,1,06,10,22,329,30,18,82,174,39,23,41,007,36,24,39,044,16,6*6A
1780395547.132,$GPGSV,2,2,06,29,15,180,27,32,32,273,27,6*65
1780395547.134,$GPGSV,2,1,06,05,04,105,,12,13,119,,13,18,118,,15,10,047,,0*68
1780395547.136,$GPGSV,2,2,06,15,10,047,,27,05,291,,0*6F
1780395547.137,$GLGSV,2,1,06,65,23,013,27,66,28,318,38,76,27,133,23,81,25,324,37,1*78
1780395547.138,$GLGSV,2,2,06,87,23,169,35,88,67,259,39,1*7D
1780395547.140,$GLGSV,2,1,06,66,28,318,36,67,04,268,21,75,21,073,23,76,27,133,26,3*75
1780395547.141,$GLGSV,2,2,06,81,25,324,38,88,67,259,40,3*77
1780395547.141,$GLGSV,1,1,01,77,08,177,,0*41
1780395547.142,$GAGSV,2,1,08,04,35,021,13,05,23,249,25,06,53,354,36,09,57,306,35,2*7D
1780395547.143,$GAGSV,2,2,08,10,69,125,39,11,77,356,34,12,44,137,25,36,27,329,32,2*73
1780395547.144,$GAGSV,2,1,07,05,23,249,28,06,53,354,40,09,57,306,39,10,69,125,40,7*78
1780395547.145,$GAGSV,2,2,07,11,77,356,37,12,44,137,26,36,27,329,36,7*4F
1780395547.145,$GAGSV,1,1,04,16,08,187,,23,00,091,,28,15,037,,31,12,136,,0*77
1780395547.146,$GBGSV,2,1,08,06,41,037,25,07,68,114,41,08,22,178,36,09,38,002,39,1*7C
1780395547.147,$GBGSV,2,2,08,10,63,142,40,13,29,302,35,14,29,032,13,34,42,189,41,1*7E
1780395547.147,$GBGSV,1,1,03,09,38,002,33,10,63,142,34,14,29,032,08,3*44
1780395547.148,$GBGSV,3,1,10,01,42,106,,02,63,244,,03,72,138,,04,22,095,,0*75
1780395547.148,$GBGSV,3,2,10,04,22,095,,21,14,053,,24,38,154,,25,04,202,,0*71
1780395547.149,$GBGSV,3,3,10,25,04,202,,26,37,091,,0*7D
1780395547.149,$GNGLL,1339.09140,N,10029.57917,E,101907.00,A,D*7F
1780395548.107,$GNRMC,101908.00,A,1339.09174,N,10029.57916,E,1.292,359.83,020626,0.53,W,R,V*5E
1780395548.108,$GNVTG,359.83,T,0.36,M,1.292,N,2.393,K,D*3A
1780395548.109,$GNGGA,101908.00,1339.09174,N,10029.57916,E,4,12,0.99,-1.0,M,-27.8,M,,0499*48
1780395548.109,$GNGSA,A,3,10,18,23,32,25,29,,,,,,,1.43,0.99,1.03,1*01
1780395548.110,$GNGSA,A,3,66,75,88,76,81,87,65,,,,,,1.43,0.99,1.03,2*00
1780395548.111,$GNGSA,A,3,05,12,06,09,10,11,36,,,,,,1.43,0.99,1.03,3*0A
1780395548.111,$GNGSA,A,3,06,07,08,09,10,13,34,,,,,,1.43,0.99,1.03,4*04
1780395548.112,$GPGSV,3,1,10,10,22,329,36,18,82,174,43,23,41,007,40,25,18,156,24,1*60
1780395548.113,$GPGSV,3,2,10,28,17,208,30,29,15,180,32,32,32,273,33,41,64,233,44,1*65
1780395548.114,$GPGSV,3,3,10,42,70,217,41,50,55,115,38,1*6E
1780395548.115,$GPGSV,2,1,06,10,22,329,30,18,82,174,38,23,41,007,35,24,39,044,15,6*6B
1780395548.115,$GPGSV,2,2,06,29,15,180,27,32,32,273,23,6*61
1780395548.115,$GPGSV,2,1,06,05,04,105,,12,13,119,,13,18,118,,15,10,047,,0*68
1780395548.116,$GPGSV,2,2,06,15,10,047,,27,05,291,,0*6F
1780395548.117,$GLGSV,2,1,06,65,23,013,27,66,28,318,39,76,27,133,25,81,25,324,37,1*7F
1780395548.117,$GLGSV,2,2,06,87,23,169,34,88,67,259,39,1*7C
1780395548.118,$GLGSV,2,1,06,66,28,318,36,67,04,268,21,75,21,073,25,76,27,133,26,3*73
1780395548.119,$GLGSV,2,2,06,81,25,324,37,88,67,259,40,3*78
1780395548.119,$GLGSV,1,1,01,77,08,177,,0*41
1780395548.120,$GAGSV,2,1,08,04,35,021,15,05,23,249,24,06,53,354,36,09,57,306,36,2*79
1780395548.120,$GAGSV,2,2,08,10,69,125,39,11,77,356,35,12,44,137,28,36,27,329,32,2*7F
1780395548.121,$GAGSV,2,1,07,05,23,249,35,06,53,354,40,09,57,306,40,10,69,125,41,7*7B
1780395548.122,$GAGSV,2,2,07,11,77,356,37,12,44,137,28,36,27,329,36,7*41
1780395548.123,$GAGSV,1,1,04,16,08,187,,23,00,091,,28,15,037,,31,12,136,,0*77
1780395548.123,$GBGSV,2,1,08,06,41,037,23,07,68,114,41,08,22,178,36,09,38,002,37,1*74
1780395548.124,$GBGSV,2,2,08,10,63,142,40,13,29,301,36,14,29,032,09,34,42,189,37,1*74
1780395548.124,$GBGSV,1,1,03,09,38,002,33,10,63,142,35,14,29,032,08,3*45
1780395548.125,$GBGSV,3,1,10,01,42,106,,02,63,244,,03,72,138,,04,22,095,,0*75
1780395548.126,$GBGSV,3,2,10,04,22,095,,21,14,053,,24,38,154,,25,04,202,,0*71
1780395548.127,$GBGSV,3,3,10,25,04,202,,26,37,091,,0*7D
1780395548.128,$GNGLL,1339.09174,N,10029.57916,E,101908.00,A,D*76
1780395549.106,$GNRMC,101909.00,A,1339.09209,N,10029.57916,E,1.202,0.55,020626,0.53,W,R,V*5B
1780395549.108,$GNVTG,0.55,T,1.08,M,1.202,N,2.226,K,D*34
1780395549.110,$GNGGA,101909.00,1339.09209,N,10029.57916,E,4,12,1.00,-1.0,M,-27.8,M,,0499*41
1780395549.110,$GNGSA,A,3,10,18,23,32,29,,,,,,,,1.50,1.00,1.12,1*05
1780395549.111,$GNGSA,A,3,66,75,88,76,81,87,65,,,,,,1.50,1.00,1.12,2*03
1780395549.111,$GNGSA,A,3,05,12,06,09,10,11,36,,,,,,1.50,1.00,1.12,3*09
1780395549.112,$GNGSA,A,3,06,07,08,09,10,13,34,,,,,,1.50,1.00,1.12,4*07
1780395549.113,$GPGSV,3,1,09,10,22,329,38,18,82,174,43,23,41,007,40,28,17,208,30,1*69
1780395549.113,$GPGSV,3,2,09,29,15,180,33,32,32,273,32,41,64,233,42,42,70,217,41,1*6E
1780395549.114,$GPGSV,3,3,09,50,55,115,38,1*56
1780395549.114,$GPGSV,2,1,06,10,22,329,31,18,82,174,40,23,41,007,36,24,39,044,14,6*67
1780395549.115,$GPGSV,2,2,06,29,15,180,26,32,32,273,23,6*60
1780395549.116,$GPGSV,2,1,07,05,04,105,,12,13,119,,13,18,118,,15,10,047,,0*69
1780395549.116,$GPGSV,2,2,07,15,10,047,,25,18,156,,27,05,291,,0*52
1780395549.117,$GLGSV,2,1,06,65,23,013,26,66,28,318,39,76,27,133,25,81,25,324,37,1*7E
1780395549.117,$GLGSV,2,2,06,87,23,169,34,88,67,259,39,1*7C
1780395549.118,$GLGSV,2,1,06,66,28,318,36,67,04,268,21,75,21,073,25,76,27,133,31,3*75
1780395549.120,$GLGSV,2,2,06,81,25,324,35,88,67,259,40,3*7A
1780395549.120,$GLGSV,1,1,01,77,08,177,,0*41
1780395549.121,$GAGSV,2,1,08,04,35,021,17,05,23,249,20,06,53,354,36,09,57,306,36,2*7F
1780395549.122,$GAGSV,2,2,08,10,69,125,39,11,77,356,35,12,44,137,28,36,27,329,33,2*7E
1780395549.123,$GAGSV,2,1,07,05,23,249,31,06,53,354,40,09,57,306,39,10,69,125,41,7*71
1780395549.124,$GAGSV,2,2,07,11,77,356,37,12,44,137,33,36,27,329,36,7*4B
1780395549.124,$GAGSV,1,1,04,16,08,187,,23,00,091,,28,15,037,,31,12,136,,0*77
1780395549.125,$GBGSV,2,1,07,06,41,037,23,07,68,114,41,08,22,178,33,09,38,002,38,1*71
1780395549.125,$GBGSV,2,2,07,10,63,142,39,13,29,301,33,34,42,189,42,1*44
1780395549.126,$GBGSV,1,1,03,09,38,002,33,10,63,142,36,14,29,033,08,3*47
1780395549.127,$GBGSV,3,1,10,01,42,106,,02,63,244,,03,72,138,,04,22,095,,0*75
1780395549.127,$GBGSV,3,2,10,04,22,095,,21,14,053,,24,38,154,,25,04,202,,0*71
1780395549.128,$GBGSV,3,3,10,25,04,202,,26,37,091,,0*7D
1780395549.128,$GNGLL,1339.09209,N,10029.57916,E,101909.00,A,D*7E
1780395550.108,$GNRMC,101910.00,A,1339.09245,N,10029.57914,E,1.328,357.89,020626,0.53,W,R,V*50
1780395550.110,$GNVTG,357.89,T,358.42,M,1.328,N,2.459,K,D*32
1780395550.112,$GNGGA,101910.00,1339.09245,N,10029.57914,E,4,12,0.86,-1.0,M,-27.8,M,,0499*4C
1780395550.113,$GNGSA,A,3,10,18,23,32,29,,,,,,,,1.40,0.86,1.10,1*09
1780395550.113,$GNGSA,A,3,66,75,88,76,81,65,,,,,,,1.40,0.86,1.10,2*00
1780395550.114,$GNGSA,A,3,05,12,06,09,10,11,36,,,,,,1.40,0.86,1.10,3*05
1780395550.114,$GNGSA,A,3,06,07,08,09,10,13,34,,,,,,1.40,0.86,1.10,4*0B
1780395550.115,$GPGSV,3,1,09,10,22,329,35,18,82,174,43,23,41,007,39,28,17,208,22,1*69
1780395550.116,$GPGSV,3,2,09,29,15,180,33,32,32,273,27,41,64,233,40,42,70,217,41,1*68
1780395550.116,$GPGSV,3,3,09,50,55,115,37,1*59
1780395550.117,$GPGSV,2,1,06,10,22,329,30,18,82,174,41,23,41,007,35,24,39,044,15,6*65
1780395550.117,$GPGSV,2,2,06,29,15,180,25,32,32,273,28,6*68
1780395550.118,$GPGSV,2,1,07,05,04,105,,12,13,119,,13,18,118,,15,10,047,,0*69
1780395550.118,$GPGSV,2,2,07,15,10,047,,25,18,156,,27,05,291,,0*52
1780395550.119,$GLGSV,2,1,05,65,23,013,26,66,28,318,37,76,27,133,25,81,25,324,40,1*73
1780395550.119,$GLGSV,2,2,05,88,67,259,39,1*48
1780395550.120,$GLGSV,2,1,06,66,28,318,34,67,04,268,20,75,21,073,25,76,27,133,25,3*73
1780395550.121,$GLGSV,2,2,06,81,25,324,36,88,67,259,37,3*79
1780395550.122,$GLGSV,1,1,02,77,08,177,,87,23,169,,0*72
1780395550.123,$GAGSV,2,1,08,04,35,021,17,05,23,249,19,06,53,354,36,09,57,306,36,2*75
1780395550.123,$GAGSV,2,2,08,10,69,125,39,11,77,356,35,12,44,137,29,36,27,329,33,2*7F
1780395550.124,$GAGSV,2,1,07,05,23,249,30,06,53,354,39,09,57,306,37,10,69,125,40,7*71
1780395550.125,$GAGSV,2,2,07,11,77,356,37,12,44,137,35,36,27,329,35,7*4E
1780395550.125,$GAGSV,1,1,04,16,08,187,,23,00,091,,28,15,037,,31,12,136,,0*77
1780395550.126,$GBGSV,2,1,07,06,41,037,23,07,68,114,41,08,22,178,34,09,38,002,39,1*77
1780395550.127,$GBGSV,2,2,07,10,63,142,40,13,29,301,28,34,42,189,41,1*43
1780395550.127,$GBGSV,1,1,03,09,38,002,33,10,63,142,36,14,29,033,07,3*48
1780395550.128,$GBGSV,3,1,10,01,42,106,,02,63,244,,03,72,138,,04,22,095,,0*75
1780395550.129,$GBGSV,3,2,10,04,22,095,,21,14,053,,24,38,154,,25,04,202,,0*71
1780395550.129,$GBGSV,3,3,10,25,04,202,,26,37,091,,0*7D
1780395550.130,$GNGLL,1339.09245,N,10029.57914,E,101910.00,A,D*7C
1780395551.100,$GNRMC,101911.00,A,1339.09280,N,10029.57911,E,1.241,357.84,020626,0.53,W,R,V*5E
1780395551.103,$GNVTG,357.84,T,358.37,M,1.241,N,2.298,K,D*38
1780395551.104,$GNGGA,101911.00,1339.09280,N,10029.57911,E,4,12,0.72,-1.0,M,-27.8,M,,0499*4A
1780395551.105,$GNGSA,A,3,10,18,23,32,29,,,,,,,,1.23,0.72,1.00,1*06
1780395551.105,$GNGSA,A,3,66,75,88,76,81,65,,,,,,,1.23,0.72,1.00,2*0F
1780395551.105,$GNGSA,A,3,05,12,06,09,10,11,36,,,,,,1.23,0.72,1.00,3*0A
1780395551.106,$GNGSA,A,3,06,07,08,09,10,13,34,,,,,,1.23,0.72,1.00,4*04
1780395551.107,$GPGSV,3,1,09,10,22,329,31,18,82,174,41,23,41,007,39,28,17,208,25,1*68
1780395551.107,$GPGSV,3,2,09,29,15,180,30,32,32,273,26,41,64,233,41,42,70,217,40,1*6A
1780395551.108,$GPGSV,3,3,09,50,55,115,35,1*5B
1780395551.108,$GPGSV,2,1,06,10,22,329,30,18,82,174,40,23,41,007,36,24,39,044,14,6*66
1780395551.109,$GPGSV,2,2,06,29,15,180,24,32,32,273,31,6*61
1780395551.110,$GPGSV,2,1,07,05,04,105,,12,13,119,,13,18,118,,15,10,047,,0*69
1780395551.110,$GPGSV,2,2,07,15,10,047,,25,18,156,,27,05,291,,0*52
1780395551.111,$GLGSV,2,1,05,65,23,013,27,66,28,318,38,76,27,133,26,81,25,324,38,1*71
1780395551.111,$GLGSV,2,2,05,88,67,259,39,1*48
1780395551.112,$GLGSV,2,1,06,66,28,318,33,67,04,268,19,75,21,073,27,76,27,133,23,3*7A
1780395551.113,$GLGSV,2,2,06,81,25,324,36,88,67,259,40,3*79
1780395551.113,$GLGSV,1,1,02,77,08,177,,87,23,169,,0*72
1780395551.114,$GAGSV,2,1,08,04,35,021,16,05,23,249,19,06,53,354,36,09,57,306,37,2*75
1780395551.115,$GAGSV,2,2,08,10,69,125,39,11,77,356,35,12,44,137,30,36,27,329,33,2*77
1780395551.115,$GAGSV,2,1,07,05,23,249,30,06,53,354,41,09,57,306,38,10,69,125,40,7*71
1780395551.116,$GAGSV,2,2,07,11,77,356,36,12,44,137,34,36,27,329,35,7*4E
1780395551.117,$GAGSV,1,1,04,16,08,187,,23,00,091,,28,15,037,,31,12,136,,0*77
1780395551.117,$GBGSV,2,1,07,06,41,037,22,07,68,114,42,08,22,178,37,09,38,002,39,1*76
1780395551.118,$GBGSV,2,2,07,10,63,142,40,13,29,301,33,34,42,189,39,1*46
1780395551.119,$GBGSV,1,1,03,09,38,002,33,10,63,142,36,14,29,033,07,3*48
1780395551.120,$GBGSV,3,1,10,01,42,106,,02,63,244,,03,72,138,,04,22,095,,0*75
1780395551.120,$GBGSV,3,2,10,04,22,095,,21,14,053,,24,38,154,,25,04,202,,0*71
1780395551.121,$GBGSV,3,3,10,25,04,202,,26,37,091,,0*7D
1780395551.121,$GNGLL,1339.09280,N,10029.57911,E,101911.00,A,D*71
1780395552.118,$GNRMC,101912.00,A,1339.09315,N,10029.57908,E,1.330,355.77,020626,0.53,W,R,V*51
1780395552.120,$GNVTG,355.77,T,356.30,M,1.330,N,2.463,K,D*3A
1780395552.123,$GNGGA,101912.00,1339.09315,N,10029.57908,E,4,12,0.74,-1.0,M,-27.8,M,,0499*4A
1780395552.124,$GNGSA,A,3,10,18,23,32,29,,,,,,,,1.28,0.74,1.04,1*0F
1780395552.126,$GNGSA,A,3,66,75,88,76,81,65,,,,,,,1.28,0.74,1.04,2*06
1780395552.127,$GNGSA,A,3,05,12,06,09,10,11,36,,,,,,1.28,0.74,1.04,3*03
1780395552.129,$GNGSA,A,3,06,07,08,09,10,13,34,,,,,,1.28,0.74,1.04,4*0D
1780395552.131,$GPGSV,3,1,09,10,22,329,34,18,82,174,42,23,41,007,37,28,17,208,29,1*6C
1780395552.133,$GPGSV,3,2,09,29,15,180,31,32,32,273,37,41,64,233,41,42,70,217,41,1*6A
1780395552.134,$GPGSV,3,3,09,50,55,115,36,1*58
1780395552.137,$GPGSV,2,1,06,10,22,329,30,18,82,174,41,23,41,007,36,24,39,044,14,6*67
1780395552.138,$GPGSV,2,2,06,29,15,180,25,32,32,273,29,6*69
1780395552.140,$GPGSV,2,1,07,05,04,105,,12,13,119,,13,18,118,,15,10,047,,0*69
1780395552.142,$GPGSV,2,2,07,15,10,047,,25,18,156,,27,05,291,,0*52
1780395552.144,$GLGSV,2,1,05,65,23,013,28,66,28,318,38,76,27,133,31,81,25,324,36,1*76
1780395552.145,$GLGSV,2,2,05,88,67,259,39,1*48
1780395552.147,$GLGSV,2,1,06,66,28,318,36,67,04,268,20,75,21,073,28,76,27,133,21,3*78
1780395552.148,$GLGSV,2,2,06,81,25,324,32,88,67,259,39,3*73
1780395552.149,$GLGSV,1,1,02,77,08,177,,87,23,169,,0*72
1780395552.150,$GAGSV,2,1,08,04,35,021,18,05,23,249,28,06,53,354,36,09,57,306,37,2*79
1780395552.151,$GAGSV,2,2,08,10,69,125,38,11,77,356,35,12,44,137,31,36,27,329,32,2*76
1780395552.152,$GAGSV,2,1,08,04,35,021,22,05,23,249,31,06,53,354,39,09,57,306,38,7*7D
1780395552.153,$GAGSV,2,2,08,10,69,125,38,11,77,356,36,12,44,137,37,36,27,329,35,7*71
1780395552.154,$GAGSV,1,1,04,16,08,187,,23,00,091,,28,15,037,,31,12,136,,0*77
1780395552.155,$GBGSV,2,1,08,06,41,037,20,07,68,114,42,08,22,178,35,09,38,002,38,1*78
1780395552.156,$GBGSV,2,2,08,10,63,142,40,13,29,301,38,14,29,033,06,34,42,189,37,1*74
1780395552.157,$GBGSV,1,1,03,09,38,002,33,10,63,142,36,14,29,033,08,3*47
1780395552.158,$GBGSV,3,1,10,01,42,106,,02,63,244,,03,72,138,,04,22,095,,0*75
1780395552.158,$GBGSV,3,2,10,04,22,095,,21,14,054,,24,38,154,,25,04,202,,0*76
1780395552.159,$GBGSV,3,3,10,25,04,202,,26,37,091,,0*7D
1780395552.160,$GNGLL,1339.09315,N,10029.57908,E,101912.00,A,D*77
1780395553.122,$GNRMC,101913.00,A,1339.09352,N,10029.57903,E,1.366,357.06,020626,0.53,W,R,V*5F
1780395553.124,$GNVTG,357.06,T,357.59,M,1.366,N,2.531,K,D*35
1780395553.125,$GNGGA,101913.00,1339.09352,N,10029.57903,E,4,12,0.72,-1.0,M,-27.8,M,,0499*45
1780395553.125,$GNGSA,A,3,10,18,23,32,29,,,,,,,,1.23,0.72,1.00,1*06
1780395553.126,$GNGSA,A,3,66,75,88,76,81,65,,,,,,,1.23,0.72,1.00,2*0F
1780395553.126,$GNGSA,A,3,05,12,06,09,10,11,36,,,,,,1.23,0.72,1.00,3*0A
1780395553.127,$GNGSA,A,3,06,07,08,09,10,13,34,,,,,,1.23,0.72,1.00,4*04
1780395553.127,$GPGSV,3,1,10,10,22,329,34,12,13,119,24,18,82,174,40,23,41,007,38,1*6A
1780395553.128,$GPGSV,3,2,10,28,17,208,25,29,15,180,33,32,32,273,27,41,64,233,41,1*60
1780395553.129,$GPGSV,3,3,10,42,70,217,42,50,55,115,38,1*6D
1780395553.129,$GPGSV,2,1,06,10,22,329,29,18,82,174,41,23,41,007,36,24,38,044,15,6*6F
1780395553.130,$GPGSV,2,2,06,29,15,180,24,32,32,273,30,6*60
1780395553.130,$GPGSV,2,1,06,05,04,105,,13,18,118,,15,10,047,,25,18,156,,0*6C
1780395553.131,$GPGSV,2,2,06,25,18,156,,27,05,291,,0*65
1780395553.131,$GLGSV,2,1,05,65,23,013,30,66,28,318,37,76,27,133,25,81,25,324,36,1*75
1780395553.132,$GLGSV,2,2,05,88,67,259,40,1*46
1780395553.132,$GLGSV,2,1,06,66,28,318,37,67,04,268,21,75,21,073,27,76,27,133,29,3*7F
1780395553.133,$GLGSV,2,2,06,81,25,324,33,88,67,259,39,3*72
1780395553.133,$GLGSV,1,1,02,77,08,177,,87,23,169,,0*72
1780395553.134,$GAGSV,2,1,08,04,35,021,18,05,23,249,21,06,53,354,37,09,57,306,37,2*71
1780395553.134,$GAGSV,2,2,08,10,69,125,39,11,77,356,35,12,44,137,33,36,27,329,33,2*74
1780395553.135,$GAGSV,2,1,07,05,23,249,32,06,53,354,36,09,57,306,38,10,69,125,40,7*73
1780395553.135,$GAGSV,2,2,07,11,77,356,36,12,44,137,36,36,27,329,35,7*4C
1780395553.136,$GAGSV,1,1,04,16,08,187,,23,00,091,,28,15,037,,31,12,136,,0*77
1780395553.136,$GBGSV,2,1,08,06,41,037,20,07,68,114,40,08,22,178,32,09,38,002,37,1*72
1780395553.137,$GBGSV,2,2,08,10,63,142,41,13,29,301,33,14,29,033,09,34,42,189,39,1*7F
1780395553.138,$GBGSV,1,1,03,09,38,002,32,10,63,142,36,14,29,033,08,3*46
1780395553.138,$GBGSV,3,1,10,01,42,106,,02,63,244,,03,72,138,,04,22,095,,0*75
1780395553.139,$GBGSV,3,2,10,04,22,095,,21,14,054,,24,38,154,,25,04,202,,0*76
1780395553.139,$GBGSV,3,3,10,25,04,202,,26,37,091,,0*7D
1780395553.140,$GNGLL,1339.09352,N,10029.57903,E,101913.00,A,D*7E
1780395554.111,$GNRMC,101914.00,A,1339.09388,N,10029.57898,E,1.266,353.52,020626,0.53,W,R,V*58
1780395554.113,$GNVTG,353.52,T,354.05,M,1.266,N,2.345,K,D*3E
1780395554.115,$GNGGA,101914.00,1339.09388,N,10029.57898,E,4,12,0.94,-1.0,M,-27.8,M,,0499*4E
1780395554.115,$GNGSA,A,3,10,18,23,32,29,,,,,,,,1.45,0.94,1.10,1*0F
1780395554.115,$GNGSA,A,3,66,75,87,88,76,81,65,,,,,,1.45,0.94,1.10,2*09
1780395554.116,$GNGSA,A,3,05,12,06,09,10,11,36,,,,,,1.45,0.94,1.10,3*03
1780395554.116,$GNGSA,A,3,07,08,09,10,13,34,,,,,,,1.45,0.94,1.10,4*0B
1780395554.117,$GPGSV,3,1,09,10,22,329,37,18,82,174,42,23,41,007,40,28,17,208,31,1*66
1780395554.117,$GPGSV,3,2,09,29,15,180,33,32,32,273,34,41,64,233,40,42,70,217,42,1*69
1780395554.118,$GPGSV,3,3,09,50,55,115,37,1*59
1780395554.118,$GPGSV,2,1,06,10,22,329,30,18,82,174,41,23,41,007,35,24,38,044,15,6*64
1780395554.120,$GPGSV,2,2,06,29,15,180,24,32,32,273,24,6*65
1780395554.120,$GPGSV,2,1,07,05,04,105,,12,13,119,,13,18,118,,15,10,047,,0*69
1780395554.121,$GPGSV,2,2,07,15,10,047,,25,18,156,,27,05,291,,0*52
1780395554.121,$GLGSV,2,1,06,65,23,013,30,66,28,318,35,76,27,133,24,81,25,324,33,1*70
1780395554.122,$GLGSV,2,2,06,87,23,169,33,88,67,259,40,1*75
1780395554.122,$GLGSV,2,1,06,66,28,318,35,67,04,268,21,75,21,073,25,76,27,133,31,3*76
1780395554.123,$GLGSV,2,2,06,81,25,324,34,88,67,259,39,3*75
1780395554.123,$GLGSV,1,1,01,77,08,177,,0*41
1780395554.124,$GAGSV,2,1,08,04,35,021,17,05,23,249,21,06,53,354,36,09,57,306,36,2*7E
1780395554.124,$GAGSV,2,2,08,10,69,125,39,11,77,356,33,12,44,137,32,36,27,329,33,2*73
1780395554.125,$GAGSV,2,1,07,05,23,249,28,06,53,354,39,09,57,306,39,10,69,125,40,7*76
1780395554.126,$GAGSV,2,2,07,11,77,356,37,12,44,137,36,36,27,329,35,7*4D
1780395554.126,$GAGSV,1,1,04,16,08,187,,23,00,091,,28,15,037,,31,12,136,,0*77
1780395554.127,$GBGSV,2,1,08,06,41,037,18,07,68,114,42,08,22,178,32,09,38,002,36,1*7A
1780395554.127,$GBGSV,2,2,08,10,63,142,42,13,29,301,35,14,29,033,14,34,42,189,37,1*78
1780395554.128,$GBGSV,1,1,03,09,38,002,32,10,63,142,36,14,29,033,08,3*46
1780395554.129,$GBGSV,3,1,10,01,42,106,,02,63,244,,03,72,138,,04,22,095,,0*75
1780395554.129,$GBGSV,3,2,10,04,22,095,,21,14,054,,24,38,154,,25,04,202,,0*76
1780395554.130,$GBGSV,3,3,10,25,04,202,,26,37,091,,0*7D
1780395554.130,$GNGLL,1339.09388,N,10029.57898,E,101914.00,A,D*7D
1780395555.115,$GNRMC,101915.00,A,1339.09423,N,10029.57893,E,1.187,353.17,020626,0.53,W,R,V*59
1780395555.117,$GNVTG,353.17,T,353.69,M,1.187,N,2.198,K,D*3C
1780395555.119,$GNGGA,101915.00,1339.09423,N,10029.57893,E,4,12,0.77,-1.0,M,-27.8,M,,0499*4F
1780395555.119,$GNGSA,A,3,10,18,23,32,29,,,,,,,,1.32,0.77,1.07,1*04
1780395555.120,$GNGSA,A,3,66,75,87,88,76,81,65,,,,,,1.32,0.77,1.07,2*02
1780395555.120,$GNGSA,A,3,05,12,04,06,09,10,11,36,,,,,1.32,0.77,1.07,3*0C
1780395555.121,$GNGSA,A,3,06,07,08,09,10,13,34,,,,,,1.32,0.77,1.07,4*06
1780395555.121,$GPGSV,3,1,09,10,22,329,36,18,82,174,43,23,41,007,41,28,17,208,24,1*63
1780395555.122,$GPGSV,3,2,09,29,15,180,34,32,32,273,25,41,64,233,40,42,70,217,43,1*6F
1780395555.123,$GPGSV,3,3,09,50,55,115,37,1*59
1780395555.123,$GPGSV,2,1,06,10,22,329,29,18,82,174,39,23,41,007,34,24,38,044,15,6*62
1780395555.124,$GPGSV,2,2,06,29,15,180,23,32,32,273,25,6*63
1780395555.124,$GPGSV,2,1,07,05,04,105,,12,13,119,,13,18,118,,15,10,047,,0*69
1780395555.125,$GPGSV,2,2,07,15,10,047,,25,18,156,,27,05,291,,0*52
1780395555.126,$GLGSV,2,1,06,65,23,013,31,66,28,318,37,76,27,133,24,81,25,324,33,1*73
1780395555.126,$GLGSV,2,2,06,87,23,169,29,88,67,259,40,1*7E
1780395555.127,$GLGSV,2,1,06,66,28,318,35,67,04,268,20,75,21,073,23,76,27,133,23,3*72
1780395555.127,$GLGSV,2,2,06,81,25,324,35,88,67,259,40,3*7A
1780395555.128,$GLGSV,1,1,01,77,08,177,,0*41
1780395555.128,$GAGSV,2,1,08,04,35,021,20,05,23,249,21,06,53,354,37,09,57,306,36,2*7B
1780395555.129,$GAGSV,2,2,08,10,69,125,39,11,77,356,33,12,44,137,32,36,27,329,34,2*74
1780395555.130,$GAGSV,2,1,07,05,23,249,26,06,53,354,39,09,57,306,38,10,69,125,39,7*77
1780395555.131,$GAGSV,2,2,07,11,77,356,36,12,44,137,33,36,27,329,35,7*49
1780395555.131,$GAGSV,1,1,04,16,08,187,,23,00,091,,28,15,037,,31,12,136,,0*77
1780395555.132,$GBGSV,2,1,08,06,41,037,20,07,68,114,41,08,22,178,32,09,38,002,36,1*72
1780395555.132,$GBGSV,2,2,08,10,63,142,41,13,29,301,30,14,29,033,15,34,42,189,37,1*7F
1780395555.133,$GBGSV,1,1,03,09,38,002,32,10,63,142,35,14,29,033,08,3*45
1780395555.134,$GBGSV,3,1,10,01,42,106,,02,63,244,,03,72,138,,04,22,095,,0*75
1780395555.134,$GBGSV,3,2,10,04,22,095,,21,14,054,,24,39,153,,25,04,202,,0*70
1780395555.135,$GBGSV,3,3,10,25,04,202,,26,37,091,,0*7D
1780395555.135,$GNGLL,1339.09423,N,10029.57893,E,101915.00,A,D*71
1780395556.112,$GNRMC,101916.00,A,1339.09455,N,10029.57887,E,1.168,356.68,020626,0.53,W,R,V*52
1780395556.114,$GNVTG,356.68,T,357.21,M,1.168,N,2.163,K,D*3C
1780395556.115,$GNGGA,101916.00,1339.09455,N,10029.57887,E,4,12,0.84,-1.0,M,-27.8,M,,0499*44
1780395556.116,$GNGSA,A,3,10,18,23,32,29,,,,,,,,1.37,0.84,1.08,1*02
1780395556.116,$GNGSA,A,3,66,75,87,88,76,81,65,,,,,,1.37,0.84,1.08,2*04
1780395556.117,$GNGSA,A,3,05,12,04,06,09,10,11,36,,,,,1.37,0.84,1.08,3*0A
1780395556.117,$GNGSA,A,3,07,08,09,10,13,34,,,,,,,1.37,0.84,1.08,4*06
1780395556.118,$GPGSV,3,1,10,10,22,329,38,18,82,174,42,23,41,007,40,25,18,156,26,1*6D
1780395556.118,$GPGSV,3,2,10,28,17,208,22,29,15,180,30,32,32,273,25,41,64,233,40,1*67
1780395556.119,$GPGSV,3,3,10,42,70,217,40,50,55,115,37,1*60
1780395556.120,$GPGSV,2,1,06,10,22,329,30,18,82,174,39,23,41,007,33,24,38,044,13,6*6B
1780395556.120,$GPGSV,2,2,06,29,15,180,23,32,32,273,25,6*63
1780395556.121,$GPGSV,2,1,06,05,04,105,,12,13,119,,13,18,118,,15,10,047,,0*68
1780395556.121,$GPGSV,2,2,06,15,10,047,,27,05,291,,0*6F
1780395556.122,$GLGSV,2,1,06,65,23,013,31,66,28,318,39,76,27,133,25,81,25,324,38,1*77
1780395556.122,$GLGSV,2,2,06,87,23,169,28,88,67,259,39,1*71
1780395556.123,$GLGSV,2,1,06,66,28,318,35,67,04,268,19,75,21,073,21,76,27,133,26,3*7F
1780395556.124,$GLGSV,2,2,06,81,25,324,36,88,67,259,40,3*79
1780395556.124,$GLGSV,1,1,01,77,08,177,,0*41
1780395556.125,$GAGSV,2,1,08,04,35,021,20,05,23,249,20,06,53,354,38,09,57,306,35,2*76
1780395556.125,$GAGSV,2,2,08,10,69,125,39,11,77,356,34,12,44,137,33,36,27,329,34,2*72
1780395556.126,$GAGSV,2,1,07,05,23,249,25,06,53,354,40,09,57,306,38,10,69,125,40,7*74
1780395556.127,$GAGSV,2,2,07,11,77,356,36,12,44,137,36,36,27,329,36,7*4F
1780395556.127,$GAGSV,1,1,04,16,08,187,,23,00,091,,28,15,037,,31,12,136,,0*77
1780395556.128,$GBGSV,2,1,08,06,41,037,19,07,68,114,42,08,22,178,35,09,38,002,38,1*72
1780395556.129,$GBGSV,2,2,08,10,63,142,39,13,29,301,30,14,29,033,15,34,42,189,37,1*70
1780395556.129,$GBGSV,1,1,03,09,38,002,32,10,63,142,36,14,29,033,07,3*49
1780395556.130,$GBGSV,3,1,10,01,42,106,,02,63,244,,03,72,138,,04,22,095,,0*75
1780395556.130,$GBGSV,3,2,10,04,22,095,,21,14,054,,24,39,153,,25,04,201,,0*73
1780395556.131,$GBGSV,3,3,10,25,04,201,,26,37,091,,0*7E
1780395556.131,$GNGLL,1339.09455,N,10029.57887,E,101916.00,A,D*76
1780395557.109,$GNRMC,101917.00,A,1339.09486,N,10029.57883,E,1.114,350.17,020626,0.53,W,R,V*5C
1780395557.111,$GNVTG,350.17,T,350.70,M,1.114,N,2.064,K,D*3C
1780395557.113,$GNGGA,101917.00,1339.09486,N,10029.57883,E,4,12,0.84,-1.0,M,-27.8,M,,0499*4F
1780395557.113,$GNGSA,A,3,10,18,23,32,29,,,,,,,,1.37,0.84,1.08,1*02
1780395557.114,$GNGSA,A,3,66,75,87,88,76,81,65,,,,,,1.37,0.84,1.08,2*04
1780395557.114,$GNGSA,A,3,05,12,04,06,09,10,11,36,,,,,1.37,0.84,1.08,3*0A
1780395557.115,$GNGSA,A,3,07,08,09,10,13,34,,,,,,,1.37,0.84,1.08,4*06
1780395557.115,$GPGSV,3,1,10,10,22,329,38,18,82,174,41,23,41,007,38,25,18,156,23,1*64
1780395557.116,$GPGSV,3,2,10,28,17,208,22,29,15,180,30,32,32,273,31,41,64,233,40,1*62
1780395557.117,$GPGSV,3,3,10,42,70,217,40,50,55,115,37,1*60
1780395557.117,$GPGSV,2,1,06,10,22,329,30,18,82,174,39,23,41,007,33,24,38,044,11,6*69
1780395557.118,$GPGSV,2,2,06,29,15,180,25,32,32,273,24,6*64
1780395557.118,$GPGSV,2,1,06,05,04,105,,12,13,119,,13,18,118,,15,10,047,,0*68
1780395557.119,$GPGSV,2,2,06,15,10,047,,27,05,291,,0*6F
1780395557.120,$GLGSV,2,1,06,65,23,013,30,66,28,318,38,76,27,133,26,81,25,324,38,1*74
1780395557.120,$GLGSV,2,2,06,87,23,169,27,88,67,259,40,1*70
1780395557.121,$GLGSV,2,1,06,66,28,318,35,67,04,268,18,75,21,073,23,76,27,133,24,3*7E
1780395557.121,$GLGSV,2,2,06,81,25,324,37,88,67,259,39,3*76
1780395557.122,$GLGSV,1,1,01,77,08,177,,0*41
1780395557.122,$GAGSV,2,1,08,04,35,021,20,05,23,249,19,06,53,354,38,09,57,306,35,2*7C
1780395557.123,$GAGSV,2,2,08,10,69,125,40,11,77,356,35,12,44,137,33,36,27,329,34,2*7D
1780395557.124,$GAGSV,2,1,07,05,23,249,31,06,53,354,40,09,57,306,40,10,69,125,40,7*7E
1780395557.124,$GAGSV,2,2,07,11,77,356,36,12,44,137,36,36,27,329,36,7*4F
1780395557.125,$GAGSV,1,1,04,16,08,187,,23,00,091,,28,15,037,,31,12,136,,0*77
1780395557.126,$GBGSV,2,1,08,06,41,037,18,07,68,114,42,08,22,178,36,09,38,002,37,1*7F
1780395557.126,$GBGSV,2,2,08,10,63,142,39,13,29,301,34,14,29,033,14,34,42,189,39,1*7B
1780395557.127,$GBGSV,1,1,02,09,38,002,33,10,63,142,36,3*70
1780395557.127,$GBGSV,3,1,10,01,42,106,,02,63,244,,03,72,138,,04,22,095,,0*75
1780395557.128,$GBGSV,3,2,10,04,22,095,,21,14,054,,24,39,153,,25,04,201,,0*73
1780395557.128,$GBGSV,3,3,10,25,04,201,,26,38,090,,0*70
1780395557.129,$GNGLL,1339.09486,N,10029.57883,E,101917.00,A,D*7D
1780395558.113,$GNRMC,101918.00,A,1339.09518,N,10029.57878,E,1.222,356.44,020626,0.53,W,R,V*57
1780395558.116,$GNVTG,356.44,T,356.97,M,1.222,N,2.264,K,D*37
1780395558.117,$GNGGA,101918.00,1339.09518,N,10029.57878,E,4,12,0.75,-1.0,M,-27.8,M,,0499*4C
1780395558.117,$GNGSA,A,3,10,18,23,32,25,29,,,,,,,1.20,0.75,0.94,1*09
1780395558.118,$GNGSA,A,3,66,75,87,88,76,81,65,,,,,,1.20,0.75,0.94,2*08
1780395558.118,$GNGSA,A,3,05,12,06,09,10,11,36,,,,,,1.20,0.75,0.94,3*02
1780395558.119,$GNGSA,A,3,07,08,09,10,13,34,,,,,,,1.20,0.75,0.94,4*0A
1780395558.119,$GPGSV,3,1,10,10,22,329,37,18,82,174,41,23,41,007,36,25,18,156,21,1*67
1780395558.120,$GPGSV,3,2,10,28,17,208,22,29,15,180,29,32,32,273,34,41,64,233,41,1*6E
1780395558.120,$GPGSV,3,3,10,42,70,217,40,50,55,115,37,1*60
1780395558.121,$GPGSV,2,1,06,10,22,329,29,18,82,174,41,23,41,007,34,24,38,044,11,6*69
1780395558.122,$GPGSV,2,2,06,29,15,180,25,32,32,273,23,6*63
1780395558.122,$GPGSV,2,1,06,05,04,105,,12,13,119,,13,18,118,,15,10,047,,0*68
1780395558.123,$GPGSV,2,2,06,15,10,047,,27,05,291,,0*6F
1780395558.123,$GLGSV,2,1,06,65,23,013,29,66,28,318,40,76,27,133,31,81,25,324,38,1*75
1780395558.124,$GLGSV,2,2,06,87,23,169,34,88,67,259,40,1*72
1780395558.124,$GLGSV,2,1,06,66,28,318,34,67,04,268,18,75,21,073,26,76,27,133,34,3*7B
1780395558.125,$GLGSV,2,2,06,81,25,324,38,88,67,259,41,3*76
1780395558.125,$GLGSV,1,1,01,77,08,177,,0*41
1780395558.126,$GAGSV,2,1,08,04,35,021,18,05,23,249,24,06,53,354,37,09,57,306,38,2*7B
1780395558.127,$GAGSV,2,2,08,10,69,125,40,11,77,356,35,12,44,137,33,36,27,329,33,2*7A
1780395558.128,$GAGSV,2,1,08,04,35,021,24,05,23,249,30,06,53,354,38,09,57,306,40,7*74
1780395558.128,$GAGSV,2,2,08,10,69,125,40,11,77,356,36,12,44,137,36,36,27,329,33,7*79
1780395558.129,$GAGSV,1,1,04,16,08,187,,23,00,091,,28,15,037,,31,12,136,,0*77
1780395558.130,$GBGSV,2,1,08,06,41,037,18,07,68,114,40,08,22,178,38,09,38,002,38,1*7C
1780395558.130,$GBGSV,2,2,08,10,63,142,41,13,29,301,36,14,29,033,12,34,42,189,37,1*7E
1780395558.131,$GBGSV,1,1,02,09,38,002,33,10,63,142,36,3*70
1780395558.131,$GBGSV,3,1,10,01,42,106,,02,63,244,,03,72,138,,04,22,095,,0*75
1780395558.132,$GBGSV,3,2,10,04,22,095,,21,14,054,,24,39,153,,25,04,201,,0*73
1780395558.133,$GBGSV,3,3,10,25,04,201,,26,38,090,,0*70
1780395558.133,$GNGLL,1339.09518,N,10029.57878,E,101918.00,A,D*70
1780395559.112,$GNRMC,101919.00,A,1339.09550,N,10029.57874,E,1.038,353.14,020626,0.53,W,R,V*5F
1780395559.115,$GNVTG,353.14,T,353.67,M,1.038,N,1.923,K,D*3F
1780395559.116,$GNGGA,101919.00,1339.09550,N,10029.57874,E,4,12,0.75,-1.0,M,-27.8,M,,0499*4D
1780395559.116,$GNGSA,A,3,10,18,23,32,25,29,,,,,,,1.20,0.75,0.94,1*09
1780395559.117,$GNGSA,A,3,66,75,87,88,76,81,65,,,,,,1.20,0.75,0.94,2*08
1780395559.118,$GNGSA,A,3,05,12,06,09,10,11,36,,,,,,1.20,0.75,0.94,3*02
1780395559.118,$GNGSA,A,3,07,08,09,10,13,34,,,,,,,1.20,0.75,0.94,4*0A
1780395559.119,$GPGSV,3,1,10,10,22,329,36,18,82,174,41,23,41,007,37,25,18,156,20,1*66
1780395559.120,$GPGSV,3,2,10,28,17,208,22,29,15,180,29,32,32,273,26,41,64,233,41,1*6D
1780395559.121,$GPGSV,3,3,10,42,70,217,40,50,55,115,36,1*61
1780395559.121,$GPGSV,2,1,06,10,22,329,29,18,82,174,41,23,41,007,36,24,38,044,12,6*68
1780395559.122,$GPGSV,2,2,06,29,15,180,25,32,32,273,30,6*61
1780395559.123,$GPGSV,2,1,06,05,04,105,,12,13,119,,13,18,118,,15,10,047,,0*68
1780395559.123,$GPGSV,2,2,06,15,10,047,,27,05,291,,0*6F
1780395559.125,$GLGSV,2,1,06,65,23,013,29,66,28,318,39,76,27,133,31,81,25,324,32,1*71
1780395559.125,$GLGSV,2,2,06,87,23,169,28,88,67,259,41,1*7E
1780395559.126,$GLGSV,2,1,06,66,28,318,37,67,04,268,20,75,21,073,28,76,27,133,37,3*7E
1780395559.127,$GLGSV,2,2,06,81,25,324,36,88,67,259,40,3*79
1780395559.127,$GLGSV,1,1,01,77,08,177,,0*41
1780395559.128,$GAGSV,2,1,08,04,35,021,19,05,23,249,23,06,53,354,36,09,57,306,38,2*7C
1780395559.129,$GAGSV,2,2,08,10,69,125,39,11,77,356,35,12,44,137,32,36,27,329,33,2*75
1780395559.130,$GAGSV,2,1,08,04,35,021,23,05,23,249,25,06,53,354,38,09,57,306,38,7*78
1780395559.131,$GAGSV,2,2,08,10,69,125,40,11,77,356,38,12,44,137,33,36,27,329,33,7*72
1780395559.132,$GAGSV,1,1,04,16,08,187,,23,00,091,,28,15,037,,31,12,136,,0*77
1780395559.133,$GBGSV,2,1,08,06,41,037,18,07,68,114,41,08,22,178,36,09,38,002,37,1*7C
1780395559.134,$GBGSV,2,2,08,10,63,142,41,13,29,301,40,14,29,033,14,34,42,189,38,1*76
1780395559.134,$GBGSV,1,1,02,09,38,002,33,10,63,142,35,3*73
1780395559.135,$GBGSV,3,1,10,01,42,106,,02,63,244,,03,72,138,,04,22,095,,0*75
1780395559.136,$GBGSV,3,2,10,04,22,095,,21,14,054,,24,39,153,,25,04,201,,0*73
1780395559.136,$GBGSV,3,3,10,25,04,201,,26,38,090,,0*70
1780395559.137,$GNGLL,1339.09550,N,10029.57874,E,101919.00,A,D*71
1780395560.111,$GNRMC,101920.00,A,1339.09577,N,10029.57869,E,1.024,353.85,020626,0.53,W,R,V*59
1780395560.113,$GNVTG,353.85,T,354.38,M,1.024,N,1.896,K,D*38
1780395560.114,$GNGGA,101920.00,1339.09577,N,10029.57869,E,4,12,0.71,-1.0,M,-27.8,M,,0499*4A
1780395560.115,$GNGSA,A,3,10,18,23,32,25,29,,,,,,,1.17,0.71,0.94,1*09
1780395560.115,$GNGSA,A,3,66,75,87,88,76,81,65,,,,,,1.17,0.71,0.94,2*08
1780395560.116,$GNGSA,A,3,05,12,04,06,09,10,11,36,,,,,1.17,0.71,0.94,3*06
1780395560.116,$GNGSA,A,3,07,08,09,10,13,34,,,,,,,1.17,0.71,0.94,4*0A
1780395560.117,$GPGSV,3,1,10,10,22,329,34,18,82,174,42,23,41,007,41,25,18,156,23,1*65
1780395560.117,$GPGSV,3,2,10,28,17,208,22,29,15,180,28,32,32,273,34,41,64,233,42,1*6C
1780395560.118,$GPGSV,3,3,10,42,70,217,38,50,55,115,37,1*6F
1780395560.119,$GPGSV,2,1,06,10,22,329,31,18,82,174,41,23,41,007,36,24,38,044,12,6*61
1780395560.119,$GPGSV,2,2,06,29,15,180,24,32,32,273,22,6*63
1780395560.120,$GPGSV,2,1,06,05,04,105,,12,13,119,,13,18,118,,15,10,047,,0*68
1780395560.120,$GPGSV,2,2,06,15,10,047,,27,05,291,,0*6F
1780395560.121,$GLGSV,2,1,06,65,23,013,27,66,28,318,39,76,27,133,29,81,25,324,38,1*7C
1780395560.121,$GLGSV,2,2,06,87,23,169,28,88,67,259,40,1*7F
1780395560.122,$GLGSV,2,1,06,66,28,318,37,67,04,268,22,75,21,073,29,76,27,133,31,3*7B
1780395560.123,$GLGSV,2,2,06,81,25,324,36,88,67,259,40,3*79
1780395560.123,$GLGSV,1,1,01,77,08,177,,0*41
1780395560.124,$GAGSV,2,1,08,04,35,021,23,05,23,249,23,06,53,354,37,09,57,306,38,2*74
1780395560.124,$GAGSV,2,2,08,10,69,125,39,11,77,356,35,12,44,137,34,36,27,329,32,2*72
1780395560.125,$GAGSV,2,1,08,04,35,021,22,05,23,249,26,06,53,354,38,09,57,306,40,7*75
1780395560.126,$GAGSV,2,2,08,10,69,125,40,11,77,356,38,12,44,137,36,36,27,329,32,7*76
1780395560.126,$GAGSV,1,1,04,16,08,187,,23,00,091,,28,15,037,,31,12,136,,0*77
1780395560.127,$GBGSV,2,1,08,06,41,037,17,07,68,114,41,08,22,178,36,09,38,002,38,1*7C
1780395560.128,$GBGSV,2,2,08,10,63,142,39,13,29,301,39,14,29,033,13,34,42,189,38,1*70
1780395560.128,$GBGSV,1,1,02,09,38,002,34,10,63,142,36,3*77
1780395560.129,$GBGSV,3,1,10,01,42,106,,02,63,244,,03,72,138,,04,22,095,,0*75
1780395560.129,$GBGSV,3,2,10,04,22,095,,21,14,054,,24,39,153,,25,04,201,,0*73
1780395560.130,$GBGSV,3,3,10,25,04,201,,26,38,090,,0*70
1780395560.130,$GNGLL,1339.09577,N,10029.57869,E,101920.00,A,D*72
1780395561.120,$GNRMC,101921.00,A,1339.09606,N,10029.57864,E,1.139,353.51,020626,0.53,W,R,V*54
1780395561.121,$GNVTG,353.51,T,354.04,M,1.139,N,2.109,K,D*3F
1780395561.122,$GNGGA,101921.00,1339.09606,N,10029.57864,E,4,12,0.71,-1.0,M,-27.8,M,,0499*43
1780395561.123,$GNGSA,A,3,10,18,23,32,25,29,,,,,,,1.17,0.71,0.94,1*09
1780395561.124,$GNGSA,A,3,66,75,87,88,76,81,65,,,,,,1.17,0.71,0.94,2*08
1780395561.125,$GNGSA,A,3,05,12,04,06,09,10,11,36,,,,,1.17,0.71,0.94,3*06
1780395561.126,$GNGSA,A,3,07,08,09,10,13,34,,,,,,,1.17,0.71,0.94,4*0A
1780395561.126,$GPGSV,3,1,10,10,22,329,37,18,82,174,42,23,41,007,39,25,18,156,23,1*69
1780395561.127,$GPGSV,3,2,10,28,17,208,21,29,15,180,30,32,32,273,39,41,64,233,41,1*68
1780395561.128,$GPGSV,3,3,10,42,70,217,39,50,55,115,36,1*6F
1780395561.128,$GPGSV,2,1,06,10,22,329,30,18,82,174,41,23,41,007,36,24,38,044,12,6*60
1780395561.129,$GPGSV,2,2,06,29,15,180,24,32,32,273,29,6*68
1780395561.130,$GPGSV,2,1,06,05,04,105,,12,13,119,,13,18,118,,15,10,047,,0*68
1780395561.130,$GPGSV,2,2,06,15,10,047,,27,05,291,,0*6F
1780395561.131,$GLGSV,2,1,06,65,23,013,25,66,28,318,37,76,27,133,29,81,25,324,38,1*70
1780395561.131,$GLGSV,2,2,06,87,23,169,32,88,67,259,39,1*7A
1780395561.132,$GLGSV,2,1,06,66,28,318,37,67,04,268,22,75,21,073,30,76,27,133,35,3*77
1780395561.132,$GLGSV,2,2,06,81,25,324,38,88,67,259,40,3*77
1780395561.133,$GLGSV,1,1,01,77,08,177,,0*41
1780395561.133,$GAGSV,2,1,08,04,35,021,24,05,23,249,22,06,53,354,36,09,57,306,38,2*73
1780395561.134,$GAGSV,2,2,08,10,69,125,39,11,77,356,35,12,44,137,34,36,27,329,32,2*72
1780395561.135,$GAGSV,2,1,08,04,35,021,25,05,23,249,25,06,53,354,38,09,57,306,40,7*71
1780395561.136,$GAGSV,2,2,08,10,69,125,39,11,77,356,37,12,44,137,33,36,27,329,35,7*75
1780395561.136,$GAGSV,1,1,04,16,08,187,,23,00,090,,28,15,037,,31,12,136,,0*76
1780395561.137,$GBGSV,2,1,08,06,41,037,17,07,68,114,41,08,22,178,35,09,38,002,40,1*70
1780395561.138,$GBGSV,2,2,08,10,63,142,40,13,29,301,39,14,29,033,17,34,42,189,40,1*75
1780395561.138,$GBGSV,1,1,02,09,38,002,33,10,63,142,37,3*71
1780395561.139,$GBGSV,3,1,10,01,42,106,,02,63,244,,03,72,138,,04,22,095,,0*75
1780395561.139,$GBGSV,3,2,10,04,22,095,,21,14,054,,24,39,153,,25,04,201,,0*73
1780395561.140,$GBGSV,3,3,10,25,04,201,,26,38,090,,0*70
1780395561.140,$GNGLL,1339.09606,N,10029.57864,E,101921.00,A,D*7B
1780395562.119,$GNRMC,101922.00,A,1339.09636,N,10029.57857,E,1.118,353.34,020626,0.53,W,R,V*54
1780395562.122,$GNVTG,353.34,T,353.87,M,1.118,N,2.070,K,D*3C
1780395562.126,$GNGGA,101922.00,1339.09636,N,10029.57857,E,4,12,0.71,-1.0,M,-27.8,M,,0499*43
1780395562.128,$GNGSA,A,3,10,18,23,32,25,29,,,,,,,1.17,0.71,0.94,1*09
1780395562.129,$GNGSA,A,3,66,75,87,88,76,81,65,,,,,,1.17,0.71,0.94,2*08
1780395562.131,$GNGSA,A,3,05,12,04,06,09,10,11,36,,,,,1.17,0.71,0.94,3*06
1780395562.132,$GNGSA,A,3,07,08,09,10,13,34,,,,,,,1.17,0.71,0.94,4*0A
1780395562.134,$GPGSV,3,1,10,10,22,329,37,18,82,174,42,23,41,007,39,25,18,156,21,1*6B
1780395562.136,$GPGSV,3,2,10,28,17,208,22,29,15,180,31,32,32,273,35,41,64,233,40,1*67
1780395562.138,$GPGSV,3,3,10,42,70,217,39,50,55,115,38,1*61
1780395562.140,$GPGSV,2,1,06,10,22,329,31,18,82,174,41,23,41,007,36,24,38,044,13,6*60
1780395562.142,$GPGSV,2,2,06,29,15,180,23,32,32,273,24,6*62
1780395562.144,$GPGSV,2,1,06,05,04,105,,12,13,119,,13,18,118,,15,10,047,,0*68
1780395562.145,$GPGSV,2,2,06,15,10,047,,27,05,291,,0*6F
1780395562.148,$GLGSV,2,1,06,65,23,013,23,66,28,318,36,76,27,133,35,81,25,324,36,1*74
1780395562.149,$GLGSV,2,2,06,87,23,169,36,88,67,259,40,1*70
1780395562.151,$GLGSV,2,1,06,66,28,318,37,67,04,268,21,75,21,073,29,76,27,133,31,3*78
1780395562.152,$GLGSV,2,2,06,81,25,324,37,88,67,259,40,3*78
1780395562.153,$GLGSV,1,1,01,77,08,177,,0*41
1780395562.154,$GAGSV,2,1,08,04,35,021,26,05,23,249,22,06,53,354,36,09,57,306,38,2*71
1780395562.156,$GAGSV,2,2,08,10,69,125,39,11,77,356,35,12,44,137,34,36,27,329,33,2*73
1780395562.157,$GAGSV,2,1,08,04,35,021,25,05,23,249,31,06,53,354,38,09,57,306,41,7*75
1780395562.158,$GAGSV,2,2,08,10,69,125,40,11,77,356,37,12,44,137,33,36,27,329,32,7*7C
1780395562.159,$GAGSV,1,1,04,16,08,187,,23,00,090,,28,15,037,,31,12,136,,0*76
1780395562.160,$GBGSV,2,1,08,06,41,037,17,07,68,114,41,08,22,178,36,09,38,002,35,1*71
1780395562.161,$GBGSV,2,2,08,10,63,142,40,13,29,301,39,14,29,033,15,34,42,189,38,1*78
1780395562.161,$GBGSV,1,1,02,09,38,002,31,10,63,142,36,3*72
1780395562.162,$GBGSV,3,1,10,01,42,106,,02,63,244,,03,72,138,,04,22,095,,0*75
1780395562.163,$GBGSV,3,2,10,04,22,095,,21,14,054,,24,39,153,,25,04,201,,0*73
1780395562.164,$GBGSV,3,3,10,25,04,201,,26,38,090,,0*70
1780395562.164,$GNGLL,1339.09636,N,10029.57857,E,101922.00,A,D*7B
1780395563.115,$GNRMC,101923.00,A,1339.09665,N,10029.57847,E,1.111,343.38,020626,0.53,W,R,V*56
1780395563.117,$GNVTG,343.38,T,343.91,M,1.111,N,2.058,K,D*34
1780395563.118,$GNGGA,101923.00,1339.09665,N,10029.57847,E,4,12,0.84,-1.0,M,-27.8,M,,0499*4F
1780395563.119,$GNGSA,A,3,10,18,23,32,29,,,,,,,,1.37,0.84,1.08,1*02
1780395563.119,$GNGSA,A,3,66,75,87,88,76,81,65,,,,,,1.37,0.84,1.08,2*04
1780395563.120,$GNGSA,A,3,05,12,04,06,09,10,11,36,,,,,1.37,0.84,1.08,3*0A
1780395563.120,$GNGSA,A,3,07,08,09,10,13,34,,,,,,,1.37,0.84,1.08,4*06
1780395563.121,$GPGSV,3,1,10,10,22,329,37,18,82,174,41,23,41,007,39,25,18,156,19,1*63
1780395563.122,$GPGSV,3,2,10,28,17,208,19,29,15,180,31,32,32,273,36,41,64,233,43,1*6F
1780395563.123,$GPGSV,3,3,10,42,70,217,41,50,55,115,36,1*60
1780395563.123,$GPGSV,2,1,06,10,22,329,30,18,82,174,40,23,41,007,35,24,38,044,13,6*63
1780395563.124,$GPGSV,2,2,06,29,15,180,21,32,32,273,34,6*61
1780395563.125,$GPGSV,2,1,06,05,04,105,,12,13,119,,13,18,118,,15,10,047,,0*68
1780395563.125,$GPGSV,2,2,06,15,10,047,,27,05,291,,0*6F
1780395563.126,$GLGSV,2,1,06,65,23,013,20,66,28,318,35,76,27,133,25,81,25,324,37,1*74
1780395563.127,$GLGSV,2,2,06,87,23,169,35,88,67,259,42,1*71
1780395563.127,$GLGSV,2,1,06,66,28,318,34,67,04,268,20,75,21,073,27,76,27,133,28,3*7C
1780395563.128,$GLGSV,2,2,06,81,25,324,35,88,67,259,43,3*79
1780395563.129,$GLGSV,1,1,01,77,08,177,,0*41
1780395563.129,$GAGSV,2,1,08,04,35,021,27,05,23,249,22,06,53,354,36,09,57,306,39,2*71
1780395563.130,$GAGSV,2,2,08,10,69,125,39,11,77,356,34,12,44,137,34,36,27,329,33,2*72
1780395563.131,$GAGSV,2,1,08,04,35,021,25,05,23,249,26,06,53,354,38,09,57,306,41,7*73
1780395563.131,$GAGSV,2,2,08,10,69,125,40,11,77,356,36,12,44,137,32,36,27,329,35,7*7B
1780395563.132,$GAGSV,1,1,04,16,08,187,,23,00,090,,28,15,037,,31,12,136,,0*76
1780395563.133,$GBGSV,2,1,08,06,41,037,17,07,68,114,42,08,22,178,35,09,38,002,35,1*71
1780395563.133,$GBGSV,2,2,08,10,63,142,41,13,29,301,40,14,29,033,16,34,41,188,38,1*76
1780395563.134,$GBGSV,1,1,02,09,38,002,32,10,63,142,36,3*71
1780395563.135,$GBGSV,3,1,10,01,42,106,,02,63,244,,03,72,138,,04,22,095,,0*75
1780395563.135,$GBGSV,3,2,10,04,22,095,,21,14,054,,24,39,153,,25,04,201,,0*73
1780395563.136,$GBGSV,3,3,10,25,04,201,,26,38,090,,0*70
1780395563.136,$GNGLL,1339.09665,N,10029.57847,E,101923.00,A,D*7D
1780395564.112,$GNRMC,101924.00,A,1339.09694,N,10029.57836,E,1.082,339.70,020626,0.53,W,R,V*53
1780395564.115,$GNVTG,339.70,T,340.22,M,1.082,N,2.004,K,D*3C
1780395564.117,$GNGGA,101924.00,1339.09694,N,10029.57836,E,4,12,0.84,-1.0,M,-27.8,M,,0499*40
1780395564.119,$GNGSA,A,3,10,18,23,32,29,,,,,,,,1.37,0.84,1.08,1*02
1780395564.120,$GNGSA,A,3,66,75,87,88,76,81,,,,,,,1.37,0.84,1.08,2*07
1780395564.122,$GNGSA,A,3,05,12,04,06,09,10,11,36,,,,,1.37,0.84,1.08,3*0A
1780395564.123,$GNGSA,A,3,07,08,09,10,13,34,,,,,,,1.37,0.84,1.08,4*06
1780395564.125,$GPGSV,3,1,10,10,22,329,35,18,82,174,40,23,41,007,38,25,18,156,18,1*60
1780395564.127,$GPGSV,3,2,10,28,17,208,20,29,15,180,30,32,32,273,41,41,64,233,43,1*64
1780395564.129,$GPGSV,3,3,10,42,70,217,39,50,55,115,36,1*6F
1780395564.132,$GPGSV,2,1,06,10,22,329,30,18,82,174,40,23,41,007,35,24,38,044,13,6*63
1780395564.133,$GPGSV,2,2,06,29,15,180,22,32,32,273,34,6*62
1780395564.135,$GPGSV,2,1,06,05,04,105,,12,13,119,,13,18,118,,15,10,047,,0*68
1780395564.137,$GPGSV,2,2,06,15,10,047,,27,05,291,,0*6F
1780395564.139,$GLGSV,2,1,06,65,23,013,17,66,28,318,36,76,27,133,31,81,25,324,37,1*76
1780395564.140,$GLGSV,2,2,06,87,23,169,35,88,67,259,42,1*71
1780395564.142,$GLGSV,2,1,06,66,28,318,39,67,04,268,21,75,21,073,25,76,27,133,29,3*73
1780395564.143,$GLGSV,2,2,06,81,25,324,39,88,67,259,41,3*77
1780395564.144,$GLGSV,1,1,01,77,08,177,,0*41
1780395564.145,$GAGSV,2,1,08,04,35,021,27,05,23,249,24,06,53,354,37,09,57,306,37,2*78
1780395564.146,$GAGSV,2,2,08,10,69,125,39,11,77,356,33,12,44,137,30,36,27,329,34,2*76
1780395564.147,$GAGSV,2,1,08,04,35,021,27,05,23,249,25,06,53,354,38,09,57,306,39,7*7D
1780395564.148,$GAGSV,2,2,08,10,69,125,40,11,77,356,36,12,44,137,35,36,27,329,37,7*7E
1780395564.149,$GAGSV,1,1,04,16,08,187,,23,00,090,,28,15,037,,31,12,136,,0*76
1780395564.150,$GBGSV,2,1,08,06,41,037,18,07,68,114,41,08,22,178,33,09,38,002,35,1*7B
1780395564.151,$GBGSV,2,2,08,10,63,142,41,13,29,301,41,14,29,033,18,34,41,188,39,1*78
1780395564.152,$GBGSV,1,1,02,09,38,002,31,10,63,142,37,3*73
1780395564.153,$GBGSV,3,1,10,01,42,106,,02,63,244,,03,72,138,,04,22,095,,0*75
1780395564.153,$GBGSV,3,2,10,04,22,095,,21,14,054,,24,39,153,,25,04,201,,0*73
1780395564.154,$GBGSV,3,3,10,25,04,201,,26,38,090,,0*70
1780395564.155,$GNGLL,1339.09694,N,10029.57836,E,101924.00,A,D*72
1780395565.108,$GNRMC,101925.00,A,1339.09721,N,10029.57823,E,1.039,334.46,020626,0.53,W,R,V*51
1780395565.111,$GNVTG,334.46,T,334.99,M,1.039,N,1.925,K,D*3E
1780395565.112,$GNGGA,101925.00,1339.09721,N,10029.57823,E,4,12,0.84,-1.0,M,-27.8,M,,0499*4A
1780395565.113,$GNGSA,A,3,10,18,23,32,29,,,,,,,,1.37,0.84,1.08,1*02
1780395565.114,$GNGSA,A,3,66,75,87,88,76,81,,,,,,,1.37,0.84,1.08,2*07
1780395565.114,$GNGSA,A,3,05,12,04,06,09,10,11,36,,,,,1.37,0.84,1.08,3*0A
1780395565.114,$GNGSA,A,3,07,08,09,10,13,34,,,,,,,1.37,0.84,1.08,4*06
1780395565.115,$GPGSV,3,1,11,10,22,329,37,13,18,118,22,18,82,174,40,23,41,007,35,1*68
1780395565.116,$GPGSV,3,2,11,25,18,156,18,28,17,208,22,29,15,180,28,32,32,273,40,1*68
1780395565.116,$GPGSV,3,3,11,41,64,233,41,42,70,217,41,50,55,115,37,1*50
1780395565.117,$GPGSV,2,1,06,10,22,329,31,18,82,174,40,23,41,007,35,24,38,044,13,6*62
1780395565.118,$GPGSV,2,2,06,29,15,180,21,32,32,273,35,6*60
1780395565.118,$GPGSV,2,1,05,05,04,105,,12,13,119,,15,10,047,,27,05,291,,0*62
1780395565.118,$GPGSV,2,2,05,27,05,291,,0*5A
1780395565.119,$GLGSV,2,1,06,65,23,013,15,66,28,318,38,76,27,133,26,81,25,324,31,1*7A
1780395565.119,$GLGSV,2,2,06,87,23,169,34,88,67,259,39,1*7C
1780395565.120,$GLGSV,2,1,06,66,28,318,38,67,04,268,20,75,21,073,21,76,27,133,33,3*7C
1780395565.120,$GLGSV,2,2,06,81,25,324,37,88,67,259,38,3*77
1780395565.121,$GLGSV,1,1,01,77,08,177,,0*41
1780395565.121,$GAGSV,2,1,08,04,35,021,29,05,23,249,26,06,53,354,36,09,57,306,37,2*75
1780395565.122,$GAGSV,2,2,08,10,69,125,39,11,77,356,33,12,44,137,34,36,27,329,34,2*72
1780395565.122,$GAGSV,2,1,08,04,35,021,32,05,23,249,24,06,53,354,38,09,57,306,41,7*77
1780395565.123,$GAGSV,2,2,08,10,69,125,40,11,77,356,35,12,44,137,35,36,27,329,35,7*7F
1780395565.124,$GAGSV,1,1,04,16,08,187,,23,00,090,,28,15,037,,31,12,136,,0*76
1780395565.124,$GBGSV,2,1,08,06,41,037,18,07,68,114,43,08,22,178,32,09,38,002,34,1*79
1780395565.125,$GBGSV,2,2,08,10,63,142,41,13,29,301,39,14,29,033,18,34,41,188,39,1*77
1780395565.125,$GBGSV,1,1,02,09,38,002,30,10,63,142,36,3*73
1780395565.126,$GBGSV,3,1,10,01,42,106,,02,63,244,,03,72,138,,04,22,095,,0*75
1780395565.126,$GBGSV,3,2,10,04,22,095,,21,14,054,,24,39,153,,25,04,201,,0*73
1780395565.126,$GBGSV,3,3,10,25,04,201,,26,38,090,,0*70
1780395565.127,$GNGLL,1339.09721,N,10029.57823,E,101925.00,A,D*78
1780395566.119,$GNRMC,101926.00,A,1339.09750,N,10029.57807,E,1.196,328.33,020626,0.53,W,R,V*59
1780395566.121,$GNVTG,328.33,T,328.86,M,1.196,N,2.215,K,D*3D
1780395566.122,$GNGGA,101926.00,1339.09750,N,10029.57807,E,4,12,0.82,-1.0,M,-27.8,M,,0499*4F
1780395566.122,$GNGSA,A,3,10,18,23,32,25,29,,,,,,,1.29,0.82,0.99,1*05
1780395566.123,$GNGSA,A,3,66,87,88,76,81,,,,,,,,1.29,0.82,0.99,2*05
1780395566.123,$GNGSA,A,3,05,12,04,06,09,10,11,36,,,,,1.29,0.82,0.99,3*0A
1780395566.124,$GNGSA,A,3,07,08,09,10,13,34,,,,,,,1.29,0.82,0.99,4*06
1780395566.125,$GPGSV,3,1,11,10,22,329,33,18,82,174,40,23,41,007,36,24,38,044,21,1*62
1780395566.125,$GPGSV,3,2,11,25,18,156,20,28,17,208,21,29,15,180,26,32,32,273,37,1*6E
1780395566.126,$GPGSV,3,3,11,41,64,233,42,42,70,217,41,50,55,115,35,1*51
1780395566.127,$GPGSV,2,1,06,10,22,329,31,18,82,174,39,23,41,007,34,24,38,044,10,6*6E
1780395566.127,$GPGSV,2,2,06,29,15,180,19,32,32,273,32,6*6C
1780395566.128,$GPGSV,2,1,06,05,04,105,,12,13,119,,13,18,118,,15,10,047,,0*68
1780395566.128,$GPGSV,2,2,06,15,10,047,,27,05,291,,0*6F
1780395566.129,$GLGSV,2,1,06,65,23,013,13,66,28,318,40,76,27,133,28,81,25,324,34,1*78
1780395566.129,$GLGSV,2,2,06,87,23,169,31,88,67,259,41,1*76
1780395566.130,$GLGSV,2,1,06,66,28,318,37,67,04,268,19,75,21,073,19,76,27,133,27,3*77
1780395566.131,$GLGSV,2,2,06,81,25,324,34,88,67,259,42,3*79
1780395566.131,$GLGSV,1,1,01,77,08,177,,0*41
1780395566.132,$GAGSV,2,1,08,04,35,021,32,05,23,249,27,06,53,354,38,09,57,306,38,2*7F
1780395566.132,$GAGSV,2,2,08,10,69,125,39,11,77,356,34,12,44,137,30,36,27,329,32,2*77
1780395566.133,$GAGSV,2,1,08,04,35,021,36,05,23,249,26,06,53,354,39,09,57,306,41,7*70
1780395566.134,$GAGSV,2,2,08,10,69,125,38,11,77,356,35,12,44,137,35,36,27,329,34,7*71
1780395566.135,$GAGSV,1,1,04,16,08,187,,23,00,090,,28,15,037,,31,12,136,,0*76
1780395566.135,$GBGSV,2,1,08,06,41,037,19,07,68,114,40,08,22,178,33,09,38,002,33,1*7D
1780395566.136,$GBGSV,2,2,08,10,63,142,39,13,29,301,37,14,29,033,17,34,41,188,39,1*79
1780395566.136,$GBGSV,1,1,02,09,38,002,30,10,63,142,36,3*73
1780395566.137,$GBGSV,3,1,10,01,42,106,,02,63,244,,03,72,138,,04,22,095,,0*75
1780395566.138,$GBGSV,3,2,10,04,22,095,,21,14,054,,24,39,153,,25,04,201,,0*73
1780395566.138,$GBGSV,3,3,10,25,04,201,,26,38,090,,0*70
1780395566.139,$GNGLL,1339.09750,N,10029.57807,E,101926.00,A,D*7B
1780395567.115,$GNRMC,101927.00,A,1339.09776,N,10029.57789,E,0.987,322.75,020626,0.53,W,R,V*54
1780395567.117,$GNVTG,322.75,T,323.28,M,0.987,N,1.827,K,D*3B
1780395567.118,$GNGGA,101927.00,1339.09776,N,10029.57789,E,4,12,0.82,-1.0,M,-27.8,M,,0499*43
1780395567.118,$GNGSA,A,3,10,18,23,32,25,29,,,,,,,1.29,0.82,0.99,1*05
1780395567.119,$GNGSA,A,3,66,87,88,76,81,,,,,,,,1.29,0.82,0.99,2*05
1780395567.119,$GNGSA,A,3,05,12,04,06,09,10,11,36,,,,,1.29,0.82,0.99,3*0A
1780395567.120,$GNGSA,A,3,07,08,09,10,13,34,,,,,,,1.29,0.82,0.99,4*06
1780395567.120,$GPGSV,3,1,11,10,22,329,35,18,82,174,43,23,41,007,37,24,38,044,20,1*67
1780395567.121,$GPGSV,3,2,11,25,18,156,20,28,17,208,22,29,15,180,25,32,32,273,38,1*61
1780395567.122,$GPGSV,3,3,11,41,64,233,43,42,70,217,41,50,55,115,37,1*52
1780395567.122,$GPGSV,2,1,06,10,22,329,32,18,82,174,41,23,41,007,32,24,38,044,08,6*6D
1780395567.123,$GPGSV,2,2,06,29,15,180,18,32,32,273,35,6*6A
1780395567.124,$GPGSV,2,1,06,05,04,105,,12,13,119,,13,18,118,,15,10,047,,0*68
1780395567.124,$GPGSV,2,2,06,15,10,047,,27,05,291,,0*6F
1780395567.125,$GLGSV,2,1,06,65,23,013,10,66,28,318,39,76,27,133,28,81,25,324,35,1*74
1780395567.125,$GLGSV,2,2,06,87,23,169,32,88,67,259,40,1*74
1780395567.126,$GLGSV,2,1,06,66,28,318,35,67,04,268,18,75,21,073,16,76,27,133,35,3*78
1780395567.127,$GLGSV,2,2,06,81,25,324,32,88,67,259,42,3*7F
1780395567.127,$GLGSV,1,1,01,77,08,177,,0*41
1780395567.128,$GAGSV,2,1,08,04,35,021,32,05,23,249,27,06,53,354,38,09,57,306,38,2*7F
1780395567.128,$GAGSV,2,2,08,10,69,125,37,11,77,356,34,12,44,137,34,36,27,329,32,2*7D
1780395567.129,$GAGSV,2,1,08,04,35,021,38,05,23,249,27,06,53,354,41,09,57,306,41,7*70
1780395567.130,$GAGSV,2,2,08,10,69,125,38,11,77,356,38,12,44,137,35,36,27,329,34,7*7C
1780395567.130,$GAGSV,1,1,04,16,08,187,,23,00,090,,28,15,037,,31,12,136,,0*76
1780395567.131,$GBGSV,2,1,08,06,41,037,17,07,68,114,40,08,22,178,33,09,38,002,32,1*72
1780395567.132,$GBGSV,2,2,08,10,63,142,39,13,29,301,39,14,29,033,16,34,41,188,40,1*78
1780395567.132,$GBGSV,1,1,02,09,38,002,30,10,63,142,35,3*70
1780395567.133,$GBGSV,3,1,10,01,42,106,,02,63,244,,03,72,138,,04,22,095,,0*75
1780395567.134,$GBGSV,3,2,10,04,22,095,,21,14,054,,24,39,153,,25,04,201,,0*73
1780395567.134,$GBGSV,3,3,10,25,04,201,,26,38,090,,0*70
1780395567.135,$GNGLL,1339.09776,N,10029.57789,E,101927.00,A,D*77
1780395568.112,$GNRMC,101928.00,A,1339.09800,N,10029.57769,E,1.118,321.43,020626,0.53,W,R,V*52
1780395568.114,$GNVTG,321.43,T,321.96,M,1.118,N,2.071,K,D*3D
1780395568.115,$GNGGA,101928.00,1339.09800,N,10029.57769,E,4,12,0.84,-1.0,M,-27.8,M,,0499*4A
1780395568.116,$GNGSA,A,3,10,18,23,32,29,,,,,,,,1.37,0.84,1.08,1*02
1780395568.117,$GNGSA,A,3,66,87,88,76,81,,,,,,,,1.37,0.84,1.08,2*05
1780395568.117,$GNGSA,A,3,05,12,04,06,09,10,11,36,,,,,1.37,0.84,1.08,3*0A
1780395568.118,$GNGSA,A,3,07,08,09,10,13,34,,,,,,,1.37,0.84,1.08,4*06
1780395568.118,$GPGSV,3,1,10,10,22,329,36,18,82,174,42,23,41,007,35,24,38,044,18,1*6D
1780395568.119,$GPGSV,3,2,10,28,17,208,20,29,15,180,23,32,32,273,40,41,64,233,43,1*67
1780395568.120,$GPGSV,3,3,10,42,70,217,41,50,55,115,36,1*60
1780395568.120,$GPGSV,2,1,06,10,22,329,31,18,82,174,42,23,41,007,34,24,38,044,11,6*63
1780395568.121,$GPGSV,2,2,06,29,15,180,18,32,32,273,33,6*6C
1780395568.121,$GPGSV,2,1,07,05,04,105,,12,13,119,,13,18,118,,15,10,047,,0*69
1780395568.122,$GPGSV,2,2,07,15,10,047,,25,18,156,,27,05,291,,0*52
1780395568.123,$GLGSV,2,1,06,65,23,013,14,66,28,318,37,76,27,133,28,81,25,324,38,1*73
1780395568.123,$GLGSV,2,2,06,87,23,169,35,88,67,259,41,1*72
1780395568.124,$GLGSV,2,1,06,66,28,318,40,67,04,268,18,75,21,073,15,76,27,133,31,3*7D
1780395568.125,$GLGSV,2,2,06,81,25,324,38,88,67,259,42,3*75
1780395568.125,$GLGSV,1,1,01,77,08,177,,0*41
1780395568.126,$GAGSV,2,1,08,04,35,021,35,05,23,249,29,06,53,354,37,09,57,306,38,2*79
1780395568.126,$GAGSV,2,2,08,10,69,125,37,11,77,356,35,12,44,137,33,36,27,329,32,2*7B
1780395568.127,$GAGSV,2,1,08,04,35,021,32,05,23,249,32,06,53,354,39,09,57,306,39,7*7E
1780395568.128,$GAGSV,2,2,08,10,69,125,38,11,77,356,35,12,44,137,32,36,27,329,34,7*76
1780395568.129,$GAGSV,1,1,04,16,08,187,,23,00,090,,28,15,037,,31,12,136,,0*76
1780395568.129,$GBGSV,2,1,08,06,41,037,17,07,68,114,39,08,22,178,31,09,38,002,28,1*75
1780395568.130,$GBGSV,2,2,08,10,63,142,38,13,29,301,40,14,29,033,17,34,41,188,40,1*76
1780395568.130,$GBGSV,1,1,02,09,38,002,30,10,63,142,34,3*71
1780395568.131,$GBGSV,3,1,10,01,42,106,,02,63,244,,03,72,138,,04,22,095,,0*75
1780395568.132,$GBGSV,3,2,10,04,22,095,,21,14,054,,24,39,153,,25,04,201,,0*73
1780395568.132,$GBGSV,3,3,10,25,04,201,,26,38,090,,0*70
1780395568.133,$GNGLL,1339.09800,N,10029.57769,E,101928.00,A,D*78
1780395569.102,$GNRMC,101929.00,A,1339.09823,N,10029.57749,E,1.095,313.54,020626,0.53,W,R,V*53
1780395569.105,$GNVTG,313.54,T,314.07,M,1.095,N,2.027,K,D*33
1780395569.105,$GNGGA,101929.00,1339.09823,N,10029.57749,E,4,12,0.84,-1.0,M,-27.8,M,,0499*48
1780395569.106,$GNGSA,A,3,10,18,23,32,29,,,,,,,,1.37,0.84,1.08,1*02
1780395569.106,$GNGSA,A,3,66,87,88,76,81,,,,,,,,1.37,0.84,1.08,2*05
1780395569.107,$GNGSA,A,3,05,12,04,06,09,10,11,36,,,,,1.37,0.84,1.08,3*0A
1780395569.108,$GNGSA,A,3,07,08,09,10,13,34,,,,,,,1.37,0.84,1.08,4*06
1780395569.108,$GPGSV,3,1,10,10,22,329,36,18,82,174,41,23,41,007,34,24,38,044,17,1*60
1780395569.109,$GPGSV,3,2,10,28,17,208,19,29,15,180,21,32,32,273,39,41,64,233,43,1*61
1780395569.109,$GPGSV,3,3,10,42,70,217,41,50,55,115,38,1*6E
1780395569.110,$GPGSV,2,1,06,10,22,329,30,18,82,174,40,23,41,007,33,24,38,044,10,6*66
1780395569.111,$GPGSV,2,2,06,29,15,180,19,32,32,273,32,6*6C
1780395569.111,$GPGSV,2,1,07,05,04,105,,12,13,119,,13,18,118,,15,10,047,,0*69
1780395569.112,$GPGSV,2,2,07,15,10,047,,25,18,156,,27,05,291,,0*52
1780395569.113,$GLGSV,2,1,06,65,22,014,15,66,28,318,35,76,27,133,32,81,25,324,36,1*73
1780395569.113,$GLGSV,2,2,06,87,23,169,35,88,67,259,42,1*71
1780395569.114,$GLGSV,2,1,06,66,28,318,37,67,04,268,18,75,21,073,18,76,27,133,29,3*79
1780395569.115,$GLGSV,2,2,06,81,25,324,38,88,67,259,41,3*76
1780395569.115,$GLGSV,1,1,01,77,08,177,,0*41
1780395569.116,$GAGSV,2,1,08,04,35,021,35,05,23,249,29,06,53,354,38,09,57,306,37,2*79
1780395569.116,$GAGSV,2,2,08,10,69,125,38,11,77,356,35,12,44,137,32,36,27,329,32,2*75
1780395569.117,$GAGSV,2,1,08,04,35,021,38,05,23,249,34,06,53,354,40,09,57,306,41,7*73
1780395569.118,$GAGSV,2,2,08,10,69,125,39,11,77,356,37,12,44,137,33,36,27,329,34,7*74
1780395569.119,$GAGSV,1,1,04,16,08,187,,23,00,090,,28,15,037,,31,12,136,,0*76
1780395569.119,$GBGSV,2,1,08,06,41,037,17,07,68,114,40,08,22,178,33,09,38,002,36,1*76
1780395569.120,$GBGSV,2,2,08,10,63,142,40,13,29,301,40,14,29,033,16,34,41,188,41,1*79
1780395569.120,$GBGSV,1,1,02,09,38,002,30,10,63,142,35,3*70
1780395569.121,$GBGSV,3,1,10,01,42,106,,02,63,244,,03,72,138,,04,22,095,,0*75
1780395569.122,$GBGSV,3,2,10,04,22,095,,21,14,054,,24,39,153,,25,04,201,,0*73
1780395569.122,$GBGSV,3,3,10,25,04,201,,26,38,090,,0*70
1780395569.123,$GNGLL,1339.09823,N,10029.57749,E,101929.00,A,D*7A
1780395570.108,$GNRMC,101930.00,A,1339.09844,N,10029.57726,E,1.120,309.43,020626,0.53,W,R,V*51
1780395570.111,$GNVTG,309.43,T,309.96,M,1.120,N,2.074,K,D*33
1780395570.112,$GNGGA,101930.00,1339.09844,N,10029.57726,E,4,12,0.72,-1.0,M,-27.8,M,,0499*41
1780395570.112,$GNGSA,A,3,10,18,23,32,29,,,,,,,,1.23,0.72,1.00,1*06
1780395570.113,$GNGSA,A,3,66,75,87,88,76,81,,,,,,,1.23,0.72,1.00,2*03
1780395570.113,$GNGSA,A,3,05,12,04,06,09,10,11,36,,,,,1.23,0.72,1.00,3*0E
1780395570.114,$GNGSA,A,3,07,08,09,10,13,34,,,,,,,1.23,0.72,1.00,4*02
1780395570.114,$GPGSV,3,1,10,10,22,329,36,18,82,174,41,23,41,007,37,24,38,044,16,1*62
1780395570.115,$GPGSV,3,2,10,28,17,208,18,29,15,180,20,32,32,273,38,41,64,233,43,1*60
1780395570.116,$GPGSV,3,3,10,42,70,217,41,50,55,115,36,1*60
1780395570.116,$GPGSV,2,1,06,10,22,329,30,18,82,174,41,23,41,007,33,24,38,044,11,6*66
1780395570.117,$GPGSV,2,2,06,29,15,180,19,32,32,273,32,6*6C
1780395570.117,$GPGSV,2,1,07,05,04,105,,12,13,119,,13,18,118,,15,10,047,,0*69
1780395570.118,$GPGSV,2,2,07,15,10,047,,25,18,156,,27,05,291,,0*52
1780395570.118,$GLGSV,2,1,06,65,22,014,15,66,28,319,40,76,27,133,25,81,25,324,35,1*75
1780395570.119,$GLGSV,2,2,06,87,23,169,29,88,67,259,41,1*7F
1780395570.120,$GLGSV,2,1,06,66,28,319,35,67,04,268,17,75,21,073,29,76,27,133,33,3*7C
1780395570.120,$GLGSV,2,2,06,81,25,324,35,88,67,259,41,3*7B
1780395570.120,$GLGSV,1,1,01,77,08,177,,0*41
1780395570.121,$GAGSV,2,1,08,04,35,021,31,05,23,249,31,06,53,354,37,09,57,306,38,2*74
1780395570.122,$GAGSV,2,2,08,10,69,125,39,11,77,356,35,12,44,137,32,36,27,329,33,2*75
1780395570.122,$GAGSV,2,1,08,04,35,021,32,05,23,249,34,06,53,354,40,09,57,306,41,7*79
1780395570.123,$GAGSV,2,2,08,10,69,125,39,11,77,356,37,12,44,137,33,36,27,329,35,7*75
1780395570.124,$GAGSV,1,1,04,16,08,187,,23,00,090,,28,15,037,,31,12,136,,0*76
1780395570.124,$GBGSV,2,1,08,06,41,037,19,07,68,114,41,08,22,178,32,09,38,002,38,1*76
1780395570.125,$GBGSV,2,2,08,10,63,142,41,13,29,301,38,14,29,033,15,34,41,188,41,1*74
1780395570.125,$GBGSV,1,1,02,09,38,002,32,10,63,142,36,3*71
1780395570.126,$GBGSV,3,1,10,01,42,106,,02,63,244,,03,72,138,,04,22,095,,0*75
1780395570.126,$GBGSV,3,2,10,04,22,095,,21,14,054,,24,39,153,,25,04,201,,0*73
1780395570.127,$GBGSV,3,3,10,25,04,201,,26,38,090,,0*70
1780395570.127,$GNGLL,1339.09844,N,10029.57726,E,101930.00,A,D*7A
1780395571.109,$GNRMC,101931.00,A,1339.09865,N,10029.57700,E,1.138,307.91,020626,0.53,W,R,V*5F
1780395571.112,$GNVTG,307.91,T,308.44,M,1.138,N,2.108,K,D*3F
1780395571.112,$GNGGA,101931.00,1339.09865,N,10029.57700,E,4,12,0.72,-1.0,M,-27.8,M,,0499*47
1780395571.113,$GNGSA,A,3,10,18,23,32,29,,,,,,,,1.23,0.72,1.00,1*06
1780395571.113,$GNGSA,A,3,66,75,87,88,76,81,,,,,,,1.23,0.72,1.00,2*03
1780395571.114,$GNGSA,A,3,05,12,04,06,09,10,11,36,,,,,1.23,0.72,1.00,3*0E
1780395571.114,$GNGSA,A,3,07,08,09,10,13,34,,,,,,,1.23,0.72,1.00,4*02
1780395571.115,$GPGSV,3,1,10,10,22,329,37,18,82,174,42,23,41,007,41,24,38,044,18,1*6F
1780395571.116,$GPGSV,3,2,10,28,17,208,20,29,15,180,22,32,32,273,39,41,64,233,43,1*68
1780395571.116,$GPGSV,3,3,10,42,70,217,42,50,55,115,36,1*63
1780395571.117,$GPGSV,2,1,06,10,22,329,34,18,82,174,41,23,41,007,38,24,38,044,10,6*68
1780395571.118,$GPGSV,2,2,06,29,15,180,20,32,32,273,32,6*66
1780395571.118,$GPGSV,2,1,07,05,04,105,,12,13,119,,13,18,118,,15,10,047,,0*69
1780395571.119,$GPGSV,2,2,07,15,10,047,,25,18,156,,27,05,291,,0*52
1780395571.119,$GLGSV,2,1,06,65,22,014,13,66,28,319,38,76,27,133,30,81,25,324,38,1*75
1780395571.120,$GLGSV,2,2,06,87,23,169,31,88,67,259,40,1*77
1780395571.121,$GLGSV,2,1,06,66,28,319,37,67,05,269,20,75,21,073,30,76,27,133,34,3*75
1780395571.122,$GLGSV,2,2,06,81,25,324,38,88,67,259,42,3*75
1780395571.122,$GLGSV,1,1,01,77,08,177,,0*41
1780395571.123,$GAGSV,2,1,08,04,35,021,31,05,23,249,31,06,53,354,38,09,57,306,38,2*7B
1780395571.124,$GAGSV,2,2,08,10,69,125,39,11,77,356,35,12,44,137,31,36,27,329,35,2*70
1780395571.124,$GAGSV,2,1,08,04,35,021,30,05,23,249,36,06,53,354,40,09,57,306,40,7*78
1780395571.125,$GAGSV,2,2,08,10,69,125,40,11,77,356,37,12,44,137,33,36,27,329,35,7*7B
1780395571.126,$GAGSV,1,1,04,16,08,187,,23,00,090,,28,15,037,,31,12,136,,0*76
1780395571.126,$GBGSV,2,1,08,06,41,037,18,07,68,114,41,08,22,178,30,09,38,002,38,1*75
1780395571.127,$GBGSV,2,2,08,10,63,142,41,13,29,301,39,14,29,033,18,34,41,188,42,1*7B
1780395571.128,$GBGSV,1,1,02,09,38,002,33,10,63,142,36,3*70
1780395571.128,$GBGSV,3,1,10,01,42,106,,02,63,244,,03,72,138,,04,22,095,,0*75
1780395571.129,$GBGSV,3,2,10,04,22,095,,21,14,054,,24,39,153,,25,04,201,,0*73
1780395571.129,$GBGSV,3,3,10,25,04,201,,26,38,090,,0*70
1780395571.130,$GNGLL,1339.09865,N,10029.57700,E,101931.00,A,D*7C
1780395572.111,$GNRMC,101932.00,A,1339.09883,N,10029.57672,E,1.131,306.04,020626,0.53,W,R,V*54
1780395572.114,$GNVTG,306.04,T,306.57,M,1.131,N,2.095,K,D*32
1780395572.116,$GNGGA,101932.00,1339.09883,N,10029.57672,E,4,12,0.68,-1.0,M,-27.8,M,,0499*43
1780395572.118,$GNGSA,A,3,10,18,23,32,29,,,,,,,,1.20,0.68,0.99,1*0F
1780395572.119,$GNGSA,A,3,66,75,87,88,76,81,,,,,,,1.20,0.68,0.99,2*0A
1780395572.121,$GNGSA,A,3,05,12,04,06,09,10,11,36,,,,,1.20,0.68,0.99,3*07
1780395572.122,$GNGSA,A,3,07,08,09,10,13,14,34,,,,,,1.20,0.68,0.99,4*0E
1780395572.124,$GPGSV,3,1,10,10,22,329,36,18,82,174,42,23,41,007,40,24,38,044,17,1*60
1780395572.127,$GPGSV,3,2,10,28,17,208,19,29,15,180,24,32,32,273,36,41,64,233,42,1*6A
1780395572.128,$GPGSV,3,3,10,42,70,217,41,50,55,115,36,1*60
1780395572.130,$GPGSV,2,1,06,10,22,329,34,18,82,174,41,23,41,007,37,24,38,044,12,6*65
1780395572.132,$GPGSV,2,2,06,29,15,180,20,32,32,273,32,6*66
1780395572.134,$GPGSV,2,1,07,05,04,105,,12,13,119,,13,18,118,,15,10,047,,0*69
1780395572.135,$GPGSV,2,2,07,15,10,047,,25,18,156,,27,05,291,,0*52
1780395572.138,$GLGSV,2,1,06,65,22,014,13,66,28,319,36,76,27,133,27,81,25,324,38,1*7D
1780395572.139,$GLGSV,2,2,06,87,23,169,31,88,67,259,41,1*76
1780395572.141,$GLGSV,2,1,06,66,28,319,37,67,05,269,20,75,21,073,31,76,27,133,33,3*73
1780395572.142,$GLGSV,2,2,06,81,25,324,38,88,67,259,41,3*76
1780395572.142,$GLGSV,1,1,01,77,08,177,,0*41
1780395572.144,$GAGSV,2,1,08,04,35,021,32,05,23,249,31,06,53,354,37,09,57,306,38,2*77
1780395572.145,$GAGSV,2,2,08,10,69,125,39,11,77,356,34,12,44,137,31,36,27,329,32,2*76
1780395572.146,$GAGSV,2,1,08,04,35,021,34,05,23,249,34,06,53,354,40,09,57,306,40,7*7E
1780395572.147,$GAGSV,2,2,08,10,69,125,40,11,77,356,37,12,44,137,35,36,27,329,35,7*7D
1780395572.148,$GAGSV,1,1,04,16,08,187,,23,00,090,,28,15,037,,31,12,136,,0*76
1780395572.149,$GBGSV,2,1,08,06,41,037,16,07,68,114,41,08,22,178,34,09,38,002,35,1*72
1780395572.150,$GBGSV,2,2,08,10,63,142,42,13,29,301,39,14,29,033,20,34,41,188,41,1*70
1780395572.151,$GBGSV,1,1,02,09,38,002,33,10,63,142,36,3*70
1780395572.151,$GBGSV,3,1,10,01,42,106,,02,63,244,,03,72,138,,04,22,095,,0*75
1780395572.152,$GBGSV,3,2,10,04,22,095,,21,14,054,,24,39,153,,25,04,201,,0*73
1780395572.153,$GBGSV,3,3,10,25,04,201,,26,38,090,,0*70
1780395572.153,$GNGLL,1339.09883,N,10029.57672,E,101932.00,A,D*73
1780395573.112,$GNRMC,101933.00,A,1339.09899,N,10029.57643,E,1.156,297.83,020626,0.53,W,R,V*5B
1780395573.114,$GNVTG,297.83,T,298.36,M,1.156,N,2.140,K,D*3D
1780395573.115,$GNGGA,101933.00,1339.09899,N,10029.57643,E,4,12,0.68,-1.0,M,-27.8,M,,0499*4B
1780395573.116,$GNGSA,A,3,10,18,23,32,29,,,,,,,,1.20,0.68,0.99,1*0F
1780395573.116,$GNGSA,A,3,66,75,87,88,76,81,,,,,,,1.20,0.68,0.99,2*0A
1780395573.117,$GNGSA,A,3,05,12,04,06,09,10,11,36,,,,,1.20,0.68,0.99,3*07
1780395573.117,$GNGSA,A,3,07,08,09,10,13,14,34,,,,,,1.20,0.68,0.99,4*0E
1780395573.118,$GPGSV,3,1,10,10,22,329,37,18,82,174,42,23,41,007,38,24,38,044,17,1*6E
1780395573.118,$GPGSV,3,2,10,28,17,208,22,29,15,180,23,32,32,273,41,41,64,233,42,1*65
1780395573.119,$GPGSV,3,3,10,42,70,217,42,50,55,115,36,1*63
1780395573.119,$GPGSV,2,1,06,10,22,329,34,18,82,174,41,23,41,007,37,24,38,044,14,6*63
1780395573.120,$GPGSV,2,2,06,29,15,180,19,32,32,273,32,6*6C
1780395573.121,$GPGSV,2,1,07,05,04,105,,12,13,119,,13,18,118,,15,10,047,,0*69
1780395573.121,$GPGSV,2,2,07,15,10,047,,25,18,156,,27,05,291,,0*52
1780395573.122,$GLGSV,2,1,06,65,22,014,13,66,28,319,37,76,27,133,35,81,25,324,38,1*7F
1780395573.122,$GLGSV,2,2,06,87,23,169,30,88,67,259,41,1*77
1780395573.123,$GLGSV,2,1,06,66,28,319,37,67,05,269,20,75,21,073,25,76,27,133,30,3*75
1780395573.123,$GLGSV,2,2,06,81,25,324,36,88,67,259,42,3*7B
1780395573.124,$GLGSV,1,1,01,77,08,177,,0*41
1780395573.124,$GAGSV,2,1,08,04,35,021,34,05,23,249,33,06,53,354,37,09,57,306,38,2*73
1780395573.125,$GAGSV,2,2,08,10,69,125,39,11,77,356,35,12,44,137,32,36,27,329,33,2*75
1780395573.126,$GAGSV,2,1,08,04,35,021,31,05,23,249,36,06,53,354,40,09,57,306,42,7*7B
1780395573.126,$GAGSV,2,2,08,10,69,125,40,11,77,356,37,12,44,137,35,36,27,329,35,7*7D
1780395573.127,$GAGSV,1,1,04,16,08,187,,23,00,090,,28,15,037,,31,12,136,,0*76
1780395573.128,$GBGSV,2,1,08,06,41,037,16,07,68,114,41,08,22,178,35,09,38,002,35,1*73
1780395573.128,$GBGSV,2,2,08,10,63,142,41,13,29,301,39,14,29,033,20,34,41,188,41,1*73
1780395573.129,$GBGSV,1,1,02,09,38,002,33,10,63,142,36,3*70
1780395573.129,$GBGSV,3,1,10,01,42,106,,02,63,244,,03,72,138,,04,22,095,,0*75
1780395573.130,$GBGSV,3,2,10,04,22,095,,21,14,054,,24,39,153,,25,04,201,,0*73
1780395573.130,$GBGSV,3,3,10,25,04,201,,26,38,090,,0*70
1780395573.131,$GNGLL,1339.09899,N,10029.57643,E,101933.00,A,D*7B
1780395574.107,$GNRMC,101934.00,A,1339.09913,N,10029.57612,E,1.239,290.71,020626,0.53,W,R,V*5B
1780395574.109,$GNVTG,290.71,T,291.24,M,1.239,N,2.294,K,D*3D
1780395574.110,$GNGGA,101934.00,1339.09913,N,10029.57612,E,4,12,0.76,-1.0,M,-27.8,M,,0499*44
1780395574.111,$GNGSA,A,3,10,18,23,32,29,,,,,,,,1.29,0.76,1.05,1*0D
1780395574.111,$GNGSA,A,3,66,75,87,88,76,81,,,,,,,1.29,0.76,1.05,2*08
1780395574.112,$GNGSA,A,3,05,12,04,06,09,10,11,36,,,,,1.29,0.76,1.05,3*05
1780395574.113,$GNGSA,A,3,07,08,09,10,13,14,34,,,,,,1.29,0.76,1.05,4*0C
1780395574.113,$GPGSV,3,1,10,10,22,329,37,18,82,174,42,23,41,007,40,24,38,044,17,1*61
1780395574.114,$GPGSV,3,2,10,28,17,208,24,29,15,180,23,32,32,273,40,41,64,233,43,1*63
1780395574.115,$GPGSV,3,3,10,42,70,217,41,50,55,115,36,1*60
1780395574.116,$GPGSV,2,1,06,10,22,329,34,18,82,174,41,23,41,007,36,24,38,044,14,6*62
1780395574.117,$GPGSV,2,2,06,29,15,180,17,32,32,273,32,6*62
1780395574.118,$GPGSV,2,1,07,05,04,105,,12,13,119,,13,18,118,,15,10,047,,0*69
1780395574.119,$GPGSV,2,2,07,15,10,047,,25,18,156,,27,05,291,,0*52
1780395574.119,$GLGSV,2,1,06,65,22,014,13,66,28,319,38,76,27,133,31,81,25,324,38,1*74
1780395574.120,$GLGSV,2,2,06,87,23,169,30,88,67,259,41,1*77
1780395574.121,$GLGSV,2,1,06,66,28,319,39,67,05,269,19,75,21,073,24,76,27,133,34,3*74
1780395574.122,$GLGSV,2,2,06,81,25,324,37,88,67,259,41,3*79
1780395574.122,$GLGSV,1,1,01,77,08,177,,0*41
1780395574.123,$GAGSV,2,1,08,04,35,021,34,05,23,249,32,06,53,354,37,09,57,306,38,2*72
1780395574.124,$GAGSV,2,2,08,10,69,125,39,11,77,356,35,12,44,137,32,36,27,329,32,2*74
1780395574.125,$GAGSV,2,1,08,04,35,021,33,05,23,249,32,06,53,354,38,09,57,306,40,7*70
1780395574.126,$GAGSV,2,2,08,10,69,125,40,11,77,356,37,12,44,137,35,36,27,329,34,7*7C
1780395574.127,$GAGSV,1,1,04,16,08,187,,23,00,090,,28,15,037,,31,12,136,,0*76
1780395574.127,$GBGSV,2,1,08,06,41,037,17,07,68,114,41,08,22,178,31,09,38,002,35,1*76
1780395574.128,$GBGSV,2,2,08,10,63,142,41,13,29,301,38,14,29,033,22,34,41,188,41,1*70
1780395574.129,$GBGSV,1,1,02,09,38,002,32,10,63,142,36,3*71
1780395574.129,$GBGSV,3,1,10,01,42,106,,02,63,244,,03,72,138,,04,22,095,,0*75
1780395574.130,$GBGSV,3,2,10,04,22,095,,21,14,054,,24,39,153,,25,04,201,,0*73
1780395574.131,$GBGSV,3,3,10,25,04,201,,26,38,090,,0*70
1780395574.131,$GNGLL,1339.09913,N,10029.57612,E,101934.00,A,D*7B
1780395575.107,$GNRMC,101935.00,A,1339.09924,N,10029.57579,E,1.211,284.98,020626,0.53,W,R,V*58
1780395575.109,$GNVTG,284.98,T,285.51,M,1.211,N,2.243,K,D*38
1780395575.110,$GNGGA,101935.00,1339.09924,N,10029.57579,E,4,12,0.76,-1.0,M,-27.8,M,,0499*4F
1780395575.111,$GNGSA,A,3,10,18,23,32,29,,,,,,,,1.29,0.76,1.05,1*0D
1780395575.111,$GNGSA,A,3,66,75,87,88,76,81,,,,,,,1.29,0.76,1.05,2*08
1780395575.112,$GNGSA,A,3,05,12,04,06,09,10,11,36,,,,,1.29,0.76,1.05,3*05
1780395575.113,$GNGSA,A,3,07,08,09,10,13,14,34,,,,,,1.29,0.76,1.05,4*0C
1780395575.113,$GPGSV,3,1,10,10,22,329,38,18,82,174,42,23,41,007,39,24,38,044,17,1*60
1780395575.114,$GPGSV,3,2,10,28,17,208,24,29,15,180,22,32,32,273,40,41,64,233,43,1*62
1780395575.115,$GPGSV,3,3,10,42,70,217,42,50,55,115,36,1*63
1780395575.116,$GPGSV,2,1,06,10,22,329,33,18,82,174,40,23,41,007,37,24,38,044,14,6*65
1780395575.116,$GPGSV,2,2,06,29,15,180,18,32,32,273,31,6*6E
1780395575.117,$GPGSV,2,1,07,05,04,105,,12,13,119,,13,18,118,,15,10,047,,0*69
1780395575.118,$GPGSV,2,2,07,15,10,047,,25,18,156,,27,05,291,,0*52
1780395575.119,$GLGSV,2,1,06,65,22,014,15,66,28,319,37,76,27,133,34,81,25,324,34,1*74
1780395575.119,$GLGSV,2,2,06,87,23,169,29,88,67,259,41,1*7F
1780395575.120,$GLGSV,2,1,06,66,28,319,39,67,05,269,19,75,21,073,24,76,27,133,33,3*73
1780395575.121,$GLGSV,2,2,06,81,25,324,36,88,67,259,42,3*7B
1780395575.121,$GLGSV,1,1,01,77,08,177,,0*41
1780395575.122,$GAGSV,2,1,08,04,35,021,31,05,23,249,32,06,53,354,37,09,57,306,37,2*78
1780395575.123,$GAGSV,2,2,08,10,69,125,39,11,77,356,35,12,44,137,32,36,27,329,32,2*74
1780395575.124,$GAGSV,2,1,08,04,35,021,37,05,23,249,34,06,53,354,40,09,57,306,40,7*7D
1780395575.124,$GAGSV,2,2,08,10,69,125,40,11,77,356,37,12,44,137,35,36,27,329,34,7*7C
1780395575.125,$GAGSV,1,1,04,16,08,187,,23,00,090,,28,15,037,,31,12,136,,0*76
1780395575.126,$GBGSV,2,1,08,06,41,037,18,07,68,114,41,08,22,178,32,09,38,002,37,1*78
1780395575.127,$GBGSV,2,2,08,10,63,142,41,13,29,301,38,14,29,033,25,34,41,188,41,1*77
1780395575.127,$GBGSV,1,1,02,09,38,002,31,10,63,142,36,3*72
1780395575.128,$GBGSV,3,1,10,01,42,106,,02,63,244,,03,72,138,,04,22,095,,0*75
1780395575.129,$GBGSV,3,2,10,04,22,095,,21,14,054,,24,39,153,,25,04,201,,0*73
1780395575.129,$GBGSV,3,3,10,25,04,201,,26,38,090,,0*70
1780395575.130,$GNGLL,1339.09924,N,10029.57579,E,101935.00,A,D*70
1780395576.109,$GNRMC,101936.00,A,1339.09932,N,10029.57547,E,1.163,284.34,020626,0.53,W,R,V*51
1780395576.111,$GNVTG,284.34,T,284.87,M,1.163,N,2.153,K,D*30
1780395576.114,$GNGGA,101936.00,1339.09932,N,10029.57547,E,4,12,0.72,-1.0,M,-27.8,M,,0499*42
1780395576.116,$GNGSA,A,3,10,18,23,32,29,,,,,,,,1.27,0.72,1.04,1*06
1780395576.118,$GNGSA,A,3,66,75,87,88,76,81,,,,,,,1.27,0.72,1.04,2*03
1780395576.119,$GNGSA,A,3,05,12,04,06,09,10,11,36,,,,,1.27,0.72,1.04,3*0E
1780395576.121,$GNGSA,A,3,07,08,09,10,13,14,34,06,,,,,1.27,0.72,1.04,4*01
1780395576.124,$GPGSV,3,1,10,10,22,329,36,18,82,174,42,23,41,007,39,24,38,044,16,1*6F
1780395576.126,$GPGSV,3,2,10,28,17,208,22,29,15,180,22,32,32,273,38,41,64,233,42,1*6A
1780395576.128,$GPGSV,3,3,10,42,70,217,41,50,55,115,36,1*60
1780395576.131,$GPGSV,2,1,06,10,22,329,32,18,82,174,40,23,41,007,36,24,38,044,11,6*60
1780395576.133,$GPGSV,2,2,06,29,15,180,18,32,32,273,32,6*6D
1780395576.136,$GPGSV,2,1,07,05,04,105,,12,13,119,,13,18,118,,15,10,047,,0*69
1780395576.138,$GPGSV,2,2,07,15,10,047,,25,18,156,,27,05,291,,0*52
1780395576.140,$GLGSV,2,1,06,65,22,014,14,66,28,319,38,76,27,133,31,81,25,324,37,1*7C
1780395576.141,$GLGSV,2,2,06,87,23,169,30,88,67,259,41,1*77
1780395576.143,$GLGSV,2,1,06,66,28,319,39,67,05,269,20,75,21,073,24,76,27,133,35,3*7F
1780395576.144,$GLGSV,2,2,06,81,25,324,40,88,67,259,41,3*79
1780395576.145,$GLGSV,1,1,01,77,08,177,,0*41
1780395576.146,$GAGSV,2,1,08,04,35,021,32,05,23,249,32,06,53,354,37,09,57,306,37,2*7B
1780395576.148,$GAGSV,2,2,08,10,69,125,38,11,77,356,35,12,44,137,32,36,27,329,32,2*75
1780395576.149,$GAGSV,2,1,08,04,35,021,36,05,23,249,34,06,53,354,39,09,57,306,40,7*72
1780395576.150,$GAGSV,2,2,08,10,69,125,40,11,77,356,37,12,44,137,35,36,27,329,34,7*7C
1780395576.151,$GAGSV,1,1,04,16,08,187,,23,00,090,,28,15,037,,31,12,136,,0*76
1780395576.152,$GBGSV,2,1,08,06,41,037,21,07,68,114,42,08,22,178,30,09,38,002,38,1*7C
1780395576.153,$GBGSV,2,2,08,10,63,142,41,13,29,301,39,14,29,033,35,34,41,188,41,1*77
1780395576.154,$GBGSV,1,1,02,09,38,002,31,10,63,142,36,3*72
1780395576.155,$GBGSV,3,1,10,01,42,106,,02,63,244,,03,72,138,,04,22,095,,0*75
1780395576.156,$GBGSV,3,2,10,04,22,095,,21,14,054,,24,39,153,,25,04,201,,0*73
1780395576.156,$GBGSV,3,3,10,25,04,201,,26,38,090,,0*70
1780395576.157,$GNGLL,1339.09932,N,10029.57547,E,101936.00,A,D*79
1780395577.107,$GNRMC,101937.00,A,1339.09938,N,10029.57514,E,1.190,278.22,020626,0.53,W,R,V*54
1780395577.110,$GNVTG,278.22,T,278.75,M,1.190,N,2.204,K,D*37
1780395577.111,$GNGGA,101937.00,1339.09938,N,10029.57514,E,4,12,0.72,-1.0,M,-27.8,M,,0499*4F
1780395577.112,$GNGSA,A,3,10,18,23,32,29,,,,,,,,1.27,0.72,1.04,1*06
1780395577.112,$GNGSA,A,3,66,75,87,88,76,81,,,,,,,1.27,0.72,1.04,2*03
1780395577.113,$GNGSA,A,3,05,12,04,06,09,10,11,36,,,,,1.27,0.72,1.04,3*0E
1780395577.113,$GNGSA,A,3,07,08,09,10,13,14,34,06,,,,,1.27,0.72,1.04,4*01
1780395577.114,$GPGSV,3,1,09,10,22,329,36,18,82,174,42,23,41,007,39,28,17,208,20,1*69
1780395577.115,$GPGSV,3,2,09,29,15,180,22,32,32,273,39,41,64,233,43,42,70,217,41,1*64
1780395577.116,$GPGSV,3,3,09,50,55,115,36,1*58
1780395577.117,$GPGSV,2,1,06,10,22,329,31,18,82,174,41,23,41,007,37,24,38,044,11,6*63
1780395577.118,$GPGSV,2,2,06,29,15,180,16,32,32,273,33,6*62
1780395577.119,$GPGSV,2,1,07,05,04,105,,12,13,119,,13,18,118,,15,10,047,,0*69
1780395577.119,$GPGSV,2,2,07,15,10,047,,25,18,156,,27,05,291,,0*52
1780395577.120,$GLGSV,2,1,06,65,22,014,15,66,28,319,38,76,27,133,37,81,25,324,38,1*74
1780395577.121,$GLGSV,2,2,06,87,23,169,30,88,67,259,42,1*74
1780395577.122,$GLGSV,2,1,06,66,28,319,39,67,05,269,20,75,21,073,23,76,27,133,35,3*78
1780395577.123,$GLGSV,2,2,06,81,25,324,37,88,67,259,41,3*79
1780395577.123,$GLGSV,1,1,01,77,08,177,,0*41
1780395577.124,$GAGSV,2,1,08,04,35,021,32,05,23,249,31,06,53,354,38,09,57,306,37,2*77
1780395577.125,$GAGSV,2,2,08,10,69,125,39,11,77,356,35,12,44,137,31,36,27,329,34,2*71
1780395577.126,$GAGSV,2,1,08,04,35,021,36,05,23,249,30,06,53,354,39,09,57,306,40,7*76
1780395577.127,$GAGSV,2,2,08,10,69,125,40,11,77,356,37,12,44,137,35,36,27,329,35,7*7D
1780395577.127,$GAGSV,1,1,04,16,08,187,,23,00,090,,28,15,037,,31,12,136,,0*76
1780395577.128,$GBGSV,2,1,08,06,41,037,24,07,68,114,41,08,22,178,32,09,38,002,37,1*77
1780395577.129,$GBGSV,2,2,08,10,63,142,41,13,29,301,39,14,29,033,35,34,41,188,41,1*77
1780395577.130,$GBGSV,1,1,02,09,38,002,32,10,63,142,35,3*72
1780395577.131,$GBGSV,3,1,10,01,42,106,,02,63,244,,03,72,138,,04,22,095,,0*75
1780395577.131,$GBGSV,3,2,10,04,22,095,,21,14,054,,24,39,153,,25,04,201,,0*73
1780395577.132,$GBGSV,3,3,10,25,04,201,,26,38,090,,0*70
1780395577.132,$GNGLL,1339.09938,N,10029.57514,E,101937.00,A,D*74
1780395578.102,$GNRMC,101938.00,A,1339.09942,N,10029.57481,E,1.121,276.31,020626,0.53,W,R,V*5D
1780395578.104,$GNVTG,276.31,T,276.84,M,1.121,N,2.077,K,D*37
1780395578.106,$GNGGA,101938.00,1339.09942,N,10029.57481,E,4,12,0.72,-1.0,M,-27.8,M,,0499*40
1780395578.107,$GNGSA,A,3,10,18,23,32,29,,,,,,,,1.27,0.72,1.04,1*06
1780395578.107,$GNGSA,A,3,66,75,87,88,76,81,,,,,,,1.27,0.72,1.04,2*03
1780395578.108,$GNGSA,A,3,05,12,04,06,09,10,11,36,,,,,1.27,0.72,1.04,3*0E
1780395578.108,$GNGSA,A,3,07,08,09,10,13,14,34,06,,,,,1.27,0.72,1.04,4*01
1780395578.109,$GPGSV,3,1,09,10,22,329,38,18,82,174,42,23,41,007,38,28,17,208,19,1*6C
1780395578.110,$GPGSV,3,2,09,29,15,180,22,32,32,273,39,41,64,233,42,42,70,217,41,1*65
1780395578.110,$GPGSV,3,3,09,50,55,115,38,1*56
1780395578.111,$GPGSV,2,1,06,10,22,329,31,18,82,174,41,23,41,007,37,24,38,044,11,6*63
1780395578.112,$GPGSV,2,2,06,29,15,180,15,32,32,273,33,6*61
1780395578.113,$GPGSV,2,1,07,05,04,105,,12,13,119,,13,18,118,,15,10,047,,0*69
1780395578.113,$GPGSV,2,2,07,15,10,047,,25,18,156,,27,05,291,,0*52
1780395578.114,$GLGSV,2,1,06,65,22,014,14,66,28,319,41,76,27,133,37,81,25,324,38,1*7B
1780395578.114,$GLGSV,2,2,06,87,23,169,31,88,67,259,42,1*75
1780395578.115,$GLGSV,2,1,06,66,28,319,35,67,05,269,19,75,21,073,22,76,27,133,37,3*7D
1780395578.116,$GLGSV,2,2,06,81,25,324,40,88,67,259,41,3*79
1780395578.116,$GLGSV,1,1,01,77,08,177,,0*41
1780395578.117,$GAGSV,2,1,08,04,35,021,33,05,23,249,31,06,53,354,38,09,57,306,37,2*76
1780395578.118,$GAGSV,2,2,08,10,69,125,39,11,77,356,35,12,44,137,32,36,27,329,34,2*72
1780395578.118,$GAGSV,3,1,09,04,35,021,36,05,23,249,31,06,53,354,39,09,57,306,40,7*77
1780395578.119,$GAGSV,3,2,09,10,69,125,40,11,77,356,36,12,44,137,34,28,15,037,22,7*79
1780395578.120,$GAGSV,3,3,09,36,27,329,35,7*44
1780395578.120,$GAGSV,1,1,03,16,08,187,,23,00,090,,31,12,136,,0*4B
1780395578.121,$GBGSV,2,1,08,06,41,037,27,07,68,114,41,08,22,178,32,09,38,002,37,1*74
1780395578.122,$GBGSV,2,2,08,10,63,142,40,13,29,301,39,14,29,033,36,34,41,188,40,1*74
1780395578.122,$GBGSV,1,1,02,09,38,002,34,10,63,142,36,3*77
1780395578.123,$GBGSV,3,1,10,01,42,106,,02,63,244,,03,72,138,,04,22,095,,0*75
1780395578.123,$GBGSV,3,2,10,04,22,095,,21,14,054,,24,39,153,,25,04,201,,0*73
1780395578.124,$GBGSV,3,3,10,25,04,201,,26,38,090,,0*70
1780395578.124,$GNGLL,1339.09942,N,10029.57481,E,101938.00,A,D*7B
1780395579.111,$GNRMC,101939.00,A,1339.09944,N,10029.57450,E,1.100,270.89,020626,0.53,W,R,V*50
1780395579.113,$GNVTG,270.89,T,271.42,M,1.100,N,2.037,K,D*38
1780395579.114,$GNGGA,101939.00,1339.09944,N,10029.57450,E,4,12,0.72,-1.0,M,-27.8,M,,0499*4B
1780395579.114,$GNGSA,A,3,10,18,23,32,29,,,,,,,,1.27,0.72,1.04,1*06
1780395579.115,$GNGSA,A,3,66,75,87,88,76,81,,,,,,,1.27,0.72,1.04,2*03
1780395579.115,$GNGSA,A,3,05,12,04,06,09,10,11,36,,,,,1.27,0.72,1.04,3*0E
1780395579.116,$GNGSA,A,3,07,08,09,10,13,14,34,06,,,,,1.27,0.72,1.04,4*01
1780395579.116,$GPGSV,3,1,09,10,22,329,36,18,82,174,42,23,41,007,39,28,17,208,21,1*68
1780395579.117,$GPGSV,3,2,09,29,15,180,22,32,32,273,39,41,64,233,42,42,70,217,42,1*66
1780395579.118,$GPGSV,3,3,09,50,55,115,37,1*59
1780395579.118,$GPGSV,2,1,06,10,22,329,32,18,82,174,41,23,41,007,36,24,38,044,12,6*62
1780395579.119,$GPGSV,2,2,06,29,15,180,13,32,32,273,32,6*66
1780395579.119,$GPGSV,2,1,07,05,04,105,,12,13,119,,13,18,118,,15,10,047,,0*69
1780395579.120,$GPGSV,2,2,07,15,10,047,,25,18,156,,27,05,291,,0*52
1780395579.121,$GLGSV,2,1,06,65,22,014,13,66,28,319,36,76,27,133,39,81,25,324,38,1*72
1780395579.121,$GLGSV,2,2,06,87,23,169,29,88,67,259,42,1*7C
1780395579.122,$GLGSV,2,1,06,66,28,319,38,67,05,269,20,75,21,072,20,76,27,133,40,3*79
1780395579.122,$GLGSV,2,2,06,81,25,324,37,88,67,259,41,3*79
1780395579.123,$GLGSV,1,1,01,77,08,177,,0*41
1780395579.123,$GAGSV,2,1,08,04,35,021,35,05,23,249,31,06,53,354,38,09,57,306,38,2*7F
1780395579.124,$GAGSV,2,2,08,10,69,125,39,11,77,356,35,12,44,137,32,36,27,329,34,2*72
1780395579.125,$GAGSV,3,1,09,04,35,021,37,05,23,249,34,06,53,354,39,09,57,306,40,7*73
1780395579.126,$GAGSV,3,2,09,10,69,125,40,11,77,356,36,12,44,137,34,28,15,037,21,7*7A
1780395579.126,$GAGSV,3,3,09,36,27,329,34,7*45
1780395579.127,$GAGSV,1,1,03,16,08,187,,23,00,090,,31,12,136,,0*4B
1780395579.127,$GBGSV,2,1,08,06,41,037,32,07,68,114,42,08,22,178,32,09,38,002,37,1*73
1780395579.128,$GBGSV,2,2,08,10,63,142,40,13,29,301,37,14,29,033,39,34,41,188,38,1*7A
1780395579.128,$GBGSV,1,1,02,09,38,002,34,10,63,142,36,3*77
1780395579.129,$GBGSV,3,1,10,01,42,106,,02,63,244,,03,72,138,,04,22,095,,0*75
1780395579.130,$GBGSV,3,2,10,04,22,095,,21,14,054,,24,39,153,,25,04,201,,0*73
1780395579.130,$GBGSV,3,3,10,25,04,201,,26,38,090,,0*70
1780395579.131,$GNGLL,1339.09944,N,10029.57450,E,101939.00,A,D*70
1780395580.108,$GNRMC,101940.00,A,1339.09943,N,10029.57420,E,1.062,268.77,020626,0.53,W,R,V*53
1780395580.111,$GNVTG,268.77,T,269.30,M,1.062,N,1.967,K,D*36
1780395580.112,$GNGGA,101940.00,1339.09943,N,10029.57420,E,4,12,0.67,-1.0,M,-27.8,M,,0499*41
1780395580.113,$GNGSA,A,3,10,18,23,32,29,,,,,,,,1.18,0.67,0.97,1*05
1780395580.113,$GNGSA,A,3,66,87,88,76,81,,,,,,,,1.18,0.67,0.97,2*02
1780395580.114,$GNGSA,A,3,28,05,12,04,06,09,10,11,36,,,,1.18,0.67,0.97,3*07
1780395580.115,$GNGSA,A,3,07,08,09,10,13,14,34,06,,,,,1.18,0.67,0.97,4*02
1780395580.115,$GPGSV,3,1,09,10,22,329,30,18,82,174,42,23,41,007,40,28,17,208,21,1*60
1780395580.116,$GPGSV,3,2,09,29,15,180,21,32,32,273,39,41,64,233,42,42,70,217,41,1*66
1780395580.116,$GPGSV,3,3,09,50,55,115,36,1*58
1780395580.117,$GPGSV,2,1,06,10,22,329,31,18,82,174,41,23,41,007,35,24,38,044,12,6*62
1780395580.117,$GPGSV,2,2,06,29,15,180,13,32,32,273,32,6*66
1780395580.118,$GPGSV,2,1,07,05,04,105,,12,13,119,,13,18,118,,15,10,047,,0*69
1780395580.119,$GPGSV,2,2,07,15,10,047,,25,18,156,,27,05,291,,0*52
1780395580.119,$GLGSV,2,1,07,65,22,014,13,66,28,319,37,75,21,072,17,76,28,132,39,1*7E
1780395580.120,$GLGSV,2,2,07,81,25,324,38,87,23,169,28,88,67,259,41,1*4F
1780395580.121,$GLGSV,2,1,06,66,28,319,37,67,05,269,20,75,21,072,17,76,28,132,38,3*73
1780395580.121,$GLGSV,2,2,06,81,25,324,38,88,67,259,40,3*77
1780395580.122,$GLGSV,1,1,01,77,08,177,,0*41
1780395580.122,$GAGSV,2,1,08,04,35,021,35,05,23,249,32,06,53,354,38,09,57,306,37,2*73
1780395580.123,$GAGSV,2,2,08,10,69,125,39,11,77,356,35,12,44,137,33,36,27,329,35,2*72
1780395580.124,$GAGSV,3,1,09,04,35,021,37,05,23,249,33,06,53,354,39,09,57,306,40,7*74
1780395580.124,$GAGSV,3,2,09,10,69,125,40,11,77,356,36,12,44,137,34,28,15,037,22,7*79
1780395580.125,$GAGSV,3,3,09,36,27,329,30,7*41
1780395580.125,$GAGSV,1,1,03,16,08,187,,23,00,090,,31,12,136,,0*4B
1780395580.126,$GBGSV,2,1,08,06,41,037,33,07,68,114,42,08,22,178,26,09,38,002,34,1*74
1780395580.127,$GBGSV,2,2,08,10,63,142,40,13,29,301,39,14,29,033,41,34,41,188,38,1*7B
1780395580.127,$GBGSV,1,1,02,09,38,002,34,10,63,142,36,3*77
1780395580.128,$GBGSV,3,1,10,01,42,106,,02,63,244,,03,72,138,,04,22,095,,0*75
1780395580.128,$GBGSV,3,2,10,04,22,095,,21,14,054,,24,39,153,,25,04,201,,0*73
1780395580.129,$GBGSV,3,3,10,25,04,201,,26,38,090,,0*70
1780395580.129,$GNGLL,1339.09943,N,10029.57420,E,101940.00,A,D*7E
1780395581.106,$GNRMC,101941.00,A,1339.09941,N,10029.57391,E,0.992,266.37,020626,0.53,W,R,V*50
1780395581.109,$GNVTG,266.37,T,266.90,M,0.992,N,1.837,K,D*3A
1780395581.109,$GNGGA,101941.00,1339.09941,N,10029.57391,E,4,12,0.67,-1.0,M,-27.8,M,,0499*4F
1780395581.110,$GNGSA,A,3,10,18,23,32,29,,,,,,,,1.18,0.67,0.97,1*05
1780395581.110,$GNGSA,A,3,66,87,88,76,81,,,,,,,,1.18,0.67,0.97,2*02
1780395581.111,$GNGSA,A,3,28,05,12,04,06,09,10,11,36,,,,1.18,0.67,0.97,3*07
1780395581.111,$GNGSA,A,3,07,08,09,10,13,14,34,06,,,,,1.18,0.67,0.97,4*02
1780395581.112,$GPGSV,3,1,09,10,22,329,33,18,82,174,42,23,41,007,38,28,17,208,25,1*68
1780395581.113,$GPGSV,3,2,09,29,15,180,20,32,32,273,37,41,64,233,42,42,70,217,41,1*69
1780395581.113,$GPGSV,3,3,09,50,55,115,36,1*58
1780395581.114,$GPGSV,2,1,06,10,22,329,30,18,82,174,41,23,41,007,35,24,38,044,15,6*64
1780395581.114,$GPGSV,2,2,06,29,15,180,13,32,32,273,33,6*67
1780395581.115,$GPGSV,2,1,07,05,04,105,,12,13,119,,13,18,118,,15,10,047,,0*69
1780395581.116,$GPGSV,2,2,07,15,10,047,,25,18,156,,27,05,291,,0*52
1780395581.116,$GLGSV,2,1,07,65,22,014,15,66,28,319,39,75,21,072,18,76,28,132,36,1*76
1780395581.117,$GLGSV,2,2,07,81,25,324,37,87,23,169,27,88,67,259,41,1*4F
1780395581.118,$GLGSV,2,1,06,66,28,319,37,67,05,269,20,75,21,072,18,76,28,132,38,3*7C
1780395581.118,$GLGSV,2,2,06,81,25,324,39,88,67,259,40,3*76
1780395581.118,$GLGSV,1,1,01,77,09,176,,0*41
1780395581.119,$GAGSV,2,1,08,04,35,021,35,05,23,249,32,06,53,354,38,09,57,306,38,2*7C
1780395581.120,$GAGSV,2,2,08,10,69,125,38,11,77,356,35,12,44,137,32,36,27,329,34,2*73
1780395581.121,$GAGSV,3,1,09,04,35,021,39,05,23,249,33,06,53,354,39,09,57,306,40,7*7A
1780395581.121,$GAGSV,3,2,09,10,69,125,40,11,77,356,37,12,44,137,34,28,15,037,21,7*7B
1780395581.122,$GAGSV,3,3,09,36,27,329,33,7*42
1780395581.122,$GAGSV,1,1,03,16,08,187,,23,00,090,,31,12,136,,0*4B
1780395581.123,$GBGSV,2,1,08,06,41,037,35,07,68,114,41,08,22,178,26,09,38,002,37,1*72
1780395581.124,$GBGSV,2,2,08,10,63,142,41,13,29,301,39,14,29,033,39,34,41,188,37,1*7A
1780395581.124,$GBGSV,1,1,02,09,38,002,34,10,63,142,36,3*77
1780395581.125,$GBGSV,3,1,10,01,42,106,,02,63,244,,03,72,138,,04,22,095,,0*75
1780395581.125,$GBGSV,3,2,10,04,22,095,,21,14,054,,24,39,153,,25,04,201,,0*73
1780395581.126,$GBGSV,3,3,10,25,04,201,,26,38,090,,0*70
1780395581.126,$GNGLL,1339.09941,N,10029.57391,E,101941.00,A,D*70
1780395582.138,$GNRMC,101942.00,A,1339.09938,N,10029.57363,E,0.994,261.37,020626,0.53,W,R,V*51
1780395582.140,$GNVTG,261.37,T,261.90,M,0.994,N,1.840,K,D*3C
1780395582.141,$GNGGA,101942.00,1339.09938,N,10029.57363,E,4,12,0.67,-1.0,M,-27.8,M,,0499*4F
1780395582.141,$GNGSA,A,3,10,18,23,32,29,,,,,,,,1.18,0.67,0.97,1*05
1780395582.142,$GNGSA,A,3,66,87,88,76,81,,,,,,,,1.18,0.67,0.97,2*02
1780395582.142,$GNGSA,A,3,28,05,12,04,06,09,10,11,36,,,,1.18,0.67,0.97,3*07
1780395582.143,$GNGSA,A,3,07,08,09,10,13,14,34,06,,,,,1.18,0.67,0.97,4*02
1780395582.143,$GPGSV,3,1,09,10,22,329,32,18,82,174,41,23,41,007,38,28,17,208,25,1*6A
1780395582.144,$GPGSV,3,2,09,29,15,180,20,32,32,273,38,41,64,233,42,42,70,217,41,1*66
1780395582.145,$GPGSV,3,3,09,50,55,115,36,1*58
1780395582.145,$GPGSV,2,1,06,10,22,329,29,18,82,174,41,23,41,007,36,24,38,044,17,6*6D
1780395582.146,$GPGSV,2,2,06,29,15,180,16,32,32,273,33,6*62
1780395582.146,$GPGSV,2,1,07,05,04,105,,12,13,119,,13,18,118,,15,10,047,,0*69
1780395582.147,$GPGSV,2,2,07,15,10,047,,25,18,156,,27,05,291,,0*52
1780395582.148,$GLGSV,2,1,07,65,22,014,16,66,28,319,37,75,21,072,19,76,28,132,36,1*7A
1780395582.148,$GLGSV,2,2,07,81,25,324,35,87,23,169,29,88,67,259,42,1*40
1780395582.149,$GLGSV,2,1,06,66,28,319,39,67,05,269,20,75,21,072,18,76,28,132,39,3*73
1780395582.150,$GLGSV,2,2,06,81,25,324,39,88,67,259,41,3*77
1780395582.150,$GLGSV,1,1,01,77,09,176,,0*41
1780395582.151,$GAGSV,2,1,08,04,35,021,35,05,23,249,33,06,53,354,38,09,57,306,38,2*7D
1780395582.152,$GAGSV,2,2,08,10,69,125,38,11,77,356,35,12,44,137,32,36,27,329,34,2*73
1780395582.153,$GAGSV,3,1,09,04,35,021,37,05,23,249,33,06,53,354,39,09,57,306,40,7*74
1780395582.153,$GAGSV,3,2,09,10,69,125,40,11,77,356,37,12,44,137,35,28,15,037,23,7*78
1780395582.154,$GAGSV,3,3,09,36,27,329,33,7*42
1780395582.154,$GAGSV,1,1,03,16,08,187,,23,00,090,,31,12,136,,0*4B
1780395582.155,$GBGSV,2,1,08,06,41,037,37,07,68,114,42,08,22,178,27,09,38,002,38,1*7D
1780395582.156,$GBGSV,2,2,08,10,63,142,39,13,29,301,37,14,29,033,39,34,41,188,38,1*74
1780395582.156,$GBGSV,1,1,02,09,38,002,34,10,63,142,37,3*76
1780395582.157,$GBGSV,3,1,10,01,42,106,,02,63,244,,03,72,138,,04,22,095,,0*75
1780395582.158,$GBGSV,3,2,10,04,22,095,,21,14,054,,24,39,153,,25,04,201,,0*73
1780395582.158,$GBGSV,3,3,10,25,04,201,,26,38,090,,0*70
1780395582.159,$GNGLL,1339.09938,N,10029.57363,E,101942.00,A,D*70
1780395583.108,$GNRMC,101943.00,A,1339.09934,N,10029.57336,E,0.952,262.65,020626,0.53,W,R,V*52
1780395583.110,$GNVTG,262.65,T,263.18,M,0.952,N,1.763,K,D*3E
1780395583.111,$GNGGA,101943.00,1339.09934,N,10029.57336,E,4,12,0.75,-1.0,M,-27.8,M,,0499*41
1780395583.112,$GNGSA,A,3,10,18,23,32,,,,,,,,,1.40,0.75,1.18,1*06
1780395583.112,$GNGSA,A,3,66,75,87,88,76,81,,,,,,,1.40,0.75,1.18,2*08
1780395583.113,$GNGSA,A,3,28,05,12,04,06,09,10,11,36,,,,1.40,0.75,1.18,3*0F
1780395583.113,$GNGSA,A,3,07,08,09,10,13,14,34,06,,,,,1.40,0.75,1.18,4*0A
1780395583.114,$GPGSV,3,1,09,10,22,329,35,18,82,174,43,23,41,007,38,28,17,208,25,1*6F
1780395583.115,$GPGSV,3,2,09,29,15,180,18,32,32,273,40,41,64,233,42,42,70,217,41,1*62
1780395583.115,$GPGSV,3,3,09,50,55,115,36,1*58
1780395583.116,$GPGSV,2,1,06,10,22,329,29,18,82,174,41,23,41,007,36,24,38,044,18,6*62
1780395583.116,$GPGSV,2,2,06,29,15,180,17,32,32,273,32,6*62
1780395583.117,$GPGSV,2,1,07,05,04,105,,12,13,119,,13,18,118,,15,10,047,,0*69
1780395583.117,$GPGSV,2,2,07,15,10,047,,25,18,156,,27,05,291,,0*52
1780395583.118,$GLGSV,2,1,07,65,22,014,17,66,28,319,35,75,21,072,17,76,28,132,37,1*76
1780395583.118,$GLGSV,2,2,07,81,25,324,36,87,23,169,28,88,67,259,41,1*41
1780395583.119,$GLGSV,2,1,06,66,28,319,39,67,05,269,19,75,21,072,20,76,28,132,39,3*72
1780395583.120,$GLGSV,2,2,06,81,25,324,39,88,67,259,40,3*76
1780395583.120,$GLGSV,1,1,01,77,09,176,,0*41
1780395583.121,$GAGSV,2,1,08,04,35,021,35,05,23,249,33,06,53,354,38,09,57,306,38,2*7D
1780395583.122,$GAGSV,2,2,08,10,69,125,38,11,77,356,35,12,44,137,33,36,27,329,35,2*73
1780395583.122,$GAGSV,3,1,09,04,35,021,38,05,23,249,34,06,53,354,39,09,57,306,40,7*7C
1780395583.123,$GAGSV,3,2,09,10,69,125,40,11,77,356,36,12,44,137,35,28,15,037,24,7*7E
1780395583.123,$GAGSV,3,3,09,36,27,329,32,7*43
1780395583.124,$GAGSV,1,1,03,16,08,187,,23,00,090,,31,12,136,,0*4B
1780395583.124,$GBGSV,2,1,08,06,41,037,37,07,68,114,41,08,22,178,27,09,38,002,38,1*7E
1780395583.125,$GBGSV,2,2,08,10,63,142,41,13,29,301,40,14,29,033,38,34,41,188,38,1*7A
1780395583.125,$GBGSV,1,1,02,09,38,002,33,10,63,142,36,3*70
1780395583.126,$GBGSV,3,1,10,01,42,106,,02,63,244,,03,72,138,,04,22,095,,0*75
1780395583.127,$GBGSV,3,2,10,04,22,095,,21,14,054,,24,39,153,,25,04,201,,0*73
1780395583.127,$GBGSV,3,3,10,25,04,201,,26,38,090,,0*70
1780395583.127,$GNGLL,1339.09934,N,10029.57336,E,101943.00,A,D*7D
1780395584.140,$GNRMC,101944.00,A,1339.09928,N,10029.57312,E,0.875,254.86,020626,0.53,W,R,V*52
1780395584.142,$GNVTG,254.86,T,255.39,M,0.875,N,1.620,K,D*32
1780395584.143,$GNGGA,101944.00,1339.09928,N,10029.57312,E,4,12,0.75,-1.0,M,-27.8,M,,0499*4D
1780395584.143,$GNGSA,A,3,10,18,23,32,,,,,,,,,1.40,0.75,1.18,1*06
1780395584.144,$GNGSA,A,3,66,75,87,88,76,81,,,,,,,1.40,0.75,1.18,2*08
1780395584.144,$GNGSA,A,3,28,05,12,04,06,09,10,11,36,,,,1.40,0.75,1.18,3*0F
1780395584.145,$GNGSA,A,3,07,08,09,10,13,14,34,06,,,,,1.40,0.75,1.18,4*0A
1780395584.145,$GPGSV,3,1,10,10,22,329,35,18,82,174,41,23,41,007,39,24,38,044,21,1*6B
1780395584.146,$GPGSV,3,2,10,28,17,208,24,29,15,180,18,32,32,273,38,41,64,233,42,1*65
1780395584.147,$GPGSV,3,3,10,42,70,217,40,50,55,115,38,1*6F
1780395584.147,$GPGSV,2,1,06,10,22,329,30,18,82,174,41,23,41,007,36,24,38,044,19,6*6B
1780395584.148,$GPGSV,2,2,06,29,15,180,16,32,32,273,32,6*63
1780395584.148,$GPGSV,2,1,07,05,04,105,,12,13,119,,13,18,118,,15,10,047,,0*69
1780395584.149,$GPGSV,2,2,07,15,10,047,,25,18,156,,27,05,291,,0*52
1780395584.150,$GLGSV,2,1,07,65,22,014,15,66,28,319,37,75,21,072,16,76,28,132,38,1*78
1780395584.150,$GLGSV,2,2,07,81,25,324,35,87,23,169,27,88,67,259,41,1*4D
1780395584.151,$GLGSV,2,1,06,66,28,319,38,67,05,269,19,75,21,072,20,76,28,132,36,3*7C
1780395584.152,$GLGSV,2,2,06,81,25,324,39,88,67,259,40,3*76
1780395584.152,$GLGSV,1,1,01,77,09,176,,0*41
1780395584.153,$GAGSV,2,1,08,04,35,021,35,05,23,249,34,06,53,354,38,09,57,306,38,2*7A
1780395584.154,$GAGSV,2,2,08,10,69,125,39,11,77,356,35,12,44,137,32,36,27,329,35,2*73
1780395584.155,$GAGSV,3,1,09,04,35,021,36,05,23,249,35,06,53,354,39,09,57,306,40,7*73
1780395584.155,$GAGSV,3,2,09,10,69,125,40,11,77,356,36,12,44,137,34,28,15,037,24,7*7F
1780395584.156,$GAGSV,3,3,09,36,27,329,34,7*45
1780395584.156,$GAGSV,1,1,03,16,08,187,,23,00,090,,31,12,136,,0*4B
1780395584.157,$GBGSV,2,1,08,06,41,037,38,07,68,114,41,08,22,178,25,09,38,002,36,1*7D
1780395584.158,$GBGSV,2,2,08,10,63,142,40,13,29,301,40,14,29,033,38,34,41,188,39,1*7A
1780395584.158,$GBGSV,1,1,02,09,38,002,33,10,63,142,36,3*70
1780395584.159,$GBGSV,3,1,10,01,42,106,,02,63,244,,03,72,138,,04,22,095,,0*75
1780395584.159,$GBGSV,3,2,10,04,22,095,,21,14,054,,24,39,153,,25,04,201,,0*73
1780395584.160,$GBGSV,3,3,10,25,04,201,,26,38,090,,0*70
1780395584.160,$GNGLL,1339.09928,N,10029.57312,E,101944.00,A,D*71
1780395585.108,$GNRMC,101945.00,A,1339.09922,N,10029.57287,E,0.912,257.36,020626,0.53,W,R,V*5C
1780395585.111,$GNVTG,257.36,T,257.89,M,0.912,N,1.689,K,D*30
1780395585.111,$GNGGA,101945.00,1339.09922,N,10029.57287,E,4,12,0.75,-1.0,M,-27.8,M,,0499*4B
1780395585.112,$GNGSA,A,3,10,18,23,32,,,,,,,,,1.40,0.75,1.18,1*06
1780395585.112,$GNGSA,A,3,66,75,87,88,76,81,,,,,,,1.40,0.75,1.18,2*08
1780395585.113,$GNGSA,A,3,28,05,12,04,06,09,10,11,36,,,,1.40,0.75,1.18,3*0F
1780395585.113,$GNGSA,A,3,07,08,09,10,13,14,34,06,,,,,1.40,0.75,1.18,4*0A
1780395585.114,$GPGSV,3,1,09,10,22,329,35,18,82,174,42,23,41,007,39,28,17,208,22,1*68
1780395585.115,$GPGSV,3,2,09,29,15,180,18,32,32,273,40,41,64,233,42,42,70,217,42,1*61
1780395585.115,$GPGSV,3,3,09,50,55,115,36,1*58
1780395585.116,$GPGSV,2,1,06,10,22,329,31,18,82,174,41,23,41,007,34,24,38,044,17,6*66
1780395585.116,$GPGSV,2,2,06,29,15,180,15,32,32,273,32,6*60
1780395585.117,$GPGSV,2,1,07,05,04,105,,12,13,119,,13,18,118,,15,10,047,,0*69
1780395585.118,$GPGSV,2,2,07,15,10,047,,25,18,156,,27,05,291,,0*52
1780395585.118,$GLGSV,2,1,07,65,22,014,16,66,28,319,35,75,21,072,17,76,28,132,36,1*76
1780395585.119,$GLGSV,2,2,07,81,26,323,35,87,23,169,26,88,67,259,42,1*4B
1780395585.120,$GLGSV,2,1,06,66,28,319,41,67,05,269,18,75,21,072,20,76,28,132,37,3*72
1780395585.120,$GLGSV,2,2,06,81,26,323,39,88,67,259,41,3*73
1780395585.121,$GLGSV,1,1,01,77,09,176,,0*41
1780395585.122,$GAGSV,2,1,08,04,35,021,35,05,23,249,34,06,53,354,38,09,57,306,38,2*7A
1780395585.122,$GAGSV,2,2,08,10,69,125,38,11,77,356,35,12,44,137,33,36,27,329,34,2*72
1780395585.123,$GAGSV,3,1,09,04,35,021,36,05,23,249,35,06,53,354,39,09,57,306,38,7*7C
1780395585.124,$GAGSV,3,2,09,10,69,125,40,11,77,356,36,12,44,137,34,28,15,037,25,7*7E
1780395585.124,$GAGSV,3,3,09,36,27,329,34,7*45
1780395585.125,$GAGSV,1,1,03,16,08,187,,23,00,090,,31,12,136,,0*4B
1780395585.125,$GBGSV,2,1,08,06,41,037,39,07,68,114,41,08,22,178,24,09,38,002,36,1*7D
1780395585.126,$GBGSV,2,2,08,10,63,142,40,13,29,301,39,14,29,033,38,34,41,188,41,1*7B
1780395585.127,$GBGSV,1,1,02,09,38,002,34,10,63,142,36,3*77
1780395585.127,$GBGSV,3,1,10,01,42,106,,02,63,244,,03,72,138,,04,22,095,,0*75
1780395585.128,$GBGSV,3,2,10,04,22,095,,21,14,054,,24,39,153,,25,04,201,,0*73
1780395585.128,$GBGSV,3,3,10,25,04,201,,26,38,090,,0*70
1780395585.129,$GNGLL,1339.09922,N,10029.57287,E,101945.00,A,D*77
1780395586.109,$GNRMC,101946.00,A,1339.09916,N,10029.57261,E,0.918,257.41,020626,0.53,W,R,V*5A
1780395586.112,$GNVTG,257.41,T,257.94,M,0.918,N,1.701,K,D*37
1780395586.113,$GNGGA,101946.00,1339.09916,N,10029.57261,E,4,12,0.75,-1.0,M,-27.8,M,,0499*47
1780395586.113,$GNGSA,A,3,10,18,23,32,,,,,,,,,1.40,0.75,1.18,1*06
1780395586.114,$GNGSA,A,3,66,75,87,88,76,81,,,,,,,1.40,0.75,1.18,2*08
1780395586.114,$GNGSA,A,3,28,05,12,04,06,09,10,11,36,,,,1.40,0.75,1.18,3*0F
1780395586.115,$GNGSA,A,3,07,08,09,10,13,14,34,06,,,,,1.40,0.75,1.18,4*0A
1780395586.115,$GPGSV,3,1,10,10,22,329,35,18,82,174,41,23,41,007,39,24,38,044,24,1*6E
1780395586.116,$GPGSV,3,2,10,28,17,208,22,29,15,180,18,32,32,273,40,41,64,233,42,1*6C
1780395586.116,$GPGSV,3,3,10,42,70,217,41,50,55,115,36,1*60
1780395586.117,$GPGSV,2,1,06,10,22,329,31,18,82,174,41,23,41,007,35,24,38,044,19,6*69
1780395586.118,$GPGSV,2,2,06,29,15,180,14,32,32,273,32,6*61
1780395586.118,$GPGSV,2,1,07,05,04,105,,12,13,119,,13,18,118,,15,10,047,,0*69
1780395586.119,$GPGSV,2,2,07,15,10,047,,25,18,156,,27,05,291,,0*52
1780395586.120,$GLGSV,2,1,07,65,22,014,16,66,28,319,33,75,21,072,17,76,28,132,38,1*7E
1780395586.120,$GLGSV,2,2,07,81,26,323,36,87,23,169,26,88,67,259,42,1*48
1780395586.121,$GLGSV,2,1,06,66,28,319,40,67,05,269,19,75,21,072,20,76,28,132,38,3*7D
1780395586.122,$GLGSV,2,2,06,81,26,323,37,88,67,259,42,3*7E
1780395586.122,$GLGSV,1,1,01,77,09,176,,0*41
1780395586.123,$GAGSV,2,1,08,04,35,021,34,05,23,249,34,06,53,354,38,09,57,306,38,2*7B
1780395586.124,$GAGSV,2,2,08,10,69,125,39,11,77,356,35,12,44,137,33,36,27,329,34,2*73
1780395586.125,$GAGSV,3,1,09,04,35,021,36,05,23,249,36,06,53,354,39,09,57,306,40,7*70
1780395586.125,$GAGSV,3,2,09,10,69,125,40,11,77,356,36,12,44,137,35,28,15,037,27,7*7D
1780395586.126,$GAGSV,3,3,09,36,27,329,34,7*45
1780395586.126,$GAGSV,1,1,03,16,08,187,,23,00,090,,31,12,136,,0*4B
1780395586.127,$GBGSV,2,1,08,06,41,037,39,07,68,114,41,08,22,178,24,09,38,002,37,1*7C
1780395586.128,$GBGSV,2,2,08,10,63,142,40,13,29,301,37,14,29,033,39,34,41,188,42,1*77
1780395586.128,$GBGSV,1,1,02,09,38,002,34,10,63,142,36,3*77
1780395586.129,$GBGSV,3,1,10,01,42,106,,02,63,244,,03,72,138,,04,22,095,,0*75
1780395586.129,$GBGSV,3,2,10,04,22,095,,21,14,054,,24,39,153,,25,04,201,,0*73
1780395586.130,$GBGSV,3,3,10,25,04,201,,26,38,090,,0*70
1780395586.130,$GNGLL,1339.09916,N,10029.57261,E,101946.00,A,D*7B
1780395587.103,$GNRMC,101947.00,A,1339.09910,N,10029.57235,E,1.025,255.93,020626,0.53,W,R,V*57
1780395587.105,$GNVTG,255.93,T,256.46,M,1.025,N,1.899,K,D*3C
1780395587.106,$GNGGA,101947.00,1339.09910,N,10029.57235,E,4,12,0.72,-1.0,M,-27.8,M,,0499*46
1780395587.107,$GNGSA,A,3,10,18,23,24,32,,,,,,,,1.39,0.72,1.18,1*09
1780395587.107,$GNGSA,A,3,66,75,87,88,76,81,,,,,,,1.39,0.72,1.18,2*01
1780395587.108,$GNGSA,A,3,28,05,12,04,06,09,10,11,36,,,,1.39,0.72,1.18,3*06
1780395587.108,$GNGSA,A,3,07,08,09,10,13,14,34,06,,,,,1.39,0.72,1.18,4*03
1780395587.109,$GPGSV,3,1,10,10,22,329,35,18,82,174,41,23,41,007,38,24,38,044,24,1*6F
1780395587.110,$GPGSV,3,2,10,28,17,208,21,29,15,180,18,32,32,273,38,41,64,233,43,1*61
1780395587.110,$GPGSV,3,3,10,42,70,217,42,50,55,115,36,1*63
1780395587.111,$GPGSV,2,1,06,10,22,329,31,18,82,174,40,23,41,007,35,24,38,044,20,6*62
1780395587.111,$GPGSV,2,2,06,29,15,180,12,32,32,273,32,6*67
1780395587.112,$GPGSV,2,1,07,05,04,105,,12,13,119,,13,18,118,,15,10,047,,0*69
1780395587.113,$GPGSV,2,2,07,15,10,047,,25,18,156,,27,05,291,,0*52
1780395587.113,$GLGSV,2,1,07,65,22,014,14,66,28,319,36,75,21,072,17,76,28,132,36,1*77
1780395587.114,$GLGSV,2,2,07,81,26,323,36,87,23,169,25,88,67,259,40,1*49
1780395587.115,$GLGSV,2,1,06,66,28,319,38,67,05,269,19,75,21,072,21,76,28,132,36,3*7D
1780395587.116,$GLGSV,2,2,06,81,26,323,37,88,67,259,41,3*7D
1780395587.116,$GLGSV,1,1,01,77,09,176,,0*41
1780395587.117,$GAGSV,2,1,08,04,35,021,33,05,23,249,34,06,53,354,38,09,57,306,38,2*7C
1780395587.117,$GAGSV,2,2,08,10,69,125,39,11,77,356,35,12,44,137,32,36,27,329,35,2*73
1780395587.118,$GAGSV,3,1,09,04,35,021,33,05,23,249,36,06,53,354,39,09,57,306,40,7*75
1780395587.119,$GAGSV,3,2,09,10,69,125,40,11,77,356,36,12,44,137,35,28,15,037,28,7*72
1780395587.119,$GAGSV,3,3,09,36,27,329,34,7*45
1780395587.120,$GAGSV,1,1,03,16,08,187,,23,00,090,,31,12,136,,0*4B
1780395587.121,$GBGSV,2,1,08,06,41,037,40,07,68,114,41,08,22,178,23,09,38,002,39,1*7B
1780395587.121,$GBGSV,2,2,08,10,63,142,40,13,29,301,40,14,29,033,39,34,41,188,42,1*77
1780395587.122,$GBGSV,1,1,02,09,38,002,34,10,63,142,36,3*77
1780395587.122,$GBGSV,3,1,10,01,42,106,,02,63,244,,03,72,138,,04,22,095,,0*75
1780395587.123,$GBGSV,3,2,10,04,22,095,,21,14,054,,24,39,153,,25,04,201,,0*73
1780395587.123,$GBGSV,3,3,10,25,04,201,,26,38,090,,0*70
1780395587.124,$GNGLL,1339.09910,N,10029.57235,E,101947.00,A,D*7D
1780395588.109,$GNRMC,101948.00,A,1339.09903,N,10029.57207,E,1.012,260.07,020626,0.53,W,R,V*54
1780395588.112,$GNVTG,260.07,T,260.60,M,1.012,N,1.875,K,D*30
1780395588.112,$GNGGA,101948.00,1339.09903,N,10029.57207,E,4,12,0.72,-1.0,M,-27.8,M,,0499*4A
1780395588.113,$GNGSA,A,3,10,18,23,24,32,,,,,,,,1.39,0.72,1.18,1*09
1780395588.113,$GNGSA,A,3,66,87,88,76,81,,,,,,,,1.39,0.72,1.18,2*03
1780395588.114,$GNGSA,A,3,28,05,12,04,06,09,10,11,36,,,,1.39,0.72,1.18,3*06
1780395588.114,$GNGSA,A,3,07,08,09,10,13,14,34,06,,,,,1.39,0.72,1.18,4*03
1780395588.115,$GPGSV,3,1,10,10,22,329,36,18,82,174,42,23,41,007,39,24,38,044,25,1*6F
1780395588.116,$GPGSV,3,2,10,28,17,208,22,29,15,180,18,32,32,273,38,41,64,233,41,1*60
1780395588.116,$GPGSV,3,3,10,42,70,217,41,50,55,115,36,1*60
1780395588.117,$GPGSV,2,1,06,10,22,329,31,18,82,174,42,23,41,007,36,24,38,044,21,6*62
1780395588.118,$GPGSV,2,2,06,29,15,180,13,32,32,273,31,6*65
1780395588.118,$GPGSV,2,1,07,05,04,105,,12,13,119,,13,18,118,,15,10,047,,0*69
1780395588.119,$GPGSV,2,2,07,15,10,047,,25,18,156,,27,05,291,,0*52
1780395588.120,$GLGSV,2,1,07,65,22,014,14,66,28,319,38,75,21,072,17,76,28,132,36,1*79
1780395588.120,$GLGSV,2,2,07,81,26,323,36,87,23,169,24,88,67,259,42,1*4A
1780395588.121,$GLGSV,2,1,06,66,28,319,40,67,05,269,19,75,21,072,19,76,28,132,36,3*79
1780395588.122,$GLGSV,2,2,06,81,26,323,41,88,67,259,41,3*7C
1780395588.122,$GLGSV,1,1,01,77,09,176,,0*41
1780395588.123,$GAGSV,2,1,08,04,35,021,33,05,23,249,33,06,53,354,38,09,57,306,38,2*7B
1780395588.124,$GAGSV,2,2,08,10,69,125,39,11,77,356,35,12,44,137,32,36,27,329,34,2*72
1780395588.125,$GAGSV,3,1,09,04,35,021,35,05,23,249,36,06,53,354,37,09,57,306,40,7*7D
1780395588.125,$GAGSV,3,2,09,10,69,125,40,11,77,356,36,12,44,137,35,28,15,037,29,7*73
1780395588.126,$GAGSV,3,3,09,36,27,329,36,7*47
1780395588.126,$GAGSV,1,1,03,16,08,187,,23,00,090,,31,12,136,,0*4B
1780395588.127,$GBGSV,2,1,08,06,41,037,40,07,68,114,41,08,22,178,22,09,38,002,38,1*7B
1780395588.128,$GBGSV,2,2,08,10,63,142,40,13,29,301,40,14,29,033,38,34,41,188,42,1*76
1780395588.128,$GBGSV,1,1,02,09,38,002,33,10,63,142,36,3*70
1780395588.129,$GBGSV,3,1,10,01,42,106,,02,63,244,,03,72,138,,04,22,095,,0*75
1780395588.129,$GBGSV,3,2,10,04,22,095,,21,14,054,,24,39,153,,25,04,201,,0*73
1780395588.130,$GBGSV,3,3,10,25,04,201,,26,38,090,,0*70
1780395588.130,$GNGLL,1339.09903,N,10029.57207,E,101948.00,A,D*71
1780395589.109,$GNRMC,101949.00,A,1339.09899,N,10029.57179,E,0.956,262.83,020626,0.53,W,R,V*5B
1780395589.112,$GNVTG,262.83,T,263.36,M,0.956,N,1.770,K,D*3C
1780395589.112,$GNGGA,101949.00,1339.09899,N,10029.57179,E,4,12,0.72,-1.0,M,-27.8,M,,0499*43
1780395589.113,$GNGSA,A,3,10,18,23,24,32,,,,,,,,1.39,0.72,1.18,1*09
1780395589.114,$GNGSA,A,3,66,87,88,76,81,,,,,,,,1.39,0.72,1.18,2*03
1780395589.114,$GNGSA,A,3,28,05,12,04,06,09,10,11,36,,,,1.39,0.72,1.18,3*06
1780395589.115,$GNGSA,A,3,07,08,09,10,13,14,34,06,,,,,1.39,0.72,1.18,4*03
1780395589.115,$GPGSV,3,1,10,10,22,329,36,18,82,174,42,23,41,007,40,24,38,044,26,1*62
1780395589.116,$GPGSV,3,2,10,28,17,208,21,29,15,180,19,32,32,273,40,41,64,233,44,1*68
1780395589.117,$GPGSV,3,3,10,42,70,217,41,50,55,115,36,1*60
1780395589.117,$GPGSV,2,1,06,10,22,329,32,18,82,174,40,23,41,007,36,24,38,044,22,6*60
1780395589.118,$GPGSV,2,2,06,29,15,180,15,32,32,273,32,6*60
1780395589.118,$GPGSV,2,1,07,05,04,105,,12,13,119,,13,18,118,,15,10,047,,0*69
1780395589.119,$GPGSV,2,2,07,15,10,047,,25,18,156,,27,05,291,,0*52
1780395589.120,$GLGSV,2,1,07,65,22,014,12,66,28,319,38,75,21,072,18,76,28,132,38,1*7E
1780395589.120,$GLGSV,2,2,07,81,26,323,36,87,23,169,23,88,67,259,40,1*4F
1780395589.121,$GLGSV,2,1,06,66,28,319,39,67,05,269,20,75,21,072,18,76,28,132,36,3*7C
1780395589.122,$GLGSV,2,2,06,81,26,323,38,88,67,259,41,3*72
1780395589.122,$GLGSV,1,1,01,77,09,176,,0*41
1780395589.123,$GAGSV,2,1,08,04,35,021,32,05,23,249,33,06,53,354,38,09,57,306,38,2*7A
1780395589.124,$GAGSV,2,2,08,10,69,125,39,11,77,356,35,12,44,137,32,36,27,329,34,2*72
1780395589.125,$GAGSV,3,1,09,04,35,021,37,05,23,249,36,06,53,354,39,09,57,306,40,7*71
1780395589.125,$GAGSV,3,2,09,10,69,125,40,11,77,356,36,12,44,137,34,28,15,037,28,7*73
1780395589.126,$GAGSV,3,3,09,36,27,329,34,7*45
1780395589.126,$GAGSV,1,1,03,16,08,187,,23,00,090,,31,12,136,,0*4B
1780395589.127,$GBGSV,2,1,08,06,41,037,40,07,68,114,41,08,22,178,22,09,38,002,37,1*74
1780395589.128,$GBGSV,2,2,08,10,63,142,40,13,29,301,38,14,29,033,38,34,41,188,39,1*75
1780395589.128,$GBGSV,1,1,02,09,38,002,33,10,63,142,36,3*70
1780395589.129,$GBGSV,3,1,10,01,42,106,,02,63,244,,03,72,138,,04,22,095,,0*75
1780395589.129,$GBGSV,3,2,10,04,22,095,,21,14,054,,24,39,153,,25,04,201,,0*73
1780395589.130,$GBGSV,3,3,10,25,04,201,,26,38,090,,0*70
1780395589.130,$GNGLL,1339.09899,N,10029.57179,E,101949.00,A,D*78
1780395590.108,$GNRMC,101950.00,A,1339.09895,N,10029.57150,E,1.018,264.32,020626,0.53,W,R,V*5A
1780395590.110,$GNVTG,264.32,T,264.85,M,1.018,N,1.884,K,D*39
1780395590.111,$GNGGA,101950.00,1339.09895,N,10029.57150,E,4,12,0.73,-1.0,M,-27.8,M,,0499*4D
1780395590.112,$GNGSA,A,3,10,18,23,24,32,29,,,,,,,1.39,0.73,1.19,1*02
1780395590.113,$GNGSA,A,3,66,87,88,76,81,,,,,,,,1.39,0.73,1.19,2*03
1780395590.114,$GNGSA,A,3,28,05,12,04,06,09,10,11,36,,,,1.39,0.73,1.19,3*06
1780395590.114,$GNGSA,A,3,07,08,09,10,13,14,34,06,,,,,1.39,0.73,1.19,4*03
1780395590.115,$GPGSV,3,1,10,10,22,329,36,18,82,174,42,23,41,007,40,24,38,044,28,1*6C
1780395590.116,$GPGSV,3,2,10,28,17,208,20,29,15,180,21,32,32,273,38,41,64,233,42,1*6B
1780395590.116,$GPGSV,3,3,10,42,70,217,41,50,55,115,36,1*60
1780395590.117,$GPGSV,2,1,06,10,22,329,33,18,82,174,41,23,41,007,36,24,38,044,23,6*61
1780395590.117,$GPGSV,2,2,06,29,15,180,16,32,32,273,33,6*62
1780395590.118,$GPGSV,2,1,07,05,04,105,,12,13,119,,13,18,118,,15,10,047,,0*69
1780395590.119,$GPGSV,2,2,07,15,10,047,,25,18,156,,27,05,291,,0*52
1780395590.119,$GLGSV,2,1,07,65,22,014,11,66,28,319,39,75,21,072,18,76,28,132,36,1*72
1780395590.120,$GLGSV,2,2,07,81,26,323,36,87,23,169,23,88,67,259,42,1*4D
1780395590.120,$GLGSV,2,1,06,66,28,319,37,67,05,269,21,75,21,072,18,76,28,132,36,3*73
1780395590.121,$GLGSV,2,2,06,81,26,323,40,88,67,259,41,3*7D
1780395590.121,$GLGSV,1,1,01,77,09,176,,0*41
1780395590.122,$GAGSV,2,1,08,04,35,021,32,05,23,249,32,06,53,354,38,09,57,306,38,2*7B
1780395590.123,$GAGSV,2,2,08,10,69,125,38,11,77,356,35,12,44,137,32,36,27,329,33,2*74
1780395590.123,$GAGSV,3,1,09,04,35,021,34,05,23,249,36,06,53,354,39,09,57,306,41,7*73
1780395590.124,$GAGSV,3,2,09,10,69,125,40,11,77,356,36,12,44,137,34,28,15,037,28,7*73
1780395590.124,$GAGSV,3,3,09,36,27,329,34,7*45
1780395590.125,$GAGSV,1,1,03,16,08,187,,23,00,090,,31,12,136,,0*4B
1780395590.126,$GBGSV,2,1,08,06,41,037,40,07,68,114,41,08,22,178,22,09,38,002,37,1*74
1780395590.126,$GBGSV,2,2,08,10,63,142,40,13,29,301,39,14,29,033,38,34,41,188,40,1*7A
1780395590.127,$GBGSV,1,1,02,09,38,002,33,10,63,142,36,3*70
1780395590.127,$GBGSV,3,1,10,01,42,106,,02,63,244,,03,72,138,,04,22,095,,0*75
1780395590.128,$GBGSV,3,2,10,04,22,095,,21,14,054,,24,39,153,,25,04,201,,0*73
1780395590.128,$GBGSV,3,3,10,25,04,201,,26,38,090,,0*70
1780395590.129,$GNGLL,1339.09895,N,10029.57150,E,101950.00,A,D*77
1780395591.110,$GNRMC,101951.00,A,1339.09892,N,10029.57120,E,0.965,268.41,020626,0.53,W,R,V*51
1780395591.112,$GNVTG,268.41,T,268.94,M,0.965,N,1.787,K,D*33
1780395591.114,$GNGGA,101951.00,1339.09892,N,10029.57120,E,4,12,0.72,-1.0,M,-27.8,M,,0499*4D
1780395591.114,$GNGSA,A,3,10,18,23,24,32,29,,,,,,,1.39,0.72,1.18,1*02
1780395591.115,$GNGSA,A,3,66,87,88,76,81,,,,,,,,1.39,0.72,1.18,2*03
1780395591.115,$GNGSA,A,3,28,05,12,04,06,09,10,11,36,,,,1.39,0.72,1.18,3*06
1780395591.116,$GNGSA,A,3,07,08,09,10,13,14,34,06,,,,,1.39,0.72,1.18,4*03
1780395591.116,$GPGSV,3,1,10,10,22,329,36,18,82,174,42,23,41,007,38,24,38,044,29,1*62
1780395591.117,$GPGSV,3,2,10,28,17,208,20,29,15,180,22,32,32,273,37,41,64,233,41,1*64
1780395591.118,$GPGSV,3,3,10,42,70,217,41,50,55,115,36,1*60
1780395591.118,$GPGSV,2,1,06,10,22,329,33,18,82,174,42,23,41,007,36,24,38,044,25,6*64
1780395591.119,$GPGSV,2,2,06,29,15,180,16,32,32,273,33,6*62
1780395591.119,$GPGSV,2,1,07,05,04,105,,12,13,119,,13,18,118,,15,10,047,,0*69
1780395591.120,$GPGSV,2,2,07,15,10,047,,25,18,156,,27,05,291,,0*52
1780395591.120,$GLGSV,2,1,07,65,22,014,14,66,28,319,39,75,21,072,19,76,28,132,37,1*77
1780395591.121,$GLGSV,2,2,07,81,26,323,36,87,22,170,24,88,67,259,43,1*42
1780395591.122,$GLGSV,2,1,06,66,28,319,37,67,05,269,20,75,21,072,19,76,28,132,36,3*73
1780395591.122,$GLGSV,2,2,06,81,26,323,40,88,67,259,40,3*7C
1780395591.123,$GLGSV,1,1,01,77,09,176,,0*41
1780395591.123,$GAGSV,2,1,08,04,35,021,32,05,23,249,32,06,53,354,38,09,57,306,38,2*7B
1780395591.124,$GAGSV,2,2,08,10,69,125,38,11,77,356,35,12,44,137,33,36,27,329,32,2*74
1780395591.125,$GAGSV,3,1,09,04,35,021,34,05,23,249,34,06,53,354,40,09,57,306,41,7*7F
1780395591.125,$GAGSV,3,2,09,10,69,125,40,11,77,356,36,12,44,137,34,28,15,037,27,7*7C
1780395591.126,$GAGSV,3,3,09,36,27,329,33,7*42
1780395591.126,$GAGSV,1,1,03,16,08,187,,23,00,090,,31,12,136,,0*4B
1780395591.127,$GBGSV,2,1,08,06,41,037,37,07,68,114,41,08,22,178,21,09,38,002,37,1*77
1780395591.127,$GBGSV,2,2,08,10,63,142,40,13,29,301,38,14,29,033,39,34,41,188,39,1*74
1780395591.128,$GBGSV,1,1,02,09,38,002,33,10,63,142,36,3*70
1780395591.128,$GBGSV,3,1,10,01,42,106,,02,63,244,,03,72,138,,04,22,095,,0*75
1780395591.129,$GBGSV,3,2,10,04,22,095,,21,14,054,,24,39,153,,25,04,201,,0*73
1780395591.129,$GBGSV,3,3,10,25,04,201,,26,38,090,,0*70
1780395591.130,$GNGLL,1339.09892,N,10029.57120,E,101951.00,A,D*76
1780395592.110,$GNRMC,101952.00,A,1339.09891,N,10029.57092,E,1.016,269.96,020626,0.53,W,R,V*5E
1780395592.112,$GNVTG,269.96,T,270.49,M,1.016,N,1.882,K,D*37
1780395592.113,$GNGGA,101952.00,1339.09891,N,10029.57092,E,4,12,0.72,-1.0,M,-27.8,M,,0499*45
1780395592.114,$GNGSA,A,3,10,18,23,24,32,29,,,,,,,1.39,0.72,1.18,1*02
1780395592.114,$GNGSA,A,3,66,87,88,76,81,,,,,,,,1.39,0.72,1.18,2*03
1780395592.115,$GNGSA,A,3,28,05,12,04,06,09,10,11,36,,,,1.39,0.72,1.18,3*06
1780395592.115,$GNGSA,A,3,07,08,09,10,13,14,34,06,,,,,1.39,0.72,1.18,4*03
1780395592.116,$GPGSV,3,1,10,10,22,329,36,18,82,174,42,23,41,007,40,24,38,044,34,1*61
1780395592.117,$GPGSV,3,2,10,28,17,208,20,29,15,180,21,32,32,273,39,41,64,233,41,1*69
1780395592.117,$GPGSV,3,3,10,42,70,217,40,50,55,115,36,1*61
1780395592.118,$GPGSV,2,1,06,10,22,329,33,18,82,174,42,23,41,007,36,24,38,044,26,6*67
1780395592.118,$GPGSV,2,2,06,29,15,180,16,32,32,273,33,6*62
1780395592.119,$GPGSV,2,1,07,05,04,105,,12,13,119,,13,18,118,,15,10,047,,0*69
1780395592.120,$GPGSV,2,2,07,15,10,047,,25,18,156,,27,05,291,,0*52
1780395592.120,$GLGSV,2,1,07,65,22,014,16,66,28,319,37,75,21,072,19,76,28,132,37,1*7B
1780395592.121,$GLGSV,2,2,07,81,26,323,35,87,22,170,25,88,66,255,42,1*4C
1780395592.122,$GLGSV,2,1,06,66,28,319,37,67,05,269,20,75,21,072,19,76,28,132,35,3*70
1780395592.122,$GLGSV,2,2,06,81,26,323,40,88,66,255,40,3*71
1780395592.123,$GLGSV,1,1,01,77,09,176,,0*41
1780395592.124,$GAGSV,2,1,08,04,35,021,32,05,23,249,32,06,53,354,38,09,57,306,38,2*7B
1780395592.124,$GAGSV,2,2,08,10,69,125,38,11,77,356,35,12,44,137,33,36,27,329,32,2*74
1780395592.125,$GAGSV,3,1,09,04,35,021,34,05,23,249,34,06,53,354,39,09,57,306,41,7*71
1780395592.126,$GAGSV,3,2,09,10,69,125,40,11,77,356,37,12,44,137,35,28,15,037,28,7*73
1780395592.126,$GAGSV,3,3,09,36,27,329,34,7*45
1780395592.127,$GAGSV,1,1,03,16,08,187,,23,00,090,,31,12,136,,0*4B
1780395592.127,$GBGSV,2,1,08,06,41,037,38,07,68,114,41,08,22,178,20,09,38,002,37,1*79
1780395592.128,$GBGSV,2,2,08,10,63,142,40,13,29,301,38,14,29,033,37,34,41,188,39,1*7A
1780395592.129,$GBGSV,1,1,02,09,38,002,34,10,63,142,36,3*77
1780395592.129,$GBGSV,3,1,10,01,42,106,,02,63,244,,03,72,138,,04,22,095,,0*75
1780395592.130,$GBGSV,3,2,10,04,22,095,,21,14,054,,24,39,153,,25,04,201,,0*73
1780395592.130,$GBGSV,3,3,10,25,04,201,,26,38,090,,0*70
1780395592.131,$GNGLL,1339.09891,N,10029.57092,E,101952.00,A,D*7E
1780395593.108,$GNRMC,101953.00,A,1339.09892,N,10029.57064,E,0.976,272.17,020626,0.53,W,R,V*58
1780395593.111,$GNVTG,272.17,T,272.70,M,0.976,N,1.808,K,D*30
1780395593.112,$GNGGA,101953.00,1339.09892,N,10029.57064,E,4,12,0.70,-1.0,M,-27.8,M,,0499*4C
1780395593.113,$GNGSA,A,3,10,18,23,24,32,29,,,,,,,1.34,0.70,1.14,1*01
1780395593.113,$GNGSA,A,3,66,75,87,88,76,81,,,,,,,1.34,0.70,1.14,2*02
1780395593.114,$GNGSA,A,3,28,05,12,04,06,09,10,11,36,,,,1.34,0.70,1.14,3*05
1780395593.114,$GNGSA,A,3,07,08,09,10,13,14,34,06,,,,,1.34,0.70,1.14,4*00
1780395593.115,$GPGSV,3,1,10,10,22,329,36,18,82,174,41,23,41,007,40,24,38,044,33,1*65
1780395593.116,$GPGSV,3,2,10,28,17,208,19,29,15,180,22,32,32,273,39,41,64,233,43,1*62
1780395593.116,$GPGSV,3,3,10,42,70,217,41,50,55,115,36,1*60
1780395593.117,$GPGSV,2,1,06,10,22,329,28,18,82,174,41,23,41,007,37,24,38,044,27,6*6E
1780395593.117,$GPGSV,2,2,06,29,15,180,15,32,32,273,33,6*61
1780395593.118,$GPGSV,2,1,07,05,04,105,,12,13,119,,13,18,118,,15,10,047,,0*69
1780395593.118,$GPGSV,2,2,07,15,10,047,,25,18,156,,27,05,291,,0*52
1780395593.119,$GLGSV,2,1,07,65,22,014,15,66,28,319,37,75,21,072,19,76,28,132,37,1*78
1780395593.120,$GLGSV,2,2,07,81,26,323,39,87,22,170,25,88,66,255,41,1*43
1780395593.120,$GLGSV,2,1,06,66,28,319,38,67,05,269,20,75,21,072,21,76,28,132,35,3*74
1780395593.121,$GLGSV,2,2,06,81,26,323,39,88,66,255,40,3*7F
1780395593.121,$GLGSV,1,1,01,77,09,176,,0*41
1780395593.122,$GAGSV,2,1,08,04,35,021,33,05,23,249,32,06,53,354,37,09,57,306,38,2*75
1780395593.122,$GAGSV,2,2,08,10,69,125,38,11,77,356,35,12,44,137,33,36,27,329,34,2*72
1780395593.123,$GAGSV,3,1,09,04,35,021,34,05,23,249,33,06,53,354,39,09,57,306,41,7*76
1780395593.124,$GAGSV,3,2,09,10,69,125,41,11,77,356,36,12,44,137,34,28,15,037,29,7*73
1780395593.124,$GAGSV,3,3,09,36,27,329,33,7*42
1780395593.124,$GAGSV,1,1,03,16,08,187,,23,00,090,,31,12,136,,0*4B
1780395593.125,$GBGSV,2,1,08,06,41,037,39,07,68,114,41,08,22,178,20,09,38,002,36,1*79
1780395593.126,$GBGSV,2,2,08,10,63,142,40,13,29,301,38,14,29,033,37,34,41,188,39,1*7A
1780395593.126,$GBGSV,1,1,02,09,38,002,34,10,63,142,36,3*77
1780395593.127,$GBGSV,3,1,10,01,42,106,,02,63,244,,03,72,138,,04,22,095,,0*75
1780395593.127,$GBGSV,3,2,10,04,22,095,,21,14,054,,24,39,153,,25,04,201,,0*73
1780395593.128,$GBGSV,3,3,10,25,04,201,,26,38,090,,0*70
1780395593.128,$GNGLL,1339.09892,N,10029.57064,E,101953.00,A,D*75
1780395594.111,$GNRMC,101954.00,A,1339.09893,N,10029.57037,E,0.930,272.07,020626,0.53,W,R,V*5B
1780395594.113,$GNVTG,272.07,T,272.60,M,0.930,N,1.722,K,D*35
1780395594.114,$GNGGA,101954.00,1339.09893,N,10029.57037,E,4,12,0.72,-1.0,M,-27.8,M,,0499*4E
1780395594.114,$GNGSA,A,3,10,18,23,24,32,29,,,,,,,1.39,0.72,1.18,1*02
1780395594.115,$GNGSA,A,3,66,87,88,76,81,,,,,,,,1.39,0.72,1.18,2*03
1780395594.115,$GNGSA,A,3,28,05,12,04,06,09,10,11,36,,,,1.39,0.72,1.18,3*06
1780395594.116,$GNGSA,A,3,07,08,09,10,13,14,34,06,,,,,1.39,0.72,1.18,4*03
1780395594.116,$GPGSV,3,1,10,10,22,329,36,18,82,174,41,23,41,007,39,24,38,044,36,1*6E
1780395594.117,$GPGSV,3,2,10,28,17,208,18,29,15,180,23,32,32,273,38,41,64,233,43,1*63
1780395594.118,$GPGSV,3,3,10,42,70,217,40,50,55,115,37,1*60
1780395594.118,$GPGSV,2,1,06,10,22,329,31,18,82,174,41,23,41,007,37,24,38,044,29,6*68
1780395594.119,$GPGSV,2,2,06,29,15,180,16,32,32,273,33,6*62
1780395594.120,$GPGSV,2,1,07,05,04,105,,12,13,119,,13,18,118,,15,10,047,,0*69
1780395594.120,$GPGSV,2,2,07,15,10,047,,25,18,156,,27,05,291,,0*52
1780395594.121,$GLGSV,2,1,07,65,22,014,15,66,28,319,38,75,21,072,19,76,28,132,35,1*75
1780395594.121,$GLGSV,2,2,07,81,26,323,38,87,22,170,23,88,66,255,40,1*45
1780395594.122,$GLGSV,2,1,06,66,28,319,39,67,05,269,20,75,21,072,19,76,28,132,36,3*7D
1780395594.123,$GLGSV,2,2,06,81,26,323,39,88,66,255,40,3*7F
1780395594.123,$GLGSV,1,1,01,77,09,176,,0*41
1780395594.124,$GAGSV,2,1,08,04,35,021,32,05,23,249,31,06,53,354,37,09,57,306,38,2*77
1780395594.124,$GAGSV,2,2,08,10,69,125,39,11,77,356,35,12,44,137,33,36,27,329,34,2*73
1780395594.125,$GAGSV,3,1,09,04,35,021,33,05,23,249,33,06,53,354,41,09,57,306,40,7*7F
1780395594.126,$GAGSV,3,2,09,10,69,125,40,11,77,356,36,12,44,137,34,28,15,037,30,7*7A
1780395594.126,$GAGSV,3,3,09,36,27,329,33,7*42
1780395594.127,$GAGSV,1,1,03,16,08,187,,23,00,090,,31,12,136,,0*4B
1780395594.127,$GBGSV,2,1,08,06,41,037,39,07,68,114,41,08,22,178,20,09,38,002,36,1*79
1780395594.128,$GBGSV,2,2,08,10,63,142,40,13,29,301,37,14,29,033,39,34,41,188,39,1*7B
1780395594.129,$GBGSV,1,1,02,09,38,002,34,10,63,142,36,3*77
1780395594.129,$GBGSV,3,1,10,01,42,106,,02,63,244,,03,72,138,,04,22,095,,0*75
1780395594.130,$GBGSV,3,2,10,04,22,095,,21,14,054,,24,39,153,,25,04,201,,0*73
1780395594.130,$GBGSV,3,3,10,25,04,201,,26,38,090,,0*70
1780395594.131,$GNGLL,1339.09893,N,10029.57037,E,101954.00,A,D*75
1780395595.110,$GNRMC,101955.00,A,1339.09894,N,10029.57010,E,0.971,273.99,020626,0.53,W,R,V*5B
1780395595.113,$GNVTG,273.99,T,274.52,M,0.971,N,1.799,K,D*31
1780395595.114,$GNGGA,101955.00,1339.09894,N,10029.57010,E,4,12,0.65,-1.0,M,-27.8,M,,0499*4B
1780395595.114,$GNGSA,A,3,10,18,23,24,32,29,,,,,,,1.17,0.65,0.97,1*0E
1780395595.115,$GNGSA,A,3,66,87,88,76,81,,,,,,,,1.17,0.65,0.97,2*0F
1780395595.115,$GNGSA,A,3,28,05,12,04,06,09,10,11,36,,,,1.17,0.65,0.97,3*0A
1780395595.116,$GNGSA,A,3,07,08,09,10,13,14,34,06,,,,,1.17,0.65,0.97,4*0F
1780395595.116,$GPGSV,3,1,10,10,22,329,36,18,82,174,41,23,41,007,38,24,38,044,36,1*6F
1780395595.117,$GPGSV,3,2,10,28,17,208,18,29,15,180,23,32,32,273,40,41,64,233,43,1*6C
1780395595.118,$GPGSV,3,3,10,42,70,217,40,50,55,115,37,1*60
1780395595.118,$GPGSV,2,1,06,10,22,329,31,18,82,174,41,23,41,007,37,24,38,044,31,6*61
1780395595.119,$GPGSV,2,2,06,29,15,180,17,32,32,273,32,6*62
1780395595.119,$GPGSV,2,1,07,05,04,105,,12,13,119,,13,18,118,,15,10,047,,0*69
1780395595.120,$GPGSV,2,2,07,15,10,047,,25,18,156,,27,05,291,,0*52
1780395595.121,$GLGSV,2,1,07,65,22,014,15,66,28,319,40,75,21,072,18,76,28,132,37,1*79
1780395595.121,$GLGSV,2,2,07,81,26,323,39,87,22,170,21,88,66,255,42,1*44
1780395595.122,$GLGSV,2,1,06,66,28,319,39,67,05,269,20,75,21,072,18,76,28,132,36,3*7C
1780395595.123,$GLGSV,2,2,06,81,26,323,38,88,66,255,40,3*7E
1780395595.124,$GLGSV,1,1,01,77,09,176,,0*41
1780395595.125,$GAGSV,2,1,08,04,35,021,32,05,23,249,30,06,53,354,37,09,57,306,38,2*76
1780395595.126,$GAGSV,2,2,08,10,69,125,39,11,77,356,35,12,44,137,33,36,27,329,35,2*72
1780395595.127,$GAGSV,3,1,09,04,35,021,33,05,23,249,34,06,53,354,40,09,57,306,40,7*79
1780395595.127,$GAGSV,3,2,09,10,69,125,40,11,77,356,36,12,44,137,34,28,15,037,31,7*7B
1780395595.128,$GAGSV,3,3,09,36,27,329,33,7*42
1780395595.128,$GAGSV,1,1,03,16,08,187,,23,00,090,,31,12,136,,0*4B
1780395595.129,$GBGSV,2,1,08,06,41,037,39,07,68,114,41,08,22,178,20,09,38,002,36,1*79
1780395595.130,$GBGSV,2,2,08,10,63,142,40,13,29,301,39,14,29,033,39,34,41,188,39,1*75
1780395595.130,$GBGSV,1,1,02,09,38,002,33,10,63,142,36,3*70
1780395595.131,$GBGSV,3,1,10,01,42,106,,02,63,244,,03,72,138,,04,22,095,,0*75
1780395595.131,$GBGSV,3,2,10,04,22,095,,21,14,054,,24,39,153,,25,04,201,,0*73
1780395595.132,$GBGSV,3,3,10,25,04,201,,26,38,090,,0*70
1780395595.132,$GNGLL,1339.09894,N,10029.57010,E,101955.00,A,D*76
1780395596.103,$GNRMC,101956.00,A,1339.09896,N,10029.56983,E,0.894,277.16,020626,0.53,W,R,V*51
1780395596.105,$GNVTG,277.16,T,277.69,M,0.894,N,1.655,K,D*32
1780395596.106,$GNGGA,101956.00,1339.09896,N,10029.56983,E,4,12,0.65,-1.0,M,-27.8,M,,0499*48
1780395596.107,$GNGSA,A,3,10,18,23,24,32,29,,,,,,,1.17,0.65,0.97,1*0E
1780395596.108,$GNGSA,A,3,66,87,88,76,81,,,,,,,,1.17,0.65,0.97,2*0F
1780395596.108,$GNGSA,A,3,28,05,12,04,06,09,10,11,36,,,,1.17,0.65,0.97,3*0A
1780395596.109,$GNGSA,A,3,07,09,10,13,14,34,06,,,,,,1.17,0.65,0.97,4*07
1780395596.109,$GPGSV,3,1,10,10,22,329,35,18,82,174,41,23,41,007,39,24,38,044,37,1*6C
1780395596.110,$GPGSV,3,2,10,28,17,208,19,29,15,180,28,32,32,273,39,41,64,233,44,1*6F
1780395596.110,$GPGSV,3,3,10,42,70,217,40,50,55,115,37,1*60
1780395596.111,$GPGSV,2,1,06,10,22,329,30,18,82,174,40,23,41,007,36,24,38,044,32,6*63
1780395596.112,$GPGSV,2,2,06,29,15,180,17,32,32,273,31,6*61
1780395596.112,$GPGSV,2,1,07,05,04,105,,12,13,119,,13,18,118,,15,10,047,,0*69
1780395596.113,$GPGSV,2,2,07,15,10,047,,25,18,156,,27,05,291,,0*52
1780395596.113,$GLGSV,2,1,07,65,22,014,15,66,28,319,39,75,21,072,19,76,28,132,37,1*76
1780395596.114,$GLGSV,2,2,07,81,26,323,39,87,22,170,20,88,66,255,41,1*46
1780395596.115,$GLGSV,2,1,06,66,28,319,39,67,05,269,19,75,21,072,18,76,28,132,38,3*78
1780395596.116,$GLGSV,2,2,06,81,26,323,37,88,66,255,39,3*7F
1780395596.116,$GLGSV,1,1,01,77,09,176,,0*41
1780395596.117,$GAGSV,2,1,08,04,35,021,32,05,23,249,30,06,53,354,37,09,57,306,38,2*76
1780395596.117,$GAGSV,2,2,08,10,69,125,39,11,77,356,35,12,44,137,33,36,27,329,35,2*72
1780395596.118,$GAGSV,3,1,09,04,35,021,34,05,23,249,33,06,53,354,40,09,57,306,39,7*77
1780395596.119,$GAGSV,3,2,09,10,69,125,40,11,77,356,36,12,44,137,34,28,15,037,31,7*7B
1780395596.119,$GAGSV,3,3,09,36,27,329,34,7*45
1780395596.120,$GAGSV,1,1,03,16,08,187,,23,00,090,,31,12,136,,0*4B
1780395596.121,$GBGSV,2,1,08,06,41,037,37,07,68,114,41,08,22,178,19,09,38,002,36,1*7D
1780395596.122,$GBGSV,2,2,08,10,63,142,40,13,29,301,38,14,29,033,38,34,41,188,40,1*7B
1780395596.122,$GBGSV,1,1,02,09,38,002,33,10,63,142,36,3*70
1780395596.123,$GBGSV,3,1,10,01,42,106,,02,63,244,,03,72,138,,04,22,095,,0*75
1780395596.123,$GBGSV,3,2,10,04,22,095,,21,14,054,,24,39,153,,25,04,201,,0*73
1780395596.124,$GBGSV,3,3,10,25,04,201,,26,38,090,,0*70
1780395596.124,$GNGLL,1339.09896,N,10029.56983,E,101956.00,A,D*75
1780395597.110,$GNRMC,101957.00,A,1339.09899,N,10029.56956,E,0.972,275.66,020626,0.53,W,R,V*5B
1780395597.113,$GNVTG,275.66,T,276.19,M,0.972,N,1.800,K,D*36
1780395597.114,$GNGGA,101957.00,1339.09899,N,10029.56956,E,4,12,0.70,-1.0,M,-27.8,M,,0499*4A
1780395597.115,$GNGSA,A,3,10,18,23,24,32,,,,,,,,1.34,0.70,1.14,1*0A
1780395597.116,$GNGSA,A,3,66,75,87,88,76,81,,,,,,,1.34,0.70,1.14,2*02
1780395597.117,$GNGSA,A,3,28,05,12,04,06,09,10,11,36,,,,1.34,0.70,1.14,3*05
1780395597.118,$GNGSA,A,3,07,08,09,10,13,14,34,06,,,,,1.34,0.70,1.14,4*00
1780395597.119,$GPGSV,3,1,10,10,22,329,34,18,82,174,41,23,41,007,39,24,38,044,38,1*62
1780395597.120,$GPGSV,3,2,10,28,17,208,20,29,15,180,14,32,32,273,38,41,64,233,42,1*6D
1780395597.120,$GPGSV,3,3,10,42,70,217,38,50,55,115,36,1*6E
1780395597.122,$GPGSV,2,1,06,10,22,329,30,18,82,174,41,23,41,007,36,24,38,044,33,6*63
1780395597.122,$GPGSV,2,2,06,29,15,180,16,32,32,273,32,6*63
1780395597.123,$GPGSV,2,1,07,05,04,105,,12,13,119,,13,18,118,,15,10,047,,0*69
1780395597.124,$GPGSV,2,2,07,15,10,047,,25,18,156,,27,05,291,,0*52
1780395597.125,$GLGSV,2,1,07,65,22,014,15,66,28,319,39,75,21,072,19,76,28,132,38,1*79
1780395597.126,$GLGSV,2,2,07,81,26,323,39,87,22,170,23,88,66,255,42,1*46
1780395597.127,$GLGSV,2,1,06,66,28,319,38,67,05,269,19,75,21,072,20,76,28,132,37,3*7D
1780395597.128,$GLGSV,2,2,06,81,26,323,37,88,66,255,39,3*7F
1780395597.129,$GLGSV,1,1,01,77,09,176,,0*41
1780395597.130,$GAGSV,2,1,08,04,35,021,32,05,23,249,30,06,53,354,37,09,57,306,38,2*76
1780395597.131,$GAGSV,2,2,08,10,69,125,39,11,77,356,34,12,44,137,33,36,27,329,36,2*70
1780395597.132,$GAGSV,3,1,09,04,35,021,34,05,23,249,34,06,53,354,39,09,57,306,40,7*70
1780395597.133,$GAGSV,3,2,09,10,69,125,40,11,77,356,35,12,44,137,34,28,15,037,32,7*7B
1780395597.133,$GAGSV,3,3,09,36,27,329,34,7*45
1780395597.134,$GAGSV,1,1,03,16,08,187,,23,00,090,,31,12,136,,0*4B
1780395597.135,$GBGSV,2,1,08,06,41,037,39,07,68,114,41,08,22,178,20,09,38,002,37,1*78
1780395597.136,$GBGSV,2,2,08,10,63,142,40,13,29,301,39,14,29,033,38,34,41,188,39,1*74
1780395597.137,$GBGSV,1,1,02,09,38,002,34,10,63,142,36,3*77
1780395597.138,$GBGSV,3,1,10,01,42,106,,02,63,244,,03,72,138,,04,22,095,,0*75
1780395597.138,$GBGSV,3,2,10,04,22,095,,21,14,054,,24,39,153,,25,04,201,,0*73
1780395597.139,$GBGSV,3,3,10,25,04,201,,26,38,090,,0*70
1780395597.140,$GNGLL,1339.09899,N,10029.56956,E,101957.00,A,D*73
1780395598.109,$GNRMC,101958.00,A,1339.09901,N,10029.56928,E,0.981,274.87,020626,0.53,W,R,V*5F
1780395598.111,$GNVTG,274.87,T,275.40,M,0.981,N,1.816,K,D*3C
1780395598.112,$GNGGA,101958.00,1339.09901,N,10029.56928,E,4,12,0.72,-1.0,M,-27.8,M,,0499*4E
1780395598.113,$GNGSA,A,3,10,18,23,24,32,,,,,,,,1.39,0.72,1.18,1*09
1780395598.114,$GNGSA,A,3,66,87,88,76,81,,,,,,,,1.39,0.72,1.18,2*03
1780395598.114,$GNGSA,A,3,28,05,12,04,06,09,10,11,36,,,,1.39,0.72,1.18,3*06
1780395598.115,$GNGSA,A,3,07,08,09,10,13,14,34,06,,,,,1.39,0.72,1.18,4*03
1780395598.115,$GPGSV,3,1,10,10,22,329,33,18,82,174,41,23,41,007,39,24,38,044,38,1*65
1780395598.116,$GPGSV,3,2,10,28,17,208,19,29,15,180,16,32,32,273,39,41,64,233,42,1*64
1780395598.116,$GPGSV,3,3,10,42,70,217,40,50,55,115,36,1*61
1780395598.117,$GPGSV,2,1,06,10,22,329,29,18,82,174,41,23,41,007,36,24,38,044,34,6*6C
1780395598.118,$GPGSV,2,2,06,29,15,180,16,32,32,273,32,6*63
1780395598.118,$GPGSV,2,1,07,05,04,106,,12,13,119,,13,18,118,,15,10,047,,0*6A
1780395598.119,$GPGSV,2,2,07,15,10,047,,25,18,156,,27,05,291,,0*52
1780395598.120,$GLGSV,2,1,07,65,22,014,15,66,28,319,38,75,21,072,18,76,28,132,38,1*79
1780395598.120,$GLGSV,2,2,07,81,26,323,39,87,22,170,24,88,66,255,44,1*47
1780395598.121,$GLGSV,2,1,06,66,28,319,40,67,05,269,18,75,21,072,18,76,28,132,37,3*78
1780395598.122,$GLGSV,2,2,06,81,26,323,36,88,66,255,41,3*71
1780395598.122,$GLGSV,1,1,01,77,09,176,,0*41
1780395598.123,$GAGSV,2,1,08,04,35,021,33,05,23,249,30,06,53,354,37,09,57,306,38,2*77
1780395598.123,$GAGSV,2,2,08,10,69,125,38,11,77,356,34,12,44,137,33,36,27,329,35,2*72
1780395598.124,$GAGSV,3,1,09,04,35,021,36,05,23,249,34,06,53,354,39,09,57,306,40,7*72
1780395598.125,$GAGSV,3,2,09,10,69,125,40,11,77,356,35,12,44,137,34,28,15,037,31,7*78
1780395598.125,$GAGSV,3,3,09,36,27,329,35,7*44
1780395598.126,$GAGSV,1,1,03,16,08,187,,23,00,090,,31,12,136,,0*4B
1780395598.127,$GBGSV,2,1,08,06,41,037,39,07,68,114,40,08,22,178,21,09,38,002,36,1*79
1780395598.128,$GBGSV,2,2,08,10,63,142,40,13,29,301,40,14,29,033,38,34,41,188,39,1*7A
1780395598.128,$GBGSV,1,1,02,09,38,002,34,10,63,142,35,3*74
1780395598.129,$GBGSV,3,1,10,01,42,106,,02,63,244,,03,72,138,,04,22,095,,0*75
1780395598.130,$GBGSV,3,2,10,04,22,095,,21,14,054,,24,39,153,,25,04,201,,0*73
1780395598.130,$GBGSV,3,3,10,25,04,201,,26,38,090,,0*70
1780395598.131,$GNGLL,1339.09901,N,10029.56928,E,101958.00,A,D*75
1780395599.108,$GNRMC,101959.00,A,1339.09904,N,10029.56900,E,0.944,275.97,020626,0.53,W,R,V*58
1780395599.111,$GNVTG,275.97,T,276.50,M,0.944,N,1.748,K,D*33
1780395599.112,$GNGGA,101959.00,1339.09904,N,10029.56900,E,4,12,0.72,-1.0,M,-27.8,M,,0499*40
1780395599.112,$GNGSA,A,3,10,18,23,24,32,,,,,,,,1.39,0.72,1.18,1*09
1780395599.113,$GNGSA,A,3,66,87,88,76,81,,,,,,,,1.39,0.72,1.18,2*03
1780395599.113,$GNGSA,A,3,28,05,12,04,06,09,10,11,36,,,,1.39,0.72,1.18,3*06
1780395599.114,$GNGSA,A,3,07,08,09,10,13,14,34,06,,,,,1.39,0.72,1.18,4*03
1780395599.114,$GPGSV,3,1,10,10,22,329,32,18,82,174,42,23,41,007,39,24,38,044,40,1*68
1780395599.115,$GPGSV,3,2,10,28,17,208,19,29,15,180,18,32,32,273,39,41,64,233,42,1*6A
1780395599.115,$GPGSV,3,3,10,42,70,217,40,50,55,115,36,1*61
1780395599.116,$GPGSV,2,1,06,10,22,329,27,18,82,174,42,23,41,007,37,24,38,044,35,6*61
1780395599.117,$GPGSV,2,2,06,29,15,180,16,32,32,273,32,6*63
1780395599.117,$GPGSV,2,1,07,05,04,106,,12,13,119,,13,18,118,,15,10,047,,0*6A
1780395599.118,$GPGSV,2,2,07,15,10,047,,25,18,156,,27,05,291,,0*52
1780395599.119,$GLGSV,2,1,07,65,22,014,16,66,28,319,36,75,21,072,17,76,28,132,36,1*75
1780395599.119,$GLGSV,2,2,07,81,26,323,36,87,22,170,22,88,66,255,41,1*4B
1780395599.120,$GLGSV,2,1,06,66,28,319,38,67,05,269,19,75,21,072,17,76,28,132,33,3*7D
1780395599.120,$GLGSV,2,2,06,81,26,323,36,88,66,255,41,3*71
1780395599.121,$GLGSV,1,1,01,77,09,176,,0*41
1780395599.122,$GAGSV,2,1,08,04,35,021,33,05,23,249,31,06,53,354,38,09,57,306,37,2*76
1780395599.122,$GAGSV,2,2,08,10,69,125,38,11,77,356,35,12,44,137,33,36,27,329,34,2*72
1780395599.123,$GAGSV,3,1,09,04,35,021,36,05,23,249,32,06,53,354,39,09,57,306,41,7*75
1780395599.124,$GAGSV,3,2,09,10,69,125,40,11,77,356,36,12,44,137,34,28,15,037,32,7*78
1780395599.124,$GAGSV,3,3,09,36,27,329,35,7*44
1780395599.125,$GAGSV,1,1,03,16,08,187,,23,00,090,,31,12,136,,0*4B
1780395599.126,$GBGSV,2,1,08,06,41,037,39,07,68,114,41,08,22,178,23,09,38,002,36,1*7A
1780395599.127,$GBGSV,2,2,08,10,63,142,40,13,29,301,40,14,29,033,37,34,41,188,39,1*75
1780395599.128,$GBGSV,1,1,02,09,38,002,34,10,63,142,35,3*74
1780395599.128,$GBGSV,3,1,10,01,42,106,,02,63,244,,03,72,138,,04,22,095,,0*75
1780395599.129,$GBGSV,3,2,10,04,22,095,,21,14,054,,24,39,153,,25,04,201,,0*73
1780395599.129,$GBGSV,3,3,10,25,04,201,,26,38,090,,0*70
1780395599.130,$GNGLL,1339.09904,N,10029.56900,E,101959.00,A,D*7B
1780395600.111,$GNRMC,102000.00,A,1339.09906,N,10029.56873,E,0.982,275.40,020626,0.53,W,R,V*59
1780395600.113,$GNVTG,275.40,T,275.93,M,0.982,N,1.818,K,D*35
1780395600.116,$GNGGA,102000.00,1339.09906,N,10029.56873,E,4,12,0.72,-1.0,M,-27.8,M,,0499*41
1780395600.117,$GNGSA,A,3,10,18,23,24,32,29,,,,,,,1.39,0.72,1.18,1*02
1780395600.119,$GNGSA,A,3,66,87,88,76,81,,,,,,,,1.39,0.72,1.18,2*03
1780395600.121,$GNGSA,A,3,28,05,12,04,06,09,10,11,36,,,,1.39,0.72,1.18,3*06
1780395600.122,$GNGSA,A,3,07,08,09,10,13,14,34,06,,,,,1.39,0.72,1.18,4*03
1780395600.124,$GPGSV,3,1,10,10,22,329,26,18,82,174,42,23,41,007,39,24,38,044,40,1*6D
1780395600.127,$GPGSV,3,2,10,28,17,208,18,29,15,180,20,32,32,273,39,41,64,233,42,1*60
1780395600.129,$GPGSV,3,3,10,42,70,217,41,50,55,115,37,1*61
1780395600.130,$GPGSV,2,1,06,10,22,329,27,18,82,174,41,23,41,007,36,24,38,044,35,6*63
1780395600.131,$GPGSV,2,2,06,29,15,180,18,32,32,273,33,6*6C
1780395600.131,$GPGSV,2,1,07,05,04,106,,12,13,119,,13,18,118,,15,10,047,,0*6A
1780395600.132,$GPGSV,2,2,07,15,10,047,,25,18,156,,27,05,291,,0*52
1780395600.132,$GLGSV,2,1,07,65,22,014,18,66,28,319,37,75,21,072,14,76,28,132,37,1*78
1780395600.133,$GLGSV,2,2,07,81,26,323,36,87,22,170,21,88,66,255,42,1*4B
1780395600.134,$GLGSV,2,1,06,66,28,319,36,67,05,269,19,75,21,072,16,76,28,132,35,3*74
1780395600.134,$GLGSV,2,2,06,81,26,323,34,88,66,255,39,3*7C
1780395600.135,$GLGSV,1,1,01,77,09,176,,0*41
1780395600.135,$GAGSV,2,1,08,04,35,021,34,05,23,249,31,06,53,354,38,09,57,306,37,2*71
1780395600.136,$GAGSV,2,2,08,10,69,125,38,11,77,356,35,12,44,137,33,36,27,329,34,2*72
1780395600.137,$GAGSV,3,1,09,04,35,021,38,05,23,249,31,06,53,354,38,09,57,306,40,7*78
1780395600.138,$GAGSV,3,2,09,10,69,125,40,11,77,356,36,12,44,137,34,28,15,037,33,7*79
1780395600.138,$GAGSV,3,3,09,36,27,329,36,7*47
1780395600.139,$GAGSV,1,1,03,16,08,187,,23,00,090,,31,12,136,,0*4B
1780395600.139,$GBGSV,2,1,08,06,41,037,39,07,68,114,41,08,22,178,23,09,38,002,37,1*7B
1780395600.140,$GBGSV,2,2,08,10,63,142,40,13,29,301,39,14,29,033,37,34,41,188,38,1*7A
1780395600.140,$GBGSV,1,1,02,09,38,002,33,10,63,142,35,3*73
1780395600.141,$GBGSV,3,1,10,01,42,106,,02,63,244,,03,72,138,,04,22,095,,0*75
1780395600.141,$GBGSV,3,2,10,04,22,095,,21,14,054,,24,39,153,,25,04,201,,0*73
1780395600.142,$GBGSV,3,3,10,25,04,201,,26,38,090,,0*70
1780395600.142,$GNGLL,1339.09906,N,10029.56873,E,102000.00,A,D*7A
1780395601.110,$GNRMC,102001.00,A,1339.09909,N,10029.56845,E,0.945,276.37,020626,0.53,W,R,V*5A
1780395601.112,$GNVTG,276.37,T,276.89,M,0.945,N,1.750,K,D*36
1780395601.113,$GNGGA,102001.00,1339.09909,N,10029.56845,E,4,12,0.65,-1.0,M,-27.8,M,,0499*4C
1780395601.114,$GNGSA,A,3,10,18,23,24,32,29,,,,,,,1.17,0.65,0.97,1*0E
1780395601.114,$GNGSA,A,3,66,87,88,76,81,,,,,,,,1.17,0.65,0.97,2*0F
1780395601.115,$GNGSA,A,3,28,05,12,04,06,09,10,11,36,,,,1.17,0.65,0.97,3*0A
1780395601.115,$GNGSA,A,3,07,08,09,10,13,14,34,06,,,,,1.17,0.65,0.97,4*0F
1780395601.116,$GPGSV,3,1,10,10,22,329,28,18,82,174,42,23,41,007,39,24,38,044,39,1*6D
1780395601.117,$GPGSV,3,2,10,28,17,208,18,29,15,180,22,32,32,273,38,41,64,233,42,1*63
1780395601.117,$GPGSV,3,3,10,42,70,217,41,50,55,115,37,1*61
1780395601.118,$GPGSV,2,1,06,10,22,329,26,18,82,174,41,23,41,007,36,24,38,044,36,6*61
1780395601.119,$GPGSV,2,2,06,29,15,180,18,32,32,273,33,6*6C
1780395601.119,$GPGSV,2,1,07,05,04,106,,12,13,119,,13,18,118,,15,10,047,,0*6A
1780395601.120,$GPGSV,2,2,07,15,10,047,,25,18,156,,27,05,291,,0*52
1780395601.121,$GLGSV,2,1,07,65,22,014,17,66,28,319,37,75,21,072,12,76,28,132,35,1*73
1780395601.121,$GLGSV,2,2,07,81,26,323,32,87,22,170,21,88,66,255,42,1*4F
1780395601.122,$GLGSV,2,1,06,66,28,319,36,67,05,269,20,75,21,072,17,76,28,132,37,3*7D
1780395601.123,$GLGSV,2,2,06,81,26,323,37,88,66,255,40,3*71
1780395601.123,$GLGSV,1,1,01,77,09,176,,0*41
1780395601.124,$GAGSV,2,1,08,04,35,021,34,05,23,249,31,06,53,354,38,09,57,306,37,2*71
1780395601.124,$GAGSV,2,2,08,10,69,125,38,11,77,356,35,12,44,137,33,36,27,329,33,2*75
1780395601.125,$GAGSV,3,1,09,04,35,021,38,05,23,249,31,06,53,354,38,09,57,306,40,7*78
1780395601.126,$GAGSV,3,2,09,10,69,125,40,11,77,356,37,12,44,137,34,28,15,037,33,7*78
1780395601.126,$GAGSV,3,3,09,36,27,329,35,7*44
1780395601.127,$GAGSV,1,1,03,16,08,187,,23,00,090,,31,12,136,,0*4B
1780395601.127,$GBGSV,2,1,08,06,41,037,40,07,68,114,41,08,22,178,22,09,38,002,37,1*74
1780395601.128,$GBGSV,2,2,08,10,63,142,40,13,29,301,40,14,29,033,38,34,41,188,39,1*7A
1780395601.129,$GBGSV,1,1,02,09,38,002,32,10,63,142,35,3*72
1780395601.129,$GBGSV,3,1,10,01,42,106,,02,63,244,,03,72,138,,04,22,095,,0*75
1780395601.130,$GBGSV,3,2,10,04,22,095,,21,14,054,,24,39,153,,25,04,201,,0*73
1780395601.130,$GBGSV,3,3,10,25,04,201,,26,38,090,,0*70
1780395601.131,$GNGLL,1339.09909,N,10029.56845,E,102001.00,A,D*71
1780395602.108,$GNRMC,102002.00,A,1339.09911,N,10029.56819,E,0.937,275.50,020626,0.53,W,R,V*5E
1780395602.110,$GNVTG,275.50,T,276.03,M,0.937,N,1.735,K,D*30
1780395602.112,$GNGGA,102002.00,1339.09911,N,10029.56819,E,4,12,0.65,-1.0,M,-27.8,M,,0499*4F
1780395602.114,$GNGSA,A,3,10,18,23,24,32,29,,,,,,,1.17,0.65,0.97,1*0E
1780395602.115,$GNGSA,A,3,66,87,88,76,81,,,,,,,,1.17,0.65,0.97,2*0F
1780395602.118,$GNGSA,A,3,28,05,12,04,06,09,10,11,36,,,,1.17,0.65,0.97,3*0A
1780395602.119,$GNGSA,A,3,07,08,09,10,13,14,34,06,,,,,1.17,0.65,0.97,4*0F
1780395602.121,$GPGSV,3,1,10,10,22,329,27,18,82,174,42,23,41,007,38,24,38,044,37,1*6D
1780395602.124,$GPGSV,3,2,10,28,17,208,17,29,15,180,23,32,32,273,38,41,64,233,41,1*6E
1780395602.125,$GPGSV,3,3,10,42,70,217,41,50,55,115,37,1*61
1780395602.128,$GPGSV,2,1,06,10,22,329,25,18,82,174,42,23,41,007,37,24,38,044,35,6*63
1780395602.129,$GPGSV,2,2,06,29,15,180,16,32,32,273,34,6*65
1780395602.131,$GPGSV,2,1,07,05,04,106,,12,13,119,,13,18,118,,15,10,047,,0*6A
1780395602.133,$GPGSV,2,2,07,15,10,047,,25,18,156,,27,05,291,,0*52
1780395602.135,$GLGSV,2,1,07,65,22,014,17,66,28,319,37,75,21,072,11,76,28,132,36,1*73
1780395602.137,$GLGSV,2,2,07,81,26,323,32,87,22,170,23,88,66,255,41,1*4E
1780395602.139,$GLGSV,2,1,06,66,28,319,35,67,05,269,19,75,21,072,16,76,28,132,36,3*74
1780395602.140,$GLGSV,2,2,06,81,26,323,31,88,66,255,40,3*77
1780395602.141,$GLGSV,1,1,01,77,09,176,,0*41
1780395602.142,$GAGSV,2,1,08,04,35,021,35,05,23,249,30,06,53,354,39,09,57,306,37,2*70
1780395602.143,$GAGSV,2,2,08,10,69,125,39,11,77,356,36,12,44,137,34,36,27,329,33,2*70
1780395602.143,$GAGSV,3,1,09,04,35,021,38,05,23,249,32,06,53,354,39,09,57,306,40,7*7A
1780395602.144,$GAGSV,3,2,09,10,69,125,40,11,77,356,37,12,44,137,34,28,15,037,33,7*78
1780395602.144,$GAGSV,3,3,09,36,27,329,34,7*45
1780395602.145,$GAGSV,1,1,03,16,08,187,,23,00,090,,31,12,136,,0*4B
1780395602.145,$GBGSV,2,1,08,06,41,037,40,07,68,114,41,08,22,178,22,09,38,002,37,1*74
1780395602.146,$GBGSV,2,2,08,10,63,142,40,13,29,301,39,14,29,033,40,34,41,188,39,1*7B
1780395602.146,$GBGSV,1,1,02,09,38,002,32,10,63,142,36,3*71
1780395602.147,$GBGSV,3,1,10,01,42,106,,02,63,244,,03,72,138,,04,22,095,,0*75
1780395602.147,$GBGSV,3,2,10,04,22,095,,21,14,054,,24,39,153,,25,04,201,,0*73
1780395602.148,$GBGSV,3,3,10,25,04,201,,26,38,090,,0*70
1780395602.148,$GNGLL,1339.09911,N,10029.56819,E,102002.00,A,D*72
1780395603.113,$GNRMC,102003.00,A,1339.09913,N,10029.56791,E,1.018,273.85,020626,0.53,W,R,V*59
1780395603.116,$GNVTG,273.85,T,274.38,M,1.018,N,1.885,K,D*35
1780395603.118,$GNGGA,102003.00,1339.09913,N,10029.56791,E,4,12,0.65,-1.0,M,-27.8,M,,0499*43
1780395603.120,$GNGSA,A,3,10,18,23,24,32,29,,,,,,,1.17,0.65,0.97,1*0E
1780395603.122,$GNGSA,A,3,66,87,88,76,81,,,,,,,,1.17,0.65,0.97,2*0F
1780395603.123,$GNGSA,A,3,28,05,12,04,06,09,10,11,36,,,,1.17,0.65,0.97,3*0A
1780395603.125,$GNGSA,A,3,07,08,09,10,13,14,34,06,,,,,1.17,0.65,0.97,4*0F
1780395603.127,$GPGSV,3,1,10,10,23,330,27,18,82,174,42,23,41,007,37,24,38,044,37,1*6B
1780395603.129,$GPGSV,3,2,10,28,17,208,19,29,15,180,22,32,32,273,39,41,64,233,42,1*63
1780395603.131,$GPGSV,3,3,10,42,70,217,39,50,55,115,37,1*6E
1780395603.132,$GPGSV,2,1,06,10,23,330,23,18,82,174,42,23,41,007,36,24,38,044,34,6*6C
1780395603.133,$GPGSV,2,2,06,29,15,180,11,32,32,273,34,6*62
1780395603.133,$GPGSV,2,1,07,05,04,106,,12,13,119,,13,18,118,,15,10,047,,0*6A
1780395603.134,$GPGSV,2,2,07,15,10,047,,25,18,156,,27,05,291,,0*52
1780395603.134,$GLGSV,2,1,07,65,22,014,18,66,28,319,35,75,21,072,10,76,28,132,36,1*7F
1780395603.135,$GLGSV,2,2,07,81,26,323,31,87,22,170,25,88,66,255,42,1*48
1780395603.136,$GLGSV,2,1,06,66,28,319,36,67,05,269,18,75,21,072,18,76,28,132,36,3*78
1780395603.136,$GLGSV,2,2,06,81,26,323,31,88,66,255,40,3*77
1780395603.136,$GLGSV,1,1,01,77,09,176,,0*41
1780395603.137,$GAGSV,2,1,08,04,35,021,35,05,23,249,29,06,53,354,39,09,57,306,37,2*78
1780395603.138,$GAGSV,2,2,08,10,69,125,39,11,77,356,35,12,44,137,33,36,27,329,32,2*75
1780395603.138,$GAGSV,3,1,09,04,35,021,37,05,23,249,33,06,53,354,40,09,57,306,40,7*7A
1780395603.139,$GAGSV,3,2,09,10,69,125,40,11,77,356,37,12,44,137,34,28,15,037,32,7*79
1780395603.139,$GAGSV,3,3,09,36,27,329,33,7*42
1780395603.140,$GAGSV,1,1,03,16,08,187,,23,00,090,,31,12,136,,0*4B
1780395603.140,$GBGSV,2,1,08,06,41,037,39,07,68,114,41,08,22,178,20,09,38,002,34,1*7B
1780395603.141,$GBGSV,2,2,08,10,63,142,40,13,29,301,38,14,29,033,38,34,41,188,39,1*75
1780395603.141,$GBGSV,1,1,02,09,38,002,33,10,63,142,36,3*70
1780395603.142,$GBGSV,3,1,10,01,42,106,,02,63,244,,03,72,138,,04,22,095,,0*75
1780395603.142,$GBGSV,3,2,10,04,22,095,,21,14,054,,24,39,153,,25,04,201,,0*73
1780395603.143,$GBGSV,3,3,10,25,04,201,,26,38,090,,0*70
1780395603.143,$GNGLL,1339.09913,N,10029.56791,E,102003.00,A,D*7E
1780395604.113,$GNRMC,102004.00,A,1339.09915,N,10029.56762,E,0.967,274.05,020626,0.53,W,R,V*5B
1780395604.115,$GNVTG,274.05,T,274.58,M,0.967,N,1.792,K,D*35
1780395604.118,$GNGGA,102004.00,1339.09915,N,10029.56762,E,4,12,0.65,-1.0,M,-27.8,M,,0499*4E
1780395604.119,$GNGSA,A,3,10,18,23,24,32,29,,,,,,,1.17,0.65,0.97,1*0E
1780395604.121,$GNGSA,A,3,66,87,88,76,81,,,,,,,,1.17,0.65,0.97,2*0F
1780395604.122,$GNGSA,A,3,28,05,12,04,06,09,10,11,36,,,,1.17,0.65,0.97,3*0A
1780395604.124,$GNGSA,A,3,07,08,09,10,13,14,34,06,,,,,1.17,0.65,0.97,4*0F
1780395604.126,$GPGSV,3,1,10,10,23,330,26,18,82,174,42,23,41,007,38,24,38,044,37,1*65
1780395604.128,$GPGSV,3,2,10,28,17,208,20,29,15,180,20,32,32,273,38,41,64,233,41,1*69
1780395604.129,$GPGSV,3,3,10,42,70,217,41,50,55,115,37,1*61
1780395604.132,$GPGSV,2,1,06,10,23,330,22,18,82,174,41,23,41,007,36,24,38,044,34,6*6E
1780395604.133,$GPGSV,2,2,06,29,15,180,10,32,32,273,33,6*64
1780395604.135,$GPGSV,2,1,07,05,04,106,,12,13,119,,13,18,118,,15,10,047,,0*6A
1780395604.137,$GPGSV,2,2,07,15,10,047,,25,18,156,,27,05,291,,0*52
1780395604.139,$GLGSV,2,1,07,65,22,014,17,66,28,319,33,75,21,072,12,76,28,132,37,1*75
1780395604.141,$GLGSV,2,2,07,81,26,323,25,87,22,170,25,88,66,255,42,1*4D
1780395604.143,$GLGSV,2,1,06,66,28,319,34,67,05,269,19,75,21,072,18,76,28,132,36,3*7B
1780395604.144,$GLGSV,2,2,06,81,26,323,30,88,66,255,40,3*76
1780395604.144,$GLGSV,1,1,01,77,09,176,,0*41
1780395604.146,$GAGSV,2,1,08,04,35,021,35,05,23,249,29,06,53,354,39,09,57,306,37,2*78
1780395604.146,$GAGSV,2,2,08,10,69,125,39,11,77,356,36,12,44,137,33,36,27,329,30,2*74
1780395604.147,$GAGSV,3,1,09,04,35,021,38,05,23,249,34,06,53,354,39,09,57,306,41,7*7D
1780395604.147,$GAGSV,3,2,09,10,69,125,40,11,77,356,37,12,44,137,34,28,15,037,32,7*79
1780395604.148,$GAGSV,3,3,09,36,27,329,32,7*43
1780395604.148,$GAGSV,1,1,03,16,08,187,,23,00,090,,31,12,136,,0*4B
1780395604.149,$GBGSV,2,1,08,06,41,037,39,07,68,114,41,08,22,178,24,09,38,002,35,1*7E
1780395604.149,$GBGSV,2,2,08,10,63,142,40,13,29,301,38,14,29,033,39,34,41,188,39,1*74
1780395604.150,$GBGSV,1,1,02,09,38,002,33,10,63,142,37,3*71
1780395604.150,$GBGSV,3,1,10,01,42,106,,02,63,244,,03,72,138,,04,22,095,,0*75
1780395604.151,$GBGSV,3,2,10,04,22,095,,21,14,054,,24,39,153,,25,04,201,,0*73
1780395604.151,$GBGSV,3,3,10,25,04,201,,26,38,090,,0*70
1780395604.152,$GNGLL,1339.09915,N,10029.56762,E,102004.00,A,D*73
1780395605.102,$GNRMC,102005.00,A,1339.09917,N,10029.56734,E,0.987,273.16,020626,0.53,W,R,V*50
1780395605.105,$GNVTG,273.16,T,273.69,M,0.987,N,1.828,K,D*35
1780395605.106,$GNGGA,102005.00,1339.09917,N,10029.56734,E,4,12,0.72,-1.0,M,-27.8,M,,0499*48
1780395605.106,$GNGSA,A,3,10,18,23,24,32,,,,,,,,1.39,0.72,1.18,1*09
1780395605.107,$GNGSA,A,3,66,87,88,76,81,,,,,,,,1.39,0.72,1.18,2*03
1780395605.107,$GNGSA,A,3,28,05,12,04,06,09,10,11,36,,,,1.39,0.72,1.18,3*06
1780395605.108,$GNGSA,A,3,07,08,09,10,13,14,34,06,,,,,1.39,0.72,1.18,4*03
1780395605.108,$GPGSV,3,1,10,10,23,330,25,18,82,174,42,23,41,007,37,24,38,044,39,1*67
1780395605.109,$GPGSV,3,2,10,28,17,208,21,29,15,180,18,32,32,273,38,41,64,233,42,1*60
1780395605.110,$GPGSV,3,3,10,42,70,217,41,50,55,115,37,1*61
1780395605.110,$GPGSV,2,1,06,10,23,330,20,18,82,174,41,23,41,007,36,24,38,044,34,6*6C
1780395605.111,$GPGSV,2,2,06,29,15,180,10,32,32,273,33,6*64
1780395605.112,$GPGSV,2,1,07,05,04,106,,12,14,118,,13,18,118,,15,10,047,,0*6C
1780395605.112,$GPGSV,2,2,07,15,10,047,,25,18,156,,27,05,291,,0*52
1780395605.113,$GLGSV,2,1,07,65,22,014,17,66,28,319,32,75,21,072,13,76,28,132,37,1*75
1780395605.114,$GLGSV,2,2,07,81,26,323,20,87,22,170,23,88,66,255,42,1*4E
1780395605.114,$GLGSV,2,1,06,66,28,319,29,67,05,269,18,75,21,072,17,76,28,132,36,3*79
1780395605.115,$GLGSV,2,2,06,81,26,323,30,88,66,255,41,3*77
1780395605.115,$GLGSV,1,1,01,77,09,176,,0*41
1780395605.116,$GAGSV,2,1,08,04,35,021,35,05,23,249,29,06,53,354,38,09,57,306,37,2*79
1780395605.117,$GAGSV,2,2,08,10,69,125,39,11,77,356,35,12,44,137,34,36,27,329,29,2*78
1780395605.118,$GAGSV,3,1,09,04,35,021,37,05,23,249,33,06,53,354,39,09,57,306,40,7*74
1780395605.118,$GAGSV,3,2,09,10,69,125,40,11,77,356,37,12,44,137,34,28,15,037,31,7*7A
1780395605.119,$GAGSV,3,3,09,36,27,329,31,7*40
1780395605.120,$GAGSV,1,1,03,16,08,187,,23,00,090,,31,12,136,,0*4B
1780395605.121,$GBGSV,2,1,08,06,41,037,39,07,68,114,41,08,22,178,25,09,38,002,36,1*7C
1780395605.122,$GBGSV,2,2,08,10,63,142,40,13,29,301,38,14,29,033,39,34,41,188,39,1*74
1780395605.122,$GBGSV,1,1,02,09,38,002,33,10,63,142,36,3*70
1780395605.123,$GBGSV,3,1,10,01,42,106,,02,63,244,,03,72,138,,04,22,095,,0*75
1780395605.124,$GBGSV,3,2,10,04,22,095,,21,14,054,,24,39,153,,25,04,201,,0*73
1780395605.124,$GBGSV,3,3,10,25,04,201,,26,38,090,,0*70
1780395605.125,$GNGLL,1339.09917,N,10029.56734,E,102005.00,A,D*73
1780395606.108,$GNRMC,102006.00,A,1339.09918,N,10029.56705,E,1.044,272.67,020626,0.53,W,R,V*5E
1780395606.110,$GNVTG,272.67,T,273.20,M,1.044,N,1.934,K,D*34
1780395606.112,$GNGGA,102006.00,1339.09918,N,10029.56705,E,4,12,0.72,-1.0,M,-27.8,M,,0499*46
1780395606.112,$GNGSA,A,3,10,18,23,24,32,29,,,,,,,1.39,0.72,1.18,1*02
1780395606.113,$GNGSA,A,3,66,87,88,76,81,,,,,,,,1.39,0.72,1.18,2*03
1780395606.113,$GNGSA,A,3,28,05,12,04,06,09,10,11,36,,,,1.39,0.72,1.18,3*06
1780395606.114,$GNGSA,A,3,07,08,09,10,13,14,34,06,,,,,1.39,0.72,1.18,4*03
1780395606.114,$GPGSV,3,1,10,10,23,330,23,18,82,174,43,23,41,007,37,24,38,044,39,1*60
1780395606.115,$GPGSV,3,2,10,28,17,208,20,29,15,180,20,32,32,273,37,41,64,233,41,1*66
1780395606.116,$GPGSV,3,3,10,42,70,217,41,50,55,115,36,1*60
1780395606.116,$GPGSV,2,1,06,10,23,330,18,18,82,174,41,23,41,007,36,24,38,044,34,6*67
1780395606.117,$GPGSV,2,2,06,29,15,180,13,32,32,273,34,6*60
1780395606.117,$GPGSV,2,1,07,05,04,106,,12,14,118,,13,19,117,,15,10,047,,0*62
1780395606.118,$GPGSV,2,2,07,15,10,047,,25,18,156,,27,05,291,,0*52
1780395606.119,$GLGSV,2,1,07,65,22,014,15,66,28,319,31,75,21,072,13,76,28,132,38,1*7B
1780395606.119,$GLGSV,2,2,07,81,26,323,28,87,22,170,22,88,66,255,41,1*44
1780395606.120,$GLGSV,2,1,06,66,28,319,29,67,05,269,19,75,21,072,17,76,28,132,36,3*78
1780395606.121,$GLGSV,2,2,06,81,26,323,30,88,66,255,41,3*77
1780395606.121,$GLGSV,1,1,01,77,09,176,,0*41
1780395606.122,$GAGSV,2,1,08,04,35,021,35,05,23,249,29,06,53,354,39,09,57,306,38,2*77
1780395606.123,$GAGSV,2,2,08,10,69,125,38,11,77,356,35,12,44,137,34,36,27,329,28,2*78
1780395606.124,$GAGSV,3,1,09,04,35,021,36,05,23,249,32,06,53,354,39,09,57,306,41,7*75
1780395606.124,$GAGSV,3,2,09,10,69,125,40,11,77,356,37,12,44,137,34,28,15,037,30,7*7B
1780395606.125,$GAGSV,3,3,09,36,27,329,30,7*41
1780395606.125,$GAGSV,1,1,03,16,08,187,,23,00,090,,31,12,136,,0*4B
1780395606.126,$GBGSV,2,1,08,06,41,037,39,07,68,114,41,08,22,178,26,09,38,002,37,1*7E
1780395606.127,$GBGSV,2,2,08,10,63,142,40,13,29,301,37,14,29,033,37,34,41,188,39,1*75
1780395606.127,$GBGSV,1,1,02,09,38,002,33,10,63,142,36,3*70
1780395606.128,$GBGSV,3,1,10,01,42,106,,02,63,244,,03,72,138,,04,22,095,,0*75
1780395606.128,$GBGSV,3,2,10,04,22,095,,21,14,054,,24,39,153,,25,04,201,,0*73
1780395606.128,$GBGSV,3,3,10,25,04,201,,26,38,090,,0*70
1780395606.129,$GNGLL,1339.09918,N,10029.56705,E,102006.00,A,D*7D
1780395607.109,$GNRMC,102007.00,A,1339.09920,N,10029.56676,E,1.044,273.70,020626,0.53,W,R,V*56
1780395607.112,$GNVTG,273.70,T,274.23,M,1.044,N,1.934,K,D*37
1780395607.115,$GNGGA,102007.00,1339.09920,N,10029.56676,E,4,12,0.72,-1.0,M,-27.8,M,,0499*49
1780395607.116,$GNGSA,A,3,10,18,23,24,32,29,,,,,,,1.39,0.72,1.18,1*02
1780395607.118,$GNGSA,A,3,66,87,88,76,81,,,,,,,,1.39,0.72,1.18,2*03
1780395607.119,$GNGSA,A,3,28,05,12,04,06,09,10,11,36,,,,1.39,0.72,1.18,3*06
1780395607.121,$GNGSA,A,3,07,08,09,10,13,14,34,06,,,,,1.39,0.72,1.18,4*03
1780395607.124,$GPGSV,3,1,10,10,23,330,24,18,82,174,42,23,41,007,39,24,38,044,38,1*69
1780395607.126,$GPGSV,3,2,10,28,17,208,17,29,15,180,20,32,32,273,37,41,64,233,41,1*62
1780395607.128,$GPGSV,3,3,10,42,70,217,41,50,55,115,36,1*60
1780395607.131,$GPGSV,2,1,06,10,23,330,18,18,82,174,41,23,41,007,36,24,38,044,35,6*66
1780395607.132,$GPGSV,2,2,06,29,15,180,15,32,32,273,33,6*61
1780395607.134,$GPGSV,2,1,07,05,04,106,,12,14,118,,13,19,117,,15,10,047,,0*62
1780395607.136,$GPGSV,2,2,07,15,10,047,,25,18,156,,27,05,291,,0*52
1780395607.138,$GLGSV,2,1,07,65,22,014,12,66,28,319,30,75,21,072,15,76,28,132,36,1*75
1780395607.140,$GLGSV,2,2,07,81,26,323,27,87,22,170,20,88,66,255,41,1*49
1780395607.143,$GLGSV,2,1,06,66,28,319,31,67,05,269,20,75,21,072,15,76,28,132,36,3*79
1780395607.144,$GLGSV,2,2,06,81,26,323,24,88,66,255,41,3*72
1780395607.145,$GLGSV,1,1,01,77,09,176,,0*41
1780395607.147,$GAGSV,2,1,08,04,35,021,36,05,23,249,29,06,53,354,39,09,57,306,38,2*74
1780395607.149,$GAGSV,2,2,08,10,69,125,39,11,77,356,35,12,44,137,33,36,27,329,28,2*7E
1780395607.150,$GAGSV,3,1,09,04,35,021,36,05,23,249,28,06,53,354,39,09,57,306,42,7*7D
1780395607.152,$GAGSV,3,2,09,10,69,125,39,11,77,356,37,12,44,137,34,28,15,037,31,7*74
1780395607.153,$GAGSV,3,3,09,36,27,329,28,7*48
1780395607.154,$GAGSV,1,1,03,16,08,187,,23,00,090,,31,12,136,,0*4B
1780395607.155,$GBGSV,2,1,08,06,41,037,39,07,68,114,42,08,22,178,25,09,38,002,36,1*7F
1780395607.156,$GBGSV,2,2,08,10,63,142,40,13,29,301,37,14,29,033,36,34,41,188,40,1*7A
1780395607.157,$GBGSV,1,1,02,09,38,002,34,10,63,142,36,3*77
1780395607.158,$GBGSV,3,1,10,01,42,106,,02,63,244,,03,72,138,,04,22,095,,0*75
1780395607.158,$GBGSV,3,2,10,04,22,095,,21,14,054,,24,39,153,,25,04,201,,0*73
1780395607.159,$GBGSV,3,3,10,25,04,201,,26,38,090,,0*70
1780395607.159,$GNGLL,1339.09920,N,10029.56676,E,102007.00,A,D*72
1780395608.107,$GNRMC,102008.00,A,1339.09921,N,10029.56646,E,1.077,271.91,020626,0.53,W,R,V*56
1780395608.109,$GNVTG,271.91,T,272.44,M,1.077,N,1.995,K,D*36
1780395608.111,$GNGGA,102008.00,1339.09921,N,10029.56646,E,4,12,0.72,-1.0,M,-27.8,M,,0499*44
1780395608.111,$GNGSA,A,3,10,18,23,24,32,29,,,,,,,1.39,0.72,1.18,1*02
1780395608.112,$GNGSA,A,3,66,88,76,81,,,,,,,,,1.39,0.72,1.18,2*0C
1780395608.112,$GNGSA,A,3,28,05,12,04,06,09,10,11,36,,,,1.39,0.72,1.18,3*06
1780395608.113,$GNGSA,A,3,07,08,09,10,13,14,34,06,,,,,1.39,0.72,1.18,4*03
1780395608.113,$GPGSV,3,1,10,10,23,330,22,18,82,174,42,23,41,007,40,24,38,044,38,1*61
1780395608.114,$GPGSV,3,2,10,28,17,208,17,29,15,180,20,32,32,273,40,41,64,233,42,1*61
1780395608.115,$GPGSV,3,3,10,42,70,217,39,50,55,115,37,1*6E
1780395608.116,$GPGSV,2,1,06,10,23,330,19,18,82,174,42,23,41,007,37,24,38,044,35,6*65
1780395608.117,$GPGSV,2,2,06,29,15,180,15,32,32,273,32,6*60
1780395608.117,$GPGSV,2,1,07,05,04,106,,12,14,118,,13,19,117,,15,10,048,,0*6D
1780395608.118,$GPGSV,2,2,07,15,10,048,,25,18,156,,27,05,291,,0*5D
1780395608.118,$GLGSV,2,1,07,65,22,014,13,66,28,319,29,75,21,072,15,76,28,132,36,1*7C
1780395608.119,$GLGSV,2,2,07,81,26,323,27,87,22,170,19,88,66,255,42,1*40
1780395608.120,$GLGSV,2,1,06,66,28,319,29,67,05,269,20,75,21,072,14,76,28,132,34,3*73
1780395608.121,$GLGSV,2,2,06,81,26,323,26,88,66,255,41,3*70
1780395608.122,$GLGSV,1,1,01,77,09,176,,0*41
1780395608.123,$GAGSV,2,1,08,04,35,021,36,05,23,249,28,06,53,354,39,09,57,306,37,2*7A
1780395608.124,$GAGSV,2,2,08,10,69,125,39,11,77,356,35,12,44,137,33,36,27,329,26,2*70
1780395608.124,$GAGSV,3,1,09,04,35,021,36,05,23,249,31,06,53,354,39,09,57,306,41,7*76
1780395608.125,$GAGSV,3,2,09,10,69,125,40,11,77,356,37,12,44,137,33,28,15,037,31,7*7D
1780395608.126,$GAGSV,3,3,09,36,27,329,26,7*46
1780395608.126,$GAGSV,1,1,03,16,08,187,,23,00,090,,31,12,136,,0*4B
1780395608.127,$GBGSV,2,1,08,06,41,037,39,07,68,114,42,08,22,178,24,09,38,002,36,1*7E
1780395608.128,$GBGSV,2,2,08,10,63,142,40,13,29,301,37,14,29,033,33,34,41,188,40,1*7F
1780395608.128,$GBGSV,1,1,02,09,38,002,34,10,63,142,36,3*77
1780395608.129,$GBGSV,3,1,10,01,42,106,,02,63,244,,03,72,138,,04,22,095,,0*75
1780395608.130,$GBGSV,3,2,10,04,22,095,,21,14,054,,24,39,153,,25,04,201,,0*73
1780395608.130,$GBGSV,3,3,10,25,04,201,,26,38,090,,0*70
1780395608.131,$GNGLL,1339.09921,N,10029.56646,E,102008.00,A,D*7F
1780395609.107,$GNRMC,102009.00,A,1339.09922,N,10029.56614,E,1.054,273.37,020626,0.53,W,R,V*5C
1780395609.109,$GNVTG,273.37,T,273.90,M,1.054,N,1.951,K,D*39
1780395609.110,$GNGGA,102009.00,1339.09922,N,10029.56614,E,4,12,0.72,-1.0,M,-27.8,M,,0499*41
1780395609.111,$GNGSA,A,3,10,18,23,24,32,,,,,,,,1.39,0.72,1.18,1*09
1780395609.111,$GNGSA,A,3,66,87,88,76,81,,,,,,,,1.39,0.72,1.18,2*03
1780395609.112,$GNGSA,A,3,28,05,12,04,06,09,10,11,36,,,,1.39,0.72,1.18,3*06
1780395609.113,$GNGSA,A,3,07,08,09,10,13,14,34,06,,,,,1.39,0.72,1.18,4*03
1780395609.113,$GPGSV,3,1,10,10,23,330,23,18,82,174,41,23,41,007,39,24,38,044,38,1*6D
1780395609.114,$GPGSV,3,2,10,28,17,208,17,29,15,180,19,32,32,273,38,41,64,233,42,1*64
1780395609.115,$GPGSV,3,3,10,42,70,217,41,50,55,115,37,1*61
1780395609.115,$GPGSV,2,1,06,10,23,330,19,18,82,174,41,23,41,007,37,24,38,044,33,6*60
1780395609.116,$GPGSV,2,2,06,29,15,180,14,32,32,273,32,6*61
1780395609.116,$GPGSV,2,1,07,05,04,106,,12,14,118,,13,19,117,,15,10,048,,0*6D
1780395609.117,$GPGSV,2,2,07,15,10,048,,25,18,156,,27,05,291,,0*5D
1780395609.118,$GLGSV,2,1,07,65,22,014,15,66,28,319,28,75,21,072,14,76,28,132,37,1*7B
1780395609.118,$GLGSV,2,2,07,81,26,323,26,87,22,170,23,88,66,255,41,1*4B
1780395609.119,$GLGSV,2,1,06,66,28,319,30,67,05,269,20,75,21,072,12,76,28,132,38,3*71
1780395609.120,$GLGSV,2,2,06,81,26,323,28,88,66,255,40,3*7F
1780395609.120,$GLGSV,1,1,01,77,09,176,,0*41
1780395609.121,$GAGSV,2,1,08,04,35,021,36,05,23,249,27,06,53,354,38,09,57,306,39,2*7A
1780395609.122,$GAGSV,2,2,08,10,69,125,38,11,77,356,35,12,44,137,33,36,27,329,25,2*72
1780395609.122,$GAGSV,3,1,09,04,35,021,35,05,23,249,26,06,53,354,39,09,57,306,41,7*73
1780395609.123,$GAGSV,3,2,09,10,69,125,40,11,77,356,36,12,44,137,34,28,15,037,32,7*78
1780395609.123,$GAGSV,3,3,09,36,27,329,24,7*44
1780395609.124,$GAGSV,1,1,03,16,08,187,,23,00,090,,31,12,136,,0*4B
1780395609.125,$GBGSV,2,1,08,06,41,037,39,07,68,114,41,08,22,178,22,09,38,002,36,1*7B
1780395609.126,$GBGSV,2,2,08,10,63,142,40,13,29,301,38,14,29,033,33,34,41,188,38,1*7F
1780395609.126,$GBGSV,1,1,02,09,38,002,34,10,63,142,36,3*77
1780395609.127,$GBGSV,3,1,10,01,42,106,,02,63,244,,03,72,138,,04,22,095,,0*75
1780395609.128,$GBGSV,3,2,10,04,22,095,,21,14,054,,24,39,153,,25,04,201,,0*73
1780395609.128,$GBGSV,3,3,10,25,04,201,,26,38,090,,0*70
1780395609.129,$GNGLL,1339.09922,N,10029.56614,E,102009.00,A,D*7A
1780395610.106,$GNRMC,102010.00,A,1339.09922,N,10029.56583,E,1.126,269.47,020626,0.53,W,R,V*51
1780395610.109,$GNVTG,269.47,T,270.00,M,1.126,N,2.086,K,D*3B
1780395610.110,$GNGGA,102010.00,1339.09922,N,10029.56583,E,4,12,0.72,-1.0,M,-27.8,M,,0499*44
1780395610.110,$GNGSA,A,3,10,18,23,24,32,29,,,,,,,1.39,0.72,1.18,1*02
1780395610.111,$GNGSA,A,3,66,87,88,76,81,,,,,,,,1.39,0.72,1.18,2*03
1780395610.111,$GNGSA,A,3,28,05,12,04,06,09,10,11,36,,,,1.39,0.72,1.18,3*06
1780395610.112,$GNGSA,A,3,07,08,09,10,13,14,34,06,,,,,1.39,0.72,1.18,4*03
1780395610.113,$GPGSV,3,1,10,10,23,330,22,18,82,174,41,23,41,007,37,24,38,044,39,1*63
1780395610.113,$GPGSV,3,2,10,28,17,208,18,29,15,180,20,32,32,273,39,41,64,233,43,1*61
1780395610.114,$GPGSV,3,3,10,42,70,217,40,50,55,115,37,1*60
1780395610.115,$GPGSV,2,1,06,10,23,330,17,18,82,174,41,23,41,007,37,24,38,044,33,6*6E
1780395610.115,$GPGSV,2,2,06,29,15,180,11,32,32,273,32,6*64
1780395610.116,$GPGSV,2,1,07,05,04,106,,12,14,118,,13,19,117,,15,10,048,,0*6D
1780395610.116,$GPGSV,2,2,07,15,10,048,,25,18,156,,27,05,291,,0*5D
1780395610.117,$GLGSV,2,1,07,65,22,014,19,66,28,319,28,75,21,072,13,76,28,132,36,1*71
1780395610.118,$GLGSV,2,2,07,81,26,323,26,87,22,170,22,88,66,255,41,1*4A
1780395610.119,$GLGSV,2,1,06,66,28,319,28,67,05,269,21,75,21,072,14,76,28,132,37,3*70
1780395610.119,$GLGSV,2,2,06,81,26,323,26,88,66,255,40,3*71
1780395610.120,$GLGSV,1,1,01,77,09,176,,0*41
1780395610.120,$GAGSV,2,1,08,04,35,021,35,05,23,249,25,06,53,354,37,09,57,306,38,2*75
1780395610.121,$GAGSV,2,2,08,10,69,125,39,11,77,356,35,12,44,137,33,36,27,329,25,2*73
1780395610.122,$GAGSV,3,1,09,04,35,021,35,05,23,249,26,06,53,354,39,09,57,306,40,7*72
1780395610.123,$GAGSV,3,2,09,10,69,125,40,11,77,356,36,12,44,137,34,28,15,037,32,7*78
1780395610.123,$GAGSV,3,3,09,36,27,329,24,7*44
1780395610.124,$GAGSV,1,1,03,16,08,187,,23,00,090,,31,12,136,,0*4B
1780395610.124,$GBGSV,2,1,08,06,41,037,39,07,68,114,42,08,22,178,21,09,38,002,37,1*7A
1780395610.125,$GBGSV,2,2,08,10,63,142,40,13,29,301,37,14,29,033,32,34,41,188,38,1*71
1780395610.126,$GBGSV,1,1,02,09,38,002,34,10,63,142,35,3*74
1780395610.126,$GBGSV,3,1,10,01,42,106,,02,63,244,,03,72,138,,04,22,095,,0*75
1780395610.127,$GBGSV,3,2,10,04,22,095,,21,14,054,,24,39,153,,25,04,201,,0*73
1780395610.127,$GBGSV,3,3,10,25,04,201,,26,38,090,,0*70
1780395610.128,$GNGLL,1339.09922,N,10029.56583,E,102010.00,A,D*7F
1780395611.106,$GNRMC,102011.00,A,1339.09923,N,10029.56551,E,1.113,270.90,020626,0.53,W,R,V*5A
1780395611.108,$GNVTG,270.90,T,271.43,M,1.113,N,2.062,K,D*33
1780395611.109,$GNGGA,102011.00,1339.09923,N,10029.56551,E,4,12,0.72,-1.0,M,-27.8,M,,0499*4B
1780395611.110,$GNGSA,A,3,10,18,23,24,32,29,,,,,,,1.39,0.72,1.18,1*02
1780395611.110,$GNGSA,A,3,66,87,88,76,81,65,,,,,,,1.39,0.72,1.18,2*00
1780395611.111,$GNGSA,A,3,28,05,12,04,06,09,10,11,36,,,,1.39,0.72,1.18,3*06
1780395611.111,$GNGSA,A,3,07,08,09,10,13,14,34,06,,,,,1.39,0.72,1.18,4*03
1780395611.112,$GPGSV,3,1,10,10,23,330,20,18,81,174,41,23,41,007,37,24,38,044,38,1*63
1780395611.113,$GPGSV,3,2,10,28,17,208,20,29,15,180,20,32,32,273,39,41,64,233,43,1*6A
1780395611.113,$GPGSV,3,3,10,42,70,217,41,50,55,115,37,1*61
1780395611.114,$GPGSV,2,1,06,10,23,330,17,18,81,174,41,23,41,007,35,24,38,044,34,6*68
1780395611.114,$GPGSV,2,2,06,29,15,180,11,32,32,273,33,6*65
1780395611.115,$GPGSV,2,1,07,05,04,106,,12,14,118,,13,19,117,,15,10,048,,0*6D
1780395611.116,$GPGSV,2,2,07,15,10,048,,25,18,156,,27,05,291,,0*5D
1780395611.116,$GLGSV,2,1,07,65,22,014,22,66,28,319,28,75,21,072,14,76,28,132,36,1*7E
1780395611.117,$GLGSV,2,2,07,81,26,323,24,87,22,170,22,88,66,255,42,1*4B
1780395611.118,$GLGSV,2,1,06,66,28,319,27,67,05,269,22,75,21,072,15,76,28,132,35,3*7F
1780395611.118,$GLGSV,2,2,06,81,26,323,26,88,66,255,40,3*71
1780395611.119,$GLGSV,1,1,01,77,09,176,,0*41
1780395611.119,$GAGSV,2,1,08,04,35,021,35,05,23,249,22,06,53,354,38,09,57,306,39,2*7C
1780395611.120,$GAGSV,2,2,08,10,69,125,39,11,77,356,35,12,44,137,33,36,27,329,23,2*75
1780395611.121,$GAGSV,3,1,09,04,35,021,36,05,23,249,24,06,53,354,39,09,57,306,39,7*7D
1780395611.121,$GAGSV,3,2,09,10,69,125,40,11,77,356,36,12,44,137,34,28,15,037,31,7*7B
1780395611.122,$GAGSV,3,3,09,36,27,329,23,7*43
1780395611.122,$GAGSV,1,1,03,16,08,187,,23,00,090,,31,12,136,,0*4B
1780395611.123,$GBGSV,2,1,08,06,41,037,39,07,68,114,40,08,22,178,20,09,38,002,36,1*78
1780395611.124,$GBGSV,2,2,08,10,63,142,40,13,29,301,33,14,29,033,31,34,41,188,37,1*79
1780395611.124,$GBGSV,1,1,02,09,38,002,33,10,63,142,35,3*73
1780395611.125,$GBGSV,3,1,10,01,42,106,,02,63,244,,03,72,138,,04,22,095,,0*75
1780395611.125,$GBGSV,3,2,10,04,22,095,,21,14,054,,24,39,153,,25,04,201,,0*73
1780395611.126,$GBGSV,3,3,10,25,04,201,,26,38,090,,0*70
1780395611.126,$GNGLL,1339.09923,N,10029.56551,E,102011.00,A,D*70
1780395612.106,$GNRMC,102012.00,A,1339.09924,N,10029.56521,E,1.115,270.83,020626,0.53,W,R,V*5D
1780395612.109,$GNVTG,270.83,T,271.36,M,1.115,N,2.064,K,D*33
1780395612.110,$GNGGA,102012.00,1339.09924,N,10029.56521,E,4,12,0.72,-1.0,M,-27.8,M,,0499*48
1780395612.110,$GNGSA,A,3,10,18,23,24,32,29,,,,,,,1.39,0.72,1.18,1*02
1780395612.111,$GNGSA,A,3,66,87,88,76,81,65,,,,,,,1.39,0.72,1.18,2*00
1780395612.111,$GNGSA,A,3,28,05,12,04,06,09,10,11,36,,,,1.39,0.72,1.18,3*06
1780395612.112,$GNGSA,A,3,07,09,10,13,14,34,06,,,,,,1.39,0.72,1.18,4*0B
1780395612.112,$GPGSV,3,1,10,10,23,330,20,18,81,174,41,23,41,007,39,24,38,044,38,1*6D
1780395612.113,$GPGSV,3,2,10,28,17,208,19,29,15,180,22,32,32,273,39,41,64,233,43,1*62
1780395612.114,$GPGSV,3,3,10,42,70,217,41,50,55,115,36,1*60
1780395612.114,$GPGSV,2,1,06,10,23,330,17,18,81,174,40,23,41,007,36,24,38,044,34,6*6A
1780395612.115,$GPGSV,2,2,06,29,15,180,13,32,32,273,32,6*66
1780395612.116,$GPGSV,2,1,07,05,04,106,,12,14,118,,13,19,117,,15,10,048,,0*6D
1780395612.116,$GPGSV,2,2,07,15,10,048,,25,18,156,,27,05,291,,0*5D
1780395612.117,$GLGSV,2,1,07,65,22,014,25,66,28,319,27,75,21,072,15,76,28,132,34,1*75
1780395612.117,$GLGSV,2,2,07,81,26,323,24,87,22,170,22,88,66,255,42,1*4B
1780395612.118,$GLGSV,2,1,06,66,28,319,28,67,05,269,22,75,21,072,15,76,28,132,33,3*76
1780395612.119,$GLGSV,2,2,06,81,26,323,25,88,66,255,40,3*72
1780395612.119,$GLGSV,1,1,01,77,09,176,,0*41
1780395612.120,$GAGSV,2,1,08,04,35,021,34,05,23,249,19,06,53,354,38,09,57,306,38,2*74
1780395612.121,$GAGSV,2,2,08,10,69,125,39,11,77,356,35,12,44,137,33,36,27,329,22,2*74
1780395612.122,$GAGSV,3,1,09,04,35,021,36,05,23,249,25,06,53,354,39,09,57,306,40,7*72
1780395612.122,$GAGSV,3,2,09,10,69,125,40,11,77,356,37,12,44,137,35,28,15,037,32,7*78
1780395612.123,$GAGSV,3,3,09,36,27,329,22,7*42
1780395612.124,$GAGSV,1,1,03,16,08,187,,23,00,090,,31,12,136,,0*4B
1780395612.124,$GBGSV,2,1,08,06,41,037,39,07,68,114,42,08,22,178,18,09,38,002,36,1*71
1780395612.125,$GBGSV,2,2,08,10,63,142,40,13,29,301,32,14,29,033,27,34,41,188,37,1*7F
1780395612.125,$GBGSV,1,1,02,09,38,002,33,10,63,142,35,3*73
1780395612.126,$GBGSV,3,1,10,01,42,106,,02,63,244,,03,72,138,,04,22,095,,0*75
1780395612.127,$GBGSV,3,2,10,04,22,095,,21,14,054,,24,39,153,,25,04,201,,0*73
1780395612.127,$GBGSV,3,3,10,25,04,201,,26,38,090,,0*70
1780395612.128,$GNGLL,1339.09924,N,10029.56521,E,102012.00,A,D*73
1780395613.105,$GNRMC,102013.00,A,1339.09925,N,10029.56488,E,1.106,270.04,020626,0.53,W,R,V*52
1780395613.108,$GNVTG,270.04,T,270.57,M,1.106,N,2.048,K,D*36
1780395613.109,$GNGGA,102013.00,1339.09925,N,10029.56488,E,4,12,0.72,-1.0,M,-27.8,M,,0499*4A
1780395613.109,$GNGSA,A,3,10,18,23,24,32,29,,,,,,,1.39,0.72,1.18,1*02
1780395613.110,$GNGSA,A,3,66,87,88,76,81,65,,,,,,,1.39,0.72,1.18,2*00
1780395613.110,$GNGSA,A,3,28,05,12,04,06,09,10,11,36,,,,1.39,0.72,1.18,3*06
1780395613.111,$GNGSA,A,3,07,09,10,13,14,34,06,,,,,,1.39,0.72,1.18,4*0B
1780395613.111,$GPGSV,3,1,10,10,23,330,20,18,81,174,42,23,41,007,39,24,38,044,39,1*6F
1780395613.112,$GPGSV,3,2,10,28,17,208,20,29,15,180,23,32,32,273,40,41,64,233,44,1*60
1780395613.112,$GPGSV,3,3,10,42,70,217,42,50,55,115,36,1*63
1780395613.113,$GPGSV,2,1,06,10,23,330,16,18,81,174,40,23,41,007,36,24,38,044,34,6*6B
1780395613.114,$GPGSV,2,2,06,29,15,180,14,32,32,273,32,6*61
1780395613.114,$GPGSV,2,1,07,05,04,106,,12,14,118,,13,19,117,,15,10,048,,0*6D
1780395613.116,$GPGSV,2,2,07,15,10,048,,25,18,156,,27,05,291,,0*5D
1780395613.116,$GLGSV,2,1,07,65,22,014,25,66,28,319,26,75,21,072,15,76,28,132,33,1*73
1780395613.117,$GLGSV,2,2,07,81,26,323,23,87,22,170,22,88,66,255,43,1*4D
1780395613.118,$GLGSV,2,1,06,66,28,319,28,67,05,269,22,75,21,072,15,76,28,132,34,3*71
1780395613.118,$GLGSV,2,2,06,81,26,323,25,88,66,255,40,3*72
1780395613.119,$GLGSV,1,1,01,77,09,176,,0*41
1780395613.119,$GAGSV,2,1,08,04,35,021,34,05,23,249,18,06,53,354,39,09,57,306,38,2*74
1780395613.120,$GAGSV,2,2,08,10,69,125,39,11,77,356,35,12,44,137,33,36,27,329,21,2*77
1780395613.121,$GAGSV,3,1,09,04,35,021,36,05,23,249,26,06,53,354,38,09,57,306,41,7*71
1780395613.121,$GAGSV,3,2,09,10,69,125,40,11,77,356,37,12,44,137,35,28,15,037,32,7*78
1780395613.122,$GAGSV,3,3,09,36,27,329,21,7*41
1780395613.123,$GAGSV,1,1,03,16,08,187,,23,00,090,,31,12,136,,0*4B
1780395613.124,$GBGSV,2,1,08,06,41,037,37,07,68,114,41,08,22,178,18,09,38,002,36,1*7C
1780395613.124,$GBGSV,2,2,08,10,63,142,40,13,29,301,32,14,29,033,31,34,41,188,37,1*78
1780395613.125,$GBGSV,1,1,02,09,38,002,33,10,63,142,35,3*73
1780395613.125,$GBGSV,3,1,10,01,42,106,,02,63,244,,03,72,138,,04,22,095,,0*75
1780395613.126,$GBGSV,3,2,10,04,22,095,,21,14,054,,24,39,153,,25,04,201,,0*73
1780395613.126,$GBGSV,3,3,10,25,04,201,,26,38,090,,0*70
1780395613.127,$GNGLL,1339.09925,N,10029.56488,E,102013.00,A,D*71
1780395614.100,$GNRMC,102014.00,A,1339.09925,N,10029.56457,E,1.123,269.79,020626,0.53,W,R,V*52
1780395614.103,$GNVTG,269.79,T,270.32,M,1.123,N,2.080,K,D*34
1780395614.104,$GNGGA,102014.00,1339.09925,N,10029.56457,E,4,12,0.72,-1.0,M,-27.8,M,,0499*4F
1780395614.104,$GNGSA,A,3,10,18,23,24,32,29,,,,,,,1.39,0.72,1.18,1*02
1780395614.105,$GNGSA,A,3,66,87,88,76,81,65,,,,,,,1.39,0.72,1.18,2*00
1780395614.105,$GNGSA,A,3,28,05,12,04,06,09,10,11,36,,,,1.39,0.72,1.18,3*06
1780395614.106,$GNGSA,A,3,07,08,09,10,13,14,34,06,,,,,1.39,0.72,1.18,4*03
1780395614.106,$GPGSV,3,1,10,10,23,330,21,18,81,174,42,23,41,007,39,24,38,044,39,1*6E
1780395614.107,$GPGSV,3,2,10,28,17,208,21,29,15,180,23,32,32,273,39,41,64,233,43,1*68
1780395614.107,$GPGSV,3,3,10,42,70,217,43,50,55,115,37,1*63
1780395614.108,$GPGSV,2,1,06,10,23,330,16,18,81,174,41,23,41,007,37,24,38,044,34,6*6B
1780395614.108,$GPGSV,2,2,06,29,15,180,15,32,32,273,32,6*60
1780395614.109,$GPGSV,2,1,07,05,04,106,,12,14,118,,13,19,117,,15,10,048,,0*6D
1780395614.109,$GPGSV,2,2,07,15,10,048,,25,18,156,,27,05,291,,0*5D
1780395614.110,$GLGSV,2,1,07,65,22,014,26,66,28,319,30,75,21,072,11,76,28,132,33,1*73
1780395614.111,$GLGSV,2,2,07,81,26,323,23,87,22,170,22,88,66,255,44,1*4A
1780395614.111,$GLGSV,2,1,06,66,28,319,25,67,05,269,20,75,21,072,16,76,28,132,36,3*7F
1780395614.112,$GLGSV,2,2,06,81,26,323,23,88,66,255,41,3*75
1780395614.112,$GLGSV,1,1,01,77,09,176,,0*41
1780395614.113,$GAGSV,2,1,08,04,35,021,34,05,23,249,18,06,53,354,38,09,57,306,37,2*7A
1780395614.113,$GAGSV,2,2,08,10,69,125,39,11,77,356,35,12,44,137,33,36,27,329,20,2*76
1780395614.114,$GAGSV,3,1,09,04,35,021,37,05,23,249,24,06,53,354,40,09,57,306,40,7*7C
1780395614.115,$GAGSV,3,2,09,10,69,125,40,11,77,356,37,12,44,137,35,28,15,037,30,7*7A
1780395614.115,$GAGSV,3,3,09,36,27,329,20,7*40
1780395614.116,$GAGSV,1,1,03,16,08,187,,23,00,090,,31,12,136,,0*4B
1780395614.116,$GBGSV,2,1,08,06,41,037,39,07,68,114,41,08,22,178,20,09,38,002,37,1*78
1780395614.117,$GBGSV,2,2,08,10,63,142,40,13,29,301,28,14,29,033,32,34,41,188,35,1*72
1780395614.117,$GBGSV,1,1,02,09,38,002,34,10,63,142,36,3*77
1780395614.118,$GBGSV,3,1,10,01,42,106,,02,63,244,,03,72,138,,04,22,095,,0*75
1780395614.118,$GBGSV,3,2,10,04,22,095,,21,14,054,,24,39,153,,25,04,201,,0*73
1780395614.119,$GBGSV,3,3,10,25,04,201,,26,38,090,,0*70
1780395614.119,$GNGLL,1339.09925,N,10029.56457,E,102014.00,A,D*74
1780395615.106,$GNRMC,102015.00,A,1339.09926,N,10029.56425,E,1.152,272.75,020626,0.53,W,R,V*55
1780395615.108,$GNVTG,272.75,T,273.28,M,1.152,N,2.133,K,D*35
1780395615.109,$GNGGA,102015.00,1339.09926,N,10029.56425,E,4,12,0.74,-1.0,M,-27.8,M,,0499*4E
1780395615.109,$GNGSA,A,3,18,23,24,32,29,,,,,,,,1.43,0.74,1.22,1*01
1780395615.110,$GNGSA,A,3,66,87,88,76,81,65,,,,,,,1.43,0.74,1.22,2*02
1780395615.110,$GNGSA,A,3,28,05,12,04,06,09,10,11,36,,,,1.43,0.74,1.22,3*04
1780395615.111,$GNGSA,A,3,07,08,09,10,13,14,34,06,,,,,1.43,0.74,1.22,4*01
1780395615.112,$GPGSV,3,1,10,10,23,330,19,18,81,174,42,23,41,007,38,24,38,044,39,1*64
1780395615.112,$GPGSV,3,2,10,28,17,208,22,29,15,180,21,32,32,273,39,41,64,233,43,1*69
1780395615.113,$GPGSV,3,3,10,42,70,217,42,50,55,115,37,1*62
1780395615.113,$GPGSV,2,1,06,10,23,330,15,18,81,174,41,23,41,007,36,24,38,044,33,6*6E
1780395615.114,$GPGSV,2,2,06,29,15,180,15,32,32,273,32,6*60
1780395615.115,$GPGSV,2,1,07,05,04,106,,12,14,118,,13,19,117,,15,10,048,,0*6D
1780395615.115,$GPGSV,2,2,07,15,10,048,,25,18,156,,27,05,291,,0*5D
1780395615.116,$GLGSV,2,1,07,65,22,014,26,66,28,319,24,75,21,072,12,76,28,132,34,1*72
1780395615.117,$GLGSV,2,2,07,81,26,323,22,87,22,170,22,88,66,255,43,1*4C
1780395615.117,$GLGSV,2,1,06,66,28,319,25,67,05,269,20,75,21,072,17,76,28,132,33,3*7B
1780395615.118,$GLGSV,2,2,06,81,26,323,24,88,66,255,41,3*72
1780395615.118,$GLGSV,1,1,01,77,09,176,,0*41
1780395615.119,$GAGSV,2,1,08,04,35,021,35,05,23,249,18,06,53,354,37,09,57,306,37,2*74
1780395615.120,$GAGSV,2,2,08,10,69,125,39,11,77,356,35,12,44,137,33,36,27,329,19,2*7C
1780395615.120,$GAGSV,3,1,09,04,35,021,37,05,23,249,21,06,53,354,40,09,57,306,40,7*79
1780395615.121,$GAGSV,3,2,09,10,69,125,40,11,77,356,36,12,44,137,34,28,15,037,30,7*7A
1780395615.121,$GAGSV,3,3,09,36,27,329,21,7*41
1780395615.122,$GAGSV,1,1,03,16,08,187,,23,00,090,,31,12,136,,0*4B
1780395615.123,$GBGSV,2,1,08,06,41,037,39,07,68,114,41,08,22,178,20,09,38,002,36,1*79
1780395615.123,$GBGSV,2,2,08,10,63,142,40,13,29,301,29,14,29,033,31,34,41,188,36,1*73
1780395615.124,$GBGSV,1,1,02,09,38,002,34,10,63,142,36,3*77
1780395615.125,$GBGSV,3,1,10,01,42,106,,02,63,244,,03,72,138,,04,22,095,,0*75
1780395615.125,$GBGSV,3,2,10,04,22,095,,21,14,054,,24,39,153,,25,04,201,,0*73
1780395615.126,$GBGSV,3,3,10,25,04,201,,26,38,090,,0*70
1780395615.126,$GNGLL,1339.09926,N,10029.56425,E,102015.00,A,D*73
1780395616.104,$GNRMC,102016.00,A,1339.09926,N,10029.56394,E,1.149,272.32,020626,0.53,W,R,V*52
1780395616.106,$GNVTG,272.32,T,272.85,M,1.149,N,2.128,K,D*30
1780395616.107,$GNGGA,102016.00,1339.09926,N,10029.56394,E,4,12,0.74,-1.0,M,-27.8,M,,0499*40
1780395616.107,$GNGSA,A,3,18,23,24,32,29,,,,,,,,1.43,0.74,1.22,1*01
1780395616.108,$GNGSA,A,3,66,87,88,76,81,65,,,,,,,1.43,0.74,1.22,2*02
1780395616.108,$GNGSA,A,3,28,12,04,06,09,10,11,36,,,,,1.43,0.74,1.22,3*01
1780395616.109,$GNGSA,A,3,07,09,10,13,14,34,06,,,,,,1.43,0.74,1.22,4*09
1780395616.109,$GPGSV,3,1,10,10,23,330,19,18,81,174,42,23,41,007,40,24,38,044,38,1*6A
1780395616.110,$GPGSV,3,2,10,28,17,208,21,29,15,180,23,32,32,273,39,41,64,233,42,1*69
1780395616.110,$GPGSV,3,3,10,42,70,217,41,50,55,115,35,1*63
1780395616.111,$GPGSV,2,1,06,10,23,330,15,18,81,174,41,23,41,007,35,24,38,044,34,6*6A
1780395616.112,$GPGSV,2,2,06,29,15,180,17,32,32,273,31,6*61
1780395616.112,$GPGSV,2,1,07,05,04,106,,12,14,118,,13,19,117,,15,10,048,,0*6D
1780395616.113,$GPGSV,2,2,07,15,10,048,,25,18,156,,27,05,291,,0*5D
1780395616.113,$GLGSV,2,1,07,65,22,014,28,66,28,319,24,75,21,072,11,76,28,132,36,1*7D
1780395616.114,$GLGSV,2,2,07,81,26,323,21,87,22,170,22,88,66,255,42,1*4E
1780395616.115,$GLGSV,2,1,06,66,28,319,26,67,05,269,20,75,21,072,16,76,28,132,33,3*79
1780395616.115,$GLGSV,2,2,06,81,26,323,24,88,66,255,41,3*72
1780395616.116,$GLGSV,1,1,01,77,09,176,,0*41
1780395616.116,$GAGSV,2,1,08,04,35,021,35,05,23,249,16,06,53,354,36,09,57,306,38,2*74
1780395616.117,$GAGSV,2,2,08,10,69,125,38,11,77,356,34,12,44,137,33,36,27,329,19,2*7C
1780395616.118,$GAGSV,3,1,09,04,35,021,37,05,23,249,18,06,53,354,39,09,57,306,39,7*73
1780395616.118,$GAGSV,3,2,09,10,69,125,40,11,77,356,36,12,44,137,35,28,15,037,29,7*73
1780395616.119,$GAGSV,3,3,09,36,27,329,20,7*40
1780395616.119,$GAGSV,1,1,03,16,08,187,,23,00,090,,31,12,136,,0*4B
1780395616.120,$GBGSV,2,1,08,06,41,037,39,07,68,114,41,08,22,178,19,09,38,002,36,1*73
1780395616.121,$GBGSV,2,2,08,10,63,142,40,13,29,301,33,14,29,033,30,34,41,188,36,1*79
1780395616.121,$GBGSV,1,1,02,09,38,002,33,10,63,142,36,3*70
1780395616.122,$GBGSV,3,1,10,01,42,106,,02,63,244,,03,72,138,,04,22,095,,0*75
1780395616.122,$GBGSV,3,2,10,04,22,095,,21,14,054,,24,39,153,,25,04,201,,0*73
1780395616.123,$GBGSV,3,3,10,25,04,201,,26,38,090,,0*70
1780395616.123,$GNGLL,1339.09926,N,10029.56394,E,102016.00,A,D*7D
1780395617.100,$GNRMC,102017.00,A,1339.09928,N,10029.56362,E,1.113,273.29,020626,0.53,W,R,V*50
1780395617.103,$GNVTG,273.29,T,273.82,M,1.113,N,2.061,K,D*3E
1780395617.105,$GNGGA,102017.00,1339.09928,N,10029.56362,E,4,12,0.74,-0.9,M,-27.8,M,,0499*4E
1780395617.107,$GNGSA,A,3,18,23,24,32,29,,,,,,,,1.43,0.74,1.22,1*01
1780395617.109,$GNGSA,A,3,66,87,88,76,81,65,,,,,,,1.43,0.74,1.22,2*02
1780395617.110,$GNGSA,A,3,28,12,04,06,09,10,11,,,,,,1.43,0.74,1.22,3*04
1780395617.112,$GNGSA,A,3,07,09,10,13,14,34,06,,,,,,1.43,0.74,1.22,4*09
1780395617.114,$GPGSV,3,1,10,10,23,330,18,18,81,174,42,23,41,007,38,24,38,043,38,1*63
1780395617.116,$GPGSV,3,2,10,28,17,208,21,29,15,180,22,32,32,273,39,41,64,233,42,1*68
1780395617.117,$GPGSV,3,3,10,42,70,217,42,50,55,115,37,1*62
1780395617.120,$GPGSV,2,1,06,10,23,330,16,18,81,174,42,23,41,007,36,24,38,043,33,6*69
1780395617.121,$GPGSV,2,2,06,29,15,180,17,32,32,273,32,6*62
1780395617.123,$GPGSV,2,1,07,05,04,106,,12,14,118,,13,19,117,,15,10,048,,0*6D
1780395617.125,$GPGSV,2,2,07,15,10,048,,25,18,156,,27,05,291,,0*5D
1780395617.127,$GLGSV,2,1,07,65,22,014,30,66,28,319,23,75,21,072,14,76,28,132,36,1*76
1780395617.128,$GLGSV,2,2,07,81,26,323,21,87,22,170,21,88,66,255,41,1*4E
1780395617.130,$GLGSV,2,1,06,66,28,319,26,67,05,269,20,75,21,072,17,76,28,132,34,3*7F
1780395617.131,$GLGSV,2,2,06,81,26,323,24,88,66,255,42,3*71
1780395617.132,$GLGSV,1,1,01,77,09,176,,0*41
1780395617.133,$GAGSV,2,1,08,04,35,021,34,05,23,249,13,06,53,354,37,09,57,306,38,2*71
1780395617.134,$GAGSV,2,2,08,10,69,125,38,11,77,356,34,12,44,137,33,36,27,329,17,2*72
1780395617.134,$GAGSV,3,1,09,04,35,021,36,05,23,249,16,06,53,354,39,09,57,306,40,7*72
1780395617.135,$GAGSV,3,2,09,10,69,125,40,11,77,356,36,12,44,137,35,28,15,037,29,7*73
1780395617.135,$GAGSV,3,3,09,36,27,329,19,7*4A
1780395617.136,$GAGSV,1,1,03,16,08,187,,23,00,090,,31,12,136,,0*4B
1780395617.136,$GBGSV,2,1,08,06,41,037,39,07,68,114,41,08,22,178,19,09,38,002,37,1*72
1780395617.137,$GBGSV,2,2,08,10,63,142,40,13,29,301,36,14,29,033,29,34,41,188,36,1*74
1780395617.138,$GBGSV,1,1,02,09,38,002,32,10,63,142,36,3*71
1780395617.138,$GBGSV,3,1,10,01,42,106,,02,63,244,,03,72,138,,04,22,095,,0*75
1780395617.139,$GBGSV,3,2,10,04,22,095,,21,14,054,,24,39,153,,25,04,201,,0*73
1780395617.139,$GBGSV,3,3,10,25,04,201,,26,38,090,,0*70
1780395617.140,$GNGLL,1339.09928,N,10029.56362,E,102017.00,A,D*7B
1780395618.101,$GNRMC,102018.00,A,1339.09930,N,10029.56329,E,1.079,274.86,020626,0.53,W,R,V*56
1780395618.103,$GNVTG,274.86,T,275.39,M,1.079,N,1.998,K,D*3B
1780395618.105,$GNGGA,102018.00,1339.09930,N,10029.56329,E,4,12,0.74,-1.0,M,-27.8,M,,0499*4F
1780395618.106,$GNGSA,A,3,18,23,24,32,29,,,,,,,,1.43,0.74,1.22,1*01
1780395618.106,$GNGSA,A,3,66,88,76,81,65,,,,,,,,1.43,0.74,1.22,2*0D
1780395618.107,$GNGSA,A,3,28,12,04,06,09,10,11,,,,,,1.43,0.74,1.22,3*04
1780395618.107,$GNGSA,A,3,07,08,09,10,13,14,34,06,,,,,1.43,0.74,1.22,4*01
1780395618.108,$GPGSV,3,1,09,18,81,174,42,23,41,007,40,24,38,043,39,28,17,208,23,1*6B
1780395618.108,$GPGSV,3,2,09,29,15,180,22,32,32,273,38,41,64,233,42,42,70,217,41,1*64
1780395618.109,$GPGSV,3,3,09,50,55,115,37,1*59
1780395618.109,$GPGSV,2,1,06,10,23,330,17,18,81,174,42,23,41,007,35,24,38,043,34,6*6C
1780395618.110,$GPGSV,2,2,06,29,15,180,16,32,32,273,32,6*63
1780395618.110,$GPGSV,2,1,07,05,04,106,,12,14,118,,13,19,117,,15,10,048,,0*6D
1780395618.111,$GPGSV,2,2,07,15,10,048,,25,18,156,,27,05,291,,0*5D
1780395618.112,$GLGSV,2,1,07,65,22,014,29,66,28,319,23,75,21,072,16,76,28,132,34,1*7E
1780395618.112,$GLGSV,2,2,07,81,26,323,20,87,22,170,19,88,66,255,41,1*44
1780395618.113,$GLGSV,2,1,06,66,28,319,25,67,05,269,19,75,21,072,17,76,28,132,34,3*76
1780395618.113,$GLGSV,2,2,06,81,26,323,25,88,66,255,41,3*73
1780395618.114,$GLGSV,1,1,01,77,09,176,,0*41
1780395618.114,$GAGSV,2,1,07,04,35,021,34,06,53,354,37,09,57,306,38,10,69,125,38,2*74
1780395618.116,$GAGSV,2,2,07,11,77,356,35,12,44,137,33,36,27,329,17,2*4F
1780395618.116,$GAGSV,3,1,09,04,35,021,36,05,23,249,17,06,53,354,39,09,57,306,40,7*73
1780395618.117,$GAGSV,3,2,09,10,69,125,40,11,77,356,36,12,44,137,35,28,15,037,27,7*7D
1780395618.117,$GAGSV,3,3,09,36,27,329,18,7*4B
1780395618.118,$GAGSV,1,1,03,16,08,187,,23,00,090,,31,12,136,,0*4B
1780395618.119,$GBGSV,2,1,08,06,41,037,39,07,68,114,41,08,22,178,20,09,38,002,35,1*7A
1780395618.119,$GBGSV,2,2,08,10,63,142,40,13,29,301,33,14,29,033,27,34,41,188,36,1*7F
1780395618.120,$GBGSV,1,1,02,09,38,002,31,10,63,142,36,3*72
1780395618.120,$GBGSV,3,1,10,01,42,106,,02,63,244,,03,72,138,,04,22,095,,0*75
1780395618.121,$GBGSV,3,2,10,04,22,095,,21,14,054,,24,39,153,,25,04,201,,0*73
1780395618.121,$GBGSV,3,3,10,25,04,201,,26,38,090,,0*70
1780395618.122,$GNGLL,1339.09930,N,10029.56329,E,102018.00,A,D*72
1780395619.103,$GNRMC,102019.00,A,1339.09932,N,10029.56298,E,1.120,274.12,020626,0.53,W,R,V*5E
1780395619.106,$GNVTG,274.12,T,274.65,M,1.120,N,2.075,K,D*3A
1780395619.108,$GNGGA,102019.00,1339.09932,N,10029.56298,E,4,12,0.74,-1.0,M,-27.8,M,,0499*47
1780395619.110,$GNGSA,A,3,18,23,24,32,29,,,,,,,,1.43,0.74,1.22,1*01
1780395619.112,$GNGSA,A,3,66,88,76,81,65,,,,,,,,1.43,0.74,1.22,2*0D
1780395619.113,$GNGSA,A,3,28,12,04,06,09,10,11,,,,,,1.43,0.74,1.22,3*04
1780395619.115,$GNGSA,A,3,07,08,09,10,13,14,34,06,,,,,1.43,0.74,1.22,4*01
1780395619.117,$GPGSV,3,1,10,10,23,330,24,18,81,174,42,23,41,007,39,24,38,043,39,1*6C
1780395619.119,$GPGSV,3,2,10,28,17,208,22,29,15,180,21,32,32,273,38,41,64,233,41,1*6A
1780395619.121,$GPGSV,3,3,10,42,70,217,41,50,55,115,37,1*61
1780395619.123,$GPGSV,2,1,06,10,23,330,15,18,81,174,41,23,41,007,36,24,38,043,33,6*69
1780395619.124,$GPGSV,2,2,06,29,15,180,15,32,32,273,30,6*62
1780395619.126,$GPGSV,2,1,07,05,04,106,,12,14,118,,13,19,117,,15,10,048,,0*6D
1780395619.128,$GPGSV,2,2,07,15,10,048,,25,18,156,,27,05,291,,0*5D
1780395619.130,$GLGSV,2,1,07,65,22,014,29,66,28,319,21,75,21,072,14,76,28,132,35,1*7F
1780395619.132,$GLGSV,2,2,07,81,26,323,21,87,22,170,19,88,66,255,41,1*45
1780395619.133,$GLGSV,2,1,06,66,28,319,26,67,05,269,19,75,21,072,18,76,28,132,35,3*7B
1780395619.134,$GLGSV,2,2,06,81,26,323,23,88,66,255,41,3*75
1780395619.135,$GLGSV,1,1,01,77,09,176,,0*41
1780395619.137,$GAGSV,2,1,07,04,35,021,34,06,53,354,38,09,57,306,38,10,69,125,38,2*7B
1780395619.138,$GAGSV,2,2,07,11,77,356,35,12,44,137,33,36,27,329,16,2*4E
1780395619.139,$GAGSV,3,1,09,04,35,021,36,05,23,249,17,06,53,354,40,09,57,306,40,7*7D
1780395619.140,$GAGSV,3,2,09,10,69,125,40,11,77,356,36,12,44,137,35,28,15,037,25,7*7F
1780395619.140,$GAGSV,3,3,09,36,27,329,18,7*4B
1780395619.141,$GAGSV,1,1,03,16,08,187,,23,00,090,,31,12,136,,0*4B
1780395619.142,$GBGSV,2,1,08,06,41,037,39,07,68,114,42,08,22,178,20,09,38,002,35,1*79
1780395619.143,$GBGSV,2,2,08,10,63,142,40,13,29,301,33,14,29,033,27,34,41,188,35,1*7C
1780395619.144,$GBGSV,1,1,02,09,38,002,33,10,63,142,36,3*70
1780395619.145,$GBGSV,3,1,10,01,42,106,,02,63,244,,03,72,138,,04,22,095,,0*75
1780395619.145,$GBGSV,3,2,10,04,22,095,,21,14,054,,24,39,153,,25,04,201,,0*73
1780395619.146,$GBGSV,3,3,10,25,04,201,,26,38,090,,0*70
1780395619.147,$GNGLL,1339.09932,N,10029.56298,E,102019.00,A,D*7A
1780395620.103,$GNRMC,102020.00,A,1339.09934,N,10029.56265,E,1.102,276.14,020626,0.53,W,R,V*54
1780395620.105,$GNVTG,276.14,T,276.67,M,1.102,N,2.041,K,D*39
1780395620.107,$GNGGA,102020.00,1339.09934,N,10029.56265,E,4,12,0.74,-1.0,M,-27.8,M,,0499*49
1780395620.107,$GNGSA,A,3,18,23,24,32,29,,,,,,,,1.43,0.74,1.22,1*01
1780395620.108,$GNGSA,A,3,66,87,88,76,81,65,,,,,,,1.43,0.74,1.22,2*02
1780395620.108,$GNGSA,A,3,28,12,04,06,09,10,11,,,,,,1.43,0.74,1.22,3*04
1780395620.109,$GNGSA,A,3,07,08,09,10,13,14,34,06,,,,,1.43,0.74,1.22,4*01
1780395620.110,$GPGSV,3,1,10,10,23,330,22,18,81,174,42,23,41,007,39,24,38,043,38,1*6B
1780395620.110,$GPGSV,3,2,10,28,17,208,22,29,15,180,22,32,32,273,36,41,64,233,41,1*67
1780395620.111,$GPGSV,3,3,10,42,70,217,40,50,55,115,37,1*60
1780395620.112,$GPGSV,2,1,07,10,23,330,14,18,81,174,41,23,41,007,36,24,38,043,33,6*69
1780395620.112,$GPGSV,2,2,07,25,18,156,17,29,15,180,16,32,32,273,32,6*58
1780395620.113,$GPGSV,2,1,06,05,04,106,,12,14,118,,13,19,117,,15,10,048,,0*6C
1780395620.113,$GPGSV,2,2,06,15,10,048,,27,05,290,,0*61
1780395620.114,$GLGSV,2,1,07,65,22,014,29,66,28,319,20,75,21,072,14,76,28,132,36,1*7D
1780395620.115,$GLGSV,2,2,07,81,26,323,22,87,22,170,20,88,66,255,41,1*4C
1780395620.115,$GLGSV,2,1,06,66,28,319,25,67,05,269,20,75,21,072,17,76,28,132,36,3*7E
1780395620.116,$GLGSV,2,2,06,81,26,323,21,88,66,255,41,3*77
1780395620.116,$GLGSV,1,1,01,77,09,176,,0*41
1780395620.117,$GAGSV,2,1,07,04,35,021,34,06,53,354,39,09,57,306,38,10,69,125,38,2*7A
1780395620.117,$GAGSV,2,2,07,11,77,356,35,12,44,137,33,36,27,329,17,2*4F
1780395620.118,$GAGSV,3,1,09,04,35,021,36,05,23,249,17,06,53,354,39,09,57,306,40,7*73
1780395620.119,$GAGSV,3,2,09,10,69,125,38,11,77,356,37,12,44,137,35,28,15,037,23,7*77
1780395620.119,$GAGSV,3,3,09,36,27,329,17,7*44
1780395620.120,$GAGSV,1,1,03,16,08,187,,23,00,090,,31,12,136,,0*4B
1780395620.120,$GBGSV,2,1,08,06,41,037,39,07,68,114,41,08,22,178,27,09,38,002,36,1*7E
1780395620.121,$GBGSV,2,2,08,10,63,142,40,13,29,301,32,14,29,033,28,34,41,188,35,1*72
1780395620.121,$GBGSV,1,1,02,09,38,002,34,10,63,142,36,3*77
1780395620.122,$GBGSV,3,1,10,01,42,106,,02,63,244,,03,72,138,,04,22,095,,0*75
1780395620.123,$GBGSV,3,2,10,04,22,095,,21,14,054,,24,39,153,,25,04,201,,0*73
1780395620.124,$GBGSV,3,3,10,25,04,201,,26,38,090,,0*70
1780395620.124,$GNGLL,1339.09934,N,10029.56265,E,102020.00,A,D*74
1780395621.106,$GNRMC,102021.00,A,1339.09938,N,10029.56235,E,1.087,277.87,020626,0.53,W,R,V*5B
1780395621.108,$GNVTG,277.87,T,278.40,M,1.087,N,2.013,K,D*32
1780395621.110,$GNGGA,102021.00,1339.09938,N,10029.56235,E,4,12,0.74,-1.0,M,-27.8,M,,0499*41
1780395621.110,$GNGSA,A,3,18,23,24,32,29,,,,,,,,1.43,0.74,1.22,1*01
1780395621.111,$GNGSA,A,3,66,87,88,76,81,65,,,,,,,1.43,0.74,1.22,2*02
1780395621.111,$GNGSA,A,3,28,12,04,06,09,10,11,,,,,,1.43,0.74,1.22,3*04
1780395621.112,$GNGSA,A,3,07,08,09,10,13,14,34,06,,,,,1.43,0.74,1.22,4*01
1780395621.112,$GPGSV,3,1,11,10,23,330,21,18,81,174,42,23,41,007,39,24,38,043,36,1*67
1780395621.113,$GPGSV,3,2,11,25,18,156,18,28,18,208,21,29,15,180,22,32,32,273,36,1*6F
1780395621.114,$GPGSV,3,3,11,41,64,233,41,42,70,217,41,50,55,115,36,1*51
1780395621.114,$GPGSV,2,1,07,10,23,330,15,18,81,174,42,23,41,007,35,24,38,043,34,6*6F
1780395621.115,$GPGSV,2,2,07,25,18,156,17,29,15,180,16,32,32,273,32,6*58
1780395621.116,$GPGSV,2,1,06,05,04,106,,12,14,118,,13,19,117,,15,10,048,,0*6C
1780395621.116,$GPGSV,2,2,06,15,10,048,,27,05,290,,0*61
1780395621.117,$GLGSV,2,1,07,65,22,014,29,66,28,319,21,75,21,072,13,76,28,132,38,1*75
1780395621.118,$GLGSV,2,2,07,81,26,323,22,87,22,170,21,88,66,255,42,1*4E
1780395621.118,$GLGSV,2,1,06,66,28,319,27,67,05,269,21,75,21,072,16,76,28,132,35,3*7F
1780395621.119,$GLGSV,2,2,06,81,26,323,23,88,66,255,41,3*75
1780395621.119,$GLGSV,1,1,01,77,09,176,,0*41
1780395621.120,$GAGSV,2,1,07,04,35,021,34,06,53,354,38,09,57,306,38,10,69,125,38,2*7B
1780395621.121,$GAGSV,2,2,07,11,77,356,35,12,44,137,33,36,27,329,14,2*4C
1780395621.121,$GAGSV,3,1,09,04,35,021,36,05,23,249,19,06,53,354,39,09,57,306,40,7*7D
1780395621.122,$GAGSV,3,2,09,10,69,125,40,11,77,356,37,12,44,137,35,28,15,037,23,7*78
1780395621.122,$GAGSV,3,3,09,36,27,329,16,7*45
1780395621.123,$GAGSV,1,1,03,16,08,187,,23,00,090,,31,12,136,,0*4B
1780395621.123,$GBGSV,2,1,08,06,41,037,38,07,68,114,40,08,22,178,20,09,38,002,37,1*78
1780395621.124,$GBGSV,2,2,08,10,63,142,39,13,29,301,33,14,29,033,32,34,41,188,36,1*75
1780395621.125,$GBGSV,1,1,02,09,38,002,33,10,63,142,36,3*70
1780395621.125,$GBGSV,3,1,10,01,42,106,,02,63,244,,03,72,138,,04,22,095,,0*75
1780395621.126,$GBGSV,3,2,10,04,22,095,,21,14,054,,24,39,153,,25,04,201,,0*73
1780395621.126,$GBGSV,3,3,10,25,04,201,,26,38,090,,0*70
1780395621.127,$GNGLL,1339.09938,N,10029.56235,E,102021.00,A,D*7C
1780395622.104,$GNRMC,102022.00,A,1339.09941,N,10029.56204,E,1.180,278.00,020626,0.53,W,R,V*52
1780395622.106,$GNVTG,278.00,T,278.53,M,1.180,N,2.185,K,D*38
1780395622.108,$GNGGA,102022.00,1339.09941,N,10029.56204,E,4,12,0.74,-1.0,M,-27.8,M,,0499*4E
1780395622.108,$GNGSA,A,3,18,23,24,32,29,,,,,,,,1.43,0.74,1.22,1*01
1780395622.109,$GNGSA,A,3,66,87,88,76,81,65,,,,,,,1.43,0.74,1.22,2*02
1780395622.109,$GNGSA,A,3,28,12,04,06,09,10,11,,,,,,1.43,0.74,1.22,3*04
1780395622.110,$GNGSA,A,3,07,08,09,10,13,14,34,06,,,,,1.43,0.74,1.22,4*01
1780395622.110,$GPGSV,3,1,11,10,23,330,19,18,81,174,42,23,41,007,39,24,38,043,38,1*62
1780395622.111,$GPGSV,3,2,11,25,18,156,18,28,18,208,21,29,14,180,22,32,32,273,37,1*6F
1780395622.111,$GPGSV,3,3,11,41,64,233,42,42,70,217,41,50,55,115,37,1*53
1780395622.112,$GPGSV,2,1,07,10,23,330,17,18,81,174,42,23,41,007,36,24,38,043,33,6*69
1780395622.113,$GPGSV,2,2,07,25,18,156,17,29,14,180,14,32,32,273,31,6*58
1780395622.113,$GPGSV,2,1,06,05,04,106,,12,14,118,,13,19,117,,15,10,048,,0*6C
1780395622.114,$GPGSV,2,2,06,15,10,048,,27,05,290,,0*61
1780395622.115,$GLGSV,2,1,07,65,22,014,27,66,28,319,22,75,21,072,13,76,28,132,34,1*74
1780395622.115,$GLGSV,2,2,07,81,26,323,21,87,22,170,22,88,66,255,42,1*4E
1780395622.116,$GLGSV,2,1,06,66,28,319,25,67,05,269,20,75,21,072,15,76,28,132,36,3*7C
1780395622.117,$GLGSV,2,2,06,81,26,323,23,88,66,255,40,3*74
1780395622.117,$GLGSV,1,1,01,77,09,176,,0*41
1780395622.118,$GAGSV,2,1,07,04,35,021,35,06,53,354,38,09,57,306,38,10,69,125,38,2*7A
1780395622.118,$GAGSV,2,2,07,11,77,356,35,12,44,137,33,36,27,329,12,2*4A
1780395622.119,$GAGSV,3,1,09,04,35,021,36,05,23,249,18,06,53,354,38,09,57,306,39,7*73
1780395622.120,$GAGSV,3,2,09,10,69,125,40,11,77,356,36,12,44,137,35,28,15,037,21,7*7B
1780395622.120,$GAGSV,3,3,09,36,27,329,17,7*44
1780395622.121,$GAGSV,1,1,03,16,08,187,,23,00,090,,31,12,136,,0*4B
1780395622.121,$GBGSV,2,1,08,06,41,037,38,07,68,114,41,08,22,178,20,09,38,002,37,1*79
1780395622.122,$GBGSV,2,2,08,10,63,142,40,13,29,301,39,14,29,033,32,34,41,188,37,1*70
1780395622.123,$GBGSV,1,1,02,09,38,002,32,10,63,142,36,3*71
1780395622.123,$GBGSV,3,1,10,01,42,106,,02,63,244,,03,72,138,,04,22,095,,0*75
1780395622.124,$GBGSV,3,2,10,04,22,095,,21,14,054,,24,39,153,,25,04,201,,0*73
1780395622.124,$GBGSV,3,3,10,25,04,201,,26,38,090,,0*70
1780395622.125,$GNGLL,1339.09941,N,10029.56204,E,102022.00,A,D*73
