timestamp,sentence,sat_id,elevation,snr_db
2026-06-02T17:14:20.132127,$GPGSV,10,,26
2026-06-02T17:14:20.132127,$GPGSV,18,,46
2026-06-02T17:14:20.132127,$GPGSV,23,,43
2026-06-02T17:14:20.132127,$GPGSV,24,,36
2026-06-02T17:14:20.132867,$GPGSV,28,,08
2026-06-02T17:14:20.132867,$GPGSV,32,,39
2026-06-02T17:14:20.132867,$GPGSV,40,,37
2026-06-02T17:14:20.132867,$GPGSV,41,,44
2026-06-02T17:14:20.133274,$GPGSV,42,,45
2026-06-02T17:14:20.133996,$GPGSV,10,,33
2026-06-02T17:14:20.133996,$GPGSV,18,,47
2026-06-02T17:14:20.133996,$GPGSV,23,,40
2026-06-02T17:14:20.133996,$GPGSV,24,,27
2026-06-02T17:14:20.134394,$GPGSV,32,,40
2026-06-02T17:14:20.136282,$GLGSV,65,,40
2026-06-02T17:14:20.136282,$GLGSV,66,,34
2026-06-02T17:14:20.136282,$GLGSV,75,,16
2026-06-02T17:14:20.136282,$GLGSV,76,,19
2026-06-02T17:14:20.136854,$GLGSV,81,,34
2026-06-02T17:14:20.136854,$GLGSV,87,,19
2026-06-02T17:14:20.136854,$GLGSV,88,,47
2026-06-02T17:14:20.137538,$GLGSV,66,,39
2026-06-02T17:14:20.137538,$GLGSV,75,,26
2026-06-02T17:14:20.137538,$GLGSV,76,,31
2026-06-02T17:14:20.137538,$GLGSV,81,,43
2026-06-02T17:14:20.138018,$GLGSV,88,,45
2026-06-02T17:14:20.139062,$GAGSV,04,,42
2026-06-02T17:14:20.139062,$GAGSV,05,,32
2026-06-02T17:14:20.139062,$GAGSV,06,,46
2026-06-02T17:14:20.139062,$GAGSV,09,,31
2026-06-02T17:14:20.139696,$GAGSV,10,,47
2026-06-02T17:14:20.139696,$GAGSV,11,,43
2026-06-02T17:14:20.139696,$GAGSV,12,,43
2026-06-02T17:14:20.139696,$GAGSV,28,,22
2026-06-02T17:14:20.140204,$GAGSV,36,,38
2026-06-02T17:14:20.141230,$GAGSV,04,,38
2026-06-02T17:14:20.141230,$GAGSV,05,,37
2026-06-02T17:14:20.141230,$GAGSV,06,,41
2026-06-02T17:14:20.141230,$GAGSV,09,,26
2026-06-02T17:14:20.142295,$GAGSV,10,,44
2026-06-02T17:14:20.142295,$GAGSV,11,,40
2026-06-02T17:14:20.142295,$GAGSV,12,,41
2026-06-02T17:14:20.142295,$GAGSV,28,,25
2026-06-02T17:14:20.142719,$GAGSV,36,,36
2026-06-02T17:14:20.144113,$GBGSV,06,,41
2026-06-02T17:14:20.144113,$GBGSV,07,,45
2026-06-02T17:14:20.144113,$GBGSV,08,,28
2026-06-02T17:14:20.144113,$GBGSV,09,,42
2026-06-02T17:14:20.144746,$GBGSV,10,,45
2026-06-02T17:14:20.144746,$GBGSV,13,,35
2026-06-02T17:14:20.144746,$GBGSV,14,,36
2026-06-02T17:14:20.144746,$GBGSV,34,,46
2026-06-02T17:14:20.145185,$GBGSV,09,,41
2026-06-02T17:14:20.145185,$GBGSV,10,,43
2026-06-02T17:14:21.135645,$GPGSV,10,,26
2026-06-02T17:14:21.135645,$GPGSV,18,,46
2026-06-02T17:14:21.135645,$GPGSV,23,,43
2026-06-02T17:14:21.135645,$GPGSV,24,,35
2026-06-02T17:14:21.137918,$GPGSV,28,,09
2026-06-02T17:14:21.137918,$GPGSV,32,,39
2026-06-02T17:14:21.137918,$GPGSV,40,,37
2026-06-02T17:14:21.137918,$GPGSV,41,,44
2026-06-02T17:14:21.139205,$GPGSV,42,,45
2026-06-02T17:14:21.140723,$GPGSV,10,,32
2026-06-02T17:14:21.140723,$GPGSV,18,,47
2026-06-02T17:14:21.140723,$GPGSV,23,,40
2026-06-02T17:14:21.140723,$GPGSV,24,,27
2026-06-02T17:14:21.141480,$GPGSV,32,,40
2026-06-02T17:14:21.145056,$GLGSV,65,,40
2026-06-02T17:14:21.145056,$GLGSV,66,,34
2026-06-02T17:14:21.145056,$GLGSV,75,,11
2026-06-02T17:14:21.145056,$GLGSV,76,,19
2026-06-02T17:14:21.146214,$GLGSV,81,,34
2026-06-02T17:14:21.146214,$GLGSV,87,,20
2026-06-02T17:14:21.146214,$GLGSV,88,,47
2026-06-02T17:14:21.148024,$GLGSV,66,,39
2026-06-02T17:14:21.148024,$GLGSV,75,,26
2026-06-02T17:14:21.148024,$GLGSV,76,,31
2026-06-02T17:14:21.148024,$GLGSV,81,,43
2026-06-02T17:14:21.149498,$GLGSV,88,,45
2026-06-02T17:14:21.152449,$GAGSV,04,,42
2026-06-02T17:14:21.152449,$GAGSV,05,,32
2026-06-02T17:14:21.152449,$GAGSV,06,,46
2026-06-02T17:14:21.152449,$GAGSV,09,,32
2026-06-02T17:14:21.154131,$GAGSV,10,,48
2026-06-02T17:14:21.154131,$GAGSV,11,,43
2026-06-02T17:14:21.154131,$GAGSV,12,,44
2026-06-02T17:14:21.154131,$GAGSV,28,,23
2026-06-02T17:14:21.154934,$GAGSV,36,,39
2026-06-02T17:14:21.155873,$GAGSV,04,,39
2026-06-02T17:14:21.155873,$GAGSV,05,,37
2026-06-02T17:14:21.155873,$GAGSV,06,,41
2026-06-02T17:14:21.155873,$GAGSV,09,,26
2026-06-02T17:14:21.156821,$GAGSV,10,,44
2026-06-02T17:14:21.156821,$GAGSV,11,,40
2026-06-02T17:14:21.156821,$GAGSV,12,,41
2026-06-02T17:14:21.156821,$GAGSV,28,,25
2026-06-02T17:14:21.157311,$GAGSV,36,,36
2026-06-02T17:14:21.158803,$GBGSV,06,,41
2026-06-02T17:14:21.158803,$GBGSV,07,,45
2026-06-02T17:14:21.158803,$GBGSV,08,,28
2026-06-02T17:14:21.158803,$GBGSV,09,,42
2026-06-02T17:14:21.159575,$GBGSV,10,,45
2026-06-02T17:14:21.159575,$GBGSV,13,,35
2026-06-02T17:14:21.159575,$GBGSV,14,,36
2026-06-02T17:14:21.159575,$GBGSV,34,,46
2026-06-02T17:14:21.160049,$GBGSV,09,,41
2026-06-02T17:14:21.160049,$GBGSV,10,,44
2026-06-02T17:14:22.131049,$GPGSV,10,,26
2026-06-02T17:14:22.131049,$GPGSV,18,,45
2026-06-02T17:14:22.131049,$GPGSV,23,,43
2026-06-02T17:14:22.131049,$GPGSV,24,,35
2026-06-02T17:14:22.131659,$GPGSV,28,,08
2026-06-02T17:14:22.131659,$GPGSV,32,,39
2026-06-02T17:14:22.131659,$GPGSV,40,,37
2026-06-02T17:14:22.131659,$GPGSV,41,,45
2026-06-02T17:14:22.131998,$GPGSV,42,,45
2026-06-02T17:14:22.132583,$GPGSV,10,,32
2026-06-02T17:14:22.132583,$GPGSV,18,,47
2026-06-02T17:14:22.132583,$GPGSV,23,,40
2026-06-02T17:14:22.132583,$GPGSV,24,,26
2026-06-02T17:14:22.132919,$GPGSV,32,,40
2026-06-02T17:14:22.134569,$GLGSV,65,,40
2026-06-02T17:14:22.134569,$GLGSV,66,,34
2026-06-02T17:14:22.134569,$GLGSV,76,,18
2026-06-02T17:14:22.134569,$GLGSV,81,,34
2026-06-02T17:14:22.134969,$GLGSV,87,,20
2026-06-02T17:14:22.134969,$GLGSV,88,,47
2026-06-02T17:14:22.135533,$GLGSV,66,,39
2026-06-02T17:14:22.135533,$GLGSV,75,,26
2026-06-02T17:14:22.135533,$GLGSV,76,,31
2026-06-02T17:14:22.135533,$GLGSV,81,,43
2026-06-02T17:14:22.135857,$GLGSV,88,,45
2026-06-02T17:14:22.136781,$GAGSV,04,,41
2026-06-02T17:14:22.136781,$GAGSV,05,,31
2026-06-02T17:14:22.136781,$GAGSV,06,,45
2026-06-02T17:14:22.136781,$GAGSV,09,,30
2026-06-02T17:14:22.137354,$GAGSV,10,,46
2026-06-02T17:14:22.137354,$GAGSV,11,,42
2026-06-02T17:14:22.137354,$GAGSV,12,,42
2026-06-02T17:14:22.137354,$GAGSV,28,,22
2026-06-02T17:14:22.137684,$GAGSV,36,,38
2026-06-02T17:14:22.138246,$GAGSV,04,,39
2026-06-02T17:14:22.138246,$GAGSV,05,,37
2026-06-02T17:14:22.138246,$GAGSV,06,,41
2026-06-02T17:14:22.138246,$GAGSV,09,,26
2026-06-02T17:14:22.138812,$GAGSV,10,,44
2026-06-02T17:14:22.138812,$GAGSV,11,,40
2026-06-02T17:14:22.138812,$GAGSV,12,,41
2026-06-02T17:14:22.138812,$GAGSV,28,,24
2026-06-02T17:14:22.139134,$GAGSV,36,,36
2026-06-02T17:14:22.140548,$GBGSV,06,,41
2026-06-02T17:14:22.140548,$GBGSV,07,,45
2026-06-02T17:14:22.140548,$GBGSV,08,,28
2026-06-02T17:14:22.140548,$GBGSV,09,,42
2026-06-02T17:14:22.141271,$GBGSV,10,,45
2026-06-02T17:14:22.141271,$GBGSV,13,,35
2026-06-02T17:14:22.141271,$GBGSV,14,,36
2026-06-02T17:14:22.141271,$GBGSV,34,,46
2026-06-02T17:14:22.141848,$GBGSV,09,,41
2026-06-02T17:14:22.141848,$GBGSV,10,,43
2026-06-02T17:14:23.132937,$GPGSV,10,,26
2026-06-02T17:14:23.132937,$GPGSV,18,,45
2026-06-02T17:14:23.132937,$GPGSV,23,,43
2026-06-02T17:14:23.132937,$GPGSV,24,,35
2026-06-02T17:14:23.135190,$GPGSV,28,,08
2026-06-02T17:14:23.135190,$GPGSV,32,,39
2026-06-02T17:14:23.135190,$GPGSV,40,,37
2026-06-02T17:14:23.135190,$GPGSV,41,,44
2026-06-02T17:14:23.136466,$GPGSV,42,,45
2026-06-02T17:14:23.138639,$GPGSV,10,,32
2026-06-02T17:14:23.138639,$GPGSV,18,,47
2026-06-02T17:14:23.138639,$GPGSV,23,,40
2026-06-02T17:14:23.138639,$GPGSV,24,,27
2026-06-02T17:14:23.139901,$GPGSV,32,,40
2026-06-02T17:14:23.146054,$GLGSV,65,,40
2026-06-02T17:14:23.146054,$GLGSV,66,,34
2026-06-02T17:14:23.146054,$GLGSV,76,,17
2026-06-02T17:14:23.146054,$GLGSV,81,,35
2026-06-02T17:14:23.147528,$GLGSV,87,,21
2026-06-02T17:14:23.147528,$GLGSV,88,,47
2026-06-02T17:14:23.148925,$GLGSV,66,,39
2026-06-02T17:14:23.148925,$GLGSV,75,,27
2026-06-02T17:14:23.148925,$GLGSV,76,,30
2026-06-02T17:14:23.148925,$GLGSV,81,,42
2026-06-02T17:14:23.149753,$GLGSV,88,,45
2026-06-02T17:14:23.152018,$GAGSV,04,,41
2026-06-02T17:14:23.152018,$GAGSV,05,,31
2026-06-02T17:14:23.152018,$GAGSV,06,,45
2026-06-02T17:14:23.152018,$GAGSV,09,,30
2026-06-02T17:14:23.153138,$GAGSV,10,,46
2026-06-02T17:14:23.153138,$GAGSV,11,,42
2026-06-02T17:14:23.153138,$GAGSV,12,,43
2026-06-02T17:14:23.153138,$GAGSV,28,,22
2026-06-02T17:14:23.153746,$GAGSV,36,,38
2026-06-02T17:14:23.154797,$GAGSV,04,,39
2026-06-02T17:14:23.154797,$GAGSV,05,,37
2026-06-02T17:14:23.154797,$GAGSV,06,,41
2026-06-02T17:14:23.154797,$GAGSV,09,,26
2026-06-02T17:14:23.155968,$GAGSV,10,,44
2026-06-02T17:14:23.155968,$GAGSV,11,,40
2026-06-02T17:14:23.155968,$GAGSV,12,,41
2026-06-02T17:14:23.155968,$GAGSV,28,,24
2026-06-02T17:14:23.156683,$GAGSV,36,,36
2026-06-02T17:14:23.158303,$GBGSV,06,,41
2026-06-02T17:14:23.158303,$GBGSV,07,,45
2026-06-02T17:14:23.158303,$GBGSV,08,,29
2026-06-02T17:14:23.158303,$GBGSV,09,,42
2026-06-02T17:14:23.159135,$GBGSV,10,,45
2026-06-02T17:14:23.159135,$GBGSV,13,,35
2026-06-02T17:14:23.159135,$GBGSV,14,,36
2026-06-02T17:14:23.159135,$GBGSV,34,,46
2026-06-02T17:14:23.159729,$GBGSV,09,,41
2026-06-02T17:14:23.159729,$GBGSV,10,,43
2026-06-02T17:14:24.133451,$GPGSV,10,,27
2026-06-02T17:14:24.133451,$GPGSV,18,,46
2026-06-02T17:14:24.133451,$GPGSV,23,,43
2026-06-02T17:14:24.133451,$GPGSV,24,,34
2026-06-02T17:14:24.134228,$GPGSV,28,,08
2026-06-02T17:14:24.134228,$GPGSV,32,,40
2026-06-02T17:14:24.134228,$GPGSV,40,,37
2026-06-02T17:14:24.134228,$GPGSV,41,,44
2026-06-02T17:14:24.134645,$GPGSV,42,,45
2026-06-02T17:14:24.135358,$GPGSV,10,,31
2026-06-02T17:14:24.135358,$GPGSV,18,,47
2026-06-02T17:14:24.135358,$GPGSV,23,,40
2026-06-02T17:14:24.135358,$GPGSV,24,,27
2026-06-02T17:14:24.135749,$GPGSV,32,,40
2026-06-02T17:14:24.137644,$GLGSV,65,,40
2026-06-02T17:14:24.137644,$GLGSV,66,,35
2026-06-02T17:14:24.137644,$GLGSV,75,,22
2026-06-02T17:14:24.137644,$GLGSV,76,,17
2026-06-02T17:14:24.138238,$GLGSV,81,,36
2026-06-02T17:14:24.138238,$GLGSV,87,,21
2026-06-02T17:14:24.138238,$GLGSV,88,,47
2026-06-02T17:14:24.139025,$GLGSV,66,,39
2026-06-02T17:14:24.139025,$GLGSV,75,,27
2026-06-02T17:14:24.139025,$GLGSV,76,,31
2026-06-02T17:14:24.139025,$GLGSV,81,,42
2026-06-02T17:14:24.139536,$GLGSV,88,,45
2026-06-02T17:14:24.140665,$GAGSV,04,,42
2026-06-02T17:14:24.140665,$GAGSV,05,,32
2026-06-02T17:14:24.140665,$GAGSV,06,,45
2026-06-02T17:14:24.140665,$GAGSV,09,,30
2026-06-02T17:14:24.141367,$GAGSV,10,,46
2026-06-02T17:14:24.141367,$GAGSV,11,,42
2026-06-02T17:14:24.141367,$GAGSV,12,,43
2026-06-02T17:14:24.141367,$GAGSV,28,,23
2026-06-02T17:14:24.141994,$GAGSV,36,,38
2026-06-02T17:14:24.143136,$GAGSV,04,,39
2026-06-02T17:14:24.143136,$GAGSV,05,,37
2026-06-02T17:14:24.143136,$GAGSV,06,,41
2026-06-02T17:14:24.143136,$GAGSV,09,,27
2026-06-02T17:14:24.143939,$GAGSV,10,,44
2026-06-02T17:14:24.143939,$GAGSV,11,,40
2026-06-02T17:14:24.143939,$GAGSV,12,,41
2026-06-02T17:14:24.143939,$GAGSV,28,,26
2026-06-02T17:14:24.144347,$GAGSV,36,,36
2026-06-02T17:14:24.145569,$GBGSV,06,,40
2026-06-02T17:14:24.145569,$GBGSV,07,,45
2026-06-02T17:14:24.145569,$GBGSV,08,,28
2026-06-02T17:14:24.145569,$GBGSV,09,,42
2026-06-02T17:14:24.146247,$GBGSV,10,,45
2026-06-02T17:14:24.146247,$GBGSV,13,,35
2026-06-02T17:14:24.146247,$GBGSV,14,,37
2026-06-02T17:14:24.146247,$GBGSV,34,,46
2026-06-02T17:14:24.146719,$GBGSV,09,,41
2026-06-02T17:14:24.146719,$GBGSV,10,,43
2026-06-02T17:14:25.136327,$GPGSV,10,,28
2026-06-02T17:14:25.136327,$GPGSV,18,,46
2026-06-02T17:14:25.136327,$GPGSV,23,,42
2026-06-02T17:14:25.136327,$GPGSV,24,,33
2026-06-02T17:14:25.139389,$GPGSV,32,,40
2026-06-02T17:14:25.139389,$GPGSV,40,,37
2026-06-02T17:14:25.139389,$GPGSV,41,,44
2026-06-02T17:14:25.139389,$GPGSV,42,,45
2026-06-02T17:14:25.141599,$GPGSV,10,,31
2026-06-02T17:14:25.141599,$GPGSV,18,,47
2026-06-02T17:14:25.141599,$GPGSV,23,,39
2026-06-02T17:14:25.141599,$GPGSV,24,,26
2026-06-02T17:14:25.142635,$GPGSV,32,,40
2026-06-02T17:14:25.147244,$GLGSV,65,,39
2026-06-02T17:14:25.147244,$GLGSV,66,,36
2026-06-02T17:14:25.147244,$GLGSV,75,,19
2026-06-02T17:14:25.147244,$GLGSV,76,,17
2026-06-02T17:14:25.148147,$GLGSV,81,,36
2026-06-02T17:14:25.148147,$GLGSV,87,,21
2026-06-02T17:14:25.148147,$GLGSV,88,,47
2026-06-02T17:14:25.149177,$GLGSV,66,,40
2026-06-02T17:14:25.149177,$GLGSV,75,,27
2026-06-02T17:14:25.149177,$GLGSV,76,,31
2026-06-02T17:14:25.149177,$GLGSV,81,,42
2026-06-02T17:14:25.149803,$GLGSV,88,,45
2026-06-02T17:14:25.151497,$GAGSV,04,,42
2026-06-02T17:14:25.151497,$GAGSV,05,,32
2026-06-02T17:14:25.151497,$GAGSV,06,,45
2026-06-02T17:14:25.151497,$GAGSV,09,,30
2026-06-02T17:14:25.152616,$GAGSV,10,,47
2026-06-02T17:14:25.152616,$GAGSV,11,,42
2026-06-02T17:14:25.152616,$GAGSV,12,,43
2026-06-02T17:14:25.152616,$GAGSV,28,,24
2026-06-02T17:14:25.153150,$GAGSV,36,,38
2026-06-02T17:14:25.154011,$GAGSV,04,,39
2026-06-02T17:14:25.154011,$GAGSV,05,,37
2026-06-02T17:14:25.154011,$GAGSV,06,,41
2026-06-02T17:14:25.154011,$GAGSV,09,,27
2026-06-02T17:14:25.154839,$GAGSV,10,,44
2026-06-02T17:14:25.154839,$GAGSV,11,,40
2026-06-02T17:14:25.154839,$GAGSV,12,,41
2026-06-02T17:14:25.154839,$GAGSV,28,,26
2026-06-02T17:14:25.155318,$GAGSV,36,,36
2026-06-02T17:14:25.157226,$GBGSV,06,,40
2026-06-02T17:14:25.157226,$GBGSV,07,,45
2026-06-02T17:14:25.157226,$GBGSV,08,,28
2026-06-02T17:14:25.157226,$GBGSV,09,,42
2026-06-02T17:14:25.157941,$GBGSV,10,,45
2026-06-02T17:14:25.157941,$GBGSV,13,,36
2026-06-02T17:14:25.157941,$GBGSV,14,,36
2026-06-02T17:14:25.157941,$GBGSV,34,,46
2026-06-02T17:14:25.158434,$GBGSV,09,,41
2026-06-02T17:14:25.158434,$GBGSV,10,,43
2026-06-02T17:14:26.137119,$GPGSV,10,,28
2026-06-02T17:14:26.137119,$GPGSV,18,,46
2026-06-02T17:14:26.137119,$GPGSV,23,,42
2026-06-02T17:14:26.137119,$GPGSV,24,,31
2026-06-02T17:14:26.138079,$GPGSV,32,,40
2026-06-02T17:14:26.138079,$GPGSV,40,,37
2026-06-02T17:14:26.138079,$GPGSV,41,,44
2026-06-02T17:14:26.138079,$GPGSV,42,,45
2026-06-02T17:14:26.138965,$GPGSV,10,,31
2026-06-02T17:14:26.138965,$GPGSV,18,,47
2026-06-02T17:14:26.138965,$GPGSV,23,,39
2026-06-02T17:14:26.138965,$GPGSV,24,,26
2026-06-02T17:14:26.139545,$GPGSV,32,,40
2026-06-02T17:14:26.142477,$GLGSV,65,,39
2026-06-02T17:14:26.142477,$GLGSV,66,,36
2026-06-02T17:14:26.142477,$GLGSV,75,,18
2026-06-02T17:14:26.142477,$GLGSV,76,,18
2026-06-02T17:14:26.143258,$GLGSV,81,,37
2026-06-02T17:14:26.143258,$GLGSV,87,,21
2026-06-02T17:14:26.143258,$GLGSV,88,,47
2026-06-02T17:14:26.144141,$GLGSV,66,,40
2026-06-02T17:14:26.144141,$GLGSV,75,,27
2026-06-02T17:14:26.144141,$GLGSV,76,,31
2026-06-02T17:14:26.144141,$GLGSV,81,,41
2026-06-02T17:14:26.144722,$GLGSV,88,,45
2026-06-02T17:14:26.146235,$GAGSV,04,,42
2026-06-02T17:14:26.146235,$GAGSV,05,,32
2026-06-02T17:14:26.146235,$GAGSV,06,,45
2026-06-02T17:14:26.146235,$GAGSV,09,,30
2026-06-02T17:14:26.147113,$GAGSV,10,,47
2026-06-02T17:14:26.147113,$GAGSV,11,,42
2026-06-02T17:14:26.147113,$GAGSV,12,,43
2026-06-02T17:14:26.147113,$GAGSV,28,,25
2026-06-02T17:14:26.147689,$GAGSV,36,,38
2026-06-02T17:14:26.148874,$GAGSV,04,,40
2026-06-02T17:14:26.148874,$GAGSV,05,,37
2026-06-02T17:14:26.148874,$GAGSV,06,,41
2026-06-02T17:14:26.148874,$GAGSV,09,,27
2026-06-02T17:14:26.150007,$GAGSV,10,,44
2026-06-02T17:14:26.150007,$GAGSV,11,,40
2026-06-02T17:14:26.150007,$GAGSV,12,,41
2026-06-02T17:14:26.150007,$GAGSV,28,,26
2026-06-02T17:14:26.150593,$GAGSV,36,,36
2026-06-02T17:14:26.152021,$GBGSV,06,,40
2026-06-02T17:14:26.152021,$GBGSV,07,,45
2026-06-02T17:14:26.152021,$GBGSV,08,,29
2026-06-02T17:14:26.152021,$GBGSV,09,,42
2026-06-02T17:14:26.152831,$GBGSV,10,,45
2026-06-02T17:14:26.152831,$GBGSV,13,,36
2026-06-02T17:14:26.152831,$GBGSV,14,,36
2026-06-02T17:14:26.152831,$GBGSV,34,,46
2026-06-02T17:14:26.153469,$GBGSV,09,,41
2026-06-02T17:14:26.153469,$GBGSV,10,,43
2026-06-02T17:14:27.139195,$GPGSV,10,,28
2026-06-02T17:14:27.139195,$GPGSV,18,,46
2026-06-02T17:14:27.139195,$GPGSV,23,,43
2026-06-02T17:14:27.139195,$GPGSV,24,,31
2026-06-02T17:14:27.140118,$GPGSV,32,,40
2026-06-02T17:14:27.140118,$GPGSV,40,,37
2026-06-02T17:14:27.140118,$GPGSV,41,,44
2026-06-02T17:14:27.140118,$GPGSV,42,,45
2026-06-02T17:14:27.141033,$GPGSV,10,,30
2026-06-02T17:14:27.141033,$GPGSV,18,,47
2026-06-02T17:14:27.141033,$GPGSV,23,,40
2026-06-02T17:14:27.141033,$GPGSV,24,,25
2026-06-02T17:14:27.141731,$GPGSV,32,,40
2026-06-02T17:14:27.144567,$GLGSV,65,,39
2026-06-02T17:14:27.144567,$GLGSV,66,,35
2026-06-02T17:14:27.144567,$GLGSV,75,,19
2026-06-02T17:14:27.144567,$GLGSV,76,,20
2026-06-02T17:14:27.145353,$GLGSV,81,,38
2026-06-02T17:14:27.145353,$GLGSV,87,,20
2026-06-02T17:14:27.145353,$GLGSV,88,,47
2026-06-02T17:14:27.146258,$GLGSV,66,,40
2026-06-02T17:14:27.146258,$GLGSV,75,,27
2026-06-02T17:14:27.146258,$GLGSV,76,,30
2026-06-02T17:14:27.146258,$GLGSV,81,,41
2026-06-02T17:14:27.146839,$GLGSV,88,,45
2026-06-02T17:14:27.148251,$GAGSV,04,,42
2026-06-02T17:14:27.148251,$GAGSV,05,,32
2026-06-02T17:14:27.148251,$GAGSV,06,,45
2026-06-02T17:14:27.148251,$GAGSV,09,,31
2026-06-02T17:14:27.149129,$GAGSV,10,,47
2026-06-02T17:14:27.149129,$GAGSV,11,,42
2026-06-02T17:14:27.149129,$GAGSV,12,,43
2026-06-02T17:14:27.149129,$GAGSV,28,,24
2026-06-02T17:14:27.149768,$GAGSV,36,,38
2026-06-02T17:14:27.150650,$GAGSV,04,,39
2026-06-02T17:14:27.150650,$GAGSV,05,,37
2026-06-02T17:14:27.150650,$GAGSV,06,,41
2026-06-02T17:14:27.150650,$GAGSV,09,,27
2026-06-02T17:14:27.151530,$GAGSV,10,,44
2026-06-02T17:14:27.151530,$GAGSV,11,,40
2026-06-02T17:14:27.151530,$GAGSV,12,,41
2026-06-02T17:14:27.151530,$GAGSV,28,,25
2026-06-02T17:14:27.152109,$GAGSV,36,,36
2026-06-02T17:14:27.153614,$GBGSV,06,,41
2026-06-02T17:14:27.153614,$GBGSV,07,,45
2026-06-02T17:14:27.153614,$GBGSV,08,,29
2026-06-02T17:14:27.153614,$GBGSV,09,,42
2026-06-02T17:14:27.154503,$GBGSV,10,,45
2026-06-02T17:14:27.154503,$GBGSV,13,,36
2026-06-02T17:14:27.154503,$GBGSV,14,,37
2026-06-02T17:14:27.154503,$GBGSV,34,,46
2026-06-02T17:14:27.155154,$GBGSV,09,,41
2026-06-02T17:14:27.155154,$GBGSV,10,,43
2026-06-02T17:14:28.138900,$GPGSV,10,,29
2026-06-02T17:14:28.138900,$GPGSV,18,,46
2026-06-02T17:14:28.138900,$GPGSV,23,,43
2026-06-02T17:14:28.138900,$GPGSV,24,,30
2026-06-02T17:14:28.139806,$GPGSV,32,,40
2026-06-02T17:14:28.139806,$GPGSV,40,,38
2026-06-02T17:14:28.139806,$GPGSV,41,,44
2026-06-02T17:14:28.139806,$GPGSV,42,,45
2026-06-02T17:14:28.140684,$GPGSV,10,,30
2026-06-02T17:14:28.140684,$GPGSV,18,,47
2026-06-02T17:14:28.140684,$GPGSV,23,,40
2026-06-02T17:14:28.140684,$GPGSV,24,,25
2026-06-02T17:14:28.141264,$GPGSV,32,,40
2026-06-02T17:14:28.144020,$GLGSV,65,,40
2026-06-02T17:14:28.144020,$GLGSV,66,,34
2026-06-02T17:14:28.144020,$GLGSV,75,,20
2026-06-02T17:14:28.144020,$GLGSV,76,,20
2026-06-02T17:14:28.144797,$GLGSV,81,,38
2026-06-02T17:14:28.144797,$GLGSV,87,,19
2026-06-02T17:14:28.144797,$GLGSV,88,,47
2026-06-02T17:14:28.145667,$GLGSV,66,,41
2026-06-02T17:14:28.145667,$GLGSV,75,,27
2026-06-02T17:14:28.145667,$GLGSV,76,,30
2026-06-02T17:14:28.145667,$GLGSV,81,,41
2026-06-02T17:14:28.146075,$GLGSV,88,,45
2026-06-02T17:14:28.147222,$GAGSV,04,,42
2026-06-02T17:14:28.147222,$GAGSV,05,,32
2026-06-02T17:14:28.147222,$GAGSV,06,,45
2026-06-02T17:14:28.147222,$GAGSV,09,,31
2026-06-02T17:14:28.147916,$GAGSV,10,,47
2026-06-02T17:14:28.147916,$GAGSV,11,,42
2026-06-02T17:14:28.147916,$GAGSV,12,,43
2026-06-02T17:14:28.147916,$GAGSV,28,,23
2026-06-02T17:14:28.148310,$GAGSV,36,,38
2026-06-02T17:14:28.148990,$GAGSV,04,,39
2026-06-02T17:14:28.148990,$GAGSV,05,,37
2026-06-02T17:14:28.148990,$GAGSV,06,,41
2026-06-02T17:14:28.148990,$GAGSV,09,,26
2026-06-02T17:14:28.149697,$GAGSV,10,,44
2026-06-02T17:14:28.149697,$GAGSV,11,,40
2026-06-02T17:14:28.149697,$GAGSV,12,,41
2026-06-02T17:14:28.149697,$GAGSV,28,,26
2026-06-02T17:14:28.150109,$GAGSV,36,,36
2026-06-02T17:14:28.151260,$GBGSV,06,,41
2026-06-02T17:14:28.151260,$GBGSV,07,,45
2026-06-02T17:14:28.151260,$GBGSV,08,,29
2026-06-02T17:14:28.151260,$GBGSV,09,,42
2026-06-02T17:14:28.151924,$GBGSV,10,,45
2026-06-02T17:14:28.151924,$GBGSV,13,,36
2026-06-02T17:14:28.151924,$GBGSV,14,,37
2026-06-02T17:14:28.151924,$GBGSV,34,,46
2026-06-02T17:14:28.152398,$GBGSV,09,,41
2026-06-02T17:14:28.152398,$GBGSV,10,,43
2026-06-02T17:14:29.136707,$GPGSV,10,,30
2026-06-02T17:14:29.136707,$GPGSV,18,,46
2026-06-02T17:14:29.136707,$GPGSV,23,,43
2026-06-02T17:14:29.136707,$GPGSV,24,,29
2026-06-02T17:14:29.137421,$GPGSV,32,,40
2026-06-02T17:14:29.137421,$GPGSV,40,,38
2026-06-02T17:14:29.137421,$GPGSV,41,,44
2026-06-02T17:14:29.137421,$GPGSV,42,,45
2026-06-02T17:14:29.138136,$GPGSV,10,,29
2026-06-02T17:14:29.138136,$GPGSV,18,,47
2026-06-02T17:14:29.138136,$GPGSV,23,,40
2026-06-02T17:14:29.138136,$GPGSV,24,,25
2026-06-02T17:14:29.138534,$GPGSV,32,,40
2026-06-02T17:14:29.140781,$GLGSV,65,,40
2026-06-02T17:14:29.140781,$GLGSV,66,,33
2026-06-02T17:14:29.140781,$GLGSV,75,,21
2026-06-02T17:14:29.140781,$GLGSV,76,,20
2026-06-02T17:14:29.141366,$GLGSV,81,,38
2026-06-02T17:14:29.141366,$GLGSV,87,,20
2026-06-02T17:14:29.141366,$GLGSV,88,,47
2026-06-02T17:14:29.142053,$GLGSV,66,,41
2026-06-02T17:14:29.142053,$GLGSV,75,,28
2026-06-02T17:14:29.142053,$GLGSV,76,,29
2026-06-02T17:14:29.142053,$GLGSV,81,,40
2026-06-02T17:14:29.142443,$GLGSV,88,,45
2026-06-02T17:14:29.143561,$GAGSV,04,,42
2026-06-02T17:14:29.143561,$GAGSV,05,,32
2026-06-02T17:14:29.143561,$GAGSV,06,,45
2026-06-02T17:14:29.143561,$GAGSV,09,,30
2026-06-02T17:14:29.144333,$GAGSV,10,,47
2026-06-02T17:14:29.144333,$GAGSV,11,,42
2026-06-02T17:14:29.144333,$GAGSV,12,,43
2026-06-02T17:14:29.144333,$GAGSV,28,,23
2026-06-02T17:14:29.144792,$GAGSV,36,,38
2026-06-02T17:14:29.145469,$GAGSV,04,,40
2026-06-02T17:14:29.145469,$GAGSV,05,,37
2026-06-02T17:14:29.145469,$GAGSV,06,,41
2026-06-02T17:14:29.145469,$GAGSV,09,,26
2026-06-02T17:14:29.146188,$GAGSV,10,,44
2026-06-02T17:14:29.146188,$GAGSV,11,,40
2026-06-02T17:14:29.146188,$GAGSV,12,,41
2026-06-02T17:14:29.146188,$GAGSV,28,,26
2026-06-02T17:14:29.146568,$GAGSV,36,,37
2026-06-02T17:14:29.147726,$GBGSV,06,,41
2026-06-02T17:14:29.147726,$GBGSV,07,,45
2026-06-02T17:14:29.147726,$GBGSV,08,,29
2026-06-02T17:14:29.147726,$GBGSV,09,,42
2026-06-02T17:14:29.148375,$GBGSV,10,,45
2026-06-02T17:14:29.148375,$GBGSV,13,,36
2026-06-02T17:14:29.148375,$GBGSV,14,,37
2026-06-02T17:14:29.148375,$GBGSV,34,,46
2026-06-02T17:14:29.148832,$GBGSV,09,,41
2026-06-02T17:14:29.148832,$GBGSV,10,,43
2026-06-02T17:14:30.145730,$GPGSV,10,,29
2026-06-02T17:14:30.145730,$GPGSV,18,,46
2026-06-02T17:14:30.145730,$GPGSV,23,,43
2026-06-02T17:14:30.145730,$GPGSV,24,,28
2026-06-02T17:14:30.146458,$GPGSV,32,,40
2026-06-02T17:14:30.146458,$GPGSV,40,,38
2026-06-02T17:14:30.146458,$GPGSV,41,,44
2026-06-02T17:14:30.146458,$GPGSV,42,,45
2026-06-02T17:14:30.147161,$GPGSV,10,,29
2026-06-02T17:14:30.147161,$GPGSV,18,,47
2026-06-02T17:14:30.147161,$GPGSV,23,,40
2026-06-02T17:14:30.147161,$GPGSV,24,,25
2026-06-02T17:14:30.147562,$GPGSV,32,,40
2026-06-02T17:14:30.149831,$GLGSV,65,,40
2026-06-02T17:14:30.149831,$GLGSV,66,,32
2026-06-02T17:14:30.149831,$GLGSV,75,,22
2026-06-02T17:14:30.149831,$GLGSV,76,,20
2026-06-02T17:14:30.150422,$GLGSV,81,,39
2026-06-02T17:14:30.150422,$GLGSV,87,,19
2026-06-02T17:14:30.150422,$GLGSV,88,,47
2026-06-02T17:14:30.151105,$GLGSV,66,,41
2026-06-02T17:14:30.151105,$GLGSV,75,,28
2026-06-02T17:14:30.151105,$GLGSV,76,,29
2026-06-02T17:14:30.151105,$GLGSV,81,,40
2026-06-02T17:14:30.151493,$GLGSV,88,,45
2026-06-02T17:14:30.152609,$GAGSV,04,,42
2026-06-02T17:14:30.152609,$GAGSV,05,,32
2026-06-02T17:14:30.152609,$GAGSV,06,,45
2026-06-02T17:14:30.152609,$GAGSV,09,,30
2026-06-02T17:14:30.153300,$GAGSV,10,,47
2026-06-02T17:14:30.153300,$GAGSV,11,,42
2026-06-02T17:14:30.153300,$GAGSV,12,,43
2026-06-02T17:14:30.153300,$GAGSV,28,,23
2026-06-02T17:14:30.153715,$GAGSV,36,,38
2026-06-02T17:14:30.154395,$GAGSV,04,,40
2026-06-02T17:14:30.154395,$GAGSV,05,,37
2026-06-02T17:14:30.154395,$GAGSV,06,,41
2026-06-02T17:14:30.154395,$GAGSV,09,,26
2026-06-02T17:14:30.155076,$GAGSV,10,,45
2026-06-02T17:14:30.155076,$GAGSV,11,,40
2026-06-02T17:14:30.155076,$GAGSV,12,,41
2026-06-02T17:14:30.155076,$GAGSV,28,,25
2026-06-02T17:14:30.155464,$GAGSV,36,,37
2026-06-02T17:14:30.156657,$GBGSV,06,,40
2026-06-02T17:14:30.156657,$GBGSV,07,,45
2026-06-02T17:14:30.156657,$GBGSV,08,,29
2026-06-02T17:14:30.156657,$GBGSV,09,,42
2026-06-02T17:14:30.157335,$GBGSV,10,,45
2026-06-02T17:14:30.157335,$GBGSV,13,,36
2026-06-02T17:14:30.157335,$GBGSV,14,,37
2026-06-02T17:14:30.157335,$GBGSV,34,,46
2026-06-02T17:14:30.157814,$GBGSV,09,,41
2026-06-02T17:14:30.157814,$GBGSV,10,,43
2026-06-02T17:14:31.142258,$GPGSV,10,,28
2026-06-02T17:14:31.142258,$GPGSV,18,,46
2026-06-02T17:14:31.142258,$GPGSV,23,,43
2026-06-02T17:14:31.142258,$GPGSV,24,,27
2026-06-02T17:14:31.144492,$GPGSV,32,,40
2026-06-02T17:14:31.144492,$GPGSV,40,,38
2026-06-02T17:14:31.144492,$GPGSV,41,,44
2026-06-02T17:14:31.144492,$GPGSV,42,,45
2026-06-02T17:14:31.146691,$GPGSV,10,,28
2026-06-02T17:14:31.146691,$GPGSV,18,,47
2026-06-02T17:14:31.146691,$GPGSV,23,,40
2026-06-02T17:14:31.146691,$GPGSV,24,,25
2026-06-02T17:14:31.147981,$GPGSV,32,,40
2026-06-02T17:14:31.155023,$GLGSV,65,,40
2026-06-02T17:14:31.155023,$GLGSV,66,,32
2026-06-02T17:14:31.155023,$GLGSV,75,,25
2026-06-02T17:14:31.155023,$GLGSV,76,,19
2026-06-02T17:14:31.156869,$GLGSV,81,,39
2026-06-02T17:14:31.156869,$GLGSV,87,,19
2026-06-02T17:14:31.156869,$GLGSV,88,,48
2026-06-02T17:14:31.158279,$GLGSV,66,,42
2026-06-02T17:14:31.158279,$GLGSV,75,,27
2026-06-02T17:14:31.158279,$GLGSV,76,,27
2026-06-02T17:14:31.158279,$GLGSV,81,,40
2026-06-02T17:14:31.159081,$GLGSV,88,,45
2026-06-02T17:14:31.161129,$GAGSV,04,,42
2026-06-02T17:14:31.161129,$GAGSV,05,,32
2026-06-02T17:14:31.161129,$GAGSV,06,,45
2026-06-02T17:14:31.161129,$GAGSV,09,,30
2026-06-02T17:14:31.161752,$GAGSV,10,,47
2026-06-02T17:14:31.161752,$GAGSV,11,,42
2026-06-02T17:14:31.161752,$GAGSV,12,,43
2026-06-02T17:14:31.161752,$GAGSV,28,,24
2026-06-02T17:14:31.162117,$GAGSV,36,,38
2026-06-02T17:14:31.162741,$GAGSV,04,,40
2026-06-02T17:14:31.162741,$GAGSV,05,,37
2026-06-02T17:14:31.162741,$GAGSV,06,,41
2026-06-02T17:14:31.162741,$GAGSV,09,,25
2026-06-02T17:14:31.163350,$GAGSV,10,,45
2026-06-02T17:14:31.163350,$GAGSV,11,,40
2026-06-02T17:14:31.163350,$GAGSV,12,,41
2026-06-02T17:14:31.163350,$GAGSV,28,,25
2026-06-02T17:14:31.163699,$GAGSV,36,,37
2026-06-02T17:14:31.164881,$GBGSV,06,,40
2026-06-02T17:14:31.164881,$GBGSV,07,,45
2026-06-02T17:14:31.164881,$GBGSV,08,,29
2026-06-02T17:14:31.164881,$GBGSV,09,,42
2026-06-02T17:14:31.165467,$GBGSV,10,,45
2026-06-02T17:14:31.165467,$GBGSV,13,,36
2026-06-02T17:14:31.165467,$GBGSV,14,,37
2026-06-02T17:14:31.165467,$GBGSV,34,,46
2026-06-02T17:14:31.165900,$GBGSV,09,,41
2026-06-02T17:14:31.165900,$GBGSV,10,,43
2026-06-02T17:14:32.135875,$GPGSV,10,,28
2026-06-02T17:14:32.135875,$GPGSV,18,,46
2026-06-02T17:14:32.135875,$GPGSV,23,,43
2026-06-02T17:14:32.135875,$GPGSV,24,,27
2026-06-02T17:14:32.138107,$GPGSV,32,,40
2026-06-02T17:14:32.138107,$GPGSV,40,,38
2026-06-02T17:14:32.138107,$GPGSV,41,,44
2026-06-02T17:14:32.138107,$GPGSV,42,,45
2026-06-02T17:14:32.140260,$GPGSV,10,,27
2026-06-02T17:14:32.140260,$GPGSV,18,,47
2026-06-02T17:14:32.140260,$GPGSV,23,,40
2026-06-02T17:14:32.140260,$GPGSV,24,,24
2026-06-02T17:14:32.141483,$GPGSV,32,,40
2026-06-02T17:14:32.148646,$GLGSV,65,,40
2026-06-02T17:14:32.148646,$GLGSV,66,,32
2026-06-02T17:14:32.148646,$GLGSV,75,,25
2026-06-02T17:14:32.148646,$GLGSV,76,,17
2026-06-02T17:14:32.150619,$GLGSV,81,,39
2026-06-02T17:14:32.150619,$GLGSV,87,,20
2026-06-02T17:14:32.150619,$GLGSV,88,,48
2026-06-02T17:14:32.152429,$GLGSV,66,,42
2026-06-02T17:14:32.152429,$GLGSV,75,,27
2026-06-02T17:14:32.152429,$GLGSV,76,,26
2026-06-02T17:14:32.152429,$GLGSV,81,,40
2026-06-02T17:14:32.153225,$GLGSV,88,,45
2026-06-02T17:14:32.155516,$GAGSV,04,,42
2026-06-02T17:14:32.155516,$GAGSV,05,,32
2026-06-02T17:14:32.155516,$GAGSV,06,,45
2026-06-02T17:14:32.155516,$GAGSV,09,,31
2026-06-02T17:14:32.156873,$GAGSV,10,,47
2026-06-02T17:14:32.156873,$GAGSV,11,,42
2026-06-02T17:14:32.156873,$GAGSV,12,,43
2026-06-02T17:14:32.156873,$GAGSV,28,,25
2026-06-02T17:14:32.157467,$GAGSV,36,,38
2026-06-02T17:14:32.158513,$GAGSV,04,,39
2026-06-02T17:14:32.158513,$GAGSV,05,,37
2026-06-02T17:14:32.158513,$GAGSV,06,,41
2026-06-02T17:14:32.158513,$GAGSV,09,,24
2026-06-02T17:14:32.159569,$GAGSV,10,,45
2026-06-02T17:14:32.159569,$GAGSV,11,,40
2026-06-02T17:14:32.159569,$GAGSV,12,,41
2026-06-02T17:14:32.159569,$GAGSV,28,,25
2026-06-02T17:14:32.160160,$GAGSV,36,,37
2026-06-02T17:14:32.161985,$GBGSV,06,,41
2026-06-02T17:14:32.161985,$GBGSV,07,,45
2026-06-02T17:14:32.161985,$GBGSV,08,,29
2026-06-02T17:14:32.161985,$GBGSV,09,,42
2026-06-02T17:14:32.162865,$GBGSV,10,,45
2026-06-02T17:14:32.162865,$GBGSV,13,,36
2026-06-02T17:14:32.162865,$GBGSV,14,,37
2026-06-02T17:14:32.162865,$GBGSV,34,,46
2026-06-02T17:14:32.163644,$GBGSV,09,,41
2026-06-02T17:14:32.163644,$GBGSV,10,,43
2026-06-02T17:14:33.135383,$GPGSV,10,,29
2026-06-02T17:14:33.135383,$GPGSV,18,,46
2026-06-02T17:14:33.135383,$GPGSV,23,,43
2026-06-02T17:14:33.135383,$GPGSV,24,,27
2026-06-02T17:14:33.136090,$GPGSV,32,,41
2026-06-02T17:14:33.136090,$GPGSV,40,,38
2026-06-02T17:14:33.136090,$GPGSV,41,,44
2026-06-02T17:14:33.136090,$GPGSV,42,,45
2026-06-02T17:14:33.136778,$GPGSV,10,,27
2026-06-02T17:14:33.136778,$GPGSV,18,,47
2026-06-02T17:14:33.136778,$GPGSV,23,,40
2026-06-02T17:14:33.136778,$GPGSV,24,,24
2026-06-02T17:14:33.137173,$GPGSV,32,,40
2026-06-02T17:14:33.139417,$GLGSV,65,,40
2026-06-02T17:14:33.139417,$GLGSV,66,,31
2026-06-02T17:14:33.139417,$GLGSV,75,,25
2026-06-02T17:14:33.139417,$GLGSV,76,,17
2026-06-02T17:14:33.140005,$GLGSV,81,,40
2026-06-02T17:14:33.140005,$GLGSV,87,,20
2026-06-02T17:14:33.140005,$GLGSV,88,,48
2026-06-02T17:14:33.140690,$GLGSV,66,,42
2026-06-02T17:14:33.140690,$GLGSV,75,,26
2026-06-02T17:14:33.140690,$GLGSV,76,,25
2026-06-02T17:14:33.140690,$GLGSV,81,,40
2026-06-02T17:14:33.141080,$GLGSV,88,,45
2026-06-02T17:14:33.142206,$GAGSV,04,,42
2026-06-02T17:14:33.142206,$GAGSV,05,,32
2026-06-02T17:14:33.142206,$GAGSV,06,,45
2026-06-02T17:14:33.142206,$GAGSV,09,,30
2026-06-02T17:14:33.142888,$GAGSV,10,,47
2026-06-02T17:14:33.142888,$GAGSV,11,,42
2026-06-02T17:14:33.142888,$GAGSV,12,,43
2026-06-02T17:14:33.142888,$GAGSV,28,,25
2026-06-02T17:14:33.143277,$GAGSV,36,,38
2026-06-02T17:14:33.143955,$GAGSV,04,,40
2026-06-02T17:14:33.143955,$GAGSV,05,,37
2026-06-02T17:14:33.143955,$GAGSV,06,,41
2026-06-02T17:14:33.143955,$GAGSV,09,,24
2026-06-02T17:14:33.144624,$GAGSV,10,,45
2026-06-02T17:14:33.144624,$GAGSV,11,,40
2026-06-02T17:14:33.144624,$GAGSV,12,,41
2026-06-02T17:14:33.144624,$GAGSV,28,,24
2026-06-02T17:14:33.144999,$GAGSV,36,,37
2026-06-02T17:14:33.146184,$GBGSV,06,,41
2026-06-02T17:14:33.146184,$GBGSV,07,,45
2026-06-02T17:14:33.146184,$GBGSV,08,,29
2026-06-02T17:14:33.146184,$GBGSV,09,,42
2026-06-02T17:14:33.146858,$GBGSV,10,,45
2026-06-02T17:14:33.146858,$GBGSV,13,,36
2026-06-02T17:14:33.146858,$GBGSV,14,,37
2026-06-02T17:14:33.146858,$GBGSV,34,,46
2026-06-02T17:14:33.147313,$GBGSV,09,,41
2026-06-02T17:14:33.147313,$GBGSV,10,,43
2026-06-02T17:14:34.135791,$GPGSV,10,,30
2026-06-02T17:14:34.135791,$GPGSV,18,,45
2026-06-02T17:14:34.135791,$GPGSV,23,,42
2026-06-02T17:14:34.135791,$GPGSV,24,,26
2026-06-02T17:14:34.136534,$GPGSV,32,,40
2026-06-02T17:14:34.136534,$GPGSV,40,,37
2026-06-02T17:14:34.136534,$GPGSV,41,,43
2026-06-02T17:14:34.136534,$GPGSV,42,,44
2026-06-02T17:14:34.137249,$GPGSV,10,,27
2026-06-02T17:14:34.137249,$GPGSV,18,,46
2026-06-02T17:14:34.137249,$GPGSV,23,,39
2026-06-02T17:14:34.137249,$GPGSV,24,,24
2026-06-02T17:14:34.137673,$GPGSV,32,,40
2026-06-02T17:14:34.140015,$GLGSV,65,,40
2026-06-02T17:14:34.140015,$GLGSV,66,,30
2026-06-02T17:14:34.140015,$GLGSV,75,,25
2026-06-02T17:14:34.140015,$GLGSV,76,,15
2026-06-02T17:14:34.140630,$GLGSV,81,,40
2026-06-02T17:14:34.140630,$GLGSV,87,,20
2026-06-02T17:14:34.140630,$GLGSV,88,,47
2026-06-02T17:14:34.141337,$GLGSV,66,,40
2026-06-02T17:14:34.141337,$GLGSV,75,,26
2026-06-02T17:14:34.141337,$GLGSV,76,,24
2026-06-02T17:14:34.141337,$GLGSV,81,,39
2026-06-02T17:14:34.141767,$GLGSV,88,,44
2026-06-02T17:14:34.142899,$GAGSV,04,,42
2026-06-02T17:14:34.142899,$GAGSV,05,,32
2026-06-02T17:14:34.142899,$GAGSV,06,,45
2026-06-02T17:14:34.142899,$GAGSV,09,,30
2026-06-02T17:14:34.143584,$GAGSV,10,,46
2026-06-02T17:14:34.143584,$GAGSV,11,,42
2026-06-02T17:14:34.143584,$GAGSV,12,,42
2026-06-02T17:14:34.143584,$GAGSV,28,,24
2026-06-02T17:14:34.143975,$GAGSV,36,,38
2026-06-02T17:14:34.144658,$GAGSV,04,,39
2026-06-02T17:14:34.144658,$GAGSV,05,,36
2026-06-02T17:14:34.144658,$GAGSV,06,,41
2026-06-02T17:14:34.144658,$GAGSV,09,,24
2026-06-02T17:14:34.145358,$GAGSV,10,,44
2026-06-02T17:14:34.145358,$GAGSV,11,,40
2026-06-02T17:14:34.145358,$GAGSV,12,,41
2026-06-02T17:14:34.145358,$GAGSV,28,,24
2026-06-02T17:14:34.145761,$GAGSV,36,,36
2026-06-02T17:14:34.147082,$GBGSV,06,,39
2026-06-02T17:14:34.147082,$GBGSV,07,,43
2026-06-02T17:14:34.147082,$GBGSV,08,,28
2026-06-02T17:14:34.147082,$GBGSV,09,,40
2026-06-02T17:14:34.147773,$GBGSV,10,,43
2026-06-02T17:14:34.147773,$GBGSV,13,,34
2026-06-02T17:14:34.147773,$GBGSV,14,,36
2026-06-02T17:14:34.147773,$GBGSV,34,,44
2026-06-02T17:14:34.148262,$GBGSV,09,,41
2026-06-02T17:14:34.148262,$GBGSV,10,,43
2026-06-02T17:14:35.140752,$GPGSV,10,,29
2026-06-02T17:14:35.140752,$GPGSV,18,,42
2026-06-02T17:14:35.140752,$GPGSV,23,,39
2026-06-02T17:14:35.140752,$GPGSV,24,,25
2026-06-02T17:14:35.143089,$GPGSV,32,,38
2026-06-02T17:14:35.143089,$GPGSV,40,,34
2026-06-02T17:14:35.143089,$GPGSV,41,,40
2026-06-02T17:14:35.143089,$GPGSV,42,,41
2026-06-02T17:14:35.145222,$GPGSV,10,,25
2026-06-02T17:14:35.145222,$GPGSV,18,,42
2026-06-02T17:14:35.145222,$GPGSV,23,,36
2026-06-02T17:14:35.145222,$GPGSV,24,,22
2026-06-02T17:14:35.146497,$GPGSV,32,,36
2026-06-02T17:14:35.154657,$GLGSV,65,,36
2026-06-02T17:14:35.154657,$GLGSV,66,,28
2026-06-02T17:14:35.154657,$GLGSV,75,,23
2026-06-02T17:14:35.154657,$GLGSV,76,,14
2026-06-02T17:14:35.156521,$GLGSV,81,,37
2026-06-02T17:14:35.156521,$GLGSV,87,,20
2026-06-02T17:14:35.156521,$GLGSV,88,,43
2026-06-02T17:14:35.157937,$GLGSV,66,,37
2026-06-02T17:14:35.157937,$GLGSV,75,,24
2026-06-02T17:14:35.157937,$GLGSV,76,,21
2026-06-02T17:14:35.157937,$GLGSV,81,,36
2026-06-02T17:14:35.158742,$GLGSV,88,,39
2026-06-02T17:14:35.161036,$GAGSV,04,,36
2026-06-02T17:14:35.161036,$GAGSV,05,,30
2026-06-02T17:14:35.161036,$GAGSV,06,,38
2026-06-02T17:14:35.161036,$GAGSV,09,,27
2026-06-02T17:14:35.162270,$GAGSV,10,,39
2026-06-02T17:14:35.162270,$GAGSV,11,,36
2026-06-02T17:14:35.162270,$GAGSV,12,,35
2026-06-02T17:14:35.162270,$GAGSV,28,,22
2026-06-02T17:14:35.162882,$GAGSV,36,,34
2026-06-02T17:14:35.164076,$GAGSV,04,,36
2026-06-02T17:14:35.164076,$GAGSV,05,,33
2026-06-02T17:14:35.164076,$GAGSV,06,,37
2026-06-02T17:14:35.164076,$GAGSV,09,,23
2026-06-02T17:14:35.165131,$GAGSV,10,,40
2026-06-02T17:14:35.165131,$GAGSV,11,,37
2026-06-02T17:14:35.165131,$GAGSV,12,,37
2026-06-02T17:14:35.165131,$GAGSV,28,,22
2026-06-02T17:14:35.165748,$GAGSV,36,,32
2026-06-02T17:14:35.167416,$GBGSV,06,,36
2026-06-02T17:14:35.167416,$GBGSV,07,,40
2026-06-02T17:14:35.167416,$GBGSV,08,,27
2026-06-02T17:14:35.167416,$GBGSV,09,,38
2026-06-02T17:14:35.168233,$GBGSV,10,,39
2026-06-02T17:14:35.168233,$GBGSV,13,,29
2026-06-02T17:14:35.168233,$GBGSV,14,,33
2026-06-02T17:14:35.168233,$GBGSV,34,,41
2026-06-02T17:14:35.168821,$GBGSV,09,,36
2026-06-02T17:14:35.168821,$GBGSV,10,,37
2026-06-02T17:14:36.130411,$GPGSV,10,,28
2026-06-02T17:14:36.130411,$GPGSV,18,,41
2026-06-02T17:14:36.130411,$GPGSV,23,,39
2026-06-02T17:14:36.130411,$GPGSV,24,,25
2026-06-02T17:14:36.131140,$GPGSV,32,,37
2026-06-02T17:14:36.131140,$GPGSV,40,,34
2026-06-02T17:14:36.131140,$GPGSV,41,,40
2026-06-02T17:14:36.131140,$GPGSV,42,,41
2026-06-02T17:14:36.131854,$GPGSV,10,,22
2026-06-02T17:14:36.131854,$GPGSV,18,,40
2026-06-02T17:14:36.131854,$GPGSV,23,,34
2026-06-02T17:14:36.131854,$GPGSV,24,,19
2026-06-02T17:14:36.132255,$GPGSV,32,,34
2026-06-02T17:14:36.134590,$GLGSV,65,,35
2026-06-02T17:14:36.134590,$GLGSV,66,,25
2026-06-02T17:14:36.134590,$GLGSV,75,,20
2026-06-02T17:14:36.134590,$GLGSV,76,,13
2026-06-02T17:14:36.135200,$GLGSV,81,,36
2026-06-02T17:14:36.135200,$GLGSV,87,,18
2026-06-02T17:14:36.135200,$GLGSV,88,,43
2026-06-02T17:14:36.135908,$GLGSV,66,,37
2026-06-02T17:14:36.135908,$GLGSV,75,,21
2026-06-02T17:14:36.135908,$GLGSV,76,,19
2026-06-02T17:14:36.135908,$GLGSV,81,,36
2026-06-02T17:14:36.136303,$GLGSV,88,,40
2026-06-02T17:14:36.137443,$GAGSV,04,,34
2026-06-02T17:14:36.137443,$GAGSV,05,,28
2026-06-02T17:14:36.137443,$GAGSV,06,,37
2026-06-02T17:14:36.137443,$GAGSV,09,,25
2026-06-02T17:14:36.138323,$GAGSV,10,,38
2026-06-02T17:14:36.138323,$GAGSV,11,,35
2026-06-02T17:14:36.138323,$GAGSV,12,,35
2026-06-02T17:14:36.138323,$GAGSV,28,,19
2026-06-02T17:14:36.138727,$GAGSV,36,,31
2026-06-02T17:14:36.139426,$GAGSV,04,,36
2026-06-02T17:14:36.139426,$GAGSV,05,,33
2026-06-02T17:14:36.139426,$GAGSV,06,,37
2026-06-02T17:14:36.139426,$GAGSV,09,,22
2026-06-02T17:14:36.140140,$GAGSV,10,,41
2026-06-02T17:14:36.140140,$GAGSV,11,,36
2026-06-02T17:14:36.140140,$GAGSV,12,,37
2026-06-02T17:14:36.140140,$GAGSV,28,,21
2026-06-02T17:14:36.140533,$GAGSV,36,,33
2026-06-02T17:14:36.141737,$GBGSV,06,,36
2026-06-02T17:14:36.141737,$GBGSV,07,,40
2026-06-02T17:14:36.141737,$GBGSV,08,,26
2026-06-02T17:14:36.141737,$GBGSV,09,,37
2026-06-02T17:14:36.142420,$GBGSV,10,,40
2026-06-02T17:14:36.142420,$GBGSV,13,,30
2026-06-02T17:14:36.142420,$GBGSV,14,,32
2026-06-02T17:14:36.142420,$GBGSV,34,,41
2026-06-02T17:14:36.142982,$GBGSV,09,,33
2026-06-02T17:14:36.142982,$GBGSV,10,,35
2026-06-02T17:14:36.142982,$GBGSV,13,,04
2026-06-02T17:14:37.135672,$GPGSV,10,,28
2026-06-02T17:14:37.135672,$GPGSV,18,,41
2026-06-02T17:14:37.135672,$GPGSV,23,,38
2026-06-02T17:14:37.135672,$GPGSV,24,,25
2026-06-02T17:14:37.138029,$GPGSV,32,,36
2026-06-02T17:14:37.138029,$GPGSV,40,,34
2026-06-02T17:14:37.138029,$GPGSV,41,,39
2026-06-02T17:14:37.138029,$GPGSV,42,,40
2026-06-02T17:14:37.140292,$GPGSV,10,,20
2026-06-02T17:14:37.140292,$GPGSV,18,,39
2026-06-02T17:14:37.140292,$GPGSV,23,,33
2026-06-02T17:14:37.140292,$GPGSV,24,,17
2026-06-02T17:14:37.141689,$GPGSV,32,,33
2026-06-02T17:14:37.149461,$GLGSV,65,,34
2026-06-02T17:14:37.149461,$GLGSV,66,,24
2026-06-02T17:14:37.149461,$GLGSV,75,,17
2026-06-02T17:14:37.149461,$GLGSV,76,,10
2026-06-02T17:14:37.151559,$GLGSV,81,,33
2026-06-02T17:14:37.151559,$GLGSV,87,,16
2026-06-02T17:14:37.151559,$GLGSV,88,,41
2026-06-02T17:14:37.153001,$GLGSV,66,,36
2026-06-02T17:14:37.153001,$GLGSV,75,,17
2026-06-02T17:14:37.153001,$GLGSV,76,,15
2026-06-02T17:14:37.153001,$GLGSV,81,,35
2026-06-02T17:14:37.153883,$GLGSV,88,,40
2026-06-02T17:14:37.156265,$GAGSV,04,,34
2026-06-02T17:14:37.156265,$GAGSV,05,,26
2026-06-02T17:14:37.156265,$GAGSV,06,,36
2026-06-02T17:14:37.156265,$GAGSV,09,,24
2026-06-02T17:14:37.157384,$GAGSV,10,,37
2026-06-02T17:14:37.157384,$GAGSV,11,,34
2026-06-02T17:14:37.157384,$GAGSV,12,,34
2026-06-02T17:14:37.157384,$GAGSV,28,,18
2026-06-02T17:14:37.158062,$GAGSV,36,,30
2026-06-02T17:14:37.159156,$GAGSV,04,,36
2026-06-02T17:14:37.159156,$GAGSV,05,,33
2026-06-02T17:14:37.159156,$GAGSV,06,,37
2026-06-02T17:14:37.159156,$GAGSV,09,,22
2026-06-02T17:14:37.160505,$GAGSV,10,,41
2026-06-02T17:14:37.160505,$GAGSV,11,,35
2026-06-02T17:14:37.160505,$GAGSV,12,,36
2026-06-02T17:14:37.160505,$GAGSV,28,,20
2026-06-02T17:14:37.161158,$GAGSV,36,,33
2026-06-02T17:14:37.162756,$GBGSV,06,,36
2026-06-02T17:14:37.162756,$GBGSV,07,,40
2026-06-02T17:14:37.162756,$GBGSV,08,,26
2026-06-02T17:14:37.162756,$GBGSV,09,,36
2026-06-02T17:14:37.163618,$GBGSV,10,,39
2026-06-02T17:14:37.163618,$GBGSV,13,,30
2026-06-02T17:14:37.163618,$GBGSV,14,,32
2026-06-02T17:14:37.163618,$GBGSV,34,,41
2026-06-02T17:14:37.164354,$GBGSV,09,,32
2026-06-02T17:14:37.164354,$GBGSV,10,,34
2026-06-02T17:14:37.164354,$GBGSV,13,,06
2026-06-02T17:14:38.128160,$GPGSV,10,,28
2026-06-02T17:14:38.128160,$GPGSV,18,,41
2026-06-02T17:14:38.128160,$GPGSV,23,,39
2026-06-02T17:14:38.128160,$GPGSV,24,,26
2026-06-02T17:14:38.128869,$GPGSV,32,,37
2026-06-02T17:14:38.128869,$GPGSV,40,,34
2026-06-02T17:14:38.128869,$GPGSV,41,,40
2026-06-02T17:14:38.128869,$GPGSV,42,,41
2026-06-02T17:14:38.129555,$GPGSV,10,,18
2026-06-02T17:14:38.129555,$GPGSV,18,,41
2026-06-02T17:14:38.129555,$GPGSV,23,,33
2026-06-02T17:14:38.129555,$GPGSV,24,,17
2026-06-02T17:14:38.129958,$GPGSV,32,,33
2026-06-02T17:14:38.132205,$GLGSV,65,,33
2026-06-02T17:14:38.132205,$GLGSV,66,,23
2026-06-02T17:14:38.132205,$GLGSV,75,,16
2026-06-02T17:14:38.132205,$GLGSV,76,,08
2026-06-02T17:14:38.132806,$GLGSV,81,,33
2026-06-02T17:14:38.132806,$GLGSV,87,,14
2026-06-02T17:14:38.132806,$GLGSV,88,,41
2026-06-02T17:14:38.133486,$GLGSV,66,,37
2026-06-02T17:14:38.133486,$GLGSV,75,,17
2026-06-02T17:14:38.133486,$GLGSV,76,,13
2026-06-02T17:14:38.133486,$GLGSV,81,,37
2026-06-02T17:14:38.133883,$GLGSV,88,,40
2026-06-02T17:14:38.134997,$GAGSV,04,,33
2026-06-02T17:14:38.134997,$GAGSV,05,,25
2026-06-02T17:14:38.134997,$GAGSV,06,,36
2026-06-02T17:14:38.134997,$GAGSV,09,,23
2026-06-02T17:14:38.135661,$GAGSV,10,,38
2026-06-02T17:14:38.135661,$GAGSV,11,,34
2026-06-02T17:14:38.135661,$GAGSV,12,,34
2026-06-02T17:14:38.135661,$GAGSV,28,,17
2026-06-02T17:14:38.136062,$GAGSV,36,,30
2026-06-02T17:14:38.136701,$GAGSV,04,,36
2026-06-02T17:14:38.136701,$GAGSV,05,,34
2026-06-02T17:14:38.136701,$GAGSV,06,,38
2026-06-02T17:14:38.136701,$GAGSV,09,,20
2026-06-02T17:14:38.137334,$GAGSV,10,,41
2026-06-02T17:14:38.137334,$GAGSV,11,,36
2026-06-02T17:14:38.137334,$GAGSV,12,,37
2026-06-02T17:14:38.137334,$GAGSV,28,,20
2026-06-02T17:14:38.137700,$GAGSV,36,,33
2026-06-02T17:14:38.138805,$GBGSV,06,,36
2026-06-02T17:14:38.138805,$GBGSV,07,,40
2026-06-02T17:14:38.138805,$GBGSV,08,,25
2026-06-02T17:14:38.138805,$GBGSV,09,,37
2026-06-02T17:14:38.139432,$GBGSV,10,,40
2026-06-02T17:14:38.139432,$GBGSV,13,,30
2026-06-02T17:14:38.139432,$GBGSV,14,,32
2026-06-02T17:14:38.139432,$GBGSV,34,,41
2026-06-02T17:14:38.139979,$GBGSV,09,,32
2026-06-02T17:14:38.139979,$GBGSV,10,,34
2026-06-02T17:14:38.139979,$GBGSV,13,,07
2026-06-02T17:14:39.131525,$GPGSV,10,,28
2026-06-02T17:14:39.131525,$GPGSV,18,,42
2026-06-02T17:14:39.131525,$GPGSV,23,,39
2026-06-02T17:14:39.131525,$GPGSV,24,,26
2026-06-02T17:14:39.132274,$GPGSV,32,,38
2026-06-02T17:14:39.132274,$GPGSV,40,,34
2026-06-02T17:14:39.132274,$GPGSV,41,,40
2026-06-02T17:14:39.132274,$GPGSV,42,,41
2026-06-02T17:14:39.132985,$GPGSV,10,,17
2026-06-02T17:14:39.132985,$GPGSV,18,,41
2026-06-02T17:14:39.132985,$GPGSV,23,,34
2026-06-02T17:14:39.132985,$GPGSV,24,,16
2026-06-02T17:14:39.133378,$GPGSV,32,,33
2026-06-02T17:14:39.135660,$GLGSV,65,,33
2026-06-02T17:14:39.135660,$GLGSV,66,,23
2026-06-02T17:14:39.135660,$GLGSV,75,,16
2026-06-02T17:14:39.135660,$GLGSV,81,,33
2026-06-02T17:14:39.136150,$GLGSV,87,,16
2026-06-02T17:14:39.136150,$GLGSV,88,,42
2026-06-02T17:14:39.136826,$GLGSV,66,,37
2026-06-02T17:14:39.136826,$GLGSV,75,,16
2026-06-02T17:14:39.136826,$GLGSV,76,,13
2026-06-02T17:14:39.136826,$GLGSV,81,,37
2026-06-02T17:14:39.137218,$GLGSV,88,,41
2026-06-02T17:14:39.138353,$GAGSV,04,,33
2026-06-02T17:14:39.138353,$GAGSV,05,,24
2026-06-02T17:14:39.138353,$GAGSV,06,,36
2026-06-02T17:14:39.138353,$GAGSV,09,,22
2026-06-02T17:14:39.139041,$GAGSV,10,,38
2026-06-02T17:14:39.139041,$GAGSV,11,,33
2026-06-02T17:14:39.139041,$GAGSV,12,,34
2026-06-02T17:14:39.139041,$GAGSV,28,,15
2026-06-02T17:14:39.139430,$GAGSV,36,,30
2026-06-02T17:14:39.140111,$GAGSV,04,,36
2026-06-02T17:14:39.140111,$GAGSV,05,,34
2026-06-02T17:14:39.140111,$GAGSV,06,,38
2026-06-02T17:14:39.140111,$GAGSV,09,,19
2026-06-02T17:14:39.140804,$GAGSV,10,,41
2026-06-02T17:14:39.140804,$GAGSV,11,,36
2026-06-02T17:14:39.140804,$GAGSV,12,,38
2026-06-02T17:14:39.140804,$GAGSV,28,,20
2026-06-02T17:14:39.141246,$GAGSV,36,,33
2026-06-02T17:14:39.142471,$GBGSV,06,,36
2026-06-02T17:14:39.142471,$GBGSV,07,,40
2026-06-02T17:14:39.142471,$GBGSV,08,,25
2026-06-02T17:14:39.142471,$GBGSV,09,,37
2026-06-02T17:14:39.143158,$GBGSV,10,,40
2026-06-02T17:14:39.143158,$GBGSV,13,,30
2026-06-02T17:14:39.143158,$GBGSV,14,,32
2026-06-02T17:14:39.143158,$GBGSV,34,,41
2026-06-02T17:14:39.143740,$GBGSV,09,,32
2026-06-02T17:14:39.143740,$GBGSV,10,,35
2026-06-02T17:14:39.143740,$GBGSV,13,,07
2026-06-02T17:14:40.142985,$GPGSV,10,,28
2026-06-02T17:14:40.142985,$GPGSV,18,,41
2026-06-02T17:14:40.142985,$GPGSV,23,,39
2026-06-02T17:14:40.142985,$GPGSV,24,,26
2026-06-02T17:14:40.143698,$GPGSV,32,,38
2026-06-02T17:14:40.143698,$GPGSV,40,,34
2026-06-02T17:14:40.143698,$GPGSV,41,,40
2026-06-02T17:14:40.143698,$GPGSV,42,,41
2026-06-02T17:14:40.144396,$GPGSV,10,,16
2026-06-02T17:14:40.144396,$GPGSV,18,,40
2026-06-02T17:14:40.144396,$GPGSV,23,,33
2026-06-02T17:14:40.144396,$GPGSV,24,,17
2026-06-02T17:14:40.144789,$GPGSV,32,,33
2026-06-02T17:14:40.147048,$GLGSV,65,,33
2026-06-02T17:14:40.147048,$GLGSV,66,,25
2026-06-02T17:14:40.147048,$GLGSV,75,,17
2026-06-02T17:14:40.147048,$GLGSV,81,,33
2026-06-02T17:14:40.147536,$GLGSV,87,,16
2026-06-02T17:14:40.147536,$GLGSV,88,,42
2026-06-02T17:14:40.148215,$GLGSV,66,,35
2026-06-02T17:14:40.148215,$GLGSV,75,,17
2026-06-02T17:14:40.148215,$GLGSV,76,,15
2026-06-02T17:14:40.148215,$GLGSV,81,,37
2026-06-02T17:14:40.148605,$GLGSV,88,,39
2026-06-02T17:14:40.149737,$GAGSV,04,,34
2026-06-02T17:14:40.149737,$GAGSV,05,,25
2026-06-02T17:14:40.149737,$GAGSV,06,,36
2026-06-02T17:14:40.149737,$GAGSV,09,,23
2026-06-02T17:14:40.150442,$GAGSV,10,,37
2026-06-02T17:14:40.150442,$GAGSV,11,,34
2026-06-02T17:14:40.150442,$GAGSV,12,,35
2026-06-02T17:14:40.150442,$GAGSV,28,,16
2026-06-02T17:14:40.150998,$GAGSV,36,,30
2026-06-02T17:14:40.151727,$GAGSV,04,,35
2026-06-02T17:14:40.151727,$GAGSV,05,,33
2026-06-02T17:14:40.151727,$GAGSV,06,,37
2026-06-02T17:14:40.151727,$GAGSV,09,,18
2026-06-02T17:14:40.152472,$GAGSV,10,,41
2026-06-02T17:14:40.152472,$GAGSV,11,,36
2026-06-02T17:14:40.152472,$GAGSV,12,,37
2026-06-02T17:14:40.152472,$GAGSV,28,,19
2026-06-02T17:14:40.152866,$GAGSV,36,,33
2026-06-02T17:14:40.154056,$GBGSV,06,,36
2026-06-02T17:14:40.154056,$GBGSV,07,,40
2026-06-02T17:14:40.154056,$GBGSV,08,,24
2026-06-02T17:14:40.154056,$GBGSV,09,,37
2026-06-02T17:14:40.154708,$GBGSV,10,,40
2026-06-02T17:14:40.154708,$GBGSV,13,,29
2026-06-02T17:14:40.154708,$GBGSV,14,,32
2026-06-02T17:14:40.154708,$GBGSV,34,,41
2026-06-02T17:14:40.155287,$GBGSV,09,,32
2026-06-02T17:14:40.155287,$GBGSV,10,,33
2026-06-02T17:14:40.155287,$GBGSV,13,,07
2026-06-02T17:14:41.128193,$GPGSV,10,,28
2026-06-02T17:14:41.128193,$GPGSV,18,,42
2026-06-02T17:14:41.128193,$GPGSV,23,,39
2026-06-02T17:14:41.128193,$GPGSV,24,,27
2026-06-02T17:14:41.128937,$GPGSV,32,,38
2026-06-02T17:14:41.128937,$GPGSV,40,,34
2026-06-02T17:14:41.128937,$GPGSV,41,,40
2026-06-02T17:14:41.128937,$GPGSV,42,,41
2026-06-02T17:14:41.129657,$GPGSV,10,,15
2026-06-02T17:14:41.129657,$GPGSV,18,,41
2026-06-02T17:14:41.129657,$GPGSV,23,,33
2026-06-02T17:14:41.129657,$GPGSV,24,,18
2026-06-02T17:14:41.130055,$GPGSV,32,,33
2026-06-02T17:14:41.132287,$GLGSV,65,,34
2026-06-02T17:14:41.132287,$GLGSV,66,,25
2026-06-02T17:14:41.132287,$GLGSV,75,,17
2026-06-02T17:14:41.132287,$GLGSV,81,,33
2026-06-02T17:14:41.132772,$GLGSV,87,,17
2026-06-02T17:14:41.132772,$GLGSV,88,,42
2026-06-02T17:14:41.133447,$GLGSV,66,,37
2026-06-02T17:14:41.133447,$GLGSV,75,,17
2026-06-02T17:14:41.133447,$GLGSV,76,,17
2026-06-02T17:14:41.133447,$GLGSV,81,,37
2026-06-02T17:14:41.133847,$GLGSV,88,,40
2026-06-02T17:14:41.134971,$GAGSV,04,,34
2026-06-02T17:14:41.134971,$GAGSV,05,,25
2026-06-02T17:14:41.134971,$GAGSV,06,,37
2026-06-02T17:14:41.134971,$GAGSV,09,,23
2026-06-02T17:14:41.135665,$GAGSV,10,,38
2026-06-02T17:14:41.135665,$GAGSV,11,,34
2026-06-02T17:14:41.135665,$GAGSV,12,,35
2026-06-02T17:14:41.135665,$GAGSV,28,,16
2026-06-02T17:14:41.136058,$GAGSV,36,,30
2026-06-02T17:14:41.136734,$GAGSV,04,,36
2026-06-02T17:14:41.136734,$GAGSV,05,,34
2026-06-02T17:14:41.136734,$GAGSV,06,,37
2026-06-02T17:14:41.136734,$GAGSV,09,,17
2026-06-02T17:14:41.137422,$GAGSV,10,,41
2026-06-02T17:14:41.137422,$GAGSV,11,,36
2026-06-02T17:14:41.137422,$GAGSV,12,,37
2026-06-02T17:14:41.137422,$GAGSV,28,,20
2026-06-02T17:14:41.137820,$GAGSV,36,,33
2026-06-02T17:14:41.139023,$GBGSV,06,,36
2026-06-02T17:14:41.139023,$GBGSV,07,,40
2026-06-02T17:14:41.139023,$GBGSV,08,,23
2026-06-02T17:14:41.139023,$GBGSV,09,,37
2026-06-02T17:14:41.139698,$GBGSV,10,,40
2026-06-02T17:14:41.139698,$GBGSV,13,,29
2026-06-02T17:14:41.139698,$GBGSV,14,,31
2026-06-02T17:14:41.139698,$GBGSV,34,,41
2026-06-02T17:14:41.140261,$GBGSV,09,,32
2026-06-02T17:14:41.140261,$GBGSV,10,,34
2026-06-02T17:14:41.140261,$GBGSV,13,,07
2026-06-02T17:14:42.135770,$GPGSV,10,,28
2026-06-02T17:14:42.135770,$GPGSV,18,,42
2026-06-02T17:14:42.135770,$GPGSV,23,,39
2026-06-02T17:14:42.135770,$GPGSV,24,,27
2026-06-02T17:14:42.136484,$GPGSV,32,,38
2026-06-02T17:14:42.136484,$GPGSV,40,,33
2026-06-02T17:14:42.136484,$GPGSV,41,,40
2026-06-02T17:14:42.136484,$GPGSV,42,,41
2026-06-02T17:14:42.137201,$GPGSV,10,,16
2026-06-02T17:14:42.137201,$GPGSV,18,,41
2026-06-02T17:14:42.137201,$GPGSV,23,,33
2026-06-02T17:14:42.137201,$GPGSV,24,,18
2026-06-02T17:14:42.137580,$GPGSV,32,,33
2026-06-02T17:14:42.139747,$GLGSV,65,,34
2026-06-02T17:14:42.139747,$GLGSV,66,,24
2026-06-02T17:14:42.139747,$GLGSV,75,,17
2026-06-02T17:14:42.139747,$GLGSV,81,,33
2026-06-02T17:14:42.140230,$GLGSV,87,,18
2026-06-02T17:14:42.140230,$GLGSV,88,,42
2026-06-02T17:14:42.140862,$GLGSV,66,,37
2026-06-02T17:14:42.140862,$GLGSV,75,,18
2026-06-02T17:14:42.140862,$GLGSV,76,,18
2026-06-02T17:14:42.140862,$GLGSV,81,,38
2026-06-02T17:14:42.141233,$GLGSV,88,,40
2026-06-02T17:14:42.142234,$GAGSV,04,,34
2026-06-02T17:14:42.142234,$GAGSV,05,,25
2026-06-02T17:14:42.142234,$GAGSV,06,,36
2026-06-02T17:14:42.142234,$GAGSV,09,,22
2026-06-02T17:14:42.142839,$GAGSV,10,,38
2026-06-02T17:14:42.142839,$GAGSV,11,,33
2026-06-02T17:14:42.142839,$GAGSV,12,,34
2026-06-02T17:14:42.142839,$GAGSV,28,,14
2026-06-02T17:14:42.143184,$GAGSV,36,,30
2026-06-02T17:14:42.143782,$GAGSV,04,,36
2026-06-02T17:14:42.143782,$GAGSV,05,,33
2026-06-02T17:14:42.143782,$GAGSV,06,,37
2026-06-02T17:14:42.143782,$GAGSV,09,,17
2026-06-02T17:14:42.144392,$GAGSV,10,,41
2026-06-02T17:14:42.144392,$GAGSV,11,,36
2026-06-02T17:14:42.144392,$GAGSV,12,,37
2026-06-02T17:14:42.144392,$GAGSV,28,,20
2026-06-02T17:14:42.144724,$GAGSV,36,,33
2026-06-02T17:14:42.145758,$GBGSV,06,,37
2026-06-02T17:14:42.145758,$GBGSV,07,,40
2026-06-02T17:14:42.145758,$GBGSV,08,,23
2026-06-02T17:14:42.145758,$GBGSV,09,,37
2026-06-02T17:14:42.146346,$GBGSV,10,,40
2026-06-02T17:14:42.146346,$GBGSV,13,,30
2026-06-02T17:14:42.146346,$GBGSV,14,,32
2026-06-02T17:14:42.146346,$GBGSV,34,,41
2026-06-02T17:14:42.146849,$GBGSV,09,,32
2026-06-02T17:14:42.146849,$GBGSV,10,,34
2026-06-02T17:14:42.146849,$GBGSV,13,,07
2026-06-02T17:14:43.130863,$GPGSV,10,,28
2026-06-02T17:14:43.130863,$GPGSV,18,,42
2026-06-02T17:14:43.130863,$GPGSV,23,,39
2026-06-02T17:14:43.130863,$GPGSV,24,,27
2026-06-02T17:14:43.131582,$GPGSV,32,,38
2026-06-02T17:14:43.131582,$GPGSV,40,,34
2026-06-02T17:14:43.131582,$GPGSV,41,,40
2026-06-02T17:14:43.131582,$GPGSV,42,,41
2026-06-02T17:14:43.132273,$GPGSV,10,,16
2026-06-02T17:14:43.132273,$GPGSV,18,,41
2026-06-02T17:14:43.132273,$GPGSV,23,,33
2026-06-02T17:14:43.132273,$GPGSV,24,,19
2026-06-02T17:14:43.132670,$GPGSV,32,,34
2026-06-02T17:14:43.134943,$GLGSV,65,,34
2026-06-02T17:14:43.134943,$GLGSV,66,,22
2026-06-02T17:14:43.134943,$GLGSV,75,,19
2026-06-02T17:14:43.134943,$GLGSV,81,,33
2026-06-02T17:14:43.135433,$GLGSV,87,,16
2026-06-02T17:14:43.135433,$GLGSV,88,,42
2026-06-02T17:14:43.136089,$GLGSV,66,,36
2026-06-02T17:14:43.136089,$GLGSV,75,,17
2026-06-02T17:14:43.136089,$GLGSV,76,,19
2026-06-02T17:14:43.136089,$GLGSV,81,,38
2026-06-02T17:14:43.136461,$GLGSV,88,,41
2026-06-02T17:14:43.137536,$GAGSV,04,,34
2026-06-02T17:14:43.137536,$GAGSV,05,,24
2026-06-02T17:14:43.137536,$GAGSV,06,,36
2026-06-02T17:14:43.137536,$GAGSV,09,,23
2026-06-02T17:14:43.138182,$GAGSV,10,,38
2026-06-02T17:14:43.138182,$GAGSV,11,,34
2026-06-02T17:14:43.138182,$GAGSV,12,,34
2026-06-02T17:14:43.138182,$GAGSV,28,,15
2026-06-02T17:14:43.138546,$GAGSV,36,,30
2026-06-02T17:14:43.139173,$GAGSV,04,,36
2026-06-02T17:14:43.139173,$GAGSV,05,,33
2026-06-02T17:14:43.139173,$GAGSV,06,,37
2026-06-02T17:14:43.139173,$GAGSV,09,,17
2026-06-02T17:14:43.139812,$GAGSV,10,,41
2026-06-02T17:14:43.139812,$GAGSV,11,,36
2026-06-02T17:14:43.139812,$GAGSV,12,,37
2026-06-02T17:14:43.139812,$GAGSV,28,,20
2026-06-02T17:14:43.140205,$GAGSV,36,,33
2026-06-02T17:14:43.141427,$GBGSV,06,,37
2026-06-02T17:14:43.141427,$GBGSV,07,,40
2026-06-02T17:14:43.141427,$GBGSV,08,,24
2026-06-02T17:14:43.141427,$GBGSV,09,,37
2026-06-02T17:14:43.142071,$GBGSV,10,,40
2026-06-02T17:14:43.142071,$GBGSV,13,,29
2026-06-02T17:14:43.142071,$GBGSV,14,,32
2026-06-02T17:14:43.142071,$GBGSV,34,,42
2026-06-02T17:14:43.142604,$GBGSV,09,,33
2026-06-02T17:14:43.142604,$GBGSV,10,,35
2026-06-02T17:14:43.142604,$GBGSV,13,,07
2026-06-02T17:14:44.131728,$GPGSV,10,,28
2026-06-02T17:14:44.131728,$GPGSV,18,,42
2026-06-02T17:14:44.131728,$GPGSV,23,,39
2026-06-02T17:14:44.131728,$GPGSV,24,,27
2026-06-02T17:14:44.132444,$GPGSV,32,,38
2026-06-02T17:14:44.132444,$GPGSV,40,,34
2026-06-02T17:14:44.132444,$GPGSV,41,,40
2026-06-02T17:14:44.132444,$GPGSV,42,,41
2026-06-02T17:14:44.133142,$GPGSV,10,,16
2026-06-02T17:14:44.133142,$GPGSV,18,,42
2026-06-02T17:14:44.133142,$GPGSV,23,,34
2026-06-02T17:14:44.133142,$GPGSV,24,,19
2026-06-02T17:14:44.133535,$GPGSV,32,,35
2026-06-02T17:14:44.135766,$GLGSV,65,,33
2026-06-02T17:14:44.135766,$GLGSV,66,,20
2026-06-02T17:14:44.135766,$GLGSV,75,,18
2026-06-02T17:14:44.135766,$GLGSV,81,,34
2026-06-02T17:14:44.136235,$GLGSV,87,,17
2026-06-02T17:14:44.136235,$GLGSV,88,,42
2026-06-02T17:14:44.136887,$GLGSV,66,,37
2026-06-02T17:14:44.136887,$GLGSV,75,,18
2026-06-02T17:14:44.136887,$GLGSV,76,,20
2026-06-02T17:14:44.136887,$GLGSV,81,,37
2026-06-02T17:14:44.137260,$GLGSV,88,,41
2026-06-02T17:14:44.138347,$GAGSV,04,,34
2026-06-02T17:14:44.138347,$GAGSV,05,,25
2026-06-02T17:14:44.138347,$GAGSV,06,,36
2026-06-02T17:14:44.138347,$GAGSV,09,,23
2026-06-02T17:14:44.138986,$GAGSV,10,,38
2026-06-02T17:14:44.138986,$GAGSV,11,,34
2026-06-02T17:14:44.138986,$GAGSV,12,,34
2026-06-02T17:14:44.138986,$GAGSV,28,,15
2026-06-02T17:14:44.139327,$GAGSV,36,,30
2026-06-02T17:14:44.139920,$GAGSV,04,,36
2026-06-02T17:14:44.139920,$GAGSV,05,,34
2026-06-02T17:14:44.139920,$GAGSV,06,,37
2026-06-02T17:14:44.139920,$GAGSV,09,,16
2026-06-02T17:14:44.140519,$GAGSV,10,,41
2026-06-02T17:14:44.140519,$GAGSV,11,,36
2026-06-02T17:14:44.140519,$GAGSV,12,,37
2026-06-02T17:14:44.140519,$GAGSV,28,,20
2026-06-02T17:14:44.140863,$GAGSV,36,,33
2026-06-02T17:14:44.141957,$GBGSV,06,,36
2026-06-02T17:14:44.141957,$GBGSV,07,,40
2026-06-02T17:14:44.141957,$GBGSV,08,,24
2026-06-02T17:14:44.141957,$GBGSV,09,,37
2026-06-02T17:14:44.142563,$GBGSV,10,,40
2026-06-02T17:14:44.142563,$GBGSV,13,,30
2026-06-02T17:14:44.142563,$GBGSV,14,,32
2026-06-02T17:14:44.142563,$GBGSV,34,,42
2026-06-02T17:14:44.143100,$GBGSV,09,,33
2026-06-02T17:14:44.143100,$GBGSV,10,,35
2026-06-02T17:14:44.143100,$GBGSV,13,,07
2026-06-02T17:14:45.128612,$GPGSV,10,,26
2026-06-02T17:14:45.128612,$GPGSV,18,,41
2026-06-02T17:14:45.128612,$GPGSV,23,,39
2026-06-02T17:14:45.128612,$GPGSV,24,,28
2026-06-02T17:14:45.129238,$GPGSV,32,,38
2026-06-02T17:14:45.129238,$GPGSV,40,,34
2026-06-02T17:14:45.129238,$GPGSV,41,,40
2026-06-02T17:14:45.129238,$GPGSV,42,,41
2026-06-02T17:14:45.129857,$GPGSV,10,,15
2026-06-02T17:14:45.129857,$GPGSV,18,,42
2026-06-02T17:14:45.129857,$GPGSV,23,,34
2026-06-02T17:14:45.129857,$GPGSV,24,,19
2026-06-02T17:14:45.130211,$GPGSV,32,,34
2026-06-02T17:14:45.132131,$GLGSV,65,,34
2026-06-02T17:14:45.132131,$GLGSV,66,,17
2026-06-02T17:14:45.132131,$GLGSV,75,,18
2026-06-02T17:14:45.132131,$GLGSV,81,,34
2026-06-02T17:14:45.132551,$GLGSV,87,,17
2026-06-02T17:14:45.132551,$GLGSV,88,,42
2026-06-02T17:14:45.133137,$GLGSV,66,,36
2026-06-02T17:14:45.133137,$GLGSV,75,,20
2026-06-02T17:14:45.133137,$GLGSV,76,,21
2026-06-02T17:14:45.133137,$GLGSV,81,,38
2026-06-02T17:14:45.133473,$GLGSV,88,,41
2026-06-02T17:14:45.134445,$GAGSV,04,,33
2026-06-02T17:14:45.134445,$GAGSV,05,,25
2026-06-02T17:14:45.134445,$GAGSV,06,,36
2026-06-02T17:14:45.134445,$GAGSV,09,,22
2026-06-02T17:14:45.135034,$GAGSV,10,,38
2026-06-02T17:14:45.135034,$GAGSV,11,,34
2026-06-02T17:14:45.135034,$GAGSV,12,,34
2026-06-02T17:14:45.135034,$GAGSV,28,,15
2026-06-02T17:14:45.135369,$GAGSV,36,,30
2026-06-02T17:14:45.135952,$GAGSV,04,,36
2026-06-02T17:14:45.135952,$GAGSV,05,,34
2026-06-02T17:14:45.135952,$GAGSV,06,,37
2026-06-02T17:14:45.135952,$GAGSV,09,,15
2026-06-02T17:14:45.136554,$GAGSV,10,,41
2026-06-02T17:14:45.136554,$GAGSV,11,,36
2026-06-02T17:14:45.136554,$GAGSV,12,,37
2026-06-02T17:14:45.136554,$GAGSV,28,,20
2026-06-02T17:14:45.136892,$GAGSV,36,,33
2026-06-02T17:14:45.137925,$GBGSV,06,,36
2026-06-02T17:14:45.137925,$GBGSV,07,,40
2026-06-02T17:14:45.137925,$GBGSV,08,,23
2026-06-02T17:14:45.137925,$GBGSV,09,,37
2026-06-02T17:14:45.139588,$GBGSV,10,,40
2026-06-02T17:14:45.139588,$GBGSV,13,,29
2026-06-02T17:14:45.139588,$GBGSV,14,,31
2026-06-02T17:14:45.139588,$GBGSV,34,,42
2026-06-02T17:14:45.140113,$GBGSV,09,,33
2026-06-02T17:14:45.140113,$GBGSV,10,,35
2026-06-02T17:14:45.140113,$GBGSV,13,,08
2026-06-02T17:14:46.128784,$GPGSV,10,,26
2026-06-02T17:14:46.128784,$GPGSV,18,,42
2026-06-02T17:14:46.128784,$GPGSV,23,,39
2026-06-02T17:14:46.128784,$GPGSV,24,,29
2026-06-02T17:14:46.129496,$GPGSV,32,,38
2026-06-02T17:14:46.129496,$GPGSV,40,,34
2026-06-02T17:14:46.129496,$GPGSV,41,,40
2026-06-02T17:14:46.129496,$GPGSV,42,,41
2026-06-02T17:14:46.130201,$GPGSV,10,,15
2026-06-02T17:14:46.130201,$GPGSV,18,,41
2026-06-02T17:14:46.130201,$GPGSV,23,,34
2026-06-02T17:14:46.130201,$GPGSV,24,,19
2026-06-02T17:14:46.130594,$GPGSV,32,,35
2026-06-02T17:14:46.132760,$GLGSV,65,,34
2026-06-02T17:14:46.132760,$GLGSV,66,,16
2026-06-02T17:14:46.132760,$GLGSV,75,,17
2026-06-02T17:14:46.132760,$GLGSV,81,,34
2026-06-02T17:14:46.133225,$GLGSV,87,,18
2026-06-02T17:14:46.133225,$GLGSV,88,,42
2026-06-02T17:14:46.133901,$GLGSV,66,,36
2026-06-02T17:14:46.133901,$GLGSV,75,,20
2026-06-02T17:14:46.133901,$GLGSV,76,,22
2026-06-02T17:14:46.133901,$GLGSV,81,,38
2026-06-02T17:14:46.134261,$GLGSV,88,,40
2026-06-02T17:14:46.135284,$GAGSV,04,,33
2026-06-02T17:14:46.135284,$GAGSV,05,,25
2026-06-02T17:14:46.135284,$GAGSV,06,,36
2026-06-02T17:14:46.135284,$GAGSV,09,,22
2026-06-02T17:14:46.135928,$GAGSV,10,,38
2026-06-02T17:14:46.135928,$GAGSV,11,,34
2026-06-02T17:14:46.135928,$GAGSV,12,,34
2026-06-02T17:14:46.135928,$GAGSV,28,,15
2026-06-02T17:14:46.136273,$GAGSV,36,,30
2026-06-02T17:14:46.136876,$GAGSV,04,,36
2026-06-02T17:14:46.136876,$GAGSV,05,,33
2026-06-02T17:14:46.136876,$GAGSV,06,,37
2026-06-02T17:14:46.136876,$GAGSV,09,,14
2026-06-02T17:14:46.137486,$GAGSV,10,,41
2026-06-02T17:14:46.137486,$GAGSV,11,,36
2026-06-02T17:14:46.137486,$GAGSV,12,,37
2026-06-02T17:14:46.137486,$GAGSV,28,,20
2026-06-02T17:14:46.137843,$GAGSV,36,,33
2026-06-02T17:14:46.138957,$GBGSV,06,,36
2026-06-02T17:14:46.138957,$GBGSV,07,,40
2026-06-02T17:14:46.138957,$GBGSV,08,,23
2026-06-02T17:14:46.138957,$GBGSV,09,,37
2026-06-02T17:14:46.139564,$GBGSV,10,,40
2026-06-02T17:14:46.139564,$GBGSV,13,,29
2026-06-02T17:14:46.139564,$GBGSV,14,,32
2026-06-02T17:14:46.139564,$GBGSV,34,,42
2026-06-02T17:14:46.140092,$GBGSV,09,,33
2026-06-02T17:14:46.140092,$GBGSV,10,,35
2026-06-02T17:14:46.140092,$GBGSV,13,,08
2026-06-02T17:14:47.136452,$GPGSV,10,,27
2026-06-02T17:14:47.136452,$GPGSV,18,,42
2026-06-02T17:14:47.136452,$GPGSV,23,,39
2026-06-02T17:14:47.136452,$GPGSV,24,,29
2026-06-02T17:14:47.138874,$GPGSV,32,,38
2026-06-02T17:14:47.138874,$GPGSV,40,,34
2026-06-02T17:14:47.138874,$GPGSV,41,,40
2026-06-02T17:14:47.138874,$GPGSV,42,,41
2026-06-02T17:14:47.141135,$GPGSV,10,,16
2026-06-02T17:14:47.141135,$GPGSV,18,,41
2026-06-02T17:14:47.141135,$GPGSV,23,,34
2026-06-02T17:14:47.141135,$GPGSV,24,,20
2026-06-02T17:14:47.142525,$GPGSV,32,,34
2026-06-02T17:14:47.150033,$GLGSV,65,,34
2026-06-02T17:14:47.150033,$GLGSV,66,,18
2026-06-02T17:14:47.150033,$GLGSV,75,,17
2026-06-02T17:14:47.150033,$GLGSV,81,,35
2026-06-02T17:14:47.151377,$GLGSV,87,,19
2026-06-02T17:14:47.151377,$GLGSV,88,,42
2026-06-02T17:14:47.152813,$GLGSV,66,,36
2026-06-02T17:14:47.152813,$GLGSV,75,,22
2026-06-02T17:14:47.152813,$GLGSV,76,,23
2026-06-02T17:14:47.152813,$GLGSV,81,,38
2026-06-02T17:14:47.153683,$GLGSV,88,,40
2026-06-02T17:14:47.156035,$GAGSV,04,,33
2026-06-02T17:14:47.156035,$GAGSV,05,,25
2026-06-02T17:14:47.156035,$GAGSV,06,,36
2026-06-02T17:14:47.156035,$GAGSV,09,,22
2026-06-02T17:14:47.157131,$GAGSV,10,,38
2026-06-02T17:14:47.157131,$GAGSV,11,,33
2026-06-02T17:14:47.157131,$GAGSV,12,,34
2026-06-02T17:14:47.157131,$GAGSV,28,,16
2026-06-02T17:14:47.157858,$GAGSV,36,,30
2026-06-02T17:14:47.158520,$GAGSV,04,,36
2026-06-02T17:14:47.158520,$GAGSV,05,,33
2026-06-02T17:14:47.158520,$GAGSV,06,,37
2026-06-02T17:14:47.158520,$GAGSV,09,,10
2026-06-02T17:14:47.159157,$GAGSV,10,,41
2026-06-02T17:14:47.159157,$GAGSV,11,,36
2026-06-02T17:14:47.159157,$GAGSV,12,,37
2026-06-02T17:14:47.159157,$GAGSV,28,,21
2026-06-02T17:14:47.159493,$GAGSV,36,,33
2026-06-02T17:14:47.160759,$GBGSV,06,,36
2026-06-02T17:14:47.160759,$GBGSV,07,,40
2026-06-02T17:14:47.160759,$GBGSV,08,,23
2026-06-02T17:14:47.160759,$GBGSV,09,,36
2026-06-02T17:14:47.161359,$GBGSV,10,,40
2026-06-02T17:14:47.161359,$GBGSV,13,,31
2026-06-02T17:14:47.161359,$GBGSV,14,,31
2026-06-02T17:14:47.161359,$GBGSV,34,,42
2026-06-02T17:14:47.161861,$GBGSV,09,,33
2026-06-02T17:14:47.161861,$GBGSV,10,,35
2026-06-02T17:14:48.130311,$GPGSV,10,,26
2026-06-02T17:14:48.130311,$GPGSV,18,,42
2026-06-02T17:14:48.130311,$GPGSV,23,,39
2026-06-02T17:14:48.130311,$GPGSV,24,,29
2026-06-02T17:14:48.130973,$GPGSV,32,,38
2026-06-02T17:14:48.130973,$GPGSV,40,,34
2026-06-02T17:14:48.130973,$GPGSV,41,,40
2026-06-02T17:14:48.130973,$GPGSV,42,,41
2026-06-02T17:14:48.131580,$GPGSV,10,,15
2026-06-02T17:14:48.131580,$GPGSV,18,,41
2026-06-02T17:14:48.131580,$GPGSV,23,,34
2026-06-02T17:14:48.131580,$GPGSV,24,,20
2026-06-02T17:14:48.131928,$GPGSV,32,,34
2026-06-02T17:14:48.133915,$GLGSV,65,,35
2026-06-02T17:14:48.133915,$GLGSV,66,,21
2026-06-02T17:14:48.133915,$GLGSV,75,,17
2026-06-02T17:14:48.133915,$GLGSV,81,,35
2026-06-02T17:14:48.134337,$GLGSV,87,,19
2026-06-02T17:14:48.134337,$GLGSV,88,,42
2026-06-02T17:14:48.134922,$GLGSV,66,,35
2026-06-02T17:14:48.134922,$GLGSV,75,,23
2026-06-02T17:14:48.134922,$GLGSV,76,,25
2026-06-02T17:14:48.134922,$GLGSV,81,,37
2026-06-02T17:14:48.135258,$GLGSV,88,,40
2026-06-02T17:14:48.136234,$GAGSV,04,,34
2026-06-02T17:14:48.136234,$GAGSV,05,,25
2026-06-02T17:14:48.136234,$GAGSV,06,,36
2026-06-02T17:14:48.136234,$GAGSV,09,,23
2026-06-02T17:14:48.136847,$GAGSV,10,,38
2026-06-02T17:14:48.136847,$GAGSV,11,,34
2026-06-02T17:14:48.136847,$GAGSV,12,,34
2026-06-02T17:14:48.136847,$GAGSV,28,,16
2026-06-02T17:14:48.137185,$GAGSV,36,,30
2026-06-02T17:14:48.137860,$GAGSV,04,,36
2026-06-02T17:14:48.137860,$GAGSV,05,,33
2026-06-02T17:14:48.137860,$GAGSV,06,,37
2026-06-02T17:14:48.137860,$GAGSV,09,,09
2026-06-02T17:14:48.138458,$GAGSV,10,,41
2026-06-02T17:14:48.138458,$GAGSV,11,,36
2026-06-02T17:14:48.138458,$GAGSV,12,,37
2026-06-02T17:14:48.138458,$GAGSV,28,,20
2026-06-02T17:14:48.138791,$GAGSV,36,,33
2026-06-02T17:14:48.139850,$GBGSV,06,,36
2026-06-02T17:14:48.139850,$GBGSV,07,,40
2026-06-02T17:14:48.139850,$GBGSV,08,,24
2026-06-02T17:14:48.139850,$GBGSV,09,,36
2026-06-02T17:14:48.140455,$GBGSV,10,,40
2026-06-02T17:14:48.140455,$GBGSV,13,,30
2026-06-02T17:14:48.140455,$GBGSV,14,,31
2026-06-02T17:14:48.140455,$GBGSV,34,,42
2026-06-02T17:14:48.140874,$GBGSV,09,,33
2026-06-02T17:14:48.140874,$GBGSV,10,,35
2026-06-02T17:14:49.134136,$GPGSV,10,,26
2026-06-02T17:14:49.134136,$GPGSV,18,,42
2026-06-02T17:14:49.134136,$GPGSV,23,,39
2026-06-02T17:14:49.134136,$GPGSV,24,,29
2026-06-02T17:14:49.136414,$GPGSV,32,,38
2026-06-02T17:14:49.136414,$GPGSV,40,,33
2026-06-02T17:14:49.136414,$GPGSV,41,,40
2026-06-02T17:14:49.136414,$GPGSV,42,,41
2026-06-02T17:14:49.138731,$GPGSV,10,,14
2026-06-02T17:14:49.138731,$GPGSV,18,,41
2026-06-02T17:14:49.138731,$GPGSV,23,,34
2026-06-02T17:14:49.138731,$GPGSV,24,,20
2026-06-02T17:14:49.140040,$GPGSV,32,,34
2026-06-02T17:14:49.147548,$GLGSV,65,,35
2026-06-02T17:14:49.147548,$GLGSV,75,,16
2026-06-02T17:14:49.147548,$GLGSV,81,,35
2026-06-02T17:14:49.147548,$GLGSV,87,,19
2026-06-02T17:14:49.148879,$GLGSV,88,,42
2026-06-02T17:14:49.151051,$GLGSV,66,,35
2026-06-02T17:14:49.151051,$GLGSV,75,,25
2026-06-02T17:14:49.151051,$GLGSV,76,,25
2026-06-02T17:14:49.151051,$GLGSV,81,,37
2026-06-02T17:14:49.151905,$GLGSV,88,,40
2026-06-02T17:14:49.154314,$GAGSV,04,,34
2026-06-02T17:14:49.154314,$GAGSV,05,,25
2026-06-02T17:14:49.154314,$GAGSV,06,,36
2026-06-02T17:14:49.154314,$GAGSV,09,,22
2026-06-02T17:14:49.155764,$GAGSV,10,,38
2026-06-02T17:14:49.155764,$GAGSV,11,,33
2026-06-02T17:14:49.155764,$GAGSV,12,,34
2026-06-02T17:14:49.155764,$GAGSV,28,,17
2026-06-02T17:14:49.156428,$GAGSV,36,,29
2026-06-02T17:14:49.157516,$GAGSV,04,,36
2026-06-02T17:14:49.157516,$GAGSV,05,,33
2026-06-02T17:14:49.157516,$GAGSV,06,,37
2026-06-02T17:14:49.157516,$GAGSV,10,,41
2026-06-02T17:14:49.158609,$GAGSV,11,,36
2026-06-02T17:14:49.158609,$GAGSV,12,,37
2026-06-02T17:14:49.158609,$GAGSV,28,,20
2026-06-02T17:14:49.158609,$GAGSV,36,,33
2026-06-02T17:14:49.160705,$GBGSV,06,,36
2026-06-02T17:14:49.160705,$GBGSV,07,,40
2026-06-02T17:14:49.160705,$GBGSV,08,,25
2026-06-02T17:14:49.160705,$GBGSV,09,,36
2026-06-02T17:14:49.161559,$GBGSV,10,,40
2026-06-02T17:14:49.161559,$GBGSV,13,,30
2026-06-02T17:14:49.161559,$GBGSV,14,,31
2026-06-02T17:14:49.161559,$GBGSV,34,,42
2026-06-02T17:14:49.162187,$GBGSV,09,,33
2026-06-02T17:14:49.162187,$GBGSV,10,,35
2026-06-02T17:14:50.131418,$GPGSV,10,,27
2026-06-02T17:14:50.131418,$GPGSV,18,,42
2026-06-02T17:14:50.131418,$GPGSV,23,,39
2026-06-02T17:14:50.131418,$GPGSV,24,,29
2026-06-02T17:14:50.133750,$GPGSV,32,,38
2026-06-02T17:14:50.133750,$GPGSV,40,,33
2026-06-02T17:14:50.133750,$GPGSV,41,,40
2026-06-02T17:14:50.133750,$GPGSV,42,,41
2026-06-02T17:14:50.136049,$GPGSV,10,,14
2026-06-02T17:14:50.136049,$GPGSV,18,,41
2026-06-02T17:14:50.136049,$GPGSV,23,,34
2026-06-02T17:14:50.136049,$GPGSV,24,,20
2026-06-02T17:14:50.137382,$GPGSV,32,,34
2026-06-02T17:14:50.145936,$GLGSV,65,,34
2026-06-02T17:14:50.145936,$GLGSV,75,,18
2026-06-02T17:14:50.145936,$GLGSV,81,,35
2026-06-02T17:14:50.145936,$GLGSV,87,,19
2026-06-02T17:14:50.146790,$GLGSV,88,,42
2026-06-02T17:14:50.148220,$GLGSV,66,,35
2026-06-02T17:14:50.148220,$GLGSV,75,,25
2026-06-02T17:14:50.148220,$GLGSV,76,,25
2026-06-02T17:14:50.148220,$GLGSV,81,,37
2026-06-02T17:14:50.149061,$GLGSV,88,,40
2026-06-02T17:14:50.151311,$GAGSV,04,,34
2026-06-02T17:14:50.151311,$GAGSV,05,,25
2026-06-02T17:14:50.151311,$GAGSV,06,,36
2026-06-02T17:14:50.151311,$GAGSV,09,,23
2026-06-02T17:14:50.152383,$GAGSV,10,,38
2026-06-02T17:14:50.152383,$GAGSV,11,,34
2026-06-02T17:14:50.152383,$GAGSV,12,,34
2026-06-02T17:14:50.152383,$GAGSV,28,,17
2026-06-02T17:14:50.153021,$GAGSV,36,,29
2026-06-02T17:14:50.154185,$GAGSV,04,,36
2026-06-02T17:14:50.154185,$GAGSV,05,,34
2026-06-02T17:14:50.154185,$GAGSV,06,,37
2026-06-02T17:14:50.154185,$GAGSV,10,,41
2026-06-02T17:14:50.155491,$GAGSV,11,,36
2026-06-02T17:14:50.155491,$GAGSV,12,,37
2026-06-02T17:14:50.155491,$GAGSV,28,,21
2026-06-02T17:14:50.155491,$GAGSV,36,,33
2026-06-02T17:14:50.157092,$GBGSV,06,,37
2026-06-02T17:14:50.157092,$GBGSV,07,,40
2026-06-02T17:14:50.157092,$GBGSV,08,,24
2026-06-02T17:14:50.157092,$GBGSV,09,,36
2026-06-02T17:14:50.157946,$GBGSV,10,,40
2026-06-02T17:14:50.157946,$GBGSV,13,,30
2026-06-02T17:14:50.157946,$GBGSV,14,,31
2026-06-02T17:14:50.157946,$GBGSV,34,,42
2026-06-02T17:14:50.158563,$GBGSV,09,,33
2026-06-02T17:14:50.158563,$GBGSV,10,,35
2026-06-02T17:14:51.130036,$GPGSV,10,,27
2026-06-02T17:14:51.130036,$GPGSV,18,,42
2026-06-02T17:14:51.130036,$GPGSV,23,,39
2026-06-02T17:14:51.130036,$GPGSV,24,,29
2026-06-02T17:14:51.130760,$GPGSV,32,,38
2026-06-02T17:14:51.130760,$GPGSV,40,,33
2026-06-02T17:14:51.130760,$GPGSV,41,,40
2026-06-02T17:14:51.130760,$GPGSV,42,,41
2026-06-02T17:14:51.131466,$GPGSV,10,,14
2026-06-02T17:14:51.131466,$GPGSV,18,,41
2026-06-02T17:14:51.131466,$GPGSV,23,,34
2026-06-02T17:14:51.131466,$GPGSV,24,,20
2026-06-02T17:14:51.131866,$GPGSV,32,,34
2026-06-02T17:14:51.134201,$GLGSV,65,,34
2026-06-02T17:14:51.134201,$GLGSV,75,,18
2026-06-02T17:14:51.134201,$GLGSV,81,,35
2026-06-02T17:14:51.134201,$GLGSV,87,,20
2026-06-02T17:14:51.134611,$GLGSV,88,,42
2026-06-02T17:14:51.135316,$GLGSV,66,,35
2026-06-02T17:14:51.135316,$GLGSV,75,,26
2026-06-02T17:14:51.135316,$GLGSV,76,,26
2026-06-02T17:14:51.135316,$GLGSV,81,,37
2026-06-02T17:14:51.135711,$GLGSV,88,,41
2026-06-02T17:14:51.136844,$GAGSV,04,,34
2026-06-02T17:14:51.136844,$GAGSV,05,,25
2026-06-02T17:14:51.136844,$GAGSV,06,,36
2026-06-02T17:14:51.136844,$GAGSV,09,,22
2026-06-02T17:14:51.137552,$GAGSV,10,,38
2026-06-02T17:14:51.137552,$GAGSV,11,,34
2026-06-02T17:14:51.137552,$GAGSV,12,,34
2026-06-02T17:14:51.137552,$GAGSV,28,,17
2026-06-02T17:14:51.137960,$GAGSV,36,,29
2026-06-02T17:14:51.138661,$GAGSV,04,,35
2026-06-02T17:14:51.138661,$GAGSV,05,,33
2026-06-02T17:14:51.138661,$GAGSV,06,,37
2026-06-02T17:14:51.138661,$GAGSV,10,,41
2026-06-02T17:14:51.139519,$GAGSV,11,,36
2026-06-02T17:14:51.139519,$GAGSV,12,,37
2026-06-02T17:14:51.139519,$GAGSV,28,,21
2026-06-02T17:14:51.139519,$GAGSV,36,,33
2026-06-02T17:14:51.140756,$GBGSV,06,,37
2026-06-02T17:14:51.140756,$GBGSV,07,,40
2026-06-02T17:14:51.140756,$GBGSV,08,,23
2026-06-02T17:14:51.140756,$GBGSV,09,,37
2026-06-02T17:14:51.141446,$GBGSV,10,,40
2026-06-02T17:14:51.141446,$GBGSV,13,,30
2026-06-02T17:14:51.141446,$GBGSV,14,,32
2026-06-02T17:14:51.141446,$GBGSV,34,,42
2026-06-02T17:14:51.142051,$GBGSV,09,,32
2026-06-02T17:14:51.142051,$GBGSV,10,,35
2026-06-02T17:14:52.129320,$GPGSV,10,,27
2026-06-02T17:14:52.129320,$GPGSV,18,,42
2026-06-02T17:14:52.129320,$GPGSV,23,,38
2026-06-02T17:14:52.129320,$GPGSV,24,,29
2026-06-02T17:14:52.130045,$GPGSV,32,,38
2026-06-02T17:14:52.130045,$GPGSV,40,,33
2026-06-02T17:14:52.130045,$GPGSV,41,,40
2026-06-02T17:14:52.130045,$GPGSV,42,,41
2026-06-02T17:14:52.130741,$GPGSV,10,,13
2026-06-02T17:14:52.130741,$GPGSV,18,,41
2026-06-02T17:14:52.130741,$GPGSV,23,,34
2026-06-02T17:14:52.130741,$GPGSV,24,,20
2026-06-02T17:14:52.131135,$GPGSV,32,,34
2026-06-02T17:14:52.133378,$GLGSV,65,,34
2026-06-02T17:14:52.133378,$GLGSV,75,,19
2026-06-02T17:14:52.133378,$GLGSV,81,,35
2026-06-02T17:14:52.133378,$GLGSV,87,,20
2026-06-02T17:14:52.133788,$GLGSV,88,,42
2026-06-02T17:14:52.134871,$GLGSV,66,,35
2026-06-02T17:14:52.134871,$GLGSV,75,,26
2026-06-02T17:14:52.134871,$GLGSV,76,,26
2026-06-02T17:14:52.134871,$GLGSV,81,,36
2026-06-02T17:14:52.135328,$GLGSV,88,,41
2026-06-02T17:14:52.136468,$GAGSV,04,,34
2026-06-02T17:14:52.136468,$GAGSV,05,,24
2026-06-02T17:14:52.136468,$GAGSV,06,,36
2026-06-02T17:14:52.136468,$GAGSV,09,,23
2026-06-02T17:14:52.137233,$GAGSV,10,,38
2026-06-02T17:14:52.137233,$GAGSV,11,,34
2026-06-02T17:14:52.137233,$GAGSV,12,,34
2026-06-02T17:14:52.137233,$GAGSV,28,,17
2026-06-02T17:14:52.137655,$GAGSV,36,,30
2026-06-02T17:14:52.138344,$GAGSV,04,,35
2026-06-02T17:14:52.138344,$GAGSV,05,,33
2026-06-02T17:14:52.138344,$GAGSV,06,,37
2026-06-02T17:14:52.138344,$GAGSV,10,,41
2026-06-02T17:14:52.139042,$GAGSV,11,,36
2026-06-02T17:14:52.139042,$GAGSV,12,,37
2026-06-02T17:14:52.139042,$GAGSV,28,,21
2026-06-02T17:14:52.139042,$GAGSV,36,,33
2026-06-02T17:14:52.140252,$GBGSV,06,,36
2026-06-02T17:14:52.140252,$GBGSV,07,,40
2026-06-02T17:14:52.140252,$GBGSV,08,,23
2026-06-02T17:14:52.140252,$GBGSV,09,,37
2026-06-02T17:14:52.140883,$GBGSV,10,,40
2026-06-02T17:14:52.140883,$GBGSV,13,,30
2026-06-02T17:14:52.140883,$GBGSV,14,,31
2026-06-02T17:14:52.140883,$GBGSV,34,,42
2026-06-02T17:14:52.141332,$GBGSV,09,,33
2026-06-02T17:14:52.141332,$GBGSV,10,,35
2026-06-02T17:14:53.129362,$GPGSV,10,,26
2026-06-02T17:14:53.129362,$GPGSV,18,,42
2026-06-02T17:14:53.129362,$GPGSV,23,,38
2026-06-02T17:14:53.129362,$GPGSV,24,,28
2026-06-02T17:14:53.130114,$GPGSV,32,,38
2026-06-02T17:14:53.130114,$GPGSV,40,,33
2026-06-02T17:14:53.130114,$GPGSV,41,,40
2026-06-02T17:14:53.130114,$GPGSV,42,,41
2026-06-02T17:14:53.130812,$GPGSV,10,,13
2026-06-02T17:14:53.130812,$GPGSV,18,,41
2026-06-02T17:14:53.130812,$GPGSV,23,,34
2026-06-02T17:14:53.130812,$GPGSV,24,,20
2026-06-02T17:14:53.131207,$GPGSV,32,,34
2026-06-02T17:14:53.133448,$GLGSV,65,,34
2026-06-02T17:14:53.133448,$GLGSV,75,,20
2026-06-02T17:14:53.133448,$GLGSV,81,,36
2026-06-02T17:14:53.133448,$GLGSV,87,,20
2026-06-02T17:14:53.133864,$GLGSV,88,,42
2026-06-02T17:14:53.134551,$GLGSV,66,,35
2026-06-02T17:14:53.134551,$GLGSV,75,,26
2026-06-02T17:14:53.134551,$GLGSV,76,,26
2026-06-02T17:14:53.134551,$GLGSV,81,,36
2026-06-02T17:14:53.135031,$GLGSV,88,,41
2026-06-02T17:14:53.136802,$GAGSV,04,,34
2026-06-02T17:14:53.136802,$GAGSV,05,,25
2026-06-02T17:14:53.136802,$GAGSV,06,,36
2026-06-02T17:14:53.136802,$GAGSV,09,,23
2026-06-02T17:14:53.137718,$GAGSV,10,,38
2026-06-02T17:14:53.137718,$GAGSV,11,,34
2026-06-02T17:14:53.137718,$GAGSV,12,,35
2026-06-02T17:14:53.137718,$GAGSV,28,,17
2026-06-02T17:14:53.138135,$GAGSV,36,,30
2026-06-02T17:14:53.138981,$GAGSV,04,,35
2026-06-02T17:14:53.138981,$GAGSV,05,,33
2026-06-02T17:14:53.138981,$GAGSV,06,,37
2026-06-02T17:14:53.138981,$GAGSV,09,,19
2026-06-02T17:14:53.139783,$GAGSV,10,,41
2026-06-02T17:14:53.139783,$GAGSV,11,,35
2026-06-02T17:14:53.139783,$GAGSV,12,,36
2026-06-02T17:14:53.139783,$GAGSV,28,,21
2026-06-02T17:14:53.140187,$GAGSV,36,,33
2026-06-02T17:14:53.141404,$GBGSV,06,,36
2026-06-02T17:14:53.141404,$GBGSV,07,,40
2026-06-02T17:14:53.141404,$GBGSV,08,,23
2026-06-02T17:14:53.141404,$GBGSV,09,,37
2026-06-02T17:14:53.142105,$GBGSV,10,,40
2026-06-02T17:14:53.142105,$GBGSV,13,,30
2026-06-02T17:14:53.142105,$GBGSV,14,,31
2026-06-02T17:14:53.142105,$GBGSV,34,,42
2026-06-02T17:14:53.142600,$GBGSV,09,,33
2026-06-02T17:14:53.142600,$GBGSV,10,,35
2026-06-02T17:14:54.142214,$GPGSV,10,,26
2026-06-02T17:14:54.142214,$GPGSV,18,,42
2026-06-02T17:14:54.142214,$GPGSV,23,,38
2026-06-02T17:14:54.142214,$GPGSV,24,,27
2026-06-02T17:14:54.145271,$GPGSV,32,,38
2026-06-02T17:14:54.145271,$GPGSV,40,,34
2026-06-02T17:14:54.145271,$GPGSV,41,,40
2026-06-02T17:14:54.145271,$GPGSV,42,,41
2026-06-02T17:14:54.147513,$GPGSV,10,,13
2026-06-02T17:14:54.147513,$GPGSV,18,,41
2026-06-02T17:14:54.147513,$GPGSV,23,,34
2026-06-02T17:14:54.147513,$GPGSV,24,,21
2026-06-02T17:14:54.148788,$GPGSV,32,,34
2026-06-02T17:14:54.156115,$GLGSV,65,,34
2026-06-02T17:14:54.156115,$GLGSV,66,,31
2026-06-02T17:14:54.156115,$GLGSV,75,,19
2026-06-02T17:14:54.156115,$GLGSV,76,,18
2026-06-02T17:14:54.159066,$GLGSV,81,,35
2026-06-02T17:14:54.159066,$GLGSV,87,,20
2026-06-02T17:14:54.159066,$GLGSV,88,,42
2026-06-02T17:14:54.161212,$GLGSV,66,,35
2026-06-02T17:14:54.161212,$GLGSV,75,,26
2026-06-02T17:14:54.161212,$GLGSV,76,,26
2026-06-02T17:14:54.161212,$GLGSV,81,,36
2026-06-02T17:14:54.162086,$GLGSV,88,,41
2026-06-02T17:14:54.164357,$GAGSV,04,,34
2026-06-02T17:14:54.164357,$GAGSV,05,,25
2026-06-02T17:14:54.164357,$GAGSV,06,,36
2026-06-02T17:14:54.164357,$GAGSV,09,,24
2026-06-02T17:14:54.165704,$GAGSV,10,,38
2026-06-02T17:14:54.165704,$GAGSV,11,,34
2026-06-02T17:14:54.165704,$GAGSV,12,,35
2026-06-02T17:14:54.165704,$GAGSV,28,,17
2026-06-02T17:14:54.166322,$GAGSV,36,,30
2026-06-02T17:14:54.167361,$GAGSV,04,,36
2026-06-02T17:14:54.167361,$GAGSV,05,,33
2026-06-02T17:14:54.167361,$GAGSV,06,,37
2026-06-02T17:14:54.167361,$GAGSV,09,,20
2026-06-02T17:14:54.168405,$GAGSV,10,,41
2026-06-02T17:14:54.168405,$GAGSV,11,,36
2026-06-02T17:14:54.168405,$GAGSV,12,,37
2026-06-02T17:14:54.168405,$GAGSV,28,,22
2026-06-02T17:14:54.169004,$GAGSV,36,,33
2026-06-02T17:14:54.171002,$GBGSV,06,,37
2026-06-02T17:14:54.171002,$GBGSV,07,,40
2026-06-02T17:14:54.171002,$GBGSV,08,,23
2026-06-02T17:14:54.171002,$GBGSV,09,,37
2026-06-02T17:14:54.171832,$GBGSV,10,,40
2026-06-02T17:14:54.171832,$GBGSV,13,,31
2026-06-02T17:14:54.171832,$GBGSV,14,,31
2026-06-02T17:14:54.171832,$GBGSV,34,,42
2026-06-02T17:14:54.172421,$GBGSV,09,,33
2026-06-02T17:14:54.172421,$GBGSV,10,,35
2026-06-02T17:14:55.136788,$GPGSV,10,,26
2026-06-02T17:14:55.136788,$GPGSV,18,,42
2026-06-02T17:14:55.136788,$GPGSV,23,,38
2026-06-02T17:14:55.136788,$GPGSV,24,,26
2026-06-02T17:14:55.137529,$GPGSV,32,,37
2026-06-02T17:14:55.137529,$GPGSV,40,,33
2026-06-02T17:14:55.137529,$GPGSV,41,,40
2026-06-02T17:14:55.137529,$GPGSV,42,,41
2026-06-02T17:14:55.138275,$GPGSV,10,,13
2026-06-02T17:14:55.138275,$GPGSV,18,,41
2026-06-02T17:14:55.138275,$GPGSV,23,,35
2026-06-02T17:14:55.138275,$GPGSV,24,,22
2026-06-02T17:14:55.139691,$GPGSV,32,,35
2026-06-02T17:14:55.142534,$GLGSV,65,,35
2026-06-02T17:14:55.142534,$GLGSV,66,,31
2026-06-02T17:14:55.142534,$GLGSV,75,,19
2026-06-02T17:14:55.142534,$GLGSV,76,,18
2026-06-02T17:14:55.143633,$GLGSV,81,,36
2026-06-02T17:14:55.143633,$GLGSV,87,,20
2026-06-02T17:14:55.143633,$GLGSV,88,,42
2026-06-02T17:14:55.144489,$GLGSV,66,,35
2026-06-02T17:14:55.144489,$GLGSV,75,,26
2026-06-02T17:14:55.144489,$GLGSV,76,,27
2026-06-02T17:14:55.144489,$GLGSV,81,,36
2026-06-02T17:14:55.144969,$GLGSV,88,,41
2026-06-02T17:14:55.146401,$GAGSV,04,,34
2026-06-02T17:14:55.146401,$GAGSV,05,,25
2026-06-02T17:14:55.146401,$GAGSV,06,,36
2026-06-02T17:14:55.146401,$GAGSV,09,,24
2026-06-02T17:14:55.147241,$GAGSV,10,,38
2026-06-02T17:14:55.147241,$GAGSV,11,,34
2026-06-02T17:14:55.147241,$GAGSV,12,,35
2026-06-02T17:14:55.147241,$GAGSV,28,,16
2026-06-02T17:14:55.147719,$GAGSV,36,,30
2026-06-02T17:14:55.148548,$GAGSV,04,,36
2026-06-02T17:14:55.148548,$GAGSV,05,,33
2026-06-02T17:14:55.148548,$GAGSV,06,,37
2026-06-02T17:14:55.148548,$GAGSV,09,,21
2026-06-02T17:14:55.149389,$GAGSV,10,,41
2026-06-02T17:14:55.149389,$GAGSV,11,,35
2026-06-02T17:14:55.149389,$GAGSV,12,,36
2026-06-02T17:14:55.149389,$GAGSV,28,,22
2026-06-02T17:14:55.149884,$GAGSV,36,,33
2026-06-02T17:14:55.151330,$GBGSV,06,,37
2026-06-02T17:14:55.151330,$GBGSV,07,,40
2026-06-02T17:14:55.151330,$GBGSV,08,,23
2026-06-02T17:14:55.151330,$GBGSV,09,,36
2026-06-02T17:14:55.152156,$GBGSV,10,,40
2026-06-02T17:14:55.152156,$GBGSV,13,,30
2026-06-02T17:14:55.152156,$GBGSV,14,,32
2026-06-02T17:14:55.152156,$GBGSV,34,,40
2026-06-02T17:14:55.152742,$GBGSV,09,,33
2026-06-02T17:14:55.152742,$GBGSV,10,,36
2026-06-02T17:14:56.135282,$GPGSV,10,,32
2026-06-02T17:14:56.135282,$GPGSV,18,,42
2026-06-02T17:14:56.135282,$GPGSV,23,,39
2026-06-02T17:14:56.135282,$GPGSV,24,,27
2026-06-02T17:14:56.135930,$GPGSV,32,,25
2026-06-02T17:14:56.135930,$GPGSV,40,,32
2026-06-02T17:14:56.135930,$GPGSV,41,,41
2026-06-02T17:14:56.135930,$GPGSV,42,,41
2026-06-02T17:14:56.136543,$GPGSV,10,,15
2026-06-02T17:14:56.136543,$GPGSV,18,,42
2026-06-02T17:14:56.136543,$GPGSV,23,,35
2026-06-02T17:14:56.136543,$GPGSV,24,,23
2026-06-02T17:14:56.136892,$GPGSV,32,,22
2026-06-02T17:14:56.138877,$GLGSV,65,,34
2026-06-02T17:14:56.138877,$GLGSV,66,,24
2026-06-02T17:14:56.138877,$GLGSV,75,,21
2026-06-02T17:14:56.138877,$GLGSV,76,,18
2026-06-02T17:14:56.139387,$GLGSV,81,,33
2026-06-02T17:14:56.139387,$GLGSV,87,,17
2026-06-02T17:14:56.139387,$GLGSV,88,,41
2026-06-02T17:14:56.139977,$GLGSV,66,,32
2026-06-02T17:14:56.139977,$GLGSV,75,,25
2026-06-02T17:14:56.139977,$GLGSV,76,,25
2026-06-02T17:14:56.139977,$GLGSV,81,,34
2026-06-02T17:14:56.140315,$GLGSV,88,,37
2026-06-02T17:14:56.141286,$GAGSV,04,,33
2026-06-02T17:14:56.141286,$GAGSV,05,,25
2026-06-02T17:14:56.141286,$GAGSV,06,,35
2026-06-02T17:14:56.141286,$GAGSV,09,,21
2026-06-02T17:14:56.141889,$GAGSV,10,,38
2026-06-02T17:14:56.141889,$GAGSV,11,,34
2026-06-02T17:14:56.141889,$GAGSV,12,,34
2026-06-02T17:14:56.141889,$GAGSV,28,,14
2026-06-02T17:14:56.142227,$GAGSV,36,,29
2026-06-02T17:14:56.142813,$GAGSV,04,,33
2026-06-02T17:14:56.142813,$GAGSV,05,,30
2026-06-02T17:14:56.142813,$GAGSV,06,,39
2026-06-02T17:14:56.142813,$GAGSV,09,,22
2026-06-02T17:14:56.143409,$GAGSV,10,,37
2026-06-02T17:14:56.143409,$GAGSV,11,,36
2026-06-02T17:14:56.143409,$GAGSV,12,,36
2026-06-02T17:14:56.143409,$GAGSV,28,,21
2026-06-02T17:14:56.143746,$GAGSV,36,,34
2026-06-02T17:14:56.144780,$GBGSV,06,,37
2026-06-02T17:14:56.144780,$GBGSV,07,,42
2026-06-02T17:14:56.144780,$GBGSV,08,,23
2026-06-02T17:14:56.144780,$GBGSV,09,,36
2026-06-02T17:14:56.145372,$GBGSV,10,,40
2026-06-02T17:14:56.145372,$GBGSV,13,,30
2026-06-02T17:14:56.145372,$GBGSV,14,,26
2026-06-02T17:14:56.145372,$GBGSV,34,,40
2026-06-02T17:14:56.145805,$GBGSV,09,,33
2026-06-02T17:14:56.145805,$GBGSV,10,,37
2026-06-02T17:14:57.138944,$GPGSV,10,,27
2026-06-02T17:14:57.138944,$GPGSV,18,,42
2026-06-02T17:14:57.138944,$GPGSV,23,,39
2026-06-02T17:14:57.138944,$GPGSV,24,,33
2026-06-02T17:14:57.139702,$GPGSV,32,,31
2026-06-02T17:14:57.139702,$GPGSV,40,,29
2026-06-02T17:14:57.139702,$GPGSV,41,,41
2026-06-02T17:14:57.139702,$GPGSV,42,,41
2026-06-02T17:14:57.140435,$GPGSV,10,,17
2026-06-02T17:14:57.140435,$GPGSV,18,,42
2026-06-02T17:14:57.140435,$GPGSV,23,,35
2026-06-02T17:14:57.140435,$GPGSV,24,,24
2026-06-02T17:14:57.140847,$GPGSV,32,,23
2026-06-02T17:14:57.143243,$GLGSV,65,,32
2026-06-02T17:14:57.143243,$GLGSV,66,,29
2026-06-02T17:14:57.143243,$GLGSV,75,,21
2026-06-02T17:14:57.143243,$GLGSV,76,,17
2026-06-02T17:14:57.143860,$GLGSV,81,,36
2026-06-02T17:14:57.143860,$GLGSV,87,,18
2026-06-02T17:14:57.143860,$GLGSV,88,,36
2026-06-02T17:14:57.144575,$GLGSV,66,,35
2026-06-02T17:14:57.144575,$GLGSV,75,,24
2026-06-02T17:14:57.144575,$GLGSV,76,,23
2026-06-02T17:14:57.144575,$GLGSV,81,,25
2026-06-02T17:14:57.144985,$GLGSV,88,,36
2026-06-02T17:14:57.146158,$GAGSV,04,,32
2026-06-02T17:14:57.146158,$GAGSV,05,,23
2026-06-02T17:14:57.146158,$GAGSV,06,,37
2026-06-02T17:14:57.146158,$GAGSV,09,,19
2026-06-02T17:14:57.146854,$GAGSV,10,,38
2026-06-02T17:14:57.146854,$GAGSV,11,,34
2026-06-02T17:14:57.146854,$GAGSV,12,,34
2026-06-02T17:14:57.146854,$GAGSV,28,,12
2026-06-02T17:14:57.147249,$GAGSV,36,,28
2026-06-02T17:14:57.147937,$GAGSV,04,,32
2026-06-02T17:14:57.147937,$GAGSV,05,,30
2026-06-02T17:14:57.147937,$GAGSV,06,,41
2026-06-02T17:14:57.147937,$GAGSV,09,,31
2026-06-02T17:14:57.148624,$GAGSV,10,,41
2026-06-02T17:14:57.148624,$GAGSV,11,,37
2026-06-02T17:14:57.148624,$GAGSV,12,,36
2026-06-02T17:14:57.148624,$GAGSV,36,,30
2026-06-02T17:14:57.149866,$GBGSV,06,,37
2026-06-02T17:14:57.149866,$GBGSV,07,,41
2026-06-02T17:14:57.149866,$GBGSV,08,,24
2026-06-02T17:14:57.149866,$GBGSV,09,,34
2026-06-02T17:14:57.150555,$GBGSV,10,,41
2026-06-02T17:14:57.150555,$GBGSV,13,,23
2026-06-02T17:14:57.150555,$GBGSV,14,,27
2026-06-02T17:14:57.150555,$GBGSV,34,,41
2026-06-02T17:14:57.151055,$GBGSV,09,,32
2026-06-02T17:14:57.151055,$GBGSV,10,,35
2026-06-02T17:14:58.134270,$GPGSV,10,,26
2026-06-02T17:14:58.134270,$GPGSV,18,,42
2026-06-02T17:14:58.134270,$GPGSV,23,,39
2026-06-02T17:14:58.134270,$GPGSV,24,,28
2026-06-02T17:14:58.134960,$GPGSV,32,,35
2026-06-02T17:14:58.134960,$GPGSV,40,,28
2026-06-02T17:14:58.134960,$GPGSV,41,,41
2026-06-02T17:14:58.134960,$GPGSV,42,,41
2026-06-02T17:14:58.135628,$GPGSV,10,,18
2026-06-02T17:14:58.135628,$GPGSV,18,,40
2026-06-02T17:14:58.135628,$GPGSV,23,,34
2026-06-02T17:14:58.135628,$GPGSV,24,,29
2026-06-02T17:14:58.135990,$GPGSV,32,,22
2026-06-02T17:14:58.138077,$GLGSV,65,,32
2026-06-02T17:14:58.138077,$GLGSV,66,,33
2026-06-02T17:14:58.138077,$GLGSV,75,,20
2026-06-02T17:14:58.138077,$GLGSV,76,,15
2026-06-02T17:14:58.138623,$GLGSV,81,,29
2026-06-02T17:14:58.138623,$GLGSV,87,,17
2026-06-02T17:14:58.138623,$GLGSV,88,,35
2026-06-02T17:14:58.139266,$GLGSV,66,,35
2026-06-02T17:14:58.139266,$GLGSV,75,,22
2026-06-02T17:14:58.139266,$GLGSV,76,,20
2026-06-02T17:14:58.139266,$GLGSV,81,,26
2026-06-02T17:14:58.139614,$GLGSV,88,,36
2026-06-02T17:14:58.140605,$GAGSV,04,,31
2026-06-02T17:14:58.140605,$GAGSV,05,,24
2026-06-02T17:14:58.140605,$GAGSV,06,,38
2026-06-02T17:14:58.140605,$GAGSV,09,,22
2026-06-02T17:14:58.141191,$GAGSV,10,,39
2026-06-02T17:14:58.141191,$GAGSV,11,,35
2026-06-02T17:14:58.141191,$GAGSV,12,,34
2026-06-02T17:14:58.141191,$GAGSV,28,,13
2026-06-02T17:14:58.141529,$GAGSV,36,,28
2026-06-02T17:14:58.142138,$GAGSV,04,,30
2026-06-02T17:14:58.142138,$GAGSV,05,,23
2026-06-02T17:14:58.142138,$GAGSV,06,,37
2026-06-02T17:14:58.142138,$GAGSV,09,,26
2026-06-02T17:14:58.142730,$GAGSV,10,,39
2026-06-02T17:14:58.142730,$GAGSV,11,,36
2026-06-02T17:14:58.142730,$GAGSV,12,,37
2026-06-02T17:14:58.142730,$GAGSV,36,,25
2026-06-02T17:14:58.143768,$GBGSV,06,,39
2026-06-02T17:14:58.143768,$GBGSV,07,,42
2026-06-02T17:14:58.143768,$GBGSV,08,,25
2026-06-02T17:14:58.143768,$GBGSV,09,,36
2026-06-02T17:14:58.144368,$GBGSV,10,,43
2026-06-02T17:14:58.144368,$GBGSV,13,,30
2026-06-02T17:14:58.144368,$GBGSV,14,,26
2026-06-02T17:14:58.144368,$GBGSV,34,,41
2026-06-02T17:14:58.144789,$GBGSV,09,,32
2026-06-02T17:14:58.144789,$GBGSV,10,,36
2026-06-02T17:14:59.133808,$GPGSV,10,,35
2026-06-02T17:14:59.133808,$GPGSV,18,,42
2026-06-02T17:14:59.133808,$GPGSV,23,,38
2026-06-02T17:14:59.133808,$GPGSV,24,,28
2026-06-02T17:14:59.136023,$GPGSV,32,,34
2026-06-02T17:14:59.136023,$GPGSV,40,,27
2026-06-02T17:14:59.136023,$GPGSV,41,,37
2026-06-02T17:14:59.136023,$GPGSV,42,,39
2026-06-02T17:14:59.138310,$GPGSV,10,,16
2026-06-02T17:14:59.138310,$GPGSV,18,,41
2026-06-02T17:14:59.138310,$GPGSV,23,,33
2026-06-02T17:14:59.138310,$GPGSV,24,,29
2026-06-02T17:14:59.139565,$GPGSV,32,,20
2026-06-02T17:14:59.147398,$GLGSV,65,,31
2026-06-02T17:14:59.147398,$GLGSV,66,,36
2026-06-02T17:14:59.147398,$GLGSV,75,,22
2026-06-02T17:14:59.147398,$GLGSV,76,,15
2026-06-02T17:14:59.149930,$GLGSV,81,,29
2026-06-02T17:14:59.149930,$GLGSV,87,,17
2026-06-02T17:14:59.149930,$GLGSV,88,,34
2026-06-02T17:14:59.151873,$GLGSV,66,,33
2026-06-02T17:14:59.151873,$GLGSV,75,,20
2026-06-02T17:14:59.151873,$GLGSV,76,,18
2026-06-02T17:14:59.151873,$GLGSV,81,,24
2026-06-02T17:14:59.152705,$GLGSV,88,,32
2026-06-02T17:14:59.155070,$GAGSV,04,,30
2026-06-02T17:14:59.155070,$GAGSV,05,,22
2026-06-02T17:14:59.155070,$GAGSV,06,,34
2026-06-02T17:14:59.155070,$GAGSV,09,,25
2026-06-02T17:14:59.155822,$GAGSV,10,,39
2026-06-02T17:14:59.155822,$GAGSV,11,,34
2026-06-02T17:14:59.155822,$GAGSV,12,,35
2026-06-02T17:14:59.155822,$GAGSV,28,,15
2026-06-02T17:14:59.156171,$GAGSV,36,,26
2026-06-02T17:14:59.156751,$GAGSV,04,,31
2026-06-02T17:14:59.156751,$GAGSV,05,,22
2026-06-02T17:14:59.156751,$GAGSV,06,,41
2026-06-02T17:14:59.156751,$GAGSV,09,,24
2026-06-02T17:14:59.157357,$GAGSV,10,,40
2026-06-02T17:14:59.157357,$GAGSV,11,,35
2026-06-02T17:14:59.157357,$GAGSV,12,,36
2026-06-02T17:14:59.157357,$GAGSV,36,,24
2026-06-02T17:14:59.158400,$GBGSV,06,,37
2026-06-02T17:14:59.158400,$GBGSV,07,,42
2026-06-02T17:14:59.158400,$GBGSV,08,,25
2026-06-02T17:14:59.158400,$GBGSV,09,,36
2026-06-02T17:14:59.158970,$GBGSV,10,,42
2026-06-02T17:14:59.158970,$GBGSV,13,,31
2026-06-02T17:14:59.158970,$GBGSV,14,,26
2026-06-02T17:14:59.158970,$GBGSV,34,,40
2026-06-02T17:14:59.159376,$GBGSV,09,,31
2026-06-02T17:14:59.159376,$GBGSV,10,,37
2026-06-02T17:15:00.134942,$GPGSV,10,,36
2026-06-02T17:15:00.134942,$GPGSV,18,,41
2026-06-02T17:15:00.134942,$GPGSV,23,,37
2026-06-02T17:15:00.134942,$GPGSV,24,,32
2026-06-02T17:15:00.135582,$GPGSV,32,,35
2026-06-02T17:15:00.135582,$GPGSV,40,,31
2026-06-02T17:15:00.135582,$GPGSV,41,,39
2026-06-02T17:15:00.135582,$GPGSV,42,,39
2026-06-02T17:15:00.136194,$GPGSV,10,,17
2026-06-02T17:15:00.136194,$GPGSV,18,,41
2026-06-02T17:15:00.136194,$GPGSV,23,,37
2026-06-02T17:15:00.136194,$GPGSV,24,,25
2026-06-02T17:15:00.136541,$GPGSV,32,,21
2026-06-02T17:15:00.139117,$GLGSV,65,,31
2026-06-02T17:15:00.139117,$GLGSV,66,,33
2026-06-02T17:15:00.139117,$GLGSV,75,,22
2026-06-02T17:15:00.139117,$GLGSV,76,,15
2026-06-02T17:15:00.139670,$GLGSV,81,,23
2026-06-02T17:15:00.139670,$GLGSV,87,,15
2026-06-02T17:15:00.139670,$GLGSV,88,,39
2026-06-02T17:15:00.140262,$GLGSV,66,,30
2026-06-02T17:15:00.140262,$GLGSV,75,,22
2026-06-02T17:15:00.140262,$GLGSV,76,,16
2026-06-02T17:15:00.140262,$GLGSV,81,,34
2026-06-02T17:15:00.140604,$GLGSV,88,,38
2026-06-02T17:15:00.141567,$GAGSV,04,,30
2026-06-02T17:15:00.141567,$GAGSV,05,,26
2026-06-02T17:15:00.141567,$GAGSV,06,,37
2026-06-02T17:15:00.141567,$GAGSV,09,,23
2026-06-02T17:15:00.142175,$GAGSV,10,,39
2026-06-02T17:15:00.142175,$GAGSV,11,,34
2026-06-02T17:15:00.142175,$GAGSV,12,,34
2026-06-02T17:15:00.142175,$GAGSV,28,,15
2026-06-02T17:15:00.142511,$GAGSV,36,,23
2026-06-02T17:15:00.143095,$GAGSV,04,,31
2026-06-02T17:15:00.143095,$GAGSV,05,,22
2026-06-02T17:15:00.143095,$GAGSV,06,,40
2026-06-02T17:15:00.143095,$GAGSV,09,,24
2026-06-02T17:15:00.143691,$GAGSV,10,,40
2026-06-02T17:15:00.143691,$GAGSV,11,,37
2026-06-02T17:15:00.143691,$GAGSV,12,,36
2026-06-02T17:15:00.143691,$GAGSV,36,,22
2026-06-02T17:15:00.144731,$GBGSV,06,,41
2026-06-02T17:15:00.144731,$GBGSV,07,,42
2026-06-02T17:15:00.144731,$GBGSV,08,,25
2026-06-02T17:15:00.144731,$GBGSV,09,,37
2026-06-02T17:15:00.145319,$GBGSV,10,,40
2026-06-02T17:15:00.145319,$GBGSV,13,,30
2026-06-02T17:15:00.145319,$GBGSV,14,,25
2026-06-02T17:15:00.145319,$GBGSV,34,,38
2026-06-02T17:15:00.145752,$GBGSV,09,,31
2026-06-02T17:15:00.145752,$GBGSV,10,,36
2026-06-02T17:15:01.132715,$GPGSV,10,,32
2026-06-02T17:15:01.132715,$GPGSV,18,,42
2026-06-02T17:15:01.132715,$GPGSV,23,,38
2026-06-02T17:15:01.132715,$GPGSV,24,,33
2026-06-02T17:15:01.133420,$GPGSV,32,,30
2026-06-02T17:15:01.133420,$GPGSV,40,,30
2026-06-02T17:15:01.133420,$GPGSV,41,,31
2026-06-02T17:15:01.133420,$GPGSV,42,,35
2026-06-02T17:15:01.134119,$GPGSV,10,,22
2026-06-02T17:15:01.134119,$GPGSV,18,,39
2026-06-02T17:15:01.134119,$GPGSV,23,,36
2026-06-02T17:15:01.134119,$GPGSV,24,,31
2026-06-02T17:15:01.134515,$GPGSV,32,,20
2026-06-02T17:15:01.136763,$GLGSV,65,,31
2026-06-02T17:15:01.136763,$GLGSV,66,,31
2026-06-02T17:15:01.136763,$GLGSV,75,,20
2026-06-02T17:15:01.136763,$GLGSV,76,,14
2026-06-02T17:15:01.137353,$GLGSV,81,,25
2026-06-02T17:15:01.137353,$GLGSV,87,,15
2026-06-02T17:15:01.137353,$GLGSV,88,,39
2026-06-02T17:15:01.138055,$GLGSV,66,,32
2026-06-02T17:15:01.138055,$GLGSV,75,,22
2026-06-02T17:15:01.138055,$GLGSV,76,,17
2026-06-02T17:15:01.138055,$GLGSV,81,,28
2026-06-02T17:15:01.138581,$GLGSV,88,,37
2026-06-02T17:15:01.139778,$GAGSV,04,,30
2026-06-02T17:15:01.139778,$GAGSV,05,,31
2026-06-02T17:15:01.139778,$GAGSV,06,,39
2026-06-02T17:15:01.139778,$GAGSV,09,,23
2026-06-02T17:15:01.140465,$GAGSV,10,,38
2026-06-02T17:15:01.140465,$GAGSV,11,,34
2026-06-02T17:15:01.140465,$GAGSV,12,,33
2026-06-02T17:15:01.140465,$GAGSV,28,,14
2026-06-02T17:15:01.140858,$GAGSV,36,,21
2026-06-02T17:15:01.141543,$GAGSV,04,,35
2026-06-02T17:15:01.141543,$GAGSV,05,,32
2026-06-02T17:15:01.141543,$GAGSV,06,,40
2026-06-02T17:15:01.141543,$GAGSV,09,,25
2026-06-02T17:15:01.142264,$GAGSV,10,,38
2026-06-02T17:15:01.142264,$GAGSV,11,,37
2026-06-02T17:15:01.142264,$GAGSV,12,,36
2026-06-02T17:15:01.142264,$GAGSV,36,,22
2026-06-02T17:15:01.143443,$GBGSV,06,,40
2026-06-02T17:15:01.143443,$GBGSV,07,,42
2026-06-02T17:15:01.143443,$GBGSV,08,,25
2026-06-02T17:15:01.143443,$GBGSV,09,,39
2026-06-02T17:15:01.144101,$GBGSV,10,,41
2026-06-02T17:15:01.144101,$GBGSV,13,,30
2026-06-02T17:15:01.144101,$GBGSV,14,,24
2026-06-02T17:15:01.144101,$GBGSV,34,,41
2026-06-02T17:15:01.144576,$GBGSV,09,,32
2026-06-02T17:15:01.144576,$GBGSV,10,,36
2026-06-02T17:15:02.131241,$GPGSV,10,,28
2026-06-02T17:15:02.131241,$GPGSV,18,,43
2026-06-02T17:15:02.131241,$GPGSV,23,,38
2026-06-02T17:15:02.131241,$GPGSV,24,,31
2026-06-02T17:15:02.131879,$GPGSV,32,,23
2026-06-02T17:15:02.131879,$GPGSV,41,,37
2026-06-02T17:15:02.131879,$GPGSV,42,,37
2026-06-02T17:15:02.132601,$GPGSV,10,,25
2026-06-02T17:15:02.132601,$GPGSV,18,,40
2026-06-02T17:15:02.132601,$GPGSV,23,,37
2026-06-02T17:15:02.132601,$GPGSV,24,,30
2026-06-02T17:15:02.133010,$GPGSV,32,,20
2026-06-02T17:15:02.135462,$GLGSV,65,,27
2026-06-02T17:15:02.135462,$GLGSV,66,,32
2026-06-02T17:15:02.135462,$GLGSV,75,,20
2026-06-02T17:15:02.135462,$GLGSV,76,,13
2026-06-02T17:15:02.136383,$GLGSV,81,,37
2026-06-02T17:15:02.136383,$GLGSV,87,,16
2026-06-02T17:15:02.136383,$GLGSV,88,,39
2026-06-02T17:15:02.137436,$GLGSV,66,,39
2026-06-02T17:15:02.137436,$GLGSV,75,,20
2026-06-02T17:15:02.137436,$GLGSV,76,,16
2026-06-02T17:15:02.137436,$GLGSV,81,,28
2026-06-02T17:15:02.138104,$GLGSV,88,,37
2026-06-02T17:15:02.139991,$GAGSV,04,,30
2026-06-02T17:15:02.139991,$GAGSV,05,,23
2026-06-02T17:15:02.139991,$GAGSV,06,,38
2026-06-02T17:15:02.139991,$GAGSV,09,,23
2026-06-02T17:15:02.141199,$GAGSV,10,,38
2026-06-02T17:15:02.141199,$GAGSV,11,,35
2026-06-02T17:15:02.141199,$GAGSV,12,,32
2026-06-02T17:15:02.141199,$GAGSV,28,,13
2026-06-02T17:15:02.141802,$GAGSV,36,,24
2026-06-02T17:15:02.142487,$GAGSV,04,,36
2026-06-02T17:15:02.142487,$GAGSV,05,,25
2026-06-02T17:15:02.142487,$GAGSV,06,,40
2026-06-02T17:15:02.142487,$GAGSV,09,,29
2026-06-02T17:15:02.143283,$GAGSV,10,,39
2026-06-02T17:15:02.143283,$GAGSV,11,,36
2026-06-02T17:15:02.143283,$GAGSV,12,,36
2026-06-02T17:15:02.143283,$GAGSV,36,,29
2026-06-02T17:15:02.144507,$GBGSV,06,,40
2026-06-02T17:15:02.144507,$GBGSV,07,,42
2026-06-02T17:15:02.144507,$GBGSV,08,,27
2026-06-02T17:15:02.144507,$GBGSV,09,,38
2026-06-02T17:15:02.145191,$GBGSV,10,,38
2026-06-02T17:15:02.145191,$GBGSV,13,,24
2026-06-02T17:15:02.145191,$GBGSV,14,,26
2026-06-02T17:15:02.145191,$GBGSV,34,,38
2026-06-02T17:15:02.145698,$GBGSV,09,,33
2026-06-02T17:15:02.145698,$GBGSV,10,,36
2026-06-02T17:15:03.132976,$GPGSV,10,,30
2026-06-02T17:15:03.132976,$GPGSV,18,,42
2026-06-02T17:15:03.132976,$GPGSV,23,,39
2026-06-02T17:15:03.132976,$GPGSV,24,,27
2026-06-02T17:15:03.133617,$GPGSV,32,,32
2026-06-02T17:15:03.133617,$GPGSV,41,,38
2026-06-02T17:15:03.133617,$GPGSV,42,,40
2026-06-02T17:15:03.134355,$GPGSV,10,,30
2026-06-02T17:15:03.134355,$GPGSV,18,,41
2026-06-02T17:15:03.134355,$GPGSV,23,,35
2026-06-02T17:15:03.134355,$GPGSV,24,,30
2026-06-02T17:15:03.134771,$GPGSV,32,,23
2026-06-02T17:15:03.137173,$GLGSV,65,,29
2026-06-02T17:15:03.137173,$GLGSV,66,,31
2026-06-02T17:15:03.137173,$GLGSV,75,,18
2026-06-02T17:15:03.137173,$GLGSV,76,,13
2026-06-02T17:15:03.137966,$GLGSV,81,,37
2026-06-02T17:15:03.137966,$GLGSV,87,,14
2026-06-02T17:15:03.137966,$GLGSV,88,,37
2026-06-02T17:15:03.139019,$GLGSV,66,,28
2026-06-02T17:15:03.139019,$GLGSV,75,,18
2026-06-02T17:15:03.139019,$GLGSV,76,,16
2026-06-02T17:15:03.139019,$GLGSV,81,,28
2026-06-02T17:15:03.139519,$GLGSV,88,,38
2026-06-02T17:15:03.140651,$GAGSV,04,,31
2026-06-02T17:15:03.140651,$GAGSV,05,,24
2026-06-02T17:15:03.140651,$GAGSV,06,,38
2026-06-02T17:15:03.140651,$GAGSV,09,,26
2026-06-02T17:15:03.141347,$GAGSV,10,,37
2026-06-02T17:15:03.141347,$GAGSV,11,,35
2026-06-02T17:15:03.141347,$GAGSV,12,,33
2026-06-02T17:15:03.141347,$GAGSV,28,,15
2026-06-02T17:15:03.141765,$GAGSV,36,,25
2026-06-02T17:15:03.142449,$GAGSV,04,,36
2026-06-02T17:15:03.142449,$GAGSV,05,,25
2026-06-02T17:15:03.142449,$GAGSV,06,,40
2026-06-02T17:15:03.142449,$GAGSV,09,,29
2026-06-02T17:15:03.143137,$GAGSV,10,,40
2026-06-02T17:15:03.143137,$GAGSV,11,,36
2026-06-02T17:15:03.143137,$GAGSV,12,,36
2026-06-02T17:15:03.143137,$GAGSV,28,,22
2026-06-02T17:15:03.143529,$GAGSV,36,,30
2026-06-02T17:15:03.144738,$GBGSV,06,,40
2026-06-02T17:15:03.144738,$GBGSV,07,,43
2026-06-02T17:15:03.144738,$GBGSV,08,,27
2026-06-02T17:15:03.144738,$GBGSV,09,,36
2026-06-02T17:15:03.145424,$GBGSV,10,,40
2026-06-02T17:15:03.145424,$GBGSV,13,,30
2026-06-02T17:15:03.145424,$GBGSV,14,,27
2026-06-02T17:15:03.145424,$GBGSV,34,,40
2026-06-02T17:15:03.146007,$GBGSV,09,,32
2026-06-02T17:15:03.146007,$GBGSV,10,,37
2026-06-02T17:15:04.132094,$GPGSV,10,,36
2026-06-02T17:15:04.132094,$GPGSV,18,,42
2026-06-02T17:15:04.132094,$GPGSV,23,,38
2026-06-02T17:15:04.132094,$GPGSV,24,,35
2026-06-02T17:15:04.133071,$GPGSV,32,,26
2026-06-02T17:15:04.133071,$GPGSV,41,,41
2026-06-02T17:15:04.133071,$GPGSV,42,,35
2026-06-02T17:15:04.134174,$GPGSV,10,,24
2026-06-02T17:15:04.134174,$GPGSV,18,,41
2026-06-02T17:15:04.134174,$GPGSV,23,,36
2026-06-02T17:15:04.134174,$GPGSV,24,,29
2026-06-02T17:15:04.134636,$GPGSV,32,,25
2026-06-02T17:15:04.137003,$GLGSV,65,,34
2026-06-02T17:15:04.137003,$GLGSV,66,,34
2026-06-02T17:15:04.137003,$GLGSV,75,,18
2026-06-02T17:15:04.137003,$GLGSV,76,,12
2026-06-02T17:15:04.137576,$GLGSV,81,,37
2026-06-02T17:15:04.137576,$GLGSV,87,,14
2026-06-02T17:15:04.137576,$GLGSV,88,,39
2026-06-02T17:15:04.138386,$GLGSV,66,,28
2026-06-02T17:15:04.138386,$GLGSV,75,,20
2026-06-02T17:15:04.138386,$GLGSV,76,,15
2026-06-02T17:15:04.138386,$GLGSV,81,,29
2026-06-02T17:15:04.139014,$GLGSV,88,,38
2026-06-02T17:15:04.140657,$GAGSV,04,,33
2026-06-02T17:15:04.140657,$GAGSV,05,,26
2026-06-02T17:15:04.140657,$GAGSV,06,,37
2026-06-02T17:15:04.140657,$GAGSV,09,,29
2026-06-02T17:15:04.141321,$GAGSV,10,,39
2026-06-02T17:15:04.141321,$GAGSV,11,,35
2026-06-02T17:15:04.141321,$GAGSV,12,,34
2026-06-02T17:15:04.141321,$GAGSV,28,,17
2026-06-02T17:15:04.141709,$GAGSV,36,,24
2026-06-02T17:15:04.142340,$GAGSV,04,,36
2026-06-02T17:15:04.142340,$GAGSV,05,,31
2026-06-02T17:15:04.142340,$GAGSV,06,,41
2026-06-02T17:15:04.142340,$GAGSV,09,,31
2026-06-02T17:15:04.142987,$GAGSV,10,,40
2026-06-02T17:15:04.142987,$GAGSV,11,,36
2026-06-02T17:15:04.142987,$GAGSV,12,,36
2026-06-02T17:15:04.142987,$GAGSV,36,,34
2026-06-02T17:15:04.144148,$GBGSV,06,,40
2026-06-02T17:15:04.144148,$GBGSV,07,,41
2026-06-02T17:15:04.144148,$GBGSV,08,,26
2026-06-02T17:15:04.144148,$GBGSV,09,,36
2026-06-02T17:15:04.144768,$GBGSV,10,,40
2026-06-02T17:15:04.144768,$GBGSV,13,,30
2026-06-02T17:15:04.144768,$GBGSV,14,,26
2026-06-02T17:15:04.144768,$GBGSV,34,,40
2026-06-02T17:15:04.145204,$GBGSV,09,,33
2026-06-02T17:15:04.145204,$GBGSV,10,,37
2026-06-02T17:15:05.129071,$GPGSV,10,,38
2026-06-02T17:15:05.129071,$GPGSV,18,,44
2026-06-02T17:15:05.129071,$GPGSV,23,,41
2026-06-02T17:15:05.129071,$GPGSV,24,,31
2026-06-02T17:15:05.129698,$GPGSV,32,,31
2026-06-02T17:15:05.129698,$GPGSV,41,,39
2026-06-02T17:15:05.129698,$GPGSV,42,,39
2026-06-02T17:15:05.130389,$GPGSV,10,,25
2026-06-02T17:15:05.130389,$GPGSV,18,,41
2026-06-02T17:15:05.130389,$GPGSV,23,,36
2026-06-02T17:15:05.130389,$GPGSV,24,,28
2026-06-02T17:15:05.130783,$GPGSV,32,,26
2026-06-02T17:15:05.133121,$GLGSV,65,,36
2026-06-02T17:15:05.133121,$GLGSV,66,,34
2026-06-02T17:15:05.133121,$GLGSV,75,,18
2026-06-02T17:15:05.133121,$GLGSV,76,,16
2026-06-02T17:15:05.133729,$GLGSV,81,,39
2026-06-02T17:15:05.133729,$GLGSV,87,,16
2026-06-02T17:15:05.133729,$GLGSV,88,,36
2026-06-02T17:15:05.134414,$GLGSV,66,,35
2026-06-02T17:15:05.134414,$GLGSV,67,,25
2026-06-02T17:15:05.134414,$GLGSV,75,,19
2026-06-02T17:15:05.134414,$GLGSV,76,,18
2026-06-02T17:15:05.135095,$GLGSV,81,,32
2026-06-02T17:15:05.135095,$GLGSV,88,,39
2026-06-02T17:15:05.136175,$GAGSV,04,,32
2026-06-02T17:15:05.136175,$GAGSV,05,,24
2026-06-02T17:15:05.136175,$GAGSV,06,,36
2026-06-02T17:15:05.136175,$GAGSV,09,,30
2026-06-02T17:15:05.136855,$GAGSV,10,,37
2026-06-02T17:15:05.136855,$GAGSV,11,,35
2026-06-02T17:15:05.136855,$GAGSV,12,,34
2026-06-02T17:15:05.136855,$GAGSV,28,,17
2026-06-02T17:15:05.137247,$GAGSV,36,,25
2026-06-02T17:15:05.137949,$GAGSV,04,,36
2026-06-02T17:15:05.137949,$GAGSV,05,,30
2026-06-02T17:15:05.137949,$GAGSV,06,,41
2026-06-02T17:15:05.137949,$GAGSV,09,,37
2026-06-02T17:15:05.139898,$GAGSV,10,,41
2026-06-02T17:15:05.139898,$GAGSV,11,,37
2026-06-02T17:15:05.139898,$GAGSV,12,,37
2026-06-02T17:15:05.139898,$GAGSV,36,,34
2026-06-02T17:15:05.141485,$GBGSV,06,,40
2026-06-02T17:15:05.141485,$GBGSV,07,,43
2026-06-02T17:15:05.141485,$GBGSV,08,,25
2026-06-02T17:15:05.141485,$GBGSV,09,,39
2026-06-02T17:15:05.142210,$GBGSV,10,,40
2026-06-02T17:15:05.142210,$GBGSV,13,,30
2026-06-02T17:15:05.142210,$GBGSV,14,,26
2026-06-02T17:15:05.142210,$GBGSV,34,,40
2026-06-02T17:15:05.142709,$GBGSV,09,,33
2026-06-02T17:15:05.142709,$GBGSV,10,,35
2026-06-02T17:15:06.131237,$GPGSV,10,,36
2026-06-02T17:15:06.131237,$GPGSV,18,,43
2026-06-02T17:15:06.131237,$GPGSV,23,,40
2026-06-02T17:15:06.131237,$GPGSV,24,,34
2026-06-02T17:15:06.131866,$GPGSV,32,,32
2026-06-02T17:15:06.131866,$GPGSV,41,,40
2026-06-02T17:15:06.131866,$GPGSV,42,,42
2026-06-02T17:15:06.132575,$GPGSV,10,,25
2026-06-02T17:15:06.132575,$GPGSV,18,,41
2026-06-02T17:15:06.132575,$GPGSV,23,,36
2026-06-02T17:15:06.132575,$GPGSV,24,,28
2026-06-02T17:15:06.132982,$GPGSV,32,,26
2026-06-02T17:15:06.135412,$GLGSV,65,,33
2026-06-02T17:15:06.135412,$GLGSV,66,,37
2026-06-02T17:15:06.135412,$GLGSV,75,,20
2026-06-02T17:15:06.135412,$GLGSV,76,,18
2026-06-02T17:15:06.136019,$GLGSV,81,,37
2026-06-02T17:15:06.136019,$GLGSV,87,,17
2026-06-02T17:15:06.136019,$GLGSV,88,,36
2026-06-02T17:15:06.136722,$GLGSV,66,,29
2026-06-02T17:15:06.136722,$GLGSV,67,,21
2026-06-02T17:15:06.136722,$GLGSV,75,,19
2026-06-02T17:15:06.136722,$GLGSV,76,,18
2026-06-02T17:15:06.137248,$GLGSV,81,,36
2026-06-02T17:15:06.137248,$GLGSV,88,,31
2026-06-02T17:15:06.138740,$GAGSV,04,,33
2026-06-02T17:15:06.138740,$GAGSV,05,,23
2026-06-02T17:15:06.138740,$GAGSV,06,,34
2026-06-02T17:15:06.138740,$GAGSV,09,,37
2026-06-02T17:15:06.139494,$GAGSV,10,,39
2026-06-02T17:15:06.139494,$GAGSV,11,,34
2026-06-02T17:15:06.139494,$GAGSV,12,,35
2026-06-02T17:15:06.139494,$GAGSV,28,,18
2026-06-02T17:15:06.140067,$GAGSV,36,,28
2026-06-02T17:15:06.141007,$GAGSV,04,,32
2026-06-02T17:15:06.141007,$GAGSV,05,,21
2026-06-02T17:15:06.141007,$GAGSV,06,,40
2026-06-02T17:15:06.141007,$GAGSV,09,,38
2026-06-02T17:15:06.141732,$GAGSV,10,,40
2026-06-02T17:15:06.141732,$GAGSV,11,,37
2026-06-02T17:15:06.141732,$GAGSV,12,,36
2026-06-02T17:15:06.141732,$GAGSV,36,,33
2026-06-02T17:15:06.142967,$GBGSV,06,,39
2026-06-02T17:15:06.142967,$GBGSV,07,,43
2026-06-02T17:15:06.142967,$GBGSV,08,,25
2026-06-02T17:15:06.142967,$GBGSV,09,,37
2026-06-02T17:15:06.143653,$GBGSV,10,,40
2026-06-02T17:15:06.143653,$GBGSV,13,,40
2026-06-02T17:15:06.143653,$GBGSV,14,,32
2026-06-02T17:15:06.143653,$GBGSV,34,,41
2026-06-02T17:15:06.144244,$GBGSV,09,,32
2026-06-02T17:15:06.144244,$GBGSV,10,,35
2026-06-02T17:15:07.129780,$GPGSV,10,,35
2026-06-02T17:15:07.129780,$GPGSV,18,,43
2026-06-02T17:15:07.129780,$GPGSV,23,,42
2026-06-02T17:15:07.129780,$GPGSV,24,,37
2026-06-02T17:15:07.130421,$GPGSV,32,,34
2026-06-02T17:15:07.130421,$GPGSV,41,,40
2026-06-02T17:15:07.130421,$GPGSV,42,,41
2026-06-02T17:15:07.131138,$GPGSV,10,,30
2026-06-02T17:15:07.131138,$GPGSV,18,,42
2026-06-02T17:15:07.131138,$GPGSV,23,,36
2026-06-02T17:15:07.131138,$GPGSV,24,,28
2026-06-02T17:15:07.131548,$GPGSV,32,,25
2026-06-02T17:15:07.133990,$GLGSV,65,,35
2026-06-02T17:15:07.133990,$GLGSV,66,,32
2026-06-02T17:15:07.133990,$GLGSV,75,,21
2026-06-02T17:15:07.133990,$GLGSV,76,,16
2026-06-02T17:15:07.134577,$GLGSV,81,,39
2026-06-02T17:15:07.134577,$GLGSV,87,,18
2026-06-02T17:15:07.134577,$GLGSV,88,,33
2026-06-02T17:15:07.135259,$GLGSV,66,,22
2026-06-02T17:15:07.135259,$GLGSV,67,,22
2026-06-02T17:15:07.135259,$GLGSV,75,,20
2026-06-02T17:15:07.135259,$GLGSV,76,,17
2026-06-02T17:15:07.135741,$GLGSV,81,,33
2026-06-02T17:15:07.135741,$GLGSV,88,,37
2026-06-02T17:15:07.137174,$GAGSV,04,,33
2026-06-02T17:15:07.137174,$GAGSV,05,,26
2026-06-02T17:15:07.137174,$GAGSV,06,,37
2026-06-02T17:15:07.137174,$GAGSV,09,,37
2026-06-02T17:15:07.137954,$GAGSV,10,,39
2026-06-02T17:15:07.137954,$GAGSV,11,,35
2026-06-02T17:15:07.137954,$GAGSV,12,,35
2026-06-02T17:15:07.137954,$GAGSV,28,,16
2026-06-02T17:15:07.138392,$GAGSV,36,,34
2026-06-02T17:15:07.139321,$GAGSV,04,,32
2026-06-02T17:15:07.139321,$GAGSV,05,,23
2026-06-02T17:15:07.139321,$GAGSV,06,,39
2026-06-02T17:15:07.139321,$GAGSV,09,,38
2026-06-02T17:15:07.140260,$GAGSV,10,,40
2026-06-02T17:15:07.140260,$GAGSV,11,,38
2026-06-02T17:15:07.140260,$GAGSV,12,,35
2026-06-02T17:15:07.140260,$GAGSV,28,,22
2026-06-02T17:15:07.141500,$GBGSV,06,,38
2026-06-02T17:15:07.141500,$GBGSV,07,,41
2026-06-02T17:15:07.141500,$GBGSV,08,,25
2026-06-02T17:15:07.141500,$GBGSV,09,,37
2026-06-02T17:15:07.142236,$GBGSV,10,,40
2026-06-02T17:15:07.142236,$GBGSV,13,,40
2026-06-02T17:15:07.142236,$GBGSV,14,,26
2026-06-02T17:15:07.142236,$GBGSV,34,,42
2026-06-02T17:15:07.142734,$GBGSV,09,,32
2026-06-02T17:15:07.142734,$GBGSV,10,,35
2026-06-02T17:15:08.127203,$GPGSV,10,,36
2026-06-02T17:15:08.127203,$GPGSV,18,,43
2026-06-02T17:15:08.127203,$GPGSV,23,,39
2026-06-02T17:15:08.127203,$GPGSV,24,,31
2026-06-02T17:15:08.127843,$GPGSV,32,,37
2026-06-02T17:15:08.127843,$GPGSV,41,,41
2026-06-02T17:15:08.127843,$GPGSV,42,,43
2026-06-02T17:15:08.128574,$GPGSV,10,,31
2026-06-02T17:15:08.128574,$GPGSV,18,,42
2026-06-02T17:15:08.128574,$GPGSV,23,,36
2026-06-02T17:15:08.128574,$GPGSV,24,,27
2026-06-02T17:15:08.128987,$GPGSV,32,,21
2026-06-02T17:15:08.131352,$GLGSV,65,,34
2026-06-02T17:15:08.131352,$GLGSV,66,,32
2026-06-02T17:15:08.131352,$GLGSV,75,,21
2026-06-02T17:15:08.131352,$GLGSV,76,,14
2026-06-02T17:15:08.131942,$GLGSV,81,,38
2026-06-02T17:15:08.131942,$GLGSV,87,,17
2026-06-02T17:15:08.131942,$GLGSV,88,,37
2026-06-02T17:15:08.132800,$GLGSV,66,,29
2026-06-02T17:15:08.132800,$GLGSV,67,,23
2026-06-02T17:15:08.132800,$GLGSV,75,,21
2026-06-02T17:15:08.132800,$GLGSV,76,,16
2026-06-02T17:15:08.133724,$GLGSV,81,,33
2026-06-02T17:15:08.133724,$GLGSV,88,,35
2026-06-02T17:15:08.134805,$GAGSV,04,,32
2026-06-02T17:15:08.134805,$GAGSV,05,,27
2026-06-02T17:15:08.134805,$GAGSV,06,,37
2026-06-02T17:15:08.134805,$GAGSV,09,,37
2026-06-02T17:15:08.135662,$GAGSV,10,,39
2026-06-02T17:15:08.135662,$GAGSV,11,,35
2026-06-02T17:15:08.135662,$GAGSV,12,,35
2026-06-02T17:15:08.135662,$GAGSV,28,,15
2026-06-02T17:15:08.136059,$GAGSV,36,,29
2026-06-02T17:15:08.136740,$GAGSV,04,,35
2026-06-02T17:15:08.136740,$GAGSV,05,,26
2026-06-02T17:15:08.136740,$GAGSV,06,,39
2026-06-02T17:15:08.136740,$GAGSV,09,,38
2026-06-02T17:15:08.137427,$GAGSV,10,,40
2026-06-02T17:15:08.137427,$GAGSV,11,,38
2026-06-02T17:15:08.137427,$GAGSV,12,,36
2026-06-02T17:15:08.137427,$GAGSV,28,,20
2026-06-02T17:15:08.137841,$GAGSV,36,,33
2026-06-02T17:15:08.139042,$GBGSV,06,,38
2026-06-02T17:15:08.139042,$GBGSV,07,,42
2026-06-02T17:15:08.139042,$GBGSV,08,,26
2026-06-02T17:15:08.139042,$GBGSV,09,,37
2026-06-02T17:15:08.139719,$GBGSV,10,,41
2026-06-02T17:15:08.139719,$GBGSV,13,,36
2026-06-02T17:15:08.139719,$GBGSV,14,,31
2026-06-02T17:15:08.139719,$GBGSV,34,,42
2026-06-02T17:15:08.140201,$GBGSV,09,,33
2026-06-02T17:15:08.140201,$GBGSV,10,,36
2026-06-02T17:15:09.140909,$GPGSV,10,,38
2026-06-02T17:15:09.140909,$GPGSV,18,,42
2026-06-02T17:15:09.140909,$GPGSV,23,,40
2026-06-02T17:15:09.140909,$GPGSV,24,,30
2026-06-02T17:15:09.142912,$GPGSV,32,,30
2026-06-02T17:15:09.142912,$GPGSV,41,,39
2026-06-02T17:15:09.142912,$GPGSV,42,,40
2026-06-02T17:15:09.145086,$GPGSV,10,,30
2026-06-02T17:15:09.145086,$GPGSV,18,,41
2026-06-02T17:15:09.145086,$GPGSV,23,,35
2026-06-02T17:15:09.145086,$GPGSV,24,,26
2026-06-02T17:15:09.146440,$GPGSV,32,,20
2026-06-02T17:15:09.154292,$GLGSV,65,,34
2026-06-02T17:15:09.154292,$GLGSV,66,,31
2026-06-02T17:15:09.154292,$GLGSV,75,,22
2026-06-02T17:15:09.154292,$GLGSV,76,,17
2026-06-02T17:15:09.155638,$GLGSV,81,,36
2026-06-02T17:15:09.155638,$GLGSV,87,,16
2026-06-02T17:15:09.155638,$GLGSV,88,,38
2026-06-02T17:15:09.157075,$GLGSV,66,,34
2026-06-02T17:15:09.157075,$GLGSV,67,,29
2026-06-02T17:15:09.157075,$GLGSV,75,,21
2026-06-02T17:15:09.157075,$GLGSV,76,,14
2026-06-02T17:15:09.158189,$GLGSV,81,,29
2026-06-02T17:15:09.158189,$GLGSV,88,,38
2026-06-02T17:15:09.160232,$GAGSV,04,,32
2026-06-02T17:15:09.160232,$GAGSV,05,,24
2026-06-02T17:15:09.160232,$GAGSV,06,,38
2026-06-02T17:15:09.160232,$GAGSV,09,,37
2026-06-02T17:15:09.161327,$GAGSV,10,,39
2026-06-02T17:15:09.161327,$GAGSV,11,,35
2026-06-02T17:15:09.161327,$GAGSV,12,,35
2026-06-02T17:15:09.161327,$GAGSV,28,,14
2026-06-02T17:15:09.161993,$GAGSV,36,,30
2026-06-02T17:15:09.163071,$GAGSV,04,,33
2026-06-02T17:15:09.163071,$GAGSV,05,,25
2026-06-02T17:15:09.163071,$GAGSV,06,,40
2026-06-02T17:15:09.163071,$GAGSV,09,,38
2026-06-02T17:15:09.164328,$GAGSV,10,,40
2026-06-02T17:15:09.164328,$GAGSV,11,,38
2026-06-02T17:15:09.164328,$GAGSV,12,,36
2026-06-02T17:15:09.164328,$GAGSV,36,,33
2026-06-02T17:15:09.165957,$GBGSV,06,,38
2026-06-02T17:15:09.165957,$GBGSV,07,,42
2026-06-02T17:15:09.165957,$GBGSV,08,,25
2026-06-02T17:15:09.165957,$GBGSV,09,,35
2026-06-02T17:15:09.166807,$GBGSV,10,,41
2026-06-02T17:15:09.166807,$GBGSV,13,,38
2026-06-02T17:15:09.166807,$GBGSV,14,,31
2026-06-02T17:15:09.166807,$GBGSV,34,,39
2026-06-02T17:15:09.167426,$GBGSV,09,,32
2026-06-02T17:15:09.167426,$GBGSV,10,,36
2026-06-02T17:15:10.132299,$GPGSV,10,,35
2026-06-02T17:15:10.132299,$GPGSV,18,,42
2026-06-02T17:15:10.132299,$GPGSV,23,,38
2026-06-02T17:15:10.132299,$GPGSV,24,,30
2026-06-02T17:15:10.132934,$GPGSV,32,,29
2026-06-02T17:15:10.132934,$GPGSV,41,,39
2026-06-02T17:15:10.132934,$GPGSV,42,,41
2026-06-02T17:15:10.133683,$GPGSV,10,,30
2026-06-02T17:15:10.133683,$GPGSV,18,,43
2026-06-02T17:15:10.133683,$GPGSV,23,,35
2026-06-02T17:15:10.133683,$GPGSV,24,,26
2026-06-02T17:15:10.134100,$GPGSV,32,,28
2026-06-02T17:15:10.136538,$GLGSV,65,,34
2026-06-02T17:15:10.136538,$GLGSV,66,,32
2026-06-02T17:15:10.136538,$GLGSV,75,,22
2026-06-02T17:15:10.136538,$GLGSV,76,,17
2026-06-02T17:15:10.137496,$GLGSV,81,,38
2026-06-02T17:15:10.137496,$GLGSV,87,,14
2026-06-02T17:15:10.137496,$GLGSV,88,,38
2026-06-02T17:15:10.138377,$GLGSV,66,,34
2026-06-02T17:15:10.138377,$GLGSV,67,,21
2026-06-02T17:15:10.138377,$GLGSV,75,,22
2026-06-02T17:15:10.138377,$GLGSV,76,,15
2026-06-02T17:15:10.139908,$GLGSV,81,,29
2026-06-02T17:15:10.139908,$GLGSV,88,,36
2026-06-02T17:15:10.141494,$GAGSV,04,,32
2026-06-02T17:15:10.141494,$GAGSV,05,,22
2026-06-02T17:15:10.141494,$GAGSV,06,,37
2026-06-02T17:15:10.141494,$GAGSV,09,,35
2026-06-02T17:15:10.142428,$GAGSV,10,,38
2026-06-02T17:15:10.142428,$GAGSV,11,,34
2026-06-02T17:15:10.142428,$GAGSV,12,,34
2026-06-02T17:15:10.142428,$GAGSV,28,,14
2026-06-02T17:15:10.143037,$GAGSV,36,,30
2026-06-02T17:15:10.143950,$GAGSV,04,,36
2026-06-02T17:15:10.143950,$GAGSV,05,,23
2026-06-02T17:15:10.143950,$GAGSV,06,,38
2026-06-02T17:15:10.143950,$GAGSV,09,,36
2026-06-02T17:15:10.144863,$GAGSV,10,,40
2026-06-02T17:15:10.144863,$GAGSV,11,,37
2026-06-02T17:15:10.144863,$GAGSV,12,,36
2026-06-02T17:15:10.144863,$GAGSV,28,,18
2026-06-02T17:15:10.145467,$GAGSV,36,,32
2026-06-02T17:15:10.147031,$GBGSV,06,,40
2026-06-02T17:15:10.147031,$GBGSV,07,,42
2026-06-02T17:15:10.147031,$GBGSV,08,,25
2026-06-02T17:15:10.147031,$GBGSV,09,,37
2026-06-02T17:15:10.147946,$GBGSV,10,,41
2026-06-02T17:15:10.147946,$GBGSV,13,,32
2026-06-02T17:15:10.147946,$GBGSV,14,,27
2026-06-02T17:15:10.147946,$GBGSV,34,,38
2026-06-02T17:15:10.148652,$GBGSV,09,,33
2026-06-02T17:15:10.148652,$GBGSV,10,,36
2026-06-02T17:15:11.135671,$GPGSV,10,,37
2026-06-02T17:15:11.135671,$GPGSV,18,,42
2026-06-02T17:15:11.135671,$GPGSV,23,,39
2026-06-02T17:15:11.135671,$GPGSV,24,,24
2026-06-02T17:15:11.137751,$GPGSV,32,,30
2026-06-02T17:15:11.137751,$GPGSV,41,,39
2026-06-02T17:15:11.137751,$GPGSV,42,,41
2026-06-02T17:15:11.140043,$GPGSV,10,,29
2026-06-02T17:15:11.140043,$GPGSV,18,,42
2026-06-02T17:15:11.140043,$GPGSV,23,,37
2026-06-02T17:15:11.140043,$GPGSV,24,,26
2026-06-02T17:15:11.141359,$GPGSV,32,,25
2026-06-02T17:15:11.149231,$GLGSV,65,,33
2026-06-02T17:15:11.149231,$GLGSV,66,,38
2026-06-02T17:15:11.149231,$GLGSV,75,,22
2026-06-02T17:15:11.149231,$GLGSV,76,,16
2026-06-02T17:15:11.150624,$GLGSV,81,,36
2026-06-02T17:15:11.150624,$GLGSV,87,,12
2026-06-02T17:15:11.150624,$GLGSV,88,,39
2026-06-02T17:15:11.152082,$GLGSV,66,,37
2026-06-02T17:15:11.152082,$GLGSV,67,,30
2026-06-02T17:15:11.152082,$GLGSV,75,,20
2026-06-02T17:15:11.152082,$GLGSV,76,,14
2026-06-02T17:15:11.153135,$GLGSV,81,,32
2026-06-02T17:15:11.153135,$GLGSV,88,,38
2026-06-02T17:15:11.155193,$GAGSV,04,,33
2026-06-02T17:15:11.155193,$GAGSV,05,,22
2026-06-02T17:15:11.155193,$GAGSV,06,,37
2026-06-02T17:15:11.155193,$GAGSV,09,,36
2026-06-02T17:15:11.156279,$GAGSV,10,,39
2026-06-02T17:15:11.156279,$GAGSV,11,,34
2026-06-02T17:15:11.156279,$GAGSV,12,,33
2026-06-02T17:15:11.156279,$GAGSV,28,,14
2026-06-02T17:15:11.156896,$GAGSV,36,,29
2026-06-02T17:15:11.158140,$GAGSV,04,,37
2026-06-02T17:15:11.158140,$GAGSV,05,,22
2026-06-02T17:15:11.158140,$GAGSV,06,,38
2026-06-02T17:15:11.158140,$GAGSV,09,,38
2026-06-02T17:15:11.159406,$GAGSV,10,,40
2026-06-02T17:15:11.159406,$GAGSV,11,,38
2026-06-02T17:15:11.159406,$GAGSV,12,,36
2026-06-02T17:15:11.159406,$GAGSV,36,,27
2026-06-02T17:15:11.160964,$GBGSV,06,,40
2026-06-02T17:15:11.160964,$GBGSV,07,,41
2026-06-02T17:15:11.160964,$GBGSV,08,,25
2026-06-02T17:15:11.160964,$GBGSV,09,,34
2026-06-02T17:15:11.161844,$GBGSV,10,,40
2026-06-02T17:15:11.161844,$GBGSV,13,,27
2026-06-02T17:15:11.161844,$GBGSV,14,,26
2026-06-02T17:15:11.161844,$GBGSV,34,,39
2026-06-02T17:15:11.162468,$GBGSV,09,,33
2026-06-02T17:15:11.162468,$GBGSV,10,,36
2026-06-02T17:15:12.142540,$GPGSV,10,,35
2026-06-02T17:15:12.142540,$GPGSV,18,,42
2026-06-02T17:15:12.142540,$GPGSV,23,,39
2026-06-02T17:15:12.142540,$GPGSV,24,,30
2026-06-02T17:15:12.143970,$GPGSV,32,,28
2026-06-02T17:15:12.143970,$GPGSV,41,,37
2026-06-02T17:15:12.143970,$GPGSV,42,,41
2026-06-02T17:15:12.144680,$GPGSV,10,,30
2026-06-02T17:15:12.144680,$GPGSV,18,,42
2026-06-02T17:15:12.144680,$GPGSV,23,,37
2026-06-02T17:15:12.144680,$GPGSV,24,,26
2026-06-02T17:15:12.145098,$GPGSV,32,,25
2026-06-02T17:15:12.147603,$GLGSV,65,,33
2026-06-02T17:15:12.147603,$GLGSV,66,,33
2026-06-02T17:15:12.147603,$GLGSV,75,,22
2026-06-02T17:15:12.147603,$GLGSV,76,,13
2026-06-02T17:15:12.148215,$GLGSV,81,,36
2026-06-02T17:15:12.148215,$GLGSV,87,,09
2026-06-02T17:15:12.148215,$GLGSV,88,,40
2026-06-02T17:15:12.148909,$GLGSV,66,,32
2026-06-02T17:15:12.148909,$GLGSV,67,,22
2026-06-02T17:15:12.148909,$GLGSV,75,,20
2026-06-02T17:15:12.148909,$GLGSV,76,,12
2026-06-02T17:15:12.149421,$GLGSV,81,,32
2026-06-02T17:15:12.149421,$GLGSV,88,,39
2026-06-02T17:15:12.150508,$GAGSV,04,,36
2026-06-02T17:15:12.150508,$GAGSV,05,,22
2026-06-02T17:15:12.150508,$GAGSV,06,,39
2026-06-02T17:15:12.150508,$GAGSV,09,,35
2026-06-02T17:15:12.151205,$GAGSV,10,,39
2026-06-02T17:15:12.151205,$GAGSV,11,,34
2026-06-02T17:15:12.151205,$GAGSV,12,,34
2026-06-02T17:15:12.151205,$GAGSV,28,,15
2026-06-02T17:15:12.151603,$GAGSV,36,,30
2026-06-02T17:15:12.152532,$GAGSV,04,,37
2026-06-02T17:15:12.152532,$GAGSV,05,,23
2026-06-02T17:15:12.152532,$GAGSV,06,,39
2026-06-02T17:15:12.152532,$GAGSV,09,,37
2026-06-02T17:15:12.153420,$GAGSV,10,,40
2026-06-02T17:15:12.153420,$GAGSV,11,,38
2026-06-02T17:15:12.153420,$GAGSV,12,,35
2026-06-02T17:15:12.153420,$GAGSV,36,,27
2026-06-02T17:15:12.154800,$GBGSV,06,,38
2026-06-02T17:15:12.154800,$GBGSV,07,,41
2026-06-02T17:15:12.154800,$GBGSV,08,,25
2026-06-02T17:15:12.154800,$GBGSV,09,,34
2026-06-02T17:15:12.155464,$GBGSV,10,,40
2026-06-02T17:15:12.155464,$GBGSV,13,,32
2026-06-02T17:15:12.155464,$GBGSV,14,,31
2026-06-02T17:15:12.155464,$GBGSV,34,,35
2026-06-02T17:15:12.155906,$GBGSV,09,,33
2026-06-02T17:15:12.155906,$GBGSV,10,,36
2026-06-02T17:15:13.137127,$GPGSV,10,,37
2026-06-02T17:15:13.137127,$GPGSV,18,,42
2026-06-02T17:15:13.137127,$GPGSV,23,,38
2026-06-02T17:15:13.137127,$GPGSV,24,,33
2026-06-02T17:15:13.139294,$GPGSV,32,,36
2026-06-02T17:15:13.139294,$GPGSV,41,,39
2026-06-02T17:15:13.139294,$GPGSV,42,,42
2026-06-02T17:15:13.141720,$GPGSV,10,,29
2026-06-02T17:15:13.141720,$GPGSV,18,,41
2026-06-02T17:15:13.141720,$GPGSV,23,,36
2026-06-02T17:15:13.141720,$GPGSV,24,,23
2026-06-02T17:15:13.143824,$GPGSV,32,,29
2026-06-02T17:15:13.152634,$GLGSV,65,,33
2026-06-02T17:15:13.152634,$GLGSV,66,,36
2026-06-02T17:15:13.152634,$GLGSV,75,,19
2026-06-02T17:15:13.152634,$GLGSV,76,,14
2026-06-02T17:15:13.154695,$GLGSV,81,,33
2026-06-02T17:15:13.154695,$GLGSV,87,,13
2026-06-02T17:15:13.154695,$GLGSV,88,,39
2026-06-02T17:15:13.156168,$GLGSV,66,,37
2026-06-02T17:15:13.156168,$GLGSV,67,,24
2026-06-02T17:15:13.156168,$GLGSV,75,,20
2026-06-02T17:15:13.156168,$GLGSV,76,,13
2026-06-02T17:15:13.156921,$GLGSV,81,,33
2026-06-02T17:15:13.156921,$GLGSV,88,,39
2026-06-02T17:15:13.157875,$GAGSV,04,,35
2026-06-02T17:15:13.157875,$GAGSV,05,,21
2026-06-02T17:15:13.157875,$GAGSV,06,,38
2026-06-02T17:15:13.157875,$GAGSV,09,,35
2026-06-02T17:15:13.158469,$GAGSV,10,,38
2026-06-02T17:15:13.158469,$GAGSV,11,,34
2026-06-02T17:15:13.158469,$GAGSV,12,,34
2026-06-02T17:15:13.158469,$GAGSV,28,,15
2026-06-02T17:15:13.158796,$GAGSV,36,,31
2026-06-02T17:15:13.159419,$GAGSV,04,,38
2026-06-02T17:15:13.159419,$GAGSV,05,,22
2026-06-02T17:15:13.159419,$GAGSV,06,,39
2026-06-02T17:15:13.159419,$GAGSV,09,,37
2026-06-02T17:15:13.159993,$GAGSV,10,,40
2026-06-02T17:15:13.159993,$GAGSV,11,,38
2026-06-02T17:15:13.159993,$GAGSV,12,,36
2026-06-02T17:15:13.159993,$GAGSV,28,,22
2026-06-02T17:15:13.160332,$GAGSV,36,,28
2026-06-02T17:15:13.161337,$GBGSV,06,,37
2026-06-02T17:15:13.161337,$GBGSV,07,,41
2026-06-02T17:15:13.161337,$GBGSV,08,,25
2026-06-02T17:15:13.161337,$GBGSV,09,,36
2026-06-02T17:15:13.161948,$GBGSV,10,,40
2026-06-02T17:15:13.161948,$GBGSV,13,,25
2026-06-02T17:15:13.161948,$GBGSV,14,,30
2026-06-02T17:15:13.161948,$GBGSV,34,,37
2026-06-02T17:15:13.162358,$GBGSV,09,,33
2026-06-02T17:15:13.162358,$GBGSV,10,,35
2026-06-02T17:15:14.140271,$GPGSV,10,,37
2026-06-02T17:15:14.140271,$GPGSV,18,,42
2026-06-02T17:15:14.140271,$GPGSV,23,,40
2026-06-02T17:15:14.140271,$GPGSV,24,,33
2026-06-02T17:15:14.143344,$GPGSV,32,,39
2026-06-02T17:15:14.143344,$GPGSV,41,,39
2026-06-02T17:15:14.143344,$GPGSV,42,,41
2026-06-02T17:15:14.147229,$GPGSV,10,,29
2026-06-02T17:15:14.147229,$GPGSV,18,,41
2026-06-02T17:15:14.147229,$GPGSV,23,,36
2026-06-02T17:15:14.147229,$GPGSV,24,,23
2026-06-02T17:15:14.148654,$GPGSV,32,,32
2026-06-02T17:15:14.155658,$GLGSV,65,,36
2026-06-02T17:15:14.155658,$GLGSV,66,,39
2026-06-02T17:15:14.155658,$GLGSV,75,,20
2026-06-02T17:15:14.155658,$GLGSV,76,,13
2026-06-02T17:15:14.156925,$GLGSV,81,,35
2026-06-02T17:15:14.156925,$GLGSV,87,,15
2026-06-02T17:15:14.156925,$GLGSV,88,,38
2026-06-02T17:15:14.158522,$GLGSV,66,,34
2026-06-02T17:15:14.158522,$GLGSV,67,,23
2026-06-02T17:15:14.158522,$GLGSV,75,,22
2026-06-02T17:15:14.158522,$GLGSV,76,,15
2026-06-02T17:15:14.159660,$GLGSV,81,,33
2026-06-02T17:15:14.159660,$GLGSV,88,,37
2026-06-02T17:15:14.161302,$GAGSV,04,,35
2026-06-02T17:15:14.161302,$GAGSV,05,,21
2026-06-02T17:15:14.161302,$GAGSV,06,,38
2026-06-02T17:15:14.161302,$GAGSV,09,,36
2026-06-02T17:15:14.162479,$GAGSV,10,,38
2026-06-02T17:15:14.162479,$GAGSV,11,,34
2026-06-02T17:15:14.162479,$GAGSV,12,,34
2026-06-02T17:15:14.162479,$GAGSV,28,,15
2026-06-02T17:15:14.163141,$GAGSV,36,,30
2026-06-02T17:15:14.164300,$GAGSV,04,,37
2026-06-02T17:15:14.164300,$GAGSV,05,,23
2026-06-02T17:15:14.164300,$GAGSV,06,,40
2026-06-02T17:15:14.164300,$GAGSV,09,,37
2026-06-02T17:15:14.165157,$GAGSV,10,,40
2026-06-02T17:15:14.165157,$GAGSV,11,,37
2026-06-02T17:15:14.165157,$GAGSV,12,,36
2026-06-02T17:15:14.165157,$GAGSV,28,,21
2026-06-02T17:15:14.165655,$GAGSV,36,,27
2026-06-02T17:15:14.167687,$GBGSV,06,,40
2026-06-02T17:15:14.167687,$GBGSV,07,,42
2026-06-02T17:15:14.167687,$GBGSV,08,,23
2026-06-02T17:15:14.167687,$GBGSV,09,,38
2026-06-02T17:15:14.168960,$GBGSV,10,,41
2026-06-02T17:15:14.168960,$GBGSV,13,,26
2026-06-02T17:15:14.168960,$GBGSV,14,,30
2026-06-02T17:15:14.168960,$GBGSV,34,,35
2026-06-02T17:15:14.169757,$GBGSV,08,,19
2026-06-02T17:15:14.169757,$GBGSV,09,,32
2026-06-02T17:15:14.169757,$GBGSV,10,,36
2026-06-02T17:15:15.134285,$GPGSV,10,,32
2026-06-02T17:15:15.134285,$GPGSV,18,,41
2026-06-02T17:15:15.134285,$GPGSV,23,,41
2026-06-02T17:15:15.134285,$GPGSV,24,,33
2026-06-02T17:15:15.134898,$GPGSV,32,,34
2026-06-02T17:15:15.134898,$GPGSV,41,,39
2026-06-02T17:15:15.134898,$GPGSV,42,,42
2026-06-02T17:15:15.135586,$GPGSV,10,,29
2026-06-02T17:15:15.135586,$GPGSV,18,,41
2026-06-02T17:15:15.135586,$GPGSV,23,,35
2026-06-02T17:15:15.135586,$GPGSV,24,,22
2026-06-02T17:15:15.135981,$GPGSV,32,,30
2026-06-02T17:15:15.138338,$GLGSV,65,,36
2026-06-02T17:15:15.138338,$GLGSV,66,,37
2026-06-02T17:15:15.138338,$GLGSV,75,,19
2026-06-02T17:15:15.138338,$GLGSV,76,,15
2026-06-02T17:15:15.139886,$GLGSV,81,,33
2026-06-02T17:15:15.139886,$GLGSV,87,,16
2026-06-02T17:15:15.139886,$GLGSV,88,,40
2026-06-02T17:15:15.140600,$GLGSV,66,,36
2026-06-02T17:15:15.140600,$GLGSV,67,,22
2026-06-02T17:15:15.140600,$GLGSV,75,,22
2026-06-02T17:15:15.140600,$GLGSV,76,,15
2026-06-02T17:15:15.141105,$GLGSV,81,,28
2026-06-02T17:15:15.141105,$GLGSV,88,,40
2026-06-02T17:15:15.142204,$GAGSV,04,,35
2026-06-02T17:15:15.142204,$GAGSV,05,,19
2026-06-02T17:15:15.142204,$GAGSV,06,,38
2026-06-02T17:15:15.142204,$GAGSV,09,,36
2026-06-02T17:15:15.142920,$GAGSV,10,,38
2026-06-02T17:15:15.142920,$GAGSV,11,,34
2026-06-02T17:15:15.142920,$GAGSV,12,,34
2026-06-02T17:15:15.142920,$GAGSV,28,,16
2026-06-02T17:15:15.143315,$GAGSV,36,,24
2026-06-02T17:15:15.144001,$GAGSV,04,,37
2026-06-02T17:15:15.144001,$GAGSV,05,,22
2026-06-02T17:15:15.144001,$GAGSV,06,,39
2026-06-02T17:15:15.144001,$GAGSV,09,,38
2026-06-02T17:15:15.144699,$GAGSV,10,,39
2026-06-02T17:15:15.144699,$GAGSV,11,,38
2026-06-02T17:15:15.144699,$GAGSV,12,,34
2026-06-02T17:15:15.144699,$GAGSV,28,,22
2026-06-02T17:15:15.145091,$GAGSV,36,,28
2026-06-02T17:15:15.146312,$GBGSV,06,,33
2026-06-02T17:15:15.146312,$GBGSV,07,,42
2026-06-02T17:15:15.146312,$GBGSV,09,,35
2026-06-02T17:15:15.146312,$GBGSV,10,,40
2026-06-02T17:15:15.146906,$GBGSV,13,,37
2026-06-02T17:15:15.146906,$GBGSV,14,,29
2026-06-02T17:15:15.146906,$GBGSV,34,,36
2026-06-02T17:15:15.147490,$GBGSV,08,,16
2026-06-02T17:15:15.147490,$GBGSV,09,,32
2026-06-02T17:15:15.147490,$GBGSV,10,,36
2026-06-02T17:15:16.134713,$GPGSV,10,,35
2026-06-02T17:15:16.134713,$GPGSV,18,,42
2026-06-02T17:15:16.134713,$GPGSV,23,,38
2026-06-02T17:15:16.134713,$GPGSV,24,,36
2026-06-02T17:15:16.135357,$GPGSV,32,,31
2026-06-02T17:15:16.135357,$GPGSV,41,,40
2026-06-02T17:15:16.135357,$GPGSV,42,,42
2026-06-02T17:15:16.136083,$GPGSV,10,,28
2026-06-02T17:15:16.136083,$GPGSV,18,,42
2026-06-02T17:15:16.136083,$GPGSV,23,,36
2026-06-02T17:15:16.136083,$GPGSV,24,,24
2026-06-02T17:15:16.136495,$GPGSV,32,,30
2026-06-02T17:15:16.138978,$GLGSV,65,,33
2026-06-02T17:15:16.138978,$GLGSV,66,,37
2026-06-02T17:15:16.138978,$GLGSV,75,,20
2026-06-02T17:15:16.138978,$GLGSV,76,,16
2026-06-02T17:15:16.139594,$GLGSV,81,,37
2026-06-02T17:15:16.139594,$GLGSV,87,,16
2026-06-02T17:15:16.139594,$GLGSV,88,,43
2026-06-02T17:15:16.140316,$GLGSV,66,,32
2026-06-02T17:15:16.140316,$GLGSV,67,,26
2026-06-02T17:15:16.140316,$GLGSV,75,,21
2026-06-02T17:15:16.140316,$GLGSV,76,,18
2026-06-02T17:15:16.140832,$GLGSV,81,,29
2026-06-02T17:15:16.140832,$GLGSV,88,,42
2026-06-02T17:15:16.141945,$GAGSV,04,,31
2026-06-02T17:15:16.141945,$GAGSV,05,,17
2026-06-02T17:15:16.141945,$GAGSV,06,,38
2026-06-02T17:15:16.141945,$GAGSV,09,,33
2026-06-02T17:15:16.142675,$GAGSV,10,,39
2026-06-02T17:15:16.142675,$GAGSV,11,,34
2026-06-02T17:15:16.142675,$GAGSV,12,,33
2026-06-02T17:15:16.142675,$GAGSV,28,,17
2026-06-02T17:15:16.143136,$GAGSV,36,,30
2026-06-02T17:15:16.143908,$GAGSV,04,,37
2026-06-02T17:15:16.143908,$GAGSV,05,,22
2026-06-02T17:15:16.143908,$GAGSV,06,,40
2026-06-02T17:15:16.143908,$GAGSV,09,,38
2026-06-02T17:15:16.144598,$GAGSV,10,,40
2026-06-02T17:15:16.144598,$GAGSV,11,,37
2026-06-02T17:15:16.144598,$GAGSV,12,,35
2026-06-02T17:15:16.144598,$GAGSV,36,,31
2026-06-02T17:15:16.145829,$GBGSV,06,,30
2026-06-02T17:15:16.145829,$GBGSV,07,,41
2026-06-02T17:15:16.145829,$GBGSV,08,,21
2026-06-02T17:15:16.145829,$GBGSV,09,,37
2026-06-02T17:15:16.146517,$GBGSV,10,,40
2026-06-02T17:15:16.146517,$GBGSV,13,,37
2026-06-02T17:15:16.146517,$GBGSV,14,,29
2026-06-02T17:15:16.146517,$GBGSV,34,,40
2026-06-02T17:15:16.147108,$GBGSV,08,,12
2026-06-02T17:15:16.147108,$GBGSV,09,,32
2026-06-02T17:15:16.147108,$GBGSV,10,,36
2026-06-02T17:15:17.134844,$GPGSV,10,,32
2026-06-02T17:15:17.134844,$GPGSV,18,,42
2026-06-02T17:15:17.134844,$GPGSV,23,,41
2026-06-02T17:15:17.134844,$GPGSV,24,,35
2026-06-02T17:15:17.136824,$GPGSV,32,,35
2026-06-02T17:15:17.136824,$GPGSV,41,,39
2026-06-02T17:15:17.136824,$GPGSV,42,,42
2026-06-02T17:15:17.139132,$GPGSV,10,,28
2026-06-02T17:15:17.139132,$GPGSV,18,,42
2026-06-02T17:15:17.139132,$GPGSV,23,,36
2026-06-02T17:15:17.139132,$GPGSV,24,,25
2026-06-02T17:15:17.140446,$GPGSV,32,,34
2026-06-02T17:15:17.148241,$GLGSV,65,,32
2026-06-02T17:15:17.148241,$GLGSV,66,,38
2026-06-02T17:15:17.148241,$GLGSV,75,,18
2026-06-02T17:15:17.148241,$GLGSV,76,,17
2026-06-02T17:15:17.149881,$GLGSV,81,,28
2026-06-02T17:15:17.149881,$GLGSV,87,,15
2026-06-02T17:15:17.149881,$GLGSV,88,,41
2026-06-02T17:15:17.151322,$GLGSV,66,,35
2026-06-02T17:15:17.151322,$GLGSV,67,,24
2026-06-02T17:15:17.151322,$GLGSV,75,,28
2026-06-02T17:15:17.151322,$GLGSV,76,,18
2026-06-02T17:15:17.152377,$GLGSV,81,,30
2026-06-02T17:15:17.152377,$GLGSV,88,,42
2026-06-02T17:15:17.154520,$GAGSV,04,,36
2026-06-02T17:15:17.154520,$GAGSV,05,,16
2026-06-02T17:15:17.154520,$GAGSV,06,,38
2026-06-02T17:15:17.154520,$GAGSV,09,,34
2026-06-02T17:15:17.155624,$GAGSV,10,,39
2026-06-02T17:15:17.155624,$GAGSV,11,,34
2026-06-02T17:15:17.155624,$GAGSV,12,,34
2026-06-02T17:15:17.155624,$GAGSV,28,,17
2026-06-02T17:15:17.156244,$GAGSV,36,,31
2026-06-02T17:15:17.157298,$GAGSV,04,,36
2026-06-02T17:15:17.157298,$GAGSV,05,,22
2026-06-02T17:15:17.157298,$GAGSV,06,,38
2026-06-02T17:15:17.157298,$GAGSV,09,,36
2026-06-02T17:15:17.158400,$GAGSV,10,,39
2026-06-02T17:15:17.158400,$GAGSV,11,,37
2026-06-02T17:15:17.158400,$GAGSV,12,,35
2026-06-02T17:15:17.158400,$GAGSV,36,,33
2026-06-02T17:15:17.160162,$GBGSV,06,,37
2026-06-02T17:15:17.160162,$GBGSV,07,,42
2026-06-02T17:15:17.160162,$GBGSV,09,,36
2026-06-02T17:15:17.160162,$GBGSV,10,,40
2026-06-02T17:15:17.161039,$GBGSV,13,,37
2026-06-02T17:15:17.161039,$GBGSV,14,,33
2026-06-02T17:15:17.161039,$GBGSV,34,,37
2026-06-02T17:15:17.161817,$GBGSV,08,,09
2026-06-02T17:15:17.161817,$GBGSV,09,,32
2026-06-02T17:15:17.161817,$GBGSV,10,,36
2026-06-02T17:15:18.133612,$GPGSV,10,,33
2026-06-02T17:15:18.133612,$GPGSV,18,,41
2026-06-02T17:15:18.133612,$GPGSV,23,,41
2026-06-02T17:15:18.133612,$GPGSV,24,,31
2026-06-02T17:15:18.134286,$GPGSV,32,,38
2026-06-02T17:15:18.134286,$GPGSV,41,,40
2026-06-02T17:15:18.134286,$GPGSV,42,,42
2026-06-02T17:15:18.135002,$GPGSV,10,,26
2026-06-02T17:15:18.135002,$GPGSV,18,,42
2026-06-02T17:15:18.135002,$GPGSV,23,,36
2026-06-02T17:15:18.135002,$GPGSV,24,,25
2026-06-02T17:15:18.135411,$GPGSV,32,,33
2026-06-02T17:15:18.137831,$GLGSV,65,,36
2026-06-02T17:15:18.137831,$GLGSV,66,,38
2026-06-02T17:15:18.137831,$GLGSV,75,,18
2026-06-02T17:15:18.137831,$GLGSV,76,,16
2026-06-02T17:15:18.138438,$GLGSV,81,,32
2026-06-02T17:15:18.138438,$GLGSV,87,,13
2026-06-02T17:15:18.138438,$GLGSV,88,,41
2026-06-02T17:15:18.139143,$GLGSV,66,,36
2026-06-02T17:15:18.139143,$GLGSV,67,,22
2026-06-02T17:15:18.139143,$GLGSV,75,,20
2026-06-02T17:15:18.139143,$GLGSV,76,,19
2026-06-02T17:15:18.139649,$GLGSV,81,,29
2026-06-02T17:15:18.139649,$GLGSV,88,,42
2026-06-02T17:15:18.140721,$GAGSV,04,,37
2026-06-02T17:15:18.140721,$GAGSV,05,,18
2026-06-02T17:15:18.140721,$GAGSV,06,,38
2026-06-02T17:15:18.140721,$GAGSV,09,,35
2026-06-02T17:15:18.141440,$GAGSV,10,,39
2026-06-02T17:15:18.141440,$GAGSV,11,,34
2026-06-02T17:15:18.141440,$GAGSV,12,,34
2026-06-02T17:15:18.141440,$GAGSV,28,,16
2026-06-02T17:15:18.141855,$GAGSV,36,,32
2026-06-02T17:15:18.142559,$GAGSV,04,,38
2026-06-02T17:15:18.142559,$GAGSV,05,,24
2026-06-02T17:15:18.142559,$GAGSV,06,,37
2026-06-02T17:15:18.142559,$GAGSV,09,,38
2026-06-02T17:15:18.143276,$GAGSV,10,,40
2026-06-02T17:15:18.143276,$GAGSV,11,,37
2026-06-02T17:15:18.143276,$GAGSV,12,,35
2026-06-02T17:15:18.143276,$GAGSV,36,,32
2026-06-02T17:15:18.144568,$GBGSV,06,,39
2026-06-02T17:15:18.144568,$GBGSV,07,,41
2026-06-02T17:15:18.144568,$GBGSV,09,,36
2026-06-02T17:15:18.144568,$GBGSV,10,,41
2026-06-02T17:15:18.145173,$GBGSV,13,,37
2026-06-02T17:15:18.145173,$GBGSV,14,,33
2026-06-02T17:15:18.145173,$GBGSV,34,,39
2026-06-02T17:15:18.145769,$GBGSV,08,,08
2026-06-02T17:15:18.145769,$GBGSV,09,,32
2026-06-02T17:15:18.145769,$GBGSV,10,,35
2026-06-02T17:15:19.132647,$GPGSV,10,,36
2026-06-02T17:15:19.132647,$GPGSV,18,,41
2026-06-02T17:15:19.132647,$GPGSV,23,,41
2026-06-02T17:15:19.132647,$GPGSV,24,,31
2026-06-02T17:15:19.133290,$GPGSV,32,,33
2026-06-02T17:15:19.133290,$GPGSV,41,,40
2026-06-02T17:15:19.133290,$GPGSV,42,,42
2026-06-02T17:15:19.134030,$GPGSV,10,,26
2026-06-02T17:15:19.134030,$GPGSV,18,,42
2026-06-02T17:15:19.134030,$GPGSV,23,,36
2026-06-02T17:15:19.134030,$GPGSV,24,,31
2026-06-02T17:15:19.134449,$GPGSV,32,,32
2026-06-02T17:15:19.136899,$GLGSV,65,,33
2026-06-02T17:15:19.136899,$GLGSV,66,,36
2026-06-02T17:15:19.136899,$GLGSV,75,,18
2026-06-02T17:15:19.136899,$GLGSV,76,,17
2026-06-02T17:15:19.137519,$GLGSV,81,,36
2026-06-02T17:15:19.137519,$GLGSV,87,,12
2026-06-02T17:15:19.137519,$GLGSV,88,,38
2026-06-02T17:15:19.138322,$GLGSV,66,,36
2026-06-02T17:15:19.138322,$GLGSV,67,,29
2026-06-02T17:15:19.138322,$GLGSV,75,,21
2026-06-02T17:15:19.138322,$GLGSV,76,,20
2026-06-02T17:15:19.138858,$GLGSV,81,,34
2026-06-02T17:15:19.138858,$GLGSV,88,,37
2026-06-02T17:15:19.140045,$GAGSV,04,,36
2026-06-02T17:15:19.140045,$GAGSV,05,,19
2026-06-02T17:15:19.140045,$GAGSV,06,,38
2026-06-02T17:15:19.140045,$GAGSV,09,,37
2026-06-02T17:15:19.140783,$GAGSV,10,,38
2026-06-02T17:15:19.140783,$GAGSV,11,,34
2026-06-02T17:15:19.140783,$GAGSV,12,,34
2026-06-02T17:15:19.140783,$GAGSV,28,,14
2026-06-02T17:15:19.141216,$GAGSV,36,,32
2026-06-02T17:15:19.141987,$GAGSV,04,,38
2026-06-02T17:15:19.141987,$GAGSV,05,,24
2026-06-02T17:15:19.141987,$GAGSV,06,,37
2026-06-02T17:15:19.141987,$GAGSV,09,,38
2026-06-02T17:15:19.142734,$GAGSV,10,,41
2026-06-02T17:15:19.142734,$GAGSV,11,,38
2026-06-02T17:15:19.142734,$GAGSV,12,,35
2026-06-02T17:15:19.142734,$GAGSV,36,,26
2026-06-02T17:15:19.144019,$GBGSV,06,,38
2026-06-02T17:15:19.144019,$GBGSV,07,,41
2026-06-02T17:15:19.144019,$GBGSV,09,,36
2026-06-02T17:15:19.144019,$GBGSV,10,,41
2026-06-02T17:15:19.144710,$GBGSV,13,,38
2026-06-02T17:15:19.144710,$GBGSV,14,,33
2026-06-02T17:15:19.144710,$GBGSV,34,,39
2026-06-02T17:15:19.145321,$GBGSV,08,,08
2026-06-02T17:15:19.145321,$GBGSV,09,,33
2026-06-02T17:15:19.145321,$GBGSV,10,,36
2026-06-02T17:15:20.141524,$GPGSV,10,,36
2026-06-02T17:15:20.141524,$GPGSV,18,,41
2026-06-02T17:15:20.141524,$GPGSV,23,,39
2026-06-02T17:15:20.141524,$GPGSV,24,,34
2026-06-02T17:15:20.143444,$GPGSV,32,,29
2026-06-02T17:15:20.143444,$GPGSV,41,,42
2026-06-02T17:15:20.143444,$GPGSV,42,,40
2026-06-02T17:15:20.144458,$GPGSV,10,,27
2026-06-02T17:15:20.144458,$GPGSV,18,,42
2026-06-02T17:15:20.144458,$GPGSV,23,,34
2026-06-02T17:15:20.144458,$GPGSV,24,,29
2026-06-02T17:15:20.144994,$GPGSV,32,,31
2026-06-02T17:15:20.147119,$GLGSV,65,,32
2026-06-02T17:15:20.147119,$GLGSV,66,,38
2026-06-02T17:15:20.147119,$GLGSV,75,,19
2026-06-02T17:15:20.147119,$GLGSV,76,,18
2026-06-02T17:15:20.147626,$GLGSV,81,,33
2026-06-02T17:15:20.147626,$GLGSV,87,,11
2026-06-02T17:15:20.147626,$GLGSV,88,,37
2026-06-02T17:15:20.148215,$GLGSV,66,,36
2026-06-02T17:15:20.148215,$GLGSV,67,,21
2026-06-02T17:15:20.148215,$GLGSV,75,,21
2026-06-02T17:15:20.148215,$GLGSV,76,,20
2026-06-02T17:15:20.148677,$GLGSV,81,,29
2026-06-02T17:15:20.148677,$GLGSV,88,,36
2026-06-02T17:15:20.149580,$GAGSV,04,,37
2026-06-02T17:15:20.149580,$GAGSV,05,,23
2026-06-02T17:15:20.149580,$GAGSV,06,,38
2026-06-02T17:15:20.149580,$GAGSV,09,,35
2026-06-02T17:15:20.150316,$GAGSV,10,,38
2026-06-02T17:15:20.150316,$GAGSV,11,,35
2026-06-02T17:15:20.150316,$GAGSV,12,,34
2026-06-02T17:15:20.150316,$GAGSV,28,,12
2026-06-02T17:15:20.150674,$GAGSV,36,,31
2026-06-02T17:15:20.151261,$GAGSV,04,,38
2026-06-02T17:15:20.151261,$GAGSV,05,,26
2026-06-02T17:15:20.151261,$GAGSV,06,,39
2026-06-02T17:15:20.151261,$GAGSV,09,,40
2026-06-02T17:15:20.151853,$GAGSV,10,,40
2026-06-02T17:15:20.151853,$GAGSV,11,,38
2026-06-02T17:15:20.151853,$GAGSV,12,,36
2026-06-02T17:15:20.151853,$GAGSV,36,,33
2026-06-02T17:15:20.152890,$GBGSV,06,,39
2026-06-02T17:15:20.152890,$GBGSV,07,,41
2026-06-02T17:15:20.152890,$GBGSV,08,,22
2026-06-02T17:15:20.152890,$GBGSV,09,,36
2026-06-02T17:15:20.153474,$GBGSV,10,,41
2026-06-02T17:15:20.153474,$GBGSV,13,,38
2026-06-02T17:15:20.153474,$GBGSV,14,,33
2026-06-02T17:15:20.153474,$GBGSV,34,,42
2026-06-02T17:15:20.154013,$GBGSV,08,,07
2026-06-02T17:15:20.154013,$GBGSV,09,,32
2026-06-02T17:15:20.154013,$GBGSV,10,,36
2026-06-02T17:15:21.135197,$GPGSV,10,,37
2026-06-02T17:15:21.135197,$GPGSV,18,,42
2026-06-02T17:15:21.135197,$GPGSV,23,,40
2026-06-02T17:15:21.135197,$GPGSV,24,,31
2026-06-02T17:15:21.135813,$GPGSV,32,,34
2026-06-02T17:15:21.135813,$GPGSV,41,,41
2026-06-02T17:15:21.135813,$GPGSV,42,,43
2026-06-02T17:15:21.136642,$GPGSV,10,,28
2026-06-02T17:15:21.136642,$GPGSV,18,,42
2026-06-02T17:15:21.136642,$GPGSV,23,,36
2026-06-02T17:15:21.136642,$GPGSV,24,,28
2026-06-02T17:15:21.137057,$GPGSV,32,,32
2026-06-02T17:15:21.139408,$GLGSV,65,,33
2026-06-02T17:15:21.139408,$GLGSV,66,,36
2026-06-02T17:15:21.139408,$GLGSV,75,,20
2026-06-02T17:15:21.139408,$GLGSV,76,,19
2026-06-02T17:15:21.140011,$GLGSV,81,,35
2026-06-02T17:15:21.140011,$GLGSV,87,,12
2026-06-02T17:15:21.140011,$GLGSV,88,,35
2026-06-02T17:15:21.140694,$GLGSV,66,,35
2026-06-02T17:15:21.140694,$GLGSV,67,,22
2026-06-02T17:15:21.140694,$GLGSV,75,,21
2026-06-02T17:15:21.140694,$GLGSV,76,,22
2026-06-02T17:15:21.141188,$GLGSV,81,,33
2026-06-02T17:15:21.141188,$GLGSV,88,,36
2026-06-02T17:15:21.142228,$GAGSV,04,,36
2026-06-02T17:15:21.142228,$GAGSV,05,,25
2026-06-02T17:15:21.142228,$GAGSV,06,,38
2026-06-02T17:15:21.142228,$GAGSV,09,,36
2026-06-02T17:15:21.142874,$GAGSV,10,,38
2026-06-02T17:15:21.142874,$GAGSV,11,,34
2026-06-02T17:15:21.142874,$GAGSV,12,,32
2026-06-02T17:15:21.142874,$GAGSV,28,,12
2026-06-02T17:15:21.143486,$GAGSV,36,,33
2026-06-02T17:15:21.144123,$GAGSV,04,,37
2026-06-02T17:15:21.144123,$GAGSV,05,,26
2026-06-02T17:15:21.144123,$GAGSV,06,,39
2026-06-02T17:15:21.144123,$GAGSV,09,,39
2026-06-02T17:15:21.144756,$GAGSV,10,,40
2026-06-02T17:15:21.144756,$GAGSV,11,,37
2026-06-02T17:15:21.144756,$GAGSV,12,,35
2026-06-02T17:15:21.144756,$GAGSV,36,,33
2026-06-02T17:15:21.145902,$GBGSV,06,,39
2026-06-02T17:15:21.145902,$GBGSV,07,,42
2026-06-02T17:15:21.145902,$GBGSV,09,,36
2026-06-02T17:15:21.145902,$GBGSV,10,,41
2026-06-02T17:15:21.146443,$GBGSV,13,,39
2026-06-02T17:15:21.146443,$GBGSV,14,,36
2026-06-02T17:15:21.146443,$GBGSV,34,,41
2026-06-02T17:15:21.146966,$GBGSV,08,,07
2026-06-02T17:15:21.146966,$GBGSV,09,,33
2026-06-02T17:15:21.146966,$GBGSV,10,,36
2026-06-02T17:15:22.133326,$GPGSV,10,,36
2026-06-02T17:15:22.133326,$GPGSV,18,,42
2026-06-02T17:15:22.133326,$GPGSV,23,,40
2026-06-02T17:15:22.133326,$GPGSV,24,,35
2026-06-02T17:15:22.133985,$GPGSV,32,,30
2026-06-02T17:15:22.133985,$GPGSV,41,,40
2026-06-02T17:15:22.133985,$GPGSV,42,,41
2026-06-02T17:15:22.134708,$GPGSV,10,,30
2026-06-02T17:15:22.134708,$GPGSV,18,,40
2026-06-02T17:15:22.134708,$GPGSV,23,,36
2026-06-02T17:15:22.134708,$GPGSV,24,,29
2026-06-02T17:15:22.135122,$GPGSV,32,,31
2026-06-02T17:15:22.137564,$GLGSV,65,,30
2026-06-02T17:15:22.137564,$GLGSV,66,,33
2026-06-02T17:15:22.137564,$GLGSV,75,,20
2026-06-02T17:15:22.137564,$GLGSV,76,,21
2026-06-02T17:15:22.138187,$GLGSV,81,,39
2026-06-02T17:15:22.138187,$GLGSV,87,,12
2026-06-02T17:15:22.138187,$GLGSV,88,,38
2026-06-02T17:15:22.138906,$GLGSV,66,,35
2026-06-02T17:15:22.138906,$GLGSV,67,,22
2026-06-02T17:15:22.138906,$GLGSV,75,,21
2026-06-02T17:15:22.138906,$GLGSV,76,,22
2026-06-02T17:15:22.139415,$GLGSV,81,,29
2026-06-02T17:15:22.139415,$GLGSV,88,,38
2026-06-02T17:15:22.140527,$GAGSV,04,,35
2026-06-02T17:15:22.140527,$GAGSV,05,,24
2026-06-02T17:15:22.140527,$GAGSV,06,,38
2026-06-02T17:15:22.140527,$GAGSV,09,,37
2026-06-02T17:15:22.141436,$GAGSV,10,,38
2026-06-02T17:15:22.141436,$GAGSV,11,,34
2026-06-02T17:15:22.141436,$GAGSV,12,,32
2026-06-02T17:15:22.141436,$GAGSV,28,,11
2026-06-02T17:15:22.141859,$GAGSV,36,,29
2026-06-02T17:15:22.142541,$GAGSV,04,,37
2026-06-02T17:15:22.142541,$GAGSV,05,,27
2026-06-02T17:15:22.142541,$GAGSV,06,,39
2026-06-02T17:15:22.142541,$GAGSV,09,,39
2026-06-02T17:15:22.143231,$GAGSV,10,,39
2026-06-02T17:15:22.143231,$GAGSV,11,,37
2026-06-02T17:15:22.143231,$GAGSV,12,,35
2026-06-02T17:15:22.143231,$GAGSV,36,,36
2026-06-02T17:15:22.144447,$GBGSV,06,,39
2026-06-02T17:15:22.144447,$GBGSV,07,,42
2026-06-02T17:15:22.144447,$GBGSV,08,,24
2026-06-02T17:15:22.144447,$GBGSV,09,,36
2026-06-02T17:15:22.145140,$GBGSV,10,,41
2026-06-02T17:15:22.145140,$GBGSV,13,,39
2026-06-02T17:15:22.145140,$GBGSV,14,,36
2026-06-02T17:15:22.145140,$GBGSV,34,,40
2026-06-02T17:15:22.145744,$GBGSV,08,,07
2026-06-02T17:15:22.145744,$GBGSV,09,,33
2026-06-02T17:15:22.145744,$GBGSV,10,,35
2026-06-02T17:15:23.138743,$GPGSV,10,,36
2026-06-02T17:15:23.138743,$GPGSV,18,,42
2026-06-02T17:15:23.138743,$GPGSV,23,,40
2026-06-02T17:15:23.138743,$GPGSV,24,,35
2026-06-02T17:15:23.140642,$GPGSV,32,,37
2026-06-02T17:15:23.140642,$GPGSV,41,,41
2026-06-02T17:15:23.140642,$GPGSV,42,,42
2026-06-02T17:15:23.142854,$GPGSV,10,,29
2026-06-02T17:15:23.142854,$GPGSV,18,,42
2026-06-02T17:15:23.142854,$GPGSV,23,,34
2026-06-02T17:15:23.142854,$GPGSV,24,,29
2026-06-02T17:15:23.144099,$GPGSV,32,,32
2026-06-02T17:15:23.151603,$GLGSV,65,,34
2026-06-02T17:15:23.151603,$GLGSV,66,,34
2026-06-02T17:15:23.151603,$GLGSV,75,,20
2026-06-02T17:15:23.151603,$GLGSV,76,,20
2026-06-02T17:15:23.153457,$GLGSV,81,,38
2026-06-02T17:15:23.153457,$GLGSV,87,,12
2026-06-02T17:15:23.153457,$GLGSV,88,,39
2026-06-02T17:15:23.156009,$GLGSV,66,,35
2026-06-02T17:15:23.156009,$GLGSV,67,,21
2026-06-02T17:15:23.156009,$GLGSV,75,,21
2026-06-02T17:15:23.156009,$GLGSV,76,,22
2026-06-02T17:15:23.157562,$GLGSV,81,,38
2026-06-02T17:15:23.157562,$GLGSV,88,,38
2026-06-02T17:15:23.160245,$GAGSV,04,,34
2026-06-02T17:15:23.160245,$GAGSV,05,,26
2026-06-02T17:15:23.160245,$GAGSV,06,,37
2026-06-02T17:15:23.160245,$GAGSV,09,,36
2026-06-02T17:15:23.161728,$GAGSV,10,,38
2026-06-02T17:15:23.161728,$GAGSV,11,,34
2026-06-02T17:15:23.161728,$GAGSV,12,,33
2026-06-02T17:15:23.161728,$GAGSV,28,,09
2026-06-02T17:15:23.162588,$GAGSV,36,,30
2026-06-02T17:15:23.163965,$GAGSV,04,,36
2026-06-02T17:15:23.163965,$GAGSV,05,,27
2026-06-02T17:15:23.163965,$GAGSV,06,,39
2026-06-02T17:15:23.163965,$GAGSV,09,,41
2026-06-02T17:15:23.165056,$GAGSV,10,,41
2026-06-02T17:15:23.165056,$GAGSV,11,,37
2026-06-02T17:15:23.165056,$GAGSV,12,,36
2026-06-02T17:15:23.165056,$GAGSV,36,,35
2026-06-02T17:15:23.167075,$GBGSV,06,,39
2026-06-02T17:15:23.167075,$GBGSV,07,,42
2026-06-02T17:15:23.167075,$GBGSV,08,,23
2026-06-02T17:15:23.167075,$GBGSV,09,,38
2026-06-02T17:15:23.168241,$GBGSV,10,,41
2026-06-02T17:15:23.168241,$GBGSV,13,,39
2026-06-02T17:15:23.168241,$GBGSV,14,,37
2026-06-02T17:15:23.168241,$GBGSV,34,,40
2026-06-02T17:15:23.169134,$GBGSV,08,,08
2026-06-02T17:15:23.169134,$GBGSV,09,,32
2026-06-02T17:15:23.169134,$GBGSV,10,,36
2026-06-02T17:15:24.137169,$GPGSV,10,,32
2026-06-02T17:15:24.137169,$GPGSV,18,,42
2026-06-02T17:15:24.137169,$GPGSV,23,,39
2026-06-02T17:15:24.137169,$GPGSV,24,,31
2026-06-02T17:15:24.139352,$GPGSV,32,,39
2026-06-02T17:15:24.139352,$GPGSV,41,,41
2026-06-02T17:15:24.139352,$GPGSV,42,,41
2026-06-02T17:15:24.141529,$GPGSV,10,,29
2026-06-02T17:15:24.141529,$GPGSV,18,,41
2026-06-02T17:15:24.141529,$GPGSV,23,,35
2026-06-02T17:15:24.141529,$GPGSV,24,,27
2026-06-02T17:15:24.142836,$GPGSV,32,,33
2026-06-02T17:15:24.148114,$GLGSV,65,,31
2026-06-02T17:15:24.148114,$GLGSV,66,,36
2026-06-02T17:15:24.148114,$GLGSV,75,,19
2026-06-02T17:15:24.148114,$GLGSV,76,,20
2026-06-02T17:15:24.148707,$GLGSV,81,,36
2026-06-02T17:15:24.148707,$GLGSV,87,,13
2026-06-02T17:15:24.148707,$GLGSV,88,,36
2026-06-02T17:15:24.149396,$GLGSV,66,,35
2026-06-02T17:15:24.149396,$GLGSV,67,,21
2026-06-02T17:15:24.149396,$GLGSV,75,,28
2026-06-02T17:15:24.149396,$GLGSV,76,,23
2026-06-02T17:15:24.149902,$GLGSV,81,,39
2026-06-02T17:15:24.149902,$GLGSV,88,,38
2026-06-02T17:15:24.150948,$GAGSV,04,,34
2026-06-02T17:15:24.150948,$GAGSV,05,,26
2026-06-02T17:15:24.150948,$GAGSV,06,,37
2026-06-02T17:15:24.150948,$GAGSV,09,,37
2026-06-02T17:15:24.151639,$GAGSV,10,,38
2026-06-02T17:15:24.151639,$GAGSV,11,,34
2026-06-02T17:15:24.151639,$GAGSV,12,,34
2026-06-02T17:15:24.151639,$GAGSV,28,,08
2026-06-02T17:15:24.152043,$GAGSV,36,,30
2026-06-02T17:15:24.152729,$GAGSV,04,,37
2026-06-02T17:15:24.152729,$GAGSV,05,,32
2026-06-02T17:15:24.152729,$GAGSV,06,,39
2026-06-02T17:15:24.152729,$GAGSV,09,,40
2026-06-02T17:15:24.153418,$GAGSV,10,,36
2026-06-02T17:15:24.153418,$GAGSV,11,,37
2026-06-02T17:15:24.153418,$GAGSV,12,,35
2026-06-02T17:15:24.153418,$GAGSV,36,,33
2026-06-02T17:15:24.154611,$GBGSV,06,,39
2026-06-02T17:15:24.154611,$GBGSV,07,,42
2026-06-02T17:15:24.154611,$GBGSV,09,,36
2026-06-02T17:15:24.154611,$GBGSV,10,,41
2026-06-02T17:15:24.155161,$GBGSV,13,,35
2026-06-02T17:15:24.155161,$GBGSV,14,,39
2026-06-02T17:15:24.155161,$GBGSV,34,,40
2026-06-02T17:15:24.155688,$GBGSV,08,,08
2026-06-02T17:15:24.155688,$GBGSV,09,,32
2026-06-02T17:15:24.155688,$GBGSV,10,,36
2026-06-02T17:15:25.132806,$GPGSV,10,,33
2026-06-02T17:15:25.132806,$GPGSV,18,,42
2026-06-02T17:15:25.132806,$GPGSV,23,,39
2026-06-02T17:15:25.132806,$GPGSV,24,,30
2026-06-02T17:15:25.133416,$GPGSV,32,,41
2026-06-02T17:15:25.133416,$GPGSV,41,,40
2026-06-02T17:15:25.133416,$GPGSV,42,,42
2026-06-02T17:15:25.134118,$GPGSV,10,,30
2026-06-02T17:15:25.134118,$GPGSV,18,,41
2026-06-02T17:15:25.134118,$GPGSV,23,,35
2026-06-02T17:15:25.134118,$GPGSV,24,,27
2026-06-02T17:15:25.134513,$GPGSV,32,,30
2026-06-02T17:15:25.136852,$GLGSV,65,,32
2026-06-02T17:15:25.136852,$GLGSV,66,,36
2026-06-02T17:15:25.136852,$GLGSV,75,,20
2026-06-02T17:15:25.136852,$GLGSV,76,,21
2026-06-02T17:15:25.137442,$GLGSV,81,,34
2026-06-02T17:15:25.137442,$GLGSV,87,,15
2026-06-02T17:15:25.137442,$GLGSV,88,,40
2026-06-02T17:15:25.138137,$GLGSV,66,,35
2026-06-02T17:15:25.138137,$GLGSV,67,,21
2026-06-02T17:15:25.138137,$GLGSV,75,,25
2026-06-02T17:15:25.138137,$GLGSV,76,,24
2026-06-02T17:15:25.139501,$GLGSV,81,,36
2026-06-02T17:15:25.139501,$GLGSV,88,,38
2026-06-02T17:15:25.140605,$GAGSV,04,,34
2026-06-02T17:15:25.140605,$GAGSV,05,,23
2026-06-02T17:15:25.140605,$GAGSV,06,,37
2026-06-02T17:15:25.140605,$GAGSV,09,,37
2026-06-02T17:15:25.141303,$GAGSV,10,,38
2026-06-02T17:15:25.141303,$GAGSV,11,,35
2026-06-02T17:15:25.141303,$GAGSV,12,,35
2026-06-02T17:15:25.141303,$GAGSV,28,,11
2026-06-02T17:15:25.141724,$GAGSV,36,,34
2026-06-02T17:15:25.142413,$GAGSV,04,,34
2026-06-02T17:15:25.142413,$GAGSV,05,,24
2026-06-02T17:15:25.142413,$GAGSV,06,,38
2026-06-02T17:15:25.142413,$GAGSV,09,,40
2026-06-02T17:15:25.143099,$GAGSV,10,,39
2026-06-02T17:15:25.143099,$GAGSV,11,,37
2026-06-02T17:15:25.143099,$GAGSV,12,,36
2026-06-02T17:15:25.143099,$GAGSV,36,,32
2026-06-02T17:15:25.144314,$GBGSV,06,,37
2026-06-02T17:15:25.144314,$GBGSV,07,,42
2026-06-02T17:15:25.144314,$GBGSV,08,,25
2026-06-02T17:15:25.144314,$GBGSV,09,,37
2026-06-02T17:15:25.145002,$GBGSV,10,,40
2026-06-02T17:15:25.145002,$GBGSV,13,,35
2026-06-02T17:15:25.145002,$GBGSV,14,,40
2026-06-02T17:15:25.145002,$GBGSV,34,,40
2026-06-02T17:15:25.145494,$GBGSV,09,,32
2026-06-02T17:15:25.145494,$GBGSV,10,,36
2026-06-02T17:15:26.123800,$GPGSV,10,,28
2026-06-02T17:15:26.123800,$GPGSV,18,,42
2026-06-02T17:15:26.123800,$GPGSV,23,,40
2026-06-02T17:15:26.123800,$GPGSV,24,,22
2026-06-02T17:15:26.124442,$GPGSV,32,,41
2026-06-02T17:15:26.124442,$GPGSV,41,,41
2026-06-02T17:15:26.124442,$GPGSV,42,,41
2026-06-02T17:15:26.125168,$GPGSV,10,,30
2026-06-02T17:15:26.125168,$GPGSV,18,,41
2026-06-02T17:15:26.125168,$GPGSV,23,,34
2026-06-02T17:15:26.125168,$GPGSV,24,,26
2026-06-02T17:15:26.125624,$GPGSV,32,,29
2026-06-02T17:15:26.128000,$GLGSV,65,,32
2026-06-02T17:15:26.128000,$GLGSV,66,,38
2026-06-02T17:15:26.128000,$GLGSV,75,,21
2026-06-02T17:15:26.128000,$GLGSV,76,,20
2026-06-02T17:15:26.128595,$GLGSV,81,,38
2026-06-02T17:15:26.128595,$GLGSV,87,,16
2026-06-02T17:15:26.128595,$GLGSV,88,,42
2026-06-02T17:15:26.129285,$GLGSV,66,,29
2026-06-02T17:15:26.129285,$GLGSV,67,,21
2026-06-02T17:15:26.129285,$GLGSV,75,,24
2026-06-02T17:15:26.129285,$GLGSV,76,,25
2026-06-02T17:15:26.129787,$GLGSV,81,,37
2026-06-02T17:15:26.129787,$GLGSV,88,,40
2026-06-02T17:15:26.130828,$GAGSV,04,,34
2026-06-02T17:15:26.130828,$GAGSV,05,,21
2026-06-02T17:15:26.130828,$GAGSV,06,,37
2026-06-02T17:15:26.130828,$GAGSV,09,,37
2026-06-02T17:15:26.131547,$GAGSV,10,,38
2026-06-02T17:15:26.131547,$GAGSV,11,,35
2026-06-02T17:15:26.131547,$GAGSV,12,,34
2026-06-02T17:15:26.131547,$GAGSV,28,,13
2026-06-02T17:15:26.131940,$GAGSV,36,,32
2026-06-02T17:15:26.132628,$GAGSV,04,,37
2026-06-02T17:15:26.132628,$GAGSV,05,,23
2026-06-02T17:15:26.132628,$GAGSV,06,,38
2026-06-02T17:15:26.132628,$GAGSV,09,,40
2026-06-02T17:15:26.133317,$GAGSV,10,,38
2026-06-02T17:15:26.133317,$GAGSV,11,,37
2026-06-02T17:15:26.133317,$GAGSV,12,,36
2026-06-02T17:15:26.133317,$GAGSV,36,,34
2026-06-02T17:15:26.134597,$GBGSV,06,,39
2026-06-02T17:15:26.134597,$GBGSV,07,,42
2026-06-02T17:15:26.134597,$GBGSV,08,,25
2026-06-02T17:15:26.134597,$GBGSV,09,,35
2026-06-02T17:15:26.135318,$GBGSV,10,,40
2026-06-02T17:15:26.135318,$GBGSV,13,,35
2026-06-02T17:15:26.135318,$GBGSV,14,,39
2026-06-02T17:15:26.135318,$GBGSV,34,,39
2026-06-02T17:15:26.135832,$GBGSV,09,,32
2026-06-02T17:15:26.135832,$GBGSV,10,,36
2026-06-02T17:15:27.135131,$GPGSV,10,,32
2026-06-02T17:15:27.135131,$GPGSV,18,,42
2026-06-02T17:15:27.135131,$GPGSV,23,,37
2026-06-02T17:15:27.135131,$GPGSV,24,,32
2026-06-02T17:15:27.135797,$GPGSV,32,,35
2026-06-02T17:15:27.135797,$GPGSV,41,,43
2026-06-02T17:15:27.135797,$GPGSV,42,,41
2026-06-02T17:15:27.136542,$GPGSV,10,,29
2026-06-02T17:15:27.136542,$GPGSV,18,,41
2026-06-02T17:15:27.136542,$GPGSV,23,,37
2026-06-02T17:15:27.136542,$GPGSV,24,,26
2026-06-02T17:15:27.136990,$GPGSV,32,,28
2026-06-02T17:15:27.139576,$GLGSV,65,,35
2026-06-02T17:15:27.139576,$GLGSV,66,,40
2026-06-02T17:15:27.139576,$GLGSV,75,,19
2026-06-02T17:15:27.139576,$GLGSV,76,,19
2026-06-02T17:15:27.140192,$GLGSV,81,,36
2026-06-02T17:15:27.140192,$GLGSV,87,,15
2026-06-02T17:15:27.140192,$GLGSV,88,,41
2026-06-02T17:15:27.140897,$GLGSV,66,,38
2026-06-02T17:15:27.140897,$GLGSV,67,,24
2026-06-02T17:15:27.140897,$GLGSV,75,,21
2026-06-02T17:15:27.140897,$GLGSV,76,,25
2026-06-02T17:15:27.141408,$GLGSV,81,,40
2026-06-02T17:15:27.141408,$GLGSV,88,,40
2026-06-02T17:15:27.142517,$GAGSV,04,,34
2026-06-02T17:15:27.142517,$GAGSV,05,,22
2026-06-02T17:15:27.142517,$GAGSV,06,,35
2026-06-02T17:15:27.142517,$GAGSV,09,,37
2026-06-02T17:15:27.143224,$GAGSV,10,,36
2026-06-02T17:15:27.143224,$GAGSV,11,,35
2026-06-02T17:15:27.143224,$GAGSV,12,,33
2026-06-02T17:15:27.143224,$GAGSV,28,,11
2026-06-02T17:15:27.143764,$GAGSV,36,,32
2026-06-02T17:15:27.144490,$GAGSV,04,,39
2026-06-02T17:15:27.144490,$GAGSV,05,,22
2026-06-02T17:15:27.144490,$GAGSV,06,,38
2026-06-02T17:15:27.144490,$GAGSV,09,,40
2026-06-02T17:15:27.145213,$GAGSV,10,,40
2026-06-02T17:15:27.145213,$GAGSV,11,,37
2026-06-02T17:15:27.145213,$GAGSV,12,,36
2026-06-02T17:15:27.145213,$GAGSV,36,,34
2026-06-02T17:15:27.146715,$GBGSV,06,,39
2026-06-02T17:15:27.146715,$GBGSV,07,,38
2026-06-02T17:15:27.146715,$GBGSV,08,,26
2026-06-02T17:15:27.146715,$GBGSV,09,,38
2026-06-02T17:15:27.147488,$GBGSV,10,,39
2026-06-02T17:15:27.147488,$GBGSV,13,,37
2026-06-02T17:15:27.147488,$GBGSV,14,,40
2026-06-02T17:15:27.147488,$GBGSV,34,,41
2026-06-02T17:15:27.148006,$GBGSV,09,,32
2026-06-02T17:15:27.148006,$GBGSV,10,,36
2026-06-02T17:15:28.133857,$GPGSV,10,,29
2026-06-02T17:15:28.133857,$GPGSV,18,,42
2026-06-02T17:15:28.133857,$GPGSV,23,,39
2026-06-02T17:15:28.133857,$GPGSV,24,,33
2026-06-02T17:15:28.134499,$GPGSV,32,,32
2026-06-02T17:15:28.134499,$GPGSV,41,,41
2026-06-02T17:15:28.134499,$GPGSV,42,,41
2026-06-02T17:15:28.135224,$GPGSV,10,,29
2026-06-02T17:15:28.135224,$GPGSV,18,,41
2026-06-02T17:15:28.135224,$GPGSV,23,,35
2026-06-02T17:15:28.135224,$GPGSV,24,,32
2026-06-02T17:15:28.135637,$GPGSV,32,,29
2026-06-02T17:15:28.138145,$GLGSV,65,,35
2026-06-02T17:15:28.138145,$GLGSV,66,,36
2026-06-02T17:15:28.138145,$GLGSV,75,,19
2026-06-02T17:15:28.138145,$GLGSV,76,,19
2026-06-02T17:15:28.138741,$GLGSV,81,,33
2026-06-02T17:15:28.138741,$GLGSV,87,,14
2026-06-02T17:15:28.138741,$GLGSV,88,,41
2026-06-02T17:15:28.139427,$GLGSV,66,,38
2026-06-02T17:15:28.139427,$GLGSV,67,,26
2026-06-02T17:15:28.139427,$GLGSV,75,,19
2026-06-02T17:15:28.139427,$GLGSV,76,,25
2026-06-02T17:15:28.139924,$GLGSV,81,,37
2026-06-02T17:15:28.139924,$GLGSV,88,,41
2026-06-02T17:15:28.140958,$GAGSV,04,,35
2026-06-02T17:15:28.140958,$GAGSV,05,,26
2026-06-02T17:15:28.140958,$GAGSV,06,,36
2026-06-02T17:15:28.140958,$GAGSV,09,,37
2026-06-02T17:15:28.141663,$GAGSV,10,,36
2026-06-02T17:15:28.141663,$GAGSV,11,,35
2026-06-02T17:15:28.141663,$GAGSV,12,,34
2026-06-02T17:15:28.141663,$GAGSV,28,,10
2026-06-02T17:15:28.142063,$GAGSV,36,,31
2026-06-02T17:15:28.142742,$GAGSV,04,,37
2026-06-02T17:15:28.142742,$GAGSV,05,,29
2026-06-02T17:15:28.142742,$GAGSV,06,,39
2026-06-02T17:15:28.142742,$GAGSV,09,,39
2026-06-02T17:15:28.143449,$GAGSV,10,,38
2026-06-02T17:15:28.143449,$GAGSV,11,,37
2026-06-02T17:15:28.143449,$GAGSV,12,,36
2026-06-02T17:15:28.143449,$GAGSV,36,,32
2026-06-02T17:15:28.144685,$GBGSV,06,,40
2026-06-02T17:15:28.144685,$GBGSV,07,,37
2026-06-02T17:15:28.144685,$GBGSV,08,,28
2026-06-02T17:15:28.144685,$GBGSV,09,,36
2026-06-02T17:15:28.145378,$GBGSV,10,,42
2026-06-02T17:15:28.145378,$GBGSV,13,,36
2026-06-02T17:15:28.145378,$GBGSV,14,,40
2026-06-02T17:15:28.145378,$GBGSV,34,,39
2026-06-02T17:15:28.145889,$GBGSV,09,,31
2026-06-02T17:15:28.145889,$GBGSV,10,,36
2026-06-02T17:15:29.131696,$GPGSV,10,,28
2026-06-02T17:15:29.131696,$GPGSV,18,,42
2026-06-02T17:15:29.131696,$GPGSV,23,,38
2026-06-02T17:15:29.131696,$GPGSV,24,,36
2026-06-02T17:15:29.132334,$GPGSV,32,,39
2026-06-02T17:15:29.132334,$GPGSV,41,,42
2026-06-02T17:15:29.132334,$GPGSV,42,,40
2026-06-02T17:15:29.133048,$GPGSV,10,,20
2026-06-02T17:15:29.133048,$GPGSV,18,,41
2026-06-02T17:15:29.133048,$GPGSV,23,,36
2026-06-02T17:15:29.133048,$GPGSV,24,,32
2026-06-02T17:15:29.133457,$GPGSV,32,,33
2026-06-02T17:15:29.135922,$GLGSV,65,,33
2026-06-02T17:15:29.135922,$GLGSV,66,,37
2026-06-02T17:15:29.135922,$GLGSV,75,,19
2026-06-02T17:15:29.135922,$GLGSV,76,,18
2026-06-02T17:15:29.136511,$GLGSV,81,,34
2026-06-02T17:15:29.136511,$GLGSV,87,,14
2026-06-02T17:15:29.136511,$GLGSV,88,,41
2026-06-02T17:15:29.137197,$GLGSV,66,,35
2026-06-02T17:15:29.137197,$GLGSV,67,,27
2026-06-02T17:15:29.137197,$GLGSV,75,,19
2026-06-02T17:15:29.137197,$GLGSV,76,,25
2026-06-02T17:15:29.137691,$GLGSV,81,,36
2026-06-02T17:15:29.137691,$GLGSV,88,,42
2026-06-02T17:15:29.138723,$GAGSV,04,,32
2026-06-02T17:15:29.138723,$GAGSV,05,,29
2026-06-02T17:15:29.138723,$GAGSV,06,,36
2026-06-02T17:15:29.138723,$GAGSV,09,,39
2026-06-02T17:15:29.139399,$GAGSV,10,,35
2026-06-02T17:15:29.139399,$GAGSV,11,,35
2026-06-02T17:15:29.139399,$GAGSV,12,,32
2026-06-02T17:15:29.139399,$GAGSV,36,,31
2026-06-02T17:15:29.140076,$GAGSV,04,,36
2026-06-02T17:15:29.140076,$GAGSV,05,,34
2026-06-02T17:15:29.140076,$GAGSV,06,,39
2026-06-02T17:15:29.140076,$GAGSV,09,,38
2026-06-02T17:15:29.140759,$GAGSV,10,,38
2026-06-02T17:15:29.140759,$GAGSV,11,,37
2026-06-02T17:15:29.140759,$GAGSV,12,,36
2026-06-02T17:15:29.140759,$GAGSV,36,,32
2026-06-02T17:15:29.142064,$GBGSV,06,,39
2026-06-02T17:15:29.142064,$GBGSV,07,,40
2026-06-02T17:15:29.142064,$GBGSV,08,,28
2026-06-02T17:15:29.142064,$GBGSV,09,,38
2026-06-02T17:15:29.142752,$GBGSV,10,,40
2026-06-02T17:15:29.142752,$GBGSV,13,,32
2026-06-02T17:15:29.142752,$GBGSV,14,,38
2026-06-02T17:15:29.142752,$GBGSV,34,,42
2026-06-02T17:15:29.143342,$GBGSV,09,,32
2026-06-02T17:15:29.143342,$GBGSV,10,,35
2026-06-02T17:15:29.143342,$GBGSV,14,,13
2026-06-02T17:15:30.136301,$GPGSV,10,,32
2026-06-02T17:15:30.136301,$GPGSV,18,,42
2026-06-02T17:15:30.136301,$GPGSV,23,,37
2026-06-02T17:15:30.136301,$GPGSV,24,,37
2026-06-02T17:15:30.136916,$GPGSV,32,,36
2026-06-02T17:15:30.136916,$GPGSV,41,,42
2026-06-02T17:15:30.136916,$GPGSV,42,,40
2026-06-02T17:15:30.137586,$GPGSV,10,,22
2026-06-02T17:15:30.137586,$GPGSV,18,,41
2026-06-02T17:15:30.137586,$GPGSV,23,,35
2026-06-02T17:15:30.137586,$GPGSV,24,,33
2026-06-02T17:15:30.138679,$GPGSV,32,,35
2026-06-02T17:15:30.141096,$GLGSV,65,,33
2026-06-02T17:15:30.141096,$GLGSV,66,,37
2026-06-02T17:15:30.141096,$GLGSV,75,,20
2026-06-02T17:15:30.141096,$GLGSV,76,,18
2026-06-02T17:15:30.141696,$GLGSV,81,,36
2026-06-02T17:15:30.141696,$GLGSV,87,,13
2026-06-02T17:15:30.141696,$GLGSV,88,,41
2026-06-02T17:15:30.142463,$GLGSV,66,,37
2026-06-02T17:15:30.142463,$GLGSV,67,,18
2026-06-02T17:15:30.142463,$GLGSV,75,,21
2026-06-02T17:15:30.142463,$GLGSV,76,,25
2026-06-02T17:15:30.143185,$GLGSV,81,,33
2026-06-02T17:15:30.143185,$GLGSV,88,,40
2026-06-02T17:15:30.144182,$GAGSV,04,,36
2026-06-02T17:15:30.144182,$GAGSV,05,,32
2026-06-02T17:15:30.144182,$GAGSV,06,,37
2026-06-02T17:15:30.144182,$GAGSV,09,,39
2026-06-02T17:15:30.144814,$GAGSV,10,,38
2026-06-02T17:15:30.144814,$GAGSV,11,,35
2026-06-02T17:15:30.144814,$GAGSV,12,,31
2026-06-02T17:15:30.144814,$GAGSV,36,,29
2026-06-02T17:15:30.145467,$GAGSV,04,,39
2026-06-02T17:15:30.145467,$GAGSV,05,,33
2026-06-02T17:15:30.145467,$GAGSV,06,,39
2026-06-02T17:15:30.145467,$GAGSV,09,,38
2026-06-02T17:15:30.146099,$GAGSV,10,,38
2026-06-02T17:15:30.146099,$GAGSV,11,,37
2026-06-02T17:15:30.146099,$GAGSV,12,,36
2026-06-02T17:15:30.146099,$GAGSV,36,,30
2026-06-02T17:15:30.147256,$GBGSV,06,,35
2026-06-02T17:15:30.147256,$GBGSV,07,,41
2026-06-02T17:15:30.147256,$GBGSV,08,,30
2026-06-02T17:15:30.147256,$GBGSV,09,,37
2026-06-02T17:15:30.147871,$GBGSV,10,,40
2026-06-02T17:15:30.147871,$GBGSV,13,,35
2026-06-02T17:15:30.147871,$GBGSV,14,,40
2026-06-02T17:15:30.147871,$GBGSV,34,,40
2026-06-02T17:15:30.148401,$GBGSV,09,,33
2026-06-02T17:15:30.148401,$GBGSV,10,,35
2026-06-02T17:15:30.148401,$GBGSV,14,,09
2026-06-02T17:15:31.134386,$GPGSV,10,,28
2026-06-02T17:15:31.134386,$GPGSV,18,,42
2026-06-02T17:15:31.134386,$GPGSV,23,,38
2026-06-02T17:15:31.134386,$GPGSV,24,,38
2026-06-02T17:15:31.135003,$GPGSV,32,,32
2026-06-02T17:15:31.135003,$GPGSV,41,,41
2026-06-02T17:15:31.135003,$GPGSV,42,,40
2026-06-02T17:15:31.135694,$GPGSV,10,,22
2026-06-02T17:15:31.135694,$GPGSV,18,,41
2026-06-02T17:15:31.135694,$GPGSV,23,,36
2026-06-02T17:15:31.135694,$GPGSV,24,,34
2026-06-02T17:15:31.136087,$GPGSV,32,,33
2026-06-02T17:15:31.138452,$GLGSV,65,,33
2026-06-02T17:15:31.138452,$GLGSV,66,,37
2026-06-02T17:15:31.138452,$GLGSV,75,,19
2026-06-02T17:15:31.138452,$GLGSV,76,,17
2026-06-02T17:15:31.139231,$GLGSV,81,,34
2026-06-02T17:15:31.139231,$GLGSV,87,,15
2026-06-02T17:15:31.139231,$GLGSV,88,,40
2026-06-02T17:15:31.140205,$GLGSV,66,,35
2026-06-02T17:15:31.140205,$GLGSV,67,,20
2026-06-02T17:15:31.140205,$GLGSV,75,,23
2026-06-02T17:15:31.140205,$GLGSV,76,,22
2026-06-02T17:15:31.140717,$GLGSV,81,,28
2026-06-02T17:15:31.140717,$GLGSV,88,,40
2026-06-02T17:15:31.141786,$GAGSV,04,,35
2026-06-02T17:15:31.141786,$GAGSV,05,,33
2026-06-02T17:15:31.141786,$GAGSV,06,,37
2026-06-02T17:15:31.141786,$GAGSV,09,,39
2026-06-02T17:15:31.142484,$GAGSV,10,,37
2026-06-02T17:15:31.142484,$GAGSV,11,,35
2026-06-02T17:15:31.142484,$GAGSV,12,,31
2026-06-02T17:15:31.142484,$GAGSV,36,,27
2026-06-02T17:15:31.143139,$GAGSV,04,,39
2026-06-02T17:15:31.143139,$GAGSV,05,,34
2026-06-02T17:15:31.143139,$GAGSV,06,,39
2026-06-02T17:15:31.143139,$GAGSV,09,,40
2026-06-02T17:15:31.143797,$GAGSV,10,,40
2026-06-02T17:15:31.143797,$GAGSV,11,,37
2026-06-02T17:15:31.143797,$GAGSV,12,,31
2026-06-02T17:15:31.143797,$GAGSV,36,,30
2026-06-02T17:15:31.145023,$GBGSV,06,,37
2026-06-02T17:15:31.145023,$GBGSV,07,,39
2026-06-02T17:15:31.145023,$GBGSV,08,,31
2026-06-02T17:15:31.145023,$GBGSV,09,,37
2026-06-02T17:15:31.145677,$GBGSV,10,,40
2026-06-02T17:15:31.145677,$GBGSV,13,,40
2026-06-02T17:15:31.145677,$GBGSV,14,,37
2026-06-02T17:15:31.145677,$GBGSV,34,,40
2026-06-02T17:15:31.146239,$GBGSV,09,,33
2026-06-02T17:15:31.146239,$GBGSV,10,,36
2026-06-02T17:15:31.146239,$GBGSV,14,,07
2026-06-02T17:15:32.132918,$GPGSV,10,,32
2026-06-02T17:15:32.132918,$GPGSV,18,,40
2026-06-02T17:15:32.132918,$GPGSV,23,,40
2026-06-02T17:15:32.132918,$GPGSV,24,,38
2026-06-02T17:15:32.133566,$GPGSV,32,,29
2026-06-02T17:15:32.133566,$GPGSV,41,,40
2026-06-02T17:15:32.133566,$GPGSV,42,,40
2026-06-02T17:15:32.134332,$GPGSV,10,,22
2026-06-02T17:15:32.134332,$GPGSV,18,,42
2026-06-02T17:15:32.134332,$GPGSV,23,,36
2026-06-02T17:15:32.134332,$GPGSV,24,,34
2026-06-02T17:15:32.134749,$GPGSV,32,,33
2026-06-02T17:15:32.137227,$GLGSV,65,,33
2026-06-02T17:15:32.137227,$GLGSV,66,,38
2026-06-02T17:15:32.137227,$GLGSV,75,,20
2026-06-02T17:15:32.137227,$GLGSV,76,,18
2026-06-02T17:15:32.138243,$GLGSV,81,,34
2026-06-02T17:15:32.138243,$GLGSV,87,,16
2026-06-02T17:15:32.138243,$GLGSV,88,,41
2026-06-02T17:15:32.139062,$GLGSV,66,,35
2026-06-02T17:15:32.139062,$GLGSV,67,,22
2026-06-02T17:15:32.139062,$GLGSV,75,,23
2026-06-02T17:15:32.139062,$GLGSV,76,,22
2026-06-02T17:15:32.139595,$GLGSV,81,,27
2026-06-02T17:15:32.139595,$GLGSV,88,,40
2026-06-02T17:15:32.140894,$GAGSV,04,,35
2026-06-02T17:15:32.140894,$GAGSV,05,,33
2026-06-02T17:15:32.140894,$GAGSV,06,,37
2026-06-02T17:15:32.140894,$GAGSV,09,,38
2026-06-02T17:15:32.141887,$GAGSV,10,,37
2026-06-02T17:15:32.141887,$GAGSV,11,,35
2026-06-02T17:15:32.141887,$GAGSV,12,,31
2026-06-02T17:15:32.141887,$GAGSV,36,,25
2026-06-02T17:15:32.142595,$GAGSV,04,,39
2026-06-02T17:15:32.142595,$GAGSV,05,,30
2026-06-02T17:15:32.142595,$GAGSV,06,,40
2026-06-02T17:15:32.142595,$GAGSV,09,,39
2026-06-02T17:15:32.143194,$GAGSV,10,,38
2026-06-02T17:15:32.143194,$GAGSV,11,,37
2026-06-02T17:15:32.143194,$GAGSV,12,,36
2026-06-02T17:15:32.144502,$GBGSV,06,,35
2026-06-02T17:15:32.144502,$GBGSV,07,,38
2026-06-02T17:15:32.144502,$GBGSV,08,,31
2026-06-02T17:15:32.144502,$GBGSV,09,,37
2026-06-02T17:15:32.145185,$GBGSV,10,,42
2026-06-02T17:15:32.145185,$GBGSV,13,,36
2026-06-02T17:15:32.145185,$GBGSV,14,,38
2026-06-02T17:15:32.145185,$GBGSV,34,,40
2026-06-02T17:15:32.145818,$GBGSV,09,,33
2026-06-02T17:15:32.145818,$GBGSV,10,,36
2026-06-02T17:15:32.145818,$GBGSV,14,,08
2026-06-02T17:15:33.135481,$GPGSV,10,,29
2026-06-02T17:15:33.135481,$GPGSV,18,,41
2026-06-02T17:15:33.135481,$GPGSV,23,,39
2026-06-02T17:15:33.135481,$GPGSV,24,,38
2026-06-02T17:15:33.136125,$GPGSV,32,,38
2026-06-02T17:15:33.136125,$GPGSV,41,,39
2026-06-02T17:15:33.136125,$GPGSV,42,,40
2026-06-02T17:15:33.136847,$GPGSV,10,,24
2026-06-02T17:15:33.136847,$GPGSV,18,,42
2026-06-02T17:15:33.136847,$GPGSV,23,,36
2026-06-02T17:15:33.136847,$GPGSV,24,,35
2026-06-02T17:15:33.137260,$GPGSV,32,,33
2026-06-02T17:15:33.139734,$GLGSV,65,,33
2026-06-02T17:15:33.139734,$GLGSV,66,,36
2026-06-02T17:15:33.139734,$GLGSV,75,,18
2026-06-02T17:15:33.139734,$GLGSV,76,,19
2026-06-02T17:15:33.140644,$GLGSV,81,,29
2026-06-02T17:15:33.140644,$GLGSV,87,,17
2026-06-02T17:15:33.140644,$GLGSV,88,,41
2026-06-02T17:15:33.141585,$GLGSV,66,,37
2026-06-02T17:15:33.141585,$GLGSV,67,,24
2026-06-02T17:15:33.141585,$GLGSV,75,,23
2026-06-02T17:15:33.141585,$GLGSV,76,,21
2026-06-02T17:15:33.142140,$GLGSV,81,,28
2026-06-02T17:15:33.142140,$GLGSV,88,,41
2026-06-02T17:15:33.143219,$GAGSV,04,,35
2026-06-02T17:15:33.143219,$GAGSV,05,,33
2026-06-02T17:15:33.143219,$GAGSV,06,,37
2026-06-02T17:15:33.143219,$GAGSV,09,,38
2026-06-02T17:15:33.143916,$GAGSV,10,,36
2026-06-02T17:15:33.143916,$GAGSV,11,,35
2026-06-02T17:15:33.143916,$GAGSV,12,,31
2026-06-02T17:15:33.143916,$GAGSV,36,,26
2026-06-02T17:15:33.144605,$GAGSV,04,,37
2026-06-02T17:15:33.144605,$GAGSV,05,,31
2026-06-02T17:15:33.144605,$GAGSV,06,,39
2026-06-02T17:15:33.144605,$GAGSV,09,,39
2026-06-02T17:15:33.145297,$GAGSV,10,,39
2026-06-02T17:15:33.145297,$GAGSV,11,,36
2026-06-02T17:15:33.145297,$GAGSV,12,,34
2026-06-02T17:15:33.145297,$GAGSV,36,,22
2026-06-02T17:15:33.146637,$GBGSV,06,,37
2026-06-02T17:15:33.146637,$GBGSV,07,,40
2026-06-02T17:15:33.146637,$GBGSV,08,,31
2026-06-02T17:15:33.146637,$GBGSV,09,,37
2026-06-02T17:15:33.147329,$GBGSV,10,,40
2026-06-02T17:15:33.147329,$GBGSV,13,,37
2026-06-02T17:15:33.147329,$GBGSV,14,,35
2026-06-02T17:15:33.147329,$GBGSV,34,,38
2026-06-02T17:15:33.147926,$GBGSV,09,,33
2026-06-02T17:15:33.147926,$GBGSV,10,,34
2026-06-02T17:15:33.147926,$GBGSV,14,,08
2026-06-02T17:15:34.133013,$GPGSV,10,,26
2026-06-02T17:15:34.133013,$GPGSV,18,,41
2026-06-02T17:15:34.133013,$GPGSV,23,,38
2026-06-02T17:15:34.133013,$GPGSV,24,,37
2026-06-02T17:15:34.133633,$GPGSV,32,,29
2026-06-02T17:15:34.133633,$GPGSV,41,,39
2026-06-02T17:15:34.133633,$GPGSV,42,,40
2026-06-02T17:15:34.134326,$GPGSV,10,,29
2026-06-02T17:15:34.134326,$GPGSV,18,,40
2026-06-02T17:15:34.134326,$GPGSV,23,,35
2026-06-02T17:15:34.134326,$GPGSV,24,,35
2026-06-02T17:15:34.134720,$GPGSV,32,,26
2026-06-02T17:15:34.137073,$GLGSV,65,,33
2026-06-02T17:15:34.137073,$GLGSV,66,,37
2026-06-02T17:15:34.137073,$GLGSV,75,,17
2026-06-02T17:15:34.137073,$GLGSV,76,,21
2026-06-02T17:15:34.137687,$GLGSV,81,,28
2026-06-02T17:15:34.137687,$GLGSV,87,,19
2026-06-02T17:15:34.137687,$GLGSV,88,,41
2026-06-02T17:15:34.138496,$GLGSV,66,,35
2026-06-02T17:15:34.138496,$GLGSV,67,,21
2026-06-02T17:15:34.138496,$GLGSV,75,,23
2026-06-02T17:15:34.138496,$GLGSV,76,,20
2026-06-02T17:15:34.139331,$GLGSV,81,,28
2026-06-02T17:15:34.139331,$GLGSV,88,,40
2026-06-02T17:15:34.140418,$GAGSV,04,,35
2026-06-02T17:15:34.140418,$GAGSV,05,,36
2026-06-02T17:15:34.140418,$GAGSV,06,,36
2026-06-02T17:15:34.140418,$GAGSV,09,,38
2026-06-02T17:15:34.141228,$GAGSV,10,,39
2026-06-02T17:15:34.141228,$GAGSV,11,,35
2026-06-02T17:15:34.141228,$GAGSV,12,,31
2026-06-02T17:15:34.141228,$GAGSV,36,,25
2026-06-02T17:15:34.141922,$GAGSV,04,,38
2026-06-02T17:15:34.141922,$GAGSV,05,,31
2026-06-02T17:15:34.141922,$GAGSV,06,,40
2026-06-02T17:15:34.141922,$GAGSV,09,,39
2026-06-02T17:15:34.142580,$GAGSV,10,,38
2026-06-02T17:15:34.142580,$GAGSV,11,,36
2026-06-02T17:15:34.142580,$GAGSV,12,,32
2026-06-02T17:15:34.142580,$GAGSV,36,,25
2026-06-02T17:15:34.143781,$GBGSV,06,,35
2026-06-02T17:15:34.143781,$GBGSV,07,,40
2026-06-02T17:15:34.143781,$GBGSV,08,,32
2026-06-02T17:15:34.143781,$GBGSV,09,,37
2026-06-02T17:15:34.144424,$GBGSV,10,,37
2026-06-02T17:15:34.144424,$GBGSV,13,,37
2026-06-02T17:15:34.144424,$GBGSV,14,,35
2026-06-02T17:15:34.144424,$GBGSV,34,,39
2026-06-02T17:15:34.144950,$GBGSV,09,,32
2026-06-02T17:15:34.144950,$GBGSV,10,,34
2026-06-02T17:15:34.144950,$GBGSV,14,,09
2026-06-02T17:15:35.125471,$GPGSV,10,,27
2026-06-02T17:15:35.125471,$GPGSV,18,,41
2026-06-02T17:15:35.125471,$GPGSV,23,,38
2026-06-02T17:15:35.125471,$GPGSV,24,,35
2026-06-02T17:15:35.126365,$GPGSV,32,,34
2026-06-02T17:15:35.126365,$GPGSV,41,,39
2026-06-02T17:15:35.126365,$GPGSV,42,,40
2026-06-02T17:15:35.127102,$GPGSV,10,,27
2026-06-02T17:15:35.127102,$GPGSV,18,,40
2026-06-02T17:15:35.127102,$GPGSV,23,,36
2026-06-02T17:15:35.127102,$GPGSV,24,,35
2026-06-02T17:15:35.127518,$GPGSV,32,,32
2026-06-02T17:15:35.129993,$GLGSV,65,,33
2026-06-02T17:15:35.129993,$GLGSV,66,,37
2026-06-02T17:15:35.129993,$GLGSV,75,,19
2026-06-02T17:15:35.129993,$GLGSV,76,,20
2026-06-02T17:15:35.130629,$GLGSV,81,,31
2026-06-02T17:15:35.130629,$GLGSV,87,,19
2026-06-02T17:15:35.130629,$GLGSV,88,,42
2026-06-02T17:15:35.131759,$GLGSV,66,,37
2026-06-02T17:15:35.131759,$GLGSV,67,,21
2026-06-02T17:15:35.131759,$GLGSV,75,,22
2026-06-02T17:15:35.131759,$GLGSV,76,,23
2026-06-02T17:15:35.132328,$GLGSV,81,,27
2026-06-02T17:15:35.132328,$GLGSV,88,,40
2026-06-02T17:15:35.133743,$GAGSV,04,,35
2026-06-02T17:15:35.133743,$GAGSV,05,,35
2026-06-02T17:15:35.133743,$GAGSV,06,,36
2026-06-02T17:15:35.133743,$GAGSV,09,,38
2026-06-02T17:15:35.134692,$GAGSV,10,,39
2026-06-02T17:15:35.134692,$GAGSV,11,,35
2026-06-02T17:15:35.134692,$GAGSV,12,,31
2026-06-02T17:15:35.134692,$GAGSV,36,,25
2026-06-02T17:15:35.135400,$GAGSV,04,,37
2026-06-02T17:15:35.135400,$GAGSV,05,,31
2026-06-02T17:15:35.135400,$GAGSV,06,,40
2026-06-02T17:15:35.135400,$GAGSV,09,,39
2026-06-02T17:15:35.136095,$GAGSV,10,,38
2026-06-02T17:15:35.136095,$GAGSV,11,,36
2026-06-02T17:15:35.136095,$GAGSV,12,,32
2026-06-02T17:15:35.136095,$GAGSV,36,,25
2026-06-02T17:15:35.137514,$GBGSV,06,,37
2026-06-02T17:15:35.137514,$GBGSV,07,,38
2026-06-02T17:15:35.137514,$GBGSV,08,,32
2026-06-02T17:15:35.137514,$GBGSV,09,,35
2026-06-02T17:15:35.138240,$GBGSV,10,,39
2026-06-02T17:15:35.138240,$GBGSV,13,,39
2026-06-02T17:15:35.138240,$GBGSV,14,,35
2026-06-02T17:15:35.138240,$GBGSV,34,,38
2026-06-02T17:15:35.139591,$GBGSV,09,,32
2026-06-02T17:15:35.139591,$GBGSV,10,,36
2026-06-02T17:15:35.139591,$GBGSV,14,,10
2026-06-02T17:15:36.130053,$GPGSV,10,,28
2026-06-02T17:15:36.130053,$GPGSV,18,,41
2026-06-02T17:15:36.130053,$GPGSV,23,,35
2026-06-02T17:15:36.130053,$GPGSV,24,,38
2026-06-02T17:15:36.130668,$GPGSV,32,,31
2026-06-02T17:15:36.130668,$GPGSV,41,,41
2026-06-02T17:15:36.130668,$GPGSV,42,,40
2026-06-02T17:15:36.131364,$GPGSV,10,,25
2026-06-02T17:15:36.131364,$GPGSV,18,,42
2026-06-02T17:15:36.131364,$GPGSV,23,,36
2026-06-02T17:15:36.131364,$GPGSV,24,,35
2026-06-02T17:15:36.131760,$GPGSV,32,,32
2026-06-02T17:15:36.134180,$GLGSV,65,,33
2026-06-02T17:15:36.134180,$GLGSV,66,,35
2026-06-02T17:15:36.134180,$GLGSV,75,,20
2026-06-02T17:15:36.134180,$GLGSV,76,,20
2026-06-02T17:15:36.134776,$GLGSV,81,,27
2026-06-02T17:15:36.134776,$GLGSV,87,,19
2026-06-02T17:15:36.134776,$GLGSV,88,,42
2026-06-02T17:15:36.135776,$GLGSV,66,,31
2026-06-02T17:15:36.135776,$GLGSV,67,,20
2026-06-02T17:15:36.135776,$GLGSV,75,,22
2026-06-02T17:15:36.135776,$GLGSV,76,,23
2026-06-02T17:15:36.136402,$GLGSV,81,,35
2026-06-02T17:15:36.136402,$GLGSV,88,,40
2026-06-02T17:15:36.137978,$GAGSV,04,,35
2026-06-02T17:15:36.137978,$GAGSV,05,,33
2026-06-02T17:15:36.137978,$GAGSV,06,,37
2026-06-02T17:15:36.137978,$GAGSV,09,,38
2026-06-02T17:15:36.138963,$GAGSV,10,,39
2026-06-02T17:15:36.138963,$GAGSV,11,,35
2026-06-02T17:15:36.138963,$GAGSV,12,,31
2026-06-02T17:15:36.138963,$GAGSV,36,,27
2026-06-02T17:15:36.139682,$GAGSV,04,,37
2026-06-02T17:15:36.139682,$GAGSV,05,,31
2026-06-02T17:15:36.139682,$GAGSV,06,,40
2026-06-02T17:15:36.139682,$GAGSV,09,,38
2026-06-02T17:15:36.140373,$GAGSV,10,,40
2026-06-02T17:15:36.140373,$GAGSV,11,,36
2026-06-02T17:15:36.140373,$GAGSV,12,,33
2026-06-02T17:15:36.140373,$GAGSV,36,,30
2026-06-02T17:15:36.141674,$GBGSV,06,,36
2026-06-02T17:15:36.141674,$GBGSV,07,,39
2026-06-02T17:15:36.141674,$GBGSV,08,,31
2026-06-02T17:15:36.141674,$GBGSV,09,,36
2026-06-02T17:15:36.142371,$GBGSV,10,,40
2026-06-02T17:15:36.142371,$GBGSV,13,,38
2026-06-02T17:15:36.142371,$GBGSV,14,,35
2026-06-02T17:15:36.142371,$GBGSV,34,,40
2026-06-02T17:15:36.142961,$GBGSV,09,,33
2026-06-02T17:15:36.142961,$GBGSV,10,,35
2026-06-02T17:15:36.142961,$GBGSV,14,,08
2026-06-02T17:15:37.126038,$GPGSV,10,,27
2026-06-02T17:15:37.126038,$GPGSV,18,,42
2026-06-02T17:15:37.126038,$GPGSV,23,,38
2026-06-02T17:15:37.126038,$GPGSV,24,,39
2026-06-02T17:15:37.126653,$GPGSV,32,,38
2026-06-02T17:15:37.126653,$GPGSV,41,,42
2026-06-02T17:15:37.126653,$GPGSV,42,,40
2026-06-02T17:15:37.127340,$GPGSV,10,,24
2026-06-02T17:15:37.127340,$GPGSV,18,,41
2026-06-02T17:15:37.127340,$GPGSV,23,,36
2026-06-02T17:15:37.127340,$GPGSV,24,,34
2026-06-02T17:15:37.127739,$GPGSV,32,,29
2026-06-02T17:15:37.130104,$GLGSV,65,,30
2026-06-02T17:15:37.130104,$GLGSV,66,,35
2026-06-02T17:15:37.130104,$GLGSV,75,,21
2026-06-02T17:15:37.130104,$GLGSV,76,,22
2026-06-02T17:15:37.130696,$GLGSV,81,,31
2026-06-02T17:15:37.130696,$GLGSV,87,,19
2026-06-02T17:15:37.130696,$GLGSV,88,,41
2026-06-02T17:15:37.131596,$GLGSV,66,,32
2026-06-02T17:15:37.131596,$GLGSV,67,,21
2026-06-02T17:15:37.131596,$GLGSV,75,,22
2026-06-02T17:15:37.131596,$GLGSV,76,,24
2026-06-02T17:15:37.132324,$GLGSV,81,,32
2026-06-02T17:15:37.132324,$GLGSV,88,,41
2026-06-02T17:15:37.133587,$GAGSV,04,,35
2026-06-02T17:15:37.133587,$GAGSV,05,,33
2026-06-02T17:15:37.133587,$GAGSV,06,,37
2026-06-02T17:15:37.133587,$GAGSV,09,,38
2026-06-02T17:15:37.134627,$GAGSV,10,,37
2026-06-02T17:15:37.134627,$GAGSV,11,,35
2026-06-02T17:15:37.134627,$GAGSV,12,,31
2026-06-02T17:15:37.134627,$GAGSV,36,,25
2026-06-02T17:15:37.135339,$GAGSV,04,,37
2026-06-02T17:15:37.135339,$GAGSV,05,,30
2026-06-02T17:15:37.135339,$GAGSV,06,,40
2026-06-02T17:15:37.135339,$GAGSV,09,,40
2026-06-02T17:15:37.135937,$GAGSV,10,,38
2026-06-02T17:15:37.135937,$GAGSV,11,,36
2026-06-02T17:15:37.135937,$GAGSV,12,,34
2026-06-02T17:15:37.137344,$GBGSV,06,,35
2026-06-02T17:15:37.137344,$GBGSV,07,,39
2026-06-02T17:15:37.137344,$GBGSV,08,,30
2026-06-02T17:15:37.137344,$GBGSV,09,,38
2026-06-02T17:15:37.138182,$GBGSV,10,,38
2026-06-02T17:15:37.138182,$GBGSV,13,,40
2026-06-02T17:15:37.138182,$GBGSV,14,,38
2026-06-02T17:15:37.138182,$GBGSV,34,,39
2026-06-02T17:15:37.138759,$GBGSV,09,,32
2026-06-02T17:15:37.138759,$GBGSV,10,,36
2026-06-02T17:15:37.138759,$GBGSV,14,,08
2026-06-02T17:15:38.126407,$GPGSV,10,,32
2026-06-02T17:15:38.126407,$GPGSV,18,,42
2026-06-02T17:15:38.126407,$GPGSV,23,,38
2026-06-02T17:15:38.126407,$GPGSV,24,,37
2026-06-02T17:15:38.127063,$GPGSV,32,,36
2026-06-02T17:15:38.127063,$GPGSV,41,,41
2026-06-02T17:15:38.127063,$GPGSV,42,,41
2026-06-02T17:15:38.127815,$GPGSV,10,,22
2026-06-02T17:15:38.127815,$GPGSV,18,,40
2026-06-02T17:15:38.127815,$GPGSV,23,,36
2026-06-02T17:15:38.127815,$GPGSV,24,,35
2026-06-02T17:15:38.128252,$GPGSV,32,,33
2026-06-02T17:15:38.130791,$GLGSV,65,,33
2026-06-02T17:15:38.130791,$GLGSV,66,,33
2026-06-02T17:15:38.130791,$GLGSV,75,,21
2026-06-02T17:15:38.130791,$GLGSV,76,,21
2026-06-02T17:15:38.131422,$GLGSV,81,,26
2026-06-02T17:15:38.131422,$GLGSV,87,,19
2026-06-02T17:15:38.131422,$GLGSV,88,,41
2026-06-02T17:15:38.132129,$GLGSV,66,,35
2026-06-02T17:15:38.132129,$GLGSV,67,,20
2026-06-02T17:15:38.132129,$GLGSV,75,,25
2026-06-02T17:15:38.132129,$GLGSV,76,,21
2026-06-02T17:15:38.132640,$GLGSV,81,,32
2026-06-02T17:15:38.132640,$GLGSV,88,,40
2026-06-02T17:15:38.133740,$GAGSV,04,,35
2026-06-02T17:15:38.133740,$GAGSV,05,,34
2026-06-02T17:15:38.133740,$GAGSV,06,,36
2026-06-02T17:15:38.133740,$GAGSV,09,,38
2026-06-02T17:15:38.134455,$GAGSV,10,,37
2026-06-02T17:15:38.134455,$GAGSV,11,,35
2026-06-02T17:15:38.134455,$GAGSV,12,,31
2026-06-02T17:15:38.134455,$GAGSV,36,,25
2026-06-02T17:15:38.135300,$GAGSV,04,,37
2026-06-02T17:15:38.135300,$GAGSV,05,,30
2026-06-02T17:15:38.135300,$GAGSV,06,,40
2026-06-02T17:15:38.135300,$GAGSV,09,,38
2026-06-02T17:15:38.136051,$GAGSV,10,,38
2026-06-02T17:15:38.136051,$GAGSV,11,,36
2026-06-02T17:15:38.136051,$GAGSV,12,,34
2026-06-02T17:15:38.136051,$GAGSV,36,,29
2026-06-02T17:15:38.137379,$GBGSV,06,,37
2026-06-02T17:15:38.137379,$GBGSV,07,,39
2026-06-02T17:15:38.137379,$GBGSV,08,,29
2026-06-02T17:15:38.137379,$GBGSV,09,,38
2026-06-02T17:15:38.138188,$GBGSV,10,,42
2026-06-02T17:15:38.138188,$GBGSV,13,,38
2026-06-02T17:15:38.138188,$GBGSV,14,,38
2026-06-02T17:15:38.138188,$GBGSV,34,,40
2026-06-02T17:15:38.138898,$GBGSV,06,,15
2026-06-02T17:15:38.138898,$GBGSV,09,,32
2026-06-02T17:15:38.138898,$GBGSV,10,,35
2026-06-02T17:15:38.138898,$GBGSV,14,,08
2026-06-02T17:15:39.132489,$GPGSV,10,,27
2026-06-02T17:15:39.132489,$GPGSV,18,,42
2026-06-02T17:15:39.132489,$GPGSV,23,,38
2026-06-02T17:15:39.132489,$GPGSV,24,,39
2026-06-02T17:15:39.133147,$GPGSV,32,,36
2026-06-02T17:15:39.133147,$GPGSV,41,,42
2026-06-02T17:15:39.133147,$GPGSV,42,,40
2026-06-02T17:15:39.133903,$GPGSV,10,,19
2026-06-02T17:15:39.133903,$GPGSV,18,,41
2026-06-02T17:15:39.133903,$GPGSV,23,,36
2026-06-02T17:15:39.133903,$GPGSV,24,,35
2026-06-02T17:15:39.134339,$GPGSV,32,,33
2026-06-02T17:15:39.136866,$GLGSV,65,,33
2026-06-02T17:15:39.136866,$GLGSV,66,,37
2026-06-02T17:15:39.136866,$GLGSV,75,,20
2026-06-02T17:15:39.136866,$GLGSV,76,,21
2026-06-02T17:15:39.137472,$GLGSV,81,,26
2026-06-02T17:15:39.137472,$GLGSV,87,,18
2026-06-02T17:15:39.137472,$GLGSV,88,,41
2026-06-02T17:15:39.138542,$GLGSV,66,,35
2026-06-02T17:15:39.138542,$GLGSV,67,,19
2026-06-02T17:15:39.138542,$GLGSV,75,,25
2026-06-02T17:15:39.138542,$GLGSV,76,,21
2026-06-02T17:15:39.139254,$GLGSV,81,,28
2026-06-02T17:15:39.139254,$GLGSV,88,,40
2026-06-02T17:15:39.140344,$GAGSV,04,,35
2026-06-02T17:15:39.140344,$GAGSV,05,,29
2026-06-02T17:15:39.140344,$GAGSV,06,,36
2026-06-02T17:15:39.140344,$GAGSV,09,,38
2026-06-02T17:15:39.141158,$GAGSV,10,,38
2026-06-02T17:15:39.141158,$GAGSV,11,,35
2026-06-02T17:15:39.141158,$GAGSV,12,,31
2026-06-02T17:15:39.141158,$GAGSV,36,,31
2026-06-02T17:15:39.142075,$GAGSV,04,,37
2026-06-02T17:15:39.142075,$GAGSV,05,,32
2026-06-02T17:15:39.142075,$GAGSV,06,,39
2026-06-02T17:15:39.142075,$GAGSV,09,,39
2026-06-02T17:15:39.142793,$GAGSV,10,,38
2026-06-02T17:15:39.142793,$GAGSV,11,,36
2026-06-02T17:15:39.142793,$GAGSV,12,,34
2026-06-02T17:15:39.142793,$GAGSV,36,,23
2026-06-02T17:15:39.144117,$GBGSV,06,,37
2026-06-02T17:15:39.144117,$GBGSV,07,,40
2026-06-02T17:15:39.144117,$GBGSV,08,,30
2026-06-02T17:15:39.144117,$GBGSV,09,,37
2026-06-02T17:15:39.144820,$GBGSV,10,,40
2026-06-02T17:15:39.144820,$GBGSV,13,,36
2026-06-02T17:15:39.144820,$GBGSV,14,,38
2026-06-02T17:15:39.144820,$GBGSV,34,,39
2026-06-02T17:15:39.145418,$GBGSV,09,,33
2026-06-02T17:15:39.145418,$GBGSV,10,,35
2026-06-02T17:15:39.145418,$GBGSV,14,,07
2026-06-02T17:15:40.137348,$GPGSV,10,,32
2026-06-02T17:15:40.137348,$GPGSV,18,,42
2026-06-02T17:15:40.137348,$GPGSV,23,,38
2026-06-02T17:15:40.137348,$GPGSV,24,,38
2026-06-02T17:15:40.139817,$GPGSV,32,,39
2026-06-02T17:15:40.139817,$GPGSV,41,,42
2026-06-02T17:15:40.139817,$GPGSV,42,,39
2026-06-02T17:15:40.142077,$GPGSV,10,,21
2026-06-02T17:15:40.142077,$GPGSV,18,,41
2026-06-02T17:15:40.142077,$GPGSV,23,,36
2026-06-02T17:15:40.142077,$GPGSV,24,,35
2026-06-02T17:15:40.143175,$GPGSV,32,,34
2026-06-02T17:15:40.145552,$GLGSV,65,,33
2026-06-02T17:15:40.145552,$GLGSV,66,,35
2026-06-02T17:15:40.145552,$GLGSV,75,,18
2026-06-02T17:15:40.145552,$GLGSV,76,,23
2026-06-02T17:15:40.146155,$GLGSV,81,,31
2026-06-02T17:15:40.146155,$GLGSV,87,,18
2026-06-02T17:15:40.146155,$GLGSV,88,,41
2026-06-02T17:15:40.146847,$GLGSV,66,,30
2026-06-02T17:15:40.146847,$GLGSV,67,,20
2026-06-02T17:15:40.146847,$GLGSV,75,,23
2026-06-02T17:15:40.146847,$GLGSV,76,,23
2026-06-02T17:15:40.147337,$GLGSV,81,,32
2026-06-02T17:15:40.147337,$GLGSV,88,,40
2026-06-02T17:15:40.148373,$GAGSV,04,,35
2026-06-02T17:15:40.148373,$GAGSV,05,,30
2026-06-02T17:15:40.148373,$GAGSV,06,,37
2026-06-02T17:15:40.148373,$GAGSV,09,,39
2026-06-02T17:15:40.149061,$GAGSV,10,,37
2026-06-02T17:15:40.149061,$GAGSV,11,,35
2026-06-02T17:15:40.149061,$GAGSV,12,,33
2026-06-02T17:15:40.149061,$GAGSV,36,,30
2026-06-02T17:15:40.149763,$GAGSV,04,,36
2026-06-02T17:15:40.149763,$GAGSV,05,,32
2026-06-02T17:15:40.149763,$GAGSV,06,,39
2026-06-02T17:15:40.149763,$GAGSV,09,,40
2026-06-02T17:15:40.150773,$GAGSV,10,,39
2026-06-02T17:15:40.150773,$GAGSV,11,,36
2026-06-02T17:15:40.150773,$GAGSV,12,,35
2026-06-02T17:15:40.150773,$GAGSV,36,,24
2026-06-02T17:15:40.152177,$GBGSV,06,,37
2026-06-02T17:15:40.152177,$GBGSV,07,,36
2026-06-02T17:15:40.152177,$GBGSV,08,,31
2026-06-02T17:15:40.152177,$GBGSV,09,,37
2026-06-02T17:15:40.152879,$GBGSV,10,,40
2026-06-02T17:15:40.152879,$GBGSV,13,,36
2026-06-02T17:15:40.152879,$GBGSV,14,,39
2026-06-02T17:15:40.152879,$GBGSV,34,,40
2026-06-02T17:15:40.153338,$GBGSV,09,,32
2026-06-02T17:15:40.153338,$GBGSV,10,,36
2026-06-02T17:15:41.130995,$GPGSV,10,,31
2026-06-02T17:15:41.130995,$GPGSV,18,,42
2026-06-02T17:15:41.130995,$GPGSV,23,,40
2026-06-02T17:15:41.130995,$GPGSV,24,,33
2026-06-02T17:15:41.131631,$GPGSV,32,,39
2026-06-02T17:15:41.131631,$GPGSV,41,,42
2026-06-02T17:15:41.131631,$GPGSV,42,,40
2026-06-02T17:15:41.132346,$GPGSV,10,,24
2026-06-02T17:15:41.132346,$GPGSV,18,,41
2026-06-02T17:15:41.132346,$GPGSV,23,,36
2026-06-02T17:15:41.132346,$GPGSV,24,,34
2026-06-02T17:15:41.132758,$GPGSV,32,,37
2026-06-02T17:15:41.135200,$GLGSV,65,,35
2026-06-02T17:15:41.135200,$GLGSV,66,,27
2026-06-02T17:15:41.135200,$GLGSV,75,,19
2026-06-02T17:15:41.135200,$GLGSV,76,,24
2026-06-02T17:15:41.135815,$GLGSV,81,,27
2026-06-02T17:15:41.135815,$GLGSV,87,,18
2026-06-02T17:15:41.135815,$GLGSV,88,,41
2026-06-02T17:15:41.136524,$GLGSV,66,,31
2026-06-02T17:15:41.136524,$GLGSV,67,,19
2026-06-02T17:15:41.136524,$GLGSV,75,,21
2026-06-02T17:15:41.136524,$GLGSV,76,,23
2026-06-02T17:15:41.137033,$GLGSV,81,,33
2026-06-02T17:15:41.137033,$GLGSV,88,,42
2026-06-02T17:15:41.138128,$GAGSV,04,,35
2026-06-02T17:15:41.138128,$GAGSV,05,,30
2026-06-02T17:15:41.138128,$GAGSV,06,,37
2026-06-02T17:15:41.138128,$GAGSV,09,,38
2026-06-02T17:15:41.138806,$GAGSV,10,,34
2026-06-02T17:15:41.138806,$GAGSV,11,,35
2026-06-02T17:15:41.138806,$GAGSV,12,,32
2026-06-02T17:15:41.138806,$GAGSV,36,,29
2026-06-02T17:15:41.139491,$GAGSV,04,,36
2026-06-02T17:15:41.139491,$GAGSV,05,,32
2026-06-02T17:15:41.139491,$GAGSV,06,,38
2026-06-02T17:15:41.139491,$GAGSV,09,,40
2026-06-02T17:15:41.140172,$GAGSV,10,,37
2026-06-02T17:15:41.140172,$GAGSV,11,,37
2026-06-02T17:15:41.140172,$GAGSV,12,,34
2026-06-02T17:15:41.140172,$GAGSV,36,,25
2026-06-02T17:15:41.141457,$GBGSV,06,,39
2026-06-02T17:15:41.141457,$GBGSV,07,,36
2026-06-02T17:15:41.141457,$GBGSV,08,,31
2026-06-02T17:15:41.141457,$GBGSV,09,,37
2026-06-02T17:15:41.142159,$GBGSV,10,,40
2026-06-02T17:15:41.142159,$GBGSV,13,,34
2026-06-02T17:15:41.142159,$GBGSV,14,,41
2026-06-02T17:15:41.142159,$GBGSV,34,,40
2026-06-02T17:15:41.142888,$GBGSV,09,,33
2026-06-02T17:15:41.142888,$GBGSV,10,,37
2026-06-02T17:15:42.129758,$GPGSV,10,,31
2026-06-02T17:15:42.129758,$GPGSV,18,,42
2026-06-02T17:15:42.129758,$GPGSV,23,,38
2026-06-02T17:15:42.129758,$GPGSV,24,,36
2026-06-02T17:15:42.130397,$GPGSV,32,,36
2026-06-02T17:15:42.130397,$GPGSV,41,,41
2026-06-02T17:15:42.130397,$GPGSV,42,,40
2026-06-02T17:15:42.131109,$GPGSV,10,,26
2026-06-02T17:15:42.131109,$GPGSV,18,,41
2026-06-02T17:15:42.131109,$GPGSV,23,,35
2026-06-02T17:15:42.131109,$GPGSV,24,,33
2026-06-02T17:15:42.131519,$GPGSV,32,,33
2026-06-02T17:15:42.133880,$GLGSV,65,,35
2026-06-02T17:15:42.133880,$GLGSV,66,,31
2026-06-02T17:15:42.133880,$GLGSV,75,,20
2026-06-02T17:15:42.133880,$GLGSV,76,,24
2026-06-02T17:15:42.134465,$GLGSV,81,,30
2026-06-02T17:15:42.134465,$GLGSV,87,,18
2026-06-02T17:15:42.134465,$GLGSV,88,,41
2026-06-02T17:15:42.135143,$GLGSV,66,,24
2026-06-02T17:15:42.135143,$GLGSV,67,,19
2026-06-02T17:15:42.135143,$GLGSV,75,,28
2026-06-02T17:15:42.135143,$GLGSV,76,,23
2026-06-02T17:15:42.135633,$GLGSV,81,,31
2026-06-02T17:15:42.135633,$GLGSV,88,,42
2026-06-02T17:15:42.136668,$GAGSV,04,,35
2026-06-02T17:15:42.136668,$GAGSV,05,,32
2026-06-02T17:15:42.136668,$GAGSV,06,,38
2026-06-02T17:15:42.136668,$GAGSV,09,,38
2026-06-02T17:15:42.137347,$GAGSV,10,,35
2026-06-02T17:15:42.137347,$GAGSV,11,,36
2026-06-02T17:15:42.137347,$GAGSV,12,,33
2026-06-02T17:15:42.137347,$GAGSV,36,,30
2026-06-02T17:15:42.138037,$GAGSV,04,,37
2026-06-02T17:15:42.138037,$GAGSV,05,,27
2026-06-02T17:15:42.138037,$GAGSV,06,,38
2026-06-02T17:15:42.138037,$GAGSV,09,,40
2026-06-02T17:15:42.138715,$GAGSV,10,,34
2026-06-02T17:15:42.138715,$GAGSV,11,,37
2026-06-02T17:15:42.138715,$GAGSV,12,,34
2026-06-02T17:15:42.138715,$GAGSV,36,,26
2026-06-02T17:15:42.139998,$GBGSV,06,,40
2026-06-02T17:15:42.139998,$GBGSV,07,,36
2026-06-02T17:15:42.139998,$GBGSV,08,,32
2026-06-02T17:15:42.139998,$GBGSV,09,,36
2026-06-02T17:15:42.140687,$GBGSV,10,,40
2026-06-02T17:15:42.140687,$GBGSV,13,,34
2026-06-02T17:15:42.140687,$GBGSV,14,,39
2026-06-02T17:15:42.140687,$GBGSV,34,,38
2026-06-02T17:15:42.141172,$GBGSV,09,,32
2026-06-02T17:15:42.141172,$GBGSV,10,,36
2026-06-02T17:15:43.130358,$GPGSV,10,,26
2026-06-02T17:15:43.130358,$GPGSV,18,,42
2026-06-02T17:15:43.130358,$GPGSV,23,,39
2026-06-02T17:15:43.130358,$GPGSV,24,,33
2026-06-02T17:15:43.130899,$GPGSV,32,,41
2026-06-02T17:15:43.130899,$GPGSV,41,,41
2026-06-02T17:15:43.130899,$GPGSV,42,,41
2026-06-02T17:15:43.131504,$GPGSV,10,,24
2026-06-02T17:15:43.131504,$GPGSV,18,,40
2026-06-02T17:15:43.131504,$GPGSV,23,,35
2026-06-02T17:15:43.131504,$GPGSV,24,,29
2026-06-02T17:15:43.131858,$GPGSV,32,,32
2026-06-02T17:15:43.134004,$GLGSV,65,,35
2026-06-02T17:15:43.134004,$GLGSV,66,,26
2026-06-02T17:15:43.134004,$GLGSV,75,,22
2026-06-02T17:15:43.134004,$GLGSV,76,,24
2026-06-02T17:15:43.134532,$GLGSV,81,,34
2026-06-02T17:15:43.134532,$GLGSV,87,,18
2026-06-02T17:15:43.134532,$GLGSV,88,,41
2026-06-02T17:15:43.135140,$GLGSV,66,,23
2026-06-02T17:15:43.135140,$GLGSV,67,,19
2026-06-02T17:15:43.135140,$GLGSV,75,,26
2026-06-02T17:15:43.135140,$GLGSV,76,,22
2026-06-02T17:15:43.135578,$GLGSV,81,,29
2026-06-02T17:15:43.135578,$GLGSV,88,,41
2026-06-02T17:15:43.136505,$GAGSV,04,,35
2026-06-02T17:15:43.136505,$GAGSV,05,,26
2026-06-02T17:15:43.136505,$GAGSV,06,,38
2026-06-02T17:15:43.136505,$GAGSV,09,,38
2026-06-02T17:15:43.137118,$GAGSV,10,,36
2026-06-02T17:15:43.137118,$GAGSV,11,,36
2026-06-02T17:15:43.137118,$GAGSV,12,,27
2026-06-02T17:15:43.137118,$GAGSV,36,,29
2026-06-02T17:15:43.137855,$GAGSV,04,,36
2026-06-02T17:15:43.137855,$GAGSV,05,,31
2026-06-02T17:15:43.137855,$GAGSV,06,,38
2026-06-02T17:15:43.137855,$GAGSV,09,,40
2026-06-02T17:15:43.138439,$GAGSV,10,,35
2026-06-02T17:15:43.138439,$GAGSV,11,,37
2026-06-02T17:15:43.138439,$GAGSV,12,,35
2026-06-02T17:15:43.138439,$GAGSV,36,,31
2026-06-02T17:15:43.139552,$GBGSV,06,,38
2026-06-02T17:15:43.139552,$GBGSV,07,,38
2026-06-02T17:15:43.139552,$GBGSV,08,,31
2026-06-02T17:15:43.139552,$GBGSV,09,,36
2026-06-02T17:15:43.140136,$GBGSV,10,,40
2026-06-02T17:15:43.140136,$GBGSV,13,,37
2026-06-02T17:15:43.140136,$GBGSV,14,,39
2026-06-02T17:15:43.140136,$GBGSV,34,,39
2026-06-02T17:15:43.140560,$GBGSV,09,,32
2026-06-02T17:15:43.140560,$GBGSV,10,,35
2026-06-02T17:15:44.122361,$GPGSV,10,,31
2026-06-02T17:15:44.122361,$GPGSV,18,,42
2026-06-02T17:15:44.122361,$GPGSV,23,,39
2026-06-02T17:15:44.122361,$GPGSV,24,,35
2026-06-02T17:15:44.123014,$GPGSV,32,,38
2026-06-02T17:15:44.123014,$GPGSV,41,,42
2026-06-02T17:15:44.123014,$GPGSV,42,,41
2026-06-02T17:15:44.123754,$GPGSV,10,,22
2026-06-02T17:15:44.123754,$GPGSV,18,,41
2026-06-02T17:15:44.123754,$GPGSV,23,,34
2026-06-02T17:15:44.123754,$GPGSV,24,,31
2026-06-02T17:15:44.124186,$GPGSV,32,,32
2026-06-02T17:15:44.126723,$GLGSV,65,,34
2026-06-02T17:15:44.126723,$GLGSV,66,,35
2026-06-02T17:15:44.126723,$GLGSV,75,,23
2026-06-02T17:15:44.126723,$GLGSV,76,,22
2026-06-02T17:15:44.127359,$GLGSV,81,,33
2026-06-02T17:15:44.127359,$GLGSV,87,,17
2026-06-02T17:15:44.127359,$GLGSV,88,,41
2026-06-02T17:15:44.128089,$GLGSV,66,,22
2026-06-02T17:15:44.128089,$GLGSV,67,,19
2026-06-02T17:15:44.128089,$GLGSV,75,,24
2026-06-02T17:15:44.128089,$GLGSV,76,,22
2026-06-02T17:15:44.128614,$GLGSV,81,,29
2026-06-02T17:15:44.128614,$GLGSV,88,,41
2026-06-02T17:15:44.129741,$GAGSV,04,,35
2026-06-02T17:15:44.129741,$GAGSV,05,,27
2026-06-02T17:15:44.129741,$GAGSV,06,,37
2026-06-02T17:15:44.129741,$GAGSV,09,,38
2026-06-02T17:15:44.130444,$GAGSV,10,,37
2026-06-02T17:15:44.130444,$GAGSV,11,,34
2026-06-02T17:15:44.130444,$GAGSV,12,,31
2026-06-02T17:15:44.130444,$GAGSV,36,,25
2026-06-02T17:15:44.131143,$GAGSV,04,,36
2026-06-02T17:15:44.131143,$GAGSV,05,,31
2026-06-02T17:15:44.131143,$GAGSV,06,,39
2026-06-02T17:15:44.131143,$GAGSV,09,,40
2026-06-02T17:15:44.131844,$GAGSV,10,,37
2026-06-02T17:15:44.131844,$GAGSV,11,,37
2026-06-02T17:15:44.131844,$GAGSV,12,,35
2026-06-02T17:15:44.131844,$GAGSV,36,,22
2026-06-02T17:15:44.133168,$GBGSV,06,,39
2026-06-02T17:15:44.133168,$GBGSV,07,,38
2026-06-02T17:15:44.133168,$GBGSV,08,,31
2026-06-02T17:15:44.133168,$GBGSV,09,,35
2026-06-02T17:15:44.133976,$GBGSV,10,,41
2026-06-02T17:15:44.133976,$GBGSV,13,,29
2026-06-02T17:15:44.133976,$GBGSV,14,,40
2026-06-02T17:15:44.133976,$GBGSV,34,,40
2026-06-02T17:15:44.134488,$GBGSV,09,,32
2026-06-02T17:15:44.134488,$GBGSV,10,,36
2026-06-02T17:15:45.125774,$GPGSV,10,,24
2026-06-02T17:15:45.125774,$GPGSV,18,,42
2026-06-02T17:15:45.125774,$GPGSV,23,,39
2026-06-02T17:15:45.125774,$GPGSV,24,,35
2026-06-02T17:15:45.126411,$GPGSV,32,,38
2026-06-02T17:15:45.126411,$GPGSV,41,,41
2026-06-02T17:15:45.126411,$GPGSV,42,,42
2026-06-02T17:15:45.127107,$GPGSV,10,,20
2026-06-02T17:15:45.127107,$GPGSV,18,,41
2026-06-02T17:15:45.127107,$GPGSV,23,,35
2026-06-02T17:15:45.127107,$GPGSV,24,,32
2026-06-02T17:15:45.127509,$GPGSV,32,,33
2026-06-02T17:15:45.129810,$GLGSV,65,,32
2026-06-02T17:15:45.129810,$GLGSV,66,,30
2026-06-02T17:15:45.129810,$GLGSV,75,,21
2026-06-02T17:15:45.129810,$GLGSV,76,,21
2026-06-02T17:15:45.130357,$GLGSV,81,,35
2026-06-02T17:15:45.130357,$GLGSV,87,,14
2026-06-02T17:15:45.130357,$GLGSV,88,,41
2026-06-02T17:15:45.130987,$GLGSV,66,,24
2026-06-02T17:15:45.130987,$GLGSV,67,,18
2026-06-02T17:15:45.130987,$GLGSV,75,,21
2026-06-02T17:15:45.130987,$GLGSV,76,,21
2026-06-02T17:15:45.131444,$GLGSV,81,,33
2026-06-02T17:15:45.131444,$GLGSV,88,,41
2026-06-02T17:15:45.132420,$GAGSV,04,,35
2026-06-02T17:15:45.132420,$GAGSV,05,,27
2026-06-02T17:15:45.132420,$GAGSV,06,,37
2026-06-02T17:15:45.132420,$GAGSV,09,,37
2026-06-02T17:15:45.133021,$GAGSV,10,,36
2026-06-02T17:15:45.133021,$GAGSV,11,,34
2026-06-02T17:15:45.133021,$GAGSV,12,,31
2026-06-02T17:15:45.133021,$GAGSV,36,,21
2026-06-02T17:15:45.133623,$GAGSV,04,,36
2026-06-02T17:15:45.133623,$GAGSV,05,,29
2026-06-02T17:15:45.133623,$GAGSV,06,,39
2026-06-02T17:15:45.133623,$GAGSV,09,,40
2026-06-02T17:15:45.134173,$GAGSV,10,,37
2026-06-02T17:15:45.134173,$GAGSV,11,,37
2026-06-02T17:15:45.134173,$GAGSV,12,,34
2026-06-02T17:15:45.135316,$GBGSV,06,,37
2026-06-02T17:15:45.135316,$GBGSV,07,,39
2026-06-02T17:15:45.135316,$GBGSV,08,,32
2026-06-02T17:15:45.135316,$GBGSV,09,,36
2026-06-02T17:15:45.135939,$GBGSV,10,,39
2026-06-02T17:15:45.135939,$GBGSV,13,,29
2026-06-02T17:15:45.135939,$GBGSV,14,,37
2026-06-02T17:15:45.135939,$GBGSV,34,,40
2026-06-02T17:15:45.136399,$GBGSV,09,,33
2026-06-02T17:15:45.136399,$GBGSV,10,,36
2026-06-02T17:15:46.125054,$GPGSV,10,,26
2026-06-02T17:15:46.125054,$GPGSV,18,,41
2026-06-02T17:15:46.125054,$GPGSV,23,,39
2026-06-02T17:15:46.125054,$GPGSV,24,,38
2026-06-02T17:15:46.125726,$GPGSV,32,,41
2026-06-02T17:15:46.125726,$GPGSV,41,,40
2026-06-02T17:15:46.125726,$GPGSV,42,,41
2026-06-02T17:15:46.126475,$GPGSV,10,,17
2026-06-02T17:15:46.126475,$GPGSV,18,,41
2026-06-02T17:15:46.126475,$GPGSV,23,,35
2026-06-02T17:15:46.126475,$GPGSV,24,,32
2026-06-02T17:15:46.126909,$GPGSV,32,,33
2026-06-02T17:15:46.129433,$GLGSV,65,,33
2026-06-02T17:15:46.129433,$GLGSV,66,,31
2026-06-02T17:15:46.129433,$GLGSV,75,,20
2026-06-02T17:15:46.129433,$GLGSV,76,,20
2026-06-02T17:15:46.130092,$GLGSV,81,,30
2026-06-02T17:15:46.130092,$GLGSV,87,,15
2026-06-02T17:15:46.130092,$GLGSV,88,,41
2026-06-02T17:15:46.130832,$GLGSV,66,,31
2026-06-02T17:15:46.130832,$GLGSV,67,,18
2026-06-02T17:15:46.130832,$GLGSV,75,,20
2026-06-02T17:15:46.130832,$GLGSV,76,,21
2026-06-02T17:15:46.131374,$GLGSV,81,,27
2026-06-02T17:15:46.131374,$GLGSV,88,,40
2026-06-02T17:15:46.132524,$GAGSV,04,,35
2026-06-02T17:15:46.132524,$GAGSV,05,,27
2026-06-02T17:15:46.132524,$GAGSV,06,,37
2026-06-02T17:15:46.132524,$GAGSV,09,,34
2026-06-02T17:15:46.133227,$GAGSV,10,,37
2026-06-02T17:15:46.133227,$GAGSV,11,,34
2026-06-02T17:15:46.133227,$GAGSV,12,,31
2026-06-02T17:15:46.133227,$GAGSV,36,,19
2026-06-02T17:15:46.134023,$GAGSV,04,,36
2026-06-02T17:15:46.134023,$GAGSV,05,,30
2026-06-02T17:15:46.134023,$GAGSV,06,,39
2026-06-02T17:15:46.134023,$GAGSV,09,,38
2026-06-02T17:15:46.134744,$GAGSV,10,,38
2026-06-02T17:15:46.134744,$GAGSV,11,,37
2026-06-02T17:15:46.134744,$GAGSV,12,,33
2026-06-02T17:15:46.134744,$GAGSV,36,,22
2026-06-02T17:15:46.136088,$GBGSV,06,,39
2026-06-02T17:15:46.136088,$GBGSV,07,,41
2026-06-02T17:15:46.136088,$GBGSV,08,,32
2026-06-02T17:15:46.136088,$GBGSV,09,,37
2026-06-02T17:15:46.136903,$GBGSV,10,,39
2026-06-02T17:15:46.136903,$GBGSV,13,,29
2026-06-02T17:15:46.136903,$GBGSV,14,,38
2026-06-02T17:15:46.136903,$GBGSV,34,,39
2026-06-02T17:15:46.137490,$GBGSV,09,,33
2026-06-02T17:15:46.137490,$GBGSV,10,,33
2026-06-02T17:15:47.124762,$GPGSV,10,,30
2026-06-02T17:15:47.124762,$GPGSV,18,,41
2026-06-02T17:15:47.124762,$GPGSV,23,,39
2026-06-02T17:15:47.124762,$GPGSV,24,,38
2026-06-02T17:15:47.125398,$GPGSV,32,,41
2026-06-02T17:15:47.125398,$GPGSV,41,,40
2026-06-02T17:15:47.125398,$GPGSV,42,,41
2026-06-02T17:15:47.126128,$GPGSV,10,,18
2026-06-02T17:15:47.126128,$GPGSV,18,,40
2026-06-02T17:15:47.126128,$GPGSV,23,,34
2026-06-02T17:15:47.126128,$GPGSV,24,,31
2026-06-02T17:15:47.126550,$GPGSV,32,,36
2026-06-02T17:15:47.128893,$GLGSV,65,,33
2026-06-02T17:15:47.128893,$GLGSV,66,,35
2026-06-02T17:15:47.128893,$GLGSV,75,,21
2026-06-02T17:15:47.128893,$GLGSV,76,,20
2026-06-02T17:15:47.129482,$GLGSV,81,,24
2026-06-02T17:15:47.129482,$GLGSV,87,,15
2026-06-02T17:15:47.129482,$GLGSV,88,,41
2026-06-02T17:15:47.130171,$GLGSV,66,,31
2026-06-02T17:15:47.130171,$GLGSV,67,,17
2026-06-02T17:15:47.130171,$GLGSV,75,,22
2026-06-02T17:15:47.130171,$GLGSV,76,,21
2026-06-02T17:15:47.130665,$GLGSV,81,,31
2026-06-02T17:15:47.130665,$GLGSV,88,,39
2026-06-02T17:15:47.131702,$GAGSV,04,,36
2026-06-02T17:15:47.131702,$GAGSV,05,,28
2026-06-02T17:15:47.131702,$GAGSV,06,,38
2026-06-02T17:15:47.131702,$GAGSV,09,,37
2026-06-02T17:15:47.132382,$GAGSV,10,,39
2026-06-02T17:15:47.132382,$GAGSV,11,,34
2026-06-02T17:15:47.132382,$GAGSV,12,,30
2026-06-02T17:15:47.132382,$GAGSV,36,,27
2026-06-02T17:15:47.133078,$GAGSV,04,,37
2026-06-02T17:15:47.133078,$GAGSV,05,,31
2026-06-02T17:15:47.133078,$GAGSV,06,,39
2026-06-02T17:15:47.133078,$GAGSV,09,,38
2026-06-02T17:15:47.133782,$GAGSV,10,,38
2026-06-02T17:15:47.133782,$GAGSV,11,,37
2026-06-02T17:15:47.133782,$GAGSV,12,,33
2026-06-02T17:15:47.133782,$GAGSV,36,,20
2026-06-02T17:15:47.135084,$GBGSV,06,,36
2026-06-02T17:15:47.135084,$GBGSV,07,,40
2026-06-02T17:15:47.135084,$GBGSV,08,,31
2026-06-02T17:15:47.135084,$GBGSV,09,,37
2026-06-02T17:15:47.135770,$GBGSV,10,,39
2026-06-02T17:15:47.135770,$GBGSV,13,,33
2026-06-02T17:15:47.135770,$GBGSV,14,,36
2026-06-02T17:15:47.135770,$GBGSV,34,,41
2026-06-02T17:15:47.136285,$GBGSV,09,,33
2026-06-02T17:15:47.136285,$GBGSV,10,,34
2026-06-02T17:15:48.124445,$GPGSV,10,,29
2026-06-02T17:15:48.124445,$GPGSV,18,,42
2026-06-02T17:15:48.124445,$GPGSV,23,,39
2026-06-02T17:15:48.124445,$GPGSV,24,,38
2026-06-02T17:15:48.125536,$GPGSV,32,,39
2026-06-02T17:15:48.125536,$GPGSV,41,,40
2026-06-02T17:15:48.125536,$GPGSV,42,,41
2026-06-02T17:15:48.126308,$GPGSV,10,,20
2026-06-02T17:15:48.126308,$GPGSV,18,,41
2026-06-02T17:15:48.126308,$GPGSV,23,,35
2026-06-02T17:15:48.126308,$GPGSV,24,,32
2026-06-02T17:15:48.126720,$GPGSV,32,,32
2026-06-02T17:15:48.129231,$GLGSV,65,,34
2026-06-02T17:15:48.129231,$GLGSV,66,,35
2026-06-02T17:15:48.129231,$GLGSV,75,,20
2026-06-02T17:15:48.129231,$GLGSV,76,,20
2026-06-02T17:15:48.130015,$GLGSV,81,,26
2026-06-02T17:15:48.130015,$GLGSV,87,,15
2026-06-02T17:15:48.130015,$GLGSV,88,,42
2026-06-02T17:15:48.130828,$GLGSV,66,,37
2026-06-02T17:15:48.130828,$GLGSV,67,,17
2026-06-02T17:15:48.130828,$GLGSV,75,,23
2026-06-02T17:15:48.130828,$GLGSV,76,,20
2026-06-02T17:15:48.131352,$GLGSV,81,,25
2026-06-02T17:15:48.131352,$GLGSV,88,,42
2026-06-02T17:15:48.132481,$GAGSV,04,,35
2026-06-02T17:15:48.132481,$GAGSV,05,,28
2026-06-02T17:15:48.132481,$GAGSV,06,,37
2026-06-02T17:15:48.132481,$GAGSV,09,,36
2026-06-02T17:15:48.133298,$GAGSV,10,,38
2026-06-02T17:15:48.133298,$GAGSV,11,,34
2026-06-02T17:15:48.133298,$GAGSV,12,,30
2026-06-02T17:15:48.133298,$GAGSV,36,,25
2026-06-02T17:15:48.134116,$GAGSV,04,,38
2026-06-02T17:15:48.134116,$GAGSV,05,,31
2026-06-02T17:15:48.134116,$GAGSV,06,,38
2026-06-02T17:15:48.134116,$GAGSV,09,,39
2026-06-02T17:15:48.134852,$GAGSV,10,,38
2026-06-02T17:15:48.134852,$GAGSV,11,,37
2026-06-02T17:15:48.134852,$GAGSV,12,,33
2026-06-02T17:15:48.134852,$GAGSV,36,,22
2026-06-02T17:15:48.136229,$GBGSV,06,,37
2026-06-02T17:15:48.136229,$GBGSV,07,,41
2026-06-02T17:15:48.136229,$GBGSV,08,,31
2026-06-02T17:15:48.136229,$GBGSV,09,,37
2026-06-02T17:15:48.136967,$GBGSV,10,,39
2026-06-02T17:15:48.136967,$GBGSV,13,,30
2026-06-02T17:15:48.136967,$GBGSV,14,,40
2026-06-02T17:15:48.136967,$GBGSV,34,,41
2026-06-02T17:15:48.137500,$GBGSV,09,,34
2026-06-02T17:15:48.137500,$GBGSV,10,,34
2026-06-02T17:15:49.127787,$GPGSV,10,,30
2026-06-02T17:15:49.127787,$GPGSV,18,,41
2026-06-02T17:15:49.127787,$GPGSV,23,,40
2026-06-02T17:15:49.127787,$GPGSV,24,,37
2026-06-02T17:15:49.128421,$GPGSV,32,,39
2026-06-02T17:15:49.128421,$GPGSV,41,,41
2026-06-02T17:15:49.128421,$GPGSV,42,,41
2026-06-02T17:15:49.129138,$GPGSV,10,,21
2026-06-02T17:15:49.129138,$GPGSV,18,,41
2026-06-02T17:15:49.129138,$GPGSV,23,,35
2026-06-02T17:15:49.129138,$GPGSV,24,,31
2026-06-02T17:15:49.129550,$GPGSV,32,,31
2026-06-02T17:15:49.131978,$GLGSV,65,,34
2026-06-02T17:15:49.131978,$GLGSV,66,,36
2026-06-02T17:15:49.131978,$GLGSV,75,,20
2026-06-02T17:15:49.131978,$GLGSV,76,,20
2026-06-02T17:15:49.132584,$GLGSV,81,,26
2026-06-02T17:15:49.132584,$GLGSV,87,,16
2026-06-02T17:15:49.132584,$GLGSV,88,,41
2026-06-02T17:15:49.133292,$GLGSV,66,,37
2026-06-02T17:15:49.133292,$GLGSV,67,,17
2026-06-02T17:15:49.133292,$GLGSV,75,,24
2026-06-02T17:15:49.133292,$GLGSV,76,,19
2026-06-02T17:15:49.133817,$GLGSV,81,,27
2026-06-02T17:15:49.133817,$GLGSV,88,,40
2026-06-02T17:15:49.134898,$GAGSV,04,,35
2026-06-02T17:15:49.134898,$GAGSV,05,,27
2026-06-02T17:15:49.134898,$GAGSV,06,,36
2026-06-02T17:15:49.134898,$GAGSV,09,,35
2026-06-02T17:15:49.135620,$GAGSV,10,,38
2026-06-02T17:15:49.135620,$GAGSV,11,,34
2026-06-02T17:15:49.135620,$GAGSV,12,,32
2026-06-02T17:15:49.135620,$GAGSV,36,,25
2026-06-02T17:15:49.136339,$GAGSV,04,,38
2026-06-02T17:15:49.136339,$GAGSV,05,,32
2026-06-02T17:15:49.136339,$GAGSV,06,,39
2026-06-02T17:15:49.136339,$GAGSV,09,,39
2026-06-02T17:15:49.137027,$GAGSV,10,,39
2026-06-02T17:15:49.137027,$GAGSV,11,,37
2026-06-02T17:15:49.137027,$GAGSV,12,,33
2026-06-02T17:15:49.137027,$GAGSV,36,,29
2026-06-02T17:15:49.138503,$GBGSV,06,,38
2026-06-02T17:15:49.138503,$GBGSV,07,,41
2026-06-02T17:15:49.138503,$GBGSV,08,,34
2026-06-02T17:15:49.138503,$GBGSV,09,,39
2026-06-02T17:15:49.139187,$GBGSV,10,,41
2026-06-02T17:15:49.139187,$GBGSV,13,,30
2026-06-02T17:15:49.139187,$GBGSV,14,,37
2026-06-02T17:15:49.139187,$GBGSV,34,,40
2026-06-02T17:15:49.139669,$GBGSV,09,,34
2026-06-02T17:15:49.139669,$GBGSV,10,,35
2026-06-02T17:15:50.126112,$GPGSV,10,,22
2026-06-02T17:15:50.126112,$GPGSV,18,,41
2026-06-02T17:15:50.126112,$GPGSV,23,,38
2026-06-02T17:15:50.126112,$GPGSV,24,,37
2026-06-02T17:15:50.126704,$GPGSV,32,,40
2026-06-02T17:15:50.126704,$GPGSV,41,,41
2026-06-02T17:15:50.126704,$GPGSV,42,,42
2026-06-02T17:15:50.127364,$GPGSV,10,,22
2026-06-02T17:15:50.127364,$GPGSV,18,,41
2026-06-02T17:15:50.127364,$GPGSV,23,,35
2026-06-02T17:15:50.127364,$GPGSV,24,,32
2026-06-02T17:15:50.127743,$GPGSV,32,,33
2026-06-02T17:15:50.129947,$GLGSV,65,,34
2026-06-02T17:15:50.129947,$GLGSV,66,,30
2026-06-02T17:15:50.129947,$GLGSV,75,,20
2026-06-02T17:15:50.129947,$GLGSV,76,,20
2026-06-02T17:15:50.130500,$GLGSV,81,,27
2026-06-02T17:15:50.130500,$GLGSV,87,,17
2026-06-02T17:15:50.130500,$GLGSV,88,,41
2026-06-02T17:15:50.131106,$GLGSV,66,,32
2026-06-02T17:15:50.131106,$GLGSV,67,,16
2026-06-02T17:15:50.131106,$GLGSV,75,,30
2026-06-02T17:15:50.131106,$GLGSV,76,,18
2026-06-02T17:15:50.131536,$GLGSV,81,,31
2026-06-02T17:15:50.131536,$GLGSV,88,,41
2026-06-02T17:15:50.132856,$GAGSV,04,,36
2026-06-02T17:15:50.132856,$GAGSV,05,,27
2026-06-02T17:15:50.132856,$GAGSV,06,,37
2026-06-02T17:15:50.132856,$GAGSV,09,,38
2026-06-02T17:15:50.133467,$GAGSV,10,,39
2026-06-02T17:15:50.133467,$GAGSV,11,,35
2026-06-02T17:15:50.133467,$GAGSV,12,,32
2026-06-02T17:15:50.133467,$GAGSV,36,,25
2026-06-02T17:15:50.134074,$GAGSV,04,,39
2026-06-02T17:15:50.134074,$GAGSV,05,,32
2026-06-02T17:15:50.134074,$GAGSV,06,,39
2026-06-02T17:15:50.134074,$GAGSV,09,,39
2026-06-02T17:15:50.134668,$GAGSV,10,,39
2026-06-02T17:15:50.134668,$GAGSV,11,,37
2026-06-02T17:15:50.134668,$GAGSV,12,,29
2026-06-02T17:15:50.134668,$GAGSV,36,,33
2026-06-02T17:15:50.135778,$GBGSV,06,,40
2026-06-02T17:15:50.135778,$GBGSV,07,,42
2026-06-02T17:15:50.135778,$GBGSV,08,,33
2026-06-02T17:15:50.135778,$GBGSV,09,,36
2026-06-02T17:15:50.136360,$GBGSV,10,,39
2026-06-02T17:15:50.136360,$GBGSV,13,,29
2026-06-02T17:15:50.136360,$GBGSV,14,,37
2026-06-02T17:15:50.136360,$GBGSV,34,,39
2026-06-02T17:15:50.136776,$GBGSV,09,,33
2026-06-02T17:15:50.136776,$GBGSV,10,,35
2026-06-02T17:15:51.127390,$GPGSV,10,,31
2026-06-02T17:15:51.127390,$GPGSV,18,,40
2026-06-02T17:15:51.127390,$GPGSV,23,,40
2026-06-02T17:15:51.127390,$GPGSV,24,,39
2026-06-02T17:15:51.128035,$GPGSV,32,,35
2026-06-02T17:15:51.128035,$GPGSV,41,,41
2026-06-02T17:15:51.128035,$GPGSV,42,,42
2026-06-02T17:15:51.128760,$GPGSV,10,,19
2026-06-02T17:15:51.128760,$GPGSV,18,,41
2026-06-02T17:15:51.128760,$GPGSV,23,,34
2026-06-02T17:15:51.128760,$GPGSV,24,,31
2026-06-02T17:15:51.129174,$GPGSV,32,,32
2026-06-02T17:15:51.131642,$GLGSV,65,,35
2026-06-02T17:15:51.131642,$GLGSV,66,,34
2026-06-02T17:15:51.131642,$GLGSV,75,,21
2026-06-02T17:15:51.131642,$GLGSV,76,,20
2026-06-02T17:15:51.132262,$GLGSV,81,,36
2026-06-02T17:15:51.132262,$GLGSV,87,,18
2026-06-02T17:15:51.132262,$GLGSV,88,,43
2026-06-02T17:15:51.132987,$GLGSV,66,,26
2026-06-02T17:15:51.132987,$GLGSV,67,,16
2026-06-02T17:15:51.132987,$GLGSV,75,,23
2026-06-02T17:15:51.132987,$GLGSV,76,,19
2026-06-02T17:15:51.133499,$GLGSV,81,,27
2026-06-02T17:15:51.133499,$GLGSV,88,,41
2026-06-02T17:15:51.134561,$GAGSV,04,,36
2026-06-02T17:15:51.134561,$GAGSV,05,,27
2026-06-02T17:15:51.134561,$GAGSV,06,,38
2026-06-02T17:15:51.134561,$GAGSV,09,,36
2026-06-02T17:15:51.135403,$GAGSV,10,,39
2026-06-02T17:15:51.135403,$GAGSV,11,,34
2026-06-02T17:15:51.135403,$GAGSV,12,,33
2026-06-02T17:15:51.135403,$GAGSV,36,,25
2026-06-02T17:15:51.136139,$GAGSV,04,,37
2026-06-02T17:15:51.136139,$GAGSV,05,,34
2026-06-02T17:15:51.136139,$GAGSV,06,,39
2026-06-02T17:15:51.136139,$GAGSV,09,,39
2026-06-02T17:15:51.136834,$GAGSV,10,,39
2026-06-02T17:15:51.136834,$GAGSV,11,,37
2026-06-02T17:15:51.136834,$GAGSV,12,,37
2026-06-02T17:15:51.136834,$GAGSV,36,,33
2026-06-02T17:15:51.138144,$GBGSV,06,,40
2026-06-02T17:15:51.138144,$GBGSV,07,,42
2026-06-02T17:15:51.138144,$GBGSV,08,,30
2026-06-02T17:15:51.138144,$GBGSV,09,,34
2026-06-02T17:15:51.138836,$GBGSV,10,,38
2026-06-02T17:15:51.138836,$GBGSV,13,,30
2026-06-02T17:15:51.138836,$GBGSV,14,,40
2026-06-02T17:15:51.138836,$GBGSV,34,,40
2026-06-02T17:15:51.139328,$GBGSV,09,,33
2026-06-02T17:15:51.139328,$GBGSV,10,,34
2026-06-02T17:15:52.125845,$GPGSV,10,,25
2026-06-02T17:15:52.125845,$GPGSV,18,,41
2026-06-02T17:15:52.125845,$GPGSV,23,,40
2026-06-02T17:15:52.125845,$GPGSV,24,,38
2026-06-02T17:15:52.126352,$GPGSV,32,,35
2026-06-02T17:15:52.126352,$GPGSV,41,,41
2026-06-02T17:15:52.126352,$GPGSV,42,,42
2026-06-02T17:15:52.126926,$GPGSV,10,,16
2026-06-02T17:15:52.126926,$GPGSV,18,,41
2026-06-02T17:15:52.126926,$GPGSV,23,,34
2026-06-02T17:15:52.126926,$GPGSV,24,,33
2026-06-02T17:15:52.127252,$GPGSV,32,,32
2026-06-02T17:15:52.129193,$GLGSV,65,,35
2026-06-02T17:15:52.129193,$GLGSV,66,,29
2026-06-02T17:15:52.129193,$GLGSV,75,,21
2026-06-02T17:15:52.129193,$GLGSV,76,,19
2026-06-02T17:15:52.129685,$GLGSV,81,,32
2026-06-02T17:15:52.129685,$GLGSV,87,,20
2026-06-02T17:15:52.129685,$GLGSV,88,,42
2026-06-02T17:15:52.130252,$GLGSV,66,,28
2026-06-02T17:15:52.130252,$GLGSV,67,,17
2026-06-02T17:15:52.130252,$GLGSV,75,,23
2026-06-02T17:15:52.130252,$GLGSV,76,,22
2026-06-02T17:15:52.130655,$GLGSV,81,,32
2026-06-02T17:15:52.130655,$GLGSV,88,,41
2026-06-02T17:15:52.131514,$GAGSV,04,,35
2026-06-02T17:15:52.131514,$GAGSV,05,,27
2026-06-02T17:15:52.131514,$GAGSV,06,,38
2026-06-02T17:15:52.131514,$GAGSV,09,,38
2026-06-02T17:15:52.132083,$GAGSV,10,,39
2026-06-02T17:15:52.132083,$GAGSV,11,,34
2026-06-02T17:15:52.132083,$GAGSV,12,,33
2026-06-02T17:15:52.132083,$GAGSV,36,,25
2026-06-02T17:15:52.132656,$GAGSV,04,,38
2026-06-02T17:15:52.132656,$GAGSV,05,,29
2026-06-02T17:15:52.132656,$GAGSV,06,,40
2026-06-02T17:15:52.132656,$GAGSV,09,,39
2026-06-02T17:15:52.133272,$GAGSV,10,,39
2026-06-02T17:15:52.133272,$GAGSV,11,,37
2026-06-02T17:15:52.133272,$GAGSV,12,,36
2026-06-02T17:15:52.133272,$GAGSV,36,,31
2026-06-02T17:15:52.134627,$GBGSV,06,,40
2026-06-02T17:15:52.134627,$GBGSV,07,,42
2026-06-02T17:15:52.134627,$GBGSV,08,,32
2026-06-02T17:15:52.134627,$GBGSV,09,,34
2026-06-02T17:15:52.135198,$GBGSV,10,,39
2026-06-02T17:15:52.135198,$GBGSV,13,,33
2026-06-02T17:15:52.135198,$GBGSV,14,,38
2026-06-02T17:15:52.135198,$GBGSV,34,,40
2026-06-02T17:15:52.135602,$GBGSV,09,,32
2026-06-02T17:15:52.135602,$GBGSV,10,,35
2026-06-02T17:15:53.130828,$GPGSV,10,,31
2026-06-02T17:15:53.130828,$GPGSV,18,,42
2026-06-02T17:15:53.130828,$GPGSV,23,,40
2026-06-02T17:15:53.130828,$GPGSV,24,,38
2026-06-02T17:15:53.132869,$GPGSV,32,,30
2026-06-02T17:15:53.132869,$GPGSV,41,,41
2026-06-02T17:15:53.132869,$GPGSV,42,,43
2026-06-02T17:15:53.135104,$GPGSV,10,,15
2026-06-02T17:15:53.135104,$GPGSV,18,,41
2026-06-02T17:15:53.135104,$GPGSV,23,,35
2026-06-02T17:15:53.135104,$GPGSV,24,,33
2026-06-02T17:15:53.136419,$GPGSV,32,,30
2026-06-02T17:15:53.144044,$GLGSV,65,,34
2026-06-02T17:15:53.144044,$GLGSV,66,,29
2026-06-02T17:15:53.144044,$GLGSV,75,,20
2026-06-02T17:15:53.144044,$GLGSV,76,,21
2026-06-02T17:15:53.145257,$GLGSV,81,,32
2026-06-02T17:15:53.145257,$GLGSV,87,,20
2026-06-02T17:15:53.145257,$GLGSV,88,,42
2026-06-02T17:15:53.146683,$GLGSV,66,,28
2026-06-02T17:15:53.146683,$GLGSV,67,,17
2026-06-02T17:15:53.146683,$GLGSV,75,,24
2026-06-02T17:15:53.146683,$GLGSV,76,,22
2026-06-02T17:15:53.147556,$GLGSV,81,,27
2026-06-02T17:15:53.147556,$GLGSV,88,,42
2026-06-02T17:15:53.149149,$GAGSV,04,,35
2026-06-02T17:15:53.149149,$GAGSV,05,,28
2026-06-02T17:15:53.149149,$GAGSV,06,,37
2026-06-02T17:15:53.149149,$GAGSV,09,,37
2026-06-02T17:15:53.150631,$GAGSV,10,,38
2026-06-02T17:15:53.150631,$GAGSV,11,,34
2026-06-02T17:15:53.150631,$GAGSV,12,,33
2026-06-02T17:15:53.150631,$GAGSV,36,,25
2026-06-02T17:15:53.152027,$GAGSV,04,,34
2026-06-02T17:15:53.152027,$GAGSV,05,,29
2026-06-02T17:15:53.152027,$GAGSV,06,,39
2026-06-02T17:15:53.152027,$GAGSV,09,,37
2026-06-02T17:15:53.152866,$GAGSV,10,,40
2026-06-02T17:15:53.152866,$GAGSV,11,,37
2026-06-02T17:15:53.152866,$GAGSV,12,,35
2026-06-02T17:15:53.152866,$GAGSV,36,,23
2026-06-02T17:15:53.154472,$GBGSV,06,,40
2026-06-02T17:15:53.154472,$GBGSV,07,,42
2026-06-02T17:15:53.154472,$GBGSV,08,,33
2026-06-02T17:15:53.154472,$GBGSV,09,,37
2026-06-02T17:15:53.155312,$GBGSV,10,,39
2026-06-02T17:15:53.155312,$GBGSV,13,,36
2026-06-02T17:15:53.155312,$GBGSV,14,,38
2026-06-02T17:15:53.155312,$GBGSV,34,,40
2026-06-02T17:15:53.155904,$GBGSV,09,,32
2026-06-02T17:15:53.155904,$GBGSV,10,,36
2026-06-02T17:15:54.131216,$GPGSV,10,,23
2026-06-02T17:15:54.131216,$GPGSV,18,,40
2026-06-02T17:15:54.131216,$GPGSV,23,,39
2026-06-02T17:15:54.131216,$GPGSV,24,,38
2026-06-02T17:15:54.133099,$GPGSV,32,,30
2026-06-02T17:15:54.133099,$GPGSV,41,,41
2026-06-02T17:15:54.133099,$GPGSV,42,,42
2026-06-02T17:15:54.135296,$GPGSV,10,,28
2026-06-02T17:15:54.135296,$GPGSV,18,,42
2026-06-02T17:15:54.135296,$GPGSV,23,,36
2026-06-02T17:15:54.135296,$GPGSV,24,,34
2026-06-02T17:15:54.136549,$GPGSV,32,,24
2026-06-02T17:15:54.143898,$GLGSV,65,,33
2026-06-02T17:15:54.143898,$GLGSV,66,,29
2026-06-02T17:15:54.143898,$GLGSV,75,,20
2026-06-02T17:15:54.143898,$GLGSV,76,,22
2026-06-02T17:15:54.145798,$GLGSV,81,,26
2026-06-02T17:15:54.145798,$GLGSV,87,,20
2026-06-02T17:15:54.145798,$GLGSV,88,,42
2026-06-02T17:15:54.147992,$GLGSV,66,,35
2026-06-02T17:15:54.147992,$GLGSV,67,,18
2026-06-02T17:15:54.147992,$GLGSV,75,,23
2026-06-02T17:15:54.147992,$GLGSV,76,,23
2026-06-02T17:15:54.149819,$GLGSV,81,,26
2026-06-02T17:15:54.149819,$GLGSV,88,,42
2026-06-02T17:15:54.152789,$GAGSV,04,,34
2026-06-02T17:15:54.152789,$GAGSV,05,,26
2026-06-02T17:15:54.152789,$GAGSV,06,,37
2026-06-02T17:15:54.152789,$GAGSV,09,,36
2026-06-02T17:15:54.154347,$GAGSV,10,,39
2026-06-02T17:15:54.154347,$GAGSV,11,,34
2026-06-02T17:15:54.154347,$GAGSV,12,,33
2026-06-02T17:15:54.154347,$GAGSV,36,,23
2026-06-02T17:15:54.155842,$GAGSV,04,,35
2026-06-02T17:15:54.155842,$GAGSV,05,,29
2026-06-02T17:15:54.155842,$GAGSV,06,,39
2026-06-02T17:15:54.155842,$GAGSV,09,,38
2026-06-02T17:15:54.157226,$GAGSV,10,,39
2026-06-02T17:15:54.157226,$GAGSV,11,,37
2026-06-02T17:15:54.157226,$GAGSV,12,,36
2026-06-02T17:15:54.157226,$GAGSV,36,,26
2026-06-02T17:15:54.159403,$GBGSV,06,,40
2026-06-02T17:15:54.159403,$GBGSV,07,,42
2026-06-02T17:15:54.159403,$GBGSV,08,,35
2026-06-02T17:15:54.159403,$GBGSV,09,,39
2026-06-02T17:15:54.160474,$GBGSV,10,,39
2026-06-02T17:15:54.160474,$GBGSV,13,,32
2026-06-02T17:15:54.160474,$GBGSV,14,,38
2026-06-02T17:15:54.160474,$GBGSV,34,,41
2026-06-02T17:15:54.161250,$GBGSV,09,,32
2026-06-02T17:15:54.161250,$GBGSV,10,,36
2026-06-02T17:15:55.134272,$GPGSV,10,,24
2026-06-02T17:15:55.134272,$GPGSV,18,,42
2026-06-02T17:15:55.134272,$GPGSV,23,,37
2026-06-02T17:15:55.134272,$GPGSV,24,,37
2026-06-02T17:15:55.136744,$GPGSV,32,,29
2026-06-02T17:15:55.136744,$GPGSV,41,,41
2026-06-02T17:15:55.136744,$GPGSV,42,,42
2026-06-02T17:15:55.136744,$GPGSV,50,,33
2026-06-02T17:15:55.139101,$GPGSV,10,,25
2026-06-02T17:15:55.139101,$GPGSV,18,,42
2026-06-02T17:15:55.139101,$GPGSV,23,,36
2026-06-02T17:15:55.139101,$GPGSV,24,,33
2026-06-02T17:15:55.141258,$GPGSV,32,,25
2026-06-02T17:15:55.148987,$GLGSV,65,,33
2026-06-02T17:15:55.148987,$GLGSV,66,,33
2026-06-02T17:15:55.148987,$GLGSV,75,,19
2026-06-02T17:15:55.148987,$GLGSV,76,,23
2026-06-02T17:15:55.150383,$GLGSV,81,,26
2026-06-02T17:15:55.150383,$GLGSV,87,,20
2026-06-02T17:15:55.150383,$GLGSV,88,,42
2026-06-02T17:15:55.151844,$GLGSV,66,,31
2026-06-02T17:15:55.151844,$GLGSV,67,,18
2026-06-02T17:15:55.151844,$GLGSV,75,,21
2026-06-02T17:15:55.151844,$GLGSV,76,,23
2026-06-02T17:15:55.152660,$GLGSV,81,,25
2026-06-02T17:15:55.152660,$GLGSV,88,,41
2026-06-02T17:15:55.154404,$GAGSV,04,,35
2026-06-02T17:15:55.154404,$GAGSV,05,,25
2026-06-02T17:15:55.154404,$GAGSV,06,,37
2026-06-02T17:15:55.154404,$GAGSV,09,,33
2026-06-02T17:15:55.155494,$GAGSV,10,,39
2026-06-02T17:15:55.155494,$GAGSV,11,,35
2026-06-02T17:15:55.155494,$GAGSV,12,,33
2026-06-02T17:15:55.155494,$GAGSV,36,,22
2026-06-02T17:15:55.156853,$GAGSV,04,,36
2026-06-02T17:15:55.156853,$GAGSV,05,,30
2026-06-02T17:15:55.156853,$GAGSV,06,,40
2026-06-02T17:15:55.156853,$GAGSV,09,,38
2026-06-02T17:15:55.157781,$GAGSV,10,,39
2026-06-02T17:15:55.157781,$GAGSV,11,,37
2026-06-02T17:15:55.157781,$GAGSV,12,,35
2026-06-02T17:15:55.157781,$GAGSV,36,,27
2026-06-02T17:15:55.159380,$GBGSV,06,,38
2026-06-02T17:15:55.159380,$GBGSV,07,,41
2026-06-02T17:15:55.159380,$GBGSV,08,,34
2026-06-02T17:15:55.159380,$GBGSV,09,,38
2026-06-02T17:15:55.160277,$GBGSV,10,,41
2026-06-02T17:15:55.160277,$GBGSV,13,,32
2026-06-02T17:15:55.160277,$GBGSV,14,,37
2026-06-02T17:15:55.160277,$GBGSV,34,,39
2026-06-02T17:15:55.160900,$GBGSV,09,,31
2026-06-02T17:15:55.160900,$GBGSV,10,,36
2026-06-02T17:15:56.136398,$GPGSV,10,,25
2026-06-02T17:15:56.136398,$GPGSV,18,,41
2026-06-02T17:15:56.136398,$GPGSV,23,,39
2026-06-02T17:15:56.136398,$GPGSV,24,,38
2026-06-02T17:15:56.137161,$GPGSV,32,,29
2026-06-02T17:15:56.137161,$GPGSV,41,,41
2026-06-02T17:15:56.137161,$GPGSV,42,,41
2026-06-02T17:15:56.137161,$GPGSV,50,,34
2026-06-02T17:15:56.137924,$GPGSV,10,,25
2026-06-02T17:15:56.137924,$GPGSV,18,,42
2026-06-02T17:15:56.137924,$GPGSV,23,,37
2026-06-02T17:15:56.137924,$GPGSV,24,,33
2026-06-02T17:15:56.138362,$GPGSV,32,,26
2026-06-02T17:15:56.140928,$GLGSV,65,,33
2026-06-02T17:15:56.140928,$GLGSV,66,,38
2026-06-02T17:15:56.140928,$GLGSV,75,,21
2026-06-02T17:15:56.140928,$GLGSV,76,,23
2026-06-02T17:15:56.141937,$GLGSV,81,,32
2026-06-02T17:15:56.141937,$GLGSV,87,,20
2026-06-02T17:15:56.141937,$GLGSV,88,,41
2026-06-02T17:15:56.142703,$GLGSV,66,,34
2026-06-02T17:15:56.142703,$GLGSV,67,,19
2026-06-02T17:15:56.142703,$GLGSV,75,,23
2026-06-02T17:15:56.142703,$GLGSV,76,,24
2026-06-02T17:15:56.143253,$GLGSV,81,,30
2026-06-02T17:15:56.143253,$GLGSV,88,,40
2026-06-02T17:15:56.144339,$GAGSV,04,,34
2026-06-02T17:15:56.144339,$GAGSV,05,,25
2026-06-02T17:15:56.144339,$GAGSV,06,,36
2026-06-02T17:15:56.144339,$GAGSV,09,,36
2026-06-02T17:15:56.145050,$GAGSV,10,,39
2026-06-02T17:15:56.145050,$GAGSV,11,,35
2026-06-02T17:15:56.145050,$GAGSV,12,,33
2026-06-02T17:15:56.145050,$GAGSV,36,,22
2026-06-02T17:15:56.145779,$GAGSV,04,,37
2026-06-02T17:15:56.145779,$GAGSV,05,,27
2026-06-02T17:15:56.145779,$GAGSV,06,,40
2026-06-02T17:15:56.145779,$GAGSV,09,,35
2026-06-02T17:15:56.146490,$GAGSV,10,,39
2026-06-02T17:15:56.146490,$GAGSV,11,,37
2026-06-02T17:15:56.146490,$GAGSV,12,,35
2026-06-02T17:15:56.146490,$GAGSV,36,,28
2026-06-02T17:15:56.147829,$GBGSV,06,,38
2026-06-02T17:15:56.147829,$GBGSV,07,,42
2026-06-02T17:15:56.147829,$GBGSV,08,,34
2026-06-02T17:15:56.147829,$GBGSV,09,,36
2026-06-02T17:15:56.148582,$GBGSV,10,,39
2026-06-02T17:15:56.148582,$GBGSV,13,,33
2026-06-02T17:15:56.148582,$GBGSV,14,,37
2026-06-02T17:15:56.148582,$GBGSV,34,,40
2026-06-02T17:15:56.149094,$GBGSV,09,,32
2026-06-02T17:15:56.149094,$GBGSV,10,,36
2026-06-02T17:15:57.126928,$GPGSV,10,,23
2026-06-02T17:15:57.126928,$GPGSV,18,,41
2026-06-02T17:15:57.126928,$GPGSV,23,,39
2026-06-02T17:15:57.126928,$GPGSV,24,,37
2026-06-02T17:15:57.127852,$GPGSV,32,,29
2026-06-02T17:15:57.127852,$GPGSV,41,,41
2026-06-02T17:15:57.127852,$GPGSV,42,,41
2026-06-02T17:15:57.127852,$GPGSV,50,,36
2026-06-02T17:15:57.128786,$GPGSV,10,,24
2026-06-02T17:15:57.128786,$GPGSV,18,,42
2026-06-02T17:15:57.128786,$GPGSV,23,,37
2026-06-02T17:15:57.128786,$GPGSV,24,,33
2026-06-02T17:15:57.129396,$GPGSV,32,,31
2026-06-02T17:15:57.132272,$GLGSV,65,,34
2026-06-02T17:15:57.132272,$GLGSV,66,,33
2026-06-02T17:15:57.132272,$GLGSV,75,,21
2026-06-02T17:15:57.132272,$GLGSV,76,,30
2026-06-02T17:15:57.133053,$GLGSV,81,,30
2026-06-02T17:15:57.133053,$GLGSV,87,,19
2026-06-02T17:15:57.133053,$GLGSV,88,,41
2026-06-02T17:15:57.133951,$GLGSV,66,,25
2026-06-02T17:15:57.133951,$GLGSV,67,,17
2026-06-02T17:15:57.133951,$GLGSV,75,,30
2026-06-02T17:15:57.133951,$GLGSV,76,,24
2026-06-02T17:15:57.134632,$GLGSV,81,,31
2026-06-02T17:15:57.134632,$GLGSV,88,,41
2026-06-02T17:15:57.135967,$GAGSV,04,,34
2026-06-02T17:15:57.135967,$GAGSV,05,,25
2026-06-02T17:15:57.135967,$GAGSV,06,,37
2026-06-02T17:15:57.135967,$GAGSV,09,,32
2026-06-02T17:15:57.136844,$GAGSV,10,,39
2026-06-02T17:15:57.136844,$GAGSV,11,,35
2026-06-02T17:15:57.136844,$GAGSV,12,,33
2026-06-02T17:15:57.136844,$GAGSV,36,,21
2026-06-02T17:15:57.137723,$GAGSV,04,,37
2026-06-02T17:15:57.137723,$GAGSV,05,,25
2026-06-02T17:15:57.137723,$GAGSV,06,,40
2026-06-02T17:15:57.137723,$GAGSV,09,,32
2026-06-02T17:15:57.138597,$GAGSV,10,,39
2026-06-02T17:15:57.138597,$GAGSV,11,,37
2026-06-02T17:15:57.138597,$GAGSV,12,,35
2026-06-02T17:15:57.138597,$GAGSV,36,,30
2026-06-02T17:15:57.140265,$GBGSV,06,,38
2026-06-02T17:15:57.140265,$GBGSV,07,,42
2026-06-02T17:15:57.140265,$GBGSV,08,,34
2026-06-02T17:15:57.140265,$GBGSV,09,,38
2026-06-02T17:15:57.141139,$GBGSV,10,,41
2026-06-02T17:15:57.141139,$GBGSV,13,,36
2026-06-02T17:15:57.141139,$GBGSV,14,,36
2026-06-02T17:15:57.141139,$GBGSV,34,,38
2026-06-02T17:15:57.141876,$GBGSV,09,,33
2026-06-02T17:15:57.141876,$GBGSV,10,,36
2026-06-02T17:15:58.126967,$GPGSV,10,,31
2026-06-02T17:15:58.126967,$GPGSV,18,,41
2026-06-02T17:15:58.126967,$GPGSV,23,,38
2026-06-02T17:15:58.126967,$GPGSV,24,,37
2026-06-02T17:15:58.127896,$GPGSV,32,,33
2026-06-02T17:15:58.127896,$GPGSV,41,,41
2026-06-02T17:15:58.127896,$GPGSV,42,,41
2026-06-02T17:15:58.127896,$GPGSV,50,,37
2026-06-02T17:15:58.128815,$GPGSV,10,,21
2026-06-02T17:15:58.128815,$GPGSV,18,,41
2026-06-02T17:15:58.128815,$GPGSV,23,,36
2026-06-02T17:15:58.128815,$GPGSV,24,,31
2026-06-02T17:15:58.129423,$GPGSV,32,,29
2026-06-02T17:15:58.132318,$GLGSV,65,,34
2026-06-02T17:15:58.132318,$GLGSV,66,,29
2026-06-02T17:15:58.132318,$GLGSV,75,,21
2026-06-02T17:15:58.132318,$GLGSV,76,,25
2026-06-02T17:15:58.133132,$GLGSV,81,,23
2026-06-02T17:15:58.133132,$GLGSV,87,,18
2026-06-02T17:15:58.133132,$GLGSV,88,,41
2026-06-02T17:15:58.134071,$GLGSV,66,,31
2026-06-02T17:15:58.134071,$GLGSV,67,,17
2026-06-02T17:15:58.134071,$GLGSV,75,,24
2026-06-02T17:15:58.134071,$GLGSV,76,,23
2026-06-02T17:15:58.134752,$GLGSV,81,,31
2026-06-02T17:15:58.134752,$GLGSV,88,,41
2026-06-02T17:15:58.136087,$GAGSV,04,,34
2026-06-02T17:15:58.136087,$GAGSV,05,,23
2026-06-02T17:15:58.136087,$GAGSV,06,,38
2026-06-02T17:15:58.136087,$GAGSV,09,,32
2026-06-02T17:15:58.136962,$GAGSV,10,,38
2026-06-02T17:15:58.136962,$GAGSV,11,,35
2026-06-02T17:15:58.136962,$GAGSV,12,,33
2026-06-02T17:15:58.136962,$GAGSV,36,,24
2026-06-02T17:15:58.137864,$GAGSV,04,,38
2026-06-02T17:15:58.137864,$GAGSV,05,,25
2026-06-02T17:15:58.137864,$GAGSV,06,,38
2026-06-02T17:15:58.137864,$GAGSV,09,,27
2026-06-02T17:15:58.138745,$GAGSV,10,,39
2026-06-02T17:15:58.138745,$GAGSV,11,,37
2026-06-02T17:15:58.138745,$GAGSV,12,,34
2026-06-02T17:15:58.138745,$GAGSV,36,,29
2026-06-02T17:15:58.140355,$GBGSV,06,,39
2026-06-02T17:15:58.140355,$GBGSV,07,,41
2026-06-02T17:15:58.140355,$GBGSV,08,,34
2026-06-02T17:15:58.140355,$GBGSV,09,,37
2026-06-02T17:15:58.141233,$GBGSV,10,,40
2026-06-02T17:15:58.141233,$GBGSV,13,,36
2026-06-02T17:15:58.141233,$GBGSV,14,,36
2026-06-02T17:15:58.141233,$GBGSV,34,,40
2026-06-02T17:15:58.141925,$GBGSV,09,,33
2026-06-02T17:15:58.141925,$GBGSV,10,,35
2026-06-02T17:15:59.125080,$GPGSV,10,,30
2026-06-02T17:15:59.125080,$GPGSV,18,,41
2026-06-02T17:15:59.125080,$GPGSV,23,,38
2026-06-02T17:15:59.125080,$GPGSV,24,,38
2026-06-02T17:15:59.126092,$GPGSV,32,,33
2026-06-02T17:15:59.126092,$GPGSV,41,,41
2026-06-02T17:15:59.126092,$GPGSV,42,,41
2026-06-02T17:15:59.126092,$GPGSV,50,,37
2026-06-02T17:15:59.127007,$GPGSV,10,,19
2026-06-02T17:15:59.127007,$GPGSV,18,,41
2026-06-02T17:15:59.127007,$GPGSV,23,,36
2026-06-02T17:15:59.127007,$GPGSV,24,,32
2026-06-02T17:15:59.127613,$GPGSV,32,,30
2026-06-02T17:15:59.130477,$GLGSV,65,,33
2026-06-02T17:15:59.130477,$GLGSV,66,,23
2026-06-02T17:15:59.130477,$GLGSV,75,,24
2026-06-02T17:15:59.130477,$GLGSV,76,,23
2026-06-02T17:15:59.131252,$GLGSV,81,,29
2026-06-02T17:15:59.131252,$GLGSV,87,,17
2026-06-02T17:15:59.131252,$GLGSV,88,,41
2026-06-02T17:15:59.132128,$GLGSV,66,,30
2026-06-02T17:15:59.132128,$GLGSV,67,,17
2026-06-02T17:15:59.132128,$GLGSV,75,,26
2026-06-02T17:15:59.132128,$GLGSV,76,,24
2026-06-02T17:15:59.132804,$GLGSV,81,,26
2026-06-02T17:15:59.132804,$GLGSV,88,,40
2026-06-02T17:15:59.134184,$GAGSV,04,,34
2026-06-02T17:15:59.134184,$GAGSV,05,,24
2026-06-02T17:15:59.134184,$GAGSV,06,,37
2026-06-02T17:15:59.134184,$GAGSV,09,,37
2026-06-02T17:15:59.135056,$GAGSV,10,,39
2026-06-02T17:15:59.135056,$GAGSV,11,,34
2026-06-02T17:15:59.135056,$GAGSV,12,,33
2026-06-02T17:15:59.135056,$GAGSV,36,,22
2026-06-02T17:15:59.135928,$GAGSV,04,,38
2026-06-02T17:15:59.135928,$GAGSV,05,,25
2026-06-02T17:15:59.135928,$GAGSV,06,,40
2026-06-02T17:15:59.135928,$GAGSV,09,,37
2026-06-02T17:15:59.136803,$GAGSV,10,,39
2026-06-02T17:15:59.136803,$GAGSV,11,,37
2026-06-02T17:15:59.136803,$GAGSV,12,,35
2026-06-02T17:15:59.136803,$GAGSV,36,,28
2026-06-02T17:15:59.138394,$GBGSV,06,,39
2026-06-02T17:15:59.138394,$GBGSV,07,,41
2026-06-02T17:15:59.138394,$GBGSV,08,,34
2026-06-02T17:15:59.138394,$GBGSV,09,,38
2026-06-02T17:15:59.139274,$GBGSV,10,,40
2026-06-02T17:15:59.139274,$GBGSV,13,,29
2026-06-02T17:15:59.139274,$GBGSV,14,,38
2026-06-02T17:15:59.139274,$GBGSV,34,,40
2026-06-02T17:15:59.139954,$GBGSV,09,,33
2026-06-02T17:15:59.139954,$GBGSV,10,,36
2026-06-02T17:16:00.133553,$GPGSV,10,,29
2026-06-02T17:16:00.133553,$GPGSV,18,,41
2026-06-02T17:16:00.133553,$GPGSV,23,,38
2026-06-02T17:16:00.133553,$GPGSV,24,,38
2026-06-02T17:16:00.134505,$GPGSV,32,,36
2026-06-02T17:16:00.134505,$GPGSV,41,,43
2026-06-02T17:16:00.134505,$GPGSV,42,,41
2026-06-02T17:16:00.134505,$GPGSV,50,,37
2026-06-02T17:16:00.135427,$GPGSV,10,,21
2026-06-02T17:16:00.135427,$GPGSV,18,,40
2026-06-02T17:16:00.135427,$GPGSV,23,,36
2026-06-02T17:16:00.135427,$GPGSV,24,,34
2026-06-02T17:16:00.136028,$GPGSV,32,,31
2026-06-02T17:16:00.139054,$GLGSV,65,,34
2026-06-02T17:16:00.139054,$GLGSV,66,,23
2026-06-02T17:16:00.139054,$GLGSV,75,,33
2026-06-02T17:16:00.139054,$GLGSV,76,,23
2026-06-02T17:16:00.139865,$GLGSV,81,,33
2026-06-02T17:16:00.139865,$GLGSV,87,,19
2026-06-02T17:16:00.139865,$GLGSV,88,,40
2026-06-02T17:16:00.140751,$GLGSV,66,,31
2026-06-02T17:16:00.140751,$GLGSV,67,,18
2026-06-02T17:16:00.140751,$GLGSV,75,,32
2026-06-02T17:16:00.140751,$GLGSV,76,,25
2026-06-02T17:16:00.141447,$GLGSV,81,,31
2026-06-02T17:16:00.141447,$GLGSV,88,,40
2026-06-02T17:16:00.142811,$GAGSV,04,,34
2026-06-02T17:16:00.142811,$GAGSV,05,,26
2026-06-02T17:16:00.142811,$GAGSV,06,,37
2026-06-02T17:16:00.142811,$GAGSV,09,,36
2026-06-02T17:16:00.143689,$GAGSV,10,,39
2026-06-02T17:16:00.143689,$GAGSV,11,,35
2026-06-02T17:16:00.143689,$GAGSV,12,,31
2026-06-02T17:16:00.143689,$GAGSV,36,,24
2026-06-02T17:16:00.144568,$GAGSV,04,,37
2026-06-02T17:16:00.144568,$GAGSV,05,,27
2026-06-02T17:16:00.144568,$GAGSV,06,,40
2026-06-02T17:16:00.144568,$GAGSV,09,,34
2026-06-02T17:16:00.145443,$GAGSV,10,,39
2026-06-02T17:16:00.145443,$GAGSV,11,,37
2026-06-02T17:16:00.145443,$GAGSV,12,,35
2026-06-02T17:16:00.145443,$GAGSV,36,,26
2026-06-02T17:16:00.147034,$GBGSV,06,,39
2026-06-02T17:16:00.147034,$GBGSV,07,,42
2026-06-02T17:16:00.147034,$GBGSV,08,,33
2026-06-02T17:16:00.147034,$GBGSV,09,,37
2026-06-02T17:16:00.147922,$GBGSV,10,,41
2026-06-02T17:16:00.147922,$GBGSV,13,,34
2026-06-02T17:16:00.147922,$GBGSV,14,,38
2026-06-02T17:16:00.147922,$GBGSV,34,,40
2026-06-02T17:16:00.148608,$GBGSV,09,,33
2026-06-02T17:16:00.148608,$GBGSV,10,,36
2026-06-02T17:16:01.128189,$GPGSV,10,,30
2026-06-02T17:16:01.128189,$GPGSV,18,,41
2026-06-02T17:16:01.128189,$GPGSV,23,,40
2026-06-02T17:16:01.128189,$GPGSV,24,,37
2026-06-02T17:16:01.128960,$GPGSV,32,,36
2026-06-02T17:16:01.128960,$GPGSV,41,,43
2026-06-02T17:16:01.128960,$GPGSV,42,,41
2026-06-02T17:16:01.128960,$GPGSV,50,,37
2026-06-02T17:16:01.129718,$GPGSV,10,,22
2026-06-02T17:16:01.129718,$GPGSV,18,,40
2026-06-02T17:16:01.129718,$GPGSV,23,,36
2026-06-02T17:16:01.129718,$GPGSV,24,,33
2026-06-02T17:16:01.130116,$GPGSV,32,,33
2026-06-02T17:16:01.132376,$GLGSV,65,,33
2026-06-02T17:16:01.132376,$GLGSV,66,,25
2026-06-02T17:16:01.132376,$GLGSV,75,,28
2026-06-02T17:16:01.132376,$GLGSV,76,,21
2026-06-02T17:16:01.132966,$GLGSV,81,,34
2026-06-02T17:16:01.132966,$GLGSV,87,,20
2026-06-02T17:16:01.132966,$GLGSV,88,,40
2026-06-02T17:16:01.133671,$GLGSV,66,,34
2026-06-02T17:16:01.133671,$GLGSV,67,,17
2026-06-02T17:16:01.133671,$GLGSV,75,,40
2026-06-02T17:16:01.133671,$GLGSV,76,,29
2026-06-02T17:16:01.134171,$GLGSV,81,,32
2026-06-02T17:16:01.134171,$GLGSV,88,,39
2026-06-02T17:16:01.135219,$GAGSV,04,,33
2026-06-02T17:16:01.135219,$GAGSV,05,,26
2026-06-02T17:16:01.135219,$GAGSV,06,,37
2026-06-02T17:16:01.135219,$GAGSV,09,,32
2026-06-02T17:16:01.135911,$GAGSV,10,,40
2026-06-02T17:16:01.135911,$GAGSV,11,,35
2026-06-02T17:16:01.135911,$GAGSV,12,,33
2026-06-02T17:16:01.135911,$GAGSV,36,,31
2026-06-02T17:16:01.136604,$GAGSV,04,,39
2026-06-02T17:16:01.136604,$GAGSV,05,,30
2026-06-02T17:16:01.136604,$GAGSV,06,,39
2026-06-02T17:16:01.136604,$GAGSV,09,,30
2026-06-02T17:16:01.137289,$GAGSV,10,,39
2026-06-02T17:16:01.137289,$GAGSV,11,,37
2026-06-02T17:16:01.137289,$GAGSV,12,,35
2026-06-02T17:16:01.137289,$GAGSV,36,,31
2026-06-02T17:16:01.138610,$GBGSV,06,,39
2026-06-02T17:16:01.138610,$GBGSV,07,,42
2026-06-02T17:16:01.138610,$GBGSV,08,,33
2026-06-02T17:16:01.138610,$GBGSV,09,,37
2026-06-02T17:16:01.139298,$GBGSV,10,,41
2026-06-02T17:16:01.139298,$GBGSV,13,,35
2026-06-02T17:16:01.139298,$GBGSV,14,,40
2026-06-02T17:16:01.139298,$GBGSV,34,,39
2026-06-02T17:16:01.139786,$GBGSV,09,,34
2026-06-02T17:16:01.139786,$GBGSV,10,,36
2026-06-02T17:16:02.122981,$GPGSV,10,,23
2026-06-02T17:16:02.122981,$GPGSV,18,,42
2026-06-02T17:16:02.122981,$GPGSV,23,,38
2026-06-02T17:16:02.122981,$GPGSV,24,,39
2026-06-02T17:16:02.123712,$GPGSV,32,,36
2026-06-02T17:16:02.123712,$GPGSV,41,,43
2026-06-02T17:16:02.123712,$GPGSV,42,,40
2026-06-02T17:16:02.123712,$GPGSV,50,,37
2026-06-02T17:16:02.124428,$GPGSV,10,,25
2026-06-02T17:16:02.124428,$GPGSV,18,,41
2026-06-02T17:16:02.124428,$GPGSV,23,,35
2026-06-02T17:16:02.124428,$GPGSV,24,,33
2026-06-02T17:16:02.124838,$GPGSV,32,,29
2026-06-02T17:16:02.127180,$GLGSV,65,,32
2026-06-02T17:16:02.127180,$GLGSV,66,,32
2026-06-02T17:16:02.127180,$GLGSV,75,,33
2026-06-02T17:16:02.127180,$GLGSV,76,,22
2026-06-02T17:16:02.127790,$GLGSV,81,,30
2026-06-02T17:16:02.127790,$GLGSV,87,,21
2026-06-02T17:16:02.127790,$GLGSV,88,,40
2026-06-02T17:16:02.128496,$GLGSV,66,,32
2026-06-02T17:16:02.128496,$GLGSV,67,,16
2026-06-02T17:16:02.128496,$GLGSV,75,,40
2026-06-02T17:16:02.128496,$GLGSV,76,,22
2026-06-02T17:16:02.129009,$GLGSV,81,,27
2026-06-02T17:16:02.129009,$GLGSV,88,,41
2026-06-02T17:16:02.130104,$GAGSV,04,,34
2026-06-02T17:16:02.130104,$GAGSV,05,,25
2026-06-02T17:16:02.130104,$GAGSV,06,,37
2026-06-02T17:16:02.130104,$GAGSV,09,,33
2026-06-02T17:16:02.130819,$GAGSV,10,,40
2026-06-02T17:16:02.130819,$GAGSV,11,,35
2026-06-02T17:16:02.130819,$GAGSV,12,,33
2026-06-02T17:16:02.130819,$GAGSV,36,,28
2026-06-02T17:16:02.131504,$GAGSV,04,,36
2026-06-02T17:16:02.131504,$GAGSV,05,,29
2026-06-02T17:16:02.131504,$GAGSV,06,,39
2026-06-02T17:16:02.131504,$GAGSV,09,,36
2026-06-02T17:16:02.132183,$GAGSV,10,,39
2026-06-02T17:16:02.132183,$GAGSV,11,,37
2026-06-02T17:16:02.132183,$GAGSV,12,,35
2026-06-02T17:16:02.132183,$GAGSV,36,,26
2026-06-02T17:16:02.133503,$GBGSV,06,,38
2026-06-02T17:16:02.133503,$GBGSV,07,,42
2026-06-02T17:16:02.133503,$GBGSV,08,,33
2026-06-02T17:16:02.133503,$GBGSV,09,,37
2026-06-02T17:16:02.134306,$GBGSV,10,,40
2026-06-02T17:16:02.134306,$GBGSV,13,,31
2026-06-02T17:16:02.134306,$GBGSV,14,,38
2026-06-02T17:16:02.134306,$GBGSV,34,,37
2026-06-02T17:16:02.134794,$GBGSV,09,,33
2026-06-02T17:16:02.134794,$GBGSV,10,,36
2026-06-02T17:16:03.126052,$GPGSV,10,,37
2026-06-02T17:16:03.126052,$GPGSV,18,,42
2026-06-02T17:16:03.126052,$GPGSV,23,,37
2026-06-02T17:16:03.126052,$GPGSV,24,,37
2026-06-02T17:16:03.126801,$GPGSV,32,,30
2026-06-02T17:16:03.126801,$GPGSV,41,,39
2026-06-02T17:16:03.126801,$GPGSV,42,,40
2026-06-02T17:16:03.126801,$GPGSV,50,,38
2026-06-02T17:16:03.127516,$GPGSV,10,,24
2026-06-02T17:16:03.127516,$GPGSV,18,,42
2026-06-02T17:16:03.127516,$GPGSV,23,,36
2026-06-02T17:16:03.127516,$GPGSV,24,,32
2026-06-02T17:16:03.127929,$GPGSV,32,,28
2026-06-02T17:16:03.130297,$GLGSV,65,,32
2026-06-02T17:16:03.130297,$GLGSV,66,,32
2026-06-02T17:16:03.130297,$GLGSV,75,,33
2026-06-02T17:16:03.130297,$GLGSV,76,,23
2026-06-02T17:16:03.130914,$GLGSV,81,,29
2026-06-02T17:16:03.130914,$GLGSV,87,,20
2026-06-02T17:16:03.130914,$GLGSV,88,,33
2026-06-02T17:16:03.131632,$GLGSV,66,,27
2026-06-02T17:16:03.131632,$GLGSV,67,,17
2026-06-02T17:16:03.131632,$GLGSV,75,,41
2026-06-02T17:16:03.131632,$GLGSV,76,,22
2026-06-02T17:16:03.132148,$GLGSV,81,,32
2026-06-02T17:16:03.132148,$GLGSV,88,,33
2026-06-02T17:16:03.133244,$GAGSV,04,,34
2026-06-02T17:16:03.133244,$GAGSV,05,,25
2026-06-02T17:16:03.133244,$GAGSV,06,,38
2026-06-02T17:16:03.133244,$GAGSV,09,,37
2026-06-02T17:16:03.133975,$GAGSV,10,,40
2026-06-02T17:16:03.133975,$GAGSV,11,,36
2026-06-02T17:16:03.133975,$GAGSV,12,,28
2026-06-02T17:16:03.133975,$GAGSV,36,,28
2026-06-02T17:16:03.134700,$GAGSV,04,,38
2026-06-02T17:16:03.134700,$GAGSV,05,,31
2026-06-02T17:16:03.134700,$GAGSV,06,,39
2026-06-02T17:16:03.134700,$GAGSV,09,,38
2026-06-02T17:16:03.135492,$GAGSV,10,,39
2026-06-02T17:16:03.135492,$GAGSV,11,,37
2026-06-02T17:16:03.135492,$GAGSV,12,,36
2026-06-02T17:16:03.135492,$GAGSV,36,,24
2026-06-02T17:16:03.136772,$GBGSV,06,,36
2026-06-02T17:16:03.136772,$GBGSV,07,,42
2026-06-02T17:16:03.136772,$GBGSV,08,,33
2026-06-02T17:16:03.136772,$GBGSV,09,,37
2026-06-02T17:16:03.137450,$GBGSV,10,,41
2026-06-02T17:16:03.137450,$GBGSV,13,,33
2026-06-02T17:16:03.137450,$GBGSV,14,,38
2026-06-02T17:16:03.137450,$GBGSV,34,,40
2026-06-02T17:16:03.137946,$GBGSV,09,,33
2026-06-02T17:16:03.137946,$GBGSV,10,,36
2026-06-02T17:16:04.128259,$GPGSV,10,,32
2026-06-02T17:16:04.128259,$GPGSV,18,,43
2026-06-02T17:16:04.128259,$GPGSV,23,,39
2026-06-02T17:16:04.128259,$GPGSV,24,,39
2026-06-02T17:16:04.128936,$GPGSV,32,,30
2026-06-02T17:16:04.128936,$GPGSV,41,,43
2026-06-02T17:16:04.128936,$GPGSV,42,,42
2026-06-02T17:16:04.128936,$GPGSV,50,,37
2026-06-02T17:16:04.129604,$GPGSV,10,,23
2026-06-02T17:16:04.129604,$GPGSV,18,,41
2026-06-02T17:16:04.129604,$GPGSV,23,,36
2026-06-02T17:16:04.129604,$GPGSV,24,,33
2026-06-02T17:16:04.129980,$GPGSV,32,,27
2026-06-02T17:16:04.132063,$GLGSV,65,,34
2026-06-02T17:16:04.132063,$GLGSV,66,,33
2026-06-02T17:16:04.132063,$GLGSV,75,,34
2026-06-02T17:16:04.132063,$GLGSV,76,,25
2026-06-02T17:16:04.132513,$GLGSV,87,,19
2026-06-02T17:16:04.132513,$GLGSV,88,,34
2026-06-02T17:16:04.133138,$GLGSV,66,,32
2026-06-02T17:16:04.133138,$GLGSV,67,,17
2026-06-02T17:16:04.133138,$GLGSV,75,,41
2026-06-02T17:16:04.133138,$GLGSV,76,,24
2026-06-02T17:16:04.133586,$GLGSV,81,,26
2026-06-02T17:16:04.133586,$GLGSV,88,,33
2026-06-02T17:16:04.134610,$GAGSV,04,,34
2026-06-02T17:16:04.134610,$GAGSV,05,,24
2026-06-02T17:16:04.134610,$GAGSV,06,,37
2026-06-02T17:16:04.134610,$GAGSV,09,,34
2026-06-02T17:16:04.135306,$GAGSV,10,,39
2026-06-02T17:16:04.135306,$GAGSV,11,,35
2026-06-02T17:16:04.135306,$GAGSV,12,,32
2026-06-02T17:16:04.135306,$GAGSV,36,,25
2026-06-02T17:16:04.135945,$GAGSV,04,,37
2026-06-02T17:16:04.135945,$GAGSV,05,,23
2026-06-02T17:16:04.135945,$GAGSV,06,,38
2026-06-02T17:16:04.135945,$GAGSV,09,,37
2026-06-02T17:16:04.136651,$GAGSV,10,,40
2026-06-02T17:16:04.136651,$GAGSV,11,,37
2026-06-02T17:16:04.136651,$GAGSV,12,,33
2026-06-02T17:16:04.136651,$GAGSV,36,,21
2026-06-02T17:16:04.138168,$GBGSV,06,,36
2026-06-02T17:16:04.138168,$GBGSV,07,,41
2026-06-02T17:16:04.138168,$GBGSV,08,,30
2026-06-02T17:16:04.138168,$GBGSV,09,,37
2026-06-02T17:16:04.138801,$GBGSV,10,,41
2026-06-02T17:16:04.138801,$GBGSV,13,,36
2026-06-02T17:16:04.138801,$GBGSV,14,,36
2026-06-02T17:16:04.138801,$GBGSV,34,,39
2026-06-02T17:16:04.139236,$GBGSV,09,,33
2026-06-02T17:16:04.139236,$GBGSV,10,,35
2026-06-02T17:16:05.126434,$GPGSV,10,,26
2026-06-02T17:16:05.126434,$GPGSV,18,,43
2026-06-02T17:16:05.126434,$GPGSV,23,,39
2026-06-02T17:16:05.126434,$GPGSV,24,,39
2026-06-02T17:16:05.127279,$GPGSV,32,,34
2026-06-02T17:16:05.127279,$GPGSV,41,,34
2026-06-02T17:16:05.127279,$GPGSV,42,,39
2026-06-02T17:16:05.127279,$GPGSV,50,,37
2026-06-02T17:16:05.127991,$GPGSV,10,,23
2026-06-02T17:16:05.127991,$GPGSV,18,,41
2026-06-02T17:16:05.127991,$GPGSV,23,,36
2026-06-02T17:16:05.127991,$GPGSV,24,,32
2026-06-02T17:16:05.128390,$GPGSV,32,,27
2026-06-02T17:16:05.130741,$GLGSV,65,,34
2026-06-02T17:16:05.130741,$GLGSV,66,,33
2026-06-02T17:16:05.130741,$GLGSV,75,,31
2026-06-02T17:16:05.130741,$GLGSV,76,,26
2026-06-02T17:16:05.131345,$GLGSV,81,,30
2026-06-02T17:16:05.131345,$GLGSV,87,,18
2026-06-02T17:16:05.131345,$GLGSV,88,,34
2026-06-02T17:16:05.132043,$GLGSV,66,,34
2026-06-02T17:16:05.132043,$GLGSV,67,,18
2026-06-02T17:16:05.132043,$GLGSV,75,,40
2026-06-02T17:16:05.132043,$GLGSV,76,,25
2026-06-02T17:16:05.132535,$GLGSV,81,,27
2026-06-02T17:16:05.132535,$GLGSV,88,,37
2026-06-02T17:16:05.133582,$GAGSV,04,,34
2026-06-02T17:16:05.133582,$GAGSV,05,,22
2026-06-02T17:16:05.133582,$GAGSV,06,,37
2026-06-02T17:16:05.133582,$GAGSV,09,,34
2026-06-02T17:16:05.134292,$GAGSV,10,,39
2026-06-02T17:16:05.134292,$GAGSV,11,,35
2026-06-02T17:16:05.134292,$GAGSV,12,,32
2026-06-02T17:16:05.134292,$GAGSV,36,,24
2026-06-02T17:16:05.135102,$GAGSV,04,,37
2026-06-02T17:16:05.135102,$GAGSV,05,,24
2026-06-02T17:16:05.135102,$GAGSV,06,,40
2026-06-02T17:16:05.135102,$GAGSV,09,,35
2026-06-02T17:16:05.135789,$GAGSV,10,,40
2026-06-02T17:16:05.135789,$GAGSV,11,,37
2026-06-02T17:16:05.135789,$GAGSV,12,,33
2026-06-02T17:16:05.135789,$GAGSV,36,,20
2026-06-02T17:16:05.137065,$GBGSV,06,,38
2026-06-02T17:16:05.137065,$GBGSV,07,,41
2026-06-02T17:16:05.137065,$GBGSV,08,,29
2026-06-02T17:16:05.137065,$GBGSV,09,,37
2026-06-02T17:16:05.137753,$GBGSV,10,,41
2026-06-02T17:16:05.137753,$GBGSV,13,,32
2026-06-02T17:16:05.137753,$GBGSV,14,,37
2026-06-02T17:16:05.137753,$GBGSV,34,,40
2026-06-02T17:16:05.138594,$GBGSV,09,,33
2026-06-02T17:16:05.138594,$GBGSV,10,,35
2026-06-02T17:16:06.128664,$GPGSV,10,,26
2026-06-02T17:16:06.128664,$GPGSV,18,,41
2026-06-02T17:16:06.128664,$GPGSV,23,,37
2026-06-02T17:16:06.128664,$GPGSV,24,,36
2026-06-02T17:16:06.129394,$GPGSV,32,,28
2026-06-02T17:16:06.129394,$GPGSV,41,,34
2026-06-02T17:16:06.129394,$GPGSV,42,,40
2026-06-02T17:16:06.129394,$GPGSV,50,,37
2026-06-02T17:16:06.130117,$GPGSV,10,,23
2026-06-02T17:16:06.130117,$GPGSV,18,,41
2026-06-02T17:16:06.130117,$GPGSV,23,,36
2026-06-02T17:16:06.130117,$GPGSV,24,,34
2026-06-02T17:16:06.130534,$GPGSV,32,,28
2026-06-02T17:16:06.132877,$GLGSV,65,,34
2026-06-02T17:16:06.132877,$GLGSV,66,,33
2026-06-02T17:16:06.132877,$GLGSV,75,,35
2026-06-02T17:16:06.132877,$GLGSV,76,,25
2026-06-02T17:16:06.133395,$GLGSV,87,,18
2026-06-02T17:16:06.133395,$GLGSV,88,,38
2026-06-02T17:16:06.134085,$GLGSV,66,,32
2026-06-02T17:16:06.134085,$GLGSV,67,,18
2026-06-02T17:16:06.134085,$GLGSV,75,,38
2026-06-02T17:16:06.134085,$GLGSV,76,,31
2026-06-02T17:16:06.134574,$GLGSV,81,,35
2026-06-02T17:16:06.134574,$GLGSV,88,,40
2026-06-02T17:16:06.135602,$GAGSV,04,,34
2026-06-02T17:16:06.135602,$GAGSV,05,,30
2026-06-02T17:16:06.135602,$GAGSV,06,,37
2026-06-02T17:16:06.135602,$GAGSV,09,,36
2026-06-02T17:16:06.136291,$GAGSV,10,,38
2026-06-02T17:16:06.136291,$GAGSV,11,,35
2026-06-02T17:16:06.136291,$GAGSV,12,,33
2026-06-02T17:16:06.136291,$GAGSV,36,,22
2026-06-02T17:16:06.137034,$GAGSV,04,,35
2026-06-02T17:16:06.137034,$GAGSV,05,,34
2026-06-02T17:16:06.137034,$GAGSV,06,,38
2026-06-02T17:16:06.137034,$GAGSV,09,,36
2026-06-02T17:16:06.137863,$GAGSV,10,,40
2026-06-02T17:16:06.137863,$GAGSV,11,,36
2026-06-02T17:16:06.137863,$GAGSV,12,,33
2026-06-02T17:16:06.137863,$GAGSV,36,,21
2026-06-02T17:16:06.139146,$GBGSV,06,,41
2026-06-02T17:16:06.139146,$GBGSV,07,,39
2026-06-02T17:16:06.139146,$GBGSV,08,,30
2026-06-02T17:16:06.139146,$GBGSV,09,,36
2026-06-02T17:16:06.139821,$GBGSV,10,,41
2026-06-02T17:16:06.139821,$GBGSV,13,,32
2026-06-02T17:16:06.139821,$GBGSV,14,,38
2026-06-02T17:16:06.139821,$GBGSV,34,,40
2026-06-02T17:16:06.140304,$GBGSV,09,,33
2026-06-02T17:16:06.140304,$GBGSV,10,,35
2026-06-02T17:16:07.133833,$GPGSV,10,,27
2026-06-02T17:16:07.133833,$GPGSV,18,,42
2026-06-02T17:16:07.133833,$GPGSV,23,,38
2026-06-02T17:16:07.133833,$GPGSV,24,,37
2026-06-02T17:16:07.134603,$GPGSV,32,,33
2026-06-02T17:16:07.134603,$GPGSV,41,,37
2026-06-02T17:16:07.134603,$GPGSV,42,,40
2026-06-02T17:16:07.134603,$GPGSV,50,,35
2026-06-02T17:16:07.135347,$GPGSV,10,,24
2026-06-02T17:16:07.135347,$GPGSV,18,,41
2026-06-02T17:16:07.135347,$GPGSV,23,,35
2026-06-02T17:16:07.135347,$GPGSV,24,,34
2026-06-02T17:16:07.135784,$GPGSV,32,,29
2026-06-02T17:16:07.138262,$GLGSV,65,,35
2026-06-02T17:16:07.138262,$GLGSV,66,,25
2026-06-02T17:16:07.138262,$GLGSV,75,,30
2026-06-02T17:16:07.138262,$GLGSV,76,,31
2026-06-02T17:16:07.138903,$GLGSV,81,,30
2026-06-02T17:16:07.138903,$GLGSV,87,,19
2026-06-02T17:16:07.138903,$GLGSV,88,,39
2026-06-02T17:16:07.139642,$GLGSV,66,,34
2026-06-02T17:16:07.139642,$GLGSV,67,,18
2026-06-02T17:16:07.139642,$GLGSV,75,,39
2026-06-02T17:16:07.139642,$GLGSV,76,,30
2026-06-02T17:16:07.140212,$GLGSV,81,,33
2026-06-02T17:16:07.140212,$GLGSV,88,,39
2026-06-02T17:16:07.141858,$GAGSV,04,,34
2026-06-02T17:16:07.141858,$GAGSV,05,,30
2026-06-02T17:16:07.141858,$GAGSV,06,,37
2026-06-02T17:16:07.141858,$GAGSV,09,,35
2026-06-02T17:16:07.143025,$GAGSV,10,,38
2026-06-02T17:16:07.143025,$GAGSV,11,,35
2026-06-02T17:16:07.143025,$GAGSV,12,,34
2026-06-02T17:16:07.143025,$GAGSV,36,,20
2026-06-02T17:16:07.143811,$GAGSV,04,,37
2026-06-02T17:16:07.143811,$GAGSV,05,,30
2026-06-02T17:16:07.143811,$GAGSV,06,,39
2026-06-02T17:16:07.143811,$GAGSV,09,,37
2026-06-02T17:16:07.144514,$GAGSV,10,,40
2026-06-02T17:16:07.144514,$GAGSV,11,,37
2026-06-02T17:16:07.144514,$GAGSV,12,,34
2026-06-02T17:16:07.144514,$GAGSV,36,,27
2026-06-02T17:16:07.145877,$GBGSV,06,,38
2026-06-02T17:16:07.145877,$GBGSV,07,,41
2026-06-02T17:16:07.145877,$GBGSV,08,,30
2026-06-02T17:16:07.145877,$GBGSV,09,,37
2026-06-02T17:16:07.146569,$GBGSV,10,,39
2026-06-02T17:16:07.146569,$GBGSV,13,,35
2026-06-02T17:16:07.146569,$GBGSV,14,,38
2026-06-02T17:16:07.146569,$GBGSV,34,,39
2026-06-02T17:16:07.147118,$GBGSV,09,,32
2026-06-02T17:16:07.147118,$GBGSV,10,,35
2026-06-02T17:16:08.135075,$GPGSV,10,,26
2026-06-02T17:16:08.135075,$GPGSV,18,,42
2026-06-02T17:16:08.135075,$GPGSV,23,,38
2026-06-02T17:16:08.135075,$GPGSV,24,,38
2026-06-02T17:16:08.137363,$GPGSV,32,,36
2026-06-02T17:16:08.137363,$GPGSV,41,,39
2026-06-02T17:16:08.137363,$GPGSV,42,,42
2026-06-02T17:16:08.137363,$GPGSV,50,,37
2026-06-02T17:16:08.139713,$GPGSV,10,,22
2026-06-02T17:16:08.139713,$GPGSV,18,,41
2026-06-02T17:16:08.139713,$GPGSV,23,,35
2026-06-02T17:16:08.139713,$GPGSV,24,,31
2026-06-02T17:16:08.141159,$GPGSV,32,,33
2026-06-02T17:16:08.148748,$GLGSV,65,,35
2026-06-02T17:16:08.148748,$GLGSV,66,,31
2026-06-02T17:16:08.148748,$GLGSV,75,,37
2026-06-02T17:16:08.148748,$GLGSV,76,,29
2026-06-02T17:16:08.150831,$GLGSV,81,,31
2026-06-02T17:16:08.150831,$GLGSV,87,,19
2026-06-02T17:16:08.150831,$GLGSV,88,,37
2026-06-02T17:16:08.152437,$GLGSV,66,,25
2026-06-02T17:16:08.152437,$GLGSV,67,,17
2026-06-02T17:16:08.152437,$GLGSV,75,,40
2026-06-02T17:16:08.152437,$GLGSV,76,,30
2026-06-02T17:16:08.153502,$GLGSV,81,,36
2026-06-02T17:16:08.153502,$GLGSV,88,,40
2026-06-02T17:16:08.154901,$GAGSV,04,,35
2026-06-02T17:16:08.154901,$GAGSV,05,,28
2026-06-02T17:16:08.154901,$GAGSV,06,,37
2026-06-02T17:16:08.154901,$GAGSV,09,,34
2026-06-02T17:16:08.155575,$GAGSV,10,,38
2026-06-02T17:16:08.155575,$GAGSV,11,,34
2026-06-02T17:16:08.155575,$GAGSV,12,,34
2026-06-02T17:16:08.155575,$GAGSV,36,,18
2026-06-02T17:16:08.156363,$GAGSV,04,,39
2026-06-02T17:16:08.156363,$GAGSV,05,,30
2026-06-02T17:16:08.156363,$GAGSV,06,,38
2026-06-02T17:16:08.156363,$GAGSV,09,,39
2026-06-02T17:16:08.157030,$GAGSV,10,,39
2026-06-02T17:16:08.157030,$GAGSV,11,,37
2026-06-02T17:16:08.157030,$GAGSV,12,,36
2026-06-02T17:16:08.157030,$GAGSV,36,,24
2026-06-02T17:16:08.158410,$GBGSV,06,,39
2026-06-02T17:16:08.158410,$GBGSV,07,,41
2026-06-02T17:16:08.158410,$GBGSV,08,,31
2026-06-02T17:16:08.158410,$GBGSV,09,,36
2026-06-02T17:16:08.159039,$GBGSV,10,,39
2026-06-02T17:16:08.159039,$GBGSV,13,,34
2026-06-02T17:16:08.159039,$GBGSV,14,,38
2026-06-02T17:16:08.159039,$GBGSV,34,,40
2026-06-02T17:16:08.159475,$GBGSV,09,,32
2026-06-02T17:16:08.159475,$GBGSV,10,,36
2026-06-02T17:16:09.126736,$GPGSV,10,,26
2026-06-02T17:16:09.126736,$GPGSV,18,,42
2026-06-02T17:16:09.126736,$GPGSV,23,,38
2026-06-02T17:16:09.126736,$GPGSV,24,,37
2026-06-02T17:16:09.127657,$GPGSV,32,,36
2026-06-02T17:16:09.127657,$GPGSV,41,,37
2026-06-02T17:16:09.127657,$GPGSV,42,,42
2026-06-02T17:16:09.127657,$GPGSV,50,,37
2026-06-02T17:16:09.128412,$GPGSV,10,,23
2026-06-02T17:16:09.128412,$GPGSV,18,,41
2026-06-02T17:16:09.128412,$GPGSV,23,,36
2026-06-02T17:16:09.128412,$GPGSV,24,,31
2026-06-02T17:16:09.128848,$GPGSV,32,,30
2026-06-02T17:16:09.131496,$GLGSV,65,,35
2026-06-02T17:16:09.131496,$GLGSV,66,,31
2026-06-02T17:16:09.131496,$GLGSV,75,,34
2026-06-02T17:16:09.131496,$GLGSV,76,,23
2026-06-02T17:16:09.132115,$GLGSV,81,,26
2026-06-02T17:16:09.132115,$GLGSV,87,,19
2026-06-02T17:16:09.132115,$GLGSV,88,,37
2026-06-02T17:16:09.132964,$GLGSV,66,,31
2026-06-02T17:16:09.132964,$GLGSV,67,,17
2026-06-02T17:16:09.132964,$GLGSV,75,,41
2026-06-02T17:16:09.132964,$GLGSV,76,,25
2026-06-02T17:16:09.133470,$GLGSV,81,,36
2026-06-02T17:16:09.133470,$GLGSV,88,,39
2026-06-02T17:16:09.135142,$GAGSV,04,,35
2026-06-02T17:16:09.135142,$GAGSV,05,,27
2026-06-02T17:16:09.135142,$GAGSV,06,,37
2026-06-02T17:16:09.135142,$GAGSV,09,,36
2026-06-02T17:16:09.136284,$GAGSV,10,,38
2026-06-02T17:16:09.136284,$GAGSV,11,,34
2026-06-02T17:16:09.136284,$GAGSV,12,,34
2026-06-02T17:16:09.136284,$GAGSV,36,,19
2026-06-02T17:16:09.137435,$GAGSV,04,,38
2026-06-02T17:16:09.137435,$GAGSV,05,,29
2026-06-02T17:16:09.137435,$GAGSV,06,,39
2026-06-02T17:16:09.137435,$GAGSV,09,,37
2026-06-02T17:16:09.138579,$GAGSV,10,,39
2026-06-02T17:16:09.138579,$GAGSV,11,,37
2026-06-02T17:16:09.138579,$GAGSV,12,,36
2026-06-02T17:16:09.138579,$GAGSV,36,,25
2026-06-02T17:16:09.140711,$GBGSV,06,,37
2026-06-02T17:16:09.140711,$GBGSV,07,,42
2026-06-02T17:16:09.140711,$GBGSV,08,,31
2026-06-02T17:16:09.140711,$GBGSV,09,,36
2026-06-02T17:16:09.141842,$GBGSV,10,,39
2026-06-02T17:16:09.141842,$GBGSV,13,,30
2026-06-02T17:16:09.141842,$GBGSV,14,,38
2026-06-02T17:16:09.141842,$GBGSV,34,,42
2026-06-02T17:16:09.142625,$GBGSV,09,,32
2026-06-02T17:16:09.142625,$GBGSV,10,,36
2026-06-02T17:16:10.127099,$GPGSV,10,,27
2026-06-02T17:16:10.127099,$GPGSV,18,,42
2026-06-02T17:16:10.127099,$GPGSV,23,,39
2026-06-02T17:16:10.127099,$GPGSV,24,,38
2026-06-02T17:16:10.127774,$GPGSV,32,,36
2026-06-02T17:16:10.127774,$GPGSV,41,,40
2026-06-02T17:16:10.127774,$GPGSV,42,,41
2026-06-02T17:16:10.127774,$GPGSV,50,,37
2026-06-02T17:16:10.128438,$GPGSV,10,,23
2026-06-02T17:16:10.128438,$GPGSV,18,,41
2026-06-02T17:16:10.128438,$GPGSV,23,,36
2026-06-02T17:16:10.128438,$GPGSV,24,,33
2026-06-02T17:16:10.128817,$GPGSV,32,,30
2026-06-02T17:16:10.130926,$GLGSV,65,,35
2026-06-02T17:16:10.130926,$GLGSV,66,,34
2026-06-02T17:16:10.130926,$GLGSV,75,,34
2026-06-02T17:16:10.130926,$GLGSV,76,,25
2026-06-02T17:16:10.131385,$GLGSV,87,,19
2026-06-02T17:16:10.131385,$GLGSV,88,,39
2026-06-02T17:16:10.131984,$GLGSV,66,,24
2026-06-02T17:16:10.131984,$GLGSV,67,,16
2026-06-02T17:16:10.131984,$GLGSV,75,,36
2026-06-02T17:16:10.131984,$GLGSV,76,,26
2026-06-02T17:16:10.132413,$GLGSV,81,,29
2026-06-02T17:16:10.132413,$GLGSV,88,,37
2026-06-02T17:16:10.133326,$GAGSV,04,,35
2026-06-02T17:16:10.133326,$GAGSV,05,,27
2026-06-02T17:16:10.133326,$GAGSV,06,,37
2026-06-02T17:16:10.133326,$GAGSV,09,,36
2026-06-02T17:16:10.133948,$GAGSV,10,,38
2026-06-02T17:16:10.133948,$GAGSV,11,,34
2026-06-02T17:16:10.133948,$GAGSV,12,,33
2026-06-02T17:16:10.133948,$GAGSV,36,,20
2026-06-02T17:16:10.134639,$GAGSV,04,,38
2026-06-02T17:16:10.134639,$GAGSV,05,,33
2026-06-02T17:16:10.134639,$GAGSV,06,,39
2026-06-02T17:16:10.134639,$GAGSV,09,,37
2026-06-02T17:16:10.135236,$GAGSV,10,,39
2026-06-02T17:16:10.135236,$GAGSV,11,,37
2026-06-02T17:16:10.135236,$GAGSV,12,,36
2026-06-02T17:16:10.135236,$GAGSV,36,,27
2026-06-02T17:16:10.136343,$GBGSV,06,,38
2026-06-02T17:16:10.136343,$GBGSV,07,,42
2026-06-02T17:16:10.136343,$GBGSV,08,,32
2026-06-02T17:16:10.136343,$GBGSV,09,,37
2026-06-02T17:16:10.136936,$GBGSV,10,,40
2026-06-02T17:16:10.136936,$GBGSV,13,,24
2026-06-02T17:16:10.136936,$GBGSV,14,,36
2026-06-02T17:16:10.136936,$GBGSV,34,,42
2026-06-02T17:16:10.137354,$GBGSV,09,,32
2026-06-02T17:16:10.137354,$GBGSV,10,,36
2026-06-02T17:16:11.121337,$GPGSV,10,,25
2026-06-02T17:16:11.121337,$GPGSV,18,,42
2026-06-02T17:16:11.121337,$GPGSV,23,,39
2026-06-02T17:16:11.121337,$GPGSV,24,,38
2026-06-02T17:16:11.122089,$GPGSV,32,,33
2026-06-02T17:16:11.122089,$GPGSV,41,,38
2026-06-02T17:16:11.122089,$GPGSV,42,,41
2026-06-02T17:16:11.122089,$GPGSV,50,,37
2026-06-02T17:16:11.122819,$GPGSV,10,,23
2026-06-02T17:16:11.122819,$GPGSV,18,,41
2026-06-02T17:16:11.122819,$GPGSV,23,,36
2026-06-02T17:16:11.122819,$GPGSV,24,,33
2026-06-02T17:16:11.123234,$GPGSV,32,,30
2026-06-02T17:16:11.125609,$GLGSV,65,,34
2026-06-02T17:16:11.125609,$GLGSV,66,,31
2026-06-02T17:16:11.125609,$GLGSV,75,,34
2026-06-02T17:16:11.125609,$GLGSV,76,,26
2026-06-02T17:16:11.126238,$GLGSV,81,,31
2026-06-02T17:16:11.126238,$GLGSV,87,,19
2026-06-02T17:16:11.126238,$GLGSV,88,,39
2026-06-02T17:16:11.126917,$GLGSV,66,,37
2026-06-02T17:16:11.126917,$GLGSV,67,,16
2026-06-02T17:16:11.126917,$GLGSV,75,,36
2026-06-02T17:16:11.126917,$GLGSV,76,,25
2026-06-02T17:16:11.127404,$GLGSV,81,,33
2026-06-02T17:16:11.127404,$GLGSV,88,,39
2026-06-02T17:16:11.128444,$GAGSV,04,,36
2026-06-02T17:16:11.128444,$GAGSV,05,,27
2026-06-02T17:16:11.128444,$GAGSV,06,,37
2026-06-02T17:16:11.128444,$GAGSV,09,,35
2026-06-02T17:16:11.129126,$GAGSV,10,,38
2026-06-02T17:16:11.129126,$GAGSV,11,,34
2026-06-02T17:16:11.129126,$GAGSV,12,,34
2026-06-02T17:16:11.129126,$GAGSV,36,,23
2026-06-02T17:16:11.129822,$GAGSV,04,,37
2026-06-02T17:16:11.129822,$GAGSV,05,,29
2026-06-02T17:16:11.129822,$GAGSV,06,,39
2026-06-02T17:16:11.129822,$GAGSV,09,,39
2026-06-02T17:16:11.130507,$GAGSV,10,,39
2026-06-02T17:16:11.130507,$GAGSV,11,,37
2026-06-02T17:16:11.130507,$GAGSV,12,,36
2026-06-02T17:16:11.130507,$GAGSV,36,,27
2026-06-02T17:16:11.131789,$GBGSV,06,,37
2026-06-02T17:16:11.131789,$GBGSV,07,,42
2026-06-02T17:16:11.131789,$GBGSV,08,,34
2026-06-02T17:16:11.131789,$GBGSV,09,,37
2026-06-02T17:16:11.132472,$GBGSV,10,,41
2026-06-02T17:16:11.132472,$GBGSV,13,,37
2026-06-02T17:16:11.132472,$GBGSV,14,,36
2026-06-02T17:16:11.132472,$GBGSV,34,,40
2026-06-02T17:16:11.132960,$GBGSV,09,,32
2026-06-02T17:16:11.132960,$GBGSV,10,,36
2026-06-02T17:16:12.128383,$GPGSV,10,,25
2026-06-02T17:16:12.128383,$GPGSV,18,,43
2026-06-02T17:16:12.128383,$GPGSV,23,,40
2026-06-02T17:16:12.128383,$GPGSV,24,,39
2026-06-02T17:16:12.129112,$GPGSV,32,,36
2026-06-02T17:16:12.129112,$GPGSV,41,,39
2026-06-02T17:16:12.129112,$GPGSV,42,,41
2026-06-02T17:16:12.129112,$GPGSV,50,,37
2026-06-02T17:16:12.129842,$GPGSV,10,,24
2026-06-02T17:16:12.129842,$GPGSV,18,,41
2026-06-02T17:16:12.129842,$GPGSV,23,,36
2026-06-02T17:16:12.129842,$GPGSV,24,,33
2026-06-02T17:16:12.130267,$GPGSV,32,,28
2026-06-02T17:16:12.132599,$GLGSV,65,,34
2026-06-02T17:16:12.132599,$GLGSV,66,,37
2026-06-02T17:16:12.132599,$GLGSV,75,,31
2026-06-02T17:16:12.132599,$GLGSV,76,,26
2026-06-02T17:16:12.133208,$GLGSV,81,,31
2026-06-02T17:16:12.133208,$GLGSV,87,,20
2026-06-02T17:16:12.133208,$GLGSV,88,,41
2026-06-02T17:16:12.133955,$GLGSV,66,,37
2026-06-02T17:16:12.133955,$GLGSV,67,,17
2026-06-02T17:16:12.133955,$GLGSV,75,,38
2026-06-02T17:16:12.133955,$GLGSV,76,,26
2026-06-02T17:16:12.134508,$GLGSV,81,,33
2026-06-02T17:16:12.134508,$GLGSV,88,,39
2026-06-02T17:16:12.135566,$GAGSV,04,,37
2026-06-02T17:16:12.135566,$GAGSV,05,,20
2026-06-02T17:16:12.135566,$GAGSV,06,,37
2026-06-02T17:16:12.135566,$GAGSV,09,,35
2026-06-02T17:16:12.136262,$GAGSV,10,,39
2026-06-02T17:16:12.136262,$GAGSV,11,,35
2026-06-02T17:16:12.136262,$GAGSV,12,,34
2026-06-02T17:16:12.136262,$GAGSV,36,,25
2026-06-02T17:16:12.136960,$GAGSV,04,,38
2026-06-02T17:16:12.136960,$GAGSV,05,,29
2026-06-02T17:16:12.136960,$GAGSV,06,,39
2026-06-02T17:16:12.136960,$GAGSV,09,,37
2026-06-02T17:16:12.137668,$GAGSV,10,,39
2026-06-02T17:16:12.137668,$GAGSV,11,,37
2026-06-02T17:16:12.137668,$GAGSV,12,,35
2026-06-02T17:16:12.137668,$GAGSV,36,,27
2026-06-02T17:16:12.138965,$GBGSV,06,,39
2026-06-02T17:16:12.138965,$GBGSV,07,,42
2026-06-02T17:16:12.138965,$GBGSV,08,,36
2026-06-02T17:16:12.138965,$GBGSV,09,,38
2026-06-02T17:16:12.139653,$GBGSV,10,,41
2026-06-02T17:16:12.139653,$GBGSV,13,,32
2026-06-02T17:16:12.139653,$GBGSV,14,,36
2026-06-02T17:16:12.139653,$GBGSV,34,,37
2026-06-02T17:16:12.140140,$GBGSV,09,,33
2026-06-02T17:16:12.140140,$GBGSV,10,,37
2026-06-02T17:16:13.124890,$GPGSV,10,,26
2026-06-02T17:16:13.124890,$GPGSV,18,,42
2026-06-02T17:16:13.124890,$GPGSV,23,,39
2026-06-02T17:16:13.124890,$GPGSV,24,,38
2026-06-02T17:16:13.125592,$GPGSV,32,,33
2026-06-02T17:16:13.125592,$GPGSV,41,,40
2026-06-02T17:16:13.125592,$GPGSV,42,,40
2026-06-02T17:16:13.125592,$GPGSV,50,,36
2026-06-02T17:16:13.126321,$GPGSV,10,,24
2026-06-02T17:16:13.126321,$GPGSV,18,,42
2026-06-02T17:16:13.126321,$GPGSV,23,,36
2026-06-02T17:16:13.126321,$GPGSV,24,,33
2026-06-02T17:16:13.126717,$GPGSV,32,,28
2026-06-02T17:16:13.128927,$GLGSV,65,,33
2026-06-02T17:16:13.128927,$GLGSV,66,,31
2026-06-02T17:16:13.128927,$GLGSV,75,,34
2026-06-02T17:16:13.128927,$GLGSV,76,,25
2026-06-02T17:16:13.129397,$GLGSV,87,,21
2026-06-02T17:16:13.129397,$GLGSV,88,,39
2026-06-02T17:16:13.130111,$GLGSV,66,,35
2026-06-02T17:16:13.130111,$GLGSV,67,,18
2026-06-02T17:16:13.130111,$GLGSV,75,,41
2026-06-02T17:16:13.130111,$GLGSV,76,,25
2026-06-02T17:16:13.130586,$GLGSV,81,,37
2026-06-02T17:16:13.130586,$GLGSV,88,,40
2026-06-02T17:16:13.131576,$GAGSV,04,,37
2026-06-02T17:16:13.131576,$GAGSV,05,,29
2026-06-02T17:16:13.131576,$GAGSV,06,,38
2026-06-02T17:16:13.131576,$GAGSV,09,,35
2026-06-02T17:16:13.132205,$GAGSV,10,,39
2026-06-02T17:16:13.132205,$GAGSV,11,,35
2026-06-02T17:16:13.132205,$GAGSV,12,,34
2026-06-02T17:16:13.132205,$GAGSV,36,,26
2026-06-02T17:16:13.132831,$GAGSV,04,,38
2026-06-02T17:16:13.132831,$GAGSV,05,,26
2026-06-02T17:16:13.132831,$GAGSV,06,,39
2026-06-02T17:16:13.132831,$GAGSV,09,,34
2026-06-02T17:16:13.133454,$GAGSV,10,,39
2026-06-02T17:16:13.133454,$GAGSV,11,,37
2026-06-02T17:16:13.133454,$GAGSV,12,,34
2026-06-02T17:16:13.133454,$GAGSV,36,,27
2026-06-02T17:16:13.134619,$GBGSV,06,,39
2026-06-02T17:16:13.134619,$GBGSV,07,,41
2026-06-02T17:16:13.134619,$GBGSV,08,,36
2026-06-02T17:16:13.134619,$GBGSV,09,,38
2026-06-02T17:16:13.135230,$GBGSV,10,,41
2026-06-02T17:16:13.135230,$GBGSV,13,,33
2026-06-02T17:16:13.135230,$GBGSV,14,,37
2026-06-02T17:16:13.135230,$GBGSV,34,,39
2026-06-02T17:16:13.135663,$GBGSV,09,,33
2026-06-02T17:16:13.135663,$GBGSV,10,,36
2026-06-02T17:16:14.124813,$GPGSV,10,,26
2026-06-02T17:16:14.124813,$GPGSV,18,,42
2026-06-02T17:16:14.124813,$GPGSV,23,,39
2026-06-02T17:16:14.124813,$GPGSV,24,,38
2026-06-02T17:16:14.125489,$GPGSV,32,,33
2026-06-02T17:16:14.125489,$GPGSV,41,,38
2026-06-02T17:16:14.125489,$GPGSV,42,,42
2026-06-02T17:16:14.125489,$GPGSV,50,,37
2026-06-02T17:16:14.126168,$GPGSV,10,,23
2026-06-02T17:16:14.126168,$GPGSV,18,,40
2026-06-02T17:16:14.126168,$GPGSV,23,,35
2026-06-02T17:16:14.126168,$GPGSV,24,,33
2026-06-02T17:16:14.126541,$GPGSV,32,,27
2026-06-02T17:16:14.128609,$GLGSV,65,,33
2026-06-02T17:16:14.128609,$GLGSV,66,,35
2026-06-02T17:16:14.128609,$GLGSV,75,,37
2026-06-02T17:16:14.128609,$GLGSV,76,,24
2026-06-02T17:16:14.129051,$GLGSV,87,,23
2026-06-02T17:16:14.129051,$GLGSV,88,,41
2026-06-02T17:16:14.129674,$GLGSV,66,,28
2026-06-02T17:16:14.129674,$GLGSV,67,,18
2026-06-02T17:16:14.129674,$GLGSV,75,,37
2026-06-02T17:16:14.129674,$GLGSV,76,,26
2026-06-02T17:16:14.130125,$GLGSV,81,,37
2026-06-02T17:16:14.130125,$GLGSV,88,,42
2026-06-02T17:16:14.131037,$GAGSV,04,,34
2026-06-02T17:16:14.131037,$GAGSV,05,,30
2026-06-02T17:16:14.131037,$GAGSV,06,,38
2026-06-02T17:16:14.131037,$GAGSV,09,,29
2026-06-02T17:16:14.131647,$GAGSV,10,,39
2026-06-02T17:16:14.131647,$GAGSV,11,,34
2026-06-02T17:16:14.131647,$GAGSV,12,,34
2026-06-02T17:16:14.131647,$GAGSV,36,,25
2026-06-02T17:16:14.132251,$GAGSV,04,,38
2026-06-02T17:16:14.132251,$GAGSV,05,,25
2026-06-02T17:16:14.132251,$GAGSV,06,,39
2026-06-02T17:16:14.132251,$GAGSV,09,,35
2026-06-02T17:16:14.132865,$GAGSV,10,,41
2026-06-02T17:16:14.132865,$GAGSV,11,,38
2026-06-02T17:16:14.132865,$GAGSV,12,,36
2026-06-02T17:16:14.132865,$GAGSV,36,,26
2026-06-02T17:16:14.133964,$GBGSV,06,,36
2026-06-02T17:16:14.133964,$GBGSV,07,,41
2026-06-02T17:16:14.133964,$GBGSV,08,,35
2026-06-02T17:16:14.133964,$GBGSV,09,,38
2026-06-02T17:16:14.134549,$GBGSV,10,,41
2026-06-02T17:16:14.134549,$GBGSV,13,,33
2026-06-02T17:16:14.134549,$GBGSV,14,,37
2026-06-02T17:16:14.134549,$GBGSV,34,,39
2026-06-02T17:16:14.134961,$GBGSV,09,,33
2026-06-02T17:16:14.134961,$GBGSV,10,,36
2026-06-02T17:16:15.126471,$GPGSV,10,,25
2026-06-02T17:16:15.126471,$GPGSV,18,,42
2026-06-02T17:16:15.126471,$GPGSV,23,,39
2026-06-02T17:16:15.126471,$GPGSV,24,,38
2026-06-02T17:16:15.127089,$GPGSV,32,,32
2026-06-02T17:16:15.127089,$GPGSV,41,,41
2026-06-02T17:16:15.127089,$GPGSV,42,,43
2026-06-02T17:16:15.127089,$GPGSV,50,,38
2026-06-02T17:16:15.127693,$GPGSV,10,,21
2026-06-02T17:16:15.127693,$GPGSV,18,,41
2026-06-02T17:16:15.127693,$GPGSV,23,,36
2026-06-02T17:16:15.127693,$GPGSV,24,,32
2026-06-02T17:16:15.128037,$GPGSV,32,,27
2026-06-02T17:16:15.129998,$GLGSV,65,,33
2026-06-02T17:16:15.129998,$GLGSV,66,,32
2026-06-02T17:16:15.129998,$GLGSV,75,,37
2026-06-02T17:16:15.129998,$GLGSV,76,,24
2026-06-02T17:16:15.130419,$GLGSV,87,,24
2026-06-02T17:16:15.130419,$GLGSV,88,,42
2026-06-02T17:16:15.131003,$GLGSV,66,,33
2026-06-02T17:16:15.131003,$GLGSV,67,,18
2026-06-02T17:16:15.131003,$GLGSV,75,,38
2026-06-02T17:16:15.131003,$GLGSV,76,,30
2026-06-02T17:16:15.131421,$GLGSV,81,,34
2026-06-02T17:16:15.131421,$GLGSV,88,,41
2026-06-02T17:16:15.132301,$GAGSV,04,,35
2026-06-02T17:16:15.132301,$GAGSV,05,,29
2026-06-02T17:16:15.132301,$GAGSV,06,,37
2026-06-02T17:16:15.132301,$GAGSV,09,,33
2026-06-02T17:16:15.132882,$GAGSV,10,,39
2026-06-02T17:16:15.132882,$GAGSV,11,,34
2026-06-02T17:16:15.132882,$GAGSV,12,,34
2026-06-02T17:16:15.132882,$GAGSV,36,,23
2026-06-02T17:16:15.133467,$GAGSV,04,,37
2026-06-02T17:16:15.133467,$GAGSV,05,,31
2026-06-02T17:16:15.133467,$GAGSV,06,,39
2026-06-02T17:16:15.133467,$GAGSV,09,,38
2026-06-02T17:16:15.134063,$GAGSV,10,,40
2026-06-02T17:16:15.134063,$GAGSV,11,,37
2026-06-02T17:16:15.134063,$GAGSV,12,,35
2026-06-02T17:16:15.134063,$GAGSV,36,,32
2026-06-02T17:16:15.135162,$GBGSV,06,,40
2026-06-02T17:16:15.135162,$GBGSV,07,,41
2026-06-02T17:16:15.135162,$GBGSV,08,,35
2026-06-02T17:16:15.135162,$GBGSV,09,,38
2026-06-02T17:16:15.135741,$GBGSV,10,,41
2026-06-02T17:16:15.135741,$GBGSV,13,,35
2026-06-02T17:16:15.135741,$GBGSV,14,,37
2026-06-02T17:16:15.135741,$GBGSV,34,,37
2026-06-02T17:16:15.136160,$GBGSV,09,,32
2026-06-02T17:16:15.136160,$GBGSV,10,,37
2026-06-02T17:16:16.126966,$GPGSV,10,,25
2026-06-02T17:16:16.126966,$GPGSV,18,,42
2026-06-02T17:16:16.126966,$GPGSV,23,,37
2026-06-02T17:16:16.126966,$GPGSV,24,,37
2026-06-02T17:16:16.127715,$GPGSV,32,,28
2026-06-02T17:16:16.127715,$GPGSV,41,,43
2026-06-02T17:16:16.127715,$GPGSV,42,,42
2026-06-02T17:16:16.127715,$GPGSV,50,,38
2026-06-02T17:16:16.128430,$GPGSV,10,,21
2026-06-02T17:16:16.128430,$GPGSV,18,,42
2026-06-02T17:16:16.128430,$GPGSV,23,,36
2026-06-02T17:16:16.128430,$GPGSV,24,,32
2026-06-02T17:16:16.128840,$GPGSV,32,,27
2026-06-02T17:16:16.131166,$GLGSV,65,,33
2026-06-02T17:16:16.131166,$GLGSV,66,,27
2026-06-02T17:16:16.131166,$GLGSV,75,,36
2026-06-02T17:16:16.131166,$GLGSV,76,,30
2026-06-02T17:16:16.131653,$GLGSV,87,,25
2026-06-02T17:16:16.131653,$GLGSV,88,,43
2026-06-02T17:16:16.132336,$GLGSV,66,,27
2026-06-02T17:16:16.132336,$GLGSV,67,,17
2026-06-02T17:16:16.132336,$GLGSV,75,,40
2026-06-02T17:16:16.132336,$GLGSV,76,,29
2026-06-02T17:16:16.132822,$GLGSV,81,,33
2026-06-02T17:16:16.132822,$GLGSV,88,,42
2026-06-02T17:16:16.133891,$GAGSV,04,,35
2026-06-02T17:16:16.133891,$GAGSV,05,,30
2026-06-02T17:16:16.133891,$GAGSV,06,,38
2026-06-02T17:16:16.133891,$GAGSV,09,,35
2026-06-02T17:16:16.134580,$GAGSV,10,,39
2026-06-02T17:16:16.134580,$GAGSV,11,,35
2026-06-02T17:16:16.134580,$GAGSV,12,,34
2026-06-02T17:16:16.134580,$GAGSV,36,,22
2026-06-02T17:16:16.135266,$GAGSV,04,,37
2026-06-02T17:16:16.135266,$GAGSV,05,,35
2026-06-02T17:16:16.135266,$GAGSV,06,,40
2026-06-02T17:16:16.135266,$GAGSV,09,,38
2026-06-02T17:16:16.135954,$GAGSV,10,,40
2026-06-02T17:16:16.135954,$GAGSV,11,,37
2026-06-02T17:16:16.135954,$GAGSV,12,,36
2026-06-02T17:16:16.135954,$GAGSV,36,,31
2026-06-02T17:16:16.137258,$GBGSV,06,,39
2026-06-02T17:16:16.137258,$GBGSV,07,,41
2026-06-02T17:16:16.137258,$GBGSV,08,,35
2026-06-02T17:16:16.137258,$GBGSV,09,,38
2026-06-02T17:16:16.138058,$GBGSV,10,,39
2026-06-02T17:16:16.138058,$GBGSV,13,,32
2026-06-02T17:16:16.138058,$GBGSV,14,,37
2026-06-02T17:16:16.138058,$GBGSV,34,,39
2026-06-02T17:16:16.138590,$GBGSV,09,,33
2026-06-02T17:16:16.138590,$GBGSV,10,,37
2026-06-02T17:16:17.134441,$GPGSV,10,,23
2026-06-02T17:16:17.134441,$GPGSV,18,,42
2026-06-02T17:16:17.134441,$GPGSV,23,,39
2026-06-02T17:16:17.134441,$GPGSV,24,,39
2026-06-02T17:16:17.136770,$GPGSV,32,,33
2026-06-02T17:16:17.136770,$GPGSV,41,,43
2026-06-02T17:16:17.136770,$GPGSV,42,,42
2026-06-02T17:16:17.136770,$GPGSV,50,,36
2026-06-02T17:16:17.139144,$GPGSV,10,,22
2026-06-02T17:16:17.139144,$GPGSV,18,,42
2026-06-02T17:16:17.139144,$GPGSV,23,,35
2026-06-02T17:16:17.139144,$GPGSV,24,,32
2026-06-02T17:16:17.140470,$GPGSV,32,,26
2026-06-02T17:16:17.148025,$GLGSV,65,,32
2026-06-02T17:16:17.148025,$GLGSV,66,,32
2026-06-02T17:16:17.148025,$GLGSV,75,,23
2026-06-02T17:16:17.148025,$GLGSV,76,,29
2026-06-02T17:16:17.150078,$GLGSV,81,,28
2026-06-02T17:16:17.150078,$GLGSV,87,,24
2026-06-02T17:16:17.150078,$GLGSV,88,,43
2026-06-02T17:16:17.151745,$GLGSV,66,,28
2026-06-02T17:16:17.151745,$GLGSV,67,,16
2026-06-02T17:16:17.151745,$GLGSV,75,,39
2026-06-02T17:16:17.151745,$GLGSV,76,,28
2026-06-02T17:16:17.152782,$GLGSV,81,,30
2026-06-02T17:16:17.152782,$GLGSV,88,,41
2026-06-02T17:16:17.154917,$GAGSV,04,,34
2026-06-02T17:16:17.154917,$GAGSV,05,,28
2026-06-02T17:16:17.154917,$GAGSV,06,,37
2026-06-02T17:16:17.154917,$GAGSV,09,,34
2026-06-02T17:16:17.155539,$GAGSV,10,,38
2026-06-02T17:16:17.155539,$GAGSV,11,,35
2026-06-02T17:16:17.155539,$GAGSV,12,,34
2026-06-02T17:16:17.155539,$GAGSV,36,,26
2026-06-02T17:16:17.156177,$GAGSV,04,,34
2026-06-02T17:16:17.156177,$GAGSV,05,,31
2026-06-02T17:16:17.156177,$GAGSV,06,,40
2026-06-02T17:16:17.156177,$GAGSV,09,,39
2026-06-02T17:16:17.156771,$GAGSV,10,,38
2026-06-02T17:16:17.156771,$GAGSV,11,,37
2026-06-02T17:16:17.156771,$GAGSV,12,,36
2026-06-02T17:16:17.156771,$GAGSV,36,,29
2026-06-02T17:16:17.157913,$GBGSV,06,,41
2026-06-02T17:16:17.157913,$GBGSV,07,,41
2026-06-02T17:16:17.157913,$GBGSV,08,,33
2026-06-02T17:16:17.157913,$GBGSV,09,,38
2026-06-02T17:16:17.158521,$GBGSV,10,,41
2026-06-02T17:16:17.158521,$GBGSV,13,,36
2026-06-02T17:16:17.158521,$GBGSV,14,,37
2026-06-02T17:16:17.158521,$GBGSV,34,,37
2026-06-02T17:16:17.158952,$GBGSV,09,,33
2026-06-02T17:16:17.158952,$GBGSV,10,,36
2026-06-02T17:16:18.133887,$GPGSV,10,,29
2026-06-02T17:16:18.133887,$GPGSV,18,,42
2026-06-02T17:16:18.133887,$GPGSV,23,,39
2026-06-02T17:16:18.133887,$GPGSV,24,,37
2026-06-02T17:16:18.136196,$GPGSV,32,,33
2026-06-02T17:16:18.136196,$GPGSV,41,,41
2026-06-02T17:16:18.136196,$GPGSV,42,,41
2026-06-02T17:16:18.136196,$GPGSV,50,,36
2026-06-02T17:16:18.138495,$GPGSV,10,,21
2026-06-02T17:16:18.138495,$GPGSV,18,,41
2026-06-02T17:16:18.138495,$GPGSV,23,,36
2026-06-02T17:16:18.138495,$GPGSV,24,,35
2026-06-02T17:16:18.139814,$GPGSV,32,,29
2026-06-02T17:16:18.146951,$GLGSV,65,,32
2026-06-02T17:16:18.146951,$GLGSV,66,,34
2026-06-02T17:16:18.146951,$GLGSV,75,,30
2026-06-02T17:16:18.146951,$GLGSV,76,,28
2026-06-02T17:16:18.148225,$GLGSV,81,,28
2026-06-02T17:16:18.148225,$GLGSV,87,,21
2026-06-02T17:16:18.148225,$GLGSV,88,,40
2026-06-02T17:16:18.149738,$GLGSV,66,,28
2026-06-02T17:16:18.149738,$GLGSV,67,,16
2026-06-02T17:16:18.149738,$GLGSV,75,,36
2026-06-02T17:16:18.149738,$GLGSV,76,,27
2026-06-02T17:16:18.150783,$GLGSV,81,,24
2026-06-02T17:16:18.150783,$GLGSV,88,,42
2026-06-02T17:16:18.152452,$GAGSV,04,,34
2026-06-02T17:16:18.152452,$GAGSV,05,,29
2026-06-02T17:16:18.152452,$GAGSV,06,,38
2026-06-02T17:16:18.152452,$GAGSV,09,,37
2026-06-02T17:16:18.153559,$GAGSV,10,,39
2026-06-02T17:16:18.153559,$GAGSV,11,,35
2026-06-02T17:16:18.153559,$GAGSV,12,,34
2026-06-02T17:16:18.153559,$GAGSV,36,,28
2026-06-02T17:16:18.154799,$GAGSV,04,,37
2026-06-02T17:16:18.154799,$GAGSV,05,,32
2026-06-02T17:16:18.154799,$GAGSV,06,,40
2026-06-02T17:16:18.154799,$GAGSV,09,,39
2026-06-02T17:16:18.156003,$GAGSV,10,,40
2026-06-02T17:16:18.156003,$GAGSV,11,,36
2026-06-02T17:16:18.156003,$GAGSV,12,,35
2026-06-02T17:16:18.156003,$GAGSV,36,,27
2026-06-02T17:16:18.157858,$GBGSV,06,,39
2026-06-02T17:16:18.157858,$GBGSV,07,,41
2026-06-02T17:16:18.157858,$GBGSV,08,,34
2026-06-02T17:16:18.157858,$GBGSV,09,,36
2026-06-02T17:16:18.158714,$GBGSV,10,,38
2026-06-02T17:16:18.158714,$GBGSV,13,,34
2026-06-02T17:16:18.158714,$GBGSV,14,,33
2026-06-02T17:16:18.158714,$GBGSV,34,,40
2026-06-02T17:16:18.159327,$GBGSV,09,,33
2026-06-02T17:16:18.159327,$GBGSV,10,,36
2026-06-02T17:16:19.124597,$GPGSV,10,,23
2026-06-02T17:16:19.124597,$GPGSV,18,,43
2026-06-02T17:16:19.124597,$GPGSV,23,,39
2026-06-02T17:16:19.124597,$GPGSV,24,,37
2026-06-02T17:16:19.125505,$GPGSV,32,,34
2026-06-02T17:16:19.125505,$GPGSV,41,,42
2026-06-02T17:16:19.125505,$GPGSV,42,,41
2026-06-02T17:16:19.125505,$GPGSV,50,,36
2026-06-02T17:16:19.126267,$GPGSV,10,,29
2026-06-02T17:16:19.126267,$GPGSV,18,,41
2026-06-02T17:16:19.126267,$GPGSV,23,,36
2026-06-02T17:16:19.126267,$GPGSV,24,,35
2026-06-02T17:16:19.126722,$GPGSV,32,,28
2026-06-02T17:16:19.129349,$GLGSV,65,,31
2026-06-02T17:16:19.129349,$GLGSV,66,,22
2026-06-02T17:16:19.129349,$GLGSV,75,,30
2026-06-02T17:16:19.129349,$GLGSV,76,,34
2026-06-02T17:16:19.130056,$GLGSV,81,,29
2026-06-02T17:16:19.130056,$GLGSV,87,,17
2026-06-02T17:16:19.130056,$GLGSV,88,,41
2026-06-02T17:16:19.130889,$GLGSV,66,,28
2026-06-02T17:16:19.130889,$GLGSV,67,,16
2026-06-02T17:16:19.130889,$GLGSV,75,,36
2026-06-02T17:16:19.130889,$GLGSV,76,,29
2026-06-02T17:16:19.131427,$GLGSV,81,,23
2026-06-02T17:16:19.131427,$GLGSV,88,,41
2026-06-02T17:16:19.132617,$GAGSV,04,,34
2026-06-02T17:16:19.132617,$GAGSV,05,,32
2026-06-02T17:16:19.132617,$GAGSV,06,,37
2026-06-02T17:16:19.132617,$GAGSV,09,,39
2026-06-02T17:16:19.133405,$GAGSV,10,,38
2026-06-02T17:16:19.133405,$GAGSV,11,,35
2026-06-02T17:16:19.133405,$GAGSV,12,,33
2026-06-02T17:16:19.133405,$GAGSV,36,,29
2026-06-02T17:16:19.134234,$GAGSV,04,,38
2026-06-02T17:16:19.134234,$GAGSV,05,,27
2026-06-02T17:16:19.134234,$GAGSV,06,,41
2026-06-02T17:16:19.134234,$GAGSV,09,,40
2026-06-02T17:16:19.134979,$GAGSV,10,,41
2026-06-02T17:16:19.134979,$GAGSV,11,,36
2026-06-02T17:16:19.134979,$GAGSV,12,,35
2026-06-02T17:16:19.134979,$GAGSV,36,,29
2026-06-02T17:16:19.136376,$GBGSV,06,,36
2026-06-02T17:16:19.136376,$GBGSV,07,,41
2026-06-02T17:16:19.136376,$GBGSV,08,,30
2026-06-02T17:16:19.136376,$GBGSV,09,,36
2026-06-02T17:16:19.137095,$GBGSV,10,,40
2026-06-02T17:16:19.137095,$GBGSV,13,,39
2026-06-02T17:16:19.137095,$GBGSV,14,,34
2026-06-02T17:16:19.137095,$GBGSV,34,,41
2026-06-02T17:16:19.137612,$GBGSV,09,,34
2026-06-02T17:16:19.137612,$GBGSV,10,,36
2026-06-02T17:16:20.133858,$GPGSV,10,,31
2026-06-02T17:16:20.133858,$GPGSV,18,,43
2026-06-02T17:16:20.133858,$GPGSV,23,,40
2026-06-02T17:16:20.133858,$GPGSV,24,,35
2026-06-02T17:16:20.136244,$GPGSV,32,,35
2026-06-02T17:16:20.136244,$GPGSV,41,,42
2026-06-02T17:16:20.136244,$GPGSV,42,,41
2026-06-02T17:16:20.136244,$GPGSV,50,,37
2026-06-02T17:16:20.138536,$GPGSV,10,,29
2026-06-02T17:16:20.138536,$GPGSV,18,,41
2026-06-02T17:16:20.138536,$GPGSV,23,,36
2026-06-02T17:16:20.138536,$GPGSV,24,,34
2026-06-02T17:16:20.139850,$GPGSV,32,,27
2026-06-02T17:16:20.147269,$GLGSV,65,,32
2026-06-02T17:16:20.147269,$GLGSV,66,,30
2026-06-02T17:16:20.147269,$GLGSV,75,,23
2026-06-02T17:16:20.147269,$GLGSV,76,,39
2026-06-02T17:16:20.148518,$GLGSV,81,,30
2026-06-02T17:16:20.148518,$GLGSV,87,,17
2026-06-02T17:16:20.148518,$GLGSV,88,,41
2026-06-02T17:16:20.150015,$GLGSV,66,,27
2026-06-02T17:16:20.150015,$GLGSV,67,,16
2026-06-02T17:16:20.150015,$GLGSV,75,,36
2026-06-02T17:16:20.150015,$GLGSV,76,,33
2026-06-02T17:16:20.150959,$GLGSV,81,,25
2026-06-02T17:16:20.150959,$GLGSV,88,,39
2026-06-02T17:16:20.152598,$GAGSV,04,,34
2026-06-02T17:16:20.152598,$GAGSV,05,,31
2026-06-02T17:16:20.152598,$GAGSV,06,,37
2026-06-02T17:16:20.152598,$GAGSV,09,,37
2026-06-02T17:16:20.153745,$GAGSV,10,,39
2026-06-02T17:16:20.153745,$GAGSV,11,,35
2026-06-02T17:16:20.153745,$GAGSV,12,,32
2026-06-02T17:16:20.153745,$GAGSV,36,,27
2026-06-02T17:16:20.155157,$GAGSV,04,,37
2026-06-02T17:16:20.155157,$GAGSV,05,,35
2026-06-02T17:16:20.155157,$GAGSV,06,,39
2026-06-02T17:16:20.155157,$GAGSV,09,,41
2026-06-02T17:16:20.156432,$GAGSV,10,,40
2026-06-02T17:16:20.156432,$GAGSV,11,,37
2026-06-02T17:16:20.156432,$GAGSV,12,,35
2026-06-02T17:16:20.156432,$GAGSV,36,,33
2026-06-02T17:16:20.158043,$GBGSV,06,,38
2026-06-02T17:16:20.158043,$GBGSV,07,,41
2026-06-02T17:16:20.158043,$GBGSV,08,,31
2026-06-02T17:16:20.158043,$GBGSV,09,,39
2026-06-02T17:16:20.158871,$GBGSV,10,,41
2026-06-02T17:16:20.158871,$GBGSV,13,,37
2026-06-02T17:16:20.158871,$GBGSV,14,,37
2026-06-02T17:16:20.158871,$GBGSV,34,,41
2026-06-02T17:16:20.159456,$GBGSV,09,,32
2026-06-02T17:16:20.159456,$GBGSV,10,,36
2026-06-02T17:16:21.122828,$GPGSV,10,,30
2026-06-02T17:16:21.122828,$GPGSV,18,,43
2026-06-02T17:16:21.122828,$GPGSV,23,,39
2026-06-02T17:16:21.122828,$GPGSV,24,,38
2026-06-02T17:16:21.123698,$GPGSV,32,,26
2026-06-02T17:16:21.123698,$GPGSV,41,,42
2026-06-02T17:16:21.123698,$GPGSV,42,,41
2026-06-02T17:16:21.123698,$GPGSV,50,,36
2026-06-02T17:16:21.124978,$GPGSV,10,,28
2026-06-02T17:16:21.124978,$GPGSV,18,,40
2026-06-02T17:16:21.124978,$GPGSV,23,,35
2026-06-02T17:16:21.124978,$GPGSV,24,,30
2026-06-02T17:16:21.125770,$GPGSV,32,,27
2026-06-02T17:16:21.129940,$GLGSV,65,,31
2026-06-02T17:16:21.129940,$GLGSV,66,,30
2026-06-02T17:16:21.129940,$GLGSV,75,,33
2026-06-02T17:16:21.129940,$GLGSV,76,,40
2026-06-02T17:16:21.130687,$GLGSV,81,,30
2026-06-02T17:16:21.130687,$GLGSV,87,,17
2026-06-02T17:16:21.130687,$GLGSV,88,,40
2026-06-02T17:16:21.131958,$GLGSV,66,,27
2026-06-02T17:16:21.131958,$GLGSV,67,,16
2026-06-02T17:16:21.131958,$GLGSV,75,,37
2026-06-02T17:16:21.131958,$GLGSV,76,,32
2026-06-02T17:16:21.132950,$GLGSV,81,,30
2026-06-02T17:16:21.132950,$GLGSV,88,,40
2026-06-02T17:16:21.134539,$GAGSV,04,,35
2026-06-02T17:16:21.134539,$GAGSV,05,,30
2026-06-02T17:16:21.134539,$GAGSV,06,,38
2026-06-02T17:16:21.134539,$GAGSV,09,,38
2026-06-02T17:16:21.135721,$GAGSV,10,,40
2026-06-02T17:16:21.135721,$GAGSV,11,,35
2026-06-02T17:16:21.135721,$GAGSV,12,,34
2026-06-02T17:16:21.135721,$GAGSV,36,,26
2026-06-02T17:16:21.137173,$GAGSV,04,,39
2026-06-02T17:16:21.137173,$GAGSV,05,,25
2026-06-02T17:16:21.137173,$GAGSV,06,,39
2026-06-02T17:16:21.137173,$GAGSV,09,,38
2026-06-02T17:16:21.138221,$GAGSV,10,,38
2026-06-02T17:16:21.138221,$GAGSV,11,,37
2026-06-02T17:16:21.138221,$GAGSV,12,,35
2026-06-02T17:16:21.138221,$GAGSV,36,,28
2026-06-02T17:16:21.139809,$GBGSV,06,,41
2026-06-02T17:16:21.139809,$GBGSV,07,,41
2026-06-02T17:16:21.139809,$GBGSV,08,,32
2026-06-02T17:16:21.139809,$GBGSV,09,,37
2026-06-02T17:16:21.140637,$GBGSV,10,,41
2026-06-02T17:16:21.140637,$GBGSV,13,,37
2026-06-02T17:16:21.140637,$GBGSV,14,,39
2026-06-02T17:16:21.140637,$GBGSV,34,,41
2026-06-02T17:16:21.141226,$GBGSV,09,,33
2026-06-02T17:16:21.141226,$GBGSV,10,,37
2026-06-02T17:16:22.134589,$GPGSV,10,,29
2026-06-02T17:16:22.134589,$GPGSV,18,,42
2026-06-02T17:16:22.134589,$GPGSV,23,,39
2026-06-02T17:16:22.134589,$GPGSV,24,,39
2026-06-02T17:16:22.136924,$GPGSV,32,,35
2026-06-02T17:16:22.136924,$GPGSV,41,,42
2026-06-02T17:16:22.136924,$GPGSV,42,,40
2026-06-02T17:16:22.136924,$GPGSV,50,,36
2026-06-02T17:16:22.139286,$GPGSV,10,,26
2026-06-02T17:16:22.139286,$GPGSV,18,,40
2026-06-02T17:16:22.139286,$GPGSV,23,,34
2026-06-02T17:16:22.139286,$GPGSV,24,,31
2026-06-02T17:16:22.140767,$GPGSV,32,,27
2026-06-02T17:16:22.149044,$GLGSV,65,,30
2026-06-02T17:16:22.149044,$GLGSV,66,,30
2026-06-02T17:16:22.149044,$GLGSV,75,,28
2026-06-02T17:16:22.149044,$GLGSV,76,,40
2026-06-02T17:16:22.150889,$GLGSV,81,,34
2026-06-02T17:16:22.150889,$GLGSV,87,,18
2026-06-02T17:16:22.150889,$GLGSV,88,,41
2026-06-02T17:16:22.152328,$GLGSV,66,,27
2026-06-02T17:16:22.152328,$GLGSV,67,,16
2026-06-02T17:16:22.152328,$GLGSV,75,,32
2026-06-02T17:16:22.152328,$GLGSV,76,,36
2026-06-02T17:16:22.153372,$GLGSV,81,,34
2026-06-02T17:16:22.153372,$GLGSV,88,,41
2026-06-02T17:16:22.155120,$GAGSV,04,,37
2026-06-02T17:16:22.155120,$GAGSV,05,,24
2026-06-02T17:16:22.155120,$GAGSV,06,,37
2026-06-02T17:16:22.155120,$GAGSV,09,,35
2026-06-02T17:16:22.155747,$GAGSV,10,,39
2026-06-02T17:16:22.155747,$GAGSV,11,,35
2026-06-02T17:16:22.155747,$GAGSV,12,,36
2026-06-02T17:16:22.155747,$GAGSV,36,,28
2026-06-02T17:16:22.156716,$GAGSV,04,,37
2026-06-02T17:16:22.156716,$GAGSV,05,,24
2026-06-02T17:16:22.156716,$GAGSV,06,,39
2026-06-02T17:16:22.156716,$GAGSV,09,,38
2026-06-02T17:16:22.157550,$GAGSV,10,,39
2026-06-02T17:16:22.157550,$GAGSV,11,,37
2026-06-02T17:16:22.157550,$GAGSV,12,,35
2026-06-02T17:16:22.157550,$GAGSV,36,,33
2026-06-02T17:16:22.158742,$GBGSV,06,,40
2026-06-02T17:16:22.158742,$GBGSV,07,,42
2026-06-02T17:16:22.158742,$GBGSV,08,,33
2026-06-02T17:16:22.158742,$GBGSV,09,,36
2026-06-02T17:16:22.159391,$GBGSV,10,,41
2026-06-02T17:16:22.159391,$GBGSV,13,,34
2026-06-02T17:16:22.159391,$GBGSV,14,,40
2026-06-02T17:16:22.159391,$GBGSV,34,,40
2026-06-02T17:16:22.159832,$GBGSV,09,,34
2026-06-02T17:16:22.159832,$GBGSV,10,,37
2026-06-02T17:16:23.133235,$GPGSV,10,,33
2026-06-02T17:16:23.133235,$GPGSV,18,,42
2026-06-02T17:16:23.133235,$GPGSV,23,,40
2026-06-02T17:16:23.133235,$GPGSV,24,,37
2026-06-02T17:16:23.136524,$GPGSV,32,,36
2026-06-02T17:16:23.136524,$GPGSV,41,,42
2026-06-02T17:16:23.136524,$GPGSV,42,,39
2026-06-02T17:16:23.136524,$GPGSV,50,,37
2026-06-02T17:16:23.140400,$GPGSV,10,,24
2026-06-02T17:16:23.140400,$GPGSV,18,,40
2026-06-02T17:16:23.140400,$GPGSV,23,,34
2026-06-02T17:16:23.140400,$GPGSV,24,,31
2026-06-02T17:16:23.142292,$GPGSV,32,,32
2026-06-02T17:16:23.149731,$GLGSV,65,,23
2026-06-02T17:16:23.149731,$GLGSV,66,,33
2026-06-02T17:16:23.149731,$GLGSV,75,,29
2026-06-02T17:16:23.149731,$GLGSV,76,,39
2026-06-02T17:16:23.151152,$GLGSV,81,,34
2026-06-02T17:16:23.151152,$GLGSV,87,,18
2026-06-02T17:16:23.151152,$GLGSV,88,,43
2026-06-02T17:16:23.152541,$GLGSV,66,,32
2026-06-02T17:16:23.152541,$GLGSV,67,,16
2026-06-02T17:16:23.152541,$GLGSV,75,,27
2026-06-02T17:16:23.152541,$GLGSV,76,,40
2026-06-02T17:16:23.153868,$GLGSV,81,,30
2026-06-02T17:16:23.153868,$GLGSV,88,,41
2026-06-02T17:16:23.156910,$GAGSV,04,,37
2026-06-02T17:16:23.156910,$GAGSV,05,,23
2026-06-02T17:16:23.156910,$GAGSV,06,,38
2026-06-02T17:16:23.156910,$GAGSV,09,,36
2026-06-02T17:16:23.158264,$GAGSV,10,,39
2026-06-02T17:16:23.158264,$GAGSV,11,,35
2026-06-02T17:16:23.158264,$GAGSV,12,,34
2026-06-02T17:16:23.158264,$GAGSV,36,,27
2026-06-02T17:16:23.159308,$GAGSV,04,,39
2026-06-02T17:16:23.159308,$GAGSV,05,,25
2026-06-02T17:16:23.159308,$GAGSV,06,,39
2026-06-02T17:16:23.159308,$GAGSV,09,,37
2026-06-02T17:16:23.160338,$GAGSV,10,,40
2026-06-02T17:16:23.160338,$GAGSV,11,,37
2026-06-02T17:16:23.160338,$GAGSV,12,,36
2026-06-02T17:16:23.160338,$GAGSV,36,,26
2026-06-02T17:16:23.161933,$GBGSV,06,,40
2026-06-02T17:16:23.161933,$GBGSV,07,,41
2026-06-02T17:16:23.161933,$GBGSV,08,,32
2026-06-02T17:16:23.161933,$GBGSV,09,,36
2026-06-02T17:16:23.162777,$GBGSV,10,,40
2026-06-02T17:16:23.162777,$GBGSV,13,,31
2026-06-02T17:16:23.162777,$GBGSV,14,,33
2026-06-02T17:16:23.162777,$GBGSV,34,,41
2026-06-02T17:16:23.163374,$GBGSV,09,,34
2026-06-02T17:16:23.163374,$GBGSV,10,,37
2026-06-02T17:16:24.126637,$GPGSV,10,,30
2026-06-02T17:16:24.126637,$GPGSV,18,,42
2026-06-02T17:16:24.126637,$GPGSV,23,,39
2026-06-02T17:16:24.126637,$GPGSV,24,,37
2026-06-02T17:16:24.127368,$GPGSV,32,,37
2026-06-02T17:16:24.127368,$GPGSV,41,,43
2026-06-02T17:16:24.127368,$GPGSV,42,,41
2026-06-02T17:16:24.127368,$GPGSV,50,,37
2026-06-02T17:16:24.128083,$GPGSV,10,,24
2026-06-02T17:16:24.128083,$GPGSV,18,,41
2026-06-02T17:16:24.128083,$GPGSV,23,,34
2026-06-02T17:16:24.128083,$GPGSV,24,,31
2026-06-02T17:16:24.128490,$GPGSV,32,,32
2026-06-02T17:16:24.130864,$GLGSV,65,,23
2026-06-02T17:16:24.130864,$GLGSV,66,,30
2026-06-02T17:16:24.130864,$GLGSV,75,,34
2026-06-02T17:16:24.130864,$GLGSV,76,,39
2026-06-02T17:16:24.131485,$GLGSV,81,,34
2026-06-02T17:16:24.131485,$GLGSV,87,,19
2026-06-02T17:16:24.131485,$GLGSV,88,,40
2026-06-02T17:16:24.132200,$GLGSV,66,,27
2026-06-02T17:16:24.132200,$GLGSV,67,,17
2026-06-02T17:16:24.132200,$GLGSV,75,,32
2026-06-02T17:16:24.132200,$GLGSV,76,,39
2026-06-02T17:16:24.132712,$GLGSV,81,,31
2026-06-02T17:16:24.132712,$GLGSV,88,,42
2026-06-02T17:16:24.133808,$GAGSV,04,,36
2026-06-02T17:16:24.133808,$GAGSV,05,,23
2026-06-02T17:16:24.133808,$GAGSV,06,,37
2026-06-02T17:16:24.133808,$GAGSV,09,,35
2026-06-02T17:16:24.134524,$GAGSV,10,,40
2026-06-02T17:16:24.134524,$GAGSV,11,,35
2026-06-02T17:16:24.134524,$GAGSV,12,,34
2026-06-02T17:16:24.134524,$GAGSV,36,,12
2026-06-02T17:16:24.135204,$GAGSV,04,,38
2026-06-02T17:16:24.135204,$GAGSV,05,,26
2026-06-02T17:16:24.135204,$GAGSV,06,,41
2026-06-02T17:16:24.135204,$GAGSV,09,,39
2026-06-02T17:16:24.135890,$GAGSV,10,,39
2026-06-02T17:16:24.135890,$GAGSV,11,,37
2026-06-02T17:16:24.135890,$GAGSV,12,,36
2026-06-02T17:16:24.135890,$GAGSV,36,,26
2026-06-02T17:16:24.137164,$GBGSV,06,,40
2026-06-02T17:16:24.137164,$GBGSV,07,,41
2026-06-02T17:16:24.137164,$GBGSV,08,,32
2026-06-02T17:16:24.137164,$GBGSV,09,,37
2026-06-02T17:16:24.137871,$GBGSV,10,,41
2026-06-02T17:16:24.137871,$GBGSV,13,,32
2026-06-02T17:16:24.137871,$GBGSV,14,,38
2026-06-02T17:16:24.137871,$GBGSV,34,,40
2026-06-02T17:16:24.138361,$GBGSV,09,,34
2026-06-02T17:16:24.138361,$GBGSV,10,,37
2026-06-02T17:16:25.127433,$GPGSV,10,,31
2026-06-02T17:16:25.127433,$GPGSV,18,,42
2026-06-02T17:16:25.127433,$GPGSV,23,,40
2026-06-02T17:16:25.127433,$GPGSV,24,,36
2026-06-02T17:16:25.128155,$GPGSV,32,,35
2026-06-02T17:16:25.128155,$GPGSV,41,,44
2026-06-02T17:16:25.128155,$GPGSV,42,,41
2026-06-02T17:16:25.128155,$GPGSV,50,,37
2026-06-02T17:16:25.128863,$GPGSV,10,,29
2026-06-02T17:16:25.128863,$GPGSV,18,,41
2026-06-02T17:16:25.128863,$GPGSV,23,,34
2026-06-02T17:16:25.128863,$GPGSV,24,,30
2026-06-02T17:16:25.129276,$GPGSV,32,,31
2026-06-02T17:16:25.131679,$GLGSV,65,,24
2026-06-02T17:16:25.131679,$GLGSV,66,,30
2026-06-02T17:16:25.131679,$GLGSV,75,,33
2026-06-02T17:16:25.131679,$GLGSV,76,,38
2026-06-02T17:16:25.132283,$GLGSV,81,,34
2026-06-02T17:16:25.132283,$GLGSV,87,,20
2026-06-02T17:16:25.132283,$GLGSV,88,,40
2026-06-02T17:16:25.132986,$GLGSV,66,,31
2026-06-02T17:16:25.132986,$GLGSV,67,,17
2026-06-02T17:16:25.132986,$GLGSV,75,,32
2026-06-02T17:16:25.132986,$GLGSV,76,,36
2026-06-02T17:16:25.133506,$GLGSV,81,,29
2026-06-02T17:16:25.133506,$GLGSV,88,,40
2026-06-02T17:16:25.134606,$GAGSV,04,,36
2026-06-02T17:16:25.134606,$GAGSV,05,,22
2026-06-02T17:16:25.134606,$GAGSV,06,,38
2026-06-02T17:16:25.134606,$GAGSV,09,,38
2026-06-02T17:16:25.135320,$GAGSV,10,,39
2026-06-02T17:16:25.135320,$GAGSV,11,,34
2026-06-02T17:16:25.135320,$GAGSV,12,,34
2026-06-02T17:16:25.135320,$GAGSV,36,,15
2026-06-02T17:16:25.135993,$GAGSV,04,,38
2026-06-02T17:16:25.135993,$GAGSV,05,,25
2026-06-02T17:16:25.135993,$GAGSV,06,,38
2026-06-02T17:16:25.135993,$GAGSV,09,,37
2026-06-02T17:16:25.136671,$GAGSV,10,,39
2026-06-02T17:16:25.136671,$GAGSV,11,,37
2026-06-02T17:16:25.136671,$GAGSV,12,,35
2026-06-02T17:16:25.136671,$GAGSV,36,,27
2026-06-02T17:16:25.138035,$GBGSV,06,,40
2026-06-02T17:16:25.138035,$GBGSV,07,,39
2026-06-02T17:16:25.138035,$GBGSV,08,,32
2026-06-02T17:16:25.138035,$GBGSV,09,,37
2026-06-02T17:16:25.138687,$GBGSV,10,,40
2026-06-02T17:16:25.138687,$GBGSV,13,,32
2026-06-02T17:16:25.138687,$GBGSV,14,,35
2026-06-02T17:16:25.138687,$GBGSV,34,,40
2026-06-02T17:16:25.139154,$GBGSV,09,,34
2026-06-02T17:16:25.139154,$GBGSV,10,,37
2026-06-02T17:16:26.131232,$GPGSV,10,,36
2026-06-02T17:16:26.131232,$GPGSV,18,,42
2026-06-02T17:16:26.131232,$GPGSV,23,,38
2026-06-02T17:16:26.131232,$GPGSV,24,,36
2026-06-02T17:16:26.131958,$GPGSV,32,,35
2026-06-02T17:16:26.131958,$GPGSV,41,,43
2026-06-02T17:16:26.131958,$GPGSV,42,,40
2026-06-02T17:16:26.131958,$GPGSV,50,,36
2026-06-02T17:16:26.132671,$GPGSV,10,,29
2026-06-02T17:16:26.132671,$GPGSV,18,,41
2026-06-02T17:16:26.132671,$GPGSV,23,,34
2026-06-02T17:16:26.132671,$GPGSV,24,,34
2026-06-02T17:16:26.133084,$GPGSV,32,,31
2026-06-02T17:16:26.135428,$GLGSV,65,,26
2026-06-02T17:16:26.135428,$GLGSV,66,,37
2026-06-02T17:16:26.135428,$GLGSV,75,,28
2026-06-02T17:16:26.135428,$GLGSV,76,,38
2026-06-02T17:16:26.136036,$GLGSV,81,,30
2026-06-02T17:16:26.136036,$GLGSV,87,,22
2026-06-02T17:16:26.136036,$GLGSV,88,,42
2026-06-02T17:16:26.136741,$GLGSV,66,,32
2026-06-02T17:16:26.136741,$GLGSV,67,,17
2026-06-02T17:16:26.136741,$GLGSV,75,,28
2026-06-02T17:16:26.136741,$GLGSV,76,,37
2026-06-02T17:16:26.137249,$GLGSV,81,,26
2026-06-02T17:16:26.137249,$GLGSV,88,,41
2026-06-02T17:16:26.138400,$GAGSV,04,,35
2026-06-02T17:16:26.138400,$GAGSV,05,,22
2026-06-02T17:16:26.138400,$GAGSV,06,,38
2026-06-02T17:16:26.138400,$GAGSV,09,,30
2026-06-02T17:16:26.139102,$GAGSV,10,,37
2026-06-02T17:16:26.139102,$GAGSV,11,,33
2026-06-02T17:16:26.139102,$GAGSV,12,,33
2026-06-02T17:16:26.139102,$GAGSV,36,,19
2026-06-02T17:16:26.139806,$GAGSV,04,,36
2026-06-02T17:16:26.139806,$GAGSV,05,,25
2026-06-02T17:16:26.139806,$GAGSV,06,,40
2026-06-02T17:16:26.139806,$GAGSV,09,,34
2026-06-02T17:16:26.140519,$GAGSV,10,,40
2026-06-02T17:16:26.140519,$GAGSV,11,,37
2026-06-02T17:16:26.140519,$GAGSV,12,,35
2026-06-02T17:16:26.140519,$GAGSV,36,,28
2026-06-02T17:16:26.141866,$GBGSV,06,,40
2026-06-02T17:16:26.141866,$GBGSV,07,,41
2026-06-02T17:16:26.141866,$GBGSV,08,,31
2026-06-02T17:16:26.141866,$GBGSV,09,,36
2026-06-02T17:16:26.142571,$GBGSV,10,,40
2026-06-02T17:16:26.142571,$GBGSV,13,,26
2026-06-02T17:16:26.142571,$GBGSV,14,,35
2026-06-02T17:16:26.142571,$GBGSV,34,,40
2026-06-02T17:16:26.143076,$GBGSV,09,,33
2026-06-02T17:16:26.143076,$GBGSV,10,,36
2026-06-02T17:16:27.131049,$GPGSV,10,,34
2026-06-02T17:16:27.131049,$GPGSV,18,,42
2026-06-02T17:16:27.131049,$GPGSV,23,,40
2026-06-02T17:16:27.131049,$GPGSV,24,,34
2026-06-02T17:16:27.131758,$GPGSV,32,,33
2026-06-02T17:16:27.131758,$GPGSV,41,,42
2026-06-02T17:16:27.131758,$GPGSV,42,,41
2026-06-02T17:16:27.131758,$GPGSV,50,,39
2026-06-02T17:16:27.132448,$GPGSV,10,,28
2026-06-02T17:16:27.132448,$GPGSV,18,,42
2026-06-02T17:16:27.132448,$GPGSV,23,,34
2026-06-02T17:16:27.132448,$GPGSV,24,,34
2026-06-02T17:16:27.132853,$GPGSV,32,,32
2026-06-02T17:16:27.135140,$GLGSV,65,,27
2026-06-02T17:16:27.135140,$GLGSV,66,,34
2026-06-02T17:16:27.135140,$GLGSV,75,,21
2026-06-02T17:16:27.135140,$GLGSV,76,,37
2026-06-02T17:16:27.135738,$GLGSV,81,,34
2026-06-02T17:16:27.135738,$GLGSV,87,,24
2026-06-02T17:16:27.135738,$GLGSV,88,,42
2026-06-02T17:16:27.136418,$GLGSV,66,,35
2026-06-02T17:16:27.136418,$GLGSV,67,,17
2026-06-02T17:16:27.136418,$GLGSV,75,,27
2026-06-02T17:16:27.136418,$GLGSV,76,,36
2026-06-02T17:16:27.136911,$GLGSV,81,,28
2026-06-02T17:16:27.136911,$GLGSV,88,,41
2026-06-02T17:16:27.137963,$GAGSV,04,,35
2026-06-02T17:16:27.137963,$GAGSV,05,,25
2026-06-02T17:16:27.137963,$GAGSV,06,,38
2026-06-02T17:16:27.137963,$GAGSV,09,,30
2026-06-02T17:16:27.138647,$GAGSV,10,,40
2026-06-02T17:16:27.138647,$GAGSV,11,,34
2026-06-02T17:16:27.138647,$GAGSV,12,,34
2026-06-02T17:16:27.138647,$GAGSV,36,,23
2026-06-02T17:16:27.139323,$GAGSV,04,,36
2026-06-02T17:16:27.139323,$GAGSV,05,,29
2026-06-02T17:16:27.139323,$GAGSV,06,,38
2026-06-02T17:16:27.139323,$GAGSV,09,,36
2026-06-02T17:16:27.140002,$GAGSV,10,,38
2026-06-02T17:16:27.140002,$GAGSV,11,,37
2026-06-02T17:16:27.140002,$GAGSV,12,,36
2026-06-02T17:16:27.140002,$GAGSV,36,,28
2026-06-02T17:16:27.141290,$GBGSV,06,,40
2026-06-02T17:16:27.141290,$GBGSV,07,,42
2026-06-02T17:16:27.141290,$GBGSV,08,,32
2026-06-02T17:16:27.141290,$GBGSV,09,,36
2026-06-02T17:16:27.142054,$GBGSV,10,,40
2026-06-02T17:16:27.142054,$GBGSV,13,,26
2026-06-02T17:16:27.142054,$GBGSV,14,,36
2026-06-02T17:16:27.142054,$GBGSV,34,,40
2026-06-02T17:16:27.142580,$GBGSV,09,,33
2026-06-02T17:16:27.142580,$GBGSV,10,,36
2026-06-02T17:16:28.133119,$GPGSV,10,,33
2026-06-02T17:16:28.133119,$GPGSV,18,,42
2026-06-02T17:16:28.133119,$GPGSV,23,,40
2026-06-02T17:16:28.133119,$GPGSV,24,,34
2026-06-02T17:16:28.135389,$GPGSV,32,,37
2026-06-02T17:16:28.135389,$GPGSV,41,,42
2026-06-02T17:16:28.135389,$GPGSV,42,,41
2026-06-02T17:16:28.135389,$GPGSV,50,,37
2026-06-02T17:16:28.137518,$GPGSV,10,,26
2026-06-02T17:16:28.137518,$GPGSV,18,,42
2026-06-02T17:16:28.137518,$GPGSV,23,,35
2026-06-02T17:16:28.137518,$GPGSV,24,,31
2026-06-02T17:16:28.138789,$GPGSV,32,,32
2026-06-02T17:16:28.145944,$GLGSV,65,,31
2026-06-02T17:16:28.145944,$GLGSV,66,,34
2026-06-02T17:16:28.145944,$GLGSV,75,,33
2026-06-02T17:16:28.145944,$GLGSV,76,,37
2026-06-02T17:16:28.147772,$GLGSV,81,,34
2026-06-02T17:16:28.147772,$GLGSV,87,,26
2026-06-02T17:16:28.147772,$GLGSV,88,,42
2026-06-02T17:16:28.149929,$GLGSV,66,,35
2026-06-02T17:16:28.149929,$GLGSV,67,,17
2026-06-02T17:16:28.149929,$GLGSV,75,,32
2026-06-02T17:16:28.149929,$GLGSV,76,,37
2026-06-02T17:16:28.150977,$GLGSV,81,,29
2026-06-02T17:16:28.150977,$GLGSV,88,,39
2026-06-02T17:16:28.153087,$GAGSV,04,,35
2026-06-02T17:16:28.153087,$GAGSV,05,,26
2026-06-02T17:16:28.153087,$GAGSV,06,,38
2026-06-02T17:16:28.153087,$GAGSV,09,,35
2026-06-02T17:16:28.153763,$GAGSV,10,,40
2026-06-02T17:16:28.153763,$GAGSV,11,,34
2026-06-02T17:16:28.153763,$GAGSV,12,,33
2026-06-02T17:16:28.153763,$GAGSV,36,,25
2026-06-02T17:16:28.154487,$GAGSV,04,,34
2026-06-02T17:16:28.154487,$GAGSV,05,,27
2026-06-02T17:16:28.154487,$GAGSV,06,,39
2026-06-02T17:16:28.154487,$GAGSV,09,,36
2026-06-02T17:16:28.155095,$GAGSV,10,,39
2026-06-02T17:16:28.155095,$GAGSV,11,,36
2026-06-02T17:16:28.155095,$GAGSV,12,,35
2026-06-02T17:16:28.155095,$GAGSV,36,,33
2026-06-02T17:16:28.156209,$GBGSV,06,,39
2026-06-02T17:16:28.156209,$GBGSV,07,,42
2026-06-02T17:16:28.156209,$GBGSV,08,,33
2026-06-02T17:16:28.156209,$GBGSV,09,,36
2026-06-02T17:16:28.156795,$GBGSV,10,,41
2026-06-02T17:16:28.156795,$GBGSV,13,,24
2026-06-02T17:16:28.156795,$GBGSV,14,,37
2026-06-02T17:16:28.156795,$GBGSV,34,,40
2026-06-02T17:16:28.157223,$GBGSV,09,,34
2026-06-02T17:16:28.157223,$GBGSV,10,,36
2026-06-02T17:16:29.127264,$GPGSV,10,,28
2026-06-02T17:16:29.127264,$GPGSV,18,,42
2026-06-02T17:16:29.127264,$GPGSV,23,,42
2026-06-02T17:16:29.127264,$GPGSV,24,,34
2026-06-02T17:16:29.130411,$GPGSV,32,,36
2026-06-02T17:16:29.130411,$GPGSV,41,,44
2026-06-02T17:16:29.130411,$GPGSV,42,,41
2026-06-02T17:16:29.130411,$GPGSV,50,,37
2026-06-02T17:16:29.134213,$GPGSV,10,,24
2026-06-02T17:16:29.134213,$GPGSV,18,,41
2026-06-02T17:16:29.134213,$GPGSV,23,,34
2026-06-02T17:16:29.134213,$GPGSV,24,,33
2026-06-02T17:16:29.135739,$GPGSV,32,,32
2026-06-02T17:16:29.141908,$GLGSV,65,,31
2026-06-02T17:16:29.141908,$GLGSV,66,,35
2026-06-02T17:16:29.141908,$GLGSV,75,,27
2026-06-02T17:16:29.141908,$GLGSV,76,,39
2026-06-02T17:16:29.143100,$GLGSV,81,,30
2026-06-02T17:16:29.143100,$GLGSV,87,,26
2026-06-02T17:16:29.143100,$GLGSV,88,,41
2026-06-02T17:16:29.144496,$GLGSV,66,,32
2026-06-02T17:16:29.144496,$GLGSV,67,,17
2026-06-02T17:16:29.144496,$GLGSV,75,,35
2026-06-02T17:16:29.144496,$GLGSV,76,,37
2026-06-02T17:16:29.145357,$GLGSV,81,,33
2026-06-02T17:16:29.145357,$GLGSV,88,,38
2026-06-02T17:16:29.146952,$GAGSV,04,,36
2026-06-02T17:16:29.146952,$GAGSV,05,,25
2026-06-02T17:16:29.146952,$GAGSV,06,,37
2026-06-02T17:16:29.146952,$GAGSV,09,,32
2026-06-02T17:16:29.147981,$GAGSV,10,,40
2026-06-02T17:16:29.147981,$GAGSV,11,,34
2026-06-02T17:16:29.147981,$GAGSV,12,,32
2026-06-02T17:16:29.147981,$GAGSV,36,,26
2026-06-02T17:16:29.149015,$GAGSV,04,,37
2026-06-02T17:16:29.149015,$GAGSV,05,,26
2026-06-02T17:16:29.149015,$GAGSV,06,,39
2026-06-02T17:16:29.149015,$GAGSV,09,,32
2026-06-02T17:16:29.150061,$GAGSV,10,,40
2026-06-02T17:16:29.150061,$GAGSV,11,,37
2026-06-02T17:16:29.150061,$GAGSV,12,,35
2026-06-02T17:16:29.150061,$GAGSV,36,,28
2026-06-02T17:16:29.151903,$GBGSV,06,,38
2026-06-02T17:16:29.151903,$GBGSV,07,,42
2026-06-02T17:16:29.151903,$GBGSV,08,,33
2026-06-02T17:16:29.151903,$GBGSV,09,,33
2026-06-02T17:16:29.152720,$GBGSV,10,,41
2026-06-02T17:16:29.152720,$GBGSV,13,,34
2026-06-02T17:16:29.152720,$GBGSV,14,,30
2026-06-02T17:16:29.152720,$GBGSV,34,,39
2026-06-02T17:16:29.153309,$GBGSV,09,,33
2026-06-02T17:16:29.153309,$GBGSV,10,,36
2026-06-02T17:16:30.130436,$GPGSV,10,,32
2026-06-02T17:16:30.130436,$GPGSV,18,,42
2026-06-02T17:16:30.130436,$GPGSV,23,,38
2026-06-02T17:16:30.130436,$GPGSV,24,,33
2026-06-02T17:16:30.131175,$GPGSV,32,,38
2026-06-02T17:16:30.131175,$GPGSV,41,,43
2026-06-02T17:16:30.131175,$GPGSV,42,,40
2026-06-02T17:16:30.131175,$GPGSV,50,,37
2026-06-02T17:16:30.131903,$GPGSV,10,,25
2026-06-02T17:16:30.131903,$GPGSV,18,,41
2026-06-02T17:16:30.131903,$GPGSV,23,,35
2026-06-02T17:16:30.131903,$GPGSV,24,,33
2026-06-02T17:16:30.132314,$GPGSV,32,,31
2026-06-02T17:16:30.134693,$GLGSV,65,,30
2026-06-02T17:16:30.134693,$GLGSV,66,,29
2026-06-02T17:16:30.134693,$GLGSV,75,,26
2026-06-02T17:16:30.134693,$GLGSV,76,,35
2026-06-02T17:16:30.135319,$GLGSV,81,,33
2026-06-02T17:16:30.135319,$GLGSV,87,,26
2026-06-02T17:16:30.135319,$GLGSV,88,,39
2026-06-02T17:16:30.136153,$GLGSV,66,,35
2026-06-02T17:16:30.136153,$GLGSV,67,,17
2026-06-02T17:16:30.136153,$GLGSV,75,,25
2026-06-02T17:16:30.136153,$GLGSV,76,,36
2026-06-02T17:16:30.136787,$GLGSV,81,,36
2026-06-02T17:16:30.136787,$GLGSV,88,,40
2026-06-02T17:16:30.137881,$GAGSV,04,,35
2026-06-02T17:16:30.137881,$GAGSV,05,,23
2026-06-02T17:16:30.137881,$GAGSV,06,,37
2026-06-02T17:16:30.137881,$GAGSV,09,,33
2026-06-02T17:16:30.138568,$GAGSV,10,,39
2026-06-02T17:16:30.138568,$GAGSV,11,,34
2026-06-02T17:16:30.138568,$GAGSV,12,,32
2026-06-02T17:16:30.138568,$GAGSV,36,,32
2026-06-02T17:16:30.139256,$GAGSV,04,,35
2026-06-02T17:16:30.139256,$GAGSV,05,,27
2026-06-02T17:16:30.139256,$GAGSV,06,,40
2026-06-02T17:16:30.139256,$GAGSV,09,,32
2026-06-02T17:16:30.139952,$GAGSV,10,,39
2026-06-02T17:16:30.139952,$GAGSV,11,,38
2026-06-02T17:16:30.139952,$GAGSV,12,,35
2026-06-02T17:16:30.139952,$GAGSV,36,,28
2026-06-02T17:16:30.141759,$GBGSV,06,,34
2026-06-02T17:16:30.141759,$GBGSV,07,,42
2026-06-02T17:16:30.141759,$GBGSV,08,,36
2026-06-02T17:16:30.141759,$GBGSV,09,,34
2026-06-02T17:16:30.142863,$GBGSV,10,,41
2026-06-02T17:16:30.142863,$GBGSV,13,,34
2026-06-02T17:16:30.142863,$GBGSV,14,,30
2026-06-02T17:16:30.142863,$GBGSV,34,,39
2026-06-02T17:16:30.143392,$GBGSV,09,,32
2026-06-02T17:16:30.143392,$GBGSV,10,,36
2026-06-02T17:16:31.124871,$GPGSV,10,,24
2026-06-02T17:16:31.124871,$GPGSV,18,,40
2026-06-02T17:16:31.124871,$GPGSV,23,,38
2026-06-02T17:16:31.124871,$GPGSV,24,,38
2026-06-02T17:16:31.126470,$GPGSV,32,,35
2026-06-02T17:16:31.126470,$GPGSV,41,,43
2026-06-02T17:16:31.126470,$GPGSV,42,,40
2026-06-02T17:16:31.126470,$GPGSV,50,,37
2026-06-02T17:16:31.127465,$GPGSV,10,,25
2026-06-02T17:16:31.127465,$GPGSV,18,,40
2026-06-02T17:16:31.127465,$GPGSV,23,,34
2026-06-02T17:16:31.127465,$GPGSV,24,,30
2026-06-02T17:16:31.128058,$GPGSV,32,,31
2026-06-02T17:16:31.131529,$GLGSV,65,,30
2026-06-02T17:16:31.131529,$GLGSV,66,,32
2026-06-02T17:16:31.131529,$GLGSV,75,,32
2026-06-02T17:16:31.131529,$GLGSV,76,,36
2026-06-02T17:16:31.132413,$GLGSV,81,,33
2026-06-02T17:16:31.132413,$GLGSV,87,,25
2026-06-02T17:16:31.132413,$GLGSV,88,,37
2026-06-02T17:16:31.133418,$GLGSV,66,,32
2026-06-02T17:16:31.133418,$GLGSV,67,,16
2026-06-02T17:16:31.133418,$GLGSV,75,,37
2026-06-02T17:16:31.133418,$GLGSV,76,,36
2026-06-02T17:16:31.134126,$GLGSV,81,,36
2026-06-02T17:16:31.134126,$GLGSV,88,,39
2026-06-02T17:16:31.135637,$GAGSV,04,,34
2026-06-02T17:16:31.135637,$GAGSV,05,,24
2026-06-02T17:16:31.135637,$GAGSV,06,,34
2026-06-02T17:16:31.135637,$GAGSV,09,,35
2026-06-02T17:16:31.136727,$GAGSV,10,,39
2026-06-02T17:16:31.136727,$GAGSV,11,,35
2026-06-02T17:16:31.136727,$GAGSV,12,,32
2026-06-02T17:16:31.136727,$GAGSV,36,,25
2026-06-02T17:16:31.137853,$GAGSV,04,,32
2026-06-02T17:16:31.137853,$GAGSV,05,,26
2026-06-02T17:16:31.137853,$GAGSV,06,,39
2026-06-02T17:16:31.137853,$GAGSV,09,,37
2026-06-02T17:16:31.138956,$GAGSV,10,,39
2026-06-02T17:16:31.138956,$GAGSV,11,,36
2026-06-02T17:16:31.138956,$GAGSV,12,,34
2026-06-02T17:16:31.138956,$GAGSV,36,,31
2026-06-02T17:16:31.140886,$GBGSV,06,,37
2026-06-02T17:16:31.140886,$GBGSV,07,,42
2026-06-02T17:16:31.140886,$GBGSV,08,,35
2026-06-02T17:16:31.140886,$GBGSV,09,,35
2026-06-02T17:16:31.142010,$GBGSV,10,,41
2026-06-02T17:16:31.142010,$GBGSV,13,,34
2026-06-02T17:16:31.142010,$GBGSV,14,,34
2026-06-02T17:16:31.142010,$GBGSV,34,,41
2026-06-02T17:16:31.142733,$GBGSV,09,,32
2026-06-02T17:16:31.142733,$GBGSV,10,,36
2026-06-02T17:16:32.126803,$GPGSV,10,,30
2026-06-02T17:16:32.126803,$GPGSV,18,,42
2026-06-02T17:16:32.126803,$GPGSV,23,,39
2026-06-02T17:16:32.126803,$GPGSV,24,,38
2026-06-02T17:16:32.127458,$GPGSV,32,,36
2026-06-02T17:16:32.127458,$GPGSV,41,,40
2026-06-02T17:16:32.127458,$GPGSV,42,,40
2026-06-02T17:16:32.127458,$GPGSV,50,,37
2026-06-02T17:16:32.128089,$GPGSV,10,,24
2026-06-02T17:16:32.128089,$GPGSV,18,,39
2026-06-02T17:16:32.128089,$GPGSV,23,,34
2026-06-02T17:16:32.128089,$GPGSV,24,,35
2026-06-02T17:16:32.128449,$GPGSV,32,,30
2026-06-02T17:16:32.130512,$GLGSV,65,,29
2026-06-02T17:16:32.130512,$GLGSV,66,,33
2026-06-02T17:16:32.130512,$GLGSV,75,,32
2026-06-02T17:16:32.130512,$GLGSV,76,,38
2026-06-02T17:16:32.131035,$GLGSV,81,,33
2026-06-02T17:16:32.131035,$GLGSV,87,,23
2026-06-02T17:16:32.131035,$GLGSV,88,,33
2026-06-02T17:16:32.131638,$GLGSV,66,,33
2026-06-02T17:16:32.131638,$GLGSV,67,,15
2026-06-02T17:16:32.131638,$GLGSV,75,,36
2026-06-02T17:16:32.131638,$GLGSV,76,,33
2026-06-02T17:16:32.132072,$GLGSV,81,,33
2026-06-02T17:16:32.132072,$GLGSV,88,,36
2026-06-02T17:16:32.133011,$GAGSV,04,,33
2026-06-02T17:16:32.133011,$GAGSV,05,,25
2026-06-02T17:16:32.133011,$GAGSV,06,,37
2026-06-02T17:16:32.133011,$GAGSV,09,,34
2026-06-02T17:16:32.133652,$GAGSV,10,,38
2026-06-02T17:16:32.133652,$GAGSV,11,,34
2026-06-02T17:16:32.133652,$GAGSV,12,,32
2026-06-02T17:16:32.133652,$GAGSV,36,,26
2026-06-02T17:16:32.134444,$GAGSV,04,,35
2026-06-02T17:16:32.134444,$GAGSV,05,,26
2026-06-02T17:16:32.134444,$GAGSV,06,,40
2026-06-02T17:16:32.134444,$GAGSV,09,,37
2026-06-02T17:16:32.135080,$GAGSV,10,,39
2026-06-02T17:16:32.135080,$GAGSV,11,,37
2026-06-02T17:16:32.135080,$GAGSV,12,,35
2026-06-02T17:16:32.135080,$GAGSV,36,,31
2026-06-02T17:16:32.136189,$GBGSV,06,,39
2026-06-02T17:16:32.136189,$GBGSV,07,,40
2026-06-02T17:16:32.136189,$GBGSV,08,,36
2026-06-02T17:16:32.136189,$GBGSV,09,,38
2026-06-02T17:16:32.136785,$GBGSV,10,,41
2026-06-02T17:16:32.136785,$GBGSV,13,,31
2026-06-02T17:16:32.136785,$GBGSV,14,,30
2026-06-02T17:16:32.136785,$GBGSV,34,,40
2026-06-02T17:16:32.137214,$GBGSV,09,,31
2026-06-02T17:16:32.137214,$GBGSV,10,,35
2026-06-02T17:16:33.127283,$GPGSV,10,,33
2026-06-02T17:16:33.127283,$GPGSV,18,,42
2026-06-02T17:16:33.127283,$GPGSV,23,,39
2026-06-02T17:16:33.127283,$GPGSV,24,,39
2026-06-02T17:16:33.128020,$GPGSV,32,,35
2026-06-02T17:16:33.128020,$GPGSV,41,,43
2026-06-02T17:16:33.128020,$GPGSV,42,,38
2026-06-02T17:16:33.128020,$GPGSV,50,,36
2026-06-02T17:16:33.128739,$GPGSV,10,,25
2026-06-02T17:16:33.128739,$GPGSV,18,,40
2026-06-02T17:16:33.128739,$GPGSV,23,,35
2026-06-02T17:16:33.128739,$GPGSV,24,,32
2026-06-02T17:16:33.129152,$GPGSV,32,,30
2026-06-02T17:16:33.131513,$GLGSV,65,,34
2026-06-02T17:16:33.131513,$GLGSV,66,,37
2026-06-02T17:16:33.131513,$GLGSV,75,,25
2026-06-02T17:16:33.131513,$GLGSV,76,,38
2026-06-02T17:16:33.132127,$GLGSV,81,,31
2026-06-02T17:16:33.132127,$GLGSV,87,,21
2026-06-02T17:16:33.132127,$GLGSV,88,,33
2026-06-02T17:16:33.132850,$GLGSV,66,,33
2026-06-02T17:16:33.132850,$GLGSV,67,,16
2026-06-02T17:16:33.132850,$GLGSV,75,,34
2026-06-02T17:16:33.132850,$GLGSV,76,,34
2026-06-02T17:16:33.133362,$GLGSV,81,,29
2026-06-02T17:16:33.133362,$GLGSV,88,,29
2026-06-02T17:16:33.134472,$GAGSV,04,,32
2026-06-02T17:16:33.134472,$GAGSV,05,,26
2026-06-02T17:16:33.134472,$GAGSV,06,,36
2026-06-02T17:16:33.134472,$GAGSV,09,,34
2026-06-02T17:16:33.135276,$GAGSV,10,,37
2026-06-02T17:16:33.135276,$GAGSV,11,,34
2026-06-02T17:16:33.135276,$GAGSV,12,,33
2026-06-02T17:16:33.135276,$GAGSV,36,,24
2026-06-02T17:16:33.135998,$GAGSV,04,,34
2026-06-02T17:16:33.135998,$GAGSV,05,,27
2026-06-02T17:16:33.135998,$GAGSV,06,,41
2026-06-02T17:16:33.135998,$GAGSV,09,,35
2026-06-02T17:16:33.136703,$GAGSV,10,,40
2026-06-02T17:16:33.136703,$GAGSV,11,,37
2026-06-02T17:16:33.136703,$GAGSV,12,,36
2026-06-02T17:16:33.136703,$GAGSV,36,,30
2026-06-02T17:16:33.138113,$GBGSV,06,,38
2026-06-02T17:16:33.138113,$GBGSV,07,,39
2026-06-02T17:16:33.138113,$GBGSV,08,,37
2026-06-02T17:16:33.138113,$GBGSV,09,,38
2026-06-02T17:16:33.138848,$GBGSV,10,,40
2026-06-02T17:16:33.138848,$GBGSV,13,,34
2026-06-02T17:16:33.138848,$GBGSV,14,,33
2026-06-02T17:16:33.138848,$GBGSV,34,,39
2026-06-02T17:16:33.139364,$GBGSV,09,,32
2026-06-02T17:16:33.139364,$GBGSV,10,,35
2026-06-02T17:16:34.130787,$GPGSV,10,,34
2026-06-02T17:16:34.130787,$GPGSV,18,,42
2026-06-02T17:16:34.130787,$GPGSV,23,,37
2026-06-02T17:16:34.130787,$GPGSV,24,,32
2026-06-02T17:16:34.131502,$GPGSV,32,,31
2026-06-02T17:16:34.131502,$GPGSV,41,,39
2026-06-02T17:16:34.131502,$GPGSV,42,,39
2026-06-02T17:16:34.131502,$GPGSV,50,,36
2026-06-02T17:16:34.132190,$GPGSV,10,,24
2026-06-02T17:16:34.132190,$GPGSV,18,,40
2026-06-02T17:16:34.132190,$GPGSV,23,,36
2026-06-02T17:16:34.132190,$GPGSV,24,,31
2026-06-02T17:16:34.132584,$GPGSV,32,,28
2026-06-02T17:16:34.134880,$GLGSV,65,,34
2026-06-02T17:16:34.134880,$GLGSV,66,,33
2026-06-02T17:16:34.134880,$GLGSV,75,,26
2026-06-02T17:16:34.134880,$GLGSV,76,,39
2026-06-02T17:16:34.135583,$GLGSV,81,,31
2026-06-02T17:16:34.135583,$GLGSV,87,,20
2026-06-02T17:16:34.135583,$GLGSV,88,,37
2026-06-02T17:16:34.136638,$GLGSV,66,,36
2026-06-02T17:16:34.136638,$GLGSV,67,,16
2026-06-02T17:16:34.136638,$GLGSV,75,,33
2026-06-02T17:16:34.136638,$GLGSV,76,,36
2026-06-02T17:16:34.137150,$GLGSV,81,,29
2026-06-02T17:16:34.137150,$GLGSV,88,,29
2026-06-02T17:16:34.138220,$GAGSV,04,,32
2026-06-02T17:16:34.138220,$GAGSV,05,,26
2026-06-02T17:16:34.138220,$GAGSV,06,,35
2026-06-02T17:16:34.138220,$GAGSV,09,,35
2026-06-02T17:16:34.138918,$GAGSV,10,,38
2026-06-02T17:16:34.138918,$GAGSV,11,,35
2026-06-02T17:16:34.138918,$GAGSV,12,,33
2026-06-02T17:16:34.138918,$GAGSV,36,,26
2026-06-02T17:16:34.139603,$GAGSV,04,,33
2026-06-02T17:16:34.139603,$GAGSV,05,,26
2026-06-02T17:16:34.139603,$GAGSV,06,,40
2026-06-02T17:16:34.139603,$GAGSV,09,,36
2026-06-02T17:16:34.140279,$GAGSV,10,,40
2026-06-02T17:16:34.140279,$GAGSV,11,,36
2026-06-02T17:16:34.140279,$GAGSV,12,,36
2026-06-02T17:16:34.140279,$GAGSV,36,,29
2026-06-02T17:16:34.141506,$GBGSV,06,,40
2026-06-02T17:16:34.141506,$GBGSV,07,,39
2026-06-02T17:16:34.141506,$GBGSV,08,,37
2026-06-02T17:16:34.141506,$GBGSV,09,,36
2026-06-02T17:16:34.142145,$GBGSV,10,,40
2026-06-02T17:16:34.142145,$GBGSV,13,,34
2026-06-02T17:16:34.142145,$GBGSV,14,,26
2026-06-02T17:16:34.142145,$GBGSV,34,,38
2026-06-02T17:16:34.142601,$GBGSV,09,,32
2026-06-02T17:16:34.142601,$GBGSV,10,,35
2026-06-02T17:16:35.126468,$GPGSV,10,,30
2026-06-02T17:16:35.126468,$GPGSV,18,,41
2026-06-02T17:16:35.126468,$GPGSV,23,,38
2026-06-02T17:16:35.126468,$GPGSV,24,,34
2026-06-02T17:16:35.127227,$GPGSV,32,,26
2026-06-02T17:16:35.127227,$GPGSV,41,,36
2026-06-02T17:16:35.127227,$GPGSV,42,,39
2026-06-02T17:16:35.127227,$GPGSV,50,,37
2026-06-02T17:16:35.127966,$GPGSV,10,,25
2026-06-02T17:16:35.127966,$GPGSV,18,,41
2026-06-02T17:16:35.127966,$GPGSV,23,,33
2026-06-02T17:16:35.127966,$GPGSV,24,,31
2026-06-02T17:16:35.128375,$GPGSV,32,,25
2026-06-02T17:16:35.131146,$GLGSV,65,,34
2026-06-02T17:16:35.131146,$GLGSV,66,,36
2026-06-02T17:16:35.131146,$GLGSV,75,,31
2026-06-02T17:16:35.131146,$GLGSV,76,,37
2026-06-02T17:16:35.132077,$GLGSV,81,,34
2026-06-02T17:16:35.132077,$GLGSV,87,,19
2026-06-02T17:16:35.132077,$GLGSV,88,,37
2026-06-02T17:16:35.132810,$GLGSV,66,,35
2026-06-02T17:16:35.132810,$GLGSV,67,,16
2026-06-02T17:16:35.132810,$GLGSV,75,,22
2026-06-02T17:16:35.132810,$GLGSV,76,,37
2026-06-02T17:16:35.133334,$GLGSV,81,,34
2026-06-02T17:16:35.133334,$GLGSV,88,,38
2026-06-02T17:16:35.134418,$GAGSV,04,,33
2026-06-02T17:16:35.134418,$GAGSV,05,,27
2026-06-02T17:16:35.134418,$GAGSV,06,,35
2026-06-02T17:16:35.134418,$GAGSV,09,,32
2026-06-02T17:16:35.135110,$GAGSV,10,,39
2026-06-02T17:16:35.135110,$GAGSV,11,,36
2026-06-02T17:16:35.135110,$GAGSV,12,,34
2026-06-02T17:16:35.135110,$GAGSV,36,,28
2026-06-02T17:16:35.135807,$GAGSV,04,,33
2026-06-02T17:16:35.135807,$GAGSV,05,,31
2026-06-02T17:16:35.135807,$GAGSV,06,,40
2026-06-02T17:16:35.135807,$GAGSV,09,,30
2026-06-02T17:16:35.137010,$GAGSV,10,,40
2026-06-02T17:16:35.137010,$GAGSV,11,,37
2026-06-02T17:16:35.137010,$GAGSV,12,,36
2026-06-02T17:16:35.137010,$GAGSV,36,,28
2026-06-02T17:16:35.138336,$GBGSV,06,,38
2026-06-02T17:16:35.138336,$GBGSV,07,,40
2026-06-02T17:16:35.138336,$GBGSV,08,,37
2026-06-02T17:16:35.138336,$GBGSV,09,,38
2026-06-02T17:16:35.139022,$GBGSV,10,,41
2026-06-02T17:16:35.139022,$GBGSV,13,,23
2026-06-02T17:16:35.139022,$GBGSV,14,,33
2026-06-02T17:16:35.139022,$GBGSV,34,,40
2026-06-02T17:16:35.139555,$GBGSV,09,,31
2026-06-02T17:16:35.139555,$GBGSV,10,,36
2026-06-02T17:16:36.126839,$GPGSV,10,,34
2026-06-02T17:16:36.126839,$GPGSV,18,,43
2026-06-02T17:16:36.126839,$GPGSV,23,,38
2026-06-02T17:16:36.126839,$GPGSV,24,,39
2026-06-02T17:16:36.127577,$GPGSV,32,,31
2026-06-02T17:16:36.127577,$GPGSV,41,,36
2026-06-02T17:16:36.127577,$GPGSV,42,,37
2026-06-02T17:16:36.127577,$GPGSV,50,,37
2026-06-02T17:16:36.128300,$GPGSV,10,,25
2026-06-02T17:16:36.128300,$GPGSV,18,,40
2026-06-02T17:16:36.128300,$GPGSV,23,,36
2026-06-02T17:16:36.128300,$GPGSV,24,,30
2026-06-02T17:16:36.128712,$GPGSV,32,,23
2026-06-02T17:16:36.131091,$GLGSV,65,,34
2026-06-02T17:16:36.131091,$GLGSV,66,,36
2026-06-02T17:16:36.131091,$GLGSV,75,,29
2026-06-02T17:16:36.131091,$GLGSV,76,,38
2026-06-02T17:16:36.131718,$GLGSV,81,,29
2026-06-02T17:16:36.131718,$GLGSV,87,,19
2026-06-02T17:16:36.131718,$GLGSV,88,,37
2026-06-02T17:16:36.132441,$GLGSV,66,,37
2026-06-02T17:16:36.132441,$GLGSV,67,,16
2026-06-02T17:16:36.132441,$GLGSV,75,,30
2026-06-02T17:16:36.132441,$GLGSV,76,,35
2026-06-02T17:16:36.132949,$GLGSV,81,,37
2026-06-02T17:16:36.132949,$GLGSV,88,,38
2026-06-02T17:16:36.134049,$GAGSV,04,,32
2026-06-02T17:16:36.134049,$GAGSV,05,,27
2026-06-02T17:16:36.134049,$GAGSV,06,,36
2026-06-02T17:16:36.134049,$GAGSV,09,,33
2026-06-02T17:16:36.135220,$GAGSV,10,,39
2026-06-02T17:16:36.135220,$GAGSV,11,,36
2026-06-02T17:16:36.135220,$GAGSV,12,,34
2026-06-02T17:16:36.135220,$GAGSV,36,,28
2026-06-02T17:16:36.136023,$GAGSV,04,,33
2026-06-02T17:16:36.136023,$GAGSV,05,,30
2026-06-02T17:16:36.136023,$GAGSV,06,,38
2026-06-02T17:16:36.136023,$GAGSV,09,,33
2026-06-02T17:16:36.136732,$GAGSV,10,,41
2026-06-02T17:16:36.136732,$GAGSV,11,,37
2026-06-02T17:16:36.136732,$GAGSV,12,,36
2026-06-02T17:16:36.136732,$GAGSV,36,,29
2026-06-02T17:16:36.138060,$GBGSV,06,,36
2026-06-02T17:16:36.138060,$GBGSV,07,,40
2026-06-02T17:16:36.138060,$GBGSV,08,,37
2026-06-02T17:16:36.138060,$GBGSV,09,,38
2026-06-02T17:16:36.138762,$GBGSV,10,,39
2026-06-02T17:16:36.138762,$GBGSV,13,,35
2026-06-02T17:16:36.138762,$GBGSV,14,,28
2026-06-02T17:16:36.138762,$GBGSV,34,,40
2026-06-02T17:16:36.139255,$GBGSV,09,,31
2026-06-02T17:16:36.139255,$GBGSV,10,,36
2026-06-02T17:16:37.131752,$GPGSV,10,,34
2026-06-02T17:16:37.131752,$GPGSV,18,,43
2026-06-02T17:16:37.131752,$GPGSV,23,,38
2026-06-02T17:16:37.131752,$GPGSV,24,,38
2026-06-02T17:16:37.132495,$GPGSV,32,,36
2026-06-02T17:16:37.132495,$GPGSV,41,,34
2026-06-02T17:16:37.132495,$GPGSV,42,,39
2026-06-02T17:16:37.132495,$GPGSV,50,,36
2026-06-02T17:16:37.133213,$GPGSV,10,,25
2026-06-02T17:16:37.133213,$GPGSV,18,,41
2026-06-02T17:16:37.133213,$GPGSV,23,,35
2026-06-02T17:16:37.133213,$GPGSV,24,,31
2026-06-02T17:16:37.133623,$GPGSV,32,,30
2026-06-02T17:16:37.135970,$GLGSV,65,,35
2026-06-02T17:16:37.135970,$GLGSV,66,,36
2026-06-02T17:16:37.135970,$GLGSV,75,,32
2026-06-02T17:16:37.135970,$GLGSV,76,,38
2026-06-02T17:16:37.136588,$GLGSV,81,,29
2026-06-02T17:16:37.136588,$GLGSV,87,,21
2026-06-02T17:16:37.136588,$GLGSV,88,,37
2026-06-02T17:16:37.137281,$GLGSV,66,,36
2026-06-02T17:16:37.137281,$GLGSV,67,,16
2026-06-02T17:16:37.137281,$GLGSV,75,,32
2026-06-02T17:16:37.137281,$GLGSV,76,,37
2026-06-02T17:16:37.137780,$GLGSV,81,,31
2026-06-02T17:16:37.137780,$GLGSV,88,,38
2026-06-02T17:16:37.138828,$GAGSV,04,,30
2026-06-02T17:16:37.138828,$GAGSV,05,,27
2026-06-02T17:16:37.138828,$GAGSV,06,,36
2026-06-02T17:16:37.138828,$GAGSV,09,,33
2026-06-02T17:16:37.139523,$GAGSV,10,,38
2026-06-02T17:16:37.139523,$GAGSV,11,,35
2026-06-02T17:16:37.139523,$GAGSV,12,,34
2026-06-02T17:16:37.139523,$GAGSV,36,,27
2026-06-02T17:16:37.140381,$GAGSV,04,,33
2026-06-02T17:16:37.140381,$GAGSV,05,,33
2026-06-02T17:16:37.140381,$GAGSV,06,,40
2026-06-02T17:16:37.140381,$GAGSV,09,,37
2026-06-02T17:16:37.141337,$GAGSV,10,,42
2026-06-02T17:16:37.141337,$GAGSV,11,,39
2026-06-02T17:16:37.141337,$GAGSV,12,,37
2026-06-02T17:16:37.141337,$GAGSV,36,,29
2026-06-02T17:16:37.142678,$GBGSV,06,,38
2026-06-02T17:16:37.142678,$GBGSV,07,,41
2026-06-02T17:16:37.142678,$GBGSV,08,,37
2026-06-02T17:16:37.142678,$GBGSV,09,,38
2026-06-02T17:16:37.143376,$GBGSV,10,,41
2026-06-02T17:16:37.143376,$GBGSV,13,,36
2026-06-02T17:16:37.143376,$GBGSV,14,,28
2026-06-02T17:16:37.143376,$GBGSV,34,,40
2026-06-02T17:16:37.143866,$GBGSV,09,,36
2026-06-02T17:16:37.143866,$GBGSV,10,,36
2026-06-02T17:16:38.121515,$GPGSV,10,,33
2026-06-02T17:16:38.121515,$GPGSV,18,,43
2026-06-02T17:16:38.121515,$GPGSV,23,,40
2026-06-02T17:16:38.121515,$GPGSV,24,,34
2026-06-02T17:16:38.122235,$GPGSV,32,,28
2026-06-02T17:16:38.122235,$GPGSV,41,,39
2026-06-02T17:16:38.122235,$GPGSV,42,,40
2026-06-02T17:16:38.122235,$GPGSV,50,,38
2026-06-02T17:16:38.122928,$GPGSV,10,,22
2026-06-02T17:16:38.122928,$GPGSV,18,,40
2026-06-02T17:16:38.122928,$GPGSV,23,,36
2026-06-02T17:16:38.122928,$GPGSV,24,,31
2026-06-02T17:16:38.123324,$GPGSV,32,,29
2026-06-02T17:16:38.125583,$GLGSV,65,,31
2026-06-02T17:16:38.125583,$GLGSV,66,,35
2026-06-02T17:16:38.125583,$GLGSV,75,,32
2026-06-02T17:16:38.125583,$GLGSV,76,,38
2026-06-02T17:16:38.126245,$GLGSV,81,,28
2026-06-02T17:16:38.126245,$GLGSV,87,,21
2026-06-02T17:16:38.126245,$GLGSV,88,,40
2026-06-02T17:16:38.127341,$GLGSV,66,,30
2026-06-02T17:16:38.127341,$GLGSV,67,,16
2026-06-02T17:16:38.127341,$GLGSV,75,,26
2026-06-02T17:16:38.127341,$GLGSV,76,,39
2026-06-02T17:16:38.127862,$GLGSV,81,,34
2026-06-02T17:16:38.127862,$GLGSV,88,,37
2026-06-02T17:16:38.128910,$GAGSV,04,,31
2026-06-02T17:16:38.128910,$GAGSV,05,,27
2026-06-02T17:16:38.128910,$GAGSV,06,,36
2026-06-02T17:16:38.128910,$GAGSV,09,,32
2026-06-02T17:16:38.130158,$GAGSV,10,,38
2026-06-02T17:16:38.130158,$GAGSV,11,,35
2026-06-02T17:16:38.130158,$GAGSV,12,,33
2026-06-02T17:16:38.130158,$GAGSV,36,,27
2026-06-02T17:16:38.130900,$GAGSV,04,,34
2026-06-02T17:16:38.130900,$GAGSV,05,,33
2026-06-02T17:16:38.130900,$GAGSV,06,,41
2026-06-02T17:16:38.130900,$GAGSV,09,,36
2026-06-02T17:16:38.131602,$GAGSV,10,,41
2026-06-02T17:16:38.131602,$GAGSV,11,,37
2026-06-02T17:16:38.131602,$GAGSV,12,,36
2026-06-02T17:16:38.131602,$GAGSV,36,,24
2026-06-02T17:16:38.132858,$GBGSV,06,,38
2026-06-02T17:16:38.132858,$GBGSV,07,,39
2026-06-02T17:16:38.132858,$GBGSV,08,,36
2026-06-02T17:16:38.132858,$GBGSV,09,,38
2026-06-02T17:16:38.133526,$GBGSV,10,,42
2026-06-02T17:16:38.133526,$GBGSV,13,,36
2026-06-02T17:16:38.133526,$GBGSV,14,,38
2026-06-02T17:16:38.133526,$GBGSV,34,,40
2026-06-02T17:16:38.133992,$GBGSV,09,,32
2026-06-02T17:16:38.133992,$GBGSV,10,,36
2026-06-02T17:16:39.130281,$GPGSV,10,,33
2026-06-02T17:16:39.130281,$GPGSV,18,,43
2026-06-02T17:16:39.130281,$GPGSV,23,,38
2026-06-02T17:16:39.130281,$GPGSV,24,,34
2026-06-02T17:16:39.130983,$GPGSV,32,,35
2026-06-02T17:16:39.130983,$GPGSV,41,,41
2026-06-02T17:16:39.130983,$GPGSV,42,,38
2026-06-02T17:16:39.130983,$GPGSV,50,,37
2026-06-02T17:16:39.131672,$GPGSV,10,,24
2026-06-02T17:16:39.131672,$GPGSV,18,,40
2026-06-02T17:16:39.131672,$GPGSV,23,,36
2026-06-02T17:16:39.131672,$GPGSV,24,,29
2026-06-02T17:16:39.132061,$GPGSV,32,,30
2026-06-02T17:16:39.134303,$GLGSV,65,,32
2026-06-02T17:16:39.134303,$GLGSV,66,,37
2026-06-02T17:16:39.134303,$GLGSV,75,,33
2026-06-02T17:16:39.134303,$GLGSV,76,,36
2026-06-02T17:16:39.134885,$GLGSV,81,,28
2026-06-02T17:16:39.134885,$GLGSV,87,,22
2026-06-02T17:16:39.134885,$GLGSV,88,,36
2026-06-02T17:16:39.135565,$GLGSV,66,,21
2026-06-02T17:16:39.135565,$GLGSV,67,,16
2026-06-02T17:16:39.135565,$GLGSV,75,,41
2026-06-02T17:16:39.135565,$GLGSV,76,,39
2026-06-02T17:16:39.136052,$GLGSV,81,,30
2026-06-02T17:16:39.136052,$GLGSV,88,,38
2026-06-02T17:16:39.137084,$GAGSV,04,,31
2026-06-02T17:16:39.137084,$GAGSV,05,,25
2026-06-02T17:16:39.137084,$GAGSV,06,,37
2026-06-02T17:16:39.137084,$GAGSV,09,,36
2026-06-02T17:16:39.137778,$GAGSV,10,,40
2026-06-02T17:16:39.137778,$GAGSV,11,,35
2026-06-02T17:16:39.137778,$GAGSV,12,,34
2026-06-02T17:16:39.137778,$GAGSV,36,,26
2026-06-02T17:16:39.138810,$GAGSV,04,,36
2026-06-02T17:16:39.138810,$GAGSV,05,,26
2026-06-02T17:16:39.138810,$GAGSV,06,,42
2026-06-02T17:16:39.138810,$GAGSV,09,,37
2026-06-02T17:16:39.139527,$GAGSV,10,,41
2026-06-02T17:16:39.139527,$GAGSV,11,,37
2026-06-02T17:16:39.139527,$GAGSV,12,,36
2026-06-02T17:16:39.139527,$GAGSV,36,,26
2026-06-02T17:16:39.140826,$GBGSV,06,,36
2026-06-02T17:16:39.140826,$GBGSV,07,,41
2026-06-02T17:16:39.140826,$GBGSV,08,,36
2026-06-02T17:16:39.140826,$GBGSV,09,,38
2026-06-02T17:16:39.141497,$GBGSV,10,,42
2026-06-02T17:16:39.141497,$GBGSV,13,,36
2026-06-02T17:16:39.141497,$GBGSV,14,,32
2026-06-02T17:16:39.141497,$GBGSV,34,,39
2026-06-02T17:16:39.141962,$GBGSV,09,,28
2026-06-02T17:16:39.141962,$GBGSV,10,,35
2026-06-02T17:16:40.128677,$GPGSV,10,,33
2026-06-02T17:16:40.128677,$GPGSV,18,,42
2026-06-02T17:16:40.128677,$GPGSV,23,,38
2026-06-02T17:16:40.128677,$GPGSV,24,,36
2026-06-02T17:16:40.129425,$GPGSV,32,,37
2026-06-02T17:16:40.129425,$GPGSV,41,,36
2026-06-02T17:16:40.129425,$GPGSV,42,,41
2026-06-02T17:16:40.129425,$GPGSV,50,,34
2026-06-02T17:16:40.130167,$GPGSV,10,,26
2026-06-02T17:16:40.130167,$GPGSV,18,,40
2026-06-02T17:16:40.130167,$GPGSV,23,,36
2026-06-02T17:16:40.130167,$GPGSV,24,,30
2026-06-02T17:16:40.130580,$GPGSV,32,,30
2026-06-02T17:16:40.132902,$GLGSV,65,,32
2026-06-02T17:16:40.132902,$GLGSV,66,,35
2026-06-02T17:16:40.132902,$GLGSV,75,,29
2026-06-02T17:16:40.132902,$GLGSV,76,,39
2026-06-02T17:16:40.133751,$GLGSV,81,,33
2026-06-02T17:16:40.133751,$GLGSV,87,,22
2026-06-02T17:16:40.133751,$GLGSV,88,,29
2026-06-02T17:16:40.134682,$GLGSV,66,,31
2026-06-02T17:16:40.134682,$GLGSV,67,,16
2026-06-02T17:16:40.134682,$GLGSV,75,,40
2026-06-02T17:16:40.134682,$GLGSV,76,,39
2026-06-02T17:16:40.135212,$GLGSV,81,,30
2026-06-02T17:16:40.135212,$GLGSV,88,,27
2026-06-02T17:16:40.136364,$GAGSV,04,,35
2026-06-02T17:16:40.136364,$GAGSV,05,,23
2026-06-02T17:16:40.136364,$GAGSV,06,,37
2026-06-02T17:16:40.136364,$GAGSV,09,,33
2026-06-02T17:16:40.137291,$GAGSV,10,,39
2026-06-02T17:16:40.137291,$GAGSV,11,,35
2026-06-02T17:16:40.137291,$GAGSV,12,,34
2026-06-02T17:16:40.137291,$GAGSV,36,,25
2026-06-02T17:16:40.138010,$GAGSV,04,,34
2026-06-02T17:16:40.138010,$GAGSV,05,,25
2026-06-02T17:16:40.138010,$GAGSV,06,,38
2026-06-02T17:16:40.138010,$GAGSV,09,,35
2026-06-02T17:16:40.138710,$GAGSV,10,,39
2026-06-02T17:16:40.138710,$GAGSV,11,,38
2026-06-02T17:16:40.138710,$GAGSV,12,,36
2026-06-02T17:16:40.138710,$GAGSV,36,,26
2026-06-02T17:16:40.140020,$GBGSV,06,,29
2026-06-02T17:16:40.140020,$GBGSV,07,,42
2026-06-02T17:16:40.140020,$GBGSV,08,,36
2026-06-02T17:16:40.140020,$GBGSV,09,,37
2026-06-02T17:16:40.140706,$GBGSV,10,,41
2026-06-02T17:16:40.140706,$GBGSV,13,,37
2026-06-02T17:16:40.140706,$GBGSV,14,,35
2026-06-02T17:16:40.140706,$GBGSV,34,,38
2026-06-02T17:16:40.141239,$GBGSV,09,,33
2026-06-02T17:16:40.141239,$GBGSV,10,,36
2026-06-02T17:16:41.129550,$GPGSV,10,,36
2026-06-02T17:16:41.129550,$GPGSV,18,,42
2026-06-02T17:16:41.129550,$GPGSV,23,,40
2026-06-02T17:16:41.129550,$GPGSV,24,,37
2026-06-02T17:16:41.130343,$GPGSV,32,,34
2026-06-02T17:16:41.130343,$GPGSV,41,,42
2026-06-02T17:16:41.130343,$GPGSV,42,,40
2026-06-02T17:16:41.130343,$GPGSV,50,,36
2026-06-02T17:16:41.131037,$GPGSV,10,,27
2026-06-02T17:16:41.131037,$GPGSV,18,,42
2026-06-02T17:16:41.131037,$GPGSV,23,,36
2026-06-02T17:16:41.131037,$GPGSV,24,,30
2026-06-02T17:16:41.131434,$GPGSV,32,,29
2026-06-02T17:16:41.134075,$GLGSV,65,,28
2026-06-02T17:16:41.134075,$GLGSV,66,,30
2026-06-02T17:16:41.134075,$GLGSV,75,,35
2026-06-02T17:16:41.134075,$GLGSV,76,,39
2026-06-02T17:16:41.134672,$GLGSV,81,,33
2026-06-02T17:16:41.134672,$GLGSV,87,,22
2026-06-02T17:16:41.134672,$GLGSV,88,,31
2026-06-02T17:16:41.135360,$GLGSV,66,,30
2026-06-02T17:16:41.135360,$GLGSV,67,,16
2026-06-02T17:16:41.135360,$GLGSV,75,,35
2026-06-02T17:16:41.135360,$GLGSV,76,,34
2026-06-02T17:16:41.135851,$GLGSV,81,,31
2026-06-02T17:16:41.135851,$GLGSV,88,,29
2026-06-02T17:16:41.136888,$GAGSV,04,,32
2026-06-02T17:16:41.136888,$GAGSV,05,,24
2026-06-02T17:16:41.136888,$GAGSV,06,,36
2026-06-02T17:16:41.136888,$GAGSV,09,,36
2026-06-02T17:16:41.137572,$GAGSV,10,,39
2026-06-02T17:16:41.137572,$GAGSV,11,,34
2026-06-02T17:16:41.137572,$GAGSV,12,,34
2026-06-02T17:16:41.137572,$GAGSV,36,,23
2026-06-02T17:16:41.138240,$GAGSV,04,,37
2026-06-02T17:16:41.138240,$GAGSV,05,,25
2026-06-02T17:16:41.138240,$GAGSV,06,,39
2026-06-02T17:16:41.138240,$GAGSV,09,,31
2026-06-02T17:16:41.138896,$GAGSV,10,,40
2026-06-02T17:16:41.138896,$GAGSV,11,,37
2026-06-02T17:16:41.138896,$GAGSV,12,,35
2026-06-02T17:16:41.138896,$GAGSV,36,,32
2026-06-02T17:16:41.140661,$GBGSV,06,,33
2026-06-02T17:16:41.140661,$GBGSV,07,,42
2026-06-02T17:16:41.140661,$GBGSV,08,,36
2026-06-02T17:16:41.140661,$GBGSV,09,,38
2026-06-02T17:16:41.141310,$GBGSV,10,,41
2026-06-02T17:16:41.141310,$GBGSV,13,,37
2026-06-02T17:16:41.141310,$GBGSV,14,,33
2026-06-02T17:16:41.141310,$GBGSV,34,,39
2026-06-02T17:16:41.141813,$GBGSV,09,,33
2026-06-02T17:16:41.141813,$GBGSV,10,,36
2026-06-02T17:16:42.129387,$GPGSV,10,,33
2026-06-02T17:16:42.129387,$GPGSV,18,,42
2026-06-02T17:16:42.129387,$GPGSV,23,,41
2026-06-02T17:16:42.129387,$GPGSV,24,,24
2026-06-02T17:16:42.130151,$GPGSV,32,,33
2026-06-02T17:16:42.130151,$GPGSV,41,,37
2026-06-02T17:16:42.130151,$GPGSV,42,,41
2026-06-02T17:16:42.130151,$GPGSV,50,,35
2026-06-02T17:16:42.130844,$GPGSV,10,,26
2026-06-02T17:16:42.130844,$GPGSV,18,,42
2026-06-02T17:16:42.130844,$GPGSV,23,,34
2026-06-02T17:16:42.130844,$GPGSV,24,,30
2026-06-02T17:16:42.131236,$GPGSV,32,,28
2026-06-02T17:16:42.133495,$GLGSV,65,,32
2026-06-02T17:16:42.133495,$GLGSV,66,,35
2026-06-02T17:16:42.133495,$GLGSV,75,,34
2026-06-02T17:16:42.133495,$GLGSV,76,,30
2026-06-02T17:16:42.134141,$GLGSV,81,,33
2026-06-02T17:16:42.134141,$GLGSV,87,,23
2026-06-02T17:16:42.134141,$GLGSV,88,,36
2026-06-02T17:16:42.134827,$GLGSV,66,,29
2026-06-02T17:16:42.134827,$GLGSV,67,,17
2026-06-02T17:16:42.134827,$GLGSV,75,,36
2026-06-02T17:16:42.134827,$GLGSV,76,,33
2026-06-02T17:16:42.135321,$GLGSV,81,,30
2026-06-02T17:16:42.135321,$GLGSV,88,,38
2026-06-02T17:16:42.136365,$GAGSV,04,,33
2026-06-02T17:16:42.136365,$GAGSV,05,,27
2026-06-02T17:16:42.136365,$GAGSV,06,,37
2026-06-02T17:16:42.136365,$GAGSV,09,,30
2026-06-02T17:16:42.137060,$GAGSV,10,,40
2026-06-02T17:16:42.137060,$GAGSV,11,,34
2026-06-02T17:16:42.137060,$GAGSV,12,,32
2026-06-02T17:16:42.137060,$GAGSV,36,,22
2026-06-02T17:16:42.138169,$GAGSV,04,,39
2026-06-02T17:16:42.138169,$GAGSV,05,,26
2026-06-02T17:16:42.138169,$GAGSV,06,,38
2026-06-02T17:16:42.138169,$GAGSV,09,,34
2026-06-02T17:16:42.139063,$GAGSV,10,,39
2026-06-02T17:16:42.139063,$GAGSV,11,,36
2026-06-02T17:16:42.139063,$GAGSV,12,,35
2026-06-02T17:16:42.139063,$GAGSV,36,,31
2026-06-02T17:16:42.140379,$GBGSV,06,,36
2026-06-02T17:16:42.140379,$GBGSV,07,,42
2026-06-02T17:16:42.140379,$GBGSV,08,,36
2026-06-02T17:16:42.140379,$GBGSV,09,,37
2026-06-02T17:16:42.141072,$GBGSV,10,,42
2026-06-02T17:16:42.141072,$GBGSV,13,,35
2026-06-02T17:16:42.141072,$GBGSV,14,,33
2026-06-02T17:16:42.141072,$GBGSV,34,,40
2026-06-02T17:16:42.141566,$GBGSV,09,,33
2026-06-02T17:16:42.141566,$GBGSV,10,,37
2026-06-02T17:16:43.130282,$GPGSV,10,,28
2026-06-02T17:16:43.130282,$GPGSV,18,,41
2026-06-02T17:16:43.130282,$GPGSV,23,,38
2026-06-02T17:16:43.130282,$GPGSV,24,,26
2026-06-02T17:16:43.131024,$GPGSV,32,,40
2026-06-02T17:16:43.131024,$GPGSV,41,,41
2026-06-02T17:16:43.131024,$GPGSV,42,,40
2026-06-02T17:16:43.131024,$GPGSV,50,,37
2026-06-02T17:16:43.131745,$GPGSV,10,,27
2026-06-02T17:16:43.131745,$GPGSV,18,,40
2026-06-02T17:16:43.131745,$GPGSV,23,,31
2026-06-02T17:16:43.131745,$GPGSV,24,,22
2026-06-02T17:16:43.132156,$GPGSV,32,,32
2026-06-02T17:16:43.134528,$GLGSV,65,,26
2026-06-02T17:16:43.134528,$GLGSV,66,,27
2026-06-02T17:16:43.134528,$GLGSV,75,,31
2026-06-02T17:16:43.134528,$GLGSV,76,,33
2026-06-02T17:16:43.135396,$GLGSV,81,,24
2026-06-02T17:16:43.135396,$GLGSV,87,,24
2026-06-02T17:16:43.135396,$GLGSV,88,,36
2026-06-02T17:16:43.136304,$GLGSV,66,,33
2026-06-02T17:16:43.136304,$GLGSV,67,,16
2026-06-02T17:16:43.136304,$GLGSV,75,,36
2026-06-02T17:16:43.136304,$GLGSV,76,,34
2026-06-02T17:16:43.136819,$GLGSV,81,,31
2026-06-02T17:16:43.136819,$GLGSV,88,,41
2026-06-02T17:16:43.137990,$GAGSV,04,,35
2026-06-02T17:16:43.137990,$GAGSV,05,,26
2026-06-02T17:16:43.137990,$GAGSV,06,,38
2026-06-02T17:16:43.137990,$GAGSV,09,,32
2026-06-02T17:16:43.139037,$GAGSV,10,,39
2026-06-02T17:16:43.139037,$GAGSV,11,,34
2026-06-02T17:16:43.139037,$GAGSV,12,,33
2026-06-02T17:16:43.139037,$GAGSV,36,,22
2026-06-02T17:16:43.139753,$GAGSV,04,,36
2026-06-02T17:16:43.139753,$GAGSV,05,,26
2026-06-02T17:16:43.139753,$GAGSV,06,,38
2026-06-02T17:16:43.139753,$GAGSV,09,,34
2026-06-02T17:16:43.140446,$GAGSV,10,,40
2026-06-02T17:16:43.140446,$GAGSV,11,,37
2026-06-02T17:16:43.140446,$GAGSV,12,,36
2026-06-02T17:16:43.140446,$GAGSV,36,,31
2026-06-02T17:16:43.141781,$GBGSV,06,,30
2026-06-02T17:16:43.141781,$GBGSV,07,,40
2026-06-02T17:16:43.141781,$GBGSV,08,,36
2026-06-02T17:16:43.141781,$GBGSV,09,,37
2026-06-02T17:16:43.142524,$GBGSV,10,,41
2026-06-02T17:16:43.142524,$GBGSV,13,,35
2026-06-02T17:16:43.142524,$GBGSV,14,,39
2026-06-02T17:16:43.142524,$GBGSV,34,,40
2026-06-02T17:16:43.143022,$GBGSV,09,,34
2026-06-02T17:16:43.143022,$GBGSV,10,,37
2026-06-02T17:16:44.130217,$GPGSV,10,,28
2026-06-02T17:16:44.130217,$GPGSV,18,,42
2026-06-02T17:16:44.130217,$GPGSV,23,,41
2026-06-02T17:16:44.130217,$GPGSV,24,,35
2026-06-02T17:16:44.130927,$GPGSV,32,,36
2026-06-02T17:16:44.130927,$GPGSV,41,,33
2026-06-02T17:16:44.130927,$GPGSV,42,,40
2026-06-02T17:16:44.130927,$GPGSV,50,,38
2026-06-02T17:16:44.131613,$GPGSV,10,,27
2026-06-02T17:16:44.131613,$GPGSV,18,,41
2026-06-02T17:16:44.131613,$GPGSV,23,,35
2026-06-02T17:16:44.131613,$GPGSV,24,,24
2026-06-02T17:16:44.132017,$GPGSV,32,,30
2026-06-02T17:16:44.134276,$GLGSV,65,,25
2026-06-02T17:16:44.134276,$GLGSV,66,,31
2026-06-02T17:16:44.134276,$GLGSV,75,,35
2026-06-02T17:16:44.134276,$GLGSV,76,,32
2026-06-02T17:16:44.135049,$GLGSV,81,,26
2026-06-02T17:16:44.135049,$GLGSV,87,,26
2026-06-02T17:16:44.135049,$GLGSV,88,,38
2026-06-02T17:16:44.136049,$GLGSV,66,,27
2026-06-02T17:16:44.136049,$GLGSV,67,,16
2026-06-02T17:16:44.136049,$GLGSV,75,,35
2026-06-02T17:16:44.136049,$GLGSV,76,,35
2026-06-02T17:16:44.136557,$GLGSV,81,,35
2026-06-02T17:16:44.136557,$GLGSV,88,,40
2026-06-02T17:16:44.137609,$GAGSV,04,,36
2026-06-02T17:16:44.137609,$GAGSV,05,,27
2026-06-02T17:16:44.137609,$GAGSV,06,,37
2026-06-02T17:16:44.137609,$GAGSV,09,,32
2026-06-02T17:16:44.138538,$GAGSV,10,,39
2026-06-02T17:16:44.138538,$GAGSV,11,,35
2026-06-02T17:16:44.138538,$GAGSV,12,,35
2026-06-02T17:16:44.138538,$GAGSV,36,,25
2026-06-02T17:16:44.139232,$GAGSV,04,,36
2026-06-02T17:16:44.139232,$GAGSV,05,,28
2026-06-02T17:16:44.139232,$GAGSV,06,,38
2026-06-02T17:16:44.139232,$GAGSV,09,,35
2026-06-02T17:16:44.139918,$GAGSV,10,,40
2026-06-02T17:16:44.139918,$GAGSV,11,,37
2026-06-02T17:16:44.139918,$GAGSV,12,,36
2026-06-02T17:16:44.139918,$GAGSV,36,,25
2026-06-02T17:16:44.141204,$GBGSV,06,,33
2026-06-02T17:16:44.141204,$GBGSV,07,,42
2026-06-02T17:16:44.141204,$GBGSV,08,,36
2026-06-02T17:16:44.141204,$GBGSV,09,,37
2026-06-02T17:16:44.141909,$GBGSV,10,,40
2026-06-02T17:16:44.141909,$GBGSV,13,,36
2026-06-02T17:16:44.141909,$GBGSV,14,,37
2026-06-02T17:16:44.141909,$GBGSV,34,,38
2026-06-02T17:16:44.142434,$GBGSV,09,,34
2026-06-02T17:16:44.142434,$GBGSV,10,,37
2026-06-02T17:16:45.127484,$GPGSV,10,,30
2026-06-02T17:16:45.127484,$GPGSV,18,,41
2026-06-02T17:16:45.127484,$GPGSV,23,,41
2026-06-02T17:16:45.127484,$GPGSV,24,,32
2026-06-02T17:16:45.128218,$GPGSV,32,,34
2026-06-02T17:16:45.128218,$GPGSV,41,,38
2026-06-02T17:16:45.128218,$GPGSV,42,,38
2026-06-02T17:16:45.128218,$GPGSV,50,,37
2026-06-02T17:16:45.128938,$GPGSV,10,,28
2026-06-02T17:16:45.128938,$GPGSV,18,,41
2026-06-02T17:16:45.128938,$GPGSV,23,,35
2026-06-02T17:16:45.128938,$GPGSV,24,,25
2026-06-02T17:16:45.129348,$GPGSV,32,,29
2026-06-02T17:16:45.131734,$GLGSV,65,,23
2026-06-02T17:16:45.131734,$GLGSV,66,,30
2026-06-02T17:16:45.131734,$GLGSV,75,,27
2026-06-02T17:16:45.131734,$GLGSV,76,,35
2026-06-02T17:16:45.132346,$GLGSV,81,,32
2026-06-02T17:16:45.132346,$GLGSV,87,,26
2026-06-02T17:16:45.132346,$GLGSV,88,,39
2026-06-02T17:16:45.133064,$GLGSV,66,,31
2026-06-02T17:16:45.133064,$GLGSV,67,,16
2026-06-02T17:16:45.133064,$GLGSV,75,,33
2026-06-02T17:16:45.133064,$GLGSV,76,,37
2026-06-02T17:16:45.133573,$GLGSV,81,,31
2026-06-02T17:16:45.133573,$GLGSV,88,,38
2026-06-02T17:16:45.134698,$GAGSV,04,,36
2026-06-02T17:16:45.134698,$GAGSV,05,,29
2026-06-02T17:16:45.134698,$GAGSV,06,,37
2026-06-02T17:16:45.134698,$GAGSV,09,,33
2026-06-02T17:16:45.135407,$GAGSV,10,,38
2026-06-02T17:16:45.135407,$GAGSV,11,,34
2026-06-02T17:16:45.135407,$GAGSV,12,,34
2026-06-02T17:16:45.135407,$GAGSV,36,,27
2026-06-02T17:16:45.136141,$GAGSV,04,,36
2026-06-02T17:16:45.136141,$GAGSV,05,,31
2026-06-02T17:16:45.136141,$GAGSV,06,,39
2026-06-02T17:16:45.136141,$GAGSV,09,,35
2026-06-02T17:16:45.136866,$GAGSV,10,,41
2026-06-02T17:16:45.136866,$GAGSV,11,,37
2026-06-02T17:16:45.136866,$GAGSV,12,,36
2026-06-02T17:16:45.136866,$GAGSV,36,,28
2026-06-02T17:16:45.138206,$GBGSV,06,,33
2026-06-02T17:16:45.138206,$GBGSV,07,,41
2026-06-02T17:16:45.138206,$GBGSV,08,,34
2026-06-02T17:16:45.138206,$GBGSV,09,,36
2026-06-02T17:16:45.138914,$GBGSV,10,,39
2026-06-02T17:16:45.138914,$GBGSV,13,,36
2026-06-02T17:16:45.138914,$GBGSV,14,,34
2026-06-02T17:16:45.138914,$GBGSV,34,,36
2026-06-02T17:16:45.139422,$GBGSV,09,,34
2026-06-02T17:16:45.139422,$GBGSV,10,,37
2026-06-02T17:16:46.132553,$GPGSV,10,,34
2026-06-02T17:16:46.132553,$GPGSV,18,,41
2026-06-02T17:16:46.132553,$GPGSV,23,,39
2026-06-02T17:16:46.132553,$GPGSV,24,,35
2026-06-02T17:16:46.133330,$GPGSV,32,,33
2026-06-02T17:16:46.133330,$GPGSV,41,,41
2026-06-02T17:16:46.133330,$GPGSV,42,,41
2026-06-02T17:16:46.133330,$GPGSV,50,,35
2026-06-02T17:16:46.134089,$GPGSV,10,,28
2026-06-02T17:16:46.134089,$GPGSV,18,,41
2026-06-02T17:16:46.134089,$GPGSV,23,,34
2026-06-02T17:16:46.134089,$GPGSV,24,,23
2026-06-02T17:16:46.134525,$GPGSV,32,,28
2026-06-02T17:16:46.136970,$GLGSV,65,,22
2026-06-02T17:16:46.136970,$GLGSV,66,,32
2026-06-02T17:16:46.136970,$GLGSV,75,,28
2026-06-02T17:16:46.136970,$GLGSV,76,,27
2026-06-02T17:16:46.137573,$GLGSV,81,,35
2026-06-02T17:16:46.137573,$GLGSV,87,,26
2026-06-02T17:16:46.137573,$GLGSV,88,,42
2026-06-02T17:16:46.138296,$GLGSV,66,,35
2026-06-02T17:16:46.138296,$GLGSV,67,,15
2026-06-02T17:16:46.138296,$GLGSV,75,,34
2026-06-02T17:16:46.138296,$GLGSV,76,,35
2026-06-02T17:16:46.138807,$GLGSV,81,,34
2026-06-02T17:16:46.138807,$GLGSV,88,,44
2026-06-02T17:16:46.139886,$GAGSV,04,,35
2026-06-02T17:16:46.139886,$GAGSV,05,,29
2026-06-02T17:16:46.139886,$GAGSV,06,,36
2026-06-02T17:16:46.139886,$GAGSV,09,,32
2026-06-02T17:16:46.140594,$GAGSV,10,,37
2026-06-02T17:16:46.140594,$GAGSV,11,,32
2026-06-02T17:16:46.140594,$GAGSV,12,,33
2026-06-02T17:16:46.140594,$GAGSV,36,,31
2026-06-02T17:16:46.141430,$GAGSV,04,,37
2026-06-02T17:16:46.141430,$GAGSV,05,,31
2026-06-02T17:16:46.141430,$GAGSV,06,,37
2026-06-02T17:16:46.141430,$GAGSV,09,,32
2026-06-02T17:16:46.142162,$GAGSV,10,,40
2026-06-02T17:16:46.142162,$GAGSV,11,,35
2026-06-02T17:16:46.142162,$GAGSV,12,,35
2026-06-02T17:16:46.142162,$GAGSV,36,,33
2026-06-02T17:16:46.143547,$GBGSV,06,,35
2026-06-02T17:16:46.143547,$GBGSV,07,,41
2026-06-02T17:16:46.143547,$GBGSV,08,,35
2026-06-02T17:16:46.143547,$GBGSV,09,,33
2026-06-02T17:16:46.144250,$GBGSV,10,,41
2026-06-02T17:16:46.144250,$GBGSV,13,,32
2026-06-02T17:16:46.144250,$GBGSV,14,,39
2026-06-02T17:16:46.144250,$GBGSV,34,,41
2026-06-02T17:16:46.144863,$GBGSV,09,,34
2026-06-02T17:16:46.144863,$GBGSV,10,,37
2026-06-02T17:16:46.144863,$GBGSV,14,,20
2026-06-02T17:16:47.122595,$GPGSV,10,,25
2026-06-02T17:16:47.122595,$GPGSV,18,,38
2026-06-02T17:16:47.122595,$GPGSV,23,,41
2026-06-02T17:16:47.122595,$GPGSV,24,,34
2026-06-02T17:16:47.123388,$GPGSV,32,,33
2026-06-02T17:16:47.123388,$GPGSV,41,,41
2026-06-02T17:16:47.123388,$GPGSV,42,,42
2026-06-02T17:16:47.123388,$GPGSV,50,,37
2026-06-02T17:16:47.124131,$GPGSV,10,,27
2026-06-02T17:16:47.124131,$GPGSV,18,,41
2026-06-02T17:16:47.124131,$GPGSV,23,,35
2026-06-02T17:16:47.124131,$GPGSV,24,,26
2026-06-02T17:16:47.124561,$GPGSV,32,,28
2026-06-02T17:16:47.127022,$GLGSV,65,,22
2026-06-02T17:16:47.127022,$GLGSV,66,,35
2026-06-02T17:16:47.127022,$GLGSV,75,,29
2026-06-02T17:16:47.127022,$GLGSV,76,,28
2026-06-02T17:16:47.127663,$GLGSV,81,,29
2026-06-02T17:16:47.127663,$GLGSV,87,,26
2026-06-02T17:16:47.127663,$GLGSV,88,,43
2026-06-02T17:16:47.128400,$GLGSV,66,,34
2026-06-02T17:16:47.128400,$GLGSV,67,,16
2026-06-02T17:16:47.128400,$GLGSV,75,,35
2026-06-02T17:16:47.128400,$GLGSV,76,,29
2026-06-02T17:16:47.128935,$GLGSV,81,,30
2026-06-02T17:16:47.128935,$GLGSV,88,,40
2026-06-02T17:16:47.130252,$GAGSV,04,,35
2026-06-02T17:16:47.130252,$GAGSV,05,,33
2026-06-02T17:16:47.130252,$GAGSV,06,,36
2026-06-02T17:16:47.130252,$GAGSV,09,,26
2026-06-02T17:16:47.131010,$GAGSV,10,,37
2026-06-02T17:16:47.131010,$GAGSV,11,,33
2026-06-02T17:16:47.131010,$GAGSV,12,,33
2026-06-02T17:16:47.131010,$GAGSV,36,,29
2026-06-02T17:16:47.131721,$GAGSV,04,,36
2026-06-02T17:16:47.131721,$GAGSV,05,,30
2026-06-02T17:16:47.131721,$GAGSV,06,,37
2026-06-02T17:16:47.131721,$GAGSV,09,,38
2026-06-02T17:16:47.132425,$GAGSV,10,,40
2026-06-02T17:16:47.132425,$GAGSV,11,,34
2026-06-02T17:16:47.132425,$GAGSV,12,,35
2026-06-02T17:16:47.132425,$GAGSV,36,,27
2026-06-02T17:16:47.133775,$GBGSV,06,,36
2026-06-02T17:16:47.133775,$GBGSV,07,,42
2026-06-02T17:16:47.133775,$GBGSV,08,,35
2026-06-02T17:16:47.133775,$GBGSV,09,,35
2026-06-02T17:16:47.134479,$GBGSV,10,,41
2026-06-02T17:16:47.134479,$GBGSV,13,,18
2026-06-02T17:16:47.134479,$GBGSV,14,,35
2026-06-02T17:16:47.134479,$GBGSV,34,,37
2026-06-02T17:16:47.135201,$GBGSV,09,,33
2026-06-02T17:16:47.135201,$GBGSV,10,,37
2026-06-02T17:16:47.135201,$GBGSV,13,,14
2026-06-02T17:16:47.135201,$GBGSV,14,,17
2026-06-02T17:16:48.136924,$GPGSV,10,,26
2026-06-02T17:16:48.136924,$GPGSV,18,,41
2026-06-02T17:16:48.136924,$GPGSV,23,,41
2026-06-02T17:16:48.136924,$GPGSV,24,,37
2026-06-02T17:16:48.137665,$GPGSV,32,,35
2026-06-02T17:16:48.137665,$GPGSV,41,,36
2026-06-02T17:16:48.137665,$GPGSV,42,,41
2026-06-02T17:16:48.137665,$GPGSV,50,,36
2026-06-02T17:16:48.138378,$GPGSV,10,,27
2026-06-02T17:16:48.138378,$GPGSV,18,,41
2026-06-02T17:16:48.138378,$GPGSV,23,,36
2026-06-02T17:16:48.138378,$GPGSV,24,,28
2026-06-02T17:16:48.138796,$GPGSV,32,,26
2026-06-02T17:16:48.141100,$GLGSV,65,,23
2026-06-02T17:16:48.141100,$GLGSV,66,,33
2026-06-02T17:16:48.141100,$GLGSV,75,,35
2026-06-02T17:16:48.141100,$GLGSV,76,,28
2026-06-02T17:16:48.141694,$GLGSV,81,,36
2026-06-02T17:16:48.141694,$GLGSV,87,,28
2026-06-02T17:16:48.141694,$GLGSV,88,,40
2026-06-02T17:16:48.142385,$GLGSV,66,,39
2026-06-02T17:16:48.142385,$GLGSV,67,,16
2026-06-02T17:16:48.142385,$GLGSV,75,,32
2026-06-02T17:16:48.142385,$GLGSV,76,,34
2026-06-02T17:16:48.142879,$GLGSV,81,,30
2026-06-02T17:16:48.142879,$GLGSV,88,,38
2026-06-02T17:16:48.143898,$GAGSV,04,,32
2026-06-02T17:16:48.143898,$GAGSV,05,,32
2026-06-02T17:16:48.143898,$GAGSV,06,,37
2026-06-02T17:16:48.143898,$GAGSV,09,,26
2026-06-02T17:16:48.144585,$GAGSV,10,,38
2026-06-02T17:16:48.144585,$GAGSV,11,,33
2026-06-02T17:16:48.144585,$GAGSV,12,,34
2026-06-02T17:16:48.144585,$GAGSV,36,,28
2026-06-02T17:16:48.145269,$GAGSV,04,,37
2026-06-02T17:16:48.145269,$GAGSV,05,,30
2026-06-02T17:16:48.145269,$GAGSV,06,,39
2026-06-02T17:16:48.145269,$GAGSV,09,,35
2026-06-02T17:16:48.145989,$GAGSV,10,,40
2026-06-02T17:16:48.145989,$GAGSV,11,,35
2026-06-02T17:16:48.145989,$GAGSV,12,,37
2026-06-02T17:16:48.145989,$GAGSV,36,,27
2026-06-02T17:16:48.147179,$GBGSV,06,,36
2026-06-02T17:16:48.147179,$GBGSV,07,,42
2026-06-02T17:16:48.147179,$GBGSV,08,,36
2026-06-02T17:16:48.147179,$GBGSV,09,,34
2026-06-02T17:16:48.147819,$GBGSV,10,,40
2026-06-02T17:16:48.147819,$GBGSV,13,,21
2026-06-02T17:16:48.147819,$GBGSV,14,,31
2026-06-02T17:16:48.147819,$GBGSV,34,,39
2026-06-02T17:16:48.148426,$GBGSV,09,,33
2026-06-02T17:16:48.148426,$GBGSV,10,,37
2026-06-02T17:16:48.148426,$GBGSV,13,,11
2026-06-02T17:16:48.148426,$GBGSV,14,,14
2026-06-02T17:16:49.129595,$GPGSV,10,,31
2026-06-02T17:16:49.129595,$GPGSV,18,,41
2026-06-02T17:16:49.129595,$GPGSV,23,,37
2026-06-02T17:16:49.129595,$GPGSV,24,,37
2026-06-02T17:16:49.130303,$GPGSV,32,,35
2026-06-02T17:16:49.130303,$GPGSV,41,,41
2026-06-02T17:16:49.130303,$GPGSV,42,,42
2026-06-02T17:16:49.130303,$GPGSV,50,,36
2026-06-02T17:16:49.130941,$GPGSV,10,,27
2026-06-02T17:16:49.130941,$GPGSV,18,,41
2026-06-02T17:16:49.130941,$GPGSV,23,,36
2026-06-02T17:16:49.130941,$GPGSV,24,,30
2026-06-02T17:16:49.131301,$GPGSV,32,,27
2026-06-02T17:16:49.133325,$GLGSV,65,,23
2026-06-02T17:16:49.133325,$GLGSV,66,,28
2026-06-02T17:16:49.133325,$GLGSV,75,,38
2026-06-02T17:16:49.133325,$GLGSV,76,,19
2026-06-02T17:16:49.133856,$GLGSV,81,,36
2026-06-02T17:16:49.133856,$GLGSV,87,,28
2026-06-02T17:16:49.133856,$GLGSV,88,,40
2026-06-02T17:16:49.134460,$GLGSV,66,,34
2026-06-02T17:16:49.134460,$GLGSV,67,,16
2026-06-02T17:16:49.134460,$GLGSV,75,,38
2026-06-02T17:16:49.134460,$GLGSV,76,,30
2026-06-02T17:16:49.134923,$GLGSV,81,,31
2026-06-02T17:16:49.134923,$GLGSV,88,,42
2026-06-02T17:16:49.135852,$GAGSV,04,,33
2026-06-02T17:16:49.135852,$GAGSV,05,,32
2026-06-02T17:16:49.135852,$GAGSV,06,,39
2026-06-02T17:16:49.135852,$GAGSV,09,,37
2026-06-02T17:16:49.136459,$GAGSV,10,,39
2026-06-02T17:16:49.136459,$GAGSV,11,,34
2026-06-02T17:16:49.136459,$GAGSV,12,,34
2026-06-02T17:16:49.136459,$GAGSV,36,,30
2026-06-02T17:16:49.137198,$GAGSV,04,,37
2026-06-02T17:16:49.137198,$GAGSV,05,,30
2026-06-02T17:16:49.137198,$GAGSV,06,,37
2026-06-02T17:16:49.137198,$GAGSV,09,,36
2026-06-02T17:16:49.137944,$GAGSV,10,,40
2026-06-02T17:16:49.137944,$GAGSV,11,,37
2026-06-02T17:16:49.137944,$GAGSV,12,,36
2026-06-02T17:16:49.137944,$GAGSV,36,,26
2026-06-02T17:16:49.139089,$GBGSV,06,,38
2026-06-02T17:16:49.139089,$GBGSV,07,,42
2026-06-02T17:16:49.139089,$GBGSV,08,,36
2026-06-02T17:16:49.139089,$GBGSV,09,,36
2026-06-02T17:16:49.139691,$GBGSV,10,,41
2026-06-02T17:16:49.139691,$GBGSV,13,,24
2026-06-02T17:16:49.139691,$GBGSV,14,,34
2026-06-02T17:16:49.139691,$GBGSV,34,,39
2026-06-02T17:16:49.140296,$GBGSV,09,,33
2026-06-02T17:16:49.140296,$GBGSV,10,,37
2026-06-02T17:16:49.140296,$GBGSV,13,,09
2026-06-02T17:16:49.140296,$GBGSV,14,,10
2026-06-02T17:16:50.136659,$GPGSV,10,,34
2026-06-02T17:16:50.136659,$GPGSV,18,,41
2026-06-02T17:16:50.136659,$GPGSV,23,,40
2026-06-02T17:16:50.136659,$GPGSV,24,,37
2026-06-02T17:16:50.139042,$GPGSV,32,,36
2026-06-02T17:16:50.139042,$GPGSV,41,,41
2026-06-02T17:16:50.139042,$GPGSV,42,,43
2026-06-02T17:16:50.139042,$GPGSV,50,,36
2026-06-02T17:16:50.141326,$GPGSV,10,,26
2026-06-02T17:16:50.141326,$GPGSV,18,,42
2026-06-02T17:16:50.141326,$GPGSV,23,,35
2026-06-02T17:16:50.141326,$GPGSV,24,,32
2026-06-02T17:16:50.142789,$GPGSV,32,,28
2026-06-02T17:16:50.150640,$GLGSV,65,,24
2026-06-02T17:16:50.150640,$GLGSV,66,,33
2026-06-02T17:16:50.150640,$GLGSV,75,,35
2026-06-02T17:16:50.150640,$GLGSV,76,,28
2026-06-02T17:16:50.152030,$GLGSV,81,,32
2026-06-02T17:16:50.152030,$GLGSV,87,,29
2026-06-02T17:16:50.152030,$GLGSV,88,,41
2026-06-02T17:16:50.153480,$GLGSV,66,,34
2026-06-02T17:16:50.153480,$GLGSV,67,,16
2026-06-02T17:16:50.153480,$GLGSV,75,,36
2026-06-02T17:16:50.153480,$GLGSV,76,,34
2026-06-02T17:16:50.154360,$GLGSV,81,,35
2026-06-02T17:16:50.154360,$GLGSV,88,,39
2026-06-02T17:16:50.156025,$GAGSV,04,,34
2026-06-02T17:16:50.156025,$GAGSV,05,,32
2026-06-02T17:16:50.156025,$GAGSV,06,,37
2026-06-02T17:16:50.156025,$GAGSV,09,,35
2026-06-02T17:16:50.157203,$GAGSV,10,,38
2026-06-02T17:16:50.157203,$GAGSV,11,,34
2026-06-02T17:16:50.157203,$GAGSV,12,,35
2026-06-02T17:16:50.157203,$GAGSV,36,,23
2026-06-02T17:16:50.158501,$GAGSV,04,,35
2026-06-02T17:16:50.158501,$GAGSV,05,,34
2026-06-02T17:16:50.158501,$GAGSV,06,,39
2026-06-02T17:16:50.158501,$GAGSV,09,,38
2026-06-02T17:16:50.159430,$GAGSV,10,,38
2026-06-02T17:16:50.159430,$GAGSV,11,,37
2026-06-02T17:16:50.159430,$GAGSV,12,,36
2026-06-02T17:16:50.159430,$GAGSV,36,,24
2026-06-02T17:16:50.161035,$GBGSV,06,,40
2026-06-02T17:16:50.161035,$GBGSV,07,,42
2026-06-02T17:16:50.161035,$GBGSV,08,,37
2026-06-02T17:16:50.161035,$GBGSV,09,,36
2026-06-02T17:16:50.161955,$GBGSV,10,,41
2026-06-02T17:16:50.161955,$GBGSV,13,,31
2026-06-02T17:16:50.161955,$GBGSV,14,,31
2026-06-02T17:16:50.161955,$GBGSV,34,,38
2026-06-02T17:16:50.162803,$GBGSV,09,,33
2026-06-02T17:16:50.162803,$GBGSV,10,,37
2026-06-02T17:16:50.162803,$GBGSV,13,,08
2026-06-02T17:16:50.162803,$GBGSV,14,,08
2026-06-02T17:16:51.132072,$GPGSV,10,,33
2026-06-02T17:16:51.132072,$GPGSV,18,,42
2026-06-02T17:16:51.132072,$GPGSV,23,,38
2026-06-02T17:16:51.132072,$GPGSV,24,,36
2026-06-02T17:16:51.132814,$GPGSV,32,,35
2026-06-02T17:16:51.132814,$GPGSV,41,,42
2026-06-02T17:16:51.132814,$GPGSV,42,,41
2026-06-02T17:16:51.132814,$GPGSV,50,,34
2026-06-02T17:16:51.133536,$GPGSV,10,,27
2026-06-02T17:16:51.133536,$GPGSV,18,,42
2026-06-02T17:16:51.133536,$GPGSV,23,,37
2026-06-02T17:16:51.133536,$GPGSV,24,,32
2026-06-02T17:16:51.133963,$GPGSV,32,,28
2026-06-02T17:16:51.136316,$GLGSV,65,,24
2026-06-02T17:16:51.136316,$GLGSV,66,,35
2026-06-02T17:16:51.136316,$GLGSV,75,,28
2026-06-02T17:16:51.136316,$GLGSV,76,,27
2026-06-02T17:16:51.136927,$GLGSV,81,,32
2026-06-02T17:16:51.136927,$GLGSV,87,,30
2026-06-02T17:16:51.136927,$GLGSV,88,,41
2026-06-02T17:16:51.137642,$GLGSV,66,,35
2026-06-02T17:16:51.137642,$GLGSV,67,,15
2026-06-02T17:16:51.137642,$GLGSV,75,,36
2026-06-02T17:16:51.137642,$GLGSV,76,,26
2026-06-02T17:16:51.138151,$GLGSV,81,,25
2026-06-02T17:16:51.138151,$GLGSV,88,,39
2026-06-02T17:16:51.139645,$GAGSV,04,,34
2026-06-02T17:16:51.139645,$GAGSV,05,,30
2026-06-02T17:16:51.139645,$GAGSV,06,,37
2026-06-02T17:16:51.139645,$GAGSV,09,,35
2026-06-02T17:16:51.140414,$GAGSV,10,,38
2026-06-02T17:16:51.140414,$GAGSV,11,,34
2026-06-02T17:16:51.140414,$GAGSV,12,,34
2026-06-02T17:16:51.140414,$GAGSV,36,,22
2026-06-02T17:16:51.141128,$GAGSV,04,,37
2026-06-02T17:16:51.141128,$GAGSV,05,,33
2026-06-02T17:16:51.141128,$GAGSV,06,,40
2026-06-02T17:16:51.141128,$GAGSV,09,,36
2026-06-02T17:16:51.141876,$GAGSV,10,,40
2026-06-02T17:16:51.141876,$GAGSV,11,,36
2026-06-02T17:16:51.141876,$GAGSV,12,,36
2026-06-02T17:16:51.141876,$GAGSV,36,,24
2026-06-02T17:16:51.143274,$GBGSV,06,,37
2026-06-02T17:16:51.143274,$GBGSV,07,,41
2026-06-02T17:16:51.143274,$GBGSV,08,,37
2026-06-02T17:16:51.143274,$GBGSV,09,,36
2026-06-02T17:16:51.143979,$GBGSV,10,,41
2026-06-02T17:16:51.143979,$GBGSV,13,,32
2026-06-02T17:16:51.143979,$GBGSV,14,,32
2026-06-02T17:16:51.143979,$GBGSV,34,,38
2026-06-02T17:16:51.144811,$GBGSV,09,,34
2026-06-02T17:16:51.144811,$GBGSV,10,,34
2026-06-02T17:16:51.144811,$GBGSV,13,,08
2026-06-02T17:16:51.144811,$GBGSV,14,,07
2026-06-02T17:16:52.144434,$GPGSV,10,,28
2026-06-02T17:16:52.144434,$GPGSV,18,,41
2026-06-02T17:16:52.144434,$GPGSV,23,,38
2026-06-02T17:16:52.144434,$GPGSV,24,,40
2026-06-02T17:16:52.146880,$GPGSV,32,,35
2026-06-02T17:16:52.146880,$GPGSV,41,,42
2026-06-02T17:16:52.146880,$GPGSV,42,,41
2026-06-02T17:16:52.146880,$GPGSV,50,,38
2026-06-02T17:16:52.149126,$GPGSV,10,,27
2026-06-02T17:16:52.149126,$GPGSV,18,,42
2026-06-02T17:16:52.149126,$GPGSV,23,,36
2026-06-02T17:16:52.149126,$GPGSV,24,,33
2026-06-02T17:16:52.150580,$GPGSV,32,,30
2026-06-02T17:16:52.159027,$GLGSV,65,,25
2026-06-02T17:16:52.159027,$GLGSV,66,,32
2026-06-02T17:16:52.159027,$GLGSV,75,,30
2026-06-02T17:16:52.159027,$GLGSV,76,,27
2026-06-02T17:16:52.161313,$GLGSV,81,,26
2026-06-02T17:16:52.161313,$GLGSV,87,,30
2026-06-02T17:16:52.161313,$GLGSV,88,,39
2026-06-02T17:16:52.163505,$GLGSV,66,,37
2026-06-02T17:16:52.163505,$GLGSV,67,,14
2026-06-02T17:16:52.163505,$GLGSV,75,,34
2026-06-02T17:16:52.163505,$GLGSV,76,,26
2026-06-02T17:16:52.164630,$GLGSV,81,,25
2026-06-02T17:16:52.164630,$GLGSV,88,,37
2026-06-02T17:16:52.167020,$GAGSV,04,,36
2026-06-02T17:16:52.167020,$GAGSV,05,,30
2026-06-02T17:16:52.167020,$GAGSV,06,,37
2026-06-02T17:16:52.167020,$GAGSV,09,,34
2026-06-02T17:16:52.168657,$GAGSV,10,,37
2026-06-02T17:16:52.168657,$GAGSV,11,,35
2026-06-02T17:16:52.168657,$GAGSV,12,,33
2026-06-02T17:16:52.168657,$GAGSV,36,,24
2026-06-02T17:16:52.169872,$GAGSV,04,,35
2026-06-02T17:16:52.169872,$GAGSV,05,,32
2026-06-02T17:16:52.169872,$GAGSV,06,,37
2026-06-02T17:16:52.169872,$GAGSV,09,,36
2026-06-02T17:16:52.170938,$GAGSV,10,,40
2026-06-02T17:16:52.170938,$GAGSV,11,,34
2026-06-02T17:16:52.170938,$GAGSV,12,,36
2026-06-02T17:16:52.170938,$GAGSV,36,,30
2026-06-02T17:16:52.172962,$GBGSV,06,,40
2026-06-02T17:16:52.172962,$GBGSV,07,,39
2026-06-02T17:16:52.172962,$GBGSV,08,,37
2026-06-02T17:16:52.172962,$GBGSV,09,,38
2026-06-02T17:16:52.173981,$GBGSV,10,,39
2026-06-02T17:16:52.173981,$GBGSV,13,,38
2026-06-02T17:16:52.173981,$GBGSV,14,,27
2026-06-02T17:16:52.173981,$GBGSV,34,,40
2026-06-02T17:16:52.174828,$GBGSV,09,,32
2026-06-02T17:16:52.174828,$GBGSV,10,,37
2026-06-02T17:16:52.174828,$GBGSV,13,,08
2026-06-02T17:16:52.174828,$GBGSV,14,,08
2026-06-02T17:16:53.131737,$GPGSV,10,,26
2026-06-02T17:16:53.131737,$GPGSV,18,,43
2026-06-02T17:16:53.131737,$GPGSV,23,,37
2026-06-02T17:16:53.131737,$GPGSV,24,,39
2026-06-02T17:16:53.132481,$GPGSV,32,,35
2026-06-02T17:16:53.132481,$GPGSV,41,,42
2026-06-02T17:16:53.132481,$GPGSV,42,,39
2026-06-02T17:16:53.132481,$GPGSV,50,,37
2026-06-02T17:16:53.133198,$GPGSV,10,,27
2026-06-02T17:16:53.133198,$GPGSV,18,,41
2026-06-02T17:16:53.133198,$GPGSV,23,,36
2026-06-02T17:16:53.133198,$GPGSV,24,,33
2026-06-02T17:16:53.133619,$GPGSV,32,,29
2026-06-02T17:16:53.135887,$GLGSV,65,,24
2026-06-02T17:16:53.135887,$GLGSV,66,,36
2026-06-02T17:16:53.135887,$GLGSV,75,,27
2026-06-02T17:16:53.135887,$GLGSV,76,,32
2026-06-02T17:16:53.136489,$GLGSV,81,,26
2026-06-02T17:16:53.136489,$GLGSV,87,,31
2026-06-02T17:16:53.136489,$GLGSV,88,,40
2026-06-02T17:16:53.137204,$GLGSV,66,,38
2026-06-02T17:16:53.137204,$GLGSV,67,,14
2026-06-02T17:16:53.137204,$GLGSV,75,,34
2026-06-02T17:16:53.137204,$GLGSV,76,,34
2026-06-02T17:16:53.137732,$GLGSV,81,,26
2026-06-02T17:16:53.137732,$GLGSV,88,,39
2026-06-02T17:16:53.138823,$GAGSV,04,,35
2026-06-02T17:16:53.138823,$GAGSV,05,,29
2026-06-02T17:16:53.138823,$GAGSV,06,,37
2026-06-02T17:16:53.138823,$GAGSV,09,,33
2026-06-02T17:16:53.139680,$GAGSV,10,,40
2026-06-02T17:16:53.139680,$GAGSV,11,,35
2026-06-02T17:16:53.139680,$GAGSV,12,,34
2026-06-02T17:16:53.139680,$GAGSV,36,,31
2026-06-02T17:16:53.140389,$GAGSV,04,,37
2026-06-02T17:16:53.140389,$GAGSV,05,,29
2026-06-02T17:16:53.140389,$GAGSV,06,,40
2026-06-02T17:16:53.140389,$GAGSV,09,,36
2026-06-02T17:16:53.141096,$GAGSV,10,,38
2026-06-02T17:16:53.141096,$GAGSV,11,,37
2026-06-02T17:16:53.141096,$GAGSV,12,,33
2026-06-02T17:16:53.141096,$GAGSV,36,,21
2026-06-02T17:16:53.142466,$GBGSV,06,,40
2026-06-02T17:16:53.142466,$GBGSV,07,,39
2026-06-02T17:16:53.142466,$GBGSV,08,,34
2026-06-02T17:16:53.142466,$GBGSV,09,,39
2026-06-02T17:16:53.143171,$GBGSV,10,,39
2026-06-02T17:16:53.143171,$GBGSV,13,,38
2026-06-02T17:16:53.143171,$GBGSV,14,,28
2026-06-02T17:16:53.143171,$GBGSV,34,,36
2026-06-02T17:16:53.143879,$GBGSV,09,,32
2026-06-02T17:16:53.143879,$GBGSV,10,,37
2026-06-02T17:16:53.143879,$GBGSV,13,,08
2026-06-02T17:16:53.143879,$GBGSV,14,,09
2026-06-02T17:16:54.145927,$GPGSV,10,,27
2026-06-02T17:16:54.145927,$GPGSV,18,,40
2026-06-02T17:16:54.145927,$GPGSV,23,,37
2026-06-02T17:16:54.145927,$GPGSV,24,,37
2026-06-02T17:16:54.148001,$GPGSV,32,,35
2026-06-02T17:16:54.148001,$GPGSV,41,,42
2026-06-02T17:16:54.148001,$GPGSV,42,,41
2026-06-02T17:16:54.148001,$GPGSV,50,,33
2026-06-02T17:16:54.149454,$GPGSV,10,,25
2026-06-02T17:16:54.149454,$GPGSV,18,,41
2026-06-02T17:16:54.149454,$GPGSV,23,,36
2026-06-02T17:16:54.149454,$GPGSV,24,,32
2026-06-02T17:16:54.150158,$GPGSV,32,,18
2026-06-02T17:16:54.153800,$GLGSV,65,,22
2026-06-02T17:16:54.153800,$GLGSV,66,,33
2026-06-02T17:16:54.153800,$GLGSV,75,,35
2026-06-02T17:16:54.153800,$GLGSV,76,,36
2026-06-02T17:16:54.154569,$GLGSV,81,,28
2026-06-02T17:16:54.154569,$GLGSV,87,,32
2026-06-02T17:16:54.154569,$GLGSV,88,,38
2026-06-02T17:16:54.155799,$GLGSV,66,,32
2026-06-02T17:16:54.155799,$GLGSV,67,,14
2026-06-02T17:16:54.155799,$GLGSV,75,,36
2026-06-02T17:16:54.155799,$GLGSV,76,,30
2026-06-02T17:16:54.156694,$GLGSV,81,,25
2026-06-02T17:16:54.156694,$GLGSV,88,,39
2026-06-02T17:16:54.158016,$GAGSV,04,,34
2026-06-02T17:16:54.158016,$GAGSV,05,,21
2026-06-02T17:16:54.158016,$GAGSV,06,,37
2026-06-02T17:16:54.158016,$GAGSV,09,,32
2026-06-02T17:16:54.158778,$GAGSV,10,,39
2026-06-02T17:16:54.158778,$GAGSV,11,,34
2026-06-02T17:16:54.158778,$GAGSV,12,,29
2026-06-02T17:16:54.158778,$GAGSV,36,,30
2026-06-02T17:16:54.159461,$GAGSV,04,,37
2026-06-02T17:16:54.159461,$GAGSV,05,,22
2026-06-02T17:16:54.159461,$GAGSV,06,,42
2026-06-02T17:16:54.159461,$GAGSV,09,,34
2026-06-02T17:16:54.160150,$GAGSV,10,,38
2026-06-02T17:16:54.160150,$GAGSV,11,,37
2026-06-02T17:16:54.160150,$GAGSV,12,,36
2026-06-02T17:16:54.160150,$GAGSV,28,,18
2026-06-02T17:16:54.160540,$GAGSV,36,,21
2026-06-02T17:16:54.161747,$GBGSV,06,,39
2026-06-02T17:16:54.161747,$GBGSV,07,,41
2026-06-02T17:16:54.161747,$GBGSV,08,,35
2026-06-02T17:16:54.161747,$GBGSV,09,,39
2026-06-02T17:16:54.162464,$GBGSV,10,,39
2026-06-02T17:16:54.162464,$GBGSV,13,,36
2026-06-02T17:16:54.162464,$GBGSV,14,,28
2026-06-02T17:16:54.162464,$GBGSV,34,,40
2026-06-02T17:16:54.163175,$GBGSV,09,,32
2026-06-02T17:16:54.163175,$GBGSV,10,,37
2026-06-02T17:16:54.163175,$GBGSV,13,,08
2026-06-02T17:16:54.163175,$GBGSV,14,,09
2026-06-02T17:16:55.127687,$GPGSV,10,,26
2026-06-02T17:16:55.127687,$GPGSV,18,,41
2026-06-02T17:16:55.127687,$GPGSV,23,,37
2026-06-02T17:16:55.127687,$GPGSV,24,,37
2026-06-02T17:16:55.128417,$GPGSV,32,,26
2026-06-02T17:16:55.128417,$GPGSV,41,,38
2026-06-02T17:16:55.128417,$GPGSV,42,,39
2026-06-02T17:16:55.128417,$GPGSV,50,,34
2026-06-02T17:16:55.129145,$GPGSV,10,,26
2026-06-02T17:16:55.129145,$GPGSV,18,,43
2026-06-02T17:16:55.129145,$GPGSV,23,,37
2026-06-02T17:16:55.129145,$GPGSV,24,,32
2026-06-02T17:16:55.129559,$GPGSV,32,,28
2026-06-02T17:16:55.131921,$GLGSV,65,,24
2026-06-02T17:16:55.131921,$GLGSV,66,,34
2026-06-02T17:16:55.131921,$GLGSV,75,,34
2026-06-02T17:16:55.131921,$GLGSV,76,,33
2026-06-02T17:16:55.132539,$GLGSV,81,,32
2026-06-02T17:16:55.132539,$GLGSV,87,,33
2026-06-02T17:16:55.132539,$GLGSV,88,,30
2026-06-02T17:16:55.133245,$GLGSV,66,,35
2026-06-02T17:16:55.133245,$GLGSV,67,,16
2026-06-02T17:16:55.133245,$GLGSV,75,,36
2026-06-02T17:16:55.133245,$GLGSV,76,,35
2026-06-02T17:16:55.133833,$GLGSV,81,,24
2026-06-02T17:16:55.133833,$GLGSV,88,,30
2026-06-02T17:16:55.134882,$GAGSV,04,,34
2026-06-02T17:16:55.134882,$GAGSV,05,,20
2026-06-02T17:16:55.134882,$GAGSV,06,,36
2026-06-02T17:16:55.134882,$GAGSV,09,,34
2026-06-02T17:16:55.135556,$GAGSV,10,,39
2026-06-02T17:16:55.135556,$GAGSV,11,,34
2026-06-02T17:16:55.135556,$GAGSV,12,,33
2026-06-02T17:16:55.135556,$GAGSV,36,,28
2026-06-02T17:16:55.136244,$GAGSV,04,,36
2026-06-02T17:16:55.136244,$GAGSV,05,,24
2026-06-02T17:16:55.136244,$GAGSV,06,,40
2026-06-02T17:16:55.136244,$GAGSV,09,,39
2026-06-02T17:16:55.136967,$GAGSV,10,,38
2026-06-02T17:16:55.136967,$GAGSV,11,,37
2026-06-02T17:16:55.136967,$GAGSV,12,,34
2026-06-02T17:16:55.136967,$GAGSV,36,,24
2026-06-02T17:16:55.138571,$GBGSV,06,,36
2026-06-02T17:16:55.138571,$GBGSV,07,,41
2026-06-02T17:16:55.138571,$GBGSV,08,,34
2026-06-02T17:16:55.138571,$GBGSV,09,,39
2026-06-02T17:16:55.139291,$GBGSV,10,,39
2026-06-02T17:16:55.139291,$GBGSV,13,,38
2026-06-02T17:16:55.139291,$GBGSV,14,,26
2026-06-02T17:16:55.139291,$GBGSV,34,,36
2026-06-02T17:16:55.139934,$GBGSV,09,,32
2026-06-02T17:16:55.139934,$GBGSV,10,,36
2026-06-02T17:16:55.139934,$GBGSV,13,,10
2026-06-02T17:16:55.139934,$GBGSV,14,,08
2026-06-02T17:16:56.129277,$GPGSV,10,,31
2026-06-02T17:16:56.129277,$GPGSV,18,,42
2026-06-02T17:16:56.129277,$GPGSV,23,,36
2026-06-02T17:16:56.129277,$GPGSV,24,,33
2026-06-02T17:16:56.131543,$GPGSV,32,,25
2026-06-02T17:16:56.131543,$GPGSV,41,,36
2026-06-02T17:16:56.131543,$GPGSV,42,,39
2026-06-02T17:16:56.131543,$GPGSV,50,,32
2026-06-02T17:16:56.133821,$GPGSV,10,,26
2026-06-02T17:16:56.133821,$GPGSV,18,,42
2026-06-02T17:16:56.133821,$GPGSV,23,,38
2026-06-02T17:16:56.133821,$GPGSV,24,,31
2026-06-02T17:16:56.135154,$GPGSV,32,,28
2026-06-02T17:16:56.143362,$GLGSV,65,,29
2026-06-02T17:16:56.143362,$GLGSV,66,,37
2026-06-02T17:16:56.143362,$GLGSV,75,,37
2026-06-02T17:16:56.143362,$GLGSV,76,,33
2026-06-02T17:16:56.145176,$GLGSV,81,,26
2026-06-02T17:16:56.145176,$GLGSV,87,,32
2026-06-02T17:16:56.145176,$GLGSV,88,,31
2026-06-02T17:16:56.146652,$GLGSV,66,,36
2026-06-02T17:16:56.146652,$GLGSV,67,,17
2026-06-02T17:16:56.146652,$GLGSV,75,,37
2026-06-02T17:16:56.146652,$GLGSV,76,,34
2026-06-02T17:16:56.147659,$GLGSV,81,,31
2026-06-02T17:16:56.147659,$GLGSV,88,,33
2026-06-02T17:16:56.149476,$GAGSV,04,,33
2026-06-02T17:16:56.149476,$GAGSV,05,,26
2026-06-02T17:16:56.149476,$GAGSV,06,,36
2026-06-02T17:16:56.149476,$GAGSV,09,,35
2026-06-02T17:16:56.150095,$GAGSV,10,,39
2026-06-02T17:16:56.150095,$GAGSV,11,,34
2026-06-02T17:16:56.150095,$GAGSV,12,,29
2026-06-02T17:16:56.150095,$GAGSV,36,,27
2026-06-02T17:16:56.150720,$GAGSV,04,,36
2026-06-02T17:16:56.150720,$GAGSV,05,,27
2026-06-02T17:16:56.150720,$GAGSV,06,,40
2026-06-02T17:16:56.150720,$GAGSV,09,,37
2026-06-02T17:16:56.151316,$GAGSV,10,,40
2026-06-02T17:16:56.151316,$GAGSV,11,,36
2026-06-02T17:16:56.151316,$GAGSV,12,,34
2026-06-02T17:16:56.151316,$GAGSV,36,,25
2026-06-02T17:16:56.152621,$GBGSV,06,,38
2026-06-02T17:16:56.152621,$GBGSV,07,,44
2026-06-02T17:16:56.152621,$GBGSV,08,,34
2026-06-02T17:16:56.152621,$GBGSV,09,,38
2026-06-02T17:16:56.153219,$GBGSV,10,,41
2026-06-02T17:16:56.153219,$GBGSV,13,,40
2026-06-02T17:16:56.153219,$GBGSV,14,,31
2026-06-02T17:16:56.153219,$GBGSV,34,,36
2026-06-02T17:16:56.153851,$GBGSV,09,,31
2026-06-02T17:16:56.153851,$GBGSV,10,,36
2026-06-02T17:16:56.153851,$GBGSV,13,,10
2026-06-02T17:16:56.153851,$GBGSV,14,,07
2026-06-02T17:16:57.135476,$GPGSV,10,,29
2026-06-02T17:16:57.135476,$GPGSV,18,,42
2026-06-02T17:16:57.135476,$GPGSV,23,,40
2026-06-02T17:16:57.135476,$GPGSV,24,,33
2026-06-02T17:16:57.136224,$GPGSV,32,,31
2026-06-02T17:16:57.136224,$GPGSV,41,,35
2026-06-02T17:16:57.136224,$GPGSV,42,,37
2026-06-02T17:16:57.136224,$GPGSV,50,,33
2026-06-02T17:16:57.136949,$GPGSV,10,,25
2026-06-02T17:16:57.136949,$GPGSV,18,,39
2026-06-02T17:16:57.136949,$GPGSV,23,,37
2026-06-02T17:16:57.136949,$GPGSV,24,,33
2026-06-02T17:16:57.137361,$GPGSV,32,,27
2026-06-02T17:16:57.139710,$GLGSV,65,,28
2026-06-02T17:16:57.139710,$GLGSV,66,,31
2026-06-02T17:16:57.139710,$GLGSV,75,,35
2026-06-02T17:16:57.139710,$GLGSV,76,,35
2026-06-02T17:16:57.140578,$GLGSV,81,,32
2026-06-02T17:16:57.140578,$GLGSV,87,,34
2026-06-02T17:16:57.140578,$GLGSV,88,,36
2026-06-02T17:16:57.141360,$GLGSV,66,,27
2026-06-02T17:16:57.141360,$GLGSV,67,,17
2026-06-02T17:16:57.141360,$GLGSV,75,,36
2026-06-02T17:16:57.141360,$GLGSV,76,,34
2026-06-02T17:16:57.141897,$GLGSV,81,,26
2026-06-02T17:16:57.141897,$GLGSV,88,,39
2026-06-02T17:16:57.143083,$GAGSV,04,,30
2026-06-02T17:16:57.143083,$GAGSV,05,,33
2026-06-02T17:16:57.143083,$GAGSV,06,,38
2026-06-02T17:16:57.143083,$GAGSV,09,,36
2026-06-02T17:16:57.143831,$GAGSV,10,,39
2026-06-02T17:16:57.143831,$GAGSV,11,,34
2026-06-02T17:16:57.143831,$GAGSV,12,,29
2026-06-02T17:16:57.143831,$GAGSV,36,,27
2026-06-02T17:16:57.144526,$GAGSV,04,,33
2026-06-02T17:16:57.144526,$GAGSV,05,,27
2026-06-02T17:16:57.144526,$GAGSV,06,,40
2026-06-02T17:16:57.144526,$GAGSV,09,,39
2026-06-02T17:16:57.145244,$GAGSV,10,,38
2026-06-02T17:16:57.145244,$GAGSV,11,,37
2026-06-02T17:16:57.145244,$GAGSV,12,,31
2026-06-02T17:16:57.145244,$GAGSV,36,,26
2026-06-02T17:16:57.146606,$GBGSV,06,,36
2026-06-02T17:16:57.146606,$GBGSV,07,,42
2026-06-02T17:16:57.146606,$GBGSV,08,,35
2026-06-02T17:16:57.146606,$GBGSV,09,,35
2026-06-02T17:16:57.147300,$GBGSV,10,,41
2026-06-02T17:16:57.147300,$GBGSV,13,,40
2026-06-02T17:16:57.147300,$GBGSV,14,,24
2026-06-02T17:16:57.147300,$GBGSV,34,,40
2026-06-02T17:16:57.147787,$GBGSV,09,,31
2026-06-02T17:16:57.147787,$GBGSV,10,,36
2026-06-02T17:16:58.131160,$GPGSV,10,,29
2026-06-02T17:16:58.131160,$GPGSV,18,,43
2026-06-02T17:16:58.131160,$GPGSV,23,,36
2026-06-02T17:16:58.131160,$GPGSV,24,,38
2026-06-02T17:16:58.131867,$GPGSV,32,,34
2026-06-02T17:16:58.131867,$GPGSV,41,,39
2026-06-02T17:16:58.131867,$GPGSV,42,,37
2026-06-02T17:16:58.131867,$GPGSV,50,,33
2026-06-02T17:16:58.132562,$GPGSV,10,,23
2026-06-02T17:16:58.132562,$GPGSV,18,,40
2026-06-02T17:16:58.132562,$GPGSV,23,,33
2026-06-02T17:16:58.132562,$GPGSV,24,,29
2026-06-02T17:16:58.132955,$GPGSV,32,,28
2026-06-02T17:16:58.135218,$GLGSV,65,,28
2026-06-02T17:16:58.135218,$GLGSV,66,,31
2026-06-02T17:16:58.135218,$GLGSV,75,,32
2026-06-02T17:16:58.135218,$GLGSV,76,,34
2026-06-02T17:16:58.135805,$GLGSV,81,,27
2026-06-02T17:16:58.135805,$GLGSV,87,,33
2026-06-02T17:16:58.135805,$GLGSV,88,,29
2026-06-02T17:16:58.136490,$GLGSV,66,,28
2026-06-02T17:16:58.136490,$GLGSV,67,,16
2026-06-02T17:16:58.136490,$GLGSV,75,,39
2026-06-02T17:16:58.136490,$GLGSV,76,,31
2026-06-02T17:16:58.136979,$GLGSV,81,,25
2026-06-02T17:16:58.136979,$GLGSV,88,,37
2026-06-02T17:16:58.138014,$GAGSV,04,,29
2026-06-02T17:16:58.138014,$GAGSV,05,,32
2026-06-02T17:16:58.138014,$GAGSV,06,,38
2026-06-02T17:16:58.138014,$GAGSV,09,,36
2026-06-02T17:16:58.138676,$GAGSV,10,,38
2026-06-02T17:16:58.138676,$GAGSV,11,,35
2026-06-02T17:16:58.138676,$GAGSV,12,,29
2026-06-02T17:16:58.138676,$GAGSV,36,,25
2026-06-02T17:16:58.139332,$GAGSV,04,,33
2026-06-02T17:16:58.139332,$GAGSV,05,,30
2026-06-02T17:16:58.139332,$GAGSV,06,,39
2026-06-02T17:16:58.139332,$GAGSV,09,,39
2026-06-02T17:16:58.139997,$GAGSV,10,,40
2026-06-02T17:16:58.139997,$GAGSV,11,,36
2026-06-02T17:16:58.139997,$GAGSV,12,,31
2026-06-02T17:16:58.139997,$GAGSV,36,,24
2026-06-02T17:16:58.141263,$GBGSV,06,,36
2026-06-02T17:16:58.141263,$GBGSV,07,,42
2026-06-02T17:16:58.141263,$GBGSV,08,,37
2026-06-02T17:16:58.141263,$GBGSV,09,,32
2026-06-02T17:16:58.141925,$GBGSV,10,,43
2026-06-02T17:16:58.141925,$GBGSV,13,,37
2026-06-02T17:16:58.141925,$GBGSV,14,,30
2026-06-02T17:16:58.141925,$GBGSV,34,,39
2026-06-02T17:16:58.142394,$GBGSV,09,,32
2026-06-02T17:16:58.142394,$GBGSV,10,,36
2026-06-02T17:16:59.128676,$GPGSV,10,,23
2026-06-02T17:16:59.128676,$GPGSV,18,,42
2026-06-02T17:16:59.128676,$GPGSV,23,,35
2026-06-02T17:16:59.128676,$GPGSV,24,,33
2026-06-02T17:16:59.129422,$GPGSV,32,,30
2026-06-02T17:16:59.129422,$GPGSV,41,,38
2026-06-02T17:16:59.129422,$GPGSV,42,,39
2026-06-02T17:16:59.129422,$GPGSV,50,,36
2026-06-02T17:16:59.130127,$GPGSV,10,,21
2026-06-02T17:16:59.130127,$GPGSV,18,,41
2026-06-02T17:16:59.130127,$GPGSV,23,,33
2026-06-02T17:16:59.130127,$GPGSV,24,,30
2026-06-02T17:16:59.130523,$GPGSV,32,,33
2026-06-02T17:16:59.132759,$GLGSV,65,,28
2026-06-02T17:16:59.132759,$GLGSV,66,,33
2026-06-02T17:16:59.132759,$GLGSV,75,,37
2026-06-02T17:16:59.132759,$GLGSV,76,,37
2026-06-02T17:16:59.133343,$GLGSV,81,,32
2026-06-02T17:16:59.133343,$GLGSV,87,,34
2026-06-02T17:16:59.133343,$GLGSV,88,,33
2026-06-02T17:16:59.134034,$GLGSV,66,,36
2026-06-02T17:16:59.134034,$GLGSV,67,,15
2026-06-02T17:16:59.134034,$GLGSV,75,,37
2026-06-02T17:16:59.134034,$GLGSV,76,,35
2026-06-02T17:16:59.134522,$GLGSV,81,,30
2026-06-02T17:16:59.134522,$GLGSV,88,,36
2026-06-02T17:16:59.135557,$GAGSV,04,,20
2026-06-02T17:16:59.135557,$GAGSV,05,,23
2026-06-02T17:16:59.135557,$GAGSV,06,,38
2026-06-02T17:16:59.135557,$GAGSV,09,,34
2026-06-02T17:16:59.136238,$GAGSV,10,,38
2026-06-02T17:16:59.136238,$GAGSV,11,,35
2026-06-02T17:16:59.136238,$GAGSV,12,,28
2026-06-02T17:16:59.136238,$GAGSV,36,,24
2026-06-02T17:16:59.136923,$GAGSV,04,,33
2026-06-02T17:16:59.136923,$GAGSV,05,,29
2026-06-02T17:16:59.136923,$GAGSV,06,,37
2026-06-02T17:16:59.136923,$GAGSV,09,,37
2026-06-02T17:16:59.137607,$GAGSV,10,,39
2026-06-02T17:16:59.137607,$GAGSV,11,,37
2026-06-02T17:16:59.137607,$GAGSV,12,,30
2026-06-02T17:16:59.137607,$GAGSV,36,,24
2026-06-02T17:16:59.138902,$GBGSV,06,,33
2026-06-02T17:16:59.138902,$GBGSV,07,,43
2026-06-02T17:16:59.138902,$GBGSV,08,,36
2026-06-02T17:16:59.138902,$GBGSV,09,,37
2026-06-02T17:16:59.139578,$GBGSV,10,,42
2026-06-02T17:16:59.139578,$GBGSV,13,,38
2026-06-02T17:16:59.139578,$GBGSV,14,,29
2026-06-02T17:16:59.139578,$GBGSV,34,,35
2026-06-02T17:16:59.140043,$GBGSV,09,,33
2026-06-02T17:16:59.140043,$GBGSV,10,,37
2026-06-02T17:17:00.126369,$GPGSV,10,,24
2026-06-02T17:17:00.126369,$GPGSV,18,,43
2026-06-02T17:17:00.126369,$GPGSV,23,,34
2026-06-02T17:17:00.126369,$GPGSV,24,,32
2026-06-02T17:17:00.127105,$GPGSV,32,,38
2026-06-02T17:17:00.127105,$GPGSV,41,,38
2026-06-02T17:17:00.127105,$GPGSV,42,,39
2026-06-02T17:17:00.127105,$GPGSV,50,,38
2026-06-02T17:17:00.127826,$GPGSV,10,,21
2026-06-02T17:17:00.127826,$GPGSV,18,,41
2026-06-02T17:17:00.127826,$GPGSV,23,,33
2026-06-02T17:17:00.127826,$GPGSV,24,,25
2026-06-02T17:17:00.128244,$GPGSV,32,,34
2026-06-02T17:17:00.130516,$GLGSV,65,,27
2026-06-02T17:17:00.130516,$GLGSV,66,,32
2026-06-02T17:17:00.130516,$GLGSV,75,,36
2026-06-02T17:17:00.130516,$GLGSV,76,,30
2026-06-02T17:17:00.131282,$GLGSV,81,,16
2026-06-02T17:17:00.131282,$GLGSV,87,,33
2026-06-02T17:17:00.131282,$GLGSV,88,,36
2026-06-02T17:17:00.132157,$GLGSV,66,,27
2026-06-02T17:17:00.132157,$GLGSV,67,,16
2026-06-02T17:17:00.132157,$GLGSV,75,,40
2026-06-02T17:17:00.132157,$GLGSV,76,,32
2026-06-02T17:17:00.132666,$GLGSV,81,,29
2026-06-02T17:17:00.132666,$GLGSV,88,,37
2026-06-02T17:17:00.133740,$GAGSV,04,,22
2026-06-02T17:17:00.133740,$GAGSV,05,,24
2026-06-02T17:17:00.133740,$GAGSV,06,,38
2026-06-02T17:17:00.133740,$GAGSV,09,,37
2026-06-02T17:17:00.134431,$GAGSV,10,,38
2026-06-02T17:17:00.134431,$GAGSV,11,,35
2026-06-02T17:17:00.134431,$GAGSV,12,,28
2026-06-02T17:17:00.134431,$GAGSV,36,,22
2026-06-02T17:17:00.135128,$GAGSV,04,,32
2026-06-02T17:17:00.135128,$GAGSV,05,,20
2026-06-02T17:17:00.135128,$GAGSV,06,,34
2026-06-02T17:17:00.135128,$GAGSV,09,,37
2026-06-02T17:17:00.135871,$GAGSV,10,,41
2026-06-02T17:17:00.135871,$GAGSV,11,,36
2026-06-02T17:17:00.135871,$GAGSV,12,,30
2026-06-02T17:17:00.135871,$GAGSV,36,,22
2026-06-02T17:17:00.137192,$GBGSV,06,,36
2026-06-02T17:17:00.137192,$GBGSV,07,,40
2026-06-02T17:17:00.137192,$GBGSV,08,,37
2026-06-02T17:17:00.137192,$GBGSV,09,,34
2026-06-02T17:17:00.137897,$GBGSV,10,,40
2026-06-02T17:17:00.137897,$GBGSV,13,,34
2026-06-02T17:17:00.137897,$GBGSV,14,,18
2026-06-02T17:17:00.137897,$GBGSV,34,,38
2026-06-02T17:17:00.138388,$GBGSV,09,,33
2026-06-02T17:17:00.138388,$GBGSV,10,,33
2026-06-02T17:17:01.134124,$GPGSV,10,,22
2026-06-02T17:17:01.134124,$GPGSV,18,,42
2026-06-02T17:17:01.134124,$GPGSV,23,,39
2026-06-02T17:17:01.134124,$GPGSV,24,,32
2026-06-02T17:17:01.136462,$GPGSV,32,,36
2026-06-02T17:17:01.136462,$GPGSV,41,,39
2026-06-02T17:17:01.136462,$GPGSV,42,,36
2026-06-02T17:17:01.136462,$GPGSV,50,,33
2026-06-02T17:17:01.138893,$GPGSV,10,,21
2026-06-02T17:17:01.138893,$GPGSV,18,,42
2026-06-02T17:17:01.138893,$GPGSV,23,,32
2026-06-02T17:17:01.138893,$GPGSV,24,,25
2026-06-02T17:17:01.140182,$GPGSV,32,,35
2026-06-02T17:17:01.147756,$GLGSV,65,,28
2026-06-02T17:17:01.147756,$GLGSV,66,,30
2026-06-02T17:17:01.147756,$GLGSV,75,,32
2026-06-02T17:17:01.147756,$GLGSV,76,,31
2026-06-02T17:17:01.149109,$GLGSV,81,,19
2026-06-02T17:17:01.149109,$GLGSV,87,,34
2026-06-02T17:17:01.149109,$GLGSV,88,,34
2026-06-02T17:17:01.150689,$GLGSV,66,,26
2026-06-02T17:17:01.150689,$GLGSV,67,,15
2026-06-02T17:17:01.150689,$GLGSV,75,,39
2026-06-02T17:17:01.150689,$GLGSV,76,,35
2026-06-02T17:17:01.151732,$GLGSV,81,,28
2026-06-02T17:17:01.151732,$GLGSV,88,,32
2026-06-02T17:17:01.153734,$GAGSV,04,,25
2026-06-02T17:17:01.153734,$GAGSV,05,,22
2026-06-02T17:17:01.153734,$GAGSV,06,,35
2026-06-02T17:17:01.153734,$GAGSV,09,,38
2026-06-02T17:17:01.154830,$GAGSV,10,,38
2026-06-02T17:17:01.154830,$GAGSV,11,,34
2026-06-02T17:17:01.154830,$GAGSV,12,,33
2026-06-02T17:17:01.154830,$GAGSV,36,,21
2026-06-02T17:17:01.155882,$GAGSV,04,,31
2026-06-02T17:17:01.155882,$GAGSV,05,,23
2026-06-02T17:17:01.155882,$GAGSV,06,,39
2026-06-02T17:17:01.155882,$GAGSV,09,,41
2026-06-02T17:17:01.156981,$GAGSV,10,,41
2026-06-02T17:17:01.156981,$GAGSV,11,,36
2026-06-02T17:17:01.156981,$GAGSV,12,,31
2026-06-02T17:17:01.156981,$GAGSV,36,,24
2026-06-02T17:17:01.158835,$GBGSV,06,,38
2026-06-02T17:17:01.158835,$GBGSV,07,,40
2026-06-02T17:17:01.158835,$GBGSV,08,,37
2026-06-02T17:17:01.158835,$GBGSV,09,,32
2026-06-02T17:17:01.159689,$GBGSV,10,,40
2026-06-02T17:17:01.159689,$GBGSV,13,,29
2026-06-02T17:17:01.159689,$GBGSV,14,,20
2026-06-02T17:17:01.159689,$GBGSV,34,,39
2026-06-02T17:17:01.160301,$GBGSV,09,,31
2026-06-02T17:17:01.160301,$GBGSV,10,,36
2026-06-02T17:17:02.121853,$GPGSV,10,,21
2026-06-02T17:17:02.121853,$GPGSV,18,,43
2026-06-02T17:17:02.121853,$GPGSV,23,,39
2026-06-02T17:17:02.121853,$GPGSV,24,,31
2026-06-02T17:17:02.122665,$GPGSV,32,,35
2026-06-02T17:17:02.122665,$GPGSV,41,,37
2026-06-02T17:17:02.122665,$GPGSV,42,,38
2026-06-02T17:17:02.122665,$GPGSV,50,,37
2026-06-02T17:17:02.123473,$GPGSV,10,,19
2026-06-02T17:17:02.123473,$GPGSV,18,,42
2026-06-02T17:17:02.123473,$GPGSV,23,,33
2026-06-02T17:17:02.123473,$GPGSV,24,,26
2026-06-02T17:17:02.123925,$GPGSV,32,,31
2026-06-02T17:17:02.126373,$GLGSV,65,,30
2026-06-02T17:17:02.126373,$GLGSV,66,,24
2026-06-02T17:17:02.126373,$GLGSV,75,,32
2026-06-02T17:17:02.126373,$GLGSV,76,,30
2026-06-02T17:17:02.127011,$GLGSV,81,,29
2026-06-02T17:17:02.127011,$GLGSV,87,,34
2026-06-02T17:17:02.127011,$GLGSV,88,,34
2026-06-02T17:17:02.127750,$GLGSV,66,,26
2026-06-02T17:17:02.127750,$GLGSV,67,,16
2026-06-02T17:17:02.127750,$GLGSV,75,,36
2026-06-02T17:17:02.127750,$GLGSV,76,,35
2026-06-02T17:17:02.128563,$GLGSV,81,,28
2026-06-02T17:17:02.128563,$GLGSV,88,,36
2026-06-02T17:17:02.129758,$GAGSV,04,,28
2026-06-02T17:17:02.129758,$GAGSV,05,,21
2026-06-02T17:17:02.129758,$GAGSV,06,,37
2026-06-02T17:17:02.129758,$GAGSV,09,,35
2026-06-02T17:17:02.130489,$GAGSV,10,,38
2026-06-02T17:17:02.130489,$GAGSV,11,,34
2026-06-02T17:17:02.130489,$GAGSV,12,,32
2026-06-02T17:17:02.130489,$GAGSV,36,,20
2026-06-02T17:17:02.131207,$GAGSV,04,,31
2026-06-02T17:17:02.131207,$GAGSV,05,,22
2026-06-02T17:17:02.131207,$GAGSV,06,,39
2026-06-02T17:17:02.131207,$GAGSV,09,,37
2026-06-02T17:17:02.131922,$GAGSV,10,,40
2026-06-02T17:17:02.131922,$GAGSV,11,,36
2026-06-02T17:17:02.131922,$GAGSV,12,,35
2026-06-02T17:17:02.131922,$GAGSV,36,,23
2026-06-02T17:17:02.133435,$GBGSV,06,,35
2026-06-02T17:17:02.133435,$GBGSV,07,,39
2026-06-02T17:17:02.133435,$GBGSV,08,,37
2026-06-02T17:17:02.133435,$GBGSV,09,,35
2026-06-02T17:17:02.134184,$GBGSV,10,,41
2026-06-02T17:17:02.134184,$GBGSV,13,,36
2026-06-02T17:17:02.134184,$GBGSV,14,,22
2026-06-02T17:17:02.134184,$GBGSV,34,,39
2026-06-02T17:17:02.134720,$GBGSV,09,,32
2026-06-02T17:17:02.134720,$GBGSV,10,,36
2026-06-02T17:17:03.126082,$GPGSV,10,,31
2026-06-02T17:17:03.126082,$GPGSV,18,,43
2026-06-02T17:17:03.126082,$GPGSV,23,,38
2026-06-02T17:17:03.126082,$GPGSV,24,,35
2026-06-02T17:17:03.127011,$GPGSV,32,,38
2026-06-02T17:17:03.127011,$GPGSV,41,,41
2026-06-02T17:17:03.127011,$GPGSV,42,,39
2026-06-02T17:17:03.127011,$GPGSV,50,,36
2026-06-02T17:17:03.128253,$GPGSV,10,,19
2026-06-02T17:17:03.128253,$GPGSV,18,,41
2026-06-02T17:17:03.128253,$GPGSV,23,,34
2026-06-02T17:17:03.128253,$GPGSV,24,,28
2026-06-02T17:17:03.128937,$GPGSV,32,,34
2026-06-02T17:17:03.132178,$GLGSV,65,,30
2026-06-02T17:17:03.132178,$GLGSV,66,,30
2026-06-02T17:17:03.132178,$GLGSV,75,,34
2026-06-02T17:17:03.132178,$GLGSV,76,,30
2026-06-02T17:17:03.132955,$GLGSV,81,,33
2026-06-02T17:17:03.132955,$GLGSV,87,,30
2026-06-02T17:17:03.132955,$GLGSV,88,,37
2026-06-02T17:17:03.133838,$GLGSV,66,,25
2026-06-02T17:17:03.133838,$GLGSV,67,,16
2026-06-02T17:17:03.133838,$GLGSV,75,,33
2026-06-02T17:17:03.133838,$GLGSV,76,,33
2026-06-02T17:17:03.134515,$GLGSV,81,,27
2026-06-02T17:17:03.134515,$GLGSV,88,,40
2026-06-02T17:17:03.135845,$GAGSV,04,,30
2026-06-02T17:17:03.135845,$GAGSV,05,,22
2026-06-02T17:17:03.135845,$GAGSV,06,,38
2026-06-02T17:17:03.135845,$GAGSV,09,,35
2026-06-02T17:17:03.136850,$GAGSV,10,,38
2026-06-02T17:17:03.136850,$GAGSV,11,,35
2026-06-02T17:17:03.136850,$GAGSV,12,,30
2026-06-02T17:17:03.136850,$GAGSV,36,,22
2026-06-02T17:17:03.137793,$GAGSV,04,,35
2026-06-02T17:17:03.137793,$GAGSV,05,,30
2026-06-02T17:17:03.137793,$GAGSV,06,,39
2026-06-02T17:17:03.137793,$GAGSV,09,,39
2026-06-02T17:17:03.138674,$GAGSV,10,,41
2026-06-02T17:17:03.138674,$GAGSV,11,,36
2026-06-02T17:17:03.138674,$GAGSV,12,,34
2026-06-02T17:17:03.138674,$GAGSV,36,,24
2026-06-02T17:17:03.140262,$GBGSV,06,,35
2026-06-02T17:17:03.140262,$GBGSV,07,,41
2026-06-02T17:17:03.140262,$GBGSV,08,,35
2026-06-02T17:17:03.140262,$GBGSV,09,,35
2026-06-02T17:17:03.141134,$GBGSV,10,,41
2026-06-02T17:17:03.141134,$GBGSV,13,,32
2026-06-02T17:17:03.141134,$GBGSV,14,,23
2026-06-02T17:17:03.141134,$GBGSV,34,,39
2026-06-02T17:17:03.141876,$GBGSV,09,,33
2026-06-02T17:17:03.141876,$GBGSV,10,,37
2026-06-02T17:17:04.124201,$GPGSV,10,,28
2026-06-02T17:17:04.124201,$GPGSV,18,,40
2026-06-02T17:17:04.124201,$GPGSV,23,,39
2026-06-02T17:17:04.124201,$GPGSV,24,,35
2026-06-02T17:17:04.125132,$GPGSV,32,,37
2026-06-02T17:17:04.125132,$GPGSV,41,,36
2026-06-02T17:17:04.125132,$GPGSV,42,,41
2026-06-02T17:17:04.125132,$GPGSV,50,,35
2026-06-02T17:17:04.126090,$GPGSV,10,,26
2026-06-02T17:17:04.126090,$GPGSV,18,,41
2026-06-02T17:17:04.126090,$GPGSV,23,,34
2026-06-02T17:17:04.126090,$GPGSV,24,,27
2026-06-02T17:17:04.127462,$GPGSV,32,,33
2026-06-02T17:17:04.130263,$GLGSV,65,,29
2026-06-02T17:17:04.130263,$GLGSV,66,,25
2026-06-02T17:17:04.130263,$GLGSV,75,,33
2026-06-02T17:17:04.130263,$GLGSV,76,,29
2026-06-02T17:17:04.131075,$GLGSV,81,,20
2026-06-02T17:17:04.131075,$GLGSV,87,,35
2026-06-02T17:17:04.131075,$GLGSV,88,,37
2026-06-02T17:17:04.131946,$GLGSV,66,,29
2026-06-02T17:17:04.131946,$GLGSV,67,,17
2026-06-02T17:17:04.131946,$GLGSV,75,,33
2026-06-02T17:17:04.131946,$GLGSV,76,,35
2026-06-02T17:17:04.132629,$GLGSV,81,,31
2026-06-02T17:17:04.132629,$GLGSV,88,,39
2026-06-02T17:17:04.133989,$GAGSV,04,,32
2026-06-02T17:17:04.133989,$GAGSV,05,,22
2026-06-02T17:17:04.133989,$GAGSV,06,,38
2026-06-02T17:17:04.133989,$GAGSV,09,,35
2026-06-02T17:17:04.134860,$GAGSV,10,,39
2026-06-02T17:17:04.134860,$GAGSV,11,,35
2026-06-02T17:17:04.134860,$GAGSV,12,,31
2026-06-02T17:17:04.134860,$GAGSV,36,,24
2026-06-02T17:17:04.135734,$GAGSV,04,,32
2026-06-02T17:17:04.135734,$GAGSV,05,,29
2026-06-02T17:17:04.135734,$GAGSV,06,,40
2026-06-02T17:17:04.135734,$GAGSV,09,,34
2026-06-02T17:17:04.136608,$GAGSV,10,,41
2026-06-02T17:17:04.136608,$GAGSV,11,,37
2026-06-02T17:17:04.136608,$GAGSV,12,,34
2026-06-02T17:17:04.136608,$GAGSV,36,,29
2026-06-02T17:17:04.138298,$GBGSV,06,,32
2026-06-02T17:17:04.138298,$GBGSV,07,,41
2026-06-02T17:17:04.138298,$GBGSV,08,,36
2026-06-02T17:17:04.138298,$GBGSV,09,,35
2026-06-02T17:17:04.139169,$GBGSV,10,,41
2026-06-02T17:17:04.139169,$GBGSV,13,,28
2026-06-02T17:17:04.139169,$GBGSV,14,,24
2026-06-02T17:17:04.139169,$GBGSV,34,,38
2026-06-02T17:17:04.139848,$GBGSV,09,,33
2026-06-02T17:17:04.139848,$GBGSV,10,,37
2026-06-02T17:17:05.116238,$GPGSV,10,,32
2026-06-02T17:17:05.116238,$GPGSV,18,,43
2026-06-02T17:17:05.116238,$GPGSV,23,,39
2026-06-02T17:17:05.116238,$GPGSV,24,,25
2026-06-02T17:17:05.116981,$GPGSV,32,,40
2026-06-02T17:17:05.116981,$GPGSV,41,,33
2026-06-02T17:17:05.116981,$GPGSV,42,,40
2026-06-02T17:17:05.116981,$GPGSV,50,,37
2026-06-02T17:17:05.117718,$GPGSV,10,,25
2026-06-02T17:17:05.117718,$GPGSV,18,,41
2026-06-02T17:17:05.117718,$GPGSV,23,,34
2026-06-02T17:17:05.117718,$GPGSV,24,,25
2026-06-02T17:17:05.118135,$GPGSV,32,,30
2026-06-02T17:17:05.120488,$GLGSV,65,,29
2026-06-02T17:17:05.120488,$GLGSV,66,,27
2026-06-02T17:17:05.120488,$GLGSV,75,,27
2026-06-02T17:17:05.120488,$GLGSV,76,,31
2026-06-02T17:17:05.121105,$GLGSV,81,,29
2026-06-02T17:17:05.121105,$GLGSV,87,,36
2026-06-02T17:17:05.121105,$GLGSV,88,,43
2026-06-02T17:17:05.121828,$GLGSV,66,,20
2026-06-02T17:17:05.121828,$GLGSV,67,,16
2026-06-02T17:17:05.121828,$GLGSV,75,,23
2026-06-02T17:17:05.121828,$GLGSV,76,,33
2026-06-02T17:17:05.122490,$GLGSV,81,,27
2026-06-02T17:17:05.122490,$GLGSV,88,,43
2026-06-02T17:17:05.123645,$GAGSV,04,,32
2026-06-02T17:17:05.123645,$GAGSV,05,,30
2026-06-02T17:17:05.123645,$GAGSV,06,,38
2026-06-02T17:17:05.123645,$GAGSV,09,,34
2026-06-02T17:17:05.124331,$GAGSV,10,,39
2026-06-02T17:17:05.124331,$GAGSV,11,,35
2026-06-02T17:17:05.124331,$GAGSV,12,,29
2026-06-02T17:17:05.124331,$GAGSV,36,,24
2026-06-02T17:17:05.125009,$GAGSV,04,,36
2026-06-02T17:17:05.125009,$GAGSV,05,,30
2026-06-02T17:17:05.125009,$GAGSV,06,,38
2026-06-02T17:17:05.125009,$GAGSV,09,,37
2026-06-02T17:17:05.125834,$GAGSV,10,,42
2026-06-02T17:17:05.125834,$GAGSV,11,,37
2026-06-02T17:17:05.125834,$GAGSV,12,,30
2026-06-02T17:17:05.125834,$GAGSV,36,,19
2026-06-02T17:17:05.127225,$GBGSV,06,,29
2026-06-02T17:17:05.127225,$GBGSV,07,,41
2026-06-02T17:17:05.127225,$GBGSV,08,,36
2026-06-02T17:17:05.127225,$GBGSV,09,,38
2026-06-02T17:17:05.127926,$GBGSV,10,,41
2026-06-02T17:17:05.127926,$GBGSV,13,,32
2026-06-02T17:17:05.127926,$GBGSV,14,,24
2026-06-02T17:17:05.127926,$GBGSV,34,,38
2026-06-02T17:17:05.128463,$GBGSV,09,,33
2026-06-02T17:17:05.128463,$GBGSV,10,,38
2026-06-02T17:17:06.131430,$GPGSV,10,,35
2026-06-02T17:17:06.131430,$GPGSV,18,,41
2026-06-02T17:17:06.131430,$GPGSV,23,,37
2026-06-02T17:17:06.131430,$GPGSV,24,,25
2026-06-02T17:17:06.135047,$GPGSV,32,,34
2026-06-02T17:17:06.135047,$GPGSV,41,,33
2026-06-02T17:17:06.135047,$GPGSV,42,,38
2026-06-02T17:17:06.135047,$GPGSV,50,,37
2026-06-02T17:17:06.138797,$GPGSV,10,,24
2026-06-02T17:17:06.138797,$GPGSV,18,,41
2026-06-02T17:17:06.138797,$GPGSV,23,,34
2026-06-02T17:17:06.138797,$GPGSV,24,,23
2026-06-02T17:17:06.140430,$GPGSV,32,,28
2026-06-02T17:17:06.147788,$GLGSV,65,,28
2026-06-02T17:17:06.147788,$GLGSV,66,,27
2026-06-02T17:17:06.147788,$GLGSV,75,,19
2026-06-02T17:17:06.147788,$GLGSV,76,,25
2026-06-02T17:17:06.149006,$GLGSV,81,,29
2026-06-02T17:17:06.149006,$GLGSV,87,,37
2026-06-02T17:17:06.149006,$GLGSV,88,,38
2026-06-02T17:17:06.150477,$GLGSV,66,,24
2026-06-02T17:17:06.150477,$GLGSV,67,,16
2026-06-02T17:17:06.150477,$GLGSV,75,,33
2026-06-02T17:17:06.150477,$GLGSV,76,,36
2026-06-02T17:17:06.151483,$GLGSV,81,,26
2026-06-02T17:17:06.151483,$GLGSV,88,,34
2026-06-02T17:17:06.153798,$GAGSV,04,,32
2026-06-02T17:17:06.153798,$GAGSV,05,,27
2026-06-02T17:17:06.153798,$GAGSV,06,,36
2026-06-02T17:17:06.153798,$GAGSV,09,,37
2026-06-02T17:17:06.155682,$GAGSV,10,,38
2026-06-02T17:17:06.155682,$GAGSV,11,,35
2026-06-02T17:17:06.155682,$GAGSV,12,,29
2026-06-02T17:17:06.155682,$GAGSV,36,,24
2026-06-02T17:17:06.157132,$GAGSV,04,,32
2026-06-02T17:17:06.157132,$GAGSV,05,,27
2026-06-02T17:17:06.157132,$GAGSV,06,,39
2026-06-02T17:17:06.157132,$GAGSV,09,,37
2026-06-02T17:17:06.158263,$GAGSV,10,,40
2026-06-02T17:17:06.158263,$GAGSV,11,,35
2026-06-02T17:17:06.158263,$GAGSV,12,,29
2026-06-02T17:17:06.158263,$GAGSV,36,,21
2026-06-02T17:17:06.159840,$GBGSV,06,,29
2026-06-02T17:17:06.159840,$GBGSV,07,,41
2026-06-02T17:17:06.159840,$GBGSV,08,,35
2026-06-02T17:17:06.159840,$GBGSV,09,,37
2026-06-02T17:17:06.160661,$GBGSV,10,,42
2026-06-02T17:17:06.160661,$GBGSV,13,,32
2026-06-02T17:17:06.160661,$GBGSV,14,,24
2026-06-02T17:17:06.160661,$GBGSV,34,,41
2026-06-02T17:17:06.161246,$GBGSV,09,,32
2026-06-02T17:17:06.161246,$GBGSV,10,,36
2026-06-02T17:17:07.120421,$GPGSV,10,,34
2026-06-02T17:17:07.120421,$GPGSV,18,,42
2026-06-02T17:17:07.120421,$GPGSV,23,,38
2026-06-02T17:17:07.120421,$GPGSV,24,,26
2026-06-02T17:17:07.121167,$GPGSV,32,,37
2026-06-02T17:17:07.121167,$GPGSV,41,,40
2026-06-02T17:17:07.121167,$GPGSV,42,,39
2026-06-02T17:17:07.121167,$GPGSV,50,,39
2026-06-02T17:17:07.121904,$GPGSV,10,,26
2026-06-02T17:17:07.121904,$GPGSV,18,,42
2026-06-02T17:17:07.121904,$GPGSV,23,,35
2026-06-02T17:17:07.121904,$GPGSV,24,,19
2026-06-02T17:17:07.122319,$GPGSV,32,,30
2026-06-02T17:17:07.124666,$GLGSV,65,,29
2026-06-02T17:17:07.124666,$GLGSV,66,,31
2026-06-02T17:17:07.124666,$GLGSV,75,,28
2026-06-02T17:17:07.124666,$GLGSV,76,,26
2026-06-02T17:17:07.125361,$GLGSV,81,,32
2026-06-02T17:17:07.125361,$GLGSV,87,,37
2026-06-02T17:17:07.125361,$GLGSV,88,,38
2026-06-02T17:17:07.126443,$GLGSV,66,,31
2026-06-02T17:17:07.126443,$GLGSV,67,,15
2026-06-02T17:17:07.126443,$GLGSV,75,,34
2026-06-02T17:17:07.126443,$GLGSV,76,,33
2026-06-02T17:17:07.127278,$GLGSV,81,,25
2026-06-02T17:17:07.127278,$GLGSV,88,,36
2026-06-02T17:17:07.128866,$GAGSV,04,,28
2026-06-02T17:17:07.128866,$GAGSV,05,,27
2026-06-02T17:17:07.128866,$GAGSV,06,,38
2026-06-02T17:17:07.128866,$GAGSV,09,,36
2026-06-02T17:17:07.129572,$GAGSV,10,,39
2026-06-02T17:17:07.129572,$GAGSV,11,,35
2026-06-02T17:17:07.129572,$GAGSV,12,,22
2026-06-02T17:17:07.129572,$GAGSV,36,,26
2026-06-02T17:17:07.130283,$GAGSV,04,,35
2026-06-02T17:17:07.130283,$GAGSV,05,,26
2026-06-02T17:17:07.130283,$GAGSV,06,,41
2026-06-02T17:17:07.130283,$GAGSV,09,,39
2026-06-02T17:17:07.130970,$GAGSV,10,,39
2026-06-02T17:17:07.130970,$GAGSV,11,,37
2026-06-02T17:17:07.130970,$GAGSV,12,,20
2026-06-02T17:17:07.130970,$GAGSV,36,,25
2026-06-02T17:17:07.132280,$GBGSV,06,,33
2026-06-02T17:17:07.132280,$GBGSV,07,,41
2026-06-02T17:17:07.132280,$GBGSV,08,,36
2026-06-02T17:17:07.132280,$GBGSV,09,,35
2026-06-02T17:17:07.132994,$GBGSV,10,,41
2026-06-02T17:17:07.132994,$GBGSV,13,,35
2026-06-02T17:17:07.132994,$GBGSV,14,,22
2026-06-02T17:17:07.132994,$GBGSV,34,,40
2026-06-02T17:17:07.133565,$GBGSV,09,,33
2026-06-02T17:17:07.133565,$GBGSV,10,,38
2026-06-02T17:17:08.121251,$GPGSV,10,,28
2026-06-02T17:17:08.121251,$GPGSV,18,,43
2026-06-02T17:17:08.121251,$GPGSV,23,,39
2026-06-02T17:17:08.121251,$GPGSV,24,,26
2026-06-02T17:17:08.122027,$GPGSV,32,,39
2026-06-02T17:17:08.122027,$GPGSV,41,,33
2026-06-02T17:17:08.122027,$GPGSV,42,,39
2026-06-02T17:17:08.122027,$GPGSV,50,,37
2026-06-02T17:17:08.122757,$GPGSV,10,,26
2026-06-02T17:17:08.122757,$GPGSV,18,,41
2026-06-02T17:17:08.122757,$GPGSV,23,,35
2026-06-02T17:17:08.122757,$GPGSV,24,,20
2026-06-02T17:17:08.123173,$GPGSV,32,,32
2026-06-02T17:17:08.125521,$GLGSV,65,,29
2026-06-02T17:17:08.125521,$GLGSV,66,,30
2026-06-02T17:17:08.125521,$GLGSV,75,,28
2026-06-02T17:17:08.125521,$GLGSV,76,,25
2026-06-02T17:17:08.126150,$GLGSV,81,,32
2026-06-02T17:17:08.126150,$GLGSV,87,,36
2026-06-02T17:17:08.126150,$GLGSV,88,,38
2026-06-02T17:17:08.126872,$GLGSV,66,,26
2026-06-02T17:17:08.126872,$GLGSV,67,,14
2026-06-02T17:17:08.126872,$GLGSV,75,,29
2026-06-02T17:17:08.126872,$GLGSV,76,,27
2026-06-02T17:17:08.127381,$GLGSV,81,,25
2026-06-02T17:17:08.127381,$GLGSV,88,,38
2026-06-02T17:17:08.128457,$GAGSV,04,,29
2026-06-02T17:17:08.128457,$GAGSV,05,,25
2026-06-02T17:17:08.128457,$GAGSV,06,,36
2026-06-02T17:17:08.128457,$GAGSV,09,,36
2026-06-02T17:17:08.129159,$GAGSV,10,,39
2026-06-02T17:17:08.129159,$GAGSV,11,,35
2026-06-02T17:17:08.129159,$GAGSV,12,,24
2026-06-02T17:17:08.129159,$GAGSV,36,,26
2026-06-02T17:17:08.129852,$GAGSV,04,,32
2026-06-02T17:17:08.129852,$GAGSV,05,,24
2026-06-02T17:17:08.129852,$GAGSV,06,,40
2026-06-02T17:17:08.129852,$GAGSV,09,,37
2026-06-02T17:17:08.130533,$GAGSV,10,,39
2026-06-02T17:17:08.130533,$GAGSV,11,,37
2026-06-02T17:17:08.130533,$GAGSV,12,,22
2026-06-02T17:17:08.130533,$GAGSV,36,,24
2026-06-02T17:17:08.131819,$GBGSV,06,,33
2026-06-02T17:17:08.131819,$GBGSV,07,,41
2026-06-02T17:17:08.131819,$GBGSV,08,,33
2026-06-02T17:17:08.131819,$GBGSV,09,,34
2026-06-02T17:17:08.132499,$GBGSV,10,,40
2026-06-02T17:17:08.132499,$GBGSV,13,,30
2026-06-02T17:17:08.132499,$GBGSV,14,,20
2026-06-02T17:17:08.132499,$GBGSV,34,,40
2026-06-02T17:17:08.132989,$GBGSV,09,,32
2026-06-02T17:17:08.132989,$GBGSV,10,,36
2026-06-02T17:17:09.120910,$GPGSV,10,,32
2026-06-02T17:17:09.120910,$GPGSV,18,,42
2026-06-02T17:17:09.120910,$GPGSV,23,,39
2026-06-02T17:17:09.120910,$GPGSV,24,,26
2026-06-02T17:17:09.121582,$GPGSV,32,,39
2026-06-02T17:17:09.121582,$GPGSV,41,,37
2026-06-02T17:17:09.121582,$GPGSV,42,,37
2026-06-02T17:17:09.121582,$GPGSV,50,,39
2026-06-02T17:17:09.122234,$GPGSV,10,,27
2026-06-02T17:17:09.122234,$GPGSV,18,,41
2026-06-02T17:17:09.122234,$GPGSV,23,,35
2026-06-02T17:17:09.122234,$GPGSV,24,,21
2026-06-02T17:17:09.122621,$GPGSV,32,,32
2026-06-02T17:17:09.124720,$GLGSV,65,,28
2026-06-02T17:17:09.124720,$GLGSV,66,,30
2026-06-02T17:17:09.124720,$GLGSV,75,,29
2026-06-02T17:17:09.124720,$GLGSV,76,,31
2026-06-02T17:17:09.125229,$GLGSV,81,,31
2026-06-02T17:17:09.125229,$GLGSV,87,,34
2026-06-02T17:17:09.125229,$GLGSV,88,,42
2026-06-02T17:17:09.125961,$GLGSV,66,,28
2026-06-02T17:17:09.125961,$GLGSV,67,,16
2026-06-02T17:17:09.125961,$GLGSV,75,,36
2026-06-02T17:17:09.125961,$GLGSV,76,,29
2026-06-02T17:17:09.126563,$GLGSV,81,,26
2026-06-02T17:17:09.126563,$GLGSV,88,,43
2026-06-02T17:17:09.127499,$GAGSV,04,,34
2026-06-02T17:17:09.127499,$GAGSV,05,,25
2026-06-02T17:17:09.127499,$GAGSV,06,,37
2026-06-02T17:17:09.127499,$GAGSV,09,,35
2026-06-02T17:17:09.128541,$GAGSV,10,,39
2026-06-02T17:17:09.128541,$GAGSV,11,,34
2026-06-02T17:17:09.128541,$GAGSV,12,,27
2026-06-02T17:17:09.128541,$GAGSV,36,,25
2026-06-02T17:17:09.129654,$GAGSV,04,,36
2026-06-02T17:17:09.129654,$GAGSV,05,,31
2026-06-02T17:17:09.129654,$GAGSV,06,,39
2026-06-02T17:17:09.129654,$GAGSV,09,,37
2026-06-02T17:17:09.130273,$GAGSV,10,,41
2026-06-02T17:17:09.130273,$GAGSV,11,,36
2026-06-02T17:17:09.130273,$GAGSV,12,,26
2026-06-02T17:17:09.130273,$GAGSV,36,,30
2026-06-02T17:17:09.131769,$GBGSV,06,,32
2026-06-02T17:17:09.131769,$GBGSV,07,,42
2026-06-02T17:17:09.131769,$GBGSV,08,,35
2026-06-02T17:17:09.131769,$GBGSV,09,,35
2026-06-02T17:17:09.132801,$GBGSV,10,,40
2026-06-02T17:17:09.132801,$GBGSV,13,,30
2026-06-02T17:17:09.132801,$GBGSV,14,,21
2026-06-02T17:17:09.132801,$GBGSV,34,,37
2026-06-02T17:17:09.133518,$GBGSV,09,,33
2026-06-02T17:17:09.133518,$GBGSV,10,,36
2026-06-02T17:17:10.118455,$GPGSV,10,,36
2026-06-02T17:17:10.118455,$GPGSV,18,,42
2026-06-02T17:17:10.118455,$GPGSV,23,,39
2026-06-02T17:17:10.118455,$GPGSV,24,,24
2026-06-02T17:17:10.119112,$GPGSV,32,,33
2026-06-02T17:17:10.119112,$GPGSV,41,,40
2026-06-02T17:17:10.119112,$GPGSV,42,,38
2026-06-02T17:17:10.119112,$GPGSV,50,,37
2026-06-02T17:17:10.119746,$GPGSV,10,,32
2026-06-02T17:17:10.119746,$GPGSV,18,,39
2026-06-02T17:17:10.119746,$GPGSV,23,,36
2026-06-02T17:17:10.119746,$GPGSV,24,,20
2026-06-02T17:17:10.120113,$GPGSV,32,,34
2026-06-02T17:17:10.122153,$GLGSV,65,,33
2026-06-02T17:17:10.122153,$GLGSV,66,,29
2026-06-02T17:17:10.122153,$GLGSV,76,,35
2026-06-02T17:17:10.122153,$GLGSV,81,,30
2026-06-02T17:17:10.122590,$GLGSV,87,,36
2026-06-02T17:17:10.122590,$GLGSV,88,,41
2026-06-02T17:17:10.123188,$GLGSV,66,,19
2026-06-02T17:17:10.123188,$GLGSV,67,,15
2026-06-02T17:17:10.123188,$GLGSV,75,,33
2026-06-02T17:17:10.123188,$GLGSV,76,,30
2026-06-02T17:17:10.123627,$GLGSV,81,,32
2026-06-02T17:17:10.123627,$GLGSV,88,,43
2026-06-02T17:17:10.124541,$GAGSV,04,,34
2026-06-02T17:17:10.124541,$GAGSV,05,,28
2026-06-02T17:17:10.124541,$GAGSV,06,,38
2026-06-02T17:17:10.124541,$GAGSV,09,,34
2026-06-02T17:17:10.125144,$GAGSV,10,,40
2026-06-02T17:17:10.125144,$GAGSV,11,,35
2026-06-02T17:17:10.125144,$GAGSV,12,,28
2026-06-02T17:17:10.125144,$GAGSV,36,,27
2026-06-02T17:17:10.125796,$GAGSV,04,,36
2026-06-02T17:17:10.125796,$GAGSV,05,,24
2026-06-02T17:17:10.125796,$GAGSV,06,,41
2026-06-02T17:17:10.125796,$GAGSV,09,,35
2026-06-02T17:17:10.126405,$GAGSV,10,,39
2026-06-02T17:17:10.126405,$GAGSV,11,,36
2026-06-02T17:17:10.126405,$GAGSV,12,,26
2026-06-02T17:17:10.126405,$GAGSV,36,,30
2026-06-02T17:17:10.127546,$GBGSV,06,,27
2026-06-02T17:17:10.127546,$GBGSV,07,,42
2026-06-02T17:17:10.127546,$GBGSV,08,,36
2026-06-02T17:17:10.127546,$GBGSV,09,,36
2026-06-02T17:17:10.128148,$GBGSV,10,,40
2026-06-02T17:17:10.128148,$GBGSV,13,,22
2026-06-02T17:17:10.128148,$GBGSV,14,,30
2026-06-02T17:17:10.128148,$GBGSV,34,,39
2026-06-02T17:17:10.128585,$GBGSV,09,,34
2026-06-02T17:17:10.128585,$GBGSV,10,,37
2026-06-02T17:17:11.120965,$GPGSV,10,,36
2026-06-02T17:17:11.120965,$GPGSV,18,,42
2026-06-02T17:17:11.120965,$GPGSV,23,,37
2026-06-02T17:17:11.120965,$GPGSV,24,,30
2026-06-02T17:17:11.121749,$GPGSV,32,,37
2026-06-02T17:17:11.121749,$GPGSV,41,,43
2026-06-02T17:17:11.121749,$GPGSV,42,,42
2026-06-02T17:17:11.121749,$GPGSV,50,,37
2026-06-02T17:17:11.122501,$GPGSV,10,,30
2026-06-02T17:17:11.122501,$GPGSV,18,,41
2026-06-02T17:17:11.122501,$GPGSV,23,,36
2026-06-02T17:17:11.122501,$GPGSV,24,,23
2026-06-02T17:17:11.122936,$GPGSV,32,,33
2026-06-02T17:17:11.125339,$GLGSV,65,,29
2026-06-02T17:17:11.125339,$GLGSV,66,,34
2026-06-02T17:17:11.125339,$GLGSV,75,,30
2026-06-02T17:17:11.125339,$GLGSV,76,,35
2026-06-02T17:17:11.125960,$GLGSV,81,,34
2026-06-02T17:17:11.125960,$GLGSV,87,,35
2026-06-02T17:17:11.125960,$GLGSV,88,,42
2026-06-02T17:17:11.126666,$GLGSV,66,,29
2026-06-02T17:17:11.126666,$GLGSV,67,,15
2026-06-02T17:17:11.126666,$GLGSV,75,,31
2026-06-02T17:17:11.126666,$GLGSV,76,,37
2026-06-02T17:17:11.127175,$GLGSV,81,,29
2026-06-02T17:17:11.127175,$GLGSV,88,,40
2026-06-02T17:17:11.128217,$GAGSV,04,,29
2026-06-02T17:17:11.128217,$GAGSV,05,,27
2026-06-02T17:17:11.128217,$GAGSV,06,,37
2026-06-02T17:17:11.128217,$GAGSV,09,,36
2026-06-02T17:17:11.128925,$GAGSV,10,,36
2026-06-02T17:17:11.128925,$GAGSV,11,,34
2026-06-02T17:17:11.128925,$GAGSV,12,,26
2026-06-02T17:17:11.128925,$GAGSV,36,,27
2026-06-02T17:17:11.129624,$GAGSV,04,,37
2026-06-02T17:17:11.129624,$GAGSV,05,,31
2026-06-02T17:17:11.129624,$GAGSV,06,,41
2026-06-02T17:17:11.129624,$GAGSV,09,,37
2026-06-02T17:17:11.130409,$GAGSV,10,,37
2026-06-02T17:17:11.130409,$GAGSV,11,,37
2026-06-02T17:17:11.130409,$GAGSV,12,,31
2026-06-02T17:17:11.130409,$GAGSV,36,,30
2026-06-02T17:17:11.131869,$GBGSV,06,,32
2026-06-02T17:17:11.131869,$GBGSV,07,,41
2026-06-02T17:17:11.131869,$GBGSV,08,,36
2026-06-02T17:17:11.131869,$GBGSV,09,,36
2026-06-02T17:17:11.132569,$GBGSV,10,,43
2026-06-02T17:17:11.132569,$GBGSV,13,,25
2026-06-02T17:17:11.132569,$GBGSV,14,,30
2026-06-02T17:17:11.132569,$GBGSV,34,,39
2026-06-02T17:17:11.133086,$GBGSV,09,,33
2026-06-02T17:17:11.133086,$GBGSV,10,,37
2026-06-02T17:17:12.127753,$GPGSV,10,,32
2026-06-02T17:17:12.127753,$GPGSV,13,,31
2026-06-02T17:17:12.127753,$GPGSV,18,,42
2026-06-02T17:17:12.127753,$GPGSV,23,,39
2026-06-02T17:17:12.128521,$GPGSV,24,,29
2026-06-02T17:17:12.128521,$GPGSV,32,,36
2026-06-02T17:17:12.128521,$GPGSV,41,,42
2026-06-02T17:17:12.128521,$GPGSV,42,,41
2026-06-02T17:17:12.128940,$GPGSV,50,,37
2026-06-02T17:17:12.129646,$GPGSV,10,,29
2026-06-02T17:17:12.129646,$GPGSV,18,,40
2026-06-02T17:17:12.129646,$GPGSV,23,,35
2026-06-02T17:17:12.129646,$GPGSV,24,,24
2026-06-02T17:17:12.130068,$GPGSV,32,,28
2026-06-02T17:17:12.132010,$GLGSV,65,,30
2026-06-02T17:17:12.132010,$GLGSV,66,,33
2026-06-02T17:17:12.132010,$GLGSV,75,,24
2026-06-02T17:17:12.132010,$GLGSV,76,,31
2026-06-02T17:17:12.132617,$GLGSV,81,,30
2026-06-02T17:17:12.132617,$GLGSV,87,,35
2026-06-02T17:17:12.132617,$GLGSV,88,,41
2026-06-02T17:17:12.133317,$GLGSV,66,,32
2026-06-02T17:17:12.133317,$GLGSV,67,,17
2026-06-02T17:17:12.133317,$GLGSV,75,,24
2026-06-02T17:17:12.133317,$GLGSV,76,,36
2026-06-02T17:17:12.133886,$GLGSV,81,,34
2026-06-02T17:17:12.133886,$GLGSV,88,,43
2026-06-02T17:17:12.134960,$GAGSV,04,,34
2026-06-02T17:17:12.134960,$GAGSV,05,,27
2026-06-02T17:17:12.134960,$GAGSV,06,,36
2026-06-02T17:17:12.134960,$GAGSV,09,,34
2026-06-02T17:17:12.135666,$GAGSV,10,,38
2026-06-02T17:17:12.135666,$GAGSV,11,,34
2026-06-02T17:17:12.135666,$GAGSV,12,,26
2026-06-02T17:17:12.135666,$GAGSV,36,,24
2026-06-02T17:17:12.136372,$GAGSV,04,,38
2026-06-02T17:17:12.136372,$GAGSV,05,,31
2026-06-02T17:17:12.136372,$GAGSV,06,,39
2026-06-02T17:17:12.136372,$GAGSV,09,,34
2026-06-02T17:17:12.137075,$GAGSV,10,,39
2026-06-02T17:17:12.137075,$GAGSV,11,,37
2026-06-02T17:17:12.137075,$GAGSV,12,,31
2026-06-02T17:17:12.137075,$GAGSV,36,,23
2026-06-02T17:17:12.138426,$GBGSV,06,,26
2026-06-02T17:17:12.138426,$GBGSV,07,,41
2026-06-02T17:17:12.138426,$GBGSV,08,,38
2026-06-02T17:17:12.138426,$GBGSV,09,,36
2026-06-02T17:17:12.139132,$GBGSV,10,,41
2026-06-02T17:17:12.139132,$GBGSV,13,,25
2026-06-02T17:17:12.139132,$GBGSV,14,,36
2026-06-02T17:17:12.139132,$GBGSV,34,,37
2026-06-02T17:17:12.139741,$GBGSV,09,,32
2026-06-02T17:17:12.139741,$GBGSV,10,,37
2026-06-02T17:17:13.126767,$GPGSV,10,,31
2026-06-02T17:17:13.126767,$GPGSV,13,,32
2026-06-02T17:17:13.126767,$GPGSV,18,,42
2026-06-02T17:17:13.126767,$GPGSV,23,,37
2026-06-02T17:17:13.127490,$GPGSV,24,,30
2026-06-02T17:17:13.127490,$GPGSV,32,,33
2026-06-02T17:17:13.127490,$GPGSV,41,,42
2026-06-02T17:17:13.127490,$GPGSV,42,,42
2026-06-02T17:17:13.127904,$GPGSV,50,,36
2026-06-02T17:17:13.128603,$GPGSV,10,,25
2026-06-02T17:17:13.128603,$GPGSV,18,,40
2026-06-02T17:17:13.128603,$GPGSV,23,,34
2026-06-02T17:17:13.128603,$GPGSV,24,,23
2026-06-02T17:17:13.129014,$GPGSV,32,,29
2026-06-02T17:17:13.130976,$GLGSV,65,,30
2026-06-02T17:17:13.130976,$GLGSV,66,,32
2026-06-02T17:17:13.130976,$GLGSV,75,,21
2026-06-02T17:17:13.130976,$GLGSV,76,,38
2026-06-02T17:17:13.131581,$GLGSV,81,,32
2026-06-02T17:17:13.131581,$GLGSV,87,,34
2026-06-02T17:17:13.131581,$GLGSV,88,,41
2026-06-02T17:17:13.132288,$GLGSV,66,,31
2026-06-02T17:17:13.132288,$GLGSV,67,,17
2026-06-02T17:17:13.132288,$GLGSV,75,,22
2026-06-02T17:17:13.132288,$GLGSV,76,,34
2026-06-02T17:17:13.132796,$GLGSV,81,,34
2026-06-02T17:17:13.132796,$GLGSV,88,,43
2026-06-02T17:17:13.134018,$GAGSV,04,,34
2026-06-02T17:17:13.134018,$GAGSV,05,,26
2026-06-02T17:17:13.134018,$GAGSV,06,,36
2026-06-02T17:17:13.134018,$GAGSV,09,,33
2026-06-02T17:17:13.134737,$GAGSV,10,,38
2026-06-02T17:17:13.134737,$GAGSV,11,,35
2026-06-02T17:17:13.134737,$GAGSV,12,,32
2026-06-02T17:17:13.134737,$GAGSV,36,,25
2026-06-02T17:17:13.135452,$GAGSV,04,,38
2026-06-02T17:17:13.135452,$GAGSV,05,,27
2026-06-02T17:17:13.135452,$GAGSV,06,,41
2026-06-02T17:17:13.135452,$GAGSV,09,,34
2026-06-02T17:17:13.136164,$GAGSV,10,,39
2026-06-02T17:17:13.136164,$GAGSV,11,,37
2026-06-02T17:17:13.136164,$GAGSV,12,,33
2026-06-02T17:17:13.136164,$GAGSV,36,,29
2026-06-02T17:17:13.137476,$GBGSV,06,,31
2026-06-02T17:17:13.137476,$GBGSV,07,,41
2026-06-02T17:17:13.137476,$GBGSV,08,,38
2026-06-02T17:17:13.137476,$GBGSV,09,,37
2026-06-02T17:17:13.138165,$GBGSV,10,,40
2026-06-02T17:17:13.138165,$GBGSV,13,,35
2026-06-02T17:17:13.138165,$GBGSV,14,,33
2026-06-02T17:17:13.138165,$GBGSV,34,,40
2026-06-02T17:17:13.138656,$GBGSV,09,,32
2026-06-02T17:17:13.138656,$GBGSV,10,,36
2026-06-02T17:17:14.117287,$GPGSV,10,,31
2026-06-02T17:17:14.117287,$GPGSV,13,,32
2026-06-02T17:17:14.117287,$GPGSV,18,,42
2026-06-02T17:17:14.117287,$GPGSV,23,,38
2026-06-02T17:17:14.118105,$GPGSV,32,,33
2026-06-02T17:17:14.118105,$GPGSV,41,,41
2026-06-02T17:17:14.118105,$GPGSV,42,,41
2026-06-02T17:17:14.118105,$GPGSV,50,,37
2026-06-02T17:17:14.118961,$GPGSV,10,,25
2026-06-02T17:17:14.118961,$GPGSV,18,,39
2026-06-02T17:17:14.118961,$GPGSV,23,,35
2026-06-02T17:17:14.118961,$GPGSV,24,,23
2026-06-02T17:17:14.119396,$GPGSV,32,,30
2026-06-02T17:17:14.121363,$GLGSV,65,,29
2026-06-02T17:17:14.121363,$GLGSV,66,,35
2026-06-02T17:17:14.121363,$GLGSV,75,,20
2026-06-02T17:17:14.121363,$GLGSV,76,,36
2026-06-02T17:17:14.122022,$GLGSV,81,,38
2026-06-02T17:17:14.122022,$GLGSV,87,,28
2026-06-02T17:17:14.122022,$GLGSV,88,,41
2026-06-02T17:17:14.122742,$GLGSV,66,,34
2026-06-02T17:17:14.122742,$GLGSV,67,,16
2026-06-02T17:17:14.122742,$GLGSV,75,,21
2026-06-02T17:17:14.122742,$GLGSV,76,,37
2026-06-02T17:17:14.123257,$GLGSV,81,,37
2026-06-02T17:17:14.123257,$GLGSV,88,,41
2026-06-02T17:17:14.124336,$GAGSV,04,,33
2026-06-02T17:17:14.124336,$GAGSV,05,,27
2026-06-02T17:17:14.124336,$GAGSV,06,,36
2026-06-02T17:17:14.124336,$GAGSV,09,,34
2026-06-02T17:17:14.125140,$GAGSV,10,,38
2026-06-02T17:17:14.125140,$GAGSV,11,,34
2026-06-02T17:17:14.125140,$GAGSV,12,,31
2026-06-02T17:17:14.125140,$GAGSV,36,,24
2026-06-02T17:17:14.126000,$GAGSV,04,,38
2026-06-02T17:17:14.126000,$GAGSV,05,,27
2026-06-02T17:17:14.126000,$GAGSV,06,,40
2026-06-02T17:17:14.126000,$GAGSV,09,,35
2026-06-02T17:17:14.127145,$GAGSV,10,,39
2026-06-02T17:17:14.127145,$GAGSV,11,,35
2026-06-02T17:17:14.127145,$GAGSV,12,,36
2026-06-02T17:17:14.127145,$GAGSV,36,,23
2026-06-02T17:17:14.128509,$GBGSV,06,,28
2026-06-02T17:17:14.128509,$GBGSV,07,,41
2026-06-02T17:17:14.128509,$GBGSV,08,,35
2026-06-02T17:17:14.128509,$GBGSV,09,,37
2026-06-02T17:17:14.129220,$GBGSV,10,,40
2026-06-02T17:17:14.129220,$GBGSV,13,,37
2026-06-02T17:17:14.129220,$GBGSV,14,,34
2026-06-02T17:17:14.129220,$GBGSV,34,,38
2026-06-02T17:17:14.129831,$GBGSV,09,,32
2026-06-02T17:17:14.129831,$GBGSV,10,,37
2026-06-02T17:17:15.124516,$GPGSV,10,,26
2026-06-02T17:17:15.124516,$GPGSV,13,,31
2026-06-02T17:17:15.124516,$GPGSV,18,,40
2026-06-02T17:17:15.124516,$GPGSV,23,,40
2026-06-02T17:17:15.125242,$GPGSV,24,,28
2026-06-02T17:17:15.125242,$GPGSV,32,,32
2026-06-02T17:17:15.125242,$GPGSV,41,,41
2026-06-02T17:17:15.125242,$GPGSV,42,,42
2026-06-02T17:17:15.125746,$GPGSV,50,,37
2026-06-02T17:17:15.126453,$GPGSV,10,,25
2026-06-02T17:17:15.126453,$GPGSV,18,,39
2026-06-02T17:17:15.126453,$GPGSV,23,,35
2026-06-02T17:17:15.126453,$GPGSV,24,,22
2026-06-02T17:17:15.126869,$GPGSV,32,,31
2026-06-02T17:17:15.128822,$GLGSV,65,,30
2026-06-02T17:17:15.128822,$GLGSV,66,,39
2026-06-02T17:17:15.128822,$GLGSV,75,,16
2026-06-02T17:17:15.128822,$GLGSV,76,,35
2026-06-02T17:17:15.129427,$GLGSV,81,,35
2026-06-02T17:17:15.129427,$GLGSV,87,,33
2026-06-02T17:17:15.129427,$GLGSV,88,,38
2026-06-02T17:17:15.130150,$GLGSV,66,,31
2026-06-02T17:17:15.130150,$GLGSV,67,,16
2026-06-02T17:17:15.130150,$GLGSV,75,,20
2026-06-02T17:17:15.130150,$GLGSV,76,,38
2026-06-02T17:17:15.130661,$GLGSV,81,,37
2026-06-02T17:17:15.130661,$GLGSV,88,,39
2026-06-02T17:17:15.131749,$GAGSV,04,,33
2026-06-02T17:17:15.131749,$GAGSV,05,,29
2026-06-02T17:17:15.131749,$GAGSV,06,,37
2026-06-02T17:17:15.131749,$GAGSV,09,,34
2026-06-02T17:17:15.132459,$GAGSV,10,,39
2026-06-02T17:17:15.132459,$GAGSV,11,,35
2026-06-02T17:17:15.132459,$GAGSV,12,,33
2026-06-02T17:17:15.132459,$GAGSV,36,,24
2026-06-02T17:17:15.133159,$GAGSV,04,,38
2026-06-02T17:17:15.133159,$GAGSV,05,,28
2026-06-02T17:17:15.133159,$GAGSV,06,,41
2026-06-02T17:17:15.133159,$GAGSV,09,,37
2026-06-02T17:17:15.133956,$GAGSV,10,,39
2026-06-02T17:17:15.133956,$GAGSV,11,,38
2026-06-02T17:17:15.133956,$GAGSV,12,,35
2026-06-02T17:17:15.133956,$GAGSV,36,,24
2026-06-02T17:17:15.135258,$GBGSV,06,,35
2026-06-02T17:17:15.135258,$GBGSV,07,,41
2026-06-02T17:17:15.135258,$GBGSV,08,,35
2026-06-02T17:17:15.135258,$GBGSV,09,,39
2026-06-02T17:17:15.135909,$GBGSV,10,,40
2026-06-02T17:17:15.135909,$GBGSV,13,,33
2026-06-02T17:17:15.135909,$GBGSV,14,,32
2026-06-02T17:17:15.135909,$GBGSV,34,,38
2026-06-02T17:17:15.136379,$GBGSV,09,,32
2026-06-02T17:17:15.136379,$GBGSV,10,,37
2026-06-02T17:17:16.129795,$GPGSV,10,,31
2026-06-02T17:17:16.129795,$GPGSV,13,,26
2026-06-02T17:17:16.129795,$GPGSV,18,,42
2026-06-02T17:17:16.129795,$GPGSV,23,,39
2026-06-02T17:17:16.130532,$GPGSV,24,,32
2026-06-02T17:17:16.130532,$GPGSV,32,,32
2026-06-02T17:17:16.130532,$GPGSV,41,,43
2026-06-02T17:17:16.130532,$GPGSV,42,,40
2026-06-02T17:17:16.130944,$GPGSV,50,,34
2026-06-02T17:17:16.131650,$GPGSV,10,,23
2026-06-02T17:17:16.131650,$GPGSV,18,,41
2026-06-02T17:17:16.131650,$GPGSV,23,,37
2026-06-02T17:17:16.131650,$GPGSV,24,,22
2026-06-02T17:17:16.132057,$GPGSV,32,,32
2026-06-02T17:17:16.134066,$GLGSV,65,,34
2026-06-02T17:17:16.134066,$GLGSV,66,,38
2026-06-02T17:17:16.134066,$GLGSV,75,,17
2026-06-02T17:17:16.134066,$GLGSV,76,,38
2026-06-02T17:17:16.134587,$GLGSV,81,,38
2026-06-02T17:17:16.134587,$GLGSV,88,,37
2026-06-02T17:17:16.135296,$GLGSV,66,,29
2026-06-02T17:17:16.135296,$GLGSV,67,,15
2026-06-02T17:17:16.135296,$GLGSV,75,,18
2026-06-02T17:17:16.135296,$GLGSV,76,,36
2026-06-02T17:17:16.135806,$GLGSV,81,,34
2026-06-02T17:17:16.135806,$GLGSV,88,,41
2026-06-02T17:17:16.136971,$GAGSV,04,,33
2026-06-02T17:17:16.136971,$GAGSV,05,,28
2026-06-02T17:17:16.136971,$GAGSV,06,,35
2026-06-02T17:17:16.136971,$GAGSV,09,,36
2026-06-02T17:17:16.137710,$GAGSV,10,,38
2026-06-02T17:17:16.137710,$GAGSV,11,,35
2026-06-02T17:17:16.137710,$GAGSV,12,,33
2026-06-02T17:17:16.137710,$GAGSV,36,,25
2026-06-02T17:17:16.138401,$GAGSV,04,,36
2026-06-02T17:17:16.138401,$GAGSV,05,,28
2026-06-02T17:17:16.138401,$GAGSV,06,,40
2026-06-02T17:17:16.138401,$GAGSV,09,,35
2026-06-02T17:17:16.139084,$GAGSV,10,,39
2026-06-02T17:17:16.139084,$GAGSV,11,,37
2026-06-02T17:17:16.139084,$GAGSV,12,,37
2026-06-02T17:17:16.139084,$GAGSV,36,,33
2026-06-02T17:17:16.140375,$GBGSV,06,,32
2026-06-02T17:17:16.140375,$GBGSV,07,,41
2026-06-02T17:17:16.140375,$GBGSV,08,,36
2026-06-02T17:17:16.140375,$GBGSV,09,,37
2026-06-02T17:17:16.141057,$GBGSV,10,,40
2026-06-02T17:17:16.141057,$GBGSV,13,,32
2026-06-02T17:17:16.141057,$GBGSV,14,,33
2026-06-02T17:17:16.141057,$GBGSV,34,,38
2026-06-02T17:17:16.141542,$GBGSV,09,,32
2026-06-02T17:17:16.141542,$GBGSV,10,,36
2026-06-02T17:17:17.122117,$GPGSV,10,,26
2026-06-02T17:17:17.122117,$GPGSV,13,,26
2026-06-02T17:17:17.122117,$GPGSV,18,,42
2026-06-02T17:17:17.122117,$GPGSV,23,,39
2026-06-02T17:17:17.122768,$GPGSV,24,,25
2026-06-02T17:17:17.122768,$GPGSV,32,,27
2026-06-02T17:17:17.122768,$GPGSV,41,,42
2026-06-02T17:17:17.122768,$GPGSV,42,,40
2026-06-02T17:17:17.123140,$GPGSV,50,,34
2026-06-02T17:17:17.123763,$GPGSV,10,,30
2026-06-02T17:17:17.123763,$GPGSV,18,,41
2026-06-02T17:17:17.123763,$GPGSV,23,,36
2026-06-02T17:17:17.123763,$GPGSV,24,,25
2026-06-02T17:17:17.124143,$GPGSV,32,,31
2026-06-02T17:17:17.125850,$GLGSV,65,,31
2026-06-02T17:17:17.125850,$GLGSV,66,,37
2026-06-02T17:17:17.125850,$GLGSV,75,,18
2026-06-02T17:17:17.125850,$GLGSV,76,,39
2026-06-02T17:17:17.126375,$GLGSV,81,,37
2026-06-02T17:17:17.126375,$GLGSV,87,,33
2026-06-02T17:17:17.126375,$GLGSV,88,,37
2026-06-02T17:17:17.126977,$GLGSV,66,,33
2026-06-02T17:17:17.126977,$GLGSV,67,,15
2026-06-02T17:17:17.126977,$GLGSV,75,,19
2026-06-02T17:17:17.126977,$GLGSV,76,,33
2026-06-02T17:17:17.127426,$GLGSV,81,,30
2026-06-02T17:17:17.127426,$GLGSV,88,,38
2026-06-02T17:17:17.128329,$GAGSV,04,,33
2026-06-02T17:17:17.128329,$GAGSV,05,,27
2026-06-02T17:17:17.128329,$GAGSV,06,,37
2026-06-02T17:17:17.128329,$GAGSV,09,,33
2026-06-02T17:17:17.128930,$GAGSV,10,,38
2026-06-02T17:17:17.128930,$GAGSV,11,,35
2026-06-02T17:17:17.128930,$GAGSV,12,,31
2026-06-02T17:17:17.128930,$GAGSV,36,,26
2026-06-02T17:17:17.129528,$GAGSV,04,,39
2026-06-02T17:17:17.129528,$GAGSV,05,,31
2026-06-02T17:17:17.129528,$GAGSV,06,,41
2026-06-02T17:17:17.129528,$GAGSV,09,,34
2026-06-02T17:17:17.130138,$GAGSV,10,,40
2026-06-02T17:17:17.130138,$GAGSV,11,,37
2026-06-02T17:17:17.130138,$GAGSV,12,,34
2026-06-02T17:17:17.130138,$GAGSV,36,,31
2026-06-02T17:17:17.131281,$GBGSV,06,,36
2026-06-02T17:17:17.131281,$GBGSV,07,,38
2026-06-02T17:17:17.131281,$GBGSV,08,,36
2026-06-02T17:17:17.131281,$GBGSV,09,,37
2026-06-02T17:17:17.131882,$GBGSV,10,,41
2026-06-02T17:17:17.131882,$GBGSV,13,,30
2026-06-02T17:17:17.131882,$GBGSV,14,,33
2026-06-02T17:17:17.131882,$GBGSV,34,,36
2026-06-02T17:17:17.132329,$GBGSV,09,,35
2026-06-02T17:17:17.132329,$GBGSV,10,,36
2026-06-02T17:17:18.128925,$GPGSV,10,,26
2026-06-02T17:17:18.128925,$GPGSV,13,,27
2026-06-02T17:17:18.128925,$GPGSV,18,,43
2026-06-02T17:17:18.128925,$GPGSV,23,,41
2026-06-02T17:17:18.129703,$GPGSV,24,,34
2026-06-02T17:17:18.129703,$GPGSV,32,,31
2026-06-02T17:17:18.129703,$GPGSV,41,,40
2026-06-02T17:17:18.129703,$GPGSV,42,,40
2026-06-02T17:17:18.130146,$GPGSV,50,,30
2026-06-02T17:17:18.130882,$GPGSV,10,,24
2026-06-02T17:17:18.130882,$GPGSV,18,,41
2026-06-02T17:17:18.130882,$GPGSV,23,,32
2026-06-02T17:17:18.130882,$GPGSV,24,,26
2026-06-02T17:17:18.131318,$GPGSV,32,,27
2026-06-02T17:17:18.133383,$GLGSV,65,,37
2026-06-02T17:17:18.133383,$GLGSV,66,,38
2026-06-02T17:17:18.133383,$GLGSV,75,,27
2026-06-02T17:17:18.133383,$GLGSV,76,,34
2026-06-02T17:17:18.134042,$GLGSV,81,,32
2026-06-02T17:17:18.134042,$GLGSV,87,,29
2026-06-02T17:17:18.134042,$GLGSV,88,,40
2026-06-02T17:17:18.134830,$GLGSV,66,,34
2026-06-02T17:17:18.134830,$GLGSV,67,,15
2026-06-02T17:17:18.134830,$GLGSV,75,,21
2026-06-02T17:17:18.134830,$GLGSV,76,,27
2026-06-02T17:17:18.135421,$GLGSV,81,,22
2026-06-02T17:17:18.135421,$GLGSV,88,,39
2026-06-02T17:17:18.136569,$GAGSV,04,,34
2026-06-02T17:17:18.136569,$GAGSV,05,,30
2026-06-02T17:17:18.136569,$GAGSV,06,,37
2026-06-02T17:17:18.136569,$GAGSV,09,,36
2026-06-02T17:17:18.137600,$GAGSV,10,,37
2026-06-02T17:17:18.137600,$GAGSV,11,,35
2026-06-02T17:17:18.137600,$GAGSV,12,,33
2026-06-02T17:17:18.137600,$GAGSV,36,,27
2026-06-02T17:17:18.138326,$GAGSV,04,,36
2026-06-02T17:17:18.138326,$GAGSV,05,,31
2026-06-02T17:17:18.138326,$GAGSV,06,,40
2026-06-02T17:17:18.138326,$GAGSV,09,,34
2026-06-02T17:17:18.139010,$GAGSV,10,,41
2026-06-02T17:17:18.139010,$GAGSV,11,,37
2026-06-02T17:17:18.139010,$GAGSV,12,,34
2026-06-02T17:17:18.139010,$GAGSV,36,,30
2026-06-02T17:17:18.140295,$GBGSV,06,,37
2026-06-02T17:17:18.140295,$GBGSV,07,,39
2026-06-02T17:17:18.140295,$GBGSV,08,,36
2026-06-02T17:17:18.140295,$GBGSV,09,,37
2026-06-02T17:17:18.141010,$GBGSV,10,,39
2026-06-02T17:17:18.141010,$GBGSV,13,,30
2026-06-02T17:17:18.141010,$GBGSV,14,,32
2026-06-02T17:17:18.141010,$GBGSV,34,,39
2026-06-02T17:17:18.141502,$GBGSV,09,,33
2026-06-02T17:17:18.141502,$GBGSV,10,,37
2026-06-02T17:17:19.127920,$GPGSV,10,,23
2026-06-02T17:17:19.127920,$GPGSV,13,,19
2026-06-02T17:17:19.127920,$GPGSV,18,,42
2026-06-02T17:17:19.127920,$GPGSV,23,,38
2026-06-02T17:17:19.129192,$GPGSV,24,,35
2026-06-02T17:17:19.129192,$GPGSV,32,,34
2026-06-02T17:17:19.129192,$GPGSV,41,,42
2026-06-02T17:17:19.129192,$GPGSV,42,,42
2026-06-02T17:17:19.129858,$GPGSV,50,,30
2026-06-02T17:17:19.130669,$GPGSV,10,,24
2026-06-02T17:17:19.130669,$GPGSV,18,,39
2026-06-02T17:17:19.130669,$GPGSV,23,,35
2026-06-02T17:17:19.130669,$GPGSV,24,,27
2026-06-02T17:17:19.131144,$GPGSV,32,,27
2026-06-02T17:17:19.133386,$GLGSV,65,,31
2026-06-02T17:17:19.133386,$GLGSV,66,,38
2026-06-02T17:17:19.133386,$GLGSV,75,,22
2026-06-02T17:17:19.133386,$GLGSV,76,,37
2026-06-02T17:17:19.134135,$GLGSV,81,,33
2026-06-02T17:17:19.134135,$GLGSV,87,,33
2026-06-02T17:17:19.134135,$GLGSV,88,,38
2026-06-02T17:17:19.134965,$GLGSV,66,,29
2026-06-02T17:17:19.134965,$GLGSV,67,,15
2026-06-02T17:17:19.134965,$GLGSV,75,,23
2026-06-02T17:17:19.134965,$GLGSV,76,,33
2026-06-02T17:17:19.135625,$GLGSV,81,,23
2026-06-02T17:17:19.135625,$GLGSV,88,,38
2026-06-02T17:17:19.136812,$GAGSV,04,,33
2026-06-02T17:17:19.136812,$GAGSV,05,,28
2026-06-02T17:17:19.136812,$GAGSV,06,,37
2026-06-02T17:17:19.136812,$GAGSV,09,,36
2026-06-02T17:17:19.137592,$GAGSV,10,,37
2026-06-02T17:17:19.137592,$GAGSV,11,,34
2026-06-02T17:17:19.137592,$GAGSV,12,,32
2026-06-02T17:17:19.137592,$GAGSV,36,,25
2026-06-02T17:17:19.138389,$GAGSV,04,,38
2026-06-02T17:17:19.138389,$GAGSV,05,,27
2026-06-02T17:17:19.138389,$GAGSV,06,,41
2026-06-02T17:17:19.138389,$GAGSV,09,,34
2026-06-02T17:17:19.139178,$GAGSV,10,,35
2026-06-02T17:17:19.139178,$GAGSV,11,,38
2026-06-02T17:17:19.139178,$GAGSV,12,,37
2026-06-02T17:17:19.139178,$GAGSV,36,,26
2026-06-02T17:17:19.140661,$GBGSV,06,,37
2026-06-02T17:17:19.140661,$GBGSV,07,,36
2026-06-02T17:17:19.140661,$GBGSV,08,,35
2026-06-02T17:17:19.140661,$GBGSV,09,,34
2026-06-02T17:17:19.141439,$GBGSV,10,,41
2026-06-02T17:17:19.141439,$GBGSV,13,,30
2026-06-02T17:17:19.141439,$GBGSV,14,,33
2026-06-02T17:17:19.141439,$GBGSV,34,,38
2026-06-02T17:17:19.142074,$GBGSV,09,,34
2026-06-02T17:17:19.142074,$GBGSV,10,,36
2026-06-02T17:17:20.123737,$GPGSV,10,,23
2026-06-02T17:17:20.123737,$GPGSV,13,,33
2026-06-02T17:17:20.123737,$GPGSV,18,,42
2026-06-02T17:17:20.123737,$GPGSV,23,,40
2026-06-02T17:17:20.124479,$GPGSV,24,,37
2026-06-02T17:17:20.124479,$GPGSV,32,,30
2026-06-02T17:17:20.124479,$GPGSV,41,,42
2026-06-02T17:17:20.124479,$GPGSV,42,,40
2026-06-02T17:17:20.124897,$GPGSV,50,,28
2026-06-02T17:17:20.125598,$GPGSV,10,,22
2026-06-02T17:17:20.125598,$GPGSV,18,,40
2026-06-02T17:17:20.125598,$GPGSV,23,,35
2026-06-02T17:17:20.125598,$GPGSV,24,,33
2026-06-02T17:17:20.126012,$GPGSV,32,,24
2026-06-02T17:17:20.127895,$GLGSV,65,,35
2026-06-02T17:17:20.127895,$GLGSV,66,,35
2026-06-02T17:17:20.127895,$GLGSV,75,,22
2026-06-02T17:17:20.127895,$GLGSV,76,,36
2026-06-02T17:17:20.128624,$GLGSV,81,,32
2026-06-02T17:17:20.128624,$GLGSV,87,,28
2026-06-02T17:17:20.128624,$GLGSV,88,,40
2026-06-02T17:17:20.129323,$GLGSV,66,,37
2026-06-02T17:17:20.129323,$GLGSV,67,,15
2026-06-02T17:17:20.129323,$GLGSV,75,,22
2026-06-02T17:17:20.129323,$GLGSV,76,,29
2026-06-02T17:17:20.129839,$GLGSV,81,,34
2026-06-02T17:17:20.129839,$GLGSV,88,,41
2026-06-02T17:17:20.130874,$GAGSV,04,,34
2026-06-02T17:17:20.130874,$GAGSV,05,,17
2026-06-02T17:17:20.130874,$GAGSV,06,,39
2026-06-02T17:17:20.130874,$GAGSV,09,,35
2026-06-02T17:17:20.131560,$GAGSV,10,,37
2026-06-02T17:17:20.131560,$GAGSV,11,,35
2026-06-02T17:17:20.131560,$GAGSV,12,,32
2026-06-02T17:17:20.131560,$GAGSV,36,,24
2026-06-02T17:17:20.132245,$GAGSV,04,,39
2026-06-02T17:17:20.132245,$GAGSV,05,,22
2026-06-02T17:17:20.132245,$GAGSV,06,,41
2026-06-02T17:17:20.132245,$GAGSV,09,,39
2026-06-02T17:17:20.132927,$GAGSV,10,,37
2026-06-02T17:17:20.132927,$GAGSV,11,,38
2026-06-02T17:17:20.132927,$GAGSV,12,,31
2026-06-02T17:17:20.132927,$GAGSV,36,,26
2026-06-02T17:17:20.134382,$GBGSV,06,,39
2026-06-02T17:17:20.134382,$GBGSV,07,,36
2026-06-02T17:17:20.134382,$GBGSV,08,,35
2026-06-02T17:17:20.134382,$GBGSV,09,,34
2026-06-02T17:17:20.135076,$GBGSV,10,,39
2026-06-02T17:17:20.135076,$GBGSV,13,,23
2026-06-02T17:17:20.135076,$GBGSV,14,,29
2026-06-02T17:17:20.135076,$GBGSV,34,,38
2026-06-02T17:17:20.135567,$GBGSV,09,,31
2026-06-02T17:17:20.135567,$GBGSV,10,,36
2026-06-02T17:17:21.122570,$GPGSV,10,,25
2026-06-02T17:17:21.122570,$GPGSV,13,,35
2026-06-02T17:17:21.122570,$GPGSV,18,,43
2026-06-02T17:17:21.122570,$GPGSV,23,,39
2026-06-02T17:17:21.123377,$GPGSV,24,,35
2026-06-02T17:17:21.123377,$GPGSV,32,,29
2026-06-02T17:17:21.123377,$GPGSV,41,,41
2026-06-02T17:17:21.123377,$GPGSV,42,,39
2026-06-02T17:17:21.123806,$GPGSV,50,,30
2026-06-02T17:17:21.124505,$GPGSV,10,,22
2026-06-02T17:17:21.124505,$GPGSV,18,,42
2026-06-02T17:17:21.124505,$GPGSV,23,,36
2026-06-02T17:17:21.124505,$GPGSV,24,,30
2026-06-02T17:17:21.124919,$GPGSV,32,,30
2026-06-02T17:17:21.126887,$GLGSV,65,,35
2026-06-02T17:17:21.126887,$GLGSV,66,,34
2026-06-02T17:17:21.126887,$GLGSV,75,,20
2026-06-02T17:17:21.126887,$GLGSV,76,,38
2026-06-02T17:17:21.127498,$GLGSV,81,,35
2026-06-02T17:17:21.127498,$GLGSV,87,,35
2026-06-02T17:17:21.127498,$GLGSV,88,,42
2026-06-02T17:17:21.128197,$GLGSV,66,,38
2026-06-02T17:17:21.128197,$GLGSV,67,,15
2026-06-02T17:17:21.128197,$GLGSV,75,,22
2026-06-02T17:17:21.128197,$GLGSV,76,,30
2026-06-02T17:17:21.128704,$GLGSV,81,,33
2026-06-02T17:17:21.128704,$GLGSV,88,,41
2026-06-02T17:17:21.129821,$GAGSV,04,,32
2026-06-02T17:17:21.129821,$GAGSV,05,,21
2026-06-02T17:17:21.129821,$GAGSV,06,,37
2026-06-02T17:17:21.129821,$GAGSV,09,,35
2026-06-02T17:17:21.130530,$GAGSV,10,,35
2026-06-02T17:17:21.130530,$GAGSV,11,,34
2026-06-02T17:17:21.130530,$GAGSV,12,,24
2026-06-02T17:17:21.130530,$GAGSV,36,,26
2026-06-02T17:17:21.131249,$GAGSV,04,,39
2026-06-02T17:17:21.131249,$GAGSV,05,,33
2026-06-02T17:17:21.131249,$GAGSV,06,,39
2026-06-02T17:17:21.131249,$GAGSV,09,,38
2026-06-02T17:17:21.131957,$GAGSV,10,,36
2026-06-02T17:17:21.131957,$GAGSV,11,,38
2026-06-02T17:17:21.131957,$GAGSV,12,,31
2026-06-02T17:17:21.131957,$GAGSV,36,,26
2026-06-02T17:17:21.133307,$GBGSV,06,,38
2026-06-02T17:17:21.133307,$GBGSV,07,,39
2026-06-02T17:17:21.133307,$GBGSV,08,,35
2026-06-02T17:17:21.133307,$GBGSV,09,,35
2026-06-02T17:17:21.134056,$GBGSV,10,,42
2026-06-02T17:17:21.134056,$GBGSV,13,,34
2026-06-02T17:17:21.134056,$GBGSV,14,,29
2026-06-02T17:17:21.134056,$GBGSV,34,,39
2026-06-02T17:17:21.134735,$GBGSV,07,,12
2026-06-02T17:17:21.134735,$GBGSV,09,,33
2026-06-02T17:17:21.134735,$GBGSV,10,,35
2026-06-02T17:17:21.134735,$GBGSV,13,,13
2026-06-02T17:17:22.131328,$GPGSV,10,,32
2026-06-02T17:17:22.131328,$GPGSV,13,,32
2026-06-02T17:17:22.131328,$GPGSV,18,,42
2026-06-02T17:17:22.131328,$GPGSV,23,,40
2026-06-02T17:17:22.134817,$GPGSV,24,,37
2026-06-02T17:17:22.134817,$GPGSV,32,,35
2026-06-02T17:17:22.134817,$GPGSV,41,,41
2026-06-02T17:17:22.134817,$GPGSV,42,,40
2026-06-02T17:17:22.136927,$GPGSV,50,,30
2026-06-02T17:17:22.139658,$GPGSV,10,,30
2026-06-02T17:17:22.139658,$GPGSV,18,,40
2026-06-02T17:17:22.139658,$GPGSV,23,,36
2026-06-02T17:17:22.139658,$GPGSV,24,,32
2026-06-02T17:17:22.140949,$GPGSV,32,,28
2026-06-02T17:17:22.146865,$GLGSV,65,,32
2026-06-02T17:17:22.146865,$GLGSV,66,,37
2026-06-02T17:17:22.146865,$GLGSV,75,,19
2026-06-02T17:17:22.146865,$GLGSV,76,,38
2026-06-02T17:17:22.148699,$GLGSV,81,,31
2026-06-02T17:17:22.148699,$GLGSV,87,,32
2026-06-02T17:17:22.148699,$GLGSV,88,,41
2026-06-02T17:17:22.150924,$GLGSV,66,,32
2026-06-02T17:17:22.150924,$GLGSV,67,,16
2026-06-02T17:17:22.150924,$GLGSV,75,,21
2026-06-02T17:17:22.150924,$GLGSV,76,,25
2026-06-02T17:17:22.152259,$GLGSV,81,,32
2026-06-02T17:17:22.152259,$GLGSV,88,,37
2026-06-02T17:17:22.154514,$GAGSV,04,,33
2026-06-02T17:17:22.154514,$GAGSV,05,,23
2026-06-02T17:17:22.154514,$GAGSV,06,,37
2026-06-02T17:17:22.154514,$GAGSV,09,,34
2026-06-02T17:17:22.156180,$GAGSV,10,,34
2026-06-02T17:17:22.156180,$GAGSV,11,,33
2026-06-02T17:17:22.156180,$GAGSV,12,,27
2026-06-02T17:17:22.156180,$GAGSV,36,,24
2026-06-02T17:17:22.157716,$GAGSV,04,,39
2026-06-02T17:17:22.157716,$GAGSV,05,,33
2026-06-02T17:17:22.157716,$GAGSV,06,,41
2026-06-02T17:17:22.157716,$GAGSV,09,,38
2026-06-02T17:17:22.159491,$GAGSV,10,,38
2026-06-02T17:17:22.159491,$GAGSV,11,,37
2026-06-02T17:17:22.159491,$GAGSV,12,,30
2026-06-02T17:17:22.159491,$GAGSV,36,,31
2026-06-02T17:17:22.161916,$GBGSV,06,,36
2026-06-02T17:17:22.161916,$GBGSV,07,,29
2026-06-02T17:17:22.161916,$GBGSV,08,,35
2026-06-02T17:17:22.161916,$GBGSV,09,,37
2026-06-02T17:17:22.162772,$GBGSV,10,,40
2026-06-02T17:17:22.162772,$GBGSV,13,,37
2026-06-02T17:17:22.162772,$GBGSV,14,,29
2026-06-02T17:17:22.162772,$GBGSV,34,,38
2026-06-02T17:17:22.163661,$GBGSV,07,,12
2026-06-02T17:17:22.163661,$GBGSV,09,,33
2026-06-02T17:17:22.163661,$GBGSV,10,,35
2026-06-02T17:17:22.163661,$GBGSV,13,,10
2026-06-02T17:17:23.119091,$GPGSV,10,,32
2026-06-02T17:17:23.119091,$GPGSV,13,,28
2026-06-02T17:17:23.119091,$GPGSV,18,,42
2026-06-02T17:17:23.119091,$GPGSV,23,,37
2026-06-02T17:17:23.119835,$GPGSV,24,,38
2026-06-02T17:17:23.119835,$GPGSV,32,,32
2026-06-02T17:17:23.119835,$GPGSV,41,,37
2026-06-02T17:17:23.119835,$GPGSV,42,,41
2026-06-02T17:17:23.120252,$GPGSV,50,,29
2026-06-02T17:17:23.120962,$GPGSV,10,,20
2026-06-02T17:17:23.120962,$GPGSV,18,,40
2026-06-02T17:17:23.120962,$GPGSV,23,,33
2026-06-02T17:17:23.120962,$GPGSV,24,,33
2026-06-02T17:17:23.121372,$GPGSV,32,,24
2026-06-02T17:17:23.123382,$GLGSV,65,,32
2026-06-02T17:17:23.123382,$GLGSV,66,,39
2026-06-02T17:17:23.123382,$GLGSV,75,,18
2026-06-02T17:17:23.123382,$GLGSV,76,,29
2026-06-02T17:17:23.123997,$GLGSV,81,,35
2026-06-02T17:17:23.123997,$GLGSV,87,,35
2026-06-02T17:17:23.123997,$GLGSV,88,,42
2026-06-02T17:17:23.124716,$GLGSV,66,,34
2026-06-02T17:17:23.124716,$GLGSV,67,,16
2026-06-02T17:17:23.124716,$GLGSV,75,,19
2026-06-02T17:17:23.124716,$GLGSV,76,,36
2026-06-02T17:17:23.125223,$GLGSV,81,,28
2026-06-02T17:17:23.125223,$GLGSV,88,,41
2026-06-02T17:17:23.126868,$GAGSV,04,,34
2026-06-02T17:17:23.126868,$GAGSV,05,,25
2026-06-02T17:17:23.126868,$GAGSV,06,,38
2026-06-02T17:17:23.126868,$GAGSV,09,,35
2026-06-02T17:17:23.128014,$GAGSV,10,,35
2026-06-02T17:17:23.128014,$GAGSV,11,,34
2026-06-02T17:17:23.128014,$GAGSV,12,,28
2026-06-02T17:17:23.128014,$GAGSV,36,,23
2026-06-02T17:17:23.128747,$GAGSV,04,,39
2026-06-02T17:17:23.128747,$GAGSV,05,,30
2026-06-02T17:17:23.128747,$GAGSV,06,,39
2026-06-02T17:17:23.128747,$GAGSV,09,,35
2026-06-02T17:17:23.129522,$GAGSV,10,,35
2026-06-02T17:17:23.129522,$GAGSV,11,,37
2026-06-02T17:17:23.129522,$GAGSV,12,,26
2026-06-02T17:17:23.129522,$GAGSV,36,,26
2026-06-02T17:17:23.130861,$GBGSV,06,,40
2026-06-02T17:17:23.130861,$GBGSV,07,,37
2026-06-02T17:17:23.130861,$GBGSV,08,,36
2026-06-02T17:17:23.130861,$GBGSV,09,,37
2026-06-02T17:17:23.131556,$GBGSV,10,,40
2026-06-02T17:17:23.131556,$GBGSV,13,,36
2026-06-02T17:17:23.131556,$GBGSV,14,,34
2026-06-02T17:17:23.131556,$GBGSV,34,,38
2026-06-02T17:17:23.132248,$GBGSV,07,,09
2026-06-02T17:17:23.132248,$GBGSV,09,,32
2026-06-02T17:17:23.132248,$GBGSV,10,,34
2026-06-02T17:17:23.132248,$GBGSV,13,,08
2026-06-02T17:17:24.130868,$GPGSV,10,,29
2026-06-02T17:17:24.130868,$GPGSV,13,,27
2026-06-02T17:17:24.130868,$GPGSV,18,,42
2026-06-02T17:17:24.130868,$GPGSV,23,,39
2026-06-02T17:17:24.131615,$GPGSV,24,,36
2026-06-02T17:17:24.131615,$GPGSV,32,,30
2026-06-02T17:17:24.131615,$GPGSV,41,,41
2026-06-02T17:17:24.131615,$GPGSV,42,,41
2026-06-02T17:17:24.132011,$GPGSV,50,,30
2026-06-02T17:17:24.132678,$GPGSV,10,,29
2026-06-02T17:17:24.132678,$GPGSV,18,,42
2026-06-02T17:17:24.132678,$GPGSV,23,,34
2026-06-02T17:17:24.132678,$GPGSV,24,,32
2026-06-02T17:17:24.133066,$GPGSV,32,,25
2026-06-02T17:17:24.135076,$GLGSV,65,,35
2026-06-02T17:17:24.135076,$GLGSV,66,,29
2026-06-02T17:17:24.135076,$GLGSV,75,,20
2026-06-02T17:17:24.135076,$GLGSV,76,,33
2026-06-02T17:17:24.135663,$GLGSV,81,,34
2026-06-02T17:17:24.135663,$GLGSV,87,,34
2026-06-02T17:17:24.135663,$GLGSV,88,,36
2026-06-02T17:17:24.136345,$GLGSV,66,,34
2026-06-02T17:17:24.136345,$GLGSV,67,,17
2026-06-02T17:17:24.136345,$GLGSV,75,,18
2026-06-02T17:17:24.136345,$GLGSV,76,,29
2026-06-02T17:17:24.136827,$GLGSV,81,,32
2026-06-02T17:17:24.136827,$GLGSV,88,,39
2026-06-02T17:17:24.137889,$GAGSV,04,,34
2026-06-02T17:17:24.137889,$GAGSV,05,,27
2026-06-02T17:17:24.137889,$GAGSV,06,,38
2026-06-02T17:17:24.137889,$GAGSV,09,,35
2026-06-02T17:17:24.138577,$GAGSV,10,,35
2026-06-02T17:17:24.138577,$GAGSV,11,,33
2026-06-02T17:17:24.138577,$GAGSV,12,,28
2026-06-02T17:17:24.138577,$GAGSV,36,,25
2026-06-02T17:17:24.139262,$GAGSV,04,,37
2026-06-02T17:17:24.139262,$GAGSV,05,,31
2026-06-02T17:17:24.139262,$GAGSV,06,,39
2026-06-02T17:17:24.139262,$GAGSV,09,,37
2026-06-02T17:17:24.139960,$GAGSV,10,,36
2026-06-02T17:17:24.139960,$GAGSV,11,,38
2026-06-02T17:17:24.139960,$GAGSV,12,,29
2026-06-02T17:17:24.139960,$GAGSV,36,,25
2026-06-02T17:17:24.141233,$GBGSV,06,,42
2026-06-02T17:17:24.141233,$GBGSV,07,,39
2026-06-02T17:17:24.141233,$GBGSV,08,,34
2026-06-02T17:17:24.141233,$GBGSV,09,,37
2026-06-02T17:17:24.141914,$GBGSV,10,,39
2026-06-02T17:17:24.141914,$GBGSV,13,,30
2026-06-02T17:17:24.141914,$GBGSV,14,,33
2026-06-02T17:17:24.141914,$GBGSV,34,,38
2026-06-02T17:17:24.142551,$GBGSV,07,,08
2026-06-02T17:17:24.142551,$GBGSV,09,,33
2026-06-02T17:17:24.142551,$GBGSV,10,,33
2026-06-02T17:17:24.142551,$GBGSV,13,,08
2026-06-02T17:17:25.127444,$GPGSV,10,,23
2026-06-02T17:17:25.127444,$GPGSV,13,,26
2026-06-02T17:17:25.127444,$GPGSV,18,,41
2026-06-02T17:17:25.127444,$GPGSV,23,,37
2026-06-02T17:17:25.128145,$GPGSV,24,,38
2026-06-02T17:17:25.128145,$GPGSV,32,,34
2026-06-02T17:17:25.128145,$GPGSV,41,,42
2026-06-02T17:17:25.128145,$GPGSV,42,,40
2026-06-02T17:17:25.128540,$GPGSV,50,,31
2026-06-02T17:17:25.129220,$GPGSV,10,,29
2026-06-02T17:17:25.129220,$GPGSV,18,,42
2026-06-02T17:17:25.129220,$GPGSV,23,,37
2026-06-02T17:17:25.129220,$GPGSV,24,,33
2026-06-02T17:17:25.129613,$GPGSV,32,,26
2026-06-02T17:17:25.131471,$GLGSV,65,,32
2026-06-02T17:17:25.131471,$GLGSV,66,,31
2026-06-02T17:17:25.131471,$GLGSV,75,,19
2026-06-02T17:17:25.131471,$GLGSV,76,,28
2026-06-02T17:17:25.132029,$GLGSV,81,,32
2026-06-02T17:17:25.132029,$GLGSV,87,,34
2026-06-02T17:17:25.132029,$GLGSV,88,,39
2026-06-02T17:17:25.132696,$GLGSV,66,,24
2026-06-02T17:17:25.132696,$GLGSV,67,,17
2026-06-02T17:17:25.132696,$GLGSV,75,,17
2026-06-02T17:17:25.132696,$GLGSV,76,,33
2026-06-02T17:17:25.133146,$GLGSV,81,,34
2026-06-02T17:17:25.133146,$GLGSV,88,,40
2026-06-02T17:17:25.134112,$GAGSV,04,,36
2026-06-02T17:17:25.134112,$GAGSV,05,,27
2026-06-02T17:17:25.134112,$GAGSV,06,,37
2026-06-02T17:17:25.134112,$GAGSV,09,,35
2026-06-02T17:17:25.134787,$GAGSV,10,,35
2026-06-02T17:17:25.134787,$GAGSV,11,,34
2026-06-02T17:17:25.134787,$GAGSV,12,,26
2026-06-02T17:17:25.134787,$GAGSV,36,,24
2026-06-02T17:17:25.135486,$GAGSV,04,,34
2026-06-02T17:17:25.135486,$GAGSV,05,,34
2026-06-02T17:17:25.135486,$GAGSV,06,,41
2026-06-02T17:17:25.135486,$GAGSV,09,,36
2026-06-02T17:17:25.136089,$GAGSV,10,,37
2026-06-02T17:17:25.136089,$GAGSV,11,,37
2026-06-02T17:17:25.136089,$GAGSV,12,,32
2026-06-02T17:17:25.136089,$GAGSV,36,,31
2026-06-02T17:17:25.137360,$GBGSV,06,,42
2026-06-02T17:17:25.137360,$GBGSV,07,,42
2026-06-02T17:17:25.137360,$GBGSV,08,,34
2026-06-02T17:17:25.137360,$GBGSV,09,,37
2026-06-02T17:17:25.138004,$GBGSV,10,,37
2026-06-02T17:17:25.138004,$GBGSV,13,,38
2026-06-02T17:17:25.138004,$GBGSV,14,,29
2026-06-02T17:17:25.138004,$GBGSV,34,,38
2026-06-02T17:17:25.138595,$GBGSV,07,,08
2026-06-02T17:17:25.138595,$GBGSV,09,,33
2026-06-02T17:17:25.138595,$GBGSV,10,,33
2026-06-02T17:17:25.138595,$GBGSV,13,,07
2026-06-02T17:17:26.127737,$GPGSV,10,,30
2026-06-02T17:17:26.127737,$GPGSV,13,,25
2026-06-02T17:17:26.127737,$GPGSV,18,,42
2026-06-02T17:17:26.127737,$GPGSV,23,,38
2026-06-02T17:17:26.128899,$GPGSV,24,,37
2026-06-02T17:17:26.128899,$GPGSV,32,,30
2026-06-02T17:17:26.128899,$GPGSV,41,,41
2026-06-02T17:17:26.128899,$GPGSV,42,,41
2026-06-02T17:17:26.129501,$GPGSV,50,,33
2026-06-02T17:17:26.130177,$GPGSV,10,,28
2026-06-02T17:17:26.130177,$GPGSV,18,,42
2026-06-02T17:17:26.130177,$GPGSV,23,,35
2026-06-02T17:17:26.130177,$GPGSV,24,,34
2026-06-02T17:17:26.130559,$GPGSV,32,,27
2026-06-02T17:17:26.132239,$GLGSV,65,,35
2026-06-02T17:17:26.132239,$GLGSV,66,,30
2026-06-02T17:17:26.132239,$GLGSV,75,,19
2026-06-02T17:17:26.132239,$GLGSV,76,,28
2026-06-02T17:17:26.132761,$GLGSV,81,,27
2026-06-02T17:17:26.132761,$GLGSV,87,,34
2026-06-02T17:17:26.132761,$GLGSV,88,,43
2026-06-02T17:17:26.133367,$GLGSV,66,,34
2026-06-02T17:17:26.133367,$GLGSV,67,,17
2026-06-02T17:17:26.133367,$GLGSV,75,,14
2026-06-02T17:17:26.133367,$GLGSV,76,,28
2026-06-02T17:17:26.133817,$GLGSV,81,,32
2026-06-02T17:17:26.133817,$GLGSV,88,,42
2026-06-02T17:17:26.134711,$GAGSV,04,,35
2026-06-02T17:17:26.134711,$GAGSV,05,,27
2026-06-02T17:17:26.134711,$GAGSV,06,,38
2026-06-02T17:17:26.134711,$GAGSV,09,,36
2026-06-02T17:17:26.135322,$GAGSV,10,,39
2026-06-02T17:17:26.135322,$GAGSV,11,,35
2026-06-02T17:17:26.135322,$GAGSV,12,,24
2026-06-02T17:17:26.135322,$GAGSV,36,,27
2026-06-02T17:17:26.135916,$GAGSV,04,,36
2026-06-02T17:17:26.135916,$GAGSV,05,,31
2026-06-02T17:17:26.135916,$GAGSV,06,,40
2026-06-02T17:17:26.135916,$GAGSV,09,,37
2026-06-02T17:17:26.136500,$GAGSV,10,,39
2026-06-02T17:17:26.136500,$GAGSV,11,,37
2026-06-02T17:17:26.136500,$GAGSV,12,,31
2026-06-02T17:17:26.136500,$GAGSV,36,,31
2026-06-02T17:17:26.137602,$GBGSV,06,,41
2026-06-02T17:17:26.137602,$GBGSV,07,,40
2026-06-02T17:17:26.137602,$GBGSV,08,,36
2026-06-02T17:17:26.137602,$GBGSV,09,,37
2026-06-02T17:17:26.138197,$GBGSV,10,,35
2026-06-02T17:17:26.138197,$GBGSV,13,,36
2026-06-02T17:17:26.138197,$GBGSV,14,,29
2026-06-02T17:17:26.138197,$GBGSV,34,,38
2026-06-02T17:17:26.138694,$GBGSV,09,,33
2026-06-02T17:17:26.138694,$GBGSV,10,,34
2026-06-02T17:17:26.138694,$GBGSV,13,,08
2026-06-02T17:17:27.131925,$GPGSV,10,,34
2026-06-02T17:17:27.131925,$GPGSV,13,,34
2026-06-02T17:17:27.131925,$GPGSV,18,,43
2026-06-02T17:17:27.131925,$GPGSV,23,,38
2026-06-02T17:17:27.132659,$GPGSV,24,,37
2026-06-02T17:17:27.132659,$GPGSV,32,,31
2026-06-02T17:17:27.132659,$GPGSV,41,,41
2026-06-02T17:17:27.132659,$GPGSV,42,,41
2026-06-02T17:17:27.133071,$GPGSV,50,,36
2026-06-02T17:17:27.133783,$GPGSV,10,,27
2026-06-02T17:17:27.133783,$GPGSV,18,,40
2026-06-02T17:17:27.133783,$GPGSV,23,,35
2026-06-02T17:17:27.133783,$GPGSV,24,,33
2026-06-02T17:17:27.134189,$GPGSV,32,,27
2026-06-02T17:17:27.136154,$GLGSV,65,,34
2026-06-02T17:17:27.136154,$GLGSV,66,,38
2026-06-02T17:17:27.136154,$GLGSV,75,,18
2026-06-02T17:17:27.136154,$GLGSV,76,,27
2026-06-02T17:17:27.136759,$GLGSV,81,,32
2026-06-02T17:17:27.136759,$GLGSV,87,,34
2026-06-02T17:17:27.136759,$GLGSV,88,,44
2026-06-02T17:17:27.137464,$GLGSV,66,,30
2026-06-02T17:17:27.137464,$GLGSV,67,,18
2026-06-02T17:17:27.137464,$GLGSV,75,,16
2026-06-02T17:17:27.137464,$GLGSV,76,,28
2026-06-02T17:17:27.137979,$GLGSV,81,,27
2026-06-02T17:17:27.137979,$GLGSV,88,,40
2026-06-02T17:17:27.139041,$GAGSV,04,,35
2026-06-02T17:17:27.139041,$GAGSV,05,,29
2026-06-02T17:17:27.139041,$GAGSV,06,,38
2026-06-02T17:17:27.139041,$GAGSV,09,,38
2026-06-02T17:17:27.139724,$GAGSV,10,,38
2026-06-02T17:17:27.139724,$GAGSV,11,,36
2026-06-02T17:17:27.139724,$GAGSV,12,,25
2026-06-02T17:17:27.139724,$GAGSV,36,,32
2026-06-02T17:17:27.140402,$GAGSV,04,,37
2026-06-02T17:17:27.140402,$GAGSV,05,,30
2026-06-02T17:17:27.140402,$GAGSV,06,,40
2026-06-02T17:17:27.140402,$GAGSV,09,,34
2026-06-02T17:17:27.141084,$GAGSV,10,,39
2026-06-02T17:17:27.141084,$GAGSV,11,,37
2026-06-02T17:17:27.141084,$GAGSV,12,,25
2026-06-02T17:17:27.141084,$GAGSV,36,,31
2026-06-02T17:17:27.142399,$GBGSV,06,,39
2026-06-02T17:17:27.142399,$GBGSV,07,,42
2026-06-02T17:17:27.142399,$GBGSV,08,,34
2026-06-02T17:17:27.142399,$GBGSV,09,,38
2026-06-02T17:17:27.143085,$GBGSV,10,,37
2026-06-02T17:17:27.143085,$GBGSV,13,,40
2026-06-02T17:17:27.143085,$GBGSV,14,,24
2026-06-02T17:17:27.143085,$GBGSV,34,,38
2026-06-02T17:17:27.143670,$GBGSV,09,,33
2026-06-02T17:17:27.143670,$GBGSV,10,,35
2026-06-02T17:17:27.143670,$GBGSV,13,,08
2026-06-02T17:17:28.138430,$GPGSV,10,,31
2026-06-02T17:17:28.138430,$GPGSV,13,,34
2026-06-02T17:17:28.138430,$GPGSV,18,,41
2026-06-02T17:17:28.138430,$GPGSV,23,,38
2026-06-02T17:17:28.139061,$GPGSV,24,,37
2026-06-02T17:17:28.139061,$GPGSV,32,,30
2026-06-02T17:17:28.139061,$GPGSV,41,,38
2026-06-02T17:17:28.139061,$GPGSV,42,,41
2026-06-02T17:17:28.139413,$GPGSV,50,,37
2026-06-02T17:17:28.140016,$GPGSV,10,,27
2026-06-02T17:17:28.140016,$GPGSV,18,,39
2026-06-02T17:17:28.140016,$GPGSV,23,,36
2026-06-02T17:17:28.140016,$GPGSV,24,,33
2026-06-02T17:17:28.140352,$GPGSV,32,,26
2026-06-02T17:17:28.141992,$GLGSV,65,,34
2026-06-02T17:17:28.141992,$GLGSV,66,,35
2026-06-02T17:17:28.141992,$GLGSV,75,,18
2026-06-02T17:17:28.141992,$GLGSV,76,,28
2026-06-02T17:17:28.142514,$GLGSV,81,,31
2026-06-02T17:17:28.142514,$GLGSV,87,,35
2026-06-02T17:17:28.142514,$GLGSV,88,,41
2026-06-02T17:17:28.143109,$GLGSV,66,,36
2026-06-02T17:17:28.143109,$GLGSV,67,,17
2026-06-02T17:17:28.143109,$GLGSV,75,,18
2026-06-02T17:17:28.143109,$GLGSV,76,,27
2026-06-02T17:17:28.143533,$GLGSV,81,,35
2026-06-02T17:17:28.143533,$GLGSV,88,,41
2026-06-02T17:17:28.144427,$GAGSV,04,,35
2026-06-02T17:17:28.144427,$GAGSV,05,,28
2026-06-02T17:17:28.144427,$GAGSV,06,,38
2026-06-02T17:17:28.144427,$GAGSV,09,,34
2026-06-02T17:17:28.145113,$GAGSV,10,,38
2026-06-02T17:17:28.145113,$GAGSV,11,,36
2026-06-02T17:17:28.145113,$GAGSV,12,,22
2026-06-02T17:17:28.145113,$GAGSV,36,,33
2026-06-02T17:17:28.145715,$GAGSV,04,,36
2026-06-02T17:17:28.145715,$GAGSV,05,,20
2026-06-02T17:17:28.145715,$GAGSV,06,,40
2026-06-02T17:17:28.145715,$GAGSV,09,,26
2026-06-02T17:17:28.146300,$GAGSV,10,,39
2026-06-02T17:17:28.146300,$GAGSV,11,,37
2026-06-02T17:17:28.146300,$GAGSV,12,,25
2026-06-02T17:17:28.146300,$GAGSV,36,,26
2026-06-02T17:17:28.147418,$GBGSV,06,,40
2026-06-02T17:17:28.147418,$GBGSV,07,,41
2026-06-02T17:17:28.147418,$GBGSV,08,,34
2026-06-02T17:17:28.147418,$GBGSV,09,,38
2026-06-02T17:17:28.148011,$GBGSV,10,,37
2026-06-02T17:17:28.148011,$GBGSV,13,,33
2026-06-02T17:17:28.148011,$GBGSV,14,,23
2026-06-02T17:17:28.148011,$GBGSV,34,,38
2026-06-02T17:17:28.148521,$GBGSV,09,,34
2026-06-02T17:17:28.148521,$GBGSV,10,,34
2026-06-02T17:17:28.148521,$GBGSV,13,,07
2026-06-02T17:17:29.122855,$GPGSV,10,,32
2026-06-02T17:17:29.122855,$GPGSV,13,,33
2026-06-02T17:17:29.122855,$GPGSV,18,,41
2026-06-02T17:17:29.122855,$GPGSV,23,,38
2026-06-02T17:17:29.123594,$GPGSV,24,,37
2026-06-02T17:17:29.123594,$GPGSV,32,,34
2026-06-02T17:17:29.123594,$GPGSV,41,,40
2026-06-02T17:17:29.123594,$GPGSV,42,,41
2026-06-02T17:17:29.124006,$GPGSV,50,,30
2026-06-02T17:17:29.124714,$GPGSV,10,,26
2026-06-02T17:17:29.124714,$GPGSV,18,,40
2026-06-02T17:17:29.124714,$GPGSV,23,,36
2026-06-02T17:17:29.124714,$GPGSV,24,,35
2026-06-02T17:17:29.125119,$GPGSV,32,,26
2026-06-02T17:17:29.127642,$GLGSV,65,,35
2026-06-02T17:17:29.127642,$GLGSV,66,,37
2026-06-02T17:17:29.127642,$GLGSV,75,,19
2026-06-02T17:17:29.127642,$GLGSV,76,,32
2026-06-02T17:17:29.128269,$GLGSV,81,,35
2026-06-02T17:17:29.128269,$GLGSV,87,,37
2026-06-02T17:17:29.128269,$GLGSV,88,,43
2026-06-02T17:17:29.128981,$GLGSV,66,,36
2026-06-02T17:17:29.128981,$GLGSV,67,,16
2026-06-02T17:17:29.128981,$GLGSV,75,,19
2026-06-02T17:17:29.128981,$GLGSV,76,,28
2026-06-02T17:17:29.129475,$GLGSV,81,,26
2026-06-02T17:17:29.129475,$GLGSV,88,,41
2026-06-02T17:17:29.130522,$GAGSV,04,,33
2026-06-02T17:17:29.130522,$GAGSV,05,,28
2026-06-02T17:17:29.130522,$GAGSV,06,,38
2026-06-02T17:17:29.130522,$GAGSV,09,,29
2026-06-02T17:17:29.131196,$GAGSV,10,,39
2026-06-02T17:17:29.131196,$GAGSV,11,,36
2026-06-02T17:17:29.131196,$GAGSV,12,,30
2026-06-02T17:17:29.131196,$GAGSV,36,,26
2026-06-02T17:17:29.131874,$GAGSV,04,,36
2026-06-02T17:17:29.131874,$GAGSV,05,,28
2026-06-02T17:17:29.131874,$GAGSV,06,,39
2026-06-02T17:17:29.131874,$GAGSV,09,,35
2026-06-02T17:17:29.132554,$GAGSV,10,,40
2026-06-02T17:17:29.132554,$GAGSV,11,,37
2026-06-02T17:17:29.132554,$GAGSV,12,,26
2026-06-02T17:17:29.132554,$GAGSV,36,,31
2026-06-02T17:17:29.133856,$GBGSV,06,,39
2026-06-02T17:17:29.133856,$GBGSV,07,,42
2026-06-02T17:17:29.133856,$GBGSV,08,,34
2026-06-02T17:17:29.133856,$GBGSV,09,,38
2026-06-02T17:17:29.134538,$GBGSV,10,,40
2026-06-02T17:17:29.134538,$GBGSV,13,,32
2026-06-02T17:17:29.134538,$GBGSV,14,,23
2026-06-02T17:17:29.134538,$GBGSV,34,,41
2026-06-02T17:17:29.135122,$GBGSV,09,,33
2026-06-02T17:17:29.135122,$GBGSV,10,,34
2026-06-02T17:17:29.135122,$GBGSV,13,,07
2026-06-02T17:17:30.123573,$GPGSV,10,,30
2026-06-02T17:17:30.123573,$GPGSV,13,,28
2026-06-02T17:17:30.123573,$GPGSV,18,,42
2026-06-02T17:17:30.123573,$GPGSV,23,,39
2026-06-02T17:17:30.124276,$GPGSV,24,,36
2026-06-02T17:17:30.124276,$GPGSV,32,,29
2026-06-02T17:17:30.124276,$GPGSV,41,,39
2026-06-02T17:17:30.124276,$GPGSV,42,,41
2026-06-02T17:17:30.124681,$GPGSV,50,,32
2026-06-02T17:17:30.125358,$GPGSV,10,,26
2026-06-02T17:17:30.125358,$GPGSV,18,,40
2026-06-02T17:17:30.125358,$GPGSV,23,,35
2026-06-02T17:17:30.125358,$GPGSV,24,,35
2026-06-02T17:17:30.125762,$GPGSV,32,,33
2026-06-02T17:17:30.127637,$GLGSV,65,,35
2026-06-02T17:17:30.127637,$GLGSV,66,,34
2026-06-02T17:17:30.127637,$GLGSV,75,,18
2026-06-02T17:17:30.127637,$GLGSV,76,,32
2026-06-02T17:17:30.128224,$GLGSV,81,,31
2026-06-02T17:17:30.128224,$GLGSV,87,,36
2026-06-02T17:17:30.128224,$GLGSV,88,,41
2026-06-02T17:17:30.128904,$GLGSV,66,,34
2026-06-02T17:17:30.128904,$GLGSV,67,,16
2026-06-02T17:17:30.128904,$GLGSV,75,,19
2026-06-02T17:17:30.128904,$GLGSV,76,,27
2026-06-02T17:17:30.129390,$GLGSV,81,,36
2026-06-02T17:17:30.129390,$GLGSV,88,,40
2026-06-02T17:17:30.130433,$GAGSV,04,,33
2026-06-02T17:17:30.130433,$GAGSV,05,,30
2026-06-02T17:17:30.130433,$GAGSV,06,,38
2026-06-02T17:17:30.130433,$GAGSV,09,,34
2026-06-02T17:17:30.131114,$GAGSV,10,,39
2026-06-02T17:17:30.131114,$GAGSV,11,,35
2026-06-02T17:17:30.131114,$GAGSV,12,,29
2026-06-02T17:17:30.131114,$GAGSV,36,,27
2026-06-02T17:17:30.131795,$GAGSV,04,,38
2026-06-02T17:17:30.131795,$GAGSV,05,,28
2026-06-02T17:17:30.131795,$GAGSV,06,,38
2026-06-02T17:17:30.131795,$GAGSV,09,,28
2026-06-02T17:17:30.132448,$GAGSV,10,,39
2026-06-02T17:17:30.132448,$GAGSV,11,,37
2026-06-02T17:17:30.132448,$GAGSV,12,,28
2026-06-02T17:17:30.132448,$GAGSV,36,,29
2026-06-02T17:17:30.133684,$GBGSV,06,,38
2026-06-02T17:17:30.133684,$GBGSV,07,,42
2026-06-02T17:17:30.133684,$GBGSV,08,,34
2026-06-02T17:17:30.133684,$GBGSV,09,,38
2026-06-02T17:17:30.134352,$GBGSV,10,,41
2026-06-02T17:17:30.134352,$GBGSV,13,,34
2026-06-02T17:17:30.134352,$GBGSV,14,,23
2026-06-02T17:17:30.134352,$GBGSV,34,,40
2026-06-02T17:17:30.134891,$GBGSV,09,,33
2026-06-02T17:17:30.134891,$GBGSV,10,,36
2026-06-02T17:17:30.134891,$GBGSV,13,,08
2026-06-02T17:17:31.124320,$GPGSV,10,,29
2026-06-02T17:17:31.124320,$GPGSV,13,,26
2026-06-02T17:17:31.124320,$GPGSV,18,,41
2026-06-02T17:17:31.124320,$GPGSV,23,,38
2026-06-02T17:17:31.125543,$GPGSV,24,,35
2026-06-02T17:17:31.125543,$GPGSV,32,,36
2026-06-02T17:17:31.125543,$GPGSV,41,,42
2026-06-02T17:17:31.125543,$GPGSV,42,,40
2026-06-02T17:17:31.125988,$GPGSV,50,,34
2026-06-02T17:17:31.126666,$GPGSV,10,,26
2026-06-02T17:17:31.126666,$GPGSV,18,,40
2026-06-02T17:17:31.126666,$GPGSV,23,,35
2026-06-02T17:17:31.126666,$GPGSV,24,,33
2026-06-02T17:17:31.127060,$GPGSV,32,,29
2026-06-02T17:17:31.128948,$GLGSV,65,,32
2026-06-02T17:17:31.128948,$GLGSV,66,,36
2026-06-02T17:17:31.128948,$GLGSV,75,,17
2026-06-02T17:17:31.128948,$GLGSV,76,,32
2026-06-02T17:17:31.129550,$GLGSV,81,,37
2026-06-02T17:17:31.129550,$GLGSV,87,,36
2026-06-02T17:17:31.129550,$GLGSV,88,,40
2026-06-02T17:17:31.130298,$GLGSV,66,,35
2026-06-02T17:17:31.130298,$GLGSV,67,,16
2026-06-02T17:17:31.130298,$GLGSV,75,,19
2026-06-02T17:17:31.130298,$GLGSV,76,,28
2026-06-02T17:17:31.130837,$GLGSV,81,,29
2026-06-02T17:17:31.130837,$GLGSV,88,,41
2026-06-02T17:17:31.131874,$GAGSV,04,,33
2026-06-02T17:17:31.131874,$GAGSV,05,,29
2026-06-02T17:17:31.131874,$GAGSV,06,,36
2026-06-02T17:17:31.131874,$GAGSV,09,,31
2026-06-02T17:17:31.132557,$GAGSV,10,,38
2026-06-02T17:17:31.132557,$GAGSV,11,,34
2026-06-02T17:17:31.132557,$GAGSV,12,,28
2026-06-02T17:17:31.132557,$GAGSV,36,,26
2026-06-02T17:17:31.133242,$GAGSV,04,,35
2026-06-02T17:17:31.133242,$GAGSV,05,,27
2026-06-02T17:17:31.133242,$GAGSV,06,,39
2026-06-02T17:17:31.133242,$GAGSV,09,,34
2026-06-02T17:17:31.133939,$GAGSV,10,,37
2026-06-02T17:17:31.133939,$GAGSV,11,,37
2026-06-02T17:17:31.133939,$GAGSV,12,,28
2026-06-02T17:17:31.133939,$GAGSV,36,,20
2026-06-02T17:17:31.135229,$GBGSV,06,,37
2026-06-02T17:17:31.135229,$GBGSV,07,,41
2026-06-02T17:17:31.135229,$GBGSV,08,,34
2026-06-02T17:17:31.135229,$GBGSV,09,,38
2026-06-02T17:17:31.135916,$GBGSV,10,,42
2026-06-02T17:17:31.135916,$GBGSV,13,,32
2026-06-02T17:17:31.135916,$GBGSV,14,,23
2026-06-02T17:17:31.135916,$GBGSV,34,,40
2026-06-02T17:17:31.136522,$GBGSV,09,,33
2026-06-02T17:17:31.136522,$GBGSV,10,,36
2026-06-02T17:17:31.136522,$GBGSV,13,,07
2026-06-02T17:17:32.119043,$GPGSV,10,,30
2026-06-02T17:17:32.119043,$GPGSV,13,,24
2026-06-02T17:17:32.119043,$GPGSV,18,,41
2026-06-02T17:17:32.119043,$GPGSV,23,,38
2026-06-02T17:17:32.119649,$GPGSV,24,,35
2026-06-02T17:17:32.119649,$GPGSV,32,,33
2026-06-02T17:17:32.119649,$GPGSV,41,,41
2026-06-02T17:17:32.119649,$GPGSV,42,,39
2026-06-02T17:17:32.119988,$GPGSV,50,,33
2026-06-02T17:17:32.120565,$GPGSV,10,,24
2026-06-02T17:17:32.120565,$GPGSV,18,,41
2026-06-02T17:17:32.120565,$GPGSV,23,,36
2026-06-02T17:17:32.120565,$GPGSV,24,,32
2026-06-02T17:17:32.120900,$GPGSV,32,,34
2026-06-02T17:17:32.122545,$GLGSV,65,,33
2026-06-02T17:17:32.122545,$GLGSV,66,,33
2026-06-02T17:17:32.122545,$GLGSV,75,,16
2026-06-02T17:17:32.122545,$GLGSV,76,,34
2026-06-02T17:17:32.123050,$GLGSV,81,,35
2026-06-02T17:17:32.123050,$GLGSV,87,,34
2026-06-02T17:17:32.123050,$GLGSV,88,,41
2026-06-02T17:17:32.123635,$GLGSV,66,,27
2026-06-02T17:17:32.123635,$GLGSV,67,,16
2026-06-02T17:17:32.123635,$GLGSV,75,,19
2026-06-02T17:17:32.123635,$GLGSV,76,,27
2026-06-02T17:17:32.124048,$GLGSV,81,,33
2026-06-02T17:17:32.124048,$GLGSV,88,,40
2026-06-02T17:17:32.124926,$GAGSV,04,,33
2026-06-02T17:17:32.124926,$GAGSV,05,,30
2026-06-02T17:17:32.124926,$GAGSV,06,,37
2026-06-02T17:17:32.124926,$GAGSV,09,,32
2026-06-02T17:17:32.125494,$GAGSV,10,,39
2026-06-02T17:17:32.125494,$GAGSV,11,,35
2026-06-02T17:17:32.125494,$GAGSV,12,,28
2026-06-02T17:17:32.125494,$GAGSV,36,,25
2026-06-02T17:17:32.126072,$GAGSV,04,,36
2026-06-02T17:17:32.126072,$GAGSV,05,,33
2026-06-02T17:17:32.126072,$GAGSV,06,,39
2026-06-02T17:17:32.126072,$GAGSV,09,,31
2026-06-02T17:17:32.126640,$GAGSV,10,,39
2026-06-02T17:17:32.126640,$GAGSV,11,,37
2026-06-02T17:17:32.126640,$GAGSV,12,,33
2026-06-02T17:17:32.126640,$GAGSV,36,,23
2026-06-02T17:17:32.127713,$GBGSV,06,,39
2026-06-02T17:17:32.127713,$GBGSV,07,,41
2026-06-02T17:17:32.127713,$GBGSV,08,,35
2026-06-02T17:17:32.127713,$GBGSV,09,,38
2026-06-02T17:17:32.128296,$GBGSV,10,,39
2026-06-02T17:17:32.128296,$GBGSV,13,,36
2026-06-02T17:17:32.128296,$GBGSV,14,,26
2026-06-02T17:17:32.128296,$GBGSV,34,,41
2026-06-02T17:17:32.128712,$GBGSV,09,,33
2026-06-02T17:17:32.128712,$GBGSV,10,,33
2026-06-02T17:17:33.122572,$GPGSV,10,,28
2026-06-02T17:17:33.122572,$GPGSV,13,,24
2026-06-02T17:17:33.122572,$GPGSV,18,,41
2026-06-02T17:17:33.122572,$GPGSV,23,,38
2026-06-02T17:17:33.123224,$GPGSV,24,,37
2026-06-02T17:17:33.123224,$GPGSV,32,,35
2026-06-02T17:17:33.123224,$GPGSV,41,,37
2026-06-02T17:17:33.123224,$GPGSV,42,,40
2026-06-02T17:17:33.123561,$GPGSV,50,,33
2026-06-02T17:17:33.124143,$GPGSV,10,,23
2026-06-02T17:17:33.124143,$GPGSV,18,,41
2026-06-02T17:17:33.124143,$GPGSV,23,,36
2026-06-02T17:17:33.124143,$GPGSV,24,,32
2026-06-02T17:17:33.124477,$GPGSV,32,,28
2026-06-02T17:17:33.126125,$GLGSV,65,,32
2026-06-02T17:17:33.126125,$GLGSV,66,,33
2026-06-02T17:17:33.126125,$GLGSV,75,,15
2026-06-02T17:17:33.126125,$GLGSV,76,,35
2026-06-02T17:17:33.126633,$GLGSV,81,,35
2026-06-02T17:17:33.126633,$GLGSV,87,,30
2026-06-02T17:17:33.126633,$GLGSV,88,,39
2026-06-02T17:17:33.127224,$GLGSV,66,,35
2026-06-02T17:17:33.127224,$GLGSV,67,,16
2026-06-02T17:17:33.127224,$GLGSV,75,,17
2026-06-02T17:17:33.127224,$GLGSV,76,,32
2026-06-02T17:17:33.127642,$GLGSV,81,,32
2026-06-02T17:17:33.127642,$GLGSV,88,,41
2026-06-02T17:17:33.128538,$GAGSV,04,,32
2026-06-02T17:17:33.128538,$GAGSV,05,,28
2026-06-02T17:17:33.128538,$GAGSV,06,,37
2026-06-02T17:17:33.128538,$GAGSV,09,,33
2026-06-02T17:17:33.129211,$GAGSV,10,,40
2026-06-02T17:17:33.129211,$GAGSV,11,,34
2026-06-02T17:17:33.129211,$GAGSV,12,,29
2026-06-02T17:17:33.129211,$GAGSV,36,,24
2026-06-02T17:17:33.129898,$GAGSV,04,,37
2026-06-02T17:17:33.129898,$GAGSV,05,,28
2026-06-02T17:17:33.129898,$GAGSV,06,,39
2026-06-02T17:17:33.129898,$GAGSV,09,,34
2026-06-02T17:17:33.130500,$GAGSV,10,,40
2026-06-02T17:17:33.130500,$GAGSV,11,,37
2026-06-02T17:17:33.130500,$GAGSV,12,,27
2026-06-02T17:17:33.130500,$GAGSV,36,,24
2026-06-02T17:17:33.131606,$GBGSV,06,,39
2026-06-02T17:17:33.131606,$GBGSV,07,,41
2026-06-02T17:17:33.131606,$GBGSV,08,,33
2026-06-02T17:17:33.131606,$GBGSV,09,,38
2026-06-02T17:17:33.132201,$GBGSV,10,,40
2026-06-02T17:17:33.132201,$GBGSV,13,,34
2026-06-02T17:17:33.132201,$GBGSV,14,,26
2026-06-02T17:17:33.132201,$GBGSV,34,,39
2026-06-02T17:17:33.132707,$GBGSV,09,,33
2026-06-02T17:17:33.132707,$GBGSV,10,,36
2026-06-02T17:17:33.132707,$GBGSV,14,,04
2026-06-02T17:17:34.118337,$GPGSV,10,,22
2026-06-02T17:17:34.118337,$GPGSV,13,,25
2026-06-02T17:17:34.118337,$GPGSV,18,,42
2026-06-02T17:17:34.118337,$GPGSV,23,,40
2026-06-02T17:17:34.119070,$GPGSV,24,,33
2026-06-02T17:17:34.119070,$GPGSV,32,,35
2026-06-02T17:17:34.119070,$GPGSV,41,,41
2026-06-02T17:17:34.119070,$GPGSV,42,,40
2026-06-02T17:17:34.119479,$GPGSV,50,,33
2026-06-02T17:17:34.120176,$GPGSV,10,,28
2026-06-02T17:17:34.120176,$GPGSV,18,,42
2026-06-02T17:17:34.120176,$GPGSV,23,,36
2026-06-02T17:17:34.120176,$GPGSV,24,,30
2026-06-02T17:17:34.120578,$GPGSV,32,,29
2026-06-02T17:17:34.122537,$GLGSV,65,,31
2026-06-02T17:17:34.122537,$GLGSV,66,,38
2026-06-02T17:17:34.122537,$GLGSV,75,,15
2026-06-02T17:17:34.122537,$GLGSV,76,,14
2026-06-02T17:17:34.123145,$GLGSV,81,,32
2026-06-02T17:17:34.123145,$GLGSV,87,,31
2026-06-02T17:17:34.123145,$GLGSV,88,,40
2026-06-02T17:17:34.123835,$GLGSV,66,,33
2026-06-02T17:17:34.123835,$GLGSV,67,,16
2026-06-02T17:17:34.123835,$GLGSV,75,,15
2026-06-02T17:17:34.123835,$GLGSV,76,,27
2026-06-02T17:17:34.124322,$GLGSV,81,,28
2026-06-02T17:17:34.124322,$GLGSV,88,,40
2026-06-02T17:17:34.125347,$GAGSV,04,,33
2026-06-02T17:17:34.125347,$GAGSV,05,,28
2026-06-02T17:17:34.125347,$GAGSV,06,,37
2026-06-02T17:17:34.125347,$GAGSV,09,,37
2026-06-02T17:17:34.126048,$GAGSV,10,,40
2026-06-02T17:17:34.126048,$GAGSV,11,,34
2026-06-02T17:17:34.126048,$GAGSV,12,,28
2026-06-02T17:17:34.126048,$GAGSV,36,,26
2026-06-02T17:17:34.127817,$GAGSV,04,,38
2026-06-02T17:17:34.127817,$GAGSV,05,,27
2026-06-02T17:17:34.127817,$GAGSV,06,,38
2026-06-02T17:17:34.127817,$GAGSV,09,,39
2026-06-02T17:17:34.128520,$GAGSV,10,,40
2026-06-02T17:17:34.128520,$GAGSV,11,,36
2026-06-02T17:17:34.128520,$GAGSV,12,,28
2026-06-02T17:17:34.128520,$GAGSV,36,,25
2026-06-02T17:17:34.129846,$GBGSV,06,,39
2026-06-02T17:17:34.129846,$GBGSV,07,,39
2026-06-02T17:17:34.129846,$GBGSV,08,,37
2026-06-02T17:17:34.129846,$GBGSV,09,,36
2026-06-02T17:17:34.130552,$GBGSV,10,,39
2026-06-02T17:17:34.130552,$GBGSV,13,,39
2026-06-02T17:17:34.130552,$GBGSV,14,,31
2026-06-02T17:17:34.130552,$GBGSV,34,,41
2026-06-02T17:17:34.131143,$GBGSV,09,,32
2026-06-02T17:17:34.131143,$GBGSV,10,,35
2026-06-02T17:17:34.131143,$GBGSV,14,,06
2026-06-02T17:17:35.132034,$GPGSV,10,,28
2026-06-02T17:17:35.132034,$GPGSV,13,,30
2026-06-02T17:17:35.132034,$GPGSV,18,,41
2026-06-02T17:17:35.132034,$GPGSV,23,,36
2026-06-02T17:17:35.132739,$GPGSV,24,,35
2026-06-02T17:17:35.132739,$GPGSV,29,,31
2026-06-02T17:17:35.132739,$GPGSV,32,,35
2026-06-02T17:17:35.132739,$GPGSV,41,,41
2026-06-02T17:17:35.133237,$GPGSV,42,,41
2026-06-02T17:17:35.133237,$GPGSV,50,,35
2026-06-02T17:17:35.133927,$GPGSV,10,,28
2026-06-02T17:17:35.133927,$GPGSV,18,,40
2026-06-02T17:17:35.133927,$GPGSV,23,,36
2026-06-02T17:17:35.133927,$GPGSV,24,,31
2026-06-02T17:17:35.134323,$GPGSV,32,,31
2026-06-02T17:17:35.136144,$GLGSV,65,,34
2026-06-02T17:17:35.136144,$GLGSV,66,,35
2026-06-02T17:17:35.136144,$GLGSV,75,,15
2026-06-02T17:17:35.136144,$GLGSV,76,,26
2026-06-02T17:17:35.136704,$GLGSV,81,,26
2026-06-02T17:17:35.136704,$GLGSV,87,,34
2026-06-02T17:17:35.136704,$GLGSV,88,,40
2026-06-02T17:17:35.137355,$GLGSV,66,,36
2026-06-02T17:17:35.137355,$GLGSV,67,,16
2026-06-02T17:17:35.137355,$GLGSV,75,,15
2026-06-02T17:17:35.137355,$GLGSV,76,,26
2026-06-02T17:17:35.137845,$GLGSV,81,,29
2026-06-02T17:17:35.137845,$GLGSV,88,,40
2026-06-02T17:17:35.138858,$GAGSV,04,,33
2026-06-02T17:17:35.138858,$GAGSV,05,,27
2026-06-02T17:17:35.138858,$GAGSV,06,,37
2026-06-02T17:17:35.138858,$GAGSV,09,,34
2026-06-02T17:17:35.139518,$GAGSV,10,,40
2026-06-02T17:17:35.139518,$GAGSV,11,,34
2026-06-02T17:17:35.139518,$GAGSV,12,,26
2026-06-02T17:17:35.139518,$GAGSV,36,,27
2026-06-02T17:17:35.140151,$GAGSV,04,,36
2026-06-02T17:17:35.140151,$GAGSV,05,,28
2026-06-02T17:17:35.140151,$GAGSV,06,,40
2026-06-02T17:17:35.140151,$GAGSV,09,,35
2026-06-02T17:17:35.140779,$GAGSV,10,,40
2026-06-02T17:17:35.140779,$GAGSV,11,,36
2026-06-02T17:17:35.140779,$GAGSV,12,,31
2026-06-02T17:17:35.140779,$GAGSV,36,,25
2026-06-02T17:17:35.141977,$GBGSV,06,,38
2026-06-02T17:17:35.141977,$GBGSV,07,,42
2026-06-02T17:17:35.141977,$GBGSV,08,,35
2026-06-02T17:17:35.141977,$GBGSV,09,,38
2026-06-02T17:17:35.142588,$GBGSV,10,,39
2026-06-02T17:17:35.142588,$GBGSV,13,,39
2026-06-02T17:17:35.142588,$GBGSV,14,,31
2026-06-02T17:17:35.142588,$GBGSV,34,,41
2026-06-02T17:17:35.143109,$GBGSV,09,,33
2026-06-02T17:17:35.143109,$GBGSV,10,,36
2026-06-02T17:17:35.143109,$GBGSV,14,,07
2026-06-02T17:17:36.129304,$GPGSV,10,,35
2026-06-02T17:17:36.129304,$GPGSV,13,,30
2026-06-02T17:17:36.129304,$GPGSV,18,,41
2026-06-02T17:17:36.129304,$GPGSV,23,,38
2026-06-02T17:17:36.130047,$GPGSV,24,,31
2026-06-02T17:17:36.130047,$GPGSV,29,,35
2026-06-02T17:17:36.130047,$GPGSV,32,,27
2026-06-02T17:17:36.130047,$GPGSV,41,,37
2026-06-02T17:17:36.130564,$GPGSV,42,,42
2026-06-02T17:17:36.130564,$GPGSV,50,,32
2026-06-02T17:17:36.131280,$GPGSV,10,,27
2026-06-02T17:17:36.131280,$GPGSV,18,,41
2026-06-02T17:17:36.131280,$GPGSV,23,,37
2026-06-02T17:17:36.131280,$GPGSV,24,,32
2026-06-02T17:17:36.131692,$GPGSV,32,,28
2026-06-02T17:17:36.133577,$GLGSV,65,,30
2026-06-02T17:17:36.133577,$GLGSV,66,,38
2026-06-02T17:17:36.133577,$GLGSV,75,,15
2026-06-02T17:17:36.133577,$GLGSV,76,,31
2026-06-02T17:17:36.134218,$GLGSV,81,,31
2026-06-02T17:17:36.134218,$GLGSV,87,,34
2026-06-02T17:17:36.134218,$GLGSV,88,,36
2026-06-02T17:17:36.134935,$GLGSV,66,,36
2026-06-02T17:17:36.134935,$GLGSV,67,,16
2026-06-02T17:17:36.134935,$GLGSV,75,,14
2026-06-02T17:17:36.134935,$GLGSV,76,,26
2026-06-02T17:17:36.135447,$GLGSV,81,,29
2026-06-02T17:17:36.135447,$GLGSV,88,,40
2026-06-02T17:17:36.136486,$GAGSV,04,,34
2026-06-02T17:17:36.136486,$GAGSV,05,,28
2026-06-02T17:17:36.136486,$GAGSV,06,,37
2026-06-02T17:17:36.136486,$GAGSV,09,,37
2026-06-02T17:17:36.137165,$GAGSV,10,,39
2026-06-02T17:17:36.137165,$GAGSV,11,,34
2026-06-02T17:17:36.137165,$GAGSV,12,,27
2026-06-02T17:17:36.137165,$GAGSV,36,,25
2026-06-02T17:17:36.137984,$GAGSV,04,,38
2026-06-02T17:17:36.137984,$GAGSV,05,,28
2026-06-02T17:17:36.137984,$GAGSV,06,,40
2026-06-02T17:17:36.137984,$GAGSV,09,,37
2026-06-02T17:17:36.138825,$GAGSV,10,,40
2026-06-02T17:17:36.138825,$GAGSV,11,,36
2026-06-02T17:17:36.138825,$GAGSV,12,,30
2026-06-02T17:17:36.138825,$GAGSV,36,,25
2026-06-02T17:17:36.140115,$GBGSV,06,,38
2026-06-02T17:17:36.140115,$GBGSV,07,,42
2026-06-02T17:17:36.140115,$GBGSV,08,,35
2026-06-02T17:17:36.140115,$GBGSV,09,,36
2026-06-02T17:17:36.140797,$GBGSV,10,,41
2026-06-02T17:17:36.140797,$GBGSV,13,,39
2026-06-02T17:17:36.140797,$GBGSV,14,,32
2026-06-02T17:17:36.140797,$GBGSV,34,,38
2026-06-02T17:17:36.141378,$GBGSV,09,,33
2026-06-02T17:17:36.141378,$GBGSV,10,,36
2026-06-02T17:17:36.141378,$GBGSV,14,,07
2026-06-02T17:17:37.132102,$GPGSV,10,,27
2026-06-02T17:17:37.132102,$GPGSV,13,,34
2026-06-02T17:17:37.132102,$GPGSV,18,,41
2026-06-02T17:17:37.132102,$GPGSV,23,,40
2026-06-02T17:17:37.132838,$GPGSV,24,,32
2026-06-02T17:17:37.132838,$GPGSV,29,,34
2026-06-02T17:17:37.132838,$GPGSV,32,,27
2026-06-02T17:17:37.132838,$GPGSV,41,,39
2026-06-02T17:17:37.133354,$GPGSV,42,,40
2026-06-02T17:17:37.133354,$GPGSV,50,,36
2026-06-02T17:17:37.134075,$GPGSV,10,,27
2026-06-02T17:17:37.134075,$GPGSV,18,,43
2026-06-02T17:17:37.134075,$GPGSV,23,,37
2026-06-02T17:17:37.134075,$GPGSV,24,,32
2026-06-02T17:17:37.134485,$GPGSV,32,,19
2026-06-02T17:17:37.136369,$GLGSV,65,,30
2026-06-02T17:17:37.136369,$GLGSV,66,,32
2026-06-02T17:17:37.136369,$GLGSV,75,,14
2026-06-02T17:17:37.136369,$GLGSV,76,,25
2026-06-02T17:17:37.136992,$GLGSV,81,,32
2026-06-02T17:17:37.136992,$GLGSV,87,,31
2026-06-02T17:17:37.136992,$GLGSV,88,,41
2026-06-02T17:17:37.137714,$GLGSV,66,,33
2026-06-02T17:17:37.137714,$GLGSV,67,,15
2026-06-02T17:17:37.137714,$GLGSV,75,,14
2026-06-02T17:17:37.137714,$GLGSV,76,,25
2026-06-02T17:17:37.138240,$GLGSV,81,,32
2026-06-02T17:17:37.138240,$GLGSV,88,,39
2026-06-02T17:17:37.139287,$GAGSV,04,,34
2026-06-02T17:17:37.139287,$GAGSV,05,,26
2026-06-02T17:17:37.139287,$GAGSV,06,,37
2026-06-02T17:17:37.139287,$GAGSV,09,,38
2026-06-02T17:17:37.140312,$GAGSV,10,,39
2026-06-02T17:17:37.140312,$GAGSV,11,,34
2026-06-02T17:17:37.140312,$GAGSV,12,,27
2026-06-02T17:17:37.140312,$GAGSV,36,,25
2026-06-02T17:17:37.141049,$GAGSV,04,,38
2026-06-02T17:17:37.141049,$GAGSV,05,,27
2026-06-02T17:17:37.141049,$GAGSV,06,,39
2026-06-02T17:17:37.141049,$GAGSV,09,,41
2026-06-02T17:17:37.141762,$GAGSV,10,,40
2026-06-02T17:17:37.141762,$GAGSV,11,,36
2026-06-02T17:17:37.141762,$GAGSV,12,,29
2026-06-02T17:17:37.141762,$GAGSV,36,,25
2026-06-02T17:17:37.143112,$GBGSV,06,,38
2026-06-02T17:17:37.143112,$GBGSV,07,,41
2026-06-02T17:17:37.143112,$GBGSV,08,,34
2026-06-02T17:17:37.143112,$GBGSV,09,,38
2026-06-02T17:17:37.143800,$GBGSV,10,,41
2026-06-02T17:17:37.143800,$GBGSV,13,,39
2026-06-02T17:17:37.143800,$GBGSV,14,,27
2026-06-02T17:17:37.143800,$GBGSV,34,,42
2026-06-02T17:17:37.144382,$GBGSV,09,,33
2026-06-02T17:17:37.144382,$GBGSV,10,,36
2026-06-02T17:17:37.144382,$GBGSV,14,,08
2026-06-02T17:17:38.131404,$GPGSV,10,,27
2026-06-02T17:17:38.131404,$GPGSV,13,,30
2026-06-02T17:17:38.131404,$GPGSV,18,,41
2026-06-02T17:17:38.131404,$GPGSV,23,,39
2026-06-02T17:17:38.132140,$GPGSV,24,,32
2026-06-02T17:17:38.132140,$GPGSV,29,,34
2026-06-02T17:17:38.132140,$GPGSV,32,,32
2026-06-02T17:17:38.132140,$GPGSV,41,,41
2026-06-02T17:17:38.132654,$GPGSV,42,,40
2026-06-02T17:17:38.132654,$GPGSV,50,,37
2026-06-02T17:17:38.133369,$GPGSV,10,,27
2026-06-02T17:17:38.133369,$GPGSV,18,,41
2026-06-02T17:17:38.133369,$GPGSV,23,,37
2026-06-02T17:17:38.133369,$GPGSV,24,,32
2026-06-02T17:17:38.133785,$GPGSV,32,,30
2026-06-02T17:17:38.135677,$GLGSV,65,,30
2026-06-02T17:17:38.135677,$GLGSV,66,,33
2026-06-02T17:17:38.135677,$GLGSV,75,,15
2026-06-02T17:17:38.135677,$GLGSV,76,,23
2026-06-02T17:17:38.136295,$GLGSV,81,,28
2026-06-02T17:17:38.136295,$GLGSV,87,,25
2026-06-02T17:17:38.136295,$GLGSV,88,,36
2026-06-02T17:17:38.137019,$GLGSV,66,,35
2026-06-02T17:17:38.137019,$GLGSV,67,,15
2026-06-02T17:17:38.137019,$GLGSV,75,,13
2026-06-02T17:17:38.137019,$GLGSV,76,,25
2026-06-02T17:17:38.137528,$GLGSV,81,,27
2026-06-02T17:17:38.137528,$GLGSV,88,,39
2026-06-02T17:17:38.138622,$GAGSV,04,,36
2026-06-02T17:17:38.138622,$GAGSV,05,,32
2026-06-02T17:17:38.138622,$GAGSV,06,,37
2026-06-02T17:17:38.138622,$GAGSV,09,,37
2026-06-02T17:17:38.139337,$GAGSV,10,,39
2026-06-02T17:17:38.139337,$GAGSV,11,,34
2026-06-02T17:17:38.139337,$GAGSV,12,,25
2026-06-02T17:17:38.139337,$GAGSV,36,,23
2026-06-02T17:17:38.140082,$GAGSV,04,,38
2026-06-02T17:17:38.140082,$GAGSV,05,,26
2026-06-02T17:17:38.140082,$GAGSV,06,,39
2026-06-02T17:17:38.140082,$GAGSV,09,,39
2026-06-02T17:17:38.140779,$GAGSV,10,,40
2026-06-02T17:17:38.140779,$GAGSV,11,,36
2026-06-02T17:17:38.140779,$GAGSV,12,,34
2026-06-02T17:17:38.140779,$GAGSV,36,,23
2026-06-02T17:17:38.142100,$GBGSV,06,,38
2026-06-02T17:17:38.142100,$GBGSV,07,,42
2026-06-02T17:17:38.142100,$GBGSV,08,,35
2026-06-02T17:17:38.142100,$GBGSV,09,,38
2026-06-02T17:17:38.142796,$GBGSV,10,,41
2026-06-02T17:17:38.142796,$GBGSV,13,,40
2026-06-02T17:17:38.142796,$GBGSV,14,,33
2026-06-02T17:17:38.142796,$GBGSV,34,,40
2026-06-02T17:17:38.143433,$GBGSV,09,,33
2026-06-02T17:17:38.143433,$GBGSV,10,,36
2026-06-02T17:17:38.143433,$GBGSV,14,,08
2026-06-02T17:17:39.137000,$GPGSV,10,,33
2026-06-02T17:17:39.137000,$GPGSV,13,,31
2026-06-02T17:17:39.137000,$GPGSV,18,,42
2026-06-02T17:17:39.137000,$GPGSV,23,,40
2026-06-02T17:17:39.137760,$GPGSV,24,,35
2026-06-02T17:17:39.137760,$GPGSV,29,,35
2026-06-02T17:17:39.137760,$GPGSV,32,,36
2026-06-02T17:17:39.137760,$GPGSV,41,,40
2026-06-02T17:17:39.138273,$GPGSV,42,,41
2026-06-02T17:17:39.138273,$GPGSV,50,,37
2026-06-02T17:17:39.138980,$GPGSV,10,,25
2026-06-02T17:17:39.138980,$GPGSV,18,,43
2026-06-02T17:17:39.138980,$GPGSV,23,,36
2026-06-02T17:17:39.138980,$GPGSV,24,,30
2026-06-02T17:17:39.139388,$GPGSV,32,,33
2026-06-02T17:17:39.141215,$GLGSV,65,,29
2026-06-02T17:17:39.141215,$GLGSV,66,,29
2026-06-02T17:17:39.141215,$GLGSV,75,,15
2026-06-02T17:17:39.141215,$GLGSV,76,,25
2026-06-02T17:17:39.141820,$GLGSV,81,,33
2026-06-02T17:17:39.141820,$GLGSV,87,,27
2026-06-02T17:17:39.141820,$GLGSV,88,,38
2026-06-02T17:17:39.142499,$GLGSV,66,,35
2026-06-02T17:17:39.142499,$GLGSV,67,,14
2026-06-02T17:17:39.142499,$GLGSV,75,,13
2026-06-02T17:17:39.142499,$GLGSV,76,,23
2026-06-02T17:17:39.142978,$GLGSV,81,,32
2026-06-02T17:17:39.142978,$GLGSV,88,,35
2026-06-02T17:17:39.143998,$GAGSV,04,,32
2026-06-02T17:17:39.143998,$GAGSV,05,,25
2026-06-02T17:17:39.143998,$GAGSV,06,,37
2026-06-02T17:17:39.143998,$GAGSV,09,,35
2026-06-02T17:17:39.144672,$GAGSV,10,,40
2026-06-02T17:17:39.144672,$GAGSV,11,,35
2026-06-02T17:17:39.144672,$GAGSV,12,,26
2026-06-02T17:17:39.144672,$GAGSV,36,,25
2026-06-02T17:17:39.145344,$GAGSV,04,,39
2026-06-02T17:17:39.145344,$GAGSV,05,,31
2026-06-02T17:17:39.145344,$GAGSV,06,,40
2026-06-02T17:17:39.145344,$GAGSV,09,,39
2026-06-02T17:17:39.146038,$GAGSV,10,,42
2026-06-02T17:17:39.146038,$GAGSV,11,,36
2026-06-02T17:17:39.146038,$GAGSV,12,,28
2026-06-02T17:17:39.146038,$GAGSV,36,,24
2026-06-02T17:17:39.147320,$GBGSV,06,,40
2026-06-02T17:17:39.147320,$GBGSV,07,,41
2026-06-02T17:17:39.147320,$GBGSV,08,,32
2026-06-02T17:17:39.147320,$GBGSV,09,,38
2026-06-02T17:17:39.147993,$GBGSV,10,,42
2026-06-02T17:17:39.147993,$GBGSV,13,,38
2026-06-02T17:17:39.147993,$GBGSV,14,,29
2026-06-02T17:17:39.147993,$GBGSV,34,,42
2026-06-02T17:17:39.148701,$GBGSV,09,,33
2026-06-02T17:17:39.148701,$GBGSV,10,,36
2026-06-02T17:17:39.148701,$GBGSV,14,,07
2026-06-02T17:17:40.125847,$GPGSV,10,,36
2026-06-02T17:17:40.125847,$GPGSV,13,,31
2026-06-02T17:17:40.125847,$GPGSV,18,,42
2026-06-02T17:17:40.125847,$GPGSV,23,,40
2026-06-02T17:17:40.126581,$GPGSV,24,,38
2026-06-02T17:17:40.126581,$GPGSV,29,,33
2026-06-02T17:17:40.126581,$GPGSV,32,,36
2026-06-02T17:17:40.126581,$GPGSV,41,,43
2026-06-02T17:17:40.127094,$GPGSV,42,,41
2026-06-02T17:17:40.127094,$GPGSV,50,,37
2026-06-02T17:17:40.127763,$GPGSV,10,,24
2026-06-02T17:17:40.127763,$GPGSV,18,,41
2026-06-02T17:17:40.127763,$GPGSV,23,,36
2026-06-02T17:17:40.127763,$GPGSV,24,,35
2026-06-02T17:17:40.128146,$GPGSV,32,,31
2026-06-02T17:17:40.129931,$GLGSV,65,,29
2026-06-02T17:17:40.129931,$GLGSV,66,,31
2026-06-02T17:17:40.129931,$GLGSV,75,,15
2026-06-02T17:17:40.129931,$GLGSV,76,,25
2026-06-02T17:17:40.130512,$GLGSV,81,,29
2026-06-02T17:17:40.130512,$GLGSV,87,,26
2026-06-02T17:17:40.130512,$GLGSV,88,,40
2026-06-02T17:17:40.131191,$GLGSV,66,,27
2026-06-02T17:17:40.131191,$GLGSV,67,,15
2026-06-02T17:17:40.131191,$GLGSV,75,,15
2026-06-02T17:17:40.131191,$GLGSV,76,,24
2026-06-02T17:17:40.131673,$GLGSV,81,,24
2026-06-02T17:17:40.131673,$GLGSV,88,,39
2026-06-02T17:17:40.132699,$GAGSV,04,,33
2026-06-02T17:17:40.132699,$GAGSV,05,,28
2026-06-02T17:17:40.132699,$GAGSV,06,,38
2026-06-02T17:17:40.132699,$GAGSV,09,,38
2026-06-02T17:17:40.133374,$GAGSV,10,,39
2026-06-02T17:17:40.133374,$GAGSV,11,,36
2026-06-02T17:17:40.133374,$GAGSV,12,,27
2026-06-02T17:17:40.133374,$GAGSV,36,,24
2026-06-02T17:17:40.134078,$GAGSV,04,,37
2026-06-02T17:17:40.134078,$GAGSV,05,,31
2026-06-02T17:17:40.134078,$GAGSV,06,,40
2026-06-02T17:17:40.134078,$GAGSV,09,,42
2026-06-02T17:17:40.134776,$GAGSV,10,,39
2026-06-02T17:17:40.134776,$GAGSV,11,,36
2026-06-02T17:17:40.134776,$GAGSV,12,,28
2026-06-02T17:17:40.134776,$GAGSV,36,,29
2026-06-02T17:17:40.136076,$GBGSV,06,,38
2026-06-02T17:17:40.136076,$GBGSV,07,,43
2026-06-02T17:17:40.136076,$GBGSV,08,,33
2026-06-02T17:17:40.136076,$GBGSV,09,,38
2026-06-02T17:17:40.136776,$GBGSV,10,,41
2026-06-02T17:17:40.136776,$GBGSV,13,,43
2026-06-02T17:17:40.136776,$GBGSV,14,,31
2026-06-02T17:17:40.136776,$GBGSV,34,,41
2026-06-02T17:17:40.137335,$GBGSV,09,,33
2026-06-02T17:17:40.137335,$GBGSV,10,,36
2026-06-02T17:17:40.137335,$GBGSV,14,,08
2026-06-02T17:17:41.122107,$GPGSV,10,,33
2026-06-02T17:17:41.122107,$GPGSV,13,,32
2026-06-02T17:17:41.122107,$GPGSV,18,,42
2026-06-02T17:17:41.122107,$GPGSV,23,,38
2026-06-02T17:17:41.122843,$GPGSV,24,,37
2026-06-02T17:17:41.122843,$GPGSV,29,,34
2026-06-02T17:17:41.122843,$GPGSV,32,,35
2026-06-02T17:17:41.122843,$GPGSV,41,,38
2026-06-02T17:17:41.123359,$GPGSV,42,,41
2026-06-02T17:17:41.123359,$GPGSV,50,,37
2026-06-02T17:17:41.124069,$GPGSV,10,,25
2026-06-02T17:17:41.124069,$GPGSV,18,,41
2026-06-02T17:17:41.124069,$GPGSV,23,,33
2026-06-02T17:17:41.124069,$GPGSV,24,,32
2026-06-02T17:17:41.124476,$GPGSV,32,,31
2026-06-02T17:17:41.126365,$GLGSV,65,,28
2026-06-02T17:17:41.126365,$GLGSV,66,,34
2026-06-02T17:17:41.126365,$GLGSV,75,,13
2026-06-02T17:17:41.126365,$GLGSV,76,,24
2026-06-02T17:17:41.126974,$GLGSV,81,,30
2026-06-02T17:17:41.126974,$GLGSV,87,,26
2026-06-02T17:17:41.126974,$GLGSV,88,,37
2026-06-02T17:17:41.127690,$GLGSV,66,,31
2026-06-02T17:17:41.127690,$GLGSV,67,,15
2026-06-02T17:17:41.127690,$GLGSV,75,,15
2026-06-02T17:17:41.127690,$GLGSV,76,,25
2026-06-02T17:17:41.128194,$GLGSV,81,,26
2026-06-02T17:17:41.128194,$GLGSV,88,,40
2026-06-02T17:17:41.129222,$GAGSV,04,,36
2026-06-02T17:17:41.129222,$GAGSV,05,,29
2026-06-02T17:17:41.129222,$GAGSV,06,,38
2026-06-02T17:17:41.129222,$GAGSV,09,,38
2026-06-02T17:17:41.129917,$GAGSV,10,,39
2026-06-02T17:17:41.129917,$GAGSV,11,,36
2026-06-02T17:17:41.129917,$GAGSV,12,,27
2026-06-02T17:17:41.129917,$GAGSV,36,,25
2026-06-02T17:17:41.130600,$GAGSV,04,,38
2026-06-02T17:17:41.130600,$GAGSV,05,,23
2026-06-02T17:17:41.130600,$GAGSV,06,,38
2026-06-02T17:17:41.130600,$GAGSV,09,,40
2026-06-02T17:17:41.131281,$GAGSV,10,,39
2026-06-02T17:17:41.131281,$GAGSV,11,,37
2026-06-02T17:17:41.131281,$GAGSV,12,,29
2026-06-02T17:17:41.131281,$GAGSV,36,,29
2026-06-02T17:17:41.132773,$GBGSV,06,,38
2026-06-02T17:17:41.132773,$GBGSV,07,,41
2026-06-02T17:17:41.132773,$GBGSV,08,,33
2026-06-02T17:17:41.132773,$GBGSV,09,,37
2026-06-02T17:17:41.133459,$GBGSV,10,,41
2026-06-02T17:17:41.133459,$GBGSV,13,,38
2026-06-02T17:17:41.133459,$GBGSV,14,,34
2026-06-02T17:17:41.133459,$GBGSV,34,,40
2026-06-02T17:17:41.134049,$GBGSV,09,,32
2026-06-02T17:17:41.134049,$GBGSV,10,,35
2026-06-02T17:17:41.134049,$GBGSV,14,,07
2026-06-02T17:17:42.135162,$GPGSV,10,,29
2026-06-02T17:17:42.135162,$GPGSV,13,,36
2026-06-02T17:17:42.135162,$GPGSV,18,,42
2026-06-02T17:17:42.135162,$GPGSV,23,,39
2026-06-02T17:17:42.137385,$GPGSV,24,,39
2026-06-02T17:17:42.137385,$GPGSV,29,,34
2026-06-02T17:17:42.137385,$GPGSV,32,,37
2026-06-02T17:17:42.137385,$GPGSV,41,,39
2026-06-02T17:17:42.138948,$GPGSV,42,,41
2026-06-02T17:17:42.138948,$GPGSV,50,,37
2026-06-02T17:17:42.141062,$GPGSV,10,,26
2026-06-02T17:17:42.141062,$GPGSV,18,,40
2026-06-02T17:17:42.141062,$GPGSV,23,,34
2026-06-02T17:17:42.141062,$GPGSV,24,,31
2026-06-02T17:17:42.142392,$GPGSV,32,,32
2026-06-02T17:17:42.148257,$GLGSV,65,,28
2026-06-02T17:17:42.148257,$GLGSV,66,,34
2026-06-02T17:17:42.148257,$GLGSV,75,,14
2026-06-02T17:17:42.148257,$GLGSV,76,,23
2026-06-02T17:17:42.150188,$GLGSV,81,,30
2026-06-02T17:17:42.150188,$GLGSV,87,,26
2026-06-02T17:17:42.150188,$GLGSV,88,,39
2026-06-02T17:17:42.152328,$GLGSV,66,,35
2026-06-02T17:17:42.152328,$GLGSV,67,,15
2026-06-02T17:17:42.152328,$GLGSV,75,,16
2026-06-02T17:17:42.152328,$GLGSV,76,,24
2026-06-02T17:17:42.153900,$GLGSV,81,,26
2026-06-02T17:17:42.153900,$GLGSV,88,,40
2026-06-02T17:17:42.156649,$GAGSV,04,,36
2026-06-02T17:17:42.156649,$GAGSV,05,,19
2026-06-02T17:17:42.156649,$GAGSV,06,,38
2026-06-02T17:17:42.156649,$GAGSV,09,,39
2026-06-02T17:17:42.158102,$GAGSV,10,,40
2026-06-02T17:17:42.158102,$GAGSV,11,,36
2026-06-02T17:17:42.158102,$GAGSV,12,,29
2026-06-02T17:17:42.158102,$GAGSV,36,,28
2026-06-02T17:17:42.159530,$GAGSV,04,,37
2026-06-02T17:17:42.159530,$GAGSV,05,,25
2026-06-02T17:17:42.159530,$GAGSV,06,,39
2026-06-02T17:17:42.159530,$GAGSV,09,,40
2026-06-02T17:17:42.160935,$GAGSV,10,,40
2026-06-02T17:17:42.160935,$GAGSV,11,,37
2026-06-02T17:17:42.160935,$GAGSV,12,,30
2026-06-02T17:17:42.160935,$GAGSV,36,,30
2026-06-02T17:17:42.162914,$GBGSV,06,,40
2026-06-02T17:17:42.162914,$GBGSV,07,,42
2026-06-02T17:17:42.162914,$GBGSV,08,,37
2026-06-02T17:17:42.162914,$GBGSV,09,,37
2026-06-02T17:17:42.163946,$GBGSV,10,,42
2026-06-02T17:17:42.163946,$GBGSV,13,,38
2026-06-02T17:17:42.163946,$GBGSV,14,,36
2026-06-02T17:17:42.163946,$GBGSV,34,,41
2026-06-02T17:17:42.164831,$GBGSV,09,,33
2026-06-02T17:17:42.164831,$GBGSV,10,,36
2026-06-02T17:17:42.164831,$GBGSV,14,,08
2026-06-02T17:17:43.121204,$GPGSV,10,,29
2026-06-02T17:17:43.121204,$GPGSV,13,,36
2026-06-02T17:17:43.121204,$GPGSV,18,,42
2026-06-02T17:17:43.121204,$GPGSV,23,,39
2026-06-02T17:17:43.121960,$GPGSV,24,,37
2026-06-02T17:17:43.121960,$GPGSV,29,,33
2026-06-02T17:17:43.121960,$GPGSV,32,,37
2026-06-02T17:17:43.121960,$GPGSV,41,,41
2026-06-02T17:17:43.122478,$GPGSV,42,,41
2026-06-02T17:17:43.122478,$GPGSV,50,,37
2026-06-02T17:17:43.123189,$GPGSV,10,,25
2026-06-02T17:17:43.123189,$GPGSV,18,,41
2026-06-02T17:17:43.123189,$GPGSV,23,,34
2026-06-02T17:17:43.123189,$GPGSV,24,,32
2026-06-02T17:17:43.123599,$GPGSV,32,,31
2026-06-02T17:17:43.125480,$GLGSV,65,,26
2026-06-02T17:17:43.125480,$GLGSV,66,,35
2026-06-02T17:17:43.125480,$GLGSV,75,,13
2026-06-02T17:17:43.125480,$GLGSV,76,,30
2026-06-02T17:17:43.126140,$GLGSV,81,,25
2026-06-02T17:17:43.126140,$GLGSV,87,,30
2026-06-02T17:17:43.126140,$GLGSV,88,,37
2026-06-02T17:17:43.126853,$GLGSV,66,,35
2026-06-02T17:17:43.126853,$GLGSV,67,,15
2026-06-02T17:17:43.126853,$GLGSV,75,,16
2026-06-02T17:17:43.126853,$GLGSV,76,,24
2026-06-02T17:17:43.127418,$GLGSV,81,,25
2026-06-02T17:17:43.127418,$GLGSV,88,,40
2026-06-02T17:17:43.128872,$GAGSV,04,,35
2026-06-02T17:17:43.128872,$GAGSV,05,,24
2026-06-02T17:17:43.128872,$GAGSV,06,,37
2026-06-02T17:17:43.128872,$GAGSV,09,,36
2026-06-02T17:17:43.129573,$GAGSV,10,,39
2026-06-02T17:17:43.129573,$GAGSV,11,,35
2026-06-02T17:17:43.129573,$GAGSV,12,,30
2026-06-02T17:17:43.129573,$GAGSV,36,,28
2026-06-02T17:17:43.130273,$GAGSV,04,,35
2026-06-02T17:17:43.130273,$GAGSV,05,,25
2026-06-02T17:17:43.130273,$GAGSV,06,,39
2026-06-02T17:17:43.130273,$GAGSV,09,,38
2026-06-02T17:17:43.130962,$GAGSV,10,,39
2026-06-02T17:17:43.130962,$GAGSV,11,,37
2026-06-02T17:17:43.130962,$GAGSV,12,,34
2026-06-02T17:17:43.130962,$GAGSV,36,,30
2026-06-02T17:17:43.132354,$GBGSV,06,,39
2026-06-02T17:17:43.132354,$GBGSV,07,,41
2026-06-02T17:17:43.132354,$GBGSV,08,,35
2026-06-02T17:17:43.132354,$GBGSV,09,,39
2026-06-02T17:17:43.133313,$GBGSV,10,,41
2026-06-02T17:17:43.133313,$GBGSV,13,,28
2026-06-02T17:17:43.133313,$GBGSV,14,,36
2026-06-02T17:17:43.133313,$GBGSV,34,,39
2026-06-02T17:17:43.133938,$GBGSV,09,,32
2026-06-02T17:17:43.133938,$GBGSV,10,,37
2026-06-02T17:17:43.133938,$GBGSV,14,,07
2026-06-02T17:17:44.121945,$GPGSV,10,,29
2026-06-02T17:17:44.121945,$GPGSV,13,,33
2026-06-02T17:17:44.121945,$GPGSV,18,,43
2026-06-02T17:17:44.121945,$GPGSV,23,,37
2026-06-02T17:17:44.122679,$GPGSV,24,,38
2026-06-02T17:17:44.122679,$GPGSV,29,,29
2026-06-02T17:17:44.122679,$GPGSV,32,,37
2026-06-02T17:17:44.122679,$GPGSV,41,,39
2026-06-02T17:17:44.123191,$GPGSV,42,,41
2026-06-02T17:17:44.123191,$GPGSV,50,,37
2026-06-02T17:17:44.123891,$GPGSV,10,,25
2026-06-02T17:17:44.123891,$GPGSV,18,,41
2026-06-02T17:17:44.123891,$GPGSV,23,,35
2026-06-02T17:17:44.123891,$GPGSV,24,,33
2026-06-02T17:17:44.124294,$GPGSV,32,,33
2026-06-02T17:17:44.126161,$GLGSV,65,,24
2026-06-02T17:17:44.126161,$GLGSV,66,,31
2026-06-02T17:17:44.126161,$GLGSV,75,,13
2026-06-02T17:17:44.126161,$GLGSV,76,,30
2026-06-02T17:17:44.127789,$GLGSV,81,,30
2026-06-02T17:17:44.127789,$GLGSV,87,,30
2026-06-02T17:17:44.127789,$GLGSV,88,,41
2026-06-02T17:17:44.128894,$GLGSV,66,,30
2026-06-02T17:17:44.128894,$GLGSV,67,,15
2026-06-02T17:17:44.128894,$GLGSV,75,,16
2026-06-02T17:17:44.128894,$GLGSV,76,,23
2026-06-02T17:17:44.129445,$GLGSV,81,,25
2026-06-02T17:17:44.129445,$GLGSV,88,,41
2026-06-02T17:17:44.130511,$GAGSV,04,,35
2026-06-02T17:17:44.130511,$GAGSV,05,,25
2026-06-02T17:17:44.130511,$GAGSV,06,,37
2026-06-02T17:17:44.130511,$GAGSV,09,,37
2026-06-02T17:17:44.131249,$GAGSV,10,,39
2026-06-02T17:17:44.131249,$GAGSV,11,,35
2026-06-02T17:17:44.131249,$GAGSV,12,,30
2026-06-02T17:17:44.131249,$GAGSV,36,,28
2026-06-02T17:17:44.131995,$GAGSV,04,,36
2026-06-02T17:17:44.131995,$GAGSV,05,,25
2026-06-02T17:17:44.131995,$GAGSV,06,,39
2026-06-02T17:17:44.131995,$GAGSV,09,,38
2026-06-02T17:17:44.133020,$GAGSV,10,,41
2026-06-02T17:17:44.133020,$GAGSV,11,,37
2026-06-02T17:17:44.133020,$GAGSV,12,,33
2026-06-02T17:17:44.133020,$GAGSV,36,,28
2026-06-02T17:17:44.134489,$GBGSV,06,,39
2026-06-02T17:17:44.134489,$GBGSV,07,,41
2026-06-02T17:17:44.134489,$GBGSV,08,,35
2026-06-02T17:17:44.134489,$GBGSV,09,,34
2026-06-02T17:17:44.135174,$GBGSV,10,,41
2026-06-02T17:17:44.135174,$GBGSV,13,,33
2026-06-02T17:17:44.135174,$GBGSV,14,,37
2026-06-02T17:17:44.135174,$GBGSV,34,,40
2026-06-02T17:17:44.135668,$GBGSV,09,,32
2026-06-02T17:17:44.135668,$GBGSV,10,,36
2026-06-02T17:17:45.123791,$GPGSV,10,,28
2026-06-02T17:17:45.123791,$GPGSV,13,,36
2026-06-02T17:17:45.123791,$GPGSV,18,,42
2026-06-02T17:17:45.123791,$GPGSV,23,,37
2026-06-02T17:17:45.124515,$GPGSV,24,,39
2026-06-02T17:17:45.124515,$GPGSV,29,,32
2026-06-02T17:17:45.124515,$GPGSV,32,,38
2026-06-02T17:17:45.124515,$GPGSV,41,,40
2026-06-02T17:17:45.125026,$GPGSV,42,,41
2026-06-02T17:17:45.125026,$GPGSV,50,,37
2026-06-02T17:17:45.125781,$GPGSV,10,,27
2026-06-02T17:17:45.125781,$GPGSV,18,,41
2026-06-02T17:17:45.125781,$GPGSV,23,,35
2026-06-02T17:17:45.125781,$GPGSV,24,,33
2026-06-02T17:17:45.126198,$GPGSV,32,,32
2026-06-02T17:17:45.128088,$GLGSV,65,,24
2026-06-02T17:17:45.128088,$GLGSV,66,,30
2026-06-02T17:17:45.128088,$GLGSV,75,,13
2026-06-02T17:17:45.128088,$GLGSV,76,,28
2026-06-02T17:17:45.128700,$GLGSV,81,,29
2026-06-02T17:17:45.128700,$GLGSV,87,,33
2026-06-02T17:17:45.128700,$GLGSV,88,,40
2026-06-02T17:17:45.129386,$GLGSV,66,,29
2026-06-02T17:17:45.129386,$GLGSV,67,,16
2026-06-02T17:17:45.129386,$GLGSV,75,,15
2026-06-02T17:17:45.129386,$GLGSV,76,,36
2026-06-02T17:17:45.129918,$GLGSV,81,,27
2026-06-02T17:17:45.129918,$GLGSV,88,,41
2026-06-02T17:17:45.130979,$GAGSV,04,,34
2026-06-02T17:17:45.130979,$GAGSV,05,,25
2026-06-02T17:17:45.130979,$GAGSV,06,,37
2026-06-02T17:17:45.130979,$GAGSV,09,,37
2026-06-02T17:17:45.131668,$GAGSV,10,,38
2026-06-02T17:17:45.131668,$GAGSV,11,,34
2026-06-02T17:17:45.131668,$GAGSV,12,,31
2026-06-02T17:17:45.131668,$GAGSV,36,,26
2026-06-02T17:17:45.132357,$GAGSV,04,,38
2026-06-02T17:17:45.132357,$GAGSV,05,,26
2026-06-02T17:17:45.132357,$GAGSV,06,,39
2026-06-02T17:17:45.132357,$GAGSV,09,,39
2026-06-02T17:17:45.133043,$GAGSV,10,,40
2026-06-02T17:17:45.133043,$GAGSV,11,,36
2026-06-02T17:17:45.133043,$GAGSV,12,,35
2026-06-02T17:17:45.133043,$GAGSV,36,,32
2026-06-02T17:17:45.134398,$GBGSV,06,,39
2026-06-02T17:17:45.134398,$GBGSV,07,,40
2026-06-02T17:17:45.134398,$GBGSV,08,,33
2026-06-02T17:17:45.134398,$GBGSV,09,,36
2026-06-02T17:17:45.135075,$GBGSV,10,,39
2026-06-02T17:17:45.135075,$GBGSV,13,,36
2026-06-02T17:17:45.135075,$GBGSV,14,,39
2026-06-02T17:17:45.135075,$GBGSV,34,,38
2026-06-02T17:17:45.135561,$GBGSV,09,,32
2026-06-02T17:17:45.135561,$GBGSV,10,,37
2026-06-02T17:17:46.120794,$GPGSV,10,,33
2026-06-02T17:17:46.120794,$GPGSV,13,,36
2026-06-02T17:17:46.120794,$GPGSV,18,,41
2026-06-02T17:17:46.120794,$GPGSV,23,,39
2026-06-02T17:17:46.121525,$GPGSV,24,,38
2026-06-02T17:17:46.121525,$GPGSV,29,,32
2026-06-02T17:17:46.121525,$GPGSV,32,,36
2026-06-02T17:17:46.121525,$GPGSV,41,,40
2026-06-02T17:17:46.122043,$GPGSV,42,,41
2026-06-02T17:17:46.122043,$GPGSV,50,,37
2026-06-02T17:17:46.122744,$GPGSV,10,,26
2026-06-02T17:17:46.122744,$GPGSV,18,,41
2026-06-02T17:17:46.122744,$GPGSV,23,,34
2026-06-02T17:17:46.122744,$GPGSV,24,,31
2026-06-02T17:17:46.123266,$GPGSV,32,,30
2026-06-02T17:17:46.125185,$GLGSV,65,,24
2026-06-02T17:17:46.125185,$GLGSV,66,,34
2026-06-02T17:17:46.125185,$GLGSV,75,,13
2026-06-02T17:17:46.125185,$GLGSV,76,,34
2026-06-02T17:17:46.125816,$GLGSV,81,,36
2026-06-02T17:17:46.125816,$GLGSV,87,,35
2026-06-02T17:17:46.125816,$GLGSV,88,,42
2026-06-02T17:17:46.126528,$GLGSV,66,,29
2026-06-02T17:17:46.126528,$GLGSV,67,,16
2026-06-02T17:17:46.126528,$GLGSV,75,,13
2026-06-02T17:17:46.126528,$GLGSV,76,,29
2026-06-02T17:17:46.127041,$GLGSV,81,,27
2026-06-02T17:17:46.127041,$GLGSV,88,,40
2026-06-02T17:17:46.128143,$GAGSV,04,,34
2026-06-02T17:17:46.128143,$GAGSV,05,,23
2026-06-02T17:17:46.128143,$GAGSV,06,,37
2026-06-02T17:17:46.128143,$GAGSV,09,,37
2026-06-02T17:17:46.128831,$GAGSV,10,,38
2026-06-02T17:17:46.128831,$GAGSV,11,,34
2026-06-02T17:17:46.128831,$GAGSV,12,,31
2026-06-02T17:17:46.128831,$GAGSV,36,,11
2026-06-02T17:17:46.129513,$GAGSV,04,,35
2026-06-02T17:17:46.129513,$GAGSV,05,,25
2026-06-02T17:17:46.129513,$GAGSV,06,,39
2026-06-02T17:17:46.129513,$GAGSV,09,,39
2026-06-02T17:17:46.130215,$GAGSV,10,,40
2026-06-02T17:17:46.130215,$GAGSV,11,,36
2026-06-02T17:17:46.130215,$GAGSV,12,,35
2026-06-02T17:17:46.130215,$GAGSV,36,,32
2026-06-02T17:17:46.131503,$GBGSV,06,,38
2026-06-02T17:17:46.131503,$GBGSV,07,,41
2026-06-02T17:17:46.131503,$GBGSV,08,,35
2026-06-02T17:17:46.131503,$GBGSV,09,,36
2026-06-02T17:17:46.132188,$GBGSV,10,,40
2026-06-02T17:17:46.132188,$GBGSV,13,,37
2026-06-02T17:17:46.132188,$GBGSV,14,,37
2026-06-02T17:17:46.132188,$GBGSV,34,,39
2026-06-02T17:17:46.132678,$GBGSV,09,,31
2026-06-02T17:17:46.132678,$GBGSV,10,,36
2026-06-02T17:17:47.122805,$GPGSV,10,,32
2026-06-02T17:17:47.122805,$GPGSV,13,,36
2026-06-02T17:17:47.122805,$GPGSV,18,,42
2026-06-02T17:17:47.122805,$GPGSV,23,,39
2026-06-02T17:17:47.123539,$GPGSV,24,,37
2026-06-02T17:17:47.123539,$GPGSV,29,,31
2026-06-02T17:17:47.123539,$GPGSV,32,,38
2026-06-02T17:17:47.123539,$GPGSV,41,,43
2026-06-02T17:17:47.124055,$GPGSV,42,,41
2026-06-02T17:17:47.124055,$GPGSV,50,,35
2026-06-02T17:17:47.124763,$GPGSV,10,,25
2026-06-02T17:17:47.124763,$GPGSV,18,,41
2026-06-02T17:17:47.124763,$GPGSV,23,,34
2026-06-02T17:17:47.124763,$GPGSV,24,,31
2026-06-02T17:17:47.125171,$GPGSV,32,,31
2026-06-02T17:17:47.127176,$GLGSV,65,,23
2026-06-02T17:17:47.127176,$GLGSV,66,,31
2026-06-02T17:17:47.127176,$GLGSV,75,,12
2026-06-02T17:17:47.127176,$GLGSV,76,,40
2026-06-02T17:17:47.127805,$GLGSV,81,,29
2026-06-02T17:17:47.127805,$GLGSV,87,,32
2026-06-02T17:17:47.127805,$GLGSV,88,,42
2026-06-02T17:17:47.128522,$GLGSV,66,,29
2026-06-02T17:17:47.128522,$GLGSV,67,,15
2026-06-02T17:17:47.128522,$GLGSV,75,,13
2026-06-02T17:17:47.128522,$GLGSV,76,,36
2026-06-02T17:17:47.129070,$GLGSV,81,,33
2026-06-02T17:17:47.129070,$GLGSV,88,,40
2026-06-02T17:17:47.130163,$GAGSV,04,,34
2026-06-02T17:17:47.130163,$GAGSV,05,,23
2026-06-02T17:17:47.130163,$GAGSV,06,,37
2026-06-02T17:17:47.130163,$GAGSV,09,,36
2026-06-02T17:17:47.130849,$GAGSV,10,,38
2026-06-02T17:17:47.130849,$GAGSV,11,,34
2026-06-02T17:17:47.130849,$GAGSV,12,,32
2026-06-02T17:17:47.130849,$GAGSV,36,,14
2026-06-02T17:17:47.131531,$GAGSV,04,,36
2026-06-02T17:17:47.131531,$GAGSV,05,,26
2026-06-02T17:17:47.131531,$GAGSV,06,,40
2026-06-02T17:17:47.131531,$GAGSV,09,,40
2026-06-02T17:17:47.132211,$GAGSV,10,,39
2026-06-02T17:17:47.132211,$GAGSV,11,,36
2026-06-02T17:17:47.132211,$GAGSV,12,,34
2026-06-02T17:17:47.132211,$GAGSV,36,,30
2026-06-02T17:17:47.133494,$GBGSV,06,,39
2026-06-02T17:17:47.133494,$GBGSV,07,,41
2026-06-02T17:17:47.133494,$GBGSV,08,,36
2026-06-02T17:17:47.133494,$GBGSV,09,,36
2026-06-02T17:17:47.134501,$GBGSV,10,,40
2026-06-02T17:17:47.134501,$GBGSV,13,,27
2026-06-02T17:17:47.134501,$GBGSV,14,,31
2026-06-02T17:17:47.134501,$GBGSV,34,,36
2026-06-02T17:17:47.135104,$GBGSV,09,,31
2026-06-02T17:17:47.135104,$GBGSV,10,,36
2026-06-02T17:17:48.123509,$GPGSV,10,,30
2026-06-02T17:17:48.123509,$GPGSV,13,,33
2026-06-02T17:17:48.123509,$GPGSV,18,,42
2026-06-02T17:17:48.123509,$GPGSV,23,,39
2026-06-02T17:17:48.124251,$GPGSV,24,,37
2026-06-02T17:17:48.124251,$GPGSV,29,,31
2026-06-02T17:17:48.124251,$GPGSV,32,,40
2026-06-02T17:17:48.124251,$GPGSV,41,,43
2026-06-02T17:17:48.124803,$GPGSV,42,,41
2026-06-02T17:17:48.124803,$GPGSV,50,,36
2026-06-02T17:17:48.125547,$GPGSV,10,,26
2026-06-02T17:17:48.125547,$GPGSV,18,,43
2026-06-02T17:17:48.125547,$GPGSV,23,,36
2026-06-02T17:17:48.125547,$GPGSV,24,,32
2026-06-02T17:17:48.125970,$GPGSV,32,,34
2026-06-02T17:17:48.127840,$GLGSV,65,,24
2026-06-02T17:17:48.127840,$GLGSV,66,,33
2026-06-02T17:17:48.127840,$GLGSV,75,,13
2026-06-02T17:17:48.127840,$GLGSV,76,,38
2026-06-02T17:17:48.128447,$GLGSV,81,,29
2026-06-02T17:17:48.128447,$GLGSV,87,,31
2026-06-02T17:17:48.128447,$GLGSV,88,,42
2026-06-02T17:17:48.129188,$GLGSV,66,,28
2026-06-02T17:17:48.129188,$GLGSV,67,,17
2026-06-02T17:17:48.129188,$GLGSV,75,,14
2026-06-02T17:17:48.129188,$GLGSV,76,,36
2026-06-02T17:17:48.129764,$GLGSV,81,,30
2026-06-02T17:17:48.129764,$GLGSV,88,,41
2026-06-02T17:17:48.131325,$GAGSV,04,,34
2026-06-02T17:17:48.131325,$GAGSV,05,,23
2026-06-02T17:17:48.131325,$GAGSV,06,,36
2026-06-02T17:17:48.131325,$GAGSV,09,,35
2026-06-02T17:17:48.132113,$GAGSV,10,,38
2026-06-02T17:17:48.132113,$GAGSV,11,,34
2026-06-02T17:17:48.132113,$GAGSV,12,,33
2026-06-02T17:17:48.132113,$GAGSV,36,,20
2026-06-02T17:17:48.132972,$GAGSV,04,,36
2026-06-02T17:17:48.132972,$GAGSV,05,,26
2026-06-02T17:17:48.132972,$GAGSV,06,,38
2026-06-02T17:17:48.132972,$GAGSV,09,,39
2026-06-02T17:17:48.133922,$GAGSV,10,,39
2026-06-02T17:17:48.133922,$GAGSV,11,,36
2026-06-02T17:17:48.133922,$GAGSV,12,,36
2026-06-02T17:17:48.133922,$GAGSV,36,,28
2026-06-02T17:17:48.135349,$GBGSV,06,,40
2026-06-02T17:17:48.135349,$GBGSV,07,,41
2026-06-02T17:17:48.135349,$GBGSV,08,,36
2026-06-02T17:17:48.135349,$GBGSV,09,,36
2026-06-02T17:17:48.136065,$GBGSV,10,,40
2026-06-02T17:17:48.136065,$GBGSV,13,,30
2026-06-02T17:17:48.136065,$GBGSV,14,,25
2026-06-02T17:17:48.136065,$GBGSV,34,,37
2026-06-02T17:17:48.136577,$GBGSV,09,,32
2026-06-02T17:17:48.136577,$GBGSV,10,,36
2026-06-02T17:17:49.127976,$GPGSV,10,,36
2026-06-02T17:17:49.127976,$GPGSV,13,,36
2026-06-02T17:17:49.127976,$GPGSV,18,,41
2026-06-02T17:17:49.127976,$GPGSV,23,,41
2026-06-02T17:17:49.130253,$GPGSV,24,,37
2026-06-02T17:17:49.130253,$GPGSV,29,,31
2026-06-02T17:17:49.130253,$GPGSV,32,,39
2026-06-02T17:17:49.130253,$GPGSV,41,,43
2026-06-02T17:17:49.131924,$GPGSV,42,,41
2026-06-02T17:17:49.131924,$GPGSV,50,,36
2026-06-02T17:17:49.134428,$GPGSV,10,,26
2026-06-02T17:17:49.134428,$GPGSV,18,,42
2026-06-02T17:17:49.134428,$GPGSV,23,,36
2026-06-02T17:17:49.134428,$GPGSV,24,,32
2026-06-02T17:17:49.135751,$GPGSV,32,,34
2026-06-02T17:17:49.141653,$GLGSV,65,,25
2026-06-02T17:17:49.141653,$GLGSV,66,,38
2026-06-02T17:17:49.141653,$GLGSV,75,,13
2026-06-02T17:17:49.141653,$GLGSV,76,,40
2026-06-02T17:17:49.143499,$GLGSV,81,,36
2026-06-02T17:17:49.143499,$GLGSV,87,,32
2026-06-02T17:17:49.143499,$GLGSV,88,,42
2026-06-02T17:17:49.145511,$GLGSV,66,,26
2026-06-02T17:17:49.145511,$GLGSV,67,,16
2026-06-02T17:17:49.145511,$GLGSV,75,,16
2026-06-02T17:17:49.145511,$GLGSV,76,,38
2026-06-02T17:17:49.146555,$GLGSV,81,,34
2026-06-02T17:17:49.146555,$GLGSV,88,,41
2026-06-02T17:17:49.148667,$GAGSV,04,,36
2026-06-02T17:17:49.148667,$GAGSV,05,,24
2026-06-02T17:17:49.148667,$GAGSV,06,,37
2026-06-02T17:17:49.148667,$GAGSV,09,,36
2026-06-02T17:17:49.149714,$GAGSV,10,,38
2026-06-02T17:17:49.149714,$GAGSV,11,,35
2026-06-02T17:17:49.149714,$GAGSV,12,,33
2026-06-02T17:17:49.149714,$GAGSV,36,,25
2026-06-02T17:17:49.150310,$GAGSV,04,,35
2026-06-02T17:17:49.150310,$GAGSV,05,,25
2026-06-02T17:17:49.150310,$GAGSV,06,,40
2026-06-02T17:17:49.150310,$GAGSV,09,,40
2026-06-02T17:17:49.150903,$GAGSV,10,,39
2026-06-02T17:17:49.150903,$GAGSV,11,,37
2026-06-02T17:17:49.150903,$GAGSV,12,,36
2026-06-02T17:17:49.150903,$GAGSV,36,,27
2026-06-02T17:17:49.152078,$GBGSV,06,,40
2026-06-02T17:17:49.152078,$GBGSV,07,,42
2026-06-02T17:17:49.152078,$GBGSV,08,,36
2026-06-02T17:17:49.152078,$GBGSV,09,,37
2026-06-02T17:17:49.152855,$GBGSV,10,,41
2026-06-02T17:17:49.152855,$GBGSV,13,,31
2026-06-02T17:17:49.152855,$GBGSV,14,,30
2026-06-02T17:17:49.152855,$GBGSV,34,,39
2026-06-02T17:17:49.153260,$GBGSV,09,,32
2026-06-02T17:17:49.153260,$GBGSV,10,,36
2026-06-02T17:17:50.116457,$GPGSV,10,,33
2026-06-02T17:17:50.116457,$GPGSV,13,,36
2026-06-02T17:17:50.116457,$GPGSV,18,,41
2026-06-02T17:17:50.116457,$GPGSV,23,,40
2026-06-02T17:17:50.117181,$GPGSV,24,,38
2026-06-02T17:17:50.117181,$GPGSV,29,,32
2026-06-02T17:17:50.117181,$GPGSV,32,,38
2026-06-02T17:17:50.117181,$GPGSV,41,,43
2026-06-02T17:17:50.117703,$GPGSV,42,,40
2026-06-02T17:17:50.117703,$GPGSV,50,,36
2026-06-02T17:17:50.118679,$GPGSV,10,,32
2026-06-02T17:17:50.118679,$GPGSV,18,,42
2026-06-02T17:17:50.118679,$GPGSV,23,,35
2026-06-02T17:17:50.118679,$GPGSV,24,,33
2026-06-02T17:17:50.119280,$GPGSV,32,,31
2026-06-02T17:17:50.121313,$GLGSV,65,,23
2026-06-02T17:17:50.121313,$GLGSV,66,,25
2026-06-02T17:17:50.121313,$GLGSV,75,,15
2026-06-02T17:17:50.121313,$GLGSV,76,,37
2026-06-02T17:17:50.122004,$GLGSV,81,,34
2026-06-02T17:17:50.122004,$GLGSV,87,,31
2026-06-02T17:17:50.122004,$GLGSV,88,,43
2026-06-02T17:17:50.123023,$GLGSV,66,,34
2026-06-02T17:17:50.123023,$GLGSV,67,,18
2026-06-02T17:17:50.123023,$GLGSV,75,,16
2026-06-02T17:17:50.123023,$GLGSV,76,,38
2026-06-02T17:17:50.123553,$GLGSV,81,,34
2026-06-02T17:17:50.123553,$GLGSV,88,,41
2026-06-02T17:17:50.124685,$GAGSV,04,,36
2026-06-02T17:17:50.124685,$GAGSV,05,,25
2026-06-02T17:17:50.124685,$GAGSV,06,,38
2026-06-02T17:17:50.124685,$GAGSV,09,,36
2026-06-02T17:17:50.125397,$GAGSV,10,,38
2026-06-02T17:17:50.125397,$GAGSV,11,,35
2026-06-02T17:17:50.125397,$GAGSV,12,,33
2026-06-02T17:17:50.125397,$GAGSV,36,,28
2026-06-02T17:17:50.126327,$GAGSV,04,,35
2026-06-02T17:17:50.126327,$GAGSV,05,,25
2026-06-02T17:17:50.126327,$GAGSV,06,,38
2026-06-02T17:17:50.126327,$GAGSV,09,,36
2026-06-02T17:17:50.127155,$GAGSV,10,,40
2026-06-02T17:17:50.127155,$GAGSV,11,,37
2026-06-02T17:17:50.127155,$GAGSV,12,,36
2026-06-02T17:17:50.127155,$GAGSV,36,,27
2026-06-02T17:17:50.128584,$GBGSV,06,,41
2026-06-02T17:17:50.128584,$GBGSV,07,,41
2026-06-02T17:17:50.128584,$GBGSV,08,,34
2026-06-02T17:17:50.128584,$GBGSV,09,,36
2026-06-02T17:17:50.129266,$GBGSV,10,,40
2026-06-02T17:17:50.129266,$GBGSV,13,,35
2026-06-02T17:17:50.129266,$GBGSV,14,,38
2026-06-02T17:17:50.129266,$GBGSV,34,,38
2026-06-02T17:17:50.129775,$GBGSV,09,,32
2026-06-02T17:17:50.129775,$GBGSV,10,,37
2026-06-02T17:17:51.124585,$GPGSV,10,,34
2026-06-02T17:17:51.124585,$GPGSV,13,,29
2026-06-02T17:17:51.124585,$GPGSV,18,,42
2026-06-02T17:17:51.124585,$GPGSV,23,,40
2026-06-02T17:17:51.125192,$GPGSV,24,,38
2026-06-02T17:17:51.125192,$GPGSV,29,,32
2026-06-02T17:17:51.125192,$GPGSV,32,,36
2026-06-02T17:17:51.125192,$GPGSV,41,,43
2026-06-02T17:17:51.125614,$GPGSV,42,,41
2026-06-02T17:17:51.125614,$GPGSV,50,,35
2026-06-02T17:17:51.126217,$GPGSV,10,,29
2026-06-02T17:17:51.126217,$GPGSV,18,,42
2026-06-02T17:17:51.126217,$GPGSV,23,,35
2026-06-02T17:17:51.126217,$GPGSV,24,,32
2026-06-02T17:17:51.126555,$GPGSV,32,,34
2026-06-02T17:17:51.128117,$GLGSV,65,,23
2026-06-02T17:17:51.128117,$GLGSV,66,,31
2026-06-02T17:17:51.128117,$GLGSV,75,,16
2026-06-02T17:17:51.128117,$GLGSV,76,,38
2026-06-02T17:17:51.128623,$GLGSV,81,,38
2026-06-02T17:17:51.128623,$GLGSV,87,,31
2026-06-02T17:17:51.128623,$GLGSV,88,,43
2026-06-02T17:17:51.129210,$GLGSV,66,,33
2026-06-02T17:17:51.129210,$GLGSV,67,,19
2026-06-02T17:17:51.129210,$GLGSV,75,,16
2026-06-02T17:17:51.129210,$GLGSV,76,,38
2026-06-02T17:17:51.129640,$GLGSV,81,,29
2026-06-02T17:17:51.129640,$GLGSV,88,,41
2026-06-02T17:17:51.130551,$GAGSV,04,,32
2026-06-02T17:17:51.130551,$GAGSV,05,,26
2026-06-02T17:17:51.130551,$GAGSV,06,,37
2026-06-02T17:17:51.130551,$GAGSV,09,,31
2026-06-02T17:17:51.131168,$GAGSV,10,,37
2026-06-02T17:17:51.131168,$GAGSV,11,,34
2026-06-02T17:17:51.131168,$GAGSV,12,,33
2026-06-02T17:17:51.131168,$GAGSV,36,,27
2026-06-02T17:17:51.131768,$GAGSV,04,,37
2026-06-02T17:17:51.131768,$GAGSV,05,,27
2026-06-02T17:17:51.131768,$GAGSV,06,,39
2026-06-02T17:17:51.131768,$GAGSV,09,,29
2026-06-02T17:17:51.132596,$GAGSV,10,,40
2026-06-02T17:17:51.132596,$GAGSV,11,,36
2026-06-02T17:17:51.132596,$GAGSV,12,,35
2026-06-02T17:17:51.132596,$GAGSV,36,,33
2026-06-02T17:17:51.133925,$GBGSV,06,,39
2026-06-02T17:17:51.133925,$GBGSV,07,,41
2026-06-02T17:17:51.133925,$GBGSV,08,,33
2026-06-02T17:17:51.133925,$GBGSV,09,,35
2026-06-02T17:17:51.134523,$GBGSV,10,,37
2026-06-02T17:17:51.134523,$GBGSV,13,,32
2026-06-02T17:17:51.134523,$GBGSV,14,,40
2026-06-02T17:17:51.134523,$GBGSV,34,,40
2026-06-02T17:17:51.134946,$GBGSV,09,,33
2026-06-02T17:17:51.134946,$GBGSV,10,,36
2026-06-02T17:17:52.129389,$GPGSV,10,,33
2026-06-02T17:17:52.129389,$GPGSV,13,,29
2026-06-02T17:17:52.129389,$GPGSV,18,,42
2026-06-02T17:17:52.129389,$GPGSV,23,,39
2026-06-02T17:17:52.131721,$GPGSV,24,,38
2026-06-02T17:17:52.131721,$GPGSV,29,,33
2026-06-02T17:17:52.131721,$GPGSV,32,,36
2026-06-02T17:17:52.131721,$GPGSV,41,,41
2026-06-02T17:17:52.133330,$GPGSV,42,,39
2026-06-02T17:17:52.133330,$GPGSV,50,,35
2026-06-02T17:17:52.135663,$GPGSV,10,,22
2026-06-02T17:17:52.135663,$GPGSV,18,,42
2026-06-02T17:17:52.135663,$GPGSV,23,,34
2026-06-02T17:17:52.135663,$GPGSV,24,,32
2026-06-02T17:17:52.136996,$GPGSV,32,,32
2026-06-02T17:17:52.143246,$GLGSV,65,,22
2026-06-02T17:17:52.143246,$GLGSV,66,,34
2026-06-02T17:17:52.143246,$GLGSV,75,,15
2026-06-02T17:17:52.143246,$GLGSV,76,,38
2026-06-02T17:17:52.145206,$GLGSV,81,,36
2026-06-02T17:17:52.145206,$GLGSV,87,,27
2026-06-02T17:17:52.145206,$GLGSV,88,,41
2026-06-02T17:17:52.146690,$GLGSV,66,,33
2026-06-02T17:17:52.146690,$GLGSV,67,,18
2026-06-02T17:17:52.146690,$GLGSV,75,,17
2026-06-02T17:17:52.146690,$GLGSV,76,,39
2026-06-02T17:17:52.147816,$GLGSV,81,,29
2026-06-02T17:17:52.147816,$GLGSV,88,,42
2026-06-02T17:17:52.150082,$GAGSV,04,,33
2026-06-02T17:17:52.150082,$GAGSV,05,,28
2026-06-02T17:17:52.150082,$GAGSV,06,,38
2026-06-02T17:17:52.150082,$GAGSV,09,,32
2026-06-02T17:17:52.151207,$GAGSV,10,,38
2026-06-02T17:17:52.151207,$GAGSV,11,,35
2026-06-02T17:17:52.151207,$GAGSV,12,,34
2026-06-02T17:17:52.151207,$GAGSV,36,,27
2026-06-02T17:17:52.152316,$GAGSV,04,,36
2026-06-02T17:17:52.152316,$GAGSV,05,,28
2026-06-02T17:17:52.152316,$GAGSV,06,,39
2026-06-02T17:17:52.152316,$GAGSV,09,,34
2026-06-02T17:17:52.153572,$GAGSV,10,,40
2026-06-02T17:17:52.153572,$GAGSV,11,,36
2026-06-02T17:17:52.153572,$GAGSV,12,,36
2026-06-02T17:17:52.153572,$GAGSV,36,,34
2026-06-02T17:17:52.155559,$GBGSV,06,,38
2026-06-02T17:17:52.155559,$GBGSV,07,,40
2026-06-02T17:17:52.155559,$GBGSV,08,,36
2026-06-02T17:17:52.155559,$GBGSV,09,,36
2026-06-02T17:17:52.156407,$GBGSV,10,,40
2026-06-02T17:17:52.156407,$GBGSV,13,,27
2026-06-02T17:17:52.156407,$GBGSV,14,,38
2026-06-02T17:17:52.156407,$GBGSV,34,,41
2026-06-02T17:17:52.157026,$GBGSV,09,,32
2026-06-02T17:17:52.157026,$GBGSV,10,,37
2026-06-02T17:17:53.130458,$GPGSV,10,,30
2026-06-02T17:17:53.130458,$GPGSV,13,,27
2026-06-02T17:17:53.130458,$GPGSV,18,,42
2026-06-02T17:17:53.130458,$GPGSV,23,,38
2026-06-02T17:17:53.132919,$GPGSV,24,,36
2026-06-02T17:17:53.132919,$GPGSV,29,,36
2026-06-02T17:17:53.132919,$GPGSV,32,,36
2026-06-02T17:17:53.132919,$GPGSV,41,,42
2026-06-02T17:17:53.134678,$GPGSV,42,,40
2026-06-02T17:17:53.134678,$GPGSV,50,,35
2026-06-02T17:17:53.136974,$GPGSV,10,,29
2026-06-02T17:17:53.136974,$GPGSV,18,,41
2026-06-02T17:17:53.136974,$GPGSV,23,,36
2026-06-02T17:17:53.136974,$GPGSV,24,,31
2026-06-02T17:17:53.138640,$GPGSV,32,,31
2026-06-02T17:17:53.144716,$GLGSV,65,,22
2026-06-02T17:17:53.144716,$GLGSV,66,,34
2026-06-02T17:17:53.144716,$GLGSV,75,,16
2026-06-02T17:17:53.144716,$GLGSV,76,,38
2026-06-02T17:17:53.146285,$GLGSV,81,,29
2026-06-02T17:17:53.146285,$GLGSV,87,,30
2026-06-02T17:17:53.146285,$GLGSV,88,,42
2026-06-02T17:17:53.147888,$GLGSV,66,,30
2026-06-02T17:17:53.147888,$GLGSV,67,,18
2026-06-02T17:17:53.147888,$GLGSV,75,,17
2026-06-02T17:17:53.147888,$GLGSV,76,,36
2026-06-02T17:17:53.149009,$GLGSV,81,,35
2026-06-02T17:17:53.149009,$GLGSV,88,,42
2026-06-02T17:17:53.150641,$GAGSV,04,,33
2026-06-02T17:17:53.150641,$GAGSV,05,,28
2026-06-02T17:17:53.150641,$GAGSV,06,,38
2026-06-02T17:17:53.150641,$GAGSV,09,,32
2026-06-02T17:17:53.151254,$GAGSV,10,,38
2026-06-02T17:17:53.151254,$GAGSV,11,,35
2026-06-02T17:17:53.151254,$GAGSV,12,,33
2026-06-02T17:17:53.151254,$GAGSV,36,,29
2026-06-02T17:17:53.151907,$GAGSV,04,,37
2026-06-02T17:17:53.151907,$GAGSV,05,,27
2026-06-02T17:17:53.151907,$GAGSV,06,,39
2026-06-02T17:17:53.151907,$GAGSV,09,,37
2026-06-02T17:17:53.152541,$GAGSV,10,,40
2026-06-02T17:17:53.152541,$GAGSV,11,,37
2026-06-02T17:17:53.152541,$GAGSV,12,,35
2026-06-02T17:17:53.152541,$GAGSV,36,,34
2026-06-02T17:17:53.154042,$GBGSV,06,,39
2026-06-02T17:17:53.154042,$GBGSV,07,,43
2026-06-02T17:17:53.154042,$GBGSV,08,,37
2026-06-02T17:17:53.154042,$GBGSV,09,,36
2026-06-02T17:17:53.154648,$GBGSV,10,,41
2026-06-02T17:17:53.154648,$GBGSV,13,,28
2026-06-02T17:17:53.154648,$GBGSV,14,,35
2026-06-02T17:17:53.154648,$GBGSV,34,,41
2026-06-02T17:17:53.155073,$GBGSV,09,,32
2026-06-02T17:17:53.155073,$GBGSV,10,,36
2026-06-02T17:17:54.133503,$GPGSV,10,,34
2026-06-02T17:17:54.133503,$GPGSV,13,,28
2026-06-02T17:17:54.133503,$GPGSV,18,,42
2026-06-02T17:17:54.133503,$GPGSV,23,,38
2026-06-02T17:17:54.135792,$GPGSV,24,,35
2026-06-02T17:17:54.135792,$GPGSV,29,,36
2026-06-02T17:17:54.135792,$GPGSV,32,,38
2026-06-02T17:17:54.135792,$GPGSV,41,,40
2026-06-02T17:17:54.137427,$GPGSV,42,,42
2026-06-02T17:17:54.137427,$GPGSV,50,,38
2026-06-02T17:17:54.139654,$GPGSV,10,,30
2026-06-02T17:17:54.139654,$GPGSV,18,,41
2026-06-02T17:17:54.139654,$GPGSV,23,,35
2026-06-02T17:17:54.139654,$GPGSV,24,,31
2026-06-02T17:17:54.141020,$GPGSV,32,,26
2026-06-02T17:17:54.146819,$GLGSV,65,,22
2026-06-02T17:17:54.146819,$GLGSV,66,,35
2026-06-02T17:17:54.146819,$GLGSV,75,,15
2026-06-02T17:17:54.146819,$GLGSV,76,,36
2026-06-02T17:17:54.148792,$GLGSV,81,,33
2026-06-02T17:17:54.148792,$GLGSV,87,,30
2026-06-02T17:17:54.148792,$GLGSV,88,,42
2026-06-02T17:17:54.150914,$GLGSV,66,,34
2026-06-02T17:17:54.150914,$GLGSV,67,,17
2026-06-02T17:17:54.150914,$GLGSV,75,,16
2026-06-02T17:17:54.150914,$GLGSV,76,,32
2026-06-02T17:17:54.151987,$GLGSV,81,,26
2026-06-02T17:17:54.151987,$GLGSV,88,,42
2026-06-02T17:17:54.154231,$GAGSV,04,,33
2026-06-02T17:17:54.154231,$GAGSV,05,,26
2026-06-02T17:17:54.154231,$GAGSV,06,,37
2026-06-02T17:17:54.154231,$GAGSV,09,,35
2026-06-02T17:17:54.155507,$GAGSV,10,,38
2026-06-02T17:17:54.155507,$GAGSV,11,,34
2026-06-02T17:17:54.155507,$GAGSV,12,,32
2026-06-02T17:17:54.155507,$GAGSV,36,,28
2026-06-02T17:17:54.156589,$GAGSV,04,,39
2026-06-02T17:17:54.156589,$GAGSV,05,,26
2026-06-02T17:17:54.156589,$GAGSV,06,,39
2026-06-02T17:17:54.156589,$GAGSV,09,,33
2026-06-02T17:17:54.157677,$GAGSV,10,,40
2026-06-02T17:17:54.157677,$GAGSV,11,,37
2026-06-02T17:17:54.157677,$GAGSV,12,,35
2026-06-02T17:17:54.157677,$GAGSV,36,,35
2026-06-02T17:17:54.159717,$GBGSV,06,,39
2026-06-02T17:17:54.159717,$GBGSV,07,,42
2026-06-02T17:17:54.159717,$GBGSV,08,,35
2026-06-02T17:17:54.159717,$GBGSV,09,,38
2026-06-02T17:17:54.160624,$GBGSV,10,,42
2026-06-02T17:17:54.160624,$GBGSV,13,,35
2026-06-02T17:17:54.160624,$GBGSV,14,,36
2026-06-02T17:17:54.160624,$GBGSV,34,,42
2026-06-02T17:17:54.161275,$GBGSV,09,,33
2026-06-02T17:17:54.161275,$GBGSV,10,,36
2026-06-02T17:17:55.122415,$GPGSV,10,,37
2026-06-02T17:17:55.122415,$GPGSV,13,,26
2026-06-02T17:17:55.122415,$GPGSV,18,,43
2026-06-02T17:17:55.122415,$GPGSV,23,,38
2026-06-02T17:17:55.123186,$GPGSV,24,,37
2026-06-02T17:17:55.123186,$GPGSV,29,,36
2026-06-02T17:17:55.123186,$GPGSV,32,,35
2026-06-02T17:17:55.123186,$GPGSV,41,,41
2026-06-02T17:17:55.123728,$GPGSV,42,,42
2026-06-02T17:17:55.123728,$GPGSV,50,,35
2026-06-02T17:17:55.124470,$GPGSV,10,,29
2026-06-02T17:17:55.124470,$GPGSV,18,,41
2026-06-02T17:17:55.124470,$GPGSV,23,,35
2026-06-02T17:17:55.124470,$GPGSV,24,,30
2026-06-02T17:17:55.124911,$GPGSV,32,,32
2026-06-02T17:17:55.126845,$GLGSV,65,,22
2026-06-02T17:17:55.126845,$GLGSV,66,,35
2026-06-02T17:17:55.126845,$GLGSV,75,,13
2026-06-02T17:17:55.126845,$GLGSV,76,,33
2026-06-02T17:17:55.127456,$GLGSV,81,,36
2026-06-02T17:17:55.127456,$GLGSV,87,,29
2026-06-02T17:17:55.127456,$GLGSV,88,,40
2026-06-02T17:17:55.128159,$GLGSV,66,,29
2026-06-02T17:17:55.128159,$GLGSV,67,,17
2026-06-02T17:17:55.128159,$GLGSV,75,,15
2026-06-02T17:17:55.128159,$GLGSV,76,,27
2026-06-02T17:17:55.128667,$GLGSV,81,,34
2026-06-02T17:17:55.128667,$GLGSV,88,,40
2026-06-02T17:17:55.129752,$GAGSV,04,,33
2026-06-02T17:17:55.129752,$GAGSV,05,,26
2026-06-02T17:17:55.129752,$GAGSV,06,,37
2026-06-02T17:17:55.129752,$GAGSV,09,,36
2026-06-02T17:17:55.130468,$GAGSV,10,,38
2026-06-02T17:17:55.130468,$GAGSV,11,,34
2026-06-02T17:17:55.130468,$GAGSV,12,,32
2026-06-02T17:17:55.130468,$GAGSV,36,,29
2026-06-02T17:17:55.131177,$GAGSV,04,,37
2026-06-02T17:17:55.131177,$GAGSV,05,,25
2026-06-02T17:17:55.131177,$GAGSV,06,,39
2026-06-02T17:17:55.131177,$GAGSV,09,,37
2026-06-02T17:17:55.131882,$GAGSV,10,,39
2026-06-02T17:17:55.131882,$GAGSV,11,,37
2026-06-02T17:17:55.131882,$GAGSV,12,,35
2026-06-02T17:17:55.131882,$GAGSV,36,,33
2026-06-02T17:17:55.133218,$GBGSV,06,,40
2026-06-02T17:17:55.133218,$GBGSV,07,,40
2026-06-02T17:17:55.133218,$GBGSV,08,,34
2026-06-02T17:17:55.133218,$GBGSV,09,,40
2026-06-02T17:17:55.134011,$GBGSV,10,,41
2026-06-02T17:17:55.134011,$GBGSV,13,,31
2026-06-02T17:17:55.134011,$GBGSV,14,,37
2026-06-02T17:17:55.134011,$GBGSV,34,,40
2026-06-02T17:17:55.134527,$GBGSV,09,,33
2026-06-02T17:17:55.134527,$GBGSV,10,,35
2026-06-02T17:17:56.123347,$GPGSV,10,,37
2026-06-02T17:17:56.123347,$GPGSV,13,,25
2026-06-02T17:17:56.123347,$GPGSV,18,,42
2026-06-02T17:17:56.123347,$GPGSV,23,,39
2026-06-02T17:17:56.124084,$GPGSV,24,,35
2026-06-02T17:17:56.124084,$GPGSV,29,,35
2026-06-02T17:17:56.124084,$GPGSV,32,,36
2026-06-02T17:17:56.124084,$GPGSV,41,,41
2026-06-02T17:17:56.124601,$GPGSV,42,,42
2026-06-02T17:17:56.124601,$GPGSV,50,,37
2026-06-02T17:17:56.125316,$GPGSV,10,,29
2026-06-02T17:17:56.125316,$GPGSV,18,,40
2026-06-02T17:17:56.125316,$GPGSV,23,,35
2026-06-02T17:17:56.125316,$GPGSV,24,,29
2026-06-02T17:17:56.125746,$GPGSV,32,,32
2026-06-02T17:17:56.127622,$GLGSV,65,,21
2026-06-02T17:17:56.127622,$GLGSV,66,,31
2026-06-02T17:17:56.127622,$GLGSV,75,,15
2026-06-02T17:17:56.127622,$GLGSV,76,,28
2026-06-02T17:17:56.128231,$GLGSV,81,,33
2026-06-02T17:17:56.128231,$GLGSV,87,,30
2026-06-02T17:17:56.128231,$GLGSV,88,,40
2026-06-02T17:17:56.128943,$GLGSV,66,,36
2026-06-02T17:17:56.128943,$GLGSV,67,,17
2026-06-02T17:17:56.128943,$GLGSV,75,,17
2026-06-02T17:17:56.128943,$GLGSV,76,,29
2026-06-02T17:17:56.129449,$GLGSV,81,,35
2026-06-02T17:17:56.129449,$GLGSV,88,,40
2026-06-02T17:17:56.130543,$GAGSV,04,,34
2026-06-02T17:17:56.130543,$GAGSV,05,,27
2026-06-02T17:17:56.130543,$GAGSV,06,,39
2026-06-02T17:17:56.130543,$GAGSV,09,,32
2026-06-02T17:17:56.131256,$GAGSV,10,,38
2026-06-02T17:17:56.131256,$GAGSV,11,,34
2026-06-02T17:17:56.131256,$GAGSV,12,,32
2026-06-02T17:17:56.131256,$GAGSV,36,,31
2026-06-02T17:17:56.131946,$GAGSV,04,,37
2026-06-02T17:17:56.131946,$GAGSV,05,,25
2026-06-02T17:17:56.131946,$GAGSV,06,,39
2026-06-02T17:17:56.131946,$GAGSV,09,,37
2026-06-02T17:17:56.132629,$GAGSV,10,,39
2026-06-02T17:17:56.132629,$GAGSV,11,,36
2026-06-02T17:17:56.132629,$GAGSV,12,,34
2026-06-02T17:17:56.132629,$GAGSV,36,,33
2026-06-02T17:17:56.133928,$GBGSV,06,,40
2026-06-02T17:17:56.133928,$GBGSV,07,,41
2026-06-02T17:17:56.133928,$GBGSV,08,,34
2026-06-02T17:17:56.133928,$GBGSV,09,,36
2026-06-02T17:17:56.134606,$GBGSV,10,,39
2026-06-02T17:17:56.134606,$GBGSV,13,,28
2026-06-02T17:17:56.134606,$GBGSV,14,,38
2026-06-02T17:17:56.134606,$GBGSV,34,,40
2026-06-02T17:17:56.135086,$GBGSV,09,,33
2026-06-02T17:17:56.135086,$GBGSV,10,,35
2026-06-02T17:17:57.123266,$GPGSV,10,,35
2026-06-02T17:17:57.123266,$GPGSV,13,,25
2026-06-02T17:17:57.123266,$GPGSV,18,,42
2026-06-02T17:17:57.123266,$GPGSV,23,,39
2026-06-02T17:17:57.124007,$GPGSV,24,,37
2026-06-02T17:17:57.124007,$GPGSV,29,,35
2026-06-02T17:17:57.124007,$GPGSV,32,,21
2026-06-02T17:17:57.124007,$GPGSV,41,,43
2026-06-02T17:17:57.124523,$GPGSV,42,,41
2026-06-02T17:17:57.124523,$GPGSV,50,,37
2026-06-02T17:17:57.125231,$GPGSV,10,,31
2026-06-02T17:17:57.125231,$GPGSV,18,,40
2026-06-02T17:17:57.125231,$GPGSV,23,,36
2026-06-02T17:17:57.125231,$GPGSV,24,,31
2026-06-02T17:17:57.125660,$GPGSV,32,,19
2026-06-02T17:17:57.127587,$GLGSV,65,,21
2026-06-02T17:17:57.127587,$GLGSV,66,,35
2026-06-02T17:17:57.127587,$GLGSV,75,,16
2026-06-02T17:17:57.127587,$GLGSV,76,,32
2026-06-02T17:17:57.128202,$GLGSV,81,,34
2026-06-02T17:17:57.128202,$GLGSV,87,,29
2026-06-02T17:17:57.128202,$GLGSV,88,,39
2026-06-02T17:17:57.128916,$GLGSV,66,,29
2026-06-02T17:17:57.128916,$GLGSV,67,,16
2026-06-02T17:17:57.128916,$GLGSV,75,,17
2026-06-02T17:17:57.128916,$GLGSV,76,,30
2026-06-02T17:17:57.129423,$GLGSV,81,,35
2026-06-02T17:17:57.129423,$GLGSV,88,,39
2026-06-02T17:17:57.130520,$GAGSV,04,,33
2026-06-02T17:17:57.130520,$GAGSV,05,,27
2026-06-02T17:17:57.130520,$GAGSV,06,,38
2026-06-02T17:17:57.130520,$GAGSV,09,,37
2026-06-02T17:17:57.131237,$GAGSV,10,,38
2026-06-02T17:17:57.131237,$GAGSV,11,,34
2026-06-02T17:17:57.131237,$GAGSV,12,,33
2026-06-02T17:17:57.131237,$GAGSV,36,,33
2026-06-02T17:17:57.131959,$GAGSV,04,,39
2026-06-02T17:17:57.131959,$GAGSV,05,,25
2026-06-02T17:17:57.131959,$GAGSV,06,,39
2026-06-02T17:17:57.131959,$GAGSV,09,,39
2026-06-02T17:17:57.132643,$GAGSV,10,,40
2026-06-02T17:17:57.132643,$GAGSV,11,,37
2026-06-02T17:17:57.132643,$GAGSV,12,,33
2026-06-02T17:17:57.132643,$GAGSV,36,,35
2026-06-02T17:17:57.133946,$GBGSV,06,,38
2026-06-02T17:17:57.133946,$GBGSV,07,,42
2026-06-02T17:17:57.133946,$GBGSV,08,,33
2026-06-02T17:17:57.133946,$GBGSV,09,,38
2026-06-02T17:17:57.134633,$GBGSV,10,,40
2026-06-02T17:17:57.134633,$GBGSV,13,,35
2026-06-02T17:17:57.134633,$GBGSV,14,,39
2026-06-02T17:17:57.134633,$GBGSV,34,,40
2026-06-02T17:17:57.135121,$GBGSV,09,,33
2026-06-02T17:17:57.135121,$GBGSV,10,,37
2026-06-02T17:17:58.122187,$GPGSV,10,,35
2026-06-02T17:17:58.122187,$GPGSV,13,,26
2026-06-02T17:17:58.122187,$GPGSV,18,,43
2026-06-02T17:17:58.122187,$GPGSV,23,,40
2026-06-02T17:17:58.122923,$GPGSV,24,,34
2026-06-02T17:17:58.122923,$GPGSV,29,,35
2026-06-02T17:17:58.122923,$GPGSV,32,,31
2026-06-02T17:17:58.122923,$GPGSV,41,,40
2026-06-02T17:17:58.123431,$GPGSV,42,,41
2026-06-02T17:17:58.123431,$GPGSV,50,,37
2026-06-02T17:17:58.124142,$GPGSV,10,,30
2026-06-02T17:17:58.124142,$GPGSV,18,,41
2026-06-02T17:17:58.124142,$GPGSV,23,,36
2026-06-02T17:17:58.124142,$GPGSV,24,,30
2026-06-02T17:17:58.124547,$GPGSV,32,,32
2026-06-02T17:17:58.126433,$GLGSV,65,,22
2026-06-02T17:17:58.126433,$GLGSV,66,,32
2026-06-02T17:17:58.126433,$GLGSV,75,,15
2026-06-02T17:17:58.126433,$GLGSV,76,,33
2026-06-02T17:17:58.127042,$GLGSV,81,,36
2026-06-02T17:17:58.127042,$GLGSV,87,,31
2026-06-02T17:17:58.127042,$GLGSV,88,,34
2026-06-02T17:17:58.127746,$GLGSV,66,,37
2026-06-02T17:17:58.127746,$GLGSV,67,,17
2026-06-02T17:17:58.127746,$GLGSV,75,,17
2026-06-02T17:17:58.127746,$GLGSV,76,,30
2026-06-02T17:17:58.128248,$GLGSV,81,,26
2026-06-02T17:17:58.128248,$GLGSV,88,,41
2026-06-02T17:17:58.129328,$GAGSV,04,,36
2026-06-02T17:17:58.129328,$GAGSV,05,,27
2026-06-02T17:17:58.129328,$GAGSV,06,,38
2026-06-02T17:17:58.129328,$GAGSV,09,,35
2026-06-02T17:17:58.130062,$GAGSV,10,,39
2026-06-02T17:17:58.130062,$GAGSV,11,,34
2026-06-02T17:17:58.130062,$GAGSV,12,,33
2026-06-02T17:17:58.130062,$GAGSV,36,,33
2026-06-02T17:17:58.130785,$GAGSV,04,,37
2026-06-02T17:17:58.130785,$GAGSV,05,,25
2026-06-02T17:17:58.130785,$GAGSV,06,,39
2026-06-02T17:17:58.130785,$GAGSV,09,,34
2026-06-02T17:17:58.131564,$GAGSV,10,,40
2026-06-02T17:17:58.131564,$GAGSV,11,,37
2026-06-02T17:17:58.131564,$GAGSV,12,,33
2026-06-02T17:17:58.131564,$GAGSV,36,,38
2026-06-02T17:17:58.132860,$GBGSV,06,,38
2026-06-02T17:17:58.132860,$GBGSV,07,,42
2026-06-02T17:17:58.132860,$GBGSV,08,,32
2026-06-02T17:17:58.132860,$GBGSV,09,,36
2026-06-02T17:17:58.133548,$GBGSV,10,,41
2026-06-02T17:17:58.133548,$GBGSV,13,,27
2026-06-02T17:17:58.133548,$GBGSV,14,,39
2026-06-02T17:17:58.133548,$GBGSV,34,,38
2026-06-02T17:17:58.134047,$GBGSV,09,,35
2026-06-02T17:17:58.134047,$GBGSV,10,,37
2026-06-02T17:17:59.116477,$GPGSV,10,,35
2026-06-02T17:17:59.116477,$GPGSV,13,,32
2026-06-02T17:17:59.116477,$GPGSV,18,,41
2026-06-02T17:17:59.116477,$GPGSV,23,,38
2026-06-02T17:17:59.117128,$GPGSV,24,,34
2026-06-02T17:17:59.117128,$GPGSV,29,,34
2026-06-02T17:17:59.117128,$GPGSV,32,,32
2026-06-02T17:17:59.117128,$GPGSV,41,,38
2026-06-02T17:17:59.117585,$GPGSV,42,,40
2026-06-02T17:17:59.117585,$GPGSV,50,,37
2026-06-02T17:17:59.118221,$GPGSV,10,,29
2026-06-02T17:17:59.118221,$GPGSV,18,,42
2026-06-02T17:17:59.118221,$GPGSV,23,,35
2026-06-02T17:17:59.118221,$GPGSV,24,,30
2026-06-02T17:17:59.118582,$GPGSV,32,,26
2026-06-02T17:17:59.120200,$GLGSV,65,,21
2026-06-02T17:17:59.120200,$GLGSV,66,,35
2026-06-02T17:17:59.120200,$GLGSV,75,,15
2026-06-02T17:17:59.120200,$GLGSV,76,,38
2026-06-02T17:17:59.120699,$GLGSV,81,,37
2026-06-02T17:17:59.120699,$GLGSV,87,,32
2026-06-02T17:17:59.120699,$GLGSV,88,,30
2026-06-02T17:17:59.121361,$GLGSV,66,,34
2026-06-02T17:17:59.121361,$GLGSV,67,,17
2026-06-02T17:17:59.121361,$GLGSV,75,,15
2026-06-02T17:17:59.121361,$GLGSV,76,,34
2026-06-02T17:17:59.122019,$GLGSV,81,,39
2026-06-02T17:17:59.122019,$GLGSV,88,,37
2026-06-02T17:17:59.122928,$GAGSV,04,,36
2026-06-02T17:17:59.122928,$GAGSV,05,,29
2026-06-02T17:17:59.122928,$GAGSV,06,,39
2026-06-02T17:17:59.122928,$GAGSV,09,,38
2026-06-02T17:17:59.123512,$GAGSV,10,,40
2026-06-02T17:17:59.123512,$GAGSV,11,,35
2026-06-02T17:17:59.123512,$GAGSV,12,,33
2026-06-02T17:17:59.123512,$GAGSV,36,,28
2026-06-02T17:17:59.124096,$GAGSV,04,,37
2026-06-02T17:17:59.124096,$GAGSV,05,,24
2026-06-02T17:17:59.124096,$GAGSV,06,,39
2026-06-02T17:17:59.124096,$GAGSV,09,,38
2026-06-02T17:17:59.124678,$GAGSV,10,,40
2026-06-02T17:17:59.124678,$GAGSV,11,,37
2026-06-02T17:17:59.124678,$GAGSV,12,,34
2026-06-02T17:17:59.124678,$GAGSV,36,,35
2026-06-02T17:17:59.125806,$GBGSV,06,,38
2026-06-02T17:17:59.125806,$GBGSV,07,,42
2026-06-02T17:17:59.125806,$GBGSV,08,,33
2026-06-02T17:17:59.125806,$GBGSV,09,,36
2026-06-02T17:17:59.127491,$GBGSV,10,,41
2026-06-02T17:17:59.127491,$GBGSV,13,,35
2026-06-02T17:17:59.127491,$GBGSV,14,,39
2026-06-02T17:17:59.127491,$GBGSV,34,,41
2026-06-02T17:17:59.127926,$GBGSV,09,,34
2026-06-02T17:17:59.127926,$GBGSV,10,,37
2026-06-02T17:18:00.125043,$GPGSV,10,,27
2026-06-02T17:18:00.125043,$GPGSV,13,,32
2026-06-02T17:18:00.125043,$GPGSV,18,,41
2026-06-02T17:18:00.125043,$GPGSV,23,,38
2026-06-02T17:18:00.125808,$GPGSV,24,,34
2026-06-02T17:18:00.125808,$GPGSV,29,,35
2026-06-02T17:18:00.125808,$GPGSV,32,,27
2026-06-02T17:18:00.125808,$GPGSV,41,,40
2026-06-02T17:18:00.126332,$GPGSV,42,,41
2026-06-02T17:18:00.126332,$GPGSV,50,,37
2026-06-02T17:18:00.127044,$GPGSV,10,,29
2026-06-02T17:18:00.127044,$GPGSV,18,,41
2026-06-02T17:18:00.127044,$GPGSV,23,,35
2026-06-02T17:18:00.127044,$GPGSV,24,,33
2026-06-02T17:18:00.127460,$GPGSV,32,,32
2026-06-02T17:18:00.129352,$GLGSV,65,,21
2026-06-02T17:18:00.129352,$GLGSV,66,,30
2026-06-02T17:18:00.129352,$GLGSV,75,,13
2026-06-02T17:18:00.129352,$GLGSV,76,,36
2026-06-02T17:18:00.130266,$GLGSV,81,,38
2026-06-02T17:18:00.130266,$GLGSV,87,,31
2026-06-02T17:18:00.130266,$GLGSV,88,,37
2026-06-02T17:18:00.131031,$GLGSV,66,,37
2026-06-02T17:18:00.131031,$GLGSV,67,,16
2026-06-02T17:18:00.131031,$GLGSV,75,,13
2026-06-02T17:18:00.131031,$GLGSV,76,,36
2026-06-02T17:18:00.131543,$GLGSV,81,,37
2026-06-02T17:18:00.131543,$GLGSV,88,,37
2026-06-02T17:18:00.132595,$GAGSV,04,,35
2026-06-02T17:18:00.132595,$GAGSV,05,,27
2026-06-02T17:18:00.132595,$GAGSV,06,,39
2026-06-02T17:18:00.132595,$GAGSV,09,,35
2026-06-02T17:18:00.133278,$GAGSV,10,,39
2026-06-02T17:18:00.133278,$GAGSV,11,,36
2026-06-02T17:18:00.133278,$GAGSV,12,,33
2026-06-02T17:18:00.133278,$GAGSV,36,,30
2026-06-02T17:18:00.133997,$GAGSV,04,,36
2026-06-02T17:18:00.133997,$GAGSV,05,,26
2026-06-02T17:18:00.133997,$GAGSV,06,,37
2026-06-02T17:18:00.133997,$GAGSV,09,,39
2026-06-02T17:18:00.134680,$GAGSV,10,,40
2026-06-02T17:18:00.134680,$GAGSV,11,,37
2026-06-02T17:18:00.134680,$GAGSV,12,,35
2026-06-02T17:18:00.134680,$GAGSV,36,,32
2026-06-02T17:18:00.135978,$GBGSV,06,,38
2026-06-02T17:18:00.135978,$GBGSV,07,,42
2026-06-02T17:18:00.135978,$GBGSV,08,,35
2026-06-02T17:18:00.135978,$GBGSV,09,,39
2026-06-02T17:18:00.136667,$GBGSV,10,,41
2026-06-02T17:18:00.136667,$GBGSV,13,,32
2026-06-02T17:18:00.136667,$GBGSV,14,,38
2026-06-02T17:18:00.136667,$GBGSV,34,,39
2026-06-02T17:18:00.137158,$GBGSV,09,,32
2026-06-02T17:18:00.137158,$GBGSV,10,,37
2026-06-02T17:18:01.124415,$GPGSV,10,,27
2026-06-02T17:18:01.124415,$GPGSV,13,,30
2026-06-02T17:18:01.124415,$GPGSV,18,,42
2026-06-02T17:18:01.124415,$GPGSV,23,,39
2026-06-02T17:18:01.125118,$GPGSV,24,,39
2026-06-02T17:18:01.125118,$GPGSV,29,,33
2026-06-02T17:18:01.125118,$GPGSV,32,,41
2026-06-02T17:18:01.125118,$GPGSV,41,,40
2026-06-02T17:18:01.125613,$GPGSV,42,,40
2026-06-02T17:18:01.125613,$GPGSV,50,,37
2026-06-02T17:18:01.126300,$GPGSV,10,,26
2026-06-02T17:18:01.126300,$GPGSV,18,,41
2026-06-02T17:18:01.126300,$GPGSV,23,,37
2026-06-02T17:18:01.126300,$GPGSV,24,,34
2026-06-02T17:18:01.126688,$GPGSV,32,,32
2026-06-02T17:18:01.128495,$GLGSV,65,,22
2026-06-02T17:18:01.128495,$GLGSV,66,,38
2026-06-02T17:18:01.128495,$GLGSV,76,,36
2026-06-02T17:18:01.128495,$GLGSV,81,,28
2026-06-02T17:18:01.128979,$GLGSV,87,,31
2026-06-02T17:18:01.128979,$GLGSV,88,,37
2026-06-02T17:18:01.130071,$GLGSV,66,,37
2026-06-02T17:18:01.130071,$GLGSV,67,,16
2026-06-02T17:18:01.130071,$GLGSV,75,,12
2026-06-02T17:18:01.130071,$GLGSV,76,,30
2026-06-02T17:18:01.130589,$GLGSV,81,,27
2026-06-02T17:18:01.130589,$GLGSV,88,,35
2026-06-02T17:18:01.131659,$GAGSV,04,,35
2026-06-02T17:18:01.131659,$GAGSV,05,,31
2026-06-02T17:18:01.131659,$GAGSV,06,,38
2026-06-02T17:18:01.131659,$GAGSV,09,,38
2026-06-02T17:18:01.132314,$GAGSV,10,,39
2026-06-02T17:18:01.132314,$GAGSV,11,,36
2026-06-02T17:18:01.132314,$GAGSV,12,,33
2026-06-02T17:18:01.132314,$GAGSV,36,,27
2026-06-02T17:18:01.132978,$GAGSV,04,,34
2026-06-02T17:18:01.132978,$GAGSV,05,,26
2026-06-02T17:18:01.132978,$GAGSV,06,,39
2026-06-02T17:18:01.132978,$GAGSV,09,,38
2026-06-02T17:18:01.133656,$GAGSV,10,,39
2026-06-02T17:18:01.133656,$GAGSV,11,,37
2026-06-02T17:18:01.133656,$GAGSV,12,,36
2026-06-02T17:18:01.133656,$GAGSV,36,,31
2026-06-02T17:18:01.134855,$GBGSV,06,,38
2026-06-02T17:18:01.134855,$GBGSV,07,,41
2026-06-02T17:18:01.134855,$GBGSV,08,,35
2026-06-02T17:18:01.134855,$GBGSV,09,,39
2026-06-02T17:18:01.135500,$GBGSV,10,,41
2026-06-02T17:18:01.135500,$GBGSV,13,,39
2026-06-02T17:18:01.135500,$GBGSV,14,,35
2026-06-02T17:18:01.135500,$GBGSV,34,,40
2026-06-02T17:18:01.135935,$GBGSV,09,,32
2026-06-02T17:18:01.135935,$GBGSV,10,,37
2026-06-02T17:18:02.124436,$GPGSV,10,,26
2026-06-02T17:18:02.124436,$GPGSV,13,,29
2026-06-02T17:18:02.124436,$GPGSV,18,,41
2026-06-02T17:18:02.124436,$GPGSV,23,,39
2026-06-02T17:18:02.125147,$GPGSV,24,,37
2026-06-02T17:18:02.125147,$GPGSV,29,,33
2026-06-02T17:18:02.125147,$GPGSV,32,,34
2026-06-02T17:18:02.125147,$GPGSV,41,,39
2026-06-02T17:18:02.125665,$GPGSV,42,,39
2026-06-02T17:18:02.125665,$GPGSV,50,,38
2026-06-02T17:18:02.126356,$GPGSV,10,,24
2026-06-02T17:18:02.126356,$GPGSV,18,,41
2026-06-02T17:18:02.126356,$GPGSV,23,,36
2026-06-02T17:18:02.126356,$GPGSV,24,,33
2026-06-02T17:18:02.126750,$GPGSV,32,,31
2026-06-02T17:18:02.128569,$GLGSV,65,,21
2026-06-02T17:18:02.128569,$GLGSV,66,,36
2026-06-02T17:18:02.128569,$GLGSV,76,,38
2026-06-02T17:18:02.128569,$GLGSV,81,,27
2026-06-02T17:18:02.129128,$GLGSV,87,,31
2026-06-02T17:18:02.129128,$GLGSV,88,,40
2026-06-02T17:18:02.130098,$GLGSV,66,,34
2026-06-02T17:18:02.130098,$GLGSV,67,,16
2026-06-02T17:18:02.130098,$GLGSV,75,,13
2026-06-02T17:18:02.130098,$GLGSV,76,,36
2026-06-02T17:18:02.130612,$GLGSV,81,,32
2026-06-02T17:18:02.130612,$GLGSV,88,,41
2026-06-02T17:18:02.131619,$GAGSV,04,,35
2026-06-02T17:18:02.131619,$GAGSV,05,,22
2026-06-02T17:18:02.131619,$GAGSV,06,,35
2026-06-02T17:18:02.131619,$GAGSV,09,,39
2026-06-02T17:18:02.132280,$GAGSV,10,,39
2026-06-02T17:18:02.132280,$GAGSV,11,,35
2026-06-02T17:18:02.132280,$GAGSV,12,,33
2026-06-02T17:18:02.132280,$GAGSV,36,,26
2026-06-02T17:18:02.132941,$GAGSV,04,,36
2026-06-02T17:18:02.132941,$GAGSV,05,,26
2026-06-02T17:18:02.132941,$GAGSV,06,,40
2026-06-02T17:18:02.132941,$GAGSV,09,,40
2026-06-02T17:18:02.133608,$GAGSV,10,,39
2026-06-02T17:18:02.133608,$GAGSV,11,,37
2026-06-02T17:18:02.133608,$GAGSV,12,,36
2026-06-02T17:18:02.133608,$GAGSV,36,,25
2026-06-02T17:18:02.134810,$GBGSV,06,,39
2026-06-02T17:18:02.134810,$GBGSV,07,,41
2026-06-02T17:18:02.134810,$GBGSV,08,,34
2026-06-02T17:18:02.134810,$GBGSV,09,,38
2026-06-02T17:18:02.135423,$GBGSV,10,,41
2026-06-02T17:18:02.135423,$GBGSV,13,,40
2026-06-02T17:18:02.135423,$GBGSV,14,,38
2026-06-02T17:18:02.135423,$GBGSV,34,,40
2026-06-02T17:18:02.135854,$GBGSV,09,,31
2026-06-02T17:18:02.135854,$GBGSV,10,,37
2026-06-02T17:18:03.120856,$GPGSV,10,,27
2026-06-02T17:18:03.120856,$GPGSV,13,,20
2026-06-02T17:18:03.120856,$GPGSV,18,,41
2026-06-02T17:18:03.120856,$GPGSV,23,,40
2026-06-02T17:18:03.121687,$GPGSV,24,,32
2026-06-02T17:18:03.121687,$GPGSV,29,,33
2026-06-02T17:18:03.121687,$GPGSV,32,,32
2026-06-02T17:18:03.121687,$GPGSV,41,,41
2026-06-02T17:18:03.122234,$GPGSV,42,,41
2026-06-02T17:18:03.122234,$GPGSV,50,,37
2026-06-02T17:18:03.122980,$GPGSV,10,,21
2026-06-02T17:18:03.122980,$GPGSV,18,,41
2026-06-02T17:18:03.122980,$GPGSV,23,,35
2026-06-02T17:18:03.122980,$GPGSV,24,,32
2026-06-02T17:18:03.123410,$GPGSV,32,,31
2026-06-02T17:18:03.125351,$GLGSV,65,,21
2026-06-02T17:18:03.125351,$GLGSV,66,,27
2026-06-02T17:18:03.125351,$GLGSV,76,,40
2026-06-02T17:18:03.125351,$GLGSV,81,,33
2026-06-02T17:18:03.125873,$GLGSV,87,,35
2026-06-02T17:18:03.125873,$GLGSV,88,,38
2026-06-02T17:18:03.126583,$GLGSV,66,,32
2026-06-02T17:18:03.126583,$GLGSV,67,,16
2026-06-02T17:18:03.126583,$GLGSV,75,,15
2026-06-02T17:18:03.126583,$GLGSV,76,,36
2026-06-02T17:18:03.127095,$GLGSV,81,,34
2026-06-02T17:18:03.127095,$GLGSV,88,,39
2026-06-02T17:18:03.128224,$GAGSV,04,,35
2026-06-02T17:18:03.128224,$GAGSV,05,,29
2026-06-02T17:18:03.128224,$GAGSV,06,,38
2026-06-02T17:18:03.128224,$GAGSV,09,,38
2026-06-02T17:18:03.128947,$GAGSV,10,,39
2026-06-02T17:18:03.128947,$GAGSV,11,,36
2026-06-02T17:18:03.128947,$GAGSV,12,,33
2026-06-02T17:18:03.128947,$GAGSV,36,,26
2026-06-02T17:18:03.129749,$GAGSV,04,,37
2026-06-02T17:18:03.129749,$GAGSV,05,,25
2026-06-02T17:18:03.129749,$GAGSV,06,,40
2026-06-02T17:18:03.129749,$GAGSV,09,,40
2026-06-02T17:18:03.130525,$GAGSV,10,,40
2026-06-02T17:18:03.130525,$GAGSV,11,,36
2026-06-02T17:18:03.130525,$GAGSV,12,,36
2026-06-02T17:18:03.130525,$GAGSV,36,,24
2026-06-02T17:18:03.131888,$GBGSV,06,,40
2026-06-02T17:18:03.131888,$GBGSV,07,,41
2026-06-02T17:18:03.131888,$GBGSV,08,,34
2026-06-02T17:18:03.131888,$GBGSV,09,,38
2026-06-02T17:18:03.132625,$GBGSV,10,,41
2026-06-02T17:18:03.132625,$GBGSV,13,,40
2026-06-02T17:18:03.132625,$GBGSV,14,,35
2026-06-02T17:18:03.132625,$GBGSV,34,,38
2026-06-02T17:18:03.133158,$GBGSV,09,,31
2026-06-02T17:18:03.133158,$GBGSV,10,,37
2026-06-02T17:18:04.120852,$GPGSV,10,,26
2026-06-02T17:18:04.120852,$GPGSV,13,,28
2026-06-02T17:18:04.120852,$GPGSV,18,,41
2026-06-02T17:18:04.120852,$GPGSV,23,,38
2026-06-02T17:18:04.121583,$GPGSV,24,,35
2026-06-02T17:18:04.121583,$GPGSV,29,,33
2026-06-02T17:18:04.121583,$GPGSV,32,,35
2026-06-02T17:18:04.121583,$GPGSV,41,,40
2026-06-02T17:18:04.122108,$GPGSV,42,,39
2026-06-02T17:18:04.122108,$GPGSV,50,,38
2026-06-02T17:18:04.122816,$GPGSV,10,,20
2026-06-02T17:18:04.122816,$GPGSV,18,,41
2026-06-02T17:18:04.122816,$GPGSV,23,,35
2026-06-02T17:18:04.122816,$GPGSV,24,,31
2026-06-02T17:18:04.123229,$GPGSV,32,,30
2026-06-02T17:18:04.125091,$GLGSV,65,,20
2026-06-02T17:18:04.125091,$GLGSV,66,,27
2026-06-02T17:18:04.125091,$GLGSV,76,,41
2026-06-02T17:18:04.125091,$GLGSV,81,,28
2026-06-02T17:18:04.125612,$GLGSV,87,,32
2026-06-02T17:18:04.125612,$GLGSV,88,,40
2026-06-02T17:18:04.126807,$GLGSV,66,,34
2026-06-02T17:18:04.126807,$GLGSV,67,,17
2026-06-02T17:18:04.126807,$GLGSV,75,,16
2026-06-02T17:18:04.126807,$GLGSV,76,,38
2026-06-02T17:18:04.127410,$GLGSV,81,,23
2026-06-02T17:18:04.127410,$GLGSV,88,,37
2026-06-02T17:18:04.128463,$GAGSV,04,,34
2026-06-02T17:18:04.128463,$GAGSV,05,,29
2026-06-02T17:18:04.128463,$GAGSV,06,,38
2026-06-02T17:18:04.128463,$GAGSV,09,,32
2026-06-02T17:18:04.129147,$GAGSV,10,,38
2026-06-02T17:18:04.129147,$GAGSV,11,,34
2026-06-02T17:18:04.129147,$GAGSV,12,,33
2026-06-02T17:18:04.129147,$GAGSV,36,,25
2026-06-02T17:18:04.129857,$GAGSV,04,,37
2026-06-02T17:18:04.129857,$GAGSV,05,,30
2026-06-02T17:18:04.129857,$GAGSV,06,,39
2026-06-02T17:18:04.129857,$GAGSV,09,,36
2026-06-02T17:18:04.130552,$GAGSV,10,,39
2026-06-02T17:18:04.130552,$GAGSV,11,,36
2026-06-02T17:18:04.130552,$GAGSV,12,,32
2026-06-02T17:18:04.130552,$GAGSV,36,,25
2026-06-02T17:18:04.132005,$GBGSV,06,,40
2026-06-02T17:18:04.132005,$GBGSV,07,,41
2026-06-02T17:18:04.132005,$GBGSV,08,,30
2026-06-02T17:18:04.132005,$GBGSV,09,,38
2026-06-02T17:18:04.132708,$GBGSV,10,,39
2026-06-02T17:18:04.132708,$GBGSV,13,,36
2026-06-02T17:18:04.132708,$GBGSV,14,,37
2026-06-02T17:18:04.132708,$GBGSV,34,,39
2026-06-02T17:18:04.133196,$GBGSV,09,,31
2026-06-02T17:18:04.133196,$GBGSV,10,,36
2026-06-02T17:18:05.121472,$GPGSV,10,,31
2026-06-02T17:18:05.121472,$GPGSV,13,,28
2026-06-02T17:18:05.121472,$GPGSV,18,,43
2026-06-02T17:18:05.121472,$GPGSV,23,,41
2026-06-02T17:18:05.122401,$GPGSV,24,,36
2026-06-02T17:18:05.122401,$GPGSV,29,,33
2026-06-02T17:18:05.122401,$GPGSV,32,,31
2026-06-02T17:18:05.122401,$GPGSV,41,,38
2026-06-02T17:18:05.123114,$GPGSV,42,,41
2026-06-02T17:18:05.123114,$GPGSV,50,,38
2026-06-02T17:18:05.123987,$GPGSV,10,,28
2026-06-02T17:18:05.123987,$GPGSV,18,,41
2026-06-02T17:18:05.123987,$GPGSV,23,,35
2026-06-02T17:18:05.123987,$GPGSV,24,,32
2026-06-02T17:18:05.124820,$GPGSV,32,,31
2026-06-02T17:18:05.127983,$GLGSV,65,,19
2026-06-02T17:18:05.127983,$GLGSV,66,,26
2026-06-02T17:18:05.127983,$GLGSV,76,,40
2026-06-02T17:18:05.127983,$GLGSV,81,,28
2026-06-02T17:18:05.128841,$GLGSV,87,,35
2026-06-02T17:18:05.128841,$GLGSV,88,,39
2026-06-02T17:18:05.130123,$GLGSV,66,,25
2026-06-02T17:18:05.130123,$GLGSV,67,,18
2026-06-02T17:18:05.130123,$GLGSV,75,,15
2026-06-02T17:18:05.130123,$GLGSV,76,,38
2026-06-02T17:18:05.130975,$GLGSV,81,,23
2026-06-02T17:18:05.130975,$GLGSV,88,,39
2026-06-02T17:18:05.132913,$GAGSV,04,,34
2026-06-02T17:18:05.132913,$GAGSV,05,,19
2026-06-02T17:18:05.132913,$GAGSV,06,,38
2026-06-02T17:18:05.132913,$GAGSV,09,,33
2026-06-02T17:18:05.134143,$GAGSV,10,,39
2026-06-02T17:18:05.134143,$GAGSV,11,,34
2026-06-02T17:18:05.134143,$GAGSV,12,,33
2026-06-02T17:18:05.134143,$GAGSV,36,,26
2026-06-02T17:18:05.135322,$GAGSV,04,,35
2026-06-02T17:18:05.135322,$GAGSV,05,,34
2026-06-02T17:18:05.135322,$GAGSV,06,,40
2026-06-02T17:18:05.135322,$GAGSV,09,,34
2026-06-02T17:18:05.136174,$GAGSV,10,,39
2026-06-02T17:18:05.136174,$GAGSV,11,,37
2026-06-02T17:18:05.136174,$GAGSV,12,,34
2026-06-02T17:18:05.136174,$GAGSV,36,,27
2026-06-02T17:18:05.137479,$GBGSV,06,,39
2026-06-02T17:18:05.137479,$GBGSV,07,,42
2026-06-02T17:18:05.137479,$GBGSV,08,,32
2026-06-02T17:18:05.137479,$GBGSV,09,,38
2026-06-02T17:18:05.138182,$GBGSV,10,,41
2026-06-02T17:18:05.138182,$GBGSV,13,,31
2026-06-02T17:18:05.138182,$GBGSV,14,,38
2026-06-02T17:18:05.138182,$GBGSV,34,,39
2026-06-02T17:18:05.138687,$GBGSV,09,,32
2026-06-02T17:18:05.138687,$GBGSV,10,,35
2026-06-02T17:18:06.119976,$GPGSV,10,,26
2026-06-02T17:18:06.119976,$GPGSV,13,,27
2026-06-02T17:18:06.119976,$GPGSV,18,,42
2026-06-02T17:18:06.119976,$GPGSV,23,,40
2026-06-02T17:18:06.120715,$GPGSV,24,,38
2026-06-02T17:18:06.120715,$GPGSV,29,,33
2026-06-02T17:18:06.120715,$GPGSV,32,,34
2026-06-02T17:18:06.120715,$GPGSV,41,,43
2026-06-02T17:18:06.121241,$GPGSV,42,,37
2026-06-02T17:18:06.121241,$GPGSV,50,,37
2026-06-02T17:18:06.121978,$GPGSV,10,,26
2026-06-02T17:18:06.121978,$GPGSV,18,,41
2026-06-02T17:18:06.121978,$GPGSV,23,,34
2026-06-02T17:18:06.121978,$GPGSV,24,,35
2026-06-02T17:18:06.122392,$GPGSV,32,,30
2026-06-02T17:18:06.124285,$GLGSV,65,,17
2026-06-02T17:18:06.124285,$GLGSV,66,,31
2026-06-02T17:18:06.124285,$GLGSV,76,,39
2026-06-02T17:18:06.124285,$GLGSV,81,,28
2026-06-02T17:18:06.124793,$GLGSV,87,,35
2026-06-02T17:18:06.124793,$GLGSV,88,,41
2026-06-02T17:18:06.125496,$GLGSV,66,,25
2026-06-02T17:18:06.125496,$GLGSV,67,,17
2026-06-02T17:18:06.125496,$GLGSV,75,,15
2026-06-02T17:18:06.125496,$GLGSV,76,,36
2026-06-02T17:18:06.126014,$GLGSV,81,,34
2026-06-02T17:18:06.126014,$GLGSV,88,,43
2026-06-02T17:18:06.127111,$GAGSV,04,,35
2026-06-02T17:18:06.127111,$GAGSV,05,,34
2026-06-02T17:18:06.127111,$GAGSV,06,,38
2026-06-02T17:18:06.127111,$GAGSV,09,,36
2026-06-02T17:18:06.127813,$GAGSV,10,,40
2026-06-02T17:18:06.127813,$GAGSV,11,,35
2026-06-02T17:18:06.127813,$GAGSV,12,,34
2026-06-02T17:18:06.127813,$GAGSV,36,,26
2026-06-02T17:18:06.128575,$GAGSV,04,,38
2026-06-02T17:18:06.128575,$GAGSV,05,,30
2026-06-02T17:18:06.128575,$GAGSV,06,,40
2026-06-02T17:18:06.128575,$GAGSV,09,,37
2026-06-02T17:18:06.129435,$GAGSV,10,,41
2026-06-02T17:18:06.129435,$GAGSV,11,,37
2026-06-02T17:18:06.129435,$GAGSV,12,,35
2026-06-02T17:18:06.129435,$GAGSV,36,,26
2026-06-02T17:18:06.130807,$GBGSV,06,,36
2026-06-02T17:18:06.130807,$GBGSV,07,,40
2026-06-02T17:18:06.130807,$GBGSV,08,,36
2026-06-02T17:18:06.130807,$GBGSV,09,,37
2026-06-02T17:18:06.131496,$GBGSV,10,,41
2026-06-02T17:18:06.131496,$GBGSV,13,,35
2026-06-02T17:18:06.131496,$GBGSV,14,,36
2026-06-02T17:18:06.131496,$GBGSV,34,,39
2026-06-02T17:18:06.131985,$GBGSV,09,,35
2026-06-02T17:18:06.131985,$GBGSV,10,,36
2026-06-02T17:18:07.127320,$GPGSV,10,,25
2026-06-02T17:18:07.127320,$GPGSV,13,,13
2026-06-02T17:18:07.127320,$GPGSV,18,,42
2026-06-02T17:18:07.127320,$GPGSV,23,,39
2026-06-02T17:18:07.129551,$GPGSV,24,,36
2026-06-02T17:18:07.129551,$GPGSV,29,,30
2026-06-02T17:18:07.129551,$GPGSV,32,,23
2026-06-02T17:18:07.129551,$GPGSV,41,,41
2026-06-02T17:18:07.131167,$GPGSV,42,,39
2026-06-02T17:18:07.131167,$GPGSV,50,,36
2026-06-02T17:18:07.133427,$GPGSV,10,,24
2026-06-02T17:18:07.133427,$GPGSV,18,,39
2026-06-02T17:18:07.133427,$GPGSV,23,,33
2026-06-02T17:18:07.133427,$GPGSV,24,,34
2026-06-02T17:18:07.134757,$GPGSV,32,,21
2026-06-02T17:18:07.140582,$GLGSV,65,,15
2026-06-02T17:18:07.140582,$GLGSV,66,,26
2026-06-02T17:18:07.140582,$GLGSV,76,,37
2026-06-02T17:18:07.140582,$GLGSV,81,,32
2026-06-02T17:18:07.142177,$GLGSV,87,,34
2026-06-02T17:18:07.142177,$GLGSV,88,,43
2026-06-02T17:18:07.143599,$GLGSV,66,,31
2026-06-02T17:18:07.143599,$GLGSV,67,,17
2026-06-02T17:18:07.143599,$GLGSV,75,,16
2026-06-02T17:18:07.143599,$GLGSV,76,,33
2026-06-02T17:18:07.144534,$GLGSV,81,,30
2026-06-02T17:18:07.144534,$GLGSV,88,,39
2026-06-02T17:18:07.146167,$GAGSV,04,,35
2026-06-02T17:18:07.146167,$GAGSV,05,,30
2026-06-02T17:18:07.146167,$GAGSV,06,,38
2026-06-02T17:18:07.146167,$GAGSV,09,,36
2026-06-02T17:18:07.147244,$GAGSV,10,,40
2026-06-02T17:18:07.147244,$GAGSV,11,,35
2026-06-02T17:18:07.147244,$GAGSV,12,,32
2026-06-02T17:18:07.147244,$GAGSV,36,,25
2026-06-02T17:18:07.148690,$GAGSV,04,,37
2026-06-02T17:18:07.148690,$GAGSV,05,,26
2026-06-02T17:18:07.148690,$GAGSV,06,,38
2026-06-02T17:18:07.148690,$GAGSV,09,,41
2026-06-02T17:18:07.149771,$GAGSV,10,,39
2026-06-02T17:18:07.149771,$GAGSV,11,,36
2026-06-02T17:18:07.149771,$GAGSV,12,,35
2026-06-02T17:18:07.149771,$GAGSV,36,,25
2026-06-02T17:18:07.151371,$GBGSV,06,,38
2026-06-02T17:18:07.151371,$GBGSV,07,,42
2026-06-02T17:18:07.151371,$GBGSV,08,,34
2026-06-02T17:18:07.151371,$GBGSV,09,,37
2026-06-02T17:18:07.152215,$GBGSV,10,,40
2026-06-02T17:18:07.152215,$GBGSV,13,,40
2026-06-02T17:18:07.152215,$GBGSV,14,,36
2026-06-02T17:18:07.152215,$GBGSV,34,,41
2026-06-02T17:18:07.152875,$GBGSV,09,,34
2026-06-02T17:18:07.152875,$GBGSV,10,,36
2026-06-02T17:18:08.123072,$GPGSV,10,,25
2026-06-02T17:18:08.123072,$GPGSV,13,,17
2026-06-02T17:18:08.123072,$GPGSV,18,,42
2026-06-02T17:18:08.123072,$GPGSV,23,,41
2026-06-02T17:18:08.126662,$GPGSV,24,,36
2026-06-02T17:18:08.126662,$GPGSV,29,,31
2026-06-02T17:18:08.126662,$GPGSV,32,,30
2026-06-02T17:18:08.126662,$GPGSV,41,,44
2026-06-02T17:18:08.129308,$GPGSV,42,,41
2026-06-02T17:18:08.129308,$GPGSV,50,,38
2026-06-02T17:18:08.131644,$GPGSV,10,,22
2026-06-02T17:18:08.131644,$GPGSV,18,,41
2026-06-02T17:18:08.131644,$GPGSV,23,,33
2026-06-02T17:18:08.131644,$GPGSV,24,,34
2026-06-02T17:18:08.132935,$GPGSV,32,,30
2026-06-02T17:18:08.139962,$GLGSV,65,,16
2026-06-02T17:18:08.139962,$GLGSV,66,,27
2026-06-02T17:18:08.139962,$GLGSV,76,,37
2026-06-02T17:18:08.139962,$GLGSV,81,,27
2026-06-02T17:18:08.140989,$GLGSV,87,,30
2026-06-02T17:18:08.140989,$GLGSV,88,,35
2026-06-02T17:18:08.142427,$GLGSV,66,,34
2026-06-02T17:18:08.142427,$GLGSV,67,,18
2026-06-02T17:18:08.142427,$GLGSV,75,,17
2026-06-02T17:18:08.142427,$GLGSV,76,,36
2026-06-02T17:18:08.143436,$GLGSV,81,,22
2026-06-02T17:18:08.143436,$GLGSV,88,,37
2026-06-02T17:18:08.145233,$GAGSV,04,,36
2026-06-02T17:18:08.145233,$GAGSV,05,,29
2026-06-02T17:18:08.145233,$GAGSV,06,,39
2026-06-02T17:18:08.145233,$GAGSV,09,,38
2026-06-02T17:18:08.146539,$GAGSV,10,,39
2026-06-02T17:18:08.146539,$GAGSV,11,,35
2026-06-02T17:18:08.146539,$GAGSV,12,,32
2026-06-02T17:18:08.146539,$GAGSV,36,,23
2026-06-02T17:18:08.147592,$GAGSV,04,,35
2026-06-02T17:18:08.147592,$GAGSV,05,,32
2026-06-02T17:18:08.147592,$GAGSV,06,,36
2026-06-02T17:18:08.147592,$GAGSV,09,,39
2026-06-02T17:18:08.148628,$GAGSV,10,,39
2026-06-02T17:18:08.148628,$GAGSV,11,,36
2026-06-02T17:18:08.148628,$GAGSV,12,,36
2026-06-02T17:18:08.148628,$GAGSV,36,,22
2026-06-02T17:18:08.150313,$GBGSV,06,,41
2026-06-02T17:18:08.150313,$GBGSV,07,,41
2026-06-02T17:18:08.150313,$GBGSV,08,,34
2026-06-02T17:18:08.150313,$GBGSV,09,,36
2026-06-02T17:18:08.151138,$GBGSV,10,,42
2026-06-02T17:18:08.151138,$GBGSV,13,,39
2026-06-02T17:18:08.151138,$GBGSV,14,,36
2026-06-02T17:18:08.151138,$GBGSV,34,,38
2026-06-02T17:18:08.151722,$GBGSV,09,,34
2026-06-02T17:18:08.151722,$GBGSV,10,,37
2026-06-02T17:18:09.120261,$GPGSV,10,,27
2026-06-02T17:18:09.120261,$GPGSV,13,,19
2026-06-02T17:18:09.120261,$GPGSV,18,,42
2026-06-02T17:18:09.120261,$GPGSV,23,,39
2026-06-02T17:18:09.121003,$GPGSV,24,,37
2026-06-02T17:18:09.121003,$GPGSV,29,,31
2026-06-02T17:18:09.121003,$GPGSV,32,,32
2026-06-02T17:18:09.121003,$GPGSV,41,,35
2026-06-02T17:18:09.121518,$GPGSV,42,,41
2026-06-02T17:18:09.121518,$GPGSV,50,,36
2026-06-02T17:18:09.122246,$GPGSV,10,,23
2026-06-02T17:18:09.122246,$GPGSV,18,,41
2026-06-02T17:18:09.122246,$GPGSV,23,,33
2026-06-02T17:18:09.122246,$GPGSV,24,,34
2026-06-02T17:18:09.122659,$GPGSV,32,,36
2026-06-02T17:18:09.124515,$GLGSV,65,,16
2026-06-02T17:18:09.124515,$GLGSV,66,,32
2026-06-02T17:18:09.124515,$GLGSV,76,,37
2026-06-02T17:18:09.124515,$GLGSV,81,,25
2026-06-02T17:18:09.125195,$GLGSV,87,,31
2026-06-02T17:18:09.125195,$GLGSV,88,,38
2026-06-02T17:18:09.126075,$GLGSV,66,,31
2026-06-02T17:18:09.126075,$GLGSV,67,,17
2026-06-02T17:18:09.126075,$GLGSV,75,,17
2026-06-02T17:18:09.126075,$GLGSV,76,,36
2026-06-02T17:18:09.127716,$GLGSV,81,,24
2026-06-02T17:18:09.127716,$GLGSV,88,,34
2026-06-02T17:18:09.128791,$GAGSV,04,,35
2026-06-02T17:18:09.128791,$GAGSV,05,,20
2026-06-02T17:18:09.128791,$GAGSV,06,,38
2026-06-02T17:18:09.128791,$GAGSV,09,,39
2026-06-02T17:18:09.129480,$GAGSV,10,,39
2026-06-02T17:18:09.129480,$GAGSV,11,,34
2026-06-02T17:18:09.129480,$GAGSV,12,,31
2026-06-02T17:18:09.129480,$GAGSV,36,,21
2026-06-02T17:18:09.130202,$GAGSV,04,,35
2026-06-02T17:18:09.130202,$GAGSV,05,,25
2026-06-02T17:18:09.130202,$GAGSV,06,,38
2026-06-02T17:18:09.130202,$GAGSV,09,,39
2026-06-02T17:18:09.130916,$GAGSV,10,,39
2026-06-02T17:18:09.130916,$GAGSV,11,,38
2026-06-02T17:18:09.130916,$GAGSV,12,,35
2026-06-02T17:18:09.130916,$GAGSV,36,,22
2026-06-02T17:18:09.132256,$GBGSV,06,,40
2026-06-02T17:18:09.132256,$GBGSV,07,,41
2026-06-02T17:18:09.132256,$GBGSV,08,,36
2026-06-02T17:18:09.132256,$GBGSV,09,,35
2026-06-02T17:18:09.133051,$GBGSV,10,,41
2026-06-02T17:18:09.133051,$GBGSV,13,,37
2026-06-02T17:18:09.133051,$GBGSV,14,,35
2026-06-02T17:18:09.133051,$GBGSV,34,,37
2026-06-02T17:18:09.133704,$GBGSV,09,,34
2026-06-02T17:18:09.133704,$GBGSV,10,,36
2026-06-02T17:18:10.119350,$GPGSV,10,,28
2026-06-02T17:18:10.119350,$GPGSV,13,,21
2026-06-02T17:18:10.119350,$GPGSV,18,,40
2026-06-02T17:18:10.119350,$GPGSV,23,,39
2026-06-02T17:18:10.120088,$GPGSV,24,,38
2026-06-02T17:18:10.120088,$GPGSV,29,,30
2026-06-02T17:18:10.120088,$GPGSV,32,,38
2026-06-02T17:18:10.120088,$GPGSV,41,,37
2026-06-02T17:18:10.120611,$GPGSV,42,,40
2026-06-02T17:18:10.120611,$GPGSV,50,,39
2026-06-02T17:18:10.121333,$GPGSV,10,,23
2026-06-02T17:18:10.121333,$GPGSV,18,,41
2026-06-02T17:18:10.121333,$GPGSV,23,,34
2026-06-02T17:18:10.121333,$GPGSV,24,,34
2026-06-02T17:18:10.121752,$GPGSV,32,,36
2026-06-02T17:18:10.123640,$GLGSV,65,,17
2026-06-02T17:18:10.123640,$GLGSV,66,,31
2026-06-02T17:18:10.123640,$GLGSV,76,,37
2026-06-02T17:18:10.123640,$GLGSV,81,,26
2026-06-02T17:18:10.124396,$GLGSV,87,,35
2026-06-02T17:18:10.124396,$GLGSV,88,,44
2026-06-02T17:18:10.125206,$GLGSV,66,,24
2026-06-02T17:18:10.125206,$GLGSV,67,,17
2026-06-02T17:18:10.125206,$GLGSV,75,,17
2026-06-02T17:18:10.125206,$GLGSV,76,,38
2026-06-02T17:18:10.125731,$GLGSV,81,,25
2026-06-02T17:18:10.125731,$GLGSV,88,,41
2026-06-02T17:18:10.126774,$GAGSV,04,,34
2026-06-02T17:18:10.126774,$GAGSV,05,,20
2026-06-02T17:18:10.126774,$GAGSV,06,,35
2026-06-02T17:18:10.126774,$GAGSV,09,,37
2026-06-02T17:18:10.127458,$GAGSV,10,,39
2026-06-02T17:18:10.127458,$GAGSV,11,,34
2026-06-02T17:18:10.127458,$GAGSV,12,,31
2026-06-02T17:18:10.127458,$GAGSV,36,,22
2026-06-02T17:18:10.128137,$GAGSV,04,,36
2026-06-02T17:18:10.128137,$GAGSV,05,,26
2026-06-02T17:18:10.128137,$GAGSV,06,,38
2026-06-02T17:18:10.128137,$GAGSV,09,,41
2026-06-02T17:18:10.128828,$GAGSV,10,,41
2026-06-02T17:18:10.128828,$GAGSV,11,,36
2026-06-02T17:18:10.128828,$GAGSV,12,,35
2026-06-02T17:18:10.128828,$GAGSV,36,,29
2026-06-02T17:18:10.130115,$GBGSV,06,,36
2026-06-02T17:18:10.130115,$GBGSV,07,,40
2026-06-02T17:18:10.130115,$GBGSV,08,,34
2026-06-02T17:18:10.130115,$GBGSV,09,,36
2026-06-02T17:18:10.130794,$GBGSV,10,,39
2026-06-02T17:18:10.130794,$GBGSV,13,,38
2026-06-02T17:18:10.130794,$GBGSV,14,,35
2026-06-02T17:18:10.130794,$GBGSV,34,,39
2026-06-02T17:18:10.131277,$GBGSV,09,,32
2026-06-02T17:18:10.131277,$GBGSV,10,,35
2026-06-02T17:18:11.127501,$GPGSV,10,,32
2026-06-02T17:18:11.127501,$GPGSV,13,,18
2026-06-02T17:18:11.127501,$GPGSV,18,,42
2026-06-02T17:18:11.127501,$GPGSV,23,,38
2026-06-02T17:18:11.129766,$GPGSV,24,,38
2026-06-02T17:18:11.129766,$GPGSV,29,,31
2026-06-02T17:18:11.129766,$GPGSV,32,,36
2026-06-02T17:18:11.129766,$GPGSV,41,,39
2026-06-02T17:18:11.131320,$GPGSV,42,,38
2026-06-02T17:18:11.131320,$GPGSV,50,,38
2026-06-02T17:18:11.133557,$GPGSV,10,,23
2026-06-02T17:18:11.133557,$GPGSV,18,,40
2026-06-02T17:18:11.133557,$GPGSV,23,,35
2026-06-02T17:18:11.133557,$GPGSV,24,,31
2026-06-02T17:18:11.134926,$GPGSV,32,,33
2026-06-02T17:18:11.140300,$GLGSV,65,,18
2026-06-02T17:18:11.140300,$GLGSV,66,,32
2026-06-02T17:18:11.140300,$GLGSV,76,,37
2026-06-02T17:18:11.140300,$GLGSV,81,,31
2026-06-02T17:18:11.141353,$GLGSV,87,,32
2026-06-02T17:18:11.141353,$GLGSV,88,,40
2026-06-02T17:18:11.142934,$GLGSV,66,,31
2026-06-02T17:18:11.142934,$GLGSV,67,,16
2026-06-02T17:18:11.142934,$GLGSV,75,,16
2026-06-02T17:18:11.142934,$GLGSV,76,,37
2026-06-02T17:18:11.143982,$GLGSV,81,,27
2026-06-02T17:18:11.143982,$GLGSV,88,,38
2026-06-02T17:18:11.145663,$GAGSV,04,,34
2026-06-02T17:18:11.145663,$GAGSV,05,,22
2026-06-02T17:18:11.145663,$GAGSV,06,,34
2026-06-02T17:18:11.145663,$GAGSV,09,,34
2026-06-02T17:18:11.146496,$GAGSV,10,,38
2026-06-02T17:18:11.146496,$GAGSV,11,,34
2026-06-02T17:18:11.146496,$GAGSV,12,,31
2026-06-02T17:18:11.146496,$GAGSV,36,,26
2026-06-02T17:18:11.147111,$GAGSV,04,,36
2026-06-02T17:18:11.147111,$GAGSV,05,,28
2026-06-02T17:18:11.147111,$GAGSV,06,,40
2026-06-02T17:18:11.147111,$GAGSV,09,,35
2026-06-02T17:18:11.147750,$GAGSV,10,,40
2026-06-02T17:18:11.147750,$GAGSV,11,,36
2026-06-02T17:18:11.147750,$GAGSV,12,,34
2026-06-02T17:18:11.147750,$GAGSV,36,,30
2026-06-02T17:18:11.148935,$GBGSV,06,,38
2026-06-02T17:18:11.148935,$GBGSV,07,,39
2026-06-02T17:18:11.148935,$GBGSV,08,,36
2026-06-02T17:18:11.148935,$GBGSV,09,,36
2026-06-02T17:18:11.149539,$GBGSV,10,,38
2026-06-02T17:18:11.149539,$GBGSV,13,,39
2026-06-02T17:18:11.149539,$GBGSV,14,,36
2026-06-02T17:18:11.149539,$GBGSV,34,,34
2026-06-02T17:18:11.149996,$GBGSV,09,,32
2026-06-02T17:18:11.149996,$GBGSV,10,,35
2026-06-02T17:18:12.128097,$GPGSV,10,,39
2026-06-02T17:18:12.128097,$GPGSV,13,,17
2026-06-02T17:18:12.128097,$GPGSV,18,,43
2026-06-02T17:18:12.128097,$GPGSV,23,,38
2026-06-02T17:18:12.130442,$GPGSV,24,,38
2026-06-02T17:18:12.130442,$GPGSV,29,,30
2026-06-02T17:18:12.130442,$GPGSV,32,,40
2026-06-02T17:18:12.130442,$GPGSV,41,,43
2026-06-02T17:18:12.132073,$GPGSV,42,,39
2026-06-02T17:18:12.132073,$GPGSV,50,,36
2026-06-02T17:18:12.134350,$GPGSV,10,,32
2026-06-02T17:18:12.134350,$GPGSV,18,,40
2026-06-02T17:18:12.134350,$GPGSV,23,,36
2026-06-02T17:18:12.134350,$GPGSV,24,,33
2026-06-02T17:18:12.135622,$GPGSV,32,,33
2026-06-02T17:18:12.141619,$GLGSV,65,,19
2026-06-02T17:18:12.141619,$GLGSV,66,,31
2026-06-02T17:18:12.141619,$GLGSV,76,,36
2026-06-02T17:18:12.141619,$GLGSV,81,,33
2026-06-02T17:18:12.143290,$GLGSV,87,,33
2026-06-02T17:18:12.143290,$GLGSV,88,,42
2026-06-02T17:18:12.144970,$GLGSV,66,,26
2026-06-02T17:18:12.144970,$GLGSV,67,,16
2026-06-02T17:18:12.144970,$GLGSV,75,,17
2026-06-02T17:18:12.144970,$GLGSV,76,,34
2026-06-02T17:18:12.146035,$GLGSV,81,,26
2026-06-02T17:18:12.146035,$GLGSV,88,,41
2026-06-02T17:18:12.148218,$GAGSV,04,,35
2026-06-02T17:18:12.148218,$GAGSV,05,,24
2026-06-02T17:18:12.148218,$GAGSV,06,,35
2026-06-02T17:18:12.148218,$GAGSV,09,,28
2026-06-02T17:18:12.149515,$GAGSV,10,,38
2026-06-02T17:18:12.149515,$GAGSV,11,,34
2026-06-02T17:18:12.149515,$GAGSV,12,,32
2026-06-02T17:18:12.149515,$GAGSV,36,,35
2026-06-02T17:18:12.150616,$GAGSV,04,,36
2026-06-02T17:18:12.150616,$GAGSV,05,,28
2026-06-02T17:18:12.150616,$GAGSV,06,,39
2026-06-02T17:18:12.150616,$GAGSV,09,,36
2026-06-02T17:18:12.151775,$GAGSV,10,,40
2026-06-02T17:18:12.151775,$GAGSV,11,,36
2026-06-02T17:18:12.151775,$GAGSV,12,,34
2026-06-02T17:18:12.151775,$GAGSV,36,,37
2026-06-02T17:18:12.153813,$GBGSV,06,,38
2026-06-02T17:18:12.153813,$GBGSV,07,,42
2026-06-02T17:18:12.153813,$GBGSV,08,,34
2026-06-02T17:18:12.153813,$GBGSV,09,,36
2026-06-02T17:18:12.154692,$GBGSV,10,,40
2026-06-02T17:18:12.154692,$GBGSV,13,,32
2026-06-02T17:18:12.154692,$GBGSV,14,,35
2026-06-02T17:18:12.154692,$GBGSV,34,,37
2026-06-02T17:18:12.155295,$GBGSV,09,,31
2026-06-02T17:18:12.155295,$GBGSV,10,,35
2026-06-02T17:18:13.131132,$GPGSV,10,,35
2026-06-02T17:18:13.131132,$GPGSV,13,,11
2026-06-02T17:18:13.131132,$GPGSV,18,,43
2026-06-02T17:18:13.131132,$GPGSV,23,,38
2026-06-02T17:18:13.133455,$GPGSV,24,,40
2026-06-02T17:18:13.133455,$GPGSV,29,,29
2026-06-02T17:18:13.133455,$GPGSV,32,,38
2026-06-02T17:18:13.133455,$GPGSV,41,,43
2026-06-02T17:18:13.135175,$GPGSV,42,,40
2026-06-02T17:18:13.135175,$GPGSV,50,,35
2026-06-02T17:18:13.136493,$GPGSV,29,,28
2026-06-02T17:18:13.138722,$GPGSV,10,,31
2026-06-02T17:18:13.138722,$GPGSV,18,,41
2026-06-02T17:18:13.138722,$GPGSV,23,,36
2026-06-02T17:18:13.138722,$GPGSV,24,,32
2026-06-02T17:18:13.139989,$GPGSV,32,,34
2026-06-02T17:18:13.145228,$GLGSV,65,,17
2026-06-02T17:18:13.145228,$GLGSV,66,,37
2026-06-02T17:18:13.145228,$GLGSV,76,,34
2026-06-02T17:18:13.145228,$GLGSV,81,,32
2026-06-02T17:18:13.146339,$GLGSV,87,,34
2026-06-02T17:18:13.146339,$GLGSV,88,,42
2026-06-02T17:18:13.147772,$GLGSV,66,,36
2026-06-02T17:18:13.147772,$GLGSV,67,,17
2026-06-02T17:18:13.147772,$GLGSV,75,,17
2026-06-02T17:18:13.147772,$GLGSV,76,,34
2026-06-02T17:18:13.148828,$GLGSV,81,,32
2026-06-02T17:18:13.148828,$GLGSV,88,,42
2026-06-02T17:18:13.150544,$GAGSV,04,,36
2026-06-02T17:18:13.150544,$GAGSV,05,,25
2026-06-02T17:18:13.150544,$GAGSV,06,,37
2026-06-02T17:18:13.150544,$GAGSV,09,,29
2026-06-02T17:18:13.151738,$GAGSV,10,,38
2026-06-02T17:18:13.151738,$GAGSV,11,,34
2026-06-02T17:18:13.151738,$GAGSV,12,,34
2026-06-02T17:18:13.151738,$GAGSV,36,,33
2026-06-02T17:18:13.152984,$GAGSV,04,,36
2026-06-02T17:18:13.152984,$GAGSV,05,,26
2026-06-02T17:18:13.152984,$GAGSV,06,,39
2026-06-02T17:18:13.152984,$GAGSV,09,,36
2026-06-02T17:18:13.154201,$GAGSV,10,,39
2026-06-02T17:18:13.154201,$GAGSV,11,,36
2026-06-02T17:18:13.154201,$GAGSV,12,,34
2026-06-02T17:18:13.154201,$GAGSV,36,,37
2026-06-02T17:18:13.155955,$GBGSV,06,,36
2026-06-02T17:18:13.155955,$GBGSV,07,,42
2026-06-02T17:18:13.155955,$GBGSV,08,,34
2026-06-02T17:18:13.155955,$GBGSV,09,,37
2026-06-02T17:18:13.156922,$GBGSV,10,,39
2026-06-02T17:18:13.156922,$GBGSV,13,,28
2026-06-02T17:18:13.156922,$GBGSV,14,,36
2026-06-02T17:18:13.156922,$GBGSV,34,,36
2026-06-02T17:18:13.157543,$GBGSV,09,,32
2026-06-02T17:18:13.157543,$GBGSV,10,,36
2026-06-02T17:18:14.129726,$GPGSV,10,,33
2026-06-02T17:18:14.129726,$GPGSV,13,,11
2026-06-02T17:18:14.129726,$GPGSV,18,,42
2026-06-02T17:18:14.129726,$GPGSV,23,,38
2026-06-02T17:18:14.132159,$GPGSV,24,,38
2026-06-02T17:18:14.132159,$GPGSV,29,,30
2026-06-02T17:18:14.132159,$GPGSV,32,,36
2026-06-02T17:18:14.132159,$GPGSV,41,,41
2026-06-02T17:18:14.133989,$GPGSV,42,,41
2026-06-02T17:18:14.133989,$GPGSV,50,,35
2026-06-02T17:18:14.136331,$GPGSV,10,,29
2026-06-02T17:18:14.136331,$GPGSV,18,,42
2026-06-02T17:18:14.136331,$GPGSV,23,,36
2026-06-02T17:18:14.136331,$GPGSV,24,,32
2026-06-02T17:18:14.138106,$GPGSV,29,,26
2026-06-02T17:18:14.138106,$GPGSV,32,,30
2026-06-02T17:18:14.144679,$GLGSV,65,,16
2026-06-02T17:18:14.144679,$GLGSV,66,,34
2026-06-02T17:18:14.144679,$GLGSV,76,,30
2026-06-02T17:18:14.144679,$GLGSV,81,,29
2026-06-02T17:18:14.146074,$GLGSV,87,,34
2026-06-02T17:18:14.146074,$GLGSV,88,,39
2026-06-02T17:18:14.147552,$GLGSV,66,,36
2026-06-02T17:18:14.147552,$GLGSV,67,,17
2026-06-02T17:18:14.147552,$GLGSV,75,,17
2026-06-02T17:18:14.147552,$GLGSV,76,,37
2026-06-02T17:18:14.148879,$GLGSV,81,,32
2026-06-02T17:18:14.148879,$GLGSV,88,,40
2026-06-02T17:18:14.150527,$GAGSV,04,,36
2026-06-02T17:18:14.150527,$GAGSV,05,,31
2026-06-02T17:18:14.150527,$GAGSV,06,,37
2026-06-02T17:18:14.150527,$GAGSV,09,,37
2026-06-02T17:18:14.151839,$GAGSV,10,,36
2026-06-02T17:18:14.151839,$GAGSV,11,,35
2026-06-02T17:18:14.151839,$GAGSV,12,,35
2026-06-02T17:18:14.151839,$GAGSV,36,,32
2026-06-02T17:18:14.153033,$GAGSV,04,,38
2026-06-02T17:18:14.153033,$GAGSV,05,,32
2026-06-02T17:18:14.153033,$GAGSV,06,,40
2026-06-02T17:18:14.153033,$GAGSV,09,,40
2026-06-02T17:18:14.154195,$GAGSV,10,,39
2026-06-02T17:18:14.154195,$GAGSV,11,,37
2026-06-02T17:18:14.154195,$GAGSV,12,,35
2026-06-02T17:18:14.154195,$GAGSV,36,,33
2026-06-02T17:18:14.155817,$GBGSV,06,,36
2026-06-02T17:18:14.155817,$GBGSV,07,,41
2026-06-02T17:18:14.155817,$GBGSV,08,,35
2026-06-02T17:18:14.155817,$GBGSV,09,,37
2026-06-02T17:18:14.156650,$GBGSV,10,,40
2026-06-02T17:18:14.156650,$GBGSV,13,,38
2026-06-02T17:18:14.156650,$GBGSV,14,,34
2026-06-02T17:18:14.156650,$GBGSV,34,,37
2026-06-02T17:18:14.157241,$GBGSV,09,,32
2026-06-02T17:18:14.157241,$GBGSV,10,,35
2026-06-02T17:18:15.124086,$GPGSV,10,,37
2026-06-02T17:18:15.124086,$GPGSV,13,,13
2026-06-02T17:18:15.124086,$GPGSV,18,,42
2026-06-02T17:18:15.124086,$GPGSV,23,,40
2026-06-02T17:18:15.124826,$GPGSV,24,,39
2026-06-02T17:18:15.124826,$GPGSV,29,,30
2026-06-02T17:18:15.124826,$GPGSV,32,,36
2026-06-02T17:18:15.124826,$GPGSV,41,,43
2026-06-02T17:18:15.125341,$GPGSV,42,,41
2026-06-02T17:18:15.125341,$GPGSV,50,,36
2026-06-02T17:18:15.126068,$GPGSV,10,,28
2026-06-02T17:18:15.126068,$GPGSV,18,,41
2026-06-02T17:18:15.126068,$GPGSV,23,,37
2026-06-02T17:18:15.126068,$GPGSV,24,,29
2026-06-02T17:18:15.126586,$GPGSV,29,,26
2026-06-02T17:18:15.126586,$GPGSV,32,,31
2026-06-02T17:18:15.128476,$GLGSV,65,,16
2026-06-02T17:18:15.128476,$GLGSV,66,,34
2026-06-02T17:18:15.128476,$GLGSV,76,,34
2026-06-02T17:18:15.128476,$GLGSV,81,,38
2026-06-02T17:18:15.129300,$GLGSV,87,,30
2026-06-02T17:18:15.129300,$GLGSV,88,,37
2026-06-02T17:18:15.130095,$GLGSV,66,,33
2026-06-02T17:18:15.130095,$GLGSV,67,,17
2026-06-02T17:18:15.130095,$GLGSV,75,,17
2026-06-02T17:18:15.130095,$GLGSV,76,,35
2026-06-02T17:18:15.130602,$GLGSV,81,,38
2026-06-02T17:18:15.130602,$GLGSV,88,,35
2026-06-02T17:18:15.131652,$GAGSV,04,,35
2026-06-02T17:18:15.131652,$GAGSV,05,,28
2026-06-02T17:18:15.131652,$GAGSV,06,,37
2026-06-02T17:18:15.131652,$GAGSV,09,,36
2026-06-02T17:18:15.132341,$GAGSV,10,,35
2026-06-02T17:18:15.132341,$GAGSV,11,,32
2026-06-02T17:18:15.132341,$GAGSV,12,,34
2026-06-02T17:18:15.132341,$GAGSV,36,,30
2026-06-02T17:18:15.133027,$GAGSV,04,,37
2026-06-02T17:18:15.133027,$GAGSV,05,,27
2026-06-02T17:18:15.133027,$GAGSV,06,,40
2026-06-02T17:18:15.133027,$GAGSV,09,,40
2026-06-02T17:18:15.133725,$GAGSV,10,,39
2026-06-02T17:18:15.133725,$GAGSV,11,,36
2026-06-02T17:18:15.133725,$GAGSV,12,,36
2026-06-02T17:18:15.133725,$GAGSV,36,,36
2026-06-02T17:18:15.135152,$GBGSV,06,,37
2026-06-02T17:18:15.135152,$GBGSV,07,,41
2026-06-02T17:18:15.135152,$GBGSV,08,,37
2026-06-02T17:18:15.135152,$GBGSV,09,,34
2026-06-02T17:18:15.135918,$GBGSV,10,,40
2026-06-02T17:18:15.135918,$GBGSV,13,,38
2026-06-02T17:18:15.135918,$GBGSV,14,,30
2026-06-02T17:18:15.135918,$GBGSV,34,,35
2026-06-02T17:18:15.136406,$GBGSV,09,,32
2026-06-02T17:18:15.136406,$GBGSV,10,,35
2026-06-02T17:18:16.123152,$GPGSV,10,,37
2026-06-02T17:18:16.123152,$GPGSV,13,,13
2026-06-02T17:18:16.123152,$GPGSV,18,,41
2026-06-02T17:18:16.123152,$GPGSV,23,,39
2026-06-02T17:18:16.123887,$GPGSV,24,,37
2026-06-02T17:18:16.123887,$GPGSV,29,,32
2026-06-02T17:18:16.123887,$GPGSV,32,,39
2026-06-02T17:18:16.123887,$GPGSV,41,,40
2026-06-02T17:18:16.124404,$GPGSV,42,,42
2026-06-02T17:18:16.124404,$GPGSV,50,,35
2026-06-02T17:18:16.125119,$GPGSV,10,,33
2026-06-02T17:18:16.125119,$GPGSV,18,,41
2026-06-02T17:18:16.125119,$GPGSV,23,,36
2026-06-02T17:18:16.125119,$GPGSV,24,,32
2026-06-02T17:18:16.125647,$GPGSV,29,,25
2026-06-02T17:18:16.125647,$GPGSV,32,,33
2026-06-02T17:18:16.127561,$GLGSV,65,,17
2026-06-02T17:18:16.127561,$GLGSV,66,,34
2026-06-02T17:18:16.127561,$GLGSV,76,,33
2026-06-02T17:18:16.127561,$GLGSV,81,,38
2026-06-02T17:18:16.128067,$GLGSV,87,,34
2026-06-02T17:18:16.128067,$GLGSV,88,,38
2026-06-02T17:18:16.128875,$GLGSV,66,,33
2026-06-02T17:18:16.128875,$GLGSV,67,,18
2026-06-02T17:18:16.128875,$GLGSV,75,,16
2026-06-02T17:18:16.128875,$GLGSV,76,,36
2026-06-02T17:18:16.129674,$GLGSV,81,,37
2026-06-02T17:18:16.129674,$GLGSV,88,,36
2026-06-02T17:18:16.130742,$GAGSV,04,,32
2026-06-02T17:18:16.130742,$GAGSV,05,,25
2026-06-02T17:18:16.130742,$GAGSV,06,,36
2026-06-02T17:18:16.130742,$GAGSV,09,,36
2026-06-02T17:18:16.131434,$GAGSV,10,,37
2026-06-02T17:18:16.131434,$GAGSV,11,,34
2026-06-02T17:18:16.131434,$GAGSV,12,,34
2026-06-02T17:18:16.131434,$GAGSV,36,,29
2026-06-02T17:18:16.132120,$GAGSV,04,,37
2026-06-02T17:18:16.132120,$GAGSV,05,,27
2026-06-02T17:18:16.132120,$GAGSV,06,,38
2026-06-02T17:18:16.132120,$GAGSV,09,,40
2026-06-02T17:18:16.132809,$GAGSV,10,,41
2026-06-02T17:18:16.132809,$GAGSV,11,,36
2026-06-02T17:18:16.132809,$GAGSV,12,,36
2026-06-02T17:18:16.132809,$GAGSV,36,,33
2026-06-02T17:18:16.134127,$GBGSV,06,,38
2026-06-02T17:18:16.134127,$GBGSV,07,,41
2026-06-02T17:18:16.134127,$GBGSV,08,,36
2026-06-02T17:18:16.134127,$GBGSV,09,,37
2026-06-02T17:18:16.134813,$GBGSV,10,,38
2026-06-02T17:18:16.134813,$GBGSV,13,,39
2026-06-02T17:18:16.134813,$GBGSV,14,,31
2026-06-02T17:18:16.134813,$GBGSV,34,,39
2026-06-02T17:18:16.135355,$GBGSV,09,,32
2026-06-02T17:18:16.135355,$GBGSV,10,,35
2026-06-02T17:18:17.115042,$GPGSV,10,,37
2026-06-02T17:18:17.115042,$GPGSV,13,,14
2026-06-02T17:18:17.115042,$GPGSV,18,,43
2026-06-02T17:18:17.115042,$GPGSV,23,,39
2026-06-02T17:18:17.115653,$GPGSV,24,,37
2026-06-02T17:18:17.115653,$GPGSV,29,,32
2026-06-02T17:18:17.115653,$GPGSV,32,,41
2026-06-02T17:18:17.115653,$GPGSV,41,,38
2026-06-02T17:18:17.116084,$GPGSV,42,,39
2026-06-02T17:18:17.116084,$GPGSV,50,,38
2026-06-02T17:18:17.116669,$GPGSV,10,,33
2026-06-02T17:18:17.116669,$GPGSV,18,,41
2026-06-02T17:18:17.116669,$GPGSV,23,,36
2026-06-02T17:18:17.116669,$GPGSV,24,,33
2026-06-02T17:18:17.117086,$GPGSV,29,,25
2026-06-02T17:18:17.117086,$GPGSV,32,,34
2026-06-02T17:18:17.118648,$GLGSV,65,,15
2026-06-02T17:18:17.118648,$GLGSV,66,,37
2026-06-02T17:18:17.118648,$GLGSV,76,,30
2026-06-02T17:18:17.118648,$GLGSV,81,,39
2026-06-02T17:18:17.119064,$GLGSV,87,,31
2026-06-02T17:18:17.119064,$GLGSV,88,,42
2026-06-02T17:18:17.119654,$GLGSV,66,,32
2026-06-02T17:18:17.119654,$GLGSV,67,,18
2026-06-02T17:18:17.119654,$GLGSV,75,,14
2026-06-02T17:18:17.119654,$GLGSV,76,,34
2026-06-02T17:18:17.120093,$GLGSV,81,,39
2026-06-02T17:18:17.120093,$GLGSV,88,,42
2026-06-02T17:18:17.121232,$GAGSV,04,,31
2026-06-02T17:18:17.121232,$GAGSV,05,,30
2026-06-02T17:18:17.121232,$GAGSV,06,,38
2026-06-02T17:18:17.121232,$GAGSV,09,,36
2026-06-02T17:18:17.121826,$GAGSV,10,,38
2026-06-02T17:18:17.121826,$GAGSV,11,,35
2026-06-02T17:18:17.121826,$GAGSV,12,,34
2026-06-02T17:18:17.121826,$GAGSV,36,,30
2026-06-02T17:18:17.122398,$GAGSV,04,,37
2026-06-02T17:18:17.122398,$GAGSV,05,,32
2026-06-02T17:18:17.122398,$GAGSV,06,,39
2026-06-02T17:18:17.122398,$GAGSV,09,,39
2026-06-02T17:18:17.122963,$GAGSV,10,,41
2026-06-02T17:18:17.122963,$GAGSV,11,,36
2026-06-02T17:18:17.122963,$GAGSV,12,,37
2026-06-02T17:18:17.122963,$GAGSV,36,,32
2026-06-02T17:18:17.124036,$GBGSV,06,,40
2026-06-02T17:18:17.124036,$GBGSV,07,,41
2026-06-02T17:18:17.124036,$GBGSV,08,,36
2026-06-02T17:18:17.124036,$GBGSV,09,,35
2026-06-02T17:18:17.124607,$GBGSV,10,,40
2026-06-02T17:18:17.124607,$GBGSV,13,,40
2026-06-02T17:18:17.124607,$GBGSV,14,,24
2026-06-02T17:18:17.124607,$GBGSV,34,,39
2026-06-02T17:18:17.125015,$GBGSV,09,,33
2026-06-02T17:18:17.125015,$GBGSV,10,,35
2026-06-02T17:18:18.129729,$GPGSV,10,,33
2026-06-02T17:18:18.129729,$GPGSV,13,,13
2026-06-02T17:18:18.129729,$GPGSV,18,,42
2026-06-02T17:18:18.129729,$GPGSV,23,,42
2026-06-02T17:18:18.130474,$GPGSV,24,,38
2026-06-02T17:18:18.130474,$GPGSV,29,,33
2026-06-02T17:18:18.130474,$GPGSV,32,,40
2026-06-02T17:18:18.130474,$GPGSV,41,,39
2026-06-02T17:18:18.130991,$GPGSV,42,,40
2026-06-02T17:18:18.130991,$GPGSV,50,,35
2026-06-02T17:18:18.131706,$GPGSV,10,,33
2026-06-02T17:18:18.131706,$GPGSV,18,,42
2026-06-02T17:18:18.131706,$GPGSV,23,,37
2026-06-02T17:18:18.131706,$GPGSV,24,,34
2026-06-02T17:18:18.132219,$GPGSV,29,,26
2026-06-02T17:18:18.132219,$GPGSV,32,,34
2026-06-02T17:18:18.134121,$GLGSV,65,,13
2026-06-02T17:18:18.134121,$GLGSV,66,,37
2026-06-02T17:18:18.134121,$GLGSV,76,,31
2026-06-02T17:18:18.134121,$GLGSV,81,,31
2026-06-02T17:18:18.134927,$GLGSV,87,,32
2026-06-02T17:18:18.134927,$GLGSV,88,,40
2026-06-02T17:18:18.135806,$GLGSV,66,,32
2026-06-02T17:18:18.135806,$GLGSV,67,,18
2026-06-02T17:18:18.135806,$GLGSV,75,,16
2026-06-02T17:18:18.135806,$GLGSV,76,,33
2026-06-02T17:18:18.136356,$GLGSV,81,,39
2026-06-02T17:18:18.136356,$GLGSV,88,,39
2026-06-02T17:18:18.137486,$GAGSV,04,,32
2026-06-02T17:18:18.137486,$GAGSV,05,,29
2026-06-02T17:18:18.137486,$GAGSV,06,,36
2026-06-02T17:18:18.137486,$GAGSV,09,,33
2026-06-02T17:18:18.138212,$GAGSV,10,,39
2026-06-02T17:18:18.138212,$GAGSV,11,,35
2026-06-02T17:18:18.138212,$GAGSV,12,,33
2026-06-02T17:18:18.138212,$GAGSV,36,,30
2026-06-02T17:18:18.138939,$GAGSV,04,,37
2026-06-02T17:18:18.138939,$GAGSV,05,,29
2026-06-02T17:18:18.138939,$GAGSV,06,,40
2026-06-02T17:18:18.138939,$GAGSV,09,,37
2026-06-02T17:18:18.139648,$GAGSV,10,,39
2026-06-02T17:18:18.139648,$GAGSV,11,,37
2026-06-02T17:18:18.139648,$GAGSV,12,,35
2026-06-02T17:18:18.139648,$GAGSV,36,,36
2026-06-02T17:18:18.140978,$GBGSV,06,,38
2026-06-02T17:18:18.140978,$GBGSV,07,,41
2026-06-02T17:18:18.140978,$GBGSV,08,,37
2026-06-02T17:18:18.140978,$GBGSV,09,,34
2026-06-02T17:18:18.141693,$GBGSV,10,,42
2026-06-02T17:18:18.141693,$GBGSV,13,,39
2026-06-02T17:18:18.141693,$GBGSV,14,,22
2026-06-02T17:18:18.141693,$GBGSV,34,,40
2026-06-02T17:18:18.142216,$GBGSV,09,,32
2026-06-02T17:18:18.142216,$GBGSV,10,,35
2026-06-02T17:18:19.128383,$GPGSV,10,,28
2026-06-02T17:18:19.128383,$GPGSV,13,,13
2026-06-02T17:18:19.128383,$GPGSV,18,,42
2026-06-02T17:18:19.128383,$GPGSV,23,,40
2026-06-02T17:18:19.129240,$GPGSV,24,,40
2026-06-02T17:18:19.129240,$GPGSV,29,,32
2026-06-02T17:18:19.129240,$GPGSV,32,,40
2026-06-02T17:18:19.129240,$GPGSV,41,,42
2026-06-02T17:18:19.129850,$GPGSV,42,,40
2026-06-02T17:18:19.129850,$GPGSV,50,,37
2026-06-02T17:18:19.130668,$GPGSV,10,,34
2026-06-02T17:18:19.130668,$GPGSV,18,,41
2026-06-02T17:18:19.130668,$GPGSV,23,,36
2026-06-02T17:18:19.130668,$GPGSV,24,,36
2026-06-02T17:18:19.131253,$GPGSV,29,,26
2026-06-02T17:18:19.131253,$GPGSV,32,,34
2026-06-02T17:18:19.133685,$GLGSV,65,,12
2026-06-02T17:18:19.133685,$GLGSV,66,,37
2026-06-02T17:18:19.133685,$GLGSV,76,,31
2026-06-02T17:18:19.133685,$GLGSV,81,,36
2026-06-02T17:18:19.134534,$GLGSV,87,,33
2026-06-02T17:18:19.134534,$GLGSV,88,,42
2026-06-02T17:18:19.135395,$GLGSV,66,,32
2026-06-02T17:18:19.135395,$GLGSV,67,,18
2026-06-02T17:18:19.135395,$GLGSV,75,,18
2026-06-02T17:18:19.135395,$GLGSV,76,,36
2026-06-02T17:18:19.135996,$GLGSV,81,,34
2026-06-02T17:18:19.135996,$GLGSV,88,,41
2026-06-02T17:18:19.137319,$GAGSV,04,,33
2026-06-02T17:18:19.137319,$GAGSV,05,,28
2026-06-02T17:18:19.137319,$GAGSV,06,,36
2026-06-02T17:18:19.137319,$GAGSV,09,,29
2026-06-02T17:18:19.138174,$GAGSV,10,,39
2026-06-02T17:18:19.138174,$GAGSV,11,,35
2026-06-02T17:18:19.138174,$GAGSV,12,,33
2026-06-02T17:18:19.138174,$GAGSV,36,,30
2026-06-02T17:18:19.139009,$GAGSV,04,,37
2026-06-02T17:18:19.139009,$GAGSV,05,,31
2026-06-02T17:18:19.139009,$GAGSV,06,,38
2026-06-02T17:18:19.139009,$GAGSV,09,,35
2026-06-02T17:18:19.139843,$GAGSV,10,,39
2026-06-02T17:18:19.139843,$GAGSV,11,,37
2026-06-02T17:18:19.139843,$GAGSV,12,,35
2026-06-02T17:18:19.139843,$GAGSV,36,,35
2026-06-02T17:18:19.141442,$GBGSV,06,,38
2026-06-02T17:18:19.141442,$GBGSV,07,,41
2026-06-02T17:18:19.141442,$GBGSV,08,,36
2026-06-02T17:18:19.141442,$GBGSV,09,,36
2026-06-02T17:18:19.142279,$GBGSV,10,,41
2026-06-02T17:18:19.142279,$GBGSV,13,,39
2026-06-02T17:18:19.142279,$GBGSV,14,,23
2026-06-02T17:18:19.142279,$GBGSV,34,,39
2026-06-02T17:18:19.142872,$GBGSV,09,,32
2026-06-02T17:18:19.142872,$GBGSV,10,,37
2026-06-02T17:18:20.128846,$GPGSV,10,,38
2026-06-02T17:18:20.128846,$GPGSV,13,,14
2026-06-02T17:18:20.128846,$GPGSV,18,,42
2026-06-02T17:18:20.128846,$GPGSV,23,,39
2026-06-02T17:18:20.129659,$GPGSV,24,,37
2026-06-02T17:18:20.129659,$GPGSV,29,,32
2026-06-02T17:18:20.129659,$GPGSV,32,,37
2026-06-02T17:18:20.129659,$GPGSV,41,,42
2026-06-02T17:18:20.130204,$GPGSV,42,,42
2026-06-02T17:18:20.130204,$GPGSV,50,,39
2026-06-02T17:18:20.130979,$GPGSV,10,,30
2026-06-02T17:18:20.130979,$GPGSV,18,,42
2026-06-02T17:18:20.130979,$GPGSV,23,,36
2026-06-02T17:18:20.130979,$GPGSV,24,,31
2026-06-02T17:18:20.131548,$GPGSV,29,,26
2026-06-02T17:18:20.131548,$GPGSV,32,,35
2026-06-02T17:18:20.133660,$GLGSV,65,,10
2026-06-02T17:18:20.133660,$GLGSV,66,,39
2026-06-02T17:18:20.133660,$GLGSV,76,,31
2026-06-02T17:18:20.133660,$GLGSV,81,,39
2026-06-02T17:18:20.134209,$GLGSV,87,,33
2026-06-02T17:18:20.134209,$GLGSV,88,,42
2026-06-02T17:18:20.134944,$GLGSV,66,,35
2026-06-02T17:18:20.134944,$GLGSV,67,,17
2026-06-02T17:18:20.134944,$GLGSV,75,,18
2026-06-02T17:18:20.134944,$GLGSV,76,,33
2026-06-02T17:18:20.135481,$GLGSV,81,,37
2026-06-02T17:18:20.135481,$GLGSV,88,,41
2026-06-02T17:18:20.136726,$GAGSV,04,,35
2026-06-02T17:18:20.136726,$GAGSV,05,,28
2026-06-02T17:18:20.136726,$GAGSV,06,,39
2026-06-02T17:18:20.136726,$GAGSV,09,,30
2026-06-02T17:18:20.137572,$GAGSV,10,,40
2026-06-02T17:18:20.137572,$GAGSV,11,,35
2026-06-02T17:18:20.137572,$GAGSV,12,,33
2026-06-02T17:18:20.137572,$GAGSV,36,,32
2026-06-02T17:18:20.138327,$GAGSV,04,,39
2026-06-02T17:18:20.138327,$GAGSV,05,,35
2026-06-02T17:18:20.138327,$GAGSV,06,,40
2026-06-02T17:18:20.138327,$GAGSV,09,,32
2026-06-02T17:18:20.139069,$GAGSV,10,,39
2026-06-02T17:18:20.139069,$GAGSV,11,,37
2026-06-02T17:18:20.139069,$GAGSV,12,,35
2026-06-02T17:18:20.139069,$GAGSV,36,,33
2026-06-02T17:18:20.140393,$GBGSV,06,,38
2026-06-02T17:18:20.140393,$GBGSV,07,,42
2026-06-02T17:18:20.140393,$GBGSV,08,,34
2026-06-02T17:18:20.140393,$GBGSV,09,,38
2026-06-02T17:18:20.141092,$GBGSV,10,,40
2026-06-02T17:18:20.141092,$GBGSV,13,,39
2026-06-02T17:18:20.141092,$GBGSV,14,,25
2026-06-02T17:18:20.141092,$GBGSV,34,,38
2026-06-02T17:18:20.141596,$GBGSV,09,,33
2026-06-02T17:18:20.141596,$GBGSV,10,,37
2026-06-02T17:18:21.127320,$GPGSV,10,,38
2026-06-02T17:18:21.127320,$GPGSV,13,,13
2026-06-02T17:18:21.127320,$GPGSV,18,,42
2026-06-02T17:18:21.127320,$GPGSV,23,,39
2026-06-02T17:18:21.128197,$GPGSV,24,,37
2026-06-02T17:18:21.128197,$GPGSV,29,,32
2026-06-02T17:18:21.128197,$GPGSV,32,,41
2026-06-02T17:18:21.128197,$GPGSV,41,,40
2026-06-02T17:18:21.128924,$GPGSV,42,,39
2026-06-02T17:18:21.128924,$GPGSV,50,,38
2026-06-02T17:18:21.129954,$GPGSV,10,,31
2026-06-02T17:18:21.129954,$GPGSV,18,,41
2026-06-02T17:18:21.129954,$GPGSV,23,,37
2026-06-02T17:18:21.129954,$GPGSV,24,,33
2026-06-02T17:18:21.130686,$GPGSV,29,,25
2026-06-02T17:18:21.130686,$GPGSV,32,,34
2026-06-02T17:18:21.133360,$GLGSV,65,,09
2026-06-02T17:18:21.133360,$GLGSV,66,,37
2026-06-02T17:18:21.133360,$GLGSV,76,,33
2026-06-02T17:18:21.133360,$GLGSV,81,,38
2026-06-02T17:18:21.134512,$GLGSV,87,,36
2026-06-02T17:18:21.134512,$GLGSV,88,,40
2026-06-02T17:18:21.135515,$GLGSV,66,,36
2026-06-02T17:18:21.135515,$GLGSV,67,,17
2026-06-02T17:18:21.135515,$GLGSV,75,,18
2026-06-02T17:18:21.135515,$GLGSV,76,,35
2026-06-02T17:18:21.136218,$GLGSV,81,,38
2026-06-02T17:18:21.136218,$GLGSV,88,,41
2026-06-02T17:18:21.137903,$GAGSV,04,,38
2026-06-02T17:18:21.137903,$GAGSV,05,,29
2026-06-02T17:18:21.137903,$GAGSV,06,,39
2026-06-02T17:18:21.137903,$GAGSV,09,,30
2026-06-02T17:18:21.138888,$GAGSV,10,,39
2026-06-02T17:18:21.138888,$GAGSV,11,,35
2026-06-02T17:18:21.138888,$GAGSV,12,,33
2026-06-02T17:18:21.138888,$GAGSV,36,,31
2026-06-02T17:18:21.139859,$GAGSV,04,,38
2026-06-02T17:18:21.139859,$GAGSV,05,,32
2026-06-02T17:18:21.139859,$GAGSV,06,,40
2026-06-02T17:18:21.139859,$GAGSV,09,,32
2026-06-02T17:18:21.140891,$GAGSV,10,,39
2026-06-02T17:18:21.140891,$GAGSV,11,,37
2026-06-02T17:18:21.140891,$GAGSV,12,,36
2026-06-02T17:18:21.140891,$GAGSV,36,,34
2026-06-02T17:18:21.142780,$GBGSV,06,,39
2026-06-02T17:18:21.142780,$GBGSV,07,,42
2026-06-02T17:18:21.142780,$GBGSV,08,,37
2026-06-02T17:18:21.142780,$GBGSV,09,,36
2026-06-02T17:18:21.143749,$GBGSV,10,,39
2026-06-02T17:18:21.143749,$GBGSV,13,,41
2026-06-02T17:18:21.143749,$GBGSV,14,,25
2026-06-02T17:18:21.143749,$GBGSV,34,,38
2026-06-02T17:18:21.144439,$GBGSV,09,,33
2026-06-02T17:18:21.144439,$GBGSV,10,,34
2026-06-02T17:18:22.126265,$GPGSV,10,,32
2026-06-02T17:18:22.126265,$GPGSV,13,,12
2026-06-02T17:18:22.126265,$GPGSV,18,,42
2026-06-02T17:18:22.126265,$GPGSV,23,,39
2026-06-02T17:18:22.126976,$GPGSV,24,,37
2026-06-02T17:18:22.126976,$GPGSV,29,,31
2026-06-02T17:18:22.126976,$GPGSV,32,,38
2026-06-02T17:18:22.126976,$GPGSV,41,,41
2026-06-02T17:18:22.127467,$GPGSV,42,,40
2026-06-02T17:18:22.127467,$GPGSV,50,,36
2026-06-02T17:18:22.128150,$GPGSV,10,,33
2026-06-02T17:18:22.128150,$GPGSV,18,,41
2026-06-02T17:18:22.128150,$GPGSV,23,,36
2026-06-02T17:18:22.128150,$GPGSV,24,,32
2026-06-02T17:18:22.128639,$GPGSV,29,,25
2026-06-02T17:18:22.128639,$GPGSV,32,,34
2026-06-02T17:18:22.130462,$GLGSV,65,,11
2026-06-02T17:18:22.130462,$GLGSV,66,,36
2026-06-02T17:18:22.130462,$GLGSV,76,,33
2026-06-02T17:18:22.130462,$GLGSV,81,,34
2026-06-02T17:18:22.131021,$GLGSV,87,,36
2026-06-02T17:18:22.131021,$GLGSV,88,,41
2026-06-02T17:18:22.131992,$GLGSV,66,,30
2026-06-02T17:18:22.131992,$GLGSV,67,,16
2026-06-02T17:18:22.131992,$GLGSV,75,,19
2026-06-02T17:18:22.131992,$GLGSV,76,,35
2026-06-02T17:18:22.132500,$GLGSV,81,,39
2026-06-02T17:18:22.132500,$GLGSV,88,,41
2026-06-02T17:18:22.133553,$GAGSV,04,,36
2026-06-02T17:18:22.133553,$GAGSV,05,,30
2026-06-02T17:18:22.133553,$GAGSV,06,,37
2026-06-02T17:18:22.133553,$GAGSV,09,,34
2026-06-02T17:18:22.134365,$GAGSV,10,,38
2026-06-02T17:18:22.134365,$GAGSV,11,,35
2026-06-02T17:18:22.134365,$GAGSV,12,,33
2026-06-02T17:18:22.134365,$GAGSV,36,,32
2026-06-02T17:18:22.135083,$GAGSV,04,,37
2026-06-02T17:18:22.135083,$GAGSV,05,,32
2026-06-02T17:18:22.135083,$GAGSV,06,,38
2026-06-02T17:18:22.135083,$GAGSV,09,,35
2026-06-02T17:18:22.135800,$GAGSV,10,,40
2026-06-02T17:18:22.135800,$GAGSV,11,,37
2026-06-02T17:18:22.135800,$GAGSV,12,,35
2026-06-02T17:18:22.135800,$GAGSV,36,,34
2026-06-02T17:18:22.137084,$GBGSV,06,,40
2026-06-02T17:18:22.137084,$GBGSV,07,,41
2026-06-02T17:18:22.137084,$GBGSV,08,,36
2026-06-02T17:18:22.137084,$GBGSV,09,,37
2026-06-02T17:18:22.137781,$GBGSV,10,,40
2026-06-02T17:18:22.137781,$GBGSV,13,,40
2026-06-02T17:18:22.137781,$GBGSV,14,,25
2026-06-02T17:18:22.137781,$GBGSV,34,,39
2026-06-02T17:18:22.138256,$GBGSV,09,,33
2026-06-02T17:18:22.138256,$GBGSV,10,,35
2026-06-02T17:18:23.127904,$GPGSV,10,,36
2026-06-02T17:18:23.127904,$GPGSV,13,,12
2026-06-02T17:18:23.127904,$GPGSV,18,,41
2026-06-02T17:18:23.127904,$GPGSV,23,,39
2026-06-02T17:18:23.128641,$GPGSV,24,,37
2026-06-02T17:18:23.128641,$GPGSV,29,,31
2026-06-02T17:18:23.128641,$GPGSV,32,,37
2026-06-02T17:18:23.128641,$GPGSV,41,,41
2026-06-02T17:18:23.129161,$GPGSV,42,,42
2026-06-02T17:18:23.129161,$GPGSV,50,,36
2026-06-02T17:18:23.129887,$GPGSV,10,,33
2026-06-02T17:18:23.129887,$GPGSV,18,,41
2026-06-02T17:18:23.129887,$GPGSV,23,,36
2026-06-02T17:18:23.129887,$GPGSV,24,,31
2026-06-02T17:18:23.130399,$GPGSV,29,,26
2026-06-02T17:18:23.130399,$GPGSV,32,,31
2026-06-02T17:18:23.132290,$GLGSV,65,,12
2026-06-02T17:18:23.132290,$GLGSV,66,,38
2026-06-02T17:18:23.132290,$GLGSV,76,,33
2026-06-02T17:18:23.132290,$GLGSV,81,,38
2026-06-02T17:18:23.132813,$GLGSV,87,,34
2026-06-02T17:18:23.132813,$GLGSV,88,,40
2026-06-02T17:18:23.133746,$GLGSV,66,,34
2026-06-02T17:18:23.133746,$GLGSV,67,,17
2026-06-02T17:18:23.133746,$GLGSV,75,,20
2026-06-02T17:18:23.133746,$GLGSV,76,,33
2026-06-02T17:18:23.134451,$GLGSV,81,,31
2026-06-02T17:18:23.134451,$GLGSV,88,,40
2026-06-02T17:18:23.135523,$GAGSV,04,,35
2026-06-02T17:18:23.135523,$GAGSV,05,,31
2026-06-02T17:18:23.135523,$GAGSV,06,,37
2026-06-02T17:18:23.135523,$GAGSV,09,,33
2026-06-02T17:18:23.136213,$GAGSV,10,,38
2026-06-02T17:18:23.136213,$GAGSV,11,,35
2026-06-02T17:18:23.136213,$GAGSV,12,,32
2026-06-02T17:18:23.136213,$GAGSV,36,,34
2026-06-02T17:18:23.137130,$GAGSV,04,,37
2026-06-02T17:18:23.137130,$GAGSV,05,,30
2026-06-02T17:18:23.137130,$GAGSV,06,,38
2026-06-02T17:18:23.137130,$GAGSV,09,,34
2026-06-02T17:18:23.137947,$GAGSV,10,,40
2026-06-02T17:18:23.137947,$GAGSV,11,,37
2026-06-02T17:18:23.137947,$GAGSV,12,,34
2026-06-02T17:18:23.137947,$GAGSV,36,,35
2026-06-02T17:18:23.139305,$GBGSV,06,,39
2026-06-02T17:18:23.139305,$GBGSV,07,,41
2026-06-02T17:18:23.139305,$GBGSV,08,,37
2026-06-02T17:18:23.139305,$GBGSV,09,,36
2026-06-02T17:18:23.140018,$GBGSV,10,,41
2026-06-02T17:18:23.140018,$GBGSV,13,,37
2026-06-02T17:18:23.140018,$GBGSV,14,,26
2026-06-02T17:18:23.140018,$GBGSV,34,,39
2026-06-02T17:18:23.140530,$GBGSV,09,,33
2026-06-02T17:18:23.140530,$GBGSV,10,,36
2026-06-02T17:18:24.129706,$GPGSV,10,,34
2026-06-02T17:18:24.129706,$GPGSV,13,,12
2026-06-02T17:18:24.129706,$GPGSV,18,,42
2026-06-02T17:18:24.129706,$GPGSV,23,,38
2026-06-02T17:18:24.130476,$GPGSV,24,,39
2026-06-02T17:18:24.130476,$GPGSV,29,,32
2026-06-02T17:18:24.130476,$GPGSV,32,,40
2026-06-02T17:18:24.130476,$GPGSV,41,,43
2026-06-02T17:18:24.131017,$GPGSV,42,,41
2026-06-02T17:18:24.131017,$GPGSV,50,,36
2026-06-02T17:18:24.131762,$GPGSV,10,,32
2026-06-02T17:18:24.131762,$GPGSV,18,,41
2026-06-02T17:18:24.131762,$GPGSV,23,,33
2026-06-02T17:18:24.131762,$GPGSV,24,,33
2026-06-02T17:18:24.132297,$GPGSV,29,,26
2026-06-02T17:18:24.132297,$GPGSV,32,,34
2026-06-02T17:18:24.134266,$GLGSV,65,,14
2026-06-02T17:18:24.134266,$GLGSV,66,,36
2026-06-02T17:18:24.134266,$GLGSV,76,,32
2026-06-02T17:18:24.134266,$GLGSV,81,,37
2026-06-02T17:18:24.134790,$GLGSV,87,,34
2026-06-02T17:18:24.134790,$GLGSV,88,,40
2026-06-02T17:18:24.135500,$GLGSV,66,,38
2026-06-02T17:18:24.135500,$GLGSV,67,,17
2026-06-02T17:18:24.135500,$GLGSV,75,,19
2026-06-02T17:18:24.135500,$GLGSV,76,,27
2026-06-02T17:18:24.136221,$GLGSV,81,,34
2026-06-02T17:18:24.136221,$GLGSV,88,,42
2026-06-02T17:18:24.137485,$GAGSV,04,,33
2026-06-02T17:18:24.137485,$GAGSV,05,,30
2026-06-02T17:18:24.137485,$GAGSV,06,,37
2026-06-02T17:18:24.137485,$GAGSV,09,,32
2026-06-02T17:18:24.138408,$GAGSV,10,,38
2026-06-02T17:18:24.138408,$GAGSV,11,,35
2026-06-02T17:18:24.138408,$GAGSV,12,,32
2026-06-02T17:18:24.138408,$GAGSV,36,,33
2026-06-02T17:18:24.139358,$GAGSV,04,,33
2026-06-02T17:18:24.139358,$GAGSV,05,,33
2026-06-02T17:18:24.139358,$GAGSV,06,,38
2026-06-02T17:18:24.139358,$GAGSV,09,,33
2026-06-02T17:18:24.140070,$GAGSV,10,,40
2026-06-02T17:18:24.140070,$GAGSV,11,,37
2026-06-02T17:18:24.140070,$GAGSV,12,,35
2026-06-02T17:18:24.140070,$GAGSV,36,,36
2026-06-02T17:18:24.141487,$GBGSV,06,,40
2026-06-02T17:18:24.141487,$GBGSV,07,,41
2026-06-02T17:18:24.141487,$GBGSV,08,,37
2026-06-02T17:18:24.141487,$GBGSV,09,,35
2026-06-02T17:18:24.142244,$GBGSV,10,,41
2026-06-02T17:18:24.142244,$GBGSV,13,,34
2026-06-02T17:18:24.142244,$GBGSV,14,,25
2026-06-02T17:18:24.142244,$GBGSV,34,,41
2026-06-02T17:18:24.142741,$GBGSV,09,,33
2026-06-02T17:18:24.142741,$GBGSV,10,,36
2026-06-02T17:18:25.122501,$GPGSV,10,,34
2026-06-02T17:18:25.122501,$GPGSV,13,,15
2026-06-02T17:18:25.122501,$GPGSV,18,,42
2026-06-02T17:18:25.122501,$GPGSV,23,,38
2026-06-02T17:18:25.123266,$GPGSV,24,,38
2026-06-02T17:18:25.123266,$GPGSV,29,,33
2026-06-02T17:18:25.123266,$GPGSV,32,,38
2026-06-02T17:18:25.123266,$GPGSV,41,,42
2026-06-02T17:18:25.123764,$GPGSV,42,,41
2026-06-02T17:18:25.123764,$GPGSV,50,,36
2026-06-02T17:18:25.124443,$GPGSV,10,,25
2026-06-02T17:18:25.124443,$GPGSV,18,,41
2026-06-02T17:18:25.124443,$GPGSV,23,,33
2026-06-02T17:18:25.124443,$GPGSV,24,,34
2026-06-02T17:18:25.124934,$GPGSV,29,,26
2026-06-02T17:18:25.124934,$GPGSV,32,,34
2026-06-02T17:18:25.126790,$GLGSV,65,,15
2026-06-02T17:18:25.126790,$GLGSV,66,,38
2026-06-02T17:18:25.126790,$GLGSV,76,,31
2026-06-02T17:18:25.126790,$GLGSV,81,,39
2026-06-02T17:18:25.127283,$GLGSV,87,,35
2026-06-02T17:18:25.127283,$GLGSV,88,,41
2026-06-02T17:18:25.127961,$GLGSV,66,,32
2026-06-02T17:18:25.127961,$GLGSV,67,,16
2026-06-02T17:18:25.127961,$GLGSV,75,,19
2026-06-02T17:18:25.127961,$GLGSV,76,,24
2026-06-02T17:18:25.128449,$GLGSV,81,,37
2026-06-02T17:18:25.128449,$GLGSV,88,,41
2026-06-02T17:18:25.129528,$GAGSV,04,,33
2026-06-02T17:18:25.129528,$GAGSV,05,,29
2026-06-02T17:18:25.129528,$GAGSV,06,,38
2026-06-02T17:18:25.129528,$GAGSV,09,,32
2026-06-02T17:18:25.130241,$GAGSV,10,,39
2026-06-02T17:18:25.130241,$GAGSV,11,,35
2026-06-02T17:18:25.130241,$GAGSV,12,,31
2026-06-02T17:18:25.130241,$GAGSV,36,,31
2026-06-02T17:18:25.131021,$GAGSV,04,,34
2026-06-02T17:18:25.131021,$GAGSV,05,,32
2026-06-02T17:18:25.131021,$GAGSV,06,,39
2026-06-02T17:18:25.131021,$GAGSV,09,,37
2026-06-02T17:18:25.131885,$GAGSV,10,,40
2026-06-02T17:18:25.131885,$GAGSV,11,,37
2026-06-02T17:18:25.131885,$GAGSV,12,,35
2026-06-02T17:18:25.131885,$GAGSV,36,,35
2026-06-02T17:18:25.133213,$GBGSV,06,,39
2026-06-02T17:18:25.133213,$GBGSV,07,,41
2026-06-02T17:18:25.133213,$GBGSV,08,,37
2026-06-02T17:18:25.133213,$GBGSV,09,,31
2026-06-02T17:18:25.133921,$GBGSV,10,,41
2026-06-02T17:18:25.133921,$GBGSV,13,,34
2026-06-02T17:18:25.133921,$GBGSV,14,,23
2026-06-02T17:18:25.133921,$GBGSV,34,,41
2026-06-02T17:18:25.134430,$GBGSV,09,,34
2026-06-02T17:18:25.134430,$GBGSV,10,,37
2026-06-02T17:18:26.112912,$GPGSV,10,,32
2026-06-02T17:18:26.112912,$GPGSV,13,,14
2026-06-02T17:18:26.112912,$GPGSV,18,,41
2026-06-02T17:18:26.112912,$GPGSV,23,,38
2026-06-02T17:18:26.113697,$GPGSV,24,,40
2026-06-02T17:18:26.113697,$GPGSV,29,,34
2026-06-02T17:18:26.113697,$GPGSV,32,,35
2026-06-02T17:18:26.113697,$GPGSV,41,,41
2026-06-02T17:18:26.114254,$GPGSV,42,,41
2026-06-02T17:18:26.114254,$GPGSV,50,,36
2026-06-02T17:18:26.114989,$GPGSV,10,,25
2026-06-02T17:18:26.114989,$GPGSV,18,,41
2026-06-02T17:18:26.114989,$GPGSV,23,,34
2026-06-02T17:18:26.114989,$GPGSV,24,,35
2026-06-02T17:18:26.115521,$GPGSV,29,,26
2026-06-02T17:18:26.115521,$GPGSV,32,,31
2026-06-02T17:18:26.117506,$GLGSV,65,,15
2026-06-02T17:18:26.117506,$GLGSV,66,,38
2026-06-02T17:18:26.117506,$GLGSV,76,,25
2026-06-02T17:18:26.117506,$GLGSV,81,,36
2026-06-02T17:18:26.118196,$GLGSV,87,,34
2026-06-02T17:18:26.118196,$GLGSV,88,,41
2026-06-02T17:18:26.119486,$GLGSV,66,,40
2026-06-02T17:18:26.119486,$GLGSV,67,,18
2026-06-02T17:18:26.119486,$GLGSV,75,,19
2026-06-02T17:18:26.119486,$GLGSV,76,,24
2026-06-02T17:18:26.120372,$GLGSV,81,,33
2026-06-02T17:18:26.120372,$GLGSV,88,,41
2026-06-02T17:18:26.122151,$GAGSV,04,,34
2026-06-02T17:18:26.122151,$GAGSV,05,,29
2026-06-02T17:18:26.122151,$GAGSV,06,,37
2026-06-02T17:18:26.122151,$GAGSV,09,,36
2026-06-02T17:18:26.123094,$GAGSV,10,,39
2026-06-02T17:18:26.123094,$GAGSV,11,,35
2026-06-02T17:18:26.123094,$GAGSV,12,,32
2026-06-02T17:18:26.123094,$GAGSV,36,,32
2026-06-02T17:18:26.123836,$GAGSV,04,,33
2026-06-02T17:18:26.123836,$GAGSV,05,,33
2026-06-02T17:18:26.123836,$GAGSV,06,,39
2026-06-02T17:18:26.123836,$GAGSV,09,,37
2026-06-02T17:18:26.124537,$GAGSV,10,,39
2026-06-02T17:18:26.124537,$GAGSV,11,,37
2026-06-02T17:18:26.124537,$GAGSV,12,,35
2026-06-02T17:18:26.124537,$GAGSV,36,,31
2026-06-02T17:18:26.126198,$GBGSV,06,,38
2026-06-02T17:18:26.126198,$GBGSV,07,,41
2026-06-02T17:18:26.126198,$GBGSV,08,,37
2026-06-02T17:18:26.126198,$GBGSV,09,,35
2026-06-02T17:18:26.126900,$GBGSV,10,,40
2026-06-02T17:18:26.126900,$GBGSV,13,,34
2026-06-02T17:18:26.126900,$GBGSV,14,,21
2026-06-02T17:18:26.126900,$GBGSV,34,,41
2026-06-02T17:18:26.127412,$GBGSV,09,,34
2026-06-02T17:18:26.127412,$GBGSV,10,,37
2026-06-02T17:18:27.121298,$GPGSV,10,,26
2026-06-02T17:18:27.121298,$GPGSV,13,,13
2026-06-02T17:18:27.121298,$GPGSV,18,,42
2026-06-02T17:18:27.121298,$GPGSV,23,,39
2026-06-02T17:18:27.122062,$GPGSV,24,,38
2026-06-02T17:18:27.122062,$GPGSV,29,,34
2026-06-02T17:18:27.122062,$GPGSV,32,,39
2026-06-02T17:18:27.122062,$GPGSV,41,,41
2026-06-02T17:18:27.122556,$GPGSV,42,,40
2026-06-02T17:18:27.122556,$GPGSV,50,,36
2026-06-02T17:18:27.123240,$GPGSV,10,,26
2026-06-02T17:18:27.123240,$GPGSV,18,,40
2026-06-02T17:18:27.123240,$GPGSV,23,,34
2026-06-02T17:18:27.123240,$GPGSV,24,,34
2026-06-02T17:18:27.123729,$GPGSV,29,,26
2026-06-02T17:18:27.123729,$GPGSV,32,,34
2026-06-02T17:18:27.125539,$GLGSV,65,,15
2026-06-02T17:18:27.125539,$GLGSV,66,,39
2026-06-02T17:18:27.125539,$GLGSV,76,,30
2026-06-02T17:18:27.125539,$GLGSV,81,,34
2026-06-02T17:18:27.126055,$GLGSV,87,,33
2026-06-02T17:18:27.126055,$GLGSV,88,,41
2026-06-02T17:18:27.126851,$GLGSV,66,,36
2026-06-02T17:18:27.126851,$GLGSV,67,,17
2026-06-02T17:18:27.126851,$GLGSV,75,,18
2026-06-02T17:18:27.126851,$GLGSV,76,,29
2026-06-02T17:18:27.127500,$GLGSV,81,,33
2026-06-02T17:18:27.127500,$GLGSV,88,,41
2026-06-02T17:18:27.128734,$GAGSV,04,,34
2026-06-02T17:18:27.128734,$GAGSV,05,,29
2026-06-02T17:18:27.128734,$GAGSV,06,,37
2026-06-02T17:18:27.128734,$GAGSV,09,,36
2026-06-02T17:18:27.129940,$GAGSV,10,,39
2026-06-02T17:18:27.129940,$GAGSV,11,,35
2026-06-02T17:18:27.129940,$GAGSV,12,,32
2026-06-02T17:18:27.129940,$GAGSV,36,,31
2026-06-02T17:18:27.130818,$GAGSV,04,,36
2026-06-02T17:18:27.130818,$GAGSV,05,,33
2026-06-02T17:18:27.130818,$GAGSV,06,,37
2026-06-02T17:18:27.130818,$GAGSV,09,,39
2026-06-02T17:18:27.131519,$GAGSV,10,,40
2026-06-02T17:18:27.131519,$GAGSV,11,,37
2026-06-02T17:18:27.131519,$GAGSV,12,,35
2026-06-02T17:18:27.131519,$GAGSV,36,,32
2026-06-02T17:18:27.132823,$GBGSV,06,,39
2026-06-02T17:18:27.132823,$GBGSV,07,,42
2026-06-02T17:18:27.132823,$GBGSV,08,,36
2026-06-02T17:18:27.132823,$GBGSV,09,,38
2026-06-02T17:18:27.133498,$GBGSV,10,,41
2026-06-02T17:18:27.133498,$GBGSV,13,,38
2026-06-02T17:18:27.133498,$GBGSV,14,,21
2026-06-02T17:18:27.133498,$GBGSV,34,,39
2026-06-02T17:18:27.134000,$GBGSV,09,,35
2026-06-02T17:18:27.134000,$GBGSV,10,,36
2026-06-02T17:18:28.123474,$GPGSV,10,,31
2026-06-02T17:18:28.123474,$GPGSV,13,,10
2026-06-02T17:18:28.123474,$GPGSV,18,,42
2026-06-02T17:18:28.123474,$GPGSV,23,,39
2026-06-02T17:18:28.124215,$GPGSV,24,,38
2026-06-02T17:18:28.124215,$GPGSV,25,,31
2026-06-02T17:18:28.124215,$GPGSV,29,,33
2026-06-02T17:18:28.124215,$GPGSV,32,,38
2026-06-02T17:18:28.124836,$GPGSV,41,,43
2026-06-02T17:18:28.124836,$GPGSV,42,,38
2026-06-02T17:18:28.124836,$GPGSV,50,,37
2026-06-02T17:18:28.125545,$GPGSV,10,,26
2026-06-02T17:18:28.125545,$GPGSV,18,,41
2026-06-02T17:18:28.125545,$GPGSV,23,,36
2026-06-02T17:18:28.125545,$GPGSV,24,,30
2026-06-02T17:18:28.126080,$GPGSV,29,,26
2026-06-02T17:18:28.126080,$GPGSV,32,,36
2026-06-02T17:18:28.127806,$GLGSV,66,,40
2026-06-02T17:18:28.127806,$GLGSV,76,,20
2026-06-02T17:18:28.127806,$GLGSV,81,,37
2026-06-02T17:18:28.127806,$GLGSV,87,,33
2026-06-02T17:18:28.128198,$GLGSV,88,,41
2026-06-02T17:18:28.128877,$GLGSV,66,,37
2026-06-02T17:18:28.128877,$GLGSV,67,,17
2026-06-02T17:18:28.128877,$GLGSV,75,,16
2026-06-02T17:18:28.128877,$GLGSV,76,,28
2026-06-02T17:18:28.129365,$GLGSV,81,,32
2026-06-02T17:18:28.129365,$GLGSV,88,,41
2026-06-02T17:18:28.130868,$GAGSV,04,,33
2026-06-02T17:18:28.130868,$GAGSV,05,,28
2026-06-02T17:18:28.130868,$GAGSV,06,,36
2026-06-02T17:18:28.130868,$GAGSV,09,,39
2026-06-02T17:18:28.132009,$GAGSV,10,,39
2026-06-02T17:18:28.132009,$GAGSV,11,,35
2026-06-02T17:18:28.132009,$GAGSV,12,,33
2026-06-02T17:18:28.132009,$GAGSV,36,,31
2026-06-02T17:18:28.132897,$GAGSV,04,,33
2026-06-02T17:18:28.132897,$GAGSV,05,,32
2026-06-02T17:18:28.132897,$GAGSV,06,,36
2026-06-02T17:18:28.132897,$GAGSV,09,,42
2026-06-02T17:18:28.133598,$GAGSV,10,,41
2026-06-02T17:18:28.133598,$GAGSV,11,,37
2026-06-02T17:18:28.133598,$GAGSV,12,,35
2026-06-02T17:18:28.133598,$GAGSV,36,,34
2026-06-02T17:18:28.134925,$GBGSV,06,,36
2026-06-02T17:18:28.134925,$GBGSV,07,,42
2026-06-02T17:18:28.134925,$GBGSV,08,,37
2026-06-02T17:18:28.134925,$GBGSV,09,,37
2026-06-02T17:18:28.135614,$GBGSV,10,,40
2026-06-02T17:18:28.135614,$GBGSV,13,,37
2026-06-02T17:18:28.135614,$GBGSV,14,,19
2026-06-02T17:18:28.135614,$GBGSV,34,,37
2026-06-02T17:18:28.136103,$GBGSV,09,,34
2026-06-02T17:18:28.136103,$GBGSV,10,,36
2026-06-02T17:18:29.119680,$GPGSV,10,,30
2026-06-02T17:18:29.119680,$GPGSV,13,,08
2026-06-02T17:18:29.119680,$GPGSV,18,,42
2026-06-02T17:18:29.119680,$GPGSV,23,,39
2026-06-02T17:18:29.120440,$GPGSV,24,,36
2026-06-02T17:18:29.120440,$GPGSV,25,,31
2026-06-02T17:18:29.120440,$GPGSV,29,,33
2026-06-02T17:18:29.120440,$GPGSV,32,,37
2026-06-02T17:18:29.121051,$GPGSV,41,,41
2026-06-02T17:18:29.121051,$GPGSV,42,,41
2026-06-02T17:18:29.121051,$GPGSV,50,,37
2026-06-02T17:18:29.121772,$GPGSV,10,,25
2026-06-02T17:18:29.121772,$GPGSV,18,,41
2026-06-02T17:18:29.121772,$GPGSV,23,,33
2026-06-02T17:18:29.121772,$GPGSV,24,,32
2026-06-02T17:18:29.122282,$GPGSV,29,,26
2026-06-02T17:18:29.122282,$GPGSV,32,,34
2026-06-02T17:18:29.124072,$GLGSV,66,,39
2026-06-02T17:18:29.124072,$GLGSV,76,,22
2026-06-02T17:18:29.124072,$GLGSV,81,,34
2026-06-02T17:18:29.124072,$GLGSV,87,,32
2026-06-02T17:18:29.124478,$GLGSV,88,,41
2026-06-02T17:18:29.125297,$GLGSV,66,,32
2026-06-02T17:18:29.125297,$GLGSV,67,,17
2026-06-02T17:18:29.125297,$GLGSV,75,,15
2026-06-02T17:18:29.125297,$GLGSV,76,,22
2026-06-02T17:18:29.126023,$GLGSV,81,,31
2026-06-02T17:18:29.126023,$GLGSV,88,,41
2026-06-02T17:18:29.128250,$GAGSV,04,,33
2026-06-02T17:18:29.128250,$GAGSV,05,,27
2026-06-02T17:18:29.128250,$GAGSV,06,,36
2026-06-02T17:18:29.128250,$GAGSV,09,,38
2026-06-02T17:18:29.128976,$GAGSV,10,,39
2026-06-02T17:18:29.128976,$GAGSV,11,,35
2026-06-02T17:18:29.128976,$GAGSV,12,,33
2026-06-02T17:18:29.128976,$GAGSV,36,,30
2026-06-02T17:18:29.129722,$GAGSV,04,,35
2026-06-02T17:18:29.129722,$GAGSV,05,,33
2026-06-02T17:18:29.129722,$GAGSV,06,,38
2026-06-02T17:18:29.129722,$GAGSV,09,,40
2026-06-02T17:18:29.130448,$GAGSV,10,,39
2026-06-02T17:18:29.130448,$GAGSV,11,,37
2026-06-02T17:18:29.130448,$GAGSV,12,,35
2026-06-02T17:18:29.130448,$GAGSV,36,,32
2026-06-02T17:18:29.131894,$GBGSV,06,,38
2026-06-02T17:18:29.131894,$GBGSV,07,,40
2026-06-02T17:18:29.131894,$GBGSV,08,,37
2026-06-02T17:18:29.131894,$GBGSV,09,,33
2026-06-02T17:18:29.132613,$GBGSV,10,,40
2026-06-02T17:18:29.132613,$GBGSV,13,,41
2026-06-02T17:18:29.132613,$GBGSV,14,,21
2026-06-02T17:18:29.132613,$GBGSV,34,,39
2026-06-02T17:18:29.133134,$GBGSV,09,,35
2026-06-02T17:18:29.133134,$GBGSV,10,,37
2026-06-02T17:18:30.133028,$GPGSV,10,,37
2026-06-02T17:18:30.133028,$GPGSV,13,,09
2026-06-02T17:18:30.133028,$GPGSV,18,,42
2026-06-02T17:18:30.133028,$GPGSV,23,,39
2026-06-02T17:18:30.135398,$GPGSV,24,,38
2026-06-02T17:18:30.135398,$GPGSV,25,,30
2026-06-02T17:18:30.135398,$GPGSV,29,,37
2026-06-02T17:18:30.135398,$GPGSV,32,,39
2026-06-02T17:18:30.137295,$GPGSV,41,,42
2026-06-02T17:18:30.137295,$GPGSV,42,,42
2026-06-02T17:18:30.137295,$GPGSV,50,,36
2026-06-02T17:18:30.139688,$GPGSV,10,,26
2026-06-02T17:18:30.139688,$GPGSV,18,,41
2026-06-02T17:18:30.139688,$GPGSV,23,,36
2026-06-02T17:18:30.139688,$GPGSV,24,,36
2026-06-02T17:18:30.141510,$GPGSV,29,,27
2026-06-02T17:18:30.141510,$GPGSV,32,,33
2026-06-02T17:18:30.147505,$GLGSV,66,,35
2026-06-02T17:18:30.147505,$GLGSV,76,,22
2026-06-02T17:18:30.147505,$GLGSV,81,,34
2026-06-02T17:18:30.147505,$GLGSV,87,,34
2026-06-02T17:18:30.148469,$GLGSV,88,,40
2026-06-02T17:18:30.150896,$GLGSV,66,,35
2026-06-02T17:18:30.150896,$GLGSV,67,,19
2026-06-02T17:18:30.150896,$GLGSV,75,,17
2026-06-02T17:18:30.150896,$GLGSV,76,,23
2026-06-02T17:18:30.152707,$GLGSV,81,,34
2026-06-02T17:18:30.152707,$GLGSV,88,,41
2026-06-02T17:18:30.155963,$GAGSV,04,,33
2026-06-02T17:18:30.155963,$GAGSV,05,,27
2026-06-02T17:18:30.155963,$GAGSV,06,,37
2026-06-02T17:18:30.155963,$GAGSV,09,,33
2026-06-02T17:18:30.157138,$GAGSV,10,,39
2026-06-02T17:18:30.157138,$GAGSV,11,,35
2026-06-02T17:18:30.157138,$GAGSV,12,,33
2026-06-02T17:18:30.157138,$GAGSV,36,,30
2026-06-02T17:18:30.158496,$GAGSV,04,,35
2026-06-02T17:18:30.158496,$GAGSV,05,,34
2026-06-02T17:18:30.158496,$GAGSV,06,,40
2026-06-02T17:18:30.158496,$GAGSV,09,,34
2026-06-02T17:18:30.159346,$GAGSV,10,,41
2026-06-02T17:18:30.159346,$GAGSV,11,,36
2026-06-02T17:18:30.159346,$GAGSV,12,,36
2026-06-02T17:18:30.159346,$GAGSV,36,,33
2026-06-02T17:18:30.161038,$GBGSV,06,,39
2026-06-02T17:18:30.161038,$GBGSV,07,,40
2026-06-02T17:18:30.161038,$GBGSV,08,,37
2026-06-02T17:18:30.161038,$GBGSV,09,,37
2026-06-02T17:18:30.161893,$GBGSV,10,,40
2026-06-02T17:18:30.161893,$GBGSV,13,,41
2026-06-02T17:18:30.161893,$GBGSV,14,,23
2026-06-02T17:18:30.161893,$GBGSV,34,,39
2026-06-02T17:18:30.162488,$GBGSV,09,,35
2026-06-02T17:18:30.162488,$GBGSV,10,,37
2026-06-02T17:18:31.123300,$GPGSV,10,,34
2026-06-02T17:18:31.123300,$GPGSV,13,,10
2026-06-02T17:18:31.123300,$GPGSV,18,,42
2026-06-02T17:18:31.123300,$GPGSV,23,,39
2026-06-02T17:18:31.124473,$GPGSV,24,,38
2026-06-02T17:18:31.124473,$GPGSV,25,,33
2026-06-02T17:18:31.124473,$GPGSV,29,,37
2026-06-02T17:18:31.124473,$GPGSV,32,,35
2026-06-02T17:18:31.125465,$GPGSV,41,,42
2026-06-02T17:18:31.125465,$GPGSV,42,,40
2026-06-02T17:18:31.125465,$GPGSV,50,,37
2026-06-02T17:18:31.126627,$GPGSV,10,,27
2026-06-02T17:18:31.126627,$GPGSV,18,,41
2026-06-02T17:18:31.126627,$GPGSV,23,,34
2026-06-02T17:18:31.126627,$GPGSV,24,,33
2026-06-02T17:18:31.127456,$GPGSV,29,,27
2026-06-02T17:18:31.127456,$GPGSV,32,,34
2026-06-02T17:18:31.130329,$GLGSV,66,,39
2026-06-02T17:18:31.130329,$GLGSV,76,,23
2026-06-02T17:18:31.130329,$GLGSV,81,,37
2026-06-02T17:18:31.130329,$GLGSV,87,,34
2026-06-02T17:18:31.130916,$GLGSV,88,,41
2026-06-02T17:18:31.131929,$GLGSV,66,,36
2026-06-02T17:18:31.131929,$GLGSV,67,,20
2026-06-02T17:18:31.131929,$GLGSV,75,,17
2026-06-02T17:18:31.131929,$GLGSV,76,,29
2026-06-02T17:18:31.132704,$GLGSV,81,,38
2026-06-02T17:18:31.132704,$GLGSV,88,,42
2026-06-02T17:18:31.134497,$GAGSV,04,,32
2026-06-02T17:18:31.134497,$GAGSV,05,,27
2026-06-02T17:18:31.134497,$GAGSV,06,,37
2026-06-02T17:18:31.134497,$GAGSV,09,,31
2026-06-02T17:18:31.135578,$GAGSV,10,,40
2026-06-02T17:18:31.135578,$GAGSV,11,,33
2026-06-02T17:18:31.135578,$GAGSV,12,,33
2026-06-02T17:18:31.135578,$GAGSV,36,,32
2026-06-02T17:18:31.136636,$GAGSV,04,,34
2026-06-02T17:18:31.136636,$GAGSV,05,,35
2026-06-02T17:18:31.136636,$GAGSV,06,,41
2026-06-02T17:18:31.136636,$GAGSV,09,,38
2026-06-02T17:18:31.137787,$GAGSV,10,,39
2026-06-02T17:18:31.137787,$GAGSV,11,,35
2026-06-02T17:18:31.137787,$GAGSV,12,,33
2026-06-02T17:18:31.137787,$GAGSV,36,,32
2026-06-02T17:18:31.139239,$GBGSV,06,,38
2026-06-02T17:18:31.139239,$GBGSV,07,,43
2026-06-02T17:18:31.139239,$GBGSV,08,,33
2026-06-02T17:18:31.139239,$GBGSV,09,,36
2026-06-02T17:18:31.139978,$GBGSV,10,,39
2026-06-02T17:18:31.139978,$GBGSV,13,,38
2026-06-02T17:18:31.139978,$GBGSV,14,,21
2026-06-02T17:18:31.139978,$GBGSV,34,,39
2026-06-02T17:18:31.140477,$GBGSV,09,,35
2026-06-02T17:18:31.140477,$GBGSV,10,,37
2026-06-02T17:18:32.120882,$GPGSV,10,,33
2026-06-02T17:18:32.120882,$GPGSV,13,,11
2026-06-02T17:18:32.120882,$GPGSV,18,,40
2026-06-02T17:18:32.120882,$GPGSV,23,,40
2026-06-02T17:18:32.121635,$GPGSV,24,,39
2026-06-02T17:18:32.121635,$GPGSV,25,,30
2026-06-02T17:18:32.121635,$GPGSV,29,,37
2026-06-02T17:18:32.121635,$GPGSV,32,,38
2026-06-02T17:18:32.122281,$GPGSV,41,,40
2026-06-02T17:18:32.122281,$GPGSV,42,,41
2026-06-02T17:18:32.122281,$GPGSV,50,,37
2026-06-02T17:18:32.123002,$GPGSV,10,,27
2026-06-02T17:18:32.123002,$GPGSV,18,,41
2026-06-02T17:18:32.123002,$GPGSV,23,,34
2026-06-02T17:18:32.123002,$GPGSV,24,,32
2026-06-02T17:18:32.123494,$GPGSV,29,,27
2026-06-02T17:18:32.123494,$GPGSV,32,,35
2026-06-02T17:18:32.125220,$GLGSV,66,,39
2026-06-02T17:18:32.125220,$GLGSV,76,,24
2026-06-02T17:18:32.125220,$GLGSV,87,,35
2026-06-02T17:18:32.125220,$GLGSV,88,,42
2026-06-02T17:18:32.125914,$GLGSV,66,,36
2026-06-02T17:18:32.125914,$GLGSV,67,,21
2026-06-02T17:18:32.125914,$GLGSV,75,,17
2026-06-02T17:18:32.125914,$GLGSV,76,,29
2026-06-02T17:18:32.126409,$GLGSV,81,,33
2026-06-02T17:18:32.126409,$GLGSV,88,,40
2026-06-02T17:18:32.127562,$GAGSV,04,,32
2026-06-02T17:18:32.127562,$GAGSV,05,,27
2026-06-02T17:18:32.127562,$GAGSV,06,,37
2026-06-02T17:18:32.127562,$GAGSV,09,,31
2026-06-02T17:18:32.128241,$GAGSV,10,,40
2026-06-02T17:18:32.128241,$GAGSV,11,,33
2026-06-02T17:18:32.128241,$GAGSV,12,,33
2026-06-02T17:18:32.128241,$GAGSV,36,,32
2026-06-02T17:18:32.128920,$GAGSV,04,,34
2026-06-02T17:18:32.128920,$GAGSV,05,,33
2026-06-02T17:18:32.128920,$GAGSV,06,,40
2026-06-02T17:18:32.128920,$GAGSV,09,,35
2026-06-02T17:18:32.129603,$GAGSV,10,,39
2026-06-02T17:18:32.129603,$GAGSV,11,,35
2026-06-02T17:18:32.129603,$GAGSV,12,,33
2026-06-02T17:18:32.129603,$GAGSV,36,,31
2026-06-02T17:18:32.130903,$GBGSV,06,,36
2026-06-02T17:18:32.130903,$GBGSV,07,,42
2026-06-02T17:18:32.130903,$GBGSV,08,,34
2026-06-02T17:18:32.130903,$GBGSV,09,,36
2026-06-02T17:18:32.131601,$GBGSV,10,,40
2026-06-02T17:18:32.131601,$GBGSV,13,,30
2026-06-02T17:18:32.131601,$GBGSV,14,,20
2026-06-02T17:18:32.131601,$GBGSV,34,,41
2026-06-02T17:18:32.132131,$GBGSV,09,,35
2026-06-02T17:18:32.132131,$GBGSV,10,,37
2026-06-02T17:18:33.120065,$GPGSV,10,,35
2026-06-02T17:18:33.120065,$GPGSV,13,,09
2026-06-02T17:18:33.120065,$GPGSV,18,,42
2026-06-02T17:18:33.120065,$GPGSV,23,,40
2026-06-02T17:18:33.120799,$GPGSV,24,,35
2026-06-02T17:18:33.120799,$GPGSV,25,,30
2026-06-02T17:18:33.120799,$GPGSV,29,,34
2026-06-02T17:18:33.120799,$GPGSV,32,,37
2026-06-02T17:18:33.121419,$GPGSV,41,,40
2026-06-02T17:18:33.121419,$GPGSV,42,,41
2026-06-02T17:18:33.121419,$GPGSV,50,,34
2026-06-02T17:18:33.122137,$GPGSV,10,,28
2026-06-02T17:18:33.122137,$GPGSV,18,,41
2026-06-02T17:18:33.122137,$GPGSV,23,,34
2026-06-02T17:18:33.122137,$GPGSV,24,,32
2026-06-02T17:18:33.122651,$GPGSV,29,,27
2026-06-02T17:18:33.122651,$GPGSV,32,,28
2026-06-02T17:18:33.124436,$GLGSV,66,,38
2026-06-02T17:18:33.124436,$GLGSV,76,,25
2026-06-02T17:18:33.124436,$GLGSV,87,,34
2026-06-02T17:18:33.124436,$GLGSV,88,,40
2026-06-02T17:18:33.125154,$GLGSV,66,,35
2026-06-02T17:18:33.125154,$GLGSV,67,,22
2026-06-02T17:18:33.125154,$GLGSV,75,,16
2026-06-02T17:18:33.125154,$GLGSV,76,,29
2026-06-02T17:18:33.125649,$GLGSV,81,,35
2026-06-02T17:18:33.125649,$GLGSV,88,,36
2026-06-02T17:18:33.126777,$GAGSV,04,,32
2026-06-02T17:18:33.126777,$GAGSV,05,,29
2026-06-02T17:18:33.126777,$GAGSV,06,,37
2026-06-02T17:18:33.126777,$GAGSV,09,,37
2026-06-02T17:18:33.127499,$GAGSV,10,,40
2026-06-02T17:18:33.127499,$GAGSV,11,,33
2026-06-02T17:18:33.127499,$GAGSV,12,,32
2026-06-02T17:18:33.127499,$GAGSV,36,,31
2026-06-02T17:18:33.128186,$GAGSV,04,,30
2026-06-02T17:18:33.128186,$GAGSV,05,,30
2026-06-02T17:18:33.128186,$GAGSV,06,,39
2026-06-02T17:18:33.128186,$GAGSV,09,,41
2026-06-02T17:18:33.128863,$GAGSV,10,,40
2026-06-02T17:18:33.128863,$GAGSV,11,,36
2026-06-02T17:18:33.128863,$GAGSV,12,,35
2026-06-02T17:18:33.128863,$GAGSV,36,,30
2026-06-02T17:18:33.130218,$GBGSV,06,,33
2026-06-02T17:18:33.130218,$GBGSV,07,,43
2026-06-02T17:18:33.130218,$GBGSV,08,,33
2026-06-02T17:18:33.130218,$GBGSV,09,,36
2026-06-02T17:18:33.130906,$GBGSV,10,,40
2026-06-02T17:18:33.130906,$GBGSV,13,,40
2026-06-02T17:18:33.130906,$GBGSV,14,,19
2026-06-02T17:18:33.130906,$GBGSV,34,,39
2026-06-02T17:18:33.131401,$GBGSV,09,,35
2026-06-02T17:18:33.131401,$GBGSV,10,,37
2026-06-02T17:18:34.116977,$GPGSV,10,,26
2026-06-02T17:18:34.116977,$GPGSV,18,,40
2026-06-02T17:18:34.116977,$GPGSV,23,,41
2026-06-02T17:18:34.116977,$GPGSV,24,,30
2026-06-02T17:18:34.117697,$GPGSV,25,,29
2026-06-02T17:18:34.117697,$GPGSV,29,,36
2026-06-02T17:18:34.117697,$GPGSV,32,,42
2026-06-02T17:18:34.117697,$GPGSV,41,,42
2026-06-02T17:18:34.118211,$GPGSV,42,,41
2026-06-02T17:18:34.118211,$GPGSV,50,,36
2026-06-02T17:18:34.118898,$GPGSV,10,,28
2026-06-02T17:18:34.118898,$GPGSV,18,,40
2026-06-02T17:18:34.118898,$GPGSV,23,,34
2026-06-02T17:18:34.118898,$GPGSV,24,,31
2026-06-02T17:18:34.119386,$GPGSV,29,,28
2026-06-02T17:18:34.119386,$GPGSV,32,,33
2026-06-02T17:18:34.121188,$GLGSV,66,,39
2026-06-02T17:18:34.121188,$GLGSV,76,,26
2026-06-02T17:18:34.121188,$GLGSV,87,,36
2026-06-02T17:18:34.121188,$GLGSV,88,,36
2026-06-02T17:18:34.121922,$GLGSV,66,,33
2026-06-02T17:18:34.121922,$GLGSV,67,,24
2026-06-02T17:18:34.121922,$GLGSV,75,,15
2026-06-02T17:18:34.121922,$GLGSV,76,,27
2026-06-02T17:18:34.122418,$GLGSV,81,,35
2026-06-02T17:18:34.122418,$GLGSV,88,,33
2026-06-02T17:18:34.123563,$GAGSV,04,,31
2026-06-02T17:18:34.123563,$GAGSV,05,,28
2026-06-02T17:18:34.123563,$GAGSV,06,,37
2026-06-02T17:18:34.123563,$GAGSV,09,,35
2026-06-02T17:18:34.124255,$GAGSV,10,,38
2026-06-02T17:18:34.124255,$GAGSV,11,,36
2026-06-02T17:18:34.124255,$GAGSV,12,,33
2026-06-02T17:18:34.124255,$GAGSV,36,,31
2026-06-02T17:18:34.125078,$GAGSV,04,,31
2026-06-02T17:18:34.125078,$GAGSV,05,,27
2026-06-02T17:18:34.125078,$GAGSV,06,,39
2026-06-02T17:18:34.125078,$GAGSV,09,,38
2026-06-02T17:18:34.125786,$GAGSV,10,,40
2026-06-02T17:18:34.125786,$GAGSV,11,,36
2026-06-02T17:18:34.125786,$GAGSV,12,,35
2026-06-02T17:18:34.125786,$GAGSV,36,,33
2026-06-02T17:18:34.128184,$GBGSV,06,,36
2026-06-02T17:18:34.128184,$GBGSV,07,,37
2026-06-02T17:18:34.128184,$GBGSV,08,,32
2026-06-02T17:18:34.128184,$GBGSV,09,,36
2026-06-02T17:18:34.128876,$GBGSV,10,,41
2026-06-02T17:18:34.128876,$GBGSV,13,,37
2026-06-02T17:18:34.128876,$GBGSV,14,,18
2026-06-02T17:18:34.128876,$GBGSV,34,,37
2026-06-02T17:18:34.129367,$GBGSV,09,,34
2026-06-02T17:18:34.129367,$GBGSV,10,,36
2026-06-02T17:18:35.113208,$GPGSV,10,,27
2026-06-02T17:18:35.113208,$GPGSV,18,,40
2026-06-02T17:18:35.113208,$GPGSV,23,,38
2026-06-02T17:18:35.113208,$GPGSV,24,,30
2026-06-02T17:18:35.113983,$GPGSV,25,,28
2026-06-02T17:18:35.113983,$GPGSV,29,,35
2026-06-02T17:18:35.113983,$GPGSV,32,,37
2026-06-02T17:18:35.113983,$GPGSV,41,,35
2026-06-02T17:18:35.114602,$GPGSV,42,,39
2026-06-02T17:18:35.114602,$GPGSV,50,,34
2026-06-02T17:18:35.115749,$GPGSV,10,,29
2026-06-02T17:18:35.115749,$GPGSV,18,,40
2026-06-02T17:18:35.115749,$GPGSV,23,,34
2026-06-02T17:18:35.115749,$GPGSV,24,,29
2026-06-02T17:18:35.116431,$GPGSV,29,,28
2026-06-02T17:18:35.116431,$GPGSV,32,,29
2026-06-02T17:18:35.118650,$GLGSV,66,,38
2026-06-02T17:18:35.118650,$GLGSV,76,,24
2026-06-02T17:18:35.118650,$GLGSV,87,,36
2026-06-02T17:18:35.118650,$GLGSV,88,,37
2026-06-02T17:18:35.119393,$GLGSV,66,,34
2026-06-02T17:18:35.119393,$GLGSV,67,,25
2026-06-02T17:18:35.119393,$GLGSV,75,,18
2026-06-02T17:18:35.119393,$GLGSV,76,,24
2026-06-02T17:18:35.119913,$GLGSV,81,,36
2026-06-02T17:18:35.119913,$GLGSV,88,,34
2026-06-02T17:18:35.121111,$GAGSV,04,,31
2026-06-02T17:18:35.121111,$GAGSV,05,,27
2026-06-02T17:18:35.121111,$GAGSV,06,,35
2026-06-02T17:18:35.121111,$GAGSV,09,,36
2026-06-02T17:18:35.121817,$GAGSV,10,,37
2026-06-02T17:18:35.121817,$GAGSV,11,,36
2026-06-02T17:18:35.121817,$GAGSV,12,,34
2026-06-02T17:18:35.121817,$GAGSV,36,,31
2026-06-02T17:18:35.122502,$GAGSV,04,,31
2026-06-02T17:18:35.122502,$GAGSV,05,,32
2026-06-02T17:18:35.122502,$GAGSV,06,,39
2026-06-02T17:18:35.122502,$GAGSV,09,,37
2026-06-02T17:18:35.123181,$GAGSV,10,,38
2026-06-02T17:18:35.123181,$GAGSV,11,,36
2026-06-02T17:18:35.123181,$GAGSV,12,,36
2026-06-02T17:18:35.123181,$GAGSV,36,,33
2026-06-02T17:18:35.124555,$GBGSV,06,,38
2026-06-02T17:18:35.124555,$GBGSV,07,,38
2026-06-02T17:18:35.124555,$GBGSV,08,,32
2026-06-02T17:18:35.124555,$GBGSV,09,,36
2026-06-02T17:18:35.125312,$GBGSV,10,,40
2026-06-02T17:18:35.125312,$GBGSV,13,,39
2026-06-02T17:18:35.125312,$GBGSV,14,,17
2026-06-02T17:18:35.125312,$GBGSV,34,,39
2026-06-02T17:18:35.125879,$GBGSV,09,,34
2026-06-02T17:18:35.125879,$GBGSV,10,,35
2026-06-02T17:18:36.119903,$GPGSV,10,,35
2026-06-02T17:18:36.119903,$GPGSV,18,,41
2026-06-02T17:18:36.119903,$GPGSV,23,,40
2026-06-02T17:18:36.119903,$GPGSV,24,,30
2026-06-02T17:18:36.120645,$GPGSV,25,,29
2026-06-02T17:18:36.120645,$GPGSV,29,,35
2026-06-02T17:18:36.120645,$GPGSV,32,,31
2026-06-02T17:18:36.120645,$GPGSV,41,,32
2026-06-02T17:18:36.121166,$GPGSV,42,,31
2026-06-02T17:18:36.121166,$GPGSV,50,,34
2026-06-02T17:18:36.121892,$GPGSV,10,,30
2026-06-02T17:18:36.121892,$GPGSV,18,,41
2026-06-02T17:18:36.121892,$GPGSV,23,,34
2026-06-02T17:18:36.121892,$GPGSV,29,,28
2026-06-02T17:18:36.122303,$GPGSV,32,,28
2026-06-02T17:18:36.124202,$GLGSV,66,,32
2026-06-02T17:18:36.124202,$GLGSV,76,,23
2026-06-02T17:18:36.124202,$GLGSV,81,,34
2026-06-02T17:18:36.124202,$GLGSV,87,,35
2026-06-02T17:18:36.124613,$GLGSV,88,,40
2026-06-02T17:18:36.125326,$GLGSV,66,,33
2026-06-02T17:18:36.125326,$GLGSV,67,,22
2026-06-02T17:18:36.125326,$GLGSV,75,,18
2026-06-02T17:18:36.125326,$GLGSV,76,,21
2026-06-02T17:18:36.125846,$GLGSV,81,,35
2026-06-02T17:18:36.125846,$GLGSV,88,,41
2026-06-02T17:18:36.127091,$GAGSV,04,,30
2026-06-02T17:18:36.127091,$GAGSV,05,,29
2026-06-02T17:18:36.127091,$GAGSV,06,,35
2026-06-02T17:18:36.127091,$GAGSV,09,,35
2026-06-02T17:18:36.128012,$GAGSV,10,,38
2026-06-02T17:18:36.128012,$GAGSV,11,,34
2026-06-02T17:18:36.128012,$GAGSV,12,,33
2026-06-02T17:18:36.128012,$GAGSV,36,,30
2026-06-02T17:18:36.128783,$GAGSV,04,,30
2026-06-02T17:18:36.128783,$GAGSV,05,,31
2026-06-02T17:18:36.128783,$GAGSV,06,,39
2026-06-02T17:18:36.128783,$GAGSV,09,,38
2026-06-02T17:18:36.129496,$GAGSV,10,,41
2026-06-02T17:18:36.129496,$GAGSV,11,,36
2026-06-02T17:18:36.129496,$GAGSV,12,,35
2026-06-02T17:18:36.129496,$GAGSV,36,,33
2026-06-02T17:18:36.130836,$GBGSV,06,,36
2026-06-02T17:18:36.130836,$GBGSV,07,,41
2026-06-02T17:18:36.130836,$GBGSV,08,,34
2026-06-02T17:18:36.130836,$GBGSV,09,,36
2026-06-02T17:18:36.131528,$GBGSV,10,,38
2026-06-02T17:18:36.131528,$GBGSV,13,,39
2026-06-02T17:18:36.131528,$GBGSV,14,,17
2026-06-02T17:18:36.131528,$GBGSV,34,,39
2026-06-02T17:18:36.132029,$GBGSV,09,,33
2026-06-02T17:18:36.132029,$GBGSV,10,,34
2026-06-02T17:18:37.121685,$GPGSV,10,,35
2026-06-02T17:18:37.121685,$GPGSV,18,,41
2026-06-02T17:18:37.121685,$GPGSV,23,,38
2026-06-02T17:18:37.121685,$GPGSV,24,,30
2026-06-02T17:18:37.122413,$GPGSV,25,,28
2026-06-02T17:18:37.122413,$GPGSV,29,,34
2026-06-02T17:18:37.122413,$GPGSV,32,,32
2026-06-02T17:18:37.122413,$GPGSV,41,,36
2026-06-02T17:18:37.122939,$GPGSV,42,,31
2026-06-02T17:18:37.122939,$GPGSV,50,,34
2026-06-02T17:18:37.123342,$GPGSV,24,,22
2026-06-02T17:18:37.124042,$GPGSV,10,,29
2026-06-02T17:18:37.124042,$GPGSV,18,,39
2026-06-02T17:18:37.124042,$GPGSV,23,,35
2026-06-02T17:18:37.124042,$GPGSV,29,,28
2026-06-02T17:18:37.124446,$GPGSV,32,,28
2026-06-02T17:18:37.126313,$GLGSV,66,,34
2026-06-02T17:18:37.126313,$GLGSV,76,,23
2026-06-02T17:18:37.126313,$GLGSV,81,,33
2026-06-02T17:18:37.126313,$GLGSV,87,,28
2026-06-02T17:18:37.126708,$GLGSV,88,,41
2026-06-02T17:18:37.127387,$GLGSV,66,,36
2026-06-02T17:18:37.127387,$GLGSV,67,,21
2026-06-02T17:18:37.127387,$GLGSV,75,,19
2026-06-02T17:18:37.127387,$GLGSV,76,,20
2026-06-02T17:18:37.127876,$GLGSV,81,,32
2026-06-02T17:18:37.127876,$GLGSV,88,,38
2026-06-02T17:18:37.129037,$GAGSV,04,,29
2026-06-02T17:18:37.129037,$GAGSV,05,,29
2026-06-02T17:18:37.129037,$GAGSV,06,,36
2026-06-02T17:18:37.129037,$GAGSV,09,,36
2026-06-02T17:18:37.129745,$GAGSV,10,,39
2026-06-02T17:18:37.129745,$GAGSV,11,,35
2026-06-02T17:18:37.129745,$GAGSV,12,,34
2026-06-02T17:18:37.129745,$GAGSV,36,,30
2026-06-02T17:18:37.130625,$GAGSV,04,,30
2026-06-02T17:18:37.130625,$GAGSV,05,,29
2026-06-02T17:18:37.130625,$GAGSV,06,,38
2026-06-02T17:18:37.130625,$GAGSV,09,,40
2026-06-02T17:18:37.131522,$GAGSV,10,,41
2026-06-02T17:18:37.131522,$GAGSV,11,,37
2026-06-02T17:18:37.131522,$GAGSV,12,,37
2026-06-02T17:18:37.131522,$GAGSV,36,,33
2026-06-02T17:18:37.132849,$GBGSV,06,,34
2026-06-02T17:18:37.132849,$GBGSV,07,,40
2026-06-02T17:18:37.132849,$GBGSV,08,,34
2026-06-02T17:18:37.132849,$GBGSV,09,,36
2026-06-02T17:18:37.133538,$GBGSV,10,,39
2026-06-02T17:18:37.133538,$GBGSV,13,,40
2026-06-02T17:18:37.133538,$GBGSV,14,,18
2026-06-02T17:18:37.133538,$GBGSV,34,,41
2026-06-02T17:18:37.134044,$GBGSV,09,,32
2026-06-02T17:18:37.134044,$GBGSV,10,,34
2026-06-02T17:18:38.127071,$GPGSV,10,,36
2026-06-02T17:18:38.127071,$GPGSV,18,,41
2026-06-02T17:18:38.127071,$GPGSV,23,,40
2026-06-02T17:18:38.127071,$GPGSV,24,,28
2026-06-02T17:18:38.130570,$GPGSV,25,,32
2026-06-02T17:18:38.130570,$GPGSV,29,,34
2026-06-02T17:18:38.130570,$GPGSV,32,,29
2026-06-02T17:18:38.130570,$GPGSV,41,,40
2026-06-02T17:18:38.132327,$GPGSV,42,,35
2026-06-02T17:18:38.132327,$GPGSV,50,,35
2026-06-02T17:18:38.135836,$GPGSV,10,,30
2026-06-02T17:18:38.135836,$GPGSV,18,,41
2026-06-02T17:18:38.135836,$GPGSV,23,,35
2026-06-02T17:18:38.135836,$GPGSV,24,,22
2026-06-02T17:18:38.137554,$GPGSV,29,,28
2026-06-02T17:18:38.137554,$GPGSV,32,,27
2026-06-02T17:18:38.144000,$GLGSV,66,,38
2026-06-02T17:18:38.144000,$GLGSV,76,,22
2026-06-02T17:18:38.144000,$GLGSV,81,,28
2026-06-02T17:18:38.144000,$GLGSV,87,,36
2026-06-02T17:18:38.146256,$GLGSV,88,,36
2026-06-02T17:18:38.149262,$GLGSV,66,,36
2026-06-02T17:18:38.149262,$GLGSV,67,,20
2026-06-02T17:18:38.149262,$GLGSV,75,,21
2026-06-02T17:18:38.149262,$GLGSV,76,,21
2026-06-02T17:18:38.151092,$GLGSV,81,,36
2026-06-02T17:18:38.151092,$GLGSV,88,,38
2026-06-02T17:18:38.153969,$GAGSV,04,,28
2026-06-02T17:18:38.153969,$GAGSV,05,,30
2026-06-02T17:18:38.153969,$GAGSV,06,,36
2026-06-02T17:18:38.153969,$GAGSV,09,,35
2026-06-02T17:18:38.155442,$GAGSV,10,,39
2026-06-02T17:18:38.155442,$GAGSV,11,,35
2026-06-02T17:18:38.155442,$GAGSV,12,,32
2026-06-02T17:18:38.155442,$GAGSV,36,,30
2026-06-02T17:18:38.156504,$GAGSV,04,,25
2026-06-02T17:18:38.156504,$GAGSV,05,,29
2026-06-02T17:18:38.156504,$GAGSV,06,,39
2026-06-02T17:18:38.156504,$GAGSV,09,,39
2026-06-02T17:18:38.157516,$GAGSV,10,,40
2026-06-02T17:18:38.157516,$GAGSV,11,,37
2026-06-02T17:18:38.157516,$GAGSV,12,,35
2026-06-02T17:18:38.157516,$GAGSV,36,,34
2026-06-02T17:18:38.159166,$GBGSV,06,,34
2026-06-02T17:18:38.159166,$GBGSV,07,,41
2026-06-02T17:18:38.159166,$GBGSV,08,,34
2026-06-02T17:18:38.159166,$GBGSV,09,,37
2026-06-02T17:18:38.160001,$GBGSV,10,,40
2026-06-02T17:18:38.160001,$GBGSV,13,,41
2026-06-02T17:18:38.160001,$GBGSV,14,,20
2026-06-02T17:18:38.160001,$GBGSV,34,,37
2026-06-02T17:18:38.160591,$GBGSV,09,,33
2026-06-02T17:18:38.160591,$GBGSV,10,,35
2026-06-02T17:18:39.120374,$GPGSV,10,,33
2026-06-02T17:18:39.120374,$GPGSV,18,,42
2026-06-02T17:18:39.120374,$GPGSV,23,,38
2026-06-02T17:18:39.120374,$GPGSV,24,,22
2026-06-02T17:18:39.121076,$GPGSV,25,,31
2026-06-02T17:18:39.121076,$GPGSV,29,,33
2026-06-02T17:18:39.121076,$GPGSV,32,,38
2026-06-02T17:18:39.121076,$GPGSV,41,,42
2026-06-02T17:18:39.121568,$GPGSV,42,,40
2026-06-02T17:18:39.121568,$GPGSV,50,,35
2026-06-02T17:18:39.122265,$GPGSV,10,,31
2026-06-02T17:18:39.122265,$GPGSV,18,,41
2026-06-02T17:18:39.122265,$GPGSV,23,,35
2026-06-02T17:18:39.122265,$GPGSV,24,,21
2026-06-02T17:18:39.122751,$GPGSV,29,,29
2026-06-02T17:18:39.122751,$GPGSV,32,,32
2026-06-02T17:18:39.124562,$GLGSV,66,,40
2026-06-02T17:18:39.124562,$GLGSV,76,,21
2026-06-02T17:18:39.124562,$GLGSV,81,,32
2026-06-02T17:18:39.124562,$GLGSV,87,,36
2026-06-02T17:18:39.124938,$GLGSV,88,,36
2026-06-02T17:18:39.125586,$GLGSV,66,,35
2026-06-02T17:18:39.125586,$GLGSV,67,,20
2026-06-02T17:18:39.125586,$GLGSV,75,,21
2026-06-02T17:18:39.125586,$GLGSV,76,,22
2026-06-02T17:18:39.126651,$GLGSV,81,,34
2026-06-02T17:18:39.126651,$GLGSV,88,,38
2026-06-02T17:18:39.128030,$GAGSV,04,,25
2026-06-02T17:18:39.128030,$GAGSV,05,,28
2026-06-02T17:18:39.128030,$GAGSV,06,,36
2026-06-02T17:18:39.128030,$GAGSV,09,,34
2026-06-02T17:18:39.128682,$GAGSV,10,,39
2026-06-02T17:18:39.128682,$GAGSV,11,,34
2026-06-02T17:18:39.128682,$GAGSV,12,,33
2026-06-02T17:18:39.128682,$GAGSV,36,,29
2026-06-02T17:18:39.129324,$GAGSV,04,,31
2026-06-02T17:18:39.129324,$GAGSV,05,,36
2026-06-02T17:18:39.129324,$GAGSV,06,,41
2026-06-02T17:18:39.129324,$GAGSV,09,,39
2026-06-02T17:18:39.129995,$GAGSV,10,,40
2026-06-02T17:18:39.129995,$GAGSV,11,,37
2026-06-02T17:18:39.129995,$GAGSV,12,,35
2026-06-02T17:18:39.129995,$GAGSV,36,,36
2026-06-02T17:18:39.131194,$GBGSV,06,,32
2026-06-02T17:18:39.131194,$GBGSV,07,,42
2026-06-02T17:18:39.131194,$GBGSV,08,,34
2026-06-02T17:18:39.131194,$GBGSV,09,,36
2026-06-02T17:18:39.131825,$GBGSV,10,,41
2026-06-02T17:18:39.131825,$GBGSV,13,,42
2026-06-02T17:18:39.131825,$GBGSV,14,,21
2026-06-02T17:18:39.131825,$GBGSV,34,,41
2026-06-02T17:18:39.132275,$GBGSV,09,,33
2026-06-02T17:18:39.132275,$GBGSV,10,,36
2026-06-02T17:18:40.119956,$GPGSV,10,,36
2026-06-02T17:18:40.119956,$GPGSV,18,,42
2026-06-02T17:18:40.119956,$GPGSV,23,,39
2026-06-02T17:18:40.119956,$GPGSV,24,,23
2026-06-02T17:18:40.120690,$GPGSV,25,,31
2026-06-02T17:18:40.120690,$GPGSV,29,,35
2026-06-02T17:18:40.120690,$GPGSV,32,,40
2026-06-02T17:18:40.120690,$GPGSV,41,,43
2026-06-02T17:18:40.121209,$GPGSV,42,,41
2026-06-02T17:18:40.121209,$GPGSV,50,,35
2026-06-02T17:18:40.121933,$GPGSV,10,,30
2026-06-02T17:18:40.121933,$GPGSV,18,,40
2026-06-02T17:18:40.121933,$GPGSV,23,,34
2026-06-02T17:18:40.121933,$GPGSV,24,,19
2026-06-02T17:18:40.122449,$GPGSV,29,,29
2026-06-02T17:18:40.122449,$GPGSV,32,,36
2026-06-02T17:18:40.124347,$GLGSV,66,,35
2026-06-02T17:18:40.124347,$GLGSV,76,,22
2026-06-02T17:18:40.124347,$GLGSV,81,,35
2026-06-02T17:18:40.124347,$GLGSV,87,,37
2026-06-02T17:18:40.124758,$GLGSV,88,,40
2026-06-02T17:18:40.125468,$GLGSV,66,,36
2026-06-02T17:18:40.125468,$GLGSV,67,,20
2026-06-02T17:18:40.125468,$GLGSV,75,,21
2026-06-02T17:18:40.125468,$GLGSV,76,,22
2026-06-02T17:18:40.126100,$GLGSV,81,,36
2026-06-02T17:18:40.126100,$GLGSV,88,,40
2026-06-02T17:18:40.127606,$GAGSV,04,,24
2026-06-02T17:18:40.127606,$GAGSV,05,,29
2026-06-02T17:18:40.127606,$GAGSV,06,,37
2026-06-02T17:18:40.127606,$GAGSV,09,,35
2026-06-02T17:18:40.128302,$GAGSV,10,,39
2026-06-02T17:18:40.128302,$GAGSV,11,,34
2026-06-02T17:18:40.128302,$GAGSV,12,,32
2026-06-02T17:18:40.128302,$GAGSV,36,,29
2026-06-02T17:18:40.128995,$GAGSV,04,,25
2026-06-02T17:18:40.128995,$GAGSV,05,,33
2026-06-02T17:18:40.128995,$GAGSV,06,,41
2026-06-02T17:18:40.128995,$GAGSV,09,,39
2026-06-02T17:18:40.129704,$GAGSV,10,,40
2026-06-02T17:18:40.129704,$GAGSV,11,,37
2026-06-02T17:18:40.129704,$GAGSV,12,,35
2026-06-02T17:18:40.129704,$GAGSV,36,,35
2026-06-02T17:18:40.131007,$GBGSV,06,,25
2026-06-02T17:18:40.131007,$GBGSV,07,,42
2026-06-02T17:18:40.131007,$GBGSV,08,,32
2026-06-02T17:18:40.131007,$GBGSV,09,,38
2026-06-02T17:18:40.131693,$GBGSV,10,,39
2026-06-02T17:18:40.131693,$GBGSV,13,,39
2026-06-02T17:18:40.131693,$GBGSV,14,,20
2026-06-02T17:18:40.131693,$GBGSV,34,,40
2026-06-02T17:18:40.132181,$GBGSV,09,,33
2026-06-02T17:18:40.132181,$GBGSV,10,,37
2026-06-02T17:18:41.120889,$GPGSV,10,,36
2026-06-02T17:18:41.120889,$GPGSV,18,,42
2026-06-02T17:18:41.120889,$GPGSV,23,,39
2026-06-02T17:18:41.120889,$GPGSV,24,,21
2026-06-02T17:18:41.121639,$GPGSV,25,,30
2026-06-02T17:18:41.121639,$GPGSV,29,,35
2026-06-02T17:18:41.121639,$GPGSV,32,,37
2026-06-02T17:18:41.121639,$GPGSV,41,,42
2026-06-02T17:18:41.122162,$GPGSV,42,,41
2026-06-02T17:18:41.122162,$GPGSV,50,,38
2026-06-02T17:18:41.122874,$GPGSV,10,,29
2026-06-02T17:18:41.122874,$GPGSV,18,,40
2026-06-02T17:18:41.122874,$GPGSV,23,,35
2026-06-02T17:18:41.122874,$GPGSV,24,,17
2026-06-02T17:18:41.123387,$GPGSV,29,,29
2026-06-02T17:18:41.123387,$GPGSV,32,,34
2026-06-02T17:18:41.125276,$GLGSV,65,,20
2026-06-02T17:18:41.125276,$GLGSV,66,,35
2026-06-02T17:18:41.125276,$GLGSV,76,,23
2026-06-02T17:18:41.125276,$GLGSV,81,,36
2026-06-02T17:18:41.125819,$GLGSV,87,,34
2026-06-02T17:18:41.125819,$GLGSV,88,,39
2026-06-02T17:18:41.126540,$GLGSV,66,,34
2026-06-02T17:18:41.126540,$GLGSV,67,,23
2026-06-02T17:18:41.126540,$GLGSV,75,,19
2026-06-02T17:18:41.126540,$GLGSV,76,,20
2026-06-02T17:18:41.127354,$GLGSV,81,,38
2026-06-02T17:18:41.127354,$GLGSV,88,,40
2026-06-02T17:18:41.128573,$GAGSV,04,,23
2026-06-02T17:18:41.128573,$GAGSV,05,,30
2026-06-02T17:18:41.128573,$GAGSV,06,,38
2026-06-02T17:18:41.128573,$GAGSV,09,,36
2026-06-02T17:18:41.129297,$GAGSV,10,,39
2026-06-02T17:18:41.129297,$GAGSV,11,,35
2026-06-02T17:18:41.129297,$GAGSV,12,,33
2026-06-02T17:18:41.129297,$GAGSV,36,,30
2026-06-02T17:18:41.130000,$GAGSV,04,,26
2026-06-02T17:18:41.130000,$GAGSV,05,,35
2026-06-02T17:18:41.130000,$GAGSV,06,,39
2026-06-02T17:18:41.130000,$GAGSV,09,,40
2026-06-02T17:18:41.130691,$GAGSV,10,,40
2026-06-02T17:18:41.130691,$GAGSV,11,,37
2026-06-02T17:18:41.130691,$GAGSV,12,,36
2026-06-02T17:18:41.130691,$GAGSV,36,,36
2026-06-02T17:18:41.131977,$GBGSV,06,,25
2026-06-02T17:18:41.131977,$GBGSV,07,,40
2026-06-02T17:18:41.131977,$GBGSV,08,,33
2026-06-02T17:18:41.131977,$GBGSV,09,,35
2026-06-02T17:18:41.132663,$GBGSV,10,,40
2026-06-02T17:18:41.132663,$GBGSV,13,,34
2026-06-02T17:18:41.132663,$GBGSV,14,,21
2026-06-02T17:18:41.132663,$GBGSV,34,,39
2026-06-02T17:18:41.133197,$GBGSV,09,,34
2026-06-02T17:18:41.133197,$GBGSV,10,,37
2026-06-02T17:18:42.119838,$GPGSV,10,,38
2026-06-02T17:18:42.119838,$GPGSV,18,,42
2026-06-02T17:18:42.119838,$GPGSV,23,,39
2026-06-02T17:18:42.119838,$GPGSV,25,,30
2026-06-02T17:18:42.120581,$GPGSV,29,,35
2026-06-02T17:18:42.120581,$GPGSV,32,,38
2026-06-02T17:18:42.120581,$GPGSV,41,,42
2026-06-02T17:18:42.120581,$GPGSV,42,,40
2026-06-02T17:18:42.120999,$GPGSV,50,,38
2026-06-02T17:18:42.121756,$GPGSV,10,,29
2026-06-02T17:18:42.121756,$GPGSV,18,,41
2026-06-02T17:18:42.121756,$GPGSV,23,,35
2026-06-02T17:18:42.121756,$GPGSV,24,,17
2026-06-02T17:18:42.122277,$GPGSV,29,,29
2026-06-02T17:18:42.122277,$GPGSV,32,,36
2026-06-02T17:18:42.124191,$GLGSV,65,,19
2026-06-02T17:18:42.124191,$GLGSV,66,,36
2026-06-02T17:18:42.124191,$GLGSV,76,,24
2026-06-02T17:18:42.124191,$GLGSV,81,,40
2026-06-02T17:18:42.124704,$GLGSV,87,,34
2026-06-02T17:18:42.124704,$GLGSV,88,,37
2026-06-02T17:18:42.125650,$GLGSV,66,,33
2026-06-02T17:18:42.125650,$GLGSV,67,,31
2026-06-02T17:18:42.125650,$GLGSV,75,,20
2026-06-02T17:18:42.125650,$GLGSV,76,,22
2026-06-02T17:18:42.126511,$GLGSV,81,,36
2026-06-02T17:18:42.126511,$GLGSV,88,,37
2026-06-02T17:18:42.128185,$GAGSV,04,,23
2026-06-02T17:18:42.128185,$GAGSV,05,,33
2026-06-02T17:18:42.128185,$GAGSV,06,,38
2026-06-02T17:18:42.128185,$GAGSV,09,,36
2026-06-02T17:18:42.128912,$GAGSV,10,,38
2026-06-02T17:18:42.128912,$GAGSV,11,,35
2026-06-02T17:18:42.128912,$GAGSV,12,,32
2026-06-02T17:18:42.128912,$GAGSV,36,,31
2026-06-02T17:18:42.129618,$GAGSV,04,,26
2026-06-02T17:18:42.129618,$GAGSV,05,,36
2026-06-02T17:18:42.129618,$GAGSV,06,,39
2026-06-02T17:18:42.129618,$GAGSV,09,,39
2026-06-02T17:18:42.130336,$GAGSV,10,,40
2026-06-02T17:18:42.130336,$GAGSV,11,,37
2026-06-02T17:18:42.130336,$GAGSV,12,,35
2026-06-02T17:18:42.130336,$GAGSV,36,,32
2026-06-02T17:18:42.131733,$GBGSV,06,,26
2026-06-02T17:18:42.131733,$GBGSV,07,,42
2026-06-02T17:18:42.131733,$GBGSV,08,,35
2026-06-02T17:18:42.131733,$GBGSV,09,,34
2026-06-02T17:18:42.132420,$GBGSV,10,,41
2026-06-02T17:18:42.132420,$GBGSV,13,,35
2026-06-02T17:18:42.132420,$GBGSV,14,,19
2026-06-02T17:18:42.132420,$GBGSV,34,,40
2026-06-02T17:18:42.132912,$GBGSV,09,,31
2026-06-02T17:18:42.132912,$GBGSV,10,,37
2026-06-02T17:18:43.118227,$GPGSV,10,,38
2026-06-02T17:18:43.118227,$GPGSV,18,,41
2026-06-02T17:18:43.118227,$GPGSV,23,,37
2026-06-02T17:18:43.118227,$GPGSV,25,,20
2026-06-02T17:18:43.118945,$GPGSV,29,,34
2026-06-02T17:18:43.118945,$GPGSV,32,,38
2026-06-02T17:18:43.118945,$GPGSV,41,,42
2026-06-02T17:18:43.118945,$GPGSV,42,,41
2026-06-02T17:18:43.119345,$GPGSV,50,,36
2026-06-02T17:18:43.120032,$GPGSV,10,,29
2026-06-02T17:18:43.120032,$GPGSV,18,,41
2026-06-02T17:18:43.120032,$GPGSV,23,,35
2026-06-02T17:18:43.120032,$GPGSV,24,,17
2026-06-02T17:18:43.120525,$GPGSV,29,,29
2026-06-02T17:18:43.120525,$GPGSV,32,,32
2026-06-02T17:18:43.122377,$GLGSV,65,,20
2026-06-02T17:18:43.122377,$GLGSV,66,,34
2026-06-02T17:18:43.122377,$GLGSV,76,,25
2026-06-02T17:18:43.122377,$GLGSV,81,,38
2026-06-02T17:18:43.122866,$GLGSV,87,,34
2026-06-02T17:18:43.122866,$GLGSV,88,,37
2026-06-02T17:18:43.123549,$GLGSV,66,,34
2026-06-02T17:18:43.123549,$GLGSV,67,,25
2026-06-02T17:18:43.123549,$GLGSV,75,,21
2026-06-02T17:18:43.123549,$GLGSV,76,,23
2026-06-02T17:18:43.124033,$GLGSV,81,,36
2026-06-02T17:18:43.124033,$GLGSV,88,,34
2026-06-02T17:18:43.125366,$GAGSV,04,,21
2026-06-02T17:18:43.125366,$GAGSV,05,,32
2026-06-02T17:18:43.125366,$GAGSV,06,,38
2026-06-02T17:18:43.125366,$GAGSV,09,,37
2026-06-02T17:18:43.126520,$GAGSV,10,,39
2026-06-02T17:18:43.126520,$GAGSV,11,,35
2026-06-02T17:18:43.126520,$GAGSV,12,,32
2026-06-02T17:18:43.126520,$GAGSV,36,,30
2026-06-02T17:18:43.127410,$GAGSV,04,,25
2026-06-02T17:18:43.127410,$GAGSV,05,,34
2026-06-02T17:18:43.127410,$GAGSV,06,,39
2026-06-02T17:18:43.127410,$GAGSV,09,,38
2026-06-02T17:18:43.128087,$GAGSV,10,,39
2026-06-02T17:18:43.128087,$GAGSV,11,,36
2026-06-02T17:18:43.128087,$GAGSV,12,,36
2026-06-02T17:18:43.128087,$GAGSV,36,,35
2026-06-02T17:18:43.129337,$GBGSV,06,,27
2026-06-02T17:18:43.129337,$GBGSV,07,,42
2026-06-02T17:18:43.129337,$GBGSV,08,,34
2026-06-02T17:18:43.129337,$GBGSV,09,,37
2026-06-02T17:18:43.130013,$GBGSV,10,,41
2026-06-02T17:18:43.130013,$GBGSV,13,,35
2026-06-02T17:18:43.130013,$GBGSV,14,,20
2026-06-02T17:18:43.130013,$GBGSV,34,,35
2026-06-02T17:18:43.130485,$GBGSV,09,,32
2026-06-02T17:18:43.130485,$GBGSV,10,,36
2026-06-02T17:18:44.111147,$GPGSV,10,,35
2026-06-02T17:18:44.111147,$GPGSV,18,,42
2026-06-02T17:18:44.111147,$GPGSV,23,,39
2026-06-02T17:18:44.111147,$GPGSV,25,,19
2026-06-02T17:18:44.111850,$GPGSV,29,,31
2026-06-02T17:18:44.111850,$GPGSV,32,,38
2026-06-02T17:18:44.111850,$GPGSV,41,,42
2026-06-02T17:18:44.111850,$GPGSV,42,,41
2026-06-02T17:18:44.112245,$GPGSV,50,,33
2026-06-02T17:18:44.112929,$GPGSV,10,,23
2026-06-02T17:18:44.112929,$GPGSV,18,,41
2026-06-02T17:18:44.112929,$GPGSV,23,,36
2026-06-02T17:18:44.112929,$GPGSV,24,,16
2026-06-02T17:18:44.113417,$GPGSV,29,,28
2026-06-02T17:18:44.113417,$GPGSV,32,,32
2026-06-02T17:18:44.115278,$GLGSV,65,,21
2026-06-02T17:18:44.115278,$GLGSV,66,,39
2026-06-02T17:18:44.115278,$GLGSV,76,,24
2026-06-02T17:18:44.115278,$GLGSV,81,,37
2026-06-02T17:18:44.115748,$GLGSV,87,,34
2026-06-02T17:18:44.115748,$GLGSV,88,,42
2026-06-02T17:18:44.116399,$GLGSV,66,,36
2026-06-02T17:18:44.116399,$GLGSV,67,,23
2026-06-02T17:18:44.116399,$GLGSV,75,,22
2026-06-02T17:18:44.116399,$GLGSV,76,,23
2026-06-02T17:18:44.116881,$GLGSV,81,,36
2026-06-02T17:18:44.116881,$GLGSV,88,,39
2026-06-02T17:18:44.118145,$GAGSV,04,,20
2026-06-02T17:18:44.118145,$GAGSV,05,,31
2026-06-02T17:18:44.118145,$GAGSV,06,,38
2026-06-02T17:18:44.118145,$GAGSV,09,,37
2026-06-02T17:18:44.119180,$GAGSV,10,,39
2026-06-02T17:18:44.119180,$GAGSV,11,,35
2026-06-02T17:18:44.119180,$GAGSV,12,,35
2026-06-02T17:18:44.119180,$GAGSV,36,,29
2026-06-02T17:18:44.120078,$GAGSV,04,,24
2026-06-02T17:18:44.120078,$GAGSV,05,,29
2026-06-02T17:18:44.120078,$GAGSV,06,,39
2026-06-02T17:18:44.120078,$GAGSV,09,,39
2026-06-02T17:18:44.120727,$GAGSV,10,,39
2026-06-02T17:18:44.120727,$GAGSV,11,,37
2026-06-02T17:18:44.120727,$GAGSV,12,,35
2026-06-02T17:18:44.120727,$GAGSV,36,,32
2026-06-02T17:18:44.121939,$GBGSV,06,,32
2026-06-02T17:18:44.121939,$GBGSV,07,,42
2026-06-02T17:18:44.121939,$GBGSV,08,,35
2026-06-02T17:18:44.121939,$GBGSV,09,,38
2026-06-02T17:18:44.122548,$GBGSV,10,,41
2026-06-02T17:18:44.122548,$GBGSV,13,,30
2026-06-02T17:18:44.122548,$GBGSV,14,,19
2026-06-02T17:18:44.122548,$GBGSV,34,,39
2026-06-02T17:18:44.122986,$GBGSV,09,,32
2026-06-02T17:18:44.122986,$GBGSV,10,,36
2026-06-02T17:18:45.132271,$GPGSV,10,,36
2026-06-02T17:18:45.132271,$GPGSV,18,,42
2026-06-02T17:18:45.132271,$GPGSV,23,,39
2026-06-02T17:18:45.132271,$GPGSV,25,,30
2026-06-02T17:18:45.132975,$GPGSV,29,,36
2026-06-02T17:18:45.132975,$GPGSV,32,,38
2026-06-02T17:18:45.132975,$GPGSV,41,,43
2026-06-02T17:18:45.132975,$GPGSV,42,,40
2026-06-02T17:18:45.133369,$GPGSV,50,,35
2026-06-02T17:18:45.134066,$GPGSV,10,,30
2026-06-02T17:18:45.134066,$GPGSV,18,,41
2026-06-02T17:18:45.134066,$GPGSV,23,,36
2026-06-02T17:18:45.134066,$GPGSV,24,,14
2026-06-02T17:18:45.134557,$GPGSV,29,,27
2026-06-02T17:18:45.134557,$GPGSV,32,,32
2026-06-02T17:18:45.136323,$GLGSV,65,,23
2026-06-02T17:18:45.136323,$GLGSV,66,,37
2026-06-02T17:18:45.136323,$GLGSV,76,,24
2026-06-02T17:18:45.136323,$GLGSV,81,,37
2026-06-02T17:18:45.136825,$GLGSV,87,,35
2026-06-02T17:18:45.136825,$GLGSV,88,,44
2026-06-02T17:18:45.137480,$GLGSV,66,,39
2026-06-02T17:18:45.137480,$GLGSV,67,,22
2026-06-02T17:18:45.137480,$GLGSV,75,,20
2026-06-02T17:18:45.137480,$GLGSV,76,,24
2026-06-02T17:18:45.137952,$GLGSV,81,,37
2026-06-02T17:18:45.137952,$GLGSV,88,,43
2026-06-02T17:18:45.138912,$GAGSV,04,,21
2026-06-02T17:18:45.138912,$GAGSV,05,,29
2026-06-02T17:18:45.138912,$GAGSV,06,,37
2026-06-02T17:18:45.138912,$GAGSV,09,,37
2026-06-02T17:18:45.139544,$GAGSV,10,,39
2026-06-02T17:18:45.139544,$GAGSV,11,,35
2026-06-02T17:18:45.139544,$GAGSV,12,,35
2026-06-02T17:18:45.139544,$GAGSV,36,,30
2026-06-02T17:18:45.140183,$GAGSV,04,,24
2026-06-02T17:18:45.140183,$GAGSV,05,,30
2026-06-02T17:18:45.140183,$GAGSV,06,,39
2026-06-02T17:18:45.140183,$GAGSV,09,,41
2026-06-02T17:18:45.140791,$GAGSV,10,,41
2026-06-02T17:18:45.140791,$GAGSV,11,,37
2026-06-02T17:18:45.140791,$GAGSV,12,,32
2026-06-02T17:18:45.140791,$GAGSV,36,,31
2026-06-02T17:18:45.142188,$GBGSV,06,,31
2026-06-02T17:18:45.142188,$GBGSV,07,,42
2026-06-02T17:18:45.142188,$GBGSV,08,,37
2026-06-02T17:18:45.142188,$GBGSV,09,,38
2026-06-02T17:18:45.142780,$GBGSV,10,,39
2026-06-02T17:18:45.142780,$GBGSV,13,,29
2026-06-02T17:18:45.142780,$GBGSV,14,,18
2026-06-02T17:18:45.142780,$GBGSV,34,,39
2026-06-02T17:18:45.143199,$GBGSV,09,,32
2026-06-02T17:18:45.143199,$GBGSV,10,,37
2026-06-02T17:18:46.121343,$GPGSV,10,,35
2026-06-02T17:18:46.121343,$GPGSV,18,,42
2026-06-02T17:18:46.121343,$GPGSV,23,,40
2026-06-02T17:18:46.121343,$GPGSV,25,,30
2026-06-02T17:18:46.122089,$GPGSV,29,,35
2026-06-02T17:18:46.122089,$GPGSV,32,,40
2026-06-02T17:18:46.122089,$GPGSV,41,,43
2026-06-02T17:18:46.122089,$GPGSV,42,,41
2026-06-02T17:18:46.122505,$GPGSV,50,,38
2026-06-02T17:18:46.123210,$GPGSV,10,,29
2026-06-02T17:18:46.123210,$GPGSV,18,,41
2026-06-02T17:18:46.123210,$GPGSV,23,,35
2026-06-02T17:18:46.123210,$GPGSV,24,,16
2026-06-02T17:18:46.123716,$GPGSV,29,,28
2026-06-02T17:18:46.123716,$GPGSV,32,,34
2026-06-02T17:18:46.125591,$GLGSV,65,,23
2026-06-02T17:18:46.125591,$GLGSV,66,,38
2026-06-02T17:18:46.125591,$GLGSV,76,,24
2026-06-02T17:18:46.125591,$GLGSV,81,,37
2026-06-02T17:18:46.126129,$GLGSV,87,,33
2026-06-02T17:18:46.126129,$GLGSV,88,,43
2026-06-02T17:18:46.126852,$GLGSV,66,,38
2026-06-02T17:18:46.126852,$GLGSV,67,,23
2026-06-02T17:18:46.126852,$GLGSV,75,,21
2026-06-02T17:18:46.126852,$GLGSV,76,,23
2026-06-02T17:18:46.127393,$GLGSV,81,,38
2026-06-02T17:18:46.127393,$GLGSV,88,,43
2026-06-02T17:18:46.128489,$GAGSV,04,,20
2026-06-02T17:18:46.128489,$GAGSV,05,,29
2026-06-02T17:18:46.128489,$GAGSV,06,,37
2026-06-02T17:18:46.128489,$GAGSV,09,,37
2026-06-02T17:18:46.129218,$GAGSV,10,,38
2026-06-02T17:18:46.129218,$GAGSV,11,,35
2026-06-02T17:18:46.129218,$GAGSV,12,,35
2026-06-02T17:18:46.129218,$GAGSV,36,,30
2026-06-02T17:18:46.129925,$GAGSV,04,,25
2026-06-02T17:18:46.129925,$GAGSV,05,,30
2026-06-02T17:18:46.129925,$GAGSV,06,,39
2026-06-02T17:18:46.129925,$GAGSV,09,,39
2026-06-02T17:18:46.130616,$GAGSV,10,,41
2026-06-02T17:18:46.130616,$GAGSV,11,,37
2026-06-02T17:18:46.130616,$GAGSV,12,,33
2026-06-02T17:18:46.130616,$GAGSV,36,,30
2026-06-02T17:18:46.131919,$GBGSV,06,,30
2026-06-02T17:18:46.131919,$GBGSV,07,,41
2026-06-02T17:18:46.131919,$GBGSV,08,,37
2026-06-02T17:18:46.131919,$GBGSV,09,,38
2026-06-02T17:18:46.132609,$GBGSV,10,,40
2026-06-02T17:18:46.132609,$GBGSV,13,,30
2026-06-02T17:18:46.132609,$GBGSV,14,,16
2026-06-02T17:18:46.132609,$GBGSV,34,,36
2026-06-02T17:18:46.133093,$GBGSV,09,,33
2026-06-02T17:18:46.133093,$GBGSV,10,,37
2026-06-02T17:18:47.120924,$GPGSV,10,,34
2026-06-02T17:18:47.120924,$GPGSV,18,,41
2026-06-02T17:18:47.120924,$GPGSV,23,,40
2026-06-02T17:18:47.120924,$GPGSV,25,,30
2026-06-02T17:18:47.121791,$GPGSV,29,,35
2026-06-02T17:18:47.121791,$GPGSV,32,,40
2026-06-02T17:18:47.121791,$GPGSV,41,,41
2026-06-02T17:18:47.121791,$GPGSV,42,,41
2026-06-02T17:18:47.122218,$GPGSV,50,,38
2026-06-02T17:18:47.122922,$GPGSV,10,,29
2026-06-02T17:18:47.122922,$GPGSV,18,,41
2026-06-02T17:18:47.122922,$GPGSV,23,,35
2026-06-02T17:18:47.122922,$GPGSV,24,,16
2026-06-02T17:18:47.123435,$GPGSV,29,,27
2026-06-02T17:18:47.123435,$GPGSV,32,,32
2026-06-02T17:18:47.125319,$GLGSV,65,,22
2026-06-02T17:18:47.125319,$GLGSV,66,,38
2026-06-02T17:18:47.125319,$GLGSV,76,,23
2026-06-02T17:18:47.125319,$GLGSV,81,,37
2026-06-02T17:18:47.125873,$GLGSV,87,,33
2026-06-02T17:18:47.125873,$GLGSV,88,,41
2026-06-02T17:18:47.126581,$GLGSV,66,,39
2026-06-02T17:18:47.126581,$GLGSV,67,,22
2026-06-02T17:18:47.126581,$GLGSV,75,,21
2026-06-02T17:18:47.126581,$GLGSV,76,,22
2026-06-02T17:18:47.127091,$GLGSV,81,,35
2026-06-02T17:18:47.127091,$GLGSV,88,,43
2026-06-02T17:18:47.128170,$GAGSV,04,,21
2026-06-02T17:18:47.128170,$GAGSV,05,,29
2026-06-02T17:18:47.128170,$GAGSV,06,,37
2026-06-02T17:18:47.128170,$GAGSV,09,,38
2026-06-02T17:18:47.128885,$GAGSV,10,,38
2026-06-02T17:18:47.128885,$GAGSV,11,,35
2026-06-02T17:18:47.128885,$GAGSV,12,,33
2026-06-02T17:18:47.128885,$GAGSV,36,,30
2026-06-02T17:18:47.129645,$GAGSV,04,,24
2026-06-02T17:18:47.129645,$GAGSV,05,,29
2026-06-02T17:18:47.129645,$GAGSV,06,,40
2026-06-02T17:18:47.129645,$GAGSV,09,,39
2026-06-02T17:18:47.130396,$GAGSV,10,,41
2026-06-02T17:18:47.130396,$GAGSV,11,,37
2026-06-02T17:18:47.130396,$GAGSV,12,,34
2026-06-02T17:18:47.130396,$GAGSV,36,,34
2026-06-02T17:18:47.132069,$GBGSV,06,,25
2026-06-02T17:18:47.132069,$GBGSV,07,,42
2026-06-02T17:18:47.132069,$GBGSV,08,,37
2026-06-02T17:18:47.132069,$GBGSV,09,,38
2026-06-02T17:18:47.132777,$GBGSV,10,,40
2026-06-02T17:18:47.132777,$GBGSV,13,,31
2026-06-02T17:18:47.132777,$GBGSV,14,,16
2026-06-02T17:18:47.132777,$GBGSV,34,,33
2026-06-02T17:18:47.133266,$GBGSV,09,,33
2026-06-02T17:18:47.133266,$GBGSV,10,,37
2026-06-02T17:18:48.126363,$GPGSV,10,,34
2026-06-02T17:18:48.126363,$GPGSV,13,,21
2026-06-02T17:18:48.126363,$GPGSV,18,,40
2026-06-02T17:18:48.126363,$GPGSV,23,,40
2026-06-02T17:18:48.127116,$GPGSV,25,,31
2026-06-02T17:18:48.127116,$GPGSV,29,,35
2026-06-02T17:18:48.127116,$GPGSV,32,,38
2026-06-02T17:18:48.127116,$GPGSV,41,,40
2026-06-02T17:18:48.127645,$GPGSV,42,,41
2026-06-02T17:18:48.127645,$GPGSV,50,,37
2026-06-02T17:18:48.128360,$GPGSV,10,,28
2026-06-02T17:18:48.128360,$GPGSV,18,,41
2026-06-02T17:18:48.128360,$GPGSV,23,,36
2026-06-02T17:18:48.128360,$GPGSV,24,,15
2026-06-02T17:18:48.128869,$GPGSV,29,,27
2026-06-02T17:18:48.128869,$GPGSV,32,,32
2026-06-02T17:18:48.130772,$GLGSV,65,,21
2026-06-02T17:18:48.130772,$GLGSV,66,,40
2026-06-02T17:18:48.130772,$GLGSV,76,,23
2026-06-02T17:18:48.130772,$GLGSV,81,,38
2026-06-02T17:18:48.131569,$GLGSV,87,,34
2026-06-02T17:18:48.131569,$GLGSV,88,,42
2026-06-02T17:18:48.132302,$GLGSV,66,,40
2026-06-02T17:18:48.132302,$GLGSV,67,,23
2026-06-02T17:18:48.132302,$GLGSV,75,,21
2026-06-02T17:18:48.132302,$GLGSV,76,,23
2026-06-02T17:18:48.132817,$GLGSV,81,,32
2026-06-02T17:18:48.132817,$GLGSV,88,,42
2026-06-02T17:18:48.133924,$GAGSV,04,,22
2026-06-02T17:18:48.133924,$GAGSV,05,,29
2026-06-02T17:18:48.133924,$GAGSV,06,,38
2026-06-02T17:18:48.133924,$GAGSV,09,,37
2026-06-02T17:18:48.134615,$GAGSV,10,,38
2026-06-02T17:18:48.134615,$GAGSV,11,,35
2026-06-02T17:18:48.134615,$GAGSV,12,,32
2026-06-02T17:18:48.134615,$GAGSV,36,,30
2026-06-02T17:18:48.135299,$GAGSV,04,,22
2026-06-02T17:18:48.135299,$GAGSV,05,,30
2026-06-02T17:18:48.135299,$GAGSV,06,,40
2026-06-02T17:18:48.135299,$GAGSV,09,,39
2026-06-02T17:18:48.135986,$GAGSV,10,,39
2026-06-02T17:18:48.135986,$GAGSV,11,,37
2026-06-02T17:18:48.135986,$GAGSV,12,,34
2026-06-02T17:18:48.135986,$GAGSV,36,,34
2026-06-02T17:18:48.137518,$GBGSV,06,,32
2026-06-02T17:18:48.137518,$GBGSV,07,,42
2026-06-02T17:18:48.137518,$GBGSV,08,,35
2026-06-02T17:18:48.137518,$GBGSV,09,,38
2026-06-02T17:18:48.138269,$GBGSV,10,,42
2026-06-02T17:18:48.138269,$GBGSV,13,,24
2026-06-02T17:18:48.138269,$GBGSV,14,,16
2026-06-02T17:18:48.138269,$GBGSV,34,,37
2026-06-02T17:18:48.138762,$GBGSV,09,,32
2026-06-02T17:18:48.138762,$GBGSV,10,,36
2026-06-02T17:18:49.124337,$GPGSV,10,,36
2026-06-02T17:18:49.124337,$GPGSV,18,,41
2026-06-02T17:18:49.124337,$GPGSV,23,,39
2026-06-02T17:18:49.124337,$GPGSV,25,,30
2026-06-02T17:18:49.125095,$GPGSV,29,,35
2026-06-02T17:18:49.125095,$GPGSV,32,,38
2026-06-02T17:18:49.125095,$GPGSV,41,,40
2026-06-02T17:18:49.125095,$GPGSV,42,,41
2026-06-02T17:18:49.125530,$GPGSV,50,,37
2026-06-02T17:18:49.126274,$GPGSV,10,,33
2026-06-02T17:18:49.126274,$GPGSV,18,,41
2026-06-02T17:18:49.126274,$GPGSV,23,,35
2026-06-02T17:18:49.126274,$GPGSV,24,,16
2026-06-02T17:18:49.126809,$GPGSV,29,,28
2026-06-02T17:18:49.126809,$GPGSV,32,,31
2026-06-02T17:18:49.128825,$GLGSV,65,,19
2026-06-02T17:18:49.128825,$GLGSV,66,,38
2026-06-02T17:18:49.128825,$GLGSV,76,,22
2026-06-02T17:18:49.128825,$GLGSV,81,,34
2026-06-02T17:18:49.129657,$GLGSV,87,,31
2026-06-02T17:18:49.129657,$GLGSV,88,,42
2026-06-02T17:18:49.130386,$GLGSV,66,,36
2026-06-02T17:18:49.130386,$GLGSV,67,,20
2026-06-02T17:18:49.130386,$GLGSV,75,,20
2026-06-02T17:18:49.130386,$GLGSV,76,,22
2026-06-02T17:18:49.130877,$GLGSV,81,,35
2026-06-02T17:18:49.130877,$GLGSV,88,,41
2026-06-02T17:18:49.131911,$GAGSV,04,,22
2026-06-02T17:18:49.131911,$GAGSV,05,,33
2026-06-02T17:18:49.131911,$GAGSV,06,,37
2026-06-02T17:18:49.131911,$GAGSV,09,,37
2026-06-02T17:18:49.132591,$GAGSV,10,,38
2026-06-02T17:18:49.132591,$GAGSV,11,,34
2026-06-02T17:18:49.132591,$GAGSV,12,,32
2026-06-02T17:18:49.132591,$GAGSV,36,,31
2026-06-02T17:18:49.133270,$GAGSV,05,,35
2026-06-02T17:18:49.133270,$GAGSV,06,,39
2026-06-02T17:18:49.133270,$GAGSV,09,,39
2026-06-02T17:18:49.133270,$GAGSV,10,,38
2026-06-02T17:18:49.133860,$GAGSV,11,,37
2026-06-02T17:18:49.133860,$GAGSV,12,,34
2026-06-02T17:18:49.133860,$GAGSV,36,,34
2026-06-02T17:18:49.135142,$GBGSV,06,,32
2026-06-02T17:18:49.135142,$GBGSV,07,,42
2026-06-02T17:18:49.135142,$GBGSV,08,,36
2026-06-02T17:18:49.135142,$GBGSV,09,,38
2026-06-02T17:18:49.135827,$GBGSV,10,,42
2026-06-02T17:18:49.135827,$GBGSV,13,,37
2026-06-02T17:18:49.135827,$GBGSV,14,,18
2026-06-02T17:18:49.135827,$GBGSV,34,,38
2026-06-02T17:18:49.136310,$GBGSV,09,,32
2026-06-02T17:18:49.136310,$GBGSV,10,,37
2026-06-02T17:18:50.122213,$GPGSV,10,,38
2026-06-02T17:18:50.122213,$GPGSV,18,,41
2026-06-02T17:18:50.122213,$GPGSV,23,,39
2026-06-02T17:18:50.122213,$GPGSV,25,,29
2026-06-02T17:18:50.124171,$GPGSV,27,,19
2026-06-02T17:18:50.124171,$GPGSV,29,,35
2026-06-02T17:18:50.124171,$GPGSV,32,,32
2026-06-02T17:18:50.124171,$GPGSV,41,,40
2026-06-02T17:18:50.124990,$GPGSV,42,,40
2026-06-02T17:18:50.124990,$GPGSV,50,,36
2026-06-02T17:18:50.126121,$GPGSV,10,,32
2026-06-02T17:18:50.126121,$GPGSV,18,,41
2026-06-02T17:18:50.126121,$GPGSV,23,,37
2026-06-02T17:18:50.126121,$GPGSV,24,,19
2026-06-02T17:18:50.126896,$GPGSV,29,,28
2026-06-02T17:18:50.126896,$GPGSV,32,,32
2026-06-02T17:18:50.128958,$GLGSV,65,,18
2026-06-02T17:18:50.128958,$GLGSV,66,,40
2026-06-02T17:18:50.128958,$GLGSV,76,,21
2026-06-02T17:18:50.128958,$GLGSV,81,,36
2026-06-02T17:18:50.129417,$GLGSV,87,,33
2026-06-02T17:18:50.129417,$GLGSV,88,,42
2026-06-02T17:18:50.130067,$GLGSV,66,,34
2026-06-02T17:18:50.130067,$GLGSV,67,,21
2026-06-02T17:18:50.130067,$GLGSV,75,,18
2026-06-02T17:18:50.130067,$GLGSV,76,,21
2026-06-02T17:18:50.130521,$GLGSV,81,,37
2026-06-02T17:18:50.130521,$GLGSV,88,,41
2026-06-02T17:18:50.131487,$GAGSV,04,,22
2026-06-02T17:18:50.131487,$GAGSV,05,,34
2026-06-02T17:18:50.131487,$GAGSV,06,,37
2026-06-02T17:18:50.131487,$GAGSV,09,,37
2026-06-02T17:18:50.132115,$GAGSV,10,,38
2026-06-02T17:18:50.132115,$GAGSV,11,,35
2026-06-02T17:18:50.132115,$GAGSV,12,,32
2026-06-02T17:18:50.132115,$GAGSV,36,,33
2026-06-02T17:18:50.132748,$GAGSV,05,,32
2026-06-02T17:18:50.132748,$GAGSV,06,,39
2026-06-02T17:18:50.132748,$GAGSV,09,,39
2026-06-02T17:18:50.132748,$GAGSV,10,,40
2026-06-02T17:18:50.133284,$GAGSV,11,,37
2026-06-02T17:18:50.133284,$GAGSV,12,,34
2026-06-02T17:18:50.133284,$GAGSV,36,,34
2026-06-02T17:18:50.134496,$GBGSV,06,,35
2026-06-02T17:18:50.134496,$GBGSV,07,,41
2026-06-02T17:18:50.134496,$GBGSV,08,,33
2026-06-02T17:18:50.134496,$GBGSV,09,,40
2026-06-02T17:18:50.135132,$GBGSV,10,,41
2026-06-02T17:18:50.135132,$GBGSV,13,,37
2026-06-02T17:18:50.135132,$GBGSV,14,,18
2026-06-02T17:18:50.135132,$GBGSV,34,,38
2026-06-02T17:18:50.135585,$GBGSV,09,,32
2026-06-02T17:18:50.135585,$GBGSV,10,,36
2026-06-02T17:18:51.124739,$GPGSV,10,,35
2026-06-02T17:18:51.124739,$GPGSV,18,,40
2026-06-02T17:18:51.124739,$GPGSV,23,,38
2026-06-02T17:18:51.124739,$GPGSV,25,,29
2026-06-02T17:18:51.125451,$GPGSV,28,,21
2026-06-02T17:18:51.125451,$GPGSV,29,,35
2026-06-02T17:18:51.125451,$GPGSV,32,,39
2026-06-02T17:18:51.125451,$GPGSV,41,,40
2026-06-02T17:18:51.125966,$GPGSV,42,,40
2026-06-02T17:18:51.125966,$GPGSV,50,,35
2026-06-02T17:18:51.126623,$GPGSV,10,,29
2026-06-02T17:18:51.126623,$GPGSV,18,,41
2026-06-02T17:18:51.126623,$GPGSV,23,,37
2026-06-02T17:18:51.126623,$GPGSV,24,,19
2026-06-02T17:18:51.127096,$GPGSV,29,,28
2026-06-02T17:18:51.127096,$GPGSV,32,,32
2026-06-02T17:18:51.128714,$GLGSV,65,,17
2026-06-02T17:18:51.128714,$GLGSV,66,,37
2026-06-02T17:18:51.128714,$GLGSV,76,,22
2026-06-02T17:18:51.128714,$GLGSV,81,,38
2026-06-02T17:18:51.129167,$GLGSV,87,,32
2026-06-02T17:18:51.129167,$GLGSV,88,,42
2026-06-02T17:18:51.130097,$GLGSV,66,,30
2026-06-02T17:18:51.130097,$GLGSV,67,,20
2026-06-02T17:18:51.130097,$GLGSV,75,,16
2026-06-02T17:18:51.130097,$GLGSV,76,,20
2026-06-02T17:18:51.130589,$GLGSV,81,,29
2026-06-02T17:18:51.130589,$GLGSV,88,,41
2026-06-02T17:18:51.131533,$GAGSV,04,,23
2026-06-02T17:18:51.131533,$GAGSV,05,,30
2026-06-02T17:18:51.131533,$GAGSV,06,,37
2026-06-02T17:18:51.131533,$GAGSV,09,,37
2026-06-02T17:18:51.132165,$GAGSV,10,,37
2026-06-02T17:18:51.132165,$GAGSV,11,,35
2026-06-02T17:18:51.132165,$GAGSV,12,,33
2026-06-02T17:18:51.132165,$GAGSV,36,,32
2026-06-02T17:18:51.132999,$GAGSV,05,,36
2026-06-02T17:18:51.132999,$GAGSV,06,,38
2026-06-02T17:18:51.132999,$GAGSV,09,,39
2026-06-02T17:18:51.132999,$GAGSV,10,,39
2026-06-02T17:18:51.133617,$GAGSV,11,,37
2026-06-02T17:18:51.133617,$GAGSV,12,,34
2026-06-02T17:18:51.133617,$GAGSV,36,,35
2026-06-02T17:18:51.134801,$GBGSV,06,,37
2026-06-02T17:18:51.134801,$GBGSV,07,,40
2026-06-02T17:18:51.134801,$GBGSV,08,,35
2026-06-02T17:18:51.134801,$GBGSV,09,,40
2026-06-02T17:18:51.135404,$GBGSV,10,,40
2026-06-02T17:18:51.135404,$GBGSV,13,,36
2026-06-02T17:18:51.135404,$GBGSV,14,,18
2026-06-02T17:18:51.135404,$GBGSV,34,,40
2026-06-02T17:18:51.135824,$GBGSV,09,,31
2026-06-02T17:18:51.135824,$GBGSV,10,,37
2026-06-02T17:18:52.121089,$GPGSV,10,,35
2026-06-02T17:18:52.121089,$GPGSV,18,,42
2026-06-02T17:18:52.121089,$GPGSV,23,,40
2026-06-02T17:18:52.121089,$GPGSV,24,,27
2026-06-02T17:18:52.121838,$GPGSV,25,,28
2026-06-02T17:18:52.121838,$GPGSV,28,,31
2026-06-02T17:18:52.121838,$GPGSV,29,,35
2026-06-02T17:18:52.121838,$GPGSV,32,,37
2026-06-02T17:18:52.122456,$GPGSV,41,,43
2026-06-02T17:18:52.122456,$GPGSV,42,,40
2026-06-02T17:18:52.122456,$GPGSV,50,,30
2026-06-02T17:18:52.123168,$GPGSV,10,,29
2026-06-02T17:18:52.123168,$GPGSV,18,,40
2026-06-02T17:18:52.123168,$GPGSV,23,,37
2026-06-02T17:18:52.123168,$GPGSV,24,,19
2026-06-02T17:18:52.123676,$GPGSV,29,,28
2026-06-02T17:18:52.123676,$GPGSV,32,,31
2026-06-02T17:18:52.125463,$GLGSV,65,,15
2026-06-02T17:18:52.125463,$GLGSV,66,,39
2026-06-02T17:18:52.125463,$GLGSV,76,,22
2026-06-02T17:18:52.125463,$GLGSV,81,,38
2026-06-02T17:18:52.126273,$GLGSV,87,,33
2026-06-02T17:18:52.126273,$GLGSV,88,,43
2026-06-02T17:18:52.127068,$GLGSV,66,,37
2026-06-02T17:18:52.127068,$GLGSV,67,,20
2026-06-02T17:18:52.127068,$GLGSV,75,,16
2026-06-02T17:18:52.127068,$GLGSV,76,,21
2026-06-02T17:18:52.127588,$GLGSV,81,,36
2026-06-02T17:18:52.127588,$GLGSV,88,,41
2026-06-02T17:18:52.128695,$GAGSV,04,,22
2026-06-02T17:18:52.128695,$GAGSV,05,,33
2026-06-02T17:18:52.128695,$GAGSV,06,,37
2026-06-02T17:18:52.128695,$GAGSV,09,,37
2026-06-02T17:18:52.129481,$GAGSV,10,,38
2026-06-02T17:18:52.129481,$GAGSV,11,,35
2026-06-02T17:18:52.129481,$GAGSV,12,,34
2026-06-02T17:18:52.129481,$GAGSV,36,,31
2026-06-02T17:18:52.130193,$GAGSV,05,,32
2026-06-02T17:18:52.130193,$GAGSV,06,,38
2026-06-02T17:18:52.130193,$GAGSV,09,,39
2026-06-02T17:18:52.130193,$GAGSV,10,,39
2026-06-02T17:18:52.130781,$GAGSV,11,,37
2026-06-02T17:18:52.130781,$GAGSV,12,,35
2026-06-02T17:18:52.130781,$GAGSV,36,,33
2026-06-02T17:18:52.132066,$GBGSV,06,,39
2026-06-02T17:18:52.132066,$GBGSV,07,,39
2026-06-02T17:18:52.132066,$GBGSV,08,,34
2026-06-02T17:18:52.132066,$GBGSV,09,,40
2026-06-02T17:18:52.132739,$GBGSV,10,,39
2026-06-02T17:18:52.132739,$GBGSV,13,,37
2026-06-02T17:18:52.132739,$GBGSV,14,,17
2026-06-02T17:18:52.132739,$GBGSV,34,,41
2026-06-02T17:18:52.133221,$GBGSV,09,,32
2026-06-02T17:18:52.133221,$GBGSV,10,,37
2026-06-02T17:18:53.134673,$GPGSV,10,,37
2026-06-02T17:18:53.134673,$GPGSV,18,,41
2026-06-02T17:18:53.134673,$GPGSV,23,,39
2026-06-02T17:18:53.134673,$GPGSV,24,,26
2026-06-02T17:18:53.136952,$GPGSV,25,,34
2026-06-02T17:18:53.136952,$GPGSV,28,,35
2026-06-02T17:18:53.136952,$GPGSV,29,,35
2026-06-02T17:18:53.136952,$GPGSV,32,,26
2026-06-02T17:18:53.139019,$GPGSV,41,,44
2026-06-02T17:18:53.139019,$GPGSV,42,,41
2026-06-02T17:18:53.139019,$GPGSV,50,,29
2026-06-02T17:18:53.141257,$GPGSV,10,,30
2026-06-02T17:18:53.141257,$GPGSV,18,,39
2026-06-02T17:18:53.141257,$GPGSV,23,,37
2026-06-02T17:18:53.141257,$GPGSV,24,,21
2026-06-02T17:18:53.142984,$GPGSV,29,,27
2026-06-02T17:18:53.142984,$GPGSV,32,,29
2026-06-02T17:18:53.149326,$GLGSV,65,,15
2026-06-02T17:18:53.149326,$GLGSV,66,,41
2026-06-02T17:18:53.149326,$GLGSV,76,,20
2026-06-02T17:18:53.149326,$GLGSV,81,,33
2026-06-02T17:18:53.150483,$GLGSV,87,,33
2026-06-02T17:18:53.150483,$GLGSV,88,,40
2026-06-02T17:18:53.151805,$GLGSV,66,,34
2026-06-02T17:18:53.151805,$GLGSV,67,,20
2026-06-02T17:18:53.151805,$GLGSV,75,,18
2026-06-02T17:18:53.151805,$GLGSV,76,,22
2026-06-02T17:18:53.152556,$GLGSV,81,,39
2026-06-02T17:18:53.152556,$GLGSV,88,,41
2026-06-02T17:18:53.154188,$GAGSV,04,,20
2026-06-02T17:18:53.154188,$GAGSV,05,,32
2026-06-02T17:18:53.154188,$GAGSV,06,,38
2026-06-02T17:18:53.154188,$GAGSV,09,,36
2026-06-02T17:18:53.155384,$GAGSV,10,,38
2026-06-02T17:18:53.155384,$GAGSV,11,,35
2026-06-02T17:18:53.155384,$GAGSV,12,,34
2026-06-02T17:18:53.155384,$GAGSV,36,,32
2026-06-02T17:18:53.156572,$GAGSV,05,,34
2026-06-02T17:18:53.156572,$GAGSV,06,,39
2026-06-02T17:18:53.156572,$GAGSV,09,,39
2026-06-02T17:18:53.156572,$GAGSV,10,,36
2026-06-02T17:18:53.157279,$GAGSV,11,,37
2026-06-02T17:18:53.157279,$GAGSV,12,,37
2026-06-02T17:18:53.157279,$GAGSV,36,,32
2026-06-02T17:18:53.158864,$GBGSV,06,,38
2026-06-02T17:18:53.158864,$GBGSV,07,,37
2026-06-02T17:18:53.158864,$GBGSV,08,,34
2026-06-02T17:18:53.158864,$GBGSV,09,,40
2026-06-02T17:18:53.159697,$GBGSV,10,,39
2026-06-02T17:18:53.159697,$GBGSV,13,,35
2026-06-02T17:18:53.159697,$GBGSV,14,,16
2026-06-02T17:18:53.159697,$GBGSV,34,,38
2026-06-02T17:18:53.160286,$GBGSV,09,,32
2026-06-02T17:18:53.160286,$GBGSV,10,,37
2026-06-02T17:18:54.124011,$GPGSV,10,,36
2026-06-02T17:18:54.124011,$GPGSV,18,,42
2026-06-02T17:18:54.124011,$GPGSV,23,,38
2026-06-02T17:18:54.124011,$GPGSV,24,,26
2026-06-02T17:18:54.124754,$GPGSV,25,,32
2026-06-02T17:18:54.124754,$GPGSV,28,,35
2026-06-02T17:18:54.124754,$GPGSV,29,,35
2026-06-02T17:18:54.124754,$GPGSV,32,,27
2026-06-02T17:18:54.125381,$GPGSV,41,,42
2026-06-02T17:18:54.125381,$GPGSV,42,,41
2026-06-02T17:18:54.125381,$GPGSV,50,,28
2026-06-02T17:18:54.126110,$GPGSV,10,,31
2026-06-02T17:18:54.126110,$GPGSV,18,,40
2026-06-02T17:18:54.126110,$GPGSV,23,,36
2026-06-02T17:18:54.126110,$GPGSV,24,,22
2026-06-02T17:18:54.126630,$GPGSV,29,,26
2026-06-02T17:18:54.126630,$GPGSV,32,,18
2026-06-02T17:18:54.128459,$GLGSV,65,,16
2026-06-02T17:18:54.128459,$GLGSV,66,,36
2026-06-02T17:18:54.128459,$GLGSV,76,,20
2026-06-02T17:18:54.128459,$GLGSV,81,,36
2026-06-02T17:18:54.129280,$GLGSV,87,,36
2026-06-02T17:18:54.129280,$GLGSV,88,,42
2026-06-02T17:18:54.130040,$GLGSV,66,,34
2026-06-02T17:18:54.130040,$GLGSV,67,,20
2026-06-02T17:18:54.130040,$GLGSV,75,,21
2026-06-02T17:18:54.130040,$GLGSV,76,,21
2026-06-02T17:18:54.130535,$GLGSV,81,,25
2026-06-02T17:18:54.130535,$GLGSV,88,,41
2026-06-02T17:18:54.131733,$GAGSV,04,,16
2026-06-02T17:18:54.131733,$GAGSV,05,,33
2026-06-02T17:18:54.131733,$GAGSV,06,,38
2026-06-02T17:18:54.131733,$GAGSV,09,,34
2026-06-02T17:18:54.132492,$GAGSV,10,,37
2026-06-02T17:18:54.132492,$GAGSV,11,,36
2026-06-02T17:18:54.132492,$GAGSV,12,,31
2026-06-02T17:18:54.132492,$GAGSV,36,,32
2026-06-02T17:18:54.133182,$GAGSV,05,,32
2026-06-02T17:18:54.133182,$GAGSV,06,,39
2026-06-02T17:18:54.133182,$GAGSV,09,,39
2026-06-02T17:18:54.133182,$GAGSV,10,,38
2026-06-02T17:18:54.133792,$GAGSV,11,,37
2026-06-02T17:18:54.133792,$GAGSV,12,,35
2026-06-02T17:18:54.133792,$GAGSV,36,,33
2026-06-02T17:18:54.135124,$GBGSV,06,,39
2026-06-02T17:18:54.135124,$GBGSV,07,,40
2026-06-02T17:18:54.135124,$GBGSV,08,,34
2026-06-02T17:18:54.135124,$GBGSV,09,,38
2026-06-02T17:18:54.135815,$GBGSV,10,,37
2026-06-02T17:18:54.135815,$GBGSV,13,,37
2026-06-02T17:18:54.135815,$GBGSV,14,,14
2026-06-02T17:18:54.135815,$GBGSV,34,,38
2026-06-02T17:18:54.136301,$GBGSV,09,,32
2026-06-02T17:18:54.136301,$GBGSV,10,,35
2026-06-02T17:18:55.120844,$GPGSV,10,,36
2026-06-02T17:18:55.120844,$GPGSV,18,,42
2026-06-02T17:18:55.120844,$GPGSV,23,,39
2026-06-02T17:18:55.120844,$GPGSV,24,,28
2026-06-02T17:18:55.121579,$GPGSV,25,,27
2026-06-02T17:18:55.121579,$GPGSV,28,,33
2026-06-02T17:18:55.121579,$GPGSV,29,,34
2026-06-02T17:18:55.121579,$GPGSV,32,,31
2026-06-02T17:18:55.122214,$GPGSV,41,,40
2026-06-02T17:18:55.122214,$GPGSV,42,,41
2026-06-02T17:18:55.122214,$GPGSV,50,,27
2026-06-02T17:18:55.122928,$GPGSV,10,,32
2026-06-02T17:18:55.122928,$GPGSV,18,,41
2026-06-02T17:18:55.122928,$GPGSV,23,,36
2026-06-02T17:18:55.122928,$GPGSV,24,,20
2026-06-02T17:18:55.123457,$GPGSV,29,,26
2026-06-02T17:18:55.123457,$GPGSV,32,,20
2026-06-02T17:18:55.125267,$GLGSV,65,,19
2026-06-02T17:18:55.125267,$GLGSV,66,,36
2026-06-02T17:18:55.125267,$GLGSV,76,,21
2026-06-02T17:18:55.125267,$GLGSV,81,,24
2026-06-02T17:18:55.126075,$GLGSV,87,,33
2026-06-02T17:18:55.126075,$GLGSV,88,,41
2026-06-02T17:18:55.126838,$GLGSV,66,,39
2026-06-02T17:18:55.126838,$GLGSV,67,,20
2026-06-02T17:18:55.126838,$GLGSV,75,,21
2026-06-02T17:18:55.126838,$GLGSV,76,,19
2026-06-02T17:18:55.127347,$GLGSV,81,,35
2026-06-02T17:18:55.127347,$GLGSV,88,,41
2026-06-02T17:18:55.128388,$GAGSV,04,,14
2026-06-02T17:18:55.128388,$GAGSV,05,,30
2026-06-02T17:18:55.128388,$GAGSV,06,,36
2026-06-02T17:18:55.128388,$GAGSV,09,,33
2026-06-02T17:18:55.129072,$GAGSV,10,,37
2026-06-02T17:18:55.129072,$GAGSV,11,,35
2026-06-02T17:18:55.129072,$GAGSV,12,,29
2026-06-02T17:18:55.129072,$GAGSV,36,,32
2026-06-02T17:18:55.129776,$GAGSV,05,,30
2026-06-02T17:18:55.129776,$GAGSV,06,,41
2026-06-02T17:18:55.129776,$GAGSV,09,,39
2026-06-02T17:18:55.129776,$GAGSV,10,,38
2026-06-02T17:18:55.130368,$GAGSV,11,,37
2026-06-02T17:18:55.130368,$GAGSV,12,,34
2026-06-02T17:18:55.130368,$GAGSV,36,,34
2026-06-02T17:18:55.131845,$GBGSV,06,,39
2026-06-02T17:18:55.131845,$GBGSV,07,,40
2026-06-02T17:18:55.131845,$GBGSV,08,,34
2026-06-02T17:18:55.131845,$GBGSV,09,,37
2026-06-02T17:18:55.132544,$GBGSV,10,,38
2026-06-02T17:18:55.132544,$GBGSV,13,,39
2026-06-02T17:18:55.132544,$GBGSV,14,,15
2026-06-02T17:18:55.132544,$GBGSV,34,,38
2026-06-02T17:18:55.133136,$GBGSV,09,,32
2026-06-02T17:18:55.133136,$GBGSV,10,,35
2026-06-02T17:18:55.133136,$GBGSV,34,,15
2026-06-02T17:18:56.119933,$GPGSV,10,,36
2026-06-02T17:18:56.119933,$GPGSV,18,,41
2026-06-02T17:18:56.119933,$GPGSV,23,,39
2026-06-02T17:18:56.119933,$GPGSV,24,,27
2026-06-02T17:18:56.120672,$GPGSV,25,,29
2026-06-02T17:18:56.120672,$GPGSV,28,,33
2026-06-02T17:18:56.120672,$GPGSV,29,,34
2026-06-02T17:18:56.120672,$GPGSV,32,,26
2026-06-02T17:18:56.121185,$GPGSV,41,,42
2026-06-02T17:18:56.121185,$GPGSV,42,,41
2026-06-02T17:18:56.121912,$GPGSV,10,,30
2026-06-02T17:18:56.121912,$GPGSV,18,,41
2026-06-02T17:18:56.121912,$GPGSV,23,,35
2026-06-02T17:18:56.121912,$GPGSV,24,,18
2026-06-02T17:18:56.122428,$GPGSV,29,,25
2026-06-02T17:18:56.122428,$GPGSV,32,,23
2026-06-02T17:18:56.124314,$GLGSV,65,,21
2026-06-02T17:18:56.124314,$GLGSV,66,,32
2026-06-02T17:18:56.124314,$GLGSV,76,,20
2026-06-02T17:18:56.124314,$GLGSV,81,,35
2026-06-02T17:18:56.124822,$GLGSV,87,,36
2026-06-02T17:18:56.124822,$GLGSV,88,,40
2026-06-02T17:18:56.125725,$GLGSV,66,,35
2026-06-02T17:18:56.125725,$GLGSV,67,,19
2026-06-02T17:18:56.125725,$GLGSV,75,,22
2026-06-02T17:18:56.125725,$GLGSV,76,,18
2026-06-02T17:18:56.126460,$GLGSV,81,,34
2026-06-02T17:18:56.126460,$GLGSV,88,,41
2026-06-02T17:18:56.127537,$GAGSV,04,,16
2026-06-02T17:18:56.127537,$GAGSV,05,,23
2026-06-02T17:18:56.127537,$GAGSV,06,,37
2026-06-02T17:18:56.127537,$GAGSV,09,,33
2026-06-02T17:18:56.128229,$GAGSV,10,,38
2026-06-02T17:18:56.128229,$GAGSV,11,,35
2026-06-02T17:18:56.128229,$GAGSV,12,,28
2026-06-02T17:18:56.128229,$GAGSV,36,,32
2026-06-02T17:18:56.128925,$GAGSV,05,,22
2026-06-02T17:18:56.128925,$GAGSV,06,,40
2026-06-02T17:18:56.128925,$GAGSV,09,,38
2026-06-02T17:18:56.128925,$GAGSV,10,,38
2026-06-02T17:18:56.129514,$GAGSV,11,,36
2026-06-02T17:18:56.129514,$GAGSV,12,,30
2026-06-02T17:18:56.129514,$GAGSV,36,,31
2026-06-02T17:18:56.130826,$GBGSV,06,,39
2026-06-02T17:18:56.130826,$GBGSV,07,,40
2026-06-02T17:18:56.130826,$GBGSV,08,,36
2026-06-02T17:18:56.130826,$GBGSV,09,,37
2026-06-02T17:18:56.131653,$GBGSV,10,,40
2026-06-02T17:18:56.131653,$GBGSV,13,,39
2026-06-02T17:18:56.131653,$GBGSV,14,,15
2026-06-02T17:18:56.131653,$GBGSV,34,,39
2026-06-02T17:18:56.132290,$GBGSV,09,,32
2026-06-02T17:18:56.132290,$GBGSV,10,,35
2026-06-02T17:18:56.132290,$GBGSV,34,,12
2026-06-02T17:18:57.121385,$GPGSV,05,,22
2026-06-02T17:18:57.121385,$GPGSV,10,,34
2026-06-02T17:18:57.121385,$GPGSV,18,,42
2026-06-02T17:18:57.121385,$GPGSV,23,,40
2026-06-02T17:18:57.122112,$GPGSV,24,,27
2026-06-02T17:18:57.122112,$GPGSV,25,,34
2026-06-02T17:18:57.122112,$GPGSV,28,,37
2026-06-02T17:18:57.122112,$GPGSV,29,,34
2026-06-02T17:18:57.122706,$GPGSV,32,,31
2026-06-02T17:18:57.122706,$GPGSV,41,,42
2026-06-02T17:18:57.122706,$GPGSV,42,,41
2026-06-02T17:18:57.123370,$GPGSV,10,,29
2026-06-02T17:18:57.123370,$GPGSV,18,,41
2026-06-02T17:18:57.123370,$GPGSV,23,,35
2026-06-02T17:18:57.123370,$GPGSV,24,,19
2026-06-02T17:18:57.123852,$GPGSV,29,,23
2026-06-02T17:18:57.123852,$GPGSV,32,,27
2026-06-02T17:18:57.125471,$GLGSV,65,,23
2026-06-02T17:18:57.125471,$GLGSV,66,,38
2026-06-02T17:18:57.125471,$GLGSV,76,,20
2026-06-02T17:18:57.125471,$GLGSV,81,,37
2026-06-02T17:18:57.125991,$GLGSV,87,,36
2026-06-02T17:18:57.125991,$GLGSV,88,,40
2026-06-02T17:18:57.126919,$GLGSV,66,,37
2026-06-02T17:18:57.126919,$GLGSV,67,,18
2026-06-02T17:18:57.126919,$GLGSV,75,,23
2026-06-02T17:18:57.126919,$GLGSV,76,,18
2026-06-02T17:18:57.127400,$GLGSV,81,,34
2026-06-02T17:18:57.127400,$GLGSV,88,,41
2026-06-02T17:18:57.128339,$GAGSV,04,,17
2026-06-02T17:18:57.128339,$GAGSV,05,,25
2026-06-02T17:18:57.128339,$GAGSV,06,,38
2026-06-02T17:18:57.128339,$GAGSV,09,,30
2026-06-02T17:18:57.128950,$GAGSV,10,,41
2026-06-02T17:18:57.128950,$GAGSV,11,,34
2026-06-02T17:18:57.128950,$GAGSV,12,,27
2026-06-02T17:18:57.128950,$GAGSV,36,,31
2026-06-02T17:18:57.129561,$GAGSV,05,,23
2026-06-02T17:18:57.129561,$GAGSV,06,,40
2026-06-02T17:18:57.129561,$GAGSV,09,,39
2026-06-02T17:18:57.129561,$GAGSV,10,,40
2026-06-02T17:18:57.130090,$GAGSV,11,,39
2026-06-02T17:18:57.130090,$GAGSV,12,,32
2026-06-02T17:18:57.130090,$GAGSV,36,,35
2026-06-02T17:18:57.131225,$GBGSV,06,,39
2026-06-02T17:18:57.131225,$GBGSV,07,,41
2026-06-02T17:18:57.131225,$GBGSV,08,,36
2026-06-02T17:18:57.131225,$GBGSV,09,,37
2026-06-02T17:18:57.131813,$GBGSV,10,,40
2026-06-02T17:18:57.131813,$GBGSV,13,,34
2026-06-02T17:18:57.131813,$GBGSV,14,,16
2026-06-02T17:18:57.131813,$GBGSV,34,,39
2026-06-02T17:18:57.132352,$GBGSV,09,,32
2026-06-02T17:18:57.132352,$GBGSV,10,,35
2026-06-02T17:18:57.132352,$GBGSV,34,,08
2026-06-02T17:18:58.119543,$GPGSV,10,,26
2026-06-02T17:18:58.119543,$GPGSV,13,,23
2026-06-02T17:18:58.119543,$GPGSV,18,,40
2026-06-02T17:18:58.119543,$GPGSV,23,,40
2026-06-02T17:18:58.120276,$GPGSV,24,,28
2026-06-02T17:18:58.120276,$GPGSV,25,,34
2026-06-02T17:18:58.120276,$GPGSV,28,,33
2026-06-02T17:18:58.120276,$GPGSV,29,,33
2026-06-02T17:18:58.120894,$GPGSV,32,,29
2026-06-02T17:18:58.120894,$GPGSV,41,,41
2026-06-02T17:18:58.120894,$GPGSV,42,,41
2026-06-02T17:18:58.121604,$GPGSV,10,,28
2026-06-02T17:18:58.121604,$GPGSV,18,,41
2026-06-02T17:18:58.121604,$GPGSV,23,,35
2026-06-02T17:18:58.121604,$GPGSV,24,,20
2026-06-02T17:18:58.122157,$GPGSV,29,,21
2026-06-02T17:18:58.122157,$GPGSV,32,,28
2026-06-02T17:18:58.123885,$GLGSV,65,,25
2026-06-02T17:18:58.123885,$GLGSV,66,,39
2026-06-02T17:18:58.123885,$GLGSV,76,,17
2026-06-02T17:18:58.123885,$GLGSV,81,,31
2026-06-02T17:18:58.124631,$GLGSV,87,,33
2026-06-02T17:18:58.124631,$GLGSV,88,,39
2026-06-02T17:18:58.125429,$GLGSV,66,,35
2026-06-02T17:18:58.125429,$GLGSV,67,,18
2026-06-02T17:18:58.125429,$GLGSV,75,,23
2026-06-02T17:18:58.125429,$GLGSV,76,,21
2026-06-02T17:18:58.125954,$GLGSV,81,,29
2026-06-02T17:18:58.125954,$GLGSV,88,,40
2026-06-02T17:18:58.127007,$GAGSV,04,,16
2026-06-02T17:18:58.127007,$GAGSV,05,,21
2026-06-02T17:18:58.127007,$GAGSV,06,,37
2026-06-02T17:18:58.127007,$GAGSV,09,,37
2026-06-02T17:18:58.127695,$GAGSV,10,,39
2026-06-02T17:18:58.127695,$GAGSV,11,,35
2026-06-02T17:18:58.127695,$GAGSV,12,,25
2026-06-02T17:18:58.127695,$GAGSV,36,,30
2026-06-02T17:18:58.128381,$GAGSV,05,,23
2026-06-02T17:18:58.128381,$GAGSV,06,,38
2026-06-02T17:18:58.128381,$GAGSV,09,,38
2026-06-02T17:18:58.128381,$GAGSV,10,,40
2026-06-02T17:18:58.128961,$GAGSV,11,,38
2026-06-02T17:18:58.128961,$GAGSV,12,,27
2026-06-02T17:18:58.128961,$GAGSV,36,,33
2026-06-02T17:18:58.130271,$GBGSV,06,,38
2026-06-02T17:18:58.130271,$GBGSV,07,,41
2026-06-02T17:18:58.130271,$GBGSV,08,,37
2026-06-02T17:18:58.130271,$GBGSV,09,,38
2026-06-02T17:18:58.130953,$GBGSV,10,,40
2026-06-02T17:18:58.130953,$GBGSV,13,,38
2026-06-02T17:18:58.130953,$GBGSV,14,,16
2026-06-02T17:18:58.130953,$GBGSV,34,,41
2026-06-02T17:18:58.131537,$GBGSV,09,,33
2026-06-02T17:18:58.131537,$GBGSV,10,,33
2026-06-02T17:18:58.131537,$GBGSV,34,,08
2026-06-02T17:18:59.118029,$GPGSV,10,,35
2026-06-02T17:18:59.118029,$GPGSV,18,,42
2026-06-02T17:18:59.118029,$GPGSV,23,,40
2026-06-02T17:18:59.118029,$GPGSV,24,,27
2026-06-02T17:18:59.119780,$GPGSV,25,,32
2026-06-02T17:18:59.119780,$GPGSV,28,,33
2026-06-02T17:18:59.119780,$GPGSV,29,,32
2026-06-02T17:18:59.119780,$GPGSV,32,,23
2026-06-02T17:18:59.120349,$GPGSV,41,,41
2026-06-02T17:18:59.120349,$GPGSV,42,,42
2026-06-02T17:18:59.120349,$GPGSV,50,,33
2026-06-02T17:18:59.120967,$GPGSV,10,,28
2026-06-02T17:18:59.120967,$GPGSV,18,,40
2026-06-02T17:18:59.120967,$GPGSV,23,,34
2026-06-02T17:18:59.120967,$GPGSV,24,,21
2026-06-02T17:18:59.121451,$GPGSV,29,,20
2026-06-02T17:18:59.121451,$GPGSV,32,,27
2026-06-02T17:18:59.124315,$GLGSV,65,,25
2026-06-02T17:18:59.124315,$GLGSV,66,,35
2026-06-02T17:18:59.124315,$GLGSV,76,,17
2026-06-02T17:18:59.124315,$GLGSV,81,,33
2026-06-02T17:18:59.125158,$GLGSV,87,,33
2026-06-02T17:18:59.125158,$GLGSV,88,,38
2026-06-02T17:18:59.126052,$GLGSV,66,,34
2026-06-02T17:18:59.126052,$GLGSV,67,,19
2026-06-02T17:18:59.126052,$GLGSV,75,,23
2026-06-02T17:18:59.126052,$GLGSV,76,,22
2026-06-02T17:18:59.126546,$GLGSV,81,,32
2026-06-02T17:18:59.126546,$GLGSV,88,,41
2026-06-02T17:18:59.127576,$GAGSV,04,,17
2026-06-02T17:18:59.127576,$GAGSV,05,,20
2026-06-02T17:18:59.127576,$GAGSV,06,,37
2026-06-02T17:18:59.127576,$GAGSV,09,,37
2026-06-02T17:18:59.128259,$GAGSV,10,,39
2026-06-02T17:18:59.128259,$GAGSV,11,,34
2026-06-02T17:18:59.128259,$GAGSV,12,,23
2026-06-02T17:18:59.128259,$GAGSV,36,,30
2026-06-02T17:18:59.128931,$GAGSV,05,,29
2026-06-02T17:18:59.128931,$GAGSV,06,,40
2026-06-02T17:18:59.128931,$GAGSV,09,,38
2026-06-02T17:18:59.128931,$GAGSV,10,,40
2026-06-02T17:18:59.129510,$GAGSV,11,,38
2026-06-02T17:18:59.129510,$GAGSV,12,,27
2026-06-02T17:18:59.129510,$GAGSV,36,,33
2026-06-02T17:18:59.130976,$GBGSV,06,,37
2026-06-02T17:18:59.130976,$GBGSV,07,,41
2026-06-02T17:18:59.130976,$GBGSV,08,,37
2026-06-02T17:18:59.130976,$GBGSV,09,,38
2026-06-02T17:18:59.131688,$GBGSV,10,,38
2026-06-02T17:18:59.131688,$GBGSV,13,,29
2026-06-02T17:18:59.131688,$GBGSV,14,,17
2026-06-02T17:18:59.131688,$GBGSV,34,,39
2026-06-02T17:18:59.132492,$GBGSV,09,,33
2026-06-02T17:18:59.132492,$GBGSV,10,,36
2026-06-02T17:18:59.132492,$GBGSV,34,,08
2026-06-02T17:19:00.137582,$GPGSV,10,,38
2026-06-02T17:19:00.137582,$GPGSV,18,,42
2026-06-02T17:19:00.137582,$GPGSV,23,,39
2026-06-02T17:19:00.137582,$GPGSV,24,,27
2026-06-02T17:19:00.139847,$GPGSV,25,,33
2026-06-02T17:19:00.139847,$GPGSV,28,,32
2026-06-02T17:19:00.139847,$GPGSV,29,,31
2026-06-02T17:19:00.139847,$GPGSV,32,,30
2026-06-02T17:19:00.141733,$GPGSV,41,,38
2026-06-02T17:19:00.141733,$GPGSV,42,,43
2026-06-02T17:19:00.141733,$GPGSV,50,,31
2026-06-02T17:19:00.144187,$GPGSV,10,,28
2026-06-02T17:19:00.144187,$GPGSV,18,,40
2026-06-02T17:19:00.144187,$GPGSV,23,,35
2026-06-02T17:19:00.144187,$GPGSV,24,,21
2026-06-02T17:19:00.144782,$GPGSV,29,,21
2026-06-02T17:19:00.144782,$GPGSV,32,,25
2026-06-02T17:19:00.146561,$GLGSV,65,,26
2026-06-02T17:19:00.146561,$GLGSV,66,,33
2026-06-02T17:19:00.146561,$GLGSV,76,,16
2026-06-02T17:19:00.146561,$GLGSV,81,,31
2026-06-02T17:19:00.147060,$GLGSV,87,,34
2026-06-02T17:19:00.147060,$GLGSV,88,,39
2026-06-02T17:19:00.147748,$GLGSV,66,,29
2026-06-02T17:19:00.147748,$GLGSV,67,,20
2026-06-02T17:19:00.147748,$GLGSV,75,,22
2026-06-02T17:19:00.147748,$GLGSV,76,,22
2026-06-02T17:19:00.148238,$GLGSV,81,,34
2026-06-02T17:19:00.148238,$GLGSV,88,,41
2026-06-02T17:19:00.149278,$GAGSV,04,,18
2026-06-02T17:19:00.149278,$GAGSV,05,,20
2026-06-02T17:19:00.149278,$GAGSV,06,,37
2026-06-02T17:19:00.149278,$GAGSV,09,,34
2026-06-02T17:19:00.149990,$GAGSV,10,,38
2026-06-02T17:19:00.149990,$GAGSV,11,,34
2026-06-02T17:19:00.149990,$GAGSV,12,,21
2026-06-02T17:19:00.149990,$GAGSV,36,,30
2026-06-02T17:19:00.150751,$GAGSV,05,,23
2026-06-02T17:19:00.150751,$GAGSV,06,,39
2026-06-02T17:19:00.150751,$GAGSV,09,,35
2026-06-02T17:19:00.150751,$GAGSV,10,,40
2026-06-02T17:19:00.151759,$GAGSV,11,,38
2026-06-02T17:19:00.151759,$GAGSV,12,,20
2026-06-02T17:19:00.151759,$GAGSV,36,,34
2026-06-02T17:19:00.153135,$GBGSV,06,,35
2026-06-02T17:19:00.153135,$GBGSV,07,,43
2026-06-02T17:19:00.153135,$GBGSV,08,,36
2026-06-02T17:19:00.153135,$GBGSV,09,,39
2026-06-02T17:19:00.153842,$GBGSV,10,,40
2026-06-02T17:19:00.153842,$GBGSV,13,,34
2026-06-02T17:19:00.153842,$GBGSV,14,,16
2026-06-02T17:19:00.153842,$GBGSV,34,,41
2026-06-02T17:19:00.154478,$GBGSV,09,,33
2026-06-02T17:19:00.154478,$GBGSV,10,,36
2026-06-02T17:19:00.154478,$GBGSV,34,,07
2026-06-02T17:19:01.129390,$GPGSV,10,,37
2026-06-02T17:19:01.129390,$GPGSV,18,,43
2026-06-02T17:19:01.129390,$GPGSV,23,,39
2026-06-02T17:19:01.129390,$GPGSV,24,,26
2026-06-02T17:19:01.131690,$GPGSV,25,,33
2026-06-02T17:19:01.131690,$GPGSV,28,,33
2026-06-02T17:19:01.131690,$GPGSV,29,,35
2026-06-02T17:19:01.131690,$GPGSV,32,,37
2026-06-02T17:19:01.133545,$GPGSV,41,,43
2026-06-02T17:19:01.133545,$GPGSV,42,,43
2026-06-02T17:19:01.133545,$GPGSV,50,,34
2026-06-02T17:19:01.135922,$GPGSV,10,,28
2026-06-02T17:19:01.135922,$GPGSV,18,,40
2026-06-02T17:19:01.135922,$GPGSV,23,,36
2026-06-02T17:19:01.135922,$GPGSV,24,,22
2026-06-02T17:19:01.137603,$GPGSV,29,,22
2026-06-02T17:19:01.137603,$GPGSV,32,,25
2026-06-02T17:19:01.143222,$GLGSV,65,,27
2026-06-02T17:19:01.143222,$GLGSV,66,,36
2026-06-02T17:19:01.143222,$GLGSV,76,,17
2026-06-02T17:19:01.143222,$GLGSV,81,,35
2026-06-02T17:19:01.144540,$GLGSV,87,,34
2026-06-02T17:19:01.144540,$GLGSV,88,,39
2026-06-02T17:19:01.146009,$GLGSV,66,,36
2026-06-02T17:19:01.146009,$GLGSV,67,,19
2026-06-02T17:19:01.146009,$GLGSV,75,,21
2026-06-02T17:19:01.146009,$GLGSV,76,,20
2026-06-02T17:19:01.146808,$GLGSV,81,,31
2026-06-02T17:19:01.146808,$GLGSV,88,,37
2026-06-02T17:19:01.148403,$GAGSV,04,,19
2026-06-02T17:19:01.148403,$GAGSV,05,,21
2026-06-02T17:19:01.148403,$GAGSV,06,,37
2026-06-02T17:19:01.148403,$GAGSV,09,,35
2026-06-02T17:19:01.149464,$GAGSV,10,,38
2026-06-02T17:19:01.149464,$GAGSV,11,,34
2026-06-02T17:19:01.149464,$GAGSV,12,,19
2026-06-02T17:19:01.149464,$GAGSV,36,,30
2026-06-02T17:19:01.150778,$GAGSV,05,,23
2026-06-02T17:19:01.150778,$GAGSV,06,,39
2026-06-02T17:19:01.150778,$GAGSV,09,,36
2026-06-02T17:19:01.150778,$GAGSV,10,,39
2026-06-02T17:19:01.151606,$GAGSV,11,,36
2026-06-02T17:19:01.151606,$GAGSV,12,,23
2026-06-02T17:19:01.151606,$GAGSV,36,,38
2026-06-02T17:19:01.153161,$GBGSV,06,,32
2026-06-02T17:19:01.153161,$GBGSV,07,,43
2026-06-02T17:19:01.153161,$GBGSV,08,,35
2026-06-02T17:19:01.153161,$GBGSV,09,,38
2026-06-02T17:19:01.154068,$GBGSV,10,,40
2026-06-02T17:19:01.154068,$GBGSV,13,,31
2026-06-02T17:19:01.154068,$GBGSV,14,,17
2026-06-02T17:19:01.154068,$GBGSV,34,,39
2026-06-02T17:19:01.154785,$GBGSV,09,,33
2026-06-02T17:19:01.154785,$GBGSV,10,,39
2026-06-02T17:19:01.154785,$GBGSV,34,,08
2026-06-02T17:19:02.112094,$GPGSV,10,,35
2026-06-02T17:19:02.112094,$GPGSV,18,,43
2026-06-02T17:19:02.112094,$GPGSV,23,,40
2026-06-02T17:19:02.112094,$GPGSV,24,,26
2026-06-02T17:19:02.112803,$GPGSV,25,,32
2026-06-02T17:19:02.112803,$GPGSV,28,,33
2026-06-02T17:19:02.112803,$GPGSV,29,,32
2026-06-02T17:19:02.112803,$GPGSV,32,,36
2026-06-02T17:19:02.113396,$GPGSV,41,,40
2026-06-02T17:19:02.113396,$GPGSV,42,,41
2026-06-02T17:19:02.113396,$GPGSV,50,,34
2026-06-02T17:19:02.114111,$GPGSV,10,,29
2026-06-02T17:19:02.114111,$GPGSV,18,,40
2026-06-02T17:19:02.114111,$GPGSV,23,,36
2026-06-02T17:19:02.114111,$GPGSV,24,,21
2026-06-02T17:19:02.114609,$GPGSV,29,,24
2026-06-02T17:19:02.114609,$GPGSV,32,,30
2026-06-02T17:19:02.116350,$GLGSV,65,,27
2026-06-02T17:19:02.116350,$GLGSV,66,,38
2026-06-02T17:19:02.116350,$GLGSV,76,,20
2026-06-02T17:19:02.116350,$GLGSV,81,,36
2026-06-02T17:19:02.117005,$GLGSV,87,,34
2026-06-02T17:19:02.117005,$GLGSV,88,,39
2026-06-02T17:19:02.117903,$GLGSV,66,,36
2026-06-02T17:19:02.117903,$GLGSV,67,,20
2026-06-02T17:19:02.117903,$GLGSV,75,,19
2026-06-02T17:19:02.117903,$GLGSV,76,,18
2026-06-02T17:19:02.118412,$GLGSV,81,,34
2026-06-02T17:19:02.118412,$GLGSV,88,,41
2026-06-02T17:19:02.119457,$GAGSV,04,,20
2026-06-02T17:19:02.119457,$GAGSV,05,,20
2026-06-02T17:19:02.119457,$GAGSV,06,,36
2026-06-02T17:19:02.119457,$GAGSV,09,,32
2026-06-02T17:19:02.120153,$GAGSV,10,,38
2026-06-02T17:19:02.120153,$GAGSV,11,,34
2026-06-02T17:19:02.120153,$GAGSV,12,,18
2026-06-02T17:19:02.120153,$GAGSV,36,,31
2026-06-02T17:19:02.120840,$GAGSV,05,,23
2026-06-02T17:19:02.120840,$GAGSV,06,,40
2026-06-02T17:19:02.120840,$GAGSV,09,,33
2026-06-02T17:19:02.120840,$GAGSV,10,,37
2026-06-02T17:19:02.121425,$GAGSV,11,,39
2026-06-02T17:19:02.121425,$GAGSV,12,,25
2026-06-02T17:19:02.121425,$GAGSV,36,,35
2026-06-02T17:19:02.122712,$GBGSV,06,,31
2026-06-02T17:19:02.122712,$GBGSV,07,,43
2026-06-02T17:19:02.122712,$GBGSV,08,,36
2026-06-02T17:19:02.122712,$GBGSV,09,,38
2026-06-02T17:19:02.123370,$GBGSV,10,,40
2026-06-02T17:19:02.123370,$GBGSV,13,,30
2026-06-02T17:19:02.123370,$GBGSV,14,,17
2026-06-02T17:19:02.123370,$GBGSV,34,,41
2026-06-02T17:19:02.123908,$GBGSV,09,,33
2026-06-02T17:19:02.123908,$GBGSV,10,,38
2026-06-02T17:19:02.123908,$GBGSV,34,,08
2026-06-02T17:19:03.121464,$GPGSV,10,,36
2026-06-02T17:19:03.121464,$GPGSV,18,,42
2026-06-02T17:19:03.121464,$GPGSV,23,,41
2026-06-02T17:19:03.121464,$GPGSV,24,,25
2026-06-02T17:19:03.122185,$GPGSV,25,,29
2026-06-02T17:19:03.122185,$GPGSV,28,,30
2026-06-02T17:19:03.122185,$GPGSV,29,,32
2026-06-02T17:19:03.122185,$GPGSV,32,,28
2026-06-02T17:19:03.122780,$GPGSV,41,,40
2026-06-02T17:19:03.122780,$GPGSV,42,,41
2026-06-02T17:19:03.122780,$GPGSV,50,,35
2026-06-02T17:19:03.123483,$GPGSV,10,,30
2026-06-02T17:19:03.123483,$GPGSV,18,,42
2026-06-02T17:19:03.123483,$GPGSV,23,,36
2026-06-02T17:19:03.123483,$GPGSV,24,,20
2026-06-02T17:19:03.123999,$GPGSV,29,,25
2026-06-02T17:19:03.123999,$GPGSV,32,,29
2026-06-02T17:19:03.125785,$GLGSV,65,,27
2026-06-02T17:19:03.125785,$GLGSV,66,,39
2026-06-02T17:19:03.125785,$GLGSV,76,,19
2026-06-02T17:19:03.125785,$GLGSV,81,,37
2026-06-02T17:19:03.126298,$GLGSV,87,,34
2026-06-02T17:19:03.126298,$GLGSV,88,,34
2026-06-02T17:19:03.126979,$GLGSV,66,,35
2026-06-02T17:19:03.126979,$GLGSV,67,,20
2026-06-02T17:19:03.126979,$GLGSV,75,,17
2026-06-02T17:19:03.126979,$GLGSV,76,,21
2026-06-02T17:19:03.127494,$GLGSV,81,,34
2026-06-02T17:19:03.127494,$GLGSV,88,,37
2026-06-02T17:19:03.128895,$GAGSV,04,,19
2026-06-02T17:19:03.128895,$GAGSV,05,,21
2026-06-02T17:19:03.128895,$GAGSV,06,,36
2026-06-02T17:19:03.128895,$GAGSV,09,,39
2026-06-02T17:19:03.129731,$GAGSV,10,,38
2026-06-02T17:19:03.129731,$GAGSV,11,,36
2026-06-02T17:19:03.129731,$GAGSV,12,,22
2026-06-02T17:19:03.129731,$GAGSV,36,,32
2026-06-02T17:19:03.130494,$GAGSV,05,,23
2026-06-02T17:19:03.130494,$GAGSV,06,,39
2026-06-02T17:19:03.130494,$GAGSV,09,,38
2026-06-02T17:19:03.130494,$GAGSV,10,,39
2026-06-02T17:19:03.131091,$GAGSV,11,,34
2026-06-02T17:19:03.131091,$GAGSV,12,,26
2026-06-02T17:19:03.131091,$GAGSV,36,,36
2026-06-02T17:19:03.132762,$GBGSV,06,,31
2026-06-02T17:19:03.132762,$GBGSV,07,,42
2026-06-02T17:19:03.132762,$GBGSV,08,,36
2026-06-02T17:19:03.132762,$GBGSV,09,,36
2026-06-02T17:19:03.133449,$GBGSV,10,,41
2026-06-02T17:19:03.133449,$GBGSV,13,,36
2026-06-02T17:19:03.133449,$GBGSV,14,,17
2026-06-02T17:19:03.133449,$GBGSV,34,,39
2026-06-02T17:19:03.134161,$GBGSV,09,,33
2026-06-02T17:19:03.134161,$GBGSV,10,,38
2026-06-02T17:19:03.134161,$GBGSV,14,,18
2026-06-02T17:19:03.134161,$GBGSV,34,,08
2026-06-02T17:19:04.120194,$GPGSV,10,,36
2026-06-02T17:19:04.120194,$GPGSV,18,,43
2026-06-02T17:19:04.120194,$GPGSV,23,,41
2026-06-02T17:19:04.120194,$GPGSV,25,,30
2026-06-02T17:19:04.120991,$GPGSV,28,,29
2026-06-02T17:19:04.120991,$GPGSV,29,,32
2026-06-02T17:19:04.120991,$GPGSV,32,,35
2026-06-02T17:19:04.120991,$GPGSV,41,,38
2026-06-02T17:19:04.121587,$GPGSV,42,,43
2026-06-02T17:19:04.121587,$GPGSV,50,,38
2026-06-02T17:19:04.122435,$GPGSV,10,,34
2026-06-02T17:19:04.122435,$GPGSV,18,,40
2026-06-02T17:19:04.122435,$GPGSV,23,,35
2026-06-02T17:19:04.122435,$GPGSV,24,,19
2026-06-02T17:19:04.123033,$GPGSV,29,,26
2026-06-02T17:19:04.123033,$GPGSV,32,,27
2026-06-02T17:19:04.125358,$GLGSV,65,,29
2026-06-02T17:19:04.125358,$GLGSV,66,,37
2026-06-02T17:19:04.125358,$GLGSV,76,,19
2026-06-02T17:19:04.125358,$GLGSV,81,,35
2026-06-02T17:19:04.126191,$GLGSV,87,,34
2026-06-02T17:19:04.126191,$GLGSV,88,,33
2026-06-02T17:19:04.127028,$GLGSV,66,,32
2026-06-02T17:19:04.127028,$GLGSV,67,,20
2026-06-02T17:19:04.127028,$GLGSV,75,,18
2026-06-02T17:19:04.127028,$GLGSV,76,,22
2026-06-02T17:19:04.127621,$GLGSV,81,,36
2026-06-02T17:19:04.127621,$GLGSV,88,,34
2026-06-02T17:19:04.128873,$GAGSV,04,,16
2026-06-02T17:19:04.128873,$GAGSV,05,,28
2026-06-02T17:19:04.128873,$GAGSV,06,,36
2026-06-02T17:19:04.128873,$GAGSV,09,,35
2026-06-02T17:19:04.129705,$GAGSV,10,,37
2026-06-02T17:19:04.129705,$GAGSV,11,,35
2026-06-02T17:19:04.129705,$GAGSV,12,,24
2026-06-02T17:19:04.129705,$GAGSV,36,,31
2026-06-02T17:19:04.130532,$GAGSV,05,,20
2026-06-02T17:19:04.130532,$GAGSV,06,,39
2026-06-02T17:19:04.130532,$GAGSV,09,,37
2026-06-02T17:19:04.130532,$GAGSV,10,,39
2026-06-02T17:19:04.131239,$GAGSV,11,,36
2026-06-02T17:19:04.131239,$GAGSV,12,,26
2026-06-02T17:19:04.131239,$GAGSV,36,,36
2026-06-02T17:19:04.132797,$GBGSV,06,,29
2026-06-02T17:19:04.132797,$GBGSV,07,,41
2026-06-02T17:19:04.132797,$GBGSV,08,,37
2026-06-02T17:19:04.132797,$GBGSV,09,,37
2026-06-02T17:19:04.133623,$GBGSV,10,,41
2026-06-02T17:19:04.133623,$GBGSV,13,,32
2026-06-02T17:19:04.133623,$GBGSV,14,,17
2026-06-02T17:19:04.133623,$GBGSV,34,,39
2026-06-02T17:19:04.134592,$GBGSV,09,,34
2026-06-02T17:19:04.134592,$GBGSV,10,,37
2026-06-02T17:19:04.134592,$GBGSV,14,,15
2026-06-02T17:19:04.134592,$GBGSV,34,,08
2026-06-02T17:19:05.119034,$GPGSV,10,,34
2026-06-02T17:19:05.119034,$GPGSV,18,,42
2026-06-02T17:19:05.119034,$GPGSV,23,,40
2026-06-02T17:19:05.119034,$GPGSV,25,,29
2026-06-02T17:19:05.119921,$GPGSV,28,,30
2026-06-02T17:19:05.119921,$GPGSV,29,,30
2026-06-02T17:19:05.119921,$GPGSV,32,,35
2026-06-02T17:19:05.119921,$GPGSV,41,,35
2026-06-02T17:19:05.120455,$GPGSV,42,,38
2026-06-02T17:19:05.120455,$GPGSV,50,,36
2026-06-02T17:19:05.121180,$GPGSV,10,,29
2026-06-02T17:19:05.121180,$GPGSV,18,,40
2026-06-02T17:19:05.121180,$GPGSV,23,,35
2026-06-02T17:19:05.121180,$GPGSV,24,,17
2026-06-02T17:19:05.121780,$GPGSV,29,,27
2026-06-02T17:19:05.121780,$GPGSV,32,,27
2026-06-02T17:19:05.123941,$GLGSV,65,,29
2026-06-02T17:19:05.123941,$GLGSV,66,,37
2026-06-02T17:19:05.123941,$GLGSV,76,,20
2026-06-02T17:19:05.123941,$GLGSV,81,,38
2026-06-02T17:19:05.124509,$GLGSV,87,,35
2026-06-02T17:19:05.124509,$GLGSV,88,,39
2026-06-02T17:19:05.125406,$GLGSV,66,,38
2026-06-02T17:19:05.125406,$GLGSV,67,,19
2026-06-02T17:19:05.125406,$GLGSV,75,,20
2026-06-02T17:19:05.125406,$GLGSV,76,,29
2026-06-02T17:19:05.125970,$GLGSV,81,,39
2026-06-02T17:19:05.125970,$GLGSV,88,,38
2026-06-02T17:19:05.127132,$GAGSV,04,,14
2026-06-02T17:19:05.127132,$GAGSV,05,,26
2026-06-02T17:19:05.127132,$GAGSV,06,,36
2026-06-02T17:19:05.127132,$GAGSV,09,,36
2026-06-02T17:19:05.127855,$GAGSV,10,,38
2026-06-02T17:19:05.127855,$GAGSV,11,,35
2026-06-02T17:19:05.127855,$GAGSV,12,,25
2026-06-02T17:19:05.127855,$GAGSV,36,,32
2026-06-02T17:19:05.128582,$GAGSV,05,,18
2026-06-02T17:19:05.128582,$GAGSV,06,,37
2026-06-02T17:19:05.128582,$GAGSV,09,,36
2026-06-02T17:19:05.128582,$GAGSV,10,,39
2026-06-02T17:19:05.129198,$GAGSV,11,,36
2026-06-02T17:19:05.129198,$GAGSV,12,,24
2026-06-02T17:19:05.129198,$GAGSV,36,,35
2026-06-02T17:19:05.130522,$GBGSV,06,,28
2026-06-02T17:19:05.130522,$GBGSV,07,,41
2026-06-02T17:19:05.130522,$GBGSV,08,,36
2026-06-02T17:19:05.130522,$GBGSV,09,,37
2026-06-02T17:19:05.131205,$GBGSV,10,,39
2026-06-02T17:19:05.131205,$GBGSV,13,,33
2026-06-02T17:19:05.131205,$GBGSV,14,,16
2026-06-02T17:19:05.131205,$GBGSV,34,,39
2026-06-02T17:19:05.131889,$GBGSV,09,,34
2026-06-02T17:19:05.131889,$GBGSV,10,,37
2026-06-02T17:19:05.131889,$GBGSV,14,,11
2026-06-02T17:19:05.131889,$GBGSV,34,,07
2026-06-02T17:19:06.130043,$GPGSV,10,,31
2026-06-02T17:19:06.130043,$GPGSV,18,,41
2026-06-02T17:19:06.130043,$GPGSV,23,,40
2026-06-02T17:19:06.130043,$GPGSV,25,,30
2026-06-02T17:19:06.132347,$GPGSV,28,,33
2026-06-02T17:19:06.132347,$GPGSV,29,,32
2026-06-02T17:19:06.132347,$GPGSV,32,,35
2026-06-02T17:19:06.132347,$GPGSV,41,,32
2026-06-02T17:19:06.134150,$GPGSV,42,,38
2026-06-02T17:19:06.134150,$GPGSV,50,,35
2026-06-02T17:19:06.136184,$GPGSV,10,,29
2026-06-02T17:19:06.136184,$GPGSV,18,,40
2026-06-02T17:19:06.136184,$GPGSV,23,,35
2026-06-02T17:19:06.136184,$GPGSV,24,,16
2026-06-02T17:19:06.136663,$GPGSV,29,,27
2026-06-02T17:19:06.136663,$GPGSV,32,,27
2026-06-02T17:19:06.138376,$GLGSV,65,,28
2026-06-02T17:19:06.138376,$GLGSV,66,,39
2026-06-02T17:19:06.138376,$GLGSV,76,,23
2026-06-02T17:19:06.138376,$GLGSV,81,,37
2026-06-02T17:19:06.138814,$GLGSV,87,,35
2026-06-02T17:19:06.138814,$GLGSV,88,,39
2026-06-02T17:19:06.139431,$GLGSV,66,,36
2026-06-02T17:19:06.139431,$GLGSV,67,,19
2026-06-02T17:19:06.139431,$GLGSV,75,,22
2026-06-02T17:19:06.139431,$GLGSV,76,,26
2026-06-02T17:19:06.139864,$GLGSV,81,,39
2026-06-02T17:19:06.139864,$GLGSV,88,,41
2026-06-02T17:19:06.140801,$GAGSV,04,,12
2026-06-02T17:19:06.140801,$GAGSV,05,,26
2026-06-02T17:19:06.140801,$GAGSV,06,,36
2026-06-02T17:19:06.140801,$GAGSV,09,,36
2026-06-02T17:19:06.141427,$GAGSV,10,,39
2026-06-02T17:19:06.141427,$GAGSV,11,,35
2026-06-02T17:19:06.141427,$GAGSV,12,,25
2026-06-02T17:19:06.141427,$GAGSV,36,,31
2026-06-02T17:19:06.142062,$GAGSV,05,,28
2026-06-02T17:19:06.142062,$GAGSV,06,,39
2026-06-02T17:19:06.142062,$GAGSV,09,,38
2026-06-02T17:19:06.142062,$GAGSV,10,,40
2026-06-02T17:19:06.142594,$GAGSV,11,,37
2026-06-02T17:19:06.142594,$GAGSV,12,,25
2026-06-02T17:19:06.142594,$GAGSV,36,,37
2026-06-02T17:19:06.143756,$GBGSV,06,,26
2026-06-02T17:19:06.143756,$GBGSV,07,,41
2026-06-02T17:19:06.143756,$GBGSV,08,,36
2026-06-02T17:19:06.143756,$GBGSV,09,,37
2026-06-02T17:19:06.144381,$GBGSV,10,,40
2026-06-02T17:19:06.144381,$GBGSV,13,,38
2026-06-02T17:19:06.144381,$GBGSV,14,,14
2026-06-02T17:19:06.144381,$GBGSV,34,,39
2026-06-02T17:19:06.144914,$GBGSV,09,,34
2026-06-02T17:19:06.144914,$GBGSV,10,,36
2026-06-02T17:19:06.144914,$GBGSV,14,,09
2026-06-02T17:19:07.123992,$GPGSV,10,,36
2026-06-02T17:19:07.123992,$GPGSV,18,,42
2026-06-02T17:19:07.123992,$GPGSV,23,,40
2026-06-02T17:19:07.123992,$GPGSV,25,,22
2026-06-02T17:19:07.126388,$GPGSV,28,,29
2026-06-02T17:19:07.126388,$GPGSV,29,,33
2026-06-02T17:19:07.126388,$GPGSV,32,,29
2026-06-02T17:19:07.126388,$GPGSV,41,,40
2026-06-02T17:19:07.128078,$GPGSV,42,,38
2026-06-02T17:19:07.128078,$GPGSV,50,,36
2026-06-02T17:19:07.130677,$GPGSV,10,,30
2026-06-02T17:19:07.130677,$GPGSV,18,,39
2026-06-02T17:19:07.130677,$GPGSV,23,,36
2026-06-02T17:19:07.130677,$GPGSV,24,,16
2026-06-02T17:19:07.132269,$GPGSV,29,,27
2026-06-02T17:19:07.132269,$GPGSV,32,,27
2026-06-02T17:19:07.137210,$GLGSV,65,,27
2026-06-02T17:19:07.137210,$GLGSV,66,,38
2026-06-02T17:19:07.137210,$GLGSV,76,,23
2026-06-02T17:19:07.137210,$GLGSV,81,,37
2026-06-02T17:19:07.138309,$GLGSV,87,,35
2026-06-02T17:19:07.138309,$GLGSV,88,,39
2026-06-02T17:19:07.139767,$GLGSV,66,,36
2026-06-02T17:19:07.139767,$GLGSV,67,,21
2026-06-02T17:19:07.139767,$GLGSV,75,,23
2026-06-02T17:19:07.139767,$GLGSV,76,,26
2026-06-02T17:19:07.140778,$GLGSV,81,,38
2026-06-02T17:19:07.140778,$GLGSV,88,,40
2026-06-02T17:19:07.142555,$GAGSV,04,,13
2026-06-02T17:19:07.142555,$GAGSV,05,,25
2026-06-02T17:19:07.142555,$GAGSV,06,,36
2026-06-02T17:19:07.142555,$GAGSV,09,,35
2026-06-02T17:19:07.143374,$GAGSV,10,,39
2026-06-02T17:19:07.143374,$GAGSV,11,,34
2026-06-02T17:19:07.143374,$GAGSV,12,,25
2026-06-02T17:19:07.143374,$GAGSV,36,,32
2026-06-02T17:19:07.144030,$GAGSV,05,,28
2026-06-02T17:19:07.144030,$GAGSV,06,,40
2026-06-02T17:19:07.144030,$GAGSV,09,,39
2026-06-02T17:19:07.144030,$GAGSV,10,,40
2026-06-02T17:19:07.144657,$GAGSV,11,,37
2026-06-02T17:19:07.144657,$GAGSV,12,,26
2026-06-02T17:19:07.144657,$GAGSV,36,,36
2026-06-02T17:19:07.146161,$GBGSV,06,,25
2026-06-02T17:19:07.146161,$GBGSV,07,,41
2026-06-02T17:19:07.146161,$GBGSV,08,,36
2026-06-02T17:19:07.146161,$GBGSV,09,,39
2026-06-02T17:19:07.146780,$GBGSV,10,,40
2026-06-02T17:19:07.146780,$GBGSV,13,,35
2026-06-02T17:19:07.146780,$GBGSV,14,,13
2026-06-02T17:19:07.146780,$GBGSV,34,,41
2026-06-02T17:19:07.147311,$GBGSV,09,,33
2026-06-02T17:19:07.147311,$GBGSV,10,,34
2026-06-02T17:19:07.147311,$GBGSV,14,,08
2026-06-02T17:19:08.112171,$GPGSV,10,,36
2026-06-02T17:19:08.112171,$GPGSV,18,,43
2026-06-02T17:19:08.112171,$GPGSV,23,,40
2026-06-02T17:19:08.112171,$GPGSV,25,,24
2026-06-02T17:19:08.113221,$GPGSV,28,,30
2026-06-02T17:19:08.113221,$GPGSV,29,,32
2026-06-02T17:19:08.113221,$GPGSV,32,,33
2026-06-02T17:19:08.113221,$GPGSV,41,,44
2026-06-02T17:19:08.113881,$GPGSV,42,,41
2026-06-02T17:19:08.113881,$GPGSV,50,,38
2026-06-02T17:19:08.114569,$GPGSV,10,,30
2026-06-02T17:19:08.114569,$GPGSV,18,,38
2026-06-02T17:19:08.114569,$GPGSV,23,,35
2026-06-02T17:19:08.114569,$GPGSV,24,,15
2026-06-02T17:19:08.114931,$GPGSV,29,,27
2026-06-02T17:19:08.114931,$GPGSV,32,,23
2026-06-02T17:19:08.116774,$GLGSV,65,,27
2026-06-02T17:19:08.116774,$GLGSV,66,,39
2026-06-02T17:19:08.116774,$GLGSV,76,,25
2026-06-02T17:19:08.116774,$GLGSV,81,,37
2026-06-02T17:19:08.117307,$GLGSV,87,,34
2026-06-02T17:19:08.117307,$GLGSV,88,,39
2026-06-02T17:19:08.117900,$GLGSV,66,,36
2026-06-02T17:19:08.117900,$GLGSV,67,,21
2026-06-02T17:19:08.117900,$GLGSV,75,,25
2026-06-02T17:19:08.117900,$GLGSV,76,,26
2026-06-02T17:19:08.118546,$GLGSV,81,,37
2026-06-02T17:19:08.118546,$GLGSV,88,,40
2026-06-02T17:19:08.119731,$GAGSV,04,,15
2026-06-02T17:19:08.119731,$GAGSV,05,,24
2026-06-02T17:19:08.119731,$GAGSV,06,,36
2026-06-02T17:19:08.119731,$GAGSV,09,,36
2026-06-02T17:19:08.120544,$GAGSV,10,,39
2026-06-02T17:19:08.120544,$GAGSV,11,,35
2026-06-02T17:19:08.120544,$GAGSV,12,,28
2026-06-02T17:19:08.120544,$GAGSV,36,,32
2026-06-02T17:19:08.121258,$GAGSV,05,,35
2026-06-02T17:19:08.121258,$GAGSV,06,,40
2026-06-02T17:19:08.121258,$GAGSV,09,,40
2026-06-02T17:19:08.121258,$GAGSV,10,,41
2026-06-02T17:19:08.121926,$GAGSV,11,,37
2026-06-02T17:19:08.121926,$GAGSV,12,,28
2026-06-02T17:19:08.121926,$GAGSV,36,,36
2026-06-02T17:19:08.123234,$GBGSV,06,,23
2026-06-02T17:19:08.123234,$GBGSV,07,,41
2026-06-02T17:19:08.123234,$GBGSV,08,,36
2026-06-02T17:19:08.123234,$GBGSV,09,,37
2026-06-02T17:19:08.123900,$GBGSV,10,,40
2026-06-02T17:19:08.123900,$GBGSV,13,,36
2026-06-02T17:19:08.123900,$GBGSV,14,,09
2026-06-02T17:19:08.123900,$GBGSV,34,,37
2026-06-02T17:19:08.124489,$GBGSV,09,,33
2026-06-02T17:19:08.124489,$GBGSV,10,,35
2026-06-02T17:19:08.124489,$GBGSV,14,,08
2026-06-02T17:19:09.112592,$GPGSV,10,,38
2026-06-02T17:19:09.112592,$GPGSV,18,,43
2026-06-02T17:19:09.112592,$GPGSV,23,,40
2026-06-02T17:19:09.112592,$GPGSV,28,,30
2026-06-02T17:19:09.113333,$GPGSV,29,,33
2026-06-02T17:19:09.113333,$GPGSV,32,,32
2026-06-02T17:19:09.113333,$GPGSV,41,,42
2026-06-02T17:19:09.113333,$GPGSV,42,,41
2026-06-02T17:19:09.113753,$GPGSV,50,,38
2026-06-02T17:19:09.114456,$GPGSV,10,,31
2026-06-02T17:19:09.114456,$GPGSV,18,,40
2026-06-02T17:19:09.114456,$GPGSV,23,,36
2026-06-02T17:19:09.114456,$GPGSV,24,,14
2026-06-02T17:19:09.114959,$GPGSV,29,,26
2026-06-02T17:19:09.114959,$GPGSV,32,,23
2026-06-02T17:19:09.116826,$GLGSV,65,,26
2026-06-02T17:19:09.116826,$GLGSV,66,,39
2026-06-02T17:19:09.116826,$GLGSV,76,,25
2026-06-02T17:19:09.116826,$GLGSV,81,,37
2026-06-02T17:19:09.117325,$GLGSV,87,,34
2026-06-02T17:19:09.117325,$GLGSV,88,,39
2026-06-02T17:19:09.118252,$GLGSV,66,,36
2026-06-02T17:19:09.118252,$GLGSV,67,,21
2026-06-02T17:19:09.118252,$GLGSV,75,,25
2026-06-02T17:19:09.118252,$GLGSV,76,,31
2026-06-02T17:19:09.119707,$GLGSV,81,,35
2026-06-02T17:19:09.119707,$GLGSV,88,,40
2026-06-02T17:19:09.121385,$GAGSV,04,,17
2026-06-02T17:19:09.121385,$GAGSV,05,,20
2026-06-02T17:19:09.121385,$GAGSV,06,,36
2026-06-02T17:19:09.121385,$GAGSV,09,,36
2026-06-02T17:19:09.122123,$GAGSV,10,,39
2026-06-02T17:19:09.122123,$GAGSV,11,,35
2026-06-02T17:19:09.122123,$GAGSV,12,,28
2026-06-02T17:19:09.122123,$GAGSV,36,,33
2026-06-02T17:19:09.122943,$GAGSV,05,,31
2026-06-02T17:19:09.122943,$GAGSV,06,,40
2026-06-02T17:19:09.122943,$GAGSV,09,,39
2026-06-02T17:19:09.122943,$GAGSV,10,,41
2026-06-02T17:19:09.123561,$GAGSV,11,,37
2026-06-02T17:19:09.123561,$GAGSV,12,,33
2026-06-02T17:19:09.123561,$GAGSV,36,,36
2026-06-02T17:19:09.124856,$GBGSV,06,,23
2026-06-02T17:19:09.124856,$GBGSV,07,,41
2026-06-02T17:19:09.124856,$GBGSV,08,,33
2026-06-02T17:19:09.124856,$GBGSV,09,,38
2026-06-02T17:19:09.125442,$GBGSV,10,,39
2026-06-02T17:19:09.125442,$GBGSV,13,,33
2026-06-02T17:19:09.125442,$GBGSV,34,,42
2026-06-02T17:19:09.126066,$GBGSV,09,,33
2026-06-02T17:19:09.126066,$GBGSV,10,,36
2026-06-02T17:19:09.126066,$GBGSV,14,,08
2026-06-02T17:19:10.114801,$GPGSV,10,,35
2026-06-02T17:19:10.114801,$GPGSV,18,,43
2026-06-02T17:19:10.114801,$GPGSV,23,,39
2026-06-02T17:19:10.114801,$GPGSV,28,,22
2026-06-02T17:19:10.115540,$GPGSV,29,,33
2026-06-02T17:19:10.115540,$GPGSV,32,,27
2026-06-02T17:19:10.115540,$GPGSV,41,,40
2026-06-02T17:19:10.115540,$GPGSV,42,,41
2026-06-02T17:19:10.115956,$GPGSV,50,,37
2026-06-02T17:19:10.116662,$GPGSV,10,,30
2026-06-02T17:19:10.116662,$GPGSV,18,,41
2026-06-02T17:19:10.116662,$GPGSV,23,,35
2026-06-02T17:19:10.116662,$GPGSV,24,,15
2026-06-02T17:19:10.117168,$GPGSV,29,,25
2026-06-02T17:19:10.117168,$GPGSV,32,,28
2026-06-02T17:19:10.119105,$GLGSV,65,,26
2026-06-02T17:19:10.119105,$GLGSV,66,,37
2026-06-02T17:19:10.119105,$GLGSV,76,,25
2026-06-02T17:19:10.119105,$GLGSV,81,,40
2026-06-02T17:19:10.119517,$GLGSV,88,,39
2026-06-02T17:19:10.120538,$GLGSV,66,,34
2026-06-02T17:19:10.120538,$GLGSV,67,,20
2026-06-02T17:19:10.120538,$GLGSV,75,,25
2026-06-02T17:19:10.120538,$GLGSV,76,,25
2026-06-02T17:19:10.121157,$GLGSV,81,,36
2026-06-02T17:19:10.121157,$GLGSV,88,,37
2026-06-02T17:19:10.122677,$GAGSV,04,,17
2026-06-02T17:19:10.122677,$GAGSV,05,,19
2026-06-02T17:19:10.122677,$GAGSV,06,,36
2026-06-02T17:19:10.122677,$GAGSV,09,,36
2026-06-02T17:19:10.123545,$GAGSV,10,,39
2026-06-02T17:19:10.123545,$GAGSV,11,,35
2026-06-02T17:19:10.123545,$GAGSV,12,,29
2026-06-02T17:19:10.123545,$GAGSV,36,,33
2026-06-02T17:19:10.124257,$GAGSV,05,,30
2026-06-02T17:19:10.124257,$GAGSV,06,,39
2026-06-02T17:19:10.124257,$GAGSV,09,,37
2026-06-02T17:19:10.124257,$GAGSV,10,,40
2026-06-02T17:19:10.124856,$GAGSV,11,,37
2026-06-02T17:19:10.124856,$GAGSV,12,,35
2026-06-02T17:19:10.124856,$GAGSV,36,,35
2026-06-02T17:19:10.126180,$GBGSV,06,,23
2026-06-02T17:19:10.126180,$GBGSV,07,,41
2026-06-02T17:19:10.126180,$GBGSV,08,,34
2026-06-02T17:19:10.126180,$GBGSV,09,,39
2026-06-02T17:19:10.126775,$GBGSV,10,,40
2026-06-02T17:19:10.126775,$GBGSV,13,,28
2026-06-02T17:19:10.126775,$GBGSV,34,,41
2026-06-02T17:19:10.127358,$GBGSV,09,,33
2026-06-02T17:19:10.127358,$GBGSV,10,,36
2026-06-02T17:19:10.127358,$GBGSV,14,,07
2026-06-02T17:19:11.106656,$GPGSV,10,,31
2026-06-02T17:19:11.106656,$GPGSV,18,,41
2026-06-02T17:19:11.106656,$GPGSV,23,,39
2026-06-02T17:19:11.106656,$GPGSV,28,,25
2026-06-02T17:19:11.107406,$GPGSV,29,,30
2026-06-02T17:19:11.107406,$GPGSV,32,,26
2026-06-02T17:19:11.107406,$GPGSV,41,,41
2026-06-02T17:19:11.107406,$GPGSV,42,,40
2026-06-02T17:19:11.107821,$GPGSV,50,,35
2026-06-02T17:19:11.108525,$GPGSV,10,,30
2026-06-02T17:19:11.108525,$GPGSV,18,,40
2026-06-02T17:19:11.108525,$GPGSV,23,,36
2026-06-02T17:19:11.108525,$GPGSV,24,,14
2026-06-02T17:19:11.109037,$GPGSV,29,,24
2026-06-02T17:19:11.109037,$GPGSV,32,,31
2026-06-02T17:19:11.110937,$GLGSV,65,,27
2026-06-02T17:19:11.110937,$GLGSV,66,,38
2026-06-02T17:19:11.110937,$GLGSV,76,,26
2026-06-02T17:19:11.110937,$GLGSV,81,,38
2026-06-02T17:19:11.111329,$GLGSV,88,,39
2026-06-02T17:19:11.112196,$GLGSV,66,,33
2026-06-02T17:19:11.112196,$GLGSV,67,,19
2026-06-02T17:19:11.112196,$GLGSV,75,,27
2026-06-02T17:19:11.112196,$GLGSV,76,,23
2026-06-02T17:19:11.112859,$GLGSV,81,,36
2026-06-02T17:19:11.112859,$GLGSV,88,,40
2026-06-02T17:19:11.114025,$GAGSV,04,,16
2026-06-02T17:19:11.114025,$GAGSV,05,,19
2026-06-02T17:19:11.114025,$GAGSV,06,,36
2026-06-02T17:19:11.114025,$GAGSV,09,,37
2026-06-02T17:19:11.114719,$GAGSV,10,,39
2026-06-02T17:19:11.114719,$GAGSV,11,,35
2026-06-02T17:19:11.114719,$GAGSV,12,,30
2026-06-02T17:19:11.114719,$GAGSV,36,,33
2026-06-02T17:19:11.115421,$GAGSV,05,,30
2026-06-02T17:19:11.115421,$GAGSV,06,,41
2026-06-02T17:19:11.115421,$GAGSV,09,,38
2026-06-02T17:19:11.115421,$GAGSV,10,,40
2026-06-02T17:19:11.116008,$GAGSV,11,,36
2026-06-02T17:19:11.116008,$GAGSV,12,,34
2026-06-02T17:19:11.116008,$GAGSV,36,,35
2026-06-02T17:19:11.117307,$GBGSV,06,,22
2026-06-02T17:19:11.117307,$GBGSV,07,,42
2026-06-02T17:19:11.117307,$GBGSV,08,,37
2026-06-02T17:19:11.117307,$GBGSV,09,,39
2026-06-02T17:19:11.117966,$GBGSV,10,,40
2026-06-02T17:19:11.117966,$GBGSV,13,,33
2026-06-02T17:19:11.117966,$GBGSV,34,,39
2026-06-02T17:19:11.118635,$GBGSV,09,,33
2026-06-02T17:19:11.118635,$GBGSV,10,,36
2026-06-02T17:19:11.118635,$GBGSV,14,,07
2026-06-02T17:19:12.130947,$GPGSV,10,,34
2026-06-02T17:19:12.130947,$GPGSV,18,,42
2026-06-02T17:19:12.130947,$GPGSV,23,,37
2026-06-02T17:19:12.130947,$GPGSV,28,,29
2026-06-02T17:19:12.133205,$GPGSV,29,,31
2026-06-02T17:19:12.133205,$GPGSV,32,,37
2026-06-02T17:19:12.133205,$GPGSV,41,,41
2026-06-02T17:19:12.133205,$GPGSV,42,,41
2026-06-02T17:19:12.134544,$GPGSV,50,,36
2026-06-02T17:19:12.136654,$GPGSV,10,,30
2026-06-02T17:19:12.136654,$GPGSV,18,,41
2026-06-02T17:19:12.136654,$GPGSV,23,,36
2026-06-02T17:19:12.136654,$GPGSV,24,,14
2026-06-02T17:19:12.138329,$GPGSV,29,,25
2026-06-02T17:19:12.138329,$GPGSV,32,,29
2026-06-02T17:19:12.144070,$GLGSV,65,,28
2026-06-02T17:19:12.144070,$GLGSV,66,,38
2026-06-02T17:19:12.144070,$GLGSV,76,,31
2026-06-02T17:19:12.144070,$GLGSV,81,,36
2026-06-02T17:19:12.145304,$GLGSV,88,,39
2026-06-02T17:19:12.146758,$GLGSV,66,,36
2026-06-02T17:19:12.146758,$GLGSV,67,,20
2026-06-02T17:19:12.146758,$GLGSV,75,,28
2026-06-02T17:19:12.146758,$GLGSV,76,,21
2026-06-02T17:19:12.147754,$GLGSV,81,,32
2026-06-02T17:19:12.147754,$GLGSV,88,,39
2026-06-02T17:19:12.150064,$GAGSV,04,,18
2026-06-02T17:19:12.150064,$GAGSV,05,,28
2026-06-02T17:19:12.150064,$GAGSV,06,,36
2026-06-02T17:19:12.150064,$GAGSV,09,,37
2026-06-02T17:19:12.151213,$GAGSV,10,,38
2026-06-02T17:19:12.151213,$GAGSV,11,,35
2026-06-02T17:19:12.151213,$GAGSV,12,,31
2026-06-02T17:19:12.151213,$GAGSV,36,,32
2026-06-02T17:19:12.152241,$GAGSV,04,,22
2026-06-02T17:19:12.152241,$GAGSV,05,,31
2026-06-02T17:19:12.152241,$GAGSV,06,,39
2026-06-02T17:19:12.152241,$GAGSV,09,,38
2026-06-02T17:19:12.153315,$GAGSV,10,,38
2026-06-02T17:19:12.153315,$GAGSV,11,,36
2026-06-02T17:19:12.153315,$GAGSV,12,,37
2026-06-02T17:19:12.153315,$GAGSV,36,,35
2026-06-02T17:19:12.155442,$GBGSV,06,,20
2026-06-02T17:19:12.155442,$GBGSV,07,,42
2026-06-02T17:19:12.155442,$GBGSV,08,,35
2026-06-02T17:19:12.155442,$GBGSV,09,,38
2026-06-02T17:19:12.156262,$GBGSV,10,,40
2026-06-02T17:19:12.156262,$GBGSV,13,,38
2026-06-02T17:19:12.156262,$GBGSV,14,,06
2026-06-02T17:19:12.156262,$GBGSV,34,,37
2026-06-02T17:19:12.156970,$GBGSV,09,,33
2026-06-02T17:19:12.156970,$GBGSV,10,,36
2026-06-02T17:19:12.156970,$GBGSV,14,,08
2026-06-02T17:19:13.127525,$GPGSV,10,,34
2026-06-02T17:19:13.127525,$GPGSV,12,,24
2026-06-02T17:19:13.127525,$GPGSV,18,,40
2026-06-02T17:19:13.127525,$GPGSV,23,,38
2026-06-02T17:19:13.128180,$GPGSV,28,,25
2026-06-02T17:19:13.128180,$GPGSV,29,,33
2026-06-02T17:19:13.128180,$GPGSV,32,,27
2026-06-02T17:19:13.128180,$GPGSV,41,,41
2026-06-02T17:19:13.128637,$GPGSV,42,,42
2026-06-02T17:19:13.128637,$GPGSV,50,,38
2026-06-02T17:19:13.129261,$GPGSV,10,,29
2026-06-02T17:19:13.129261,$GPGSV,18,,41
2026-06-02T17:19:13.129261,$GPGSV,23,,36
2026-06-02T17:19:13.129261,$GPGSV,24,,15
2026-06-02T17:19:13.129734,$GPGSV,29,,24
2026-06-02T17:19:13.129734,$GPGSV,32,,30
2026-06-02T17:19:13.131305,$GLGSV,65,,30
2026-06-02T17:19:13.131305,$GLGSV,66,,37
2026-06-02T17:19:13.131305,$GLGSV,76,,25
2026-06-02T17:19:13.131305,$GLGSV,81,,36
2026-06-02T17:19:13.131653,$GLGSV,88,,40
2026-06-02T17:19:13.132256,$GLGSV,66,,37
2026-06-02T17:19:13.132256,$GLGSV,67,,21
2026-06-02T17:19:13.132256,$GLGSV,75,,27
2026-06-02T17:19:13.132256,$GLGSV,76,,29
2026-06-02T17:19:13.132692,$GLGSV,81,,33
2026-06-02T17:19:13.132692,$GLGSV,88,,39
2026-06-02T17:19:13.133675,$GAGSV,04,,18
2026-06-02T17:19:13.133675,$GAGSV,05,,21
2026-06-02T17:19:13.133675,$GAGSV,06,,37
2026-06-02T17:19:13.133675,$GAGSV,09,,37
2026-06-02T17:19:13.134264,$GAGSV,10,,39
2026-06-02T17:19:13.134264,$GAGSV,11,,35
2026-06-02T17:19:13.134264,$GAGSV,12,,33
2026-06-02T17:19:13.134264,$GAGSV,36,,33
2026-06-02T17:19:13.134852,$GAGSV,05,,32
2026-06-02T17:19:13.134852,$GAGSV,06,,36
2026-06-02T17:19:13.134852,$GAGSV,09,,38
2026-06-02T17:19:13.134852,$GAGSV,10,,40
2026-06-02T17:19:13.135348,$GAGSV,11,,36
2026-06-02T17:19:13.135348,$GAGSV,12,,36
2026-06-02T17:19:13.135348,$GAGSV,36,,35
2026-06-02T17:19:13.136455,$GBGSV,06,,20
2026-06-02T17:19:13.136455,$GBGSV,07,,40
2026-06-02T17:19:13.136455,$GBGSV,08,,32
2026-06-02T17:19:13.136455,$GBGSV,09,,37
2026-06-02T17:19:13.137119,$GBGSV,10,,41
2026-06-02T17:19:13.137119,$GBGSV,13,,33
2026-06-02T17:19:13.137119,$GBGSV,14,,09
2026-06-02T17:19:13.137119,$GBGSV,34,,39
2026-06-02T17:19:13.137719,$GBGSV,09,,32
2026-06-02T17:19:13.137719,$GBGSV,10,,36
2026-06-02T17:19:13.137719,$GBGSV,14,,08
2026-06-02T17:19:14.116639,$GPGSV,10,,37
2026-06-02T17:19:14.116639,$GPGSV,18,,42
2026-06-02T17:19:14.116639,$GPGSV,23,,40
2026-06-02T17:19:14.116639,$GPGSV,28,,31
2026-06-02T17:19:14.117227,$GPGSV,29,,33
2026-06-02T17:19:14.117227,$GPGSV,32,,34
2026-06-02T17:19:14.117227,$GPGSV,41,,40
2026-06-02T17:19:14.117227,$GPGSV,42,,42
2026-06-02T17:19:14.117557,$GPGSV,50,,37
2026-06-02T17:19:14.118132,$GPGSV,10,,30
2026-06-02T17:19:14.118132,$GPGSV,18,,41
2026-06-02T17:19:14.118132,$GPGSV,23,,35
2026-06-02T17:19:14.118132,$GPGSV,24,,15
2026-06-02T17:19:14.119564,$GPGSV,29,,24
2026-06-02T17:19:14.119564,$GPGSV,32,,24
2026-06-02T17:19:14.121191,$GLGSV,65,,30
2026-06-02T17:19:14.121191,$GLGSV,66,,35
2026-06-02T17:19:14.121191,$GLGSV,76,,24
2026-06-02T17:19:14.121191,$GLGSV,81,,33
2026-06-02T17:19:14.121650,$GLGSV,87,,33
2026-06-02T17:19:14.121650,$GLGSV,88,,40
2026-06-02T17:19:14.122281,$GLGSV,66,,35
2026-06-02T17:19:14.122281,$GLGSV,67,,21
2026-06-02T17:19:14.122281,$GLGSV,75,,25
2026-06-02T17:19:14.122281,$GLGSV,76,,31
2026-06-02T17:19:14.122729,$GLGSV,81,,34
2026-06-02T17:19:14.122729,$GLGSV,88,,39
2026-06-02T17:19:14.123676,$GAGSV,04,,17
2026-06-02T17:19:14.123676,$GAGSV,05,,21
2026-06-02T17:19:14.123676,$GAGSV,06,,36
2026-06-02T17:19:14.123676,$GAGSV,09,,36
2026-06-02T17:19:14.124442,$GAGSV,10,,39
2026-06-02T17:19:14.124442,$GAGSV,11,,33
2026-06-02T17:19:14.124442,$GAGSV,12,,32
2026-06-02T17:19:14.124442,$GAGSV,36,,33
2026-06-02T17:19:14.125096,$GAGSV,05,,28
2026-06-02T17:19:14.125096,$GAGSV,06,,39
2026-06-02T17:19:14.125096,$GAGSV,09,,39
2026-06-02T17:19:14.125096,$GAGSV,10,,40
2026-06-02T17:19:14.125653,$GAGSV,11,,37
2026-06-02T17:19:14.125653,$GAGSV,12,,36
2026-06-02T17:19:14.125653,$GAGSV,36,,35
2026-06-02T17:19:14.126845,$GBGSV,06,,18
2026-06-02T17:19:14.126845,$GBGSV,07,,42
2026-06-02T17:19:14.126845,$GBGSV,08,,32
2026-06-02T17:19:14.126845,$GBGSV,09,,36
2026-06-02T17:19:14.127477,$GBGSV,10,,42
2026-06-02T17:19:14.127477,$GBGSV,13,,35
2026-06-02T17:19:14.127477,$GBGSV,14,,14
2026-06-02T17:19:14.127477,$GBGSV,34,,37
2026-06-02T17:19:14.128018,$GBGSV,09,,32
2026-06-02T17:19:14.128018,$GBGSV,10,,36
2026-06-02T17:19:14.128018,$GBGSV,14,,08
2026-06-02T17:19:15.121399,$GPGSV,10,,36
2026-06-02T17:19:15.121399,$GPGSV,18,,43
2026-06-02T17:19:15.121399,$GPGSV,23,,41
2026-06-02T17:19:15.121399,$GPGSV,28,,24
2026-06-02T17:19:15.122129,$GPGSV,29,,34
2026-06-02T17:19:15.122129,$GPGSV,32,,25
2026-06-02T17:19:15.122129,$GPGSV,41,,40
2026-06-02T17:19:15.122129,$GPGSV,42,,43
2026-06-02T17:19:15.122554,$GPGSV,50,,37
2026-06-02T17:19:15.123241,$GPGSV,10,,29
2026-06-02T17:19:15.123241,$GPGSV,18,,39
2026-06-02T17:19:15.123241,$GPGSV,23,,34
2026-06-02T17:19:15.123241,$GPGSV,24,,15
2026-06-02T17:19:15.123754,$GPGSV,29,,23
2026-06-02T17:19:15.123754,$GPGSV,32,,25
2026-06-02T17:19:15.125615,$GLGSV,65,,31
2026-06-02T17:19:15.125615,$GLGSV,66,,37
2026-06-02T17:19:15.125615,$GLGSV,76,,24
2026-06-02T17:19:15.125615,$GLGSV,81,,33
2026-06-02T17:19:15.126139,$GLGSV,87,,29
2026-06-02T17:19:15.126139,$GLGSV,88,,40
2026-06-02T17:19:15.126836,$GLGSV,66,,35
2026-06-02T17:19:15.126836,$GLGSV,67,,20
2026-06-02T17:19:15.126836,$GLGSV,75,,23
2026-06-02T17:19:15.126836,$GLGSV,76,,23
2026-06-02T17:19:15.127324,$GLGSV,81,,35
2026-06-02T17:19:15.127324,$GLGSV,88,,40
2026-06-02T17:19:15.128381,$GAGSV,04,,20
2026-06-02T17:19:15.128381,$GAGSV,05,,21
2026-06-02T17:19:15.128381,$GAGSV,06,,37
2026-06-02T17:19:15.128381,$GAGSV,09,,36
2026-06-02T17:19:15.129094,$GAGSV,10,,39
2026-06-02T17:19:15.129094,$GAGSV,11,,33
2026-06-02T17:19:15.129094,$GAGSV,12,,32
2026-06-02T17:19:15.129094,$GAGSV,36,,34
2026-06-02T17:19:15.129882,$GAGSV,05,,26
2026-06-02T17:19:15.129882,$GAGSV,06,,39
2026-06-02T17:19:15.129882,$GAGSV,09,,38
2026-06-02T17:19:15.129882,$GAGSV,10,,39
2026-06-02T17:19:15.130552,$GAGSV,11,,36
2026-06-02T17:19:15.130552,$GAGSV,12,,33
2026-06-02T17:19:15.130552,$GAGSV,36,,35
2026-06-02T17:19:15.131819,$GBGSV,06,,20
2026-06-02T17:19:15.131819,$GBGSV,07,,41
2026-06-02T17:19:15.131819,$GBGSV,08,,32
2026-06-02T17:19:15.131819,$GBGSV,09,,36
2026-06-02T17:19:15.132498,$GBGSV,10,,41
2026-06-02T17:19:15.132498,$GBGSV,13,,30
2026-06-02T17:19:15.132498,$GBGSV,14,,15
2026-06-02T17:19:15.132498,$GBGSV,34,,37
2026-06-02T17:19:15.133047,$GBGSV,09,,32
2026-06-02T17:19:15.133047,$GBGSV,10,,35
2026-06-02T17:19:15.133047,$GBGSV,14,,08
2026-06-02T17:19:16.117684,$GPGSV,10,,38
2026-06-02T17:19:16.117684,$GPGSV,18,,42
2026-06-02T17:19:16.117684,$GPGSV,23,,40
2026-06-02T17:19:16.117684,$GPGSV,25,,26
2026-06-02T17:19:16.118430,$GPGSV,28,,22
2026-06-02T17:19:16.118430,$GPGSV,29,,30
2026-06-02T17:19:16.118430,$GPGSV,32,,25
2026-06-02T17:19:16.118430,$GPGSV,41,,40
2026-06-02T17:19:16.118953,$GPGSV,42,,40
2026-06-02T17:19:16.118953,$GPGSV,50,,37
2026-06-02T17:19:16.119663,$GPGSV,10,,30
2026-06-02T17:19:16.119663,$GPGSV,18,,39
2026-06-02T17:19:16.119663,$GPGSV,23,,33
2026-06-02T17:19:16.119663,$GPGSV,24,,13
2026-06-02T17:19:16.120176,$GPGSV,29,,23
2026-06-02T17:19:16.120176,$GPGSV,32,,25
2026-06-02T17:19:16.122010,$GLGSV,65,,31
2026-06-02T17:19:16.122010,$GLGSV,66,,39
2026-06-02T17:19:16.122010,$GLGSV,76,,25
2026-06-02T17:19:16.122010,$GLGSV,81,,38
2026-06-02T17:19:16.122521,$GLGSV,87,,28
2026-06-02T17:19:16.122521,$GLGSV,88,,39
2026-06-02T17:19:16.123201,$GLGSV,66,,35
2026-06-02T17:19:16.123201,$GLGSV,67,,19
2026-06-02T17:19:16.123201,$GLGSV,75,,21
2026-06-02T17:19:16.123201,$GLGSV,76,,26
2026-06-02T17:19:16.123688,$GLGSV,81,,36
2026-06-02T17:19:16.123688,$GLGSV,88,,40
2026-06-02T17:19:16.124740,$GAGSV,04,,20
2026-06-02T17:19:16.124740,$GAGSV,05,,20
2026-06-02T17:19:16.124740,$GAGSV,06,,38
2026-06-02T17:19:16.124740,$GAGSV,09,,35
2026-06-02T17:19:16.125431,$GAGSV,10,,39
2026-06-02T17:19:16.125431,$GAGSV,11,,34
2026-06-02T17:19:16.125431,$GAGSV,12,,33
2026-06-02T17:19:16.125431,$GAGSV,36,,34
2026-06-02T17:19:16.126118,$GAGSV,05,,25
2026-06-02T17:19:16.126118,$GAGSV,06,,40
2026-06-02T17:19:16.126118,$GAGSV,09,,38
2026-06-02T17:19:16.126118,$GAGSV,10,,40
2026-06-02T17:19:16.126701,$GAGSV,11,,36
2026-06-02T17:19:16.126701,$GAGSV,12,,36
2026-06-02T17:19:16.126701,$GAGSV,36,,36
2026-06-02T17:19:16.127990,$GBGSV,06,,19
2026-06-02T17:19:16.127990,$GBGSV,07,,42
2026-06-02T17:19:16.127990,$GBGSV,08,,35
2026-06-02T17:19:16.127990,$GBGSV,09,,38
2026-06-02T17:19:16.128673,$GBGSV,10,,39
2026-06-02T17:19:16.128673,$GBGSV,13,,30
2026-06-02T17:19:16.128673,$GBGSV,14,,15
2026-06-02T17:19:16.128673,$GBGSV,34,,37
2026-06-02T17:19:16.129259,$GBGSV,09,,32
2026-06-02T17:19:16.129259,$GBGSV,10,,36
2026-06-02T17:19:16.129259,$GBGSV,14,,07
2026-06-02T17:19:17.115293,$GPGSV,10,,38
2026-06-02T17:19:17.115293,$GPGSV,18,,41
2026-06-02T17:19:17.115293,$GPGSV,23,,38
2026-06-02T17:19:17.115293,$GPGSV,25,,23
2026-06-02T17:19:17.116034,$GPGSV,28,,22
2026-06-02T17:19:17.116034,$GPGSV,29,,30
2026-06-02T17:19:17.116034,$GPGSV,32,,31
2026-06-02T17:19:17.116034,$GPGSV,41,,40
2026-06-02T17:19:17.116565,$GPGSV,42,,40
2026-06-02T17:19:17.116565,$GPGSV,50,,37
2026-06-02T17:19:17.117284,$GPGSV,10,,30
2026-06-02T17:19:17.117284,$GPGSV,18,,39
2026-06-02T17:19:17.117284,$GPGSV,23,,33
2026-06-02T17:19:17.117284,$GPGSV,24,,11
2026-06-02T17:19:17.117831,$GPGSV,29,,25
2026-06-02T17:19:17.117831,$GPGSV,32,,24
2026-06-02T17:19:17.119627,$GLGSV,65,,30
2026-06-02T17:19:17.119627,$GLGSV,66,,38
2026-06-02T17:19:17.119627,$GLGSV,76,,26
2026-06-02T17:19:17.119627,$GLGSV,81,,38
2026-06-02T17:19:17.120118,$GLGSV,87,,27
2026-06-02T17:19:17.120118,$GLGSV,88,,40
2026-06-02T17:19:17.120796,$GLGSV,66,,35
2026-06-02T17:19:17.120796,$GLGSV,67,,18
2026-06-02T17:19:17.120796,$GLGSV,75,,23
2026-06-02T17:19:17.120796,$GLGSV,76,,24
2026-06-02T17:19:17.121290,$GLGSV,81,,37
2026-06-02T17:19:17.121290,$GLGSV,88,,39
2026-06-02T17:19:17.122348,$GAGSV,04,,20
2026-06-02T17:19:17.122348,$GAGSV,05,,19
2026-06-02T17:19:17.122348,$GAGSV,06,,38
2026-06-02T17:19:17.122348,$GAGSV,09,,35
2026-06-02T17:19:17.123043,$GAGSV,10,,40
2026-06-02T17:19:17.123043,$GAGSV,11,,35
2026-06-02T17:19:17.123043,$GAGSV,12,,33
2026-06-02T17:19:17.123043,$GAGSV,36,,34
2026-06-02T17:19:17.123721,$GAGSV,05,,31
2026-06-02T17:19:17.123721,$GAGSV,06,,40
2026-06-02T17:19:17.123721,$GAGSV,09,,40
2026-06-02T17:19:17.123721,$GAGSV,10,,40
2026-06-02T17:19:17.124307,$GAGSV,11,,36
2026-06-02T17:19:17.124307,$GAGSV,12,,36
2026-06-02T17:19:17.124307,$GAGSV,36,,36
2026-06-02T17:19:17.125594,$GBGSV,06,,18
2026-06-02T17:19:17.125594,$GBGSV,07,,42
2026-06-02T17:19:17.125594,$GBGSV,08,,36
2026-06-02T17:19:17.125594,$GBGSV,09,,37
2026-06-02T17:19:17.126325,$GBGSV,10,,39
2026-06-02T17:19:17.126325,$GBGSV,13,,34
2026-06-02T17:19:17.126325,$GBGSV,14,,14
2026-06-02T17:19:17.126325,$GBGSV,34,,39
2026-06-02T17:19:17.126813,$GBGSV,09,,33
2026-06-02T17:19:17.126813,$GBGSV,10,,36
2026-06-02T17:19:18.119305,$GPGSV,10,,37
2026-06-02T17:19:18.119305,$GPGSV,18,,41
2026-06-02T17:19:18.119305,$GPGSV,23,,36
2026-06-02T17:19:18.119305,$GPGSV,25,,21
2026-06-02T17:19:18.120013,$GPGSV,28,,22
2026-06-02T17:19:18.120013,$GPGSV,29,,29
2026-06-02T17:19:18.120013,$GPGSV,32,,34
2026-06-02T17:19:18.120013,$GPGSV,41,,41
2026-06-02T17:19:18.120510,$GPGSV,42,,40
2026-06-02T17:19:18.120510,$GPGSV,50,,37
2026-06-02T17:19:18.121188,$GPGSV,10,,29
2026-06-02T17:19:18.121188,$GPGSV,18,,41
2026-06-02T17:19:18.121188,$GPGSV,23,,34
2026-06-02T17:19:18.121188,$GPGSV,24,,11
2026-06-02T17:19:18.121699,$GPGSV,29,,25
2026-06-02T17:19:18.121699,$GPGSV,32,,23
2026-06-02T17:19:18.123396,$GLGSV,65,,29
2026-06-02T17:19:18.123396,$GLGSV,66,,40
2026-06-02T17:19:18.123396,$GLGSV,76,,31
2026-06-02T17:19:18.123396,$GLGSV,81,,38
2026-06-02T17:19:18.123867,$GLGSV,87,,34
2026-06-02T17:19:18.123867,$GLGSV,88,,40
2026-06-02T17:19:18.124517,$GLGSV,66,,34
2026-06-02T17:19:18.124517,$GLGSV,67,,18
2026-06-02T17:19:18.124517,$GLGSV,75,,26
2026-06-02T17:19:18.124517,$GLGSV,76,,34
2026-06-02T17:19:18.124982,$GLGSV,81,,38
2026-06-02T17:19:18.124982,$GLGSV,88,,41
2026-06-02T17:19:18.126317,$GAGSV,04,,18
2026-06-02T17:19:18.126317,$GAGSV,05,,24
2026-06-02T17:19:18.126317,$GAGSV,06,,37
2026-06-02T17:19:18.126317,$GAGSV,09,,38
2026-06-02T17:19:18.127015,$GAGSV,10,,40
2026-06-02T17:19:18.127015,$GAGSV,11,,35
2026-06-02T17:19:18.127015,$GAGSV,12,,33
2026-06-02T17:19:18.127015,$GAGSV,36,,33
2026-06-02T17:19:18.127699,$GAGSV,04,,24
2026-06-02T17:19:18.127699,$GAGSV,05,,30
2026-06-02T17:19:18.127699,$GAGSV,06,,38
2026-06-02T17:19:18.127699,$GAGSV,09,,40
2026-06-02T17:19:18.128367,$GAGSV,10,,40
2026-06-02T17:19:18.128367,$GAGSV,11,,36
2026-06-02T17:19:18.128367,$GAGSV,12,,36
2026-06-02T17:19:18.128367,$GAGSV,36,,33
2026-06-02T17:19:18.129763,$GBGSV,06,,18
2026-06-02T17:19:18.129763,$GBGSV,07,,40
2026-06-02T17:19:18.129763,$GBGSV,08,,38
2026-06-02T17:19:18.129763,$GBGSV,09,,38
2026-06-02T17:19:18.130427,$GBGSV,10,,41
2026-06-02T17:19:18.130427,$GBGSV,13,,36
2026-06-02T17:19:18.130427,$GBGSV,14,,12
2026-06-02T17:19:18.130427,$GBGSV,34,,37
2026-06-02T17:19:18.130916,$GBGSV,09,,33
2026-06-02T17:19:18.130916,$GBGSV,10,,36
2026-06-02T17:19:19.119208,$GPGSV,10,,36
2026-06-02T17:19:19.119208,$GPGSV,18,,41
2026-06-02T17:19:19.119208,$GPGSV,23,,37
2026-06-02T17:19:19.119208,$GPGSV,25,,20
2026-06-02T17:19:19.120039,$GPGSV,28,,22
2026-06-02T17:19:19.120039,$GPGSV,29,,29
2026-06-02T17:19:19.120039,$GPGSV,32,,26
2026-06-02T17:19:19.120039,$GPGSV,41,,41
2026-06-02T17:19:19.120671,$GPGSV,42,,40
2026-06-02T17:19:19.120671,$GPGSV,50,,36
2026-06-02T17:19:19.121536,$GPGSV,10,,29
2026-06-02T17:19:19.121536,$GPGSV,18,,41
2026-06-02T17:19:19.121536,$GPGSV,23,,36
2026-06-02T17:19:19.121536,$GPGSV,24,,12
2026-06-02T17:19:19.122188,$GPGSV,29,,25
2026-06-02T17:19:19.122188,$GPGSV,32,,30
2026-06-02T17:19:19.124815,$GLGSV,65,,29
2026-06-02T17:19:19.124815,$GLGSV,66,,39
2026-06-02T17:19:19.124815,$GLGSV,76,,31
2026-06-02T17:19:19.124815,$GLGSV,81,,32
2026-06-02T17:19:19.125434,$GLGSV,87,,28
2026-06-02T17:19:19.125434,$GLGSV,88,,41
2026-06-02T17:19:19.126328,$GLGSV,66,,37
2026-06-02T17:19:19.126328,$GLGSV,67,,20
2026-06-02T17:19:19.126328,$GLGSV,75,,28
2026-06-02T17:19:19.126328,$GLGSV,76,,37
2026-06-02T17:19:19.126953,$GLGSV,81,,36
2026-06-02T17:19:19.126953,$GLGSV,88,,40
2026-06-02T17:19:19.128236,$GAGSV,04,,19
2026-06-02T17:19:19.128236,$GAGSV,05,,23
2026-06-02T17:19:19.128236,$GAGSV,06,,36
2026-06-02T17:19:19.128236,$GAGSV,09,,38
2026-06-02T17:19:19.129166,$GAGSV,10,,39
2026-06-02T17:19:19.129166,$GAGSV,11,,35
2026-06-02T17:19:19.129166,$GAGSV,12,,32
2026-06-02T17:19:19.129166,$GAGSV,36,,33
2026-06-02T17:19:19.130141,$GAGSV,04,,23
2026-06-02T17:19:19.130141,$GAGSV,05,,25
2026-06-02T17:19:19.130141,$GAGSV,06,,38
2026-06-02T17:19:19.130141,$GAGSV,09,,38
2026-06-02T17:19:19.131118,$GAGSV,10,,40
2026-06-02T17:19:19.131118,$GAGSV,11,,38
2026-06-02T17:19:19.131118,$GAGSV,12,,33
2026-06-02T17:19:19.131118,$GAGSV,36,,33
2026-06-02T17:19:19.132718,$GBGSV,06,,18
2026-06-02T17:19:19.132718,$GBGSV,07,,41
2026-06-02T17:19:19.132718,$GBGSV,08,,36
2026-06-02T17:19:19.132718,$GBGSV,09,,37
2026-06-02T17:19:19.133567,$GBGSV,10,,41
2026-06-02T17:19:19.133567,$GBGSV,13,,40
2026-06-02T17:19:19.133567,$GBGSV,14,,14
2026-06-02T17:19:19.133567,$GBGSV,34,,38
2026-06-02T17:19:19.134204,$GBGSV,09,,33
2026-06-02T17:19:19.134204,$GBGSV,10,,35
2026-06-02T17:19:20.116778,$GPGSV,10,,34
2026-06-02T17:19:20.116778,$GPGSV,18,,42
2026-06-02T17:19:20.116778,$GPGSV,23,,41
2026-06-02T17:19:20.116778,$GPGSV,25,,23
2026-06-02T17:19:20.117485,$GPGSV,28,,22
2026-06-02T17:19:20.117485,$GPGSV,29,,28
2026-06-02T17:19:20.117485,$GPGSV,32,,34
2026-06-02T17:19:20.117485,$GPGSV,41,,42
2026-06-02T17:19:20.117994,$GPGSV,42,,38
2026-06-02T17:19:20.117994,$GPGSV,50,,37
2026-06-02T17:19:20.118688,$GPGSV,10,,31
2026-06-02T17:19:20.118688,$GPGSV,18,,41
2026-06-02T17:19:20.118688,$GPGSV,23,,36
2026-06-02T17:19:20.118688,$GPGSV,24,,12
2026-06-02T17:19:20.119182,$GPGSV,29,,24
2026-06-02T17:19:20.119182,$GPGSV,32,,22
2026-06-02T17:19:20.120913,$GLGSV,65,,27
2026-06-02T17:19:20.120913,$GLGSV,66,,39
2026-06-02T17:19:20.120913,$GLGSV,76,,29
2026-06-02T17:19:20.120913,$GLGSV,81,,38
2026-06-02T17:19:20.121405,$GLGSV,87,,28
2026-06-02T17:19:20.121405,$GLGSV,88,,40
2026-06-02T17:19:20.122092,$GLGSV,66,,37
2026-06-02T17:19:20.122092,$GLGSV,67,,22
2026-06-02T17:19:20.122092,$GLGSV,75,,29
2026-06-02T17:19:20.122092,$GLGSV,76,,31
2026-06-02T17:19:20.122585,$GLGSV,81,,36
2026-06-02T17:19:20.122585,$GLGSV,88,,40
2026-06-02T17:19:20.123647,$GAGSV,04,,23
2026-06-02T17:19:20.123647,$GAGSV,05,,23
2026-06-02T17:19:20.123647,$GAGSV,06,,37
2026-06-02T17:19:20.123647,$GAGSV,09,,38
2026-06-02T17:19:20.124353,$GAGSV,10,,39
2026-06-02T17:19:20.124353,$GAGSV,11,,35
2026-06-02T17:19:20.124353,$GAGSV,12,,34
2026-06-02T17:19:20.124353,$GAGSV,36,,32
2026-06-02T17:19:20.125116,$GAGSV,04,,22
2026-06-02T17:19:20.125116,$GAGSV,05,,26
2026-06-02T17:19:20.125116,$GAGSV,06,,38
2026-06-02T17:19:20.125116,$GAGSV,09,,40
2026-06-02T17:19:20.125896,$GAGSV,10,,40
2026-06-02T17:19:20.125896,$GAGSV,11,,38
2026-06-02T17:19:20.125896,$GAGSV,12,,36
2026-06-02T17:19:20.125896,$GAGSV,36,,32
2026-06-02T17:19:20.127154,$GBGSV,06,,17
2026-06-02T17:19:20.127154,$GBGSV,07,,41
2026-06-02T17:19:20.127154,$GBGSV,08,,36
2026-06-02T17:19:20.127154,$GBGSV,09,,38
2026-06-02T17:19:20.127809,$GBGSV,10,,39
2026-06-02T17:19:20.127809,$GBGSV,13,,39
2026-06-02T17:19:20.127809,$GBGSV,14,,13
2026-06-02T17:19:20.127809,$GBGSV,34,,38
2026-06-02T17:19:20.128290,$GBGSV,09,,34
2026-06-02T17:19:20.128290,$GBGSV,10,,36
2026-06-02T17:19:21.126431,$GPGSV,10,,37
2026-06-02T17:19:21.126431,$GPGSV,18,,42
2026-06-02T17:19:21.126431,$GPGSV,23,,39
2026-06-02T17:19:21.126431,$GPGSV,25,,23
2026-06-02T17:19:21.127174,$GPGSV,28,,21
2026-06-02T17:19:21.127174,$GPGSV,29,,30
2026-06-02T17:19:21.127174,$GPGSV,32,,39
2026-06-02T17:19:21.127174,$GPGSV,41,,41
2026-06-02T17:19:21.127694,$GPGSV,42,,39
2026-06-02T17:19:21.127694,$GPGSV,50,,36
2026-06-02T17:19:21.128411,$GPGSV,10,,30
2026-06-02T17:19:21.128411,$GPGSV,18,,41
2026-06-02T17:19:21.128411,$GPGSV,23,,36
2026-06-02T17:19:21.128411,$GPGSV,24,,12
2026-06-02T17:19:21.128928,$GPGSV,29,,24
2026-06-02T17:19:21.128928,$GPGSV,32,,29
2026-06-02T17:19:21.130741,$GLGSV,65,,25
2026-06-02T17:19:21.130741,$GLGSV,66,,37
2026-06-02T17:19:21.130741,$GLGSV,76,,29
2026-06-02T17:19:21.130741,$GLGSV,81,,38
2026-06-02T17:19:21.131233,$GLGSV,87,,32
2026-06-02T17:19:21.131233,$GLGSV,88,,39
2026-06-02T17:19:21.131919,$GLGSV,66,,37
2026-06-02T17:19:21.131919,$GLGSV,67,,22
2026-06-02T17:19:21.131919,$GLGSV,75,,30
2026-06-02T17:19:21.131919,$GLGSV,76,,35
2026-06-02T17:19:21.132414,$GLGSV,81,,38
2026-06-02T17:19:21.132414,$GLGSV,88,,40
2026-06-02T17:19:21.133459,$GAGSV,04,,24
2026-06-02T17:19:21.133459,$GAGSV,05,,22
2026-06-02T17:19:21.133459,$GAGSV,06,,36
2026-06-02T17:19:21.133459,$GAGSV,09,,38
2026-06-02T17:19:21.134263,$GAGSV,10,,39
2026-06-02T17:19:21.134263,$GAGSV,11,,35
2026-06-02T17:19:21.134263,$GAGSV,12,,34
2026-06-02T17:19:21.134263,$GAGSV,36,,32
2026-06-02T17:19:21.135080,$GAGSV,04,,25
2026-06-02T17:19:21.135080,$GAGSV,05,,25
2026-06-02T17:19:21.135080,$GAGSV,06,,38
2026-06-02T17:19:21.135080,$GAGSV,09,,40
2026-06-02T17:19:21.135770,$GAGSV,10,,39
2026-06-02T17:19:21.135770,$GAGSV,11,,37
2026-06-02T17:19:21.135770,$GAGSV,12,,33
2026-06-02T17:19:21.135770,$GAGSV,36,,35
2026-06-02T17:19:21.137066,$GBGSV,06,,17
2026-06-02T17:19:21.137066,$GBGSV,07,,41
2026-06-02T17:19:21.137066,$GBGSV,08,,35
2026-06-02T17:19:21.137066,$GBGSV,09,,40
2026-06-02T17:19:21.137773,$GBGSV,10,,40
2026-06-02T17:19:21.137773,$GBGSV,13,,39
2026-06-02T17:19:21.137773,$GBGSV,14,,17
2026-06-02T17:19:21.137773,$GBGSV,34,,40
2026-06-02T17:19:21.138262,$GBGSV,09,,33
2026-06-02T17:19:21.138262,$GBGSV,10,,37
2026-06-02T17:19:22.134198,$GPGSV,10,,37
2026-06-02T17:19:22.134198,$GPGSV,18,,42
2026-06-02T17:19:22.134198,$GPGSV,23,,39
2026-06-02T17:19:22.134198,$GPGSV,25,,21
2026-06-02T17:19:22.136463,$GPGSV,28,,22
2026-06-02T17:19:22.136463,$GPGSV,29,,31
2026-06-02T17:19:22.136463,$GPGSV,32,,35
2026-06-02T17:19:22.136463,$GPGSV,41,,40
2026-06-02T17:19:22.138162,$GPGSV,42,,39
2026-06-02T17:19:22.138162,$GPGSV,50,,38
2026-06-02T17:19:22.140381,$GPGSV,10,,31
2026-06-02T17:19:22.140381,$GPGSV,18,,41
2026-06-02T17:19:22.140381,$GPGSV,23,,36
2026-06-02T17:19:22.140381,$GPGSV,24,,13
2026-06-02T17:19:22.142001,$GPGSV,29,,23
2026-06-02T17:19:22.142001,$GPGSV,32,,24
2026-06-02T17:19:22.147652,$GLGSV,65,,23
2026-06-02T17:19:22.147652,$GLGSV,66,,36
2026-06-02T17:19:22.147652,$GLGSV,76,,35
2026-06-02T17:19:22.147652,$GLGSV,81,,36
2026-06-02T17:19:22.149279,$GLGSV,87,,36
2026-06-02T17:19:22.149279,$GLGSV,88,,40
2026-06-02T17:19:22.150994,$GLGSV,66,,37
2026-06-02T17:19:22.150994,$GLGSV,67,,21
2026-06-02T17:19:22.150994,$GLGSV,75,,29
2026-06-02T17:19:22.150994,$GLGSV,76,,31
2026-06-02T17:19:22.152049,$GLGSV,81,,37
2026-06-02T17:19:22.152049,$GLGSV,88,,40
2026-06-02T17:19:22.154331,$GAGSV,04,,26
2026-06-02T17:19:22.154331,$GAGSV,05,,22
2026-06-02T17:19:22.154331,$GAGSV,06,,36
2026-06-02T17:19:22.154331,$GAGSV,09,,38
2026-06-02T17:19:22.155676,$GAGSV,10,,39
2026-06-02T17:19:22.155676,$GAGSV,11,,35
2026-06-02T17:19:22.155676,$GAGSV,12,,34
2026-06-02T17:19:22.155676,$GAGSV,36,,33
2026-06-02T17:19:22.156885,$GAGSV,04,,25
2026-06-02T17:19:22.156885,$GAGSV,05,,31
2026-06-02T17:19:22.156885,$GAGSV,06,,38
2026-06-02T17:19:22.156885,$GAGSV,09,,41
2026-06-02T17:19:22.158018,$GAGSV,10,,40
2026-06-02T17:19:22.158018,$GAGSV,11,,37
2026-06-02T17:19:22.158018,$GAGSV,12,,33
2026-06-02T17:19:22.158018,$GAGSV,36,,32
2026-06-02T17:19:22.160013,$GBGSV,06,,17
2026-06-02T17:19:22.160013,$GBGSV,07,,41
2026-06-02T17:19:22.160013,$GBGSV,08,,36
2026-06-02T17:19:22.160013,$GBGSV,09,,35
2026-06-02T17:19:22.160857,$GBGSV,10,,40
2026-06-02T17:19:22.160857,$GBGSV,13,,39
2026-06-02T17:19:22.160857,$GBGSV,14,,15
2026-06-02T17:19:22.160857,$GBGSV,34,,38
2026-06-02T17:19:22.161473,$GBGSV,09,,31
2026-06-02T17:19:22.161473,$GBGSV,10,,36
2026-06-02T17:19:23.121293,$GPGSV,10,,37
2026-06-02T17:19:23.121293,$GPGSV,18,,41
2026-06-02T17:19:23.121293,$GPGSV,23,,39
2026-06-02T17:19:23.121293,$GPGSV,25,,19
2026-06-02T17:19:23.122179,$GPGSV,28,,19
2026-06-02T17:19:23.122179,$GPGSV,29,,31
2026-06-02T17:19:23.122179,$GPGSV,32,,36
2026-06-02T17:19:23.122179,$GPGSV,41,,43
2026-06-02T17:19:23.122724,$GPGSV,42,,41
2026-06-02T17:19:23.122724,$GPGSV,50,,36
2026-06-02T17:19:23.123454,$GPGSV,10,,30
2026-06-02T17:19:23.123454,$GPGSV,18,,40
2026-06-02T17:19:23.123454,$GPGSV,23,,35
2026-06-02T17:19:23.123454,$GPGSV,24,,13
2026-06-02T17:19:23.123986,$GPGSV,29,,21
2026-06-02T17:19:23.123986,$GPGSV,32,,34
2026-06-02T17:19:23.126207,$GLGSV,65,,20
2026-06-02T17:19:23.126207,$GLGSV,66,,35
2026-06-02T17:19:23.126207,$GLGSV,76,,25
2026-06-02T17:19:23.126207,$GLGSV,81,,37
2026-06-02T17:19:23.126769,$GLGSV,87,,35
2026-06-02T17:19:23.126769,$GLGSV,88,,42
2026-06-02T17:19:23.127483,$GLGSV,66,,34
2026-06-02T17:19:23.127483,$GLGSV,67,,20
2026-06-02T17:19:23.127483,$GLGSV,75,,27
2026-06-02T17:19:23.127483,$GLGSV,76,,28
2026-06-02T17:19:23.128032,$GLGSV,81,,35
2026-06-02T17:19:23.128032,$GLGSV,88,,43
2026-06-02T17:19:23.129276,$GAGSV,04,,27
2026-06-02T17:19:23.129276,$GAGSV,05,,22
2026-06-02T17:19:23.129276,$GAGSV,06,,36
2026-06-02T17:19:23.129276,$GAGSV,09,,39
2026-06-02T17:19:23.129997,$GAGSV,10,,39
2026-06-02T17:19:23.129997,$GAGSV,11,,34
2026-06-02T17:19:23.129997,$GAGSV,12,,34
2026-06-02T17:19:23.129997,$GAGSV,36,,33
2026-06-02T17:19:23.130718,$GAGSV,04,,25
2026-06-02T17:19:23.130718,$GAGSV,05,,26
2026-06-02T17:19:23.130718,$GAGSV,06,,38
2026-06-02T17:19:23.130718,$GAGSV,09,,41
2026-06-02T17:19:23.131431,$GAGSV,10,,40
2026-06-02T17:19:23.131431,$GAGSV,11,,36
2026-06-02T17:19:23.131431,$GAGSV,12,,32
2026-06-02T17:19:23.131431,$GAGSV,36,,35
2026-06-02T17:19:23.132766,$GBGSV,06,,17
2026-06-02T17:19:23.132766,$GBGSV,07,,42
2026-06-02T17:19:23.132766,$GBGSV,08,,35
2026-06-02T17:19:23.132766,$GBGSV,09,,35
2026-06-02T17:19:23.133469,$GBGSV,10,,41
2026-06-02T17:19:23.133469,$GBGSV,13,,40
2026-06-02T17:19:23.133469,$GBGSV,14,,16
2026-06-02T17:19:23.133469,$GBGSV,34,,38
2026-06-02T17:19:23.133993,$GBGSV,09,,32
2026-06-02T17:19:23.133993,$GBGSV,10,,36
2026-06-02T17:19:24.125064,$GPGSV,10,,35
2026-06-02T17:19:24.125064,$GPGSV,18,,40
2026-06-02T17:19:24.125064,$GPGSV,23,,38
2026-06-02T17:19:24.125064,$GPGSV,25,,18
2026-06-02T17:19:24.127395,$GPGSV,28,,20
2026-06-02T17:19:24.127395,$GPGSV,29,,30
2026-06-02T17:19:24.127395,$GPGSV,32,,41
2026-06-02T17:19:24.127395,$GPGSV,41,,43
2026-06-02T17:19:24.129077,$GPGSV,42,,39
2026-06-02T17:19:24.129077,$GPGSV,50,,36
2026-06-02T17:19:24.131662,$GPGSV,10,,30
2026-06-02T17:19:24.131662,$GPGSV,18,,40
2026-06-02T17:19:24.131662,$GPGSV,23,,35
2026-06-02T17:19:24.131662,$GPGSV,24,,13
2026-06-02T17:19:24.133285,$GPGSV,29,,22
2026-06-02T17:19:24.133285,$GPGSV,32,,34
2026-06-02T17:19:24.138938,$GLGSV,65,,17
2026-06-02T17:19:24.138938,$GLGSV,66,,36
2026-06-02T17:19:24.138938,$GLGSV,76,,31
2026-06-02T17:19:24.138938,$GLGSV,81,,37
2026-06-02T17:19:24.140284,$GLGSV,87,,35
2026-06-02T17:19:24.140284,$GLGSV,88,,42
2026-06-02T17:19:24.141761,$GLGSV,66,,39
2026-06-02T17:19:24.141761,$GLGSV,67,,21
2026-06-02T17:19:24.141761,$GLGSV,75,,25
2026-06-02T17:19:24.141761,$GLGSV,76,,29
2026-06-02T17:19:24.142804,$GLGSV,81,,39
2026-06-02T17:19:24.142804,$GLGSV,88,,41
2026-06-02T17:19:24.144963,$GAGSV,04,,27
2026-06-02T17:19:24.144963,$GAGSV,05,,24
2026-06-02T17:19:24.144963,$GAGSV,06,,37
2026-06-02T17:19:24.144963,$GAGSV,09,,37
2026-06-02T17:19:24.146095,$GAGSV,10,,39
2026-06-02T17:19:24.146095,$GAGSV,11,,33
2026-06-02T17:19:24.146095,$GAGSV,12,,30
2026-06-02T17:19:24.146095,$GAGSV,36,,34
2026-06-02T17:19:24.147214,$GAGSV,04,,27
2026-06-02T17:19:24.147214,$GAGSV,05,,25
2026-06-02T17:19:24.147214,$GAGSV,06,,38
2026-06-02T17:19:24.147214,$GAGSV,09,,39
2026-06-02T17:19:24.148477,$GAGSV,10,,40
2026-06-02T17:19:24.148477,$GAGSV,11,,36
2026-06-02T17:19:24.148477,$GAGSV,12,,35
2026-06-02T17:19:24.148477,$GAGSV,36,,37
2026-06-02T17:19:24.150359,$GBGSV,06,,18
2026-06-02T17:19:24.150359,$GBGSV,07,,41
2026-06-02T17:19:24.150359,$GBGSV,08,,33
2026-06-02T17:19:24.150359,$GBGSV,09,,35
2026-06-02T17:19:24.151216,$GBGSV,10,,41
2026-06-02T17:19:24.151216,$GBGSV,13,,41
2026-06-02T17:19:24.151216,$GBGSV,14,,18
2026-06-02T17:19:24.151216,$GBGSV,34,,39
2026-06-02T17:19:24.151836,$GBGSV,09,,31
2026-06-02T17:19:24.151836,$GBGSV,10,,37
2026-06-02T17:19:25.114942,$GPGSV,10,,37
2026-06-02T17:19:25.114942,$GPGSV,13,,22
2026-06-02T17:19:25.114942,$GPGSV,18,,40
2026-06-02T17:19:25.114942,$GPGSV,23,,35
2026-06-02T17:19:25.115555,$GPGSV,25,,18
2026-06-02T17:19:25.115555,$GPGSV,28,,22
2026-06-02T17:19:25.115555,$GPGSV,29,,28
2026-06-02T17:19:25.115555,$GPGSV,32,,40
2026-06-02T17:19:25.116061,$GPGSV,41,,41
2026-06-02T17:19:25.116061,$GPGSV,42,,41
2026-06-02T17:19:25.116061,$GPGSV,50,,37
2026-06-02T17:19:25.117253,$GPGSV,10,,31
2026-06-02T17:19:25.117253,$GPGSV,18,,40
2026-06-02T17:19:25.117253,$GPGSV,23,,35
2026-06-02T17:19:25.117253,$GPGSV,24,,13
2026-06-02T17:19:25.117676,$GPGSV,29,,21
2026-06-02T17:19:25.117676,$GPGSV,32,,35
2026-06-02T17:19:25.119048,$GLGSV,65,,15
2026-06-02T17:19:25.119048,$GLGSV,66,,38
2026-06-02T17:19:25.119048,$GLGSV,76,,26
2026-06-02T17:19:25.119048,$GLGSV,81,,31
2026-06-02T17:19:25.119455,$GLGSV,87,,34
2026-06-02T17:19:25.119455,$GLGSV,88,,39
2026-06-02T17:19:25.120015,$GLGSV,66,,38
2026-06-02T17:19:25.120015,$GLGSV,67,,20
2026-06-02T17:19:25.120015,$GLGSV,75,,21
2026-06-02T17:19:25.120015,$GLGSV,76,,33
2026-06-02T17:19:25.120419,$GLGSV,81,,37
2026-06-02T17:19:25.120419,$GLGSV,88,,38
2026-06-02T17:19:25.121276,$GAGSV,04,,29
2026-06-02T17:19:25.121276,$GAGSV,05,,26
2026-06-02T17:19:25.121276,$GAGSV,06,,36
2026-06-02T17:19:25.121276,$GAGSV,09,,37
2026-06-02T17:19:25.121868,$GAGSV,10,,39
2026-06-02T17:19:25.121868,$GAGSV,11,,33
2026-06-02T17:19:25.121868,$GAGSV,12,,34
2026-06-02T17:19:25.121868,$GAGSV,36,,34
2026-06-02T17:19:25.122464,$GAGSV,04,,32
2026-06-02T17:19:25.122464,$GAGSV,05,,24
2026-06-02T17:19:25.122464,$GAGSV,06,,38
2026-06-02T17:19:25.122464,$GAGSV,09,,41
2026-06-02T17:19:25.123036,$GAGSV,10,,40
2026-06-02T17:19:25.123036,$GAGSV,11,,35
2026-06-02T17:19:25.123036,$GAGSV,12,,35
2026-06-02T17:19:25.123036,$GAGSV,36,,35
2026-06-02T17:19:25.124108,$GBGSV,06,,18
2026-06-02T17:19:25.124108,$GBGSV,07,,43
2026-06-02T17:19:25.124108,$GBGSV,08,,32
2026-06-02T17:19:25.124108,$GBGSV,09,,34
2026-06-02T17:19:25.124676,$GBGSV,10,,41
2026-06-02T17:19:25.124676,$GBGSV,13,,39
2026-06-02T17:19:25.124676,$GBGSV,14,,18
2026-06-02T17:19:25.124676,$GBGSV,34,,39
2026-06-02T17:19:25.125083,$GBGSV,09,,30
2026-06-02T17:19:25.125083,$GBGSV,10,,36
2026-06-02T17:19:26.124563,$GPGSV,10,,33
2026-06-02T17:19:26.124563,$GPGSV,18,,40
2026-06-02T17:19:26.124563,$GPGSV,23,,36
2026-06-02T17:19:26.124563,$GPGSV,24,,21
2026-06-02T17:19:26.125301,$GPGSV,25,,20
2026-06-02T17:19:26.125301,$GPGSV,28,,21
2026-06-02T17:19:26.125301,$GPGSV,29,,26
2026-06-02T17:19:26.125301,$GPGSV,32,,37
2026-06-02T17:19:26.125942,$GPGSV,41,,42
2026-06-02T17:19:26.125942,$GPGSV,42,,41
2026-06-02T17:19:26.125942,$GPGSV,50,,35
2026-06-02T17:19:26.126680,$GPGSV,10,,31
2026-06-02T17:19:26.126680,$GPGSV,18,,39
2026-06-02T17:19:26.126680,$GPGSV,23,,34
2026-06-02T17:19:26.126680,$GPGSV,24,,10
2026-06-02T17:19:26.127195,$GPGSV,29,,19
2026-06-02T17:19:26.127195,$GPGSV,32,,32
2026-06-02T17:19:26.128972,$GLGSV,65,,13
2026-06-02T17:19:26.128972,$GLGSV,66,,40
2026-06-02T17:19:26.128972,$GLGSV,76,,28
2026-06-02T17:19:26.128972,$GLGSV,81,,34
2026-06-02T17:19:26.129469,$GLGSV,87,,31
2026-06-02T17:19:26.129469,$GLGSV,88,,41
2026-06-02T17:19:26.130178,$GLGSV,66,,37
2026-06-02T17:19:26.130178,$GLGSV,67,,19
2026-06-02T17:19:26.130178,$GLGSV,75,,19
2026-06-02T17:19:26.130178,$GLGSV,76,,27
2026-06-02T17:19:26.130675,$GLGSV,81,,34
2026-06-02T17:19:26.130675,$GLGSV,88,,42
2026-06-02T17:19:26.131726,$GAGSV,04,,32
2026-06-02T17:19:26.131726,$GAGSV,05,,27
2026-06-02T17:19:26.131726,$GAGSV,06,,38
2026-06-02T17:19:26.131726,$GAGSV,09,,38
2026-06-02T17:19:26.132413,$GAGSV,10,,39
2026-06-02T17:19:26.132413,$GAGSV,11,,34
2026-06-02T17:19:26.132413,$GAGSV,12,,30
2026-06-02T17:19:26.132413,$GAGSV,36,,32
2026-06-02T17:19:26.133110,$GAGSV,04,,36
2026-06-02T17:19:26.133110,$GAGSV,05,,26
2026-06-02T17:19:26.133110,$GAGSV,06,,39
2026-06-02T17:19:26.133110,$GAGSV,09,,41
2026-06-02T17:19:26.133991,$GAGSV,10,,38
2026-06-02T17:19:26.133991,$GAGSV,11,,35
2026-06-02T17:19:26.133991,$GAGSV,12,,35
2026-06-02T17:19:26.133991,$GAGSV,36,,34
2026-06-02T17:19:26.135297,$GBGSV,06,,19
2026-06-02T17:19:26.135297,$GBGSV,07,,40
2026-06-02T17:19:26.135297,$GBGSV,08,,33
2026-06-02T17:19:26.135297,$GBGSV,09,,33
2026-06-02T17:19:26.135982,$GBGSV,10,,39
2026-06-02T17:19:26.135982,$GBGSV,13,,37
2026-06-02T17:19:26.135982,$GBGSV,14,,17
2026-06-02T17:19:26.135982,$GBGSV,34,,39
2026-06-02T17:19:26.136471,$GBGSV,09,,30
2026-06-02T17:19:26.136471,$GBGSV,10,,36
2026-06-02T17:19:27.120383,$GPGSV,10,,35
2026-06-02T17:19:27.120383,$GPGSV,18,,43
2026-06-02T17:19:27.120383,$GPGSV,23,,37
2026-06-02T17:19:27.120383,$GPGSV,24,,20
2026-06-02T17:19:27.121126,$GPGSV,25,,20
2026-06-02T17:19:27.121126,$GPGSV,28,,22
2026-06-02T17:19:27.121126,$GPGSV,29,,25
2026-06-02T17:19:27.121126,$GPGSV,32,,38
2026-06-02T17:19:27.121769,$GPGSV,41,,43
2026-06-02T17:19:27.121769,$GPGSV,42,,41
2026-06-02T17:19:27.121769,$GPGSV,50,,37
2026-06-02T17:19:27.122491,$GPGSV,10,,32
2026-06-02T17:19:27.122491,$GPGSV,18,,41
2026-06-02T17:19:27.122491,$GPGSV,23,,32
2026-06-02T17:19:27.122491,$GPGSV,24,,08
2026-06-02T17:19:27.123005,$GPGSV,29,,18
2026-06-02T17:19:27.123005,$GPGSV,32,,35
2026-06-02T17:19:27.124814,$GLGSV,65,,10
2026-06-02T17:19:27.124814,$GLGSV,66,,39
2026-06-02T17:19:27.124814,$GLGSV,76,,28
2026-06-02T17:19:27.124814,$GLGSV,81,,35
2026-06-02T17:19:27.125325,$GLGSV,87,,32
2026-06-02T17:19:27.125325,$GLGSV,88,,40
2026-06-02T17:19:27.126054,$GLGSV,66,,35
2026-06-02T17:19:27.126054,$GLGSV,67,,18
2026-06-02T17:19:27.126054,$GLGSV,75,,16
2026-06-02T17:19:27.126054,$GLGSV,76,,35
2026-06-02T17:19:27.126544,$GLGSV,81,,32
2026-06-02T17:19:27.126544,$GLGSV,88,,42
2026-06-02T17:19:27.127583,$GAGSV,04,,32
2026-06-02T17:19:27.127583,$GAGSV,05,,27
2026-06-02T17:19:27.127583,$GAGSV,06,,38
2026-06-02T17:19:27.127583,$GAGSV,09,,38
2026-06-02T17:19:27.128267,$GAGSV,10,,37
2026-06-02T17:19:27.128267,$GAGSV,11,,34
2026-06-02T17:19:27.128267,$GAGSV,12,,34
2026-06-02T17:19:27.128267,$GAGSV,36,,32
2026-06-02T17:19:27.128980,$GAGSV,04,,38
2026-06-02T17:19:27.128980,$GAGSV,05,,27
2026-06-02T17:19:27.128980,$GAGSV,06,,41
2026-06-02T17:19:27.128980,$GAGSV,09,,41
2026-06-02T17:19:27.129844,$GAGSV,10,,38
2026-06-02T17:19:27.129844,$GAGSV,11,,38
2026-06-02T17:19:27.129844,$GAGSV,12,,35
2026-06-02T17:19:27.129844,$GAGSV,36,,34
2026-06-02T17:19:27.131187,$GBGSV,06,,17
2026-06-02T17:19:27.131187,$GBGSV,07,,40
2026-06-02T17:19:27.131187,$GBGSV,08,,33
2026-06-02T17:19:27.131187,$GBGSV,09,,32
2026-06-02T17:19:27.131890,$GBGSV,10,,39
2026-06-02T17:19:27.131890,$GBGSV,13,,39
2026-06-02T17:19:27.131890,$GBGSV,14,,16
2026-06-02T17:19:27.131890,$GBGSV,34,,40
2026-06-02T17:19:27.132412,$GBGSV,09,,30
2026-06-02T17:19:27.132412,$GBGSV,10,,35
2026-06-02T17:19:28.118282,$GPGSV,10,,36
2026-06-02T17:19:28.118282,$GPGSV,18,,42
2026-06-02T17:19:28.118282,$GPGSV,23,,35
2026-06-02T17:19:28.118282,$GPGSV,24,,18
2026-06-02T17:19:28.119043,$GPGSV,28,,20
2026-06-02T17:19:28.119043,$GPGSV,29,,23
2026-06-02T17:19:28.119043,$GPGSV,32,,40
2026-06-02T17:19:28.119043,$GPGSV,41,,43
2026-06-02T17:19:28.119581,$GPGSV,42,,41
2026-06-02T17:19:28.119581,$GPGSV,50,,36
2026-06-02T17:19:28.120320,$GPGSV,10,,31
2026-06-02T17:19:28.120320,$GPGSV,18,,42
2026-06-02T17:19:28.120320,$GPGSV,23,,34
2026-06-02T17:19:28.120320,$GPGSV,24,,11
2026-06-02T17:19:28.120853,$GPGSV,29,,18
2026-06-02T17:19:28.120853,$GPGSV,32,,33
2026-06-02T17:19:28.122829,$GLGSV,65,,14
2026-06-02T17:19:28.122829,$GLGSV,66,,37
2026-06-02T17:19:28.122829,$GLGSV,76,,28
2026-06-02T17:19:28.122829,$GLGSV,81,,38
2026-06-02T17:19:28.123363,$GLGSV,87,,35
2026-06-02T17:19:28.123363,$GLGSV,88,,41
2026-06-02T17:19:28.124096,$GLGSV,66,,40
2026-06-02T17:19:28.124096,$GLGSV,67,,18
2026-06-02T17:19:28.124096,$GLGSV,75,,15
2026-06-02T17:19:28.124096,$GLGSV,76,,31
2026-06-02T17:19:28.124642,$GLGSV,81,,38
2026-06-02T17:19:28.124642,$GLGSV,88,,42
2026-06-02T17:19:28.125739,$GAGSV,04,,35
2026-06-02T17:19:28.125739,$GAGSV,05,,29
2026-06-02T17:19:28.125739,$GAGSV,06,,37
2026-06-02T17:19:28.125739,$GAGSV,09,,38
2026-06-02T17:19:28.126487,$GAGSV,10,,37
2026-06-02T17:19:28.126487,$GAGSV,11,,35
2026-06-02T17:19:28.126487,$GAGSV,12,,33
2026-06-02T17:19:28.126487,$GAGSV,36,,32
2026-06-02T17:19:28.127196,$GAGSV,04,,32
2026-06-02T17:19:28.127196,$GAGSV,05,,32
2026-06-02T17:19:28.127196,$GAGSV,06,,39
2026-06-02T17:19:28.127196,$GAGSV,09,,39
2026-06-02T17:19:28.127899,$GAGSV,10,,38
2026-06-02T17:19:28.127899,$GAGSV,11,,35
2026-06-02T17:19:28.127899,$GAGSV,12,,32
2026-06-02T17:19:28.127899,$GAGSV,36,,34
2026-06-02T17:19:28.129252,$GBGSV,06,,17
2026-06-02T17:19:28.129252,$GBGSV,07,,39
2026-06-02T17:19:28.129252,$GBGSV,08,,31
2026-06-02T17:19:28.129252,$GBGSV,09,,28
2026-06-02T17:19:28.129958,$GBGSV,10,,38
2026-06-02T17:19:28.129958,$GBGSV,13,,40
2026-06-02T17:19:28.129958,$GBGSV,14,,17
2026-06-02T17:19:28.129958,$GBGSV,34,,40
2026-06-02T17:19:28.130448,$GBGSV,09,,30
2026-06-02T17:19:28.130448,$GBGSV,10,,34
2026-06-02T17:19:29.108176,$GPGSV,10,,36
2026-06-02T17:19:29.108176,$GPGSV,18,,41
2026-06-02T17:19:29.108176,$GPGSV,23,,34
2026-06-02T17:19:29.108176,$GPGSV,24,,17
2026-06-02T17:19:29.108940,$GPGSV,28,,19
2026-06-02T17:19:29.108940,$GPGSV,29,,21
2026-06-02T17:19:29.108940,$GPGSV,32,,39
2026-06-02T17:19:29.108940,$GPGSV,41,,43
2026-06-02T17:19:29.109483,$GPGSV,42,,41
2026-06-02T17:19:29.109483,$GPGSV,50,,38
2026-06-02T17:19:29.110247,$GPGSV,10,,30
2026-06-02T17:19:29.110247,$GPGSV,18,,40
2026-06-02T17:19:29.110247,$GPGSV,23,,33
2026-06-02T17:19:29.110247,$GPGSV,24,,10
2026-06-02T17:19:29.110787,$GPGSV,29,,19
2026-06-02T17:19:29.110787,$GPGSV,32,,32
2026-06-02T17:19:29.112753,$GLGSV,65,,15
2026-06-02T17:19:29.112753,$GLGSV,66,,35
2026-06-02T17:19:29.112753,$GLGSV,76,,32
2026-06-02T17:19:29.112753,$GLGSV,81,,36
2026-06-02T17:19:29.113287,$GLGSV,87,,35
2026-06-02T17:19:29.113287,$GLGSV,88,,42
2026-06-02T17:19:29.114101,$GLGSV,66,,37
2026-06-02T17:19:29.114101,$GLGSV,67,,18
2026-06-02T17:19:29.114101,$GLGSV,75,,18
2026-06-02T17:19:29.114101,$GLGSV,76,,29
2026-06-02T17:19:29.114604,$GLGSV,81,,38
2026-06-02T17:19:29.114604,$GLGSV,88,,41
2026-06-02T17:19:29.115661,$GAGSV,04,,35
2026-06-02T17:19:29.115661,$GAGSV,05,,29
2026-06-02T17:19:29.115661,$GAGSV,06,,38
2026-06-02T17:19:29.115661,$GAGSV,09,,37
2026-06-02T17:19:29.116351,$GAGSV,10,,38
2026-06-02T17:19:29.116351,$GAGSV,11,,35
2026-06-02T17:19:29.116351,$GAGSV,12,,32
2026-06-02T17:19:29.116351,$GAGSV,36,,32
2026-06-02T17:19:29.117148,$GAGSV,04,,38
2026-06-02T17:19:29.117148,$GAGSV,05,,34
2026-06-02T17:19:29.117148,$GAGSV,06,,40
2026-06-02T17:19:29.117148,$GAGSV,09,,41
2026-06-02T17:19:29.117920,$GAGSV,10,,39
2026-06-02T17:19:29.117920,$GAGSV,11,,37
2026-06-02T17:19:29.117920,$GAGSV,12,,33
2026-06-02T17:19:29.117920,$GAGSV,36,,34
2026-06-02T17:19:29.119217,$GBGSV,06,,17
2026-06-02T17:19:29.119217,$GBGSV,07,,40
2026-06-02T17:19:29.119217,$GBGSV,08,,33
2026-06-02T17:19:29.119217,$GBGSV,09,,36
2026-06-02T17:19:29.119904,$GBGSV,10,,40
2026-06-02T17:19:29.119904,$GBGSV,13,,40
2026-06-02T17:19:29.119904,$GBGSV,14,,16
2026-06-02T17:19:29.119904,$GBGSV,34,,41
2026-06-02T17:19:29.120395,$GBGSV,09,,30
2026-06-02T17:19:29.120395,$GBGSV,10,,35
2026-06-02T17:19:30.114399,$GPGSV,10,,36
2026-06-02T17:19:30.114399,$GPGSV,18,,41
2026-06-02T17:19:30.114399,$GPGSV,23,,37
2026-06-02T17:19:30.114399,$GPGSV,24,,16
2026-06-02T17:19:30.115104,$GPGSV,28,,18
2026-06-02T17:19:30.115104,$GPGSV,29,,20
2026-06-02T17:19:30.115104,$GPGSV,32,,38
2026-06-02T17:19:30.115104,$GPGSV,41,,43
2026-06-02T17:19:30.115596,$GPGSV,42,,41
2026-06-02T17:19:30.115596,$GPGSV,50,,36
2026-06-02T17:19:30.116266,$GPGSV,10,,30
2026-06-02T17:19:30.116266,$GPGSV,18,,41
2026-06-02T17:19:30.116266,$GPGSV,23,,33
2026-06-02T17:19:30.116266,$GPGSV,24,,11
2026-06-02T17:19:30.116750,$GPGSV,29,,19
2026-06-02T17:19:30.116750,$GPGSV,32,,32
2026-06-02T17:19:30.118517,$GLGSV,65,,15
2026-06-02T17:19:30.118517,$GLGSV,66,,40
2026-06-02T17:19:30.118517,$GLGSV,76,,25
2026-06-02T17:19:30.118517,$GLGSV,81,,35
2026-06-02T17:19:30.118988,$GLGSV,87,,29
2026-06-02T17:19:30.118988,$GLGSV,88,,41
2026-06-02T17:19:30.119643,$GLGSV,66,,35
2026-06-02T17:19:30.119643,$GLGSV,67,,17
2026-06-02T17:19:30.119643,$GLGSV,75,,29
2026-06-02T17:19:30.119643,$GLGSV,76,,33
2026-06-02T17:19:30.120094,$GLGSV,81,,35
2026-06-02T17:19:30.120094,$GLGSV,88,,41
2026-06-02T17:19:30.121045,$GAGSV,04,,31
2026-06-02T17:19:30.121045,$GAGSV,05,,31
2026-06-02T17:19:30.121045,$GAGSV,06,,37
2026-06-02T17:19:30.121045,$GAGSV,09,,38
2026-06-02T17:19:30.121677,$GAGSV,10,,39
2026-06-02T17:19:30.121677,$GAGSV,11,,35
2026-06-02T17:19:30.121677,$GAGSV,12,,32
2026-06-02T17:19:30.121677,$GAGSV,36,,33
2026-06-02T17:19:30.122331,$GAGSV,04,,32
2026-06-02T17:19:30.122331,$GAGSV,05,,34
2026-06-02T17:19:30.122331,$GAGSV,06,,40
2026-06-02T17:19:30.122331,$GAGSV,09,,41
2026-06-02T17:19:30.122979,$GAGSV,10,,39
2026-06-02T17:19:30.122979,$GAGSV,11,,37
2026-06-02T17:19:30.122979,$GAGSV,12,,33
2026-06-02T17:19:30.122979,$GAGSV,36,,35
2026-06-02T17:19:30.124167,$GBGSV,06,,19
2026-06-02T17:19:30.124167,$GBGSV,07,,41
2026-06-02T17:19:30.124167,$GBGSV,08,,32
2026-06-02T17:19:30.124167,$GBGSV,09,,38
2026-06-02T17:19:30.124789,$GBGSV,10,,41
2026-06-02T17:19:30.124789,$GBGSV,13,,38
2026-06-02T17:19:30.124789,$GBGSV,14,,15
2026-06-02T17:19:30.124789,$GBGSV,34,,41
2026-06-02T17:19:30.125218,$GBGSV,09,,32
2026-06-02T17:19:30.125218,$GBGSV,10,,36
2026-06-02T17:19:31.115091,$GPGSV,10,,37
2026-06-02T17:19:31.115091,$GPGSV,18,,42
2026-06-02T17:19:31.115091,$GPGSV,23,,41
2026-06-02T17:19:31.115091,$GPGSV,24,,18
2026-06-02T17:19:31.115835,$GPGSV,28,,20
2026-06-02T17:19:31.115835,$GPGSV,29,,22
2026-06-02T17:19:31.115835,$GPGSV,32,,39
2026-06-02T17:19:31.115835,$GPGSV,41,,43
2026-06-02T17:19:31.116357,$GPGSV,42,,42
2026-06-02T17:19:31.116357,$GPGSV,50,,36
2026-06-02T17:19:31.117074,$GPGSV,10,,34
2026-06-02T17:19:31.117074,$GPGSV,18,,41
2026-06-02T17:19:31.117074,$GPGSV,23,,38
2026-06-02T17:19:31.117074,$GPGSV,24,,10
2026-06-02T17:19:31.117588,$GPGSV,29,,20
2026-06-02T17:19:31.117588,$GPGSV,32,,32
2026-06-02T17:19:31.119518,$GLGSV,65,,13
2026-06-02T17:19:31.119518,$GLGSV,66,,38
2026-06-02T17:19:31.119518,$GLGSV,76,,30
2026-06-02T17:19:31.119518,$GLGSV,81,,38
2026-06-02T17:19:31.120032,$GLGSV,87,,31
2026-06-02T17:19:31.120032,$GLGSV,88,,40
2026-06-02T17:19:31.120920,$GLGSV,66,,37
2026-06-02T17:19:31.120920,$GLGSV,67,,20
2026-06-02T17:19:31.120920,$GLGSV,75,,30
2026-06-02T17:19:31.120920,$GLGSV,76,,34
2026-06-02T17:19:31.121773,$GLGSV,81,,38
2026-06-02T17:19:31.121773,$GLGSV,88,,42
2026-06-02T17:19:31.122896,$GAGSV,04,,31
2026-06-02T17:19:31.122896,$GAGSV,05,,31
2026-06-02T17:19:31.122896,$GAGSV,06,,38
2026-06-02T17:19:31.122896,$GAGSV,09,,38
2026-06-02T17:19:31.123641,$GAGSV,10,,39
2026-06-02T17:19:31.123641,$GAGSV,11,,35
2026-06-02T17:19:31.123641,$GAGSV,12,,31
2026-06-02T17:19:31.123641,$GAGSV,36,,35
2026-06-02T17:19:31.124371,$GAGSV,04,,30
2026-06-02T17:19:31.124371,$GAGSV,05,,36
2026-06-02T17:19:31.124371,$GAGSV,06,,40
2026-06-02T17:19:31.124371,$GAGSV,09,,40
2026-06-02T17:19:31.125096,$GAGSV,10,,40
2026-06-02T17:19:31.125096,$GAGSV,11,,37
2026-06-02T17:19:31.125096,$GAGSV,12,,33
2026-06-02T17:19:31.125096,$GAGSV,36,,35
2026-06-02T17:19:31.126518,$GBGSV,06,,18
2026-06-02T17:19:31.126518,$GBGSV,07,,41
2026-06-02T17:19:31.126518,$GBGSV,08,,30
2026-06-02T17:19:31.126518,$GBGSV,09,,38
2026-06-02T17:19:31.127264,$GBGSV,10,,41
2026-06-02T17:19:31.127264,$GBGSV,13,,39
2026-06-02T17:19:31.127264,$GBGSV,14,,18
2026-06-02T17:19:31.127264,$GBGSV,34,,42
2026-06-02T17:19:31.127766,$GBGSV,09,,33
2026-06-02T17:19:31.127766,$GBGSV,10,,36
2026-06-02T17:19:32.124380,$GPGSV,10,,36
2026-06-02T17:19:32.124380,$GPGSV,18,,42
2026-06-02T17:19:32.124380,$GPGSV,23,,40
2026-06-02T17:19:32.124380,$GPGSV,24,,17
2026-06-02T17:19:32.126657,$GPGSV,28,,19
2026-06-02T17:19:32.126657,$GPGSV,29,,24
2026-06-02T17:19:32.126657,$GPGSV,32,,36
2026-06-02T17:19:32.126657,$GPGSV,41,,42
2026-06-02T17:19:32.128231,$GPGSV,42,,41
2026-06-02T17:19:32.128231,$GPGSV,50,,36
2026-06-02T17:19:32.130393,$GPGSV,10,,34
2026-06-02T17:19:32.130393,$GPGSV,18,,41
2026-06-02T17:19:32.130393,$GPGSV,23,,37
2026-06-02T17:19:32.130393,$GPGSV,24,,12
2026-06-02T17:19:32.131924,$GPGSV,29,,20
2026-06-02T17:19:32.131924,$GPGSV,32,,32
2026-06-02T17:19:32.137658,$GLGSV,65,,13
2026-06-02T17:19:32.137658,$GLGSV,66,,36
2026-06-02T17:19:32.137658,$GLGSV,76,,27
2026-06-02T17:19:32.137658,$GLGSV,81,,38
2026-06-02T17:19:32.139248,$GLGSV,87,,31
2026-06-02T17:19:32.139248,$GLGSV,88,,41
2026-06-02T17:19:32.140657,$GLGSV,66,,37
2026-06-02T17:19:32.140657,$GLGSV,67,,20
2026-06-02T17:19:32.140657,$GLGSV,75,,31
2026-06-02T17:19:32.140657,$GLGSV,76,,33
2026-06-02T17:19:32.141672,$GLGSV,81,,38
2026-06-02T17:19:32.141672,$GLGSV,88,,41
2026-06-02T17:19:32.143798,$GAGSV,04,,32
2026-06-02T17:19:32.143798,$GAGSV,05,,31
2026-06-02T17:19:32.143798,$GAGSV,06,,37
2026-06-02T17:19:32.143798,$GAGSV,09,,38
2026-06-02T17:19:32.144970,$GAGSV,10,,39
2026-06-02T17:19:32.144970,$GAGSV,11,,34
2026-06-02T17:19:32.144970,$GAGSV,12,,31
2026-06-02T17:19:32.144970,$GAGSV,36,,32
2026-06-02T17:19:32.146012,$GAGSV,04,,34
2026-06-02T17:19:32.146012,$GAGSV,05,,34
2026-06-02T17:19:32.146012,$GAGSV,06,,40
2026-06-02T17:19:32.146012,$GAGSV,09,,40
2026-06-02T17:19:32.147074,$GAGSV,10,,40
2026-06-02T17:19:32.147074,$GAGSV,11,,37
2026-06-02T17:19:32.147074,$GAGSV,12,,35
2026-06-02T17:19:32.147074,$GAGSV,36,,35
2026-06-02T17:19:32.149082,$GBGSV,06,,16
2026-06-02T17:19:32.149082,$GBGSV,07,,41
2026-06-02T17:19:32.149082,$GBGSV,08,,34
2026-06-02T17:19:32.149082,$GBGSV,09,,35
2026-06-02T17:19:32.149978,$GBGSV,10,,42
2026-06-02T17:19:32.149978,$GBGSV,13,,39
2026-06-02T17:19:32.149978,$GBGSV,14,,20
2026-06-02T17:19:32.149978,$GBGSV,34,,41
2026-06-02T17:19:32.150575,$GBGSV,09,,33
2026-06-02T17:19:32.150575,$GBGSV,10,,36
2026-06-02T17:19:33.117596,$GPGSV,10,,37
2026-06-02T17:19:33.117596,$GPGSV,18,,42
2026-06-02T17:19:33.117596,$GPGSV,23,,38
2026-06-02T17:19:33.117596,$GPGSV,24,,17
2026-06-02T17:19:33.118310,$GPGSV,28,,22
2026-06-02T17:19:33.118310,$GPGSV,29,,23
2026-06-02T17:19:33.118310,$GPGSV,32,,41
2026-06-02T17:19:33.118310,$GPGSV,41,,42
2026-06-02T17:19:33.118802,$GPGSV,42,,42
2026-06-02T17:19:33.118802,$GPGSV,50,,36
2026-06-02T17:19:33.119482,$GPGSV,10,,34
2026-06-02T17:19:33.119482,$GPGSV,18,,41
2026-06-02T17:19:33.119482,$GPGSV,23,,37
2026-06-02T17:19:33.119482,$GPGSV,24,,14
2026-06-02T17:19:33.119968,$GPGSV,29,,19
2026-06-02T17:19:33.119968,$GPGSV,32,,32
2026-06-02T17:19:33.121779,$GLGSV,65,,13
2026-06-02T17:19:33.121779,$GLGSV,66,,37
2026-06-02T17:19:33.121779,$GLGSV,76,,35
2026-06-02T17:19:33.121779,$GLGSV,81,,38
2026-06-02T17:19:33.122284,$GLGSV,87,,30
2026-06-02T17:19:33.122284,$GLGSV,88,,41
2026-06-02T17:19:33.122958,$GLGSV,66,,37
2026-06-02T17:19:33.122958,$GLGSV,67,,20
2026-06-02T17:19:33.122958,$GLGSV,75,,25
2026-06-02T17:19:33.122958,$GLGSV,76,,30
2026-06-02T17:19:33.123448,$GLGSV,81,,36
2026-06-02T17:19:33.123448,$GLGSV,88,,42
2026-06-02T17:19:33.124446,$GAGSV,04,,34
2026-06-02T17:19:33.124446,$GAGSV,05,,33
2026-06-02T17:19:33.124446,$GAGSV,06,,37
2026-06-02T17:19:33.124446,$GAGSV,09,,38
2026-06-02T17:19:33.125109,$GAGSV,10,,39
2026-06-02T17:19:33.125109,$GAGSV,11,,35
2026-06-02T17:19:33.125109,$GAGSV,12,,32
2026-06-02T17:19:33.125109,$GAGSV,36,,33
2026-06-02T17:19:33.125790,$GAGSV,04,,31
2026-06-02T17:19:33.125790,$GAGSV,05,,36
2026-06-02T17:19:33.125790,$GAGSV,06,,40
2026-06-02T17:19:33.125790,$GAGSV,09,,42
2026-06-02T17:19:33.126457,$GAGSV,10,,40
2026-06-02T17:19:33.126457,$GAGSV,11,,37
2026-06-02T17:19:33.126457,$GAGSV,12,,35
2026-06-02T17:19:33.126457,$GAGSV,36,,35
2026-06-02T17:19:33.127657,$GBGSV,06,,16
2026-06-02T17:19:33.127657,$GBGSV,07,,41
2026-06-02T17:19:33.127657,$GBGSV,08,,35
2026-06-02T17:19:33.127657,$GBGSV,09,,35
2026-06-02T17:19:33.128286,$GBGSV,10,,41
2026-06-02T17:19:33.128286,$GBGSV,13,,39
2026-06-02T17:19:33.128286,$GBGSV,14,,20
2026-06-02T17:19:33.128286,$GBGSV,34,,41
2026-06-02T17:19:33.128736,$GBGSV,09,,33
2026-06-02T17:19:33.128736,$GBGSV,10,,36
2026-06-02T17:19:34.113270,$GPGSV,10,,37
2026-06-02T17:19:34.113270,$GPGSV,18,,42
2026-06-02T17:19:34.113270,$GPGSV,23,,40
2026-06-02T17:19:34.113270,$GPGSV,24,,17
2026-06-02T17:19:34.114174,$GPGSV,28,,24
2026-06-02T17:19:34.114174,$GPGSV,29,,23
2026-06-02T17:19:34.114174,$GPGSV,32,,40
2026-06-02T17:19:34.114174,$GPGSV,41,,43
2026-06-02T17:19:34.115018,$GPGSV,42,,41
2026-06-02T17:19:34.115018,$GPGSV,50,,36
2026-06-02T17:19:34.116207,$GPGSV,10,,34
2026-06-02T17:19:34.116207,$GPGSV,18,,41
2026-06-02T17:19:34.116207,$GPGSV,23,,36
2026-06-02T17:19:34.116207,$GPGSV,24,,14
2026-06-02T17:19:34.117043,$GPGSV,29,,17
2026-06-02T17:19:34.117043,$GPGSV,32,,32
2026-06-02T17:19:34.119358,$GLGSV,65,,13
2026-06-02T17:19:34.119358,$GLGSV,66,,38
2026-06-02T17:19:34.119358,$GLGSV,76,,31
2026-06-02T17:19:34.119358,$GLGSV,81,,38
2026-06-02T17:19:34.120099,$GLGSV,87,,30
2026-06-02T17:19:34.120099,$GLGSV,88,,41
2026-06-02T17:19:34.121057,$GLGSV,66,,39
2026-06-02T17:19:34.121057,$GLGSV,67,,19
2026-06-02T17:19:34.121057,$GLGSV,75,,24
2026-06-02T17:19:34.121057,$GLGSV,76,,34
2026-06-02T17:19:34.121820,$GLGSV,81,,37
2026-06-02T17:19:34.121820,$GLGSV,88,,41
2026-06-02T17:19:34.123146,$GAGSV,04,,34
2026-06-02T17:19:34.123146,$GAGSV,05,,32
2026-06-02T17:19:34.123146,$GAGSV,06,,37
2026-06-02T17:19:34.123146,$GAGSV,09,,38
2026-06-02T17:19:34.123993,$GAGSV,10,,39
2026-06-02T17:19:34.123993,$GAGSV,11,,35
2026-06-02T17:19:34.123993,$GAGSV,12,,32
2026-06-02T17:19:34.123993,$GAGSV,36,,32
2026-06-02T17:19:34.124830,$GAGSV,04,,33
2026-06-02T17:19:34.124830,$GAGSV,05,,32
2026-06-02T17:19:34.124830,$GAGSV,06,,38
2026-06-02T17:19:34.124830,$GAGSV,09,,40
2026-06-02T17:19:34.125856,$GAGSV,10,,40
2026-06-02T17:19:34.125856,$GAGSV,11,,37
2026-06-02T17:19:34.125856,$GAGSV,12,,35
2026-06-02T17:19:34.125856,$GAGSV,36,,34
2026-06-02T17:19:34.127316,$GBGSV,06,,17
2026-06-02T17:19:34.127316,$GBGSV,07,,41
2026-06-02T17:19:34.127316,$GBGSV,08,,31
2026-06-02T17:19:34.127316,$GBGSV,09,,35
2026-06-02T17:19:34.128119,$GBGSV,10,,41
2026-06-02T17:19:34.128119,$GBGSV,13,,38
2026-06-02T17:19:34.128119,$GBGSV,14,,22
2026-06-02T17:19:34.128119,$GBGSV,34,,41
2026-06-02T17:19:34.128738,$GBGSV,09,,32
2026-06-02T17:19:34.128738,$GBGSV,10,,36
2026-06-02T17:19:35.113291,$GPGSV,10,,38
2026-06-02T17:19:35.113291,$GPGSV,18,,42
2026-06-02T17:19:35.113291,$GPGSV,23,,39
2026-06-02T17:19:35.113291,$GPGSV,24,,17
2026-06-02T17:19:35.114195,$GPGSV,28,,24
2026-06-02T17:19:35.114195,$GPGSV,29,,22
2026-06-02T17:19:35.114195,$GPGSV,32,,40
2026-06-02T17:19:35.114195,$GPGSV,41,,43
2026-06-02T17:19:35.114883,$GPGSV,42,,42
2026-06-02T17:19:35.114883,$GPGSV,50,,36
2026-06-02T17:19:35.115762,$GPGSV,10,,33
2026-06-02T17:19:35.115762,$GPGSV,18,,40
2026-06-02T17:19:35.115762,$GPGSV,23,,37
2026-06-02T17:19:35.115762,$GPGSV,24,,14
2026-06-02T17:19:35.116440,$GPGSV,29,,18
2026-06-02T17:19:35.116440,$GPGSV,32,,31
2026-06-02T17:19:35.118728,$GLGSV,65,,15
2026-06-02T17:19:35.118728,$GLGSV,66,,37
2026-06-02T17:19:35.118728,$GLGSV,76,,34
2026-06-02T17:19:35.118728,$GLGSV,81,,34
2026-06-02T17:19:35.119380,$GLGSV,87,,29
2026-06-02T17:19:35.119380,$GLGSV,88,,41
2026-06-02T17:19:35.120212,$GLGSV,66,,39
2026-06-02T17:19:35.120212,$GLGSV,67,,19
2026-06-02T17:19:35.120212,$GLGSV,75,,24
2026-06-02T17:19:35.120212,$GLGSV,76,,33
2026-06-02T17:19:35.120861,$GLGSV,81,,36
2026-06-02T17:19:35.120861,$GLGSV,88,,42
2026-06-02T17:19:35.122140,$GAGSV,04,,31
2026-06-02T17:19:35.122140,$GAGSV,05,,32
2026-06-02T17:19:35.122140,$GAGSV,06,,37
2026-06-02T17:19:35.122140,$GAGSV,09,,37
2026-06-02T17:19:35.122947,$GAGSV,10,,39
2026-06-02T17:19:35.122947,$GAGSV,11,,35
2026-06-02T17:19:35.122947,$GAGSV,12,,32
2026-06-02T17:19:35.122947,$GAGSV,36,,32
2026-06-02T17:19:35.123746,$GAGSV,04,,37
2026-06-02T17:19:35.123746,$GAGSV,05,,34
2026-06-02T17:19:35.123746,$GAGSV,06,,40
2026-06-02T17:19:35.123746,$GAGSV,09,,40
2026-06-02T17:19:35.124519,$GAGSV,10,,40
2026-06-02T17:19:35.124519,$GAGSV,11,,37
2026-06-02T17:19:35.124519,$GAGSV,12,,35
2026-06-02T17:19:35.124519,$GAGSV,36,,34
2026-06-02T17:19:35.126056,$GBGSV,06,,18
2026-06-02T17:19:35.126056,$GBGSV,07,,41
2026-06-02T17:19:35.126056,$GBGSV,08,,32
2026-06-02T17:19:35.126056,$GBGSV,09,,37
2026-06-02T17:19:35.126821,$GBGSV,10,,41
2026-06-02T17:19:35.126821,$GBGSV,13,,38
2026-06-02T17:19:35.126821,$GBGSV,14,,25
2026-06-02T17:19:35.126821,$GBGSV,34,,41
2026-06-02T17:19:35.127402,$GBGSV,09,,31
2026-06-02T17:19:35.127402,$GBGSV,10,,36
2026-06-02T17:19:36.123723,$GPGSV,10,,36
2026-06-02T17:19:36.123723,$GPGSV,18,,42
2026-06-02T17:19:36.123723,$GPGSV,23,,39
2026-06-02T17:19:36.123723,$GPGSV,24,,16
2026-06-02T17:19:36.126514,$GPGSV,28,,22
2026-06-02T17:19:36.126514,$GPGSV,29,,22
2026-06-02T17:19:36.126514,$GPGSV,32,,38
2026-06-02T17:19:36.126514,$GPGSV,41,,42
2026-06-02T17:19:36.128591,$GPGSV,42,,41
2026-06-02T17:19:36.128591,$GPGSV,50,,36
2026-06-02T17:19:36.131333,$GPGSV,10,,32
2026-06-02T17:19:36.131333,$GPGSV,18,,40
2026-06-02T17:19:36.131333,$GPGSV,23,,36
2026-06-02T17:19:36.131333,$GPGSV,24,,11
2026-06-02T17:19:36.133441,$GPGSV,29,,18
2026-06-02T17:19:36.133441,$GPGSV,32,,32
2026-06-02T17:19:36.139891,$GLGSV,65,,14
2026-06-02T17:19:36.139891,$GLGSV,66,,38
2026-06-02T17:19:36.139891,$GLGSV,76,,31
2026-06-02T17:19:36.139891,$GLGSV,81,,37
2026-06-02T17:19:36.141267,$GLGSV,87,,30
2026-06-02T17:19:36.141267,$GLGSV,88,,41
2026-06-02T17:19:36.143059,$GLGSV,66,,39
2026-06-02T17:19:36.143059,$GLGSV,67,,20
2026-06-02T17:19:36.143059,$GLGSV,75,,24
2026-06-02T17:19:36.143059,$GLGSV,76,,35
2026-06-02T17:19:36.144385,$GLGSV,81,,40
2026-06-02T17:19:36.144385,$GLGSV,88,,41
2026-06-02T17:19:36.146581,$GAGSV,04,,32
2026-06-02T17:19:36.146581,$GAGSV,05,,32
2026-06-02T17:19:36.146581,$GAGSV,06,,37
2026-06-02T17:19:36.146581,$GAGSV,09,,37
2026-06-02T17:19:36.147904,$GAGSV,10,,38
2026-06-02T17:19:36.147904,$GAGSV,11,,35
2026-06-02T17:19:36.147904,$GAGSV,12,,32
2026-06-02T17:19:36.147904,$GAGSV,36,,32
2026-06-02T17:19:36.149202,$GAGSV,04,,36
2026-06-02T17:19:36.149202,$GAGSV,05,,34
2026-06-02T17:19:36.149202,$GAGSV,06,,39
2026-06-02T17:19:36.149202,$GAGSV,09,,40
2026-06-02T17:19:36.150263,$GAGSV,10,,40
2026-06-02T17:19:36.150263,$GAGSV,11,,37
2026-06-02T17:19:36.150263,$GAGSV,12,,35
2026-06-02T17:19:36.150263,$GAGSV,36,,34
2026-06-02T17:19:36.152165,$GBGSV,06,,21
2026-06-02T17:19:36.152165,$GBGSV,07,,42
2026-06-02T17:19:36.152165,$GBGSV,08,,30
2026-06-02T17:19:36.152165,$GBGSV,09,,38
2026-06-02T17:19:36.153217,$GBGSV,10,,41
2026-06-02T17:19:36.153217,$GBGSV,13,,39
2026-06-02T17:19:36.153217,$GBGSV,14,,35
2026-06-02T17:19:36.153217,$GBGSV,34,,41
2026-06-02T17:19:36.154046,$GBGSV,09,,31
2026-06-02T17:19:36.154046,$GBGSV,10,,36
2026-06-02T17:19:37.114296,$GPGSV,10,,36
2026-06-02T17:19:37.114296,$GPGSV,18,,42
2026-06-02T17:19:37.114296,$GPGSV,23,,39
2026-06-02T17:19:37.114296,$GPGSV,28,,20
2026-06-02T17:19:37.115221,$GPGSV,29,,22
2026-06-02T17:19:37.115221,$GPGSV,32,,39
2026-06-02T17:19:37.115221,$GPGSV,41,,43
2026-06-02T17:19:37.115221,$GPGSV,42,,41
2026-06-02T17:19:37.115905,$GPGSV,50,,36
2026-06-02T17:19:37.117141,$GPGSV,10,,31
2026-06-02T17:19:37.117141,$GPGSV,18,,41
2026-06-02T17:19:37.117141,$GPGSV,23,,37
2026-06-02T17:19:37.117141,$GPGSV,24,,11
2026-06-02T17:19:37.118020,$GPGSV,29,,16
2026-06-02T17:19:37.118020,$GPGSV,32,,33
2026-06-02T17:19:37.120325,$GLGSV,65,,15
2026-06-02T17:19:37.120325,$GLGSV,66,,38
2026-06-02T17:19:37.120325,$GLGSV,76,,37
2026-06-02T17:19:37.120325,$GLGSV,81,,38
2026-06-02T17:19:37.121087,$GLGSV,87,,30
2026-06-02T17:19:37.121087,$GLGSV,88,,42
2026-06-02T17:19:37.122090,$GLGSV,66,,39
2026-06-02T17:19:37.122090,$GLGSV,67,,20
2026-06-02T17:19:37.122090,$GLGSV,75,,23
2026-06-02T17:19:37.122090,$GLGSV,76,,35
2026-06-02T17:19:37.122767,$GLGSV,81,,37
2026-06-02T17:19:37.122767,$GLGSV,88,,41
2026-06-02T17:19:37.124091,$GAGSV,04,,32
2026-06-02T17:19:37.124091,$GAGSV,05,,31
2026-06-02T17:19:37.124091,$GAGSV,06,,38
2026-06-02T17:19:37.124091,$GAGSV,09,,37
2026-06-02T17:19:37.124969,$GAGSV,10,,39
2026-06-02T17:19:37.124969,$GAGSV,11,,35
2026-06-02T17:19:37.124969,$GAGSV,12,,31
2026-06-02T17:19:37.124969,$GAGSV,36,,34
2026-06-02T17:19:37.125853,$GAGSV,04,,36
2026-06-02T17:19:37.125853,$GAGSV,05,,30
2026-06-02T17:19:37.125853,$GAGSV,06,,39
2026-06-02T17:19:37.125853,$GAGSV,09,,40
2026-06-02T17:19:37.126735,$GAGSV,10,,40
2026-06-02T17:19:37.126735,$GAGSV,11,,37
2026-06-02T17:19:37.126735,$GAGSV,12,,35
2026-06-02T17:19:37.126735,$GAGSV,36,,35
2026-06-02T17:19:37.128329,$GBGSV,06,,24
2026-06-02T17:19:37.128329,$GBGSV,07,,41
2026-06-02T17:19:37.128329,$GBGSV,08,,32
2026-06-02T17:19:37.128329,$GBGSV,09,,37
2026-06-02T17:19:37.129199,$GBGSV,10,,41
2026-06-02T17:19:37.129199,$GBGSV,13,,39
2026-06-02T17:19:37.129199,$GBGSV,14,,35
2026-06-02T17:19:37.129199,$GBGSV,34,,41
2026-06-02T17:19:37.129888,$GBGSV,09,,32
2026-06-02T17:19:37.129888,$GBGSV,10,,35
2026-06-02T17:19:38.109091,$GPGSV,10,,38
2026-06-02T17:19:38.109091,$GPGSV,18,,42
2026-06-02T17:19:38.109091,$GPGSV,23,,38
2026-06-02T17:19:38.109091,$GPGSV,28,,19
2026-06-02T17:19:38.109852,$GPGSV,29,,22
2026-06-02T17:19:38.109852,$GPGSV,32,,39
2026-06-02T17:19:38.109852,$GPGSV,41,,42
2026-06-02T17:19:38.109852,$GPGSV,42,,41
2026-06-02T17:19:38.110410,$GPGSV,50,,38
2026-06-02T17:19:38.111151,$GPGSV,10,,31
2026-06-02T17:19:38.111151,$GPGSV,18,,41
2026-06-02T17:19:38.111151,$GPGSV,23,,37
2026-06-02T17:19:38.111151,$GPGSV,24,,11
2026-06-02T17:19:38.111861,$GPGSV,29,,15
2026-06-02T17:19:38.111861,$GPGSV,32,,33
2026-06-02T17:19:38.113762,$GLGSV,65,,14
2026-06-02T17:19:38.113762,$GLGSV,66,,41
2026-06-02T17:19:38.113762,$GLGSV,76,,37
2026-06-02T17:19:38.113762,$GLGSV,81,,38
2026-06-02T17:19:38.114342,$GLGSV,87,,31
2026-06-02T17:19:38.114342,$GLGSV,88,,42
2026-06-02T17:19:38.115090,$GLGSV,66,,35
2026-06-02T17:19:38.115090,$GLGSV,67,,19
2026-06-02T17:19:38.115090,$GLGSV,75,,22
2026-06-02T17:19:38.115090,$GLGSV,76,,37
2026-06-02T17:19:38.115673,$GLGSV,81,,40
2026-06-02T17:19:38.115673,$GLGSV,88,,41
2026-06-02T17:19:38.116845,$GAGSV,04,,33
2026-06-02T17:19:38.116845,$GAGSV,05,,31
2026-06-02T17:19:38.116845,$GAGSV,06,,38
2026-06-02T17:19:38.116845,$GAGSV,09,,37
2026-06-02T17:19:38.117592,$GAGSV,10,,39
2026-06-02T17:19:38.117592,$GAGSV,11,,35
2026-06-02T17:19:38.117592,$GAGSV,12,,32
2026-06-02T17:19:38.117592,$GAGSV,36,,34
2026-06-02T17:19:38.118362,$GAGSV,04,,36
2026-06-02T17:19:38.118362,$GAGSV,05,,31
2026-06-02T17:19:38.118362,$GAGSV,06,,39
2026-06-02T17:19:38.118362,$GAGSV,09,,40
2026-06-02T17:19:38.119111,$GAGSV,10,,40
2026-06-02T17:19:38.119111,$GAGSV,11,,36
2026-06-02T17:19:38.119111,$GAGSV,12,,34
2026-06-02T17:19:38.119111,$GAGSV,28,,22
2026-06-02T17:19:38.119612,$GAGSV,36,,35
2026-06-02T17:19:38.120871,$GBGSV,06,,27
2026-06-02T17:19:38.120871,$GBGSV,07,,41
2026-06-02T17:19:38.120871,$GBGSV,08,,32
2026-06-02T17:19:38.120871,$GBGSV,09,,37
2026-06-02T17:19:38.121591,$GBGSV,10,,40
2026-06-02T17:19:38.121591,$GBGSV,13,,39
2026-06-02T17:19:38.121591,$GBGSV,14,,36
2026-06-02T17:19:38.121591,$GBGSV,34,,40
2026-06-02T17:19:38.122160,$GBGSV,09,,34
2026-06-02T17:19:38.122160,$GBGSV,10,,36
2026-06-02T17:19:39.116506,$GPGSV,10,,36
2026-06-02T17:19:39.116506,$GPGSV,18,,42
2026-06-02T17:19:39.116506,$GPGSV,23,,39
2026-06-02T17:19:39.116506,$GPGSV,28,,21
2026-06-02T17:19:39.117237,$GPGSV,29,,22
2026-06-02T17:19:39.117237,$GPGSV,32,,39
2026-06-02T17:19:39.117237,$GPGSV,41,,42
2026-06-02T17:19:39.117237,$GPGSV,42,,42
2026-06-02T17:19:39.117653,$GPGSV,50,,37
2026-06-02T17:19:39.118364,$GPGSV,10,,32
2026-06-02T17:19:39.118364,$GPGSV,18,,41
2026-06-02T17:19:39.118364,$GPGSV,23,,36
2026-06-02T17:19:39.118364,$GPGSV,24,,12
2026-06-02T17:19:39.118872,$GPGSV,29,,13
2026-06-02T17:19:39.118872,$GPGSV,32,,32
2026-06-02T17:19:39.120735,$GLGSV,65,,13
2026-06-02T17:19:39.120735,$GLGSV,66,,36
2026-06-02T17:19:39.120735,$GLGSV,76,,39
2026-06-02T17:19:39.120735,$GLGSV,81,,38
2026-06-02T17:19:39.121237,$GLGSV,87,,29
2026-06-02T17:19:39.121237,$GLGSV,88,,42
2026-06-02T17:19:39.121971,$GLGSV,66,,38
2026-06-02T17:19:39.121971,$GLGSV,67,,20
2026-06-02T17:19:39.121971,$GLGSV,75,,20
2026-06-02T17:19:39.121971,$GLGSV,76,,40
2026-06-02T17:19:39.122464,$GLGSV,81,,37
2026-06-02T17:19:39.122464,$GLGSV,88,,41
2026-06-02T17:19:39.123501,$GAGSV,04,,35
2026-06-02T17:19:39.123501,$GAGSV,05,,31
2026-06-02T17:19:39.123501,$GAGSV,06,,38
2026-06-02T17:19:39.123501,$GAGSV,09,,38
2026-06-02T17:19:39.124192,$GAGSV,10,,39
2026-06-02T17:19:39.124192,$GAGSV,11,,35
2026-06-02T17:19:39.124192,$GAGSV,12,,32
2026-06-02T17:19:39.124192,$GAGSV,36,,34
2026-06-02T17:19:39.124886,$GAGSV,04,,37
2026-06-02T17:19:39.124886,$GAGSV,05,,34
2026-06-02T17:19:39.124886,$GAGSV,06,,39
2026-06-02T17:19:39.124886,$GAGSV,09,,40
2026-06-02T17:19:39.125636,$GAGSV,10,,40
2026-06-02T17:19:39.125636,$GAGSV,11,,36
2026-06-02T17:19:39.125636,$GAGSV,12,,34
2026-06-02T17:19:39.125636,$GAGSV,28,,21
2026-06-02T17:19:39.126035,$GAGSV,36,,34
2026-06-02T17:19:39.127227,$GBGSV,06,,32
2026-06-02T17:19:39.127227,$GBGSV,07,,42
2026-06-02T17:19:39.127227,$GBGSV,08,,32
2026-06-02T17:19:39.127227,$GBGSV,09,,37
2026-06-02T17:19:39.127903,$GBGSV,10,,40
2026-06-02T17:19:39.127903,$GBGSV,13,,37
2026-06-02T17:19:39.127903,$GBGSV,14,,39
2026-06-02T17:19:39.127903,$GBGSV,34,,38
2026-06-02T17:19:39.128383,$GBGSV,09,,34
2026-06-02T17:19:39.128383,$GBGSV,10,,36
2026-06-02T17:19:40.115147,$GPGSV,10,,30
2026-06-02T17:19:40.115147,$GPGSV,18,,42
2026-06-02T17:19:40.115147,$GPGSV,23,,40
2026-06-02T17:19:40.115147,$GPGSV,28,,21
2026-06-02T17:19:40.115883,$GPGSV,29,,21
2026-06-02T17:19:40.115883,$GPGSV,32,,39
2026-06-02T17:19:40.115883,$GPGSV,41,,42
2026-06-02T17:19:40.115883,$GPGSV,42,,41
2026-06-02T17:19:40.116294,$GPGSV,50,,36
2026-06-02T17:19:40.117001,$GPGSV,10,,31
2026-06-02T17:19:40.117001,$GPGSV,18,,41
2026-06-02T17:19:40.117001,$GPGSV,23,,35
2026-06-02T17:19:40.117001,$GPGSV,24,,12
2026-06-02T17:19:40.117514,$GPGSV,29,,13
2026-06-02T17:19:40.117514,$GPGSV,32,,32
2026-06-02T17:19:40.119399,$GLGSV,65,,13
2026-06-02T17:19:40.119399,$GLGSV,66,,37
2026-06-02T17:19:40.119399,$GLGSV,75,,17
2026-06-02T17:19:40.119399,$GLGSV,76,,39
2026-06-02T17:19:40.119991,$GLGSV,81,,38
2026-06-02T17:19:40.119991,$GLGSV,87,,28
2026-06-02T17:19:40.119991,$GLGSV,88,,41
2026-06-02T17:19:40.120677,$GLGSV,66,,37
2026-06-02T17:19:40.120677,$GLGSV,67,,20
2026-06-02T17:19:40.120677,$GLGSV,75,,17
2026-06-02T17:19:40.120677,$GLGSV,76,,38
2026-06-02T17:19:40.121169,$GLGSV,81,,38
2026-06-02T17:19:40.121169,$GLGSV,88,,40
2026-06-02T17:19:40.122234,$GAGSV,04,,35
2026-06-02T17:19:40.122234,$GAGSV,05,,32
2026-06-02T17:19:40.122234,$GAGSV,06,,38
2026-06-02T17:19:40.122234,$GAGSV,09,,37
2026-06-02T17:19:40.123066,$GAGSV,10,,39
2026-06-02T17:19:40.123066,$GAGSV,11,,35
2026-06-02T17:19:40.123066,$GAGSV,12,,33
2026-06-02T17:19:40.123066,$GAGSV,36,,35
2026-06-02T17:19:40.123788,$GAGSV,04,,37
2026-06-02T17:19:40.123788,$GAGSV,05,,33
2026-06-02T17:19:40.123788,$GAGSV,06,,39
2026-06-02T17:19:40.123788,$GAGSV,09,,40
2026-06-02T17:19:40.124471,$GAGSV,10,,40
2026-06-02T17:19:40.124471,$GAGSV,11,,36
2026-06-02T17:19:40.124471,$GAGSV,12,,34
2026-06-02T17:19:40.124471,$GAGSV,28,,22
2026-06-02T17:19:40.124863,$GAGSV,36,,30
2026-06-02T17:19:40.126080,$GBGSV,06,,33
2026-06-02T17:19:40.126080,$GBGSV,07,,42
2026-06-02T17:19:40.126080,$GBGSV,08,,26
2026-06-02T17:19:40.126080,$GBGSV,09,,34
2026-06-02T17:19:40.126769,$GBGSV,10,,40
2026-06-02T17:19:40.126769,$GBGSV,13,,39
2026-06-02T17:19:40.126769,$GBGSV,14,,41
2026-06-02T17:19:40.126769,$GBGSV,34,,38
2026-06-02T17:19:40.127257,$GBGSV,09,,34
2026-06-02T17:19:40.127257,$GBGSV,10,,36
2026-06-02T17:19:41.112129,$GPGSV,10,,33
2026-06-02T17:19:41.112129,$GPGSV,18,,42
2026-06-02T17:19:41.112129,$GPGSV,23,,38
2026-06-02T17:19:41.112129,$GPGSV,28,,25
2026-06-02T17:19:41.112876,$GPGSV,29,,20
2026-06-02T17:19:41.112876,$GPGSV,32,,37
2026-06-02T17:19:41.112876,$GPGSV,41,,42
2026-06-02T17:19:41.112876,$GPGSV,42,,41
2026-06-02T17:19:41.113289,$GPGSV,50,,36
2026-06-02T17:19:41.114010,$GPGSV,10,,30
2026-06-02T17:19:41.114010,$GPGSV,18,,41
2026-06-02T17:19:41.114010,$GPGSV,23,,35
2026-06-02T17:19:41.114010,$GPGSV,24,,15
2026-06-02T17:19:41.114521,$GPGSV,29,,13
2026-06-02T17:19:41.114521,$GPGSV,32,,33
2026-06-02T17:19:41.116399,$GLGSV,65,,15
2026-06-02T17:19:41.116399,$GLGSV,66,,39
2026-06-02T17:19:41.116399,$GLGSV,75,,18
2026-06-02T17:19:41.116399,$GLGSV,76,,36
2026-06-02T17:19:41.116977,$GLGSV,81,,37
2026-06-02T17:19:41.116977,$GLGSV,87,,27
2026-06-02T17:19:41.116977,$GLGSV,88,,41
2026-06-02T17:19:41.117656,$GLGSV,66,,37
2026-06-02T17:19:41.117656,$GLGSV,67,,20
2026-06-02T17:19:41.117656,$GLGSV,75,,18
2026-06-02T17:19:41.117656,$GLGSV,76,,38
2026-06-02T17:19:41.118146,$GLGSV,81,,39
2026-06-02T17:19:41.118146,$GLGSV,88,,40
2026-06-02T17:19:41.119174,$GAGSV,04,,35
2026-06-02T17:19:41.119174,$GAGSV,05,,32
2026-06-02T17:19:41.119174,$GAGSV,06,,38
2026-06-02T17:19:41.119174,$GAGSV,09,,38
2026-06-02T17:19:41.119857,$GAGSV,10,,38
2026-06-02T17:19:41.119857,$GAGSV,11,,35
2026-06-02T17:19:41.119857,$GAGSV,12,,32
2026-06-02T17:19:41.119857,$GAGSV,36,,34
2026-06-02T17:19:41.120538,$GAGSV,04,,39
2026-06-02T17:19:41.120538,$GAGSV,05,,33
2026-06-02T17:19:41.120538,$GAGSV,06,,39
2026-06-02T17:19:41.120538,$GAGSV,09,,40
2026-06-02T17:19:41.121288,$GAGSV,10,,40
2026-06-02T17:19:41.121288,$GAGSV,11,,37
2026-06-02T17:19:41.121288,$GAGSV,12,,34
2026-06-02T17:19:41.121288,$GAGSV,28,,21
2026-06-02T17:19:41.121698,$GAGSV,36,,33
2026-06-02T17:19:41.122909,$GBGSV,06,,35
2026-06-02T17:19:41.122909,$GBGSV,07,,41
2026-06-02T17:19:41.122909,$GBGSV,08,,26
2026-06-02T17:19:41.122909,$GBGSV,09,,37
2026-06-02T17:19:41.123592,$GBGSV,10,,41
2026-06-02T17:19:41.123592,$GBGSV,13,,39
2026-06-02T17:19:41.123592,$GBGSV,14,,39
2026-06-02T17:19:41.123592,$GBGSV,34,,37
2026-06-02T17:19:41.124082,$GBGSV,09,,34
2026-06-02T17:19:41.124082,$GBGSV,10,,36
2026-06-02T17:19:42.143453,$GPGSV,10,,32
2026-06-02T17:19:42.143453,$GPGSV,18,,41
2026-06-02T17:19:42.143453,$GPGSV,23,,38
2026-06-02T17:19:42.143453,$GPGSV,28,,25
2026-06-02T17:19:42.144192,$GPGSV,29,,20
2026-06-02T17:19:42.144192,$GPGSV,32,,38
2026-06-02T17:19:42.144192,$GPGSV,41,,42
2026-06-02T17:19:42.144192,$GPGSV,42,,41
2026-06-02T17:19:42.144607,$GPGSV,50,,36
2026-06-02T17:19:42.145314,$GPGSV,10,,29
2026-06-02T17:19:42.145314,$GPGSV,18,,41
2026-06-02T17:19:42.145314,$GPGSV,23,,36
2026-06-02T17:19:42.145314,$GPGSV,24,,17
2026-06-02T17:19:42.145854,$GPGSV,29,,16
2026-06-02T17:19:42.145854,$GPGSV,32,,33
2026-06-02T17:19:42.147760,$GLGSV,65,,16
2026-06-02T17:19:42.147760,$GLGSV,66,,37
2026-06-02T17:19:42.147760,$GLGSV,75,,19
2026-06-02T17:19:42.147760,$GLGSV,76,,36
2026-06-02T17:19:42.148378,$GLGSV,81,,35
2026-06-02T17:19:42.148378,$GLGSV,87,,29
2026-06-02T17:19:42.148378,$GLGSV,88,,42
2026-06-02T17:19:42.149330,$GLGSV,66,,39
2026-06-02T17:19:42.149330,$GLGSV,67,,20
2026-06-02T17:19:42.149330,$GLGSV,75,,18
2026-06-02T17:19:42.149330,$GLGSV,76,,39
2026-06-02T17:19:42.150050,$GLGSV,81,,39
2026-06-02T17:19:42.150050,$GLGSV,88,,41
2026-06-02T17:19:42.151217,$GAGSV,04,,35
2026-06-02T17:19:42.151217,$GAGSV,05,,33
2026-06-02T17:19:42.151217,$GAGSV,06,,38
2026-06-02T17:19:42.151217,$GAGSV,09,,38
2026-06-02T17:19:42.151951,$GAGSV,10,,38
2026-06-02T17:19:42.151951,$GAGSV,11,,35
2026-06-02T17:19:42.151951,$GAGSV,12,,32
2026-06-02T17:19:42.151951,$GAGSV,36,,34
2026-06-02T17:19:42.152794,$GAGSV,04,,37
2026-06-02T17:19:42.152794,$GAGSV,05,,33
2026-06-02T17:19:42.152794,$GAGSV,06,,39
2026-06-02T17:19:42.152794,$GAGSV,09,,40
2026-06-02T17:19:42.153524,$GAGSV,10,,40
2026-06-02T17:19:42.153524,$GAGSV,11,,37
2026-06-02T17:19:42.153524,$GAGSV,12,,35
2026-06-02T17:19:42.153524,$GAGSV,28,,23
2026-06-02T17:19:42.153961,$GAGSV,36,,33
2026-06-02T17:19:42.155225,$GBGSV,06,,37
2026-06-02T17:19:42.155225,$GBGSV,07,,42
2026-06-02T17:19:42.155225,$GBGSV,08,,27
2026-06-02T17:19:42.155225,$GBGSV,09,,38
2026-06-02T17:19:42.155937,$GBGSV,10,,39
2026-06-02T17:19:42.155937,$GBGSV,13,,37
2026-06-02T17:19:42.155937,$GBGSV,14,,39
2026-06-02T17:19:42.155937,$GBGSV,34,,38
2026-06-02T17:19:42.156450,$GBGSV,09,,34
2026-06-02T17:19:42.156450,$GBGSV,10,,37
2026-06-02T17:19:43.113869,$GPGSV,10,,35
2026-06-02T17:19:43.113869,$GPGSV,18,,43
2026-06-02T17:19:43.113869,$GPGSV,23,,38
2026-06-02T17:19:43.113869,$GPGSV,28,,25
2026-06-02T17:19:43.114593,$GPGSV,29,,18
2026-06-02T17:19:43.114593,$GPGSV,32,,40
2026-06-02T17:19:43.114593,$GPGSV,41,,42
2026-06-02T17:19:43.114593,$GPGSV,42,,41
2026-06-02T17:19:43.114995,$GPGSV,50,,36
2026-06-02T17:19:43.115695,$GPGSV,10,,29
2026-06-02T17:19:43.115695,$GPGSV,18,,41
2026-06-02T17:19:43.115695,$GPGSV,23,,36
2026-06-02T17:19:43.115695,$GPGSV,24,,18
2026-06-02T17:19:43.116167,$GPGSV,29,,17
2026-06-02T17:19:43.116167,$GPGSV,32,,32
2026-06-02T17:19:43.117934,$GLGSV,65,,17
2026-06-02T17:19:43.117934,$GLGSV,66,,35
2026-06-02T17:19:43.117934,$GLGSV,75,,17
2026-06-02T17:19:43.117934,$GLGSV,76,,37
2026-06-02T17:19:43.118483,$GLGSV,81,,36
2026-06-02T17:19:43.118483,$GLGSV,87,,28
2026-06-02T17:19:43.118483,$GLGSV,88,,41
2026-06-02T17:19:43.119116,$GLGSV,66,,39
2026-06-02T17:19:43.119116,$GLGSV,67,,19
2026-06-02T17:19:43.119116,$GLGSV,75,,20
2026-06-02T17:19:43.119116,$GLGSV,76,,39
2026-06-02T17:19:43.119688,$GLGSV,81,,39
2026-06-02T17:19:43.119688,$GLGSV,88,,40
2026-06-02T17:19:43.120885,$GAGSV,04,,35
2026-06-02T17:19:43.120885,$GAGSV,05,,33
2026-06-02T17:19:43.120885,$GAGSV,06,,38
2026-06-02T17:19:43.120885,$GAGSV,09,,38
2026-06-02T17:19:43.121540,$GAGSV,10,,38
2026-06-02T17:19:43.121540,$GAGSV,11,,35
2026-06-02T17:19:43.121540,$GAGSV,12,,33
2026-06-02T17:19:43.121540,$GAGSV,36,,35
2026-06-02T17:19:43.122207,$GAGSV,04,,38
2026-06-02T17:19:43.122207,$GAGSV,05,,34
2026-06-02T17:19:43.122207,$GAGSV,06,,39
2026-06-02T17:19:43.122207,$GAGSV,09,,40
2026-06-02T17:19:43.123052,$GAGSV,10,,40
2026-06-02T17:19:43.123052,$GAGSV,11,,36
2026-06-02T17:19:43.123052,$GAGSV,12,,35
2026-06-02T17:19:43.123052,$GAGSV,28,,24
2026-06-02T17:19:43.123409,$GAGSV,36,,32
2026-06-02T17:19:43.124492,$GBGSV,06,,37
2026-06-02T17:19:43.124492,$GBGSV,07,,41
2026-06-02T17:19:43.124492,$GBGSV,08,,27
2026-06-02T17:19:43.124492,$GBGSV,09,,38
2026-06-02T17:19:43.125091,$GBGSV,10,,41
2026-06-02T17:19:43.125091,$GBGSV,13,,40
2026-06-02T17:19:43.125091,$GBGSV,14,,38
2026-06-02T17:19:43.125091,$GBGSV,34,,38
2026-06-02T17:19:43.125508,$GBGSV,09,,33
2026-06-02T17:19:43.125508,$GBGSV,10,,36
2026-06-02T17:19:44.145328,$GPGSV,10,,35
2026-06-02T17:19:44.145328,$GPGSV,18,,41
2026-06-02T17:19:44.145328,$GPGSV,23,,39
2026-06-02T17:19:44.145328,$GPGSV,24,,21
2026-06-02T17:19:44.146080,$GPGSV,28,,24
2026-06-02T17:19:44.146080,$GPGSV,29,,18
2026-06-02T17:19:44.146080,$GPGSV,32,,38
2026-06-02T17:19:44.146080,$GPGSV,41,,42
2026-06-02T17:19:44.146617,$GPGSV,42,,40
2026-06-02T17:19:44.146617,$GPGSV,50,,38
2026-06-02T17:19:44.147336,$GPGSV,10,,30
2026-06-02T17:19:44.147336,$GPGSV,18,,41
2026-06-02T17:19:44.147336,$GPGSV,23,,36
2026-06-02T17:19:44.147336,$GPGSV,24,,19
2026-06-02T17:19:44.147850,$GPGSV,29,,16
2026-06-02T17:19:44.147850,$GPGSV,32,,32
2026-06-02T17:19:44.149751,$GLGSV,65,,15
2026-06-02T17:19:44.149751,$GLGSV,66,,37
2026-06-02T17:19:44.149751,$GLGSV,75,,16
2026-06-02T17:19:44.149751,$GLGSV,76,,38
2026-06-02T17:19:44.150370,$GLGSV,81,,35
2026-06-02T17:19:44.150370,$GLGSV,87,,27
2026-06-02T17:19:44.150370,$GLGSV,88,,41
2026-06-02T17:19:44.151275,$GLGSV,66,,38
2026-06-02T17:19:44.151275,$GLGSV,67,,19
2026-06-02T17:19:44.151275,$GLGSV,75,,20
2026-06-02T17:19:44.151275,$GLGSV,76,,36
2026-06-02T17:19:44.151989,$GLGSV,81,,39
2026-06-02T17:19:44.151989,$GLGSV,88,,40
2026-06-02T17:19:44.153071,$GAGSV,04,,35
2026-06-02T17:19:44.153071,$GAGSV,05,,34
2026-06-02T17:19:44.153071,$GAGSV,06,,38
2026-06-02T17:19:44.153071,$GAGSV,09,,38
2026-06-02T17:19:44.153809,$GAGSV,10,,39
2026-06-02T17:19:44.153809,$GAGSV,11,,35
2026-06-02T17:19:44.153809,$GAGSV,12,,32
2026-06-02T17:19:44.153809,$GAGSV,36,,35
2026-06-02T17:19:44.154604,$GAGSV,04,,36
2026-06-02T17:19:44.154604,$GAGSV,05,,35
2026-06-02T17:19:44.154604,$GAGSV,06,,39
2026-06-02T17:19:44.154604,$GAGSV,09,,40
2026-06-02T17:19:44.155307,$GAGSV,10,,40
2026-06-02T17:19:44.155307,$GAGSV,11,,36
2026-06-02T17:19:44.155307,$GAGSV,12,,34
2026-06-02T17:19:44.155307,$GAGSV,28,,24
2026-06-02T17:19:44.155716,$GAGSV,36,,34
2026-06-02T17:19:44.156925,$GBGSV,06,,38
2026-06-02T17:19:44.156925,$GBGSV,07,,41
2026-06-02T17:19:44.156925,$GBGSV,08,,25
2026-06-02T17:19:44.156925,$GBGSV,09,,36
2026-06-02T17:19:44.157608,$GBGSV,10,,40
2026-06-02T17:19:44.157608,$GBGSV,13,,40
2026-06-02T17:19:44.157608,$GBGSV,14,,38
2026-06-02T17:19:44.157608,$GBGSV,34,,39
2026-06-02T17:19:44.158125,$GBGSV,09,,33
2026-06-02T17:19:44.158125,$GBGSV,10,,36
2026-06-02T17:19:45.114106,$GPGSV,10,,35
2026-06-02T17:19:45.114106,$GPGSV,18,,42
2026-06-02T17:19:45.114106,$GPGSV,23,,39
2026-06-02T17:19:45.114106,$GPGSV,28,,22
2026-06-02T17:19:45.114850,$GPGSV,29,,18
2026-06-02T17:19:45.114850,$GPGSV,32,,40
2026-06-02T17:19:45.114850,$GPGSV,41,,42
2026-06-02T17:19:45.114850,$GPGSV,42,,42
2026-06-02T17:19:45.115267,$GPGSV,50,,36
2026-06-02T17:19:45.115982,$GPGSV,10,,31
2026-06-02T17:19:45.115982,$GPGSV,18,,41
2026-06-02T17:19:45.115982,$GPGSV,23,,34
2026-06-02T17:19:45.115982,$GPGSV,24,,17
2026-06-02T17:19:45.116498,$GPGSV,29,,15
2026-06-02T17:19:45.116498,$GPGSV,32,,32
2026-06-02T17:19:45.118391,$GLGSV,65,,16
2026-06-02T17:19:45.118391,$GLGSV,66,,35
2026-06-02T17:19:45.118391,$GLGSV,75,,17
2026-06-02T17:19:45.118391,$GLGSV,76,,36
2026-06-02T17:19:45.118978,$GLGSV,81,,35
2026-06-02T17:19:45.118978,$GLGSV,87,,26
2026-06-02T17:19:45.118978,$GLGSV,88,,42
2026-06-02T17:19:45.119759,$GLGSV,66,,41
2026-06-02T17:19:45.119759,$GLGSV,67,,18
2026-06-02T17:19:45.119759,$GLGSV,75,,20
2026-06-02T17:19:45.119759,$GLGSV,76,,37
2026-06-02T17:19:45.120525,$GLGSV,81,,39
2026-06-02T17:19:45.120525,$GLGSV,88,,41
2026-06-02T17:19:45.121593,$GAGSV,04,,35
2026-06-02T17:19:45.121593,$GAGSV,05,,34
2026-06-02T17:19:45.121593,$GAGSV,06,,38
2026-06-02T17:19:45.121593,$GAGSV,09,,38
2026-06-02T17:19:45.122314,$GAGSV,10,,38
2026-06-02T17:19:45.122314,$GAGSV,11,,35
2026-06-02T17:19:45.122314,$GAGSV,12,,33
2026-06-02T17:19:45.122314,$GAGSV,36,,34
2026-06-02T17:19:45.123209,$GAGSV,04,,36
2026-06-02T17:19:45.123209,$GAGSV,05,,35
2026-06-02T17:19:45.123209,$GAGSV,06,,39
2026-06-02T17:19:45.123209,$GAGSV,09,,38
2026-06-02T17:19:45.123915,$GAGSV,10,,40
2026-06-02T17:19:45.123915,$GAGSV,11,,36
2026-06-02T17:19:45.123915,$GAGSV,12,,34
2026-06-02T17:19:45.123915,$GAGSV,28,,25
2026-06-02T17:19:45.124313,$GAGSV,36,,34
2026-06-02T17:19:45.125522,$GBGSV,06,,39
2026-06-02T17:19:45.125522,$GBGSV,07,,41
2026-06-02T17:19:45.125522,$GBGSV,08,,24
2026-06-02T17:19:45.125522,$GBGSV,09,,36
2026-06-02T17:19:45.126248,$GBGSV,10,,40
2026-06-02T17:19:45.126248,$GBGSV,13,,39
2026-06-02T17:19:45.126248,$GBGSV,14,,38
2026-06-02T17:19:45.126248,$GBGSV,34,,41
2026-06-02T17:19:45.126743,$GBGSV,09,,34
2026-06-02T17:19:45.126743,$GBGSV,10,,36
2026-06-02T17:19:46.115266,$GPGSV,10,,35
2026-06-02T17:19:46.115266,$GPGSV,18,,41
2026-06-02T17:19:46.115266,$GPGSV,23,,39
2026-06-02T17:19:46.115266,$GPGSV,24,,24
2026-06-02T17:19:46.116001,$GPGSV,28,,22
2026-06-02T17:19:46.116001,$GPGSV,29,,18
2026-06-02T17:19:46.116001,$GPGSV,32,,40
2026-06-02T17:19:46.116001,$GPGSV,41,,42
2026-06-02T17:19:46.116521,$GPGSV,42,,41
2026-06-02T17:19:46.116521,$GPGSV,50,,36
2026-06-02T17:19:46.117242,$GPGSV,10,,31
2026-06-02T17:19:46.117242,$GPGSV,18,,41
2026-06-02T17:19:46.117242,$GPGSV,23,,35
2026-06-02T17:19:46.117242,$GPGSV,24,,19
2026-06-02T17:19:46.117779,$GPGSV,29,,14
2026-06-02T17:19:46.117779,$GPGSV,32,,32
2026-06-02T17:19:46.119709,$GLGSV,65,,16
2026-06-02T17:19:46.119709,$GLGSV,66,,33
2026-06-02T17:19:46.119709,$GLGSV,75,,17
2026-06-02T17:19:46.119709,$GLGSV,76,,38
2026-06-02T17:19:46.120336,$GLGSV,81,,36
2026-06-02T17:19:46.120336,$GLGSV,87,,26
2026-06-02T17:19:46.120336,$GLGSV,88,,42
2026-06-02T17:19:46.121259,$GLGSV,66,,40
2026-06-02T17:19:46.121259,$GLGSV,67,,19
2026-06-02T17:19:46.121259,$GLGSV,75,,20
2026-06-02T17:19:46.121259,$GLGSV,76,,38
2026-06-02T17:19:46.121908,$GLGSV,81,,37
2026-06-02T17:19:46.121908,$GLGSV,88,,42
2026-06-02T17:19:46.122968,$GAGSV,04,,34
2026-06-02T17:19:46.122968,$GAGSV,05,,34
2026-06-02T17:19:46.122968,$GAGSV,06,,38
2026-06-02T17:19:46.122968,$GAGSV,09,,38
2026-06-02T17:19:46.123859,$GAGSV,10,,39
2026-06-02T17:19:46.123859,$GAGSV,11,,35
2026-06-02T17:19:46.123859,$GAGSV,12,,33
2026-06-02T17:19:46.123859,$GAGSV,36,,34
2026-06-02T17:19:46.124708,$GAGSV,04,,36
2026-06-02T17:19:46.124708,$GAGSV,05,,36
2026-06-02T17:19:46.124708,$GAGSV,06,,39
2026-06-02T17:19:46.124708,$GAGSV,09,,40
2026-06-02T17:19:46.125405,$GAGSV,10,,40
2026-06-02T17:19:46.125405,$GAGSV,11,,36
2026-06-02T17:19:46.125405,$GAGSV,12,,35
2026-06-02T17:19:46.125405,$GAGSV,28,,27
2026-06-02T17:19:46.125820,$GAGSV,36,,34
2026-06-02T17:19:46.127030,$GBGSV,06,,39
2026-06-02T17:19:46.127030,$GBGSV,07,,41
2026-06-02T17:19:46.127030,$GBGSV,08,,24
2026-06-02T17:19:46.127030,$GBGSV,09,,37
2026-06-02T17:19:46.127713,$GBGSV,10,,40
2026-06-02T17:19:46.127713,$GBGSV,13,,37
2026-06-02T17:19:46.127713,$GBGSV,14,,39
2026-06-02T17:19:46.127713,$GBGSV,34,,42
2026-06-02T17:19:46.128200,$GBGSV,09,,34
2026-06-02T17:19:46.128200,$GBGSV,10,,36
2026-06-02T17:19:47.108982,$GPGSV,10,,35
2026-06-02T17:19:47.108982,$GPGSV,18,,41
2026-06-02T17:19:47.108982,$GPGSV,23,,38
2026-06-02T17:19:47.108982,$GPGSV,24,,24
2026-06-02T17:19:47.109747,$GPGSV,28,,21
2026-06-02T17:19:47.109747,$GPGSV,29,,18
2026-06-02T17:19:47.109747,$GPGSV,32,,38
2026-06-02T17:19:47.109747,$GPGSV,41,,43
2026-06-02T17:19:47.110278,$GPGSV,42,,42
2026-06-02T17:19:47.110278,$GPGSV,50,,36
2026-06-02T17:19:47.110997,$GPGSV,10,,31
2026-06-02T17:19:47.110997,$GPGSV,18,,40
2026-06-02T17:19:47.110997,$GPGSV,23,,35
2026-06-02T17:19:47.110997,$GPGSV,24,,20
2026-06-02T17:19:47.111515,$GPGSV,29,,12
2026-06-02T17:19:47.111515,$GPGSV,32,,32
2026-06-02T17:19:47.113441,$GLGSV,65,,14
2026-06-02T17:19:47.113441,$GLGSV,66,,36
2026-06-02T17:19:47.113441,$GLGSV,75,,17
2026-06-02T17:19:47.113441,$GLGSV,76,,36
2026-06-02T17:19:47.114058,$GLGSV,81,,36
2026-06-02T17:19:47.114058,$GLGSV,87,,25
2026-06-02T17:19:47.114058,$GLGSV,88,,40
2026-06-02T17:19:47.114953,$GLGSV,66,,38
2026-06-02T17:19:47.114953,$GLGSV,67,,19
2026-06-02T17:19:47.114953,$GLGSV,75,,21
2026-06-02T17:19:47.114953,$GLGSV,76,,36
2026-06-02T17:19:47.115618,$GLGSV,81,,37
2026-06-02T17:19:47.115618,$GLGSV,88,,41
2026-06-02T17:19:47.116678,$GAGSV,04,,33
2026-06-02T17:19:47.116678,$GAGSV,05,,34
2026-06-02T17:19:47.116678,$GAGSV,06,,38
2026-06-02T17:19:47.116678,$GAGSV,09,,38
2026-06-02T17:19:47.117459,$GAGSV,10,,39
2026-06-02T17:19:47.117459,$GAGSV,11,,35
2026-06-02T17:19:47.117459,$GAGSV,12,,32
2026-06-02T17:19:47.117459,$GAGSV,36,,35
2026-06-02T17:19:47.118280,$GAGSV,04,,33
2026-06-02T17:19:47.118280,$GAGSV,05,,36
2026-06-02T17:19:47.118280,$GAGSV,06,,39
2026-06-02T17:19:47.118280,$GAGSV,09,,40
2026-06-02T17:19:47.119024,$GAGSV,10,,40
2026-06-02T17:19:47.119024,$GAGSV,11,,36
2026-06-02T17:19:47.119024,$GAGSV,12,,35
2026-06-02T17:19:47.119024,$GAGSV,28,,28
2026-06-02T17:19:47.119426,$GAGSV,36,,34
2026-06-02T17:19:47.120640,$GBGSV,06,,40
2026-06-02T17:19:47.120640,$GBGSV,07,,41
2026-06-02T17:19:47.120640,$GBGSV,08,,23
2026-06-02T17:19:47.120640,$GBGSV,09,,39
2026-06-02T17:19:47.121325,$GBGSV,10,,40
2026-06-02T17:19:47.121325,$GBGSV,13,,40
2026-06-02T17:19:47.121325,$GBGSV,14,,39
2026-06-02T17:19:47.121325,$GBGSV,34,,42
2026-06-02T17:19:47.121836,$GBGSV,09,,34
2026-06-02T17:19:47.121836,$GBGSV,10,,36
2026-06-02T17:19:48.115142,$GPGSV,10,,36
2026-06-02T17:19:48.115142,$GPGSV,18,,42
2026-06-02T17:19:48.115142,$GPGSV,23,,39
2026-06-02T17:19:48.115142,$GPGSV,24,,25
2026-06-02T17:19:48.115889,$GPGSV,28,,22
2026-06-02T17:19:48.115889,$GPGSV,29,,18
2026-06-02T17:19:48.115889,$GPGSV,32,,38
2026-06-02T17:19:48.115889,$GPGSV,41,,41
2026-06-02T17:19:48.116412,$GPGSV,42,,41
2026-06-02T17:19:48.116412,$GPGSV,50,,36
2026-06-02T17:19:48.117131,$GPGSV,10,,31
2026-06-02T17:19:48.117131,$GPGSV,18,,42
2026-06-02T17:19:48.117131,$GPGSV,23,,36
2026-06-02T17:19:48.117131,$GPGSV,24,,21
2026-06-02T17:19:48.117655,$GPGSV,29,,13
2026-06-02T17:19:48.117655,$GPGSV,32,,31
2026-06-02T17:19:48.119561,$GLGSV,65,,14
2026-06-02T17:19:48.119561,$GLGSV,66,,38
2026-06-02T17:19:48.119561,$GLGSV,75,,17
2026-06-02T17:19:48.119561,$GLGSV,76,,36
2026-06-02T17:19:48.120180,$GLGSV,81,,36
2026-06-02T17:19:48.120180,$GLGSV,87,,24
2026-06-02T17:19:48.120180,$GLGSV,88,,42
2026-06-02T17:19:48.121158,$GLGSV,66,,40
2026-06-02T17:19:48.121158,$GLGSV,67,,19
2026-06-02T17:19:48.121158,$GLGSV,75,,19
2026-06-02T17:19:48.121158,$GLGSV,76,,36
2026-06-02T17:19:48.121802,$GLGSV,81,,41
2026-06-02T17:19:48.121802,$GLGSV,88,,41
2026-06-02T17:19:48.122865,$GAGSV,04,,33
2026-06-02T17:19:48.122865,$GAGSV,05,,33
2026-06-02T17:19:48.122865,$GAGSV,06,,38
2026-06-02T17:19:48.122865,$GAGSV,09,,38
2026-06-02T17:19:48.123891,$GAGSV,10,,39
2026-06-02T17:19:48.123891,$GAGSV,11,,35
2026-06-02T17:19:48.123891,$GAGSV,12,,32
2026-06-02T17:19:48.123891,$GAGSV,36,,34
2026-06-02T17:19:48.124640,$GAGSV,04,,35
2026-06-02T17:19:48.124640,$GAGSV,05,,36
2026-06-02T17:19:48.124640,$GAGSV,06,,37
2026-06-02T17:19:48.124640,$GAGSV,09,,40
2026-06-02T17:19:48.125341,$GAGSV,10,,40
2026-06-02T17:19:48.125341,$GAGSV,11,,36
2026-06-02T17:19:48.125341,$GAGSV,12,,35
2026-06-02T17:19:48.125341,$GAGSV,28,,29
2026-06-02T17:19:48.125758,$GAGSV,36,,36
2026-06-02T17:19:48.126971,$GBGSV,06,,40
2026-06-02T17:19:48.126971,$GBGSV,07,,41
2026-06-02T17:19:48.126971,$GBGSV,08,,22
2026-06-02T17:19:48.126971,$GBGSV,09,,38
2026-06-02T17:19:48.127654,$GBGSV,10,,40
2026-06-02T17:19:48.127654,$GBGSV,13,,40
2026-06-02T17:19:48.127654,$GBGSV,14,,38
2026-06-02T17:19:48.127654,$GBGSV,34,,42
2026-06-02T17:19:48.128141,$GBGSV,09,,33
2026-06-02T17:19:48.128141,$GBGSV,10,,36
2026-06-02T17:19:49.115310,$GPGSV,10,,36
2026-06-02T17:19:49.115310,$GPGSV,18,,42
2026-06-02T17:19:49.115310,$GPGSV,23,,40
2026-06-02T17:19:49.115310,$GPGSV,24,,26
2026-06-02T17:19:49.116053,$GPGSV,28,,21
2026-06-02T17:19:49.116053,$GPGSV,29,,19
2026-06-02T17:19:49.116053,$GPGSV,32,,40
2026-06-02T17:19:49.116053,$GPGSV,41,,44
2026-06-02T17:19:49.116572,$GPGSV,42,,41
2026-06-02T17:19:49.116572,$GPGSV,50,,36
2026-06-02T17:19:49.117297,$GPGSV,10,,32
2026-06-02T17:19:49.117297,$GPGSV,18,,40
2026-06-02T17:19:49.117297,$GPGSV,23,,36
2026-06-02T17:19:49.117297,$GPGSV,24,,22
2026-06-02T17:19:49.117825,$GPGSV,29,,15
2026-06-02T17:19:49.117825,$GPGSV,32,,32
2026-06-02T17:19:49.119729,$GLGSV,65,,12
2026-06-02T17:19:49.119729,$GLGSV,66,,38
2026-06-02T17:19:49.119729,$GLGSV,75,,18
2026-06-02T17:19:49.119729,$GLGSV,76,,38
2026-06-02T17:19:49.120350,$GLGSV,81,,36
2026-06-02T17:19:49.120350,$GLGSV,87,,23
2026-06-02T17:19:49.120350,$GLGSV,88,,40
2026-06-02T17:19:49.121355,$GLGSV,66,,39
2026-06-02T17:19:49.121355,$GLGSV,67,,20
2026-06-02T17:19:49.121355,$GLGSV,75,,18
2026-06-02T17:19:49.121355,$GLGSV,76,,36
2026-06-02T17:19:49.122041,$GLGSV,81,,38
2026-06-02T17:19:49.122041,$GLGSV,88,,41
2026-06-02T17:19:49.123141,$GAGSV,04,,32
2026-06-02T17:19:49.123141,$GAGSV,05,,33
2026-06-02T17:19:49.123141,$GAGSV,06,,38
2026-06-02T17:19:49.123141,$GAGSV,09,,38
2026-06-02T17:19:49.123920,$GAGSV,10,,39
2026-06-02T17:19:49.123920,$GAGSV,11,,35
2026-06-02T17:19:49.123920,$GAGSV,12,,32
2026-06-02T17:19:49.123920,$GAGSV,36,,34
2026-06-02T17:19:49.124641,$GAGSV,04,,37
2026-06-02T17:19:49.124641,$GAGSV,05,,36
2026-06-02T17:19:49.124641,$GAGSV,06,,39
2026-06-02T17:19:49.124641,$GAGSV,09,,40
2026-06-02T17:19:49.125335,$GAGSV,10,,40
2026-06-02T17:19:49.125335,$GAGSV,11,,36
2026-06-02T17:19:49.125335,$GAGSV,12,,34
2026-06-02T17:19:49.125335,$GAGSV,28,,28
2026-06-02T17:19:49.125778,$GAGSV,36,,34
2026-06-02T17:19:49.127002,$GBGSV,06,,40
2026-06-02T17:19:49.127002,$GBGSV,07,,41
2026-06-02T17:19:49.127002,$GBGSV,08,,22
2026-06-02T17:19:49.127002,$GBGSV,09,,37
2026-06-02T17:19:49.127692,$GBGSV,10,,40
2026-06-02T17:19:49.127692,$GBGSV,13,,38
2026-06-02T17:19:49.127692,$GBGSV,14,,38
2026-06-02T17:19:49.127692,$GBGSV,34,,39
2026-06-02T17:19:49.128185,$GBGSV,09,,33
2026-06-02T17:19:49.128185,$GBGSV,10,,36
2026-06-02T17:19:50.115011,$GPGSV,10,,36
2026-06-02T17:19:50.115011,$GPGSV,18,,42
2026-06-02T17:19:50.115011,$GPGSV,23,,40
2026-06-02T17:19:50.115011,$GPGSV,24,,28
2026-06-02T17:19:50.115751,$GPGSV,28,,20
2026-06-02T17:19:50.115751,$GPGSV,29,,21
2026-06-02T17:19:50.115751,$GPGSV,32,,38
2026-06-02T17:19:50.115751,$GPGSV,41,,42
2026-06-02T17:19:50.116252,$GPGSV,42,,41
2026-06-02T17:19:50.116252,$GPGSV,50,,36
2026-06-02T17:19:50.116940,$GPGSV,10,,33
2026-06-02T17:19:50.116940,$GPGSV,18,,41
2026-06-02T17:19:50.116940,$GPGSV,23,,36
2026-06-02T17:19:50.116940,$GPGSV,24,,23
2026-06-02T17:19:50.117435,$GPGSV,29,,16
2026-06-02T17:19:50.117435,$GPGSV,32,,33
2026-06-02T17:19:50.119285,$GLGSV,65,,11
2026-06-02T17:19:50.119285,$GLGSV,66,,39
2026-06-02T17:19:50.119285,$GLGSV,75,,18
2026-06-02T17:19:50.119285,$GLGSV,76,,36
2026-06-02T17:19:50.119850,$GLGSV,81,,36
2026-06-02T17:19:50.119850,$GLGSV,87,,23
2026-06-02T17:19:50.119850,$GLGSV,88,,42
2026-06-02T17:19:50.120518,$GLGSV,66,,37
2026-06-02T17:19:50.120518,$GLGSV,67,,21
2026-06-02T17:19:50.120518,$GLGSV,75,,18
2026-06-02T17:19:50.120518,$GLGSV,76,,36
2026-06-02T17:19:50.120991,$GLGSV,81,,40
2026-06-02T17:19:50.120991,$GLGSV,88,,41
2026-06-02T17:19:50.121988,$GAGSV,04,,32
2026-06-02T17:19:50.121988,$GAGSV,05,,32
2026-06-02T17:19:50.121988,$GAGSV,06,,38
2026-06-02T17:19:50.121988,$GAGSV,09,,38
2026-06-02T17:19:50.122773,$GAGSV,10,,38
2026-06-02T17:19:50.122773,$GAGSV,11,,35
2026-06-02T17:19:50.122773,$GAGSV,12,,32
2026-06-02T17:19:50.122773,$GAGSV,36,,33
2026-06-02T17:19:50.123444,$GAGSV,04,,34
2026-06-02T17:19:50.123444,$GAGSV,05,,36
2026-06-02T17:19:50.123444,$GAGSV,06,,39
2026-06-02T17:19:50.123444,$GAGSV,09,,41
2026-06-02T17:19:50.124085,$GAGSV,10,,40
2026-06-02T17:19:50.124085,$GAGSV,11,,36
2026-06-02T17:19:50.124085,$GAGSV,12,,34
2026-06-02T17:19:50.124085,$GAGSV,28,,28
2026-06-02T17:19:50.124452,$GAGSV,36,,34
2026-06-02T17:19:50.125576,$GBGSV,06,,40
2026-06-02T17:19:50.125576,$GBGSV,07,,41
2026-06-02T17:19:50.125576,$GBGSV,08,,22
2026-06-02T17:19:50.125576,$GBGSV,09,,37
2026-06-02T17:19:50.126199,$GBGSV,10,,40
2026-06-02T17:19:50.126199,$GBGSV,13,,39
2026-06-02T17:19:50.126199,$GBGSV,14,,38
2026-06-02T17:19:50.126199,$GBGSV,34,,40
2026-06-02T17:19:50.126631,$GBGSV,09,,33
2026-06-02T17:19:50.126631,$GBGSV,10,,36
2026-06-02T17:19:51.116343,$GPGSV,10,,36
2026-06-02T17:19:51.116343,$GPGSV,18,,42
2026-06-02T17:19:51.116343,$GPGSV,23,,38
2026-06-02T17:19:51.116343,$GPGSV,24,,29
2026-06-02T17:19:51.117049,$GPGSV,28,,20
2026-06-02T17:19:51.117049,$GPGSV,29,,22
2026-06-02T17:19:51.117049,$GPGSV,32,,37
2026-06-02T17:19:51.117049,$GPGSV,41,,41
2026-06-02T17:19:51.117554,$GPGSV,42,,41
2026-06-02T17:19:51.117554,$GPGSV,50,,36
2026-06-02T17:19:51.118251,$GPGSV,10,,33
2026-06-02T17:19:51.118251,$GPGSV,18,,42
2026-06-02T17:19:51.118251,$GPGSV,23,,36
2026-06-02T17:19:51.118251,$GPGSV,24,,25
2026-06-02T17:19:51.118748,$GPGSV,29,,16
2026-06-02T17:19:51.118748,$GPGSV,32,,33
2026-06-02T17:19:51.120516,$GLGSV,65,,14
2026-06-02T17:19:51.120516,$GLGSV,66,,39
2026-06-02T17:19:51.120516,$GLGSV,75,,19
2026-06-02T17:19:51.120516,$GLGSV,76,,37
2026-06-02T17:19:51.121076,$GLGSV,81,,36
2026-06-02T17:19:51.121076,$GLGSV,87,,24
2026-06-02T17:19:51.121076,$GLGSV,88,,43
2026-06-02T17:19:51.121740,$GLGSV,66,,37
2026-06-02T17:19:51.121740,$GLGSV,67,,20
2026-06-02T17:19:51.121740,$GLGSV,75,,19
2026-06-02T17:19:51.121740,$GLGSV,76,,36
2026-06-02T17:19:51.122192,$GLGSV,81,,40
2026-06-02T17:19:51.122192,$GLGSV,88,,40
2026-06-02T17:19:51.123145,$GAGSV,04,,32
2026-06-02T17:19:51.123145,$GAGSV,05,,32
2026-06-02T17:19:51.123145,$GAGSV,06,,38
2026-06-02T17:19:51.123145,$GAGSV,09,,38
2026-06-02T17:19:51.123921,$GAGSV,10,,38
2026-06-02T17:19:51.123921,$GAGSV,11,,35
2026-06-02T17:19:51.123921,$GAGSV,12,,33
2026-06-02T17:19:51.123921,$GAGSV,36,,32
2026-06-02T17:19:51.124631,$GAGSV,04,,34
2026-06-02T17:19:51.124631,$GAGSV,05,,34
2026-06-02T17:19:51.124631,$GAGSV,06,,40
2026-06-02T17:19:51.124631,$GAGSV,09,,41
2026-06-02T17:19:51.125266,$GAGSV,10,,40
2026-06-02T17:19:51.125266,$GAGSV,11,,36
2026-06-02T17:19:51.125266,$GAGSV,12,,34
2026-06-02T17:19:51.125266,$GAGSV,28,,27
2026-06-02T17:19:51.125635,$GAGSV,36,,33
2026-06-02T17:19:51.126745,$GBGSV,06,,37
2026-06-02T17:19:51.126745,$GBGSV,07,,41
2026-06-02T17:19:51.126745,$GBGSV,08,,21
2026-06-02T17:19:51.126745,$GBGSV,09,,37
2026-06-02T17:19:51.127379,$GBGSV,10,,40
2026-06-02T17:19:51.127379,$GBGSV,13,,38
2026-06-02T17:19:51.127379,$GBGSV,14,,39
2026-06-02T17:19:51.127379,$GBGSV,34,,39
2026-06-02T17:19:51.127812,$GBGSV,09,,33
2026-06-02T17:19:51.127812,$GBGSV,10,,36
2026-06-02T17:19:52.115939,$GPGSV,10,,36
2026-06-02T17:19:52.115939,$GPGSV,18,,42
2026-06-02T17:19:52.115939,$GPGSV,23,,40
2026-06-02T17:19:52.115939,$GPGSV,24,,34
2026-06-02T17:19:52.116678,$GPGSV,28,,20
2026-06-02T17:19:52.116678,$GPGSV,29,,21
2026-06-02T17:19:52.116678,$GPGSV,32,,39
2026-06-02T17:19:52.116678,$GPGSV,41,,41
2026-06-02T17:19:52.117199,$GPGSV,42,,40
2026-06-02T17:19:52.117199,$GPGSV,50,,36
2026-06-02T17:19:52.117939,$GPGSV,10,,33
2026-06-02T17:19:52.117939,$GPGSV,18,,42
2026-06-02T17:19:52.117939,$GPGSV,23,,36
2026-06-02T17:19:52.117939,$GPGSV,24,,26
2026-06-02T17:19:52.118461,$GPGSV,29,,16
2026-06-02T17:19:52.118461,$GPGSV,32,,33
2026-06-02T17:19:52.120368,$GLGSV,65,,16
2026-06-02T17:19:52.120368,$GLGSV,66,,37
2026-06-02T17:19:52.120368,$GLGSV,75,,19
2026-06-02T17:19:52.120368,$GLGSV,76,,37
2026-06-02T17:19:52.120955,$GLGSV,81,,35
2026-06-02T17:19:52.120955,$GLGSV,87,,25
2026-06-02T17:19:52.120955,$GLGSV,88,,42
2026-06-02T17:19:52.121826,$GLGSV,66,,37
2026-06-02T17:19:52.121826,$GLGSV,67,,20
2026-06-02T17:19:52.121826,$GLGSV,75,,19
2026-06-02T17:19:52.121826,$GLGSV,76,,35
2026-06-02T17:19:52.122517,$GLGSV,81,,40
2026-06-02T17:19:52.122517,$GLGSV,88,,40
2026-06-02T17:19:52.123592,$GAGSV,04,,32
2026-06-02T17:19:52.123592,$GAGSV,05,,32
2026-06-02T17:19:52.123592,$GAGSV,06,,38
2026-06-02T17:19:52.123592,$GAGSV,09,,38
2026-06-02T17:19:52.124292,$GAGSV,10,,38
2026-06-02T17:19:52.124292,$GAGSV,11,,35
2026-06-02T17:19:52.124292,$GAGSV,12,,33
2026-06-02T17:19:52.124292,$GAGSV,36,,32
2026-06-02T17:19:52.125048,$GAGSV,04,,34
2026-06-02T17:19:52.125048,$GAGSV,05,,34
2026-06-02T17:19:52.125048,$GAGSV,06,,39
2026-06-02T17:19:52.125048,$GAGSV,09,,41
2026-06-02T17:19:52.125763,$GAGSV,10,,40
2026-06-02T17:19:52.125763,$GAGSV,11,,37
2026-06-02T17:19:52.125763,$GAGSV,12,,35
2026-06-02T17:19:52.125763,$GAGSV,28,,28
2026-06-02T17:19:52.126164,$GAGSV,36,,34
2026-06-02T17:19:52.127371,$GBGSV,06,,38
2026-06-02T17:19:52.127371,$GBGSV,07,,41
2026-06-02T17:19:52.127371,$GBGSV,08,,20
2026-06-02T17:19:52.127371,$GBGSV,09,,37
2026-06-02T17:19:52.128067,$GBGSV,10,,40
2026-06-02T17:19:52.128067,$GBGSV,13,,38
2026-06-02T17:19:52.128067,$GBGSV,14,,37
2026-06-02T17:19:52.128067,$GBGSV,34,,39
2026-06-02T17:19:52.128556,$GBGSV,09,,34
2026-06-02T17:19:52.128556,$GBGSV,10,,36
2026-06-02T17:19:53.114893,$GPGSV,10,,36
2026-06-02T17:19:53.114893,$GPGSV,18,,41
2026-06-02T17:19:53.114893,$GPGSV,23,,40
2026-06-02T17:19:53.114893,$GPGSV,24,,33
2026-06-02T17:19:53.115604,$GPGSV,28,,19
2026-06-02T17:19:53.115604,$GPGSV,29,,22
2026-06-02T17:19:53.115604,$GPGSV,32,,39
2026-06-02T17:19:53.115604,$GPGSV,41,,43
2026-06-02T17:19:53.116115,$GPGSV,42,,41
2026-06-02T17:19:53.116115,$GPGSV,50,,36
2026-06-02T17:19:53.116777,$GPGSV,10,,28
2026-06-02T17:19:53.116777,$GPGSV,18,,41
2026-06-02T17:19:53.116777,$GPGSV,23,,37
2026-06-02T17:19:53.116777,$GPGSV,24,,27
2026-06-02T17:19:53.117266,$GPGSV,29,,15
2026-06-02T17:19:53.117266,$GPGSV,32,,33
2026-06-02T17:19:53.119009,$GLGSV,65,,15
2026-06-02T17:19:53.119009,$GLGSV,66,,37
2026-06-02T17:19:53.119009,$GLGSV,75,,19
2026-06-02T17:19:53.119009,$GLGSV,76,,37
2026-06-02T17:19:53.119561,$GLGSV,81,,39
2026-06-02T17:19:53.119561,$GLGSV,87,,25
2026-06-02T17:19:53.119561,$GLGSV,88,,41
2026-06-02T17:19:53.120201,$GLGSV,66,,38
2026-06-02T17:19:53.120201,$GLGSV,67,,20
2026-06-02T17:19:53.120201,$GLGSV,75,,21
2026-06-02T17:19:53.120201,$GLGSV,76,,35
2026-06-02T17:19:53.120651,$GLGSV,81,,39
2026-06-02T17:19:53.120651,$GLGSV,88,,40
2026-06-02T17:19:53.121619,$GAGSV,04,,33
2026-06-02T17:19:53.121619,$GAGSV,05,,32
2026-06-02T17:19:53.121619,$GAGSV,06,,37
2026-06-02T17:19:53.121619,$GAGSV,09,,38
2026-06-02T17:19:53.122273,$GAGSV,10,,38
2026-06-02T17:19:53.122273,$GAGSV,11,,35
2026-06-02T17:19:53.122273,$GAGSV,12,,33
2026-06-02T17:19:53.122273,$GAGSV,36,,34
2026-06-02T17:19:53.123065,$GAGSV,04,,34
2026-06-02T17:19:53.123065,$GAGSV,05,,33
2026-06-02T17:19:53.123065,$GAGSV,06,,39
2026-06-02T17:19:53.123065,$GAGSV,09,,41
2026-06-02T17:19:53.123704,$GAGSV,10,,41
2026-06-02T17:19:53.123704,$GAGSV,11,,36
2026-06-02T17:19:53.123704,$GAGSV,12,,34
2026-06-02T17:19:53.123704,$GAGSV,28,,29
2026-06-02T17:19:53.124054,$GAGSV,36,,33
2026-06-02T17:19:53.125195,$GBGSV,06,,39
2026-06-02T17:19:53.125195,$GBGSV,07,,41
2026-06-02T17:19:53.125195,$GBGSV,08,,20
2026-06-02T17:19:53.125195,$GBGSV,09,,36
2026-06-02T17:19:53.125850,$GBGSV,10,,40
2026-06-02T17:19:53.125850,$GBGSV,13,,38
2026-06-02T17:19:53.125850,$GBGSV,14,,37
2026-06-02T17:19:53.125850,$GBGSV,34,,39
2026-06-02T17:19:53.126303,$GBGSV,09,,34
2026-06-02T17:19:53.126303,$GBGSV,10,,36
2026-06-02T17:19:54.116483,$GPGSV,10,,36
2026-06-02T17:19:54.116483,$GPGSV,18,,41
2026-06-02T17:19:54.116483,$GPGSV,23,,39
2026-06-02T17:19:54.116483,$GPGSV,24,,36
2026-06-02T17:19:54.117228,$GPGSV,28,,18
2026-06-02T17:19:54.117228,$GPGSV,29,,23
2026-06-02T17:19:54.117228,$GPGSV,32,,38
2026-06-02T17:19:54.117228,$GPGSV,41,,43
2026-06-02T17:19:54.117782,$GPGSV,42,,40
2026-06-02T17:19:54.117782,$GPGSV,50,,37
2026-06-02T17:19:54.118506,$GPGSV,10,,31
2026-06-02T17:19:54.118506,$GPGSV,18,,41
2026-06-02T17:19:54.118506,$GPGSV,23,,37
2026-06-02T17:19:54.118506,$GPGSV,24,,29
2026-06-02T17:19:54.119023,$GPGSV,29,,16
2026-06-02T17:19:54.119023,$GPGSV,32,,33
2026-06-02T17:19:54.120902,$GLGSV,65,,15
2026-06-02T17:19:54.120902,$GLGSV,66,,38
2026-06-02T17:19:54.120902,$GLGSV,75,,19
2026-06-02T17:19:54.120902,$GLGSV,76,,35
2026-06-02T17:19:54.121491,$GLGSV,81,,38
2026-06-02T17:19:54.121491,$GLGSV,87,,23
2026-06-02T17:19:54.121491,$GLGSV,88,,40
2026-06-02T17:19:54.122208,$GLGSV,66,,39
2026-06-02T17:19:54.122208,$GLGSV,67,,20
2026-06-02T17:19:54.122208,$GLGSV,75,,19
2026-06-02T17:19:54.122208,$GLGSV,76,,36
2026-06-02T17:19:54.122707,$GLGSV,81,,39
2026-06-02T17:19:54.122707,$GLGSV,88,,40
2026-06-02T17:19:54.123755,$GAGSV,04,,32
2026-06-02T17:19:54.123755,$GAGSV,05,,31
2026-06-02T17:19:54.123755,$GAGSV,06,,37
2026-06-02T17:19:54.123755,$GAGSV,09,,38
2026-06-02T17:19:54.124447,$GAGSV,10,,39
2026-06-02T17:19:54.124447,$GAGSV,11,,35
2026-06-02T17:19:54.124447,$GAGSV,12,,33
2026-06-02T17:19:54.124447,$GAGSV,36,,34
2026-06-02T17:19:54.125220,$GAGSV,04,,33
2026-06-02T17:19:54.125220,$GAGSV,05,,33
2026-06-02T17:19:54.125220,$GAGSV,06,,41
2026-06-02T17:19:54.125220,$GAGSV,09,,40
2026-06-02T17:19:54.125924,$GAGSV,10,,40
2026-06-02T17:19:54.125924,$GAGSV,11,,36
2026-06-02T17:19:54.125924,$GAGSV,12,,34
2026-06-02T17:19:54.125924,$GAGSV,28,,30
2026-06-02T17:19:54.126318,$GAGSV,36,,33
2026-06-02T17:19:54.127512,$GBGSV,06,,39
2026-06-02T17:19:54.127512,$GBGSV,07,,41
2026-06-02T17:19:54.127512,$GBGSV,08,,20
2026-06-02T17:19:54.127512,$GBGSV,09,,36
2026-06-02T17:19:54.128199,$GBGSV,10,,40
2026-06-02T17:19:54.128199,$GBGSV,13,,37
2026-06-02T17:19:54.128199,$GBGSV,14,,39
2026-06-02T17:19:54.128199,$GBGSV,34,,39
2026-06-02T17:19:54.128687,$GBGSV,09,,34
2026-06-02T17:19:54.128687,$GBGSV,10,,36
2026-06-02T17:19:55.116484,$GPGSV,10,,36
2026-06-02T17:19:55.116484,$GPGSV,18,,41
2026-06-02T17:19:55.116484,$GPGSV,23,,38
2026-06-02T17:19:55.116484,$GPGSV,24,,36
2026-06-02T17:19:55.117195,$GPGSV,28,,18
2026-06-02T17:19:55.117195,$GPGSV,29,,23
2026-06-02T17:19:55.117195,$GPGSV,32,,40
2026-06-02T17:19:55.117195,$GPGSV,41,,43
2026-06-02T17:19:55.117702,$GPGSV,42,,40
2026-06-02T17:19:55.117702,$GPGSV,50,,37
2026-06-02T17:19:55.118399,$GPGSV,10,,31
2026-06-02T17:19:55.118399,$GPGSV,18,,41
2026-06-02T17:19:55.118399,$GPGSV,23,,37
2026-06-02T17:19:55.118399,$GPGSV,24,,31
2026-06-02T17:19:55.118893,$GPGSV,29,,17
2026-06-02T17:19:55.118893,$GPGSV,32,,32
2026-06-02T17:19:55.120731,$GLGSV,65,,15
2026-06-02T17:19:55.120731,$GLGSV,66,,40
2026-06-02T17:19:55.120731,$GLGSV,75,,18
2026-06-02T17:19:55.120731,$GLGSV,76,,37
2026-06-02T17:19:55.121335,$GLGSV,81,,39
2026-06-02T17:19:55.121335,$GLGSV,87,,21
2026-06-02T17:19:55.121335,$GLGSV,88,,42
2026-06-02T17:19:55.122324,$GLGSV,66,,39
2026-06-02T17:19:55.122324,$GLGSV,67,,20
2026-06-02T17:19:55.122324,$GLGSV,75,,18
2026-06-02T17:19:55.122324,$GLGSV,76,,36
2026-06-02T17:19:55.123110,$GLGSV,81,,38
2026-06-02T17:19:55.123110,$GLGSV,88,,40
2026-06-02T17:19:55.124794,$GAGSV,04,,32
2026-06-02T17:19:55.124794,$GAGSV,05,,30
2026-06-02T17:19:55.124794,$GAGSV,06,,37
2026-06-02T17:19:55.124794,$GAGSV,09,,38
2026-06-02T17:19:55.125926,$GAGSV,10,,39
2026-06-02T17:19:55.125926,$GAGSV,11,,35
2026-06-02T17:19:55.125926,$GAGSV,12,,33
2026-06-02T17:19:55.125926,$GAGSV,36,,35
2026-06-02T17:19:55.126642,$GAGSV,04,,33
2026-06-02T17:19:55.126642,$GAGSV,05,,34
2026-06-02T17:19:55.126642,$GAGSV,06,,40
2026-06-02T17:19:55.126642,$GAGSV,09,,40
2026-06-02T17:19:55.127342,$GAGSV,10,,40
2026-06-02T17:19:55.127342,$GAGSV,11,,36
2026-06-02T17:19:55.127342,$GAGSV,12,,34
2026-06-02T17:19:55.127342,$GAGSV,28,,31
2026-06-02T17:19:55.127728,$GAGSV,36,,33
2026-06-02T17:19:55.128893,$GBGSV,06,,39
2026-06-02T17:19:55.128893,$GBGSV,07,,41
2026-06-02T17:19:55.128893,$GBGSV,08,,20
2026-06-02T17:19:55.128893,$GBGSV,09,,36
2026-06-02T17:19:55.129551,$GBGSV,10,,40
2026-06-02T17:19:55.129551,$GBGSV,13,,39
2026-06-02T17:19:55.129551,$GBGSV,14,,39
2026-06-02T17:19:55.129551,$GBGSV,34,,39
2026-06-02T17:19:55.130062,$GBGSV,09,,33
2026-06-02T17:19:55.130062,$GBGSV,10,,36
2026-06-02T17:19:56.109207,$GPGSV,10,,35
2026-06-02T17:19:56.109207,$GPGSV,18,,41
2026-06-02T17:19:56.109207,$GPGSV,23,,39
2026-06-02T17:19:56.109207,$GPGSV,24,,37
2026-06-02T17:19:56.109963,$GPGSV,28,,19
2026-06-02T17:19:56.109963,$GPGSV,29,,28
2026-06-02T17:19:56.109963,$GPGSV,32,,39
2026-06-02T17:19:56.109963,$GPGSV,41,,44
2026-06-02T17:19:56.110484,$GPGSV,42,,40
2026-06-02T17:19:56.110484,$GPGSV,50,,37
2026-06-02T17:19:56.111204,$GPGSV,10,,30
2026-06-02T17:19:56.111204,$GPGSV,18,,40
2026-06-02T17:19:56.111204,$GPGSV,23,,36
2026-06-02T17:19:56.111204,$GPGSV,24,,32
2026-06-02T17:19:56.111696,$GPGSV,29,,17
2026-06-02T17:19:56.111696,$GPGSV,32,,31
2026-06-02T17:19:56.113515,$GLGSV,65,,15
2026-06-02T17:19:56.113515,$GLGSV,66,,39
2026-06-02T17:19:56.113515,$GLGSV,75,,19
2026-06-02T17:19:56.113515,$GLGSV,76,,37
2026-06-02T17:19:56.114143,$GLGSV,81,,39
2026-06-02T17:19:56.114143,$GLGSV,87,,20
2026-06-02T17:19:56.114143,$GLGSV,88,,41
2026-06-02T17:19:56.114926,$GLGSV,66,,39
2026-06-02T17:19:56.114926,$GLGSV,67,,19
2026-06-02T17:19:56.114926,$GLGSV,75,,18
2026-06-02T17:19:56.114926,$GLGSV,76,,38
2026-06-02T17:19:56.115693,$GLGSV,81,,37
2026-06-02T17:19:56.115693,$GLGSV,88,,39
2026-06-02T17:19:56.116772,$GAGSV,04,,32
2026-06-02T17:19:56.116772,$GAGSV,05,,30
2026-06-02T17:19:56.116772,$GAGSV,06,,37
2026-06-02T17:19:56.116772,$GAGSV,09,,38
2026-06-02T17:19:56.117498,$GAGSV,10,,39
2026-06-02T17:19:56.117498,$GAGSV,11,,35
2026-06-02T17:19:56.117498,$GAGSV,12,,33
2026-06-02T17:19:56.117498,$GAGSV,36,,35
2026-06-02T17:19:56.118368,$GAGSV,04,,34
2026-06-02T17:19:56.118368,$GAGSV,05,,33
2026-06-02T17:19:56.118368,$GAGSV,06,,40
2026-06-02T17:19:56.118368,$GAGSV,09,,39
2026-06-02T17:19:56.119059,$GAGSV,10,,40
2026-06-02T17:19:56.119059,$GAGSV,11,,36
2026-06-02T17:19:56.119059,$GAGSV,12,,34
2026-06-02T17:19:56.119059,$GAGSV,28,,31
2026-06-02T17:19:56.119457,$GAGSV,36,,34
2026-06-02T17:19:56.120673,$GBGSV,06,,37
2026-06-02T17:19:56.120673,$GBGSV,07,,41
2026-06-02T17:19:56.120673,$GBGSV,08,,19
2026-06-02T17:19:56.120673,$GBGSV,09,,36
2026-06-02T17:19:56.121582,$GBGSV,10,,40
2026-06-02T17:19:56.121582,$GBGSV,13,,38
2026-06-02T17:19:56.121582,$GBGSV,14,,38
2026-06-02T17:19:56.121582,$GBGSV,34,,40
2026-06-02T17:19:56.122120,$GBGSV,09,,33
2026-06-02T17:19:56.122120,$GBGSV,10,,36
2026-06-02T17:19:57.118587,$GPGSV,10,,34
2026-06-02T17:19:57.118587,$GPGSV,18,,41
2026-06-02T17:19:57.118587,$GPGSV,23,,39
2026-06-02T17:19:57.118587,$GPGSV,24,,38
2026-06-02T17:19:57.119715,$GPGSV,28,,20
2026-06-02T17:19:57.119715,$GPGSV,29,,14
2026-06-02T17:19:57.119715,$GPGSV,32,,38
2026-06-02T17:19:57.119715,$GPGSV,41,,42
2026-06-02T17:19:57.120504,$GPGSV,42,,38
2026-06-02T17:19:57.120504,$GPGSV,50,,36
2026-06-02T17:19:57.121614,$GPGSV,10,,30
2026-06-02T17:19:57.121614,$GPGSV,18,,41
2026-06-02T17:19:57.121614,$GPGSV,23,,36
2026-06-02T17:19:57.121614,$GPGSV,24,,33
2026-06-02T17:19:57.122414,$GPGSV,29,,16
2026-06-02T17:19:57.122414,$GPGSV,32,,32
2026-06-02T17:19:57.125326,$GLGSV,65,,15
2026-06-02T17:19:57.125326,$GLGSV,66,,39
2026-06-02T17:19:57.125326,$GLGSV,75,,19
2026-06-02T17:19:57.125326,$GLGSV,76,,38
2026-06-02T17:19:57.126316,$GLGSV,81,,39
2026-06-02T17:19:57.126316,$GLGSV,87,,23
2026-06-02T17:19:57.126316,$GLGSV,88,,42
2026-06-02T17:19:57.127375,$GLGSV,66,,38
2026-06-02T17:19:57.127375,$GLGSV,67,,19
2026-06-02T17:19:57.127375,$GLGSV,75,,20
2026-06-02T17:19:57.127375,$GLGSV,76,,37
2026-06-02T17:19:57.128113,$GLGSV,81,,37
2026-06-02T17:19:57.128113,$GLGSV,88,,39
2026-06-02T17:19:57.129758,$GAGSV,04,,32
2026-06-02T17:19:57.129758,$GAGSV,05,,30
2026-06-02T17:19:57.129758,$GAGSV,06,,37
2026-06-02T17:19:57.129758,$GAGSV,09,,38
2026-06-02T17:19:57.130866,$GAGSV,10,,39
2026-06-02T17:19:57.130866,$GAGSV,11,,34
2026-06-02T17:19:57.130866,$GAGSV,12,,33
2026-06-02T17:19:57.130866,$GAGSV,36,,36
2026-06-02T17:19:57.131903,$GAGSV,04,,34
2026-06-02T17:19:57.131903,$GAGSV,05,,34
2026-06-02T17:19:57.131903,$GAGSV,06,,39
2026-06-02T17:19:57.131903,$GAGSV,09,,40
2026-06-02T17:19:57.132920,$GAGSV,10,,40
2026-06-02T17:19:57.132920,$GAGSV,11,,35
2026-06-02T17:19:57.132920,$GAGSV,12,,34
2026-06-02T17:19:57.132920,$GAGSV,28,,32
2026-06-02T17:19:57.133502,$GAGSV,36,,34
2026-06-02T17:19:57.135273,$GBGSV,06,,39
2026-06-02T17:19:57.135273,$GBGSV,07,,41
2026-06-02T17:19:57.135273,$GBGSV,08,,20
2026-06-02T17:19:57.135273,$GBGSV,09,,37
2026-06-02T17:19:57.136315,$GBGSV,10,,40
2026-06-02T17:19:57.136315,$GBGSV,13,,39
2026-06-02T17:19:57.136315,$GBGSV,14,,38
2026-06-02T17:19:57.136315,$GBGSV,34,,39
2026-06-02T17:19:57.137063,$GBGSV,09,,34
2026-06-02T17:19:57.137063,$GBGSV,10,,36
2026-06-02T17:19:58.115228,$GPGSV,10,,33
2026-06-02T17:19:58.115228,$GPGSV,18,,41
2026-06-02T17:19:58.115228,$GPGSV,23,,39
2026-06-02T17:19:58.115228,$GPGSV,24,,38
2026-06-02T17:19:58.115970,$GPGSV,28,,19
2026-06-02T17:19:58.115970,$GPGSV,29,,16
2026-06-02T17:19:58.115970,$GPGSV,32,,39
2026-06-02T17:19:58.115970,$GPGSV,41,,42
2026-06-02T17:19:58.116509,$GPGSV,42,,40
2026-06-02T17:19:58.116509,$GPGSV,50,,36
2026-06-02T17:19:58.117216,$GPGSV,10,,29
2026-06-02T17:19:58.117216,$GPGSV,18,,41
2026-06-02T17:19:58.117216,$GPGSV,23,,36
2026-06-02T17:19:58.117216,$GPGSV,24,,34
2026-06-02T17:19:58.117728,$GPGSV,29,,16
2026-06-02T17:19:58.117728,$GPGSV,32,,32
2026-06-02T17:19:58.119551,$GLGSV,65,,15
2026-06-02T17:19:58.119551,$GLGSV,66,,38
2026-06-02T17:19:58.119551,$GLGSV,75,,18
2026-06-02T17:19:58.119551,$GLGSV,76,,38
2026-06-02T17:19:58.120145,$GLGSV,81,,39
2026-06-02T17:19:58.120145,$GLGSV,87,,24
2026-06-02T17:19:58.120145,$GLGSV,88,,44
2026-06-02T17:19:58.121031,$GLGSV,66,,40
2026-06-02T17:19:58.121031,$GLGSV,67,,18
2026-06-02T17:19:58.121031,$GLGSV,75,,18
2026-06-02T17:19:58.121031,$GLGSV,76,,37
2026-06-02T17:19:58.121544,$GLGSV,81,,36
2026-06-02T17:19:58.121544,$GLGSV,88,,41
2026-06-02T17:19:58.122625,$GAGSV,04,,33
2026-06-02T17:19:58.122625,$GAGSV,05,,30
2026-06-02T17:19:58.122625,$GAGSV,06,,37
2026-06-02T17:19:58.122625,$GAGSV,09,,38
2026-06-02T17:19:58.123320,$GAGSV,10,,38
2026-06-02T17:19:58.123320,$GAGSV,11,,34
2026-06-02T17:19:58.123320,$GAGSV,12,,33
2026-06-02T17:19:58.123320,$GAGSV,36,,35
2026-06-02T17:19:58.124013,$GAGSV,04,,36
2026-06-02T17:19:58.124013,$GAGSV,05,,34
2026-06-02T17:19:58.124013,$GAGSV,06,,39
2026-06-02T17:19:58.124013,$GAGSV,09,,40
2026-06-02T17:19:58.124707,$GAGSV,10,,40
2026-06-02T17:19:58.124707,$GAGSV,11,,35
2026-06-02T17:19:58.124707,$GAGSV,12,,34
2026-06-02T17:19:58.124707,$GAGSV,28,,31
2026-06-02T17:19:58.125133,$GAGSV,36,,35
2026-06-02T17:19:58.127127,$GBGSV,06,,39
2026-06-02T17:19:58.127127,$GBGSV,07,,40
2026-06-02T17:19:58.127127,$GBGSV,08,,21
2026-06-02T17:19:58.127127,$GBGSV,09,,36
2026-06-02T17:19:58.127894,$GBGSV,10,,40
2026-06-02T17:19:58.127894,$GBGSV,13,,40
2026-06-02T17:19:58.127894,$GBGSV,14,,38
2026-06-02T17:19:58.127894,$GBGSV,34,,39
2026-06-02T17:19:58.128397,$GBGSV,09,,34
2026-06-02T17:19:58.128397,$GBGSV,10,,35
2026-06-02T17:19:59.114254,$GPGSV,10,,32
2026-06-02T17:19:59.114254,$GPGSV,18,,42
2026-06-02T17:19:59.114254,$GPGSV,23,,39
2026-06-02T17:19:59.114254,$GPGSV,24,,40
2026-06-02T17:19:59.114997,$GPGSV,28,,19
2026-06-02T17:19:59.114997,$GPGSV,29,,18
2026-06-02T17:19:59.114997,$GPGSV,32,,39
2026-06-02T17:19:59.114997,$GPGSV,41,,42
2026-06-02T17:19:59.115521,$GPGSV,42,,40
2026-06-02T17:19:59.115521,$GPGSV,50,,36
2026-06-02T17:19:59.116232,$GPGSV,10,,27
2026-06-02T17:19:59.116232,$GPGSV,18,,42
2026-06-02T17:19:59.116232,$GPGSV,23,,37
2026-06-02T17:19:59.116232,$GPGSV,24,,35
2026-06-02T17:19:59.116725,$GPGSV,29,,16
2026-06-02T17:19:59.116725,$GPGSV,32,,32
2026-06-02T17:19:59.118561,$GLGSV,65,,16
2026-06-02T17:19:59.118561,$GLGSV,66,,36
2026-06-02T17:19:59.118561,$GLGSV,75,,17
2026-06-02T17:19:59.118561,$GLGSV,76,,36
2026-06-02T17:19:59.119151,$GLGSV,81,,36
2026-06-02T17:19:59.119151,$GLGSV,87,,22
2026-06-02T17:19:59.119151,$GLGSV,88,,41
2026-06-02T17:19:59.119860,$GLGSV,66,,38
2026-06-02T17:19:59.119860,$GLGSV,67,,19
2026-06-02T17:19:59.119860,$GLGSV,75,,17
2026-06-02T17:19:59.119860,$GLGSV,76,,33
2026-06-02T17:19:59.120350,$GLGSV,81,,36
2026-06-02T17:19:59.120350,$GLGSV,88,,41
2026-06-02T17:19:59.121599,$GAGSV,04,,33
2026-06-02T17:19:59.121599,$GAGSV,05,,31
2026-06-02T17:19:59.121599,$GAGSV,06,,38
2026-06-02T17:19:59.121599,$GAGSV,09,,37
2026-06-02T17:19:59.122317,$GAGSV,10,,38
2026-06-02T17:19:59.122317,$GAGSV,11,,35
2026-06-02T17:19:59.122317,$GAGSV,12,,33
2026-06-02T17:19:59.122317,$GAGSV,36,,34
2026-06-02T17:19:59.123144,$GAGSV,04,,36
2026-06-02T17:19:59.123144,$GAGSV,05,,32
2026-06-02T17:19:59.123144,$GAGSV,06,,39
2026-06-02T17:19:59.123144,$GAGSV,09,,41
2026-06-02T17:19:59.123853,$GAGSV,10,,40
2026-06-02T17:19:59.123853,$GAGSV,11,,36
2026-06-02T17:19:59.123853,$GAGSV,12,,34
2026-06-02T17:19:59.123853,$GAGSV,28,,32
2026-06-02T17:19:59.124249,$GAGSV,36,,35
2026-06-02T17:19:59.125724,$GBGSV,06,,39
2026-06-02T17:19:59.125724,$GBGSV,07,,41
2026-06-02T17:19:59.125724,$GBGSV,08,,23
2026-06-02T17:19:59.125724,$GBGSV,09,,36
2026-06-02T17:19:59.126871,$GBGSV,10,,40
2026-06-02T17:19:59.126871,$GBGSV,13,,40
2026-06-02T17:19:59.126871,$GBGSV,14,,37
2026-06-02T17:19:59.126871,$GBGSV,34,,39
2026-06-02T17:19:59.127603,$GBGSV,09,,34
2026-06-02T17:19:59.127603,$GBGSV,10,,35
2026-06-02T17:20:00.124529,$GPGSV,10,,26
2026-06-02T17:20:00.124529,$GPGSV,18,,42
2026-06-02T17:20:00.124529,$GPGSV,23,,39
2026-06-02T17:20:00.124529,$GPGSV,24,,40
2026-06-02T17:20:00.127027,$GPGSV,28,,18
2026-06-02T17:20:00.127027,$GPGSV,29,,20
2026-06-02T17:20:00.127027,$GPGSV,32,,39
2026-06-02T17:20:00.127027,$GPGSV,41,,42
2026-06-02T17:20:00.128692,$GPGSV,42,,41
2026-06-02T17:20:00.128692,$GPGSV,50,,37
2026-06-02T17:20:00.130112,$GPGSV,10,,27
2026-06-02T17:20:00.130112,$GPGSV,18,,41
2026-06-02T17:20:00.130112,$GPGSV,23,,36
2026-06-02T17:20:00.130112,$GPGSV,24,,35
2026-06-02T17:20:00.130662,$GPGSV,29,,18
2026-06-02T17:20:00.130662,$GPGSV,32,,33
2026-06-02T17:20:00.132502,$GLGSV,65,,18
2026-06-02T17:20:00.132502,$GLGSV,66,,37
2026-06-02T17:20:00.132502,$GLGSV,75,,14
2026-06-02T17:20:00.132502,$GLGSV,76,,37
2026-06-02T17:20:00.133089,$GLGSV,81,,36
2026-06-02T17:20:00.133089,$GLGSV,87,,21
2026-06-02T17:20:00.133089,$GLGSV,88,,42
2026-06-02T17:20:00.133934,$GLGSV,66,,36
2026-06-02T17:20:00.133934,$GLGSV,67,,19
2026-06-02T17:20:00.133934,$GLGSV,75,,16
2026-06-02T17:20:00.133934,$GLGSV,76,,35
2026-06-02T17:20:00.134427,$GLGSV,81,,34
2026-06-02T17:20:00.134427,$GLGSV,88,,39
2026-06-02T17:20:00.135485,$GAGSV,04,,34
2026-06-02T17:20:00.135485,$GAGSV,05,,31
2026-06-02T17:20:00.135485,$GAGSV,06,,38
2026-06-02T17:20:00.135485,$GAGSV,09,,37
2026-06-02T17:20:00.136200,$GAGSV,10,,38
2026-06-02T17:20:00.136200,$GAGSV,11,,35
2026-06-02T17:20:00.136200,$GAGSV,12,,33
2026-06-02T17:20:00.136200,$GAGSV,36,,34
2026-06-02T17:20:00.137012,$GAGSV,04,,38
2026-06-02T17:20:00.137012,$GAGSV,05,,31
2026-06-02T17:20:00.137012,$GAGSV,06,,38
2026-06-02T17:20:00.137012,$GAGSV,09,,40
2026-06-02T17:20:00.137730,$GAGSV,10,,40
2026-06-02T17:20:00.137730,$GAGSV,11,,36
2026-06-02T17:20:00.137730,$GAGSV,12,,34
2026-06-02T17:20:00.137730,$GAGSV,28,,33
2026-06-02T17:20:00.138086,$GAGSV,36,,36
2026-06-02T17:20:00.139215,$GBGSV,06,,39
2026-06-02T17:20:00.139215,$GBGSV,07,,41
2026-06-02T17:20:00.139215,$GBGSV,08,,23
2026-06-02T17:20:00.139215,$GBGSV,09,,37
2026-06-02T17:20:00.139820,$GBGSV,10,,40
2026-06-02T17:20:00.139820,$GBGSV,13,,39
2026-06-02T17:20:00.139820,$GBGSV,14,,37
2026-06-02T17:20:00.139820,$GBGSV,34,,38
2026-06-02T17:20:00.140267,$GBGSV,09,,33
2026-06-02T17:20:00.140267,$GBGSV,10,,35
2026-06-02T17:20:01.116016,$GPGSV,10,,28
2026-06-02T17:20:01.116016,$GPGSV,18,,42
2026-06-02T17:20:01.116016,$GPGSV,23,,39
2026-06-02T17:20:01.116016,$GPGSV,24,,39
2026-06-02T17:20:01.116747,$GPGSV,28,,18
2026-06-02T17:20:01.116747,$GPGSV,29,,22
2026-06-02T17:20:01.116747,$GPGSV,32,,38
2026-06-02T17:20:01.116747,$GPGSV,41,,42
2026-06-02T17:20:01.117284,$GPGSV,42,,41
2026-06-02T17:20:01.117284,$GPGSV,50,,37
2026-06-02T17:20:01.118061,$GPGSV,10,,26
2026-06-02T17:20:01.118061,$GPGSV,18,,41
2026-06-02T17:20:01.118061,$GPGSV,23,,36
2026-06-02T17:20:01.118061,$GPGSV,24,,36
2026-06-02T17:20:01.118581,$GPGSV,29,,18
2026-06-02T17:20:01.118581,$GPGSV,32,,33
2026-06-02T17:20:01.120620,$GLGSV,65,,17
2026-06-02T17:20:01.120620,$GLGSV,66,,37
2026-06-02T17:20:01.120620,$GLGSV,75,,12
2026-06-02T17:20:01.120620,$GLGSV,76,,35
2026-06-02T17:20:01.121359,$GLGSV,81,,32
2026-06-02T17:20:01.121359,$GLGSV,87,,21
2026-06-02T17:20:01.121359,$GLGSV,88,,42
2026-06-02T17:20:01.122067,$GLGSV,66,,36
2026-06-02T17:20:01.122067,$GLGSV,67,,20
2026-06-02T17:20:01.122067,$GLGSV,75,,17
2026-06-02T17:20:01.122067,$GLGSV,76,,37
2026-06-02T17:20:01.122580,$GLGSV,81,,37
2026-06-02T17:20:01.122580,$GLGSV,88,,40
2026-06-02T17:20:01.123732,$GAGSV,04,,34
2026-06-02T17:20:01.123732,$GAGSV,05,,31
2026-06-02T17:20:01.123732,$GAGSV,06,,38
2026-06-02T17:20:01.123732,$GAGSV,09,,37
2026-06-02T17:20:01.124405,$GAGSV,10,,38
2026-06-02T17:20:01.124405,$GAGSV,11,,35
2026-06-02T17:20:01.124405,$GAGSV,12,,33
2026-06-02T17:20:01.124405,$GAGSV,36,,33
2026-06-02T17:20:01.125064,$GAGSV,04,,38
2026-06-02T17:20:01.125064,$GAGSV,05,,31
2026-06-02T17:20:01.125064,$GAGSV,06,,38
2026-06-02T17:20:01.125064,$GAGSV,09,,40
2026-06-02T17:20:01.125802,$GAGSV,10,,40
2026-06-02T17:20:01.125802,$GAGSV,11,,37
2026-06-02T17:20:01.125802,$GAGSV,12,,34
2026-06-02T17:20:01.125802,$GAGSV,28,,33
2026-06-02T17:20:01.126195,$GAGSV,36,,35
2026-06-02T17:20:01.127482,$GBGSV,06,,40
2026-06-02T17:20:01.127482,$GBGSV,07,,41
2026-06-02T17:20:01.127482,$GBGSV,08,,22
2026-06-02T17:20:01.127482,$GBGSV,09,,37
2026-06-02T17:20:01.128162,$GBGSV,10,,40
2026-06-02T17:20:01.128162,$GBGSV,13,,40
2026-06-02T17:20:01.128162,$GBGSV,14,,38
2026-06-02T17:20:01.128162,$GBGSV,34,,39
2026-06-02T17:20:01.128739,$GBGSV,09,,32
2026-06-02T17:20:01.128739,$GBGSV,10,,35
2026-06-02T17:20:02.121464,$GPGSV,10,,27
2026-06-02T17:20:02.121464,$GPGSV,18,,42
2026-06-02T17:20:02.121464,$GPGSV,23,,38
2026-06-02T17:20:02.121464,$GPGSV,24,,37
2026-06-02T17:20:02.123839,$GPGSV,28,,17
2026-06-02T17:20:02.123839,$GPGSV,29,,23
2026-06-02T17:20:02.123839,$GPGSV,32,,38
2026-06-02T17:20:02.123839,$GPGSV,41,,41
2026-06-02T17:20:02.125549,$GPGSV,42,,41
2026-06-02T17:20:02.125549,$GPGSV,50,,37
2026-06-02T17:20:02.127863,$GPGSV,10,,25
2026-06-02T17:20:02.127863,$GPGSV,18,,42
2026-06-02T17:20:02.127863,$GPGSV,23,,37
2026-06-02T17:20:02.127863,$GPGSV,24,,35
2026-06-02T17:20:02.129506,$GPGSV,29,,16
2026-06-02T17:20:02.129506,$GPGSV,32,,34
2026-06-02T17:20:02.135556,$GLGSV,65,,17
2026-06-02T17:20:02.135556,$GLGSV,66,,37
2026-06-02T17:20:02.135556,$GLGSV,75,,11
2026-06-02T17:20:02.135556,$GLGSV,76,,36
2026-06-02T17:20:02.137498,$GLGSV,81,,32
2026-06-02T17:20:02.137498,$GLGSV,87,,23
2026-06-02T17:20:02.137498,$GLGSV,88,,41
2026-06-02T17:20:02.138981,$GLGSV,66,,35
2026-06-02T17:20:02.138981,$GLGSV,67,,19
2026-06-02T17:20:02.138981,$GLGSV,75,,16
2026-06-02T17:20:02.138981,$GLGSV,76,,36
2026-06-02T17:20:02.140025,$GLGSV,81,,31
2026-06-02T17:20:02.140025,$GLGSV,88,,40
2026-06-02T17:20:02.141955,$GAGSV,04,,35
2026-06-02T17:20:02.141955,$GAGSV,05,,30
2026-06-02T17:20:02.141955,$GAGSV,06,,39
2026-06-02T17:20:02.141955,$GAGSV,09,,37
2026-06-02T17:20:02.142533,$GAGSV,10,,39
2026-06-02T17:20:02.142533,$GAGSV,11,,36
2026-06-02T17:20:02.142533,$GAGSV,12,,34
2026-06-02T17:20:02.142533,$GAGSV,36,,33
2026-06-02T17:20:02.143132,$GAGSV,04,,38
2026-06-02T17:20:02.143132,$GAGSV,05,,32
2026-06-02T17:20:02.143132,$GAGSV,06,,39
2026-06-02T17:20:02.143132,$GAGSV,09,,40
2026-06-02T17:20:02.143772,$GAGSV,10,,40
2026-06-02T17:20:02.143772,$GAGSV,11,,37
2026-06-02T17:20:02.143772,$GAGSV,12,,34
2026-06-02T17:20:02.143772,$GAGSV,28,,33
2026-06-02T17:20:02.144131,$GAGSV,36,,34
2026-06-02T17:20:02.145321,$GBGSV,06,,40
2026-06-02T17:20:02.145321,$GBGSV,07,,41
2026-06-02T17:20:02.145321,$GBGSV,08,,22
2026-06-02T17:20:02.145321,$GBGSV,09,,37
2026-06-02T17:20:02.145909,$GBGSV,10,,40
2026-06-02T17:20:02.145909,$GBGSV,13,,39
2026-06-02T17:20:02.145909,$GBGSV,14,,40
2026-06-02T17:20:02.145909,$GBGSV,34,,39
2026-06-02T17:20:02.146331,$GBGSV,09,,32
2026-06-02T17:20:02.146331,$GBGSV,10,,36
2026-06-02T17:20:03.127103,$GPGSV,10,,27
2026-06-02T17:20:03.127103,$GPGSV,18,,42
2026-06-02T17:20:03.127103,$GPGSV,23,,37
2026-06-02T17:20:03.127103,$GPGSV,24,,37
2026-06-02T17:20:03.129435,$GPGSV,28,,19
2026-06-02T17:20:03.129435,$GPGSV,29,,22
2026-06-02T17:20:03.129435,$GPGSV,32,,39
2026-06-02T17:20:03.129435,$GPGSV,41,,42
2026-06-02T17:20:03.131214,$GPGSV,42,,39
2026-06-02T17:20:03.131214,$GPGSV,50,,37
2026-06-02T17:20:03.132179,$GPGSV,10,,23
2026-06-02T17:20:03.132179,$GPGSV,18,,42
2026-06-02T17:20:03.132179,$GPGSV,23,,36
2026-06-02T17:20:03.132179,$GPGSV,24,,34
2026-06-02T17:20:03.132642,$GPGSV,29,,11
2026-06-02T17:20:03.132642,$GPGSV,32,,34
2026-06-02T17:20:03.134385,$GLGSV,65,,18
2026-06-02T17:20:03.134385,$GLGSV,66,,35
2026-06-02T17:20:03.134385,$GLGSV,75,,10
2026-06-02T17:20:03.134385,$GLGSV,76,,36
2026-06-02T17:20:03.134946,$GLGSV,81,,31
2026-06-02T17:20:03.134946,$GLGSV,87,,25
2026-06-02T17:20:03.134946,$GLGSV,88,,42
2026-06-02T17:20:03.135604,$GLGSV,66,,36
2026-06-02T17:20:03.135604,$GLGSV,67,,18
2026-06-02T17:20:03.135604,$GLGSV,75,,18
2026-06-02T17:20:03.135604,$GLGSV,76,,36
2026-06-02T17:20:03.136061,$GLGSV,81,,31
2026-06-02T17:20:03.136061,$GLGSV,88,,40
2026-06-02T17:20:03.137043,$GAGSV,04,,35
2026-06-02T17:20:03.137043,$GAGSV,05,,29
2026-06-02T17:20:03.137043,$GAGSV,06,,39
2026-06-02T17:20:03.137043,$GAGSV,09,,37
2026-06-02T17:20:03.137711,$GAGSV,10,,39
2026-06-02T17:20:03.137711,$GAGSV,11,,35
2026-06-02T17:20:03.137711,$GAGSV,12,,33
2026-06-02T17:20:03.137711,$GAGSV,36,,32
2026-06-02T17:20:03.138326,$GAGSV,04,,37
2026-06-02T17:20:03.138326,$GAGSV,05,,33
2026-06-02T17:20:03.138326,$GAGSV,06,,40
2026-06-02T17:20:03.138326,$GAGSV,09,,40
2026-06-02T17:20:03.138919,$GAGSV,10,,40
2026-06-02T17:20:03.138919,$GAGSV,11,,37
2026-06-02T17:20:03.138919,$GAGSV,12,,34
2026-06-02T17:20:03.138919,$GAGSV,28,,32
2026-06-02T17:20:03.139253,$GAGSV,36,,33
2026-06-02T17:20:03.140307,$GBGSV,06,,39
2026-06-02T17:20:03.140307,$GBGSV,07,,41
2026-06-02T17:20:03.140307,$GBGSV,08,,20
2026-06-02T17:20:03.140307,$GBGSV,09,,34
2026-06-02T17:20:03.140915,$GBGSV,10,,40
2026-06-02T17:20:03.140915,$GBGSV,13,,38
2026-06-02T17:20:03.140915,$GBGSV,14,,38
2026-06-02T17:20:03.140915,$GBGSV,34,,39
2026-06-02T17:20:03.141342,$GBGSV,09,,33
2026-06-02T17:20:03.141342,$GBGSV,10,,36
2026-06-02T17:20:04.125666,$GPGSV,10,,26
2026-06-02T17:20:04.125666,$GPGSV,18,,42
2026-06-02T17:20:04.125666,$GPGSV,23,,38
2026-06-02T17:20:04.125666,$GPGSV,24,,37
2026-06-02T17:20:04.127899,$GPGSV,28,,20
2026-06-02T17:20:04.127899,$GPGSV,29,,20
2026-06-02T17:20:04.127899,$GPGSV,32,,38
2026-06-02T17:20:04.127899,$GPGSV,41,,41
2026-06-02T17:20:04.129456,$GPGSV,42,,41
2026-06-02T17:20:04.129456,$GPGSV,50,,37
2026-06-02T17:20:04.131660,$GPGSV,10,,22
2026-06-02T17:20:04.131660,$GPGSV,18,,41
2026-06-02T17:20:04.131660,$GPGSV,23,,36
2026-06-02T17:20:04.131660,$GPGSV,24,,34
2026-06-02T17:20:04.133190,$GPGSV,29,,10
2026-06-02T17:20:04.133190,$GPGSV,32,,33
2026-06-02T17:20:04.138864,$GLGSV,65,,17
2026-06-02T17:20:04.138864,$GLGSV,66,,33
2026-06-02T17:20:04.138864,$GLGSV,75,,12
2026-06-02T17:20:04.138864,$GLGSV,76,,37
2026-06-02T17:20:04.140690,$GLGSV,81,,25
2026-06-02T17:20:04.140690,$GLGSV,87,,25
2026-06-02T17:20:04.140690,$GLGSV,88,,42
2026-06-02T17:20:04.142718,$GLGSV,66,,34
2026-06-02T17:20:04.142718,$GLGSV,67,,19
2026-06-02T17:20:04.142718,$GLGSV,75,,18
2026-06-02T17:20:04.142718,$GLGSV,76,,36
2026-06-02T17:20:04.143722,$GLGSV,81,,30
2026-06-02T17:20:04.143722,$GLGSV,88,,40
2026-06-02T17:20:04.145671,$GAGSV,04,,35
2026-06-02T17:20:04.145671,$GAGSV,05,,29
2026-06-02T17:20:04.145671,$GAGSV,06,,39
2026-06-02T17:20:04.145671,$GAGSV,09,,37
2026-06-02T17:20:04.146269,$GAGSV,10,,39
2026-06-02T17:20:04.146269,$GAGSV,11,,36
2026-06-02T17:20:04.146269,$GAGSV,12,,33
2026-06-02T17:20:04.146269,$GAGSV,36,,30
2026-06-02T17:20:04.146864,$GAGSV,04,,38
2026-06-02T17:20:04.146864,$GAGSV,05,,34
2026-06-02T17:20:04.146864,$GAGSV,06,,39
2026-06-02T17:20:04.146864,$GAGSV,09,,41
2026-06-02T17:20:04.147464,$GAGSV,10,,40
2026-06-02T17:20:04.147464,$GAGSV,11,,37
2026-06-02T17:20:04.147464,$GAGSV,12,,34
2026-06-02T17:20:04.147464,$GAGSV,28,,32
2026-06-02T17:20:04.147801,$GAGSV,36,,32
2026-06-02T17:20:04.148877,$GBGSV,06,,39
2026-06-02T17:20:04.148877,$GBGSV,07,,41
2026-06-02T17:20:04.148877,$GBGSV,08,,24
2026-06-02T17:20:04.148877,$GBGSV,09,,35
2026-06-02T17:20:04.149492,$GBGSV,10,,40
2026-06-02T17:20:04.149492,$GBGSV,13,,38
2026-06-02T17:20:04.149492,$GBGSV,14,,39
2026-06-02T17:20:04.149492,$GBGSV,34,,39
2026-06-02T17:20:04.149906,$GBGSV,09,,33
2026-06-02T17:20:04.149906,$GBGSV,10,,37
2026-06-02T17:20:05.108526,$GPGSV,10,,25
2026-06-02T17:20:05.108526,$GPGSV,18,,42
2026-06-02T17:20:05.108526,$GPGSV,23,,37
2026-06-02T17:20:05.108526,$GPGSV,24,,39
2026-06-02T17:20:05.109276,$GPGSV,28,,21
2026-06-02T17:20:05.109276,$GPGSV,29,,18
2026-06-02T17:20:05.109276,$GPGSV,32,,38
2026-06-02T17:20:05.109276,$GPGSV,41,,42
2026-06-02T17:20:05.109815,$GPGSV,42,,41
2026-06-02T17:20:05.109815,$GPGSV,50,,37
2026-06-02T17:20:05.110531,$GPGSV,10,,20
2026-06-02T17:20:05.110531,$GPGSV,18,,41
2026-06-02T17:20:05.110531,$GPGSV,23,,36
2026-06-02T17:20:05.110531,$GPGSV,24,,34
2026-06-02T17:20:05.111046,$GPGSV,29,,10
2026-06-02T17:20:05.111046,$GPGSV,32,,33
2026-06-02T17:20:05.112946,$GLGSV,65,,17
2026-06-02T17:20:05.112946,$GLGSV,66,,32
2026-06-02T17:20:05.112946,$GLGSV,75,,13
2026-06-02T17:20:05.112946,$GLGSV,76,,37
2026-06-02T17:20:05.113537,$GLGSV,81,,20
2026-06-02T17:20:05.113537,$GLGSV,87,,23
2026-06-02T17:20:05.113537,$GLGSV,88,,42
2026-06-02T17:20:05.114432,$GLGSV,66,,29
2026-06-02T17:20:05.114432,$GLGSV,67,,18
2026-06-02T17:20:05.114432,$GLGSV,75,,17
2026-06-02T17:20:05.114432,$GLGSV,76,,36
2026-06-02T17:20:05.114941,$GLGSV,81,,30
2026-06-02T17:20:05.114941,$GLGSV,88,,41
2026-06-02T17:20:05.116164,$GAGSV,04,,35
2026-06-02T17:20:05.116164,$GAGSV,05,,29
2026-06-02T17:20:05.116164,$GAGSV,06,,38
2026-06-02T17:20:05.116164,$GAGSV,09,,37
2026-06-02T17:20:05.116881,$GAGSV,10,,39
2026-06-02T17:20:05.116881,$GAGSV,11,,35
2026-06-02T17:20:05.116881,$GAGSV,12,,34
2026-06-02T17:20:05.116881,$GAGSV,36,,29
2026-06-02T17:20:05.117579,$GAGSV,04,,37
2026-06-02T17:20:05.117579,$GAGSV,05,,33
2026-06-02T17:20:05.117579,$GAGSV,06,,39
2026-06-02T17:20:05.117579,$GAGSV,09,,40
2026-06-02T17:20:05.118352,$GAGSV,10,,40
2026-06-02T17:20:05.118352,$GAGSV,11,,37
2026-06-02T17:20:05.118352,$GAGSV,12,,34
2026-06-02T17:20:05.118352,$GAGSV,28,,31
2026-06-02T17:20:05.118939,$GAGSV,36,,31
2026-06-02T17:20:05.120890,$GBGSV,06,,39
2026-06-02T17:20:05.120890,$GBGSV,07,,41
2026-06-02T17:20:05.120890,$GBGSV,08,,25
2026-06-02T17:20:05.120890,$GBGSV,09,,36
2026-06-02T17:20:05.121781,$GBGSV,10,,40
2026-06-02T17:20:05.121781,$GBGSV,13,,38
2026-06-02T17:20:05.121781,$GBGSV,14,,39
2026-06-02T17:20:05.121781,$GBGSV,34,,39
2026-06-02T17:20:05.122372,$GBGSV,09,,33
2026-06-02T17:20:05.122372,$GBGSV,10,,36
2026-06-02T17:20:06.114474,$GPGSV,10,,23
2026-06-02T17:20:06.114474,$GPGSV,18,,43
2026-06-02T17:20:06.114474,$GPGSV,23,,37
2026-06-02T17:20:06.114474,$GPGSV,24,,39
2026-06-02T17:20:06.115181,$GPGSV,28,,20
2026-06-02T17:20:06.115181,$GPGSV,29,,20
2026-06-02T17:20:06.115181,$GPGSV,32,,37
2026-06-02T17:20:06.115181,$GPGSV,41,,41
2026-06-02T17:20:06.115676,$GPGSV,42,,41
2026-06-02T17:20:06.115676,$GPGSV,50,,36
2026-06-02T17:20:06.116359,$GPGSV,10,,18
2026-06-02T17:20:06.116359,$GPGSV,18,,41
2026-06-02T17:20:06.116359,$GPGSV,23,,36
2026-06-02T17:20:06.116359,$GPGSV,24,,34
2026-06-02T17:20:06.116850,$GPGSV,29,,13
2026-06-02T17:20:06.116850,$GPGSV,32,,34
2026-06-02T17:20:06.118648,$GLGSV,65,,15
2026-06-02T17:20:06.118648,$GLGSV,66,,31
2026-06-02T17:20:06.118648,$GLGSV,75,,13
2026-06-02T17:20:06.118648,$GLGSV,76,,38
2026-06-02T17:20:06.119230,$GLGSV,81,,28
2026-06-02T17:20:06.119230,$GLGSV,87,,22
2026-06-02T17:20:06.119230,$GLGSV,88,,41
2026-06-02T17:20:06.119924,$GLGSV,66,,29
2026-06-02T17:20:06.119924,$GLGSV,67,,19
2026-06-02T17:20:06.119924,$GLGSV,75,,17
2026-06-02T17:20:06.119924,$GLGSV,76,,36
2026-06-02T17:20:06.120667,$GLGSV,81,,30
2026-06-02T17:20:06.120667,$GLGSV,88,,41
2026-06-02T17:20:06.122386,$GAGSV,04,,35
2026-06-02T17:20:06.122386,$GAGSV,05,,29
2026-06-02T17:20:06.122386,$GAGSV,06,,39
2026-06-02T17:20:06.122386,$GAGSV,09,,38
2026-06-02T17:20:06.123139,$GAGSV,10,,38
2026-06-02T17:20:06.123139,$GAGSV,11,,35
2026-06-02T17:20:06.123139,$GAGSV,12,,34
2026-06-02T17:20:06.123139,$GAGSV,36,,28
2026-06-02T17:20:06.123790,$GAGSV,04,,36
2026-06-02T17:20:06.123790,$GAGSV,05,,32
2026-06-02T17:20:06.123790,$GAGSV,06,,39
2026-06-02T17:20:06.123790,$GAGSV,09,,41
2026-06-02T17:20:06.124499,$GAGSV,10,,40
2026-06-02T17:20:06.124499,$GAGSV,11,,37
2026-06-02T17:20:06.124499,$GAGSV,12,,34
2026-06-02T17:20:06.124499,$GAGSV,28,,30
2026-06-02T17:20:06.124880,$GAGSV,36,,30
2026-06-02T17:20:06.125995,$GBGSV,06,,39
2026-06-02T17:20:06.125995,$GBGSV,07,,41
2026-06-02T17:20:06.125995,$GBGSV,08,,26
2026-06-02T17:20:06.125995,$GBGSV,09,,37
2026-06-02T17:20:06.126608,$GBGSV,10,,40
2026-06-02T17:20:06.126608,$GBGSV,13,,37
2026-06-02T17:20:06.126608,$GBGSV,14,,37
2026-06-02T17:20:06.126608,$GBGSV,34,,39
2026-06-02T17:20:06.127035,$GBGSV,09,,33
2026-06-02T17:20:06.127035,$GBGSV,10,,36
2026-06-02T17:20:07.123716,$GPGSV,10,,24
2026-06-02T17:20:07.123716,$GPGSV,18,,42
2026-06-02T17:20:07.123716,$GPGSV,23,,39
2026-06-02T17:20:07.123716,$GPGSV,24,,38
2026-06-02T17:20:07.126322,$GPGSV,28,,17
2026-06-02T17:20:07.126322,$GPGSV,29,,20
2026-06-02T17:20:07.126322,$GPGSV,32,,37
2026-06-02T17:20:07.126322,$GPGSV,41,,41
2026-06-02T17:20:07.128525,$GPGSV,42,,41
2026-06-02T17:20:07.128525,$GPGSV,50,,36
2026-06-02T17:20:07.130915,$GPGSV,10,,18
2026-06-02T17:20:07.130915,$GPGSV,18,,41
2026-06-02T17:20:07.130915,$GPGSV,23,,36
2026-06-02T17:20:07.130915,$GPGSV,24,,35
2026-06-02T17:20:07.132468,$GPGSV,29,,15
2026-06-02T17:20:07.132468,$GPGSV,32,,33
2026-06-02T17:20:07.138238,$GLGSV,65,,12
2026-06-02T17:20:07.138238,$GLGSV,66,,30
2026-06-02T17:20:07.138238,$GLGSV,75,,15
2026-06-02T17:20:07.138238,$GLGSV,76,,36
2026-06-02T17:20:07.140410,$GLGSV,81,,27
2026-06-02T17:20:07.140410,$GLGSV,87,,20
2026-06-02T17:20:07.140410,$GLGSV,88,,41
2026-06-02T17:20:07.142946,$GLGSV,66,,31
2026-06-02T17:20:07.142946,$GLGSV,67,,20
2026-06-02T17:20:07.142946,$GLGSV,75,,15
2026-06-02T17:20:07.142946,$GLGSV,76,,36
2026-06-02T17:20:07.144308,$GLGSV,81,,24
2026-06-02T17:20:07.144308,$GLGSV,88,,41
2026-06-02T17:20:07.147514,$GAGSV,04,,36
2026-06-02T17:20:07.147514,$GAGSV,05,,29
2026-06-02T17:20:07.147514,$GAGSV,06,,39
2026-06-02T17:20:07.147514,$GAGSV,09,,38
2026-06-02T17:20:07.148993,$GAGSV,10,,39
2026-06-02T17:20:07.148993,$GAGSV,11,,35
2026-06-02T17:20:07.148993,$GAGSV,12,,33
2026-06-02T17:20:07.148993,$GAGSV,36,,28
2026-06-02T17:20:07.150519,$GAGSV,04,,36
2026-06-02T17:20:07.150519,$GAGSV,05,,28
2026-06-02T17:20:07.150519,$GAGSV,06,,39
2026-06-02T17:20:07.150519,$GAGSV,09,,42
2026-06-02T17:20:07.152115,$GAGSV,10,,39
2026-06-02T17:20:07.152115,$GAGSV,11,,37
2026-06-02T17:20:07.152115,$GAGSV,12,,34
2026-06-02T17:20:07.152115,$GAGSV,28,,31
2026-06-02T17:20:07.152889,$GAGSV,36,,28
2026-06-02T17:20:07.155388,$GBGSV,06,,39
2026-06-02T17:20:07.155388,$GBGSV,07,,42
2026-06-02T17:20:07.155388,$GBGSV,08,,25
2026-06-02T17:20:07.155388,$GBGSV,09,,36
2026-06-02T17:20:07.156520,$GBGSV,10,,40
2026-06-02T17:20:07.156520,$GBGSV,13,,37
2026-06-02T17:20:07.156520,$GBGSV,14,,36
2026-06-02T17:20:07.156520,$GBGSV,34,,40
2026-06-02T17:20:07.157098,$GBGSV,09,,34
2026-06-02T17:20:07.157098,$GBGSV,10,,36
2026-06-02T17:20:08.113530,$GPGSV,10,,22
2026-06-02T17:20:08.113530,$GPGSV,18,,42
2026-06-02T17:20:08.113530,$GPGSV,23,,40
2026-06-02T17:20:08.113530,$GPGSV,24,,38
2026-06-02T17:20:08.114769,$GPGSV,28,,17
2026-06-02T17:20:08.114769,$GPGSV,29,,20
2026-06-02T17:20:08.114769,$GPGSV,32,,40
2026-06-02T17:20:08.114769,$GPGSV,41,,42
2026-06-02T17:20:08.115336,$GPGSV,42,,39
2026-06-02T17:20:08.115336,$GPGSV,50,,37
2026-06-02T17:20:08.116063,$GPGSV,10,,19
2026-06-02T17:20:08.116063,$GPGSV,18,,42
2026-06-02T17:20:08.116063,$GPGSV,23,,37
2026-06-02T17:20:08.116063,$GPGSV,24,,35
2026-06-02T17:20:08.116586,$GPGSV,29,,15
2026-06-02T17:20:08.116586,$GPGSV,32,,32
2026-06-02T17:20:08.118507,$GLGSV,65,,13
2026-06-02T17:20:08.118507,$GLGSV,66,,29
2026-06-02T17:20:08.118507,$GLGSV,75,,15
2026-06-02T17:20:08.118507,$GLGSV,76,,36
2026-06-02T17:20:08.119522,$GLGSV,81,,27
2026-06-02T17:20:08.119522,$GLGSV,87,,19
2026-06-02T17:20:08.119522,$GLGSV,88,,42
2026-06-02T17:20:08.120294,$GLGSV,66,,29
2026-06-02T17:20:08.120294,$GLGSV,67,,20
2026-06-02T17:20:08.120294,$GLGSV,75,,14
2026-06-02T17:20:08.120294,$GLGSV,76,,34
2026-06-02T17:20:08.121071,$GLGSV,81,,26
2026-06-02T17:20:08.121071,$GLGSV,88,,41
2026-06-02T17:20:08.122811,$GAGSV,04,,36
2026-06-02T17:20:08.122811,$GAGSV,05,,28
2026-06-02T17:20:08.122811,$GAGSV,06,,39
2026-06-02T17:20:08.122811,$GAGSV,09,,37
2026-06-02T17:20:08.123567,$GAGSV,10,,39
2026-06-02T17:20:08.123567,$GAGSV,11,,35
2026-06-02T17:20:08.123567,$GAGSV,12,,33
2026-06-02T17:20:08.123567,$GAGSV,36,,26
2026-06-02T17:20:08.124297,$GAGSV,04,,36
2026-06-02T17:20:08.124297,$GAGSV,05,,31
2026-06-02T17:20:08.124297,$GAGSV,06,,39
2026-06-02T17:20:08.124297,$GAGSV,09,,41
2026-06-02T17:20:08.125051,$GAGSV,10,,40
2026-06-02T17:20:08.125051,$GAGSV,11,,37
2026-06-02T17:20:08.125051,$GAGSV,12,,33
2026-06-02T17:20:08.125051,$GAGSV,28,,31
2026-06-02T17:20:08.125748,$GAGSV,36,,26
2026-06-02T17:20:08.127029,$GBGSV,06,,39
2026-06-02T17:20:08.127029,$GBGSV,07,,42
2026-06-02T17:20:08.127029,$GBGSV,08,,24
2026-06-02T17:20:08.127029,$GBGSV,09,,36
2026-06-02T17:20:08.127750,$GBGSV,10,,40
2026-06-02T17:20:08.127750,$GBGSV,13,,37
2026-06-02T17:20:08.127750,$GBGSV,14,,33
2026-06-02T17:20:08.127750,$GBGSV,34,,40
2026-06-02T17:20:08.128272,$GBGSV,09,,34
2026-06-02T17:20:08.128272,$GBGSV,10,,36
2026-06-02T17:20:09.113188,$GPGSV,10,,23
2026-06-02T17:20:09.113188,$GPGSV,18,,41
2026-06-02T17:20:09.113188,$GPGSV,23,,39
2026-06-02T17:20:09.113188,$GPGSV,24,,38
2026-06-02T17:20:09.114109,$GPGSV,28,,17
2026-06-02T17:20:09.114109,$GPGSV,29,,19
2026-06-02T17:20:09.114109,$GPGSV,32,,38
2026-06-02T17:20:09.114109,$GPGSV,41,,42
2026-06-02T17:20:09.114620,$GPGSV,42,,41
2026-06-02T17:20:09.114620,$GPGSV,50,,37
2026-06-02T17:20:09.115336,$GPGSV,10,,19
2026-06-02T17:20:09.115336,$GPGSV,18,,41
2026-06-02T17:20:09.115336,$GPGSV,23,,37
2026-06-02T17:20:09.115336,$GPGSV,24,,33
2026-06-02T17:20:09.115833,$GPGSV,29,,14
2026-06-02T17:20:09.115833,$GPGSV,32,,32
2026-06-02T17:20:09.117720,$GLGSV,65,,15
2026-06-02T17:20:09.117720,$GLGSV,66,,28
2026-06-02T17:20:09.117720,$GLGSV,75,,14
2026-06-02T17:20:09.117720,$GLGSV,76,,37
2026-06-02T17:20:09.118338,$GLGSV,81,,26
2026-06-02T17:20:09.118338,$GLGSV,87,,23
2026-06-02T17:20:09.118338,$GLGSV,88,,41
2026-06-02T17:20:09.119312,$GLGSV,66,,30
2026-06-02T17:20:09.119312,$GLGSV,67,,20
2026-06-02T17:20:09.119312,$GLGSV,75,,12
2026-06-02T17:20:09.119312,$GLGSV,76,,38
2026-06-02T17:20:09.119841,$GLGSV,81,,28
2026-06-02T17:20:09.119841,$GLGSV,88,,40
2026-06-02T17:20:09.120925,$GAGSV,04,,36
2026-06-02T17:20:09.120925,$GAGSV,05,,27
2026-06-02T17:20:09.120925,$GAGSV,06,,38
2026-06-02T17:20:09.120925,$GAGSV,09,,39
2026-06-02T17:20:09.121715,$GAGSV,10,,38
2026-06-02T17:20:09.121715,$GAGSV,11,,35
2026-06-02T17:20:09.121715,$GAGSV,12,,33
2026-06-02T17:20:09.121715,$GAGSV,36,,25
2026-06-02T17:20:09.122417,$GAGSV,04,,35
2026-06-02T17:20:09.122417,$GAGSV,05,,26
2026-06-02T17:20:09.122417,$GAGSV,06,,39
2026-06-02T17:20:09.122417,$GAGSV,09,,41
2026-06-02T17:20:09.123127,$GAGSV,10,,40
2026-06-02T17:20:09.123127,$GAGSV,11,,36
2026-06-02T17:20:09.123127,$GAGSV,12,,34
2026-06-02T17:20:09.123127,$GAGSV,28,,32
2026-06-02T17:20:09.123521,$GAGSV,36,,24
2026-06-02T17:20:09.124925,$GBGSV,06,,39
2026-06-02T17:20:09.124925,$GBGSV,07,,41
2026-06-02T17:20:09.124925,$GBGSV,08,,22
2026-06-02T17:20:09.124925,$GBGSV,09,,36
2026-06-02T17:20:09.125723,$GBGSV,10,,40
2026-06-02T17:20:09.125723,$GBGSV,13,,38
2026-06-02T17:20:09.125723,$GBGSV,14,,33
2026-06-02T17:20:09.125723,$GBGSV,34,,38
2026-06-02T17:20:09.126248,$GBGSV,09,,34
2026-06-02T17:20:09.126248,$GBGSV,10,,36
2026-06-02T17:20:10.112652,$GPGSV,10,,22
2026-06-02T17:20:10.112652,$GPGSV,18,,41
2026-06-02T17:20:10.112652,$GPGSV,23,,37
2026-06-02T17:20:10.112652,$GPGSV,24,,39
2026-06-02T17:20:10.113392,$GPGSV,28,,18
2026-06-02T17:20:10.113392,$GPGSV,29,,20
2026-06-02T17:20:10.113392,$GPGSV,32,,39
2026-06-02T17:20:10.113392,$GPGSV,41,,43
2026-06-02T17:20:10.113919,$GPGSV,42,,40
2026-06-02T17:20:10.113919,$GPGSV,50,,37
2026-06-02T17:20:10.114638,$GPGSV,10,,17
2026-06-02T17:20:10.114638,$GPGSV,18,,41
2026-06-02T17:20:10.114638,$GPGSV,23,,37
2026-06-02T17:20:10.114638,$GPGSV,24,,33
2026-06-02T17:20:10.115149,$GPGSV,29,,11
2026-06-02T17:20:10.115149,$GPGSV,32,,32
2026-06-02T17:20:10.117058,$GLGSV,65,,19
2026-06-02T17:20:10.117058,$GLGSV,66,,28
2026-06-02T17:20:10.117058,$GLGSV,75,,13
2026-06-02T17:20:10.117058,$GLGSV,76,,36
2026-06-02T17:20:10.117676,$GLGSV,81,,26
2026-06-02T17:20:10.117676,$GLGSV,87,,22
2026-06-02T17:20:10.117676,$GLGSV,88,,41
2026-06-02T17:20:10.118773,$GLGSV,66,,28
2026-06-02T17:20:10.118773,$GLGSV,67,,21
2026-06-02T17:20:10.118773,$GLGSV,75,,14
2026-06-02T17:20:10.118773,$GLGSV,76,,37
2026-06-02T17:20:10.119296,$GLGSV,81,,26
2026-06-02T17:20:10.119296,$GLGSV,88,,40
2026-06-02T17:20:10.120359,$GAGSV,04,,35
2026-06-02T17:20:10.120359,$GAGSV,05,,25
2026-06-02T17:20:10.120359,$GAGSV,06,,37
2026-06-02T17:20:10.120359,$GAGSV,09,,38
2026-06-02T17:20:10.121097,$GAGSV,10,,39
2026-06-02T17:20:10.121097,$GAGSV,11,,35
2026-06-02T17:20:10.121097,$GAGSV,12,,33
2026-06-02T17:20:10.121097,$GAGSV,36,,25
2026-06-02T17:20:10.121930,$GAGSV,04,,35
2026-06-02T17:20:10.121930,$GAGSV,05,,26
2026-06-02T17:20:10.121930,$GAGSV,06,,39
2026-06-02T17:20:10.121930,$GAGSV,09,,40
2026-06-02T17:20:10.122849,$GAGSV,10,,40
2026-06-02T17:20:10.122849,$GAGSV,11,,36
2026-06-02T17:20:10.122849,$GAGSV,12,,34
2026-06-02T17:20:10.122849,$GAGSV,28,,32
2026-06-02T17:20:10.123251,$GAGSV,36,,24
2026-06-02T17:20:10.124483,$GBGSV,06,,39
2026-06-02T17:20:10.124483,$GBGSV,07,,42
2026-06-02T17:20:10.124483,$GBGSV,08,,21
2026-06-02T17:20:10.124483,$GBGSV,09,,37
2026-06-02T17:20:10.125178,$GBGSV,10,,40
2026-06-02T17:20:10.125178,$GBGSV,13,,37
2026-06-02T17:20:10.125178,$GBGSV,14,,32
2026-06-02T17:20:10.125178,$GBGSV,34,,38
2026-06-02T17:20:10.125718,$GBGSV,09,,34
2026-06-02T17:20:10.125718,$GBGSV,10,,35
2026-06-02T17:20:11.111977,$GPGSV,10,,20
2026-06-02T17:20:11.111977,$GPGSV,18,,41
2026-06-02T17:20:11.111977,$GPGSV,23,,37
2026-06-02T17:20:11.111977,$GPGSV,24,,38
2026-06-02T17:20:11.112719,$GPGSV,28,,20
2026-06-02T17:20:11.112719,$GPGSV,29,,20
2026-06-02T17:20:11.112719,$GPGSV,32,,39
2026-06-02T17:20:11.112719,$GPGSV,41,,43
2026-06-02T17:20:11.113234,$GPGSV,42,,41
2026-06-02T17:20:11.113234,$GPGSV,50,,37
2026-06-02T17:20:11.113958,$GPGSV,10,,17
2026-06-02T17:20:11.113958,$GPGSV,18,,41
2026-06-02T17:20:11.113958,$GPGSV,23,,35
2026-06-02T17:20:11.113958,$GPGSV,24,,34
2026-06-02T17:20:11.114471,$GPGSV,29,,11
2026-06-02T17:20:11.114471,$GPGSV,32,,33
2026-06-02T17:20:11.116366,$GLGSV,65,,22
2026-06-02T17:20:11.116366,$GLGSV,66,,28
2026-06-02T17:20:11.116366,$GLGSV,75,,14
2026-06-02T17:20:11.116366,$GLGSV,76,,36
2026-06-02T17:20:11.116987,$GLGSV,81,,24
2026-06-02T17:20:11.116987,$GLGSV,87,,22
2026-06-02T17:20:11.116987,$GLGSV,88,,42
2026-06-02T17:20:11.117672,$GLGSV,66,,27
2026-06-02T17:20:11.117672,$GLGSV,67,,22
2026-06-02T17:20:11.117672,$GLGSV,75,,15
2026-06-02T17:20:11.117672,$GLGSV,76,,35
2026-06-02T17:20:11.118162,$GLGSV,81,,26
2026-06-02T17:20:11.118162,$GLGSV,88,,40
2026-06-02T17:20:11.119198,$GAGSV,04,,35
2026-06-02T17:20:11.119198,$GAGSV,05,,22
2026-06-02T17:20:11.119198,$GAGSV,06,,38
2026-06-02T17:20:11.119198,$GAGSV,09,,39
2026-06-02T17:20:11.119875,$GAGSV,10,,39
2026-06-02T17:20:11.119875,$GAGSV,11,,35
2026-06-02T17:20:11.119875,$GAGSV,12,,33
2026-06-02T17:20:11.119875,$GAGSV,36,,23
2026-06-02T17:20:11.120561,$GAGSV,04,,36
2026-06-02T17:20:11.120561,$GAGSV,05,,24
2026-06-02T17:20:11.120561,$GAGSV,06,,39
2026-06-02T17:20:11.120561,$GAGSV,09,,39
2026-06-02T17:20:11.121245,$GAGSV,10,,40
2026-06-02T17:20:11.121245,$GAGSV,11,,36
2026-06-02T17:20:11.121245,$GAGSV,12,,34
2026-06-02T17:20:11.121245,$GAGSV,28,,31
2026-06-02T17:20:11.121639,$GAGSV,36,,23
2026-06-02T17:20:11.122883,$GBGSV,06,,39
2026-06-02T17:20:11.122883,$GBGSV,07,,40
2026-06-02T17:20:11.122883,$GBGSV,08,,20
2026-06-02T17:20:11.122883,$GBGSV,09,,36
2026-06-02T17:20:11.123574,$GBGSV,10,,40
2026-06-02T17:20:11.123574,$GBGSV,13,,33
2026-06-02T17:20:11.123574,$GBGSV,14,,31
2026-06-02T17:20:11.123574,$GBGSV,34,,37
2026-06-02T17:20:11.124064,$GBGSV,09,,33
2026-06-02T17:20:11.124064,$GBGSV,10,,35
2026-06-02T17:20:12.112390,$GPGSV,10,,20
2026-06-02T17:20:12.112390,$GPGSV,18,,41
2026-06-02T17:20:12.112390,$GPGSV,23,,39
2026-06-02T17:20:12.112390,$GPGSV,24,,38
2026-06-02T17:20:12.113157,$GPGSV,28,,19
2026-06-02T17:20:12.113157,$GPGSV,29,,22
2026-06-02T17:20:12.113157,$GPGSV,32,,39
2026-06-02T17:20:12.113157,$GPGSV,41,,43
2026-06-02T17:20:12.113699,$GPGSV,42,,41
2026-06-02T17:20:12.113699,$GPGSV,50,,36
2026-06-02T17:20:12.114420,$GPGSV,10,,17
2026-06-02T17:20:12.114420,$GPGSV,18,,40
2026-06-02T17:20:12.114420,$GPGSV,23,,36
2026-06-02T17:20:12.114420,$GPGSV,24,,34
2026-06-02T17:20:12.114937,$GPGSV,29,,13
2026-06-02T17:20:12.114937,$GPGSV,32,,32
2026-06-02T17:20:12.116858,$GLGSV,65,,25
2026-06-02T17:20:12.116858,$GLGSV,66,,27
2026-06-02T17:20:12.116858,$GLGSV,75,,15
2026-06-02T17:20:12.116858,$GLGSV,76,,34
2026-06-02T17:20:12.117468,$GLGSV,81,,24
2026-06-02T17:20:12.117468,$GLGSV,87,,22
2026-06-02T17:20:12.117468,$GLGSV,88,,42
2026-06-02T17:20:12.118157,$GLGSV,66,,28
2026-06-02T17:20:12.118157,$GLGSV,67,,22
2026-06-02T17:20:12.118157,$GLGSV,75,,15
2026-06-02T17:20:12.118157,$GLGSV,76,,33
2026-06-02T17:20:12.118803,$GLGSV,81,,25
2026-06-02T17:20:12.118803,$GLGSV,88,,40
2026-06-02T17:20:12.120160,$GAGSV,04,,34
2026-06-02T17:20:12.120160,$GAGSV,05,,19
2026-06-02T17:20:12.120160,$GAGSV,06,,38
2026-06-02T17:20:12.120160,$GAGSV,09,,38
2026-06-02T17:20:12.120852,$GAGSV,10,,39
2026-06-02T17:20:12.120852,$GAGSV,11,,35
2026-06-02T17:20:12.120852,$GAGSV,12,,33
2026-06-02T17:20:12.120852,$GAGSV,36,,22
2026-06-02T17:20:12.121603,$GAGSV,04,,36
2026-06-02T17:20:12.121603,$GAGSV,05,,25
2026-06-02T17:20:12.121603,$GAGSV,06,,39
2026-06-02T17:20:12.121603,$GAGSV,09,,40
2026-06-02T17:20:12.122376,$GAGSV,10,,40
2026-06-02T17:20:12.122376,$GAGSV,11,,37
2026-06-02T17:20:12.122376,$GAGSV,12,,35
2026-06-02T17:20:12.122376,$GAGSV,28,,32
2026-06-02T17:20:12.123018,$GAGSV,36,,22
2026-06-02T17:20:12.124250,$GBGSV,06,,39
2026-06-02T17:20:12.124250,$GBGSV,07,,42
2026-06-02T17:20:12.124250,$GBGSV,08,,18
2026-06-02T17:20:12.124250,$GBGSV,09,,36
2026-06-02T17:20:12.124948,$GBGSV,10,,40
2026-06-02T17:20:12.124948,$GBGSV,13,,32
2026-06-02T17:20:12.124948,$GBGSV,14,,27
2026-06-02T17:20:12.124948,$GBGSV,34,,37
2026-06-02T17:20:12.125444,$GBGSV,09,,33
2026-06-02T17:20:12.125444,$GBGSV,10,,35
2026-06-02T17:20:13.111238,$GPGSV,10,,20
2026-06-02T17:20:13.111238,$GPGSV,18,,42
2026-06-02T17:20:13.111238,$GPGSV,23,,39
2026-06-02T17:20:13.111238,$GPGSV,24,,39
2026-06-02T17:20:13.111950,$GPGSV,28,,20
2026-06-02T17:20:13.111950,$GPGSV,29,,23
2026-06-02T17:20:13.111950,$GPGSV,32,,40
2026-06-02T17:20:13.111950,$GPGSV,41,,44
2026-06-02T17:20:13.112448,$GPGSV,42,,42
2026-06-02T17:20:13.112448,$GPGSV,50,,36
2026-06-02T17:20:13.113135,$GPGSV,10,,16
2026-06-02T17:20:13.113135,$GPGSV,18,,40
2026-06-02T17:20:13.113135,$GPGSV,23,,36
2026-06-02T17:20:13.113135,$GPGSV,24,,34
2026-06-02T17:20:13.113638,$GPGSV,29,,14
2026-06-02T17:20:13.113638,$GPGSV,32,,32
2026-06-02T17:20:13.116382,$GLGSV,65,,25
2026-06-02T17:20:13.116382,$GLGSV,66,,26
2026-06-02T17:20:13.116382,$GLGSV,75,,15
2026-06-02T17:20:13.116382,$GLGSV,76,,33
2026-06-02T17:20:13.116958,$GLGSV,81,,23
2026-06-02T17:20:13.116958,$GLGSV,87,,22
2026-06-02T17:20:13.116958,$GLGSV,88,,43
2026-06-02T17:20:13.117874,$GLGSV,66,,28
2026-06-02T17:20:13.117874,$GLGSV,67,,22
2026-06-02T17:20:13.117874,$GLGSV,75,,15
2026-06-02T17:20:13.117874,$GLGSV,76,,34
2026-06-02T17:20:13.118471,$GLGSV,81,,25
2026-06-02T17:20:13.118471,$GLGSV,88,,40
2026-06-02T17:20:13.119486,$GAGSV,04,,34
2026-06-02T17:20:13.119486,$GAGSV,05,,18
2026-06-02T17:20:13.119486,$GAGSV,06,,39
2026-06-02T17:20:13.119486,$GAGSV,09,,38
2026-06-02T17:20:13.120146,$GAGSV,10,,39
2026-06-02T17:20:13.120146,$GAGSV,11,,35
2026-06-02T17:20:13.120146,$GAGSV,12,,33
2026-06-02T17:20:13.120146,$GAGSV,36,,21
2026-06-02T17:20:13.120807,$GAGSV,04,,36
2026-06-02T17:20:13.120807,$GAGSV,05,,26
2026-06-02T17:20:13.120807,$GAGSV,06,,38
2026-06-02T17:20:13.120807,$GAGSV,09,,41
2026-06-02T17:20:13.121511,$GAGSV,10,,40
2026-06-02T17:20:13.121511,$GAGSV,11,,37
2026-06-02T17:20:13.121511,$GAGSV,12,,35
2026-06-02T17:20:13.121511,$GAGSV,28,,32
2026-06-02T17:20:13.121978,$GAGSV,36,,21
2026-06-02T17:20:13.123542,$GBGSV,06,,37
2026-06-02T17:20:13.123542,$GBGSV,07,,41
2026-06-02T17:20:13.123542,$GBGSV,08,,18
2026-06-02T17:20:13.123542,$GBGSV,09,,36
2026-06-02T17:20:13.124212,$GBGSV,10,,40
2026-06-02T17:20:13.124212,$GBGSV,13,,32
2026-06-02T17:20:13.124212,$GBGSV,14,,31
2026-06-02T17:20:13.124212,$GBGSV,34,,37
2026-06-02T17:20:13.124695,$GBGSV,09,,33
2026-06-02T17:20:13.124695,$GBGSV,10,,35
2026-06-02T17:20:14.106216,$GPGSV,10,,21
2026-06-02T17:20:14.106216,$GPGSV,18,,42
2026-06-02T17:20:14.106216,$GPGSV,23,,39
2026-06-02T17:20:14.106216,$GPGSV,24,,39
2026-06-02T17:20:14.106904,$GPGSV,28,,21
2026-06-02T17:20:14.106904,$GPGSV,29,,23
2026-06-02T17:20:14.106904,$GPGSV,32,,39
2026-06-02T17:20:14.106904,$GPGSV,41,,43
2026-06-02T17:20:14.107364,$GPGSV,42,,43
2026-06-02T17:20:14.107364,$GPGSV,50,,37
2026-06-02T17:20:14.107997,$GPGSV,10,,16
2026-06-02T17:20:14.107997,$GPGSV,18,,41
2026-06-02T17:20:14.107997,$GPGSV,23,,37
2026-06-02T17:20:14.107997,$GPGSV,24,,34
2026-06-02T17:20:14.108431,$GPGSV,29,,15
2026-06-02T17:20:14.108431,$GPGSV,32,,32
2026-06-02T17:20:14.110034,$GLGSV,65,,26
2026-06-02T17:20:14.110034,$GLGSV,66,,30
2026-06-02T17:20:14.110034,$GLGSV,75,,11
2026-06-02T17:20:14.110034,$GLGSV,76,,33
2026-06-02T17:20:14.110554,$GLGSV,81,,23
2026-06-02T17:20:14.110554,$GLGSV,87,,22
2026-06-02T17:20:14.110554,$GLGSV,88,,44
2026-06-02T17:20:14.111162,$GLGSV,66,,25
2026-06-02T17:20:14.111162,$GLGSV,67,,20
2026-06-02T17:20:14.111162,$GLGSV,75,,16
2026-06-02T17:20:14.111162,$GLGSV,76,,36
2026-06-02T17:20:14.111745,$GLGSV,81,,23
2026-06-02T17:20:14.111745,$GLGSV,88,,41
2026-06-02T17:20:14.112864,$GAGSV,04,,34
2026-06-02T17:20:14.112864,$GAGSV,05,,18
2026-06-02T17:20:14.112864,$GAGSV,06,,38
2026-06-02T17:20:14.112864,$GAGSV,09,,37
2026-06-02T17:20:14.113499,$GAGSV,10,,39
2026-06-02T17:20:14.113499,$GAGSV,11,,35
2026-06-02T17:20:14.113499,$GAGSV,12,,33
2026-06-02T17:20:14.113499,$GAGSV,36,,20
2026-06-02T17:20:14.114146,$GAGSV,04,,37
2026-06-02T17:20:14.114146,$GAGSV,05,,24
2026-06-02T17:20:14.114146,$GAGSV,06,,40
2026-06-02T17:20:14.114146,$GAGSV,09,,40
2026-06-02T17:20:14.114930,$GAGSV,10,,40
2026-06-02T17:20:14.114930,$GAGSV,11,,37
2026-06-02T17:20:14.114930,$GAGSV,12,,35
2026-06-02T17:20:14.114930,$GAGSV,28,,30
2026-06-02T17:20:14.115280,$GAGSV,36,,20
2026-06-02T17:20:14.116315,$GBGSV,06,,39
2026-06-02T17:20:14.116315,$GBGSV,07,,41
2026-06-02T17:20:14.116315,$GBGSV,08,,20
2026-06-02T17:20:14.116315,$GBGSV,09,,37
2026-06-02T17:20:14.116913,$GBGSV,10,,40
2026-06-02T17:20:14.116913,$GBGSV,13,,28
2026-06-02T17:20:14.116913,$GBGSV,14,,32
2026-06-02T17:20:14.116913,$GBGSV,34,,35
2026-06-02T17:20:14.117333,$GBGSV,09,,34
2026-06-02T17:20:14.117333,$GBGSV,10,,36
2026-06-02T17:20:15.111561,$GPGSV,10,,19
2026-06-02T17:20:15.111561,$GPGSV,18,,42
2026-06-02T17:20:15.111561,$GPGSV,23,,38
2026-06-02T17:20:15.111561,$GPGSV,24,,39
2026-06-02T17:20:15.112305,$GPGSV,28,,22
2026-06-02T17:20:15.112305,$GPGSV,29,,21
2026-06-02T17:20:15.112305,$GPGSV,32,,39
2026-06-02T17:20:15.112305,$GPGSV,41,,43
2026-06-02T17:20:15.112819,$GPGSV,42,,42
2026-06-02T17:20:15.112819,$GPGSV,50,,37
2026-06-02T17:20:15.113530,$GPGSV,10,,15
2026-06-02T17:20:15.113530,$GPGSV,18,,41
2026-06-02T17:20:15.113530,$GPGSV,23,,36
2026-06-02T17:20:15.113530,$GPGSV,24,,33
2026-06-02T17:20:15.114092,$GPGSV,29,,15
2026-06-02T17:20:15.114092,$GPGSV,32,,32
2026-06-02T17:20:15.116003,$GLGSV,65,,26
2026-06-02T17:20:15.116003,$GLGSV,66,,24
2026-06-02T17:20:15.116003,$GLGSV,75,,12
2026-06-02T17:20:15.116003,$GLGSV,76,,34
2026-06-02T17:20:15.116622,$GLGSV,81,,22
2026-06-02T17:20:15.116622,$GLGSV,87,,22
2026-06-02T17:20:15.116622,$GLGSV,88,,43
2026-06-02T17:20:15.117343,$GLGSV,66,,25
2026-06-02T17:20:15.117343,$GLGSV,67,,20
2026-06-02T17:20:15.117343,$GLGSV,75,,17
2026-06-02T17:20:15.117343,$GLGSV,76,,33
2026-06-02T17:20:15.117870,$GLGSV,81,,24
2026-06-02T17:20:15.117870,$GLGSV,88,,41
2026-06-02T17:20:15.118992,$GAGSV,04,,35
2026-06-02T17:20:15.118992,$GAGSV,05,,18
2026-06-02T17:20:15.118992,$GAGSV,06,,37
2026-06-02T17:20:15.118992,$GAGSV,09,,37
2026-06-02T17:20:15.119688,$GAGSV,10,,39
2026-06-02T17:20:15.119688,$GAGSV,11,,35
2026-06-02T17:20:15.119688,$GAGSV,12,,33
2026-06-02T17:20:15.119688,$GAGSV,36,,19
2026-06-02T17:20:15.120379,$GAGSV,04,,37
2026-06-02T17:20:15.120379,$GAGSV,05,,21
2026-06-02T17:20:15.120379,$GAGSV,06,,40
2026-06-02T17:20:15.120379,$GAGSV,09,,40
2026-06-02T17:20:15.121062,$GAGSV,10,,40
2026-06-02T17:20:15.121062,$GAGSV,11,,36
2026-06-02T17:20:15.121062,$GAGSV,12,,34
2026-06-02T17:20:15.121062,$GAGSV,28,,30
2026-06-02T17:20:15.121463,$GAGSV,36,,21
2026-06-02T17:20:15.122677,$GBGSV,06,,39
2026-06-02T17:20:15.122677,$GBGSV,07,,41
2026-06-02T17:20:15.122677,$GBGSV,08,,20
2026-06-02T17:20:15.122677,$GBGSV,09,,36
2026-06-02T17:20:15.123368,$GBGSV,10,,40
2026-06-02T17:20:15.123368,$GBGSV,13,,29
2026-06-02T17:20:15.123368,$GBGSV,14,,31
2026-06-02T17:20:15.123368,$GBGSV,34,,36
2026-06-02T17:20:15.123859,$GBGSV,09,,34
2026-06-02T17:20:15.123859,$GBGSV,10,,36
2026-06-02T17:20:16.109227,$GPGSV,10,,19
2026-06-02T17:20:16.109227,$GPGSV,18,,42
2026-06-02T17:20:16.109227,$GPGSV,23,,40
2026-06-02T17:20:16.109227,$GPGSV,24,,38
2026-06-02T17:20:16.109972,$GPGSV,28,,21
2026-06-02T17:20:16.109972,$GPGSV,29,,23
2026-06-02T17:20:16.109972,$GPGSV,32,,39
2026-06-02T17:20:16.109972,$GPGSV,41,,42
2026-06-02T17:20:16.110473,$GPGSV,42,,41
2026-06-02T17:20:16.110473,$GPGSV,50,,35
2026-06-02T17:20:16.111170,$GPGSV,10,,15
2026-06-02T17:20:16.111170,$GPGSV,18,,41
2026-06-02T17:20:16.111170,$GPGSV,23,,35
2026-06-02T17:20:16.111170,$GPGSV,24,,34
2026-06-02T17:20:16.111666,$GPGSV,29,,17
2026-06-02T17:20:16.111666,$GPGSV,32,,31
2026-06-02T17:20:16.113479,$GLGSV,65,,28
2026-06-02T17:20:16.113479,$GLGSV,66,,24
2026-06-02T17:20:16.113479,$GLGSV,75,,11
2026-06-02T17:20:16.113479,$GLGSV,76,,36
2026-06-02T17:20:16.114090,$GLGSV,81,,21
2026-06-02T17:20:16.114090,$GLGSV,87,,22
2026-06-02T17:20:16.114090,$GLGSV,88,,42
2026-06-02T17:20:16.114781,$GLGSV,66,,26
2026-06-02T17:20:16.114781,$GLGSV,67,,20
2026-06-02T17:20:16.114781,$GLGSV,75,,16
2026-06-02T17:20:16.114781,$GLGSV,76,,33
2026-06-02T17:20:16.115270,$GLGSV,81,,24
2026-06-02T17:20:16.115270,$GLGSV,88,,41
2026-06-02T17:20:16.116312,$GAGSV,04,,35
2026-06-02T17:20:16.116312,$GAGSV,05,,16
2026-06-02T17:20:16.116312,$GAGSV,06,,36
2026-06-02T17:20:16.116312,$GAGSV,09,,38
2026-06-02T17:20:16.117005,$GAGSV,10,,38
2026-06-02T17:20:16.117005,$GAGSV,11,,34
2026-06-02T17:20:16.117005,$GAGSV,12,,33
2026-06-02T17:20:16.117005,$GAGSV,36,,19
2026-06-02T17:20:16.117706,$GAGSV,04,,37
2026-06-02T17:20:16.117706,$GAGSV,05,,18
2026-06-02T17:20:16.117706,$GAGSV,06,,39
2026-06-02T17:20:16.117706,$GAGSV,09,,39
2026-06-02T17:20:16.118394,$GAGSV,10,,40
2026-06-02T17:20:16.118394,$GAGSV,11,,36
2026-06-02T17:20:16.118394,$GAGSV,12,,35
2026-06-02T17:20:16.118394,$GAGSV,28,,29
2026-06-02T17:20:16.118790,$GAGSV,36,,20
2026-06-02T17:20:16.119994,$GBGSV,06,,39
2026-06-02T17:20:16.119994,$GBGSV,07,,41
2026-06-02T17:20:16.119994,$GBGSV,08,,19
2026-06-02T17:20:16.119994,$GBGSV,09,,36
2026-06-02T17:20:16.120693,$GBGSV,10,,40
2026-06-02T17:20:16.120693,$GBGSV,13,,33
2026-06-02T17:20:16.120693,$GBGSV,14,,30
2026-06-02T17:20:16.120693,$GBGSV,34,,36
2026-06-02T17:20:16.121159,$GBGSV,09,,33
2026-06-02T17:20:16.121159,$GBGSV,10,,36
2026-06-02T17:20:17.113717,$GPGSV,10,,18
2026-06-02T17:20:17.113717,$GPGSV,18,,42
2026-06-02T17:20:17.113717,$GPGSV,23,,38
2026-06-02T17:20:17.113717,$GPGSV,24,,38
2026-06-02T17:20:17.115986,$GPGSV,28,,21
2026-06-02T17:20:17.115986,$GPGSV,29,,22
2026-06-02T17:20:17.115986,$GPGSV,32,,39
2026-06-02T17:20:17.115986,$GPGSV,41,,42
2026-06-02T17:20:17.117598,$GPGSV,42,,42
2026-06-02T17:20:17.117598,$GPGSV,50,,37
2026-06-02T17:20:17.119937,$GPGSV,10,,16
2026-06-02T17:20:17.119937,$GPGSV,18,,42
2026-06-02T17:20:17.119937,$GPGSV,23,,36
2026-06-02T17:20:17.119937,$GPGSV,24,,33
2026-06-02T17:20:17.121566,$GPGSV,29,,17
2026-06-02T17:20:17.121566,$GPGSV,32,,32
2026-06-02T17:20:17.127203,$GLGSV,65,,30
2026-06-02T17:20:17.127203,$GLGSV,66,,23
2026-06-02T17:20:17.127203,$GLGSV,75,,14
2026-06-02T17:20:17.127203,$GLGSV,76,,36
2026-06-02T17:20:17.128512,$GLGSV,81,,21
2026-06-02T17:20:17.128512,$GLGSV,87,,21
2026-06-02T17:20:17.128512,$GLGSV,88,,41
2026-06-02T17:20:17.129964,$GLGSV,66,,26
2026-06-02T17:20:17.129964,$GLGSV,67,,20
2026-06-02T17:20:17.129964,$GLGSV,75,,17
2026-06-02T17:20:17.129964,$GLGSV,76,,34
2026-06-02T17:20:17.131015,$GLGSV,81,,24
2026-06-02T17:20:17.131015,$GLGSV,88,,42
2026-06-02T17:20:17.132822,$GAGSV,04,,34
2026-06-02T17:20:17.132822,$GAGSV,05,,13
2026-06-02T17:20:17.132822,$GAGSV,06,,37
2026-06-02T17:20:17.132822,$GAGSV,09,,38
2026-06-02T17:20:17.133846,$GAGSV,10,,38
2026-06-02T17:20:17.133846,$GAGSV,11,,34
2026-06-02T17:20:17.133846,$GAGSV,12,,33
2026-06-02T17:20:17.133846,$GAGSV,36,,17
2026-06-02T17:20:17.134458,$GAGSV,04,,36
2026-06-02T17:20:17.134458,$GAGSV,05,,16
2026-06-02T17:20:17.134458,$GAGSV,06,,39
2026-06-02T17:20:17.134458,$GAGSV,09,,40
2026-06-02T17:20:17.135068,$GAGSV,10,,40
2026-06-02T17:20:17.135068,$GAGSV,11,,36
2026-06-02T17:20:17.135068,$GAGSV,12,,35
2026-06-02T17:20:17.135068,$GAGSV,28,,29
2026-06-02T17:20:17.135420,$GAGSV,36,,19
2026-06-02T17:20:17.136534,$GBGSV,06,,39
2026-06-02T17:20:17.136534,$GBGSV,07,,41
2026-06-02T17:20:17.136534,$GBGSV,08,,19
2026-06-02T17:20:17.136534,$GBGSV,09,,37
2026-06-02T17:20:17.137136,$GBGSV,10,,40
2026-06-02T17:20:17.137136,$GBGSV,13,,36
2026-06-02T17:20:17.137136,$GBGSV,14,,29
2026-06-02T17:20:17.137136,$GBGSV,34,,36
2026-06-02T17:20:17.137573,$GBGSV,09,,32
2026-06-02T17:20:17.137573,$GBGSV,10,,36
2026-06-02T17:20:18.107680,$GPGSV,18,,42
2026-06-02T17:20:18.107680,$GPGSV,23,,40
2026-06-02T17:20:18.107680,$GPGSV,24,,39
2026-06-02T17:20:18.107680,$GPGSV,28,,23
2026-06-02T17:20:18.108354,$GPGSV,29,,22
2026-06-02T17:20:18.108354,$GPGSV,32,,38
2026-06-02T17:20:18.108354,$GPGSV,41,,42
2026-06-02T17:20:18.108354,$GPGSV,42,,41
2026-06-02T17:20:18.108737,$GPGSV,50,,37
2026-06-02T17:20:18.109382,$GPGSV,10,,17
2026-06-02T17:20:18.109382,$GPGSV,18,,42
2026-06-02T17:20:18.109382,$GPGSV,23,,35
2026-06-02T17:20:18.109382,$GPGSV,24,,34
2026-06-02T17:20:18.109867,$GPGSV,29,,16
2026-06-02T17:20:18.109867,$GPGSV,32,,32
2026-06-02T17:20:18.111609,$GLGSV,65,,29
2026-06-02T17:20:18.111609,$GLGSV,66,,23
2026-06-02T17:20:18.111609,$GLGSV,75,,16
2026-06-02T17:20:18.111609,$GLGSV,76,,34
2026-06-02T17:20:18.112147,$GLGSV,81,,20
2026-06-02T17:20:18.112147,$GLGSV,87,,19
2026-06-02T17:20:18.112147,$GLGSV,88,,41
2026-06-02T17:20:18.112771,$GLGSV,66,,25
2026-06-02T17:20:18.112771,$GLGSV,67,,19
2026-06-02T17:20:18.112771,$GLGSV,75,,17
2026-06-02T17:20:18.112771,$GLGSV,76,,34
2026-06-02T17:20:18.113225,$GLGSV,81,,25
2026-06-02T17:20:18.113225,$GLGSV,88,,41
2026-06-02T17:20:18.114243,$GAGSV,04,,34
2026-06-02T17:20:18.114243,$GAGSV,06,,37
2026-06-02T17:20:18.114243,$GAGSV,09,,38
2026-06-02T17:20:18.114243,$GAGSV,10,,38
2026-06-02T17:20:18.115691,$GAGSV,11,,35
2026-06-02T17:20:18.115691,$GAGSV,12,,33
2026-06-02T17:20:18.115691,$GAGSV,36,,17
2026-06-02T17:20:18.116405,$GAGSV,04,,36
2026-06-02T17:20:18.116405,$GAGSV,05,,17
2026-06-02T17:20:18.116405,$GAGSV,06,,39
2026-06-02T17:20:18.116405,$GAGSV,09,,40
2026-06-02T17:20:18.117093,$GAGSV,10,,40
2026-06-02T17:20:18.117093,$GAGSV,11,,36
2026-06-02T17:20:18.117093,$GAGSV,12,,35
2026-06-02T17:20:18.117093,$GAGSV,28,,27
2026-06-02T17:20:18.117453,$GAGSV,36,,18
2026-06-02T17:20:18.118556,$GBGSV,06,,39
2026-06-02T17:20:18.118556,$GBGSV,07,,41
2026-06-02T17:20:18.118556,$GBGSV,08,,20
2026-06-02T17:20:18.118556,$GBGSV,09,,35
2026-06-02T17:20:18.119162,$GBGSV,10,,40
2026-06-02T17:20:18.119162,$GBGSV,13,,33
2026-06-02T17:20:18.119162,$GBGSV,14,,27
2026-06-02T17:20:18.119162,$GBGSV,34,,36
2026-06-02T17:20:18.119604,$GBGSV,09,,31
2026-06-02T17:20:18.119604,$GBGSV,10,,36
2026-06-02T17:20:19.116938,$GPGSV,10,,24
2026-06-02T17:20:19.116938,$GPGSV,18,,42
2026-06-02T17:20:19.116938,$GPGSV,23,,39
2026-06-02T17:20:19.116938,$GPGSV,24,,39
2026-06-02T17:20:19.119240,$GPGSV,28,,22
2026-06-02T17:20:19.119240,$GPGSV,29,,21
2026-06-02T17:20:19.119240,$GPGSV,32,,38
2026-06-02T17:20:19.119240,$GPGSV,41,,41
2026-06-02T17:20:19.120771,$GPGSV,42,,41
2026-06-02T17:20:19.120771,$GPGSV,50,,37
2026-06-02T17:20:19.122920,$GPGSV,10,,15
2026-06-02T17:20:19.122920,$GPGSV,18,,41
2026-06-02T17:20:19.122920,$GPGSV,23,,36
2026-06-02T17:20:19.122920,$GPGSV,24,,33
2026-06-02T17:20:19.124518,$GPGSV,29,,15
2026-06-02T17:20:19.124518,$GPGSV,32,,30
2026-06-02T17:20:19.130484,$GLGSV,65,,29
2026-06-02T17:20:19.130484,$GLGSV,66,,21
2026-06-02T17:20:19.130484,$GLGSV,75,,14
2026-06-02T17:20:19.130484,$GLGSV,76,,35
2026-06-02T17:20:19.132073,$GLGSV,81,,21
2026-06-02T17:20:19.132073,$GLGSV,87,,19
2026-06-02T17:20:19.132073,$GLGSV,88,,41
2026-06-02T17:20:19.133489,$GLGSV,66,,26
2026-06-02T17:20:19.133489,$GLGSV,67,,19
2026-06-02T17:20:19.133489,$GLGSV,75,,18
2026-06-02T17:20:19.133489,$GLGSV,76,,35
2026-06-02T17:20:19.134551,$GLGSV,81,,23
2026-06-02T17:20:19.134551,$GLGSV,88,,41
2026-06-02T17:20:19.136713,$GAGSV,04,,34
2026-06-02T17:20:19.136713,$GAGSV,06,,38
2026-06-02T17:20:19.136713,$GAGSV,09,,38
2026-06-02T17:20:19.136713,$GAGSV,10,,38
2026-06-02T17:20:19.137658,$GAGSV,11,,35
2026-06-02T17:20:19.137658,$GAGSV,12,,33
2026-06-02T17:20:19.137658,$GAGSV,36,,16
2026-06-02T17:20:19.138784,$GAGSV,04,,36
2026-06-02T17:20:19.138784,$GAGSV,05,,17
2026-06-02T17:20:19.138784,$GAGSV,06,,40
2026-06-02T17:20:19.138784,$GAGSV,09,,40
2026-06-02T17:20:19.139842,$GAGSV,10,,40
2026-06-02T17:20:19.139842,$GAGSV,11,,36
2026-06-02T17:20:19.139842,$GAGSV,12,,35
2026-06-02T17:20:19.139842,$GAGSV,28,,25
2026-06-02T17:20:19.140457,$GAGSV,36,,18
2026-06-02T17:20:19.142294,$GBGSV,06,,39
2026-06-02T17:20:19.142294,$GBGSV,07,,42
2026-06-02T17:20:19.142294,$GBGSV,08,,20
2026-06-02T17:20:19.142294,$GBGSV,09,,35
2026-06-02T17:20:19.143269,$GBGSV,10,,40
2026-06-02T17:20:19.143269,$GBGSV,13,,33
2026-06-02T17:20:19.143269,$GBGSV,14,,27
2026-06-02T17:20:19.143269,$GBGSV,34,,35
2026-06-02T17:20:19.143881,$GBGSV,09,,33
2026-06-02T17:20:19.143881,$GBGSV,10,,36
2026-06-02T17:20:20.109602,$GPGSV,10,,22
2026-06-02T17:20:20.109602,$GPGSV,18,,42
2026-06-02T17:20:20.109602,$GPGSV,23,,39
2026-06-02T17:20:20.109602,$GPGSV,24,,38
2026-06-02T17:20:20.110347,$GPGSV,28,,22
2026-06-02T17:20:20.110347,$GPGSV,29,,22
2026-06-02T17:20:20.110347,$GPGSV,32,,36
2026-06-02T17:20:20.110347,$GPGSV,41,,41
2026-06-02T17:20:20.110866,$GPGSV,42,,40
2026-06-02T17:20:20.110866,$GPGSV,50,,37
2026-06-02T17:20:20.111570,$GPGSV,10,,14
2026-06-02T17:20:20.111570,$GPGSV,18,,41
2026-06-02T17:20:20.111570,$GPGSV,23,,36
2026-06-02T17:20:20.111570,$GPGSV,24,,33
2026-06-02T17:20:20.112185,$GPGSV,25,,17
2026-06-02T17:20:20.112185,$GPGSV,29,,16
2026-06-02T17:20:20.112185,$GPGSV,32,,32
2026-06-02T17:20:20.114062,$GLGSV,65,,29
2026-06-02T17:20:20.114062,$GLGSV,66,,20
2026-06-02T17:20:20.114062,$GLGSV,75,,14
2026-06-02T17:20:20.114062,$GLGSV,76,,36
2026-06-02T17:20:20.114653,$GLGSV,81,,22
2026-06-02T17:20:20.114653,$GLGSV,87,,20
2026-06-02T17:20:20.114653,$GLGSV,88,,41
2026-06-02T17:20:20.115332,$GLGSV,66,,25
2026-06-02T17:20:20.115332,$GLGSV,67,,20
2026-06-02T17:20:20.115332,$GLGSV,75,,17
2026-06-02T17:20:20.115332,$GLGSV,76,,36
2026-06-02T17:20:20.115822,$GLGSV,81,,21
2026-06-02T17:20:20.115822,$GLGSV,88,,41
2026-06-02T17:20:20.116867,$GAGSV,04,,34
2026-06-02T17:20:20.116867,$GAGSV,06,,39
2026-06-02T17:20:20.116867,$GAGSV,09,,38
2026-06-02T17:20:20.116867,$GAGSV,10,,38
2026-06-02T17:20:20.117456,$GAGSV,11,,35
2026-06-02T17:20:20.117456,$GAGSV,12,,33
2026-06-02T17:20:20.117456,$GAGSV,36,,17
2026-06-02T17:20:20.118159,$GAGSV,04,,36
2026-06-02T17:20:20.118159,$GAGSV,05,,17
2026-06-02T17:20:20.118159,$GAGSV,06,,39
2026-06-02T17:20:20.118159,$GAGSV,09,,40
2026-06-02T17:20:20.118852,$GAGSV,10,,38
2026-06-02T17:20:20.118852,$GAGSV,11,,37
2026-06-02T17:20:20.118852,$GAGSV,12,,35
2026-06-02T17:20:20.118852,$GAGSV,28,,23
2026-06-02T17:20:20.119248,$GAGSV,36,,17
2026-06-02T17:20:20.120398,$GBGSV,06,,39
2026-06-02T17:20:20.120398,$GBGSV,07,,41
2026-06-02T17:20:20.120398,$GBGSV,08,,27
2026-06-02T17:20:20.120398,$GBGSV,09,,36
2026-06-02T17:20:20.121040,$GBGSV,10,,40
2026-06-02T17:20:20.121040,$GBGSV,13,,32
2026-06-02T17:20:20.121040,$GBGSV,14,,28
2026-06-02T17:20:20.121040,$GBGSV,34,,35
2026-06-02T17:20:20.121480,$GBGSV,09,,34
2026-06-02T17:20:20.121480,$GBGSV,10,,36
2026-06-02T17:20:21.112352,$GPGSV,10,,21
2026-06-02T17:20:21.112352,$GPGSV,18,,42
2026-06-02T17:20:21.112352,$GPGSV,23,,39
2026-06-02T17:20:21.112352,$GPGSV,24,,36
2026-06-02T17:20:21.113072,$GPGSV,25,,18
2026-06-02T17:20:21.113072,$GPGSV,28,,21
2026-06-02T17:20:21.113072,$GPGSV,29,,22
2026-06-02T17:20:21.113072,$GPGSV,32,,36
2026-06-02T17:20:21.113676,$GPGSV,41,,41
2026-06-02T17:20:21.113676,$GPGSV,42,,41
2026-06-02T17:20:21.113676,$GPGSV,50,,36
2026-06-02T17:20:21.114369,$GPGSV,10,,15
2026-06-02T17:20:21.114369,$GPGSV,18,,42
2026-06-02T17:20:21.114369,$GPGSV,23,,35
2026-06-02T17:20:21.114369,$GPGSV,24,,34
2026-06-02T17:20:21.114959,$GPGSV,25,,17
2026-06-02T17:20:21.114959,$GPGSV,29,,16
2026-06-02T17:20:21.114959,$GPGSV,32,,32
2026-06-02T17:20:21.116747,$GLGSV,65,,29
2026-06-02T17:20:21.116747,$GLGSV,66,,21
2026-06-02T17:20:21.116747,$GLGSV,75,,13
2026-06-02T17:20:21.116747,$GLGSV,76,,38
2026-06-02T17:20:21.117592,$GLGSV,81,,22
2026-06-02T17:20:21.117592,$GLGSV,87,,21
2026-06-02T17:20:21.117592,$GLGSV,88,,42
2026-06-02T17:20:21.118431,$GLGSV,66,,27
2026-06-02T17:20:21.118431,$GLGSV,67,,21
2026-06-02T17:20:21.118431,$GLGSV,75,,16
2026-06-02T17:20:21.118431,$GLGSV,76,,35
2026-06-02T17:20:21.118943,$GLGSV,81,,23
2026-06-02T17:20:21.118943,$GLGSV,88,,41
2026-06-02T17:20:21.119987,$GAGSV,04,,34
2026-06-02T17:20:21.119987,$GAGSV,06,,38
2026-06-02T17:20:21.119987,$GAGSV,09,,38
2026-06-02T17:20:21.119987,$GAGSV,10,,38
2026-06-02T17:20:21.120549,$GAGSV,11,,35
2026-06-02T17:20:21.120549,$GAGSV,12,,33
2026-06-02T17:20:21.120549,$GAGSV,36,,14
2026-06-02T17:20:21.121213,$GAGSV,04,,36
2026-06-02T17:20:21.121213,$GAGSV,05,,19
2026-06-02T17:20:21.121213,$GAGSV,06,,39
2026-06-02T17:20:21.121213,$GAGSV,09,,40
2026-06-02T17:20:21.121881,$GAGSV,10,,40
2026-06-02T17:20:21.121881,$GAGSV,11,,37
2026-06-02T17:20:21.121881,$GAGSV,12,,35
2026-06-02T17:20:21.121881,$GAGSV,28,,23
2026-06-02T17:20:21.122255,$GAGSV,36,,16
2026-06-02T17:20:21.123408,$GBGSV,06,,38
2026-06-02T17:20:21.123408,$GBGSV,07,,40
2026-06-02T17:20:21.123408,$GBGSV,08,,20
2026-06-02T17:20:21.123408,$GBGSV,09,,37
2026-06-02T17:20:21.124061,$GBGSV,10,,39
2026-06-02T17:20:21.124061,$GBGSV,13,,33
2026-06-02T17:20:21.124061,$GBGSV,14,,32
2026-06-02T17:20:21.124061,$GBGSV,34,,36
2026-06-02T17:20:21.124536,$GBGSV,09,,33
2026-06-02T17:20:21.124536,$GBGSV,10,,36
2026-06-02T17:20:22.110228,$GPGSV,10,,19
2026-06-02T17:20:22.110228,$GPGSV,18,,42
2026-06-02T17:20:22.110228,$GPGSV,23,,39
2026-06-02T17:20:22.110228,$GPGSV,24,,38
2026-06-02T17:20:22.110934,$GPGSV,25,,18
2026-06-02T17:20:22.110934,$GPGSV,28,,21
2026-06-02T17:20:22.110934,$GPGSV,29,,22
2026-06-02T17:20:22.110934,$GPGSV,32,,37
2026-06-02T17:20:22.111524,$GPGSV,41,,42
2026-06-02T17:20:22.111524,$GPGSV,42,,41
2026-06-02T17:20:22.111524,$GPGSV,50,,37
2026-06-02T17:20:22.112208,$GPGSV,10,,17
2026-06-02T17:20:22.112208,$GPGSV,18,,42
2026-06-02T17:20:22.112208,$GPGSV,23,,36
2026-06-02T17:20:22.112208,$GPGSV,24,,33
2026-06-02T17:20:22.112795,$GPGSV,25,,17
2026-06-02T17:20:22.112795,$GPGSV,29,,14
2026-06-02T17:20:22.112795,$GPGSV,32,,31
2026-06-02T17:20:22.114545,$GLGSV,65,,27
2026-06-02T17:20:22.114545,$GLGSV,66,,22
2026-06-02T17:20:22.114545,$GLGSV,75,,13
2026-06-02T17:20:22.114545,$GLGSV,76,,34
2026-06-02T17:20:22.115377,$GLGSV,81,,21
2026-06-02T17:20:22.115377,$GLGSV,87,,22
2026-06-02T17:20:22.115377,$GLGSV,88,,42
2026-06-02T17:20:22.116187,$GLGSV,66,,25
2026-06-02T17:20:22.116187,$GLGSV,67,,20
2026-06-02T17:20:22.116187,$GLGSV,75,,15
2026-06-02T17:20:22.116187,$GLGSV,76,,36
2026-06-02T17:20:22.116706,$GLGSV,81,,23
2026-06-02T17:20:22.116706,$GLGSV,88,,40
2026-06-02T17:20:22.117769,$GAGSV,04,,35
2026-06-02T17:20:22.117769,$GAGSV,06,,38
2026-06-02T17:20:22.117769,$GAGSV,09,,38
2026-06-02T17:20:22.117769,$GAGSV,10,,38
2026-06-02T17:20:22.118425,$GAGSV,11,,35
2026-06-02T17:20:22.118425,$GAGSV,12,,33
2026-06-02T17:20:22.118425,$GAGSV,36,,12
2026-06-02T17:20:22.119123,$GAGSV,04,,36
2026-06-02T17:20:22.119123,$GAGSV,05,,18
2026-06-02T17:20:22.119123,$GAGSV,06,,38
2026-06-02T17:20:22.119123,$GAGSV,09,,39
2026-06-02T17:20:22.119816,$GAGSV,10,,40
2026-06-02T17:20:22.119816,$GAGSV,11,,36
2026-06-02T17:20:22.119816,$GAGSV,12,,35
2026-06-02T17:20:22.119816,$GAGSV,28,,21
2026-06-02T17:20:22.120205,$GAGSV,36,,17
2026-06-02T17:20:22.121375,$GBGSV,06,,38
2026-06-02T17:20:22.121375,$GBGSV,07,,41
2026-06-02T17:20:22.121375,$GBGSV,08,,20
2026-06-02T17:20:22.121375,$GBGSV,09,,37
2026-06-02T17:20:22.122064,$GBGSV,10,,40
2026-06-02T17:20:22.122064,$GBGSV,13,,39
2026-06-02T17:20:22.122064,$GBGSV,14,,32
2026-06-02T17:20:22.122064,$GBGSV,34,,37
2026-06-02T17:20:22.122533,$GBGSV,09,,32
2026-06-02T17:20:22.122533,$GBGSV,10,,36
