1780409186.311,$GNRMC,140626.00,A,1339.00219,N,10029.53119,E,0.060,,020626,0.53,W,A,V*5D
1780409186.313,$GNVTG,,T,,M,0.060,N,0.111,K,A*3A
1780409186.315,$GNGGA,140626.00,1339.00219,N,10029.53119,E,1,12,1.36,0.9,M,-27.8,M,,*6C
1780409186.315,$GNGSA,A,3,10,25,28,31,32,,,,,,,,2.55,1.36,2.15,1*0E
1780409186.316,$GNGSA,A,3,78,66,77,67,,,,,,,,,2.55,1.36,2.15,2*0C
1780409186.316,$GNGSA,A,3,05,06,09,16,31,,,,,,,,2.55,1.36,2.15,3*0C
1780409186.317,$GNGSA,A,3,06,07,09,10,24,25,,,,,,,2.55,1.36,2.15,4*0C
1780409186.317,$GPGSV,3,1,10,01,11,293,26,08,,,27,09,,,23,10,54,147,39,1*67
1780409186.318,$GPGSV,3,2,10,12,,,22,25,20,043,40,28,46,356,41,31,51,308,44,1*51
1780409186.318,$GPGSV,3,3,10,32,42,037,40,50,56,115,41,1*64
1780409186.319,$GPGSV,2,1,07,10,54,147,39,23,17,147,18,25,20,043,40,26,60,193,21,6*6F
1780409186.320,$GPGSV,2,2,07,28,46,356,44,31,51,308,44,32,42,037,44,6*52
1780409186.320,$GPGSV,2,1,08,02,17,266,,03,01,326,,16,27,197,,27,02,202,,0*67
1780409186.321,$GPGSV,2,2,08,27,02,202,,29,05,096,,40,37,260,,41,64,233,,0*6A
1780409186.322,$GLGSV,1,1,04,66,30,093,45,67,41,020,46,77,37,023,42,78,79,231,43,1*75
1780409186.322,$GLGSV,1,1,03,66,30,093,41,67,41,020,47,78,79,231,41,3*44
1780409186.323,$GLGSV,2,1,05,68,11,335,,79,25,210,,81,03,196,,82,09,239,,0*71
1780409186.323,$GLGSV,2,2,05,82,09,239,,0*47
1780409186.324,$GAGSV,2,1,05,05,36,345,47,06,19,073,36,09,32,050,42,16,60,103,50,2*73
1780409186.324,$GAGSV,2,2,05,31,20,048,42,2*49
1780409186.325,$GAGSV,2,1,06,05,36,345,43,06,19,073,34,09,32,050,34,16,60,103,43,7*70
1780409186.326,$GAGSV,2,2,06,31,20,048,34,34,29,281,22,7*79
1780409186.326,$GAGSV,2,1,05,03,07,300,,04,02,090,,11,12,171,,25,40,183,,0*77
1780409186.327,$GAGSV,2,2,05,25,40,183,,0*48
1780409186.327,$GBGSV,2,1,07,06,65,133,47,07,51,006,43,09,82,029,43,10,60,351,44,1*78
1780409186.328,$GBGSV,2,2,07,23,42,230,17,24,23,034,42,25,78,335,47,1*49
1780409186.328,$GBGSV,1,1,02,09,82,029,49,10,60,351,46,3*71
1780409186.329,$GBGSV,3,1,09,01,42,107,,02,63,242,,03,71,140,,04,22,097,,0*74
1780409186.330,$GBGSV,3,2,09,04,22,097,,08,16,156,,13,11,201,,14,03,127,,0*7B
1780409186.330,$GBGSV,3,3,09,14,03,127,,0*4C
1780409186.330,$GNGLL,1339.00219,N,10029.53119,E,140626.00,A,A*77
1780409187.295,$GNRMC,140627.00,A,1339.00339,N,10029.53028,E,0.089,,020626,0.53,W,D,V*5E
1780409187.298,$GNVTG,,T,,M,0.089,N,0.165,K,D*3B
1780409187.302,$GNGGA,140627.00,1339.00339,N,10029.53028,E,2,12,1.58,-3.0,M,-27.8,M,1.0,0499*6A
1780409187.305,$GNGSA,A,3,10,25,28,31,32,,,,,,,,3.05,1.58,2.61,1*01
1780409187.307,$GNGSA,A,3,78,66,77,67,,,,,,,,,3.05,1.58,2.61,2*03
1780409187.309,$GNGSA,A,3,05,06,09,16,31,34,,,,,,,3.05,1.58,2.61,3*04
1780409187.311,$GNGSA,A,3,06,07,09,10,24,25,,,,,,,3.05,1.58,2.61,4*03
1780409187.313,$GPGSV,2,1,08,01,11,293,24,08,,,25,10,54,147,41,25,20,043,40,1*5E
1780409187.316,$GPGSV,2,2,08,28,46,356,41,31,51,308,45,32,42,037,40,50,56,115,42,1*6F
1780409187.318,$GPGSV,2,1,07,10,54,147,39,23,17,147,16,25,20,043,40,26,60,193,19,6*6A
1780409187.320,$GPGSV,2,2,07,28,46,356,44,31,51,308,44,32,42,037,44,6*52
1780409187.321,$GPGSV,2,1,08,02,17,266,,03,01,326,,16,27,197,,27,02,202,,0*67
1780409187.323,$GPGSV,2,2,08,27,02,202,,29,05,096,,40,37,260,,41,64,233,,0*6A
1780409187.324,$GLGSV,1,1,04,66,30,093,45,67,41,020,46,77,37,023,42,78,79,231,44,1*72
1780409187.325,$GLGSV,1,1,03,66,30,093,42,67,41,020,47,78,79,231,42,3*44
1780409187.325,$GLGSV,2,1,05,68,11,335,,79,25,210,,81,03,196,,82,09,239,,0*71
1780409187.326,$GLGSV,2,2,05,82,09,239,,0*47
1780409187.327,$GAGSV,2,1,06,05,36,345,47,06,19,073,36,09,32,050,42,16,60,103,50,2*70
1780409187.328,$GAGSV,2,2,06,31,20,048,42,34,29,281,30,2*7E
1780409187.330,$GAGSV,2,1,06,05,36,345,44,06,19,073,34,09,32,050,35,16,60,103,44,7*71
1780409187.331,$GAGSV,2,2,06,31,20,048,34,34,29,281,23,7*78
1780409187.331,$GAGSV,2,1,05,03,07,300,,04,02,090,,11,12,171,,25,40,183,,0*77
1780409187.332,$GAGSV,2,2,05,25,40,183,,0*48
1780409187.333,$GBGSV,2,1,07,06,65,133,49,07,51,006,44,09,82,029,45,10,60,351,45,1*76
1780409187.333,$GBGSV,2,2,07,23,42,230,18,24,23,034,44,25,78,335,49,1*4E
1780409187.334,$GBGSV,1,1,02,09,82,029,48,10,60,351,46,3*70
1780409187.334,$GBGSV,3,1,09,01,42,107,,02,63,242,,03,71,140,,04,22,097,,0*74
1780409187.335,$GBGSV,3,2,09,04,22,097,,08,16,156,,13,11,201,,14,03,127,,0*7B
1780409187.335,$GBGSV,3,3,09,14,03,127,,0*4C
1780409187.336,$GNGLL,1339.00339,N,10029.53028,E,140627.00,A,D*73
1780409188.311,$GNRMC,140628.00,A,1339.00353,N,10029.52945,E,0.044,,020626,0.53,W,D,V*5F
1780409188.312,$GNVTG,,T,,M,0.044,N,0.081,K,D*31
1780409188.314,$GNGGA,140628.00,1339.00353,N,10029.52945,E,2,12,1.58,-4.5,M,-27.8,M,1.0,0499*68
1780409188.316,$GNGSA,A,3,10,25,28,31,32,,,,,,,,3.05,1.58,2.61,1*01
1780409188.317,$GNGSA,A,3,78,66,77,67,,,,,,,,,3.05,1.58,2.61,2*03
1780409188.319,$GNGSA,A,3,05,06,09,16,31,34,,,,,,,3.05,1.58,2.61,3*04
1780409188.320,$GNGSA,A,3,06,07,09,10,24,25,,,,,,,3.05,1.58,2.61,4*03
1780409188.322,$GPGSV,2,1,06,10,54,147,43,25,20,043,42,28,46,356,43,31,51,308,47,1*61
1780409188.323,$GPGSV,2,2,06,32,42,037,42,50,56,115,43,1*63
1780409188.326,$GPGSV,2,1,07,10,54,147,38,23,17,147,14,25,20,043,40,26,60,193,15,6*65
1780409188.327,$GPGSV,2,2,07,28,46,356,44,31,51,308,44,32,42,037,43,6*55
1780409188.328,$GPGSV,3,1,09,01,11,293,,02,17,266,,03,01,326,,16,27,197,,0*69
1780409188.329,$GPGSV,3,2,09,16,27,197,,27,02,202,,29,05,096,,40,37,260,,0*62
1780409188.329,$GPGSV,3,3,09,40,37,260,,0*58
1780409188.330,$GLGSV,2,1,05,66,30,093,46,67,41,020,46,77,37,023,43,78,79,231,45,1*73
1780409188.330,$GLGSV,2,2,05,79,25,210,18,1*4E
1780409188.331,$GLGSV,1,1,03,66,30,093,42,67,41,020,47,78,79,231,43,3*45
1780409188.331,$GLGSV,1,1,04,68,11,335,,81,03,196,,82,09,239,,83,01,287,,0*7E
1780409188.332,$GAGSV,2,1,06,05,36,345,47,06,19,073,36,09,32,050,42,16,60,103,51,2*71
1780409188.332,$GAGSV,2,2,06,31,20,048,42,34,29,281,31,2*7F
1780409188.333,$GAGSV,2,1,06,05,36,345,44,06,19,073,34,09,32,050,36,16,60,103,45,7*73
1780409188.333,$GAGSV,2,2,06,31,20,048,35,34,29,281,23,7*79
1780409188.334,$GAGSV,2,1,05,03,07,300,,04,02,090,,11,12,171,,25,40,183,,0*77
1780409188.334,$GAGSV,2,2,05,25,40,183,,0*48
1780409188.335,$GBGSV,2,1,07,06,65,133,51,07,51,006,46,09,82,029,46,10,60,351,47,1*7C
1780409188.336,$GBGSV,2,2,07,23,42,230,16,24,23,034,45,25,78,335,51,1*48
1780409188.336,$GBGSV,1,1,02,09,82,029,49,10,60,351,46,3*71
1780409188.337,$GBGSV,3,1,09,01,42,107,,02,63,242,,03,71,140,,04,22,097,,0*74
1780409188.337,$GBGSV,3,2,09,04,22,097,,08,16,156,,13,11,201,,14,03,127,,0*7B
1780409188.338,$GBGSV,3,3,09,14,03,127,,0*4C
1780409188.338,$GNGLL,1339.00353,N,10029.52945,E,140628.00,A,D*73
1780409189.292,$GNRMC,140629.00,A,1339.00350,N,10029.52908,E,0.055,,020626,0.53,W,D,V*54
1780409189.294,$GNVTG,,T,,M,0.055,N,0.102,K,D*3B
1780409189.296,$GNGGA,140629.00,1339.00350,N,10029.52908,E,2,12,1.58,-5.9,M,-27.8,M,1.0,0499*6E
1780409189.296,$GNGSA,A,3,10,25,28,31,32,,,,,,,,3.05,1.58,2.61,1*01
1780409189.297,$GNGSA,A,3,78,66,77,67,,,,,,,,,3.05,1.58,2.61,2*03
1780409189.298,$GNGSA,A,3,05,06,09,16,31,34,,,,,,,3.05,1.58,2.61,3*04
1780409189.298,$GNGSA,A,3,06,07,09,10,24,25,,,,,,,3.05,1.58,2.61,4*03
1780409189.299,$GPGSV,2,1,07,01,11,293,27,10,54,147,42,25,20,043,41,28,46,356,43,1*60
1780409189.299,$GPGSV,2,2,07,31,51,308,46,32,42,037,42,50,56,115,42,1*5C
1780409189.300,$GPGSV,2,1,07,10,54,147,40,23,17,147,15,25,20,043,41,26,60,193,14,6*6B
1780409189.301,$GPGSV,2,2,07,28,46,356,45,31,51,308,45,32,42,037,45,6*53
1780409189.301,$GPGSV,2,1,08,02,17,266,,03,01,326,,16,27,197,,27,02,202,,0*67
1780409189.302,$GPGSV,2,2,08,27,02,202,,29,05,096,,40,37,260,,41,64,233,,0*6A
1780409189.303,$GLGSV,2,1,05,66,30,093,46,67,41,020,46,77,37,023,43,78,79,231,45,1*73
1780409189.303,$GLGSV,2,2,05,79,25,210,19,1*4F
1780409189.304,$GLGSV,1,1,03,66,30,093,43,67,41,020,47,78,79,231,43,3*44
1780409189.304,$GLGSV,1,1,04,68,11,335,,81,03,196,,82,09,239,,83,01,287,,0*7E
1780409189.305,$GAGSV,2,1,06,05,36,345,47,06,19,073,35,09,32,050,43,16,60,103,52,2*70
1780409189.306,$GAGSV,2,2,06,31,20,048,42,34,29,281,30,2*7E
1780409189.306,$GAGSV,2,1,06,05,36,345,45,06,19,073,35,09,32,050,36,16,60,103,46,7*70
1780409189.307,$GAGSV,2,2,06,31,20,048,35,34,29,281,23,7*79
1780409189.307,$GAGSV,2,1,05,03,07,300,,04,02,090,,11,12,171,,25,40,183,,0*77
1780409189.308,$GAGSV,2,2,05,25,40,183,,0*48
1780409189.309,$GBGSV,2,1,07,06,65,133,50,07,51,006,45,09,82,029,46,10,60,351,46,1*7F
1780409189.309,$GBGSV,2,2,07,23,42,230,16,24,23,034,44,25,78,335,50,1*48
1780409189.310,$GBGSV,1,1,02,09,82,029,50,10,60,351,48,3*77
1780409189.310,$GBGSV,3,1,09,01,42,107,,02,63,242,,03,71,140,,04,22,097,,0*74
1780409189.311,$GBGSV,3,2,09,04,22,097,,08,16,156,,13,11,201,,14,03,127,,0*7B
1780409189.311,$GBGSV,3,3,09,14,03,127,,0*4C
1780409189.312,$GNGLL,1339.00350,N,10029.52908,E,140629.00,A,D*78
1780409190.321,$GNRMC,140630.00,A,1339.00366,N,10029.52942,E,0.060,,020626,0.53,W,F,V*53
1780409190.323,$GNVTG,,T,,M,0.060,N,0.112,K,D*3C
1780409190.325,$GNGGA,140630.00,1339.00366,N,10029.52942,E,5,12,1.58,-5.5,M,-27.8,M,1.0,0499*66
1780409190.325,$GNGSA,A,3,10,25,28,31,32,,,,,,,,3.05,1.58,2.61,1*01
1780409190.326,$GNGSA,A,3,78,66,77,67,,,,,,,,,3.05,1.58,2.61,2*03
1780409190.326,$GNGSA,A,3,05,06,09,16,31,34,,,,,,,3.05,1.58,2.61,3*04
1780409190.327,$GNGSA,A,3,06,07,09,10,24,25,,,,,,,3.05,1.58,2.61,4*03
1780409190.327,$GPGSV,2,1,07,01,11,293,26,10,54,147,42,25,20,043,41,28,46,356,43,1*61
1780409190.328,$GPGSV,2,2,07,31,51,308,46,32,42,037,42,50,56,115,42,1*5C
1780409190.329,$GPGSV,2,1,07,10,54,147,39,23,17,147,16,25,20,043,40,26,60,193,16,6*65
1780409190.329,$GPGSV,2,2,07,28,46,356,44,31,51,308,44,32,42,037,45,6*53
1780409190.330,$GPGSV,2,1,08,02,17,266,,03,01,326,,16,27,197,,27,02,202,,0*67
1780409190.330,$GPGSV,2,2,08,27,02,202,,29,05,096,,40,37,260,,41,64,233,,0*6A
1780409190.331,$GLGSV,2,1,05,66,30,093,46,67,41,020,45,77,37,023,43,78,79,231,44,1*71
1780409190.331,$GLGSV,2,2,05,79,25,210,19,1*4F
1780409190.332,$GLGSV,1,1,03,66,30,093,42,67,41,020,46,78,79,231,42,3*45
1780409190.333,$GLGSV,1,1,04,68,11,335,,81,03,196,,82,09,239,,83,01,287,,0*7E
1780409190.333,$GAGSV,2,1,06,05,36,345,47,06,19,073,36,09,32,050,42,16,60,103,50,2*70
1780409190.334,$GAGSV,2,2,06,31,20,048,42,34,29,281,31,2*7F
1780409190.334,$GAGSV,2,1,06,05,36,345,45,06,19,073,35,09,32,050,36,16,60,103,45,7*73
1780409190.335,$GAGSV,2,2,06,31,20,048,35,34,29,281,23,7*79
1780409190.336,$GAGSV,2,1,05,03,07,300,,04,02,090,,11,12,171,,25,40,183,,0*77
1780409190.336,$GAGSV,2,2,05,25,40,183,,0*48
1780409190.337,$GBGSV,2,1,07,06,65,133,50,07,51,006,45,09,82,029,46,10,60,351,46,1*7F
1780409190.337,$GBGSV,2,2,07,23,42,230,17,24,23,034,45,25,78,335,50,1*48
1780409190.338,$GBGSV,1,1,02,09,82,029,49,10,60,351,46,3*71
1780409190.338,$GBGSV,3,1,09,01,42,107,,02,63,242,,03,71,140,,04,22,097,,0*74
1780409190.339,$GBGSV,3,2,09,04,22,097,,08,16,156,,13,11,201,,14,03,127,,0*7B
1780409190.339,$GBGSV,3,3,09,14,03,127,,0*4C
1780409190.340,$GNGLL,1339.00366,N,10029.52942,E,140630.00,A,D*7B
1780409191.296,$GNRMC,140631.00,A,1339.00377,N,10029.52967,E,0.037,,020626,0.53,W,F,V*57
1780409191.297,$GNVTG,,T,,M,0.037,N,0.068,K,D*32
1780409191.299,$GNGGA,140631.00,1339.00377,N,10029.52967,E,5,12,1.58,-4.8,M,-27.8,M,1.0,0499*6C
1780409191.300,$GNGSA,A,3,10,25,28,31,32,,,,,,,,3.05,1.58,2.61,1*01
1780409191.300,$GNGSA,A,3,78,66,77,67,,,,,,,,,3.05,1.58,2.61,2*03
1780409191.301,$GNGSA,A,3,05,06,09,16,31,34,,,,,,,3.05,1.58,2.61,3*04
1780409191.301,$GNGSA,A,3,06,07,09,10,24,25,,,,,,,3.05,1.58,2.61,4*03
1780409191.302,$GPGSV,2,1,07,01,11,293,25,10,54,147,42,25,20,043,41,28,46,356,43,1*62
1780409191.303,$GPGSV,2,2,07,31,51,308,45,32,42,037,43,50,56,115,43,1*5F
1780409191.303,$GPGSV,2,1,07,10,54,147,39,23,17,147,16,25,20,043,39,26,60,193,17,6*6A
1780409191.304,$GPGSV,2,2,07,28,46,356,44,31,51,308,43,32,42,037,44,6*55
1780409191.305,$GPGSV,2,1,08,02,17,266,,03,01,326,,16,27,197,,27,02,202,,0*67
1780409191.305,$GPGSV,2,2,08,27,02,202,,29,05,096,,40,37,260,,41,64,233,,0*6A
1780409191.306,$GLGSV,2,1,05,66,30,093,46,67,41,020,45,77,37,023,43,78,79,231,44,1*71
1780409191.306,$GLGSV,2,2,05,79,25,210,19,1*4F
1780409191.307,$GLGSV,1,1,03,66,30,093,43,67,41,020,46,78,79,231,42,3*44
1780409191.308,$GLGSV,1,1,04,68,11,335,,81,03,196,,82,09,239,,83,01,287,,0*7E
1780409191.308,$GAGSV,2,1,06,05,36,345,47,06,19,073,36,09,32,050,42,16,60,103,50,2*70
1780409191.309,$GAGSV,2,2,06,31,20,048,42,34,29,281,30,2*7E
1780409191.309,$GAGSV,2,1,06,05,36,345,45,06,19,073,35,09,32,050,36,16,60,103,45,7*73
1780409191.310,$GAGSV,2,2,06,31,20,048,34,34,29,281,22,7*79
1780409191.311,$GAGSV,2,1,05,03,07,300,,04,02,090,,11,12,171,,25,40,183,,0*77
1780409191.311,$GAGSV,2,2,05,25,40,183,,0*48
1780409191.312,$GBGSV,2,1,07,06,65,133,50,07,51,006,45,09,82,029,46,10,60,351,46,1*7F
1780409191.312,$GBGSV,2,2,07,23,42,230,18,24,23,034,44,25,78,335,50,1*46
1780409191.313,$GBGSV,1,1,02,09,82,029,49,10,60,351,47,3*70
1780409191.313,$GBGSV,3,1,09,01,42,107,,02,63,242,,03,71,140,,04,22,097,,0*74
1780409191.314,$GBGSV,3,2,09,04,22,097,,08,16,156,,13,11,201,,14,03,127,,0*7B
1780409191.314,$GBGSV,3,3,09,14,03,127,,0*4C
1780409191.315,$GNGLL,1339.00377,N,10029.52967,E,140631.00,A,D*7D
1780409192.316,$GNRMC,140632.00,A,1339.00386,N,10029.52987,E,0.012,,020626,0.53,W,F,V*53
1780409192.318,$GNVTG,,T,,M,0.012,N,0.021,K,D*38
1780409192.320,$GNGGA,140632.00,1339.00386,N,10029.52987,E,5,12,1.58,-4.2,M,-27.8,M,1.0,0499*65
1780409192.320,$GNGSA,A,3,10,25,28,31,32,,,,,,,,3.05,1.58,2.61,1*01
1780409192.321,$GNGSA,A,3,78,66,77,67,,,,,,,,,3.05,1.58,2.61,2*03
1780409192.321,$GNGSA,A,3,05,06,09,16,31,34,,,,,,,3.05,1.58,2.61,3*04
1780409192.322,$GNGSA,A,3,06,07,09,10,24,25,,,,,,,3.05,1.58,2.61,4*03
1780409192.322,$GPGSV,2,1,07,01,11,293,25,10,54,147,43,25,20,043,41,28,46,356,43,1*63
1780409192.323,$GPGSV,2,2,07,31,51,308,45,32,42,037,43,50,56,115,43,1*5F
1780409192.324,$GPGSV,2,1,07,10,54,147,39,23,17,147,16,25,20,043,39,26,60,193,17,6*6A
1780409192.324,$GPGSV,2,2,07,28,46,356,44,31,51,308,42,32,42,037,44,6*54
1780409192.325,$GPGSV,2,1,08,02,17,266,,03,01,326,,16,27,197,,27,02,202,,0*67
1780409192.326,$GPGSV,2,2,08,27,02,202,,29,05,096,,40,37,260,,41,64,233,,0*6A
1780409192.326,$GLGSV,2,1,05,66,30,093,46,67,41,020,45,77,37,023,43,78,79,231,45,1*70
1780409192.327,$GLGSV,2,2,05,79,25,210,18,1*4E
1780409192.327,$GLGSV,1,1,03,66,30,093,43,67,41,020,46,78,79,231,43,3*45
1780409192.328,$GLGSV,1,1,04,68,11,335,,81,03,196,,82,09,239,,83,01,287,,0*7E
1780409192.329,$GAGSV,2,1,06,05,36,345,47,06,19,073,36,09,32,050,42,16,60,103,51,2*71
1780409192.329,$GAGSV,2,2,06,31,20,048,42,34,29,281,30,2*7E
1780409192.330,$GAGSV,2,1,06,05,36,345,45,06,19,073,34,09,32,050,36,16,60,103,45,7*72
1780409192.330,$GAGSV,2,2,06,31,20,048,34,34,29,281,23,7*78
1780409192.331,$GAGSV,2,1,05,03,07,300,,04,02,090,,11,12,171,,25,40,183,,0*77
1780409192.331,$GAGSV,2,2,05,25,40,183,,0*48
1780409192.332,$GBGSV,2,1,07,06,65,133,50,07,51,006,45,09,82,029,46,10,60,351,46,1*7F
1780409192.333,$GBGSV,2,2,07,23,42,230,18,24,23,034,45,25,78,335,50,1*47
1780409192.333,$GBGSV,1,1,02,09,82,029,49,10,60,351,47,3*70
1780409192.334,$GBGSV,3,1,09,01,42,107,,02,63,242,,03,71,140,,04,22,097,,0*74
1780409192.334,$GBGSV,3,2,09,04,22,097,,08,16,156,,13,11,201,,14,03,127,,0*7B
1780409192.335,$GBGSV,3,3,09,14,03,127,,0*4C
1780409192.335,$GNGLL,1339.00386,N,10029.52987,E,140632.00,A,D*7E
1780409193.296,$GNRMC,140633.00,A,1339.00393,N,10029.53002,E,0.015,,020626,0.53,W,F,V*54
1780409193.297,$GNVTG,,T,,M,0.015,N,0.028,K,D*36
1780409193.299,$GNGGA,140633.00,1339.00393,N,10029.53002,E,5,12,1.58,-3.8,M,-27.8,M,1.0,0499*68
1780409193.300,$GNGSA,A,3,10,25,28,31,32,,,,,,,,3.05,1.58,2.61,1*01
1780409193.300,$GNGSA,A,3,78,66,77,67,,,,,,,,,3.05,1.58,2.61,2*03
1780409193.301,$GNGSA,A,3,05,06,09,16,31,34,,,,,,,3.05,1.58,2.61,3*04
1780409193.301,$GNGSA,A,3,06,07,09,10,24,25,,,,,,,3.05,1.58,2.61,4*03
1780409193.302,$GPGSV,2,1,08,01,11,293,25,10,54,147,43,25,20,043,41,26,60,193,19,1*62
1780409193.303,$GPGSV,2,2,08,28,46,356,43,31,51,308,46,32,42,037,43,50,56,115,43,1*6C
1780409193.303,$GPGSV,2,1,07,10,54,147,40,23,17,147,16,25,20,043,39,26,60,193,18,6*6B
1780409193.304,$GPGSV,2,2,07,28,46,356,44,31,51,308,42,32,42,037,44,6*54
1780409193.305,$GPGSV,2,1,08,02,17,266,,03,01,326,,16,27,197,,27,02,202,,0*67
1780409193.305,$GPGSV,2,2,08,27,02,202,,29,05,096,,40,37,260,,41,64,233,,0*6A
1780409193.306,$GLGSV,2,1,05,66,30,093,47,67,41,020,45,77,37,023,43,78,79,231,45,1*71
1780409193.306,$GLGSV,2,2,05,79,25,210,16,1*40
1780409193.307,$GLGSV,1,1,03,66,30,093,42,67,41,020,46,78,79,231,43,3*44
1780409193.308,$GLGSV,1,1,04,68,11,335,,81,03,196,,82,09,239,,83,01,287,,0*7E
1780409193.308,$GAGSV,2,1,06,05,36,345,46,06,19,073,36,09,32,050,42,16,60,103,51,2*70
1780409193.309,$GAGSV,2,2,06,31,20,048,42,34,29,281,30,2*7E
1780409193.310,$GAGSV,2,1,06,05,36,345,45,06,19,073,35,09,32,050,35,16,60,103,45,7*70
1780409193.310,$GAGSV,2,2,06,31,20,048,34,34,29,281,23,7*78
1780409193.311,$GAGSV,2,1,05,03,07,300,,04,02,090,,11,12,171,,25,40,183,,0*77
1780409193.311,$GAGSV,2,2,05,25,40,183,,0*48
1780409193.312,$GBGSV,2,1,07,06,65,133,50,07,51,006,45,09,82,029,46,10,60,351,46,1*7F
1780409193.312,$GBGSV,2,2,07,23,42,230,18,24,23,034,44,25,78,335,50,1*46
1780409193.313,$GBGSV,1,1,02,09,82,029,49,10,60,351,47,3*70
1780409193.313,$GBGSV,3,1,09,01,42,107,,02,63,242,,03,71,140,,04,22,097,,0*74
1780409193.314,$GBGSV,3,2,09,04,22,097,,08,16,156,,13,11,201,,14,03,127,,0*7B
1780409193.314,$GBGSV,3,3,09,14,03,127,,0*4C
1780409193.315,$GNGLL,1339.00393,N,10029.53002,E,140633.00,A,D*7E
1780409194.313,$GNRMC,140634.00,A,1339.00397,N,10029.53015,E,0.014,,020626,0.53,W,F,V*50
1780409194.315,$GNVTG,,T,,M,0.014,N,0.026,K,D*39
1780409194.316,$GNGGA,140634.00,1339.00397,N,10029.53015,E,5,12,1.58,-3.5,M,-27.8,M,2.0,0499*63
1780409194.316,$GNGSA,A,3,10,25,28,31,32,,,,,,,,3.05,1.58,2.61,1*01
1780409194.317,$GNGSA,A,3,78,66,77,67,,,,,,,,,3.05,1.58,2.61,2*03
1780409194.317,$GNGSA,A,3,05,06,09,16,31,34,,,,,,,3.05,1.58,2.61,3*04
1780409194.318,$GNGSA,A,3,06,07,09,10,24,25,,,,,,,3.05,1.58,2.61,4*03
1780409194.318,$GPGSV,2,1,08,01,11,293,23,10,54,147,43,25,20,043,41,26,60,193,18,1*65
1780409194.319,$GPGSV,2,2,08,28,46,356,43,31,51,308,45,32,42,037,43,50,56,115,42,1*6E
1780409194.320,$GPGSV,2,1,07,10,54,147,39,23,17,147,16,25,20,043,39,26,60,193,18,6*65
1780409194.320,$GPGSV,2,2,07,28,46,356,44,31,51,308,43,32,42,037,45,6*54
1780409194.321,$GPGSV,2,1,08,02,17,266,,03,01,326,,16,27,197,,27,02,202,,0*67
1780409194.322,$GPGSV,2,2,08,27,02,202,,29,05,096,,40,37,260,,41,64,233,,0*6A
1780409194.322,$GLGSV,2,1,05,66,30,093,46,67,41,020,46,77,37,023,43,78,79,231,45,1*73
1780409194.323,$GLGSV,2,2,05,79,25,210,15,1*43
1780409194.323,$GLGSV,1,1,03,66,30,093,43,67,41,020,46,78,79,231,43,3*45
1780409194.324,$GLGSV,1,1,04,68,11,335,,81,03,196,,82,09,239,,83,01,287,,0*7E
1780409194.324,$GAGSV,2,1,07,05,36,345,46,06,19,073,35,09,32,050,42,16,60,103,50,2*73
1780409194.325,$GAGSV,2,2,07,25,40,183,18,31,20,048,42,34,29,281,30,2*4F
1780409194.326,$GAGSV,2,1,06,05,36,345,45,06,19,073,36,09,32,050,35,16,60,103,45,7*73
1780409194.326,$GAGSV,2,2,06,31,20,048,33,34,29,281,23,7*7F
1780409194.327,$GAGSV,1,1,04,03,07,300,,04,02,090,,11,12,171,,36,37,218,,0*76
1780409194.327,$GBGSV,2,1,07,06,65,133,50,07,51,006,45,09,82,029,46,10,60,351,46,1*7F
1780409194.328,$GBGSV,2,2,07,23,42,230,17,24,23,034,44,25,78,335,50,1*49
1780409194.328,$GBGSV,1,1,02,09,82,029,49,10,60,351,47,3*70
1780409194.329,$GBGSV,3,1,09,01,42,107,,02,63,242,,03,71,140,,04,22,097,,0*74
1780409194.330,$GBGSV,3,2,09,04,22,097,,08,16,156,,13,11,201,,14,03,127,,0*7B
1780409194.330,$GBGSV,3,3,09,14,03,127,,0*4C
1780409194.330,$GNGLL,1339.00397,N,10029.53015,E,140634.00,A,D*7B
1780409195.296,$GNRMC,140635.00,A,1339.00399,N,10029.53023,E,0.095,,020626,0.53,W,F,V*53
1780409195.298,$GNVTG,,T,,M,0.095,N,0.176,K,D*34
1780409195.299,$GNGGA,140635.00,1339.00399,N,10029.53023,E,5,12,1.58,-3.3,M,-27.8,M,1.0,0499*6C
1780409195.300,$GNGSA,A,3,10,25,28,31,32,,,,,,,,3.05,1.58,2.61,1*01
1780409195.300,$GNGSA,A,3,78,66,77,67,,,,,,,,,3.05,1.58,2.61,2*03
1780409195.301,$GNGSA,A,3,05,06,09,16,31,34,,,,,,,3.05,1.58,2.61,3*04
1780409195.301,$GNGSA,A,3,06,07,09,10,24,25,,,,,,,3.05,1.58,2.61,4*03
1780409195.302,$GPGSV,2,1,07,10,54,147,42,25,20,043,41,26,60,193,18,28,46,356,43,1*6C
1780409195.303,$GPGSV,2,2,07,31,51,308,45,32,42,037,44,50,56,115,42,1*59
1780409195.304,$GPGSV,2,1,07,10,54,147,39,23,17,147,17,25,20,043,39,26,60,193,19,6*65
1780409195.304,$GPGSV,2,2,07,28,46,356,44,31,51,308,42,32,42,037,45,6*55
1780409195.305,$GPGSV,3,1,09,01,11,293,,02,17,266,,03,01,326,,16,27,197,,0*69
1780409195.306,$GPGSV,3,2,09,16,27,197,,27,02,202,,29,05,096,,40,37,260,,0*62
1780409195.306,$GPGSV,3,3,09,40,37,260,,0*58
1780409195.307,$GLGSV,2,1,05,66,30,093,46,67,41,020,46,77,37,023,43,78,79,231,45,1*73
1780409195.307,$GLGSV,2,2,05,79,25,210,12,1*44
1780409195.308,$GLGSV,1,1,03,66,30,093,43,67,41,020,46,78,79,231,42,3*44
1780409195.309,$GLGSV,1,1,04,68,11,335,,81,03,196,,82,09,239,,83,01,287,,0*7E
1780409195.309,$GAGSV,2,1,07,05,36,345,47,06,19,073,35,09,32,050,43,16,60,103,50,2*73
1780409195.310,$GAGSV,2,2,07,25,40,183,19,31,20,048,42,34,29,281,29,2*46
1780409195.311,$GAGSV,2,1,06,05,36,345,45,06,19,073,35,09,32,050,35,16,60,103,45,7*70
1780409195.311,$GAGSV,2,2,06,31,20,048,34,34,29,281,22,7*79
1780409195.312,$GAGSV,1,1,04,03,07,300,,04,02,090,,11,12,171,,36,37,218,,0*76
1780409195.312,$GBGSV,2,1,07,06,65,133,50,07,51,006,45,09,82,029,47,10,60,351,46,1*7E
1780409195.313,$GBGSV,2,2,07,23,42,230,15,24,23,034,44,25,78,335,50,1*4B
1780409195.313,$GBGSV,1,1,02,09,82,029,49,10,60,351,47,3*70
1780409195.314,$GBGSV,3,1,09,01,42,107,,02,63,242,,03,71,140,,04,22,097,,0*74
1780409195.315,$GBGSV,3,2,09,04,22,097,,08,16,156,,13,11,201,,14,03,127,,0*7B
1780409195.315,$GBGSV,3,3,09,14,03,127,,0*4C
1780409195.316,$GNGLL,1339.00399,N,10029.53023,E,140635.00,A,D*71
1780409196.317,$GNRMC,140636.00,A,1339.00402,N,10029.53031,E,0.004,,020626,0.53,W,F,V*5E
1780409196.319,$GNVTG,,T,,M,0.004,N,0.007,K,D*3B
1780409196.321,$GNGGA,140636.00,1339.00402,N,10029.53031,E,5,12,1.58,-3.2,M,-27.8,M,1.0,0499*68
1780409196.321,$GNGSA,A,3,10,25,28,31,32,,,,,,,,3.05,1.58,2.61,1*01
1780409196.322,$GNGSA,A,3,78,66,77,67,,,,,,,,,3.05,1.58,2.61,2*03
1780409196.322,$GNGSA,A,3,05,06,09,16,31,34,,,,,,,3.05,1.58,2.61,3*04
1780409196.323,$GNGSA,A,3,06,07,09,10,24,25,,,,,,,3.05,1.58,2.61,4*03
1780409196.323,$GPGSV,2,1,07,10,54,147,42,25,20,043,41,26,60,193,18,28,46,356,43,1*6C
1780409196.324,$GPGSV,2,2,07,31,51,308,46,32,42,037,46,50,56,115,42,1*58
1780409196.324,$GPGSV,2,1,07,10,54,147,39,23,17,147,16,25,20,043,38,26,60,193,18,6*64
1780409196.325,$GPGSV,2,2,07,28,46,356,44,31,51,308,42,32,42,037,45,6*55
1780409196.326,$GPGSV,3,1,09,01,11,293,,02,17,266,,03,01,326,,16,27,197,,0*69
1780409196.326,$GPGSV,3,2,09,16,27,197,,27,02,202,,29,05,096,,40,37,260,,0*62
1780409196.327,$GPGSV,3,3,09,40,37,260,,0*58
1780409196.327,$GLGSV,2,1,05,66,30,093,47,67,41,020,46,77,37,023,43,78,79,231,45,1*72
1780409196.328,$GLGSV,2,2,05,79,25,210,10,1*46
1780409196.328,$GLGSV,1,1,03,66,30,093,44,67,41,020,46,78,79,231,42,3*43
1780409196.329,$GLGSV,1,1,04,68,11,335,,81,03,196,,82,09,239,,83,01,287,,0*7E
1780409196.330,$GAGSV,2,1,07,05,36,345,46,06,19,073,36,09,32,050,43,16,60,103,51,2*70
1780409196.330,$GAGSV,2,2,07,25,40,183,20,31,20,048,42,34,29,281,29,2*4C
1780409196.331,$GAGSV,2,1,06,05,36,345,45,06,19,073,36,09,32,050,36,16,60,103,46,7*73
1780409196.331,$GAGSV,2,2,06,31,20,048,35,34,29,281,22,7*78
1780409196.332,$GAGSV,1,1,04,03,07,300,,04,02,090,,11,12,171,,36,37,218,,0*76
1780409196.333,$GBGSV,2,1,07,06,65,133,50,07,51,006,45,09,82,029,47,10,60,351,46,1*7E
1780409196.333,$GBGSV,2,2,07,23,42,230,14,24,23,034,45,25,78,335,50,1*4B
1780409196.334,$GBGSV,1,1,02,09,82,029,49,10,60,351,47,3*70
1780409196.334,$GBGSV,3,1,09,01,42,107,,02,63,242,,03,71,140,,04,22,097,,0*74
1780409196.335,$GBGSV,3,2,09,04,22,097,,08,16,156,,13,11,201,,14,03,127,,0*7B
1780409196.335,$GBGSV,3,3,09,14,03,127,,0*4C
1780409196.336,$GNGLL,1339.00402,N,10029.53031,E,140636.00,A,D*74
1780409197.299,$GNRMC,140637.00,A,1339.00405,N,10029.53038,E,0.005,,020626,0.53,W,F,V*50
1780409197.300,$GNVTG,,T,,M,0.005,N,0.009,K,D*34
1780409197.302,$GNGGA,140637.00,1339.00405,N,10029.53038,E,5,12,1.42,-3.0,M,-27.8,M,1.0,0499*6E
1780409197.303,$GNGSA,A,3,10,25,28,31,32,,,,,,,,2.65,1.42,2.24,1*0C
1780409197.303,$GNGSA,A,3,78,66,77,67,,,,,,,,,2.65,1.42,2.24,2*0E
1780409197.304,$GNGSA,A,3,25,05,06,09,16,31,34,,,,,,2.65,1.42,2.24,3*0E
1780409197.304,$GNGSA,A,3,06,07,33,09,10,24,25,,,,,,2.65,1.42,2.24,4*0E
1780409197.305,$GPGSV,2,1,07,10,54,147,42,25,20,043,41,26,60,193,18,28,46,356,43,1*6C
1780409197.306,$GPGSV,2,2,07,31,51,308,46,32,42,037,46,50,56,115,42,1*58
1780409197.306,$GPGSV,2,1,07,10,54,147,39,23,17,147,16,25,20,043,38,26,60,193,17,6*6B
1780409197.307,$GPGSV,2,2,07,28,46,356,44,31,51,308,42,32,42,037,45,6*55
1780409197.308,$GPGSV,3,1,09,01,11,293,,02,17,266,,03,01,326,,16,27,197,,0*69
1780409197.308,$GPGSV,3,2,09,16,27,197,,27,02,202,,29,05,096,,40,37,260,,0*62
1780409197.309,$GPGSV,3,3,09,40,37,260,,0*58
1780409197.309,$GLGSV,2,1,05,66,30,093,46,67,41,020,46,77,37,023,43,78,79,231,45,1*73
1780409197.310,$GLGSV,2,2,05,79,25,210,09,1*4E
1780409197.310,$GLGSV,1,1,03,66,30,093,44,67,41,020,46,78,79,231,42,3*43
1780409197.311,$GLGSV,1,1,04,68,11,335,,81,03,196,,82,09,239,,83,01,287,,0*7E
1780409197.312,$GAGSV,2,1,07,05,36,345,47,06,19,073,35,09,32,050,42,16,60,103,50,2*72
1780409197.312,$GAGSV,2,2,07,25,40,183,20,31,20,048,41,34,29,281,28,2*4E
1780409197.313,$GAGSV,2,1,06,05,36,345,45,06,19,073,35,09,32,050,35,16,60,103,46,7*73
1780409197.314,$GAGSV,2,2,06,31,20,048,34,34,29,281,21,7*7A
1780409197.314,$GAGSV,1,1,04,03,07,300,,04,02,090,,11,12,171,,36,37,218,,0*76
1780409197.315,$GBGSV,2,1,08,06,65,133,51,07,51,006,44,09,82,029,47,10,60,351,46,1*71
1780409197.316,$GBGSV,2,2,08,23,42,230,13,24,23,034,45,25,78,335,50,33,60,055,48,1*79
1780409197.317,$GBGSV,1,1,02,09,82,029,49,10,60,351,47,3*70
1780409197.318,$GBGSV,2,1,08,01,42,107,,02,63,242,,03,71,140,,04,22,097,,0*74
1780409197.319,$GBGSV,2,2,08,04,22,097,,08,16,156,,13,11,201,,14,03,127,,0*7B
1780409197.319,$GNGLL,1339.00405,N,10029.53038,E,140637.00,A,D*7B
1780409198.321,$GNRMC,140638.00,A,1339.00409,N,10029.53048,E,0.020,,020626,0.53,W,F,V*53
1780409198.323,$GNVTG,,T,,M,0.020,N,0.037,K,D*3E
1780409198.325,$GNGGA,140638.00,1339.00409,N,10029.53048,E,5,12,1.42,-2.8,M,-27.8,M,1.0,0499*63
1780409198.325,$GNGSA,A,3,10,25,28,31,32,,,,,,,,2.65,1.42,2.24,1*0C
1780409198.326,$GNGSA,A,3,78,66,77,67,,,,,,,,,2.65,1.42,2.24,2*0E
1780409198.326,$GNGSA,A,3,05,06,09,16,31,34,,,,,,,2.65,1.42,2.24,3*09
1780409198.327,$GNGSA,A,3,06,07,33,09,10,24,25,,,,,,2.65,1.42,2.24,4*0E
1780409198.327,$GPGSV,2,1,07,10,54,147,43,25,20,043,41,26,60,193,18,28,46,356,43,1*6D
1780409198.328,$GPGSV,2,2,07,31,51,308,46,32,42,037,44,50,56,115,41,1*59
1780409198.328,$GPGSV,2,1,07,10,54,147,40,23,17,147,15,25,20,043,38,26,60,193,16,6*67
1780409198.329,$GPGSV,2,2,07,28,46,356,44,31,51,308,42,32,42,037,45,6*55
1780409198.330,$GPGSV,3,1,09,01,11,293,,02,17,266,,03,01,326,,16,28,197,,0*66
1780409198.330,$GPGSV,3,2,09,16,28,197,,27,02,202,,29,05,096,,40,37,260,,0*6D
1780409198.331,$GPGSV,3,3,09,40,37,260,,0*58
1780409198.331,$GLGSV,2,1,05,66,30,093,46,67,41,020,45,77,37,023,43,78,79,231,45,1*70
1780409198.332,$GLGSV,2,2,05,79,25,210,12,1*44
1780409198.332,$GLGSV,1,1,03,66,30,093,44,67,41,020,46,78,79,231,42,3*43
1780409198.333,$GLGSV,1,1,04,68,11,335,,81,03,196,,82,09,239,,83,01,287,,0*7E
1780409198.334,$GAGSV,2,1,07,05,36,345,47,06,19,073,35,09,32,050,42,16,60,103,50,2*72
1780409198.334,$GAGSV,2,2,07,25,40,183,19,31,20,048,41,34,29,281,28,2*44
1780409198.335,$GAGSV,2,1,06,05,36,345,45,06,19,073,35,09,32,050,35,16,60,103,45,7*70
1780409198.335,$GAGSV,2,2,06,31,20,048,34,34,29,281,21,7*7A
1780409198.336,$GAGSV,1,1,04,03,07,300,,04,02,090,,11,12,171,,36,37,218,,0*76
1780409198.337,$GBGSV,2,1,08,06,65,133,50,07,51,006,44,09,82,029,46,10,60,351,46,1*71
1780409198.337,$GBGSV,2,2,08,23,42,230,13,24,23,034,45,25,78,335,50,33,60,055,49,1*78
1780409198.338,$GBGSV,1,1,02,09,82,029,49,10,60,351,47,3*70
1780409198.338,$GBGSV,2,1,08,01,42,107,,02,63,242,,03,71,140,,04,22,097,,0*74
1780409198.339,$GBGSV,2,2,08,04,22,097,,08,16,156,,13,11,201,,14,03,127,,0*7B
1780409198.339,$GNGLL,1339.00409,N,10029.53048,E,140638.00,A,D*7F
1780409199.296,$GNRMC,140639.00,A,1339.00411,N,10029.53054,E,0.005,,020626,0.53,W,F,V*51
1780409199.298,$GNVTG,,T,,M,0.005,N,0.009,K,D*34
1780409199.300,$GNGGA,140639.00,1339.00411,N,10029.53054,E,5,12,1.42,-2.7,M,-27.8,M,1.0,0499*69
1780409199.300,$GNGSA,A,3,10,25,28,31,32,,,,,,,,2.65,1.42,2.24,1*0C
1780409199.301,$GNGSA,A,3,78,66,77,67,,,,,,,,,2.65,1.42,2.24,2*0E
1780409199.301,$GNGSA,A,3,05,06,09,16,31,34,,,,,,,2.65,1.42,2.24,3*09
1780409199.302,$GNGSA,A,3,06,07,33,09,10,24,25,,,,,,2.65,1.42,2.24,4*0E
1780409199.303,$GPGSV,2,1,08,10,54,147,43,25,20,043,41,26,60,193,18,28,46,356,43,1*62
1780409199.303,$GPGSV,2,2,08,31,51,308,46,32,42,037,44,39,45,252,28,50,56,115,42,1*61
1780409199.304,$GPGSV,2,1,07,10,54,147,39,23,17,147,14,25,20,043,38,26,60,193,16,6*68
1780409199.305,$GPGSV,2,2,07,28,46,356,44,31,51,308,43,32,42,037,45,6*54
1780409199.305,$GPGSV,3,1,09,01,11,293,,02,17,266,,03,01,326,,16,28,197,,0*66
1780409199.306,$GPGSV,3,2,09,16,28,197,,27,02,202,,29,05,096,,40,37,260,,0*6D
1780409199.306,$GPGSV,3,3,09,40,37,260,,0*58
1780409199.307,$GLGSV,2,1,05,66,30,093,46,67,41,020,45,77,37,023,43,78,79,231,45,1*70
1780409199.307,$GLGSV,2,2,05,79,25,210,14,1*42
1780409199.308,$GLGSV,1,1,03,66,30,093,44,67,41,020,46,78,79,231,42,3*43
1780409199.309,$GLGSV,1,1,04,68,11,335,,81,03,196,,82,09,239,,83,01,287,,0*7E
1780409199.309,$GAGSV,2,1,07,05,36,345,46,06,19,073,35,09,32,050,42,16,60,103,50,2*73
1780409199.310,$GAGSV,2,2,07,25,40,183,18,31,20,048,41,34,29,281,29,2*44
1780409199.310,$GAGSV,2,1,06,05,36,345,45,06,19,073,35,09,32,050,35,16,60,103,45,7*70
1780409199.311,$GAGSV,2,2,06,31,20,048,33,34,29,281,21,7*7D
1780409199.312,$GAGSV,1,1,04,03,07,300,,04,02,090,,11,12,171,,36,37,218,,0*76
1780409199.312,$GBGSV,2,1,08,06,65,133,50,07,51,006,45,09,82,029,47,10,60,351,45,1*72
1780409199.313,$GBGSV,2,2,08,23,42,230,13,24,23,034,45,25,78,335,50,33,60,055,49,1*78
1780409199.313,$GBGSV,1,1,02,09,82,029,49,10,60,351,47,3*70
1780409199.314,$GBGSV,2,1,08,01,42,107,,02,63,242,,03,71,140,,04,22,097,,0*74
1780409199.315,$GBGSV,2,2,08,04,22,097,,08,16,156,,13,11,201,,14,03,127,,0*7B
1780409199.315,$GNGLL,1339.00411,N,10029.53054,E,140639.00,A,D*7A
1780409200.323,$GNRMC,140640.00,A,1339.00411,N,10029.53058,E,0.016,,020626,0.53,W,F,V*51
1780409200.324,$GNVTG,,T,,M,0.016,N,0.029,K,D*34
1780409200.326,$GNGGA,140640.00,1339.00411,N,10029.53058,E,5,12,1.42,-2.6,M,-27.8,M,1.0,0499*6A
1780409200.327,$GNGSA,A,3,10,25,26,28,31,32,,,,,,,2.65,1.42,2.24,1*08
1780409200.327,$GNGSA,A,3,78,66,77,67,,,,,,,,,2.65,1.42,2.24,2*0E
1780409200.328,$GNGSA,A,3,05,06,09,16,31,34,,,,,,,2.65,1.42,2.24,3*09
1780409200.328,$GNGSA,A,3,06,07,33,09,10,24,25,,,,,,2.65,1.42,2.24,4*0E
1780409200.329,$GPGSV,2,1,07,10,54,147,43,25,20,043,41,26,60,193,20,28,46,356,43,1*66
1780409200.330,$GPGSV,2,2,07,31,51,308,47,32,42,037,45,50,56,115,42,1*5A
1780409200.330,$GPGSV,2,1,07,10,54,147,39,23,17,147,11,25,20,043,38,26,60,193,18,6*63
1780409200.331,$GPGSV,2,2,07,28,46,356,44,31,51,308,44,32,42,037,45,6*53
1780409200.332,$GPGSV,3,1,09,01,11,293,,02,17,266,,03,01,326,,16,28,197,,0*66
1780409200.332,$GPGSV,3,2,09,16,28,197,,27,02,202,,29,05,096,,40,37,260,,0*6D
1780409200.333,$GPGSV,3,3,09,40,37,260,,0*58
1780409200.333,$GLGSV,2,1,05,66,30,093,45,67,41,020,45,77,37,023,43,78,79,231,45,1*73
1780409200.334,$GLGSV,2,2,05,79,25,210,16,1*40
1780409200.334,$GLGSV,1,1,03,66,30,093,44,67,41,020,46,78,79,231,42,3*43
1780409200.335,$GLGSV,1,1,04,68,11,335,,81,03,196,,82,09,239,,83,01,287,,0*7E
1780409200.336,$GAGSV,2,1,07,05,36,345,47,06,19,073,35,09,32,050,42,16,60,103,51,2*73
1780409200.336,$GAGSV,2,2,07,25,40,183,19,31,20,048,41,34,29,281,30,2*4D
1780409200.337,$GAGSV,2,1,06,05,36,345,45,06,19,073,35,09,32,050,35,16,60,103,45,7*70
1780409200.337,$GAGSV,2,2,06,31,20,048,33,34,29,281,22,7*7E
1780409200.338,$GAGSV,1,1,04,03,07,300,,04,02,090,,11,12,171,,36,37,218,,0*76
1780409200.339,$GBGSV,2,1,08,06,65,133,50,07,51,006,45,09,82,029,47,10,60,351,45,1*72
1780409200.339,$GBGSV,2,2,08,23,42,230,12,24,23,034,45,25,78,335,51,33,60,055,49,1*78
1780409200.340,$GBGSV,1,1,02,09,82,029,49,10,60,351,47,3*70
1780409200.340,$GBGSV,2,1,08,01,42,107,,02,63,242,,03,71,140,,04,22,097,,0*74
1780409200.341,$GBGSV,2,2,08,04,22,097,,08,16,156,,13,11,201,,14,03,127,,0*7B
1780409200.342,$GNGLL,1339.00411,N,10029.53058,E,140640.00,A,D*78
1780409201.297,$GNRMC,140641.00,A,1339.00409,N,10029.53061,E,0.009,,020626,0.53,W,F,V*5D
1780409201.299,$GNVTG,,T,,M,0.009,N,0.017,K,D*37
1780409201.301,$GNGGA,140641.00,1339.00409,N,10029.53061,E,5,12,1.42,-2.7,M,-27.8,M,1.0,0499*69
1780409201.301,$GNGSA,A,3,10,25,26,28,31,32,,,,,,,2.65,1.42,2.24,1*08
1780409201.302,$GNGSA,A,3,78,66,77,67,,,,,,,,,2.65,1.42,2.24,2*0E
1780409201.303,$GNGSA,A,3,05,06,09,16,31,34,,,,,,,2.65,1.42,2.24,3*09
1780409201.303,$GNGSA,A,3,06,07,33,09,10,24,25,,,,,,2.65,1.42,2.24,4*0E
1780409201.304,$GPGSV,2,1,07,10,54,147,42,25,20,043,41,26,60,193,20,28,46,356,43,1*67
1780409201.304,$GPGSV,2,2,07,31,51,308,47,32,42,037,44,50,56,115,42,1*5B
1780409201.305,$GPGSV,2,1,07,10,54,147,39,23,17,147,09,25,20,043,39,26,60,193,19,6*6A
1780409201.306,$GPGSV,2,2,07,28,46,356,44,31,51,308,44,32,42,037,45,6*53
1780409201.306,$GPGSV,3,1,09,01,11,293,,02,17,266,,03,01,326,,16,28,197,,0*66
1780409201.307,$GPGSV,3,2,09,16,28,197,,27,02,202,,29,05,096,,40,37,260,,0*6D
1780409201.307,$GPGSV,3,3,09,40,37,260,,0*58
1780409201.308,$GLGSV,2,1,05,66,30,093,45,67,41,020,45,77,37,023,43,78,79,231,45,1*73
1780409201.309,$GLGSV,2,2,05,79,25,210,16,1*40
1780409201.310,$GLGSV,1,1,03,66,30,093,44,67,41,020,46,78,79,231,42,3*43
1780409201.311,$GLGSV,1,1,04,68,11,335,,81,03,196,,82,09,239,,83,01,287,,0*7E
1780409201.311,$GAGSV,2,1,07,05,36,345,48,06,19,073,35,09,32,050,41,16,60,103,49,2*76
1780409201.312,$GAGSV,2,2,07,25,40,183,19,31,20,048,42,34,29,281,30,2*4E
1780409201.313,$GAGSV,2,1,06,05,36,345,45,06,19,073,35,09,32,050,34,16,60,103,44,7*70
1780409201.313,$GAGSV,2,2,06,31,20,048,33,34,29,281,22,7*7E
1780409201.314,$GAGSV,1,1,04,03,07,300,,04,02,090,,11,12,171,,36,37,218,,0*76
1780409201.314,$GBGSV,2,1,08,06,65,133,50,07,51,006,45,09,82,029,47,10,60,351,45,1*72
1780409201.315,$GBGSV,2,2,08,23,42,230,12,24,23,034,44,25,78,335,51,33,60,055,48,1*78
1780409201.316,$GBGSV,1,1,02,09,82,029,49,10,60,351,47,3*70
1780409201.316,$GBGSV,2,1,08,01,42,107,,02,63,242,,03,71,140,,04,22,097,,0*74
1780409201.317,$GBGSV,2,2,08,04,22,097,,08,16,156,,13,11,201,,14,03,127,,0*7B
1780409201.317,$GNGLL,1339.00409,N,10029.53061,E,140641.00,A,D*7A
1780409202.297,$GNRMC,140642.00,A,1339.00404,N,10029.53061,E,0.023,,020626,0.53,W,F,V*5B
1780409202.298,$GNVTG,,T,,M,0.023,N,0.043,K,D*3E
1780409202.300,$GNGGA,140642.00,1339.00404,N,10029.53061,E,5,12,1.42,-2.8,M,-27.8,M,1.0,0499*68
1780409202.301,$GNGSA,A,3,10,25,26,28,31,32,,,,,,,2.65,1.42,2.24,1*08
1780409202.301,$GNGSA,A,3,78,66,77,67,,,,,,,,,2.65,1.42,2.24,2*0E
1780409202.302,$GNGSA,A,3,05,06,09,16,31,34,,,,,,,2.65,1.42,2.24,3*09
1780409202.302,$GNGSA,A,3,06,07,33,09,10,24,25,,,,,,2.65,1.42,2.24,4*0E
1780409202.303,$GPGSV,2,1,07,10,54,147,42,25,20,043,41,26,60,193,21,28,46,356,43,1*66
1780409202.303,$GPGSV,2,2,07,31,51,308,47,32,42,037,44,50,56,115,42,1*5B
1780409202.304,$GPGSV,2,1,07,10,54,147,39,23,17,147,08,25,20,043,38,26,60,193,19,6*6A
1780409202.305,$GPGSV,2,2,07,28,46,356,44,31,51,308,43,32,42,037,45,6*54
1780409202.305,$GPGSV,3,1,09,01,11,293,,02,17,266,,03,01,326,,16,28,197,,0*66
1780409202.306,$GPGSV,3,2,09,16,28,197,,27,02,202,,29,05,096,,40,37,260,,0*6D
1780409202.306,$GPGSV,3,3,09,40,37,260,,0*58
1780409202.307,$GLGSV,2,1,05,66,30,093,45,67,41,020,45,77,37,023,43,78,79,231,45,1*73
1780409202.307,$GLGSV,2,2,05,79,25,210,17,1*41
1780409202.308,$GLGSV,1,1,03,66,30,093,44,67,41,020,46,78,79,231,42,3*43
1780409202.309,$GLGSV,1,1,04,68,11,335,,81,03,196,,82,09,239,,83,01,287,,0*7E
1780409202.310,$GAGSV,2,1,07,05,36,345,47,06,19,073,35,09,32,050,41,16,60,103,50,2*71
1780409202.311,$GAGSV,2,2,07,25,40,183,18,31,20,048,42,34,29,281,31,2*4E
1780409202.312,$GAGSV,2,1,06,05,36,345,45,06,19,073,35,09,32,050,34,16,60,103,44,7*70
1780409202.312,$GAGSV,2,2,06,31,20,048,33,34,29,281,23,7*7F
1780409202.313,$GAGSV,1,1,04,03,07,300,,04,02,090,,11,12,171,,36,37,218,,0*76
1780409202.313,$GBGSV,2,1,08,06,65,133,50,07,51,006,45,09,82,029,47,10,60,351,45,1*72
1780409202.314,$GBGSV,2,2,08,23,42,230,13,24,23,034,44,25,78,335,51,33,60,055,49,1*78
1780409202.315,$GBGSV,1,1,02,09,82,029,49,10,60,351,47,3*70
1780409202.315,$GBGSV,2,1,08,01,42,107,,02,63,242,,03,71,140,,04,22,097,,0*74
1780409202.316,$GBGSV,2,2,08,04,22,097,,08,16,156,,13,11,201,,14,03,127,,0*7B
1780409202.316,$GNGLL,1339.00404,N,10029.53061,E,140642.00,A,D*74
1780409203.296,$GNRMC,140643.00,A,1339.00400,N,10029.53062,E,0.010,,020626,0.53,W,F,V*5D
1780409203.298,$GNVTG,,T,,M,0.010,N,0.019,K,D*31
1780409203.299,$GNGGA,140643.00,1339.00400,N,10029.53062,E,5,12,1.42,-2.9,M,-27.8,M,2.0,0499*6C
1780409203.300,$GNGSA,A,3,10,25,26,28,31,32,,,,,,,2.65,1.42,2.24,1*08
1780409203.300,$GNGSA,A,3,78,66,77,67,,,,,,,,,2.65,1.42,2.24,2*0E
1780409203.301,$GNGSA,A,3,05,06,09,16,31,34,,,,,,,2.65,1.42,2.24,3*09
1780409203.301,$GNGSA,A,3,06,07,33,09,10,24,25,,,,,,2.65,1.42,2.24,4*0E
1780409203.302,$GPGSV,2,1,07,10,54,147,43,25,20,043,41,26,60,193,21,28,46,356,43,1*67
1780409203.303,$GPGSV,2,2,07,31,51,308,46,32,42,037,44,50,56,115,42,1*5A
1780409203.303,$GPGSV,2,1,06,10,54,147,40,25,20,043,38,26,60,193,18,28,46,356,44,6*61
1780409203.304,$GPGSV,2,2,06,31,51,308,43,32,42,037,45,6*6D
1780409203.305,$GPGSV,3,1,10,01,11,293,,02,17,266,,03,01,326,,16,28,197,,0*6E
1780409203.305,$GPGSV,3,2,10,16,28,197,,23,17,147,,27,02,202,,29,05,096,,0*64
1780409203.306,$GPGSV,3,3,10,29,05,096,,40,37,260,,0*61
1780409203.306,$GLGSV,2,1,05,66,30,093,45,67,41,020,46,77,37,023,42,78,79,231,45,1*71
1780409203.307,$GLGSV,2,2,05,79,25,210,17,1*41
1780409203.307,$GLGSV,1,1,03,66,30,093,44,67,41,020,45,78,79,231,42,3*40
1780409203.308,$GLGSV,1,1,04,68,11,335,,81,03,196,,82,09,239,,83,01,287,,0*7E
1780409203.310,$GAGSV,2,1,07,05,36,345,47,06,19,073,35,09,32,050,41,16,60,103,51,2*70
1780409203.310,$GAGSV,2,2,07,25,40,183,19,31,20,048,42,34,29,281,31,2*4F
1780409203.311,$GAGSV,2,1,06,05,36,345,45,06,19,073,35,09,32,050,33,16,60,103,45,7*76
1780409203.311,$GAGSV,2,2,06,31,20,048,33,34,29,281,22,7*7E
1780409203.312,$GAGSV,1,1,04,03,07,300,,04,02,090,,11,12,171,,36,37,218,,0*76
1780409203.313,$GBGSV,2,1,08,06,65,133,50,07,51,006,45,09,82,029,47,10,60,351,45,1*72
1780409203.314,$GBGSV,2,2,08,23,42,230,11,24,23,034,44,25,78,335,51,33,60,055,49,1*7A
1780409203.314,$GBGSV,1,1,02,09,82,029,49,10,60,351,47,3*70
1780409203.315,$GBGSV,2,1,08,01,42,107,,02,63,242,,03,71,140,,04,22,097,,0*74
1780409203.315,$GBGSV,2,2,08,04,22,097,,08,16,156,,13,11,201,,14,03,127,,0*7B
1780409203.316,$GNGLL,1339.00400,N,10029.53062,E,140643.00,A,D*72
1780409204.298,$GNRMC,140644.00,A,1339.00396,N,10029.53062,E,0.006,,020626,0.53,W,F,V*55
1780409204.299,$GNVTG,,T,,M,0.006,N,0.012,K,D*3D
1780409204.301,$GNGGA,140644.00,1339.00396,N,10029.53062,E,5,12,1.42,-3.0,M,-27.8,M,1.0,0499*68
1780409204.302,$GNGSA,A,3,10,25,26,28,31,32,,,,,,,2.65,1.42,2.24,1*08
1780409204.303,$GNGSA,A,3,78,66,77,67,,,,,,,,,2.65,1.42,2.24,2*0E
1780409204.303,$GNGSA,A,3,25,05,06,09,16,31,34,,,,,,2.65,1.42,2.24,3*0E
1780409204.304,$GNGSA,A,3,06,07,33,09,10,24,25,,,,,,2.65,1.42,2.24,4*0E
1780409204.304,$GPGSV,2,1,07,10,54,147,43,25,20,043,41,26,60,193,22,28,46,356,43,1*64
1780409204.305,$GPGSV,2,2,07,31,51,308,46,32,42,037,44,50,56,115,42,1*5A
1780409204.306,$GPGSV,2,1,06,10,54,147,40,25,20,043,38,26,60,193,18,28,46,356,44,6*61
1780409204.306,$GPGSV,2,2,06,31,51,308,41,32,42,037,44,6*6E
1780409204.307,$GPGSV,3,1,10,01,11,293,,02,17,266,,03,01,326,,16,28,197,,0*6E
1780409204.307,$GPGSV,3,2,10,16,28,197,,23,17,147,,27,02,202,,29,05,096,,0*64
1780409204.308,$GPGSV,3,3,10,29,05,096,,40,37,260,,0*61
1780409204.308,$GLGSV,2,1,05,66,30,093,45,67,41,020,45,77,37,023,42,78,79,231,45,1*72
1780409204.309,$GLGSV,2,2,05,79,25,210,15,1*43
1780409204.310,$GLGSV,1,1,03,66,30,093,43,67,41,020,45,78,79,231,42,3*47
1780409204.311,$GLGSV,1,1,04,68,11,335,,81,03,196,,82,09,239,,83,01,287,,0*7E
1780409204.311,$GAGSV,2,1,07,05,36,345,47,06,19,073,35,09,32,050,41,16,60,103,50,2*71
1780409204.312,$GAGSV,2,2,07,25,40,183,20,31,20,048,42,34,29,281,30,2*44
1780409204.313,$GAGSV,2,1,06,05,36,345,45,06,19,073,34,09,32,050,33,16,60,103,45,7*77
1780409204.313,$GAGSV,2,2,06,31,20,048,33,34,29,281,23,7*7F
1780409204.314,$GAGSV,1,1,04,03,07,300,,04,02,090,,11,12,171,,36,37,218,,0*76
1780409204.315,$GBGSV,2,1,08,06,65,133,50,07,51,006,45,09,82,029,46,10,60,351,45,1*73
1780409204.315,$GBGSV,2,2,08,23,42,230,11,24,23,034,44,25,78,335,51,33,60,055,49,1*7A
1780409204.316,$GBGSV,1,1,02,09,82,029,49,10,60,351,47,3*70
1780409204.316,$GBGSV,2,1,08,01,42,107,,02,63,242,,03,71,140,,04,22,097,,0*74
1780409204.317,$GBGSV,2,2,08,04,22,097,,08,16,156,,13,11,201,,14,03,127,,0*7B
1780409204.317,$GNGLL,1339.00396,N,10029.53062,E,140644.00,A,D*7D
1780409205.297,$GNRMC,140645.00,A,1339.00391,N,10029.53062,E,0.040,,020626,0.53,W,F,V*51
1780409205.299,$GNVTG,,T,,M,0.040,N,0.073,K,D*38
1780409205.300,$GNGGA,140645.00,1339.00391,N,10029.53062,E,5,12,1.42,-3.2,M,-27.8,M,1.0,0499*6C
1780409205.301,$GNGSA,A,3,10,25,26,28,31,32,,,,,,,2.65,1.42,2.24,1*08
1780409205.301,$GNGSA,A,3,78,66,77,67,,,,,,,,,2.65,1.42,2.24,2*0E
1780409205.302,$GNGSA,A,3,25,05,06,09,16,31,34,,,,,,2.65,1.42,2.24,3*0E
1780409205.302,$GNGSA,A,3,06,07,33,09,10,24,25,,,,,,2.65,1.42,2.24,4*0E
1780409205.303,$GPGSV,2,1,07,10,54,147,42,25,20,043,41,26,60,193,22,28,46,356,43,1*65
1780409205.304,$GPGSV,2,2,07,31,51,308,45,32,42,037,44,50,56,115,42,1*59
1780409205.304,$GPGSV,2,1,06,10,54,147,39,25,20,043,38,26,60,193,17,28,46,356,44,6*60
1780409205.305,$GPGSV,2,2,06,31,51,308,41,32,42,037,44,6*6E
1780409205.305,$GPGSV,3,1,10,01,11,293,,02,17,266,,03,01,326,,16,28,197,,0*6E
1780409205.306,$GPGSV,3,2,10,16,28,197,,23,17,148,,27,02,202,,29,05,096,,0*6B
1780409205.307,$GPGSV,3,3,10,29,05,096,,40,37,260,,0*61
1780409205.307,$GLGSV,2,1,05,66,30,093,45,67,41,020,46,77,37,023,42,78,79,231,45,1*71
1780409205.308,$GLGSV,2,2,05,79,25,210,13,1*45
1780409205.308,$GLGSV,1,1,04,66,30,093,43,67,41,020,45,78,79,231,42,79,25,210,19,3*72
1780409205.309,$GLGSV,1,1,04,68,11,335,,81,03,196,,82,09,239,,83,01,287,,0*7E
1780409205.311,$GAGSV,2,1,07,05,36,345,47,06,19,073,35,09,32,050,41,16,60,103,49,2*79
1780409205.311,$GAGSV,2,2,07,25,40,183,20,31,20,048,42,34,29,281,29,2*4C
1780409205.312,$GAGSV,2,1,06,05,36,345,45,06,19,073,34,09,32,050,33,16,60,103,44,7*76
1780409205.312,$GAGSV,2,2,06,31,20,048,34,34,29,281,23,7*78
1780409205.313,$GAGSV,1,1,04,03,07,300,,04,02,090,,11,12,171,,36,37,218,,0*76
1780409205.314,$GBGSV,2,1,08,06,65,133,50,07,51,006,45,09,82,029,47,10,60,351,45,1*72
1780409205.314,$GBGSV,2,2,08,23,42,230,12,24,23,034,44,25,78,335,51,33,60,055,49,1*79
1780409205.315,$GBGSV,1,1,02,09,82,029,49,10,60,351,47,3*70
1780409205.316,$GBGSV,2,1,08,01,42,107,,02,63,242,,03,71,140,,04,22,097,,0*74
1780409205.316,$GBGSV,2,2,08,04,22,097,,08,16,156,,13,11,201,,14,03,127,,0*7B
1780409205.317,$GNGLL,1339.00391,N,10029.53062,E,140645.00,A,D*7B
1780409206.298,$GNRMC,140646.00,A,1339.00389,N,10029.53064,E,0.033,,020626,0.53,W,F,V*59
1780409206.300,$GNVTG,,T,,M,0.033,N,0.062,K,D*3C
1780409206.302,$GNGGA,140646.00,1339.00389,N,10029.53064,E,5,12,1.42,-3.2,M,-27.8,M,1.0,0499*60
1780409206.303,$GNGSA,A,3,10,25,26,28,31,32,,,,,,,2.65,1.42,2.23,1*0F
1780409206.303,$GNGSA,A,3,78,66,77,67,,,,,,,,,2.65,1.42,2.23,2*09
1780409206.303,$GNGSA,A,3,05,06,09,16,31,34,,,,,,,2.65,1.42,2.23,3*0E
1780409206.304,$GNGSA,A,3,06,07,33,09,10,24,25,,,,,,2.65,1.42,2.23,4*09
1780409206.305,$GPGSV,2,1,08,01,11,293,22,10,54,147,42,25,20,043,41,26,60,193,22,1*6C
1780409206.305,$GPGSV,2,2,08,28,46,356,43,31,51,308,45,32,42,037,44,50,56,115,42,1*69
1780409206.306,$GPGSV,2,1,06,10,54,147,39,25,20,043,38,26,60,193,18,28,46,356,44,6*6F
1780409206.307,$GPGSV,2,2,06,31,51,308,42,32,42,037,44,6*6D
1780409206.307,$GPGSV,3,1,09,02,17,266,,03,01,326,,16,28,197,,23,17,148,,0*65
1780409206.308,$GPGSV,3,2,09,23,17,148,,27,02,202,,29,05,096,,40,37,260,,0*65
1780409206.308,$GPGSV,3,3,09,40,37,260,,0*58
1780409206.309,$GLGSV,2,1,05,66,30,093,45,67,41,020,46,77,37,023,42,78,79,231,45,1*71
1780409206.310,$GLGSV,2,2,05,79,25,210,13,1*45
1780409206.311,$GLGSV,1,1,04,66,30,093,44,67,41,020,45,78,79,231,42,79,25,210,19,3*75
1780409206.312,$GLGSV,1,1,04,68,11,335,,81,03,196,,82,09,239,,83,01,287,,0*7E
1780409206.312,$GAGSV,2,1,07,05,36,345,47,06,19,073,34,09,32,050,41,16,60,103,50,2*70
1780409206.313,$GAGSV,2,2,07,25,40,183,19,31,20,048,42,34,29,281,30,2*4E
1780409206.314,$GAGSV,2,1,06,05,36,345,45,06,19,073,35,09,32,050,32,16,60,103,44,7*76
1780409206.314,$GAGSV,2,2,06,31,20,048,34,34,29,281,22,7*79
1780409206.315,$GAGSV,1,1,04,03,07,300,,04,02,090,,11,12,171,,36,37,218,,0*76
1780409206.315,$GBGSV,2,1,08,06,65,133,50,07,51,006,45,09,82,029,47,10,60,351,45,1*72
1780409206.316,$GBGSV,2,2,08,23,42,230,15,24,23,034,44,25,78,335,51,33,60,055,49,1*7E
1780409206.317,$GBGSV,1,1,02,09,82,029,49,10,60,351,47,3*70
1780409206.317,$GBGSV,2,1,08,01,42,107,,02,63,242,,03,71,140,,04,22,097,,0*74
1780409206.318,$GBGSV,2,2,08,04,22,097,,08,16,156,,13,11,201,,14,03,127,,0*7B
1780409206.318,$GNGLL,1339.00389,N,10029.53064,E,140646.00,A,D*77
1780409207.299,$GNRMC,140647.00,A,1339.00385,N,10029.53067,E,0.284,131.31,020626,0.53,W,F,V*46
1780409207.302,$GNVTG,131.31,T,131.83,M,0.284,N,0.526,K,D*3E
1780409207.303,$GNGGA,140647.00,1339.00385,N,10029.53067,E,5,12,1.42,-3.3,M,-27.8,M,1.0,0499*6F
1780409207.304,$GNGSA,A,3,10,25,26,28,31,32,,,,,,,2.64,1.42,2.23,1*0E
1780409207.304,$GNGSA,A,3,78,66,77,67,,,,,,,,,2.64,1.42,2.23,2*08
1780409207.305,$GNGSA,A,3,05,06,09,16,31,34,,,,,,,2.64,1.42,2.23,3*0F
1780409207.305,$GNGSA,A,3,06,07,33,09,10,24,25,,,,,,2.64,1.42,2.23,4*08
1780409207.306,$GPGSV,2,1,08,01,11,293,23,10,54,147,42,25,20,043,41,26,60,193,23,1*6C
1780409207.307,$GPGSV,2,2,08,28,46,356,42,31,51,308,45,32,42,037,42,50,56,115,42,1*6E
1780409207.308,$GPGSV,2,1,06,10,54,147,39,25,20,043,38,26,60,193,18,28,46,356,44,6*6F
1780409207.308,$GPGSV,2,2,06,31,51,308,43,32,42,037,44,6*6C
1780409207.309,$GPGSV,3,1,09,02,17,266,,03,01,326,,16,28,197,,23,17,148,,0*65
1780409207.310,$GPGSV,3,2,09,23,17,148,,27,02,202,,29,05,096,,40,37,260,,0*65
1780409207.310,$GPGSV,3,3,09,40,37,260,,0*58
1780409207.312,$GLGSV,2,1,05,66,30,093,45,67,41,020,46,77,37,023,43,78,79,231,44,1*71
1780409207.312,$GLGSV,2,2,05,79,25,210,10,1*46
1780409207.313,$GLGSV,1,1,04,66,30,093,43,67,41,020,45,78,79,231,42,79,25,210,19,3*72
1780409207.314,$GLGSV,1,1,04,68,11,335,,81,03,196,,82,09,239,,83,01,287,,0*7E
1780409207.315,$GAGSV,2,1,07,05,36,345,47,06,19,073,35,09,32,050,41,16,60,103,50,2*71
1780409207.315,$GAGSV,2,2,07,25,40,183,19,31,20,048,42,34,29,281,31,2*4F
1780409207.316,$GAGSV,2,1,06,05,36,345,45,06,19,073,35,09,32,050,32,16,60,103,44,7*76
1780409207.318,$GAGSV,2,2,06,31,20,048,34,34,29,281,21,7*7A
1780409207.318,$GAGSV,1,1,04,03,07,300,,04,02,090,,11,12,171,,36,37,218,,0*76
1780409207.319,$GBGSV,2,1,08,06,65,133,50,07,51,006,45,09,82,029,47,10,60,351,46,1*71
1780409207.320,$GBGSV,2,2,08,23,42,230,16,24,23,034,44,25,78,335,51,33,60,055,49,1*7D
1780409207.320,$GBGSV,1,1,02,09,82,029,49,10,60,351,46,3*71
1780409207.321,$GBGSV,2,1,08,01,42,107,,02,63,242,,03,71,140,,04,22,097,,0*74
1780409207.322,$GBGSV,2,2,08,04,22,097,,08,16,156,,13,11,201,,14,03,127,,0*7B
1780409207.322,$GNGLL,1339.00385,N,10029.53067,E,140647.00,A,D*79
1780409208.297,$GNRMC,140648.00,A,1339.00371,N,10029.53077,E,0.713,136.11,020626,0.53,W,F,V*4D
1780409208.300,$GNVTG,136.11,T,136.64,M,0.713,N,1.321,K,D*3E
1780409208.301,$GNGGA,140648.00,1339.00371,N,10029.53077,E,5,12,1.42,-3.5,M,-27.8,M,1.0,0499*6C
1780409208.301,$GNGSA,A,3,10,25,26,28,31,32,,,,,,,2.64,1.42,2.23,1*0E
1780409208.302,$GNGSA,A,3,78,66,77,67,,,,,,,,,2.64,1.42,2.23,2*08
1780409208.302,$GNGSA,A,3,05,06,09,16,31,34,,,,,,,2.64,1.42,2.23,3*0F
1780409208.303,$GNGSA,A,3,06,07,33,09,10,24,25,,,,,,2.64,1.42,2.23,4*08
1780409208.303,$GPGSV,2,1,07,10,54,147,43,25,20,043,41,26,60,193,21,28,46,356,41,1*65
1780409208.304,$GPGSV,2,2,07,31,51,308,46,32,42,037,43,50,56,115,45,1*5A
1780409208.305,$GPGSV,2,1,06,10,54,147,41,25,20,043,38,26,60,193,19,28,46,356,44,6*61
1780409208.305,$GPGSV,2,2,06,31,51,308,43,32,42,037,41,6*69
1780409208.306,$GPGSV,3,1,10,01,11,293,,02,17,266,,03,01,326,,16,28,197,,0*6E
1780409208.306,$GPGSV,3,2,10,16,28,197,,23,17,148,,27,02,202,,29,05,096,,0*6B
1780409208.307,$GPGSV,3,3,10,29,05,096,,40,37,260,,0*61
1780409208.308,$GLGSV,2,1,05,66,30,093,43,67,41,020,47,77,37,023,41,78,79,231,41,1*71
1780409208.308,$GLGSV,2,2,05,79,25,210,10,1*46
1780409208.309,$GLGSV,1,1,04,66,30,093,44,67,41,020,46,78,79,231,42,79,25,210,19,3*76
1780409208.310,$GLGSV,1,1,04,68,11,335,,81,03,196,,82,09,239,,83,01,287,,0*7E
1780409208.311,$GAGSV,2,1,07,05,36,345,49,06,19,073,38,09,32,050,39,16,60,103,51,2*7C
1780409208.311,$GAGSV,2,2,07,25,40,183,17,31,20,048,43,34,29,281,30,2*41
1780409208.312,$GAGSV,2,1,06,05,36,345,41,06,19,073,40,09,32,050,35,16,60,103,44,7*77
1780409208.313,$GAGSV,2,2,06,31,20,048,37,34,29,281,28,7*70
1780409208.313,$GAGSV,1,1,04,03,07,300,,04,02,090,,11,12,171,,36,37,218,,0*76
1780409208.314,$GBGSV,2,1,08,06,65,133,50,07,51,006,40,09,82,029,48,10,60,351,44,1*79
1780409208.315,$GBGSV,2,2,08,23,42,230,17,24,23,034,45,25,78,335,45,33,60,055,48,1*79
1780409208.315,$GBGSV,1,1,02,09,82,029,49,10,60,351,47,3*70
1780409208.316,$GBGSV,2,1,08,01,42,107,,02,63,242,,03,71,140,,04,22,097,,0*74
1780409208.317,$GBGSV,2,2,08,04,22,097,,08,16,156,,13,11,201,,14,03,127,,0*7B
1780409208.317,$GNGLL,1339.00371,N,10029.53077,E,140648.00,A,D*7C
1780409209.300,$GNRMC,140649.00,A,1339.00353,N,10029.53091,E,0.722,130.74,020626,0.53,W,F,V*43
1780409209.302,$GNVTG,130.74,T,131.27,M,0.722,N,1.338,K,D*31
1780409209.303,$GNGGA,140649.00,1339.00353,N,10029.53091,E,5,12,1.42,-3.7,M,-27.8,M,1.0,0499*67
1780409209.304,$GNGSA,A,3,10,25,28,31,32,,,,,,,,2.64,1.42,2.23,1*0A
1780409209.304,$GNGSA,A,3,79,78,66,77,67,,,,,,,,2.64,1.42,2.23,2*06
1780409209.305,$GNGSA,A,3,05,06,09,16,31,34,,,,,,,2.64,1.42,2.23,3*0F
1780409209.305,$GNGSA,A,3,06,07,33,09,10,24,25,,,,,,2.64,1.42,2.23,4*08
1780409209.306,$GPGSV,2,1,07,10,54,147,44,25,20,043,38,26,60,193,19,28,46,356,45,1*63
1780409209.307,$GPGSV,2,2,07,31,51,308,47,32,42,037,46,50,56,115,43,1*58
1780409209.307,$GPGSV,1,1,01,23,17,148,20,5*59
1780409209.308,$GPGSV,2,1,06,10,54,147,41,25,20,043,40,26,60,193,19,28,46,356,42,6*68
1780409209.309,$GPGSV,2,2,06,31,51,308,45,32,42,037,40,6*6E
1780409209.310,$GPGSV,3,1,09,01,11,293,,02,17,266,,03,01,326,,16,28,197,,0*66
1780409209.310,$GPGSV,3,2,09,16,28,197,,27,02,202,,29,05,096,,40,37,260,,0*6D
1780409209.311,$GPGSV,3,3,09,40,37,260,,0*58
1780409209.311,$GLGSV,2,1,05,66,30,093,43,67,41,020,45,77,37,023,40,78,79,231,41,1*72
1780409209.312,$GLGSV,2,2,05,79,25,210,11,1*47
1780409209.312,$GLGSV,1,1,04,66,30,093,41,67,41,020,45,78,79,231,39,79,25,210,21,3*77
1780409209.313,$GLGSV,1,1,04,68,11,335,,81,03,196,,82,09,239,,83,01,287,,0*7E
1780409209.314,$GAGSV,2,1,07,05,36,345,47,06,19,073,37,09,32,050,44,16,60,103,51,2*77
1780409209.314,$GAGSV,2,2,07,25,40,183,19,31,20,048,44,34,29,281,24,2*4D
1780409209.315,$GAGSV,2,1,06,05,36,345,45,06,19,073,41,09,32,050,39,16,60,103,46,7*7C
1780409209.316,$GAGSV,2,2,06,31,20,048,37,34,29,281,26,7*7E
1780409209.316,$GAGSV,1,1,04,03,07,300,,04,02,090,,11,12,171,,36,37,218,,0*76
1780409209.317,$GBGSV,2,1,08,06,65,133,49,07,51,006,44,09,82,029,47,10,60,351,45,1*7B
1780409209.318,$GBGSV,2,2,08,23,42,230,15,24,23,034,44,25,78,335,52,33,60,055,49,1*7D
1780409209.318,$GBGSV,1,1,02,09,82,029,51,10,60,351,48,3*76
1780409209.319,$GBGSV,2,1,08,01,42,107,,02,63,242,,03,71,140,,04,22,097,,0*74
1780409209.320,$GBGSV,2,2,08,04,22,097,,08,16,156,,13,11,201,,14,03,127,,0*7B
1780409209.320,$GNGLL,1339.00353,N,10029.53091,E,140649.00,A,D*75
1780409210.300,$GNRMC,140650.00,A,1339.00333,N,10029.53103,E,0.703,132.51,020626,0.53,W,F,V*41
1780409210.302,$GNVTG,132.51,T,133.04,M,0.703,N,1.303,K,D*3C
1780409210.303,$GNGGA,140650.00,1339.00333,N,10029.53103,E,5,12,1.02,-4.0,M,-27.8,M,1.0,0499*67
1780409210.303,$GNGSA,A,3,10,25,26,28,31,32,,,,,,,1.96,1.02,1.67,1*07
1780409210.304,$GNGSA,A,3,79,78,66,77,67,,,,,,,,1.96,1.02,1.67,2*0F
1780409210.304,$GNGSA,A,3,25,05,06,09,16,31,34,,,,,,1.96,1.02,1.67,3*01
1780409210.305,$GNGSA,A,3,06,07,33,09,10,24,25,,,,,,1.96,1.02,1.67,4*01
1780409210.305,$GPGSV,2,1,07,10,54,147,46,25,20,043,35,26,60,193,20,28,46,356,43,1*60
1780409210.306,$GPGSV,2,2,07,31,51,308,46,32,42,037,44,50,56,115,44,1*5C
1780409210.307,$GPGSV,2,1,07,10,54,147,41,23,17,148,18,25,20,043,40,26,60,193,18,6*65
1780409210.307,$GPGSV,2,2,07,28,46,356,43,31,51,308,44,32,42,037,44,6*55
1780409210.308,$GPGSV,3,1,09,01,11,293,,02,17,266,,03,01,326,,16,28,197,,0*66
1780409210.309,$GPGSV,3,2,09,16,28,197,,27,02,202,,29,05,096,,40,37,260,,0*6D
1780409210.309,$GPGSV,3,3,09,40,37,260,,0*58
1780409210.310,$GLGSV,2,1,05,66,30,093,45,67,41,020,43,77,37,023,41,78,79,231,35,1*70
1780409210.310,$GLGSV,2,2,05,79,25,210,14,1*42
1780409210.311,$GLGSV,1,1,04,66,30,093,44,67,41,020,48,78,79,231,37,79,25,210,22,3*72
1780409210.311,$GLGSV,1,1,04,68,11,335,,81,03,196,,82,09,239,,83,01,287,,0*7E
1780409210.312,$GAGSV,2,1,07,05,36,345,47,06,19,073,35,09,32,050,40,16,60,103,49,2*78
1780409210.313,$GAGSV,2,2,07,25,40,183,21,31,20,048,42,34,29,281,25,2*41
1780409210.313,$GAGSV,2,1,06,05,36,345,43,06,19,073,38,09,32,050,44,16,60,103,42,7*7A
1780409210.314,$GAGSV,2,2,06,31,20,048,37,34,29,281,26,7*7E
1780409210.315,$GAGSV,1,1,04,03,07,300,,04,02,090,,11,12,171,,36,37,218,,0*76
1780409210.315,$GBGSV,2,1,08,06,65,133,49,07,51,006,46,09,82,029,43,10,60,351,47,1*7F
1780409210.316,$GBGSV,2,2,08,23,42,230,15,24,23,034,43,25,78,335,46,33,60,055,50,1*77
1780409210.316,$GBGSV,1,1,02,09,82,029,50,10,60,351,47,3*78
1780409210.317,$GBGSV,2,1,08,01,42,107,,02,63,242,,03,71,140,,04,22,097,,0*74
1780409210.318,$GBGSV,2,2,08,04,22,097,,08,16,156,,13,11,201,,14,03,127,,0*7B
1780409210.318,$GNGLL,1339.00333,N,10029.53103,E,140650.00,A,D*71
1780409211.297,$GNRMC,140651.00,A,1339.00312,N,10029.53109,E,0.445,128.53,020626,0.53,W,F,V*41
1780409211.299,$GNVTG,128.53,T,129.06,M,0.445,N,0.825,K,D*33
1780409211.300,$GNGGA,140651.00,1339.00312,N,10029.53109,E,5,12,1.02,-4.5,M,-27.8,M,1.0,0499*6A
1780409211.300,$GNGSA,A,3,10,25,26,28,31,32,,,,,,,1.96,1.02,1.67,1*07
1780409211.301,$GNGSA,A,3,78,66,77,67,,,,,,,,,1.96,1.02,1.67,2*01
1780409211.302,$GNGSA,A,3,25,05,06,09,16,31,34,,,,,,1.96,1.02,1.67,3*01
1780409211.302,$GNGSA,A,3,06,07,33,09,10,24,25,,,,,,1.96,1.02,1.67,4*01
1780409211.303,$GPGSV,2,1,07,10,54,147,47,25,20,043,35,26,60,193,21,28,46,356,43,1*60
1780409211.303,$GPGSV,2,2,07,31,51,308,46,32,42,037,44,50,56,115,44,1*5C
1780409211.304,$GPGSV,2,1,07,10,54,147,42,23,17,148,15,25,20,043,38,26,60,193,18,6*64
1780409211.305,$GPGSV,2,2,07,28,46,356,45,31,51,308,44,32,42,037,39,6*59
1780409211.305,$GPGSV,3,1,09,01,11,293,,02,17,266,,03,01,326,,16,28,197,,0*66
1780409211.306,$GPGSV,3,2,09,16,28,197,,27,02,202,,29,05,096,,40,37,260,,0*6D
1780409211.306,$GPGSV,3,3,09,40,37,260,,0*58
1780409211.307,$GLGSV,2,1,05,66,30,093,44,67,41,020,49,77,37,023,39,78,79,231,34,1*75
1780409211.308,$GLGSV,2,2,05,79,25,210,15,1*43
1780409211.308,$GLGSV,1,1,04,66,30,093,43,67,41,020,48,78,79,231,36,79,25,210,19,3*7C
1780409211.309,$GLGSV,1,1,04,68,11,335,,81,03,196,,82,09,239,,83,01,287,,0*7E
1780409211.310,$GAGSV,2,1,07,05,36,345,47,06,19,073,36,09,32,050,44,16,60,103,49,2*7F
1780409211.310,$GAGSV,2,2,07,25,40,183,22,31,20,048,43,34,29,281,25,2*43
1780409211.311,$GAGSV,2,1,06,05,36,345,45,06,19,073,36,09,32,050,34,16,60,103,44,7*73
1780409211.311,$GAGSV,2,2,06,31,20,048,40,34,29,281,24,7*7C
1780409211.312,$GAGSV,1,1,04,03,07,300,,04,02,090,,11,12,171,,36,37,218,,0*76
1780409211.313,$GBGSV,2,1,08,06,65,133,48,07,51,006,43,09,82,029,47,10,60,351,43,1*7B
1780409211.313,$GBGSV,2,2,08,23,42,230,17,24,23,034,44,25,78,335,50,33,60,055,48,1*7C
1780409211.314,$GBGSV,1,1,02,09,82,029,50,10,60,351,50,3*7E
1780409211.315,$GBGSV,2,1,08,01,42,107,,02,63,242,,03,71,140,,04,22,097,,0*74
1780409211.315,$GBGSV,2,2,08,04,22,097,,08,16,156,,13,11,201,,14,03,127,,0*7B
1780409211.316,$GNGLL,1339.00312,N,10029.53109,E,140651.00,A,D*79
1780409212.297,$GNRMC,140652.00,A,1339.00298,N,10029.53107,E,0.043,,020626,0.53,W,F,V*5E
1780409212.298,$GNVTG,,T,,M,0.043,N,0.079,K,D*31
1780409212.299,$GNGGA,140652.00,1339.00298,N,10029.53107,E,5,12,1.02,-4.9,M,-27.8,M,1.0,0499*68
1780409212.300,$GNGSA,A,3,10,25,26,28,31,32,,,,,,,1.96,1.02,1.67,1*07
1780409212.301,$GNGSA,A,3,78,66,77,67,,,,,,,,,1.96,1.02,1.67,2*01
1780409212.301,$GNGSA,A,3,25,05,06,09,16,31,34,,,,,,1.96,1.02,1.67,3*01
1780409212.302,$GNGSA,A,3,06,07,33,09,10,24,25,,,,,,1.96,1.02,1.67,4*01
1780409212.303,$GPGSV,2,1,07,10,54,147,47,25,20,043,35,26,60,193,20,28,46,356,45,1*67
1780409212.304,$GPGSV,2,2,07,31,51,308,45,32,42,037,44,50,56,115,43,1*58
1780409212.305,$GPGSV,2,1,07,10,54,147,42,23,17,148,15,25,20,043,37,26,60,193,17,6*64
1780409212.306,$GPGSV,2,2,07,28,46,356,45,31,51,308,42,32,42,037,40,6*51
1780409212.307,$GPGSV,3,1,09,01,11,293,,02,17,266,,03,01,326,,16,28,197,,0*66
1780409212.307,$GPGSV,3,2,09,16,28,197,,27,02,202,,29,05,096,,40,37,260,,0*6D
1780409212.308,$GPGSV,3,3,09,40,37,260,,0*58
1780409212.309,$GLGSV,2,1,05,66,30,093,46,67,41,020,46,77,37,023,41,78,79,231,36,1*75
1780409212.309,$GLGSV,2,2,05,79,25,210,17,1*41
1780409212.310,$GLGSV,1,1,04,66,30,093,44,67,41,020,48,78,79,231,37,79,25,210,14,3*77
1780409212.311,$GLGSV,1,1,04,68,11,335,,81,03,196,,82,09,239,,83,01,287,,0*7E
1780409212.312,$GAGSV,2,1,07,05,36,345,50,06,19,073,38,09,32,050,45,16,60,103,47,2*78
1780409212.313,$GAGSV,2,2,07,25,40,183,23,31,20,048,43,34,29,281,26,2*41
1780409212.314,$GAGSV,2,1,06,05,36,345,44,06,19,073,38,09,32,050,37,16,60,103,45,7*7E
1780409212.315,$GAGSV,2,2,06,31,20,048,42,34,29,281,22,7*78
1780409212.315,$GAGSV,1,1,04,03,07,300,,04,02,090,,11,12,171,,36,37,218,,0*76
1780409212.316,$GBGSV,2,1,08,06,65,133,48,07,51,006,45,09,82,029,48,10,60,351,43,1*72
1780409212.318,$GBGSV,2,2,08,23,42,230,16,24,23,034,44,25,78,335,50,33,60,055,48,1*7D
1780409212.319,$GBGSV,1,1,02,09,82,029,50,10,60,351,50,3*7E
1780409212.320,$GBGSV,2,1,08,01,42,107,,02,63,242,,03,71,140,,04,22,097,,0*74
1780409212.320,$GBGSV,2,2,08,04,22,097,,08,16,156,,13,11,201,,14,03,127,,0*7B
1780409212.321,$GNGLL,1339.00298,N,10029.53107,E,140652.00,A,D*77
1780409213.298,$GNRMC,140653.00,A,1339.00288,N,10029.53099,E,0.026,,020626,0.53,W,F,V*5B
1780409213.300,$GNVTG,,T,,M,0.026,N,0.048,K,D*30
1780409213.301,$GNGGA,140653.00,1339.00288,N,10029.53099,E,5,12,1.02,-5.2,M,-27.8,M,1.0,0499*64
1780409213.301,$GNGSA,A,3,10,25,28,31,32,,,,,,,,1.96,1.02,1.67,1*03
1780409213.302,$GNGSA,A,3,78,66,77,67,,,,,,,,,1.96,1.02,1.67,2*01
1780409213.303,$GNGSA,A,3,25,05,06,09,16,31,34,,,,,,1.96,1.02,1.67,3*01
1780409213.303,$GNGSA,A,3,06,07,33,09,10,24,25,,,,,,1.96,1.02,1.67,4*01
1780409213.304,$GPGSV,2,1,07,10,54,147,47,25,20,043,35,26,60,193,18,28,46,356,44,1*6D
1780409213.305,$GPGSV,2,2,07,31,51,308,44,32,42,037,44,50,56,115,43,1*59
1780409213.306,$GPGSV,2,1,07,10,54,147,42,23,17,148,15,25,20,043,37,26,60,193,17,6*64
1780409213.307,$GPGSV,2,2,07,28,46,356,46,31,51,308,42,32,42,037,40,6*52
1780409213.307,$GPGSV,3,1,09,01,11,293,,02,17,266,,03,01,326,,16,28,197,,0*66
1780409213.308,$GPGSV,3,2,09,16,28,197,,27,02,202,,29,05,096,,40,37,260,,0*6D
1780409213.309,$GPGSV,3,3,09,40,37,260,,0*58
1780409213.309,$GLGSV,2,1,05,66,30,093,46,67,41,020,47,77,37,023,41,78,79,231,36,1*74
1780409213.310,$GLGSV,2,2,05,79,25,210,16,1*40
1780409213.311,$GLGSV,1,1,04,66,30,093,43,67,41,020,48,78,79,231,38,79,25,210,13,3*78
1780409213.312,$GLGSV,1,1,04,68,11,335,,81,03,196,,82,09,239,,83,01,287,,0*7E
1780409213.312,$GAGSV,2,1,07,05,36,345,49,06,19,073,38,09,32,050,45,16,60,103,48,2*7F
1780409213.313,$GAGSV,2,2,07,25,40,183,23,31,20,048,43,34,29,281,26,2*41
1780409213.314,$GAGSV,2,1,06,05,36,345,44,06,19,073,38,09,32,050,36,16,60,103,47,7*7D
1780409213.315,$GAGSV,2,2,06,31,20,048,42,34,29,281,20,7*7A
1780409213.316,$GAGSV,1,1,04,03,07,300,,04,02,090,,11,12,171,,36,37,218,,0*76
1780409213.317,$GBGSV,2,1,08,06,65,133,48,07,51,006,45,09,82,029,48,10,60,351,43,1*72
1780409213.317,$GBGSV,2,2,08,23,42,230,14,24,23,034,44,25,78,335,50,33,60,055,48,1*7F
1780409213.318,$GBGSV,1,1,02,09,82,029,50,10,60,351,49,3*76
1780409213.319,$GBGSV,2,1,08,01,42,107,,02,63,242,,03,71,140,,04,22,097,,0*74
1780409213.320,$GBGSV,2,2,08,04,22,097,,08,16,156,,13,11,201,,14,03,127,,0*7B
1780409213.320,$GNGLL,1339.00288,N,10029.53099,E,140653.00,A,D*71
1780409214.297,$GNRMC,140654.00,A,1339.00278,N,10029.53095,E,0.250,,020626,0.53,W,F,V*5C
1780409214.299,$GNVTG,,T,,M,0.250,N,0.462,K,D*3F
1780409214.300,$GNGGA,140654.00,1339.00278,N,10029.53095,E,5,12,1.02,-5.5,M,-27.8,M,1.0,0499*67
1780409214.301,$GNGSA,A,3,10,25,28,31,32,,,,,,,,1.96,1.02,1.67,1*03
1780409214.301,$GNGSA,A,3,78,66,77,67,,,,,,,,,1.96,1.02,1.67,2*01
1780409214.302,$GNGSA,A,3,25,05,06,09,16,31,34,,,,,,1.96,1.02,1.67,3*01
1780409214.302,$GNGSA,A,3,06,07,33,09,10,24,25,,,,,,1.96,1.02,1.67,4*01
1780409214.303,$GPGSV,2,1,07,10,54,147,47,25,20,043,35,26,60,193,18,28,46,356,45,1*6C
1780409214.304,$GPGSV,2,2,07,31,51,308,44,32,42,037,45,50,56,115,43,1*58
1780409214.305,$GPGSV,2,1,07,10,54,147,42,23,17,148,13,25,20,043,37,26,60,193,17,6*62
1780409214.306,$GPGSV,2,2,07,28,46,356,46,31,51,308,42,32,42,037,42,6*50
1780409214.307,$GPGSV,3,1,09,01,11,293,,02,17,266,,03,01,326,,16,28,197,,0*66
1780409214.308,$GPGSV,3,2,09,16,28,197,,27,02,202,,29,05,096,,40,37,260,,0*6D
1780409214.309,$GPGSV,3,3,09,40,37,260,,0*58
1780409214.309,$GLGSV,2,1,05,66,30,093,47,67,41,020,46,77,37,023,41,78,79,231,36,1*74
1780409214.310,$GLGSV,2,2,05,79,25,210,17,1*41
1780409214.311,$GLGSV,1,1,04,66,30,093,43,67,41,020,48,78,79,231,38,79,25,210,11,3*7A
1780409214.312,$GLGSV,1,1,04,68,11,335,,81,03,196,,82,09,239,,83,01,287,,0*7E
1780409214.312,$GAGSV,2,1,07,05,36,345,49,06,19,073,38,09,32,050,45,16,60,103,47,2*70
1780409214.313,$GAGSV,2,2,07,25,40,183,23,31,20,048,43,34,29,281,26,2*41
1780409214.314,$GAGSV,2,1,06,05,36,345,43,06,19,073,38,09,32,050,37,16,60,103,46,7*7A
1780409214.315,$GAGSV,2,2,06,31,20,048,42,34,29,281,19,7*70
1780409214.316,$GAGSV,1,1,04,03,07,300,,04,02,090,,11,12,171,,36,37,218,,0*76
1780409214.316,$GBGSV,2,1,08,06,65,133,47,07,51,006,46,09,82,029,48,10,60,351,43,1*7E
1780409214.317,$GBGSV,2,2,08,23,42,230,10,24,23,034,44,25,78,335,50,33,60,055,47,1*74
1780409214.318,$GBGSV,1,1,02,09,82,029,50,10,60,351,49,3*76
1780409214.319,$GBGSV,2,1,08,01,42,107,,02,63,242,,03,71,140,,04,22,097,,0*74
1780409214.319,$GBGSV,2,2,08,04,22,097,,08,16,156,,13,11,201,,14,03,127,,0*7B
1780409214.320,$GNGLL,1339.00278,N,10029.53095,E,140654.00,A,D*75
1780409215.299,$GNRMC,140655.00,A,1339.00263,N,10029.53103,E,0.761,130.28,020626,0.53,W,F,V*48
1780409215.301,$GNVTG,130.28,T,130.81,M,0.761,N,1.409,K,D*37
1780409215.303,$GNGGA,140655.00,1339.00263,N,10029.53103,E,5,12,1.02,-5.6,M,-27.8,M,1.0,0499*61
1780409215.303,$GNGSA,A,3,10,25,28,31,32,,,,,,,,1.96,1.02,1.67,1*03
1780409215.304,$GNGSA,A,3,78,66,77,67,,,,,,,,,1.96,1.02,1.67,2*01
1780409215.304,$GNGSA,A,3,25,05,06,09,16,31,34,,,,,,1.96,1.02,1.67,3*01
1780409215.305,$GNGSA,A,3,06,07,33,09,10,24,25,,,,,,1.96,1.02,1.67,4*01
1780409215.306,$GPGSV,2,1,07,10,54,147,48,25,20,043,37,26,60,193,18,28,46,356,39,1*6A
1780409215.307,$GPGSV,2,2,07,31,51,308,44,32,42,037,43,50,56,115,43,1*5E
1780409215.307,$GPGSV,2,1,07,10,54,147,44,23,17,148,13,25,20,043,38,26,60,193,17,6*6B
1780409215.309,$GPGSV,2,2,07,28,46,356,44,31,51,308,43,32,42,037,43,6*52
1780409215.310,$GPGSV,3,1,09,01,11,293,,02,17,266,,03,01,326,,16,28,197,,0*66
1780409215.311,$GPGSV,3,2,09,16,28,197,,27,02,202,,29,05,096,,40,37,260,,0*6D
1780409215.311,$GPGSV,3,3,09,40,37,260,,0*58
1780409215.312,$GLGSV,2,1,05,66,30,093,44,67,41,020,48,77,37,023,41,78,79,231,36,1*79
1780409215.313,$GLGSV,2,2,05,79,25,210,19,1*4F
1780409215.313,$GLGSV,1,1,04,66,30,093,44,67,41,020,49,78,79,231,35,79,25,210,12,3*72
1780409215.314,$GLGSV,1,1,04,68,11,335,,81,03,196,,82,09,239,,83,01,287,,0*7E
1780409215.315,$GAGSV,2,1,07,05,36,345,48,06,19,073,40,09,32,050,45,16,60,103,45,2*7C
1780409215.316,$GAGSV,2,2,07,25,40,183,21,31,20,048,42,34,29,281,26,2*42
1780409215.317,$GAGSV,2,1,06,05,36,345,44,06,19,073,40,09,32,050,39,16,60,103,44,7*7E
1780409215.317,$GAGSV,2,2,06,31,20,048,40,34,29,281,20,7*78
1780409215.318,$GAGSV,1,1,04,03,07,300,,04,02,090,,11,12,171,,36,37,218,,0*76
1780409215.319,$GBGSV,2,1,08,06,65,133,46,07,51,006,46,09,82,029,48,10,60,351,44,1*78
1780409215.320,$GBGSV,2,2,08,23,42,230,14,24,23,034,43,25,78,335,49,33,60,055,47,1*7F
1780409215.321,$GBGSV,1,1,02,09,82,029,49,10,60,351,47,3*70
1780409215.321,$GBGSV,2,1,08,01,42,107,,02,63,242,,03,71,140,,04,22,097,,0*74
1780409215.322,$GBGSV,2,2,08,04,22,097,,08,16,156,,13,11,201,,14,03,127,,0*7B
1780409215.322,$GNGLL,1339.00263,N,10029.53103,E,140655.00,A,D*70
1780409216.299,$GNRMC,140656.00,A,1339.00243,N,10029.53119,E,0.790,127.66,020626,0.53,W,F,V*40
1780409216.302,$GNVTG,127.66,T,128.19,M,0.790,N,1.464,K,D*36
1780409216.303,$GNGGA,140656.00,1339.00243,N,10029.53119,E,5,12,1.41,-5.6,M,-27.8,M,1.0,0499*6C
1780409216.303,$GNGSA,A,3,10,25,28,31,32,,,,,,,,2.64,1.41,2.23,1*09
1780409216.304,$GNGSA,A,3,78,66,77,67,,,,,,,,,2.64,1.41,2.23,2*0B
1780409216.304,$GNGSA,A,3,05,06,09,16,31,34,,,,,,,2.64,1.41,2.23,3*0C
1780409216.305,$GNGSA,A,3,06,07,33,09,10,24,25,,,,,,2.64,1.41,2.23,4*0B
1780409216.305,$GPGSV,2,1,07,10,54,147,48,25,20,043,37,26,60,193,18,28,46,356,42,1*66
1780409216.306,$GPGSV,2,2,07,31,51,308,43,32,42,037,46,50,56,115,43,1*5C
1780409216.307,$GPGSV,2,1,07,10,54,147,45,23,17,148,14,25,20,043,36,26,60,193,18,6*6C
1780409216.307,$GPGSV,2,2,07,28,46,356,43,31,51,308,43,32,42,037,42,6*54
1780409216.308,$GPGSV,3,1,09,01,11,293,,02,17,266,,03,01,326,,16,28,197,,0*66
1780409216.308,$GPGSV,3,2,09,16,28,197,,27,02,202,,29,05,096,,40,37,260,,0*6D
1780409216.309,$GPGSV,3,3,09,40,37,260,,0*58
1780409216.310,$GLGSV,2,1,05,66,30,093,45,67,41,020,45,77,37,023,40,78,79,231,33,1*71
1780409216.310,$GLGSV,2,2,05,79,25,210,18,1*4E
1780409216.311,$GLGSV,1,1,04,66,30,093,42,67,41,020,45,78,79,231,31,79,25,210,16,3*78
1780409216.311,$GLGSV,1,1,04,68,11,335,,81,03,196,,82,09,239,,83,01,287,,0*7E
1780409216.312,$GAGSV,2,1,07,05,36,345,45,06,19,073,44,09,32,050,43,16,60,103,47,2*71
1780409216.313,$GAGSV,2,2,07,25,40,183,19,31,20,048,42,34,29,281,26,2*49
1780409216.313,$GAGSV,2,1,06,05,36,345,43,06,19,073,40,09,32,050,42,16,60,103,45,7*74
1780409216.314,$GAGSV,2,2,06,31,20,048,36,34,29,281,21,7*78
1780409216.314,$GAGSV,1,1,04,03,07,300,,04,02,090,,11,12,171,,36,37,218,,0*76
1780409216.315,$GBGSV,2,1,08,06,65,133,45,07,51,006,47,09,82,029,45,10,60,351,46,1*75
1780409216.317,$GBGSV,2,2,08,23,42,230,15,24,23,034,42,25,78,335,51,33,60,055,47,1*76
1780409216.317,$GBGSV,1,1,02,09,82,029,48,10,60,351,46,3*70
1780409216.318,$GBGSV,2,1,08,01,42,107,,02,63,242,,03,71,140,,04,22,097,,0*74
1780409216.319,$GBGSV,2,2,08,04,22,097,,08,16,156,,13,11,201,,14,03,127,,0*7B
1780409216.319,$GNGLL,1339.00243,N,10029.53119,E,140656.00,A,D*7A
1780409217.295,$GNRMC,140657.00,A,1339.00220,N,10029.53131,E,0.766,130.04,020626,0.53,W,F,V*45
1780409217.297,$GNVTG,130.04,T,130.57,M,0.766,N,1.419,K,D*34
1780409217.298,$GNGGA,140657.00,1339.00220,N,10029.53131,E,5,12,1.41,-5.8,M,-27.8,M,1.0,0499*6C
1780409217.299,$GNGSA,A,3,10,25,28,31,32,,,,,,,,2.64,1.41,2.23,1*09
1780409217.300,$GNGSA,A,3,78,66,77,67,,,,,,,,,2.64,1.41,2.23,2*0B
1780409217.300,$GNGSA,A,3,05,06,09,16,31,34,,,,,,,2.64,1.41,2.23,3*0C
1780409217.300,$GNGSA,A,3,06,07,33,09,10,24,25,,,,,,2.64,1.41,2.23,4*0B
1780409217.301,$GPGSV,2,1,07,10,54,147,48,25,20,043,39,26,60,193,17,28,46,356,46,1*63
1780409217.301,$GPGSV,2,2,07,31,51,308,45,32,42,037,45,50,56,115,40,1*5A
1780409217.302,$GPGSV,2,1,07,10,54,147,45,23,17,148,15,25,20,043,38,26,60,193,17,6*6C
1780409217.303,$GPGSV,2,2,07,28,46,356,43,31,51,308,43,32,42,037,44,6*52
1780409217.303,$GPGSV,3,1,09,01,11,293,,02,17,266,,03,01,326,,16,28,197,,0*66
1780409217.304,$GPGSV,3,2,09,16,28,197,,27,02,202,,29,05,096,,40,37,260,,0*6D
1780409217.304,$GPGSV,3,3,09,40,37,260,,0*58
1780409217.305,$GLGSV,2,1,05,66,30,093,42,67,41,020,44,77,37,023,40,78,79,231,32,1*76
1780409217.305,$GLGSV,2,2,05,79,25,210,17,1*41
1780409217.305,$GLGSV,1,1,04,66,30,093,45,67,41,020,47,78,79,231,31,79,25,210,19,3*72
1780409217.306,$GLGSV,1,1,04,68,11,335,,81,03,196,,82,09,239,,83,01,287,,0*7E
1780409217.306,$GAGSV,2,1,07,05,36,345,43,06,19,073,38,09,32,050,42,16,60,103,52,2*79
1780409217.307,$GAGSV,2,2,07,25,40,183,18,31,20,048,41,34,29,281,23,2*4E
1780409217.308,$GAGSV,2,1,06,05,36,345,40,06,19,073,40,09,32,050,38,16,60,103,49,7*76
1780409217.308,$GAGSV,2,2,06,31,20,048,40,34,29,281,22,7*7A
1780409217.308,$GAGSV,1,1,04,03,07,300,,04,02,090,,11,12,171,,36,37,218,,0*76
1780409217.309,$GBGSV,2,1,08,06,65,133,47,07,51,006,45,09,82,029,45,10,60,351,43,1*70
1780409217.310,$GBGSV,2,2,08,23,42,230,16,24,23,034,43,25,78,335,49,33,60,055,48,1*72
1780409217.310,$GBGSV,1,1,02,09,82,029,45,10,60,351,47,3*7C
1780409217.311,$GBGSV,2,1,08,01,42,107,,02,63,242,,03,71,140,,04,22,097,,0*74
1780409217.311,$GBGSV,2,2,08,04,22,097,,08,16,156,,13,11,201,,14,03,127,,0*7B
1780409217.312,$GNGLL,1339.00220,N,10029.53131,E,140657.00,A,D*74
1780409218.301,$GNRMC,140658.00,A,1339.00199,N,10029.53142,E,0.700,124.41,020626,0.53,W,F,V*4B
1780409218.304,$GNVTG,124.41,T,124.94,M,0.700,N,1.296,K,D*3B
1780409218.305,$GNGGA,140658.00,1339.00199,N,10029.53142,E,5,12,1.41,-5.9,M,-27.8,M,1.0,0499*67
1780409218.305,$GNGSA,A,3,10,25,28,31,32,,,,,,,,2.64,1.41,2.23,1*09
1780409218.306,$GNGSA,A,3,79,78,66,77,67,,,,,,,,2.64,1.41,2.23,2*05
1780409218.306,$GNGSA,A,3,25,05,06,09,16,31,34,,,,,,2.64,1.41,2.23,3*0B
1780409218.306,$GNGSA,A,3,06,07,33,09,10,24,25,,,,,,2.64,1.41,2.23,4*0B
1780409218.307,$GPGSV,2,1,07,10,54,147,49,25,20,043,37,26,60,193,16,28,46,356,45,1*6E
1780409218.308,$GPGSV,2,2,07,31,51,308,45,32,42,037,45,50,56,115,42,1*58
1780409218.308,$GPGSV,2,1,07,10,54,147,46,23,17,148,13,25,20,043,38,26,60,193,16,6*68
1780409218.309,$GPGSV,2,2,07,28,46,356,47,31,51,308,45,32,42,037,45,6*51
1780409218.309,$GPGSV,3,1,09,01,11,293,,02,17,266,,03,01,326,,16,28,197,,0*66
1780409218.310,$GPGSV,3,2,09,16,28,197,,27,02,202,,29,05,096,,40,37,260,,0*6D
1780409218.310,$GPGSV,3,3,09,40,37,260,,0*58
1780409218.311,$GLGSV,2,1,05,66,30,093,47,67,41,020,44,77,37,023,39,78,79,231,33,1*7C
1780409218.311,$GLGSV,2,2,05,79,25,210,17,1*41
1780409218.312,$GLGSV,1,1,04,66,30,093,45,67,41,020,46,78,79,231,32,79,25,210,20,3*7A
1780409218.312,$GLGSV,1,1,04,68,11,335,,81,03,196,,82,09,239,,83,01,287,,0*7E
1780409218.313,$GAGSV,2,1,07,05,36,345,42,06,19,073,36,09,32,050,44,16,60,103,50,2*72
1780409218.313,$GAGSV,2,2,07,25,40,183,21,31,20,048,38,34,29,281,26,2*4F
1780409218.314,$GAGSV,2,1,06,05,36,345,41,06,19,073,39,09,32,050,41,16,60,103,46,7*78
1780409218.315,$GAGSV,2,2,06,31,20,048,34,34,29,281,22,7*79
1780409218.315,$GAGSV,1,1,04,03,07,300,,04,02,090,,11,12,171,,36,37,218,,0*76
1780409218.316,$GBGSV,2,1,08,06,65,133,49,07,51,006,47,09,82,029,47,10,60,351,44,1*79
1780409218.316,$GBGSV,2,2,08,23,42,230,17,24,23,034,41,25,78,335,47,33,60,055,48,1*7F
1780409218.317,$GBGSV,1,1,02,09,82,029,48,10,60,351,46,3*70
1780409218.318,$GBGSV,2,1,08,01,42,107,,02,63,242,,03,71,140,,04,22,097,,0*74
1780409218.319,$GBGSV,2,2,08,04,22,097,,08,16,156,,13,11,201,,14,03,127,,0*7B
1780409218.320,$GNGLL,1339.00199,N,10029.53142,E,140658.00,A,D*7E
1780409219.300,$GNRMC,140659.00,A,1339.00180,N,10029.53152,E,0.657,123.85,020626,0.53,W,F,V*4F
1780409219.303,$GNVTG,123.85,T,124.38,M,0.657,N,1.217,K,D*38
1780409219.304,$GNGGA,140659.00,1339.00180,N,10029.53152,E,5,12,1.02,-5.8,M,-27.8,M,1.0,0499*69
1780409219.305,$GNGSA,A,3,10,25,28,31,32,,,,,,,,1.96,1.02,1.67,1*03
1780409219.305,$GNGSA,A,3,79,78,66,77,67,,,,,,,,1.96,1.02,1.67,2*0F
1780409219.306,$GNGSA,A,3,25,05,06,09,16,31,34,,,,,,1.96,1.02,1.67,3*01
1780409219.307,$GNGSA,A,3,06,07,33,09,10,24,25,,,,,,1.96,1.02,1.67,4*01
1780409219.307,$GPGSV,2,1,07,10,54,147,48,25,20,043,36,26,60,193,15,28,46,356,45,1*6D
1780409219.308,$GPGSV,2,2,07,31,51,308,46,32,42,037,45,50,56,115,42,1*5B
1780409219.309,$GPGSV,2,1,07,10,54,147,46,23,17,148,14,25,20,043,38,26,60,193,16,6*6F
1780409219.310,$GPGSV,2,2,07,28,46,356,45,31,51,308,44,32,42,037,46,6*51
1780409219.311,$GPGSV,3,1,09,01,11,293,,02,17,266,,03,01,326,,16,28,197,,0*66
1780409219.312,$GPGSV,3,2,09,16,28,197,,27,02,202,,29,05,096,,40,37,260,,0*6D
1780409219.312,$GPGSV,3,3,09,40,37,260,,0*58
1780409219.313,$GLGSV,2,1,05,66,30,093,46,67,41,020,45,77,37,023,40,78,79,231,32,1*73
1780409219.314,$GLGSV,2,2,05,79,25,210,16,1*40
1780409219.315,$GLGSV,1,1,04,66,30,093,46,67,41,020,45,78,79,231,28,79,25,210,21,3*70
1780409219.316,$GLGSV,1,1,04,68,11,335,,81,03,196,,82,09,239,,83,01,287,,0*7E
1780409219.317,$GAGSV,2,1,07,05,36,345,45,06,19,073,43,09,32,050,43,16,60,103,49,2*78
1780409219.317,$GAGSV,2,2,07,25,40,183,23,31,20,048,40,34,29,281,22,2*46
1780409219.319,$GAGSV,2,1,06,05,36,345,33,06,19,073,33,09,32,050,41,16,60,103,46,7*77
1780409219.320,$GAGSV,2,2,06,31,20,048,32,34,29,281,21,7*7C
1780409219.320,$GAGSV,1,1,04,03,07,300,,04,02,090,,11,12,171,,36,37,218,,0*76
1780409219.321,$GBGSV,2,1,08,06,65,133,48,07,51,006,43,09,82,029,49,10,60,351,43,1*75
1780409219.322,$GBGSV,2,2,08,23,42,230,17,24,23,034,43,25,78,335,48,33,60,055,49,1*73
1780409219.323,$GBGSV,1,1,02,09,82,029,47,10,60,351,49,3*70
1780409219.323,$GBGSV,2,1,08,01,42,107,,02,63,242,,03,71,140,,04,22,097,,0*74
1780409219.324,$GBGSV,2,2,08,04,22,097,,08,16,156,,13,11,201,,14,03,127,,0*7B
1780409219.325,$GNGLL,1339.00180,N,10029.53152,E,140659.00,A,D*76
1780409220.297,$GNRMC,140700.00,A,1339.00166,N,10029.53163,E,0.639,122.91,020626,0.53,W,F,V*44
1780409220.300,$GNVTG,122.91,T,123.44,M,0.639,N,1.184,K,D*31
1780409220.301,$GNGGA,140700.00,1339.00166,N,10029.53163,E,5,12,1.41,-5.9,M,-27.8,M,1.0,0499*68
1780409220.302,$GNGSA,A,3,10,25,28,31,32,,,,,,,,2.64,1.41,2.23,1*09
1780409220.302,$GNGSA,A,3,79,78,66,77,67,,,,,,,,2.64,1.41,2.23,2*05
1780409220.303,$GNGSA,A,3,25,05,06,09,16,31,34,,,,,,2.64,1.41,2.23,3*0B
1780409220.304,$GNGSA,A,3,06,07,33,09,10,24,25,,,,,,2.64,1.41,2.23,4*0B
1780409220.305,$GPGSV,2,1,06,10,54,147,46,26,60,193,17,28,46,356,44,31,51,308,45,1*6A
1780409220.305,$GPGSV,2,2,06,32,42,037,47,50,56,115,43,1*66
1780409220.306,$GPGSV,2,1,07,10,54,147,46,23,17,148,14,25,20,043,35,26,60,193,16,6*62
1780409220.307,$GPGSV,2,2,07,28,46,356,46,31,51,308,45,32,42,037,44,6*51
1780409220.308,$GPGSV,3,1,09,01,11,293,,02,17,266,,03,01,326,,16,28,197,,0*66
1780409220.309,$GPGSV,3,2,09,16,28,197,,27,02,202,,29,05,096,,40,37,260,,0*6D
1780409220.309,$GPGSV,3,3,09,40,37,260,,0*58
1780409220.310,$GLGSV,2,1,05,66,30,093,47,67,41,020,47,77,37,023,41,78,79,231,27,1*75
1780409220.311,$GLGSV,2,2,05,79,25,210,17,1*41
1780409220.312,$GLGSV,1,1,04,66,30,093,42,67,41,020,46,78,79,231,32,79,25,210,22,3*7F
1780409220.313,$GLGSV,1,1,04,68,11,335,,81,03,196,,82,09,239,,83,01,287,,0*7E
1780409220.313,$GAGSV,2,1,07,05,36,345,43,06,19,073,36,09,32,050,43,16,60,103,52,2*76
1780409220.314,$GAGSV,2,2,07,25,40,183,22,31,20,048,38,34,29,281,30,2*4B
1780409220.315,$GAGSV,2,1,06,05,36,345,40,06,19,073,36,09,32,050,40,16,60,103,46,7*77
1780409220.316,$GAGSV,2,2,06,31,20,048,37,34,29,281,20,7*78
1780409220.317,$GAGSV,1,1,04,03,07,300,,04,02,090,,11,12,171,,36,37,218,,0*76
1780409220.317,$GBGSV,2,1,08,06,65,133,49,07,51,006,46,09,82,029,50,10,60,351,44,1*7E
1780409220.318,$GBGSV,2,2,08,23,42,230,17,24,23,034,40,25,78,335,50,33,60,055,50,1*71
1780409220.319,$GBGSV,1,1,02,09,82,029,51,10,60,351,47,3*79
1780409220.320,$GBGSV,2,1,08,01,42,107,,02,63,242,,03,71,140,,04,22,097,,0*74
1780409220.321,$GBGSV,2,2,08,04,22,097,,08,16,156,,13,11,201,,14,03,127,,0*7B
1780409220.321,$GNGLL,1339.00166,N,10029.53163,E,140700.00,A,D*71
1780409221.296,$GNRMC,140701.00,A,1339.00154,N,10029.53176,E,0.634,124.22,020626,0.53,W,F,V*43
1780409221.297,$GNVTG,124.22,T,124.75,M,0.634,N,1.175,K,D*39
1780409221.298,$GNGGA,140701.00,1339.00154,N,10029.53176,E,5,12,1.41,-5.9,M,-27.8,M,1.0,0499*6C
1780409221.299,$GNGSA,A,3,10,25,28,31,32,,,,,,,,2.64,1.41,2.23,1*09
1780409221.299,$GNGSA,A,3,79,78,66,77,67,,,,,,,,2.64,1.41,2.23,2*05
1780409221.300,$GNGSA,A,3,25,05,06,09,16,31,34,,,,,,2.64,1.41,2.23,3*0B
1780409221.300,$GNGSA,A,3,06,07,33,09,10,24,25,,,,,,2.64,1.41,2.23,4*0B
1780409221.301,$GPGSV,2,1,07,10,54,147,47,25,20,043,39,26,60,193,17,28,46,356,45,1*6F
1780409221.302,$GPGSV,2,2,07,31,51,308,45,32,42,037,47,50,56,115,41,1*59
1780409221.303,$GPGSV,2,1,07,10,54,147,42,23,17,148,13,25,20,043,38,26,60,193,15,6*6F
1780409221.303,$GPGSV,2,2,07,28,46,356,44,31,51,308,45,32,42,037,45,6*52
1780409221.304,$GPGSV,3,1,09,01,11,293,,02,17,266,,03,01,326,,16,28,197,,0*66
1780409221.305,$GPGSV,3,2,09,16,28,197,,27,02,202,,29,05,096,,40,37,260,,0*6D
1780409221.305,$GPGSV,3,3,09,40,37,260,,0*58
1780409221.306,$GLGSV,2,1,05,66,30,093,45,67,41,020,45,77,37,023,37,78,79,231,27,1*74
1780409221.306,$GLGSV,2,2,05,79,25,210,19,1*4F
1780409221.307,$GLGSV,1,1,04,66,30,093,44,67,41,020,47,78,79,231,28,79,25,210,30,3*70
1780409221.308,$GLGSV,1,1,04,68,11,335,,81,03,196,,82,09,239,,83,01,287,,0*7E
1780409221.308,$GAGSV,2,1,07,05,36,345,47,06,19,073,41,09,32,050,45,16,60,103,51,2*77
1780409221.309,$GAGSV,2,2,07,25,40,183,22,31,20,048,36,34,29,281,22,2*46
1780409221.310,$GAGSV,2,1,06,05,36,345,43,06,19,073,40,09,32,050,38,16,60,103,45,7*79
1780409221.310,$GAGSV,2,2,06,31,20,048,35,34,29,281,23,7*79
1780409221.311,$GAGSV,1,1,04,03,07,300,,04,02,090,,11,12,171,,36,37,218,,0*76
1780409221.312,$GBGSV,2,1,08,06,65,133,47,07,51,006,44,09,82,029,50,10,60,351,46,1*70
1780409221.312,$GBGSV,2,2,08,23,42,230,17,24,23,034,33,25,78,335,48,33,60,055,49,1*74
1780409221.313,$GBGSV,1,1,02,09,82,029,52,10,60,351,48,3*75
1780409221.313,$GBGSV,2,1,08,01,42,107,,02,63,242,,03,71,140,,04,22,097,,0*74
1780409221.314,$GBGSV,2,2,08,04,22,097,,08,16,156,,13,11,201,,14,03,127,,0*7B
1780409221.315,$GNGLL,1339.00154,N,10029.53176,E,140701.00,A,D*75
1780409222.297,$GNRMC,140702.00,A,1339.00147,N,10029.53189,E,0.529,131.24,020626,0.53,W,F,V*4F
1780409222.299,$GNVTG,131.24,T,131.77,M,0.529,N,0.980,K,D*31
1780409222.301,$GNGGA,140702.00,1339.00147,N,10029.53189,E,5,12,1.41,-6.0,M,-27.8,M,1.0,0499*67
1780409222.301,$GNGSA,A,3,10,25,28,31,32,,,,,,,,2.64,1.41,2.23,1*09
1780409222.302,$GNGSA,A,3,79,78,66,77,67,,,,,,,,2.64,1.41,2.23,2*05
1780409222.303,$GNGSA,A,3,05,06,09,16,31,34,,,,,,,2.64,1.41,2.23,3*0C
1780409222.303,$GNGSA,A,3,06,07,33,09,10,24,25,,,,,,2.64,1.41,2.23,4*0B
1780409222.304,$GPGSV,2,1,07,10,54,147,48,25,20,043,36,26,60,193,19,28,46,356,44,1*60
1780409222.305,$GPGSV,2,2,07,31,51,308,45,32,42,037,43,50,56,115,42,1*5E
1780409222.306,$GPGSV,2,1,06,10,54,147,44,25,20,043,38,26,60,193,14,28,46,356,47,6*6A
1780409222.307,$GPGSV,2,2,06,31,51,308,46,32,42,037,44,6*69
1780409222.307,$GPGSV,3,1,10,01,11,293,,02,17,266,,03,01,326,,16,28,197,,0*6E
1780409222.308,$GPGSV,3,2,10,16,28,197,,23,17,148,,27,02,202,,29,05,096,,0*6B
1780409222.309,$GPGSV,3,3,10,29,05,096,,40,37,260,,0*61
1780409222.309,$GLGSV,2,1,05,66,30,093,48,67,41,020,46,77,37,023,40,78,79,231,25,1*78
1780409222.310,$GLGSV,2,2,05,79,25,210,19,1*4F
1780409222.311,$GLGSV,1,1,04,66,30,093,46,67,41,020,46,78,79,231,27,79,25,210,29,3*74
1780409222.312,$GLGSV,1,1,04,68,11,335,,81,03,196,,82,09,239,,83,01,287,,0*7E
1780409222.312,$GAGSV,2,1,07,05,36,345,49,06,19,073,40,09,32,050,41,16,60,103,51,2*7C
1780409222.313,$GAGSV,2,2,07,25,40,183,19,31,20,048,28,34,29,281,24,2*47
1780409222.314,$GAGSV,2,1,06,05,36,345,42,06,19,073,39,09,32,050,39,16,60,103,45,7*77
1780409222.315,$GAGSV,2,2,06,31,20,048,31,34,29,281,21,7*7F
1780409222.316,$GAGSV,1,1,04,03,07,300,,04,02,090,,11,12,171,,36,37,218,,0*76
1780409222.316,$GBGSV,2,1,08,06,65,133,46,07,51,006,45,09,82,029,49,10,60,351,44,1*7A
1780409222.317,$GBGSV,2,2,08,23,42,230,17,24,23,034,38,25,78,335,51,33,60,055,50,1*7F
1780409222.318,$GBGSV,1,1,02,09,82,029,52,10,60,351,48,3*75
1780409222.319,$GBGSV,2,1,08,01,42,107,,02,63,242,,03,71,140,,04,22,097,,0*74
1780409222.319,$GBGSV,2,2,08,04,22,097,,08,16,156,,13,11,201,,14,03,127,,0*7B
1780409222.320,$GNGLL,1339.00147,N,10029.53189,E,140702.00,A,D*74
1780409223.299,$GNRMC,140703.00,A,1339.00140,N,10029.53204,E,0.681,121.88,020626,0.53,W,F,V*49
1780409223.300,$GNVTG,121.88,T,122.41,M,0.681,N,1.262,K,D*36
1780409223.302,$GNGGA,140703.00,1339.00140,N,10029.53204,E,5,12,1.41,-6.0,M,-27.8,M,1.0,0499*67
1780409223.302,$GNGSA,A,3,10,25,28,31,32,,,,,,,,2.64,1.41,2.23,1*09
1780409223.303,$GNGSA,A,3,79,78,66,77,67,,,,,,,,2.64,1.41,2.23,2*05
1780409223.303,$GNGSA,A,3,05,06,09,16,31,34,,,,,,,2.64,1.41,2.23,3*0C
1780409223.304,$GNGSA,A,3,06,07,33,09,10,24,25,,,,,,2.64,1.41,2.23,4*0B
1780409223.305,$GPGSV,2,1,08,10,54,147,47,16,28,197,27,25,20,043,29,26,60,193,19,1*61
1780409223.305,$GPGSV,2,2,08,28,46,356,45,31,51,308,43,32,42,037,43,50,56,115,41,1*6D
1780409223.306,$GPGSV,2,1,06,10,54,147,45,25,20,043,32,26,60,193,18,28,46,356,47,6*6D
1780409223.307,$GPGSV,2,2,06,31,51,308,46,32,42,037,45,6*68
1780409223.308,$GPGSV,3,1,09,01,11,293,,02,17,266,,03,01,326,,23,17,148,,0*6E
1780409223.308,$GPGSV,3,2,09,23,17,148,,27,02,202,,29,05,096,,40,37,260,,0*65
1780409223.309,$GPGSV,3,3,09,40,37,260,,0*58
1780409223.310,$GLGSV,2,1,05,66,30,093,44,67,41,020,47,77,37,023,31,78,79,231,22,1*74
1780409223.310,$GLGSV,2,2,05,79,25,210,19,1*4F
1780409223.311,$GLGSV,1,1,04,66,30,093,46,67,41,020,45,78,79,231,27,79,25,210,21,3*7F
1780409223.312,$GLGSV,1,1,04,68,11,335,,81,03,196,,82,09,239,,83,01,287,,0*7E
1780409223.312,$GAGSV,2,1,07,05,36,345,48,06,19,073,42,09,32,050,42,16,60,103,52,2*7F
1780409223.313,$GAGSV,2,2,07,25,40,183,17,31,20,048,41,34,29,281,23,2*41
1780409223.314,$GAGSV,2,1,06,05,36,345,43,06,19,073,39,09,32,050,42,16,60,103,48,7*77
1780409223.315,$GAGSV,2,2,06,31,20,048,35,34,29,281,20,7*7A
1780409223.316,$GAGSV,1,1,04,03,07,300,,04,02,090,,11,12,171,,36,37,218,,0*76
1780409223.316,$GBGSV,2,1,08,06,65,133,50,07,51,006,44,09,82,029,48,10,60,351,43,1*7A
1780409223.317,$GBGSV,2,2,08,23,42,230,14,24,23,034,39,25,78,335,49,33,60,055,47,1*72
1780409223.318,$GBGSV,1,1,02,09,82,029,52,10,60,351,48,3*75
1780409223.319,$GBGSV,2,1,08,01,42,107,,02,63,242,,03,71,140,,04,22,097,,0*74
1780409223.320,$GBGSV,2,2,08,04,22,097,,08,16,156,,13,11,201,,14,03,127,,0*7B
1780409223.321,$GNGLL,1339.00140,N,10029.53204,E,140703.00,A,D*74
1780409224.298,$GNRMC,140704.00,A,1339.00132,N,10029.53222,E,0.740,121.85,020626,0.53,W,F,V*4E
1780409224.301,$GNVTG,121.85,T,122.38,M,0.740,N,1.370,K,D*3B
1780409224.302,$GNGGA,140704.00,1339.00132,N,10029.53222,E,5,12,0.83,-6.0,M,-27.8,M,1.0,0499*6E
1780409224.303,$GNGSA,A,3,10,25,28,31,32,16,,,,,,,1.59,0.83,1.35,1*08
1780409224.303,$GNGSA,A,3,79,78,66,77,67,,,,,,,,1.59,0.83,1.35,2*03
1780409224.304,$GNGSA,A,3,25,05,06,09,16,31,,,,,,,1.59,0.83,1.35,3*0A
1780409224.304,$GNGSA,A,3,06,07,33,09,10,25,,,,,,,1.59,0.83,1.35,4*0B
1780409224.305,$GPGSV,2,1,07,10,54,147,50,16,28,197,31,26,60,193,19,28,46,356,44,1*6E
1780409224.305,$GPGSV,2,2,07,31,51,308,45,32,42,037,45,50,56,115,43,1*59
1780409224.306,$GPGSV,1,1,01,23,17,148,16,5*5C
1780409224.306,$GPGSV,2,1,06,10,54,147,45,25,20,043,32,26,60,193,18,28,46,356,47,6*6D
1780409224.307,$GPGSV,2,2,06,31,51,308,44,32,42,037,44,6*6B
1780409224.308,$GPGSV,2,1,08,01,11,293,,02,17,266,,03,01,326,,27,02,202,,0*63
1780409224.308,$GPGSV,2,2,08,27,02,202,,29,05,096,,40,37,260,,41,64,233,,0*6A
1780409224.309,$GLGSV,2,1,05,66,30,093,45,67,41,020,47,77,37,023,41,78,79,231,23,1*73
1780409224.309,$GLGSV,2,2,05,79,25,210,17,1*41
1780409224.310,$GLGSV,1,1,04,66,30,093,45,67,41,020,48,78,79,231,28,79,25,210,23,3*7C
1780409224.310,$GLGSV,1,1,04,68,11,335,,81,03,196,,82,09,239,,83,01,287,,0*7E
1780409224.311,$GAGSV,2,1,07,05,36,345,47,06,19,073,42,09,32,050,47,16,60,103,51,2*76
1780409224.311,$GAGSV,2,2,07,25,40,183,20,31,20,048,42,34,29,281,19,2*4F
1780409224.312,$GAGSV,2,1,06,05,36,345,41,06,19,073,35,09,32,050,41,16,60,103,47,7*75
1780409224.313,$GAGSV,2,2,06,31,20,048,39,34,29,281,18,7*7D
1780409224.313,$GAGSV,1,1,04,03,07,300,,04,02,090,,11,12,171,,36,37,218,,0*76
1780409224.314,$GBGSV,2,1,07,06,65,133,48,07,51,006,47,09,82,029,49,10,60,351,45,1*78
1780409224.314,$GBGSV,2,2,07,23,42,230,13,25,78,335,50,33,60,055,49,1*46
1780409224.315,$GBGSV,1,1,02,09,82,029,53,10,60,351,49,3*75
1780409224.315,$GBGSV,3,1,09,01,42,107,,02,63,242,,03,71,140,,04,22,097,,0*74
1780409224.316,$GBGSV,3,2,09,04,22,097,,08,16,156,,13,11,201,,14,03,127,,0*7B
1780409224.316,$GBGSV,3,3,09,14,03,127,,0*4C
1780409224.317,$GNGLL,1339.00132,N,10029.53222,E,140704.00,A,D*72
1780409225.303,$GNRMC,140705.00,A,1339.00122,N,10029.53240,E,0.653,126.17,020626,0.53,W,F,V*45
1780409225.305,$GNVTG,126.17,T,126.69,M,0.653,N,1.210,K,D*33
1780409225.305,$GNGGA,140705.00,1339.00122,N,10029.53240,E,5,12,0.83,-6.0,M,-27.8,M,1.0,0499*6A
1780409225.306,$GNGSA,A,3,10,25,26,28,31,32,16,,,,,,1.55,0.83,1.31,1*04
1780409225.306,$GNGSA,A,3,79,78,66,77,67,,,,,,,,1.55,0.83,1.31,2*0B
1780409225.307,$GNGSA,A,3,25,05,06,09,16,31,34,,,,,,1.55,0.83,1.31,3*05
1780409225.308,$GNGSA,A,3,06,07,33,09,10,25,24,,,,,,1.55,0.83,1.31,4*05
1780409225.308,$GPGSV,2,1,08,10,54,147,48,16,28,197,32,25,20,043,37,26,60,193,18,1*64
1780409225.309,$GPGSV,2,2,08,28,46,356,45,31,51,308,44,32,42,037,39,50,56,115,41,1*67
1780409225.310,$GPGSV,2,1,07,10,54,147,47,23,17,148,14,25,20,043,38,26,60,193,20,6*6B
1780409225.310,$GPGSV,2,2,07,28,46,356,44,31,51,308,42,32,42,037,43,6*53
1780409225.311,$GPGSV,2,1,08,01,11,293,,02,17,266,,03,01,326,,27,02,202,,0*63
1780409225.312,$GPGSV,2,2,08,27,02,202,,29,05,096,,40,37,260,,41,64,233,,0*6A
1780409225.312,$GLGSV,2,1,05,66,30,093,45,67,41,020,46,77,37,023,40,78,79,231,29,1*79
1780409225.313,$GLGSV,2,2,05,79,25,210,25,1*40
1780409225.314,$GLGSV,1,1,04,66,30,093,44,67,41,020,48,78,79,231,31,79,25,210,23,3*75
1780409225.314,$GLGSV,1,1,04,68,11,335,,81,03,196,,82,09,239,,83,01,287,,0*7E
1780409225.315,$GAGSV,2,1,07,05,36,345,47,06,19,073,35,09,32,050,45,16,60,103,50,2*75
1780409225.316,$GAGSV,2,2,07,25,40,183,22,31,20,048,45,34,29,281,32,2*43
1780409225.316,$GAGSV,2,1,06,05,36,345,42,06,19,073,32,09,32,050,36,16,60,103,46,7*70
1780409225.317,$GAGSV,2,2,06,31,20,048,39,34,29,281,17,7*72
1780409225.318,$GAGSV,1,1,04,03,07,300,,04,02,090,,11,12,171,,36,37,218,,0*76
1780409225.318,$GBGSV,2,1,08,06,65,133,50,07,51,006,43,09,82,029,49,10,60,351,46,1*79
1780409225.319,$GBGSV,2,2,08,23,42,230,13,24,23,034,38,25,78,335,50,33,60,055,51,1*7B
1780409225.320,$GBGSV,1,1,02,09,82,029,53,10,60,351,47,3*7B
1780409225.321,$GBGSV,2,1,08,01,42,107,,02,63,242,,03,71,140,,04,22,097,,0*74
1780409225.322,$GBGSV,2,2,08,04,22,097,,08,16,156,,13,11,201,,14,03,127,,0*7B
1780409225.322,$GNGLL,1339.00122,N,10029.53240,E,140705.00,A,D*76
1780409226.301,$GNRMC,140706.00,A,1339.00113,N,10029.53256,E,0.655,121.96,020626,0.53,W,F,V*4B
1780409226.303,$GNVTG,121.96,T,122.49,M,0.655,N,1.213,K,D*3E
1780409226.304,$GNGGA,140706.00,1339.00113,N,10029.53256,E,5,12,0.83,-6.1,M,-27.8,M,1.0,0499*6D
1780409226.305,$GNGSA,A,3,10,25,26,28,31,32,16,,,,,,1.55,0.83,1.31,1*04
1780409226.305,$GNGSA,A,3,79,78,66,77,67,,,,,,,,1.55,0.83,1.31,2*0B
1780409226.305,$GNGSA,A,3,25,05,06,09,16,31,34,,,,,,1.55,0.83,1.31,3*05
1780409226.306,$GNGSA,A,3,06,07,33,09,10,25,24,,,,,,1.55,0.83,1.31,4*05
1780409226.307,$GPGSV,2,1,08,10,54,147,47,16,28,197,33,25,20,043,37,26,60,193,23,1*62
1780409226.307,$GPGSV,2,2,08,28,46,356,45,31,51,308,45,32,42,037,43,50,56,115,44,1*6E
1780409226.308,$GPGSV,2,1,07,10,54,147,43,23,17,148,11,25,20,043,38,26,60,193,20,6*6A
1780409226.309,$GPGSV,2,2,07,28,46,356,46,31,51,308,46,32,42,037,40,6*56
1780409226.309,$GPGSV,2,1,08,01,11,293,,02,17,266,,03,01,326,,27,02,202,,0*63
1780409226.310,$GPGSV,2,2,08,27,02,202,,29,05,096,,40,37,260,,41,64,233,,0*6A
1780409226.311,$GLGSV,2,1,05,66,30,093,46,67,41,020,47,77,37,023,38,78,79,231,29,1*74
1780409226.311,$GLGSV,2,2,05,79,25,210,24,1*41
1780409226.312,$GLGSV,1,1,04,66,30,093,44,67,41,020,46,78,79,231,31,79,25,210,22,3*7A
1780409226.312,$GLGSV,1,1,04,68,11,335,,81,03,196,,82,09,239,,83,01,287,,0*7E
1780409226.313,$GAGSV,2,1,07,05,36,345,45,06,19,073,36,09,32,050,41,16,60,103,51,2*71
1780409226.314,$GAGSV,2,2,07,25,40,183,23,31,20,048,39,34,29,281,25,2*4F
1780409226.314,$GAGSV,2,1,06,05,36,345,43,06,19,073,35,09,32,050,43,16,60,103,46,7*74
1780409226.315,$GAGSV,2,2,06,31,20,048,37,34,29,281,17,7*7C
1780409226.315,$GAGSV,1,1,04,03,07,300,,04,02,090,,11,12,171,,36,37,218,,0*76
1780409226.316,$GBGSV,2,1,08,06,65,133,48,07,51,006,47,09,82,029,49,10,60,351,44,1*76
1780409226.317,$GBGSV,2,2,08,23,42,230,16,24,23,034,34,25,78,335,50,33,60,055,48,1*7A
1780409226.317,$GBGSV,1,1,02,09,82,029,52,10,60,351,48,3*75
1780409226.318,$GBGSV,2,1,08,01,42,107,,02,63,242,,03,71,140,,04,22,097,,0*74
1780409226.319,$GBGSV,2,2,08,04,22,097,,08,16,156,,13,11,201,,14,03,127,,0*7B
1780409226.319,$GNGLL,1339.00113,N,10029.53256,E,140706.00,A,D*70
1780409227.308,$GNRMC,140707.00,A,1339.00104,N,10029.53272,E,0.687,127.00,020626,0.53,W,F,V*4C
1780409227.310,$GNVTG,127.00,T,127.53,M,0.687,N,1.273,K,D*30
1780409227.310,$GNGGA,140707.00,1339.00104,N,10029.53272,E,5,12,0.82,-6.2,M,-27.8,M,1.0,0499*6E
1780409227.311,$GNGSA,A,3,10,25,26,28,31,32,16,,,,,,1.54,0.82,1.30,1*05
1780409227.312,$GNGSA,A,3,79,78,66,77,67,,,,,,,,1.54,0.82,1.30,2*0A
1780409227.312,$GNGSA,A,3,25,05,06,09,16,31,34,,,,,,1.54,0.82,1.30,3*04
1780409227.313,$GNGSA,A,3,06,07,33,09,10,25,24,,,,,,1.54,0.82,1.30,4*04
1780409227.314,$GPGSV,2,1,08,10,54,147,48,16,28,197,32,25,20,043,39,26,60,193,25,1*64
1780409227.315,$GPGSV,2,2,08,28,46,356,43,31,51,308,44,32,42,037,46,50,56,115,43,1*6B
1780409227.315,$GPGSV,2,1,06,10,54,147,43,25,20,043,40,26,60,193,30,28,46,356,45,6*66
1780409227.316,$GPGSV,2,2,06,31,51,308,45,32,42,037,40,6*6E
1780409227.317,$GPGSV,3,1,09,01,11,293,,02,17,266,,03,01,326,,23,17,148,,0*6E
1780409227.318,$GPGSV,3,2,09,23,17,148,,27,02,202,,29,05,096,,40,37,260,,0*65
1780409227.318,$GPGSV,3,3,09,40,37,260,,0*58
1780409227.319,$GLGSV,2,1,05,66,30,093,41,67,41,020,48,77,37,023,37,78,79,231,21,1*7B
1780409227.319,$GLGSV,2,2,05,79,25,210,20,1*45
1780409227.320,$GLGSV,1,1,04,66,30,093,45,67,41,020,45,78,79,231,31,79,25,210,20,3*7A
1780409227.321,$GLGSV,1,1,04,68,11,335,,81,03,196,,82,09,239,,83,01,287,,0*7E
1780409227.322,$GAGSV,2,1,07,05,36,345,46,06,19,073,36,09,32,050,47,16,60,103,51,2*74
1780409227.323,$GAGSV,2,2,07,25,40,183,20,31,20,048,41,34,29,281,26,2*40
1780409227.324,$GAGSV,2,1,06,05,36,345,39,06,19,073,39,09,32,050,35,16,60,103,46,7*74
1780409227.324,$GAGSV,2,2,06,31,20,048,42,34,29,281,21,7*7B
1780409227.325,$GAGSV,1,1,04,03,07,300,,04,02,090,,11,12,171,,36,37,218,,0*76
1780409227.326,$GBGSV,2,1,08,06,65,133,48,07,51,006,44,09,82,029,49,10,60,351,44,1*75
1780409227.327,$GBGSV,2,2,08,23,42,230,18,24,23,034,36,25,78,335,50,33,60,055,48,1*76
1780409227.327,$GBGSV,1,1,02,09,82,029,52,10,60,351,49,3*74
1780409227.328,$GBGSV,2,1,08,01,42,107,,02,63,242,,03,71,140,,04,22,097,,0*74
1780409227.329,$GBGSV,2,2,08,04,22,097,,08,16,156,,13,11,201,,14,03,127,,0*7B
1780409227.329,$GNGLL,1339.00104,N,10029.53272,E,140707.00,A,D*71
1780409228.308,$GNRMC,140708.00,A,1339.00093,N,10029.53289,E,0.795,123.39,020626,0.53,W,F,V*44
1780409228.309,$GNVTG,123.39,T,123.92,M,0.795,N,1.472,K,D*32
1780409228.310,$GNGGA,140708.00,1339.00093,N,10029.53289,E,5,12,0.82,-6.3,M,-27.8,M,1.0,0499*6B
1780409228.311,$GNGSA,A,3,10,25,26,28,31,32,16,,,,,,1.58,0.82,1.34,1*0D
1780409228.312,$GNGSA,A,3,79,78,66,77,67,,,,,,,,1.58,0.82,1.34,2*02
1780409228.312,$GNGSA,A,3,25,05,06,09,16,31,34,,,,,,1.58,0.82,1.34,3*0C
1780409228.313,$GNGSA,A,3,06,07,33,09,10,25,24,,,,,,1.58,0.82,1.34,4*0C
1780409228.314,$GPGSV,2,1,08,10,54,147,47,16,28,197,32,25,20,043,37,26,60,193,25,1*65
1780409228.315,$GPGSV,2,2,08,28,46,356,44,31,51,308,47,32,42,037,39,50,56,115,43,1*67
1780409228.316,$GPGSV,2,1,06,10,54,147,47,25,20,043,36,26,60,193,26,28,46,356,43,6*62
1780409228.317,$GPGSV,2,2,06,31,51,308,45,32,42,037,42,6*6C
1780409228.318,$GPGSV,3,1,09,01,11,293,,02,17,266,,03,01,326,,23,17,148,,0*6E
1780409228.318,$GPGSV,3,2,09,23,17,148,,27,02,202,,29,05,096,,40,37,260,,0*65
1780409228.319,$GPGSV,3,3,09,40,37,260,,0*58
1780409228.320,$GLGSV,2,1,05,66,30,093,46,67,41,020,43,77,37,023,39,78,79,231,30,1*79
1780409228.320,$GLGSV,2,2,05,79,25,210,21,1*44
1780409228.321,$GLGSV,1,1,04,66,30,093,45,67,41,020,44,78,79,231,24,79,25,210,21,3*7E
1780409228.322,$GLGSV,1,1,04,68,11,335,,81,03,196,,82,09,239,,83,01,287,,0*7E
1780409228.323,$GAGSV,2,1,07,05,36,345,46,06,19,073,36,09,32,050,38,16,60,103,52,2*7F
1780409228.323,$GAGSV,2,2,07,25,40,183,33,31,20,048,45,34,29,281,23,2*43
1780409228.324,$GAGSV,2,1,06,05,36,345,39,06,19,073,34,09,32,050,39,16,60,103,46,7*75
1780409228.325,$GAGSV,2,2,06,31,20,048,37,34,29,281,20,7*78
1780409228.326,$GAGSV,1,1,04,03,07,301,,04,02,090,,11,12,171,,36,37,218,,0*77
1780409228.326,$GBGSV,2,1,08,06,65,133,48,07,51,006,44,09,82,029,50,10,60,351,47,1*7E
1780409228.327,$GBGSV,2,2,08,23,42,230,19,24,23,034,43,25,78,335,51,33,60,055,47,1*7B
1780409228.328,$GBGSV,1,1,02,09,82,029,50,10,60,351,49,3*76
1780409228.329,$GBGSV,2,1,08,01,42,107,,02,63,242,,03,71,140,,04,22,097,,0*74
1780409228.329,$GBGSV,2,2,08,04,22,097,,08,16,156,,13,11,201,,14,03,127,,0*7B
1780409228.330,$GNGLL,1339.00093,N,10029.53289,E,140708.00,A,D*75
1780409229.306,$GNRMC,140709.00,A,1339.00083,N,10029.53307,E,0.752,121.36,020626,0.53,W,F,V*45
1780409229.307,$GNVTG,121.36,T,121.89,M,0.752,N,1.392,K,D*35
1780409229.308,$GNGGA,140709.00,1339.00083,N,10029.53307,E,5,12,0.82,-6.4,M,-27.8,M,1.0,0499*6B
1780409229.309,$GNGSA,A,3,10,25,26,28,31,32,16,,,,,,1.54,0.82,1.30,1*05
1780409229.309,$GNGSA,A,3,79,78,66,77,67,,,,,,,,1.54,0.82,1.30,2*0A
1780409229.310,$GNGSA,A,3,25,05,06,09,16,31,34,,,,,,1.54,0.82,1.30,3*04
1780409229.310,$GNGSA,A,3,06,07,33,09,10,25,24,,,,,,1.54,0.82,1.30,4*04
1780409229.311,$GPGSV,2,1,08,10,54,147,44,16,28,197,33,25,20,043,38,26,60,193,28,1*65
1780409229.313,$GPGSV,2,2,08,28,46,356,43,31,51,308,45,32,42,037,42,50,56,115,43,1*6E
1780409229.314,$GPGSV,2,1,06,10,54,147,48,25,20,043,41,26,60,193,27,28,46,356,43,6*6C
1780409229.314,$GPGSV,2,2,06,31,51,308,44,32,42,037,42,6*6D
1780409229.315,$GPGSV,3,1,09,01,11,293,,02,17,266,,03,01,326,,23,17,148,,0*6E
1780409229.316,$GPGSV,3,2,09,23,17,148,,27,02,202,,29,05,096,,40,37,260,,0*65
1780409229.317,$GPGSV,3,3,09,40,37,260,,0*58
1780409229.317,$GLGSV,2,1,05,66,30,093,45,67,41,020,45,77,37,023,37,78,79,231,24,1*77
1780409229.318,$GLGSV,2,2,05,79,25,210,21,1*44
1780409229.319,$GLGSV,1,1,04,66,30,093,43,67,41,020,47,78,79,231,31,79,25,210,25,3*7B
1780409229.320,$GLGSV,1,1,04,68,11,335,,81,03,196,,82,09,239,,83,01,287,,0*7E
1780409229.320,$GAGSV,2,1,07,05,36,345,47,06,19,073,40,09,32,050,44,16,60,103,48,2*7F
1780409229.321,$GAGSV,2,2,07,25,40,183,29,31,20,048,46,34,29,281,24,2*4C
1780409229.322,$GAGSV,2,1,06,05,36,345,39,06,19,073,37,09,32,050,36,16,60,103,45,7*7A
1780409229.323,$GAGSV,2,2,06,31,20,048,41,34,29,281,24,7*7D
1780409229.323,$GAGSV,1,1,04,03,07,301,,04,02,090,,11,12,171,,36,37,218,,0*77
1780409229.324,$GBGSV,2,1,08,06,65,133,47,07,51,006,43,09,82,029,49,10,60,351,44,1*7D
1780409229.325,$GBGSV,2,2,08,23,42,230,18,24,23,034,36,25,78,335,49,33,60,055,50,1*77
1780409229.326,$GBGSV,1,1,02,09,82,029,48,10,60,351,47,3*71
1780409229.327,$GBGSV,2,1,08,01,42,107,,02,63,242,,03,71,140,,04,22,097,,0*74
1780409229.327,$GBGSV,2,2,08,04,22,097,,08,16,156,,13,11,201,,14,03,127,,0*7B
1780409229.328,$GNGLL,1339.00083,N,10029.53307,E,140709.00,A,D*72
1780409230.302,$GNRMC,140710.00,A,1339.00073,N,10029.53323,E,0.693,122.98,020626,0.53,W,F,V*4F
1780409230.304,$GNVTG,122.98,T,123.50,M,0.693,N,1.284,K,D*3E
1780409230.305,$GNGGA,140710.00,1339.00073,N,10029.53323,E,5,12,0.82,-6.6,M,-27.8,M,1.0,0499*68
1780409230.306,$GNGSA,A,3,10,25,26,28,31,32,16,,,,,,1.54,0.82,1.30,1*05
1780409230.307,$GNGSA,A,3,79,78,66,77,67,,,,,,,,1.54,0.82,1.30,2*0A
1780409230.307,$GNGSA,A,3,25,05,06,09,16,31,34,,,,,,1.54,0.82,1.30,3*04
1780409230.308,$GNGSA,A,3,06,07,33,09,10,25,24,,,,,,1.54,0.82,1.30,4*04
1780409230.309,$GPGSV,2,1,08,10,54,147,47,16,28,197,34,25,20,043,42,26,60,193,32,1*67
1780409230.309,$GPGSV,2,2,08,28,46,356,42,31,51,308,44,32,42,037,47,50,56,115,43,1*6B
1780409230.310,$GPGSV,1,1,01,23,17,148,14,5*5E
1780409230.311,$GPGSV,2,1,06,10,54,147,46,25,20,043,38,26,60,193,28,28,46,356,44,6*64
1780409230.312,$GPGSV,2,2,06,31,51,308,46,32,42,037,44,6*69
1780409230.313,$GPGSV,2,1,08,01,11,293,,02,17,266,,03,01,326,,27,02,202,,0*63
1780409230.313,$GPGSV,2,2,08,27,02,202,,29,05,096,,40,37,260,,41,64,233,,0*6A
1780409230.314,$GLGSV,2,1,05,66,30,093,44,67,41,020,45,77,37,023,31,78,79,231,25,1*71
1780409230.315,$GLGSV,2,2,05,79,25,210,24,1*41
1780409230.315,$GLGSV,1,1,04,66,30,093,44,67,41,020,46,78,79,231,31,79,25,210,32,3*7B
1780409230.316,$GLGSV,1,1,04,68,11,335,,81,03,196,,82,09,239,,83,01,287,,0*7E
1780409230.317,$GAGSV,2,1,07,05,36,345,47,06,19,073,40,09,32,050,44,16,60,103,50,2*76
1780409230.318,$GAGSV,2,2,07,25,40,183,34,31,20,048,39,34,29,281,26,2*4A
1780409230.319,$GAGSV,2,1,06,05,36,345,40,06,19,073,35,09,32,050,36,16,60,103,46,7*75
1780409230.319,$GAGSV,2,2,06,31,20,048,39,34,29,281,22,7*74
1780409230.320,$GAGSV,1,1,04,03,07,301,,04,02,090,,11,12,171,,36,37,218,,0*77
1780409230.321,$GBGSV,2,1,08,06,65,133,46,07,51,006,44,09,82,029,46,10,60,351,43,1*73
1780409230.322,$GBGSV,2,2,08,23,42,230,18,24,23,034,43,25,78,335,49,33,60,055,51,1*74
1780409230.323,$GBGSV,1,1,02,09,82,029,48,10,60,351,48,3*7E
1780409230.323,$GBGSV,2,1,08,01,42,107,,02,63,242,,03,71,140,,04,22,097,,0*74
1780409230.324,$GBGSV,2,2,08,04,22,097,,08,16,156,,13,11,201,,14,03,127,,0*7B
1780409230.325,$GNGLL,1339.00073,N,10029.53323,E,140710.00,A,D*73
1780409231.305,$GNRMC,140711.00,A,1339.00064,N,10029.53339,E,0.670,118.10,020626,0.53,W,F,V*47
1780409231.308,$GNVTG,118.10,T,118.63,M,0.670,N,1.241,K,D*3B
1780409231.309,$GNGGA,140711.00,1339.00064,N,10029.53339,E,5,12,0.82,-6.8,M,-27.8,M,1.0,0499*6A
1780409231.309,$GNGSA,A,3,10,25,26,28,31,32,16,,,,,,1.54,0.82,1.30,1*05
1780409231.310,$GNGSA,A,3,79,78,66,77,67,,,,,,,,1.54,0.82,1.30,2*0A
1780409231.310,$GNGSA,A,3,25,05,06,09,16,31,34,,,,,,1.54,0.82,1.30,3*04
1780409231.311,$GNGSA,A,3,06,07,33,09,10,25,24,,,,,,1.54,0.82,1.30,4*04
1780409231.312,$GPGSV,2,1,08,10,54,147,47,16,28,197,35,25,20,043,36,26,60,193,33,1*64
1780409231.313,$GPGSV,2,2,08,28,46,356,44,31,51,308,43,32,42,037,47,50,56,115,39,1*67
1780409231.314,$GPGSV,2,1,07,10,54,147,44,23,17,148,14,25,20,043,40,26,60,193,30,6*66
1780409231.314,$GPGSV,2,2,07,28,46,356,45,31,51,308,44,32,42,037,44,6*53
1780409231.315,$GPGSV,2,1,08,01,11,293,,02,17,266,,03,01,326,,27,02,202,,0*63
1780409231.316,$GPGSV,2,2,08,27,02,202,,29,05,096,,40,37,260,,41,64,233,,0*6A
1780409231.317,$GLGSV,2,1,05,66,30,093,46,67,41,020,43,77,37,023,40,78,79,231,26,1*70
1780409231.317,$GLGSV,2,2,05,79,25,210,31,1*45
1780409231.318,$GLGSV,1,1,04,66,30,093,44,67,41,020,43,78,79,231,31,79,25,210,31,3*7D
1780409231.319,$GLGSV,1,1,04,68,11,335,,81,03,196,,82,09,239,,83,01,287,,0*7E
1780409231.320,$GAGSV,2,1,07,05,36,345,48,06,19,073,42,09,32,050,41,16,60,103,52,2*7C
1780409231.321,$GAGSV,2,2,07,25,40,183,34,31,20,048,40,34,29,281,22,2*40
1780409231.321,$GAGSV,2,1,05,05,36,345,43,09,32,050,34,16,60,103,48,31,20,048,38,7*72
1780409231.322,$GAGSV,2,2,05,34,29,281,21,7*42
1780409231.323,$GAGSV,1,1,04,03,07,301,,04,02,090,,11,12,171,,36,37,218,,0*77
1780409231.324,$GBGSV,2,1,08,06,65,133,40,07,51,006,45,09,82,029,44,10,60,351,44,1*71
1780409231.325,$GBGSV,2,2,08,23,42,230,16,24,23,034,42,25,78,335,50,33,60,055,49,1*7A
1780409231.325,$GBGSV,1,1,02,09,82,029,46,10,60,351,47,3*7F
1780409231.326,$GBGSV,2,1,08,01,42,107,,02,63,242,,03,71,140,,04,22,097,,0*74
1780409231.326,$GBGSV,2,2,08,04,22,097,,08,16,156,,13,11,201,,14,03,127,,0*7B
1780409231.327,$GNGLL,1339.00064,N,10029.53339,E,140711.00,A,D*7F
1780409232.303,$GNRMC,140712.00,A,1339.00045,N,10029.53338,E,0.607,121.51,020626,0.53,W,R,V*5D
1780409232.304,$GNVTG,121.51,T,122.04,M,0.607,N,1.124,K,D*3C
1780409232.305,$GNGGA,140712.00,1339.00045,N,10029.53338,E,4,12,0.82,-6.6,M,-27.8,M,1.0,0499*64
1780409232.306,$GNGSA,A,3,10,25,26,28,31,32,16,,,,,,1.54,0.82,1.30,1*05
1780409232.306,$GNGSA,A,3,79,78,66,77,67,,,,,,,,1.54,0.82,1.30,2*0A
1780409232.307,$GNGSA,A,3,25,05,06,09,16,31,34,,,,,,1.54,0.82,1.30,3*04
1780409232.308,$GNGSA,A,3,06,07,33,09,10,25,24,,,,,,1.54,0.82,1.30,4*04
1780409232.308,$GPGSV,2,1,08,10,54,147,46,16,28,197,35,25,20,043,40,26,60,193,36,1*61
1780409232.309,$GPGSV,2,2,08,28,46,356,46,31,51,308,41,32,42,037,45,50,56,115,43,1*68
1780409232.310,$GPGSV,2,1,07,10,54,147,36,23,17,148,11,25,20,043,37,26,60,193,33,6*65
1780409232.310,$GPGSV,2,2,07,28,46,356,46,31,51,308,42,32,42,037,42,6*50
1780409232.311,$GPGSV,2,1,08,01,11,293,,02,17,266,,03,01,326,,27,02,202,,0*63
1780409232.312,$GPGSV,2,2,08,27,02,202,,29,05,096,,40,37,260,,41,64,233,,0*6A
1780409232.312,$GLGSV,2,1,05,66,30,093,46,67,41,020,45,77,37,023,43,78,79,231,32,1*70
1780409232.313,$GLGSV,2,2,05,79,25,210,31,1*45
1780409232.313,$GLGSV,1,1,04,66,30,093,43,67,41,020,37,78,79,231,31,79,25,210,26,3*7F
1780409232.314,$GLGSV,1,1,04,68,11,335,,81,03,196,,82,09,239,,83,01,287,,0*7E
1780409232.315,$GAGSV,2,1,07,05,36,345,45,06,19,073,38,09,32,050,42,16,60,103,51,2*7C
1780409232.315,$GAGSV,2,2,07,25,40,183,36,31,20,048,45,34,29,281,25,2*40
1780409232.316,$GAGSV,2,1,06,05,36,345,43,06,19,073,35,09,32,050,34,16,60,103,48,7*7A
1780409232.317,$GAGSV,2,2,06,31,20,048,41,34,29,281,19,7*73
1780409232.317,$GAGSV,1,1,04,03,07,301,,04,02,090,,11,12,171,,36,37,218,,0*77
1780409232.318,$GBGSV,2,1,08,06,65,133,43,07,51,006,43,09,82,029,45,10,60,351,45,1*74
1780409232.319,$GBGSV,2,2,08,23,42,230,14,24,23,034,43,25,78,335,49,33,60,055,50,1*79
1780409232.319,$GBGSV,1,1,02,09,82,029,48,10,60,351,47,3*71
1780409232.320,$GBGSV,2,1,08,01,42,107,,02,63,242,,03,71,140,,04,22,097,,0*74
1780409232.320,$GBGSV,2,2,08,04,22,097,,08,16,156,,13,11,201,,14,03,127,,0*7B
1780409232.321,$GNGLL,1339.00045,N,10029.53338,E,140712.00,A,D*7E
1780409233.307,$GNRMC,140713.00,A,1339.00039,N,10029.53353,E,0.586,114.38,020626,0.53,W,R,V*59
1780409233.309,$GNVTG,114.38,T,114.90,M,0.586,N,1.085,K,D*3D
1780409233.310,$GNGGA,140713.00,1339.00039,N,10029.53353,E,4,12,0.82,-6.6,M,-27.8,M,1.0,0499*63
1780409233.311,$GNGSA,A,3,10,25,26,28,31,32,16,,,,,,1.54,0.82,1.30,1*05
1780409233.312,$GNGSA,A,3,79,78,66,77,67,,,,,,,,1.54,0.82,1.30,2*0A
1780409233.313,$GNGSA,A,3,25,05,06,09,16,31,34,,,,,,1.54,0.82,1.30,3*04
1780409233.313,$GNGSA,A,3,06,07,33,09,10,25,24,,,,,,1.54,0.82,1.30,4*04
1780409233.314,$GPGSV,2,1,08,10,54,147,45,16,28,197,36,25,20,043,42,26,60,193,36,1*63
1780409233.315,$GPGSV,2,2,08,28,46,356,46,31,51,308,44,32,42,037,45,50,56,115,43,1*6D
1780409233.316,$GPGSV,2,1,07,10,54,147,47,23,17,148,12,25,20,043,36,26,60,193,35,6*67
1780409233.317,$GPGSV,2,2,07,28,46,356,46,31,51,308,41,32,42,037,42,6*53
1780409233.318,$GPGSV,2,1,08,01,11,293,,02,17,266,,03,01,326,,27,02,202,,0*63
1780409233.319,$GPGSV,2,2,08,27,02,202,,29,05,096,,40,37,260,,41,64,233,,0*6A
1780409233.319,$GLGSV,2,1,05,66,30,093,46,67,41,020,46,77,37,023,36,78,79,231,32,1*71
1780409233.320,$GLGSV,2,2,05,79,25,210,30,1*44
1780409233.321,$GLGSV,1,1,04,66,30,093,45,67,41,020,48,78,79,231,35,79,25,210,26,3*75
1780409233.322,$GLGSV,1,1,04,68,11,335,,81,03,196,,82,09,239,,83,01,287,,0*7E
1780409233.323,$GAGSV,2,1,07,05,36,345,47,06,19,073,34,09,32,050,43,16,60,103,50,2*72
1780409233.323,$GAGSV,2,2,07,25,40,183,36,31,20,048,45,34,29,281,24,2*41
1780409233.324,$GAGSV,2,1,06,05,36,345,42,06,19,073,39,09,32,050,37,16,60,103,47,7*7B
1780409233.325,$GAGSV,2,2,06,31,20,048,37,34,29,281,21,7*79
1780409233.326,$GAGSV,1,1,04,03,07,301,,04,02,090,,11,12,171,,36,37,218,,0*77
1780409233.327,$GBGSV,2,1,08,06,65,133,44,07,51,006,45,09,82,029,48,10,60,351,46,1*7B
1780409233.328,$GBGSV,2,2,08,23,42,230,17,24,23,034,45,25,78,335,51,33,60,055,48,1*7C
1780409233.328,$GBGSV,1,1,02,09,82,029,49,10,60,351,48,3*7F
1780409233.329,$GBGSV,2,1,08,01,42,107,,02,63,242,,03,71,140,,04,22,097,,0*74
1780409233.330,$GBGSV,2,2,08,04,22,097,,08,16,156,,13,11,201,,14,03,127,,0*7B
1780409233.330,$GNGLL,1339.00039,N,10029.53353,E,140713.00,A,D*79
1780409234.306,$GNRMC,140714.00,A,1339.00031,N,10029.53371,E,0.695,111.14,020626,0.53,W,R,V*5C
1780409234.308,$GNVTG,111.14,T,111.67,M,0.695,N,1.288,K,D*35
1780409234.309,$GNGGA,140714.00,1339.00031,N,10029.53371,E,4,12,0.98,-6.6,M,-27.8,M,1.0,0499*67
1780409234.310,$GNGSA,A,3,10,25,26,28,31,32,16,,,,,,1.93,0.98,1.66,1*06
1780409234.310,$GNGSA,A,3,79,78,66,77,67,,,,,,,,1.93,0.98,1.66,2*09
1780409234.311,$GNGSA,A,3,25,05,06,09,16,31,34,,,,,,1.93,0.98,1.66,3*07
1780409234.312,$GNGSA,A,3,06,07,33,09,10,25,24,,,,,,1.93,0.98,1.66,4*07
1780409234.312,$GPGSV,2,1,08,10,54,147,45,16,28,197,37,25,20,043,38,26,60,193,39,1*60
1780409234.313,$GPGSV,2,2,08,28,46,356,46,31,51,308,46,32,42,037,45,50,56,115,40,1*6C
1780409234.314,$GPGSV,2,1,07,10,54,147,48,23,17,148,10,25,20,043,37,26,60,193,37,6*69
1780409234.315,$GPGSV,2,2,07,28,46,356,45,31,51,308,40,32,42,037,41,6*52
1780409234.316,$GPGSV,2,1,08,01,11,293,,02,17,266,,03,01,326,,27,02,202,,0*63
1780409234.317,$GPGSV,2,2,08,27,02,202,,29,05,096,,40,37,260,,41,64,233,,0*6A
1780409234.317,$GLGSV,2,1,05,66,30,093,46,67,41,020,43,77,37,023,36,78,79,231,35,1*73
1780409234.318,$GLGSV,2,2,05,79,25,210,34,1*40
1780409234.319,$GLGSV,1,1,04,66,30,093,44,67,41,020,46,78,79,231,36,79,25,210,32,3*7C
1780409234.320,$GLGSV,1,1,04,68,11,335,,81,03,196,,82,09,239,,83,01,287,,0*7E
1780409234.321,$GAGSV,2,1,07,05,36,345,46,06,19,073,42,09,32,050,43,16,60,103,50,2*72
1780409234.322,$GAGSV,2,2,07,25,40,183,31,31,20,048,41,34,29,281,21,2*47
1780409234.322,$GAGSV,2,1,06,05,36,345,42,06,19,073,37,09,32,050,42,16,60,103,47,7*77
1780409234.323,$GAGSV,2,2,06,31,20,048,38,34,29,281,20,7*77
1780409234.324,$GAGSV,1,1,04,03,07,301,,04,02,090,,11,12,171,,36,37,218,,0*77
1780409234.325,$GBGSV,2,1,08,06,65,133,46,07,51,006,45,09,82,029,50,10,60,351,44,1*72
1780409234.326,$GBGSV,2,2,08,23,42,230,18,24,23,034,43,25,78,335,50,33,60,055,49,1*75
1780409234.327,$GBGSV,1,1,02,09,82,029,51,10,60,351,49,3*77
1780409234.327,$GBGSV,2,1,08,01,42,107,,02,63,242,,03,71,140,,04,22,097,,0*74
1780409234.328,$GBGSV,2,2,08,04,22,097,,08,16,156,,13,11,201,,14,03,127,,0*7B
1780409234.329,$GNGLL,1339.00031,N,10029.53371,E,140714.00,A,D*76
1780409235.304,$GNRMC,140715.00,A,1339.00022,N,10029.53389,E,0.485,116.55,020626,0.53,W,R,V*59
1780409235.306,$GNVTG,116.55,T,117.08,M,0.485,N,0.898,K,D*31
1780409235.307,$GNGGA,140715.00,1339.00022,N,10029.53389,E,4,12,0.82,-6.6,M,-27.8,M,1.0,0499*68
1780409235.309,$GNGSA,A,3,10,25,26,28,31,32,16,,,,,,1.54,0.82,1.31,1*04
1780409235.310,$GNGSA,A,3,79,78,66,77,67,,,,,,,,1.54,0.82,1.31,2*0B
1780409235.311,$GNGSA,A,3,25,05,06,09,16,31,34,,,,,,1.54,0.82,1.31,3*05
1780409235.312,$GNGSA,A,3,06,07,33,09,10,25,24,,,,,,1.54,0.82,1.31,4*05
1780409235.313,$GPGSV,2,1,08,10,54,147,46,16,28,197,36,25,20,043,40,26,60,193,40,1*63
1780409235.314,$GPGSV,2,2,08,28,46,356,43,31,51,308,46,32,42,037,41,50,56,115,44,1*69
1780409235.316,$GPGSV,2,1,07,10,54,147,45,23,17,148,10,25,20,043,40,26,60,193,39,6*6A
1780409235.317,$GPGSV,2,2,07,28,46,356,42,31,51,308,42,32,42,037,41,6*57
1780409235.319,$GPGSV,2,1,08,01,11,293,,02,17,266,,03,01,326,,27,02,202,,0*63
1780409235.320,$GPGSV,2,2,08,27,02,202,,29,05,096,,40,37,260,,41,64,233,,0*6A
1780409235.321,$GLGSV,2,1,05,66,30,093,48,67,41,020,45,77,37,023,42,78,79,231,35,1*78
1780409235.322,$GLGSV,2,2,05,79,25,210,34,1*40
1780409235.324,$GLGSV,1,1,04,66,30,093,45,67,41,020,44,78,79,231,35,79,25,210,32,3*7C
1780409235.325,$GLGSV,1,1,04,68,11,335,,81,03,196,,82,09,239,,83,01,287,,0*7E
1780409235.327,$GAGSV,2,1,07,05,36,345,45,06,19,073,39,09,32,050,46,16,60,103,48,2*71
1780409235.328,$GAGSV,2,2,07,25,40,183,36,31,20,048,39,34,29,281,29,2*47
1780409235.329,$GAGSV,2,1,06,05,36,345,42,06,19,073,37,09,32,050,43,16,60,103,45,7*74
1780409235.331,$GAGSV,2,2,06,31,20,048,36,34,29,281,21,7*78
1780409235.332,$GAGSV,1,1,04,03,07,301,,04,02,090,,11,12,171,,36,37,218,,0*77
1780409235.333,$GBGSV,2,1,08,06,65,133,43,07,51,006,44,09,82,029,47,10,60,351,43,1*77
1780409235.334,$GBGSV,2,2,08,23,42,230,18,24,23,034,43,25,78,335,50,33,60,055,48,1*74
1780409235.335,$GBGSV,1,1,02,09,82,029,51,10,60,351,49,3*77
1780409235.336,$GBGSV,2,1,08,01,42,107,,02,63,242,,03,71,140,,04,22,097,,0*74
1780409235.337,$GBGSV,2,2,08,04,22,097,,08,16,156,,13,11,201,,14,03,127,,0*7B
1780409235.338,$GNGLL,1339.00022,N,10029.53389,E,140715.00,A,D*72
1780409236.307,$GNRMC,140716.00,A,1339.00021,N,10029.53392,E,0.027,,020626,0.53,W,R,V*47
1780409236.309,$GNVTG,,T,,M,0.027,N,0.050,K,D*38
1780409236.310,$GNGGA,140716.00,1339.00021,N,10029.53392,E,4,12,0.82,-6.6,M,-27.8,M,1.0,0499*62
1780409236.311,$GNGSA,A,3,10,25,26,28,31,32,16,,,,,,1.54,0.82,1.31,1*04
1780409236.311,$GNGSA,A,3,79,78,66,77,67,,,,,,,,1.54,0.82,1.31,2*0B
1780409236.312,$GNGSA,A,3,25,05,06,09,16,31,34,,,,,,1.54,0.82,1.31,3*05
1780409236.312,$GNGSA,A,3,06,07,33,09,10,23,25,24,,,,,1.54,0.82,1.31,4*04
1780409236.313,$GPGSV,2,1,08,10,54,147,49,16,28,197,37,25,20,043,38,26,60,193,40,1*62
1780409236.314,$GPGSV,2,2,08,28,46,356,40,31,51,308,46,32,42,037,43,50,56,115,41,1*6D
1780409236.315,$GPGSV,2,1,07,10,54,147,47,23,17,148,10,25,20,043,40,26,60,193,39,6*68
1780409236.316,$GPGSV,2,2,07,28,46,356,43,31,51,308,42,32,42,037,40,6*57
1780409236.318,$GPGSV,2,1,08,01,11,293,,02,17,266,,03,01,326,,27,02,202,,0*63
1780409236.318,$GPGSV,2,2,08,27,02,202,,29,05,096,,40,37,260,,41,64,233,,0*6A
1780409236.319,$GLGSV,2,1,05,66,30,093,46,67,41,020,47,77,37,023,43,78,79,231,35,1*75
1780409236.320,$GLGSV,2,2,05,79,25,210,34,1*40
1780409236.320,$GLGSV,1,1,04,66,30,093,46,67,41,020,42,78,79,231,37,79,25,210,33,3*7A
1780409236.321,$GLGSV,1,1,04,68,11,335,,81,03,196,,82,09,239,,83,01,287,,0*7E
1780409236.322,$GAGSV,2,1,07,05,36,345,46,06,19,073,39,09,32,050,45,16,60,103,50,2*78
1780409236.323,$GAGSV,2,2,07,25,40,183,36,31,20,048,36,34,29,281,28,2*49
1780409236.324,$GAGSV,2,1,06,05,36,345,42,06,19,073,39,09,32,050,40,16,60,103,45,7*79
1780409236.324,$GAGSV,2,2,06,31,20,048,35,34,29,281,19,7*70
1780409236.325,$GAGSV,1,1,04,03,07,301,,04,02,090,,11,12,171,,36,37,218,,0*77
1780409236.326,$GBGSV,2,1,08,06,65,133,46,07,51,006,43,09,82,029,46,10,60,351,45,1*72
1780409236.327,$GBGSV,2,2,08,23,42,230,20,24,23,034,45,25,78,335,50,33,60,055,50,1*70
1780409236.328,$GBGSV,1,1,02,09,82,029,50,10,60,351,48,3*77
1780409236.329,$GBGSV,2,1,08,01,42,107,,02,63,242,,03,71,140,,04,22,097,,0*74
1780409236.329,$GBGSV,2,2,08,04,22,097,,08,16,156,,13,11,201,,14,03,127,,0*7B
1780409236.330,$GNGLL,1339.00021,N,10029.53392,E,140716.00,A,D*78
1780409237.306,$GNRMC,140717.00,A,1339.00021,N,10029.53392,E,0.007,,020626,0.53,W,R,V*44
1780409237.308,$GNVTG,,T,,M,0.007,N,0.012,K,D*3C
1780409237.310,$GNGGA,140717.00,1339.00021,N,10029.53392,E,4,12,0.82,-6.6,M,-27.8,M,1.0,0499*63
1780409237.310,$GNGSA,A,3,10,25,26,28,31,32,16,,,,,,1.54,0.82,1.31,1*04
1780409237.311,$GNGSA,A,3,79,78,66,77,67,,,,,,,,1.54,0.82,1.31,2*0B
1780409237.311,$GNGSA,A,3,25,05,06,09,16,31,34,,,,,,1.54,0.82,1.31,3*05
1780409237.312,$GNGSA,A,3,06,07,33,09,10,23,25,24,,,,,1.54,0.82,1.31,4*04
1780409237.313,$GPGSV,2,1,08,10,54,147,49,16,28,197,37,25,20,043,39,26,60,193,40,1*63
1780409237.314,$GPGSV,2,2,08,28,46,356,40,31,51,308,46,32,42,037,43,50,56,115,41,1*6D
1780409237.314,$GPGSV,2,1,07,10,54,147,47,23,17,148,13,25,20,043,40,26,60,193,39,6*6B
1780409237.315,$GPGSV,2,2,07,28,46,356,43,31,51,308,42,32,42,037,40,6*57
1780409237.316,$GPGSV,2,1,08,01,11,293,,02,17,266,,03,01,326,,27,02,202,,0*63
1780409237.317,$GPGSV,2,2,08,27,02,202,,29,05,096,,40,37,260,,41,64,233,,0*6A
1780409237.318,$GLGSV,2,1,05,66,30,093,46,67,41,020,47,77,37,023,42,78,79,231,34,1*75
1780409237.318,$GLGSV,2,2,05,79,25,210,33,1*47
1780409237.319,$GLGSV,1,1,04,66,30,093,47,67,41,020,42,78,79,231,37,79,25,210,34,3*7C
1780409237.320,$GLGSV,1,1,04,68,11,335,,81,03,196,,82,09,239,,83,01,287,,0*7E
1780409237.321,$GAGSV,2,1,07,05,36,345,47,06,19,073,39,09,32,050,45,16,60,103,51,2*78
1780409237.321,$GAGSV,2,2,07,25,40,183,36,31,20,048,36,34,29,281,27,2*46
1780409237.322,$GAGSV,2,1,06,05,36,345,42,06,19,073,39,09,32,050,40,16,60,103,46,7*7A
1780409237.323,$GAGSV,2,2,06,31,20,048,36,34,29,281,15,7*7F
1780409237.324,$GAGSV,1,1,04,03,07,301,,04,02,090,,11,12,171,,36,37,218,,0*77
1780409237.324,$GBGSV,2,1,08,06,65,133,46,07,51,006,43,09,82,029,46,10,60,351,45,1*72
1780409237.325,$GBGSV,2,2,08,23,42,230,22,24,23,034,45,25,78,335,50,33,60,055,50,1*72
1780409237.326,$GBGSV,1,1,02,09,82,029,50,10,60,351,48,3*77
1780409237.327,$GBGSV,2,1,08,01,42,107,,02,63,242,,03,71,140,,04,22,097,,0*74
1780409237.327,$GBGSV,2,2,08,04,22,097,,08,16,156,,13,11,201,,14,03,127,,0*7B
1780409237.328,$GNGLL,1339.00021,N,10029.53392,E,140717.00,A,D*79
1780409238.305,$GNRMC,140718.00,A,1339.00020,N,10029.53393,E,0.261,106.52,020626,0.53,W,R,V*57
1780409238.307,$GNVTG,106.52,T,107.05,M,0.261,N,0.484,K,D*36
1780409238.308,$GNGGA,140718.00,1339.00020,N,10029.53393,E,4,12,0.82,-6.6,M,-27.8,M,1.0,0499*6C
1780409238.309,$GNGSA,A,3,10,25,26,28,31,32,16,,,,,,1.54,0.82,1.31,1*04
1780409238.309,$GNGSA,A,3,79,78,66,77,67,,,,,,,,1.54,0.82,1.31,2*0B
1780409238.310,$GNGSA,A,3,25,05,06,09,16,31,34,,,,,,1.54,0.82,1.31,3*05
1780409238.310,$GNGSA,A,3,06,07,33,09,10,23,25,24,,,,,1.54,0.82,1.31,4*04
1780409238.311,$GPGSV,2,1,08,10,54,147,49,16,28,197,36,25,20,043,39,26,60,193,40,1*62
1780409238.312,$GPGSV,2,2,08,28,46,356,40,31,51,308,46,32,42,037,43,50,56,115,42,1*6E
1780409238.313,$GPGSV,2,1,07,10,54,147,47,23,17,148,15,25,20,043,40,26,60,193,40,6*63
1780409238.314,$GPGSV,2,2,07,28,46,356,44,31,51,308,42,32,42,037,40,6*50
1780409238.315,$GPGSV,2,1,08,01,11,293,,02,17,266,,03,01,326,,27,02,202,,0*63
1780409238.316,$GPGSV,2,2,08,27,02,202,,29,05,096,,40,37,260,,41,64,233,,0*6A
1780409238.317,$GLGSV,2,1,05,66,30,093,46,67,41,020,47,77,37,023,42,78,79,231,35,1*74
1780409238.317,$GLGSV,2,2,05,79,25,210,33,1*47
1780409238.318,$GLGSV,1,1,04,66,30,093,47,67,41,020,41,78,79,231,38,79,25,210,33,3*77
1780409238.319,$GLGSV,1,1,04,68,11,335,,81,03,196,,82,09,239,,83,01,287,,0*7E
1780409238.320,$GAGSV,2,1,07,05,36,345,47,06,19,073,39,09,32,050,45,16,60,103,52,2*7B
1780409238.320,$GAGSV,2,2,07,25,40,183,36,31,20,048,36,34,29,281,27,2*46
1780409238.321,$GAGSV,2,1,06,05,36,345,42,06,19,073,39,09,32,050,40,16,60,103,47,7*7B
1780409238.322,$GAGSV,2,2,06,31,20,048,36,34,29,281,14,7*7E
1780409238.323,$GAGSV,1,1,04,03,07,301,,04,02,090,,11,12,171,,36,37,218,,0*77
1780409238.323,$GBGSV,2,1,08,06,65,133,47,07,51,006,43,09,82,029,45,10,60,351,45,1*70
1780409238.324,$GBGSV,2,2,08,23,42,230,23,24,23,034,45,25,78,335,50,33,60,055,49,1*7B
1780409238.325,$GBGSV,1,1,02,09,82,029,50,10,60,351,48,3*77
1780409238.326,$GBGSV,2,1,08,01,42,107,,02,63,242,,03,71,140,,04,22,097,,0*74
1780409238.327,$GBGSV,2,2,08,04,22,097,,08,16,156,,13,11,201,,14,03,127,,0*7B
1780409238.327,$GNGLL,1339.00020,N,10029.53393,E,140718.00,A,D*76
1780409239.302,$GNRMC,140719.00,A,1339.00012,N,10029.53409,E,0.867,111.65,020626,0.53,W,R,V*5D
1780409239.305,$GNVTG,111.65,T,112.18,M,0.867,N,1.606,K,D*39
1780409239.305,$GNGGA,140719.00,1339.00012,N,10029.53409,E,4,12,0.82,-6.7,M,-27.8,M,1.0,0499*69
1780409239.306,$GNGSA,A,3,10,25,26,28,31,32,16,,,,,,1.54,0.82,1.31,1*04
1780409239.307,$GNGSA,A,3,79,78,66,77,67,,,,,,,,1.54,0.82,1.31,2*0B
1780409239.307,$GNGSA,A,3,25,05,06,09,16,31,34,,,,,,1.54,0.82,1.31,3*05
1780409239.308,$GNGSA,A,3,06,07,33,09,10,23,25,24,,,,,1.54,0.82,1.31,4*04
1780409239.309,$GPGSV,2,1,08,10,54,147,49,16,28,197,35,25,20,043,38,26,60,193,43,1*63
1780409239.310,$GPGSV,2,2,08,28,46,356,41,31,51,308,47,32,42,037,46,50,56,115,44,1*6D
1780409239.310,$GPGSV,2,1,07,10,54,147,40,23,17,148,13,25,20,043,37,26,60,193,40,6*62
1780409239.311,$GPGSV,2,2,07,28,46,356,42,31,51,308,43,32,42,037,40,6*57
1780409239.312,$GPGSV,2,1,08,01,11,293,,02,17,266,,03,01,326,,27,02,202,,0*63
1780409239.313,$GPGSV,2,2,08,27,02,202,,29,05,096,,40,37,260,,41,64,233,,0*6A
1780409239.314,$GLGSV,2,1,05,66,30,093,46,67,41,020,44,77,37,023,39,78,79,231,38,1*76
1780409239.314,$GLGSV,2,2,05,79,25,210,28,1*4D
1780409239.315,$GLGSV,1,1,04,66,30,093,47,67,41,020,46,78,79,231,39,79,25,210,30,3*72
1780409239.316,$GLGSV,1,1,04,68,11,335,,81,03,196,,82,09,239,,83,01,287,,0*7E
1780409239.317,$GAGSV,2,1,07,05,36,345,48,06,19,073,37,09,32,050,45,16,60,103,51,2*79
1780409239.317,$GAGSV,2,2,07,25,40,183,27,31,20,048,38,34,29,281,25,2*4A
1780409239.318,$GAGSV,2,1,06,05,36,345,41,06,19,073,37,09,32,050,41,16,60,103,47,7*77
1780409239.319,$GAGSV,2,2,06,31,20,048,33,34,29,281,16,7*79
1780409239.320,$GAGSV,1,1,04,03,07,301,,04,02,090,,11,12,171,,36,37,218,,0*77
1780409239.321,$GBGSV,2,1,08,06,65,133,46,07,51,006,46,09,82,029,46,10,60,351,46,1*74
1780409239.322,$GBGSV,2,2,08,23,42,230,21,24,23,034,44,25,78,335,51,33,60,055,49,1*79
1780409239.322,$GBGSV,1,1,02,09,82,029,47,10,60,351,46,3*7F
1780409239.323,$GBGSV,2,1,08,01,42,107,,02,63,242,,03,71,140,,04,22,097,,0*74
1780409239.324,$GBGSV,2,2,08,04,22,097,,08,16,156,,13,11,201,,14,03,127,,0*7B
1780409239.324,$GNGLL,1339.00012,N,10029.53409,E,140719.00,A,D*72
1780409240.309,$GNRMC,140720.00,A,1339.00002,N,10029.53434,E,0.999,110.80,020626,0.53,W,R,V*52
1780409240.312,$GNVTG,110.80,T,111.33,M,0.999,N,1.850,K,D*34
1780409240.312,$GNGGA,140720.00,1339.00002,N,10029.53434,E,4,12,0.82,-6.7,M,-27.8,M,1.0,0499*6C
1780409240.313,$GNGSA,A,3,10,25,26,28,31,32,16,,,,,,1.54,0.82,1.31,1*04
1780409240.314,$GNGSA,A,3,79,78,66,77,67,,,,,,,,1.54,0.82,1.31,2*0B
1780409240.314,$GNGSA,A,3,25,05,06,09,16,31,34,,,,,,1.54,0.82,1.31,3*05
1780409240.315,$GNGSA,A,3,06,07,33,09,10,25,24,,,,,,1.54,0.82,1.31,4*05
1780409240.316,$GPGSV,2,1,08,10,54,147,48,16,28,197,32,25,20,043,37,26,60,193,44,1*6D
1780409240.317,$GPGSV,2,2,08,28,46,356,44,31,51,308,47,32,42,037,43,50,56,115,43,1*6A
1780409240.318,$GPGSV,2,1,07,10,54,147,44,23,17,148,12,25,20,043,34,26,60,193,44,6*60
1780409240.318,$GPGSV,2,2,07,28,46,356,43,31,51,308,43,32,42,037,44,6*52
1780409240.319,$GPGSV,2,1,08,01,11,293,,02,17,266,,03,01,326,,27,02,202,,0*63
1780409240.320,$GPGSV,2,2,08,27,02,202,,29,05,096,,40,37,260,,41,64,233,,0*6A
1780409240.321,$GLGSV,2,1,05,66,30,093,46,67,41,020,45,77,37,023,40,78,79,231,39,1*78
1780409240.321,$GLGSV,2,2,05,79,25,210,32,1*46
1780409240.322,$GLGSV,1,1,04,66,30,093,43,67,41,020,44,78,79,231,40,79,25,210,28,3*73
1780409240.323,$GLGSV,1,1,04,68,11,335,,81,03,196,,82,09,239,,83,01,287,,0*7E
1780409240.324,$GAGSV,2,1,07,05,36,345,47,06,19,073,37,09,32,050,43,16,60,103,51,2*70
1780409240.325,$GAGSV,2,2,07,25,40,183,37,31,20,048,38,34,29,281,24,2*4A
1780409240.326,$GAGSV,2,1,06,05,36,345,41,06,19,073,37,09,32,050,39,16,60,103,46,7*79
1780409240.326,$GAGSV,2,2,06,31,20,048,38,34,29,281,17,7*73
1780409240.327,$GAGSV,1,1,04,03,07,301,,04,02,090,,11,12,171,,36,37,218,,0*77
1780409240.328,$GBGSV,2,1,08,06,65,133,51,07,51,006,45,09,82,029,48,10,60,351,44,1*7D
1780409240.329,$GBGSV,2,2,08,23,42,230,19,24,23,034,43,25,78,335,50,33,60,055,48,1*75
1780409240.329,$GBGSV,1,1,02,09,82,029,49,10,60,351,49,3*7E
1780409240.330,$GBGSV,2,1,08,01,42,107,,02,63,242,,03,71,140,,04,22,097,,0*74
1780409240.331,$GBGSV,2,2,08,04,22,097,,08,16,156,,13,11,201,,14,03,127,,0*7B
1780409240.332,$GNGLL,1339.00002,N,10029.53434,E,140720.00,A,D*77
1780409241.304,$GNRMC,140721.00,A,1338.99992,N,10029.53463,E,1.109,104.57,020626,0.53,W,R,V*5F
1780409241.306,$GNVTG,104.57,T,105.10,M,1.109,N,2.055,K,D*31
1780409241.308,$GNGGA,140721.00,1338.99992,N,10029.53463,E,4,12,0.82,-6.7,M,-27.8,M,1.0,0499*6E
1780409241.309,$GNGSA,A,3,10,25,26,28,31,32,16,,,,,,1.54,0.82,1.31,1*04
1780409241.309,$GNGSA,A,3,79,78,66,77,67,,,,,,,,1.54,0.82,1.31,2*0B
1780409241.310,$GNGSA,A,3,25,05,06,09,16,31,34,,,,,,1.54,0.82,1.31,3*05
1780409241.311,$GNGSA,A,3,06,07,33,09,10,25,24,,,,,,1.54,0.82,1.31,4*05
1780409241.311,$GPGSV,2,1,08,10,54,147,49,16,28,197,29,25,20,043,30,26,60,193,47,1*62
1780409241.312,$GPGSV,2,2,08,28,46,356,43,31,51,308,46,32,42,037,43,50,56,115,42,1*6D
1780409241.313,$GPGSV,2,1,07,10,54,147,44,23,17,148,12,25,20,043,33,26,60,193,46,6*65
1780409241.314,$GPGSV,2,2,07,28,46,356,45,31,51,308,44,32,42,037,41,6*56
1780409241.315,$GPGSV,2,1,08,01,11,293,,02,17,266,,03,01,326,,27,02,202,,0*63
1780409241.316,$GPGSV,2,2,08,27,02,202,,29,05,096,,40,37,260,,41,64,233,,0*6A
1780409241.317,$GLGSV,2,1,05,66,30,093,43,67,41,020,44,77,37,023,40,78,79,231,40,1*72
1780409241.318,$GLGSV,2,2,05,79,25,210,27,1*42
1780409241.319,$GLGSV,1,1,04,66,30,093,46,67,41,020,45,78,79,231,41,79,25,210,28,3*76
1780409241.319,$GLGSV,1,1,04,68,11,335,,81,03,196,,82,09,239,,83,01,287,,0*7E
1780409241.320,$GAGSV,2,1,07,05,36,345,42,06,19,073,36,09,32,050,45,16,60,103,53,2*70
1780409241.321,$GAGSV,2,2,07,25,40,183,27,31,20,048,32,34,29,281,21,2*44
1780409241.322,$GAGSV,2,1,06,05,36,345,42,06,19,073,37,09,32,050,41,16,60,103,43,7*70
1780409241.323,$GAGSV,2,2,06,31,20,048,36,34,29,281,19,7*73
1780409241.323,$GAGSV,1,1,04,03,07,301,,04,02,090,,11,12,171,,36,37,218,,0*77
1780409241.324,$GBGSV,2,1,08,06,65,133,47,07,51,006,45,09,82,029,46,10,60,351,45,1*75
1780409241.325,$GBGSV,2,2,08,23,42,230,18,24,23,034,42,25,78,335,49,33,60,055,48,1*7D
1780409241.326,$GBGSV,1,1,02,09,82,029,50,10,60,351,44,3*7B
1780409241.326,$GBGSV,2,1,08,01,42,107,,02,63,242,,03,71,140,,04,22,097,,0*74
1780409241.327,$GBGSV,2,2,08,04,22,097,,08,16,156,,13,11,201,,14,03,127,,0*7B
1780409241.328,$GNGLL,1338.99992,N,10029.53463,E,140721.00,A,D*75
1780409242.306,$GNRMC,140722.00,A,1338.99979,N,10029.53493,E,1.072,110.51,020626,0.53,W,R,V*58
1780409242.308,$GNVTG,110.51,T,111.04,M,1.072,N,1.985,K,D*38
1780409242.309,$GNGGA,140722.00,1338.99979,N,10029.53493,E,4,12,0.82,-6.7,M,-27.8,M,1.0,0499*67
1780409242.310,$GNGSA,A,3,10,25,26,28,31,32,16,,,,,,1.54,0.82,1.31,1*04
1780409242.310,$GNGSA,A,3,79,78,66,77,67,,,,,,,,1.54,0.82,1.31,2*0B
1780409242.311,$GNGSA,A,3,25,05,06,09,16,31,34,,,,,,1.54,0.82,1.31,3*05
1780409242.311,$GNGSA,A,3,06,07,33,09,10,25,24,,,,,,1.54,0.82,1.31,4*05
1780409242.312,$GPGSV,2,1,08,10,54,147,46,16,28,197,27,25,20,043,34,26,60,193,47,1*67
1780409242.313,$GPGSV,2,2,08,28,46,356,42,31,51,308,47,32,42,037,41,50,56,115,43,1*6E
1780409242.314,$GPGSV,2,1,07,10,54,147,36,23,17,148,11,25,20,043,28,26,60,193,47,6*68
1780409242.315,$GPGSV,2,2,07,28,46,356,43,31,51,308,44,32,42,037,40,6*51
1780409242.316,$GPGSV,2,1,08,01,11,293,,02,17,266,,03,01,326,,27,02,202,,0*63
1780409242.316,$GPGSV,2,2,08,27,02,202,,29,05,096,,40,37,260,,41,64,233,,0*6A
1780409242.317,$GLGSV,2,1,05,66,30,093,44,67,41,020,45,77,37,023,32,78,79,231,44,1*75
1780409242.318,$GLGSV,2,2,05,79,25,210,25,1*40
1780409242.319,$GLGSV,1,1,04,66,30,093,47,67,41,020,42,78,79,231,44,79,25,210,27,3*7A
1780409242.320,$GLGSV,1,1,04,68,11,335,,81,03,196,,82,09,239,,83,01,287,,0*7E
1780409242.320,$GAGSV,2,1,07,05,36,345,43,06,19,073,38,09,32,050,45,16,60,103,52,2*7E
1780409242.321,$GAGSV,2,2,07,25,40,183,35,31,20,048,41,34,29,281,27,2*45
1780409242.322,$GAGSV,2,1,06,05,36,345,37,06,19,073,35,09,32,050,40,16,60,103,46,7*74
1780409242.323,$GAGSV,2,2,06,31,20,048,34,34,29,281,19,7*71
1780409242.324,$GAGSV,1,1,04,03,07,301,,04,02,090,,11,12,171,,36,37,218,,0*77
1780409242.324,$GBGSV,2,1,08,06,65,133,42,07,51,006,45,09,82,029,47,10,60,351,48,1*7C
1780409242.325,$GBGSV,2,2,08,23,42,230,19,24,23,034,42,25,78,335,47,33,60,055,47,1*7D
1780409242.326,$GBGSV,1,1,02,09,82,029,49,10,60,351,49,3*7E
1780409242.327,$GBGSV,2,1,08,01,42,107,,02,63,242,,03,71,140,,04,22,097,,0*74
1780409242.328,$GBGSV,2,2,08,04,22,097,,08,16,156,,13,11,201,,14,03,127,,0*7B
1780409242.329,$GNGLL,1338.99979,N,10029.53493,E,140722.00,A,D*7C
1780409243.307,$GNRMC,140723.00,A,1338.99971,N,10029.53523,E,0.963,108.31,020626,0.53,W,R,V*5C
1780409243.310,$GNVTG,108.31,T,108.84,M,0.963,N,1.783,K,D*37
1780409243.311,$GNGGA,140723.00,1338.99971,N,10029.53523,E,4,12,0.82,-6.7,M,-27.8,M,1.0,0499*64
1780409243.312,$GNGSA,A,3,10,25,26,28,31,32,16,,,,,,1.54,0.82,1.31,1*04
1780409243.312,$GNGSA,A,3,79,78,66,77,67,,,,,,,,1.54,0.82,1.31,2*0B
1780409243.313,$GNGSA,A,3,25,05,06,09,16,31,34,,,,,,1.54,0.82,1.31,3*05
1780409243.313,$GNGSA,A,3,06,07,33,09,10,23,25,24,,,,,1.54,0.82,1.31,4*04
1780409243.314,$GPGSV,2,1,07,10,54,147,42,16,28,197,28,26,60,193,45,28,46,356,42,1*6A
1780409243.315,$GPGSV,2,2,07,31,51,308,46,32,42,037,44,50,56,115,43,1*5B
1780409243.316,$GPGSV,2,1,07,10,54,147,44,23,17,148,09,25,20,043,25,26,60,193,47,6*69
1780409243.317,$GPGSV,2,2,07,28,46,356,44,31,51,308,43,32,42,037,39,6*5F
1780409243.318,$GPGSV,2,1,08,01,11,293,,02,17,266,,03,01,326,,27,02,202,,0*63
1780409243.319,$GPGSV,2,2,08,27,02,202,,29,05,096,,40,37,260,,41,64,233,,0*6A
1780409243.320,$GLGSV,2,1,05,66,30,093,47,67,41,020,44,77,37,023,40,78,79,231,46,1*70
1780409243.320,$GLGSV,2,2,05,79,25,210,24,1*41
1780409243.321,$GLGSV,1,1,04,66,30,093,45,67,41,020,46,78,79,231,46,79,25,210,24,3*7D
1780409243.322,$GLGSV,1,1,04,68,11,335,,81,03,196,,82,09,239,,83,01,287,,0*7E
1780409243.323,$GAGSV,2,1,07,05,36,345,45,06,19,073,36,09,32,050,45,16,60,103,52,2*76
1780409243.323,$GAGSV,2,2,07,25,40,183,34,31,20,048,43,34,29,281,20,2*41
1780409243.324,$GAGSV,2,1,06,05,36,345,39,06,19,073,39,09,32,050,36,16,60,103,47,7*76
1780409243.325,$GAGSV,2,2,06,31,20,048,37,34,29,281,20,7*78
1780409243.326,$GAGSV,1,1,04,03,07,301,,04,02,090,,11,12,171,,36,37,218,,0*77
1780409243.327,$GBGSV,2,1,08,06,65,133,49,07,51,006,45,09,82,029,46,10,60,351,46,1*78
1780409243.327,$GBGSV,2,2,08,23,42,230,20,24,23,034,40,25,78,335,49,33,60,055,49,1*75
1780409243.328,$GBGSV,1,1,02,09,82,029,50,10,60,351,46,3*79
1780409243.329,$GBGSV,2,1,08,01,42,107,,02,63,242,,03,71,140,,04,22,097,,0*74
1780409243.330,$GBGSV,2,2,08,04,22,097,,08,16,156,,13,11,201,,14,03,127,,0*7B
1780409243.330,$GNGLL,1338.99971,N,10029.53523,E,140723.00,A,D*7F
1780409244.306,$GNRMC,140724.00,A,1338.99965,N,10029.53539,E,0.306,101.38,020626,0.53,W,R,V*5C
1780409244.308,$GNVTG,101.38,T,101.91,M,0.306,N,0.566,K,D*3B
1780409244.309,$GNGGA,140724.00,1338.99965,N,10029.53539,E,4,12,0.82,-6.8,M,-27.8,M,1.0,0499*62
1780409244.310,$GNGSA,A,3,10,25,26,28,31,32,16,,,,,,1.54,0.82,1.31,1*04
1780409244.311,$GNGSA,A,3,79,78,66,77,67,,,,,,,,1.54,0.82,1.31,2*0B
1780409244.311,$GNGSA,A,3,25,05,06,09,16,31,34,,,,,,1.54,0.82,1.31,3*05
1780409244.312,$GNGSA,A,3,06,07,33,09,10,23,25,24,,,,,1.54,0.82,1.31,4*04
1780409244.313,$GPGSV,2,1,07,10,54,147,38,16,28,197,28,26,60,193,45,28,46,356,40,1*65
1780409244.314,$GPGSV,2,2,07,31,51,308,46,32,42,037,45,50,56,115,45,1*5C
1780409244.315,$GPGSV,2,1,06,10,54,147,37,25,20,043,26,26,60,193,47,28,46,356,45,6*65
1780409244.315,$GPGSV,2,2,06,31,51,308,44,32,42,037,44,6*6B
1780409244.316,$GPGSV,3,1,09,01,11,293,,02,17,266,,03,01,326,,23,17,148,,0*6E
1780409244.317,$GPGSV,3,2,09,23,17,148,,27,02,202,,29,05,096,,40,37,260,,0*65
1780409244.318,$GPGSV,3,3,09,40,37,260,,0*58
1780409244.318,$GLGSV,2,1,05,66,30,093,47,67,41,020,44,77,37,023,37,78,79,231,47,1*71
1780409244.319,$GLGSV,2,2,05,79,25,210,22,1*47
1780409244.320,$GLGSV,1,1,04,66,30,093,45,67,41,020,44,78,79,231,47,79,25,210,22,3*78
1780409244.321,$GLGSV,1,1,04,68,11,335,,81,03,196,,82,09,239,,83,01,287,,0*7E
1780409244.322,$GAGSV,2,1,08,05,36,345,40,06,19,073,37,09,32,050,46,16,60,103,48,2*75
1780409244.323,$GAGSV,2,2,08,25,40,183,30,31,20,048,41,34,29,281,21,36,37,218,20,2*71
1780409244.323,$GAGSV,2,1,07,05,36,345,39,06,19,073,39,09,32,050,44,16,60,103,44,7*71
1780409244.324,$GAGSV,2,2,07,25,40,183,24,31,20,048,39,34,29,281,20,7*48
1780409244.325,$GAGSV,1,1,03,03,07,301,,04,02,090,,11,12,171,,0*4A
1780409244.326,$GBGSV,2,1,08,06,65,133,47,07,51,006,48,09,82,029,47,10,60,351,45,1*79
1780409244.327,$GBGSV,2,2,08,23,42,230,21,24,23,034,42,25,78,335,49,33,60,055,49,1*76
1780409244.327,$GBGSV,1,1,02,09,82,029,48,10,60,351,50,3*77
1780409244.328,$GBGSV,2,1,08,01,42,107,,02,63,242,,03,71,140,,04,22,097,,0*74
1780409244.329,$GBGSV,2,2,08,04,22,097,,08,16,156,,13,11,201,,14,03,127,,0*7B
1780409244.330,$GNGLL,1338.99965,N,10029.53539,E,140724.00,A,D*76
1780409245.315,$GNRMC,140725.00,A,1338.99964,N,10029.53544,E,0.133,,020626,0.53,W,R,V*47
1780409245.318,$GNVTG,,T,,M,0.133,N,0.247,K,D*38
1780409245.319,$GNGGA,140725.00,1338.99964,N,10029.53544,E,4,12,0.82,-6.8,M,-27.8,M,1.0,0499*68
1780409245.320,$GNGSA,A,3,10,25,26,28,31,32,16,,,,,,1.54,0.82,1.31,1*04
1780409245.320,$GNGSA,A,3,79,78,66,77,67,,,,,,,,1.54,0.82,1.31,2*0B
1780409245.321,$GNGSA,A,3,25,05,06,09,16,31,34,,,,,,1.54,0.82,1.31,3*05
1780409245.322,$GNGSA,A,3,06,07,33,09,10,25,24,,,,,,1.54,0.82,1.31,4*05
1780409245.322,$GPGSV,3,1,09,10,54,147,46,16,28,197,27,23,17,148,28,25,20,043,33,1*6A
1780409245.323,$GPGSV,3,2,09,26,60,193,45,28,46,356,39,31,51,308,46,32,42,037,43,1*6D
1780409245.324,$GPGSV,3,3,09,50,56,115,41,1*5B
1780409245.325,$GPGSV,2,1,06,10,54,147,41,25,20,043,33,26,60,193,47,28,46,356,41,6*64
1780409245.326,$GPGSV,2,2,06,31,51,308,44,32,42,037,42,6*6D
1780409245.326,$GPGSV,2,1,08,01,11,293,,02,17,266,,03,01,326,,27,02,202,,0*63
1780409245.327,$GPGSV,2,2,08,27,02,202,,29,05,096,,40,37,260,,41,64,233,,0*6A
1780409245.328,$GLGSV,2,1,05,66,30,093,47,67,41,020,45,77,37,023,38,78,79,231,48,1*70
1780409245.329,$GLGSV,2,2,05,79,25,210,20,1*45
1780409245.329,$GLGSV,1,1,04,66,30,093,43,67,41,020,44,78,79,231,49,79,25,210,19,3*78
1780409245.330,$GLGSV,1,1,04,68,11,335,,81,03,196,,82,09,239,,83,01,287,,0*7E
1780409245.331,$GAGSV,2,1,08,05,36,345,41,06,19,073,40,09,32,050,46,16,60,103,52,2*7F
1780409245.332,$GAGSV,2,2,08,25,40,183,29,31,20,048,40,34,29,281,26,36,37,218,24,2*7B
1780409245.333,$GAGSV,2,1,07,05,36,345,38,06,19,073,37,09,32,050,40,16,60,103,48,7*76
1780409245.334,$GAGSV,2,2,07,25,40,183,21,31,20,048,39,34,29,281,20,7*4D
1780409245.334,$GAGSV,1,1,03,03,07,301,,04,02,090,,11,12,171,,0*4A
1780409245.336,$GBGSV,2,1,08,06,65,133,44,07,51,006,47,09,82,029,47,10,60,351,44,1*74
1780409245.336,$GBGSV,2,2,08,23,42,230,18,24,23,034,41,25,78,335,50,33,60,055,50,1*7F
1780409245.337,$GBGSV,1,1,02,09,82,029,48,10,60,351,50,3*77
1780409245.338,$GBGSV,2,1,08,01,42,107,,02,63,242,,03,71,140,,04,22,097,,0*74
1780409245.339,$GBGSV,2,2,08,04,22,097,,08,16,156,,13,11,201,,14,03,127,,0*7B
1780409245.339,$GNGLL,1338.99964,N,10029.53544,E,140725.00,A,D*7C
1780409246.305,$GNRMC,140726.00,A,1338.99962,N,10029.53553,E,0.703,106.16,020626,0.53,W,R,V*5F
1780409246.307,$GNVTG,106.16,T,106.69,M,0.703,N,1.302,K,D*34
1780409246.308,$GNGGA,140726.00,1338.99962,N,10029.53553,E,4,12,0.82,-6.8,M,-27.8,M,1.0,0499*6B
1780409246.309,$GNGSA,A,3,10,25,26,28,31,32,16,,,,,,1.54,0.82,1.31,1*04
1780409246.309,$GNGSA,A,3,79,78,66,77,67,,,,,,,,1.54,0.82,1.31,2*0B
1780409246.310,$GNGSA,A,3,25,36,05,06,09,16,31,34,,,,,1.54,0.82,1.31,3*00
1780409246.310,$GNGSA,A,3,06,07,33,09,10,23,25,24,,,,,1.54,0.82,1.31,4*04
1780409246.311,$GPGSV,2,1,08,10,54,147,43,16,28,197,27,25,20,043,28,26,60,193,46,1*6E
1780409246.312,$GPGSV,2,2,08,28,46,356,43,31,51,308,46,32,42,037,43,50,56,115,41,1*6E
1780409246.314,$GPGSV,2,1,06,10,54,147,40,25,20,043,32,26,60,193,46,28,46,356,43,6*67
1780409246.314,$GPGSV,2,2,06,31,51,308,43,32,42,037,41,6*69
1780409246.315,$GPGSV,3,1,09,01,11,293,,02,17,266,,03,01,326,,23,17,148,,0*6E
1780409246.316,$GPGSV,3,2,09,23,17,148,,27,02,202,,29,05,096,,40,37,260,,0*65
1780409246.317,$GPGSV,3,3,09,40,37,260,,0*58
1780409246.317,$GLGSV,2,1,05,66,30,093,44,67,41,020,44,77,37,023,33,78,79,231,49,1*78
1780409246.318,$GLGSV,2,2,05,79,25,210,18,1*4E
1780409246.319,$GLGSV,1,1,04,66,30,093,45,67,41,020,46,78,79,231,49,79,25,210,20,3*76
1780409246.320,$GLGSV,1,1,04,68,11,335,,81,03,196,,82,09,239,,83,01,287,,0*7E
1780409246.320,$GAGSV,2,1,08,05,36,345,44,06,19,073,40,09,32,050,46,16,60,103,49,2*70
1780409246.321,$GAGSV,2,2,08,25,40,183,27,31,20,048,41,34,29,281,27,36,37,218,25,2*74
1780409246.322,$GAGSV,2,1,06,05,36,345,39,06,19,073,39,09,32,050,38,16,60,103,48,7*77
1780409246.323,$GAGSV,2,2,06,31,20,048,38,34,29,281,19,7*7D
1780409246.324,$GAGSV,1,1,03,03,07,301,,04,02,090,,11,12,171,,0*4A
1780409246.324,$GBGSV,2,1,08,06,65,133,48,07,51,006,44,09,82,029,47,10,60,351,44,1*7B
1780409246.325,$GBGSV,2,2,08,23,42,230,20,24,23,034,38,25,78,335,49,33,60,055,50,1*72
1780409246.326,$GBGSV,1,1,02,09,82,029,49,10,60,351,48,3*7F
1780409246.327,$GBGSV,2,1,08,01,42,107,,02,63,242,,03,71,140,,04,22,097,,0*74
1780409246.327,$GBGSV,2,2,08,04,22,097,,08,16,156,,13,11,201,,14,03,127,,0*7B
1780409246.328,$GNGLL,1338.99962,N,10029.53553,E,140726.00,A,D*7F
1780409247.302,$GNRMC,140727.00,A,1338.99954,N,10029.53578,E,0.969,106.89,020626,0.53,W,R,V*56
1780409247.304,$GNVTG,106.89,T,107.42,M,0.969,N,1.795,K,D*32
1780409247.305,$GNGGA,140727.00,1338.99954,N,10029.53578,E,4,12,0.82,-6.8,M,-27.8,M,1.0,0499*66
1780409247.305,$GNGSA,A,3,10,25,26,28,31,32,16,,,,,,1.54,0.82,1.31,1*04
1780409247.306,$GNGSA,A,3,78,66,77,67,,,,,,,,,1.54,0.82,1.31,2*05
1780409247.307,$GNGSA,A,3,25,36,05,06,09,16,31,34,,,,,1.54,0.82,1.31,3*00
1780409247.307,$GNGSA,A,3,06,07,33,09,10,23,25,24,,,,,1.54,0.82,1.31,4*04
1780409247.308,$GPGSV,2,1,08,10,54,147,41,16,28,197,24,25,20,043,35,26,60,193,47,1*62
1780409247.309,$GPGSV,2,2,08,28,46,356,45,31,51,308,45,32,42,037,43,50,56,115,41,1*6B
1780409247.310,$GPGSV,1,1,01,23,17,148,17,5*5D
1780409247.310,$GPGSV,2,1,06,10,54,147,38,25,20,043,36,26,60,193,46,28,46,356,42,6*6D
1780409247.311,$GPGSV,2,2,06,31,51,308,43,32,42,037,44,6*6C
1780409247.312,$GPGSV,2,1,08,01,11,293,,02,17,266,,03,01,326,,27,02,202,,0*63
1780409247.313,$GPGSV,2,2,08,27,02,202,,29,05,096,,40,37,260,,41,64,233,,0*6A
1780409247.313,$GLGSV,2,1,05,66,30,093,45,67,41,020,43,77,37,023,33,78,79,231,50,1*76
1780409247.314,$GLGSV,2,2,05,79,25,210,18,1*4E
1780409247.315,$GLGSV,1,1,04,66,30,093,44,67,41,020,46,78,79,231,50,79,25,210,19,3*75
1780409247.316,$GLGSV,1,1,04,68,11,335,,81,03,196,,82,09,239,,83,01,287,,0*7E
1780409247.316,$GAGSV,2,1,08,05,36,345,44,06,19,073,43,09,32,050,48,16,60,103,53,2*76
1780409247.317,$GAGSV,2,2,08,25,40,183,35,31,20,048,45,34,29,281,25,36,37,218,25,2*71
1780409247.318,$GAGSV,2,1,07,05,36,345,33,06,19,073,39,09,32,050,41,16,60,103,47,7*7D
1780409247.319,$GAGSV,2,2,07,25,40,183,30,31,20,048,38,34,29,281,18,7*47
1780409247.320,$GAGSV,1,1,03,03,07,301,,04,02,090,,11,12,171,,0*4A
1780409247.321,$GBGSV,2,1,08,06,65,133,48,07,51,006,44,09,82,029,46,10,60,351,45,1*7B
1780409247.321,$GBGSV,2,2,08,23,42,230,21,24,23,034,41,25,78,335,51,33,60,055,50,1*74
1780409247.322,$GBGSV,1,1,02,09,82,029,49,10,60,351,48,3*7F
1780409247.323,$GBGSV,2,1,08,01,42,107,,02,63,242,,03,71,140,,04,22,097,,0*74
1780409247.324,$GBGSV,2,2,08,04,22,097,,08,16,156,,13,11,201,,14,03,127,,0*7B
1780409247.324,$GNGLL,1338.99954,N,10029.53578,E,140727.00,A,D*72
1780409248.300,$GNRMC,140728.00,A,1338.99943,N,10029.53605,E,1.089,108.00,020626,0.53,W,R,V*5F
1780409248.301,$GNVTG,108.00,T,108.53,M,1.089,N,2.016,K,D*3B
1780409248.302,$GNGGA,140728.00,1338.99943,N,10029.53605,E,4,12,0.82,-6.8,M,-27.8,M,1.0,0499*66
1780409248.303,$GNGSA,A,3,10,25,26,28,31,32,16,,,,,,1.54,0.82,1.31,1*04
1780409248.304,$GNGSA,A,3,79,78,66,77,67,,,,,,,,1.54,0.82,1.31,2*0B
1780409248.305,$GNGSA,A,3,25,36,05,06,09,16,31,34,,,,,1.54,0.82,1.31,3*00
1780409248.306,$GNGSA,A,3,06,07,33,09,10,23,25,24,,,,,1.54,0.82,1.31,4*04
1780409248.307,$GPGSV,2,1,08,10,54,147,43,16,28,197,22,25,20,043,39,26,60,193,46,1*6B
1780409248.308,$GPGSV,2,2,08,28,46,356,43,31,51,308,46,32,42,037,44,50,56,115,42,1*6A
1780409248.309,$GPGSV,2,1,07,10,54,147,38,23,17,148,15,25,20,043,40,26,60,193,48,6*63
1780409248.310,$GPGSV,2,2,07,28,46,356,43,31,51,308,43,32,42,037,43,6*55
1780409248.311,$GPGSV,2,1,08,01,11,293,,02,17,266,,03,01,326,,27,02,202,,0*63
1780409248.312,$GPGSV,2,2,08,27,02,202,,29,05,096,,40,37,260,,41,64,233,,0*6A
1780409248.313,$GLGSV,2,1,05,66,30,093,47,67,41,020,44,77,37,023,38,78,79,231,49,1*70
1780409248.314,$GLGSV,2,2,05,79,25,210,16,1*40
1780409248.315,$GLGSV,1,1,04,66,30,093,45,67,41,020,45,78,79,231,51,79,25,210,22,3*7E
1780409248.316,$GLGSV,1,1,04,68,11,335,,81,03,196,,82,09,239,,83,01,287,,0*7E
1780409248.317,$GAGSV,2,1,08,05,36,345,47,06,19,073,42,09,32,050,43,16,60,103,52,2*7E
1780409248.318,$GAGSV,2,2,08,25,40,183,37,31,20,048,45,34,29,281,24,36,37,218,26,2*71
1780409248.320,$GAGSV,2,1,07,05,36,345,37,06,19,073,39,09,32,050,39,16,60,103,45,7*74
1780409248.321,$GAGSV,2,2,07,25,40,183,29,31,20,048,36,34,29,281,20,7*4A
1780409248.322,$GAGSV,1,1,03,03,07,301,,04,02,090,,11,12,171,,0*4A
1780409248.323,$GBGSV,2,1,08,06,65,133,49,07,51,006,46,09,82,029,46,10,60,351,47,1*7A
1780409248.324,$GBGSV,2,2,08,23,42,230,23,24,23,034,40,25,78,335,49,33,60,055,48,1*77
1780409248.325,$GBGSV,1,1,02,09,82,029,49,10,60,351,49,3*7E
1780409248.326,$GBGSV,2,1,08,01,42,107,,02,63,242,,03,71,140,,04,22,097,,0*74
1780409248.327,$GBGSV,2,2,08,04,22,097,,08,16,156,,13,11,201,,14,03,127,,0*7B
1780409248.327,$GNGLL,1338.99943,N,10029.53605,E,140728.00,A,D*72
1780409249.303,$GNRMC,140729.00,A,1338.99933,N,10029.53630,E,0.750,113.36,020626,0.53,W,R,V*52
1780409249.306,$GNVTG,113.36,T,113.89,M,0.750,N,1.388,K,D*3C
1780409249.307,$GNGGA,140729.00,1338.99933,N,10029.53630,E,4,12,0.82,-6.9,M,-27.8,M,1.0,0499*67
1780409249.308,$GNGSA,A,3,10,25,26,28,31,32,16,,,,,,1.54,0.82,1.31,1*04
1780409249.308,$GNGSA,A,3,79,78,66,77,67,,,,,,,,1.54,0.82,1.31,2*0B
1780409249.309,$GNGSA,A,3,25,36,05,06,09,16,31,34,,,,,1.54,0.82,1.31,3*00
1780409249.310,$GNGSA,A,3,06,07,33,09,10,23,25,24,,,,,1.54,0.82,1.31,4*04
1780409249.310,$GPGSV,2,1,08,10,54,147,40,16,28,197,21,25,20,043,35,26,60,193,48,1*69
1780409249.311,$GPGSV,2,2,08,28,46,356,44,31,51,308,46,32,42,037,42,50,56,115,43,1*6A
1780409249.312,$GPGSV,2,1,07,10,54,147,39,23,17,148,10,25,20,043,37,26,60,193,47,6*68
1780409249.313,$GPGSV,2,2,07,28,46,356,43,31,51,308,43,32,42,037,43,6*55
1780409249.314,$GPGSV,2,1,08,01,11,293,,02,17,266,,03,01,326,,27,02,202,,0*63
1780409249.315,$GPGSV,2,2,08,27,02,202,,29,05,096,,40,37,260,,41,64,233,,0*6A
1780409249.316,$GLGSV,2,1,05,66,30,093,47,67,41,020,38,77,37,023,40,78,79,231,49,1*74
1780409249.316,$GLGSV,2,2,05,79,25,210,17,1*41
1780409249.317,$GLGSV,1,1,04,66,30,093,45,67,41,020,44,78,79,231,50,79,25,210,22,3*7E
1780409249.318,$GLGSV,1,1,04,68,11,335,,81,03,196,,82,09,239,,83,01,287,,0*7E
1780409249.319,$GAGSV,2,1,08,05,36,345,48,06,19,073,39,09,32,050,45,16,60,103,52,2*7B
1780409249.320,$GAGSV,2,2,08,25,40,183,38,31,20,048,44,34,29,281,21,36,37,218,25,2*79
1780409249.321,$GAGSV,2,1,06,05,36,345,43,06,19,073,36,09,32,050,41,16,60,103,48,7*7B
1780409249.321,$GAGSV,2,2,06,31,20,048,39,34,29,281,20,7*76
1780409249.322,$GAGSV,1,1,03,03,07,301,,04,02,090,,11,12,171,,0*4A
1780409249.323,$GBGSV,2,1,08,06,65,133,45,07,51,006,46,09,82,029,47,10,60,351,44,1*74
1780409249.324,$GBGSV,2,2,08,23,42,230,23,24,23,034,40,25,78,335,49,33,60,055,47,1*78
1780409249.324,$GBGSV,1,1,02,09,82,029,49,10,60,351,48,3*7F
1780409249.325,$GBGSV,2,1,08,01,42,107,,02,63,242,,03,71,140,,04,22,097,,0*74
1780409249.326,$GBGSV,2,2,08,04,22,097,,08,16,156,,13,11,201,,14,03,127,,0*7B
1780409249.327,$GNGLL,1338.99933,N,10029.53630,E,140729.00,A,D*72
1780409250.302,$GNRMC,140730.00,A,1338.99926,N,10029.53648,E,0.291,113.47,020626,0.53,W,R,V*5F
1780409250.305,$GNVTG,113.47,T,114.00,M,0.291,N,0.539,K,D*39
1780409250.306,$GNGGA,140730.00,1338.99926,N,10029.53648,E,4,12,0.82,-6.8,M,-27.8,M,1.0,0499*65
1780409250.307,$GNGSA,A,3,10,25,26,28,31,32,16,,,,,,1.54,0.82,1.31,1*04
1780409250.307,$GNGSA,A,3,79,78,66,77,67,,,,,,,,1.54,0.82,1.31,2*0B
1780409250.308,$GNGSA,A,3,25,36,05,06,09,16,31,34,,,,,1.54,0.82,1.31,3*00
1780409250.309,$GNGSA,A,3,06,07,33,09,10,23,25,24,,,,,1.54,0.82,1.31,4*04
1780409250.309,$GPGSV,2,1,08,10,54,147,38,16,28,197,21,25,20,043,38,26,60,193,48,1*6B
1780409250.310,$GPGSV,2,2,08,28,46,356,43,31,51,308,46,32,42,037,42,50,56,115,40,1*6E
1780409250.311,$GPGSV,2,1,07,10,54,147,36,23,17,148,09,25,20,043,39,26,60,193,46,6*60
1780409250.313,$GPGSV,2,2,07,28,46,356,45,31,51,308,43,32,42,037,40,6*50
1780409250.314,$GPGSV,2,1,08,01,11,293,,02,17,266,,03,01,326,,27,02,202,,0*63
1780409250.314,$GPGSV,2,2,08,27,02,202,,29,05,096,,40,37,260,,41,64,233,,0*6A
1780409250.315,$GLGSV,2,1,05,66,30,093,44,67,41,020,41,77,37,023,36,78,79,231,48,1*79
1780409250.316,$GLGSV,2,2,05,79,25,210,17,1*41
1780409250.317,$GLGSV,1,1,04,66,30,093,47,67,41,020,45,78,79,231,49,79,25,210,21,3*76
1780409250.317,$GLGSV,1,1,04,68,11,335,,81,03,196,,82,09,239,,83,01,287,,0*7E
1780409250.318,$GAGSV,2,1,08,05,36,345,47,06,19,073,41,09,32,050,47,16,60,103,51,2*7A
1780409250.319,$GAGSV,2,2,08,25,40,183,39,31,20,047,44,34,29,281,23,36,37,218,24,2*74
1780409250.320,$GAGSV,2,1,06,05,36,345,43,06,19,073,38,09,32,050,42,16,60,103,47,7*79
1780409250.321,$GAGSV,2,2,06,31,20,047,36,34,29,281,20,7*76
1780409250.321,$GAGSV,1,1,03,03,07,301,,04,02,090,,11,12,171,,0*4A
1780409250.322,$GBGSV,2,1,08,06,65,133,44,07,51,006,46,09,82,029,47,10,60,351,46,1*77
1780409250.323,$GBGSV,2,2,08,23,42,230,23,24,23,034,44,25,78,335,49,33,60,055,49,1*72
1780409250.324,$GBGSV,1,1,02,09,82,029,49,10,60,351,49,3*7E
1780409250.324,$GBGSV,2,1,08,01,42,107,,02,63,242,,03,71,140,,04,22,097,,0*74
1780409250.325,$GBGSV,2,2,08,04,22,097,,08,16,156,,13,11,201,,14,03,127,,0*7B
1780409250.326,$GNGLL,1338.99926,N,10029.53648,E,140730.00,A,D*71
1780409251.300,$GNRMC,140731.00,A,1338.99926,N,10029.53650,E,0.027,,020626,0.53,W,R,V*46
1780409251.303,$GNVTG,,T,,M,0.027,N,0.049,K,D*30
1780409251.304,$GNGGA,140731.00,1338.99926,N,10029.53650,E,4,12,0.98,-6.8,M,-27.8,M,1.0,0499*66
1780409251.304,$GNGSA,A,3,10,25,26,28,31,32,,,,,,,1.93,0.98,1.66,1*01
1780409251.305,$GNGSA,A,3,78,66,77,67,,,,,,,,,1.93,0.98,1.66,2*07
1780409251.305,$GNGSA,A,3,25,36,05,06,09,16,31,34,,,,,1.93,0.98,1.66,3*02
1780409251.306,$GNGSA,A,3,06,07,33,09,10,23,25,24,,,,,1.93,0.98,1.66,4*06
1780409251.307,$GPGSV,2,1,07,10,54,147,38,25,20,043,35,26,60,193,48,28,46,356,43,1*67
1780409251.308,$GPGSV,2,2,07,31,51,308,46,32,42,037,40,50,56,115,43,1*5F
1780409251.309,$GPGSV,2,1,07,10,54,147,37,23,17,148,09,25,20,043,37,26,60,193,45,6*6C
1780409251.309,$GPGSV,2,2,07,28,46,356,45,31,51,308,44,32,42,037,42,6*55
1780409251.310,$GPGSV,3,1,09,01,11,293,,02,17,266,,03,01,326,,16,28,197,,0*66
1780409251.311,$GPGSV,3,2,09,16,28,197,,27,02,202,,29,05,096,,40,37,260,,0*6D
1780409251.311,$GPGSV,3,3,09,40,37,260,,0*58
1780409251.312,$GLGSV,2,1,05,66,30,093,47,67,41,020,42,77,37,023,35,78,79,231,48,1*7A
1780409251.313,$GLGSV,2,2,05,79,25,210,15,1*43
1780409251.314,$GLGSV,1,1,04,66,30,093,45,67,41,020,45,78,79,231,49,79,25,210,18,3*7E
1780409251.314,$GLGSV,1,1,04,68,11,335,,81,03,196,,82,09,239,,83,01,287,,0*7E
1780409251.315,$GAGSV,2,1,08,05,36,345,47,06,19,073,39,09,32,050,48,16,60,103,50,2*7B
1780409251.316,$GAGSV,2,2,08,25,40,183,37,31,20,047,45,34,29,281,25,36,37,218,22,2*7B
1780409251.317,$GAGSV,2,1,06,05,36,345,43,06,19,073,38,09,32,050,41,16,60,103,48,7*75
1780409251.318,$GAGSV,2,2,06,31,20,047,37,34,29,281,20,7*77
1780409251.318,$GAGSV,1,1,03,03,07,301,,04,02,090,,11,12,171,,0*4A
1780409251.319,$GBGSV,2,1,08,06,65,133,43,07,51,006,47,09,82,029,46,10,60,351,46,1*70
1780409251.320,$GBGSV,2,2,08,23,42,230,21,24,23,034,43,25,78,335,49,33,60,055,50,1*7F
1780409251.321,$GBGSV,1,1,02,09,82,029,49,10,60,351,48,3*7F
1780409251.321,$GBGSV,2,1,08,01,42,107,,02,63,242,,03,71,140,,04,22,097,,0*74
1780409251.322,$GBGSV,2,2,08,04,22,097,,08,16,156,,13,11,201,,14,03,127,,0*7B
1780409251.323,$GNGLL,1338.99926,N,10029.53650,E,140731.00,A,D*79
1780409252.305,$GNRMC,140732.00,A,1338.99926,N,10029.53649,E,0.026,,020626,0.53,W,R,V*4C
1780409252.308,$GNVTG,,T,,M,0.026,N,0.048,K,D*30
1780409252.309,$GNGGA,140732.00,1338.99926,N,10029.53649,E,4,12,0.98,-6.8,M,-27.8,M,1.0,0499*6D
1780409252.309,$GNGSA,A,3,10,25,26,28,31,32,,,,,,,1.93,0.98,1.66,1*01
1780409252.310,$GNGSA,A,3,78,66,77,67,,,,,,,,,1.93,0.98,1.66,2*07
1780409252.311,$GNGSA,A,3,25,36,05,06,09,16,31,34,,,,,1.93,0.98,1.66,3*02
1780409252.311,$GNGSA,A,3,06,07,33,09,10,23,25,24,,,,,1.93,0.98,1.66,4*06
1780409252.312,$GPGSV,2,1,07,10,54,147,38,25,20,043,35,26,60,193,47,28,46,356,43,1*68
1780409252.313,$GPGSV,2,2,07,31,51,308,46,32,42,037,40,50,56,115,43,1*5F
1780409252.314,$GPGSV,2,1,06,10,54,147,37,25,20,043,37,26,60,193,45,28,46,356,46,6*64
1780409252.315,$GPGSV,2,2,06,31,51,308,43,32,42,037,42,6*6A
1780409252.315,$GPGSV,3,1,10,01,11,293,,02,17,266,,03,01,326,,16,28,197,,0*6E
1780409252.316,$GPGSV,3,2,10,16,28,197,,23,17,148,,27,02,202,,29,05,096,,0*6B
1780409252.317,$GPGSV,3,3,10,29,05,096,,40,37,260,,0*61
1780409252.318,$GLGSV,2,1,05,66,30,093,47,67,41,020,43,77,37,023,35,78,79,231,48,1*7B
1780409252.318,$GLGSV,2,2,05,79,25,210,14,1*42
1780409252.319,$GLGSV,1,1,04,66,30,093,45,67,41,020,45,78,79,231,50,79,25,210,16,3*78
1780409252.320,$GLGSV,1,1,04,68,11,335,,81,03,196,,82,09,239,,83,01,287,,0*7E
1780409252.321,$GAGSV,2,1,08,05,36,345,47,06,19,073,39,09,32,050,48,16,60,103,50,2*7B
1780409252.322,$GAGSV,2,2,08,25,40,183,38,31,20,047,45,34,29,281,26,36,37,218,21,2*74
1780409252.322,$GAGSV,2,1,07,05,36,345,43,06,19,073,38,09,32,050,41,16,60,103,48,7*74
1780409252.323,$GAGSV,2,2,07,31,20,047,37,34,29,281,21,36,37,218,27,7*48
1780409252.324,$GAGSV,1,1,03,03,07,301,,04,02,090,,11,12,171,,0*4A
1780409252.325,$GBGSV,2,1,08,06,65,133,43,07,51,006,47,09,82,029,46,10,60,351,46,1*70
1780409252.326,$GBGSV,2,2,08,23,42,230,20,24,23,034,43,25,78,335,49,33,60,055,49,1*76
1780409252.326,$GBGSV,1,1,02,09,82,029,49,10,60,351,48,3*7F
1780409252.327,$GBGSV,2,1,08,01,42,107,,02,63,242,,03,71,140,,04,22,097,,0*74
1780409252.328,$GBGSV,2,2,08,04,22,097,,08,16,156,,13,11,201,,14,03,127,,0*7B
1780409252.329,$GNGLL,1338.99926,N,10029.53649,E,140732.00,A,D*72
1780409253.299,$GNRMC,140733.00,A,1338.99926,N,10029.53650,E,0.030,,020626,0.53,W,R,V*42
1780409253.301,$GNVTG,,T,,M,0.030,N,0.055,K,D*3B
1780409253.302,$GNGGA,140733.00,1338.99926,N,10029.53650,E,4,12,0.98,-6.8,M,-27.8,M,1.0,0499*64
1780409253.303,$GNGSA,A,3,10,25,26,28,31,32,,,,,,,1.93,0.98,1.66,1*01
1780409253.304,$GNGSA,A,3,78,66,77,67,,,,,,,,,1.93,0.98,1.66,2*07
1780409253.304,$GNGSA,A,3,25,36,05,06,09,16,31,34,,,,,1.93,0.98,1.66,3*02
1780409253.305,$GNGSA,A,3,06,07,33,09,10,25,24,,,,,,1.93,0.98,1.66,4*07
1780409253.306,$GPGSV,2,1,08,10,54,147,38,23,17,148,21,25,20,043,35,26,60,193,48,1*6E
1780409253.306,$GPGSV,2,2,08,28,46,356,43,31,51,308,45,32,42,037,40,50,56,115,43,1*6C
1780409253.307,$GPGSV,2,1,06,10,54,147,37,25,20,043,37,26,60,193,46,28,46,356,46,6*67
1780409253.308,$GPGSV,2,2,06,31,51,308,43,32,42,037,42,6*6A
1780409253.309,$GPGSV,3,1,09,01,11,293,,02,17,266,,03,01,326,,16,28,197,,0*66
1780409253.310,$GPGSV,3,2,09,16,28,197,,27,02,202,,29,05,096,,40,37,260,,0*6D
1780409253.310,$GPGSV,3,3,09,40,37,260,,0*58
1780409253.311,$GLGSV,2,1,05,66,30,093,47,67,41,020,43,77,37,023,35,78,79,231,49,1*7A
1780409253.311,$GLGSV,2,2,05,79,25,210,14,1*42
1780409253.312,$GLGSV,1,1,04,66,30,093,45,67,41,020,45,78,79,231,50,79,25,210,16,3*78
1780409253.313,$GLGSV,1,1,04,68,11,335,,81,03,196,,82,09,239,,83,01,287,,0*7E
1780409253.314,$GAGSV,2,1,08,05,36,345,47,06,19,073,39,09,32,050,48,16,60,103,49,2*73
1780409253.315,$GAGSV,2,2,08,25,40,183,38,31,20,047,45,34,29,280,27,36,37,218,21,2*74
1780409253.316,$GAGSV,2,1,07,05,36,345,43,06,19,073,38,09,32,050,41,16,60,103,47,7*7B
1780409253.316,$GAGSV,2,2,07,31,20,047,38,34,29,280,21,36,37,218,26,7*47
1780409253.317,$GAGSV,1,1,03,03,07,301,,04,02,090,,11,12,171,,0*4A
1780409253.318,$GBGSV,2,1,08,06,65,133,42,07,51,006,47,09,82,029,47,10,60,351,46,1*70
1780409253.319,$GBGSV,2,2,08,23,42,230,19,24,23,034,43,25,78,335,50,33,60,055,50,1*7C
1780409253.319,$GBGSV,1,1,02,09,82,029,49,10,60,351,49,3*7E
1780409253.320,$GBGSV,2,1,08,01,42,107,,02,63,242,,03,71,140,,04,22,097,,0*74
1780409253.321,$GBGSV,2,2,08,04,22,097,,08,16,156,,13,11,201,,14,03,127,,0*7B
1780409253.321,$GNGLL,1338.99926,N,10029.53650,E,140733.00,A,D*7B
1780409254.302,$GNRMC,140734.00,A,1338.99927,N,10029.53650,E,0.004,,020626,0.53,W,R,V*43
1780409254.304,$GNVTG,,T,,M,0.004,N,0.008,K,D*34
1780409254.305,$GNGGA,140734.00,1338.99927,N,10029.53650,E,4,12,0.98,-6.8,M,-27.8,M,1.0,0499*62
1780409254.306,$GNGSA,A,3,10,25,26,28,31,32,,,,,,,1.93,0.98,1.66,1*01
1780409254.306,$GNGSA,A,3,78,66,77,67,,,,,,,,,1.93,0.98,1.66,2*07
1780409254.307,$GNGSA,A,3,25,36,05,06,09,16,31,34,,,,,1.93,0.98,1.66,3*02
1780409254.307,$GNGSA,A,3,06,07,33,09,10,25,24,,,,,,1.93,0.98,1.66,4*07
1780409254.308,$GPGSV,2,1,08,10,54,147,38,23,17,148,17,25,20,043,35,26,60,193,48,1*6B
1780409254.308,$GPGSV,2,2,08,28,46,356,43,31,51,308,45,32,42,037,39,50,56,115,43,1*62
1780409254.309,$GPGSV,2,1,06,10,54,147,37,25,20,043,37,26,60,193,46,28,46,356,46,6*67
1780409254.310,$GPGSV,2,2,06,31,51,308,42,32,42,037,42,6*6B
1780409254.310,$GPGSV,3,1,09,01,11,293,,02,17,266,,03,01,326,,16,28,197,,0*66
1780409254.311,$GPGSV,3,2,09,16,28,197,,27,02,202,,29,05,096,,40,37,260,,0*6D
1780409254.311,$GPGSV,3,3,09,40,37,260,,0*58
1780409254.312,$GLGSV,2,1,05,66,30,093,48,67,41,020,43,77,37,023,35,78,79,231,49,1*75
1780409254.312,$GLGSV,2,2,05,79,25,210,14,1*42
1780409254.313,$GLGSV,1,1,04,66,30,093,45,67,41,020,45,78,79,231,51,79,25,210,17,3*78
1780409254.314,$GLGSV,1,1,04,68,11,335,,81,03,196,,82,09,239,,83,01,287,,0*7E
1780409254.314,$GAGSV,2,1,08,05,36,345,47,06,19,073,39,09,32,050,48,16,60,103,49,2*73
1780409254.316,$GAGSV,2,2,08,25,40,183,39,31,20,047,45,34,29,280,27,36,36,218,21,2*74
1780409254.317,$GAGSV,2,1,08,05,36,345,43,06,19,073,38,09,32,050,41,16,60,103,47,7*74
1780409254.318,$GAGSV,2,2,08,25,40,183,25,31,20,047,38,34,29,280,22,36,36,218,25,7*77
1780409254.318,$GAGSV,1,1,03,03,07,301,,04,02,090,,11,12,171,,0*4A
1780409254.319,$GBGSV,2,1,08,06,65,133,43,07,51,006,47,09,82,029,47,10,60,351,46,1*71
1780409254.320,$GBGSV,2,2,08,23,42,230,18,24,23,034,43,25,78,335,50,33,60,055,50,1*7D
1780409254.321,$GBGSV,1,1,02,09,82,029,49,10,60,351,49,3*7E
1780409254.322,$GBGSV,2,1,08,01,42,107,,02,63,242,,03,71,140,,04,22,097,,0*74
1780409254.322,$GBGSV,2,2,08,04,22,097,,08,16,156,,13,11,201,,14,03,127,,0*7B
1780409254.323,$GNGLL,1338.99927,N,10029.53650,E,140734.00,A,D*7D
1780409255.305,$GNRMC,140735.00,A,1338.99927,N,10029.53649,E,0.007,,020626,0.53,W,R,V*49
1780409255.307,$GNVTG,,T,,M,0.007,N,0.013,K,D*3D
1780409255.308,$GNGGA,140735.00,1338.99927,N,10029.53649,E,4,12,0.98,-6.8,M,-27.8,M,1.0,0499*6B
1780409255.309,$GNGSA,A,3,10,25,26,28,31,32,,,,,,,1.93,0.98,1.66,1*01
1780409255.309,$GNGSA,A,3,78,66,77,67,,,,,,,,,1.93,0.98,1.66,2*07
1780409255.310,$GNGSA,A,3,25,36,05,06,09,16,31,34,,,,,1.93,0.98,1.66,3*02
1780409255.311,$GNGSA,A,3,06,07,33,09,10,25,24,,,,,,1.93,0.98,1.66,4*07
1780409255.311,$GPGSV,2,1,08,10,54,147,38,23,17,148,14,25,20,043,35,26,60,193,48,1*68
1780409255.312,$GPGSV,2,2,08,28,46,356,43,31,51,308,45,32,42,037,39,50,56,115,42,1*63
1780409255.313,$GPGSV,2,1,06,10,54,147,37,25,20,043,37,26,60,193,46,28,46,356,46,6*67
1780409255.314,$GPGSV,2,2,06,31,51,308,43,32,42,037,43,6*6B
1780409255.315,$GPGSV,3,1,09,01,11,293,,02,17,266,,03,01,326,,16,28,197,,0*66
1780409255.316,$GPGSV,3,2,09,16,28,197,,27,02,202,,29,05,096,,40,37,260,,0*6D
1780409255.316,$GPGSV,3,3,09,40,37,260,,0*58
1780409255.317,$GLGSV,2,1,05,66,30,093,47,67,41,020,43,77,37,023,35,78,79,231,49,1*7A
1780409255.318,$GLGSV,2,2,05,79,25,210,13,1*45
1780409255.319,$GLGSV,1,1,04,66,30,093,45,67,41,020,45,78,79,231,49,79,25,210,17,3*71
1780409255.319,$GLGSV,1,1,04,68,11,335,,81,03,196,,82,09,239,,83,01,287,,0*7E
1780409255.320,$GAGSV,2,1,08,05,36,345,47,06,19,073,39,09,32,050,48,16,60,103,49,2*73
1780409255.321,$GAGSV,2,2,08,25,40,183,39,31,20,047,45,34,29,280,27,36,36,218,20,2*75
1780409255.322,$GAGSV,2,1,08,05,36,345,43,06,19,073,38,09,32,050,41,16,60,103,47,7*74
1780409255.323,$GAGSV,2,2,08,25,40,183,25,31,20,047,38,34,29,280,21,36,36,218,24,7*75
1780409255.324,$GAGSV,1,1,03,03,07,301,,04,02,090,,11,12,171,,0*4A
1780409255.324,$GBGSV,2,1,08,06,65,133,42,07,51,006,47,09,82,029,46,10,60,351,46,1*71
1780409255.325,$GBGSV,2,2,08,23,42,230,19,24,23,034,43,25,78,335,50,33,60,055,49,1*74
1780409255.326,$GBGSV,1,1,02,09,82,029,49,10,60,351,49,3*7E
1780409255.327,$GBGSV,2,1,08,01,42,107,,02,63,242,,03,71,140,,04,22,097,,0*74
1780409255.327,$GBGSV,2,2,08,04,22,097,,08,16,156,,13,11,201,,14,03,127,,0*7B
1780409255.328,$GNGLL,1338.99927,N,10029.53649,E,140735.00,A,D*74
1780409256.301,$GNRMC,140736.00,A,1338.99927,N,10029.53649,E,0.003,,020626,0.53,W,R,V*4E
1780409256.304,$GNVTG,,T,,M,0.003,N,0.006,K,D*3D
1780409256.305,$GNGGA,140736.00,1338.99927,N,10029.53649,E,4,12,0.98,-6.8,M,-27.8,M,1.0,0499*68
1780409256.305,$GNGSA,A,3,10,25,26,28,31,32,,,,,,,1.93,0.98,1.66,1*01
1780409256.306,$GNGSA,A,3,78,66,77,67,,,,,,,,,1.93,0.98,1.66,2*07
1780409256.306,$GNGSA,A,3,25,36,05,06,09,16,31,34,,,,,1.93,0.98,1.66,3*02
1780409256.307,$GNGSA,A,3,06,07,33,09,10,23,25,24,,,,,1.93,0.98,1.66,4*06
1780409256.308,$GPGSV,2,1,08,10,54,147,38,23,17,148,11,25,20,043,35,26,60,193,48,1*6D
1780409256.309,$GPGSV,2,2,08,28,46,356,43,31,51,308,46,32,42,037,40,50,56,115,42,1*6E
1780409256.310,$GPGSV,2,1,06,10,54,147,37,25,20,043,37,26,60,193,46,28,46,356,46,6*67
1780409256.311,$GPGSV,2,2,06,31,51,308,43,32,42,037,43,6*6B
1780409256.312,$GPGSV,3,1,09,01,11,293,,02,17,266,,03,01,326,,16,28,197,,0*66
1780409256.313,$GPGSV,3,2,09,16,28,197,,27,02,202,,29,05,096,,40,37,260,,0*6D
1780409256.313,$GPGSV,3,3,09,40,37,260,,0*58
1780409256.314,$GLGSV,2,1,05,66,30,093,47,67,41,020,43,77,37,023,36,78,79,231,48,1*78
1780409256.314,$GLGSV,2,2,05,79,25,210,11,1*47
1780409256.315,$GLGSV,1,1,04,66,30,093,45,67,41,020,45,78,79,231,48,79,25,210,18,3*7F
1780409256.316,$GLGSV,1,1,04,68,11,335,,81,03,196,,82,09,239,,83,01,287,,0*7E
1780409256.317,$GAGSV,2,1,08,05,36,345,47,06,19,073,39,09,32,050,48,16,60,103,50,2*7B
1780409256.318,$GAGSV,2,2,08,25,40,183,38,31,20,047,45,34,29,280,26,36,36,218,19,2*7F
1780409256.319,$GAGSV,2,1,07,05,36,345,43,06,19,073,38,09,32,050,41,16,60,103,47,7*7B
1780409256.320,$GAGSV,2,2,07,31,20,047,38,34,29,280,21,36,36,218,23,7*43
1780409256.320,$GAGSV,1,1,03,03,07,301,,04,02,090,,11,12,171,,0*4A
1780409256.321,$GBGSV,2,1,08,06,65,133,43,07,51,006,47,09,82,029,46,10,60,351,46,1*70
1780409256.322,$GBGSV,2,2,08,23,42,230,20,24,23,034,43,25,78,335,50,33,60,055,49,1*7E
1780409256.323,$GBGSV,1,1,02,09,82,029,49,10,60,351,49,3*7E
1780409256.324,$GBGSV,2,1,08,01,42,107,,02,63,242,,03,71,140,,04,22,097,,0*74
1780409256.324,$GBGSV,2,2,08,04,22,097,,08,16,156,,13,11,201,,14,03,127,,0*7B
1780409256.325,$GNGLL,1338.99927,N,10029.53649,E,140736.00,A,D*77
1780409257.298,$GNRMC,140737.00,A,1338.99927,N,10029.53649,E,0.012,,020626,0.53,W,R,V*4F
1780409257.299,$GNVTG,,T,,M,0.012,N,0.021,K,D*38
1780409257.300,$GNGGA,140737.00,1338.99927,N,10029.53649,E,4,12,0.99,-6.8,M,-27.8,M,1.0,0499*68
1780409257.301,$GNGSA,A,3,10,25,26,28,31,32,,,,,,,1.93,0.99,1.66,1*00
1780409257.302,$GNGSA,A,3,78,66,77,67,,,,,,,,,1.93,0.99,1.66,2*06
1780409257.302,$GNGSA,A,3,25,05,06,09,16,31,34,,,,,,1.93,0.99,1.66,3*06
1780409257.303,$GNGSA,A,3,06,07,33,09,10,25,24,,,,,,1.93,0.99,1.66,4*06
1780409257.304,$GPGSV,2,1,08,10,54,147,38,23,17,148,10,25,20,043,35,26,60,193,48,1*6C
1780409257.306,$GPGSV,2,2,08,28,46,356,44,31,51,308,46,32,42,037,40,50,56,115,42,1*69
1780409257.307,$GPGSV,2,1,06,10,54,147,37,25,20,043,37,26,60,193,46,28,46,356,46,6*67
1780409257.307,$GPGSV,2,2,06,31,51,308,43,32,42,037,43,6*6B
1780409257.308,$GPGSV,3,1,09,01,11,293,,02,17,266,,03,01,326,,16,28,197,,0*66
1780409257.309,$GPGSV,3,2,09,16,28,197,,27,02,202,,29,05,096,,40,37,260,,0*6D
1780409257.310,$GPGSV,3,3,09,40,37,260,,0*58
1780409257.310,$GLGSV,2,1,05,66,30,093,47,67,41,020,44,77,37,023,36,78,79,231,48,1*7F
1780409257.311,$GLGSV,2,2,05,79,25,210,10,1*46
1780409257.312,$GLGSV,1,1,04,66,30,093,45,67,41,020,45,78,79,231,48,79,25,210,19,3*7E
1780409257.313,$GLGSV,1,1,04,68,11,335,,81,03,196,,82,09,239,,83,01,287,,0*7E
1780409257.314,$GAGSV,2,1,08,05,36,345,47,06,19,073,39,09,32,050,48,16,60,103,50,2*7B
1780409257.315,$GAGSV,2,2,08,25,40,183,38,31,20,047,45,34,29,280,26,36,36,218,19,2*7F
1780409257.316,$GAGSV,2,1,06,05,36,345,43,06,19,073,37,09,32,050,41,16,60,103,47,7*75
1780409257.316,$GAGSV,2,2,06,31,20,047,38,34,29,280,21,7*78
1780409257.317,$GAGSV,1,1,03,03,07,301,,04,02,090,,11,12,171,,0*4A
1780409257.318,$GBGSV,2,1,08,06,65,133,42,07,51,006,47,09,82,029,46,10,60,351,46,1*71
1780409257.319,$GBGSV,2,2,08,23,42,230,19,24,23,034,43,25,78,335,50,33,60,055,49,1*74
1780409257.320,$GBGSV,1,1,02,09,82,029,49,10,60,351,49,3*7E
1780409257.321,$GBGSV,2,1,08,01,42,107,,02,63,242,,03,71,140,,04,22,097,,0*74
1780409257.321,$GBGSV,2,2,08,04,22,097,,08,16,156,,13,11,201,,14,03,127,,0*7B
1780409257.322,$GNGLL,1338.99927,N,10029.53649,E,140737.00,A,D*76
1780409258.302,$GNRMC,140738.00,A,1338.99927,N,10029.53648,E,0.019,,020626,0.53,W,R,V*4A
1780409258.305,$GNVTG,,T,,M,0.019,N,0.035,K,D*36
1780409258.306,$GNGGA,140738.00,1338.99927,N,10029.53648,E,4,12,0.99,-6.8,M,-27.8,M,1.0,0499*66
1780409258.307,$GNGSA,A,3,10,25,26,28,31,32,,,,,,,1.93,0.99,1.66,1*00
1780409258.307,$GNGSA,A,3,78,66,77,67,,,,,,,,,1.93,0.99,1.66,2*06
1780409258.308,$GNGSA,A,3,25,05,06,09,16,31,34,,,,,,1.93,0.99,1.66,3*06
1780409258.309,$GNGSA,A,3,06,07,33,09,10,25,24,,,,,,1.93,0.99,1.66,4*06
1780409258.309,$GPGSV,3,1,09,10,54,147,39,23,17,148,08,25,20,043,35,26,60,193,48,1*64
1780409258.310,$GPGSV,3,2,09,28,46,356,43,31,51,308,46,32,42,037,41,42,70,217,44,1*6F
1780409258.311,$GPGSV,3,3,09,50,56,115,43,1*59
1780409258.312,$GPGSV,2,1,06,10,54,147,37,25,20,043,37,26,60,193,46,28,46,356,46,6*67
1780409258.313,$GPGSV,2,2,06,31,51,308,43,32,42,037,43,6*6B
1780409258.313,$GPGSV,2,1,08,01,11,293,,02,17,266,,03,01,326,,16,28,197,,0*66
1780409258.314,$GPGSV,2,2,08,16,28,197,,27,02,202,,29,05,096,,40,37,260,,0*6D
1780409258.315,$GLGSV,2,1,05,66,30,093,47,67,41,020,44,77,37,023,36,78,79,231,48,1*7F
1780409258.315,$GLGSV,2,2,05,79,25,210,12,1*44
1780409258.316,$GLGSV,1,1,04,66,30,093,45,67,41,020,45,78,79,231,50,79,25,210,19,3*77
1780409258.317,$GLGSV,1,1,04,68,11,335,,81,03,196,,82,09,239,,83,01,287,,0*7E
1780409258.318,$GAGSV,2,1,08,05,36,345,47,06,19,073,39,09,32,050,48,16,60,103,50,2*7B
1780409258.319,$GAGSV,2,2,08,25,40,183,38,31,20,047,45,34,29,280,26,36,36,218,19,2*7F
1780409258.320,$GAGSV,2,1,05,05,36,345,43,06,19,073,37,09,32,050,41,16,60,103,47,7*76
1780409258.320,$GAGSV,2,2,05,31,20,047,38,7*4E
1780409258.321,$GAGSV,1,1,03,03,07,301,,04,02,090,,11,12,171,,0*4A
1780409258.322,$GBGSV,2,1,08,06,65,133,42,07,51,006,47,09,82,029,47,10,60,351,46,1*70
1780409258.323,$GBGSV,2,2,08,23,42,230,19,24,23,034,43,25,78,335,50,33,60,055,50,1*7C
1780409258.323,$GBGSV,1,1,02,09,82,029,49,10,60,351,49,3*7E
1780409258.324,$GBGSV,2,1,08,01,42,107,,02,63,242,,03,71,140,,04,22,097,,0*74
1780409258.325,$GBGSV,2,2,08,04,22,097,,08,16,156,,13,11,201,,14,03,127,,0*7B
1780409258.325,$GNGLL,1338.99927,N,10029.53648,E,140738.00,A,D*78
1780409259.302,$GNRMC,140739.00,A,1338.99927,N,10029.53649,E,0.003,,020626,0.53,W,R,V*41
1780409259.304,$GNVTG,,T,,M,0.003,N,0.005,K,D*3E
1780409259.305,$GNGGA,140739.00,1338.99927,N,10029.53649,E,4,12,0.99,-6.8,M,-27.8,M,1.0,0499*66
1780409259.305,$GNGSA,A,3,10,25,26,28,31,32,,,,,,,1.93,0.99,1.66,1*00
1780409259.306,$GNGSA,A,3,79,78,66,77,67,,,,,,,,1.93,0.99,1.66,2*08
1780409259.307,$GNGSA,A,3,25,05,06,09,16,31,34,,,,,,1.93,0.99,1.66,3*06
1780409259.308,$GNGSA,A,3,06,07,33,09,10,23,25,24,,,,,1.93,0.99,1.66,4*07
1780409259.308,$GPGSV,3,1,10,02,17,266,25,10,54,147,39,23,17,148,07,25,20,043,35,1*67
1780409259.309,$GPGSV,3,2,10,26,60,193,48,28,46,356,43,31,51,308,46,32,42,037,41,1*67
1780409259.310,$GPGSV,3,3,10,42,70,217,43,50,56,115,43,1*63
1780409259.311,$GPGSV,2,1,06,10,54,147,37,25,20,043,38,26,60,193,46,28,46,356,46,6*68
1780409259.311,$GPGSV,2,2,06,31,51,308,43,32,42,037,43,6*6B
1780409259.312,$GPGSV,2,1,07,01,11,293,,03,01,326,,16,28,197,,27,02,202,,0*68
1780409259.313,$GPGSV,2,2,07,27,02,202,,29,05,096,,40,37,260,,0*50
1780409259.314,$GLGSV,2,1,05,66,30,093,47,67,41,020,44,77,37,023,36,78,79,231,49,1*7E
1780409259.314,$GLGSV,2,2,05,79,25,210,15,1*43
1780409259.315,$GLGSV,1,1,04,66,30,093,45,67,41,020,45,78,79,231,50,79,25,210,20,3*7D
1780409259.316,$GLGSV,1,1,04,68,11,335,,81,03,196,,82,09,239,,83,01,287,,0*7E
1780409259.317,$GAGSV,2,1,08,05,36,345,47,06,19,073,39,09,32,050,48,16,60,103,50,2*7B
1780409259.318,$GAGSV,2,2,08,25,40,183,38,31,20,047,45,34,29,280,26,36,36,218,19,2*7F
1780409259.319,$GAGSV,2,1,06,05,36,345,44,06,19,073,37,09,32,050,41,16,60,103,47,7*72
1780409259.319,$GAGSV,2,2,06,31,20,047,38,34,29,280,21,7*78
1780409259.320,$GAGSV,1,1,03,03,07,301,,04,02,090,,11,12,171,,0*4A
1780409259.321,$GBGSV,2,1,08,06,65,134,43,07,51,006,47,09,82,029,47,10,60,351,46,1*76
1780409259.322,$GBGSV,2,2,08,23,42,230,20,24,23,034,43,25,78,335,50,33,60,055,50,1*76
1780409259.322,$GBGSV,1,1,02,09,82,029,49,10,60,351,49,3*7E
1780409259.323,$GBGSV,2,1,08,01,42,107,,02,63,242,,03,71,140,,04,22,097,,0*74
1780409259.324,$GBGSV,2,2,08,04,22,097,,08,16,156,,13,11,201,,14,03,127,,0*7B
1780409259.325,$GNGLL,1338.99927,N,10029.53649,E,140739.00,A,D*78
1780409260.303,$GNRMC,140740.00,A,1338.99926,N,10029.53648,E,0.011,,020626,0.53,W,R,V*4C
1780409260.305,$GNVTG,,T,,M,0.011,N,0.021,K,D*3B
1780409260.306,$GNGGA,140740.00,1338.99926,N,10029.53648,E,4,12,0.99,-6.8,M,-27.8,M,1.0,0499*68
1780409260.306,$GNGSA,A,3,10,25,26,28,31,32,,,,,,,1.93,0.99,1.66,1*00
1780409260.307,$GNGSA,A,3,78,66,77,67,,,,,,,,,1.93,0.99,1.66,2*06
1780409260.308,$GNGSA,A,3,25,36,05,06,09,16,31,34,,,,,1.93,0.99,1.66,3*03
1780409260.308,$GNGSA,A,3,06,07,33,09,10,23,25,24,,,,,1.93,0.99,1.66,4*07
1780409260.309,$GPGSV,3,1,09,10,54,147,39,23,17,148,07,25,20,043,36,26,60,193,48,1*68
1780409260.310,$GPGSV,3,2,09,28,46,356,43,31,51,308,45,32,42,037,41,42,70,217,43,1*6B
1780409260.311,$GPGSV,3,3,09,50,56,115,43,1*59
1780409260.311,$GPGSV,2,1,06,10,54,147,36,25,20,043,38,26,60,193,47,28,46,356,46,6*68
1780409260.312,$GPGSV,2,2,06,31,51,308,43,32,42,037,43,6*6B
1780409260.313,$GPGSV,2,1,08,01,11,293,,02,17,266,,03,01,326,,16,28,197,,0*66
1780409260.314,$GPGSV,2,2,08,16,28,197,,27,02,202,,29,05,096,,40,37,260,,0*6D
1780409260.314,$GLGSV,2,1,05,66,30,093,47,67,41,020,44,77,37,023,36,78,79,231,49,1*7E
1780409260.315,$GLGSV,2,2,05,79,25,210,19,1*4F
1780409260.316,$GLGSV,1,1,04,66,30,093,44,67,41,020,45,78,79,231,50,79,25,210,19,3*76
1780409260.317,$GLGSV,1,1,04,68,11,335,,81,03,196,,82,09,239,,83,01,287,,0*7E
1780409260.317,$GAGSV,2,1,08,05,36,345,47,06,19,073,39,09,32,050,48,16,60,103,50,2*7B
1780409260.318,$GAGSV,2,2,08,25,40,183,38,31,20,047,45,34,29,280,26,36,36,218,20,2*75
1780409260.319,$GAGSV,2,1,07,05,36,345,44,06,19,073,36,09,32,050,41,16,60,103,48,7*7D
1780409260.319,$GAGSV,2,2,07,25,40,183,26,31,20,047,38,34,29,280,20,7*45
1780409260.320,$GAGSV,1,1,03,03,07,301,,04,02,090,,11,12,171,,0*4A
1780409260.320,$GBGSV,2,1,08,06,65,134,43,07,51,006,47,09,82,029,46,10,60,351,46,1*77
1780409260.321,$GBGSV,2,2,08,23,42,230,21,24,23,034,43,25,78,335,50,33,60,055,49,1*7F
1780409260.322,$GBGSV,1,1,02,09,82,029,49,10,60,351,49,3*7E
1780409260.322,$GBGSV,2,1,08,01,42,107,,02,63,242,,03,71,140,,04,22,097,,0*74
1780409260.323,$GBGSV,2,2,08,04,22,097,,08,16,156,,13,11,201,,14,03,127,,0*7B
1780409260.323,$GNGLL,1338.99926,N,10029.53648,E,140740.00,A,D*76
1780409261.306,$GNRMC,140741.00,A,1338.99927,N,10029.53648,E,0.008,,020626,0.53,W,R,V*44
1780409261.308,$GNVTG,,T,,M,0.008,N,0.016,K,D*37
1780409261.309,$GNGGA,140741.00,1338.99927,N,10029.53648,E,4,12,0.99,-6.8,M,-27.8,M,1.0,0499*68
1780409261.310,$GNGSA,A,3,10,25,26,28,31,32,,,,,,,1.93,0.99,1.66,1*00
1780409261.310,$GNGSA,A,3,78,66,77,67,,,,,,,,,1.93,0.99,1.66,2*06
1780409261.311,$GNGSA,A,3,25,05,06,09,16,31,34,,,,,,1.93,0.99,1.66,3*06
1780409261.311,$GNGSA,A,3,06,07,33,09,10,23,25,24,,,,,1.93,0.99,1.66,4*07
1780409261.312,$GPGSV,3,1,11,02,17,266,27,10,54,147,39,23,17,148,08,25,20,043,36,1*68
1780409261.313,$GPGSV,3,2,11,26,60,193,48,28,46,356,43,31,51,308,45,32,42,037,42,1*66
1780409261.313,$GPGSV,3,3,11,39,45,252,31,42,70,217,44,50,56,115,43,1*59
1780409261.314,$GPGSV,2,1,06,10,54,147,36,25,20,043,38,26,60,193,47,28,46,356,46,6*68
1780409261.314,$GPGSV,2,2,06,31,51,308,43,32,42,037,43,6*6B
1780409261.315,$GPGSV,2,1,07,01,11,293,,03,01,326,,16,28,197,,27,02,202,,0*68
1780409261.316,$GPGSV,2,2,07,27,02,202,,29,05,096,,40,37,260,,0*50
1780409261.316,$GLGSV,2,1,05,66,30,093,47,67,41,020,44,77,37,023,36,78,79,231,48,1*7F
1780409261.317,$GLGSV,2,2,05,79,25,210,19,1*4F
1780409261.317,$GLGSV,1,1,04,66,30,093,44,67,41,020,45,78,79,231,49,79,25,210,19,3*7E
1780409261.318,$GLGSV,1,1,04,68,11,335,,81,03,196,,82,09,239,,83,01,287,,0*7E
1780409261.319,$GAGSV,2,1,08,05,36,345,47,06,19,073,39,09,32,050,48,16,60,103,50,2*7B
1780409261.319,$GAGSV,2,2,08,25,40,183,38,31,20,047,45,34,29,280,26,36,36,218,19,2*7F
1780409261.320,$GAGSV,2,1,07,05,36,345,43,06,19,073,37,09,32,050,41,16,60,103,48,7*7B
1780409261.321,$GAGSV,2,2,07,25,40,183,26,31,20,047,38,34,29,280,21,7*44
1780409261.321,$GAGSV,1,1,03,03,07,301,,04,02,090,,11,12,171,,0*4A
1780409261.322,$GBGSV,2,1,08,06,65,134,43,07,51,006,47,09,82,029,46,10,60,351,46,1*77
1780409261.323,$GBGSV,2,2,08,23,42,230,21,24,23,034,43,25,78,335,50,33,60,055,49,1*7F
1780409261.323,$GBGSV,1,1,02,09,82,029,49,10,60,351,49,3*7E
1780409261.324,$GBGSV,2,1,08,01,42,107,,02,63,242,,03,71,140,,04,22,097,,0*74
1780409261.324,$GBGSV,2,2,08,04,22,097,,08,16,156,,13,11,201,,14,03,127,,0*7B
1780409261.325,$GNGLL,1338.99927,N,10029.53648,E,140741.00,A,D*76
1780409262.302,$GNRMC,140742.00,A,1338.99927,N,10029.53648,E,0.022,,020626,0.53,W,R,V*4F
1780409262.304,$GNVTG,,T,,M,0.022,N,0.041,K,D*3D
1780409262.305,$GNGGA,140742.00,1338.99927,N,10029.53648,E,4,12,0.99,-6.8,M,-27.8,M,1.0,0499*6B
1780409262.306,$GNGSA,A,3,10,25,26,28,31,32,,,,,,,1.93,0.99,1.66,1*00
1780409262.307,$GNGSA,A,3,78,66,77,67,,,,,,,,,1.93,0.99,1.66,2*06
1780409262.307,$GNGSA,A,3,25,05,06,09,16,31,34,,,,,,1.93,0.99,1.66,3*06
1780409262.308,$GNGSA,A,3,06,07,33,09,10,23,25,24,,,,,1.93,0.99,1.66,4*07
1780409262.309,$GPGSV,3,1,11,02,17,266,25,10,54,147,39,23,17,148,07,25,20,043,36,1*65
1780409262.310,$GPGSV,3,2,11,26,60,193,48,28,46,356,43,31,51,308,45,32,42,037,43,1*67
1780409262.310,$GPGSV,3,3,11,39,45,252,28,42,70,217,44,50,56,115,43,1*51
1780409262.311,$GPGSV,2,1,06,10,54,147,36,25,20,043,38,26,60,193,46,28,46,356,46,6*69
1780409262.312,$GPGSV,2,2,06,31,51,308,43,32,42,037,43,6*6B
1780409262.313,$GPGSV,2,1,07,01,11,293,,03,01,326,,16,28,197,,27,02,202,,0*68
1780409262.313,$GPGSV,2,2,07,27,02,202,,29,05,096,,40,37,260,,0*50
1780409262.314,$GLGSV,2,1,05,66,30,093,47,67,41,020,43,77,37,023,36,78,79,231,48,1*78
1780409262.315,$GLGSV,2,2,05,79,25,210,19,1*4F
1780409262.316,$GLGSV,1,1,04,66,30,093,44,67,41,020,45,78,79,231,49,79,25,210,18,3*7F
1780409262.316,$GLGSV,1,1,04,68,11,335,,81,03,196,,82,09,239,,83,01,287,,0*7E
1780409262.317,$GAGSV,2,1,08,05,36,345,47,06,19,073,39,09,32,050,48,16,60,103,49,2*73
1780409262.318,$GAGSV,2,2,08,25,40,183,38,31,20,047,45,34,29,280,26,36,36,218,19,2*7F
1780409262.319,$GAGSV,2,1,07,05,36,345,43,06,19,073,36,09,32,050,41,16,60,103,47,7*75
1780409262.320,$GAGSV,2,2,07,25,40,183,25,31,20,047,38,34,29,280,21,7*47
1780409262.320,$GAGSV,1,1,03,03,07,301,,04,02,090,,11,12,171,,0*4A
1780409262.321,$GBGSV,2,1,08,06,65,134,42,07,51,006,47,09,83,030,47,10,60,351,46,1*7E
1780409262.322,$GBGSV,2,2,08,23,42,230,22,24,23,034,43,25,78,335,50,33,60,055,50,1*74
1780409262.322,$GBGSV,1,1,02,09,83,030,49,10,60,351,49,3*77
1780409262.323,$GBGSV,2,1,08,01,42,107,,02,63,242,,03,71,140,,04,22,097,,0*74
1780409262.323,$GBGSV,2,2,08,04,22,097,,08,16,156,,13,11,201,,14,03,127,,0*7B
1780409262.324,$GNGLL,1338.99927,N,10029.53648,E,140742.00,A,D*75
1780409263.302,$GNRMC,140743.00,A,1338.99928,N,10029.53648,E,0.015,,020626,0.53,W,R,V*45
1780409263.304,$GNVTG,,T,,M,0.015,N,0.028,K,D*36
1780409263.306,$GNGGA,140743.00,1338.99928,N,10029.53648,E,4,12,0.99,-6.8,M,-27.8,M,1.0,0499*65
1780409263.307,$GNGSA,A,3,10,25,26,28,31,32,,,,,,,1.93,0.99,1.66,1*00
1780409263.307,$GNGSA,A,3,79,78,66,77,67,,,,,,,,1.93,0.99,1.66,2*08
1780409263.307,$GNGSA,A,3,25,05,06,09,16,31,34,,,,,,1.93,0.99,1.66,3*06
1780409263.308,$GNGSA,A,3,06,07,33,09,10,23,25,24,,,,,1.93,0.99,1.66,4*07
1780409263.309,$GPGSV,3,1,10,10,54,147,39,23,17,148,07,25,20,043,37,26,60,193,47,1*6E
1780409263.309,$GPGSV,3,2,10,28,46,356,43,31,51,308,45,32,42,037,43,39,45,252,27,1*68
1780409263.310,$GPGSV,3,3,10,42,70,217,44,50,56,115,42,1*65
1780409263.310,$GPGSV,2,1,06,10,54,147,36,25,20,043,38,26,60,193,45,28,46,356,46,6*6A
1780409263.311,$GPGSV,2,2,06,31,51,308,43,32,42,037,43,6*6B
1780409263.311,$GPGSV,2,1,08,01,11,293,,02,17,266,,03,01,326,,16,28,197,,0*66
1780409263.312,$GPGSV,2,2,08,16,28,197,,27,02,202,,29,05,096,,40,37,260,,0*6D
1780409263.313,$GLGSV,2,1,05,66,30,093,47,67,41,020,44,77,37,023,36,78,79,231,49,1*7E
1780409263.313,$GLGSV,2,2,05,79,25,210,20,1*45
1780409263.314,$GLGSV,1,1,04,66,30,093,44,67,41,020,45,78,79,231,49,79,25,210,19,3*7E
1780409263.314,$GLGSV,1,1,04,68,11,335,,81,03,196,,82,09,239,,83,01,287,,0*7E
1780409263.315,$GAGSV,2,1,08,05,36,345,47,06,19,073,38,09,32,050,48,16,60,103,50,2*7A
1780409263.315,$GAGSV,2,2,08,25,40,183,38,31,20,047,45,34,29,280,26,36,36,218,18,2*7E
1780409263.316,$GAGSV,2,1,07,05,36,345,43,06,19,073,36,09,32,050,41,16,60,103,47,7*75
1780409263.316,$GAGSV,2,2,07,25,40,183,26,31,20,047,38,34,29,280,21,7*44
1780409263.317,$GAGSV,1,1,03,03,07,301,,04,02,090,,11,12,171,,0*4A
1780409263.317,$GBGSV,2,1,08,06,65,134,42,07,51,006,47,09,83,030,47,10,59,351,46,1*74
1780409263.318,$GBGSV,2,2,08,23,42,230,23,24,23,034,43,25,78,335,50,33,60,055,50,1*75
1780409263.318,$GBGSV,1,1,02,09,83,030,49,10,59,351,49,3*7D
1780409263.319,$GBGSV,2,1,08,01,42,107,,02,63,242,,03,71,140,,04,22,097,,0*74
1780409263.319,$GBGSV,2,2,08,04,22,097,,08,16,156,,13,11,201,,14,03,127,,0*7B
1780409263.320,$GNGLL,1338.99928,N,10029.53648,E,140743.00,A,D*7B
1780409264.305,$GNRMC,140744.00,A,1338.99928,N,10029.53648,E,0.020,,020626,0.53,W,R,V*44
1780409264.307,$GNVTG,,T,,M,0.020,N,0.038,K,D*31
1780409264.308,$GNGGA,140744.00,1338.99928,N,10029.53648,E,4,12,0.99,-6.8,M,-27.8,M,1.0,0499*62
1780409264.309,$GNGSA,A,3,10,25,26,28,31,32,,,,,,,1.93,0.99,1.66,1*00
1780409264.310,$GNGSA,A,3,79,78,66,77,67,,,,,,,,1.93,0.99,1.66,2*08
1780409264.310,$GNGSA,A,3,25,05,06,09,16,31,34,,,,,,1.93,0.99,1.66,3*06
1780409264.311,$GNGSA,A,3,06,07,33,09,10,23,25,24,,,,,1.93,0.99,1.66,4*07
1780409264.311,$GPGSV,2,1,08,10,54,147,39,25,20,043,37,26,60,193,47,28,46,356,43,1*64
1780409264.312,$GPGSV,2,2,08,31,51,308,45,32,42,037,43,42,70,217,43,50,56,115,42,1*63
1780409264.313,$GPGSV,2,1,06,10,54,147,35,25,20,043,38,26,60,193,45,28,46,356,46,6*69
1780409264.313,$GPGSV,2,2,06,31,51,308,42,32,42,037,44,6*6D
1780409264.314,$GPGSV,3,1,09,01,11,293,,02,17,266,,03,01,326,,16,28,197,,0*66
1780409264.315,$GPGSV,3,2,09,16,28,197,,23,17,148,,27,02,202,,29,05,096,,0*63
1780409264.315,$GPGSV,3,3,09,29,05,096,,0*5D
1780409264.316,$GLGSV,2,1,05,66,30,093,47,67,41,020,44,77,37,023,36,78,79,231,48,1*7F
1780409264.316,$GLGSV,2,2,05,79,25,210,21,1*44
1780409264.317,$GLGSV,1,1,04,66,30,093,44,67,41,020,44,78,79,231,48,79,25,210,19,3*7E
1780409264.318,$GLGSV,1,1,04,68,11,335,,81,03,196,,82,09,239,,83,01,287,,0*7E
1780409264.318,$GAGSV,2,1,08,05,36,345,47,06,19,073,38,09,32,050,48,16,60,103,50,2*7A
1780409264.319,$GAGSV,2,2,08,25,40,183,39,31,20,047,45,34,29,280,26,36,36,218,18,2*7F
1780409264.320,$GAGSV,2,1,07,05,36,345,43,06,19,073,36,09,32,050,41,16,60,103,47,7*75
1780409264.320,$GAGSV,2,2,07,25,40,183,27,31,20,047,38,34,29,280,21,7*45
1780409264.321,$GAGSV,1,1,03,03,07,301,,04,02,090,,11,12,171,,0*4A
1780409264.321,$GBGSV,2,1,08,06,65,134,43,07,51,006,46,09,83,030,47,10,59,351,46,1*74
1780409264.322,$GBGSV,2,2,08,23,42,230,23,24,23,034,43,25,78,335,50,33,60,055,49,1*7D
1780409264.323,$GBGSV,1,1,03,09,83,030,49,10,59,351,49,24,23,034,15,3*48
1780409264.323,$GBGSV,2,1,08,01,42,107,,02,63,242,,03,71,140,,04,22,097,,0*74
1780409264.324,$GBGSV,2,2,08,04,22,097,,08,16,156,,13,11,201,,14,03,127,,0*7B
1780409264.325,$GNGLL,1338.99928,N,10029.53648,E,140744.00,A,D*7C
1780409265.303,$GNRMC,140745.00,A,1338.99929,N,10029.53648,E,0.052,,020626,0.53,W,R,V*41
1780409265.305,$GNVTG,,T,,M,0.052,N,0.096,K,D*30
1780409265.307,$GNGGA,140745.00,1338.99929,N,10029.53648,E,4,12,0.99,-6.8,M,-27.8,M,1.0,0499*62
1780409265.307,$GNGSA,A,3,10,25,26,28,31,32,,,,,,,1.93,0.99,1.66,1*00
1780409265.308,$GNGSA,A,3,79,78,66,77,67,,,,,,,,1.93,0.99,1.66,2*08
1780409265.308,$GNGSA,A,3,25,05,06,09,16,31,34,,,,,,1.93,0.99,1.66,3*06
1780409265.309,$GNGSA,A,3,06,07,33,09,10,23,25,24,,,,,1.93,0.99,1.66,4*07
1780409265.309,$GPGSV,2,1,08,10,54,147,39,25,20,043,37,26,60,193,48,28,46,356,43,1*6B
1780409265.310,$GPGSV,2,2,08,31,51,308,45,32,42,037,44,42,70,217,43,50,56,115,43,1*65
1780409265.311,$GPGSV,2,1,06,10,54,147,35,25,20,043,38,26,60,193,46,28,46,356,46,6*6A
1780409265.311,$GPGSV,2,2,06,31,51,308,42,32,42,037,44,6*6D
1780409265.312,$GPGSV,3,1,09,01,11,293,,02,17,266,,03,01,326,,16,28,197,,0*66
1780409265.313,$GPGSV,3,2,09,16,28,197,,23,17,148,,27,02,202,,29,05,096,,0*63
1780409265.313,$GPGSV,3,3,09,29,05,096,,0*5D
1780409265.314,$GLGSV,2,1,05,66,30,093,47,67,41,020,43,77,37,023,36,78,79,231,49,1*79
1780409265.314,$GLGSV,2,2,05,79,25,210,22,1*47
1780409265.315,$GLGSV,1,1,04,66,30,093,44,67,41,020,44,78,79,231,49,79,25,210,19,3*7F
1780409265.315,$GLGSV,1,1,04,68,11,335,,81,03,196,,82,09,239,,83,01,287,,0*7E
1780409265.316,$GAGSV,2,1,08,05,36,345,47,06,19,073,38,09,32,050,48,16,60,103,50,2*7A
1780409265.317,$GAGSV,2,2,08,25,40,183,38,31,20,047,45,34,29,280,26,36,36,218,17,2*71
1780409265.317,$GAGSV,2,1,07,05,36,345,43,06,19,073,36,09,32,050,41,16,60,103,47,7*75
1780409265.318,$GAGSV,2,2,07,25,40,183,27,31,20,047,38,34,29,280,20,7*44
1780409265.318,$GAGSV,1,1,03,03,07,301,,04,02,090,,11,12,171,,0*4A
1780409265.319,$GBGSV,2,1,08,06,65,134,43,07,51,006,47,09,83,030,47,10,59,351,46,1*75
1780409265.320,$GBGSV,2,2,08,23,42,230,24,24,23,034,43,25,78,335,50,33,60,055,49,1*7A
1780409265.320,$GBGSV,1,1,03,09,83,030,49,10,59,351,49,24,23,034,12,3*4F
1780409265.321,$GBGSV,2,1,08,01,42,107,,02,63,242,,03,71,140,,04,22,097,,0*74
1780409265.322,$GBGSV,2,2,08,04,22,097,,08,16,156,,13,11,201,,14,03,127,,0*7B
1780409265.322,$GNGLL,1338.99929,N,10029.53648,E,140745.00,A,D*7C
1780409266.299,$GNRMC,140746.00,A,1338.99927,N,10029.53654,E,0.014,,020626,0.53,W,R,V*43
1780409266.301,$GNVTG,,T,,M,0.014,N,0.026,K,D*39
1780409266.302,$GNGGA,140746.00,1338.99927,N,10029.53654,E,4,12,0.99,-6.7,M,-27.8,M,1.0,0499*6D
1780409266.302,$GNGSA,A,3,10,25,26,28,31,32,,,,,,,1.93,0.99,1.66,1*00
1780409266.303,$GNGSA,A,3,79,78,66,77,67,,,,,,,,1.93,0.99,1.66,2*08
1780409266.303,$GNGSA,A,3,25,05,06,09,16,31,34,,,,,,1.93,0.99,1.66,3*06
1780409266.304,$GNGSA,A,3,06,07,33,09,10,23,25,24,,,,,1.93,0.99,1.66,4*07
1780409266.304,$GPGSV,2,1,08,10,54,147,39,25,20,043,36,26,60,193,48,28,46,356,40,1*69
1780409266.305,$GPGSV,2,2,08,31,51,308,45,32,42,037,45,42,70,217,45,50,56,115,44,1*65
1780409266.306,$GPGSV,2,1,06,10,54,147,37,25,20,043,36,26,60,193,47,28,46,356,44,6*65
1780409266.306,$GPGSV,2,2,06,31,51,308,43,32,42,037,44,6*6C
1780409266.307,$GPGSV,3,1,09,01,11,293,,02,17,266,,03,01,326,,16,28,197,,0*66
1780409266.308,$GPGSV,3,2,09,16,28,197,,23,17,148,,27,02,202,,29,05,096,,0*63
1780409266.308,$GPGSV,3,3,09,29,05,096,,0*5D
1780409266.309,$GLGSV,2,1,05,66,30,093,44,67,41,020,40,77,37,023,38,78,79,231,49,1*77
1780409266.309,$GLGSV,2,2,05,79,25,210,21,1*44
1780409266.310,$GLGSV,1,1,04,66,30,093,45,67,41,020,44,78,79,231,49,79,25,210,21,3*75
1780409266.310,$GLGSV,1,1,04,68,11,335,,81,03,196,,82,09,239,,83,01,287,,0*7E
1780409266.311,$GAGSV,2,1,08,05,36,345,47,06,19,073,35,09,32,050,47,16,60,103,49,2*70
1780409266.312,$GAGSV,2,2,08,25,40,183,37,31,20,047,45,34,29,280,25,36,36,218,18,2*72
1780409266.312,$GAGSV,2,1,07,05,36,345,43,06,19,073,33,09,32,050,41,16,60,103,43,7*74
1780409266.313,$GAGSV,2,2,07,25,40,183,28,31,20,047,40,34,29,280,19,7*4E
1780409266.314,$GAGSV,1,1,03,03,07,301,,04,02,090,,11,12,171,,0*4A
1780409266.314,$GBGSV,2,1,08,06,65,134,47,07,51,006,46,09,83,030,47,10,59,351,45,1*73
1780409266.315,$GBGSV,2,2,08,23,42,230,23,24,23,034,44,25,78,335,50,33,60,055,48,1*7B
1780409266.316,$GBGSV,1,1,03,09,83,030,49,10,59,351,49,24,23,034,09,3*45
1780409266.316,$GBGSV,2,1,08,01,42,107,,02,63,242,,03,71,140,,04,22,097,,0*74
1780409266.317,$GBGSV,2,2,08,04,22,097,,08,16,156,,13,10,201,,14,03,127,,0*7A
1780409266.317,$GNGLL,1338.99927,N,10029.53654,E,140746.00,A,D*7C
1780409267.335,$GNRMC,140747.00,A,1338.99927,N,10029.53656,E,0.193,,020626,0.53,W,F,V*5A
1780409267.337,$GNVTG,,T,,M,0.193,N,0.358,K,D*3D
1780409267.339,$GNGGA,140747.00,1338.99927,N,10029.53656,E,5,12,0.99,-6.7,M,-27.8,M,1.0,0499*6F
1780409267.339,$GNGSA,A,3,10,25,26,28,31,32,,,,,,,1.94,0.99,1.66,1*07
1780409267.340,$GNGSA,A,3,79,78,66,77,67,,,,,,,,1.94,0.99,1.66,2*0F
1780409267.340,$GNGSA,A,3,25,05,06,09,16,31,34,,,,,,1.94,0.99,1.66,3*01
1780409267.341,$GNGSA,A,3,06,07,33,09,10,23,25,24,,,,,1.94,0.99,1.66,4*00
1780409267.341,$GPGSV,3,1,09,10,54,147,38,25,20,043,36,26,60,193,48,28,46,356,39,1*66
1780409267.342,$GPGSV,3,2,09,31,51,308,45,32,42,037,44,39,45,252,28,42,70,217,45,1*63
1780409267.343,$GPGSV,3,3,09,50,56,115,44,1*5E
1780409267.343,$GPGSV,2,1,06,10,54,147,37,25,20,043,36,26,60,193,47,28,46,356,44,6*65
1780409267.344,$GPGSV,2,2,06,31,51,308,42,32,42,037,43,6*6A
1780409267.344,$GPGSV,3,1,09,01,11,293,,02,17,266,,03,01,326,,16,28,197,,0*66
1780409267.345,$GPGSV,3,2,09,16,28,197,,23,17,148,,27,02,202,,29,05,096,,0*63
1780409267.345,$GPGSV,3,3,09,29,05,096,,0*5D
1780409267.346,$GLGSV,2,1,05,66,30,093,43,67,41,020,41,77,37,023,39,78,79,231,48,1*71
1780409267.347,$GLGSV,2,2,05,79,25,210,18,1*4E
1780409267.347,$GLGSV,1,1,04,66,30,093,45,67,41,020,44,78,79,231,49,79,25,210,23,3*77
1780409267.348,$GLGSV,1,1,04,68,11,335,,81,03,196,,82,09,239,,83,01,287,,0*7E
1780409267.349,$GAGSV,2,1,08,05,36,345,47,06,19,073,35,09,32,050,47,16,60,103,49,2*70
1780409267.349,$GAGSV,2,2,08,25,40,183,37,31,20,047,45,34,29,280,23,36,36,218,19,2*75
1780409267.350,$GAGSV,2,1,07,05,36,345,43,06,19,073,33,09,32,050,41,16,60,103,44,7*73
1780409267.351,$GAGSV,2,2,07,25,40,183,29,31,20,047,40,34,29,280,18,7*4E
1780409267.351,$GAGSV,1,1,03,03,07,301,,04,02,090,,11,12,171,,0*4A
1780409267.352,$GBGSV,2,1,08,06,65,134,47,07,51,006,46,09,83,030,47,10,59,351,45,1*73
1780409267.352,$GBGSV,2,2,08,23,42,230,20,24,23,034,44,25,78,335,50,33,60,055,48,1*78
1780409267.353,$GBGSV,1,1,03,09,83,030,50,10,59,351,48,24,23,034,08,3*4D
1780409267.354,$GBGSV,2,1,08,01,42,107,,02,63,242,,03,71,140,,04,22,097,,0*74
1780409267.354,$GBGSV,2,2,08,04,22,097,,08,16,156,,13,10,201,,14,02,127,,0*7B
1780409267.355,$GNGLL,1338.99927,N,10029.53656,E,140747.00,A,D*7F
1780409268.305,$GNRMC,140748.00,A,1338.99921,N,10029.53669,E,0.800,112.00,020626,0.53,W,F,V*40
1780409268.307,$GNVTG,112.00,T,112.53,M,0.800,N,1.482,K,D*39
1780409268.308,$GNGGA,140748.00,1338.99921,N,10029.53669,E,5,12,0.99,-6.7,M,-27.8,M,1.0,0499*6A
1780409268.308,$GNGSA,A,3,10,25,26,28,31,32,,,,,,,1.94,0.99,1.66,1*07
1780409268.309,$GNGSA,A,3,79,78,66,77,67,,,,,,,,1.94,0.99,1.66,2*0F
1780409268.310,$GNGSA,A,3,25,36,05,06,09,16,31,34,,,,,1.94,0.99,1.66,3*04
1780409268.310,$GNGSA,A,3,06,07,33,09,10,25,24,,,,,,1.94,0.99,1.66,4*01
1780409268.311,$GPGSV,3,1,09,10,54,147,42,25,20,043,38,26,60,193,46,28,46,356,42,1*67
1780409268.311,$GPGSV,3,2,09,31,51,308,43,32,42,037,41,39,45,252,27,42,70,217,45,1*6F
1780409268.312,$GPGSV,3,3,09,50,56,115,41,1*5B
1780409268.312,$GPGSV,1,1,01,23,17,148,16,5*5C
1780409268.313,$GPGSV,2,1,06,10,54,147,37,25,20,043,38,26,60,193,45,28,46,356,42,6*6F
1780409268.313,$GPGSV,2,2,06,31,51,308,43,32,42,037,40,6*68
1780409268.314,$GPGSV,2,1,08,01,11,293,,02,17,266,,03,01,326,,16,28,197,,0*66
1780409268.315,$GPGSV,2,2,08,16,28,197,,27,02,202,,29,05,096,,40,37,260,,0*6D
1780409268.315,$GLGSV,2,1,05,66,30,093,45,67,41,020,48,77,37,023,39,78,79,231,47,1*71
1780409268.316,$GLGSV,2,2,05,79,25,210,19,1*4F
1780409268.317,$GLGSV,1,1,04,66,30,093,45,67,41,020,44,78,79,231,49,79,25,210,21,3*75
1780409268.317,$GLGSV,1,1,04,68,11,335,,81,03,196,,82,09,239,,83,01,287,,0*7E
1780409268.318,$GAGSV,2,1,08,05,36,345,44,06,19,073,36,09,32,050,47,16,60,103,49,2*70
1780409268.319,$GAGSV,2,2,08,25,40,183,30,31,20,047,45,34,29,280,21,36,36,218,20,2*7A
1780409268.319,$GAGSV,2,1,07,05,36,345,42,06,19,073,37,09,32,050,40,16,60,103,45,7*76
1780409268.320,$GAGSV,2,2,07,25,40,183,34,31,20,047,35,34,29,280,18,7*40
1780409268.320,$GAGSV,1,1,03,03,07,301,,04,02,090,,11,12,171,,0*4A
1780409268.321,$GBGSV,2,1,08,06,65,134,41,07,51,006,43,09,83,030,47,10,59,351,43,1*76
1780409268.322,$GBGSV,2,2,08,23,42,230,17,24,23,034,41,25,78,335,50,33,60,055,48,1*79
1780409268.322,$GBGSV,1,1,03,09,83,030,48,10,59,351,46,24,23,034,07,3*45
1780409268.323,$GBGSV,2,1,08,01,42,107,,02,63,242,,03,71,140,,04,22,097,,0*74
1780409268.324,$GBGSV,2,2,08,04,22,097,,08,16,156,,13,10,201,,14,02,127,,0*7B
1780409268.324,$GNGLL,1338.99921,N,10029.53669,E,140748.00,A,D*7A
1780409269.307,$GNRMC,140749.00,A,1338.99911,N,10029.53694,E,0.956,112.88,020626,0.53,W,F,V*42
1780409269.309,$GNVTG,112.88,T,113.41,M,0.956,N,1.770,K,D*37
1780409269.311,$GNGGA,140749.00,1338.99911,N,10029.53694,E,5,12,0.99,-6.7,M,-27.8,M,1.0,0499*6A
1780409269.311,$GNGSA,A,3,10,25,26,28,31,32,,,,,,,1.94,0.99,1.66,1*07
1780409269.312,$GNGSA,A,3,79,78,66,77,67,,,,,,,,1.94,0.99,1.66,2*0F
1780409269.313,$GNGSA,A,3,25,05,06,09,16,31,34,,,,,,1.94,0.99,1.66,3*01
1780409269.313,$GNGSA,A,3,06,07,33,09,10,23,25,24,,,,,1.94,0.99,1.66,4*00
1780409269.314,$GPGSV,3,1,09,10,54,147,39,25,20,043,40,26,60,193,46,28,46,356,41,1*67
1780409269.315,$GPGSV,3,2,09,31,51,308,44,32,42,037,41,39,45,252,27,42,70,217,46,1*6B
1780409269.316,$GPGSV,3,3,09,50,56,115,42,1*58
1780409269.317,$GPGSV,2,1,07,10,54,147,34,23,17,148,16,25,20,043,38,26,60,193,45,6*6E
1780409269.318,$GPGSV,2,2,07,28,46,356,43,31,51,308,44,32,42,037,35,6*53
1780409269.319,$GPGSV,2,1,08,01,11,293,,02,17,266,,03,01,326,,16,28,197,,0*66
1780409269.319,$GPGSV,2,2,08,16,28,197,,27,02,202,,29,05,096,,40,37,260,,0*6D
1780409269.320,$GLGSV,2,1,05,66,30,093,46,67,41,020,41,77,37,023,38,78,79,231,48,1*75
1780409269.321,$GLGSV,2,2,05,79,25,210,19,1*4F
1780409269.322,$GLGSV,1,1,04,66,30,093,46,67,41,020,46,78,79,231,48,79,25,210,22,3*76
1780409269.322,$GLGSV,1,1,04,68,11,335,,81,03,196,,82,09,239,,83,01,287,,0*7E
1780409269.323,$GAGSV,2,1,08,05,36,345,46,06,19,073,29,09,32,050,47,16,60,103,51,2*75
1780409269.324,$GAGSV,2,2,08,25,40,183,37,31,20,047,44,34,29,280,20,36,36,218,19,2*77
1780409269.325,$GAGSV,2,1,07,05,36,345,40,06,19,073,36,09,32,050,43,16,60,103,47,7*74
1780409269.326,$GAGSV,2,2,07,25,40,183,36,31,20,047,35,34,29,280,18,7*42
1780409269.327,$GAGSV,1,1,03,03,07,301,,04,02,090,,11,12,171,,0*4A
1780409269.327,$GBGSV,2,1,08,06,65,134,49,07,51,006,45,09,83,030,47,10,59,351,45,1*7E
1780409269.328,$GBGSV,2,2,08,23,42,230,20,24,23,034,42,25,78,335,50,33,60,055,49,1*7F
1780409269.329,$GBGSV,1,1,03,09,83,030,50,10,59,351,50,24,23,034,07,3*4B
1780409269.330,$GBGSV,2,1,08,01,42,107,,02,63,242,,03,71,140,,04,22,097,,0*74
1780409269.330,$GBGSV,2,2,08,04,22,097,,08,16,156,,13,10,201,,14,02,127,,0*7B
1780409269.331,$GNGLL,1338.99911,N,10029.53694,E,140749.00,A,D*7A
1780409270.334,$GNRMC,140750.00,A,1338.99900,N,10029.53718,E,0.832,110.58,020626,0.53,W,F,V*43
1780409270.337,$GNVTG,110.58,T,111.11,M,0.832,N,1.541,K,D*3C
1780409270.338,$GNGGA,140750.00,1338.99900,N,10029.53718,E,5,12,0.99,-6.7,M,-27.8,M,1.0,0499*67
1780409270.338,$GNGSA,A,3,10,25,26,28,31,32,,,,,,,1.94,0.99,1.66,1*07
1780409270.339,$GNGSA,A,3,79,78,66,77,67,,,,,,,,1.94,0.99,1.66,2*0F
1780409270.340,$GNGSA,A,3,25,05,06,09,16,31,34,,,,,,1.94,0.99,1.66,3*01
1780409270.340,$GNGSA,A,3,06,07,33,09,10,23,25,24,,,,,1.94,0.99,1.66,4*00
1780409270.341,$GPGSV,2,1,08,10,54,147,38,25,20,043,39,26,60,193,47,28,46,356,42,1*6A
1780409270.342,$GPGSV,2,2,08,31,51,308,45,32,42,037,44,42,70,217,47,50,56,115,43,1*61
1780409270.343,$GPGSV,2,1,07,10,54,147,38,23,17,148,16,25,20,043,38,26,60,193,44,6*63
1780409270.344,$GPGSV,2,2,07,28,46,356,46,31,51,308,45,32,42,037,40,6*55
1780409270.345,$GPGSV,2,1,08,01,11,293,,02,17,266,,03,01,326,,16,28,197,,0*66
1780409270.346,$GPGSV,2,2,08,16,28,197,,27,02,202,,29,05,096,,40,37,260,,0*6D
1780409270.346,$GLGSV,2,1,05,66,30,093,46,67,41,020,45,77,37,023,41,78,79,231,49,1*7E
1780409270.347,$GLGSV,2,2,05,79,25,210,20,1*45
1780409270.348,$GLGSV,1,1,04,66,30,093,44,67,41,020,46,78,79,231,48,79,25,210,23,3*75
1780409270.349,$GLGSV,1,1,04,68,11,335,,81,03,196,,82,09,239,,83,01,287,,0*7E
1780409270.349,$GAGSV,2,1,08,05,36,345,45,06,19,073,38,09,32,050,48,16,60,103,53,2*7B
1780409270.350,$GAGSV,2,2,08,25,40,183,43,31,20,047,43,34,29,280,20,36,36,218,19,2*73
1780409270.351,$GAGSV,2,1,07,05,36,345,41,06,19,073,30,09,32,050,42,16,60,103,48,7*7D
1780409270.352,$GAGSV,2,2,07,25,40,183,33,31,20,047,40,34,29,280,19,7*44
1780409270.353,$GAGSV,1,1,03,03,07,301,,04,02,090,,11,12,171,,0*4A
1780409270.353,$GBGSV,2,1,08,06,65,134,51,07,51,006,46,09,83,030,47,10,59,351,44,1*75
1780409270.354,$GBGSV,2,2,08,23,42,230,22,24,23,034,41,25,78,335,48,33,60,055,48,1*76
1780409270.355,$GBGSV,1,1,03,09,83,030,49,10,59,351,48,24,23,034,07,3*4A
1780409270.356,$GBGSV,2,1,08,01,42,107,,02,63,242,,03,71,140,,04,22,097,,0*74
1780409270.356,$GBGSV,2,2,08,04,22,097,,08,16,156,,13,10,201,,14,02,127,,0*7B
1780409270.357,$GNGLL,1338.99900,N,10029.53718,E,140750.00,A,D*77
1780409271.299,$GNRMC,140751.00,A,1338.99890,N,10029.53741,E,0.836,112.78,020626,0.53,W,F,V*42
1780409271.301,$GNVTG,112.78,T,113.31,M,0.836,N,1.548,K,D*31
1780409271.303,$GNGGA,140751.00,1338.99890,N,10029.53741,E,5,12,0.99,-6.7,M,-27.8,M,1.0,0499*62
1780409271.303,$GNGSA,A,3,10,25,26,28,31,32,,,,,,,1.94,0.99,1.66,1*07
1780409271.304,$GNGSA,A,3,79,78,66,77,67,,,,,,,,1.94,0.99,1.66,2*0F
1780409271.304,$GNGSA,A,3,25,05,06,09,16,31,34,,,,,,1.94,0.99,1.66,3*01
1780409271.305,$GNGSA,A,3,06,07,33,09,10,23,25,24,,,,,1.94,0.99,1.66,4*00
1780409271.306,$GPGSV,2,1,08,10,54,147,39,25,20,043,38,26,60,193,46,28,46,356,43,1*6A
1780409271.306,$GPGSV,2,2,08,31,51,308,46,32,42,037,41,42,70,217,47,50,56,115,42,1*66
1780409271.308,$GPGSV,2,1,07,10,54,147,32,23,17,148,15,25,20,043,39,26,60,193,45,6*6A
1780409271.308,$GPGSV,2,2,07,28,46,356,45,31,51,308,45,32,42,037,44,6*52
1780409271.309,$GPGSV,2,1,08,01,11,293,,02,17,266,,03,01,326,,16,28,197,,0*66
1780409271.310,$GPGSV,2,2,08,16,28,197,,27,02,202,,29,05,096,,40,37,260,,0*6D
1780409271.311,$GLGSV,2,1,05,66,30,093,44,67,41,020,44,77,37,023,39,78,79,231,48,1*73
1780409271.311,$GLGSV,2,2,05,79,25,210,21,1*44
1780409271.312,$GLGSV,1,1,04,66,30,093,45,67,41,020,46,78,79,231,50,79,25,210,22,3*7C
1780409271.313,$GLGSV,1,1,04,68,11,335,,81,03,196,,82,09,239,,83,01,287,,0*7E
1780409271.314,$GAGSV,2,1,08,05,36,345,44,06,19,073,33,09,32,050,48,16,60,103,50,2*72
1780409271.314,$GAGSV,2,2,08,25,40,183,46,31,20,047,45,34,29,280,21,36,36,218,17,2*7F
1780409271.315,$GAGSV,2,1,06,05,36,345,42,06,19,073,30,09,32,050,43,16,60,103,48,7*7E
1780409271.316,$GAGSV,2,2,06,31,20,047,39,34,29,280,19,7*72
1780409271.316,$GAGSV,1,1,03,03,07,301,,04,02,090,,11,12,171,,0*4A
1780409271.317,$GBGSV,2,1,08,06,65,134,46,07,51,006,45,09,83,030,46,10,59,351,45,1*70
1780409271.318,$GBGSV,2,2,08,23,42,230,20,24,23,034,39,25,78,335,49,33,60,055,49,1*7B
1780409271.319,$GBGSV,1,1,03,09,83,030,49,10,59,351,49,24,23,034,08,3*44
1780409271.319,$GBGSV,2,1,08,01,42,107,,02,63,242,,03,71,140,,04,22,097,,0*74
1780409271.320,$GBGSV,2,2,08,04,22,097,,08,16,156,,13,10,201,,14,02,127,,0*7B
1780409271.321,$GNGLL,1338.99890,N,10029.53741,E,140751.00,A,D*72
1780409272.305,$GNRMC,140752.00,A,1338.99880,N,10029.53763,E,0.985,114.80,020626,0.53,W,F,V*48
1780409272.307,$GNVTG,114.80,T,115.33,M,0.985,N,1.824,K,D*3A
1780409272.308,$GNGGA,140752.00,1338.99880,N,10029.53763,E,5,12,0.99,-6.7,M,-27.8,M,1.0,0499*60
1780409272.309,$GNGSA,A,3,10,25,26,28,31,32,,,,,,,1.94,0.99,1.66,1*07
1780409272.310,$GNGSA,A,3,79,78,66,77,67,,,,,,,,1.94,0.99,1.66,2*0F
1780409272.310,$GNGSA,A,3,25,05,06,09,16,31,34,,,,,,1.94,0.99,1.66,3*01
1780409272.311,$GNGSA,A,3,06,07,33,09,10,23,25,24,,,,,1.94,0.99,1.66,4*00
1780409272.312,$GPGSV,2,1,08,10,54,147,39,25,20,043,39,26,60,193,45,28,46,356,43,1*68
1780409272.313,$GPGSV,2,2,08,31,51,308,45,32,42,037,43,42,70,217,47,50,56,115,39,1*6B
1780409272.314,$GPGSV,2,1,07,10,54,147,33,23,17,148,14,25,20,043,38,26,60,193,43,6*6D
1780409272.315,$GPGSV,2,2,07,28,46,356,44,31,51,308,45,32,42,037,42,6*55
1780409272.316,$GPGSV,2,1,08,01,11,293,,02,17,266,,03,01,326,,16,28,197,,0*66
1780409272.317,$GPGSV,2,2,08,16,28,197,,27,02,202,,29,05,096,,40,37,260,,0*6D
1780409272.318,$GLGSV,2,1,05,66,30,093,46,67,41,020,45,77,37,023,39,78,79,231,48,1*70
1780409272.318,$GLGSV,2,2,05,79,25,210,20,1*45
1780409272.319,$GLGSV,1,1,04,66,30,093,43,67,41,020,43,78,79,231,50,79,25,210,22,3*7F
1780409272.320,$GLGSV,1,1,04,68,11,335,,81,03,196,,82,09,239,,83,01,287,,0*7E
1780409272.320,$GAGSV,2,1,08,05,36,345,46,06,19,073,30,09,32,050,48,16,60,103,51,2*72
1780409272.321,$GAGSV,2,2,08,25,40,183,46,31,20,047,46,34,29,280,19,36,36,218,18,2*78
1780409272.322,$GAGSV,2,1,07,05,36,345,40,06,19,073,29,09,32,050,43,16,60,103,47,7*7A
1780409272.323,$GAGSV,2,2,07,25,40,183,41,31,20,047,37,34,29,280,21,7*4A
1780409272.324,$GAGSV,1,1,03,03,07,301,,04,02,090,,11,12,171,,0*4A
1780409272.325,$GBGSV,2,1,08,06,65,134,46,07,51,006,44,09,83,030,47,10,59,351,44,1*71
1780409272.325,$GBGSV,2,2,08,23,42,231,21,24,23,034,40,25,78,335,50,33,60,055,49,1*7D
1780409272.326,$GBGSV,1,1,03,09,83,030,49,10,59,351,49,24,23,034,08,3*44
1780409272.327,$GBGSV,2,1,08,01,42,107,,02,63,242,,03,71,140,,04,22,097,,0*74
1780409272.327,$GBGSV,2,2,08,04,22,097,,08,16,156,,13,10,201,,14,02,127,,0*7B
1780409272.328,$GNGLL,1338.99880,N,10029.53763,E,140752.00,A,D*70
1780409273.304,$GNRMC,140753.00,A,1338.99869,N,10029.53789,E,0.996,115.71,020626,0.53,W,F,V*47
1780409273.306,$GNVTG,115.71,T,116.24,M,0.996,N,1.845,K,D*35
1780409273.307,$GNGGA,140753.00,1338.99869,N,10029.53789,E,5,12,0.99,-6.7,M,-27.8,M,1.0,0499*62
1780409273.308,$GNGSA,A,3,10,25,26,28,31,32,,,,,,,1.94,0.99,1.67,1*06
1780409273.308,$GNGSA,A,3,79,78,66,77,67,,,,,,,,1.94,0.99,1.67,2*0E
1780409273.309,$GNGSA,A,3,25,05,06,09,16,31,34,,,,,,1.94,0.99,1.67,3*00
1780409273.309,$GNGSA,A,3,06,07,33,09,10,23,25,24,,,,,1.94,0.99,1.67,4*01
1780409273.310,$GPGSV,2,1,08,10,54,147,40,25,20,043,35,26,60,193,44,28,46,356,44,1*6C
1780409273.311,$GPGSV,2,2,08,31,51,308,46,32,42,037,45,42,70,217,46,50,56,115,42,1*63
1780409273.311,$GPGSV,2,1,07,10,54,147,30,23,17,148,13,25,20,043,38,26,60,193,42,6*68
1780409273.312,$GPGSV,2,2,07,28,46,356,46,31,51,308,44,32,42,037,43,6*57
1780409273.313,$GPGSV,2,1,08,01,11,293,,02,17,266,,03,01,326,,16,28,197,,0*66
1780409273.313,$GPGSV,2,2,08,16,28,197,,27,02,202,,29,05,096,,40,37,260,,0*6D
1780409273.314,$GLGSV,2,1,05,66,30,093,46,67,41,020,37,77,37,023,39,78,79,231,49,1*74
1780409273.314,$GLGSV,2,2,05,79,25,210,20,1*45
1780409273.315,$GLGSV,1,1,04,66,30,093,43,67,41,020,46,78,79,231,48,79,25,210,21,3*70
1780409273.316,$GLGSV,1,1,04,68,11,335,,81,03,196,,82,09,239,,83,01,287,,0*7E
1780409273.316,$GAGSV,2,1,08,05,36,345,46,06,19,073,39,09,32,050,47,16,60,103,51,2*74
1780409273.317,$GAGSV,2,2,08,25,41,183,43,31,20,047,46,34,29,280,21,36,36,218,19,2*76
1780409273.317,$GAGSV,2,1,07,05,36,345,40,06,19,073,30,09,32,050,41,16,60,103,43,7*74
1780409273.318,$GAGSV,2,2,07,25,41,183,44,31,20,047,40,34,29,280,20,7*4F
1780409273.319,$GAGSV,1,1,03,03,07,301,,04,02,090,,11,12,171,,0*4A
1780409273.319,$GBGSV,2,1,08,06,65,134,48,07,51,006,46,09,83,030,47,10,59,351,44,1*7D
1780409273.320,$GBGSV,2,2,08,23,42,231,22,24,23,034,43,25,78,335,50,33,60,055,49,1*7D
1780409273.321,$GBGSV,1,1,03,09,83,030,49,10,59,351,46,24,23,034,07,3*44
1780409273.321,$GBGSV,2,1,08,01,42,107,,02,63,242,,03,71,140,,04,22,097,,0*74
1780409273.322,$GBGSV,2,2,08,04,22,097,,08,16,156,,13,10,201,,14,02,127,,0*7B
1780409273.322,$GNGLL,1338.99869,N,10029.53789,E,140753.00,A,D*72
1780409274.301,$GNRMC,140754.00,A,1338.99859,N,10029.53814,E,0.843,114.18,020626,0.53,W,F,V*4F
1780409274.303,$GNVTG,114.18,T,114.71,M,0.843,N,1.561,K,D*3B
1780409274.304,$GNGGA,140754.00,1338.99859,N,10029.53814,E,5,12,0.99,-6.7,M,-27.8,M,1.0,0499*6D
1780409274.305,$GNGSA,A,3,10,25,26,28,31,32,,,,,,,1.94,0.99,1.67,1*06
1780409274.305,$GNGSA,A,3,79,78,66,77,67,,,,,,,,1.94,0.99,1.67,2*0E
1780409274.306,$GNGSA,A,3,25,05,06,09,16,31,34,,,,,,1.94,0.99,1.67,3*00
1780409274.306,$GNGSA,A,3,06,07,33,09,10,23,25,24,,,,,1.94,0.99,1.67,4*01
1780409274.307,$GPGSV,2,1,08,10,54,147,38,25,20,043,39,26,60,193,44,28,46,356,42,1*69
1780409274.308,$GPGSV,2,2,08,31,51,308,45,32,42,037,46,42,70,217,46,50,56,115,43,1*62
1780409274.308,$GPGSV,2,1,07,10,54,147,32,23,17,148,13,25,20,043,39,26,60,193,43,6*6A
1780409274.309,$GPGSV,2,2,07,28,46,356,44,31,51,308,43,32,42,037,43,6*52
1780409274.310,$GPGSV,2,1,08,01,11,293,,02,17,266,,03,01,326,,16,28,197,,0*66
1780409274.310,$GPGSV,2,2,08,16,28,197,,27,02,202,,29,05,096,,40,37,260,,0*6D
1780409274.311,$GLGSV,2,1,05,66,30,093,46,67,41,020,42,77,37,023,38,78,79,231,48,1*76
1780409274.311,$GLGSV,2,2,05,79,25,210,18,1*4E
1780409274.312,$GLGSV,1,1,04,66,30,093,42,67,41,020,46,78,79,231,48,79,25,210,20,3*70
1780409274.313,$GLGSV,1,1,04,68,11,335,,81,03,196,,82,09,239,,83,01,287,,0*7E
1780409274.313,$GAGSV,2,1,08,05,36,345,46,06,19,073,34,09,32,050,48,16,60,103,48,2*7E
1780409274.314,$GAGSV,2,2,08,25,41,183,44,31,20,047,45,34,29,280,22,36,36,218,18,2*70
1780409274.315,$GAGSV,2,1,07,05,36,345,40,06,19,073,32,09,32,050,41,16,60,103,45,7*70
1780409274.315,$GAGSV,2,2,07,25,41,183,41,31,20,047,37,34,29,280,20,7*4A
1780409274.316,$GAGSV,1,1,03,03,07,301,,04,02,090,,11,12,171,,0*4A
1780409274.317,$GBGSV,2,1,08,06,65,134,47,07,51,006,44,09,83,030,47,10,59,351,46,1*72
1780409274.317,$GBGSV,2,2,08,23,42,231,25,24,23,034,43,25,77,337,49,33,60,055,49,1*7F
1780409274.318,$GBGSV,1,1,02,09,83,030,50,10,59,351,49,3*75
1780409274.318,$GBGSV,2,1,08,01,42,107,,02,63,242,,03,71,140,,04,22,097,,0*74
1780409274.319,$GBGSV,2,2,08,04,22,097,,08,16,156,,13,10,201,,14,02,127,,0*7B
1780409274.319,$GNGLL,1338.99859,N,10029.53814,E,140754.00,A,D*7D
1780409275.299,$GNRMC,140755.00,A,1338.99850,N,10029.53834,E,0.601,114.83,020626,0.53,W,F,V*4F
1780409275.301,$GNVTG,114.83,T,115.36,M,0.601,N,1.112,K,D*33
1780409275.303,$GNGGA,140755.00,1338.99850,N,10029.53834,E,5,12,0.99,-6.6,M,-27.8,M,1.0,0499*66
1780409275.303,$GNGSA,A,3,10,25,26,28,31,32,,,,,,,1.94,0.99,1.67,1*06
1780409275.304,$GNGSA,A,3,78,66,77,67,,,,,,,,,1.94,0.99,1.67,2*00
1780409275.304,$GNGSA,A,3,25,36,05,06,09,16,31,34,,,,,1.94,0.99,1.67,3*05
1780409275.305,$GNGSA,A,3,06,07,33,09,10,23,25,24,,,,,1.94,0.99,1.67,4*01
1780409275.305,$GPGSV,2,1,08,10,54,147,39,25,20,043,39,26,60,193,42,28,46,356,43,1*6F
1780409275.306,$GPGSV,2,2,08,31,51,308,44,32,42,037,45,42,70,217,46,50,56,115,44,1*67
1780409275.307,$GPGSV,2,1,07,10,54,147,33,23,17,148,12,25,20,043,41,26,60,193,41,6*67
1780409275.307,$GPGSV,2,2,07,28,46,356,45,31,51,308,43,32,42,037,45,6*55
1780409275.308,$GPGSV,2,1,08,01,11,293,,02,17,266,,03,01,326,,16,28,197,,0*66
1780409275.308,$GPGSV,2,2,08,16,28,197,,27,02,202,,29,05,096,,40,37,260,,0*6D
1780409275.309,$GLGSV,2,1,05,66,30,093,45,67,41,020,44,77,37,023,35,78,79,231,48,1*7E
1780409275.309,$GLGSV,2,2,05,79,25,210,19,1*4F
1780409275.310,$GLGSV,1,1,04,66,30,093,45,67,41,020,46,78,79,231,49,79,25,210,19,3*7C
1780409275.311,$GLGSV,1,1,04,68,11,335,,81,03,196,,82,09,239,,83,01,287,,0*7E
1780409275.311,$GAGSV,2,1,08,05,36,345,41,06,19,073,27,09,32,050,49,16,60,103,52,2*71
1780409275.312,$GAGSV,2,2,08,25,41,183,51,31,20,047,46,34,29,280,23,36,36,218,20,2*7D
1780409275.313,$GAGSV,2,1,07,05,36,345,43,06,19,073,33,09,32,050,42,16,60,103,45,7*71
1780409275.314,$GAGSV,2,2,07,25,41,183,38,31,20,047,37,34,29,280,19,7*4E
1780409275.314,$GAGSV,1,1,03,03,07,301,,04,02,090,,11,12,171,,0*4A
1780409275.315,$GBGSV,2,1,08,06,65,134,46,07,51,006,45,09,83,030,47,10,59,351,45,1*71
1780409275.316,$GBGSV,2,2,08,23,42,231,24,24,23,034,44,25,77,337,50,33,60,055,48,1*70
1780409275.317,$GBGSV,1,1,02,09,83,030,49,10,59,351,48,3*7C
1780409275.318,$GBGSV,2,1,08,01,42,107,,02,63,242,,03,71,140,,04,22,097,,0*74
1780409275.318,$GBGSV,2,2,08,04,22,097,,08,16,156,,13,10,201,,14,02,127,,0*7B
1780409275.319,$GNGLL,1338.99850,N,10029.53834,E,140755.00,A,D*77
1780409276.306,$GNRMC,140756.00,A,1338.99842,N,10029.53850,E,0.635,117.39,020626,0.53,W,F,V*48
1780409276.308,$GNVTG,117.39,T,117.92,M,0.635,N,1.177,K,D*39
1780409276.309,$GNGGA,140756.00,1338.99842,N,10029.53850,E,5,12,0.99,-6.7,M,-27.8,M,1.0,0499*65
1780409276.309,$GNGSA,A,3,10,25,26,28,31,32,,,,,,,1.94,0.99,1.67,1*06
1780409276.310,$GNGSA,A,3,78,66,77,67,,,,,,,,,1.94,0.99,1.67,2*00
1780409276.310,$GNGSA,A,3,25,36,05,06,09,16,31,34,,,,,1.94,0.99,1.67,3*05
1780409276.311,$GNGSA,A,3,06,07,33,09,10,23,25,24,,,,,1.94,0.99,1.67,4*01
1780409276.311,$GPGSV,2,1,08,10,54,147,40,25,20,043,39,26,60,193,42,28,46,356,41,1*63
1780409276.312,$GPGSV,2,2,08,31,51,308,45,32,42,037,47,42,70,217,46,50,56,115,41,1*61
1780409276.313,$GPGSV,2,1,07,10,54,147,28,23,17,148,11,25,20,043,41,26,60,193,44,6*6B
1780409276.313,$GPGSV,2,2,07,28,46,356,46,31,51,308,45,32,42,037,45,6*50
1780409276.314,$GPGSV,2,1,08,01,11,293,,02,17,266,,03,01,326,,16,28,197,,0*66
1780409276.315,$GPGSV,2,2,08,16,28,197,,27,02,202,,29,05,096,,40,37,260,,0*6D
1780409276.315,$GLGSV,2,1,05,66,30,093,45,67,41,020,46,77,37,023,37,78,79,231,47,1*71
1780409276.316,$GLGSV,2,2,05,79,25,210,19,1*4F
1780409276.316,$GLGSV,1,1,04,66,30,093,45,67,41,020,46,78,79,231,49,79,25,210,18,3*7D
1780409276.317,$GLGSV,1,1,04,68,11,335,,81,03,196,,82,09,239,,83,01,287,,0*7E
1780409276.318,$GAGSV,2,1,08,05,36,345,42,06,19,073,33,09,32,050,49,16,60,103,52,2*77
1780409276.319,$GAGSV,2,2,08,25,41,183,53,31,20,047,41,34,29,280,24,36,36,218,20,2*7F
1780409276.319,$GAGSV,2,1,07,05,36,345,37,06,19,073,36,09,32,050,44,16,60,103,47,7*73
1780409276.320,$GAGSV,2,2,07,25,41,183,44,31,20,047,39,34,29,280,19,7*4B
1780409276.321,$GAGSV,1,1,03,03,07,301,,04,02,090,,11,12,171,,0*4A
1780409276.321,$GBGSV,2,1,08,06,65,134,48,07,51,006,45,09,83,030,47,10,59,351,45,1*7F
1780409276.322,$GBGSV,2,2,08,23,42,231,26,24,23,034,42,25,77,337,49,33,60,055,49,1*7D
1780409276.323,$GBGSV,1,1,02,09,83,030,49,10,59,351,45,3*71
1780409276.323,$GBGSV,2,1,08,01,42,107,,02,63,242,,03,71,140,,04,22,097,,0*74
1780409276.324,$GBGSV,2,2,08,04,22,097,,08,16,156,,13,10,201,,14,02,127,,0*7B
1780409276.325,$GNGLL,1338.99842,N,10029.53850,E,140756.00,A,D*75
1780409277.300,$GNRMC,140757.00,A,1338.99834,N,10029.53868,E,0.787,117.02,020626,0.53,W,F,V*43
1780409277.302,$GNVTG,117.02,T,117.55,M,0.787,N,1.458,K,D*3A
1780409277.304,$GNGGA,140757.00,1338.99834,N,10029.53868,E,5,12,0.99,-6.6,M,-27.8,M,1.0,0499*6F
1780409277.304,$GNGSA,A,3,10,25,26,28,31,32,,,,,,,1.94,0.99,1.67,1*06
1780409277.304,$GNGSA,A,3,78,66,77,67,,,,,,,,,1.94,0.99,1.67,2*00
1780409277.305,$GNGSA,A,3,25,36,05,06,09,16,31,34,,,,,1.94,0.99,1.67,3*05
1780409277.305,$GNGSA,A,3,06,07,33,09,10,23,25,24,,,,,1.94,0.99,1.67,4*01
1780409277.306,$GPGSV,2,1,08,10,54,147,38,25,20,043,37,26,60,193,43,28,46,356,44,1*66
1780409277.307,$GPGSV,2,2,08,31,51,308,45,32,42,037,44,42,70,217,45,50,56,115,41,1*61
1780409277.307,$GPGSV,2,1,07,10,54,147,30,23,17,148,09,25,20,043,36,26,60,193,39,6*61
1780409277.308,$GPGSV,2,2,07,28,46,356,45,31,51,308,45,32,42,037,43,6*55
1780409277.309,$GPGSV,2,1,08,01,11,293,,02,17,266,,03,01,326,,16,28,197,,0*66
1780409277.309,$GPGSV,2,2,08,16,28,197,,27,02,202,,29,05,096,,40,37,260,,0*6D
1780409277.310,$GLGSV,2,1,05,66,30,093,46,67,41,020,42,77,37,023,39,78,79,231,49,1*76
1780409277.310,$GLGSV,2,2,05,79,25,210,18,1*4E
1780409277.311,$GLGSV,1,1,04,66,30,093,45,67,41,020,43,78,79,231,49,79,25,210,18,3*78
1780409277.311,$GLGSV,1,1,04,68,11,335,,81,03,196,,82,09,239,,83,01,287,,0*7E
1780409277.312,$GAGSV,2,1,08,05,36,345,46,06,19,073,37,09,32,050,47,16,60,103,50,2*7B
1780409277.313,$GAGSV,2,2,08,25,41,183,53,31,20,047,44,34,29,280,24,36,36,218,23,2*79
1780409277.313,$GAGSV,2,1,07,05,36,345,35,06,19,073,33,09,32,050,45,16,60,103,44,7*76
1780409277.314,$GAGSV,2,2,07,25,41,183,46,31,20,047,35,34,29,280,16,7*4A
1780409277.314,$GAGSV,1,1,03,03,07,301,,04,02,090,,11,12,171,,0*4A
1780409277.315,$GBGSV,2,1,08,06,65,134,46,07,51,006,46,09,83,030,47,10,59,351,46,1*71
1780409277.316,$GBGSV,2,2,08,23,42,231,26,24,23,034,43,25,77,337,49,33,60,055,49,1*7C
1780409277.316,$GBGSV,1,1,02,09,83,030,50,10,59,351,48,3*74
1780409277.317,$GBGSV,2,1,08,01,42,107,,02,63,242,,03,71,140,,04,22,097,,0*74
1780409277.318,$GBGSV,2,2,08,04,22,097,,08,16,156,,13,10,201,,14,02,127,,0*7B
1780409277.318,$GNGLL,1338.99834,N,10029.53868,E,140757.00,A,D*7E
1780409278.303,$GNRMC,140758.00,A,1338.99824,N,10029.53887,E,0.755,116.39,020626,0.53,W,F,V*4A
1780409278.305,$GNVTG,116.39,T,116.92,M,0.755,N,1.398,K,D*3D
1780409278.307,$GNGGA,140758.00,1338.99824,N,10029.53887,E,5,12,0.99,-6.6,M,-27.8,M,1.0,0499*60
1780409278.307,$GNGSA,A,3,10,25,26,28,31,32,,,,,,,1.94,0.99,1.67,1*06
1780409278.307,$GNGSA,A,3,79,78,66,77,67,,,,,,,,1.94,0.99,1.67,2*0E
1780409278.308,$GNGSA,A,3,25,36,05,06,09,16,31,34,,,,,1.94,0.99,1.67,3*05
1780409278.308,$GNGSA,A,3,06,07,33,09,10,23,25,24,,,,,1.94,0.99,1.67,4*01
1780409278.309,$GPGSV,2,1,08,10,54,147,37,25,20,043,39,26,60,193,43,28,46,356,45,1*66
1780409278.310,$GPGSV,2,2,08,31,51,308,46,32,42,037,45,42,70,217,47,50,56,115,44,1*64
1780409278.310,$GPGSV,2,1,07,10,54,147,22,23,17,148,08,25,20,043,40,26,60,193,42,6*6E
1780409278.311,$GPGSV,2,2,07,28,46,356,46,31,51,308,45,32,42,037,44,6*51
1780409278.312,$GPGSV,2,1,08,01,11,293,,02,17,266,,03,01,326,,16,28,197,,0*66
1780409278.312,$GPGSV,2,2,08,16,28,197,,27,02,202,,29,05,096,,40,37,260,,0*6D
1780409278.313,$GLGSV,2,1,05,66,30,093,45,67,41,020,46,77,37,023,38,78,79,231,49,1*70
1780409278.313,$GLGSV,2,2,05,79,25,210,20,1*45
1780409278.314,$GLGSV,1,1,04,66,30,093,42,67,41,020,42,78,79,231,48,79,25,210,16,3*71
1780409278.315,$GLGSV,1,1,04,68,11,335,,81,03,196,,82,09,239,,83,01,287,,0*7E
1780409278.315,$GAGSV,2,1,08,05,36,345,39,06,19,073,36,09,32,050,48,16,60,103,49,2*75
1780409278.316,$GAGSV,2,2,08,25,41,183,52,31,20,047,45,34,29,280,23,36,36,218,22,2*7F
1780409278.317,$GAGSV,2,1,07,05,36,345,37,06,19,073,33,09,32,050,42,16,60,103,44,7*73
1780409278.317,$GAGSV,2,2,07,25,41,183,46,31,20,047,35,34,29,280,14,7*48
1780409278.318,$GAGSV,1,1,03,03,07,301,,04,02,090,,11,12,171,,0*4A
1780409278.319,$GBGSV,2,1,08,06,65,134,47,07,51,006,47,09,83,030,47,10,59,351,45,1*72
1780409278.319,$GBGSV,2,2,08,23,42,231,25,24,23,034,42,25,77,337,50,33,60,055,50,1*7E
1780409278.320,$GBGSV,1,1,02,09,83,030,49,10,59,351,48,3*7C
1780409278.320,$GBGSV,2,1,08,01,42,107,,02,63,242,,03,71,140,,04,22,097,,0*74
1780409278.321,$GBGSV,2,2,08,04,22,097,,08,16,156,,13,10,201,,14,02,127,,0*7B
1780409278.321,$GNGLL,1338.99824,N,10029.53887,E,140758.00,A,D*71
1780409279.303,$GNRMC,140759.00,A,1338.99814,N,10029.53906,E,0.708,116.42,020626,0.53,W,F,V*44
1780409279.305,$GNVTG,116.42,T,116.95,M,0.708,N,1.310,K,D*3E
1780409279.307,$GNGGA,140759.00,1338.99814,N,10029.53906,E,5,12,0.99,-6.7,M,-27.8,M,1.0,0499*6B
1780409279.307,$GNGSA,A,3,10,25,26,28,31,32,,,,,,,1.94,0.99,1.67,1*06
1780409279.308,$GNGSA,A,3,79,78,66,77,67,,,,,,,,1.94,0.99,1.67,2*0E
1780409279.308,$GNGSA,A,3,25,36,05,06,09,16,31,34,,,,,1.94,0.99,1.67,3*05
1780409279.309,$GNGSA,A,3,06,07,33,09,10,23,25,24,,,,,1.94,0.99,1.67,4*01
1780409279.309,$GPGSV,2,1,08,10,54,147,38,25,20,043,37,26,60,193,42,28,46,356,43,1*60
1780409279.310,$GPGSV,2,2,08,31,51,308,46,32,42,037,43,42,70,217,47,50,56,115,44,1*62
1780409279.311,$GPGSV,2,1,06,10,54,147,25,25,20,043,41,26,60,193,42,28,46,356,44,6*63
1780409279.311,$GPGSV,2,2,06,31,51,308,44,32,42,037,44,6*6B
1780409279.312,$GPGSV,3,1,09,01,11,293,,02,17,266,,03,01,326,,16,28,197,,0*66
1780409279.312,$GPGSV,3,2,09,16,28,197,,23,17,148,,27,02,202,,29,05,096,,0*63
1780409279.313,$GPGSV,3,3,09,29,05,096,,0*5D
1780409279.313,$GLGSV,2,1,05,66,30,093,46,67,41,020,47,77,37,023,40,78,79,231,48,1*7C
1780409279.313,$GLGSV,2,2,05,79,25,210,21,1*44
1780409279.314,$GLGSV,2,1,05,66,30,093,44,67,41,020,47,68,11,335,34,78,79,231,50,3*78
1780409279.314,$GLGSV,2,2,05,79,25,210,16,3*42
1780409279.315,$GLGSV,1,1,03,81,03,196,,82,09,239,,83,01,287,,0*42
1780409279.315,$GAGSV,2,1,08,05,36,345,44,06,19,073,38,09,32,050,46,16,60,103,51,2*76
1780409279.316,$GAGSV,2,2,08,25,41,183,51,31,20,047,45,34,29,280,24,36,36,218,24,2*7D
1780409279.317,$GAGSV,2,1,07,05,36,345,37,06,19,073,31,09,32,050,41,16,60,103,48,7*7E
1780409279.317,$GAGSV,2,2,07,25,41,183,45,31,20,047,38,34,29,280,14,7*46
1780409279.318,$GAGSV,1,1,03,03,07,301,,04,02,090,,11,12,171,,0*4A
1780409279.318,$GBGSV,2,1,08,06,65,134,49,07,51,006,47,09,83,030,47,10,59,351,45,1*7C
1780409279.319,$GBGSV,2,2,08,23,42,231,27,24,23,034,41,25,77,337,49,33,60,055,50,1*77
1780409279.319,$GBGSV,1,1,02,09,83,030,50,10,59,351,46,3*7A
1780409279.320,$GBGSV,2,1,08,01,42,107,,02,63,242,,03,71,140,,04,22,097,,0*74
1780409279.321,$GBGSV,2,2,08,04,22,097,,08,16,156,,13,10,201,,14,02,127,,0*7B
1780409279.321,$GNGLL,1338.99814,N,10029.53906,E,140759.00,A,D*7B
1780409280.301,$GNRMC,140800.00,A,1338.99805,N,10029.53926,E,0.842,117.44,020626,0.53,W,F,V*43
1780409280.303,$GNVTG,117.44,T,117.97,M,0.842,N,1.560,K,D*3A
1780409280.306,$GNGGA,140800.00,1338.99805,N,10029.53926,E,5,12,0.99,-6.7,M,-27.8,M,1.0,0499*6A
1780409280.308,$GNGSA,A,3,10,25,26,28,31,32,,,,,,,1.94,0.99,1.67,1*06
1780409280.309,$GNGSA,A,3,78,66,77,67,,,,,,,,,1.94,0.99,1.67,2*00
1780409280.310,$GNGSA,A,3,25,36,05,06,09,16,31,34,,,,,1.94,0.99,1.67,3*05
1780409280.312,$GNGSA,A,3,06,07,33,09,10,23,25,24,,,,,1.94,0.99,1.67,4*01
1780409280.314,$GPGSV,2,1,08,10,54,147,38,25,20,043,36,26,60,193,43,28,46,356,44,1*67
1780409280.316,$GPGSV,2,2,08,31,51,308,43,32,42,037,45,42,70,217,46,50,56,115,41,1*65
1780409280.319,$GPGSV,2,1,06,10,54,147,27,25,20,043,39,26,60,193,44,28,46,356,45,6*69
1780409280.320,$GPGSV,2,2,06,31,51,308,45,32,42,037,43,6*6D
1780409280.320,$GPGSV,3,1,09,01,11,293,,02,17,266,,03,01,326,,16,28,197,,0*66
1780409280.321,$GPGSV,3,2,09,16,28,197,,23,17,148,,27,02,202,,29,05,096,,0*63
1780409280.321,$GPGSV,3,3,09,29,05,096,,0*5D
1780409280.322,$GLGSV,2,1,05,66,30,093,48,67,41,020,46,77,37,023,38,78,79,231,49,1*7D
1780409280.323,$GLGSV,2,2,05,79,25,210,19,1*4F
1780409280.323,$GLGSV,2,1,05,66,30,093,45,67,41,020,47,68,11,335,31,78,79,231,49,3*74
1780409280.324,$GLGSV,2,2,05,79,25,210,18,3*4C
1780409280.324,$GLGSV,1,1,03,81,03,196,,82,09,239,,83,01,287,,0*42
1780409280.325,$GAGSV,2,1,08,05,36,345,46,06,19,073,40,09,32,050,44,16,60,103,49,2*70
1780409280.326,$GAGSV,2,2,08,25,41,183,49,31,20,047,46,34,29,280,21,36,36,218,26,2*70
1780409280.327,$GAGSV,2,1,07,05,36,345,41,06,19,073,32,09,32,050,38,16,60,103,46,7*7C
1780409280.328,$GAGSV,2,2,07,25,41,183,42,31,20,047,38,34,29,280,12,7*47
1780409280.328,$GAGSV,1,1,03,03,07,301,,04,02,090,,11,12,171,,0*4A
1780409280.329,$GBGSV,2,1,08,06,65,134,48,07,51,006,46,09,83,030,47,10,59,351,46,1*7F
1780409280.330,$GBGSV,2,2,08,23,42,231,25,24,23,034,46,25,77,337,49,33,60,057,49,1*78
1780409280.330,$GBGSV,1,1,02,09,83,030,50,10,59,351,48,3*74
1780409280.331,$GBGSV,2,1,08,01,42,107,,02,63,242,,03,71,140,,04,22,097,,0*74
1780409280.332,$GBGSV,2,2,08,04,22,097,,08,16,156,,13,10,201,,14,02,127,,0*7B
1780409280.332,$GNGLL,1338.99805,N,10029.53926,E,140800.00,A,D*7A
1780409281.301,$GNRMC,140801.00,A,1338.99794,N,10029.53947,E,0.758,117.17,020626,0.53,W,F,V*40
1780409281.303,$GNVTG,117.17,T,117.70,M,0.758,N,1.403,K,D*35
1780409281.305,$GNGGA,140801.00,1338.99794,N,10029.53947,E,5,12,0.99,-6.6,M,-27.8,M,1.0,0499*6A
1780409281.305,$GNGSA,A,3,10,25,26,28,31,32,,,,,,,1.94,0.99,1.67,1*06
1780409281.306,$GNGSA,A,3,79,78,66,77,67,,,,,,,,1.94,0.99,1.67,2*0E
1780409281.306,$GNGSA,A,3,25,36,05,06,09,16,31,,,,,,1.94,0.99,1.67,3*02
1780409281.307,$GNGSA,A,3,06,07,33,09,10,23,25,24,,,,,1.94,0.99,1.67,4*01
1780409281.307,$GPGSV,2,1,08,10,54,147,38,25,20,043,38,26,60,193,47,28,46,356,43,1*6A
1780409281.308,$GPGSV,2,2,08,31,51,308,44,32,42,037,44,42,70,217,46,50,56,115,40,1*62
1780409281.309,$GPGSV,2,1,06,10,54,147,27,25,20,043,38,26,60,193,43,28,46,356,42,6*68
1780409281.309,$GPGSV,2,2,06,31,51,308,44,32,42,037,45,6*6A
1780409281.310,$GPGSV,3,1,09,01,11,293,,02,17,266,,03,01,326,,16,28,197,,0*66
1780409281.311,$GPGSV,3,2,09,16,28,197,,23,17,148,,27,02,202,,29,05,096,,0*63
1780409281.311,$GPGSV,3,3,09,29,05,096,,0*5D
1780409281.312,$GLGSV,2,1,05,66,30,093,47,67,41,020,47,77,37,023,36,78,79,231,48,1*7C
1780409281.312,$GLGSV,2,2,05,79,25,210,21,1*44
1780409281.313,$GLGSV,2,1,05,66,30,093,45,67,41,020,45,68,11,335,30,78,79,231,48,3*76
1780409281.313,$GLGSV,2,2,05,79,25,210,18,3*4C
1780409281.314,$GLGSV,1,1,03,81,03,196,,82,09,239,,83,01,287,,0*42
1780409281.314,$GAGSV,2,1,08,05,36,345,45,06,19,073,35,09,32,050,43,16,60,103,53,2*7D
1780409281.315,$GAGSV,2,2,08,25,41,183,48,31,20,047,45,34,29,280,17,36,36,218,26,2*77
1780409281.316,$GAGSV,2,1,07,05,36,345,37,06,19,073,32,09,32,050,36,16,60,103,46,7*73
1780409281.316,$GAGSV,2,2,07,25,41,183,39,31,20,047,40,34,29,280,10,7*46
1780409281.317,$GAGSV,1,1,03,03,07,301,,04,02,090,,11,12,171,,0*4A
1780409281.318,$GBGSV,2,1,08,06,65,134,48,07,51,006,44,09,83,030,46,10,59,351,42,1*78
1780409281.319,$GBGSV,2,2,08,23,42,231,23,24,23,034,45,25,77,337,49,33,60,057,51,1*74
1780409281.320,$GBGSV,1,1,02,09,83,030,49,10,59,351,49,3*7D
1780409281.320,$GBGSV,2,1,08,01,42,107,,02,63,242,,03,71,140,,04,22,097,,0*74
1780409281.321,$GBGSV,2,2,08,04,22,097,,08,16,156,,13,10,201,,14,02,127,,0*7B
1780409281.322,$GNGLL,1338.99794,N,10029.53947,E,140801.00,A,D*7B
1780409282.302,$GNRMC,140802.00,A,1338.99783,N,10029.53966,E,0.854,115.55,020626,0.53,W,F,V*41
1780409282.304,$GNVTG,115.55,T,116.08,M,0.854,N,1.582,K,D*34
1780409282.306,$GNGGA,140802.00,1338.99783,N,10029.53966,E,5,12,0.99,-6.6,M,-27.8,M,1.0,0499*6C
1780409282.306,$GNGSA,A,3,10,25,26,28,31,32,,,,,,,1.94,0.99,1.67,1*06
1780409282.307,$GNGSA,A,3,79,78,66,77,67,,,,,,,,1.94,0.99,1.67,2*0E
1780409282.307,$GNGSA,A,3,25,36,05,06,09,16,31,,,,,,1.94,0.99,1.67,3*02
1780409282.308,$GNGSA,A,3,06,07,33,09,10,23,25,24,,,,,1.94,0.99,1.67,4*01
1780409282.308,$GPGSV,2,1,08,10,54,147,38,25,20,043,36,26,60,193,45,28,46,356,41,1*64
1780409282.309,$GPGSV,2,2,08,31,51,308,44,32,42,037,44,42,70,217,46,50,56,115,40,1*62
1780409282.310,$GPGSV,2,1,06,10,54,147,32,25,20,043,40,26,60,193,45,28,46,356,46,6*61
1780409282.311,$GPGSV,2,2,06,31,51,308,43,32,42,037,45,6*6D
1780409282.311,$GPGSV,3,1,09,01,11,293,,02,17,266,,03,01,326,,16,28,197,,0*66
1780409282.312,$GPGSV,3,2,09,16,28,197,,23,17,148,,27,02,202,,29,05,096,,0*63
1780409282.312,$GPGSV,3,3,09,29,05,096,,0*5D
1780409282.313,$GLGSV,2,1,05,66,30,093,45,67,41,020,47,77,37,023,40,78,79,231,48,1*7F
1780409282.313,$GLGSV,2,2,05,79,25,210,21,1*44
1780409282.314,$GLGSV,2,1,05,66,30,093,46,67,41,020,47,68,11,335,25,78,79,231,48,3*73
1780409282.314,$GLGSV,2,2,05,79,25,210,17,3*43
1780409282.315,$GLGSV,1,1,03,81,03,196,,82,09,239,,83,01,287,,0*42
1780409282.316,$GAGSV,2,1,08,05,36,345,47,06,19,073,37,09,32,050,44,16,60,103,50,2*79
1780409282.316,$GAGSV,2,2,08,25,41,183,45,31,20,047,39,34,29,280,17,36,36,218,28,2*7F
1780409282.317,$GAGSV,2,1,07,05,36,345,37,06,19,073,32,09,32,050,38,16,60,103,41,7*7A
1780409282.318,$GAGSV,2,2,07,25,41,183,39,31,20,047,38,34,29,280,12,7*4B
1780409282.319,$GAGSV,1,1,03,03,07,301,,04,02,090,,11,12,171,,0*4A
1780409282.320,$GBGSV,2,1,08,06,65,134,47,07,51,006,44,09,83,030,47,10,59,351,46,1*72
1780409282.321,$GBGSV,2,2,08,23,42,231,23,24,23,034,44,25,77,337,50,33,60,057,50,1*7C
1780409282.321,$GBGSV,1,1,02,09,83,030,49,10,59,351,48,3*7C
1780409282.322,$GBGSV,2,1,08,01,42,107,,02,63,242,,03,71,140,,04,22,097,,0*74
1780409282.322,$GBGSV,2,2,08,04,22,097,,08,16,156,,13,10,201,,14,02,127,,0*7B
1780409282.323,$GNGLL,1338.99783,N,10029.53966,E,140802.00,A,D*7D
1780409283.301,$GNRMC,140803.00,A,1338.99772,N,10029.53988,E,0.919,117.86,020626,0.53,W,F,V*4A
1780409283.303,$GNVTG,117.86,T,118.39,M,0.919,N,1.702,K,D*36
1780409283.305,$GNGGA,140803.00,1338.99772,N,10029.53988,E,5,12,0.99,-6.6,M,-27.8,M,1.0,0499*63
1780409283.305,$GNGSA,A,3,10,25,26,28,31,32,,,,,,,1.94,0.99,1.67,1*06
1780409283.306,$GNGSA,A,3,79,78,66,77,67,,,,,,,,1.94,0.99,1.67,2*0E
1780409283.307,$GNGSA,A,3,25,36,05,06,09,16,31,,,,,,1.94,0.99,1.67,3*02
1780409283.307,$GNGSA,A,3,06,07,33,09,10,23,25,24,,,,,1.94,0.99,1.67,4*01
1780409283.308,$GPGSV,2,1,08,10,54,147,34,25,20,043,41,26,60,193,46,28,46,356,43,1*69
1780409283.309,$GPGSV,2,2,08,31,51,308,45,32,42,037,46,42,70,217,45,50,56,115,39,1*6C
1780409283.309,$GPGSV,2,1,06,10,54,147,15,25,20,043,41,26,60,193,45,28,46,356,41,6*62
1780409283.310,$GPGSV,2,2,06,31,51,308,43,32,42,037,45,6*6D
1780409283.311,$GPGSV,3,1,09,01,11,293,,02,17,266,,03,01,326,,16,28,197,,0*66
1780409283.311,$GPGSV,3,2,09,16,28,197,,23,17,148,,27,02,202,,29,05,096,,0*63
1780409283.312,$GPGSV,3,3,09,29,05,096,,0*5D
1780409283.313,$GLGSV,2,1,05,66,30,093,47,67,41,020,48,77,37,023,38,78,79,231,48,1*7D
1780409283.313,$GLGSV,2,2,05,79,25,210,21,1*44
1780409283.314,$GLGSV,2,1,05,66,30,093,44,67,41,020,47,68,11,335,31,78,79,231,49,3*75
1780409283.314,$GLGSV,2,2,05,79,25,210,18,3*4C
1780409283.315,$GLGSV,1,1,03,81,03,196,,82,09,239,,83,01,287,,0*42
1780409283.316,$GAGSV,2,1,08,05,36,345,43,06,19,073,39,09,32,050,46,16,60,103,50,2*71
1780409283.317,$GAGSV,2,2,08,25,41,183,42,31,20,047,39,34,29,280,19,36,36,218,28,2*76
1780409283.318,$GAGSV,2,1,07,05,36,345,38,06,19,073,35,09,32,050,37,16,60,103,44,7*78
1780409283.319,$GAGSV,2,2,07,25,41,183,37,31,20,047,32,34,29,280,18,7*45
1780409283.320,$GAGSV,1,1,03,03,07,301,,04,02,090,,11,12,171,,0*4A
1780409283.321,$GBGSV,2,1,08,06,65,134,48,07,51,006,46,09,83,030,47,10,59,351,44,1*7D
1780409283.322,$GBGSV,2,2,08,23,42,231,22,24,23,034,44,25,77,337,49,33,60,057,49,1*7D
1780409283.322,$GBGSV,1,1,02,09,83,030,50,10,59,351,49,3*75
1780409283.323,$GBGSV,2,1,08,01,42,107,,02,63,242,,03,71,140,,04,22,097,,0*74
1780409283.324,$GBGSV,2,2,08,04,22,097,,08,16,156,,13,10,201,,14,02,127,,0*7B
1780409283.324,$GNGLL,1338.99772,N,10029.53988,E,140803.00,A,D*72
1780409284.297,$GNRMC,140804.00,A,1338.99761,N,10029.54008,E,0.801,118.02,020626,0.53,W,F,V*42
1780409284.299,$GNVTG,118.02,T,118.55,M,0.801,N,1.484,K,D*3A
1780409284.301,$GNGGA,140804.00,1338.99761,N,10029.54008,E,5,12,0.99,-6.6,M,-27.8,M,1.0,0499*60
1780409284.301,$GNGSA,A,3,10,25,26,28,31,32,,,,,,,1.94,0.99,1.67,1*06
1780409284.302,$GNGSA,A,3,79,78,66,77,67,,,,,,,,1.94,0.99,1.67,2*0E
1780409284.302,$GNGSA,A,3,25,36,05,06,09,16,31,34,,,,,1.94,0.99,1.67,3*05
1780409284.303,$GNGSA,A,3,06,07,33,09,10,23,25,24,,,,,1.94,0.99,1.67,4*01
1780409284.303,$GPGSV,2,1,08,10,54,147,30,25,20,043,37,26,60,193,46,28,46,356,44,1*6B
1780409284.304,$GPGSV,2,2,08,31,51,308,45,32,42,037,46,42,70,217,45,50,56,115,40,1*62
1780409284.305,$GPGSV,2,1,06,10,54,147,16,25,20,043,40,26,60,193,46,28,46,356,44,6*66
1780409284.305,$GPGSV,2,2,06,31,51,308,43,32,42,037,45,6*6D
1780409284.306,$GPGSV,3,1,09,01,11,293,,02,17,266,,03,01,326,,16,28,197,,0*66
1780409284.307,$GPGSV,3,2,09,16,28,197,,23,17,148,,27,02,202,,29,05,096,,0*63
1780409284.307,$GPGSV,3,3,09,29,05,096,,0*5D
1780409284.308,$GLGSV,2,1,05,66,30,093,46,67,41,020,46,77,37,023,39,78,79,231,48,1*73
1780409284.308,$GLGSV,2,2,05,79,25,210,22,1*47
1780409284.309,$GLGSV,2,1,05,66,30,093,45,67,41,020,48,68,11,335,31,78,79,231,48,3*7A
1780409284.309,$GLGSV,2,2,05,79,25,210,18,3*4C
1780409284.310,$GLGSV,1,1,03,81,03,196,,82,09,239,,83,01,287,,0*42
1780409284.310,$GAGSV,2,1,08,05,36,345,45,06,19,073,35,09,32,050,45,16,60,103,51,2*79
1780409284.311,$GAGSV,2,2,08,25,41,183,40,31,20,047,38,34,29,280,22,36,36,218,27,2*72
1780409284.312,$GAGSV,2,1,07,05,36,345,39,06,19,073,32,09,32,050,38,16,60,103,46,7*73
1780409284.313,$GAGSV,2,2,07,25,41,183,37,31,20,047,32,34,29,280,18,7*45
1780409284.313,$GAGSV,1,1,03,03,07,301,,04,02,090,,11,12,171,,0*4A
1780409284.314,$GBGSV,2,1,08,06,65,134,49,07,51,006,44,09,83,030,47,10,59,351,45,1*7F
1780409284.314,$GBGSV,2,2,08,23,42,231,22,24,23,034,41,25,77,337,49,33,60,057,48,1*79
1780409284.315,$GBGSV,1,1,02,09,83,030,49,10,59,351,49,3*7D
1780409284.316,$GBGSV,2,1,08,01,42,107,,02,63,242,,03,71,140,,04,22,097,,0*74
1780409284.316,$GBGSV,2,2,08,04,22,097,,08,16,156,,13,10,201,,14,02,127,,0*7B
1780409284.317,$GNGLL,1338.99761,N,10029.54008,E,140804.00,A,D*71
1780409285.302,$GNRMC,140805.00,A,1338.99750,N,10029.54028,E,0.719,119.77,020626,0.53,W,F,V*46
1780409285.305,$GNVTG,119.77,T,120.30,M,0.719,N,1.332,K,D*3D
1780409285.306,$GNGGA,140805.00,1338.99750,N,10029.54028,E,5,12,0.99,-6.6,M,-27.8,M,1.0,0499*61
1780409285.307,$GNGSA,A,3,10,25,26,28,31,32,,,,,,,1.94,0.99,1.67,1*06
1780409285.307,$GNGSA,A,3,79,78,66,77,67,,,,,,,,1.94,0.99,1.67,2*0E
1780409285.308,$GNGSA,A,3,25,36,05,06,09,16,31,34,,,,,1.94,0.99,1.67,3*05
1780409285.308,$GNGSA,A,3,06,07,33,09,10,23,25,24,,,,,1.94,0.99,1.67,4*01
1780409285.309,$GPGSV,2,1,08,10,54,147,30,25,20,043,37,26,60,193,46,28,46,356,44,1*6B
1780409285.309,$GPGSV,2,2,08,31,51,308,46,32,42,037,45,42,70,217,46,50,56,115,40,1*61
1780409285.310,$GPGSV,2,1,06,10,54,147,25,25,20,043,38,26,60,193,46,28,46,356,44,6*69
1780409285.311,$GPGSV,2,2,06,31,51,308,45,32,42,037,45,6*6B
1780409285.311,$GPGSV,3,1,09,01,11,293,,02,17,266,,03,01,326,,16,28,197,,0*66
1780409285.312,$GPGSV,3,2,09,16,28,197,,23,17,148,,27,02,202,,29,05,096,,0*63
1780409285.312,$GPGSV,3,3,09,29,05,096,,0*5D
1780409285.313,$GLGSV,2,1,05,66,30,093,43,67,41,020,47,77,37,023,40,78,79,231,49,1*78
1780409285.313,$GLGSV,2,2,05,79,25,210,22,1*47
1780409285.314,$GLGSV,2,1,05,66,30,093,45,67,41,020,48,68,11,335,37,78,79,231,49,3*7D
1780409285.315,$GLGSV,2,2,05,79,25,210,18,3*4C
1780409285.315,$GLGSV,1,1,03,81,03,196,,82,09,239,,83,01,287,,0*42
1780409285.316,$GAGSV,2,1,08,05,36,345,45,06,19,073,37,09,32,050,41,16,60,103,48,2*77
1780409285.317,$GAGSV,2,2,08,25,41,183,39,31,20,047,36,34,29,280,20,36,36,218,31,2*77
1780409285.318,$GAGSV,2,1,07,05,36,345,41,06,19,073,32,09,32,050,37,16,60,103,46,7*73
1780409285.318,$GAGSV,2,2,07,25,41,183,34,31,20,047,29,34,29,280,18,7*4C
1780409285.319,$GAGSV,1,1,03,03,07,301,,04,02,090,,11,12,171,,0*4A
1780409285.320,$GBGSV,2,1,08,06,65,134,49,07,51,006,45,09,83,030,47,10,59,351,46,1*7D
1780409285.321,$GBGSV,2,2,08,23,42,231,29,24,23,034,41,25,77,337,49,33,60,057,49,1*73
1780409285.321,$GBGSV,1,1,02,09,83,030,49,10,59,351,49,3*7D
1780409285.322,$GBGSV,2,1,08,01,42,107,,02,63,242,,03,71,140,,04,22,097,,0*74
1780409285.323,$GBGSV,2,2,08,04,22,097,,08,16,156,,13,10,201,,14,02,127,,0*7B
1780409285.323,$GNGLL,1338.99750,N,10029.54028,E,140805.00,A,D*70
1780409286.304,$GNRMC,140806.00,A,1338.99740,N,10029.54047,E,0.704,117.94,020626,0.53,W,F,V*42
1780409286.306,$GNVTG,117.94,T,118.47,M,0.704,N,1.304,K,D*3C
1780409286.307,$GNGGA,140806.00,1338.99740,N,10029.54047,E,5,12,0.99,-6.5,M,-27.8,M,1.0,0499*69
1780409286.308,$GNGSA,A,3,10,25,26,28,31,32,,,,,,,1.94,0.99,1.67,1*06
1780409286.308,$GNGSA,A,3,79,78,66,77,67,,,,,,,,1.94,0.99,1.67,2*0E
1780409286.309,$GNGSA,A,3,25,36,05,06,09,16,31,34,,,,,1.94,0.99,1.67,3*05
1780409286.309,$GNGSA,A,3,06,07,33,09,10,23,25,24,,,,,1.94,0.99,1.67,4*01
1780409286.310,$GPGSV,2,1,08,10,54,147,22,25,20,043,37,26,60,193,47,28,46,356,43,1*6E
1780409286.311,$GPGSV,2,2,08,31,51,308,46,32,42,037,46,42,70,217,47,50,56,115,43,1*60
1780409286.311,$GPGSV,2,1,06,10,54,147,26,25,20,043,38,26,60,193,44,28,46,356,47,6*6B
1780409286.312,$GPGSV,2,2,06,31,51,308,46,32,42,037,45,6*68
1780409286.312,$GPGSV,3,1,09,01,11,293,,02,17,266,,03,01,326,,16,28,197,,0*66
1780409286.313,$GPGSV,3,2,09,16,28,197,,23,17,148,,27,02,202,,29,05,096,,0*63
1780409286.313,$GPGSV,3,3,09,29,05,096,,0*5D
1780409286.314,$GLGSV,2,1,05,66,30,093,46,67,41,020,46,77,37,023,41,78,79,231,48,1*7C
1780409286.314,$GLGSV,2,2,05,79,25,210,21,1*44
1780409286.315,$GLGSV,2,1,05,66,30,093,46,67,41,020,47,68,11,335,31,78,79,231,49,3*77
1780409286.316,$GLGSV,2,2,05,79,25,210,23,3*44
1780409286.316,$GLGSV,1,1,03,81,03,196,,82,09,239,,83,01,287,,0*42
1780409286.317,$GAGSV,2,1,08,05,36,345,41,06,19,073,37,09,32,050,40,16,60,103,49,2*73
1780409286.317,$GAGSV,2,2,08,25,41,183,39,31,20,047,38,34,29,280,21,36,36,218,30,2*79
1780409286.318,$GAGSV,2,1,07,05,36,345,39,06,19,073,28,09,32,050,39,16,60,103,41,7*7E
1780409286.319,$GAGSV,2,2,07,25,41,183,28,31,20,047,33,34,29,280,19,7*4B
1780409286.319,$GAGSV,1,1,03,03,07,301,,04,02,090,,11,12,171,,0*4A
1780409286.320,$GBGSV,2,1,08,06,65,134,49,07,51,006,45,09,83,030,48,10,59,351,44,1*70
1780409286.321,$GBGSV,2,2,08,23,42,231,22,24,23,034,40,25,77,337,48,33,60,057,50,1*70
1780409286.321,$GBGSV,1,1,02,09,83,030,49,10,59,351,47,3*73
1780409286.322,$GBGSV,2,1,08,01,42,107,,02,63,242,,03,71,140,,04,22,097,,0*74
1780409286.322,$GBGSV,2,2,08,04,22,097,,08,16,156,,13,10,201,,14,02,127,,0*7B
1780409286.323,$GNGLL,1338.99740,N,10029.54047,E,140806.00,A,D*7B
1780409287.304,$GNRMC,140807.00,A,1338.99731,N,10029.54064,E,0.681,115.83,020626,0.53,W,F,V*4C
1780409287.306,$GNVTG,115.83,T,116.35,M,0.681,N,1.260,K,D*3C
1780409287.307,$GNGGA,140807.00,1338.99731,N,10029.54064,E,5,12,0.84,-6.5,M,-27.8,M,1.0,0499*63
1780409287.307,$GNGSA,A,3,10,25,26,28,31,32,,,,,,,1.68,0.84,1.46,1*0A
1780409287.308,$GNGSA,A,3,79,78,66,77,67,,,,,,,,1.68,0.84,1.46,2*02
1780409287.308,$GNGSA,A,3,25,36,05,06,09,16,31,34,,,,,1.68,0.84,1.46,3*09
1780409287.309,$GNGSA,A,3,06,07,33,09,10,23,25,24,,,,,1.68,0.84,1.46,4*0D
1780409287.309,$GPGSV,2,1,08,10,54,147,29,25,20,043,34,26,60,193,48,28,46,356,43,1*69
1780409287.310,$GPGSV,2,2,08,31,51,308,45,32,42,037,47,42,70,217,47,50,56,115,41,1*60
1780409287.311,$GPGSV,2,1,06,10,54,147,25,25,20,043,31,26,60,193,47,28,46,356,46,6*63
1780409287.311,$GPGSV,2,2,06,31,51,308,43,32,42,037,44,6*6C
1780409287.312,$GPGSV,3,1,09,01,11,293,,02,17,266,,03,01,326,,16,28,197,,0*66
1780409287.313,$GPGSV,3,2,09,16,28,197,,23,17,148,,27,02,202,,29,05,096,,0*63
1780409287.313,$GPGSV,3,3,09,29,05,096,,0*5D
1780409287.314,$GLGSV,2,1,05,66,30,094,48,67,41,020,45,77,37,023,40,78,79,231,49,1*76
1780409287.314,$GLGSV,2,2,05,79,25,210,20,1*45
1780409287.315,$GLGSV,2,1,05,66,30,094,46,67,41,020,49,68,11,335,31,78,79,231,48,3*7F
1780409287.315,$GLGSV,2,2,05,79,25,210,23,3*44
1780409287.316,$GLGSV,1,1,03,81,03,196,,82,09,239,,83,01,287,,0*42
1780409287.316,$GAGSV,2,1,08,05,36,345,44,06,19,073,38,09,32,050,44,16,60,103,53,2*76
1780409287.317,$GAGSV,2,2,08,25,41,183,37,31,20,047,36,34,29,280,21,36,36,218,23,2*7B
1780409287.318,$GAGSV,2,1,07,05,36,345,37,06,19,073,33,09,32,050,36,16,60,103,48,7*7C
1780409287.318,$GAGSV,2,2,07,25,41,183,26,31,20,047,31,34,29,280,19,7*47
1780409287.319,$GAGSV,1,1,03,03,07,301,,04,02,090,,11,12,171,,0*4A
1780409287.319,$GBGSV,2,1,08,06,65,134,47,07,51,006,44,09,83,030,47,10,59,351,46,1*72
1780409287.320,$GBGSV,2,2,08,23,42,231,26,24,23,034,43,25,77,337,50,33,60,057,49,1*76
1780409287.320,$GBGSV,1,1,02,09,83,030,49,10,59,351,50,3*75
1780409287.321,$GBGSV,2,1,08,01,42,107,,02,63,242,,03,71,140,,04,22,097,,0*74
1780409287.321,$GBGSV,2,2,08,04,22,097,,08,16,156,,13,10,201,,14,02,127,,0*7B
1780409287.322,$GNGLL,1338.99731,N,10029.54064,E,140807.00,A,D*7D
1780409288.302,$GNRMC,140808.00,A,1338.99721,N,10029.54082,E,0.821,116.39,020626,0.53,W,F,V*4C
1780409288.304,$GNVTG,116.39,T,116.92,M,0.821,N,1.520,K,D*34
1780409288.305,$GNGGA,140808.00,1338.99721,N,10029.54082,E,5,12,0.84,-6.5,M,-27.8,M,1.0,0499*65
1780409288.306,$GNGSA,A,3,10,25,26,28,31,32,,,,,,,1.68,0.84,1.46,1*0A
1780409288.306,$GNGSA,A,3,79,78,66,77,67,,,,,,,,1.68,0.84,1.46,2*02
1780409288.307,$GNGSA,A,3,25,36,05,06,09,16,31,34,,,,,1.68,0.84,1.46,3*09
1780409288.307,$GNGSA,A,3,06,07,33,09,10,23,25,24,,,,,1.68,0.84,1.46,4*0D
1780409288.308,$GPGSV,2,1,08,10,54,147,31,25,20,043,29,26,60,193,46,28,46,356,43,1*62
1780409288.309,$GPGSV,2,2,08,31,51,308,45,32,42,037,46,42,70,217,47,50,56,115,41,1*61
1780409288.309,$GPGSV,2,1,06,10,54,147,24,25,20,043,34,26,60,193,47,28,46,356,45,6*64
1780409288.310,$GPGSV,2,2,06,31,51,308,43,32,42,037,44,6*6C
1780409288.310,$GPGSV,3,1,09,01,11,293,,02,17,266,,03,01,326,,16,28,197,,0*66
1780409288.311,$GPGSV,3,2,09,16,28,197,,23,17,148,,27,02,202,,29,05,096,,0*63
1780409288.311,$GPGSV,3,3,09,29,05,096,,0*5D
1780409288.312,$GLGSV,2,1,05,66,30,094,44,67,41,021,47,77,37,023,41,78,79,231,48,1*79
1780409288.313,$GLGSV,2,2,05,79,25,210,20,1*45
1780409288.313,$GLGSV,2,1,05,66,30,094,44,67,41,021,45,68,11,335,37,78,79,231,49,3*77
1780409288.314,$GLGSV,2,2,05,79,25,210,30,3*46
1780409288.314,$GLGSV,1,1,03,81,03,196,,82,09,239,,83,01,287,,0*42
1780409288.315,$GAGSV,2,1,08,05,36,345,42,06,19,073,38,09,32,050,43,16,60,103,52,2*76
1780409288.315,$GAGSV,2,2,08,25,41,183,36,31,20,047,40,34,29,280,21,36,36,218,24,2*7C
1780409288.316,$GAGSV,2,1,06,05,36,345,35,06,19,073,36,09,32,050,37,16,60,103,46,7*75
1780409288.317,$GAGSV,2,2,06,31,20,047,31,34,29,280,20,7*70
1780409288.317,$GAGSV,1,1,03,03,07,301,,04,02,090,,11,12,171,,0*4A
1780409288.318,$GBGSV,2,1,08,06,65,134,47,07,51,006,45,09,83,030,47,10,59,351,46,1*73
1780409288.318,$GBGSV,2,2,08,23,42,231,31,24,23,034,40,25,77,337,50,33,60,057,48,1*72
1780409288.319,$GBGSV,1,1,02,09,83,030,49,10,59,351,48,3*7C
1780409288.320,$GBGSV,2,1,08,01,42,107,,02,63,242,,03,71,140,,04,22,097,,0*74
1780409288.320,$GBGSV,2,2,08,04,22,097,,08,16,156,,13,10,201,,14,02,127,,0*7B
1780409288.321,$GNGLL,1338.99721,N,10029.54082,E,140808.00,A,D*7B
1780409289.307,$GNRMC,140809.00,A,1338.99711,N,10029.54105,E,0.807,115.37,020626,0.53,W,F,V*49
1780409289.310,$GNVTG,115.37,T,115.90,M,0.807,N,1.495,K,D*33
1780409289.311,$GNGGA,140809.00,1338.99711,N,10029.54105,E,5,12,0.84,-6.5,M,-27.8,M,1.0,0499*69
1780409289.312,$GNGSA,A,3,10,25,26,28,31,32,,,,,,,1.68,0.84,1.46,1*0A
1780409289.312,$GNGSA,A,3,79,78,66,77,67,68,,,,,,,1.68,0.84,1.46,2*0C
1780409289.313,$GNGSA,A,3,25,36,05,06,09,16,31,34,,,,,1.68,0.84,1.46,3*09
1780409289.313,$GNGSA,A,3,06,07,33,09,10,23,25,24,,,,,1.68,0.84,1.46,4*0D
1780409289.314,$GPGSV,2,1,08,10,54,147,25,25,20,043,36,26,60,193,46,28,46,356,44,1*6E
1780409289.315,$GPGSV,2,2,08,31,51,308,45,32,42,037,41,42,70,217,45,50,56,115,43,1*66
1780409289.315,$GPGSV,2,1,06,10,54,147,26,25,20,043,34,26,60,193,45,28,46,356,44,6*65
1780409289.316,$GPGSV,2,2,06,31,51,308,41,32,42,037,44,6*6E
1780409289.316,$GPGSV,3,1,09,01,11,293,,02,17,266,,03,01,326,,16,28,197,,0*66
1780409289.317,$GPGSV,3,2,09,16,28,197,,23,17,148,,27,02,202,,29,05,096,,0*63
1780409289.317,$GPGSV,3,3,09,29,05,096,,0*5D
1780409289.318,$GLGSV,2,1,05,66,30,094,44,67,41,021,46,77,37,023,39,78,79,231,49,1*76
1780409289.319,$GLGSV,2,2,05,79,25,210,22,1*47
1780409289.319,$GLGSV,2,1,05,66,30,094,45,67,41,021,48,68,11,336,35,78,79,231,49,3*7A
1780409289.320,$GLGSV,2,2,05,79,25,210,23,3*44
1780409289.320,$GLGSV,1,1,03,81,03,196,,82,09,239,,83,01,287,,0*42
1780409289.321,$GAGSV,2,1,08,05,36,345,46,06,19,073,37,09,32,050,47,16,60,103,48,2*72
1780409289.321,$GAGSV,2,2,08,25,41,183,34,31,20,047,31,34,29,280,23,36,36,218,22,2*7C
1780409289.322,$GAGSV,2,1,06,05,36,345,37,06,19,073,33,09,32,050,39,16,60,103,45,7*7F
1780409289.323,$GAGSV,2,2,06,31,20,047,30,34,29,280,19,7*7B
1780409289.323,$GAGSV,1,1,03,03,07,301,,04,02,090,,11,12,171,,0*4A
1780409289.324,$GBGSV,2,1,08,06,65,134,48,07,51,006,46,09,83,030,47,10,59,351,45,1*7C
1780409289.324,$GBGSV,2,2,08,23,42,231,31,24,23,034,36,25,77,337,50,33,60,057,50,1*7A
1780409289.325,$GBGSV,1,1,02,09,83,030,50,10,59,351,46,3*7A
1780409289.326,$GBGSV,2,1,08,01,42,107,,02,63,242,,03,71,140,,04,22,097,,0*74
1780409289.326,$GBGSV,2,2,08,04,22,097,,08,16,156,,13,10,201,,14,02,127,,0*7B
1780409289.327,$GNGLL,1338.99711,N,10029.54105,E,140809.00,A,D*77
1780409290.306,$GNRMC,140810.00,A,1338.99701,N,10029.54127,E,0.903,113.84,020626,0.53,W,F,V*4B
1780409290.308,$GNVTG,113.84,T,114.37,M,0.903,N,1.672,K,D*3F
1780409290.309,$GNGGA,140810.00,1338.99701,N,10029.54127,E,5,12,0.76,-6.4,M,-27.8,M,1.0,0499*6C
1780409290.310,$GNGSA,A,3,10,25,26,28,31,32,,,,,,,1.43,0.76,1.21,1*0F
1780409290.310,$GNGSA,A,3,79,78,66,77,67,68,,,,,,,1.43,0.76,1.21,2*09
1780409290.311,$GNGSA,A,3,25,36,05,06,09,16,31,34,,,,,1.43,0.76,1.21,3*0C
1780409290.311,$GNGSA,A,3,06,07,33,09,10,23,25,24,,,,,1.43,0.76,1.21,4*08
1780409290.312,$GPGSV,2,1,08,10,54,147,31,25,20,043,32,26,60,193,45,28,46,356,42,1*6A
1780409290.312,$GPGSV,2,2,08,31,51,308,47,32,42,037,41,42,70,217,47,50,56,115,42,1*67
1780409290.313,$GPGSV,2,1,06,10,54,147,25,25,20,043,29,26,60,193,43,28,46,356,46,6*6E
1780409290.314,$GPGSV,2,2,06,31,51,308,42,32,42,037,43,6*6A
1780409290.314,$GPGSV,3,1,09,01,11,293,,02,17,266,,03,01,326,,16,28,197,,0*66
1780409290.315,$GPGSV,3,2,09,16,28,197,,23,17,148,,27,02,202,,29,05,096,,0*63
1780409290.315,$GPGSV,3,3,09,29,05,096,,0*5D
1780409290.316,$GLGSV,2,1,05,66,30,094,45,67,41,021,47,77,37,023,40,78,79,231,48,1*79
1780409290.316,$GLGSV,2,2,05,79,25,210,24,1*41
1780409290.317,$GLGSV,2,1,05,66,30,094,46,67,41,021,46,68,11,336,33,78,79,231,48,3*70
1780409290.318,$GLGSV,2,2,05,79,25,210,23,3*44
1780409290.318,$GLGSV,1,1,03,81,03,196,,82,09,239,,83,01,287,,0*42
1780409290.319,$GAGSV,2,1,08,05,36,345,46,06,19,073,39,09,32,050,47,16,60,103,52,2*77
1780409290.319,$GAGSV,2,2,08,25,41,183,33,31,20,047,37,34,29,280,21,36,36,218,21,2*7C
1780409290.320,$GAGSV,2,1,06,05,36,345,38,06,19,073,38,09,32,050,41,16,60,103,47,7*76
1780409290.321,$GAGSV,2,2,06,31,20,047,33,34,29,280,19,7*78
1780409290.321,$GAGSV,1,1,03,03,07,301,,04,02,090,,11,12,171,,0*4A
1780409290.322,$GBGSV,2,1,08,06,65,134,48,07,51,006,45,09,83,030,48,10,59,351,46,1*73
1780409290.322,$GBGSV,2,2,08,23,42,231,34,24,23,034,39,25,77,337,49,33,60,057,49,1*70
1780409290.323,$GBGSV,1,1,02,09,83,030,50,10,59,351,49,3*75
1780409290.324,$GBGSV,2,1,08,01,42,107,,02,63,242,,03,71,140,,04,22,097,,0*74
1780409290.324,$GBGSV,2,2,08,04,22,097,,08,16,156,,13,10,201,,14,02,127,,0*7B
1780409290.325,$GNGLL,1338.99701,N,10029.54127,E,140810.00,A,D*7E
1780409291.307,$GNRMC,140811.00,A,1338.99690,N,10029.54148,E,0.846,109.88,020626,0.53,W,F,V*4D
1780409291.309,$GNVTG,109.88,T,110.41,M,0.846,N,1.566,K,D*3B
1780409291.310,$GNGGA,140811.00,1338.99690,N,10029.54148,E,5,12,0.76,-6.5,M,-27.8,M,1.0,0499*6C
1780409291.310,$GNGSA,A,3,10,25,26,28,31,32,,,,,,,1.43,0.76,1.21,1*0F
1780409291.311,$GNGSA,A,3,79,78,66,77,67,68,,,,,,,1.43,0.76,1.21,2*09
1780409291.311,$GNGSA,A,3,25,36,05,06,09,16,31,,,,,,1.43,0.76,1.21,3*0B
1780409291.312,$GNGSA,A,3,06,07,33,09,10,23,25,24,,,,,1.43,0.76,1.21,4*08
1780409291.312,$GPGSV,3,1,09,10,54,147,30,25,20,043,32,26,60,193,43,28,46,356,43,1*6C
1780409291.313,$GPGSV,3,2,09,31,51,308,46,32,42,037,43,39,45,252,28,42,70,217,46,1*64
1780409291.313,$GPGSV,3,3,09,50,56,115,41,1*5B
1780409291.314,$GPGSV,2,1,06,10,54,147,32,25,20,043,29,26,60,193,41,28,46,356,46,6*6A
1780409291.315,$GPGSV,2,2,06,31,51,308,44,32,42,037,41,6*6E
1780409291.315,$GPGSV,3,1,09,01,11,293,,02,17,266,,03,01,326,,16,28,197,,0*66
1780409291.316,$GPGSV,3,2,09,16,28,197,,23,17,148,,27,02,202,,29,05,096,,0*63
1780409291.316,$GPGSV,3,3,09,29,05,096,,0*5D
1780409291.317,$GLGSV,2,1,05,66,30,094,47,67,41,021,48,77,37,023,39,78,79,231,48,1*7A
1780409291.317,$GLGSV,2,2,05,79,25,210,25,1*40
1780409291.318,$GLGSV,2,1,05,66,30,094,47,67,41,021,48,68,11,336,36,78,79,231,48,3*7A
1780409291.318,$GLGSV,2,2,05,79,25,210,22,3*45
1780409291.319,$GLGSV,1,1,03,81,03,196,,82,09,239,,83,01,287,,0*42
1780409291.320,$GAGSV,2,1,08,05,36,345,44,06,19,073,42,09,32,050,49,16,60,103,50,2*75
1780409291.320,$GAGSV,2,2,08,25,41,183,32,31,20,047,41,34,29,280,19,36,36,218,23,2*75
1780409291.321,$GAGSV,2,1,06,05,36,345,40,06,19,073,33,09,32,050,40,16,60,103,47,7*73
1780409291.321,$GAGSV,2,2,06,31,20,047,35,34,29,280,19,7*7E
1780409291.322,$GAGSV,1,1,03,03,07,301,,04,02,090,,11,12,171,,0*4A
1780409291.323,$GBGSV,2,1,08,06,65,134,49,07,51,006,46,09,83,030,46,10,59,351,44,1*7D
1780409291.323,$GBGSV,2,2,08,23,42,231,31,24,23,034,42,25,77,337,50,33,60,057,49,1*71
1780409291.324,$GBGSV,1,1,02,09,83,030,49,10,59,351,48,3*7C
1780409291.324,$GBGSV,2,1,08,01,42,107,,02,63,242,,03,71,140,,04,22,097,,0*74
1780409291.325,$GBGSV,2,2,08,04,22,097,,08,16,156,,13,10,201,,14,02,127,,0*7B
1780409291.326,$GNGLL,1338.99690,N,10029.54148,E,140811.00,A,D*7F
1780409292.309,$GNRMC,140812.00,A,1338.99680,N,10029.54171,E,0.860,113.08,020626,0.53,W,F,V*42
1780409292.311,$GNVTG,113.08,T,113.61,M,0.860,N,1.593,K,D*37
1780409292.312,$GNGGA,140812.00,1338.99680,N,10029.54171,E,5,12,0.76,-6.6,M,-27.8,M,1.0,0499*67
1780409292.313,$GNGSA,A,3,10,25,26,28,31,32,,,,,,,1.43,0.76,1.21,1*0F
1780409292.313,$GNGSA,A,3,79,78,66,77,67,68,,,,,,,1.43,0.76,1.21,2*09
1780409292.314,$GNGSA,A,3,25,36,05,06,09,16,31,34,,,,,1.43,0.76,1.21,3*0C
1780409292.314,$GNGSA,A,3,06,07,33,09,10,23,25,24,,,,,1.43,0.76,1.21,4*08
1780409292.315,$GPGSV,3,1,09,10,54,147,26,25,20,043,32,26,60,193,41,28,46,356,43,1*69
1780409292.316,$GPGSV,3,2,09,31,51,308,45,32,42,037,44,39,45,252,28,42,70,217,46,1*60
1780409292.316,$GPGSV,3,3,09,50,56,115,41,1*5B
1780409292.317,$GPGSV,2,1,06,10,54,147,36,25,20,043,28,26,60,193,42,28,46,356,45,6*6F
1780409292.317,$GPGSV,2,2,06,31,51,308,42,32,42,037,41,6*68
1780409292.318,$GPGSV,3,1,09,01,11,293,,02,17,266,,03,01,326,,16,28,197,,0*66
1780409292.319,$GPGSV,3,2,09,16,28,197,,23,17,148,,27,02,202,,29,05,096,,0*63
1780409292.319,$GPGSV,3,3,09,29,05,096,,0*5D
1780409292.320,$GLGSV,2,1,05,66,30,094,45,67,41,021,48,77,37,023,40,78,79,231,49,1*77
1780409292.320,$GLGSV,2,2,05,79,25,210,29,1*4C
1780409292.321,$GLGSV,2,1,05,66,30,094,46,67,41,021,46,68,11,336,29,78,79,231,48,3*7B
1780409292.321,$GLGSV,2,2,05,79,25,210,21,3*46
1780409292.322,$GLGSV,1,1,03,81,03,196,,82,09,239,,83,01,287,,0*42
1780409292.322,$GAGSV,2,1,08,05,36,345,43,06,19,073,45,09,32,050,42,16,60,103,50,2*7E
1780409292.323,$GAGSV,2,2,08,25,41,183,24,31,20,047,43,34,29,280,28,36,36,218,33,2*73
1780409292.324,$GAGSV,2,1,06,05,36,345,40,06,19,073,31,09,32,050,37,16,60,103,47,7*71
1780409292.324,$GAGSV,2,2,06,31,20,047,34,34,29,280,17,7*71
1780409292.325,$GAGSV,1,1,03,03,07,301,,04,02,090,,11,12,171,,0*4A
1780409292.325,$GBGSV,2,1,08,06,65,134,49,07,51,006,46,09,83,030,47,10,59,351,44,1*7C
1780409292.326,$GBGSV,2,2,08,23,42,231,24,24,23,034,43,25,77,337,49,33,60,057,50,1*74
1780409292.327,$GBGSV,1,1,02,09,83,030,49,10,59,351,47,3*73
1780409292.327,$GBGSV,2,1,08,01,42,107,,02,63,242,,03,71,140,,04,22,097,,0*74
1780409292.328,$GBGSV,2,2,08,04,22,097,,08,16,156,,13,10,201,,14,02,127,,0*7B
1780409292.328,$GNGLL,1338.99680,N,10029.54171,E,140812.00,A,D*77
1780409293.302,$GNRMC,140813.00,A,1338.99672,N,10029.54194,E,0.855,109.45,020626,0.53,W,F,V*41
1780409293.304,$GNVTG,109.45,T,109.98,M,0.855,N,1.584,K,D*38
1780409293.305,$GNGGA,140813.00,1338.99672,N,10029.54194,E,5,12,0.76,-6.6,M,-27.8,M,1.0,0499*60
1780409293.306,$GNGSA,A,3,10,25,26,28,31,32,,,,,,,1.43,0.76,1.21,1*0F
1780409293.306,$GNGSA,A,3,79,78,66,77,67,68,,,,,,,1.43,0.76,1.21,2*09
1780409293.307,$GNGSA,A,3,25,36,05,06,09,16,31,,,,,,1.43,0.76,1.21,3*0B
1780409293.307,$GNGSA,A,3,06,07,33,09,10,23,25,24,,,,,1.43,0.76,1.21,4*08
1780409293.308,$GPGSV,2,1,08,10,54,147,35,25,20,043,32,26,60,193,37,28,46,356,42,1*6B
1780409293.309,$GPGSV,2,2,08,31,51,308,47,32,42,037,43,42,70,217,46,50,56,115,41,1*67
1780409293.309,$GPGSV,1,1,01,23,17,148,19,5*53
1780409293.310,$GPGSV,2,1,06,10,54,147,36,25,20,043,36,26,60,193,40,28,46,356,45,6*62
1780409293.311,$GPGSV,2,2,06,31,51,308,45,32,42,037,40,6*6E
1780409293.312,$GPGSV,2,1,08,01,11,293,,02,17,266,,03,01,326,,16,28,197,,0*66
1780409293.313,$GPGSV,2,2,08,16,28,197,,27,02,202,,29,05,096,,40,37,260,,0*6D
1780409293.313,$GLGSV,2,1,05,66,30,094,44,67,41,021,47,77,37,023,41,78,79,231,48,1*79
1780409293.314,$GLGSV,2,2,05,79,25,210,19,1*4F
1780409293.315,$GLGSV,2,1,05,66,30,094,45,67,41,021,47,68,11,336,28,78,79,231,50,3*71
1780409293.315,$GLGSV,2,2,05,79,25,210,21,3*46
1780409293.316,$GLGSV,1,1,03,81,03,196,,82,09,239,,83,01,287,,0*42
1780409293.317,$GAGSV,2,1,08,05,36,345,46,06,19,073,38,09,32,050,39,16,60,103,52,2*7F
1780409293.318,$GAGSV,2,2,08,25,41,183,23,31,20,047,45,34,29,280,18,36,36,218,20,2*73
1780409293.319,$GAGSV,2,1,06,05,36,345,41,06,19,073,26,09,32,050,38,16,60,103,47,7*79
1780409293.319,$GAGSV,2,2,06,31,20,047,25,34,29,280,16,7*70
1780409293.320,$GAGSV,1,1,03,03,07,301,,04,02,090,,11,12,171,,0*4A
1780409293.321,$GBGSV,2,1,08,06,65,134,49,07,51,006,45,09,83,030,47,10,59,351,46,1*7D
1780409293.322,$GBGSV,2,2,08,23,42,231,34,24,23,034,39,25,77,337,49,33,60,057,49,1*70
1780409293.323,$GBGSV,1,1,02,09,83,030,48,10,59,351,48,3*7D
1780409293.323,$GBGSV,2,1,08,01,42,107,,02,63,242,,03,71,140,,04,22,097,,0*74
1780409293.324,$GBGSV,2,2,08,04,22,097,,08,16,156,,13,10,201,,14,02,127,,0*7B
1780409293.325,$GNGLL,1338.99672,N,10029.54194,E,140813.00,A,D*70
1780409294.309,$GNRMC,140814.00,A,1338.99664,N,10029.54216,E,0.804,104.39,020626,0.53,W,F,V*4A
1780409294.311,$GNVTG,104.39,T,104.92,M,0.804,N,1.490,K,D*39
1780409294.312,$GNGGA,140814.00,1338.99664,N,10029.54216,E,5,12,0.76,-6.5,M,-27.8,M,1.0,0499*6A
1780409294.312,$GNGSA,A,3,10,25,26,28,31,32,,,,,,,1.43,0.76,1.21,1*0F
1780409294.313,$GNGSA,A,3,79,78,66,77,67,68,,,,,,,1.43,0.76,1.21,2*09
1780409294.313,$GNGSA,A,3,25,36,05,06,09,16,31,34,,,,,1.43,0.76,1.21,3*0C
1780409294.314,$GNGSA,A,3,06,07,33,09,10,23,25,24,,,,,1.43,0.76,1.21,4*08
1780409294.314,$GPGSV,2,1,08,10,54,147,38,25,20,043,27,26,60,193,34,28,46,356,42,1*61
1780409294.315,$GPGSV,2,2,08,31,51,308,47,32,42,037,42,42,70,217,47,50,56,115,41,1*67
1780409294.316,$GPGSV,2,1,07,10,54,147,41,23,17,148,17,25,20,043,33,26,60,193,35,6*61
1780409294.316,$GPGSV,2,2,07,28,46,356,45,31,51,308,42,32,42,037,41,6*50
1780409294.317,$GPGSV,2,1,08,01,11,293,,02,17,266,,03,01,326,,16,28,197,,0*66
1780409294.318,$GPGSV,2,2,08,16,28,197,,27,02,202,,29,05,096,,40,37,260,,0*6D
1780409294.318,$GLGSV,2,1,05,66,30,094,44,67,41,021,47,77,37,023,42,78,79,231,49,1*7B
1780409294.319,$GLGSV,2,2,05,79,25,210,20,1*45
1780409294.319,$GLGSV,2,1,05,66,30,094,44,67,41,021,47,68,11,336,36,78,79,231,49,3*77
1780409294.320,$GLGSV,2,2,05,79,25,210,19,3*4D
1780409294.320,$GLGSV,1,1,03,81,03,196,,82,09,239,,83,01,287,,0*42
1780409294.321,$GAGSV,2,1,08,05,36,345,46,06,19,073,38,09,32,050,41,16,60,103,51,2*73
1780409294.322,$GAGSV,2,2,08,25,41,183,22,31,20,047,41,34,29,280,24,36,36,218,28,2*71
1780409294.322,$GAGSV,2,1,06,05,36,345,42,06,19,073,36,09,32,050,36,16,60,103,46,7*74
1780409294.323,$GAGSV,2,2,06,31,20,047,31,34,29,280,16,7*75
1780409294.323,$GAGSV,1,1,03,03,07,301,,04,02,090,,11,12,171,,0*4A
1780409294.324,$GBGSV,2,1,08,06,65,134,49,07,51,006,44,09,83,030,47,10,59,351,44,1*7E
1780409294.325,$GBGSV,2,2,08,23,42,231,34,24,23,034,32,25,77,337,50,33,60,057,50,1*7B
1780409294.325,$GBGSV,1,1,02,09,83,030,49,10,59,351,47,3*73
1780409294.326,$GBGSV,2,1,08,01,42,107,,02,63,242,,03,71,140,,04,22,097,,0*74
1780409294.326,$GBGSV,2,2,08,04,22,097,,08,16,156,,13,10,201,,14,02,127,,0*7B
1780409294.327,$GNGLL,1338.99664,N,10029.54216,E,140814.00,A,D*79
1780409295.303,$GNRMC,140815.00,A,1338.99658,N,10029.54239,E,0.895,106.28,020626,0.53,W,F,V*43
1780409295.305,$GNVTG,106.28,T,106.81,M,0.895,N,1.658,K,D*35
1780409295.306,$GNGGA,140815.00,1338.99658,N,10029.54239,E,5,12,0.84,-6.5,M,-27.8,M,1.0,0499*64
1780409295.306,$GNGSA,A,3,10,25,26,28,31,32,,,,,,,1.68,0.84,1.46,1*0A
1780409295.307,$GNGSA,A,3,79,78,66,77,67,68,,,,,,,1.68,0.84,1.46,2*0C
1780409295.307,$GNGSA,A,3,25,36,05,06,09,16,31,34,,,,,1.68,0.84,1.46,3*09
1780409295.308,$GNGSA,A,3,06,07,33,09,10,23,25,24,,,,,1.68,0.84,1.46,4*0D
1780409295.308,$GPGSV,2,1,08,10,54,147,42,25,20,043,35,26,60,193,37,28,46,356,43,1*6D
1780409295.309,$GPGSV,2,2,08,31,51,308,48,32,42,037,40,42,70,217,47,50,56,115,41,1*6A
1780409295.310,$GPGSV,2,1,07,10,54,147,36,23,17,148,14,25,20,043,35,26,60,193,33,6*62
1780409295.310,$GPGSV,2,2,07,28,46,356,46,31,51,308,47,32,42,037,38,6*58
1780409295.311,$GPGSV,2,1,08,01,11,293,,02,17,266,,03,01,326,,16,28,197,,0*66
1780409295.311,$GPGSV,2,2,08,16,28,197,,27,02,202,,29,05,096,,40,37,260,,0*6D
1780409295.312,$GLGSV,2,1,05,66,30,094,44,67,41,021,48,77,37,023,41,78,79,231,49,1*77
1780409295.312,$GLGSV,2,2,05,79,25,210,21,1*44
1780409295.313,$GLGSV,2,1,05,66,30,094,41,67,41,021,47,68,11,336,35,78,79,231,49,3*71
1780409295.313,$GLGSV,2,2,05,79,25,210,22,3*45
1780409295.314,$GLGSV,1,1,03,81,03,196,,82,09,239,,83,01,287,,0*42
1780409295.315,$GAGSV,2,1,08,05,36,345,47,06,19,073,40,09,32,050,39,16,60,103,51,2*72
1780409295.315,$GAGSV,2,2,08,25,41,183,22,31,20,047,42,34,29,280,22,36,36,218,27,2*7B
1780409295.316,$GAGSV,2,1,06,05,36,345,41,06,19,073,38,09,32,050,36,16,60,103,46,7*79
1780409295.316,$GAGSV,2,2,06,31,20,047,31,34,29,280,17,7*74
1780409295.317,$GAGSV,1,1,03,03,07,301,,04,02,090,,11,12,171,,0*4A
1780409295.317,$GBGSV,2,1,08,06,65,134,48,07,51,006,44,09,83,030,47,10,59,351,45,1*7E
1780409295.318,$GBGSV,2,2,08,23,42,231,29,24,23,034,34,25,77,337,50,33,60,057,48,1*78
1780409295.319,$GBGSV,1,1,02,09,83,030,49,10,59,351,47,3*73
1780409295.319,$GBGSV,2,1,08,01,42,107,,02,63,242,,03,71,140,,04,22,097,,0*74
1780409295.320,$GBGSV,2,2,08,04,22,097,,08,16,156,,13,10,201,,14,02,127,,0*7B
1780409295.320,$GNGLL,1338.99658,N,10029.54239,E,140815.00,A,D*7A
1780409296.310,$GNRMC,140816.00,A,1338.99652,N,10029.54264,E,0.799,104.89,020626,0.53,W,F,V*48
1780409296.312,$GNVTG,104.89,T,105.42,M,0.799,N,1.480,K,D*34
1780409296.313,$GNGGA,140816.00,1338.99652,N,10029.54264,E,5,12,0.84,-6.5,M,-27.8,M,1.0,0499*65
1780409296.314,$GNGSA,A,3,10,25,26,28,31,32,,,,,,,1.68,0.84,1.46,1*0A
1780409296.314,$GNGSA,A,3,79,78,66,77,67,68,,,,,,,1.68,0.84,1.46,2*0C
1780409296.315,$GNGSA,A,3,25,36,05,06,09,16,31,34,,,,,1.68,0.84,1.46,3*09
1780409296.316,$GNGSA,A,3,06,07,33,09,10,23,25,24,,,,,1.68,0.84,1.46,4*0D
1780409296.316,$GPGSV,3,1,09,10,54,147,37,25,20,043,35,26,60,193,31,28,46,356,45,1*6F
1780409296.317,$GPGSV,3,2,09,31,51,308,46,32,42,037,40,39,45,252,28,42,70,217,47,1*66
1780409296.317,$GPGSV,3,3,09,50,56,115,42,1*58
1780409296.318,$GPGSV,2,1,07,10,54,147,40,23,17,148,12,25,20,043,40,26,60,193,30,6*64
1780409296.319,$GPGSV,2,2,07,28,46,356,46,31,51,308,42,32,42,037,38,6*5D
1780409296.319,$GPGSV,2,1,08,01,11,293,,02,17,266,,03,01,326,,16,28,197,,0*66
1780409296.320,$GPGSV,2,2,08,16,28,197,,27,02,202,,29,05,096,,40,37,260,,0*6D
1780409296.321,$GLGSV,2,1,05,66,30,094,44,67,41,021,48,77,37,023,42,78,79,231,48,1*75
1780409296.321,$GLGSV,2,2,05,79,25,210,29,1*4C
1780409296.322,$GLGSV,2,1,05,66,30,094,40,67,41,021,48,68,11,336,40,78,79,231,47,3*73
1780409296.322,$GLGSV,2,2,05,79,25,210,25,3*42
1780409296.323,$GLGSV,1,1,03,81,03,196,,82,09,239,,83,01,287,,0*42
1780409296.323,$GAGSV,2,1,08,05,36,345,48,06,19,073,40,09,32,050,41,16,60,103,51,2*72
1780409296.324,$GAGSV,2,2,08,25,41,183,24,31,20,047,44,34,29,280,22,36,36,218,25,2*79
1780409296.325,$GAGSV,2,1,06,05,36,345,40,06,19,073,33,09,32,050,38,16,60,103,44,7*7F
1780409296.325,$GAGSV,2,2,06,31,20,047,27,34,29,280,18,7*7C
1780409296.326,$GAGSV,1,1,03,03,07,301,,04,02,090,,11,12,171,,0*4A
1780409296.327,$GBGSV,2,1,08,06,65,134,48,07,51,006,45,09,83,030,47,10,59,351,46,1*7C
1780409296.327,$GBGSV,2,2,08,23,42,231,29,24,23,034,30,25,77,337,50,33,60,057,50,1*75
1780409296.328,$GBGSV,1,1,02,09,83,030,50,10,59,351,49,3*75
1780409296.328,$GBGSV,2,1,08,01,42,107,,02,63,242,,03,71,140,,04,22,097,,0*74
1780409296.329,$GBGSV,2,2,08,04,22,097,,08,16,156,,13,10,201,,14,02,127,,0*7B
1780409296.329,$GNGLL,1338.99652,N,10029.54264,E,140816.00,A,D*7B
1780409297.309,$GNRMC,140817.00,A,1338.99647,N,10029.54286,E,0.820,100.41,020626,0.53,W,F,V*4C
1780409297.311,$GNVTG,100.41,T,100.93,M,0.820,N,1.518,K,D*30
1780409297.312,$GNGGA,140817.00,1338.99647,N,10029.54286,E,5,12,0.76,-6.5,M,-27.8,M,1.0,0499*61
1780409297.313,$GNGSA,A,3,10,25,26,28,31,32,,,,,,,1.43,0.76,1.21,1*0F
1780409297.313,$GNGSA,A,3,79,78,66,77,67,68,,,,,,,1.43,0.76,1.21,2*09
1780409297.314,$GNGSA,A,3,25,05,06,09,16,31,,,,,,,1.43,0.76,1.21,3*0E
1780409297.315,$GNGSA,A,3,06,07,33,09,10,23,25,24,,,,,1.43,0.76,1.21,4*08
1780409297.315,$GPGSV,2,1,08,10,54,147,34,25,20,043,36,26,60,193,35,28,46,356,43,1*6D
1780409297.316,$GPGSV,2,2,08,31,51,308,47,32,42,037,40,42,70,217,45,50,56,115,41,1*67
1780409297.317,$GPGSV,2,1,07,10,54,147,38,23,17,148,14,25,20,043,39,26,60,193,37,6*64
1780409297.317,$GPGSV,2,2,07,28,46,356,44,31,51,308,44,32,42,037,38,6*59
1780409297.318,$GPGSV,2,1,08,01,11,293,,02,17,266,,03,01,326,,16,28,197,,0*66
1780409297.319,$GPGSV,2,2,08,16,28,197,,27,02,202,,29,05,096,,40,37,260,,0*6D
1780409297.319,$GLGSV,2,1,05,66,30,094,45,67,41,021,47,77,37,023,40,78,79,231,48,1*79
1780409297.320,$GLGSV,2,2,05,79,25,210,19,1*4F
1780409297.320,$GLGSV,2,1,05,66,30,094,42,67,41,021,46,68,11,336,40,78,79,231,48,3*70
1780409297.321,$GLGSV,2,2,05,79,25,210,24,3*43
1780409297.321,$GLGSV,1,1,03,81,03,196,,82,09,239,,83,01,287,,0*42
1780409297.322,$GAGSV,2,1,08,05,36,345,47,06,19,073,39,09,32,050,42,16,60,103,50,2*71
1780409297.323,$GAGSV,2,2,08,25,41,183,24,31,20,047,40,34,29,280,19,36,36,218,24,2*74
1780409297.323,$GAGSV,2,1,06,05,36,345,41,06,19,073,34,09,32,050,38,16,60,103,46,7*7B
1780409297.324,$GAGSV,2,2,06,31,20,047,35,34,29,280,17,7*70
1780409297.324,$GAGSV,1,1,03,03,07,301,,04,02,090,,11,12,171,,0*4A
1780409297.325,$GBGSV,2,1,08,06,65,134,47,07,51,006,46,09,83,030,47,10,59,351,44,1*72
1780409297.326,$GBGSV,2,2,08,23,42,231,26,24,23,034,39,25,77,337,49,33,60,057,49,1*73
1780409297.326,$GBGSV,1,1,02,09,83,030,50,10,59,351,48,3*74
1780409297.327,$GBGSV,2,1,08,01,42,107,,02,63,242,,03,71,140,,04,22,097,,0*74
1780409297.328,$GBGSV,2,2,08,04,22,097,,08,16,156,,13,10,201,,14,02,127,,0*7B
1780409297.328,$GNGLL,1338.99647,N,10029.54286,E,140817.00,A,D*72
1780409298.307,$GNRMC,140818.00,A,1338.99644,N,10029.54310,E,0.855,96.50,020626,0.53,W,F,V*72
1780409298.309,$GNVTG,96.50,T,97.03,M,0.855,N,1.584,K,D*3F
1780409298.310,$GNGGA,140818.00,1338.99644,N,10029.54310,E,5,12,0.76,-6.5,M,-27.8,M,1.0,0499*63
1780409298.311,$GNGSA,A,3,10,25,26,28,31,32,,,,,,,1.43,0.76,1.21,1*0F
1780409298.311,$GNGSA,A,3,79,78,66,77,67,68,,,,,,,1.43,0.76,1.21,2*09
1780409298.312,$GNGSA,A,3,25,05,06,09,16,31,,,,,,,1.43,0.76,1.21,3*0E
1780409298.312,$GNGSA,A,3,06,07,33,09,10,23,25,24,,,,,1.43,0.76,1.21,4*08
1780409298.313,$GPGSV,3,1,10,10,54,147,38,16,28,197,23,25,20,043,33,26,60,193,35,1*60
1780409298.314,$GPGSV,3,2,10,28,46,356,44,31,51,308,43,32,42,037,43,41,64,233,47,1*64
1780409298.314,$GPGSV,3,3,10,42,70,217,46,50,56,115,43,1*66
1780409298.315,$GPGSV,2,1,07,10,54,147,35,23,17,148,13,25,20,043,33,26,60,193,36,6*65
1780409298.315,$GPGSV,2,2,07,28,46,356,45,31,51,308,45,32,42,037,40,6*56
1780409298.316,$GPGSV,2,1,06,01,11,293,,02,17,266,,03,01,326,,27,02,202,,0*6D
1780409298.317,$GPGSV,2,2,06,27,02,202,,29,05,096,,0*65
1780409298.317,$GLGSV,2,1,05,66,30,094,44,67,41,021,47,77,36,023,36,78,79,231,48,1*78
1780409298.318,$GLGSV,2,2,05,79,25,210,24,1*41
1780409298.318,$GLGSV,2,1,05,66,30,094,43,67,41,021,46,68,11,336,41,78,79,231,48,3*70
1780409298.319,$GLGSV,2,2,05,79,25,210,31,3*47
1780409298.319,$GLGSV,1,1,03,81,03,196,,82,09,239,,83,01,287,,0*42
1780409298.320,$GAGSV,2,1,08,05,36,345,47,06,19,073,41,09,32,050,40,16,60,103,50,2*7C
1780409298.321,$GAGSV,2,2,08,25,41,183,25,31,20,047,42,34,29,280,19,36,36,218,21,2*72
1780409298.321,$GAGSV,2,1,05,05,36,345,43,06,19,073,35,09,32,050,36,16,60,103,47,7*74
1780409298.322,$GAGSV,2,2,05,31,20,047,34,7*42
1780409298.322,$GAGSV,1,1,03,03,07,301,,04,02,090,,11,12,171,,0*4A
1780409298.323,$GBGSV,2,1,08,06,65,134,47,07,51,006,44,09,83,030,46,10,59,351,46,1*73
1780409298.323,$GBGSV,2,2,08,23,42,231,25,24,23,034,36,25,77,337,49,33,60,057,48,1*7E
1780409298.324,$GBGSV,1,1,02,09,83,030,50,10,59,351,48,3*74
1780409298.325,$GBGSV,2,1,08,01,42,107,,02,63,242,,03,71,140,,04,22,097,,0*74
1780409298.325,$GBGSV,2,2,08,04,22,097,,08,16,156,,13,10,201,,14,02,127,,0*7B
1780409298.326,$GNGLL,1338.99644,N,10029.54310,E,140818.00,A,D*70
1780409299.307,$GNRMC,140819.00,A,1338.99640,N,10029.54331,E,0.738,98.36,020626,0.53,W,F,V*7E
1780409299.310,$GNVTG,98.36,T,98.89,M,0.738,N,1.367,K,D*33
1780409299.310,$GNGGA,140819.00,1338.99640,N,10029.54331,E,5,12,0.76,-6.5,M,-27.8,M,1.0,0499*65
1780409299.311,$GNGSA,A,3,10,25,26,28,31,32,,,,,,,1.43,0.76,1.21,1*0F
1780409299.312,$GNGSA,A,3,79,78,66,77,67,68,,,,,,,1.43,0.76,1.21,2*09
1780409299.312,$GNGSA,A,3,25,36,05,06,09,16,31,,,,,,1.43,0.76,1.21,3*0B
1780409299.313,$GNGSA,A,3,06,07,33,09,10,23,25,24,,,,,1.43,0.76,1.21,4*08
1780409299.313,$GPGSV,3,1,09,10,54,147,40,25,20,043,28,26,60,193,37,28,46,356,42,1*62
1780409299.314,$GPGSV,3,2,09,31,51,308,44,32,42,037,44,41,64,233,47,42,70,217,47,1*62
1780409299.314,$GPGSV,3,3,09,50,56,115,42,1*58
1780409299.315,$GPGSV,2,1,07,10,54,147,35,23,17,148,14,25,20,043,33,26,60,193,37,6*63
1780409299.316,$GPGSV,2,2,07,28,46,356,45,31,51,308,44,32,42,037,39,6*59
1780409299.316,$GPGSV,2,1,07,01,11,293,,02,17,266,,03,01,326,,16,28,197,,0*69
1780409299.317,$GPGSV,2,2,07,16,28,197,,27,02,202,,29,05,096,,0*56
1780409299.318,$GLGSV,2,1,05,66,30,094,40,67,41,021,45,77,36,023,42,78,79,236,49,1*7B
1780409299.318,$GLGSV,2,2,05,79,25,210,27,1*42
1780409299.319,$GLGSV,2,1,05,66,30,094,41,67,41,021,44,68,11,336,41,78,79,236,49,3*76
1780409299.319,$GLGSV,2,2,05,79,25,210,29,3*4E
1780409299.320,$GLGSV,1,1,03,81,03,196,,82,09,239,,83,01,287,,0*42
1780409299.320,$GAGSV,2,1,08,05,36,345,47,06,19,073,41,09,32,050,36,16,60,103,51,2*7C
1780409299.321,$GAGSV,2,2,08,25,41,183,24,31,20,047,41,34,29,280,19,36,36,218,24,2*75
1780409299.322,$GAGSV,2,1,06,05,36,345,41,06,19,073,35,09,32,050,27,16,60,103,46,7*74
1780409299.322,$GAGSV,2,2,06,31,20,047,37,34,29,280,22,7*74
1780409299.323,$GAGSV,1,1,03,03,07,301,,04,02,090,,11,12,171,,0*4A
1780409299.323,$GBGSV,2,1,08,06,65,134,48,07,51,006,46,09,83,030,47,10,59,351,44,1*7D
1780409299.324,$GBGSV,2,2,08,23,42,231,24,24,23,034,34,25,77,337,50,33,60,057,49,1*74
1780409299.325,$GBGSV,1,1,02,09,83,030,49,10,59,351,45,3*71
1780409299.325,$GBGSV,2,1,08,01,42,107,,02,63,242,,03,71,140,,04,22,097,,0*74
1780409299.326,$GBGSV,2,2,08,04,22,097,,08,16,156,,13,10,201,,14,02,127,,0*7B
1780409299.327,$GNGLL,1338.99640,N,10029.54331,E,140819.00,A,D*76
1780409300.312,$GNRMC,140820.00,A,1338.99638,N,10029.54353,E,0.798,98.20,020626,0.53,W,F,V*72
1780409300.314,$GNVTG,98.20,T,98.73,M,0.798,N,1.478,K,D*32
1780409300.315,$GNGGA,140820.00,1338.99638,N,10029.54353,E,5,12,0.76,-6.4,M,-27.8,M,1.0,0499*65
1780409300.316,$GNGSA,A,3,10,25,26,28,31,32,,,,,,,1.43,0.76,1.21,1*0F
1780409300.316,$GNGSA,A,3,79,78,66,77,67,68,,,,,,,1.43,0.76,1.21,2*09
1780409300.317,$GNGSA,A,3,25,36,05,06,09,16,31,,,,,,1.43,0.76,1.21,3*0B
1780409300.317,$GNGSA,A,3,06,07,33,09,10,23,25,24,,,,,1.43,0.76,1.21,4*08
1780409300.318,$GPGSV,3,1,09,10,54,147,35,25,20,043,31,26,60,193,34,28,46,356,44,1*6D
1780409300.319,$GPGSV,3,2,09,31,51,308,47,32,42,037,39,41,64,233,47,42,70,217,46,1*6A
1780409300.319,$GPGSV,3,3,09,50,56,115,42,1*58
1780409300.320,$GPGSV,2,1,07,10,54,147,36,23,17,148,15,25,20,043,35,26,60,193,30,6*60
1780409300.320,$GPGSV,2,2,07,28,46,356,44,31,51,308,41,32,42,037,43,6*50
1780409300.321,$GPGSV,2,1,07,01,11,293,,02,17,266,,03,01,326,,16,28,197,,0*69
1780409300.322,$GPGSV,2,2,07,16,28,197,,27,02,202,,29,05,096,,0*56
1780409300.322,$GLGSV,2,1,05,66,30,094,41,67,41,021,47,77,36,023,39,78,79,236,49,1*74
1780409300.323,$GLGSV,2,2,05,79,25,210,26,1*43
1780409300.323,$GLGSV,2,1,05,66,30,094,43,67,41,021,45,68,11,336,35,78,79,236,49,3*76
1780409300.324,$GLGSV,2,2,05,79,25,210,18,3*4C
1780409300.324,$GLGSV,1,1,03,81,03,196,,82,09,239,,83,01,287,,0*42
1780409300.325,$GAGSV,2,1,08,05,36,345,47,06,19,073,40,09,32,050,42,16,60,103,52,2*7D
1780409300.326,$GAGSV,2,2,08,25,41,183,26,31,20,047,38,34,29,280,19,36,36,218,25,2*78
1780409300.326,$GAGSV,2,1,06,05,36,345,43,06,19,073,38,09,32,050,37,16,60,103,48,7*74
1780409300.327,$GAGSV,2,2,06,31,20,047,29,34,29,280,20,7*79
1780409300.328,$GAGSV,1,1,03,03,07,301,,04,02,090,,11,12,171,,0*4A
1780409300.328,$GBGSV,2,1,08,06,65,134,47,07,51,006,44,09,83,030,47,10,59,351,46,1*72
1780409300.329,$GBGSV,2,2,08,23,42,231,25,24,23,034,36,25,77,337,50,33,60,057,47,1*79
1780409300.329,$GBGSV,1,1,02,09,83,030,49,10,59,351,48,3*7C
1780409300.330,$GBGSV,2,1,08,01,42,107,,02,63,242,,03,71,140,,04,22,097,,0*74
1780409300.331,$GBGSV,2,2,08,04,22,097,,08,16,156,,13,10,201,,14,02,127,,0*7B
1780409300.331,$GNGLL,1338.99638,N,10029.54353,E,140820.00,A,D*77
1780409301.302,$GNRMC,140821.00,A,1338.99631,N,10029.54374,E,0.833,93.81,020626,0.53,W,F,V*71
1780409301.304,$GNVTG,93.81,T,94.33,M,0.833,N,1.542,K,D*3C
1780409301.305,$GNGGA,140821.00,1338.99631,N,10029.54374,E,5,12,0.76,-6.5,M,-27.8,M,1.0,0499*69
1780409301.306,$GNGSA,A,3,10,25,26,28,31,32,,,,,,,1.43,0.76,1.21,1*0F
1780409301.306,$GNGSA,A,3,79,78,66,77,67,68,,,,,,,1.43,0.76,1.21,2*09
1780409301.307,$GNGSA,A,3,25,05,06,09,16,31,,,,,,,1.43,0.76,1.21,3*0E
1780409301.308,$GNGSA,A,3,06,07,33,09,10,23,25,24,,,,,1.43,0.76,1.21,4*08
1780409301.308,$GPGSV,3,1,10,10,54,147,21,23,17,148,20,25,20,043,30,26,60,193,22,1*66
1780409301.309,$GPGSV,3,2,10,28,46,356,43,31,51,308,44,32,42,037,40,41,64,233,46,1*66
1780409301.309,$GPGSV,3,3,10,42,70,217,47,50,56,115,41,1*65
1780409301.310,$GPGSV,2,1,07,10,54,147,35,23,17,148,15,25,20,043,36,26,60,193,29,6*68
1780409301.311,$GPGSV,2,2,07,28,46,356,45,31,51,308,43,32,42,037,40,6*50
1780409301.311,$GPGSV,2,1,07,01,11,293,,02,17,266,,03,01,326,,16,28,197,,0*69
1780409301.312,$GPGSV,2,2,07,16,28,197,,27,02,202,,29,05,096,,0*56
1780409301.312,$GLGSV,2,1,05,66,30,094,43,67,41,021,47,77,36,023,39,78,79,236,49,1*76
1780409301.313,$GLGSV,2,2,05,79,25,210,27,1*42
1780409301.314,$GLGSV,2,1,05,66,30,094,43,67,41,021,46,68,11,336,40,78,79,236,48,3*76
1780409301.314,$GLGSV,2,2,05,79,25,210,23,3*44
1780409301.314,$GLGSV,1,1,03,81,03,196,,82,09,239,,83,01,287,,0*42
1780409301.315,$GAGSV,2,1,08,05,36,345,48,06,19,073,43,09,32,050,36,16,60,103,51,2*71
1780409301.316,$GAGSV,2,2,08,25,41,183,26,31,20,047,36,34,29,280,18,36,36,218,23,2*71
1780409301.317,$GAGSV,2,1,06,05,36,345,44,06,19,073,35,09,32,050,25,16,60,103,46,7*73
1780409301.317,$GAGSV,2,2,06,31,20,047,33,34,29,280,20,7*72
1780409301.318,$GAGSV,1,1,03,03,07,301,,04,02,090,,11,12,171,,0*4A
1780409301.319,$GBGSV,2,1,08,06,65,134,47,07,51,006,45,09,83,030,48,10,59,351,45,1*7F
1780409301.320,$GBGSV,2,2,08,23,42,231,31,24,23,034,36,25,77,337,49,33,60,057,49,1*7A
1780409301.320,$GBGSV,1,1,02,09,83,030,49,10,59,351,48,3*7C
1780409301.321,$GBGSV,2,1,08,01,42,107,,02,63,242,,03,71,140,,04,22,097,,0*74
1780409301.322,$GBGSV,2,2,08,04,22,097,,08,16,156,,13,10,201,,14,02,127,,0*7B
1780409301.322,$GNGLL,1338.99631,N,10029.54374,E,140821.00,A,D*7A
1780409302.304,$GNRMC,140822.00,A,1338.99627,N,10029.54396,E,0.764,99.13,020626,0.53,W,F,V*75
1780409302.306,$GNVTG,99.13,T,99.66,M,0.764,N,1.414,K,D*3F
1780409302.307,$GNGGA,140822.00,1338.99627,N,10029.54396,E,5,12,0.76,-6.5,M,-27.8,M,1.0,0499*61
1780409302.308,$GNGSA,A,3,10,25,26,28,31,32,,,,,,,1.43,0.76,1.21,1*0F
1780409302.308,$GNGSA,A,3,79,78,66,77,67,68,,,,,,,1.43,0.76,1.21,2*09
1780409302.309,$GNGSA,A,3,25,36,05,06,09,16,31,,,,,,1.43,0.76,1.21,3*0B
1780409302.309,$GNGSA,A,3,06,07,33,09,10,23,25,24,,,,,1.43,0.76,1.21,4*08
1780409302.310,$GPGSV,3,1,11,02,17,266,21,10,54,147,20,23,17,148,16,25,20,043,30,1*6F
1780409302.311,$GPGSV,3,2,11,26,60,193,30,28,46,356,45,31,51,308,44,32,42,037,40,1*6C
1780409302.311,$GPGSV,3,3,11,41,64,233,47,42,70,217,47,50,56,115,41,1*52
1780409302.312,$GPGSV,2,1,07,10,54,147,25,23,17,148,13,25,20,043,36,26,60,193,29,6*6F
1780409302.313,$GPGSV,2,2,07,28,46,356,44,31,51,308,45,32,42,037,36,6*56
1780409302.313,$GPGSV,2,1,06,01,11,293,,03,01,326,,16,28,197,,27,02,202,,0*69
1780409302.314,$GPGSV,2,2,06,27,02,202,,29,05,096,,0*65
1780409302.315,$GLGSV,2,1,06,66,30,094,41,67,41,021,47,68,11,336,42,77,36,023,32,1*79
1780409302.315,$GLGSV,2,2,06,78,79,236,49,79,25,210,25,1*78
1780409302.316,$GLGSV,2,1,05,66,30,094,42,67,41,021,46,68,11,336,41,78,79,236,49,3*77
1780409302.316,$GLGSV,2,2,05,79,25,210,31,3*47
1780409302.317,$GLGSV,1,1,03,81,03,195,,82,09,239,,83,01,287,,0*41
1780409302.317,$GAGSV,2,1,08,05,36,345,46,06,19,073,45,09,32,050,40,16,60,103,49,2*71
1780409302.318,$GAGSV,2,2,08,25,41,183,24,31,20,047,36,34,29,280,17,36,36,218,26,2*79
1780409302.319,$GAGSV,2,1,06,05,36,345,44,06,19,073,38,09,32,050,31,16,60,103,46,7*7B
1780409302.319,$GAGSV,2,2,06,31,20,047,23,34,29,280,19,7*79
1780409302.320,$GAGSV,1,1,03,03,07,301,,04,02,090,,11,12,171,,0*4A
1780409302.321,$GBGSV,2,1,08,06,65,134,46,07,51,006,45,09,83,030,48,10,59,351,44,1*7F
1780409302.321,$GBGSV,2,2,08,23,42,231,30,24,23,034,41,25,77,337,48,33,60,057,48,1*7B
1780409302.322,$GBGSV,1,1,02,09,83,030,49,10,59,351,48,3*7C
1780409302.322,$GBGSV,2,1,08,01,42,107,,02,63,242,,03,71,140,,04,22,097,,0*74
1780409302.323,$GBGSV,2,2,08,04,22,097,,08,16,156,,13,10,201,,14,02,127,,0*7B
1780409302.324,$GNGLL,1338.99627,N,10029.54396,E,140822.00,A,D*72
1780409303.309,$GNRMC,140823.00,A,1338.99623,N,10029.54417,E,0.772,97.05,020626,0.53,W,F,V*70
1780409303.312,$GNVTG,97.05,T,97.58,M,0.772,N,1.429,K,D*3C
1780409303.315,$GNGGA,140823.00,1338.99623,N,10029.54417,E,5,12,0.76,-6.5,M,-27.8,M,1.0,0499*6A
1780409303.316,$GNGSA,A,3,10,25,26,28,31,32,,,,,,,1.43,0.76,1.21,1*0F
1780409303.316,$GNGSA,A,3,79,78,66,77,67,68,,,,,,,1.43,0.76,1.21,2*09
1780409303.317,$GNGSA,A,3,25,36,05,06,09,16,31,,,,,,1.43,0.76,1.21,3*0B
1780409303.317,$GNGSA,A,3,06,07,33,09,10,23,25,24,,,,,1.43,0.76,1.21,4*08
1780409303.318,$GPGSV,3,1,10,10,54,147,30,23,17,148,12,25,20,043,32,26,60,193,33,1*65
1780409303.319,$GPGSV,3,2,10,28,46,356,44,31,51,308,47,32,42,037,40,41,64,233,46,1*62
1780409303.319,$GPGSV,3,3,10,42,70,217,46,50,56,115,42,1*67
1780409303.320,$GPGSV,2,1,07,10,54,147,31,23,17,148,12,25,20,043,37,26,60,193,29,6*6A
1780409303.321,$GPGSV,2,2,07,28,46,356,46,31,51,308,45,32,42,037,39,6*5B
1780409303.321,$GPGSV,2,1,07,01,11,293,,02,17,266,,03,01,326,,16,28,197,,0*69
1780409303.322,$GPGSV,2,2,07,16,28,197,,27,02,202,,29,05,096,,0*56
1780409303.322,$GLGSV,2,1,06,66,30,094,39,67,41,021,44,68,11,336,44,77,36,023,27,1*77
1780409303.323,$GLGSV,2,2,06,78,79,236,48,79,25,210,32,1*7F
1780409303.324,$GLGSV,2,1,05,66,30,094,41,67,41,021,45,68,11,336,41,78,79,236,48,3*76
1780409303.324,$GLGSV,2,2,05,79,25,210,22,3*45
1780409303.325,$GLGSV,1,1,03,81,03,195,,82,08,238,,83,01,287,,0*41
1780409303.325,$GAGSV,2,1,08,05,36,345,46,06,19,073,44,09,32,050,40,16,60,103,50,2*78
1780409303.327,$GAGSV,2,2,08,25,41,183,23,31,20,047,37,34,29,280,18,36,36,218,33,2*74
1780409303.328,$GAGSV,2,1,06,05,36,345,44,06,19,073,38,09,32,050,38,16,60,103,46,7*72
1780409303.328,$GAGSV,2,2,06,31,20,047,30,34,29,280,18,7*7A
1780409303.329,$GAGSV,1,1,03,03,07,301,,04,02,090,,11,12,171,,0*4A
1780409303.329,$GBGSV,2,1,08,06,65,134,48,07,51,006,44,09,83,030,47,10,59,351,45,1*7E
1780409303.330,$GBGSV,2,2,08,23,42,231,34,24,23,034,38,25,77,337,49,33,60,057,50,1*79
1780409303.331,$GBGSV,1,1,02,09,83,030,49,10,59,351,48,3*7C
1780409303.331,$GBGSV,2,1,08,01,42,107,,02,63,242,,03,71,140,,04,22,097,,0*74
1780409303.332,$GBGSV,2,2,08,04,22,097,,08,16,156,,13,10,201,,14,02,127,,0*7B
1780409303.332,$GNGLL,1338.99623,N,10029.54417,E,140823.00,A,D*79
1780409304.305,$GNRMC,140824.00,A,1338.99620,N,10029.54439,E,0.850,93.68,020626,0.53,W,F,V*78
1780409304.307,$GNVTG,93.68,T,94.21,M,0.850,N,1.575,K,D*39
1780409304.308,$GNGGA,140824.00,1338.99620,N,10029.54439,E,5,12,0.76,-6.5,M,-27.8,M,1.0,0499*62
1780409304.309,$GNGSA,A,3,10,25,26,28,31,32,,,,,,,1.43,0.76,1.21,1*0F
1780409304.309,$GNGSA,A,3,79,78,66,77,67,68,,,,,,,1.43,0.76,1.21,2*09
1780409304.310,$GNGSA,A,3,25,36,05,06,09,16,31,,,,,,1.43,0.76,1.21,3*0B
1780409304.310,$GNGSA,A,3,06,07,33,09,10,23,25,24,,,,,1.43,0.76,1.21,4*08
1780409304.311,$GPGSV,3,1,10,10,54,147,31,23,17,148,08,25,20,043,25,26,60,193,34,1*6E
1780409304.312,$GPGSV,3,2,10,28,46,356,43,31,51,308,47,32,42,037,40,41,64,233,46,1*65
1780409304.312,$GPGSV,3,3,10,42,70,217,44,50,56,115,42,1*65
1780409304.313,$GPGSV,2,1,07,10,54,147,31,23,17,148,11,25,20,043,37,26,60,193,29,6*69
1780409304.314,$GPGSV,2,2,07,28,46,356,47,31,51,308,44,32,42,037,37,6*55
1780409304.314,$GPGSV,2,1,07,01,11,293,,02,17,266,,03,01,326,,16,28,197,,0*69
1780409304.315,$GPGSV,2,2,07,16,28,197,,27,02,202,,29,05,096,,0*56
1780409304.315,$GLGSV,2,1,06,66,30,094,42,67,41,021,43,68,11,336,42,77,36,023,32,1*7E
1780409304.316,$GLGSV,2,2,06,78,79,236,48,79,25,210,31,1*7C
1780409304.317,$GLGSV,2,1,05,66,30,094,37,67,41,021,42,68,11,336,41,78,79,236,48,3*70
1780409304.317,$GLGSV,2,2,05,79,25,210,22,3*45
1780409304.318,$GLGSV,1,1,03,81,03,195,,82,08,238,,83,01,286,,0*40
1780409304.318,$GAGSV,2,1,08,05,36,345,48,06,19,073,44,09,32,051,43,16,60,103,52,2*76
1780409304.319,$GAGSV,2,2,08,25,41,183,21,31,20,047,37,34,29,280,18,36,36,218,27,2*73
1780409304.320,$GAGSV,2,1,06,05,36,345,42,06,19,073,39,09,32,051,35,16,60,103,46,7*79
1780409304.320,$GAGSV,2,2,06,31,20,047,31,34,29,280,16,7*75
1780409304.321,$GAGSV,1,1,03,03,07,301,,04,02,090,,11,12,171,,0*4A
1780409304.322,$GBGSV,2,1,08,06,65,134,48,07,51,006,44,09,83,030,47,10,59,351,44,1*7F
1780409304.322,$GBGSV,2,2,08,23,42,231,36,24,23,034,33,25,77,337,49,33,60,057,49,1*78
1780409304.323,$GBGSV,1,1,02,09,83,030,49,10,59,351,48,3*7C
1780409304.323,$GBGSV,2,1,08,01,42,107,,02,63,242,,03,71,140,,04,22,097,,0*74
1780409304.324,$GBGSV,2,2,08,04,22,097,,08,16,156,,13,10,201,,14,02,127,,0*7B
1780409304.324,$GNGLL,1338.99620,N,10029.54439,E,140824.00,A,D*71
1780409305.312,$GNRMC,140825.00,A,1338.99616,N,10029.54463,E,0.832,103.80,020626,0.53,W,F,V*49
1780409305.314,$GNVTG,103.80,T,104.33,M,0.832,N,1.540,K,D*3E
1780409305.315,$GNGGA,140825.00,1338.99616,N,10029.54463,E,5,12,0.76,-6.5,M,-27.8,M,1.0,0499*69
1780409305.316,$GNGSA,A,3,10,25,26,28,31,32,,,,,,,1.43,0.76,1.21,1*0F
1780409305.316,$GNGSA,A,3,79,78,66,77,67,68,,,,,,,1.43,0.76,1.21,2*09
1780409305.317,$GNGSA,A,3,25,36,05,06,09,16,31,,,,,,1.43,0.76,1.21,3*0B
1780409305.317,$GNGSA,A,3,06,07,33,09,10,23,25,24,,,,,1.43,0.76,1.21,4*08
1780409305.318,$GPGSV,3,1,10,10,54,147,27,23,17,148,08,25,20,043,30,26,60,193,31,1*68
1780409305.319,$GPGSV,3,2,10,28,46,356,45,31,51,308,44,32,42,037,32,41,64,233,46,1*65
1780409305.319,$GPGSV,3,3,10,42,70,217,45,50,56,115,41,1*67
1780409305.320,$GPGSV,2,1,07,10,54,147,23,23,17,148,13,25,20,043,33,26,60,193,29,6*6C
1780409305.320,$GPGSV,2,2,07,28,46,356,45,31,51,308,44,32,42,037,41,6*56
1780409305.321,$GPGSV,2,1,07,01,11,293,,02,17,266,,03,01,326,,16,28,197,,0*69
1780409305.322,$GPGSV,2,2,07,16,28,197,,27,02,202,,29,05,096,,0*56
1780409305.322,$GLGSV,2,1,06,66,30,094,42,67,41,021,41,68,11,336,39,77,36,023,33,1*71
1780409305.323,$GLGSV,2,2,06,78,79,236,48,79,25,210,26,1*7A
1780409305.323,$GLGSV,2,1,05,66,30,094,42,67,41,021,37,68,11,336,40,78,79,236,49,3*70
1780409305.324,$GLGSV,2,2,05,79,25,210,24,3*43
1780409305.324,$GLGSV,1,1,03,81,03,195,,82,08,238,,83,01,286,,0*40
1780409305.325,$GAGSV,2,1,08,05,36,345,47,06,19,073,43,09,32,051,44,16,60,103,50,2*7B
1780409305.326,$GAGSV,2,2,08,25,41,183,22,31,20,047,42,34,29,280,18,36,36,218,28,2*7D
1780409305.326,$GAGSV,2,1,06,05,36,345,43,06,19,073,39,09,32,051,40,16,60,103,46,7*7A
1780409305.327,$GAGSV,2,2,06,31,20,047,32,34,29,280,18,7*78
1780409305.328,$GAGSV,1,1,03,03,07,301,,04,02,090,,11,12,171,,0*4A
1780409305.329,$GBGSV,2,1,08,06,65,134,47,07,51,006,45,09,83,030,46,10,59,351,46,1*72
1780409305.330,$GBGSV,2,2,08,23,42,231,30,24,23,034,30,25,77,337,50,33,60,057,49,1*75
1780409305.331,$GBGSV,1,1,02,09,83,030,48,10,59,351,48,3*7D
1780409305.332,$GBGSV,2,1,08,01,42,107,,02,63,242,,03,71,140,,04,22,097,,0*74
1780409305.333,$GBGSV,2,2,08,04,22,097,,08,16,156,,13,10,201,,14,02,127,,0*7B
1780409305.334,$GNGLL,1338.99616,N,10029.54463,E,140825.00,A,D*7A
1780409306.311,$GNRMC,140826.00,A,1338.99612,N,10029.54487,E,0.770,101.32,020626,0.53,W,F,V*46
1780409306.313,$GNVTG,101.32,T,101.85,M,0.770,N,1.426,K,D*35
1780409306.314,$GNGGA,140826.00,1338.99612,N,10029.54487,E,5,12,0.76,-6.5,M,-27.8,M,1.0,0499*64
1780409306.315,$GNGSA,A,3,10,25,26,28,31,32,,,,,,,1.43,0.76,1.21,1*0F
1780409306.315,$GNGSA,A,3,79,78,66,77,67,68,,,,,,,1.43,0.76,1.21,2*09
1780409306.316,$GNGSA,A,3,25,36,05,06,09,16,31,,,,,,1.43,0.76,1.21,3*0B
1780409306.316,$GNGSA,A,3,06,07,33,09,10,23,25,24,,,,,1.43,0.76,1.21,4*08
1780409306.317,$GPGSV,3,1,10,10,54,147,35,23,17,148,07,25,20,043,29,26,60,193,34,1*69
1780409306.317,$GPGSV,3,2,10,28,46,356,44,31,51,308,48,32,42,037,42,41,64,233,46,1*6F
1780409306.318,$GPGSV,3,3,10,42,70,217,48,50,56,115,43,1*68
1780409306.319,$GPGSV,2,1,07,10,54,147,31,23,17,148,13,25,20,043,36,26,60,193,33,6*61
1780409306.319,$GPGSV,2,2,07,28,46,356,46,31,51,308,47,32,42,037,34,6*54
1780409306.320,$GPGSV,2,1,07,01,11,293,,02,17,266,,03,01,326,,16,28,197,,0*69
1780409306.320,$GPGSV,2,2,07,16,28,197,,27,02,202,,29,05,096,,0*56
1780409306.321,$GLGSV,2,1,06,66,30,094,40,67,41,021,40,68,11,336,39,77,36,023,33,1*72
1780409306.322,$GLGSV,2,2,06,78,79,236,48,79,25,210,29,1*75
1780409306.322,$GLGSV,2,1,05,66,30,094,41,67,41,021,43,68,11,336,32,78,79,236,49,3*75
1780409306.323,$GLGSV,2,2,05,79,25,210,24,3*43
1780409306.323,$GLGSV,1,1,03,81,03,195,,82,08,238,,83,01,286,,0*40
1780409306.324,$GAGSV,2,1,08,05,36,345,48,06,19,073,41,09,32,051,45,16,60,103,50,2*77
1780409306.324,$GAGSV,2,2,08,25,41,183,21,31,20,047,39,34,29,280,19,36,36,218,33,2*79
1780409306.325,$GAGSV,2,1,06,05,36,345,43,06,19,073,35,09,32,051,36,16,60,103,46,7*77
1780409306.326,$GAGSV,2,2,06,31,20,047,32,34,29,280,19,7*79
1780409306.326,$GAGSV,1,1,03,03,07,301,,04,02,090,,11,12,171,,0*4A
1780409306.327,$GBGSV,2,1,08,06,65,134,48,07,51,006,43,09,83,030,47,10,59,351,45,1*79
1780409306.327,$GBGSV,2,2,08,23,42,231,26,24,23,034,40,25,77,337,49,33,60,057,48,1*7C
1780409306.328,$GBGSV,1,1,02,09,83,030,48,10,59,351,48,3*7D
1780409306.328,$GBGSV,2,1,08,01,42,107,,02,63,242,,03,71,140,,04,22,097,,0*74
1780409306.329,$GBGSV,2,2,08,04,22,097,,08,16,156,,13,10,201,,14,02,127,,0*7B
1780409306.330,$GNGLL,1338.99612,N,10029.54487,E,140826.00,A,D*77
1780409307.304,$GNRMC,140827.00,A,1338.99608,N,10029.54508,E,0.771,99.35,020626,0.53,W,F,V*7C
1780409307.306,$GNVTG,99.35,T,99.88,M,0.771,N,1.428,K,D*30
1780409307.307,$GNGGA,140827.00,1338.99608,N,10029.54508,E,5,12,0.76,-6.5,M,-27.8,M,1.0,0499*68
1780409307.307,$GNGSA,A,3,10,25,26,28,31,32,,,,,,,1.43,0.76,1.21,1*0F
1780409307.308,$GNGSA,A,3,79,78,66,77,67,68,,,,,,,1.43,0.76,1.21,2*09
1780409307.308,$GNGSA,A,3,25,36,05,06,09,16,31,,,,,,1.43,0.76,1.21,3*0B
1780409307.309,$GNGSA,A,3,06,07,33,09,10,23,25,24,,,,,1.43,0.76,1.21,4*08
1780409307.309,$GPGSV,3,1,10,10,54,147,26,23,17,148,07,25,20,043,36,26,60,193,33,1*62
1780409307.310,$GPGSV,3,2,10,28,46,356,44,31,51,308,47,32,42,037,29,41,64,233,46,1*6D
1780409307.311,$GPGSV,3,3,10,42,70,217,47,50,56,115,42,1*66
1780409307.311,$GPGSV,2,1,07,10,54,147,25,23,17,148,14,25,20,043,38,26,60,193,28,6*67
1780409307.312,$GPGSV,2,2,07,28,46,356,44,31,51,308,46,32,42,037,38,6*5B
1780409307.313,$GPGSV,2,1,07,01,11,293,,02,17,266,,03,01,326,,16,28,197,,0*69
1780409307.313,$GPGSV,2,2,07,16,28,197,,27,02,202,,29,05,096,,0*56
1780409307.314,$GLGSV,2,1,06,66,30,094,41,67,41,021,33,68,11,336,40,77,36,023,30,1*7A
1780409307.314,$GLGSV,2,2,06,78,79,236,48,79,25,210,21,1*7D
1780409307.315,$GLGSV,2,1,05,66,30,094,37,67,41,021,37,68,11,336,42,78,79,236,48,3*71
1780409307.315,$GLGSV,2,2,05,79,25,210,21,3*46
1780409307.316,$GLGSV,1,1,03,81,03,195,,82,08,238,,83,01,286,,0*40
1780409307.317,$GAGSV,2,1,08,05,36,345,46,06,19,073,41,09,32,051,42,16,60,103,51,2*7F
1780409307.318,$GAGSV,2,2,08,25,41,183,20,31,20,047,40,34,29,280,17,36,36,218,32,2*79
1780409307.318,$GAGSV,2,1,06,05,36,345,43,06,19,073,35,09,32,051,36,16,60,103,46,7*77
1780409307.319,$GAGSV,2,2,06,31,20,047,32,34,29,280,19,7*79
1780409307.319,$GAGSV,1,1,03,03,07,301,,04,02,090,,11,12,171,,0*4A
1780409307.320,$GBGSV,2,1,08,06,65,134,48,07,51,006,43,09,83,030,47,10,59,351,44,1*78
1780409307.321,$GBGSV,2,2,08,23,42,231,26,24,23,034,37,25,77,337,49,33,60,057,49,1*7D
1780409307.321,$GBGSV,1,1,02,09,83,030,49,10,59,351,48,3*7C
1780409307.322,$GBGSV,2,1,08,01,42,107,,02,63,242,,03,71,140,,04,22,097,,0*74
1780409307.323,$GBGSV,2,2,08,04,22,097,,08,16,156,,13,10,201,,14,02,127,,0*7B
1780409307.323,$GNGLL,1338.99608,N,10029.54508,E,140827.00,A,D*7B
1780409308.307,$GNRMC,140828.00,A,1338.99602,N,10029.54530,E,0.842,100.04,020626,0.53,W,F,V*4E
1780409308.308,$GNVTG,100.04,T,100.57,M,0.842,N,1.559,K,D*38
1780409308.309,$GNGGA,140828.00,1338.99602,N,10029.54530,E,5,12,0.83,-6.5,M,-27.8,M,1.0,0499*6C
1780409308.310,$GNGSA,A,3,10,25,26,28,31,32,,,,,,,1.53,0.83,1.29,1*0C
1780409308.310,$GNGSA,A,3,78,66,77,67,68,,,,,,,,1.53,0.83,1.29,2*04
1780409308.311,$GNGSA,A,3,36,05,06,09,16,31,,,,,,,1.53,0.83,1.29,3*0F
1780409308.311,$GNGSA,A,3,06,07,33,09,10,23,25,24,,,,,1.53,0.83,1.29,4*0B
1780409308.312,$GPGSV,3,1,10,10,54,147,24,23,17,148,09,25,20,043,33,26,60,193,31,1*69
1780409308.313,$GPGSV,3,2,10,28,46,356,44,31,51,308,44,32,42,037,42,41,64,233,46,1*63
1780409308.313,$GPGSV,3,3,10,42,70,217,46,50,56,115,42,1*67
1780409308.314,$GPGSV,2,1,07,10,54,147,27,23,17,148,11,25,20,043,36,26,60,193,27,6*61
1780409308.315,$GPGSV,2,2,07,28,46,356,45,31,51,308,43,32,42,037,40,6*50
1780409308.315,$GPGSV,2,1,07,01,11,293,,02,17,266,,03,01,326,,16,28,197,,0*69
1780409308.316,$GPGSV,2,2,07,16,28,197,,27,02,202,,29,05,096,,0*56
1780409308.317,$GLGSV,2,1,06,66,30,094,37,67,41,021,43,68,11,336,42,77,36,023,29,1*76
1780409308.317,$GLGSV,2,2,06,78,79,236,47,79,25,210,20,1*73
1780409308.318,$GLGSV,2,1,05,66,30,094,39,67,41,021,39,68,11,336,37,78,79,236,48,3*73
1780409308.318,$GLGSV,2,2,05,79,25,210,19,3*4D
1780409308.319,$GLGSV,1,1,03,81,03,195,,82,08,238,,83,01,286,,0*40
1780409308.320,$GAGSV,2,1,08,05,36,345,46,06,19,073,43,09,32,051,43,16,60,103,51,2*7C
1780409308.320,$GAGSV,2,2,08,25,41,183,19,31,20,047,41,34,29,280,17,36,36,218,31,2*71
1780409308.321,$GAGSV,2,1,06,05,36,345,42,06,19,073,37,09,32,051,38,16,60,103,47,7*7B
1780409308.322,$GAGSV,2,2,06,31,20,047,32,34,29,280,18,7*78
1780409308.322,$GAGSV,1,1,03,03,07,301,,04,02,090,,11,12,171,,0*4A
1780409308.323,$GBGSV,2,1,08,06,65,134,46,07,51,006,45,09,83,030,46,10,59,351,46,1*73
1780409308.324,$GBGSV,2,2,08,23,42,231,31,24,23,034,29,25,77,337,50,33,60,057,46,1*73
1780409308.324,$GBGSV,1,1,02,09,83,030,49,10,59,351,48,3*7C
1780409308.325,$GBGSV,2,1,08,01,42,107,,02,63,242,,03,71,140,,04,22,097,,0*74
1780409308.325,$GBGSV,2,2,08,04,22,097,,08,16,156,,13,10,201,,14,02,127,,0*7B
1780409308.326,$GNGLL,1338.99602,N,10029.54530,E,140828.00,A,D*75
1780409309.308,$GNRMC,140829.00,A,1338.99596,N,10029.54552,E,0.782,99.63,020626,0.53,W,F,V*76
1780409309.309,$GNVTG,99.63,T,100.15,M,0.782,N,1.449,K,D*0D
1780409309.310,$GNGGA,140829.00,1338.99596,N,10029.54552,E,5,12,0.76,-6.5,M,-27.8,M,1.0,0499*6D
1780409309.311,$GNGSA,A,3,10,25,26,28,31,32,,,,,,,1.43,0.76,1.21,1*0F
1780409309.311,$GNGSA,A,3,79,78,66,77,67,68,,,,,,,1.43,0.76,1.21,2*09
1780409309.312,$GNGSA,A,3,25,36,05,06,09,16,31,,,,,,1.43,0.76,1.21,3*0B
1780409309.313,$GNGSA,A,3,06,07,33,09,10,23,25,24,,,,,1.43,0.76,1.21,4*08
1780409309.313,$GPGSV,3,1,11,10,54,147,30,23,17,148,08,25,20,043,27,26,60,193,29,1*60
1780409309.314,$GPGSV,3,2,11,28,46,356,44,29,05,096,27,31,51,308,45,32,42,037,36,1*63
1780409309.315,$GPGSV,3,3,11,41,64,233,46,42,70,217,45,50,56,115,42,1*52
1780409309.316,$GPGSV,2,1,07,10,54,147,26,23,17,148,09,25,20,043,35,26,60,193,24,6*69
1780409309.317,$GPGSV,2,2,07,28,46,356,42,31,51,308,44,32,42,037,41,6*51
1780409309.317,$GPGSV,2,1,06,01,11,293,,02,17,266,,03,01,326,,16,28,197,,0*68
1780409309.318,$GPGSV,2,2,06,16,28,197,,27,02,202,,0*66
1780409309.318,$GLGSV,2,1,06,66,30,094,41,67,41,021,42,68,11,336,39,77,36,023,30,1*72
1780409309.319,$GLGSV,2,2,06,78,79,236,49,79,25,210,21,1*7C
1780409309.320,$GLGSV,2,1,05,66,30,094,41,67,41,021,35,68,11,336,39,78,79,236,49,3*7F
1780409309.320,$GLGSV,2,2,05,79,25,210,19,3*4D
1780409309.321,$GLGSV,1,1,03,81,03,195,,82,08,238,,83,01,286,,0*40
1780409309.321,$GAGSV,2,1,08,05,36,345,48,06,19,073,44,09,32,051,47,16,60,103,51,2*71
1780409309.322,$GAGSV,2,2,08,25,41,183,20,31,20,047,41,34,29,280,18,36,36,218,29,2*7D
1780409309.323,$GAGSV,2,1,06,05,36,345,41,06,19,073,35,09,32,051,40,16,60,103,46,7*74
1780409309.323,$GAGSV,2,2,06,31,20,047,23,34,29,280,18,7*78
1780409309.324,$GAGSV,1,1,03,03,07,301,,04,02,090,,11,12,171,,0*4A
1780409309.325,$GBGSV,2,1,08,06,65,134,46,07,51,006,45,09,83,030,46,10,59,351,43,1*76
1780409309.325,$GBGSV,2,2,08,23,42,231,30,24,23,034,30,25,77,337,49,33,60,057,49,1*7D
1780409309.326,$GBGSV,1,1,02,09,83,030,49,10,59,351,48,3*7C
1780409309.326,$GBGSV,2,1,08,01,42,107,,02,63,242,,03,71,140,,04,22,097,,0*74
1780409309.327,$GBGSV,2,2,08,04,22,097,,08,16,156,,13,10,201,,14,02,127,,0*7B
1780409309.328,$GNGLL,1338.99596,N,10029.54552,E,140829.00,A,D*7E
1780409310.309,$GNRMC,140830.00,A,1338.99592,N,10029.54574,E,0.859,101.97,020626,0.53,W,F,V*4C
1780409310.311,$GNVTG,101.97,T,102.50,M,0.859,N,1.590,K,D*39
1780409310.312,$GNGGA,140830.00,1338.99592,N,10029.54574,E,5,12,0.76,-6.5,M,-27.8,M,1.0,0499*65
1780409310.312,$GNGSA,A,3,10,02,25,26,28,31,32,,,,,,1.43,0.76,1.21,1*0D
1780409310.313,$GNGSA,A,3,78,66,77,67,68,,,,,,,,1.43,0.76,1.21,2*07
1780409310.313,$GNGSA,A,3,25,36,05,06,09,16,31,34,,,,,1.43,0.76,1.21,3*0C
1780409310.314,$GNGSA,A,3,06,07,33,09,10,23,25,24,,,,,1.43,0.76,1.21,4*08
1780409310.314,$GPGSV,3,1,11,02,17,266,30,10,54,147,34,23,17,148,07,25,20,043,29,1*62
1780409310.315,$GPGSV,3,2,11,26,60,193,27,28,46,356,42,31,51,308,45,32,42,037,42,1*6E
1780409310.316,$GPGSV,3,3,11,41,64,233,47,42,70,217,47,50,56,115,42,1*51
1780409310.317,$GPGSV,2,1,06,10,54,147,27,25,20,043,38,26,60,193,21,28,46,356,43,6*6D
1780409310.317,$GPGSV,2,2,06,31,51,308,44,32,42,037,42,6*6D
1780409310.318,$GPGSV,2,1,06,01,11,293,,03,01,326,,16,28,197,,27,02,202,,0*69
1780409310.318,$GPGSV,2,2,06,27,02,202,,29,05,096,,0*65
1780409310.319,$GLGSV,2,1,06,66,30,094,37,67,41,021,25,68,11,336,41,77,36,023,34,1*79
1780409310.320,$GLGSV,2,2,06,78,79,236,48,79,25,210,20,1*7C
1780409310.320,$GLGSV,2,1,05,66,30,094,40,67,41,021,39,68,11,336,37,78,79,236,47,3*72
1780409310.321,$GLGSV,2,2,05,79,25,210,18,3*4C
1780409310.321,$GLGSV,1,1,03,81,03,195,,82,08,238,,83,01,286,,0*40
1780409310.322,$GAGSV,2,1,08,05,36,345,46,06,19,073,41,09,32,051,46,16,60,103,51,2*7B
1780409310.323,$GAGSV,2,2,08,25,41,183,20,31,20,047,42,34,29,280,21,36,36,218,27,2*7A
1780409310.323,$GAGSV,2,1,06,05,36,345,44,06,19,073,36,09,32,051,40,16,60,103,46,7*72
1780409310.324,$GAGSV,2,2,06,31,20,047,37,34,29,280,16,7*73
1780409310.325,$GAGSV,1,1,03,03,07,301,,04,02,090,,11,12,171,,0*4A
1780409310.325,$GBGSV,2,1,08,06,65,134,46,07,51,006,40,09,83,030,48,10,59,351,45,1*7B
1780409310.326,$GBGSV,2,2,08,23,42,231,29,24,23,034,35,25,77,337,49,33,60,057,49,1*70
1780409310.326,$GBGSV,1,1,02,09,83,030,49,10,59,351,49,3*7D
1780409310.327,$GBGSV,2,1,08,01,42,107,,02,63,242,,03,71,140,,04,22,097,,0*74
1780409310.328,$GBGSV,2,2,08,04,22,097,,08,16,156,,13,10,201,,14,02,127,,0*7B
1780409310.328,$GNGLL,1338.99592,N,10029.54574,E,140830.00,A,D*76
1780409311.313,$GNRMC,140831.00,A,1338.99588,N,10029.54599,E,0.845,98.44,020626,0.53,W,F,V*77
1780409311.315,$GNVTG,98.44,T,98.97,M,0.845,N,1.566,K,D*3B
1780409311.316,$GNGGA,140831.00,1338.99588,N,10029.54599,E,5,12,0.83,-6.5,M,-27.8,M,1.0,0499*66
1780409311.317,$GNGSA,A,3,10,02,25,26,28,31,32,,,,,,1.53,0.83,1.29,1*0E
1780409311.318,$GNGSA,A,3,78,66,77,67,68,79,,,,,,,1.53,0.83,1.29,2*0A
1780409311.318,$GNGSA,A,3,36,05,06,09,16,31,34,,,,,,1.53,0.83,1.29,3*08
1780409311.319,$GNGSA,A,3,06,07,33,09,10,23,25,24,,,,,1.53,0.83,1.29,4*0B
1780409311.320,$GPGSV,3,1,11,02,17,266,29,10,54,147,30,23,17,148,07,25,20,043,31,1*67
1780409311.321,$GPGSV,3,2,11,26,60,193,32,28,46,356,40,31,51,308,45,32,42,037,43,1*69
1780409311.321,$GPGSV,3,3,11,41,64,233,48,42,70,217,48,50,56,115,42,1*51
1780409311.322,$GPGSV,2,1,06,10,54,147,25,25,20,043,40,26,60,193,18,28,46,356,43,6*6A
1780409311.323,$GPGSV,2,2,06,31,51,308,43,32,42,037,43,6*6B
1780409311.324,$GPGSV,2,1,06,01,11,292,,03,01,326,,16,28,197,,27,02,202,,0*68
1780409311.324,$GPGSV,2,2,06,27,02,202,,29,05,096,,0*65
1780409311.325,$GLGSV,2,1,06,66,30,094,37,67,41,021,40,68,11,336,39,77,36,023,33,1*72
1780409311.326,$GLGSV,2,2,06,78,79,236,48,79,25,210,23,1*7F
1780409311.326,$GLGSV,2,1,05,66,30,094,37,67,41,021,36,68,11,336,37,78,79,236,48,3*72
1780409311.327,$GLGSV,2,2,05,79,25,210,16,3*42
1780409311.327,$GLGSV,1,1,03,81,03,195,,82,08,238,,83,01,286,,0*40
1780409311.328,$GAGSV,2,1,08,05,36,345,45,06,19,073,42,09,32,051,45,16,60,103,51,2*78
1780409311.329,$GAGSV,2,2,08,25,41,183,19,31,20,047,40,34,29,280,21,36,36,218,25,2*70
1780409311.330,$GAGSV,2,1,06,05,36,345,43,06,19,073,36,09,32,051,37,16,60,103,45,7*76
1780409311.330,$GAGSV,2,2,06,31,20,047,33,34,29,280,16,7*77
1780409311.331,$GAGSV,1,1,03,03,07,301,,04,02,090,,11,12,171,,0*4A
1780409311.331,$GBGSV,2,1,08,06,65,134,46,07,51,006,42,09,83,030,46,10,59,351,44,1*76
1780409311.332,$GBGSV,2,2,08,23,42,231,36,24,23,034,36,25,77,337,49,33,60,057,47,1*73
1780409311.333,$GBGSV,1,1,02,09,83,030,48,10,59,351,48,3*7D
1780409311.333,$GBGSV,2,1,08,01,42,107,,02,63,242,,03,71,140,,04,22,097,,0*74
1780409311.334,$GBGSV,2,2,08,04,22,097,,08,16,156,,13,10,201,,14,02,127,,0*7B
1780409311.335,$GNGLL,1338.99588,N,10029.54599,E,140831.00,A,D*7F
1780409312.310,$GNRMC,140832.00,A,1338.99584,N,10029.54623,E,0.844,95.91,020626,0.53,W,F,V*7E
1780409312.311,$GNVTG,95.91,T,96.44,M,0.844,N,1.563,K,D*3A
1780409312.313,$GNGGA,140832.00,1338.99584,N,10029.54623,E,5,12,0.83,-6.5,M,-27.8,M,1.0,0499*6B
1780409312.314,$GNGSA,A,3,10,02,25,26,28,31,32,,,,,,1.53,0.83,1.29,1*0E
1780409312.314,$GNGSA,A,3,78,66,77,67,68,79,,,,,,,1.53,0.83,1.29,2*0A
1780409312.315,$GNGSA,A,3,36,05,06,09,16,31,34,,,,,,1.53,0.83,1.29,3*08
1780409312.315,$GNGSA,A,3,06,07,33,09,10,23,25,24,,,,,1.53,0.83,1.29,4*0B
1780409312.316,$GPGSV,3,1,11,02,17,265,29,10,54,147,24,13,,,21,25,20,043,39,1*55
1780409312.317,$GPGSV,3,2,11,26,60,193,25,28,46,356,42,31,51,308,45,32,42,037,45,1*6B
1780409312.317,$GPGSV,3,3,11,41,64,233,47,42,70,217,47,50,56,115,41,1*52
1780409312.318,$GPGSV,2,1,06,10,54,147,25,25,20,043,41,26,60,193,19,28,46,356,42,6*6B
1780409312.319,$GPGSV,2,2,06,31,51,308,42,32,42,037,43,6*6A
1780409312.319,$GPGSV,2,1,07,01,11,292,,03,01,326,,16,28,197,,23,17,148,,0*64
1780409312.320,$GPGSV,2,2,07,23,17,148,,27,02,202,,29,05,096,,0*5E
1780409312.320,$GLGSV,2,1,06,66,30,094,34,67,41,021,31,68,11,336,43,77,36,023,33,1*7A
1780409312.321,$GLGSV,2,2,06,78,79,236,50,79,25,210,23,1*76
1780409312.321,$GLGSV,2,1,05,66,30,094,31,67,41,021,38,68,11,336,32,78,79,236,49,3*7E
1780409312.322,$GLGSV,2,2,05,79,25,210,16,3*42
1780409312.322,$GLGSV,1,1,03,81,03,195,,82,08,238,,83,01,286,,0*40
1780409312.323,$GAGSV,2,1,08,05,36,345,43,06,19,073,40,09,32,051,45,16,60,103,49,2*75
1780409312.324,$GAGSV,2,2,08,25,41,183,19,31,20,047,35,34,29,280,23,36,36,218,22,2*77
1780409312.324,$GAGSV,2,1,06,05,36,345,40,06,19,073,36,09,32,051,41,16,60,103,46,7*77
1780409312.325,$GAGSV,2,2,06,31,20,047,33,34,29,280,15,7*74
1780409312.325,$GAGSV,1,1,03,03,07,301,,04,02,090,,11,12,171,,0*4A
1780409312.326,$GBGSV,2,1,08,06,65,134,47,07,51,006,42,09,83,030,46,10,59,351,44,1*77
1780409312.326,$GBGSV,2,2,08,23,42,231,29,24,23,034,28,25,77,337,50,33,60,057,48,1*75
1780409312.327,$GBGSV,1,1,02,09,83,030,49,10,59,351,48,3*7C
1780409312.327,$GBGSV,2,1,08,01,42,107,,02,63,242,,03,71,140,,04,22,097,,0*74
1780409312.328,$GBGSV,2,2,08,04,22,097,,08,16,156,,13,10,201,,14,02,127,,0*7B
1780409312.328,$GNGLL,1338.99584,N,10029.54623,E,140832.00,A,D*72
1780409313.302,$GNRMC,140833.00,A,1338.99580,N,10029.54647,E,0.849,96.08,020626,0.53,W,F,V*77
1780409313.304,$GNVTG,96.08,T,96.61,M,0.849,N,1.573,K,D*32
1780409313.305,$GNGGA,140833.00,1338.99580,N,10029.54647,E,5,12,0.76,-6.5,M,-27.8,M,1.0,0499*66
1780409313.306,$GNGSA,A,3,10,25,26,28,31,32,,,,,,,1.43,0.76,1.21,1*0F
1780409313.307,$GNGSA,A,3,78,66,77,67,68,79,,,,,,,1.43,0.76,1.21,2*09
1780409313.307,$GNGSA,A,3,25,36,05,06,09,16,31,34,,,,,1.43,0.76,1.21,3*0C
1780409313.308,$GNGSA,A,3,06,07,33,09,10,23,25,24,,,,,1.43,0.76,1.21,4*08
1780409313.308,$GPGSV,3,1,09,10,54,147,25,25,20,043,37,26,60,193,32,28,46,356,41,1*69
1780409313.309,$GPGSV,3,2,09,31,51,308,46,32,42,037,41,41,64,233,47,42,70,217,47,1*65
1780409313.309,$GPGSV,3,3,09,50,56,115,41,1*5B
1780409313.310,$GPGSV,2,1,06,10,54,147,22,25,20,043,40,26,60,193,20,28,46,356,40,6*65
1780409313.311,$GPGSV,2,2,06,31,51,308,45,32,42,037,44,6*6A
1780409313.311,$GPGSV,2,1,08,01,11,292,,02,17,265,,03,02,326,,16,28,197,,0*67
1780409313.312,$GPGSV,2,2,08,16,28,197,,23,17,148,,27,02,202,,29,05,096,,0*63
1780409313.312,$GLGSV,2,1,06,66,30,094,35,67,41,021,37,68,11,336,35,77,36,023,33,1*7C
1780409313.313,$GLGSV,2,2,06,78,79,236,50,79,25,210,23,1*76
1780409313.314,$GLGSV,2,1,05,66,30,094,39,67,41,021,44,68,11,336,41,78,79,236,49,3*79
1780409313.314,$GLGSV,2,2,05,79,25,210,16,3*42
1780409313.315,$GLGSV,1,1,03,81,03,195,,82,08,238,,83,01,286,,0*40
1780409313.315,$GAGSV,2,1,08,05,36,345,46,06,19,073,40,09,32,051,46,16,60,103,50,2*7B
1780409313.316,$GAGSV,2,2,08,25,41,183,20,31,20,047,36,34,29,280,21,36,36,218,20,2*7E
1780409313.317,$GAGSV,2,1,06,05,36,345,37,06,19,073,38,09,32,051,40,16,60,103,46,7*78
1780409313.317,$GAGSV,2,2,06,31,20,047,34,34,29,280,17,7*71
1780409313.318,$GAGSV,1,1,03,03,07,301,,04,02,090,,11,12,171,,0*4A
1780409313.318,$GBGSV,2,1,08,06,65,134,46,07,51,006,44,09,83,030,48,10,59,351,45,1*7F
1780409313.319,$GBGSV,2,2,08,23,42,231,27,24,23,034,32,25,77,337,50,33,60,057,50,1*79
1780409313.320,$GBGSV,1,1,02,09,83,030,49,10,59,351,45,3*71
1780409313.320,$GBGSV,2,1,08,01,42,107,,02,63,242,,03,71,140,,04,22,097,,0*74
1780409313.321,$GBGSV,2,2,08,04,22,097,,08,16,156,,13,10,201,,14,02,127,,0*7B
1780409313.321,$GNGLL,1338.99580,N,10029.54647,E,140833.00,A,D*75
