timestamp,sentence,sat_id,elevation,snr_db
2026-05-25T18:29:45.226714,$GPGSV,10,,26
2026-05-25T18:29:45.226714,$GPGSV,12,,31
2026-05-25T18:29:45.226714,$GPGSV,18,,43
2026-05-25T18:29:45.226714,$GPGSV,23,,42
2026-05-25T18:29:45.229530,$GPGSV,24,,29
2026-05-25T18:29:45.229530,$GPGSV,25,,35
2026-05-25T18:29:45.229530,$GPGSV,28,,39
2026-05-25T18:29:45.229530,$GPGSV,32,,36
2026-05-25T18:29:45.231629,$GPGSV,41,,45
2026-05-25T18:29:45.231629,$GPGSV,42,,44
2026-05-25T18:29:45.231629,$GPGSV,50,,38
2026-05-25T18:29:45.232399,$GPGSV,10,,22
2026-05-25T18:29:45.232399,$GPGSV,12,,25
2026-05-25T18:29:45.232399,$GPGSV,18,,41
2026-05-25T18:29:45.232399,$GPGSV,23,,40
2026-05-25T18:29:45.233161,$GPGSV,24,,21
2026-05-25T18:29:45.233161,$GPGSV,25,,33
2026-05-25T18:29:45.233161,$GPGSV,28,,36
2026-05-25T18:29:45.233161,$GPGSV,32,,24
2026-05-25T18:29:45.235025,$GLGSV,65,,21
2026-05-25T18:29:45.235025,$GLGSV,66,,23
2026-05-25T18:29:45.235025,$GLGSV,75,,30
2026-05-25T18:29:45.235025,$GLGSV,76,,43
2026-05-25T18:29:45.235712,$GLGSV,77,,35
2026-05-25T18:29:45.235712,$GLGSV,81,,35
2026-05-25T18:29:45.235712,$GLGSV,88,,44
2026-05-25T18:29:45.236482,$GLGSV,66,,25
2026-05-25T18:29:45.236482,$GLGSV,75,,28
2026-05-25T18:29:45.236482,$GLGSV,76,,42
2026-05-25T18:29:45.236482,$GLGSV,81,,34
2026-05-25T18:29:45.236966,$GLGSV,88,,41
2026-05-25T18:29:45.238308,$GAGSV,03,,25
2026-05-25T18:29:45.238308,$GAGSV,07,,39
2026-05-25T18:29:45.238308,$GAGSV,08,,40
2026-05-25T18:29:45.238308,$GAGSV,13,,42
2026-05-25T18:29:45.239003,$GAGSV,15,,42
2026-05-25T18:29:45.239003,$GAGSV,32,,39
2026-05-25T18:29:45.239003,$GAGSV,34,,36
2026-05-25T18:29:45.239745,$GAGSV,03,,25
2026-05-25T18:29:45.239745,$GAGSV,07,,41
2026-05-25T18:29:45.239745,$GAGSV,08,,41
2026-05-25T18:29:45.239745,$GAGSV,13,,42
2026-05-25T18:29:45.240388,$GAGSV,15,,43
2026-05-25T18:29:45.240388,$GAGSV,32,,41
2026-05-25T18:29:45.240388,$GAGSV,34,,36
2026-05-25T18:29:45.241566,$GBGSV,07,,44
2026-05-25T18:29:45.241566,$GBGSV,09,,41
2026-05-25T18:29:45.241566,$GBGSV,10,,41
2026-05-25T18:29:45.241566,$GBGSV,13,,43
2026-05-25T18:29:45.242298,$GBGSV,25,,44
2026-05-25T18:29:45.242298,$GBGSV,27,,25
2026-05-25T18:29:45.242298,$GBGSV,28,,39
2026-05-25T18:29:45.242298,$GBGSV,33,,41
2026-05-25T18:29:45.243034,$GBGSV,09,,38
2026-05-25T18:29:45.243034,$GBGSV,10,,41
2026-05-25T18:29:46.223182,$GPGSV,10,,26
2026-05-25T18:29:46.223182,$GPGSV,12,,31
2026-05-25T18:29:46.223182,$GPGSV,18,,43
2026-05-25T18:29:46.223182,$GPGSV,23,,42
2026-05-25T18:29:46.226212,$GPGSV,24,,29
2026-05-25T18:29:46.226212,$GPGSV,25,,35
2026-05-25T18:29:46.226212,$GPGSV,28,,40
2026-05-25T18:29:46.226212,$GPGSV,32,,36
2026-05-25T18:29:46.228217,$GPGSV,41,,45
2026-05-25T18:29:46.228217,$GPGSV,42,,44
2026-05-25T18:29:46.228217,$GPGSV,50,,38
2026-05-25T18:29:46.230016,$GPGSV,10,,22
2026-05-25T18:29:46.230016,$GPGSV,12,,25
2026-05-25T18:29:46.230016,$GPGSV,18,,41
2026-05-25T18:29:46.230016,$GPGSV,23,,40
2026-05-25T18:29:46.232030,$GPGSV,24,,21
2026-05-25T18:29:46.232030,$GPGSV,25,,33
2026-05-25T18:29:46.232030,$GPGSV,28,,36
2026-05-25T18:29:46.232030,$GPGSV,32,,23
2026-05-25T18:29:46.235991,$GLGSV,65,,21
2026-05-25T18:29:46.235991,$GLGSV,66,,22
2026-05-25T18:29:46.235991,$GLGSV,75,,31
2026-05-25T18:29:46.235991,$GLGSV,76,,43
2026-05-25T18:29:46.237615,$GLGSV,77,,35
2026-05-25T18:29:46.237615,$GLGSV,81,,34
2026-05-25T18:29:46.237615,$GLGSV,88,,44
2026-05-25T18:29:46.238802,$GLGSV,66,,26
2026-05-25T18:29:46.238802,$GLGSV,75,,28
2026-05-25T18:29:46.238802,$GLGSV,76,,42
2026-05-25T18:29:46.238802,$GLGSV,81,,34
2026-05-25T18:29:46.239524,$GLGSV,88,,40
2026-05-25T18:29:46.241332,$GAGSV,03,,25
2026-05-25T18:29:46.241332,$GAGSV,07,,40
2026-05-25T18:29:46.241332,$GAGSV,08,,40
2026-05-25T18:29:46.241332,$GAGSV,13,,42
2026-05-25T18:29:46.242289,$GAGSV,15,,42
2026-05-25T18:29:46.242289,$GAGSV,32,,39
2026-05-25T18:29:46.242289,$GAGSV,34,,36
2026-05-25T18:29:46.243233,$GAGSV,03,,25
2026-05-25T18:29:46.243233,$GAGSV,07,,42
2026-05-25T18:29:46.243233,$GAGSV,08,,41
2026-05-25T18:29:46.243233,$GAGSV,13,,42
2026-05-25T18:29:46.244054,$GAGSV,15,,43
2026-05-25T18:29:46.244054,$GAGSV,32,,41
2026-05-25T18:29:46.244054,$GAGSV,34,,36
2026-05-25T18:29:46.245487,$GBGSV,07,,44
2026-05-25T18:29:46.245487,$GBGSV,09,,41
2026-05-25T18:29:46.245487,$GBGSV,10,,41
2026-05-25T18:29:46.245487,$GBGSV,13,,43
2026-05-25T18:29:46.246364,$GBGSV,25,,44
2026-05-25T18:29:46.246364,$GBGSV,27,,25
2026-05-25T18:29:46.246364,$GBGSV,28,,39
2026-05-25T18:29:46.246364,$GBGSV,33,,41
2026-05-25T18:29:46.247039,$GBGSV,09,,38
2026-05-25T18:29:46.247039,$GBGSV,10,,41
2026-05-25T18:29:47.218533,$GPGSV,10,,26
2026-05-25T18:29:47.218533,$GPGSV,12,,31
2026-05-25T18:29:47.218533,$GPGSV,18,,43
2026-05-25T18:29:47.218533,$GPGSV,23,,42
2026-05-25T18:29:47.219540,$GPGSV,24,,29
2026-05-25T18:29:47.219540,$GPGSV,25,,35
2026-05-25T18:29:47.219540,$GPGSV,28,,39
2026-05-25T18:29:47.219540,$GPGSV,32,,35
2026-05-25T18:29:47.220362,$GPGSV,41,,45
2026-05-25T18:29:47.220362,$GPGSV,42,,44
2026-05-25T18:29:47.220362,$GPGSV,50,,38
2026-05-25T18:29:47.221293,$GPGSV,10,,22
2026-05-25T18:29:47.221293,$GPGSV,12,,25
2026-05-25T18:29:47.221293,$GPGSV,18,,41
2026-05-25T18:29:47.221293,$GPGSV,23,,40
2026-05-25T18:29:47.222215,$GPGSV,24,,21
2026-05-25T18:29:47.222215,$GPGSV,25,,33
2026-05-25T18:29:47.222215,$GPGSV,28,,36
2026-05-25T18:29:47.222215,$GPGSV,32,,23
2026-05-25T18:29:47.224467,$GLGSV,65,,21
2026-05-25T18:29:47.224467,$GLGSV,66,,20
2026-05-25T18:29:47.224467,$GLGSV,75,,30
2026-05-25T18:29:47.224467,$GLGSV,76,,43
2026-05-25T18:29:47.225280,$GLGSV,77,,35
2026-05-25T18:29:47.225280,$GLGSV,81,,34
2026-05-25T18:29:47.225280,$GLGSV,88,,44
2026-05-25T18:29:47.226202,$GLGSV,66,,26
2026-05-25T18:29:47.226202,$GLGSV,75,,28
2026-05-25T18:29:47.226202,$GLGSV,76,,42
2026-05-25T18:29:47.226202,$GLGSV,81,,34
2026-05-25T18:29:47.226806,$GLGSV,88,,40
2026-05-25T18:29:47.228361,$GAGSV,03,,25
2026-05-25T18:29:47.228361,$GAGSV,07,,39
2026-05-25T18:29:47.228361,$GAGSV,08,,40
2026-05-25T18:29:47.228361,$GAGSV,13,,42
2026-05-25T18:29:47.229145,$GAGSV,15,,43
2026-05-25T18:29:47.229145,$GAGSV,32,,40
2026-05-25T18:29:47.229145,$GAGSV,34,,36
2026-05-25T18:29:47.230033,$GAGSV,03,,25
2026-05-25T18:29:47.230033,$GAGSV,07,,42
2026-05-25T18:29:47.230033,$GAGSV,08,,42
2026-05-25T18:29:47.230033,$GAGSV,13,,42
2026-05-25T18:29:47.230813,$GAGSV,15,,43
2026-05-25T18:29:47.230813,$GAGSV,32,,41
2026-05-25T18:29:47.230813,$GAGSV,34,,36
2026-05-25T18:29:47.232384,$GBGSV,07,,44
2026-05-25T18:29:47.232384,$GBGSV,09,,41
2026-05-25T18:29:47.232384,$GBGSV,10,,41
2026-05-25T18:29:47.232384,$GBGSV,13,,43
2026-05-25T18:29:47.233263,$GBGSV,25,,44
2026-05-25T18:29:47.233263,$GBGSV,27,,24
2026-05-25T18:29:47.233263,$GBGSV,28,,39
2026-05-25T18:29:47.233263,$GBGSV,33,,41
2026-05-25T18:29:47.234099,$GBGSV,09,,38
2026-05-25T18:29:47.234099,$GBGSV,10,,41
2026-05-25T18:29:48.219259,$GPGSV,10,,26
2026-05-25T18:29:48.219259,$GPGSV,12,,31
2026-05-25T18:29:48.219259,$GPGSV,18,,43
2026-05-25T18:29:48.219259,$GPGSV,23,,42
2026-05-25T18:29:48.220193,$GPGSV,24,,29
2026-05-25T18:29:48.220193,$GPGSV,25,,36
2026-05-25T18:29:48.220193,$GPGSV,28,,39
2026-05-25T18:29:48.220193,$GPGSV,32,,35
2026-05-25T18:29:48.221016,$GPGSV,41,,46
2026-05-25T18:29:48.221016,$GPGSV,42,,44
2026-05-25T18:29:48.221016,$GPGSV,50,,38
2026-05-25T18:29:48.221940,$GPGSV,10,,22
2026-05-25T18:29:48.221940,$GPGSV,12,,25
2026-05-25T18:29:48.221940,$GPGSV,18,,41
2026-05-25T18:29:48.221940,$GPGSV,23,,40
2026-05-25T18:29:48.222860,$GPGSV,24,,22
2026-05-25T18:29:48.222860,$GPGSV,25,,33
2026-05-25T18:29:48.222860,$GPGSV,28,,36
2026-05-25T18:29:48.222860,$GPGSV,32,,22
2026-05-25T18:29:48.225086,$GLGSV,65,,21
2026-05-25T18:29:48.225086,$GLGSV,66,,20
2026-05-25T18:29:48.225086,$GLGSV,75,,30
2026-05-25T18:29:48.225086,$GLGSV,76,,43
2026-05-25T18:29:48.225866,$GLGSV,77,,35
2026-05-25T18:29:48.225866,$GLGSV,81,,33
2026-05-25T18:29:48.225866,$GLGSV,88,,44
2026-05-25T18:29:48.226746,$GLGSV,66,,26
2026-05-25T18:29:48.226746,$GLGSV,75,,29
2026-05-25T18:29:48.226746,$GLGSV,76,,42
2026-05-25T18:29:48.226746,$GLGSV,81,,35
2026-05-25T18:29:48.227343,$GLGSV,88,,40
2026-05-25T18:29:48.228866,$GAGSV,03,,25
2026-05-25T18:29:48.228866,$GAGSV,07,,39
2026-05-25T18:29:48.228866,$GAGSV,08,,40
2026-05-25T18:29:48.228866,$GAGSV,13,,42
2026-05-25T18:29:48.229658,$GAGSV,15,,43
2026-05-25T18:29:48.229658,$GAGSV,32,,39
2026-05-25T18:29:48.229658,$GAGSV,34,,36
2026-05-25T18:29:48.230532,$GAGSV,03,,25
2026-05-25T18:29:48.230532,$GAGSV,07,,42
2026-05-25T18:29:48.230532,$GAGSV,08,,42
2026-05-25T18:29:48.230532,$GAGSV,13,,42
2026-05-25T18:29:48.231400,$GAGSV,15,,44
2026-05-25T18:29:48.231400,$GAGSV,32,,41
2026-05-25T18:29:48.231400,$GAGSV,34,,36
2026-05-25T18:29:48.232955,$GBGSV,07,,44
2026-05-25T18:29:48.232955,$GBGSV,09,,41
2026-05-25T18:29:48.232955,$GBGSV,10,,41
2026-05-25T18:29:48.232955,$GBGSV,13,,43
2026-05-25T18:29:48.234045,$GBGSV,25,,44
2026-05-25T18:29:48.234045,$GBGSV,27,,23
2026-05-25T18:29:48.234045,$GBGSV,28,,39
2026-05-25T18:29:48.234045,$GBGSV,33,,41
2026-05-25T18:29:48.234815,$GBGSV,09,,38
2026-05-25T18:29:48.234815,$GBGSV,10,,40
2026-05-25T18:29:49.219199,$GPGSV,10,,27
2026-05-25T18:29:49.219199,$GPGSV,12,,31
2026-05-25T18:29:49.219199,$GPGSV,13,,31
2026-05-25T18:29:49.219199,$GPGSV,18,,43
2026-05-25T18:29:49.220133,$GPGSV,23,,42
2026-05-25T18:29:49.220133,$GPGSV,24,,29
2026-05-25T18:29:49.220133,$GPGSV,25,,35
2026-05-25T18:29:49.220133,$GPGSV,28,,40
2026-05-25T18:29:49.221047,$GPGSV,32,,35
2026-05-25T18:29:49.221047,$GPGSV,41,,45
2026-05-25T18:29:49.221047,$GPGSV,42,,44
2026-05-25T18:29:49.221047,$GPGSV,50,,38
2026-05-25T18:29:49.221967,$GPGSV,10,,21
2026-05-25T18:29:49.221967,$GPGSV,12,,25
2026-05-25T18:29:49.221967,$GPGSV,18,,41
2026-05-25T18:29:49.221967,$GPGSV,23,,40
2026-05-25T18:29:49.222882,$GPGSV,24,,22
2026-05-25T18:29:49.222882,$GPGSV,25,,33
2026-05-25T18:29:49.222882,$GPGSV,28,,36
2026-05-25T18:29:49.222882,$GPGSV,32,,21
2026-05-25T18:29:49.225050,$GLGSV,65,,21
2026-05-25T18:29:49.225050,$GLGSV,66,,18
2026-05-25T18:29:49.225050,$GLGSV,75,,31
2026-05-25T18:29:49.225050,$GLGSV,76,,43
2026-05-25T18:29:49.225864,$GLGSV,77,,35
2026-05-25T18:29:49.225864,$GLGSV,81,,33
2026-05-25T18:29:49.225864,$GLGSV,88,,44
2026-05-25T18:29:49.226770,$GLGSV,66,,26
2026-05-25T18:29:49.226770,$GLGSV,75,,29
2026-05-25T18:29:49.226770,$GLGSV,76,,42
2026-05-25T18:29:49.226770,$GLGSV,81,,34
2026-05-25T18:29:49.227358,$GLGSV,88,,40
2026-05-25T18:29:49.228871,$GAGSV,03,,25
2026-05-25T18:29:49.228871,$GAGSV,07,,39
2026-05-25T18:29:49.228871,$GAGSV,08,,40
2026-05-25T18:29:49.228871,$GAGSV,13,,42
2026-05-25T18:29:49.229657,$GAGSV,15,,43
2026-05-25T18:29:49.229657,$GAGSV,32,,39
2026-05-25T18:29:49.229657,$GAGSV,34,,36
2026-05-25T18:29:49.230567,$GAGSV,03,,25
2026-05-25T18:29:49.230567,$GAGSV,07,,42
2026-05-25T18:29:49.230567,$GAGSV,08,,42
2026-05-25T18:29:49.230567,$GAGSV,13,,42
2026-05-25T18:29:49.231518,$GAGSV,15,,44
2026-05-25T18:29:49.231518,$GAGSV,32,,41
2026-05-25T18:29:49.231518,$GAGSV,34,,36
2026-05-25T18:29:49.232686,$GBGSV,07,,44
2026-05-25T18:29:49.232686,$GBGSV,09,,41
2026-05-25T18:29:49.232686,$GBGSV,10,,41
2026-05-25T18:29:49.232686,$GBGSV,13,,43
2026-05-25T18:29:49.233379,$GBGSV,25,,44
2026-05-25T18:29:49.233379,$GBGSV,27,,23
2026-05-25T18:29:49.233379,$GBGSV,28,,39
2026-05-25T18:29:49.233379,$GBGSV,33,,41
2026-05-25T18:29:49.233873,$GBGSV,09,,38
2026-05-25T18:29:49.233873,$GBGSV,10,,40
2026-05-25T18:29:50.218928,$GPGSV,10,,27
2026-05-25T18:29:50.218928,$GPGSV,12,,31
2026-05-25T18:29:50.218928,$GPGSV,13,,35
2026-05-25T18:29:50.218928,$GPGSV,18,,43
2026-05-25T18:29:50.219763,$GPGSV,23,,42
2026-05-25T18:29:50.219763,$GPGSV,24,,29
2026-05-25T18:29:50.219763,$GPGSV,25,,35
2026-05-25T18:29:50.219763,$GPGSV,28,,40
2026-05-25T18:29:50.220517,$GPGSV,32,,34
2026-05-25T18:29:50.220517,$GPGSV,41,,45
2026-05-25T18:29:50.220517,$GPGSV,42,,44
2026-05-25T18:29:50.220517,$GPGSV,50,,38
2026-05-25T18:29:50.221233,$GPGSV,10,,21
2026-05-25T18:29:50.221233,$GPGSV,12,,24
2026-05-25T18:29:50.221233,$GPGSV,18,,41
2026-05-25T18:29:50.221233,$GPGSV,23,,40
2026-05-25T18:29:50.221962,$GPGSV,24,,22
2026-05-25T18:29:50.221962,$GPGSV,25,,33
2026-05-25T18:29:50.221962,$GPGSV,28,,36
2026-05-25T18:29:50.221962,$GPGSV,32,,21
2026-05-25T18:29:50.223810,$GLGSV,65,,21
2026-05-25T18:29:50.223810,$GLGSV,66,,17
2026-05-25T18:29:50.223810,$GLGSV,75,,31
2026-05-25T18:29:50.223810,$GLGSV,76,,43
2026-05-25T18:29:50.224429,$GLGSV,77,,35
2026-05-25T18:29:50.224429,$GLGSV,81,,33
2026-05-25T18:29:50.224429,$GLGSV,88,,44
2026-05-25T18:29:50.225156,$GLGSV,66,,26
2026-05-25T18:29:50.225156,$GLGSV,75,,29
2026-05-25T18:29:50.225156,$GLGSV,76,,42
2026-05-25T18:29:50.225156,$GLGSV,81,,35
2026-05-25T18:29:50.225567,$GLGSV,88,,40
2026-05-25T18:29:50.226838,$GAGSV,03,,25
2026-05-25T18:29:50.226838,$GAGSV,07,,39
2026-05-25T18:29:50.226838,$GAGSV,08,,40
2026-05-25T18:29:50.226838,$GAGSV,13,,42
2026-05-25T18:29:50.227477,$GAGSV,15,,43
2026-05-25T18:29:50.227477,$GAGSV,32,,40
2026-05-25T18:29:50.227477,$GAGSV,34,,35
2026-05-25T18:29:50.228208,$GAGSV,03,,25
2026-05-25T18:29:50.228208,$GAGSV,07,,41
2026-05-25T18:29:50.228208,$GAGSV,08,,42
2026-05-25T18:29:50.228208,$GAGSV,13,,42
2026-05-25T18:29:50.228809,$GAGSV,15,,43
2026-05-25T18:29:50.228809,$GAGSV,32,,41
2026-05-25T18:29:50.228809,$GAGSV,34,,36
2026-05-25T18:29:50.229959,$GBGSV,07,,44
2026-05-25T18:29:50.229959,$GBGSV,09,,41
2026-05-25T18:29:50.229959,$GBGSV,10,,41
2026-05-25T18:29:50.229959,$GBGSV,13,,42
2026-05-25T18:29:50.230661,$GBGSV,25,,44
2026-05-25T18:29:50.230661,$GBGSV,27,,22
2026-05-25T18:29:50.230661,$GBGSV,28,,39
2026-05-25T18:29:50.230661,$GBGSV,33,,41
2026-05-25T18:29:50.231193,$GBGSV,09,,38
2026-05-25T18:29:50.231193,$GBGSV,10,,41
2026-05-25T18:29:51.218307,$GPGSV,10,,27
2026-05-25T18:29:51.218307,$GPGSV,12,,31
2026-05-25T18:29:51.218307,$GPGSV,13,,35
2026-05-25T18:29:51.218307,$GPGSV,18,,43
2026-05-25T18:29:51.219061,$GPGSV,23,,42
2026-05-25T18:29:51.219061,$GPGSV,24,,29
2026-05-25T18:29:51.219061,$GPGSV,25,,35
2026-05-25T18:29:51.219061,$GPGSV,28,,40
2026-05-25T18:29:51.219808,$GPGSV,32,,33
2026-05-25T18:29:51.219808,$GPGSV,41,,45
2026-05-25T18:29:51.219808,$GPGSV,42,,44
2026-05-25T18:29:51.219808,$GPGSV,50,,38
2026-05-25T18:29:51.220528,$GPGSV,10,,21
2026-05-25T18:29:51.220528,$GPGSV,12,,25
2026-05-25T18:29:51.220528,$GPGSV,18,,41
2026-05-25T18:29:51.220528,$GPGSV,23,,40
2026-05-25T18:29:51.221249,$GPGSV,24,,22
2026-05-25T18:29:51.221249,$GPGSV,25,,33
2026-05-25T18:29:51.221249,$GPGSV,28,,36
2026-05-25T18:29:51.221249,$GPGSV,32,,21
2026-05-25T18:29:51.223004,$GLGSV,65,,21
2026-05-25T18:29:51.223004,$GLGSV,75,,31
2026-05-25T18:29:51.223004,$GLGSV,76,,43
2026-05-25T18:29:51.223004,$GLGSV,77,,35
2026-05-25T18:29:51.223532,$GLGSV,81,,33
2026-05-25T18:29:51.223532,$GLGSV,88,,44
2026-05-25T18:29:51.224229,$GLGSV,66,,26
2026-05-25T18:29:51.224229,$GLGSV,75,,30
2026-05-25T18:29:51.224229,$GLGSV,76,,42
2026-05-25T18:29:51.224229,$GLGSV,81,,34
2026-05-25T18:29:51.224627,$GLGSV,88,,40
2026-05-25T18:29:51.225853,$GAGSV,03,,25
2026-05-25T18:29:51.225853,$GAGSV,07,,39
2026-05-25T18:29:51.225853,$GAGSV,08,,40
2026-05-25T18:29:51.225853,$GAGSV,13,,42
2026-05-25T18:29:51.226452,$GAGSV,15,,42
2026-05-25T18:29:51.226452,$GAGSV,32,,39
2026-05-25T18:29:51.226452,$GAGSV,34,,35
2026-05-25T18:29:51.227161,$GAGSV,03,,25
2026-05-25T18:29:51.227161,$GAGSV,07,,42
2026-05-25T18:29:51.227161,$GAGSV,08,,42
2026-05-25T18:29:51.227161,$GAGSV,13,,42
2026-05-25T18:29:51.227762,$GAGSV,15,,43
2026-05-25T18:29:51.227762,$GAGSV,32,,41
2026-05-25T18:29:51.227762,$GAGSV,34,,36
2026-05-25T18:29:51.228950,$GBGSV,07,,43
2026-05-25T18:29:51.228950,$GBGSV,09,,41
2026-05-25T18:29:51.228950,$GBGSV,10,,41
2026-05-25T18:29:51.228950,$GBGSV,13,,43
2026-05-25T18:29:51.229645,$GBGSV,25,,44
2026-05-25T18:29:51.229645,$GBGSV,27,,22
2026-05-25T18:29:51.229645,$GBGSV,28,,39
2026-05-25T18:29:51.229645,$GBGSV,33,,41
2026-05-25T18:29:51.230139,$GBGSV,09,,38
2026-05-25T18:29:51.230139,$GBGSV,10,,41
2026-05-25T18:29:52.217985,$GPGSV,10,,28
2026-05-25T18:29:52.217985,$GPGSV,12,,31
2026-05-25T18:29:52.217985,$GPGSV,13,,35
2026-05-25T18:29:52.217985,$GPGSV,18,,43
2026-05-25T18:29:52.218749,$GPGSV,23,,42
2026-05-25T18:29:52.218749,$GPGSV,24,,29
2026-05-25T18:29:52.218749,$GPGSV,25,,35
2026-05-25T18:29:52.218749,$GPGSV,28,,40
2026-05-25T18:29:52.219489,$GPGSV,32,,33
2026-05-25T18:29:52.219489,$GPGSV,41,,45
2026-05-25T18:29:52.219489,$GPGSV,42,,44
2026-05-25T18:29:52.219489,$GPGSV,50,,38
2026-05-25T18:29:52.220224,$GPGSV,10,,21
2026-05-25T18:29:52.220224,$GPGSV,12,,24
2026-05-25T18:29:52.220224,$GPGSV,18,,41
2026-05-25T18:29:52.220224,$GPGSV,23,,40
2026-05-25T18:29:52.220943,$GPGSV,24,,22
2026-05-25T18:29:52.220943,$GPGSV,25,,33
2026-05-25T18:29:52.220943,$GPGSV,28,,36
2026-05-25T18:29:52.220943,$GPGSV,32,,22
2026-05-25T18:29:52.222687,$GLGSV,65,,21
2026-05-25T18:29:52.222687,$GLGSV,75,,31
2026-05-25T18:29:52.222687,$GLGSV,76,,43
2026-05-25T18:29:52.222687,$GLGSV,77,,35
2026-05-25T18:29:52.223236,$GLGSV,81,,32
2026-05-25T18:29:52.223236,$GLGSV,88,,44
2026-05-25T18:29:52.223928,$GLGSV,66,,26
2026-05-25T18:29:52.223928,$GLGSV,75,,29
2026-05-25T18:29:52.223928,$GLGSV,76,,42
2026-05-25T18:29:52.223928,$GLGSV,81,,35
2026-05-25T18:29:52.224326,$GLGSV,88,,40
2026-05-25T18:29:52.225542,$GAGSV,03,,25
2026-05-25T18:29:52.225542,$GAGSV,07,,39
2026-05-25T18:29:52.225542,$GAGSV,08,,40
2026-05-25T18:29:52.225542,$GAGSV,13,,42
2026-05-25T18:29:52.226134,$GAGSV,15,,42
2026-05-25T18:29:52.226134,$GAGSV,32,,39
2026-05-25T18:29:52.226134,$GAGSV,34,,36
2026-05-25T18:29:52.226818,$GAGSV,03,,25
2026-05-25T18:29:52.226818,$GAGSV,07,,41
2026-05-25T18:29:52.226818,$GAGSV,08,,42
2026-05-25T18:29:52.226818,$GAGSV,13,,42
2026-05-25T18:29:52.227422,$GAGSV,15,,43
2026-05-25T18:29:52.227422,$GAGSV,32,,41
2026-05-25T18:29:52.227422,$GAGSV,34,,37
2026-05-25T18:29:52.228562,$GBGSV,07,,43
2026-05-25T18:29:52.228562,$GBGSV,09,,41
2026-05-25T18:29:52.228562,$GBGSV,10,,41
2026-05-25T18:29:52.228562,$GBGSV,13,,43
2026-05-25T18:29:52.229251,$GBGSV,25,,44
2026-05-25T18:29:52.229251,$GBGSV,27,,22
2026-05-25T18:29:52.229251,$GBGSV,28,,39
2026-05-25T18:29:52.229251,$GBGSV,33,,41
2026-05-25T18:29:52.229741,$GBGSV,09,,38
2026-05-25T18:29:52.229741,$GBGSV,10,,41
2026-05-25T18:29:53.219818,$GPGSV,10,,29
2026-05-25T18:29:53.219818,$GPGSV,12,,31
2026-05-25T18:29:53.219818,$GPGSV,13,,35
2026-05-25T18:29:53.219818,$GPGSV,18,,43
2026-05-25T18:29:53.220619,$GPGSV,23,,42
2026-05-25T18:29:53.220619,$GPGSV,24,,29
2026-05-25T18:29:53.220619,$GPGSV,25,,35
2026-05-25T18:29:53.220619,$GPGSV,28,,40
2026-05-25T18:29:53.221348,$GPGSV,32,,32
2026-05-25T18:29:53.221348,$GPGSV,41,,45
2026-05-25T18:29:53.221348,$GPGSV,42,,44
2026-05-25T18:29:53.221348,$GPGSV,50,,38
2026-05-25T18:29:53.222077,$GPGSV,10,,20
2026-05-25T18:29:53.222077,$GPGSV,12,,24
2026-05-25T18:29:53.222077,$GPGSV,18,,41
2026-05-25T18:29:53.222077,$GPGSV,23,,40
2026-05-25T18:29:53.222804,$GPGSV,24,,23
2026-05-25T18:29:53.222804,$GPGSV,25,,33
2026-05-25T18:29:53.222804,$GPGSV,28,,36
2026-05-25T18:29:53.222804,$GPGSV,32,,22
2026-05-25T18:29:53.224549,$GLGSV,65,,21
2026-05-25T18:29:53.224549,$GLGSV,75,,32
2026-05-25T18:29:53.224549,$GLGSV,76,,43
2026-05-25T18:29:53.224549,$GLGSV,77,,36
2026-05-25T18:29:53.225061,$GLGSV,81,,32
2026-05-25T18:29:53.225061,$GLGSV,88,,44
2026-05-25T18:29:53.225775,$GLGSV,66,,26
2026-05-25T18:29:53.225775,$GLGSV,75,,30
2026-05-25T18:29:53.225775,$GLGSV,76,,41
2026-05-25T18:29:53.225775,$GLGSV,81,,35
2026-05-25T18:29:53.226190,$GLGSV,88,,40
2026-05-25T18:29:53.227535,$GAGSV,03,,25
2026-05-25T18:29:53.227535,$GAGSV,07,,39
2026-05-25T18:29:53.227535,$GAGSV,08,,40
2026-05-25T18:29:53.227535,$GAGSV,13,,43
2026-05-25T18:29:53.228165,$GAGSV,15,,42
2026-05-25T18:29:53.228165,$GAGSV,32,,39
2026-05-25T18:29:53.228165,$GAGSV,34,,35
2026-05-25T18:29:53.228867,$GAGSV,03,,25
2026-05-25T18:29:53.228867,$GAGSV,07,,41
2026-05-25T18:29:53.228867,$GAGSV,08,,42
2026-05-25T18:29:53.228867,$GAGSV,13,,42
2026-05-25T18:29:53.229460,$GAGSV,15,,43
2026-05-25T18:29:53.229460,$GAGSV,32,,41
2026-05-25T18:29:53.229460,$GAGSV,34,,37
2026-05-25T18:29:53.230813,$GBGSV,07,,43
2026-05-25T18:29:53.230813,$GBGSV,09,,41
2026-05-25T18:29:53.230813,$GBGSV,10,,41
2026-05-25T18:29:53.230813,$GBGSV,13,,43
2026-05-25T18:29:53.231568,$GBGSV,25,,44
2026-05-25T18:29:53.231568,$GBGSV,27,,23
2026-05-25T18:29:53.231568,$GBGSV,28,,39
2026-05-25T18:29:53.231568,$GBGSV,33,,41
2026-05-25T18:29:53.232083,$GBGSV,09,,38
2026-05-25T18:29:53.232083,$GBGSV,10,,41
2026-05-25T18:29:54.216964,$GPGSV,10,,29
2026-05-25T18:29:54.216964,$GPGSV,12,,31
2026-05-25T18:29:54.216964,$GPGSV,13,,35
2026-05-25T18:29:54.216964,$GPGSV,18,,43
2026-05-25T18:29:54.217783,$GPGSV,23,,42
2026-05-25T18:29:54.217783,$GPGSV,24,,29
2026-05-25T18:29:54.217783,$GPGSV,25,,35
2026-05-25T18:29:54.217783,$GPGSV,28,,40
2026-05-25T18:29:54.218582,$GPGSV,32,,32
2026-05-25T18:29:54.218582,$GPGSV,41,,46
2026-05-25T18:29:54.218582,$GPGSV,42,,44
2026-05-25T18:29:54.218582,$GPGSV,50,,38
2026-05-25T18:29:54.219386,$GPGSV,10,,20
2026-05-25T18:29:54.219386,$GPGSV,12,,24
2026-05-25T18:29:54.219386,$GPGSV,18,,41
2026-05-25T18:29:54.219386,$GPGSV,23,,40
2026-05-25T18:29:54.220182,$GPGSV,24,,22
2026-05-25T18:29:54.220182,$GPGSV,25,,33
2026-05-25T18:29:54.220182,$GPGSV,28,,36
2026-05-25T18:29:54.220182,$GPGSV,32,,22
2026-05-25T18:29:54.222087,$GLGSV,65,,21
2026-05-25T18:29:54.222087,$GLGSV,75,,32
2026-05-25T18:29:54.222087,$GLGSV,76,,43
2026-05-25T18:29:54.222087,$GLGSV,77,,36
2026-05-25T18:29:54.222655,$GLGSV,81,,32
2026-05-25T18:29:54.222655,$GLGSV,88,,44
2026-05-25T18:29:54.223450,$GLGSV,66,,26
2026-05-25T18:29:54.223450,$GLGSV,75,,30
2026-05-25T18:29:54.223450,$GLGSV,76,,42
2026-05-25T18:29:54.223450,$GLGSV,81,,34
2026-05-25T18:29:54.223906,$GLGSV,88,,40
2026-05-25T18:29:54.225288,$GAGSV,03,,25
2026-05-25T18:29:54.225288,$GAGSV,07,,39
2026-05-25T18:29:54.225288,$GAGSV,08,,40
2026-05-25T18:29:54.225288,$GAGSV,13,,43
2026-05-25T18:29:54.225968,$GAGSV,15,,42
2026-05-25T18:29:54.225968,$GAGSV,32,,40
2026-05-25T18:29:54.225968,$GAGSV,34,,35
2026-05-25T18:29:54.226755,$GAGSV,03,,25
2026-05-25T18:29:54.226755,$GAGSV,07,,41
2026-05-25T18:29:54.226755,$GAGSV,08,,42
2026-05-25T18:29:54.226755,$GAGSV,13,,42
2026-05-25T18:29:54.227458,$GAGSV,15,,43
2026-05-25T18:29:54.227458,$GAGSV,32,,41
2026-05-25T18:29:54.227458,$GAGSV,34,,37
2026-05-25T18:29:54.228852,$GBGSV,07,,44
2026-05-25T18:29:54.228852,$GBGSV,09,,41
2026-05-25T18:29:54.228852,$GBGSV,10,,41
2026-05-25T18:29:54.228852,$GBGSV,13,,43
2026-05-25T18:29:54.229642,$GBGSV,25,,44
2026-05-25T18:29:54.229642,$GBGSV,27,,23
2026-05-25T18:29:54.229642,$GBGSV,28,,39
2026-05-25T18:29:54.229642,$GBGSV,33,,41
2026-05-25T18:29:54.230235,$GBGSV,09,,38
2026-05-25T18:29:54.230235,$GBGSV,10,,40
2026-05-25T18:29:55.210313,$GPGSV,10,,29
2026-05-25T18:29:55.210313,$GPGSV,12,,31
2026-05-25T18:29:55.210313,$GPGSV,13,,36
2026-05-25T18:29:55.210313,$GPGSV,18,,43
2026-05-25T18:29:55.211081,$GPGSV,23,,41
2026-05-25T18:29:55.211081,$GPGSV,24,,29
2026-05-25T18:29:55.211081,$GPGSV,25,,35
2026-05-25T18:29:55.211081,$GPGSV,28,,40
2026-05-25T18:29:55.211818,$GPGSV,32,,31
2026-05-25T18:29:55.211818,$GPGSV,41,,45
2026-05-25T18:29:55.211818,$GPGSV,42,,44
2026-05-25T18:29:55.211818,$GPGSV,50,,38
2026-05-25T18:29:55.212541,$GPGSV,10,,21
2026-05-25T18:29:55.212541,$GPGSV,12,,23
2026-05-25T18:29:55.212541,$GPGSV,18,,41
2026-05-25T18:29:55.212541,$GPGSV,23,,39
2026-05-25T18:29:55.213265,$GPGSV,24,,22
2026-05-25T18:29:55.213265,$GPGSV,25,,33
2026-05-25T18:29:55.213265,$GPGSV,28,,36
2026-05-25T18:29:55.213265,$GPGSV,32,,22
2026-05-25T18:29:55.215003,$GLGSV,65,,21
2026-05-25T18:29:55.215003,$GLGSV,75,,33
2026-05-25T18:29:55.215003,$GLGSV,76,,43
2026-05-25T18:29:55.215003,$GLGSV,77,,36
2026-05-25T18:29:55.215526,$GLGSV,81,,32
2026-05-25T18:29:55.215526,$GLGSV,88,,44
2026-05-25T18:29:55.216241,$GLGSV,66,,26
2026-05-25T18:29:55.216241,$GLGSV,75,,30
2026-05-25T18:29:55.216241,$GLGSV,76,,41
2026-05-25T18:29:55.216241,$GLGSV,81,,34
2026-05-25T18:29:55.216651,$GLGSV,88,,40
2026-05-25T18:29:55.217890,$GAGSV,03,,25
2026-05-25T18:29:55.217890,$GAGSV,07,,39
2026-05-25T18:29:55.217890,$GAGSV,08,,40
2026-05-25T18:29:55.217890,$GAGSV,13,,43
2026-05-25T18:29:55.218502,$GAGSV,15,,42
2026-05-25T18:29:55.218502,$GAGSV,32,,40
2026-05-25T18:29:55.218502,$GAGSV,34,,35
2026-05-25T18:29:55.219208,$GAGSV,03,,25
2026-05-25T18:29:55.219208,$GAGSV,07,,41
2026-05-25T18:29:55.219208,$GAGSV,08,,42
2026-05-25T18:29:55.219208,$GAGSV,13,,42
2026-05-25T18:29:55.219812,$GAGSV,15,,43
2026-05-25T18:29:55.219812,$GAGSV,32,,41
2026-05-25T18:29:55.219812,$GAGSV,34,,37
2026-05-25T18:29:55.221052,$GBGSV,07,,44
2026-05-25T18:29:55.221052,$GBGSV,09,,41
2026-05-25T18:29:55.221052,$GBGSV,10,,41
2026-05-25T18:29:55.221052,$GBGSV,13,,43
2026-05-25T18:29:55.221746,$GBGSV,25,,44
2026-05-25T18:29:55.221746,$GBGSV,27,,24
2026-05-25T18:29:55.221746,$GBGSV,28,,39
2026-05-25T18:29:55.221746,$GBGSV,33,,41
2026-05-25T18:29:55.222249,$GBGSV,09,,38
2026-05-25T18:29:55.222249,$GBGSV,10,,40
2026-05-25T18:29:56.218979,$GPGSV,10,,29
2026-05-25T18:29:56.218979,$GPGSV,12,,31
2026-05-25T18:29:56.218979,$GPGSV,13,,36
2026-05-25T18:29:56.218979,$GPGSV,18,,43
2026-05-25T18:29:56.219965,$GPGSV,23,,41
2026-05-25T18:29:56.219965,$GPGSV,24,,29
2026-05-25T18:29:56.219965,$GPGSV,25,,35
2026-05-25T18:29:56.219965,$GPGSV,28,,40
2026-05-25T18:29:56.220802,$GPGSV,32,,31
2026-05-25T18:29:56.220802,$GPGSV,41,,45
2026-05-25T18:29:56.220802,$GPGSV,42,,44
2026-05-25T18:29:56.220802,$GPGSV,50,,38
2026-05-25T18:29:56.221546,$GPGSV,10,,21
2026-05-25T18:29:56.221546,$GPGSV,12,,23
2026-05-25T18:29:56.221546,$GPGSV,18,,41
2026-05-25T18:29:56.221546,$GPGSV,23,,39
2026-05-25T18:29:56.222282,$GPGSV,24,,22
2026-05-25T18:29:56.222282,$GPGSV,25,,32
2026-05-25T18:29:56.222282,$GPGSV,28,,35
2026-05-25T18:29:56.222282,$GPGSV,32,,22
2026-05-25T18:29:56.224035,$GLGSV,65,,20
2026-05-25T18:29:56.224035,$GLGSV,66,,30
2026-05-25T18:29:56.224035,$GLGSV,75,,33
2026-05-25T18:29:56.224035,$GLGSV,76,,43
2026-05-25T18:29:56.224652,$GLGSV,77,,36
2026-05-25T18:29:56.224652,$GLGSV,81,,32
2026-05-25T18:29:56.224652,$GLGSV,88,,44
2026-05-25T18:29:56.225375,$GLGSV,66,,26
2026-05-25T18:29:56.225375,$GLGSV,75,,30
2026-05-25T18:29:56.225375,$GLGSV,76,,41
2026-05-25T18:29:56.225375,$GLGSV,81,,35
2026-05-25T18:29:56.225787,$GLGSV,88,,40
2026-05-25T18:29:56.227054,$GAGSV,03,,25
2026-05-25T18:29:56.227054,$GAGSV,07,,39
2026-05-25T18:29:56.227054,$GAGSV,08,,40
2026-05-25T18:29:56.227054,$GAGSV,13,,42
2026-05-25T18:29:56.227696,$GAGSV,15,,42
2026-05-25T18:29:56.227696,$GAGSV,32,,40
2026-05-25T18:29:56.227696,$GAGSV,34,,35
2026-05-25T18:29:56.228414,$GAGSV,03,,25
2026-05-25T18:29:56.228414,$GAGSV,07,,41
2026-05-25T18:29:56.228414,$GAGSV,08,,42
2026-05-25T18:29:56.228414,$GAGSV,13,,42
2026-05-25T18:29:56.229020,$GAGSV,15,,43
2026-05-25T18:29:56.229020,$GAGSV,32,,41
2026-05-25T18:29:56.229020,$GAGSV,34,,37
2026-05-25T18:29:56.230270,$GBGSV,07,,43
2026-05-25T18:29:56.230270,$GBGSV,09,,41
2026-05-25T18:29:56.230270,$GBGSV,10,,41
2026-05-25T18:29:56.230270,$GBGSV,13,,42
2026-05-25T18:29:56.230974,$GBGSV,25,,44
2026-05-25T18:29:56.230974,$GBGSV,27,,24
2026-05-25T18:29:56.230974,$GBGSV,28,,38
2026-05-25T18:29:56.230974,$GBGSV,33,,41
2026-05-25T18:29:56.231480,$GBGSV,09,,38
2026-05-25T18:29:56.231480,$GBGSV,10,,40
2026-05-25T18:29:57.217684,$GPGSV,10,,29
2026-05-25T18:29:57.217684,$GPGSV,12,,31
2026-05-25T18:29:57.217684,$GPGSV,13,,36
2026-05-25T18:29:57.217684,$GPGSV,18,,43
2026-05-25T18:29:57.218434,$GPGSV,23,,41
2026-05-25T18:29:57.218434,$GPGSV,24,,29
2026-05-25T18:29:57.218434,$GPGSV,25,,35
2026-05-25T18:29:57.218434,$GPGSV,28,,40
2026-05-25T18:29:57.219174,$GPGSV,32,,30
2026-05-25T18:29:57.219174,$GPGSV,41,,45
2026-05-25T18:29:57.219174,$GPGSV,42,,44
2026-05-25T18:29:57.219174,$GPGSV,50,,38
2026-05-25T18:29:57.219901,$GPGSV,10,,22
2026-05-25T18:29:57.219901,$GPGSV,12,,24
2026-05-25T18:29:57.219901,$GPGSV,18,,41
2026-05-25T18:29:57.219901,$GPGSV,23,,39
2026-05-25T18:29:57.220627,$GPGSV,24,,22
2026-05-25T18:29:57.220627,$GPGSV,25,,33
2026-05-25T18:29:57.220627,$GPGSV,28,,35
2026-05-25T18:29:57.220627,$GPGSV,32,,23
2026-05-25T18:29:57.222385,$GLGSV,65,,20
2026-05-25T18:29:57.222385,$GLGSV,66,,20
2026-05-25T18:29:57.222385,$GLGSV,75,,33
2026-05-25T18:29:57.222385,$GLGSV,76,,43
2026-05-25T18:29:57.223002,$GLGSV,77,,36
2026-05-25T18:29:57.223002,$GLGSV,81,,32
2026-05-25T18:29:57.223002,$GLGSV,88,,44
2026-05-25T18:29:57.223732,$GLGSV,66,,26
2026-05-25T18:29:57.223732,$GLGSV,75,,30
2026-05-25T18:29:57.223732,$GLGSV,76,,41
2026-05-25T18:29:57.223732,$GLGSV,81,,34
2026-05-25T18:29:57.224146,$GLGSV,88,,40
2026-05-25T18:29:57.225394,$GAGSV,03,,25
2026-05-25T18:29:57.225394,$GAGSV,07,,39
2026-05-25T18:29:57.225394,$GAGSV,08,,40
2026-05-25T18:29:57.225394,$GAGSV,13,,42
2026-05-25T18:29:57.225999,$GAGSV,15,,42
2026-05-25T18:29:57.225999,$GAGSV,32,,40
2026-05-25T18:29:57.225999,$GAGSV,34,,35
2026-05-25T18:29:57.226691,$GAGSV,03,,25
2026-05-25T18:29:57.226691,$GAGSV,07,,41
2026-05-25T18:29:57.226691,$GAGSV,08,,42
2026-05-25T18:29:57.226691,$GAGSV,13,,42
2026-05-25T18:29:57.227293,$GAGSV,15,,43
2026-05-25T18:29:57.227293,$GAGSV,32,,41
2026-05-25T18:29:57.227293,$GAGSV,34,,37
2026-05-25T18:29:57.228527,$GBGSV,07,,44
2026-05-25T18:29:57.228527,$GBGSV,09,,41
2026-05-25T18:29:57.228527,$GBGSV,10,,41
2026-05-25T18:29:57.228527,$GBGSV,13,,43
2026-05-25T18:29:57.229221,$GBGSV,25,,45
2026-05-25T18:29:57.229221,$GBGSV,27,,23
2026-05-25T18:29:57.229221,$GBGSV,28,,39
2026-05-25T18:29:57.229221,$GBGSV,33,,41
2026-05-25T18:29:57.229716,$GBGSV,09,,38
2026-05-25T18:29:57.229716,$GBGSV,10,,40
2026-05-25T18:29:58.217715,$GPGSV,10,,29
2026-05-25T18:29:58.217715,$GPGSV,12,,30
2026-05-25T18:29:58.217715,$GPGSV,13,,37
2026-05-25T18:29:58.217715,$GPGSV,18,,43
2026-05-25T18:29:58.218474,$GPGSV,23,,41
2026-05-25T18:29:58.218474,$GPGSV,24,,29
2026-05-25T18:29:58.218474,$GPGSV,25,,35
2026-05-25T18:29:58.218474,$GPGSV,28,,40
2026-05-25T18:29:58.219213,$GPGSV,32,,29
2026-05-25T18:29:58.219213,$GPGSV,41,,45
2026-05-25T18:29:58.219213,$GPGSV,42,,44
2026-05-25T18:29:58.219213,$GPGSV,50,,37
2026-05-25T18:29:58.219950,$GPGSV,10,,21
2026-05-25T18:29:58.219950,$GPGSV,12,,24
2026-05-25T18:29:58.219950,$GPGSV,18,,41
2026-05-25T18:29:58.219950,$GPGSV,23,,39
2026-05-25T18:29:58.220672,$GPGSV,24,,23
2026-05-25T18:29:58.220672,$GPGSV,25,,32
2026-05-25T18:29:58.220672,$GPGSV,28,,35
2026-05-25T18:29:58.220672,$GPGSV,32,,24
2026-05-25T18:29:58.222391,$GLGSV,65,,19
2026-05-25T18:29:58.222391,$GLGSV,66,,16
2026-05-25T18:29:58.222391,$GLGSV,75,,33
2026-05-25T18:29:58.222391,$GLGSV,76,,43
2026-05-25T18:29:58.222989,$GLGSV,77,,36
2026-05-25T18:29:58.222989,$GLGSV,81,,32
2026-05-25T18:29:58.222989,$GLGSV,88,,44
2026-05-25T18:29:58.223695,$GLGSV,66,,26
2026-05-25T18:29:58.223695,$GLGSV,75,,29
2026-05-25T18:29:58.223695,$GLGSV,76,,41
2026-05-25T18:29:58.223695,$GLGSV,81,,35
2026-05-25T18:29:58.224092,$GLGSV,88,,40
2026-05-25T18:29:58.225314,$GAGSV,03,,25
2026-05-25T18:29:58.225314,$GAGSV,07,,39
2026-05-25T18:29:58.225314,$GAGSV,08,,40
2026-05-25T18:29:58.225314,$GAGSV,13,,43
2026-05-25T18:29:58.225914,$GAGSV,15,,42
2026-05-25T18:29:58.225914,$GAGSV,32,,40
2026-05-25T18:29:58.225914,$GAGSV,34,,35
2026-05-25T18:29:58.226604,$GAGSV,03,,25
2026-05-25T18:29:58.226604,$GAGSV,07,,41
2026-05-25T18:29:58.226604,$GAGSV,08,,42
2026-05-25T18:29:58.226604,$GAGSV,13,,42
2026-05-25T18:29:58.227209,$GAGSV,15,,43
2026-05-25T18:29:58.227209,$GAGSV,32,,41
2026-05-25T18:29:58.227209,$GAGSV,34,,37
2026-05-25T18:29:58.228449,$GBGSV,07,,44
2026-05-25T18:29:58.228449,$GBGSV,09,,41
2026-05-25T18:29:58.228449,$GBGSV,10,,41
2026-05-25T18:29:58.228449,$GBGSV,13,,43
2026-05-25T18:29:58.229144,$GBGSV,25,,45
2026-05-25T18:29:58.229144,$GBGSV,27,,23
2026-05-25T18:29:58.229144,$GBGSV,28,,39
2026-05-25T18:29:58.229144,$GBGSV,33,,41
2026-05-25T18:29:58.229640,$GBGSV,09,,38
2026-05-25T18:29:58.229640,$GBGSV,10,,41
2026-05-25T18:29:59.215448,$GPGSV,10,,29
2026-05-25T18:29:59.215448,$GPGSV,12,,30
2026-05-25T18:29:59.215448,$GPGSV,13,,37
2026-05-25T18:29:59.215448,$GPGSV,18,,43
2026-05-25T18:29:59.216203,$GPGSV,23,,41
2026-05-25T18:29:59.216203,$GPGSV,24,,29
2026-05-25T18:29:59.216203,$GPGSV,25,,35
2026-05-25T18:29:59.216203,$GPGSV,28,,40
2026-05-25T18:29:59.217032,$GPGSV,32,,29
2026-05-25T18:29:59.217032,$GPGSV,41,,45
2026-05-25T18:29:59.217032,$GPGSV,42,,45
2026-05-25T18:29:59.217032,$GPGSV,50,,38
2026-05-25T18:29:59.217863,$GPGSV,10,,21
2026-05-25T18:29:59.217863,$GPGSV,12,,24
2026-05-25T18:29:59.217863,$GPGSV,18,,41
2026-05-25T18:29:59.217863,$GPGSV,23,,39
2026-05-25T18:29:59.218697,$GPGSV,24,,22
2026-05-25T18:29:59.218697,$GPGSV,25,,32
2026-05-25T18:29:59.218697,$GPGSV,28,,35
2026-05-25T18:29:59.218697,$GPGSV,32,,24
2026-05-25T18:29:59.220721,$GLGSV,65,,19
2026-05-25T18:29:59.220721,$GLGSV,66,,11
2026-05-25T18:29:59.220721,$GLGSV,75,,33
2026-05-25T18:29:59.220721,$GLGSV,76,,43
2026-05-25T18:29:59.221439,$GLGSV,77,,36
2026-05-25T18:29:59.221439,$GLGSV,81,,33
2026-05-25T18:29:59.221439,$GLGSV,88,,44
2026-05-25T18:29:59.222262,$GLGSV,66,,26
2026-05-25T18:29:59.222262,$GLGSV,75,,30
2026-05-25T18:29:59.222262,$GLGSV,76,,41
2026-05-25T18:29:59.222262,$GLGSV,81,,35
2026-05-25T18:29:59.222732,$GLGSV,88,,40
2026-05-25T18:29:59.224192,$GAGSV,03,,25
2026-05-25T18:29:59.224192,$GAGSV,07,,39
2026-05-25T18:29:59.224192,$GAGSV,08,,40
2026-05-25T18:29:59.224192,$GAGSV,13,,43
2026-05-25T18:29:59.224903,$GAGSV,15,,42
2026-05-25T18:29:59.224903,$GAGSV,32,,40
2026-05-25T18:29:59.224903,$GAGSV,34,,35
2026-05-25T18:29:59.225735,$GAGSV,03,,25
2026-05-25T18:29:59.225735,$GAGSV,07,,41
2026-05-25T18:29:59.225735,$GAGSV,08,,42
2026-05-25T18:29:59.225735,$GAGSV,13,,42
2026-05-25T18:29:59.226441,$GAGSV,15,,43
2026-05-25T18:29:59.226441,$GAGSV,32,,41
2026-05-25T18:29:59.226441,$GAGSV,34,,37
2026-05-25T18:29:59.228118,$GBGSV,07,,44
2026-05-25T18:29:59.228118,$GBGSV,09,,41
2026-05-25T18:29:59.228118,$GBGSV,10,,41
2026-05-25T18:29:59.228118,$GBGSV,13,,43
2026-05-25T18:29:59.228967,$GBGSV,25,,45
2026-05-25T18:29:59.228967,$GBGSV,27,,25
2026-05-25T18:29:59.228967,$GBGSV,28,,39
2026-05-25T18:29:59.228967,$GBGSV,33,,41
2026-05-25T18:29:59.229565,$GBGSV,09,,38
2026-05-25T18:29:59.229565,$GBGSV,10,,40
2026-05-25T18:30:00.219583,$GPGSV,10,,28
2026-05-25T18:30:00.219583,$GPGSV,12,,30
2026-05-25T18:30:00.219583,$GPGSV,13,,38
2026-05-25T18:30:00.219583,$GPGSV,18,,43
2026-05-25T18:30:00.220513,$GPGSV,23,,41
2026-05-25T18:30:00.220513,$GPGSV,24,,29
2026-05-25T18:30:00.220513,$GPGSV,25,,35
2026-05-25T18:30:00.220513,$GPGSV,28,,40
2026-05-25T18:30:00.221798,$GPGSV,32,,28
2026-05-25T18:30:00.221798,$GPGSV,41,,45
2026-05-25T18:30:00.221798,$GPGSV,42,,44
2026-05-25T18:30:00.221798,$GPGSV,50,,38
2026-05-25T18:30:00.222874,$GPGSV,10,,20
2026-05-25T18:30:00.222874,$GPGSV,12,,23
2026-05-25T18:30:00.222874,$GPGSV,18,,41
2026-05-25T18:30:00.222874,$GPGSV,23,,39
2026-05-25T18:30:00.223808,$GPGSV,24,,22
2026-05-25T18:30:00.223808,$GPGSV,25,,32
2026-05-25T18:30:00.223808,$GPGSV,28,,35
2026-05-25T18:30:00.223808,$GPGSV,32,,26
2026-05-25T18:30:00.225971,$GLGSV,65,,19
2026-05-25T18:30:00.225971,$GLGSV,66,,08
2026-05-25T18:30:00.225971,$GLGSV,75,,33
2026-05-25T18:30:00.225971,$GLGSV,76,,43
2026-05-25T18:30:00.226787,$GLGSV,77,,36
2026-05-25T18:30:00.226787,$GLGSV,81,,33
2026-05-25T18:30:00.226787,$GLGSV,88,,44
2026-05-25T18:30:00.227677,$GLGSV,66,,26
2026-05-25T18:30:00.227677,$GLGSV,75,,30
2026-05-25T18:30:00.227677,$GLGSV,76,,41
2026-05-25T18:30:00.227677,$GLGSV,81,,35
2026-05-25T18:30:00.228339,$GLGSV,88,,40
2026-05-25T18:30:00.229854,$GAGSV,03,,25
2026-05-25T18:30:00.229854,$GAGSV,07,,39
2026-05-25T18:30:00.229854,$GAGSV,08,,40
2026-05-25T18:30:00.229854,$GAGSV,13,,43
2026-05-25T18:30:00.230635,$GAGSV,15,,42
2026-05-25T18:30:00.230635,$GAGSV,32,,40
2026-05-25T18:30:00.230635,$GAGSV,34,,35
2026-05-25T18:30:00.231528,$GAGSV,03,,25
2026-05-25T18:30:00.231528,$GAGSV,07,,41
2026-05-25T18:30:00.231528,$GAGSV,08,,42
2026-05-25T18:30:00.231528,$GAGSV,13,,42
2026-05-25T18:30:00.232311,$GAGSV,15,,43
2026-05-25T18:30:00.232311,$GAGSV,32,,41
2026-05-25T18:30:00.232311,$GAGSV,34,,37
2026-05-25T18:30:00.234050,$GBGSV,07,,44
2026-05-25T18:30:00.234050,$GBGSV,09,,41
2026-05-25T18:30:00.234050,$GBGSV,10,,41
2026-05-25T18:30:00.234050,$GBGSV,13,,43
2026-05-25T18:30:00.235042,$GBGSV,25,,45
2026-05-25T18:30:00.235042,$GBGSV,27,,25
2026-05-25T18:30:00.235042,$GBGSV,28,,39
2026-05-25T18:30:00.235042,$GBGSV,33,,41
2026-05-25T18:30:00.235728,$GBGSV,09,,38
2026-05-25T18:30:00.235728,$GBGSV,10,,41
2026-05-25T18:30:01.221955,$GPGSV,10,,28
2026-05-25T18:30:01.221955,$GPGSV,12,,30
2026-05-25T18:30:01.221955,$GPGSV,13,,38
2026-05-25T18:30:01.221955,$GPGSV,18,,43
2026-05-25T18:30:01.222892,$GPGSV,23,,41
2026-05-25T18:30:01.222892,$GPGSV,24,,29
2026-05-25T18:30:01.222892,$GPGSV,25,,35
2026-05-25T18:30:01.222892,$GPGSV,28,,40
2026-05-25T18:30:01.223825,$GPGSV,32,,27
2026-05-25T18:30:01.223825,$GPGSV,41,,45
2026-05-25T18:30:01.223825,$GPGSV,42,,44
2026-05-25T18:30:01.223825,$GPGSV,50,,38
2026-05-25T18:30:01.224745,$GPGSV,10,,20
2026-05-25T18:30:01.224745,$GPGSV,12,,24
2026-05-25T18:30:01.224745,$GPGSV,18,,41
2026-05-25T18:30:01.224745,$GPGSV,23,,40
2026-05-25T18:30:01.225677,$GPGSV,24,,23
2026-05-25T18:30:01.225677,$GPGSV,25,,32
2026-05-25T18:30:01.225677,$GPGSV,28,,35
2026-05-25T18:30:01.225677,$GPGSV,32,,26
2026-05-25T18:30:01.227835,$GLGSV,65,,20
2026-05-25T18:30:01.227835,$GLGSV,66,,08
2026-05-25T18:30:01.227835,$GLGSV,75,,33
2026-05-25T18:30:01.227835,$GLGSV,76,,43
2026-05-25T18:30:01.228646,$GLGSV,77,,36
2026-05-25T18:30:01.228646,$GLGSV,81,,33
2026-05-25T18:30:01.228646,$GLGSV,88,,44
2026-05-25T18:30:01.229604,$GLGSV,66,,27
2026-05-25T18:30:01.229604,$GLGSV,75,,30
2026-05-25T18:30:01.229604,$GLGSV,76,,41
2026-05-25T18:30:01.229604,$GLGSV,81,,35
2026-05-25T18:30:01.230183,$GLGSV,88,,40
2026-05-25T18:30:01.231692,$GAGSV,03,,25
2026-05-25T18:30:01.231692,$GAGSV,07,,39
2026-05-25T18:30:01.231692,$GAGSV,08,,40
2026-05-25T18:30:01.231692,$GAGSV,13,,42
2026-05-25T18:30:01.232489,$GAGSV,15,,42
2026-05-25T18:30:01.232489,$GAGSV,32,,39
2026-05-25T18:30:01.232489,$GAGSV,34,,35
2026-05-25T18:30:01.233366,$GAGSV,03,,25
2026-05-25T18:30:01.233366,$GAGSV,07,,41
2026-05-25T18:30:01.233366,$GAGSV,08,,42
2026-05-25T18:30:01.233366,$GAGSV,13,,42
2026-05-25T18:30:01.234188,$GAGSV,15,,43
2026-05-25T18:30:01.234188,$GAGSV,32,,41
2026-05-25T18:30:01.234188,$GAGSV,34,,37
2026-05-25T18:30:01.235876,$GBGSV,07,,44
2026-05-25T18:30:01.235876,$GBGSV,09,,40
2026-05-25T18:30:01.235876,$GBGSV,10,,41
2026-05-25T18:30:01.235876,$GBGSV,13,,43
2026-05-25T18:30:01.236758,$GBGSV,25,,45
2026-05-25T18:30:01.236758,$GBGSV,27,,26
2026-05-25T18:30:01.236758,$GBGSV,28,,39
2026-05-25T18:30:01.236758,$GBGSV,33,,41
2026-05-25T18:30:01.237437,$GBGSV,09,,38
2026-05-25T18:30:01.237437,$GBGSV,10,,40
2026-05-25T18:30:02.226867,$GPGSV,10,,29
2026-05-25T18:30:02.226867,$GPGSV,12,,29
2026-05-25T18:30:02.226867,$GPGSV,13,,38
2026-05-25T18:30:02.226867,$GPGSV,18,,43
2026-05-25T18:30:02.229652,$GPGSV,23,,41
2026-05-25T18:30:02.229652,$GPGSV,24,,29
2026-05-25T18:30:02.229652,$GPGSV,25,,35
2026-05-25T18:30:02.229652,$GPGSV,28,,40
2026-05-25T18:30:02.231105,$GPGSV,32,,27
2026-05-25T18:30:02.231105,$GPGSV,41,,45
2026-05-25T18:30:02.231105,$GPGSV,42,,44
2026-05-25T18:30:02.231105,$GPGSV,50,,38
2026-05-25T18:30:02.231990,$GPGSV,10,,20
2026-05-25T18:30:02.231990,$GPGSV,12,,24
2026-05-25T18:30:02.231990,$GPGSV,18,,42
2026-05-25T18:30:02.231990,$GPGSV,23,,40
2026-05-25T18:30:02.232888,$GPGSV,24,,22
2026-05-25T18:30:02.232888,$GPGSV,25,,32
2026-05-25T18:30:02.232888,$GPGSV,28,,35
2026-05-25T18:30:02.232888,$GPGSV,32,,26
2026-05-25T18:30:02.234955,$GLGSV,65,,20
2026-05-25T18:30:02.234955,$GLGSV,66,,11
2026-05-25T18:30:02.234955,$GLGSV,75,,33
2026-05-25T18:30:02.234955,$GLGSV,76,,43
2026-05-25T18:30:02.235917,$GLGSV,77,,36
2026-05-25T18:30:02.235917,$GLGSV,81,,33
2026-05-25T18:30:02.235917,$GLGSV,88,,44
2026-05-25T18:30:02.236823,$GLGSV,66,,27
2026-05-25T18:30:02.236823,$GLGSV,75,,29
2026-05-25T18:30:02.236823,$GLGSV,76,,41
2026-05-25T18:30:02.236823,$GLGSV,81,,35
2026-05-25T18:30:02.237395,$GLGSV,88,,39
2026-05-25T18:30:02.238911,$GAGSV,03,,25
2026-05-25T18:30:02.238911,$GAGSV,07,,39
2026-05-25T18:30:02.238911,$GAGSV,08,,40
2026-05-25T18:30:02.238911,$GAGSV,13,,42
2026-05-25T18:30:02.239704,$GAGSV,15,,42
2026-05-25T18:30:02.239704,$GAGSV,32,,39
2026-05-25T18:30:02.239704,$GAGSV,34,,35
2026-05-25T18:30:02.240586,$GAGSV,03,,25
2026-05-25T18:30:02.240586,$GAGSV,07,,41
2026-05-25T18:30:02.240586,$GAGSV,08,,42
2026-05-25T18:30:02.240586,$GAGSV,13,,42
2026-05-25T18:30:02.241385,$GAGSV,15,,43
2026-05-25T18:30:02.241385,$GAGSV,32,,41
2026-05-25T18:30:02.241385,$GAGSV,34,,37
2026-05-25T18:30:02.242730,$GBGSV,07,,44
2026-05-25T18:30:02.242730,$GBGSV,09,,40
2026-05-25T18:30:02.242730,$GBGSV,10,,41
2026-05-25T18:30:02.242730,$GBGSV,13,,43
2026-05-25T18:30:02.243529,$GBGSV,25,,45
2026-05-25T18:30:02.243529,$GBGSV,27,,26
2026-05-25T18:30:02.243529,$GBGSV,28,,39
2026-05-25T18:30:02.243529,$GBGSV,33,,41
2026-05-25T18:30:02.244136,$GBGSV,09,,38
2026-05-25T18:30:02.244136,$GBGSV,10,,40
2026-05-25T18:30:03.217812,$GPGSV,10,,28
2026-05-25T18:30:03.217812,$GPGSV,12,,29
2026-05-25T18:30:03.217812,$GPGSV,13,,38
2026-05-25T18:30:03.217812,$GPGSV,18,,43
2026-05-25T18:30:03.218828,$GPGSV,23,,41
2026-05-25T18:30:03.218828,$GPGSV,24,,29
2026-05-25T18:30:03.218828,$GPGSV,25,,36
2026-05-25T18:30:03.218828,$GPGSV,28,,40
2026-05-25T18:30:03.219799,$GPGSV,32,,27
2026-05-25T18:30:03.219799,$GPGSV,41,,45
2026-05-25T18:30:03.219799,$GPGSV,42,,44
2026-05-25T18:30:03.219799,$GPGSV,50,,38
2026-05-25T18:30:03.220715,$GPGSV,10,,20
2026-05-25T18:30:03.220715,$GPGSV,12,,24
2026-05-25T18:30:03.220715,$GPGSV,18,,41
2026-05-25T18:30:03.220715,$GPGSV,23,,40
2026-05-25T18:30:03.221633,$GPGSV,24,,23
2026-05-25T18:30:03.221633,$GPGSV,25,,32
2026-05-25T18:30:03.221633,$GPGSV,28,,35
2026-05-25T18:30:03.221633,$GPGSV,32,,26
2026-05-25T18:30:03.223795,$GLGSV,65,,21
2026-05-25T18:30:03.223795,$GLGSV,66,,09
2026-05-25T18:30:03.223795,$GLGSV,75,,33
2026-05-25T18:30:03.223795,$GLGSV,76,,43
2026-05-25T18:30:03.224610,$GLGSV,77,,36
2026-05-25T18:30:03.224610,$GLGSV,81,,33
2026-05-25T18:30:03.224610,$GLGSV,88,,44
2026-05-25T18:30:03.225525,$GLGSV,66,,27
2026-05-25T18:30:03.225525,$GLGSV,75,,29
2026-05-25T18:30:03.225525,$GLGSV,76,,42
2026-05-25T18:30:03.225525,$GLGSV,81,,35
2026-05-25T18:30:03.226127,$GLGSV,88,,39
2026-05-25T18:30:03.227680,$GAGSV,03,,25
2026-05-25T18:30:03.227680,$GAGSV,07,,39
2026-05-25T18:30:03.227680,$GAGSV,08,,40
2026-05-25T18:30:03.227680,$GAGSV,13,,42
2026-05-25T18:30:03.228462,$GAGSV,15,,42
2026-05-25T18:30:03.228462,$GAGSV,32,,39
2026-05-25T18:30:03.228462,$GAGSV,34,,35
2026-05-25T18:30:03.229340,$GAGSV,03,,24
2026-05-25T18:30:03.229340,$GAGSV,07,,41
2026-05-25T18:30:03.229340,$GAGSV,08,,42
2026-05-25T18:30:03.229340,$GAGSV,13,,42
2026-05-25T18:30:03.230115,$GAGSV,15,,43
2026-05-25T18:30:03.230115,$GAGSV,32,,40
2026-05-25T18:30:03.230115,$GAGSV,34,,37
2026-05-25T18:30:03.231655,$GBGSV,07,,43
2026-05-25T18:30:03.231655,$GBGSV,09,,40
2026-05-25T18:30:03.231655,$GBGSV,10,,41
2026-05-25T18:30:03.231655,$GBGSV,13,,43
2026-05-25T18:30:03.232528,$GBGSV,25,,44
2026-05-25T18:30:03.232528,$GBGSV,27,,26
2026-05-25T18:30:03.232528,$GBGSV,28,,39
2026-05-25T18:30:03.232528,$GBGSV,33,,41
2026-05-25T18:30:03.233202,$GBGSV,09,,38
2026-05-25T18:30:03.233202,$GBGSV,10,,40
2026-05-25T18:30:04.211440,$GPGSV,10,,28
2026-05-25T18:30:04.211440,$GPGSV,12,,29
2026-05-25T18:30:04.211440,$GPGSV,13,,38
2026-05-25T18:30:04.211440,$GPGSV,18,,43
2026-05-25T18:30:04.213677,$GPGSV,23,,41
2026-05-25T18:30:04.213677,$GPGSV,24,,29
2026-05-25T18:30:04.213677,$GPGSV,25,,36
2026-05-25T18:30:04.213677,$GPGSV,28,,40
2026-05-25T18:30:04.214638,$GPGSV,32,,26
2026-05-25T18:30:04.214638,$GPGSV,41,,45
2026-05-25T18:30:04.214638,$GPGSV,42,,44
2026-05-25T18:30:04.214638,$GPGSV,50,,38
2026-05-25T18:30:04.215584,$GPGSV,10,,20
2026-05-25T18:30:04.215584,$GPGSV,12,,24
2026-05-25T18:30:04.215584,$GPGSV,18,,41
2026-05-25T18:30:04.215584,$GPGSV,23,,40
2026-05-25T18:30:04.216508,$GPGSV,24,,22
2026-05-25T18:30:04.216508,$GPGSV,25,,32
2026-05-25T18:30:04.216508,$GPGSV,28,,35
2026-05-25T18:30:04.216508,$GPGSV,32,,27
2026-05-25T18:30:04.218677,$GLGSV,65,,20
2026-05-25T18:30:04.218677,$GLGSV,66,,08
2026-05-25T18:30:04.218677,$GLGSV,75,,33
2026-05-25T18:30:04.218677,$GLGSV,76,,43
2026-05-25T18:30:04.219502,$GLGSV,77,,36
2026-05-25T18:30:04.219502,$GLGSV,81,,33
2026-05-25T18:30:04.219502,$GLGSV,88,,44
2026-05-25T18:30:04.220427,$GLGSV,66,,27
2026-05-25T18:30:04.220427,$GLGSV,75,,29
2026-05-25T18:30:04.220427,$GLGSV,76,,42
2026-05-25T18:30:04.220427,$GLGSV,81,,35
2026-05-25T18:30:04.221031,$GLGSV,88,,40
2026-05-25T18:30:04.222608,$GAGSV,03,,25
2026-05-25T18:30:04.222608,$GAGSV,07,,39
2026-05-25T18:30:04.222608,$GAGSV,08,,40
2026-05-25T18:30:04.222608,$GAGSV,13,,42
2026-05-25T18:30:04.223460,$GAGSV,15,,42
2026-05-25T18:30:04.223460,$GAGSV,32,,39
2026-05-25T18:30:04.223460,$GAGSV,34,,35
2026-05-25T18:30:04.224383,$GAGSV,03,,24
2026-05-25T18:30:04.224383,$GAGSV,07,,41
2026-05-25T18:30:04.224383,$GAGSV,08,,42
2026-05-25T18:30:04.224383,$GAGSV,13,,42
2026-05-25T18:30:04.225199,$GAGSV,15,,43
2026-05-25T18:30:04.225199,$GAGSV,32,,40
2026-05-25T18:30:04.225199,$GAGSV,34,,37
2026-05-25T18:30:04.226787,$GBGSV,07,,43
2026-05-25T18:30:04.226787,$GBGSV,09,,40
2026-05-25T18:30:04.226787,$GBGSV,10,,41
2026-05-25T18:30:04.226787,$GBGSV,13,,43
2026-05-25T18:30:04.227801,$GBGSV,25,,44
2026-05-25T18:30:04.227801,$GBGSV,27,,27
2026-05-25T18:30:04.227801,$GBGSV,28,,39
2026-05-25T18:30:04.227801,$GBGSV,33,,40
2026-05-25T18:30:04.228510,$GBGSV,09,,38
2026-05-25T18:30:04.228510,$GBGSV,10,,40
2026-05-25T18:30:05.219587,$GPGSV,10,,28
2026-05-25T18:30:05.219587,$GPGSV,12,,29
2026-05-25T18:30:05.219587,$GPGSV,13,,39
2026-05-25T18:30:05.219587,$GPGSV,18,,43
2026-05-25T18:30:05.220565,$GPGSV,23,,41
2026-05-25T18:30:05.220565,$GPGSV,24,,29
2026-05-25T18:30:05.220565,$GPGSV,25,,36
2026-05-25T18:30:05.220565,$GPGSV,28,,40
2026-05-25T18:30:05.221487,$GPGSV,32,,26
2026-05-25T18:30:05.221487,$GPGSV,41,,45
2026-05-25T18:30:05.221487,$GPGSV,42,,44
2026-05-25T18:30:05.221487,$GPGSV,50,,38
2026-05-25T18:30:05.222439,$GPGSV,10,,21
2026-05-25T18:30:05.222439,$GPGSV,12,,24
2026-05-25T18:30:05.222439,$GPGSV,18,,41
2026-05-25T18:30:05.222439,$GPGSV,23,,40
2026-05-25T18:30:05.223374,$GPGSV,24,,23
2026-05-25T18:30:05.223374,$GPGSV,25,,32
2026-05-25T18:30:05.223374,$GPGSV,28,,35
2026-05-25T18:30:05.223374,$GPGSV,32,,27
2026-05-25T18:30:05.225530,$GLGSV,65,,19
2026-05-25T18:30:05.225530,$GLGSV,66,,07
2026-05-25T18:30:05.225530,$GLGSV,75,,33
2026-05-25T18:30:05.225530,$GLGSV,76,,43
2026-05-25T18:30:05.226348,$GLGSV,77,,36
2026-05-25T18:30:05.226348,$GLGSV,81,,33
2026-05-25T18:30:05.226348,$GLGSV,88,,45
2026-05-25T18:30:05.227282,$GLGSV,66,,27
2026-05-25T18:30:05.227282,$GLGSV,75,,30
2026-05-25T18:30:05.227282,$GLGSV,76,,42
2026-05-25T18:30:05.227282,$GLGSV,81,,35
2026-05-25T18:30:05.227888,$GLGSV,88,,40
2026-05-25T18:30:05.229479,$GAGSV,03,,26
2026-05-25T18:30:05.229479,$GAGSV,07,,39
2026-05-25T18:30:05.229479,$GAGSV,08,,40
2026-05-25T18:30:05.229479,$GAGSV,13,,42
2026-05-25T18:30:05.230259,$GAGSV,15,,42
2026-05-25T18:30:05.230259,$GAGSV,32,,40
2026-05-25T18:30:05.230259,$GAGSV,34,,36
2026-05-25T18:30:05.231155,$GAGSV,03,,24
2026-05-25T18:30:05.231155,$GAGSV,07,,41
2026-05-25T18:30:05.231155,$GAGSV,08,,42
2026-05-25T18:30:05.231155,$GAGSV,13,,42
2026-05-25T18:30:05.231937,$GAGSV,15,,43
2026-05-25T18:30:05.231937,$GAGSV,32,,40
2026-05-25T18:30:05.231937,$GAGSV,34,,37
2026-05-25T18:30:05.233444,$GBGSV,07,,44
2026-05-25T18:30:05.233444,$GBGSV,09,,41
2026-05-25T18:30:05.233444,$GBGSV,10,,41
2026-05-25T18:30:05.233444,$GBGSV,13,,43
2026-05-25T18:30:05.234326,$GBGSV,25,,44
2026-05-25T18:30:05.234326,$GBGSV,27,,28
2026-05-25T18:30:05.234326,$GBGSV,28,,39
2026-05-25T18:30:05.234326,$GBGSV,33,,41
2026-05-25T18:30:05.235001,$GBGSV,09,,38
2026-05-25T18:30:05.235001,$GBGSV,10,,40
2026-05-25T18:30:06.219940,$GPGSV,10,,29
2026-05-25T18:30:06.219940,$GPGSV,12,,30
2026-05-25T18:30:06.219940,$GPGSV,13,,39
2026-05-25T18:30:06.219940,$GPGSV,18,,43
2026-05-25T18:30:06.220891,$GPGSV,23,,41
2026-05-25T18:30:06.220891,$GPGSV,24,,30
2026-05-25T18:30:06.220891,$GPGSV,25,,36
2026-05-25T18:30:06.220891,$GPGSV,28,,40
2026-05-25T18:30:06.221815,$GPGSV,32,,26
2026-05-25T18:30:06.221815,$GPGSV,41,,46
2026-05-25T18:30:06.221815,$GPGSV,42,,44
2026-05-25T18:30:06.221815,$GPGSV,50,,38
2026-05-25T18:30:06.222735,$GPGSV,10,,21
2026-05-25T18:30:06.222735,$GPGSV,12,,24
2026-05-25T18:30:06.222735,$GPGSV,18,,41
2026-05-25T18:30:06.222735,$GPGSV,23,,40
2026-05-25T18:30:06.223668,$GPGSV,24,,23
2026-05-25T18:30:06.223668,$GPGSV,25,,32
2026-05-25T18:30:06.223668,$GPGSV,28,,35
2026-05-25T18:30:06.223668,$GPGSV,32,,28
2026-05-25T18:30:06.225811,$GLGSV,65,,19
2026-05-25T18:30:06.225811,$GLGSV,66,,06
2026-05-25T18:30:06.225811,$GLGSV,75,,32
2026-05-25T18:30:06.225811,$GLGSV,76,,43
2026-05-25T18:30:06.226619,$GLGSV,77,,36
2026-05-25T18:30:06.226619,$GLGSV,81,,34
2026-05-25T18:30:06.226619,$GLGSV,88,,45
2026-05-25T18:30:06.227536,$GLGSV,66,,26
2026-05-25T18:30:06.227536,$GLGSV,75,,30
2026-05-25T18:30:06.227536,$GLGSV,76,,42
2026-05-25T18:30:06.227536,$GLGSV,81,,34
2026-05-25T18:30:06.228119,$GLGSV,88,,40
2026-05-25T18:30:06.229634,$GAGSV,03,,26
2026-05-25T18:30:06.229634,$GAGSV,07,,39
2026-05-25T18:30:06.229634,$GAGSV,08,,40
2026-05-25T18:30:06.229634,$GAGSV,13,,42
2026-05-25T18:30:06.230414,$GAGSV,15,,42
2026-05-25T18:30:06.230414,$GAGSV,32,,39
2026-05-25T18:30:06.230414,$GAGSV,34,,35
2026-05-25T18:30:06.231318,$GAGSV,03,,24
2026-05-25T18:30:06.231318,$GAGSV,07,,41
2026-05-25T18:30:06.231318,$GAGSV,08,,42
2026-05-25T18:30:06.231318,$GAGSV,13,,43
2026-05-25T18:30:06.232104,$GAGSV,15,,43
2026-05-25T18:30:06.232104,$GAGSV,32,,40
2026-05-25T18:30:06.232104,$GAGSV,34,,37
2026-05-25T18:30:06.233610,$GBGSV,07,,44
2026-05-25T18:30:06.233610,$GBGSV,09,,41
2026-05-25T18:30:06.233610,$GBGSV,10,,41
2026-05-25T18:30:06.233610,$GBGSV,13,,43
2026-05-25T18:30:06.234490,$GBGSV,25,,44
2026-05-25T18:30:06.234490,$GBGSV,27,,28
2026-05-25T18:30:06.234490,$GBGSV,28,,40
2026-05-25T18:30:06.234490,$GBGSV,33,,40
2026-05-25T18:30:06.235264,$GBGSV,09,,38
2026-05-25T18:30:06.235264,$GBGSV,10,,40
2026-05-25T18:30:07.217716,$GPGSV,10,,29
2026-05-25T18:30:07.217716,$GPGSV,12,,30
2026-05-25T18:30:07.217716,$GPGSV,13,,39
2026-05-25T18:30:07.217716,$GPGSV,18,,43
2026-05-25T18:30:07.218646,$GPGSV,23,,41
2026-05-25T18:30:07.218646,$GPGSV,24,,30
2026-05-25T18:30:07.218646,$GPGSV,25,,36
2026-05-25T18:30:07.218646,$GPGSV,28,,40
2026-05-25T18:30:07.219586,$GPGSV,32,,26
2026-05-25T18:30:07.219586,$GPGSV,41,,46
2026-05-25T18:30:07.219586,$GPGSV,42,,44
2026-05-25T18:30:07.219586,$GPGSV,50,,38
2026-05-25T18:30:07.220514,$GPGSV,10,,21
2026-05-25T18:30:07.220514,$GPGSV,12,,24
2026-05-25T18:30:07.220514,$GPGSV,18,,41
2026-05-25T18:30:07.220514,$GPGSV,23,,40
2026-05-25T18:30:07.221431,$GPGSV,24,,22
2026-05-25T18:30:07.221431,$GPGSV,25,,32
2026-05-25T18:30:07.221431,$GPGSV,28,,34
2026-05-25T18:30:07.221431,$GPGSV,32,,28
2026-05-25T18:30:07.223598,$GLGSV,65,,18
2026-05-25T18:30:07.223598,$GLGSV,66,,08
2026-05-25T18:30:07.223598,$GLGSV,75,,34
2026-05-25T18:30:07.223598,$GLGSV,76,,42
2026-05-25T18:30:07.224379,$GLGSV,77,,37
2026-05-25T18:30:07.224379,$GLGSV,81,,34
2026-05-25T18:30:07.224379,$GLGSV,88,,45
2026-05-25T18:30:07.225264,$GLGSV,66,,27
2026-05-25T18:30:07.225264,$GLGSV,75,,30
2026-05-25T18:30:07.225264,$GLGSV,76,,42
2026-05-25T18:30:07.225264,$GLGSV,81,,35
2026-05-25T18:30:07.225840,$GLGSV,88,,40
2026-05-25T18:30:07.227368,$GAGSV,03,,26
2026-05-25T18:30:07.227368,$GAGSV,07,,39
2026-05-25T18:30:07.227368,$GAGSV,08,,40
2026-05-25T18:30:07.227368,$GAGSV,13,,42
2026-05-25T18:30:07.228165,$GAGSV,15,,42
2026-05-25T18:30:07.228165,$GAGSV,32,,39
2026-05-25T18:30:07.228165,$GAGSV,34,,35
2026-05-25T18:30:07.229070,$GAGSV,03,,24
2026-05-25T18:30:07.229070,$GAGSV,07,,41
2026-05-25T18:30:07.229070,$GAGSV,08,,42
2026-05-25T18:30:07.229070,$GAGSV,13,,43
2026-05-25T18:30:07.229853,$GAGSV,15,,43
2026-05-25T18:30:07.229853,$GAGSV,32,,40
2026-05-25T18:30:07.229853,$GAGSV,34,,37
2026-05-25T18:30:07.231601,$GBGSV,07,,44
2026-05-25T18:30:07.231601,$GBGSV,09,,40
2026-05-25T18:30:07.231601,$GBGSV,10,,41
2026-05-25T18:30:07.231601,$GBGSV,13,,43
2026-05-25T18:30:07.232484,$GBGSV,25,,44
2026-05-25T18:30:07.232484,$GBGSV,27,,28
2026-05-25T18:30:07.232484,$GBGSV,28,,40
2026-05-25T18:30:07.232484,$GBGSV,33,,40
2026-05-25T18:30:07.233162,$GBGSV,09,,38
2026-05-25T18:30:07.233162,$GBGSV,10,,40
2026-05-25T18:30:08.239001,$GPGSV,10,,29
2026-05-25T18:30:08.239001,$GPGSV,12,,30
2026-05-25T18:30:08.239001,$GPGSV,13,,39
2026-05-25T18:30:08.239001,$GPGSV,18,,43
2026-05-25T18:30:08.239941,$GPGSV,23,,41
2026-05-25T18:30:08.239941,$GPGSV,24,,30
2026-05-25T18:30:08.239941,$GPGSV,25,,36
2026-05-25T18:30:08.239941,$GPGSV,28,,40
2026-05-25T18:30:08.240867,$GPGSV,32,,27
2026-05-25T18:30:08.240867,$GPGSV,41,,46
2026-05-25T18:30:08.240867,$GPGSV,42,,44
2026-05-25T18:30:08.240867,$GPGSV,50,,38
2026-05-25T18:30:08.241784,$GPGSV,10,,21
2026-05-25T18:30:08.241784,$GPGSV,12,,24
2026-05-25T18:30:08.241784,$GPGSV,18,,41
2026-05-25T18:30:08.241784,$GPGSV,23,,39
2026-05-25T18:30:08.242706,$GPGSV,24,,23
2026-05-25T18:30:08.242706,$GPGSV,25,,31
2026-05-25T18:30:08.242706,$GPGSV,28,,34
2026-05-25T18:30:08.242706,$GPGSV,32,,28
2026-05-25T18:30:08.244865,$GLGSV,65,,18
2026-05-25T18:30:08.244865,$GLGSV,66,,16
2026-05-25T18:30:08.244865,$GLGSV,75,,34
2026-05-25T18:30:08.244865,$GLGSV,76,,42
2026-05-25T18:30:08.245673,$GLGSV,77,,37
2026-05-25T18:30:08.245673,$GLGSV,81,,34
2026-05-25T18:30:08.245673,$GLGSV,88,,45
2026-05-25T18:30:08.246549,$GLGSV,66,,27
2026-05-25T18:30:08.246549,$GLGSV,75,,30
2026-05-25T18:30:08.246549,$GLGSV,76,,42
2026-05-25T18:30:08.246549,$GLGSV,81,,35
2026-05-25T18:30:08.247195,$GLGSV,88,,41
2026-05-25T18:30:08.248719,$GAGSV,03,,26
2026-05-25T18:30:08.248719,$GAGSV,07,,39
2026-05-25T18:30:08.248719,$GAGSV,08,,40
2026-05-25T18:30:08.248719,$GAGSV,13,,42
2026-05-25T18:30:08.249503,$GAGSV,15,,42
2026-05-25T18:30:08.249503,$GAGSV,32,,39
2026-05-25T18:30:08.249503,$GAGSV,34,,35
2026-05-25T18:30:08.250389,$GAGSV,03,,24
2026-05-25T18:30:08.250389,$GAGSV,07,,41
2026-05-25T18:30:08.250389,$GAGSV,08,,42
2026-05-25T18:30:08.250389,$GAGSV,13,,43
2026-05-25T18:30:08.251189,$GAGSV,15,,43
2026-05-25T18:30:08.251189,$GAGSV,32,,41
2026-05-25T18:30:08.251189,$GAGSV,34,,37
2026-05-25T18:30:08.252707,$GBGSV,07,,44
2026-05-25T18:30:08.252707,$GBGSV,09,,40
2026-05-25T18:30:08.252707,$GBGSV,10,,41
2026-05-25T18:30:08.252707,$GBGSV,13,,43
2026-05-25T18:30:08.253633,$GBGSV,25,,45
2026-05-25T18:30:08.253633,$GBGSV,27,,29
2026-05-25T18:30:08.253633,$GBGSV,28,,40
2026-05-25T18:30:08.253633,$GBGSV,33,,40
2026-05-25T18:30:08.254385,$GBGSV,09,,38
2026-05-25T18:30:08.254385,$GBGSV,10,,40
2026-05-25T18:30:09.229018,$GPGSV,10,,30
2026-05-25T18:30:09.229018,$GPGSV,12,,31
2026-05-25T18:30:09.229018,$GPGSV,13,,39
2026-05-25T18:30:09.229018,$GPGSV,18,,43
2026-05-25T18:30:09.229940,$GPGSV,23,,41
2026-05-25T18:30:09.229940,$GPGSV,24,,30
2026-05-25T18:30:09.229940,$GPGSV,25,,36
2026-05-25T18:30:09.229940,$GPGSV,28,,40
2026-05-25T18:30:09.230862,$GPGSV,32,,26
2026-05-25T18:30:09.230862,$GPGSV,41,,45
2026-05-25T18:30:09.230862,$GPGSV,42,,44
2026-05-25T18:30:09.230862,$GPGSV,50,,38
2026-05-25T18:30:09.231793,$GPGSV,10,,20
2026-05-25T18:30:09.231793,$GPGSV,12,,24
2026-05-25T18:30:09.231793,$GPGSV,18,,41
2026-05-25T18:30:09.231793,$GPGSV,23,,39
2026-05-25T18:30:09.232686,$GPGSV,24,,23
2026-05-25T18:30:09.232686,$GPGSV,25,,31
2026-05-25T18:30:09.232686,$GPGSV,28,,34
2026-05-25T18:30:09.232686,$GPGSV,32,,28
2026-05-25T18:30:09.234750,$GLGSV,65,,18
2026-05-25T18:30:09.234750,$GLGSV,66,,15
2026-05-25T18:30:09.234750,$GLGSV,75,,34
2026-05-25T18:30:09.234750,$GLGSV,76,,43
2026-05-25T18:30:09.235539,$GLGSV,77,,36
2026-05-25T18:30:09.235539,$GLGSV,81,,35
2026-05-25T18:30:09.235539,$GLGSV,88,,45
2026-05-25T18:30:09.236410,$GLGSV,66,,27
2026-05-25T18:30:09.236410,$GLGSV,75,,30
2026-05-25T18:30:09.236410,$GLGSV,76,,42
2026-05-25T18:30:09.236410,$GLGSV,81,,35
2026-05-25T18:30:09.236998,$GLGSV,88,,41
2026-05-25T18:30:09.238511,$GAGSV,03,,25
2026-05-25T18:30:09.238511,$GAGSV,07,,39
2026-05-25T18:30:09.238511,$GAGSV,08,,40
2026-05-25T18:30:09.238511,$GAGSV,13,,42
2026-05-25T18:30:09.239381,$GAGSV,15,,42
2026-05-25T18:30:09.239381,$GAGSV,32,,39
2026-05-25T18:30:09.239381,$GAGSV,34,,35
2026-05-25T18:30:09.240271,$GAGSV,03,,24
2026-05-25T18:30:09.240271,$GAGSV,07,,41
2026-05-25T18:30:09.240271,$GAGSV,08,,42
2026-05-25T18:30:09.240271,$GAGSV,13,,43
2026-05-25T18:30:09.241050,$GAGSV,15,,43
2026-05-25T18:30:09.241050,$GAGSV,32,,41
2026-05-25T18:30:09.241050,$GAGSV,34,,37
2026-05-25T18:30:09.242557,$GBGSV,07,,44
2026-05-25T18:30:09.242557,$GBGSV,09,,40
2026-05-25T18:30:09.242557,$GBGSV,10,,41
2026-05-25T18:30:09.242557,$GBGSV,13,,43
2026-05-25T18:30:09.243488,$GBGSV,25,,45
2026-05-25T18:30:09.243488,$GBGSV,27,,30
2026-05-25T18:30:09.243488,$GBGSV,28,,40
2026-05-25T18:30:09.243488,$GBGSV,33,,40
2026-05-25T18:30:09.244142,$GBGSV,09,,38
2026-05-25T18:30:09.244142,$GBGSV,10,,40
2026-05-25T18:30:10.226768,$GPGSV,10,,34
2026-05-25T18:30:10.226768,$GPGSV,12,,32
2026-05-25T18:30:10.226768,$GPGSV,13,,43
2026-05-25T18:30:10.226768,$GPGSV,18,,46
2026-05-25T18:30:10.227711,$GPGSV,23,,45
2026-05-25T18:30:10.227711,$GPGSV,24,,31
2026-05-25T18:30:10.227711,$GPGSV,25,,40
2026-05-25T18:30:10.227711,$GPGSV,28,,44
2026-05-25T18:30:10.228647,$GPGSV,32,,28
2026-05-25T18:30:10.228647,$GPGSV,41,,49
2026-05-25T18:30:10.228647,$GPGSV,42,,48
2026-05-25T18:30:10.228647,$GPGSV,50,,41
2026-05-25T18:30:10.229552,$GPGSV,10,,21
2026-05-25T18:30:10.229552,$GPGSV,12,,25
2026-05-25T18:30:10.229552,$GPGSV,18,,45
2026-05-25T18:30:10.229552,$GPGSV,23,,43
2026-05-25T18:30:10.230435,$GPGSV,24,,24
2026-05-25T18:30:10.230435,$GPGSV,25,,35
2026-05-25T18:30:10.230435,$GPGSV,28,,38
2026-05-25T18:30:10.230435,$GPGSV,32,,33
2026-05-25T18:30:10.232504,$GLGSV,65,,19
2026-05-25T18:30:10.232504,$GLGSV,66,,13
2026-05-25T18:30:10.232504,$GLGSV,75,,39
2026-05-25T18:30:10.232504,$GLGSV,76,,47
2026-05-25T18:30:10.233283,$GLGSV,77,,40
2026-05-25T18:30:10.233283,$GLGSV,81,,40
2026-05-25T18:30:10.233283,$GLGSV,88,,49
2026-05-25T18:30:10.234223,$GLGSV,66,,27
2026-05-25T18:30:10.234223,$GLGSV,75,,34
2026-05-25T18:30:10.234223,$GLGSV,76,,45
2026-05-25T18:30:10.234223,$GLGSV,81,,37
2026-05-25T18:30:10.234797,$GLGSV,88,,45
2026-05-25T18:30:10.236318,$GAGSV,03,,29
2026-05-25T18:30:10.236318,$GAGSV,07,,46
2026-05-25T18:30:10.236318,$GAGSV,08,,47
2026-05-25T18:30:10.236318,$GAGSV,13,,49
2026-05-25T18:30:10.237101,$GAGSV,15,,50
2026-05-25T18:30:10.237101,$GAGSV,32,,46
2026-05-25T18:30:10.237101,$GAGSV,34,,43
2026-05-25T18:30:10.237988,$GAGSV,07,,44
2026-05-25T18:30:10.237988,$GAGSV,08,,45
2026-05-25T18:30:10.237988,$GAGSV,13,,45
2026-05-25T18:30:10.237988,$GAGSV,15,,46
2026-05-25T18:30:10.238642,$GAGSV,32,,44
2026-05-25T18:30:10.238642,$GAGSV,34,,40
2026-05-25T18:30:10.240185,$GBGSV,07,,48
2026-05-25T18:30:10.240185,$GBGSV,09,,45
2026-05-25T18:30:10.240185,$GBGSV,10,,46
2026-05-25T18:30:10.240185,$GBGSV,13,,47
2026-05-25T18:30:10.241059,$GBGSV,25,,49
2026-05-25T18:30:10.241059,$GBGSV,27,,35
2026-05-25T18:30:10.241059,$GBGSV,28,,44
2026-05-25T18:30:10.241059,$GBGSV,33,,44
2026-05-25T18:30:10.241686,$GBGSV,09,,42
2026-05-25T18:30:10.241686,$GBGSV,10,,45
2026-05-25T18:30:11.219295,$GPGSV,10,,32
2026-05-25T18:30:11.219295,$GPGSV,12,,34
2026-05-25T18:30:11.219295,$GPGSV,13,,41
2026-05-25T18:30:11.219295,$GPGSV,18,,45
2026-05-25T18:30:11.220223,$GPGSV,23,,43
2026-05-25T18:30:11.220223,$GPGSV,24,,32
2026-05-25T18:30:11.220223,$GPGSV,25,,39
2026-05-25T18:30:11.220223,$GPGSV,28,,42
2026-05-25T18:30:11.221145,$GPGSV,32,,29
2026-05-25T18:30:11.221145,$GPGSV,41,,48
2026-05-25T18:30:11.221145,$GPGSV,42,,46
2026-05-25T18:30:11.221145,$GPGSV,50,,40
2026-05-25T18:30:11.222067,$GPGSV,10,,23
2026-05-25T18:30:11.222067,$GPGSV,12,,31
2026-05-25T18:30:11.222067,$GPGSV,18,,47
2026-05-25T18:30:11.222067,$GPGSV,23,,45
2026-05-25T18:30:11.223000,$GPGSV,24,,26
2026-05-25T18:30:11.223000,$GPGSV,25,,36
2026-05-25T18:30:11.223000,$GPGSV,28,,40
2026-05-25T18:30:11.223000,$GPGSV,32,,34
2026-05-25T18:30:11.225169,$GLGSV,65,,19
2026-05-25T18:30:11.225169,$GLGSV,66,,12
2026-05-25T18:30:11.225169,$GLGSV,75,,38
2026-05-25T18:30:11.225169,$GLGSV,76,,46
2026-05-25T18:30:11.225985,$GLGSV,77,,39
2026-05-25T18:30:11.225985,$GLGSV,81,,40
2026-05-25T18:30:11.225985,$GLGSV,88,,48
2026-05-25T18:30:11.226916,$GLGSV,66,,30
2026-05-25T18:30:11.226916,$GLGSV,75,,35
2026-05-25T18:30:11.226916,$GLGSV,76,,46
2026-05-25T18:30:11.226916,$GLGSV,81,,39
2026-05-25T18:30:11.227505,$GLGSV,88,,46
2026-05-25T18:30:11.229015,$GAGSV,03,,31
2026-05-25T18:30:11.229015,$GAGSV,07,,45
2026-05-25T18:30:11.229015,$GAGSV,08,,46
2026-05-25T18:30:11.229015,$GAGSV,13,,48
2026-05-25T18:30:11.229801,$GAGSV,15,,48
2026-05-25T18:30:11.229801,$GAGSV,32,,45
2026-05-25T18:30:11.229801,$GAGSV,34,,41
2026-05-25T18:30:11.230678,$GAGSV,03,,25
2026-05-25T18:30:11.230678,$GAGSV,07,,43
2026-05-25T18:30:11.230678,$GAGSV,08,,44
2026-05-25T18:30:11.230678,$GAGSV,13,,44
2026-05-25T18:30:11.231474,$GAGSV,15,,45
2026-05-25T18:30:11.231474,$GAGSV,32,,42
2026-05-25T18:30:11.231474,$GAGSV,34,,39
2026-05-25T18:30:11.233090,$GBGSV,07,,47
2026-05-25T18:30:11.233090,$GBGSV,09,,44
2026-05-25T18:30:11.233090,$GBGSV,10,,45
2026-05-25T18:30:11.233090,$GBGSV,13,,46
2026-05-25T18:30:11.233975,$GBGSV,25,,48
2026-05-25T18:30:11.233975,$GBGSV,27,,34
2026-05-25T18:30:11.233975,$GBGSV,28,,43
2026-05-25T18:30:11.233975,$GBGSV,33,,43
2026-05-25T18:30:11.234652,$GBGSV,09,,44
2026-05-25T18:30:11.234652,$GBGSV,10,,46
2026-05-25T18:30:12.220193,$GPGSV,10,,32
2026-05-25T18:30:12.220193,$GPGSV,12,,32
2026-05-25T18:30:12.220193,$GPGSV,13,,41
2026-05-25T18:30:12.220193,$GPGSV,18,,44
2026-05-25T18:30:12.221082,$GPGSV,23,,43
2026-05-25T18:30:12.221082,$GPGSV,24,,31
2026-05-25T18:30:12.221082,$GPGSV,25,,39
2026-05-25T18:30:12.221082,$GPGSV,28,,40
2026-05-25T18:30:12.221973,$GPGSV,32,,29
2026-05-25T18:30:12.221973,$GPGSV,41,,47
2026-05-25T18:30:12.221973,$GPGSV,42,,46
2026-05-25T18:30:12.221973,$GPGSV,50,,40
2026-05-25T18:30:12.222851,$GPGSV,10,,24
2026-05-25T18:30:12.222851,$GPGSV,12,,30
2026-05-25T18:30:12.222851,$GPGSV,18,,46
2026-05-25T18:30:12.222851,$GPGSV,23,,44
2026-05-25T18:30:12.223742,$GPGSV,24,,26
2026-05-25T18:30:12.223742,$GPGSV,25,,36
2026-05-25T18:30:12.223742,$GPGSV,28,,39
2026-05-25T18:30:12.223742,$GPGSV,32,,33
2026-05-25T18:30:12.225802,$GLGSV,65,,19
2026-05-25T18:30:12.225802,$GLGSV,66,,10
2026-05-25T18:30:12.225802,$GLGSV,75,,38
2026-05-25T18:30:12.225802,$GLGSV,76,,46
2026-05-25T18:30:12.226582,$GLGSV,77,,39
2026-05-25T18:30:12.226582,$GLGSV,81,,40
2026-05-25T18:30:12.226582,$GLGSV,88,,48
2026-05-25T18:30:12.227516,$GLGSV,66,,30
2026-05-25T18:30:12.227516,$GLGSV,75,,35
2026-05-25T18:30:12.227516,$GLGSV,76,,46
2026-05-25T18:30:12.227516,$GLGSV,81,,38
2026-05-25T18:30:12.228098,$GLGSV,88,,45
2026-05-25T18:30:12.229614,$GAGSV,03,,31
2026-05-25T18:30:12.229614,$GAGSV,07,,45
2026-05-25T18:30:12.229614,$GAGSV,08,,45
2026-05-25T18:30:12.229614,$GAGSV,13,,48
2026-05-25T18:30:12.230405,$GAGSV,15,,48
2026-05-25T18:30:12.230405,$GAGSV,32,,45
2026-05-25T18:30:12.230405,$GAGSV,34,,41
2026-05-25T18:30:12.231298,$GAGSV,03,,26
2026-05-25T18:30:12.231298,$GAGSV,07,,43
2026-05-25T18:30:12.231298,$GAGSV,08,,44
2026-05-25T18:30:12.231298,$GAGSV,13,,44
2026-05-25T18:30:12.232052,$GAGSV,15,,45
2026-05-25T18:30:12.232052,$GAGSV,32,,42
2026-05-25T18:30:12.232052,$GAGSV,34,,39
2026-05-25T18:30:12.233494,$GBGSV,07,,47
2026-05-25T18:30:12.233494,$GBGSV,09,,43
2026-05-25T18:30:12.233494,$GBGSV,10,,45
2026-05-25T18:30:12.233494,$GBGSV,13,,46
2026-05-25T18:30:12.234302,$GBGSV,25,,47
2026-05-25T18:30:12.234302,$GBGSV,27,,34
2026-05-25T18:30:12.234302,$GBGSV,28,,43
2026-05-25T18:30:12.234302,$GBGSV,33,,43
2026-05-25T18:30:12.234923,$GBGSV,09,,44
2026-05-25T18:30:12.234923,$GBGSV,10,,46
2026-05-25T18:30:13.213582,$GPGSV,10,,32
2026-05-25T18:30:13.213582,$GPGSV,12,,32
2026-05-25T18:30:13.213582,$GPGSV,13,,41
2026-05-25T18:30:13.213582,$GPGSV,18,,44
2026-05-25T18:30:13.214528,$GPGSV,23,,43
2026-05-25T18:30:13.214528,$GPGSV,24,,31
2026-05-25T18:30:13.214528,$GPGSV,25,,38
2026-05-25T18:30:13.214528,$GPGSV,28,,41
2026-05-25T18:30:13.215522,$GPGSV,32,,30
2026-05-25T18:30:13.215522,$GPGSV,41,,47
2026-05-25T18:30:13.215522,$GPGSV,42,,46
2026-05-25T18:30:13.215522,$GPGSV,50,,39
2026-05-25T18:30:13.216444,$GPGSV,10,,25
2026-05-25T18:30:13.216444,$GPGSV,12,,31
2026-05-25T18:30:13.216444,$GPGSV,18,,47
2026-05-25T18:30:13.216444,$GPGSV,23,,46
2026-05-25T18:30:13.217363,$GPGSV,24,,28
2026-05-25T18:30:13.217363,$GPGSV,25,,37
2026-05-25T18:30:13.217363,$GPGSV,28,,40
2026-05-25T18:30:13.217363,$GPGSV,32,,33
2026-05-25T18:30:13.219605,$GLGSV,65,,18
2026-05-25T18:30:13.219605,$GLGSV,66,,29
2026-05-25T18:30:13.219605,$GLGSV,75,,38
2026-05-25T18:30:13.219605,$GLGSV,76,,45
2026-05-25T18:30:13.220404,$GLGSV,77,,38
2026-05-25T18:30:13.220404,$GLGSV,81,,40
2026-05-25T18:30:13.220404,$GLGSV,88,,48
2026-05-25T18:30:13.221606,$GLGSV,66,,31
2026-05-25T18:30:13.221606,$GLGSV,75,,36
2026-05-25T18:30:13.221606,$GLGSV,76,,47
2026-05-25T18:30:13.221606,$GLGSV,81,,40
2026-05-25T18:30:13.222186,$GLGSV,88,,47
2026-05-25T18:30:13.223698,$GAGSV,03,,30
2026-05-25T18:30:13.223698,$GAGSV,07,,45
2026-05-25T18:30:13.223698,$GAGSV,08,,46
2026-05-25T18:30:13.223698,$GAGSV,13,,48
2026-05-25T18:30:13.224476,$GAGSV,15,,48
2026-05-25T18:30:13.224476,$GAGSV,32,,45
2026-05-25T18:30:13.224476,$GAGSV,34,,41
2026-05-25T18:30:13.225352,$GAGSV,03,,25
2026-05-25T18:30:13.225352,$GAGSV,07,,43
2026-05-25T18:30:13.225352,$GAGSV,08,,44
2026-05-25T18:30:13.225352,$GAGSV,13,,44
2026-05-25T18:30:13.226127,$GAGSV,15,,45
2026-05-25T18:30:13.226127,$GAGSV,32,,42
2026-05-25T18:30:13.226127,$GAGSV,34,,39
2026-05-25T18:30:13.227659,$GBGSV,07,,47
2026-05-25T18:30:13.227659,$GBGSV,09,,43
2026-05-25T18:30:13.227659,$GBGSV,10,,45
2026-05-25T18:30:13.227659,$GBGSV,13,,46
2026-05-25T18:30:13.228538,$GBGSV,25,,47
2026-05-25T18:30:13.228538,$GBGSV,27,,34
2026-05-25T18:30:13.228538,$GBGSV,28,,44
2026-05-25T18:30:13.228538,$GBGSV,33,,43
2026-05-25T18:30:13.229211,$GBGSV,09,,45
2026-05-25T18:30:13.229211,$GBGSV,10,,47
2026-05-25T18:30:14.219291,$GPGSV,10,,33
2026-05-25T18:30:14.219291,$GPGSV,12,,33
2026-05-25T18:30:14.219291,$GPGSV,13,,41
2026-05-25T18:30:14.219291,$GPGSV,18,,44
2026-05-25T18:30:14.220219,$GPGSV,23,,43
2026-05-25T18:30:14.220219,$GPGSV,24,,31
2026-05-25T18:30:14.220219,$GPGSV,25,,39
2026-05-25T18:30:14.220219,$GPGSV,28,,41
2026-05-25T18:30:14.221147,$GPGSV,32,,30
2026-05-25T18:30:14.221147,$GPGSV,41,,47
2026-05-25T18:30:14.221147,$GPGSV,42,,45
2026-05-25T18:30:14.221147,$GPGSV,50,,39
2026-05-25T18:30:14.222065,$GPGSV,10,,25
2026-05-25T18:30:14.222065,$GPGSV,12,,31
2026-05-25T18:30:14.222065,$GPGSV,18,,46
2026-05-25T18:30:14.222065,$GPGSV,23,,44
2026-05-25T18:30:14.222988,$GPGSV,24,,28
2026-05-25T18:30:14.222988,$GPGSV,25,,36
2026-05-25T18:30:14.222988,$GPGSV,28,,40
2026-05-25T18:30:14.222988,$GPGSV,32,,33
2026-05-25T18:30:14.225252,$GLGSV,65,,17
2026-05-25T18:30:14.225252,$GLGSV,66,,29
2026-05-25T18:30:14.225252,$GLGSV,75,,38
2026-05-25T18:30:14.225252,$GLGSV,76,,45
2026-05-25T18:30:14.226040,$GLGSV,77,,38
2026-05-25T18:30:14.226040,$GLGSV,81,,40
2026-05-25T18:30:14.226040,$GLGSV,88,,48
2026-05-25T18:30:14.226931,$GLGSV,66,,32
2026-05-25T18:30:14.226931,$GLGSV,75,,35
2026-05-25T18:30:14.226931,$GLGSV,76,,47
2026-05-25T18:30:14.226931,$GLGSV,81,,38
2026-05-25T18:30:14.227520,$GLGSV,88,,46
2026-05-25T18:30:14.229036,$GAGSV,03,,31
2026-05-25T18:30:14.229036,$GAGSV,07,,44
2026-05-25T18:30:14.229036,$GAGSV,08,,45
2026-05-25T18:30:14.229036,$GAGSV,13,,48
2026-05-25T18:30:14.229831,$GAGSV,15,,47
2026-05-25T18:30:14.229831,$GAGSV,32,,45
2026-05-25T18:30:14.229831,$GAGSV,34,,41
2026-05-25T18:30:14.230723,$GAGSV,03,,25
2026-05-25T18:30:14.230723,$GAGSV,07,,43
2026-05-25T18:30:14.230723,$GAGSV,08,,44
2026-05-25T18:30:14.230723,$GAGSV,13,,44
2026-05-25T18:30:14.231533,$GAGSV,15,,45
2026-05-25T18:30:14.231533,$GAGSV,32,,42
2026-05-25T18:30:14.231533,$GAGSV,34,,39
2026-05-25T18:30:14.233172,$GBGSV,07,,46
2026-05-25T18:30:14.233172,$GBGSV,09,,43
2026-05-25T18:30:14.233172,$GBGSV,10,,45
2026-05-25T18:30:14.233172,$GBGSV,13,,46
2026-05-25T18:30:14.234058,$GBGSV,25,,48
2026-05-25T18:30:14.234058,$GBGSV,27,,34
2026-05-25T18:30:14.234058,$GBGSV,28,,44
2026-05-25T18:30:14.234058,$GBGSV,33,,43
2026-05-25T18:30:14.234902,$GBGSV,09,,44
2026-05-25T18:30:14.234902,$GBGSV,10,,46
2026-05-25T18:30:15.219952,$GPGSV,10,,32
2026-05-25T18:30:15.219952,$GPGSV,12,,33
2026-05-25T18:30:15.219952,$GPGSV,13,,41
2026-05-25T18:30:15.219952,$GPGSV,18,,44
2026-05-25T18:30:15.220866,$GPGSV,23,,43
2026-05-25T18:30:15.220866,$GPGSV,24,,31
2026-05-25T18:30:15.220866,$GPGSV,25,,39
2026-05-25T18:30:15.220866,$GPGSV,28,,41
2026-05-25T18:30:15.221752,$GPGSV,32,,31
2026-05-25T18:30:15.221752,$GPGSV,41,,47
2026-05-25T18:30:15.221752,$GPGSV,42,,45
2026-05-25T18:30:15.221752,$GPGSV,50,,39
2026-05-25T18:30:15.222634,$GPGSV,10,,25
2026-05-25T18:30:15.222634,$GPGSV,12,,30
2026-05-25T18:30:15.222634,$GPGSV,18,,46
2026-05-25T18:30:15.222634,$GPGSV,23,,44
2026-05-25T18:30:15.223542,$GPGSV,24,,27
2026-05-25T18:30:15.223542,$GPGSV,25,,36
2026-05-25T18:30:15.223542,$GPGSV,28,,39
2026-05-25T18:30:15.223542,$GPGSV,32,,33
2026-05-25T18:30:15.225613,$GLGSV,65,,16
2026-05-25T18:30:15.225613,$GLGSV,66,,30
2026-05-25T18:30:15.225613,$GLGSV,75,,38
2026-05-25T18:30:15.225613,$GLGSV,76,,45
2026-05-25T18:30:15.226396,$GLGSV,77,,38
2026-05-25T18:30:15.226396,$GLGSV,81,,40
2026-05-25T18:30:15.226396,$GLGSV,88,,48
2026-05-25T18:30:15.227295,$GLGSV,66,,31
2026-05-25T18:30:15.227295,$GLGSV,75,,35
2026-05-25T18:30:15.227295,$GLGSV,76,,46
2026-05-25T18:30:15.227295,$GLGSV,81,,37
2026-05-25T18:30:15.227872,$GLGSV,88,,45
2026-05-25T18:30:15.229371,$GAGSV,03,,31
2026-05-25T18:30:15.229371,$GAGSV,07,,44
2026-05-25T18:30:15.229371,$GAGSV,08,,45
2026-05-25T18:30:15.229371,$GAGSV,13,,47
2026-05-25T18:30:15.230160,$GAGSV,15,,47
2026-05-25T18:30:15.230160,$GAGSV,32,,45
2026-05-25T18:30:15.230160,$GAGSV,34,,40
2026-05-25T18:30:15.231055,$GAGSV,03,,25
2026-05-25T18:30:15.231055,$GAGSV,07,,43
2026-05-25T18:30:15.231055,$GAGSV,08,,44
2026-05-25T18:30:15.231055,$GAGSV,13,,44
2026-05-25T18:30:15.231865,$GAGSV,15,,45
2026-05-25T18:30:15.231865,$GAGSV,32,,42
2026-05-25T18:30:15.231865,$GAGSV,34,,39
2026-05-25T18:30:15.233403,$GBGSV,07,,46
2026-05-25T18:30:15.233403,$GBGSV,09,,43
2026-05-25T18:30:15.233403,$GBGSV,10,,45
2026-05-25T18:30:15.233403,$GBGSV,13,,46
2026-05-25T18:30:15.234251,$GBGSV,25,,48
2026-05-25T18:30:15.234251,$GBGSV,27,,34
2026-05-25T18:30:15.234251,$GBGSV,28,,44
2026-05-25T18:30:15.234251,$GBGSV,33,,43
2026-05-25T18:30:15.234904,$GBGSV,09,,44
2026-05-25T18:30:15.234904,$GBGSV,10,,46
2026-05-25T18:30:16.221119,$GPGSV,10,,33
2026-05-25T18:30:16.221119,$GPGSV,12,,33
2026-05-25T18:30:16.221119,$GPGSV,13,,41
2026-05-25T18:30:16.221119,$GPGSV,18,,44
2026-05-25T18:30:16.222050,$GPGSV,23,,43
2026-05-25T18:30:16.222050,$GPGSV,24,,31
2026-05-25T18:30:16.222050,$GPGSV,25,,39
2026-05-25T18:30:16.222050,$GPGSV,28,,42
2026-05-25T18:30:16.222977,$GPGSV,32,,31
2026-05-25T18:30:16.222977,$GPGSV,41,,47
2026-05-25T18:30:16.222977,$GPGSV,42,,45
2026-05-25T18:30:16.222977,$GPGSV,50,,39
2026-05-25T18:30:16.223906,$GPGSV,10,,25
2026-05-25T18:30:16.223906,$GPGSV,12,,31
2026-05-25T18:30:16.223906,$GPGSV,18,,46
2026-05-25T18:30:16.223906,$GPGSV,23,,44
2026-05-25T18:30:16.224786,$GPGSV,24,,27
2026-05-25T18:30:16.224786,$GPGSV,25,,35
2026-05-25T18:30:16.224786,$GPGSV,28,,39
2026-05-25T18:30:16.224786,$GPGSV,32,,33
2026-05-25T18:30:16.226841,$GLGSV,65,,15
2026-05-25T18:30:16.226841,$GLGSV,66,,31
2026-05-25T18:30:16.226841,$GLGSV,75,,38
2026-05-25T18:30:16.226841,$GLGSV,76,,44
2026-05-25T18:30:16.227629,$GLGSV,77,,38
2026-05-25T18:30:16.227629,$GLGSV,81,,40
2026-05-25T18:30:16.227629,$GLGSV,88,,47
2026-05-25T18:30:16.228515,$GLGSV,66,,31
2026-05-25T18:30:16.228515,$GLGSV,75,,34
2026-05-25T18:30:16.228515,$GLGSV,76,,46
2026-05-25T18:30:16.228515,$GLGSV,81,,37
2026-05-25T18:30:16.229104,$GLGSV,88,,46
2026-05-25T18:30:16.230617,$GAGSV,03,,30
2026-05-25T18:30:16.230617,$GAGSV,07,,45
2026-05-25T18:30:16.230617,$GAGSV,08,,45
2026-05-25T18:30:16.230617,$GAGSV,13,,47
2026-05-25T18:30:16.231450,$GAGSV,15,,47
2026-05-25T18:30:16.231450,$GAGSV,32,,45
2026-05-25T18:30:16.231450,$GAGSV,34,,40
2026-05-25T18:30:16.232336,$GAGSV,03,,25
2026-05-25T18:30:16.232336,$GAGSV,07,,43
2026-05-25T18:30:16.232336,$GAGSV,08,,44
2026-05-25T18:30:16.232336,$GAGSV,13,,44
2026-05-25T18:30:16.233112,$GAGSV,15,,45
2026-05-25T18:30:16.233112,$GAGSV,32,,42
2026-05-25T18:30:16.233112,$GAGSV,34,,38
2026-05-25T18:30:16.234628,$GBGSV,07,,47
2026-05-25T18:30:16.234628,$GBGSV,09,,43
2026-05-25T18:30:16.234628,$GBGSV,10,,45
2026-05-25T18:30:16.234628,$GBGSV,13,,46
2026-05-25T18:30:16.235509,$GBGSV,25,,47
2026-05-25T18:30:16.235509,$GBGSV,27,,34
2026-05-25T18:30:16.235509,$GBGSV,28,,44
2026-05-25T18:30:16.235509,$GBGSV,33,,43
2026-05-25T18:30:16.236160,$GBGSV,09,,44
2026-05-25T18:30:16.236160,$GBGSV,10,,46
2026-05-25T18:30:17.222156,$GPGSV,10,,33
2026-05-25T18:30:17.222156,$GPGSV,12,,33
2026-05-25T18:30:17.222156,$GPGSV,13,,41
2026-05-25T18:30:17.222156,$GPGSV,18,,44
2026-05-25T18:30:17.223015,$GPGSV,23,,43
2026-05-25T18:30:17.223015,$GPGSV,24,,31
2026-05-25T18:30:17.223015,$GPGSV,25,,39
2026-05-25T18:30:17.223015,$GPGSV,28,,41
2026-05-25T18:30:17.223867,$GPGSV,32,,32
2026-05-25T18:30:17.223867,$GPGSV,41,,47
2026-05-25T18:30:17.223867,$GPGSV,42,,46
2026-05-25T18:30:17.223867,$GPGSV,50,,39
2026-05-25T18:30:17.224706,$GPGSV,10,,24
2026-05-25T18:30:17.224706,$GPGSV,12,,31
2026-05-25T18:30:17.224706,$GPGSV,18,,46
2026-05-25T18:30:17.224706,$GPGSV,23,,44
2026-05-25T18:30:17.225518,$GPGSV,24,,27
2026-05-25T18:30:17.225518,$GPGSV,25,,35
2026-05-25T18:30:17.225518,$GPGSV,28,,39
2026-05-25T18:30:17.225518,$GPGSV,32,,33
2026-05-25T18:30:17.227359,$GLGSV,65,,13
2026-05-25T18:30:17.227359,$GLGSV,66,,31
2026-05-25T18:30:17.227359,$GLGSV,75,,38
2026-05-25T18:30:17.227359,$GLGSV,76,,45
2026-05-25T18:30:17.227997,$GLGSV,77,,38
2026-05-25T18:30:17.227997,$GLGSV,81,,40
2026-05-25T18:30:17.227997,$GLGSV,88,,47
2026-05-25T18:30:17.228737,$GLGSV,66,,31
2026-05-25T18:30:17.228737,$GLGSV,75,,34
2026-05-25T18:30:17.228737,$GLGSV,76,,46
2026-05-25T18:30:17.228737,$GLGSV,81,,37
2026-05-25T18:30:17.229156,$GLGSV,88,,46
2026-05-25T18:30:17.230435,$GAGSV,03,,31
2026-05-25T18:30:17.230435,$GAGSV,07,,45
2026-05-25T18:30:17.230435,$GAGSV,08,,45
2026-05-25T18:30:17.230435,$GAGSV,13,,48
2026-05-25T18:30:17.231061,$GAGSV,15,,48
2026-05-25T18:30:17.231061,$GAGSV,32,,45
2026-05-25T18:30:17.231061,$GAGSV,34,,40
2026-05-25T18:30:17.231816,$GAGSV,03,,25
2026-05-25T18:30:17.231816,$GAGSV,07,,43
2026-05-25T18:30:17.231816,$GAGSV,08,,44
2026-05-25T18:30:17.231816,$GAGSV,13,,44
2026-05-25T18:30:17.232442,$GAGSV,15,,45
2026-05-25T18:30:17.232442,$GAGSV,32,,42
2026-05-25T18:30:17.232442,$GAGSV,34,,38
2026-05-25T18:30:17.233748,$GBGSV,07,,47
2026-05-25T18:30:17.233748,$GBGSV,09,,43
2026-05-25T18:30:17.233748,$GBGSV,10,,45
2026-05-25T18:30:17.233748,$GBGSV,13,,46
2026-05-25T18:30:17.234562,$GBGSV,25,,47
2026-05-25T18:30:17.234562,$GBGSV,27,,33
2026-05-25T18:30:17.234562,$GBGSV,28,,44
2026-05-25T18:30:17.234562,$GBGSV,33,,43
2026-05-25T18:30:17.235116,$GBGSV,09,,44
2026-05-25T18:30:17.235116,$GBGSV,10,,46
2026-05-25T18:30:18.218877,$GPGSV,10,,33
2026-05-25T18:30:18.218877,$GPGSV,12,,33
2026-05-25T18:30:18.218877,$GPGSV,13,,41
2026-05-25T18:30:18.218877,$GPGSV,18,,44
2026-05-25T18:30:18.219628,$GPGSV,23,,43
2026-05-25T18:30:18.219628,$GPGSV,24,,31
2026-05-25T18:30:18.219628,$GPGSV,25,,38
2026-05-25T18:30:18.219628,$GPGSV,28,,41
2026-05-25T18:30:18.220348,$GPGSV,32,,33
2026-05-25T18:30:18.220348,$GPGSV,41,,47
2026-05-25T18:30:18.220348,$GPGSV,42,,46
2026-05-25T18:30:18.220348,$GPGSV,50,,39
2026-05-25T18:30:18.221073,$GPGSV,10,,25
2026-05-25T18:30:18.221073,$GPGSV,12,,31
2026-05-25T18:30:18.221073,$GPGSV,18,,46
2026-05-25T18:30:18.221073,$GPGSV,23,,44
2026-05-25T18:30:18.221802,$GPGSV,24,,27
2026-05-25T18:30:18.221802,$GPGSV,25,,35
2026-05-25T18:30:18.221802,$GPGSV,28,,39
2026-05-25T18:30:18.221802,$GPGSV,32,,32
2026-05-25T18:30:18.223540,$GLGSV,65,,12
2026-05-25T18:30:18.223540,$GLGSV,66,,31
2026-05-25T18:30:18.223540,$GLGSV,75,,37
2026-05-25T18:30:18.223540,$GLGSV,76,,45
2026-05-25T18:30:18.224152,$GLGSV,77,,38
2026-05-25T18:30:18.224152,$GLGSV,81,,40
2026-05-25T18:30:18.224152,$GLGSV,88,,47
2026-05-25T18:30:18.224857,$GLGSV,66,,30
2026-05-25T18:30:18.224857,$GLGSV,75,,34
2026-05-25T18:30:18.224857,$GLGSV,76,,46
2026-05-25T18:30:18.224857,$GLGSV,81,,37
2026-05-25T18:30:18.225248,$GLGSV,88,,46
2026-05-25T18:30:18.226448,$GAGSV,03,,31
2026-05-25T18:30:18.226448,$GAGSV,07,,45
2026-05-25T18:30:18.226448,$GAGSV,08,,45
2026-05-25T18:30:18.226448,$GAGSV,13,,48
2026-05-25T18:30:18.227029,$GAGSV,15,,48
2026-05-25T18:30:18.227029,$GAGSV,32,,45
2026-05-25T18:30:18.227029,$GAGSV,34,,40
2026-05-25T18:30:18.227729,$GAGSV,03,,25
2026-05-25T18:30:18.227729,$GAGSV,07,,43
2026-05-25T18:30:18.227729,$GAGSV,08,,44
2026-05-25T18:30:18.227729,$GAGSV,13,,44
2026-05-25T18:30:18.228316,$GAGSV,15,,45
2026-05-25T18:30:18.228316,$GAGSV,32,,42
2026-05-25T18:30:18.228316,$GAGSV,34,,39
2026-05-25T18:30:18.229570,$GBGSV,07,,47
2026-05-25T18:30:18.229570,$GBGSV,09,,43
2026-05-25T18:30:18.229570,$GBGSV,10,,45
2026-05-25T18:30:18.229570,$GBGSV,13,,46
2026-05-25T18:30:18.230258,$GBGSV,25,,47
2026-05-25T18:30:18.230258,$GBGSV,27,,33
2026-05-25T18:30:18.230258,$GBGSV,28,,43
2026-05-25T18:30:18.230258,$GBGSV,33,,43
2026-05-25T18:30:18.230751,$GBGSV,09,,44
2026-05-25T18:30:18.230751,$GBGSV,10,,46
2026-05-25T18:30:19.219989,$GPGSV,10,,33
2026-05-25T18:30:19.219989,$GPGSV,12,,33
2026-05-25T18:30:19.219989,$GPGSV,13,,41
2026-05-25T18:30:19.219989,$GPGSV,18,,44
2026-05-25T18:30:19.220765,$GPGSV,23,,43
2026-05-25T18:30:19.220765,$GPGSV,24,,31
2026-05-25T18:30:19.220765,$GPGSV,25,,38
2026-05-25T18:30:19.220765,$GPGSV,28,,41
2026-05-25T18:30:19.221503,$GPGSV,32,,33
2026-05-25T18:30:19.221503,$GPGSV,41,,47
2026-05-25T18:30:19.221503,$GPGSV,42,,46
2026-05-25T18:30:19.221503,$GPGSV,50,,39
2026-05-25T18:30:19.222234,$GPGSV,10,,25
2026-05-25T18:30:19.222234,$GPGSV,12,,31
2026-05-25T18:30:19.222234,$GPGSV,18,,46
2026-05-25T18:30:19.222234,$GPGSV,23,,44
2026-05-25T18:30:19.222951,$GPGSV,24,,27
2026-05-25T18:30:19.222951,$GPGSV,25,,35
2026-05-25T18:30:19.222951,$GPGSV,28,,39
2026-05-25T18:30:19.222951,$GPGSV,32,,32
2026-05-25T18:30:19.225752,$GLGSV,65,,10
2026-05-25T18:30:19.225752,$GLGSV,66,,32
2026-05-25T18:30:19.225752,$GLGSV,75,,37
2026-05-25T18:30:19.225752,$GLGSV,76,,44
2026-05-25T18:30:19.226426,$GLGSV,77,,38
2026-05-25T18:30:19.226426,$GLGSV,81,,40
2026-05-25T18:30:19.226426,$GLGSV,88,,47
2026-05-25T18:30:19.227169,$GLGSV,66,,30
2026-05-25T18:30:19.227169,$GLGSV,75,,34
2026-05-25T18:30:19.227169,$GLGSV,76,,46
2026-05-25T18:30:19.227169,$GLGSV,81,,36
2026-05-25T18:30:19.227584,$GLGSV,88,,45
2026-05-25T18:30:19.228841,$GAGSV,03,,31
2026-05-25T18:30:19.228841,$GAGSV,07,,45
2026-05-25T18:30:19.228841,$GAGSV,08,,45
2026-05-25T18:30:19.228841,$GAGSV,13,,48
2026-05-25T18:30:19.229456,$GAGSV,15,,48
2026-05-25T18:30:19.229456,$GAGSV,32,,45
2026-05-25T18:30:19.229456,$GAGSV,34,,40
2026-05-25T18:30:19.230195,$GAGSV,03,,24
2026-05-25T18:30:19.230195,$GAGSV,07,,43
2026-05-25T18:30:19.230195,$GAGSV,08,,44
2026-05-25T18:30:19.230195,$GAGSV,13,,44
2026-05-25T18:30:19.230813,$GAGSV,15,,45
2026-05-25T18:30:19.230813,$GAGSV,32,,42
2026-05-25T18:30:19.230813,$GAGSV,34,,38
2026-05-25T18:30:19.232197,$GBGSV,07,,47
2026-05-25T18:30:19.232197,$GBGSV,09,,43
2026-05-25T18:30:19.232197,$GBGSV,10,,45
2026-05-25T18:30:19.232197,$GBGSV,13,,46
2026-05-25T18:30:19.233099,$GBGSV,25,,47
2026-05-25T18:30:19.233099,$GBGSV,27,,33
2026-05-25T18:30:19.233099,$GBGSV,28,,43
2026-05-25T18:30:19.233099,$GBGSV,33,,43
2026-05-25T18:30:19.233754,$GBGSV,09,,44
2026-05-25T18:30:19.233754,$GBGSV,10,,46
2026-05-25T18:30:20.220783,$GPGSV,10,,33
2026-05-25T18:30:20.220783,$GPGSV,12,,33
2026-05-25T18:30:20.220783,$GPGSV,13,,41
2026-05-25T18:30:20.220783,$GPGSV,18,,44
2026-05-25T18:30:20.221674,$GPGSV,23,,43
2026-05-25T18:30:20.221674,$GPGSV,24,,31
2026-05-25T18:30:20.221674,$GPGSV,25,,38
2026-05-25T18:30:20.221674,$GPGSV,28,,41
2026-05-25T18:30:20.222497,$GPGSV,32,,33
2026-05-25T18:30:20.222497,$GPGSV,41,,47
2026-05-25T18:30:20.222497,$GPGSV,42,,45
2026-05-25T18:30:20.222497,$GPGSV,50,,39
2026-05-25T18:30:20.223367,$GPGSV,10,,25
2026-05-25T18:30:20.223367,$GPGSV,12,,31
2026-05-25T18:30:20.223367,$GPGSV,18,,46
2026-05-25T18:30:20.223367,$GPGSV,23,,44
2026-05-25T18:30:20.224151,$GPGSV,24,,26
2026-05-25T18:30:20.224151,$GPGSV,25,,35
2026-05-25T18:30:20.224151,$GPGSV,28,,39
2026-05-25T18:30:20.224151,$GPGSV,32,,32
2026-05-25T18:30:20.225992,$GLGSV,65,,09
2026-05-25T18:30:20.225992,$GLGSV,66,,32
2026-05-25T18:30:20.225992,$GLGSV,75,,37
2026-05-25T18:30:20.225992,$GLGSV,76,,44
2026-05-25T18:30:20.226637,$GLGSV,77,,38
2026-05-25T18:30:20.226637,$GLGSV,81,,41
2026-05-25T18:30:20.226637,$GLGSV,88,,47
2026-05-25T18:30:20.227394,$GLGSV,66,,30
2026-05-25T18:30:20.227394,$GLGSV,75,,34
2026-05-25T18:30:20.227394,$GLGSV,76,,46
2026-05-25T18:30:20.227394,$GLGSV,81,,36
2026-05-25T18:30:20.227834,$GLGSV,88,,45
2026-05-25T18:30:20.229151,$GAGSV,03,,31
2026-05-25T18:30:20.229151,$GAGSV,07,,45
2026-05-25T18:30:20.229151,$GAGSV,08,,45
2026-05-25T18:30:20.229151,$GAGSV,13,,48
2026-05-25T18:30:20.229795,$GAGSV,15,,48
2026-05-25T18:30:20.229795,$GAGSV,32,,45
2026-05-25T18:30:20.229795,$GAGSV,34,,40
2026-05-25T18:30:20.230554,$GAGSV,03,,25
2026-05-25T18:30:20.230554,$GAGSV,07,,43
2026-05-25T18:30:20.230554,$GAGSV,08,,44
2026-05-25T18:30:20.230554,$GAGSV,13,,44
2026-05-25T18:30:20.231230,$GAGSV,15,,45
2026-05-25T18:30:20.231230,$GAGSV,32,,42
2026-05-25T18:30:20.231230,$GAGSV,34,,39
2026-05-25T18:30:20.232582,$GBGSV,07,,47
2026-05-25T18:30:20.232582,$GBGSV,09,,43
2026-05-25T18:30:20.232582,$GBGSV,10,,45
2026-05-25T18:30:20.232582,$GBGSV,13,,46
2026-05-25T18:30:20.233313,$GBGSV,25,,47
2026-05-25T18:30:20.233313,$GBGSV,27,,33
2026-05-25T18:30:20.233313,$GBGSV,28,,43
2026-05-25T18:30:20.233313,$GBGSV,33,,43
2026-05-25T18:30:20.233985,$GBGSV,09,,44
2026-05-25T18:30:20.233985,$GBGSV,10,,46
2026-05-25T18:30:21.220561,$GPGSV,10,,33
2026-05-25T18:30:21.220561,$GPGSV,12,,33
2026-05-25T18:30:21.220561,$GPGSV,13,,41
2026-05-25T18:30:21.220561,$GPGSV,18,,44
2026-05-25T18:30:21.221405,$GPGSV,23,,43
2026-05-25T18:30:21.221405,$GPGSV,24,,31
2026-05-25T18:30:21.221405,$GPGSV,25,,38
2026-05-25T18:30:21.221405,$GPGSV,28,,41
2026-05-25T18:30:21.222239,$GPGSV,32,,34
2026-05-25T18:30:21.222239,$GPGSV,41,,47
2026-05-25T18:30:21.222239,$GPGSV,42,,45
2026-05-25T18:30:21.222239,$GPGSV,50,,39
2026-05-25T18:30:21.223028,$GPGSV,10,,25
2026-05-25T18:30:21.223028,$GPGSV,12,,31
2026-05-25T18:30:21.223028,$GPGSV,18,,46
2026-05-25T18:30:21.223028,$GPGSV,23,,44
2026-05-25T18:30:21.223814,$GPGSV,24,,27
2026-05-25T18:30:21.223814,$GPGSV,25,,35
2026-05-25T18:30:21.223814,$GPGSV,28,,39
2026-05-25T18:30:21.223814,$GPGSV,32,,31
2026-05-25T18:30:21.225624,$GLGSV,65,,08
2026-05-25T18:30:21.225624,$GLGSV,66,,32
2026-05-25T18:30:21.225624,$GLGSV,75,,37
2026-05-25T18:30:21.225624,$GLGSV,76,,44
2026-05-25T18:30:21.226267,$GLGSV,77,,38
2026-05-25T18:30:21.226267,$GLGSV,81,,41
2026-05-25T18:30:21.226267,$GLGSV,88,,47
2026-05-25T18:30:21.227008,$GLGSV,66,,30
2026-05-25T18:30:21.227008,$GLGSV,75,,34
2026-05-25T18:30:21.227008,$GLGSV,76,,46
2026-05-25T18:30:21.227008,$GLGSV,81,,35
2026-05-25T18:30:21.227454,$GLGSV,88,,46
2026-05-25T18:30:21.228774,$GAGSV,03,,31
2026-05-25T18:30:21.228774,$GAGSV,07,,45
2026-05-25T18:30:21.228774,$GAGSV,08,,45
2026-05-25T18:30:21.228774,$GAGSV,13,,48
2026-05-25T18:30:21.229410,$GAGSV,15,,48
2026-05-25T18:30:21.229410,$GAGSV,32,,45
2026-05-25T18:30:21.229410,$GAGSV,34,,40
2026-05-25T18:30:21.230151,$GAGSV,03,,25
2026-05-25T18:30:21.230151,$GAGSV,07,,43
2026-05-25T18:30:21.230151,$GAGSV,08,,44
2026-05-25T18:30:21.230151,$GAGSV,13,,44
2026-05-25T18:30:21.230826,$GAGSV,15,,45
2026-05-25T18:30:21.230826,$GAGSV,32,,42
2026-05-25T18:30:21.230826,$GAGSV,34,,39
2026-05-25T18:30:21.232156,$GBGSV,07,,46
2026-05-25T18:30:21.232156,$GBGSV,09,,43
2026-05-25T18:30:21.232156,$GBGSV,10,,45
2026-05-25T18:30:21.232156,$GBGSV,13,,46
2026-05-25T18:30:21.232902,$GBGSV,25,,47
2026-05-25T18:30:21.232902,$GBGSV,27,,33
2026-05-25T18:30:21.232902,$GBGSV,28,,43
2026-05-25T18:30:21.232902,$GBGSV,33,,43
2026-05-25T18:30:21.233466,$GBGSV,09,,44
2026-05-25T18:30:21.233466,$GBGSV,10,,46
2026-05-25T18:30:22.212821,$GPGSV,10,,33
2026-05-25T18:30:22.212821,$GPGSV,12,,33
2026-05-25T18:30:22.212821,$GPGSV,13,,40
2026-05-25T18:30:22.212821,$GPGSV,18,,44
2026-05-25T18:30:22.213590,$GPGSV,23,,43
2026-05-25T18:30:22.213590,$GPGSV,24,,31
2026-05-25T18:30:22.213590,$GPGSV,25,,38
2026-05-25T18:30:22.213590,$GPGSV,28,,41
2026-05-25T18:30:22.214347,$GPGSV,32,,34
2026-05-25T18:30:22.214347,$GPGSV,41,,47
2026-05-25T18:30:22.214347,$GPGSV,42,,46
2026-05-25T18:30:22.214347,$GPGSV,50,,39
2026-05-25T18:30:22.215115,$GPGSV,10,,25
2026-05-25T18:30:22.215115,$GPGSV,12,,31
2026-05-25T18:30:22.215115,$GPGSV,18,,46
2026-05-25T18:30:22.215115,$GPGSV,23,,44
2026-05-25T18:30:22.215864,$GPGSV,24,,27
2026-05-25T18:30:22.215864,$GPGSV,25,,35
2026-05-25T18:30:22.215864,$GPGSV,28,,39
2026-05-25T18:30:22.215864,$GPGSV,32,,31
2026-05-25T18:30:22.217664,$GLGSV,65,,09
2026-05-25T18:30:22.217664,$GLGSV,66,,32
2026-05-25T18:30:22.217664,$GLGSV,75,,37
2026-05-25T18:30:22.217664,$GLGSV,76,,44
2026-05-25T18:30:22.218276,$GLGSV,77,,39
2026-05-25T18:30:22.218276,$GLGSV,81,,41
2026-05-25T18:30:22.218276,$GLGSV,88,,47
2026-05-25T18:30:22.218994,$GLGSV,66,,30
2026-05-25T18:30:22.218994,$GLGSV,75,,34
2026-05-25T18:30:22.218994,$GLGSV,76,,46
2026-05-25T18:30:22.218994,$GLGSV,81,,35
2026-05-25T18:30:22.219429,$GLGSV,88,,46
2026-05-25T18:30:22.220689,$GAGSV,03,,31
2026-05-25T18:30:22.220689,$GAGSV,07,,45
2026-05-25T18:30:22.220689,$GAGSV,08,,45
2026-05-25T18:30:22.220689,$GAGSV,13,,48
2026-05-25T18:30:22.221300,$GAGSV,15,,48
2026-05-25T18:30:22.221300,$GAGSV,32,,45
2026-05-25T18:30:22.221300,$GAGSV,34,,40
2026-05-25T18:30:22.222025,$GAGSV,03,,25
2026-05-25T18:30:22.222025,$GAGSV,07,,43
2026-05-25T18:30:22.222025,$GAGSV,08,,44
2026-05-25T18:30:22.222025,$GAGSV,13,,44
2026-05-25T18:30:22.222647,$GAGSV,15,,45
2026-05-25T18:30:22.222647,$GAGSV,32,,42
2026-05-25T18:30:22.222647,$GAGSV,34,,38
2026-05-25T18:30:22.224013,$GBGSV,07,,46
2026-05-25T18:30:22.224013,$GBGSV,09,,43
2026-05-25T18:30:22.224013,$GBGSV,10,,45
2026-05-25T18:30:22.224013,$GBGSV,13,,46
2026-05-25T18:30:22.224795,$GBGSV,25,,47
2026-05-25T18:30:22.224795,$GBGSV,27,,32
2026-05-25T18:30:22.224795,$GBGSV,28,,43
2026-05-25T18:30:22.224795,$GBGSV,33,,43
2026-05-25T18:30:22.225486,$GBGSV,09,,44
2026-05-25T18:30:22.225486,$GBGSV,10,,46
2026-05-25T18:30:23.218487,$GPGSV,10,,33
2026-05-25T18:30:23.218487,$GPGSV,12,,34
2026-05-25T18:30:23.218487,$GPGSV,13,,40
2026-05-25T18:30:23.218487,$GPGSV,18,,44
2026-05-25T18:30:23.219283,$GPGSV,23,,43
2026-05-25T18:30:23.219283,$GPGSV,24,,31
2026-05-25T18:30:23.219283,$GPGSV,25,,38
2026-05-25T18:30:23.219283,$GPGSV,28,,41
2026-05-25T18:30:23.220005,$GPGSV,32,,33
2026-05-25T18:30:23.220005,$GPGSV,41,,47
2026-05-25T18:30:23.220005,$GPGSV,42,,46
2026-05-25T18:30:23.220005,$GPGSV,50,,39
2026-05-25T18:30:23.220723,$GPGSV,10,,25
2026-05-25T18:30:23.220723,$GPGSV,12,,31
2026-05-25T18:30:23.220723,$GPGSV,18,,46
2026-05-25T18:30:23.220723,$GPGSV,23,,44
2026-05-25T18:30:23.221435,$GPGSV,24,,27
2026-05-25T18:30:23.221435,$GPGSV,25,,35
2026-05-25T18:30:23.221435,$GPGSV,28,,40
2026-05-25T18:30:23.221435,$GPGSV,32,,31
2026-05-25T18:30:23.223181,$GLGSV,65,,09
2026-05-25T18:30:23.223181,$GLGSV,66,,32
2026-05-25T18:30:23.223181,$GLGSV,75,,37
2026-05-25T18:30:23.223181,$GLGSV,76,,44
2026-05-25T18:30:23.223802,$GLGSV,77,,39
2026-05-25T18:30:23.223802,$GLGSV,81,,41
2026-05-25T18:30:23.223802,$GLGSV,88,,47
2026-05-25T18:30:23.224526,$GLGSV,66,,29
2026-05-25T18:30:23.224526,$GLGSV,75,,34
2026-05-25T18:30:23.224526,$GLGSV,76,,46
2026-05-25T18:30:23.224526,$GLGSV,81,,36
2026-05-25T18:30:23.224945,$GLGSV,88,,46
2026-05-25T18:30:23.226200,$GAGSV,03,,31
2026-05-25T18:30:23.226200,$GAGSV,07,,45
2026-05-25T18:30:23.226200,$GAGSV,08,,45
2026-05-25T18:30:23.226200,$GAGSV,13,,48
2026-05-25T18:30:23.226814,$GAGSV,15,,48
2026-05-25T18:30:23.226814,$GAGSV,32,,45
2026-05-25T18:30:23.226814,$GAGSV,34,,40
2026-05-25T18:30:23.227555,$GAGSV,03,,25
2026-05-25T18:30:23.227555,$GAGSV,07,,43
2026-05-25T18:30:23.227555,$GAGSV,08,,44
2026-05-25T18:30:23.227555,$GAGSV,13,,44
2026-05-25T18:30:23.228195,$GAGSV,15,,45
2026-05-25T18:30:23.228195,$GAGSV,32,,42
2026-05-25T18:30:23.228195,$GAGSV,34,,38
2026-05-25T18:30:23.229464,$GBGSV,07,,46
2026-05-25T18:30:23.229464,$GBGSV,09,,43
2026-05-25T18:30:23.229464,$GBGSV,10,,44
2026-05-25T18:30:23.229464,$GBGSV,13,,46
2026-05-25T18:30:23.230192,$GBGSV,25,,47
2026-05-25T18:30:23.230192,$GBGSV,27,,32
2026-05-25T18:30:23.230192,$GBGSV,28,,43
2026-05-25T18:30:23.230192,$GBGSV,33,,43
2026-05-25T18:30:23.230686,$GBGSV,09,,44
2026-05-25T18:30:23.230686,$GBGSV,10,,45
2026-05-25T18:30:24.220682,$GPGSV,10,,33
2026-05-25T18:30:24.220682,$GPGSV,12,,33
2026-05-25T18:30:24.220682,$GPGSV,13,,40
2026-05-25T18:30:24.220682,$GPGSV,18,,44
2026-05-25T18:30:24.221459,$GPGSV,23,,43
2026-05-25T18:30:24.221459,$GPGSV,24,,31
2026-05-25T18:30:24.221459,$GPGSV,25,,38
2026-05-25T18:30:24.221459,$GPGSV,28,,41
2026-05-25T18:30:24.222216,$GPGSV,32,,33
2026-05-25T18:30:24.222216,$GPGSV,41,,47
2026-05-25T18:30:24.222216,$GPGSV,42,,45
2026-05-25T18:30:24.222216,$GPGSV,50,,39
2026-05-25T18:30:24.222962,$GPGSV,10,,25
2026-05-25T18:30:24.222962,$GPGSV,12,,31
2026-05-25T18:30:24.222962,$GPGSV,18,,46
2026-05-25T18:30:24.222962,$GPGSV,23,,44
2026-05-25T18:30:24.223735,$GPGSV,24,,26
2026-05-25T18:30:24.223735,$GPGSV,25,,35
2026-05-25T18:30:24.223735,$GPGSV,28,,40
2026-05-25T18:30:24.223735,$GPGSV,32,,30
2026-05-25T18:30:24.225514,$GLGSV,65,,10
2026-05-25T18:30:24.225514,$GLGSV,66,,33
2026-05-25T18:30:24.225514,$GLGSV,75,,37
2026-05-25T18:30:24.225514,$GLGSV,76,,44
2026-05-25T18:30:24.226135,$GLGSV,77,,39
2026-05-25T18:30:24.226135,$GLGSV,81,,41
2026-05-25T18:30:24.226135,$GLGSV,88,,47
2026-05-25T18:30:24.226845,$GLGSV,66,,29
2026-05-25T18:30:24.226845,$GLGSV,75,,33
2026-05-25T18:30:24.226845,$GLGSV,76,,46
2026-05-25T18:30:24.226845,$GLGSV,81,,35
2026-05-25T18:30:24.227273,$GLGSV,88,,46
2026-05-25T18:30:24.228542,$GAGSV,03,,31
2026-05-25T18:30:24.228542,$GAGSV,07,,45
2026-05-25T18:30:24.228542,$GAGSV,08,,45
2026-05-25T18:30:24.228542,$GAGSV,13,,48
2026-05-25T18:30:24.229153,$GAGSV,15,,48
2026-05-25T18:30:24.229153,$GAGSV,32,,45
2026-05-25T18:30:24.229153,$GAGSV,34,,40
2026-05-25T18:30:24.229883,$GAGSV,03,,25
2026-05-25T18:30:24.229883,$GAGSV,07,,42
2026-05-25T18:30:24.229883,$GAGSV,08,,44
2026-05-25T18:30:24.229883,$GAGSV,13,,44
2026-05-25T18:30:24.230533,$GAGSV,15,,45
2026-05-25T18:30:24.230533,$GAGSV,32,,42
2026-05-25T18:30:24.230533,$GAGSV,34,,38
2026-05-25T18:30:24.231826,$GBGSV,07,,46
2026-05-25T18:30:24.231826,$GBGSV,09,,43
2026-05-25T18:30:24.231826,$GBGSV,10,,44
2026-05-25T18:30:24.231826,$GBGSV,13,,46
2026-05-25T18:30:24.232581,$GBGSV,25,,47
2026-05-25T18:30:24.232581,$GBGSV,27,,31
2026-05-25T18:30:24.232581,$GBGSV,28,,43
2026-05-25T18:30:24.232581,$GBGSV,33,,43
2026-05-25T18:30:24.233105,$GBGSV,09,,44
2026-05-25T18:30:24.233105,$GBGSV,10,,45
2026-05-25T18:30:25.221984,$GPGSV,10,,33
2026-05-25T18:30:25.221984,$GPGSV,12,,33
2026-05-25T18:30:25.221984,$GPGSV,13,,40
2026-05-25T18:30:25.221984,$GPGSV,18,,44
2026-05-25T18:30:25.222870,$GPGSV,23,,43
2026-05-25T18:30:25.222870,$GPGSV,24,,31
2026-05-25T18:30:25.222870,$GPGSV,25,,39
2026-05-25T18:30:25.222870,$GPGSV,28,,41
2026-05-25T18:30:25.223746,$GPGSV,32,,33
2026-05-25T18:30:25.223746,$GPGSV,41,,47
2026-05-25T18:30:25.223746,$GPGSV,42,,45
2026-05-25T18:30:25.223746,$GPGSV,50,,39
2026-05-25T18:30:25.224596,$GPGSV,10,,25
2026-05-25T18:30:25.224596,$GPGSV,12,,32
2026-05-25T18:30:25.224596,$GPGSV,18,,46
2026-05-25T18:30:25.224596,$GPGSV,23,,44
2026-05-25T18:30:25.225421,$GPGSV,24,,27
2026-05-25T18:30:25.225421,$GPGSV,25,,35
2026-05-25T18:30:25.225421,$GPGSV,28,,40
2026-05-25T18:30:25.225421,$GPGSV,32,,30
2026-05-25T18:30:25.227369,$GLGSV,65,,09
2026-05-25T18:30:25.227369,$GLGSV,66,,33
2026-05-25T18:30:25.227369,$GLGSV,75,,37
2026-05-25T18:30:25.227369,$GLGSV,76,,45
2026-05-25T18:30:25.228007,$GLGSV,77,,39
2026-05-25T18:30:25.228007,$GLGSV,81,,41
2026-05-25T18:30:25.228007,$GLGSV,88,,47
2026-05-25T18:30:25.228745,$GLGSV,66,,28
2026-05-25T18:30:25.228745,$GLGSV,75,,33
2026-05-25T18:30:25.228745,$GLGSV,76,,46
2026-05-25T18:30:25.228745,$GLGSV,81,,35
2026-05-25T18:30:25.229181,$GLGSV,88,,46
2026-05-25T18:30:25.230496,$GAGSV,03,,31
2026-05-25T18:30:25.230496,$GAGSV,07,,45
2026-05-25T18:30:25.230496,$GAGSV,08,,45
2026-05-25T18:30:25.230496,$GAGSV,13,,48
2026-05-25T18:30:25.231158,$GAGSV,15,,48
2026-05-25T18:30:25.231158,$GAGSV,32,,45
2026-05-25T18:30:25.231158,$GAGSV,34,,40
2026-05-25T18:30:25.231927,$GAGSV,03,,25
2026-05-25T18:30:25.231927,$GAGSV,07,,42
2026-05-25T18:30:25.231927,$GAGSV,08,,44
2026-05-25T18:30:25.231927,$GAGSV,13,,44
2026-05-25T18:30:25.232577,$GAGSV,15,,45
2026-05-25T18:30:25.232577,$GAGSV,32,,42
2026-05-25T18:30:25.232577,$GAGSV,34,,38
2026-05-25T18:30:25.233908,$GBGSV,07,,46
2026-05-25T18:30:25.233908,$GBGSV,09,,43
2026-05-25T18:30:25.233908,$GBGSV,10,,45
2026-05-25T18:30:25.233908,$GBGSV,13,,46
2026-05-25T18:30:25.234699,$GBGSV,25,,47
2026-05-25T18:30:25.234699,$GBGSV,27,,30
2026-05-25T18:30:25.234699,$GBGSV,28,,43
2026-05-25T18:30:25.234699,$GBGSV,33,,42
2026-05-25T18:30:25.235458,$GBGSV,09,,44
2026-05-25T18:30:25.235458,$GBGSV,10,,45
2026-05-25T18:30:26.217684,$GPGSV,10,,33
2026-05-25T18:30:26.217684,$GPGSV,12,,33
2026-05-25T18:30:26.217684,$GPGSV,13,,40
2026-05-25T18:30:26.217684,$GPGSV,18,,44
2026-05-25T18:30:26.218865,$GPGSV,23,,43
2026-05-25T18:30:26.218865,$GPGSV,24,,31
2026-05-25T18:30:26.218865,$GPGSV,25,,39
2026-05-25T18:30:26.218865,$GPGSV,28,,41
2026-05-25T18:30:26.219713,$GPGSV,32,,33
2026-05-25T18:30:26.219713,$GPGSV,41,,47
2026-05-25T18:30:26.219713,$GPGSV,42,,45
2026-05-25T18:30:26.219713,$GPGSV,50,,39
2026-05-25T18:30:26.220472,$GPGSV,10,,25
2026-05-25T18:30:26.220472,$GPGSV,12,,32
2026-05-25T18:30:26.220472,$GPGSV,18,,46
2026-05-25T18:30:26.220472,$GPGSV,23,,44
2026-05-25T18:30:26.221223,$GPGSV,24,,26
2026-05-25T18:30:26.221223,$GPGSV,25,,35
2026-05-25T18:30:26.221223,$GPGSV,28,,40
2026-05-25T18:30:26.221223,$GPGSV,32,,30
2026-05-25T18:30:26.223053,$GLGSV,65,,09
2026-05-25T18:30:26.223053,$GLGSV,66,,33
2026-05-25T18:30:26.223053,$GLGSV,75,,37
2026-05-25T18:30:26.223053,$GLGSV,76,,45
2026-05-25T18:30:26.223835,$GLGSV,77,,39
2026-05-25T18:30:26.223835,$GLGSV,81,,40
2026-05-25T18:30:26.223835,$GLGSV,88,,47
2026-05-25T18:30:26.224583,$GLGSV,66,,27
2026-05-25T18:30:26.224583,$GLGSV,75,,33
2026-05-25T18:30:26.224583,$GLGSV,76,,46
2026-05-25T18:30:26.224583,$GLGSV,81,,35
2026-05-25T18:30:26.225015,$GLGSV,88,,46
2026-05-25T18:30:26.226285,$GAGSV,03,,31
2026-05-25T18:30:26.226285,$GAGSV,07,,45
2026-05-25T18:30:26.226285,$GAGSV,08,,45
2026-05-25T18:30:26.226285,$GAGSV,13,,48
2026-05-25T18:30:26.226923,$GAGSV,15,,48
2026-05-25T18:30:26.226923,$GAGSV,32,,45
2026-05-25T18:30:26.226923,$GAGSV,34,,40
2026-05-25T18:30:26.227715,$GAGSV,03,,25
2026-05-25T18:30:26.227715,$GAGSV,07,,42
2026-05-25T18:30:26.227715,$GAGSV,08,,45
2026-05-25T18:30:26.227715,$GAGSV,13,,44
2026-05-25T18:30:26.228341,$GAGSV,15,,45
2026-05-25T18:30:26.228341,$GAGSV,32,,42
2026-05-25T18:30:26.228341,$GAGSV,34,,38
2026-05-25T18:30:26.229611,$GBGSV,07,,46
2026-05-25T18:30:26.229611,$GBGSV,09,,43
2026-05-25T18:30:26.229611,$GBGSV,10,,45
2026-05-25T18:30:26.229611,$GBGSV,13,,46
2026-05-25T18:30:26.230368,$GBGSV,25,,47
2026-05-25T18:30:26.230368,$GBGSV,27,,30
2026-05-25T18:30:26.230368,$GBGSV,28,,43
2026-05-25T18:30:26.230368,$GBGSV,33,,43
2026-05-25T18:30:26.230900,$GBGSV,09,,44
2026-05-25T18:30:26.230900,$GBGSV,10,,46
2026-05-25T18:30:27.217491,$GPGSV,10,,33
2026-05-25T18:30:27.217491,$GPGSV,12,,33
2026-05-25T18:30:27.217491,$GPGSV,13,,40
2026-05-25T18:30:27.217491,$GPGSV,18,,44
2026-05-25T18:30:27.218271,$GPGSV,23,,43
2026-05-25T18:30:27.218271,$GPGSV,24,,31
2026-05-25T18:30:27.218271,$GPGSV,25,,39
2026-05-25T18:30:27.218271,$GPGSV,28,,41
2026-05-25T18:30:27.219033,$GPGSV,32,,34
2026-05-25T18:30:27.219033,$GPGSV,41,,47
2026-05-25T18:30:27.219033,$GPGSV,42,,45
2026-05-25T18:30:27.219033,$GPGSV,50,,40
2026-05-25T18:30:27.219804,$GPGSV,10,,25
2026-05-25T18:30:27.219804,$GPGSV,12,,32
2026-05-25T18:30:27.219804,$GPGSV,18,,46
2026-05-25T18:30:27.219804,$GPGSV,23,,44
2026-05-25T18:30:27.220552,$GPGSV,24,,26
2026-05-25T18:30:27.220552,$GPGSV,25,,35
2026-05-25T18:30:27.220552,$GPGSV,28,,40
2026-05-25T18:30:27.220552,$GPGSV,32,,29
2026-05-25T18:30:27.222358,$GLGSV,66,,34
2026-05-25T18:30:27.222358,$GLGSV,75,,37
2026-05-25T18:30:27.222358,$GLGSV,76,,45
2026-05-25T18:30:27.222358,$GLGSV,77,,39
2026-05-25T18:30:27.222876,$GLGSV,81,,40
2026-05-25T18:30:27.222876,$GLGSV,88,,48
2026-05-25T18:30:27.223591,$GLGSV,66,,26
2026-05-25T18:30:27.223591,$GLGSV,75,,34
2026-05-25T18:30:27.223591,$GLGSV,76,,46
2026-05-25T18:30:27.223591,$GLGSV,81,,35
2026-05-25T18:30:27.224017,$GLGSV,88,,46
2026-05-25T18:30:27.225358,$GAGSV,03,,31
2026-05-25T18:30:27.225358,$GAGSV,07,,45
2026-05-25T18:30:27.225358,$GAGSV,08,,45
2026-05-25T18:30:27.225358,$GAGSV,13,,48
2026-05-25T18:30:27.225970,$GAGSV,15,,48
2026-05-25T18:30:27.225970,$GAGSV,32,,45
2026-05-25T18:30:27.225970,$GAGSV,34,,40
2026-05-25T18:30:27.226683,$GAGSV,03,,25
2026-05-25T18:30:27.226683,$GAGSV,07,,42
2026-05-25T18:30:27.226683,$GAGSV,08,,45
2026-05-25T18:30:27.226683,$GAGSV,13,,44
2026-05-25T18:30:27.227381,$GAGSV,15,,45
2026-05-25T18:30:27.227381,$GAGSV,32,,42
2026-05-25T18:30:27.227381,$GAGSV,34,,38
2026-05-25T18:30:27.228657,$GBGSV,07,,46
2026-05-25T18:30:27.228657,$GBGSV,09,,43
2026-05-25T18:30:27.228657,$GBGSV,10,,45
2026-05-25T18:30:27.228657,$GBGSV,13,,46
2026-05-25T18:30:27.229369,$GBGSV,25,,47
2026-05-25T18:30:27.229369,$GBGSV,27,,29
2026-05-25T18:30:27.229369,$GBGSV,28,,43
2026-05-25T18:30:27.229369,$GBGSV,33,,43
2026-05-25T18:30:27.229923,$GBGSV,09,,44
2026-05-25T18:30:27.229923,$GBGSV,10,,46
2026-05-25T18:30:28.217236,$GPGSV,10,,33
2026-05-25T18:30:28.217236,$GPGSV,12,,33
2026-05-25T18:30:28.217236,$GPGSV,13,,40
2026-05-25T18:30:28.217236,$GPGSV,18,,44
2026-05-25T18:30:28.218001,$GPGSV,23,,43
2026-05-25T18:30:28.218001,$GPGSV,24,,31
2026-05-25T18:30:28.218001,$GPGSV,25,,39
2026-05-25T18:30:28.218001,$GPGSV,28,,41
2026-05-25T18:30:28.218747,$GPGSV,32,,34
2026-05-25T18:30:28.218747,$GPGSV,41,,47
2026-05-25T18:30:28.218747,$GPGSV,42,,45
2026-05-25T18:30:28.218747,$GPGSV,50,,39
2026-05-25T18:30:28.219534,$GPGSV,10,,25
2026-05-25T18:30:28.219534,$GPGSV,12,,32
2026-05-25T18:30:28.219534,$GPGSV,18,,46
2026-05-25T18:30:28.219534,$GPGSV,23,,44
2026-05-25T18:30:28.220249,$GPGSV,24,,26
2026-05-25T18:30:28.220249,$GPGSV,25,,35
2026-05-25T18:30:28.220249,$GPGSV,28,,40
2026-05-25T18:30:28.220249,$GPGSV,32,,29
2026-05-25T18:30:28.221975,$GLGSV,66,,34
2026-05-25T18:30:28.221975,$GLGSV,75,,37
2026-05-25T18:30:28.221975,$GLGSV,76,,45
2026-05-25T18:30:28.221975,$GLGSV,77,,39
2026-05-25T18:30:28.222487,$GLGSV,81,,40
2026-05-25T18:30:28.222487,$GLGSV,88,,47
2026-05-25T18:30:28.223219,$GLGSV,66,,25
2026-05-25T18:30:28.223219,$GLGSV,75,,34
2026-05-25T18:30:28.223219,$GLGSV,76,,46
2026-05-25T18:30:28.223219,$GLGSV,81,,35
2026-05-25T18:30:28.223642,$GLGSV,88,,46
2026-05-25T18:30:28.224986,$GAGSV,03,,31
2026-05-25T18:30:28.224986,$GAGSV,07,,45
2026-05-25T18:30:28.224986,$GAGSV,08,,45
2026-05-25T18:30:28.224986,$GAGSV,13,,48
2026-05-25T18:30:28.225602,$GAGSV,15,,48
2026-05-25T18:30:28.225602,$GAGSV,32,,45
2026-05-25T18:30:28.225602,$GAGSV,34,,40
2026-05-25T18:30:28.226310,$GAGSV,03,,25
2026-05-25T18:30:28.226310,$GAGSV,07,,42
2026-05-25T18:30:28.226310,$GAGSV,08,,45
2026-05-25T18:30:28.226310,$GAGSV,13,,44
2026-05-25T18:30:28.226969,$GAGSV,15,,45
2026-05-25T18:30:28.226969,$GAGSV,32,,42
2026-05-25T18:30:28.226969,$GAGSV,34,,38
2026-05-25T18:30:28.228272,$GBGSV,07,,46
2026-05-25T18:30:28.228272,$GBGSV,09,,43
2026-05-25T18:30:28.228272,$GBGSV,10,,45
2026-05-25T18:30:28.228272,$GBGSV,13,,46
2026-05-25T18:30:28.228999,$GBGSV,25,,47
2026-05-25T18:30:28.228999,$GBGSV,27,,29
2026-05-25T18:30:28.228999,$GBGSV,28,,43
2026-05-25T18:30:28.228999,$GBGSV,33,,43
2026-05-25T18:30:28.229614,$GBGSV,09,,44
2026-05-25T18:30:28.229614,$GBGSV,10,,46
2026-05-25T18:30:29.217024,$GPGSV,10,,33
2026-05-25T18:30:29.217024,$GPGSV,12,,33
2026-05-25T18:30:29.217024,$GPGSV,13,,39
2026-05-25T18:30:29.217024,$GPGSV,18,,44
2026-05-25T18:30:29.217758,$GPGSV,23,,43
2026-05-25T18:30:29.217758,$GPGSV,24,,31
2026-05-25T18:30:29.217758,$GPGSV,25,,39
2026-05-25T18:30:29.217758,$GPGSV,28,,41
2026-05-25T18:30:29.218472,$GPGSV,32,,34
2026-05-25T18:30:29.218472,$GPGSV,41,,47
2026-05-25T18:30:29.218472,$GPGSV,42,,45
2026-05-25T18:30:29.218472,$GPGSV,50,,39
2026-05-25T18:30:29.219207,$GPGSV,10,,24
2026-05-25T18:30:29.219207,$GPGSV,12,,33
2026-05-25T18:30:29.219207,$GPGSV,18,,46
2026-05-25T18:30:29.219207,$GPGSV,23,,44
2026-05-25T18:30:29.219927,$GPGSV,24,,26
2026-05-25T18:30:29.219927,$GPGSV,25,,34
2026-05-25T18:30:29.219927,$GPGSV,28,,40
2026-05-25T18:30:29.219927,$GPGSV,32,,29
2026-05-25T18:30:29.221652,$GLGSV,66,,34
2026-05-25T18:30:29.221652,$GLGSV,75,,37
2026-05-25T18:30:29.221652,$GLGSV,76,,45
2026-05-25T18:30:29.221652,$GLGSV,77,,39
2026-05-25T18:30:29.222169,$GLGSV,81,,40
2026-05-25T18:30:29.222169,$GLGSV,88,,47
2026-05-25T18:30:29.223197,$GLGSV,66,,25
2026-05-25T18:30:29.223197,$GLGSV,75,,34
2026-05-25T18:30:29.223197,$GLGSV,76,,46
2026-05-25T18:30:29.223197,$GLGSV,81,,35
2026-05-25T18:30:29.223879,$GLGSV,88,,46
2026-05-25T18:30:29.225480,$GAGSV,03,,31
2026-05-25T18:30:29.225480,$GAGSV,07,,45
2026-05-25T18:30:29.225480,$GAGSV,08,,45
2026-05-25T18:30:29.225480,$GAGSV,13,,48
2026-05-25T18:30:29.226081,$GAGSV,15,,48
2026-05-25T18:30:29.226081,$GAGSV,32,,45
2026-05-25T18:30:29.226081,$GAGSV,34,,40
2026-05-25T18:30:29.226909,$GAGSV,03,,25
2026-05-25T18:30:29.226909,$GAGSV,07,,42
2026-05-25T18:30:29.226909,$GAGSV,08,,45
2026-05-25T18:30:29.226909,$GAGSV,13,,44
2026-05-25T18:30:29.227516,$GAGSV,15,,45
2026-05-25T18:30:29.227516,$GAGSV,32,,42
2026-05-25T18:30:29.227516,$GAGSV,34,,38
2026-05-25T18:30:29.228764,$GBGSV,07,,46
2026-05-25T18:30:29.228764,$GBGSV,09,,43
2026-05-25T18:30:29.228764,$GBGSV,10,,45
2026-05-25T18:30:29.228764,$GBGSV,13,,46
2026-05-25T18:30:29.229438,$GBGSV,25,,47
2026-05-25T18:30:29.229438,$GBGSV,27,,28
2026-05-25T18:30:29.229438,$GBGSV,28,,43
2026-05-25T18:30:29.229438,$GBGSV,33,,43
2026-05-25T18:30:29.230010,$GBGSV,09,,44
2026-05-25T18:30:29.230010,$GBGSV,10,,46
2026-05-25T18:30:30.217380,$GPGSV,10,,33
2026-05-25T18:30:30.217380,$GPGSV,12,,32
2026-05-25T18:30:30.217380,$GPGSV,13,,39
2026-05-25T18:30:30.217380,$GPGSV,18,,44
2026-05-25T18:30:30.218133,$GPGSV,23,,43
2026-05-25T18:30:30.218133,$GPGSV,24,,31
2026-05-25T18:30:30.218133,$GPGSV,25,,39
2026-05-25T18:30:30.218133,$GPGSV,28,,41
2026-05-25T18:30:30.218863,$GPGSV,32,,34
2026-05-25T18:30:30.218863,$GPGSV,41,,47
2026-05-25T18:30:30.218863,$GPGSV,42,,45
2026-05-25T18:30:30.218863,$GPGSV,50,,39
2026-05-25T18:30:30.219591,$GPGSV,10,,24
2026-05-25T18:30:30.219591,$GPGSV,12,,33
2026-05-25T18:30:30.219591,$GPGSV,18,,46
2026-05-25T18:30:30.219591,$GPGSV,23,,44
2026-05-25T18:30:30.220315,$GPGSV,24,,26
2026-05-25T18:30:30.220315,$GPGSV,25,,34
2026-05-25T18:30:30.220315,$GPGSV,28,,40
2026-05-25T18:30:30.220315,$GPGSV,32,,29
2026-05-25T18:30:30.222051,$GLGSV,66,,34
2026-05-25T18:30:30.222051,$GLGSV,75,,37
2026-05-25T18:30:30.222051,$GLGSV,76,,45
2026-05-25T18:30:30.222051,$GLGSV,77,,38
2026-05-25T18:30:30.222562,$GLGSV,81,,40
2026-05-25T18:30:30.222562,$GLGSV,88,,48
2026-05-25T18:30:30.223745,$GLGSV,66,,23
2026-05-25T18:30:30.223745,$GLGSV,75,,34
2026-05-25T18:30:30.223745,$GLGSV,76,,46
2026-05-25T18:30:30.223745,$GLGSV,81,,35
2026-05-25T18:30:30.224483,$GLGSV,88,,46
2026-05-25T18:30:30.226059,$GAGSV,03,,31
2026-05-25T18:30:30.226059,$GAGSV,07,,45
2026-05-25T18:30:30.226059,$GAGSV,08,,45
2026-05-25T18:30:30.226059,$GAGSV,13,,48
2026-05-25T18:30:30.226692,$GAGSV,15,,48
2026-05-25T18:30:30.226692,$GAGSV,32,,45
2026-05-25T18:30:30.226692,$GAGSV,34,,40
2026-05-25T18:30:30.227653,$GAGSV,03,,25
2026-05-25T18:30:30.227653,$GAGSV,07,,42
2026-05-25T18:30:30.227653,$GAGSV,08,,45
2026-05-25T18:30:30.227653,$GAGSV,13,,44
2026-05-25T18:30:30.228268,$GAGSV,15,,45
2026-05-25T18:30:30.228268,$GAGSV,32,,42
2026-05-25T18:30:30.228268,$GAGSV,34,,38
2026-05-25T18:30:30.229589,$GBGSV,07,,46
2026-05-25T18:30:30.229589,$GBGSV,09,,43
2026-05-25T18:30:30.229589,$GBGSV,10,,45
2026-05-25T18:30:30.229589,$GBGSV,13,,46
2026-05-25T18:30:30.230431,$GBGSV,25,,48
2026-05-25T18:30:30.230431,$GBGSV,27,,27
2026-05-25T18:30:30.230431,$GBGSV,28,,43
2026-05-25T18:30:30.230431,$GBGSV,33,,42
2026-05-25T18:30:30.231013,$GBGSV,09,,44
2026-05-25T18:30:30.231013,$GBGSV,10,,46
2026-05-25T18:30:31.210473,$GPGSV,10,,33
2026-05-25T18:30:31.210473,$GPGSV,12,,33
2026-05-25T18:30:31.210473,$GPGSV,13,,39
2026-05-25T18:30:31.210473,$GPGSV,18,,44
2026-05-25T18:30:31.211221,$GPGSV,23,,43
2026-05-25T18:30:31.211221,$GPGSV,24,,31
2026-05-25T18:30:31.211221,$GPGSV,25,,39
2026-05-25T18:30:31.211221,$GPGSV,28,,41
2026-05-25T18:30:31.213100,$GPGSV,32,,35
2026-05-25T18:30:31.213100,$GPGSV,41,,47
2026-05-25T18:30:31.213100,$GPGSV,42,,45
2026-05-25T18:30:31.213100,$GPGSV,50,,39
2026-05-25T18:30:31.213866,$GPGSV,10,,24
2026-05-25T18:30:31.213866,$GPGSV,12,,33
2026-05-25T18:30:31.213866,$GPGSV,18,,46
2026-05-25T18:30:31.213866,$GPGSV,23,,44
2026-05-25T18:30:31.214566,$GPGSV,24,,26
2026-05-25T18:30:31.214566,$GPGSV,25,,34
2026-05-25T18:30:31.214566,$GPGSV,28,,40
2026-05-25T18:30:31.214566,$GPGSV,32,,29
2026-05-25T18:30:31.216247,$GLGSV,66,,34
2026-05-25T18:30:31.216247,$GLGSV,75,,37
2026-05-25T18:30:31.216247,$GLGSV,76,,46
2026-05-25T18:30:31.216247,$GLGSV,77,,39
2026-05-25T18:30:31.216738,$GLGSV,81,,39
2026-05-25T18:30:31.216738,$GLGSV,88,,48
2026-05-25T18:30:31.217790,$GLGSV,66,,22
2026-05-25T18:30:31.217790,$GLGSV,75,,34
2026-05-25T18:30:31.217790,$GLGSV,76,,46
2026-05-25T18:30:31.217790,$GLGSV,81,,35
2026-05-25T18:30:31.218492,$GLGSV,88,,46
2026-05-25T18:30:31.220796,$GAGSV,03,,31
2026-05-25T18:30:31.220796,$GAGSV,07,,45
2026-05-25T18:30:31.220796,$GAGSV,08,,45
2026-05-25T18:30:31.220796,$GAGSV,13,,48
2026-05-25T18:30:31.221922,$GAGSV,15,,48
2026-05-25T18:30:31.221922,$GAGSV,32,,45
2026-05-25T18:30:31.221922,$GAGSV,34,,39
2026-05-25T18:30:31.222679,$GAGSV,03,,25
2026-05-25T18:30:31.222679,$GAGSV,07,,42
2026-05-25T18:30:31.222679,$GAGSV,08,,45
2026-05-25T18:30:31.222679,$GAGSV,13,,44
2026-05-25T18:30:31.223302,$GAGSV,15,,45
2026-05-25T18:30:31.223302,$GAGSV,32,,42
2026-05-25T18:30:31.223302,$GAGSV,34,,38
2026-05-25T18:30:31.224566,$GBGSV,07,,46
2026-05-25T18:30:31.224566,$GBGSV,09,,43
2026-05-25T18:30:31.224566,$GBGSV,10,,45
2026-05-25T18:30:31.224566,$GBGSV,13,,46
2026-05-25T18:30:31.225266,$GBGSV,25,,48
2026-05-25T18:30:31.225266,$GBGSV,27,,27
2026-05-25T18:30:31.225266,$GBGSV,28,,43
2026-05-25T18:30:31.225266,$GBGSV,33,,42
2026-05-25T18:30:31.225762,$GBGSV,09,,44
2026-05-25T18:30:31.225762,$GBGSV,10,,46
2026-05-25T18:30:32.216432,$GPGSV,10,,33
2026-05-25T18:30:32.216432,$GPGSV,12,,32
2026-05-25T18:30:32.216432,$GPGSV,13,,39
2026-05-25T18:30:32.216432,$GPGSV,18,,44
2026-05-25T18:30:32.217232,$GPGSV,23,,43
2026-05-25T18:30:32.217232,$GPGSV,24,,31
2026-05-25T18:30:32.217232,$GPGSV,25,,39
2026-05-25T18:30:32.217232,$GPGSV,28,,41
2026-05-25T18:30:32.218044,$GPGSV,32,,35
2026-05-25T18:30:32.218044,$GPGSV,41,,47
2026-05-25T18:30:32.218044,$GPGSV,42,,45
2026-05-25T18:30:32.218044,$GPGSV,50,,40
2026-05-25T18:30:32.218759,$GPGSV,10,,24
2026-05-25T18:30:32.218759,$GPGSV,12,,33
2026-05-25T18:30:32.218759,$GPGSV,18,,46
2026-05-25T18:30:32.218759,$GPGSV,23,,44
2026-05-25T18:30:32.219502,$GPGSV,24,,26
2026-05-25T18:30:32.219502,$GPGSV,25,,34
2026-05-25T18:30:32.219502,$GPGSV,28,,40
2026-05-25T18:30:32.219502,$GPGSV,32,,29
2026-05-25T18:30:32.221227,$GLGSV,66,,33
2026-05-25T18:30:32.221227,$GLGSV,75,,37
2026-05-25T18:30:32.221227,$GLGSV,76,,46
2026-05-25T18:30:32.221227,$GLGSV,77,,38
2026-05-25T18:30:32.221733,$GLGSV,81,,39
2026-05-25T18:30:32.221733,$GLGSV,88,,48
2026-05-25T18:30:32.222471,$GLGSV,66,,22
2026-05-25T18:30:32.222471,$GLGSV,75,,34
2026-05-25T18:30:32.222471,$GLGSV,76,,46
2026-05-25T18:30:32.222471,$GLGSV,81,,35
2026-05-25T18:30:32.223174,$GLGSV,88,,46
2026-05-25T18:30:32.225568,$GAGSV,03,,31
2026-05-25T18:30:32.225568,$GAGSV,07,,45
2026-05-25T18:30:32.225568,$GAGSV,08,,45
2026-05-25T18:30:32.225568,$GAGSV,13,,48
2026-05-25T18:30:32.226688,$GAGSV,15,,47
2026-05-25T18:30:32.226688,$GAGSV,32,,45
2026-05-25T18:30:32.226688,$GAGSV,34,,39
2026-05-25T18:30:32.227907,$GAGSV,03,,26
2026-05-25T18:30:32.227907,$GAGSV,07,,42
2026-05-25T18:30:32.227907,$GAGSV,08,,45
2026-05-25T18:30:32.227907,$GAGSV,13,,44
2026-05-25T18:30:32.228540,$GAGSV,15,,45
2026-05-25T18:30:32.228540,$GAGSV,32,,42
2026-05-25T18:30:32.228540,$GAGSV,34,,38
2026-05-25T18:30:32.230109,$GBGSV,07,,46
2026-05-25T18:30:32.230109,$GBGSV,09,,43
2026-05-25T18:30:32.230109,$GBGSV,10,,45
2026-05-25T18:30:32.230109,$GBGSV,13,,46
2026-05-25T18:30:32.230929,$GBGSV,25,,48
2026-05-25T18:30:32.230929,$GBGSV,27,,27
2026-05-25T18:30:32.230929,$GBGSV,28,,43
2026-05-25T18:30:32.230929,$GBGSV,33,,42
2026-05-25T18:30:32.231456,$GBGSV,09,,44
2026-05-25T18:30:32.231456,$GBGSV,10,,46
2026-05-25T18:30:33.219658,$GPGSV,10,,33
2026-05-25T18:30:33.219658,$GPGSV,12,,32
2026-05-25T18:30:33.219658,$GPGSV,13,,39
2026-05-25T18:30:33.219658,$GPGSV,18,,44
2026-05-25T18:30:33.220375,$GPGSV,23,,43
2026-05-25T18:30:33.220375,$GPGSV,24,,31
2026-05-25T18:30:33.220375,$GPGSV,25,,39
2026-05-25T18:30:33.220375,$GPGSV,28,,41
2026-05-25T18:30:33.221068,$GPGSV,32,,35
2026-05-25T18:30:33.221068,$GPGSV,41,,47
2026-05-25T18:30:33.221068,$GPGSV,42,,45
2026-05-25T18:30:33.221068,$GPGSV,50,,39
2026-05-25T18:30:33.221736,$GPGSV,10,,24
2026-05-25T18:30:33.221736,$GPGSV,12,,33
2026-05-25T18:30:33.221736,$GPGSV,18,,46
2026-05-25T18:30:33.221736,$GPGSV,23,,44
2026-05-25T18:30:33.222402,$GPGSV,24,,26
2026-05-25T18:30:33.222402,$GPGSV,25,,34
2026-05-25T18:30:33.222402,$GPGSV,28,,40
2026-05-25T18:30:33.222402,$GPGSV,32,,29
2026-05-25T18:30:33.223956,$GLGSV,66,,33
2026-05-25T18:30:33.223956,$GLGSV,75,,37
2026-05-25T18:30:33.223956,$GLGSV,76,,46
2026-05-25T18:30:33.223956,$GLGSV,77,,38
2026-05-25T18:30:33.224405,$GLGSV,81,,39
2026-05-25T18:30:33.224405,$GLGSV,88,,48
2026-05-25T18:30:33.225032,$GLGSV,66,,22
2026-05-25T18:30:33.225032,$GLGSV,75,,34
2026-05-25T18:30:33.225032,$GLGSV,76,,46
2026-05-25T18:30:33.225032,$GLGSV,81,,35
2026-05-25T18:30:33.225510,$GLGSV,88,,46
2026-05-25T18:30:33.227345,$GAGSV,03,,31
2026-05-25T18:30:33.227345,$GAGSV,07,,45
2026-05-25T18:30:33.227345,$GAGSV,08,,45
2026-05-25T18:30:33.227345,$GAGSV,13,,48
2026-05-25T18:30:33.227894,$GAGSV,15,,47
2026-05-25T18:30:33.227894,$GAGSV,32,,45
2026-05-25T18:30:33.227894,$GAGSV,34,,39
2026-05-25T18:30:33.228494,$GAGSV,03,,26
2026-05-25T18:30:33.228494,$GAGSV,07,,42
2026-05-25T18:30:33.228494,$GAGSV,08,,45
2026-05-25T18:30:33.228494,$GAGSV,13,,44
2026-05-25T18:30:33.229261,$GAGSV,15,,45
2026-05-25T18:30:33.229261,$GAGSV,32,,42
2026-05-25T18:30:33.229261,$GAGSV,34,,38
2026-05-25T18:30:33.231111,$GBGSV,07,,46
2026-05-25T18:30:33.231111,$GBGSV,09,,43
2026-05-25T18:30:33.231111,$GBGSV,10,,45
2026-05-25T18:30:33.231111,$GBGSV,13,,46
2026-05-25T18:30:33.232063,$GBGSV,25,,48
2026-05-25T18:30:33.232063,$GBGSV,27,,28
2026-05-25T18:30:33.232063,$GBGSV,28,,43
2026-05-25T18:30:33.232063,$GBGSV,33,,42
2026-05-25T18:30:33.232495,$GBGSV,09,,44
2026-05-25T18:30:33.232495,$GBGSV,10,,46
2026-05-25T18:30:34.225520,$GPGSV,10,,33
2026-05-25T18:30:34.225520,$GPGSV,12,,32
2026-05-25T18:30:34.225520,$GPGSV,13,,39
2026-05-25T18:30:34.225520,$GPGSV,18,,44
2026-05-25T18:30:34.226224,$GPGSV,23,,43
2026-05-25T18:30:34.226224,$GPGSV,24,,31
2026-05-25T18:30:34.226224,$GPGSV,25,,39
2026-05-25T18:30:34.226224,$GPGSV,28,,41
2026-05-25T18:30:34.226894,$GPGSV,32,,36
2026-05-25T18:30:34.226894,$GPGSV,41,,47
2026-05-25T18:30:34.226894,$GPGSV,42,,45
2026-05-25T18:30:34.226894,$GPGSV,50,,39
2026-05-25T18:30:34.227540,$GPGSV,10,,25
2026-05-25T18:30:34.227540,$GPGSV,12,,33
2026-05-25T18:30:34.227540,$GPGSV,18,,46
2026-05-25T18:30:34.227540,$GPGSV,23,,44
2026-05-25T18:30:34.228170,$GPGSV,24,,26
2026-05-25T18:30:34.228170,$GPGSV,25,,34
2026-05-25T18:30:34.228170,$GPGSV,28,,40
2026-05-25T18:30:34.228170,$GPGSV,32,,29
2026-05-25T18:30:34.229703,$GLGSV,66,,33
2026-05-25T18:30:34.229703,$GLGSV,75,,37
2026-05-25T18:30:34.229703,$GLGSV,76,,45
2026-05-25T18:30:34.229703,$GLGSV,77,,38
2026-05-25T18:30:34.230136,$GLGSV,81,,39
2026-05-25T18:30:34.230136,$GLGSV,88,,48
2026-05-25T18:30:34.230746,$GLGSV,66,,23
2026-05-25T18:30:34.230746,$GLGSV,75,,34
2026-05-25T18:30:34.230746,$GLGSV,76,,46
2026-05-25T18:30:34.230746,$GLGSV,81,,36
2026-05-25T18:30:34.231110,$GLGSV,88,,46
2026-05-25T18:30:34.233023,$GAGSV,03,,31
2026-05-25T18:30:34.233023,$GAGSV,07,,45
2026-05-25T18:30:34.233023,$GAGSV,08,,45
2026-05-25T18:30:34.233023,$GAGSV,13,,48
2026-05-25T18:30:34.233566,$GAGSV,15,,47
2026-05-25T18:30:34.233566,$GAGSV,32,,45
2026-05-25T18:30:34.233566,$GAGSV,34,,39
2026-05-25T18:30:34.234166,$GAGSV,03,,26
2026-05-25T18:30:34.234166,$GAGSV,07,,42
2026-05-25T18:30:34.234166,$GAGSV,08,,45
2026-05-25T18:30:34.234166,$GAGSV,13,,44
2026-05-25T18:30:34.234777,$GAGSV,15,,44
2026-05-25T18:30:34.234777,$GAGSV,32,,42
2026-05-25T18:30:34.234777,$GAGSV,34,,38
2026-05-25T18:30:34.235980,$GBGSV,07,,46
2026-05-25T18:30:34.235980,$GBGSV,09,,43
2026-05-25T18:30:34.235980,$GBGSV,10,,45
2026-05-25T18:30:34.235980,$GBGSV,13,,46
2026-05-25T18:30:34.236622,$GBGSV,25,,48
2026-05-25T18:30:34.236622,$GBGSV,27,,28
2026-05-25T18:30:34.236622,$GBGSV,28,,44
2026-05-25T18:30:34.236622,$GBGSV,33,,42
2026-05-25T18:30:34.237049,$GBGSV,09,,44
2026-05-25T18:30:34.237049,$GBGSV,10,,46
2026-05-25T18:30:35.215092,$GPGSV,10,,33
2026-05-25T18:30:35.215092,$GPGSV,12,,32
2026-05-25T18:30:35.215092,$GPGSV,13,,39
2026-05-25T18:30:35.215092,$GPGSV,18,,44
2026-05-25T18:30:35.215842,$GPGSV,23,,43
2026-05-25T18:30:35.215842,$GPGSV,24,,31
2026-05-25T18:30:35.215842,$GPGSV,25,,39
2026-05-25T18:30:35.215842,$GPGSV,28,,41
2026-05-25T18:30:35.216567,$GPGSV,32,,35
2026-05-25T18:30:35.216567,$GPGSV,41,,47
2026-05-25T18:30:35.216567,$GPGSV,42,,46
2026-05-25T18:30:35.216567,$GPGSV,50,,40
2026-05-25T18:30:35.217287,$GPGSV,10,,25
2026-05-25T18:30:35.217287,$GPGSV,12,,32
2026-05-25T18:30:35.217287,$GPGSV,18,,46
2026-05-25T18:30:35.217287,$GPGSV,23,,44
2026-05-25T18:30:35.218002,$GPGSV,24,,26
2026-05-25T18:30:35.218002,$GPGSV,25,,34
2026-05-25T18:30:35.218002,$GPGSV,28,,40
2026-05-25T18:30:35.218002,$GPGSV,32,,29
2026-05-25T18:30:35.219670,$GLGSV,66,,32
2026-05-25T18:30:35.219670,$GLGSV,75,,36
2026-05-25T18:30:35.219670,$GLGSV,76,,45
2026-05-25T18:30:35.219670,$GLGSV,77,,38
2026-05-25T18:30:35.220163,$GLGSV,81,,39
2026-05-25T18:30:35.220163,$GLGSV,88,,48
2026-05-25T18:30:35.221060,$GLGSV,66,,23
2026-05-25T18:30:35.221060,$GLGSV,75,,35
2026-05-25T18:30:35.221060,$GLGSV,76,,46
2026-05-25T18:30:35.221060,$GLGSV,81,,36
2026-05-25T18:30:35.221704,$GLGSV,88,,46
2026-05-25T18:30:35.223477,$GAGSV,03,,31
2026-05-25T18:30:35.223477,$GAGSV,07,,45
2026-05-25T18:30:35.223477,$GAGSV,08,,45
2026-05-25T18:30:35.223477,$GAGSV,13,,48
2026-05-25T18:30:35.224079,$GAGSV,15,,47
2026-05-25T18:30:35.224079,$GAGSV,32,,45
2026-05-25T18:30:35.224079,$GAGSV,34,,39
2026-05-25T18:30:35.225016,$GAGSV,03,,26
2026-05-25T18:30:35.225016,$GAGSV,07,,42
2026-05-25T18:30:35.225016,$GAGSV,08,,45
2026-05-25T18:30:35.225016,$GAGSV,13,,44
2026-05-25T18:30:35.226048,$GAGSV,15,,44
2026-05-25T18:30:35.226048,$GAGSV,32,,42
2026-05-25T18:30:35.226048,$GAGSV,34,,38
2026-05-25T18:30:35.228209,$GBGSV,07,,46
2026-05-25T18:30:35.228209,$GBGSV,09,,43
2026-05-25T18:30:35.228209,$GBGSV,10,,45
2026-05-25T18:30:35.228209,$GBGSV,13,,46
2026-05-25T18:30:35.229478,$GBGSV,25,,48
2026-05-25T18:30:35.229478,$GBGSV,27,,28
2026-05-25T18:30:35.229478,$GBGSV,28,,44
2026-05-25T18:30:35.229478,$GBGSV,33,,42
2026-05-25T18:30:35.230117,$GBGSV,09,,44
2026-05-25T18:30:35.230117,$GBGSV,10,,45
2026-05-25T18:30:36.216988,$GPGSV,10,,33
2026-05-25T18:30:36.216988,$GPGSV,12,,32
2026-05-25T18:30:36.216988,$GPGSV,13,,39
2026-05-25T18:30:36.216988,$GPGSV,18,,44
2026-05-25T18:30:36.217733,$GPGSV,23,,43
2026-05-25T18:30:36.217733,$GPGSV,24,,31
2026-05-25T18:30:36.217733,$GPGSV,25,,39
2026-05-25T18:30:36.217733,$GPGSV,28,,41
2026-05-25T18:30:36.218460,$GPGSV,32,,35
2026-05-25T18:30:36.218460,$GPGSV,41,,47
2026-05-25T18:30:36.218460,$GPGSV,42,,46
2026-05-25T18:30:36.218460,$GPGSV,50,,40
2026-05-25T18:30:36.219202,$GPGSV,10,,25
2026-05-25T18:30:36.219202,$GPGSV,12,,32
2026-05-25T18:30:36.219202,$GPGSV,18,,46
2026-05-25T18:30:36.219202,$GPGSV,23,,44
2026-05-25T18:30:36.219921,$GPGSV,24,,26
2026-05-25T18:30:36.219921,$GPGSV,25,,34
2026-05-25T18:30:36.219921,$GPGSV,28,,40
2026-05-25T18:30:36.219921,$GPGSV,32,,29
2026-05-25T18:30:36.221594,$GLGSV,66,,32
2026-05-25T18:30:36.221594,$GLGSV,75,,36
2026-05-25T18:30:36.221594,$GLGSV,76,,45
2026-05-25T18:30:36.221594,$GLGSV,77,,38
2026-05-25T18:30:36.222089,$GLGSV,81,,38
2026-05-25T18:30:36.222089,$GLGSV,88,,48
2026-05-25T18:30:36.223107,$GLGSV,66,,25
2026-05-25T18:30:36.223107,$GLGSV,75,,34
2026-05-25T18:30:36.223107,$GLGSV,76,,46
2026-05-25T18:30:36.223107,$GLGSV,81,,36
2026-05-25T18:30:36.223784,$GLGSV,88,,46
2026-05-25T18:30:36.225406,$GAGSV,03,,31
2026-05-25T18:30:36.225406,$GAGSV,07,,45
2026-05-25T18:30:36.225406,$GAGSV,08,,45
2026-05-25T18:30:36.225406,$GAGSV,13,,48
2026-05-25T18:30:36.226013,$GAGSV,15,,47
2026-05-25T18:30:36.226013,$GAGSV,32,,45
2026-05-25T18:30:36.226013,$GAGSV,34,,39
2026-05-25T18:30:36.226927,$GAGSV,03,,27
2026-05-25T18:30:36.226927,$GAGSV,07,,42
2026-05-25T18:30:36.226927,$GAGSV,08,,45
2026-05-25T18:30:36.226927,$GAGSV,13,,44
2026-05-25T18:30:36.227566,$GAGSV,15,,44
2026-05-25T18:30:36.227566,$GAGSV,32,,42
2026-05-25T18:30:36.227566,$GAGSV,34,,38
2026-05-25T18:30:36.228792,$GBGSV,07,,46
2026-05-25T18:30:36.228792,$GBGSV,09,,43
2026-05-25T18:30:36.228792,$GBGSV,10,,45
2026-05-25T18:30:36.228792,$GBGSV,13,,46
2026-05-25T18:30:36.229590,$GBGSV,25,,48
2026-05-25T18:30:36.229590,$GBGSV,27,,27
2026-05-25T18:30:36.229590,$GBGSV,28,,44
2026-05-25T18:30:36.229590,$GBGSV,33,,42
2026-05-25T18:30:36.230267,$GBGSV,09,,44
2026-05-25T18:30:36.230267,$GBGSV,10,,46
2026-05-25T18:30:37.217086,$GPGSV,10,,33
2026-05-25T18:30:37.217086,$GPGSV,12,,32
2026-05-25T18:30:37.217086,$GPGSV,13,,38
2026-05-25T18:30:37.217086,$GPGSV,18,,44
2026-05-25T18:30:37.217859,$GPGSV,23,,43
2026-05-25T18:30:37.217859,$GPGSV,24,,31
2026-05-25T18:30:37.217859,$GPGSV,25,,39
2026-05-25T18:30:37.217859,$GPGSV,28,,41
2026-05-25T18:30:37.218577,$GPGSV,32,,35
2026-05-25T18:30:37.218577,$GPGSV,41,,47
2026-05-25T18:30:37.218577,$GPGSV,42,,46
2026-05-25T18:30:37.218577,$GPGSV,50,,39
2026-05-25T18:30:37.219314,$GPGSV,10,,25
2026-05-25T18:30:37.219314,$GPGSV,12,,32
2026-05-25T18:30:37.219314,$GPGSV,18,,46
2026-05-25T18:30:37.219314,$GPGSV,23,,44
2026-05-25T18:30:37.220031,$GPGSV,24,,26
2026-05-25T18:30:37.220031,$GPGSV,25,,34
2026-05-25T18:30:37.220031,$GPGSV,28,,40
2026-05-25T18:30:37.220031,$GPGSV,32,,29
2026-05-25T18:30:37.221750,$GLGSV,66,,32
2026-05-25T18:30:37.221750,$GLGSV,75,,36
2026-05-25T18:30:37.221750,$GLGSV,76,,45
2026-05-25T18:30:37.221750,$GLGSV,77,,38
2026-05-25T18:30:37.222257,$GLGSV,81,,38
2026-05-25T18:30:37.222257,$GLGSV,88,,48
2026-05-25T18:30:37.223408,$GLGSV,66,,26
2026-05-25T18:30:37.223408,$GLGSV,75,,35
2026-05-25T18:30:37.223408,$GLGSV,76,,46
2026-05-25T18:30:37.223408,$GLGSV,81,,36
2026-05-25T18:30:37.224127,$GLGSV,88,,46
2026-05-25T18:30:37.225668,$GAGSV,03,,31
2026-05-25T18:30:37.225668,$GAGSV,07,,45
2026-05-25T18:30:37.225668,$GAGSV,08,,45
2026-05-25T18:30:37.225668,$GAGSV,13,,48
2026-05-25T18:30:37.226396,$GAGSV,15,,47
2026-05-25T18:30:37.226396,$GAGSV,32,,45
2026-05-25T18:30:37.226396,$GAGSV,34,,39
2026-05-25T18:30:37.227214,$GAGSV,03,,26
2026-05-25T18:30:37.227214,$GAGSV,07,,42
2026-05-25T18:30:37.227214,$GAGSV,08,,45
2026-05-25T18:30:37.227214,$GAGSV,13,,44
2026-05-25T18:30:37.227814,$GAGSV,15,,44
2026-05-25T18:30:37.227814,$GAGSV,32,,42
2026-05-25T18:30:37.227814,$GAGSV,34,,38
2026-05-25T18:30:37.229051,$GBGSV,07,,46
2026-05-25T18:30:37.229051,$GBGSV,09,,43
2026-05-25T18:30:37.229051,$GBGSV,10,,45
2026-05-25T18:30:37.229051,$GBGSV,13,,46
2026-05-25T18:30:37.229936,$GBGSV,25,,48
2026-05-25T18:30:37.229936,$GBGSV,27,,27
2026-05-25T18:30:37.229936,$GBGSV,28,,44
2026-05-25T18:30:37.229936,$GBGSV,33,,42
2026-05-25T18:30:37.230526,$GBGSV,09,,44
2026-05-25T18:30:37.230526,$GBGSV,10,,46
2026-05-25T18:30:38.217552,$GPGSV,10,,33
2026-05-25T18:30:38.217552,$GPGSV,12,,32
2026-05-25T18:30:38.217552,$GPGSV,13,,38
2026-05-25T18:30:38.217552,$GPGSV,18,,44
2026-05-25T18:30:38.218278,$GPGSV,23,,43
2026-05-25T18:30:38.218278,$GPGSV,24,,31
2026-05-25T18:30:38.218278,$GPGSV,25,,39
2026-05-25T18:30:38.218278,$GPGSV,28,,41
2026-05-25T18:30:38.218982,$GPGSV,32,,36
2026-05-25T18:30:38.218982,$GPGSV,41,,47
2026-05-25T18:30:38.218982,$GPGSV,42,,46
2026-05-25T18:30:38.218982,$GPGSV,50,,39
2026-05-25T18:30:38.219690,$GPGSV,10,,25
2026-05-25T18:30:38.219690,$GPGSV,12,,32
2026-05-25T18:30:38.219690,$GPGSV,18,,46
2026-05-25T18:30:38.219690,$GPGSV,23,,44
2026-05-25T18:30:38.220383,$GPGSV,24,,26
2026-05-25T18:30:38.220383,$GPGSV,25,,33
2026-05-25T18:30:38.220383,$GPGSV,28,,40
2026-05-25T18:30:38.220383,$GPGSV,32,,30
2026-05-25T18:30:38.222057,$GLGSV,66,,32
2026-05-25T18:30:38.222057,$GLGSV,75,,36
2026-05-25T18:30:38.222057,$GLGSV,76,,45
2026-05-25T18:30:38.222057,$GLGSV,77,,38
2026-05-25T18:30:38.222554,$GLGSV,81,,38
2026-05-25T18:30:38.222554,$GLGSV,88,,48
2026-05-25T18:30:38.223443,$GLGSV,66,,27
2026-05-25T18:30:38.223443,$GLGSV,75,,35
2026-05-25T18:30:38.223443,$GLGSV,76,,46
2026-05-25T18:30:38.223443,$GLGSV,81,,36
2026-05-25T18:30:38.224093,$GLGSV,88,,46
2026-05-25T18:30:38.225908,$GAGSV,03,,31
2026-05-25T18:30:38.225908,$GAGSV,07,,45
2026-05-25T18:30:38.225908,$GAGSV,08,,45
2026-05-25T18:30:38.225908,$GAGSV,13,,48
2026-05-25T18:30:38.226517,$GAGSV,15,,47
2026-05-25T18:30:38.226517,$GAGSV,32,,45
2026-05-25T18:30:38.226517,$GAGSV,34,,39
2026-05-25T18:30:38.227316,$GAGSV,03,,26
2026-05-25T18:30:38.227316,$GAGSV,07,,42
2026-05-25T18:30:38.227316,$GAGSV,08,,45
2026-05-25T18:30:38.227316,$GAGSV,13,,44
2026-05-25T18:30:38.228005,$GAGSV,15,,44
2026-05-25T18:30:38.228005,$GAGSV,32,,42
2026-05-25T18:30:38.228005,$GAGSV,34,,38
2026-05-25T18:30:38.229202,$GBGSV,07,,46
2026-05-25T18:30:38.229202,$GBGSV,09,,43
2026-05-25T18:30:38.229202,$GBGSV,10,,45
2026-05-25T18:30:38.229202,$GBGSV,13,,46
2026-05-25T18:30:38.229908,$GBGSV,25,,48
2026-05-25T18:30:38.229908,$GBGSV,27,,27
2026-05-25T18:30:38.229908,$GBGSV,28,,44
2026-05-25T18:30:38.229908,$GBGSV,33,,42
2026-05-25T18:30:38.230790,$GBGSV,09,,44
2026-05-25T18:30:38.230790,$GBGSV,10,,46
2026-05-25T18:30:39.218816,$GPGSV,10,,32
2026-05-25T18:30:39.218816,$GPGSV,12,,32
2026-05-25T18:30:39.218816,$GPGSV,13,,38
2026-05-25T18:30:39.218816,$GPGSV,18,,44
2026-05-25T18:30:39.219572,$GPGSV,23,,43
2026-05-25T18:30:39.219572,$GPGSV,24,,31
2026-05-25T18:30:39.219572,$GPGSV,25,,39
2026-05-25T18:30:39.219572,$GPGSV,28,,41
2026-05-25T18:30:39.220302,$GPGSV,32,,36
2026-05-25T18:30:39.220302,$GPGSV,41,,47
2026-05-25T18:30:39.220302,$GPGSV,42,,46
2026-05-25T18:30:39.220302,$GPGSV,50,,40
2026-05-25T18:30:39.221024,$GPGSV,10,,26
2026-05-25T18:30:39.221024,$GPGSV,12,,32
2026-05-25T18:30:39.221024,$GPGSV,18,,46
2026-05-25T18:30:39.221024,$GPGSV,23,,44
2026-05-25T18:30:39.221751,$GPGSV,24,,26
2026-05-25T18:30:39.221751,$GPGSV,25,,33
2026-05-25T18:30:39.221751,$GPGSV,28,,40
2026-05-25T18:30:39.221751,$GPGSV,32,,30
2026-05-25T18:30:39.223499,$GLGSV,66,,32
2026-05-25T18:30:39.223499,$GLGSV,75,,36
2026-05-25T18:30:39.223499,$GLGSV,76,,45
2026-05-25T18:30:39.223499,$GLGSV,77,,38
2026-05-25T18:30:39.223995,$GLGSV,81,,37
2026-05-25T18:30:39.223995,$GLGSV,88,,48
2026-05-25T18:30:39.224674,$GLGSV,66,,27
2026-05-25T18:30:39.224674,$GLGSV,75,,35
2026-05-25T18:30:39.224674,$GLGSV,76,,46
2026-05-25T18:30:39.224674,$GLGSV,81,,36
2026-05-25T18:30:39.225061,$GLGSV,88,,46
2026-05-25T18:30:39.226340,$GAGSV,03,,31
2026-05-25T18:30:39.226340,$GAGSV,07,,45
2026-05-25T18:30:39.226340,$GAGSV,08,,45
2026-05-25T18:30:39.226340,$GAGSV,13,,48
2026-05-25T18:30:39.226922,$GAGSV,15,,47
2026-05-25T18:30:39.226922,$GAGSV,32,,45
2026-05-25T18:30:39.226922,$GAGSV,34,,39
2026-05-25T18:30:39.227616,$GAGSV,03,,26
2026-05-25T18:30:39.227616,$GAGSV,07,,42
2026-05-25T18:30:39.227616,$GAGSV,08,,45
2026-05-25T18:30:39.227616,$GAGSV,13,,44
2026-05-25T18:30:39.228238,$GAGSV,15,,44
2026-05-25T18:30:39.228238,$GAGSV,32,,41
2026-05-25T18:30:39.228238,$GAGSV,34,,38
2026-05-25T18:30:39.229458,$GBGSV,07,,46
2026-05-25T18:30:39.229458,$GBGSV,09,,43
2026-05-25T18:30:39.229458,$GBGSV,10,,45
2026-05-25T18:30:39.229458,$GBGSV,13,,46
2026-05-25T18:30:39.230143,$GBGSV,25,,48
2026-05-25T18:30:39.230143,$GBGSV,27,,27
2026-05-25T18:30:39.230143,$GBGSV,28,,44
2026-05-25T18:30:39.230143,$GBGSV,33,,42
2026-05-25T18:30:39.230657,$GBGSV,09,,44
2026-05-25T18:30:39.230657,$GBGSV,10,,45
2026-05-25T18:30:40.213608,$GPGSV,10,,32
2026-05-25T18:30:40.213608,$GPGSV,12,,32
2026-05-25T18:30:40.213608,$GPGSV,13,,38
2026-05-25T18:30:40.213608,$GPGSV,18,,44
2026-05-25T18:30:40.214348,$GPGSV,23,,43
2026-05-25T18:30:40.214348,$GPGSV,24,,31
2026-05-25T18:30:40.214348,$GPGSV,25,,39
2026-05-25T18:30:40.214348,$GPGSV,28,,41
2026-05-25T18:30:40.215081,$GPGSV,32,,36
2026-05-25T18:30:40.215081,$GPGSV,41,,47
2026-05-25T18:30:40.215081,$GPGSV,42,,45
2026-05-25T18:30:40.215081,$GPGSV,50,,38
2026-05-25T18:30:40.215811,$GPGSV,10,,26
2026-05-25T18:30:40.215811,$GPGSV,12,,32
2026-05-25T18:30:40.215811,$GPGSV,18,,46
2026-05-25T18:30:40.215811,$GPGSV,23,,44
2026-05-25T18:30:40.216536,$GPGSV,24,,26
2026-05-25T18:30:40.216536,$GPGSV,25,,33
2026-05-25T18:30:40.216536,$GPGSV,28,,40
2026-05-25T18:30:40.216536,$GPGSV,32,,30
2026-05-25T18:30:40.218276,$GLGSV,66,,31
2026-05-25T18:30:40.218276,$GLGSV,75,,36
2026-05-25T18:30:40.218276,$GLGSV,76,,45
2026-05-25T18:30:40.218276,$GLGSV,77,,38
2026-05-25T18:30:40.218787,$GLGSV,81,,37
2026-05-25T18:30:40.218787,$GLGSV,88,,48
2026-05-25T18:30:40.219515,$GLGSV,66,,28
2026-05-25T18:30:40.219515,$GLGSV,75,,34
2026-05-25T18:30:40.219515,$GLGSV,76,,46
2026-05-25T18:30:40.219515,$GLGSV,81,,36
2026-05-25T18:30:40.219905,$GLGSV,88,,46
2026-05-25T18:30:40.221192,$GAGSV,03,,31
2026-05-25T18:30:40.221192,$GAGSV,07,,45
2026-05-25T18:30:40.221192,$GAGSV,08,,45
2026-05-25T18:30:40.221192,$GAGSV,13,,48
2026-05-25T18:30:40.221777,$GAGSV,15,,47
2026-05-25T18:30:40.221777,$GAGSV,32,,45
2026-05-25T18:30:40.221777,$GAGSV,34,,39
2026-05-25T18:30:40.222450,$GAGSV,03,,26
2026-05-25T18:30:40.222450,$GAGSV,07,,42
2026-05-25T18:30:40.222450,$GAGSV,08,,45
2026-05-25T18:30:40.222450,$GAGSV,13,,44
2026-05-25T18:30:40.223062,$GAGSV,15,,44
2026-05-25T18:30:40.223062,$GAGSV,32,,41
2026-05-25T18:30:40.223062,$GAGSV,34,,38
2026-05-25T18:30:40.224288,$GBGSV,07,,47
2026-05-25T18:30:40.224288,$GBGSV,09,,42
2026-05-25T18:30:40.224288,$GBGSV,10,,45
2026-05-25T18:30:40.224288,$GBGSV,13,,46
2026-05-25T18:30:40.224973,$GBGSV,25,,47
2026-05-25T18:30:40.224973,$GBGSV,27,,27
2026-05-25T18:30:40.224973,$GBGSV,28,,44
2026-05-25T18:30:40.224973,$GBGSV,33,,42
2026-05-25T18:30:40.225462,$GBGSV,09,,44
2026-05-25T18:30:40.225462,$GBGSV,10,,46
2026-05-25T18:30:41.217271,$GPGSV,10,,32
2026-05-25T18:30:41.217271,$GPGSV,12,,31
2026-05-25T18:30:41.217271,$GPGSV,13,,38
2026-05-25T18:30:41.217271,$GPGSV,18,,44
2026-05-25T18:30:41.218047,$GPGSV,23,,43
2026-05-25T18:30:41.218047,$GPGSV,24,,30
2026-05-25T18:30:41.218047,$GPGSV,25,,39
2026-05-25T18:30:41.218047,$GPGSV,28,,42
2026-05-25T18:30:41.218804,$GPGSV,32,,36
2026-05-25T18:30:41.218804,$GPGSV,41,,47
2026-05-25T18:30:41.218804,$GPGSV,42,,46
2026-05-25T18:30:41.218804,$GPGSV,50,,39
2026-05-25T18:30:41.219532,$GPGSV,10,,26
2026-05-25T18:30:41.219532,$GPGSV,12,,32
2026-05-25T18:30:41.219532,$GPGSV,18,,44
2026-05-25T18:30:41.219532,$GPGSV,23,,42
2026-05-25T18:30:41.220250,$GPGSV,24,,26
2026-05-25T18:30:41.220250,$GPGSV,25,,33
2026-05-25T18:30:41.220250,$GPGSV,28,,38
2026-05-25T18:30:41.220250,$GPGSV,32,,30
2026-05-25T18:30:41.221970,$GLGSV,66,,31
2026-05-25T18:30:41.221970,$GLGSV,75,,36
2026-05-25T18:30:41.221970,$GLGSV,76,,45
2026-05-25T18:30:41.221970,$GLGSV,77,,38
2026-05-25T18:30:41.222479,$GLGSV,81,,36
2026-05-25T18:30:41.222479,$GLGSV,88,,48
2026-05-25T18:30:41.223202,$GLGSV,66,,28
2026-05-25T18:30:41.223202,$GLGSV,75,,34
2026-05-25T18:30:41.223202,$GLGSV,76,,45
2026-05-25T18:30:41.223202,$GLGSV,81,,36
2026-05-25T18:30:41.223643,$GLGSV,88,,45
2026-05-25T18:30:41.225052,$GAGSV,03,,30
2026-05-25T18:30:41.225052,$GAGSV,07,,42
2026-05-25T18:30:41.225052,$GAGSV,08,,43
2026-05-25T18:30:41.225052,$GAGSV,13,,45
2026-05-25T18:30:41.225698,$GAGSV,15,,45
2026-05-25T18:30:41.225698,$GAGSV,32,,42
2026-05-25T18:30:41.225698,$GAGSV,34,,36
2026-05-25T18:30:41.226466,$GAGSV,03,,26
2026-05-25T18:30:41.226466,$GAGSV,07,,42
2026-05-25T18:30:41.226466,$GAGSV,08,,45
2026-05-25T18:30:41.226466,$GAGSV,13,,44
2026-05-25T18:30:41.227268,$GAGSV,15,,44
2026-05-25T18:30:41.227268,$GAGSV,32,,41
2026-05-25T18:30:41.227268,$GAGSV,34,,38
2026-05-25T18:30:41.228530,$GBGSV,07,,47
2026-05-25T18:30:41.228530,$GBGSV,09,,42
2026-05-25T18:30:41.228530,$GBGSV,10,,45
2026-05-25T18:30:41.228530,$GBGSV,13,,46
2026-05-25T18:30:41.229251,$GBGSV,25,,47
2026-05-25T18:30:41.229251,$GBGSV,27,,26
2026-05-25T18:30:41.229251,$GBGSV,28,,44
2026-05-25T18:30:41.229251,$GBGSV,33,,42
2026-05-25T18:30:41.230111,$GBGSV,09,,42
2026-05-25T18:30:41.230111,$GBGSV,10,,44
2026-05-25T18:30:42.218703,$GPGSV,10,,32
2026-05-25T18:30:42.218703,$GPGSV,12,,31
2026-05-25T18:30:42.218703,$GPGSV,13,,37
2026-05-25T18:30:42.218703,$GPGSV,18,,43
2026-05-25T18:30:42.219400,$GPGSV,23,,43
2026-05-25T18:30:42.219400,$GPGSV,24,,30
2026-05-25T18:30:42.219400,$GPGSV,25,,38
2026-05-25T18:30:42.219400,$GPGSV,28,,40
2026-05-25T18:30:42.220001,$GPGSV,32,,36
2026-05-25T18:30:42.220001,$GPGSV,41,,46
2026-05-25T18:30:42.220001,$GPGSV,42,,45
2026-05-25T18:30:42.220001,$GPGSV,50,,39
2026-05-25T18:30:42.220594,$GPGSV,10,,25
2026-05-25T18:30:42.220594,$GPGSV,12,,30
2026-05-25T18:30:42.220594,$GPGSV,18,,43
2026-05-25T18:30:42.220594,$GPGSV,23,,40
2026-05-25T18:30:42.221186,$GPGSV,24,,25
2026-05-25T18:30:42.221186,$GPGSV,25,,31
2026-05-25T18:30:42.221186,$GPGSV,28,,37
2026-05-25T18:30:42.221186,$GPGSV,32,,29
2026-05-25T18:30:42.222614,$GLGSV,66,,31
2026-05-25T18:30:42.222614,$GLGSV,75,,36
2026-05-25T18:30:42.222614,$GLGSV,76,,45
2026-05-25T18:30:42.222614,$GLGSV,77,,37
2026-05-25T18:30:42.223038,$GLGSV,81,,35
2026-05-25T18:30:42.223038,$GLGSV,88,,47
2026-05-25T18:30:42.223639,$GLGSV,66,,27
2026-05-25T18:30:42.223639,$GLGSV,75,,32
2026-05-25T18:30:42.223639,$GLGSV,76,,43
2026-05-25T18:30:42.223639,$GLGSV,81,,35
2026-05-25T18:30:42.223979,$GLGSV,88,,44
2026-05-25T18:30:42.225086,$GAGSV,03,,28
2026-05-25T18:30:42.225086,$GAGSV,07,,40
2026-05-25T18:30:42.225086,$GAGSV,08,,41
2026-05-25T18:30:42.225086,$GAGSV,13,,43
2026-05-25T18:30:42.225593,$GAGSV,15,,43
2026-05-25T18:30:42.225593,$GAGSV,32,,40
2026-05-25T18:30:42.225593,$GAGSV,34,,35
2026-05-25T18:30:42.226178,$GAGSV,03,,26
2026-05-25T18:30:42.226178,$GAGSV,07,,41
2026-05-25T18:30:42.226178,$GAGSV,08,,44
2026-05-25T18:30:42.226178,$GAGSV,13,,44
2026-05-25T18:30:42.226684,$GAGSV,15,,44
2026-05-25T18:30:42.226684,$GAGSV,32,,41
2026-05-25T18:30:42.226684,$GAGSV,34,,38
2026-05-25T18:30:42.227832,$GBGSV,07,,45
2026-05-25T18:30:42.227832,$GBGSV,09,,40
2026-05-25T18:30:42.227832,$GBGSV,10,,44
2026-05-25T18:30:42.227832,$GBGSV,13,,44
2026-05-25T18:30:42.228440,$GBGSV,25,,45
2026-05-25T18:30:42.228440,$GBGSV,27,,25
2026-05-25T18:30:42.228440,$GBGSV,28,,42
2026-05-25T18:30:42.228440,$GBGSV,33,,40
2026-05-25T18:30:42.229037,$GBGSV,09,,40
2026-05-25T18:30:42.229037,$GBGSV,10,,42
2026-05-25T18:30:42.229037,$GBGSV,28,,15
2026-05-25T18:30:42.229037,$GBGSV,33,,13
2026-05-25T18:30:43.218295,$GPGSV,10,,31
2026-05-25T18:30:43.218295,$GPGSV,12,,31
2026-05-25T18:30:43.218295,$GPGSV,13,,36
2026-05-25T18:30:43.218295,$GPGSV,18,,42
2026-05-25T18:30:43.219092,$GPGSV,23,,43
2026-05-25T18:30:43.219092,$GPGSV,24,,29
2026-05-25T18:30:43.219092,$GPGSV,25,,38
2026-05-25T18:30:43.219092,$GPGSV,28,,40
2026-05-25T18:30:43.219822,$GPGSV,32,,36
2026-05-25T18:30:43.219822,$GPGSV,41,,46
2026-05-25T18:30:43.219822,$GPGSV,42,,44
2026-05-25T18:30:43.219822,$GPGSV,50,,39
2026-05-25T18:30:43.220544,$GPGSV,10,,24
2026-05-25T18:30:43.220544,$GPGSV,12,,29
2026-05-25T18:30:43.220544,$GPGSV,18,,41
2026-05-25T18:30:43.220544,$GPGSV,23,,39
2026-05-25T18:30:43.221262,$GPGSV,24,,24
2026-05-25T18:30:43.221262,$GPGSV,25,,30
2026-05-25T18:30:43.221262,$GPGSV,28,,35
2026-05-25T18:30:43.221262,$GPGSV,32,,28
2026-05-25T18:30:43.223004,$GLGSV,66,,30
2026-05-25T18:30:43.223004,$GLGSV,75,,34
2026-05-25T18:30:43.223004,$GLGSV,76,,43
2026-05-25T18:30:43.223004,$GLGSV,77,,36
2026-05-25T18:30:43.223540,$GLGSV,81,,34
2026-05-25T18:30:43.223540,$GLGSV,88,,46
2026-05-25T18:30:43.224255,$GLGSV,66,,26
2026-05-25T18:30:43.224255,$GLGSV,75,,30
2026-05-25T18:30:43.224255,$GLGSV,76,,41
2026-05-25T18:30:43.224255,$GLGSV,81,,33
2026-05-25T18:30:43.224671,$GLGSV,88,,42
2026-05-25T18:30:43.226010,$GAGSV,03,,28
2026-05-25T18:30:43.226010,$GAGSV,07,,39
2026-05-25T18:30:43.226010,$GAGSV,08,,40
2026-05-25T18:30:43.226010,$GAGSV,13,,42
2026-05-25T18:30:43.226623,$GAGSV,15,,42
2026-05-25T18:30:43.226623,$GAGSV,32,,39
2026-05-25T18:30:43.226623,$GAGSV,34,,33
2026-05-25T18:30:43.227349,$GAGSV,03,,26
2026-05-25T18:30:43.227349,$GAGSV,07,,41
2026-05-25T18:30:43.227349,$GAGSV,08,,43
2026-05-25T18:30:43.227349,$GAGSV,13,,43
2026-05-25T18:30:43.227983,$GAGSV,15,,43
2026-05-25T18:30:43.227983,$GAGSV,32,,39
2026-05-25T18:30:43.227983,$GAGSV,34,,37
2026-05-25T18:30:43.229244,$GBGSV,07,,44
2026-05-25T18:30:43.229244,$GBGSV,09,,40
2026-05-25T18:30:43.229244,$GBGSV,10,,43
2026-05-25T18:30:43.229244,$GBGSV,13,,43
2026-05-25T18:30:43.229951,$GBGSV,25,,45
2026-05-25T18:30:43.229951,$GBGSV,27,,24
2026-05-25T18:30:43.229951,$GBGSV,28,,41
2026-05-25T18:30:43.229951,$GBGSV,33,,40
2026-05-25T18:30:43.230697,$GBGSV,09,,37
2026-05-25T18:30:43.230697,$GBGSV,10,,39
2026-05-25T18:30:43.230697,$GBGSV,28,,10
2026-05-25T18:30:43.230697,$GBGSV,33,,10
2026-05-25T18:30:44.217865,$GPGSV,10,,30
2026-05-25T18:30:44.217865,$GPGSV,12,,31
2026-05-25T18:30:44.217865,$GPGSV,13,,35
2026-05-25T18:30:44.217865,$GPGSV,18,,42
2026-05-25T18:30:44.218688,$GPGSV,23,,42
2026-05-25T18:30:44.218688,$GPGSV,24,,29
2026-05-25T18:30:44.218688,$GPGSV,25,,38
2026-05-25T18:30:44.218688,$GPGSV,28,,40
2026-05-25T18:30:44.219480,$GPGSV,32,,35
2026-05-25T18:30:44.219480,$GPGSV,41,,45
2026-05-25T18:30:44.219480,$GPGSV,42,,44
2026-05-25T18:30:44.219480,$GPGSV,50,,38
2026-05-25T18:30:44.220237,$GPGSV,10,,23
2026-05-25T18:30:44.220237,$GPGSV,12,,28
2026-05-25T18:30:44.220237,$GPGSV,18,,41
2026-05-25T18:30:44.220237,$GPGSV,23,,39
2026-05-25T18:30:44.220967,$GPGSV,24,,22
2026-05-25T18:30:44.220967,$GPGSV,25,,29
2026-05-25T18:30:44.220967,$GPGSV,28,,34
2026-05-25T18:30:44.220967,$GPGSV,32,,27
2026-05-25T18:30:44.222705,$GLGSV,66,,30
2026-05-25T18:30:44.222705,$GLGSV,75,,34
2026-05-25T18:30:44.222705,$GLGSV,76,,42
2026-05-25T18:30:44.222705,$GLGSV,77,,36
2026-05-25T18:30:44.223270,$GLGSV,81,,32
2026-05-25T18:30:44.223270,$GLGSV,88,,46
2026-05-25T18:30:44.224014,$GLGSV,66,,26
2026-05-25T18:30:44.224014,$GLGSV,75,,30
2026-05-25T18:30:44.224014,$GLGSV,76,,42
2026-05-25T18:30:44.224014,$GLGSV,81,,33
2026-05-25T18:30:44.224429,$GLGSV,88,,42
2026-05-25T18:30:44.225792,$GAGSV,03,,26
2026-05-25T18:30:44.225792,$GAGSV,07,,39
2026-05-25T18:30:44.225792,$GAGSV,08,,39
2026-05-25T18:30:44.225792,$GAGSV,13,,42
2026-05-25T18:30:44.226418,$GAGSV,15,,42
2026-05-25T18:30:44.226418,$GAGSV,32,,39
2026-05-25T18:30:44.226418,$GAGSV,34,,33
2026-05-25T18:30:44.227177,$GAGSV,03,,26
2026-05-25T18:30:44.227177,$GAGSV,07,,40
2026-05-25T18:30:44.227177,$GAGSV,08,,43
2026-05-25T18:30:44.227177,$GAGSV,13,,43
2026-05-25T18:30:44.227802,$GAGSV,15,,43
2026-05-25T18:30:44.227802,$GAGSV,32,,40
2026-05-25T18:30:44.227802,$GAGSV,34,,36
2026-05-25T18:30:44.229048,$GBGSV,07,,44
2026-05-25T18:30:44.229048,$GBGSV,09,,40
2026-05-25T18:30:44.229048,$GBGSV,10,,43
2026-05-25T18:30:44.229048,$GBGSV,13,,43
2026-05-25T18:30:44.229776,$GBGSV,25,,45
2026-05-25T18:30:44.229776,$GBGSV,27,,24
2026-05-25T18:30:44.229776,$GBGSV,28,,41
2026-05-25T18:30:44.229776,$GBGSV,33,,40
2026-05-25T18:30:44.230489,$GBGSV,09,,38
2026-05-25T18:30:44.230489,$GBGSV,10,,40
2026-05-25T18:30:44.230489,$GBGSV,28,,09
2026-05-25T18:30:44.230489,$GBGSV,33,,08
2026-05-25T18:30:45.216730,$GPGSV,10,,29
2026-05-25T18:30:45.216730,$GPGSV,12,,31
2026-05-25T18:30:45.216730,$GPGSV,13,,35
2026-05-25T18:30:45.216730,$GPGSV,18,,42
2026-05-25T18:30:45.217567,$GPGSV,23,,42
2026-05-25T18:30:45.217567,$GPGSV,24,,29
2026-05-25T18:30:45.217567,$GPGSV,25,,38
2026-05-25T18:30:45.217567,$GPGSV,28,,40
2026-05-25T18:30:45.218345,$GPGSV,32,,35
2026-05-25T18:30:45.218345,$GPGSV,41,,45
2026-05-25T18:30:45.218345,$GPGSV,42,,44
2026-05-25T18:30:45.218345,$GPGSV,50,,38
2026-05-25T18:30:45.219107,$GPGSV,10,,22
2026-05-25T18:30:45.219107,$GPGSV,12,,28
2026-05-25T18:30:45.219107,$GPGSV,18,,41
2026-05-25T18:30:45.219107,$GPGSV,23,,39
2026-05-25T18:30:45.219864,$GPGSV,24,,21
2026-05-25T18:30:45.219864,$GPGSV,25,,28
2026-05-25T18:30:45.219864,$GPGSV,28,,34
2026-05-25T18:30:45.219864,$GPGSV,32,,26
2026-05-25T18:30:45.221670,$GLGSV,66,,29
2026-05-25T18:30:45.221670,$GLGSV,75,,33
2026-05-25T18:30:45.221670,$GLGSV,76,,42
2026-05-25T18:30:45.221670,$GLGSV,77,,35
2026-05-25T18:30:45.222212,$GLGSV,81,,32
2026-05-25T18:30:45.222212,$GLGSV,88,,45
2026-05-25T18:30:45.223135,$GLGSV,66,,26
2026-05-25T18:30:45.223135,$GLGSV,75,,29
2026-05-25T18:30:45.223135,$GLGSV,76,,42
2026-05-25T18:30:45.223135,$GLGSV,81,,34
2026-05-25T18:30:45.223861,$GLGSV,88,,42
2026-05-25T18:30:45.226221,$GAGSV,03,,26
2026-05-25T18:30:45.226221,$GAGSV,07,,39
2026-05-25T18:30:45.226221,$GAGSV,08,,40
2026-05-25T18:30:45.226221,$GAGSV,13,,42
2026-05-25T18:30:45.227358,$GAGSV,15,,42
2026-05-25T18:30:45.227358,$GAGSV,32,,39
2026-05-25T18:30:45.227358,$GAGSV,34,,33
2026-05-25T18:30:45.228319,$GAGSV,03,,26
2026-05-25T18:30:45.228319,$GAGSV,07,,40
2026-05-25T18:30:45.228319,$GAGSV,08,,43
2026-05-25T18:30:45.228319,$GAGSV,13,,42
2026-05-25T18:30:45.228928,$GAGSV,15,,43
2026-05-25T18:30:45.228928,$GAGSV,32,,40
2026-05-25T18:30:45.228928,$GAGSV,34,,36
2026-05-25T18:30:45.230204,$GBGSV,07,,44
2026-05-25T18:30:45.230204,$GBGSV,09,,40
2026-05-25T18:30:45.230204,$GBGSV,10,,43
2026-05-25T18:30:45.230204,$GBGSV,13,,43
2026-05-25T18:30:45.230904,$GBGSV,25,,45
2026-05-25T18:30:45.230904,$GBGSV,27,,25
2026-05-25T18:30:45.230904,$GBGSV,28,,41
2026-05-25T18:30:45.230904,$GBGSV,33,,40
2026-05-25T18:30:45.231684,$GBGSV,09,,38
2026-05-25T18:30:45.231684,$GBGSV,10,,40
2026-05-25T18:30:45.231684,$GBGSV,28,,08
2026-05-25T18:30:45.231684,$GBGSV,33,,08
2026-05-25T18:30:46.214895,$GPGSV,10,,29
2026-05-25T18:30:46.214895,$GPGSV,12,,30
2026-05-25T18:30:46.214895,$GPGSV,13,,35
2026-05-25T18:30:46.214895,$GPGSV,18,,42
2026-05-25T18:30:46.215705,$GPGSV,23,,42
2026-05-25T18:30:46.215705,$GPGSV,24,,29
2026-05-25T18:30:46.215705,$GPGSV,25,,37
2026-05-25T18:30:46.215705,$GPGSV,28,,40
2026-05-25T18:30:46.216458,$GPGSV,32,,35
2026-05-25T18:30:46.216458,$GPGSV,41,,45
2026-05-25T18:30:46.216458,$GPGSV,42,,44
2026-05-25T18:30:46.216458,$GPGSV,50,,38
2026-05-25T18:30:46.217205,$GPGSV,10,,22
2026-05-25T18:30:46.217205,$GPGSV,12,,28
2026-05-25T18:30:46.217205,$GPGSV,18,,41
2026-05-25T18:30:46.217205,$GPGSV,23,,39
2026-05-25T18:30:46.217923,$GPGSV,24,,20
2026-05-25T18:30:46.217923,$GPGSV,25,,28
2026-05-25T18:30:46.217923,$GPGSV,28,,34
2026-05-25T18:30:46.217923,$GPGSV,32,,26
2026-05-25T18:30:46.219858,$GLGSV,66,,29
2026-05-25T18:30:46.219858,$GLGSV,75,,33
2026-05-25T18:30:46.219858,$GLGSV,76,,42
2026-05-25T18:30:46.219858,$GLGSV,77,,35
2026-05-25T18:30:46.220381,$GLGSV,81,,31
2026-05-25T18:30:46.220381,$GLGSV,88,,45
2026-05-25T18:30:46.221099,$GLGSV,66,,26
2026-05-25T18:30:46.221099,$GLGSV,75,,29
2026-05-25T18:30:46.221099,$GLGSV,76,,42
2026-05-25T18:30:46.221099,$GLGSV,81,,34
2026-05-25T18:30:46.221510,$GLGSV,88,,42
2026-05-25T18:30:46.222880,$GAGSV,03,,25
2026-05-25T18:30:46.222880,$GAGSV,07,,39
2026-05-25T18:30:46.222880,$GAGSV,08,,40
2026-05-25T18:30:46.222880,$GAGSV,13,,42
2026-05-25T18:30:46.223544,$GAGSV,15,,42
2026-05-25T18:30:46.223544,$GAGSV,32,,39
2026-05-25T18:30:46.223544,$GAGSV,34,,33
2026-05-25T18:30:46.224288,$GAGSV,03,,26
2026-05-25T18:30:46.224288,$GAGSV,07,,40
2026-05-25T18:30:46.224288,$GAGSV,08,,43
2026-05-25T18:30:46.224288,$GAGSV,13,,42
2026-05-25T18:30:46.224912,$GAGSV,15,,43
2026-05-25T18:30:46.224912,$GAGSV,32,,40
2026-05-25T18:30:46.224912,$GAGSV,34,,36
2026-05-25T18:30:46.226190,$GBGSV,07,,44
2026-05-25T18:30:46.226190,$GBGSV,09,,40
2026-05-25T18:30:46.226190,$GBGSV,10,,42
2026-05-25T18:30:46.226190,$GBGSV,13,,43
2026-05-25T18:30:46.226902,$GBGSV,25,,44
2026-05-25T18:30:46.226902,$GBGSV,27,,26
2026-05-25T18:30:46.226902,$GBGSV,28,,41
2026-05-25T18:30:46.226902,$GBGSV,33,,40
2026-05-25T18:30:46.227636,$GBGSV,09,,38
2026-05-25T18:30:46.227636,$GBGSV,10,,40
2026-05-25T18:30:46.227636,$GBGSV,28,,08
2026-05-25T18:30:46.227636,$GBGSV,33,,07
2026-05-25T18:30:47.214284,$GPGSV,10,,30
2026-05-25T18:30:47.214284,$GPGSV,12,,30
2026-05-25T18:30:47.214284,$GPGSV,13,,35
2026-05-25T18:30:47.214284,$GPGSV,18,,42
2026-05-25T18:30:47.215059,$GPGSV,23,,42
2026-05-25T18:30:47.215059,$GPGSV,24,,29
2026-05-25T18:30:47.215059,$GPGSV,25,,37
2026-05-25T18:30:47.215059,$GPGSV,28,,40
2026-05-25T18:30:47.215837,$GPGSV,32,,35
2026-05-25T18:30:47.215837,$GPGSV,41,,45
2026-05-25T18:30:47.215837,$GPGSV,42,,44
2026-05-25T18:30:47.215837,$GPGSV,50,,38
2026-05-25T18:30:47.216582,$GPGSV,10,,23
2026-05-25T18:30:47.216582,$GPGSV,12,,28
2026-05-25T18:30:47.216582,$GPGSV,18,,41
2026-05-25T18:30:47.216582,$GPGSV,23,,39
2026-05-25T18:30:47.217319,$GPGSV,24,,20
2026-05-25T18:30:47.217319,$GPGSV,25,,28
2026-05-25T18:30:47.217319,$GPGSV,28,,34
2026-05-25T18:30:47.217319,$GPGSV,32,,26
2026-05-25T18:30:47.219039,$GLGSV,66,,29
2026-05-25T18:30:47.219039,$GLGSV,75,,33
2026-05-25T18:30:47.219039,$GLGSV,76,,42
2026-05-25T18:30:47.219039,$GLGSV,77,,35
2026-05-25T18:30:47.219580,$GLGSV,81,,31
2026-05-25T18:30:47.219580,$GLGSV,88,,45
2026-05-25T18:30:47.220292,$GLGSV,66,,26
2026-05-25T18:30:47.220292,$GLGSV,75,,29
2026-05-25T18:30:47.220292,$GLGSV,76,,42
2026-05-25T18:30:47.220292,$GLGSV,81,,34
2026-05-25T18:30:47.220707,$GLGSV,88,,42
2026-05-25T18:30:47.222047,$GAGSV,03,,25
2026-05-25T18:30:47.222047,$GAGSV,07,,39
2026-05-25T18:30:47.222047,$GAGSV,08,,40
2026-05-25T18:30:47.222047,$GAGSV,13,,42
2026-05-25T18:30:47.222654,$GAGSV,15,,42
2026-05-25T18:30:47.222654,$GAGSV,32,,39
2026-05-25T18:30:47.222654,$GAGSV,34,,33
2026-05-25T18:30:47.223461,$GAGSV,03,,26
2026-05-25T18:30:47.223461,$GAGSV,07,,40
2026-05-25T18:30:47.223461,$GAGSV,08,,43
2026-05-25T18:30:47.223461,$GAGSV,13,,42
2026-05-25T18:30:47.224098,$GAGSV,15,,43
2026-05-25T18:30:47.224098,$GAGSV,32,,40
2026-05-25T18:30:47.224098,$GAGSV,34,,36
2026-05-25T18:30:47.225366,$GBGSV,07,,44
2026-05-25T18:30:47.225366,$GBGSV,09,,40
2026-05-25T18:30:47.225366,$GBGSV,10,,43
2026-05-25T18:30:47.225366,$GBGSV,13,,43
2026-05-25T18:30:47.226086,$GBGSV,25,,45
2026-05-25T18:30:47.226086,$GBGSV,27,,27
2026-05-25T18:30:47.226086,$GBGSV,28,,41
2026-05-25T18:30:47.226086,$GBGSV,33,,41
2026-05-25T18:30:47.226964,$GBGSV,09,,38
2026-05-25T18:30:47.226964,$GBGSV,10,,40
2026-05-25T18:30:47.226964,$GBGSV,28,,07
2026-05-25T18:30:47.226964,$GBGSV,33,,08
2026-05-25T18:30:48.216091,$GPGSV,10,,29
2026-05-25T18:30:48.216091,$GPGSV,12,,30
2026-05-25T18:30:48.216091,$GPGSV,13,,35
2026-05-25T18:30:48.216091,$GPGSV,18,,42
2026-05-25T18:30:48.216842,$GPGSV,23,,42
2026-05-25T18:30:48.216842,$GPGSV,24,,29
2026-05-25T18:30:48.216842,$GPGSV,25,,37
2026-05-25T18:30:48.216842,$GPGSV,28,,40
2026-05-25T18:30:48.217561,$GPGSV,32,,35
2026-05-25T18:30:48.217561,$GPGSV,41,,45
2026-05-25T18:30:48.217561,$GPGSV,42,,44
2026-05-25T18:30:48.217561,$GPGSV,50,,38
2026-05-25T18:30:48.218276,$GPGSV,10,,23
2026-05-25T18:30:48.218276,$GPGSV,12,,27
2026-05-25T18:30:48.218276,$GPGSV,18,,41
2026-05-25T18:30:48.218276,$GPGSV,23,,39
2026-05-25T18:30:48.218989,$GPGSV,24,,21
2026-05-25T18:30:48.218989,$GPGSV,25,,28
2026-05-25T18:30:48.218989,$GPGSV,28,,34
2026-05-25T18:30:48.218989,$GPGSV,32,,27
2026-05-25T18:30:48.220737,$GLGSV,66,,28
2026-05-25T18:30:48.220737,$GLGSV,75,,33
2026-05-25T18:30:48.220737,$GLGSV,76,,43
2026-05-25T18:30:48.220737,$GLGSV,77,,35
2026-05-25T18:30:48.221256,$GLGSV,81,,31
2026-05-25T18:30:48.221256,$GLGSV,88,,45
2026-05-25T18:30:48.221968,$GLGSV,66,,26
2026-05-25T18:30:48.221968,$GLGSV,75,,29
2026-05-25T18:30:48.221968,$GLGSV,76,,42
2026-05-25T18:30:48.221968,$GLGSV,81,,34
2026-05-25T18:30:48.222380,$GLGSV,88,,42
2026-05-25T18:30:48.223763,$GAGSV,03,,26
2026-05-25T18:30:48.223763,$GAGSV,07,,39
2026-05-25T18:30:48.223763,$GAGSV,08,,40
2026-05-25T18:30:48.223763,$GAGSV,13,,42
2026-05-25T18:30:48.224356,$GAGSV,15,,42
2026-05-25T18:30:48.224356,$GAGSV,32,,39
2026-05-25T18:30:48.224356,$GAGSV,34,,33
2026-05-25T18:30:48.225039,$GAGSV,03,,26
2026-05-25T18:30:48.225039,$GAGSV,07,,40
2026-05-25T18:30:48.225039,$GAGSV,08,,43
2026-05-25T18:30:48.225039,$GAGSV,13,,42
2026-05-25T18:30:48.225645,$GAGSV,15,,43
2026-05-25T18:30:48.225645,$GAGSV,32,,40
2026-05-25T18:30:48.225645,$GAGSV,34,,36
2026-05-25T18:30:48.226838,$GBGSV,07,,44
2026-05-25T18:30:48.226838,$GBGSV,09,,40
2026-05-25T18:30:48.226838,$GBGSV,10,,43
2026-05-25T18:30:48.226838,$GBGSV,13,,43
2026-05-25T18:30:48.227520,$GBGSV,25,,45
2026-05-25T18:30:48.227520,$GBGSV,27,,27
2026-05-25T18:30:48.227520,$GBGSV,28,,41
2026-05-25T18:30:48.227520,$GBGSV,33,,41
2026-05-25T18:30:48.228202,$GBGSV,09,,38
2026-05-25T18:30:48.228202,$GBGSV,10,,40
2026-05-25T18:30:48.228202,$GBGSV,28,,07
2026-05-25T18:30:48.228202,$GBGSV,33,,08
2026-05-25T18:30:49.210911,$GPGSV,10,,29
2026-05-25T18:30:49.210911,$GPGSV,12,,29
2026-05-25T18:30:49.210911,$GPGSV,13,,35
2026-05-25T18:30:49.210911,$GPGSV,18,,42
2026-05-25T18:30:49.211822,$GPGSV,23,,42
2026-05-25T18:30:49.211822,$GPGSV,24,,29
2026-05-25T18:30:49.211822,$GPGSV,25,,38
2026-05-25T18:30:49.211822,$GPGSV,28,,39
2026-05-25T18:30:49.212643,$GPGSV,32,,35
2026-05-25T18:30:49.212643,$GPGSV,41,,45
2026-05-25T18:30:49.212643,$GPGSV,42,,44
2026-05-25T18:30:49.212643,$GPGSV,50,,38
2026-05-25T18:30:49.213443,$GPGSV,10,,24
2026-05-25T18:30:49.213443,$GPGSV,12,,27
2026-05-25T18:30:49.213443,$GPGSV,18,,41
2026-05-25T18:30:49.213443,$GPGSV,23,,39
2026-05-25T18:30:49.214218,$GPGSV,24,,21
2026-05-25T18:30:49.214218,$GPGSV,25,,28
2026-05-25T18:30:49.214218,$GPGSV,28,,34
2026-05-25T18:30:49.214218,$GPGSV,32,,27
2026-05-25T18:30:49.216081,$GLGSV,66,,28
2026-05-25T18:30:49.216081,$GLGSV,75,,33
2026-05-25T18:30:49.216081,$GLGSV,76,,43
2026-05-25T18:30:49.216081,$GLGSV,77,,36
2026-05-25T18:30:49.216648,$GLGSV,81,,31
2026-05-25T18:30:49.216648,$GLGSV,88,,45
2026-05-25T18:30:49.217400,$GLGSV,66,,26
2026-05-25T18:30:49.217400,$GLGSV,75,,29
2026-05-25T18:30:49.217400,$GLGSV,76,,42
2026-05-25T18:30:49.217400,$GLGSV,81,,35
2026-05-25T18:30:49.217831,$GLGSV,88,,42
2026-05-25T18:30:49.219251,$GAGSV,03,,25
2026-05-25T18:30:49.219251,$GAGSV,07,,39
2026-05-25T18:30:49.219251,$GAGSV,08,,40
2026-05-25T18:30:49.219251,$GAGSV,13,,42
2026-05-25T18:30:49.219918,$GAGSV,15,,42
2026-05-25T18:30:49.219918,$GAGSV,32,,39
2026-05-25T18:30:49.219918,$GAGSV,34,,33
2026-05-25T18:30:49.220666,$GAGSV,03,,26
2026-05-25T18:30:49.220666,$GAGSV,07,,40
2026-05-25T18:30:49.220666,$GAGSV,08,,43
2026-05-25T18:30:49.220666,$GAGSV,13,,42
2026-05-25T18:30:49.221315,$GAGSV,15,,43
2026-05-25T18:30:49.221315,$GAGSV,32,,40
2026-05-25T18:30:49.221315,$GAGSV,34,,36
2026-05-25T18:30:49.222655,$GBGSV,07,,44
2026-05-25T18:30:49.222655,$GBGSV,09,,40
2026-05-25T18:30:49.222655,$GBGSV,10,,43
2026-05-25T18:30:49.222655,$GBGSV,13,,43
2026-05-25T18:30:49.223465,$GBGSV,25,,45
2026-05-25T18:30:49.223465,$GBGSV,27,,28
2026-05-25T18:30:49.223465,$GBGSV,28,,41
2026-05-25T18:30:49.223465,$GBGSV,33,,41
2026-05-25T18:30:49.224179,$GBGSV,09,,39
2026-05-25T18:30:49.224179,$GBGSV,10,,40
2026-05-25T18:30:49.224179,$GBGSV,28,,08
2026-05-25T18:30:49.224179,$GBGSV,33,,08
2026-05-25T18:30:50.214585,$GPGSV,10,,29
2026-05-25T18:30:50.214585,$GPGSV,12,,30
2026-05-25T18:30:50.214585,$GPGSV,13,,35
2026-05-25T18:30:50.214585,$GPGSV,18,,42
2026-05-25T18:30:50.215384,$GPGSV,23,,42
2026-05-25T18:30:50.215384,$GPGSV,24,,29
2026-05-25T18:30:50.215384,$GPGSV,25,,38
2026-05-25T18:30:50.215384,$GPGSV,28,,39
2026-05-25T18:30:50.216139,$GPGSV,32,,35
2026-05-25T18:30:50.216139,$GPGSV,41,,46
2026-05-25T18:30:50.216139,$GPGSV,42,,44
2026-05-25T18:30:50.216139,$GPGSV,50,,38
2026-05-25T18:30:50.216886,$GPGSV,10,,24
2026-05-25T18:30:50.216886,$GPGSV,12,,27
2026-05-25T18:30:50.216886,$GPGSV,18,,41
2026-05-25T18:30:50.216886,$GPGSV,23,,39
2026-05-25T18:30:50.217629,$GPGSV,24,,21
2026-05-25T18:30:50.217629,$GPGSV,25,,28
2026-05-25T18:30:50.217629,$GPGSV,28,,34
2026-05-25T18:30:50.217629,$GPGSV,32,,27
2026-05-25T18:30:50.219544,$GLGSV,66,,28
2026-05-25T18:30:50.219544,$GLGSV,75,,34
2026-05-25T18:30:50.219544,$GLGSV,76,,43
2026-05-25T18:30:50.219544,$GLGSV,77,,36
2026-05-25T18:30:50.220085,$GLGSV,81,,31
2026-05-25T18:30:50.220085,$GLGSV,88,,45
2026-05-25T18:30:50.220829,$GLGSV,66,,26
2026-05-25T18:30:50.220829,$GLGSV,75,,29
2026-05-25T18:30:50.220829,$GLGSV,76,,42
2026-05-25T18:30:50.220829,$GLGSV,81,,35
2026-05-25T18:30:50.221262,$GLGSV,88,,42
2026-05-25T18:30:50.222656,$GAGSV,03,,25
2026-05-25T18:30:50.222656,$GAGSV,07,,39
2026-05-25T18:30:50.222656,$GAGSV,08,,40
2026-05-25T18:30:50.222656,$GAGSV,13,,42
2026-05-25T18:30:50.223369,$GAGSV,15,,42
2026-05-25T18:30:50.223369,$GAGSV,32,,39
2026-05-25T18:30:50.223369,$GAGSV,34,,33
2026-05-25T18:30:50.224121,$GAGSV,03,,27
2026-05-25T18:30:50.224121,$GAGSV,07,,40
2026-05-25T18:30:50.224121,$GAGSV,08,,43
2026-05-25T18:30:50.224121,$GAGSV,13,,42
2026-05-25T18:30:50.224745,$GAGSV,15,,43
2026-05-25T18:30:50.224745,$GAGSV,32,,40
2026-05-25T18:30:50.224745,$GAGSV,34,,36
2026-05-25T18:30:50.226023,$GBGSV,07,,44
2026-05-25T18:30:50.226023,$GBGSV,09,,40
2026-05-25T18:30:50.226023,$GBGSV,10,,43
2026-05-25T18:30:50.226023,$GBGSV,13,,44
2026-05-25T18:30:50.226877,$GBGSV,25,,45
2026-05-25T18:30:50.226877,$GBGSV,27,,28
2026-05-25T18:30:50.226877,$GBGSV,28,,41
2026-05-25T18:30:50.226877,$GBGSV,33,,41
2026-05-25T18:30:50.227725,$GBGSV,09,,39
2026-05-25T18:30:50.227725,$GBGSV,10,,40
2026-05-25T18:30:50.227725,$GBGSV,28,,08
2026-05-25T18:30:50.227725,$GBGSV,33,,08
2026-05-25T18:30:51.217228,$GPGSV,10,,30
2026-05-25T18:30:51.217228,$GPGSV,12,,29
2026-05-25T18:30:51.217228,$GPGSV,13,,35
2026-05-25T18:30:51.217228,$GPGSV,18,,42
2026-05-25T18:30:51.218000,$GPGSV,23,,42
2026-05-25T18:30:51.218000,$GPGSV,24,,28
2026-05-25T18:30:51.218000,$GPGSV,25,,38
2026-05-25T18:30:51.218000,$GPGSV,28,,39
2026-05-25T18:30:51.218748,$GPGSV,32,,35
2026-05-25T18:30:51.218748,$GPGSV,41,,46
2026-05-25T18:30:51.218748,$GPGSV,42,,44
2026-05-25T18:30:51.218748,$GPGSV,50,,39
2026-05-25T18:30:51.219545,$GPGSV,10,,24
2026-05-25T18:30:51.219545,$GPGSV,12,,27
2026-05-25T18:30:51.219545,$GPGSV,18,,41
2026-05-25T18:30:51.219545,$GPGSV,23,,39
2026-05-25T18:30:51.220291,$GPGSV,24,,21
2026-05-25T18:30:51.220291,$GPGSV,25,,28
2026-05-25T18:30:51.220291,$GPGSV,28,,34
2026-05-25T18:30:51.220291,$GPGSV,32,,27
2026-05-25T18:30:51.222084,$GLGSV,66,,28
2026-05-25T18:30:51.222084,$GLGSV,75,,33
2026-05-25T18:30:51.222084,$GLGSV,76,,43
2026-05-25T18:30:51.222084,$GLGSV,77,,36
2026-05-25T18:30:51.222598,$GLGSV,81,,31
2026-05-25T18:30:51.222598,$GLGSV,88,,45
2026-05-25T18:30:51.223335,$GLGSV,66,,26
2026-05-25T18:30:51.223335,$GLGSV,75,,29
2026-05-25T18:30:51.223335,$GLGSV,76,,42
2026-05-25T18:30:51.223335,$GLGSV,81,,35
2026-05-25T18:30:51.223755,$GLGSV,88,,42
2026-05-25T18:30:51.225095,$GAGSV,03,,26
2026-05-25T18:30:51.225095,$GAGSV,07,,39
2026-05-25T18:30:51.225095,$GAGSV,08,,40
2026-05-25T18:30:51.225095,$GAGSV,13,,42
2026-05-25T18:30:51.225709,$GAGSV,15,,42
2026-05-25T18:30:51.225709,$GAGSV,32,,39
2026-05-25T18:30:51.225709,$GAGSV,34,,33
2026-05-25T18:30:51.226445,$GAGSV,03,,27
2026-05-25T18:30:51.226445,$GAGSV,07,,40
2026-05-25T18:30:51.226445,$GAGSV,08,,43
2026-05-25T18:30:51.226445,$GAGSV,13,,42
2026-05-25T18:30:51.227076,$GAGSV,15,,43
2026-05-25T18:30:51.227076,$GAGSV,32,,40
2026-05-25T18:30:51.227076,$GAGSV,34,,36
2026-05-25T18:30:51.228348,$GBGSV,07,,44
2026-05-25T18:30:51.228348,$GBGSV,09,,40
2026-05-25T18:30:51.228348,$GBGSV,10,,43
2026-05-25T18:30:51.228348,$GBGSV,13,,44
2026-05-25T18:30:51.229051,$GBGSV,25,,45
2026-05-25T18:30:51.229051,$GBGSV,27,,29
2026-05-25T18:30:51.229051,$GBGSV,28,,41
2026-05-25T18:30:51.229051,$GBGSV,33,,41
2026-05-25T18:30:51.229947,$GBGSV,09,,39
2026-05-25T18:30:51.229947,$GBGSV,10,,40
2026-05-25T18:30:51.229947,$GBGSV,28,,08
2026-05-25T18:30:51.229947,$GBGSV,33,,08
2026-05-25T18:30:52.213490,$GPGSV,10,,31
2026-05-25T18:30:52.213490,$GPGSV,12,,29
2026-05-25T18:30:52.213490,$GPGSV,13,,35
2026-05-25T18:30:52.213490,$GPGSV,18,,42
2026-05-25T18:30:52.214246,$GPGSV,23,,42
2026-05-25T18:30:52.214246,$GPGSV,24,,28
2026-05-25T18:30:52.214246,$GPGSV,25,,38
2026-05-25T18:30:52.214246,$GPGSV,28,,39
2026-05-25T18:30:52.214881,$GPGSV,32,,35
2026-05-25T18:30:52.214881,$GPGSV,41,,46
2026-05-25T18:30:52.214881,$GPGSV,42,,44
2026-05-25T18:30:52.214881,$GPGSV,50,,37
2026-05-25T18:30:52.215514,$GPGSV,10,,24
2026-05-25T18:30:52.215514,$GPGSV,12,,27
2026-05-25T18:30:52.215514,$GPGSV,18,,41
2026-05-25T18:30:52.215514,$GPGSV,23,,39
2026-05-25T18:30:52.216119,$GPGSV,24,,21
2026-05-25T18:30:52.216119,$GPGSV,25,,27
2026-05-25T18:30:52.216119,$GPGSV,28,,34
2026-05-25T18:30:52.216119,$GPGSV,32,,27
2026-05-25T18:30:52.217545,$GLGSV,66,,28
2026-05-25T18:30:52.217545,$GLGSV,75,,33
2026-05-25T18:30:52.217545,$GLGSV,76,,43
2026-05-25T18:30:52.217545,$GLGSV,77,,36
2026-05-25T18:30:52.217968,$GLGSV,81,,30
2026-05-25T18:30:52.217968,$GLGSV,88,,45
2026-05-25T18:30:52.218552,$GLGSV,66,,26
2026-05-25T18:30:52.218552,$GLGSV,75,,29
2026-05-25T18:30:52.218552,$GLGSV,76,,42
2026-05-25T18:30:52.218552,$GLGSV,81,,35
2026-05-25T18:30:52.218892,$GLGSV,88,,42
2026-05-25T18:30:52.220011,$GAGSV,03,,26
2026-05-25T18:30:52.220011,$GAGSV,07,,39
2026-05-25T18:30:52.220011,$GAGSV,08,,40
2026-05-25T18:30:52.220011,$GAGSV,13,,42
2026-05-25T18:30:52.220526,$GAGSV,15,,42
2026-05-25T18:30:52.220526,$GAGSV,32,,39
2026-05-25T18:30:52.220526,$GAGSV,34,,33
2026-05-25T18:30:52.221110,$GAGSV,03,,27
2026-05-25T18:30:52.221110,$GAGSV,07,,40
2026-05-25T18:30:52.221110,$GAGSV,08,,43
2026-05-25T18:30:52.221110,$GAGSV,13,,42
2026-05-25T18:30:52.221614,$GAGSV,15,,43
2026-05-25T18:30:52.221614,$GAGSV,32,,40
2026-05-25T18:30:52.221614,$GAGSV,34,,36
2026-05-25T18:30:52.222668,$GBGSV,07,,44
2026-05-25T18:30:52.222668,$GBGSV,09,,40
2026-05-25T18:30:52.222668,$GBGSV,10,,43
2026-05-25T18:30:52.222668,$GBGSV,13,,44
2026-05-25T18:30:52.223307,$GBGSV,25,,45
2026-05-25T18:30:52.223307,$GBGSV,27,,29
2026-05-25T18:30:52.223307,$GBGSV,28,,41
2026-05-25T18:30:52.223307,$GBGSV,33,,41
2026-05-25T18:30:52.223905,$GBGSV,09,,39
2026-05-25T18:30:52.223905,$GBGSV,10,,40
2026-05-25T18:30:52.223905,$GBGSV,28,,07
2026-05-25T18:30:52.223905,$GBGSV,33,,08
2026-05-25T18:30:53.213715,$GPGSV,10,,31
2026-05-25T18:30:53.213715,$GPGSV,12,,28
2026-05-25T18:30:53.213715,$GPGSV,13,,35
2026-05-25T18:30:53.213715,$GPGSV,18,,42
2026-05-25T18:30:53.214424,$GPGSV,23,,42
2026-05-25T18:30:53.214424,$GPGSV,24,,28
2026-05-25T18:30:53.214424,$GPGSV,25,,38
2026-05-25T18:30:53.214424,$GPGSV,28,,39
2026-05-25T18:30:53.215126,$GPGSV,32,,35
2026-05-25T18:30:53.215126,$GPGSV,41,,46
2026-05-25T18:30:53.215126,$GPGSV,42,,44
2026-05-25T18:30:53.215126,$GPGSV,50,,37
2026-05-25T18:30:53.215805,$GPGSV,10,,24
2026-05-25T18:30:53.215805,$GPGSV,12,,27
2026-05-25T18:30:53.215805,$GPGSV,18,,41
2026-05-25T18:30:53.215805,$GPGSV,23,,39
2026-05-25T18:30:53.216462,$GPGSV,24,,21
2026-05-25T18:30:53.216462,$GPGSV,25,,27
2026-05-25T18:30:53.216462,$GPGSV,28,,34
2026-05-25T18:30:53.216462,$GPGSV,32,,27
2026-05-25T18:30:53.218011,$GLGSV,66,,28
2026-05-25T18:30:53.218011,$GLGSV,75,,33
2026-05-25T18:30:53.218011,$GLGSV,76,,43
2026-05-25T18:30:53.218011,$GLGSV,77,,36
2026-05-25T18:30:53.218466,$GLGSV,81,,30
2026-05-25T18:30:53.218466,$GLGSV,88,,45
2026-05-25T18:30:53.219114,$GLGSV,66,,26
2026-05-25T18:30:53.219114,$GLGSV,75,,29
2026-05-25T18:30:53.219114,$GLGSV,76,,42
2026-05-25T18:30:53.219114,$GLGSV,81,,36
2026-05-25T18:30:53.219491,$GLGSV,88,,42
2026-05-25T18:30:53.220657,$GAGSV,03,,26
2026-05-25T18:30:53.220657,$GAGSV,07,,39
2026-05-25T18:30:53.220657,$GAGSV,08,,40
2026-05-25T18:30:53.220657,$GAGSV,13,,42
2026-05-25T18:30:53.221183,$GAGSV,15,,42
2026-05-25T18:30:53.221183,$GAGSV,32,,39
2026-05-25T18:30:53.221183,$GAGSV,34,,33
2026-05-25T18:30:53.221791,$GAGSV,03,,27
2026-05-25T18:30:53.221791,$GAGSV,07,,40
2026-05-25T18:30:53.221791,$GAGSV,08,,43
2026-05-25T18:30:53.221791,$GAGSV,13,,42
2026-05-25T18:30:53.222317,$GAGSV,15,,43
2026-05-25T18:30:53.222317,$GAGSV,32,,40
2026-05-25T18:30:53.222317,$GAGSV,34,,36
2026-05-25T18:30:53.223480,$GBGSV,07,,44
2026-05-25T18:30:53.223480,$GBGSV,09,,40
2026-05-25T18:30:53.223480,$GBGSV,10,,43
2026-05-25T18:30:53.223480,$GBGSV,13,,43
2026-05-25T18:30:53.224097,$GBGSV,25,,45
2026-05-25T18:30:53.224097,$GBGSV,27,,30
2026-05-25T18:30:53.224097,$GBGSV,28,,41
2026-05-25T18:30:53.224097,$GBGSV,33,,41
2026-05-25T18:30:53.224538,$GBGSV,09,,39
2026-05-25T18:30:53.224538,$GBGSV,10,,40
2026-05-25T18:30:54.216803,$GPGSV,10,,31
2026-05-25T18:30:54.216803,$GPGSV,12,,28
2026-05-25T18:30:54.216803,$GPGSV,13,,35
2026-05-25T18:30:54.216803,$GPGSV,18,,42
2026-05-25T18:30:54.217654,$GPGSV,23,,43
2026-05-25T18:30:54.217654,$GPGSV,24,,28
2026-05-25T18:30:54.217654,$GPGSV,25,,38
2026-05-25T18:30:54.217654,$GPGSV,28,,39
2026-05-25T18:30:54.218435,$GPGSV,32,,35
2026-05-25T18:30:54.218435,$GPGSV,41,,46
2026-05-25T18:30:54.218435,$GPGSV,42,,44
2026-05-25T18:30:54.218435,$GPGSV,50,,38
2026-05-25T18:30:54.219217,$GPGSV,10,,24
2026-05-25T18:30:54.219217,$GPGSV,12,,27
2026-05-25T18:30:54.219217,$GPGSV,18,,41
2026-05-25T18:30:54.219217,$GPGSV,23,,39
2026-05-25T18:30:54.219966,$GPGSV,24,,21
2026-05-25T18:30:54.219966,$GPGSV,25,,28
2026-05-25T18:30:54.219966,$GPGSV,28,,34
2026-05-25T18:30:54.219966,$GPGSV,32,,27
2026-05-25T18:30:54.221769,$GLGSV,65,,20
2026-05-25T18:30:54.221769,$GLGSV,66,,28
2026-05-25T18:30:54.221769,$GLGSV,75,,33
2026-05-25T18:30:54.221769,$GLGSV,76,,43
2026-05-25T18:30:54.222409,$GLGSV,77,,36
2026-05-25T18:30:54.222409,$GLGSV,81,,30
2026-05-25T18:30:54.222409,$GLGSV,88,,45
2026-05-25T18:30:54.223174,$GLGSV,66,,26
2026-05-25T18:30:54.223174,$GLGSV,75,,29
2026-05-25T18:30:54.223174,$GLGSV,76,,42
2026-05-25T18:30:54.223174,$GLGSV,81,,36
2026-05-25T18:30:54.223607,$GLGSV,88,,42
2026-05-25T18:30:54.224916,$GAGSV,03,,26
2026-05-25T18:30:54.224916,$GAGSV,07,,39
2026-05-25T18:30:54.224916,$GAGSV,08,,40
2026-05-25T18:30:54.224916,$GAGSV,13,,42
2026-05-25T18:30:54.225554,$GAGSV,15,,42
2026-05-25T18:30:54.225554,$GAGSV,32,,39
2026-05-25T18:30:54.225554,$GAGSV,34,,33
2026-05-25T18:30:54.226291,$GAGSV,03,,27
2026-05-25T18:30:54.226291,$GAGSV,07,,40
2026-05-25T18:30:54.226291,$GAGSV,08,,43
2026-05-25T18:30:54.226291,$GAGSV,13,,42
2026-05-25T18:30:54.226926,$GAGSV,15,,43
2026-05-25T18:30:54.226926,$GAGSV,32,,40
2026-05-25T18:30:54.226926,$GAGSV,34,,36
2026-05-25T18:30:54.228231,$GBGSV,07,,44
2026-05-25T18:30:54.228231,$GBGSV,09,,40
2026-05-25T18:30:54.228231,$GBGSV,10,,43
2026-05-25T18:30:54.228231,$GBGSV,13,,43
2026-05-25T18:30:54.228943,$GBGSV,25,,45
2026-05-25T18:30:54.228943,$GBGSV,27,,30
2026-05-25T18:30:54.228943,$GBGSV,28,,41
2026-05-25T18:30:54.228943,$GBGSV,33,,41
2026-05-25T18:30:54.229469,$GBGSV,09,,39
2026-05-25T18:30:54.229469,$GBGSV,10,,40
2026-05-25T18:30:55.214747,$GPGSV,10,,32
2026-05-25T18:30:55.214747,$GPGSV,12,,27
2026-05-25T18:30:55.214747,$GPGSV,13,,35
2026-05-25T18:30:55.214747,$GPGSV,18,,41
2026-05-25T18:30:55.215523,$GPGSV,23,,43
2026-05-25T18:30:55.215523,$GPGSV,24,,28
2026-05-25T18:30:55.215523,$GPGSV,25,,38
2026-05-25T18:30:55.215523,$GPGSV,28,,39
2026-05-25T18:30:55.216242,$GPGSV,32,,35
2026-05-25T18:30:55.216242,$GPGSV,41,,46
2026-05-25T18:30:55.216242,$GPGSV,42,,44
2026-05-25T18:30:55.216242,$GPGSV,50,,38
2026-05-25T18:30:55.216959,$GPGSV,10,,23
2026-05-25T18:30:55.216959,$GPGSV,12,,27
2026-05-25T18:30:55.216959,$GPGSV,18,,41
2026-05-25T18:30:55.216959,$GPGSV,23,,39
2026-05-25T18:30:55.217671,$GPGSV,24,,22
2026-05-25T18:30:55.217671,$GPGSV,25,,27
2026-05-25T18:30:55.217671,$GPGSV,28,,34
2026-05-25T18:30:55.217671,$GPGSV,32,,27
2026-05-25T18:30:55.219446,$GLGSV,65,,20
2026-05-25T18:30:55.219446,$GLGSV,66,,28
2026-05-25T18:30:55.219446,$GLGSV,75,,33
2026-05-25T18:30:55.219446,$GLGSV,76,,43
2026-05-25T18:30:55.220052,$GLGSV,77,,36
2026-05-25T18:30:55.220052,$GLGSV,81,,30
2026-05-25T18:30:55.220052,$GLGSV,88,,45
2026-05-25T18:30:55.220762,$GLGSV,66,,24
2026-05-25T18:30:55.220762,$GLGSV,75,,29
2026-05-25T18:30:55.220762,$GLGSV,76,,42
2026-05-25T18:30:55.220762,$GLGSV,81,,36
2026-05-25T18:30:55.221155,$GLGSV,88,,42
2026-05-25T18:30:55.222402,$GAGSV,03,,25
2026-05-25T18:30:55.222402,$GAGSV,07,,39
2026-05-25T18:30:55.222402,$GAGSV,08,,40
2026-05-25T18:30:55.222402,$GAGSV,13,,42
2026-05-25T18:30:55.223015,$GAGSV,15,,42
2026-05-25T18:30:55.223015,$GAGSV,32,,39
2026-05-25T18:30:55.223015,$GAGSV,34,,33
2026-05-25T18:30:55.223752,$GAGSV,03,,27
2026-05-25T18:30:55.223752,$GAGSV,07,,40
2026-05-25T18:30:55.223752,$GAGSV,08,,43
2026-05-25T18:30:55.223752,$GAGSV,13,,42
2026-05-25T18:30:55.224367,$GAGSV,15,,43
2026-05-25T18:30:55.224367,$GAGSV,32,,40
2026-05-25T18:30:55.224367,$GAGSV,34,,36
2026-05-25T18:30:55.225627,$GBGSV,07,,44
2026-05-25T18:30:55.225627,$GBGSV,09,,40
2026-05-25T18:30:55.225627,$GBGSV,10,,43
2026-05-25T18:30:55.225627,$GBGSV,13,,43
2026-05-25T18:30:55.226312,$GBGSV,25,,45
2026-05-25T18:30:55.226312,$GBGSV,27,,31
2026-05-25T18:30:55.226312,$GBGSV,28,,41
2026-05-25T18:30:55.226312,$GBGSV,33,,41
2026-05-25T18:30:55.226815,$GBGSV,09,,39
2026-05-25T18:30:55.226815,$GBGSV,10,,40
2026-05-25T18:30:56.222329,$GPGSV,10,,31
2026-05-25T18:30:56.222329,$GPGSV,12,,27
2026-05-25T18:30:56.222329,$GPGSV,13,,35
2026-05-25T18:30:56.222329,$GPGSV,18,,41
2026-05-25T18:30:56.223344,$GPGSV,23,,43
2026-05-25T18:30:56.223344,$GPGSV,24,,28
2026-05-25T18:30:56.223344,$GPGSV,25,,38
2026-05-25T18:30:56.223344,$GPGSV,28,,39
2026-05-25T18:30:56.224521,$GPGSV,32,,35
2026-05-25T18:30:56.224521,$GPGSV,41,,46
2026-05-25T18:30:56.224521,$GPGSV,42,,44
2026-05-25T18:30:56.224521,$GPGSV,50,,38
2026-05-25T18:30:56.225704,$GPGSV,10,,23
2026-05-25T18:30:56.225704,$GPGSV,12,,27
2026-05-25T18:30:56.225704,$GPGSV,18,,41
2026-05-25T18:30:56.225704,$GPGSV,23,,39
2026-05-25T18:30:56.226870,$GPGSV,24,,22
2026-05-25T18:30:56.226870,$GPGSV,25,,27
2026-05-25T18:30:56.226870,$GPGSV,28,,34
2026-05-25T18:30:56.226870,$GPGSV,32,,27
2026-05-25T18:30:56.229966,$GLGSV,65,,21
2026-05-25T18:30:56.229966,$GLGSV,66,,28
2026-05-25T18:30:56.229966,$GLGSV,75,,33
2026-05-25T18:30:56.229966,$GLGSV,76,,43
2026-05-25T18:30:56.230963,$GLGSV,77,,36
2026-05-25T18:30:56.230963,$GLGSV,81,,29
2026-05-25T18:30:56.230963,$GLGSV,88,,45
2026-05-25T18:30:56.232152,$GLGSV,66,,24
2026-05-25T18:30:56.232152,$GLGSV,75,,30
2026-05-25T18:30:56.232152,$GLGSV,76,,42
2026-05-25T18:30:56.232152,$GLGSV,81,,37
2026-05-25T18:30:56.232822,$GLGSV,88,,42
2026-05-25T18:30:56.234844,$GAGSV,03,,25
2026-05-25T18:30:56.234844,$GAGSV,07,,39
2026-05-25T18:30:56.234844,$GAGSV,08,,40
2026-05-25T18:30:56.234844,$GAGSV,13,,42
2026-05-25T18:30:56.235953,$GAGSV,15,,42
2026-05-25T18:30:56.235953,$GAGSV,32,,39
2026-05-25T18:30:56.235953,$GAGSV,34,,33
2026-05-25T18:30:56.237125,$GAGSV,03,,27
2026-05-25T18:30:56.237125,$GAGSV,07,,40
2026-05-25T18:30:56.237125,$GAGSV,08,,43
2026-05-25T18:30:56.237125,$GAGSV,13,,42
2026-05-25T18:30:56.238132,$GAGSV,15,,43
2026-05-25T18:30:56.238132,$GAGSV,32,,40
2026-05-25T18:30:56.238132,$GAGSV,34,,36
2026-05-25T18:30:56.240227,$GBGSV,07,,44
2026-05-25T18:30:56.240227,$GBGSV,09,,40
2026-05-25T18:30:56.240227,$GBGSV,10,,43
2026-05-25T18:30:56.240227,$GBGSV,13,,43
2026-05-25T18:30:56.241393,$GBGSV,25,,45
2026-05-25T18:30:56.241393,$GBGSV,27,,31
2026-05-25T18:30:56.241393,$GBGSV,28,,41
2026-05-25T18:30:56.241393,$GBGSV,33,,41
2026-05-25T18:30:56.242224,$GBGSV,09,,38
2026-05-25T18:30:56.242224,$GBGSV,10,,40
2026-05-25T18:30:57.215257,$GPGSV,10,,31
2026-05-25T18:30:57.215257,$GPGSV,12,,26
2026-05-25T18:30:57.215257,$GPGSV,13,,35
2026-05-25T18:30:57.215257,$GPGSV,18,,41
2026-05-25T18:30:57.216026,$GPGSV,23,,43
2026-05-25T18:30:57.216026,$GPGSV,24,,28
2026-05-25T18:30:57.216026,$GPGSV,25,,38
2026-05-25T18:30:57.216026,$GPGSV,28,,39
2026-05-25T18:30:57.216786,$GPGSV,32,,34
2026-05-25T18:30:57.216786,$GPGSV,41,,46
2026-05-25T18:30:57.216786,$GPGSV,42,,44
2026-05-25T18:30:57.216786,$GPGSV,50,,38
2026-05-25T18:30:57.217506,$GPGSV,10,,23
2026-05-25T18:30:57.217506,$GPGSV,12,,27
2026-05-25T18:30:57.217506,$GPGSV,18,,41
2026-05-25T18:30:57.217506,$GPGSV,23,,39
2026-05-25T18:30:57.218216,$GPGSV,24,,22
2026-05-25T18:30:57.218216,$GPGSV,25,,27
2026-05-25T18:30:57.218216,$GPGSV,28,,34
2026-05-25T18:30:57.218216,$GPGSV,32,,26
2026-05-25T18:30:57.219988,$GLGSV,65,,21
2026-05-25T18:30:57.219988,$GLGSV,66,,28
2026-05-25T18:30:57.219988,$GLGSV,75,,33
2026-05-25T18:30:57.219988,$GLGSV,76,,43
2026-05-25T18:30:57.220603,$GLGSV,77,,37
2026-05-25T18:30:57.220603,$GLGSV,81,,30
2026-05-25T18:30:57.220603,$GLGSV,88,,45
2026-05-25T18:30:57.221306,$GLGSV,66,,23
2026-05-25T18:30:57.221306,$GLGSV,75,,30
2026-05-25T18:30:57.221306,$GLGSV,76,,42
2026-05-25T18:30:57.221306,$GLGSV,81,,36
2026-05-25T18:30:57.221714,$GLGSV,88,,42
2026-05-25T18:30:57.222961,$GAGSV,03,,26
2026-05-25T18:30:57.222961,$GAGSV,07,,39
2026-05-25T18:30:57.222961,$GAGSV,08,,40
2026-05-25T18:30:57.222961,$GAGSV,13,,42
2026-05-25T18:30:57.223596,$GAGSV,15,,42
2026-05-25T18:30:57.223596,$GAGSV,32,,39
2026-05-25T18:30:57.223596,$GAGSV,34,,33
2026-05-25T18:30:57.224332,$GAGSV,03,,27
2026-05-25T18:30:57.224332,$GAGSV,07,,40
2026-05-25T18:30:57.224332,$GAGSV,08,,43
2026-05-25T18:30:57.224332,$GAGSV,13,,42
2026-05-25T18:30:57.224951,$GAGSV,15,,43
2026-05-25T18:30:57.224951,$GAGSV,32,,40
2026-05-25T18:30:57.224951,$GAGSV,34,,36
2026-05-25T18:30:57.226209,$GBGSV,07,,44
2026-05-25T18:30:57.226209,$GBGSV,09,,40
2026-05-25T18:30:57.226209,$GBGSV,10,,43
2026-05-25T18:30:57.226209,$GBGSV,13,,43
2026-05-25T18:30:57.226986,$GBGSV,25,,45
2026-05-25T18:30:57.226986,$GBGSV,27,,31
2026-05-25T18:30:57.226986,$GBGSV,28,,41
2026-05-25T18:30:57.226986,$GBGSV,33,,41
2026-05-25T18:30:57.227506,$GBGSV,09,,38
2026-05-25T18:30:57.227506,$GBGSV,10,,40
2026-05-25T18:30:58.208836,$GPGSV,10,,31
2026-05-25T18:30:58.208836,$GPGSV,12,,26
2026-05-25T18:30:58.208836,$GPGSV,13,,34
2026-05-25T18:30:58.208836,$GPGSV,18,,40
2026-05-25T18:30:58.209608,$GPGSV,23,,41
2026-05-25T18:30:58.209608,$GPGSV,24,,27
2026-05-25T18:30:58.209608,$GPGSV,25,,37
2026-05-25T18:30:58.209608,$GPGSV,28,,38
2026-05-25T18:30:58.210356,$GPGSV,32,,32
2026-05-25T18:30:58.210356,$GPGSV,41,,45
2026-05-25T18:30:58.210356,$GPGSV,42,,43
2026-05-25T18:30:58.210356,$GPGSV,50,,37
2026-05-25T18:30:58.211111,$GPGSV,10,,24
2026-05-25T18:30:58.211111,$GPGSV,12,,27
2026-05-25T18:30:58.211111,$GPGSV,18,,41
2026-05-25T18:30:58.211111,$GPGSV,23,,40
2026-05-25T18:30:58.211865,$GPGSV,24,,22
2026-05-25T18:30:58.211865,$GPGSV,25,,27
2026-05-25T18:30:58.211865,$GPGSV,28,,34
2026-05-25T18:30:58.211865,$GPGSV,32,,27
2026-05-25T18:30:58.213607,$GLGSV,65,,20
2026-05-25T18:30:58.213607,$GLGSV,66,,27
2026-05-25T18:30:58.213607,$GLGSV,75,,32
2026-05-25T18:30:58.213607,$GLGSV,76,,41
2026-05-25T18:30:58.214232,$GLGSV,77,,36
2026-05-25T18:30:58.214232,$GLGSV,81,,30
2026-05-25T18:30:58.214232,$GLGSV,88,,43
2026-05-25T18:30:58.214939,$GLGSV,66,,24
2026-05-25T18:30:58.214939,$GLGSV,75,,30
2026-05-25T18:30:58.214939,$GLGSV,76,,42
2026-05-25T18:30:58.214939,$GLGSV,81,,36
2026-05-25T18:30:58.215370,$GLGSV,88,,42
2026-05-25T18:30:58.216634,$GAGSV,03,,26
2026-05-25T18:30:58.216634,$GAGSV,07,,39
2026-05-25T18:30:58.216634,$GAGSV,08,,39
2026-05-25T18:30:58.216634,$GAGSV,13,,42
2026-05-25T18:30:58.217242,$GAGSV,15,,42
2026-05-25T18:30:58.217242,$GAGSV,32,,39
2026-05-25T18:30:58.217242,$GAGSV,34,,33
2026-05-25T18:30:58.217951,$GAGSV,03,,27
2026-05-25T18:30:58.217951,$GAGSV,07,,39
2026-05-25T18:30:58.217951,$GAGSV,08,,42
2026-05-25T18:30:58.217951,$GAGSV,13,,41
2026-05-25T18:30:58.218561,$GAGSV,15,,43
2026-05-25T18:30:58.218561,$GAGSV,32,,39
2026-05-25T18:30:58.218561,$GAGSV,34,,34
2026-05-25T18:30:58.219876,$GBGSV,07,,44
2026-05-25T18:30:58.219876,$GBGSV,09,,39
2026-05-25T18:30:58.219876,$GBGSV,10,,43
2026-05-25T18:30:58.219876,$GBGSV,13,,43
2026-05-25T18:30:58.220604,$GBGSV,25,,44
2026-05-25T18:30:58.220604,$GBGSV,27,,31
2026-05-25T18:30:58.220604,$GBGSV,28,,40
2026-05-25T18:30:58.220604,$GBGSV,33,,41
2026-05-25T18:30:58.221134,$GBGSV,09,,38
2026-05-25T18:30:58.221134,$GBGSV,10,,40
2026-05-25T18:30:59.212711,$GPGSV,10,,31
2026-05-25T18:30:59.212711,$GPGSV,12,,26
2026-05-25T18:30:59.212711,$GPGSV,13,,34
2026-05-25T18:30:59.212711,$GPGSV,18,,41
2026-05-25T18:30:59.213480,$GPGSV,23,,42
2026-05-25T18:30:59.213480,$GPGSV,24,,27
2026-05-25T18:30:59.213480,$GPGSV,25,,37
2026-05-25T18:30:59.213480,$GPGSV,28,,38
2026-05-25T18:30:59.214228,$GPGSV,32,,33
2026-05-25T18:30:59.214228,$GPGSV,41,,45
2026-05-25T18:30:59.214228,$GPGSV,42,,44
2026-05-25T18:30:59.214228,$GPGSV,50,,37
2026-05-25T18:30:59.214952,$GPGSV,10,,24
2026-05-25T18:30:59.214952,$GPGSV,12,,27
2026-05-25T18:30:59.214952,$GPGSV,18,,41
2026-05-25T18:30:59.214952,$GPGSV,23,,40
2026-05-25T18:30:59.215687,$GPGSV,24,,22
2026-05-25T18:30:59.215687,$GPGSV,25,,27
2026-05-25T18:30:59.215687,$GPGSV,28,,34
2026-05-25T18:30:59.215687,$GPGSV,32,,27
2026-05-25T18:30:59.217406,$GLGSV,65,,19
2026-05-25T18:30:59.217406,$GLGSV,66,,26
2026-05-25T18:30:59.217406,$GLGSV,75,,32
2026-05-25T18:30:59.217406,$GLGSV,76,,41
2026-05-25T18:30:59.218015,$GLGSV,77,,36
2026-05-25T18:30:59.218015,$GLGSV,81,,30
2026-05-25T18:30:59.218015,$GLGSV,88,,44
2026-05-25T18:30:59.218724,$GLGSV,66,,23
2026-05-25T18:30:59.218724,$GLGSV,75,,30
2026-05-25T18:30:59.218724,$GLGSV,76,,42
2026-05-25T18:30:59.218724,$GLGSV,81,,36
2026-05-25T18:30:59.219147,$GLGSV,88,,42
2026-05-25T18:30:59.220367,$GAGSV,03,,25
2026-05-25T18:30:59.220367,$GAGSV,07,,39
2026-05-25T18:30:59.220367,$GAGSV,08,,39
2026-05-25T18:30:59.220367,$GAGSV,13,,42
2026-05-25T18:30:59.220953,$GAGSV,15,,42
2026-05-25T18:30:59.220953,$GAGSV,32,,39
2026-05-25T18:30:59.220953,$GAGSV,34,,33
2026-05-25T18:30:59.221636,$GAGSV,03,,27
2026-05-25T18:30:59.221636,$GAGSV,07,,39
2026-05-25T18:30:59.221636,$GAGSV,08,,43
2026-05-25T18:30:59.221636,$GAGSV,13,,42
2026-05-25T18:30:59.222237,$GAGSV,15,,43
2026-05-25T18:30:59.222237,$GAGSV,32,,40
2026-05-25T18:30:59.222237,$GAGSV,34,,35
2026-05-25T18:30:59.223481,$GBGSV,07,,44
2026-05-25T18:30:59.223481,$GBGSV,09,,40
2026-05-25T18:30:59.223481,$GBGSV,10,,43
2026-05-25T18:30:59.223481,$GBGSV,13,,43
2026-05-25T18:30:59.224182,$GBGSV,25,,44
2026-05-25T18:30:59.224182,$GBGSV,27,,32
2026-05-25T18:30:59.224182,$GBGSV,28,,41
2026-05-25T18:30:59.224182,$GBGSV,33,,41
2026-05-25T18:30:59.224675,$GBGSV,09,,38
2026-05-25T18:30:59.224675,$GBGSV,10,,40
2026-05-25T18:31:00.214667,$GPGSV,10,,31
2026-05-25T18:31:00.214667,$GPGSV,12,,26
2026-05-25T18:31:00.214667,$GPGSV,13,,35
2026-05-25T18:31:00.214667,$GPGSV,18,,41
2026-05-25T18:31:00.215420,$GPGSV,23,,43
2026-05-25T18:31:00.215420,$GPGSV,24,,28
2026-05-25T18:31:00.215420,$GPGSV,25,,38
2026-05-25T18:31:00.215420,$GPGSV,28,,38
2026-05-25T18:31:00.216158,$GPGSV,32,,34
2026-05-25T18:31:00.216158,$GPGSV,41,,46
2026-05-25T18:31:00.216158,$GPGSV,42,,44
2026-05-25T18:31:00.216158,$GPGSV,50,,38
2026-05-25T18:31:00.216876,$GPGSV,10,,24
2026-05-25T18:31:00.216876,$GPGSV,12,,27
2026-05-25T18:31:00.216876,$GPGSV,18,,41
2026-05-25T18:31:00.216876,$GPGSV,23,,39
2026-05-25T18:31:00.217591,$GPGSV,24,,22
2026-05-25T18:31:00.217591,$GPGSV,25,,27
2026-05-25T18:31:00.217591,$GPGSV,28,,34
2026-05-25T18:31:00.217591,$GPGSV,32,,26
2026-05-25T18:31:00.219239,$GLGSV,65,,20
2026-05-25T18:31:00.219239,$GLGSV,66,,26
2026-05-25T18:31:00.219239,$GLGSV,75,,33
2026-05-25T18:31:00.219239,$GLGSV,76,,41
2026-05-25T18:31:00.219826,$GLGSV,77,,36
2026-05-25T18:31:00.219826,$GLGSV,81,,31
2026-05-25T18:31:00.219826,$GLGSV,88,,44
2026-05-25T18:31:00.220507,$GLGSV,66,,22
2026-05-25T18:31:00.220507,$GLGSV,75,,30
2026-05-25T18:31:00.220507,$GLGSV,76,,42
2026-05-25T18:31:00.220507,$GLGSV,81,,36
2026-05-25T18:31:00.220897,$GLGSV,88,,42
2026-05-25T18:31:00.222103,$GAGSV,03,,25
2026-05-25T18:31:00.222103,$GAGSV,07,,39
2026-05-25T18:31:00.222103,$GAGSV,08,,39
2026-05-25T18:31:00.222103,$GAGSV,13,,42
2026-05-25T18:31:00.222701,$GAGSV,15,,42
2026-05-25T18:31:00.222701,$GAGSV,32,,39
2026-05-25T18:31:00.222701,$GAGSV,34,,32
2026-05-25T18:31:00.223425,$GAGSV,03,,27
2026-05-25T18:31:00.223425,$GAGSV,07,,39
2026-05-25T18:31:00.223425,$GAGSV,08,,43
2026-05-25T18:31:00.223425,$GAGSV,13,,42
2026-05-25T18:31:00.224019,$GAGSV,15,,43
2026-05-25T18:31:00.224019,$GAGSV,32,,39
2026-05-25T18:31:00.224019,$GAGSV,34,,35
2026-05-25T18:31:00.225280,$GBGSV,07,,44
2026-05-25T18:31:00.225280,$GBGSV,09,,40
2026-05-25T18:31:00.225280,$GBGSV,10,,43
2026-05-25T18:31:00.225280,$GBGSV,13,,43
2026-05-25T18:31:00.225971,$GBGSV,25,,44
2026-05-25T18:31:00.225971,$GBGSV,27,,32
2026-05-25T18:31:00.225971,$GBGSV,28,,41
2026-05-25T18:31:00.225971,$GBGSV,33,,41
2026-05-25T18:31:00.226456,$GBGSV,09,,38
2026-05-25T18:31:00.226456,$GBGSV,10,,40
2026-05-25T18:31:01.215226,$GPGSV,10,,31
2026-05-25T18:31:01.215226,$GPGSV,12,,26
2026-05-25T18:31:01.215226,$GPGSV,13,,35
2026-05-25T18:31:01.215226,$GPGSV,18,,41
2026-05-25T18:31:01.216180,$GPGSV,23,,43
2026-05-25T18:31:01.216180,$GPGSV,24,,28
2026-05-25T18:31:01.216180,$GPGSV,25,,38
2026-05-25T18:31:01.216180,$GPGSV,28,,38
2026-05-25T18:31:01.217098,$GPGSV,32,,33
2026-05-25T18:31:01.217098,$GPGSV,41,,46
2026-05-25T18:31:01.217098,$GPGSV,42,,44
2026-05-25T18:31:01.217098,$GPGSV,50,,38
2026-05-25T18:31:01.218015,$GPGSV,10,,23
2026-05-25T18:31:01.218015,$GPGSV,12,,27
2026-05-25T18:31:01.218015,$GPGSV,18,,41
2026-05-25T18:31:01.218015,$GPGSV,23,,39
2026-05-25T18:31:01.218922,$GPGSV,24,,22
2026-05-25T18:31:01.218922,$GPGSV,25,,28
2026-05-25T18:31:01.218922,$GPGSV,28,,34
2026-05-25T18:31:01.218922,$GPGSV,32,,26
2026-05-25T18:31:01.221188,$GLGSV,65,,20
2026-05-25T18:31:01.221188,$GLGSV,66,,27
2026-05-25T18:31:01.221188,$GLGSV,75,,33
2026-05-25T18:31:01.221188,$GLGSV,76,,41
2026-05-25T18:31:01.221973,$GLGSV,77,,35
2026-05-25T18:31:01.221973,$GLGSV,81,,31
2026-05-25T18:31:01.221973,$GLGSV,88,,44
2026-05-25T18:31:01.222895,$GLGSV,66,,22
2026-05-25T18:31:01.222895,$GLGSV,75,,30
2026-05-25T18:31:01.222895,$GLGSV,76,,42
2026-05-25T18:31:01.222895,$GLGSV,81,,36
2026-05-25T18:31:01.223450,$GLGSV,88,,42
2026-05-25T18:31:01.225093,$GAGSV,03,,25
2026-05-25T18:31:01.225093,$GAGSV,07,,39
2026-05-25T18:31:01.225093,$GAGSV,08,,39
2026-05-25T18:31:01.225093,$GAGSV,13,,42
2026-05-25T18:31:01.225884,$GAGSV,15,,42
2026-05-25T18:31:01.225884,$GAGSV,32,,39
2026-05-25T18:31:01.225884,$GAGSV,34,,32
2026-05-25T18:31:01.226795,$GAGSV,03,,27
2026-05-25T18:31:01.226795,$GAGSV,07,,39
2026-05-25T18:31:01.226795,$GAGSV,08,,43
2026-05-25T18:31:01.226795,$GAGSV,13,,42
2026-05-25T18:31:01.227692,$GAGSV,15,,43
2026-05-25T18:31:01.227692,$GAGSV,32,,39
2026-05-25T18:31:01.227692,$GAGSV,34,,35
2026-05-25T18:31:01.229403,$GBGSV,07,,43
2026-05-25T18:31:01.229403,$GBGSV,09,,39
2026-05-25T18:31:01.229403,$GBGSV,10,,43
2026-05-25T18:31:01.229403,$GBGSV,13,,43
2026-05-25T18:31:01.230486,$GBGSV,25,,44
2026-05-25T18:31:01.230486,$GBGSV,27,,31
2026-05-25T18:31:01.230486,$GBGSV,28,,40
2026-05-25T18:31:01.230486,$GBGSV,33,,41
2026-05-25T18:31:01.231236,$GBGSV,09,,38
2026-05-25T18:31:01.231236,$GBGSV,10,,40
2026-05-25T18:31:02.213672,$GPGSV,10,,32
2026-05-25T18:31:02.213672,$GPGSV,12,,26
2026-05-25T18:31:02.213672,$GPGSV,13,,36
2026-05-25T18:31:02.213672,$GPGSV,18,,41
2026-05-25T18:31:02.214419,$GPGSV,23,,43
2026-05-25T18:31:02.214419,$GPGSV,24,,28
2026-05-25T18:31:02.214419,$GPGSV,25,,38
2026-05-25T18:31:02.214419,$GPGSV,28,,39
2026-05-25T18:31:02.215155,$GPGSV,32,,34
2026-05-25T18:31:02.215155,$GPGSV,41,,46
2026-05-25T18:31:02.215155,$GPGSV,42,,44
2026-05-25T18:31:02.215155,$GPGSV,50,,38
2026-05-25T18:31:02.215879,$GPGSV,10,,23
2026-05-25T18:31:02.215879,$GPGSV,12,,26
2026-05-25T18:31:02.215879,$GPGSV,18,,41
2026-05-25T18:31:02.215879,$GPGSV,23,,39
2026-05-25T18:31:02.216585,$GPGSV,24,,22
2026-05-25T18:31:02.216585,$GPGSV,25,,27
2026-05-25T18:31:02.216585,$GPGSV,28,,34
2026-05-25T18:31:02.216585,$GPGSV,32,,26
2026-05-25T18:31:02.218244,$GLGSV,65,,21
2026-05-25T18:31:02.218244,$GLGSV,66,,27
2026-05-25T18:31:02.218244,$GLGSV,75,,33
2026-05-25T18:31:02.218244,$GLGSV,76,,42
2026-05-25T18:31:02.218835,$GLGSV,77,,35
2026-05-25T18:31:02.218835,$GLGSV,81,,31
2026-05-25T18:31:02.218835,$GLGSV,88,,44
2026-05-25T18:31:02.219530,$GLGSV,66,,23
2026-05-25T18:31:02.219530,$GLGSV,75,,29
2026-05-25T18:31:02.219530,$GLGSV,76,,42
2026-05-25T18:31:02.219530,$GLGSV,81,,36
2026-05-25T18:31:02.219923,$GLGSV,88,,42
2026-05-25T18:31:02.221125,$GAGSV,03,,26
2026-05-25T18:31:02.221125,$GAGSV,07,,39
2026-05-25T18:31:02.221125,$GAGSV,08,,39
2026-05-25T18:31:02.221125,$GAGSV,13,,42
2026-05-25T18:31:02.221710,$GAGSV,15,,42
2026-05-25T18:31:02.221710,$GAGSV,32,,39
2026-05-25T18:31:02.221710,$GAGSV,34,,33
2026-05-25T18:31:02.222388,$GAGSV,03,,26
2026-05-25T18:31:02.222388,$GAGSV,07,,39
2026-05-25T18:31:02.222388,$GAGSV,08,,43
2026-05-25T18:31:02.222388,$GAGSV,13,,42
2026-05-25T18:31:02.222969,$GAGSV,15,,43
2026-05-25T18:31:02.222969,$GAGSV,32,,39
2026-05-25T18:31:02.222969,$GAGSV,34,,35
2026-05-25T18:31:02.224212,$GBGSV,07,,43
2026-05-25T18:31:02.224212,$GBGSV,09,,40
2026-05-25T18:31:02.224212,$GBGSV,10,,43
2026-05-25T18:31:02.224212,$GBGSV,13,,43
2026-05-25T18:31:02.224922,$GBGSV,25,,44
2026-05-25T18:31:02.224922,$GBGSV,27,,31
2026-05-25T18:31:02.224922,$GBGSV,28,,41
2026-05-25T18:31:02.224922,$GBGSV,33,,41
2026-05-25T18:31:02.225414,$GBGSV,09,,38
2026-05-25T18:31:02.225414,$GBGSV,10,,40
2026-05-25T18:31:03.215429,$GPGSV,10,,32
2026-05-25T18:31:03.215429,$GPGSV,12,,24
2026-05-25T18:31:03.215429,$GPGSV,13,,36
2026-05-25T18:31:03.215429,$GPGSV,18,,41
2026-05-25T18:31:03.216185,$GPGSV,23,,43
2026-05-25T18:31:03.216185,$GPGSV,24,,28
2026-05-25T18:31:03.216185,$GPGSV,25,,38
2026-05-25T18:31:03.216185,$GPGSV,28,,38
2026-05-25T18:31:03.216868,$GPGSV,32,,33
2026-05-25T18:31:03.216868,$GPGSV,41,,46
2026-05-25T18:31:03.216868,$GPGSV,42,,44
2026-05-25T18:31:03.216868,$GPGSV,50,,38
2026-05-25T18:31:03.217558,$GPGSV,10,,22
2026-05-25T18:31:03.217558,$GPGSV,12,,26
2026-05-25T18:31:03.217558,$GPGSV,18,,41
2026-05-25T18:31:03.217558,$GPGSV,23,,39
2026-05-25T18:31:03.218240,$GPGSV,24,,21
2026-05-25T18:31:03.218240,$GPGSV,25,,27
2026-05-25T18:31:03.218240,$GPGSV,28,,34
2026-05-25T18:31:03.218240,$GPGSV,32,,26
2026-05-25T18:31:03.219898,$GLGSV,65,,21
2026-05-25T18:31:03.219898,$GLGSV,66,,27
2026-05-25T18:31:03.219898,$GLGSV,75,,33
2026-05-25T18:31:03.219898,$GLGSV,76,,42
2026-05-25T18:31:03.220481,$GLGSV,77,,35
2026-05-25T18:31:03.220481,$GLGSV,81,,31
2026-05-25T18:31:03.220481,$GLGSV,88,,44
2026-05-25T18:31:03.221158,$GLGSV,66,,23
2026-05-25T18:31:03.221158,$GLGSV,75,,29
2026-05-25T18:31:03.221158,$GLGSV,76,,42
2026-05-25T18:31:03.221158,$GLGSV,81,,36
2026-05-25T18:31:03.221542,$GLGSV,88,,42
2026-05-25T18:31:03.222746,$GAGSV,03,,25
2026-05-25T18:31:03.222746,$GAGSV,07,,39
2026-05-25T18:31:03.222746,$GAGSV,08,,39
2026-05-25T18:31:03.222746,$GAGSV,13,,42
2026-05-25T18:31:03.223353,$GAGSV,15,,42
2026-05-25T18:31:03.223353,$GAGSV,32,,39
2026-05-25T18:31:03.223353,$GAGSV,34,,33
2026-05-25T18:31:03.224036,$GAGSV,03,,27
2026-05-25T18:31:03.224036,$GAGSV,07,,39
2026-05-25T18:31:03.224036,$GAGSV,08,,43
2026-05-25T18:31:03.224036,$GAGSV,13,,42
2026-05-25T18:31:03.224614,$GAGSV,15,,43
2026-05-25T18:31:03.224614,$GAGSV,32,,39
2026-05-25T18:31:03.224614,$GAGSV,34,,35
2026-05-25T18:31:03.225840,$GBGSV,07,,43
2026-05-25T18:31:03.225840,$GBGSV,09,,39
2026-05-25T18:31:03.225840,$GBGSV,10,,43
2026-05-25T18:31:03.225840,$GBGSV,13,,43
2026-05-25T18:31:03.226521,$GBGSV,25,,44
2026-05-25T18:31:03.226521,$GBGSV,27,,31
2026-05-25T18:31:03.226521,$GBGSV,28,,41
2026-05-25T18:31:03.226521,$GBGSV,33,,41
2026-05-25T18:31:03.227007,$GBGSV,09,,38
2026-05-25T18:31:03.227007,$GBGSV,10,,40
2026-05-25T18:31:04.214664,$GPGSV,10,,32
2026-05-25T18:31:04.214664,$GPGSV,12,,24
2026-05-25T18:31:04.214664,$GPGSV,13,,36
2026-05-25T18:31:04.214664,$GPGSV,18,,41
2026-05-25T18:31:04.215489,$GPGSV,23,,43
2026-05-25T18:31:04.215489,$GPGSV,24,,28
2026-05-25T18:31:04.215489,$GPGSV,25,,38
2026-05-25T18:31:04.215489,$GPGSV,28,,38
2026-05-25T18:31:04.216261,$GPGSV,32,,33
2026-05-25T18:31:04.216261,$GPGSV,41,,46
2026-05-25T18:31:04.216261,$GPGSV,42,,44
2026-05-25T18:31:04.216261,$GPGSV,50,,38
2026-05-25T18:31:04.216979,$GPGSV,10,,23
2026-05-25T18:31:04.216979,$GPGSV,12,,27
2026-05-25T18:31:04.216979,$GPGSV,18,,41
2026-05-25T18:31:04.216979,$GPGSV,23,,39
2026-05-25T18:31:04.217688,$GPGSV,24,,22
2026-05-25T18:31:04.217688,$GPGSV,25,,27
2026-05-25T18:31:04.217688,$GPGSV,28,,34
2026-05-25T18:31:04.217688,$GPGSV,32,,26
2026-05-25T18:31:04.219412,$GLGSV,65,,21
2026-05-25T18:31:04.219412,$GLGSV,66,,27
2026-05-25T18:31:04.219412,$GLGSV,75,,33
2026-05-25T18:31:04.219412,$GLGSV,76,,42
2026-05-25T18:31:04.220018,$GLGSV,77,,36
2026-05-25T18:31:04.220018,$GLGSV,81,,31
2026-05-25T18:31:04.220018,$GLGSV,88,,44
2026-05-25T18:31:04.220732,$GLGSV,66,,23
2026-05-25T18:31:04.220732,$GLGSV,75,,29
2026-05-25T18:31:04.220732,$GLGSV,76,,42
2026-05-25T18:31:04.220732,$GLGSV,81,,35
2026-05-25T18:31:04.221134,$GLGSV,88,,42
2026-05-25T18:31:04.222375,$GAGSV,03,,25
2026-05-25T18:31:04.222375,$GAGSV,07,,39
2026-05-25T18:31:04.222375,$GAGSV,08,,39
2026-05-25T18:31:04.222375,$GAGSV,13,,42
2026-05-25T18:31:04.222998,$GAGSV,15,,42
2026-05-25T18:31:04.222998,$GAGSV,32,,39
2026-05-25T18:31:04.222998,$GAGSV,34,,33
2026-05-25T18:31:04.223689,$GAGSV,03,,27
2026-05-25T18:31:04.223689,$GAGSV,07,,39
2026-05-25T18:31:04.223689,$GAGSV,08,,43
2026-05-25T18:31:04.223689,$GAGSV,13,,42
2026-05-25T18:31:04.224298,$GAGSV,15,,43
2026-05-25T18:31:04.224298,$GAGSV,32,,39
2026-05-25T18:31:04.224298,$GAGSV,34,,35
2026-05-25T18:31:04.225531,$GBGSV,07,,43
2026-05-25T18:31:04.225531,$GBGSV,09,,39
2026-05-25T18:31:04.225531,$GBGSV,10,,43
2026-05-25T18:31:04.225531,$GBGSV,13,,43
2026-05-25T18:31:04.226218,$GBGSV,25,,44
2026-05-25T18:31:04.226218,$GBGSV,27,,31
2026-05-25T18:31:04.226218,$GBGSV,28,,41
2026-05-25T18:31:04.226218,$GBGSV,33,,41
2026-05-25T18:31:04.226848,$GBGSV,09,,38
2026-05-25T18:31:04.226848,$GBGSV,10,,40
2026-05-25T18:31:05.213115,$GPGSV,10,,32
2026-05-25T18:31:05.213115,$GPGSV,12,,23
2026-05-25T18:31:05.213115,$GPGSV,13,,36
2026-05-25T18:31:05.213115,$GPGSV,18,,41
2026-05-25T18:31:05.213969,$GPGSV,23,,43
2026-05-25T18:31:05.213969,$GPGSV,24,,28
2026-05-25T18:31:05.213969,$GPGSV,25,,38
2026-05-25T18:31:05.213969,$GPGSV,28,,38
2026-05-25T18:31:05.214784,$GPGSV,32,,33
2026-05-25T18:31:05.214784,$GPGSV,41,,45
2026-05-25T18:31:05.214784,$GPGSV,42,,44
2026-05-25T18:31:05.214784,$GPGSV,50,,38
2026-05-25T18:31:05.215585,$GPGSV,10,,23
2026-05-25T18:31:05.215585,$GPGSV,12,,27
2026-05-25T18:31:05.215585,$GPGSV,18,,41
2026-05-25T18:31:05.215585,$GPGSV,23,,39
2026-05-25T18:31:05.216371,$GPGSV,24,,22
2026-05-25T18:31:05.216371,$GPGSV,25,,27
2026-05-25T18:31:05.216371,$GPGSV,28,,35
2026-05-25T18:31:05.216371,$GPGSV,32,,25
2026-05-25T18:31:05.218186,$GLGSV,65,,20
2026-05-25T18:31:05.218186,$GLGSV,75,,34
2026-05-25T18:31:05.218186,$GLGSV,76,,42
2026-05-25T18:31:05.218186,$GLGSV,77,,36
2026-05-25T18:31:05.219039,$GLGSV,81,,31
2026-05-25T18:31:05.219039,$GLGSV,88,,44
2026-05-25T18:31:05.220312,$GLGSV,66,,21
2026-05-25T18:31:05.220312,$GLGSV,75,,28
2026-05-25T18:31:05.220312,$GLGSV,76,,42
2026-05-25T18:31:05.220312,$GLGSV,81,,36
2026-05-25T18:31:05.220767,$GLGSV,88,,42
2026-05-25T18:31:05.222039,$GAGSV,03,,26
2026-05-25T18:31:05.222039,$GAGSV,07,,39
2026-05-25T18:31:05.222039,$GAGSV,08,,39
2026-05-25T18:31:05.222039,$GAGSV,13,,42
2026-05-25T18:31:05.223016,$GAGSV,15,,42
2026-05-25T18:31:05.223016,$GAGSV,32,,39
2026-05-25T18:31:05.223016,$GAGSV,34,,33
2026-05-25T18:31:05.224297,$GAGSV,03,,26
2026-05-25T18:31:05.224297,$GAGSV,07,,39
2026-05-25T18:31:05.224297,$GAGSV,08,,42
2026-05-25T18:31:05.224297,$GAGSV,13,,42
2026-05-25T18:31:05.225369,$GAGSV,15,,43
2026-05-25T18:31:05.225369,$GAGSV,32,,39
2026-05-25T18:31:05.225369,$GAGSV,34,,36
2026-05-25T18:31:05.227339,$GBGSV,07,,43
2026-05-25T18:31:05.227339,$GBGSV,09,,39
2026-05-25T18:31:05.227339,$GBGSV,10,,43
2026-05-25T18:31:05.227339,$GBGSV,13,,43
2026-05-25T18:31:05.228076,$GBGSV,25,,44
2026-05-25T18:31:05.228076,$GBGSV,27,,31
2026-05-25T18:31:05.228076,$GBGSV,28,,41
2026-05-25T18:31:05.228076,$GBGSV,33,,41
2026-05-25T18:31:05.228566,$GBGSV,09,,39
2026-05-25T18:31:05.228566,$GBGSV,10,,40
2026-05-25T18:31:06.213830,$GPGSV,10,,33
2026-05-25T18:31:06.213830,$GPGSV,13,,36
2026-05-25T18:31:06.213830,$GPGSV,18,,41
2026-05-25T18:31:06.213830,$GPGSV,23,,43
2026-05-25T18:31:06.214631,$GPGSV,24,,27
2026-05-25T18:31:06.214631,$GPGSV,25,,38
2026-05-25T18:31:06.214631,$GPGSV,28,,39
2026-05-25T18:31:06.214631,$GPGSV,32,,33
2026-05-25T18:31:06.215301,$GPGSV,41,,45
2026-05-25T18:31:06.215301,$GPGSV,42,,44
2026-05-25T18:31:06.215301,$GPGSV,50,,38
2026-05-25T18:31:06.216062,$GPGSV,10,,23
2026-05-25T18:31:06.216062,$GPGSV,12,,27
2026-05-25T18:31:06.216062,$GPGSV,18,,41
2026-05-25T18:31:06.216062,$GPGSV,23,,39
2026-05-25T18:31:06.216780,$GPGSV,24,,22
2026-05-25T18:31:06.216780,$GPGSV,25,,27
2026-05-25T18:31:06.216780,$GPGSV,28,,35
2026-05-25T18:31:06.216780,$GPGSV,32,,25
2026-05-25T18:31:06.218490,$GLGSV,65,,19
2026-05-25T18:31:06.218490,$GLGSV,75,,33
2026-05-25T18:31:06.218490,$GLGSV,76,,42
2026-05-25T18:31:06.218490,$GLGSV,77,,36
2026-05-25T18:31:06.219041,$GLGSV,81,,31
2026-05-25T18:31:06.219041,$GLGSV,88,,44
2026-05-25T18:31:06.220214,$GLGSV,66,,20
2026-05-25T18:31:06.220214,$GLGSV,75,,28
2026-05-25T18:31:06.220214,$GLGSV,76,,41
2026-05-25T18:31:06.220214,$GLGSV,81,,36
2026-05-25T18:31:06.220937,$GLGSV,88,,42
2026-05-25T18:31:06.222367,$GAGSV,03,,26
2026-05-25T18:31:06.222367,$GAGSV,07,,39
2026-05-25T18:31:06.222367,$GAGSV,08,,39
2026-05-25T18:31:06.222367,$GAGSV,13,,42
2026-05-25T18:31:06.223020,$GAGSV,15,,42
2026-05-25T18:31:06.223020,$GAGSV,32,,39
2026-05-25T18:31:06.223020,$GAGSV,34,,33
2026-05-25T18:31:06.223896,$GAGSV,03,,26
2026-05-25T18:31:06.223896,$GAGSV,07,,39
2026-05-25T18:31:06.223896,$GAGSV,08,,42
2026-05-25T18:31:06.223896,$GAGSV,13,,42
2026-05-25T18:31:06.224525,$GAGSV,15,,43
2026-05-25T18:31:06.224525,$GAGSV,32,,39
2026-05-25T18:31:06.224525,$GAGSV,34,,36
2026-05-25T18:31:06.225756,$GBGSV,07,,43
2026-05-25T18:31:06.225756,$GBGSV,09,,39
2026-05-25T18:31:06.225756,$GBGSV,10,,43
2026-05-25T18:31:06.225756,$GBGSV,13,,43
2026-05-25T18:31:06.226494,$GBGSV,25,,44
2026-05-25T18:31:06.226494,$GBGSV,27,,31
2026-05-25T18:31:06.226494,$GBGSV,28,,41
2026-05-25T18:31:06.226494,$GBGSV,33,,41
2026-05-25T18:31:06.226987,$GBGSV,09,,39
2026-05-25T18:31:06.226987,$GBGSV,10,,40
2026-05-25T18:31:07.209213,$GPGSV,10,,34
2026-05-25T18:31:07.209213,$GPGSV,12,,26
2026-05-25T18:31:07.209213,$GPGSV,13,,36
2026-05-25T18:31:07.209213,$GPGSV,18,,41
2026-05-25T18:31:07.209964,$GPGSV,23,,43
2026-05-25T18:31:07.209964,$GPGSV,24,,27
2026-05-25T18:31:07.209964,$GPGSV,25,,38
2026-05-25T18:31:07.209964,$GPGSV,28,,39
2026-05-25T18:31:07.210687,$GPGSV,32,,33
2026-05-25T18:31:07.210687,$GPGSV,41,,45
2026-05-25T18:31:07.210687,$GPGSV,42,,44
2026-05-25T18:31:07.210687,$GPGSV,50,,38
2026-05-25T18:31:07.211438,$GPGSV,10,,24
2026-05-25T18:31:07.211438,$GPGSV,12,,27
2026-05-25T18:31:07.211438,$GPGSV,18,,40
2026-05-25T18:31:07.211438,$GPGSV,23,,40
2026-05-25T18:31:07.212157,$GPGSV,24,,22
2026-05-25T18:31:07.212157,$GPGSV,25,,27
2026-05-25T18:31:07.212157,$GPGSV,28,,35
2026-05-25T18:31:07.212157,$GPGSV,32,,25
2026-05-25T18:31:07.213799,$GLGSV,65,,19
2026-05-25T18:31:07.213799,$GLGSV,75,,33
2026-05-25T18:31:07.213799,$GLGSV,76,,42
2026-05-25T18:31:07.213799,$GLGSV,77,,35
2026-05-25T18:31:07.214287,$GLGSV,81,,32
2026-05-25T18:31:07.214287,$GLGSV,88,,44
2026-05-25T18:31:07.215286,$GLGSV,66,,20
2026-05-25T18:31:07.215286,$GLGSV,75,,28
2026-05-25T18:31:07.215286,$GLGSV,76,,41
2026-05-25T18:31:07.215286,$GLGSV,81,,36
2026-05-25T18:31:07.215960,$GLGSV,88,,41
2026-05-25T18:31:07.217513,$GAGSV,03,,26
2026-05-25T18:31:07.217513,$GAGSV,07,,39
2026-05-25T18:31:07.217513,$GAGSV,08,,40
2026-05-25T18:31:07.217513,$GAGSV,13,,42
2026-05-25T18:31:07.218108,$GAGSV,15,,42
2026-05-25T18:31:07.218108,$GAGSV,32,,39
2026-05-25T18:31:07.218108,$GAGSV,34,,33
2026-05-25T18:31:07.219141,$GAGSV,03,,27
2026-05-25T18:31:07.219141,$GAGSV,07,,39
2026-05-25T18:31:07.219141,$GAGSV,08,,42
2026-05-25T18:31:07.219141,$GAGSV,13,,42
2026-05-25T18:31:07.220180,$GAGSV,15,,43
2026-05-25T18:31:07.220180,$GAGSV,32,,39
2026-05-25T18:31:07.220180,$GAGSV,34,,35
2026-05-25T18:31:07.222337,$GBGSV,07,,43
2026-05-25T18:31:07.222337,$GBGSV,09,,39
2026-05-25T18:31:07.222337,$GBGSV,10,,43
2026-05-25T18:31:07.222337,$GBGSV,13,,43
2026-05-25T18:31:07.223263,$GBGSV,25,,44
2026-05-25T18:31:07.223263,$GBGSV,27,,31
2026-05-25T18:31:07.223263,$GBGSV,28,,41
2026-05-25T18:31:07.223263,$GBGSV,33,,41
2026-05-25T18:31:07.223766,$GBGSV,09,,38
2026-05-25T18:31:07.223766,$GBGSV,10,,40
2026-05-25T18:31:08.213043,$GPGSV,10,,34
2026-05-25T18:31:08.213043,$GPGSV,12,,25
2026-05-25T18:31:08.213043,$GPGSV,13,,36
2026-05-25T18:31:08.213043,$GPGSV,18,,41
2026-05-25T18:31:08.213757,$GPGSV,23,,43
2026-05-25T18:31:08.213757,$GPGSV,24,,27
2026-05-25T18:31:08.213757,$GPGSV,25,,38
2026-05-25T18:31:08.213757,$GPGSV,28,,39
2026-05-25T18:31:08.214452,$GPGSV,32,,32
2026-05-25T18:31:08.214452,$GPGSV,41,,45
2026-05-25T18:31:08.214452,$GPGSV,42,,44
2026-05-25T18:31:08.214452,$GPGSV,50,,38
2026-05-25T18:31:08.215154,$GPGSV,10,,25
2026-05-25T18:31:08.215154,$GPGSV,12,,27
2026-05-25T18:31:08.215154,$GPGSV,18,,40
2026-05-25T18:31:08.215154,$GPGSV,23,,40
2026-05-25T18:31:08.215847,$GPGSV,24,,22
2026-05-25T18:31:08.215847,$GPGSV,25,,27
2026-05-25T18:31:08.215847,$GPGSV,28,,35
2026-05-25T18:31:08.215847,$GPGSV,32,,25
2026-05-25T18:31:08.217505,$GLGSV,65,,19
2026-05-25T18:31:08.217505,$GLGSV,75,,32
2026-05-25T18:31:08.217505,$GLGSV,76,,42
2026-05-25T18:31:08.217505,$GLGSV,77,,35
2026-05-25T18:31:08.217999,$GLGSV,81,,32
2026-05-25T18:31:08.217999,$GLGSV,88,,44
2026-05-25T18:31:08.218682,$GLGSV,66,,20
2026-05-25T18:31:08.218682,$GLGSV,75,,28
2026-05-25T18:31:08.218682,$GLGSV,76,,41
2026-05-25T18:31:08.218682,$GLGSV,81,,37
2026-05-25T18:31:08.219085,$GLGSV,88,,41
2026-05-25T18:31:08.220297,$GAGSV,03,,25
2026-05-25T18:31:08.220297,$GAGSV,07,,39
2026-05-25T18:31:08.220297,$GAGSV,08,,39
2026-05-25T18:31:08.220297,$GAGSV,13,,41
2026-05-25T18:31:08.220864,$GAGSV,15,,41
2026-05-25T18:31:08.220864,$GAGSV,32,,38
2026-05-25T18:31:08.220864,$GAGSV,34,,32
2026-05-25T18:31:08.221522,$GAGSV,03,,27
2026-05-25T18:31:08.221522,$GAGSV,07,,39
2026-05-25T18:31:08.221522,$GAGSV,08,,43
2026-05-25T18:31:08.221522,$GAGSV,13,,42
2026-05-25T18:31:08.222083,$GAGSV,15,,43
2026-05-25T18:31:08.222083,$GAGSV,32,,39
2026-05-25T18:31:08.222083,$GAGSV,34,,35
2026-05-25T18:31:08.223332,$GBGSV,07,,43
2026-05-25T18:31:08.223332,$GBGSV,09,,39
2026-05-25T18:31:08.223332,$GBGSV,10,,43
2026-05-25T18:31:08.223332,$GBGSV,13,,42
2026-05-25T18:31:08.223996,$GBGSV,25,,44
2026-05-25T18:31:08.223996,$GBGSV,27,,31
2026-05-25T18:31:08.223996,$GBGSV,28,,41
2026-05-25T18:31:08.223996,$GBGSV,33,,41
2026-05-25T18:31:08.224465,$GBGSV,09,,38
2026-05-25T18:31:08.224465,$GBGSV,10,,39
2026-05-25T18:31:09.213615,$GPGSV,10,,34
2026-05-25T18:31:09.213615,$GPGSV,12,,25
2026-05-25T18:31:09.213615,$GPGSV,13,,37
2026-05-25T18:31:09.213615,$GPGSV,18,,41
2026-05-25T18:31:09.214418,$GPGSV,23,,43
2026-05-25T18:31:09.214418,$GPGSV,24,,26
2026-05-25T18:31:09.214418,$GPGSV,25,,38
2026-05-25T18:31:09.214418,$GPGSV,28,,39
2026-05-25T18:31:09.215178,$GPGSV,32,,32
2026-05-25T18:31:09.215178,$GPGSV,41,,45
2026-05-25T18:31:09.215178,$GPGSV,42,,44
2026-05-25T18:31:09.215178,$GPGSV,50,,39
2026-05-25T18:31:09.215893,$GPGSV,10,,25
2026-05-25T18:31:09.215893,$GPGSV,12,,27
2026-05-25T18:31:09.215893,$GPGSV,18,,40
2026-05-25T18:31:09.215893,$GPGSV,23,,40
2026-05-25T18:31:09.216606,$GPGSV,24,,22
2026-05-25T18:31:09.216606,$GPGSV,25,,26
2026-05-25T18:31:09.216606,$GPGSV,28,,35
2026-05-25T18:31:09.216606,$GPGSV,32,,25
2026-05-25T18:31:09.218317,$GLGSV,65,,18
2026-05-25T18:31:09.218317,$GLGSV,75,,32
2026-05-25T18:31:09.218317,$GLGSV,76,,43
2026-05-25T18:31:09.218317,$GLGSV,77,,35
2026-05-25T18:31:09.218823,$GLGSV,81,,32
2026-05-25T18:31:09.218823,$GLGSV,88,,44
2026-05-25T18:31:09.219543,$GLGSV,66,,20
2026-05-25T18:31:09.219543,$GLGSV,75,,28
2026-05-25T18:31:09.219543,$GLGSV,76,,41
2026-05-25T18:31:09.219543,$GLGSV,81,,37
2026-05-25T18:31:09.219951,$GLGSV,88,,41
2026-05-25T18:31:09.221210,$GAGSV,03,,25
2026-05-25T18:31:09.221210,$GAGSV,07,,39
2026-05-25T18:31:09.221210,$GAGSV,08,,39
2026-05-25T18:31:09.221210,$GAGSV,13,,42
2026-05-25T18:31:09.221823,$GAGSV,15,,41
2026-05-25T18:31:09.221823,$GAGSV,32,,38
2026-05-25T18:31:09.221823,$GAGSV,34,,32
2026-05-25T18:31:09.222533,$GAGSV,03,,27
2026-05-25T18:31:09.222533,$GAGSV,07,,39
2026-05-25T18:31:09.222533,$GAGSV,08,,42
2026-05-25T18:31:09.222533,$GAGSV,13,,42
2026-05-25T18:31:09.223173,$GAGSV,15,,43
2026-05-25T18:31:09.223173,$GAGSV,32,,39
2026-05-25T18:31:09.223173,$GAGSV,34,,36
2026-05-25T18:31:09.224412,$GBGSV,07,,43
2026-05-25T18:31:09.224412,$GBGSV,09,,39
2026-05-25T18:31:09.224412,$GBGSV,10,,43
2026-05-25T18:31:09.224412,$GBGSV,13,,42
2026-05-25T18:31:09.225123,$GBGSV,25,,44
2026-05-25T18:31:09.225123,$GBGSV,27,,31
2026-05-25T18:31:09.225123,$GBGSV,28,,41
2026-05-25T18:31:09.225123,$GBGSV,33,,41
2026-05-25T18:31:09.225627,$GBGSV,09,,38
2026-05-25T18:31:09.225627,$GBGSV,10,,39
2026-05-25T18:31:10.211149,$GPGSV,10,,34
2026-05-25T18:31:10.211149,$GPGSV,13,,37
2026-05-25T18:31:10.211149,$GPGSV,18,,41
2026-05-25T18:31:10.211149,$GPGSV,23,,43
2026-05-25T18:31:10.211932,$GPGSV,24,,25
2026-05-25T18:31:10.211932,$GPGSV,25,,38
2026-05-25T18:31:10.211932,$GPGSV,28,,39
2026-05-25T18:31:10.211932,$GPGSV,32,,32
2026-05-25T18:31:10.212555,$GPGSV,41,,45
2026-05-25T18:31:10.212555,$GPGSV,42,,44
2026-05-25T18:31:10.212555,$GPGSV,50,,38
2026-05-25T18:31:10.213267,$GPGSV,10,,25
2026-05-25T18:31:10.213267,$GPGSV,12,,27
2026-05-25T18:31:10.213267,$GPGSV,18,,40
2026-05-25T18:31:10.213267,$GPGSV,23,,40
2026-05-25T18:31:10.213958,$GPGSV,24,,22
2026-05-25T18:31:10.213958,$GPGSV,25,,27
2026-05-25T18:31:10.213958,$GPGSV,28,,35
2026-05-25T18:31:10.213958,$GPGSV,32,,25
2026-05-25T18:31:10.215648,$GLGSV,65,,18
2026-05-25T18:31:10.215648,$GLGSV,75,,32
2026-05-25T18:31:10.215648,$GLGSV,76,,43
2026-05-25T18:31:10.215648,$GLGSV,77,,36
2026-05-25T18:31:10.216140,$GLGSV,81,,32
2026-05-25T18:31:10.216140,$GLGSV,88,,44
2026-05-25T18:31:10.216824,$GLGSV,66,,21
2026-05-25T18:31:10.216824,$GLGSV,75,,28
2026-05-25T18:31:10.216824,$GLGSV,76,,41
2026-05-25T18:31:10.216824,$GLGSV,81,,37
2026-05-25T18:31:10.217217,$GLGSV,88,,41
2026-05-25T18:31:10.218421,$GAGSV,03,,25
2026-05-25T18:31:10.218421,$GAGSV,07,,39
2026-05-25T18:31:10.218421,$GAGSV,08,,39
2026-05-25T18:31:10.218421,$GAGSV,13,,42
2026-05-25T18:31:10.219018,$GAGSV,15,,42
2026-05-25T18:31:10.219018,$GAGSV,32,,38
2026-05-25T18:31:10.219018,$GAGSV,34,,32
2026-05-25T18:31:10.219715,$GAGSV,03,,27
2026-05-25T18:31:10.219715,$GAGSV,07,,39
2026-05-25T18:31:10.219715,$GAGSV,08,,42
2026-05-25T18:31:10.219715,$GAGSV,13,,42
2026-05-25T18:31:10.220320,$GAGSV,15,,43
2026-05-25T18:31:10.220320,$GAGSV,32,,40
2026-05-25T18:31:10.220320,$GAGSV,34,,36
2026-05-25T18:31:10.221566,$GBGSV,07,,43
2026-05-25T18:31:10.221566,$GBGSV,09,,39
2026-05-25T18:31:10.221566,$GBGSV,10,,43
2026-05-25T18:31:10.221566,$GBGSV,13,,43
2026-05-25T18:31:10.222255,$GBGSV,25,,44
2026-05-25T18:31:10.222255,$GBGSV,27,,30
2026-05-25T18:31:10.222255,$GBGSV,28,,41
2026-05-25T18:31:10.222255,$GBGSV,33,,41
2026-05-25T18:31:10.222750,$GBGSV,09,,38
2026-05-25T18:31:10.222750,$GBGSV,10,,40
2026-05-25T18:31:11.210764,$GPGSV,10,,34
2026-05-25T18:31:11.210764,$GPGSV,13,,37
2026-05-25T18:31:11.210764,$GPGSV,18,,40
2026-05-25T18:31:11.210764,$GPGSV,23,,43
2026-05-25T18:31:11.211484,$GPGSV,24,,25
2026-05-25T18:31:11.211484,$GPGSV,25,,38
2026-05-25T18:31:11.211484,$GPGSV,28,,39
2026-05-25T18:31:11.211484,$GPGSV,32,,31
2026-05-25T18:31:11.212607,$GPGSV,41,,45
2026-05-25T18:31:11.212607,$GPGSV,42,,44
2026-05-25T18:31:11.212607,$GPGSV,50,,38
2026-05-25T18:31:11.213419,$GPGSV,10,,25
2026-05-25T18:31:11.213419,$GPGSV,12,,27
2026-05-25T18:31:11.213419,$GPGSV,18,,41
2026-05-25T18:31:11.213419,$GPGSV,23,,40
2026-05-25T18:31:11.214212,$GPGSV,24,,23
2026-05-25T18:31:11.214212,$GPGSV,25,,27
2026-05-25T18:31:11.214212,$GPGSV,28,,35
2026-05-25T18:31:11.214212,$GPGSV,32,,24
2026-05-25T18:31:11.216118,$GLGSV,65,,18
2026-05-25T18:31:11.216118,$GLGSV,75,,32
2026-05-25T18:31:11.216118,$GLGSV,76,,43
2026-05-25T18:31:11.216118,$GLGSV,77,,36
2026-05-25T18:31:11.216678,$GLGSV,81,,33
2026-05-25T18:31:11.216678,$GLGSV,88,,44
2026-05-25T18:31:11.217464,$GLGSV,66,,21
2026-05-25T18:31:11.217464,$GLGSV,75,,28
2026-05-25T18:31:11.217464,$GLGSV,76,,41
2026-05-25T18:31:11.217464,$GLGSV,81,,37
2026-05-25T18:31:11.217913,$GLGSV,88,,41
2026-05-25T18:31:11.219298,$GAGSV,03,,26
2026-05-25T18:31:11.219298,$GAGSV,07,,40
2026-05-25T18:31:11.219298,$GAGSV,08,,40
2026-05-25T18:31:11.219298,$GAGSV,13,,42
2026-05-25T18:31:11.219968,$GAGSV,15,,42
2026-05-25T18:31:11.219968,$GAGSV,32,,39
2026-05-25T18:31:11.219968,$GAGSV,34,,33
2026-05-25T18:31:11.220750,$GAGSV,03,,27
2026-05-25T18:31:11.220750,$GAGSV,07,,39
2026-05-25T18:31:11.220750,$GAGSV,08,,42
2026-05-25T18:31:11.220750,$GAGSV,13,,42
2026-05-25T18:31:11.221445,$GAGSV,15,,43
2026-05-25T18:31:11.221445,$GAGSV,32,,40
2026-05-25T18:31:11.221445,$GAGSV,34,,36
2026-05-25T18:31:11.222836,$GBGSV,07,,43
2026-05-25T18:31:11.222836,$GBGSV,09,,39
2026-05-25T18:31:11.222836,$GBGSV,10,,43
2026-05-25T18:31:11.222836,$GBGSV,13,,43
2026-05-25T18:31:11.223670,$GBGSV,25,,44
2026-05-25T18:31:11.223670,$GBGSV,27,,30
2026-05-25T18:31:11.223670,$GBGSV,28,,41
2026-05-25T18:31:11.223670,$GBGSV,33,,41
2026-05-25T18:31:11.224245,$GBGSV,09,,38
2026-05-25T18:31:11.224245,$GBGSV,10,,40
2026-05-25T18:31:12.212560,$GPGSV,10,,34
2026-05-25T18:31:12.212560,$GPGSV,13,,36
2026-05-25T18:31:12.212560,$GPGSV,18,,40
2026-05-25T18:31:12.212560,$GPGSV,23,,43
2026-05-25T18:31:12.213251,$GPGSV,24,,25
2026-05-25T18:31:12.213251,$GPGSV,25,,38
2026-05-25T18:31:12.213251,$GPGSV,28,,39
2026-05-25T18:31:12.213251,$GPGSV,32,,30
2026-05-25T18:31:12.213830,$GPGSV,41,,45
2026-05-25T18:31:12.213830,$GPGSV,42,,44
2026-05-25T18:31:12.213830,$GPGSV,50,,38
2026-05-25T18:31:12.214464,$GPGSV,10,,25
2026-05-25T18:31:12.214464,$GPGSV,12,,28
2026-05-25T18:31:12.214464,$GPGSV,18,,41
2026-05-25T18:31:12.214464,$GPGSV,23,,40
2026-05-25T18:31:12.215109,$GPGSV,24,,23
2026-05-25T18:31:12.215109,$GPGSV,25,,27
2026-05-25T18:31:12.215109,$GPGSV,28,,35
2026-05-25T18:31:12.215109,$GPGSV,32,,24
2026-05-25T18:31:12.216622,$GLGSV,65,,18
2026-05-25T18:31:12.216622,$GLGSV,75,,32
2026-05-25T18:31:12.216622,$GLGSV,76,,43
2026-05-25T18:31:12.216622,$GLGSV,77,,36
2026-05-25T18:31:12.217055,$GLGSV,81,,33
2026-05-25T18:31:12.217055,$GLGSV,88,,44
2026-05-25T18:31:12.217663,$GLGSV,66,,21
2026-05-25T18:31:12.217663,$GLGSV,75,,29
2026-05-25T18:31:12.217663,$GLGSV,76,,41
2026-05-25T18:31:12.217663,$GLGSV,81,,37
2026-05-25T18:31:12.218025,$GLGSV,88,,41
2026-05-25T18:31:12.219269,$GAGSV,03,,26
2026-05-25T18:31:12.219269,$GAGSV,07,,40
2026-05-25T18:31:12.219269,$GAGSV,08,,40
2026-05-25T18:31:12.219269,$GAGSV,13,,42
2026-05-25T18:31:12.219788,$GAGSV,15,,42
2026-05-25T18:31:12.219788,$GAGSV,32,,39
2026-05-25T18:31:12.219788,$GAGSV,34,,33
2026-05-25T18:31:12.220381,$GAGSV,03,,27
2026-05-25T18:31:12.220381,$GAGSV,07,,39
2026-05-25T18:31:12.220381,$GAGSV,08,,42
2026-05-25T18:31:12.220381,$GAGSV,13,,42
2026-05-25T18:31:12.220886,$GAGSV,15,,43
2026-05-25T18:31:12.220886,$GAGSV,32,,40
2026-05-25T18:31:12.220886,$GAGSV,34,,36
2026-05-25T18:31:12.221960,$GBGSV,07,,43
2026-05-25T18:31:12.221960,$GBGSV,09,,39
2026-05-25T18:31:12.221960,$GBGSV,10,,43
2026-05-25T18:31:12.221960,$GBGSV,13,,43
2026-05-25T18:31:12.222587,$GBGSV,25,,44
2026-05-25T18:31:12.222587,$GBGSV,27,,30
2026-05-25T18:31:12.222587,$GBGSV,28,,41
2026-05-25T18:31:12.222587,$GBGSV,33,,41
2026-05-25T18:31:12.223029,$GBGSV,09,,38
2026-05-25T18:31:12.223029,$GBGSV,10,,40
2026-05-25T18:31:13.212478,$GPGSV,10,,34
2026-05-25T18:31:13.212478,$GPGSV,13,,36
2026-05-25T18:31:13.212478,$GPGSV,18,,41
2026-05-25T18:31:13.212478,$GPGSV,23,,43
2026-05-25T18:31:13.213130,$GPGSV,24,,25
2026-05-25T18:31:13.213130,$GPGSV,25,,38
2026-05-25T18:31:13.213130,$GPGSV,28,,39
2026-05-25T18:31:13.213130,$GPGSV,32,,30
2026-05-25T18:31:13.213687,$GPGSV,41,,45
2026-05-25T18:31:13.213687,$GPGSV,42,,44
2026-05-25T18:31:13.213687,$GPGSV,50,,38
2026-05-25T18:31:13.214296,$GPGSV,10,,25
2026-05-25T18:31:13.214296,$GPGSV,12,,28
2026-05-25T18:31:13.214296,$GPGSV,18,,41
2026-05-25T18:31:13.214296,$GPGSV,23,,40
2026-05-25T18:31:13.214911,$GPGSV,24,,22
2026-05-25T18:31:13.214911,$GPGSV,25,,27
2026-05-25T18:31:13.214911,$GPGSV,28,,35
2026-05-25T18:31:13.214911,$GPGSV,32,,24
2026-05-25T18:31:13.216395,$GLGSV,65,,19
2026-05-25T18:31:13.216395,$GLGSV,75,,33
2026-05-25T18:31:13.216395,$GLGSV,76,,43
2026-05-25T18:31:13.216395,$GLGSV,77,,36
2026-05-25T18:31:13.216836,$GLGSV,81,,34
2026-05-25T18:31:13.216836,$GLGSV,88,,44
2026-05-25T18:31:13.217414,$GLGSV,66,,20
2026-05-25T18:31:13.217414,$GLGSV,75,,29
2026-05-25T18:31:13.217414,$GLGSV,76,,41
2026-05-25T18:31:13.217414,$GLGSV,81,,37
2026-05-25T18:31:13.217747,$GLGSV,88,,41
2026-05-25T18:31:13.218774,$GAGSV,03,,26
2026-05-25T18:31:13.218774,$GAGSV,07,,40
2026-05-25T18:31:13.218774,$GAGSV,08,,40
2026-05-25T18:31:13.218774,$GAGSV,13,,42
2026-05-25T18:31:13.219299,$GAGSV,15,,42
2026-05-25T18:31:13.219299,$GAGSV,32,,39
2026-05-25T18:31:13.219299,$GAGSV,34,,33
2026-05-25T18:31:13.219897,$GAGSV,03,,27
2026-05-25T18:31:13.219897,$GAGSV,07,,39
2026-05-25T18:31:13.219897,$GAGSV,08,,42
2026-05-25T18:31:13.219897,$GAGSV,13,,42
2026-05-25T18:31:13.220406,$GAGSV,15,,43
2026-05-25T18:31:13.220406,$GAGSV,32,,40
2026-05-25T18:31:13.220406,$GAGSV,34,,36
2026-05-25T18:31:13.221459,$GBGSV,07,,43
2026-05-25T18:31:13.221459,$GBGSV,09,,39
2026-05-25T18:31:13.221459,$GBGSV,10,,44
2026-05-25T18:31:13.221459,$GBGSV,13,,43
2026-05-25T18:31:13.222071,$GBGSV,25,,44
2026-05-25T18:31:13.222071,$GBGSV,27,,30
2026-05-25T18:31:13.222071,$GBGSV,28,,41
2026-05-25T18:31:13.222071,$GBGSV,33,,41
2026-05-25T18:31:13.222497,$GBGSV,09,,38
2026-05-25T18:31:13.222497,$GBGSV,10,,40
2026-05-25T18:31:14.208880,$GPGSV,10,,34
2026-05-25T18:31:14.208880,$GPGSV,13,,36
2026-05-25T18:31:14.208880,$GPGSV,18,,41
2026-05-25T18:31:14.208880,$GPGSV,23,,43
2026-05-25T18:31:14.209604,$GPGSV,24,,25
2026-05-25T18:31:14.209604,$GPGSV,25,,38
2026-05-25T18:31:14.209604,$GPGSV,28,,39
2026-05-25T18:31:14.209604,$GPGSV,32,,31
2026-05-25T18:31:14.210206,$GPGSV,41,,45
2026-05-25T18:31:14.210206,$GPGSV,42,,44
2026-05-25T18:31:14.210206,$GPGSV,50,,38
2026-05-25T18:31:14.210897,$GPGSV,10,,25
2026-05-25T18:31:14.210897,$GPGSV,12,,28
2026-05-25T18:31:14.210897,$GPGSV,18,,41
2026-05-25T18:31:14.210897,$GPGSV,23,,40
2026-05-25T18:31:14.211594,$GPGSV,24,,22
2026-05-25T18:31:14.211594,$GPGSV,25,,27
2026-05-25T18:31:14.211594,$GPGSV,28,,36
2026-05-25T18:31:14.211594,$GPGSV,32,,24
2026-05-25T18:31:14.213268,$GLGSV,65,,19
2026-05-25T18:31:14.213268,$GLGSV,75,,33
2026-05-25T18:31:14.213268,$GLGSV,76,,43
2026-05-25T18:31:14.213268,$GLGSV,77,,36
2026-05-25T18:31:14.213759,$GLGSV,81,,34
2026-05-25T18:31:14.213759,$GLGSV,88,,44
2026-05-25T18:31:14.214445,$GLGSV,66,,20
2026-05-25T18:31:14.214445,$GLGSV,75,,29
2026-05-25T18:31:14.214445,$GLGSV,76,,41
2026-05-25T18:31:14.214445,$GLGSV,81,,37
2026-05-25T18:31:14.214837,$GLGSV,88,,42
2026-05-25T18:31:14.216056,$GAGSV,03,,26
2026-05-25T18:31:14.216056,$GAGSV,07,,39
2026-05-25T18:31:14.216056,$GAGSV,08,,40
2026-05-25T18:31:14.216056,$GAGSV,13,,42
2026-05-25T18:31:14.216647,$GAGSV,15,,42
2026-05-25T18:31:14.216647,$GAGSV,32,,39
2026-05-25T18:31:14.216647,$GAGSV,34,,33
2026-05-25T18:31:14.217334,$GAGSV,03,,27
2026-05-25T18:31:14.217334,$GAGSV,07,,39
2026-05-25T18:31:14.217334,$GAGSV,08,,42
2026-05-25T18:31:14.217334,$GAGSV,13,,42
2026-05-25T18:31:14.217926,$GAGSV,15,,43
2026-05-25T18:31:14.217926,$GAGSV,32,,39
2026-05-25T18:31:14.217926,$GAGSV,34,,36
2026-05-25T18:31:14.219191,$GBGSV,07,,43
2026-05-25T18:31:14.219191,$GBGSV,09,,40
2026-05-25T18:31:14.219191,$GBGSV,10,,44
2026-05-25T18:31:14.219191,$GBGSV,13,,43
2026-05-25T18:31:14.219894,$GBGSV,25,,44
2026-05-25T18:31:14.219894,$GBGSV,27,,30
2026-05-25T18:31:14.219894,$GBGSV,28,,41
2026-05-25T18:31:14.219894,$GBGSV,33,,41
2026-05-25T18:31:14.220371,$GBGSV,09,,38
2026-05-25T18:31:14.220371,$GBGSV,10,,40
2026-05-25T18:31:15.211596,$GPGSV,10,,37
2026-05-25T18:31:15.211596,$GPGSV,12,,26
2026-05-25T18:31:15.211596,$GPGSV,13,,38
2026-05-25T18:31:15.211596,$GPGSV,18,,44
2026-05-25T18:31:15.212314,$GPGSV,23,,47
2026-05-25T18:31:15.212314,$GPGSV,24,,26
2026-05-25T18:31:15.212314,$GPGSV,25,,41
2026-05-25T18:31:15.212314,$GPGSV,28,,43
2026-05-25T18:31:15.213014,$GPGSV,32,,35
2026-05-25T18:31:15.213014,$GPGSV,41,,49
2026-05-25T18:31:15.213014,$GPGSV,42,,47
2026-05-25T18:31:15.213014,$GPGSV,50,,40
2026-05-25T18:31:15.213705,$GPGSV,10,,26
2026-05-25T18:31:15.213705,$GPGSV,12,,29
2026-05-25T18:31:15.213705,$GPGSV,18,,43
2026-05-25T18:31:15.213705,$GPGSV,23,,43
2026-05-25T18:31:15.214391,$GPGSV,24,,23
2026-05-25T18:31:15.214391,$GPGSV,25,,28
2026-05-25T18:31:15.214391,$GPGSV,28,,37
2026-05-25T18:31:15.214391,$GPGSV,32,,25
2026-05-25T18:31:15.216003,$GLGSV,65,,20
2026-05-25T18:31:15.216003,$GLGSV,75,,37
2026-05-25T18:31:15.216003,$GLGSV,76,,47
2026-05-25T18:31:15.216003,$GLGSV,77,,40
2026-05-25T18:31:15.216468,$GLGSV,81,,38
2026-05-25T18:31:15.216468,$GLGSV,88,,48
2026-05-25T18:31:15.217111,$GLGSV,66,,19
2026-05-25T18:31:15.217111,$GLGSV,75,,30
2026-05-25T18:31:15.217111,$GLGSV,76,,43
2026-05-25T18:31:15.217111,$GLGSV,81,,37
2026-05-25T18:31:15.217469,$GLGSV,88,,43
2026-05-25T18:31:15.218577,$GAGSV,03,,30
2026-05-25T18:31:15.218577,$GAGSV,07,,45
2026-05-25T18:31:15.218577,$GAGSV,08,,45
2026-05-25T18:31:15.218577,$GAGSV,13,,48
2026-05-25T18:31:15.219135,$GAGSV,15,,47
2026-05-25T18:31:15.219135,$GAGSV,32,,44
2026-05-25T18:31:15.219135,$GAGSV,34,,38
2026-05-25T18:31:15.219774,$GAGSV,03,,27
2026-05-25T18:31:15.219774,$GAGSV,07,,43
2026-05-25T18:31:15.219774,$GAGSV,08,,45
2026-05-25T18:31:15.219774,$GAGSV,13,,45
2026-05-25T18:31:15.220295,$GAGSV,15,,47
2026-05-25T18:31:15.220295,$GAGSV,32,,42
2026-05-25T18:31:15.220295,$GAGSV,34,,39
2026-05-25T18:31:15.221395,$GBGSV,07,,48
2026-05-25T18:31:15.221395,$GBGSV,09,,44
2026-05-25T18:31:15.221395,$GBGSV,10,,48
2026-05-25T18:31:15.221395,$GBGSV,13,,47
2026-05-25T18:31:15.222014,$GBGSV,25,,49
2026-05-25T18:31:15.222014,$GBGSV,27,,31
2026-05-25T18:31:15.222014,$GBGSV,28,,45
2026-05-25T18:31:15.222014,$GBGSV,33,,45
2026-05-25T18:31:15.222451,$GBGSV,09,,42
2026-05-25T18:31:15.222451,$GBGSV,10,,43
2026-05-25T18:31:16.205112,$GPGSV,10,,36
2026-05-25T18:31:16.205112,$GPGSV,12,,26
2026-05-25T18:31:16.205112,$GPGSV,13,,37
2026-05-25T18:31:16.205112,$GPGSV,18,,43
2026-05-25T18:31:16.205927,$GPGSV,23,,45
2026-05-25T18:31:16.205927,$GPGSV,24,,26
2026-05-25T18:31:16.205927,$GPGSV,25,,40
2026-05-25T18:31:16.205927,$GPGSV,28,,42
2026-05-25T18:31:16.206699,$GPGSV,32,,34
2026-05-25T18:31:16.206699,$GPGSV,41,,48
2026-05-25T18:31:16.206699,$GPGSV,42,,46
2026-05-25T18:31:16.206699,$GPGSV,50,,40
2026-05-25T18:31:16.207428,$GPGSV,10,,29
2026-05-25T18:31:16.207428,$GPGSV,12,,34
2026-05-25T18:31:16.207428,$GPGSV,18,,46
2026-05-25T18:31:16.207428,$GPGSV,23,,47
2026-05-25T18:31:16.208144,$GPGSV,24,,26
2026-05-25T18:31:16.208144,$GPGSV,25,,34
2026-05-25T18:31:16.208144,$GPGSV,28,,41
2026-05-25T18:31:16.208144,$GPGSV,32,,31
2026-05-25T18:31:16.209865,$GLGSV,65,,23
2026-05-25T18:31:16.209865,$GLGSV,75,,37
2026-05-25T18:31:16.209865,$GLGSV,76,,46
2026-05-25T18:31:16.209865,$GLGSV,77,,40
2026-05-25T18:31:16.210373,$GLGSV,81,,38
2026-05-25T18:31:16.210373,$GLGSV,88,,47
2026-05-25T18:31:16.211091,$GLGSV,66,,21
2026-05-25T18:31:16.211091,$GLGSV,75,,33
2026-05-25T18:31:16.211091,$GLGSV,76,,46
2026-05-25T18:31:16.211091,$GLGSV,81,,41
2026-05-25T18:31:16.211870,$GLGSV,88,,47
2026-05-25T18:31:16.213179,$GAGSV,03,,33
2026-05-25T18:31:16.213179,$GAGSV,07,,45
2026-05-25T18:31:16.213179,$GAGSV,08,,46
2026-05-25T18:31:16.213179,$GAGSV,13,,48
2026-05-25T18:31:16.213794,$GAGSV,15,,48
2026-05-25T18:31:16.213794,$GAGSV,32,,45
2026-05-25T18:31:16.213794,$GAGSV,34,,38
2026-05-25T18:31:16.214517,$GAGSV,03,,28
2026-05-25T18:31:16.214517,$GAGSV,07,,42
2026-05-25T18:31:16.214517,$GAGSV,08,,44
2026-05-25T18:31:16.214517,$GAGSV,13,,44
2026-05-25T18:31:16.215236,$GAGSV,15,,45
2026-05-25T18:31:16.215236,$GAGSV,32,,42
2026-05-25T18:31:16.215236,$GAGSV,34,,39
2026-05-25T18:31:16.216483,$GBGSV,07,,47
2026-05-25T18:31:16.216483,$GBGSV,09,,43
2026-05-25T18:31:16.216483,$GBGSV,10,,47
2026-05-25T18:31:16.216483,$GBGSV,13,,47
2026-05-25T18:31:16.217193,$GBGSV,25,,48
2026-05-25T18:31:16.217193,$GBGSV,27,,33
2026-05-25T18:31:16.217193,$GBGSV,28,,45
2026-05-25T18:31:16.217193,$GBGSV,33,,44
2026-05-25T18:31:16.217743,$GBGSV,09,,46
2026-05-25T18:31:16.217743,$GBGSV,10,,47
2026-05-25T18:31:17.212591,$GPGSV,10,,35
2026-05-25T18:31:17.212591,$GPGSV,12,,26
2026-05-25T18:31:17.212591,$GPGSV,13,,37
2026-05-25T18:31:17.212591,$GPGSV,18,,43
2026-05-25T18:31:17.213362,$GPGSV,23,,45
2026-05-25T18:31:17.213362,$GPGSV,24,,26
2026-05-25T18:31:17.213362,$GPGSV,25,,39
2026-05-25T18:31:17.213362,$GPGSV,28,,41
2026-05-25T18:31:17.214115,$GPGSV,32,,33
2026-05-25T18:31:17.214115,$GPGSV,41,,47
2026-05-25T18:31:17.214115,$GPGSV,42,,46
2026-05-25T18:31:17.214115,$GPGSV,50,,40
2026-05-25T18:31:17.214861,$GPGSV,10,,29
2026-05-25T18:31:17.214861,$GPGSV,12,,33
2026-05-25T18:31:17.214861,$GPGSV,18,,45
2026-05-25T18:31:17.214861,$GPGSV,23,,45
2026-05-25T18:31:17.215593,$GPGSV,24,,26
2026-05-25T18:31:17.215593,$GPGSV,25,,32
2026-05-25T18:31:17.215593,$GPGSV,28,,40
2026-05-25T18:31:17.215593,$GPGSV,32,,30
2026-05-25T18:31:17.217325,$GLGSV,65,,24
2026-05-25T18:31:17.217325,$GLGSV,75,,36
2026-05-25T18:31:17.217325,$GLGSV,76,,46
2026-05-25T18:31:17.217325,$GLGSV,77,,40
2026-05-25T18:31:17.217840,$GLGSV,81,,38
2026-05-25T18:31:17.217840,$GLGSV,88,,47
2026-05-25T18:31:17.218549,$GLGSV,66,,21
2026-05-25T18:31:17.218549,$GLGSV,75,,34
2026-05-25T18:31:17.218549,$GLGSV,76,,46
2026-05-25T18:31:17.218549,$GLGSV,81,,41
2026-05-25T18:31:17.218966,$GLGSV,88,,46
2026-05-25T18:31:17.220310,$GAGSV,03,,32
2026-05-25T18:31:17.220310,$GAGSV,07,,45
2026-05-25T18:31:17.220310,$GAGSV,08,,45
2026-05-25T18:31:17.220310,$GAGSV,13,,47
2026-05-25T18:31:17.220936,$GAGSV,15,,48
2026-05-25T18:31:17.220936,$GAGSV,32,,44
2026-05-25T18:31:17.220936,$GAGSV,34,,38
2026-05-25T18:31:17.221656,$GAGSV,03,,28
2026-05-25T18:31:17.221656,$GAGSV,07,,41
2026-05-25T18:31:17.221656,$GAGSV,08,,44
2026-05-25T18:31:17.221656,$GAGSV,13,,44
2026-05-25T18:31:17.222285,$GAGSV,15,,45
2026-05-25T18:31:17.222285,$GAGSV,32,,42
2026-05-25T18:31:17.222285,$GAGSV,34,,39
2026-05-25T18:31:17.223719,$GBGSV,07,,46
2026-05-25T18:31:17.223719,$GBGSV,09,,42
2026-05-25T18:31:17.223719,$GBGSV,10,,46
2026-05-25T18:31:17.223719,$GBGSV,13,,46
2026-05-25T18:31:17.224474,$GBGSV,25,,47
2026-05-25T18:31:17.224474,$GBGSV,27,,32
2026-05-25T18:31:17.224474,$GBGSV,28,,44
2026-05-25T18:31:17.224474,$GBGSV,33,,44
2026-05-25T18:31:17.224995,$GBGSV,09,,44
2026-05-25T18:31:17.224995,$GBGSV,10,,45
2026-05-25T18:31:18.213538,$GPGSV,10,,35
2026-05-25T18:31:18.213538,$GPGSV,12,,26
2026-05-25T18:31:18.213538,$GPGSV,13,,36
2026-05-25T18:31:18.213538,$GPGSV,18,,43
2026-05-25T18:31:18.214155,$GPGSV,23,,45
2026-05-25T18:31:18.214155,$GPGSV,24,,27
2026-05-25T18:31:18.214155,$GPGSV,25,,39
2026-05-25T18:31:18.214155,$GPGSV,28,,41
2026-05-25T18:31:18.214753,$GPGSV,32,,33
2026-05-25T18:31:18.214753,$GPGSV,41,,47
2026-05-25T18:31:18.214753,$GPGSV,42,,46
2026-05-25T18:31:18.214753,$GPGSV,50,,40
2026-05-25T18:31:18.215398,$GPGSV,10,,29
2026-05-25T18:31:18.215398,$GPGSV,12,,33
2026-05-25T18:31:18.215398,$GPGSV,18,,45
2026-05-25T18:31:18.215398,$GPGSV,23,,45
2026-05-25T18:31:18.215972,$GPGSV,24,,27
2026-05-25T18:31:18.215972,$GPGSV,25,,31
2026-05-25T18:31:18.215972,$GPGSV,28,,40
2026-05-25T18:31:18.215972,$GPGSV,32,,30
2026-05-25T18:31:18.217364,$GLGSV,75,,36
2026-05-25T18:31:18.217364,$GLGSV,76,,46
2026-05-25T18:31:18.217364,$GLGSV,77,,39
2026-05-25T18:31:18.217364,$GLGSV,81,,37
2026-05-25T18:31:18.217698,$GLGSV,88,,47
2026-05-25T18:31:18.218265,$GLGSV,66,,21
2026-05-25T18:31:18.218265,$GLGSV,75,,34
2026-05-25T18:31:18.218265,$GLGSV,76,,45
2026-05-25T18:31:18.218265,$GLGSV,81,,41
2026-05-25T18:31:18.218606,$GLGSV,88,,46
2026-05-25T18:31:18.219656,$GAGSV,03,,31
2026-05-25T18:31:18.219656,$GAGSV,07,,45
2026-05-25T18:31:18.219656,$GAGSV,08,,45
2026-05-25T18:31:18.219656,$GAGSV,13,,47
2026-05-25T18:31:18.220133,$GAGSV,15,,47
2026-05-25T18:31:18.220133,$GAGSV,32,,44
2026-05-25T18:31:18.220133,$GAGSV,34,,38
2026-05-25T18:31:18.220740,$GAGSV,03,,28
2026-05-25T18:31:18.220740,$GAGSV,07,,41
2026-05-25T18:31:18.220740,$GAGSV,08,,44
2026-05-25T18:31:18.220740,$GAGSV,13,,44
2026-05-25T18:31:18.221224,$GAGSV,15,,45
2026-05-25T18:31:18.221224,$GAGSV,32,,41
2026-05-25T18:31:18.221224,$GAGSV,34,,38
2026-05-25T18:31:18.222207,$GBGSV,07,,46
2026-05-25T18:31:18.222207,$GBGSV,09,,42
2026-05-25T18:31:18.222207,$GBGSV,10,,46
2026-05-25T18:31:18.222207,$GBGSV,13,,46
2026-05-25T18:31:18.222773,$GBGSV,25,,47
2026-05-25T18:31:18.222773,$GBGSV,27,,32
2026-05-25T18:31:18.222773,$GBGSV,28,,44
2026-05-25T18:31:18.222773,$GBGSV,33,,44
2026-05-25T18:31:18.223299,$GBGSV,09,,44
2026-05-25T18:31:18.223299,$GBGSV,10,,46
2026-05-25T18:31:19.213825,$GPGSV,10,,35
2026-05-25T18:31:19.213825,$GPGSV,12,,26
2026-05-25T18:31:19.213825,$GPGSV,13,,36
2026-05-25T18:31:19.213825,$GPGSV,18,,42
2026-05-25T18:31:19.214524,$GPGSV,23,,45
2026-05-25T18:31:19.214524,$GPGSV,24,,27
2026-05-25T18:31:19.214524,$GPGSV,25,,39
2026-05-25T18:31:19.214524,$GPGSV,28,,41
2026-05-25T18:31:19.215201,$GPGSV,32,,34
2026-05-25T18:31:19.215201,$GPGSV,41,,47
2026-05-25T18:31:19.215201,$GPGSV,42,,45
2026-05-25T18:31:19.215201,$GPGSV,50,,39
2026-05-25T18:31:19.215867,$GPGSV,10,,28
2026-05-25T18:31:19.215867,$GPGSV,12,,32
2026-05-25T18:31:19.215867,$GPGSV,18,,45
2026-05-25T18:31:19.215867,$GPGSV,23,,45
2026-05-25T18:31:19.216499,$GPGSV,24,,27
2026-05-25T18:31:19.216499,$GPGSV,25,,31
2026-05-25T18:31:19.216499,$GPGSV,28,,39
2026-05-25T18:31:19.216499,$GPGSV,32,,29
2026-05-25T18:31:19.218028,$GLGSV,65,,16
2026-05-25T18:31:19.218028,$GLGSV,75,,36
2026-05-25T18:31:19.218028,$GLGSV,76,,46
2026-05-25T18:31:19.218028,$GLGSV,77,,39
2026-05-25T18:31:19.218495,$GLGSV,81,,37
2026-05-25T18:31:19.218495,$GLGSV,88,,47
2026-05-25T18:31:19.219117,$GLGSV,66,,20
2026-05-25T18:31:19.219117,$GLGSV,75,,34
2026-05-25T18:31:19.219117,$GLGSV,76,,45
2026-05-25T18:31:19.219117,$GLGSV,81,,41
2026-05-25T18:31:19.219468,$GLGSV,88,,46
2026-05-25T18:31:19.220637,$GAGSV,03,,32
2026-05-25T18:31:19.220637,$GAGSV,07,,45
2026-05-25T18:31:19.220637,$GAGSV,08,,45
2026-05-25T18:31:19.220637,$GAGSV,13,,47
2026-05-25T18:31:19.221152,$GAGSV,15,,48
2026-05-25T18:31:19.221152,$GAGSV,32,,44
2026-05-25T18:31:19.221152,$GAGSV,34,,38
2026-05-25T18:31:19.221758,$GAGSV,03,,29
2026-05-25T18:31:19.221758,$GAGSV,07,,41
2026-05-25T18:31:19.221758,$GAGSV,08,,43
2026-05-25T18:31:19.221758,$GAGSV,13,,44
2026-05-25T18:31:19.222269,$GAGSV,15,,45
2026-05-25T18:31:19.222269,$GAGSV,32,,41
2026-05-25T18:31:19.222269,$GAGSV,34,,38
2026-05-25T18:31:19.223505,$GBGSV,07,,46
2026-05-25T18:31:19.223505,$GBGSV,09,,42
2026-05-25T18:31:19.223505,$GBGSV,10,,46
2026-05-25T18:31:19.223505,$GBGSV,13,,46
2026-05-25T18:31:19.224112,$GBGSV,25,,47
2026-05-25T18:31:19.224112,$GBGSV,27,,32
2026-05-25T18:31:19.224112,$GBGSV,28,,44
2026-05-25T18:31:19.224112,$GBGSV,33,,44
2026-05-25T18:31:19.224543,$GBGSV,09,,44
2026-05-25T18:31:19.224543,$GBGSV,10,,45
2026-05-25T18:31:20.218986,$GPGSV,10,,35
2026-05-25T18:31:20.218986,$GPGSV,12,,26
2026-05-25T18:31:20.218986,$GPGSV,13,,36
2026-05-25T18:31:20.218986,$GPGSV,18,,42
2026-05-25T18:31:20.219890,$GPGSV,23,,45
2026-05-25T18:31:20.219890,$GPGSV,24,,27
2026-05-25T18:31:20.219890,$GPGSV,25,,39
2026-05-25T18:31:20.219890,$GPGSV,28,,41
2026-05-25T18:31:20.220739,$GPGSV,32,,35
2026-05-25T18:31:20.220739,$GPGSV,41,,47
2026-05-25T18:31:20.220739,$GPGSV,42,,45
2026-05-25T18:31:20.220739,$GPGSV,50,,39
2026-05-25T18:31:20.221588,$GPGSV,10,,28
2026-05-25T18:31:20.221588,$GPGSV,12,,32
2026-05-25T18:31:20.221588,$GPGSV,18,,45
2026-05-25T18:31:20.221588,$GPGSV,23,,45
2026-05-25T18:31:20.222387,$GPGSV,24,,26
2026-05-25T18:31:20.222387,$GPGSV,25,,31
2026-05-25T18:31:20.222387,$GPGSV,28,,39
2026-05-25T18:31:20.222387,$GPGSV,32,,29
2026-05-25T18:31:20.224864,$GLGSV,65,,21
2026-05-25T18:31:20.224864,$GLGSV,75,,36
2026-05-25T18:31:20.224864,$GLGSV,76,,46
2026-05-25T18:31:20.224864,$GLGSV,77,,39
2026-05-25T18:31:20.225740,$GLGSV,81,,37
2026-05-25T18:31:20.225740,$GLGSV,88,,47
2026-05-25T18:31:20.227016,$GLGSV,66,,18
2026-05-25T18:31:20.227016,$GLGSV,75,,34
2026-05-25T18:31:20.227016,$GLGSV,76,,45
2026-05-25T18:31:20.227016,$GLGSV,81,,40
2026-05-25T18:31:20.227468,$GLGSV,88,,46
2026-05-25T18:31:20.228748,$GAGSV,03,,32
2026-05-25T18:31:20.228748,$GAGSV,07,,45
2026-05-25T18:31:20.228748,$GAGSV,08,,45
2026-05-25T18:31:20.228748,$GAGSV,13,,47
2026-05-25T18:31:20.229548,$GAGSV,15,,47
2026-05-25T18:31:20.229548,$GAGSV,32,,44
2026-05-25T18:31:20.229548,$GAGSV,34,,38
2026-05-25T18:31:20.230282,$GAGSV,03,,29
2026-05-25T18:31:20.230282,$GAGSV,07,,41
2026-05-25T18:31:20.230282,$GAGSV,08,,43
2026-05-25T18:31:20.230282,$GAGSV,13,,44
2026-05-25T18:31:20.230900,$GAGSV,15,,45
2026-05-25T18:31:20.230900,$GAGSV,32,,42
2026-05-25T18:31:20.230900,$GAGSV,34,,38
2026-05-25T18:31:20.232212,$GBGSV,07,,46
2026-05-25T18:31:20.232212,$GBGSV,09,,42
2026-05-25T18:31:20.232212,$GBGSV,10,,46
2026-05-25T18:31:20.232212,$GBGSV,13,,46
2026-05-25T18:31:20.232923,$GBGSV,25,,47
2026-05-25T18:31:20.232923,$GBGSV,27,,32
2026-05-25T18:31:20.232923,$GBGSV,28,,44
2026-05-25T18:31:20.232923,$GBGSV,33,,44
2026-05-25T18:31:20.233515,$GBGSV,09,,43
2026-05-25T18:31:20.233515,$GBGSV,10,,45
2026-05-25T18:31:20.233515,$GBGSV,27,,11
2026-05-25T18:31:21.217053,$GPGSV,10,,35
2026-05-25T18:31:21.217053,$GPGSV,12,,27
2026-05-25T18:31:21.217053,$GPGSV,13,,35
2026-05-25T18:31:21.217053,$GPGSV,18,,42
2026-05-25T18:31:21.217802,$GPGSV,23,,45
2026-05-25T18:31:21.217802,$GPGSV,24,,27
2026-05-25T18:31:21.217802,$GPGSV,25,,39
2026-05-25T18:31:21.217802,$GPGSV,28,,42
2026-05-25T18:31:21.218533,$GPGSV,32,,35
2026-05-25T18:31:21.218533,$GPGSV,41,,47
2026-05-25T18:31:21.218533,$GPGSV,42,,45
2026-05-25T18:31:21.218533,$GPGSV,50,,39
2026-05-25T18:31:21.219270,$GPGSV,10,,28
2026-05-25T18:31:21.219270,$GPGSV,12,,32
2026-05-25T18:31:21.219270,$GPGSV,18,,45
2026-05-25T18:31:21.219270,$GPGSV,23,,45
2026-05-25T18:31:21.220029,$GPGSV,24,,26
2026-05-25T18:31:21.220029,$GPGSV,25,,31
2026-05-25T18:31:21.220029,$GPGSV,28,,39
2026-05-25T18:31:21.220029,$GPGSV,32,,29
2026-05-25T18:31:21.221784,$GLGSV,65,,24
2026-05-25T18:31:21.221784,$GLGSV,66,,27
2026-05-25T18:31:21.221784,$GLGSV,75,,36
2026-05-25T18:31:21.221784,$GLGSV,76,,46
2026-05-25T18:31:21.222430,$GLGSV,77,,39
2026-05-25T18:31:21.222430,$GLGSV,81,,37
2026-05-25T18:31:21.222430,$GLGSV,88,,47
2026-05-25T18:31:21.223130,$GLGSV,66,,17
2026-05-25T18:31:21.223130,$GLGSV,75,,35
2026-05-25T18:31:21.223130,$GLGSV,76,,45
2026-05-25T18:31:21.223130,$GLGSV,81,,40
2026-05-25T18:31:21.223525,$GLGSV,88,,46
2026-05-25T18:31:21.224726,$GAGSV,03,,31
2026-05-25T18:31:21.224726,$GAGSV,07,,45
2026-05-25T18:31:21.224726,$GAGSV,08,,45
2026-05-25T18:31:21.224726,$GAGSV,13,,47
2026-05-25T18:31:21.225314,$GAGSV,15,,48
2026-05-25T18:31:21.225314,$GAGSV,32,,44
2026-05-25T18:31:21.225314,$GAGSV,34,,38
2026-05-25T18:31:21.226012,$GAGSV,03,,29
2026-05-25T18:31:21.226012,$GAGSV,07,,41
2026-05-25T18:31:21.226012,$GAGSV,08,,43
2026-05-25T18:31:21.226012,$GAGSV,13,,44
2026-05-25T18:31:21.226639,$GAGSV,15,,45
2026-05-25T18:31:21.226639,$GAGSV,32,,41
2026-05-25T18:31:21.226639,$GAGSV,34,,39
2026-05-25T18:31:21.227966,$GBGSV,07,,46
2026-05-25T18:31:21.227966,$GBGSV,09,,42
2026-05-25T18:31:21.227966,$GBGSV,10,,46
2026-05-25T18:31:21.227966,$GBGSV,13,,46
2026-05-25T18:31:21.228730,$GBGSV,25,,47
2026-05-25T18:31:21.228730,$GBGSV,27,,32
2026-05-25T18:31:21.228730,$GBGSV,28,,43
2026-05-25T18:31:21.228730,$GBGSV,33,,44
2026-05-25T18:31:21.229460,$GBGSV,09,,43
2026-05-25T18:31:21.229460,$GBGSV,10,,45
2026-05-25T18:31:21.229460,$GBGSV,27,,08
2026-05-25T18:31:22.214073,$GPGSV,10,,35
2026-05-25T18:31:22.214073,$GPGSV,12,,27
2026-05-25T18:31:22.214073,$GPGSV,13,,35
2026-05-25T18:31:22.214073,$GPGSV,18,,42
2026-05-25T18:31:22.214906,$GPGSV,23,,45
2026-05-25T18:31:22.214906,$GPGSV,24,,27
2026-05-25T18:31:22.214906,$GPGSV,25,,39
2026-05-25T18:31:22.214906,$GPGSV,28,,41
2026-05-25T18:31:22.215704,$GPGSV,32,,35
2026-05-25T18:31:22.215704,$GPGSV,41,,47
2026-05-25T18:31:22.215704,$GPGSV,42,,45
2026-05-25T18:31:22.215704,$GPGSV,50,,39
2026-05-25T18:31:22.216461,$GPGSV,10,,28
2026-05-25T18:31:22.216461,$GPGSV,12,,32
2026-05-25T18:31:22.216461,$GPGSV,18,,45
2026-05-25T18:31:22.216461,$GPGSV,23,,45
2026-05-25T18:31:22.217212,$GPGSV,24,,26
2026-05-25T18:31:22.217212,$GPGSV,25,,32
2026-05-25T18:31:22.217212,$GPGSV,28,,39
2026-05-25T18:31:22.217212,$GPGSV,32,,29
2026-05-25T18:31:22.219047,$GLGSV,65,,26
2026-05-25T18:31:22.219047,$GLGSV,66,,28
2026-05-25T18:31:22.219047,$GLGSV,75,,36
2026-05-25T18:31:22.219047,$GLGSV,76,,46
2026-05-25T18:31:22.219711,$GLGSV,77,,39
2026-05-25T18:31:22.219711,$GLGSV,81,,37
2026-05-25T18:31:22.219711,$GLGSV,88,,47
2026-05-25T18:31:22.220464,$GLGSV,66,,14
2026-05-25T18:31:22.220464,$GLGSV,75,,35
2026-05-25T18:31:22.220464,$GLGSV,76,,45
2026-05-25T18:31:22.220464,$GLGSV,81,,40
2026-05-25T18:31:22.220898,$GLGSV,88,,46
2026-05-25T18:31:22.222239,$GAGSV,03,,31
2026-05-25T18:31:22.222239,$GAGSV,07,,45
2026-05-25T18:31:22.222239,$GAGSV,08,,45
2026-05-25T18:31:22.222239,$GAGSV,13,,47
2026-05-25T18:31:22.222854,$GAGSV,15,,48
2026-05-25T18:31:22.222854,$GAGSV,32,,44
2026-05-25T18:31:22.222854,$GAGSV,34,,38
2026-05-25T18:31:22.223599,$GAGSV,03,,29
2026-05-25T18:31:22.223599,$GAGSV,07,,41
2026-05-25T18:31:22.223599,$GAGSV,08,,43
2026-05-25T18:31:22.223599,$GAGSV,13,,44
2026-05-25T18:31:22.224222,$GAGSV,15,,45
2026-05-25T18:31:22.224222,$GAGSV,32,,41
2026-05-25T18:31:22.224222,$GAGSV,34,,39
2026-05-25T18:31:22.225496,$GBGSV,07,,46
2026-05-25T18:31:22.225496,$GBGSV,09,,42
2026-05-25T18:31:22.225496,$GBGSV,10,,46
2026-05-25T18:31:22.225496,$GBGSV,13,,46
2026-05-25T18:31:22.226238,$GBGSV,25,,47
2026-05-25T18:31:22.226238,$GBGSV,27,,32
2026-05-25T18:31:22.226238,$GBGSV,28,,43
2026-05-25T18:31:22.226238,$GBGSV,33,,43
2026-05-25T18:31:22.226856,$GBGSV,09,,43
2026-05-25T18:31:22.226856,$GBGSV,10,,45
2026-05-25T18:31:22.226856,$GBGSV,27,,07
2026-05-25T18:31:23.213433,$GPGSV,10,,35
2026-05-25T18:31:23.213433,$GPGSV,12,,27
2026-05-25T18:31:23.213433,$GPGSV,13,,35
2026-05-25T18:31:23.213433,$GPGSV,18,,43
2026-05-25T18:31:23.214164,$GPGSV,23,,45
2026-05-25T18:31:23.214164,$GPGSV,24,,27
2026-05-25T18:31:23.214164,$GPGSV,25,,39
2026-05-25T18:31:23.214164,$GPGSV,28,,42
2026-05-25T18:31:23.214880,$GPGSV,32,,35
2026-05-25T18:31:23.214880,$GPGSV,41,,47
2026-05-25T18:31:23.214880,$GPGSV,42,,45
2026-05-25T18:31:23.214880,$GPGSV,50,,40
2026-05-25T18:31:23.215589,$GPGSV,10,,28
2026-05-25T18:31:23.215589,$GPGSV,12,,32
2026-05-25T18:31:23.215589,$GPGSV,18,,45
2026-05-25T18:31:23.215589,$GPGSV,23,,45
2026-05-25T18:31:23.216287,$GPGSV,24,,26
2026-05-25T18:31:23.216287,$GPGSV,25,,31
2026-05-25T18:31:23.216287,$GPGSV,28,,39
2026-05-25T18:31:23.216287,$GPGSV,32,,30
2026-05-25T18:31:23.217956,$GLGSV,65,,26
2026-05-25T18:31:23.217956,$GLGSV,66,,28
2026-05-25T18:31:23.217956,$GLGSV,75,,36
2026-05-25T18:31:23.217956,$GLGSV,76,,46
2026-05-25T18:31:23.218554,$GLGSV,77,,38
2026-05-25T18:31:23.218554,$GLGSV,81,,37
2026-05-25T18:31:23.218554,$GLGSV,88,,47
2026-05-25T18:31:23.219254,$GLGSV,66,,13
2026-05-25T18:31:23.219254,$GLGSV,75,,34
2026-05-25T18:31:23.219254,$GLGSV,76,,45
2026-05-25T18:31:23.219254,$GLGSV,81,,40
2026-05-25T18:31:23.219703,$GLGSV,88,,46
2026-05-25T18:31:23.220933,$GAGSV,03,,31
2026-05-25T18:31:23.220933,$GAGSV,07,,45
2026-05-25T18:31:23.220933,$GAGSV,08,,46
2026-05-25T18:31:23.220933,$GAGSV,13,,48
2026-05-25T18:31:23.221522,$GAGSV,15,,48
2026-05-25T18:31:23.221522,$GAGSV,32,,44
2026-05-25T18:31:23.221522,$GAGSV,34,,38
2026-05-25T18:31:23.222222,$GAGSV,03,,28
2026-05-25T18:31:23.222222,$GAGSV,07,,41
2026-05-25T18:31:23.222222,$GAGSV,08,,43
2026-05-25T18:31:23.222222,$GAGSV,13,,44
2026-05-25T18:31:23.222956,$GAGSV,15,,45
2026-05-25T18:31:23.222956,$GAGSV,32,,42
2026-05-25T18:31:23.222956,$GAGSV,34,,39
2026-05-25T18:31:23.224179,$GBGSV,07,,46
2026-05-25T18:31:23.224179,$GBGSV,09,,42
2026-05-25T18:31:23.224179,$GBGSV,10,,46
2026-05-25T18:31:23.224179,$GBGSV,13,,46
2026-05-25T18:31:23.224811,$GBGSV,25,,47
2026-05-25T18:31:23.224811,$GBGSV,27,,31
2026-05-25T18:31:23.224811,$GBGSV,28,,43
2026-05-25T18:31:23.224811,$GBGSV,33,,44
2026-05-25T18:31:23.225366,$GBGSV,09,,43
2026-05-25T18:31:23.225366,$GBGSV,10,,45
2026-05-25T18:31:23.225366,$GBGSV,27,,08
2026-05-25T18:31:24.215153,$GPGSV,10,,35
2026-05-25T18:31:24.215153,$GPGSV,12,,27
2026-05-25T18:31:24.215153,$GPGSV,13,,34
2026-05-25T18:31:24.215153,$GPGSV,18,,42
2026-05-25T18:31:24.215915,$GPGSV,23,,45
2026-05-25T18:31:24.215915,$GPGSV,24,,26
2026-05-25T18:31:24.215915,$GPGSV,25,,39
2026-05-25T18:31:24.215915,$GPGSV,28,,42
2026-05-25T18:31:24.216652,$GPGSV,32,,35
2026-05-25T18:31:24.216652,$GPGSV,41,,47
2026-05-25T18:31:24.216652,$GPGSV,42,,46
2026-05-25T18:31:24.216652,$GPGSV,50,,40
2026-05-25T18:31:24.217386,$GPGSV,10,,28
2026-05-25T18:31:24.217386,$GPGSV,12,,32
2026-05-25T18:31:24.217386,$GPGSV,18,,45
2026-05-25T18:31:24.217386,$GPGSV,23,,45
2026-05-25T18:31:24.218110,$GPGSV,24,,26
2026-05-25T18:31:24.218110,$GPGSV,25,,31
2026-05-25T18:31:24.218110,$GPGSV,28,,39
2026-05-25T18:31:24.218110,$GPGSV,32,,30
2026-05-25T18:31:24.219879,$GLGSV,65,,26
2026-05-25T18:31:24.219879,$GLGSV,66,,29
2026-05-25T18:31:24.219879,$GLGSV,75,,36
2026-05-25T18:31:24.219879,$GLGSV,76,,46
2026-05-25T18:31:24.220502,$GLGSV,77,,38
2026-05-25T18:31:24.220502,$GLGSV,81,,37
2026-05-25T18:31:24.220502,$GLGSV,88,,47
2026-05-25T18:31:24.221229,$GLGSV,66,,11
2026-05-25T18:31:24.221229,$GLGSV,75,,34
2026-05-25T18:31:24.221229,$GLGSV,76,,45
2026-05-25T18:31:24.221229,$GLGSV,81,,39
2026-05-25T18:31:24.221644,$GLGSV,88,,45
2026-05-25T18:31:24.222969,$GAGSV,03,,31
2026-05-25T18:31:24.222969,$GAGSV,07,,45
2026-05-25T18:31:24.222969,$GAGSV,08,,46
2026-05-25T18:31:24.222969,$GAGSV,13,,48
2026-05-25T18:31:24.223578,$GAGSV,15,,48
2026-05-25T18:31:24.223578,$GAGSV,32,,44
2026-05-25T18:31:24.223578,$GAGSV,34,,38
2026-05-25T18:31:24.224271,$GAGSV,03,,29
2026-05-25T18:31:24.224271,$GAGSV,07,,41
2026-05-25T18:31:24.224271,$GAGSV,08,,43
2026-05-25T18:31:24.224271,$GAGSV,13,,44
2026-05-25T18:31:24.224864,$GAGSV,15,,45
2026-05-25T18:31:24.224864,$GAGSV,32,,42
2026-05-25T18:31:24.224864,$GAGSV,34,,39
2026-05-25T18:31:24.226253,$GBGSV,07,,46
2026-05-25T18:31:24.226253,$GBGSV,09,,42
2026-05-25T18:31:24.226253,$GBGSV,10,,46
2026-05-25T18:31:24.226253,$GBGSV,13,,46
2026-05-25T18:31:24.226961,$GBGSV,25,,47
2026-05-25T18:31:24.226961,$GBGSV,27,,31
2026-05-25T18:31:24.226961,$GBGSV,28,,43
2026-05-25T18:31:24.226961,$GBGSV,33,,44
2026-05-25T18:31:24.227579,$GBGSV,09,,43
2026-05-25T18:31:24.227579,$GBGSV,10,,45
2026-05-25T18:31:24.227579,$GBGSV,27,,08
2026-05-25T18:31:25.208495,$GPGSV,10,,35
2026-05-25T18:31:25.208495,$GPGSV,12,,28
2026-05-25T18:31:25.208495,$GPGSV,13,,34
2026-05-25T18:31:25.208495,$GPGSV,18,,42
2026-05-25T18:31:25.209275,$GPGSV,23,,45
2026-05-25T18:31:25.209275,$GPGSV,24,,26
2026-05-25T18:31:25.209275,$GPGSV,25,,39
2026-05-25T18:31:25.209275,$GPGSV,28,,42
2026-05-25T18:31:25.210034,$GPGSV,32,,36
2026-05-25T18:31:25.210034,$GPGSV,41,,47
2026-05-25T18:31:25.210034,$GPGSV,42,,46
2026-05-25T18:31:25.210034,$GPGSV,50,,39
2026-05-25T18:31:25.210793,$GPGSV,10,,28
2026-05-25T18:31:25.210793,$GPGSV,12,,32
2026-05-25T18:31:25.210793,$GPGSV,18,,45
2026-05-25T18:31:25.210793,$GPGSV,23,,45
2026-05-25T18:31:25.211577,$GPGSV,24,,26
2026-05-25T18:31:25.211577,$GPGSV,25,,31
2026-05-25T18:31:25.211577,$GPGSV,28,,39
2026-05-25T18:31:25.211577,$GPGSV,32,,30
2026-05-25T18:31:25.213366,$GLGSV,65,,26
2026-05-25T18:31:25.213366,$GLGSV,66,,29
2026-05-25T18:31:25.213366,$GLGSV,75,,36
2026-05-25T18:31:25.213366,$GLGSV,76,,46
2026-05-25T18:31:25.213986,$GLGSV,77,,38
2026-05-25T18:31:25.213986,$GLGSV,81,,37
2026-05-25T18:31:25.213986,$GLGSV,88,,47
2026-05-25T18:31:25.214705,$GLGSV,66,,11
2026-05-25T18:31:25.214705,$GLGSV,75,,34
2026-05-25T18:31:25.214705,$GLGSV,76,,45
2026-05-25T18:31:25.214705,$GLGSV,81,,39
2026-05-25T18:31:25.215193,$GLGSV,88,,45
2026-05-25T18:31:25.216463,$GAGSV,03,,31
2026-05-25T18:31:25.216463,$GAGSV,07,,45
2026-05-25T18:31:25.216463,$GAGSV,08,,46
2026-05-25T18:31:25.216463,$GAGSV,13,,48
2026-05-25T18:31:25.217076,$GAGSV,15,,48
2026-05-25T18:31:25.217076,$GAGSV,32,,44
2026-05-25T18:31:25.217076,$GAGSV,34,,38
2026-05-25T18:31:25.217792,$GAGSV,03,,28
2026-05-25T18:31:25.217792,$GAGSV,07,,41
2026-05-25T18:31:25.217792,$GAGSV,08,,43
2026-05-25T18:31:25.217792,$GAGSV,13,,44
2026-05-25T18:31:25.218409,$GAGSV,15,,45
2026-05-25T18:31:25.218409,$GAGSV,32,,42
2026-05-25T18:31:25.218409,$GAGSV,34,,40
2026-05-25T18:31:25.219734,$GBGSV,07,,46
2026-05-25T18:31:25.219734,$GBGSV,09,,42
2026-05-25T18:31:25.219734,$GBGSV,10,,46
2026-05-25T18:31:25.219734,$GBGSV,13,,46
2026-05-25T18:31:25.220450,$GBGSV,25,,47
2026-05-25T18:31:25.220450,$GBGSV,27,,31
2026-05-25T18:31:25.220450,$GBGSV,28,,43
2026-05-25T18:31:25.220450,$GBGSV,33,,44
2026-05-25T18:31:25.221081,$GBGSV,09,,44
2026-05-25T18:31:25.221081,$GBGSV,10,,45
2026-05-25T18:31:25.221081,$GBGSV,27,,07
2026-05-25T18:31:26.214442,$GPGSV,10,,34
2026-05-25T18:31:26.214442,$GPGSV,12,,28
2026-05-25T18:31:26.214442,$GPGSV,13,,34
2026-05-25T18:31:26.214442,$GPGSV,18,,42
2026-05-25T18:31:26.215299,$GPGSV,23,,45
2026-05-25T18:31:26.215299,$GPGSV,24,,27
2026-05-25T18:31:26.215299,$GPGSV,25,,39
2026-05-25T18:31:26.215299,$GPGSV,28,,42
2026-05-25T18:31:26.216101,$GPGSV,32,,36
2026-05-25T18:31:26.216101,$GPGSV,41,,47
2026-05-25T18:31:26.216101,$GPGSV,42,,46
2026-05-25T18:31:26.216101,$GPGSV,50,,39
2026-05-25T18:31:26.216892,$GPGSV,10,,28
2026-05-25T18:31:26.216892,$GPGSV,12,,32
2026-05-25T18:31:26.216892,$GPGSV,18,,45
2026-05-25T18:31:26.216892,$GPGSV,23,,45
2026-05-25T18:31:26.217677,$GPGSV,24,,25
2026-05-25T18:31:26.217677,$GPGSV,25,,31
2026-05-25T18:31:26.217677,$GPGSV,28,,39
2026-05-25T18:31:26.217677,$GPGSV,32,,31
2026-05-25T18:31:26.219606,$GLGSV,65,,27
2026-05-25T18:31:26.219606,$GLGSV,66,,30
2026-05-25T18:31:26.219606,$GLGSV,75,,36
2026-05-25T18:31:26.219606,$GLGSV,76,,46
2026-05-25T18:31:26.220282,$GLGSV,77,,38
2026-05-25T18:31:26.220282,$GLGSV,81,,36
2026-05-25T18:31:26.220282,$GLGSV,88,,47
2026-05-25T18:31:26.221061,$GLGSV,66,,11
2026-05-25T18:31:26.221061,$GLGSV,75,,34
2026-05-25T18:31:26.221061,$GLGSV,76,,45
2026-05-25T18:31:26.221061,$GLGSV,81,,39
2026-05-25T18:31:26.221515,$GLGSV,88,,45
2026-05-25T18:31:26.222908,$GAGSV,03,,31
2026-05-25T18:31:26.222908,$GAGSV,07,,45
2026-05-25T18:31:26.222908,$GAGSV,08,,46
2026-05-25T18:31:26.222908,$GAGSV,13,,48
2026-05-25T18:31:26.223607,$GAGSV,15,,48
2026-05-25T18:31:26.223607,$GAGSV,32,,44
2026-05-25T18:31:26.223607,$GAGSV,34,,38
2026-05-25T18:31:26.224394,$GAGSV,03,,28
2026-05-25T18:31:26.224394,$GAGSV,07,,41
2026-05-25T18:31:26.224394,$GAGSV,08,,43
2026-05-25T18:31:26.224394,$GAGSV,13,,44
2026-05-25T18:31:26.225072,$GAGSV,15,,45
2026-05-25T18:31:26.225072,$GAGSV,32,,42
2026-05-25T18:31:26.225072,$GAGSV,34,,40
2026-05-25T18:31:26.226461,$GBGSV,07,,46
2026-05-25T18:31:26.226461,$GBGSV,09,,42
2026-05-25T18:31:26.226461,$GBGSV,10,,46
2026-05-25T18:31:26.226461,$GBGSV,13,,46
2026-05-25T18:31:26.227261,$GBGSV,25,,47
2026-05-25T18:31:26.227261,$GBGSV,27,,31
2026-05-25T18:31:26.227261,$GBGSV,28,,43
2026-05-25T18:31:26.227261,$GBGSV,33,,43
2026-05-25T18:31:26.227918,$GBGSV,09,,44
2026-05-25T18:31:26.227918,$GBGSV,10,,45
2026-05-25T18:31:26.227918,$GBGSV,27,,08
2026-05-25T18:31:27.216999,$GPGSV,10,,34
2026-05-25T18:31:27.216999,$GPGSV,12,,28
2026-05-25T18:31:27.216999,$GPGSV,13,,34
2026-05-25T18:31:27.216999,$GPGSV,18,,42
2026-05-25T18:31:27.217776,$GPGSV,23,,45
2026-05-25T18:31:27.217776,$GPGSV,24,,26
2026-05-25T18:31:27.217776,$GPGSV,25,,39
2026-05-25T18:31:27.217776,$GPGSV,28,,42
2026-05-25T18:31:27.218533,$GPGSV,32,,36
2026-05-25T18:31:27.218533,$GPGSV,41,,47
2026-05-25T18:31:27.218533,$GPGSV,42,,46
2026-05-25T18:31:27.218533,$GPGSV,50,,39
2026-05-25T18:31:27.219308,$GPGSV,10,,28
2026-05-25T18:31:27.219308,$GPGSV,12,,32
2026-05-25T18:31:27.219308,$GPGSV,18,,45
2026-05-25T18:31:27.219308,$GPGSV,23,,45
2026-05-25T18:31:27.220064,$GPGSV,24,,25
2026-05-25T18:31:27.220064,$GPGSV,25,,31
2026-05-25T18:31:27.220064,$GPGSV,28,,39
2026-05-25T18:31:27.220064,$GPGSV,32,,32
2026-05-25T18:31:27.221895,$GLGSV,65,,27
2026-05-25T18:31:27.221895,$GLGSV,66,,31
2026-05-25T18:31:27.221895,$GLGSV,75,,36
2026-05-25T18:31:27.221895,$GLGSV,76,,46
2026-05-25T18:31:27.222508,$GLGSV,77,,38
2026-05-25T18:31:27.222508,$GLGSV,81,,36
2026-05-25T18:31:27.222508,$GLGSV,88,,47
2026-05-25T18:31:27.223245,$GLGSV,66,,14
2026-05-25T18:31:27.223245,$GLGSV,75,,34
2026-05-25T18:31:27.223245,$GLGSV,76,,44
2026-05-25T18:31:27.223245,$GLGSV,81,,39
2026-05-25T18:31:27.223919,$GLGSV,88,,45
2026-05-25T18:31:27.225152,$GAGSV,03,,32
2026-05-25T18:31:27.225152,$GAGSV,07,,45
2026-05-25T18:31:27.225152,$GAGSV,08,,46
2026-05-25T18:31:27.225152,$GAGSV,13,,48
2026-05-25T18:31:27.225745,$GAGSV,15,,48
2026-05-25T18:31:27.225745,$GAGSV,32,,44
2026-05-25T18:31:27.225745,$GAGSV,34,,38
2026-05-25T18:31:27.226456,$GAGSV,03,,28
2026-05-25T18:31:27.226456,$GAGSV,07,,41
2026-05-25T18:31:27.226456,$GAGSV,08,,43
2026-05-25T18:31:27.226456,$GAGSV,13,,44
2026-05-25T18:31:27.227050,$GAGSV,15,,45
2026-05-25T18:31:27.227050,$GAGSV,32,,42
2026-05-25T18:31:27.227050,$GAGSV,34,,40
2026-05-25T18:31:27.228305,$GBGSV,07,,46
2026-05-25T18:31:27.228305,$GBGSV,09,,42
2026-05-25T18:31:27.228305,$GBGSV,10,,46
2026-05-25T18:31:27.228305,$GBGSV,13,,46
2026-05-25T18:31:27.229003,$GBGSV,25,,47
2026-05-25T18:31:27.229003,$GBGSV,27,,31
2026-05-25T18:31:27.229003,$GBGSV,28,,43
2026-05-25T18:31:27.229003,$GBGSV,33,,43
2026-05-25T18:31:27.229632,$GBGSV,09,,43
2026-05-25T18:31:27.229632,$GBGSV,10,,45
2026-05-25T18:31:27.229632,$GBGSV,27,,08
2026-05-25T18:31:28.212637,$GPGSV,10,,34
2026-05-25T18:31:28.212637,$GPGSV,12,,27
2026-05-25T18:31:28.212637,$GPGSV,13,,34
2026-05-25T18:31:28.212637,$GPGSV,18,,42
2026-05-25T18:31:28.213376,$GPGSV,23,,44
2026-05-25T18:31:28.213376,$GPGSV,24,,26
2026-05-25T18:31:28.213376,$GPGSV,25,,39
2026-05-25T18:31:28.213376,$GPGSV,28,,42
2026-05-25T18:31:28.214101,$GPGSV,32,,36
2026-05-25T18:31:28.214101,$GPGSV,41,,47
2026-05-25T18:31:28.214101,$GPGSV,42,,46
2026-05-25T18:31:28.214101,$GPGSV,50,,39
2026-05-25T18:31:28.214822,$GPGSV,10,,28
2026-05-25T18:31:28.214822,$GPGSV,12,,32
2026-05-25T18:31:28.214822,$GPGSV,18,,45
2026-05-25T18:31:28.214822,$GPGSV,23,,45
2026-05-25T18:31:28.215571,$GPGSV,24,,25
2026-05-25T18:31:28.215571,$GPGSV,25,,32
2026-05-25T18:31:28.215571,$GPGSV,28,,39
2026-05-25T18:31:28.215571,$GPGSV,32,,32
2026-05-25T18:31:28.217307,$GLGSV,65,,27
2026-05-25T18:31:28.217307,$GLGSV,66,,31
2026-05-25T18:31:28.217307,$GLGSV,75,,36
2026-05-25T18:31:28.217307,$GLGSV,76,,46
2026-05-25T18:31:28.217894,$GLGSV,77,,38
2026-05-25T18:31:28.217894,$GLGSV,81,,36
2026-05-25T18:31:28.217894,$GLGSV,88,,47
2026-05-25T18:31:28.218579,$GLGSV,66,,13
2026-05-25T18:31:28.218579,$GLGSV,75,,34
2026-05-25T18:31:28.218579,$GLGSV,76,,45
2026-05-25T18:31:28.218579,$GLGSV,81,,39
2026-05-25T18:31:28.218981,$GLGSV,88,,45
2026-05-25T18:31:28.220211,$GAGSV,03,,31
2026-05-25T18:31:28.220211,$GAGSV,07,,45
2026-05-25T18:31:28.220211,$GAGSV,08,,46
2026-05-25T18:31:28.220211,$GAGSV,13,,48
2026-05-25T18:31:28.220784,$GAGSV,15,,48
2026-05-25T18:31:28.220784,$GAGSV,32,,44
2026-05-25T18:31:28.220784,$GAGSV,34,,38
2026-05-25T18:31:28.221442,$GAGSV,03,,28
2026-05-25T18:31:28.221442,$GAGSV,07,,41
2026-05-25T18:31:28.221442,$GAGSV,08,,43
2026-05-25T18:31:28.221442,$GAGSV,13,,44
2026-05-25T18:31:28.222024,$GAGSV,15,,45
2026-05-25T18:31:28.222024,$GAGSV,32,,42
2026-05-25T18:31:28.222024,$GAGSV,34,,40
2026-05-25T18:31:28.223354,$GBGSV,07,,46
2026-05-25T18:31:28.223354,$GBGSV,09,,42
2026-05-25T18:31:28.223354,$GBGSV,10,,46
2026-05-25T18:31:28.223354,$GBGSV,13,,46
2026-05-25T18:31:28.223997,$GBGSV,25,,47
2026-05-25T18:31:28.223997,$GBGSV,27,,32
2026-05-25T18:31:28.223997,$GBGSV,28,,42
2026-05-25T18:31:28.223997,$GBGSV,33,,44
2026-05-25T18:31:28.224460,$GBGSV,09,,43
2026-05-25T18:31:28.224460,$GBGSV,10,,45
2026-05-25T18:31:29.213085,$GPGSV,10,,34
2026-05-25T18:31:29.213085,$GPGSV,12,,27
2026-05-25T18:31:29.213085,$GPGSV,13,,34
2026-05-25T18:31:29.213085,$GPGSV,18,,42
2026-05-25T18:31:29.213855,$GPGSV,23,,45
2026-05-25T18:31:29.213855,$GPGSV,24,,26
2026-05-25T18:31:29.213855,$GPGSV,25,,39
2026-05-25T18:31:29.213855,$GPGSV,28,,42
2026-05-25T18:31:29.214606,$GPGSV,32,,36
2026-05-25T18:31:29.214606,$GPGSV,41,,47
2026-05-25T18:31:29.214606,$GPGSV,42,,46
2026-05-25T18:31:29.214606,$GPGSV,50,,39
2026-05-25T18:31:29.215369,$GPGSV,10,,28
2026-05-25T18:31:29.215369,$GPGSV,12,,32
2026-05-25T18:31:29.215369,$GPGSV,18,,45
2026-05-25T18:31:29.215369,$GPGSV,23,,45
2026-05-25T18:31:29.216169,$GPGSV,24,,24
2026-05-25T18:31:29.216169,$GPGSV,25,,32
2026-05-25T18:31:29.216169,$GPGSV,28,,39
2026-05-25T18:31:29.216169,$GPGSV,32,,33
2026-05-25T18:31:29.217959,$GLGSV,65,,27
2026-05-25T18:31:29.217959,$GLGSV,66,,32
2026-05-25T18:31:29.217959,$GLGSV,75,,36
2026-05-25T18:31:29.217959,$GLGSV,76,,46
2026-05-25T18:31:29.218579,$GLGSV,77,,38
2026-05-25T18:31:29.218579,$GLGSV,81,,36
2026-05-25T18:31:29.218579,$GLGSV,88,,47
2026-05-25T18:31:29.219313,$GLGSV,66,,13
2026-05-25T18:31:29.219313,$GLGSV,75,,34
2026-05-25T18:31:29.219313,$GLGSV,76,,45
2026-05-25T18:31:29.219313,$GLGSV,81,,39
2026-05-25T18:31:29.219737,$GLGSV,88,,45
2026-05-25T18:31:29.221033,$GAGSV,03,,31
2026-05-25T18:31:29.221033,$GAGSV,07,,45
2026-05-25T18:31:29.221033,$GAGSV,08,,46
2026-05-25T18:31:29.221033,$GAGSV,13,,48
2026-05-25T18:31:29.221673,$GAGSV,15,,48
2026-05-25T18:31:29.221673,$GAGSV,32,,44
2026-05-25T18:31:29.221673,$GAGSV,34,,38
2026-05-25T18:31:29.222391,$GAGSV,03,,28
2026-05-25T18:31:29.222391,$GAGSV,07,,41
2026-05-25T18:31:29.222391,$GAGSV,08,,43
2026-05-25T18:31:29.222391,$GAGSV,13,,44
2026-05-25T18:31:29.223022,$GAGSV,15,,45
2026-05-25T18:31:29.223022,$GAGSV,32,,42
2026-05-25T18:31:29.223022,$GAGSV,34,,39
2026-05-25T18:31:29.224325,$GBGSV,07,,46
2026-05-25T18:31:29.224325,$GBGSV,09,,42
2026-05-25T18:31:29.224325,$GBGSV,10,,46
2026-05-25T18:31:29.224325,$GBGSV,13,,46
2026-05-25T18:31:29.225042,$GBGSV,25,,47
2026-05-25T18:31:29.225042,$GBGSV,27,,31
2026-05-25T18:31:29.225042,$GBGSV,28,,43
2026-05-25T18:31:29.225042,$GBGSV,33,,43
2026-05-25T18:31:29.225560,$GBGSV,09,,43
2026-05-25T18:31:29.225560,$GBGSV,10,,45
2026-05-25T18:31:30.215190,$GPGSV,10,,34
2026-05-25T18:31:30.215190,$GPGSV,12,,28
2026-05-25T18:31:30.215190,$GPGSV,13,,34
2026-05-25T18:31:30.215190,$GPGSV,18,,42
2026-05-25T18:31:30.215981,$GPGSV,23,,45
2026-05-25T18:31:30.215981,$GPGSV,24,,26
2026-05-25T18:31:30.215981,$GPGSV,25,,39
2026-05-25T18:31:30.215981,$GPGSV,28,,42
2026-05-25T18:31:30.216736,$GPGSV,32,,36
2026-05-25T18:31:30.216736,$GPGSV,41,,47
2026-05-25T18:31:30.216736,$GPGSV,42,,45
2026-05-25T18:31:30.216736,$GPGSV,50,,39
2026-05-25T18:31:30.217487,$GPGSV,10,,28
2026-05-25T18:31:30.217487,$GPGSV,12,,32
2026-05-25T18:31:30.217487,$GPGSV,18,,45
2026-05-25T18:31:30.217487,$GPGSV,23,,45
2026-05-25T18:31:30.218227,$GPGSV,24,,24
2026-05-25T18:31:30.218227,$GPGSV,25,,32
2026-05-25T18:31:30.218227,$GPGSV,28,,38
2026-05-25T18:31:30.218227,$GPGSV,32,,33
2026-05-25T18:31:30.220057,$GLGSV,65,,27
2026-05-25T18:31:30.220057,$GLGSV,66,,32
2026-05-25T18:31:30.220057,$GLGSV,75,,36
2026-05-25T18:31:30.220057,$GLGSV,76,,46
2026-05-25T18:31:30.220700,$GLGSV,77,,38
2026-05-25T18:31:30.220700,$GLGSV,81,,35
2026-05-25T18:31:30.220700,$GLGSV,88,,46
2026-05-25T18:31:30.221433,$GLGSV,66,,09
2026-05-25T18:31:30.221433,$GLGSV,75,,33
2026-05-25T18:31:30.221433,$GLGSV,76,,45
2026-05-25T18:31:30.221433,$GLGSV,81,,39
2026-05-25T18:31:30.221850,$GLGSV,88,,45
2026-05-25T18:31:30.223436,$GAGSV,03,,32
2026-05-25T18:31:30.223436,$GAGSV,07,,45
2026-05-25T18:31:30.223436,$GAGSV,08,,46
2026-05-25T18:31:30.223436,$GAGSV,13,,48
2026-05-25T18:31:30.224067,$GAGSV,15,,48
2026-05-25T18:31:30.224067,$GAGSV,32,,44
2026-05-25T18:31:30.224067,$GAGSV,34,,38
2026-05-25T18:31:30.224767,$GAGSV,03,,28
2026-05-25T18:31:30.224767,$GAGSV,07,,41
2026-05-25T18:31:30.224767,$GAGSV,08,,43
2026-05-25T18:31:30.224767,$GAGSV,13,,44
2026-05-25T18:31:30.225380,$GAGSV,15,,44
2026-05-25T18:31:30.225380,$GAGSV,32,,42
2026-05-25T18:31:30.225380,$GAGSV,34,,39
2026-05-25T18:31:30.226598,$GBGSV,07,,46
2026-05-25T18:31:30.226598,$GBGSV,09,,42
2026-05-25T18:31:30.226598,$GBGSV,10,,46
2026-05-25T18:31:30.226598,$GBGSV,13,,46
2026-05-25T18:31:30.227392,$GBGSV,25,,47
2026-05-25T18:31:30.227392,$GBGSV,27,,31
2026-05-25T18:31:30.227392,$GBGSV,28,,43
2026-05-25T18:31:30.227392,$GBGSV,33,,43
2026-05-25T18:31:30.227901,$GBGSV,09,,44
2026-05-25T18:31:30.227901,$GBGSV,10,,45
2026-05-25T18:31:31.212445,$GPGSV,10,,34
2026-05-25T18:31:31.212445,$GPGSV,12,,27
2026-05-25T18:31:31.212445,$GPGSV,13,,34
2026-05-25T18:31:31.212445,$GPGSV,18,,42
2026-05-25T18:31:31.213194,$GPGSV,23,,45
2026-05-25T18:31:31.213194,$GPGSV,24,,26
2026-05-25T18:31:31.213194,$GPGSV,25,,39
2026-05-25T18:31:31.213194,$GPGSV,28,,42
2026-05-25T18:31:31.213912,$GPGSV,32,,37
2026-05-25T18:31:31.213912,$GPGSV,41,,47
2026-05-25T18:31:31.213912,$GPGSV,42,,46
2026-05-25T18:31:31.213912,$GPGSV,50,,39
2026-05-25T18:31:31.214630,$GPGSV,10,,29
2026-05-25T18:31:31.214630,$GPGSV,12,,32
2026-05-25T18:31:31.214630,$GPGSV,18,,45
2026-05-25T18:31:31.214630,$GPGSV,23,,45
2026-05-25T18:31:31.215354,$GPGSV,24,,24
2026-05-25T18:31:31.215354,$GPGSV,25,,33
2026-05-25T18:31:31.215354,$GPGSV,28,,39
2026-05-25T18:31:31.215354,$GPGSV,32,,34
2026-05-25T18:31:31.217102,$GLGSV,65,,27
2026-05-25T18:31:31.217102,$GLGSV,66,,33
2026-05-25T18:31:31.217102,$GLGSV,75,,36
2026-05-25T18:31:31.217102,$GLGSV,76,,46
2026-05-25T18:31:31.217694,$GLGSV,77,,38
2026-05-25T18:31:31.217694,$GLGSV,81,,35
2026-05-25T18:31:31.217694,$GLGSV,88,,46
2026-05-25T18:31:31.218378,$GLGSV,66,,11
2026-05-25T18:31:31.218378,$GLGSV,75,,33
2026-05-25T18:31:31.218378,$GLGSV,76,,45
2026-05-25T18:31:31.218378,$GLGSV,81,,39
2026-05-25T18:31:31.218776,$GLGSV,88,,45
2026-05-25T18:31:31.220033,$GAGSV,03,,31
2026-05-25T18:31:31.220033,$GAGSV,07,,45
2026-05-25T18:31:31.220033,$GAGSV,08,,46
2026-05-25T18:31:31.220033,$GAGSV,13,,48
2026-05-25T18:31:31.220602,$GAGSV,15,,48
2026-05-25T18:31:31.220602,$GAGSV,32,,44
2026-05-25T18:31:31.220602,$GAGSV,34,,38
2026-05-25T18:31:31.221258,$GAGSV,03,,28
2026-05-25T18:31:31.221258,$GAGSV,07,,41
2026-05-25T18:31:31.221258,$GAGSV,08,,43
2026-05-25T18:31:31.221258,$GAGSV,13,,44
2026-05-25T18:31:31.221844,$GAGSV,15,,44
2026-05-25T18:31:31.221844,$GAGSV,32,,42
2026-05-25T18:31:31.221844,$GAGSV,34,,39
2026-05-25T18:31:31.222996,$GBGSV,07,,46
2026-05-25T18:31:31.222996,$GBGSV,09,,42
2026-05-25T18:31:31.222996,$GBGSV,10,,46
2026-05-25T18:31:31.222996,$GBGSV,13,,46
2026-05-25T18:31:31.223650,$GBGSV,25,,47
2026-05-25T18:31:31.223650,$GBGSV,27,,31
2026-05-25T18:31:31.223650,$GBGSV,28,,43
2026-05-25T18:31:31.223650,$GBGSV,33,,43
2026-05-25T18:31:31.224120,$GBGSV,09,,44
2026-05-25T18:31:31.224120,$GBGSV,10,,45
2026-05-25T18:31:32.212774,$GPGSV,10,,33
2026-05-25T18:31:32.212774,$GPGSV,12,,27
2026-05-25T18:31:32.212774,$GPGSV,13,,35
2026-05-25T18:31:32.212774,$GPGSV,18,,42
2026-05-25T18:31:32.213554,$GPGSV,23,,45
2026-05-25T18:31:32.213554,$GPGSV,24,,27
2026-05-25T18:31:32.213554,$GPGSV,25,,39
2026-05-25T18:31:32.213554,$GPGSV,28,,42
2026-05-25T18:31:32.214309,$GPGSV,32,,37
2026-05-25T18:31:32.214309,$GPGSV,41,,47
2026-05-25T18:31:32.214309,$GPGSV,42,,46
2026-05-25T18:31:32.214309,$GPGSV,50,,39
2026-05-25T18:31:32.215056,$GPGSV,10,,29
2026-05-25T18:31:32.215056,$GPGSV,12,,32
2026-05-25T18:31:32.215056,$GPGSV,18,,45
2026-05-25T18:31:32.215056,$GPGSV,23,,45
2026-05-25T18:31:32.215819,$GPGSV,24,,24
2026-05-25T18:31:32.215819,$GPGSV,25,,33
2026-05-25T18:31:32.215819,$GPGSV,28,,39
2026-05-25T18:31:32.215819,$GPGSV,32,,34
2026-05-25T18:31:32.217630,$GLGSV,65,,27
2026-05-25T18:31:32.217630,$GLGSV,66,,34
2026-05-25T18:31:32.217630,$GLGSV,75,,37
2026-05-25T18:31:32.217630,$GLGSV,76,,47
2026-05-25T18:31:32.218261,$GLGSV,77,,38
2026-05-25T18:31:32.218261,$GLGSV,81,,35
2026-05-25T18:31:32.218261,$GLGSV,88,,46
2026-05-25T18:31:32.218975,$GLGSV,66,,15
2026-05-25T18:31:32.218975,$GLGSV,75,,33
2026-05-25T18:31:32.218975,$GLGSV,76,,45
2026-05-25T18:31:32.218975,$GLGSV,81,,39
2026-05-25T18:31:32.219407,$GLGSV,88,,45
2026-05-25T18:31:32.220678,$GAGSV,03,,32
2026-05-25T18:31:32.220678,$GAGSV,07,,45
2026-05-25T18:31:32.220678,$GAGSV,08,,46
2026-05-25T18:31:32.220678,$GAGSV,13,,48
2026-05-25T18:31:32.221300,$GAGSV,15,,48
2026-05-25T18:31:32.221300,$GAGSV,32,,44
2026-05-25T18:31:32.221300,$GAGSV,34,,38
2026-05-25T18:31:32.222019,$GAGSV,03,,29
2026-05-25T18:31:32.222019,$GAGSV,07,,41
2026-05-25T18:31:32.222019,$GAGSV,08,,43
2026-05-25T18:31:32.222019,$GAGSV,13,,44
2026-05-25T18:31:32.222631,$GAGSV,15,,44
2026-05-25T18:31:32.222631,$GAGSV,32,,42
2026-05-25T18:31:32.222631,$GAGSV,34,,39
2026-05-25T18:31:32.223937,$GBGSV,07,,46
2026-05-25T18:31:32.223937,$GBGSV,09,,42
2026-05-25T18:31:32.223937,$GBGSV,10,,46
2026-05-25T18:31:32.223937,$GBGSV,13,,45
2026-05-25T18:31:32.224669,$GBGSV,25,,47
2026-05-25T18:31:32.224669,$GBGSV,27,,31
2026-05-25T18:31:32.224669,$GBGSV,28,,43
2026-05-25T18:31:32.224669,$GBGSV,33,,43
2026-05-25T18:31:32.225170,$GBGSV,09,,43
2026-05-25T18:31:32.225170,$GBGSV,10,,45
2026-05-25T18:31:33.212708,$GPGSV,10,,34
2026-05-25T18:31:33.212708,$GPGSV,12,,26
2026-05-25T18:31:33.212708,$GPGSV,13,,35
2026-05-25T18:31:33.212708,$GPGSV,18,,42
2026-05-25T18:31:33.213369,$GPGSV,23,,45
2026-05-25T18:31:33.213369,$GPGSV,24,,27
2026-05-25T18:31:33.213369,$GPGSV,25,,39
2026-05-25T18:31:33.213369,$GPGSV,28,,43
2026-05-25T18:31:33.214008,$GPGSV,32,,37
2026-05-25T18:31:33.214008,$GPGSV,41,,47
2026-05-25T18:31:33.214008,$GPGSV,42,,45
2026-05-25T18:31:33.214008,$GPGSV,50,,39
2026-05-25T18:31:33.214623,$GPGSV,10,,29
2026-05-25T18:31:33.214623,$GPGSV,12,,32
2026-05-25T18:31:33.214623,$GPGSV,18,,45
2026-05-25T18:31:33.214623,$GPGSV,23,,45
2026-05-25T18:31:33.215250,$GPGSV,24,,23
2026-05-25T18:31:33.215250,$GPGSV,25,,33
2026-05-25T18:31:33.215250,$GPGSV,28,,39
2026-05-25T18:31:33.215250,$GPGSV,32,,35
2026-05-25T18:31:33.216742,$GLGSV,65,,27
2026-05-25T18:31:33.216742,$GLGSV,66,,34
2026-05-25T18:31:33.216742,$GLGSV,75,,36
2026-05-25T18:31:33.216742,$GLGSV,76,,47
2026-05-25T18:31:33.217273,$GLGSV,77,,38
2026-05-25T18:31:33.217273,$GLGSV,81,,36
2026-05-25T18:31:33.217273,$GLGSV,88,,46
2026-05-25T18:31:33.217883,$GLGSV,66,,15
2026-05-25T18:31:33.217883,$GLGSV,75,,34
2026-05-25T18:31:33.217883,$GLGSV,76,,45
2026-05-25T18:31:33.217883,$GLGSV,81,,39
2026-05-25T18:31:33.218248,$GLGSV,88,,45
2026-05-25T18:31:33.219343,$GAGSV,03,,32
2026-05-25T18:31:33.219343,$GAGSV,07,,45
2026-05-25T18:31:33.219343,$GAGSV,08,,46
2026-05-25T18:31:33.219343,$GAGSV,13,,48
2026-05-25T18:31:33.219877,$GAGSV,15,,48
2026-05-25T18:31:33.219877,$GAGSV,32,,44
2026-05-25T18:31:33.219877,$GAGSV,34,,38
2026-05-25T18:31:33.220488,$GAGSV,03,,29
2026-05-25T18:31:33.220488,$GAGSV,07,,41
2026-05-25T18:31:33.220488,$GAGSV,08,,43
2026-05-25T18:31:33.220488,$GAGSV,13,,44
2026-05-25T18:31:33.221012,$GAGSV,15,,44
2026-05-25T18:31:33.221012,$GAGSV,32,,42
2026-05-25T18:31:33.221012,$GAGSV,34,,39
2026-05-25T18:31:33.222103,$GBGSV,07,,46
2026-05-25T18:31:33.222103,$GBGSV,09,,42
2026-05-25T18:31:33.222103,$GBGSV,10,,46
2026-05-25T18:31:33.222103,$GBGSV,13,,45
2026-05-25T18:31:33.222720,$GBGSV,25,,47
2026-05-25T18:31:33.222720,$GBGSV,27,,30
2026-05-25T18:31:33.222720,$GBGSV,28,,43
2026-05-25T18:31:33.222720,$GBGSV,33,,43
2026-05-25T18:31:33.223219,$GBGSV,09,,43
2026-05-25T18:31:33.223219,$GBGSV,10,,45
2026-05-25T18:31:34.210451,$GPGSV,10,,32
2026-05-25T18:31:34.210451,$GPGSV,12,,27
2026-05-25T18:31:34.210451,$GPGSV,13,,35
2026-05-25T18:31:34.210451,$GPGSV,18,,42
2026-05-25T18:31:34.211210,$GPGSV,23,,45
2026-05-25T18:31:34.211210,$GPGSV,24,,27
2026-05-25T18:31:34.211210,$GPGSV,25,,39
2026-05-25T18:31:34.211210,$GPGSV,28,,43
2026-05-25T18:31:34.211934,$GPGSV,32,,37
2026-05-25T18:31:34.211934,$GPGSV,41,,47
2026-05-25T18:31:34.211934,$GPGSV,42,,45
2026-05-25T18:31:34.211934,$GPGSV,50,,39
2026-05-25T18:31:34.212651,$GPGSV,10,,29
2026-05-25T18:31:34.212651,$GPGSV,12,,32
2026-05-25T18:31:34.212651,$GPGSV,18,,45
2026-05-25T18:31:34.212651,$GPGSV,23,,45
2026-05-25T18:31:34.213372,$GPGSV,24,,23
2026-05-25T18:31:34.213372,$GPGSV,25,,33
2026-05-25T18:31:34.213372,$GPGSV,28,,39
2026-05-25T18:31:34.213372,$GPGSV,32,,35
2026-05-25T18:31:34.215116,$GLGSV,65,,27
2026-05-25T18:31:34.215116,$GLGSV,66,,34
2026-05-25T18:31:34.215116,$GLGSV,75,,36
2026-05-25T18:31:34.215116,$GLGSV,76,,47
2026-05-25T18:31:34.215745,$GLGSV,77,,38
2026-05-25T18:31:34.215745,$GLGSV,81,,36
2026-05-25T18:31:34.215745,$GLGSV,88,,46
2026-05-25T18:31:34.216442,$GLGSV,66,,18
2026-05-25T18:31:34.216442,$GLGSV,75,,34
2026-05-25T18:31:34.216442,$GLGSV,76,,45
2026-05-25T18:31:34.216442,$GLGSV,81,,39
2026-05-25T18:31:34.216832,$GLGSV,88,,46
2026-05-25T18:31:34.218059,$GAGSV,03,,32
2026-05-25T18:31:34.218059,$GAGSV,07,,45
2026-05-25T18:31:34.218059,$GAGSV,08,,46
2026-05-25T18:31:34.218059,$GAGSV,13,,48
2026-05-25T18:31:34.218658,$GAGSV,15,,48
2026-05-25T18:31:34.218658,$GAGSV,32,,44
2026-05-25T18:31:34.218658,$GAGSV,34,,38
2026-05-25T18:31:34.219376,$GAGSV,03,,29
2026-05-25T18:31:34.219376,$GAGSV,07,,41
2026-05-25T18:31:34.219376,$GAGSV,08,,43
2026-05-25T18:31:34.219376,$GAGSV,13,,44
2026-05-25T18:31:34.219975,$GAGSV,15,,44
2026-05-25T18:31:34.219975,$GAGSV,32,,42
2026-05-25T18:31:34.219975,$GAGSV,34,,40
2026-05-25T18:31:34.221215,$GBGSV,07,,46
2026-05-25T18:31:34.221215,$GBGSV,09,,42
2026-05-25T18:31:34.221215,$GBGSV,10,,46
2026-05-25T18:31:34.221215,$GBGSV,13,,45
2026-05-25T18:31:34.221908,$GBGSV,25,,47
2026-05-25T18:31:34.221908,$GBGSV,27,,30
2026-05-25T18:31:34.221908,$GBGSV,28,,43
2026-05-25T18:31:34.221908,$GBGSV,33,,43
2026-05-25T18:31:34.222407,$GBGSV,09,,43
2026-05-25T18:31:34.222407,$GBGSV,10,,45
2026-05-25T18:31:35.213320,$GPGSV,10,,32
2026-05-25T18:31:35.213320,$GPGSV,12,,27
2026-05-25T18:31:35.213320,$GPGSV,13,,35
2026-05-25T18:31:35.213320,$GPGSV,18,,42
2026-05-25T18:31:35.214045,$GPGSV,23,,45
2026-05-25T18:31:35.214045,$GPGSV,24,,27
2026-05-25T18:31:35.214045,$GPGSV,25,,39
2026-05-25T18:31:35.214045,$GPGSV,28,,43
2026-05-25T18:31:35.214745,$GPGSV,32,,37
2026-05-25T18:31:35.214745,$GPGSV,41,,47
2026-05-25T18:31:35.214745,$GPGSV,42,,46
2026-05-25T18:31:35.214745,$GPGSV,50,,39
2026-05-25T18:31:35.215447,$GPGSV,10,,29
2026-05-25T18:31:35.215447,$GPGSV,12,,32
2026-05-25T18:31:35.215447,$GPGSV,18,,45
2026-05-25T18:31:35.215447,$GPGSV,23,,45
2026-05-25T18:31:35.216151,$GPGSV,24,,23
2026-05-25T18:31:35.216151,$GPGSV,25,,33
2026-05-25T18:31:35.216151,$GPGSV,28,,39
2026-05-25T18:31:35.216151,$GPGSV,32,,35
2026-05-25T18:31:35.217832,$GLGSV,65,,28
2026-05-25T18:31:35.217832,$GLGSV,66,,34
2026-05-25T18:31:35.217832,$GLGSV,75,,36
2026-05-25T18:31:35.217832,$GLGSV,76,,47
2026-05-25T18:31:35.218428,$GLGSV,77,,38
2026-05-25T18:31:35.218428,$GLGSV,81,,37
2026-05-25T18:31:35.218428,$GLGSV,88,,46
2026-05-25T18:31:35.219143,$GLGSV,66,,18
2026-05-25T18:31:35.219143,$GLGSV,75,,34
2026-05-25T18:31:35.219143,$GLGSV,76,,45
2026-05-25T18:31:35.219143,$GLGSV,81,,38
2026-05-25T18:31:35.219541,$GLGSV,88,,46
2026-05-25T18:31:35.220766,$GAGSV,03,,32
2026-05-25T18:31:35.220766,$GAGSV,07,,45
2026-05-25T18:31:35.220766,$GAGSV,08,,46
2026-05-25T18:31:35.220766,$GAGSV,13,,48
2026-05-25T18:31:35.221361,$GAGSV,15,,48
2026-05-25T18:31:35.221361,$GAGSV,32,,44
2026-05-25T18:31:35.221361,$GAGSV,34,,38
2026-05-25T18:31:35.222055,$GAGSV,03,,29
2026-05-25T18:31:35.222055,$GAGSV,07,,41
2026-05-25T18:31:35.222055,$GAGSV,08,,43
2026-05-25T18:31:35.222055,$GAGSV,13,,44
2026-05-25T18:31:35.222663,$GAGSV,15,,44
2026-05-25T18:31:35.222663,$GAGSV,32,,42
2026-05-25T18:31:35.222663,$GAGSV,34,,40
2026-05-25T18:31:35.223936,$GBGSV,07,,46
2026-05-25T18:31:35.223936,$GBGSV,09,,42
2026-05-25T18:31:35.223936,$GBGSV,10,,46
2026-05-25T18:31:35.223936,$GBGSV,13,,45
2026-05-25T18:31:35.224621,$GBGSV,25,,47
2026-05-25T18:31:35.224621,$GBGSV,27,,31
2026-05-25T18:31:35.224621,$GBGSV,28,,43
2026-05-25T18:31:35.224621,$GBGSV,33,,43
2026-05-25T18:31:35.225097,$GBGSV,09,,43
2026-05-25T18:31:35.225097,$GBGSV,10,,45
2026-05-25T18:31:36.213439,$GPGSV,10,,33
2026-05-25T18:31:36.213439,$GPGSV,12,,27
2026-05-25T18:31:36.213439,$GPGSV,13,,35
2026-05-25T18:31:36.213439,$GPGSV,18,,43
2026-05-25T18:31:36.214169,$GPGSV,23,,45
2026-05-25T18:31:36.214169,$GPGSV,24,,26
2026-05-25T18:31:36.214169,$GPGSV,25,,39
2026-05-25T18:31:36.214169,$GPGSV,28,,43
2026-05-25T18:31:36.214866,$GPGSV,32,,37
2026-05-25T18:31:36.214866,$GPGSV,41,,47
2026-05-25T18:31:36.214866,$GPGSV,42,,45
2026-05-25T18:31:36.214866,$GPGSV,50,,39
2026-05-25T18:31:36.215570,$GPGSV,10,,28
2026-05-25T18:31:36.215570,$GPGSV,12,,32
2026-05-25T18:31:36.215570,$GPGSV,18,,45
2026-05-25T18:31:36.215570,$GPGSV,23,,45
2026-05-25T18:31:36.216255,$GPGSV,24,,22
2026-05-25T18:31:36.216255,$GPGSV,25,,33
2026-05-25T18:31:36.216255,$GPGSV,28,,39
2026-05-25T18:31:36.216255,$GPGSV,32,,35
2026-05-25T18:31:36.217938,$GLGSV,65,,28
2026-05-25T18:31:36.217938,$GLGSV,66,,34
2026-05-25T18:31:36.217938,$GLGSV,75,,37
2026-05-25T18:31:36.217938,$GLGSV,76,,47
2026-05-25T18:31:36.218587,$GLGSV,77,,38
2026-05-25T18:31:36.218587,$GLGSV,81,,37
2026-05-25T18:31:36.218587,$GLGSV,88,,46
2026-05-25T18:31:36.219295,$GLGSV,66,,20
2026-05-25T18:31:36.219295,$GLGSV,75,,34
2026-05-25T18:31:36.219295,$GLGSV,76,,45
2026-05-25T18:31:36.219295,$GLGSV,81,,37
2026-05-25T18:31:36.219693,$GLGSV,88,,46
2026-05-25T18:31:36.220915,$GAGSV,03,,32
2026-05-25T18:31:36.220915,$GAGSV,07,,45
2026-05-25T18:31:36.220915,$GAGSV,08,,46
2026-05-25T18:31:36.220915,$GAGSV,13,,48
2026-05-25T18:31:36.221505,$GAGSV,15,,48
2026-05-25T18:31:36.221505,$GAGSV,32,,44
2026-05-25T18:31:36.221505,$GAGSV,34,,38
2026-05-25T18:31:36.222198,$GAGSV,03,,29
2026-05-25T18:31:36.222198,$GAGSV,07,,41
2026-05-25T18:31:36.222198,$GAGSV,08,,43
2026-05-25T18:31:36.222198,$GAGSV,13,,44
2026-05-25T18:31:36.222787,$GAGSV,15,,44
2026-05-25T18:31:36.222787,$GAGSV,32,,42
2026-05-25T18:31:36.222787,$GAGSV,34,,40
2026-05-25T18:31:36.224037,$GBGSV,07,,46
2026-05-25T18:31:36.224037,$GBGSV,09,,42
2026-05-25T18:31:36.224037,$GBGSV,10,,46
2026-05-25T18:31:36.224037,$GBGSV,13,,45
2026-05-25T18:31:36.224755,$GBGSV,25,,47
2026-05-25T18:31:36.224755,$GBGSV,27,,31
2026-05-25T18:31:36.224755,$GBGSV,28,,43
2026-05-25T18:31:36.224755,$GBGSV,33,,43
2026-05-25T18:31:36.225230,$GBGSV,09,,43
2026-05-25T18:31:36.225230,$GBGSV,10,,45
2026-05-25T18:31:37.215730,$GPGSV,10,,32
2026-05-25T18:31:37.215730,$GPGSV,12,,28
2026-05-25T18:31:37.215730,$GPGSV,13,,35
2026-05-25T18:31:37.215730,$GPGSV,18,,43
2026-05-25T18:31:37.217133,$GPGSV,23,,45
2026-05-25T18:31:37.217133,$GPGSV,24,,26
2026-05-25T18:31:37.217133,$GPGSV,25,,39
2026-05-25T18:31:37.217133,$GPGSV,28,,43
2026-05-25T18:31:37.218448,$GPGSV,32,,37
2026-05-25T18:31:37.218448,$GPGSV,41,,47
2026-05-25T18:31:37.218448,$GPGSV,42,,46
2026-05-25T18:31:37.218448,$GPGSV,50,,39
2026-05-25T18:31:37.219573,$GPGSV,10,,27
2026-05-25T18:31:37.219573,$GPGSV,12,,33
2026-05-25T18:31:37.219573,$GPGSV,18,,45
2026-05-25T18:31:37.219573,$GPGSV,23,,45
2026-05-25T18:31:37.220307,$GPGSV,24,,22
2026-05-25T18:31:37.220307,$GPGSV,25,,33
2026-05-25T18:31:37.220307,$GPGSV,28,,39
2026-05-25T18:31:37.220307,$GPGSV,32,,36
2026-05-25T18:31:37.222064,$GLGSV,65,,28
2026-05-25T18:31:37.222064,$GLGSV,66,,33
2026-05-25T18:31:37.222064,$GLGSV,75,,36
2026-05-25T18:31:37.222064,$GLGSV,76,,47
2026-05-25T18:31:37.222688,$GLGSV,77,,38
2026-05-25T18:31:37.222688,$GLGSV,81,,37
2026-05-25T18:31:37.222688,$GLGSV,88,,46
2026-05-25T18:31:37.223431,$GLGSV,66,,21
2026-05-25T18:31:37.223431,$GLGSV,75,,35
2026-05-25T18:31:37.223431,$GLGSV,76,,45
2026-05-25T18:31:37.223431,$GLGSV,81,,37
2026-05-25T18:31:37.223845,$GLGSV,88,,46
2026-05-25T18:31:37.225118,$GAGSV,03,,32
2026-05-25T18:31:37.225118,$GAGSV,07,,44
2026-05-25T18:31:37.225118,$GAGSV,08,,46
2026-05-25T18:31:37.225118,$GAGSV,13,,48
2026-05-25T18:31:37.225773,$GAGSV,15,,48
2026-05-25T18:31:37.225773,$GAGSV,32,,44
2026-05-25T18:31:37.225773,$GAGSV,34,,38
2026-05-25T18:31:37.226498,$GAGSV,03,,29
2026-05-25T18:31:37.226498,$GAGSV,07,,41
2026-05-25T18:31:37.226498,$GAGSV,08,,43
2026-05-25T18:31:37.226498,$GAGSV,13,,44
2026-05-25T18:31:37.227125,$GAGSV,15,,44
2026-05-25T18:31:37.227125,$GAGSV,32,,42
2026-05-25T18:31:37.227125,$GAGSV,34,,40
2026-05-25T18:31:37.228409,$GBGSV,07,,46
2026-05-25T18:31:37.228409,$GBGSV,09,,42
2026-05-25T18:31:37.228409,$GBGSV,10,,46
2026-05-25T18:31:37.228409,$GBGSV,13,,45
2026-05-25T18:31:37.229106,$GBGSV,25,,47
2026-05-25T18:31:37.229106,$GBGSV,27,,30
2026-05-25T18:31:37.229106,$GBGSV,28,,43
2026-05-25T18:31:37.229106,$GBGSV,33,,43
2026-05-25T18:31:37.229606,$GBGSV,09,,43
2026-05-25T18:31:37.229606,$GBGSV,10,,45
2026-05-25T18:31:38.213158,$GPGSV,10,,33
2026-05-25T18:31:38.213158,$GPGSV,12,,28
2026-05-25T18:31:38.213158,$GPGSV,13,,36
2026-05-25T18:31:38.213158,$GPGSV,18,,43
2026-05-25T18:31:38.213881,$GPGSV,23,,45
2026-05-25T18:31:38.213881,$GPGSV,24,,26
2026-05-25T18:31:38.213881,$GPGSV,25,,39
2026-05-25T18:31:38.213881,$GPGSV,28,,43
2026-05-25T18:31:38.214582,$GPGSV,32,,38
2026-05-25T18:31:38.214582,$GPGSV,41,,47
2026-05-25T18:31:38.214582,$GPGSV,42,,46
2026-05-25T18:31:38.214582,$GPGSV,50,,39
2026-05-25T18:31:38.215288,$GPGSV,10,,27
2026-05-25T18:31:38.215288,$GPGSV,12,,33
2026-05-25T18:31:38.215288,$GPGSV,18,,45
2026-05-25T18:31:38.215288,$GPGSV,23,,45
2026-05-25T18:31:38.215984,$GPGSV,24,,21
2026-05-25T18:31:38.215984,$GPGSV,25,,33
2026-05-25T18:31:38.215984,$GPGSV,28,,39
2026-05-25T18:31:38.215984,$GPGSV,32,,36
2026-05-25T18:31:38.217656,$GLGSV,65,,28
2026-05-25T18:31:38.217656,$GLGSV,66,,33
2026-05-25T18:31:38.217656,$GLGSV,75,,36
2026-05-25T18:31:38.217656,$GLGSV,76,,47
2026-05-25T18:31:38.218255,$GLGSV,77,,38
2026-05-25T18:31:38.218255,$GLGSV,81,,37
2026-05-25T18:31:38.218255,$GLGSV,88,,46
2026-05-25T18:31:38.218951,$GLGSV,66,,22
2026-05-25T18:31:38.218951,$GLGSV,75,,35
2026-05-25T18:31:38.218951,$GLGSV,76,,45
2026-05-25T18:31:38.218951,$GLGSV,81,,37
2026-05-25T18:31:38.219363,$GLGSV,88,,46
2026-05-25T18:31:38.220602,$GAGSV,03,,32
2026-05-25T18:31:38.220602,$GAGSV,07,,45
2026-05-25T18:31:38.220602,$GAGSV,08,,46
2026-05-25T18:31:38.220602,$GAGSV,13,,48
2026-05-25T18:31:38.221203,$GAGSV,15,,48
2026-05-25T18:31:38.221203,$GAGSV,32,,44
2026-05-25T18:31:38.221203,$GAGSV,34,,38
2026-05-25T18:31:38.221897,$GAGSV,03,,29
2026-05-25T18:31:38.221897,$GAGSV,07,,41
2026-05-25T18:31:38.221897,$GAGSV,08,,43
2026-05-25T18:31:38.221897,$GAGSV,13,,44
2026-05-25T18:31:38.222509,$GAGSV,15,,44
2026-05-25T18:31:38.222509,$GAGSV,32,,42
2026-05-25T18:31:38.222509,$GAGSV,34,,40
2026-05-25T18:31:38.223710,$GBGSV,07,,46
2026-05-25T18:31:38.223710,$GBGSV,09,,42
2026-05-25T18:31:38.223710,$GBGSV,10,,46
2026-05-25T18:31:38.223710,$GBGSV,13,,45
2026-05-25T18:31:38.224375,$GBGSV,25,,47
2026-05-25T18:31:38.224375,$GBGSV,27,,30
2026-05-25T18:31:38.224375,$GBGSV,28,,43
2026-05-25T18:31:38.224375,$GBGSV,33,,43
2026-05-25T18:31:38.224862,$GBGSV,09,,43
2026-05-25T18:31:38.224862,$GBGSV,10,,45
2026-05-25T18:31:39.215737,$GPGSV,10,,33
2026-05-25T18:31:39.215737,$GPGSV,12,,28
2026-05-25T18:31:39.215737,$GPGSV,13,,36
2026-05-25T18:31:39.215737,$GPGSV,18,,43
2026-05-25T18:31:39.216534,$GPGSV,23,,45
2026-05-25T18:31:39.216534,$GPGSV,24,,26
2026-05-25T18:31:39.216534,$GPGSV,25,,39
2026-05-25T18:31:39.216534,$GPGSV,28,,43
2026-05-25T18:31:39.217257,$GPGSV,32,,38
2026-05-25T18:31:39.217257,$GPGSV,41,,47
2026-05-25T18:31:39.217257,$GPGSV,42,,46
2026-05-25T18:31:39.217257,$GPGSV,50,,39
2026-05-25T18:31:39.217981,$GPGSV,10,,27
2026-05-25T18:31:39.217981,$GPGSV,12,,33
2026-05-25T18:31:39.217981,$GPGSV,18,,45
2026-05-25T18:31:39.217981,$GPGSV,23,,45
2026-05-25T18:31:39.218700,$GPGSV,24,,21
2026-05-25T18:31:39.218700,$GPGSV,25,,33
2026-05-25T18:31:39.218700,$GPGSV,28,,40
2026-05-25T18:31:39.218700,$GPGSV,32,,36
2026-05-25T18:31:39.220444,$GLGSV,65,,29
2026-05-25T18:31:39.220444,$GLGSV,66,,34
2026-05-25T18:31:39.220444,$GLGSV,75,,36
2026-05-25T18:31:39.220444,$GLGSV,76,,47
2026-05-25T18:31:39.221058,$GLGSV,77,,38
2026-05-25T18:31:39.221058,$GLGSV,81,,38
2026-05-25T18:31:39.221058,$GLGSV,88,,46
2026-05-25T18:31:39.221777,$GLGSV,66,,23
2026-05-25T18:31:39.221777,$GLGSV,75,,35
2026-05-25T18:31:39.221777,$GLGSV,76,,45
2026-05-25T18:31:39.221777,$GLGSV,81,,37
2026-05-25T18:31:39.222184,$GLGSV,88,,46
2026-05-25T18:31:39.223476,$GAGSV,03,,32
2026-05-25T18:31:39.223476,$GAGSV,07,,45
2026-05-25T18:31:39.223476,$GAGSV,08,,46
2026-05-25T18:31:39.223476,$GAGSV,13,,48
2026-05-25T18:31:39.224076,$GAGSV,15,,48
2026-05-25T18:31:39.224076,$GAGSV,32,,44
2026-05-25T18:31:39.224076,$GAGSV,34,,38
2026-05-25T18:31:39.224769,$GAGSV,03,,29
2026-05-25T18:31:39.224769,$GAGSV,07,,41
2026-05-25T18:31:39.224769,$GAGSV,08,,43
2026-05-25T18:31:39.224769,$GAGSV,13,,44
2026-05-25T18:31:39.225373,$GAGSV,15,,44
2026-05-25T18:31:39.225373,$GAGSV,32,,42
2026-05-25T18:31:39.225373,$GAGSV,34,,40
2026-05-25T18:31:39.226602,$GBGSV,07,,46
2026-05-25T18:31:39.226602,$GBGSV,09,,42
2026-05-25T18:31:39.226602,$GBGSV,10,,46
2026-05-25T18:31:39.226602,$GBGSV,13,,45
2026-05-25T18:31:39.227318,$GBGSV,25,,47
2026-05-25T18:31:39.227318,$GBGSV,27,,30
2026-05-25T18:31:39.227318,$GBGSV,28,,43
2026-05-25T18:31:39.227318,$GBGSV,33,,43
2026-05-25T18:31:39.227818,$GBGSV,09,,43
2026-05-25T18:31:39.227818,$GBGSV,10,,45
2026-05-25T18:31:40.212657,$GPGSV,10,,33
2026-05-25T18:31:40.212657,$GPGSV,12,,27
2026-05-25T18:31:40.212657,$GPGSV,13,,35
2026-05-25T18:31:40.212657,$GPGSV,18,,42
2026-05-25T18:31:40.214015,$GPGSV,23,,45
2026-05-25T18:31:40.214015,$GPGSV,24,,27
2026-05-25T18:31:40.214015,$GPGSV,25,,39
2026-05-25T18:31:40.214015,$GPGSV,28,,43
2026-05-25T18:31:40.215365,$GPGSV,32,,37
2026-05-25T18:31:40.215365,$GPGSV,41,,47
2026-05-25T18:31:40.215365,$GPGSV,42,,46
2026-05-25T18:31:40.215365,$GPGSV,50,,39
2026-05-25T18:31:40.216675,$GPGSV,10,,27
2026-05-25T18:31:40.216675,$GPGSV,12,,33
2026-05-25T18:31:40.216675,$GPGSV,18,,46
2026-05-25T18:31:40.216675,$GPGSV,23,,45
2026-05-25T18:31:40.217976,$GPGSV,24,,21
2026-05-25T18:31:40.217976,$GPGSV,25,,33
2026-05-25T18:31:40.217976,$GPGSV,28,,39
2026-05-25T18:31:40.217976,$GPGSV,32,,36
2026-05-25T18:31:40.221261,$GLGSV,65,,30
2026-05-25T18:31:40.221261,$GLGSV,66,,34
2026-05-25T18:31:40.221261,$GLGSV,75,,36
2026-05-25T18:31:40.221261,$GLGSV,76,,47
2026-05-25T18:31:40.222377,$GLGSV,77,,38
2026-05-25T18:31:40.222377,$GLGSV,81,,38
2026-05-25T18:31:40.222377,$GLGSV,88,,46
2026-05-25T18:31:40.223811,$GLGSV,66,,23
2026-05-25T18:31:40.223811,$GLGSV,75,,35
2026-05-25T18:31:40.223811,$GLGSV,76,,45
2026-05-25T18:31:40.223811,$GLGSV,81,,37
2026-05-25T18:31:40.224568,$GLGSV,88,,46
2026-05-25T18:31:40.226962,$GAGSV,03,,33
2026-05-25T18:31:40.226962,$GAGSV,07,,45
2026-05-25T18:31:40.226962,$GAGSV,08,,46
2026-05-25T18:31:40.226962,$GAGSV,13,,48
2026-05-25T18:31:40.228221,$GAGSV,15,,49
2026-05-25T18:31:40.228221,$GAGSV,32,,45
2026-05-25T18:31:40.228221,$GAGSV,34,,39
2026-05-25T18:31:40.229503,$GAGSV,03,,28
2026-05-25T18:31:40.229503,$GAGSV,07,,41
2026-05-25T18:31:40.229503,$GAGSV,08,,43
2026-05-25T18:31:40.229503,$GAGSV,13,,44
2026-05-25T18:31:40.230612,$GAGSV,15,,44
2026-05-25T18:31:40.230612,$GAGSV,32,,42
2026-05-25T18:31:40.230612,$GAGSV,34,,40
2026-05-25T18:31:40.233146,$GBGSV,07,,46
2026-05-25T18:31:40.233146,$GBGSV,09,,42
2026-05-25T18:31:40.233146,$GBGSV,10,,46
2026-05-25T18:31:40.233146,$GBGSV,13,,45
2026-05-25T18:31:40.234466,$GBGSV,25,,47
2026-05-25T18:31:40.234466,$GBGSV,27,,29
2026-05-25T18:31:40.234466,$GBGSV,28,,44
2026-05-25T18:31:40.234466,$GBGSV,33,,43
2026-05-25T18:31:40.235441,$GBGSV,09,,43
2026-05-25T18:31:40.235441,$GBGSV,10,,45
2026-05-25T18:31:41.211957,$GPGSV,10,,34
2026-05-25T18:31:41.211957,$GPGSV,12,,28
2026-05-25T18:31:41.211957,$GPGSV,13,,36
2026-05-25T18:31:41.211957,$GPGSV,18,,43
2026-05-25T18:31:41.212785,$GPGSV,23,,45
2026-05-25T18:31:41.212785,$GPGSV,24,,26
2026-05-25T18:31:41.212785,$GPGSV,25,,39
2026-05-25T18:31:41.212785,$GPGSV,28,,43
2026-05-25T18:31:41.213589,$GPGSV,32,,37
2026-05-25T18:31:41.213589,$GPGSV,41,,47
2026-05-25T18:31:41.213589,$GPGSV,42,,46
2026-05-25T18:31:41.213589,$GPGSV,50,,39
2026-05-25T18:31:41.214362,$GPGSV,10,,27
2026-05-25T18:31:41.214362,$GPGSV,12,,33
2026-05-25T18:31:41.214362,$GPGSV,18,,45
2026-05-25T18:31:41.214362,$GPGSV,23,,45
2026-05-25T18:31:41.215099,$GPGSV,24,,21
2026-05-25T18:31:41.215099,$GPGSV,25,,33
2026-05-25T18:31:41.215099,$GPGSV,28,,40
2026-05-25T18:31:41.215099,$GPGSV,32,,36
2026-05-25T18:31:41.216872,$GLGSV,65,,30
2026-05-25T18:31:41.216872,$GLGSV,66,,33
2026-05-25T18:31:41.216872,$GLGSV,75,,36
2026-05-25T18:31:41.216872,$GLGSV,76,,47
2026-05-25T18:31:41.217494,$GLGSV,77,,38
2026-05-25T18:31:41.217494,$GLGSV,81,,39
2026-05-25T18:31:41.217494,$GLGSV,88,,46
2026-05-25T18:31:41.218220,$GLGSV,66,,22
2026-05-25T18:31:41.218220,$GLGSV,75,,35
2026-05-25T18:31:41.218220,$GLGSV,76,,45
2026-05-25T18:31:41.218220,$GLGSV,81,,38
2026-05-25T18:31:41.218630,$GLGSV,88,,46
2026-05-25T18:31:41.220042,$GAGSV,03,,33
2026-05-25T18:31:41.220042,$GAGSV,07,,45
2026-05-25T18:31:41.220042,$GAGSV,08,,46
2026-05-25T18:31:41.220042,$GAGSV,13,,48
2026-05-25T18:31:41.220667,$GAGSV,15,,49
2026-05-25T18:31:41.220667,$GAGSV,32,,45
2026-05-25T18:31:41.220667,$GAGSV,34,,38
2026-05-25T18:31:41.221388,$GAGSV,03,,29
2026-05-25T18:31:41.221388,$GAGSV,07,,41
2026-05-25T18:31:41.221388,$GAGSV,08,,43
2026-05-25T18:31:41.221388,$GAGSV,13,,44
2026-05-25T18:31:41.222069,$GAGSV,15,,44
2026-05-25T18:31:41.222069,$GAGSV,32,,42
2026-05-25T18:31:41.222069,$GAGSV,34,,40
2026-05-25T18:31:41.223464,$GBGSV,07,,46
2026-05-25T18:31:41.223464,$GBGSV,09,,42
2026-05-25T18:31:41.223464,$GBGSV,10,,46
2026-05-25T18:31:41.223464,$GBGSV,13,,45
2026-05-25T18:31:41.224159,$GBGSV,25,,47
2026-05-25T18:31:41.224159,$GBGSV,27,,29
2026-05-25T18:31:41.224159,$GBGSV,28,,44
2026-05-25T18:31:41.224159,$GBGSV,33,,43
2026-05-25T18:31:41.224846,$GBGSV,09,,43
2026-05-25T18:31:41.224846,$GBGSV,10,,45
2026-05-25T18:31:42.206973,$GPGSV,10,,34
2026-05-25T18:31:42.206973,$GPGSV,12,,28
2026-05-25T18:31:42.206973,$GPGSV,13,,36
2026-05-25T18:31:42.206973,$GPGSV,18,,43
2026-05-25T18:31:42.207878,$GPGSV,23,,45
2026-05-25T18:31:42.207878,$GPGSV,24,,26
2026-05-25T18:31:42.207878,$GPGSV,25,,39
2026-05-25T18:31:42.207878,$GPGSV,28,,43
2026-05-25T18:31:42.209006,$GPGSV,32,,37
2026-05-25T18:31:42.209006,$GPGSV,41,,47
2026-05-25T18:31:42.209006,$GPGSV,42,,46
2026-05-25T18:31:42.209006,$GPGSV,50,,39
2026-05-25T18:31:42.210074,$GPGSV,10,,27
2026-05-25T18:31:42.210074,$GPGSV,12,,33
2026-05-25T18:31:42.210074,$GPGSV,18,,45
2026-05-25T18:31:42.210074,$GPGSV,23,,45
2026-05-25T18:31:42.211258,$GPGSV,24,,22
2026-05-25T18:31:42.211258,$GPGSV,25,,33
2026-05-25T18:31:42.211258,$GPGSV,28,,40
2026-05-25T18:31:42.211258,$GPGSV,32,,36
2026-05-25T18:31:42.213076,$GLGSV,65,,30
2026-05-25T18:31:42.213076,$GLGSV,66,,33
2026-05-25T18:31:42.213076,$GLGSV,75,,36
2026-05-25T18:31:42.213076,$GLGSV,76,,47
2026-05-25T18:31:42.213688,$GLGSV,77,,38
2026-05-25T18:31:42.213688,$GLGSV,81,,39
2026-05-25T18:31:42.213688,$GLGSV,88,,46
2026-05-25T18:31:42.214367,$GLGSV,66,,22
2026-05-25T18:31:42.214367,$GLGSV,75,,35
2026-05-25T18:31:42.214367,$GLGSV,76,,45
2026-05-25T18:31:42.214367,$GLGSV,81,,38
2026-05-25T18:31:42.214969,$GLGSV,88,,46
2026-05-25T18:31:42.216843,$GAGSV,03,,32
2026-05-25T18:31:42.216843,$GAGSV,07,,45
2026-05-25T18:31:42.216843,$GAGSV,08,,46
2026-05-25T18:31:42.216843,$GAGSV,13,,48
2026-05-25T18:31:42.217864,$GAGSV,15,,49
2026-05-25T18:31:42.217864,$GAGSV,32,,45
2026-05-25T18:31:42.217864,$GAGSV,34,,39
2026-05-25T18:31:42.218987,$GAGSV,03,,29
2026-05-25T18:31:42.218987,$GAGSV,07,,42
2026-05-25T18:31:42.218987,$GAGSV,08,,43
2026-05-25T18:31:42.218987,$GAGSV,13,,44
2026-05-25T18:31:42.219944,$GAGSV,15,,44
2026-05-25T18:31:42.219944,$GAGSV,32,,42
2026-05-25T18:31:42.219944,$GAGSV,34,,40
2026-05-25T18:31:42.221870,$GBGSV,07,,46
2026-05-25T18:31:42.221870,$GBGSV,09,,43
2026-05-25T18:31:42.221870,$GBGSV,10,,46
2026-05-25T18:31:42.221870,$GBGSV,13,,45
2026-05-25T18:31:42.223130,$GBGSV,25,,47
2026-05-25T18:31:42.223130,$GBGSV,27,,28
2026-05-25T18:31:42.223130,$GBGSV,28,,44
2026-05-25T18:31:42.223130,$GBGSV,33,,43
2026-05-25T18:31:42.224018,$GBGSV,09,,43
2026-05-25T18:31:42.224018,$GBGSV,10,,45
2026-05-25T18:31:43.202910,$GPGSV,10,,34
2026-05-25T18:31:43.202910,$GPGSV,12,,28
2026-05-25T18:31:43.202910,$GPGSV,13,,36
2026-05-25T18:31:43.202910,$GPGSV,18,,43
2026-05-25T18:31:43.203801,$GPGSV,23,,45
2026-05-25T18:31:43.203801,$GPGSV,24,,26
2026-05-25T18:31:43.203801,$GPGSV,25,,39
2026-05-25T18:31:43.203801,$GPGSV,28,,43
2026-05-25T18:31:43.204678,$GPGSV,32,,37
2026-05-25T18:31:43.204678,$GPGSV,41,,47
2026-05-25T18:31:43.204678,$GPGSV,42,,46
2026-05-25T18:31:43.204678,$GPGSV,50,,39
2026-05-25T18:31:43.205556,$GPGSV,10,,27
2026-05-25T18:31:43.205556,$GPGSV,12,,33
2026-05-25T18:31:43.205556,$GPGSV,18,,45
2026-05-25T18:31:43.205556,$GPGSV,23,,45
2026-05-25T18:31:43.206754,$GPGSV,24,,21
2026-05-25T18:31:43.206754,$GPGSV,25,,33
2026-05-25T18:31:43.206754,$GPGSV,28,,40
2026-05-25T18:31:43.206754,$GPGSV,32,,36
2026-05-25T18:31:43.209258,$GLGSV,65,,31
2026-05-25T18:31:43.209258,$GLGSV,66,,33
2026-05-25T18:31:43.209258,$GLGSV,75,,35
2026-05-25T18:31:43.209258,$GLGSV,76,,47
2026-05-25T18:31:43.210311,$GLGSV,77,,38
2026-05-25T18:31:43.210311,$GLGSV,81,,39
2026-05-25T18:31:43.210311,$GLGSV,88,,46
2026-05-25T18:31:43.211544,$GLGSV,66,,22
2026-05-25T18:31:43.211544,$GLGSV,75,,35
2026-05-25T18:31:43.211544,$GLGSV,76,,45
2026-05-25T18:31:43.211544,$GLGSV,81,,38
2026-05-25T18:31:43.212241,$GLGSV,88,,46
2026-05-25T18:31:43.214239,$GAGSV,03,,33
2026-05-25T18:31:43.214239,$GAGSV,07,,45
2026-05-25T18:31:43.214239,$GAGSV,08,,46
2026-05-25T18:31:43.214239,$GAGSV,13,,48
2026-05-25T18:31:43.214829,$GAGSV,15,,49
2026-05-25T18:31:43.214829,$GAGSV,32,,45
2026-05-25T18:31:43.214829,$GAGSV,34,,39
2026-05-25T18:31:43.215517,$GAGSV,03,,29
2026-05-25T18:31:43.215517,$GAGSV,07,,42
2026-05-25T18:31:43.215517,$GAGSV,08,,43
2026-05-25T18:31:43.215517,$GAGSV,13,,44
2026-05-25T18:31:43.216122,$GAGSV,15,,44
2026-05-25T18:31:43.216122,$GAGSV,32,,42
2026-05-25T18:31:43.216122,$GAGSV,34,,39
2026-05-25T18:31:43.217347,$GBGSV,07,,46
2026-05-25T18:31:43.217347,$GBGSV,09,,42
2026-05-25T18:31:43.217347,$GBGSV,10,,46
2026-05-25T18:31:43.217347,$GBGSV,13,,45
2026-05-25T18:31:43.218108,$GBGSV,25,,47
2026-05-25T18:31:43.218108,$GBGSV,27,,28
2026-05-25T18:31:43.218108,$GBGSV,28,,44
2026-05-25T18:31:43.218108,$GBGSV,33,,43
2026-05-25T18:31:43.218752,$GBGSV,09,,43
2026-05-25T18:31:43.218752,$GBGSV,10,,45
2026-05-25T18:31:44.219874,$GPGSV,10,,33
2026-05-25T18:31:44.219874,$GPGSV,12,,28
2026-05-25T18:31:44.219874,$GPGSV,13,,37
2026-05-25T18:31:44.219874,$GPGSV,18,,43
2026-05-25T18:31:44.220620,$GPGSV,23,,45
2026-05-25T18:31:44.220620,$GPGSV,24,,26
2026-05-25T18:31:44.220620,$GPGSV,25,,39
2026-05-25T18:31:44.220620,$GPGSV,28,,43
2026-05-25T18:31:44.221341,$GPGSV,32,,37
2026-05-25T18:31:44.221341,$GPGSV,41,,47
2026-05-25T18:31:44.221341,$GPGSV,42,,46
2026-05-25T18:31:44.221341,$GPGSV,50,,39
2026-05-25T18:31:44.222066,$GPGSV,10,,26
2026-05-25T18:31:44.222066,$GPGSV,12,,33
2026-05-25T18:31:44.222066,$GPGSV,18,,45
2026-05-25T18:31:44.222066,$GPGSV,23,,45
2026-05-25T18:31:44.222794,$GPGSV,24,,21
2026-05-25T18:31:44.222794,$GPGSV,25,,33
2026-05-25T18:31:44.222794,$GPGSV,28,,40
2026-05-25T18:31:44.222794,$GPGSV,32,,36
2026-05-25T18:31:44.224542,$GLGSV,65,,31
2026-05-25T18:31:44.224542,$GLGSV,66,,32
2026-05-25T18:31:44.224542,$GLGSV,75,,35
2026-05-25T18:31:44.224542,$GLGSV,76,,47
2026-05-25T18:31:44.225173,$GLGSV,77,,38
2026-05-25T18:31:44.225173,$GLGSV,81,,40
2026-05-25T18:31:44.225173,$GLGSV,88,,46
2026-05-25T18:31:44.225851,$GLGSV,66,,22
2026-05-25T18:31:44.225851,$GLGSV,75,,35
2026-05-25T18:31:44.225851,$GLGSV,76,,44
2026-05-25T18:31:44.225851,$GLGSV,81,,38
2026-05-25T18:31:44.226377,$GLGSV,88,,46
2026-05-25T18:31:44.228514,$GAGSV,03,,33
2026-05-25T18:31:44.228514,$GAGSV,07,,45
2026-05-25T18:31:44.228514,$GAGSV,08,,46
2026-05-25T18:31:44.228514,$GAGSV,13,,48
2026-05-25T18:31:44.229564,$GAGSV,15,,49
2026-05-25T18:31:44.229564,$GAGSV,32,,44
2026-05-25T18:31:44.229564,$GAGSV,34,,39
2026-05-25T18:31:44.230898,$GAGSV,03,,29
2026-05-25T18:31:44.230898,$GAGSV,07,,42
2026-05-25T18:31:44.230898,$GAGSV,08,,43
2026-05-25T18:31:44.230898,$GAGSV,13,,44
2026-05-25T18:31:44.231676,$GAGSV,15,,44
2026-05-25T18:31:44.231676,$GAGSV,32,,42
2026-05-25T18:31:44.231676,$GAGSV,34,,39
2026-05-25T18:31:44.232915,$GBGSV,07,,46
2026-05-25T18:31:44.232915,$GBGSV,09,,42
2026-05-25T18:31:44.232915,$GBGSV,10,,46
2026-05-25T18:31:44.232915,$GBGSV,13,,45
2026-05-25T18:31:44.233650,$GBGSV,25,,47
2026-05-25T18:31:44.233650,$GBGSV,27,,28
2026-05-25T18:31:44.233650,$GBGSV,28,,44
2026-05-25T18:31:44.233650,$GBGSV,33,,43
2026-05-25T18:31:44.234152,$GBGSV,09,,43
2026-05-25T18:31:44.234152,$GBGSV,10,,45
2026-05-25T18:31:45.210171,$GPGSV,10,,33
2026-05-25T18:31:45.210171,$GPGSV,12,,28
2026-05-25T18:31:45.210171,$GPGSV,13,,37
2026-05-25T18:31:45.210171,$GPGSV,18,,43
2026-05-25T18:31:45.210893,$GPGSV,23,,45
2026-05-25T18:31:45.210893,$GPGSV,24,,26
2026-05-25T18:31:45.210893,$GPGSV,25,,38
2026-05-25T18:31:45.210893,$GPGSV,28,,43
2026-05-25T18:31:45.211610,$GPGSV,32,,37
2026-05-25T18:31:45.211610,$GPGSV,41,,47
2026-05-25T18:31:45.211610,$GPGSV,42,,46
2026-05-25T18:31:45.211610,$GPGSV,50,,39
2026-05-25T18:31:45.212306,$GPGSV,10,,26
2026-05-25T18:31:45.212306,$GPGSV,12,,34
2026-05-25T18:31:45.212306,$GPGSV,18,,46
2026-05-25T18:31:45.212306,$GPGSV,23,,45
2026-05-25T18:31:45.213000,$GPGSV,24,,23
2026-05-25T18:31:45.213000,$GPGSV,25,,34
2026-05-25T18:31:45.213000,$GPGSV,28,,40
2026-05-25T18:31:45.213000,$GPGSV,32,,36
2026-05-25T18:31:45.214664,$GLGSV,65,,31
2026-05-25T18:31:45.214664,$GLGSV,66,,31
2026-05-25T18:31:45.214664,$GLGSV,75,,35
2026-05-25T18:31:45.214664,$GLGSV,76,,47
2026-05-25T18:31:45.215274,$GLGSV,77,,38
2026-05-25T18:31:45.215274,$GLGSV,81,,40
2026-05-25T18:31:45.215274,$GLGSV,88,,46
2026-05-25T18:31:45.216020,$GLGSV,66,,23
2026-05-25T18:31:45.216020,$GLGSV,75,,36
2026-05-25T18:31:45.216020,$GLGSV,76,,46
2026-05-25T18:31:45.216020,$GLGSV,81,,39
2026-05-25T18:31:45.216420,$GLGSV,88,,47
2026-05-25T18:31:45.217763,$GAGSV,03,,33
2026-05-25T18:31:45.217763,$GAGSV,07,,45
2026-05-25T18:31:45.217763,$GAGSV,08,,47
2026-05-25T18:31:45.217763,$GAGSV,13,,49
2026-05-25T18:31:45.218541,$GAGSV,15,,49
2026-05-25T18:31:45.218541,$GAGSV,32,,45
2026-05-25T18:31:45.218541,$GAGSV,34,,38
2026-05-25T18:31:45.219443,$GAGSV,03,,29
2026-05-25T18:31:45.219443,$GAGSV,07,,42
2026-05-25T18:31:45.219443,$GAGSV,08,,43
2026-05-25T18:31:45.219443,$GAGSV,13,,44
2026-05-25T18:31:45.220205,$GAGSV,15,,44
2026-05-25T18:31:45.220205,$GAGSV,32,,42
2026-05-25T18:31:45.220205,$GAGSV,34,,39
2026-05-25T18:31:45.221654,$GBGSV,07,,46
2026-05-25T18:31:45.221654,$GBGSV,09,,42
2026-05-25T18:31:45.221654,$GBGSV,10,,46
2026-05-25T18:31:45.221654,$GBGSV,13,,45
2026-05-25T18:31:45.222508,$GBGSV,25,,47
2026-05-25T18:31:45.222508,$GBGSV,27,,28
2026-05-25T18:31:45.222508,$GBGSV,28,,44
2026-05-25T18:31:45.222508,$GBGSV,33,,43
2026-05-25T18:31:45.223245,$GBGSV,09,,45
2026-05-25T18:31:45.223245,$GBGSV,10,,46
