timestamp,sentence,sat_id,elevation,snr_db
2026-05-25T18:37:11.188058,$GPGSV,10,,38
2026-05-25T18:37:11.188058,$GPGSV,13,,22
2026-05-25T18:37:11.188058,$GPGSV,18,,42
2026-05-25T18:37:11.188058,$GPGSV,23,,43
2026-05-25T18:37:11.189449,$GPGSV,24,,25
2026-05-25T18:37:11.189449,$GPGSV,27,,27
2026-05-25T18:37:11.189449,$GPGSV,28,,32
2026-05-25T18:37:11.189449,$GPGSV,32,,31
2026-05-25T18:37:11.190773,$GPGSV,41,,43
2026-05-25T18:37:11.190773,$GPGSV,42,,42
2026-05-25T18:37:11.190773,$GPGSV,50,,39
2026-05-25T18:37:11.192149,$GPGSV,10,,33
2026-05-25T18:37:11.192149,$GPGSV,12,,13
2026-05-25T18:37:11.192149,$GPGSV,18,,38
2026-05-25T18:37:11.192149,$GPGSV,23,,39
2026-05-25T18:37:11.193418,$GPGSV,24,,18
2026-05-25T18:37:11.193418,$GPGSV,28,,25
2026-05-25T18:37:11.193418,$GPGSV,32,,21
2026-05-25T18:37:11.196151,$GLGSV,65,,15
2026-05-25T18:37:11.196151,$GLGSV,66,,31
2026-05-25T18:37:11.196151,$GLGSV,75,,12
2026-05-25T18:37:11.196151,$GLGSV,76,,43
2026-05-25T18:37:11.197253,$GLGSV,77,,12
2026-05-25T18:37:11.197253,$GLGSV,81,,33
2026-05-25T18:37:11.197253,$GLGSV,88,,39
2026-05-25T18:37:11.198267,$GLGSV,66,,36
2026-05-25T18:37:11.198267,$GLGSV,75,,20
2026-05-25T18:37:11.198267,$GLGSV,76,,38
2026-05-25T18:37:11.198267,$GLGSV,81,,33
2026-05-25T18:37:11.198941,$GLGSV,88,,37
2026-05-25T18:37:11.200449,$GAGSV,03,,19
2026-05-25T18:37:11.200449,$GAGSV,07,,28
2026-05-25T18:37:11.200449,$GAGSV,08,,38
2026-05-25T18:37:11.200449,$GAGSV,13,,32
2026-05-25T18:37:11.201128,$GAGSV,15,,40
2026-05-25T18:37:11.201128,$GAGSV,32,,35
2026-05-25T18:37:11.201997,$GAGSV,03,,21
2026-05-25T18:37:11.201997,$GAGSV,07,,28
2026-05-25T18:37:11.201997,$GAGSV,08,,42
2026-05-25T18:37:11.201997,$GAGSV,13,,30
2026-05-25T18:37:11.202671,$GAGSV,15,,43
2026-05-25T18:37:11.202671,$GAGSV,32,,37
2026-05-25T18:37:11.204512,$GBGSV,06,,40
2026-05-25T18:37:11.204512,$GBGSV,07,,44
2026-05-25T18:37:11.204512,$GBGSV,09,,39
2026-05-25T18:37:11.204512,$GBGSV,10,,43
2026-05-25T18:37:11.205283,$GBGSV,24,,26
2026-05-25T18:37:11.205283,$GBGSV,25,,43
2026-05-25T18:37:11.205283,$GBGSV,28,,42
2026-05-25T18:37:11.205283,$GBGSV,33,,29
2026-05-25T18:37:11.205949,$GBGSV,09,,34
2026-05-25T18:37:11.205949,$GBGSV,10,,38
2026-05-25T18:37:11.205949,$GBGSV,24,,07
2026-05-25T18:37:12.187948,$GPGSV,10,,38
2026-05-25T18:37:12.187948,$GPGSV,13,,23
2026-05-25T18:37:12.187948,$GPGSV,18,,42
2026-05-25T18:37:12.187948,$GPGSV,23,,44
2026-05-25T18:37:12.189543,$GPGSV,24,,24
2026-05-25T18:37:12.189543,$GPGSV,27,,27
2026-05-25T18:37:12.189543,$GPGSV,28,,31
2026-05-25T18:37:12.189543,$GPGSV,32,,30
2026-05-25T18:37:12.190473,$GPGSV,41,,43
2026-05-25T18:37:12.190473,$GPGSV,42,,42
2026-05-25T18:37:12.190473,$GPGSV,50,,39
2026-05-25T18:37:12.191530,$GPGSV,10,,33
2026-05-25T18:37:12.191530,$GPGSV,12,,12
2026-05-25T18:37:12.191530,$GPGSV,18,,38
2026-05-25T18:37:12.191530,$GPGSV,23,,38
2026-05-25T18:37:12.192439,$GPGSV,24,,17
2026-05-25T18:37:12.192439,$GPGSV,28,,25
2026-05-25T18:37:12.192439,$GPGSV,32,,20
2026-05-25T18:37:12.195556,$GLGSV,65,,15
2026-05-25T18:37:12.195556,$GLGSV,66,,32
2026-05-25T18:37:12.195556,$GLGSV,75,,14
2026-05-25T18:37:12.195556,$GLGSV,76,,44
2026-05-25T18:37:12.196434,$GLGSV,77,,12
2026-05-25T18:37:12.196434,$GLGSV,81,,34
2026-05-25T18:37:12.196434,$GLGSV,88,,40
2026-05-25T18:37:12.197243,$GLGSV,66,,36
2026-05-25T18:37:12.197243,$GLGSV,75,,19
2026-05-25T18:37:12.197243,$GLGSV,76,,38
2026-05-25T18:37:12.197243,$GLGSV,81,,33
2026-05-25T18:37:12.197720,$GLGSV,88,,37
2026-05-25T18:37:12.199686,$GAGSV,03,,18
2026-05-25T18:37:12.199686,$GAGSV,07,,28
2026-05-25T18:37:12.199686,$GAGSV,08,,38
2026-05-25T18:37:12.199686,$GAGSV,13,,32
2026-05-25T18:37:12.200504,$GAGSV,15,,40
2026-05-25T18:37:12.200504,$GAGSV,32,,35
2026-05-25T18:37:12.201781,$GAGSV,03,,22
2026-05-25T18:37:12.201781,$GAGSV,07,,27
2026-05-25T18:37:12.201781,$GAGSV,08,,42
2026-05-25T18:37:12.201781,$GAGSV,13,,30
2026-05-25T18:37:12.202749,$GAGSV,15,,43
2026-05-25T18:37:12.202749,$GAGSV,32,,36
2026-05-25T18:37:12.205128,$GBGSV,06,,40
2026-05-25T18:37:12.205128,$GBGSV,07,,44
2026-05-25T18:37:12.205128,$GBGSV,09,,39
2026-05-25T18:37:12.205128,$GBGSV,10,,44
2026-05-25T18:37:12.205805,$GBGSV,24,,25
2026-05-25T18:37:12.205805,$GBGSV,25,,43
2026-05-25T18:37:12.205805,$GBGSV,28,,42
2026-05-25T18:37:12.205805,$GBGSV,33,,28
2026-05-25T18:37:12.206350,$GBGSV,09,,35
2026-05-25T18:37:12.206350,$GBGSV,10,,38
2026-05-25T18:37:12.206350,$GBGSV,24,,08
2026-05-25T18:37:13.189079,$GPGSV,10,,38
2026-05-25T18:37:13.189079,$GPGSV,13,,24
2026-05-25T18:37:13.189079,$GPGSV,18,,42
2026-05-25T18:37:13.189079,$GPGSV,23,,44
2026-05-25T18:37:13.191874,$GPGSV,24,,23
2026-05-25T18:37:13.191874,$GPGSV,27,,28
2026-05-25T18:37:13.191874,$GPGSV,28,,31
2026-05-25T18:37:13.191874,$GPGSV,32,,30
2026-05-25T18:37:13.194303,$GPGSV,41,,43
2026-05-25T18:37:13.194303,$GPGSV,42,,42
2026-05-25T18:37:13.194303,$GPGSV,50,,39
2026-05-25T18:37:13.197060,$GPGSV,10,,34
2026-05-25T18:37:13.197060,$GPGSV,12,,10
2026-05-25T18:37:13.197060,$GPGSV,18,,38
2026-05-25T18:37:13.197060,$GPGSV,23,,39
2026-05-25T18:37:13.199545,$GPGSV,24,,17
2026-05-25T18:37:13.199545,$GPGSV,28,,26
2026-05-25T18:37:13.199545,$GPGSV,32,,19
2026-05-25T18:37:13.206008,$GLGSV,65,,19
2026-05-25T18:37:13.206008,$GLGSV,66,,33
2026-05-25T18:37:13.206008,$GLGSV,75,,17
2026-05-25T18:37:13.206008,$GLGSV,76,,44
2026-05-25T18:37:13.207640,$GLGSV,77,,12
2026-05-25T18:37:13.207640,$GLGSV,81,,34
2026-05-25T18:37:13.207640,$GLGSV,88,,40
2026-05-25T18:37:13.209610,$GLGSV,66,,37
2026-05-25T18:37:13.209610,$GLGSV,75,,18
2026-05-25T18:37:13.209610,$GLGSV,76,,38
2026-05-25T18:37:13.209610,$GLGSV,81,,34
2026-05-25T18:37:13.210835,$GLGSV,88,,37
2026-05-25T18:37:13.213120,$GAGSV,03,,18
2026-05-25T18:37:13.213120,$GAGSV,07,,27
2026-05-25T18:37:13.213120,$GAGSV,08,,38
2026-05-25T18:37:13.213120,$GAGSV,13,,32
2026-05-25T18:37:13.214142,$GAGSV,15,,40
2026-05-25T18:37:13.214142,$GAGSV,32,,35
2026-05-25T18:37:13.215645,$GAGSV,03,,22
2026-05-25T18:37:13.215645,$GAGSV,07,,27
2026-05-25T18:37:13.215645,$GAGSV,08,,42
2026-05-25T18:37:13.215645,$GAGSV,13,,30
2026-05-25T18:37:13.216517,$GAGSV,15,,43
2026-05-25T18:37:13.216517,$GAGSV,32,,36
2026-05-25T18:37:13.218987,$GBGSV,06,,40
2026-05-25T18:37:13.218987,$GBGSV,07,,44
2026-05-25T18:37:13.218987,$GBGSV,09,,39
2026-05-25T18:37:13.218987,$GBGSV,10,,45
2026-05-25T18:37:13.220123,$GBGSV,24,,24
2026-05-25T18:37:13.220123,$GBGSV,25,,43
2026-05-25T18:37:13.220123,$GBGSV,28,,43
2026-05-25T18:37:13.220123,$GBGSV,33,,28
2026-05-25T18:37:13.221047,$GBGSV,09,,35
2026-05-25T18:37:13.221047,$GBGSV,10,,38
2026-05-25T18:37:13.221047,$GBGSV,24,,08
2026-05-25T18:37:14.189038,$GPGSV,10,,38
2026-05-25T18:37:14.189038,$GPGSV,13,,25
2026-05-25T18:37:14.189038,$GPGSV,18,,42
2026-05-25T18:37:14.189038,$GPGSV,23,,44
2026-05-25T18:37:14.190892,$GPGSV,24,,23
2026-05-25T18:37:14.190892,$GPGSV,27,,28
2026-05-25T18:37:14.190892,$GPGSV,28,,31
2026-05-25T18:37:14.190892,$GPGSV,32,,31
2026-05-25T18:37:14.193181,$GPGSV,41,,43
2026-05-25T18:37:14.193181,$GPGSV,42,,42
2026-05-25T18:37:14.193181,$GPGSV,50,,39
2026-05-25T18:37:14.195838,$GPGSV,10,,34
2026-05-25T18:37:14.195838,$GPGSV,12,,12
2026-05-25T18:37:14.195838,$GPGSV,18,,39
2026-05-25T18:37:14.195838,$GPGSV,23,,39
2026-05-25T18:37:14.197991,$GPGSV,24,,18
2026-05-25T18:37:14.197991,$GPGSV,28,,26
2026-05-25T18:37:14.197991,$GPGSV,32,,20
2026-05-25T18:37:14.203156,$GLGSV,65,,20
2026-05-25T18:37:14.203156,$GLGSV,66,,32
2026-05-25T18:37:14.203156,$GLGSV,75,,19
2026-05-25T18:37:14.203156,$GLGSV,76,,44
2026-05-25T18:37:14.204449,$GLGSV,77,,12
2026-05-25T18:37:14.204449,$GLGSV,81,,34
2026-05-25T18:37:14.204449,$GLGSV,88,,40
2026-05-25T18:37:14.205916,$GLGSV,66,,36
2026-05-25T18:37:14.205916,$GLGSV,75,,18
2026-05-25T18:37:14.205916,$GLGSV,76,,38
2026-05-25T18:37:14.205916,$GLGSV,81,,34
2026-05-25T18:37:14.206843,$GLGSV,88,,37
2026-05-25T18:37:14.211049,$GAGSV,03,,18
2026-05-25T18:37:14.211049,$GAGSV,07,,27
2026-05-25T18:37:14.211049,$GAGSV,08,,38
2026-05-25T18:37:14.211049,$GAGSV,13,,31
2026-05-25T18:37:14.212924,$GAGSV,15,,40
2026-05-25T18:37:14.212924,$GAGSV,32,,34
2026-05-25T18:37:14.215453,$GAGSV,03,,22
2026-05-25T18:37:14.215453,$GAGSV,07,,27
2026-05-25T18:37:14.215453,$GAGSV,08,,41
2026-05-25T18:37:14.215453,$GAGSV,13,,30
2026-05-25T18:37:14.217171,$GAGSV,15,,43
2026-05-25T18:37:14.217171,$GAGSV,32,,35
2026-05-25T18:37:14.221770,$GBGSV,06,,40
2026-05-25T18:37:14.221770,$GBGSV,07,,44
2026-05-25T18:37:14.221770,$GBGSV,09,,39
2026-05-25T18:37:14.221770,$GBGSV,10,,44
2026-05-25T18:37:14.223440,$GBGSV,24,,24
2026-05-25T18:37:14.223440,$GBGSV,25,,42
2026-05-25T18:37:14.223440,$GBGSV,28,,42
2026-05-25T18:37:14.223440,$GBGSV,33,,28
2026-05-25T18:37:14.224687,$GBGSV,09,,35
2026-05-25T18:37:14.224687,$GBGSV,10,,38
2026-05-25T18:37:14.224687,$GBGSV,24,,08
2026-05-25T18:37:15.184139,$GPGSV,10,,38
2026-05-25T18:37:15.184139,$GPGSV,13,,24
2026-05-25T18:37:15.184139,$GPGSV,18,,41
2026-05-25T18:37:15.184139,$GPGSV,23,,44
2026-05-25T18:37:15.184898,$GPGSV,24,,23
2026-05-25T18:37:15.184898,$GPGSV,27,,27
2026-05-25T18:37:15.184898,$GPGSV,28,,31
2026-05-25T18:37:15.184898,$GPGSV,32,,29
2026-05-25T18:37:15.185499,$GPGSV,41,,42
2026-05-25T18:37:15.185499,$GPGSV,42,,42
2026-05-25T18:37:15.185499,$GPGSV,50,,39
2026-05-25T18:37:15.186200,$GPGSV,10,,34
2026-05-25T18:37:15.186200,$GPGSV,12,,13
2026-05-25T18:37:15.186200,$GPGSV,18,,39
2026-05-25T18:37:15.186200,$GPGSV,23,,39
2026-05-25T18:37:15.186802,$GPGSV,24,,19
2026-05-25T18:37:15.186802,$GPGSV,28,,26
2026-05-25T18:37:15.186802,$GPGSV,32,,20
2026-05-25T18:37:15.188499,$GLGSV,65,,19
2026-05-25T18:37:15.188499,$GLGSV,66,,32
2026-05-25T18:37:15.188499,$GLGSV,75,,23
2026-05-25T18:37:15.188499,$GLGSV,76,,44
2026-05-25T18:37:15.189099,$GLGSV,77,,11
2026-05-25T18:37:15.189099,$GLGSV,81,,35
2026-05-25T18:37:15.189099,$GLGSV,88,,39
2026-05-25T18:37:15.189798,$GLGSV,66,,36
2026-05-25T18:37:15.189798,$GLGSV,75,,19
2026-05-25T18:37:15.189798,$GLGSV,76,,38
2026-05-25T18:37:15.189798,$GLGSV,81,,35
2026-05-25T18:37:15.190199,$GLGSV,88,,37
2026-05-25T18:37:15.191642,$GAGSV,03,,18
2026-05-25T18:37:15.191642,$GAGSV,07,,27
2026-05-25T18:37:15.191642,$GAGSV,08,,38
2026-05-25T18:37:15.191642,$GAGSV,13,,32
2026-05-25T18:37:15.192538,$GAGSV,15,,40
2026-05-25T18:37:15.192538,$GAGSV,32,,34
2026-05-25T18:37:15.193883,$GAGSV,03,,22
2026-05-25T18:37:15.193883,$GAGSV,07,,28
2026-05-25T18:37:15.193883,$GAGSV,08,,41
2026-05-25T18:37:15.193883,$GAGSV,13,,29
2026-05-25T18:37:15.194810,$GAGSV,15,,42
2026-05-25T18:37:15.194810,$GAGSV,32,,35
2026-05-25T18:37:15.198854,$GBGSV,06,,40
2026-05-25T18:37:15.198854,$GBGSV,07,,44
2026-05-25T18:37:15.198854,$GBGSV,09,,38
2026-05-25T18:37:15.198854,$GBGSV,10,,44
2026-05-25T18:37:15.200049,$GBGSV,24,,24
2026-05-25T18:37:15.200049,$GBGSV,25,,42
2026-05-25T18:37:15.200049,$GBGSV,28,,42
2026-05-25T18:37:15.200049,$GBGSV,33,,29
2026-05-25T18:37:15.200722,$GBGSV,09,,35
2026-05-25T18:37:15.200722,$GBGSV,10,,38
2026-05-25T18:37:16.186434,$GPGSV,10,,38
2026-05-25T18:37:16.186434,$GPGSV,12,,22
2026-05-25T18:37:16.186434,$GPGSV,13,,25
2026-05-25T18:37:16.186434,$GPGSV,18,,42
2026-05-25T18:37:16.189320,$GPGSV,23,,44
2026-05-25T18:37:16.189320,$GPGSV,24,,22
2026-05-25T18:37:16.189320,$GPGSV,27,,27
2026-05-25T18:37:16.189320,$GPGSV,28,,31
2026-05-25T18:37:16.192091,$GPGSV,32,,29
2026-05-25T18:37:16.192091,$GPGSV,41,,43
2026-05-25T18:37:16.192091,$GPGSV,42,,42
2026-05-25T18:37:16.192091,$GPGSV,50,,39
2026-05-25T18:37:16.194895,$GPGSV,10,,34
2026-05-25T18:37:16.194895,$GPGSV,12,,11
2026-05-25T18:37:16.194895,$GPGSV,18,,38
2026-05-25T18:37:16.194895,$GPGSV,23,,39
2026-05-25T18:37:16.197398,$GPGSV,24,,17
2026-05-25T18:37:16.197398,$GPGSV,28,,25
2026-05-25T18:37:16.197398,$GPGSV,32,,20
2026-05-25T18:37:16.203218,$GLGSV,65,,16
2026-05-25T18:37:16.203218,$GLGSV,66,,31
2026-05-25T18:37:16.203218,$GLGSV,75,,25
2026-05-25T18:37:16.203218,$GLGSV,76,,44
2026-05-25T18:37:16.204797,$GLGSV,77,,09
2026-05-25T18:37:16.204797,$GLGSV,81,,35
2026-05-25T18:37:16.204797,$GLGSV,88,,40
2026-05-25T18:37:16.206567,$GLGSV,66,,37
2026-05-25T18:37:16.206567,$GLGSV,75,,19
2026-05-25T18:37:16.206567,$GLGSV,76,,38
2026-05-25T18:37:16.206567,$GLGSV,81,,36
2026-05-25T18:37:16.207667,$GLGSV,88,,37
2026-05-25T18:37:16.209777,$GAGSV,03,,18
2026-05-25T18:37:16.209777,$GAGSV,07,,27
2026-05-25T18:37:16.209777,$GAGSV,08,,37
2026-05-25T18:37:16.209777,$GAGSV,13,,32
2026-05-25T18:37:16.210337,$GAGSV,15,,40
2026-05-25T18:37:16.210337,$GAGSV,32,,34
2026-05-25T18:37:16.211061,$GAGSV,03,,21
2026-05-25T18:37:16.211061,$GAGSV,07,,28
2026-05-25T18:37:16.211061,$GAGSV,08,,42
2026-05-25T18:37:16.211061,$GAGSV,13,,31
2026-05-25T18:37:16.211633,$GAGSV,15,,42
2026-05-25T18:37:16.211633,$GAGSV,32,,35
2026-05-25T18:37:16.213308,$GBGSV,06,,40
2026-05-25T18:37:16.213308,$GBGSV,07,,44
2026-05-25T18:37:16.213308,$GBGSV,09,,39
2026-05-25T18:37:16.213308,$GBGSV,10,,44
2026-05-25T18:37:16.214034,$GBGSV,24,,23
2026-05-25T18:37:16.214034,$GBGSV,25,,43
2026-05-25T18:37:16.214034,$GBGSV,28,,42
2026-05-25T18:37:16.214034,$GBGSV,33,,30
2026-05-25T18:37:16.214590,$GBGSV,09,,35
2026-05-25T18:37:16.214590,$GBGSV,10,,38
2026-05-25T18:37:17.180477,$GPGSV,10,,39
2026-05-25T18:37:17.180477,$GPGSV,12,,21
2026-05-25T18:37:17.180477,$GPGSV,13,,26
2026-05-25T18:37:17.180477,$GPGSV,18,,42
2026-05-25T18:37:17.181437,$GPGSV,23,,44
2026-05-25T18:37:17.181437,$GPGSV,24,,22
2026-05-25T18:37:17.181437,$GPGSV,27,,28
2026-05-25T18:37:17.181437,$GPGSV,28,,30
2026-05-25T18:37:17.182317,$GPGSV,32,,28
2026-05-25T18:37:17.182317,$GPGSV,41,,43
2026-05-25T18:37:17.182317,$GPGSV,42,,42
2026-05-25T18:37:17.182317,$GPGSV,50,,39
2026-05-25T18:37:17.183213,$GPGSV,10,,34
2026-05-25T18:37:17.183213,$GPGSV,12,,09
2026-05-25T18:37:17.183213,$GPGSV,18,,38
2026-05-25T18:37:17.183213,$GPGSV,23,,39
2026-05-25T18:37:17.184254,$GPGSV,24,,16
2026-05-25T18:37:17.184254,$GPGSV,28,,25
2026-05-25T18:37:17.184254,$GPGSV,32,,19
2026-05-25T18:37:17.186361,$GLGSV,65,,17
2026-05-25T18:37:17.186361,$GLGSV,66,,31
2026-05-25T18:37:17.186361,$GLGSV,75,,24
2026-05-25T18:37:17.186361,$GLGSV,76,,44
2026-05-25T18:37:17.187017,$GLGSV,81,,36
2026-05-25T18:37:17.187017,$GLGSV,88,,40
2026-05-25T18:37:17.187870,$GLGSV,66,,37
2026-05-25T18:37:17.187870,$GLGSV,75,,19
2026-05-25T18:37:17.187870,$GLGSV,76,,38
2026-05-25T18:37:17.187870,$GLGSV,81,,35
2026-05-25T18:37:17.188431,$GLGSV,88,,37
2026-05-25T18:37:17.189932,$GAGSV,03,,19
2026-05-25T18:37:17.189932,$GAGSV,07,,27
2026-05-25T18:37:17.189932,$GAGSV,08,,37
2026-05-25T18:37:17.189932,$GAGSV,13,,32
2026-05-25T18:37:17.190561,$GAGSV,15,,40
2026-05-25T18:37:17.190561,$GAGSV,32,,35
2026-05-25T18:37:17.191383,$GAGSV,03,,21
2026-05-25T18:37:17.191383,$GAGSV,07,,29
2026-05-25T18:37:17.191383,$GAGSV,08,,42
2026-05-25T18:37:17.191383,$GAGSV,13,,31
2026-05-25T18:37:17.192079,$GAGSV,15,,42
2026-05-25T18:37:17.192079,$GAGSV,32,,36
2026-05-25T18:37:17.193720,$GBGSV,06,,40
2026-05-25T18:37:17.193720,$GBGSV,07,,44
2026-05-25T18:37:17.193720,$GBGSV,09,,38
2026-05-25T18:37:17.193720,$GBGSV,10,,44
2026-05-25T18:37:17.194347,$GBGSV,24,,23
2026-05-25T18:37:17.194347,$GBGSV,25,,43
2026-05-25T18:37:17.194347,$GBGSV,28,,42
2026-05-25T18:37:17.194347,$GBGSV,33,,29
2026-05-25T18:37:17.194823,$GBGSV,09,,35
2026-05-25T18:37:17.194823,$GBGSV,10,,38
2026-05-25T18:37:18.193992,$GPGSV,10,,39
2026-05-25T18:37:18.193992,$GPGSV,12,,20
2026-05-25T18:37:18.193992,$GPGSV,13,,26
2026-05-25T18:37:18.193992,$GPGSV,18,,42
2026-05-25T18:37:18.196834,$GPGSV,23,,44
2026-05-25T18:37:18.196834,$GPGSV,24,,22
2026-05-25T18:37:18.196834,$GPGSV,27,,28
2026-05-25T18:37:18.196834,$GPGSV,28,,29
2026-05-25T18:37:18.199118,$GPGSV,32,,29
2026-05-25T18:37:18.199118,$GPGSV,41,,43
2026-05-25T18:37:18.199118,$GPGSV,42,,42
2026-05-25T18:37:18.199118,$GPGSV,50,,39
2026-05-25T18:37:18.201480,$GPGSV,10,,34
2026-05-25T18:37:18.201480,$GPGSV,12,,08
2026-05-25T18:37:18.201480,$GPGSV,18,,38
2026-05-25T18:37:18.201480,$GPGSV,23,,39
2026-05-25T18:37:18.202881,$GPGSV,24,,15
2026-05-25T18:37:18.202881,$GPGSV,28,,26
2026-05-25T18:37:18.202881,$GPGSV,32,,20
2026-05-25T18:37:18.206325,$GLGSV,65,,17
2026-05-25T18:37:18.206325,$GLGSV,66,,30
2026-05-25T18:37:18.206325,$GLGSV,75,,25
2026-05-25T18:37:18.206325,$GLGSV,76,,44
2026-05-25T18:37:18.207296,$GLGSV,81,,37
2026-05-25T18:37:18.207296,$GLGSV,88,,40
2026-05-25T18:37:18.208621,$GLGSV,66,,37
2026-05-25T18:37:18.208621,$GLGSV,75,,18
2026-05-25T18:37:18.208621,$GLGSV,76,,39
2026-05-25T18:37:18.208621,$GLGSV,81,,35
2026-05-25T18:37:18.209496,$GLGSV,88,,37
2026-05-25T18:37:18.211928,$GAGSV,03,,19
2026-05-25T18:37:18.211928,$GAGSV,07,,27
2026-05-25T18:37:18.211928,$GAGSV,08,,37
2026-05-25T18:37:18.211928,$GAGSV,13,,32
2026-05-25T18:37:18.212744,$GAGSV,15,,40
2026-05-25T18:37:18.212744,$GAGSV,32,,35
2026-05-25T18:37:18.213842,$GAGSV,03,,21
2026-05-25T18:37:18.213842,$GAGSV,07,,28
2026-05-25T18:37:18.213842,$GAGSV,08,,42
2026-05-25T18:37:18.213842,$GAGSV,13,,30
2026-05-25T18:37:18.214664,$GAGSV,15,,42
2026-05-25T18:37:18.214664,$GAGSV,32,,35
2026-05-25T18:37:18.217506,$GBGSV,06,,40
2026-05-25T18:37:18.217506,$GBGSV,07,,44
2026-05-25T18:37:18.217506,$GBGSV,09,,38
2026-05-25T18:37:18.217506,$GBGSV,10,,44
2026-05-25T18:37:18.218387,$GBGSV,24,,22
2026-05-25T18:37:18.218387,$GBGSV,25,,42
2026-05-25T18:37:18.218387,$GBGSV,28,,42
2026-05-25T18:37:18.218387,$GBGSV,33,,29
2026-05-25T18:37:18.219073,$GBGSV,09,,35
2026-05-25T18:37:18.219073,$GBGSV,10,,38
2026-05-25T18:37:19.184897,$GPGSV,10,,39
2026-05-25T18:37:19.184897,$GPGSV,12,,21
2026-05-25T18:37:19.184897,$GPGSV,13,,27
2026-05-25T18:37:19.184897,$GPGSV,18,,42
2026-05-25T18:37:19.186751,$GPGSV,23,,44
2026-05-25T18:37:19.186751,$GPGSV,24,,20
2026-05-25T18:37:19.186751,$GPGSV,27,,28
2026-05-25T18:37:19.186751,$GPGSV,28,,29
2026-05-25T18:37:19.188621,$GPGSV,32,,28
2026-05-25T18:37:19.188621,$GPGSV,41,,43
2026-05-25T18:37:19.188621,$GPGSV,42,,42
2026-05-25T18:37:19.188621,$GPGSV,50,,39
2026-05-25T18:37:19.190419,$GPGSV,10,,34
2026-05-25T18:37:19.190419,$GPGSV,12,,08
2026-05-25T18:37:19.190419,$GPGSV,18,,38
2026-05-25T18:37:19.190419,$GPGSV,23,,39
2026-05-25T18:37:19.191955,$GPGSV,24,,15
2026-05-25T18:37:19.191955,$GPGSV,28,,26
2026-05-25T18:37:19.191955,$GPGSV,32,,19
2026-05-25T18:37:19.195578,$GLGSV,65,,15
2026-05-25T18:37:19.195578,$GLGSV,66,,32
2026-05-25T18:37:19.195578,$GLGSV,75,,27
2026-05-25T18:37:19.195578,$GLGSV,76,,43
2026-05-25T18:37:19.196773,$GLGSV,81,,37
2026-05-25T18:37:19.196773,$GLGSV,88,,40
2026-05-25T18:37:19.197998,$GLGSV,66,,38
2026-05-25T18:37:19.197998,$GLGSV,75,,19
2026-05-25T18:37:19.197998,$GLGSV,76,,38
2026-05-25T18:37:19.197998,$GLGSV,81,,35
2026-05-25T18:37:19.198655,$GLGSV,88,,37
2026-05-25T18:37:19.200385,$GAGSV,03,,18
2026-05-25T18:37:19.200385,$GAGSV,07,,27
2026-05-25T18:37:19.200385,$GAGSV,08,,37
2026-05-25T18:37:19.200385,$GAGSV,13,,32
2026-05-25T18:37:19.201002,$GAGSV,15,,40
2026-05-25T18:37:19.201002,$GAGSV,32,,35
2026-05-25T18:37:19.201856,$GAGSV,03,,23
2026-05-25T18:37:19.201856,$GAGSV,07,,28
2026-05-25T18:37:19.201856,$GAGSV,08,,42
2026-05-25T18:37:19.201856,$GAGSV,13,,30
2026-05-25T18:37:19.202403,$GAGSV,15,,42
2026-05-25T18:37:19.202403,$GAGSV,32,,35
2026-05-25T18:37:19.204130,$GBGSV,06,,40
2026-05-25T18:37:19.204130,$GBGSV,07,,44
2026-05-25T18:37:19.204130,$GBGSV,09,,38
2026-05-25T18:37:19.204130,$GBGSV,10,,44
2026-05-25T18:37:19.204821,$GBGSV,24,,23
2026-05-25T18:37:19.204821,$GBGSV,25,,43
2026-05-25T18:37:19.204821,$GBGSV,28,,42
2026-05-25T18:37:19.204821,$GBGSV,33,,30
2026-05-25T18:37:19.205322,$GBGSV,09,,35
2026-05-25T18:37:19.205322,$GBGSV,10,,38
2026-05-25T18:37:20.193851,$GPGSV,10,,39
2026-05-25T18:37:20.193851,$GPGSV,12,,21
2026-05-25T18:37:20.193851,$GPGSV,13,,27
2026-05-25T18:37:20.193851,$GPGSV,18,,41
2026-05-25T18:37:20.197003,$GPGSV,23,,44
2026-05-25T18:37:20.197003,$GPGSV,24,,20
2026-05-25T18:37:20.197003,$GPGSV,27,,27
2026-05-25T18:37:20.197003,$GPGSV,28,,29
2026-05-25T18:37:20.199807,$GPGSV,32,,28
2026-05-25T18:37:20.199807,$GPGSV,41,,43
2026-05-25T18:37:20.199807,$GPGSV,42,,42
2026-05-25T18:37:20.199807,$GPGSV,50,,39
2026-05-25T18:37:20.202531,$GPGSV,10,,34
2026-05-25T18:37:20.202531,$GPGSV,12,,10
2026-05-25T18:37:20.202531,$GPGSV,18,,38
2026-05-25T18:37:20.202531,$GPGSV,23,,39
2026-05-25T18:37:20.205040,$GPGSV,24,,14
2026-05-25T18:37:20.205040,$GPGSV,28,,26
2026-05-25T18:37:20.205040,$GPGSV,32,,19
2026-05-25T18:37:20.210553,$GLGSV,65,,15
2026-05-25T18:37:20.210553,$GLGSV,66,,33
2026-05-25T18:37:20.210553,$GLGSV,75,,26
2026-05-25T18:37:20.210553,$GLGSV,76,,43
2026-05-25T18:37:20.211973,$GLGSV,81,,37
2026-05-25T18:37:20.211973,$GLGSV,88,,40
2026-05-25T18:37:20.213767,$GLGSV,66,,38
2026-05-25T18:37:20.213767,$GLGSV,75,,20
2026-05-25T18:37:20.213767,$GLGSV,76,,38
2026-05-25T18:37:20.213767,$GLGSV,81,,35
2026-05-25T18:37:20.214673,$GLGSV,88,,38
2026-05-25T18:37:20.217111,$GAGSV,03,,18
2026-05-25T18:37:20.217111,$GAGSV,07,,28
2026-05-25T18:37:20.217111,$GAGSV,08,,38
2026-05-25T18:37:20.217111,$GAGSV,13,,32
2026-05-25T18:37:20.218136,$GAGSV,15,,40
2026-05-25T18:37:20.218136,$GAGSV,32,,35
2026-05-25T18:37:20.219363,$GAGSV,03,,23
2026-05-25T18:37:20.219363,$GAGSV,07,,29
2026-05-25T18:37:20.219363,$GAGSV,08,,42
2026-05-25T18:37:20.219363,$GAGSV,13,,30
2026-05-25T18:37:20.220180,$GAGSV,15,,42
2026-05-25T18:37:20.220180,$GAGSV,32,,36
2026-05-25T18:37:20.222646,$GBGSV,06,,40
2026-05-25T18:37:20.222646,$GBGSV,07,,44
2026-05-25T18:37:20.222646,$GBGSV,09,,38
2026-05-25T18:37:20.222646,$GBGSV,10,,44
2026-05-25T18:37:20.223712,$GBGSV,24,,26
2026-05-25T18:37:20.223712,$GBGSV,25,,43
2026-05-25T18:37:20.223712,$GBGSV,28,,43
2026-05-25T18:37:20.223712,$GBGSV,33,,30
2026-05-25T18:37:20.224413,$GBGSV,09,,35
2026-05-25T18:37:20.224413,$GBGSV,10,,38
2026-05-25T18:37:21.193022,$GPGSV,10,,39
2026-05-25T18:37:21.193022,$GPGSV,12,,20
2026-05-25T18:37:21.193022,$GPGSV,13,,26
2026-05-25T18:37:21.193022,$GPGSV,18,,41
2026-05-25T18:37:21.195819,$GPGSV,23,,45
2026-05-25T18:37:21.195819,$GPGSV,24,,19
2026-05-25T18:37:21.195819,$GPGSV,27,,27
2026-05-25T18:37:21.195819,$GPGSV,28,,28
2026-05-25T18:37:21.198543,$GPGSV,32,,29
2026-05-25T18:37:21.198543,$GPGSV,41,,43
2026-05-25T18:37:21.198543,$GPGSV,42,,42
2026-05-25T18:37:21.198543,$GPGSV,50,,39
2026-05-25T18:37:21.201284,$GPGSV,10,,34
2026-05-25T18:37:21.201284,$GPGSV,12,,10
2026-05-25T18:37:21.201284,$GPGSV,18,,38
2026-05-25T18:37:21.201284,$GPGSV,23,,39
2026-05-25T18:37:21.203764,$GPGSV,24,,14
2026-05-25T18:37:21.203764,$GPGSV,28,,26
2026-05-25T18:37:21.203764,$GPGSV,32,,20
2026-05-25T18:37:21.209722,$GLGSV,65,,16
2026-05-25T18:37:21.209722,$GLGSV,66,,33
2026-05-25T18:37:21.209722,$GLGSV,75,,27
2026-05-25T18:37:21.209722,$GLGSV,76,,43
2026-05-25T18:37:21.210819,$GLGSV,81,,37
2026-05-25T18:37:21.210819,$GLGSV,88,,40
2026-05-25T18:37:21.212255,$GLGSV,66,,38
2026-05-25T18:37:21.212255,$GLGSV,75,,20
2026-05-25T18:37:21.212255,$GLGSV,76,,38
2026-05-25T18:37:21.212255,$GLGSV,81,,35
2026-05-25T18:37:21.213063,$GLGSV,88,,37
2026-05-25T18:37:21.215273,$GAGSV,03,,18
2026-05-25T18:37:21.215273,$GAGSV,07,,28
2026-05-25T18:37:21.215273,$GAGSV,08,,38
2026-05-25T18:37:21.215273,$GAGSV,13,,32
2026-05-25T18:37:21.216030,$GAGSV,15,,40
2026-05-25T18:37:21.216030,$GAGSV,32,,35
2026-05-25T18:37:21.217084,$GAGSV,03,,24
2026-05-25T18:37:21.217084,$GAGSV,07,,29
2026-05-25T18:37:21.217084,$GAGSV,08,,41
2026-05-25T18:37:21.217084,$GAGSV,13,,30
2026-05-25T18:37:21.217841,$GAGSV,15,,42
2026-05-25T18:37:21.217841,$GAGSV,32,,35
2026-05-25T18:37:21.220142,$GBGSV,06,,40
2026-05-25T18:37:21.220142,$GBGSV,07,,44
2026-05-25T18:37:21.220142,$GBGSV,09,,39
2026-05-25T18:37:21.220142,$GBGSV,10,,44
2026-05-25T18:37:21.220984,$GBGSV,24,,26
2026-05-25T18:37:21.220984,$GBGSV,25,,43
2026-05-25T18:37:21.220984,$GBGSV,28,,42
2026-05-25T18:37:21.220984,$GBGSV,33,,31
2026-05-25T18:37:21.221577,$GBGSV,09,,35
2026-05-25T18:37:21.221577,$GBGSV,10,,38
2026-05-25T18:37:22.194161,$GPGSV,10,,39
2026-05-25T18:37:22.194161,$GPGSV,12,,20
2026-05-25T18:37:22.194161,$GPGSV,13,,27
2026-05-25T18:37:22.194161,$GPGSV,18,,41
2026-05-25T18:37:22.195805,$GPGSV,23,,45
2026-05-25T18:37:22.195805,$GPGSV,24,,19
2026-05-25T18:37:22.195805,$GPGSV,27,,27
2026-05-25T18:37:22.195805,$GPGSV,28,,28
2026-05-25T18:37:22.197166,$GPGSV,32,,28
2026-05-25T18:37:22.197166,$GPGSV,41,,43
2026-05-25T18:37:22.197166,$GPGSV,42,,42
2026-05-25T18:37:22.197166,$GPGSV,50,,39
2026-05-25T18:37:22.198709,$GPGSV,10,,34
2026-05-25T18:37:22.198709,$GPGSV,12,,10
2026-05-25T18:37:22.198709,$GPGSV,18,,38
2026-05-25T18:37:22.198709,$GPGSV,23,,39
2026-05-25T18:37:22.199735,$GPGSV,24,,14
2026-05-25T18:37:22.199735,$GPGSV,28,,26
2026-05-25T18:37:22.199735,$GPGSV,32,,21
2026-05-25T18:37:22.202274,$GLGSV,65,,16
2026-05-25T18:37:22.202274,$GLGSV,66,,32
2026-05-25T18:37:22.202274,$GLGSV,75,,27
2026-05-25T18:37:22.202274,$GLGSV,76,,43
2026-05-25T18:37:22.203047,$GLGSV,81,,38
2026-05-25T18:37:22.203047,$GLGSV,88,,40
2026-05-25T18:37:22.204111,$GLGSV,66,,38
2026-05-25T18:37:22.204111,$GLGSV,75,,20
2026-05-25T18:37:22.204111,$GLGSV,76,,38
2026-05-25T18:37:22.204111,$GLGSV,81,,35
2026-05-25T18:37:22.204628,$GLGSV,88,,38
2026-05-25T18:37:22.206122,$GAGSV,03,,19
2026-05-25T18:37:22.206122,$GAGSV,07,,27
2026-05-25T18:37:22.206122,$GAGSV,08,,38
2026-05-25T18:37:22.206122,$GAGSV,13,,32
2026-05-25T18:37:22.206696,$GAGSV,15,,40
2026-05-25T18:37:22.206696,$GAGSV,32,,35
2026-05-25T18:37:22.207514,$GAGSV,03,,24
2026-05-25T18:37:22.207514,$GAGSV,07,,29
2026-05-25T18:37:22.207514,$GAGSV,08,,41
2026-05-25T18:37:22.207514,$GAGSV,13,,31
2026-05-25T18:37:22.208089,$GAGSV,15,,42
2026-05-25T18:37:22.208089,$GAGSV,32,,35
2026-05-25T18:37:22.209958,$GBGSV,06,,40
2026-05-25T18:37:22.209958,$GBGSV,07,,44
2026-05-25T18:37:22.209958,$GBGSV,09,,39
2026-05-25T18:37:22.209958,$GBGSV,10,,44
2026-05-25T18:37:22.210646,$GBGSV,24,,26
2026-05-25T18:37:22.210646,$GBGSV,25,,43
2026-05-25T18:37:22.210646,$GBGSV,28,,42
2026-05-25T18:37:22.210646,$GBGSV,33,,31
2026-05-25T18:37:22.211205,$GBGSV,09,,35
2026-05-25T18:37:22.211205,$GBGSV,10,,38
2026-05-25T18:37:23.186053,$GPGSV,10,,39
2026-05-25T18:37:23.186053,$GPGSV,12,,20
2026-05-25T18:37:23.186053,$GPGSV,13,,26
2026-05-25T18:37:23.186053,$GPGSV,18,,42
2026-05-25T18:37:23.187779,$GPGSV,23,,45
2026-05-25T18:37:23.187779,$GPGSV,24,,19
2026-05-25T18:37:23.187779,$GPGSV,27,,27
2026-05-25T18:37:23.187779,$GPGSV,28,,28
2026-05-25T18:37:23.189325,$GPGSV,32,,28
2026-05-25T18:37:23.189325,$GPGSV,41,,43
2026-05-25T18:37:23.189325,$GPGSV,42,,42
2026-05-25T18:37:23.189325,$GPGSV,50,,39
2026-05-25T18:37:23.191043,$GPGSV,10,,34
2026-05-25T18:37:23.191043,$GPGSV,12,,10
2026-05-25T18:37:23.191043,$GPGSV,18,,38
2026-05-25T18:37:23.191043,$GPGSV,23,,39
2026-05-25T18:37:23.193484,$GPGSV,24,,15
2026-05-25T18:37:23.193484,$GPGSV,28,,26
2026-05-25T18:37:23.193484,$GPGSV,32,,22
2026-05-25T18:37:23.200501,$GLGSV,65,,15
2026-05-25T18:37:23.200501,$GLGSV,66,,32
2026-05-25T18:37:23.200501,$GLGSV,75,,26
2026-05-25T18:37:23.200501,$GLGSV,76,,43
2026-05-25T18:37:23.202633,$GLGSV,81,,38
2026-05-25T18:37:23.202633,$GLGSV,88,,40
2026-05-25T18:37:23.203859,$GLGSV,66,,38
2026-05-25T18:37:23.203859,$GLGSV,75,,18
2026-05-25T18:37:23.203859,$GLGSV,76,,38
2026-05-25T18:37:23.203859,$GLGSV,81,,35
2026-05-25T18:37:23.204545,$GLGSV,88,,38
2026-05-25T18:37:23.207908,$GAGSV,03,,19
2026-05-25T18:37:23.207908,$GAGSV,07,,27
2026-05-25T18:37:23.207908,$GAGSV,08,,38
2026-05-25T18:37:23.207908,$GAGSV,13,,32
2026-05-25T18:37:23.209071,$GAGSV,15,,40
2026-05-25T18:37:23.209071,$GAGSV,32,,35
2026-05-25T18:37:23.210785,$GAGSV,03,,23
2026-05-25T18:37:23.210785,$GAGSV,07,,29
2026-05-25T18:37:23.210785,$GAGSV,08,,41
2026-05-25T18:37:23.210785,$GAGSV,13,,30
2026-05-25T18:37:23.211485,$GAGSV,15,,42
2026-05-25T18:37:23.211485,$GAGSV,32,,35
2026-05-25T18:37:23.213502,$GBGSV,06,,40
2026-05-25T18:37:23.213502,$GBGSV,07,,44
2026-05-25T18:37:23.213502,$GBGSV,09,,38
2026-05-25T18:37:23.213502,$GBGSV,10,,44
2026-05-25T18:37:23.214231,$GBGSV,24,,26
2026-05-25T18:37:23.214231,$GBGSV,25,,43
2026-05-25T18:37:23.214231,$GBGSV,28,,42
2026-05-25T18:37:23.214231,$GBGSV,33,,31
2026-05-25T18:37:23.214747,$GBGSV,09,,35
2026-05-25T18:37:23.214747,$GBGSV,10,,38
2026-05-25T18:37:24.193053,$GPGSV,10,,40
2026-05-25T18:37:24.193053,$GPGSV,12,,21
2026-05-25T18:37:24.193053,$GPGSV,13,,25
2026-05-25T18:37:24.193053,$GPGSV,18,,42
2026-05-25T18:37:24.196383,$GPGSV,23,,44
2026-05-25T18:37:24.196383,$GPGSV,24,,19
2026-05-25T18:37:24.196383,$GPGSV,27,,27
2026-05-25T18:37:24.196383,$GPGSV,28,,28
2026-05-25T18:37:24.198985,$GPGSV,32,,28
2026-05-25T18:37:24.198985,$GPGSV,41,,43
2026-05-25T18:37:24.198985,$GPGSV,42,,42
2026-05-25T18:37:24.198985,$GPGSV,50,,39
2026-05-25T18:37:24.200839,$GPGSV,10,,34
2026-05-25T18:37:24.200839,$GPGSV,12,,09
2026-05-25T18:37:24.200839,$GPGSV,18,,38
2026-05-25T18:37:24.200839,$GPGSV,23,,39
2026-05-25T18:37:24.202100,$GPGSV,24,,16
2026-05-25T18:37:24.202100,$GPGSV,28,,26
2026-05-25T18:37:24.202100,$GPGSV,32,,22
2026-05-25T18:37:24.204913,$GLGSV,65,,13
2026-05-25T18:37:24.204913,$GLGSV,66,,32
2026-05-25T18:37:24.204913,$GLGSV,75,,25
2026-05-25T18:37:24.204913,$GLGSV,76,,43
2026-05-25T18:37:24.205744,$GLGSV,81,,38
2026-05-25T18:37:24.205744,$GLGSV,88,,40
2026-05-25T18:37:24.206892,$GLGSV,66,,38
2026-05-25T18:37:24.206892,$GLGSV,75,,15
2026-05-25T18:37:24.206892,$GLGSV,76,,38
2026-05-25T18:37:24.206892,$GLGSV,81,,35
2026-05-25T18:37:24.207533,$GLGSV,88,,37
2026-05-25T18:37:24.209132,$GAGSV,03,,20
2026-05-25T18:37:24.209132,$GAGSV,07,,27
2026-05-25T18:37:24.209132,$GAGSV,08,,38
2026-05-25T18:37:24.209132,$GAGSV,13,,32
2026-05-25T18:37:24.209726,$GAGSV,15,,40
2026-05-25T18:37:24.209726,$GAGSV,32,,35
2026-05-25T18:37:24.210596,$GAGSV,03,,23
2026-05-25T18:37:24.210596,$GAGSV,07,,29
2026-05-25T18:37:24.210596,$GAGSV,08,,41
2026-05-25T18:37:24.210596,$GAGSV,13,,30
2026-05-25T18:37:24.211588,$GAGSV,15,,42
2026-05-25T18:37:24.211588,$GAGSV,32,,35
2026-05-25T18:37:24.213769,$GBGSV,06,,40
2026-05-25T18:37:24.213769,$GBGSV,07,,44
2026-05-25T18:37:24.213769,$GBGSV,09,,39
2026-05-25T18:37:24.213769,$GBGSV,10,,44
2026-05-25T18:37:24.214543,$GBGSV,24,,27
2026-05-25T18:37:24.214543,$GBGSV,25,,43
2026-05-25T18:37:24.214543,$GBGSV,28,,42
2026-05-25T18:37:24.214543,$GBGSV,33,,31
2026-05-25T18:37:24.215119,$GBGSV,09,,35
2026-05-25T18:37:24.215119,$GBGSV,10,,38
2026-05-25T18:37:25.178352,$GPGSV,10,,39
2026-05-25T18:37:25.178352,$GPGSV,12,,22
2026-05-25T18:37:25.178352,$GPGSV,13,,24
2026-05-25T18:37:25.178352,$GPGSV,18,,42
2026-05-25T18:37:25.179116,$GPGSV,23,,44
2026-05-25T18:37:25.179116,$GPGSV,24,,20
2026-05-25T18:37:25.179116,$GPGSV,27,,27
2026-05-25T18:37:25.179116,$GPGSV,28,,28
2026-05-25T18:37:25.179894,$GPGSV,32,,28
2026-05-25T18:37:25.179894,$GPGSV,41,,43
2026-05-25T18:37:25.179894,$GPGSV,42,,42
2026-05-25T18:37:25.179894,$GPGSV,50,,39
2026-05-25T18:37:25.180617,$GPGSV,10,,34
2026-05-25T18:37:25.180617,$GPGSV,12,,09
2026-05-25T18:37:25.180617,$GPGSV,18,,38
2026-05-25T18:37:25.180617,$GPGSV,23,,39
2026-05-25T18:37:25.181247,$GPGSV,24,,15
2026-05-25T18:37:25.181247,$GPGSV,28,,26
2026-05-25T18:37:25.181247,$GPGSV,32,,22
2026-05-25T18:37:25.182980,$GLGSV,65,,14
2026-05-25T18:37:25.182980,$GLGSV,66,,32
2026-05-25T18:37:25.182980,$GLGSV,75,,23
2026-05-25T18:37:25.182980,$GLGSV,76,,43
2026-05-25T18:37:25.183518,$GLGSV,81,,38
2026-05-25T18:37:25.183518,$GLGSV,88,,40
2026-05-25T18:37:25.184234,$GLGSV,66,,38
2026-05-25T18:37:25.184234,$GLGSV,75,,13
2026-05-25T18:37:25.184234,$GLGSV,76,,38
2026-05-25T18:37:25.184234,$GLGSV,81,,35
2026-05-25T18:37:25.184666,$GLGSV,88,,37
2026-05-25T18:37:25.185957,$GAGSV,03,,20
2026-05-25T18:37:25.185957,$GAGSV,07,,27
2026-05-25T18:37:25.185957,$GAGSV,08,,38
2026-05-25T18:37:25.185957,$GAGSV,13,,32
2026-05-25T18:37:25.186446,$GAGSV,15,,40
2026-05-25T18:37:25.186446,$GAGSV,32,,35
2026-05-25T18:37:25.187145,$GAGSV,03,,23
2026-05-25T18:37:25.187145,$GAGSV,07,,30
2026-05-25T18:37:25.187145,$GAGSV,08,,41
2026-05-25T18:37:25.187145,$GAGSV,13,,30
2026-05-25T18:37:25.187642,$GAGSV,15,,42
2026-05-25T18:37:25.187642,$GAGSV,32,,36
2026-05-25T18:37:25.189316,$GBGSV,06,,40
2026-05-25T18:37:25.189316,$GBGSV,07,,44
2026-05-25T18:37:25.189316,$GBGSV,09,,38
2026-05-25T18:37:25.189316,$GBGSV,10,,44
2026-05-25T18:37:25.190009,$GBGSV,24,,27
2026-05-25T18:37:25.190009,$GBGSV,25,,43
2026-05-25T18:37:25.190009,$GBGSV,28,,42
2026-05-25T18:37:25.190009,$GBGSV,33,,32
2026-05-25T18:37:25.190509,$GBGSV,09,,35
2026-05-25T18:37:25.190509,$GBGSV,10,,38
2026-05-25T18:37:26.193094,$GPGSV,10,,40
2026-05-25T18:37:26.193094,$GPGSV,12,,22
2026-05-25T18:37:26.193094,$GPGSV,13,,25
2026-05-25T18:37:26.193094,$GPGSV,18,,42
2026-05-25T18:37:26.195831,$GPGSV,23,,44
2026-05-25T18:37:26.195831,$GPGSV,24,,18
2026-05-25T18:37:26.195831,$GPGSV,27,,26
2026-05-25T18:37:26.195831,$GPGSV,28,,29
2026-05-25T18:37:26.198058,$GPGSV,32,,29
2026-05-25T18:37:26.198058,$GPGSV,41,,43
2026-05-25T18:37:26.198058,$GPGSV,42,,42
2026-05-25T18:37:26.198058,$GPGSV,50,,39
2026-05-25T18:37:26.200454,$GPGSV,10,,34
2026-05-25T18:37:26.200454,$GPGSV,12,,12
2026-05-25T18:37:26.200454,$GPGSV,18,,38
2026-05-25T18:37:26.200454,$GPGSV,23,,39
2026-05-25T18:37:26.202368,$GPGSV,24,,13
2026-05-25T18:37:26.202368,$GPGSV,28,,27
2026-05-25T18:37:26.202368,$GPGSV,32,,23
2026-05-25T18:37:26.207461,$GLGSV,65,,15
2026-05-25T18:37:26.207461,$GLGSV,66,,33
2026-05-25T18:37:26.207461,$GLGSV,75,,21
2026-05-25T18:37:26.207461,$GLGSV,76,,43
2026-05-25T18:37:26.208578,$GLGSV,81,,37
2026-05-25T18:37:26.208578,$GLGSV,88,,40
2026-05-25T18:37:26.209998,$GLGSV,66,,38
2026-05-25T18:37:26.209998,$GLGSV,75,,10
2026-05-25T18:37:26.209998,$GLGSV,76,,38
2026-05-25T18:37:26.209998,$GLGSV,81,,36
2026-05-25T18:37:26.210815,$GLGSV,88,,37
2026-05-25T18:37:26.213483,$GAGSV,03,,20
2026-05-25T18:37:26.213483,$GAGSV,07,,27
2026-05-25T18:37:26.213483,$GAGSV,08,,38
2026-05-25T18:37:26.213483,$GAGSV,13,,32
2026-05-25T18:37:26.214658,$GAGSV,15,,40
2026-05-25T18:37:26.214658,$GAGSV,32,,35
2026-05-25T18:37:26.215860,$GAGSV,03,,23
2026-05-25T18:37:26.215860,$GAGSV,07,,29
2026-05-25T18:37:26.215860,$GAGSV,08,,41
2026-05-25T18:37:26.215860,$GAGSV,13,,31
2026-05-25T18:37:26.216672,$GAGSV,15,,42
2026-05-25T18:37:26.216672,$GAGSV,32,,35
2026-05-25T18:37:26.218792,$GBGSV,06,,40
2026-05-25T18:37:26.218792,$GBGSV,07,,44
2026-05-25T18:37:26.218792,$GBGSV,09,,39
2026-05-25T18:37:26.218792,$GBGSV,10,,44
2026-05-25T18:37:26.219681,$GBGSV,24,,27
2026-05-25T18:37:26.219681,$GBGSV,25,,43
2026-05-25T18:37:26.219681,$GBGSV,28,,42
2026-05-25T18:37:26.219681,$GBGSV,33,,33
2026-05-25T18:37:26.220285,$GBGSV,09,,35
2026-05-25T18:37:26.220285,$GBGSV,10,,38
2026-05-25T18:37:27.183658,$GPGSV,10,,40
2026-05-25T18:37:27.183658,$GPGSV,12,,22
2026-05-25T18:37:27.183658,$GPGSV,13,,25
2026-05-25T18:37:27.183658,$GPGSV,18,,42
2026-05-25T18:37:27.184319,$GPGSV,23,,44
2026-05-25T18:37:27.184319,$GPGSV,24,,18
2026-05-25T18:37:27.184319,$GPGSV,27,,26
2026-05-25T18:37:27.184319,$GPGSV,28,,29
2026-05-25T18:37:27.184959,$GPGSV,32,,31
2026-05-25T18:37:27.184959,$GPGSV,41,,43
2026-05-25T18:37:27.184959,$GPGSV,42,,42
2026-05-25T18:37:27.184959,$GPGSV,50,,39
2026-05-25T18:37:27.185592,$GPGSV,10,,34
2026-05-25T18:37:27.185592,$GPGSV,12,,13
2026-05-25T18:37:27.185592,$GPGSV,18,,38
2026-05-25T18:37:27.185592,$GPGSV,23,,39
2026-05-25T18:37:27.186098,$GPGSV,24,,11
2026-05-25T18:37:27.186098,$GPGSV,28,,27
2026-05-25T18:37:27.186098,$GPGSV,32,,23
2026-05-25T18:37:27.187543,$GLGSV,65,,15
2026-05-25T18:37:27.187543,$GLGSV,66,,34
2026-05-25T18:37:27.187543,$GLGSV,75,,17
2026-05-25T18:37:27.187543,$GLGSV,76,,43
2026-05-25T18:37:27.187977,$GLGSV,81,,37
2026-05-25T18:37:27.187977,$GLGSV,88,,40
2026-05-25T18:37:27.188567,$GLGSV,66,,38
2026-05-25T18:37:27.188567,$GLGSV,75,,08
2026-05-25T18:37:27.188567,$GLGSV,76,,38
2026-05-25T18:37:27.188567,$GLGSV,81,,36
2026-05-25T18:37:27.188907,$GLGSV,88,,37
2026-05-25T18:37:27.190011,$GAGSV,03,,19
2026-05-25T18:37:27.190011,$GAGSV,07,,26
2026-05-25T18:37:27.190011,$GAGSV,08,,38
2026-05-25T18:37:27.190011,$GAGSV,13,,32
2026-05-25T18:37:27.190434,$GAGSV,15,,40
2026-05-25T18:37:27.190434,$GAGSV,32,,35
2026-05-25T18:37:27.191030,$GAGSV,03,,22
2026-05-25T18:37:27.191030,$GAGSV,07,,29
2026-05-25T18:37:27.191030,$GAGSV,08,,41
2026-05-25T18:37:27.191030,$GAGSV,13,,30
2026-05-25T18:37:27.191481,$GAGSV,15,,42
2026-05-25T18:37:27.191481,$GAGSV,32,,35
2026-05-25T18:37:27.192902,$GBGSV,06,,40
2026-05-25T18:37:27.192902,$GBGSV,07,,44
2026-05-25T18:37:27.192902,$GBGSV,09,,39
2026-05-25T18:37:27.192902,$GBGSV,10,,44
2026-05-25T18:37:27.193501,$GBGSV,24,,26
2026-05-25T18:37:27.193501,$GBGSV,25,,43
2026-05-25T18:37:27.193501,$GBGSV,28,,41
2026-05-25T18:37:27.193501,$GBGSV,33,,33
2026-05-25T18:37:27.193926,$GBGSV,09,,35
2026-05-25T18:37:27.193926,$GBGSV,10,,38
2026-05-25T18:37:28.180580,$GPGSV,10,,40
2026-05-25T18:37:28.180580,$GPGSV,12,,22
2026-05-25T18:37:28.180580,$GPGSV,13,,24
2026-05-25T18:37:28.180580,$GPGSV,18,,42
2026-05-25T18:37:28.181232,$GPGSV,23,,44
2026-05-25T18:37:28.181232,$GPGSV,24,,18
2026-05-25T18:37:28.181232,$GPGSV,27,,27
2026-05-25T18:37:28.181232,$GPGSV,28,,30
2026-05-25T18:37:28.181853,$GPGSV,32,,32
2026-05-25T18:37:28.181853,$GPGSV,41,,43
2026-05-25T18:37:28.181853,$GPGSV,42,,42
2026-05-25T18:37:28.181853,$GPGSV,50,,39
2026-05-25T18:37:28.182481,$GPGSV,10,,34
2026-05-25T18:37:28.182481,$GPGSV,12,,13
2026-05-25T18:37:28.182481,$GPGSV,18,,38
2026-05-25T18:37:28.182481,$GPGSV,23,,39
2026-05-25T18:37:28.183015,$GPGSV,24,,10
2026-05-25T18:37:28.183015,$GPGSV,28,,27
2026-05-25T18:37:28.183015,$GPGSV,32,,23
2026-05-25T18:37:28.184519,$GLGSV,65,,14
2026-05-25T18:37:28.184519,$GLGSV,66,,34
2026-05-25T18:37:28.184519,$GLGSV,75,,16
2026-05-25T18:37:28.184519,$GLGSV,76,,43
2026-05-25T18:37:28.184944,$GLGSV,81,,37
2026-05-25T18:37:28.184944,$GLGSV,88,,40
2026-05-25T18:37:28.185540,$GLGSV,66,,38
2026-05-25T18:37:28.185540,$GLGSV,76,,38
2026-05-25T18:37:28.185540,$GLGSV,81,,36
2026-05-25T18:37:28.185540,$GLGSV,88,,37
2026-05-25T18:37:28.186656,$GAGSV,03,,19
2026-05-25T18:37:28.186656,$GAGSV,07,,27
2026-05-25T18:37:28.186656,$GAGSV,08,,38
2026-05-25T18:37:28.186656,$GAGSV,13,,32
2026-05-25T18:37:28.187098,$GAGSV,15,,40
2026-05-25T18:37:28.187098,$GAGSV,32,,35
2026-05-25T18:37:28.188075,$GAGSV,03,,22
2026-05-25T18:37:28.188075,$GAGSV,07,,29
2026-05-25T18:37:28.188075,$GAGSV,08,,41
2026-05-25T18:37:28.188075,$GAGSV,13,,30
2026-05-25T18:37:28.188848,$GAGSV,15,,42
2026-05-25T18:37:28.188848,$GAGSV,32,,36
2026-05-25T18:37:28.191519,$GBGSV,06,,40
2026-05-25T18:37:28.191519,$GBGSV,07,,44
2026-05-25T18:37:28.191519,$GBGSV,09,,40
2026-05-25T18:37:28.191519,$GBGSV,10,,44
2026-05-25T18:37:28.192191,$GBGSV,24,,25
2026-05-25T18:37:28.192191,$GBGSV,25,,43
2026-05-25T18:37:28.192191,$GBGSV,28,,41
2026-05-25T18:37:28.192191,$GBGSV,33,,33
2026-05-25T18:37:28.192630,$GBGSV,09,,35
2026-05-25T18:37:28.192630,$GBGSV,10,,38
2026-05-25T18:37:29.184183,$GPGSV,10,,40
2026-05-25T18:37:29.184183,$GPGSV,12,,22
2026-05-25T18:37:29.184183,$GPGSV,13,,23
2026-05-25T18:37:29.184183,$GPGSV,18,,42
2026-05-25T18:37:29.185075,$GPGSV,23,,44
2026-05-25T18:37:29.185075,$GPGSV,24,,19
2026-05-25T18:37:29.185075,$GPGSV,27,,27
2026-05-25T18:37:29.185075,$GPGSV,28,,30
2026-05-25T18:37:29.186052,$GPGSV,32,,32
2026-05-25T18:37:29.186052,$GPGSV,41,,43
2026-05-25T18:37:29.186052,$GPGSV,42,,43
2026-05-25T18:37:29.186052,$GPGSV,50,,39
2026-05-25T18:37:29.186855,$GPGSV,10,,34
2026-05-25T18:37:29.186855,$GPGSV,12,,13
2026-05-25T18:37:29.186855,$GPGSV,18,,38
2026-05-25T18:37:29.186855,$GPGSV,23,,39
2026-05-25T18:37:29.187574,$GPGSV,24,,09
2026-05-25T18:37:29.187574,$GPGSV,28,,26
2026-05-25T18:37:29.187574,$GPGSV,32,,23
2026-05-25T18:37:29.189477,$GLGSV,65,,10
2026-05-25T18:37:29.189477,$GLGSV,66,,35
2026-05-25T18:37:29.189477,$GLGSV,75,,16
2026-05-25T18:37:29.189477,$GLGSV,76,,43
2026-05-25T18:37:29.190012,$GLGSV,81,,37
2026-05-25T18:37:29.190012,$GLGSV,88,,39
2026-05-25T18:37:29.190732,$GLGSV,66,,38
2026-05-25T18:37:29.190732,$GLGSV,76,,38
2026-05-25T18:37:29.190732,$GLGSV,81,,36
2026-05-25T18:37:29.190732,$GLGSV,88,,37
2026-05-25T18:37:29.192846,$GAGSV,03,,19
2026-05-25T18:37:29.192846,$GAGSV,07,,27
2026-05-25T18:37:29.192846,$GAGSV,08,,38
2026-05-25T18:37:29.192846,$GAGSV,13,,32
2026-05-25T18:37:29.193802,$GAGSV,15,,40
2026-05-25T18:37:29.193802,$GAGSV,32,,35
2026-05-25T18:37:29.195148,$GAGSV,03,,21
2026-05-25T18:37:29.195148,$GAGSV,07,,30
2026-05-25T18:37:29.195148,$GAGSV,08,,41
2026-05-25T18:37:29.195148,$GAGSV,13,,31
2026-05-25T18:37:29.196178,$GAGSV,15,,42
2026-05-25T18:37:29.196178,$GAGSV,32,,36
2026-05-25T18:37:29.198257,$GBGSV,06,,40
2026-05-25T18:37:29.198257,$GBGSV,07,,44
2026-05-25T18:37:29.198257,$GBGSV,09,,40
2026-05-25T18:37:29.198257,$GBGSV,10,,44
2026-05-25T18:37:29.199175,$GBGSV,24,,24
2026-05-25T18:37:29.199175,$GBGSV,25,,43
2026-05-25T18:37:29.199175,$GBGSV,28,,41
2026-05-25T18:37:29.199175,$GBGSV,33,,33
2026-05-25T18:37:29.199921,$GBGSV,09,,35
2026-05-25T18:37:29.199921,$GBGSV,10,,38
2026-05-25T18:37:30.184011,$GPGSV,10,,40
2026-05-25T18:37:30.184011,$GPGSV,12,,22
2026-05-25T18:37:30.184011,$GPGSV,13,,22
2026-05-25T18:37:30.184011,$GPGSV,18,,42
2026-05-25T18:37:30.184772,$GPGSV,23,,44
2026-05-25T18:37:30.184772,$GPGSV,24,,20
2026-05-25T18:37:30.184772,$GPGSV,27,,27
2026-05-25T18:37:30.184772,$GPGSV,28,,30
2026-05-25T18:37:30.185505,$GPGSV,32,,33
2026-05-25T18:37:30.185505,$GPGSV,41,,43
2026-05-25T18:37:30.185505,$GPGSV,42,,43
2026-05-25T18:37:30.185505,$GPGSV,50,,39
2026-05-25T18:37:30.186236,$GPGSV,10,,34
2026-05-25T18:37:30.186236,$GPGSV,12,,13
2026-05-25T18:37:30.186236,$GPGSV,18,,38
2026-05-25T18:37:30.186236,$GPGSV,23,,39
2026-05-25T18:37:30.186865,$GPGSV,24,,08
2026-05-25T18:37:30.186865,$GPGSV,28,,27
2026-05-25T18:37:30.186865,$GPGSV,32,,23
2026-05-25T18:37:30.188611,$GLGSV,65,,08
2026-05-25T18:37:30.188611,$GLGSV,66,,36
2026-05-25T18:37:30.188611,$GLGSV,75,,16
2026-05-25T18:37:30.188611,$GLGSV,76,,42
2026-05-25T18:37:30.189110,$GLGSV,81,,36
2026-05-25T18:37:30.189110,$GLGSV,88,,39
2026-05-25T18:37:30.189805,$GLGSV,66,,38
2026-05-25T18:37:30.189805,$GLGSV,76,,38
2026-05-25T18:37:30.189805,$GLGSV,81,,36
2026-05-25T18:37:30.189805,$GLGSV,88,,37
2026-05-25T18:37:30.191651,$GAGSV,03,,19
2026-05-25T18:37:30.191651,$GAGSV,07,,26
2026-05-25T18:37:30.191651,$GAGSV,08,,38
2026-05-25T18:37:30.191651,$GAGSV,13,,32
2026-05-25T18:37:30.192552,$GAGSV,15,,40
2026-05-25T18:37:30.192552,$GAGSV,32,,35
2026-05-25T18:37:30.193794,$GAGSV,03,,22
2026-05-25T18:37:30.193794,$GAGSV,07,,30
2026-05-25T18:37:30.193794,$GAGSV,08,,41
2026-05-25T18:37:30.193794,$GAGSV,13,,30
2026-05-25T18:37:30.194766,$GAGSV,15,,42
2026-05-25T18:37:30.194766,$GAGSV,32,,36
2026-05-25T18:37:30.196857,$GBGSV,06,,40
2026-05-25T18:37:30.196857,$GBGSV,07,,44
2026-05-25T18:37:30.196857,$GBGSV,09,,39
2026-05-25T18:37:30.196857,$GBGSV,10,,44
2026-05-25T18:37:30.197596,$GBGSV,24,,21
2026-05-25T18:37:30.197596,$GBGSV,25,,43
2026-05-25T18:37:30.197596,$GBGSV,28,,41
2026-05-25T18:37:30.197596,$GBGSV,33,,33
2026-05-25T18:37:30.198104,$GBGSV,09,,35
2026-05-25T18:37:30.198104,$GBGSV,10,,38
2026-05-25T18:37:31.187908,$GPGSV,10,,40
2026-05-25T18:37:31.187908,$GPGSV,12,,22
2026-05-25T18:37:31.187908,$GPGSV,13,,21
2026-05-25T18:37:31.187908,$GPGSV,18,,42
2026-05-25T18:37:31.188655,$GPGSV,23,,44
2026-05-25T18:37:31.188655,$GPGSV,24,,21
2026-05-25T18:37:31.188655,$GPGSV,27,,27
2026-05-25T18:37:31.188655,$GPGSV,28,,31
2026-05-25T18:37:31.189392,$GPGSV,32,,33
2026-05-25T18:37:31.189392,$GPGSV,41,,43
2026-05-25T18:37:31.189392,$GPGSV,42,,42
2026-05-25T18:37:31.189392,$GPGSV,50,,39
2026-05-25T18:37:31.190101,$GPGSV,10,,35
2026-05-25T18:37:31.190101,$GPGSV,12,,11
2026-05-25T18:37:31.190101,$GPGSV,18,,38
2026-05-25T18:37:31.190101,$GPGSV,23,,39
2026-05-25T18:37:31.190699,$GPGSV,24,,08
2026-05-25T18:37:31.190699,$GPGSV,28,,26
2026-05-25T18:37:31.190699,$GPGSV,32,,22
2026-05-25T18:37:31.192371,$GLGSV,65,,11
2026-05-25T18:37:31.192371,$GLGSV,66,,36
2026-05-25T18:37:31.192371,$GLGSV,75,,18
2026-05-25T18:37:31.192371,$GLGSV,76,,42
2026-05-25T18:37:31.192868,$GLGSV,81,,36
2026-05-25T18:37:31.192868,$GLGSV,88,,39
2026-05-25T18:37:31.193565,$GLGSV,66,,38
2026-05-25T18:37:31.193565,$GLGSV,76,,38
2026-05-25T18:37:31.193565,$GLGSV,81,,36
2026-05-25T18:37:31.193565,$GLGSV,88,,37
2026-05-25T18:37:31.194879,$GAGSV,03,,19
2026-05-25T18:37:31.194879,$GAGSV,07,,26
2026-05-25T18:37:31.194879,$GAGSV,08,,38
2026-05-25T18:37:31.194879,$GAGSV,13,,32
2026-05-25T18:37:31.195439,$GAGSV,15,,40
2026-05-25T18:37:31.195439,$GAGSV,32,,35
2026-05-25T18:37:31.196653,$GAGSV,03,,22
2026-05-25T18:37:31.196653,$GAGSV,07,,31
2026-05-25T18:37:31.196653,$GAGSV,08,,41
2026-05-25T18:37:31.196653,$GAGSV,13,,30
2026-05-25T18:37:31.197561,$GAGSV,15,,42
2026-05-25T18:37:31.197561,$GAGSV,32,,36
2026-05-25T18:37:31.200712,$GBGSV,06,,41
2026-05-25T18:37:31.200712,$GBGSV,07,,44
2026-05-25T18:37:31.200712,$GBGSV,09,,39
2026-05-25T18:37:31.200712,$GBGSV,10,,44
2026-05-25T18:37:31.201406,$GBGSV,24,,22
2026-05-25T18:37:31.201406,$GBGSV,25,,43
2026-05-25T18:37:31.201406,$GBGSV,28,,42
2026-05-25T18:37:31.201406,$GBGSV,33,,34
2026-05-25T18:37:31.201890,$GBGSV,09,,35
2026-05-25T18:37:31.201890,$GBGSV,10,,38
2026-05-25T18:37:32.184016,$GPGSV,10,,40
2026-05-25T18:37:32.184016,$GPGSV,12,,20
2026-05-25T18:37:32.184016,$GPGSV,13,,20
2026-05-25T18:37:32.184016,$GPGSV,18,,42
2026-05-25T18:37:32.184761,$GPGSV,23,,44
2026-05-25T18:37:32.184761,$GPGSV,24,,22
2026-05-25T18:37:32.184761,$GPGSV,27,,26
2026-05-25T18:37:32.184761,$GPGSV,28,,32
2026-05-25T18:37:32.185514,$GPGSV,32,,32
2026-05-25T18:37:32.185514,$GPGSV,41,,44
2026-05-25T18:37:32.185514,$GPGSV,42,,45
2026-05-25T18:37:32.185514,$GPGSV,50,,39
2026-05-25T18:37:32.186208,$GPGSV,10,,35
2026-05-25T18:37:32.186208,$GPGSV,12,,12
2026-05-25T18:37:32.186208,$GPGSV,18,,40
2026-05-25T18:37:32.186208,$GPGSV,23,,39
2026-05-25T18:37:32.186701,$GPGSV,28,,25
2026-05-25T18:37:32.186701,$GPGSV,32,,22
2026-05-25T18:37:32.188372,$GLGSV,65,,17
2026-05-25T18:37:32.188372,$GLGSV,66,,40
2026-05-25T18:37:32.188372,$GLGSV,75,,19
2026-05-25T18:37:32.188372,$GLGSV,76,,42
2026-05-25T18:37:32.188869,$GLGSV,81,,36
2026-05-25T18:37:32.188869,$GLGSV,88,,41
2026-05-25T18:37:32.189557,$GLGSV,66,,34
2026-05-25T18:37:32.189557,$GLGSV,75,,18
2026-05-25T18:37:32.189557,$GLGSV,76,,40
2026-05-25T18:37:32.189557,$GLGSV,81,,34
2026-05-25T18:37:32.189950,$GLGSV,88,,41
2026-05-25T18:37:32.191273,$GAGSV,03,,18
2026-05-25T18:37:32.191273,$GAGSV,07,,26
2026-05-25T18:37:32.191273,$GAGSV,08,,39
2026-05-25T18:37:32.191273,$GAGSV,13,,31
2026-05-25T18:37:32.192015,$GAGSV,15,,42
2026-05-25T18:37:32.192015,$GAGSV,32,,35
2026-05-25T18:37:32.193289,$GAGSV,03,,22
2026-05-25T18:37:32.193289,$GAGSV,07,,33
2026-05-25T18:37:32.193289,$GAGSV,08,,41
2026-05-25T18:37:32.193289,$GAGSV,13,,34
2026-05-25T18:37:32.194197,$GAGSV,15,,42
2026-05-25T18:37:32.194197,$GAGSV,32,,33
2026-05-25T18:37:32.197068,$GBGSV,06,,42
2026-05-25T18:37:32.197068,$GBGSV,07,,43
2026-05-25T18:37:32.197068,$GBGSV,09,,40
2026-05-25T18:37:32.197068,$GBGSV,10,,44
2026-05-25T18:37:32.197757,$GBGSV,24,,29
2026-05-25T18:37:32.197757,$GBGSV,25,,44
2026-05-25T18:37:32.197757,$GBGSV,28,,38
2026-05-25T18:37:32.197757,$GBGSV,33,,33
2026-05-25T18:37:32.198239,$GBGSV,09,,35
2026-05-25T18:37:32.198239,$GBGSV,10,,38
2026-05-25T18:37:33.185435,$GPGSV,10,,39
2026-05-25T18:37:33.185435,$GPGSV,12,,20
2026-05-25T18:37:33.185435,$GPGSV,13,,17
2026-05-25T18:37:33.185435,$GPGSV,18,,43
2026-05-25T18:37:33.186242,$GPGSV,23,,43
2026-05-25T18:37:33.186242,$GPGSV,24,,20
2026-05-25T18:37:33.186242,$GPGSV,27,,25
2026-05-25T18:37:33.186242,$GPGSV,28,,31
2026-05-25T18:37:33.186991,$GPGSV,32,,36
2026-05-25T18:37:33.186991,$GPGSV,41,,44
2026-05-25T18:37:33.186991,$GPGSV,42,,45
2026-05-25T18:37:33.186991,$GPGSV,50,,41
2026-05-25T18:37:33.187742,$GPGSV,10,,34
2026-05-25T18:37:33.187742,$GPGSV,12,,11
2026-05-25T18:37:33.187742,$GPGSV,18,,39
2026-05-25T18:37:33.187742,$GPGSV,23,,39
2026-05-25T18:37:33.188265,$GPGSV,28,,23
2026-05-25T18:37:33.188265,$GPGSV,32,,25
2026-05-25T18:37:33.190004,$GLGSV,65,,18
2026-05-25T18:37:33.190004,$GLGSV,66,,37
2026-05-25T18:37:33.190004,$GLGSV,75,,24
2026-05-25T18:37:33.190004,$GLGSV,76,,43
2026-05-25T18:37:33.190622,$GLGSV,77,,08
2026-05-25T18:37:33.190622,$GLGSV,81,,36
2026-05-25T18:37:33.190622,$GLGSV,88,,42
2026-05-25T18:37:33.191374,$GLGSV,66,,37
2026-05-25T18:37:33.191374,$GLGSV,75,,15
2026-05-25T18:37:33.191374,$GLGSV,76,,40
2026-05-25T18:37:33.191374,$GLGSV,81,,34
2026-05-25T18:37:33.191846,$GLGSV,88,,41
2026-05-25T18:37:33.194104,$GAGSV,03,,15
2026-05-25T18:37:33.194104,$GAGSV,07,,25
2026-05-25T18:37:33.194104,$GAGSV,08,,41
2026-05-25T18:37:33.194104,$GAGSV,13,,31
2026-05-25T18:37:33.195042,$GAGSV,15,,43
2026-05-25T18:37:33.195042,$GAGSV,32,,35
2026-05-25T18:37:33.196418,$GAGSV,03,,22
2026-05-25T18:37:33.196418,$GAGSV,07,,32
2026-05-25T18:37:33.196418,$GAGSV,08,,41
2026-05-25T18:37:33.196418,$GAGSV,13,,34
2026-05-25T18:37:33.197251,$GAGSV,15,,41
2026-05-25T18:37:33.197251,$GAGSV,32,,34
2026-05-25T18:37:33.198944,$GBGSV,06,,42
2026-05-25T18:37:33.198944,$GBGSV,07,,42
2026-05-25T18:37:33.198944,$GBGSV,09,,40
2026-05-25T18:37:33.198944,$GBGSV,10,,44
2026-05-25T18:37:33.199744,$GBGSV,24,,21
2026-05-25T18:37:33.199744,$GBGSV,25,,43
2026-05-25T18:37:33.199744,$GBGSV,28,,39
2026-05-25T18:37:33.199744,$GBGSV,33,,34
2026-05-25T18:37:33.200349,$GBGSV,09,,38
2026-05-25T18:37:33.200349,$GBGSV,10,,39
2026-05-25T18:37:34.179191,$GPGSV,10,,40
2026-05-25T18:37:34.179191,$GPGSV,12,,18
2026-05-25T18:37:34.179191,$GPGSV,13,,14
2026-05-25T18:37:34.179191,$GPGSV,18,,43
2026-05-25T18:37:34.180485,$GPGSV,23,,44
2026-05-25T18:37:34.180485,$GPGSV,24,,18
2026-05-25T18:37:34.180485,$GPGSV,27,,24
2026-05-25T18:37:34.180485,$GPGSV,28,,32
2026-05-25T18:37:34.181760,$GPGSV,32,,34
2026-05-25T18:37:34.181760,$GPGSV,41,,44
2026-05-25T18:37:34.181760,$GPGSV,42,,41
2026-05-25T18:37:34.181760,$GPGSV,50,,40
2026-05-25T18:37:34.182449,$GPGSV,24,,24
2026-05-25T18:37:34.183734,$GPGSV,10,,34
2026-05-25T18:37:34.183734,$GPGSV,12,,08
2026-05-25T18:37:34.183734,$GPGSV,18,,38
2026-05-25T18:37:34.183734,$GPGSV,23,,39
2026-05-25T18:37:34.184619,$GPGSV,28,,28
2026-05-25T18:37:34.184619,$GPGSV,32,,26
2026-05-25T18:37:34.187780,$GLGSV,65,,17
2026-05-25T18:37:34.187780,$GLGSV,66,,42
2026-05-25T18:37:34.187780,$GLGSV,75,,24
2026-05-25T18:37:34.187780,$GLGSV,76,,44
2026-05-25T18:37:34.188813,$GLGSV,77,,13
2026-05-25T18:37:34.188813,$GLGSV,81,,36
2026-05-25T18:37:34.188813,$GLGSV,88,,41
2026-05-25T18:37:34.189526,$GLGSV,66,,36
2026-05-25T18:37:34.189526,$GLGSV,75,,17
2026-05-25T18:37:34.189526,$GLGSV,76,,42
2026-05-25T18:37:34.189526,$GLGSV,81,,34
2026-05-25T18:37:34.189935,$GLGSV,88,,38
2026-05-25T18:37:34.191184,$GAGSV,07,,26
2026-05-25T18:37:34.191184,$GAGSV,08,,41
2026-05-25T18:37:34.191184,$GAGSV,13,,34
2026-05-25T18:37:34.191184,$GAGSV,15,,43
2026-05-25T18:37:34.191588,$GAGSV,32,,35
2026-05-25T18:37:34.192331,$GAGSV,03,,23
2026-05-25T18:37:34.192331,$GAGSV,07,,33
2026-05-25T18:37:34.192331,$GAGSV,08,,43
2026-05-25T18:37:34.192331,$GAGSV,13,,34
2026-05-25T18:37:34.192868,$GAGSV,15,,41
2026-05-25T18:37:34.192868,$GAGSV,32,,31
2026-05-25T18:37:34.194801,$GBGSV,06,,43
2026-05-25T18:37:34.194801,$GBGSV,07,,44
2026-05-25T18:37:34.194801,$GBGSV,09,,41
2026-05-25T18:37:34.194801,$GBGSV,10,,44
2026-05-25T18:37:34.195558,$GBGSV,24,,29
2026-05-25T18:37:34.195558,$GBGSV,25,,44
2026-05-25T18:37:34.195558,$GBGSV,28,,43
2026-05-25T18:37:34.195558,$GBGSV,33,,33
2026-05-25T18:37:34.196039,$GBGSV,09,,38
2026-05-25T18:37:34.196039,$GBGSV,10,,40
2026-05-25T18:37:35.183042,$GPGSV,10,,42
2026-05-25T18:37:35.183042,$GPGSV,12,,18
2026-05-25T18:37:35.183042,$GPGSV,18,,42
2026-05-25T18:37:35.183042,$GPGSV,23,,41
2026-05-25T18:37:35.183819,$GPGSV,24,,17
2026-05-25T18:37:35.183819,$GPGSV,27,,24
2026-05-25T18:37:35.183819,$GPGSV,28,,32
2026-05-25T18:37:35.183819,$GPGSV,32,,34
2026-05-25T18:37:35.184444,$GPGSV,41,,44
2026-05-25T18:37:35.184444,$GPGSV,42,,45
2026-05-25T18:37:35.184444,$GPGSV,50,,40
2026-05-25T18:37:35.185178,$GPGSV,10,,34
2026-05-25T18:37:35.185178,$GPGSV,12,,08
2026-05-25T18:37:35.185178,$GPGSV,18,,39
2026-05-25T18:37:35.185178,$GPGSV,23,,39
2026-05-25T18:37:35.185804,$GPGSV,24,,22
2026-05-25T18:37:35.185804,$GPGSV,28,,20
2026-05-25T18:37:35.185804,$GPGSV,32,,26
2026-05-25T18:37:35.187666,$GLGSV,65,,18
2026-05-25T18:37:35.187666,$GLGSV,66,,42
2026-05-25T18:37:35.187666,$GLGSV,75,,23
2026-05-25T18:37:35.187666,$GLGSV,76,,43
2026-05-25T18:37:35.188301,$GLGSV,77,,14
2026-05-25T18:37:35.188301,$GLGSV,81,,36
2026-05-25T18:37:35.188301,$GLGSV,88,,42
2026-05-25T18:37:35.189010,$GLGSV,66,,36
2026-05-25T18:37:35.189010,$GLGSV,75,,17
2026-05-25T18:37:35.189010,$GLGSV,76,,41
2026-05-25T18:37:35.189010,$GLGSV,81,,29
2026-05-25T18:37:35.189405,$GLGSV,88,,36
2026-05-25T18:37:35.191497,$GAGSV,07,,27
2026-05-25T18:37:35.191497,$GAGSV,08,,40
2026-05-25T18:37:35.191497,$GAGSV,13,,35
2026-05-25T18:37:35.191497,$GAGSV,15,,41
2026-05-25T18:37:35.192230,$GAGSV,32,,30
2026-05-25T18:37:35.193498,$GAGSV,03,,22
2026-05-25T18:37:35.193498,$GAGSV,07,,32
2026-05-25T18:37:35.193498,$GAGSV,08,,42
2026-05-25T18:37:35.193498,$GAGSV,13,,39
2026-05-25T18:37:35.194447,$GAGSV,15,,42
2026-05-25T18:37:35.194447,$GAGSV,32,,35
2026-05-25T18:37:35.196284,$GBGSV,06,,40
2026-05-25T18:37:35.196284,$GBGSV,07,,43
2026-05-25T18:37:35.196284,$GBGSV,09,,40
2026-05-25T18:37:35.196284,$GBGSV,10,,44
2026-05-25T18:37:35.196980,$GBGSV,24,,21
2026-05-25T18:37:35.196980,$GBGSV,25,,43
2026-05-25T18:37:35.196980,$GBGSV,28,,44
2026-05-25T18:37:35.196980,$GBGSV,33,,33
2026-05-25T18:37:35.197479,$GBGSV,09,,38
2026-05-25T18:37:35.197479,$GBGSV,10,,41
2026-05-25T18:37:36.186487,$GPGSV,10,,42
2026-05-25T18:37:36.186487,$GPGSV,12,,16
2026-05-25T18:37:36.186487,$GPGSV,18,,42
2026-05-25T18:37:36.186487,$GPGSV,23,,42
2026-05-25T18:37:36.187357,$GPGSV,24,,25
2026-05-25T18:37:36.187357,$GPGSV,27,,26
2026-05-25T18:37:36.187357,$GPGSV,28,,36
2026-05-25T18:37:36.187357,$GPGSV,32,,37
2026-05-25T18:37:36.188073,$GPGSV,41,,43
2026-05-25T18:37:36.188073,$GPGSV,42,,41
2026-05-25T18:37:36.188073,$GPGSV,50,,40
2026-05-25T18:37:36.188902,$GPGSV,10,,35
2026-05-25T18:37:36.188902,$GPGSV,12,,08
2026-05-25T18:37:36.188902,$GPGSV,18,,39
2026-05-25T18:37:36.188902,$GPGSV,23,,39
2026-05-25T18:37:36.189606,$GPGSV,24,,19
2026-05-25T18:37:36.189606,$GPGSV,28,,21
2026-05-25T18:37:36.189606,$GPGSV,32,,26
2026-05-25T18:37:36.191737,$GLGSV,65,,19
2026-05-25T18:37:36.191737,$GLGSV,66,,41
2026-05-25T18:37:36.191737,$GLGSV,75,,23
2026-05-25T18:37:36.191737,$GLGSV,76,,41
2026-05-25T18:37:36.192463,$GLGSV,77,,15
2026-05-25T18:37:36.192463,$GLGSV,81,,36
2026-05-25T18:37:36.192463,$GLGSV,88,,42
2026-05-25T18:37:36.193305,$GLGSV,66,,36
2026-05-25T18:37:36.193305,$GLGSV,75,,20
2026-05-25T18:37:36.193305,$GLGSV,76,,41
2026-05-25T18:37:36.193305,$GLGSV,81,,29
2026-05-25T18:37:36.193940,$GLGSV,88,,42
2026-05-25T18:37:36.195474,$GAGSV,07,,25
2026-05-25T18:37:36.195474,$GAGSV,08,,40
2026-05-25T18:37:36.195474,$GAGSV,13,,38
2026-05-25T18:37:36.195474,$GAGSV,15,,42
2026-05-25T18:37:36.195965,$GAGSV,32,,33
2026-05-25T18:37:36.196812,$GAGSV,03,,19
2026-05-25T18:37:36.196812,$GAGSV,07,,32
2026-05-25T18:37:36.196812,$GAGSV,08,,41
2026-05-25T18:37:36.196812,$GAGSV,13,,39
2026-05-25T18:37:36.197416,$GAGSV,15,,42
2026-05-25T18:37:36.197416,$GAGSV,32,,31
2026-05-25T18:37:36.199444,$GBGSV,06,,40
2026-05-25T18:37:36.199444,$GBGSV,07,,44
2026-05-25T18:37:36.199444,$GBGSV,09,,40
2026-05-25T18:37:36.199444,$GBGSV,10,,43
2026-05-25T18:37:36.200285,$GBGSV,24,,21
2026-05-25T18:37:36.200285,$GBGSV,25,,43
2026-05-25T18:37:36.200285,$GBGSV,28,,39
2026-05-25T18:37:36.200285,$GBGSV,33,,36
2026-05-25T18:37:36.200878,$GBGSV,09,,39
2026-05-25T18:37:36.200878,$GBGSV,10,,42
2026-05-25T18:37:37.181617,$GPGSV,10,,42
2026-05-25T18:37:37.181617,$GPGSV,12,,15
2026-05-25T18:37:37.181617,$GPGSV,18,,43
2026-05-25T18:37:37.181617,$GPGSV,23,,41
2026-05-25T18:37:37.182439,$GPGSV,24,,24
2026-05-25T18:37:37.182439,$GPGSV,27,,31
2026-05-25T18:37:37.182439,$GPGSV,28,,34
2026-05-25T18:37:37.182439,$GPGSV,32,,33
2026-05-25T18:37:37.183150,$GPGSV,41,,42
2026-05-25T18:37:37.183150,$GPGSV,42,,45
2026-05-25T18:37:37.183150,$GPGSV,50,,40
2026-05-25T18:37:37.183944,$GPGSV,10,,36
2026-05-25T18:37:37.183944,$GPGSV,12,,08
2026-05-25T18:37:37.183944,$GPGSV,18,,39
2026-05-25T18:37:37.183944,$GPGSV,23,,38
2026-05-25T18:37:37.184621,$GPGSV,24,,17
2026-05-25T18:37:37.184621,$GPGSV,28,,24
2026-05-25T18:37:37.184621,$GPGSV,32,,30
2026-05-25T18:37:37.186452,$GLGSV,65,,22
2026-05-25T18:37:37.186452,$GLGSV,66,,39
2026-05-25T18:37:37.186452,$GLGSV,75,,23
2026-05-25T18:37:37.186452,$GLGSV,76,,41
2026-05-25T18:37:37.187080,$GLGSV,77,,13
2026-05-25T18:37:37.187080,$GLGSV,81,,34
2026-05-25T18:37:37.187080,$GLGSV,88,,40
2026-05-25T18:37:37.187826,$GLGSV,66,,37
2026-05-25T18:37:37.187826,$GLGSV,75,,21
2026-05-25T18:37:37.187826,$GLGSV,76,,41
2026-05-25T18:37:37.187826,$GLGSV,81,,25
2026-05-25T18:37:37.188241,$GLGSV,88,,39
2026-05-25T18:37:37.189517,$GAGSV,07,,25
2026-05-25T18:37:37.189517,$GAGSV,08,,40
2026-05-25T18:37:37.189517,$GAGSV,13,,38
2026-05-25T18:37:37.189517,$GAGSV,15,,41
2026-05-25T18:37:37.189931,$GAGSV,32,,32
2026-05-25T18:37:37.190646,$GAGSV,03,,17
2026-05-25T18:37:37.190646,$GAGSV,07,,33
2026-05-25T18:37:37.190646,$GAGSV,08,,41
2026-05-25T18:37:37.190646,$GAGSV,13,,41
2026-05-25T18:37:37.191189,$GAGSV,15,,41
2026-05-25T18:37:37.191189,$GAGSV,32,,31
2026-05-25T18:37:37.192971,$GBGSV,06,,43
2026-05-25T18:37:37.192971,$GBGSV,07,,44
2026-05-25T18:37:37.192971,$GBGSV,09,,42
2026-05-25T18:37:37.192971,$GBGSV,10,,44
2026-05-25T18:37:37.193714,$GBGSV,24,,23
2026-05-25T18:37:37.193714,$GBGSV,25,,44
2026-05-25T18:37:37.193714,$GBGSV,28,,37
2026-05-25T18:37:37.193714,$GBGSV,33,,33
2026-05-25T18:37:37.194213,$GBGSV,09,,36
2026-05-25T18:37:37.194213,$GBGSV,10,,40
2026-05-25T18:37:38.178995,$GPGSV,10,,41
2026-05-25T18:37:38.178995,$GPGSV,12,,15
2026-05-25T18:37:38.178995,$GPGSV,18,,42
2026-05-25T18:37:38.178995,$GPGSV,23,,43
2026-05-25T18:37:38.179750,$GPGSV,24,,22
2026-05-25T18:37:38.179750,$GPGSV,27,,24
2026-05-25T18:37:38.179750,$GPGSV,28,,33
2026-05-25T18:37:38.179750,$GPGSV,41,,40
2026-05-25T18:37:38.180256,$GPGSV,42,,44
2026-05-25T18:37:38.180256,$GPGSV,50,,40
2026-05-25T18:37:38.180941,$GPGSV,10,,35
2026-05-25T18:37:38.180941,$GPGSV,18,,39
2026-05-25T18:37:38.180941,$GPGSV,23,,37
2026-05-25T18:37:38.180941,$GPGSV,24,,15
2026-05-25T18:37:38.181436,$GPGSV,28,,31
2026-05-25T18:37:38.181436,$GPGSV,32,,23
2026-05-25T18:37:38.183219,$GLGSV,65,,19
2026-05-25T18:37:38.183219,$GLGSV,66,,40
2026-05-25T18:37:38.183219,$GLGSV,75,,22
2026-05-25T18:37:38.183219,$GLGSV,76,,43
2026-05-25T18:37:38.183817,$GLGSV,77,,12
2026-05-25T18:37:38.183817,$GLGSV,81,,19
2026-05-25T18:37:38.183817,$GLGSV,88,,45
2026-05-25T18:37:38.184513,$GLGSV,66,,38
2026-05-25T18:37:38.184513,$GLGSV,75,,21
2026-05-25T18:37:38.184513,$GLGSV,76,,39
2026-05-25T18:37:38.184513,$GLGSV,81,,35
2026-05-25T18:37:38.184911,$GLGSV,88,,41
2026-05-25T18:37:38.186127,$GAGSV,07,,25
2026-05-25T18:37:38.186127,$GAGSV,08,,40
2026-05-25T18:37:38.186127,$GAGSV,13,,42
2026-05-25T18:37:38.186127,$GAGSV,15,,42
2026-05-25T18:37:38.186523,$GAGSV,32,,31
2026-05-25T18:37:38.187242,$GAGSV,03,,19
2026-05-25T18:37:38.187242,$GAGSV,08,,42
2026-05-25T18:37:38.187242,$GAGSV,13,,41
2026-05-25T18:37:38.187242,$GAGSV,15,,42
2026-05-25T18:37:38.187639,$GAGSV,32,,35
2026-05-25T18:37:38.189304,$GBGSV,06,,40
2026-05-25T18:37:38.189304,$GBGSV,07,,44
2026-05-25T18:37:38.189304,$GBGSV,09,,40
2026-05-25T18:37:38.189304,$GBGSV,10,,44
2026-05-25T18:37:38.190147,$GBGSV,24,,22
2026-05-25T18:37:38.190147,$GBGSV,25,,44
2026-05-25T18:37:38.190147,$GBGSV,28,,39
2026-05-25T18:37:38.190147,$GBGSV,33,,38
2026-05-25T18:37:38.190647,$GBGSV,09,,36
2026-05-25T18:37:38.190647,$GBGSV,10,,40
2026-05-25T18:37:39.181942,$GPGSV,10,,42
2026-05-25T18:37:39.181942,$GPGSV,12,,15
2026-05-25T18:37:39.181942,$GPGSV,18,,44
2026-05-25T18:37:39.181942,$GPGSV,23,,43
2026-05-25T18:37:39.182719,$GPGSV,24,,19
2026-05-25T18:37:39.182719,$GPGSV,27,,26
2026-05-25T18:37:39.182719,$GPGSV,28,,35
2026-05-25T18:37:39.182719,$GPGSV,32,,25
2026-05-25T18:37:39.183359,$GPGSV,41,,38
2026-05-25T18:37:39.183359,$GPGSV,42,,42
2026-05-25T18:37:39.183359,$GPGSV,50,,39
2026-05-25T18:37:39.184074,$GPGSV,10,,34
2026-05-25T18:37:39.184074,$GPGSV,18,,39
2026-05-25T18:37:39.184074,$GPGSV,23,,37
2026-05-25T18:37:39.184074,$GPGSV,24,,17
2026-05-25T18:37:39.184606,$GPGSV,28,,27
2026-05-25T18:37:39.184606,$GPGSV,32,,14
2026-05-25T18:37:39.186429,$GLGSV,65,,21
2026-05-25T18:37:39.186429,$GLGSV,66,,41
2026-05-25T18:37:39.186429,$GLGSV,75,,22
2026-05-25T18:37:39.186429,$GLGSV,76,,45
2026-05-25T18:37:39.187050,$GLGSV,77,,12
2026-05-25T18:37:39.187050,$GLGSV,81,,18
2026-05-25T18:37:39.187050,$GLGSV,88,,40
2026-05-25T18:37:39.187800,$GLGSV,66,,36
2026-05-25T18:37:39.187800,$GLGSV,75,,22
2026-05-25T18:37:39.187800,$GLGSV,76,,40
2026-05-25T18:37:39.187800,$GLGSV,81,,31
2026-05-25T18:37:39.188209,$GLGSV,88,,38
2026-05-25T18:37:39.189451,$GAGSV,07,,31
2026-05-25T18:37:39.189451,$GAGSV,08,,41
2026-05-25T18:37:39.189451,$GAGSV,13,,38
2026-05-25T18:37:39.189451,$GAGSV,15,,42
2026-05-25T18:37:39.189848,$GAGSV,32,,31
2026-05-25T18:37:39.190531,$GAGSV,03,,20
2026-05-25T18:37:39.190531,$GAGSV,07,,33
2026-05-25T18:37:39.190531,$GAGSV,08,,42
2026-05-25T18:37:39.190531,$GAGSV,13,,41
2026-05-25T18:37:39.191019,$GAGSV,15,,43
2026-05-25T18:37:39.191019,$GAGSV,32,,32
2026-05-25T18:37:39.192709,$GBGSV,06,,40
2026-05-25T18:37:39.192709,$GBGSV,07,,45
2026-05-25T18:37:39.192709,$GBGSV,09,,42
2026-05-25T18:37:39.192709,$GBGSV,10,,43
2026-05-25T18:37:39.193405,$GBGSV,24,,23
2026-05-25T18:37:39.193405,$GBGSV,25,,46
2026-05-25T18:37:39.193405,$GBGSV,28,,37
2026-05-25T18:37:39.193405,$GBGSV,33,,35
2026-05-25T18:37:39.193921,$GBGSV,09,,36
2026-05-25T18:37:39.193921,$GBGSV,10,,39
2026-05-25T18:37:40.183658,$GPGSV,10,,42
2026-05-25T18:37:40.183658,$GPGSV,12,,14
2026-05-25T18:37:40.183658,$GPGSV,18,,43
2026-05-25T18:37:40.183658,$GPGSV,23,,41
2026-05-25T18:37:40.184412,$GPGSV,24,,20
2026-05-25T18:37:40.184412,$GPGSV,27,,31
2026-05-25T18:37:40.184412,$GPGSV,28,,31
2026-05-25T18:37:40.184412,$GPGSV,32,,29
2026-05-25T18:37:40.185041,$GPGSV,41,,43
2026-05-25T18:37:40.185041,$GPGSV,42,,41
2026-05-25T18:37:40.185041,$GPGSV,50,,41
2026-05-25T18:37:40.185767,$GPGSV,10,,34
2026-05-25T18:37:40.185767,$GPGSV,18,,41
2026-05-25T18:37:40.185767,$GPGSV,23,,35
2026-05-25T18:37:40.185767,$GPGSV,24,,19
2026-05-25T18:37:40.186286,$GPGSV,28,,35
2026-05-25T18:37:40.186286,$GPGSV,32,,23
2026-05-25T18:37:40.188152,$GLGSV,65,,22
2026-05-25T18:37:40.188152,$GLGSV,66,,40
2026-05-25T18:37:40.188152,$GLGSV,75,,23
2026-05-25T18:37:40.188152,$GLGSV,76,,43
2026-05-25T18:37:40.188782,$GLGSV,77,,12
2026-05-25T18:37:40.188782,$GLGSV,81,,33
2026-05-25T18:37:40.188782,$GLGSV,88,,34
2026-05-25T18:37:40.189504,$GLGSV,66,,38
2026-05-25T18:37:40.189504,$GLGSV,75,,22
2026-05-25T18:37:40.189504,$GLGSV,76,,39
2026-05-25T18:37:40.189504,$GLGSV,81,,29
2026-05-25T18:37:40.189917,$GLGSV,88,,38
2026-05-25T18:37:40.191200,$GAGSV,07,,29
2026-05-25T18:37:40.191200,$GAGSV,08,,40
2026-05-25T18:37:40.191200,$GAGSV,13,,40
2026-05-25T18:37:40.191200,$GAGSV,15,,42
2026-05-25T18:37:40.191600,$GAGSV,32,,31
2026-05-25T18:37:40.192291,$GAGSV,03,,20
2026-05-25T18:37:40.192291,$GAGSV,07,,27
2026-05-25T18:37:40.192291,$GAGSV,08,,41
2026-05-25T18:37:40.192291,$GAGSV,13,,41
2026-05-25T18:37:40.192796,$GAGSV,15,,42
2026-05-25T18:37:40.192796,$GAGSV,32,,35
2026-05-25T18:37:40.194473,$GBGSV,06,,40
2026-05-25T18:37:40.194473,$GBGSV,07,,43
2026-05-25T18:37:40.194473,$GBGSV,09,,39
2026-05-25T18:37:40.194473,$GBGSV,10,,43
2026-05-25T18:37:40.195262,$GBGSV,24,,24
2026-05-25T18:37:40.195262,$GBGSV,25,,43
2026-05-25T18:37:40.195262,$GBGSV,28,,36
2026-05-25T18:37:40.195262,$GBGSV,33,,32
2026-05-25T18:37:40.195770,$GBGSV,09,,37
2026-05-25T18:37:40.195770,$GBGSV,10,,39
2026-05-25T18:37:41.184232,$GPGSV,10,,43
2026-05-25T18:37:41.184232,$GPGSV,12,,15
2026-05-25T18:37:41.184232,$GPGSV,18,,43
2026-05-25T18:37:41.184232,$GPGSV,23,,41
2026-05-25T18:37:41.184952,$GPGSV,24,,20
2026-05-25T18:37:41.184952,$GPGSV,27,,26
2026-05-25T18:37:41.184952,$GPGSV,28,,30
2026-05-25T18:37:41.184952,$GPGSV,32,,34
2026-05-25T18:37:41.185543,$GPGSV,41,,41
2026-05-25T18:37:41.185543,$GPGSV,42,,44
2026-05-25T18:37:41.185543,$GPGSV,50,,41
2026-05-25T18:37:41.186396,$GPGSV,10,,35
2026-05-25T18:37:41.186396,$GPGSV,18,,39
2026-05-25T18:37:41.186396,$GPGSV,23,,34
2026-05-25T18:37:41.186396,$GPGSV,24,,18
2026-05-25T18:37:41.186987,$GPGSV,28,,28
2026-05-25T18:37:41.186987,$GPGSV,32,,24
2026-05-25T18:37:41.189050,$GLGSV,65,,22
2026-05-25T18:37:41.189050,$GLGSV,66,,40
2026-05-25T18:37:41.189050,$GLGSV,75,,22
2026-05-25T18:37:41.189050,$GLGSV,76,,42
2026-05-25T18:37:41.189728,$GLGSV,77,,13
2026-05-25T18:37:41.189728,$GLGSV,81,,29
2026-05-25T18:37:41.189728,$GLGSV,88,,43
2026-05-25T18:37:41.190523,$GLGSV,66,,40
2026-05-25T18:37:41.190523,$GLGSV,75,,22
2026-05-25T18:37:41.190523,$GLGSV,76,,39
2026-05-25T18:37:41.190523,$GLGSV,81,,21
2026-05-25T18:37:41.190981,$GLGSV,88,,39
2026-05-25T18:37:41.192411,$GAGSV,03,,16
2026-05-25T18:37:41.192411,$GAGSV,07,,28
2026-05-25T18:37:41.192411,$GAGSV,08,,41
2026-05-25T18:37:41.192411,$GAGSV,13,,39
2026-05-25T18:37:41.192978,$GAGSV,15,,42
2026-05-25T18:37:41.192978,$GAGSV,32,,32
2026-05-25T18:37:41.193791,$GAGSV,03,,21
2026-05-25T18:37:41.193791,$GAGSV,07,,26
2026-05-25T18:37:41.193791,$GAGSV,08,,41
2026-05-25T18:37:41.193791,$GAGSV,13,,41
2026-05-25T18:37:41.194361,$GAGSV,15,,42
2026-05-25T18:37:41.194361,$GAGSV,32,,36
2026-05-25T18:37:41.196328,$GBGSV,06,,41
2026-05-25T18:37:41.196328,$GBGSV,07,,42
2026-05-25T18:37:41.196328,$GBGSV,09,,42
2026-05-25T18:37:41.196328,$GBGSV,10,,43
2026-05-25T18:37:41.197256,$GBGSV,24,,25
2026-05-25T18:37:41.197256,$GBGSV,25,,45
2026-05-25T18:37:41.197256,$GBGSV,28,,42
2026-05-25T18:37:41.197256,$GBGSV,33,,31
2026-05-25T18:37:41.197824,$GBGSV,09,,37
2026-05-25T18:37:41.197824,$GBGSV,10,,38
2026-05-25T18:37:42.184413,$GPGSV,10,,41
2026-05-25T18:37:42.184413,$GPGSV,12,,15
2026-05-25T18:37:42.184413,$GPGSV,18,,41
2026-05-25T18:37:42.184413,$GPGSV,23,,38
2026-05-25T18:37:42.185161,$GPGSV,24,,20
2026-05-25T18:37:42.185161,$GPGSV,27,,28
2026-05-25T18:37:42.185161,$GPGSV,28,,34
2026-05-25T18:37:42.185161,$GPGSV,32,,38
2026-05-25T18:37:42.185792,$GPGSV,41,,40
2026-05-25T18:37:42.185792,$GPGSV,42,,40
2026-05-25T18:37:42.185792,$GPGSV,50,,39
2026-05-25T18:37:42.186521,$GPGSV,10,,35
2026-05-25T18:37:42.186521,$GPGSV,18,,39
2026-05-25T18:37:42.186521,$GPGSV,23,,29
2026-05-25T18:37:42.186521,$GPGSV,24,,16
2026-05-25T18:37:42.187041,$GPGSV,28,,28
2026-05-25T18:37:42.187041,$GPGSV,32,,22
2026-05-25T18:37:42.188893,$GLGSV,65,,22
2026-05-25T18:37:42.188893,$GLGSV,66,,41
2026-05-25T18:37:42.188893,$GLGSV,75,,22
2026-05-25T18:37:42.188893,$GLGSV,76,,43
2026-05-25T18:37:42.189522,$GLGSV,77,,14
2026-05-25T18:37:42.189522,$GLGSV,81,,36
2026-05-25T18:37:42.189522,$GLGSV,88,,40
2026-05-25T18:37:42.190246,$GLGSV,66,,38
2026-05-25T18:37:42.190246,$GLGSV,75,,21
2026-05-25T18:37:42.190246,$GLGSV,76,,39
2026-05-25T18:37:42.190246,$GLGSV,81,,38
2026-05-25T18:37:42.190658,$GLGSV,88,,36
2026-05-25T18:37:42.191916,$GAGSV,03,,14
2026-05-25T18:37:42.191916,$GAGSV,07,,32
2026-05-25T18:37:42.191916,$GAGSV,08,,38
2026-05-25T18:37:42.191916,$GAGSV,13,,39
2026-05-25T18:37:42.192535,$GAGSV,15,,41
2026-05-25T18:37:42.192535,$GAGSV,32,,30
2026-05-25T18:37:42.193237,$GAGSV,03,,19
2026-05-25T18:37:42.193237,$GAGSV,07,,35
2026-05-25T18:37:42.193237,$GAGSV,08,,41
2026-05-25T18:37:42.193237,$GAGSV,13,,42
2026-05-25T18:37:42.193739,$GAGSV,15,,43
2026-05-25T18:37:42.193739,$GAGSV,32,,38
2026-05-25T18:37:42.195474,$GBGSV,06,,42
2026-05-25T18:37:42.195474,$GBGSV,07,,43
2026-05-25T18:37:42.195474,$GBGSV,09,,40
2026-05-25T18:37:42.195474,$GBGSV,10,,45
2026-05-25T18:37:42.196173,$GBGSV,24,,25
2026-05-25T18:37:42.196173,$GBGSV,25,,45
2026-05-25T18:37:42.196173,$GBGSV,28,,36
2026-05-25T18:37:42.196173,$GBGSV,33,,31
2026-05-25T18:37:42.196682,$GBGSV,09,,37
2026-05-25T18:37:42.196682,$GBGSV,10,,37
2026-05-25T18:37:43.180830,$GPGSV,10,,42
2026-05-25T18:37:43.180830,$GPGSV,12,,16
2026-05-25T18:37:43.180830,$GPGSV,18,,42
2026-05-25T18:37:43.180830,$GPGSV,23,,40
2026-05-25T18:37:43.181586,$GPGSV,24,,20
2026-05-25T18:37:43.181586,$GPGSV,27,,27
2026-05-25T18:37:43.181586,$GPGSV,28,,34
2026-05-25T18:37:43.181586,$GPGSV,32,,29
2026-05-25T18:37:43.182227,$GPGSV,41,,41
2026-05-25T18:37:43.182227,$GPGSV,42,,40
2026-05-25T18:37:43.182227,$GPGSV,50,,39
2026-05-25T18:37:43.182959,$GPGSV,10,,35
2026-05-25T18:37:43.182959,$GPGSV,18,,39
2026-05-25T18:37:43.182959,$GPGSV,23,,33
2026-05-25T18:37:43.182959,$GPGSV,24,,17
2026-05-25T18:37:43.183514,$GPGSV,28,,28
2026-05-25T18:37:43.183514,$GPGSV,32,,23
2026-05-25T18:37:43.185329,$GLGSV,65,,23
2026-05-25T18:37:43.185329,$GLGSV,66,,38
2026-05-25T18:37:43.185329,$GLGSV,75,,22
2026-05-25T18:37:43.185329,$GLGSV,76,,43
2026-05-25T18:37:43.185932,$GLGSV,77,,14
2026-05-25T18:37:43.185932,$GLGSV,81,,33
2026-05-25T18:37:43.185932,$GLGSV,88,,41
2026-05-25T18:37:43.186622,$GLGSV,66,,38
2026-05-25T18:37:43.186622,$GLGSV,75,,20
2026-05-25T18:37:43.186622,$GLGSV,76,,37
2026-05-25T18:37:43.186622,$GLGSV,81,,40
2026-05-25T18:37:43.187021,$GLGSV,88,,38
2026-05-25T18:37:43.188267,$GAGSV,03,,16
2026-05-25T18:37:43.188267,$GAGSV,07,,31
2026-05-25T18:37:43.188267,$GAGSV,08,,40
2026-05-25T18:37:43.188267,$GAGSV,13,,38
2026-05-25T18:37:43.188761,$GAGSV,15,,41
2026-05-25T18:37:43.188761,$GAGSV,32,,35
2026-05-25T18:37:43.189449,$GAGSV,03,,18
2026-05-25T18:37:43.189449,$GAGSV,07,,32
2026-05-25T18:37:43.189449,$GAGSV,08,,41
2026-05-25T18:37:43.189449,$GAGSV,13,,41
2026-05-25T18:37:43.189943,$GAGSV,15,,42
2026-05-25T18:37:43.189943,$GAGSV,32,,40
2026-05-25T18:37:43.191646,$GBGSV,06,,41
2026-05-25T18:37:43.191646,$GBGSV,07,,44
2026-05-25T18:37:43.191646,$GBGSV,09,,40
2026-05-25T18:37:43.191646,$GBGSV,10,,44
2026-05-25T18:37:43.192355,$GBGSV,24,,26
2026-05-25T18:37:43.192355,$GBGSV,25,,45
2026-05-25T18:37:43.192355,$GBGSV,28,,39
2026-05-25T18:37:43.192355,$GBGSV,33,,34
2026-05-25T18:37:43.192853,$GBGSV,09,,34
2026-05-25T18:37:43.192853,$GBGSV,10,,40
2026-05-25T18:37:44.183646,$GPGSV,10,,44
2026-05-25T18:37:44.183646,$GPGSV,12,,17
2026-05-25T18:37:44.183646,$GPGSV,18,,44
2026-05-25T18:37:44.183646,$GPGSV,23,,43
2026-05-25T18:37:44.184502,$GPGSV,24,,22
2026-05-25T18:37:44.184502,$GPGSV,27,,22
2026-05-25T18:37:44.184502,$GPGSV,28,,33
2026-05-25T18:37:44.184502,$GPGSV,32,,33
2026-05-25T18:37:44.185218,$GPGSV,41,,43
2026-05-25T18:37:44.185218,$GPGSV,42,,43
2026-05-25T18:37:44.185218,$GPGSV,50,,39
2026-05-25T18:37:44.186015,$GPGSV,10,,37
2026-05-25T18:37:44.186015,$GPGSV,18,,38
2026-05-25T18:37:44.186015,$GPGSV,23,,33
2026-05-25T18:37:44.186015,$GPGSV,24,,19
2026-05-25T18:37:44.186575,$GPGSV,28,,33
2026-05-25T18:37:44.186575,$GPGSV,32,,26
2026-05-25T18:37:44.188529,$GLGSV,65,,22
2026-05-25T18:37:44.188529,$GLGSV,66,,39
2026-05-25T18:37:44.188529,$GLGSV,75,,22
2026-05-25T18:37:44.188529,$GLGSV,76,,43
2026-05-25T18:37:44.189142,$GLGSV,77,,14
2026-05-25T18:37:44.189142,$GLGSV,81,,39
2026-05-25T18:37:44.189142,$GLGSV,88,,39
2026-05-25T18:37:44.189851,$GLGSV,66,,36
2026-05-25T18:37:44.189851,$GLGSV,75,,22
2026-05-25T18:37:44.189851,$GLGSV,76,,41
2026-05-25T18:37:44.189851,$GLGSV,81,,36
2026-05-25T18:37:44.190260,$GLGSV,88,,39
2026-05-25T18:37:44.191556,$GAGSV,03,,16
2026-05-25T18:37:44.191556,$GAGSV,07,,24
2026-05-25T18:37:44.191556,$GAGSV,08,,40
2026-05-25T18:37:44.191556,$GAGSV,13,,40
2026-05-25T18:37:44.192085,$GAGSV,15,,41
2026-05-25T18:37:44.192085,$GAGSV,32,,36
2026-05-25T18:37:44.192820,$GAGSV,03,,18
2026-05-25T18:37:44.192820,$GAGSV,07,,32
2026-05-25T18:37:44.192820,$GAGSV,08,,42
2026-05-25T18:37:44.192820,$GAGSV,13,,40
2026-05-25T18:37:44.193342,$GAGSV,15,,41
2026-05-25T18:37:44.193342,$GAGSV,32,,38
2026-05-25T18:37:44.195107,$GBGSV,06,,41
2026-05-25T18:37:44.195107,$GBGSV,07,,43
2026-05-25T18:37:44.195107,$GBGSV,09,,38
2026-05-25T18:37:44.195107,$GBGSV,10,,43
2026-05-25T18:37:44.195872,$GBGSV,24,,25
2026-05-25T18:37:44.195872,$GBGSV,25,,45
2026-05-25T18:37:44.195872,$GBGSV,28,,44
2026-05-25T18:37:44.195872,$GBGSV,33,,37
2026-05-25T18:37:44.196401,$GBGSV,09,,34
2026-05-25T18:37:44.196401,$GBGSV,10,,40
2026-05-25T18:37:45.184738,$GPGSV,10,,43
2026-05-25T18:37:45.184738,$GPGSV,12,,15
2026-05-25T18:37:45.184738,$GPGSV,18,,43
2026-05-25T18:37:45.184738,$GPGSV,23,,38
2026-05-25T18:37:45.185503,$GPGSV,24,,20
2026-05-25T18:37:45.185503,$GPGSV,28,,34
2026-05-25T18:37:45.185503,$GPGSV,32,,27
2026-05-25T18:37:45.185503,$GPGSV,41,,43
2026-05-25T18:37:45.186029,$GPGSV,42,,44
2026-05-25T18:37:45.186029,$GPGSV,50,,39
2026-05-25T18:37:45.186743,$GPGSV,10,,36
2026-05-25T18:37:45.186743,$GPGSV,18,,38
2026-05-25T18:37:45.186743,$GPGSV,23,,36
2026-05-25T18:37:45.186743,$GPGSV,24,,19
2026-05-25T18:37:45.187265,$GPGSV,28,,30
2026-05-25T18:37:45.187265,$GPGSV,32,,26
2026-05-25T18:37:45.189144,$GLGSV,65,,22
2026-05-25T18:37:45.189144,$GLGSV,66,,35
2026-05-25T18:37:45.189144,$GLGSV,75,,20
2026-05-25T18:37:45.189144,$GLGSV,76,,42
2026-05-25T18:37:45.189742,$GLGSV,77,,14
2026-05-25T18:37:45.189742,$GLGSV,81,,39
2026-05-25T18:37:45.189742,$GLGSV,88,,43
2026-05-25T18:37:45.190558,$GLGSV,66,,36
2026-05-25T18:37:45.190558,$GLGSV,75,,22
2026-05-25T18:37:45.190558,$GLGSV,76,,41
2026-05-25T18:37:45.190558,$GLGSV,81,,27
2026-05-25T18:37:45.190975,$GLGSV,88,,41
2026-05-25T18:37:45.192237,$GAGSV,03,,15
2026-05-25T18:37:45.192237,$GAGSV,07,,26
2026-05-25T18:37:45.192237,$GAGSV,08,,39
2026-05-25T18:37:45.192237,$GAGSV,13,,39
2026-05-25T18:37:45.192743,$GAGSV,15,,42
2026-05-25T18:37:45.192743,$GAGSV,32,,36
2026-05-25T18:37:45.193438,$GAGSV,03,,18
2026-05-25T18:37:45.193438,$GAGSV,07,,26
2026-05-25T18:37:45.193438,$GAGSV,08,,41
2026-05-25T18:37:45.193438,$GAGSV,13,,40
2026-05-25T18:37:45.193939,$GAGSV,15,,42
2026-05-25T18:37:45.193939,$GAGSV,32,,36
2026-05-25T18:37:45.195648,$GBGSV,06,,42
2026-05-25T18:37:45.195648,$GBGSV,07,,44
2026-05-25T18:37:45.195648,$GBGSV,09,,40
2026-05-25T18:37:45.195648,$GBGSV,10,,42
2026-05-25T18:37:45.196342,$GBGSV,24,,25
2026-05-25T18:37:45.196342,$GBGSV,25,,46
2026-05-25T18:37:45.196342,$GBGSV,28,,29
2026-05-25T18:37:45.196342,$GBGSV,33,,25
2026-05-25T18:37:45.196889,$GBGSV,09,,34
2026-05-25T18:37:45.196889,$GBGSV,10,,40
2026-05-25T18:37:46.181294,$GPGSV,10,,43
2026-05-25T18:37:46.181294,$GPGSV,12,,14
2026-05-25T18:37:46.181294,$GPGSV,18,,43
2026-05-25T18:37:46.181294,$GPGSV,23,,41
2026-05-25T18:37:46.182088,$GPGSV,24,,24
2026-05-25T18:37:46.182088,$GPGSV,28,,27
2026-05-25T18:37:46.182088,$GPGSV,32,,38
2026-05-25T18:37:46.182088,$GPGSV,41,,44
2026-05-25T18:37:46.182635,$GPGSV,42,,43
2026-05-25T18:37:46.182635,$GPGSV,50,,40
2026-05-25T18:37:46.183361,$GPGSV,10,,36
2026-05-25T18:37:46.183361,$GPGSV,18,,38
2026-05-25T18:37:46.183361,$GPGSV,23,,34
2026-05-25T18:37:46.183361,$GPGSV,24,,19
2026-05-25T18:37:46.183883,$GPGSV,28,,32
2026-05-25T18:37:46.183883,$GPGSV,32,,32
2026-05-25T18:37:46.185798,$GLGSV,65,,22
2026-05-25T18:37:46.185798,$GLGSV,66,,36
2026-05-25T18:37:46.185798,$GLGSV,75,,20
2026-05-25T18:37:46.185798,$GLGSV,76,,39
2026-05-25T18:37:46.186418,$GLGSV,77,,13
2026-05-25T18:37:46.186418,$GLGSV,81,,39
2026-05-25T18:37:46.186418,$GLGSV,88,,41
2026-05-25T18:37:46.187151,$GLGSV,66,,36
2026-05-25T18:37:46.187151,$GLGSV,75,,23
2026-05-25T18:37:46.187151,$GLGSV,76,,40
2026-05-25T18:37:46.187151,$GLGSV,81,,41
2026-05-25T18:37:46.187566,$GLGSV,88,,37
2026-05-25T18:37:46.188836,$GAGSV,03,,16
2026-05-25T18:37:46.188836,$GAGSV,07,,27
2026-05-25T18:37:46.188836,$GAGSV,08,,38
2026-05-25T18:37:46.188836,$GAGSV,13,,39
2026-05-25T18:37:46.189354,$GAGSV,15,,41
2026-05-25T18:37:46.189354,$GAGSV,32,,36
2026-05-25T18:37:46.190076,$GAGSV,03,,19
2026-05-25T18:37:46.190076,$GAGSV,07,,26
2026-05-25T18:37:46.190076,$GAGSV,08,,42
2026-05-25T18:37:46.190076,$GAGSV,13,,41
2026-05-25T18:37:46.190595,$GAGSV,15,,43
2026-05-25T18:37:46.190595,$GAGSV,32,,33
2026-05-25T18:37:46.192300,$GBGSV,06,,39
2026-05-25T18:37:46.192300,$GBGSV,07,,43
2026-05-25T18:37:46.192300,$GBGSV,09,,39
2026-05-25T18:37:46.192300,$GBGSV,10,,44
2026-05-25T18:37:46.192997,$GBGSV,24,,22
2026-05-25T18:37:46.192997,$GBGSV,25,,46
2026-05-25T18:37:46.192997,$GBGSV,28,,21
2026-05-25T18:37:46.192997,$GBGSV,33,,31
2026-05-25T18:37:46.193488,$GBGSV,09,,34
2026-05-25T18:37:46.193488,$GBGSV,10,,40
2026-05-25T18:37:47.181943,$GPGSV,10,,43
2026-05-25T18:37:47.181943,$GPGSV,18,,43
2026-05-25T18:37:47.181943,$GPGSV,23,,39
2026-05-25T18:37:47.181943,$GPGSV,24,,25
2026-05-25T18:37:47.182718,$GPGSV,28,,39
2026-05-25T18:37:47.182718,$GPGSV,32,,41
2026-05-25T18:37:47.182718,$GPGSV,41,,44
2026-05-25T18:37:47.182718,$GPGSV,42,,44
2026-05-25T18:37:47.183164,$GPGSV,50,,39
2026-05-25T18:37:47.183884,$GPGSV,10,,38
2026-05-25T18:37:47.183884,$GPGSV,18,,39
2026-05-25T18:37:47.183884,$GPGSV,23,,36
2026-05-25T18:37:47.183884,$GPGSV,24,,20
2026-05-25T18:37:47.184408,$GPGSV,28,,33
2026-05-25T18:37:47.184408,$GPGSV,32,,35
2026-05-25T18:37:47.186417,$GLGSV,65,,22
2026-05-25T18:37:47.186417,$GLGSV,66,,40
2026-05-25T18:37:47.186417,$GLGSV,75,,19
2026-05-25T18:37:47.186417,$GLGSV,76,,42
2026-05-25T18:37:47.187042,$GLGSV,77,,14
2026-05-25T18:37:47.187042,$GLGSV,81,,37
2026-05-25T18:37:47.187042,$GLGSV,88,,38
2026-05-25T18:37:47.187840,$GLGSV,66,,38
2026-05-25T18:37:47.187840,$GLGSV,75,,24
2026-05-25T18:37:47.187840,$GLGSV,76,,40
2026-05-25T18:37:47.187840,$GLGSV,81,,44
2026-05-25T18:37:47.188260,$GLGSV,88,,36
2026-05-25T18:37:47.189531,$GAGSV,03,,16
2026-05-25T18:37:47.189531,$GAGSV,07,,27
2026-05-25T18:37:47.189531,$GAGSV,08,,40
2026-05-25T18:37:47.189531,$GAGSV,13,,39
2026-05-25T18:37:47.190034,$GAGSV,15,,41
2026-05-25T18:37:47.190034,$GAGSV,32,,36
2026-05-25T18:37:47.190745,$GAGSV,03,,22
2026-05-25T18:37:47.190745,$GAGSV,07,,27
2026-05-25T18:37:47.190745,$GAGSV,08,,43
2026-05-25T18:37:47.190745,$GAGSV,13,,42
2026-05-25T18:37:47.191275,$GAGSV,15,,42
2026-05-25T18:37:47.191275,$GAGSV,32,,33
2026-05-25T18:37:47.192949,$GBGSV,06,,37
2026-05-25T18:37:47.192949,$GBGSV,07,,45
2026-05-25T18:37:47.192949,$GBGSV,09,,39
2026-05-25T18:37:47.192949,$GBGSV,10,,43
2026-05-25T18:37:47.193648,$GBGSV,24,,22
2026-05-25T18:37:47.193648,$GBGSV,25,,45
2026-05-25T18:37:47.193648,$GBGSV,28,,38
2026-05-25T18:37:47.193648,$GBGSV,33,,38
2026-05-25T18:37:47.194143,$GBGSV,09,,33
2026-05-25T18:37:47.194143,$GBGSV,10,,39
2026-05-25T18:37:48.197401,$GPGSV,10,,43
2026-05-25T18:37:48.197401,$GPGSV,12,,22
2026-05-25T18:37:48.197401,$GPGSV,18,,42
2026-05-25T18:37:48.197401,$GPGSV,23,,41
2026-05-25T18:37:48.200309,$GPGSV,24,,26
2026-05-25T18:37:48.200309,$GPGSV,28,,39
2026-05-25T18:37:48.200309,$GPGSV,32,,36
2026-05-25T18:37:48.200309,$GPGSV,41,,40
2026-05-25T18:37:48.201790,$GPGSV,42,,44
2026-05-25T18:37:48.201790,$GPGSV,50,,37
2026-05-25T18:37:48.203348,$GPGSV,10,,37
2026-05-25T18:37:48.203348,$GPGSV,18,,40
2026-05-25T18:37:48.203348,$GPGSV,23,,36
2026-05-25T18:37:48.203348,$GPGSV,24,,18
2026-05-25T18:37:48.204477,$GPGSV,28,,36
2026-05-25T18:37:48.204477,$GPGSV,32,,32
2026-05-25T18:37:48.207976,$GLGSV,65,,22
2026-05-25T18:37:48.207976,$GLGSV,66,,41
2026-05-25T18:37:48.207976,$GLGSV,75,,20
2026-05-25T18:37:48.207976,$GLGSV,76,,43
2026-05-25T18:37:48.208863,$GLGSV,77,,14
2026-05-25T18:37:48.208863,$GLGSV,81,,37
2026-05-25T18:37:48.208863,$GLGSV,88,,34
2026-05-25T18:37:48.209719,$GLGSV,66,,35
2026-05-25T18:37:48.209719,$GLGSV,75,,22
2026-05-25T18:37:48.209719,$GLGSV,76,,38
2026-05-25T18:37:48.209719,$GLGSV,81,,34
2026-05-25T18:37:48.210201,$GLGSV,88,,37
2026-05-25T18:37:48.211704,$GAGSV,03,,16
2026-05-25T18:37:48.211704,$GAGSV,07,,31
2026-05-25T18:37:48.211704,$GAGSV,08,,38
2026-05-25T18:37:48.211704,$GAGSV,13,,39
2026-05-25T18:37:48.212311,$GAGSV,15,,41
2026-05-25T18:37:48.212311,$GAGSV,32,,36
2026-05-25T18:37:48.213137,$GAGSV,03,,19
2026-05-25T18:37:48.213137,$GAGSV,07,,26
2026-05-25T18:37:48.213137,$GAGSV,08,,42
2026-05-25T18:37:48.213137,$GAGSV,13,,43
2026-05-25T18:37:48.213654,$GAGSV,15,,42
2026-05-25T18:37:48.213654,$GAGSV,32,,38
2026-05-25T18:37:48.215450,$GBGSV,06,,41
2026-05-25T18:37:48.215450,$GBGSV,07,,44
2026-05-25T18:37:48.215450,$GBGSV,09,,38
2026-05-25T18:37:48.215450,$GBGSV,10,,44
2026-05-25T18:37:48.216159,$GBGSV,24,,21
2026-05-25T18:37:48.216159,$GBGSV,25,,46
2026-05-25T18:37:48.216159,$GBGSV,28,,35
2026-05-25T18:37:48.216159,$GBGSV,33,,36
2026-05-25T18:37:48.216688,$GBGSV,09,,34
2026-05-25T18:37:48.216688,$GBGSV,10,,39
2026-05-25T18:37:49.184163,$GPGSV,10,,41
2026-05-25T18:37:49.184163,$GPGSV,18,,42
2026-05-25T18:37:49.184163,$GPGSV,23,,39
2026-05-25T18:37:49.184163,$GPGSV,24,,31
2026-05-25T18:37:49.184804,$GPGSV,28,,37
2026-05-25T18:37:49.184804,$GPGSV,32,,36
2026-05-25T18:37:49.184804,$GPGSV,41,,41
2026-05-25T18:37:49.184804,$GPGSV,42,,43
2026-05-25T18:37:49.185161,$GPGSV,50,,40
2026-05-25T18:37:49.185786,$GPGSV,10,,36
2026-05-25T18:37:49.185786,$GPGSV,18,,39
2026-05-25T18:37:49.185786,$GPGSV,23,,37
2026-05-25T18:37:49.185786,$GPGSV,24,,20
2026-05-25T18:37:49.186230,$GPGSV,28,,36
2026-05-25T18:37:49.186230,$GPGSV,32,,26
2026-05-25T18:37:49.187894,$GLGSV,65,,22
2026-05-25T18:37:49.187894,$GLGSV,66,,38
2026-05-25T18:37:49.187894,$GLGSV,75,,23
2026-05-25T18:37:49.187894,$GLGSV,76,,44
2026-05-25T18:37:49.188400,$GLGSV,77,,13
2026-05-25T18:37:49.188400,$GLGSV,81,,37
2026-05-25T18:37:49.188400,$GLGSV,88,,44
2026-05-25T18:37:49.188992,$GLGSV,66,,35
2026-05-25T18:37:49.188992,$GLGSV,75,,20
2026-05-25T18:37:49.188992,$GLGSV,76,,37
2026-05-25T18:37:49.188992,$GLGSV,81,,36
2026-05-25T18:37:49.189331,$GLGSV,88,,37
2026-05-25T18:37:49.190372,$GAGSV,03,,18
2026-05-25T18:37:49.190372,$GAGSV,07,,35
2026-05-25T18:37:49.190372,$GAGSV,08,,41
2026-05-25T18:37:49.190372,$GAGSV,13,,40
2026-05-25T18:37:49.190794,$GAGSV,15,,42
2026-05-25T18:37:49.190794,$GAGSV,32,,34
2026-05-25T18:37:49.191411,$GAGSV,03,,19
2026-05-25T18:37:49.191411,$GAGSV,07,,37
2026-05-25T18:37:49.191411,$GAGSV,08,,42
2026-05-25T18:37:49.191411,$GAGSV,13,,41
2026-05-25T18:37:49.191840,$GAGSV,15,,42
2026-05-25T18:37:49.191840,$GAGSV,32,,40
2026-05-25T18:37:49.193340,$GBGSV,06,,40
2026-05-25T18:37:49.193340,$GBGSV,07,,44
2026-05-25T18:37:49.193340,$GBGSV,09,,40
2026-05-25T18:37:49.193340,$GBGSV,10,,44
2026-05-25T18:37:49.193944,$GBGSV,24,,21
2026-05-25T18:37:49.193944,$GBGSV,25,,45
2026-05-25T18:37:49.193944,$GBGSV,28,,36
2026-05-25T18:37:49.193944,$GBGSV,33,,34
2026-05-25T18:37:49.194371,$GBGSV,09,,36
2026-05-25T18:37:49.194371,$GBGSV,10,,39
2026-05-25T18:37:50.184135,$GPGSV,10,,39
2026-05-25T18:37:50.184135,$GPGSV,12,,19
2026-05-25T18:37:50.184135,$GPGSV,18,,42
2026-05-25T18:37:50.184135,$GPGSV,23,,39
2026-05-25T18:37:50.184787,$GPGSV,24,,25
2026-05-25T18:37:50.184787,$GPGSV,28,,40
2026-05-25T18:37:50.184787,$GPGSV,32,,38
2026-05-25T18:37:50.184787,$GPGSV,41,,44
2026-05-25T18:37:50.185232,$GPGSV,42,,43
2026-05-25T18:37:50.185232,$GPGSV,50,,40
2026-05-25T18:37:50.185850,$GPGSV,10,,36
2026-05-25T18:37:50.185850,$GPGSV,18,,39
2026-05-25T18:37:50.185850,$GPGSV,23,,38
2026-05-25T18:37:50.185850,$GPGSV,24,,19
2026-05-25T18:37:50.186304,$GPGSV,28,,38
2026-05-25T18:37:50.186304,$GPGSV,32,,27
2026-05-25T18:37:50.187885,$GLGSV,65,,22
2026-05-25T18:37:50.187885,$GLGSV,66,,38
2026-05-25T18:37:50.187885,$GLGSV,75,,21
2026-05-25T18:37:50.187885,$GLGSV,76,,42
2026-05-25T18:37:50.188392,$GLGSV,77,,14
2026-05-25T18:37:50.188392,$GLGSV,81,,35
2026-05-25T18:37:50.188392,$GLGSV,88,,41
2026-05-25T18:37:50.188984,$GLGSV,66,,35
2026-05-25T18:37:50.188984,$GLGSV,75,,21
2026-05-25T18:37:50.188984,$GLGSV,76,,40
2026-05-25T18:37:50.188984,$GLGSV,81,,38
2026-05-25T18:37:50.189323,$GLGSV,88,,35
2026-05-25T18:37:50.190406,$GAGSV,03,,18
2026-05-25T18:37:50.190406,$GAGSV,07,,33
2026-05-25T18:37:50.190406,$GAGSV,08,,41
2026-05-25T18:37:50.190406,$GAGSV,13,,41
2026-05-25T18:37:50.190832,$GAGSV,15,,42
2026-05-25T18:37:50.190832,$GAGSV,32,,35
2026-05-25T18:37:50.191465,$GAGSV,03,,19
2026-05-25T18:37:50.191465,$GAGSV,07,,34
2026-05-25T18:37:50.191465,$GAGSV,08,,42
2026-05-25T18:37:50.191465,$GAGSV,13,,42
2026-05-25T18:37:50.191905,$GAGSV,15,,42
2026-05-25T18:37:50.191905,$GAGSV,32,,38
2026-05-25T18:37:50.193346,$GBGSV,06,,41
2026-05-25T18:37:50.193346,$GBGSV,07,,43
2026-05-25T18:37:50.193346,$GBGSV,09,,41
2026-05-25T18:37:50.193346,$GBGSV,10,,43
2026-05-25T18:37:50.193941,$GBGSV,24,,21
2026-05-25T18:37:50.193941,$GBGSV,25,,44
2026-05-25T18:37:50.193941,$GBGSV,28,,31
2026-05-25T18:37:50.193941,$GBGSV,33,,29
2026-05-25T18:37:50.194371,$GBGSV,09,,36
2026-05-25T18:37:50.194371,$GBGSV,10,,40
2026-05-25T18:37:51.189132,$GPGSV,10,,41
2026-05-25T18:37:51.189132,$GPGSV,18,,41
2026-05-25T18:37:51.189132,$GPGSV,23,,38
2026-05-25T18:37:51.189132,$GPGSV,24,,24
2026-05-25T18:37:51.189946,$GPGSV,28,,42
2026-05-25T18:37:51.189946,$GPGSV,32,,35
2026-05-25T18:37:51.189946,$GPGSV,41,,43
2026-05-25T18:37:51.189946,$GPGSV,42,,42
2026-05-25T18:37:51.190409,$GPGSV,50,,38
2026-05-25T18:37:51.191213,$GPGSV,10,,36
2026-05-25T18:37:51.191213,$GPGSV,18,,40
2026-05-25T18:37:51.191213,$GPGSV,23,,37
2026-05-25T18:37:51.191213,$GPGSV,24,,19
2026-05-25T18:37:51.191733,$GPGSV,28,,36
2026-05-25T18:37:51.191733,$GPGSV,32,,28
2026-05-25T18:37:51.193744,$GLGSV,65,,22
2026-05-25T18:37:51.193744,$GLGSV,66,,38
2026-05-25T18:37:51.193744,$GLGSV,75,,23
2026-05-25T18:37:51.193744,$GLGSV,76,,44
2026-05-25T18:37:51.194369,$GLGSV,77,,13
2026-05-25T18:37:51.194369,$GLGSV,81,,31
2026-05-25T18:37:51.194369,$GLGSV,88,,43
2026-05-25T18:37:51.195108,$GLGSV,66,,34
2026-05-25T18:37:51.195108,$GLGSV,75,,20
2026-05-25T18:37:51.195108,$GLGSV,76,,41
2026-05-25T18:37:51.195108,$GLGSV,81,,41
2026-05-25T18:37:51.195621,$GLGSV,88,,39
2026-05-25T18:37:51.196896,$GAGSV,03,,18
2026-05-25T18:37:51.196896,$GAGSV,07,,36
2026-05-25T18:37:51.196896,$GAGSV,08,,41
2026-05-25T18:37:51.196896,$GAGSV,13,,40
2026-05-25T18:37:51.197570,$GAGSV,15,,42
2026-05-25T18:37:51.197570,$GAGSV,32,,36
2026-05-25T18:37:51.198312,$GAGSV,03,,20
2026-05-25T18:37:51.198312,$GAGSV,07,,30
2026-05-25T18:37:51.198312,$GAGSV,08,,42
2026-05-25T18:37:51.198312,$GAGSV,13,,42
2026-05-25T18:37:51.199043,$GAGSV,15,,42
2026-05-25T18:37:51.199043,$GAGSV,32,,38
2026-05-25T18:37:51.201462,$GBGSV,06,,42
2026-05-25T18:37:51.201462,$GBGSV,07,,43
2026-05-25T18:37:51.201462,$GBGSV,09,,39
2026-05-25T18:37:51.201462,$GBGSV,10,,43
2026-05-25T18:37:51.202241,$GBGSV,24,,22
2026-05-25T18:37:51.202241,$GBGSV,25,,44
2026-05-25T18:37:51.202241,$GBGSV,28,,35
2026-05-25T18:37:51.202241,$GBGSV,33,,23
2026-05-25T18:37:51.202741,$GBGSV,09,,36
2026-05-25T18:37:51.202741,$GBGSV,10,,40
2026-05-25T18:37:52.173972,$GPGSV,10,,41
2026-05-25T18:37:52.173972,$GPGSV,18,,42
2026-05-25T18:37:52.173972,$GPGSV,23,,40
2026-05-25T18:37:52.173972,$GPGSV,24,,23
2026-05-25T18:37:52.174724,$GPGSV,28,,41
2026-05-25T18:37:52.174724,$GPGSV,32,,30
2026-05-25T18:37:52.174724,$GPGSV,41,,42
2026-05-25T18:37:52.174724,$GPGSV,42,,42
2026-05-25T18:37:52.175335,$GPGSV,50,,38
2026-05-25T18:37:52.176142,$GPGSV,10,,36
2026-05-25T18:37:52.176142,$GPGSV,18,,39
2026-05-25T18:37:52.176142,$GPGSV,23,,33
2026-05-25T18:37:52.176142,$GPGSV,24,,17
2026-05-25T18:37:52.176669,$GPGSV,28,,35
2026-05-25T18:37:52.176669,$GPGSV,32,,26
2026-05-25T18:37:52.178702,$GLGSV,65,,22
2026-05-25T18:37:52.178702,$GLGSV,66,,40
2026-05-25T18:37:52.178702,$GLGSV,75,,23
2026-05-25T18:37:52.178702,$GLGSV,76,,44
2026-05-25T18:37:52.179365,$GLGSV,77,,13
2026-05-25T18:37:52.179365,$GLGSV,81,,38
2026-05-25T18:37:52.179365,$GLGSV,88,,40
2026-05-25T18:37:52.180068,$GLGSV,66,,39
2026-05-25T18:37:52.180068,$GLGSV,75,,21
2026-05-25T18:37:52.180068,$GLGSV,76,,37
2026-05-25T18:37:52.180068,$GLGSV,81,,38
2026-05-25T18:37:52.180460,$GLGSV,88,,39
2026-05-25T18:37:52.181765,$GAGSV,03,,17
2026-05-25T18:37:52.181765,$GAGSV,07,,28
2026-05-25T18:37:52.181765,$GAGSV,08,,40
2026-05-25T18:37:52.181765,$GAGSV,13,,42
2026-05-25T18:37:52.182268,$GAGSV,15,,41
2026-05-25T18:37:52.182268,$GAGSV,32,,38
2026-05-25T18:37:52.182953,$GAGSV,03,,22
2026-05-25T18:37:52.182953,$GAGSV,08,,41
2026-05-25T18:37:52.182953,$GAGSV,13,,42
2026-05-25T18:37:52.182953,$GAGSV,15,,42
2026-05-25T18:37:52.183380,$GAGSV,32,,33
2026-05-25T18:37:52.185210,$GBGSV,06,,38
2026-05-25T18:37:52.185210,$GBGSV,07,,43
2026-05-25T18:37:52.185210,$GBGSV,09,,39
2026-05-25T18:37:52.185210,$GBGSV,10,,41
2026-05-25T18:37:52.185910,$GBGSV,24,,21
2026-05-25T18:37:52.185910,$GBGSV,25,,46
2026-05-25T18:37:52.185910,$GBGSV,28,,37
2026-05-25T18:37:52.185910,$GBGSV,33,,30
2026-05-25T18:37:52.186420,$GBGSV,09,,36
2026-05-25T18:37:52.186420,$GBGSV,10,,40
2026-05-25T18:37:53.183006,$GPGSV,10,,43
2026-05-25T18:37:53.183006,$GPGSV,12,,19
2026-05-25T18:37:53.183006,$GPGSV,18,,42
2026-05-25T18:37:53.183006,$GPGSV,23,,33
2026-05-25T18:37:53.183750,$GPGSV,24,,25
2026-05-25T18:37:53.183750,$GPGSV,28,,38
2026-05-25T18:37:53.183750,$GPGSV,32,,34
2026-05-25T18:37:53.183750,$GPGSV,41,,42
2026-05-25T18:37:53.184261,$GPGSV,42,,43
2026-05-25T18:37:53.184261,$GPGSV,50,,40
2026-05-25T18:37:53.184924,$GPGSV,10,,36
2026-05-25T18:37:53.184924,$GPGSV,18,,39
2026-05-25T18:37:53.184924,$GPGSV,23,,33
2026-05-25T18:37:53.184924,$GPGSV,24,,17
2026-05-25T18:37:53.185397,$GPGSV,28,,38
2026-05-25T18:37:53.185397,$GPGSV,32,,33
2026-05-25T18:37:53.187134,$GLGSV,65,,22
2026-05-25T18:37:53.187134,$GLGSV,66,,41
2026-05-25T18:37:53.187134,$GLGSV,75,,23
2026-05-25T18:37:53.187134,$GLGSV,76,,40
2026-05-25T18:37:53.187677,$GLGSV,77,,13
2026-05-25T18:37:53.187677,$GLGSV,81,,40
2026-05-25T18:37:53.187677,$GLGSV,88,,43
2026-05-25T18:37:53.188316,$GLGSV,66,,38
2026-05-25T18:37:53.188316,$GLGSV,75,,21
2026-05-25T18:37:53.188316,$GLGSV,76,,34
2026-05-25T18:37:53.188316,$GLGSV,81,,43
2026-05-25T18:37:53.188670,$GLGSV,88,,39
2026-05-25T18:37:53.189763,$GAGSV,03,,18
2026-05-25T18:37:53.189763,$GAGSV,07,,25
2026-05-25T18:37:53.189763,$GAGSV,08,,40
2026-05-25T18:37:53.189763,$GAGSV,13,,42
2026-05-25T18:37:53.190209,$GAGSV,15,,41
2026-05-25T18:37:53.190209,$GAGSV,32,,38
2026-05-25T18:37:53.190824,$GAGSV,03,,19
2026-05-25T18:37:53.190824,$GAGSV,07,,34
2026-05-25T18:37:53.190824,$GAGSV,08,,41
2026-05-25T18:37:53.190824,$GAGSV,13,,41
2026-05-25T18:37:53.191292,$GAGSV,15,,42
2026-05-25T18:37:53.191292,$GAGSV,32,,36
2026-05-25T18:37:53.192794,$GBGSV,06,,35
2026-05-25T18:37:53.192794,$GBGSV,07,,43
2026-05-25T18:37:53.192794,$GBGSV,09,,40
2026-05-25T18:37:53.192794,$GBGSV,10,,44
2026-05-25T18:37:53.193379,$GBGSV,24,,20
2026-05-25T18:37:53.193379,$GBGSV,25,,45
2026-05-25T18:37:53.193379,$GBGSV,28,,26
2026-05-25T18:37:53.193379,$GBGSV,33,,30
2026-05-25T18:37:53.193798,$GBGSV,09,,35
2026-05-25T18:37:53.193798,$GBGSV,10,,39
2026-05-25T18:37:54.185698,$GPGSV,10,,44
2026-05-25T18:37:54.185698,$GPGSV,12,,17
2026-05-25T18:37:54.185698,$GPGSV,18,,43
2026-05-25T18:37:54.185698,$GPGSV,23,,37
2026-05-25T18:37:54.186727,$GPGSV,24,,22
2026-05-25T18:37:54.186727,$GPGSV,28,,36
2026-05-25T18:37:54.186727,$GPGSV,32,,36
2026-05-25T18:37:54.186727,$GPGSV,41,,44
2026-05-25T18:37:54.187499,$GPGSV,42,,41
2026-05-25T18:37:54.187499,$GPGSV,50,,39
2026-05-25T18:37:54.188487,$GPGSV,10,,35
2026-05-25T18:37:54.188487,$GPGSV,18,,39
2026-05-25T18:37:54.188487,$GPGSV,23,,32
2026-05-25T18:37:54.188487,$GPGSV,24,,16
2026-05-25T18:37:54.189193,$GPGSV,28,,27
2026-05-25T18:37:54.189193,$GPGSV,32,,28
2026-05-25T18:37:54.191926,$GLGSV,65,,21
2026-05-25T18:37:54.191926,$GLGSV,66,,41
2026-05-25T18:37:54.191926,$GLGSV,75,,23
2026-05-25T18:37:54.191926,$GLGSV,76,,39
2026-05-25T18:37:54.192790,$GLGSV,77,,16
2026-05-25T18:37:54.192790,$GLGSV,81,,39
2026-05-25T18:37:54.192790,$GLGSV,88,,42
2026-05-25T18:37:54.193777,$GLGSV,66,,37
2026-05-25T18:37:54.193777,$GLGSV,75,,19
2026-05-25T18:37:54.193777,$GLGSV,76,,35
2026-05-25T18:37:54.193777,$GLGSV,81,,38
2026-05-25T18:37:54.194341,$GLGSV,88,,38
2026-05-25T18:37:54.196321,$GAGSV,03,,20
2026-05-25T18:37:54.196321,$GAGSV,07,,23
2026-05-25T18:37:54.196321,$GAGSV,08,,40
2026-05-25T18:37:54.196321,$GAGSV,13,,42
2026-05-25T18:37:54.197052,$GAGSV,15,,41
2026-05-25T18:37:54.197052,$GAGSV,32,,35
2026-05-25T18:37:54.198044,$GAGSV,03,,23
2026-05-25T18:37:54.198044,$GAGSV,07,,30
2026-05-25T18:37:54.198044,$GAGSV,08,,42
2026-05-25T18:37:54.198044,$GAGSV,13,,42
2026-05-25T18:37:54.198746,$GAGSV,15,,42
2026-05-25T18:37:54.198746,$GAGSV,32,,35
2026-05-25T18:37:54.202231,$GBGSV,06,,36
2026-05-25T18:37:54.202231,$GBGSV,07,,44
2026-05-25T18:37:54.202231,$GBGSV,09,,40
2026-05-25T18:37:54.202231,$GBGSV,10,,44
2026-05-25T18:37:54.203293,$GBGSV,24,,23
2026-05-25T18:37:54.203293,$GBGSV,25,,46
2026-05-25T18:37:54.203293,$GBGSV,28,,31
2026-05-25T18:37:54.203293,$GBGSV,33,,31
2026-05-25T18:37:54.204024,$GBGSV,09,,37
2026-05-25T18:37:54.204024,$GBGSV,10,,40
2026-05-25T18:37:55.181516,$GPGSV,10,,44
2026-05-25T18:37:55.181516,$GPGSV,12,,15
2026-05-25T18:37:55.181516,$GPGSV,18,,43
2026-05-25T18:37:55.181516,$GPGSV,23,,36
2026-05-25T18:37:55.182300,$GPGSV,24,,22
2026-05-25T18:37:55.182300,$GPGSV,28,,36
2026-05-25T18:37:55.182300,$GPGSV,32,,36
2026-05-25T18:37:55.182300,$GPGSV,41,,44
2026-05-25T18:37:55.182817,$GPGSV,42,,41
2026-05-25T18:37:55.182817,$GPGSV,50,,39
2026-05-25T18:37:55.183539,$GPGSV,10,,34
2026-05-25T18:37:55.183539,$GPGSV,18,,39
2026-05-25T18:37:55.183539,$GPGSV,23,,31
2026-05-25T18:37:55.183539,$GPGSV,24,,16
2026-05-25T18:37:55.184054,$GPGSV,28,,28
2026-05-25T18:37:55.184054,$GPGSV,32,,27
2026-05-25T18:37:55.185953,$GLGSV,65,,18
2026-05-25T18:37:55.185953,$GLGSV,66,,40
2026-05-25T18:37:55.185953,$GLGSV,75,,26
2026-05-25T18:37:55.185953,$GLGSV,76,,40
2026-05-25T18:37:55.186569,$GLGSV,77,,18
2026-05-25T18:37:55.186569,$GLGSV,81,,39
2026-05-25T18:37:55.186569,$GLGSV,88,,42
2026-05-25T18:37:55.187327,$GLGSV,66,,37
2026-05-25T18:37:55.187327,$GLGSV,75,,18
2026-05-25T18:37:55.187327,$GLGSV,76,,36
2026-05-25T18:37:55.187327,$GLGSV,81,,38
2026-05-25T18:37:55.187731,$GLGSV,88,,37
2026-05-25T18:37:55.189059,$GAGSV,03,,22
2026-05-25T18:37:55.189059,$GAGSV,07,,25
2026-05-25T18:37:55.189059,$GAGSV,08,,40
2026-05-25T18:37:55.189059,$GAGSV,13,,42
2026-05-25T18:37:55.189555,$GAGSV,15,,41
2026-05-25T18:37:55.189555,$GAGSV,32,,35
2026-05-25T18:37:55.190243,$GAGSV,03,,25
2026-05-25T18:37:55.190243,$GAGSV,07,,30
2026-05-25T18:37:55.190243,$GAGSV,08,,41
2026-05-25T18:37:55.190243,$GAGSV,13,,42
2026-05-25T18:37:55.190777,$GAGSV,15,,42
2026-05-25T18:37:55.190777,$GAGSV,32,,35
2026-05-25T18:37:55.193588,$GBGSV,06,,37
2026-05-25T18:37:55.193588,$GBGSV,07,,43
2026-05-25T18:37:55.193588,$GBGSV,09,,41
2026-05-25T18:37:55.193588,$GBGSV,10,,44
2026-05-25T18:37:55.194903,$GBGSV,24,,25
2026-05-25T18:37:55.194903,$GBGSV,25,,47
2026-05-25T18:37:55.194903,$GBGSV,28,,30
2026-05-25T18:37:55.194903,$GBGSV,33,,33
2026-05-25T18:37:55.195774,$GBGSV,09,,37
2026-05-25T18:37:55.195774,$GBGSV,10,,40
2026-05-25T18:37:56.184971,$GPGSV,10,,44
2026-05-25T18:37:56.184971,$GPGSV,12,,14
2026-05-25T18:37:56.184971,$GPGSV,18,,43
2026-05-25T18:37:56.184971,$GPGSV,23,,35
2026-05-25T18:37:56.185742,$GPGSV,24,,22
2026-05-25T18:37:56.185742,$GPGSV,28,,36
2026-05-25T18:37:56.185742,$GPGSV,32,,36
2026-05-25T18:37:56.185742,$GPGSV,41,,44
2026-05-25T18:37:56.186265,$GPGSV,42,,41
2026-05-25T18:37:56.186265,$GPGSV,50,,39
2026-05-25T18:37:56.186992,$GPGSV,10,,34
2026-05-25T18:37:56.186992,$GPGSV,18,,39
2026-05-25T18:37:56.186992,$GPGSV,23,,30
2026-05-25T18:37:56.186992,$GPGSV,24,,16
2026-05-25T18:37:56.187534,$GPGSV,28,,28
2026-05-25T18:37:56.187534,$GPGSV,32,,28
2026-05-25T18:37:56.189462,$GLGSV,65,,15
2026-05-25T18:37:56.189462,$GLGSV,66,,40
2026-05-25T18:37:56.189462,$GLGSV,75,,25
2026-05-25T18:37:56.189462,$GLGSV,76,,39
2026-05-25T18:37:56.190082,$GLGSV,77,,20
2026-05-25T18:37:56.190082,$GLGSV,81,,39
2026-05-25T18:37:56.190082,$GLGSV,88,,42
2026-05-25T18:37:56.190800,$GLGSV,66,,37
2026-05-25T18:37:56.190800,$GLGSV,75,,18
2026-05-25T18:37:56.190800,$GLGSV,76,,36
2026-05-25T18:37:56.190800,$GLGSV,81,,38
2026-05-25T18:37:56.191244,$GLGSV,88,,38
2026-05-25T18:37:56.192573,$GAGSV,03,,21
2026-05-25T18:37:56.192573,$GAGSV,07,,26
2026-05-25T18:37:56.192573,$GAGSV,08,,40
2026-05-25T18:37:56.192573,$GAGSV,13,,42
2026-05-25T18:37:56.193206,$GAGSV,15,,41
2026-05-25T18:37:56.193206,$GAGSV,32,,35
2026-05-25T18:37:56.193909,$GAGSV,03,,25
2026-05-25T18:37:56.193909,$GAGSV,07,,31
2026-05-25T18:37:56.193909,$GAGSV,08,,41
2026-05-25T18:37:56.193909,$GAGSV,13,,42
2026-05-25T18:37:56.194555,$GAGSV,15,,42
2026-05-25T18:37:56.194555,$GAGSV,32,,36
2026-05-25T18:37:56.196293,$GBGSV,06,,38
2026-05-25T18:37:56.196293,$GBGSV,07,,43
2026-05-25T18:37:56.196293,$GBGSV,09,,41
2026-05-25T18:37:56.196293,$GBGSV,10,,44
2026-05-25T18:37:56.197014,$GBGSV,24,,27
2026-05-25T18:37:56.197014,$GBGSV,25,,46
2026-05-25T18:37:56.197014,$GBGSV,28,,30
2026-05-25T18:37:56.197014,$GBGSV,33,,33
2026-05-25T18:37:56.197512,$GBGSV,09,,38
2026-05-25T18:37:56.197512,$GBGSV,10,,39
2026-05-25T18:37:57.183821,$GPGSV,10,,44
2026-05-25T18:37:57.183821,$GPGSV,12,,15
2026-05-25T18:37:57.183821,$GPGSV,18,,43
2026-05-25T18:37:57.183821,$GPGSV,23,,36
2026-05-25T18:37:57.184627,$GPGSV,24,,22
2026-05-25T18:37:57.184627,$GPGSV,28,,36
2026-05-25T18:37:57.184627,$GPGSV,32,,36
2026-05-25T18:37:57.184627,$GPGSV,41,,44
2026-05-25T18:37:57.185185,$GPGSV,42,,41
2026-05-25T18:37:57.185185,$GPGSV,50,,38
2026-05-25T18:37:57.185903,$GPGSV,10,,33
2026-05-25T18:37:57.185903,$GPGSV,18,,39
2026-05-25T18:37:57.185903,$GPGSV,23,,29
2026-05-25T18:37:57.185903,$GPGSV,24,,16
2026-05-25T18:37:57.186420,$GPGSV,28,,28
2026-05-25T18:37:57.186420,$GPGSV,32,,28
2026-05-25T18:37:57.188377,$GLGSV,65,,15
2026-05-25T18:37:57.188377,$GLGSV,66,,40
2026-05-25T18:37:57.188377,$GLGSV,75,,25
2026-05-25T18:37:57.188377,$GLGSV,76,,40
2026-05-25T18:37:57.189001,$GLGSV,77,,20
2026-05-25T18:37:57.189001,$GLGSV,81,,38
2026-05-25T18:37:57.189001,$GLGSV,88,,42
2026-05-25T18:37:57.189723,$GLGSV,66,,37
2026-05-25T18:37:57.189723,$GLGSV,75,,19
2026-05-25T18:37:57.189723,$GLGSV,76,,36
2026-05-25T18:37:57.189723,$GLGSV,81,,38
2026-05-25T18:37:57.190193,$GLGSV,88,,38
2026-05-25T18:37:57.191503,$GAGSV,03,,21
2026-05-25T18:37:57.191503,$GAGSV,07,,27
2026-05-25T18:37:57.191503,$GAGSV,08,,40
2026-05-25T18:37:57.191503,$GAGSV,13,,42
2026-05-25T18:37:57.192026,$GAGSV,15,,41
2026-05-25T18:37:57.192026,$GAGSV,32,,34
2026-05-25T18:37:57.192724,$GAGSV,03,,25
2026-05-25T18:37:57.192724,$GAGSV,07,,32
2026-05-25T18:37:57.192724,$GAGSV,08,,41
2026-05-25T18:37:57.192724,$GAGSV,13,,41
2026-05-25T18:37:57.193304,$GAGSV,15,,42
2026-05-25T18:37:57.193304,$GAGSV,32,,36
2026-05-25T18:37:57.195058,$GBGSV,06,,38
2026-05-25T18:37:57.195058,$GBGSV,07,,44
2026-05-25T18:37:57.195058,$GBGSV,09,,41
2026-05-25T18:37:57.195058,$GBGSV,10,,44
2026-05-25T18:37:57.195780,$GBGSV,24,,27
2026-05-25T18:37:57.195780,$GBGSV,25,,46
2026-05-25T18:37:57.195780,$GBGSV,28,,30
2026-05-25T18:37:57.195780,$GBGSV,33,,32
2026-05-25T18:37:57.196281,$GBGSV,09,,38
2026-05-25T18:37:57.196281,$GBGSV,10,,39
2026-05-25T18:37:58.182815,$GPGSV,10,,44
2026-05-25T18:37:58.182815,$GPGSV,12,,14
2026-05-25T18:37:58.182815,$GPGSV,18,,43
2026-05-25T18:37:58.182815,$GPGSV,23,,37
2026-05-25T18:37:58.183665,$GPGSV,24,,23
2026-05-25T18:37:58.183665,$GPGSV,28,,36
2026-05-25T18:37:58.183665,$GPGSV,32,,36
2026-05-25T18:37:58.183665,$GPGSV,41,,44
2026-05-25T18:37:58.184250,$GPGSV,42,,41
2026-05-25T18:37:58.184250,$GPGSV,50,,39
2026-05-25T18:37:58.185003,$GPGSV,10,,34
2026-05-25T18:37:58.185003,$GPGSV,18,,39
2026-05-25T18:37:58.185003,$GPGSV,23,,29
2026-05-25T18:37:58.185003,$GPGSV,24,,18
2026-05-25T18:37:58.185531,$GPGSV,28,,28
2026-05-25T18:37:58.185531,$GPGSV,32,,27
2026-05-25T18:37:58.187465,$GLGSV,65,,14
2026-05-25T18:37:58.187465,$GLGSV,66,,40
2026-05-25T18:37:58.187465,$GLGSV,75,,25
2026-05-25T18:37:58.187465,$GLGSV,76,,40
2026-05-25T18:37:58.188086,$GLGSV,77,,20
2026-05-25T18:37:58.188086,$GLGSV,81,,38
2026-05-25T18:37:58.188086,$GLGSV,88,,42
2026-05-25T18:37:58.188805,$GLGSV,66,,37
2026-05-25T18:37:58.188805,$GLGSV,75,,21
2026-05-25T18:37:58.188805,$GLGSV,76,,37
2026-05-25T18:37:58.188805,$GLGSV,81,,38
2026-05-25T18:37:58.189309,$GLGSV,88,,39
2026-05-25T18:37:58.190599,$GAGSV,03,,21
2026-05-25T18:37:58.190599,$GAGSV,07,,27
2026-05-25T18:37:58.190599,$GAGSV,08,,40
2026-05-25T18:37:58.190599,$GAGSV,13,,42
2026-05-25T18:37:58.191139,$GAGSV,15,,41
2026-05-25T18:37:58.191139,$GAGSV,32,,34
2026-05-25T18:37:58.191870,$GAGSV,03,,25
2026-05-25T18:37:58.191870,$GAGSV,07,,32
2026-05-25T18:37:58.191870,$GAGSV,08,,41
2026-05-25T18:37:58.191870,$GAGSV,13,,42
2026-05-25T18:37:58.192468,$GAGSV,15,,42
2026-05-25T18:37:58.192468,$GAGSV,32,,36
2026-05-25T18:37:58.194932,$GBGSV,06,,39
2026-05-25T18:37:58.194932,$GBGSV,07,,44
2026-05-25T18:37:58.194932,$GBGSV,09,,41
2026-05-25T18:37:58.194932,$GBGSV,10,,44
2026-05-25T18:37:58.195902,$GBGSV,24,,27
2026-05-25T18:37:58.195902,$GBGSV,25,,46
2026-05-25T18:37:58.195902,$GBGSV,28,,30
2026-05-25T18:37:58.195902,$GBGSV,33,,32
2026-05-25T18:37:58.196417,$GBGSV,09,,38
2026-05-25T18:37:58.196417,$GBGSV,10,,40
2026-05-25T18:37:59.183691,$GPGSV,10,,43
2026-05-25T18:37:59.183691,$GPGSV,12,,13
2026-05-25T18:37:59.183691,$GPGSV,18,,43
2026-05-25T18:37:59.183691,$GPGSV,23,,37
2026-05-25T18:37:59.184509,$GPGSV,24,,23
2026-05-25T18:37:59.184509,$GPGSV,28,,36
2026-05-25T18:37:59.184509,$GPGSV,32,,36
2026-05-25T18:37:59.184509,$GPGSV,41,,44
2026-05-25T18:37:59.185074,$GPGSV,42,,41
2026-05-25T18:37:59.185074,$GPGSV,50,,39
2026-05-25T18:37:59.185791,$GPGSV,10,,34
2026-05-25T18:37:59.185791,$GPGSV,18,,39
2026-05-25T18:37:59.185791,$GPGSV,23,,30
2026-05-25T18:37:59.185791,$GPGSV,24,,19
2026-05-25T18:37:59.186306,$GPGSV,28,,28
2026-05-25T18:37:59.186306,$GPGSV,32,,27
2026-05-25T18:37:59.188248,$GLGSV,65,,17
2026-05-25T18:37:59.188248,$GLGSV,66,,39
2026-05-25T18:37:59.188248,$GLGSV,75,,24
2026-05-25T18:37:59.188248,$GLGSV,76,,40
2026-05-25T18:37:59.188872,$GLGSV,77,,19
2026-05-25T18:37:59.188872,$GLGSV,81,,38
2026-05-25T18:37:59.188872,$GLGSV,88,,43
2026-05-25T18:37:59.189605,$GLGSV,66,,36
2026-05-25T18:37:59.189605,$GLGSV,75,,22
2026-05-25T18:37:59.189605,$GLGSV,76,,37
2026-05-25T18:37:59.189605,$GLGSV,81,,38
2026-05-25T18:37:59.190081,$GLGSV,88,,39
2026-05-25T18:37:59.191403,$GAGSV,03,,21
2026-05-25T18:37:59.191403,$GAGSV,07,,27
2026-05-25T18:37:59.191403,$GAGSV,08,,40
2026-05-25T18:37:59.191403,$GAGSV,13,,42
2026-05-25T18:37:59.191922,$GAGSV,15,,41
2026-05-25T18:37:59.191922,$GAGSV,32,,34
2026-05-25T18:37:59.192637,$GAGSV,03,,24
2026-05-25T18:37:59.192637,$GAGSV,07,,32
2026-05-25T18:37:59.192637,$GAGSV,08,,41
2026-05-25T18:37:59.192637,$GAGSV,13,,42
2026-05-25T18:37:59.193241,$GAGSV,15,,42
2026-05-25T18:37:59.193241,$GAGSV,32,,36
2026-05-25T18:37:59.195695,$GBGSV,06,,39
2026-05-25T18:37:59.195695,$GBGSV,07,,44
2026-05-25T18:37:59.195695,$GBGSV,09,,40
2026-05-25T18:37:59.195695,$GBGSV,10,,44
2026-05-25T18:37:59.196521,$GBGSV,24,,27
2026-05-25T18:37:59.196521,$GBGSV,25,,46
2026-05-25T18:37:59.196521,$GBGSV,28,,30
2026-05-25T18:37:59.196521,$GBGSV,33,,32
2026-05-25T18:37:59.197027,$GBGSV,09,,38
2026-05-25T18:37:59.197027,$GBGSV,10,,40
2026-05-25T18:38:00.190253,$GPGSV,10,,43
2026-05-25T18:38:00.190253,$GPGSV,18,,42
2026-05-25T18:38:00.190253,$GPGSV,23,,37
2026-05-25T18:38:00.190253,$GPGSV,24,,24
2026-05-25T18:38:00.192777,$GPGSV,28,,37
2026-05-25T18:38:00.192777,$GPGSV,32,,37
2026-05-25T18:38:00.192777,$GPGSV,41,,44
2026-05-25T18:38:00.192777,$GPGSV,42,,41
2026-05-25T18:38:00.194072,$GPGSV,50,,39
2026-05-25T18:38:00.196300,$GPGSV,10,,34
2026-05-25T18:38:00.196300,$GPGSV,18,,39
2026-05-25T18:38:00.196300,$GPGSV,23,,30
2026-05-25T18:38:00.196300,$GPGSV,24,,20
2026-05-25T18:38:00.197419,$GPGSV,28,,28
2026-05-25T18:38:00.197419,$GPGSV,32,,27
2026-05-25T18:38:00.199530,$GLGSV,65,,18
2026-05-25T18:38:00.199530,$GLGSV,66,,39
2026-05-25T18:38:00.199530,$GLGSV,75,,23
2026-05-25T18:38:00.199530,$GLGSV,76,,40
2026-05-25T18:38:00.200169,$GLGSV,77,,19
2026-05-25T18:38:00.200169,$GLGSV,81,,37
2026-05-25T18:38:00.200169,$GLGSV,88,,43
2026-05-25T18:38:00.201007,$GLGSV,66,,36
2026-05-25T18:38:00.201007,$GLGSV,75,,24
2026-05-25T18:38:00.201007,$GLGSV,76,,37
2026-05-25T18:38:00.201007,$GLGSV,81,,38
2026-05-25T18:38:00.201665,$GLGSV,88,,39
2026-05-25T18:38:00.203502,$GAGSV,03,,21
2026-05-25T18:38:00.203502,$GAGSV,07,,27
2026-05-25T18:38:00.203502,$GAGSV,08,,40
2026-05-25T18:38:00.203502,$GAGSV,13,,42
2026-05-25T18:38:00.204083,$GAGSV,15,,41
2026-05-25T18:38:00.204083,$GAGSV,32,,34
2026-05-25T18:38:00.204777,$GAGSV,03,,24
2026-05-25T18:38:00.204777,$GAGSV,07,,32
2026-05-25T18:38:00.204777,$GAGSV,08,,41
2026-05-25T18:38:00.204777,$GAGSV,13,,42
2026-05-25T18:38:00.205288,$GAGSV,15,,42
2026-05-25T18:38:00.205288,$GAGSV,32,,35
2026-05-25T18:38:00.206964,$GBGSV,06,,39
2026-05-25T18:38:00.206964,$GBGSV,07,,43
2026-05-25T18:38:00.206964,$GBGSV,09,,41
2026-05-25T18:38:00.206964,$GBGSV,10,,44
2026-05-25T18:38:00.207659,$GBGSV,24,,27
2026-05-25T18:38:00.207659,$GBGSV,25,,47
2026-05-25T18:38:00.207659,$GBGSV,28,,29
2026-05-25T18:38:00.207659,$GBGSV,33,,33
2026-05-25T18:38:00.208273,$GBGSV,09,,38
2026-05-25T18:38:00.208273,$GBGSV,10,,40
2026-05-25T18:38:01.176506,$GPGSV,10,,43
2026-05-25T18:38:01.176506,$GPGSV,18,,43
2026-05-25T18:38:01.176506,$GPGSV,23,,38
2026-05-25T18:38:01.176506,$GPGSV,24,,26
2026-05-25T18:38:01.177286,$GPGSV,28,,36
2026-05-25T18:38:01.177286,$GPGSV,32,,37
2026-05-25T18:38:01.177286,$GPGSV,41,,44
2026-05-25T18:38:01.177286,$GPGSV,42,,41
2026-05-25T18:38:01.177707,$GPGSV,50,,39
2026-05-25T18:38:01.178122,$GPGSV,12,,16
2026-05-25T18:38:01.178831,$GPGSV,10,,34
2026-05-25T18:38:01.178831,$GPGSV,18,,39
2026-05-25T18:38:01.178831,$GPGSV,23,,31
2026-05-25T18:38:01.178831,$GPGSV,24,,19
2026-05-25T18:38:01.179379,$GPGSV,28,,30
2026-05-25T18:38:01.179379,$GPGSV,32,,28
2026-05-25T18:38:01.181293,$GLGSV,65,,17
2026-05-25T18:38:01.181293,$GLGSV,66,,39
2026-05-25T18:38:01.181293,$GLGSV,75,,21
2026-05-25T18:38:01.181293,$GLGSV,76,,40
2026-05-25T18:38:01.181907,$GLGSV,77,,19
2026-05-25T18:38:01.181907,$GLGSV,81,,37
2026-05-25T18:38:01.181907,$GLGSV,88,,42
2026-05-25T18:38:01.182643,$GLGSV,66,,37
2026-05-25T18:38:01.182643,$GLGSV,75,,24
2026-05-25T18:38:01.182643,$GLGSV,76,,36
2026-05-25T18:38:01.182643,$GLGSV,81,,38
2026-05-25T18:38:01.183153,$GLGSV,88,,39
2026-05-25T18:38:01.184433,$GAGSV,03,,22
2026-05-25T18:38:01.184433,$GAGSV,07,,27
2026-05-25T18:38:01.184433,$GAGSV,08,,40
2026-05-25T18:38:01.184433,$GAGSV,13,,42
2026-05-25T18:38:01.184957,$GAGSV,15,,41
2026-05-25T18:38:01.184957,$GAGSV,32,,35
2026-05-25T18:38:01.185661,$GAGSV,03,,24
2026-05-25T18:38:01.185661,$GAGSV,07,,32
2026-05-25T18:38:01.185661,$GAGSV,08,,41
2026-05-25T18:38:01.185661,$GAGSV,13,,41
2026-05-25T18:38:01.186400,$GAGSV,15,,41
2026-05-25T18:38:01.186400,$GAGSV,32,,35
2026-05-25T18:38:01.189436,$GBGSV,06,,39
2026-05-25T18:38:01.189436,$GBGSV,07,,44
2026-05-25T18:38:01.189436,$GBGSV,09,,41
2026-05-25T18:38:01.189436,$GBGSV,10,,44
2026-05-25T18:38:01.190522,$GBGSV,24,,28
2026-05-25T18:38:01.190522,$GBGSV,25,,46
2026-05-25T18:38:01.190522,$GBGSV,28,,28
2026-05-25T18:38:01.190522,$GBGSV,33,,33
2026-05-25T18:38:01.191028,$GBGSV,09,,38
2026-05-25T18:38:01.191028,$GBGSV,10,,40
2026-05-25T18:38:02.185993,$GPGSV,10,,43
2026-05-25T18:38:02.185993,$GPGSV,12,,16
2026-05-25T18:38:02.185993,$GPGSV,18,,43
2026-05-25T18:38:02.185993,$GPGSV,23,,38
2026-05-25T18:38:02.186814,$GPGSV,24,,27
2026-05-25T18:38:02.186814,$GPGSV,25,,24
2026-05-25T18:38:02.186814,$GPGSV,28,,36
2026-05-25T18:38:02.186814,$GPGSV,32,,37
2026-05-25T18:38:02.187528,$GPGSV,41,,44
2026-05-25T18:38:02.187528,$GPGSV,42,,41
2026-05-25T18:38:02.187528,$GPGSV,50,,39
2026-05-25T18:38:02.188290,$GPGSV,10,,34
2026-05-25T18:38:02.188290,$GPGSV,12,,15
2026-05-25T18:38:02.188290,$GPGSV,18,,39
2026-05-25T18:38:02.188290,$GPGSV,23,,31
2026-05-25T18:38:02.188921,$GPGSV,24,,19
2026-05-25T18:38:02.188921,$GPGSV,28,,29
2026-05-25T18:38:02.188921,$GPGSV,32,,28
2026-05-25T18:38:02.190756,$GLGSV,65,,16
2026-05-25T18:38:02.190756,$GLGSV,66,,39
2026-05-25T18:38:02.190756,$GLGSV,75,,20
2026-05-25T18:38:02.190756,$GLGSV,76,,40
2026-05-25T18:38:02.191380,$GLGSV,77,,20
2026-05-25T18:38:02.191380,$GLGSV,81,,37
2026-05-25T18:38:02.191380,$GLGSV,88,,43
2026-05-25T18:38:02.192100,$GLGSV,66,,37
2026-05-25T18:38:02.192100,$GLGSV,75,,22
2026-05-25T18:38:02.192100,$GLGSV,76,,36
2026-05-25T18:38:02.192100,$GLGSV,81,,38
2026-05-25T18:38:02.192573,$GLGSV,88,,39
2026-05-25T18:38:02.193862,$GAGSV,03,,21
2026-05-25T18:38:02.193862,$GAGSV,07,,27
2026-05-25T18:38:02.193862,$GAGSV,08,,40
2026-05-25T18:38:02.193862,$GAGSV,13,,42
2026-05-25T18:38:02.194377,$GAGSV,15,,41
2026-05-25T18:38:02.194377,$GAGSV,32,,35
2026-05-25T18:38:02.195143,$GAGSV,03,,24
2026-05-25T18:38:02.195143,$GAGSV,07,,32
2026-05-25T18:38:02.195143,$GAGSV,08,,41
2026-05-25T18:38:02.195143,$GAGSV,13,,42
2026-05-25T18:38:02.195842,$GAGSV,15,,42
2026-05-25T18:38:02.195842,$GAGSV,32,,34
2026-05-25T18:38:02.197561,$GBGSV,06,,39
2026-05-25T18:38:02.197561,$GBGSV,07,,44
2026-05-25T18:38:02.197561,$GBGSV,09,,41
2026-05-25T18:38:02.197561,$GBGSV,10,,44
2026-05-25T18:38:02.198252,$GBGSV,24,,30
2026-05-25T18:38:02.198252,$GBGSV,25,,46
2026-05-25T18:38:02.198252,$GBGSV,28,,28
2026-05-25T18:38:02.198252,$GBGSV,33,,34
2026-05-25T18:38:02.198742,$GBGSV,09,,37
2026-05-25T18:38:02.198742,$GBGSV,10,,40
2026-05-25T18:38:03.185975,$GPGSV,10,,44
2026-05-25T18:38:03.185975,$GPGSV,12,,15
2026-05-25T18:38:03.185975,$GPGSV,18,,43
2026-05-25T18:38:03.185975,$GPGSV,23,,37
2026-05-25T18:38:03.186802,$GPGSV,24,,27
2026-05-25T18:38:03.186802,$GPGSV,25,,23
2026-05-25T18:38:03.186802,$GPGSV,28,,36
2026-05-25T18:38:03.186802,$GPGSV,32,,37
2026-05-25T18:38:03.187527,$GPGSV,41,,44
2026-05-25T18:38:03.187527,$GPGSV,42,,41
2026-05-25T18:38:03.187527,$GPGSV,50,,39
2026-05-25T18:38:03.188301,$GPGSV,10,,35
2026-05-25T18:38:03.188301,$GPGSV,12,,14
2026-05-25T18:38:03.188301,$GPGSV,18,,39
2026-05-25T18:38:03.188301,$GPGSV,23,,30
2026-05-25T18:38:03.188925,$GPGSV,24,,18
2026-05-25T18:38:03.188925,$GPGSV,28,,30
2026-05-25T18:38:03.188925,$GPGSV,32,,28
2026-05-25T18:38:03.190735,$GLGSV,65,,14
2026-05-25T18:38:03.190735,$GLGSV,66,,39
2026-05-25T18:38:03.190735,$GLGSV,75,,21
2026-05-25T18:38:03.190735,$GLGSV,76,,39
2026-05-25T18:38:03.191375,$GLGSV,77,,20
2026-05-25T18:38:03.191375,$GLGSV,81,,36
2026-05-25T18:38:03.191375,$GLGSV,88,,42
2026-05-25T18:38:03.192097,$GLGSV,66,,37
2026-05-25T18:38:03.192097,$GLGSV,75,,21
2026-05-25T18:38:03.192097,$GLGSV,76,,36
2026-05-25T18:38:03.192097,$GLGSV,81,,39
2026-05-25T18:38:03.192509,$GLGSV,88,,39
2026-05-25T18:38:03.193856,$GAGSV,03,,20
2026-05-25T18:38:03.193856,$GAGSV,07,,27
2026-05-25T18:38:03.193856,$GAGSV,08,,40
2026-05-25T18:38:03.193856,$GAGSV,13,,42
2026-05-25T18:38:03.194380,$GAGSV,15,,41
2026-05-25T18:38:03.194380,$GAGSV,32,,34
2026-05-25T18:38:03.195134,$GAGSV,03,,25
2026-05-25T18:38:03.195134,$GAGSV,07,,32
2026-05-25T18:38:03.195134,$GAGSV,08,,41
2026-05-25T18:38:03.195134,$GAGSV,13,,42
2026-05-25T18:38:03.195641,$GAGSV,15,,42
2026-05-25T18:38:03.195641,$GAGSV,32,,35
2026-05-25T18:38:03.197483,$GBGSV,06,,39
2026-05-25T18:38:03.197483,$GBGSV,07,,44
2026-05-25T18:38:03.197483,$GBGSV,09,,41
2026-05-25T18:38:03.197483,$GBGSV,10,,44
2026-05-25T18:38:03.198186,$GBGSV,24,,31
2026-05-25T18:38:03.198186,$GBGSV,25,,46
2026-05-25T18:38:03.198186,$GBGSV,28,,28
2026-05-25T18:38:03.198186,$GBGSV,33,,35
2026-05-25T18:38:03.198682,$GBGSV,09,,37
2026-05-25T18:38:03.198682,$GBGSV,10,,40
2026-05-25T18:38:04.181994,$GPGSV,10,,44
2026-05-25T18:38:04.181994,$GPGSV,12,,14
2026-05-25T18:38:04.181994,$GPGSV,18,,43
2026-05-25T18:38:04.181994,$GPGSV,23,,37
2026-05-25T18:38:04.182600,$GPGSV,24,,26
2026-05-25T18:38:04.182600,$GPGSV,25,,22
2026-05-25T18:38:04.182600,$GPGSV,28,,37
2026-05-25T18:38:04.182600,$GPGSV,32,,36
2026-05-25T18:38:04.183118,$GPGSV,41,,44
2026-05-25T18:38:04.183118,$GPGSV,42,,41
2026-05-25T18:38:04.183118,$GPGSV,50,,39
2026-05-25T18:38:04.183698,$GPGSV,10,,35
2026-05-25T18:38:04.183698,$GPGSV,12,,14
2026-05-25T18:38:04.183698,$GPGSV,18,,40
2026-05-25T18:38:04.183698,$GPGSV,23,,31
2026-05-25T18:38:04.184189,$GPGSV,24,,17
2026-05-25T18:38:04.184189,$GPGSV,28,,29
2026-05-25T18:38:04.184189,$GPGSV,32,,28
2026-05-25T18:38:04.185619,$GLGSV,65,,14
2026-05-25T18:38:04.185619,$GLGSV,66,,39
2026-05-25T18:38:04.185619,$GLGSV,75,,21
2026-05-25T18:38:04.185619,$GLGSV,76,,40
2026-05-25T18:38:04.186090,$GLGSV,77,,20
2026-05-25T18:38:04.186090,$GLGSV,81,,36
2026-05-25T18:38:04.186090,$GLGSV,88,,42
2026-05-25T18:38:04.186635,$GLGSV,66,,37
2026-05-25T18:38:04.186635,$GLGSV,75,,18
2026-05-25T18:38:04.186635,$GLGSV,76,,37
2026-05-25T18:38:04.186635,$GLGSV,81,,39
2026-05-25T18:38:04.186959,$GLGSV,88,,39
2026-05-25T18:38:04.188114,$GAGSV,03,,20
2026-05-25T18:38:04.188114,$GAGSV,07,,27
2026-05-25T18:38:04.188114,$GAGSV,08,,41
2026-05-25T18:38:04.188114,$GAGSV,13,,42
2026-05-25T18:38:04.188499,$GAGSV,15,,41
2026-05-25T18:38:04.188499,$GAGSV,32,,35
2026-05-25T18:38:04.189029,$GAGSV,03,,25
2026-05-25T18:38:04.189029,$GAGSV,07,,31
2026-05-25T18:38:04.189029,$GAGSV,08,,41
2026-05-25T18:38:04.189029,$GAGSV,13,,42
2026-05-25T18:38:04.189410,$GAGSV,15,,42
2026-05-25T18:38:04.189410,$GAGSV,32,,35
2026-05-25T18:38:04.190697,$GBGSV,06,,38
2026-05-25T18:38:04.190697,$GBGSV,07,,43
2026-05-25T18:38:04.190697,$GBGSV,09,,41
2026-05-25T18:38:04.190697,$GBGSV,10,,44
2026-05-25T18:38:04.191274,$GBGSV,24,,32
2026-05-25T18:38:04.191274,$GBGSV,25,,46
2026-05-25T18:38:04.191274,$GBGSV,28,,28
2026-05-25T18:38:04.191274,$GBGSV,33,,35
2026-05-25T18:38:04.191686,$GBGSV,09,,38
2026-05-25T18:38:04.191686,$GBGSV,10,,40
2026-05-25T18:38:05.182046,$GPGSV,10,,44
2026-05-25T18:38:05.182046,$GPGSV,12,,13
2026-05-25T18:38:05.182046,$GPGSV,18,,43
2026-05-25T18:38:05.182046,$GPGSV,23,,37
2026-05-25T18:38:05.182827,$GPGSV,24,,24
2026-05-25T18:38:05.182827,$GPGSV,28,,36
2026-05-25T18:38:05.182827,$GPGSV,32,,36
2026-05-25T18:38:05.182827,$GPGSV,41,,44
2026-05-25T18:38:05.183403,$GPGSV,42,,41
2026-05-25T18:38:05.183403,$GPGSV,50,,39
2026-05-25T18:38:05.184132,$GPGSV,10,,35
2026-05-25T18:38:05.184132,$GPGSV,12,,13
2026-05-25T18:38:05.184132,$GPGSV,18,,40
2026-05-25T18:38:05.184132,$GPGSV,23,,32
2026-05-25T18:38:05.184759,$GPGSV,24,,16
2026-05-25T18:38:05.184759,$GPGSV,28,,30
2026-05-25T18:38:05.184759,$GPGSV,32,,27
2026-05-25T18:38:05.186667,$GLGSV,65,,13
2026-05-25T18:38:05.186667,$GLGSV,66,,38
2026-05-25T18:38:05.186667,$GLGSV,75,,21
2026-05-25T18:38:05.186667,$GLGSV,76,,40
2026-05-25T18:38:05.187308,$GLGSV,77,,19
2026-05-25T18:38:05.187308,$GLGSV,81,,35
2026-05-25T18:38:05.187308,$GLGSV,88,,42
2026-05-25T18:38:05.188039,$GLGSV,66,,37
2026-05-25T18:38:05.188039,$GLGSV,75,,17
2026-05-25T18:38:05.188039,$GLGSV,76,,37
2026-05-25T18:38:05.188039,$GLGSV,81,,40
2026-05-25T18:38:05.188452,$GLGSV,88,,38
2026-05-25T18:38:05.189708,$GAGSV,03,,20
2026-05-25T18:38:05.189708,$GAGSV,07,,27
2026-05-25T18:38:05.189708,$GAGSV,08,,41
2026-05-25T18:38:05.189708,$GAGSV,13,,42
2026-05-25T18:38:05.190197,$GAGSV,15,,41
2026-05-25T18:38:05.190197,$GAGSV,32,,35
2026-05-25T18:38:05.190885,$GAGSV,03,,25
2026-05-25T18:38:05.190885,$GAGSV,07,,31
2026-05-25T18:38:05.190885,$GAGSV,08,,41
2026-05-25T18:38:05.190885,$GAGSV,13,,42
2026-05-25T18:38:05.191406,$GAGSV,15,,42
2026-05-25T18:38:05.191406,$GAGSV,32,,36
2026-05-25T18:38:05.193190,$GBGSV,06,,39
2026-05-25T18:38:05.193190,$GBGSV,07,,44
2026-05-25T18:38:05.193190,$GBGSV,09,,41
2026-05-25T18:38:05.193190,$GBGSV,10,,44
2026-05-25T18:38:05.193885,$GBGSV,24,,31
2026-05-25T18:38:05.193885,$GBGSV,25,,46
2026-05-25T18:38:05.193885,$GBGSV,28,,28
2026-05-25T18:38:05.193885,$GBGSV,33,,35
2026-05-25T18:38:05.194386,$GBGSV,09,,38
2026-05-25T18:38:05.194386,$GBGSV,10,,40
2026-05-25T18:38:06.182496,$GPGSV,10,,44
2026-05-25T18:38:06.182496,$GPGSV,12,,14
2026-05-25T18:38:06.182496,$GPGSV,18,,43
2026-05-25T18:38:06.182496,$GPGSV,23,,38
2026-05-25T18:38:06.183090,$GPGSV,24,,26
2026-05-25T18:38:06.183090,$GPGSV,28,,36
2026-05-25T18:38:06.183090,$GPGSV,32,,36
2026-05-25T18:38:06.183090,$GPGSV,41,,44
2026-05-25T18:38:06.183482,$GPGSV,42,,41
2026-05-25T18:38:06.183482,$GPGSV,50,,39
2026-05-25T18:38:06.184007,$GPGSV,10,,35
2026-05-25T18:38:06.184007,$GPGSV,12,,13
2026-05-25T18:38:06.184007,$GPGSV,18,,40
2026-05-25T18:38:06.184007,$GPGSV,23,,32
2026-05-25T18:38:06.184464,$GPGSV,24,,17
2026-05-25T18:38:06.184464,$GPGSV,28,,30
2026-05-25T18:38:06.184464,$GPGSV,32,,27
2026-05-25T18:38:06.185879,$GLGSV,65,,15
2026-05-25T18:38:06.185879,$GLGSV,66,,38
2026-05-25T18:38:06.185879,$GLGSV,75,,22
2026-05-25T18:38:06.185879,$GLGSV,76,,40
2026-05-25T18:38:06.186340,$GLGSV,77,,19
2026-05-25T18:38:06.186340,$GLGSV,81,,35
2026-05-25T18:38:06.186340,$GLGSV,88,,42
2026-05-25T18:38:06.186882,$GLGSV,66,,37
2026-05-25T18:38:06.186882,$GLGSV,75,,18
2026-05-25T18:38:06.186882,$GLGSV,76,,37
2026-05-25T18:38:06.186882,$GLGSV,81,,40
2026-05-25T18:38:06.187212,$GLGSV,88,,39
2026-05-25T18:38:06.188167,$GAGSV,03,,21
2026-05-25T18:38:06.188167,$GAGSV,07,,26
2026-05-25T18:38:06.188167,$GAGSV,08,,41
2026-05-25T18:38:06.188167,$GAGSV,13,,42
2026-05-25T18:38:06.188539,$GAGSV,15,,41
2026-05-25T18:38:06.188539,$GAGSV,32,,35
2026-05-25T18:38:06.189063,$GAGSV,03,,26
2026-05-25T18:38:06.189063,$GAGSV,07,,30
2026-05-25T18:38:06.189063,$GAGSV,08,,41
2026-05-25T18:38:06.189063,$GAGSV,13,,42
2026-05-25T18:38:06.189433,$GAGSV,15,,41
2026-05-25T18:38:06.189433,$GAGSV,32,,36
2026-05-25T18:38:06.190680,$GBGSV,06,,38
2026-05-25T18:38:06.190680,$GBGSV,07,,43
2026-05-25T18:38:06.190680,$GBGSV,09,,41
2026-05-25T18:38:06.190680,$GBGSV,10,,44
2026-05-25T18:38:06.191249,$GBGSV,24,,31
2026-05-25T18:38:06.191249,$GBGSV,25,,46
2026-05-25T18:38:06.191249,$GBGSV,28,,29
2026-05-25T18:38:06.191249,$GBGSV,33,,34
2026-05-25T18:38:06.191636,$GBGSV,09,,37
2026-05-25T18:38:06.191636,$GBGSV,10,,40
2026-05-25T18:38:07.182871,$GPGSV,10,,44
2026-05-25T18:38:07.182871,$GPGSV,12,,15
2026-05-25T18:38:07.182871,$GPGSV,18,,43
2026-05-25T18:38:07.182871,$GPGSV,23,,38
2026-05-25T18:38:07.183723,$GPGSV,24,,25
2026-05-25T18:38:07.183723,$GPGSV,28,,36
2026-05-25T18:38:07.183723,$GPGSV,32,,36
2026-05-25T18:38:07.183723,$GPGSV,41,,44
2026-05-25T18:38:07.184296,$GPGSV,42,,41
2026-05-25T18:38:07.184296,$GPGSV,50,,39
2026-05-25T18:38:07.185055,$GPGSV,10,,35
2026-05-25T18:38:07.185055,$GPGSV,12,,13
2026-05-25T18:38:07.185055,$GPGSV,18,,40
2026-05-25T18:38:07.185055,$GPGSV,23,,32
2026-05-25T18:38:07.185679,$GPGSV,24,,18
2026-05-25T18:38:07.185679,$GPGSV,28,,30
2026-05-25T18:38:07.185679,$GPGSV,32,,27
2026-05-25T18:38:07.187610,$GLGSV,65,,13
2026-05-25T18:38:07.187610,$GLGSV,66,,38
2026-05-25T18:38:07.187610,$GLGSV,75,,25
2026-05-25T18:38:07.187610,$GLGSV,76,,40
2026-05-25T18:38:07.188237,$GLGSV,77,,19
2026-05-25T18:38:07.188237,$GLGSV,81,,36
2026-05-25T18:38:07.188237,$GLGSV,88,,42
2026-05-25T18:38:07.188951,$GLGSV,66,,37
2026-05-25T18:38:07.188951,$GLGSV,75,,21
2026-05-25T18:38:07.188951,$GLGSV,76,,37
2026-05-25T18:38:07.188951,$GLGSV,81,,40
2026-05-25T18:38:07.189444,$GLGSV,88,,39
2026-05-25T18:38:07.190722,$GAGSV,03,,21
2026-05-25T18:38:07.190722,$GAGSV,07,,26
2026-05-25T18:38:07.190722,$GAGSV,08,,41
2026-05-25T18:38:07.190722,$GAGSV,13,,42
2026-05-25T18:38:07.191270,$GAGSV,15,,41
2026-05-25T18:38:07.191270,$GAGSV,32,,35
2026-05-25T18:38:07.192035,$GAGSV,03,,26
2026-05-25T18:38:07.192035,$GAGSV,07,,30
2026-05-25T18:38:07.192035,$GAGSV,08,,41
2026-05-25T18:38:07.192035,$GAGSV,13,,42
2026-05-25T18:38:07.192737,$GAGSV,15,,42
2026-05-25T18:38:07.192737,$GAGSV,32,,37
2026-05-25T18:38:07.194437,$GBGSV,06,,38
2026-05-25T18:38:07.194437,$GBGSV,07,,43
2026-05-25T18:38:07.194437,$GBGSV,09,,41
2026-05-25T18:38:07.194437,$GBGSV,10,,44
2026-05-25T18:38:07.195160,$GBGSV,24,,31
2026-05-25T18:38:07.195160,$GBGSV,25,,46
2026-05-25T18:38:07.195160,$GBGSV,28,,29
2026-05-25T18:38:07.195160,$GBGSV,33,,33
2026-05-25T18:38:07.195691,$GBGSV,09,,37
2026-05-25T18:38:07.195691,$GBGSV,10,,40
2026-05-25T18:38:08.186520,$GPGSV,10,,42
2026-05-25T18:38:08.186520,$GPGSV,18,,43
2026-05-25T18:38:08.186520,$GPGSV,23,,40
2026-05-25T18:38:08.186520,$GPGSV,24,,25
2026-05-25T18:38:08.187349,$GPGSV,28,,40
2026-05-25T18:38:08.187349,$GPGSV,32,,37
2026-05-25T18:38:08.187349,$GPGSV,41,,43
2026-05-25T18:38:08.187349,$GPGSV,42,,41
2026-05-25T18:38:08.187790,$GPGSV,50,,37
2026-05-25T18:38:08.188530,$GPGSV,10,,35
2026-05-25T18:38:08.188530,$GPGSV,12,,11
2026-05-25T18:38:08.188530,$GPGSV,18,,39
2026-05-25T18:38:08.188530,$GPGSV,23,,31
2026-05-25T18:38:08.189150,$GPGSV,24,,17
2026-05-25T18:38:08.189150,$GPGSV,28,,28
2026-05-25T18:38:08.189150,$GPGSV,32,,27
2026-05-25T18:38:08.191052,$GLGSV,66,,40
2026-05-25T18:38:08.191052,$GLGSV,75,,24
2026-05-25T18:38:08.191052,$GLGSV,76,,39
2026-05-25T18:38:08.191052,$GLGSV,77,,18
2026-05-25T18:38:08.191684,$GLGSV,81,,41
2026-05-25T18:38:08.191684,$GLGSV,88,,41
2026-05-25T18:38:08.192417,$GLGSV,66,,38
2026-05-25T18:38:08.192417,$GLGSV,75,,24
2026-05-25T18:38:08.192417,$GLGSV,76,,36
2026-05-25T18:38:08.192417,$GLGSV,81,,39
2026-05-25T18:38:08.192840,$GLGSV,88,,37
2026-05-25T18:38:08.194254,$GAGSV,03,,20
2026-05-25T18:38:08.194254,$GAGSV,07,,25
2026-05-25T18:38:08.194254,$GAGSV,08,,40
2026-05-25T18:38:08.194254,$GAGSV,13,,42
2026-05-25T18:38:08.194802,$GAGSV,15,,41
2026-05-25T18:38:08.194802,$GAGSV,32,,36
2026-05-25T18:38:08.195551,$GAGSV,03,,24
2026-05-25T18:38:08.195551,$GAGSV,07,,30
2026-05-25T18:38:08.195551,$GAGSV,08,,41
2026-05-25T18:38:08.195551,$GAGSV,13,,42
2026-05-25T18:38:08.196089,$GAGSV,15,,42
2026-05-25T18:38:08.196089,$GAGSV,32,,39
2026-05-25T18:38:08.197842,$GBGSV,06,,40
2026-05-25T18:38:08.197842,$GBGSV,07,,44
2026-05-25T18:38:08.197842,$GBGSV,09,,41
2026-05-25T18:38:08.197842,$GBGSV,10,,44
2026-05-25T18:38:08.198635,$GBGSV,24,,29
2026-05-25T18:38:08.198635,$GBGSV,25,,46
2026-05-25T18:38:08.198635,$GBGSV,28,,28
2026-05-25T18:38:08.198635,$GBGSV,33,,30
2026-05-25T18:38:08.199335,$GBGSV,09,,38
2026-05-25T18:38:08.199335,$GBGSV,10,,39
2026-05-25T18:38:09.182804,$GPGSV,10,,41
2026-05-25T18:38:09.182804,$GPGSV,18,,43
2026-05-25T18:38:09.182804,$GPGSV,23,,39
2026-05-25T18:38:09.182804,$GPGSV,24,,24
2026-05-25T18:38:09.183634,$GPGSV,28,,41
2026-05-25T18:38:09.183634,$GPGSV,32,,38
2026-05-25T18:38:09.183634,$GPGSV,41,,43
2026-05-25T18:38:09.183634,$GPGSV,42,,42
2026-05-25T18:38:09.184104,$GPGSV,50,,37
2026-05-25T18:38:09.184895,$GPGSV,10,,35
2026-05-25T18:38:09.184895,$GPGSV,12,,09
2026-05-25T18:38:09.184895,$GPGSV,18,,38
2026-05-25T18:38:09.184895,$GPGSV,23,,31
2026-05-25T18:38:09.185543,$GPGSV,24,,15
2026-05-25T18:38:09.185543,$GPGSV,28,,27
2026-05-25T18:38:09.185543,$GPGSV,32,,27
2026-05-25T18:38:09.187594,$GLGSV,66,,40
2026-05-25T18:38:09.187594,$GLGSV,75,,26
2026-05-25T18:38:09.187594,$GLGSV,76,,39
2026-05-25T18:38:09.187594,$GLGSV,77,,16
2026-05-25T18:38:09.188136,$GLGSV,81,,41
2026-05-25T18:38:09.188136,$GLGSV,88,,41
2026-05-25T18:38:09.188886,$GLGSV,66,,38
2026-05-25T18:38:09.188886,$GLGSV,75,,26
2026-05-25T18:38:09.188886,$GLGSV,76,,35
2026-05-25T18:38:09.188886,$GLGSV,81,,38
2026-05-25T18:38:09.189329,$GLGSV,88,,37
2026-05-25T18:38:09.190725,$GAGSV,03,,18
2026-05-25T18:38:09.190725,$GAGSV,07,,25
2026-05-25T18:38:09.190725,$GAGSV,08,,40
2026-05-25T18:38:09.190725,$GAGSV,13,,43
2026-05-25T18:38:09.191328,$GAGSV,15,,40
2026-05-25T18:38:09.191328,$GAGSV,32,,37
2026-05-25T18:38:09.192074,$GAGSV,03,,22
2026-05-25T18:38:09.192074,$GAGSV,07,,30
2026-05-25T18:38:09.192074,$GAGSV,08,,41
2026-05-25T18:38:09.192074,$GAGSV,13,,42
2026-05-25T18:38:09.192616,$GAGSV,15,,42
2026-05-25T18:38:09.192616,$GAGSV,32,,39
2026-05-25T18:38:09.194374,$GBGSV,06,,39
2026-05-25T18:38:09.194374,$GBGSV,07,,44
2026-05-25T18:38:09.194374,$GBGSV,09,,41
2026-05-25T18:38:09.194374,$GBGSV,10,,44
2026-05-25T18:38:09.195104,$GBGSV,24,,26
2026-05-25T18:38:09.195104,$GBGSV,25,,46
2026-05-25T18:38:09.195104,$GBGSV,28,,26
2026-05-25T18:38:09.195104,$GBGSV,33,,31
2026-05-25T18:38:09.195638,$GBGSV,09,,38
2026-05-25T18:38:09.195638,$GBGSV,10,,39
2026-05-25T18:38:10.173478,$GPGSV,10,,42
2026-05-25T18:38:10.173478,$GPGSV,18,,42
2026-05-25T18:38:10.173478,$GPGSV,23,,39
2026-05-25T18:38:10.173478,$GPGSV,24,,23
2026-05-25T18:38:10.174227,$GPGSV,28,,40
2026-05-25T18:38:10.174227,$GPGSV,32,,38
2026-05-25T18:38:10.174227,$GPGSV,41,,43
2026-05-25T18:38:10.174227,$GPGSV,42,,42
2026-05-25T18:38:10.174649,$GPGSV,50,,37
2026-05-25T18:38:10.175376,$GPGSV,10,,35
2026-05-25T18:38:10.175376,$GPGSV,12,,08
2026-05-25T18:38:10.175376,$GPGSV,18,,38
2026-05-25T18:38:10.175376,$GPGSV,23,,30
2026-05-25T18:38:10.176002,$GPGSV,24,,13
2026-05-25T18:38:10.176002,$GPGSV,28,,25
2026-05-25T18:38:10.176002,$GPGSV,32,,27
2026-05-25T18:38:10.178075,$GLGSV,66,,40
2026-05-25T18:38:10.178075,$GLGSV,75,,25
2026-05-25T18:38:10.178075,$GLGSV,76,,38
2026-05-25T18:38:10.178075,$GLGSV,77,,15
2026-05-25T18:38:10.178612,$GLGSV,81,,41
2026-05-25T18:38:10.178612,$GLGSV,88,,40
2026-05-25T18:38:10.179348,$GLGSV,66,,38
2026-05-25T18:38:10.179348,$GLGSV,75,,26
2026-05-25T18:38:10.179348,$GLGSV,76,,34
2026-05-25T18:38:10.179348,$GLGSV,81,,38
2026-05-25T18:38:10.179765,$GLGSV,88,,36
2026-05-25T18:38:10.181082,$GAGSV,03,,17
2026-05-25T18:38:10.181082,$GAGSV,07,,27
2026-05-25T18:38:10.181082,$GAGSV,08,,40
2026-05-25T18:38:10.181082,$GAGSV,13,,43
2026-05-25T18:38:10.181578,$GAGSV,15,,41
2026-05-25T18:38:10.181578,$GAGSV,32,,38
2026-05-25T18:38:10.182260,$GAGSV,07,,29
2026-05-25T18:38:10.182260,$GAGSV,08,,41
2026-05-25T18:38:10.182260,$GAGSV,13,,42
2026-05-25T18:38:10.182260,$GAGSV,15,,42
2026-05-25T18:38:10.182649,$GAGSV,32,,39
2026-05-25T18:38:10.184360,$GBGSV,06,,40
2026-05-25T18:38:10.184360,$GBGSV,07,,44
2026-05-25T18:38:10.184360,$GBGSV,09,,41
2026-05-25T18:38:10.184360,$GBGSV,10,,44
2026-05-25T18:38:10.185053,$GBGSV,24,,25
2026-05-25T18:38:10.185053,$GBGSV,25,,46
2026-05-25T18:38:10.185053,$GBGSV,28,,28
2026-05-25T18:38:10.185053,$GBGSV,33,,32
2026-05-25T18:38:10.185549,$GBGSV,09,,39
2026-05-25T18:38:10.185549,$GBGSV,10,,39
2026-05-25T18:38:11.178735,$GPGSV,10,,42
2026-05-25T18:38:11.178735,$GPGSV,18,,42
2026-05-25T18:38:11.178735,$GPGSV,23,,39
2026-05-25T18:38:11.178735,$GPGSV,24,,22
2026-05-25T18:38:11.179410,$GPGSV,28,,40
2026-05-25T18:38:11.179410,$GPGSV,32,,38
2026-05-25T18:38:11.179410,$GPGSV,41,,43
2026-05-25T18:38:11.179410,$GPGSV,42,,41
2026-05-25T18:38:11.179772,$GPGSV,50,,35
2026-05-25T18:38:11.180369,$GPGSV,10,,35
2026-05-25T18:38:11.180369,$GPGSV,12,,08
2026-05-25T18:38:11.180369,$GPGSV,18,,38
2026-05-25T18:38:11.180369,$GPGSV,23,,29
2026-05-25T18:38:11.180876,$GPGSV,24,,11
2026-05-25T18:38:11.180876,$GPGSV,28,,25
2026-05-25T18:38:11.180876,$GPGSV,32,,27
2026-05-25T18:38:11.182425,$GLGSV,66,,41
2026-05-25T18:38:11.182425,$GLGSV,75,,24
2026-05-25T18:38:11.182425,$GLGSV,76,,38
2026-05-25T18:38:11.182425,$GLGSV,77,,14
2026-05-25T18:38:11.182844,$GLGSV,81,,41
2026-05-25T18:38:11.182844,$GLGSV,88,,40
2026-05-25T18:38:11.183447,$GLGSV,66,,37
2026-05-25T18:38:11.183447,$GLGSV,75,,26
2026-05-25T18:38:11.183447,$GLGSV,76,,34
2026-05-25T18:38:11.183447,$GLGSV,81,,38
2026-05-25T18:38:11.183788,$GLGSV,88,,36
2026-05-25T18:38:11.184898,$GAGSV,03,,15
2026-05-25T18:38:11.184898,$GAGSV,07,,27
2026-05-25T18:38:11.184898,$GAGSV,08,,40
2026-05-25T18:38:11.184898,$GAGSV,13,,42
2026-05-25T18:38:11.185319,$GAGSV,15,,40
2026-05-25T18:38:11.185319,$GAGSV,32,,38
2026-05-25T18:38:11.185902,$GAGSV,07,,29
2026-05-25T18:38:11.185902,$GAGSV,08,,41
2026-05-25T18:38:11.185902,$GAGSV,13,,42
2026-05-25T18:38:11.185902,$GAGSV,15,,42
2026-05-25T18:38:11.186242,$GAGSV,32,,39
2026-05-25T18:38:11.187692,$GBGSV,06,,40
2026-05-25T18:38:11.187692,$GBGSV,07,,44
2026-05-25T18:38:11.187692,$GBGSV,09,,41
2026-05-25T18:38:11.187692,$GBGSV,10,,44
2026-05-25T18:38:11.188295,$GBGSV,24,,24
2026-05-25T18:38:11.188295,$GBGSV,25,,46
2026-05-25T18:38:11.188295,$GBGSV,28,,28
2026-05-25T18:38:11.188295,$GBGSV,33,,32
2026-05-25T18:38:11.188718,$GBGSV,09,,38
2026-05-25T18:38:11.188718,$GBGSV,10,,39
2026-05-25T18:38:12.181321,$GPGSV,10,,42
2026-05-25T18:38:12.181321,$GPGSV,18,,42
2026-05-25T18:38:12.181321,$GPGSV,23,,39
2026-05-25T18:38:12.181321,$GPGSV,24,,20
2026-05-25T18:38:12.182110,$GPGSV,28,,40
2026-05-25T18:38:12.182110,$GPGSV,32,,39
2026-05-25T18:38:12.182110,$GPGSV,41,,44
2026-05-25T18:38:12.182110,$GPGSV,42,,42
2026-05-25T18:38:12.182538,$GPGSV,50,,38
2026-05-25T18:38:12.183273,$GPGSV,10,,35
2026-05-25T18:38:12.183273,$GPGSV,12,,07
2026-05-25T18:38:12.183273,$GPGSV,18,,38
2026-05-25T18:38:12.183273,$GPGSV,23,,29
2026-05-25T18:38:12.183915,$GPGSV,24,,09
2026-05-25T18:38:12.183915,$GPGSV,28,,25
2026-05-25T18:38:12.183915,$GPGSV,32,,27
2026-05-25T18:38:12.185826,$GLGSV,66,,41
2026-05-25T18:38:12.185826,$GLGSV,75,,21
2026-05-25T18:38:12.185826,$GLGSV,76,,38
2026-05-25T18:38:12.185826,$GLGSV,77,,14
2026-05-25T18:38:12.186350,$GLGSV,81,,41
2026-05-25T18:38:12.186350,$GLGSV,88,,40
2026-05-25T18:38:12.187059,$GLGSV,66,,38
2026-05-25T18:38:12.187059,$GLGSV,75,,27
2026-05-25T18:38:12.187059,$GLGSV,76,,34
2026-05-25T18:38:12.187059,$GLGSV,81,,38
2026-05-25T18:38:12.187497,$GLGSV,88,,36
2026-05-25T18:38:12.188857,$GAGSV,03,,13
2026-05-25T18:38:12.188857,$GAGSV,07,,27
2026-05-25T18:38:12.188857,$GAGSV,08,,40
2026-05-25T18:38:12.188857,$GAGSV,13,,42
2026-05-25T18:38:12.189354,$GAGSV,15,,40
2026-05-25T18:38:12.189354,$GAGSV,32,,38
2026-05-25T18:38:12.190051,$GAGSV,07,,30
2026-05-25T18:38:12.190051,$GAGSV,08,,41
2026-05-25T18:38:12.190051,$GAGSV,13,,42
2026-05-25T18:38:12.190051,$GAGSV,15,,42
2026-05-25T18:38:12.190447,$GAGSV,32,,39
2026-05-25T18:38:12.192153,$GBGSV,06,,40
2026-05-25T18:38:12.192153,$GBGSV,07,,44
2026-05-25T18:38:12.192153,$GBGSV,09,,41
2026-05-25T18:38:12.192153,$GBGSV,10,,44
2026-05-25T18:38:12.193135,$GBGSV,24,,21
2026-05-25T18:38:12.193135,$GBGSV,25,,46
2026-05-25T18:38:12.193135,$GBGSV,28,,28
2026-05-25T18:38:12.193135,$GBGSV,33,,33
2026-05-25T18:38:12.193652,$GBGSV,09,,39
2026-05-25T18:38:12.193652,$GBGSV,10,,39
2026-05-25T18:38:13.177553,$GPGSV,10,,41
2026-05-25T18:38:13.177553,$GPGSV,18,,42
2026-05-25T18:38:13.177553,$GPGSV,23,,39
2026-05-25T18:38:13.177553,$GPGSV,24,,17
2026-05-25T18:38:13.178325,$GPGSV,28,,40
2026-05-25T18:38:13.178325,$GPGSV,32,,39
2026-05-25T18:38:13.178325,$GPGSV,41,,44
2026-05-25T18:38:13.178325,$GPGSV,42,,42
2026-05-25T18:38:13.178745,$GPGSV,50,,38
2026-05-25T18:38:13.179484,$GPGSV,10,,35
2026-05-25T18:38:13.179484,$GPGSV,18,,38
2026-05-25T18:38:13.179484,$GPGSV,23,,30
2026-05-25T18:38:13.179484,$GPGSV,24,,09
2026-05-25T18:38:13.180011,$GPGSV,28,,25
2026-05-25T18:38:13.180011,$GPGSV,32,,27
2026-05-25T18:38:13.182036,$GLGSV,66,,41
2026-05-25T18:38:13.182036,$GLGSV,75,,18
2026-05-25T18:38:13.182036,$GLGSV,76,,38
2026-05-25T18:38:13.182036,$GLGSV,77,,14
2026-05-25T18:38:13.182555,$GLGSV,81,,41
2026-05-25T18:38:13.182555,$GLGSV,88,,40
2026-05-25T18:38:13.183299,$GLGSV,66,,37
2026-05-25T18:38:13.183299,$GLGSV,75,,28
2026-05-25T18:38:13.183299,$GLGSV,76,,33
2026-05-25T18:38:13.183299,$GLGSV,81,,38
2026-05-25T18:38:13.183718,$GLGSV,88,,36
2026-05-25T18:38:13.185027,$GAGSV,03,,14
2026-05-25T18:38:13.185027,$GAGSV,07,,28
2026-05-25T18:38:13.185027,$GAGSV,08,,40
2026-05-25T18:38:13.185027,$GAGSV,13,,42
2026-05-25T18:38:13.185523,$GAGSV,15,,41
2026-05-25T18:38:13.185523,$GAGSV,32,,38
2026-05-25T18:38:13.186210,$GAGSV,07,,30
2026-05-25T18:38:13.186210,$GAGSV,08,,41
2026-05-25T18:38:13.186210,$GAGSV,13,,41
2026-05-25T18:38:13.186210,$GAGSV,15,,42
2026-05-25T18:38:13.186604,$GAGSV,32,,39
2026-05-25T18:38:13.188300,$GBGSV,06,,40
2026-05-25T18:38:13.188300,$GBGSV,07,,44
2026-05-25T18:38:13.188300,$GBGSV,09,,42
2026-05-25T18:38:13.188300,$GBGSV,10,,44
2026-05-25T18:38:13.188994,$GBGSV,24,,20
2026-05-25T18:38:13.188994,$GBGSV,25,,46
2026-05-25T18:38:13.188994,$GBGSV,28,,27
2026-05-25T18:38:13.188994,$GBGSV,33,,33
2026-05-25T18:38:13.189488,$GBGSV,09,,38
2026-05-25T18:38:13.189488,$GBGSV,10,,39
2026-05-25T18:38:14.179434,$GPGSV,10,,41
2026-05-25T18:38:14.179434,$GPGSV,12,,20
2026-05-25T18:38:14.179434,$GPGSV,18,,42
2026-05-25T18:38:14.179434,$GPGSV,23,,39
2026-05-25T18:38:14.180194,$GPGSV,24,,16
2026-05-25T18:38:14.180194,$GPGSV,28,,40
2026-05-25T18:38:14.180194,$GPGSV,32,,39
2026-05-25T18:38:14.180194,$GPGSV,41,,44
2026-05-25T18:38:14.180719,$GPGSV,42,,42
2026-05-25T18:38:14.180719,$GPGSV,50,,38
2026-05-25T18:38:14.181443,$GPGSV,10,,36
2026-05-25T18:38:14.181443,$GPGSV,18,,38
2026-05-25T18:38:14.181443,$GPGSV,23,,31
2026-05-25T18:38:14.181443,$GPGSV,24,,10
2026-05-25T18:38:14.181957,$GPGSV,28,,25
2026-05-25T18:38:14.181957,$GPGSV,32,,27
2026-05-25T18:38:14.183922,$GLGSV,66,,41
2026-05-25T18:38:14.183922,$GLGSV,75,,17
2026-05-25T18:38:14.183922,$GLGSV,76,,38
2026-05-25T18:38:14.183922,$GLGSV,77,,13
2026-05-25T18:38:14.184416,$GLGSV,81,,41
2026-05-25T18:38:14.184416,$GLGSV,88,,41
2026-05-25T18:38:14.185106,$GLGSV,66,,38
2026-05-25T18:38:14.185106,$GLGSV,75,,30
2026-05-25T18:38:14.185106,$GLGSV,76,,34
2026-05-25T18:38:14.185106,$GLGSV,81,,40
2026-05-25T18:38:14.185512,$GLGSV,88,,37
2026-05-25T18:38:14.186818,$GAGSV,03,,13
2026-05-25T18:38:14.186818,$GAGSV,07,,28
2026-05-25T18:38:14.186818,$GAGSV,08,,40
2026-05-25T18:38:14.186818,$GAGSV,13,,43
2026-05-25T18:38:14.187335,$GAGSV,15,,41
2026-05-25T18:38:14.187335,$GAGSV,32,,38
2026-05-25T18:38:14.188025,$GAGSV,07,,30
2026-05-25T18:38:14.188025,$GAGSV,08,,41
2026-05-25T18:38:14.188025,$GAGSV,13,,41
2026-05-25T18:38:14.188025,$GAGSV,15,,41
2026-05-25T18:38:14.188422,$GAGSV,32,,38
2026-05-25T18:38:14.190100,$GBGSV,06,,40
2026-05-25T18:38:14.190100,$GBGSV,07,,44
2026-05-25T18:38:14.190100,$GBGSV,09,,42
2026-05-25T18:38:14.190100,$GBGSV,10,,44
2026-05-25T18:38:14.190796,$GBGSV,24,,20
2026-05-25T18:38:14.190796,$GBGSV,25,,46
2026-05-25T18:38:14.190796,$GBGSV,28,,28
2026-05-25T18:38:14.190796,$GBGSV,33,,33
2026-05-25T18:38:14.191330,$GBGSV,09,,39
2026-05-25T18:38:14.191330,$GBGSV,10,,39
2026-05-25T18:38:15.180747,$GPGSV,10,,41
2026-05-25T18:38:15.180747,$GPGSV,18,,42
2026-05-25T18:38:15.180747,$GPGSV,23,,39
2026-05-25T18:38:15.180747,$GPGSV,24,,16
2026-05-25T18:38:15.181557,$GPGSV,28,,40
2026-05-25T18:38:15.181557,$GPGSV,32,,38
2026-05-25T18:38:15.181557,$GPGSV,41,,44
2026-05-25T18:38:15.181557,$GPGSV,42,,42
2026-05-25T18:38:15.182013,$GPGSV,50,,38
2026-05-25T18:38:15.182781,$GPGSV,10,,36
2026-05-25T18:38:15.182781,$GPGSV,18,,38
2026-05-25T18:38:15.182781,$GPGSV,23,,31
2026-05-25T18:38:15.182781,$GPGSV,24,,11
2026-05-25T18:38:15.183324,$GPGSV,28,,25
2026-05-25T18:38:15.183324,$GPGSV,32,,27
2026-05-25T18:38:15.185315,$GLGSV,66,,41
2026-05-25T18:38:15.185315,$GLGSV,75,,16
2026-05-25T18:38:15.185315,$GLGSV,76,,37
2026-05-25T18:38:15.185315,$GLGSV,77,,13
2026-05-25T18:38:15.185834,$GLGSV,81,,40
2026-05-25T18:38:15.185834,$GLGSV,88,,40
2026-05-25T18:38:15.186576,$GLGSV,66,,38
2026-05-25T18:38:15.186576,$GLGSV,75,,30
2026-05-25T18:38:15.186576,$GLGSV,76,,34
2026-05-25T18:38:15.186576,$GLGSV,81,,41
2026-05-25T18:38:15.187019,$GLGSV,88,,37
2026-05-25T18:38:15.188433,$GAGSV,03,,16
2026-05-25T18:38:15.188433,$GAGSV,07,,29
2026-05-25T18:38:15.188433,$GAGSV,08,,40
2026-05-25T18:38:15.188433,$GAGSV,13,,43
2026-05-25T18:38:15.188972,$GAGSV,15,,41
2026-05-25T18:38:15.188972,$GAGSV,32,,38
2026-05-25T18:38:15.189713,$GAGSV,07,,31
2026-05-25T18:38:15.189713,$GAGSV,08,,42
2026-05-25T18:38:15.189713,$GAGSV,13,,41
2026-05-25T18:38:15.189713,$GAGSV,15,,42
2026-05-25T18:38:15.190149,$GAGSV,32,,38
2026-05-25T18:38:15.191977,$GBGSV,06,,40
2026-05-25T18:38:15.191977,$GBGSV,07,,44
2026-05-25T18:38:15.191977,$GBGSV,09,,42
2026-05-25T18:38:15.191977,$GBGSV,10,,44
2026-05-25T18:38:15.192701,$GBGSV,24,,22
2026-05-25T18:38:15.192701,$GBGSV,25,,46
2026-05-25T18:38:15.192701,$GBGSV,28,,28
2026-05-25T18:38:15.192701,$GBGSV,33,,32
2026-05-25T18:38:15.193254,$GBGSV,09,,39
2026-05-25T18:38:15.193254,$GBGSV,10,,39
2026-05-25T18:38:16.180505,$GPGSV,10,,41
2026-05-25T18:38:16.180505,$GPGSV,18,,42
2026-05-25T18:38:16.180505,$GPGSV,23,,37
2026-05-25T18:38:16.180505,$GPGSV,24,,18
2026-05-25T18:38:16.181281,$GPGSV,28,,37
2026-05-25T18:38:16.181281,$GPGSV,32,,38
2026-05-25T18:38:16.181281,$GPGSV,41,,43
2026-05-25T18:38:16.181281,$GPGSV,42,,42
2026-05-25T18:38:16.181723,$GPGSV,50,,39
2026-05-25T18:38:16.182462,$GPGSV,10,,35
2026-05-25T18:38:16.182462,$GPGSV,18,,38
2026-05-25T18:38:16.182462,$GPGSV,23,,27
2026-05-25T18:38:16.182462,$GPGSV,24,,11
2026-05-25T18:38:16.183007,$GPGSV,28,,31
2026-05-25T18:38:16.183007,$GPGSV,32,,28
2026-05-25T18:38:16.185016,$GLGSV,66,,39
2026-05-25T18:38:16.185016,$GLGSV,75,,17
2026-05-25T18:38:16.185016,$GLGSV,76,,31
2026-05-25T18:38:16.185016,$GLGSV,77,,13
2026-05-25T18:38:16.185532,$GLGSV,81,,42
2026-05-25T18:38:16.185532,$GLGSV,88,,40
2026-05-25T18:38:16.186244,$GLGSV,66,,38
2026-05-25T18:38:16.186244,$GLGSV,75,,23
2026-05-25T18:38:16.186244,$GLGSV,76,,34
2026-05-25T18:38:16.186244,$GLGSV,81,,38
2026-05-25T18:38:16.186671,$GLGSV,88,,39
2026-05-25T18:38:16.188044,$GAGSV,03,,17
2026-05-25T18:38:16.188044,$GAGSV,07,,29
2026-05-25T18:38:16.188044,$GAGSV,08,,41
2026-05-25T18:38:16.188044,$GAGSV,13,,41
2026-05-25T18:38:16.188566,$GAGSV,15,,41
2026-05-25T18:38:16.188566,$GAGSV,32,,39
2026-05-25T18:38:16.189275,$GAGSV,07,,36
2026-05-25T18:38:16.189275,$GAGSV,08,,41
2026-05-25T18:38:16.189275,$GAGSV,13,,43
2026-05-25T18:38:16.189275,$GAGSV,15,,41
2026-05-25T18:38:16.189695,$GAGSV,32,,38
2026-05-25T18:38:16.191530,$GBGSV,06,,38
2026-05-25T18:38:16.191530,$GBGSV,07,,44
2026-05-25T18:38:16.191530,$GBGSV,09,,39
2026-05-25T18:38:16.191530,$GBGSV,10,,44
2026-05-25T18:38:16.192251,$GBGSV,24,,23
2026-05-25T18:38:16.192251,$GBGSV,25,,47
2026-05-25T18:38:16.192251,$GBGSV,28,,28
2026-05-25T18:38:16.192251,$GBGSV,33,,31
2026-05-25T18:38:16.192769,$GBGSV,09,,37
2026-05-25T18:38:16.192769,$GBGSV,10,,39
2026-05-25T18:38:17.183910,$GPGSV,10,,43
2026-05-25T18:38:17.183910,$GPGSV,18,,42
2026-05-25T18:38:17.183910,$GPGSV,23,,38
2026-05-25T18:38:17.183910,$GPGSV,24,,20
2026-05-25T18:38:17.184764,$GPGSV,28,,39
2026-05-25T18:38:17.184764,$GPGSV,32,,36
2026-05-25T18:38:17.184764,$GPGSV,41,,45
2026-05-25T18:38:17.184764,$GPGSV,42,,42
2026-05-25T18:38:17.185226,$GPGSV,50,,41
2026-05-25T18:38:17.186004,$GPGSV,10,,36
2026-05-25T18:38:17.186004,$GPGSV,18,,37
2026-05-25T18:38:17.186004,$GPGSV,23,,34
2026-05-25T18:38:17.186004,$GPGSV,24,,11
2026-05-25T18:38:17.186543,$GPGSV,28,,27
2026-05-25T18:38:17.186543,$GPGSV,32,,29
2026-05-25T18:38:17.188617,$GLGSV,66,,41
2026-05-25T18:38:17.188617,$GLGSV,75,,28
2026-05-25T18:38:17.188617,$GLGSV,76,,35
2026-05-25T18:38:17.188617,$GLGSV,77,,15
2026-05-25T18:38:17.189158,$GLGSV,81,,37
2026-05-25T18:38:17.189158,$GLGSV,88,,41
2026-05-25T18:38:17.189900,$GLGSV,66,,37
2026-05-25T18:38:17.189900,$GLGSV,75,,30
2026-05-25T18:38:17.189900,$GLGSV,76,,22
2026-05-25T18:38:17.189900,$GLGSV,81,,40
2026-05-25T18:38:17.190340,$GLGSV,88,,42
2026-05-25T18:38:17.191772,$GAGSV,03,,17
2026-05-25T18:38:17.191772,$GAGSV,07,,29
2026-05-25T18:38:17.191772,$GAGSV,08,,41
2026-05-25T18:38:17.191772,$GAGSV,13,,42
2026-05-25T18:38:17.192317,$GAGSV,15,,43
2026-05-25T18:38:17.192317,$GAGSV,32,,37
2026-05-25T18:38:17.193063,$GAGSV,07,,33
2026-05-25T18:38:17.193063,$GAGSV,08,,42
2026-05-25T18:38:17.193063,$GAGSV,13,,42
2026-05-25T18:38:17.193063,$GAGSV,15,,42
2026-05-25T18:38:17.193548,$GAGSV,32,,38
2026-05-25T18:38:17.195323,$GBGSV,06,,38
2026-05-25T18:38:17.195323,$GBGSV,07,,45
2026-05-25T18:38:17.195323,$GBGSV,09,,41
2026-05-25T18:38:17.195323,$GBGSV,10,,44
2026-05-25T18:38:17.196097,$GBGSV,24,,21
2026-05-25T18:38:17.196097,$GBGSV,25,,45
2026-05-25T18:38:17.196097,$GBGSV,28,,37
2026-05-25T18:38:17.196097,$GBGSV,33,,26
2026-05-25T18:38:17.196618,$GBGSV,09,,37
2026-05-25T18:38:17.196618,$GBGSV,10,,40
2026-05-25T18:38:18.181967,$GPGSV,10,,41
2026-05-25T18:38:18.181967,$GPGSV,18,,43
2026-05-25T18:38:18.181967,$GPGSV,23,,40
2026-05-25T18:38:18.181967,$GPGSV,24,,21
2026-05-25T18:38:18.182749,$GPGSV,28,,35
2026-05-25T18:38:18.182749,$GPGSV,32,,39
2026-05-25T18:38:18.182749,$GPGSV,41,,43
2026-05-25T18:38:18.182749,$GPGSV,42,,41
2026-05-25T18:38:18.183239,$GPGSV,50,,41
2026-05-25T18:38:18.183981,$GPGSV,10,,35
2026-05-25T18:38:18.183981,$GPGSV,18,,39
2026-05-25T18:38:18.183981,$GPGSV,23,,34
2026-05-25T18:38:18.183981,$GPGSV,24,,10
2026-05-25T18:38:18.184520,$GPGSV,28,,32
2026-05-25T18:38:18.184520,$GPGSV,32,,29
2026-05-25T18:38:18.186583,$GLGSV,66,,41
2026-05-25T18:38:18.186583,$GLGSV,75,,21
2026-05-25T18:38:18.186583,$GLGSV,76,,32
2026-05-25T18:38:18.186583,$GLGSV,77,,16
2026-05-25T18:38:18.187128,$GLGSV,81,,39
2026-05-25T18:38:18.187128,$GLGSV,88,,41
2026-05-25T18:38:18.187841,$GLGSV,66,,38
2026-05-25T18:38:18.187841,$GLGSV,75,,25
2026-05-25T18:38:18.187841,$GLGSV,76,,29
2026-05-25T18:38:18.187841,$GLGSV,81,,38
2026-05-25T18:38:18.188371,$GLGSV,88,,40
2026-05-25T18:38:18.190645,$GAGSV,03,,16
2026-05-25T18:38:18.190645,$GAGSV,07,,27
2026-05-25T18:38:18.190645,$GAGSV,08,,38
2026-05-25T18:38:18.190645,$GAGSV,13,,41
2026-05-25T18:38:18.191207,$GAGSV,15,,42
2026-05-25T18:38:18.191207,$GAGSV,32,,38
2026-05-25T18:38:18.191909,$GAGSV,07,,29
2026-05-25T18:38:18.191909,$GAGSV,08,,42
2026-05-25T18:38:18.191909,$GAGSV,13,,43
2026-05-25T18:38:18.191909,$GAGSV,15,,42
2026-05-25T18:38:18.192308,$GAGSV,32,,38
2026-05-25T18:38:18.194138,$GBGSV,06,,40
2026-05-25T18:38:18.194138,$GBGSV,07,,44
2026-05-25T18:38:18.194138,$GBGSV,09,,40
2026-05-25T18:38:18.194138,$GBGSV,10,,44
2026-05-25T18:38:18.194839,$GBGSV,24,,20
2026-05-25T18:38:18.194839,$GBGSV,25,,45
2026-05-25T18:38:18.194839,$GBGSV,28,,32
2026-05-25T18:38:18.194839,$GBGSV,33,,26
2026-05-25T18:38:18.195369,$GBGSV,09,,38
2026-05-25T18:38:18.195369,$GBGSV,10,,40
2026-05-25T18:38:19.171219,$GPGSV,10,,42
2026-05-25T18:38:19.171219,$GPGSV,18,,44
2026-05-25T18:38:19.171219,$GPGSV,23,,40
2026-05-25T18:38:19.171219,$GPGSV,24,,21
2026-05-25T18:38:19.171968,$GPGSV,28,,31
2026-05-25T18:38:19.171968,$GPGSV,32,,39
2026-05-25T18:38:19.171968,$GPGSV,41,,44
2026-05-25T18:38:19.171968,$GPGSV,42,,41
2026-05-25T18:38:19.172385,$GPGSV,50,,39
2026-05-25T18:38:19.173094,$GPGSV,10,,36
2026-05-25T18:38:19.173094,$GPGSV,18,,39
2026-05-25T18:38:19.173094,$GPGSV,23,,35
2026-05-25T18:38:19.173094,$GPGSV,24,,13
2026-05-25T18:38:19.173579,$GPGSV,28,,33
2026-05-25T18:38:19.173579,$GPGSV,32,,22
2026-05-25T18:38:19.175517,$GLGSV,66,,41
2026-05-25T18:38:19.175517,$GLGSV,75,,22
2026-05-25T18:38:19.175517,$GLGSV,76,,27
2026-05-25T18:38:19.175517,$GLGSV,77,,14
2026-05-25T18:38:19.176014,$GLGSV,81,,39
2026-05-25T18:38:19.176014,$GLGSV,88,,42
2026-05-25T18:38:19.176710,$GLGSV,66,,36
2026-05-25T18:38:19.176710,$GLGSV,75,,21
2026-05-25T18:38:19.176710,$GLGSV,76,,32
2026-05-25T18:38:19.176710,$GLGSV,81,,40
2026-05-25T18:38:19.177107,$GLGSV,88,,37
2026-05-25T18:38:19.178415,$GAGSV,03,,15
2026-05-25T18:38:19.178415,$GAGSV,07,,32
2026-05-25T18:38:19.178415,$GAGSV,08,,39
2026-05-25T18:38:19.178415,$GAGSV,13,,42
2026-05-25T18:38:19.178916,$GAGSV,15,,42
2026-05-25T18:38:19.178916,$GAGSV,32,,36
2026-05-25T18:38:19.179649,$GAGSV,07,,35
2026-05-25T18:38:19.179649,$GAGSV,08,,42
2026-05-25T18:38:19.179649,$GAGSV,13,,42
2026-05-25T18:38:19.179649,$GAGSV,15,,44
2026-05-25T18:38:19.180070,$GAGSV,32,,36
2026-05-25T18:38:19.181956,$GBGSV,06,,35
2026-05-25T18:38:19.181956,$GBGSV,07,,45
2026-05-25T18:38:19.181956,$GBGSV,09,,39
2026-05-25T18:38:19.181956,$GBGSV,10,,44
2026-05-25T18:38:19.182679,$GBGSV,24,,21
2026-05-25T18:38:19.182679,$GBGSV,25,,45
2026-05-25T18:38:19.182679,$GBGSV,28,,27
2026-05-25T18:38:19.182679,$GBGSV,33,,35
2026-05-25T18:38:19.183287,$GBGSV,09,,36
2026-05-25T18:38:19.183287,$GBGSV,10,,39
2026-05-25T18:38:20.180347,$GPGSV,10,,37
2026-05-25T18:38:20.180347,$GPGSV,18,,42
2026-05-25T18:38:20.180347,$GPGSV,23,,38
2026-05-25T18:38:20.180347,$GPGSV,24,,19
2026-05-25T18:38:20.181116,$GPGSV,28,,37
2026-05-25T18:38:20.181116,$GPGSV,32,,42
2026-05-25T18:38:20.181116,$GPGSV,41,,43
2026-05-25T18:38:20.181116,$GPGSV,42,,43
2026-05-25T18:38:20.181562,$GPGSV,50,,40
2026-05-25T18:38:20.182300,$GPGSV,10,,36
2026-05-25T18:38:20.182300,$GPGSV,18,,39
2026-05-25T18:38:20.182300,$GPGSV,23,,37
2026-05-25T18:38:20.182300,$GPGSV,24,,13
2026-05-25T18:38:20.182944,$GPGSV,25,,16
2026-05-25T18:38:20.182944,$GPGSV,28,,33
2026-05-25T18:38:20.182944,$GPGSV,32,,31
2026-05-25T18:38:20.184957,$GLGSV,66,,38
2026-05-25T18:38:20.184957,$GLGSV,75,,22
2026-05-25T18:38:20.184957,$GLGSV,76,,25
2026-05-25T18:38:20.184957,$GLGSV,77,,10
2026-05-25T18:38:20.185477,$GLGSV,81,,40
2026-05-25T18:38:20.185477,$GLGSV,88,,40
2026-05-25T18:38:20.186478,$GLGSV,66,,36
2026-05-25T18:38:20.186478,$GLGSV,75,,28
2026-05-25T18:38:20.186478,$GLGSV,76,,25
2026-05-25T18:38:20.186478,$GLGSV,81,,44
2026-05-25T18:38:20.187159,$GLGSV,88,,38
2026-05-25T18:38:20.188865,$GAGSV,03,,12
2026-05-25T18:38:20.188865,$GAGSV,07,,35
2026-05-25T18:38:20.188865,$GAGSV,08,,39
2026-05-25T18:38:20.188865,$GAGSV,13,,42
2026-05-25T18:38:20.189371,$GAGSV,15,,42
2026-05-25T18:38:20.189371,$GAGSV,32,,36
2026-05-25T18:38:20.190234,$GAGSV,03,,21
2026-05-25T18:38:20.190234,$GAGSV,07,,35
2026-05-25T18:38:20.190234,$GAGSV,08,,41
2026-05-25T18:38:20.190234,$GAGSV,13,,42
2026-05-25T18:38:20.190737,$GAGSV,15,,43
2026-05-25T18:38:20.190737,$GAGSV,32,,36
2026-05-25T18:38:20.192437,$GBGSV,06,,39
2026-05-25T18:38:20.192437,$GBGSV,07,,44
2026-05-25T18:38:20.192437,$GBGSV,09,,38
2026-05-25T18:38:20.192437,$GBGSV,10,,44
2026-05-25T18:38:20.193306,$GBGSV,24,,22
2026-05-25T18:38:20.193306,$GBGSV,25,,43
2026-05-25T18:38:20.193306,$GBGSV,28,,38
2026-05-25T18:38:20.193306,$GBGSV,33,,34
2026-05-25T18:38:20.193899,$GBGSV,09,,38
2026-05-25T18:38:20.193899,$GBGSV,10,,39
2026-05-25T18:38:21.183098,$GPGSV,10,,42
2026-05-25T18:38:21.183098,$GPGSV,18,,44
2026-05-25T18:38:21.183098,$GPGSV,23,,42
2026-05-25T18:38:21.183098,$GPGSV,24,,19
2026-05-25T18:38:21.183861,$GPGSV,28,,39
2026-05-25T18:38:21.183861,$GPGSV,32,,42
2026-05-25T18:38:21.183861,$GPGSV,41,,44
2026-05-25T18:38:21.183861,$GPGSV,42,,43
2026-05-25T18:38:21.184282,$GPGSV,50,,36
2026-05-25T18:38:21.184999,$GPGSV,10,,35
2026-05-25T18:38:21.184999,$GPGSV,18,,37
2026-05-25T18:38:21.184999,$GPGSV,23,,37
2026-05-25T18:38:21.184999,$GPGSV,24,,14
2026-05-25T18:38:21.185619,$GPGSV,25,,16
2026-05-25T18:38:21.185619,$GPGSV,28,,32
2026-05-25T18:38:21.185619,$GPGSV,32,,35
2026-05-25T18:38:21.187566,$GLGSV,66,,39
2026-05-25T18:38:21.187566,$GLGSV,75,,22
2026-05-25T18:38:21.187566,$GLGSV,76,,28
2026-05-25T18:38:21.187566,$GLGSV,77,,09
2026-05-25T18:38:21.188072,$GLGSV,81,,38
2026-05-25T18:38:21.188072,$GLGSV,88,,40
2026-05-25T18:38:21.188875,$GLGSV,66,,38
2026-05-25T18:38:21.188875,$GLGSV,75,,21
2026-05-25T18:38:21.188875,$GLGSV,76,,24
2026-05-25T18:38:21.188875,$GLGSV,81,,45
2026-05-25T18:38:21.189530,$GLGSV,88,,34
2026-05-25T18:38:21.191460,$GAGSV,03,,12
2026-05-25T18:38:21.191460,$GAGSV,07,,31
2026-05-25T18:38:21.191460,$GAGSV,08,,40
2026-05-25T18:38:21.191460,$GAGSV,13,,42
2026-05-25T18:38:21.191976,$GAGSV,15,,42
2026-05-25T18:38:21.191976,$GAGSV,32,,32
2026-05-25T18:38:21.192664,$GAGSV,07,,31
2026-05-25T18:38:21.192664,$GAGSV,08,,41
2026-05-25T18:38:21.192664,$GAGSV,13,,42
2026-05-25T18:38:21.192664,$GAGSV,15,,42
2026-05-25T18:38:21.193219,$GAGSV,32,,38
2026-05-25T18:38:21.194928,$GBGSV,06,,42
2026-05-25T18:38:21.194928,$GBGSV,07,,43
2026-05-25T18:38:21.194928,$GBGSV,09,,40
2026-05-25T18:38:21.194928,$GBGSV,10,,43
2026-05-25T18:38:21.195672,$GBGSV,24,,29
2026-05-25T18:38:21.195672,$GBGSV,25,,44
2026-05-25T18:38:21.195672,$GBGSV,28,,29
2026-05-25T18:38:21.195672,$GBGSV,33,,34
2026-05-25T18:38:21.196200,$GBGSV,09,,37
2026-05-25T18:38:21.196200,$GBGSV,10,,41
2026-05-25T18:38:22.181260,$GPGSV,10,,44
2026-05-25T18:38:22.181260,$GPGSV,12,,19
2026-05-25T18:38:22.181260,$GPGSV,18,,42
2026-05-25T18:38:22.181260,$GPGSV,23,,42
2026-05-25T18:38:22.182044,$GPGSV,24,,19
2026-05-25T18:38:22.182044,$GPGSV,28,,32
2026-05-25T18:38:22.182044,$GPGSV,32,,37
2026-05-25T18:38:22.182044,$GPGSV,41,,44
2026-05-25T18:38:22.182572,$GPGSV,42,,42
2026-05-25T18:38:22.182572,$GPGSV,50,,41
2026-05-25T18:38:22.183311,$GPGSV,10,,36
2026-05-25T18:38:22.183311,$GPGSV,18,,38
2026-05-25T18:38:22.183311,$GPGSV,23,,38
2026-05-25T18:38:22.183311,$GPGSV,24,,15
2026-05-25T18:38:22.183943,$GPGSV,25,,16
2026-05-25T18:38:22.183943,$GPGSV,28,,28
2026-05-25T18:38:22.183943,$GPGSV,32,,36
2026-05-25T18:38:22.185769,$GLGSV,66,,41
2026-05-25T18:38:22.185769,$GLGSV,75,,20
2026-05-25T18:38:22.185769,$GLGSV,76,,26
2026-05-25T18:38:22.185769,$GLGSV,77,,12
2026-05-25T18:38:22.186290,$GLGSV,81,,41
2026-05-25T18:38:22.186290,$GLGSV,88,,40
2026-05-25T18:38:22.187286,$GLGSV,66,,29
2026-05-25T18:38:22.187286,$GLGSV,75,,21
2026-05-25T18:38:22.187286,$GLGSV,76,,20
2026-05-25T18:38:22.187286,$GLGSV,81,,42
2026-05-25T18:38:22.187982,$GLGSV,88,,37
2026-05-25T18:38:22.189759,$GAGSV,03,,12
2026-05-25T18:38:22.189759,$GAGSV,07,,30
2026-05-25T18:38:22.189759,$GAGSV,08,,39
2026-05-25T18:38:22.189759,$GAGSV,13,,41
2026-05-25T18:38:22.190263,$GAGSV,15,,42
2026-05-25T18:38:22.190263,$GAGSV,32,,36
2026-05-25T18:38:22.191191,$GAGSV,07,,37
2026-05-25T18:38:22.191191,$GAGSV,08,,41
2026-05-25T18:38:22.191191,$GAGSV,13,,41
2026-05-25T18:38:22.191191,$GAGSV,15,,42
2026-05-25T18:38:22.191610,$GAGSV,32,,38
2026-05-25T18:38:22.193302,$GBGSV,06,,40
2026-05-25T18:38:22.193302,$GBGSV,07,,44
2026-05-25T18:38:22.193302,$GBGSV,09,,39
2026-05-25T18:38:22.193302,$GBGSV,10,,44
2026-05-25T18:38:22.194022,$GBGSV,24,,23
2026-05-25T18:38:22.194022,$GBGSV,25,,45
2026-05-25T18:38:22.194022,$GBGSV,28,,33
2026-05-25T18:38:22.194022,$GBGSV,33,,26
2026-05-25T18:38:22.194756,$GBGSV,09,,37
2026-05-25T18:38:22.194756,$GBGSV,10,,40
2026-05-25T18:38:23.182662,$GPGSV,10,,40
2026-05-25T18:38:23.182662,$GPGSV,12,,18
2026-05-25T18:38:23.182662,$GPGSV,18,,43
2026-05-25T18:38:23.182662,$GPGSV,23,,41
2026-05-25T18:38:23.183427,$GPGSV,24,,19
2026-05-25T18:38:23.183427,$GPGSV,28,,29
2026-05-25T18:38:23.183427,$GPGSV,32,,43
2026-05-25T18:38:23.183427,$GPGSV,41,,41
2026-05-25T18:38:23.183959,$GPGSV,42,,43
2026-05-25T18:38:23.183959,$GPGSV,50,,39
2026-05-25T18:38:23.184675,$GPGSV,10,,37
2026-05-25T18:38:23.184675,$GPGSV,18,,40
2026-05-25T18:38:23.184675,$GPGSV,23,,38
2026-05-25T18:38:23.184675,$GPGSV,24,,15
2026-05-25T18:38:23.185290,$GPGSV,25,,15
2026-05-25T18:38:23.185290,$GPGSV,28,,32
2026-05-25T18:38:23.185290,$GPGSV,32,,36
2026-05-25T18:38:23.187105,$GLGSV,65,,22
2026-05-25T18:38:23.187105,$GLGSV,66,,39
2026-05-25T18:38:23.187105,$GLGSV,75,,23
2026-05-25T18:38:23.187105,$GLGSV,76,,32
2026-05-25T18:38:23.187730,$GLGSV,77,,11
2026-05-25T18:38:23.187730,$GLGSV,81,,41
2026-05-25T18:38:23.187730,$GLGSV,88,,41
2026-05-25T18:38:23.188719,$GLGSV,66,,33
2026-05-25T18:38:23.188719,$GLGSV,75,,22
2026-05-25T18:38:23.188719,$GLGSV,76,,19
2026-05-25T18:38:23.188719,$GLGSV,81,,43
2026-05-25T18:38:23.189405,$GLGSV,88,,37
2026-05-25T18:38:23.191128,$GAGSV,03,,13
2026-05-25T18:38:23.191128,$GAGSV,07,,34
2026-05-25T18:38:23.191128,$GAGSV,08,,40
2026-05-25T18:38:23.191128,$GAGSV,13,,41
2026-05-25T18:38:23.191633,$GAGSV,15,,42
2026-05-25T18:38:23.191633,$GAGSV,32,,37
2026-05-25T18:38:23.192466,$GAGSV,07,,35
2026-05-25T18:38:23.192466,$GAGSV,08,,42
2026-05-25T18:38:23.192466,$GAGSV,13,,42
2026-05-25T18:38:23.192466,$GAGSV,15,,42
2026-05-25T18:38:23.192889,$GAGSV,32,,39
2026-05-25T18:38:23.194622,$GBGSV,06,,29
2026-05-25T18:38:23.194622,$GBGSV,07,,44
2026-05-25T18:38:23.194622,$GBGSV,09,,42
2026-05-25T18:38:23.194622,$GBGSV,10,,44
2026-05-25T18:38:23.195358,$GBGSV,24,,23
2026-05-25T18:38:23.195358,$GBGSV,25,,44
2026-05-25T18:38:23.195358,$GBGSV,28,,30
2026-05-25T18:38:23.195358,$GBGSV,33,,31
2026-05-25T18:38:23.195945,$GBGSV,09,,35
2026-05-25T18:38:23.195945,$GBGSV,10,,40
2026-05-25T18:38:24.182065,$GPGSV,10,,39
2026-05-25T18:38:24.182065,$GPGSV,12,,17
2026-05-25T18:38:24.182065,$GPGSV,18,,43
2026-05-25T18:38:24.182065,$GPGSV,23,,40
2026-05-25T18:38:24.182786,$GPGSV,24,,21
2026-05-25T18:38:24.182786,$GPGSV,25,,24
2026-05-25T18:38:24.182786,$GPGSV,28,,29
2026-05-25T18:38:24.182786,$GPGSV,32,,43
2026-05-25T18:38:24.183392,$GPGSV,41,,45
2026-05-25T18:38:24.183392,$GPGSV,42,,43
2026-05-25T18:38:24.183392,$GPGSV,50,,39
2026-05-25T18:38:24.184084,$GPGSV,10,,36
2026-05-25T18:38:24.184084,$GPGSV,18,,39
2026-05-25T18:38:24.184084,$GPGSV,23,,35
2026-05-25T18:38:24.184084,$GPGSV,24,,14
2026-05-25T18:38:24.184680,$GPGSV,25,,15
2026-05-25T18:38:24.184680,$GPGSV,28,,26
2026-05-25T18:38:24.184680,$GPGSV,32,,32
2026-05-25T18:38:24.186435,$GLGSV,65,,22
2026-05-25T18:38:24.186435,$GLGSV,66,,38
2026-05-25T18:38:24.186435,$GLGSV,75,,21
2026-05-25T18:38:24.186435,$GLGSV,76,,27
2026-05-25T18:38:24.187032,$GLGSV,77,,12
2026-05-25T18:38:24.187032,$GLGSV,81,,43
2026-05-25T18:38:24.187032,$GLGSV,88,,41
2026-05-25T18:38:24.187811,$GLGSV,66,,33
2026-05-25T18:38:24.187811,$GLGSV,75,,21
2026-05-25T18:38:24.187811,$GLGSV,76,,22
2026-05-25T18:38:24.187811,$GLGSV,81,,31
2026-05-25T18:38:24.188469,$GLGSV,88,,37
2026-05-25T18:38:24.190337,$GAGSV,03,,12
2026-05-25T18:38:24.190337,$GAGSV,07,,38
2026-05-25T18:38:24.190337,$GAGSV,08,,41
2026-05-25T18:38:24.190337,$GAGSV,13,,41
2026-05-25T18:38:24.190858,$GAGSV,15,,42
2026-05-25T18:38:24.190858,$GAGSV,32,,39
2026-05-25T18:38:24.191599,$GAGSV,07,,31
2026-05-25T18:38:24.191599,$GAGSV,08,,41
2026-05-25T18:38:24.191599,$GAGSV,13,,40
2026-05-25T18:38:24.191599,$GAGSV,15,,43
2026-05-25T18:38:24.192134,$GAGSV,32,,40
2026-05-25T18:38:24.193764,$GBGSV,06,,36
2026-05-25T18:38:24.193764,$GBGSV,07,,44
2026-05-25T18:38:24.193764,$GBGSV,09,,41
2026-05-25T18:38:24.193764,$GBGSV,10,,43
2026-05-25T18:38:24.194447,$GBGSV,24,,25
2026-05-25T18:38:24.194447,$GBGSV,25,,44
2026-05-25T18:38:24.194447,$GBGSV,28,,39
2026-05-25T18:38:24.194447,$GBGSV,33,,34
2026-05-25T18:38:24.194937,$GBGSV,09,,36
2026-05-25T18:38:24.194937,$GBGSV,10,,40
2026-05-25T18:38:25.178140,$GPGSV,10,,42
2026-05-25T18:38:25.178140,$GPGSV,12,,15
2026-05-25T18:38:25.178140,$GPGSV,18,,42
2026-05-25T18:38:25.178140,$GPGSV,23,,43
2026-05-25T18:38:25.178882,$GPGSV,24,,21
2026-05-25T18:38:25.178882,$GPGSV,25,,23
2026-05-25T18:38:25.178882,$GPGSV,28,,33
2026-05-25T18:38:25.178882,$GPGSV,32,,38
2026-05-25T18:38:25.179558,$GPGSV,41,,44
2026-05-25T18:38:25.179558,$GPGSV,42,,42
2026-05-25T18:38:25.179558,$GPGSV,50,,41
2026-05-25T18:38:25.180250,$GPGSV,10,,36
2026-05-25T18:38:25.180250,$GPGSV,18,,37
2026-05-25T18:38:25.180250,$GPGSV,23,,32
2026-05-25T18:38:25.180250,$GPGSV,24,,14
2026-05-25T18:38:25.180816,$GPGSV,25,,17
2026-05-25T18:38:25.180816,$GPGSV,28,,31
2026-05-25T18:38:25.180816,$GPGSV,32,,34
2026-05-25T18:38:25.182476,$GLGSV,65,,20
2026-05-25T18:38:25.182476,$GLGSV,66,,39
2026-05-25T18:38:25.182476,$GLGSV,75,,20
2026-05-25T18:38:25.182476,$GLGSV,76,,25
2026-05-25T18:38:25.183021,$GLGSV,77,,10
2026-05-25T18:38:25.183021,$GLGSV,81,,40
2026-05-25T18:38:25.183021,$GLGSV,88,,41
2026-05-25T18:38:25.183683,$GLGSV,66,,36
2026-05-25T18:38:25.183683,$GLGSV,75,,20
2026-05-25T18:38:25.183683,$GLGSV,76,,22
2026-05-25T18:38:25.183683,$GLGSV,81,,43
2026-05-25T18:38:25.184039,$GLGSV,88,,39
2026-05-25T18:38:25.185792,$GAGSV,03,,16
2026-05-25T18:38:25.185792,$GAGSV,07,,32
2026-05-25T18:38:25.185792,$GAGSV,08,,41
2026-05-25T18:38:25.185792,$GAGSV,13,,42
2026-05-25T18:38:25.186454,$GAGSV,15,,43
2026-05-25T18:38:25.186454,$GAGSV,32,,40
2026-05-25T18:38:25.187095,$GAGSV,07,,37
2026-05-25T18:38:25.187095,$GAGSV,08,,41
2026-05-25T18:38:25.187095,$GAGSV,13,,42
2026-05-25T18:38:25.187095,$GAGSV,15,,43
2026-05-25T18:38:25.187449,$GAGSV,32,,41
2026-05-25T18:38:25.189025,$GBGSV,06,,38
2026-05-25T18:38:25.189025,$GBGSV,07,,43
2026-05-25T18:38:25.189025,$GBGSV,09,,41
2026-05-25T18:38:25.189025,$GBGSV,10,,43
2026-05-25T18:38:25.189619,$GBGSV,24,,24
2026-05-25T18:38:25.189619,$GBGSV,25,,43
2026-05-25T18:38:25.189619,$GBGSV,28,,38
2026-05-25T18:38:25.189619,$GBGSV,33,,37
2026-05-25T18:38:25.190043,$GBGSV,09,,39
2026-05-25T18:38:25.190043,$GBGSV,10,,40
2026-05-25T18:38:26.179930,$GPGSV,10,,41
2026-05-25T18:38:26.179930,$GPGSV,12,,18
2026-05-25T18:38:26.179930,$GPGSV,18,,42
2026-05-25T18:38:26.179930,$GPGSV,23,,42
2026-05-25T18:38:26.180710,$GPGSV,24,,20
2026-05-25T18:38:26.180710,$GPGSV,28,,30
2026-05-25T18:38:26.180710,$GPGSV,32,,41
2026-05-25T18:38:26.180710,$GPGSV,41,,45
2026-05-25T18:38:26.181257,$GPGSV,42,,42
2026-05-25T18:38:26.181257,$GPGSV,50,,41
2026-05-25T18:38:26.182015,$GPGSV,10,,36
2026-05-25T18:38:26.182015,$GPGSV,18,,38
2026-05-25T18:38:26.182015,$GPGSV,23,,37
2026-05-25T18:38:26.182015,$GPGSV,24,,15
2026-05-25T18:38:26.182668,$GPGSV,25,,18
2026-05-25T18:38:26.182668,$GPGSV,28,,30
2026-05-25T18:38:26.182668,$GPGSV,32,,34
2026-05-25T18:38:26.184530,$GLGSV,65,,19
2026-05-25T18:38:26.184530,$GLGSV,66,,39
2026-05-25T18:38:26.184530,$GLGSV,75,,20
2026-05-25T18:38:26.184530,$GLGSV,76,,25
2026-05-25T18:38:26.185177,$GLGSV,77,,11
2026-05-25T18:38:26.185177,$GLGSV,81,,39
2026-05-25T18:38:26.185177,$GLGSV,88,,43
2026-05-25T18:38:26.185943,$GLGSV,66,,38
2026-05-25T18:38:26.185943,$GLGSV,75,,21
2026-05-25T18:38:26.185943,$GLGSV,76,,21
2026-05-25T18:38:26.185943,$GLGSV,81,,44
2026-05-25T18:38:26.186376,$GLGSV,88,,39
2026-05-25T18:38:26.187713,$GAGSV,03,,17
2026-05-25T18:38:26.187713,$GAGSV,07,,37
2026-05-25T18:38:26.187713,$GAGSV,08,,40
2026-05-25T18:38:26.187713,$GAGSV,13,,41
2026-05-25T18:38:26.188253,$GAGSV,15,,41
2026-05-25T18:38:26.188253,$GAGSV,32,,39
2026-05-25T18:38:26.189004,$GAGSV,07,,37
2026-05-25T18:38:26.189004,$GAGSV,08,,41
2026-05-25T18:38:26.189004,$GAGSV,13,,42
2026-05-25T18:38:26.189004,$GAGSV,15,,42
2026-05-25T18:38:26.189419,$GAGSV,32,,37
2026-05-25T18:38:26.191107,$GBGSV,06,,36
2026-05-25T18:38:26.191107,$GBGSV,07,,43
2026-05-25T18:38:26.191107,$GBGSV,09,,42
2026-05-25T18:38:26.191107,$GBGSV,10,,43
2026-05-25T18:38:26.191823,$GBGSV,24,,22
2026-05-25T18:38:26.191823,$GBGSV,25,,45
2026-05-25T18:38:26.191823,$GBGSV,28,,36
2026-05-25T18:38:26.191823,$GBGSV,33,,37
2026-05-25T18:38:26.192324,$GBGSV,09,,36
2026-05-25T18:38:26.192324,$GBGSV,10,,39
2026-05-25T18:38:27.179686,$GPGSV,10,,41
2026-05-25T18:38:27.179686,$GPGSV,12,,19
2026-05-25T18:38:27.179686,$GPGSV,18,,42
2026-05-25T18:38:27.179686,$GPGSV,23,,41
2026-05-25T18:38:27.180426,$GPGSV,24,,21
2026-05-25T18:38:27.180426,$GPGSV,28,,26
2026-05-25T18:38:27.180426,$GPGSV,32,,41
2026-05-25T18:38:27.180426,$GPGSV,41,,43
2026-05-25T18:38:27.180950,$GPGSV,42,,42
2026-05-25T18:38:27.180950,$GPGSV,50,,39
2026-05-25T18:38:27.181677,$GPGSV,10,,33
2026-05-25T18:38:27.181677,$GPGSV,18,,39
2026-05-25T18:38:27.181677,$GPGSV,23,,38
2026-05-25T18:38:27.181677,$GPGSV,24,,15
2026-05-25T18:38:27.182294,$GPGSV,25,,19
2026-05-25T18:38:27.182294,$GPGSV,28,,25
2026-05-25T18:38:27.182294,$GPGSV,32,,31
2026-05-25T18:38:27.184173,$GLGSV,65,,16
2026-05-25T18:38:27.184173,$GLGSV,66,,39
2026-05-25T18:38:27.184173,$GLGSV,75,,22
2026-05-25T18:38:27.184173,$GLGSV,76,,24
2026-05-25T18:38:27.184790,$GLGSV,77,,15
2026-05-25T18:38:27.184790,$GLGSV,81,,39
2026-05-25T18:38:27.184790,$GLGSV,88,,42
2026-05-25T18:38:27.185505,$GLGSV,66,,36
2026-05-25T18:38:27.185505,$GLGSV,75,,20
2026-05-25T18:38:27.185505,$GLGSV,76,,22
2026-05-25T18:38:27.185505,$GLGSV,81,,38
2026-05-25T18:38:27.185918,$GLGSV,88,,39
2026-05-25T18:38:27.187149,$GAGSV,03,,19
2026-05-25T18:38:27.187149,$GAGSV,07,,39
2026-05-25T18:38:27.187149,$GAGSV,08,,41
2026-05-25T18:38:27.187149,$GAGSV,13,,40
2026-05-25T18:38:27.187654,$GAGSV,15,,42
2026-05-25T18:38:27.187654,$GAGSV,32,,38
2026-05-25T18:38:27.188350,$GAGSV,07,,41
2026-05-25T18:38:27.188350,$GAGSV,08,,44
2026-05-25T18:38:27.188350,$GAGSV,13,,43
2026-05-25T18:38:27.188350,$GAGSV,15,,43
2026-05-25T18:38:27.188749,$GAGSV,32,,39
2026-05-25T18:38:27.190405,$GBGSV,06,,40
2026-05-25T18:38:27.190405,$GBGSV,07,,44
2026-05-25T18:38:27.190405,$GBGSV,09,,40
2026-05-25T18:38:27.190405,$GBGSV,10,,44
2026-05-25T18:38:27.191128,$GBGSV,24,,22
2026-05-25T18:38:27.191128,$GBGSV,25,,43
2026-05-25T18:38:27.191128,$GBGSV,28,,38
2026-05-25T18:38:27.191128,$GBGSV,33,,37
2026-05-25T18:38:27.191638,$GBGSV,09,,36
2026-05-25T18:38:27.191638,$GBGSV,10,,39
2026-05-25T18:38:28.173357,$GPGSV,10,,43
2026-05-25T18:38:28.173357,$GPGSV,12,,18
2026-05-25T18:38:28.173357,$GPGSV,18,,42
2026-05-25T18:38:28.173357,$GPGSV,23,,42
2026-05-25T18:38:28.174115,$GPGSV,24,,21
2026-05-25T18:38:28.174115,$GPGSV,28,,26
2026-05-25T18:38:28.174115,$GPGSV,32,,35
2026-05-25T18:38:28.174115,$GPGSV,41,,43
2026-05-25T18:38:28.174641,$GPGSV,42,,43
2026-05-25T18:38:28.174641,$GPGSV,50,,41
2026-05-25T18:38:28.175383,$GPGSV,10,,34
2026-05-25T18:38:28.175383,$GPGSV,18,,39
2026-05-25T18:38:28.175383,$GPGSV,23,,37
2026-05-25T18:38:28.175383,$GPGSV,24,,16
2026-05-25T18:38:28.176004,$GPGSV,25,,18
2026-05-25T18:38:28.176004,$GPGSV,28,,23
2026-05-25T18:38:28.176004,$GPGSV,32,,34
2026-05-25T18:38:28.177852,$GLGSV,65,,19
2026-05-25T18:38:28.177852,$GLGSV,66,,39
2026-05-25T18:38:28.177852,$GLGSV,75,,20
2026-05-25T18:38:28.177852,$GLGSV,76,,24
2026-05-25T18:38:28.178481,$GLGSV,77,,15
2026-05-25T18:38:28.178481,$GLGSV,81,,37
2026-05-25T18:38:28.178481,$GLGSV,88,,43
2026-05-25T18:38:28.179234,$GLGSV,66,,35
2026-05-25T18:38:28.179234,$GLGSV,75,,27
2026-05-25T18:38:28.179234,$GLGSV,76,,24
2026-05-25T18:38:28.179234,$GLGSV,81,,37
2026-05-25T18:38:28.179640,$GLGSV,88,,36
2026-05-25T18:38:28.180861,$GAGSV,03,,18
2026-05-25T18:38:28.180861,$GAGSV,07,,35
2026-05-25T18:38:28.180861,$GAGSV,08,,39
2026-05-25T18:38:28.180861,$GAGSV,13,,40
2026-05-25T18:38:28.181358,$GAGSV,15,,42
2026-05-25T18:38:28.181358,$GAGSV,32,,36
2026-05-25T18:38:28.182052,$GAGSV,03,,22
2026-05-25T18:38:28.182052,$GAGSV,07,,38
2026-05-25T18:38:28.182052,$GAGSV,08,,41
2026-05-25T18:38:28.182052,$GAGSV,13,,43
2026-05-25T18:38:28.182552,$GAGSV,15,,42
2026-05-25T18:38:28.182552,$GAGSV,32,,40
2026-05-25T18:38:28.184240,$GBGSV,06,,42
2026-05-25T18:38:28.184240,$GBGSV,07,,44
2026-05-25T18:38:28.184240,$GBGSV,09,,40
2026-05-25T18:38:28.184240,$GBGSV,10,,43
2026-05-25T18:38:28.184930,$GBGSV,24,,23
2026-05-25T18:38:28.184930,$GBGSV,25,,41
2026-05-25T18:38:28.184930,$GBGSV,28,,42
2026-05-25T18:38:28.184930,$GBGSV,33,,42
2026-05-25T18:38:28.185432,$GBGSV,09,,38
2026-05-25T18:38:28.185432,$GBGSV,10,,40
2026-05-25T18:38:29.181545,$GPGSV,10,,43
2026-05-25T18:38:29.181545,$GPGSV,12,,19
2026-05-25T18:38:29.181545,$GPGSV,18,,43
2026-05-25T18:38:29.181545,$GPGSV,23,,36
2026-05-25T18:38:29.182318,$GPGSV,24,,22
2026-05-25T18:38:29.182318,$GPGSV,25,,25
2026-05-25T18:38:29.182318,$GPGSV,28,,27
2026-05-25T18:38:29.182318,$GPGSV,32,,38
2026-05-25T18:38:29.182962,$GPGSV,41,,44
2026-05-25T18:38:29.182962,$GPGSV,42,,43
2026-05-25T18:38:29.182962,$GPGSV,50,,37
2026-05-25T18:38:29.183719,$GPGSV,10,,35
2026-05-25T18:38:29.183719,$GPGSV,18,,39
2026-05-25T18:38:29.183719,$GPGSV,23,,38
2026-05-25T18:38:29.183719,$GPGSV,24,,17
2026-05-25T18:38:29.184343,$GPGSV,25,,16
2026-05-25T18:38:29.184343,$GPGSV,28,,23
2026-05-25T18:38:29.184343,$GPGSV,32,,31
2026-05-25T18:38:29.186168,$GLGSV,65,,21
2026-05-25T18:38:29.186168,$GLGSV,66,,40
2026-05-25T18:38:29.186168,$GLGSV,75,,22
2026-05-25T18:38:29.186168,$GLGSV,76,,25
2026-05-25T18:38:29.186792,$GLGSV,77,,15
2026-05-25T18:38:29.186792,$GLGSV,81,,36
2026-05-25T18:38:29.186792,$GLGSV,88,,43
2026-05-25T18:38:29.187534,$GLGSV,66,,38
2026-05-25T18:38:29.187534,$GLGSV,75,,21
2026-05-25T18:38:29.187534,$GLGSV,76,,25
2026-05-25T18:38:29.187534,$GLGSV,81,,34
2026-05-25T18:38:29.187952,$GLGSV,88,,40
2026-05-25T18:38:29.189218,$GAGSV,03,,17
2026-05-25T18:38:29.189218,$GAGSV,07,,39
2026-05-25T18:38:29.189218,$GAGSV,08,,41
2026-05-25T18:38:29.189218,$GAGSV,13,,39
2026-05-25T18:38:29.189731,$GAGSV,15,,42
2026-05-25T18:38:29.189731,$GAGSV,32,,38
2026-05-25T18:38:29.190440,$GAGSV,03,,21
2026-05-25T18:38:29.190440,$GAGSV,07,,39
2026-05-25T18:38:29.190440,$GAGSV,08,,42
2026-05-25T18:38:29.190440,$GAGSV,13,,42
2026-05-25T18:38:29.190948,$GAGSV,15,,41
2026-05-25T18:38:29.190948,$GAGSV,32,,41
2026-05-25T18:38:29.192634,$GBGSV,06,,40
2026-05-25T18:38:29.192634,$GBGSV,07,,45
2026-05-25T18:38:29.192634,$GBGSV,09,,41
2026-05-25T18:38:29.192634,$GBGSV,10,,44
2026-05-25T18:38:29.193317,$GBGSV,24,,23
2026-05-25T18:38:29.193317,$GBGSV,25,,43
2026-05-25T18:38:29.193317,$GBGSV,28,,38
2026-05-25T18:38:29.193317,$GBGSV,33,,43
2026-05-25T18:38:29.193811,$GBGSV,09,,38
2026-05-25T18:38:29.193811,$GBGSV,10,,40
2026-05-25T18:38:30.182973,$GPGSV,10,,43
2026-05-25T18:38:30.182973,$GPGSV,12,,20
2026-05-25T18:38:30.182973,$GPGSV,18,,42
2026-05-25T18:38:30.182973,$GPGSV,23,,44
2026-05-25T18:38:30.183814,$GPGSV,24,,21
2026-05-25T18:38:30.183814,$GPGSV,28,,32
2026-05-25T18:38:30.183814,$GPGSV,32,,37
2026-05-25T18:38:30.183814,$GPGSV,41,,44
2026-05-25T18:38:30.184391,$GPGSV,42,,43
2026-05-25T18:38:30.184391,$GPGSV,50,,41
2026-05-25T18:38:30.185197,$GPGSV,10,,35
2026-05-25T18:38:30.185197,$GPGSV,18,,39
2026-05-25T18:38:30.185197,$GPGSV,23,,38
2026-05-25T18:38:30.185197,$GPGSV,24,,17
2026-05-25T18:38:30.185869,$GPGSV,25,,14
2026-05-25T18:38:30.185869,$GPGSV,28,,22
2026-05-25T18:38:30.185869,$GPGSV,32,,32
2026-05-25T18:38:30.187778,$GLGSV,65,,21
2026-05-25T18:38:30.187778,$GLGSV,66,,36
2026-05-25T18:38:30.187778,$GLGSV,75,,21
2026-05-25T18:38:30.187778,$GLGSV,76,,27
2026-05-25T18:38:30.188416,$GLGSV,77,,14
2026-05-25T18:38:30.188416,$GLGSV,81,,35
2026-05-25T18:38:30.188416,$GLGSV,88,,44
2026-05-25T18:38:30.189138,$GLGSV,66,,38
2026-05-25T18:38:30.189138,$GLGSV,75,,20
2026-05-25T18:38:30.189138,$GLGSV,76,,25
2026-05-25T18:38:30.189138,$GLGSV,81,,37
2026-05-25T18:38:30.189554,$GLGSV,88,,40
2026-05-25T18:38:30.190830,$GAGSV,03,,18
2026-05-25T18:38:30.190830,$GAGSV,07,,37
2026-05-25T18:38:30.190830,$GAGSV,08,,39
2026-05-25T18:38:30.190830,$GAGSV,13,,40
2026-05-25T18:38:30.191407,$GAGSV,15,,41
2026-05-25T18:38:30.191407,$GAGSV,32,,40
2026-05-25T18:38:30.192126,$GAGSV,07,,39
2026-05-25T18:38:30.192126,$GAGSV,08,,41
2026-05-25T18:38:30.192126,$GAGSV,13,,43
2026-05-25T18:38:30.192126,$GAGSV,15,,42
2026-05-25T18:38:30.192542,$GAGSV,32,,42
2026-05-25T18:38:30.194269,$GBGSV,06,,40
2026-05-25T18:38:30.194269,$GBGSV,07,,44
2026-05-25T18:38:30.194269,$GBGSV,09,,40
2026-05-25T18:38:30.194269,$GBGSV,10,,43
2026-05-25T18:38:30.194954,$GBGSV,24,,24
2026-05-25T18:38:30.194954,$GBGSV,25,,44
2026-05-25T18:38:30.194954,$GBGSV,28,,40
2026-05-25T18:38:30.194954,$GBGSV,33,,44
2026-05-25T18:38:30.195468,$GBGSV,09,,34
2026-05-25T18:38:30.195468,$GBGSV,10,,39
2026-05-25T18:38:31.181445,$GPGSV,10,,44
2026-05-25T18:38:31.181445,$GPGSV,12,,20
2026-05-25T18:38:31.181445,$GPGSV,18,,40
2026-05-25T18:38:31.181445,$GPGSV,23,,45
2026-05-25T18:38:31.182184,$GPGSV,24,,21
2026-05-25T18:38:31.182184,$GPGSV,28,,31
2026-05-25T18:38:31.182184,$GPGSV,32,,41
2026-05-25T18:38:31.182184,$GPGSV,41,,45
2026-05-25T18:38:31.182708,$GPGSV,42,,43
2026-05-25T18:38:31.182708,$GPGSV,50,,39
2026-05-25T18:38:31.183437,$GPGSV,10,,35
2026-05-25T18:38:31.183437,$GPGSV,18,,39
2026-05-25T18:38:31.183437,$GPGSV,23,,40
2026-05-25T18:38:31.183437,$GPGSV,24,,17
2026-05-25T18:38:31.184063,$GPGSV,25,,13
2026-05-25T18:38:31.184063,$GPGSV,28,,24
2026-05-25T18:38:31.184063,$GPGSV,32,,34
2026-05-25T18:38:31.185891,$GLGSV,65,,19
2026-05-25T18:38:31.185891,$GLGSV,66,,39
2026-05-25T18:38:31.185891,$GLGSV,75,,23
2026-05-25T18:38:31.185891,$GLGSV,76,,26
2026-05-25T18:38:31.186519,$GLGSV,77,,12
2026-05-25T18:38:31.186519,$GLGSV,81,,40
2026-05-25T18:38:31.186519,$GLGSV,88,,43
2026-05-25T18:38:31.187239,$GLGSV,66,,37
2026-05-25T18:38:31.187239,$GLGSV,75,,20
2026-05-25T18:38:31.187239,$GLGSV,76,,24
2026-05-25T18:38:31.187239,$GLGSV,81,,37
2026-05-25T18:38:31.187640,$GLGSV,88,,40
2026-05-25T18:38:31.188851,$GAGSV,03,,15
2026-05-25T18:38:31.188851,$GAGSV,07,,35
2026-05-25T18:38:31.188851,$GAGSV,08,,39
2026-05-25T18:38:31.188851,$GAGSV,13,,38
2026-05-25T18:38:31.189384,$GAGSV,15,,42
2026-05-25T18:38:31.189384,$GAGSV,32,,40
2026-05-25T18:38:31.190107,$GAGSV,07,,42
2026-05-25T18:38:31.190107,$GAGSV,08,,42
2026-05-25T18:38:31.190107,$GAGSV,13,,43
2026-05-25T18:38:31.190107,$GAGSV,15,,43
2026-05-25T18:38:31.190529,$GAGSV,32,,39
2026-05-25T18:38:31.192289,$GBGSV,06,,40
2026-05-25T18:38:31.192289,$GBGSV,07,,42
2026-05-25T18:38:31.192289,$GBGSV,09,,41
2026-05-25T18:38:31.192289,$GBGSV,10,,44
2026-05-25T18:38:31.193008,$GBGSV,24,,25
2026-05-25T18:38:31.193008,$GBGSV,25,,42
2026-05-25T18:38:31.193008,$GBGSV,28,,32
2026-05-25T18:38:31.193008,$GBGSV,33,,42
2026-05-25T18:38:31.193528,$GBGSV,09,,37
2026-05-25T18:38:31.193528,$GBGSV,10,,40
2026-05-25T18:38:32.181631,$GPGSV,10,,43
2026-05-25T18:38:32.181631,$GPGSV,12,,20
2026-05-25T18:38:32.181631,$GPGSV,18,,43
2026-05-25T18:38:32.181631,$GPGSV,23,,42
2026-05-25T18:38:32.182405,$GPGSV,24,,22
2026-05-25T18:38:32.182405,$GPGSV,28,,30
2026-05-25T18:38:32.182405,$GPGSV,32,,41
2026-05-25T18:38:32.182405,$GPGSV,41,,44
2026-05-25T18:38:32.182950,$GPGSV,42,,44
2026-05-25T18:38:32.182950,$GPGSV,50,,39
2026-05-25T18:38:32.183739,$GPGSV,10,,32
2026-05-25T18:38:32.183739,$GPGSV,18,,40
2026-05-25T18:38:32.183739,$GPGSV,23,,36
2026-05-25T18:38:32.183739,$GPGSV,24,,16
2026-05-25T18:38:32.184390,$GPGSV,25,,14
2026-05-25T18:38:32.184390,$GPGSV,28,,24
2026-05-25T18:38:32.184390,$GPGSV,32,,34
2026-05-25T18:38:32.186310,$GLGSV,65,,18
2026-05-25T18:38:32.186310,$GLGSV,66,,39
2026-05-25T18:38:32.186310,$GLGSV,75,,23
2026-05-25T18:38:32.186310,$GLGSV,76,,31
2026-05-25T18:38:32.186953,$GLGSV,77,,14
2026-05-25T18:38:32.186953,$GLGSV,81,,41
2026-05-25T18:38:32.186953,$GLGSV,88,,41
2026-05-25T18:38:32.187722,$GLGSV,66,,34
2026-05-25T18:38:32.187722,$GLGSV,75,,23
2026-05-25T18:38:32.187722,$GLGSV,76,,31
2026-05-25T18:38:32.187722,$GLGSV,81,,40
2026-05-25T18:38:32.188149,$GLGSV,88,,39
2026-05-25T18:38:32.189410,$GAGSV,03,,15
2026-05-25T18:38:32.189410,$GAGSV,07,,38
2026-05-25T18:38:32.189410,$GAGSV,08,,38
2026-05-25T18:38:32.189410,$GAGSV,13,,38
2026-05-25T18:38:32.189927,$GAGSV,15,,41
2026-05-25T18:38:32.189927,$GAGSV,32,,39
2026-05-25T18:38:32.190639,$GAGSV,07,,37
2026-05-25T18:38:32.190639,$GAGSV,08,,42
2026-05-25T18:38:32.190639,$GAGSV,13,,42
2026-05-25T18:38:32.190639,$GAGSV,15,,42
2026-05-25T18:38:32.191117,$GAGSV,32,,39
2026-05-25T18:38:32.192841,$GBGSV,06,,42
2026-05-25T18:38:32.192841,$GBGSV,07,,45
2026-05-25T18:38:32.192841,$GBGSV,09,,41
2026-05-25T18:38:32.192841,$GBGSV,10,,43
2026-05-25T18:38:32.193554,$GBGSV,24,,24
2026-05-25T18:38:32.193554,$GBGSV,25,,43
2026-05-25T18:38:32.193554,$GBGSV,28,,38
2026-05-25T18:38:32.193554,$GBGSV,33,,41
2026-05-25T18:38:32.194068,$GBGSV,09,,37
2026-05-25T18:38:32.194068,$GBGSV,10,,40
2026-05-25T18:38:33.182452,$GPGSV,10,,43
2026-05-25T18:38:33.182452,$GPGSV,12,,19
2026-05-25T18:38:33.182452,$GPGSV,18,,43
2026-05-25T18:38:33.182452,$GPGSV,23,,42
2026-05-25T18:38:33.183791,$GPGSV,24,,23
2026-05-25T18:38:33.183791,$GPGSV,25,,25
2026-05-25T18:38:33.183791,$GPGSV,28,,30
2026-05-25T18:38:33.183791,$GPGSV,32,,42
2026-05-25T18:38:33.184882,$GPGSV,41,,40
2026-05-25T18:38:33.184882,$GPGSV,42,,43
2026-05-25T18:38:33.184882,$GPGSV,50,,41
2026-05-25T18:38:33.186154,$GPGSV,10,,36
2026-05-25T18:38:33.186154,$GPGSV,18,,41
2026-05-25T18:38:33.186154,$GPGSV,23,,39
2026-05-25T18:38:33.186154,$GPGSV,24,,17
2026-05-25T18:38:33.187234,$GPGSV,25,,14
2026-05-25T18:38:33.187234,$GPGSV,28,,27
2026-05-25T18:38:33.187234,$GPGSV,32,,37
2026-05-25T18:38:33.190293,$GLGSV,65,,18
2026-05-25T18:38:33.190293,$GLGSV,66,,39
2026-05-25T18:38:33.190293,$GLGSV,75,,23
2026-05-25T18:38:33.190293,$GLGSV,76,,28
2026-05-25T18:38:33.191350,$GLGSV,77,,18
2026-05-25T18:38:33.191350,$GLGSV,81,,40
2026-05-25T18:38:33.191350,$GLGSV,88,,39
2026-05-25T18:38:33.192561,$GLGSV,66,,37
2026-05-25T18:38:33.192561,$GLGSV,75,,23
2026-05-25T18:38:33.192561,$GLGSV,76,,32
2026-05-25T18:38:33.192561,$GLGSV,81,,37
2026-05-25T18:38:33.193217,$GLGSV,88,,40
2026-05-25T18:38:33.195348,$GAGSV,03,,14
2026-05-25T18:38:33.195348,$GAGSV,07,,37
2026-05-25T18:38:33.195348,$GAGSV,08,,38
2026-05-25T18:38:33.195348,$GAGSV,13,,38
2026-05-25T18:38:33.196190,$GAGSV,15,,40
2026-05-25T18:38:33.196190,$GAGSV,32,,36
2026-05-25T18:38:33.197388,$GAGSV,07,,34
2026-05-25T18:38:33.197388,$GAGSV,08,,42
2026-05-25T18:38:33.197388,$GAGSV,13,,42
2026-05-25T18:38:33.197388,$GAGSV,15,,42
2026-05-25T18:38:33.197891,$GAGSV,32,,40
2026-05-25T18:38:33.199622,$GBGSV,06,,44
2026-05-25T18:38:33.199622,$GBGSV,07,,45
2026-05-25T18:38:33.199622,$GBGSV,09,,41
2026-05-25T18:38:33.199622,$GBGSV,10,,43
2026-05-25T18:38:33.200196,$GBGSV,25,,44
2026-05-25T18:38:33.200196,$GBGSV,28,,43
2026-05-25T18:38:33.200196,$GBGSV,33,,41
2026-05-25T18:38:33.200762,$GBGSV,09,,36
2026-05-25T18:38:33.200762,$GBGSV,10,,39
2026-05-25T18:38:33.200762,$GBGSV,25,,13
2026-05-25T18:38:34.181838,$GPGSV,10,,42
2026-05-25T18:38:34.181838,$GPGSV,12,,18
2026-05-25T18:38:34.181838,$GPGSV,18,,42
2026-05-25T18:38:34.181838,$GPGSV,23,,41
2026-05-25T18:38:34.182588,$GPGSV,24,,23
2026-05-25T18:38:34.182588,$GPGSV,25,,22
2026-05-25T18:38:34.182588,$GPGSV,28,,30
2026-05-25T18:38:34.182588,$GPGSV,32,,40
2026-05-25T18:38:34.183207,$GPGSV,41,,40
2026-05-25T18:38:34.183207,$GPGSV,42,,43
2026-05-25T18:38:34.183207,$GPGSV,50,,38
2026-05-25T18:38:34.183906,$GPGSV,10,,36
2026-05-25T18:38:34.183906,$GPGSV,18,,40
2026-05-25T18:38:34.183906,$GPGSV,23,,36
2026-05-25T18:38:34.183906,$GPGSV,24,,17
2026-05-25T18:38:34.184513,$GPGSV,25,,15
2026-05-25T18:38:34.184513,$GPGSV,28,,28
2026-05-25T18:38:34.184513,$GPGSV,32,,37
2026-05-25T18:38:34.186280,$GLGSV,65,,18
2026-05-25T18:38:34.186280,$GLGSV,66,,37
2026-05-25T18:38:34.186280,$GLGSV,75,,21
2026-05-25T18:38:34.186280,$GLGSV,76,,28
2026-05-25T18:38:34.186876,$GLGSV,77,,20
2026-05-25T18:38:34.186876,$GLGSV,81,,40
2026-05-25T18:38:34.186876,$GLGSV,88,,40
2026-05-25T18:38:34.187592,$GLGSV,66,,34
2026-05-25T18:38:34.187592,$GLGSV,75,,23
2026-05-25T18:38:34.187592,$GLGSV,76,,26
2026-05-25T18:38:34.187592,$GLGSV,81,,39
2026-05-25T18:38:34.187988,$GLGSV,88,,39
2026-05-25T18:38:34.189215,$GAGSV,03,,15
2026-05-25T18:38:34.189215,$GAGSV,07,,31
2026-05-25T18:38:34.189215,$GAGSV,08,,39
2026-05-25T18:38:34.189215,$GAGSV,13,,39
2026-05-25T18:38:34.189706,$GAGSV,15,,40
2026-05-25T18:38:34.189706,$GAGSV,32,,36
2026-05-25T18:38:34.190391,$GAGSV,07,,31
2026-05-25T18:38:34.190391,$GAGSV,08,,42
2026-05-25T18:38:34.190391,$GAGSV,13,,41
2026-05-25T18:38:34.190391,$GAGSV,15,,42
2026-05-25T18:38:34.190786,$GAGSV,32,,41
2026-05-25T18:38:34.192612,$GBGSV,06,,41
2026-05-25T18:38:34.192612,$GBGSV,07,,43
2026-05-25T18:38:34.192612,$GBGSV,09,,40
2026-05-25T18:38:34.192612,$GBGSV,10,,44
2026-05-25T18:38:34.193210,$GBGSV,25,,44
2026-05-25T18:38:34.193210,$GBGSV,28,,44
2026-05-25T18:38:34.193210,$GBGSV,33,,42
2026-05-25T18:38:34.193800,$GBGSV,09,,33
2026-05-25T18:38:34.193800,$GBGSV,10,,38
2026-05-25T18:38:34.193800,$GBGSV,25,,11
2026-05-25T18:38:35.189012,$GPGSV,10,,43
2026-05-25T18:38:35.189012,$GPGSV,12,,17
2026-05-25T18:38:35.189012,$GPGSV,18,,42
2026-05-25T18:38:35.189012,$GPGSV,23,,41
2026-05-25T18:38:35.189755,$GPGSV,24,,23
2026-05-25T18:38:35.189755,$GPGSV,25,,22
2026-05-25T18:38:35.189755,$GPGSV,28,,30
2026-05-25T18:38:35.189755,$GPGSV,32,,37
2026-05-25T18:38:35.190385,$GPGSV,41,,42
2026-05-25T18:38:35.190385,$GPGSV,42,,44
2026-05-25T18:38:35.190385,$GPGSV,50,,40
2026-05-25T18:38:35.191110,$GPGSV,10,,32
2026-05-25T18:38:35.191110,$GPGSV,18,,40
2026-05-25T18:38:35.191110,$GPGSV,23,,36
2026-05-25T18:38:35.191110,$GPGSV,24,,18
2026-05-25T18:38:35.191729,$GPGSV,25,,14
2026-05-25T18:38:35.191729,$GPGSV,28,,33
2026-05-25T18:38:35.191729,$GPGSV,32,,37
2026-05-25T18:38:35.193557,$GLGSV,65,,20
2026-05-25T18:38:35.193557,$GLGSV,66,,37
2026-05-25T18:38:35.193557,$GLGSV,75,,22
2026-05-25T18:38:35.193557,$GLGSV,76,,27
2026-05-25T18:38:35.194146,$GLGSV,77,,18
2026-05-25T18:38:35.194146,$GLGSV,81,,43
2026-05-25T18:38:35.194146,$GLGSV,88,,41
2026-05-25T18:38:35.194836,$GLGSV,66,,34
2026-05-25T18:38:35.194836,$GLGSV,75,,21
2026-05-25T18:38:35.194836,$GLGSV,76,,25
2026-05-25T18:38:35.194836,$GLGSV,81,,41
2026-05-25T18:38:35.195262,$GLGSV,88,,41
2026-05-25T18:38:35.196483,$GAGSV,03,,16
2026-05-25T18:38:35.196483,$GAGSV,07,,30
2026-05-25T18:38:35.196483,$GAGSV,08,,38
2026-05-25T18:38:35.196483,$GAGSV,13,,39
2026-05-25T18:38:35.196975,$GAGSV,15,,41
2026-05-25T18:38:35.196975,$GAGSV,32,,37
2026-05-25T18:38:35.197665,$GAGSV,07,,36
2026-05-25T18:38:35.197665,$GAGSV,08,,42
2026-05-25T18:38:35.197665,$GAGSV,13,,42
2026-05-25T18:38:35.197665,$GAGSV,15,,42
2026-05-25T18:38:35.198061,$GAGSV,32,,41
2026-05-25T18:38:35.199750,$GBGSV,06,,38
2026-05-25T18:38:35.199750,$GBGSV,07,,43
2026-05-25T18:38:35.199750,$GBGSV,09,,41
2026-05-25T18:38:35.199750,$GBGSV,10,,44
2026-05-25T18:38:35.200347,$GBGSV,25,,43
2026-05-25T18:38:35.200347,$GBGSV,28,,44
2026-05-25T18:38:35.200347,$GBGSV,33,,41
2026-05-25T18:38:35.200946,$GBGSV,09,,36
2026-05-25T18:38:35.200946,$GBGSV,10,,38
2026-05-25T18:38:35.200946,$GBGSV,25,,09
2026-05-25T18:38:36.179761,$GPGSV,10,,42
2026-05-25T18:38:36.179761,$GPGSV,12,,19
2026-05-25T18:38:36.179761,$GPGSV,18,,43
2026-05-25T18:38:36.179761,$GPGSV,23,,41
2026-05-25T18:38:36.180569,$GPGSV,24,,21
2026-05-25T18:38:36.180569,$GPGSV,28,,37
2026-05-25T18:38:36.180569,$GPGSV,32,,41
2026-05-25T18:38:36.180569,$GPGSV,41,,44
2026-05-25T18:38:36.181147,$GPGSV,42,,44
2026-05-25T18:38:36.181147,$GPGSV,50,,36
2026-05-25T18:38:36.181613,$GPGSV,12,,16
2026-05-25T18:38:36.182403,$GPGSV,10,,33
2026-05-25T18:38:36.182403,$GPGSV,18,,39
2026-05-25T18:38:36.182403,$GPGSV,23,,37
2026-05-25T18:38:36.182403,$GPGSV,24,,19
2026-05-25T18:38:36.183047,$GPGSV,25,,15
2026-05-25T18:38:36.183047,$GPGSV,28,,30
2026-05-25T18:38:36.183047,$GPGSV,32,,36
2026-05-25T18:38:36.184926,$GLGSV,65,,21
2026-05-25T18:38:36.184926,$GLGSV,66,,38
2026-05-25T18:38:36.184926,$GLGSV,75,,23
2026-05-25T18:38:36.184926,$GLGSV,76,,31
2026-05-25T18:38:36.185540,$GLGSV,77,,16
2026-05-25T18:38:36.185540,$GLGSV,81,,44
2026-05-25T18:38:36.185540,$GLGSV,88,,41
2026-05-25T18:38:36.186266,$GLGSV,66,,35
2026-05-25T18:38:36.186266,$GLGSV,75,,21
2026-05-25T18:38:36.186266,$GLGSV,76,,26
2026-05-25T18:38:36.186266,$GLGSV,81,,41
2026-05-25T18:38:36.186676,$GLGSV,88,,41
2026-05-25T18:38:36.187983,$GAGSV,03,,17
2026-05-25T18:38:36.187983,$GAGSV,07,,37
2026-05-25T18:38:36.187983,$GAGSV,08,,41
2026-05-25T18:38:36.187983,$GAGSV,13,,39
2026-05-25T18:38:36.188504,$GAGSV,15,,42
2026-05-25T18:38:36.188504,$GAGSV,32,,38
2026-05-25T18:38:36.189244,$GAGSV,07,,39
2026-05-25T18:38:36.189244,$GAGSV,08,,42
2026-05-25T18:38:36.189244,$GAGSV,13,,42
2026-05-25T18:38:36.189244,$GAGSV,15,,43
2026-05-25T18:38:36.189662,$GAGSV,32,,41
2026-05-25T18:38:36.191413,$GBGSV,06,,39
2026-05-25T18:38:36.191413,$GBGSV,07,,43
2026-05-25T18:38:36.191413,$GBGSV,09,,40
2026-05-25T18:38:36.191413,$GBGSV,10,,44
2026-05-25T18:38:36.192018,$GBGSV,25,,43
2026-05-25T18:38:36.192018,$GBGSV,28,,45
2026-05-25T18:38:36.192018,$GBGSV,33,,42
2026-05-25T18:38:36.192718,$GBGSV,09,,36
2026-05-25T18:38:36.192718,$GBGSV,10,,39
2026-05-25T18:38:36.192718,$GBGSV,25,,08
2026-05-25T18:38:37.175736,$GPGSV,10,,42
2026-05-25T18:38:37.175736,$GPGSV,12,,20
2026-05-25T18:38:37.175736,$GPGSV,18,,43
2026-05-25T18:38:37.175736,$GPGSV,23,,42
2026-05-25T18:38:37.179602,$GPGSV,24,,22
2026-05-25T18:38:37.179602,$GPGSV,28,,38
2026-05-25T18:38:37.179602,$GPGSV,32,,41
2026-05-25T18:38:37.179602,$GPGSV,41,,43
2026-05-25T18:38:37.181299,$GPGSV,42,,43
2026-05-25T18:38:37.181299,$GPGSV,50,,41
2026-05-25T18:38:37.183626,$GPGSV,10,,34
2026-05-25T18:38:37.183626,$GPGSV,12,,15
2026-05-25T18:38:37.183626,$GPGSV,18,,39
2026-05-25T18:38:37.183626,$GPGSV,23,,39
2026-05-25T18:38:37.185882,$GPGSV,24,,20
2026-05-25T18:38:37.185882,$GPGSV,25,,13
2026-05-25T18:38:37.185882,$GPGSV,28,,31
2026-05-25T18:38:37.185882,$GPGSV,32,,30
2026-05-25T18:38:37.188847,$GLGSV,65,,22
2026-05-25T18:38:37.188847,$GLGSV,66,,36
2026-05-25T18:38:37.188847,$GLGSV,75,,24
2026-05-25T18:38:37.188847,$GLGSV,76,,31
2026-05-25T18:38:37.189463,$GLGSV,77,,15
2026-05-25T18:38:37.189463,$GLGSV,81,,40
2026-05-25T18:38:37.189463,$GLGSV,88,,42
2026-05-25T18:38:37.190183,$GLGSV,66,,35
2026-05-25T18:38:37.190183,$GLGSV,75,,20
2026-05-25T18:38:37.190183,$GLGSV,76,,26
2026-05-25T18:38:37.190183,$GLGSV,81,,38
2026-05-25T18:38:37.190609,$GLGSV,88,,39
2026-05-25T18:38:37.192046,$GAGSV,03,,16
2026-05-25T18:38:37.192046,$GAGSV,07,,37
2026-05-25T18:38:37.192046,$GAGSV,08,,38
2026-05-25T18:38:37.192046,$GAGSV,13,,39
2026-05-25T18:38:37.192573,$GAGSV,15,,41
2026-05-25T18:38:37.192573,$GAGSV,32,,40
2026-05-25T18:38:37.193373,$GAGSV,07,,36
2026-05-25T18:38:37.193373,$GAGSV,08,,41
2026-05-25T18:38:37.193373,$GAGSV,13,,42
2026-05-25T18:38:37.193373,$GAGSV,15,,44
2026-05-25T18:38:37.193794,$GAGSV,32,,38
2026-05-25T18:38:37.195578,$GBGSV,06,,44
2026-05-25T18:38:37.195578,$GBGSV,07,,42
2026-05-25T18:38:37.195578,$GBGSV,09,,39
2026-05-25T18:38:37.195578,$GBGSV,10,,44
2026-05-25T18:38:37.196294,$GBGSV,24,,22
2026-05-25T18:38:37.196294,$GBGSV,25,,44
2026-05-25T18:38:37.196294,$GBGSV,28,,44
2026-05-25T18:38:37.196294,$GBGSV,33,,42
2026-05-25T18:38:37.196904,$GBGSV,09,,35
2026-05-25T18:38:37.196904,$GBGSV,10,,38
2026-05-25T18:38:37.196904,$GBGSV,25,,08
2026-05-25T18:38:38.182798,$GPGSV,10,,42
2026-05-25T18:38:38.182798,$GPGSV,12,,20
2026-05-25T18:38:38.182798,$GPGSV,18,,43
2026-05-25T18:38:38.182798,$GPGSV,23,,41
2026-05-25T18:38:38.183671,$GPGSV,24,,23
2026-05-25T18:38:38.183671,$GPGSV,28,,38
2026-05-25T18:38:38.183671,$GPGSV,32,,40
2026-05-25T18:38:38.183671,$GPGSV,41,,44
2026-05-25T18:38:38.184243,$GPGSV,42,,44
2026-05-25T18:38:38.184243,$GPGSV,50,,38
2026-05-25T18:38:38.185005,$GPGSV,10,,34
2026-05-25T18:38:38.185005,$GPGSV,12,,12
2026-05-25T18:38:38.185005,$GPGSV,18,,39
2026-05-25T18:38:38.185005,$GPGSV,23,,38
2026-05-25T18:38:38.185756,$GPGSV,24,,20
2026-05-25T18:38:38.185756,$GPGSV,25,,11
2026-05-25T18:38:38.185756,$GPGSV,28,,35
2026-05-25T18:38:38.185756,$GPGSV,32,,36
2026-05-25T18:38:38.187659,$GLGSV,65,,20
2026-05-25T18:38:38.187659,$GLGSV,66,,38
2026-05-25T18:38:38.187659,$GLGSV,75,,24
2026-05-25T18:38:38.187659,$GLGSV,76,,24
2026-05-25T18:38:38.188305,$GLGSV,77,,15
2026-05-25T18:38:38.188305,$GLGSV,81,,42
2026-05-25T18:38:38.188305,$GLGSV,88,,45
2026-05-25T18:38:38.189051,$GLGSV,66,,36
2026-05-25T18:38:38.189051,$GLGSV,75,,29
2026-05-25T18:38:38.189051,$GLGSV,76,,26
2026-05-25T18:38:38.189051,$GLGSV,81,,36
2026-05-25T18:38:38.189492,$GLGSV,88,,42
2026-05-25T18:38:38.190800,$GAGSV,03,,14
2026-05-25T18:38:38.190800,$GAGSV,07,,36
2026-05-25T18:38:38.190800,$GAGSV,08,,38
2026-05-25T18:38:38.190800,$GAGSV,13,,39
2026-05-25T18:38:38.191367,$GAGSV,15,,41
2026-05-25T18:38:38.191367,$GAGSV,32,,39
2026-05-25T18:38:38.192109,$GAGSV,07,,39
2026-05-25T18:38:38.192109,$GAGSV,08,,42
2026-05-25T18:38:38.192109,$GAGSV,13,,42
2026-05-25T18:38:38.192109,$GAGSV,15,,42
2026-05-25T18:38:38.192562,$GAGSV,32,,41
2026-05-25T18:38:38.194295,$GBGSV,06,,42
2026-05-25T18:38:38.194295,$GBGSV,07,,42
2026-05-25T18:38:38.194295,$GBGSV,09,,41
2026-05-25T18:38:38.194295,$GBGSV,10,,43
2026-05-25T18:38:38.195004,$GBGSV,24,,29
2026-05-25T18:38:38.195004,$GBGSV,25,,41
2026-05-25T18:38:38.195004,$GBGSV,28,,44
2026-05-25T18:38:38.195004,$GBGSV,33,,42
2026-05-25T18:38:38.195640,$GBGSV,09,,35
2026-05-25T18:38:38.195640,$GBGSV,10,,38
2026-05-25T18:38:38.195640,$GBGSV,25,,08
2026-05-25T18:38:39.182233,$GPGSV,10,,39
2026-05-25T18:38:39.182233,$GPGSV,12,,21
2026-05-25T18:38:39.182233,$GPGSV,18,,43
2026-05-25T18:38:39.182233,$GPGSV,23,,43
2026-05-25T18:38:39.183004,$GPGSV,24,,24
2026-05-25T18:38:39.183004,$GPGSV,28,,38
2026-05-25T18:38:39.183004,$GPGSV,32,,39
2026-05-25T18:38:39.183004,$GPGSV,41,,44
2026-05-25T18:38:39.183582,$GPGSV,42,,42
2026-05-25T18:38:39.183582,$GPGSV,50,,40
2026-05-25T18:38:39.184346,$GPGSV,10,,34
2026-05-25T18:38:39.184346,$GPGSV,12,,11
2026-05-25T18:38:39.184346,$GPGSV,18,,39
2026-05-25T18:38:39.184346,$GPGSV,23,,37
2026-05-25T18:38:39.185097,$GPGSV,24,,20
2026-05-25T18:38:39.185097,$GPGSV,25,,11
2026-05-25T18:38:39.185097,$GPGSV,28,,31
2026-05-25T18:38:39.185097,$GPGSV,32,,30
2026-05-25T18:38:39.186981,$GLGSV,65,,22
2026-05-25T18:38:39.186981,$GLGSV,66,,36
2026-05-25T18:38:39.186981,$GLGSV,75,,25
2026-05-25T18:38:39.186981,$GLGSV,76,,26
2026-05-25T18:38:39.187622,$GLGSV,77,,17
2026-05-25T18:38:39.187622,$GLGSV,81,,37
2026-05-25T18:38:39.187622,$GLGSV,88,,45
2026-05-25T18:38:39.188337,$GLGSV,66,,36
2026-05-25T18:38:39.188337,$GLGSV,75,,27
2026-05-25T18:38:39.188337,$GLGSV,76,,25
2026-05-25T18:38:39.188337,$GLGSV,81,,39
2026-05-25T18:38:39.188757,$GLGSV,88,,41
2026-05-25T18:38:39.190017,$GAGSV,03,,12
2026-05-25T18:38:39.190017,$GAGSV,07,,38
2026-05-25T18:38:39.190017,$GAGSV,08,,39
2026-05-25T18:38:39.190017,$GAGSV,13,,40
2026-05-25T18:38:39.190538,$GAGSV,15,,41
2026-05-25T18:38:39.190538,$GAGSV,32,,37
2026-05-25T18:38:39.191277,$GAGSV,07,,36
2026-05-25T18:38:39.191277,$GAGSV,08,,40
2026-05-25T18:38:39.191277,$GAGSV,13,,41
2026-05-25T18:38:39.191277,$GAGSV,15,,42
2026-05-25T18:38:39.191699,$GAGSV,32,,39
2026-05-25T18:38:39.193432,$GBGSV,06,,42
2026-05-25T18:38:39.193432,$GBGSV,07,,42
2026-05-25T18:38:39.193432,$GBGSV,09,,41
2026-05-25T18:38:39.193432,$GBGSV,10,,44
2026-05-25T18:38:39.194151,$GBGSV,24,,22
2026-05-25T18:38:39.194151,$GBGSV,25,,43
2026-05-25T18:38:39.194151,$GBGSV,28,,44
2026-05-25T18:38:39.194151,$GBGSV,33,,43
2026-05-25T18:38:39.194885,$GBGSV,09,,36
2026-05-25T18:38:39.194885,$GBGSV,10,,38
2026-05-25T18:38:39.194885,$GBGSV,25,,09
2026-05-25T18:38:40.179847,$GPGSV,10,,41
2026-05-25T18:38:40.179847,$GPGSV,12,,20
2026-05-25T18:38:40.179847,$GPGSV,18,,43
2026-05-25T18:38:40.179847,$GPGSV,23,,41
2026-05-25T18:38:40.180623,$GPGSV,24,,22
2026-05-25T18:38:40.180623,$GPGSV,28,,37
2026-05-25T18:38:40.180623,$GPGSV,32,,41
2026-05-25T18:38:40.180623,$GPGSV,41,,44
2026-05-25T18:38:40.181146,$GPGSV,42,,44
2026-05-25T18:38:40.181146,$GPGSV,50,,40
2026-05-25T18:38:40.181862,$GPGSV,10,,34
2026-05-25T18:38:40.181862,$GPGSV,12,,13
2026-05-25T18:38:40.181862,$GPGSV,18,,39
2026-05-25T18:38:40.181862,$GPGSV,23,,37
2026-05-25T18:38:40.182579,$GPGSV,24,,18
2026-05-25T18:38:40.182579,$GPGSV,25,,10
2026-05-25T18:38:40.182579,$GPGSV,28,,34
2026-05-25T18:38:40.182579,$GPGSV,32,,32
2026-05-25T18:38:40.184443,$GLGSV,65,,20
2026-05-25T18:38:40.184443,$GLGSV,66,,36
2026-05-25T18:38:40.184443,$GLGSV,75,,25
2026-05-25T18:38:40.184443,$GLGSV,76,,27
2026-05-25T18:38:40.185062,$GLGSV,77,,15
2026-05-25T18:38:40.185062,$GLGSV,81,,39
2026-05-25T18:38:40.185062,$GLGSV,88,,44
2026-05-25T18:38:40.185775,$GLGSV,66,,34
2026-05-25T18:38:40.185775,$GLGSV,75,,26
2026-05-25T18:38:40.185775,$GLGSV,76,,23
2026-05-25T18:38:40.185775,$GLGSV,81,,41
2026-05-25T18:38:40.186194,$GLGSV,88,,41
2026-05-25T18:38:40.187545,$GAGSV,03,,09
2026-05-25T18:38:40.187545,$GAGSV,07,,38
2026-05-25T18:38:40.187545,$GAGSV,08,,39
2026-05-25T18:38:40.187545,$GAGSV,13,,41
2026-05-25T18:38:40.188069,$GAGSV,15,,42
2026-05-25T18:38:40.188069,$GAGSV,32,,38
2026-05-25T18:38:40.188778,$GAGSV,03,,22
2026-05-25T18:38:40.188778,$GAGSV,07,,37
2026-05-25T18:38:40.188778,$GAGSV,08,,40
2026-05-25T18:38:40.188778,$GAGSV,13,,42
2026-05-25T18:38:40.189298,$GAGSV,15,,42
2026-05-25T18:38:40.189298,$GAGSV,32,,39
2026-05-25T18:38:40.191027,$GBGSV,06,,44
2026-05-25T18:38:40.191027,$GBGSV,07,,45
2026-05-25T18:38:40.191027,$GBGSV,09,,41
2026-05-25T18:38:40.191027,$GBGSV,10,,44
2026-05-25T18:38:40.191774,$GBGSV,24,,30
2026-05-25T18:38:40.191774,$GBGSV,25,,44
2026-05-25T18:38:40.191774,$GBGSV,28,,42
2026-05-25T18:38:40.191774,$GBGSV,33,,43
2026-05-25T18:38:40.192481,$GBGSV,09,,36
2026-05-25T18:38:40.192481,$GBGSV,10,,39
2026-05-25T18:38:40.192481,$GBGSV,25,,08
2026-05-25T18:38:41.180677,$GPGSV,10,,41
2026-05-25T18:38:41.180677,$GPGSV,12,,21
2026-05-25T18:38:41.180677,$GPGSV,18,,44
2026-05-25T18:38:41.180677,$GPGSV,23,,42
2026-05-25T18:38:41.181412,$GPGSV,24,,20
2026-05-25T18:38:41.181412,$GPGSV,28,,33
2026-05-25T18:38:41.181412,$GPGSV,32,,41
2026-05-25T18:38:41.181412,$GPGSV,41,,44
2026-05-25T18:38:41.181934,$GPGSV,42,,44
2026-05-25T18:38:41.181934,$GPGSV,50,,39
2026-05-25T18:38:41.182643,$GPGSV,10,,34
2026-05-25T18:38:41.182643,$GPGSV,12,,13
2026-05-25T18:38:41.182643,$GPGSV,18,,39
2026-05-25T18:38:41.182643,$GPGSV,23,,37
2026-05-25T18:38:41.183463,$GPGSV,24,,17
2026-05-25T18:38:41.183463,$GPGSV,25,,08
2026-05-25T18:38:41.183463,$GPGSV,28,,34
2026-05-25T18:38:41.183463,$GPGSV,32,,32
2026-05-25T18:38:41.185287,$GLGSV,65,,19
2026-05-25T18:38:41.185287,$GLGSV,66,,36
2026-05-25T18:38:41.185287,$GLGSV,75,,23
2026-05-25T18:38:41.185287,$GLGSV,76,,27
2026-05-25T18:38:41.185906,$GLGSV,77,,15
2026-05-25T18:38:41.185906,$GLGSV,81,,41
2026-05-25T18:38:41.185906,$GLGSV,88,,44
2026-05-25T18:38:41.186615,$GLGSV,66,,33
2026-05-25T18:38:41.186615,$GLGSV,75,,27
2026-05-25T18:38:41.186615,$GLGSV,76,,24
2026-05-25T18:38:41.186615,$GLGSV,81,,39
2026-05-25T18:38:41.187032,$GLGSV,88,,42
2026-05-25T18:38:41.188315,$GAGSV,03,,11
2026-05-25T18:38:41.188315,$GAGSV,07,,37
2026-05-25T18:38:41.188315,$GAGSV,08,,40
2026-05-25T18:38:41.188315,$GAGSV,13,,41
2026-05-25T18:38:41.188833,$GAGSV,15,,42
2026-05-25T18:38:41.188833,$GAGSV,32,,38
2026-05-25T18:38:41.189541,$GAGSV,03,,19
2026-05-25T18:38:41.189541,$GAGSV,07,,38
2026-05-25T18:38:41.189541,$GAGSV,08,,40
2026-05-25T18:38:41.189541,$GAGSV,13,,42
2026-05-25T18:38:41.190056,$GAGSV,15,,42
2026-05-25T18:38:41.190056,$GAGSV,32,,39
2026-05-25T18:38:41.191817,$GBGSV,06,,42
2026-05-25T18:38:41.191817,$GBGSV,07,,43
2026-05-25T18:38:41.191817,$GBGSV,09,,39
2026-05-25T18:38:41.191817,$GBGSV,10,,45
2026-05-25T18:38:41.192514,$GBGSV,24,,26
2026-05-25T18:38:41.192514,$GBGSV,25,,47
2026-05-25T18:38:41.192514,$GBGSV,28,,42
2026-05-25T18:38:41.192514,$GBGSV,33,,44
2026-05-25T18:38:41.193230,$GBGSV,09,,36
2026-05-25T18:38:41.193230,$GBGSV,10,,40
2026-05-25T18:38:41.193230,$GBGSV,25,,07
2026-05-25T18:38:42.181232,$GPGSV,10,,42
2026-05-25T18:38:42.181232,$GPGSV,12,,21
2026-05-25T18:38:42.181232,$GPGSV,18,,42
2026-05-25T18:38:42.181232,$GPGSV,23,,43
2026-05-25T18:38:42.182001,$GPGSV,24,,21
2026-05-25T18:38:42.182001,$GPGSV,28,,40
2026-05-25T18:38:42.182001,$GPGSV,32,,31
2026-05-25T18:38:42.182001,$GPGSV,41,,44
2026-05-25T18:38:42.182554,$GPGSV,42,,43
2026-05-25T18:38:42.182554,$GPGSV,50,,39
2026-05-25T18:38:42.183366,$GPGSV,10,,35
2026-05-25T18:38:42.183366,$GPGSV,12,,12
2026-05-25T18:38:42.183366,$GPGSV,18,,38
2026-05-25T18:38:42.183366,$GPGSV,23,,39
2026-05-25T18:38:42.184099,$GPGSV,24,,14
2026-05-25T18:38:42.184099,$GPGSV,25,,08
2026-05-25T18:38:42.184099,$GPGSV,28,,39
2026-05-25T18:38:42.184099,$GPGSV,32,,32
2026-05-25T18:38:42.185913,$GLGSV,65,,18
2026-05-25T18:38:42.185913,$GLGSV,66,,36
2026-05-25T18:38:42.185913,$GLGSV,75,,24
2026-05-25T18:38:42.185913,$GLGSV,76,,31
2026-05-25T18:38:42.186535,$GLGSV,77,,17
2026-05-25T18:38:42.186535,$GLGSV,81,,42
2026-05-25T18:38:42.186535,$GLGSV,88,,44
2026-05-25T18:38:42.187245,$GLGSV,66,,33
2026-05-25T18:38:42.187245,$GLGSV,75,,26
2026-05-25T18:38:42.187245,$GLGSV,76,,24
2026-05-25T18:38:42.187245,$GLGSV,81,,39
2026-05-25T18:38:42.187640,$GLGSV,88,,42
2026-05-25T18:38:42.188856,$GAGSV,03,,10
2026-05-25T18:38:42.188856,$GAGSV,07,,37
2026-05-25T18:38:42.188856,$GAGSV,08,,40
2026-05-25T18:38:42.188856,$GAGSV,13,,41
2026-05-25T18:38:42.189348,$GAGSV,15,,42
2026-05-25T18:38:42.189348,$GAGSV,32,,35
2026-05-25T18:38:42.190027,$GAGSV,03,,17
2026-05-25T18:38:42.190027,$GAGSV,07,,38
2026-05-25T18:38:42.190027,$GAGSV,08,,40
2026-05-25T18:38:42.190027,$GAGSV,13,,42
2026-05-25T18:38:42.190520,$GAGSV,15,,41
2026-05-25T18:38:42.190520,$GAGSV,32,,39
2026-05-25T18:38:42.192201,$GBGSV,06,,42
2026-05-25T18:38:42.192201,$GBGSV,07,,43
2026-05-25T18:38:42.192201,$GBGSV,09,,41
2026-05-25T18:38:42.192201,$GBGSV,10,,43
2026-05-25T18:38:42.192907,$GBGSV,24,,25
2026-05-25T18:38:42.192907,$GBGSV,25,,44
2026-05-25T18:38:42.192907,$GBGSV,28,,43
2026-05-25T18:38:42.192907,$GBGSV,33,,43
2026-05-25T18:38:42.193500,$GBGSV,09,,36
2026-05-25T18:38:42.193500,$GBGSV,10,,37
2026-05-25T18:38:42.193500,$GBGSV,25,,08
2026-05-25T18:38:43.180242,$GPGSV,10,,40
2026-05-25T18:38:43.180242,$GPGSV,12,,20
2026-05-25T18:38:43.180242,$GPGSV,18,,42
2026-05-25T18:38:43.180242,$GPGSV,23,,41
2026-05-25T18:38:43.180979,$GPGSV,24,,22
2026-05-25T18:38:43.180979,$GPGSV,28,,41
2026-05-25T18:38:43.180979,$GPGSV,32,,26
2026-05-25T18:38:43.180979,$GPGSV,41,,45
2026-05-25T18:38:43.181498,$GPGSV,42,,44
2026-05-25T18:38:43.181498,$GPGSV,50,,40
2026-05-25T18:38:43.182219,$GPGSV,10,,34
2026-05-25T18:38:43.182219,$GPGSV,12,,11
2026-05-25T18:38:43.182219,$GPGSV,18,,41
2026-05-25T18:38:43.182219,$GPGSV,23,,39
2026-05-25T18:38:43.182928,$GPGSV,24,,15
2026-05-25T18:38:43.182928,$GPGSV,28,,34
2026-05-25T18:38:43.182928,$GPGSV,32,,28
2026-05-25T18:38:43.185135,$GLGSV,65,,19
2026-05-25T18:38:43.185135,$GLGSV,66,,35
2026-05-25T18:38:43.185135,$GLGSV,75,,25
2026-05-25T18:38:43.185135,$GLGSV,76,,25
2026-05-25T18:38:43.185846,$GLGSV,77,,16
2026-05-25T18:38:43.185846,$GLGSV,81,,38
2026-05-25T18:38:43.185846,$GLGSV,88,,44
2026-05-25T18:38:43.186663,$GLGSV,66,,32
2026-05-25T18:38:43.186663,$GLGSV,75,,24
2026-05-25T18:38:43.186663,$GLGSV,76,,25
2026-05-25T18:38:43.186663,$GLGSV,81,,36
2026-05-25T18:38:43.187146,$GLGSV,88,,42
2026-05-25T18:38:43.188700,$GAGSV,03,,08
2026-05-25T18:38:43.188700,$GAGSV,07,,37
2026-05-25T18:38:43.188700,$GAGSV,08,,39
2026-05-25T18:38:43.188700,$GAGSV,13,,41
2026-05-25T18:38:43.189304,$GAGSV,15,,40
2026-05-25T18:38:43.189304,$GAGSV,32,,38
2026-05-25T18:38:43.190124,$GAGSV,03,,16
2026-05-25T18:38:43.190124,$GAGSV,07,,36
2026-05-25T18:38:43.190124,$GAGSV,08,,41
2026-05-25T18:38:43.190124,$GAGSV,13,,41
2026-05-25T18:38:43.190734,$GAGSV,15,,42
2026-05-25T18:38:43.190734,$GAGSV,32,,40
2026-05-25T18:38:43.193441,$GBGSV,06,,43
2026-05-25T18:38:43.193441,$GBGSV,07,,44
2026-05-25T18:38:43.193441,$GBGSV,09,,42
2026-05-25T18:38:43.193441,$GBGSV,10,,44
2026-05-25T18:38:43.194744,$GBGSV,24,,23
2026-05-25T18:38:43.194744,$GBGSV,25,,45
2026-05-25T18:38:43.194744,$GBGSV,28,,38
2026-05-25T18:38:43.194744,$GBGSV,33,,43
2026-05-25T18:38:43.195522,$GBGSV,09,,36
2026-05-25T18:38:43.195522,$GBGSV,10,,39
2026-05-25T18:38:43.195522,$GBGSV,25,,07
2026-05-25T18:38:44.189414,$GPGSV,10,,40
2026-05-25T18:38:44.189414,$GPGSV,12,,20
2026-05-25T18:38:44.189414,$GPGSV,18,,43
2026-05-25T18:38:44.189414,$GPGSV,23,,42
2026-05-25T18:38:44.191894,$GPGSV,24,,23
2026-05-25T18:38:44.191894,$GPGSV,28,,37
2026-05-25T18:38:44.191894,$GPGSV,32,,31
2026-05-25T18:38:44.191894,$GPGSV,41,,44
2026-05-25T18:38:44.193516,$GPGSV,42,,44
2026-05-25T18:38:44.193516,$GPGSV,50,,36
2026-05-25T18:38:44.195775,$GPGSV,10,,33
2026-05-25T18:38:44.195775,$GPGSV,12,,09
2026-05-25T18:38:44.195775,$GPGSV,18,,40
2026-05-25T18:38:44.195775,$GPGSV,23,,38
2026-05-25T18:38:44.196881,$GPGSV,24,,16
2026-05-25T18:38:44.196881,$GPGSV,28,,37
2026-05-25T18:38:44.196881,$GPGSV,32,,29
2026-05-25T18:38:44.198852,$GLGSV,65,,19
2026-05-25T18:38:44.198852,$GLGSV,66,,35
2026-05-25T18:38:44.198852,$GLGSV,75,,25
2026-05-25T18:38:44.198852,$GLGSV,76,,30
2026-05-25T18:38:44.199460,$GLGSV,77,,16
2026-05-25T18:38:44.199460,$GLGSV,81,,34
2026-05-25T18:38:44.199460,$GLGSV,88,,46
2026-05-25T18:38:44.200133,$GLGSV,66,,36
2026-05-25T18:38:44.200133,$GLGSV,75,,23
2026-05-25T18:38:44.200133,$GLGSV,76,,23
2026-05-25T18:38:44.200133,$GLGSV,81,,33
2026-05-25T18:38:44.200517,$GLGSV,88,,42
2026-05-25T18:38:44.202070,$GAGSV,03,,07
2026-05-25T18:38:44.202070,$GAGSV,07,,38
2026-05-25T18:38:44.202070,$GAGSV,08,,41
2026-05-25T18:38:44.202070,$GAGSV,13,,41
2026-05-25T18:38:44.202769,$GAGSV,15,,43
2026-05-25T18:38:44.202769,$GAGSV,32,,36
2026-05-25T18:38:44.203587,$GAGSV,03,,16
2026-05-25T18:38:44.203587,$GAGSV,07,,37
2026-05-25T18:38:44.203587,$GAGSV,08,,42
2026-05-25T18:38:44.203587,$GAGSV,13,,41
2026-05-25T18:38:44.204056,$GAGSV,15,,42
2026-05-25T18:38:44.204056,$GAGSV,32,,40
2026-05-25T18:38:44.205602,$GBGSV,06,,42
2026-05-25T18:38:44.205602,$GBGSV,07,,44
2026-05-25T18:38:44.205602,$GBGSV,09,,39
2026-05-25T18:38:44.205602,$GBGSV,10,,43
2026-05-25T18:38:44.206250,$GBGSV,24,,23
2026-05-25T18:38:44.206250,$GBGSV,25,,44
2026-05-25T18:38:44.206250,$GBGSV,28,,42
2026-05-25T18:38:44.206250,$GBGSV,33,,42
2026-05-25T18:38:44.206850,$GBGSV,09,,36
2026-05-25T18:38:44.206850,$GBGSV,10,,38
2026-05-25T18:38:45.179219,$GPGSV,10,,41
2026-05-25T18:38:45.179219,$GPGSV,18,,43
2026-05-25T18:38:45.179219,$GPGSV,23,,42
2026-05-25T18:38:45.179219,$GPGSV,24,,24
2026-05-25T18:38:45.179974,$GPGSV,28,,40
2026-05-25T18:38:45.179974,$GPGSV,32,,35
2026-05-25T18:38:45.179974,$GPGSV,41,,43
2026-05-25T18:38:45.179974,$GPGSV,42,,42
2026-05-25T18:38:45.180392,$GPGSV,50,,38
2026-05-25T18:38:45.181101,$GPGSV,10,,34
2026-05-25T18:38:45.181101,$GPGSV,12,,11
2026-05-25T18:38:45.181101,$GPGSV,18,,39
2026-05-25T18:38:45.181101,$GPGSV,23,,39
2026-05-25T18:38:45.181710,$GPGSV,24,,18
2026-05-25T18:38:45.181710,$GPGSV,28,,31
2026-05-25T18:38:45.181710,$GPGSV,32,,29
2026-05-25T18:38:45.183632,$GLGSV,65,,20
2026-05-25T18:38:45.183632,$GLGSV,66,,38
2026-05-25T18:38:45.183632,$GLGSV,75,,24
2026-05-25T18:38:45.183632,$GLGSV,76,,34
2026-05-25T18:38:45.184247,$GLGSV,77,,18
2026-05-25T18:38:45.184247,$GLGSV,81,,38
2026-05-25T18:38:45.184247,$GLGSV,88,,46
2026-05-25T18:38:45.184964,$GLGSV,66,,36
2026-05-25T18:38:45.184964,$GLGSV,75,,22
2026-05-25T18:38:45.184964,$GLGSV,76,,30
2026-05-25T18:38:45.184964,$GLGSV,81,,40
2026-05-25T18:38:45.185393,$GLGSV,88,,41
2026-05-25T18:38:45.186692,$GAGSV,03,,08
2026-05-25T18:38:45.186692,$GAGSV,07,,36
2026-05-25T18:38:45.186692,$GAGSV,08,,40
2026-05-25T18:38:45.186692,$GAGSV,13,,39
2026-05-25T18:38:45.187210,$GAGSV,15,,41
2026-05-25T18:38:45.187210,$GAGSV,32,,36
2026-05-25T18:38:45.187906,$GAGSV,07,,37
2026-05-25T18:38:45.187906,$GAGSV,08,,41
2026-05-25T18:38:45.187906,$GAGSV,13,,41
2026-05-25T18:38:45.187906,$GAGSV,15,,42
2026-05-25T18:38:45.188303,$GAGSV,32,,38
2026-05-25T18:38:45.190119,$GBGSV,06,,41
2026-05-25T18:38:45.190119,$GBGSV,07,,44
2026-05-25T18:38:45.190119,$GBGSV,09,,41
2026-05-25T18:38:45.190119,$GBGSV,10,,41
2026-05-25T18:38:45.190816,$GBGSV,24,,25
2026-05-25T18:38:45.190816,$GBGSV,25,,47
2026-05-25T18:38:45.190816,$GBGSV,28,,42
2026-05-25T18:38:45.190816,$GBGSV,33,,43
2026-05-25T18:38:45.191340,$GBGSV,09,,36
2026-05-25T18:38:45.191340,$GBGSV,10,,38
2026-05-25T18:38:46.177204,$GPGSV,10,,41
2026-05-25T18:38:46.177204,$GPGSV,12,,19
2026-05-25T18:38:46.177204,$GPGSV,18,,43
2026-05-25T18:38:46.177204,$GPGSV,23,,43
2026-05-25T18:38:46.177940,$GPGSV,24,,26
2026-05-25T18:38:46.177940,$GPGSV,25,,24
2026-05-25T18:38:46.177940,$GPGSV,28,,37
2026-05-25T18:38:46.177940,$GPGSV,32,,30
2026-05-25T18:38:46.178572,$GPGSV,41,,45
2026-05-25T18:38:46.178572,$GPGSV,42,,43
2026-05-25T18:38:46.178572,$GPGSV,50,,38
2026-05-25T18:38:46.178989,$GPGSV,25,,17
2026-05-25T18:38:46.179727,$GPGSV,10,,34
2026-05-25T18:38:46.179727,$GPGSV,12,,11
2026-05-25T18:38:46.179727,$GPGSV,18,,40
2026-05-25T18:38:46.179727,$GPGSV,23,,39
2026-05-25T18:38:46.180352,$GPGSV,24,,20
2026-05-25T18:38:46.180352,$GPGSV,28,,34
2026-05-25T18:38:46.180352,$GPGSV,32,,27
2026-05-25T18:38:46.182178,$GLGSV,65,,19
2026-05-25T18:38:46.182178,$GLGSV,66,,38
2026-05-25T18:38:46.182178,$GLGSV,75,,25
2026-05-25T18:38:46.182178,$GLGSV,76,,25
2026-05-25T18:38:46.182800,$GLGSV,77,,17
2026-05-25T18:38:46.182800,$GLGSV,81,,37
2026-05-25T18:38:46.182800,$GLGSV,88,,44
2026-05-25T18:38:46.183539,$GLGSV,66,,36
2026-05-25T18:38:46.183539,$GLGSV,75,,23
2026-05-25T18:38:46.183539,$GLGSV,76,,23
2026-05-25T18:38:46.183539,$GLGSV,81,,31
2026-05-25T18:38:46.184044,$GLGSV,88,,39
2026-05-25T18:38:46.185324,$GAGSV,03,,08
2026-05-25T18:38:46.185324,$GAGSV,07,,36
2026-05-25T18:38:46.185324,$GAGSV,08,,40
2026-05-25T18:38:46.185324,$GAGSV,13,,40
2026-05-25T18:38:46.185837,$GAGSV,15,,40
2026-05-25T18:38:46.185837,$GAGSV,32,,37
2026-05-25T18:38:46.186583,$GAGSV,07,,36
2026-05-25T18:38:46.186583,$GAGSV,08,,41
2026-05-25T18:38:46.186583,$GAGSV,13,,42
2026-05-25T18:38:46.186583,$GAGSV,15,,42
2026-05-25T18:38:46.187204,$GAGSV,32,,38
2026-05-25T18:38:46.188884,$GBGSV,06,,42
2026-05-25T18:38:46.188884,$GBGSV,07,,44
2026-05-25T18:38:46.188884,$GBGSV,09,,40
2026-05-25T18:38:46.188884,$GBGSV,10,,44
2026-05-25T18:38:46.189580,$GBGSV,24,,26
2026-05-25T18:38:46.189580,$GBGSV,25,,46
2026-05-25T18:38:46.189580,$GBGSV,28,,42
2026-05-25T18:38:46.189580,$GBGSV,33,,42
2026-05-25T18:38:46.190070,$GBGSV,09,,37
2026-05-25T18:38:46.190070,$GBGSV,10,,39
2026-05-25T18:38:47.180107,$GPGSV,10,,42
2026-05-25T18:38:47.180107,$GPGSV,12,,18
2026-05-25T18:38:47.180107,$GPGSV,18,,41
2026-05-25T18:38:47.180107,$GPGSV,23,,43
2026-05-25T18:38:47.180869,$GPGSV,24,,26
2026-05-25T18:38:47.180869,$GPGSV,25,,24
2026-05-25T18:38:47.180869,$GPGSV,28,,38
2026-05-25T18:38:47.180869,$GPGSV,32,,35
2026-05-25T18:38:47.181487,$GPGSV,41,,45
2026-05-25T18:38:47.181487,$GPGSV,42,,43
2026-05-25T18:38:47.181487,$GPGSV,50,,41
2026-05-25T18:38:47.182223,$GPGSV,10,,34
2026-05-25T18:38:47.182223,$GPGSV,12,,11
2026-05-25T18:38:47.182223,$GPGSV,18,,41
2026-05-25T18:38:47.182223,$GPGSV,23,,39
2026-05-25T18:38:47.182952,$GPGSV,24,,21
2026-05-25T18:38:47.182952,$GPGSV,25,,16
2026-05-25T18:38:47.182952,$GPGSV,28,,31
2026-05-25T18:38:47.182952,$GPGSV,32,,27
2026-05-25T18:38:47.184803,$GLGSV,65,,19
2026-05-25T18:38:47.184803,$GLGSV,66,,40
2026-05-25T18:38:47.184803,$GLGSV,75,,26
2026-05-25T18:38:47.184803,$GLGSV,76,,25
2026-05-25T18:38:47.185415,$GLGSV,77,,18
2026-05-25T18:38:47.185415,$GLGSV,81,,40
2026-05-25T18:38:47.185415,$GLGSV,88,,40
2026-05-25T18:38:47.186150,$GLGSV,66,,37
2026-05-25T18:38:47.186150,$GLGSV,75,,23
2026-05-25T18:38:47.186150,$GLGSV,76,,31
2026-05-25T18:38:47.186150,$GLGSV,81,,37
2026-05-25T18:38:47.186627,$GLGSV,88,,37
2026-05-25T18:38:47.187951,$GAGSV,03,,09
2026-05-25T18:38:47.187951,$GAGSV,07,,35
2026-05-25T18:38:47.187951,$GAGSV,08,,39
2026-05-25T18:38:47.187951,$GAGSV,13,,40
2026-05-25T18:38:47.188476,$GAGSV,15,,42
2026-05-25T18:38:47.188476,$GAGSV,32,,37
2026-05-25T18:38:47.189165,$GAGSV,07,,34
2026-05-25T18:38:47.189165,$GAGSV,08,,42
2026-05-25T18:38:47.189165,$GAGSV,13,,42
2026-05-25T18:38:47.189165,$GAGSV,15,,42
2026-05-25T18:38:47.189666,$GAGSV,32,,38
2026-05-25T18:38:47.191395,$GBGSV,06,,40
2026-05-25T18:38:47.191395,$GBGSV,07,,43
2026-05-25T18:38:47.191395,$GBGSV,09,,40
2026-05-25T18:38:47.191395,$GBGSV,10,,43
2026-05-25T18:38:47.192097,$GBGSV,24,,25
2026-05-25T18:38:47.192097,$GBGSV,25,,45
2026-05-25T18:38:47.192097,$GBGSV,28,,40
2026-05-25T18:38:47.192097,$GBGSV,33,,40
2026-05-25T18:38:47.192589,$GBGSV,09,,37
2026-05-25T18:38:47.192589,$GBGSV,10,,39
2026-05-25T18:38:48.184576,$GPGSV,10,,41
2026-05-25T18:38:48.184576,$GPGSV,12,,17
2026-05-25T18:38:48.184576,$GPGSV,18,,40
2026-05-25T18:38:48.184576,$GPGSV,23,,44
2026-05-25T18:38:48.185407,$GPGSV,24,,26
2026-05-25T18:38:48.185407,$GPGSV,28,,38
2026-05-25T18:38:48.185407,$GPGSV,32,,29
2026-05-25T18:38:48.185407,$GPGSV,41,,45
2026-05-25T18:38:48.185953,$GPGSV,42,,42
2026-05-25T18:38:48.185953,$GPGSV,50,,40
2026-05-25T18:38:48.186699,$GPGSV,10,,36
2026-05-25T18:38:48.186699,$GPGSV,12,,13
2026-05-25T18:38:48.186699,$GPGSV,18,,39
2026-05-25T18:38:48.186699,$GPGSV,23,,38
2026-05-25T18:38:48.187428,$GPGSV,24,,22
2026-05-25T18:38:48.187428,$GPGSV,25,,15
2026-05-25T18:38:48.187428,$GPGSV,28,,31
2026-05-25T18:38:48.187428,$GPGSV,32,,26
2026-05-25T18:38:48.189252,$GLGSV,65,,18
2026-05-25T18:38:48.189252,$GLGSV,66,,38
2026-05-25T18:38:48.189252,$GLGSV,75,,26
2026-05-25T18:38:48.189252,$GLGSV,76,,33
2026-05-25T18:38:48.189860,$GLGSV,77,,17
2026-05-25T18:38:48.189860,$GLGSV,81,,39
2026-05-25T18:38:48.189860,$GLGSV,88,,38
2026-05-25T18:38:48.190568,$GLGSV,66,,38
2026-05-25T18:38:48.190568,$GLGSV,75,,30
2026-05-25T18:38:48.190568,$GLGSV,76,,34
2026-05-25T18:38:48.190568,$GLGSV,81,,37
2026-05-25T18:38:48.190975,$GLGSV,88,,31
2026-05-25T18:38:48.192329,$GAGSV,03,,11
2026-05-25T18:38:48.192329,$GAGSV,07,,26
2026-05-25T18:38:48.192329,$GAGSV,08,,38
2026-05-25T18:38:48.192329,$GAGSV,13,,38
2026-05-25T18:38:48.192860,$GAGSV,15,,40
2026-05-25T18:38:48.192860,$GAGSV,32,,38
2026-05-25T18:38:48.193581,$GAGSV,07,,32
2026-05-25T18:38:48.193581,$GAGSV,08,,43
2026-05-25T18:38:48.193581,$GAGSV,13,,41
2026-05-25T18:38:48.193581,$GAGSV,15,,42
2026-05-25T18:38:48.193990,$GAGSV,32,,40
2026-05-25T18:38:48.195817,$GBGSV,06,,40
2026-05-25T18:38:48.195817,$GBGSV,07,,43
2026-05-25T18:38:48.195817,$GBGSV,09,,41
2026-05-25T18:38:48.195817,$GBGSV,10,,43
2026-05-25T18:38:48.196528,$GBGSV,24,,25
2026-05-25T18:38:48.196528,$GBGSV,25,,46
2026-05-25T18:38:48.196528,$GBGSV,28,,40
2026-05-25T18:38:48.196528,$GBGSV,33,,37
2026-05-25T18:38:48.197020,$GBGSV,09,,37
2026-05-25T18:38:48.197020,$GBGSV,10,,39
2026-05-25T18:38:49.181137,$GPGSV,10,,38
2026-05-25T18:38:49.181137,$GPGSV,12,,19
2026-05-25T18:38:49.181137,$GPGSV,18,,41
2026-05-25T18:38:49.181137,$GPGSV,23,,44
2026-05-25T18:38:49.181901,$GPGSV,24,,25
2026-05-25T18:38:49.181901,$GPGSV,28,,38
2026-05-25T18:38:49.181901,$GPGSV,32,,40
2026-05-25T18:38:49.181901,$GPGSV,41,,45
2026-05-25T18:38:49.182419,$GPGSV,42,,41
2026-05-25T18:38:49.182419,$GPGSV,50,,40
2026-05-25T18:38:49.183149,$GPGSV,10,,36
2026-05-25T18:38:49.183149,$GPGSV,12,,14
2026-05-25T18:38:49.183149,$GPGSV,18,,39
2026-05-25T18:38:49.183149,$GPGSV,23,,38
2026-05-25T18:38:49.183875,$GPGSV,24,,22
2026-05-25T18:38:49.183875,$GPGSV,25,,16
2026-05-25T18:38:49.183875,$GPGSV,28,,32
2026-05-25T18:38:49.183875,$GPGSV,32,,26
2026-05-25T18:38:49.185702,$GLGSV,65,,20
2026-05-25T18:38:49.185702,$GLGSV,66,,36
2026-05-25T18:38:49.185702,$GLGSV,75,,25
2026-05-25T18:38:49.185702,$GLGSV,76,,38
2026-05-25T18:38:49.186315,$GLGSV,77,,17
2026-05-25T18:38:49.186315,$GLGSV,81,,39
2026-05-25T18:38:49.186315,$GLGSV,88,,32
2026-05-25T18:38:49.187025,$GLGSV,66,,35
2026-05-25T18:38:49.187025,$GLGSV,75,,34
2026-05-25T18:38:49.187025,$GLGSV,76,,33
2026-05-25T18:38:49.187025,$GLGSV,81,,34
2026-05-25T18:38:49.187450,$GLGSV,88,,32
2026-05-25T18:38:49.188792,$GAGSV,03,,12
2026-05-25T18:38:49.188792,$GAGSV,07,,33
2026-05-25T18:38:49.188792,$GAGSV,08,,39
2026-05-25T18:38:49.188792,$GAGSV,13,,38
2026-05-25T18:38:49.189330,$GAGSV,15,,41
2026-05-25T18:38:49.189330,$GAGSV,32,,38
2026-05-25T18:38:49.190013,$GAGSV,07,,35
2026-05-25T18:38:49.190013,$GAGSV,08,,43
2026-05-25T18:38:49.190013,$GAGSV,13,,40
2026-05-25T18:38:49.190013,$GAGSV,15,,43
2026-05-25T18:38:49.190410,$GAGSV,32,,40
2026-05-25T18:38:49.192252,$GBGSV,06,,40
2026-05-25T18:38:49.192252,$GBGSV,07,,44
2026-05-25T18:38:49.192252,$GBGSV,09,,38
2026-05-25T18:38:49.192252,$GBGSV,10,,44
2026-05-25T18:38:49.192942,$GBGSV,24,,24
2026-05-25T18:38:49.192942,$GBGSV,25,,44
2026-05-25T18:38:49.192942,$GBGSV,28,,42
2026-05-25T18:38:49.192942,$GBGSV,33,,41
2026-05-25T18:38:49.193431,$GBGSV,09,,36
2026-05-25T18:38:49.193431,$GBGSV,10,,39
2026-05-25T18:38:50.181546,$GPGSV,10,,43
2026-05-25T18:38:50.181546,$GPGSV,12,,19
2026-05-25T18:38:50.181546,$GPGSV,18,,42
2026-05-25T18:38:50.181546,$GPGSV,23,,43
2026-05-25T18:38:50.182272,$GPGSV,24,,27
2026-05-25T18:38:50.182272,$GPGSV,28,,37
2026-05-25T18:38:50.182272,$GPGSV,32,,36
2026-05-25T18:38:50.182272,$GPGSV,41,,44
2026-05-25T18:38:50.182751,$GPGSV,42,,44
2026-05-25T18:38:50.182751,$GPGSV,50,,40
2026-05-25T18:38:50.183420,$GPGSV,10,,35
2026-05-25T18:38:50.183420,$GPGSV,12,,12
2026-05-25T18:38:50.183420,$GPGSV,18,,39
2026-05-25T18:38:50.183420,$GPGSV,23,,39
2026-05-25T18:38:50.184087,$GPGSV,24,,21
2026-05-25T18:38:50.184087,$GPGSV,25,,15
2026-05-25T18:38:50.184087,$GPGSV,28,,32
2026-05-25T18:38:50.184087,$GPGSV,32,,26
2026-05-25T18:38:50.185706,$GLGSV,65,,20
2026-05-25T18:38:50.185706,$GLGSV,66,,36
2026-05-25T18:38:50.185706,$GLGSV,75,,26
2026-05-25T18:38:50.185706,$GLGSV,76,,32
2026-05-25T18:38:50.186260,$GLGSV,77,,16
2026-05-25T18:38:50.186260,$GLGSV,81,,39
2026-05-25T18:38:50.186260,$GLGSV,88,,38
2026-05-25T18:38:50.186870,$GLGSV,66,,35
2026-05-25T18:38:50.186870,$GLGSV,75,,35
2026-05-25T18:38:50.186870,$GLGSV,76,,28
2026-05-25T18:38:50.186870,$GLGSV,81,,36
2026-05-25T18:38:50.187225,$GLGSV,88,,36
2026-05-25T18:38:50.188362,$GAGSV,03,,11
2026-05-25T18:38:50.188362,$GAGSV,07,,29
2026-05-25T18:38:50.188362,$GAGSV,08,,37
2026-05-25T18:38:50.188362,$GAGSV,13,,38
2026-05-25T18:38:50.188802,$GAGSV,15,,41
2026-05-25T18:38:50.188802,$GAGSV,32,,38
2026-05-25T18:38:50.189389,$GAGSV,07,,31
2026-05-25T18:38:50.189389,$GAGSV,08,,42
2026-05-25T18:38:50.189389,$GAGSV,13,,40
2026-05-25T18:38:50.189389,$GAGSV,15,,41
2026-05-25T18:38:50.189726,$GAGSV,32,,38
2026-05-25T18:38:50.191350,$GBGSV,06,,42
2026-05-25T18:38:50.191350,$GBGSV,07,,44
2026-05-25T18:38:50.191350,$GBGSV,09,,40
2026-05-25T18:38:50.191350,$GBGSV,10,,42
2026-05-25T18:38:50.191957,$GBGSV,24,,31
2026-05-25T18:38:50.191957,$GBGSV,25,,43
2026-05-25T18:38:50.191957,$GBGSV,28,,40
2026-05-25T18:38:50.191957,$GBGSV,33,,41
2026-05-25T18:38:50.192383,$GBGSV,09,,37
2026-05-25T18:38:50.192383,$GBGSV,10,,39
2026-05-25T18:38:51.182834,$GPGSV,10,,41
2026-05-25T18:38:51.182834,$GPGSV,12,,18
2026-05-25T18:38:51.182834,$GPGSV,18,,41
2026-05-25T18:38:51.182834,$GPGSV,23,,42
2026-05-25T18:38:51.183591,$GPGSV,24,,27
2026-05-25T18:38:51.183591,$GPGSV,28,,37
2026-05-25T18:38:51.183591,$GPGSV,32,,33
2026-05-25T18:38:51.183591,$GPGSV,41,,44
2026-05-25T18:38:51.184119,$GPGSV,42,,43
2026-05-25T18:38:51.184119,$GPGSV,50,,38
2026-05-25T18:38:51.184841,$GPGSV,10,,34
2026-05-25T18:38:51.184841,$GPGSV,12,,12
2026-05-25T18:38:51.184841,$GPGSV,18,,38
2026-05-25T18:38:51.184841,$GPGSV,23,,39
2026-05-25T18:38:51.185576,$GPGSV,24,,21
2026-05-25T18:38:51.185576,$GPGSV,25,,16
2026-05-25T18:38:51.185576,$GPGSV,28,,32
2026-05-25T18:38:51.185576,$GPGSV,32,,27
2026-05-25T18:38:51.187416,$GLGSV,65,,20
2026-05-25T18:38:51.187416,$GLGSV,66,,36
2026-05-25T18:38:51.187416,$GLGSV,75,,31
2026-05-25T18:38:51.187416,$GLGSV,76,,31
2026-05-25T18:38:51.188013,$GLGSV,77,,17
2026-05-25T18:38:51.188013,$GLGSV,81,,38
2026-05-25T18:38:51.188013,$GLGSV,88,,37
2026-05-25T18:38:51.188697,$GLGSV,66,,36
2026-05-25T18:38:51.188697,$GLGSV,75,,32
2026-05-25T18:38:51.188697,$GLGSV,76,,28
2026-05-25T18:38:51.188697,$GLGSV,81,,32
2026-05-25T18:38:51.189094,$GLGSV,88,,35
2026-05-25T18:38:51.190390,$GAGSV,03,,14
2026-05-25T18:38:51.190390,$GAGSV,07,,24
2026-05-25T18:38:51.190390,$GAGSV,08,,40
2026-05-25T18:38:51.190390,$GAGSV,13,,38
2026-05-25T18:38:51.190889,$GAGSV,15,,41
2026-05-25T18:38:51.190889,$GAGSV,32,,38
2026-05-25T18:38:51.191585,$GAGSV,07,,28
2026-05-25T18:38:51.191585,$GAGSV,08,,41
2026-05-25T18:38:51.191585,$GAGSV,13,,40
2026-05-25T18:38:51.191585,$GAGSV,15,,42
2026-05-25T18:38:51.191987,$GAGSV,32,,39
2026-05-25T18:38:51.193811,$GBGSV,06,,42
2026-05-25T18:38:51.193811,$GBGSV,07,,44
2026-05-25T18:38:51.193811,$GBGSV,09,,41
2026-05-25T18:38:51.193811,$GBGSV,10,,43
2026-05-25T18:38:51.194515,$GBGSV,24,,25
2026-05-25T18:38:51.194515,$GBGSV,25,,44
2026-05-25T18:38:51.194515,$GBGSV,28,,43
2026-05-25T18:38:51.194515,$GBGSV,33,,40
2026-05-25T18:38:51.195182,$GBGSV,09,,38
2026-05-25T18:38:51.195182,$GBGSV,10,,39
2026-05-25T18:38:52.182189,$GPGSV,10,,42
2026-05-25T18:38:52.182189,$GPGSV,12,,20
2026-05-25T18:38:52.182189,$GPGSV,18,,42
2026-05-25T18:38:52.182189,$GPGSV,23,,43
2026-05-25T18:38:52.182970,$GPGSV,24,,26
2026-05-25T18:38:52.182970,$GPGSV,28,,35
2026-05-25T18:38:52.182970,$GPGSV,32,,35
2026-05-25T18:38:52.182970,$GPGSV,41,,45
2026-05-25T18:38:52.183526,$GPGSV,42,,44
2026-05-25T18:38:52.183526,$GPGSV,50,,40
2026-05-25T18:38:52.184250,$GPGSV,10,,37
2026-05-25T18:38:52.184250,$GPGSV,12,,15
2026-05-25T18:38:52.184250,$GPGSV,18,,40
2026-05-25T18:38:52.184250,$GPGSV,23,,39
2026-05-25T18:38:52.185135,$GPGSV,24,,22
2026-05-25T18:38:52.185135,$GPGSV,25,,15
2026-05-25T18:38:52.185135,$GPGSV,28,,35
2026-05-25T18:38:52.185135,$GPGSV,32,,27
2026-05-25T18:38:52.186990,$GLGSV,65,,19
2026-05-25T18:38:52.186990,$GLGSV,66,,39
2026-05-25T18:38:52.186990,$GLGSV,75,,34
2026-05-25T18:38:52.186990,$GLGSV,76,,38
2026-05-25T18:38:52.187622,$GLGSV,77,,18
2026-05-25T18:38:52.187622,$GLGSV,81,,36
2026-05-25T18:38:52.187622,$GLGSV,88,,36
2026-05-25T18:38:52.188336,$GLGSV,66,,35
2026-05-25T18:38:52.188336,$GLGSV,75,,35
2026-05-25T18:38:52.188336,$GLGSV,76,,36
2026-05-25T18:38:52.188336,$GLGSV,81,,32
2026-05-25T18:38:52.188746,$GLGSV,88,,39
2026-05-25T18:38:52.190093,$GAGSV,03,,19
2026-05-25T18:38:52.190093,$GAGSV,07,,32
2026-05-25T18:38:52.190093,$GAGSV,08,,41
2026-05-25T18:38:52.190093,$GAGSV,13,,38
2026-05-25T18:38:52.190611,$GAGSV,15,,41
2026-05-25T18:38:52.190611,$GAGSV,32,,38
2026-05-25T18:38:52.191353,$GAGSV,03,,19
2026-05-25T18:38:52.191353,$GAGSV,07,,33
2026-05-25T18:38:52.191353,$GAGSV,08,,39
2026-05-25T18:38:52.191353,$GAGSV,13,,39
2026-05-25T18:38:52.191917,$GAGSV,15,,42
2026-05-25T18:38:52.191917,$GAGSV,32,,40
2026-05-25T18:38:52.193691,$GBGSV,06,,42
2026-05-25T18:38:52.193691,$GBGSV,07,,44
2026-05-25T18:38:52.193691,$GBGSV,09,,40
2026-05-25T18:38:52.193691,$GBGSV,10,,43
2026-05-25T18:38:52.194383,$GBGSV,24,,34
2026-05-25T18:38:52.194383,$GBGSV,25,,45
2026-05-25T18:38:52.194383,$GBGSV,28,,42
2026-05-25T18:38:52.194383,$GBGSV,33,,41
2026-05-25T18:38:52.194872,$GBGSV,09,,36
2026-05-25T18:38:52.194872,$GBGSV,10,,39
2026-05-25T18:38:53.183974,$GPGSV,10,,43
2026-05-25T18:38:53.183974,$GPGSV,12,,20
2026-05-25T18:38:53.183974,$GPGSV,18,,40
2026-05-25T18:38:53.183974,$GPGSV,23,,42
2026-05-25T18:38:53.184717,$GPGSV,24,,24
2026-05-25T18:38:53.184717,$GPGSV,28,,39
2026-05-25T18:38:53.184717,$GPGSV,32,,28
2026-05-25T18:38:53.184717,$GPGSV,41,,43
2026-05-25T18:38:53.185258,$GPGSV,42,,42
2026-05-25T18:38:53.185258,$GPGSV,50,,38
2026-05-25T18:38:53.185980,$GPGSV,10,,34
2026-05-25T18:38:53.185980,$GPGSV,12,,14
2026-05-25T18:38:53.185980,$GPGSV,18,,39
2026-05-25T18:38:53.185980,$GPGSV,23,,39
2026-05-25T18:38:53.186719,$GPGSV,24,,21
2026-05-25T18:38:53.186719,$GPGSV,25,,15
2026-05-25T18:38:53.186719,$GPGSV,28,,36
2026-05-25T18:38:53.186719,$GPGSV,32,,32
2026-05-25T18:38:53.188565,$GLGSV,65,,19
2026-05-25T18:38:53.188565,$GLGSV,66,,38
2026-05-25T18:38:53.188565,$GLGSV,75,,34
2026-05-25T18:38:53.188565,$GLGSV,76,,36
2026-05-25T18:38:53.189190,$GLGSV,77,,18
2026-05-25T18:38:53.189190,$GLGSV,81,,40
2026-05-25T18:38:53.189190,$GLGSV,88,,41
2026-05-25T18:38:53.189911,$GLGSV,66,,38
2026-05-25T18:38:53.189911,$GLGSV,75,,31
2026-05-25T18:38:53.189911,$GLGSV,76,,35
2026-05-25T18:38:53.189911,$GLGSV,81,,39
2026-05-25T18:38:53.190331,$GLGSV,88,,36
2026-05-25T18:38:53.191705,$GAGSV,03,,20
2026-05-25T18:38:53.191705,$GAGSV,07,,35
2026-05-25T18:38:53.191705,$GAGSV,08,,40
2026-05-25T18:38:53.191705,$GAGSV,13,,35
2026-05-25T18:38:53.192238,$GAGSV,15,,41
2026-05-25T18:38:53.192238,$GAGSV,32,,38
2026-05-25T18:38:53.192929,$GAGSV,03,,20
2026-05-25T18:38:53.192929,$GAGSV,07,,36
2026-05-25T18:38:53.192929,$GAGSV,08,,40
2026-05-25T18:38:53.192929,$GAGSV,13,,37
2026-05-25T18:38:53.193457,$GAGSV,15,,42
2026-05-25T18:38:53.193457,$GAGSV,32,,40
2026-05-25T18:38:53.195292,$GBGSV,06,,42
2026-05-25T18:38:53.195292,$GBGSV,07,,44
2026-05-25T18:38:53.195292,$GBGSV,09,,39
2026-05-25T18:38:53.195292,$GBGSV,10,,44
2026-05-25T18:38:53.196107,$GBGSV,24,,38
2026-05-25T18:38:53.196107,$GBGSV,25,,44
2026-05-25T18:38:53.196107,$GBGSV,28,,40
2026-05-25T18:38:53.196107,$GBGSV,33,,41
2026-05-25T18:38:53.196941,$GBGSV,09,,37
2026-05-25T18:38:53.196941,$GBGSV,10,,39
2026-05-25T18:38:54.181644,$GPGSV,10,,42
2026-05-25T18:38:54.181644,$GPGSV,18,,41
2026-05-25T18:38:54.181644,$GPGSV,23,,41
2026-05-25T18:38:54.181644,$GPGSV,24,,25
2026-05-25T18:38:54.182384,$GPGSV,28,,42
2026-05-25T18:38:54.182384,$GPGSV,32,,40
2026-05-25T18:38:54.182384,$GPGSV,41,,43
2026-05-25T18:38:54.182384,$GPGSV,42,,44
2026-05-25T18:38:54.182798,$GPGSV,50,,38
2026-05-25T18:38:54.183519,$GPGSV,10,,34
2026-05-25T18:38:54.183519,$GPGSV,12,,13
2026-05-25T18:38:54.183519,$GPGSV,18,,40
2026-05-25T18:38:54.183519,$GPGSV,23,,39
2026-05-25T18:38:54.184233,$GPGSV,24,,21
2026-05-25T18:38:54.184233,$GPGSV,25,,19
2026-05-25T18:38:54.184233,$GPGSV,28,,36
2026-05-25T18:38:54.184233,$GPGSV,32,,25
2026-05-25T18:38:54.186044,$GLGSV,65,,17
2026-05-25T18:38:54.186044,$GLGSV,66,,39
2026-05-25T18:38:54.186044,$GLGSV,75,,33
2026-05-25T18:38:54.186044,$GLGSV,76,,37
2026-05-25T18:38:54.186653,$GLGSV,77,,18
2026-05-25T18:38:54.186653,$GLGSV,81,,40
2026-05-25T18:38:54.186653,$GLGSV,88,,44
2026-05-25T18:38:54.187373,$GLGSV,66,,36
2026-05-25T18:38:54.187373,$GLGSV,75,,33
2026-05-25T18:38:54.187373,$GLGSV,76,,30
2026-05-25T18:38:54.187373,$GLGSV,81,,36
2026-05-25T18:38:54.187781,$GLGSV,88,,38
2026-05-25T18:38:54.189104,$GAGSV,03,,18
2026-05-25T18:38:54.189104,$GAGSV,07,,35
2026-05-25T18:38:54.189104,$GAGSV,08,,38
2026-05-25T18:38:54.189104,$GAGSV,13,,35
2026-05-25T18:38:54.189602,$GAGSV,15,,41
2026-05-25T18:38:54.189602,$GAGSV,32,,37
2026-05-25T18:38:54.190286,$GAGSV,03,,19
2026-05-25T18:38:54.190286,$GAGSV,07,,36
2026-05-25T18:38:54.190286,$GAGSV,08,,41
2026-05-25T18:38:54.190286,$GAGSV,13,,35
2026-05-25T18:38:54.190779,$GAGSV,15,,42
2026-05-25T18:38:54.190779,$GAGSV,32,,40
2026-05-25T18:38:54.192606,$GBGSV,06,,40
2026-05-25T18:38:54.192606,$GBGSV,07,,44
2026-05-25T18:38:54.192606,$GBGSV,09,,40
2026-05-25T18:38:54.192606,$GBGSV,10,,43
2026-05-25T18:38:54.193313,$GBGSV,24,,41
2026-05-25T18:38:54.193313,$GBGSV,25,,45
2026-05-25T18:38:54.193313,$GBGSV,28,,40
2026-05-25T18:38:54.193313,$GBGSV,33,,43
2026-05-25T18:38:54.193812,$GBGSV,09,,37
2026-05-25T18:38:54.193812,$GBGSV,10,,40
2026-05-25T18:38:55.174610,$GPGSV,10,,43
2026-05-25T18:38:55.174610,$GPGSV,18,,41
2026-05-25T18:38:55.174610,$GPGSV,23,,41
2026-05-25T18:38:55.174610,$GPGSV,24,,25
2026-05-25T18:38:55.175375,$GPGSV,28,,41
2026-05-25T18:38:55.175375,$GPGSV,32,,40
2026-05-25T18:38:55.175375,$GPGSV,41,,44
2026-05-25T18:38:55.175375,$GPGSV,42,,43
2026-05-25T18:38:55.175795,$GPGSV,50,,38
2026-05-25T18:38:55.176508,$GPGSV,10,,33
2026-05-25T18:38:55.176508,$GPGSV,12,,12
2026-05-25T18:38:55.176508,$GPGSV,18,,40
2026-05-25T18:38:55.176508,$GPGSV,23,,40
2026-05-25T18:38:55.177352,$GPGSV,24,,21
2026-05-25T18:38:55.177352,$GPGSV,25,,25
2026-05-25T18:38:55.177352,$GPGSV,28,,37
2026-05-25T18:38:55.177352,$GPGSV,32,,25
2026-05-25T18:38:55.179233,$GLGSV,65,,17
2026-05-25T18:38:55.179233,$GLGSV,66,,40
2026-05-25T18:38:55.179233,$GLGSV,75,,32
2026-05-25T18:38:55.179233,$GLGSV,76,,37
2026-05-25T18:38:55.179848,$GLGSV,77,,17
2026-05-25T18:38:55.179848,$GLGSV,81,,40
2026-05-25T18:38:55.179848,$GLGSV,88,,43
2026-05-25T18:38:55.180561,$GLGSV,66,,36
2026-05-25T18:38:55.180561,$GLGSV,75,,33
2026-05-25T18:38:55.180561,$GLGSV,76,,30
2026-05-25T18:38:55.180561,$GLGSV,81,,37
2026-05-25T18:38:55.180968,$GLGSV,88,,40
2026-05-25T18:38:55.182301,$GAGSV,03,,16
2026-05-25T18:38:55.182301,$GAGSV,07,,35
2026-05-25T18:38:55.182301,$GAGSV,08,,37
2026-05-25T18:38:55.182301,$GAGSV,13,,34
2026-05-25T18:38:55.182820,$GAGSV,15,,41
2026-05-25T18:38:55.182820,$GAGSV,32,,36
2026-05-25T18:38:55.183547,$GAGSV,07,,36
2026-05-25T18:38:55.183547,$GAGSV,08,,42
2026-05-25T18:38:55.183547,$GAGSV,13,,36
2026-05-25T18:38:55.183547,$GAGSV,15,,42
2026-05-25T18:38:55.183944,$GAGSV,32,,40
2026-05-25T18:38:55.185760,$GBGSV,06,,42
2026-05-25T18:38:55.185760,$GBGSV,07,,44
2026-05-25T18:38:55.185760,$GBGSV,09,,40
2026-05-25T18:38:55.185760,$GBGSV,10,,44
2026-05-25T18:38:55.186454,$GBGSV,24,,41
2026-05-25T18:38:55.186454,$GBGSV,25,,45
2026-05-25T18:38:55.186454,$GBGSV,28,,41
2026-05-25T18:38:55.186454,$GBGSV,33,,43
2026-05-25T18:38:55.186950,$GBGSV,09,,37
2026-05-25T18:38:55.186950,$GBGSV,10,,40
2026-05-25T18:38:56.184533,$GPGSV,10,,43
2026-05-25T18:38:56.184533,$GPGSV,18,,41
2026-05-25T18:38:56.184533,$GPGSV,23,,41
2026-05-25T18:38:56.184533,$GPGSV,24,,26
2026-05-25T18:38:56.185276,$GPGSV,28,,40
2026-05-25T18:38:56.185276,$GPGSV,32,,40
2026-05-25T18:38:56.185276,$GPGSV,41,,44
2026-05-25T18:38:56.185276,$GPGSV,42,,43
2026-05-25T18:38:56.185694,$GPGSV,50,,38
2026-05-25T18:38:56.186408,$GPGSV,10,,33
2026-05-25T18:38:56.186408,$GPGSV,12,,12
2026-05-25T18:38:56.186408,$GPGSV,18,,40
2026-05-25T18:38:56.186408,$GPGSV,23,,40
2026-05-25T18:38:56.187130,$GPGSV,24,,21
2026-05-25T18:38:56.187130,$GPGSV,25,,26
2026-05-25T18:38:56.187130,$GPGSV,28,,37
2026-05-25T18:38:56.187130,$GPGSV,32,,26
2026-05-25T18:38:56.188970,$GLGSV,65,,17
2026-05-25T18:38:56.188970,$GLGSV,66,,40
2026-05-25T18:38:56.188970,$GLGSV,75,,32
2026-05-25T18:38:56.188970,$GLGSV,76,,36
2026-05-25T18:38:56.189597,$GLGSV,77,,18
2026-05-25T18:38:56.189597,$GLGSV,81,,39
2026-05-25T18:38:56.189597,$GLGSV,88,,42
2026-05-25T18:38:56.190331,$GLGSV,66,,36
2026-05-25T18:38:56.190331,$GLGSV,75,,33
2026-05-25T18:38:56.190331,$GLGSV,76,,29
2026-05-25T18:38:56.190331,$GLGSV,81,,37
2026-05-25T18:38:56.190743,$GLGSV,88,,40
2026-05-25T18:38:56.192097,$GAGSV,03,,14
2026-05-25T18:38:56.192097,$GAGSV,07,,35
2026-05-25T18:38:56.192097,$GAGSV,08,,38
2026-05-25T18:38:56.192097,$GAGSV,13,,34
2026-05-25T18:38:56.192640,$GAGSV,15,,41
2026-05-25T18:38:56.192640,$GAGSV,32,,36
2026-05-25T18:38:56.193335,$GAGSV,07,,37
2026-05-25T18:38:56.193335,$GAGSV,08,,42
2026-05-25T18:38:56.193335,$GAGSV,13,,36
2026-05-25T18:38:56.193335,$GAGSV,15,,42
2026-05-25T18:38:56.193733,$GAGSV,32,,40
2026-05-25T18:38:56.195580,$GBGSV,06,,42
2026-05-25T18:38:56.195580,$GBGSV,07,,44
2026-05-25T18:38:56.195580,$GBGSV,09,,40
2026-05-25T18:38:56.195580,$GBGSV,10,,44
2026-05-25T18:38:56.196273,$GBGSV,24,,41
2026-05-25T18:38:56.196273,$GBGSV,25,,45
2026-05-25T18:38:56.196273,$GBGSV,28,,41
2026-05-25T18:38:56.196273,$GBGSV,33,,43
2026-05-25T18:38:56.197027,$GBGSV,09,,36
2026-05-25T18:38:56.197027,$GBGSV,10,,40
