1780410983.231,$GNRMC,143623.00,A,1339.02064,N,10029.52054,E,0.009,,020626,0.53,W,A,V*57
1780410983.231,$GNVTG,,T,,M,0.009,N,0.017,K,A*32
1780410983.232,$GNGGA,143623.00,1339.02064,N,10029.52054,E,1,12,0.55,4.5,M,-27.8,M,,*65
1780410983.232,$GNGSA,A,3,02,10,26,28,31,32,16,,,,,,1.00,0.55,0.84,1*05
1780410983.233,$GNGSA,A,3,78,66,77,79,67,68,,,,,,,1.00,0.55,0.84,2*01
1780410983.233,$GNGSA,A,3,05,06,09,16,25,31,34,,,,,,1.00,0.55,0.84,3*01
1780410983.234,$GNGSA,A,3,06,07,09,10,23,24,25,,,,,,1.00,0.55,0.84,4*00
1780410983.234,$GPGSV,3,1,09,02,14,253,41,10,40,156,27,16,41,198,21,26,76,198,45,1*6E
1780410983.235,$GPGSV,3,2,09,28,38,010,43,31,48,330,32,32,43,056,43,41,64,233,47,1*60
1780410983.235,$GPGSV,3,3,09,42,70,217,45,1*59
1780410983.236,$GPGSV,2,1,06,03,13,324,11,10,40,156,34,26,76,198,46,28,38,010,36,6*60
1780410983.237,$GPGSV,2,2,06,31,48,330,33,32,43,056,38,6*65
1780410983.238,$GPGSV,2,1,07,01,12,280,,23,05,150,,25,09,038,,27,07,192,,0*64
1780410983.239,$GPGSV,2,2,07,27,07,192,,29,06,083,,40,37,260,,0*58
1780410983.239,$GLGSV,2,1,06,66,26,111,38,67,50,040,45,68,21,345,29,77,23,022,37,1*73
1780410983.240,$GLGSV,2,2,06,78,76,324,45,79,38,220,29,1*7A
1780410983.240,$GLGSV,2,1,05,66,26,111,38,67,50,040,39,68,21,345,22,78,76,324,43,3*7B
1780410983.240,$GLGSV,2,2,05,79,38,220,31,3*48
1780410983.241,$GLGSV,1,1,01,82,03,226,,0*47
1780410983.241,$GAGSV,2,1,07,05,39,356,47,06,17,084,44,09,32,063,46,16,61,078,49,2*7F
1780410983.242,$GAGSV,2,2,07,25,52,182,39,31,13,041,40,34,27,267,30,2*43
1780410983.243,$GAGSV,2,1,08,05,39,356,42,06,17,084,32,09,32,063,40,16,61,078,45,7*7B
1780410983.243,$GAGSV,2,2,08,25,52,182,37,31,13,041,34,34,27,267,21,36,28,209,11,7*70
1780410983.244,$GAGSV,2,1,05,02,04,207,,03,11,310,,04,00,100,,11,05,166,,0*71
1780410983.244,$GAGSV,2,2,05,11,05,166,,0*45
1780410983.245,$GBGSV,2,1,07,06,61,150,48,07,46,007,45,09,89,178,47,10,54,353,46,1*7A
1780410983.245,$GBGSV,2,2,07,23,50,245,46,24,13,036,42,25,65,356,50,1*42
1780410983.245,$GBGSV,1,1,02,09,89,178,48,10,54,353,48,3*75
1780410983.246,$GBGSV,2,1,08,01,42,107,,02,63,241,,03,71,141,,04,22,098,,0*79
1780410983.246,$GBGSV,2,2,08,04,22,098,,08,19,152,,13,09,191,,28,06,218,,0*79
1780410983.247,$GNGLL,1339.02064,N,10029.52054,E,143623.00,A,A*72
1780410984.235,$GNRMC,143624.00,A,1339.02148,N,10029.52050,E,0.008,,020626,0.53,W,D,V*5F
1780410984.237,$GNVTG,,T,,M,0.008,N,0.015,K,D*34
1780410984.239,$GNGGA,143624.00,1339.02148,N,10029.52050,E,2,12,0.72,3.0,M,-27.8,M,1.0,0499*46
1780410984.241,$GNGSA,A,3,02,10,26,28,31,32,16,,,,,,1.43,0.72,1.23,1*0B
1780410984.242,$GNGSA,A,3,78,66,77,79,67,68,,,,,,,1.43,0.72,1.23,2*0F
1780410984.244,$GNGSA,A,3,05,06,09,16,25,31,34,,,,,,1.43,0.72,1.23,3*0F
1780410984.246,$GNGSA,A,3,06,07,09,10,23,24,25,,,,,,1.43,0.72,1.23,4*0E
1780410984.248,$GPGSV,3,1,09,02,14,253,41,10,40,156,27,16,41,198,21,26,76,198,45,1*6E
1780410984.251,$GPGSV,3,2,09,28,38,010,43,31,48,330,32,32,43,056,43,41,64,233,46,1*61
1780410984.252,$GPGSV,3,3,09,42,70,217,45,1*59
1780410984.254,$GPGSV,2,1,06,03,13,324,11,10,40,156,35,26,76,198,46,28,38,010,36,6*61
1780410984.255,$GPGSV,2,2,06,31,48,330,33,32,43,056,38,6*65
1780410984.256,$GPGSV,2,1,07,01,12,280,,23,05,150,,25,09,038,,27,07,192,,0*64
1780410984.257,$GPGSV,2,2,07,27,07,192,,29,06,083,,40,37,260,,0*58
1780410984.257,$GLGSV,2,1,06,66,26,111,38,67,50,040,45,68,21,345,28,77,23,022,37,1*72
1780410984.258,$GLGSV,2,2,06,78,76,324,45,79,38,220,28,1*7B
1780410984.259,$GLGSV,2,1,05,66,26,111,38,67,50,040,39,68,21,345,20,78,76,324,43,3*79
1780410984.259,$GLGSV,2,2,05,79,38,220,31,3*48
1780410984.260,$GLGSV,1,1,01,82,03,226,,0*47
1780410984.260,$GAGSV,2,1,07,05,39,356,47,06,17,084,44,09,32,063,47,16,61,078,49,2*7E
1780410984.261,$GAGSV,2,2,07,25,52,182,39,31,13,041,40,34,27,267,30,2*43
1780410984.263,$GAGSV,2,1,08,05,39,356,42,06,17,084,32,09,32,063,40,16,61,078,46,7*78
1780410984.264,$GAGSV,2,2,08,25,52,182,37,31,13,041,35,34,27,267,21,36,28,209,11,7*71
1780410984.265,$GAGSV,2,1,05,02,04,207,,03,11,310,,04,00,100,,11,05,166,,0*71
1780410984.266,$GAGSV,2,2,05,11,05,166,,0*45
1780410984.267,$GBGSV,2,1,07,06,61,150,48,07,46,007,45,09,89,178,47,10,54,353,46,1*7A
1780410984.268,$GBGSV,2,2,07,23,50,245,45,24,13,036,42,25,65,356,51,1*40
1780410984.269,$GBGSV,1,1,02,09,89,178,46,10,54,353,49,3*7A
1780410984.270,$GBGSV,2,1,08,01,42,107,,02,63,241,,03,71,141,,04,22,098,,0*79
1780410984.271,$GBGSV,2,2,08,04,22,098,,08,19,152,,13,09,191,,28,06,218,,0*79
1780410984.271,$GNGLL,1339.02148,N,10029.52050,E,143624.00,A,D*7B
1780410985.237,$GNRMC,143625.00,A,1339.02230,N,10029.52060,E,0.029,,020626,0.53,W,F,V*50
1780410985.239,$GNVTG,,T,,M,0.029,N,0.054,K,D*32
1780410985.241,$GNGGA,143625.00,1339.02230,N,10029.52060,E,5,12,0.72,1.0,M,-27.8,M,1.0,0499*4D
1780410985.242,$GNGSA,A,3,02,10,26,28,31,32,16,,,,,,1.43,0.72,1.23,1*0B
1780410985.243,$GNGSA,A,3,78,66,77,79,67,68,,,,,,,1.43,0.72,1.23,2*0F
1780410985.244,$GNGSA,A,3,05,06,09,16,25,31,34,,,,,,1.43,0.72,1.23,3*0F
1780410985.246,$GNGSA,A,3,06,07,09,10,23,24,25,,,,,,1.43,0.72,1.23,4*0E
1780410985.248,$GPGSV,3,1,09,02,14,253,41,10,40,156,28,16,41,198,21,26,76,198,46,1*62
1780410985.249,$GPGSV,3,2,09,28,38,010,43,31,48,330,31,32,43,056,43,41,64,233,46,1*62
1780410985.250,$GPGSV,3,3,09,42,70,217,46,1*5A
1780410985.252,$GPGSV,2,1,06,03,13,324,14,10,40,156,35,26,76,198,48,28,38,010,36,6*6A
1780410985.253,$GPGSV,2,2,06,31,48,330,33,32,43,056,38,6*65
1780410985.254,$GPGSV,2,1,07,01,12,280,,23,05,150,,25,09,038,,27,07,192,,0*64
1780410985.255,$GPGSV,2,2,07,27,07,192,,29,06,083,,40,37,260,,0*58
1780410985.257,$GLGSV,2,1,06,66,26,111,38,67,50,040,45,68,21,345,28,77,23,022,37,1*72
1780410985.258,$GLGSV,2,2,06,78,76,324,45,79,38,220,28,1*7B
1780410985.259,$GLGSV,2,1,05,66,26,111,37,67,50,040,39,68,21,345,18,78,76,324,43,3*7D
1780410985.260,$GLGSV,2,2,05,79,38,220,32,3*4B
1780410985.260,$GLGSV,1,1,01,82,03,226,,0*47
1780410985.262,$GAGSV,2,1,07,05,39,356,47,06,17,084,44,09,32,063,46,16,61,078,49,2*7F
1780410985.264,$GAGSV,2,2,07,25,52,182,39,31,13,041,40,34,27,267,30,2*43
1780410985.265,$GAGSV,2,1,08,05,39,356,42,06,17,084,32,09,32,063,40,16,61,078,46,7*78
1780410985.266,$GAGSV,2,2,08,25,52,182,37,31,13,041,35,34,27,267,21,36,28,209,12,7*72
1780410985.267,$GAGSV,2,1,05,02,04,207,,03,11,310,,04,00,100,,11,05,166,,0*71
1780410985.268,$GAGSV,2,2,05,11,05,166,,0*45
1780410985.269,$GBGSV,2,1,07,06,61,150,47,07,46,007,45,09,89,178,45,10,54,353,45,1*74
1780410985.269,$GBGSV,2,2,07,23,50,245,45,24,13,036,41,25,65,356,50,1*42
1780410985.270,$GBGSV,1,1,02,09,89,178,45,10,54,353,48,3*78
1780410985.271,$GBGSV,2,1,08,01,42,107,,02,63,241,,03,71,141,,04,22,098,,0*79
1780410985.271,$GBGSV,2,2,08,04,22,098,,08,19,152,,13,09,191,,28,06,218,,0*79
1780410985.272,$GNGLL,1339.02230,N,10029.52060,E,143625.00,A,D*75
1780410986.239,$GNRMC,143626.00,A,1339.02244,N,10029.52066,E,0.013,,020626,0.53,W,F,V*5F
1780410986.241,$GNVTG,,T,,M,0.013,N,0.023,K,D*3B
1780410986.244,$GNGGA,143626.00,1339.02244,N,10029.52066,E,5,12,0.79,0.5,M,-27.8,M,1.0,0499*44
1780410986.245,$GNGSA,A,3,02,10,26,28,31,32,16,,,,,,1.58,0.79,1.37,1*0F
1780410986.247,$GNGSA,A,3,78,66,77,79,67,68,,,,,,,1.58,0.79,1.37,2*0B
1780410986.249,$GNGSA,A,3,05,06,09,16,25,31,34,,,,,,1.58,0.79,1.37,3*0B
1780410986.250,$GNGSA,A,3,06,07,09,10,23,24,25,,,,,,1.58,0.79,1.37,4*0A
1780410986.252,$GPGSV,3,1,09,02,14,253,41,10,40,156,28,16,41,198,21,26,76,198,47,1*63
1780410986.254,$GPGSV,3,2,09,28,38,010,43,31,48,330,31,32,43,056,43,41,64,233,46,1*62
1780410986.256,$GPGSV,3,3,09,42,70,217,45,1*59
1780410986.258,$GPGSV,2,1,06,03,13,324,13,10,40,156,34,26,76,198,48,28,38,010,36,6*6C
1780410986.260,$GPGSV,2,2,06,31,48,330,32,32,43,056,38,6*64
1780410986.262,$GPGSV,2,1,07,01,12,280,,23,05,150,,25,09,038,,27,07,192,,0*64
1780410986.264,$GPGSV,2,2,07,27,07,192,,29,06,083,,40,37,260,,0*58
1780410986.266,$GLGSV,2,1,06,66,26,111,38,67,50,040,45,68,21,345,28,77,23,022,37,1*72
1780410986.267,$GLGSV,2,2,06,78,76,324,45,79,38,220,28,1*7B
1780410986.269,$GLGSV,2,1,05,66,26,111,37,67,50,040,40,68,21,345,16,78,76,324,42,3*7C
1780410986.270,$GLGSV,2,2,05,79,38,220,32,3*4B
1780410986.272,$GLGSV,1,1,01,82,03,226,,0*47
1780410986.274,$GAGSV,2,1,07,05,39,356,48,06,17,084,44,09,32,063,46,16,61,078,49,2*70
1780410986.275,$GAGSV,2,2,07,25,52,182,37,31,13,041,40,34,27,267,29,2*45
1780410986.276,$GAGSV,2,1,08,05,39,356,42,06,17,084,32,09,32,063,40,16,61,078,46,7*78
1780410986.277,$GAGSV,2,2,08,25,52,182,36,31,13,041,35,34,27,267,22,36,28,209,11,7*73
1780410986.278,$GAGSV,2,1,05,02,04,207,,03,11,310,,04,00,100,,11,05,166,,0*71
1780410986.278,$GAGSV,2,2,05,11,05,166,,0*45
1780410986.280,$GBGSV,2,1,07,06,61,150,47,07,46,007,45,09,89,178,47,10,54,353,45,1*76
1780410986.281,$GBGSV,2,2,07,23,50,245,45,24,13,036,41,25,65,356,50,1*42
1780410986.282,$GBGSV,1,1,02,09,89,178,46,10,54,353,47,3*74
1780410986.283,$GBGSV,2,1,08,01,42,107,,02,63,241,,03,71,141,,04,22,098,,0*79
1780410986.284,$GBGSV,2,2,08,04,22,098,,08,19,152,,13,09,191,,28,06,218,,0*79
1780410986.284,$GNGLL,1339.02244,N,10029.52066,E,143626.00,A,D*73
1780410987.237,$GNRMC,143627.00,A,1339.02248,N,10029.52067,E,0.009,,020626,0.53,W,F,V*58
1780410987.238,$GNVTG,,T,,M,0.009,N,0.016,K,D*36
1780410987.239,$GNGGA,143627.00,1339.02248,N,10029.52067,E,5,12,0.72,0.3,M,-27.8,M,1.0,0499*45
1780410987.240,$GNGSA,A,3,02,10,26,28,31,32,16,,,,,,1.43,0.72,1.23,1*0B
1780410987.240,$GNGSA,A,3,78,66,77,79,67,68,,,,,,,1.43,0.72,1.23,2*0F
1780410987.241,$GNGSA,A,3,05,06,09,16,25,31,34,,,,,,1.43,0.72,1.23,3*0F
1780410987.241,$GNGSA,A,3,06,07,09,10,23,24,25,,,,,,1.43,0.72,1.23,4*0E
1780410987.242,$GPGSV,3,1,10,02,14,253,41,10,40,156,28,16,41,198,21,26,76,198,47,1*6B
1780410987.243,$GPGSV,3,2,10,28,38,010,43,31,48,330,31,32,43,056,43,39,45,252,27,1*66
1780410987.243,$GPGSV,3,3,10,41,64,233,45,42,70,217,45,1*65
1780410987.244,$GPGSV,2,1,06,03,13,324,11,10,40,156,33,26,76,198,48,28,38,010,36,6*69
1780410987.245,$GPGSV,2,2,06,31,48,330,32,32,43,056,38,6*64
1780410987.245,$GPGSV,2,1,07,01,12,280,,23,05,150,,25,09,038,,27,07,192,,0*64
1780410987.246,$GPGSV,2,2,07,27,07,192,,29,06,083,,40,37,260,,0*58
1780410987.247,$GLGSV,2,1,06,66,26,111,38,67,50,040,45,68,21,345,28,77,23,022,37,1*72
1780410987.247,$GLGSV,2,2,06,78,76,324,45,79,38,220,28,1*7B
1780410987.248,$GLGSV,2,1,05,66,26,111,37,67,50,040,40,68,21,345,17,78,76,324,41,3*7E
1780410987.249,$GLGSV,2,2,05,79,38,220,32,3*4B
1780410987.249,$GLGSV,1,1,01,82,03,226,,0*47
1780410987.251,$GAGSV,2,1,07,05,39,356,48,06,17,084,44,09,32,063,46,16,61,078,48,2*71
1780410987.251,$GAGSV,2,2,07,25,52,182,37,31,13,041,40,34,27,267,30,2*4D
1780410987.252,$GAGSV,2,1,08,05,39,356,42,06,17,084,32,09,32,063,40,16,61,078,45,7*7B
1780410987.253,$GAGSV,2,2,08,25,52,182,36,31,13,041,35,34,27,267,22,36,28,209,12,7*70
1780410987.254,$GAGSV,2,1,05,02,04,207,,03,11,310,,04,00,100,,11,05,166,,0*71
1780410987.255,$GAGSV,2,2,05,11,05,166,,0*45
1780410987.256,$GBGSV,2,1,07,06,61,150,47,07,46,007,45,09,89,178,47,10,54,353,45,1*76
1780410987.257,$GBGSV,2,2,07,23,50,245,45,24,13,036,41,25,65,356,50,1*42
1780410987.258,$GBGSV,1,1,02,09,89,178,48,10,54,353,48,3*75
1780410987.259,$GBGSV,2,1,08,01,42,107,,02,63,241,,03,71,141,,04,22,098,,0*79
1780410987.260,$GBGSV,2,2,08,04,22,098,,08,19,152,,13,09,191,,28,06,218,,0*79
1780410987.260,$GNGLL,1339.02248,N,10029.52067,E,143627.00,A,D*7F
1780410988.236,$GNRMC,143628.00,A,1339.02249,N,10029.52067,E,0.036,,020626,0.53,W,F,V*5A
1780410988.238,$GNVTG,,T,,M,0.036,N,0.067,K,D*3C
1780410988.241,$GNGGA,143628.00,1339.02249,N,10029.52067,E,5,12,0.73,0.1,M,-27.8,M,1.0,0499*48
1780410988.242,$GNGSA,A,3,02,10,26,28,31,32,16,,,,,,1.43,0.73,1.23,1*0A
1780410988.244,$GNGSA,A,3,78,66,77,79,67,68,,,,,,,1.43,0.73,1.23,2*0E
1780410988.245,$GNGSA,A,3,05,06,09,16,25,31,34,,,,,,1.43,0.73,1.23,3*0E
1780410988.247,$GNGSA,A,3,06,07,09,10,23,24,25,,,,,,1.43,0.73,1.23,4*0F
1780410988.248,$GPGSV,3,1,09,02,14,253,41,10,40,156,28,16,41,198,21,26,76,198,46,1*62
1780410988.251,$GPGSV,3,2,09,28,38,010,43,31,48,330,32,32,43,056,43,41,64,233,46,1*61
1780410988.253,$GPGSV,3,3,09,42,70,217,45,1*59
1780410988.255,$GPGSV,2,1,06,03,13,324,09,10,40,156,33,26,76,198,47,28,38,010,36,6*6F
1780410988.257,$GPGSV,2,2,06,31,48,330,33,32,43,056,38,6*65
1780410988.261,$GPGSV,2,1,07,01,12,280,,23,05,150,,25,09,038,,27,07,192,,0*64
1780410988.263,$GPGSV,2,2,07,27,07,192,,29,06,083,,40,37,260,,0*58
1780410988.265,$GLGSV,2,1,06,66,26,111,39,67,50,040,45,68,21,345,29,77,23,022,37,1*72
1780410988.266,$GLGSV,2,2,06,78,76,324,44,79,38,220,27,1*75
1780410988.268,$GLGSV,2,1,05,66,26,111,37,67,50,040,40,68,21,345,17,78,76,324,42,3*7D
1780410988.269,$GLGSV,2,2,05,79,38,220,32,3*4B
1780410988.270,$GLGSV,1,1,01,82,03,226,,0*47
1780410988.270,$GAGSV,2,1,07,05,39,356,48,06,17,084,44,09,32,063,47,16,61,078,48,2*70
1780410988.271,$GAGSV,2,2,07,25,52,182,38,31,13,041,39,34,27,267,29,2*44
1780410988.271,$GAGSV,2,1,08,05,39,356,43,06,17,084,32,09,32,063,40,16,61,078,45,7*7A
1780410988.272,$GAGSV,2,2,08,25,52,182,36,31,13,041,35,34,27,267,22,36,28,209,12,7*70
1780410988.272,$GAGSV,2,1,05,02,04,207,,03,11,310,,04,00,100,,11,05,166,,0*71
1780410988.273,$GAGSV,2,2,05,11,05,166,,0*45
1780410988.273,$GBGSV,2,1,07,06,61,150,48,07,46,007,45,09,89,178,47,10,54,353,45,1*79
1780410988.274,$GBGSV,2,2,07,23,50,245,45,24,13,036,41,25,65,356,48,1*4B
1780410988.274,$GBGSV,1,1,02,09,89,178,48,10,54,353,47,3*7A
1780410988.275,$GBGSV,2,1,08,01,42,107,,02,63,241,,03,71,141,,04,22,098,,0*79
1780410988.275,$GBGSV,2,2,08,04,22,098,,08,19,152,,13,09,191,,28,06,218,,0*79
1780410988.276,$GNGLL,1339.02249,N,10029.52067,E,143628.00,A,D*71
1780410989.232,$GNRMC,143629.00,A,1339.02250,N,10029.52072,E,0.030,,020626,0.53,W,F,V*51
1780410989.234,$GNVTG,,T,,M,0.030,N,0.056,K,D*38
1780410989.235,$GNGGA,143629.00,1339.02250,N,10029.52072,E,5,12,0.76,0.2,M,-27.8,M,1.0,0499*43
1780410989.236,$GNGSA,A,3,02,10,26,28,31,32,,,,,,,1.47,0.76,1.26,1*09
1780410989.236,$GNGSA,A,3,78,66,77,79,67,68,,,,,,,1.47,0.76,1.26,2*0A
1780410989.237,$GNGSA,A,3,05,06,09,16,25,31,34,,,,,,1.47,0.76,1.26,3*0A
1780410989.237,$GNGSA,A,3,06,07,09,10,23,24,25,,,,,,1.47,0.76,1.26,4*0B
1780410989.238,$GPGSV,3,1,09,02,14,253,41,10,40,156,30,16,41,198,19,26,76,198,45,1*63
1780410989.239,$GPGSV,3,2,09,28,38,010,42,31,48,330,32,32,43,056,43,41,64,233,47,1*61
1780410989.239,$GPGSV,3,3,09,42,70,217,45,1*59
1780410989.240,$GPGSV,2,1,06,03,13,324,12,10,40,156,33,26,76,198,46,28,38,010,35,6*67
1780410989.240,$GPGSV,2,2,06,31,48,330,32,32,43,056,38,6*64
1780410989.241,$GPGSV,2,1,07,01,12,280,,23,05,150,,25,09,038,,27,07,192,,0*64
1780410989.241,$GPGSV,2,2,07,27,07,192,,29,06,083,,40,37,260,,0*58
1780410989.242,$GLGSV,2,1,06,66,26,111,38,67,50,040,44,68,21,345,29,77,23,022,40,1*72
1780410989.243,$GLGSV,2,2,06,78,76,324,45,79,38,220,27,1*74
1780410989.243,$GLGSV,2,1,05,66,26,111,37,67,50,040,40,68,21,345,20,78,76,324,43,3*78
1780410989.244,$GLGSV,2,2,05,79,38,220,31,3*48
1780410989.244,$GLGSV,1,1,01,82,03,226,,0*47
1780410989.245,$GAGSV,2,1,07,05,39,356,48,06,17,084,44,09,32,063,47,16,61,078,49,2*71
1780410989.245,$GAGSV,2,2,07,25,52,182,39,31,13,041,39,34,27,267,31,2*4C
1780410989.246,$GAGSV,2,1,08,05,39,356,43,06,17,084,31,09,32,063,40,16,61,078,46,7*7A
1780410989.247,$GAGSV,2,2,08,25,52,182,36,31,13,041,35,34,27,267,23,36,28,209,13,7*70
1780410989.247,$GAGSV,2,1,05,02,04,207,,03,11,310,,04,00,100,,11,05,166,,0*71
1780410989.248,$GAGSV,2,2,05,11,05,166,,0*45
1780410989.249,$GBGSV,2,1,07,06,61,150,48,07,46,007,46,09,89,178,47,10,54,353,45,1*7A
1780410989.249,$GBGSV,2,2,07,23,50,245,45,24,13,036,41,25,65,356,48,1*4B
1780410989.250,$GBGSV,1,1,02,09,89,178,48,10,54,353,47,3*7A
1780410989.250,$GBGSV,2,1,08,01,42,107,,02,63,241,,03,71,141,,04,22,098,,0*79
1780410989.251,$GBGSV,2,2,08,04,22,098,,08,19,152,,13,09,191,,28,06,218,,0*79
1780410989.252,$GNGLL,1339.02250,N,10029.52072,E,143629.00,A,D*7C
1780410990.239,$GNRMC,143630.00,A,1339.02250,N,10029.52076,E,0.017,,020626,0.53,W,F,V*58
1780410990.242,$GNVTG,,T,,M,0.017,N,0.031,K,D*3C
1780410990.243,$GNGGA,143630.00,1339.02250,N,10029.52076,E,5,12,0.82,0.2,M,-27.8,M,1.0,0499*44
1780410990.244,$GNGSA,A,3,02,10,26,28,31,32,,,,,,,1.63,0.82,1.40,1*04
1780410990.244,$GNGSA,A,3,78,66,77,79,67,68,,,,,,,1.63,0.82,1.40,2*07
1780410990.245,$GNGSA,A,3,05,06,09,16,25,31,34,,,,,,1.63,0.82,1.40,3*07
1780410990.246,$GNGSA,A,3,06,07,09,10,23,24,25,,,,,,1.63,0.82,1.40,4*06
1780410990.247,$GPGSV,3,1,09,02,14,253,40,10,40,156,32,16,41,198,17,26,76,198,45,1*6E
1780410990.248,$GPGSV,3,2,09,28,38,010,41,31,48,330,32,32,43,056,43,41,64,233,46,1*63
1780410990.249,$GPGSV,3,3,09,42,70,217,46,1*5A
1780410990.249,$GPGSV,2,1,06,03,13,324,16,10,40,156,33,26,76,198,46,28,38,010,35,6*63
1780410990.250,$GPGSV,2,2,06,31,48,330,31,32,43,056,39,6*66
1780410990.250,$GPGSV,2,1,07,01,12,280,,23,05,150,,25,09,038,,27,07,192,,0*64
1780410990.251,$GPGSV,2,2,07,27,07,192,,29,06,083,,40,37,260,,0*58
1780410990.252,$GLGSV,2,1,06,66,26,111,37,67,50,040,42,68,21,345,30,77,23,022,40,1*73
1780410990.253,$GLGSV,2,2,06,78,76,324,46,79,38,220,26,1*76
1780410990.254,$GLGSV,2,1,05,66,26,111,37,67,50,040,39,68,21,345,24,78,76,324,43,3*72
1780410990.254,$GLGSV,2,2,05,79,38,220,30,3*49
1780410990.255,$GLGSV,1,1,01,82,03,226,,0*47
1780410990.256,$GAGSV,2,1,07,05,39,356,48,06,17,084,44,09,32,063,47,16,61,078,49,2*71
1780410990.257,$GAGSV,2,2,07,25,52,182,39,31,13,041,39,34,27,267,33,2*4E
1780410990.258,$GAGSV,2,1,08,05,39,356,43,06,17,084,32,09,32,063,39,16,61,078,46,7*77
1780410990.259,$GAGSV,2,2,08,25,52,182,36,31,13,041,35,34,27,267,26,36,28,209,12,7*74
1780410990.260,$GAGSV,2,1,05,02,04,207,,03,11,310,,04,00,100,,11,05,166,,0*71
1780410990.260,$GAGSV,2,2,05,11,05,166,,0*45
1780410990.260,$GBGSV,2,1,07,06,61,150,47,07,46,007,46,09,89,178,46,10,54,353,45,1*74
1780410990.261,$GBGSV,2,2,07,23,50,245,45,24,13,036,42,25,65,356,49,1*49
1780410990.261,$GBGSV,1,1,02,09,89,178,47,10,54,353,48,3*7A
1780410990.262,$GBGSV,2,1,08,01,42,107,,02,63,241,,03,71,141,,04,22,098,,0*79
1780410990.263,$GBGSV,2,2,08,04,22,098,,08,19,152,,13,09,191,,28,06,218,,0*79
1780410990.263,$GNGLL,1339.02250,N,10029.52076,E,143630.00,A,D*70
1780410991.236,$GNRMC,143631.00,A,1339.02251,N,10029.52080,E,0.026,,020626,0.53,W,F,V*53
1780410991.239,$GNVTG,,T,,M,0.026,N,0.048,K,D*30
1780410991.240,$GNGGA,143631.00,1339.02251,N,10029.52080,E,5,12,0.76,0.4,M,-27.8,M,1.0,0499*40
1780410991.240,$GNGSA,A,3,02,10,26,28,31,32,,,,,,,1.47,0.76,1.26,1*09
1780410991.241,$GNGSA,A,3,78,66,77,79,67,68,,,,,,,1.47,0.76,1.26,2*0A
1780410991.241,$GNGSA,A,3,05,06,09,16,25,31,34,,,,,,1.47,0.76,1.26,3*0A
1780410991.242,$GNGSA,A,3,06,07,09,10,23,24,25,,,,,,1.47,0.76,1.26,4*0B
1780410991.242,$GPGSV,3,1,09,02,14,253,40,10,40,156,33,16,41,198,14,26,76,198,45,1*6C
1780410991.243,$GPGSV,3,2,09,28,38,010,40,31,48,330,31,32,43,056,43,41,64,233,46,1*61
1780410991.243,$GPGSV,3,3,09,42,70,217,45,1*59
1780410991.244,$GPGSV,2,1,06,03,13,324,17,10,40,156,33,26,76,198,46,28,38,010,35,6*62
1780410991.245,$GPGSV,2,2,06,31,48,330,30,32,43,056,39,6*67
1780410991.245,$GPGSV,2,1,07,01,12,280,,23,05,150,,25,09,038,,27,07,192,,0*64
1780410991.246,$GPGSV,2,2,07,27,07,192,,29,06,083,,40,37,260,,0*58
1780410991.247,$GLGSV,2,1,06,66,26,111,37,67,50,040,42,68,21,345,30,77,23,022,40,1*73
1780410991.247,$GLGSV,2,2,06,78,76,324,46,79,38,220,26,1*76
1780410991.248,$GLGSV,2,1,05,66,26,111,38,67,50,040,39,68,21,345,27,78,76,324,45,3*78
1780410991.248,$GLGSV,2,2,05,79,38,220,30,3*49
1780410991.249,$GLGSV,1,1,01,82,03,226,,0*47
1780410991.250,$GAGSV,2,1,07,05,39,356,47,06,17,084,43,09,32,063,47,16,61,078,49,2*79
1780410991.251,$GAGSV,2,2,07,25,52,182,39,31,13,041,39,34,27,267,34,2*49
1780410991.251,$GAGSV,2,1,08,05,39,356,42,06,17,084,32,09,32,063,39,16,61,078,46,7*76
1780410991.252,$GAGSV,2,2,08,25,52,182,36,31,13,041,35,34,27,267,27,36,28,209,11,7*76
1780410991.253,$GAGSV,2,1,05,02,04,207,,03,11,310,,04,00,100,,11,05,166,,0*71
1780410991.253,$GAGSV,2,2,05,11,05,166,,0*45
1780410991.254,$GBGSV,2,1,07,06,61,150,47,07,46,007,47,09,89,178,46,10,54,353,45,1*75
1780410991.254,$GBGSV,2,2,07,23,50,245,45,24,13,036,42,25,65,356,50,1*41
1780410991.255,$GBGSV,1,1,02,09,89,178,46,10,54,353,48,3*7B
1780410991.255,$GBGSV,2,1,08,01,42,107,,02,63,241,,03,71,141,,04,22,098,,0*79
1780410991.256,$GBGSV,2,2,08,04,22,098,,08,19,152,,13,09,191,,28,06,218,,0*79
1780410991.256,$GNGLL,1339.02251,N,10029.52080,E,143631.00,A,D*79
1780410992.237,$GNRMC,143632.00,A,1339.02252,N,10029.52086,E,0.006,,020626,0.53,W,F,V*57
1780410992.239,$GNVTG,,T,,M,0.006,N,0.012,K,D*3D
1780410992.240,$GNGGA,143632.00,1339.02252,N,10029.52086,E,5,12,0.76,0.6,M,-27.8,M,1.0,0499*44
1780410992.241,$GNGSA,A,3,02,10,26,28,31,32,,,,,,,1.47,0.76,1.26,1*09
1780410992.241,$GNGSA,A,3,78,66,77,79,67,68,,,,,,,1.47,0.76,1.26,2*0A
1780410992.242,$GNGSA,A,3,05,06,09,16,25,31,34,,,,,,1.47,0.76,1.26,3*0A
1780410992.242,$GNGSA,A,3,06,07,09,10,23,24,25,,,,,,1.47,0.76,1.26,4*0B
1780410992.243,$GPGSV,3,1,09,02,14,253,40,10,40,156,33,16,41,198,11,26,76,198,46,1*6A
1780410992.243,$GPGSV,3,2,09,28,38,010,40,31,48,330,32,32,43,056,43,41,64,233,46,1*62
1780410992.244,$GPGSV,3,3,09,42,70,217,45,1*59
1780410992.244,$GPGSV,2,1,06,03,13,324,18,10,40,156,32,26,76,198,47,28,38,010,35,6*6D
1780410992.245,$GPGSV,2,2,06,31,48,330,29,32,43,056,39,6*6F
1780410992.246,$GPGSV,2,1,07,01,12,280,,23,05,150,,25,09,038,,27,07,192,,0*64
1780410992.246,$GPGSV,2,2,07,27,07,192,,29,06,083,,40,37,260,,0*58
1780410992.247,$GLGSV,2,1,06,66,26,111,37,67,50,040,41,68,21,345,30,77,23,022,40,1*70
1780410992.247,$GLGSV,2,2,06,78,76,324,47,79,38,220,26,1*77
1780410992.248,$GLGSV,2,1,05,66,26,111,38,67,50,040,39,68,21,345,28,78,76,324,44,3*76
1780410992.248,$GLGSV,2,2,05,79,38,220,29,3*41
1780410992.248,$GLGSV,1,1,01,82,03,226,,0*47
1780410992.249,$GAGSV,2,1,07,05,39,356,47,06,17,084,43,09,32,063,47,16,61,078,49,2*79
1780410992.250,$GAGSV,2,2,07,25,52,182,39,31,13,041,38,34,27,267,34,2*48
1780410992.251,$GAGSV,2,1,08,05,39,356,42,06,17,084,33,09,32,063,38,16,61,078,47,7*77
1780410992.252,$GAGSV,2,2,08,25,52,182,36,31,13,041,35,34,27,267,27,36,28,209,13,7*74
1780410992.253,$GAGSV,2,1,05,02,04,207,,03,11,310,,04,00,100,,11,05,166,,0*71
1780410992.253,$GAGSV,2,2,05,11,05,166,,0*45
1780410992.254,$GBGSV,2,1,07,06,61,150,48,07,46,007,47,09,89,178,46,10,54,353,45,1*7A
1780410992.255,$GBGSV,2,2,07,23,50,245,45,24,13,036,43,25,65,356,50,1*40
1780410992.256,$GBGSV,1,1,02,09,89,178,47,10,54,353,47,3*75
1780410992.257,$GBGSV,2,1,08,01,42,107,,02,63,241,,03,71,141,,04,22,098,,0*79
1780410992.258,$GBGSV,2,2,08,04,22,098,,08,19,152,,13,09,191,,28,06,218,,0*79
1780410992.259,$GNGLL,1339.02252,N,10029.52086,E,143632.00,A,D*7F
1780410993.235,$GNRMC,143633.00,A,1339.02252,N,10029.52090,E,0.018,,020626,0.53,W,F,V*5E
1780410993.236,$GNVTG,,T,,M,0.018,N,0.034,K,D*36
1780410993.237,$GNGGA,143633.00,1339.02252,N,10029.52090,E,5,12,0.76,0.7,M,-27.8,M,1.0,0499*43
1780410993.238,$GNGSA,A,3,02,10,26,28,31,32,,,,,,,1.47,0.76,1.26,1*09
1780410993.238,$GNGSA,A,3,78,66,77,79,67,68,,,,,,,1.47,0.76,1.26,2*0A
1780410993.239,$GNGSA,A,3,05,06,09,16,25,31,34,,,,,,1.47,0.76,1.26,3*0A
1780410993.239,$GNGSA,A,3,06,07,09,10,23,24,25,,,,,,1.47,0.76,1.26,4*0B
1780410993.240,$GPGSV,2,1,08,02,14,253,39,10,40,156,33,26,76,198,46,28,38,010,40,1*62
1780410993.241,$GPGSV,2,2,08,31,48,330,33,32,43,056,43,41,64,233,46,42,70,217,46,1*60
1780410993.241,$GPGSV,2,1,06,03,13,324,18,10,40,156,31,26,76,198,47,28,38,010,34,6*6F
1780410993.242,$GPGSV,2,2,06,31,48,330,29,32,43,056,39,6*6F
1780410993.243,$GPGSV,2,1,08,01,12,280,,16,41,198,,23,05,150,,25,09,038,,0*61
1780410993.243,$GPGSV,2,2,08,25,09,038,,27,07,192,,29,06,083,,40,37,260,,0*62
1780410993.244,$GLGSV,2,1,06,66,26,111,36,67,50,040,40,68,21,345,29,77,23,022,41,1*79
1780410993.244,$GLGSV,2,2,06,78,76,324,46,79,38,220,26,1*76
1780410993.245,$GLGSV,2,1,05,66,26,111,38,67,50,040,39,68,21,345,28,78,76,324,42,3*70
1780410993.245,$GLGSV,2,2,05,79,38,220,29,3*41
1780410993.246,$GLGSV,1,1,01,82,03,226,,0*47
1780410993.246,$GAGSV,2,1,07,05,39,356,49,06,17,084,43,09,32,063,47,16,61,078,49,2*77
1780410993.247,$GAGSV,2,2,07,25,52,182,40,31,13,041,38,34,27,267,34,2*46
1780410993.248,$GAGSV,2,1,08,05,39,356,44,06,17,084,33,09,32,063,38,16,61,078,47,7*71
1780410993.248,$GAGSV,2,2,08,25,52,182,36,31,13,041,35,34,27,267,28,36,28,209,12,7*7A
1780410993.249,$GAGSV,2,1,05,02,04,207,,03,11,310,,04,00,100,,11,05,166,,0*71
1780410993.249,$GAGSV,2,2,05,11,05,166,,0*45
1780410993.250,$GBGSV,2,1,07,06,61,150,48,07,46,007,47,09,89,178,47,10,54,353,45,1*7B
1780410993.251,$GBGSV,2,2,07,23,50,245,45,24,13,036,43,25,65,356,49,1*48
1780410993.252,$GBGSV,1,1,02,09,89,178,48,10,54,353,48,3*75
1780410993.252,$GBGSV,2,1,08,01,42,107,,02,63,241,,03,71,141,,04,22,098,,0*79
1780410993.253,$GBGSV,2,2,08,04,22,098,,08,19,152,,13,09,191,,28,06,218,,0*79
1780410993.253,$GNGLL,1339.02252,N,10029.52090,E,143633.00,A,D*79
1780410994.243,$GNRMC,143634.00,A,1339.02251,N,10029.52094,E,0.046,,020626,0.53,W,F,V*55
1780410994.245,$GNVTG,,T,,M,0.046,N,0.084,K,D*36
1780410994.246,$GNGGA,143634.00,1339.02251,N,10029.52094,E,5,12,0.76,0.8,M,-27.8,M,0.0,0499*4D
1780410994.247,$GNGSA,A,3,02,10,26,28,31,32,,,,,,,1.47,0.76,1.26,1*09
1780410994.247,$GNGSA,A,3,78,66,77,79,67,68,,,,,,,1.47,0.76,1.26,2*0A
1780410994.248,$GNGSA,A,3,05,06,09,16,25,31,34,,,,,,1.47,0.76,1.26,3*0A
1780410994.248,$GNGSA,A,3,06,07,09,10,23,24,25,,,,,,1.47,0.76,1.26,4*0B
1780410994.249,$GPGSV,2,1,08,02,14,253,39,10,40,156,33,26,76,198,46,28,38,010,40,1*62
1780410994.249,$GPGSV,2,2,08,31,48,330,33,32,43,056,43,41,64,233,47,42,70,217,47,1*60
1780410994.250,$GPGSV,2,1,06,03,13,324,17,10,40,156,31,26,76,198,47,28,38,010,35,6*61
1780410994.251,$GPGSV,2,2,06,31,48,330,29,32,43,056,39,6*6F
1780410994.251,$GPGSV,2,1,08,01,12,280,,16,41,198,,23,05,150,,25,09,038,,0*61
1780410994.252,$GPGSV,2,2,08,25,09,038,,27,07,192,,29,06,083,,40,37,260,,0*62
1780410994.252,$GLGSV,2,1,06,66,26,111,36,67,50,040,40,68,21,345,28,77,23,022,41,1*78
1780410994.253,$GLGSV,2,2,06,78,76,324,45,79,38,220,26,1*75
1780410994.253,$GLGSV,2,1,05,66,26,111,39,67,50,040,39,68,21,345,28,78,76,324,41,3*72
1780410994.254,$GLGSV,2,2,05,79,38,220,29,3*41
1780410994.254,$GLGSV,1,1,01,82,03,226,,0*47
1780410994.255,$GAGSV,2,1,07,05,39,356,49,06,17,084,43,09,32,063,47,16,61,078,50,2*7F
1780410994.255,$GAGSV,2,2,07,25,52,182,41,31,13,041,38,34,27,267,34,2*47
1780410994.256,$GAGSV,2,1,08,05,39,356,44,06,17,084,34,09,32,063,38,16,61,078,47,7*76
1780410994.257,$GAGSV,2,2,08,25,52,182,36,31,13,041,35,34,27,267,28,36,28,209,13,7*7B
1780410994.257,$GAGSV,2,1,05,02,04,207,,03,11,310,,04,00,100,,11,05,166,,0*71
1780410994.258,$GAGSV,2,2,05,11,05,166,,0*45
1780410994.259,$GBGSV,2,1,07,06,61,150,47,07,46,007,47,09,89,178,47,10,54,353,45,1*74
1780410994.260,$GBGSV,2,2,07,23,50,245,45,24,13,036,43,25,65,356,48,1*49
1780410994.260,$GBGSV,1,1,02,09,89,178,47,10,54,353,47,3*75
1780410994.261,$GBGSV,2,1,08,01,42,107,,02,63,241,,03,71,141,,04,22,098,,0*79
1780410994.261,$GBGSV,2,2,08,04,22,098,,08,19,152,,13,09,191,,28,06,218,,0*79
1780410994.262,$GNGLL,1339.02251,N,10029.52094,E,143634.00,A,D*79
1780410995.245,$GNRMC,143635.00,A,1339.02247,N,10029.52098,E,0.296,170.81,020626,0.53,W,F,V*41
1780410995.248,$GNVTG,170.81,T,171.34,M,0.296,N,0.549,K,D*32
1780410995.249,$GNGGA,143635.00,1339.02247,N,10029.52098,E,5,12,0.82,0.8,M,-27.8,M,1.0,0499*4D
1780410995.250,$GNGSA,A,3,02,10,26,28,31,32,,,,,,,1.63,0.82,1.40,1*04
1780410995.250,$GNGSA,A,3,78,66,77,79,67,68,,,,,,,1.63,0.82,1.40,2*07
1780410995.251,$GNGSA,A,3,05,06,09,16,25,31,34,,,,,,1.63,0.82,1.40,3*07
1780410995.251,$GNGSA,A,3,06,07,09,10,23,24,25,,,,,,1.63,0.82,1.40,4*06
1780410995.252,$GPGSV,3,1,09,02,14,253,36,10,40,156,28,26,76,198,47,28,38,010,40,1*66
1780410995.252,$GPGSV,3,2,09,29,06,083,40,31,48,330,34,32,43,056,37,41,64,233,47,1*60
1780410995.253,$GPGSV,3,3,09,42,70,217,46,1*5A
1780410995.253,$GPGSV,2,1,06,03,13,324,17,10,40,156,24,26,76,198,47,28,38,010,38,6*68
1780410995.254,$GPGSV,2,2,06,31,48,330,29,32,43,056,38,6*6E
1780410995.254,$GPGSV,2,1,07,01,12,280,,16,41,198,,23,05,150,,25,09,038,,0*6E
1780410995.255,$GPGSV,2,2,07,25,09,038,,27,07,192,,40,37,260,,0*5B
1780410995.256,$GLGSV,2,1,06,66,26,111,23,67,50,040,41,68,21,345,27,77,23,022,40,1*73
1780410995.256,$GLGSV,2,2,06,78,76,324,45,79,38,220,27,1*74
1780410995.257,$GLGSV,2,1,05,66,26,111,36,67,50,040,41,68,21,345,19,78,76,324,44,3*75
1780410995.257,$GLGSV,2,2,05,79,38,220,22,3*4A
1780410995.257,$GLGSV,1,1,01,82,03,226,,0*47
1780410995.258,$GAGSV,2,1,07,05,39,356,50,06,17,084,46,09,32,063,46,16,61,078,52,2*71
1780410995.259,$GAGSV,2,2,07,25,52,182,41,31,13,041,37,34,27,267,38,2*44
1780410995.260,$GAGSV,2,1,08,05,39,356,46,06,17,084,41,09,32,063,40,16,61,078,47,7*79
1780410995.261,$GAGSV,2,2,08,25,52,182,36,31,13,041,34,34,27,267,28,36,28,209,16,7*7F
1780410995.261,$GAGSV,2,1,05,02,04,207,,03,11,310,,04,00,100,,11,05,166,,0*71
1780410995.262,$GAGSV,2,2,05,11,05,166,,0*45
1780410995.262,$GBGSV,2,1,07,06,61,150,49,07,46,007,48,09,89,178,46,10,54,353,43,1*72
1780410995.263,$GBGSV,2,2,07,23,50,245,45,24,13,036,42,25,65,356,48,1*48
1780410995.263,$GBGSV,1,1,02,09,89,178,48,10,54,353,47,3*7A
1780410995.264,$GBGSV,2,1,08,01,42,107,,02,63,241,,03,71,141,,04,22,098,,0*79
1780410995.264,$GBGSV,2,2,08,04,22,098,,08,19,152,,13,09,191,,28,06,218,,0*79
1780410995.265,$GNGLL,1339.02247,N,10029.52098,E,143635.00,A,D*73
1780410996.241,$GNRMC,143636.00,A,1339.02242,N,10029.52100,E,0.033,,020626,0.53,W,F,V*5B
1780410996.243,$GNVTG,,T,,M,0.033,N,0.062,K,D*3C
1780410996.245,$GNGGA,143636.00,1339.02242,N,10029.52100,E,5,12,0.82,0.7,M,-27.8,M,1.0,0499*44
1780410996.245,$GNGSA,A,3,02,10,26,28,31,32,,,,,,,1.63,0.82,1.40,1*04
1780410996.246,$GNGSA,A,3,78,66,77,79,67,68,,,,,,,1.63,0.82,1.40,2*07
1780410996.246,$GNGSA,A,3,36,05,06,09,16,25,31,34,,,,,1.63,0.82,1.40,3*02
1780410996.247,$GNGSA,A,3,06,07,09,10,23,24,25,,,,,,1.63,0.82,1.40,4*06
1780410996.247,$GPGSV,3,1,10,02,14,253,37,10,40,156,29,16,41,198,13,26,76,198,47,1*6A
1780410996.248,$GPGSV,3,2,10,28,38,010,38,29,06,083,41,31,48,330,35,32,43,056,40,1*65
1780410996.248,$GPGSV,3,3,10,41,64,233,45,42,70,217,45,1*65
1780410996.249,$GPGSV,2,1,06,03,13,324,13,10,40,156,31,26,76,198,45,28,38,010,42,6*67
1780410996.249,$GPGSV,2,2,06,31,48,330,27,32,43,056,39,6*61
1780410996.250,$GPGSV,2,1,06,01,12,280,,23,05,150,,25,09,038,,27,07,192,,0*65
1780410996.250,$GPGSV,2,2,06,27,07,192,,40,37,260,,0*6F
1780410996.251,$GLGSV,2,1,06,66,26,111,31,67,50,040,40,68,21,345,31,77,23,022,38,1*79
1780410996.252,$GLGSV,2,2,06,78,76,324,47,79,38,220,27,1*76
1780410996.252,$GLGSV,2,1,05,66,26,111,40,67,50,040,40,68,21,345,29,78,76,324,45,3*77
1780410996.252,$GLGSV,2,2,05,79,38,220,21,3*49
1780410996.253,$GLGSV,1,1,01,82,03,226,,0*47
1780410996.254,$GAGSV,2,1,07,05,39,356,50,06,17,084,45,09,32,063,46,16,61,078,53,2*73
1780410996.254,$GAGSV,2,2,07,25,52,182,40,31,13,041,38,34,27,267,39,2*4B
1780410996.255,$GAGSV,2,1,08,05,39,356,45,06,17,084,41,09,32,063,42,16,61,078,46,7*79
1780410996.255,$GAGSV,2,2,08,25,52,182,36,31,13,041,37,34,27,267,25,36,28,209,20,7*74
1780410996.256,$GAGSV,2,1,05,02,04,207,,03,11,310,,04,00,100,,11,05,166,,0*71
1780410996.256,$GAGSV,2,2,05,11,05,166,,0*45
1780410996.257,$GBGSV,2,1,07,06,61,150,49,07,46,007,47,09,89,178,46,10,54,353,45,1*7B
1780410996.257,$GBGSV,2,2,07,23,50,245,43,24,13,036,42,25,65,356,48,1*4E
1780410996.258,$GBGSV,1,1,02,09,89,178,48,10,54,353,47,3*7A
1780410996.258,$GBGSV,2,1,08,01,42,107,,02,63,241,,03,71,141,,04,22,098,,0*79
1780410996.259,$GBGSV,2,2,08,04,22,098,,08,19,152,,13,09,191,,28,06,218,,0*79
1780410996.260,$GNGLL,1339.02242,N,10029.52100,E,143636.00,A,D*75
1780410997.241,$GNRMC,143637.00,A,1339.02235,N,10029.52101,E,0.600,169.75,020626,0.53,W,F,V*4F
1780410997.243,$GNVTG,169.75,T,170.28,M,0.600,N,1.112,K,D*3D
1780410997.245,$GNGGA,143637.00,1339.02235,N,10029.52101,E,5,12,0.97,0.5,M,-27.8,M,1.0,0499*42
1780410997.246,$GNGSA,A,3,02,10,26,28,31,32,,,,,,,1.87,0.97,1.60,1*08
1780410997.246,$GNGSA,A,3,78,66,77,79,67,68,,,,,,,1.87,0.97,1.60,2*0B
1780410997.247,$GNGSA,A,3,36,05,06,09,16,25,31,34,,,,,1.87,0.97,1.60,3*0E
1780410997.248,$GNGSA,A,3,06,07,09,10,23,24,25,,,,,,1.87,0.97,1.60,4*0A
1780410997.249,$GPGSV,3,1,10,02,14,253,38,10,40,156,27,16,41,198,14,26,76,198,47,1*6C
1780410997.251,$GPGSV,3,2,10,28,38,010,38,29,06,083,35,31,48,330,35,32,43,056,42,1*64
1780410997.251,$GPGSV,3,3,10,41,64,233,46,42,70,217,45,1*66
1780410997.252,$GPGSV,2,1,06,03,13,324,09,10,40,156,34,26,76,198,44,28,38,010,42,6*68
1780410997.252,$GPGSV,2,2,06,31,48,330,26,32,43,056,37,6*6E
1780410997.253,$GPGSV,2,1,06,01,12,280,,23,05,150,,25,09,038,,27,07,192,,0*65
1780410997.253,$GPGSV,2,2,06,27,07,192,,40,37,260,,0*6F
1780410997.254,$GLGSV,2,1,06,66,26,111,25,67,50,040,38,68,21,345,24,77,23,022,38,1*77
1780410997.255,$GLGSV,2,2,06,78,76,324,47,79,38,220,26,1*77
1780410997.255,$GLGSV,2,1,05,66,26,111,38,67,50,040,39,68,21,345,30,78,76,324,47,3*7C
1780410997.256,$GLGSV,2,2,05,79,38,220,19,3*42
1780410997.256,$GLGSV,1,1,01,82,03,226,,0*47
1780410997.257,$GAGSV,2,1,07,05,39,356,49,06,17,084,42,09,32,063,46,16,61,078,53,2*7C
1780410997.257,$GAGSV,2,2,07,25,52,182,38,31,13,041,39,34,27,267,39,2*45
1780410997.258,$GAGSV,2,1,08,05,39,356,45,06,17,084,35,09,32,063,38,16,61,078,46,7*77
1780410997.258,$GAGSV,2,2,08,25,52,182,36,31,13,041,36,34,27,267,31,36,28,209,20,7*70
1780410997.259,$GAGSV,2,1,05,02,04,207,,03,11,310,,04,00,100,,11,05,166,,0*71
1780410997.260,$GAGSV,2,2,05,11,05,166,,0*45
1780410997.261,$GBGSV,2,1,07,06,61,150,47,07,46,007,46,09,89,178,47,10,54,353,45,1*75
1780410997.261,$GBGSV,2,2,07,23,50,245,43,24,13,036,39,25,65,356,47,1*4D
1780410997.262,$GBGSV,1,1,02,09,89,178,48,10,54,353,50,3*7C
1780410997.262,$GBGSV,2,1,08,01,42,107,,02,63,241,,03,71,141,,04,22,098,,0*79
1780410997.263,$GBGSV,2,2,08,04,22,098,,08,19,152,,13,09,191,,28,06,218,,0*79
1780410997.263,$GNGLL,1339.02235,N,10029.52101,E,143637.00,A,D*75
1780410998.239,$GNRMC,143638.00,A,1339.02216,N,10029.52104,E,0.766,168.72,020626,0.53,W,F,V*43
1780410998.240,$GNVTG,168.72,T,169.24,M,0.766,N,1.419,K,D*30
1780410998.242,$GNGGA,143638.00,1339.02216,N,10029.52104,E,5,12,0.82,0.1,M,-27.8,M,1.0,0499*49
1780410998.242,$GNGSA,A,3,02,10,26,28,31,32,,,,,,,1.63,0.82,1.40,1*04
1780410998.243,$GNGSA,A,3,78,66,77,79,67,68,,,,,,,1.63,0.82,1.40,2*07
1780410998.243,$GNGSA,A,3,36,05,06,09,16,25,31,34,,,,,1.63,0.82,1.40,3*02
1780410998.244,$GNGSA,A,3,06,07,09,10,23,24,25,,,,,,1.63,0.82,1.40,4*06
1780410998.244,$GPGSV,3,1,11,02,14,253,36,03,13,324,22,10,40,156,28,16,41,198,19,1*63
1780410998.245,$GPGSV,3,2,11,26,76,198,46,28,38,010,39,29,06,083,39,31,48,330,32,1*6B
1780410998.245,$GPGSV,3,3,11,32,43,056,42,41,64,233,46,42,70,217,46,1*57
1780410998.246,$GPGSV,2,1,05,10,40,156,29,26,76,198,44,28,38,010,45,31,48,330,32,6*62
1780410998.247,$GPGSV,2,2,05,32,43,056,32,6*52
1780410998.247,$GPGSV,2,1,06,01,12,280,,23,05,150,,25,09,038,,27,07,192,,0*65
1780410998.248,$GPGSV,2,2,06,27,07,192,,40,37,260,,0*6F
1780410998.248,$GLGSV,2,1,06,66,26,111,45,67,50,040,41,68,21,345,30,77,23,022,29,1*7A
1780410998.249,$GLGSV,2,2,06,78,76,324,46,79,38,220,30,1*71
1780410998.249,$GLGSV,2,1,05,66,26,111,41,67,50,040,45,68,21,345,30,78,76,324,46,3*78
1780410998.250,$GLGSV,2,2,05,79,38,220,22,3*4A
1780410998.250,$GLGSV,1,1,01,82,03,226,,0*47
1780410998.250,$GAGSV,2,1,07,05,39,356,51,06,17,084,44,09,32,063,46,16,61,078,49,2*78
1780410998.251,$GAGSV,2,2,07,25,52,182,28,31,13,041,38,34,27,267,39,2*45
1780410998.252,$GAGSV,2,1,08,05,39,356,44,06,17,084,39,09,32,063,40,16,61,078,45,7*76
1780410998.253,$GAGSV,2,2,08,25,52,182,35,31,13,041,32,34,27,267,35,36,28,209,20,7*73
1780410998.254,$GAGSV,2,1,05,02,04,207,,03,11,310,,04,00,100,,11,05,166,,0*71
1780410998.254,$GAGSV,2,2,05,11,05,166,,0*45
1780410998.255,$GBGSV,2,1,07,06,61,150,46,07,46,007,44,09,89,178,47,10,54,353,46,1*75
1780410998.255,$GBGSV,2,2,07,23,50,245,45,24,13,036,41,25,65,356,49,1*4A
1780410998.256,$GBGSV,1,1,02,09,89,178,49,10,54,353,49,3*75
1780410998.256,$GBGSV,2,1,08,01,42,107,,02,63,241,,03,71,141,,04,22,098,,0*79
1780410998.257,$GBGSV,2,2,08,04,22,098,,08,19,152,,13,09,191,,28,06,218,,0*79
1780410998.257,$GNGLL,1339.02216,N,10029.52104,E,143638.00,A,D*7E
1780410999.239,$GNRMC,143639.00,A,1339.02195,N,10029.52107,E,0.911,167.50,020626,0.53,W,F,V*48
1780410999.241,$GNVTG,167.50,T,168.03,M,0.911,N,1.686,K,D*31
1780410999.243,$GNGGA,143639.00,1339.02195,N,10029.52107,E,5,12,0.82,-0.2,M,-27.8,M,1.0,0499*6D
1780410999.243,$GNGSA,A,3,02,10,26,28,31,32,,,,,,,1.63,0.82,1.40,1*04
1780410999.244,$GNGSA,A,3,78,66,77,79,67,68,,,,,,,1.63,0.82,1.40,2*07
1780410999.244,$GNGSA,A,3,05,06,09,16,25,31,34,,,,,,1.63,0.82,1.40,3*07
1780410999.245,$GNGSA,A,3,06,07,09,10,23,24,25,,,,,,1.63,0.82,1.40,4*06
1780410999.245,$GPGSV,3,1,10,02,14,253,34,10,40,156,32,16,41,198,19,26,76,198,47,1*69
1780410999.246,$GPGSV,3,2,10,28,38,010,43,29,06,083,41,31,48,330,25,32,43,056,36,1*69
1780410999.246,$GPGSV,3,3,10,41,64,233,49,42,70,217,46,1*6A
1780410999.247,$GPGSV,1,1,01,03,13,324,23,5*54
1780410999.247,$GPGSV,2,1,05,10,40,156,30,26,76,198,46,28,38,010,45,31,48,330,31,6*6B
1780410999.248,$GPGSV,2,2,05,32,43,056,37,6*57
1780410999.248,$GPGSV,2,1,06,01,12,280,,23,05,150,,25,09,038,,27,07,192,,0*65
1780410999.249,$GPGSV,2,2,06,27,07,192,,40,37,260,,0*6F
1780410999.250,$GLGSV,2,1,06,66,26,111,45,67,50,040,42,68,21,345,29,77,23,022,40,1*7E
1780410999.250,$GLGSV,2,2,06,78,76,324,47,79,38,220,23,1*72
1780410999.251,$GLGSV,2,1,05,66,26,111,43,67,50,040,44,68,21,345,29,78,76,324,47,3*72
1780410999.251,$GLGSV,2,2,05,79,38,220,23,3*4B
1780410999.252,$GLGSV,1,1,01,82,03,226,,0*47
1780410999.253,$GAGSV,2,1,07,05,39,356,49,06,17,084,43,09,32,063,46,16,61,078,53,2*7D
1780410999.254,$GAGSV,2,2,07,25,52,182,33,31,13,041,37,34,27,267,41,2*4F
1780410999.255,$GAGSV,2,1,08,05,39,356,45,06,17,084,38,09,32,063,38,16,61,078,44,7*78
1780410999.255,$GAGSV,2,2,08,25,52,182,33,31,13,041,28,34,27,267,37,36,28,209,18,7*77
1780410999.256,$GAGSV,2,1,05,02,04,207,,03,11,310,,04,00,100,,11,05,166,,0*71
1780410999.256,$GAGSV,2,2,05,11,05,166,,0*45
1780410999.257,$GBGSV,2,1,07,06,61,150,48,07,46,007,45,09,89,178,47,10,54,353,44,1*78
1780410999.258,$GBGSV,2,2,07,23,50,245,43,24,13,036,33,25,65,356,49,1*49
1780410999.258,$GBGSV,1,1,02,09,89,178,49,10,54,353,46,3*7A
1780410999.259,$GBGSV,2,1,08,01,42,107,,02,63,241,,03,71,141,,04,22,098,,0*79
1780410999.259,$GBGSV,2,2,08,04,22,098,,08,19,152,,13,09,191,,28,06,218,,0*79
1780410999.260,$GNGLL,1339.02195,N,10029.52107,E,143639.00,A,D*74
1780411000.239,$GNRMC,143640.00,A,1339.02171,N,10029.52112,E,0.850,162.44,020626,0.53,W,F,V*4C
1780411000.241,$GNVTG,162.44,T,162.97,M,0.850,N,1.575,K,D*3D
1780411000.242,$GNGGA,143640.00,1339.02171,N,10029.52112,E,5,12,0.97,-0.5,M,-27.8,M,1.0,0499*6E
1780411000.242,$GNGSA,A,3,02,10,26,28,31,32,16,,,,,,1.87,0.97,1.60,1*0F
1780411000.243,$GNGSA,A,3,78,66,77,79,67,68,,,,,,,1.87,0.97,1.60,2*0B
1780411000.243,$GNGSA,A,3,05,06,09,16,25,31,34,,,,,,1.87,0.97,1.60,3*0B
1780411000.244,$GNGSA,A,3,06,07,09,10,23,24,25,,,,,,1.87,0.97,1.60,4*0A
1780411000.244,$GPGSV,3,1,10,02,14,253,34,10,40,156,32,16,41,198,21,26,76,198,48,1*6D
1780411000.245,$GPGSV,3,2,10,28,38,010,44,29,06,083,37,31,48,330,25,32,43,056,45,1*6B
1780411000.245,$GPGSV,3,3,10,41,64,233,47,42,70,217,46,1*64
1780411000.246,$GPGSV,2,1,06,03,13,324,20,10,40,156,34,26,76,198,47,28,38,010,44,6*66
1780411000.247,$GPGSV,2,2,06,31,48,330,25,32,43,056,37,6*6D
1780411000.247,$GPGSV,2,1,06,01,12,280,,23,05,150,,25,09,038,,27,07,192,,0*65
1780411000.248,$GPGSV,2,2,06,27,07,192,,40,37,260,,0*6F
1780411000.248,$GLGSV,2,1,06,66,26,111,47,67,50,040,42,68,21,345,29,77,23,022,36,1*7D
1780411000.249,$GLGSV,2,2,06,78,76,324,49,79,38,220,30,1*7E
1780411000.249,$GLGSV,2,1,05,66,26,111,47,67,50,040,43,68,21,345,33,78,76,324,49,3*74
1780411000.250,$GLGSV,2,2,05,79,38,220,30,3*49
1780411000.250,$GLGSV,1,1,01,82,03,226,,0*47
1780411000.251,$GAGSV,2,1,07,05,39,356,50,06,17,084,42,09,32,063,46,16,61,078,50,2*77
1780411000.252,$GAGSV,2,2,07,25,52,182,33,31,13,041,37,34,27,267,44,2*4A
1780411000.252,$GAGSV,2,1,08,05,39,356,44,06,17,084,38,09,32,063,41,16,61,078,46,7*75
1780411000.253,$GAGSV,2,2,08,25,52,182,33,31,13,041,28,34,27,267,39,36,28,209,19,7*78
1780411000.254,$GAGSV,2,1,05,02,04,207,,03,11,310,,04,00,100,,11,05,166,,0*71
1780411000.254,$GAGSV,2,2,05,11,05,166,,0*45
1780411000.255,$GBGSV,2,1,07,06,61,150,47,07,46,007,42,09,89,178,47,10,54,353,43,1*77
1780411000.255,$GBGSV,2,2,07,23,50,245,47,24,13,036,31,25,65,356,47,1*41
1780411000.256,$GBGSV,1,1,02,09,89,178,49,10,54,353,47,3*7B
1780411000.256,$GBGSV,2,1,08,01,42,107,,02,63,241,,03,71,141,,04,22,098,,0*79
1780411000.257,$GBGSV,2,2,08,04,22,098,,08,19,152,,13,09,191,,28,06,218,,0*79
1780411000.257,$GNGLL,1339.02171,N,10029.52112,E,143640.00,A,D*74
1780411001.243,$GNRMC,143641.00,A,1339.02146,N,10029.52119,E,0.818,162.72,020626,0.53,W,F,V*4B
1780411001.246,$GNVTG,162.72,T,163.25,M,0.818,N,1.515,K,D*3A
1780411001.247,$GNGGA,143641.00,1339.02146,N,10029.52119,E,5,12,0.97,-0.7,M,-27.8,M,1.0,0499*62
1780411001.247,$GNGSA,A,3,02,10,26,28,31,32,16,,,,,,1.87,0.97,1.60,1*0F
1780411001.248,$GNGSA,A,3,78,66,77,79,67,68,,,,,,,1.87,0.97,1.60,2*0B
1780411001.248,$GNGSA,A,3,36,05,06,09,16,25,31,34,,,,,1.87,0.97,1.60,3*0E
1780411001.249,$GNGSA,A,3,06,07,09,10,23,24,25,,,,,,1.87,0.97,1.60,4*0A
1780411001.249,$GPGSV,3,1,10,02,14,253,39,10,40,156,32,16,41,198,21,26,76,198,45,1*6D
1780411001.250,$GPGSV,3,2,10,28,38,010,46,29,06,083,41,31,48,330,26,32,43,056,42,1*6C
1780411001.251,$GPGSV,3,3,10,41,64,233,45,42,70,217,47,1*67
1780411001.251,$GPGSV,2,1,06,03,13,324,17,10,40,156,23,26,76,198,45,28,38,010,45,6*67
1780411001.252,$GPGSV,2,2,06,31,48,330,26,32,43,056,42,6*6C
1780411001.252,$GPGSV,2,1,06,01,12,280,,23,05,150,,25,09,038,,27,07,192,,0*65
1780411001.253,$GPGSV,2,2,06,27,07,192,,40,37,260,,0*6F
1780411001.253,$GLGSV,2,1,06,66,26,111,43,67,50,040,36,68,21,345,34,77,23,022,39,1*79
1780411001.254,$GLGSV,2,2,06,78,76,324,50,79,38,220,24,1*73
1780411001.254,$GLGSV,2,1,05,66,26,111,46,67,50,040,34,68,21,345,29,78,76,324,48,3*7F
1780411001.255,$GLGSV,2,2,05,79,38,220,22,3*4A
1780411001.255,$GLGSV,1,1,01,82,03,226,,0*47
1780411001.256,$GAGSV,2,1,07,05,39,356,49,06,17,084,44,09,32,063,43,16,61,078,49,2*74
1780411001.257,$GAGSV,2,2,07,25,52,182,35,31,13,041,40,34,27,267,45,2*4D
1780411001.257,$GAGSV,2,1,08,05,39,356,43,06,17,084,39,09,32,063,41,16,61,078,47,7*72
1780411001.258,$GAGSV,2,2,08,25,52,182,28,31,13,041,27,34,27,267,39,36,28,209,20,7*77
1780411001.259,$GAGSV,2,1,05,02,04,207,,03,11,310,,04,00,100,,11,05,166,,0*71
1780411001.259,$GAGSV,2,2,05,11,05,166,,0*45
1780411001.260,$GBGSV,2,1,07,06,61,150,47,07,46,007,46,09,89,178,47,10,54,353,43,1*73
1780411001.260,$GBGSV,2,2,07,23,50,245,49,24,13,036,37,25,65,356,50,1*4F
1780411001.261,$GBGSV,1,1,02,09,89,178,49,10,54,353,46,3*7A
1780411001.261,$GBGSV,2,1,08,01,42,107,,02,63,241,,03,71,141,,04,22,098,,0*79
1780411001.262,$GBGSV,2,2,08,04,22,098,,08,19,152,,13,09,191,,28,06,218,,0*79
1780411001.262,$GNGLL,1339.02146,N,10029.52119,E,143641.00,A,D*7A
1780411002.241,$GNRMC,143642.00,A,1339.02125,N,10029.52126,E,0.676,161.20,020626,0.53,W,F,V*43
1780411002.243,$GNVTG,161.20,T,161.73,M,0.676,N,1.252,K,D*3D
1780411002.244,$GNGGA,143642.00,1339.02125,N,10029.52126,E,5,12,0.82,-0.8,M,-27.8,M,1.0,0499*63
1780411002.245,$GNGSA,A,3,02,10,26,28,31,32,16,,,,,,1.63,0.82,1.40,1*03
1780411002.245,$GNGSA,A,3,78,66,77,79,67,68,,,,,,,1.63,0.82,1.40,2*07
1780411002.246,$GNGSA,A,3,36,05,06,09,16,25,31,34,,,,,1.63,0.82,1.40,3*02
1780411002.246,$GNGSA,A,3,06,07,09,10,23,24,25,,,,,,1.63,0.82,1.40,4*06
1780411002.247,$GPGSV,3,1,10,02,14,253,38,10,40,156,28,16,41,198,21,26,76,198,45,1*67
1780411002.247,$GPGSV,3,2,10,28,38,010,44,29,06,083,37,31,48,330,32,32,43,056,46,1*6E
1780411002.248,$GPGSV,3,3,10,41,64,233,49,42,70,217,45,1*69
1780411002.248,$GPGSV,2,1,06,03,13,324,17,10,40,156,29,26,76,198,46,28,38,010,44,6*6F
1780411002.249,$GPGSV,2,2,06,31,48,330,31,32,43,056,38,6*67
1780411002.249,$GPGSV,2,1,06,01,12,280,,23,05,150,,25,09,038,,27,07,192,,0*65
1780411002.250,$GPGSV,2,2,06,27,07,192,,40,37,260,,0*6F
1780411002.250,$GLGSV,2,1,06,66,26,111,44,67,50,040,48,68,21,345,20,77,23,022,40,1*7C
1780411002.251,$GLGSV,2,2,06,78,76,324,49,79,38,220,24,1*7B
1780411002.252,$GLGSV,2,1,05,66,26,111,46,67,50,040,46,68,21,345,22,78,76,324,50,3*78
1780411002.252,$GLGSV,2,2,05,79,38,220,23,3*4B
1780411002.252,$GLGSV,1,1,01,82,03,226,,0*47
1780411002.253,$GAGSV,2,1,07,05,39,356,50,06,17,084,42,09,32,063,47,16,61,078,50,2*76
1780411002.254,$GAGSV,2,2,07,25,52,182,37,31,13,041,38,34,27,267,44,2*41
1780411002.255,$GAGSV,2,1,08,05,39,356,44,06,17,084,37,09,32,063,37,16,61,078,45,7*78
1780411002.255,$GAGSV,2,2,08,25,52,182,35,31,13,041,32,34,27,267,34,36,28,209,20,7*72
1780411002.256,$GAGSV,2,1,05,02,04,207,,03,11,310,,04,00,100,,11,05,166,,0*71
1780411002.256,$GAGSV,2,2,05,11,05,166,,0*45
1780411002.257,$GBGSV,2,1,07,06,61,150,47,07,46,007,46,09,89,178,45,10,54,353,44,1*76
1780411002.257,$GBGSV,2,2,07,23,50,245,50,24,13,036,26,25,65,356,49,1*4F
1780411002.258,$GBGSV,1,1,02,09,89,178,48,10,54,353,46,3*7B
1780411002.258,$GBGSV,2,1,08,01,42,107,,02,63,241,,03,71,141,,04,22,098,,0*79
1780411002.259,$GBGSV,2,2,08,04,22,098,,08,19,152,,13,09,191,,28,06,218,,0*79
1780411002.259,$GNGLL,1339.02125,N,10029.52126,E,143642.00,A,D*70
1780411003.234,$GNRMC,143643.00,A,1339.02105,N,10029.52133,E,0.744,159.08,020626,0.53,W,F,V*45
1780411003.237,$GNVTG,159.08,T,159.61,M,0.744,N,1.378,K,D*3D
1780411003.239,$GNGGA,143643.00,1339.02105,N,10029.52133,E,5,12,0.97,-0.9,M,-27.8,M,1.0,0499*61
1780411003.239,$GNGSA,A,3,02,10,26,28,31,32,16,,,,,,1.87,0.97,1.60,1*0F
1780411003.240,$GNGSA,A,3,78,66,77,79,67,68,,,,,,,1.87,0.97,1.60,2*0B
1780411003.240,$GNGSA,A,3,05,06,09,16,25,31,34,,,,,,1.87,0.97,1.60,3*0B
1780411003.241,$GNGSA,A,3,06,07,09,10,23,24,25,,,,,,1.87,0.97,1.60,4*0A
1780411003.241,$GPGSV,3,1,10,02,14,253,39,10,40,156,30,16,41,198,21,26,76,198,47,1*6D
1780411003.242,$GPGSV,3,2,10,28,38,010,38,29,06,083,39,31,48,330,27,32,43,056,43,1*6A
1780411003.242,$GPGSV,3,3,10,41,64,233,48,42,70,217,46,1*6B
1780411003.243,$GPGSV,2,1,06,03,13,324,19,10,40,156,29,26,76,198,46,28,38,010,39,6*6B
1780411003.243,$GPGSV,2,2,06,31,48,330,26,32,43,056,43,6*6D
1780411003.244,$GPGSV,2,1,06,01,12,280,,23,05,150,,25,09,038,,27,07,192,,0*65
1780411003.244,$GPGSV,2,2,06,27,07,192,,40,37,260,,0*6F
1780411003.245,$GLGSV,2,1,06,66,26,111,47,67,50,040,43,68,21,345,22,77,23,022,40,1*76
1780411003.246,$GLGSV,2,2,06,78,76,324,50,79,38,220,26,1*71
1780411003.246,$GLGSV,2,1,05,66,26,111,42,67,50,040,48,68,21,345,25,78,76,324,50,3*75
1780411003.247,$GLGSV,2,2,05,79,38,220,31,3*48
1780411003.247,$GLGSV,1,1,01,82,03,226,,0*47
1780411003.248,$GAGSV,2,1,07,05,39,356,49,06,17,084,40,09,32,063,46,16,61,078,49,2*75
1780411003.248,$GAGSV,2,2,07,25,52,182,31,31,13,041,43,34,27,267,38,2*40
1780411003.249,$GAGSV,2,1,08,05,39,356,42,06,17,084,35,09,32,063,43,16,61,078,41,7*7B
1780411003.249,$GAGSV,2,2,08,25,52,182,25,31,13,041,32,34,27,267,34,36,28,209,19,7*79
1780411003.250,$GAGSV,2,1,05,02,04,207,,03,11,310,,04,00,100,,11,05,166,,0*71
1780411003.250,$GAGSV,2,2,05,11,05,166,,0*45
1780411003.251,$GBGSV,2,1,07,06,61,150,47,07,46,007,46,09,89,178,46,10,54,353,45,1*74
1780411003.251,$GBGSV,2,2,07,23,50,245,51,24,13,036,36,25,65,356,47,1*41
1780411003.252,$GBGSV,1,1,02,09,89,178,48,10,54,353,49,3*74
1780411003.252,$GBGSV,2,1,08,01,42,107,,02,63,241,,03,71,141,,04,22,098,,0*79
1780411003.253,$GBGSV,2,2,08,04,22,098,,08,19,152,,13,09,191,,28,06,218,,0*79
1780411003.253,$GNGLL,1339.02105,N,10029.52133,E,143643.00,A,D*77
1780411004.240,$GNRMC,143644.00,A,1339.02083,N,10029.52141,E,0.807,156.63,020626,0.53,W,F,V*42
1780411004.242,$GNVTG,156.63,T,157.16,M,0.807,N,1.495,K,D*3D
1780411004.244,$GNGGA,143644.00,1339.02083,N,10029.52141,E,5,12,0.88,-1.0,M,-27.8,M,1.0,0499*6A
1780411004.244,$GNGSA,A,3,02,10,26,28,31,32,16,,,,,,1.64,0.88,1.38,1*01
1780411004.245,$GNGSA,A,3,78,66,77,79,67,68,,,,,,,1.64,0.88,1.38,2*05
1780411004.245,$GNGSA,A,3,05,06,09,16,25,31,34,,,,,,1.64,0.88,1.38,3*05
1780411004.246,$GNGSA,A,3,06,07,09,10,23,24,25,,,,,,1.64,0.88,1.38,4*04
1780411004.246,$GPGSV,3,1,10,02,14,253,36,10,40,156,33,16,41,198,22,26,76,198,48,1*6D
1780411004.247,$GPGSV,3,2,10,28,38,010,42,29,06,083,37,31,48,330,32,32,43,056,47,1*69
1780411004.247,$GPGSV,3,3,10,41,64,233,49,42,70,217,48,1*64
1780411004.248,$GPGSV,2,1,06,03,13,324,19,10,40,156,22,26,76,198,45,28,38,010,39,6*63
1780411004.248,$GPGSV,2,2,06,31,48,330,25,32,43,056,42,6*6F
1780411004.249,$GPGSV,2,1,06,01,12,280,,23,05,150,,25,09,038,,27,07,192,,0*65
1780411004.249,$GPGSV,2,2,06,27,07,192,,40,37,260,,0*6F
1780411004.250,$GLGSV,2,1,06,66,26,111,45,67,50,040,47,68,21,345,29,77,23,022,36,1*7A
1780411004.251,$GLGSV,2,2,06,78,76,324,48,79,38,220,30,1*7F
1780411004.251,$GLGSV,2,1,05,66,26,111,48,67,50,040,41,68,21,345,26,78,76,324,48,3*7C
1780411004.252,$GLGSV,2,2,05,79,38,220,31,3*48
1780411004.252,$GLGSV,1,1,01,82,03,226,,0*47
1780411004.253,$GAGSV,2,1,07,05,39,356,47,06,17,084,36,09,32,063,44,16,61,078,51,2*71
1780411004.254,$GAGSV,2,2,07,25,52,182,38,31,13,041,44,34,27,267,39,2*4F
1780411004.254,$GAGSV,2,1,07,05,39,356,41,06,17,084,35,09,32,063,43,16,61,078,43,7*75
1780411004.255,$GAGSV,2,2,07,31,13,041,36,34,27,267,34,36,28,209,19,7*4E
1780411004.255,$GAGSV,2,1,05,02,04,207,,03,11,310,,04,00,100,,11,05,166,,0*71
1780411004.256,$GAGSV,2,2,05,11,05,166,,0*45
1780411004.256,$GBGSV,2,1,07,06,61,150,48,07,46,007,45,09,89,178,48,10,54,353,43,1*70
1780411004.257,$GBGSV,2,2,07,23,50,245,50,24,13,036,38,25,65,356,48,1*41
1780411004.257,$GBGSV,1,1,02,09,89,178,49,10,54,353,50,3*7D
1780411004.258,$GBGSV,2,1,08,01,42,107,,02,63,241,,03,71,141,,04,22,098,,0*79
1780411004.258,$GBGSV,2,2,08,04,22,098,,08,19,152,,13,09,191,,28,06,218,,0*79
1780411004.259,$GNGLL,1339.02083,N,10029.52141,E,143644.00,A,D*7A
1780411005.243,$GNRMC,143645.00,A,1339.02062,N,10029.52148,E,0.707,165.24,020626,0.53,W,F,V*49
1780411005.245,$GNVTG,165.24,T,165.77,M,0.707,N,1.309,K,D*35
1780411005.247,$GNGGA,143645.00,1339.02062,N,10029.52148,E,5,12,0.82,-1.1,M,-27.8,M,1.0,0499*66
1780411005.247,$GNGSA,A,3,02,10,26,28,31,32,16,,,,,,1.63,0.82,1.40,1*03
1780411005.248,$GNGSA,A,3,78,66,77,79,67,68,,,,,,,1.63,0.82,1.40,2*07
1780411005.248,$GNGSA,A,3,05,06,09,16,25,31,34,,,,,,1.63,0.82,1.40,3*07
1780411005.249,$GNGSA,A,3,06,07,09,10,23,24,25,,,,,,1.63,0.82,1.40,4*06
1780411005.249,$GPGSV,3,1,10,02,14,253,32,10,40,156,29,16,41,198,21,26,76,198,48,1*61
1780411005.250,$GPGSV,3,2,10,28,38,010,45,29,06,083,35,31,48,330,28,32,43,056,44,1*64
1780411005.251,$GPGSV,3,3,10,41,64,233,48,42,70,217,47,1*6A
1780411005.251,$GPGSV,2,1,06,03,13,324,17,10,40,156,29,26,76,198,45,28,38,010,43,6*6B
1780411005.252,$GPGSV,2,2,06,31,48,330,31,32,43,056,45,6*6D
1780411005.252,$GPGSV,2,1,06,01,12,280,,23,05,150,,25,09,038,,27,07,192,,0*65
1780411005.253,$GPGSV,2,2,06,27,07,192,,40,37,260,,0*6F
1780411005.253,$GLGSV,2,1,06,66,26,111,49,67,50,040,45,68,21,345,25,77,23,022,36,1*78
1780411005.254,$GLGSV,2,2,06,78,76,324,48,79,38,220,29,1*77
1780411005.254,$GLGSV,2,1,05,66,26,111,46,67,50,040,49,68,21,345,25,78,76,324,48,3*79
1780411005.255,$GLGSV,2,2,05,79,38,220,29,3*41
1780411005.255,$GLGSV,1,1,01,82,03,226,,0*47
1780411005.256,$GAGSV,2,1,07,05,39,356,47,06,17,084,35,09,32,063,47,16,61,078,51,2*71
1780411005.257,$GAGSV,2,2,07,25,52,182,32,31,13,041,44,34,27,267,42,2*49
1780411005.257,$GAGSV,2,1,07,05,39,356,39,06,17,084,31,09,32,063,40,16,61,078,43,7*7D
1780411005.258,$GAGSV,2,2,07,31,13,041,38,34,27,267,36,36,28,209,19,7*42
1780411005.259,$GAGSV,2,1,05,02,04,207,,03,11,310,,04,00,100,,11,05,166,,0*71
1780411005.259,$GAGSV,2,2,05,11,05,166,,0*45
1780411005.259,$GBGSV,2,1,07,06,61,150,47,07,46,007,43,09,89,178,48,10,54,353,43,1*79
1780411005.260,$GBGSV,2,2,07,23,50,245,47,24,13,036,40,25,65,356,50,1*41
1780411005.260,$GBGSV,1,1,02,09,89,178,49,10,54,353,51,3*7C
1780411005.261,$GBGSV,2,1,08,01,42,107,,02,63,241,,03,71,141,,04,22,098,,0*79
1780411005.261,$GBGSV,2,2,08,04,22,098,,08,19,152,,13,09,191,,28,06,218,,0*79
1780411005.262,$GNGLL,1339.02062,N,10029.52148,E,143645.00,A,D*7D
1780411006.240,$GNRMC,143646.00,A,1339.02042,N,10029.52154,E,0.729,158.67,020626,0.53,W,F,V*40
1780411006.241,$GNVTG,158.67,T,159.20,M,0.729,N,1.350,K,D*31
1780411006.243,$GNGGA,143646.00,1339.02042,N,10029.52154,E,5,12,0.82,-1.2,M,-27.8,M,1.0,0499*69
1780411006.244,$GNGSA,A,3,02,10,26,28,31,32,16,,,,,,1.63,0.82,1.40,1*03
1780411006.244,$GNGSA,A,3,78,66,77,79,67,68,,,,,,,1.63,0.82,1.40,2*07
1780411006.245,$GNGSA,A,3,05,06,09,16,25,31,34,,,,,,1.63,0.82,1.40,3*07
1780411006.245,$GNGSA,A,3,06,07,09,10,23,24,25,,,,,,1.63,0.82,1.40,4*06
1780411006.246,$GPGSV,3,1,10,02,14,253,35,10,40,156,15,16,41,198,20,26,76,198,47,1*67
1780411006.246,$GPGSV,3,2,10,28,38,010,44,29,06,083,31,31,48,330,38,32,43,056,46,1*62
1780411006.247,$GPGSV,3,3,10,41,64,233,48,42,70,217,45,1*68
1780411006.248,$GPGSV,2,1,06,03,13,324,22,10,40,156,30,26,76,198,45,28,38,010,44,6*62
1780411006.248,$GPGSV,2,2,06,31,48,330,27,32,43,056,42,6*6D
1780411006.249,$GPGSV,2,1,06,01,12,280,,23,05,150,,25,09,038,,27,07,192,,0*65
1780411006.249,$GPGSV,2,2,06,27,07,192,,40,37,260,,0*6F
1780411006.250,$GLGSV,2,1,06,66,26,111,42,67,50,040,43,68,21,345,25,77,23,022,28,1*7A
1780411006.250,$GLGSV,2,2,06,78,76,324,49,79,38,220,34,1*7A
1780411006.251,$GLGSV,2,1,05,66,26,111,46,67,50,040,28,68,21,345,26,78,76,324,48,3*7D
1780411006.252,$GLGSV,2,2,05,79,38,220,29,3*41
1780411006.252,$GLGSV,1,1,01,82,03,226,,0*47
1780411006.253,$GAGSV,2,1,07,05,39,356,47,06,17,084,38,09,32,063,44,16,61,078,49,2*76
1780411006.253,$GAGSV,2,2,07,25,52,182,37,31,13,041,42,34,27,267,44,2*4C
1780411006.254,$GAGSV,2,1,07,05,39,356,42,06,17,084,31,09,32,063,41,16,61,078,45,7*76
1780411006.254,$GAGSV,2,2,07,31,13,041,36,34,27,267,31,36,28,209,19,7*4B
1780411006.255,$GAGSV,2,1,05,02,04,207,,03,11,310,,04,00,100,,11,05,166,,0*71
1780411006.255,$GAGSV,2,2,05,11,05,166,,0*45
1780411006.256,$GBGSV,2,1,07,06,61,150,46,07,46,007,43,09,89,178,44,10,54,353,43,1*74
1780411006.257,$GBGSV,2,2,07,23,50,245,45,24,13,036,40,25,65,356,50,1*43
1780411006.257,$GBGSV,1,1,02,09,89,178,48,10,54,353,49,3*74
1780411006.257,$GBGSV,2,1,08,01,42,107,,02,63,241,,03,71,141,,04,22,098,,0*79
1780411006.258,$GBGSV,2,2,08,04,22,098,,08,19,152,,13,09,191,,28,06,218,,0*79
1780411006.258,$GNGLL,1339.02042,N,10029.52154,E,143646.00,A,D*71
1780411007.232,$GNRMC,143647.00,A,1339.02020,N,10029.52163,E,0.882,157.29,020626,0.53,W,F,V*4A
1780411007.234,$GNVTG,157.29,T,157.82,M,0.882,N,1.633,K,D*3C
1780411007.235,$GNGGA,143647.00,1339.02020,N,10029.52163,E,5,12,0.82,-1.3,M,-27.8,M,1.0,0499*69
1780411007.236,$GNGSA,A,3,02,10,26,28,31,32,16,,,,,,1.63,0.82,1.40,1*03
1780411007.236,$GNGSA,A,3,78,66,77,79,67,68,,,,,,,1.63,0.82,1.40,2*07
1780411007.237,$GNGSA,A,3,05,06,09,16,25,31,34,,,,,,1.63,0.82,1.40,3*07
1780411007.237,$GNGSA,A,3,06,07,09,10,23,24,25,,,,,,1.63,0.82,1.40,4*06
1780411007.238,$GPGSV,3,1,10,02,14,253,37,16,41,198,22,26,76,198,48,28,38,010,42,1*6D
1780411007.239,$GPGSV,3,2,10,29,06,083,34,31,48,330,26,32,43,056,45,41,64,233,49,1*63
1780411007.239,$GPGSV,3,3,10,42,70,217,44,50,56,115,41,1*66
1780411007.240,$GPGSV,2,1,06,03,13,324,20,10,40,156,29,26,76,198,47,28,38,010,45,6*6B
1780411007.240,$GPGSV,2,2,06,31,48,330,33,32,43,056,46,6*6C
1780411007.241,$GPGSV,2,1,05,01,12,280,,23,05,150,,25,09,038,,27,07,192,,0*66
1780411007.241,$GPGSV,2,2,05,27,07,192,,0*58
1780411007.242,$GLGSV,2,1,06,66,26,111,46,67,50,040,49,68,21,345,25,77,23,022,33,1*7E
1780411007.242,$GLGSV,2,2,06,78,76,324,49,79,38,220,24,1*7B
1780411007.243,$GLGSV,2,1,05,66,26,111,45,67,50,040,50,68,21,345,25,78,76,324,47,3*7D
1780411007.244,$GLGSV,2,2,05,79,38,220,27,3*4F
1780411007.244,$GLGSV,1,1,01,82,03,226,,0*47
1780411007.245,$GAGSV,2,1,07,05,39,356,45,06,17,084,22,09,32,063,44,16,61,078,46,2*70
1780411007.245,$GAGSV,2,2,07,25,52,182,37,31,13,041,42,34,27,267,45,2*4D
1780411007.246,$GAGSV,2,1,06,05,39,356,41,06,17,084,30,09,32,063,41,16,61,078,42,7*72
1780411007.246,$GAGSV,2,2,06,31,13,041,38,34,27,267,40,7*7E
1780411007.247,$GAGSV,2,1,06,02,04,207,,03,11,310,,04,00,100,,11,05,166,,0*72
1780411007.247,$GAGSV,2,2,06,11,05,166,,15,01,310,,0*71
1780411007.248,$GBGSV,2,1,07,06,61,150,48,07,46,007,42,09,89,178,47,10,54,353,45,1*7E
1780411007.249,$GBGSV,2,2,07,23,50,245,51,24,13,036,37,25,65,356,49,1*4E
1780411007.249,$GBGSV,1,1,02,09,89,178,48,10,54,353,47,3*7A
1780411007.250,$GBGSV,2,1,08,01,42,107,,02,63,241,,03,71,141,,04,22,098,,0*79
1780411007.250,$GBGSV,2,2,08,04,22,098,,08,19,152,,13,09,191,,28,06,218,,0*79
1780411007.250,$GNGLL,1339.02020,N,10029.52163,E,143647.00,A,D*70
1780411008.238,$GNRMC,143648.00,A,1339.01996,N,10029.52175,E,0.913,156.03,020626,0.53,W,F,V*45
1780411008.240,$GNVTG,156.03,T,156.56,M,0.913,N,1.691,K,D*3C
1780411008.242,$GNGGA,143648.00,1339.01996,N,10029.52175,E,5,12,0.82,-1.4,M,-27.8,M,1.0,0499*61
1780411008.242,$GNGSA,A,3,02,10,26,28,31,32,16,,,,,,1.63,0.82,1.40,1*03
1780411008.243,$GNGSA,A,3,78,66,77,79,67,68,,,,,,,1.63,0.82,1.40,2*07
1780411008.243,$GNGSA,A,3,05,06,09,16,25,31,34,,,,,,1.63,0.82,1.40,3*07
1780411008.244,$GNGSA,A,3,06,07,09,10,23,24,25,,,,,,1.63,0.82,1.40,4*06
1780411008.244,$GPGSV,3,1,10,02,14,253,38,16,41,198,24,26,76,198,48,28,38,010,38,1*69
1780411008.245,$GPGSV,3,2,10,29,06,083,25,31,48,330,25,32,43,056,45,41,64,233,49,1*60
1780411008.245,$GPGSV,3,3,10,42,70,217,47,50,56,115,42,1*66
1780411008.246,$GPGSV,2,1,06,03,13,324,20,10,40,156,28,26,76,198,48,28,38,010,42,6*62
1780411008.247,$GPGSV,2,2,06,31,48,330,30,32,43,056,42,6*6B
1780411008.247,$GPGSV,2,1,05,01,12,280,,23,05,150,,25,09,038,,27,07,192,,0*66
1780411008.248,$GPGSV,2,2,05,27,07,192,,0*58
1780411008.248,$GLGSV,2,1,06,66,26,111,47,67,50,040,50,68,21,345,26,77,23,022,31,1*76
1780411008.249,$GLGSV,2,2,06,78,76,324,48,79,38,220,25,1*7B
1780411008.250,$GLGSV,2,1,05,66,26,111,46,67,50,040,46,68,21,345,31,78,76,324,48,3*73
1780411008.250,$GLGSV,2,2,05,79,38,220,23,3*4B
1780411008.251,$GLGSV,1,1,01,82,03,226,,0*47
1780411008.251,$GAGSV,2,1,07,05,39,356,48,06,17,084,32,09,32,063,43,16,61,078,45,2*78
1780411008.252,$GAGSV,2,2,07,25,52,182,39,31,13,041,42,34,27,267,42,2*44
1780411008.253,$GAGSV,2,1,08,05,39,356,41,06,17,084,35,09,32,063,39,16,61,078,35,7*76
1780411008.253,$GAGSV,2,2,08,25,52,182,23,31,13,041,40,34,27,267,41,36,28,209,23,7*71
1780411008.254,$GAGSV,2,1,05,02,04,207,,03,11,310,,04,00,100,,11,05,166,,0*71
1780411008.254,$GAGSV,2,2,05,11,05,166,,0*45
1780411008.255,$GBGSV,2,1,07,06,61,150,48,07,46,007,45,09,89,178,48,10,54,353,43,1*70
1780411008.256,$GBGSV,2,2,07,23,50,245,45,24,13,036,40,25,65,356,48,1*4A
1780411008.256,$GBGSV,1,1,02,09,89,178,50,10,54,353,46,3*72
1780411008.257,$GBGSV,2,1,08,01,42,107,,02,63,241,,03,71,141,,04,22,098,,0*79
1780411008.258,$GBGSV,2,2,08,04,22,098,,08,19,152,,13,09,191,,28,06,218,,0*79
1780411008.258,$GNGLL,1339.01996,N,10029.52175,E,143648.00,A,D*7F
1780411009.241,$GNRMC,143649.00,A,1339.01974,N,10029.52184,E,0.643,164.16,020626,0.53,W,F,V*49
1780411009.243,$GNVTG,164.16,T,164.69,M,0.643,N,1.192,K,D*3A
1780411009.245,$GNGGA,143649.00,1339.01974,N,10029.52184,E,5,12,0.81,-1.4,M,-27.8,M,1.0,0499*61
1780411009.245,$GNGSA,A,3,02,10,26,28,31,32,16,,,,,,1.62,0.81,1.39,1*0F
1780411009.246,$GNGSA,A,3,78,66,77,79,67,68,,,,,,,1.62,0.81,1.39,2*0B
1780411009.246,$GNGSA,A,3,05,06,09,16,25,31,34,,,,,,1.62,0.81,1.39,3*0B
1780411009.247,$GNGSA,A,3,06,07,09,10,23,24,25,,,,,,1.62,0.81,1.39,4*0A
1780411009.247,$GPGSV,3,1,11,02,14,253,38,10,40,156,33,16,41,198,22,26,76,198,48,1*62
1780411009.248,$GPGSV,3,2,11,28,38,010,43,29,06,083,26,31,48,330,31,32,43,056,45,1*68
1780411009.249,$GPGSV,3,3,11,41,64,233,45,42,70,217,45,50,56,115,43,1*50
1780411009.249,$GPGSV,2,1,06,03,13,324,22,10,40,156,28,26,76,198,47,28,38,010,43,6*6E
1780411009.250,$GPGSV,2,2,06,31,48,330,30,32,43,056,47,6*6E
1780411009.250,$GPGSV,2,1,05,01,12,280,,23,05,150,,25,09,038,,27,07,192,,0*66
1780411009.251,$GPGSV,2,2,05,27,07,192,,0*58
1780411009.251,$GLGSV,2,1,06,66,26,111,40,67,50,040,42,68,21,345,32,77,23,022,34,1*72
1780411009.252,$GLGSV,2,2,06,78,76,324,50,79,38,220,25,1*72
1780411009.253,$GLGSV,2,1,05,66,26,111,45,67,50,040,44,68,21,345,26,78,76,324,48,3*74
1780411009.253,$GLGSV,2,2,05,79,38,220,33,3*4A
1780411009.254,$GLGSV,1,1,01,82,03,226,,0*47
1780411009.254,$GAGSV,2,1,07,05,39,356,46,06,17,084,32,09,32,063,45,16,61,078,45,2*70
1780411009.255,$GAGSV,2,2,07,25,52,182,26,31,13,041,44,34,27,267,41,2*4F
1780411009.256,$GAGSV,2,1,08,05,39,356,42,06,17,084,36,09,32,063,25,16,61,078,38,7*76
1780411009.257,$GAGSV,2,2,08,25,52,182,31,31,13,041,38,34,27,267,34,36,28,209,22,7*7E
1780411009.258,$GAGSV,2,1,05,02,04,207,,03,11,310,,04,00,100,,11,05,166,,0*71
1780411009.258,$GAGSV,2,2,05,11,05,166,,0*45
1780411009.259,$GBGSV,2,1,07,06,61,150,47,07,46,007,43,09,89,178,47,10,54,353,45,1*70
1780411009.259,$GBGSV,2,2,07,23,50,245,47,24,13,036,40,25,65,356,47,1*47
1780411009.260,$GBGSV,1,1,02,09,89,178,49,10,54,353,48,3*74
1780411009.260,$GBGSV,2,1,08,01,42,107,,02,63,241,,03,71,141,,04,22,098,,0*79
1780411009.261,$GBGSV,2,2,08,04,22,098,,08,19,152,,13,09,191,,28,06,218,,0*79
1780411009.261,$GNGLL,1339.01974,N,10029.52184,E,143649.00,A,D*7C
1780411010.242,$GNRMC,143650.00,A,1339.01955,N,10029.52193,E,0.714,152.90,020626,0.53,W,F,V*4C
1780411010.244,$GNVTG,152.90,T,153.43,M,0.714,N,1.323,K,D*36
1780411010.245,$GNGGA,143650.00,1339.01955,N,10029.52193,E,5,12,0.81,-1.4,M,-27.8,M,1.0,0499*6C
1780411010.246,$GNGSA,A,3,02,10,26,28,31,32,16,,,,,,1.62,0.81,1.39,1*0F
1780411010.246,$GNGSA,A,3,78,66,77,79,67,68,,,,,,,1.62,0.81,1.39,2*0B
1780411010.247,$GNGSA,A,3,05,06,09,16,25,31,34,,,,,,1.62,0.81,1.39,3*0B
1780411010.247,$GNGSA,A,3,06,07,09,10,23,24,25,,,,,,1.62,0.81,1.39,4*0A
1780411010.248,$GPGSV,3,1,11,02,14,253,38,10,40,156,36,16,41,198,22,26,76,198,47,1*68
1780411010.248,$GPGSV,3,2,11,28,38,010,43,29,06,083,31,31,48,330,24,32,43,056,41,1*6E
1780411010.249,$GPGSV,3,3,11,41,64,233,47,42,70,217,45,50,56,115,42,1*53
1780411010.250,$GPGSV,2,1,07,02,14,253,17,03,13,324,21,10,40,156,27,26,76,198,45,6*63
1780411010.250,$GPGSV,2,2,07,28,38,010,44,31,48,330,33,32,43,056,37,6*5B
1780411010.251,$GPGSV,2,1,05,01,12,280,,23,05,150,,25,09,038,,27,07,192,,0*66
1780411010.251,$GPGSV,2,2,05,27,07,192,,0*58
1780411010.252,$GLGSV,2,1,06,66,26,111,44,67,50,040,48,68,21,345,27,77,23,022,31,1*7D
1780411010.252,$GLGSV,2,2,06,78,76,324,51,79,38,220,35,1*72
1780411010.253,$GLGSV,2,1,05,66,26,111,41,67,50,040,50,68,21,345,25,78,76,324,49,3*77
1780411010.253,$GLGSV,2,2,05,79,38,220,38,3*41
1780411010.253,$GLGSV,1,1,01,82,03,226,,0*47
1780411010.254,$GAGSV,2,1,06,05,39,356,49,09,32,063,47,16,61,078,47,25,52,182,33,2*78
1780411010.255,$GAGSV,2,2,06,31,13,041,45,34,27,267,41,2*70
1780411010.256,$GAGSV,2,1,08,05,39,356,42,06,17,084,40,09,32,063,42,16,61,078,35,7*7B
1780411010.256,$GAGSV,2,2,08,25,52,182,37,31,13,041,39,34,27,267,39,36,28,209,19,7*7C
1780411010.257,$GAGSV,2,1,05,02,04,207,,03,11,310,,04,00,100,,11,05,166,,0*71
1780411010.258,$GAGSV,2,2,05,11,05,166,,0*45
1780411010.258,$GBGSV,2,1,07,06,61,150,48,07,46,007,45,09,89,178,47,10,54,353,45,1*79
1780411010.259,$GBGSV,2,2,07,23,50,245,51,24,13,036,39,25,65,356,48,1*41
1780411010.259,$GBGSV,1,1,02,09,89,178,49,10,54,353,46,3*7A
1780411010.260,$GBGSV,2,1,08,01,42,107,,02,63,241,,03,71,141,,04,22,098,,0*79
1780411010.260,$GBGSV,2,2,08,04,22,098,,08,19,152,,13,09,191,,28,06,218,,0*79
1780411010.261,$GNGLL,1339.01955,N,10029.52193,E,143650.00,A,D*71
1780411011.241,$GNRMC,143651.00,A,1339.01935,N,10029.52205,E,0.763,154.15,020626,0.53,W,F,V*4C
1780411011.243,$GNVTG,154.15,T,154.68,M,0.763,N,1.412,K,D*36
1780411011.244,$GNGGA,143651.00,1339.01935,N,10029.52205,E,5,12,0.87,-1.3,M,-27.8,M,1.0,0499*66
1780411011.245,$GNGSA,A,3,02,10,26,28,31,32,16,,,,,,1.72,0.87,1.48,1*0E
1780411011.245,$GNGSA,A,3,78,66,77,79,67,68,,,,,,,1.72,0.87,1.48,2*0A
1780411011.246,$GNGSA,A,3,05,06,09,16,25,31,34,,,,,,1.72,0.87,1.48,3*0A
1780411011.246,$GNGSA,A,3,06,07,09,10,23,24,25,,,,,,1.72,0.87,1.48,4*0B
1780411011.247,$GPGSV,3,1,11,02,14,253,35,10,40,156,33,16,41,198,20,26,76,198,46,1*63
1780411011.248,$GPGSV,3,2,11,28,38,010,42,29,06,083,37,31,48,330,33,32,43,056,42,1*6C
1780411011.248,$GPGSV,3,3,11,41,64,233,45,42,70,217,47,50,56,115,43,1*52
1780411011.249,$GPGSV,2,1,07,02,14,253,13,03,13,324,19,10,40,156,27,26,76,198,46,6*6F
1780411011.250,$GPGSV,2,2,07,28,38,010,43,31,48,330,29,32,43,056,34,6*54
1780411011.250,$GPGSV,2,1,05,01,12,280,,23,05,150,,25,09,038,,27,07,192,,0*66
1780411011.250,$GPGSV,2,2,05,27,07,192,,0*58
1780411011.251,$GLGSV,2,1,06,66,26,111,45,67,50,040,48,68,21,345,27,77,23,022,37,1*7A
1780411011.252,$GLGSV,2,2,06,78,76,324,48,79,38,220,37,1*78
1780411011.252,$GLGSV,2,1,05,66,26,111,43,67,50,040,43,68,21,345,23,78,76,324,49,3*71
1780411011.253,$GLGSV,2,2,05,79,38,220,36,3*4F
1780411011.253,$GLGSV,1,1,01,82,03,226,,0*47
1780411011.254,$GAGSV,2,1,07,05,39,356,48,06,17,084,46,09,32,063,46,16,61,078,46,2*7D
1780411011.254,$GAGSV,2,2,07,25,52,182,32,31,13,041,42,34,27,267,39,2*43
1780411011.255,$GAGSV,2,1,08,05,39,356,43,06,17,084,35,09,32,063,40,16,61,078,40,7*78
1780411011.256,$GAGSV,2,2,08,25,52,182,25,31,13,041,39,34,27,267,37,36,28,209,19,7*71
1780411011.257,$GAGSV,2,1,05,02,04,207,,03,11,310,,04,00,100,,11,05,166,,0*71
1780411011.258,$GAGSV,2,2,05,11,05,166,,0*45
1780411011.258,$GBGSV,2,1,07,06,61,150,47,07,46,007,45,09,89,178,47,10,54,353,43,1*70
1780411011.259,$GBGSV,2,2,07,23,50,245,52,24,13,036,42,25,65,356,48,1*4E
1780411011.259,$GBGSV,1,1,02,09,89,178,50,10,54,353,46,3*72
1780411011.260,$GBGSV,2,1,08,01,42,107,,02,63,241,,03,71,141,,04,22,098,,0*79
1780411011.260,$GBGSV,2,2,08,04,22,098,,08,19,152,,13,09,191,,28,06,218,,0*79
1780411011.261,$GNGLL,1339.01935,N,10029.52205,E,143651.00,A,D*7A
1780411012.245,$GNRMC,143652.00,A,1339.01912,N,10029.52216,E,0.833,157.58,020626,0.53,W,F,V*48
1780411012.247,$GNVTG,157.58,T,158.11,M,0.833,N,1.543,K,D*31
1780411012.249,$GNGGA,143652.00,1339.01912,N,10029.52216,E,5,12,0.81,-1.2,M,-27.8,M,1.0,0499*65
1780411012.251,$GNGSA,A,3,02,10,26,28,31,32,16,,,,,,1.62,0.81,1.39,1*0F
1780411012.252,$GNGSA,A,3,78,66,77,79,67,68,,,,,,,1.62,0.81,1.39,2*0B
1780411012.253,$GNGSA,A,3,05,06,09,16,25,31,34,,,,,,1.62,0.81,1.39,3*0B
1780411012.254,$GNGSA,A,3,06,07,09,10,23,24,25,,,,,,1.62,0.81,1.39,4*0A
1780411012.256,$GPGSV,3,1,12,02,14,253,35,03,13,324,28,10,40,156,34,16,41,198,20,1*6E
1780411012.258,$GPGSV,3,2,12,26,76,198,48,28,38,010,37,29,06,083,31,31,48,330,22,1*61
1780411012.260,$GPGSV,3,3,12,32,43,056,39,41,64,233,47,42,70,217,46,50,56,115,44,1*6A
1780411012.262,$GPGSV,2,1,07,02,14,253,09,03,13,324,21,10,40,156,32,26,76,198,47,6*6A
1780411012.263,$GPGSV,2,2,07,28,38,010,43,31,48,330,29,32,43,056,41,6*56
1780411012.265,$GPGSV,2,1,05,01,12,280,,23,05,150,,25,09,038,,27,07,192,,0*66
1780411012.266,$GPGSV,2,2,05,27,07,192,,0*58
1780411012.268,$GLGSV,2,1,06,66,26,111,42,67,50,040,48,68,21,345,31,77,23,022,27,1*7B
1780411012.269,$GLGSV,2,2,06,78,76,324,51,79,38,220,37,1*70
1780411012.272,$GLGSV,2,1,05,66,26,111,43,67,50,040,47,68,21,345,24,78,76,324,49,3*72
1780411012.274,$GLGSV,2,2,05,79,38,220,38,3*41
1780411012.275,$GLGSV,1,1,01,82,03,226,,0*47
1780411012.276,$GAGSV,2,1,07,05,39,356,47,06,17,084,43,09,32,063,43,16,61,078,44,2*70
1780411012.277,$GAGSV,2,2,07,25,52,182,27,31,13,041,43,34,27,267,37,2*48
1780411012.278,$GAGSV,2,1,07,05,39,356,43,06,17,084,41,09,32,063,38,16,61,078,42,7*79
1780411012.280,$GAGSV,2,2,07,31,13,041,38,34,27,267,34,36,28,209,18,7*41
1780411012.280,$GAGSV,2,1,05,02,04,207,,03,11,310,,04,00,100,,11,05,166,,0*71
1780411012.281,$GAGSV,2,2,05,11,05,166,,0*45
1780411012.282,$GBGSV,2,1,07,06,61,150,50,07,46,007,44,09,89,178,48,10,54,353,43,1*78
1780411012.283,$GBGSV,2,2,07,23,50,245,49,24,13,036,41,25,65,356,48,1*47
1780411012.284,$GBGSV,1,1,02,09,89,178,50,10,54,353,46,3*72
1780411012.285,$GBGSV,2,1,08,01,42,107,,02,63,241,,03,71,141,,04,22,098,,0*79
1780411012.285,$GBGSV,2,2,08,04,22,098,,08,19,152,,13,09,191,,28,06,218,,0*79
1780411012.286,$GNGLL,1339.01912,N,10029.52216,E,143652.00,A,D*7E
1780411013.245,$GNRMC,143653.00,A,1339.01890,N,10029.52227,E,0.721,153.69,020626,0.53,W,F,V*4A
1780411013.247,$GNVTG,153.69,T,154.22,M,0.721,N,1.335,K,D*30
1780411013.248,$GNGGA,143653.00,1339.01890,N,10029.52227,E,5,12,0.81,-1.1,M,-27.8,M,1.0,0499*6E
1780411013.249,$GNGSA,A,3,02,10,26,28,31,32,16,,,,,,1.55,0.81,1.32,1*00
1780411013.249,$GNGSA,A,3,78,66,77,79,67,68,,,,,,,1.55,0.81,1.32,2*04
1780411013.250,$GNGSA,A,3,05,06,09,16,25,31,34,,,,,,1.55,0.81,1.32,3*04
1780411013.250,$GNGSA,A,3,06,07,09,10,23,24,25,,,,,,1.55,0.81,1.32,4*05
1780411013.251,$GPGSV,3,1,12,02,14,253,31,03,13,324,26,10,40,156,29,16,41,198,28,1*60
1780411013.252,$GPGSV,3,2,12,26,76,198,47,28,38,010,41,29,06,083,37,31,48,330,25,1*6E
1780411013.252,$GPGSV,3,3,12,32,43,056,40,41,64,233,46,42,70,217,46,50,56,115,40,1*61
1780411013.253,$GPGSV,2,1,06,03,13,324,19,10,40,156,31,26,76,198,46,28,38,010,38,6*63
1780411013.253,$GPGSV,2,2,06,31,48,330,29,32,43,056,41,6*60
1780411013.254,$GPGSV,2,1,05,01,12,280,,23,05,150,,25,09,038,,27,07,192,,0*66
1780411013.254,$GPGSV,2,2,05,27,07,192,,0*58
1780411013.255,$GLGSV,2,1,06,66,26,111,44,67,50,040,48,68,21,345,26,77,23,022,40,1*7A
1780411013.255,$GLGSV,2,2,06,78,76,324,50,79,38,220,39,1*7F
1780411013.256,$GLGSV,2,1,05,66,26,111,38,67,50,040,47,68,21,345,31,78,76,324,51,3*73
1780411013.257,$GLGSV,2,2,05,79,38,220,32,3*4B
1780411013.257,$GLGSV,1,1,01,82,03,226,,0*47
1780411013.258,$GAGSV,2,1,07,05,39,356,49,06,17,084,43,09,32,063,43,16,61,078,47,2*7D
1780411013.258,$GAGSV,2,2,07,25,52,182,26,31,13,041,43,34,27,267,37,2*49
1780411013.259,$GAGSV,2,1,07,05,39,356,43,06,17,084,37,09,32,063,34,16,61,078,44,7*72
1780411013.260,$GAGSV,2,2,07,31,13,041,33,34,27,267,31,36,28,209,17,7*40
1780411013.260,$GAGSV,2,1,05,02,04,207,,03,11,310,,04,00,101,,11,05,166,,0*70
1780411013.261,$GAGSV,2,2,05,11,05,166,,0*45
1780411013.261,$GBGSV,2,1,07,06,61,150,49,07,46,007,40,09,89,178,47,10,54,353,42,1*7A
1780411013.262,$GBGSV,2,2,07,23,50,245,45,24,13,036,40,25,65,356,48,1*4A
1780411013.262,$GBGSV,1,1,02,09,89,178,48,10,54,353,47,3*7A
1780411013.263,$GBGSV,2,1,08,01,42,107,,02,63,241,,03,71,141,,04,22,098,,0*79
1780411013.263,$GBGSV,2,2,08,04,22,098,,08,19,152,,13,09,191,,28,06,218,,0*79
1780411013.264,$GNGLL,1339.01890,N,10029.52227,E,143653.00,A,D*76
1780411014.248,$GNRMC,143654.00,A,1339.01869,N,10029.52236,E,0.790,160.79,020626,0.53,W,F,V*40
1780411014.249,$GNVTG,160.79,T,161.31,M,0.790,N,1.463,K,D*3B
1780411014.251,$GNGGA,143654.00,1339.01869,N,10029.52236,E,5,12,0.81,-1.0,M,-27.8,M,1.0,0499*6E
1780411014.252,$GNGSA,A,3,02,10,26,28,31,32,16,,,,,,1.62,0.81,1.39,1*0F
1780411014.252,$GNGSA,A,3,78,66,77,79,67,68,,,,,,,1.62,0.81,1.39,2*0B
1780411014.253,$GNGSA,A,3,05,06,09,16,25,31,34,,,,,,1.62,0.81,1.39,3*0B
1780411014.253,$GNGSA,A,3,06,07,09,10,23,24,25,,,,,,1.62,0.81,1.39,4*0A
1780411014.254,$GPGSV,3,1,12,02,14,253,30,03,13,324,24,10,40,156,33,16,41,198,27,1*67
1780411014.255,$GPGSV,3,2,12,26,76,198,47,28,38,010,35,29,06,083,35,31,48,330,35,1*6E
1780411014.255,$GPGSV,3,3,12,32,43,056,38,41,64,233,48,42,70,217,46,50,56,115,43,1*63
1780411014.256,$GPGSV,2,1,06,03,13,324,19,10,40,156,29,26,76,198,46,28,38,010,31,6*63
1780411014.257,$GPGSV,2,2,06,31,48,330,34,32,43,056,41,6*6C
1780411014.257,$GPGSV,2,1,05,01,12,280,,23,05,150,,25,09,038,,27,07,192,,0*66
1780411014.258,$GPGSV,2,2,05,27,07,192,,0*58
1780411014.258,$GLGSV,2,1,06,66,26,111,43,67,50,040,43,68,21,345,26,77,23,022,30,1*71
1780411014.259,$GLGSV,2,2,06,78,76,324,48,79,38,220,30,1*7F
1780411014.260,$GLGSV,2,1,05,66,26,111,43,67,50,040,46,68,21,345,31,78,76,324,49,3*77
1780411014.260,$GLGSV,2,2,05,79,38,220,36,3*4F
1780411014.260,$GLGSV,1,1,01,82,03,226,,0*47
1780411014.261,$GAGSV,2,1,07,05,39,356,49,06,17,084,43,09,32,063,41,16,61,078,51,2*78
1780411014.262,$GAGSV,2,2,07,25,52,182,27,31,13,041,43,34,27,267,40,2*48
1780411014.262,$GAGSV,2,1,07,05,39,356,38,06,17,084,38,09,32,063,34,16,61,078,46,7*73
1780411014.263,$GAGSV,2,2,07,31,13,041,40,34,27,267,25,36,28,209,16,7*40
1780411014.263,$GAGSV,2,1,05,02,04,207,,03,11,310,,04,00,101,,11,05,166,,0*70
1780411014.264,$GAGSV,2,2,05,11,05,166,,0*45
1780411014.264,$GBGSV,2,1,07,06,61,150,45,07,46,007,41,09,89,178,47,10,54,353,44,1*71
1780411014.265,$GBGSV,2,2,07,23,50,245,41,24,13,036,38,25,65,356,48,1*41
1780411014.265,$GBGSV,1,1,02,09,89,178,48,10,54,353,46,3*7B
1780411014.266,$GBGSV,2,1,08,01,42,107,,02,63,241,,03,71,141,,04,22,098,,0*79
1780411014.266,$GBGSV,2,2,08,04,22,098,,08,19,152,,13,09,191,,28,06,218,,0*79
1780411014.267,$GNGLL,1339.01869,N,10029.52236,E,143654.00,A,D*77
1780411015.239,$GNRMC,143655.00,A,1339.01848,N,10029.52244,E,0.706,158.72,020626,0.53,W,F,V*48
1780411015.241,$GNVTG,158.72,T,159.25,M,0.706,N,1.307,K,D*3F
1780411015.242,$GNGGA,143655.00,1339.01848,N,10029.52244,E,5,12,0.78,-1.0,M,-27.8,M,1.0,0499*6F
1780411015.243,$GNGSA,A,3,02,10,26,28,31,32,16,,,,,,1.57,0.78,1.36,1*00
1780411015.243,$GNGSA,A,3,78,66,77,79,67,68,,,,,,,1.57,0.78,1.36,2*04
1780411015.244,$GNGSA,A,3,05,06,09,16,25,31,34,,,,,,1.57,0.78,1.36,3*04
1780411015.244,$GNGSA,A,3,06,07,09,10,23,24,25,,,,,,1.57,0.78,1.36,4*05
1780411015.245,$GPGSV,3,1,11,02,14,253,29,03,13,324,21,16,41,198,24,26,76,198,48,1*64
1780411015.245,$GPGSV,3,2,11,28,38,010,32,29,06,083,31,31,48,330,34,32,43,056,32,1*6D
1780411015.246,$GPGSV,3,3,11,41,64,233,47,42,70,217,45,50,56,115,42,1*53
1780411015.246,$GPGSV,2,1,06,03,13,324,21,10,40,156,21,26,76,198,48,28,38,010,36,6*69
1780411015.247,$GPGSV,2,2,06,31,48,330,26,32,43,056,38,6*61
1780411015.247,$GPGSV,2,1,05,01,12,280,,23,05,150,,25,09,038,,27,07,192,,0*66
1780411015.248,$GPGSV,2,2,05,27,07,192,,0*58
1780411015.248,$GLGSV,2,1,06,66,26,111,40,67,50,040,43,68,21,345,26,77,23,022,41,1*74
1780411015.249,$GLGSV,2,2,06,78,76,324,49,79,38,220,34,1*7A
1780411015.249,$GLGSV,2,1,05,66,26,111,42,67,50,040,46,68,21,345,25,78,76,324,48,3*72
1780411015.250,$GLGSV,2,2,05,79,38,220,28,3*40
1780411015.250,$GLGSV,1,1,01,82,03,226,,0*47
1780411015.251,$GAGSV,2,1,07,05,39,356,50,06,17,084,43,09,32,063,41,16,61,078,53,2*72
1780411015.251,$GAGSV,2,2,07,25,52,182,32,31,13,041,38,34,27,267,38,2*4F
1780411015.252,$GAGSV,2,1,07,05,39,356,41,06,17,084,39,09,32,063,37,16,61,078,48,7*71
1780411015.252,$GAGSV,2,2,07,31,13,041,36,34,27,267,30,36,28,209,16,7*45
1780411015.253,$GAGSV,2,1,05,02,04,207,,03,11,310,,04,00,101,,11,05,166,,0*70
1780411015.253,$GAGSV,2,2,05,11,05,166,,0*45
1780411015.254,$GBGSV,2,1,07,06,61,150,47,07,46,007,44,09,89,178,47,10,54,353,44,1*76
1780411015.254,$GBGSV,2,2,07,23,50,245,49,24,13,036,40,25,65,356,48,1*46
1780411015.255,$GBGSV,1,1,02,09,89,178,48,10,54,353,46,3*7B
1780411015.255,$GBGSV,2,1,08,01,42,107,,02,63,241,,03,71,141,,04,22,098,,0*79
1780411015.256,$GBGSV,2,2,08,04,22,098,,08,19,152,,13,09,191,,28,06,218,,0*79
1780411015.256,$GNGLL,1339.01848,N,10029.52244,E,143655.00,A,D*70
1780411016.232,$GNRMC,143656.00,A,1339.01827,N,10029.52252,E,0.694,159.30,020626,0.53,W,F,V*48
1780411016.234,$GNVTG,159.30,T,159.83,M,0.694,N,1.285,K,D*35
1780411016.235,$GNGGA,143656.00,1339.01827,N,10029.52252,E,5,12,0.78,-1.0,M,-27.8,M,1.0,0499*62
1780411016.236,$GNGSA,A,3,02,10,26,28,31,32,16,,,,,,1.57,0.78,1.36,1*00
1780411016.236,$GNGSA,A,3,78,66,77,79,67,68,,,,,,,1.57,0.78,1.36,2*04
1780411016.237,$GNGSA,A,3,05,06,09,16,25,31,34,,,,,,1.57,0.78,1.36,3*04
1780411016.237,$GNGSA,A,3,06,07,09,10,23,24,25,,,,,,1.57,0.78,1.36,4*05
1780411016.238,$GPGSV,3,1,11,02,14,253,34,03,13,324,19,16,41,198,25,26,76,198,47,1*6D
1780411016.239,$GPGSV,3,2,11,28,38,010,32,29,06,083,31,31,48,330,29,32,43,056,38,1*6B
1780411016.240,$GPGSV,3,3,11,41,64,233,46,42,70,217,46,50,56,115,38,1*5C
1780411016.240,$GPGSV,2,1,06,03,13,324,22,10,40,156,29,26,76,198,45,28,38,010,36,6*6F
1780411016.241,$GPGSV,2,2,06,31,48,330,32,32,43,056,38,6*64
1780411016.241,$GPGSV,2,1,05,01,12,280,,23,05,150,,25,09,038,,27,07,192,,0*66
1780411016.242,$GPGSV,2,2,05,27,07,192,,0*58
1780411016.242,$GLGSV,2,1,06,66,26,111,42,67,50,040,42,68,21,345,25,77,23,022,33,1*71
1780411016.243,$GLGSV,2,2,06,78,76,324,50,79,38,220,31,1*77
1780411016.244,$GLGSV,2,1,05,66,26,111,43,67,50,040,40,68,21,345,31,78,76,324,50,3*79
1780411016.244,$GLGSV,2,2,05,79,38,220,33,3*4A
1780411016.244,$GLGSV,1,1,01,82,03,226,,0*47
1780411016.245,$GAGSV,2,1,07,05,39,356,48,06,17,084,44,09,32,063,41,16,61,078,52,2*7D
1780411016.246,$GAGSV,2,2,07,25,52,182,27,31,13,041,38,34,27,267,37,2*44
1780411016.246,$GAGSV,2,1,07,05,39,356,42,06,17,084,39,09,32,063,39,16,61,078,42,7*76
1780411016.247,$GAGSV,2,2,07,31,13,041,32,34,27,267,34,36,28,209,16,7*45
1780411016.247,$GAGSV,2,1,05,02,04,207,,03,11,310,,04,00,101,,11,05,166,,0*70
1780411016.248,$GAGSV,2,2,05,11,05,166,,0*45
1780411016.248,$GBGSV,2,1,07,06,61,150,46,07,46,007,44,09,89,178,46,10,54,353,44,1*76
1780411016.249,$GBGSV,2,2,07,23,50,245,49,24,13,036,44,25,65,356,50,1*4B
1780411016.249,$GBGSV,1,1,02,09,89,178,49,10,54,353,47,3*7B
1780411016.250,$GBGSV,2,1,08,01,42,107,,02,63,241,,03,71,141,,04,22,098,,0*79
1780411016.250,$GBGSV,2,2,08,04,22,098,,08,19,152,,13,09,191,,28,06,218,,0*79
1780411016.251,$GNGLL,1339.01827,N,10029.52252,E,143656.00,A,D*7D
1780411017.236,$GNRMC,143657.00,A,1339.01806,N,10029.52260,E,0.776,157.28,020626,0.53,W,F,V*41
1780411017.238,$GNVTG,157.28,T,157.81,M,0.776,N,1.437,K,D*3C
1780411017.239,$GNGGA,143657.00,1339.01806,N,10029.52260,E,5,12,0.78,-1.0,M,-27.8,M,1.0,0499*61
1780411017.239,$GNGSA,A,3,02,10,26,28,31,32,16,,,,,,1.57,0.78,1.36,1*00
1780411017.240,$GNGSA,A,3,78,66,77,79,67,68,,,,,,,1.57,0.78,1.36,2*04
1780411017.240,$GNGSA,A,3,05,06,09,16,25,31,34,,,,,,1.57,0.78,1.36,3*04
1780411017.241,$GNGSA,A,3,06,07,09,10,23,24,25,,,,,,1.57,0.78,1.36,4*05
1780411017.241,$GPGSV,3,1,10,02,14,253,26,16,41,198,22,26,76,198,47,28,38,010,35,1*62
1780411017.242,$GPGSV,3,2,10,29,06,083,25,31,48,330,28,32,43,056,41,41,64,233,47,1*67
1780411017.243,$GPGSV,3,3,10,42,70,217,46,50,56,115,41,1*64
1780411017.243,$GPGSV,2,1,06,03,13,324,21,10,40,156,27,26,76,198,47,28,38,010,38,6*6E
1780411017.244,$GPGSV,2,2,06,31,48,330,27,32,43,056,41,6*6E
1780411017.244,$GPGSV,2,1,05,01,12,280,,23,05,150,,25,09,038,,27,07,192,,0*66
1780411017.245,$GPGSV,2,2,05,27,07,192,,0*58
1780411017.245,$GLGSV,2,1,06,66,26,111,41,67,50,040,39,68,21,345,32,77,23,022,39,1*72
1780411017.246,$GLGSV,2,2,06,78,76,324,50,79,38,220,37,1*71
1780411017.246,$GLGSV,2,1,05,66,26,111,38,67,50,040,47,68,21,345,24,78,76,324,50,3*76
1780411017.247,$GLGSV,2,2,05,79,38,220,27,3*4F
1780411017.247,$GLGSV,1,1,01,82,03,226,,0*47
1780411017.248,$GAGSV,2,1,07,05,39,356,46,06,17,084,41,09,32,063,44,16,61,078,49,2*79
1780411017.248,$GAGSV,2,2,07,25,52,182,25,31,13,041,36,34,27,267,39,2*46
1780411017.249,$GAGSV,2,1,07,05,39,356,40,06,17,084,35,09,32,063,43,16,61,078,45,7*72
1780411017.250,$GAGSV,2,2,07,31,13,041,30,34,27,267,33,36,28,209,18,7*4E
1780411017.250,$GAGSV,2,1,05,02,05,207,,03,11,310,,04,00,101,,11,05,166,,0*71
1780411017.251,$GAGSV,2,2,05,11,05,166,,0*45
1780411017.251,$GBGSV,2,1,07,06,61,150,48,07,46,007,44,09,89,178,46,10,54,353,43,1*7F
1780411017.252,$GBGSV,2,2,07,23,50,245,47,24,13,036,40,25,65,356,50,1*41
1780411017.252,$GBGSV,1,1,02,09,89,178,50,10,54,353,48,3*7C
1780411017.253,$GBGSV,2,1,08,01,42,107,,02,63,241,,03,71,141,,04,22,098,,0*79
1780411017.253,$GBGSV,2,2,08,04,22,098,,08,19,152,,13,09,191,,28,06,218,,0*79
1780411017.254,$GNGLL,1339.01806,N,10029.52260,E,143657.00,A,D*7E
1780411018.236,$GNRMC,143658.00,A,1339.01794,N,10029.52292,E,0.791,159.46,020626,0.53,W,R,V*5C
1780411018.239,$GNVTG,159.46,T,159.99,M,0.791,N,1.465,K,D*33
1780411018.240,$GNGGA,143658.00,1339.01794,N,10029.52292,E,4,12,0.78,0.1,M,-27.8,M,1.0,0499*4B
1780411018.241,$GNGSA,A,3,02,10,26,28,31,32,16,,,,,,1.50,0.78,1.28,1*08
1780411018.241,$GNGSA,A,3,78,66,77,79,67,68,,,,,,,1.50,0.78,1.28,2*0C
1780411018.242,$GNGSA,A,3,05,06,09,16,25,31,34,,,,,,1.50,0.78,1.28,3*0C
1780411018.242,$GNGSA,A,3,06,07,09,10,23,24,25,,,,,,1.50,0.78,1.28,4*0D
1780411018.243,$GPGSV,3,1,11,02,14,253,25,03,13,324,26,16,41,198,22,26,76,198,49,1*68
1780411018.243,$GPGSV,3,2,11,28,38,010,37,29,06,083,24,31,48,330,33,32,43,056,43,1*6D
1780411018.244,$GPGSV,3,3,11,41,64,233,49,42,70,217,47,50,56,115,39,1*53
1780411018.245,$GPGSV,2,1,06,03,13,324,20,10,40,156,35,26,76,198,47,28,38,010,40,6*63
1780411018.245,$GPGSV,2,2,06,31,48,330,30,32,43,056,39,6*67
1780411018.246,$GPGSV,2,1,05,01,12,280,,23,05,150,,25,09,038,,27,07,192,,0*66
1780411018.246,$GPGSV,2,2,05,27,07,192,,0*58
1780411018.247,$GLGSV,2,1,06,66,26,111,42,67,50,040,40,68,21,345,26,77,23,022,37,1*74
1780411018.247,$GLGSV,2,2,06,78,76,324,49,79,38,220,38,1*76
1780411018.248,$GLGSV,2,1,05,66,26,111,42,67,50,040,44,68,21,345,30,78,76,324,50,3*7D
1780411018.248,$GLGSV,2,2,05,79,38,220,31,3*48
1780411018.248,$GLGSV,1,1,01,82,03,226,,0*47
1780411018.249,$GAGSV,2,1,07,05,39,356,44,06,17,084,42,09,32,063,48,16,61,078,51,2*7D
1780411018.250,$GAGSV,2,2,07,25,52,182,31,31,13,041,40,34,27,267,41,2*4D
1780411018.250,$GAGSV,2,1,07,05,39,356,39,06,17,084,37,09,32,063,44,16,61,078,46,7*7A
1780411018.251,$GAGSV,2,2,07,31,13,041,33,34,27,267,29,36,28,209,18,7*46
1780411018.251,$GAGSV,2,1,05,02,05,207,,03,11,310,,04,00,101,,11,05,166,,0*71
1780411018.252,$GAGSV,2,2,05,11,05,166,,0*45
1780411018.252,$GBGSV,2,1,07,06,61,150,48,07,46,007,44,09,89,178,46,10,54,353,44,1*78
1780411018.253,$GBGSV,2,2,07,23,50,245,48,24,13,036,37,25,65,356,48,1*47
1780411018.253,$GBGSV,1,1,02,09,89,178,49,10,54,353,48,3*74
1780411018.254,$GBGSV,2,1,08,01,42,107,,02,63,241,,03,71,141,,04,22,098,,0*79
1780411018.254,$GBGSV,2,2,08,04,22,098,,08,19,152,,13,09,191,,28,06,218,,0*79
1780411018.255,$GNGLL,1339.01794,N,10029.52292,E,143658.00,A,D*78
1780411019.233,$GNRMC,143659.00,A,1339.01771,N,10029.52300,E,0.786,162.31,020626,0.53,W,R,V*52
1780411019.236,$GNVTG,162.31,T,162.84,M,0.786,N,1.457,K,D*38
1780411019.237,$GNGGA,143659.00,1339.01771,N,10029.52300,E,4,12,0.78,0.1,M,-27.8,M,1.0,0499*4B
1780411019.237,$GNGSA,A,3,02,10,26,28,31,32,16,,,,,,1.57,0.78,1.36,1*00
1780411019.238,$GNGSA,A,3,78,66,77,79,67,68,,,,,,,1.57,0.78,1.36,2*04
1780411019.238,$GNGSA,A,3,05,06,09,16,25,31,34,,,,,,1.57,0.78,1.36,3*04
1780411019.239,$GNGSA,A,3,06,07,09,10,23,24,25,,,,,,1.57,0.78,1.36,4*05
1780411019.240,$GPGSV,3,1,11,02,14,253,31,10,40,156,32,16,41,198,23,26,76,198,46,1*65
1780411019.240,$GPGSV,3,2,11,28,38,010,37,29,06,083,22,31,48,330,34,32,43,056,44,1*6B
1780411019.241,$GPGSV,3,3,11,41,64,233,46,42,70,217,46,50,56,115,40,1*53
1780411019.242,$GPGSV,2,1,06,03,13,324,21,10,40,156,31,26,76,198,46,28,38,010,39,6*69
1780411019.242,$GPGSV,2,2,06,31,48,330,24,32,43,056,42,6*6E
1780411019.243,$GPGSV,2,1,05,01,12,280,,23,05,150,,25,09,038,,27,07,192,,0*66
1780411019.243,$GPGSV,2,2,05,27,07,192,,0*58
1780411019.244,$GLGSV,2,1,06,66,26,111,43,67,50,040,42,68,21,345,36,77,23,022,35,1*74
1780411019.244,$GLGSV,2,2,06,78,76,324,49,79,38,220,32,1*7C
1780411019.245,$GLGSV,2,1,05,66,26,111,36,67,50,040,43,68,21,345,30,78,76,324,49,3*71
1780411019.245,$GLGSV,2,2,05,79,38,220,32,3*4B
1780411019.246,$GLGSV,1,1,01,82,03,226,,0*47
1780411019.246,$GAGSV,2,1,07,05,39,356,44,06,17,084,44,09,32,063,48,16,61,078,51,2*7B
1780411019.247,$GAGSV,2,2,07,25,52,182,25,31,13,041,35,34,27,267,40,2*4B
1780411019.248,$GAGSV,2,1,07,05,39,356,40,06,17,084,37,09,32,063,40,16,61,078,46,7*70
1780411019.248,$GAGSV,2,2,07,31,13,041,36,34,27,267,20,36,28,209,16,7*44
1780411019.249,$GAGSV,2,1,05,02,05,207,,03,11,310,,04,00,101,,11,05,166,,0*71
1780411019.249,$GAGSV,2,2,05,11,05,166,,0*45
1780411019.250,$GBGSV,2,1,07,06,61,150,48,07,46,007,44,09,89,178,46,10,54,353,43,1*7F
1780411019.250,$GBGSV,2,2,07,23,50,245,46,24,13,036,38,25,65,356,49,1*47
1780411019.251,$GBGSV,1,1,02,09,89,178,49,10,54,353,46,3*7A
1780411019.251,$GBGSV,2,1,08,01,42,107,,02,63,241,,03,71,141,,04,22,098,,0*79
1780411019.252,$GBGSV,2,2,08,04,22,098,,08,19,152,,13,09,191,,28,06,218,,0*79
1780411019.252,$GNGLL,1339.01771,N,10029.52300,E,143659.00,A,D*78
1780411020.240,$GNRMC,143700.00,A,1339.01750,N,10029.52306,E,0.747,158.32,020626,0.53,W,R,V*5D
1780411020.242,$GNVTG,158.32,T,158.85,M,0.747,N,1.383,K,D*39
1780411020.243,$GNGGA,143700.00,1339.01750,N,10029.52306,E,4,12,0.78,0.1,M,-27.8,M,1.0,0499*43
1780411020.243,$GNGSA,A,3,02,10,26,28,31,32,16,,,,,,1.57,0.78,1.36,1*00
1780411020.244,$GNGSA,A,3,78,66,77,79,67,68,,,,,,,1.57,0.78,1.36,2*04
1780411020.244,$GNGSA,A,3,05,06,09,16,25,31,34,,,,,,1.57,0.78,1.36,3*04
1780411020.245,$GNGSA,A,3,06,07,09,10,23,24,25,,,,,,1.57,0.78,1.36,4*05
1780411020.245,$GPGSV,3,1,11,02,14,253,25,10,40,156,28,16,41,198,23,26,76,198,47,1*6A
1780411020.246,$GPGSV,3,2,11,28,38,010,34,29,06,083,21,31,48,330,24,32,43,056,47,1*69
1780411020.247,$GPGSV,3,3,11,41,64,233,46,42,70,217,48,50,56,115,40,1*5D
1780411020.247,$GPGSV,2,1,06,03,13,324,20,10,40,156,29,26,76,198,43,28,38,010,40,6*6A
1780411020.248,$GPGSV,2,2,06,31,48,330,27,32,43,056,43,6*6C
1780411020.249,$GPGSV,2,1,05,01,12,280,,23,05,150,,25,09,038,,27,07,192,,0*66
1780411020.249,$GPGSV,2,2,05,27,07,192,,0*58
1780411020.250,$GLGSV,2,1,06,66,26,111,33,67,50,040,47,68,21,345,27,77,23,022,34,1*77
1780411020.250,$GLGSV,2,2,06,78,76,324,48,79,38,220,36,1*79
1780411020.251,$GLGSV,2,1,05,66,26,111,41,67,50,040,45,68,21,345,30,78,76,324,48,3*76
1780411020.251,$GLGSV,2,2,05,79,38,220,36,3*4F
1780411020.252,$GLGSV,1,1,01,82,03,226,,0*47
1780411020.252,$GAGSV,2,1,07,05,40,357,44,06,17,084,41,09,32,063,44,16,61,078,52,2*7E
1780411020.253,$GAGSV,2,2,07,25,52,182,32,31,13,041,35,34,27,267,40,2*4D
1780411020.253,$GAGSV,2,1,07,05,40,357,39,06,17,084,37,09,32,063,38,16,61,078,44,7*7C
1780411020.254,$GAGSV,2,2,07,31,13,041,31,34,27,267,36,36,28,209,15,7*47
1780411020.254,$GAGSV,2,1,05,02,05,207,,03,11,310,,04,00,101,,11,05,166,,0*71
1780411020.255,$GAGSV,2,2,05,11,05,166,,0*45
1780411020.255,$GBGSV,2,1,07,06,61,150,45,07,46,007,38,09,89,178,46,10,54,353,44,1*7E
1780411020.256,$GBGSV,2,2,07,23,50,245,47,24,13,036,43,25,65,356,49,1*4A
1780411020.256,$GBGSV,1,1,02,09,89,178,49,10,54,353,47,3*7B
1780411020.257,$GBGSV,2,1,08,01,42,107,,02,63,241,,03,71,141,,04,22,098,,0*79
1780411020.257,$GBGSV,2,2,08,04,22,098,,08,19,152,,13,09,191,,28,06,218,,0*79
1780411020.258,$GNGLL,1339.01750,N,10029.52306,E,143700.00,A,D*70
1780411021.239,$GNRMC,143701.00,A,1339.01729,N,10029.52313,E,0.738,159.43,020626,0.53,W,R,V*59
1780411021.241,$GNVTG,159.43,T,159.96,M,0.738,N,1.368,K,D*30
1780411021.241,$GNGGA,143701.00,1339.01729,N,10029.52313,E,4,12,0.78,0.1,M,-27.8,M,1.0,0499*48
1780411021.242,$GNGSA,A,3,02,10,26,28,31,32,16,,,,,,1.57,0.78,1.36,1*00
1780411021.243,$GNGSA,A,3,78,66,77,79,67,68,,,,,,,1.57,0.78,1.36,2*04
1780411021.243,$GNGSA,A,3,05,06,09,16,25,31,34,,,,,,1.57,0.78,1.36,3*04
1780411021.243,$GNGSA,A,3,06,07,09,10,23,24,25,,,,,,1.57,0.78,1.36,4*05
1780411021.244,$GPGSV,3,1,10,02,14,253,26,16,41,198,21,26,76,198,47,28,38,010,37,1*63
1780411021.245,$GPGSV,3,2,10,29,06,083,33,31,48,330,31,32,43,056,46,41,64,233,46,1*6E
1780411021.245,$GPGSV,3,3,10,42,70,217,45,50,56,115,40,1*66
1780411021.246,$GPGSV,2,1,06,03,13,324,20,10,40,156,20,26,76,198,47,28,38,010,36,6*66
1780411021.246,$GPGSV,2,2,06,31,48,330,26,32,43,056,46,6*68
1780411021.247,$GPGSV,2,1,05,01,12,280,,23,05,150,,25,09,038,,27,07,192,,0*66
1780411021.247,$GPGSV,2,2,05,27,07,192,,0*58
1780411021.248,$GLGSV,2,1,06,66,26,111,39,67,50,040,45,68,21,345,28,77,23,022,37,1*73
1780411021.249,$GLGSV,2,2,06,78,76,324,48,79,38,220,33,1*7C
1780411021.249,$GLGSV,2,1,05,66,26,111,39,67,50,040,43,68,21,345,22,78,76,324,49,3*7D
1780411021.250,$GLGSV,2,2,05,79,38,220,36,3*4F
1780411021.250,$GLGSV,1,1,01,82,03,226,,0*47
1780411021.251,$GAGSV,2,1,07,05,40,357,45,06,17,085,43,09,32,063,48,16,61,078,49,2*7A
1780411021.251,$GAGSV,2,2,07,25,52,182,38,31,13,041,35,34,27,267,38,2*48
1780411021.252,$GAGSV,2,1,07,05,40,357,38,06,17,085,35,09,32,063,42,16,61,078,46,7*71
1780411021.253,$GAGSV,2,2,07,31,13,041,25,34,27,267,33,36,28,209,16,7*44
1780411021.253,$GAGSV,2,1,05,02,05,207,,03,11,310,,04,00,101,,11,05,166,,0*71
1780411021.253,$GAGSV,2,2,05,11,05,166,,0*45
1780411021.254,$GBGSV,2,1,07,06,61,150,48,07,46,007,40,09,89,178,47,10,54,353,44,1*7D
1780411021.255,$GBGSV,2,2,07,23,50,245,49,24,13,036,39,25,65,356,48,1*48
1780411021.255,$GBGSV,1,1,02,09,89,178,50,10,54,353,46,3*72
1780411021.256,$GBGSV,2,1,08,01,42,107,,02,63,241,,03,71,141,,04,22,098,,0*79
1780411021.256,$GBGSV,2,2,08,04,22,098,,08,19,152,,13,09,191,,28,06,218,,0*79
1780411021.257,$GNGLL,1339.01729,N,10029.52313,E,143701.00,A,D*7B
1780411022.240,$GNRMC,143702.00,A,1339.01707,N,10029.52318,E,0.795,158.77,020626,0.53,W,R,V*5C
1780411022.242,$GNVTG,158.77,T,159.30,M,0.795,N,1.472,K,D*31
1780411022.243,$GNGGA,143702.00,1339.01707,N,10029.52318,E,4,12,0.80,0.1,M,-27.8,M,1.0,0499*4B
1780411022.244,$GNGSA,A,3,02,26,28,31,32,16,,,,,,,1.58,0.80,1.36,1*09
1780411022.245,$GNGSA,A,3,78,66,77,79,67,68,,,,,,,1.58,0.80,1.36,2*0C
1780411022.246,$GNGSA,A,3,05,06,09,16,25,31,34,,,,,,1.58,0.80,1.36,3*0C
1780411022.247,$GNGSA,A,3,06,07,09,10,23,24,25,,,,,,1.58,0.80,1.36,4*0D
1780411022.247,$GPGSV,3,1,11,02,14,253,26,10,40,156,27,16,41,198,20,26,76,198,47,1*65
1780411022.248,$GPGSV,3,2,11,28,38,010,34,29,06,083,26,31,48,330,27,32,43,056,41,1*6B
1780411022.249,$GPGSV,3,3,11,41,64,233,47,42,70,217,45,50,56,115,35,1*53
1780411022.249,$GPGSV,2,1,06,03,13,324,23,10,40,156,19,26,76,198,47,28,38,010,39,6*60
1780411022.250,$GPGSV,2,2,06,31,48,330,27,32,43,056,43,6*6C
1780411022.250,$GPGSV,2,1,05,01,12,280,,23,05,150,,25,09,038,,27,07,192,,0*66
1780411022.251,$GPGSV,2,2,05,27,07,192,,0*58
1780411022.251,$GLGSV,2,1,06,66,26,111,43,67,50,040,46,68,21,345,28,77,23,022,36,1*7C
1780411022.252,$GLGSV,2,2,06,78,76,324,49,79,38,220,23,1*7C
1780411022.252,$GLGSV,2,1,05,66,26,111,33,67,50,040,46,68,21,345,24,78,76,324,49,3*74
1780411022.253,$GLGSV,2,2,05,79,38,220,32,3*4B
1780411022.253,$GLGSV,1,1,01,82,03,226,,0*47
1780411022.254,$GAGSV,2,1,07,05,40,357,46,06,17,085,42,09,32,063,46,16,61,078,51,2*7F
1780411022.254,$GAGSV,2,2,07,25,52,182,38,31,13,041,40,34,27,267,40,2*45
1780411022.255,$GAGSV,2,1,07,05,40,357,43,06,17,085,38,09,32,063,43,16,61,078,45,7*72
1780411022.255,$GAGSV,2,2,07,31,13,041,26,34,27,267,29,36,28,209,15,7*4F
1780411022.256,$GAGSV,2,1,05,02,05,207,,03,11,310,,04,00,101,,11,05,166,,0*71
1780411022.256,$GAGSV,2,2,05,11,05,166,,0*45
1780411022.257,$GBGSV,2,1,07,06,61,150,47,07,46,007,43,09,89,178,48,10,54,353,44,1*7E
1780411022.257,$GBGSV,2,2,07,23,50,245,48,24,13,036,30,25,65,356,47,1*4F
1780411022.258,$GBGSV,1,1,02,09,89,178,49,10,54,353,45,3*79
1780411022.258,$GBGSV,2,1,08,01,42,107,,02,63,241,,03,71,141,,04,22,098,,0*79
1780411022.259,$GBGSV,2,2,08,04,22,098,,08,19,152,,13,09,191,,28,06,218,,0*79
1780411022.259,$GNGLL,1339.01707,N,10029.52318,E,143702.00,A,D*7F
1780411023.237,$GNRMC,143703.00,A,1339.01688,N,10029.52325,E,0.692,160.50,020626,0.53,W,R,V*5D
1780411023.239,$GNVTG,160.50,T,161.03,M,0.692,N,1.282,K,D*3B
1780411023.240,$GNGGA,143703.00,1339.01688,N,10029.52325,E,4,12,0.82,0.0,M,-27.8,M,1.0,0499*41
1780411023.241,$GNGSA,A,3,02,10,26,28,31,32,,,,,,,1.62,0.82,1.39,1*0B
1780411023.241,$GNGSA,A,3,78,66,77,79,67,68,,,,,,,1.62,0.82,1.39,2*08
1780411023.242,$GNGSA,A,3,05,06,09,16,25,31,34,,,,,,1.62,0.82,1.39,3*08
1780411023.242,$GNGSA,A,3,06,07,09,10,23,24,25,,,,,,1.62,0.82,1.39,4*09
1780411023.243,$GPGSV,3,1,11,01,12,280,24,02,14,253,24,16,41,198,19,26,76,198,49,1*6F
1780411023.244,$GPGSV,3,2,11,28,38,010,35,29,06,083,26,31,48,330,33,32,43,056,45,1*6B
1780411023.244,$GPGSV,3,3,11,41,64,233,49,42,70,217,46,50,56,115,37,1*5C
1780411023.245,$GPGSV,2,1,06,03,13,324,23,10,40,156,29,26,76,198,46,28,38,010,35,6*6E
1780411023.245,$GPGSV,2,2,06,31,48,330,37,32,43,056,44,6*6A
1780411023.246,$GPGSV,1,1,04,23,05,150,,25,09,038,,27,07,192,,40,37,260,,0*68
1780411023.247,$GLGSV,2,1,06,66,26,111,35,67,50,040,48,68,21,345,32,77,23,022,37,1*79
1780411023.247,$GLGSV,2,2,06,78,76,324,50,79,38,220,30,1*76
1780411023.248,$GLGSV,2,1,05,66,26,111,34,67,50,040,46,68,21,345,30,78,76,324,48,3*77
1780411023.248,$GLGSV,2,2,05,79,38,220,27,3*4F
1780411023.248,$GLGSV,1,1,01,82,03,226,,0*47
1780411023.249,$GAGSV,2,1,07,05,40,357,47,06,17,085,43,09,32,063,46,16,61,078,50,2*7E
1780411023.250,$GAGSV,2,2,07,25,52,182,29,31,13,041,35,34,27,267,34,2*44
1780411023.250,$GAGSV,2,1,07,05,40,357,42,06,17,085,35,09,32,063,42,16,61,078,48,7*72
1780411023.251,$GAGSV,2,2,07,31,13,041,35,34,27,267,36,36,28,209,14,7*42
1780411023.251,$GAGSV,2,1,05,02,05,207,,03,11,310,,04,00,101,,11,05,166,,0*71
1780411023.252,$GAGSV,2,2,05,11,05,166,,0*45
1780411023.252,$GBGSV,2,1,07,06,61,150,48,07,46,007,46,09,89,178,47,10,54,353,45,1*7A
1780411023.253,$GBGSV,2,2,07,23,50,245,46,24,13,036,37,25,65,356,49,1*48
1780411023.254,$GBGSV,1,1,02,09,89,178,49,10,54,353,50,3*7D
1780411023.254,$GBGSV,2,1,08,01,42,107,,02,63,241,,03,71,141,,04,22,098,,0*79
1780411023.255,$GBGSV,2,2,08,04,22,098,,08,19,152,,13,09,191,,28,06,218,,0*79
1780411023.255,$GNGLL,1339.01688,N,10029.52325,E,143703.00,A,D*76
1780411024.242,$GNRMC,143704.00,A,1339.01670,N,10029.52333,E,0.709,158.94,020626,0.53,W,R,V*5A
1780411024.244,$GNVTG,158.94,T,159.47,M,0.709,N,1.314,K,D*3E
1780411024.246,$GNGGA,143704.00,1339.01670,N,10029.52333,E,4,12,0.75,0.1,M,-27.8,M,1.0,0499*4F
1780411024.247,$GNGSA,A,3,02,10,01,26,28,31,32,,,,,,1.45,0.75,1.24,1*0B
1780411024.247,$GNGSA,A,3,78,66,77,79,67,68,,,,,,,1.45,0.75,1.24,2*09
1780411024.247,$GNGSA,A,3,05,06,09,16,25,31,34,,,,,,1.45,0.75,1.24,3*09
1780411024.248,$GNGSA,A,3,06,07,09,10,23,24,25,,,,,,1.45,0.75,1.24,4*08
1780411024.248,$GPGSV,4,1,13,01,12,280,36,02,14,253,25,03,13,324,27,10,40,156,30,1*6F
1780411024.249,$GPGSV,4,2,13,16,41,198,19,26,76,198,48,28,38,010,38,29,06,083,28,1*64
1780411024.250,$GPGSV,4,3,13,31,48,330,29,32,43,056,45,41,64,233,48,42,70,217,45,1*6D
1780411024.250,$GPGSV,4,4,13,50,56,115,32,1*54
1780411024.251,$GPGSV,2,1,06,03,13,324,22,10,40,156,20,26,76,198,46,28,38,010,37,6*64
1780411024.251,$GPGSV,2,2,06,31,48,330,37,32,43,056,47,6*69
1780411024.252,$GPGSV,1,1,04,23,05,150,,25,09,038,,27,07,192,,40,37,260,,0*68
1780411024.252,$GLGSV,2,1,06,66,26,111,42,67,50,040,46,68,21,345,27,77,23,022,31,1*75
1780411024.253,$GLGSV,2,2,06,78,76,324,48,79,38,220,36,1*79
1780411024.254,$GLGSV,2,1,05,66,26,111,42,67,50,040,45,68,21,345,24,78,76,324,48,3*70
1780411024.254,$GLGSV,2,2,05,79,38,220,35,3*4C
1780411024.254,$GLGSV,1,1,01,82,03,226,,0*47
1780411024.255,$GAGSV,2,1,07,05,40,357,47,06,17,085,41,09,32,063,45,16,61,078,48,2*76
1780411024.255,$GAGSV,2,2,07,25,52,182,35,31,13,041,31,34,27,267,39,2*40
1780411024.256,$GAGSV,2,1,06,05,40,357,41,06,17,085,37,09,32,063,44,16,61,078,45,7*79
1780411024.256,$GAGSV,2,2,06,31,13,041,27,34,27,267,28,7*7E
1780411024.257,$GAGSV,2,1,06,02,05,207,,03,11,310,,04,00,101,,11,05,166,,0*72
1780411024.257,$GAGSV,2,2,06,11,05,166,,15,01,310,,0*71
1780411024.258,$GBGSV,2,1,07,06,61,150,48,07,46,007,44,09,89,178,46,10,54,353,46,1*7A
1780411024.258,$GBGSV,2,2,07,23,50,245,48,24,13,036,39,25,65,356,49,1*48
1780411024.259,$GBGSV,1,1,02,09,89,178,50,10,54,353,47,3*73
1780411024.259,$GBGSV,2,1,08,01,42,107,,02,63,241,,03,71,141,,04,22,098,,0*79
1780411024.260,$GBGSV,2,2,08,04,22,098,,08,19,152,,13,09,191,,28,06,218,,0*79
1780411024.260,$GNGLL,1339.01670,N,10029.52333,E,143704.00,A,D*71
1780411025.228,$GNRMC,143705.00,A,1339.01650,N,10029.52339,E,0.779,163.63,020626,0.53,W,R,V*54
1780411025.230,$GNVTG,163.63,T,164.16,M,0.779,N,1.443,K,D*36
1780411025.231,$GNGGA,143705.00,1339.01650,N,10029.52339,E,4,12,0.75,0.1,M,-27.8,M,1.0,0499*46
1780411025.232,$GNGSA,A,3,02,10,01,26,28,31,32,,,,,,1.45,0.75,1.24,1*0B
1780411025.233,$GNGSA,A,3,78,66,77,79,67,68,,,,,,,1.45,0.75,1.24,2*09
1780411025.233,$GNGSA,A,3,05,06,09,16,25,31,34,,,,,,1.45,0.75,1.24,3*09
1780411025.234,$GNGSA,A,3,06,07,09,10,23,24,25,,,,,,1.45,0.75,1.24,4*08
1780411025.234,$GPGSV,3,1,11,01,12,280,34,02,14,253,31,16,41,198,19,26,76,198,46,1*65
1780411025.235,$GPGSV,3,2,11,28,38,010,38,29,06,083,33,31,48,330,36,32,43,056,47,1*65
1780411025.235,$GPGSV,3,3,11,41,64,233,47,42,70,217,46,50,56,115,40,1*52
1780411025.236,$GPGSV,2,1,06,03,13,324,21,10,40,156,21,26,76,198,47,28,38,010,37,6*67
1780411025.236,$GPGSV,2,2,06,31,48,330,37,32,43,056,42,6*6C
1780411025.236,$GPGSV,1,1,04,23,05,150,,25,09,038,,27,07,192,,40,37,260,,0*68
1780411025.237,$GLGSV,2,1,06,66,26,111,40,67,50,040,46,68,21,345,28,77,23,022,38,1*71
1780411025.237,$GLGSV,2,2,06,78,76,324,49,79,38,220,40,1*79
1780411025.238,$GLGSV,2,1,05,66,26,111,43,67,50,040,41,68,21,345,29,78,76,324,49,3*79
1780411025.238,$GLGSV,2,2,05,79,38,220,38,3*41
1780411025.238,$GLGSV,1,1,01,82,03,226,,0*47
1780411025.239,$GAGSV,2,1,07,05,40,357,46,06,17,085,41,09,32,063,49,16,61,078,51,2*73
1780411025.239,$GAGSV,2,2,07,25,52,182,33,31,13,041,31,34,27,267,30,2*4F
1780411025.240,$GAGSV,2,1,07,05,40,357,43,06,17,085,32,09,32,063,40,16,61,078,45,7*7B
1780411025.240,$GAGSV,2,2,07,31,13,041,33,34,27,267,30,36,28,209,19,7*4F
1780411025.241,$GAGSV,2,1,05,02,05,207,,03,11,310,,04,00,101,,11,05,166,,0*71
1780411025.241,$GAGSV,2,2,05,11,05,166,,0*45
1780411025.242,$GBGSV,2,1,07,06,61,150,46,07,46,007,45,09,89,178,47,10,54,353,44,1*76
1780411025.242,$GBGSV,2,2,07,23,50,245,49,24,13,036,37,25,65,356,47,1*49
1780411025.242,$GBGSV,1,1,02,09,89,178,49,10,54,353,44,3*78
1780411025.243,$GBGSV,2,1,08,01,42,107,,02,63,241,,03,71,141,,04,22,098,,0*79
1780411025.243,$GBGSV,2,2,08,04,22,098,,08,19,152,,13,09,191,,28,06,218,,0*79
1780411025.244,$GNGLL,1339.01650,N,10029.52339,E,143705.00,A,D*78
1780411026.253,$GNRMC,143706.00,A,1339.01630,N,10029.52347,E,0.740,164.89,020626,0.53,W,R,V*51
1780411026.256,$GNVTG,164.89,T,165.42,M,0.740,N,1.370,K,D*38
1780411026.257,$GNGGA,143706.00,1339.01630,N,10029.52347,E,4,12,0.75,0.1,M,-27.8,M,1.0,0499*4A
1780411026.257,$GNGSA,A,3,02,10,01,26,28,31,32,,,,,,1.45,0.75,1.24,1*0B
1780411026.258,$GNGSA,A,3,78,66,77,79,67,68,,,,,,,1.45,0.75,1.24,2*09
1780411026.258,$GNGSA,A,3,05,06,09,16,25,31,34,,,,,,1.45,0.75,1.24,3*09
1780411026.259,$GNGSA,A,3,06,07,09,10,23,24,25,,,,,,1.45,0.75,1.24,4*08
1780411026.259,$GPGSV,3,1,11,01,12,280,39,02,14,253,26,10,40,156,28,26,76,198,46,1*69
1780411026.260,$GPGSV,3,2,11,28,38,010,37,29,06,083,32,31,48,330,34,32,43,056,43,1*6D
1780411026.261,$GPGSV,3,3,11,41,64,233,49,42,70,217,46,50,56,115,41,1*5D
1780411026.261,$GPGSV,2,1,06,03,13,324,21,10,40,156,23,26,76,198,46,28,38,010,37,6*64
1780411026.262,$GPGSV,2,2,06,31,48,330,36,32,43,056,43,6*6C
1780411026.263,$GPGSV,2,1,05,16,41,198,,23,05,150,,25,09,038,,27,07,192,,0*6C
1780411026.263,$GPGSV,2,2,05,27,07,192,,0*58
1780411026.264,$GLGSV,2,1,06,66,26,111,42,67,50,040,49,68,21,345,28,77,23,022,31,1*75
1780411026.264,$GLGSV,2,2,06,78,76,324,51,79,38,220,38,1*7F
1780411026.265,$GLGSV,2,1,05,66,26,111,45,67,50,040,44,68,21,345,25,78,76,324,51,3*7F
1780411026.265,$GLGSV,2,2,05,79,38,220,41,3*4F
1780411026.266,$GLGSV,1,1,01,82,03,226,,0*47
1780411026.266,$GAGSV,2,1,07,05,40,357,47,06,17,085,41,09,32,063,47,16,61,078,50,2*7D
1780411026.267,$GAGSV,2,2,07,25,52,182,33,31,13,041,35,34,27,267,34,2*4F
1780411026.267,$GAGSV,2,1,06,05,40,357,39,06,17,085,39,09,32,063,42,16,61,078,43,7*78
1780411026.268,$GAGSV,2,2,06,31,13,041,28,34,27,267,29,7*70
1780411026.269,$GAGSV,2,1,06,02,05,207,,03,11,310,,04,00,101,,11,05,166,,0*72
1780411026.269,$GAGSV,2,2,06,11,05,166,,15,01,310,,0*71
1780411026.270,$GBGSV,2,1,07,06,61,150,48,07,46,007,47,09,89,178,47,10,54,353,40,1*7E
1780411026.270,$GBGSV,2,2,07,23,50,245,49,24,13,036,32,25,65,356,51,1*4B
1780411026.271,$GBGSV,1,1,02,09,89,178,50,10,54,353,45,3*71
1780411026.271,$GBGSV,2,1,08,01,42,107,,02,63,241,,03,71,141,,04,22,098,,0*79
1780411026.272,$GBGSV,2,2,08,04,22,098,,08,19,152,,13,09,191,,28,06,218,,0*79
1780411026.272,$GNGLL,1339.01630,N,10029.52347,E,143706.00,A,D*74
1780411027.249,$GNRMC,143707.00,A,1339.01609,N,10029.52353,E,0.726,164.78,020626,0.53,W,R,V*51
1780411027.251,$GNVTG,164.78,T,165.31,M,0.726,N,1.344,K,D*35
1780411027.253,$GNGGA,143707.00,1339.01609,N,10029.52353,E,4,12,0.82,0.1,M,-27.8,M,2.0,0499*4F
1780411027.254,$GNGSA,A,3,02,10,01,26,28,31,32,,,,,,1.62,0.82,1.39,1*0A
1780411027.254,$GNGSA,A,3,78,66,77,79,67,68,,,,,,,1.62,0.82,1.39,2*08
1780411027.255,$GNGSA,A,3,05,06,09,16,25,31,34,,,,,,1.62,0.82,1.39,3*08
1780411027.255,$GNGSA,A,3,06,07,09,10,23,24,25,,,,,,1.62,0.82,1.39,4*09
1780411027.256,$GPGSV,3,1,12,01,12,280,36,02,14,253,29,10,40,156,29,16,41,198,21,1*6D
1780411027.257,$GPGSV,3,2,12,26,76,198,46,28,38,010,37,29,06,083,27,31,48,330,37,1*6C
1780411027.257,$GPGSV,3,3,12,32,43,056,44,41,64,233,47,42,70,217,44,50,56,115,38,1*69
1780411027.258,$GPGSV,2,1,06,03,13,324,21,10,40,156,29,26,76,198,47,28,38,010,39,6*61
1780411027.258,$GPGSV,2,2,06,31,48,330,33,32,43,056,44,6*6E
1780411027.259,$GPGSV,1,1,04,23,05,150,,25,09,038,,27,07,192,,40,37,260,,0*68
1780411027.260,$GLGSV,2,1,06,66,26,111,45,67,50,040,47,68,21,345,28,77,23,022,38,1*75
1780411027.260,$GLGSV,2,2,06,78,76,324,49,79,38,220,40,1*79
1780411027.261,$GLGSV,2,1,05,66,26,111,42,67,50,040,49,68,21,345,35,78,76,324,48,3*7C
1780411027.261,$GLGSV,2,2,05,79,38,220,38,3*41
1780411027.262,$GLGSV,1,1,01,82,03,226,,0*47
1780411027.262,$GAGSV,2,1,07,05,40,357,46,06,17,085,41,09,32,063,44,16,61,078,46,2*78
1780411027.263,$GAGSV,2,2,07,25,52,182,27,31,13,041,34,34,27,267,41,2*49
1780411027.263,$GAGSV,2,1,06,05,40,357,41,06,17,085,34,09,32,063,43,16,61,078,44,7*7C
1780411027.264,$GAGSV,2,2,06,31,13,041,37,34,27,267,21,7*76
1780411027.264,$GAGSV,2,1,06,02,05,207,,03,11,310,,04,00,101,,11,05,166,,0*72
1780411027.265,$GAGSV,2,2,06,11,05,166,,15,01,310,,0*71
1780411027.265,$GBGSV,2,1,07,06,61,150,47,07,46,007,44,09,89,178,48,10,54,353,43,1*7E
1780411027.266,$GBGSV,2,2,07,23,50,245,50,24,13,036,42,25,65,356,49,1*4D
1780411027.266,$GBGSV,1,1,02,09,89,178,49,10,54,353,44,3*78
1780411027.267,$GBGSV,2,1,08,01,42,107,,02,63,241,,03,71,141,,04,22,098,,0*79
1780411027.267,$GBGSV,2,2,08,04,22,098,,08,19,152,,13,09,191,,28,06,218,,0*79
1780411027.268,$GNGLL,1339.01609,N,10029.52353,E,143707.00,A,D*7A
1780411028.239,$GNRMC,143708.00,A,1339.01590,N,10029.52359,E,0.724,162.35,020626,0.53,W,R,V*5A
1780411028.241,$GNVTG,162.35,T,162.88,M,0.724,N,1.341,K,D*38
1780411028.242,$GNGGA,143708.00,1339.01590,N,10029.52359,E,4,12,0.82,0.1,M,-27.8,M,1.0,0499*4A
1780411028.243,$GNGSA,A,3,02,10,01,26,28,31,32,,,,,,1.62,0.82,1.39,1*0A
1780411028.244,$GNGSA,A,3,78,66,77,79,67,68,,,,,,,1.62,0.82,1.39,2*08
1780411028.244,$GNGSA,A,3,05,06,09,16,25,31,34,,,,,,1.62,0.82,1.39,3*08
1780411028.245,$GNGSA,A,3,06,07,09,10,23,24,25,,,,,,1.62,0.82,1.39,4*09
1780411028.245,$GPGSV,3,1,11,01,12,280,39,02,14,253,30,16,41,198,19,26,76,198,48,1*67
1780411028.246,$GPGSV,3,2,11,28,38,010,39,29,06,083,31,31,48,330,35,32,43,056,44,1*66
1780411028.247,$GPGSV,3,3,11,41,64,233,46,42,70,217,46,50,56,115,41,1*52
1780411028.247,$GPGSV,2,1,06,03,13,324,22,10,40,156,29,26,76,198,45,28,38,010,39,6*60
1780411028.248,$GPGSV,2,2,06,31,48,330,33,32,43,056,41,6*6B
1780411028.249,$GPGSV,1,1,04,23,05,150,,25,09,038,,27,07,192,,40,37,260,,0*68
1780411028.249,$GLGSV,2,1,06,66,26,111,46,67,50,040,49,68,21,345,32,77,23,022,36,1*7D
1780411028.250,$GLGSV,2,2,06,78,76,324,47,79,38,220,29,1*78
1780411028.250,$GLGSV,2,1,05,66,26,111,46,67,50,040,50,68,21,345,25,78,76,324,46,3*7F
1780411028.251,$GLGSV,2,2,05,79,38,220,39,3*40
1780411028.251,$GLGSV,1,1,01,82,03,226,,0*47
1780411028.252,$GAGSV,2,1,07,05,40,357,46,06,17,085,39,09,32,063,46,16,61,078,46,2*75
1780411028.252,$GAGSV,2,2,07,25,52,182,31,31,13,041,39,34,27,267,40,2*42
1780411028.253,$GAGSV,2,1,06,05,40,357,41,06,17,085,35,09,32,063,42,16,61,078,42,7*7A
1780411028.253,$GAGSV,2,2,06,31,13,041,33,34,27,267,33,7*71
1780411028.254,$GAGSV,2,1,06,02,05,207,,03,11,310,,04,00,101,,11,05,166,,0*72
1780411028.255,$GAGSV,2,2,06,11,05,166,,15,01,310,,0*71
1780411028.255,$GBGSV,2,1,07,06,61,150,47,07,46,007,46,09,89,178,47,10,54,353,43,1*73
1780411028.256,$GBGSV,2,2,07,23,50,245,50,24,13,036,36,25,65,356,45,1*42
1780411028.256,$GBGSV,1,1,02,09,89,178,49,10,54,353,48,3*74
1780411028.257,$GBGSV,2,1,08,01,42,107,,02,63,241,,03,71,141,,04,22,098,,0*79
1780411028.257,$GBGSV,2,2,08,04,22,098,,08,19,152,,13,09,191,,28,06,218,,0*79
1780411028.258,$GNGLL,1339.01590,N,10029.52359,E,143708.00,A,D*7C
1780411029.242,$GNRMC,143709.00,A,1339.01569,N,10029.52364,E,0.736,161.35,020626,0.53,W,R,V*53
1780411029.245,$GNVTG,161.35,T,161.88,M,0.736,N,1.364,K,D*3C
1780411029.246,$GNGGA,143709.00,1339.01569,N,10029.52364,E,4,12,0.82,0.1,M,-27.8,M,1.0,0499*43
1780411029.247,$GNGSA,A,3,02,10,01,26,28,31,32,,,,,,1.62,0.82,1.39,1*0A
1780411029.247,$GNGSA,A,3,78,66,77,79,67,68,,,,,,,1.62,0.82,1.39,2*08
1780411029.248,$GNGSA,A,3,05,06,09,16,25,31,34,,,,,,1.62,0.82,1.39,3*08
1780411029.248,$GNGSA,A,3,06,07,09,10,23,24,25,,,,,,1.62,0.82,1.39,4*09
1780411029.249,$GPGSV,3,1,11,01,12,280,36,02,14,253,34,16,41,198,18,26,76,198,48,1*6D
1780411029.249,$GPGSV,3,2,11,28,38,010,40,29,06,083,24,31,48,330,33,32,43,056,42,1*6C
1780411029.250,$GPGSV,3,3,11,41,64,233,46,42,70,217,47,50,56,115,41,1*53
1780411029.251,$GPGSV,2,1,06,03,13,324,22,10,40,156,20,26,76,198,47,28,38,010,40,6*65
1780411029.251,$GPGSV,2,2,06,31,48,330,33,32,43,056,40,6*6A
1780411029.252,$GPGSV,1,1,04,23,05,150,,25,09,038,,27,07,192,,40,37,260,,0*68
1780411029.252,$GLGSV,2,1,06,66,26,111,45,67,50,040,49,68,21,345,25,77,23,022,36,1*78
1780411029.253,$GLGSV,2,2,06,78,76,324,48,79,38,220,23,1*7D
1780411029.254,$GLGSV,2,1,05,66,26,111,44,67,50,040,49,68,21,345,30,78,76,324,47,3*70
1780411029.254,$GLGSV,2,2,05,79,38,220,36,3*4F
1780411029.254,$GLGSV,1,1,01,82,03,226,,0*47
1780411029.255,$GAGSV,2,1,07,05,40,357,47,06,17,085,41,09,32,063,47,16,61,078,48,2*74
1780411029.256,$GAGSV,2,2,07,25,52,182,37,31,13,041,38,34,27,267,36,2*44
1780411029.256,$GAGSV,2,1,06,05,40,357,41,06,17,085,32,09,32,063,37,16,61,078,42,7*7F
1780411029.257,$GAGSV,2,2,06,31,13,041,30,34,27,267,29,7*79
1780411029.257,$GAGSV,2,1,06,02,05,207,,03,11,310,,04,00,101,,11,05,166,,0*72
1780411029.258,$GAGSV,2,2,06,11,05,166,,15,01,310,,0*71
1780411029.258,$GBGSV,2,1,07,06,61,150,48,07,46,007,45,09,89,178,47,10,54,353,43,1*7F
1780411029.259,$GBGSV,2,2,07,23,50,245,47,24,13,036,41,25,65,356,50,1*40
1780411029.259,$GBGSV,1,1,02,09,89,178,50,10,54,353,48,3*7C
1780411029.260,$GBGSV,2,1,08,01,42,107,,02,63,241,,03,71,141,,04,22,098,,0*79
1780411029.260,$GBGSV,2,2,08,04,22,098,,08,19,152,,13,09,191,,28,06,218,,0*79
1780411029.261,$GNGLL,1339.01569,N,10029.52364,E,143709.00,A,D*75
1780411030.246,$GNRMC,143710.00,A,1339.01549,N,10029.52370,E,0.729,164.94,020626,0.53,W,R,V*5C
1780411030.248,$GNVTG,164.94,T,165.47,M,0.729,N,1.349,K,D*34
1780411030.248,$GNGGA,143710.00,1339.01549,N,10029.52370,E,4,12,0.76,0.1,M,-27.8,M,1.0,0499*47
1780411030.249,$GNGSA,A,3,02,10,01,26,28,31,32,,,,,,1.45,0.76,1.24,1*08
1780411030.249,$GNGSA,A,3,78,66,77,79,67,68,,,,,,,1.45,0.76,1.24,2*0A
1780411030.250,$GNGSA,A,3,05,06,09,16,25,31,34,,,,,,1.45,0.76,1.24,3*0A
1780411030.250,$GNGSA,A,3,06,07,09,10,23,24,25,,,,,,1.45,0.76,1.24,4*0B
1780411030.251,$GPGSV,3,1,11,01,12,280,36,02,14,253,29,16,41,198,19,26,76,198,48,1*60
1780411030.251,$GPGSV,3,2,11,28,38,010,39,29,06,083,23,31,48,330,39,32,43,056,43,1*6E
1780411030.252,$GPGSV,3,3,11,41,64,233,48,42,70,217,46,50,56,115,41,1*5C
1780411030.252,$GPGSV,2,1,06,03,13,324,20,10,40,156,28,26,76,198,47,28,38,010,43,6*6C
1780411030.253,$GPGSV,2,2,06,31,48,330,32,32,43,056,43,6*68
1780411030.253,$GPGSV,1,1,04,23,05,150,,25,09,038,,27,07,192,,40,37,260,,0*68
1780411030.254,$GLGSV,2,1,06,66,26,111,46,67,50,040,45,68,21,345,31,77,23,022,33,1*77
1780411030.255,$GLGSV,2,2,06,78,76,324,49,79,38,220,34,1*7A
1780411030.255,$GLGSV,2,1,05,66,26,111,44,67,50,040,51,68,21,345,21,78,76,324,49,3*77
1780411030.255,$GLGSV,2,2,05,79,38,220,38,3*41
1780411030.256,$GLGSV,1,1,01,82,03,226,,0*47
1780411030.256,$GAGSV,2,1,07,05,40,357,47,06,17,085,39,09,32,063,44,16,61,077,50,2*7E
1780411030.257,$GAGSV,2,2,07,25,52,182,30,31,13,041,26,34,27,267,40,2*4D
1780411030.258,$GAGSV,2,1,06,05,40,357,41,06,17,085,31,09,32,063,39,16,61,077,45,7*7A
1780411030.258,$GAGSV,2,2,06,31,13,041,30,34,27,267,33,7*72
1780411030.259,$GAGSV,2,1,06,02,05,207,,03,11,310,,04,00,101,,11,05,166,,0*72
1780411030.259,$GAGSV,2,2,06,11,05,166,,15,01,310,,0*71
1780411030.259,$GBGSV,2,1,07,06,61,150,46,07,46,007,44,09,89,178,46,10,54,353,45,1*77
1780411030.260,$GBGSV,2,2,07,23,50,245,47,24,13,036,45,25,65,356,49,1*4C
1780411030.260,$GBGSV,1,1,02,09,89,178,49,10,54,353,47,3*7B
1780411030.261,$GBGSV,2,1,08,01,42,107,,02,63,241,,03,71,141,,04,22,098,,0*79
1780411030.261,$GBGSV,2,2,08,04,22,098,,08,19,152,,13,09,191,,28,06,218,,0*79
1780411030.262,$GNGLL,1339.01549,N,10029.52370,E,143710.00,A,D*7A
1780411031.238,$GNRMC,143711.00,A,1339.01529,N,10029.52376,E,0.665,158.71,020626,0.53,W,R,V*50
1780411031.239,$GNVTG,158.71,T,159.24,M,0.665,N,1.231,K,D*3D
1780411031.241,$GNGGA,143711.00,1339.01529,N,10029.52376,E,4,12,0.82,0.1,M,-27.8,M,1.0,0499*4D
1780411031.241,$GNGSA,A,3,02,10,01,26,28,31,32,,,,,,1.62,0.82,1.39,1*0A
1780411031.242,$GNGSA,A,3,78,66,77,79,67,68,,,,,,,1.62,0.82,1.39,2*08
1780411031.242,$GNGSA,A,3,05,06,09,16,25,31,34,,,,,,1.62,0.82,1.39,3*08
1780411031.242,$GNGSA,A,3,06,07,09,10,23,24,25,,,,,,1.62,0.82,1.39,4*09
1780411031.243,$GPGSV,3,1,10,01,12,280,32,02,14,253,28,26,76,198,46,28,38,010,34,1*67
1780411031.244,$GPGSV,3,2,10,29,06,083,30,31,48,330,39,32,43,056,41,41,64,233,50,1*65
1780411031.244,$GPGSV,3,3,10,42,70,217,46,50,56,115,41,1*64
1780411031.245,$GPGSV,2,1,06,03,13,324,21,10,40,156,29,26,76,198,47,28,38,010,42,6*6D
1780411031.245,$GPGSV,2,2,06,31,48,330,38,32,43,056,34,6*62
1780411031.246,$GPGSV,2,1,05,16,41,198,,23,05,150,,25,09,038,,27,07,192,,0*6C
1780411031.246,$GPGSV,2,2,05,27,07,192,,0*58
1780411031.247,$GLGSV,2,1,06,66,26,111,40,67,50,040,46,68,21,345,24,77,23,022,27,1*73
1780411031.248,$GLGSV,2,2,06,78,76,324,50,79,38,220,37,1*71
1780411031.248,$GLGSV,2,1,05,66,26,111,43,67,50,040,47,68,21,345,29,78,76,324,50,3*77
1780411031.249,$GLGSV,2,2,05,79,38,220,35,3*4C
1780411031.249,$GLGSV,1,1,01,82,03,226,,0*47
1780411031.249,$GAGSV,2,1,07,05,40,357,48,06,17,085,38,09,32,063,49,16,61,077,49,2*75
1780411031.250,$GAGSV,2,2,07,25,52,182,29,31,13,041,33,34,27,267,41,2*40
1780411031.251,$GAGSV,2,1,06,05,40,357,41,06,17,085,38,09,32,063,39,16,61,077,39,7*78
1780411031.251,$GAGSV,2,2,06,31,13,041,34,34,27,267,33,7*76
1780411031.252,$GAGSV,2,1,06,02,05,207,,03,11,310,,04,00,101,,11,05,166,,0*72
1780411031.252,$GAGSV,2,2,06,11,05,166,,15,01,310,,0*71
1780411031.253,$GBGSV,2,1,07,06,61,150,46,07,46,007,46,09,89,178,46,10,54,353,48,1*78
1780411031.253,$GBGSV,2,2,07,23,50,245,46,24,13,036,42,25,65,356,48,1*4B
1780411031.254,$GBGSV,1,1,02,09,89,178,48,10,54,353,47,3*7A
1780411031.254,$GBGSV,2,1,08,01,42,107,,02,63,241,,03,71,141,,04,22,098,,0*79
1780411031.255,$GBGSV,2,2,08,04,22,098,,08,19,152,,13,09,191,,28,06,218,,0*79
1780411031.255,$GNGLL,1339.01529,N,10029.52376,E,143711.00,A,D*7B
1780411032.245,$GNRMC,143712.00,A,1339.01510,N,10029.52382,E,0.654,162.72,020626,0.53,W,R,V*5A
1780411032.246,$GNVTG,162.72,T,163.25,M,0.654,N,1.211,K,D*3F
1780411032.247,$GNGGA,143712.00,1339.01510,N,10029.52382,E,4,12,0.67,0.1,M,-27.8,M,1.0,0499*44
1780411032.248,$GNGSA,A,3,02,10,01,26,28,31,32,,,,,,1.24,0.67,1.04,1*0D
1780411032.248,$GNGSA,A,3,78,66,77,79,67,68,,,,,,,1.24,0.67,1.04,2*0F
1780411032.249,$GNGSA,A,3,05,06,09,16,25,31,34,,,,,,1.24,0.67,1.04,3*0F
1780411032.249,$GNGSA,A,3,06,07,09,10,23,24,25,,,,,,1.24,0.67,1.04,4*0E
1780411032.250,$GPGSV,3,1,11,01,12,280,27,02,14,253,29,03,13,324,20,26,76,198,46,1*62
1780411032.251,$GPGSV,3,2,11,28,38,010,39,29,06,083,24,31,48,330,39,32,43,056,31,1*6C
1780411032.251,$GPGSV,3,3,11,41,64,233,50,42,70,217,46,50,56,115,42,1*56
1780411032.252,$GPGSV,2,1,06,03,13,324,20,10,40,156,29,26,76,198,44,28,38,010,40,6*6D
1780411032.252,$GPGSV,2,2,06,31,48,330,38,32,43,056,39,6*6F
1780411032.253,$GPGSV,2,1,05,16,41,198,,23,05,150,,25,09,038,,27,07,192,,0*6C
1780411032.253,$GPGSV,2,2,05,27,07,192,,0*58
1780411032.254,$GLGSV,2,1,06,66,26,111,44,67,50,040,47,68,21,345,34,77,23,022,32,1*73
1780411032.254,$GLGSV,2,2,06,78,76,324,50,79,38,220,32,1*74
1780411032.255,$GLGSV,2,1,05,66,26,111,42,67,50,040,46,68,21,345,21,78,76,324,52,3*7D
1780411032.255,$GLGSV,2,2,05,79,38,220,35,3*4C
1780411032.255,$GLGSV,1,1,01,82,03,226,,0*47
1780411032.256,$GAGSV,2,1,07,05,40,357,47,06,17,085,44,09,32,063,45,16,61,077,48,2*7C
1780411032.257,$GAGSV,2,2,07,25,52,182,32,31,13,041,33,34,27,267,37,2*4B
1780411032.257,$GAGSV,2,1,06,05,40,357,42,06,17,085,37,09,32,063,39,16,61,077,44,7*7E
1780411032.258,$GAGSV,2,2,06,31,13,041,23,34,27,267,32,7*71
1780411032.258,$GAGSV,2,1,06,02,05,207,,03,11,310,,04,00,101,,11,05,166,,0*72
1780411032.259,$GAGSV,2,2,06,11,05,166,,15,01,310,,0*71
1780411032.259,$GBGSV,2,1,07,06,61,150,46,07,46,007,43,09,89,178,46,10,54,353,46,1*73
1780411032.260,$GBGSV,2,2,07,23,50,245,45,24,13,036,42,25,65,356,47,1*47
1780411032.260,$GBGSV,1,1,02,09,89,178,48,10,54,353,46,3*7B
1780411032.261,$GBGSV,2,1,08,01,42,107,,02,63,241,,03,71,141,,04,22,098,,0*79
1780411032.261,$GBGSV,2,2,08,04,22,098,,08,19,152,,13,09,191,,28,06,218,,0*79
1780411032.262,$GNGLL,1339.01510,N,10029.52382,E,143712.00,A,D*79
1780411033.239,$GNRMC,143713.00,A,1339.01493,N,10029.52388,E,0.685,160.40,020626,0.53,W,R,V*54
1780411033.242,$GNVTG,160.40,T,160.93,M,0.685,N,1.269,K,D*31
1780411033.243,$GNGGA,143713.00,1339.01493,N,10029.52388,E,4,12,0.72,0.1,M,-27.8,M,1.0,0499*41
1780411033.244,$GNGSA,A,3,02,10,01,26,28,31,32,,,,,,1.27,0.72,1.05,1*0B
1780411033.244,$GNGSA,A,3,78,66,77,79,67,68,,,,,,,1.27,0.72,1.05,2*09
1780411033.244,$GNGSA,A,3,05,06,09,16,25,31,34,,,,,,1.27,0.72,1.05,3*09
1780411033.245,$GNGSA,A,3,06,07,09,10,23,24,25,,,,,,1.27,0.72,1.05,4*08
1780411033.246,$GPGSV,3,1,11,01,12,280,32,02,14,253,29,16,41,198,23,26,76,198,46,1*63
1780411033.246,$GPGSV,3,2,11,28,38,010,34,29,06,083,27,31,48,330,42,32,43,056,46,1*6E
1780411033.247,$GPGSV,3,3,11,41,64,233,49,42,70,217,47,50,56,115,41,1*5C
1780411033.248,$GPGSV,2,1,06,03,13,324,21,10,40,156,23,26,76,198,45,28,38,010,41,6*66
1780411033.248,$GPGSV,2,2,06,31,48,330,40,32,43,056,43,6*6D
1780411033.249,$GPGSV,1,1,04,23,05,150,,25,09,038,,27,07,192,,40,37,260,,0*68
1780411033.249,$GLGSV,2,1,06,66,26,111,43,67,50,040,51,68,21,345,25,77,23,022,28,1*78
1780411033.250,$GLGSV,2,2,06,78,76,324,50,79,38,220,28,1*7F
1780411033.250,$GLGSV,2,1,05,66,26,111,44,67,50,040,48,68,21,345,33,78,76,324,49,3*7C
1780411033.251,$GLGSV,2,2,05,79,38,220,37,3*4E
1780411033.251,$GLGSV,1,1,01,82,03,226,,0*47
1780411033.252,$GAGSV,2,1,07,05,40,357,47,06,17,085,38,09,32,063,37,16,61,077,49,2*73
1780411033.252,$GAGSV,2,2,07,25,52,182,28,31,13,041,30,34,27,267,42,2*41
1780411033.253,$GAGSV,2,1,06,05,40,357,40,06,17,085,32,09,32,063,38,16,61,077,43,7*7F
1780411033.253,$GAGSV,2,2,06,31,13,041,31,34,27,267,33,7*73
1780411033.254,$GAGSV,2,1,06,02,05,207,,03,11,310,,04,00,101,,11,05,166,,0*72
1780411033.254,$GAGSV,2,2,06,11,05,166,,15,01,310,,0*71
1780411033.255,$GBGSV,2,1,07,06,61,150,47,07,46,007,46,09,89,178,47,10,54,353,44,1*74
1780411033.256,$GBGSV,2,2,07,23,50,245,44,24,13,036,41,25,65,356,48,1*4A
1780411033.256,$GBGSV,1,1,02,09,89,178,49,10,54,353,47,3*7B
1780411033.257,$GBGSV,2,1,08,01,42,107,,02,63,241,,03,71,141,,04,22,098,,0*79
1780411033.257,$GBGSV,2,2,08,04,22,098,,08,19,152,,13,09,191,,28,06,218,,0*79
1780411033.258,$GNGLL,1339.01493,N,10029.52388,E,143713.00,A,D*78
1780411034.237,$GNRMC,143714.00,A,1339.01475,N,10029.52394,E,0.630,160.96,020626,0.53,W,R,V*53
1780411034.240,$GNVTG,160.96,T,161.49,M,0.630,N,1.166,K,D*3E
1780411034.241,$GNGGA,143714.00,1339.01475,N,10029.52394,E,4,12,0.65,0.1,M,-27.8,M,1.0,0499*45
1780411034.242,$GNGSA,A,3,02,10,01,26,28,31,32,,,,,,1.20,0.65,1.01,1*0E
1780411034.243,$GNGSA,A,3,78,66,77,79,67,68,,,,,,,1.20,0.65,1.01,2*0C
1780411034.243,$GNGSA,A,3,05,06,09,16,25,31,34,,,,,,1.20,0.65,1.01,3*0C
1780411034.244,$GNGSA,A,3,06,07,09,10,23,24,25,,,,,,1.20,0.65,1.01,4*0D
1780411034.245,$GPGSV,3,1,12,01,12,280,26,02,14,253,31,03,13,324,22,10,40,156,27,1*6E
1780411034.245,$GPGSV,3,2,12,26,76,198,45,28,38,010,39,29,06,083,26,31,48,330,45,1*65
1780411034.246,$GPGSV,3,3,12,32,43,056,40,41,64,233,48,42,70,217,46,50,56,115,43,1*6C
1780411034.247,$GPGSV,2,1,06,03,13,324,21,10,40,156,21,26,76,198,45,28,38,010,40,6*65
1780411034.247,$GPGSV,2,2,06,31,48,330,42,32,43,056,45,6*69
1780411034.248,$GPGSV,2,1,05,16,41,198,,23,05,150,,25,09,038,,27,07,192,,0*6C
1780411034.248,$GPGSV,2,2,05,27,07,192,,0*58
1780411034.249,$GLGSV,2,1,06,66,26,111,44,67,50,040,48,68,21,345,30,77,23,022,39,1*73
1780411034.249,$GLGSV,2,2,06,78,76,324,51,79,38,220,33,1*74
1780411034.250,$GLGSV,2,1,05,66,26,111,45,67,50,040,47,68,21,345,22,78,76,324,47,3*7C
1780411034.251,$GLGSV,2,2,05,79,38,220,38,3*41
1780411034.251,$GLGSV,1,1,01,82,03,226,,0*47
1780411034.252,$GAGSV,2,1,07,05,40,357,48,06,17,085,37,09,32,063,40,16,61,077,45,2*7F
1780411034.252,$GAGSV,2,2,07,25,52,182,24,31,13,041,30,34,27,267,37,2*4F
1780411034.253,$GAGSV,2,1,06,05,40,357,40,06,17,085,38,09,32,063,38,16,61,077,44,7*72
1780411034.254,$GAGSV,2,2,06,31,13,041,24,34,27,267,33,7*77
1780411034.255,$GAGSV,2,1,06,02,05,207,,03,11,310,,04,00,101,,11,05,166,,0*72
1780411034.255,$GAGSV,2,2,06,11,05,166,,15,01,310,,0*71
1780411034.256,$GBGSV,2,1,07,06,61,150,45,07,46,007,46,09,89,178,46,10,54,353,45,1*76
1780411034.257,$GBGSV,2,2,07,23,50,245,44,24,13,036,38,25,65,356,51,1*4C
1780411034.257,$GBGSV,1,1,02,09,89,178,49,10,54,353,50,3*7D
1780411034.258,$GBGSV,2,1,08,01,42,107,,02,63,241,,03,71,141,,04,22,098,,0*79
1780411034.258,$GBGSV,2,2,08,04,22,098,,08,19,152,,13,09,191,,28,06,218,,0*79
1780411034.259,$GNGLL,1339.01475,N,10029.52394,E,143714.00,A,D*7A
1780411035.241,$GNRMC,143715.00,A,1339.01458,N,10029.52401,E,0.684,157.34,020626,0.53,W,R,V*55
1780411035.244,$GNVTG,157.34,T,157.87,M,0.684,N,1.267,K,D*38
1780411035.245,$GNGGA,143715.00,1339.01458,N,10029.52401,E,4,12,0.65,0.2,M,-27.8,M,1.0,0499*43
1780411035.246,$GNGSA,A,3,02,10,01,26,28,31,32,,,,,,1.20,0.65,1.01,1*0E
1780411035.246,$GNGSA,A,3,78,66,77,79,67,68,,,,,,,1.20,0.65,1.01,2*0C
1780411035.247,$GNGSA,A,3,05,06,09,16,25,31,34,,,,,,1.20,0.65,1.01,3*0C
1780411035.247,$GNGSA,A,3,06,07,09,10,23,24,25,,,,,,1.20,0.65,1.01,4*0D
1780411035.248,$GPGSV,3,1,11,01,12,280,31,02,14,253,28,10,40,156,27,26,76,198,46,1*60
1780411035.248,$GPGSV,3,2,11,28,38,010,39,29,06,083,27,31,48,330,45,32,43,056,41,1*63
1780411035.249,$GPGSV,3,3,11,41,64,233,46,42,70,217,45,50,56,115,42,1*52
1780411035.250,$GPGSV,2,1,06,03,13,324,20,10,40,156,22,26,76,198,47,28,38,010,43,6*66
1780411035.250,$GPGSV,2,2,06,31,48,330,42,32,43,056,36,6*6D
1780411035.251,$GPGSV,2,1,05,16,41,198,,23,05,150,,25,09,038,,27,07,192,,0*6C
1780411035.251,$GPGSV,2,2,05,27,07,192,,0*58
1780411035.252,$GLGSV,2,1,06,66,26,111,44,67,50,040,37,68,21,345,22,77,23,022,39,1*78
1780411035.252,$GLGSV,2,2,06,78,76,324,49,79,38,220,28,1*77
1780411035.253,$GLGSV,2,1,05,66,26,111,43,67,50,040,49,68,21,345,29,78,76,324,48,3*70
1780411035.253,$GLGSV,2,2,05,79,38,220,38,3*41
1780411035.253,$GLGSV,1,1,01,82,03,226,,0*47
1780411035.254,$GAGSV,2,1,07,05,40,357,47,06,17,085,42,09,32,063,41,16,61,077,40,2*76
1780411035.254,$GAGSV,2,2,07,25,52,182,28,31,13,041,28,34,27,267,36,2*4B
1780411035.255,$GAGSV,2,1,06,05,40,357,40,06,17,085,38,09,32,063,40,16,61,077,41,7*78
1780411035.255,$GAGSV,2,2,06,31,13,041,25,34,27,267,28,7*7C
1780411035.256,$GAGSV,2,1,06,02,05,207,,03,11,310,,04,00,101,,11,05,166,,0*72
1780411035.257,$GAGSV,2,2,06,11,05,166,,15,01,310,,0*71
1780411035.257,$GBGSV,2,1,07,06,61,150,47,07,46,007,45,09,89,178,47,10,54,353,44,1*77
1780411035.258,$GBGSV,2,2,07,23,50,245,42,24,13,036,31,25,65,356,48,1*4B
1780411035.258,$GBGSV,1,1,02,09,89,178,48,10,54,353,45,3*78
1780411035.259,$GBGSV,2,1,08,01,42,107,,02,63,241,,03,71,141,,04,22,098,,0*79
1780411035.259,$GBGSV,2,2,08,04,22,098,,08,19,152,,13,09,191,,28,06,218,,0*79
1780411035.260,$GNGLL,1339.01458,N,10029.52401,E,143715.00,A,D*7F
1780411036.241,$GNRMC,143716.00,A,1339.01439,N,10029.52407,E,0.703,157.67,020626,0.53,W,R,V*5F
1780411036.244,$GNVTG,157.67,T,158.20,M,0.703,N,1.303,K,D*31
1780411036.244,$GNGGA,143716.00,1339.01439,N,10029.52407,E,4,12,0.65,0.2,M,-27.8,M,1.0,0499*41
1780411036.245,$GNGSA,A,3,02,10,01,26,28,31,32,,,,,,1.20,0.65,1.01,1*0E
1780411036.245,$GNGSA,A,3,78,66,77,79,67,68,,,,,,,1.20,0.65,1.01,2*0C
1780411036.246,$GNGSA,A,3,05,06,09,16,25,31,34,,,,,,1.20,0.65,1.01,3*0C
1780411036.246,$GNGSA,A,3,06,07,09,10,23,24,25,,,,,,1.20,0.65,1.01,4*0D
1780411036.247,$GPGSV,3,1,10,01,12,280,26,02,14,253,27,26,76,198,48,28,38,010,43,1*63
1780411036.247,$GPGSV,3,2,10,29,06,083,25,31,48,330,47,32,43,056,26,41,64,233,46,1*6E
1780411036.248,$GPGSV,3,3,10,42,70,217,44,50,56,115,41,1*66
1780411036.249,$GPGSV,2,1,06,03,13,324,22,10,40,156,23,26,76,198,47,28,38,010,47,6*61
1780411036.249,$GPGSV,2,2,06,31,48,330,40,32,43,056,41,6*6F
1780411036.250,$GPGSV,2,1,05,16,41,198,,23,05,150,,25,09,038,,27,07,192,,0*6C
1780411036.250,$GPGSV,2,2,05,27,07,192,,0*58
1780411036.251,$GLGSV,2,1,06,66,26,111,44,67,50,040,48,68,21,345,31,77,23,022,38,1*73
1780411036.251,$GLGSV,2,2,06,78,76,324,50,79,38,220,34,1*72
1780411036.252,$GLGSV,2,1,05,66,26,111,42,67,50,040,46,68,21,345,24,78,76,324,48,3*73
1780411036.252,$GLGSV,2,2,05,79,38,220,40,3*4E
1780411036.252,$GLGSV,1,1,01,82,03,226,,0*47
1780411036.253,$GAGSV,2,1,07,05,40,357,47,06,17,085,37,09,32,063,46,16,61,077,47,2*74
1780411036.253,$GAGSV,2,2,07,25,52,182,28,31,13,041,29,34,27,267,28,2*45
1780411036.254,$GAGSV,2,1,06,05,40,357,43,06,17,085,35,09,32,063,41,16,61,077,44,7*72
1780411036.255,$GAGSV,2,2,06,31,13,041,25,34,27,267,27,7*73
1780411036.255,$GAGSV,2,1,06,02,05,207,,03,11,310,,04,00,101,,11,05,166,,0*72
1780411036.256,$GAGSV,2,2,06,11,05,166,,15,01,310,,0*71
1780411036.256,$GBGSV,2,1,07,06,61,150,48,07,46,007,46,09,89,178,46,10,54,353,45,1*7B
1780411036.257,$GBGSV,2,2,07,23,50,245,43,24,13,036,41,25,65,356,50,1*44
1780411036.257,$GBGSV,1,1,02,09,89,178,50,10,54,353,46,3*72
1780411036.258,$GBGSV,2,1,08,01,42,107,,02,63,241,,03,71,141,,04,22,098,,0*79
1780411036.258,$GBGSV,2,2,08,04,22,098,,08,19,152,,13,09,191,,28,06,218,,0*79
1780411036.259,$GNGLL,1339.01439,N,10029.52407,E,143716.00,A,D*7D
1780411037.238,$GNRMC,143717.00,A,1339.01419,N,10029.52416,E,0.788,161.89,020626,0.53,W,R,V*5A
1780411037.240,$GNVTG,161.89,T,162.42,M,0.788,N,1.459,K,D*32
1780411037.241,$GNGGA,143717.00,1339.01419,N,10029.52416,E,4,12,0.65,0.2,M,-27.8,M,1.0,0499*42
1780411037.242,$GNGSA,A,3,02,10,01,26,28,31,32,,,,,,1.20,0.65,1.01,1*0E
1780411037.242,$GNGSA,A,3,78,66,77,79,67,68,,,,,,,1.20,0.65,1.01,2*0C
1780411037.243,$GNGSA,A,3,05,06,09,16,25,31,34,,,,,,1.20,0.65,1.01,3*0C
1780411037.243,$GNGSA,A,3,06,07,09,10,23,24,25,,,,,,1.20,0.65,1.01,4*0D
1780411037.244,$GPGSV,3,1,10,01,12,280,37,02,14,253,26,26,76,198,50,28,38,010,44,1*6C
1780411037.245,$GPGSV,3,2,10,29,06,083,25,31,48,330,49,32,43,056,42,41,64,233,43,1*67
1780411037.245,$GPGSV,3,3,10,42,70,217,42,50,56,115,43,1*62
1780411037.246,$GPGSV,2,1,06,03,13,324,21,10,40,156,22,26,76,198,48,28,38,010,46,6*6D
1780411037.246,$GPGSV,2,2,06,31,48,330,43,32,43,056,41,6*6C
1780411037.247,$GPGSV,2,1,05,16,41,198,,23,05,150,,25,09,038,,27,07,192,,0*6C
1780411037.247,$GPGSV,2,2,05,27,07,192,,0*58
1780411037.248,$GLGSV,2,1,06,66,26,111,44,67,50,040,42,68,21,345,37,77,23,022,37,1*70
1780411037.248,$GLGSV,2,2,06,78,76,324,48,79,38,220,40,1*78
1780411037.249,$GLGSV,2,1,05,66,26,111,42,67,50,040,43,68,21,345,24,78,76,324,50,3*7F
1780411037.249,$GLGSV,2,2,05,79,38,220,38,3*41
1780411037.250,$GLGSV,1,1,01,82,03,226,,0*47
1780411037.250,$GAGSV,2,1,07,05,40,357,49,06,17,085,37,09,32,063,44,16,61,077,50,2*7E
1780411037.251,$GAGSV,2,2,07,25,52,182,32,31,13,041,23,34,27,267,32,2*4F
1780411037.251,$GAGSV,2,1,06,05,40,357,44,06,17,085,37,09,32,063,37,16,61,077,45,7*77
1780411037.252,$GAGSV,2,2,06,31,13,041,25,34,27,267,26,7*72
1780411037.252,$GAGSV,2,1,06,02,05,207,,03,11,310,,04,00,101,,11,05,166,,0*72
1780411037.253,$GAGSV,2,2,06,11,05,166,,15,01,310,,0*71
1780411037.253,$GBGSV,2,1,07,06,61,150,46,07,46,007,45,09,89,178,46,10,54,353,45,1*76
1780411037.254,$GBGSV,2,2,07,23,50,245,39,24,13,036,33,25,65,356,46,1*4B
1780411037.254,$GBGSV,1,1,02,09,89,178,49,10,54,353,48,3*74
1780411037.255,$GBGSV,2,1,08,01,42,107,,02,63,241,,03,71,141,,04,22,098,,0*79
1780411037.255,$GBGSV,2,2,08,04,22,098,,08,19,152,,13,09,191,,28,06,218,,0*79
1780411037.256,$GNGLL,1339.01419,N,10029.52416,E,143717.00,A,D*7E
1780411038.245,$GNRMC,143718.00,A,1339.01400,N,10029.52425,E,0.671,156.40,020626,0.53,W,R,V*5B
1780411038.248,$GNVTG,156.40,T,156.92,M,0.671,N,1.242,K,D*32
1780411038.248,$GNGGA,143718.00,1339.01400,N,10029.52425,E,4,12,0.65,0.2,M,-27.8,M,1.0,0499*45
1780411038.249,$GNGSA,A,3,02,10,01,26,28,31,32,,,,,,1.20,0.65,1.01,1*0E
1780411038.249,$GNGSA,A,3,78,66,77,79,67,68,,,,,,,1.20,0.65,1.01,2*0C
1780411038.249,$GNGSA,A,3,05,06,09,16,25,31,34,,,,,,1.20,0.65,1.01,3*0C
1780411038.250,$GNGSA,A,3,06,07,09,10,23,24,25,,,,,,1.20,0.65,1.01,4*0D
1780411038.250,$GPGSV,3,1,11,01,12,280,38,02,14,253,24,13,,,24,26,76,198,48,1*5D
1780411038.251,$GPGSV,3,2,11,28,38,010,42,29,06,083,26,31,48,330,47,32,43,056,41,1*6C
1780411038.251,$GPGSV,3,3,11,41,64,233,42,42,70,217,42,50,56,115,43,1*50
1780411038.252,$GPGSV,2,1,06,03,13,324,21,10,40,156,23,26,76,198,48,28,38,010,43,6*69
1780411038.252,$GPGSV,2,2,06,31,48,330,46,32,43,056,43,6*6B
1780411038.253,$GPGSV,2,1,05,16,41,198,,23,05,150,,25,09,038,,27,07,192,,0*6C
1780411038.253,$GPGSV,2,2,05,27,07,192,,0*58
1780411038.254,$GLGSV,2,1,06,66,26,111,42,67,50,040,49,68,21,345,35,77,23,022,37,1*7F
1780411038.254,$GLGSV,2,2,06,78,76,324,49,79,38,220,41,1*78
1780411038.255,$GLGSV,2,1,05,66,26,111,42,67,50,040,49,68,21,345,31,78,76,324,51,3*70
1780411038.255,$GLGSV,2,2,05,79,38,220,38,3*41
1780411038.255,$GLGSV,1,1,01,82,03,226,,0*47
1780411038.256,$GAGSV,2,1,07,05,40,357,50,06,17,085,41,09,32,063,47,16,61,077,52,2*76
1780411038.256,$GAGSV,2,2,07,25,52,182,36,31,13,041,25,34,27,267,33,2*4C
1780411038.257,$GAGSV,2,1,06,05,40,357,43,06,17,085,37,09,32,063,44,16,61,077,43,7*72
1780411038.257,$GAGSV,2,2,06,31,13,041,30,34,27,267,28,7*78
1780411038.258,$GAGSV,2,1,06,02,05,207,,03,11,310,,04,00,101,,11,05,166,,0*72
1780411038.258,$GAGSV,2,2,06,11,05,166,,15,01,310,,0*71
1780411038.258,$GBGSV,2,1,07,06,61,150,46,07,46,007,47,09,89,178,48,10,54,353,44,1*7B
1780411038.259,$GBGSV,2,2,07,23,50,245,39,24,13,036,42,25,65,356,47,1*4C
1780411038.259,$GBGSV,1,1,02,09,89,178,49,10,54,353,46,3*7A
1780411038.260,$GBGSV,2,1,08,01,42,107,,02,63,241,,03,71,141,,04,22,098,,0*79
1780411038.260,$GBGSV,2,2,08,04,22,098,,08,19,152,,13,09,191,,28,06,218,,0*79
1780411038.261,$GNGLL,1339.01400,N,10029.52425,E,143718.00,A,D*79
1780411039.239,$GNRMC,143719.00,A,1339.01381,N,10029.52433,E,0.792,156.89,020626,0.53,W,R,V*5A
1780411039.240,$GNVTG,156.89,T,157.42,M,0.792,N,1.467,K,D*36
1780411039.242,$GNGGA,143719.00,1339.01381,N,10029.52433,E,4,12,0.65,0.3,M,-27.8,M,1.0,0499*4C
1780411039.243,$GNGSA,A,3,02,10,01,26,28,31,32,,,,,,1.20,0.65,1.01,1*0E
1780411039.243,$GNGSA,A,3,78,66,77,79,67,68,,,,,,,1.20,0.65,1.01,2*0C
1780411039.244,$GNGSA,A,3,05,06,09,16,25,31,34,,,,,,1.20,0.65,1.01,3*0C
1780411039.245,$GNGSA,A,3,06,07,09,10,23,24,25,,,,,,1.20,0.65,1.01,4*0D
1780411039.246,$GPGSV,3,1,10,01,12,280,39,02,14,253,22,26,76,198,48,28,38,010,39,1*65
1780411039.247,$GPGSV,3,2,10,29,06,083,25,31,48,330,48,32,43,056,42,41,64,233,40,1*65
1780411039.247,$GPGSV,3,3,10,42,70,217,40,50,56,115,40,1*63
1780411039.248,$GPGSV,2,1,06,03,13,324,22,10,40,156,23,26,76,198,46,28,38,010,43,6*64
1780411039.249,$GPGSV,2,2,06,31,48,330,44,32,43,056,39,6*64
1780411039.250,$GPGSV,2,1,05,16,41,198,,23,05,150,,25,09,038,,27,07,192,,0*6C
1780411039.250,$GPGSV,2,2,05,27,07,192,,0*58
1780411039.251,$GLGSV,2,1,06,66,26,111,42,67,50,040,45,68,21,345,32,77,23,022,37,1*74
1780411039.251,$GLGSV,2,2,06,78,76,324,48,79,38,220,41,1*79
1780411039.252,$GLGSV,2,1,05,66,26,111,41,67,50,040,45,68,21,345,23,78,76,324,50,3*7D
1780411039.252,$GLGSV,2,2,05,79,38,220,34,3*4D
1780411039.252,$GLGSV,1,1,01,82,03,226,,0*47
1780411039.253,$GAGSV,2,1,07,05,40,357,51,06,17,085,44,09,32,063,47,16,61,077,47,2*76
1780411039.253,$GAGSV,2,2,07,25,52,182,26,31,13,041,30,34,27,267,35,2*4F
1780411039.254,$GAGSV,2,1,06,05,40,357,43,06,17,085,40,09,32,063,40,16,61,077,45,7*70
1780411039.254,$GAGSV,2,2,06,31,13,041,20,34,27,267,25,7*74
1780411039.255,$GAGSV,2,1,06,02,05,207,,03,11,310,,04,00,101,,11,05,166,,0*72
1780411039.255,$GAGSV,2,2,06,11,05,166,,15,01,310,,0*71
1780411039.256,$GBGSV,2,1,07,06,61,150,46,07,46,007,46,09,89,178,46,10,54,353,44,1*74
1780411039.256,$GBGSV,2,2,07,23,50,245,37,24,13,036,41,25,65,356,48,1*4E
1780411039.256,$GBGSV,1,1,02,09,89,178,49,10,54,353,45,3*79
1780411039.257,$GBGSV,2,1,08,01,42,107,,02,63,241,,03,71,141,,04,22,098,,0*79
1780411039.257,$GBGSV,2,2,08,04,22,098,,08,19,152,,13,09,191,,28,06,218,,0*79
1780411039.258,$GNGLL,1339.01381,N,10029.52433,E,143719.00,A,D*71
1780411040.234,$GNRMC,143720.00,A,1339.01361,N,10029.52441,E,0.731,159.62,020626,0.53,W,R,V*58
1780411040.236,$GNVTG,159.62,T,160.15,M,0.731,N,1.353,K,D*33
1780411040.237,$GNGGA,143720.00,1339.01361,N,10029.52441,E,4,12,0.67,0.3,M,-27.8,M,1.0,0499*4F
1780411040.237,$GNGSA,A,3,10,01,26,28,31,32,,,,,,,1.24,0.67,1.04,1*0F
1780411040.238,$GNGSA,A,3,78,66,77,79,67,68,,,,,,,1.24,0.67,1.04,2*0F
1780411040.238,$GNGSA,A,3,05,06,09,16,25,31,34,,,,,,1.24,0.67,1.04,3*0F
1780411040.239,$GNGSA,A,3,06,07,09,10,23,24,25,,,,,,1.24,0.67,1.04,4*0E
1780411040.239,$GPGSV,2,1,08,01,12,280,37,26,76,198,46,28,38,010,39,31,48,330,48,1*6C
1780411040.240,$GPGSV,2,2,08,32,43,056,44,41,64,233,38,42,70,217,39,50,56,115,43,1*6C
1780411040.241,$GPGSV,2,1,06,03,13,324,22,10,40,156,24,26,76,198,45,28,38,010,37,6*63
1780411040.241,$GPGSV,2,2,06,31,48,330,42,32,43,056,41,6*6D
1780411040.242,$GPGSV,2,1,07,02,14,253,,16,41,198,,23,05,150,,25,09,038,,0*65
1780411040.242,$GPGSV,2,2,07,25,09,038,,27,07,192,,29,06,083,,0*59
1780411040.243,$GLGSV,2,1,06,66,26,111,43,67,50,040,38,68,21,345,35,77,23,022,37,1*78
1780411040.244,$GLGSV,2,2,06,78,76,324,48,79,38,220,40,1*78
1780411040.244,$GLGSV,2,1,05,66,26,111,43,67,50,040,44,68,21,345,29,78,76,324,48,3*7D
1780411040.245,$GLGSV,2,2,05,79,38,220,36,3*4F
1780411040.245,$GLGSV,1,1,01,82,03,226,,0*47
1780411040.246,$GAGSV,2,1,07,05,40,357,50,06,17,085,46,09,32,063,45,16,61,077,51,2*70
1780411040.247,$GAGSV,2,2,07,25,52,182,27,31,13,041,26,34,27,267,35,2*49
1780411040.248,$GAGSV,2,1,06,05,40,357,43,06,17,085,38,09,32,063,39,16,61,077,46,7*72
1780411040.249,$GAGSV,2,2,06,31,13,041,29,34,27,267,34,7*7D
1780411040.249,$GAGSV,2,1,06,02,05,207,,03,11,310,,04,00,101,,11,05,166,,0*72
1780411040.250,$GAGSV,2,2,06,11,05,166,,15,01,310,,0*71
1780411040.251,$GBGSV,2,1,07,06,61,150,47,07,46,007,46,09,89,178,47,10,54,353,45,1*75
1780411040.251,$GBGSV,2,2,07,23,50,245,34,24,13,036,36,25,65,356,47,1*42
1780411040.252,$GBGSV,1,1,02,09,89,178,48,10,54,353,46,3*7B
1780411040.252,$GBGSV,2,1,08,01,42,107,,02,63,241,,03,71,141,,04,22,098,,0*79
1780411040.253,$GBGSV,2,2,08,04,22,098,,08,19,152,,13,09,191,,28,06,218,,0*79
1780411040.253,$GNGLL,1339.01361,N,10029.52441,E,143720.00,A,D*70
1780411041.243,$GNRMC,143721.00,A,1339.01342,N,10029.52450,E,0.757,155.66,020626,0.53,W,R,V*50
1780411041.245,$GNVTG,155.66,T,156.19,M,0.757,N,1.402,K,D*31
1780411041.246,$GNGGA,143721.00,1339.01342,N,10029.52450,E,4,12,0.65,0.3,M,-27.8,M,1.0,0499*4D
1780411041.247,$GNGSA,A,3,10,01,26,28,31,32,,,,,,,1.20,0.65,1.01,1*0C
1780411041.247,$GNGSA,A,3,78,66,77,79,67,68,,,,,,,1.20,0.65,1.01,2*0C
1780411041.248,$GNGSA,A,3,05,06,09,16,25,31,34,,,,,,1.20,0.65,1.01,3*0C
1780411041.248,$GNGSA,A,3,06,07,09,10,23,24,25,,,,,,1.20,0.65,1.01,4*0D
1780411041.249,$GPGSV,3,1,09,01,12,280,36,10,40,156,29,26,76,198,45,28,38,010,40,1*6E
1780411041.250,$GPGSV,3,2,09,31,48,330,44,32,43,056,42,41,64,233,40,42,70,217,36,1*60
1780411041.250,$GPGSV,3,3,09,50,56,115,42,1*58
1780411041.251,$GPGSV,1,1,01,01,12,280,41,5*5C
1780411041.251,$GPGSV,2,1,06,03,13,324,22,10,40,156,22,26,76,198,42,28,38,010,34,6*61
1780411041.252,$GPGSV,2,2,06,31,48,330,45,32,43,056,42,6*69
1780411041.252,$GPGSV,2,1,07,02,14,253,,16,41,198,,23,05,150,,25,09,038,,0*65
1780411041.253,$GPGSV,2,2,07,25,09,038,,27,07,192,,29,06,083,,0*59
1780411041.254,$GLGSV,2,1,06,66,26,111,43,67,50,040,44,68,21,345,25,77,23,022,42,1*70
1780411041.254,$GLGSV,2,2,06,78,76,324,50,79,38,220,39,1*7F
1780411041.255,$GLGSV,2,1,05,66,26,111,41,67,50,040,43,68,21,345,27,78,76,324,49,3*77
1780411041.255,$GLGSV,2,2,05,79,38,220,37,3*4E
1780411041.256,$GLGSV,1,1,01,82,03,226,,0*47
1780411041.256,$GAGSV,2,1,07,05,40,357,49,06,17,085,44,09,32,063,44,16,61,077,51,2*7B
1780411041.257,$GAGSV,2,2,07,25,52,182,26,31,13,041,26,34,27,267,35,2*48
1780411041.258,$GAGSV,2,1,06,05,40,357,42,06,17,085,35,09,32,063,42,16,61,077,46,7*72
1780411041.258,$GAGSV,2,2,06,31,13,041,27,34,27,267,34,7*73
1780411041.259,$GAGSV,2,1,06,02,05,207,,03,11,310,,04,00,101,,11,05,166,,0*72
1780411041.259,$GAGSV,2,2,06,11,05,166,,15,01,310,,0*71
1780411041.260,$GBGSV,2,1,07,06,61,150,46,07,46,007,47,09,89,178,47,10,54,353,42,1*72
1780411041.260,$GBGSV,2,2,07,23,50,245,35,24,13,036,34,25,65,356,50,1*47
1780411041.261,$GBGSV,1,1,02,09,89,178,50,10,54,353,46,3*72
1780411041.261,$GBGSV,2,1,08,01,42,107,,02,63,241,,03,71,141,,04,22,098,,0*79
1780411041.262,$GBGSV,2,2,08,04,22,098,,08,19,152,,13,09,191,,28,06,218,,0*79
1780411041.263,$GNGLL,1339.01342,N,10029.52450,E,143721.00,A,D*70
1780411042.235,$GNRMC,143722.00,A,1339.01323,N,10029.52458,E,0.775,158.39,020626,0.53,W,R,V*5B
1780411042.238,$GNVTG,158.39,T,158.92,M,0.775,N,1.435,K,D*3F
1780411042.239,$GNGGA,143722.00,1339.01323,N,10029.52458,E,4,12,0.67,0.3,M,-27.8,M,1.0,0499*43
1780411042.239,$GNGSA,A,3,10,01,26,28,31,32,,,,,,,1.24,0.67,1.04,1*0F
1780411042.240,$GNGSA,A,3,78,66,77,79,67,68,,,,,,,1.24,0.67,1.04,2*0F
1780411042.240,$GNGSA,A,3,05,06,09,16,25,31,34,,,,,,1.24,0.67,1.04,3*0F
1780411042.241,$GNGSA,A,3,06,07,09,10,23,24,25,,,,,,1.24,0.67,1.04,4*0E
1780411042.241,$GPGSV,3,1,09,01,12,280,35,02,14,253,24,26,76,198,43,28,38,010,37,1*62
1780411042.242,$GPGSV,3,2,09,31,48,330,45,32,43,056,45,41,64,233,36,42,70,217,34,1*65
1780411042.243,$GPGSV,3,3,09,50,56,115,42,1*58
1780411042.243,$GPGSV,1,1,01,01,12,280,34,5*5E
1780411042.244,$GPGSV,2,1,06,03,13,324,21,10,40,156,22,26,76,198,43,28,38,010,37,6*60
1780411042.244,$GPGSV,2,2,06,31,48,330,44,32,43,056,40,6*6A
1780411042.245,$GPGSV,2,1,06,16,41,198,,23,05,150,,25,09,038,,27,07,192,,0*6F
1780411042.245,$GPGSV,2,2,06,27,07,192,,29,06,083,,0*6D
1780411042.246,$GLGSV,2,1,06,66,26,111,42,67,50,040,47,68,21,345,26,77,23,022,41,1*72
1780411042.247,$GLGSV,2,2,06,78,76,324,49,79,38,220,34,1*7A
1780411042.247,$GLGSV,2,1,05,66,26,111,42,67,50,040,44,68,21,345,17,78,76,324,51,3*79
1780411042.248,$GLGSV,2,2,05,79,38,220,35,3*4C
1780411042.248,$GLGSV,1,1,01,82,03,226,,0*47
1780411042.249,$GAGSV,2,1,07,05,40,357,47,06,17,085,40,09,32,063,44,16,61,077,49,2*78
1780411042.249,$GAGSV,2,2,07,25,52,182,31,31,13,041,26,34,27,267,35,2*4E
1780411042.250,$GAGSV,2,1,06,05,40,357,40,06,17,085,34,09,32,063,42,16,61,077,46,7*71
1780411042.251,$GAGSV,2,2,06,31,13,041,26,34,27,267,36,7*70
1780411042.251,$GAGSV,2,1,06,02,05,207,,03,11,310,,04,00,101,,11,05,166,,0*72
1780411042.252,$GAGSV,2,2,06,11,05,166,,15,01,310,,0*71
1780411042.252,$GBGSV,2,1,07,06,61,150,46,07,46,007,46,09,89,178,48,10,54,353,44,1*7A
1780411042.253,$GBGSV,2,2,07,23,50,245,32,24,13,036,30,25,65,356,50,1*44
1780411042.253,$GBGSV,1,1,02,09,89,178,50,10,54,353,46,3*72
1780411042.254,$GBGSV,2,1,08,01,42,107,,02,63,241,,03,71,141,,04,22,098,,0*79
1780411042.254,$GBGSV,2,2,08,04,22,098,,08,19,152,,13,09,191,,28,06,218,,0*79
1780411042.255,$GNGLL,1339.01323,N,10029.52458,E,143722.00,A,D*7C
1780411043.230,$GNRMC,143723.00,A,1339.01302,N,10029.52467,E,0.749,155.38,020626,0.53,W,R,V*56
1780411043.232,$GNVTG,155.38,T,155.91,M,0.749,N,1.386,K,D*3D
1780411043.234,$GNGGA,143723.00,1339.01302,N,10029.52467,E,4,12,0.71,0.3,M,-27.8,M,1.0,0499*4A
1780411043.235,$GNGSA,A,3,02,01,26,28,31,32,,,,,,,1.26,0.71,1.04,1*09
1780411043.235,$GNGSA,A,3,78,66,77,79,67,68,,,,,,,1.26,0.71,1.04,2*0A
1780411043.236,$GNGSA,A,3,05,06,09,16,25,31,34,,,,,,1.26,0.71,1.04,3*0A
1780411043.236,$GNGSA,A,3,06,07,09,10,23,24,25,,,,,,1.26,0.71,1.04,4*0B
1780411043.237,$GPGSV,3,1,11,01,12,280,34,02,14,253,25,03,13,324,23,10,40,156,24,1*69
1780411043.238,$GPGSV,3,2,11,26,76,198,42,28,38,010,43,31,48,330,44,32,43,056,42,1*6C
1780411043.238,$GPGSV,3,3,11,41,64,233,40,42,70,217,37,50,56,115,42,1*51
1780411043.239,$GPGSV,1,1,01,01,12,280,31,5*5B
1780411043.240,$GPGSV,2,1,06,03,13,324,21,10,40,156,19,26,76,198,40,28,38,010,38,6*64
1780411043.240,$GPGSV,2,2,06,31,48,330,43,32,43,056,44,6*69
1780411043.241,$GPGSV,2,1,06,16,41,198,,23,05,150,,25,09,038,,27,07,192,,0*6F
1780411043.241,$GPGSV,2,2,06,27,07,192,,29,06,083,,0*6D
1780411043.242,$GLGSV,2,1,06,66,26,111,41,67,50,040,43,68,21,345,27,77,23,022,37,1*75
1780411043.242,$GLGSV,2,2,06,78,76,324,47,79,38,220,31,1*71
1780411043.243,$GLGSV,2,1,05,66,26,111,38,67,50,040,43,68,21,345,21,78,76,324,49,3*7F
1780411043.243,$GLGSV,2,2,05,79,38,220,35,3*4C
1780411043.244,$GLGSV,1,1,01,82,03,226,,0*47
1780411043.244,$GAGSV,2,1,07,05,40,357,46,06,17,085,45,09,32,063,48,16,61,077,53,2*7B
1780411043.245,$GAGSV,2,2,07,25,52,182,24,31,13,041,26,34,27,267,35,2*4A
1780411043.246,$GAGSV,2,1,06,05,40,357,44,06,17,085,36,09,32,063,42,16,61,077,47,7*76
1780411043.246,$GAGSV,2,2,06,31,13,041,23,34,27,267,37,7*74
1780411043.247,$GAGSV,2,1,06,02,05,207,,03,11,310,,04,00,101,,11,05,166,,0*72
1780411043.247,$GAGSV,2,2,06,11,05,166,,15,01,310,,0*71
1780411043.248,$GBGSV,2,1,07,06,61,150,46,07,46,007,44,09,89,178,45,10,54,353,44,1*75
1780411043.248,$GBGSV,2,2,07,23,50,245,28,24,13,036,39,25,65,356,49,1*4E
1780411043.249,$GBGSV,1,1,02,09,89,178,49,10,54,353,47,3*7B
1780411043.249,$GBGSV,2,1,08,01,42,107,,02,63,241,,03,71,141,,04,22,098,,0*79
1780411043.250,$GBGSV,2,2,08,04,22,098,,08,19,152,,13,09,191,,28,06,218,,0*79
1780411043.250,$GNGLL,1339.01302,N,10029.52467,E,143723.00,A,D*72
1780411044.235,$GNRMC,143724.00,A,1339.01281,N,10029.52472,E,0.714,153.84,020626,0.53,W,R,V*56
1780411044.236,$GNVTG,153.84,T,154.37,M,0.714,N,1.323,K,D*36
1780411044.237,$GNGGA,143724.00,1339.01281,N,10029.52472,E,4,12,0.67,0.2,M,-27.8,M,1.0,0499*45
1780411044.237,$GNGSA,A,3,10,01,26,28,31,32,,,,,,,1.24,0.67,1.04,1*0F
1780411044.238,$GNGSA,A,3,78,66,77,79,67,68,,,,,,,1.24,0.67,1.04,2*0F
1780411044.239,$GNGSA,A,3,05,06,09,16,25,31,34,,,,,,1.24,0.67,1.04,3*0F
1780411044.239,$GNGSA,A,3,06,07,09,10,23,24,25,,,,,,1.24,0.67,1.04,4*0E
1780411044.240,$GPGSV,3,1,10,01,12,280,29,03,13,324,21,10,40,156,23,26,76,198,41,1*65
1780411044.240,$GPGSV,3,2,10,28,38,010,30,31,48,330,47,32,43,056,45,41,64,233,33,1*6B
1780411044.241,$GPGSV,3,3,10,42,70,217,33,50,56,115,43,1*64
1780411044.241,$GPGSV,1,1,01,01,12,280,26,5*5D
1780411044.241,$GPGSV,2,1,06,03,13,324,23,10,40,156,20,26,76,198,40,28,38,010,35,6*61
1780411044.242,$GPGSV,2,2,06,31,48,330,42,32,43,056,42,6*6E
1780411044.242,$GPGSV,2,1,07,02,14,253,,16,41,198,,23,05,150,,25,09,038,,0*65
1780411044.243,$GPGSV,2,2,07,25,09,038,,27,07,192,,29,06,083,,0*59
1780411044.243,$GLGSV,2,1,06,66,26,111,39,67,50,040,46,68,21,345,32,77,23,022,42,1*79
1780411044.244,$GLGSV,2,2,06,78,76,324,47,79,38,220,33,1*73
1780411044.244,$GLGSV,2,1,05,66,26,111,40,67,50,040,43,68,21,345,23,78,76,324,49,3*72
1780411044.245,$GLGSV,2,2,05,79,38,220,33,3*4A
1780411044.245,$GLGSV,1,1,01,82,03,226,,0*47
1780411044.246,$GAGSV,2,1,07,05,40,357,46,06,17,085,44,09,32,063,46,16,61,077,50,2*77
1780411044.246,$GAGSV,2,2,07,25,52,182,25,31,13,041,32,34,27,267,36,2*4D
1780411044.247,$GAGSV,2,1,07,05,40,357,41,06,17,085,40,09,32,063,43,16,61,077,44,7*71
1780411044.247,$GAGSV,2,2,07,31,13,041,24,34,27,267,36,36,28,209,16,7*40
1780411044.248,$GAGSV,2,1,05,02,05,207,,03,11,310,,04,00,101,,11,05,166,,0*71
1780411044.248,$GAGSV,2,2,05,11,05,166,,0*45
1780411044.248,$GBGSV,2,1,07,06,61,150,45,07,46,007,43,09,89,178,48,10,54,353,47,1*7F
1780411044.249,$GBGSV,2,2,07,23,50,245,31,24,13,036,40,25,65,356,50,1*40
1780411044.249,$GBGSV,1,1,02,09,89,178,50,10,54,353,45,3*71
1780411044.250,$GBGSV,2,1,08,01,42,107,,02,63,241,,03,71,141,,04,22,098,,0*79
1780411044.250,$GBGSV,2,2,08,04,22,098,,08,19,152,,13,09,191,,28,06,218,,0*79
1780411044.251,$GNGLL,1339.01281,N,10029.52472,E,143724.00,A,D*7B
1780411045.238,$GNRMC,143725.00,A,1339.01261,N,10029.52480,E,0.791,158.40,020626,0.53,W,R,V*5A
1780411045.240,$GNVTG,158.40,T,158.93,M,0.791,N,1.465,K,D*3F
1780411045.241,$GNGGA,143725.00,1339.01261,N,10029.52480,E,4,12,0.67,0.2,M,-27.8,M,1.0,0499*47
1780411045.241,$GNGSA,A,3,10,01,26,28,31,32,,,,,,,1.24,0.67,1.04,1*0F
1780411045.242,$GNGSA,A,3,78,66,77,79,67,68,,,,,,,1.24,0.67,1.04,2*0F
1780411045.242,$GNGSA,A,3,05,06,09,16,25,31,34,,,,,,1.24,0.67,1.04,3*0F
1780411045.243,$GNGSA,A,3,06,07,09,10,23,24,25,,,,,,1.24,0.67,1.04,4*0E
1780411045.243,$GPGSV,3,1,10,01,12,280,28,03,13,324,22,10,40,156,23,26,76,198,40,1*66
1780411045.244,$GPGSV,3,2,10,28,38,010,39,31,48,330,47,32,43,056,44,41,64,233,35,1*65
1780411045.244,$GPGSV,3,3,10,42,70,217,33,50,56,115,43,1*64
1780411045.245,$GPGSV,1,1,01,01,12,280,34,5*5E
1780411045.245,$GPGSV,2,1,06,03,13,324,22,10,40,156,16,26,76,198,36,28,38,010,42,6*64
1780411045.246,$GPGSV,2,2,06,31,48,330,44,32,43,056,43,6*69
1780411045.247,$GPGSV,2,1,07,02,14,253,,16,41,198,,23,05,150,,25,09,038,,0*65
1780411045.247,$GPGSV,2,2,07,25,09,038,,27,07,192,,29,06,083,,0*59
1780411045.248,$GLGSV,2,1,06,66,26,111,40,67,50,040,37,68,21,345,32,77,23,022,35,1*71
1780411045.248,$GLGSV,2,2,06,78,76,324,48,79,38,220,35,1*7A
1780411045.249,$GLGSV,2,1,05,66,26,111,34,67,50,040,43,68,21,345,34,78,76,324,49,3*77
1780411045.249,$GLGSV,2,2,05,79,38,220,27,3*4F
1780411045.250,$GLGSV,1,1,01,82,03,226,,0*47
1780411045.250,$GAGSV,2,1,07,05,40,357,49,06,17,085,41,09,32,063,47,16,61,077,51,2*7D
1780411045.251,$GAGSV,2,2,07,25,52,182,27,31,13,041,26,34,27,267,38,2*44
1780411045.251,$GAGSV,2,1,07,05,40,357,42,06,17,085,37,09,32,063,43,16,61,077,45,7*73
1780411045.252,$GAGSV,2,2,07,31,13,041,23,34,27,267,36,36,28,209,15,7*44
1780411045.253,$GAGSV,2,1,05,02,05,207,,03,11,310,,04,00,101,,11,05,166,,0*71
1780411045.253,$GAGSV,2,2,05,11,05,166,,0*45
1780411045.253,$GBGSV,2,1,07,06,61,150,46,07,46,007,43,09,89,178,47,10,54,353,45,1*71
1780411045.254,$GBGSV,2,2,07,23,50,245,26,24,13,036,40,25,65,356,47,1*40
1780411045.254,$GBGSV,1,1,02,09,89,178,48,10,54,353,47,3*7A
1780411045.255,$GBGSV,2,1,08,01,42,107,,02,63,241,,03,71,141,,04,22,098,,0*79
1780411045.255,$GBGSV,2,2,08,04,22,098,,08,19,152,,13,09,191,,28,06,218,,0*79
1780411045.256,$GNGLL,1339.01261,N,10029.52480,E,143725.00,A,D*79
1780411046.230,$GNRMC,143726.00,A,1339.01241,N,10029.52491,E,0.766,150.22,020626,0.53,W,R,V*5F
1780411046.232,$GNVTG,150.22,T,150.75,M,0.766,N,1.419,K,D*30
1780411046.233,$GNGGA,143726.00,1339.01241,N,10029.52491,E,4,12,0.76,0.2,M,-27.8,M,1.0,0499*46
1780411046.234,$GNGSA,A,3,10,26,28,31,32,,,,,,,,1.47,0.76,1.26,1*0B
1780411046.234,$GNGSA,A,3,78,66,77,79,67,68,,,,,,,1.47,0.76,1.26,2*0A
1780411046.235,$GNGSA,A,3,05,06,09,16,25,31,34,,,,,,1.47,0.76,1.26,3*0A
1780411046.235,$GNGSA,A,3,06,07,09,10,23,24,25,,,,,,1.47,0.76,1.26,4*0B
1780411046.236,$GPGSV,3,1,09,01,12,280,19,10,40,156,22,26,76,198,36,28,38,010,40,1*6C
1780411046.237,$GPGSV,3,2,09,31,48,330,46,32,43,056,48,41,64,233,27,42,70,217,36,1*69
1780411046.237,$GPGSV,3,3,09,50,56,115,42,1*58
1780411046.237,$GPGSV,1,1,01,01,12,280,28,5*53
1780411046.238,$GPGSV,2,1,06,03,13,324,21,10,40,156,19,26,76,198,36,28,38,010,41,6*6B
1780411046.239,$GPGSV,2,2,06,31,48,330,43,32,43,056,44,6*69
1780411046.239,$GPGSV,2,1,07,02,14,253,,16,41,198,,23,05,150,,25,09,038,,0*65
1780411046.240,$GPGSV,2,2,07,25,09,038,,27,07,192,,29,06,083,,0*59
1780411046.240,$GLGSV,2,1,06,66,26,111,39,67,50,040,38,68,21,345,31,77,23,022,39,1*7F
1780411046.241,$GLGSV,2,2,06,78,76,324,50,79,38,220,32,1*74
1780411046.242,$GLGSV,2,1,05,66,26,111,36,67,50,040,46,68,21,345,26,78,76,324,48,3*72
1780411046.242,$GLGSV,2,2,05,79,38,220,20,3*48
1780411046.243,$GLGSV,1,1,01,82,03,226,,0*47
1780411046.243,$GAGSV,2,1,06,05,40,357,48,06,17,085,42,09,32,063,46,16,61,077,52,2*7C
1780411046.244,$GAGSV,2,2,06,25,52,182,27,34,27,267,36,2*7A
1780411046.244,$GAGSV,2,1,07,05,40,357,42,06,17,085,35,09,32,063,44,16,61,077,47,7*74
1780411046.245,$GAGSV,2,2,07,31,13,041,24,34,27,267,33,36,28,209,13,7*40
1780411046.245,$GAGSV,2,1,05,02,05,207,,03,11,310,,04,00,101,,11,05,166,,0*71
1780411046.246,$GAGSV,2,2,05,11,05,166,,0*45
1780411046.246,$GBGSV,2,1,07,06,61,150,46,07,46,007,44,09,89,178,46,10,54,353,40,1*72
1780411046.247,$GBGSV,2,2,07,23,50,245,27,24,13,036,42,25,65,356,49,1*4D
1780411046.247,$GBGSV,1,1,02,09,89,178,49,10,54,353,47,3*7B
1780411046.248,$GBGSV,2,1,08,01,42,107,,02,63,241,,03,71,141,,04,22,098,,0*79
1780411046.248,$GBGSV,2,2,08,04,22,098,,08,19,152,,13,09,191,,28,06,218,,0*79
1780411046.249,$GNGLL,1339.01241,N,10029.52491,E,143726.00,A,D*78
1780411047.234,$GNRMC,143727.00,A,1339.01219,N,10029.52496,E,0.718,148.44,020626,0.53,W,R,V*54
1780411047.236,$GNVTG,148.44,T,148.97,M,0.718,N,1.330,K,D*39
1780411047.237,$GNGGA,143727.00,1339.01219,N,10029.52496,E,4,12,0.65,0.2,M,-27.8,M,1.0,0499*4F
1780411047.238,$GNGSA,A,3,10,01,26,28,31,32,,,,,,,1.20,0.65,1.01,1*0C
1780411047.238,$GNGSA,A,3,78,66,77,79,67,68,,,,,,,1.20,0.65,1.01,2*0C
1780411047.239,$GNGSA,A,3,05,06,09,16,25,31,34,,,,,,1.20,0.65,1.01,3*0C
1780411047.239,$GNGSA,A,3,06,07,09,10,23,24,25,,,,,,1.20,0.65,1.01,4*0D
1780411047.240,$GPGSV,2,1,08,01,12,280,22,10,40,156,30,26,76,198,36,28,38,010,33,1*63
1780411047.241,$GPGSV,2,2,08,31,48,330,46,32,43,056,48,41,64,233,31,50,56,115,42,1*6B
1780411047.241,$GPGSV,1,1,01,01,12,280,28,5*53
1780411047.242,$GPGSV,2,1,06,03,13,324,21,10,40,156,19,26,76,198,32,28,38,010,35,6*6C
1780411047.242,$GPGSV,2,2,06,31,48,330,45,32,43,056,46,6*6D
1780411047.243,$GPGSV,2,1,08,02,14,253,,16,41,198,,23,05,150,,25,09,038,,0*6A
1780411047.244,$GPGSV,2,2,08,25,09,038,,27,07,192,,29,06,083,,40,37,260,,0*62
1780411047.244,$GLGSV,2,1,06,66,26,111,39,67,50,040,45,68,21,345,31,77,23,022,35,1*79
1780411047.245,$GLGSV,2,2,06,78,76,324,52,79,38,220,32,1*76
1780411047.246,$GLGSV,2,1,05,66,26,111,38,67,50,040,42,68,21,345,31,78,76,324,50,3*77
1780411047.246,$GLGSV,2,2,05,79,38,220,33,3*4A
1780411047.247,$GLGSV,1,1,01,82,03,226,,0*47
1780411047.247,$GAGSV,2,1,07,05,40,357,48,06,17,085,44,09,32,063,48,16,61,077,51,2*76
1780411047.248,$GAGSV,2,2,07,25,52,182,28,31,13,041,30,34,27,267,33,2*47
1780411047.248,$GAGSV,2,1,07,05,40,357,45,06,17,085,36,09,32,063,41,16,61,077,45,7*77
1780411047.249,$GAGSV,2,2,07,31,13,041,31,34,27,267,32,36,28,209,12,7*44
1780411047.250,$GAGSV,2,1,05,02,05,207,,03,11,310,,04,00,101,,11,05,166,,0*71
1780411047.250,$GAGSV,2,2,05,11,05,166,,0*45
1780411047.251,$GBGSV,2,1,07,06,61,150,42,07,46,007,40,09,89,178,46,10,54,353,41,1*73
1780411047.251,$GBGSV,2,2,07,23,50,245,26,24,13,036,39,25,65,356,47,1*4E
1780411047.251,$GBGSV,1,1,02,09,89,178,49,10,54,353,44,3*78
1780411047.252,$GBGSV,2,1,08,01,42,107,,02,63,241,,03,71,141,,04,22,098,,0*79
1780411047.253,$GBGSV,2,2,08,04,22,098,,08,19,152,,13,09,191,,28,06,218,,0*79
1780411047.253,$GNGLL,1339.01219,N,10029.52496,E,143727.00,A,D*73
1780411048.232,$GNRMC,143728.00,A,1339.01200,N,10029.52511,E,0.891,151.30,020626,0.53,W,R,V*58
1780411048.234,$GNVTG,151.30,T,151.83,M,0.891,N,1.650,K,D*32
1780411048.235,$GNGGA,143728.00,1339.01200,N,10029.52511,E,4,12,0.69,0.2,M,-27.8,M,1.0,0499*4A
1780411048.236,$GNGSA,A,3,10,01,26,28,31,32,,,,,,,1.22,0.69,1.01,1*02
1780411048.236,$GNGSA,A,3,78,66,77,79,67,68,,,,,,,1.22,0.69,1.01,2*02
1780411048.237,$GNGSA,A,3,05,06,09,16,25,31,34,,,,,,1.22,0.69,1.01,3*02
1780411048.237,$GNGSA,A,3,06,07,09,10,23,24,25,,,,,,1.22,0.69,1.01,4*03
1780411048.238,$GPGSV,2,1,07,01,12,280,29,26,76,198,32,28,38,010,40,31,48,330,49,1*60
1780411048.238,$GPGSV,2,2,07,32,43,056,48,41,64,233,31,50,56,115,43,1*59
1780411048.239,$GPGSV,1,1,01,01,12,280,17,5*5F
1780411048.239,$GPGSV,2,1,06,03,13,324,22,10,40,156,20,26,76,198,27,28,38,010,40,6*63
1780411048.240,$GPGSV,2,2,06,31,48,330,42,32,43,056,44,6*68
1780411048.240,$GPGSV,2,1,08,02,14,253,,16,41,198,,23,05,150,,25,09,038,,0*6A
1780411048.241,$GPGSV,2,2,08,25,09,038,,27,07,192,,29,06,083,,40,37,260,,0*62
1780411048.242,$GLGSV,2,1,06,66,26,111,40,67,50,040,46,68,21,345,27,77,23,022,24,1*73
1780411048.242,$GLGSV,2,2,06,78,76,324,50,79,38,220,36,1*70
1780411048.243,$GLGSV,2,1,05,66,26,111,36,67,50,040,46,68,21,345,35,78,76,324,53,3*7A
1780411048.243,$GLGSV,2,2,05,79,38,220,35,3*4C
1780411048.244,$GLGSV,1,1,01,82,03,226,,0*47
1780411048.245,$GAGSV,2,1,07,05,40,357,46,06,17,085,45,09,32,063,49,16,61,077,51,2*78
1780411048.245,$GAGSV,2,2,07,25,52,182,29,31,13,041,30,34,27,267,26,2*42
1780411048.246,$GAGSV,2,1,06,05,40,357,43,06,17,085,40,09,32,063,42,16,61,077,44,7*73
1780411048.247,$GAGSV,2,2,06,31,13,041,24,36,28,209,10,7*73
1780411048.247,$GAGSV,2,1,05,02,05,207,,03,11,310,,04,00,101,,11,05,166,,0*71
1780411048.247,$GAGSV,2,2,05,11,05,166,,0*45
1780411048.248,$GBGSV,2,1,07,06,61,150,40,07,46,007,36,09,89,178,47,10,54,353,44,1*74
1780411048.249,$GBGSV,2,2,07,23,50,245,26,24,13,036,41,25,65,356,48,1*4E
1780411048.249,$GBGSV,1,1,02,09,89,178,48,10,54,353,45,3*78
1780411048.250,$GBGSV,2,1,08,01,42,107,,02,63,241,,03,71,141,,04,22,098,,0*79
1780411048.250,$GBGSV,2,2,08,04,22,098,,08,19,152,,13,09,191,,28,06,218,,0*79
1780411048.251,$GNGLL,1339.01200,N,10029.52511,E,143728.00,A,D*7A
1780411049.231,$GNRMC,143729.00,A,1339.01179,N,10029.52523,E,0.848,146.86,020626,0.53,W,R,V*5A
1780411049.233,$GNVTG,146.86,T,147.39,M,0.848,N,1.571,K,D*3B
1780411049.235,$GNGGA,143729.00,1339.01179,N,10029.52523,E,4,12,0.69,0.2,M,-27.8,M,1.0,0499*47
1780411049.235,$GNGSA,A,3,10,01,26,28,31,32,,,,,,,1.22,0.69,1.01,1*02
1780411049.236,$GNGSA,A,3,78,66,77,79,67,68,,,,,,,1.22,0.69,1.01,2*02
1780411049.236,$GNGSA,A,3,05,06,09,16,25,31,34,,,,,,1.22,0.69,1.01,3*02
1780411049.237,$GNGSA,A,3,06,07,09,10,23,24,25,,,,,,1.22,0.69,1.01,4*03
1780411049.237,$GPGSV,2,1,07,01,12,280,21,26,76,198,38,28,38,010,35,31,48,330,48,1*61
1780411049.238,$GPGSV,2,2,07,32,43,056,47,41,64,233,30,50,56,115,43,1*57
1780411049.238,$GPGSV,1,1,01,01,12,280,29,5*52
1780411049.239,$GPGSV,2,1,06,03,13,324,24,10,40,156,21,26,76,198,37,28,38,010,44,6*61
1780411049.240,$GPGSV,2,2,06,31,48,330,42,32,43,056,46,6*6A
1780411049.240,$GPGSV,2,1,08,02,14,253,,16,41,198,,23,05,150,,25,09,038,,0*6A
1780411049.241,$GPGSV,2,2,08,25,09,038,,27,07,192,,29,06,083,,40,37,260,,0*62
1780411049.241,$GLGSV,2,1,06,66,26,111,45,67,50,040,46,68,21,345,33,77,23,022,26,1*71
1780411049.242,$GLGSV,2,2,06,78,76,324,42,79,38,220,30,1*75
1780411049.243,$GLGSV,2,1,05,66,26,111,38,67,50,040,46,68,21,345,35,78,76,324,50,3*77
1780411049.243,$GLGSV,2,2,05,79,38,220,33,3*4A
1780411049.244,$GLGSV,1,1,01,82,03,226,,0*47
1780411049.244,$GAGSV,2,1,07,05,40,357,48,06,17,085,45,09,32,063,49,16,61,077,51,2*76
1780411049.245,$GAGSV,2,2,07,25,52,182,23,31,13,041,23,34,27,267,25,2*49
1780411049.245,$GAGSV,2,1,06,05,40,357,40,06,17,085,36,09,32,063,41,16,61,077,47,7*71
1780411049.246,$GAGSV,2,2,06,31,13,041,24,36,28,209,09,7*7B
1780411049.246,$GAGSV,2,1,05,02,05,207,,03,11,310,,04,00,101,,11,05,166,,0*71
1780411049.247,$GAGSV,2,2,05,11,05,166,,0*45
1780411049.247,$GBGSV,2,1,07,06,61,151,41,07,46,007,38,09,89,178,47,10,54,353,46,1*78
1780411049.248,$GBGSV,2,2,07,23,50,245,31,24,13,036,42,25,65,356,47,1*44
1780411049.248,$GBGSV,1,1,02,09,89,178,49,10,54,353,45,3*79
1780411049.249,$GBGSV,2,1,08,01,42,107,,02,63,241,,03,71,141,,04,22,098,,0*79
1780411049.249,$GBGSV,2,2,08,04,22,098,,08,19,152,,13,09,191,,28,06,218,,0*79
1780411049.250,$GNGLL,1339.01179,N,10029.52523,E,143729.00,A,D*77
1780411050.232,$GNRMC,143730.00,A,1339.01160,N,10029.52533,E,0.769,142.57,020626,0.53,W,R,V*5F
1780411050.235,$GNVTG,142.57,T,143.10,M,0.769,N,1.425,K,D*30
1780411050.236,$GNGGA,143730.00,1339.01160,N,10029.52533,E,4,12,0.69,0.2,M,-27.8,M,1.0,0499*46
1780411050.236,$GNGSA,A,3,10,01,26,28,31,32,,,,,,,1.22,0.69,1.01,1*02
1780411050.237,$GNGSA,A,3,78,66,77,79,67,68,,,,,,,1.22,0.69,1.01,2*02
1780411050.237,$GNGSA,A,3,05,06,09,16,25,31,34,,,,,,1.22,0.69,1.01,3*02
1780411050.238,$GNGSA,A,3,06,07,09,10,23,24,25,,,,,,1.22,0.69,1.01,4*03
1780411050.238,$GPGSV,2,1,06,01,12,280,22,26,76,198,39,28,38,010,41,31,48,330,47,1*6E
1780411050.239,$GPGSV,2,2,06,32,43,056,46,50,56,115,43,1*61
1780411050.239,$GPGSV,1,1,01,01,12,280,23,5*58
1780411050.240,$GPGSV,2,1,06,03,13,324,23,10,40,156,20,26,76,198,36,28,38,010,40,6*62
1780411050.240,$GPGSV,2,2,06,31,48,330,44,32,43,056,46,6*6C
1780411050.241,$GPGSV,3,1,09,02,14,253,,16,41,198,,23,05,150,,25,09,038,,0*6A
1780411050.241,$GPGSV,3,2,09,25,09,038,,27,07,192,,29,06,083,,40,37,260,,0*62
1780411050.242,$GPGSV,3,3,09,40,37,260,,0*58
1780411050.242,$GLGSV,2,1,06,66,26,111,45,67,50,040,46,68,21,345,37,77,23,022,35,1*77
1780411050.243,$GLGSV,2,2,06,78,76,324,44,79,38,220,22,1*70
1780411050.244,$GLGSV,2,1,05,66,26,111,36,67,50,040,47,68,21,345,27,78,76,324,44,3*7E
1780411050.244,$GLGSV,2,2,05,79,38,220,33,3*4A
1780411050.244,$GLGSV,1,1,01,82,03,226,,0*47
1780411050.245,$GAGSV,2,1,07,05,40,357,50,06,17,085,47,09,32,063,47,16,61,077,52,2*70
1780411050.246,$GAGSV,2,2,07,25,52,182,24,31,13,041,23,34,27,267,35,2*4F
1780411050.246,$GAGSV,2,1,06,05,40,357,37,06,17,085,40,09,32,063,42,16,61,077,46,7*72
1780411050.247,$GAGSV,2,2,06,31,13,041,24,36,28,209,11,7*72
1780411050.247,$GAGSV,2,1,05,02,05,207,,03,11,310,,04,00,101,,11,05,166,,0*71
1780411050.248,$GAGSV,2,2,05,11,05,166,,0*45
1780411050.248,$GBGSV,2,1,07,06,61,151,38,07,46,007,39,09,89,178,47,10,54,353,45,1*74
1780411050.249,$GBGSV,2,2,07,23,50,245,26,24,13,036,42,25,65,356,49,1*4C
1780411050.249,$GBGSV,1,1,02,09,89,178,50,10,54,353,46,3*72
1780411050.250,$GBGSV,2,1,08,01,42,107,,02,63,241,,03,71,141,,04,22,098,,0*79
1780411050.250,$GBGSV,2,2,08,04,22,098,,08,19,152,,13,09,191,,28,06,218,,0*79
1780411050.251,$GNGLL,1339.01160,N,10029.52533,E,143730.00,A,D*76
1780411051.230,$GNRMC,143731.00,A,1339.01139,N,10029.52544,E,0.802,150.65,020626,0.53,W,R,V*52
1780411051.232,$GNVTG,150.65,T,151.18,M,0.802,N,1.485,K,D*31
1780411051.234,$GNGGA,143731.00,1339.01139,N,10029.52544,E,4,12,0.69,0.2,M,-27.8,M,1.0,0499*4B
1780411051.234,$GNGSA,A,3,01,26,28,31,32,,,,,,,,1.22,0.69,1.01,1*03
1780411051.235,$GNGSA,A,3,78,66,77,79,67,68,,,,,,,1.22,0.69,1.01,2*02
1780411051.235,$GNGSA,A,3,05,06,09,16,25,31,34,,,,,,1.22,0.69,1.01,3*02
1780411051.236,$GNGSA,A,3,06,07,09,10,23,24,25,,,,,,1.22,0.69,1.01,4*03
1780411051.236,$GPGSV,2,1,07,01,12,280,23,10,40,156,22,26,76,198,36,28,38,010,34,1*69
1780411051.237,$GPGSV,2,2,07,31,48,330,48,32,43,056,48,50,56,115,42,1*5D
1780411051.237,$GPGSV,1,1,01,01,12,280,22,5*59
1780411051.238,$GPGSV,2,1,06,03,13,324,21,10,40,156,19,26,76,198,36,28,38,010,40,6*6A
1780411051.239,$GPGSV,2,2,06,31,48,330,45,32,43,056,45,6*6E
1780411051.239,$GPGSV,3,1,09,02,14,253,,16,41,198,,23,05,150,,25,09,038,,0*6A
1780411051.240,$GPGSV,3,2,09,25,09,038,,27,07,192,,29,06,083,,40,37,260,,0*62
1780411051.240,$GPGSV,3,3,09,40,37,260,,0*58
1780411051.241,$GLGSV,2,1,06,66,26,111,43,67,50,040,47,68,21,345,29,77,23,022,40,1*7D
1780411051.241,$GLGSV,2,2,06,78,76,324,49,79,38,220,24,1*7B
1780411051.242,$GLGSV,2,1,05,66,26,111,38,67,50,040,46,68,21,345,24,78,76,324,52,3*75
1780411051.242,$GLGSV,2,2,05,79,38,220,29,3*41
1780411051.243,$GLGSV,1,1,01,82,03,226,,0*47
1780411051.243,$GAGSV,2,1,07,05,40,357,48,06,17,085,44,09,32,063,48,16,61,077,53,2*74
1780411051.244,$GAGSV,2,2,07,25,52,182,23,31,13,041,28,34,27,267,38,2*4E
1780411051.244,$GAGSV,2,1,07,05,40,357,43,06,17,085,35,09,32,063,42,16,61,077,47,7*73
1780411051.245,$GAGSV,2,2,07,31,13,041,23,34,27,267,34,36,28,209,13,7*40
1780411051.246,$GAGSV,2,1,05,02,05,207,,03,11,310,,04,00,101,,11,05,166,,0*71
1780411051.246,$GAGSV,2,2,05,11,05,166,,0*45
1780411051.247,$GBGSV,2,1,07,06,61,151,39,07,46,007,44,09,89,178,47,10,54,353,44,1*7E
1780411051.247,$GBGSV,2,2,07,23,50,245,24,24,13,036,32,25,65,356,50,1*41
1780411051.248,$GBGSV,1,1,02,09,89,178,50,10,54,353,46,3*72
1780411051.248,$GBGSV,2,1,08,01,42,107,,02,63,241,,03,71,141,,04,22,098,,0*79
1780411051.249,$GBGSV,2,2,08,04,22,098,,08,20,152,,13,09,191,,28,06,218,,0*73
1780411051.249,$GNGLL,1339.01139,N,10029.52544,E,143731.00,A,D*7B
1780411052.226,$GNRMC,143732.00,A,1339.01119,N,10029.52555,E,0.820,150.87,020626,0.53,W,R,V*5F
1780411052.228,$GNVTG,150.87,T,151.40,M,0.820,N,1.519,K,D*34
1780411052.229,$GNGGA,143732.00,1339.01119,N,10029.52555,E,4,12,0.69,0.2,M,-27.8,M,1.0,0499*4A
1780411052.230,$GNGSA,A,3,10,01,26,28,31,32,,,,,,,1.22,0.69,1.01,1*02
1780411052.230,$GNGSA,A,3,78,66,77,79,67,68,,,,,,,1.22,0.69,1.01,2*02
1780411052.231,$GNGSA,A,3,05,06,09,16,25,31,34,,,,,,1.22,0.69,1.01,3*02
1780411052.231,$GNGSA,A,3,06,07,09,10,23,24,25,,,,,,1.22,0.69,1.01,4*03
1780411052.232,$GPGSV,2,1,06,01,12,280,21,26,76,198,28,28,38,010,36,31,48,330,45,1*6F
1780411052.232,$GPGSV,2,2,06,32,43,056,47,50,56,115,43,1*60
1780411052.233,$GPGSV,1,1,01,01,12,280,22,5*59
1780411052.233,$GPGSV,2,1,06,03,13,324,20,10,40,156,20,26,76,198,26,28,38,010,41,6*61
1780411052.234,$GPGSV,2,2,06,31,48,330,45,32,43,056,46,6*6D
1780411052.234,$GPGSV,3,1,09,02,14,253,,16,41,198,,23,05,150,,25,09,038,,0*6A
1780411052.235,$GPGSV,3,2,09,25,09,038,,27,07,192,,29,06,083,,40,37,260,,0*62
1780411052.235,$GPGSV,3,3,09,40,37,260,,0*58
1780411052.236,$GLGSV,2,1,06,66,26,111,44,67,50,040,49,68,21,345,29,77,23,022,41,1*75
1780411052.237,$GLGSV,2,2,06,78,76,324,49,79,38,220,25,1*7A
1780411052.238,$GLGSV,2,1,05,66,26,111,41,67,50,040,49,68,21,345,29,78,76,324,47,3*7D
1780411052.238,$GLGSV,2,2,05,79,38,220,25,3*4D
1780411052.238,$GLGSV,1,1,01,82,03,226,,0*47
1780411052.239,$GAGSV,2,1,07,05,40,357,50,06,17,085,43,09,32,063,48,16,61,077,49,2*71
1780411052.240,$GAGSV,2,2,07,25,52,182,30,31,13,041,29,34,27,267,37,2*42
1780411052.240,$GAGSV,2,1,07,05,40,357,45,06,17,085,36,09,32,063,43,16,61,077,44,7*74
1780411052.241,$GAGSV,2,2,07,31,13,041,24,34,27,267,36,36,28,209,14,7*42
1780411052.241,$GAGSV,2,1,05,02,05,207,,03,11,310,,04,00,101,,11,05,166,,0*71
1780411052.242,$GAGSV,2,2,05,11,05,166,,0*45
1780411052.242,$GBGSV,2,1,07,06,61,151,35,07,46,007,40,09,89,188,47,10,54,353,45,1*78
1780411052.243,$GBGSV,2,2,07,23,50,245,31,24,13,036,36,25,65,356,49,1*49
1780411052.243,$GBGSV,1,1,02,09,89,188,49,10,54,353,46,3*75
1780411052.244,$GBGSV,2,1,08,01,42,107,,02,63,241,,03,71,141,,04,22,098,,0*79
1780411052.244,$GBGSV,2,2,08,04,22,098,,08,20,152,,13,09,191,,28,06,218,,0*73
1780411052.245,$GNGLL,1339.01119,N,10029.52555,E,143732.00,A,D*7A
1780411053.227,$GNRMC,143733.00,A,1339.01097,N,10029.52566,E,0.823,150.09,020626,0.53,W,R,V*5C
1780411053.229,$GNVTG,150.09,T,150.62,M,0.823,N,1.523,K,D*39
1780411053.230,$GNGGA,143733.00,1339.01097,N,10029.52566,E,4,12,0.74,0.2,M,-27.8,M,1.0,0499*40
1780411053.231,$GNGSA,A,3,10,01,26,28,31,32,,,,,,,1.27,0.74,1.03,1*09
1780411053.231,$GNGSA,A,3,78,66,77,79,67,68,,,,,,,1.27,0.74,1.03,2*09
1780411053.232,$GNGSA,A,3,05,06,09,16,25,31,34,,,,,,1.27,0.74,1.03,3*09
1780411053.232,$GNGSA,A,3,06,07,09,10,23,24,25,,,,,,1.27,0.74,1.03,4*08
1780411053.233,$GPGSV,2,1,06,01,12,280,21,26,76,198,27,28,38,010,39,31,48,330,45,1*6F
1780411053.233,$GPGSV,2,2,06,32,43,056,45,50,56,115,44,1*65
1780411053.234,$GPGSV,1,1,01,01,12,280,30,5*5A
1780411053.234,$GPGSV,2,1,06,03,13,324,21,10,40,156,21,26,76,198,26,28,38,010,38,6*6F
1780411053.235,$GPGSV,2,2,06,31,48,330,44,32,43,056,46,6*6C
1780411053.236,$GPGSV,3,1,09,02,14,253,,16,41,198,,23,05,150,,25,09,038,,0*6A
1780411053.236,$GPGSV,3,2,09,25,09,038,,27,07,192,,29,06,083,,40,37,260,,0*62
1780411053.236,$GPGSV,3,3,09,40,37,260,,0*58
1780411053.237,$GLGSV,2,1,06,66,26,111,41,67,50,040,48,68,21,345,33,77,23,022,34,1*78
1780411053.238,$GLGSV,2,2,06,78,76,324,48,79,38,220,23,1*7D
1780411053.238,$GLGSV,2,1,05,66,26,111,42,67,50,040,49,68,21,345,28,78,76,324,49,3*71
1780411053.239,$GLGSV,2,2,05,79,38,220,27,3*4F
1780411053.239,$GLGSV,1,1,01,82,03,226,,0*47
1780411053.240,$GAGSV,2,1,07,05,40,357,49,06,17,085,44,09,32,063,48,16,61,077,53,2*75
1780411053.240,$GAGSV,2,2,07,25,52,182,29,31,13,041,20,34,27,267,38,2*4C
1780411053.241,$GAGSV,2,1,07,05,40,357,44,06,17,085,38,09,32,063,43,16,61,077,48,7*77
1780411053.241,$GAGSV,2,2,07,31,13,041,24,34,27,267,33,36,28,209,15,7*46
1780411053.242,$GAGSV,2,1,05,02,05,207,,03,11,310,,04,00,101,,11,05,166,,0*71
1780411053.242,$GAGSV,2,2,05,11,05,166,,0*45
1780411053.243,$GBGSV,2,1,07,06,61,151,31,07,46,007,40,09,89,188,47,10,54,353,44,1*7D
1780411053.243,$GBGSV,2,2,07,23,50,245,25,24,13,036,34,25,65,356,51,1*47
1780411053.244,$GBGSV,1,1,02,09,89,188,49,10,54,353,47,3*74
1780411053.244,$GBGSV,2,1,08,01,42,107,,02,63,241,,03,71,141,,04,22,098,,0*79
1780411053.245,$GBGSV,2,2,08,04,22,098,,08,20,152,,13,09,191,,28,06,218,,0*73
1780411053.245,$GNGLL,1339.01097,N,10029.52566,E,143733.00,A,D*7C
1780411054.229,$GNRMC,143734.00,A,1339.01076,N,10029.52578,E,0.840,152.02,020626,0.53,W,R,V*57
1780411054.231,$GNVTG,152.02,T,152.55,M,0.840,N,1.556,K,D*31
1780411054.232,$GNGGA,143734.00,1339.01076,N,10029.52578,E,4,12,0.71,0.1,M,-27.8,M,1.0,0499*41
1780411054.232,$GNGSA,A,3,10,01,26,28,31,32,,,,,,,1.24,0.71,1.01,1*0D
1780411054.233,$GNGSA,A,3,78,66,77,79,67,68,,,,,,,1.24,0.71,1.01,2*0D
1780411054.233,$GNGSA,A,3,05,06,09,16,31,34,,,,,,,1.24,0.71,1.01,3*0A
1780411054.234,$GNGSA,A,3,06,07,09,10,23,24,25,,,,,,1.24,0.71,1.01,4*0C
1780411054.234,$GPGSV,2,1,06,01,12,280,21,26,76,198,35,28,38,010,43,31,48,330,47,1*63
1780411054.235,$GPGSV,2,2,06,32,43,056,47,50,56,115,42,1*61
1780411054.235,$GPGSV,1,1,01,01,12,280,28,5*53
1780411054.236,$GPGSV,2,1,06,03,13,324,22,10,40,156,20,26,76,198,32,28,38,010,42,6*65
1780411054.236,$GPGSV,2,2,06,31,48,330,43,32,43,056,46,6*6B
1780411054.237,$GPGSV,3,1,09,02,14,253,,16,41,198,,23,05,150,,25,09,038,,0*6A
1780411054.237,$GPGSV,3,2,09,25,09,038,,27,07,192,,29,06,083,,40,37,260,,0*62
1780411054.238,$GPGSV,3,3,09,40,37,260,,0*58
1780411054.238,$GLGSV,2,1,06,66,26,111,45,67,50,040,47,68,21,345,33,77,23,022,34,1*73
1780411054.239,$GLGSV,2,2,06,78,76,324,50,79,38,220,24,1*73
1780411054.239,$GLGSV,2,1,05,66,26,111,44,67,50,040,49,68,21,345,26,78,76,324,49,3*79
1780411054.240,$GLGSV,2,2,05,79,38,220,27,3*4F
1780411054.240,$GLGSV,1,1,01,82,03,226,,0*47
1780411054.241,$GAGSV,2,1,07,05,40,357,50,06,17,085,45,09,32,063,48,16,61,077,51,2*7E
1780411054.241,$GAGSV,2,2,07,25,52,182,19,31,13,041,28,34,27,267,35,2*4A
1780411054.242,$GAGSV,2,1,06,05,40,357,45,06,17,085,38,09,32,063,42,16,61,077,44,7*7A
1780411054.242,$GAGSV,2,2,06,31,13,041,22,36,28,209,15,7*70
1780411054.243,$GAGSV,2,1,05,02,05,207,,03,11,310,,04,00,101,,11,05,166,,0*71
1780411054.243,$GAGSV,2,2,05,11,05,166,,0*45
1780411054.244,$GBGSV,2,1,07,06,61,151,27,07,46,007,40,09,89,188,48,10,54,353,45,1*74
1780411054.244,$GBGSV,2,2,07,23,50,245,30,24,13,036,37,25,65,356,49,1*49
1780411054.245,$GBGSV,1,1,02,09,89,188,47,10,54,353,47,3*7A
1780411054.245,$GBGSV,2,1,08,01,42,107,,02,63,241,,03,71,141,,04,22,098,,0*79
1780411054.246,$GBGSV,2,2,08,04,22,098,,08,20,152,,13,09,191,,28,06,218,,0*73
1780411054.246,$GNGLL,1339.01076,N,10029.52578,E,143734.00,A,D*7B
1780411055.227,$GNRMC,143735.00,A,1339.01055,N,10029.52590,E,0.890,152.61,020626,0.53,W,R,V*59
1780411055.229,$GNVTG,152.61,T,153.14,M,0.890,N,1.649,K,D*30
1780411055.230,$GNGGA,143735.00,1339.01055,N,10029.52590,E,4,12,0.79,0.1,M,-27.8,M,1.0,0499*4F
1780411055.230,$GNGSA,A,3,01,26,28,31,32,,,,,,,,1.30,0.79,1.03,1*03
1780411055.231,$GNGSA,A,3,78,66,77,79,67,68,,,,,,,1.30,0.79,1.03,2*02
1780411055.231,$GNGSA,A,3,05,06,09,16,31,34,,,,,,,1.30,0.79,1.03,3*05
1780411055.232,$GNGSA,A,3,06,07,09,10,23,24,25,,,,,,1.30,0.79,1.03,4*03
1780411055.232,$GPGSV,2,1,07,01,12,280,22,10,40,156,22,26,76,198,37,28,38,010,41,1*6B
1780411055.233,$GPGSV,2,2,07,31,48,330,47,32,43,056,46,50,56,115,42,1*5C
1780411055.234,$GPGSV,1,1,01,01,12,280,30,5*5A
1780411055.234,$GPGSV,2,1,06,03,13,324,21,10,40,156,19,26,76,198,33,28,38,010,40,6*6F
1780411055.235,$GPGSV,2,2,06,31,48,330,43,32,43,056,45,6*68
1780411055.235,$GPGSV,3,1,09,02,14,253,,16,41,198,,23,05,150,,25,09,038,,0*6A
1780411055.236,$GPGSV,3,2,09,25,09,038,,27,07,192,,29,06,083,,40,37,260,,0*62
1780411055.236,$GPGSV,3,3,09,40,37,260,,0*58
1780411055.237,$GLGSV,2,1,06,66,26,111,45,67,50,040,49,68,21,345,36,77,23,022,38,1*74
1780411055.238,$GLGSV,2,2,06,78,76,324,50,79,38,220,30,1*76
1780411055.238,$GLGSV,2,1,05,66,26,111,41,67,50,040,48,68,21,345,32,78,76,324,50,3*70
1780411055.239,$GLGSV,2,2,05,79,38,220,26,3*4E
1780411055.239,$GLGSV,1,1,01,82,03,226,,0*47
1780411055.240,$GAGSV,2,1,07,05,40,357,49,06,17,085,44,09,32,063,48,16,61,077,49,2*7E
1780411055.240,$GAGSV,2,2,07,25,52,182,19,31,13,041,26,34,27,267,21,2*41
1780411055.241,$GAGSV,2,1,07,05,40,357,44,06,17,085,38,09,32,063,41,16,61,077,46,7*7B
1780411055.242,$GAGSV,2,2,07,25,52,182,23,31,13,041,20,36,28,209,16,7*4A
1780411055.242,$GAGSV,2,1,05,02,05,207,,03,11,310,,04,00,101,,11,05,166,,0*71
1780411055.243,$GAGSV,2,2,05,11,05,166,,0*45
1780411055.243,$GBGSV,2,1,07,06,61,151,28,07,46,007,43,09,89,188,46,10,54,353,44,1*77
1780411055.244,$GBGSV,2,2,07,23,50,245,23,24,13,036,36,25,65,356,50,1*42
1780411055.244,$GBGSV,1,1,02,09,89,188,48,10,54,353,46,3*74
1780411055.245,$GBGSV,2,1,08,01,42,107,,02,63,241,,03,71,141,,04,22,098,,0*79
1780411055.245,$GBGSV,2,2,08,04,22,098,,08,20,152,,13,09,191,,28,06,218,,0*73
1780411055.246,$GNGLL,1339.01055,N,10029.52590,E,143735.00,A,D*7D
1780411056.230,$GNRMC,143736.00,A,1339.01035,N,10029.52603,E,0.803,149.99,020626,0.53,W,R,V*52
1780411056.232,$GNVTG,149.99,T,150.52,M,0.803,N,1.487,K,D*36
1780411056.233,$GNGGA,143736.00,1339.01035,N,10029.52603,E,4,12,0.68,0.1,M,-27.8,M,1.0,0499*43
1780411056.234,$GNGSA,A,3,10,01,26,28,31,32,,,,,,,1.20,0.68,0.99,1*01
1780411056.234,$GNGSA,A,3,78,66,77,79,67,68,,,,,,,1.20,0.68,0.99,2*01
1780411056.235,$GNGSA,A,3,05,06,09,16,25,31,34,,,,,,1.20,0.68,0.99,3*01
1780411056.235,$GNGSA,A,3,06,07,09,10,23,24,25,33,,,,,1.20,0.68,0.99,4*00
1780411056.236,$GPGSV,2,1,07,01,12,280,20,10,40,156,24,26,76,198,33,28,38,010,42,1*68
1780411056.236,$GPGSV,2,2,07,31,48,330,46,32,43,056,47,50,56,115,42,1*5C
1780411056.237,$GPGSV,1,1,01,01,12,280,23,5*58
1780411056.237,$GPGSV,2,1,06,03,13,324,21,10,40,156,19,26,76,198,33,28,38,010,44,6*6B
1780411056.238,$GPGSV,2,2,06,31,48,330,44,32,43,056,44,6*6E
1780411056.239,$GPGSV,3,1,09,02,14,253,,16,41,198,,23,05,150,,25,09,038,,0*6A
1780411056.239,$GPGSV,3,2,09,25,09,038,,27,07,192,,29,06,083,,40,37,260,,0*62
1780411056.240,$GPGSV,3,3,09,40,37,260,,0*58
1780411056.240,$GLGSV,2,1,06,66,26,111,44,67,50,040,48,68,21,345,30,77,23,022,38,1*72
1780411056.241,$GLGSV,2,2,06,78,76,324,49,79,38,220,23,1*7C
1780411056.241,$GLGSV,2,1,05,66,26,111,43,67,50,040,48,68,21,345,35,78,76,324,46,3*72
1780411056.242,$GLGSV,2,2,05,79,38,220,31,3*48
1780411056.242,$GLGSV,1,1,01,82,03,226,,0*47
1780411056.243,$GAGSV,2,1,07,05,40,357,47,06,17,085,42,09,32,063,46,16,61,077,51,2*71
1780411056.243,$GAGSV,2,2,07,25,52,182,29,31,13,041,27,34,27,267,33,2*40
1780411056.244,$GAGSV,2,1,06,05,40,357,44,06,17,085,35,09,32,063,42,16,61,077,45,7*77
1780411056.244,$GAGSV,2,2,06,31,13,041,21,36,28,209,17,7*71
1780411056.245,$GAGSV,2,1,05,02,05,207,,03,11,310,,04,00,101,,11,05,166,,0*71
1780411056.245,$GAGSV,2,2,05,11,05,166,,0*45
1780411056.246,$GBGSV,2,1,08,06,61,151,35,07,46,007,40,09,89,188,47,10,54,353,45,1*77
1780411056.247,$GBGSV,2,2,08,23,50,245,25,24,13,036,41,25,65,356,48,33,62,084,50,1*7F
1780411056.247,$GBGSV,1,1,02,09,89,188,49,10,54,353,46,3*75
1780411056.247,$GBGSV,2,1,07,01,42,107,,02,63,241,,03,71,141,,04,22,098,,0*76
1780411056.248,$GBGSV,2,2,07,04,22,098,,08,20,152,,13,09,190,,0*4A
1780411056.248,$GNGLL,1339.01035,N,10029.52603,E,143736.00,A,D*71
1780411057.227,$GNRMC,143737.00,A,1339.01015,N,10029.52617,E,0.898,143.09,020626,0.53,W,R,V*55
1780411057.229,$GNVTG,143.09,T,143.62,M,0.898,N,1.663,K,D*3E
1780411057.230,$GNGGA,143737.00,1339.01015,N,10029.52617,E,4,12,0.68,0.1,M,-27.8,M,1.0,0499*45
1780411057.230,$GNGSA,A,3,01,26,28,31,32,,,,,,,,1.20,0.68,0.99,1*00
1780411057.231,$GNGSA,A,3,78,66,77,79,67,68,,,,,,,1.20,0.68,0.99,2*01
1780411057.231,$GNGSA,A,3,05,06,09,16,25,31,34,,,,,,1.20,0.68,0.99,3*01
1780411057.232,$GNGSA,A,3,06,07,09,10,23,24,25,33,,,,,1.20,0.68,0.99,4*00
1780411057.232,$GPGSV,2,1,06,01,12,280,23,26,76,198,37,28,38,010,40,31,48,330,45,1*62
1780411057.233,$GPGSV,2,2,06,32,43,056,48,50,56,115,43,1*6F
1780411057.233,$GPGSV,1,1,01,01,12,280,20,5*5B
1780411057.234,$GPGSV,2,1,06,03,13,324,20,10,40,156,19,26,76,198,35,28,38,010,42,6*6A
1780411057.235,$GPGSV,2,2,06,31,48,330,43,32,43,056,45,6*68
1780411057.236,$GPGSV,3,1,09,02,14,253,,16,41,198,,23,05,150,,25,09,038,,0*6A
1780411057.236,$GPGSV,3,2,09,25,09,038,,27,07,192,,29,06,083,,40,37,260,,0*62
1780411057.237,$GPGSV,3,3,09,40,37,260,,0*58
1780411057.237,$GLGSV,2,1,06,66,26,111,41,67,50,040,48,68,21,345,36,77,23,022,37,1*7E
1780411057.238,$GLGSV,2,2,06,78,76,324,47,79,38,220,25,1*74
1780411057.239,$GLGSV,2,1,05,66,26,111,43,67,50,040,47,68,21,345,27,78,76,324,49,3*71
1780411057.239,$GLGSV,2,2,05,79,38,220,30,3*49
1780411057.240,$GLGSV,1,1,01,82,03,226,,0*47
1780411057.240,$GAGSV,2,1,07,05,40,357,43,06,17,085,42,09,32,063,50,16,61,077,51,2*72
1780411057.241,$GAGSV,2,2,07,25,52,182,30,31,13,041,26,34,27,267,33,2*49
1780411057.242,$GAGSV,2,1,07,05,40,357,42,06,17,085,38,09,32,063,42,16,61,077,46,7*7E
1780411057.242,$GAGSV,2,2,07,25,52,182,25,31,13,041,22,36,28,209,16,7*4E
1780411057.243,$GAGSV,2,1,05,02,05,207,,03,11,310,,04,00,101,,11,05,166,,0*71
1780411057.243,$GAGSV,2,2,05,11,05,166,,0*45
1780411057.244,$GBGSV,2,1,08,06,61,151,32,07,46,007,43,09,89,188,47,10,54,353,46,1*70
1780411057.245,$GBGSV,2,2,08,23,50,245,25,24,13,036,40,25,65,356,50,33,62,084,49,1*7F
1780411057.245,$GBGSV,1,1,02,09,89,188,50,10,54,353,48,3*73
1780411057.246,$GBGSV,2,1,07,01,42,107,,02,63,241,,03,71,141,,04,22,098,,0*76
1780411057.246,$GBGSV,2,2,07,04,22,098,,08,20,152,,13,09,190,,0*4A
1780411057.247,$GNGLL,1339.01015,N,10029.52617,E,143737.00,A,D*77
1780411058.231,$GNRMC,143738.00,A,1339.00992,N,10029.52632,E,0.965,148.68,020626,0.53,W,R,V*55
1780411058.234,$GNVTG,148.68,T,149.21,M,0.965,N,1.788,K,D*38
1780411058.236,$GNGGA,143738.00,1339.00992,N,10029.52632,E,4,12,0.68,0.1,M,-27.8,M,1.0,0499*4A
1780411058.236,$GNGSA,A,3,01,26,28,31,32,,,,,,,,1.20,0.68,0.99,1*00
1780411058.237,$GNGSA,A,3,78,66,77,79,67,68,,,,,,,1.20,0.68,0.99,2*01
1780411058.237,$GNGSA,A,3,05,06,09,16,25,31,34,,,,,,1.20,0.68,0.99,3*01
1780411058.238,$GNGSA,A,3,06,07,09,10,23,24,25,33,,,,,1.20,0.68,0.99,4*00
1780411058.238,$GPGSV,2,1,07,01,12,280,24,26,76,198,37,28,38,010,42,31,48,330,47,1*64
1780411058.239,$GPGSV,2,2,07,32,43,056,48,41,64,233,28,50,56,115,43,1*51
1780411058.239,$GPGSV,1,1,01,01,12,280,28,5*53
1780411058.240,$GPGSV,2,1,06,03,13,324,28,10,40,156,17,26,76,198,38,28,38,010,33,6*67
1780411058.240,$GPGSV,2,2,06,31,48,330,43,32,43,056,44,6*69
1780411058.241,$GPGSV,2,1,08,02,14,253,,16,41,198,,23,05,150,,25,09,038,,0*6A
1780411058.242,$GPGSV,2,2,08,25,09,038,,27,07,192,,29,06,083,,40,37,260,,0*62
1780411058.242,$GLGSV,2,1,06,66,26,111,45,67,50,040,46,68,21,345,29,77,23,022,38,1*75
1780411058.243,$GLGSV,2,2,06,78,76,324,48,79,38,220,26,1*78
1780411058.244,$GLGSV,2,1,05,66,26,111,42,67,50,040,45,68,21,345,36,78,76,324,46,3*7D
1780411058.244,$GLGSV,2,2,05,79,38,220,22,3*4A
1780411058.245,$GLGSV,1,1,01,82,03,226,,0*47
1780411058.245,$GAGSV,2,1,07,05,40,357,43,06,17,085,42,09,32,063,47,16,61,077,51,2*74
1780411058.246,$GAGSV,2,2,07,25,52,182,29,31,13,041,28,34,27,267,33,2*4F
1780411058.246,$GAGSV,2,1,07,05,40,357,40,06,17,085,39,09,32,063,42,16,61,077,45,7*7E
1780411058.247,$GAGSV,2,2,07,31,13,041,23,34,27,267,28,36,28,209,16,7*48
1780411058.248,$GAGSV,2,1,05,02,05,207,,03,11,310,,04,00,101,,11,05,166,,0*71
1780411058.248,$GAGSV,2,2,05,11,05,166,,0*45
1780411058.249,$GBGSV,2,1,08,06,61,151,29,07,46,007,41,09,89,188,46,10,54,353,45,1*7A
1780411058.249,$GBGSV,2,2,08,23,50,245,25,24,13,036,41,25,65,356,53,33,62,084,49,1*7D
1780411058.250,$GBGSV,1,1,02,09,89,188,49,10,54,353,48,3*7B
1780411058.250,$GBGSV,2,1,07,01,42,107,,02,63,241,,03,71,141,,04,22,098,,0*76
1780411058.251,$GBGSV,2,2,07,04,22,098,,08,20,152,,13,09,190,,0*4A
1780411058.251,$GNGLL,1339.00992,N,10029.52632,E,143738.00,A,D*78
1780411059.231,$GNRMC,143739.00,A,1339.00971,N,10029.52645,E,0.750,143.36,020626,0.53,W,R,V*51
1780411059.233,$GNVTG,143.36,T,143.89,M,0.750,N,1.389,K,D*3D
1780411059.234,$GNGGA,143739.00,1339.00971,N,10029.52645,E,4,12,0.68,0.1,M,-27.8,M,1.0,0499*46
1780411059.235,$GNGSA,A,3,01,26,28,31,32,,,,,,,,1.20,0.68,0.99,1*00
1780411059.235,$GNGSA,A,3,78,66,77,79,67,68,,,,,,,1.20,0.68,0.99,2*01
1780411059.236,$GNGSA,A,3,05,06,09,16,25,31,34,,,,,,1.20,0.68,0.99,3*01
1780411059.236,$GNGSA,A,3,06,07,09,10,23,24,25,33,,,,,1.20,0.68,0.99,4*00
1780411059.237,$GPGSV,2,1,07,01,12,280,24,26,76,198,41,28,38,010,38,31,48,330,43,1*6C
1780411059.237,$GPGSV,2,2,07,32,43,056,47,41,64,233,28,50,56,115,43,1*5E
1780411059.238,$GPGSV,1,1,01,01,12,280,26,5*5D
1780411059.239,$GPGSV,2,1,06,03,13,324,26,10,40,156,17,26,76,198,36,28,38,010,36,6*62
1780411059.239,$GPGSV,2,2,06,31,48,330,44,32,43,056,46,6*6C
1780411059.240,$GPGSV,2,1,08,02,14,253,,16,41,198,,23,05,150,,25,09,038,,0*6A
1780411059.240,$GPGSV,2,2,08,25,09,038,,27,07,192,,29,06,083,,40,37,260,,0*62
1780411059.241,$GLGSV,2,1,06,66,26,111,44,67,50,040,49,68,21,345,36,77,23,022,42,1*78
1780411059.241,$GLGSV,2,2,06,78,76,324,50,79,38,220,26,1*71
1780411059.242,$GLGSV,2,1,05,66,26,111,44,67,50,040,49,68,21,345,35,78,76,324,51,3*72
1780411059.243,$GLGSV,2,2,05,79,38,220,30,3*49
1780411059.243,$GLGSV,1,1,01,82,03,226,,0*47
1780411059.244,$GAGSV,2,1,07,05,40,357,42,06,17,085,42,09,32,063,48,16,61,077,52,2*79
1780411059.244,$GAGSV,2,2,07,25,52,182,28,31,13,041,27,34,27,267,36,2*44
1780411059.245,$GAGSV,2,1,06,05,40,357,37,06,17,085,37,09,32,063,43,16,61,077,46,7*73
1780411059.246,$GAGSV,2,2,06,31,13,041,23,36,28,209,15,7*71
1780411059.246,$GAGSV,2,1,05,02,05,207,,03,11,310,,04,00,101,,11,05,166,,0*71
1780411059.247,$GAGSV,2,2,05,11,05,166,,0*45
1780411059.247,$GBGSV,2,1,08,06,61,151,27,07,46,007,42,09,89,188,45,10,54,353,46,1*77
1780411059.248,$GBGSV,2,2,08,23,50,245,24,24,13,036,39,25,65,356,52,33,62,084,50,1*7A
1780411059.248,$GBGSV,1,1,02,09,89,188,48,10,54,353,47,3*75
1780411059.249,$GBGSV,2,1,07,01,42,107,,02,63,241,,03,71,141,,04,22,098,,0*76
1780411059.249,$GBGSV,2,2,07,04,22,098,,08,20,152,,13,09,190,,0*4A
1780411059.250,$GNGLL,1339.00971,N,10029.52645,E,143739.00,A,D*74
1780411060.231,$GNRMC,143740.00,A,1339.00952,N,10029.52658,E,0.823,143.52,020626,0.53,W,R,V*5B
1780411060.234,$GNVTG,143.52,T,144.05,M,0.823,N,1.524,K,D*36
1780411060.234,$GNGGA,143740.00,1339.00952,N,10029.52658,E,4,12,0.77,0.1,M,-27.8,M,1.0,0499*4B
1780411060.235,$GNGSA,A,3,26,28,31,32,,,,,,,,,1.44,0.77,1.21,1*0F
1780411060.235,$GNGSA,A,3,78,66,77,79,67,68,,,,,,,1.44,0.77,1.21,2*0F
1780411060.236,$GNGSA,A,3,05,06,09,16,25,31,34,,,,,,1.44,0.77,1.21,3*0F
1780411060.236,$GNGSA,A,3,06,07,09,10,23,24,25,33,,,,,1.44,0.77,1.21,4*0E
1780411060.237,$GPGSV,2,1,06,26,76,198,40,28,38,010,41,31,48,330,46,32,43,056,45,1*6D
1780411060.237,$GPGSV,2,2,06,41,64,233,27,50,56,115,42,1*67
1780411060.238,$GPGSV,1,1,01,01,12,280,24,5*5F
1780411060.238,$GPGSV,2,1,06,03,13,324,24,10,40,156,18,26,76,198,38,28,38,010,38,6*6F
1780411060.239,$GPGSV,2,2,06,31,48,330,45,32,43,056,44,6*6F
1780411060.240,$GPGSV,2,1,08,02,14,253,,16,41,198,,23,05,150,,25,09,038,,0*6A
1780411060.240,$GPGSV,2,2,08,25,09,038,,27,07,192,,29,06,083,,40,37,260,,0*62
1780411060.241,$GLGSV,2,1,06,66,26,111,45,67,50,040,48,68,21,345,38,77,23,022,41,1*75
1780411060.241,$GLGSV,2,2,06,78,76,324,49,79,38,220,25,1*7A
1780411060.242,$GLGSV,2,1,05,66,26,111,42,67,50,040,46,68,21,345,39,78,76,324,49,3*7E
1780411060.242,$GLGSV,2,2,05,79,38,220,28,3*40
1780411060.243,$GLGSV,1,1,01,82,03,226,,0*47
1780411060.243,$GAGSV,2,1,07,05,40,357,43,06,17,085,42,09,32,063,48,16,61,077,52,2*78
1780411060.244,$GAGSV,2,2,07,25,52,182,26,31,13,041,25,34,27,267,31,2*4F
1780411060.244,$GAGSV,2,1,06,05,40,357,37,06,17,085,36,09,32,063,43,16,61,077,45,7*71
1780411060.245,$GAGSV,2,2,06,31,13,041,23,36,28,209,13,7*77
1780411060.245,$GAGSV,2,1,05,02,05,207,,03,11,310,,04,00,101,,11,05,166,,0*71
1780411060.246,$GAGSV,2,2,05,11,05,166,,0*45
1780411060.246,$GBGSV,2,1,08,06,61,151,27,07,46,007,44,09,89,188,46,10,54,353,45,1*71
1780411060.247,$GBGSV,2,2,08,23,50,245,25,24,13,036,41,25,65,356,52,33,62,084,50,1*74
1780411060.247,$GBGSV,1,1,02,09,89,188,49,10,54,353,47,3*74
1780411060.248,$GBGSV,2,1,07,01,42,107,,02,63,241,,03,71,141,,04,22,098,,0*76
1780411060.248,$GBGSV,2,2,07,04,22,098,,08,20,152,,13,09,190,,0*4A
1780411060.249,$GNGLL,1339.00952,N,10029.52658,E,143740.00,A,D*77
1780411061.224,$GNRMC,143741.00,A,1339.00933,N,10029.52672,E,0.851,139.62,020626,0.53,W,R,V*5E
1780411061.227,$GNVTG,139.62,T,140.15,M,0.851,N,1.577,K,D*3E
1780411061.228,$GNGGA,143741.00,1339.00933,N,10029.52672,E,4,12,0.77,0.1,M,-27.8,M,1.0,0499*45
1780411061.228,$GNGSA,A,3,10,26,28,31,32,,,,,,,,1.44,0.77,1.21,1*0E
1780411061.229,$GNGSA,A,3,78,66,77,79,67,68,,,,,,,1.44,0.77,1.21,2*0F
1780411061.229,$GNGSA,A,3,05,06,09,16,25,31,34,,,,,,1.44,0.77,1.21,3*0F
1780411061.230,$GNGSA,A,3,06,07,09,10,23,24,25,33,,,,,1.44,0.77,1.21,4*0E
1780411061.231,$GPGSV,2,1,06,10,40,156,24,26,76,198,40,28,38,010,41,31,48,330,47,1*69
1780411061.231,$GPGSV,2,2,06,32,43,056,46,50,56,115,42,1*60
1780411061.231,$GPGSV,1,1,01,01,12,280,22,5*59
1780411061.232,$GPGSV,2,1,06,03,13,324,22,10,40,156,20,26,76,198,41,28,38,010,42,6*61
1780411061.233,$GPGSV,2,2,06,31,48,330,44,32,43,056,46,6*6C
1780411061.233,$GPGSV,3,1,09,02,14,253,,16,41,198,,23,05,150,,25,09,038,,0*6A
1780411061.234,$GPGSV,3,2,09,25,09,038,,27,07,192,,29,06,083,,40,37,260,,0*62
1780411061.234,$GPGSV,3,3,09,40,37,260,,0*58
1780411061.235,$GLGSV,2,1,06,66,26,111,43,67,50,040,49,68,21,345,35,77,23,022,40,1*7E
1780411061.235,$GLGSV,2,2,06,78,76,324,50,79,38,220,24,1*73
1780411061.236,$GLGSV,2,1,05,66,26,111,43,67,50,040,47,68,21,345,39,78,76,324,51,3*77
1780411061.237,$GLGSV,2,2,05,79,38,220,29,3*41
1780411061.237,$GLGSV,1,1,01,82,03,226,,0*47
1780411061.238,$GAGSV,2,1,07,05,40,357,43,06,17,085,40,09,32,063,48,16,61,077,52,2*7A
1780411061.239,$GAGSV,2,2,07,25,52,182,25,31,13,041,24,34,27,267,31,2*4D
1780411061.239,$GAGSV,2,1,06,05,40,357,35,06,17,085,34,09,32,063,43,16,61,077,45,7*71
1780411061.240,$GAGSV,2,2,06,31,13,041,22,36,28,209,14,7*71
1780411061.240,$GAGSV,2,1,05,02,05,207,,03,11,310,,04,00,101,,11,05,166,,0*71
1780411061.241,$GAGSV,2,2,05,11,05,166,,0*45
1780411061.241,$GBGSV,2,1,08,06,61,151,33,07,46,007,45,09,89,188,46,10,54,353,46,1*76
1780411061.242,$GBGSV,2,2,08,23,50,245,24,24,13,036,39,25,65,356,50,33,62,084,50,1*78
1780411061.242,$GBGSV,1,1,02,09,89,188,49,10,54,353,49,3*7A
1780411061.243,$GBGSV,2,1,07,01,42,107,,02,63,241,,03,71,141,,04,22,098,,0*76
1780411061.243,$GBGSV,2,2,07,04,22,098,,08,20,152,,13,09,190,,0*4A
1780411061.244,$GNGLL,1339.00933,N,10029.52672,E,143741.00,A,D*79
1780411062.229,$GNRMC,143742.00,A,1339.00912,N,10029.52687,E,0.904,142.97,020626,0.53,W,R,V*53
1780411062.230,$GNVTG,142.97,T,143.50,M,0.904,N,1.675,K,D*3A
1780411062.231,$GNGGA,143742.00,1339.00912,N,10029.52687,E,4,12,0.77,0.1,M,-27.8,M,1.0,0499*4F
1780411062.232,$GNGSA,A,3,10,26,28,31,32,,,,,,,,1.44,0.77,1.21,1*0E
1780411062.233,$GNGSA,A,3,78,66,77,79,67,68,,,,,,,1.44,0.77,1.21,2*0F
1780411062.233,$GNGSA,A,3,05,06,09,16,25,31,34,,,,,,1.44,0.77,1.21,3*0F
1780411062.234,$GNGSA,A,3,06,07,09,10,23,24,25,33,,,,,1.44,0.77,1.21,4*0E
1780411062.235,$GPGSV,2,1,06,01,12,280,24,26,76,198,45,28,38,010,41,31,48,330,47,1*63
1780411062.236,$GPGSV,2,2,06,32,43,056,47,50,56,115,44,1*67
1780411062.237,$GPGSV,1,1,01,01,12,280,21,5*5A
1780411062.238,$GPGSV,2,1,06,03,13,324,22,10,40,156,21,26,76,198,43,28,38,010,43,6*63
1780411062.239,$GPGSV,2,2,06,31,48,330,44,32,43,056,46,6*6C
1780411062.239,$GPGSV,3,1,09,02,14,253,,16,41,198,,23,05,150,,25,09,038,,0*6A
1780411062.240,$GPGSV,3,2,09,25,09,038,,27,07,192,,29,06,083,,40,37,260,,0*62
1780411062.240,$GPGSV,3,3,09,40,37,260,,0*58
1780411062.241,$GLGSV,2,1,06,66,26,111,43,67,50,040,46,68,21,345,39,77,23,022,38,1*72
1780411062.242,$GLGSV,2,2,06,78,76,324,49,79,38,220,21,1*7E
1780411062.243,$GLGSV,2,1,05,66,26,111,38,67,50,040,47,68,21,345,40,78,76,324,50,3*74
1780411062.243,$GLGSV,2,2,05,79,38,220,29,3*41
1780411062.244,$GLGSV,1,1,01,82,03,226,,0*47
1780411062.244,$GAGSV,2,1,07,05,40,357,44,06,17,085,38,09,32,063,48,16,61,077,51,2*71
1780411062.245,$GAGSV,2,2,07,25,52,182,25,31,13,041,31,34,27,267,26,2*4F
1780411062.245,$GAGSV,2,1,06,05,40,357,38,06,17,085,37,09,32,063,42,16,61,077,45,7*7E
1780411062.246,$GAGSV,2,2,06,31,13,041,20,36,28,209,13,7*74
1780411062.247,$GAGSV,2,1,05,02,05,207,,03,11,310,,04,00,101,,11,05,166,,0*71
1780411062.247,$GAGSV,2,2,05,11,05,166,,0*45
1780411062.248,$GBGSV,2,1,08,06,61,151,32,07,46,007,45,09,89,188,46,10,54,353,44,1*75
1780411062.248,$GBGSV,2,2,08,23,51,246,26,24,13,036,39,25,65,356,49,33,62,084,49,1*78
1780411062.249,$GBGSV,1,1,02,09,89,188,49,10,54,353,50,3*72
1780411062.250,$GBGSV,2,1,07,01,42,107,,02,63,241,,03,71,141,,04,22,098,,0*76
1780411062.250,$GBGSV,2,2,07,04,22,098,,08,20,152,,13,09,190,,0*4A
1780411062.251,$GNGLL,1339.00912,N,10029.52687,E,143742.00,A,D*73
1780411063.229,$GNRMC,143743.00,A,1339.00893,N,10029.52702,E,0.813,137.22,020626,0.53,W,R,V*5D
1780411063.231,$GNVTG,137.22,T,137.75,M,0.813,N,1.506,K,D*32
1780411063.232,$GNGGA,143743.00,1339.00893,N,10029.52702,E,4,12,0.77,0.1,M,-27.8,M,1.0,0499*4A
1780411063.232,$GNGSA,A,3,10,26,28,31,32,,,,,,,,1.44,0.77,1.21,1*0E
1780411063.233,$GNGSA,A,3,78,66,77,79,67,68,,,,,,,1.44,0.77,1.21,2*0F
1780411063.233,$GNGSA,A,3,05,06,09,16,25,31,34,,,,,,1.44,0.77,1.21,3*0F
1780411063.234,$GNGSA,A,3,06,07,09,10,23,24,25,33,,,,,1.44,0.77,1.21,4*0E
1780411063.235,$GPGSV,2,1,05,26,76,198,45,28,38,010,42,31,48,330,46,32,43,056,46,1*6B
1780411063.235,$GPGSV,2,2,05,50,56,115,42,1*54
1780411063.235,$GPGSV,1,1,01,01,12,280,21,5*5A
1780411063.236,$GPGSV,2,1,06,03,13,324,23,10,40,156,21,26,76,198,42,28,38,010,44,6*64
1780411063.236,$GPGSV,2,2,06,31,48,330,44,32,43,056,45,6*6F
1780411063.237,$GPGSV,3,1,09,02,14,253,,16,41,198,,23,05,150,,25,09,038,,0*6A
1780411063.238,$GPGSV,3,2,09,25,09,038,,27,07,192,,29,06,083,,40,37,260,,0*62
1780411063.238,$GPGSV,3,3,09,40,37,260,,0*58
1780411063.239,$GLGSV,2,1,06,66,26,111,42,67,50,040,47,68,21,345,42,77,23,022,37,1*71
1780411063.239,$GLGSV,2,2,06,78,76,324,48,79,38,220,22,1*7C
1780411063.240,$GLGSV,2,1,05,66,26,111,44,67,50,040,49,68,21,345,41,78,76,324,47,3*76
1780411063.240,$GLGSV,2,2,05,79,38,220,32,3*4B
1780411063.241,$GLGSV,1,1,01,82,03,226,,0*47
1780411063.242,$GAGSV,2,1,07,05,40,357,45,06,17,085,40,09,32,063,48,16,61,077,52,2*7C
1780411063.242,$GAGSV,2,2,07,25,52,182,23,31,13,041,26,34,27,267,32,2*4A
1780411063.243,$GAGSV,2,1,06,05,40,357,36,06,17,085,34,09,32,063,42,16,61,077,46,7*70
1780411063.243,$GAGSV,2,2,06,31,13,041,19,36,28,209,13,7*7E
1780411063.244,$GAGSV,2,1,05,02,05,207,,03,11,310,,04,00,101,,11,05,166,,0*71
1780411063.244,$GAGSV,2,2,05,11,05,166,,0*45
1780411063.245,$GBGSV,2,1,08,06,61,151,27,07,46,007,44,09,89,188,47,10,54,353,44,1*71
1780411063.245,$GBGSV,2,2,08,23,51,246,26,24,13,036,41,25,65,356,50,33,62,084,50,1*77
1780411063.246,$GBGSV,1,1,02,09,89,188,48,10,54,353,51,3*72
1780411063.246,$GBGSV,2,1,07,01,42,107,,02,63,241,,03,71,141,,04,22,098,,0*76
1780411063.247,$GBGSV,2,2,07,04,22,098,,08,20,152,,13,09,190,,0*4A
1780411063.247,$GNGLL,1339.00893,N,10029.52702,E,143743.00,A,D*76
1780411064.226,$GNRMC,143744.00,A,1339.00874,N,10029.52716,E,0.840,140.03,020626,0.53,W,R,V*53
1780411064.229,$GNVTG,140.03,T,140.56,M,0.840,N,1.555,K,D*30
1780411064.230,$GNGGA,143744.00,1339.00874,N,10029.52716,E,4,12,0.90,0.1,M,-27.8,M,1.0,0499*48
1780411064.231,$GNGSA,A,3,26,28,31,32,,,,,,,,,1.62,0.90,1.35,1*07
1780411064.231,$GNGSA,A,3,78,66,77,79,67,68,,,,,,,1.62,0.90,1.35,2*07
1780411064.232,$GNGSA,A,3,05,06,09,16,25,31,34,,,,,,1.62,0.90,1.35,3*07
1780411064.232,$GNGSA,A,3,06,07,09,10,23,24,25,33,,,,,1.62,0.90,1.35,4*06
1780411064.233,$GPGSV,2,1,05,26,76,198,46,28,38,010,41,31,48,330,46,32,43,056,47,1*6A
1780411064.233,$GPGSV,2,2,05,50,56,115,44,1*52
1780411064.234,$GPGSV,1,1,01,01,12,280,21,5*5A
1780411064.234,$GPGSV,2,1,06,03,13,324,24,10,40,156,19,26,76,198,43,28,38,010,44,6*69
1780411064.235,$GPGSV,2,2,06,31,48,330,44,32,43,056,47,6*6D
1780411064.235,$GPGSV,3,1,09,02,14,253,,16,41,198,,23,05,150,,25,09,038,,0*6A
1780411064.236,$GPGSV,3,2,09,25,09,038,,27,07,192,,29,06,083,,40,37,260,,0*62
1780411064.236,$GPGSV,3,3,09,40,37,260,,0*58
1780411064.237,$GLGSV,2,1,06,66,26,111,43,67,50,040,43,68,21,345,42,77,23,022,37,1*74
1780411064.238,$GLGSV,2,2,06,78,76,324,49,79,38,220,24,1*7B
1780411064.239,$GLGSV,2,1,05,66,26,111,41,67,50,040,48,68,21,345,40,78,76,324,48,3*7C
1780411064.239,$GLGSV,2,2,05,79,38,220,29,3*41
1780411064.239,$GLGSV,1,1,01,82,03,226,,0*47
1780411064.240,$GAGSV,2,1,07,05,40,357,41,06,17,085,40,09,32,063,45,16,61,077,50,2*77
1780411064.241,$GAGSV,2,2,07,25,52,182,22,31,13,041,27,34,27,267,27,2*4E
1780411064.241,$GAGSV,2,1,06,05,40,357,38,06,17,085,34,09,32,063,42,16,61,077,47,7*7F
1780411064.242,$GAGSV,2,2,06,31,13,041,22,36,28,209,15,7*70
1780411064.242,$GAGSV,2,1,05,02,05,207,,03,11,310,,04,00,101,,11,05,166,,0*71
1780411064.243,$GAGSV,2,2,05,11,05,166,,0*45
1780411064.243,$GBGSV,2,1,08,06,61,151,27,07,46,007,45,09,89,188,46,10,54,353,46,1*73
1780411064.244,$GBGSV,2,2,08,23,51,246,25,24,13,036,38,25,65,357,46,33,62,084,49,1*74
1780411064.244,$GBGSV,1,1,02,09,89,188,48,10,54,353,49,3*7B
1780411064.245,$GBGSV,2,1,07,01,42,107,,02,63,241,,03,71,141,,04,22,098,,0*76
1780411064.245,$GBGSV,2,2,07,04,22,098,,08,20,152,,13,09,190,,0*4A
1780411064.246,$GNGLL,1339.00874,N,10029.52716,E,143744.00,A,D*7D
1780411065.229,$GNRMC,143745.00,A,1339.00855,N,10029.52731,E,0.803,146.30,020626,0.53,W,R,V*55
1780411065.231,$GNVTG,146.30,T,146.83,M,0.803,N,1.487,K,D*31
1780411065.232,$GNGGA,143745.00,1339.00855,N,10029.52731,E,4,12,0.90,0.1,M,-27.8,M,1.0,0499*4F
1780411065.232,$GNGSA,A,3,26,28,31,32,,,,,,,,,1.62,0.90,1.35,1*07
1780411065.233,$GNGSA,A,3,78,66,77,79,67,68,,,,,,,1.62,0.90,1.35,2*07
1780411065.233,$GNGSA,A,3,05,06,09,16,25,31,,,,,,,1.62,0.90,1.35,3*00
1780411065.234,$GNGSA,A,3,06,07,09,10,23,24,25,33,,,,,1.62,0.90,1.35,4*06
1780411065.234,$GPGSV,2,1,06,26,76,198,47,28,38,010,42,31,48,330,47,32,43,056,44,1*69
1780411065.235,$GPGSV,2,2,06,41,64,233,27,50,56,115,43,1*66
1780411065.235,$GPGSV,1,1,01,01,12,280,23,5*58
1780411065.236,$GPGSV,2,1,06,03,13,324,23,10,40,156,18,26,76,198,44,28,38,010,43,6*6F
1780411065.236,$GPGSV,2,2,06,31,48,330,44,32,43,056,45,6*6F
1780411065.237,$GPGSV,2,1,08,02,14,253,,16,41,198,,23,05,150,,25,09,038,,0*6A
1780411065.238,$GPGSV,2,2,08,25,09,038,,27,07,192,,29,06,083,,40,37,260,,0*62
1780411065.238,$GLGSV,2,1,06,66,26,111,44,67,50,040,46,68,21,345,41,77,23,022,39,1*7B
1780411065.239,$GLGSV,2,2,06,78,76,324,50,79,38,220,25,1*72
1780411065.239,$GLGSV,2,1,05,66,26,111,41,67,50,040,48,68,21,345,35,78,76,324,49,3*7F
1780411065.240,$GLGSV,2,2,05,79,38,220,21,3*49
1780411065.240,$GLGSV,1,1,01,82,03,226,,0*47
1780411065.241,$GAGSV,2,1,07,05,40,357,45,06,17,085,42,09,32,063,45,16,61,077,52,2*73
1780411065.241,$GAGSV,2,2,07,25,52,182,22,31,13,041,25,34,27,267,12,2*4A
1780411065.242,$GAGSV,2,1,06,05,40,357,40,06,17,085,33,09,32,063,42,16,61,077,46,7*76
1780411065.242,$GAGSV,2,2,06,31,13,041,23,36,28,209,14,7*70
1780411065.243,$GAGSV,2,1,05,02,05,207,,03,11,310,,04,00,101,,11,05,166,,0*71
1780411065.243,$GAGSV,2,2,05,11,05,166,,0*45
1780411065.244,$GBGSV,2,1,08,06,61,151,26,07,46,007,43,09,89,188,46,10,54,353,42,1*70
1780411065.244,$GBGSV,2,2,08,23,51,246,26,24,13,036,39,25,65,357,50,33,62,084,50,1*79
1780411065.245,$GBGSV,1,1,02,09,89,188,46,10,54,353,48,3*74
1780411065.245,$GBGSV,2,1,07,01,42,107,,02,63,241,,03,71,141,,04,22,098,,0*76
1780411065.246,$GBGSV,2,2,07,04,22,098,,08,20,152,,13,09,190,,0*4A
1780411065.246,$GNGLL,1339.00855,N,10029.52731,E,143745.00,A,D*7A
1780411066.228,$GNRMC,143746.00,A,1339.00837,N,10029.52745,E,0.851,138.99,020626,0.53,W,R,V*5C
1780411066.230,$GNVTG,138.99,T,139.52,M,0.851,N,1.577,K,D*36
1780411066.232,$GNGGA,143746.00,1339.00837,N,10029.52745,E,4,12,1.08,0.1,M,-27.8,M,1.0,0499*4B
1780411066.232,$GNGSA,A,3,26,28,31,32,,,,,,,,,1.81,1.08,1.46,1*0E
1780411066.233,$GNGSA,A,3,78,66,77,79,67,68,,,,,,,1.81,1.08,1.46,2*0E
1780411066.233,$GNGSA,A,3,05,06,09,16,25,31,34,,,,,,1.81,1.08,1.46,3*0E
1780411066.234,$GNGSA,A,3,06,07,09,10,23,24,25,33,,,,,1.81,1.08,1.46,4*0F
1780411066.234,$GPGSV,2,1,06,16,41,198,27,26,76,198,48,28,38,010,44,31,48,330,47,1*62
1780411066.235,$GPGSV,2,2,06,32,43,056,47,50,56,115,41,1*62
1780411066.235,$GPGSV,1,1,01,01,12,280,25,5*5E
1780411066.236,$GPGSV,2,1,06,03,13,324,22,10,40,156,17,26,76,198,46,28,38,010,44,6*64
1780411066.236,$GPGSV,2,2,06,31,48,330,44,32,43,056,43,6*69
1780411066.237,$GPGSV,2,1,08,02,14,253,,23,05,150,,25,09,038,,27,07,192,,0*60
1780411066.237,$GPGSV,2,2,08,27,07,192,,29,06,083,,40,37,260,,41,64,233,,0*62
1780411066.238,$GLGSV,2,1,06,66,26,111,48,67,50,040,48,68,21,345,40,77,23,022,41,1*77
1780411066.238,$GLGSV,2,2,06,78,76,324,49,79,38,220,27,1*78
1780411066.239,$GLGSV,2,1,05,66,26,111,44,67,50,040,50,68,21,345,41,78,76,324,50,3*78
1780411066.240,$GLGSV,2,2,05,79,38,220,19,3*42
1780411066.240,$GLGSV,1,1,01,82,03,226,,0*47
1780411066.241,$GAGSV,2,1,07,05,40,357,43,06,17,085,43,09,32,063,43,16,61,077,51,2*71
1780411066.241,$GAGSV,2,2,07,25,52,182,23,31,13,041,22,34,27,267,29,2*44
1780411066.242,$GAGSV,2,1,06,05,40,357,36,06,17,085,36,09,32,063,39,16,61,077,47,7*7F
1780411066.242,$GAGSV,2,2,06,31,13,041,22,36,28,209,11,7*74
1780411066.243,$GAGSV,2,1,05,02,05,207,,03,11,310,,04,00,101,,11,05,166,,0*71
1780411066.243,$GAGSV,2,2,05,11,05,166,,0*45
1780411066.244,$GBGSV,2,1,08,06,61,151,27,07,46,007,43,09,89,188,47,10,54,353,45,1*77
1780411066.244,$GBGSV,2,2,08,23,51,246,25,24,13,036,42,25,65,357,49,33,62,084,50,1*7E
1780411066.245,$GBGSV,1,1,02,09,89,188,48,10,54,353,48,3*7A
1780411066.245,$GBGSV,2,1,07,01,42,107,,02,63,241,,03,71,141,,04,22,098,,0*76
1780411066.246,$GBGSV,2,2,07,04,22,098,,08,20,152,,13,09,190,,0*4A
1780411066.246,$GNGLL,1339.00837,N,10029.52745,E,143746.00,A,D*7E
1780411067.230,$GNRMC,143747.00,A,1339.00820,N,10029.52760,E,0.708,136.58,020626,0.53,W,R,V*5C
1780411067.232,$GNVTG,136.58,T,137.11,M,0.708,N,1.311,K,D*39
1780411067.234,$GNGGA,143747.00,1339.00820,N,10029.52760,E,4,12,1.08,0.1,M,-27.8,M,1.0,0499*4B
1780411067.234,$GNGSA,A,3,26,28,31,32,,,,,,,,,1.81,1.08,1.46,1*0E
1780411067.235,$GNGSA,A,3,78,66,77,79,67,68,,,,,,,1.81,1.08,1.46,2*0E
1780411067.235,$GNGSA,A,3,05,06,09,16,25,31,34,,,,,,1.81,1.08,1.46,3*0E
1780411067.236,$GNGSA,A,3,06,07,09,10,23,24,25,33,,,,,1.81,1.08,1.46,4*0F
1780411067.236,$GPGSV,2,1,05,26,76,198,48,28,38,010,45,31,48,330,45,32,43,056,44,1*60
1780411067.237,$GPGSV,2,2,05,50,56,115,42,1*54
1780411067.237,$GPGSV,1,1,01,01,12,280,25,5*5E
1780411067.238,$GPGSV,2,1,06,03,13,324,19,10,40,156,16,26,76,198,47,28,38,010,44,6*6C
1780411067.238,$GPGSV,2,2,06,31,48,330,43,32,43,056,45,6*68
1780411067.239,$GPGSV,3,1,09,02,14,253,,16,41,198,,23,05,150,,25,09,038,,0*6A
1780411067.239,$GPGSV,3,2,09,25,09,038,,27,07,192,,29,06,083,,40,37,260,,0*62
1780411067.240,$GPGSV,3,3,09,40,37,260,,0*58
1780411067.240,$GLGSV,2,1,06,66,26,111,45,67,50,040,47,68,21,345,41,77,23,022,37,1*75
1780411067.241,$GLGSV,2,2,06,78,76,324,49,79,38,220,25,1*7A
1780411067.241,$GLGSV,2,1,05,66,26,111,45,67,50,040,50,68,21,345,40,78,76,324,51,3*79
1780411067.242,$GLGSV,2,2,05,79,38,220,19,3*42
1780411067.242,$GLGSV,1,1,01,82,03,226,,0*47
1780411067.243,$GAGSV,2,1,07,05,40,357,44,06,17,085,43,09,32,063,44,16,61,077,50,2*70
1780411067.243,$GAGSV,2,2,07,25,52,182,26,31,13,041,30,34,27,267,24,2*4F
1780411067.244,$GAGSV,2,1,06,05,40,357,36,06,17,085,34,09,32,063,41,16,61,077,47,7*72
1780411067.244,$GAGSV,2,2,06,31,13,041,30,36,28,209,08,7*7F
1780411067.245,$GAGSV,2,1,05,02,05,207,,03,11,310,,04,00,101,,11,05,166,,0*71
1780411067.245,$GAGSV,2,2,05,11,05,166,,0*45
1780411067.246,$GBGSV,2,1,08,06,61,151,27,07,46,007,47,09,89,188,48,10,54,353,48,1*71
1780411067.246,$GBGSV,2,2,08,23,51,246,25,24,13,036,38,25,65,357,51,33,62,084,47,1*7C
1780411067.247,$GBGSV,1,1,02,09,89,188,49,10,54,353,50,3*72
1780411067.247,$GBGSV,2,1,07,01,42,107,,02,63,241,,03,71,141,,04,22,098,,0*76
1780411067.248,$GBGSV,2,2,07,04,22,098,,08,20,152,,13,09,190,,0*4A
1780411067.248,$GNGLL,1339.00820,N,10029.52760,E,143747.00,A,D*7E
1780411068.227,$GNRMC,143748.00,A,1339.00805,N,10029.52774,E,0.642,139.01,020626,0.53,W,R,V*5D
1780411068.229,$GNVTG,139.01,T,139.54,M,0.642,N,1.189,K,D*39
1780411068.230,$GNGGA,143748.00,1339.00805,N,10029.52774,E,4,12,0.90,0.1,M,-27.8,M,1.0,0499*46
1780411068.230,$GNGSA,A,3,26,28,31,32,,,,,,,,,1.62,0.90,1.35,1*07
1780411068.231,$GNGSA,A,3,78,66,77,79,67,68,,,,,,,1.62,0.90,1.35,2*07
1780411068.231,$GNGSA,A,3,05,06,09,16,25,31,34,,,,,,1.62,0.90,1.35,3*07
1780411068.232,$GNGSA,A,3,06,07,09,10,23,24,25,33,,,,,1.62,0.90,1.35,4*06
1780411068.232,$GPGSV,2,1,06,03,13,324,25,26,76,198,47,28,38,010,42,31,48,330,45,1*6D
1780411068.233,$GPGSV,2,2,06,32,43,056,41,50,56,115,39,1*6B
1780411068.233,$GPGSV,1,1,01,01,12,280,26,5*5D
1780411068.234,$GPGSV,2,1,06,03,13,324,20,10,40,156,16,26,76,198,47,28,38,010,44,6*66
1780411068.234,$GPGSV,2,2,06,31,48,330,43,32,43,056,44,6*69
1780411068.235,$GPGSV,3,1,09,02,14,253,,16,41,198,,23,05,150,,25,09,038,,0*6A
1780411068.236,$GPGSV,3,2,09,25,09,038,,27,07,192,,29,06,083,,40,37,260,,0*62
1780411068.236,$GPGSV,3,3,09,40,37,260,,0*58
1780411068.236,$GLGSV,2,1,06,66,26,111,44,67,50,040,49,68,21,345,42,77,23,022,42,1*7B
1780411068.237,$GLGSV,2,2,06,78,76,324,48,79,38,220,23,1*7D
1780411068.238,$GLGSV,2,1,05,66,26,111,43,67,50,040,48,68,21,345,41,78,76,324,49,3*7E
1780411068.238,$GLGSV,2,2,05,79,38,220,17,3*4C
1780411068.238,$GLGSV,1,1,01,82,03,226,,0*47
1780411068.239,$GAGSV,2,1,07,05,40,357,43,06,17,085,44,09,32,063,44,16,61,077,50,2*70
1780411068.239,$GAGSV,2,2,07,25,52,182,27,31,13,041,33,34,27,267,22,2*4B
1780411068.240,$GAGSV,2,1,05,05,40,357,36,06,17,085,31,09,32,063,38,16,61,077,47,7*7A
1780411068.240,$GAGSV,2,2,05,31,13,041,24,7*45
1780411068.241,$GAGSV,2,1,06,02,05,207,,03,11,310,,04,00,101,,11,05,166,,0*72
1780411068.241,$GAGSV,2,2,06,11,05,166,,15,01,310,,0*71
1780411068.242,$GBGSV,2,1,08,06,61,151,29,07,46,007,46,09,89,188,48,10,54,353,45,1*73
1780411068.242,$GBGSV,2,2,08,23,51,246,24,24,13,036,41,25,65,357,53,33,62,084,48,1*7E
1780411068.243,$GBGSV,1,1,02,09,89,188,50,10,54,353,50,3*7A
1780411068.243,$GBGSV,2,1,07,01,42,107,,02,63,241,,03,71,141,,04,22,098,,0*76
1780411068.244,$GBGSV,2,2,07,04,22,098,,08,20,152,,13,09,190,,0*4A
1780411068.244,$GNGLL,1339.00805,N,10029.52774,E,143748.00,A,D*73
1780411069.227,$GNRMC,143749.00,A,1339.00791,N,10029.52786,E,0.662,131.24,020626,0.53,W,R,V*5E
1780411069.230,$GNVTG,131.24,T,131.77,M,0.662,N,1.225,K,D*38
1780411069.231,$GNGGA,143749.00,1339.00791,N,10029.52786,E,4,12,0.90,0.1,M,-27.8,M,1.0,0499*48
1780411069.231,$GNGSA,A,3,26,28,31,32,,,,,,,,,1.62,0.90,1.35,1*07
1780411069.232,$GNGSA,A,3,78,66,77,79,67,68,,,,,,,1.62,0.90,1.35,2*07
1780411069.232,$GNGSA,A,3,05,06,09,16,25,31,34,,,,,,1.62,0.90,1.35,3*07
1780411069.233,$GNGSA,A,3,06,07,09,10,23,24,25,33,,,,,1.62,0.90,1.35,4*06
1780411069.233,$GPGSV,2,1,05,26,76,198,48,28,38,010,41,31,48,330,46,32,43,056,44,1*67
1780411069.234,$GPGSV,2,2,05,50,56,115,40,1*56
1780411069.234,$GPGSV,1,1,01,01,12,280,26,5*5D
1780411069.235,$GPGSV,2,1,06,03,13,324,21,10,40,156,18,26,76,198,47,28,38,010,43,6*6E
1780411069.235,$GPGSV,2,2,06,31,48,330,43,32,43,056,42,6*6F
1780411069.236,$GPGSV,3,1,09,02,14,253,,16,41,198,,23,05,150,,25,09,038,,0*6A
1780411069.237,$GPGSV,3,2,09,25,09,038,,27,07,192,,29,06,083,,40,37,260,,0*62
1780411069.237,$GPGSV,3,3,09,40,37,260,,0*58
1780411069.237,$GLGSV,2,1,06,66,26,111,43,67,50,040,45,68,21,345,42,77,23,022,39,1*7C
1780411069.238,$GLGSV,2,2,06,78,76,324,48,79,38,220,21,1*7F
1780411069.239,$GLGSV,2,1,05,66,26,111,41,67,50,040,48,68,21,345,39,78,76,324,49,3*73
1780411069.239,$GLGSV,2,2,05,79,38,220,19,3*42
1780411069.239,$GLGSV,1,1,01,82,03,226,,0*47
1780411069.240,$GAGSV,2,1,07,05,40,357,44,06,17,085,42,09,32,063,43,16,61,077,51,2*77
1780411069.240,$GAGSV,2,2,07,25,52,182,30,31,13,041,27,34,27,267,20,2*4A
1780411069.241,$GAGSV,2,1,05,05,40,357,38,06,17,085,35,09,32,063,37,16,61,077,47,7*7F
1780411069.241,$GAGSV,2,2,05,31,13,041,24,7*45
1780411069.242,$GAGSV,2,1,06,02,05,207,,03,11,310,,04,00,101,,11,05,166,,0*72
1780411069.242,$GAGSV,2,2,06,11,05,166,,15,01,310,,0*71
1780411069.243,$GBGSV,2,1,08,06,61,151,28,07,46,007,44,09,89,188,46,10,54,353,44,1*7F
1780411069.244,$GBGSV,2,2,08,23,51,246,23,24,13,036,42,25,65,357,53,33,62,084,48,1*7A
1780411069.244,$GBGSV,1,1,02,09,89,188,49,10,54,353,48,3*7B
1780411069.245,$GBGSV,2,1,07,01,42,107,,02,63,241,,03,71,141,,04,22,098,,0*76
1780411069.245,$GBGSV,2,2,07,04,22,098,,08,20,152,,13,09,190,,0*4A
1780411069.246,$GNGLL,1339.00791,N,10029.52786,E,143749.00,A,D*7D
1780411070.219,$GNRMC,143750.00,A,1339.00778,N,10029.52802,E,0.730,136.33,020626,0.53,W,R,V*55
1780411070.221,$GNVTG,136.33,T,136.86,M,0.730,N,1.351,K,D*34
1780411070.223,$GNGGA,143750.00,1339.00778,N,10029.52802,E,4,12,0.90,0.1,M,-27.8,M,1.0,0499*44
1780411070.224,$GNGSA,A,3,26,28,31,32,,,,,,,,,1.62,0.90,1.35,1*07
1780411070.224,$GNGSA,A,3,78,66,77,79,67,68,,,,,,,1.62,0.90,1.35,2*07
1780411070.225,$GNGSA,A,3,05,06,09,16,25,31,,,,,,,1.62,0.90,1.35,3*00
1780411070.226,$GNGSA,A,3,06,07,09,10,23,24,25,33,,,,,1.62,0.90,1.35,4*06
1780411070.227,$GPGSV,2,1,05,26,76,198,50,28,38,010,44,31,48,330,45,32,43,056,40,1*6C
1780411070.228,$GPGSV,2,2,05,50,56,115,41,1*57
1780411070.228,$GPGSV,1,1,01,01,12,280,25,5*5E
1780411070.229,$GPGSV,2,1,06,03,13,324,20,10,40,156,18,26,76,198,48,28,38,010,44,6*67
1780411070.230,$GPGSV,2,2,06,31,48,330,41,32,43,056,40,6*6F
1780411070.231,$GPGSV,3,1,09,02,14,253,,16,41,198,,23,05,150,,25,09,038,,0*6A
1780411070.231,$GPGSV,3,2,09,25,09,038,,27,07,192,,29,06,083,,40,37,260,,0*62
1780411070.232,$GPGSV,3,3,09,40,37,260,,0*58
1780411070.232,$GLGSV,2,1,06,66,26,111,43,67,50,040,48,68,21,345,41,77,23,022,40,1*7C
1780411070.233,$GLGSV,2,2,06,78,76,324,49,79,38,220,20,1*7F
1780411070.233,$GLGSV,2,1,05,66,26,111,41,67,50,040,49,68,21,345,38,78,76,324,47,3*7D
1780411070.234,$GLGSV,2,2,05,79,38,220,19,3*42
1780411070.234,$GLGSV,1,1,01,82,03,226,,0*47
1780411070.235,$GAGSV,2,1,07,05,40,357,45,06,17,085,46,09,32,063,40,16,61,077,52,2*72
1780411070.235,$GAGSV,2,2,07,25,52,182,29,31,13,041,26,34,27,267,19,2*49
1780411070.236,$GAGSV,2,1,05,05,40,357,40,06,17,085,35,09,32,063,34,16,61,077,46,7*72
1780411070.236,$GAGSV,2,2,05,31,13,041,23,7*42
1780411070.237,$GAGSV,2,1,06,02,05,207,,03,11,310,,04,00,101,,11,05,166,,0*72
1780411070.237,$GAGSV,2,2,06,11,05,166,,15,01,310,,0*71
1780411070.238,$GBGSV,2,1,08,06,61,151,28,07,46,007,45,09,89,188,46,10,54,353,43,1*79
1780411070.238,$GBGSV,2,2,08,23,51,246,28,24,13,036,42,25,65,357,49,33,62,086,50,1*71
1780411070.239,$GBGSV,1,1,02,09,89,188,52,10,54,353,47,3*7E
1780411070.239,$GBGSV,2,1,07,01,42,107,,02,63,241,,03,71,141,,04,22,098,,0*76
1780411070.240,$GBGSV,2,2,07,04,22,098,,08,20,152,,13,09,190,,0*4A
1780411070.240,$GNGLL,1339.00778,N,10029.52802,E,143750.00,A,D*71
1780411071.230,$GNRMC,143751.00,A,1339.00764,N,10029.52817,E,0.715,134.37,020626,0.53,W,R,V*5C
1780411071.233,$GNVTG,134.37,T,134.90,M,0.715,N,1.324,K,D*32
1780411071.234,$GNGGA,143751.00,1339.00764,N,10029.52817,E,4,12,1.08,0.1,M,-27.8,M,1.0,0499*4C
1780411071.235,$GNGSA,A,3,26,28,31,32,,,,,,,,,1.81,1.08,1.46,1*0E
1780411071.235,$GNGSA,A,3,78,66,77,79,67,68,,,,,,,1.81,1.08,1.46,2*0E
1780411071.236,$GNGSA,A,3,05,06,09,16,25,31,34,,,,,,1.81,1.08,1.46,3*0E
1780411071.236,$GNGSA,A,3,06,07,09,10,24,25,33,,,,,,1.81,1.08,1.46,4*0E
1780411071.237,$GPGSV,2,1,05,26,76,198,49,28,38,010,43,31,48,330,45,32,43,056,39,1*6D
1780411071.237,$GPGSV,2,2,05,50,56,115,41,1*57
1780411071.238,$GPGSV,1,1,01,01,12,280,22,5*59
1780411071.238,$GPGSV,2,1,06,03,13,324,20,10,40,156,19,26,76,198,49,28,38,010,43,6*60
1780411071.239,$GPGSV,2,2,06,31,48,330,41,32,43,056,37,6*6F
1780411071.239,$GPGSV,3,1,09,02,14,253,,16,41,198,,23,05,150,,25,09,038,,0*6A
1780411071.240,$GPGSV,3,2,09,25,09,038,,27,07,192,,29,06,083,,40,37,260,,0*62
1780411071.240,$GPGSV,3,3,09,40,37,260,,0*58
1780411071.241,$GLGSV,2,1,06,66,26,111,42,67,50,040,48,68,21,345,38,77,23,022,37,1*73
1780411071.241,$GLGSV,2,2,06,78,76,324,51,79,38,220,21,1*77
1780411071.242,$GLGSV,2,1,05,66,26,111,42,67,50,040,47,68,21,345,38,78,76,324,45,3*72
1780411071.242,$GLGSV,2,2,05,79,38,220,23,3*4B
1780411071.243,$GLGSV,1,1,01,82,03,226,,0*47
1780411071.243,$GAGSV,2,1,07,05,40,357,46,06,17,085,44,09,32,063,40,16,61,077,53,2*72
1780411071.244,$GAGSV,2,2,07,25,52,182,28,31,13,041,24,34,27,267,20,2*40
1780411071.245,$GAGSV,2,1,05,05,40,357,44,06,17,085,34,09,32,063,36,16,61,077,46,7*75
1780411071.245,$GAGSV,2,2,05,31,13,041,21,7*40
1780411071.245,$GAGSV,2,1,06,02,05,207,,03,11,310,,04,00,101,,11,05,166,,0*72
1780411071.246,$GAGSV,2,2,06,11,05,166,,15,01,310,,0*71
1780411071.246,$GBGSV,2,1,08,06,61,151,28,07,46,007,47,09,89,188,48,10,54,353,44,1*72
1780411071.247,$GBGSV,2,2,08,23,51,246,19,24,13,036,40,25,65,357,48,33,62,086,50,1*70
1780411071.248,$GBGSV,1,1,02,09,89,188,51,10,54,353,47,3*7D
1780411071.248,$GBGSV,2,1,07,01,42,107,,02,63,241,,03,71,141,,04,22,098,,0*76
1780411071.249,$GBGSV,2,2,07,04,22,098,,08,20,152,,13,09,190,,0*4A
1780411071.249,$GNGLL,1339.00764,N,10029.52817,E,143751.00,A,D*79
1780411072.227,$GNRMC,143752.00,A,1339.00751,N,10029.52831,E,0.605,137.26,020626,0.53,W,R,V*5E
1780411072.229,$GNVTG,137.26,T,137.79,M,0.605,N,1.120,K,D*33
1780411072.230,$GNGGA,143752.00,1339.00751,N,10029.52831,E,4,12,0.90,0.1,M,-27.8,M,1.0,0499*4D
1780411072.231,$GNGSA,A,3,26,28,31,32,,,,,,,,,1.62,0.90,1.35,1*07
1780411072.231,$GNGSA,A,3,78,66,77,79,67,68,,,,,,,1.62,0.90,1.35,2*07
1780411072.232,$GNGSA,A,3,05,06,09,16,25,31,34,,,,,,1.62,0.90,1.35,3*07
1780411072.232,$GNGSA,A,3,06,07,09,10,23,24,25,33,,,,,1.62,0.90,1.35,4*06
1780411072.233,$GPGSV,2,1,05,26,76,198,49,28,38,010,43,31,48,330,45,32,43,056,39,1*6D
1780411072.233,$GPGSV,2,2,05,50,56,115,41,1*57
1780411072.234,$GPGSV,1,1,01,01,12,280,22,5*59
1780411072.234,$GPGSV,2,1,06,03,13,324,22,10,40,156,19,26,76,198,47,28,38,010,44,6*6B
1780411072.235,$GPGSV,2,2,06,31,48,330,41,32,43,056,38,6*60
1780411072.236,$GPGSV,3,1,09,02,14,253,,16,41,198,,23,05,150,,25,09,038,,0*6A
1780411072.236,$GPGSV,3,2,09,25,09,038,,27,07,192,,29,06,083,,40,37,260,,0*62
1780411072.237,$GPGSV,3,3,09,40,37,260,,0*58
1780411072.237,$GLGSV,2,1,06,66,26,111,44,67,50,040,45,68,21,345,39,77,23,022,39,1*77
1780411072.238,$GLGSV,2,2,06,78,76,324,51,79,38,220,22,1*74
1780411072.238,$GLGSV,2,1,05,66,26,111,44,67,50,040,47,68,21,345,40,78,76,324,47,3*79
1780411072.239,$GLGSV,2,2,05,79,38,220,21,3*49
1780411072.239,$GLGSV,1,1,01,82,03,226,,0*47
1780411072.240,$GAGSV,2,1,07,05,40,357,48,06,17,085,38,09,32,063,40,16,61,077,52,2*76
1780411072.240,$GAGSV,2,2,07,25,52,182,30,31,13,041,25,34,27,267,21,2*49
1780411072.241,$GAGSV,2,1,05,05,40,357,41,06,17,085,34,09,32,063,36,16,61,077,45,7*73
1780411072.241,$GAGSV,2,2,05,31,13,041,22,7*43
1780411072.242,$GAGSV,2,1,06,02,05,207,,03,11,310,,04,00,101,,11,05,166,,0*72
1780411072.242,$GAGSV,2,2,06,11,05,166,,15,01,310,,0*71
1780411072.243,$GBGSV,2,1,08,06,61,151,27,07,46,007,46,09,89,188,49,10,54,353,45,1*7C
1780411072.243,$GBGSV,2,2,08,23,51,246,23,24,13,036,40,25,65,357,50,33,62,086,49,1*78
1780411072.244,$GBGSV,1,1,02,09,89,188,49,10,54,353,48,3*7B
1780411072.244,$GBGSV,2,1,07,01,42,107,,02,63,241,,03,71,141,,04,22,098,,0*76
1780411072.245,$GBGSV,2,2,07,04,22,098,,08,20,152,,13,09,190,,0*4A
1780411072.245,$GNGLL,1339.00751,N,10029.52831,E,143752.00,A,D*78
1780411073.224,$GNRMC,143753.00,A,1339.00739,N,10029.52846,E,0.668,131.02,020626,0.53,W,R,V*5A
1780411073.227,$GNVTG,131.02,T,131.55,M,0.668,N,1.237,K,D*35
1780411073.228,$GNGGA,143753.00,1339.00739,N,10029.52846,E,4,12,0.90,0.1,M,-27.8,M,1.0,0499*42
1780411073.229,$GNGSA,A,3,10,26,28,31,32,,,,,,,,1.62,0.90,1.35,1*06
1780411073.230,$GNGSA,A,3,78,66,77,79,67,68,,,,,,,1.62,0.90,1.35,2*07
1780411073.231,$GNGSA,A,3,05,06,09,16,25,31,34,,,,,,1.62,0.90,1.35,3*07
1780411073.231,$GNGSA,A,3,06,07,09,10,23,24,25,33,,,,,1.62,0.90,1.35,4*06
1780411073.232,$GPGSV,2,1,05,26,76,198,49,28,38,010,43,31,48,330,46,32,43,056,43,1*63
1780411073.232,$GPGSV,2,2,05,50,56,115,42,1*54
1780411073.232,$GPGSV,1,1,01,01,12,280,21,5*5A
1780411073.233,$GPGSV,2,1,06,03,13,324,24,10,40,156,20,26,76,198,46,28,38,010,43,6*61
1780411073.234,$GPGSV,2,2,06,31,48,330,42,32,43,056,38,6*63
1780411073.234,$GPGSV,3,1,09,02,14,253,,16,41,198,,23,05,150,,25,09,038,,0*6A
1780411073.235,$GPGSV,3,2,09,25,09,038,,27,07,192,,29,06,083,,40,37,260,,0*62
1780411073.235,$GPGSV,3,3,09,40,37,260,,0*58
1780411073.236,$GLGSV,2,1,06,66,26,111,43,67,50,040,45,68,21,345,35,77,23,022,37,1*72
1780411073.236,$GLGSV,2,2,06,78,76,324,51,79,38,220,21,1*77
1780411073.237,$GLGSV,2,1,05,66,26,111,44,67,50,040,44,68,21,345,41,78,76,324,47,3*7B
1780411073.237,$GLGSV,2,2,05,79,38,220,23,3*4B
1780411073.237,$GLGSV,1,1,01,82,03,226,,0*47
1780411073.238,$GAGSV,2,1,07,05,40,357,48,06,17,085,41,09,32,063,41,16,61,077,52,2*79
1780411073.238,$GAGSV,2,2,07,25,52,182,29,31,13,041,25,34,27,267,20,2*40
1780411073.239,$GAGSV,2,1,05,05,40,357,43,06,17,085,35,09,32,063,36,16,61,077,45,7*70
1780411073.239,$GAGSV,2,2,05,31,13,041,22,7*43
1780411073.240,$GAGSV,2,1,06,02,05,207,,03,11,310,,04,00,101,,11,05,166,,0*72
1780411073.240,$GAGSV,2,2,06,11,05,166,,15,01,310,,0*71
1780411073.241,$GBGSV,2,1,08,06,61,151,20,07,46,007,47,09,89,188,47,10,54,353,45,1*74
1780411073.241,$GBGSV,2,2,08,23,51,246,25,24,13,036,38,25,65,357,51,33,62,086,45,1*7C
1780411073.242,$GBGSV,1,1,02,09,89,188,47,10,54,353,49,3*74
1780411073.242,$GBGSV,2,1,07,01,42,107,,02,63,241,,03,71,141,,04,22,098,,0*76
1780411073.243,$GBGSV,2,2,07,04,22,098,,08,20,152,,13,09,190,,0*4A
1780411073.243,$GNGLL,1339.00739,N,10029.52846,E,143753.00,A,D*77
1780411074.227,$GNRMC,143754.00,A,1339.00726,N,10029.52860,E,0.633,134.01,020626,0.53,W,R,V*5F
1780411074.229,$GNVTG,134.01,T,134.53,M,0.633,N,1.172,K,D*3C
1780411074.230,$GNGGA,143754.00,1339.00726,N,10029.52860,E,4,12,0.90,0.1,M,-27.8,M,1.0,0499*4F
1780411074.231,$GNGSA,A,3,10,26,28,31,32,,,,,,,,1.62,0.90,1.35,1*06
1780411074.231,$GNGSA,A,3,78,66,77,79,67,68,,,,,,,1.62,0.90,1.35,2*07
1780411074.232,$GNGSA,A,3,05,06,09,16,25,31,34,,,,,,1.62,0.90,1.35,3*07
1780411074.232,$GNGSA,A,3,06,07,09,10,23,24,25,33,,,,,1.62,0.90,1.35,4*06
1780411074.233,$GPGSV,2,1,05,26,76,198,47,28,38,010,45,31,48,330,47,32,43,056,43,1*6A
1780411074.233,$GPGSV,2,2,05,50,56,115,43,1*55
1780411074.234,$GPGSV,1,1,01,01,12,280,18,5*50
1780411074.235,$GPGSV,2,1,06,03,13,324,22,10,40,156,20,26,76,198,44,28,38,010,43,6*65
1780411074.236,$GPGSV,2,2,06,31,48,330,41,32,43,056,38,6*60
1780411074.236,$GPGSV,3,1,09,02,14,253,,16,41,198,,23,05,150,,25,09,038,,0*6A
1780411074.237,$GPGSV,3,2,09,25,09,038,,27,07,192,,29,06,083,,40,37,260,,0*62
1780411074.237,$GPGSV,3,3,09,40,37,260,,0*58
1780411074.238,$GLGSV,2,1,06,66,26,111,44,67,50,040,45,68,21,345,38,77,23,022,38,1*77
1780411074.238,$GLGSV,2,2,06,78,76,324,50,79,38,220,22,1*75
1780411074.239,$GLGSV,2,1,05,66,26,111,45,67,50,040,48,68,21,345,40,78,76,324,45,3*75
1780411074.239,$GLGSV,2,2,05,79,38,220,21,3*49
1780411074.240,$GLGSV,1,1,01,82,03,226,,0*47
1780411074.240,$GAGSV,2,1,07,05,40,357,49,06,17,085,38,09,32,063,40,16,61,077,51,2*74
1780411074.241,$GAGSV,2,2,07,25,53,182,28,31,13,041,24,34,27,267,21,2*40
1780411074.242,$GAGSV,2,1,05,05,40,357,43,06,17,085,35,09,32,063,36,16,61,077,45,7*70
1780411074.242,$GAGSV,2,2,05,31,13,041,23,7*42
1780411074.243,$GAGSV,2,1,06,02,05,207,,03,11,310,,04,00,101,,11,05,166,,0*72
1780411074.243,$GAGSV,2,2,06,11,05,166,,15,01,310,,0*71
1780411074.244,$GBGSV,2,1,08,06,61,151,23,07,46,007,47,09,89,188,47,10,54,353,47,1*75
1780411074.244,$GBGSV,2,2,08,23,51,246,23,24,13,036,40,25,65,357,47,33,62,086,50,1*76
1780411074.245,$GBGSV,1,1,02,09,89,188,50,10,54,353,48,3*73
1780411074.246,$GBGSV,2,1,07,01,42,107,,02,63,241,,03,71,141,,04,22,098,,0*76
1780411074.246,$GBGSV,2,2,07,04,22,098,,08,20,152,,13,09,190,,0*4A
1780411074.247,$GNGLL,1339.00726,N,10029.52860,E,143754.00,A,D*7A
1780411075.227,$GNRMC,143755.00,A,1339.00712,N,10029.52874,E,0.717,135.07,020626,0.53,W,R,V*5C
1780411075.230,$GNVTG,135.07,T,135.60,M,0.717,N,1.327,K,D*3F
1780411075.231,$GNGGA,143755.00,1339.00712,N,10029.52874,E,4,12,1.08,0.0,M,-27.8,M,1.0,0499*4D
1780411075.232,$GNGSA,A,3,10,26,28,31,32,,,,,,,,1.81,1.08,1.46,1*0F
1780411075.233,$GNGSA,A,3,78,66,77,79,67,68,,,,,,,1.81,1.08,1.46,2*0E
1780411075.234,$GNGSA,A,3,05,06,09,16,25,31,34,,,,,,1.81,1.08,1.46,3*0E
1780411075.234,$GNGSA,A,3,06,07,09,10,24,25,33,,,,,,1.81,1.08,1.46,4*0E
1780411075.235,$GPGSV,2,1,05,26,76,198,45,28,38,010,38,31,48,330,46,32,43,056,38,1*6F
1780411075.236,$GPGSV,2,2,05,50,56,115,43,1*55
1780411075.237,$GPGSV,1,1,01,01,12,280,28,5*53
1780411075.238,$GPGSV,2,1,06,03,13,324,22,10,40,156,21,26,76,198,44,28,38,010,44,6*63
1780411075.239,$GPGSV,2,2,06,31,48,330,43,32,43,056,40,6*6D
1780411075.239,$GPGSV,3,1,09,02,14,253,,16,41,198,,23,05,150,,25,09,038,,0*6A
1780411075.240,$GPGSV,3,2,09,25,09,038,,27,07,192,,29,06,083,,40,37,260,,0*62
1780411075.241,$GPGSV,3,3,09,40,37,260,,0*58
1780411075.242,$GLGSV,2,1,06,66,26,111,45,67,50,040,48,68,21,345,40,77,23,022,36,1*7A
1780411075.243,$GLGSV,2,2,06,78,76,324,49,79,38,220,23,1*7C
1780411075.243,$GLGSV,2,1,05,66,26,111,44,67,50,040,48,68,21,345,39,78,76,324,48,3*77
1780411075.244,$GLGSV,2,2,05,79,38,220,21,3*49
1780411075.244,$GLGSV,1,1,01,82,03,226,,0*47
1780411075.245,$GAGSV,2,1,07,05,40,357,49,06,17,085,41,09,32,063,43,16,61,077,52,2*7A
1780411075.245,$GAGSV,2,2,07,25,53,182,27,31,13,041,26,34,27,267,22,2*4E
1780411075.246,$GAGSV,2,1,05,05,40,357,42,06,17,085,39,09,32,063,38,16,61,077,45,7*73
1780411075.246,$GAGSV,2,2,05,31,13,041,24,7*45
1780411075.247,$GAGSV,2,1,06,02,05,207,,03,11,310,,04,00,101,,11,05,166,,0*72
1780411075.247,$GAGSV,2,2,06,11,05,166,,15,01,310,,0*71
1780411075.248,$GBGSV,2,1,07,06,61,151,30,07,46,007,45,09,89,188,47,10,54,353,42,1*7F
1780411075.248,$GBGSV,2,2,07,24,13,036,43,25,65,357,47,33,62,086,52,1*4C
1780411075.249,$GBGSV,1,1,02,09,89,188,50,10,54,353,44,3*7F
1780411075.249,$GBGSV,2,1,08,01,42,107,,02,63,241,,03,71,141,,04,22,098,,0*79
1780411075.250,$GBGSV,2,2,08,04,22,098,,08,20,152,,13,09,190,,23,51,246,,0*70
1780411075.250,$GNGLL,1339.00712,N,10029.52874,E,143755.00,A,D*79
1780411076.227,$GNRMC,143756.00,A,1339.00701,N,10029.52890,E,0.674,130.48,020626,0.53,W,R,V*5D
1780411076.230,$GNVTG,130.48,T,131.01,M,0.674,N,1.247,K,D*31
1780411076.231,$GNGGA,143756.00,1339.00701,N,10029.52890,E,4,12,1.08,0.1,M,-27.8,M,1.0,0499*47
1780411076.231,$GNGSA,A,3,10,26,28,31,32,,,,,,,,1.81,1.08,1.46,1*0F
1780411076.232,$GNGSA,A,3,78,66,77,79,67,68,,,,,,,1.81,1.08,1.46,2*0E
1780411076.232,$GNGSA,A,3,05,06,09,16,25,31,34,,,,,,1.81,1.08,1.46,3*0E
1780411076.233,$GNGSA,A,3,06,07,09,10,24,25,33,,,,,,1.81,1.08,1.46,4*0E
1780411076.233,$GPGSV,2,1,06,03,13,324,20,26,76,198,44,28,38,010,41,31,48,330,48,1*65
1780411076.234,$GPGSV,2,2,06,32,43,056,33,50,56,115,42,1*62
1780411076.234,$GPGSV,1,1,01,01,12,280,20,5*5B
1780411076.235,$GPGSV,2,1,06,03,13,324,22,10,40,156,22,26,76,198,44,28,38,010,44,6*60
1780411076.235,$GPGSV,2,2,06,31,48,330,43,32,43,056,40,6*6D
1780411076.236,$GPGSV,3,1,09,02,14,253,,16,41,198,,23,05,150,,25,09,038,,0*6A
1780411076.236,$GPGSV,3,2,09,25,09,038,,27,07,192,,29,06,083,,40,37,260,,0*62
1780411076.237,$GPGSV,3,3,09,40,37,260,,0*58
1780411076.237,$GLGSV,2,1,06,66,26,111,45,67,50,040,45,68,21,345,37,77,23,022,35,1*74
1780411076.238,$GLGSV,2,2,06,78,76,324,51,79,38,220,23,1*75
1780411076.238,$GLGSV,2,1,05,66,26,111,44,67,50,040,49,68,21,345,39,78,76,324,45,3*7B
1780411076.239,$GLGSV,2,2,05,79,38,220,20,3*48
1780411076.239,$GLGSV,1,1,01,82,03,226,,0*47
1780411076.239,$GAGSV,2,1,07,05,40,357,48,06,17,085,39,09,32,063,45,16,61,077,52,2*72
1780411076.240,$GAGSV,2,2,07,25,53,182,27,31,13,041,25,34,27,267,20,2*4F
1780411076.241,$GAGSV,2,1,05,05,40,357,44,06,17,085,39,09,32,063,37,16,61,077,45,7*7A
1780411076.241,$GAGSV,2,2,05,31,13,041,25,7*44
1780411076.241,$GAGSV,2,1,06,02,05,207,,03,11,310,,04,00,101,,11,05,166,,0*72
1780411076.242,$GAGSV,2,2,06,11,05,166,,15,01,310,,0*71
1780411076.242,$GBGSV,2,1,08,06,61,151,23,07,46,007,44,09,89,188,46,10,54,353,43,1*73
1780411076.243,$GBGSV,2,2,08,23,51,246,21,24,13,036,43,25,65,357,50,33,62,086,47,1*77
1780411076.243,$GBGSV,1,1,02,09,89,188,47,10,54,353,43,3*7E
1780411076.244,$GBGSV,2,1,07,01,42,107,,02,63,241,,03,71,141,,04,22,098,,0*76
1780411076.244,$GBGSV,2,2,07,04,22,098,,08,20,152,,13,09,190,,0*4A
1780411076.245,$GNGLL,1339.00701,N,10029.52890,E,143756.00,A,D*72
1780411077.225,$GNRMC,143757.00,A,1339.00689,N,10029.52906,E,0.674,128.96,020626,0.53,W,R,V*59
1780411077.227,$GNVTG,128.96,T,129.49,M,0.674,N,1.248,K,D*31
1780411077.228,$GNGGA,143757.00,1339.00689,N,10029.52906,E,4,12,1.08,0.1,M,-27.8,M,1.0,0499*49
1780411077.228,$GNGSA,A,3,10,26,28,31,32,,,,,,,,1.81,1.08,1.46,1*0F
1780411077.229,$GNGSA,A,3,78,66,77,79,67,68,,,,,,,1.81,1.08,1.46,2*0E
1780411077.229,$GNGSA,A,3,05,06,09,16,25,31,34,,,,,,1.81,1.08,1.46,3*0E
1780411077.230,$GNGSA,A,3,06,07,09,10,24,25,33,,,,,,1.81,1.08,1.46,4*0E
1780411077.230,$GPGSV,2,1,05,26,76,198,46,28,38,010,44,31,48,330,47,32,43,056,38,1*66
1780411077.231,$GPGSV,2,2,05,50,56,115,42,1*54
1780411077.231,$GPGSV,1,1,01,01,12,280,20,5*5B
1780411077.232,$GPGSV,2,1,06,03,13,324,23,10,40,156,20,26,76,198,44,28,38,010,45,6*62
1780411077.232,$GPGSV,2,2,06,31,48,330,43,32,43,056,37,6*6D
1780411077.233,$GPGSV,3,1,09,02,14,253,,16,41,198,,23,05,150,,25,09,038,,0*6A
1780411077.234,$GPGSV,3,2,09,25,09,038,,27,07,192,,29,06,083,,40,37,260,,0*62
1780411077.234,$GPGSV,3,3,09,40,37,260,,0*58
1780411077.235,$GLGSV,2,1,06,66,26,112,45,67,50,040,47,68,21,345,35,77,23,022,34,1*76
1780411077.235,$GLGSV,2,2,06,78,76,324,49,79,38,220,23,1*7C
1780411077.236,$GLGSV,2,1,05,66,26,112,44,67,50,040,46,68,21,345,36,78,76,324,48,3*75
1780411077.236,$GLGSV,2,2,05,79,38,220,20,3*48
1780411077.236,$GLGSV,1,1,01,82,03,226,,0*47
1780411077.237,$GAGSV,2,1,07,05,40,357,48,06,17,085,42,09,32,063,48,16,61,077,51,2*70
1780411077.238,$GAGSV,2,2,07,25,53,182,27,31,13,041,26,34,27,267,21,2*4D
1780411077.238,$GAGSV,2,1,06,05,40,357,42,06,17,085,34,09,32,063,40,16,61,077,43,7*74
1780411077.239,$GAGSV,2,2,06,25,53,182,24,31,13,041,24,7*7A
1780411077.239,$GAGSV,2,1,06,02,05,207,,03,11,310,,04,00,101,,11,05,166,,0*72
1780411077.240,$GAGSV,2,2,06,11,05,166,,15,01,310,,0*71
1780411077.240,$GBGSV,2,1,08,06,61,151,21,07,46,007,45,09,89,188,47,10,54,353,43,1*71
1780411077.241,$GBGSV,2,2,08,23,51,246,21,24,13,036,41,25,65,357,51,33,62,086,49,1*7A
1780411077.241,$GBGSV,1,1,02,09,89,188,48,10,54,353,45,3*77
1780411077.242,$GBGSV,2,1,07,01,42,107,,02,63,241,,03,71,141,,04,22,098,,0*76
1780411077.242,$GBGSV,2,2,07,04,22,098,,08,20,152,,13,09,190,,0*4A
1780411077.243,$GNGLL,1339.00689,N,10029.52906,E,143757.00,A,D*7C
1780411078.227,$GNRMC,143758.00,A,1339.00675,N,10029.52921,E,0.793,130.42,020626,0.53,W,R,V*58
1780411078.229,$GNVTG,130.42,T,130.95,M,0.793,N,1.468,K,D*34
1780411078.231,$GNGGA,143758.00,1339.00675,N,10029.52921,E,4,12,1.08,0.0,M,-27.8,M,1.0,0499*41
1780411078.231,$GNGSA,A,3,10,26,28,31,32,,,,,,,,1.81,1.08,1.46,1*0F
1780411078.232,$GNGSA,A,3,78,66,77,79,67,68,,,,,,,1.81,1.08,1.46,2*0E
1780411078.232,$GNGSA,A,3,05,06,09,16,25,31,34,,,,,,1.81,1.08,1.46,3*0E
1780411078.233,$GNGSA,A,3,06,07,09,10,24,25,33,,,,,,1.81,1.08,1.46,4*0E
1780411078.233,$GPGSV,2,1,07,02,14,253,19,03,13,324,27,26,76,198,47,28,38,010,42,1*6A
1780411078.234,$GPGSV,2,2,07,31,48,330,47,32,43,056,43,50,56,115,42,1*59
1780411078.234,$GPGSV,1,1,01,01,12,280,20,5*5B
1780411078.235,$GPGSV,2,1,06,03,13,324,24,10,40,156,21,26,76,198,45,28,38,010,44,6*64
1780411078.235,$GPGSV,2,2,06,31,48,330,42,32,43,056,41,6*6D
1780411078.236,$GPGSV,2,1,08,16,41,198,,23,05,150,,25,09,038,,27,07,192,,0*61
1780411078.237,$GPGSV,2,2,08,27,07,192,,29,06,083,,40,37,260,,41,64,233,,0*62
1780411078.237,$GLGSV,2,1,06,66,26,112,45,67,51,041,43,68,21,345,33,77,23,022,30,1*70
1780411078.238,$GLGSV,2,2,06,78,76,324,51,79,38,220,22,1*74
1780411078.238,$GLGSV,2,1,05,66,26,112,44,67,51,041,47,68,21,345,36,78,76,324,47,3*7B
1780411078.239,$GLGSV,2,2,05,79,38,220,21,3*49
1780411078.239,$GLGSV,1,1,01,82,03,226,,0*47
1780411078.240,$GAGSV,2,1,07,05,40,357,48,06,17,085,43,09,32,063,47,16,61,077,52,2*7D
1780411078.240,$GAGSV,2,2,07,25,53,182,30,31,13,041,24,34,27,267,22,2*4A
1780411078.241,$GAGSV,2,1,05,05,40,357,44,06,17,085,34,09,32,063,43,16,61,077,47,7*76
1780411078.241,$GAGSV,2,2,05,31,13,041,24,7*45
1780411078.242,$GAGSV,2,1,06,02,05,207,,03,11,310,,04,00,101,,11,05,166,,0*72
1780411078.242,$GAGSV,2,2,06,11,05,166,,15,01,310,,0*71
1780411078.243,$GBGSV,2,1,08,06,61,151,24,07,46,007,45,09,89,188,48,10,54,353,47,1*7F
1780411078.243,$GBGSV,2,2,08,23,51,246,21,24,13,036,42,25,65,357,52,33,62,086,49,1*7A
1780411078.244,$GBGSV,1,1,02,09,89,188,50,10,54,353,45,3*7E
1780411078.244,$GBGSV,2,1,07,01,42,107,,02,63,241,,03,71,141,,04,22,098,,0*76
1780411078.245,$GBGSV,2,2,07,04,22,098,,08,20,152,,13,09,190,,0*4A
1780411078.245,$GNGLL,1339.00675,N,10029.52921,E,143758.00,A,D*75
1780411079.224,$GNRMC,143759.00,A,1339.00661,N,10029.52939,E,0.731,121.73,020626,0.53,W,R,V*5F
1780411079.227,$GNVTG,121.73,T,122.26,M,0.731,N,1.354,K,D*3D
1780411079.228,$GNGGA,143759.00,1339.00661,N,10029.52939,E,4,12,0.90,0.0,M,-27.8,M,1.0,0499*4C
1780411079.229,$GNGSA,A,3,10,26,28,31,32,,,,,,,,1.62,0.90,1.35,1*06
1780411079.230,$GNGSA,A,3,78,66,77,79,67,68,,,,,,,1.62,0.90,1.35,2*07
1780411079.231,$GNGSA,A,3,05,06,09,16,25,31,34,,,,,,1.62,0.90,1.35,3*07
1780411079.231,$GNGSA,A,3,06,07,09,10,23,24,25,33,,,,,1.62,0.90,1.35,4*06
1780411079.232,$GPGSV,2,1,06,03,13,324,26,26,76,198,46,28,38,010,42,31,48,330,47,1*6D
1780411079.232,$GPGSV,2,2,06,32,43,056,40,50,56,115,42,1*66
1780411079.233,$GPGSV,1,1,01,01,12,280,18,5*50
1780411079.233,$GPGSV,2,1,06,03,13,324,22,10,40,156,20,26,76,198,42,28,38,010,44,6*64
1780411079.234,$GPGSV,2,2,06,31,48,330,42,32,43,056,42,6*6E
1780411079.234,$GPGSV,3,1,09,02,14,253,,16,41,198,,23,05,150,,25,09,038,,0*6A
1780411079.235,$GPGSV,3,2,09,25,09,038,,27,07,192,,29,06,083,,40,37,260,,0*62
1780411079.235,$GPGSV,3,3,09,40,37,260,,0*58
1780411079.236,$GLGSV,2,1,06,66,26,112,44,67,51,041,47,68,22,345,32,77,23,022,36,1*71
1780411079.237,$GLGSV,2,2,06,78,76,324,49,79,38,220,21,1*7E
1780411079.237,$GLGSV,2,1,05,66,26,112,45,67,51,041,48,68,22,345,39,78,76,324,48,3*76
1780411079.238,$GLGSV,2,2,05,79,38,220,20,3*48
1780411079.238,$GLGSV,1,1,01,82,03,226,,0*47
1780411079.239,$GAGSV,2,1,07,05,40,357,47,06,17,085,42,09,32,063,47,16,61,077,50,2*71
1780411079.239,$GAGSV,2,2,07,25,53,182,30,31,13,041,26,34,27,267,24,2*4E
1780411079.240,$GAGSV,2,1,05,05,40,357,42,06,17,085,35,09,32,063,39,16,61,077,45,7*7E
1780411079.240,$GAGSV,2,2,05,31,13,041,24,7*45
1780411079.241,$GAGSV,2,1,06,02,05,207,,03,11,310,,04,00,101,,11,05,166,,0*72
1780411079.241,$GAGSV,2,2,06,11,05,166,,15,01,310,,0*71
1780411079.242,$GBGSV,2,1,08,06,61,151,25,07,46,007,44,09,89,188,47,10,54,353,44,1*73
1780411079.242,$GBGSV,2,2,08,23,51,246,20,24,13,036,41,25,65,357,51,33,62,086,51,1*72
1780411079.243,$GBGSV,1,1,03,09,89,188,50,10,54,353,50,33,62,086,22,3*41
1780411079.244,$GBGSV,2,1,07,01,42,107,,02,63,241,,03,71,141,,04,22,098,,0*76
1780411079.244,$GBGSV,2,2,07,04,22,098,,08,20,152,,13,09,190,,0*4A
1780411079.245,$GNGLL,1339.00661,N,10029.52939,E,143759.00,A,D*78
1780411080.230,$GNRMC,143800.00,A,1339.00648,N,10029.52956,E,0.711,129.02,020626,0.53,W,R,V*52
1780411080.232,$GNVTG,129.02,T,129.55,M,0.711,N,1.316,K,D*38
1780411080.234,$GNGGA,143800.00,1339.00648,N,10029.52956,E,4,12,1.08,0.0,M,-27.8,M,1.0,0499*4D
1780411080.234,$GNGSA,A,3,10,26,28,31,32,,,,,,,,1.81,1.08,1.46,1*0F
1780411080.234,$GNGSA,A,3,78,66,77,79,67,68,,,,,,,1.81,1.08,1.46,2*0E
1780411080.235,$GNGSA,A,3,05,06,09,16,25,31,34,,,,,,1.81,1.08,1.46,3*0E
1780411080.235,$GNGSA,A,3,06,07,09,10,23,24,25,33,,,,,1.81,1.08,1.46,4*0F
1780411080.236,$GPGSV,2,1,05,26,76,198,40,28,38,010,44,31,48,330,47,32,43,056,45,1*6A
1780411080.236,$GPGSV,2,2,05,50,56,115,44,1*52
1780411080.237,$GPGSV,1,1,01,01,12,280,21,5*5A
1780411080.237,$GPGSV,2,1,06,03,13,324,20,10,40,156,20,26,76,198,40,28,38,010,47,6*67
1780411080.238,$GPGSV,2,2,06,31,48,330,44,32,43,056,43,6*69
1780411080.239,$GPGSV,3,1,09,02,14,253,,16,41,198,,23,05,150,,25,09,038,,0*6A
1780411080.239,$GPGSV,3,2,09,25,09,038,,27,07,192,,29,06,083,,40,37,260,,0*62
1780411080.239,$GPGSV,3,3,09,40,37,260,,0*58
1780411080.240,$GLGSV,2,1,06,66,26,112,46,67,51,041,49,68,22,345,35,77,23,022,38,1*74
1780411080.241,$GLGSV,2,2,06,78,76,324,52,79,38,220,19,1*7F
1780411080.241,$GLGSV,2,1,05,66,26,112,44,67,51,041,47,68,22,345,37,78,76,324,48,3*76
1780411080.242,$GLGSV,2,2,05,79,38,220,20,3*48
1780411080.242,$GLGSV,1,1,01,82,03,226,,0*47
1780411080.242,$GAGSV,2,1,07,05,40,357,47,06,17,085,42,09,32,063,46,16,61,077,51,2*71
1780411080.243,$GAGSV,2,2,07,25,53,182,28,31,13,041,25,34,27,267,23,2*43
1780411080.244,$GAGSV,2,1,05,05,40,357,45,06,17,085,37,09,32,063,41,16,61,077,47,7*76
1780411080.244,$GAGSV,2,2,05,31,13,041,23,7*42
1780411080.244,$GAGSV,2,1,06,02,05,207,,03,11,310,,04,00,101,,11,05,166,,0*72
1780411080.245,$GAGSV,2,2,06,11,05,166,,15,01,310,,0*71
1780411080.245,$GBGSV,2,1,08,06,61,151,23,07,46,007,45,09,89,188,46,10,54,353,45,1*74
1780411080.246,$GBGSV,2,2,08,23,51,246,21,24,13,036,41,25,65,357,51,33,62,086,47,1*74
1780411080.247,$GBGSV,1,1,03,09,89,188,48,10,54,353,48,33,62,086,18,3*48
1780411080.247,$GBGSV,2,1,07,01,42,107,,02,63,241,,03,71,141,,04,22,098,,0*76
1780411080.248,$GBGSV,2,2,07,04,22,098,,08,20,152,,13,09,190,,0*4A
1780411080.248,$GNGLL,1339.00648,N,10029.52956,E,143800.00,A,D*79
1780411081.226,$GNRMC,143801.00,A,1339.00636,N,10029.52974,E,0.716,132.62,020626,0.53,W,R,V*51
1780411081.228,$GNVTG,132.62,T,133.15,M,0.716,N,1.326,K,D*3F
1780411081.230,$GNGGA,143801.00,1339.00636,N,10029.52974,E,4,12,1.31,0.0,M,-27.8,M,1.0,0499*4F
1780411081.230,$GNGSA,A,3,26,28,31,32,,,,,,,,,2.05,1.31,1.58,1*04
1780411081.231,$GNGSA,A,3,78,66,77,79,67,68,,,,,,,2.05,1.31,1.58,2*04
1780411081.231,$GNGSA,A,3,05,06,09,16,31,34,,,,,,,2.05,1.31,1.58,3*03
1780411081.232,$GNGSA,A,3,06,07,09,10,23,24,25,33,,,,,2.05,1.31,1.58,4*05
1780411081.232,$GPGSV,2,1,05,26,76,198,36,28,38,010,40,31,48,330,47,32,43,056,47,1*6D
1780411081.232,$GPGSV,2,2,05,50,56,115,43,1*55
1780411081.233,$GPGSV,1,1,01,01,12,280,20,5*5B
1780411081.233,$GPGSV,2,1,06,03,13,324,18,10,40,156,19,26,76,198,39,28,38,010,45,6*6A
1780411081.234,$GPGSV,2,2,06,31,48,330,44,32,43,056,43,6*69
1780411081.234,$GPGSV,3,1,09,02,14,253,,16,41,198,,23,05,150,,25,09,038,,0*6A
1780411081.235,$GPGSV,3,2,09,25,09,038,,27,07,192,,29,06,083,,40,37,260,,0*62
1780411081.235,$GPGSV,3,3,09,40,37,260,,0*58
1780411081.236,$GLGSV,2,1,06,66,26,112,45,67,51,041,44,68,22,345,36,77,23,022,40,1*76
1780411081.236,$GLGSV,2,2,06,78,76,324,50,79,38,220,18,1*7C
1780411081.237,$GLGSV,2,1,05,66,26,112,46,67,51,041,48,68,22,345,36,78,76,324,49,3*7B
1780411081.237,$GLGSV,2,2,05,79,38,220,22,3*4A
1780411081.237,$GLGSV,1,1,01,82,03,226,,0*47
1780411081.238,$GAGSV,2,1,07,05,40,357,49,06,17,085,42,09,32,063,47,16,61,077,51,2*7E
1780411081.238,$GAGSV,2,2,07,25,53,182,18,31,13,041,26,34,27,267,23,2*43
1780411081.239,$GAGSV,2,1,05,05,40,357,45,06,17,085,34,09,32,063,40,16,61,077,45,7*76
1780411081.239,$GAGSV,2,2,05,31,13,041,22,7*43
1780411081.240,$GAGSV,2,1,06,02,05,207,,03,11,310,,04,00,101,,11,05,166,,0*72
1780411081.240,$GAGSV,2,2,06,11,05,166,,15,01,310,,0*71
1780411081.241,$GBGSV,2,1,08,06,61,151,32,07,46,007,45,09,89,188,46,10,54,353,45,1*74
1780411081.241,$GBGSV,2,2,08,23,51,246,20,24,13,036,40,25,65,357,51,33,62,086,51,1*73
1780411081.242,$GBGSV,1,1,03,09,89,188,47,10,54,353,44,33,62,086,14,3*47
1780411081.242,$GBGSV,2,1,07,01,42,107,,02,63,241,,03,71,141,,04,22,098,,0*76
1780411081.243,$GBGSV,2,2,07,04,22,098,,08,20,152,,13,09,190,,0*4A
1780411081.243,$GNGLL,1339.00636,N,10029.52974,E,143801.00,A,D*71
1780411082.224,$GNRMC,143802.00,A,1339.00623,N,10029.52991,E,0.726,123.82,020626,0.53,W,R,V*50
1780411082.227,$GNVTG,123.82,T,124.35,M,0.726,N,1.344,K,D*32
1780411082.228,$GNGGA,143802.00,1339.00623,N,10029.52991,E,4,12,1.08,-0.1,M,-27.8,M,1.0,0499*65
1780411082.229,$GNGSA,A,3,26,28,31,32,,,,,,,,,1.81,1.08,1.46,1*0E
1780411082.230,$GNGSA,A,3,78,66,77,79,67,68,,,,,,,1.81,1.08,1.46,2*0E
1780411082.231,$GNGSA,A,3,05,06,09,16,25,31,34,,,,,,1.81,1.08,1.46,3*0E
1780411082.231,$GNGSA,A,3,06,07,09,10,23,24,25,33,,,,,1.81,1.08,1.46,4*0F
1780411082.232,$GPGSV,2,1,05,26,76,198,40,28,38,010,44,31,48,330,45,32,43,056,45,1*68
1780411082.233,$GPGSV,2,2,05,50,56,115,43,1*55
1780411082.234,$GPGSV,1,1,01,01,12,280,21,5*5A
1780411082.235,$GPGSV,2,1,06,03,13,324,17,10,40,156,19,26,76,198,40,28,38,010,43,6*6D
1780411082.236,$GPGSV,2,2,06,31,48,330,45,32,43,056,45,6*6E
1780411082.237,$GPGSV,3,1,09,02,14,253,,16,41,198,,23,05,150,,25,09,038,,0*6A
1780411082.238,$GPGSV,3,2,09,25,09,038,,27,07,192,,29,06,083,,40,37,260,,0*62
1780411082.238,$GPGSV,3,3,09,40,37,260,,0*58
1780411082.239,$GLGSV,2,1,06,66,26,112,47,67,51,041,44,68,22,345,41,77,23,022,35,1*76
1780411082.240,$GLGSV,2,2,06,78,76,324,50,79,38,220,20,1*77
1780411082.241,$GLGSV,2,1,05,66,26,112,47,67,51,041,48,68,22,345,35,78,76,324,47,3*77
1780411082.242,$GLGSV,2,2,05,79,38,220,25,3*4D
1780411082.242,$GLGSV,1,1,01,82,03,226,,0*47
1780411082.243,$GAGSV,2,1,07,05,40,357,47,06,17,085,36,09,32,063,45,16,61,077,52,2*72
1780411082.244,$GAGSV,2,2,07,25,53,182,20,31,13,041,25,34,27,267,24,2*4C
1780411082.245,$GAGSV,2,1,05,05,40,357,43,06,17,085,39,09,32,063,42,16,61,077,46,7*7C
1780411082.246,$GAGSV,2,2,05,31,13,041,22,7*43
1780411082.247,$GAGSV,2,1,06,02,05,207,,03,11,310,,04,00,101,,11,05,166,,0*72
1780411082.247,$GAGSV,2,2,06,11,05,166,,15,01,310,,0*71
1780411082.248,$GBGSV,2,1,08,06,61,151,26,07,46,007,45,09,89,188,48,10,54,353,46,1*7C
1780411082.249,$GBGSV,2,2,08,23,51,246,20,24,13,036,37,25,65,357,48,33,62,086,47,1*7C
1780411082.250,$GBGSV,1,1,03,09,89,188,50,10,54,353,46,33,62,086,13,3*44
1780411082.251,$GBGSV,2,1,07,01,42,107,,02,63,241,,03,71,141,,04,22,098,,0*76
1780411082.251,$GBGSV,2,2,07,04,22,098,,08,20,152,,13,09,190,,0*4A
1780411082.252,$GNGLL,1339.00623,N,10029.52991,E,143802.00,A,D*7D
1780411083.224,$GNRMC,143803.00,A,1339.00613,N,10029.53008,E,0.618,125.55,020626,0.53,W,R,V*5A
1780411083.225,$GNVTG,125.55,T,126.08,M,0.618,N,1.145,K,D*3D
1780411083.226,$GNGGA,143803.00,1339.00613,N,10029.53008,E,4,12,1.08,0.0,M,-27.8,M,1.0,0499*43
1780411083.226,$GNGSA,A,3,26,28,31,32,,,,,,,,,1.81,1.08,1.46,1*0E
1780411083.227,$GNGSA,A,3,78,66,77,79,67,68,,,,,,,1.81,1.08,1.46,2*0E
1780411083.228,$GNGSA,A,3,05,06,09,16,25,31,34,,,,,,1.81,1.08,1.46,3*0E
1780411083.228,$GNGSA,A,3,06,07,09,10,23,24,25,33,,,,,1.81,1.08,1.46,4*0F
1780411083.229,$GPGSV,2,1,05,26,76,198,42,28,38,010,42,31,48,330,45,32,43,056,45,1*6C
1780411083.229,$GPGSV,2,2,05,50,56,115,43,1*55
1780411083.230,$GPGSV,2,1,06,03,13,324,19,10,40,156,18,26,76,198,41,28,38,010,46,6*66
1780411083.230,$GPGSV,2,2,06,31,48,330,44,32,43,056,44,6*6E
1780411083.230,$GPGSV,3,1,10,01,12,280,,02,14,253,,16,41,198,,23,05,150,,0*6F
1780411083.231,$GPGSV,3,2,10,23,05,150,,25,09,038,,27,07,192,,29,06,083,,0*6E
1780411083.231,$GPGSV,3,3,10,29,06,083,,40,37,260,,0*66
1780411083.232,$GLGSV,2,1,06,66,26,112,48,67,51,041,45,68,22,345,37,77,23,022,28,1*75
1780411083.232,$GLGSV,2,2,06,78,76,324,49,79,38,220,19,1*75
1780411083.232,$GLGSV,2,1,05,66,26,112,46,67,51,041,46,68,22,345,37,78,76,324,49,3*74
1780411083.233,$GLGSV,2,2,05,79,38,220,23,3*4B
1780411083.233,$GLGSV,1,1,01,82,03,226,,0*47
1780411083.233,$GAGSV,2,1,07,05,40,357,47,06,17,085,37,09,32,063,44,16,61,077,53,2*73
1780411083.234,$GAGSV,2,2,07,25,53,182,23,31,13,041,31,34,27,267,23,2*4D
1780411083.234,$GAGSV,2,1,05,05,40,357,43,06,17,085,34,09,32,063,39,16,61,077,47,7*7C
1780411083.235,$GAGSV,2,2,05,31,13,041,22,7*43
1780411083.235,$GAGSV,2,1,06,02,05,207,,03,11,310,,04,00,101,,11,05,166,,0*72
1780411083.235,$GAGSV,2,2,06,11,05,166,,15,01,310,,0*71
1780411083.236,$GBGSV,2,1,08,06,61,151,24,07,46,007,46,09,89,188,48,10,54,353,48,1*73
1780411083.237,$GBGSV,2,2,08,23,51,246,21,24,13,036,36,25,65,357,48,33,62,086,52,1*78
1780411083.237,$GBGSV,1,1,03,09,89,188,51,10,54,353,50,33,62,086,12,3*43
1780411083.238,$GBGSV,2,1,07,01,42,107,,02,63,241,,03,71,141,,04,22,098,,0*76
1780411083.238,$GBGSV,2,2,07,04,22,098,,08,20,152,,13,09,190,,0*4A
1780411083.238,$GNGLL,1339.00613,N,10029.53008,E,143803.00,A,D*77
1780411084.225,$GNRMC,143804.00,A,1339.00604,N,10029.53028,E,0.751,118.92,020626,0.53,W,R,V*50
1780411084.226,$GNVTG,118.92,T,119.45,M,0.751,N,1.390,K,D*3B
1780411084.228,$GNGGA,143804.00,1339.00604,N,10029.53028,E,4,12,1.08,0.0,M,-27.8,M,1.0,0499*40
1780411084.228,$GNGSA,A,3,26,28,31,32,,,,,,,,,1.82,1.08,1.46,1*0D
1780411084.229,$GNGSA,A,3,78,66,77,79,67,68,,,,,,,1.82,1.08,1.46,2*0D
1780411084.230,$GNGSA,A,3,05,06,09,16,25,31,34,,,,,,1.82,1.08,1.46,3*0D
1780411084.231,$GNGSA,A,3,06,07,09,10,23,24,25,33,,,,,1.82,1.08,1.46,4*0C
1780411084.231,$GPGSV,2,1,06,03,13,324,25,26,76,198,39,28,38,010,42,31,48,330,47,1*66
1780411084.232,$GPGSV,2,2,06,32,43,056,43,50,56,115,43,1*64
1780411084.233,$GPGSV,2,1,06,03,13,324,19,10,40,156,18,26,76,198,40,28,38,010,41,6*60
1780411084.233,$GPGSV,2,2,06,31,48,330,44,32,43,056,44,6*6E
1780411084.234,$GPGSV,3,1,10,01,12,280,,02,14,253,,16,41,198,,23,05,150,,0*6F
1780411084.234,$GPGSV,3,2,10,23,05,150,,25,09,038,,27,07,192,,29,06,083,,0*6E
1780411084.235,$GPGSV,3,3,10,29,06,083,,40,37,260,,0*66
1780411084.235,$GLGSV,2,1,06,66,26,112,47,67,51,041,44,68,22,345,35,77,23,022,40,1*77
1780411084.236,$GLGSV,2,2,06,78,76,324,50,79,38,220,20,1*77
1780411084.236,$GLGSV,2,1,05,66,26,112,45,67,51,041,48,68,22,345,35,78,76,324,48,3*7A
1780411084.237,$GLGSV,2,2,05,79,38,220,24,3*4C
1780411084.237,$GLGSV,1,1,01,82,03,226,,0*47
1780411084.238,$GAGSV,2,1,07,05,40,357,47,06,17,085,38,09,32,063,43,16,61,077,50,2*78
1780411084.238,$GAGSV,2,2,07,25,53,182,21,31,13,041,36,34,27,267,23,2*48
1780411084.239,$GAGSV,2,1,05,05,40,357,42,06,17,085,31,09,32,063,39,16,61,077,46,7*79
1780411084.239,$GAGSV,2,2,05,31,13,041,23,7*42
1780411084.240,$GAGSV,2,1,06,02,05,207,,03,11,310,,04,00,101,,11,05,166,,0*72
1780411084.240,$GAGSV,2,2,06,11,05,166,,15,01,310,,0*71
1780411084.241,$GBGSV,2,1,08,06,61,151,24,07,46,007,43,09,89,188,47,10,54,353,46,1*77
1780411084.241,$GBGSV,2,2,08,23,51,246,29,24,13,036,36,25,65,357,50,33,62,086,47,1*7D
1780411084.242,$GBGSV,1,1,03,09,89,188,49,10,54,353,49,33,62,086,11,3*41
1780411084.242,$GBGSV,2,1,07,01,42,107,,02,63,241,,03,71,141,,04,22,098,,0*76
1780411084.243,$GBGSV,2,2,07,04,22,098,,08,20,152,,13,09,190,,0*4A
1780411084.243,$GNGLL,1339.00604,N,10029.53028,E,143804.00,A,D*74
1780411085.230,$GNRMC,143805.00,A,1339.00594,N,10029.53048,E,0.630,120.91,020626,0.53,W,R,V*53
1780411085.233,$GNVTG,120.91,T,121.44,M,0.630,N,1.166,K,D*34
1780411085.234,$GNGGA,143805.00,1339.00594,N,10029.53048,E,4,12,1.08,0.1,M,-27.8,M,1.0,0499*4C
1780411085.235,$GNGSA,A,3,26,28,31,32,,,,,,,,,1.82,1.08,1.46,1*0D
1780411085.236,$GNGSA,A,3,78,66,77,79,67,68,,,,,,,1.82,1.08,1.46,2*0D
1780411085.237,$GNGSA,A,3,05,06,09,16,25,31,34,,,,,,1.82,1.08,1.46,3*0D
1780411085.237,$GNGSA,A,3,06,07,09,10,23,24,25,33,,,,,1.82,1.08,1.46,4*0C
1780411085.239,$GPGSV,2,1,06,10,40,156,24,26,76,198,39,28,38,010,39,31,48,330,47,1*68
1780411085.239,$GPGSV,2,2,06,32,43,056,45,50,56,115,43,1*62
1780411085.240,$GPGSV,2,1,06,03,13,324,19,10,40,156,18,26,76,198,38,28,38,010,43,6*6D
1780411085.240,$GPGSV,2,2,06,31,48,330,45,32,43,056,44,6*6F
1780411085.241,$GPGSV,3,1,10,01,12,280,,02,14,253,,16,41,198,,23,05,150,,0*6F
1780411085.241,$GPGSV,3,2,10,23,05,150,,25,09,038,,27,07,192,,29,06,083,,0*6E
1780411085.242,$GPGSV,3,3,10,29,06,083,,40,37,260,,0*66
1780411085.242,$GLGSV,2,1,06,66,26,112,45,67,51,041,46,68,22,345,41,77,23,022,38,1*7B
1780411085.243,$GLGSV,2,2,06,78,76,324,48,79,38,220,21,1*7F
1780411085.243,$GLGSV,2,1,05,66,26,112,47,67,51,041,47,68,22,345,35,78,76,324,49,3*76
1780411085.244,$GLGSV,2,2,05,79,38,220,22,3*4A
1780411085.244,$GLGSV,1,1,01,82,03,226,,0*47
1780411085.245,$GAGSV,2,1,07,05,40,357,50,06,17,085,40,09,32,063,46,16,61,077,47,2*72
1780411085.245,$GAGSV,2,2,07,25,53,182,22,31,13,041,21,34,27,267,29,2*47
1780411085.246,$GAGSV,2,1,05,05,40,357,45,06,17,085,29,09,32,063,41,16,61,077,48,7*76
1780411085.246,$GAGSV,2,2,05,31,13,041,25,7*44
1780411085.247,$GAGSV,2,1,06,02,05,207,,03,11,310,,04,00,101,,11,05,166,,0*72
1780411085.247,$GAGSV,2,2,06,11,05,166,,15,01,310,,0*71
1780411085.248,$GBGSV,2,1,08,06,61,151,22,07,46,007,43,09,89,188,48,10,54,353,46,1*7E
1780411085.248,$GBGSV,2,2,08,23,51,246,26,24,13,036,30,25,65,357,50,33,62,086,51,1*73
1780411085.249,$GBGSV,1,1,03,09,89,188,49,10,54,353,47,33,62,086,09,3*46
1780411085.249,$GBGSV,2,1,07,01,42,107,,02,63,241,,03,71,141,,04,22,098,,0*76
1780411085.250,$GBGSV,2,2,07,04,22,098,,08,20,152,,13,09,190,,0*4A
1780411085.250,$GNGLL,1339.00594,N,10029.53048,E,143805.00,A,D*79
1780411086.225,$GNRMC,143806.00,A,1339.00584,N,10029.53066,E,0.603,122.14,020626,0.53,W,R,V*52
1780411086.228,$GNVTG,122.14,T,122.67,M,0.603,N,1.116,K,D*3E
1780411086.229,$GNGGA,143806.00,1339.00584,N,10029.53066,E,4,12,1.08,0.1,M,-27.8,M,1.0,0499*42
1780411086.230,$GNGSA,A,3,10,26,28,31,32,,,,,,,,1.82,1.08,1.46,1*0C
1780411086.231,$GNGSA,A,3,78,66,77,79,67,68,,,,,,,1.82,1.08,1.46,2*0D
1780411086.231,$GNGSA,A,3,05,06,09,16,25,31,34,,,,,,1.82,1.08,1.46,3*0D
1780411086.232,$GNGSA,A,3,06,07,09,10,23,24,25,33,,,,,1.82,1.08,1.46,4*0C
1780411086.232,$GPGSV,2,1,06,10,40,156,22,26,76,198,35,28,38,010,43,31,48,330,45,1*6D
1780411086.233,$GPGSV,2,2,06,32,43,056,47,50,56,115,41,1*62
1780411086.234,$GPGSV,2,1,06,03,13,324,20,10,40,156,20,26,76,198,38,28,38,010,39,6*61
1780411086.234,$GPGSV,2,2,06,31,48,330,45,32,43,056,43,6*68
1780411086.235,$GPGSV,3,1,10,01,12,280,,02,14,253,,16,41,198,,23,05,150,,0*6F
1780411086.235,$GPGSV,3,2,10,23,05,150,,25,09,038,,27,07,192,,29,06,083,,0*6E
1780411086.236,$GPGSV,3,3,10,29,06,083,,40,37,260,,0*66
1780411086.236,$GLGSV,2,1,06,66,26,112,45,67,51,041,46,68,22,345,39,77,23,022,34,1*78
1780411086.237,$GLGSV,2,2,06,78,76,324,51,79,38,220,22,1*74
1780411086.237,$GLGSV,2,1,05,66,26,112,45,67,51,041,46,68,22,345,38,78,76,324,48,3*79
1780411086.238,$GLGSV,2,2,05,79,38,220,22,3*4A
1780411086.238,$GLGSV,1,1,01,82,03,226,,0*47
1780411086.239,$GAGSV,2,1,07,05,40,357,45,06,17,085,29,09,32,063,44,16,61,077,50,2*7D
1780411086.239,$GAGSV,2,2,07,25,53,182,22,31,13,041,30,34,27,267,22,2*4C
1780411086.240,$GAGSV,2,1,05,05,40,357,43,06,17,085,33,09,32,063,40,16,61,077,43,7*71
1780411086.240,$GAGSV,2,2,05,31,13,041,23,7*42
1780411086.241,$GAGSV,2,1,06,02,05,207,,03,11,310,,04,00,101,,11,05,166,,0*72
1780411086.242,$GAGSV,2,2,06,11,05,166,,15,01,310,,0*71
1780411086.242,$GBGSV,2,1,08,06,61,151,24,07,46,007,44,09,89,188,47,10,54,353,44,1*72
1780411086.243,$GBGSV,2,2,08,23,51,246,26,24,13,036,34,25,65,357,48,33,62,086,48,1*76
1780411086.243,$GBGSV,1,1,03,09,89,188,48,10,54,353,48,33,62,086,09,3*48
1780411086.244,$GBGSV,2,1,07,01,42,107,,02,63,241,,03,71,141,,04,22,098,,0*76
1780411086.244,$GBGSV,2,2,07,04,22,098,,08,20,152,,13,09,190,,0*4A
1780411086.245,$GNGLL,1339.00584,N,10029.53066,E,143806.00,A,D*77
1780411087.226,$GNRMC,143807.00,A,1339.00576,N,10029.53082,E,0.576,126.21,020626,0.53,W,R,V*57
1780411087.228,$GNVTG,126.21,T,126.74,M,0.576,N,1.068,K,D*33
1780411087.229,$GNGGA,143807.00,1339.00576,N,10029.53082,E,4,12,1.08,0.1,M,-27.8,M,1.0,0499*44
1780411087.229,$GNGSA,A,3,10,26,28,31,32,,,,,,,,1.82,1.08,1.46,1*0C
1780411087.230,$GNGSA,A,3,78,66,77,79,67,68,,,,,,,1.82,1.08,1.46,2*0D
1780411087.230,$GNGSA,A,3,05,06,09,16,25,31,34,,,,,,1.82,1.08,1.46,3*0D
1780411087.231,$GNGSA,A,3,06,07,09,10,23,24,25,33,,,,,1.82,1.08,1.46,4*0C
1780411087.231,$GPGSV,2,1,06,10,40,156,22,26,76,198,37,28,38,010,41,31,48,330,45,1*6D
1780411087.232,$GPGSV,2,2,06,32,43,056,46,50,56,115,42,1*60
1780411087.233,$GPGSV,2,1,06,03,13,324,21,10,40,156,18,26,76,198,37,28,38,010,44,6*6E
1780411087.233,$GPGSV,2,2,06,31,48,330,42,32,43,056,44,6*68
1780411087.234,$GPGSV,3,1,10,01,12,280,,02,14,253,,16,41,198,,23,05,150,,0*6F
1780411087.234,$GPGSV,3,2,10,23,05,150,,25,09,038,,27,07,192,,29,06,083,,0*6E
1780411087.235,$GPGSV,3,3,10,29,06,083,,40,37,260,,0*66
1780411087.235,$GLGSV,2,1,06,66,26,112,46,67,51,041,48,68,22,345,37,77,23,022,35,1*7A
1780411087.236,$GLGSV,2,2,06,78,76,324,45,79,38,220,22,1*71
1780411087.237,$GLGSV,2,1,05,66,26,112,46,67,51,041,46,68,22,345,40,78,76,324,53,3*7F
1780411087.237,$GLGSV,2,2,05,79,38,220,23,3*4B
1780411087.237,$GLGSV,1,1,01,82,03,226,,0*47
1780411087.238,$GAGSV,2,1,07,05,40,357,46,06,17,085,36,09,32,063,44,16,61,077,51,2*71
1780411087.239,$GAGSV,2,2,07,25,53,182,21,31,13,041,32,34,27,267,21,2*4E
1780411087.239,$GAGSV,2,1,05,05,40,357,42,06,17,085,32,09,32,063,41,16,61,077,47,7*74
1780411087.240,$GAGSV,2,2,05,31,13,041,26,7*47
1780411087.240,$GAGSV,2,1,06,02,05,207,,03,11,310,,04,00,101,,11,05,166,,0*72
1780411087.241,$GAGSV,2,2,06,11,05,166,,15,01,310,,0*71
1780411087.241,$GBGSV,2,1,08,06,61,151,25,07,46,007,43,09,89,188,47,10,54,353,41,1*71
1780411087.242,$GBGSV,2,2,08,23,51,246,25,24,13,036,35,25,65,357,49,33,62,086,50,1*7C
1780411087.242,$GBGSV,1,1,03,09,89,188,46,10,54,353,46,33,62,086,08,3*49
1780411087.243,$GBGSV,2,1,07,01,42,107,,02,63,241,,03,71,141,,04,22,098,,0*76
1780411087.243,$GBGSV,2,2,07,04,22,098,,08,20,152,,13,09,190,,0*4A
1780411087.244,$GNGLL,1339.00576,N,10029.53082,E,143807.00,A,D*71
1780411088.221,$GNRMC,143808.00,A,1339.00567,N,10029.53098,E,0.587,120.80,020626,0.53,W,R,V*50
1780411088.224,$GNVTG,120.80,T,121.33,M,0.587,N,1.086,K,D*34
1780411088.225,$GNGGA,143808.00,1339.00567,N,10029.53098,E,4,12,1.08,0.1,M,-27.8,M,1.0,0499*40
1780411088.225,$GNGSA,A,3,10,26,28,31,32,,,,,,,,1.82,1.08,1.46,1*0C
1780411088.226,$GNGSA,A,3,78,66,77,79,67,68,,,,,,,1.82,1.08,1.46,2*0D
1780411088.226,$GNGSA,A,3,05,06,09,16,25,31,34,,,,,,1.82,1.08,1.46,3*0D
1780411088.227,$GNGSA,A,3,06,07,09,10,23,24,25,33,,,,,1.82,1.08,1.46,4*0C
1780411088.227,$GPGSV,2,1,06,10,40,156,22,26,76,198,35,28,38,010,41,31,48,330,47,1*6D
1780411088.228,$GPGSV,2,2,06,32,43,056,46,50,56,115,41,1*63
1780411088.228,$GPGSV,2,1,06,03,13,324,21,10,40,156,18,26,76,198,36,28,38,010,43,6*68
1780411088.229,$GPGSV,2,2,06,31,48,330,42,32,43,056,44,6*68
1780411088.229,$GPGSV,3,1,10,01,12,280,,02,14,253,,16,41,198,,23,05,150,,0*6F
1780411088.230,$GPGSV,3,2,10,23,05,150,,25,09,038,,27,07,192,,29,06,083,,0*6E
1780411088.230,$GPGSV,3,3,10,29,06,083,,40,37,260,,0*66
1780411088.231,$GLGSV,2,1,06,66,26,112,45,67,51,041,48,68,22,345,43,77,22,022,30,1*7E
1780411088.231,$GLGSV,2,2,06,78,76,324,50,79,38,220,21,1*76
1780411088.232,$GLGSV,2,1,05,66,26,112,44,67,51,041,49,68,22,345,30,78,76,324,47,3*70
1780411088.232,$GLGSV,2,2,05,79,38,220,21,3*49
1780411088.233,$GLGSV,1,1,01,82,03,226,,0*47
1780411088.233,$GAGSV,2,1,07,05,40,357,47,06,17,085,36,09,32,063,42,16,61,077,53,2*74
1780411088.234,$GAGSV,2,2,07,25,53,182,23,31,13,041,33,34,27,267,22,2*4E
1780411088.235,$GAGSV,2,1,05,05,40,357,41,06,17,085,35,09,32,063,37,16,61,077,46,7*70
1780411088.235,$GAGSV,2,2,05,31,13,041,25,7*44
1780411088.235,$GAGSV,2,1,06,02,05,207,,03,11,310,,04,00,101,,11,05,166,,0*72
1780411088.236,$GAGSV,2,2,06,11,05,166,,15,01,310,,0*71
1780411088.236,$GBGSV,2,1,08,06,61,151,26,07,46,007,40,09,89,188,47,10,54,353,45,1*75
1780411088.237,$GBGSV,2,2,08,23,51,246,25,24,13,036,33,25,65,357,49,33,62,086,48,1*73
1780411088.238,$GBGSV,1,1,03,09,89,188,48,10,54,353,46,33,62,086,08,3*47
1780411088.238,$GBGSV,2,1,07,01,42,107,,02,63,241,,03,71,141,,04,22,098,,0*76
1780411088.239,$GBGSV,2,2,07,04,22,098,,08,20,152,,13,09,190,,0*4A
1780411088.239,$GNGLL,1339.00567,N,10029.53098,E,143808.00,A,D*75
1780411089.225,$GNRMC,143809.00,A,1339.00558,N,10029.53115,E,0.641,123.27,020626,0.53,W,R,V*5E
1780411089.227,$GNVTG,123.27,T,123.80,M,0.641,N,1.187,K,D*39
1780411089.229,$GNGGA,143809.00,1339.00558,N,10029.53115,E,4,12,1.08,0.1,M,-27.8,M,1.0,0499*49
1780411089.229,$GNGSA,A,3,10,26,28,31,32,,,,,,,,1.82,1.08,1.46,1*0C
1780411089.230,$GNGSA,A,3,78,66,77,79,67,68,,,,,,,1.82,1.08,1.46,2*0D
1780411089.230,$GNGSA,A,3,05,06,09,16,25,31,34,,,,,,1.82,1.08,1.46,3*0D
1780411089.231,$GNGSA,A,3,06,07,09,10,23,24,25,33,,,,,1.82,1.08,1.46,4*0C
1780411089.231,$GPGSV,2,1,05,26,76,198,34,28,38,010,38,31,48,330,47,32,43,056,46,1*61
1780411089.232,$GPGSV,2,2,05,50,56,115,42,1*54
1780411089.232,$GPGSV,2,1,06,03,13,324,19,10,40,156,20,26,76,198,28,28,38,010,34,6*67
1780411089.233,$GPGSV,2,2,06,31,48,330,42,32,43,056,44,6*68
1780411089.233,$GPGSV,3,1,10,01,12,280,,02,14,253,,16,41,198,,23,05,150,,0*6F
1780411089.234,$GPGSV,3,2,10,23,05,150,,25,09,038,,27,07,192,,29,06,083,,0*6E
1780411089.234,$GPGSV,3,3,10,29,06,083,,40,37,260,,0*66
1780411089.235,$GLGSV,2,1,06,66,26,112,45,67,51,041,44,68,22,345,43,77,22,022,34,1*76
1780411089.236,$GLGSV,2,2,06,78,75,327,49,79,38,220,18,1*74
1780411089.236,$GLGSV,2,1,05,66,26,112,45,67,51,041,47,68,22,345,40,78,75,327,49,3*76
1780411089.237,$GLGSV,2,2,05,79,38,220,20,3*48
1780411089.237,$GLGSV,1,1,01,82,03,226,,0*47
1780411089.238,$GAGSV,2,1,07,05,40,357,47,06,17,085,39,09,32,063,46,16,61,077,53,2*7F
1780411089.238,$GAGSV,2,2,07,25,53,182,21,31,13,041,32,34,27,267,20,2*4F
1780411089.239,$GAGSV,2,1,05,05,40,357,41,06,17,085,31,09,32,063,40,16,61,077,47,7*75
1780411089.239,$GAGSV,2,2,05,31,13,041,25,7*44
1780411089.240,$GAGSV,2,1,06,02,05,207,,03,11,310,,04,00,101,,11,05,166,,0*72
1780411089.240,$GAGSV,2,2,06,11,05,166,,15,01,310,,0*71
1780411089.241,$GBGSV,2,1,08,06,61,151,26,07,46,007,44,09,89,188,46,10,54,353,44,1*71
1780411089.241,$GBGSV,2,2,08,23,51,246,24,24,13,036,32,25,65,357,47,33,62,086,50,1*74
1780411089.242,$GBGSV,1,1,03,09,89,188,49,10,54,353,48,33,62,086,08,3*48
1780411089.242,$GBGSV,2,1,07,01,42,107,,02,63,241,,03,71,141,,04,22,098,,0*76
1780411089.243,$GBGSV,2,2,07,04,22,098,,08,20,152,,13,09,190,,0*4A
1780411089.243,$GNGLL,1339.00558,N,10029.53115,E,143809.00,A,D*7C
1780411090.227,$GNRMC,143810.00,A,1339.00549,N,10029.53133,E,0.666,115.50,020626,0.53,W,R,V*52
1780411090.229,$GNVTG,115.50,T,116.03,M,0.666,N,1.233,K,D*38
1780411090.230,$GNGGA,143810.00,1339.00549,N,10029.53133,E,4,12,1.31,0.1,M,-27.8,M,1.0,0499*4F
1780411090.230,$GNGSA,A,3,10,26,28,31,32,,,,,,,,2.05,1.31,1.58,1*05
1780411090.231,$GNGSA,A,3,78,66,77,79,67,68,,,,,,,2.05,1.31,1.58,2*04
1780411090.231,$GNGSA,A,3,05,06,09,16,31,34,,,,,,,2.05,1.31,1.58,3*03
1780411090.232,$GNGSA,A,3,06,07,09,10,23,24,25,33,,,,,2.05,1.31,1.58,4*05
1780411090.232,$GPGSV,2,1,06,10,40,156,23,26,76,198,28,28,38,010,35,31,48,330,47,1*63
1780411090.233,$GPGSV,2,2,06,32,43,056,46,50,56,115,42,1*60
1780411090.233,$GPGSV,2,1,06,03,13,324,18,10,40,156,21,26,76,198,27,28,38,010,36,6*6A
1780411090.234,$GPGSV,2,2,06,31,48,330,44,32,43,056,45,6*6F
1780411090.234,$GPGSV,3,1,10,01,12,280,,02,14,253,,16,41,198,,23,05,150,,0*6F
1780411090.235,$GPGSV,3,2,10,23,05,150,,25,09,038,,27,07,192,,29,06,083,,0*6E
1780411090.235,$GPGSV,3,3,10,29,06,083,,40,37,260,,0*66
1780411090.236,$GLGSV,2,1,06,66,26,112,47,67,51,041,48,68,22,345,40,77,22,022,34,1*7B
1780411090.236,$GLGSV,2,2,06,78,75,327,47,79,39,221,20,1*71
1780411090.237,$GLGSV,2,1,05,66,26,112,45,67,51,041,48,68,22,345,38,78,75,327,52,3*7C
1780411090.237,$GLGSV,2,2,05,79,39,221,18,3*43
1780411090.237,$GLGSV,1,1,01,82,03,226,,0*47
1780411090.238,$GAGSV,2,1,07,05,40,357,47,06,17,085,39,09,32,063,42,16,61,077,53,2*7B
1780411090.239,$GAGSV,2,2,07,25,53,182,18,31,13,041,31,34,27,267,20,2*46
1780411090.239,$GAGSV,2,1,05,05,40,357,42,06,17,085,32,09,32,063,41,16,61,077,45,7*76
1780411090.240,$GAGSV,2,2,05,31,13,041,25,7*44
1780411090.240,$GAGSV,2,1,06,02,05,207,,03,11,310,,04,00,101,,11,05,166,,0*72
1780411090.240,$GAGSV,2,2,06,11,05,166,,15,01,310,,0*71
1780411090.241,$GBGSV,2,1,08,06,61,151,32,07,46,007,43,09,89,188,47,10,54,353,42,1*74
1780411090.242,$GBGSV,2,2,08,23,51,246,22,24,13,036,28,25,65,357,50,33,62,086,50,1*7F
1780411090.243,$GBGSV,1,1,02,09,89,188,51,10,54,353,47,3*7D
1780411090.243,$GBGSV,2,1,07,01,42,107,,02,63,241,,03,71,141,,04,22,098,,0*76
1780411090.244,$GBGSV,2,2,07,04,22,098,,08,20,152,,13,09,190,,0*4A
1780411090.244,$GNGLL,1339.00549,N,10029.53133,E,143810.00,A,D*70
1780411091.227,$GNRMC,143811.00,A,1339.00540,N,10029.53150,E,0.758,116.27,020626,0.53,W,F,V*44
1780411091.230,$GNVTG,116.27,T,116.79,M,0.758,N,1.405,K,D*39
1780411091.231,$GNGGA,143811.00,1339.00540,N,10029.53150,E,5,12,1.00,0.1,M,-27.8,M,1.0,0499*41
1780411091.231,$GNGSA,A,3,10,26,28,31,32,,,,,,,,1.70,1.00,1.37,1*0F
1780411091.232,$GNGSA,A,3,78,66,77,79,67,68,,,,,,,1.70,1.00,1.37,2*0E
1780411091.232,$GNGSA,A,3,05,06,09,16,25,31,34,,,,,,1.70,1.00,1.37,3*0E
1780411091.233,$GNGSA,A,3,06,07,09,10,23,24,25,33,,,,,1.70,1.00,1.37,4*0F
1780411091.233,$GPGSV,2,1,06,10,40,156,30,26,76,198,29,28,38,010,36,31,48,330,48,1*6C
1780411091.234,$GPGSV,2,2,06,32,43,056,41,50,56,115,42,1*67
1780411091.235,$GPGSV,2,1,06,03,13,324,17,10,40,156,22,26,76,198,27,28,38,010,38,6*68
1780411091.235,$GPGSV,2,2,06,31,48,330,44,32,43,056,42,6*68
1780411091.236,$GPGSV,3,1,10,01,12,280,,02,14,253,,16,41,198,,23,05,150,,0*6F
1780411091.236,$GPGSV,3,2,10,23,05,150,,25,09,038,,27,07,192,,29,06,083,,0*6E
1780411091.237,$GPGSV,3,3,10,29,06,083,,40,37,260,,0*66
1780411091.237,$GLGSV,2,1,06,66,26,112,45,67,51,041,48,68,22,345,45,77,22,022,39,1*71
1780411091.238,$GLGSV,2,2,06,78,75,327,51,79,39,221,20,1*76
1780411091.239,$GLGSV,2,1,05,66,26,112,46,67,51,041,49,68,22,345,37,78,75,327,44,3*76
1780411091.239,$GLGSV,2,2,05,79,39,221,17,3*4C
1780411091.239,$GLGSV,1,1,01,82,03,226,,0*47
1780411091.240,$GAGSV,2,1,07,05,40,357,45,06,17,085,37,09,32,063,43,16,61,077,50,2*75
1780411091.240,$GAGSV,2,2,07,25,53,182,21,31,13,041,29,34,27,267,20,2*45
1780411091.241,$GAGSV,2,1,05,05,40,357,42,06,17,085,33,09,32,063,39,16,61,077,47,7*7A
1780411091.241,$GAGSV,2,2,05,31,13,041,25,7*44
1780411091.242,$GAGSV,2,1,06,02,05,207,,03,11,310,,04,00,101,,11,05,166,,0*72
1780411091.243,$GAGSV,2,2,06,11,05,166,,15,01,310,,0*71
1780411091.243,$GBGSV,2,1,08,06,61,151,32,07,46,007,42,09,89,188,45,10,54,353,45,1*70
1780411091.244,$GBGSV,2,2,08,23,51,246,22,24,13,036,38,25,65,357,51,33,62,086,48,1*76
1780411091.244,$GBGSV,1,1,02,09,89,188,49,10,54,353,47,3*74
1780411091.245,$GBGSV,2,1,07,01,42,107,,02,63,241,,03,71,141,,04,22,098,,0*76
1780411091.245,$GBGSV,2,2,07,04,22,098,,08,20,152,,13,09,190,,0*4A
1780411091.246,$GNGLL,1339.00540,N,10029.53150,E,143811.00,A,D*7D
1780411092.229,$GNRMC,143812.00,A,1339.00531,N,10029.53172,E,0.801,118.87,020626,0.53,W,F,V*46
1780411092.231,$GNVTG,118.87,T,119.40,M,0.801,N,1.483,K,D*35
1780411092.232,$GNGGA,143812.00,1339.00531,N,10029.53172,E,5,12,1.00,0.2,M,-27.8,M,1.0,0499*47
1780411092.232,$GNGSA,A,3,10,26,28,31,32,,,,,,,,1.70,1.00,1.37,1*0F
1780411092.233,$GNGSA,A,3,78,66,77,79,67,68,,,,,,,1.70,1.00,1.37,2*0E
1780411092.233,$GNGSA,A,3,05,06,09,16,25,31,34,,,,,,1.70,1.00,1.37,3*0E
1780411092.234,$GNGSA,A,3,06,07,09,10,23,24,25,33,,,,,1.70,1.00,1.37,4*0F
1780411092.235,$GPGSV,2,1,06,10,40,156,25,26,76,198,29,28,38,010,30,31,48,330,47,1*61
1780411092.235,$GPGSV,2,2,06,32,43,056,45,50,56,115,44,1*65
1780411092.236,$GPGSV,2,1,06,03,13,324,19,10,40,156,22,26,76,198,27,28,38,010,36,6*68
1780411092.236,$GPGSV,2,2,06,31,48,330,45,32,43,056,45,6*6E
1780411092.237,$GPGSV,3,1,10,01,12,280,,02,14,253,,16,41,198,,23,05,150,,0*6F
1780411092.238,$GPGSV,3,2,10,23,05,150,,25,09,038,,27,07,192,,29,06,083,,0*6E
1780411092.238,$GPGSV,3,3,10,29,06,083,,40,37,260,,0*66
1780411092.239,$GLGSV,2,1,06,66,26,112,46,67,51,041,48,68,22,345,41,77,22,022,38,1*77
1780411092.239,$GLGSV,2,2,06,78,75,327,47,79,39,221,20,1*71
1780411092.240,$GLGSV,2,1,05,66,26,112,45,67,51,041,48,68,22,345,35,78,75,327,50,3*73
1780411092.240,$GLGSV,2,2,05,79,39,221,18,3*43
1780411092.241,$GLGSV,1,1,01,82,03,226,,0*47
1780411092.241,$GAGSV,2,1,07,05,40,357,47,06,17,085,39,09,32,063,43,16,61,077,52,2*7B
1780411092.242,$GAGSV,2,2,07,25,53,182,20,31,13,041,29,34,27,267,24,2*40
1780411092.243,$GAGSV,2,1,06,05,40,357,40,06,17,085,33,09,32,063,37,16,61,077,44,7*76
1780411092.243,$GAGSV,2,2,06,31,13,041,25,36,28,209,06,7*75
1780411092.244,$GAGSV,2,1,05,02,05,207,,03,11,310,,04,00,101,,11,05,166,,0*71
1780411092.244,$GAGSV,2,2,05,11,05,166,,0*45
1780411092.245,$GBGSV,2,1,08,06,61,151,35,07,46,007,39,09,89,188,47,10,54,353,42,1*7E
1780411092.245,$GBGSV,2,2,08,23,51,246,23,24,13,036,36,25,65,357,50,33,62,086,47,1*77
1780411092.246,$GBGSV,1,1,02,09,89,188,51,10,54,353,47,3*7D
1780411092.246,$GBGSV,2,1,07,01,42,107,,02,63,241,,03,71,141,,04,22,098,,0*76
1780411092.247,$GBGSV,2,2,07,04,22,098,,08,20,152,,13,09,190,,0*4A
1780411092.247,$GNGLL,1339.00531,N,10029.53172,E,143812.00,A,D*78
1780411093.227,$GNRMC,143813.00,A,1339.00516,N,10029.53190,E,0.768,119.86,020626,0.53,W,F,V*4E
1780411093.229,$GNVTG,119.86,T,120.39,M,0.768,N,1.423,K,D*3B
1780411093.230,$GNGGA,143813.00,1339.00516,N,10029.53190,E,5,12,1.00,0.1,M,-27.8,M,1.0,0499*4C
1780411093.231,$GNGSA,A,3,10,26,28,31,32,,,,,,,,1.70,1.00,1.37,1*0F
1780411093.231,$GNGSA,A,3,78,66,77,79,67,68,,,,,,,1.70,1.00,1.37,2*0E
1780411093.232,$GNGSA,A,3,05,06,09,16,25,31,34,,,,,,1.70,1.00,1.37,3*0E
1780411093.232,$GNGSA,A,3,06,07,09,10,23,24,25,33,,,,,1.70,1.00,1.37,4*0F
1780411093.233,$GPGSV,2,1,06,03,13,324,26,26,76,198,27,28,38,010,40,31,48,330,45,1*6A
1780411093.233,$GPGSV,2,2,06,32,43,056,45,50,56,115,45,1*64
1780411093.234,$GPGSV,2,1,06,03,13,324,19,10,40,156,24,26,76,198,25,28,38,010,41,6*6C
1780411093.234,$GPGSV,2,2,06,31,48,330,43,32,43,056,43,6*6E
1780411093.235,$GPGSV,3,1,10,01,12,280,,02,14,253,,16,41,198,,23,05,150,,0*6F
1780411093.235,$GPGSV,3,2,10,23,05,150,,25,09,038,,27,07,192,,29,06,083,,0*6E
1780411093.236,$GPGSV,3,3,10,29,06,083,,40,37,260,,0*66
1780411093.237,$GLGSV,2,1,06,66,26,112,45,67,51,041,44,68,22,345,38,77,22,022,38,1*76
1780411093.237,$GLGSV,2,2,06,78,75,327,48,79,39,221,21,1*7F
1780411093.238,$GLGSV,2,1,05,66,26,112,45,67,51,041,48,68,22,345,42,78,75,327,46,3*74
1780411093.238,$GLGSV,2,2,05,79,39,221,17,3*4C
1780411093.238,$GLGSV,1,1,01,82,02,225,,0*45
1780411093.239,$GAGSV,2,1,07,05,40,357,47,06,17,085,37,09,32,063,43,16,61,077,53,2*74
1780411093.240,$GAGSV,2,2,07,25,53,182,23,31,13,041,28,34,27,267,23,2*45
1780411093.240,$GAGSV,2,1,06,05,40,357,40,06,17,085,28,09,32,063,38,16,61,077,45,7*72
1780411093.241,$GAGSV,2,2,06,31,13,041,24,36,28,209,07,7*75
1780411093.241,$GAGSV,2,1,05,02,05,207,,03,11,310,,04,00,101,,11,05,166,,0*71
1780411093.242,$GAGSV,2,2,05,11,05,166,,0*45
1780411093.242,$GBGSV,2,1,08,06,61,151,35,07,46,007,37,09,89,188,48,10,54,353,45,1*78
1780411093.243,$GBGSV,2,2,08,23,51,246,22,24,13,036,33,25,65,357,49,33,62,086,51,1*7C
1780411093.243,$GBGSV,1,1,02,09,89,188,51,10,54,353,47,3*7D
1780411093.244,$GBGSV,2,1,07,01,42,107,,02,63,241,,03,71,141,,04,22,098,,0*76
1780411093.244,$GBGSV,2,2,07,04,22,098,,08,20,152,,13,09,190,,0*4A
1780411093.245,$GNGLL,1339.00516,N,10029.53190,E,143813.00,A,D*70
1780411094.221,$GNRMC,143814.00,A,1339.00505,N,10029.53207,E,0.751,119.00,020626,0.53,W,F,V*42
1780411094.223,$GNVTG,119.00,T,119.53,M,0.751,N,1.391,K,D*37
1780411094.224,$GNGGA,143814.00,1339.00505,N,10029.53207,E,5,12,1.00,0.1,M,-27.8,M,1.0,0499*44
1780411094.225,$GNGSA,A,3,10,26,28,31,32,,,,,,,,1.70,1.00,1.37,1*0F
1780411094.225,$GNGSA,A,3,78,66,77,79,67,68,,,,,,,1.70,1.00,1.37,2*0E
1780411094.226,$GNGSA,A,3,05,06,09,16,25,31,34,,,,,,1.70,1.00,1.37,3*0E
1780411094.226,$GNGSA,A,3,06,07,09,10,23,24,25,33,,,,,1.70,1.00,1.37,4*0F
1780411094.227,$GPGSV,2,1,06,10,40,156,24,26,76,198,33,28,38,010,40,31,48,330,46,1*6D
1780411094.227,$GPGSV,2,2,06,32,43,056,47,50,56,115,43,1*60
1780411094.228,$GPGSV,2,1,06,03,13,324,22,10,40,156,22,26,76,198,25,28,38,010,39,6*6D
1780411094.228,$GPGSV,2,2,06,31,48,330,44,32,43,056,44,6*6E
1780411094.229,$GPGSV,3,1,10,01,12,280,,02,14,253,,16,41,198,,23,05,150,,0*6F
1780411094.230,$GPGSV,3,2,10,23,05,150,,25,09,038,,27,07,192,,29,06,083,,0*6E
1780411094.230,$GPGSV,3,3,10,29,06,083,,40,37,260,,0*66
1780411094.231,$GLGSV,2,1,06,66,26,112,45,67,51,041,46,68,22,345,46,77,22,022,38,1*7D
1780411094.231,$GLGSV,2,2,06,78,75,327,51,79,39,221,22,1*74
1780411094.232,$GLGSV,2,1,05,66,26,112,46,67,51,041,47,68,22,345,43,78,75,327,51,3*7F
1780411094.232,$GLGSV,2,2,05,79,39,221,15,3*4E
1780411094.232,$GLGSV,1,1,01,82,02,225,,0*45
1780411094.233,$GAGSV,2,1,07,05,40,357,43,06,17,085,37,09,32,063,45,16,61,077,50,2*75
1780411094.233,$GAGSV,2,2,07,25,53,182,26,31,13,041,30,34,27,267,21,2*4B
1780411094.234,$GAGSV,2,1,05,05,40,357,41,09,32,063,36,16,61,077,46,31,13,041,22,7*7F
1780411094.234,$GAGSV,2,2,05,36,28,209,09,7*4B
1780411094.235,$GAGSV,2,1,05,02,05,207,,03,11,310,,04,00,101,,11,05,166,,0*71
1780411094.235,$GAGSV,2,2,05,11,05,166,,0*45
1780411094.236,$GBGSV,2,1,08,06,61,151,38,07,46,007,42,09,89,188,48,10,54,353,43,1*71
1780411094.237,$GBGSV,2,2,08,23,51,246,21,24,13,036,33,25,65,357,51,33,62,086,49,1*7F
1780411094.237,$GBGSV,1,1,02,09,89,188,51,10,54,353,46,3*7C
1780411094.238,$GBGSV,2,1,07,01,42,107,,02,63,241,,03,71,141,,04,22,098,,0*76
1780411094.238,$GBGSV,2,2,07,04,22,098,,08,20,152,,13,09,190,,0*4A
1780411094.239,$GNGLL,1339.00505,N,10029.53207,E,143814.00,A,D*78
1780411095.228,$GNRMC,143815.00,A,1339.00495,N,10029.53228,E,0.827,119.56,020626,0.53,W,F,V*4B
1780411095.230,$GNVTG,119.56,T,120.09,M,0.827,N,1.532,K,D*30
1780411095.232,$GNGGA,143815.00,1339.00495,N,10029.53228,E,5,12,1.00,0.1,M,-27.8,M,1.0,0499*40
1780411095.232,$GNGSA,A,3,10,26,28,31,32,,,,,,,,1.70,1.00,1.37,1*0F
1780411095.233,$GNGSA,A,3,78,66,77,79,67,68,,,,,,,1.70,1.00,1.37,2*0E
1780411095.233,$GNGSA,A,3,05,06,09,16,25,31,34,,,,,,1.70,1.00,1.37,3*0E
1780411095.234,$GNGSA,A,3,06,07,09,10,23,24,25,33,,,,,1.70,1.00,1.37,4*0F
1780411095.234,$GPGSV,2,1,06,10,40,156,24,26,76,198,27,28,38,010,35,31,48,330,47,1*6B
1780411095.235,$GPGSV,2,2,06,32,43,056,45,50,56,115,41,1*60
1780411095.236,$GPGSV,2,1,06,03,13,324,23,10,40,156,23,26,76,198,24,28,38,010,42,6*60
1780411095.236,$GPGSV,2,2,06,31,48,330,45,32,43,056,42,6*69
1780411095.237,$GPGSV,3,1,10,01,12,280,,02,14,253,,16,41,198,,23,05,150,,0*6F
1780411095.237,$GPGSV,3,2,10,23,05,150,,25,09,038,,27,07,192,,29,06,083,,0*6E
1780411095.238,$GPGSV,3,3,10,29,06,083,,40,37,260,,0*66
1780411095.238,$GLGSV,2,1,06,66,26,112,44,67,51,041,48,68,22,345,41,77,22,022,37,1*7A
1780411095.239,$GLGSV,2,2,06,78,75,327,46,79,39,221,21,1*71
1780411095.240,$GLGSV,2,1,05,66,26,112,45,67,51,041,48,68,22,345,41,78,75,327,48,3*79
1780411095.240,$GLGSV,2,2,05,79,39,221,14,3*4F
1780411095.240,$GLGSV,1,1,01,82,02,225,,0*45
1780411095.241,$GAGSV,2,1,07,05,40,357,47,06,17,085,36,09,32,063,48,16,61,077,49,2*75
1780411095.241,$GAGSV,2,2,07,25,53,182,24,31,13,041,30,34,27,267,21,2*49
1780411095.242,$GAGSV,2,1,06,05,40,357,32,06,17,085,31,09,32,063,39,16,61,077,47,7*7C
1780411095.243,$GAGSV,2,2,06,31,13,041,20,36,28,209,11,7*76
1780411095.243,$GAGSV,2,1,05,02,05,207,,03,11,310,,04,00,101,,11,05,166,,0*71
1780411095.244,$GAGSV,2,2,05,11,05,166,,0*45
1780411095.244,$GBGSV,2,1,08,06,61,151,41,07,46,007,45,09,89,188,47,10,54,353,45,1*71
1780411095.245,$GBGSV,2,2,08,23,51,246,20,24,13,036,36,25,65,357,49,33,62,086,47,1*7C
1780411095.245,$GBGSV,1,1,02,09,89,188,49,10,54,353,49,3*7A
1780411095.246,$GBGSV,2,1,07,01,42,107,,02,63,241,,03,71,141,,04,22,098,,0*76
1780411095.246,$GBGSV,2,2,07,04,22,098,,08,20,152,,13,09,190,,0*4A
1780411095.247,$GNGLL,1339.00495,N,10029.53228,E,143815.00,A,D*7C
1780411096.225,$GNRMC,143816.00,A,1339.00483,N,10029.53248,E,0.780,121.46,020626,0.53,W,F,V*41
1780411096.227,$GNVTG,121.46,T,121.99,M,0.780,N,1.445,K,D*31
1780411096.228,$GNGGA,143816.00,1339.00483,N,10029.53248,E,5,12,1.00,0.1,M,-27.8,M,1.0,0499*42
1780411096.229,$GNGSA,A,3,10,26,28,31,32,,,,,,,,1.70,1.00,1.37,1*0F
1780411096.229,$GNGSA,A,3,78,66,77,79,67,68,,,,,,,1.70,1.00,1.37,2*0E
1780411096.230,$GNGSA,A,3,05,06,09,16,25,31,,,,,,,1.70,1.00,1.37,3*09
1780411096.230,$GNGSA,A,3,06,07,09,10,24,25,33,,,,,,1.70,1.00,1.37,4*0E
1780411096.231,$GPGSV,2,1,06,10,40,156,23,26,76,198,22,28,38,010,39,31,48,330,48,1*6A
1780411096.231,$GPGSV,2,2,06,32,43,056,46,50,56,115,42,1*60
1780411096.232,$GPGSV,2,1,06,03,13,324,25,10,40,156,22,26,76,198,20,28,38,010,41,6*60
1780411096.233,$GPGSV,2,2,06,31,48,330,43,32,43,056,42,6*6F
1780411096.233,$GPGSV,3,1,10,01,12,280,,02,14,253,,16,41,198,,23,05,150,,0*6F
1780411096.234,$GPGSV,3,2,10,23,05,150,,25,09,038,,27,07,192,,29,06,083,,0*6E
1780411096.234,$GPGSV,3,3,10,29,06,083,,40,37,260,,0*66
1780411096.235,$GLGSV,2,1,06,66,26,112,45,67,51,041,47,68,22,345,46,77,22,022,35,1*71
1780411096.235,$GLGSV,2,2,06,78,75,327,51,79,39,221,20,1*76
1780411096.236,$GLGSV,2,1,05,66,26,112,45,67,51,041,48,68,22,345,41,78,75,327,48,3*79
1780411096.236,$GLGSV,2,2,05,79,39,221,16,3*4D
1780411096.237,$GLGSV,1,1,01,82,02,225,,0*45
1780411096.237,$GAGSV,2,1,07,05,40,357,42,06,17,085,38,09,32,063,45,16,61,077,52,2*79
1780411096.238,$GAGSV,2,2,07,25,53,182,30,31,13,041,29,34,27,267,19,2*4F
1780411096.239,$GAGSV,2,1,06,05,40,357,36,06,17,085,34,09,32,063,44,16,61,077,43,7*73
1780411096.239,$GAGSV,2,2,06,31,13,041,21,36,28,209,11,7*77
1780411096.240,$GAGSV,2,1,05,02,05,207,,03,11,310,,04,00,101,,11,05,166,,0*71
1780411096.240,$GAGSV,2,2,05,11,05,166,,0*45
1780411096.241,$GBGSV,2,1,08,06,61,151,43,07,46,007,47,09,89,188,49,10,54,353,45,1*7F
1780411096.241,$GBGSV,2,2,08,23,51,246,17,24,13,036,33,25,65,357,45,33,62,086,48,1*7E
1780411096.242,$GBGSV,1,1,02,09,89,188,50,10,54,353,49,3*72
1780411096.242,$GBGSV,2,1,07,01,42,107,,02,63,241,,03,71,141,,04,22,098,,0*76
1780411096.243,$GBGSV,2,2,07,04,22,098,,08,20,152,,13,09,190,,0*4A
1780411096.243,$GNGLL,1339.00483,N,10029.53248,E,143816.00,A,D*7E
1780411097.219,$GNRMC,143817.00,A,1339.00472,N,10029.53269,E,0.748,125.64,020626,0.53,W,F,V*4D
1780411097.220,$GNVTG,125.64,T,126.17,M,0.748,N,1.386,K,D*38
1780411097.221,$GNGGA,143817.00,1339.00472,N,10029.53269,E,5,12,1.01,0.2,M,-27.8,M,1.0,0499*4C
1780411097.222,$GNGSA,A,3,10,28,31,32,,,,,,,,,1.72,1.01,1.39,1*06
1780411097.223,$GNGSA,A,3,78,66,77,79,67,68,,,,,,,1.72,1.01,1.39,2*03
1780411097.223,$GNGSA,A,3,05,06,09,16,25,31,,,,,,,1.72,1.01,1.39,3*04
1780411097.224,$GNGSA,A,3,06,07,09,10,24,25,33,,,,,,1.72,1.01,1.39,4*03
1780411097.224,$GPGSV,2,1,06,10,40,156,23,28,38,010,43,31,48,330,48,32,43,056,47,1*64
1780411097.225,$GPGSV,2,2,06,42,70,217,28,50,56,115,42,1*68
1780411097.225,$GPGSV,2,1,06,03,13,324,23,10,40,156,22,26,76,198,18,28,38,010,43,6*6F
1780411097.226,$GPGSV,2,2,06,31,48,330,43,32,43,056,46,6*6B
1780411097.227,$GPGSV,3,1,09,01,12,280,,02,14,253,,16,41,198,,23,05,150,,0*67
1780411097.227,$GPGSV,3,2,09,23,05,150,,25,09,038,,27,07,192,,29,06,083,,0*66
1780411097.227,$GPGSV,3,3,09,29,06,083,,0*5A
1780411097.228,$GLGSV,2,1,06,66,26,112,45,67,51,041,46,68,22,345,43,77,22,022,38,1*78
1780411097.229,$GLGSV,2,2,06,78,75,327,46,79,39,221,20,1*70
1780411097.229,$GLGSV,2,1,05,66,26,112,47,67,51,041,48,68,22,345,43,78,75,327,50,3*70
1780411097.230,$GLGSV,2,2,05,79,39,221,19,3*42
1780411097.230,$GLGSV,1,1,01,82,02,225,,0*45
1780411097.231,$GAGSV,2,1,07,05,40,357,43,06,17,085,42,09,32,063,42,16,61,077,49,2*78
1780411097.231,$GAGSV,2,2,07,25,53,182,27,31,13,041,28,34,27,267,17,2*46
1780411097.232,$GAGSV,2,1,06,05,40,357,32,06,17,085,30,09,32,063,42,16,61,077,48,7*7E
1780411097.232,$GAGSV,2,2,06,31,13,041,21,36,28,209,11,7*77
1780411097.233,$GAGSV,2,1,05,02,05,207,,03,11,310,,04,00,101,,11,05,166,,0*71
1780411097.233,$GAGSV,2,2,05,11,05,166,,0*45
1780411097.234,$GBGSV,2,1,08,06,61,151,45,07,46,007,43,09,89,188,48,10,54,353,46,1*7F
1780411097.234,$GBGSV,2,2,08,23,51,246,19,24,13,036,28,25,65,357,48,33,62,086,51,1*7F
1780411097.235,$GBGSV,1,1,02,09,89,188,49,10,54,353,45,3*76
1780411097.235,$GBGSV,2,1,07,01,42,107,,02,63,241,,03,71,141,,04,22,098,,0*76
1780411097.236,$GBGSV,2,2,07,04,22,098,,08,20,152,,13,09,190,,0*4A
1780411097.236,$GNGLL,1339.00472,N,10029.53269,E,143817.00,A,D*72
1780411098.224,$GNRMC,143818.00,A,1339.00460,N,10029.53289,E,0.796,119.11,020626,0.53,W,F,V*41
1780411098.227,$GNVTG,119.11,T,119.64,M,0.796,N,1.475,K,D*35
1780411098.228,$GNGGA,143818.00,1339.00460,N,10029.53289,E,5,12,1.00,0.2,M,-27.8,M,1.0,0499*4F
1780411098.228,$GNGSA,A,3,10,26,28,31,32,,,,,,,,1.70,1.00,1.37,1*0F
1780411098.229,$GNGSA,A,3,78,66,77,67,68,,,,,,,,1.70,1.00,1.37,2*00
1780411098.229,$GNGSA,A,3,05,06,09,16,25,31,,,,,,,1.70,1.00,1.37,3*09
1780411098.230,$GNGSA,A,3,06,07,09,10,23,24,25,33,,,,,1.70,1.00,1.37,4*0F
1780411098.230,$GPGSV,2,1,07,10,40,156,25,26,76,198,24,28,38,010,43,31,48,330,46,1*68
1780411098.231,$GPGSV,2,2,07,32,43,056,48,42,70,217,27,50,56,115,44,1*59
1780411098.231,$GPGSV,2,1,06,03,13,324,22,10,40,156,22,26,76,198,21,28,38,010,43,6*64
1780411098.232,$GPGSV,2,2,06,31,48,330,45,32,43,056,45,6*6E
1780411098.233,$GPGSV,3,1,09,01,12,280,,02,14,253,,16,41,198,,23,05,150,,0*67
1780411098.233,$GPGSV,3,2,09,23,05,150,,25,09,038,,27,07,192,,29,06,083,,0*66
1780411098.233,$GPGSV,3,3,09,29,06,083,,0*5A
1780411098.234,$GLGSV,2,1,06,66,26,112,46,67,51,041,46,68,22,345,40,77,22,022,39,1*79
1780411098.235,$GLGSV,2,2,06,78,75,327,50,79,39,221,19,1*7D
1780411098.235,$GLGSV,2,1,05,66,26,112,47,67,51,041,47,68,22,345,41,78,75,327,47,3*7B
1780411098.236,$GLGSV,2,2,05,79,39,221,19,3*42
1780411098.236,$GLGSV,1,1,01,82,02,225,,0*45
1780411098.236,$GAGSV,2,1,07,05,40,357,46,06,17,085,36,09,32,063,44,16,61,077,50,2*70
1780411098.237,$GAGSV,2,2,07,25,53,182,27,31,13,041,28,34,27,267,19,2*48
1780411098.238,$GAGSV,2,1,06,05,40,357,39,06,17,085,32,09,32,063,40,16,61,077,46,7*7B
1780411098.238,$GAGSV,2,2,06,31,13,041,22,36,28,209,09,7*7D
1780411098.239,$GAGSV,2,1,05,02,05,207,,03,11,310,,04,00,101,,11,05,166,,0*71
1780411098.239,$GAGSV,2,2,05,11,05,166,,0*45
1780411098.240,$GBGSV,2,1,08,06,61,151,46,07,46,007,47,09,89,188,47,10,54,353,44,1*75
1780411098.240,$GBGSV,2,2,08,23,51,246,20,24,13,036,23,25,65,357,48,33,62,086,47,1*79
1780411098.241,$GBGSV,1,1,02,09,89,188,50,10,54,353,47,3*7C
1780411098.241,$GBGSV,2,1,07,01,42,107,,02,63,241,,03,71,141,,04,22,098,,0*76
1780411098.242,$GBGSV,2,2,07,04,22,098,,08,20,152,,13,09,190,,0*4A
1780411098.242,$GNGLL,1339.00460,N,10029.53289,E,143818.00,A,D*70
1780411099.231,$GNRMC,143819.00,A,1339.00448,N,10029.53309,E,0.808,122.34,020626,0.53,W,F,V*44
1780411099.234,$GNVTG,122.34,T,122.87,M,0.808,N,1.496,K,D*3A
1780411099.235,$GNGGA,143819.00,1339.00448,N,10029.53309,E,5,12,1.00,0.1,M,-27.8,M,1.0,0499*4E
1780411099.236,$GNGSA,A,3,10,26,28,31,32,,,,,,,,1.70,1.00,1.37,1*0F
1780411099.237,$GNGSA,A,3,78,66,77,79,67,68,,,,,,,1.70,1.00,1.37,2*0E
1780411099.237,$GNGSA,A,3,05,06,09,16,25,31,34,,,,,,1.70,1.00,1.37,3*0E
1780411099.238,$GNGSA,A,3,06,07,09,10,23,24,25,33,,,,,1.70,1.00,1.37,4*0F
1780411099.239,$GPGSV,2,1,06,10,40,156,31,26,76,198,25,28,38,010,44,31,48,330,44,1*68
1780411099.239,$GPGSV,2,2,06,32,43,056,45,50,56,115,42,1*63
1780411099.240,$GPGSV,2,1,06,03,13,324,20,10,40,156,25,26,76,198,29,28,38,010,42,6*68
1780411099.241,$GPGSV,2,2,06,31,48,330,44,32,43,056,43,6*69
1780411099.241,$GPGSV,3,1,10,01,12,280,,02,14,253,,16,41,198,,23,05,150,,0*6F
1780411099.242,$GPGSV,3,2,10,23,05,150,,25,09,038,,27,07,192,,29,06,083,,0*6E
1780411099.242,$GPGSV,3,3,10,29,06,083,,40,37,260,,0*66
1780411099.243,$GLGSV,2,1,06,66,26,112,46,67,51,041,47,68,22,345,43,77,22,022,37,1*75
1780411099.243,$GLGSV,2,2,06,78,75,327,48,79,39,221,19,1*74
1780411099.244,$GLGSV,2,1,05,66,26,112,45,67,51,041,48,68,22,345,39,78,75,327,51,3*7E
1780411099.244,$GLGSV,2,2,05,79,39,221,20,3*48
1780411099.244,$GLGSV,1,1,01,82,02,225,,0*45
1780411099.245,$GAGSV,2,1,07,05,40,357,47,06,17,085,37,09,32,063,47,16,61,077,53,2*70
1780411099.246,$GAGSV,2,2,07,25,53,182,27,31,13,041,27,34,27,267,20,2*4D
1780411099.246,$GAGSV,2,1,06,05,40,357,41,06,17,085,27,09,32,063,41,16,61,077,46,7*71
1780411099.247,$GAGSV,2,2,06,31,13,041,22,36,28,209,10,7*75
1780411099.247,$GAGSV,2,1,05,02,05,207,,03,11,310,,04,00,101,,11,05,166,,0*71
1780411099.248,$GAGSV,2,2,05,11,05,166,,0*45
1780411099.248,$GBGSV,2,1,08,06,61,151,48,07,46,007,45,09,89,188,47,10,54,353,45,1*78
1780411099.249,$GBGSV,2,2,08,23,51,246,21,24,13,036,30,25,65,357,49,33,62,086,48,1*74
1780411099.249,$GBGSV,1,1,02,09,89,188,50,10,54,353,48,3*73
1780411099.250,$GBGSV,2,1,07,01,42,107,,02,63,241,,03,71,141,,04,22,098,,0*76
1780411099.250,$GBGSV,2,2,07,04,22,098,,08,20,152,,13,09,190,,0*4A
1780411099.251,$GNGLL,1339.00448,N,10029.53309,E,143819.00,A,D*72
1780411100.229,$GNRMC,143820.00,A,1339.00435,N,10029.53327,E,0.696,123.12,020626,0.53,W,F,V*44
1780411100.231,$GNVTG,123.12,T,123.65,M,0.696,N,1.289,K,D*33
1780411100.232,$GNGGA,143820.00,1339.00435,N,10029.53327,E,5,12,1.00,0.1,M,-27.8,M,1.0,0499*42
1780411100.232,$GNGSA,A,3,16,10,26,28,31,32,,,,,,,1.70,1.00,1.37,1*08
1780411100.233,$GNGSA,A,3,78,66,77,79,67,68,,,,,,,1.70,1.00,1.37,2*0E
1780411100.233,$GNGSA,A,3,05,06,09,16,25,31,34,,,,,,1.70,1.00,1.37,3*0E
1780411100.234,$GNGSA,A,3,06,07,09,10,23,24,25,33,,,,,1.70,1.00,1.37,4*0F
1780411100.234,$GPGSV,2,1,07,10,40,156,34,16,41,198,30,26,76,198,22,28,38,010,43,1*63
1780411100.235,$GPGSV,2,2,07,31,48,330,46,32,43,056,47,50,56,115,40,1*5E
1780411100.236,$GPGSV,2,1,06,03,13,324,20,10,40,156,25,26,76,198,21,28,38,010,43,6*61
1780411100.236,$GPGSV,2,2,06,31,48,330,41,32,43,056,39,6*61
1780411100.237,$GPGSV,3,1,09,01,12,280,,02,14,253,,23,05,150,,25,09,038,,0*60
1780411100.238,$GPGSV,3,2,09,25,09,038,,27,07,192,,29,06,083,,40,37,260,,0*62
1780411100.238,$GPGSV,3,3,09,40,37,260,,0*58
1780411100.239,$GLGSV,2,1,06,66,26,112,45,67,51,041,47,68,22,345,43,77,22,022,37,1*76
1780411100.239,$GLGSV,2,2,06,78,75,327,50,79,39,221,21,1*76
1780411100.240,$GLGSV,2,1,05,66,26,112,45,67,51,041,47,68,22,345,41,78,75,327,45,3*7B
1780411100.240,$GLGSV,2,2,05,79,39,221,19,3*42
1780411100.241,$GLGSV,1,1,01,82,02,225,,0*45
1780411100.241,$GAGSV,2,1,07,05,40,357,48,06,17,085,26,09,32,063,44,16,61,077,50,2*7F
1780411100.242,$GAGSV,2,2,07,25,53,182,25,31,13,041,27,34,27,267,21,2*4E
1780411100.242,$GAGSV,2,1,07,05,40,357,42,06,17,085,35,09,32,063,41,16,61,077,45,7*73
1780411100.243,$GAGSV,2,2,07,25,53,182,23,31,13,041,23,36,28,209,13,7*4D
1780411100.244,$GAGSV,2,1,05,02,05,207,,03,11,310,,04,00,101,,11,05,166,,0*71
1780411100.244,$GAGSV,2,2,05,11,05,166,,0*45
1780411100.245,$GBGSV,2,1,08,06,61,151,48,07,46,007,45,09,89,188,48,10,54,353,43,1*71
1780411100.245,$GBGSV,2,2,08,23,51,246,20,24,13,036,29,25,65,357,50,33,62,086,53,1*7F
1780411100.246,$GBGSV,1,1,02,09,89,188,50,10,54,353,48,3*73
1780411100.246,$GBGSV,2,1,07,01,42,107,,02,63,241,,03,71,141,,04,22,098,,0*76
1780411100.247,$GBGSV,2,2,07,04,22,098,,08,20,152,,13,09,190,,0*4A
1780411100.247,$GNGLL,1339.00435,N,10029.53327,E,143820.00,A,D*7E
1780411101.227,$GNRMC,143821.00,A,1339.00424,N,10029.53347,E,0.764,123.28,020626,0.53,W,F,V*46
1780411101.229,$GNVTG,123.28,T,123.81,M,0.764,N,1.415,K,D*3F
1780411101.230,$GNGGA,143821.00,1339.00424,N,10029.53347,E,5,12,0.86,0.2,M,-27.8,M,1.0,0499*49
1780411101.231,$GNGSA,A,3,16,10,26,28,31,32,,,,,,,1.53,0.86,1.27,1*07
1780411101.231,$GNGSA,A,3,78,66,77,79,67,68,,,,,,,1.53,0.86,1.27,2*01
1780411101.232,$GNGSA,A,3,05,06,09,16,25,31,34,,,,,,1.53,0.86,1.27,3*01
1780411101.232,$GNGSA,A,3,06,07,09,10,23,24,25,33,,,,,1.53,0.86,1.27,4*00
1780411101.233,$GPGSV,2,1,07,10,40,156,35,16,41,198,30,26,76,198,23,28,38,010,43,1*63
1780411101.234,$GPGSV,2,2,07,31,48,330,47,32,43,056,44,50,56,115,42,1*5E
1780411101.234,$GPGSV,2,1,06,03,13,324,19,10,40,156,31,26,76,198,21,28,38,010,43,6*6E
1780411101.235,$GPGSV,2,2,06,31,48,330,42,32,43,056,42,6*6E
1780411101.235,$GPGSV,3,1,09,01,12,279,,02,14,253,,23,05,150,,25,09,038,,0*66
1780411101.236,$GPGSV,3,2,09,25,09,038,,27,07,192,,29,06,083,,40,37,260,,0*62
1780411101.236,$GPGSV,3,3,09,40,37,260,,0*58
1780411101.237,$GLGSV,2,1,06,66,26,112,46,67,51,041,47,68,22,345,37,77,22,022,37,1*76
1780411101.237,$GLGSV,2,2,06,78,75,327,49,79,39,221,21,1*7E
1780411101.238,$GLGSV,2,1,05,66,26,112,45,67,51,041,48,68,22,345,35,78,75,327,51,3*72
1780411101.238,$GLGSV,2,2,05,79,39,221,20,3*48
1780411101.239,$GLGSV,1,1,01,82,02,225,,0*45
1780411101.239,$GAGSV,2,1,07,05,40,357,47,06,17,085,31,09,32,063,42,16,61,077,49,2*78
1780411101.240,$GAGSV,2,2,07,25,53,182,23,31,13,041,28,34,27,267,29,2*4F
1780411101.241,$GAGSV,2,1,06,05,40,357,38,06,17,085,32,09,32,063,36,16,61,077,48,7*75
1780411101.241,$GAGSV,2,2,06,31,13,041,22,36,28,209,17,7*72
1780411101.242,$GAGSV,2,1,05,02,05,207,,03,11,310,,04,00,101,,11,05,166,,0*71
1780411101.242,$GAGSV,2,2,05,11,05,166,,0*45
1780411101.243,$GBGSV,2,1,08,06,61,151,49,07,46,007,46,09,89,188,48,10,54,353,45,1*75
1780411101.243,$GBGSV,2,2,08,23,51,246,21,24,13,036,33,25,65,357,49,33,62,086,47,1*78
1780411101.244,$GBGSV,1,1,02,09,89,188,50,10,54,353,48,3*73
1780411101.244,$GBGSV,2,1,07,01,42,107,,02,63,241,,03,71,141,,04,22,098,,0*76
1780411101.245,$GBGSV,2,2,07,04,22,098,,08,20,152,,13,09,190,,0*4A
1780411101.245,$GNGLL,1339.00424,N,10029.53347,E,143821.00,A,D*79
1780411102.229,$GNRMC,143822.00,A,1339.00412,N,10029.53366,E,0.785,122.32,020626,0.53,W,F,V*46
1780411102.231,$GNVTG,122.32,T,122.85,M,0.785,N,1.454,K,D*3A
1780411102.233,$GNGGA,143822.00,1339.00412,N,10029.53366,E,5,12,0.86,0.2,M,-27.8,M,1.0,0499*4C
1780411102.233,$GNGSA,A,3,16,10,26,28,31,32,,,,,,,1.53,0.86,1.27,1*07
1780411102.234,$GNGSA,A,3,78,66,77,79,67,68,,,,,,,1.53,0.86,1.27,2*01
1780411102.234,$GNGSA,A,3,05,06,09,16,25,31,34,,,,,,1.53,0.86,1.27,3*01
1780411102.235,$GNGSA,A,3,06,07,09,10,23,24,25,33,,,,,1.53,0.86,1.27,4*00
1780411102.235,$GPGSV,2,1,07,10,40,156,35,16,41,198,31,26,76,198,28,28,38,010,42,1*68
1780411102.236,$GPGSV,2,2,07,31,48,330,48,32,43,056,40,50,56,115,42,1*55
1780411102.237,$GPGSV,2,1,06,03,13,324,19,10,40,156,31,26,76,198,23,28,38,010,42,6*6D
1780411102.237,$GPGSV,2,2,06,31,48,330,39,32,43,056,44,6*64
1780411102.238,$GPGSV,3,1,09,01,12,279,,02,14,252,,23,05,150,,25,09,038,,0*67
1780411102.238,$GPGSV,3,2,09,25,09,038,,27,07,192,,29,06,083,,40,37,260,,0*62
1780411102.239,$GPGSV,3,3,09,40,37,260,,0*58
1780411102.239,$GLGSV,2,1,06,66,26,112,45,67,51,041,47,68,22,345,34,77,22,022,37,1*76
1780411102.240,$GLGSV,2,2,06,78,75,327,48,79,39,221,21,1*7F
1780411102.240,$GLGSV,2,1,05,66,26,112,45,67,51,041,46,68,22,345,42,78,75,327,49,3*75
1780411102.241,$GLGSV,2,2,05,79,39,221,18,3*43
1780411102.241,$GLGSV,1,1,01,82,02,225,,0*45
1780411102.242,$GAGSV,2,1,06,05,40,357,48,06,17,085,37,09,32,063,38,16,61,077,51,2*74
1780411102.242,$GAGSV,2,2,06,25,53,182,26,34,27,267,21,2*7C
1780411102.243,$GAGSV,2,1,06,05,40,357,41,06,17,085,35,09,32,063,38,16,61,077,44,7*7E
1780411102.243,$GAGSV,2,2,06,31,13,041,23,36,28,209,19,7*7D
1780411102.244,$GAGSV,2,1,05,02,05,207,,03,11,310,,04,00,101,,11,05,166,,0*71
1780411102.244,$GAGSV,2,2,05,11,05,166,,0*45
1780411102.245,$GBGSV,2,1,08,06,61,151,48,07,46,007,47,09,89,188,48,10,54,353,45,1*75
1780411102.245,$GBGSV,2,2,08,23,51,246,21,24,13,036,28,25,65,357,48,33,62,086,53,1*76
1780411102.246,$GBGSV,1,1,02,09,89,188,50,10,54,353,47,3*7C
1780411102.247,$GBGSV,2,1,07,01,42,107,,02,63,241,,03,71,141,,04,22,098,,0*76
1780411102.247,$GBGSV,2,2,07,04,22,098,,08,20,152,,13,09,190,,0*4A
1780411102.248,$GNGLL,1339.00412,N,10029.53366,E,143822.00,A,D*7C
1780411103.225,$GNRMC,143823.00,A,1339.00400,N,10029.53383,E,0.770,127.41,020626,0.53,W,F,V*44
1780411103.228,$GNVTG,127.41,T,127.94,M,0.770,N,1.426,K,D*31
1780411103.229,$GNGGA,143823.00,1339.00400,N,10029.53383,E,5,12,0.86,0.1,M,-27.8,M,1.0,0499*46
1780411103.230,$GNGSA,A,3,16,10,26,28,31,32,,,,,,,1.53,0.86,1.27,1*07
1780411103.231,$GNGSA,A,3,78,66,77,67,68,,,,,,,,1.53,0.86,1.27,2*0F
1780411103.232,$GNGSA,A,3,05,06,09,16,25,31,34,,,,,,1.53,0.86,1.27,3*01
1780411103.233,$GNGSA,A,3,06,07,09,10,23,24,25,33,,,,,1.53,0.86,1.27,4*00
1780411103.234,$GPGSV,2,1,07,10,40,156,37,16,41,198,31,26,76,198,27,28,38,010,44,1*63
1780411103.235,$GPGSV,2,2,07,31,48,330,47,32,43,056,44,50,56,115,41,1*5D
1780411103.235,$GPGSV,2,1,06,03,14,324,20,10,40,156,32,26,76,198,23,28,38,010,43,6*62
1780411103.236,$GPGSV,2,2,06,31,48,330,44,32,43,056,41,6*6B
1780411103.237,$GPGSV,3,1,09,01,12,279,,02,14,252,,23,05,150,,25,09,038,,0*67
1780411103.237,$GPGSV,3,2,09,25,09,038,,27,07,192,,29,06,083,,40,37,260,,0*62
1780411103.237,$GPGSV,3,3,09,40,37,260,,0*58
1780411103.238,$GLGSV,2,1,06,66,26,112,47,67,51,041,49,68,22,345,38,77,22,022,37,1*76
1780411103.239,$GLGSV,2,2,06,78,75,327,49,79,39,221,19,1*75
1780411103.239,$GLGSV,2,1,05,66,26,112,46,67,51,041,46,68,22,345,40,78,75,327,48,3*75
1780411103.240,$GLGSV,2,2,05,79,39,221,16,3*4D
1780411103.240,$GLGSV,1,1,01,82,02,225,,0*45
1780411103.240,$GAGSV,2,1,06,05,40,357,46,06,17,085,42,09,32,064,43,16,61,077,52,2*70
1780411103.241,$GAGSV,2,2,06,25,53,182,27,34,27,267,22,2*7E
1780411103.242,$GAGSV,2,1,06,05,40,357,43,06,17,085,35,09,32,064,38,16,61,077,45,7*7A
1780411103.242,$GAGSV,2,2,06,31,13,041,22,36,28,209,17,7*72
1780411103.243,$GAGSV,2,1,05,02,05,207,,03,11,310,,04,00,101,,11,05,166,,0*71
1780411103.243,$GAGSV,2,2,05,11,05,166,,0*45
1780411103.243,$GBGSV,2,1,08,06,61,151,47,07,46,007,44,09,89,188,49,10,54,353,39,1*73
1780411103.244,$GBGSV,2,2,08,23,51,246,21,24,13,036,28,25,65,357,50,33,62,086,50,1*7C
1780411103.244,$GBGSV,1,1,02,09,89,188,50,10,54,353,48,3*73
1780411103.245,$GBGSV,2,1,07,01,42,107,,02,63,241,,03,71,141,,04,22,098,,0*76
1780411103.245,$GBGSV,2,2,07,04,22,098,,08,20,152,,13,09,190,,0*4A
1780411103.246,$GNGLL,1339.00400,N,10029.53383,E,143823.00,A,D*75
1780411104.229,$GNRMC,143824.00,A,1339.00387,N,10029.53401,E,0.772,127.94,020626,0.53,W,F,V*4C
1780411104.232,$GNVTG,127.94,T,128.47,M,0.772,N,1.430,K,D*3D
1780411104.233,$GNGGA,143824.00,1339.00387,N,10029.53401,E,5,12,0.86,0.2,M,-27.8,M,1.0,0499*47
1780411104.233,$GNGSA,A,3,16,10,26,28,31,32,,,,,,,1.53,0.86,1.27,1*07
1780411104.234,$GNGSA,A,3,78,66,77,67,68,,,,,,,,1.53,0.86,1.27,2*0F
1780411104.234,$GNGSA,A,3,05,06,09,16,25,31,34,,,,,,1.53,0.86,1.27,3*01
1780411104.235,$GNGSA,A,3,06,07,09,10,23,24,25,33,,,,,1.53,0.86,1.27,4*00
1780411104.235,$GPGSV,2,1,08,03,14,324,26,10,40,156,34,16,41,198,30,26,76,198,29,1*67
1780411104.236,$GPGSV,2,2,08,28,38,010,41,31,48,330,47,32,43,056,41,50,56,115,44,1*67
1780411104.237,$GPGSV,2,1,06,03,14,324,20,10,40,156,32,26,76,198,22,28,38,010,44,6*64
1780411104.237,$GPGSV,2,2,06,31,48,330,46,32,43,056,41,6*69
1780411104.238,$GPGSV,3,1,09,01,12,279,,02,14,252,,23,05,150,,25,09,038,,0*67
1780411104.239,$GPGSV,3,2,09,25,09,038,,27,07,192,,29,06,083,,40,37,260,,0*62
1780411104.239,$GPGSV,3,3,09,40,37,260,,0*58
1780411104.239,$GLGSV,2,1,06,66,26,112,46,67,51,041,47,68,22,345,41,77,22,022,38,1*78
1780411104.240,$GLGSV,2,2,06,78,75,327,49,79,39,221,18,1*74
1780411104.241,$GLGSV,2,1,05,66,26,112,45,67,51,041,48,68,22,345,35,78,75,327,48,3*7A
1780411104.241,$GLGSV,2,2,05,79,39,221,16,3*4D
1780411104.241,$GLGSV,1,1,01,82,02,225,,0*45
1780411104.242,$GAGSV,2,1,07,05,40,357,47,06,17,085,37,09,32,064,46,16,61,077,51,2*74
1780411104.243,$GAGSV,2,2,07,25,53,182,28,31,13,041,20,34,27,267,23,2*46
1780411104.243,$GAGSV,2,1,06,05,40,357,43,06,17,085,38,09,32,064,41,16,61,077,48,7*74
1780411104.244,$GAGSV,2,2,06,31,13,041,22,36,28,209,14,7*71
1780411104.244,$GAGSV,2,1,05,02,05,207,,03,11,310,,04,00,101,,11,05,166,,0*71
1780411104.244,$GAGSV,2,2,05,11,05,166,,0*45
1780411104.245,$GBGSV,2,1,08,06,61,151,46,07,46,007,44,09,89,188,49,10,54,353,47,1*7B
1780411104.246,$GBGSV,2,2,08,23,51,246,20,24,13,036,26,25,65,357,49,33,62,086,46,1*7C
1780411104.246,$GBGSV,1,1,02,09,89,188,51,10,54,353,47,3*7D
1780411104.247,$GBGSV,2,1,07,01,42,107,,02,63,241,,03,71,141,,04,22,098,,0*76
1780411104.247,$GBGSV,2,2,07,04,22,098,,08,20,152,,13,09,190,,0*4A
1780411104.248,$GNGLL,1339.00387,N,10029.53401,E,143824.00,A,D*77
1780411105.236,$GNRMC,143825.00,A,1339.00376,N,10029.53421,E,0.695,128.70,020626,0.53,W,F,V*4C
1780411105.238,$GNVTG,128.70,T,129.23,M,0.695,N,1.287,K,D*39
1780411105.239,$GNGGA,143825.00,1339.00376,N,10029.53421,E,5,12,0.86,0.2,M,-27.8,M,0.0,0499*4B
1780411105.240,$GNGSA,A,3,16,10,26,28,31,32,,,,,,,1.53,0.86,1.27,1*07
1780411105.240,$GNGSA,A,3,78,66,77,67,68,,,,,,,,1.53,0.86,1.27,2*0F
1780411105.241,$GNGSA,A,3,05,06,09,16,25,31,34,,,,,,1.53,0.86,1.27,3*01
1780411105.241,$GNGSA,A,3,06,07,09,10,23,24,25,33,,,,,1.53,0.86,1.27,4*00
1780411105.242,$GPGSV,2,1,08,03,14,324,24,10,40,156,36,16,41,198,32,26,76,198,29,1*65
1780411105.242,$GPGSV,2,2,08,28,38,010,43,31,48,330,48,32,43,056,38,50,56,115,41,1*61
1780411105.243,$GPGSV,2,1,06,03,14,324,21,10,40,156,33,26,76,198,28,28,38,010,44,6*6E
1780411105.244,$GPGSV,2,2,06,31,48,330,46,32,43,056,42,6*6A
1780411105.244,$GPGSV,3,1,09,01,12,279,,02,14,252,,23,05,150,,25,09,038,,0*67
1780411105.245,$GPGSV,3,2,09,25,09,038,,27,07,192,,29,06,083,,40,37,260,,0*62
1780411105.245,$GPGSV,3,3,09,40,37,260,,0*58
1780411105.246,$GLGSV,2,1,06,66,26,112,46,67,51,041,49,68,22,345,43,77,22,022,36,1*7A
1780411105.246,$GLGSV,2,2,06,78,75,327,49,79,39,221,18,1*74
1780411105.247,$GLGSV,2,1,05,66,26,112,42,67,51,041,47,68,22,345,38,78,75,327,49,3*7E
1780411105.247,$GLGSV,2,2,05,79,39,221,17,3*4C
1780411105.248,$GLGSV,1,1,01,82,02,225,,0*45
1780411105.248,$GAGSV,2,1,07,05,40,357,47,06,17,085,45,09,32,064,39,16,61,077,53,2*7B
1780411105.249,$GAGSV,2,2,07,25,53,182,28,31,13,041,29,34,27,267,22,2*4E
1780411105.250,$GAGSV,2,1,06,05,40,357,43,06,17,085,40,09,32,064,43,16,61,077,44,7*75
1780411105.250,$GAGSV,2,2,06,31,13,041,23,36,28,209,14,7*70
1780411105.251,$GAGSV,2,1,05,02,05,207,,03,11,310,,04,00,101,,11,05,166,,0*71
1780411105.251,$GAGSV,2,2,05,11,05,166,,0*45
1780411105.252,$GBGSV,2,1,08,06,61,151,48,07,46,007,44,09,89,188,48,10,54,353,44,1*77
1780411105.252,$GBGSV,2,2,08,23,51,246,20,24,13,036,24,25,65,357,47,33,62,086,51,1*76
1780411105.253,$GBGSV,1,1,02,09,89,188,51,10,54,353,49,3*73
1780411105.253,$GBGSV,2,1,07,01,42,107,,02,63,241,,03,71,141,,04,22,098,,0*76
1780411105.254,$GBGSV,2,2,07,04,22,098,,08,20,152,,13,09,190,,0*4A
1780411105.255,$GNGLL,1339.00376,N,10029.53421,E,143825.00,A,D*7A
1780411106.222,$GNRMC,143826.00,A,1339.00364,N,10029.53440,E,0.716,127.57,020626,0.53,W,F,V*4B
1780411106.224,$GNVTG,127.57,T,128.10,M,0.716,N,1.327,K,D*33
1780411106.225,$GNGGA,143826.00,1339.00364,N,10029.53440,E,5,12,0.86,0.2,M,-27.8,M,1.0,0499*4D
1780411106.226,$GNGSA,A,3,16,10,26,28,31,32,,,,,,,1.53,0.86,1.27,1*07
1780411106.226,$GNGSA,A,3,78,66,77,67,68,,,,,,,,1.53,0.86,1.27,2*0F
1780411106.227,$GNGSA,A,3,05,06,09,16,25,31,34,,,,,,1.53,0.86,1.27,3*01
1780411106.227,$GNGSA,A,3,06,07,09,10,23,24,25,33,,,,,1.53,0.86,1.27,4*00
1780411106.228,$GPGSV,2,1,07,02,14,252,15,10,40,156,38,16,41,198,35,28,38,010,43,1*69
1780411106.228,$GPGSV,2,2,07,31,48,330,47,32,43,056,43,50,56,115,42,1*59
1780411106.229,$GPGSV,2,1,06,03,14,324,22,10,40,156,32,26,76,198,26,28,38,010,40,6*66
1780411106.229,$GPGSV,2,2,06,31,48,330,45,32,43,056,44,6*6F
1780411106.230,$GPGSV,2,1,08,01,12,279,,23,05,150,,25,09,038,,27,07,192,,0*6D
1780411106.231,$GPGSV,2,2,08,27,07,192,,29,06,083,,40,37,260,,41,64,233,,0*62
1780411106.231,$GLGSV,2,1,06,66,26,112,45,67,51,041,47,68,22,345,42,77,22,022,36,1*76
1780411106.232,$GLGSV,2,2,06,78,75,327,49,79,39,221,18,1*74
1780411106.232,$GLGSV,2,1,05,66,26,112,45,67,51,041,47,68,22,345,36,78,75,327,50,3*7F
1780411106.233,$GLGSV,2,2,05,79,39,221,18,3*43
1780411106.233,$GLGSV,1,1,01,82,02,225,,0*45
1780411106.234,$GAGSV,2,1,07,05,40,357,50,06,17,085,42,09,32,064,45,16,61,077,51,2*73
1780411106.234,$GAGSV,2,2,07,25,53,182,30,31,13,041,28,34,27,267,22,2*46
1780411106.235,$GAGSV,2,1,06,05,40,357,42,06,17,085,38,09,32,064,38,16,61,077,48,7*7B
1780411106.235,$GAGSV,2,2,06,31,13,041,24,36,28,209,16,7*75
1780411106.236,$GAGSV,2,1,05,02,05,207,,03,11,310,,04,00,101,,11,05,166,,0*71
1780411106.236,$GAGSV,2,2,05,11,05,166,,0*45
1780411106.237,$GBGSV,2,1,08,06,61,151,47,07,46,007,43,09,89,188,49,10,54,353,43,1*79
1780411106.237,$GBGSV,2,2,08,23,51,246,20,24,13,036,25,25,65,357,48,33,62,086,46,1*7E
1780411106.238,$GBGSV,1,1,02,09,89,188,52,10,54,353,48,3*71
1780411106.238,$GBGSV,2,1,07,01,42,107,,02,63,241,,03,71,141,,04,22,098,,0*76
1780411106.239,$GBGSV,2,2,07,04,22,098,,08,20,152,,13,09,190,,0*4A
1780411106.239,$GNGLL,1339.00364,N,10029.53440,E,143826.00,A,D*7D
1780411107.231,$GNRMC,143827.00,A,1339.00351,N,10029.53457,E,0.730,134.13,020626,0.53,W,F,V*4C
1780411107.233,$GNVTG,134.13,T,134.66,M,0.730,N,1.351,K,D*38
1780411107.234,$GNGGA,143827.00,1339.00351,N,10029.53457,E,5,12,0.86,0.2,M,-27.8,M,1.0,0499*4C
1780411107.235,$GNGSA,A,3,16,10,26,28,31,32,,,,,,,1.53,0.86,1.27,1*07
1780411107.235,$GNGSA,A,3,78,66,77,79,67,68,,,,,,,1.53,0.86,1.27,2*01
1780411107.236,$GNGSA,A,3,05,06,09,16,25,31,34,,,,,,1.53,0.86,1.27,3*01
1780411107.236,$GNGSA,A,3,06,07,09,10,23,24,25,33,,,,,1.53,0.86,1.27,4*00
1780411107.237,$GPGSV,2,1,08,02,14,252,15,10,40,156,32,16,41,198,36,26,76,198,27,1*68
1780411107.237,$GPGSV,2,2,08,28,38,010,42,31,48,330,46,32,43,056,44,50,56,115,42,1*66
1780411107.238,$GPGSV,2,1,06,03,14,324,23,10,40,156,33,26,76,198,32,28,38,010,45,6*66
1780411107.239,$GPGSV,2,2,06,31,48,330,44,32,43,056,42,6*68
1780411107.239,$GPGSV,2,1,08,01,12,279,,23,05,150,,25,09,038,,27,07,192,,0*6D
1780411107.240,$GPGSV,2,2,08,27,07,192,,29,06,083,,40,37,260,,41,64,233,,0*62
1780411107.241,$GLGSV,2,1,06,66,26,112,46,67,51,041,45,68,22,345,38,77,22,022,36,1*7A
1780411107.241,$GLGSV,2,2,06,78,75,327,49,79,39,221,18,1*74
1780411107.242,$GLGSV,2,1,05,66,26,112,43,67,51,041,48,68,22,345,41,78,75,327,49,3*7E
1780411107.242,$GLGSV,2,2,05,79,39,221,20,3*48
1780411107.243,$GLGSV,1,1,01,82,02,225,,0*45
1780411107.243,$GAGSV,2,1,08,05,40,357,50,06,17,085,42,09,32,064,46,16,61,077,53,2*7D
1780411107.244,$GAGSV,2,2,08,25,53,182,31,31,13,041,28,34,27,267,22,36,28,209,26,2*78
1780411107.245,$GAGSV,2,1,07,05,40,357,44,06,17,085,34,09,32,064,42,16,61,077,44,7*71
1780411107.245,$GAGSV,2,2,07,25,53,182,32,31,13,041,24,36,28,209,15,7*4C
1780411107.246,$GAGSV,2,1,05,02,05,207,,03,11,310,,04,00,101,,11,05,166,,0*71
1780411107.246,$GAGSV,2,2,05,11,05,166,,0*45
1780411107.247,$GBGSV,2,1,08,06,61,151,47,07,46,007,46,09,89,188,50,10,54,353,44,1*73
1780411107.247,$GBGSV,2,2,08,23,51,246,20,24,13,036,23,25,65,357,49,33,62,086,50,1*7E
1780411107.248,$GBGSV,1,1,02,09,89,188,51,10,54,353,46,3*7C
1780411107.248,$GBGSV,2,1,07,01,42,107,,02,63,241,,03,71,141,,04,22,098,,0*76
1780411107.249,$GBGSV,2,2,07,04,22,098,,08,20,152,,13,09,190,,0*4A
1780411107.249,$GNGLL,1339.00351,N,10029.53457,E,143827.00,A,D*7C
1780411108.235,$GNRMC,143828.00,A,1339.00339,N,10029.53478,E,0.784,131.38,020626,0.53,W,F,V*43
1780411108.237,$GNVTG,131.38,T,131.91,M,0.784,N,1.452,K,D*32
1780411108.238,$GNGGA,143828.00,1339.00339,N,10029.53478,E,5,12,0.86,0.2,M,-27.8,M,1.0,0499*40
1780411108.239,$GNGSA,A,3,16,10,26,28,31,32,,,,,,,1.62,0.86,1.37,1*04
1780411108.239,$GNGSA,A,3,78,66,77,67,68,,,,,,,,1.62,0.86,1.37,2*0C
1780411108.239,$GNGSA,A,3,05,06,09,16,25,31,34,,,,,,1.62,0.86,1.37,3*02
1780411108.240,$GNGSA,A,3,06,07,09,10,24,25,33,,,,,,1.62,0.86,1.37,4*02
1780411108.241,$GPGSV,2,1,08,02,14,252,18,10,40,156,32,16,41,198,35,26,76,198,26,1*67
1780411108.241,$GPGSV,2,2,08,28,38,010,42,31,48,330,47,32,43,056,46,50,56,115,43,1*64
1780411108.242,$GPGSV,2,1,06,03,14,324,22,10,40,156,31,26,76,198,31,28,38,010,46,6*65
1780411108.243,$GPGSV,2,2,06,31,48,330,42,32,43,056,45,6*69
1780411108.243,$GPGSV,2,1,08,01,12,279,,23,05,150,,25,09,038,,27,07,192,,0*6D
1780411108.244,$GPGSV,2,2,08,27,07,192,,29,06,083,,40,37,260,,41,64,233,,0*62
1780411108.244,$GLGSV,2,1,06,66,26,112,45,67,51,041,46,68,22,345,39,77,22,022,40,1*7A
1780411108.245,$GLGSV,2,2,06,78,75,327,47,79,39,221,18,1*7A
1780411108.246,$GLGSV,2,1,05,66,26,112,43,67,51,041,45,68,22,345,33,78,75,327,47,3*78
1780411108.246,$GLGSV,2,2,05,79,39,221,19,3*42
1780411108.246,$GLGSV,1,1,01,82,02,225,,0*45
1780411108.247,$GAGSV,2,1,08,05,40,357,48,06,17,085,41,09,32,064,46,16,61,077,52,2*76
1780411108.248,$GAGSV,2,2,08,25,53,182,36,31,13,041,21,34,27,267,21,36,28,209,27,2*74
1780411108.248,$GAGSV,2,1,07,05,40,357,43,06,17,085,37,09,32,064,38,16,61,077,45,7*79
1780411108.249,$GAGSV,2,2,07,25,53,182,32,31,13,041,24,36,28,209,15,7*4C
1780411108.250,$GAGSV,2,1,05,02,05,207,,03,11,310,,04,00,101,,11,05,166,,0*71
1780411108.250,$GAGSV,2,2,05,11,05,166,,0*45
1780411108.251,$GBGSV,2,1,08,06,61,151,47,07,46,007,44,09,89,188,48,10,54,353,44,1*78
1780411108.251,$GBGSV,2,2,08,23,51,246,19,24,13,036,25,25,65,357,49,33,62,086,50,1*72
1780411108.252,$GBGSV,1,1,03,09,89,188,50,10,54,353,48,33,62,086,13,3*4A
1780411108.252,$GBGSV,2,1,07,01,42,107,,02,63,241,,03,71,141,,04,22,098,,0*76
1780411108.253,$GBGSV,2,2,07,04,22,098,,08,20,152,,13,09,190,,0*4A
1780411108.253,$GNGLL,1339.00339,N,10029.53478,E,143828.00,A,D*70
1780411109.230,$GNRMC,143829.00,A,1339.00325,N,10029.53496,E,0.786,127.67,020626,0.53,W,F,V*40
1780411109.233,$GNVTG,127.67,T,128.20,M,0.786,N,1.456,K,D*3B
1780411109.234,$GNGGA,143829.00,1339.00325,N,10029.53496,E,5,12,0.86,0.2,M,-27.8,M,1.0,0499*4C
1780411109.234,$GNGSA,A,3,16,10,26,28,31,32,,,,,,,1.62,0.86,1.37,1*04
1780411109.235,$GNGSA,A,3,78,66,77,79,67,68,,,,,,,1.62,0.86,1.37,2*02
1780411109.235,$GNGSA,A,3,05,06,09,16,25,31,34,,,,,,1.62,0.86,1.37,3*02
1780411109.236,$GNGSA,A,3,06,07,09,10,23,24,25,33,,,,,1.62,0.86,1.37,4*03
1780411109.236,$GPGSV,2,1,07,10,40,156,35,16,41,198,38,26,76,198,32,28,38,010,44,1*6C
1780411109.237,$GPGSV,2,2,07,31,48,330,46,32,43,056,47,50,56,115,42,1*5C
1780411109.237,$GPGSV,2,1,06,03,14,324,20,10,40,156,31,26,76,198,30,28,38,010,40,6*60
1780411109.238,$GPGSV,2,2,06,31,48,330,44,32,43,056,46,6*6C
1780411109.238,$GPGSV,3,1,09,01,12,279,,02,14,252,,23,05,150,,25,09,038,,0*67
1780411109.239,$GPGSV,3,2,09,25,09,038,,27,07,192,,29,06,083,,40,37,260,,0*62
1780411109.239,$GPGSV,3,3,09,40,37,260,,0*58
1780411109.240,$GLGSV,2,1,06,66,26,112,44,67,51,041,47,68,22,345,37,77,22,022,41,1*75
1780411109.240,$GLGSV,2,2,06,78,75,327,49,79,39,221,21,1*7E
1780411109.241,$GLGSV,2,1,05,66,26,112,44,67,51,041,49,68,22,345,35,78,75,327,48,3*7A
1780411109.241,$GLGSV,2,2,05,79,39,221,20,3*48
1780411109.241,$GLGSV,1,1,01,82,02,225,,0*45
1780411109.242,$GAGSV,2,1,08,05,40,357,47,06,17,085,36,09,32,064,45,16,61,077,49,2*70
1780411109.242,$GAGSV,2,2,08,25,53,182,39,31,13,041,29,34,27,267,20,36,28,209,18,2*7E
1780411109.243,$GAGSV,2,1,07,05,40,357,43,06,17,085,36,09,32,064,38,16,61,077,47,7*7A
1780411109.244,$GAGSV,2,2,07,25,53,182,31,31,13,041,22,36,28,209,17,7*4B
1780411109.244,$GAGSV,2,1,05,02,05,207,,03,11,310,,04,00,101,,11,05,166,,0*71
1780411109.244,$GAGSV,2,2,05,11,05,166,,0*45
1780411109.245,$GBGSV,2,1,08,06,61,151,49,07,46,007,46,09,89,188,48,10,54,353,45,1*75
1780411109.246,$GBGSV,2,2,08,23,51,246,20,24,13,036,32,25,65,357,46,33,62,086,50,1*71
1780411109.246,$GBGSV,1,1,03,09,89,188,50,10,54,353,48,33,62,086,13,3*4A
1780411109.247,$GBGSV,2,1,07,01,42,107,,02,63,241,,03,71,141,,04,22,098,,0*76
1780411109.247,$GBGSV,2,2,07,04,22,098,,08,20,152,,13,09,190,,0*4A
1780411109.248,$GNGLL,1339.00325,N,10029.53496,E,143829.00,A,D*7C
1780411110.233,$GNRMC,143830.00,A,1339.00312,N,10029.53513,E,0.744,123.20,020626,0.53,W,F,V*49
1780411110.235,$GNVTG,123.20,T,123.73,M,0.744,N,1.378,K,D*34
1780411110.237,$GNGGA,143830.00,1339.00312,N,10029.53513,E,5,12,0.86,0.2,M,-27.8,M,1.0,0499*4C
1780411110.238,$GNGSA,A,3,16,10,26,28,31,32,,,,,,,1.62,0.86,1.37,1*04
1780411110.239,$GNGSA,A,3,78,66,77,67,68,,,,,,,,1.62,0.86,1.37,2*0C
1780411110.239,$GNGSA,A,3,36,05,06,09,16,25,31,34,,,,,1.62,0.86,1.37,3*07
1780411110.240,$GNGSA,A,3,06,07,09,10,24,25,33,,,,,,1.62,0.86,1.37,4*02
1780411110.240,$GPGSV,2,1,07,10,39,156,31,16,41,198,38,26,76,198,35,28,38,010,40,1*65
1780411110.241,$GPGSV,2,2,07,31,48,330,46,32,43,056,46,50,56,115,42,1*5D
1780411110.242,$GPGSV,2,1,06,03,14,324,22,10,39,156,30,26,76,198,34,28,38,010,44,6*6D
1780411110.242,$GPGSV,2,2,06,31,48,330,43,32,43,056,44,6*69
1780411110.243,$GPGSV,3,1,09,01,12,279,,02,14,252,,23,05,150,,25,09,038,,0*67
1780411110.243,$GPGSV,3,2,09,25,09,038,,27,07,192,,29,06,083,,40,37,260,,0*62
1780411110.244,$GPGSV,3,3,09,40,37,260,,0*58
1780411110.244,$GLGSV,2,1,06,66,26,112,45,67,51,041,45,68,22,345,39,77,22,022,34,1*7A
1780411110.245,$GLGSV,2,2,06,78,75,327,49,79,39,221,19,1*75
1780411110.245,$GLGSV,2,1,05,66,26,112,43,67,51,041,44,68,22,345,40,78,75,327,49,3*73
1780411110.246,$GLGSV,2,2,05,79,39,221,19,3*42
1780411110.246,$GLGSV,1,1,01,82,02,225,,0*45
1780411110.247,$GAGSV,2,1,08,05,40,357,46,06,17,085,41,09,32,064,44,16,61,077,48,2*71
1780411110.247,$GAGSV,2,2,08,25,53,182,39,31,13,041,30,34,27,267,22,36,28,209,29,2*76
1780411110.248,$GAGSV,2,1,07,05,40,357,42,06,17,085,34,09,32,064,40,16,61,077,44,7*75
1780411110.249,$GAGSV,2,2,07,25,53,182,35,31,13,041,23,36,28,209,16,7*4F
1780411110.249,$GAGSV,2,1,05,02,05,207,,03,11,310,,04,00,101,,11,05,166,,0*71
1780411110.250,$GAGSV,2,2,05,11,05,166,,0*45
1780411110.250,$GBGSV,2,1,08,06,61,151,44,07,46,007,43,09,89,188,48,10,54,353,45,1*7D
1780411110.251,$GBGSV,2,2,08,23,51,246,19,24,13,036,26,25,65,357,49,33,62,086,49,1*79
1780411110.251,$GBGSV,1,1,03,09,89,188,51,10,54,353,48,33,62,086,10,3*48
1780411110.252,$GBGSV,2,1,07,01,42,107,,02,63,241,,03,71,141,,04,22,098,,0*76
1780411110.252,$GBGSV,2,2,07,04,22,098,,08,20,152,,13,09,190,,0*4A
1780411110.253,$GNGLL,1339.00312,N,10029.53513,E,143830.00,A,D*7C
1780411111.232,$GNRMC,143831.00,A,1339.00300,N,10029.53530,E,0.782,131.73,020626,0.53,W,F,V*45
1780411111.233,$GNVTG,131.73,T,132.25,M,0.782,N,1.449,K,D*3D
1780411111.234,$GNGGA,143831.00,1339.00300,N,10029.53530,E,5,12,0.86,0.2,M,-27.8,M,1.0,0499*4F
1780411111.235,$GNGSA,A,3,16,10,26,28,31,32,,,,,,,1.62,0.86,1.37,1*04
1780411111.235,$GNGSA,A,3,78,66,77,67,68,,,,,,,,1.62,0.86,1.37,2*0C
1780411111.236,$GNGSA,A,3,36,05,06,09,16,25,31,34,,,,,1.62,0.86,1.37,3*07
1780411111.237,$GNGSA,A,3,06,07,09,10,24,25,33,,,,,,1.62,0.86,1.37,4*02
1780411111.238,$GPGSV,2,1,07,10,39,156,32,16,41,198,38,26,76,198,38,28,38,010,41,1*6A
1780411111.239,$GPGSV,2,2,07,31,48,330,47,32,43,056,44,50,56,115,42,1*5E
1780411111.240,$GPGSV,2,1,06,03,14,324,20,10,39,156,30,26,76,198,37,28,38,010,43,6*6B
1780411111.241,$GPGSV,2,2,06,31,48,330,42,32,43,056,46,6*6A
1780411111.242,$GPGSV,3,1,09,01,12,279,,02,14,252,,23,05,150,,25,09,038,,0*67
1780411111.243,$GPGSV,3,2,09,25,09,038,,27,07,192,,29,06,083,,40,37,260,,0*62
1780411111.243,$GPGSV,3,3,09,40,37,260,,0*58
1780411111.244,$GLGSV,2,1,06,66,26,112,43,67,51,041,47,68,22,345,40,77,22,022,32,1*76
1780411111.245,$GLGSV,2,2,06,78,75,327,50,79,39,221,17,1*73
1780411111.246,$GLGSV,2,1,05,66,26,112,41,67,51,041,50,68,22,345,38,78,75,327,48,3*7A
1780411111.246,$GLGSV,2,2,05,79,39,221,19,3*42
1780411111.247,$GLGSV,1,1,01,82,02,225,,0*45
1780411111.248,$GAGSV,2,1,08,05,40,357,46,06,17,085,40,09,32,064,44,16,61,077,51,2*78
1780411111.248,$GAGSV,2,2,08,25,53,182,37,31,13,041,30,34,27,267,21,36,28,209,28,2*7A
1780411111.249,$GAGSV,2,1,07,05,40,357,42,06,17,085,37,09,32,064,36,16,61,077,44,7*77
1780411111.250,$GAGSV,2,2,07,25,53,182,34,31,13,041,22,36,28,209,16,7*4F
1780411111.251,$GAGSV,2,1,05,02,05,207,,03,11,310,,04,00,101,,11,05,166,,0*71
1780411111.252,$GAGSV,2,2,05,11,05,166,,0*45
1780411111.253,$GBGSV,2,1,08,06,61,151,46,07,46,007,43,09,89,188,47,10,54,353,41,1*74
1780411111.254,$GBGSV,2,2,08,23,51,246,18,24,13,036,26,25,65,357,49,33,62,086,49,1*78
1780411111.254,$GBGSV,1,1,03,09,89,188,50,10,54,353,47,33,62,086,10,3*46
1780411111.255,$GBGSV,2,1,07,01,42,107,,02,63,241,,03,71,141,,04,22,098,,0*76
1780411111.256,$GBGSV,2,2,07,04,22,098,,08,20,152,,13,09,190,,0*4A
1780411111.257,$GNGLL,1339.00300,N,10029.53530,E,143831.00,A,D*7F
1780411112.233,$GNRMC,143832.00,A,1339.00287,N,10029.53547,E,0.772,127.10,020626,0.53,W,F,V*45
1780411112.235,$GNVTG,127.10,T,127.63,M,0.772,N,1.430,K,D*38
1780411112.237,$GNGGA,143832.00,1339.00287,N,10029.53547,E,5,12,0.86,0.2,M,-27.8,M,1.0,0499*42
1780411112.237,$GNGSA,A,3,16,10,26,28,31,32,,,,,,,1.62,0.86,1.37,1*04
1780411112.238,$GNGSA,A,3,78,66,77,79,67,68,,,,,,,1.62,0.86,1.37,2*02
1780411112.238,$GNGSA,A,3,36,05,06,09,16,25,31,34,,,,,1.62,0.86,1.37,3*07
1780411112.239,$GNGSA,A,3,06,07,09,10,23,24,25,33,,,,,1.62,0.86,1.37,4*03
1780411112.239,$GPGSV,2,1,07,10,39,156,35,16,41,198,39,26,76,198,38,28,38,010,40,1*6D
1780411112.240,$GPGSV,2,2,07,31,48,330,45,32,43,056,48,50,56,115,41,1*53
1780411112.240,$GPGSV,2,1,06,03,14,324,20,10,39,156,23,26,76,198,36,28,38,010,43,6*68
1780411112.241,$GPGSV,2,2,06,31,48,330,43,32,43,056,44,6*69
1780411112.241,$GPGSV,3,1,09,01,12,279,,02,14,252,,23,05,150,,25,09,038,,0*67
1780411112.242,$GPGSV,3,2,09,25,09,038,,27,07,192,,29,06,083,,40,37,260,,0*62
1780411112.242,$GPGSV,3,3,09,40,37,260,,0*58
1780411112.243,$GLGSV,2,1,06,66,26,112,44,67,51,041,49,68,22,345,40,77,22,022,34,1*79
1780411112.243,$GLGSV,2,2,06,78,75,327,48,79,39,221,16,1*7B
1780411112.244,$GLGSV,2,1,05,66,26,112,41,67,51,041,48,68,22,345,38,78,75,327,48,3*73
1780411112.245,$GLGSV,2,2,05,79,39,221,24,3*4C
1780411112.245,$GLGSV,1,1,01,82,02,225,,0*45
1780411112.245,$GAGSV,2,1,08,05,40,357,46,06,17,085,41,09,32,064,43,16,61,077,50,2*7F
1780411112.246,$GAGSV,2,2,08,25,53,182,39,31,13,041,28,34,27,267,21,36,28,209,28,2*7D
1780411112.247,$GAGSV,2,1,07,05,40,357,41,06,17,085,39,09,32,064,38,16,61,077,46,7*76
1780411112.247,$GAGSV,2,2,07,25,53,182,38,31,13,041,24,36,28,209,18,7*4B
1780411112.248,$GAGSV,2,1,05,02,05,207,,03,11,310,,04,00,101,,11,05,166,,0*71
1780411112.248,$GAGSV,2,2,05,11,05,166,,0*45
1780411112.249,$GBGSV,2,1,08,06,61,151,52,07,46,007,46,09,89,188,47,10,54,353,47,1*72
1780411112.249,$GBGSV,2,2,08,23,51,246,20,24,13,036,25,25,65,357,48,33,62,086,50,1*79
1780411112.250,$GBGSV,1,1,03,09,89,188,49,10,54,353,48,33,62,086,08,3*48
1780411112.250,$GBGSV,2,1,07,01,42,107,,02,63,241,,03,71,141,,04,22,098,,0*76
1780411112.251,$GBGSV,2,2,07,04,22,098,,08,20,152,,13,09,190,,0*4A
1780411112.251,$GNGLL,1339.00287,N,10029.53547,E,143832.00,A,D*72
1780411113.229,$GNRMC,143833.00,A,1339.00274,N,10029.53564,E,0.673,126.85,020626,0.53,W,F,V*44
1780411113.231,$GNVTG,126.85,T,127.38,M,0.673,N,1.246,K,D*3C
1780411113.232,$GNGGA,143833.00,1339.00274,N,10029.53564,E,5,12,0.76,0.2,M,-27.8,M,1.0,0499*41
1780411113.233,$GNGSA,A,3,16,10,26,28,31,32,,,,,,,1.50,0.76,1.29,1*05
1780411113.233,$GNGSA,A,3,78,66,77,79,67,68,,,,,,,1.50,0.76,1.29,2*03
1780411113.234,$GNGSA,A,3,36,05,06,09,16,25,31,34,,,,,1.50,0.76,1.29,3*06
1780411113.234,$GNGSA,A,3,06,07,09,10,24,25,33,,,,,,1.50,0.76,1.29,4*03
1780411113.235,$GPGSV,2,1,07,10,39,156,35,16,41,198,39,26,76,198,40,28,38,010,37,1*62
1780411113.235,$GPGSV,2,2,07,31,48,330,46,32,43,056,45,50,56,115,44,1*58
1780411113.236,$GPGSV,2,1,06,03,14,324,19,10,39,156,30,26,76,198,39,28,38,010,40,6*6C
1780411113.237,$GPGSV,2,2,06,31,48,330,41,32,43,056,44,6*6B
1780411113.237,$GPGSV,3,1,09,01,12,279,,02,14,252,,23,05,150,,25,09,038,,0*67
1780411113.238,$GPGSV,3,2,09,25,09,038,,27,07,192,,29,06,083,,40,37,260,,0*62
1780411113.238,$GPGSV,3,3,09,40,37,260,,0*58
1780411113.239,$GLGSV,2,1,06,66,26,112,42,67,51,041,44,68,22,345,44,77,22,022,32,1*70
1780411113.239,$GLGSV,2,2,06,78,75,327,49,79,39,221,18,1*74
1780411113.240,$GLGSV,2,1,05,66,26,112,43,67,51,041,46,68,22,345,42,78,75,327,47,3*7D
1780411113.240,$GLGSV,2,2,05,79,39,221,26,3*4E
1780411113.241,$GLGSV,1,1,01,82,02,225,,0*45
1780411113.241,$GAGSV,2,1,08,05,40,357,47,06,17,085,41,09,32,064,46,16,61,077,50,2*7B
1780411113.242,$GAGSV,2,2,08,25,53,182,35,31,13,041,27,34,27,267,20,36,28,209,34,2*72
1780411113.243,$GAGSV,2,1,07,05,40,357,43,06,17,085,40,09,32,064,40,16,61,077,48,7*7B
1780411113.243,$GAGSV,2,2,07,25,53,182,37,31,13,041,23,36,28,209,28,7*40
1780411113.244,$GAGSV,2,1,05,02,05,207,,03,11,310,,04,00,101,,11,05,166,,0*71
1780411113.244,$GAGSV,2,2,05,11,05,166,,0*45
1780411113.245,$GBGSV,2,1,08,06,61,151,49,07,46,007,43,09,89,188,48,10,54,353,44,1*71
1780411113.245,$GBGSV,2,2,08,23,51,246,19,24,13,036,26,25,65,357,49,33,62,086,50,1*71
1780411113.246,$GBGSV,1,1,03,09,89,188,50,10,54,353,49,33,62,086,08,3*41
1780411113.246,$GBGSV,2,1,07,01,42,107,,02,63,241,,03,71,141,,04,22,098,,0*76
1780411113.247,$GBGSV,2,2,07,04,22,098,,08,20,152,,13,09,190,,0*4A
1780411113.247,$GNGLL,1339.00274,N,10029.53564,E,143833.00,A,D*7E
1780411114.232,$GNRMC,143834.00,A,1339.00262,N,10029.53581,E,0.695,128.05,020626,0.53,W,F,V*41
1780411114.234,$GNVTG,128.05,T,128.58,M,0.695,N,1.286,K,D*37
1780411114.236,$GNGGA,143834.00,1339.00262,N,10029.53581,E,5,12,0.86,0.2,M,-27.8,M,1.0,0499*45
1780411114.238,$GNGSA,A,3,16,10,26,28,31,32,,,,,,,1.53,0.86,1.27,1*07
1780411114.239,$GNGSA,A,3,78,66,77,79,67,68,,,,,,,1.53,0.86,1.27,2*01
1780411114.240,$GNGSA,A,3,36,05,06,09,16,25,31,,,,,,1.53,0.86,1.27,3*03
1780411114.242,$GNGSA,A,3,06,07,09,10,23,24,25,33,,,,,1.53,0.86,1.27,4*00
1780411114.244,$GPGSV,2,1,07,10,39,156,30,16,41,198,39,26,76,198,43,28,38,010,41,1*65
1780411114.246,$GPGSV,2,2,07,31,48,330,46,32,43,056,44,50,56,115,43,1*5E
1780411114.247,$GPGSV,2,1,06,03,14,324,18,10,39,156,30,26,76,198,41,28,38,010,39,6*6C
1780411114.247,$GPGSV,2,2,06,31,48,330,45,32,43,056,44,6*6F
1780411114.248,$GPGSV,3,1,09,01,12,279,,02,14,252,,23,05,150,,25,09,038,,0*67
1780411114.249,$GPGSV,3,2,09,25,09,038,,27,07,192,,29,06,083,,40,37,260,,0*62
1780411114.249,$GPGSV,3,3,09,40,37,260,,0*58
1780411114.250,$GLGSV,2,1,06,66,26,112,43,67,51,041,46,68,22,345,40,77,22,022,27,1*73
1780411114.250,$GLGSV,2,2,06,78,75,327,49,79,39,221,20,1*7F
1780411114.251,$GLGSV,2,1,05,66,26,112,39,67,51,041,49,68,22,345,42,78,75,327,47,3*7F
1780411114.252,$GLGSV,2,2,05,79,39,221,23,3*4B
1780411114.252,$GLGSV,1,1,01,82,02,225,,0*45
1780411114.253,$GAGSV,2,1,08,05,40,357,47,06,17,085,43,09,32,064,46,16,61,077,52,2*7B
1780411114.254,$GAGSV,2,2,08,25,53,182,41,31,13,041,27,34,27,267,19,36,28,209,33,2*7C
1780411114.254,$GAGSV,2,1,07,05,40,357,41,06,17,085,38,09,32,064,39,16,61,077,46,7*76
1780411114.255,$GAGSV,2,2,07,25,53,182,36,31,13,041,22,36,28,209,28,7*40
1780411114.256,$GAGSV,2,1,05,02,05,207,,03,11,310,,04,00,101,,11,05,166,,0*71
1780411114.256,$GAGSV,2,2,05,11,05,166,,0*45
1780411114.257,$GBGSV,2,1,08,06,61,151,39,07,46,007,43,09,89,188,48,10,54,353,45,1*77
1780411114.257,$GBGSV,2,2,08,23,51,246,20,24,13,036,32,25,65,357,47,33,62,086,47,1*76
1780411114.258,$GBGSV,1,1,03,09,89,188,50,10,54,353,50,33,62,086,08,3*49
1780411114.259,$GBGSV,2,1,07,01,42,107,,02,63,241,,03,71,141,,04,22,098,,0*76
1780411114.260,$GBGSV,2,2,07,04,22,098,,08,20,152,,13,09,190,,0*4A
1780411114.260,$GNGLL,1339.00262,N,10029.53581,E,143834.00,A,D*75
1780411115.222,$GNRMC,143835.00,A,1339.00249,N,10029.53597,E,0.656,128.50,020626,0.53,W,F,V*41
1780411115.223,$GNVTG,128.50,T,129.03,M,0.656,N,1.216,K,D*3E
1780411115.225,$GNGGA,143835.00,1339.00249,N,10029.53597,E,5,12,0.86,0.2,M,-27.8,M,1.0,0499*4A
1780411115.226,$GNGSA,A,3,16,10,26,28,31,32,,,,,,,1.62,0.86,1.37,1*04
1780411115.226,$GNGSA,A,3,78,66,77,79,67,68,,,,,,,1.62,0.86,1.37,2*02
1780411115.227,$GNGSA,A,3,36,05,06,09,16,25,31,,,,,,1.62,0.86,1.37,3*00
1780411115.228,$GNGSA,A,3,06,07,09,10,24,25,33,,,,,,1.62,0.86,1.37,4*02
1780411115.228,$GPGSV,2,1,07,10,39,156,26,16,41,198,38,26,76,198,43,28,38,010,41,1*63
1780411115.229,$GPGSV,2,2,07,31,48,330,48,32,43,056,46,50,56,115,41,1*50
1780411115.230,$GPGSV,2,1,06,03,14,324,19,10,39,156,31,26,76,198,41,28,38,010,43,6*61
1780411115.231,$GPGSV,2,2,06,31,48,330,43,32,43,056,46,6*6B
1780411115.232,$GPGSV,3,1,09,01,12,279,,02,14,252,,23,05,150,,25,09,038,,0*67
1780411115.233,$GPGSV,3,2,09,25,09,038,,27,07,192,,29,06,083,,40,37,260,,0*62
1780411115.233,$GPGSV,3,3,09,40,37,260,,0*58
1780411115.234,$GLGSV,2,1,06,66,26,112,42,67,51,041,46,68,22,345,41,77,22,022,32,1*77
1780411115.234,$GLGSV,2,2,06,78,75,327,51,79,39,221,19,1*7C
1780411115.235,$GLGSV,2,1,05,66,26,112,41,67,51,041,49,68,22,345,37,78,75,327,50,3*74
1780411115.236,$GLGSV,2,2,05,79,39,221,25,3*4D
1780411115.236,$GLGSV,1,1,01,82,02,225,,0*45
1780411115.237,$GAGSV,2,1,07,05,40,357,50,06,17,085,42,09,32,064,45,16,61,077,52,2*70
1780411115.237,$GAGSV,2,2,07,25,53,182,39,34,27,267,18,36,28,209,32,2*4C
1780411115.238,$GAGSV,2,1,07,05,40,357,44,06,17,085,40,09,32,064,40,16,61,077,44,7*70
1780411115.239,$GAGSV,2,2,07,25,53,182,35,31,13,041,22,36,28,209,26,7*4D
1780411115.240,$GAGSV,2,1,05,02,05,207,,03,11,310,,04,00,101,,11,05,166,,0*71
1780411115.240,$GAGSV,2,2,05,11,05,166,,0*45
1780411115.241,$GBGSV,2,1,08,06,61,151,49,07,46,007,43,09,89,188,46,10,54,353,46,1*7D
1780411115.241,$GBGSV,2,2,08,23,51,246,19,24,13,036,25,25,65,357,50,33,62,086,49,1*72
1780411115.242,$GBGSV,1,1,03,09,89,188,51,10,54,353,48,33,62,086,10,3*48
1780411115.243,$GBGSV,2,1,07,01,42,107,,02,63,241,,03,71,141,,04,22,098,,0*76
1780411115.243,$GBGSV,2,2,07,04,22,098,,08,20,152,,13,09,190,,0*4A
1780411115.244,$GNGLL,1339.00249,N,10029.53597,E,143835.00,A,D*7A
1780411116.235,$GNRMC,143836.00,A,1339.00235,N,10029.53613,E,0.745,127.89,020626,0.53,W,F,V*4E
1780411116.237,$GNVTG,127.89,T,128.42,M,0.745,N,1.380,K,D*3C
1780411116.239,$GNGGA,143836.00,1339.00235,N,10029.53613,E,5,12,0.86,0.2,M,-27.8,M,1.0,0499*4D
1780411116.240,$GNGSA,A,3,16,10,26,28,31,32,,,,,,,1.62,0.86,1.37,1*04
1780411116.240,$GNGSA,A,3,78,66,77,79,67,68,,,,,,,1.62,0.86,1.37,2*02
1780411116.241,$GNGSA,A,3,36,05,06,09,16,25,31,,,,,,1.62,0.86,1.37,3*00
1780411116.241,$GNGSA,A,3,06,07,09,10,24,25,33,,,,,,1.62,0.86,1.37,4*02
1780411116.242,$GPGSV,2,1,07,10,39,156,26,16,42,199,38,26,76,198,45,28,38,010,38,1*69
1780411116.243,$GPGSV,2,2,07,31,48,330,47,32,43,056,47,50,56,115,42,1*5D
1780411116.244,$GPGSV,2,1,06,03,14,324,21,10,39,156,31,26,76,198,43,28,38,010,41,6*6A
1780411116.245,$GPGSV,2,2,06,31,48,330,44,32,43,056,48,6*62
1780411116.246,$GPGSV,3,1,09,01,12,279,,02,14,252,,23,05,150,,25,09,038,,0*67
1780411116.247,$GPGSV,3,2,09,25,09,038,,27,07,192,,29,06,083,,40,37,260,,0*62
1780411116.247,$GPGSV,3,3,09,40,37,260,,0*58
1780411116.248,$GLGSV,2,1,06,66,26,112,42,67,51,041,47,68,22,345,39,77,22,022,35,1*7E
1780411116.248,$GLGSV,2,2,06,78,75,327,49,79,39,221,21,1*7E
1780411116.249,$GLGSV,2,1,05,66,26,112,39,67,51,041,48,68,22,345,42,78,75,327,48,3*71
1780411116.250,$GLGSV,2,2,05,79,39,221,23,3*4B
1780411116.250,$GLGSV,1,1,01,82,02,225,,0*45
1780411116.251,$GAGSV,2,1,07,05,40,357,49,06,17,085,42,09,32,064,44,16,61,077,53,2*78
1780411116.252,$GAGSV,2,2,07,25,53,182,26,34,27,267,18,36,28,209,33,2*43
1780411116.252,$GAGSV,2,1,07,05,40,357,45,06,17,085,38,09,32,064,37,16,61,077,46,7*7C
1780411116.253,$GAGSV,2,2,07,25,53,182,35,31,13,041,23,36,28,209,26,7*4C
1780411116.254,$GAGSV,2,1,05,02,05,207,,03,11,310,,04,00,101,,11,05,166,,0*71
1780411116.254,$GAGSV,2,2,05,11,05,166,,0*45
1780411116.255,$GBGSV,2,1,08,06,61,151,49,07,46,007,42,09,89,188,46,10,54,353,45,1*7F
1780411116.256,$GBGSV,2,2,08,23,51,246,18,24,13,036,24,25,65,357,50,33,62,086,49,1*72
1780411116.257,$GBGSV,1,1,03,09,89,188,49,10,54,353,46,33,62,086,10,3*4F
1780411116.257,$GBGSV,2,1,07,01,42,107,,02,63,241,,03,71,141,,04,22,098,,0*76
1780411116.258,$GBGSV,2,2,07,04,22,098,,08,20,152,,13,09,190,,0*4A
1780411116.259,$GNGLL,1339.00235,N,10029.53613,E,143836.00,A,D*7D
1780411117.233,$GNRMC,143837.00,A,1339.00220,N,10029.53632,E,0.834,132.26,020626,0.53,W,F,V*40
1780411117.235,$GNVTG,132.26,T,132.79,M,0.834,N,1.544,K,D*39
1780411117.236,$GNGGA,143837.00,1339.00220,N,10029.53632,E,5,12,0.86,0.2,M,-27.8,M,1.0,0499*4B
1780411117.237,$GNGSA,A,3,16,10,26,28,31,32,,,,,,,1.53,0.86,1.27,1*07
1780411117.238,$GNGSA,A,3,78,66,77,79,67,68,,,,,,,1.53,0.86,1.27,2*01
1780411117.238,$GNGSA,A,3,36,05,06,09,16,25,31,34,,,,,1.53,0.86,1.27,3*04
1780411117.239,$GNGSA,A,3,06,07,09,10,24,25,33,,,,,,1.53,0.86,1.27,4*01
1780411117.239,$GPGSV,2,1,07,10,39,156,26,16,42,199,37,26,76,198,45,28,38,010,38,1*66
1780411117.240,$GPGSV,2,2,07,31,48,330,46,32,43,056,48,50,56,115,45,1*54
1780411117.241,$GPGSV,2,1,06,03,14,324,21,10,39,156,29,26,76,198,43,28,38,010,38,6*6D
1780411117.242,$GPGSV,2,2,06,31,48,330,45,32,43,056,44,6*6F
1780411117.242,$GPGSV,3,1,09,01,12,279,,02,14,252,,23,05,150,,25,09,038,,0*67
1780411117.243,$GPGSV,3,2,09,25,09,038,,27,07,192,,29,06,083,,40,37,260,,0*62
1780411117.244,$GPGSV,3,3,09,40,37,260,,0*58
1780411117.244,$GLGSV,2,1,06,66,26,112,39,67,51,041,48,68,22,345,43,77,22,022,31,1*74
1780411117.245,$GLGSV,2,2,06,78,75,327,50,79,39,221,21,1*76
1780411117.246,$GLGSV,2,1,05,66,26,112,41,67,51,041,48,68,22,345,40,78,75,327,49,3*7D
1780411117.246,$GLGSV,2,2,05,79,39,221,24,3*4C
1780411117.247,$GLGSV,1,1,01,82,02,225,,0*45
1780411117.247,$GAGSV,2,1,08,05,40,357,49,06,17,085,44,09,32,064,45,16,61,077,52,2*71
1780411117.248,$GAGSV,2,2,08,25,53,182,37,31,13,041,27,34,27,267,20,36,28,209,33,2*77
1780411117.249,$GAGSV,2,1,07,05,40,357,39,06,17,085,36,09,32,064,39,16,61,077,45,7*74
1780411117.249,$GAGSV,2,2,07,25,53,182,35,31,13,041,22,36,28,209,26,7*4D
1780411117.250,$GAGSV,2,1,05,02,05,207,,03,11,310,,04,00,101,,11,05,166,,0*71
1780411117.251,$GAGSV,2,2,05,11,05,166,,0*45
1780411117.251,$GBGSV,2,1,08,06,61,151,42,07,46,007,44,09,89,188,46,10,54,353,41,1*76
1780411117.252,$GBGSV,2,2,08,23,51,246,19,24,13,036,26,25,65,357,50,33,62,086,50,1*79
1780411117.253,$GBGSV,1,1,03,09,89,188,49,10,54,353,46,33,62,086,10,3*4F
1780411117.253,$GBGSV,2,1,07,01,42,107,,02,63,241,,03,71,141,,04,22,098,,0*76
1780411117.254,$GBGSV,2,2,07,04,22,098,,08,20,152,,13,09,190,,0*4A
1780411117.254,$GNGLL,1339.00220,N,10029.53632,E,143837.00,A,D*7B
1780411118.229,$GNRMC,143838.00,A,1339.00205,N,10029.53651,E,0.905,131.81,020626,0.53,W,F,V*40
1780411118.232,$GNVTG,131.81,T,132.34,M,0.905,N,1.676,K,D*3F
1780411118.233,$GNGGA,143838.00,1339.00205,N,10029.53651,E,5,12,0.86,0.1,M,-27.8,M,1.0,0499*45
1780411118.234,$GNGSA,A,3,16,10,26,28,31,32,,,,,,,1.53,0.86,1.27,1*07
1780411118.234,$GNGSA,A,3,78,66,77,79,67,68,,,,,,,1.53,0.86,1.27,2*01
1780411118.235,$GNGSA,A,3,36,05,06,09,16,25,31,34,,,,,1.53,0.86,1.27,3*04
1780411118.236,$GNGSA,A,3,06,07,09,10,23,24,25,33,,,,,1.53,0.86,1.27,4*00
1780411118.236,$GPGSV,2,1,06,16,42,199,34,26,76,198,48,28,38,010,41,31,48,330,46,1*66
1780411118.237,$GPGSV,2,2,06,32,43,056,48,50,56,115,44,1*68
1780411118.238,$GPGSV,2,1,06,03,14,324,20,10,39,156,22,26,76,198,44,28,38,010,42,6*6D
1780411118.239,$GPGSV,2,2,06,31,48,330,40,32,43,056,45,6*6B
1780411118.240,$GPGSV,3,1,09,01,12,279,,02,14,252,,23,05,150,,25,09,038,,0*67
1780411118.241,$GPGSV,3,2,09,25,09,038,,27,07,192,,29,06,083,,40,37,260,,0*62
1780411118.241,$GPGSV,3,3,09,40,37,260,,0*58
1780411118.242,$GLGSV,2,1,06,66,26,112,37,67,51,041,47,68,22,345,41,77,22,022,35,1*73
1780411118.242,$GLGSV,2,2,06,78,75,327,50,79,39,221,22,1*75
1780411118.243,$GLGSV,2,1,05,66,26,112,39,67,51,041,48,68,22,345,44,78,75,327,50,3*7E
1780411118.244,$GLGSV,2,2,05,79,39,221,23,3*4B
1780411118.244,$GLGSV,1,1,01,82,02,225,,0*45
1780411118.245,$GAGSV,2,1,08,05,40,357,48,06,17,085,44,09,32,064,44,16,61,077,52,2*71
1780411118.245,$GAGSV,2,2,08,25,53,182,37,31,13,041,28,34,27,267,20,36,28,209,30,2*7B
1780411118.246,$GAGSV,2,1,06,05,40,357,35,06,17,085,34,09,32,064,39,16,61,077,46,7*78
1780411118.247,$GAGSV,2,2,06,31,13,041,21,36,28,209,24,7*71
1780411118.248,$GAGSV,2,1,05,02,05,207,,03,11,310,,04,00,101,,11,05,166,,0*71
1780411118.248,$GAGSV,2,2,05,11,05,166,,0*45
1780411118.249,$GBGSV,2,1,08,06,61,151,45,07,46,007,43,09,89,188,47,10,54,353,45,1*73
1780411118.249,$GBGSV,2,2,08,23,51,246,22,24,13,036,25,25,65,357,50,33,62,086,49,1*7A
1780411118.250,$GBGSV,1,1,02,09,89,188,48,10,54,353,48,3*7A
1780411118.251,$GBGSV,2,1,07,01,42,107,,02,63,241,,03,71,141,,04,22,098,,0*76
1780411118.251,$GBGSV,2,2,07,04,22,098,,08,20,152,,13,09,190,,0*4A
1780411118.252,$GNGLL,1339.00205,N,10029.53651,E,143838.00,A,D*76
1780411119.228,$GNRMC,143839.00,A,1339.00189,N,10029.53670,E,0.739,127.17,020626,0.53,W,F,V*4C
1780411119.230,$GNVTG,127.17,T,127.70,M,0.739,N,1.369,K,D*39
1780411119.231,$GNGGA,143839.00,1339.00189,N,10029.53670,E,5,12,0.86,0.2,M,-27.8,M,1.0,0499*43
1780411119.232,$GNGSA,A,3,16,10,26,28,31,32,,,,,,,1.53,0.86,1.27,1*07
1780411119.233,$GNGSA,A,3,78,66,77,79,67,68,,,,,,,1.53,0.86,1.27,2*01
1780411119.233,$GNGSA,A,3,36,05,06,09,16,25,31,34,,,,,1.53,0.86,1.27,3*04
1780411119.234,$GNGSA,A,3,06,07,09,10,23,24,25,33,,,,,1.53,0.86,1.27,4*00
1780411119.234,$GPGSV,2,1,06,16,42,199,32,26,76,198,48,28,38,010,43,31,48,330,46,1*62
1780411119.235,$GPGSV,2,2,06,32,43,056,44,50,56,115,42,1*62
1780411119.236,$GPGSV,2,1,06,03,14,324,20,10,39,156,20,26,76,198,45,28,38,010,45,6*69
1780411119.237,$GPGSV,2,2,06,31,48,330,43,32,43,056,46,6*6B
1780411119.238,$GPGSV,3,1,09,01,12,279,,02,14,252,,23,05,150,,25,09,038,,0*67
1780411119.239,$GPGSV,3,2,09,25,09,038,,27,07,192,,29,06,083,,40,37,260,,0*62
1780411119.239,$GPGSV,3,3,09,40,37,260,,0*58
1780411119.240,$GLGSV,2,1,06,66,26,112,39,67,51,041,47,68,22,345,43,77,22,022,35,1*7F
1780411119.241,$GLGSV,2,2,06,78,75,327,49,79,39,221,22,1*7D
1780411119.241,$GLGSV,2,1,05,66,26,112,40,67,51,041,49,68,22,345,35,78,75,327,49,3*7F
1780411119.242,$GLGSV,2,2,05,79,39,221,22,3*4A
1780411119.242,$GLGSV,1,1,01,82,02,225,,0*45
1780411119.243,$GAGSV,2,1,08,05,40,357,47,06,17,085,42,09,32,064,46,16,61,077,52,2*7A
1780411119.244,$GAGSV,2,2,08,25,53,182,30,31,13,041,29,34,27,267,21,36,28,209,28,2*75
1780411119.245,$GAGSV,2,1,07,05,40,357,42,06,17,085,35,09,32,064,41,16,61,077,46,7*77
1780411119.246,$GAGSV,2,2,07,25,53,182,37,31,13,041,22,36,28,209,22,7*4B
1780411119.246,$GAGSV,2,1,05,02,05,207,,03,11,310,,04,00,101,,11,05,166,,0*71
1780411119.247,$GAGSV,2,2,05,11,05,166,,0*45
1780411119.248,$GBGSV,2,1,08,06,61,151,51,07,46,007,42,09,89,188,47,10,54,353,44,1*76
1780411119.248,$GBGSV,2,2,08,23,51,246,23,24,13,036,26,25,65,357,51,33,62,086,49,1*79
1780411119.249,$GBGSV,1,1,02,09,89,188,49,10,54,353,48,3*7B
1780411119.250,$GBGSV,2,1,07,01,42,107,,02,63,241,,03,71,141,,04,22,098,,0*76
1780411119.250,$GBGSV,2,2,07,04,22,098,,08,20,152,,13,09,190,,0*4A
1780411119.251,$GNGLL,1339.00189,N,10029.53670,E,143839.00,A,D*73
1780411120.229,$GNRMC,143840.00,A,1339.00175,N,10029.53685,E,0.837,123.42,020626,0.53,W,F,V*4E
1780411120.231,$GNVTG,123.42,T,123.95,M,0.837,N,1.550,K,D*3F
1780411120.232,$GNGGA,143840.00,1339.00175,N,10029.53685,E,5,12,0.86,0.1,M,-27.8,M,1.0,0499*47
1780411120.233,$GNGSA,A,3,16,10,26,28,31,32,,,,,,,1.53,0.86,1.27,1*07
1780411120.234,$GNGSA,A,3,78,66,77,79,67,68,,,,,,,1.53,0.86,1.27,2*01
1780411120.234,$GNGSA,A,3,36,05,06,09,16,25,31,34,,,,,1.53,0.86,1.27,3*04
1780411120.235,$GNGSA,A,3,06,07,09,10,23,24,25,33,,,,,1.53,0.86,1.27,4*00
1780411120.235,$GPGSV,2,1,06,16,42,199,33,26,76,198,49,28,38,010,42,31,48,330,45,1*60
1780411120.236,$GPGSV,2,2,06,32,43,056,48,50,56,115,43,1*6F
1780411120.237,$GPGSV,2,1,06,03,14,324,20,10,39,156,22,26,76,198,47,28,38,010,44,6*68
1780411120.238,$GPGSV,2,2,06,31,48,330,42,32,43,056,44,6*68
1780411120.239,$GPGSV,3,1,09,01,12,279,,02,14,252,,23,05,150,,25,09,038,,0*67
1780411120.240,$GPGSV,3,2,09,25,09,038,,27,07,192,,29,06,083,,40,37,260,,0*62
1780411120.240,$GPGSV,3,3,09,40,37,260,,0*58
1780411120.241,$GLGSV,2,1,06,66,26,112,39,67,51,041,45,68,22,345,41,77,22,022,37,1*7D
1780411120.242,$GLGSV,2,2,06,78,75,327,49,79,39,221,21,1*7E
1780411120.242,$GLGSV,2,1,05,66,26,112,36,67,51,041,49,68,22,345,35,78,75,327,47,3*70
1780411120.243,$GLGSV,2,2,05,79,39,221,22,3*4A
1780411120.244,$GLGSV,1,1,01,82,02,225,,0*45
1780411120.244,$GAGSV,2,1,08,05,40,357,47,06,17,085,42,09,32,064,47,16,61,077,51,2*78
1780411120.245,$GAGSV,2,2,08,25,53,182,35,31,13,041,30,34,27,267,22,36,28,209,21,2*72
1780411120.246,$GAGSV,2,1,07,05,40,357,39,06,17,085,37,09,32,064,40,16,61,077,46,7*78
1780411120.247,$GAGSV,2,2,07,25,53,182,31,31,13,041,30,36,28,209,18,7*47
1780411120.247,$GAGSV,2,1,05,02,05,207,,03,11,310,,04,00,101,,11,05,166,,0*71
1780411120.248,$GAGSV,2,2,05,11,05,166,,0*45
1780411120.248,$GBGSV,2,1,08,06,61,151,50,07,46,007,44,09,89,188,47,10,54,353,44,1*71
1780411120.249,$GBGSV,2,2,08,23,51,246,22,24,13,036,25,25,65,357,52,33,62,086,49,1*78
1780411120.250,$GBGSV,1,1,02,09,89,188,48,10,54,353,47,3*75
1780411120.250,$GBGSV,2,1,07,01,42,107,,02,63,241,,03,71,141,,04,22,098,,0*76
1780411120.251,$GBGSV,2,2,07,04,22,098,,08,20,152,,13,09,190,,0*4A
1780411120.251,$GNGLL,1339.00175,N,10029.53685,E,143840.00,A,D*74
1780411121.230,$GNRMC,143841.00,A,1339.00158,N,10029.53707,E,1.013,134.06,020626,0.53,W,F,V*42
1780411121.232,$GNVTG,134.06,T,134.59,M,1.013,N,1.876,K,D*39
1780411121.234,$GNGGA,143841.00,1339.00158,N,10029.53707,E,5,12,0.86,0.1,M,-27.8,M,1.0,0499*42
1780411121.235,$GNGSA,A,3,16,10,26,28,31,32,,,,,,,1.53,0.86,1.27,1*07
1780411121.235,$GNGSA,A,3,78,66,77,79,67,68,,,,,,,1.53,0.86,1.27,2*01
1780411121.236,$GNGSA,A,3,36,05,06,09,16,25,31,34,,,,,1.53,0.86,1.27,3*04
1780411121.237,$GNGSA,A,3,06,07,09,10,23,24,25,33,,,,,1.53,0.86,1.27,4*00
1780411121.237,$GPGSV,2,1,06,16,42,199,34,26,76,198,49,28,38,010,42,31,48,330,47,1*65
1780411121.238,$GPGSV,2,2,06,32,43,056,47,50,56,115,42,1*61
1780411121.239,$GPGSV,2,1,06,03,14,324,20,10,39,156,25,26,76,198,47,28,38,010,42,6*69
1780411121.239,$GPGSV,2,2,06,31,48,330,43,32,43,056,42,6*6F
1780411121.240,$GPGSV,3,1,09,01,12,279,,02,14,252,,23,05,150,,25,09,038,,0*67
1780411121.241,$GPGSV,3,2,09,25,09,038,,27,07,192,,29,06,083,,40,37,260,,0*62
1780411121.241,$GPGSV,3,3,09,40,37,260,,0*58
1780411121.242,$GLGSV,2,1,06,66,26,112,38,67,51,041,46,68,22,345,42,77,22,022,38,1*73
1780411121.243,$GLGSV,2,2,06,78,75,327,49,79,39,221,22,1*7D
1780411121.243,$GLGSV,2,1,05,66,26,112,37,67,51,041,48,68,22,345,44,78,75,327,48,3*79
1780411121.244,$GLGSV,2,2,05,79,39,221,20,3*48
1780411121.245,$GLGSV,1,1,01,82,02,225,,0*45
1780411121.245,$GAGSV,2,1,08,05,40,357,47,06,17,085,42,09,32,064,47,16,61,077,50,2*79
1780411121.246,$GAGSV,2,2,08,25,53,182,35,31,13,041,21,34,27,267,22,36,28,209,21,2*72
1780411121.247,$GAGSV,2,1,07,05,40,357,40,06,17,085,36,09,32,064,40,16,61,077,48,7*79
1780411121.247,$GAGSV,2,2,07,25,53,182,36,31,13,041,25,36,28,209,18,7*44
1780411121.248,$GAGSV,2,1,05,02,05,207,,03,11,310,,04,00,101,,11,05,166,,0*71
1780411121.249,$GAGSV,2,2,05,11,05,166,,0*45
1780411121.249,$GBGSV,2,1,08,06,61,151,46,07,46,007,40,09,89,188,44,10,54,353,44,1*71
1780411121.250,$GBGSV,2,2,08,23,51,246,20,24,13,036,25,25,65,357,50,33,62,086,51,1*71
1780411121.251,$GBGSV,1,1,02,09,89,188,48,10,54,353,50,3*73
1780411121.251,$GBGSV,2,1,07,01,42,107,,02,63,241,,03,71,141,,04,22,098,,0*76
1780411121.252,$GBGSV,2,2,07,04,22,098,,08,20,152,,13,09,190,,0*4A
1780411121.252,$GNGLL,1339.00158,N,10029.53707,E,143841.00,A,D*71
1780411122.226,$GNRMC,143842.00,A,1339.00141,N,10029.53730,E,1.011,134.57,020626,0.53,W,F,V*4B
1780411122.228,$GNVTG,134.57,T,135.10,M,1.011,N,1.872,K,D*37
1780411122.230,$GNGGA,143842.00,1339.00141,N,10029.53730,E,5,12,0.86,0.1,M,-27.8,M,1.0,0499*4D
1780411122.230,$GNGSA,A,3,16,10,26,28,31,32,,,,,,,1.53,0.86,1.27,1*07
1780411122.231,$GNGSA,A,3,78,66,77,79,67,68,,,,,,,1.53,0.86,1.27,2*01
1780411122.232,$GNGSA,A,3,36,05,06,09,16,25,31,34,,,,,1.53,0.86,1.27,3*04
1780411122.232,$GNGSA,A,3,06,07,09,10,24,25,33,,,,,,1.53,0.86,1.27,4*01
1780411122.233,$GPGSV,2,1,06,16,42,199,34,26,76,198,48,28,38,010,39,31,48,330,46,1*69
1780411122.234,$GPGSV,2,2,06,32,43,056,46,50,56,115,41,1*63
1780411122.235,$GPGSV,2,1,06,03,14,324,19,10,39,156,24,26,76,198,47,28,38,010,42,6*62
1780411122.236,$GPGSV,2,2,06,31,48,330,43,32,43,056,45,6*68
1780411122.236,$GPGSV,3,1,09,01,12,279,,02,14,252,,23,05,150,,25,09,038,,0*67
1780411122.237,$GPGSV,3,2,09,25,09,038,,27,07,192,,29,06,083,,40,37,260,,0*62
1780411122.237,$GPGSV,3,3,09,40,37,260,,0*58
1780411122.238,$GLGSV,2,1,06,66,26,112,35,67,51,041,48,68,22,345,44,77,22,022,37,1*79
1780411122.239,$GLGSV,2,2,06,78,75,327,48,79,39,221,22,1*7C
1780411122.239,$GLGSV,2,1,05,66,26,112,34,67,51,041,48,68,22,345,43,78,75,327,48,3*7D
1780411122.240,$GLGSV,2,2,05,79,39,221,20,3*48
1780411122.240,$GLGSV,1,1,01,82,02,225,,0*45
1780411122.241,$GAGSV,2,1,08,05,40,357,47,06,17,085,38,09,32,064,46,16,61,077,52,2*77
1780411122.242,$GAGSV,2,2,08,25,53,182,39,31,13,041,22,34,27,267,20,36,28,209,22,2*7C
1780411122.243,$GAGSV,2,1,06,05,40,357,42,06,17,085,37,09,32,064,38,16,61,077,46,7*7A
1780411122.243,$GAGSV,2,2,06,31,13,041,24,36,28,209,19,7*7A
1780411122.244,$GAGSV,2,1,05,02,05,207,,03,11,310,,04,00,101,,11,05,166,,0*71
1780411122.244,$GAGSV,2,2,05,11,05,166,,0*45
1780411122.245,$GBGSV,2,1,08,06,61,151,43,07,46,007,44,09,89,188,46,10,54,353,46,1*70
1780411122.246,$GBGSV,2,2,08,23,51,246,19,24,13,036,30,25,65,357,47,33,62,086,51,1*79
1780411122.246,$GBGSV,1,1,02,09,89,188,50,10,54,353,49,3*72
1780411122.247,$GBGSV,2,1,07,01,42,107,,02,63,241,,03,71,141,,04,22,098,,0*76
1780411122.248,$GBGSV,2,2,07,04,22,098,,08,20,152,,13,09,190,,0*4A
1780411122.248,$GNGLL,1339.00141,N,10029.53730,E,143842.00,A,D*7E
1780411123.229,$GNRMC,143843.00,A,1339.00122,N,10029.53753,E,1.135,128.34,020626,0.53,W,F,V*45
1780411123.231,$GNVTG,128.34,T,128.87,M,1.135,N,2.101,K,D*34
1780411123.232,$GNGGA,143843.00,1339.00122,N,10029.53753,E,5,12,0.86,0.1,M,-27.8,M,1.0,0499*4C
1780411123.233,$GNGSA,A,3,16,10,26,28,31,32,,,,,,,1.53,0.86,1.27,1*07
1780411123.234,$GNGSA,A,3,78,66,77,79,67,68,,,,,,,1.53,0.86,1.27,2*01
1780411123.234,$GNGSA,A,3,36,05,06,09,16,25,31,,,,,,1.53,0.86,1.27,3*03
1780411123.235,$GNGSA,A,3,06,07,09,10,24,25,33,,,,,,1.53,0.86,1.27,4*01
1780411123.235,$GPGSV,2,1,06,16,42,199,35,26,76,198,47,28,38,010,35,31,48,330,46,1*6B
1780411123.236,$GPGSV,2,2,06,32,43,056,47,50,56,115,40,1*63
1780411123.237,$GPGSV,2,1,06,03,14,324,21,10,39,156,21,26,76,198,47,28,38,010,41,6*6F
1780411123.238,$GPGSV,2,2,06,31,48,330,43,32,43,056,44,6*69
1780411123.238,$GPGSV,3,1,09,01,12,279,,02,14,252,,23,04,151,,25,09,038,,0*67
1780411123.239,$GPGSV,3,2,09,25,09,038,,27,07,192,,29,06,083,,40,37,260,,0*62
1780411123.239,$GPGSV,3,3,09,40,37,260,,0*58
1780411123.240,$GLGSV,2,1,06,66,26,112,35,67,51,041,49,68,22,345,41,77,22,022,35,1*7F
1780411123.241,$GLGSV,2,2,06,78,75,327,48,79,39,221,23,1*7D
1780411123.241,$GLGSV,2,1,05,66,26,112,31,67,51,041,48,68,22,345,40,78,75,327,47,3*74
1780411123.242,$GLGSV,2,2,05,79,39,221,21,3*49
1780411123.243,$GLGSV,1,1,01,82,02,225,,0*45
1780411123.243,$GAGSV,2,1,08,05,40,357,47,06,17,085,39,09,32,064,46,16,61,077,50,2*74
1780411123.244,$GAGSV,2,2,08,25,53,182,30,31,13,041,22,34,27,267,19,36,28,209,22,2*7F
1780411123.245,$GAGSV,2,1,05,05,40,357,42,06,17,085,36,09,32,064,40,16,61,077,46,7*77
1780411123.245,$GAGSV,2,2,05,31,13,041,25,7*44
1780411123.246,$GAGSV,2,1,05,02,05,207,,03,11,310,,04,00,101,,11,05,166,,0*71
1780411123.246,$GAGSV,2,2,05,11,05,166,,0*45
1780411123.247,$GBGSV,2,1,08,06,61,151,44,07,46,007,43,09,89,188,49,10,54,353,43,1*7A
1780411123.248,$GBGSV,2,2,08,23,51,246,19,24,13,036,22,25,65,357,48,33,62,086,50,1*74
1780411123.248,$GBGSV,1,1,02,09,89,188,49,10,54,353,47,3*74
1780411123.249,$GBGSV,2,1,07,01,42,107,,02,63,241,,03,71,141,,04,22,098,,0*76
1780411123.250,$GBGSV,2,2,07,04,22,098,,08,20,152,,13,09,190,,0*4A
1780411123.250,$GNGLL,1339.00122,N,10029.53753,E,143843.00,A,D*7F
1780411124.222,$GNRMC,143844.00,A,1339.00103,N,10029.53778,E,1.118,129.89,020626,0.53,W,F,V*40
1780411124.225,$GNVTG,129.89,T,130.42,M,1.118,N,2.070,K,D*3B
1780411124.226,$GNGGA,143844.00,1339.00103,N,10029.53778,E,5,12,0.86,0.0,M,-27.8,M,1.0,0499*40
1780411124.227,$GNGSA,A,3,16,10,26,28,31,32,,,,,,,1.53,0.86,1.27,1*07
1780411124.227,$GNGSA,A,3,78,66,77,79,67,68,,,,,,,1.53,0.86,1.27,2*01
1780411124.228,$GNGSA,A,3,36,05,06,09,16,25,31,,,,,,1.53,0.86,1.27,3*03
1780411124.228,$GNGSA,A,3,06,07,09,10,23,24,25,33,,,,,1.53,0.86,1.27,4*00
1780411124.229,$GPGSV,2,1,07,16,42,199,31,26,76,198,46,28,38,010,41,31,48,330,43,1*69
1780411124.230,$GPGSV,2,2,07,32,43,056,46,39,45,252,27,50,56,115,43,1*5B
1780411124.231,$GPGSV,2,1,06,03,14,324,20,10,39,156,21,26,76,198,46,28,38,010,43,6*6D
1780411124.232,$GPGSV,2,2,06,31,48,330,43,32,43,056,45,6*68
1780411124.233,$GPGSV,3,1,09,01,12,279,,02,14,252,,23,04,151,,25,09,038,,0*67
1780411124.234,$GPGSV,3,2,09,25,09,038,,27,07,192,,29,06,083,,40,37,260,,0*62
1780411124.234,$GPGSV,3,3,09,40,37,260,,0*58
1780411124.235,$GLGSV,2,1,06,66,26,112,33,67,51,041,46,68,22,345,40,77,22,022,39,1*7B
1780411124.236,$GLGSV,2,2,06,78,75,327,48,79,39,221,25,1*7B
1780411124.237,$GLGSV,2,1,05,66,26,112,35,67,51,041,48,68,22,345,40,78,75,327,48,3*7F
1780411124.237,$GLGSV,2,2,05,79,39,221,23,3*4B
1780411124.238,$GLGSV,1,1,01,82,02,225,,0*45
1780411124.239,$GAGSV,2,1,08,05,40,357,44,06,17,085,35,09,32,064,46,16,61,077,52,2*79
1780411124.239,$GAGSV,2,2,08,25,53,182,34,31,13,041,22,34,27,267,18,36,28,209,21,2*79
1780411124.240,$GAGSV,2,1,05,05,40,357,43,06,17,085,33,09,32,064,38,16,61,077,47,7*7D
1780411124.241,$GAGSV,2,2,05,31,13,041,24,7*45
1780411124.242,$GAGSV,2,1,05,02,05,207,,03,11,310,,04,00,101,,11,05,166,,0*71
1780411124.242,$GAGSV,2,2,05,11,05,166,,0*45
1780411124.243,$GBGSV,2,1,08,06,61,151,46,07,46,007,43,09,89,188,45,10,54,353,43,1*74
1780411124.244,$GBGSV,2,2,08,23,51,246,21,24,13,036,28,25,65,357,50,33,62,086,49,1*74
1780411124.244,$GBGSV,1,1,02,09,89,188,50,10,54,353,46,3*7D
1780411124.245,$GBGSV,2,1,07,01,42,107,,02,63,241,,03,71,141,,04,22,098,,0*76
1780411124.246,$GBGSV,2,2,07,04,22,098,,08,20,152,,13,09,190,,0*4A
1780411124.246,$GNGLL,1339.00103,N,10029.53778,E,143844.00,A,D*72
1780411125.231,$GNRMC,143845.00,A,1339.00089,N,10029.53800,E,0.864,125.45,020626,0.53,W,F,V*4D
1780411125.233,$GNVTG,125.45,T,125.98,M,0.864,N,1.600,K,D*35
1780411125.235,$GNGGA,143845.00,1339.00089,N,10029.53800,E,5,12,0.86,0.0,M,-27.8,M,1.0,0499*42
1780411125.235,$GNGSA,A,3,16,10,26,28,31,32,,,,,,,1.53,0.86,1.27,1*07
1780411125.236,$GNGSA,A,3,78,66,77,79,67,68,,,,,,,1.53,0.86,1.27,2*01
1780411125.236,$GNGSA,A,3,36,05,06,09,16,25,31,34,,,,,1.53,0.86,1.27,3*04
1780411125.237,$GNGSA,A,3,06,07,09,10,23,24,25,33,,,,,1.53,0.86,1.27,4*00
1780411125.238,$GPGSV,2,1,06,16,42,199,31,26,76,198,47,28,38,010,41,31,48,330,45,1*6F
1780411125.238,$GPGSV,2,2,06,32,43,056,48,50,56,115,43,1*6F
1780411125.240,$GPGSV,2,1,06,03,14,324,21,10,39,156,20,26,76,198,44,28,38,010,39,6*62
1780411125.240,$GPGSV,2,2,06,31,48,330,44,32,43,056,46,6*6C
1780411125.241,$GPGSV,3,1,09,01,12,279,,02,14,252,,23,04,151,,25,08,038,,0*66
1780411125.242,$GPGSV,3,2,09,25,08,038,,27,07,192,,29,06,083,,40,37,260,,0*63
1780411125.242,$GPGSV,3,3,09,40,37,260,,0*58
1780411125.243,$GLGSV,2,1,06,66,26,112,34,67,51,041,47,68,22,345,40,77,22,022,37,1*73
1780411125.244,$GLGSV,2,2,06,78,75,327,49,79,39,221,31,1*7F
1780411125.244,$GLGSV,2,1,05,66,26,112,31,67,51,041,48,68,22,345,40,78,75,327,49,3*7A
1780411125.245,$GLGSV,2,2,05,79,39,221,20,3*48
1780411125.245,$GLGSV,1,1,01,82,02,225,,0*45
1780411125.246,$GAGSV,2,1,08,05,40,357,46,06,17,085,32,09,32,064,45,16,61,077,49,2*75
1780411125.247,$GAGSV,2,2,08,25,53,182,30,31,13,041,22,34,27,267,20,36,28,209,20,2*77
1780411125.248,$GAGSV,2,1,06,05,40,357,39,06,17,085,33,09,32,064,39,16,61,077,46,7*73
1780411125.248,$GAGSV,2,2,06,25,53,182,31,31,13,041,23,7*79
1780411125.249,$GAGSV,2,1,05,02,05,207,,03,11,310,,04,00,101,,11,05,166,,0*71
1780411125.249,$GAGSV,2,2,05,11,05,166,,0*45
1780411125.250,$GBGSV,2,1,08,06,61,151,46,07,46,007,45,09,89,188,48,10,54,353,46,1*7A
1780411125.251,$GBGSV,2,2,08,23,51,246,21,24,13,036,27,25,65,357,48,33,62,086,50,1*7A
1780411125.251,$GBGSV,1,1,02,09,89,188,50,10,54,353,48,3*73
1780411125.252,$GBGSV,2,1,07,01,42,107,,02,63,241,,03,71,141,,04,22,098,,0*76
1780411125.253,$GBGSV,2,2,07,04,22,098,,08,20,152,,13,09,190,,0*4A
1780411125.253,$GNGLL,1339.00089,N,10029.53800,E,143845.00,A,D*70
1780411126.223,$GNRMC,143846.00,A,1339.00076,N,10029.53819,E,0.835,123.69,020626,0.53,W,F,V*4A
1780411126.225,$GNVTG,123.69,T,124.22,M,0.835,N,1.547,K,D*39
1780411126.227,$GNGGA,143846.00,1339.00076,N,10029.53819,E,5,12,0.83,0.0,M,-27.8,M,1.0,0499*4C
1780411126.227,$GNGSA,A,3,26,28,31,32,,,,,,,,,1.49,0.83,1.23,1*0B
1780411126.228,$GNGSA,A,3,78,66,77,79,67,68,,,,,,,1.49,0.83,1.23,2*0B
1780411126.228,$GNGSA,A,3,05,06,09,16,25,31,34,,,,,,1.49,0.83,1.23,3*0B
1780411126.229,$GNGSA,A,3,06,07,09,10,23,24,25,33,,,,,1.49,0.83,1.23,4*0A
1780411126.230,$GPGSV,2,1,05,26,77,199,48,28,38,010,41,31,48,330,47,32,43,056,49,1*6B
1780411126.230,$GPGSV,2,2,05,50,56,115,45,1*53
1780411126.231,$GPGSV,2,1,06,03,14,324,18,10,39,156,19,26,77,199,44,28,38,010,41,6*6D
1780411126.232,$GPGSV,2,2,06,31,48,330,43,32,43,056,47,6*6A
1780411126.232,$GPGSV,3,1,10,01,12,279,,02,14,252,,16,42,199,,23,04,151,,0*6A
1780411126.233,$GPGSV,3,2,10,23,04,151,,25,08,038,,27,07,192,,29,06,083,,0*6F
1780411126.234,$GPGSV,3,3,10,29,06,083,,40,37,260,,0*66
1780411126.234,$GLGSV,2,1,06,66,26,112,36,67,51,041,48,68,22,345,41,77,22,022,36,1*7E
1780411126.235,$GLGSV,2,2,06,78,75,327,48,79,39,221,27,1*79
1780411126.236,$GLGSV,2,1,05,66,26,112,31,67,51,041,48,68,22,345,42,78,75,327,48,3*79
1780411126.236,$GLGSV,2,2,05,79,39,221,20,3*48
1780411126.237,$GLGSV,1,1,01,82,02,225,,0*45
1780411126.237,$GAGSV,2,1,08,05,40,357,47,06,17,085,32,09,32,064,46,16,61,077,51,2*7E
1780411126.238,$GAGSV,2,2,08,25,53,182,40,31,13,041,23,34,27,267,23,36,28,209,19,2*78
1780411126.239,$GAGSV,2,1,07,05,40,357,42,06,17,085,34,09,32,064,40,16,61,077,45,7*74
1780411126.240,$GAGSV,2,2,07,25,53,182,35,31,13,041,21,36,28,209,03,7*49
1780411126.240,$GAGSV,2,1,05,02,05,207,,03,11,310,,04,00,101,,11,05,166,,0*71
1780411126.241,$GAGSV,2,2,05,11,05,166,,0*45
1780411126.241,$GBGSV,2,1,08,06,61,151,48,07,46,007,44,09,89,188,48,10,54,353,42,1*71
1780411126.242,$GBGSV,2,2,08,23,51,246,20,24,13,036,27,25,65,357,46,33,62,086,51,1*74
1780411126.243,$GBGSV,1,1,02,09,89,188,49,10,54,353,50,3*72
1780411126.243,$GBGSV,2,1,07,01,42,107,,02,63,241,,03,71,141,,04,22,098,,0*76
1780411126.244,$GBGSV,2,2,07,04,22,098,,08,20,152,,13,09,190,,0*4A
1780411126.244,$GNGLL,1339.00076,N,10029.53819,E,143846.00,A,D*7B
1780411127.222,$GNRMC,143847.00,A,1339.00064,N,10029.53840,E,0.664,123.29,020626,0.53,W,F,V*4A
1780411127.224,$GNVTG,123.29,T,123.82,M,0.664,N,1.230,K,D*3D
1780411127.226,$GNGGA,143847.00,1339.00064,N,10029.53840,E,5,12,1.09,0.0,M,-27.8,M,1.0,0499*41
1780411127.226,$GNGSA,A,3,26,28,31,32,,,,,,,,,1.90,1.09,1.55,1*0D
1780411127.227,$GNGSA,A,3,78,66,77,79,67,68,,,,,,,1.90,1.09,1.55,2*0D
1780411127.228,$GNGSA,A,3,05,06,09,16,25,31,34,,,,,,1.90,1.09,1.55,3*0D
1780411127.228,$GNGSA,A,3,06,07,09,10,23,24,25,33,,,,,1.90,1.09,1.55,4*0C
1780411127.229,$GPGSV,2,1,06,16,42,199,27,26,77,199,47,28,38,010,40,31,48,330,46,1*6A
1780411127.230,$GPGSV,2,2,06,32,43,056,49,50,56,115,43,1*6E
1780411127.230,$GPGSV,2,1,06,03,14,324,19,10,39,156,17,26,77,199,46,28,38,010,40,6*61
1780411127.231,$GPGSV,2,2,06,31,48,330,44,32,43,056,45,6*6F
1780411127.232,$GPGSV,3,1,09,01,12,279,,02,14,252,,23,04,151,,25,08,038,,0*66
1780411127.233,$GPGSV,3,2,09,25,08,038,,27,07,192,,29,06,083,,40,37,260,,0*63
1780411127.233,$GPGSV,3,3,09,40,37,260,,0*58
1780411127.234,$GLGSV,2,1,06,66,26,112,29,67,51,041,48,68,22,345,40,77,22,022,37,1*70
1780411127.235,$GLGSV,2,2,06,78,75,327,47,79,39,221,26,1*77
1780411127.236,$GLGSV,2,1,05,66,26,112,32,67,51,041,48,68,22,345,42,78,75,327,49,3*7B
1780411127.236,$GLGSV,2,2,05,79,39,221,22,3*4A
1780411127.237,$GLGSV,1,1,01,82,02,225,,0*45
1780411127.237,$GAGSV,2,1,08,05,40,357,47,06,17,085,27,09,32,064,42,16,61,077,50,2*7F
1780411127.238,$GAGSV,2,2,08,25,53,182,40,31,13,041,30,34,27,267,21,36,28,209,19,2*78
1780411127.239,$GAGSV,2,1,06,05,40,357,43,06,17,085,30,09,32,064,41,16,61,077,46,7*72
1780411127.239,$GAGSV,2,2,06,31,13,041,18,36,28,209,08,7*75
1780411127.240,$GAGSV,2,1,05,02,05,207,,03,11,310,,04,00,101,,11,05,166,,0*71
1780411127.240,$GAGSV,2,2,05,11,05,166,,0*45
1780411127.241,$GBGSV,2,1,08,06,61,151,48,07,46,007,45,09,89,188,46,10,54,353,47,1*7B
1780411127.242,$GBGSV,2,2,08,23,51,246,20,24,13,036,27,25,65,357,49,33,62,086,49,1*72
1780411127.243,$GBGSV,1,1,02,09,89,188,48,10,54,353,48,3*7A
1780411127.243,$GBGSV,2,1,07,01,42,107,,02,63,241,,03,71,141,,04,22,098,,0*76
1780411127.244,$GBGSV,2,2,07,04,22,098,,08,20,152,,13,09,190,,0*4A
1780411127.244,$GNGLL,1339.00064,N,10029.53840,E,143847.00,A,D*75
1780411128.231,$GNRMC,143848.00,A,1339.00053,N,10029.53853,E,0.709,119.97,020626,0.53,W,F,V*45
1780411128.233,$GNVTG,119.97,T,120.49,M,0.709,N,1.313,K,D*3F
1780411128.235,$GNGGA,143848.00,1339.00053,N,10029.53853,E,5,12,0.90,0.0,M,-27.8,M,1.0,0499*49
1780411128.235,$GNGSA,A,3,16,26,28,31,32,,,,,,,,1.66,0.90,1.40,1*06
1780411128.236,$GNGSA,A,3,78,66,77,79,67,68,,,,,,,1.66,0.90,1.40,2*01
1780411128.236,$GNGSA,A,3,05,06,09,16,25,31,34,,,,,,1.66,0.90,1.40,3*01
1780411128.237,$GNGSA,A,3,06,07,09,10,24,25,33,,,,,,1.66,0.90,1.40,4*01
1780411128.238,$GPGSV,2,1,06,16,42,199,28,26,77,199,46,28,37,011,42,31,48,330,46,1*68
1780411128.238,$GPGSV,2,2,06,32,43,056,47,50,56,115,41,1*62
1780411128.240,$GPGSV,2,1,06,03,14,324,18,10,39,156,19,26,77,199,46,28,37,011,42,6*62
1780411128.240,$GPGSV,2,2,06,31,48,330,42,32,43,056,45,6*69
1780411128.241,$GPGSV,3,1,09,01,12,279,,02,14,252,,23,04,151,,25,08,038,,0*66
1780411128.242,$GPGSV,3,2,09,25,08,038,,27,07,192,,29,06,083,,40,37,260,,0*63
1780411128.242,$GPGSV,3,3,09,40,37,260,,0*58
1780411128.243,$GLGSV,2,1,06,66,26,112,22,67,51,041,47,68,22,345,41,77,22,022,37,1*75
1780411128.244,$GLGSV,2,2,06,78,75,327,48,79,39,221,25,1*7B
1780411128.245,$GLGSV,2,1,05,66,26,112,35,67,51,041,48,68,22,345,40,78,75,327,49,3*7E
1780411128.245,$GLGSV,2,2,05,79,39,221,25,3*4D
1780411128.246,$GLGSV,1,1,01,82,02,225,,0*45
1780411128.246,$GAGSV,2,1,08,05,40,357,48,06,17,085,31,09,32,064,46,16,61,077,49,2*7B
1780411128.247,$GAGSV,2,2,08,25,53,182,40,31,13,041,30,34,27,267,20,36,28,209,18,2*78
1780411128.248,$GAGSV,2,1,06,05,40,357,42,06,17,085,30,09,32,064,40,16,61,077,45,7*71
1780411128.249,$GAGSV,2,2,06,31,13,041,19,36,28,209,08,7*74
1780411128.249,$GAGSV,2,1,05,02,05,207,,03,11,310,,04,00,101,,11,05,166,,0*71
1780411128.250,$GAGSV,2,2,05,11,05,166,,0*45
1780411128.250,$GBGSV,2,1,08,06,61,151,50,07,46,007,45,09,89,188,47,10,54,353,45,1*71
1780411128.251,$GBGSV,2,2,08,23,51,246,19,24,13,036,25,25,65,357,48,33,62,086,51,1*72
1780411128.252,$GBGSV,1,1,02,09,89,188,50,10,54,353,47,3*7C
1780411128.252,$GBGSV,2,1,07,01,42,107,,02,63,241,,03,71,141,,04,22,098,,0*76
1780411128.253,$GBGSV,2,2,07,04,22,098,,08,20,152,,13,09,190,,0*4A
1780411128.253,$GNGLL,1339.00053,N,10029.53853,E,143848.00,A,D*7C
1780411129.223,$GNRMC,143849.00,A,1339.00042,N,10029.53870,E,0.673,121.91,020626,0.53,W,F,V*44
1780411129.225,$GNVTG,121.91,T,122.44,M,0.673,N,1.246,K,D*30
1780411129.226,$GNGGA,143849.00,1339.00042,N,10029.53870,E,5,12,0.86,0.0,M,-27.8,M,1.0,0499*4E
1780411129.227,$GNGSA,A,3,16,10,26,28,31,32,,,,,,,1.62,0.86,1.38,1*0B
1780411129.228,$GNGSA,A,3,78,66,77,79,67,68,,,,,,,1.62,0.86,1.38,2*0D
1780411129.228,$GNGSA,A,3,05,06,09,16,25,31,34,,,,,,1.62,0.86,1.38,3*0D
1780411129.229,$GNGSA,A,3,06,07,09,10,24,25,33,,,,,,1.62,0.86,1.38,4*0D
1780411129.229,$GPGSV,2,1,06,16,42,199,27,26,77,199,46,28,37,011,40,31,48,330,45,1*66
1780411129.230,$GPGSV,2,2,06,32,43,056,47,50,56,115,44,1*67
1780411129.231,$GPGSV,2,1,06,03,14,324,18,10,39,156,23,26,77,199,46,28,37,011,43,6*6A
1780411129.232,$GPGSV,2,2,06,31,48,330,44,32,43,056,43,6*69
1780411129.233,$GPGSV,3,1,09,01,12,279,,02,14,252,,23,04,151,,25,08,038,,0*66
1780411129.234,$GPGSV,3,2,09,25,08,038,,27,07,192,,29,06,082,,40,37,260,,0*62
1780411129.234,$GPGSV,3,3,09,40,37,260,,0*58
1780411129.235,$GLGSV,2,1,06,66,26,112,28,67,51,041,45,68,22,345,35,77,22,022,24,1*7C
1780411129.236,$GLGSV,2,2,06,78,75,327,46,79,39,221,31,1*70
1780411129.236,$GLGSV,2,1,05,66,26,112,27,67,51,041,50,68,22,345,39,78,75,327,49,3*7A
1780411129.237,$GLGSV,2,2,05,79,39,221,30,3*49
1780411129.237,$GLGSV,1,1,01,82,02,225,,0*45
1780411129.238,$GAGSV,2,1,08,05,40,357,48,06,17,085,32,09,32,064,45,16,61,077,52,2*71
1780411129.239,$GAGSV,2,2,08,25,53,182,31,31,13,041,22,34,27,267,21,36,28,209,18,2*7C
1780411129.240,$GAGSV,2,1,06,05,40,357,42,06,17,085,29,09,32,064,38,16,61,077,44,7*77
1780411129.240,$GAGSV,2,2,06,31,13,041,22,36,28,209,12,7*77
1780411129.241,$GAGSV,2,1,05,02,05,207,,03,11,310,,04,00,101,,11,05,166,,0*71
1780411129.241,$GAGSV,2,2,05,11,05,166,,0*45
1780411129.242,$GBGSV,2,1,08,06,61,151,50,07,46,007,47,09,89,188,47,10,54,353,43,1*75
1780411129.242,$GBGSV,2,2,08,23,51,246,19,24,13,036,25,25,65,357,48,33,62,086,47,1*75
1780411129.243,$GBGSV,1,1,02,09,89,188,50,10,54,353,50,3*7A
1780411129.243,$GBGSV,2,1,07,01,42,107,,02,63,241,,03,71,141,,04,22,098,,0*76
1780411129.244,$GBGSV,2,2,07,04,22,098,,08,20,152,,13,09,190,,0*4A
1780411129.244,$GNGLL,1339.00042,N,10029.53870,E,143849.00,A,D*7C
1780411130.225,$GNRMC,143850.00,A,1339.00031,N,10029.53888,E,0.729,120.02,020626,0.53,W,F,V*4A
1780411130.226,$GNVTG,120.02,T,120.54,M,0.729,N,1.350,K,D*30
1780411130.228,$GNGGA,143850.00,1339.00031,N,10029.53888,E,5,12,0.75,0.0,M,-27.8,M,1.0,0499*49
1780411130.229,$GNGSA,A,3,16,10,26,28,31,32,,,,,,,1.40,0.75,1.18,1*05
1780411130.229,$GNGSA,A,3,78,66,77,79,67,68,,,,,,,1.40,0.75,1.18,2*03
1780411130.230,$GNGSA,A,3,05,06,09,16,25,31,34,,,,,,1.40,0.75,1.18,3*03
1780411130.230,$GNGSA,A,3,06,07,09,10,23,24,25,33,,,,,1.40,0.75,1.18,4*02
1780411130.231,$GPGSV,2,1,06,16,42,199,26,26,77,199,48,28,37,011,36,31,48,330,41,1*6C
1780411130.231,$GPGSV,2,2,06,32,43,056,47,50,56,115,40,1*63
1780411130.232,$GPGSV,2,1,06,03,14,324,17,10,39,156,27,26,77,199,46,28,37,011,40,6*62
1780411130.232,$GPGSV,2,2,06,31,48,330,44,32,43,056,41,6*6B
1780411130.233,$GPGSV,3,1,09,01,12,279,,02,14,252,,23,04,151,,25,08,038,,0*66
1780411130.234,$GPGSV,3,2,09,25,08,038,,27,07,192,,29,06,082,,40,37,260,,0*62
1780411130.234,$GPGSV,3,3,09,40,37,260,,0*58
1780411130.235,$GLGSV,2,1,06,66,26,112,32,67,51,041,47,68,22,345,43,77,22,022,35,1*74
1780411130.235,$GLGSV,2,2,06,78,75,327,48,79,39,221,31,1*7E
1780411130.236,$GLGSV,2,1,05,66,26,112,27,67,51,041,50,68,22,345,38,78,75,327,50,3*73
1780411130.236,$GLGSV,2,2,05,79,39,221,27,3*4F
1780411130.237,$GLGSV,1,1,01,82,02,225,,0*45
1780411130.237,$GAGSV,2,1,07,05,40,357,47,06,17,085,32,09,32,064,44,16,61,077,52,2*70
1780411130.238,$GAGSV,2,2,07,25,53,182,27,34,27,267,21,36,28,209,17,2*4E
1780411130.238,$GAGSV,2,1,07,05,40,357,41,06,17,085,28,09,32,064,40,16,61,077,47,7*78
1780411130.239,$GAGSV,2,2,07,25,53,182,35,31,13,041,22,36,28,209,14,7*4C
1780411130.240,$GAGSV,2,1,05,02,05,207,,03,11,310,,04,00,101,,11,05,166,,0*71
1780411130.240,$GAGSV,2,2,05,11,05,166,,0*45
1780411130.241,$GBGSV,2,1,08,06,61,151,49,07,46,007,46,09,89,188,46,10,54,353,44,1*7A
1780411130.242,$GBGSV,2,2,08,23,51,246,27,24,13,036,25,25,65,357,50,33,62,086,50,1*77
1780411130.242,$GBGSV,1,1,02,09,89,188,48,10,54,353,47,3*75
1780411130.243,$GBGSV,2,1,07,01,42,107,,02,63,241,,03,71,141,,04,22,098,,0*76
1780411130.244,$GBGSV,2,2,07,04,22,098,,08,20,152,,13,09,190,,0*4A
1780411130.244,$GNGLL,1339.00031,N,10029.53888,E,143850.00,A,D*77
1780411131.221,$GNRMC,143851.00,A,1339.00020,N,10029.53905,E,0.658,121.01,020626,0.53,W,F,V*4A
1780411131.223,$GNVTG,121.01,T,121.54,M,0.658,N,1.219,K,D*38
1780411131.225,$GNGGA,143851.00,1339.00020,N,10029.53905,E,5,12,0.75,0.0,M,-27.8,M,1.0,0499*4C
1780411131.225,$GNGSA,A,3,16,10,26,28,31,32,,,,,,,1.40,0.75,1.18,1*05
1780411131.226,$GNGSA,A,3,78,66,77,79,67,68,,,,,,,1.40,0.75,1.18,2*03
1780411131.227,$GNGSA,A,3,05,06,09,16,25,31,34,,,,,,1.40,0.75,1.18,3*03
1780411131.227,$GNGSA,A,3,06,07,09,10,23,24,25,33,,,,,1.40,0.75,1.18,4*02
1780411131.228,$GPGSV,2,1,06,16,42,199,27,26,77,199,49,28,37,011,38,31,47,331,44,1*69
1780411131.229,$GPGSV,2,2,06,32,43,056,43,50,56,115,42,1*65
1780411131.230,$GPGSV,2,1,06,03,14,324,18,10,39,156,28,26,77,199,46,28,37,011,40,6*62
1780411131.231,$GPGSV,2,2,06,31,47,331,42,32,43,056,43,6*61
1780411131.231,$GPGSV,3,1,09,01,12,279,,02,14,252,,23,04,151,,25,08,038,,0*66
1780411131.232,$GPGSV,3,2,09,25,08,038,,27,07,192,,29,06,082,,40,37,260,,0*62
1780411131.232,$GPGSV,3,3,09,40,37,260,,0*58
1780411131.233,$GLGSV,2,1,06,66,26,112,28,67,51,041,46,68,22,345,37,77,22,022,32,1*7A
1780411131.234,$GLGSV,2,2,06,78,75,327,49,79,39,221,27,1*78
1780411131.235,$GLGSV,2,1,05,66,26,112,28,67,51,041,47,68,22,345,43,78,75,327,50,3*76
1780411131.235,$GLGSV,2,2,05,79,39,221,27,3*4F
1780411131.236,$GLGSV,1,1,01,82,02,225,,0*45
1780411131.236,$GAGSV,2,1,07,05,40,357,46,06,17,085,32,09,32,064,44,16,61,077,53,2*70
1780411131.237,$GAGSV,2,2,07,25,53,182,35,34,27,267,20,36,28,209,19,2*42
1780411131.238,$GAGSV,2,1,07,05,40,357,41,06,17,085,26,09,32,064,41,16,61,077,43,7*73
1780411131.238,$GAGSV,2,2,07,25,53,182,37,31,13,041,22,36,28,209,15,7*4F
1780411131.239,$GAGSV,2,1,05,02,05,207,,03,11,310,,04,00,101,,11,05,166,,0*71
1780411131.240,$GAGSV,2,2,05,11,05,166,,0*45
1780411131.240,$GBGSV,2,1,08,06,61,151,49,07,46,007,45,09,89,188,47,10,54,353,43,1*7F
1780411131.241,$GBGSV,2,2,08,23,51,246,21,24,13,036,30,25,65,357,46,33,62,086,48,1*7B
1780411131.242,$GBGSV,1,1,02,09,89,188,49,10,54,353,47,3*74
1780411131.242,$GBGSV,2,1,07,01,42,107,,02,63,241,,03,71,141,,04,22,098,,0*76
1780411131.243,$GBGSV,2,2,07,04,22,098,,08,20,152,,13,09,190,,0*4A
1780411131.243,$GNGLL,1339.00020,N,10029.53905,E,143851.00,A,D*72
1780411132.223,$GNRMC,143852.00,A,1339.00011,N,10029.53922,E,0.766,118.55,020626,0.53,W,F,V*49
1780411132.225,$GNVTG,118.55,T,119.08,M,0.766,N,1.419,K,D*3B
1780411132.227,$GNGGA,143852.00,1339.00011,N,10029.53922,E,5,12,0.81,0.0,M,-27.8,M,1.0,0499*43
1780411132.227,$GNGSA,A,3,10,26,28,31,32,,,,,,,,1.55,0.81,1.32,1*05
1780411132.228,$GNGSA,A,3,78,66,77,79,67,68,,,,,,,1.55,0.81,1.32,2*04
1780411132.229,$GNGSA,A,3,36,05,06,09,16,25,31,34,,,,,1.55,0.81,1.32,3*01
1780411132.229,$GNGSA,A,3,06,07,09,10,23,24,25,33,,,,,1.55,0.81,1.32,4*05
1780411132.230,$GPGSV,2,1,05,26,77,199,48,28,37,011,40,31,47,331,47,32,43,058,42,1*6F
1780411132.230,$GPGSV,2,2,05,50,56,115,44,1*52
1780411132.231,$GPGSV,2,1,06,03,14,324,18,10,39,156,26,26,77,199,45,28,37,011,39,6*61
1780411132.232,$GPGSV,2,2,06,31,47,331,44,32,43,058,42,6*68
1780411132.233,$GPGSV,3,1,10,01,12,279,,02,14,252,,16,42,199,,23,04,151,,0*6A
1780411132.234,$GPGSV,3,2,10,23,04,151,,25,08,038,,27,07,192,,29,06,082,,0*6E
1780411132.234,$GPGSV,3,3,10,29,06,082,,40,37,260,,0*67
1780411132.235,$GLGSV,2,1,06,66,26,112,29,67,51,041,47,68,22,345,39,77,22,022,31,1*77
1780411132.236,$GLGSV,2,2,06,78,75,327,48,79,39,221,27,1*79
1780411132.236,$GLGSV,2,1,05,66,26,112,29,67,51,041,48,68,22,345,42,78,75,327,50,3*79
1780411132.237,$GLGSV,2,2,05,79,39,221,17,3*4C
1780411132.237,$GLGSV,1,1,01,82,02,225,,0*45
1780411132.238,$GAGSV,2,1,07,05,40,357,46,06,17,085,32,09,32,064,45,16,61,077,50,2*72
1780411132.239,$GAGSV,2,2,07,25,53,182,43,34,27,267,20,36,28,209,20,2*49
1780411132.240,$GAGSV,2,1,07,05,40,357,43,06,17,085,26,09,32,064,40,16,61,077,47,7*74
1780411132.240,$GAGSV,2,2,07,25,53,182,37,31,13,041,24,36,28,209,16,7*4A
1780411132.241,$GAGSV,2,1,05,02,05,207,,03,11,310,,04,00,101,,11,05,166,,0*71
1780411132.242,$GAGSV,2,2,05,11,05,166,,0*45
1780411132.242,$GBGSV,2,1,08,06,61,151,49,07,46,007,46,09,89,188,47,10,54,353,45,1*7A
1780411132.243,$GBGSV,2,2,08,23,51,246,20,24,13,036,30,25,65,357,49,33,62,086,51,1*7D
1780411132.244,$GBGSV,1,1,02,09,89,188,51,10,54,353,49,3*73
1780411132.244,$GBGSV,2,1,07,01,42,107,,02,63,241,,03,71,141,,04,22,098,,0*76
1780411132.245,$GBGSV,2,2,07,04,22,098,,08,20,152,,13,09,190,,0*4A
1780411132.245,$GNGLL,1339.00011,N,10029.53922,E,143852.00,A,D*76
1780411133.217,$GNRMC,143853.00,A,1339.00003,N,10029.53942,E,0.793,120.42,020626,0.53,W,F,V*4A
1780411133.219,$GNVTG,120.42,T,120.95,M,0.793,N,1.468,K,D*34
1780411133.221,$GNGGA,143853.00,1339.00003,N,10029.53942,E,5,12,1.00,0.2,M,-27.8,M,1.0,0499*4D
1780411133.221,$GNGSA,A,3,10,26,28,31,32,,,,,,,,1.78,1.00,1.47,1*00
1780411133.222,$GNGSA,A,3,78,66,77,79,67,68,,,,,,,1.78,1.00,1.47,2*01
1780411133.223,$GNGSA,A,3,36,05,06,09,16,25,31,,,,,,1.78,1.00,1.47,3*03
1780411133.223,$GNGSA,A,3,06,07,09,10,23,24,25,33,,,,,1.78,1.00,1.47,4*00
1780411133.224,$GPGSV,2,1,06,26,77,199,46,28,37,011,41,31,47,331,48,32,43,058,40,1*6E
1780411133.225,$GPGSV,2,2,06,42,70,217,46,50,56,115,42,1*60
1780411133.226,$GPGSV,2,1,06,03,14,324,18,10,39,156,23,26,77,199,47,28,37,011,44,6*6C
1780411133.227,$GPGSV,2,2,06,31,47,331,43,32,43,058,39,6*63
1780411133.227,$GPGSV,3,1,09,01,12,279,,02,14,252,,16,42,199,,23,04,151,,0*62
1780411133.228,$GPGSV,3,2,09,23,04,151,,25,08,038,,27,07,192,,29,06,082,,0*66
1780411133.228,$GPGSV,3,3,09,29,06,082,,0*5B
1780411133.229,$GLGSV,2,1,06,66,26,112,27,67,51,041,45,68,22,345,30,77,22,022,31,1*72
1780411133.230,$GLGSV,2,2,06,78,75,327,49,79,39,221,25,1*7A
1780411133.230,$GLGSV,2,1,05,66,26,112,31,67,51,041,49,68,22,345,42,78,75,327,49,3*79
1780411133.231,$GLGSV,2,2,05,79,39,221,19,3*42
1780411133.231,$GLGSV,1,1,01,82,02,225,,0*45
1780411133.232,$GAGSV,2,1,08,05,40,357,48,06,17,085,36,09,32,064,45,16,61,077,50,2*77
1780411133.233,$GAGSV,2,2,08,25,53,182,46,31,13,041,33,34,27,267,19,36,28,209,21,2*7D
1780411133.233,$GAGSV,2,1,06,05,40,357,42,06,17,085,27,09,32,064,40,16,61,077,43,7*71
1780411133.234,$GAGSV,2,2,06,25,53,182,34,31,13,041,23,7*7C
1780411133.234,$GAGSV,2,1,05,02,05,207,,03,11,310,,04,00,101,,11,05,166,,0*71
1780411133.235,$GAGSV,2,2,05,11,05,166,,0*45
1780411133.235,$GBGSV,2,1,08,06,61,151,48,07,46,007,45,09,89,188,47,10,54,353,44,1*79
1780411133.236,$GBGSV,2,2,08,23,51,246,26,24,13,036,24,25,65,357,49,33,62,086,49,1*77
1780411133.236,$GBGSV,1,1,02,09,89,188,48,10,54,353,49,3*7B
1780411133.237,$GBGSV,2,1,07,01,42,107,,02,63,241,,03,71,141,,04,22,098,,0*76
1780411133.237,$GBGSV,2,2,07,04,22,098,,08,20,152,,13,09,190,,0*4A
1780411133.238,$GNGLL,1339.00003,N,10029.53942,E,143853.00,A,D*72
1780411134.226,$GNRMC,143854.00,A,1338.99993,N,10029.53962,E,0.681,114.35,020626,0.53,W,F,V*4B
1780411134.228,$GNVTG,114.35,T,114.88,M,0.681,N,1.262,K,D*36
1780411134.230,$GNGGA,143854.00,1338.99993,N,10029.53962,E,5,12,1.00,0.2,M,-27.8,M,1.0,0499*49
1780411134.230,$GNGSA,A,3,10,26,28,31,32,,,,,,,,1.78,1.00,1.47,1*00
1780411134.231,$GNGSA,A,3,78,66,77,79,67,68,,,,,,,1.78,1.00,1.47,2*01
1780411134.231,$GNGSA,A,3,36,05,06,09,16,25,31,,,,,,1.78,1.00,1.47,3*03
1780411134.232,$GNGSA,A,3,06,07,09,10,23,24,25,33,,,,,1.78,1.00,1.47,4*00
1780411134.232,$GPGSV,2,1,07,13,,,28,26,77,199,47,28,37,011,42,31,47,331,47,1*55
1780411134.233,$GPGSV,2,2,07,32,43,058,40,42,70,217,47,50,56,115,41,1*5C
1780411134.234,$GPGSV,2,1,06,03,14,324,19,10,39,156,20,26,77,199,46,28,37,011,41,6*6A
1780411134.234,$GPGSV,2,2,06,31,47,331,44,32,43,058,38,6*65
1780411134.235,$GPGSV,3,1,09,01,12,279,,02,14,252,,16,42,199,,23,04,151,,0*62
1780411134.235,$GPGSV,3,2,09,23,04,151,,25,08,038,,27,07,192,,29,06,082,,0*66
1780411134.236,$GPGSV,3,3,09,29,06,082,,0*5B
1780411134.237,$GLGSV,2,1,06,66,26,112,25,67,51,041,48,68,22,345,39,77,22,022,31,1*74
1780411134.237,$GLGSV,2,2,06,78,75,327,50,79,39,221,25,1*72
1780411134.238,$GLGSV,2,1,05,66,26,112,27,67,51,041,50,68,22,345,34,78,75,327,48,3*76
1780411134.238,$GLGSV,2,2,05,79,39,221,20,3*48
1780411134.238,$GLGSV,1,1,01,82,02,225,,0*45
1780411134.239,$GAGSV,2,1,08,05,40,357,49,06,17,085,37,09,32,064,47,16,61,077,51,2*74
1780411134.240,$GAGSV,2,2,08,25,53,182,47,31,13,041,33,34,27,267,16,36,28,209,20,2*72
1780411134.240,$GAGSV,2,1,06,05,40,357,42,06,17,085,26,09,32,064,41,16,61,077,46,7*74
1780411134.241,$GAGSV,2,2,06,25,53,182,34,31,13,041,25,7*7A
1780411134.241,$GAGSV,2,1,05,02,05,207,,03,11,310,,04,00,101,,11,05,166,,0*71
1780411134.242,$GAGSV,2,2,05,11,05,166,,0*45
1780411134.242,$GBGSV,2,1,08,06,61,151,48,07,46,007,45,09,89,188,47,10,54,353,44,1*79
1780411134.243,$GBGSV,2,2,08,23,51,246,20,24,13,036,22,25,65,357,48,33,62,086,47,1*78
1780411134.243,$GBGSV,1,1,02,09,89,188,48,10,54,353,47,3*75
1780411134.244,$GBGSV,2,1,07,01,42,107,,02,63,241,,03,71,141,,04,22,098,,0*76
1780411134.244,$GBGSV,2,2,07,04,22,098,,08,20,152,,13,09,190,,0*4A
1780411134.245,$GNGLL,1338.99993,N,10029.53962,E,143854.00,A,D*76
1780411135.221,$GNRMC,143855.00,A,1338.99982,N,10029.53979,E,0.719,123.13,020626,0.53,W,F,V*40
1780411135.222,$GNVTG,123.13,T,123.65,M,0.719,N,1.332,K,D*35
1780411135.224,$GNGGA,143855.00,1338.99982,N,10029.53979,E,5,12,1.00,0.1,M,-27.8,M,1.0,0499*41
1780411135.225,$GNGSA,A,3,10,26,28,31,32,,,,,,,,1.70,1.00,1.37,1*0F
1780411135.225,$GNGSA,A,3,78,66,77,79,67,68,,,,,,,1.70,1.00,1.37,2*0E
1780411135.226,$GNGSA,A,3,05,06,09,16,25,31,,,,,,,1.70,1.00,1.37,3*09
1780411135.226,$GNGSA,A,3,06,07,09,10,23,24,25,33,,,,,1.70,1.00,1.37,4*0F
1780411135.227,$GPGSV,2,1,06,26,77,199,47,28,37,011,43,31,47,331,44,32,43,058,40,1*61
1780411135.227,$GPGSV,2,2,06,42,70,217,46,50,56,115,42,1*60
1780411135.228,$GPGSV,2,1,06,03,14,324,19,10,39,156,24,26,77,199,45,28,37,011,42,6*6E
1780411135.229,$GPGSV,2,2,06,31,47,331,44,32,43,058,40,6*6A
1780411135.229,$GPGSV,3,1,09,01,12,279,,02,14,252,,16,42,199,,23,04,151,,0*62
1780411135.230,$GPGSV,3,2,09,23,04,151,,25,08,038,,27,07,192,,29,06,082,,0*66
1780411135.230,$GPGSV,3,3,09,29,06,082,,0*5B
1780411135.231,$GLGSV,2,1,06,66,26,112,26,67,51,041,48,68,22,345,39,77,22,022,34,1*72
1780411135.231,$GLGSV,2,2,06,78,75,327,50,79,39,221,21,1*76
1780411135.232,$GLGSV,2,1,05,66,26,112,28,67,51,041,48,68,22,345,39,78,75,327,48,3*7D
1780411135.232,$GLGSV,2,2,05,79,39,221,20,3*48
1780411135.233,$GLGSV,1,1,01,82,02,225,,0*45
1780411135.233,$GAGSV,2,1,08,05,40,357,49,06,17,085,39,09,32,064,48,16,61,077,52,2*76
1780411135.234,$GAGSV,2,2,08,25,53,182,47,31,13,041,34,34,27,267,15,36,28,209,17,2*72
1780411135.235,$GAGSV,2,1,06,05,40,357,43,06,17,085,26,09,32,064,45,16,61,077,47,7*70
1780411135.235,$GAGSV,2,2,06,25,53,182,42,31,13,041,25,7*7B
1780411135.236,$GAGSV,2,1,05,02,05,207,,03,11,310,,04,00,101,,11,05,166,,0*71
1780411135.236,$GAGSV,2,2,05,11,05,166,,0*45
1780411135.236,$GBGSV,2,1,08,06,61,151,48,07,46,007,46,09,89,188,47,10,54,353,44,1*7A
1780411135.237,$GBGSV,2,2,08,23,51,246,22,24,13,036,25,25,65,357,49,33,62,086,51,1*7B
1780411135.238,$GBGSV,1,1,02,09,89,188,50,10,54,353,48,3*73
1780411135.238,$GBGSV,2,1,07,01,42,107,,02,63,241,,03,71,141,,04,22,098,,0*76
1780411135.239,$GBGSV,2,2,07,04,22,098,,08,20,152,,13,09,190,,0*4A
1780411135.239,$GNGLL,1338.99982,N,10029.53979,E,143855.00,A,D*7D
1780411136.224,$GNRMC,143856.00,A,1338.99971,N,10029.53997,E,0.752,121.52,020626,0.53,W,F,V*47
1780411136.226,$GNVTG,121.52,T,122.04,M,0.752,N,1.393,K,D*30
1780411136.227,$GNGGA,143856.00,1338.99971,N,10029.53997,E,5,12,1.00,0.1,M,-27.8,M,1.0,0499*4E
1780411136.228,$GNGSA,A,3,10,26,28,31,32,,,,,,,,1.70,1.00,1.37,1*0F
1780411136.228,$GNGSA,A,3,78,66,77,79,67,68,,,,,,,1.70,1.00,1.37,2*0E
1780411136.229,$GNGSA,A,3,05,06,09,16,25,31,,,,,,,1.70,1.00,1.37,3*09
1780411136.229,$GNGSA,A,3,06,07,09,10,23,24,25,33,,,,,1.70,1.00,1.37,4*0F
1780411136.230,$GPGSV,2,1,06,26,77,199,46,28,37,011,42,31,47,331,43,32,43,058,43,1*65
1780411136.230,$GPGSV,2,2,06,42,70,217,47,50,56,115,44,1*67
1780411136.231,$GPGSV,2,1,06,03,14,324,19,10,39,156,25,26,77,199,45,28,37,011,40,6*6D
1780411136.232,$GPGSV,2,2,06,31,47,331,40,32,43,058,42,6*6C
1780411136.232,$GPGSV,3,1,09,01,12,279,,02,14,252,,16,42,199,,23,04,151,,0*62
1780411136.233,$GPGSV,3,2,09,23,04,151,,25,08,038,,27,07,192,,29,06,082,,0*66
1780411136.233,$GPGSV,3,3,09,29,06,082,,0*5B
1780411136.234,$GLGSV,2,1,06,66,26,112,26,67,51,041,48,68,22,345,42,77,22,022,35,1*7F
1780411136.234,$GLGSV,2,2,06,78,75,327,49,79,39,221,21,1*7E
1780411136.235,$GLGSV,2,1,05,66,26,112,27,67,51,041,48,68,22,345,40,78,75,327,48,3*7C
1780411136.235,$GLGSV,2,2,05,79,39,221,18,3*43
1780411136.236,$GLGSV,1,1,01,82,02,225,,0*45
1780411136.236,$GAGSV,2,1,08,05,40,357,49,06,17,085,37,09,32,064,48,16,61,077,51,2*7B
1780411136.237,$GAGSV,2,2,08,25,53,182,45,31,13,041,31,34,27,267,14,36,28,209,16,2*75
1780411136.237,$GAGSV,2,1,07,05,40,357,43,06,17,085,26,09,32,064,45,16,61,077,43,7*75
1780411136.238,$GAGSV,2,2,07,25,53,182,44,31,13,041,26,36,28,209,08,7*43
1780411136.238,$GAGSV,2,1,05,02,05,207,,03,11,310,,04,00,101,,11,05,166,,0*71
1780411136.239,$GAGSV,2,2,05,11,05,166,,0*45
1780411136.239,$GBGSV,2,1,08,06,61,151,47,07,46,007,45,09,89,188,48,10,54,353,44,1*79
1780411136.240,$GBGSV,2,2,08,23,51,246,23,24,13,036,26,25,65,357,49,33,62,086,47,1*7E
1780411136.240,$GBGSV,1,1,02,09,89,188,49,10,54,353,47,3*74
1780411136.241,$GBGSV,2,1,07,01,42,107,,02,63,241,,03,71,141,,04,22,098,,0*76
1780411136.241,$GBGSV,2,2,07,04,22,098,,08,20,152,,13,09,190,,0*4A
1780411136.242,$GNGLL,1338.99971,N,10029.53997,E,143856.00,A,D*72
1780411137.224,$GNRMC,143857.00,A,1338.99960,N,10029.54016,E,0.801,117.80,020626,0.53,W,F,V*42
1780411137.225,$GNVTG,117.80,T,118.33,M,0.801,N,1.484,K,D*3F
1780411137.227,$GNGGA,143857.00,1338.99960,N,10029.54016,E,5,12,1.00,0.1,M,-27.8,M,1.0,0499*48
1780411137.228,$GNGSA,A,3,10,26,28,31,32,,,,,,,,1.78,1.00,1.47,1*00
1780411137.228,$GNGSA,A,3,78,66,77,79,67,68,,,,,,,1.78,1.00,1.47,2*01
1780411137.228,$GNGSA,A,3,05,06,09,16,25,31,,,,,,,1.78,1.00,1.47,3*06
1780411137.229,$GNGSA,A,3,06,07,09,10,23,24,25,33,,,,,1.78,1.00,1.47,4*00
1780411137.230,$GPGSV,2,1,07,16,42,199,26,26,77,199,48,28,37,011,42,31,47,331,44,1*65
1780411137.230,$GPGSV,2,2,07,32,43,058,44,42,70,217,48,50,56,115,43,1*55
1780411137.231,$GPGSV,2,1,06,03,14,324,19,10,39,156,25,26,77,199,46,28,37,011,39,6*60
1780411137.231,$GPGSV,2,2,06,31,47,331,40,32,43,058,39,6*60
1780411137.232,$GPGSV,2,1,08,01,12,279,,02,14,252,,23,04,151,,25,08,038,,0*66
1780411137.232,$GPGSV,2,2,08,25,08,038,,27,07,192,,29,06,082,,40,37,260,,0*62
1780411137.233,$GLGSV,2,1,06,66,26,112,24,67,51,041,48,68,22,345,41,77,22,022,35,1*7E
1780411137.233,$GLGSV,2,2,06,78,75,327,49,79,39,221,28,1*77
1780411137.234,$GLGSV,2,1,05,66,26,112,26,67,51,041,48,68,22,345,38,78,75,327,49,3*73
1780411137.234,$GLGSV,2,2,05,79,39,221,19,3*42
1780411137.235,$GLGSV,1,1,01,82,02,225,,0*45
1780411137.235,$GAGSV,2,1,08,05,40,357,49,06,17,085,38,09,32,064,49,16,61,077,51,2*75
1780411137.236,$GAGSV,2,2,08,25,53,182,45,31,13,041,30,34,27,267,14,36,28,209,19,2*7B
1780411137.237,$GAGSV,2,1,07,05,40,357,42,06,17,085,34,09,32,064,42,16,61,077,46,7*75
1780411137.237,$GAGSV,2,2,07,25,53,182,44,31,13,041,26,36,28,209,12,7*48
1780411137.238,$GAGSV,2,1,05,02,05,207,,03,11,310,,04,00,101,,11,05,166,,0*71
1780411137.238,$GAGSV,2,2,05,11,05,166,,0*45
1780411137.238,$GBGSV,2,1,08,06,61,151,48,07,46,007,44,09,89,188,47,10,54,353,44,1*78
1780411137.239,$GBGSV,2,2,08,23,51,246,22,24,13,036,25,25,65,357,48,33,62,086,49,1*73
1780411137.239,$GBGSV,1,1,02,09,89,188,50,10,54,353,49,3*72
1780411137.240,$GBGSV,2,1,07,01,42,107,,02,63,241,,03,71,141,,04,22,098,,0*76
1780411137.240,$GBGSV,2,2,07,04,22,098,,08,20,152,,13,09,190,,0*4A
1780411137.241,$GNGLL,1338.99960,N,10029.54016,E,143857.00,A,D*74
1780411138.224,$GNRMC,143858.00,A,1338.99950,N,10029.54034,E,0.633,125.16,020626,0.53,W,F,V*4F
1780411138.226,$GNVTG,125.16,T,125.69,M,0.633,N,1.173,K,D*32
1780411138.227,$GNGGA,143858.00,1338.99950,N,10029.54034,E,5,12,0.81,0.1,M,-27.8,M,1.0,0499*4C
1780411138.228,$GNGSA,A,3,10,26,28,31,32,,,,,,,,1.55,0.81,1.32,1*05
1780411138.228,$GNGSA,A,3,78,66,77,79,67,68,,,,,,,1.55,0.81,1.32,2*04
1780411138.229,$GNGSA,A,3,36,05,06,09,16,25,31,,,,,,1.55,0.81,1.32,3*06
1780411138.229,$GNGSA,A,3,06,07,09,10,23,24,25,33,,,,,1.55,0.81,1.32,4*05
1780411138.230,$GPGSV,2,1,08,03,14,324,27,10,39,156,33,26,77,199,48,28,37,011,40,1*63
1780411138.230,$GPGSV,2,2,08,31,47,331,46,32,43,058,44,42,70,217,46,50,56,115,41,1*64
1780411138.231,$GPGSV,2,1,06,03,14,324,19,10,39,156,22,26,77,199,47,28,37,011,40,6*68
1780411138.232,$GPGSV,2,2,06,31,47,331,40,32,43,058,40,6*6E
1780411138.232,$GPGSV,3,1,09,01,12,279,,02,14,252,,16,42,199,,23,04,151,,0*62
1780411138.233,$GPGSV,3,2,09,23,04,151,,25,08,038,,27,07,192,,29,06,082,,0*66
1780411138.233,$GPGSV,3,3,09,29,06,082,,0*5B
1780411138.234,$GLGSV,2,1,06,66,26,112,23,67,51,041,48,68,22,345,35,77,22,022,36,1*79
1780411138.234,$GLGSV,2,2,06,78,75,327,47,79,39,221,28,1*79
1780411138.235,$GLGSV,2,1,05,66,26,112,26,67,51,041,49,68,22,345,42,78,75,327,48,3*7E
1780411138.235,$GLGSV,2,2,05,79,39,221,20,3*48
1780411138.236,$GLGSV,1,1,01,82,02,225,,0*45
1780411138.236,$GAGSV,2,1,08,05,40,357,47,06,17,085,40,09,32,064,48,16,61,077,52,2*76
1780411138.237,$GAGSV,2,2,08,25,53,182,48,31,13,041,32,34,27,267,16,36,28,209,20,2*7C
1780411138.238,$GAGSV,2,1,07,05,40,357,42,06,17,085,33,09,32,064,39,16,61,077,48,7*70
1780411138.238,$GAGSV,2,2,07,25,53,182,44,31,13,041,26,36,28,209,17,7*4D
1780411138.239,$GAGSV,2,1,05,02,05,207,,03,11,310,,04,00,101,,11,05,166,,0*71
1780411138.239,$GAGSV,2,2,05,11,05,166,,0*45
1780411138.240,$GBGSV,2,1,08,06,61,151,46,07,46,007,44,09,89,188,48,10,54,353,45,1*78
1780411138.240,$GBGSV,2,2,08,23,51,246,23,24,13,036,25,25,65,357,48,33,62,086,51,1*7B
1780411138.241,$GBGSV,1,1,02,09,89,188,50,10,54,353,49,3*72
1780411138.241,$GBGSV,2,1,07,01,42,107,,02,63,241,,03,71,141,,04,22,098,,0*76
1780411138.242,$GBGSV,2,2,07,04,22,098,,08,20,152,,13,09,190,,0*4A
1780411138.242,$GNGLL,1338.99950,N,10029.54034,E,143858.00,A,D*78
1780411139.223,$GNRMC,143859.00,A,1338.99939,N,10029.54056,E,0.717,119.10,020626,0.53,W,F,V*4B
1780411139.225,$GNVTG,119.10,T,119.63,M,0.717,N,1.327,K,D*3A
1780411139.227,$GNGGA,143859.00,1338.99939,N,10029.54056,E,5,12,0.81,0.1,M,-27.8,M,1.0,0499*46
1780411139.227,$GNGSA,A,3,10,26,28,31,32,,,,,,,,1.55,0.81,1.32,1*05
1780411139.227,$GNGSA,A,3,78,66,77,79,67,68,,,,,,,1.55,0.81,1.32,2*04
1780411139.228,$GNGSA,A,3,05,06,09,16,25,31,,,,,,,1.55,0.81,1.32,3*03
1780411139.228,$GNGSA,A,3,06,07,09,10,23,24,25,33,,,,,1.55,0.81,1.32,4*05
1780411139.229,$GPGSV,2,1,06,26,77,199,47,28,37,011,38,31,47,331,46,32,43,058,42,1*6D
1780411139.229,$GPGSV,2,2,06,42,70,217,45,50,56,115,40,1*61
1780411139.230,$GPGSV,2,1,06,03,14,324,20,10,39,156,20,26,77,199,47,28,37,011,43,6*63
1780411139.230,$GPGSV,2,2,06,31,47,331,44,32,43,058,40,6*6A
1780411139.232,$GPGSV,3,1,09,01,12,279,,02,14,252,,16,42,199,,23,04,151,,0*62
1780411139.232,$GPGSV,3,2,09,23,04,151,,25,08,038,,27,07,192,,29,06,082,,0*66
1780411139.232,$GPGSV,3,3,09,29,06,082,,0*5B
1780411139.233,$GLGSV,2,1,06,66,26,112,24,67,51,041,46,68,22,345,37,77,22,022,34,1*70
1780411139.234,$GLGSV,2,2,06,78,75,327,48,79,39,221,26,1*78
1780411139.234,$GLGSV,2,1,05,66,26,112,24,67,51,041,48,68,22,345,40,78,75,327,48,3*7F
1780411139.235,$GLGSV,2,2,05,79,39,221,20,3*48
1780411139.235,$GLGSV,1,1,01,82,02,225,,0*45
1780411139.236,$GAGSV,2,1,08,05,40,357,47,06,17,085,40,09,32,064,43,16,61,077,52,2*7D
1780411139.236,$GAGSV,2,2,08,25,53,182,51,31,13,041,27,34,27,267,18,36,28,209,19,2*74
1780411139.237,$GAGSV,2,1,07,05,40,357,42,06,17,085,32,09,32,064,42,16,61,077,44,7*71
1780411139.238,$GAGSV,2,2,07,25,53,182,43,31,13,041,27,36,28,209,16,7*4A
1780411139.238,$GAGSV,2,1,05,02,05,207,,03,11,310,,04,00,101,,11,05,166,,0*71
1780411139.239,$GAGSV,2,2,05,11,05,166,,0*45
1780411139.239,$GBGSV,2,1,08,06,61,151,46,07,46,007,44,09,89,188,46,10,54,353,44,1*77
1780411139.240,$GBGSV,2,2,08,23,51,246,25,24,13,036,24,25,65,357,47,33,62,086,46,1*75
1780411139.240,$GBGSV,1,1,02,09,89,188,48,10,54,353,48,3*7A
1780411139.241,$GBGSV,2,1,07,01,42,107,,02,63,241,,03,71,141,,04,22,098,,0*76
1780411139.242,$GBGSV,2,2,07,04,22,098,,08,20,152,,13,09,190,,0*4A
1780411139.242,$GNGLL,1338.99939,N,10029.54056,E,143859.00,A,D*72
1780411140.227,$GNRMC,143900.00,A,1338.99928,N,10029.54074,E,0.809,122.13,020626,0.53,W,F,V*4D
1780411140.228,$GNVTG,122.13,T,122.66,M,0.809,N,1.498,K,D*3F
1780411140.229,$GNGGA,143900.00,1338.99928,N,10029.54074,E,5,12,0.81,0.1,M,-27.8,M,1.0,0499*4B
1780411140.229,$GNGSA,A,3,10,26,28,31,32,,,,,,,,1.55,0.81,1.32,1*05
1780411140.230,$GNGSA,A,3,78,66,77,79,67,68,,,,,,,1.55,0.81,1.32,2*04
1780411140.230,$GNGSA,A,3,05,06,09,16,25,31,,,,,,,1.55,0.81,1.32,3*03
1780411140.230,$GNGSA,A,3,06,07,09,10,23,24,25,33,,,,,1.55,0.81,1.32,4*05
1780411140.231,$GPGSV,2,1,06,26,77,199,47,28,37,011,42,31,47,331,45,32,43,058,41,1*60
1780411140.232,$GPGSV,2,2,06,42,70,217,45,50,56,115,43,1*62
1780411140.232,$GPGSV,2,1,06,03,14,324,19,10,39,156,21,26,77,199,46,28,37,011,44,6*6E
1780411140.233,$GPGSV,2,2,06,31,47,331,45,32,43,058,42,6*69
1780411140.233,$GPGSV,3,1,09,01,12,279,,02,14,252,,16,42,199,,23,04,151,,0*62
1780411140.234,$GPGSV,3,2,09,23,04,151,,25,08,038,,27,07,192,,29,06,082,,0*66
1780411140.234,$GPGSV,3,3,09,29,06,082,,0*5B
1780411140.235,$GLGSV,2,1,06,66,26,112,25,67,51,041,47,68,22,345,40,77,22,022,36,1*72
1780411140.235,$GLGSV,2,2,06,78,75,327,49,79,39,221,25,1*7A
1780411140.236,$GLGSV,2,1,05,66,26,112,30,67,51,041,48,68,22,345,37,78,75,327,49,3*7B
1780411140.236,$GLGSV,2,2,05,79,39,221,29,3*41
1780411140.237,$GLGSV,1,1,01,82,02,225,,0*45
1780411140.237,$GAGSV,2,1,08,05,40,357,47,06,17,085,40,09,32,064,46,16,61,077,51,2*7B
1780411140.238,$GAGSV,2,2,08,25,53,182,54,31,13,041,27,34,27,267,17,36,28,209,19,2*7E
1780411140.238,$GAGSV,2,1,07,05,40,357,44,06,17,085,33,09,32,064,42,16,61,077,46,7*74
1780411140.239,$GAGSV,2,2,07,25,53,182,47,31,13,041,27,36,28,209,15,7*4D
1780411140.239,$GAGSV,2,1,05,02,05,207,,03,11,310,,04,00,101,,11,05,166,,0*71
1780411140.240,$GAGSV,2,2,05,11,05,166,,0*45
1780411140.240,$GBGSV,2,1,08,06,61,151,45,07,46,007,43,09,89,188,47,10,54,353,44,1*72
1780411140.241,$GBGSV,2,2,08,23,51,246,23,24,13,036,23,25,65,357,50,33,62,086,50,1*75
1780411140.241,$GBGSV,1,1,02,09,89,188,48,10,54,353,47,3*75
1780411140.242,$GBGSV,2,1,07,01,42,107,,02,63,241,,03,71,141,,04,22,098,,0*76
1780411140.242,$GBGSV,2,2,07,04,22,098,,08,20,152,,13,09,190,,0*4A
1780411140.243,$GNGLL,1338.99928,N,10029.54074,E,143900.00,A,D*7F
1780411141.225,$GNRMC,143901.00,A,1338.99914,N,10029.54093,E,0.723,122.11,020626,0.53,W,F,V*4F
1780411141.227,$GNVTG,122.11,T,122.64,M,0.723,N,1.338,K,D*35
1780411141.228,$GNGGA,143901.00,1338.99914,N,10029.54093,E,5,12,0.99,0.0,M,-27.8,M,1.0,0499*44
1780411141.229,$GNGSA,A,3,10,26,28,31,32,,,,,,,,1.69,0.99,1.36,1*07
1780411141.229,$GNGSA,A,3,78,66,77,79,67,68,,,,,,,1.69,0.99,1.36,2*06
1780411141.230,$GNGSA,A,3,05,06,09,16,25,31,,,,,,,1.69,0.99,1.36,3*01
1780411141.230,$GNGSA,A,3,06,07,09,10,23,24,25,33,,,,,1.69,0.99,1.36,4*07
1780411141.231,$GPGSV,2,1,07,16,42,199,25,26,77,199,47,28,37,011,42,31,47,331,44,1*69
1780411141.231,$GPGSV,2,2,07,32,43,058,45,42,70,217,45,50,56,115,42,1*58
1780411141.232,$GPGSV,2,1,06,03,14,324,18,10,39,156,20,26,77,199,45,28,37,011,43,6*6A
1780411141.233,$GPGSV,2,2,06,31,47,331,44,32,43,058,43,6*69
1780411141.233,$GPGSV,2,1,08,01,12,279,,02,14,252,,23,04,151,,25,08,038,,0*66
1780411141.234,$GPGSV,2,2,08,25,08,038,,27,07,192,,29,06,082,,40,37,260,,0*62
1780411141.234,$GLGSV,2,1,06,66,26,112,24,67,51,041,48,68,22,345,40,77,22,022,34,1*7E
1780411141.235,$GLGSV,2,2,06,78,75,327,49,79,39,221,25,1*7A
1780411141.236,$GLGSV,2,1,05,66,26,112,23,67,51,041,48,68,22,345,37,78,75,327,50,3*71
1780411141.236,$GLGSV,2,2,05,79,39,221,19,3*42
1780411141.236,$GLGSV,1,1,01,82,02,225,,0*45
1780411141.237,$GAGSV,2,1,08,05,40,357,49,06,17,085,36,09,32,064,47,16,61,077,50,2*74
1780411141.238,$GAGSV,2,2,08,25,53,182,54,31,13,041,33,34,27,267,14,36,28,209,18,2*79
1780411141.238,$GAGSV,2,1,07,05,40,357,43,06,17,085,32,09,32,064,42,16,61,077,48,7*7C
1780411141.239,$GAGSV,2,2,07,25,53,182,48,31,13,041,26,36,28,209,16,7*40
1780411141.239,$GAGSV,2,1,05,02,05,207,,03,11,310,,04,00,101,,11,05,166,,0*71
1780411141.240,$GAGSV,2,2,05,11,05,166,,0*45
1780411141.240,$GBGSV,2,1,08,06,61,151,42,07,46,007,42,09,89,188,47,10,54,353,46,1*76
1780411141.241,$GBGSV,2,2,08,23,51,246,23,24,13,036,23,25,65,357,49,33,62,086,49,1*75
1780411141.241,$GBGSV,1,1,02,09,89,188,49,10,54,353,49,3*7A
1780411141.242,$GBGSV,2,1,07,01,42,107,,02,63,241,,03,71,141,,04,22,098,,0*76
1780411141.242,$GBGSV,2,2,07,04,22,098,,08,20,152,,13,09,190,,0*4A
1780411141.243,$GNGLL,1338.99914,N,10029.54093,E,143901.00,A,D*78
1780411142.217,$GNRMC,143902.00,A,1338.99903,N,10029.54111,E,0.713,120.89,020626,0.53,W,F,V*41
1780411142.219,$GNVTG,120.89,T,121.42,M,0.713,N,1.320,K,D*3B
1780411142.221,$GNGGA,143902.00,1338.99903,N,10029.54111,E,5,12,0.80,0.0,M,-27.8,M,1.0,0499*42
1780411142.222,$GNGSA,A,3,10,26,28,31,32,,,,,,,,1.44,0.80,1.20,1*07
1780411142.222,$GNGSA,A,3,78,66,77,79,67,68,,,,,,,1.44,0.80,1.20,2*06
1780411142.223,$GNGSA,A,3,05,06,09,16,25,31,,,,,,,1.44,0.80,1.20,3*01
1780411142.223,$GNGSA,A,3,06,07,09,10,23,24,25,33,,,,,1.44,0.80,1.20,4*07
1780411142.224,$GPGSV,2,1,06,26,77,199,47,28,37,011,41,31,47,331,45,32,43,058,47,1*65
1780411142.225,$GPGSV,2,2,06,42,70,217,47,50,56,115,42,1*61
1780411142.226,$GPGSV,2,1,06,03,14,324,21,10,39,156,20,26,77,199,45,28,37,011,41,6*62
1780411142.227,$GPGSV,2,2,06,31,47,331,44,32,43,058,44,6*6E
1780411142.228,$GPGSV,3,1,09,01,12,279,,02,14,252,,16,42,199,,23,04,151,,0*62
1780411142.229,$GPGSV,3,2,09,23,04,151,,25,08,038,,27,07,192,,29,06,082,,0*66
1780411142.229,$GPGSV,3,3,09,29,06,082,,0*5B
1780411142.230,$GLGSV,2,1,06,66,26,112,25,67,51,041,48,68,22,345,43,77,22,022,34,1*7C
1780411142.230,$GLGSV,2,2,06,78,75,327,49,79,39,221,25,1*7A
1780411142.231,$GLGSV,2,1,05,66,26,112,25,67,51,041,48,68,22,345,41,78,75,327,48,3*7F
1780411142.232,$GLGSV,2,2,05,79,39,221,21,3*49
1780411142.232,$GLGSV,1,1,01,82,02,225,,0*45
1780411142.233,$GAGSV,2,1,08,05,40,357,49,06,17,085,38,09,32,064,47,16,61,077,53,2*79
1780411142.234,$GAGSV,2,2,08,25,53,182,53,31,13,041,32,34,27,267,13,36,28,209,18,2*78
1780411142.235,$GAGSV,2,1,07,05,40,357,43,06,17,085,32,09,32,064,39,16,61,077,43,7*7B
1780411142.235,$GAGSV,2,2,07,25,53,182,48,31,13,041,25,36,28,209,17,7*42
1780411142.236,$GAGSV,2,1,05,02,05,207,,03,11,310,,04,00,101,,11,05,166,,0*71
1780411142.236,$GAGSV,2,2,05,11,05,166,,0*45
1780411142.237,$GBGSV,2,1,08,06,61,151,41,07,46,007,43,09,89,188,47,10,54,353,44,1*76
1780411142.238,$GBGSV,2,2,08,23,51,246,21,24,13,036,24,25,65,357,49,33,62,086,48,1*71
1780411142.238,$GBGSV,1,1,02,09,89,188,48,10,54,353,48,3*7A
1780411142.239,$GBGSV,2,1,07,01,42,107,,02,63,241,,03,71,141,,04,22,098,,0*76
1780411142.240,$GBGSV,2,2,07,04,22,098,,08,20,152,,13,09,190,,0*4A
1780411142.240,$GNGLL,1338.99903,N,10029.54111,E,143902.00,A,D*76
1780411143.223,$GNRMC,143903.00,A,1338.99892,N,10029.54130,E,0.805,117.85,020626,0.53,W,F,V*4A
1780411143.224,$GNVTG,117.85,T,118.38,M,0.805,N,1.492,K,D*32
1780411143.225,$GNGGA,143903.00,1338.99892,N,10029.54130,E,5,12,0.77,0.0,M,-27.8,M,1.0,0499*41
1780411143.226,$GNGSA,A,3,26,28,31,32,,,,,,,,,1.43,0.77,1.20,1*09
1780411143.226,$GNGSA,A,3,78,66,77,79,67,68,,,,,,,1.43,0.77,1.20,2*09
1780411143.227,$GNGSA,A,3,05,06,09,16,25,31,,,,,,,1.43,0.77,1.20,3*0E
1780411143.228,$GNGSA,A,3,06,07,09,10,23,24,25,33,,,,,1.43,0.77,1.20,4*08
1780411143.228,$GPGSV,2,1,07,26,77,199,46,28,37,011,41,31,47,331,45,32,43,058,49,1*6B
1780411143.229,$GPGSV,2,2,07,40,37,260,28,42,70,217,47,50,56,115,41,1*5D
1780411143.230,$GPGSV,2,1,06,03,14,324,22,10,39,156,18,26,77,199,45,28,37,011,43,6*68
1780411143.231,$GPGSV,2,2,06,31,47,331,44,32,43,058,44,6*6E
1780411143.232,$GPGSV,2,1,08,01,12,279,,02,14,252,,16,42,199,,23,04,151,,0*62
1780411143.233,$GPGSV,2,2,08,23,04,151,,25,08,038,,27,07,192,,29,06,082,,0*66
1780411143.234,$GLGSV,2,1,06,66,26,112,25,67,51,041,49,68,22,345,32,77,22,022,37,1*78
1780411143.234,$GLGSV,2,2,06,78,75,327,49,79,39,221,27,1*78
1780411143.235,$GLGSV,2,1,05,66,26,112,24,67,51,041,49,68,22,345,39,78,75,327,49,3*71
1780411143.236,$GLGSV,2,2,05,79,39,221,23,3*4B
1780411143.236,$GLGSV,1,1,01,82,02,225,,0*45
1780411143.237,$GAGSV,2,1,08,05,40,357,49,06,17,085,38,09,32,064,47,16,61,077,52,2*78
1780411143.238,$GAGSV,2,2,08,25,53,182,52,31,13,041,32,34,27,267,16,36,28,209,19,2*7D
1780411143.238,$GAGSV,2,1,07,05,40,357,44,06,17,085,35,09,32,064,39,16,61,077,47,7*7F
1780411143.239,$GAGSV,2,2,07,25,53,182,47,31,13,041,25,36,28,209,15,7*4F
1780411143.240,$GAGSV,2,1,05,02,05,207,,03,11,310,,04,00,101,,11,05,166,,0*71
1780411143.240,$GAGSV,2,2,05,11,05,166,,0*45
1780411143.241,$GBGSV,2,1,08,06,61,151,40,07,46,007,45,09,89,188,46,10,54,353,44,1*70
1780411143.242,$GBGSV,2,2,08,23,51,246,23,24,13,036,26,25,65,357,49,33,62,086,51,1*79
1780411143.242,$GBGSV,1,1,02,09,89,188,49,10,54,353,49,3*7A
1780411143.243,$GBGSV,2,1,07,01,42,107,,02,63,241,,03,71,141,,04,22,098,,0*76
1780411143.243,$GBGSV,2,2,07,04,22,098,,08,20,152,,13,09,190,,0*4A
1780411143.244,$GNGLL,1338.99892,N,10029.54130,E,143903.00,A,D*7D
1780411144.224,$GNRMC,143904.00,A,1338.99882,N,10029.54151,E,0.723,119.59,020626,0.53,W,F,V*4F
1780411144.226,$GNVTG,119.59,T,120.12,M,0.723,N,1.338,K,D*32
1780411144.228,$GNGGA,143904.00,1338.99882,N,10029.54151,E,5,12,0.74,0.0,M,-27.8,M,1.0,0499*43
1780411144.229,$GNGSA,A,3,10,26,28,31,32,,,,,,,,1.40,0.74,1.19,1*02
1780411144.229,$GNGSA,A,3,78,66,77,79,67,68,,,,,,,1.40,0.74,1.19,2*03
1780411144.230,$GNGSA,A,3,05,06,09,16,25,31,,,,,,,1.40,0.74,1.19,3*04
1780411144.230,$GNGSA,A,3,06,07,09,10,23,24,25,33,,,,,1.40,0.74,1.19,4*02
1780411144.231,$GPGSV,2,1,06,26,77,199,47,28,37,011,42,31,47,331,47,32,43,058,47,1*64
1780411144.232,$GPGSV,2,2,06,42,70,217,46,50,56,115,44,1*66
1780411144.234,$GPGSV,2,1,06,03,14,324,20,10,39,156,21,26,77,199,45,28,37,011,41,6*62
1780411144.235,$GPGSV,2,2,06,31,47,331,42,32,43,058,47,6*6B
1780411144.235,$GPGSV,3,1,09,01,12,279,,02,14,252,,16,42,199,,23,04,151,,0*62
1780411144.236,$GPGSV,3,2,09,23,04,151,,25,08,038,,27,07,192,,29,06,082,,0*66
1780411144.237,$GPGSV,3,3,09,29,06,082,,0*5B
1780411144.238,$GLGSV,2,1,06,66,26,112,30,67,51,041,49,68,22,345,38,77,22,022,36,1*77
1780411144.238,$GLGSV,2,2,06,78,75,327,49,79,39,221,26,1*79
1780411144.239,$GLGSV,2,1,05,66,26,112,25,67,51,041,48,68,22,345,39,78,75,327,49,3*71
1780411144.240,$GLGSV,2,2,05,79,39,221,24,3*4C
1780411144.241,$GLGSV,1,1,01,82,02,225,,0*45
1780411144.242,$GAGSV,2,1,08,05,40,357,49,06,17,085,38,09,32,064,42,16,61,077,49,2*77
1780411144.243,$GAGSV,2,2,08,25,53,182,49,31,13,041,26,34,27,267,16,36,28,209,18,2*73
1780411144.244,$GAGSV,2,1,07,05,40,357,45,06,17,085,27,09,32,064,41,16,61,077,45,7*70
1780411144.245,$GAGSV,2,2,07,25,53,182,44,31,13,041,31,36,28,209,16,7*4A
1780411144.246,$GAGSV,2,1,05,02,05,207,,03,11,310,,04,00,101,,11,05,166,,0*71
1780411144.246,$GAGSV,2,2,05,11,05,166,,0*45
1780411144.247,$GBGSV,2,1,08,06,61,151,40,07,46,007,44,09,89,188,47,10,54,353,43,1*77
1780411144.248,$GBGSV,2,2,08,23,51,246,22,24,13,036,26,25,65,357,47,33,62,086,50,1*77
1780411144.249,$GBGSV,1,1,02,09,89,188,48,10,54,353,47,3*75
1780411144.250,$GBGSV,2,1,07,01,42,107,,02,63,241,,03,71,141,,04,22,098,,0*76
1780411144.250,$GBGSV,2,2,07,04,22,098,,08,20,152,,13,09,190,,0*4A
1780411144.251,$GNGLL,1338.99882,N,10029.54151,E,143904.00,A,D*7C
1780411145.222,$GNRMC,143905.00,A,1338.99871,N,10029.54169,E,0.717,118.73,020626,0.53,W,F,V*47
1780411145.224,$GNVTG,118.73,T,119.26,M,0.717,N,1.328,K,D*30
1780411145.225,$GNGGA,143905.00,1338.99871,N,10029.54169,E,5,12,0.74,0.0,M,-27.8,M,1.0,0499*45
1780411145.226,$GNGSA,A,3,10,26,28,31,32,,,,,,,,1.40,0.74,1.19,1*02
1780411145.226,$GNGSA,A,3,78,66,77,79,67,68,,,,,,,1.40,0.74,1.19,2*03
1780411145.227,$GNGSA,A,3,36,05,06,09,16,25,31,,,,,,1.40,0.74,1.19,3*01
1780411145.228,$GNGSA,A,3,06,07,09,10,23,24,25,33,,,,,1.40,0.74,1.19,4*02
1780411145.228,$GPGSV,2,1,06,26,77,199,46,28,37,011,42,31,47,331,46,32,43,058,43,1*60
1780411145.229,$GPGSV,2,2,06,42,70,217,45,50,56,115,43,1*62
1780411145.230,$GPGSV,2,1,06,03,14,324,20,10,39,156,23,26,77,199,47,28,37,011,42,6*61
1780411145.231,$GPGSV,2,2,06,31,47,331,43,32,43,058,45,6*68
1780411145.232,$GPGSV,3,1,09,01,12,279,,02,14,252,,16,42,199,,23,04,151,,0*62
1780411145.232,$GPGSV,3,2,09,23,04,151,,25,08,038,,27,07,192,,29,06,082,,0*66
1780411145.233,$GPGSV,3,3,09,29,06,082,,0*5B
1780411145.233,$GLGSV,2,1,06,66,26,112,26,67,51,041,46,68,22,345,37,77,22,022,37,1*71
1780411145.234,$GLGSV,2,2,06,78,75,327,49,79,39,221,26,1*79
1780411145.235,$GLGSV,2,1,05,66,26,112,26,67,51,041,46,68,22,345,39,78,75,327,48,3*7D
1780411145.235,$GLGSV,2,2,05,79,39,221,24,3*4C
1780411145.236,$GLGSV,1,1,01,82,02,225,,0*45
1780411145.236,$GAGSV,2,1,08,05,40,357,50,06,17,085,38,09,32,064,45,16,61,077,51,2*71
1780411145.237,$GAGSV,2,2,08,25,53,182,47,31,13,041,35,34,27,267,18,36,28,209,22,2*78
1780411145.238,$GAGSV,2,1,06,05,40,357,43,09,32,064,40,16,61,077,45,25,53,182,43,7*73
1780411145.238,$GAGSV,2,2,06,31,13,041,23,36,28,209,20,7*77
1780411145.239,$GAGSV,2,1,05,02,05,207,,03,11,310,,04,00,101,,11,05,166,,0*71
1780411145.239,$GAGSV,2,2,05,11,05,166,,0*45
1780411145.240,$GBGSV,2,1,08,06,61,151,40,07,46,007,44,09,89,188,47,10,54,353,43,1*77
1780411145.241,$GBGSV,2,2,08,23,51,246,25,24,13,036,24,25,65,357,49,33,62,086,49,1*74
1780411145.241,$GBGSV,1,1,02,09,89,188,50,10,54,353,46,3*7D
1780411145.242,$GBGSV,2,1,07,01,42,107,,02,63,241,,03,71,141,,04,22,098,,0*76
1780411145.243,$GBGSV,2,2,07,04,22,098,,08,20,152,,13,09,190,,0*4A
1780411145.243,$GNGLL,1338.99871,N,10029.54169,E,143905.00,A,D*7A
1780411146.230,$GNRMC,143906.00,A,1338.99860,N,10029.54185,E,0.666,125.91,020626,0.53,W,F,V*43
1780411146.232,$GNVTG,125.91,T,126.44,M,0.666,N,1.234,K,D*31
1780411146.234,$GNGGA,143906.00,1338.99860,N,10029.54185,E,5,12,0.74,0.0,M,-27.8,M,1.0,0499*44
1780411146.235,$GNGSA,A,3,10,26,28,31,32,,,,,,,,1.40,0.74,1.19,1*02
1780411146.235,$GNGSA,A,3,78,66,77,79,67,68,,,,,,,1.40,0.74,1.19,2*03
1780411146.236,$GNGSA,A,3,36,05,06,09,16,25,31,,,,,,1.40,0.74,1.19,3*01
1780411146.236,$GNGSA,A,3,06,07,09,10,23,24,25,33,,,,,1.40,0.74,1.19,4*02
1780411146.237,$GPGSV,2,1,08,03,14,324,25,16,42,199,28,26,77,199,48,28,37,011,43,1*61
1780411146.238,$GPGSV,2,2,08,31,47,331,45,32,43,058,42,42,70,217,45,50,56,115,42,1*61
1780411146.239,$GPGSV,2,1,06,03,14,324,19,10,39,156,22,26,77,199,46,28,37,011,43,6*6A
1780411146.240,$GPGSV,2,2,06,31,47,331,42,32,43,058,44,6*68
1780411146.241,$GPGSV,2,1,08,01,12,279,,02,14,252,,23,04,151,,25,08,038,,0*66
1780411146.242,$GPGSV,2,2,08,25,08,038,,27,07,192,,29,06,082,,40,37,260,,0*62
1780411146.242,$GLGSV,2,1,06,66,26,112,24,67,51,041,47,68,22,345,43,77,22,022,37,1*71
1780411146.243,$GLGSV,2,2,06,78,75,327,48,79,39,221,23,1*7D
1780411146.244,$GLGSV,2,1,05,66,26,112,26,67,51,041,46,68,22,345,28,78,75,327,49,3*7C
1780411146.244,$GLGSV,2,2,05,79,39,221,25,3*4D
1780411146.245,$GLGSV,1,1,01,82,02,225,,0*45
1780411146.246,$GAGSV,2,1,08,05,40,357,48,06,17,085,35,09,32,064,45,16,61,077,53,2*77
1780411146.246,$GAGSV,2,2,08,25,53,182,45,31,13,041,36,34,27,267,18,36,28,209,21,2*7A
1780411146.247,$GAGSV,2,1,07,05,40,357,43,06,17,085,30,09,32,064,40,16,61,077,47,7*73
1780411146.248,$GAGSV,2,2,07,25,53,182,43,31,13,041,23,36,28,209,22,7*49
1780411146.248,$GAGSV,2,1,05,02,05,207,,03,11,311,,04,00,101,,11,05,166,,0*70
1780411146.249,$GAGSV,2,2,05,11,05,166,,0*45
1780411146.250,$GBGSV,2,1,08,06,61,151,39,07,46,007,45,09,89,188,47,10,54,353,43,1*78
1780411146.250,$GBGSV,2,2,08,23,51,246,24,24,13,036,25,25,65,357,48,33,62,086,50,1*7D
1780411146.251,$GBGSV,1,1,02,09,89,188,49,10,54,353,47,3*74
1780411146.252,$GBGSV,2,1,07,01,42,107,,02,63,241,,03,71,141,,04,22,098,,0*76
1780411146.252,$GBGSV,2,2,07,04,22,098,,08,20,152,,13,09,190,,0*4A
1780411146.253,$GNGLL,1338.99860,N,10029.54185,E,143906.00,A,D*7B
1780411147.223,$GNRMC,143907.00,A,1338.99849,N,10029.54205,E,0.783,120.34,020626,0.53,W,F,V*42
1780411147.224,$GNVTG,120.34,T,120.87,M,0.783,N,1.451,K,D*3D
1780411147.226,$GNGGA,143907.00,1338.99849,N,10029.54205,E,5,12,0.74,0.0,M,-27.8,M,1.0,0499*45
1780411147.227,$GNGSA,A,3,10,26,28,31,32,,,,,,,,1.40,0.74,1.19,1*02
1780411147.227,$GNGSA,A,3,78,66,77,79,67,68,,,,,,,1.40,0.74,1.19,2*03
1780411147.228,$GNGSA,A,3,36,05,06,09,16,25,31,,,,,,1.40,0.74,1.19,3*01
1780411147.229,$GNGSA,A,3,06,07,09,10,23,24,25,33,,,,,1.40,0.74,1.19,4*02
1780411147.229,$GPGSV,2,1,06,26,77,199,47,28,37,011,44,31,47,331,43,32,43,058,45,1*64
1780411147.230,$GPGSV,2,2,06,42,70,217,46,50,56,115,42,1*60
1780411147.231,$GPGSV,2,1,06,03,14,324,18,10,39,156,26,26,77,199,45,28,37,011,44,6*6B
1780411147.232,$GPGSV,2,2,06,31,47,331,43,32,43,058,43,6*6E
1780411147.233,$GPGSV,3,1,09,01,12,279,,02,14,252,,16,42,199,,23,04,151,,0*62
1780411147.233,$GPGSV,3,2,09,23,04,151,,25,08,038,,27,07,192,,29,06,082,,0*66
1780411147.234,$GPGSV,3,3,09,29,06,082,,0*5B
1780411147.235,$GLGSV,2,1,06,66,26,112,26,67,51,041,48,68,22,345,40,77,22,022,36,1*7E
1780411147.235,$GLGSV,2,2,06,78,75,327,49,79,39,221,22,1*7D
1780411147.236,$GLGSV,2,1,05,66,26,112,25,67,51,041,46,68,22,345,35,78,75,327,49,3*73
1780411147.237,$GLGSV,2,2,05,79,39,221,25,3*4D
1780411147.237,$GLGSV,1,1,01,82,02,225,,0*45
1780411147.238,$GAGSV,2,1,08,05,40,357,47,06,17,085,31,09,32,064,46,16,61,077,52,2*7E
1780411147.239,$GAGSV,2,2,08,25,53,182,43,31,13,041,32,34,27,267,17,36,28,209,20,2*76
1780411147.240,$GAGSV,2,1,07,05,40,357,42,06,17,085,29,09,32,064,39,16,61,077,46,7*75
1780411147.240,$GAGSV,2,2,07,25,53,182,42,31,13,041,24,36,28,209,21,7*4C
1780411147.241,$GAGSV,1,1,04,02,05,207,,03,11,311,,11,05,166,,15,01,310,,0*71
1780411147.242,$GBGSV,2,1,08,06,61,151,39,07,46,007,45,09,89,188,47,10,54,353,44,1*7F
1780411147.242,$GBGSV,2,2,08,23,51,246,29,24,13,036,23,25,65,357,46,33,62,086,46,1*7F
1780411147.243,$GBGSV,1,1,02,09,89,188,49,10,54,353,48,3*7B
1780411147.244,$GBGSV,2,1,07,01,42,107,,02,63,241,,03,71,141,,04,22,098,,0*76
1780411147.244,$GBGSV,2,2,07,04,22,098,,08,20,152,,13,09,190,,0*4A
1780411147.245,$GNGLL,1338.99849,N,10029.54205,E,143907.00,A,D*7A
1780411148.223,$GNRMC,143908.00,A,1338.99839,N,10029.54222,E,0.685,116.64,020626,0.53,W,F,V*48
1780411148.225,$GNVTG,116.64,T,117.17,M,0.685,N,1.268,K,D*3B
1780411148.226,$GNGGA,143908.00,1338.99839,N,10029.54222,E,5,12,0.74,0.0,M,-27.8,M,1.0,0499*48
1780411148.227,$GNGSA,A,3,10,26,28,31,32,,,,,,,,1.50,0.74,1.30,1*08
1780411148.228,$GNGSA,A,3,78,66,77,79,67,68,,,,,,,1.50,0.74,1.30,2*09
1780411148.228,$GNGSA,A,3,36,05,06,09,16,25,31,,,,,,1.50,0.74,1.30,3*0B
1780411148.229,$GNGSA,A,3,06,07,09,10,23,24,25,33,,,,,1.50,0.74,1.30,4*08
1780411148.229,$GPGSV,2,1,06,26,77,199,46,28,37,011,42,31,47,331,46,32,43,058,49,1*6A
1780411148.230,$GPGSV,2,2,06,42,70,217,46,50,56,115,41,1*63
1780411148.231,$GPGSV,2,1,06,03,14,324,20,10,39,156,24,26,77,199,45,28,37,011,44,6*62
1780411148.232,$GPGSV,2,2,06,31,47,331,43,32,43,058,41,6*6C
1780411148.233,$GPGSV,3,1,09,01,12,279,,02,14,252,,16,42,199,,23,04,151,,0*62
1780411148.234,$GPGSV,3,2,09,23,04,151,,25,08,038,,27,07,192,,29,06,082,,0*66
1780411148.234,$GPGSV,3,3,09,29,06,082,,0*5B
1780411148.235,$GLGSV,2,1,06,66,26,112,26,67,51,041,45,68,22,345,38,77,22,022,35,1*7F
1780411148.235,$GLGSV,2,2,06,78,75,327,49,79,39,221,22,1*7D
1780411148.236,$GLGSV,2,1,05,66,26,112,25,67,51,041,47,68,22,345,36,78,75,327,49,3*71
1780411148.237,$GLGSV,2,2,05,79,39,221,26,3*4E
1780411148.237,$GLGSV,1,1,01,82,02,225,,0*45
1780411148.238,$GAGSV,2,1,08,05,40,358,47,06,17,085,35,09,32,064,47,16,61,077,49,2*7E
1780411148.239,$GAGSV,2,2,08,25,53,182,42,31,13,041,30,34,27,267,15,36,28,209,22,2*75
1780411148.240,$GAGSV,2,1,07,05,40,358,43,06,17,085,29,09,32,064,40,16,61,077,46,7*75
1780411148.240,$GAGSV,2,2,07,25,53,182,41,31,13,041,24,36,28,209,20,7*4E
1780411148.241,$GAGSV,1,1,04,02,05,207,,03,11,311,,11,05,166,,15,01,310,,0*71
1780411148.242,$GBGSV,2,1,08,06,61,151,39,07,46,007,45,09,89,188,46,10,54,353,44,1*7E
1780411148.242,$GBGSV,2,2,08,23,51,246,28,24,13,036,23,25,65,357,49,33,62,086,52,1*74
1780411148.243,$GBGSV,1,1,02,09,89,188,48,10,54,353,47,3*75
1780411148.244,$GBGSV,2,1,07,01,42,107,,02,63,241,,03,71,141,,04,22,098,,0*76
1780411148.244,$GBGSV,2,2,07,04,22,098,,08,20,152,,13,09,190,,0*4A
1780411148.245,$GNGLL,1338.99839,N,10029.54222,E,143908.00,A,D*77
1780411149.224,$GNRMC,143909.00,A,1338.99831,N,10029.54239,E,0.705,119.75,020626,0.53,W,F,V*4D
1780411149.226,$GNVTG,119.75,T,120.28,M,0.705,N,1.306,K,D*3C
1780411149.228,$GNGGA,143909.00,1338.99831,N,10029.54239,E,5,12,0.80,0.0,M,-27.8,M,1.0,0499*40
1780411149.228,$GNGSA,A,3,10,26,28,31,32,,,,,,,,1.44,0.80,1.20,1*07
1780411149.229,$GNGSA,A,3,78,66,77,79,67,68,,,,,,,1.44,0.80,1.20,2*06
1780411149.230,$GNGSA,A,3,36,05,06,09,16,25,31,,,,,,1.44,0.80,1.20,3*04
1780411149.230,$GNGSA,A,3,06,07,09,10,24,25,33,,,,,,1.44,0.80,1.20,4*06
1780411149.231,$GPGSV,2,1,07,10,39,156,29,26,77,199,47,28,37,011,43,31,47,331,46,1*6F
1780411149.232,$GPGSV,2,2,07,32,43,058,44,42,70,217,46,50,56,115,41,1*59
1780411149.233,$GPGSV,2,1,06,03,14,324,19,10,39,156,24,26,77,199,45,28,37,011,42,6*6E
1780411149.234,$GPGSV,2,2,06,31,47,331,43,32,43,058,45,6*68
1780411149.235,$GPGSV,3,1,09,01,12,279,,02,14,252,,16,42,199,,23,04,151,,0*62
1780411149.235,$GPGSV,3,2,09,23,04,151,,25,08,038,,27,07,192,,29,06,082,,0*66
1780411149.236,$GPGSV,3,3,09,29,06,082,,0*5B
1780411149.236,$GLGSV,2,1,06,66,26,112,26,67,51,041,47,68,22,345,38,77,22,022,36,1*7E
1780411149.237,$GLGSV,2,2,06,78,75,327,49,79,39,221,22,1*7D
1780411149.238,$GLGSV,2,1,05,66,26,112,24,67,51,041,47,68,22,345,36,78,75,327,48,3*71
1780411149.238,$GLGSV,2,2,05,79,39,221,26,3*4E
1780411149.239,$GLGSV,1,1,01,82,02,225,,0*45
1780411149.240,$GAGSV,2,1,08,05,40,358,47,06,17,085,36,09,32,064,45,16,61,077,48,2*7E
1780411149.240,$GAGSV,2,2,08,25,53,182,44,31,13,041,34,34,27,267,13,36,28,209,24,2*77
1780411149.241,$GAGSV,2,1,07,05,40,358,43,06,17,085,29,09,32,064,40,16,61,077,45,7*76
1780411149.242,$GAGSV,2,2,07,25,53,182,37,31,13,041,26,36,28,209,19,7*47
1780411149.242,$GAGSV,1,1,04,02,05,207,,03,11,311,,11,05,166,,15,01,310,,0*71
1780411149.243,$GBGSV,2,1,08,06,61,151,42,07,46,007,45,09,89,188,47,10,54,353,42,1*75
1780411149.244,$GBGSV,2,2,08,23,51,246,18,24,13,036,23,25,65,357,50,33,62,086,45,1*79
1780411149.245,$GBGSV,1,1,02,09,89,188,49,10,54,353,48,3*7B
1780411149.245,$GBGSV,2,1,07,01,42,107,,02,63,241,,03,71,141,,04,22,098,,0*76
1780411149.246,$GBGSV,2,2,07,04,22,098,,08,20,152,,13,09,190,,0*4A
1780411149.246,$GNGLL,1338.99831,N,10029.54239,E,143909.00,A,D*74
1780411150.225,$GNRMC,143910.00,A,1338.99820,N,10029.54257,E,0.741,116.07,020626,0.53,W,F,V*47
1780411150.227,$GNVTG,116.07,T,116.60,M,0.741,N,1.373,K,D*3D
1780411150.229,$GNGGA,143910.00,1338.99820,N,10029.54257,E,5,12,0.87,0.0,M,-27.8,M,1.0,0499*47
1780411150.229,$GNGSA,A,3,10,26,28,31,32,,,,,,,,1.59,0.87,1.33,1*0E
1780411150.230,$GNGSA,A,3,78,66,77,79,67,68,,,,,,,1.59,0.87,1.33,2*0F
1780411150.231,$GNGSA,A,3,36,05,06,09,16,25,31,,,,,,1.59,0.87,1.33,3*0D
1780411150.231,$GNGSA,A,3,06,07,09,10,23,24,25,33,,,,,1.59,0.87,1.33,4*0E
1780411150.232,$GPGSV,2,1,07,26,77,199,47,28,37,011,43,31,47,331,46,32,43,058,43,1*61
1780411150.232,$GPGSV,2,2,07,39,45,252,29,42,70,217,45,50,56,115,42,1*57
1780411150.234,$GPGSV,2,1,06,03,14,324,21,10,39,156,23,26,77,199,46,28,37,011,44,6*67
1780411150.234,$GPGSV,2,2,06,31,47,331,42,32,43,058,45,6*69
1780411150.235,$GPGSV,3,1,09,01,12,279,,02,14,252,,16,42,199,,23,04,151,,0*62
1780411150.236,$GPGSV,3,2,09,23,04,151,,25,08,038,,27,07,192,,29,06,082,,0*66
1780411150.236,$GPGSV,3,3,09,29,06,082,,0*5B
1780411150.237,$GLGSV,2,1,06,66,26,112,26,67,51,041,46,68,22,345,38,77,22,022,38,1*71
1780411150.238,$GLGSV,2,2,06,78,75,327,49,79,39,221,24,1*7B
1780411150.238,$GLGSV,2,1,05,66,26,112,29,67,51,041,46,68,22,345,37,78,75,327,49,3*7D
1780411150.239,$GLGSV,2,2,05,79,39,221,25,3*4D
1780411150.239,$GLGSV,1,1,01,82,02,225,,0*45
1780411150.240,$GAGSV,2,1,08,05,40,358,47,06,17,085,33,09,32,064,44,16,61,077,53,2*70
1780411150.241,$GAGSV,2,2,08,25,53,182,45,31,13,041,35,34,27,267,16,36,28,209,23,2*75
1780411150.241,$GAGSV,2,1,07,05,40,358,43,06,17,085,30,09,32,064,43,16,61,077,42,7*7A
1780411150.242,$GAGSV,2,2,07,25,53,182,31,31,13,041,26,36,28,209,17,7*4F
1780411150.243,$GAGSV,1,1,04,02,05,207,,03,11,311,,11,05,166,,15,01,310,,0*71
1780411150.243,$GBGSV,2,1,08,06,61,151,35,07,46,007,45,09,89,188,47,10,54,353,45,1*72
1780411150.244,$GBGSV,2,2,08,23,51,246,29,24,13,036,23,25,65,357,50,33,62,086,51,1*7E
1780411150.245,$GBGSV,1,1,02,09,89,188,48,10,54,353,46,3*74
1780411150.245,$GBGSV,2,1,07,01,42,107,,02,63,241,,03,71,141,,04,22,098,,0*76
1780411150.246,$GBGSV,2,2,07,04,22,098,,08,20,152,,13,09,190,,0*4A
1780411150.246,$GNGLL,1338.99820,N,10029.54257,E,143910.00,A,D*74
1780411151.218,$GNRMC,143911.00,A,1338.99810,N,10029.54275,E,0.670,116.95,020626,0.53,W,F,V*4D
1780411151.220,$GNVTG,116.95,T,117.48,M,0.670,N,1.240,K,D*3F
1780411151.222,$GNGGA,143911.00,1338.99810,N,10029.54275,E,5,12,0.87,0.0,M,-27.8,M,1.0,0499*45
1780411151.222,$GNGSA,A,3,10,26,28,31,32,,,,,,,,1.59,0.87,1.33,1*0E
1780411151.223,$GNGSA,A,3,78,66,77,79,67,68,,,,,,,1.59,0.87,1.33,2*0F
1780411151.223,$GNGSA,A,3,36,05,06,09,16,25,31,,,,,,1.59,0.87,1.33,3*0D
1780411151.224,$GNGSA,A,3,06,07,09,10,23,24,25,33,,,,,1.59,0.87,1.33,4*0E
1780411151.224,$GPGSV,2,1,07,10,39,156,28,26,77,199,47,28,37,011,41,31,47,331,45,1*6F
1780411151.225,$GPGSV,2,2,07,32,43,058,46,42,70,217,44,50,56,115,42,1*5A
1780411151.226,$GPGSV,2,1,06,03,14,324,23,10,39,156,31,26,77,199,46,28,37,011,44,6*66
1780411151.227,$GPGSV,2,2,06,31,47,331,42,32,43,058,44,6*68
1780411151.227,$GPGSV,3,1,09,01,12,279,,02,14,252,,16,42,199,,23,04,151,,0*62
1780411151.228,$GPGSV,3,2,09,23,04,151,,25,08,038,,27,07,192,,29,06,082,,0*66
1780411151.228,$GPGSV,3,3,09,29,06,082,,0*5B
1780411151.229,$GLGSV,2,1,06,66,26,112,24,67,51,041,47,68,22,345,39,77,22,022,38,1*73
1780411151.229,$GLGSV,2,2,06,78,75,327,49,79,39,221,22,1*7D
1780411151.230,$GLGSV,2,1,05,66,26,112,20,67,51,041,45,68,22,345,34,78,75,327,49,3*74
1780411151.231,$GLGSV,2,2,05,79,39,221,24,3*4C
1780411151.231,$GLGSV,1,1,01,82,02,225,,0*45
1780411151.232,$GAGSV,2,1,08,05,40,358,47,06,17,085,33,09,32,064,43,16,61,077,51,2*75
1780411151.233,$GAGSV,2,2,08,25,53,182,44,31,13,041,27,34,27,267,19,36,28,209,22,2*79
1780411151.233,$GAGSV,2,1,06,05,40,358,42,06,17,085,31,09,32,064,39,16,61,077,47,7*73
1780411151.234,$GAGSV,2,2,06,31,13,041,27,36,28,209,16,7*76
1780411151.235,$GAGSV,1,1,04,02,05,207,,03,11,311,,11,05,166,,15,01,310,,0*71
1780411151.235,$GBGSV,2,1,08,06,61,151,41,07,46,007,47,09,89,188,47,10,54,353,44,1*72
1780411151.236,$GBGSV,2,2,08,23,51,246,33,24,13,036,23,25,65,357,49,33,62,086,50,1*7C
1780411151.236,$GBGSV,1,1,02,09,89,188,50,10,54,353,47,3*7C
1780411151.237,$GBGSV,2,1,07,01,42,107,,02,63,241,,03,71,141,,04,22,098,,0*76
1780411151.238,$GBGSV,2,2,07,04,22,098,,08,20,152,,13,09,190,,0*4A
1780411151.238,$GNGLL,1338.99810,N,10029.54275,E,143911.00,A,D*76
1780411152.224,$GNRMC,143912.00,A,1338.99801,N,10029.54294,E,0.764,113.18,020626,0.53,W,F,V*45
1780411152.226,$GNVTG,113.18,T,113.71,M,0.764,N,1.415,K,D*33
1780411152.228,$GNGGA,143912.00,1338.99801,N,10029.54294,E,5,12,0.87,0.0,M,-27.8,M,1.0,0499*49
1780411152.230,$GNGSA,A,3,10,26,28,31,32,,,,,,,,1.55,0.87,1.28,1*08
1780411152.231,$GNGSA,A,3,78,66,77,79,67,68,,,,,,,1.55,0.87,1.28,2*09
1780411152.233,$GNGSA,A,3,36,05,06,09,16,25,31,34,,,,,1.55,0.87,1.28,3*0C
1780411152.235,$GNGSA,A,3,06,07,09,10,23,24,25,33,,,,,1.55,0.87,1.28,4*08
1780411152.237,$GPGSV,2,1,07,26,77,199,47,28,37,011,42,31,47,331,45,32,43,058,46,1*66
1780411152.239,$GPGSV,2,2,07,41,64,233,46,42,70,217,46,50,56,115,43,1*57
1780411152.242,$GPGSV,2,1,06,03,14,324,24,10,39,156,34,26,77,199,47,28,37,011,42,6*63
1780411152.244,$GPGSV,2,2,06,31,47,331,44,32,43,058,42,6*68
1780411152.246,$GPGSV,2,1,08,01,12,279,,02,14,252,,16,42,199,,23,04,151,,0*62
1780411152.249,$GPGSV,2,2,08,23,04,151,,25,08,038,,27,07,192,,29,06,082,,0*66
1780411152.252,$GLGSV,2,1,06,66,26,112,24,67,51,041,47,68,22,345,36,77,22,022,40,1*73
1780411152.254,$GLGSV,2,2,06,78,75,327,49,79,39,221,21,1*7E
1780411152.256,$GLGSV,2,1,05,66,26,112,23,67,51,041,45,68,22,345,37,78,75,327,48,3*75
1780411152.258,$GLGSV,2,2,05,79,39,221,30,3*49
1780411152.259,$GLGSV,1,1,01,82,02,225,,0*45
1780411152.261,$GAGSV,2,1,08,05,40,358,49,06,17,085,34,09,32,064,46,16,61,077,49,2*70
1780411152.262,$GAGSV,2,2,08,25,53,182,38,31,13,041,29,34,27,267,20,36,28,209,25,2*71
1780411152.264,$GAGSV,2,1,05,05,40,358,42,06,17,085,30,09,32,064,41,16,61,077,45,7*7C
1780411152.265,$GAGSV,2,2,05,31,13,041,27,7*46
1780411152.266,$GAGSV,1,1,04,02,05,207,,03,11,311,,11,05,166,,15,01,310,,0*71
1780411152.267,$GBGSV,2,1,08,06,61,151,40,07,46,007,45,09,89,188,47,10,54,353,45,1*70
1780411152.268,$GBGSV,2,2,08,23,51,246,32,24,13,036,21,25,65,357,46,33,62,086,47,1*76
1780411152.269,$GBGSV,1,1,02,09,89,188,50,10,54,353,48,3*73
1780411152.270,$GBGSV,2,1,07,01,42,107,,02,63,241,,03,71,141,,04,22,098,,0*76
1780411152.271,$GBGSV,2,2,07,04,22,098,,08,20,152,,13,09,190,,0*4A
1780411152.271,$GNGLL,1338.99801,N,10029.54294,E,143912.00,A,D*7A
1780411153.225,$GNRMC,143913.00,A,1338.99791,N,10029.54313,E,0.771,114.58,020626,0.53,W,F,V*4B
1780411153.228,$GNVTG,114.58,T,115.10,M,0.771,N,1.428,K,D*3B
1780411153.229,$GNGGA,143913.00,1338.99791,N,10029.54313,E,5,12,0.85,0.0,M,-27.8,M,1.0,0499*42
1780411153.229,$GNGSA,A,3,10,26,28,31,32,,,,,,,,1.51,0.85,1.25,1*03
1780411153.229,$GNGSA,A,3,78,66,77,79,67,68,,,,,,,1.51,0.85,1.25,2*02
1780411153.230,$GNGSA,A,3,36,05,06,09,16,25,31,34,,,,,1.51,0.85,1.25,3*07
1780411153.230,$GNGSA,A,3,06,07,09,10,23,24,25,33,,,,,1.51,0.85,1.25,4*03
1780411153.231,$GPGSV,2,1,07,26,77,199,46,28,37,011,42,31,47,331,45,32,43,058,45,1*64
1780411153.231,$GPGSV,2,2,07,41,64,233,46,42,70,217,46,50,56,115,42,1*56
1780411153.232,$GPGSV,2,1,06,03,14,324,23,10,39,156,34,26,77,199,46,28,37,011,41,6*66
1780411153.232,$GPGSV,2,2,06,31,47,331,45,32,43,058,45,6*6E
1780411153.233,$GPGSV,2,1,08,01,12,279,,02,14,252,,16,42,199,,23,04,151,,0*62
1780411153.234,$GPGSV,2,2,08,23,04,151,,25,08,038,,27,07,192,,29,06,082,,0*66
1780411153.235,$GLGSV,2,1,06,66,26,112,23,67,51,041,43,68,22,345,42,77,22,022,36,1*72
1780411153.235,$GLGSV,2,2,06,78,75,327,49,79,39,221,23,1*7C
1780411153.236,$GLGSV,2,1,05,66,26,112,23,67,51,041,46,68,22,345,39,78,75,327,49,3*79
1780411153.236,$GLGSV,2,2,05,79,39,221,22,3*4A
1780411153.236,$GLGSV,1,1,01,82,02,225,,0*45
1780411153.237,$GAGSV,2,1,08,05,40,358,47,06,17,085,31,09,32,064,44,16,61,077,52,2*73
1780411153.238,$GAGSV,2,2,08,25,53,182,29,31,13,041,34,34,27,267,21,36,28,209,26,2*7F
1780411153.238,$GAGSV,2,1,05,05,40,358,44,06,17,085,29,09,32,064,41,16,61,077,43,7*74
1780411153.239,$GAGSV,2,2,05,31,13,041,23,7*42
1780411153.239,$GAGSV,1,1,04,02,05,207,,03,11,311,,11,05,166,,15,01,310,,0*71
1780411153.240,$GBGSV,2,1,08,06,61,151,38,07,46,007,44,09,89,188,47,10,54,353,45,1*7E
1780411153.240,$GBGSV,2,2,08,23,51,246,37,24,13,036,23,25,65,357,47,33,62,086,51,1*77
1780411153.241,$GBGSV,1,1,02,09,89,188,49,10,54,353,48,3*7B
1780411153.241,$GBGSV,2,1,07,01,42,107,,02,63,241,,03,71,141,,04,22,098,,0*76
1780411153.242,$GBGSV,2,2,07,04,22,098,,08,20,152,,13,09,190,,0*4A
1780411153.242,$GNGLL,1338.99791,N,10029.54313,E,143913.00,A,D*73
1780411154.231,$GNRMC,143914.00,A,1338.99781,N,10029.54333,E,0.720,114.36,020626,0.53,W,F,V*43
1780411154.234,$GNVTG,114.36,T,114.89,M,0.720,N,1.334,K,D*3C
1780411154.238,$GNGGA,143914.00,1338.99781,N,10029.54333,E,5,12,0.85,0.0,M,-27.8,M,1.0,0499*46
1780411154.240,$GNGSA,A,3,10,26,28,31,32,,,,,,,,1.54,0.85,1.29,1*0A
1780411154.241,$GNGSA,A,3,78,66,77,79,67,68,,,,,,,1.54,0.85,1.29,2*0B
1780411154.243,$GNGSA,A,3,36,05,06,09,16,25,31,34,,,,,1.54,0.85,1.29,3*0E
1780411154.244,$GNGSA,A,3,06,07,09,10,23,24,25,33,,,,,1.54,0.85,1.29,4*0A
1780411154.246,$GPGSV,2,1,07,26,77,199,46,28,37,011,41,31,47,331,45,32,43,058,45,1*67
1780411154.248,$GPGSV,2,2,07,41,64,233,45,42,70,217,46,50,56,115,42,1*55
1780411154.250,$GPGSV,2,1,06,03,14,324,20,10,39,156,33,26,77,199,44,28,37,011,42,6*63
1780411154.252,$GPGSV,2,2,06,31,47,331,45,32,43,058,44,6*6F
1780411154.254,$GPGSV,2,1,08,01,12,279,,02,14,252,,16,42,199,,23,04,151,,0*62
1780411154.256,$GPGSV,2,2,08,23,04,151,,25,08,038,,27,07,192,,29,06,082,,0*66
1780411154.258,$GLGSV,2,1,06,66,26,112,24,67,51,041,40,68,22,345,46,77,22,022,36,1*72
1780411154.260,$GLGSV,2,2,06,78,75,327,49,79,39,221,24,1*7B
1780411154.262,$GLGSV,2,1,05,66,26,112,31,67,51,041,44,68,22,345,37,78,75,327,49,3*76
1780411154.263,$GLGSV,2,2,05,79,39,221,25,3*4D
1780411154.264,$GLGSV,1,1,01,82,02,225,,0*45
1780411154.265,$GAGSV,2,1,08,05,40,358,48,06,17,085,30,09,32,064,45,16,61,077,52,2*7C
1780411154.267,$GAGSV,2,2,08,25,53,182,30,31,13,041,25,34,27,267,20,36,28,209,23,2*73
1780411154.268,$GAGSV,2,1,06,05,40,358,43,06,17,085,29,09,32,064,39,16,61,077,45,7*79
1780411154.269,$GAGSV,2,2,06,25,53,182,30,31,13,041,26,7*7D
1780411154.270,$GAGSV,1,1,04,02,05,207,,03,11,311,,11,04,165,,15,01,310,,0*73
1780411154.271,$GBGSV,2,1,08,06,61,151,31,07,46,007,44,09,89,188,46,10,54,353,45,1*76
1780411154.272,$GBGSV,2,2,08,23,51,246,39,24,13,036,23,25,65,357,48,33,62,086,52,1*75
1780411154.273,$GBGSV,1,1,02,09,89,188,49,10,54,353,49,3*7A
1780411154.274,$GBGSV,2,1,07,01,42,107,,02,63,241,,03,71,141,,04,22,098,,0*76
1780411154.274,$GBGSV,2,2,07,04,22,098,,08,20,152,,13,09,190,,0*4A
1780411154.275,$GNGLL,1338.99781,N,10029.54333,E,143914.00,A,D*77
1780411155.227,$GNRMC,143915.00,A,1338.99772,N,10029.54353,E,0.763,111.92,020626,0.53,W,F,V*44
1780411155.230,$GNVTG,111.92,T,112.45,M,0.763,N,1.413,K,D*34
1780411155.231,$GNGGA,143915.00,1338.99772,N,10029.54353,E,5,12,0.77,0.0,M,-27.8,M,1.0,0499*40
1780411155.231,$GNGSA,A,3,10,26,28,31,32,,,,,,,,1.44,0.77,1.22,1*0D
1780411155.232,$GNGSA,A,3,78,66,77,79,67,68,,,,,,,1.44,0.77,1.22,2*0C
1780411155.232,$GNGSA,A,3,36,05,06,09,16,25,31,,,,,,1.44,0.77,1.22,3*0E
1780411155.233,$GNGSA,A,3,06,07,09,10,23,24,25,33,,,,,1.44,0.77,1.22,4*0D
1780411155.233,$GPGSV,2,1,07,26,77,199,47,28,37,011,42,31,47,331,45,32,43,058,45,1*65
1780411155.234,$GPGSV,2,2,07,41,64,233,47,42,70,217,46,50,56,115,41,1*54
1780411155.235,$GPGSV,2,1,06,03,14,324,20,10,39,156,37,26,77,199,47,28,37,011,43,6*65
1780411155.235,$GPGSV,2,2,06,31,47,331,43,32,43,058,45,6*68
1780411155.236,$GPGSV,2,1,08,01,12,279,,02,14,252,,16,42,199,,23,04,151,,0*62
1780411155.236,$GPGSV,2,2,08,23,04,151,,25,08,038,,27,07,192,,29,06,082,,0*66
1780411155.237,$GLGSV,2,1,06,66,26,112,23,67,51,041,42,68,22,345,40,77,22,022,38,1*7F
1780411155.238,$GLGSV,2,2,06,78,75,327,49,79,39,221,27,1*78
1780411155.238,$GLGSV,2,1,05,66,26,112,25,67,51,041,44,68,22,345,39,78,75,327,49,3*7D
1780411155.239,$GLGSV,2,2,05,79,39,221,31,3*48
1780411155.239,$GLGSV,1,1,01,82,02,225,,0*45
1780411155.240,$GAGSV,2,1,08,05,40,358,48,06,17,085,31,09,32,064,44,16,61,077,49,2*76
1780411155.240,$GAGSV,2,2,08,25,53,182,30,31,13,041,35,34,27,267,18,36,28,209,22,2*78
1780411155.241,$GAGSV,2,1,07,05,40,358,42,06,17,085,27,09,32,064,42,16,61,077,47,7*79
1780411155.242,$GAGSV,2,2,07,25,53,182,30,31,13,041,27,36,28,209,09,7*40
1780411155.242,$GAGSV,1,1,04,02,05,207,,03,11,311,,11,04,165,,15,01,310,,0*73
1780411155.243,$GBGSV,2,1,08,06,61,151,39,07,46,007,45,09,89,188,47,10,54,353,43,1*78
1780411155.243,$GBGSV,2,2,08,23,51,246,40,24,13,036,24,25,65,357,49,33,62,086,47,1*79
1780411155.244,$GBGSV,1,1,02,09,89,188,48,10,54,353,47,3*75
1780411155.244,$GBGSV,2,1,07,01,42,107,,02,63,241,,03,71,141,,04,22,098,,0*76
1780411155.245,$GBGSV,2,2,07,04,22,098,,08,20,152,,13,09,190,,0*4A
1780411155.245,$GNGLL,1338.99772,N,10029.54353,E,143915.00,A,D*7C
1780411156.254,$GNRMC,143916.00,A,1338.99763,N,10029.54370,E,0.749,108.73,020626,0.53,W,F,V*49
1780411156.257,$GNVTG,108.73,T,109.26,M,0.749,N,1.386,K,D*3F
1780411156.259,$GNGGA,143916.00,1338.99763,N,10029.54370,E,5,12,0.77,0.0,M,-27.8,M,1.0,0499*42
1780411156.261,$GNGSA,A,3,10,26,28,31,32,,,,,,,,1.44,0.77,1.22,1*0D
1780411156.262,$GNGSA,A,3,78,66,77,79,67,68,,,,,,,1.44,0.77,1.22,2*0C
1780411156.264,$GNGSA,A,3,36,05,06,09,16,25,31,,,,,,1.44,0.77,1.22,3*0E
1780411156.266,$GNGSA,A,3,06,07,09,10,23,24,25,33,,,,,1.44,0.77,1.22,4*0D
1780411156.268,$GPGSV,2,1,08,10,39,156,37,26,77,199,47,28,37,011,41,31,47,331,45,1*6E
1780411156.270,$GPGSV,2,2,08,32,43,058,44,41,64,233,48,42,70,217,46,50,56,115,42,1*6C
1780411156.273,$GPGSV,2,1,06,03,14,324,24,10,39,156,37,26,77,199,46,28,37,011,43,6*60
1780411156.274,$GPGSV,2,2,06,31,47,331,43,32,43,058,45,6*68
1780411156.276,$GPGSV,2,1,08,01,12,279,,02,14,252,,16,42,199,,23,04,151,,0*62
1780411156.278,$GPGSV,2,2,08,23,04,151,,25,08,038,,27,07,192,,29,06,082,,0*66
1780411156.279,$GLGSV,2,1,06,66,26,112,22,67,51,041,46,68,22,345,40,77,22,022,36,1*74
1780411156.280,$GLGSV,2,2,06,78,75,327,49,79,39,221,25,1*7A
1780411156.281,$GLGSV,2,1,05,66,26,112,24,67,51,041,44,68,22,345,32,78,75,327,49,3*77
1780411156.282,$GLGSV,2,2,05,79,39,221,23,3*4B
1780411156.283,$GLGSV,1,1,01,82,02,225,,0*45
1780411156.284,$GAGSV,2,1,08,05,40,358,47,06,17,085,30,09,32,064,45,16,61,077,51,2*70
1780411156.285,$GAGSV,2,2,08,25,53,182,29,31,13,041,33,34,27,267,18,36,28,209,21,2*75
1780411156.286,$GAGSV,2,1,06,05,40,358,42,06,17,085,29,09,32,064,42,16,61,077,45,7*74
1780411156.287,$GAGSV,2,2,06,31,13,041,27,36,28,209,18,7*78
1780411156.288,$GAGSV,1,1,04,02,05,207,,03,11,311,,11,04,165,,15,01,310,,0*73
1780411156.288,$GBGSV,2,1,08,06,61,151,40,07,46,007,46,09,89,188,47,10,54,353,44,1*72
1780411156.289,$GBGSV,2,2,08,23,51,246,41,24,13,036,24,25,65,357,46,33,62,086,49,1*79
1780411156.290,$GBGSV,1,1,02,09,89,188,49,10,54,353,47,3*74
1780411156.291,$GBGSV,2,1,07,01,42,107,,02,63,241,,03,71,141,,04,22,098,,0*76
1780411156.291,$GBGSV,2,2,07,04,22,098,,08,20,152,,13,09,190,,0*4A
1780411156.292,$GNGLL,1338.99763,N,10029.54370,E,143916.00,A,D*7E
1780411157.235,$GNRMC,143917.00,A,1338.99753,N,10029.54388,E,0.737,109.35,020626,0.53,W,F,V*46
1780411157.237,$GNVTG,109.35,T,109.88,M,0.737,N,1.365,K,D*3C
1780411157.238,$GNGGA,143917.00,1338.99753,N,10029.54388,E,5,12,0.74,0.0,M,-27.8,M,1.0,0499*44
1780411157.239,$GNGSA,A,3,16,10,26,28,31,32,,,,,,,1.53,0.74,1.33,1*0F
1780411157.239,$GNGSA,A,3,78,66,77,79,67,68,,,,,,,1.53,0.74,1.33,2*09
1780411157.239,$GNGSA,A,3,36,05,06,09,16,25,31,,,,,,1.53,0.74,1.33,3*0B
1780411157.240,$GNGSA,A,3,06,07,09,10,23,24,25,33,,,,,1.53,0.74,1.33,4*08
1780411157.241,$GPGSV,3,1,09,10,39,156,35,16,42,199,31,26,77,199,47,28,37,011,41,1*6F
1780411157.241,$GPGSV,3,2,09,31,47,331,45,32,43,058,45,41,64,233,48,42,70,217,46,1*69
1780411157.242,$GPGSV,3,3,09,50,56,115,43,1*59
1780411157.242,$GPGSV,2,1,06,03,14,324,25,10,39,156,35,26,77,199,46,28,37,011,42,6*62
1780411157.243,$GPGSV,2,2,06,31,47,331,44,32,43,058,44,6*6E
1780411157.243,$GPGSV,2,1,07,01,12,279,,02,14,252,,23,04,151,,25,08,038,,0*69
1780411157.244,$GPGSV,2,2,07,25,08,038,,27,07,192,,29,06,082,,0*59
1780411157.245,$GLGSV,2,1,06,66,26,112,24,67,51,041,47,68,22,345,39,77,22,022,38,1*73
1780411157.245,$GLGSV,2,2,06,78,75,327,49,79,39,221,25,1*7A
1780411157.246,$GLGSV,2,1,05,66,26,112,24,67,51,041,45,68,22,345,37,78,75,327,49,3*73
1780411157.246,$GLGSV,2,2,05,79,39,221,24,3*4C
1780411157.247,$GLGSV,1,1,01,82,02,225,,0*45
1780411157.247,$GAGSV,2,1,08,05,40,358,48,06,17,085,33,09,32,064,46,16,61,077,52,2*7C
1780411157.248,$GAGSV,2,2,08,25,53,182,30,31,13,041,33,34,27,267,19,36,28,209,23,2*7E
1780411157.249,$GAGSV,2,1,07,05,40,358,41,06,17,085,29,09,32,064,37,16,61,077,44,7*75
1780411157.249,$GAGSV,2,2,07,25,53,182,30,31,13,041,32,36,28,209,25,7*4A
1780411157.250,$GAGSV,1,1,04,02,05,207,,03,11,311,,11,04,165,,15,02,309,,0*78
1780411157.251,$GBGSV,2,1,08,06,61,151,36,07,46,007,45,09,89,188,47,10,54,353,44,1*70
1780411157.252,$GBGSV,2,2,08,23,51,246,44,24,13,036,25,25,65,357,49,33,62,086,50,1*7A
1780411157.252,$GBGSV,1,1,02,09,89,188,49,10,54,353,46,3*75
1780411157.253,$GBGSV,2,1,07,01,42,107,,02,63,241,,03,71,141,,04,22,098,,0*76
1780411157.253,$GBGSV,2,2,07,04,22,098,,08,20,152,,13,09,190,,0*4A
1780411157.254,$GNGLL,1338.99753,N,10029.54388,E,143917.00,A,D*7B
1780411158.231,$GNRMC,143918.00,A,1338.99742,N,10029.54408,E,0.725,111.24,020626,0.53,W,F,V*4C
1780411158.234,$GNVTG,111.24,T,111.77,M,0.725,N,1.342,K,D*3A
1780411158.236,$GNGGA,143918.00,1338.99742,N,10029.54408,E,5,12,0.77,-0.1,M,-27.8,M,1.0,0499*6B
1780411158.238,$GNGSA,A,3,10,26,28,31,32,,,,,,,,1.51,0.77,1.29,1*02
1780411158.239,$GNGSA,A,3,78,66,77,79,67,68,,,,,,,1.51,0.77,1.29,2*03
1780411158.240,$GNGSA,A,3,36,05,06,09,16,25,31,34,,,,,1.51,0.77,1.29,3*06
1780411158.242,$GNGSA,A,3,06,07,09,10,23,24,25,33,,,,,1.51,0.77,1.29,4*02
1780411158.244,$GPGSV,3,1,09,10,39,156,32,16,42,199,25,26,77,199,45,28,37,011,43,1*6D
1780411158.246,$GPGSV,3,2,09,31,47,331,44,32,43,058,45,41,64,233,47,42,70,217,45,1*64
1780411158.247,$GPGSV,3,3,09,50,56,115,43,1*59
1780411158.249,$GPGSV,2,1,06,03,14,324,25,10,39,156,35,26,77,199,47,28,37,011,45,6*64
1780411158.251,$GPGSV,2,2,06,31,47,331,44,32,43,058,44,6*6E
1780411158.253,$GPGSV,2,1,07,01,12,279,,02,14,252,,23,04,151,,25,08,038,,0*69
1780411158.254,$GPGSV,2,2,07,25,08,038,,27,07,192,,29,06,082,,0*59
1780411158.256,$GLGSV,2,1,06,66,26,112,24,67,51,041,45,68,22,345,40,77,22,022,32,1*75
1780411158.258,$GLGSV,2,2,06,78,75,327,49,79,39,221,25,1*7A
1780411158.259,$GLGSV,2,1,05,66,26,112,22,67,51,041,48,68,22,345,35,78,75,327,49,3*7A
1780411158.260,$GLGSV,2,2,05,79,39,221,25,3*4D
1780411158.261,$GLGSV,1,1,01,82,02,225,,0*45
1780411158.262,$GAGSV,2,1,08,05,40,358,47,06,17,085,31,09,32,064,45,16,61,075,50,2*72
1780411158.263,$GAGSV,2,2,08,25,53,182,30,31,13,041,32,34,27,267,28,36,28,209,26,2*78
1780411158.264,$GAGSV,2,1,06,05,40,358,42,06,17,085,29,09,32,064,41,16,61,075,47,7*77
1780411158.265,$GAGSV,2,2,06,31,13,041,28,36,28,209,25,7*79
1780411158.266,$GAGSV,1,1,04,02,05,207,,03,11,311,,11,04,165,,15,02,309,,0*78
1780411158.267,$GBGSV,2,1,08,06,61,151,30,07,46,007,44,09,89,188,47,10,54,353,44,1*77
1780411158.268,$GBGSV,2,2,08,23,51,246,42,24,13,036,25,25,65,357,52,33,62,086,48,1*7F
1780411158.269,$GBGSV,1,1,02,09,89,188,48,10,54,353,47,3*75
1780411158.269,$GBGSV,2,1,07,01,42,107,,02,63,241,,03,71,141,,04,22,098,,0*76
1780411158.270,$GBGSV,2,2,07,04,22,098,,08,20,152,,13,09,190,,0*4A
1780411158.271,$GNGLL,1338.99742,N,10029.54408,E,143918.00,A,D*7B
1780411159.240,$GNRMC,143919.00,A,1338.99733,N,10029.54427,E,0.705,111.68,020626,0.53,W,F,V*4C
1780411159.243,$GNVTG,111.68,T,112.21,M,0.705,N,1.306,K,D*30
1780411159.245,$GNGGA,143919.00,1338.99733,N,10029.54427,E,5,12,0.74,-0.1,M,-27.8,M,1.0,0499*62
1780411159.247,$GNGSA,A,3,16,10,26,28,31,32,,,,,,,1.53,0.74,1.33,1*0F
1780411159.250,$GNGSA,A,3,78,66,77,79,67,68,,,,,,,1.53,0.74,1.33,2*09
1780411159.253,$GNGSA,A,3,36,05,06,09,16,25,31,34,,,,,1.53,0.74,1.33,3*0C
1780411159.255,$GNGSA,A,3,06,07,09,10,23,25,33,,,,,,1.53,0.74,1.33,4*0E
1780411159.257,$GPGSV,3,1,10,03,14,324,30,10,39,156,35,16,42,199,24,26,77,199,46,1*69
1780411159.260,$GPGSV,3,2,10,28,37,011,42,31,47,331,43,32,43,058,43,41,64,233,47,1*61
1780411159.261,$GPGSV,3,3,10,42,70,217,45,50,56,115,41,1*67
1780411159.264,$GPGSV,2,1,06,03,14,324,25,10,39,156,35,26,77,199,46,28,37,011,46,6*66
1780411159.266,$GPGSV,2,2,06,31,47,331,42,32,43,058,43,6*6F
1780411159.267,$GPGSV,2,1,07,01,12,279,,02,14,252,,23,04,151,,25,08,038,,0*69
1780411159.269,$GPGSV,2,2,07,25,08,038,,27,07,192,,29,06,082,,0*59
1780411159.270,$GLGSV,2,1,06,66,26,112,24,67,51,041,44,68,22,345,38,77,22,022,40,1*7E
1780411159.271,$GLGSV,2,2,06,78,75,327,49,79,39,221,25,1*7A
1780411159.272,$GLGSV,2,1,05,66,26,112,22,67,51,041,47,68,22,345,37,78,75,327,48,3*76
1780411159.273,$GLGSV,2,2,05,79,39,221,32,3*4B
1780411159.274,$GLGSV,1,1,01,82,02,225,,0*45
1780411159.276,$GAGSV,2,1,08,05,40,358,47,06,17,085,30,09,32,064,41,16,61,075,51,2*76
1780411159.277,$GAGSV,2,2,08,25,53,182,28,31,13,041,32,34,27,267,29,36,28,209,25,2*73
1780411159.278,$GAGSV,2,1,06,05,40,358,42,06,17,085,28,09,32,064,40,16,61,075,45,7*75
1780411159.279,$GAGSV,2,2,06,31,13,041,29,36,28,209,26,7*7B
1780411159.279,$GAGSV,1,1,04,02,05,207,,03,11,311,,11,04,165,,15,02,309,,0*78
1780411159.280,$GBGSV,2,1,07,06,61,151,34,07,46,007,43,09,89,188,46,10,54,353,45,1*7B
1780411159.281,$GBGSV,2,2,07,23,51,246,45,25,65,357,49,33,62,086,49,1*4A
1780411159.281,$GBGSV,1,1,02,09,89,188,48,10,54,353,49,3*7B
1780411159.282,$GBGSV,2,1,08,01,42,107,,02,63,241,,03,71,141,,04,22,098,,0*79
1780411159.283,$GBGSV,2,2,08,04,22,098,,08,20,152,,13,09,190,,24,13,036,,0*74
1780411159.283,$GNGLL,1338.99733,N,10029.54427,E,143919.00,A,D*71
1780411160.228,$GNRMC,143920.00,A,1338.99725,N,10029.54447,E,0.760,109.97,020626,0.53,W,F,V*4D
1780411160.231,$GNVTG,109.97,T,110.50,M,0.760,N,1.407,K,D*38
1780411160.232,$GNGGA,143920.00,1338.99725,N,10029.54447,E,5,12,0.77,-0.1,M,-27.8,M,1.0,0499*6A
1780411160.233,$GNGSA,A,3,10,26,28,31,32,,,,,,,,1.56,0.77,1.36,1*0B
1780411160.234,$GNGSA,A,3,78,66,77,79,67,68,,,,,,,1.56,0.77,1.36,2*0A
1780411160.234,$GNGSA,A,3,36,05,06,09,16,25,31,34,,,,,1.56,0.77,1.36,3*0F
1780411160.235,$GNGSA,A,3,06,07,09,10,23,25,33,,,,,,1.56,0.77,1.36,4*0D
1780411160.236,$GPGSV,2,1,08,10,39,156,34,26,77,199,47,28,37,011,42,31,47,331,46,1*6D
1780411160.236,$GPGSV,2,2,08,32,43,058,47,41,64,233,47,42,70,217,46,50,56,115,39,1*6C
1780411160.237,$GPGSV,2,1,06,03,14,324,24,10,39,156,34,26,77,199,46,28,37,011,46,6*66
1780411160.237,$GPGSV,2,2,06,31,47,331,41,32,43,058,45,6*6A
1780411160.238,$GPGSV,2,1,08,01,12,279,,02,14,252,,16,42,199,,23,04,151,,0*62
1780411160.239,$GPGSV,2,2,08,23,04,151,,25,08,038,,27,07,192,,29,06,082,,0*66
1780411160.239,$GLGSV,2,1,06,66,26,112,30,67,51,041,47,68,22,345,41,77,22,022,35,1*74
1780411160.240,$GLGSV,2,2,06,78,75,327,48,79,39,221,24,1*7A
1780411160.241,$GLGSV,2,1,05,66,26,112,23,67,51,041,49,68,22,345,41,78,75,327,48,3*78
1780411160.241,$GLGSV,2,2,05,79,39,221,26,3*4E
1780411160.242,$GLGSV,1,1,01,82,02,225,,0*45
1780411160.243,$GAGSV,2,1,08,05,40,358,48,06,17,085,30,09,32,064,48,16,61,075,52,2*73
1780411160.244,$GAGSV,2,2,08,25,53,182,27,31,13,041,32,34,27,267,28,36,28,209,30,2*79
1780411160.245,$GAGSV,2,1,06,05,40,358,43,06,17,085,26,09,32,064,40,16,61,075,45,7*7A
1780411160.246,$GAGSV,2,2,06,31,13,041,31,36,28,209,27,7*73
1780411160.247,$GAGSV,1,1,04,02,05,207,,03,11,311,,11,04,165,,15,02,309,,0*78
1780411160.248,$GBGSV,2,1,07,06,61,151,35,07,46,007,44,09,89,188,47,10,54,353,44,1*7D
1780411160.248,$GBGSV,2,2,07,23,51,246,46,25,65,357,47,33,62,086,50,1*4F
1780411160.249,$GBGSV,1,1,02,09,89,188,48,10,54,353,47,3*75
1780411160.250,$GBGSV,2,1,08,01,42,107,,02,63,241,,03,71,141,,04,22,098,,0*79
1780411160.251,$GBGSV,2,2,08,04,22,098,,08,20,152,,13,09,190,,24,13,036,,0*74
1780411160.251,$GNGLL,1338.99725,N,10029.54447,E,143920.00,A,D*7A
1780411161.232,$GNRMC,143921.00,A,1338.99716,N,10029.54467,E,0.732,108.65,020626,0.53,W,F,V*45
1780411161.235,$GNVTG,108.65,T,109.18,M,0.732,N,1.355,K,D*37
1780411161.237,$GNGGA,143921.00,1338.99716,N,10029.54467,E,5,12,0.77,-0.1,M,-27.8,M,1.0,0499*69
1780411161.238,$GNGSA,A,3,10,26,28,31,32,,,,,,,,1.56,0.77,1.36,1*0B
1780411161.240,$GNGSA,A,3,78,66,77,79,67,68,,,,,,,1.56,0.77,1.36,2*0A
1780411161.241,$GNGSA,A,3,36,05,06,09,16,25,31,34,,,,,1.56,0.77,1.36,3*0F
1780411161.243,$GNGSA,A,3,06,07,09,10,23,25,33,,,,,,1.56,0.77,1.36,4*0D
1780411161.244,$GPGSV,3,1,09,03,14,324,29,10,39,156,34,26,77,199,47,28,37,011,39,1*6B
1780411161.247,$GPGSV,3,2,09,31,47,331,43,32,43,058,45,41,64,233,46,42,70,217,46,1*61
1780411161.248,$GPGSV,3,3,09,50,56,115,40,1*5A
1780411161.251,$GPGSV,2,1,06,03,14,324,23,10,39,156,30,26,77,199,47,28,37,011,46,6*64
1780411161.254,$GPGSV,2,2,06,31,47,331,43,32,43,058,43,6*6E
1780411161.256,$GPGSV,2,1,08,01,12,279,,02,14,252,,16,42,199,,23,04,151,,0*62
1780411161.257,$GPGSV,2,2,08,23,04,151,,25,08,038,,27,07,192,,29,06,082,,0*66
1780411161.259,$GLGSV,2,1,06,66,26,112,25,67,51,041,49,68,22,345,42,77,22,022,35,1*7D
1780411161.260,$GLGSV,2,2,06,78,75,327,49,79,39,221,31,1*7F
1780411161.262,$GLGSV,2,1,05,66,26,112,24,67,51,041,46,68,22,345,36,78,75,327,49,3*71
1780411161.263,$GLGSV,2,2,05,79,39,221,26,3*4E
1780411161.263,$GLGSV,1,1,01,82,02,225,,0*45
1780411161.264,$GAGSV,2,1,08,05,40,358,48,06,17,085,29,09,32,064,45,16,61,075,50,2*74
1780411161.266,$GAGSV,2,2,08,25,53,182,32,31,13,041,36,34,27,267,26,36,28,209,33,2*74
1780411161.267,$GAGSV,2,1,06,05,40,358,41,06,17,085,26,09,32,064,43,16,61,075,45,7*7B
1780411161.267,$GAGSV,2,2,06,31,13,041,34,36,28,209,26,7*77
1780411161.268,$GAGSV,1,1,04,02,05,207,,03,11,311,,11,04,165,,15,02,309,,0*78
1780411161.269,$GBGSV,2,1,07,06,61,151,38,07,46,007,44,09,89,188,46,10,54,353,44,1*71
1780411161.270,$GBGSV,2,2,07,23,51,246,48,25,65,357,50,33,62,086,50,1*47
1780411161.271,$GBGSV,1,1,02,09,89,188,49,10,54,353,48,3*7B
1780411161.271,$GBGSV,2,1,08,01,42,107,,02,63,241,,03,71,141,,04,22,098,,0*79
1780411161.272,$GBGSV,2,2,08,04,22,098,,08,20,152,,13,09,190,,24,13,036,,0*74
1780411161.273,$GNGLL,1338.99716,N,10029.54467,E,143921.00,A,D*79
1780411162.233,$GNRMC,143922.00,A,1338.99708,N,10029.54488,E,0.769,107.78,020626,0.53,W,F,V*45
1780411162.235,$GNVTG,107.78,T,108.31,M,0.769,N,1.423,K,D*36
1780411162.236,$GNGGA,143922.00,1338.99708,N,10029.54488,E,5,12,0.77,-0.1,M,-27.8,M,1.0,0499*64
1780411162.236,$GNGSA,A,3,10,26,28,31,32,,,,,,,,1.56,0.77,1.36,1*0B
1780411162.237,$GNGSA,A,3,78,66,77,79,67,68,,,,,,,1.56,0.77,1.36,2*0A
1780411162.237,$GNGSA,A,3,36,05,06,09,16,25,31,34,,,,,1.56,0.77,1.36,3*0F
1780411162.238,$GNGSA,A,3,06,07,09,10,23,25,33,,,,,,1.56,0.77,1.36,4*0D
1780411162.238,$GPGSV,3,1,09,03,14,324,29,10,39,156,29,26,77,199,46,28,37,011,42,1*6A
1780411162.239,$GPGSV,3,2,09,31,47,331,44,32,43,058,44,41,64,233,44,42,70,217,46,1*65
1780411162.239,$GPGSV,3,3,09,50,56,115,37,1*5A
1780411162.240,$GPGSV,2,1,06,03,14,324,26,10,39,156,30,26,77,199,48,28,37,011,45,6*6D
1780411162.241,$GPGSV,2,2,06,31,47,331,44,32,43,058,43,6*69
1780411162.241,$GPGSV,2,1,08,01,12,279,,02,14,252,,16,42,199,,23,04,151,,0*62
1780411162.242,$GPGSV,2,2,08,23,04,151,,25,08,038,,27,07,192,,29,06,082,,0*66
1780411162.243,$GLGSV,2,1,06,66,26,112,24,67,51,041,48,68,22,345,44,77,22,022,38,1*76
1780411162.243,$GLGSV,2,2,06,78,75,327,49,79,39,221,31,1*7F
1780411162.244,$GLGSV,2,1,05,66,26,112,23,67,51,041,49,68,22,345,40,78,75,327,49,3*78
1780411162.244,$GLGSV,2,2,05,79,39,221,26,3*4E
1780411162.244,$GLGSV,1,1,01,82,02,225,,0*45
1780411162.245,$GAGSV,2,1,08,05,40,358,46,06,17,085,29,09,32,064,46,16,61,075,50,2*79
1780411162.247,$GAGSV,2,2,08,25,53,182,27,31,13,041,30,34,27,267,25,36,28,209,33,2*75
1780411162.247,$GAGSV,2,1,06,05,40,358,43,06,17,085,26,09,32,064,41,16,61,075,45,7*7B
1780411162.248,$GAGSV,2,2,06,31,13,041,34,36,28,209,24,7*75
1780411162.248,$GAGSV,1,1,04,02,05,207,,03,11,311,,11,04,165,,15,02,309,,0*78
1780411162.249,$GBGSV,2,1,07,06,61,151,33,07,46,007,47,09,89,188,48,10,54,353,44,1*77
1780411162.249,$GBGSV,2,2,07,23,51,246,48,25,65,357,49,33,62,086,50,1*4F
1780411162.250,$GBGSV,1,1,02,09,89,188,50,10,54,353,47,3*7C
1780411162.251,$GBGSV,2,1,08,01,42,107,,02,63,241,,03,71,141,,04,22,098,,0*79
1780411162.251,$GBGSV,2,2,08,04,22,098,,08,20,152,,13,09,190,,24,13,036,,0*74
1780411162.252,$GNGLL,1338.99708,N,10029.54488,E,143922.00,A,D*74
1780411163.226,$GNRMC,143923.00,A,1338.99700,N,10029.54508,E,0.753,109.19,020626,0.53,W,F,V*45
1780411163.229,$GNVTG,109.19,T,109.72,M,0.753,N,1.394,K,D*3B
1780411163.230,$GNGGA,143923.00,1338.99700,N,10029.54508,E,5,12,0.77,-0.2,M,-27.8,M,1.0,0499*67
1780411163.230,$GNGSA,A,3,10,26,28,31,32,,,,,,,,1.51,0.77,1.29,1*02
1780411163.231,$GNGSA,A,3,78,66,77,79,67,68,,,,,,,1.51,0.77,1.29,2*03
1780411163.231,$GNGSA,A,3,36,05,06,09,16,25,31,34,,,,,1.51,0.77,1.29,3*06
1780411163.232,$GNGSA,A,3,06,07,09,10,23,25,33,,,,,,1.51,0.77,1.29,4*04
1780411163.232,$GPGSV,2,1,08,03,14,324,29,26,77,199,46,28,37,011,41,31,47,331,46,1*69
1780411163.233,$GPGSV,2,2,08,32,43,058,46,41,64,233,46,42,70,217,46,50,56,115,37,1*62
1780411163.234,$GPGSV,2,1,06,03,14,324,29,10,39,156,21,26,77,199,48,28,37,011,44,6*63
1780411163.234,$GPGSV,2,2,06,31,47,331,44,32,43,058,42,6*68
1780411163.235,$GPGSV,2,1,08,01,12,279,,02,14,252,,16,42,199,,23,04,151,,0*62
1780411163.236,$GPGSV,2,2,08,23,04,151,,25,08,038,,27,07,192,,29,06,082,,0*66
1780411163.236,$GLGSV,2,1,06,66,26,112,22,67,51,041,49,68,22,345,44,77,22,022,34,1*7D
1780411163.237,$GLGSV,2,2,06,78,75,327,49,79,39,221,24,1*7B
1780411163.237,$GLGSV,2,1,05,66,26,112,22,67,51,041,47,68,22,345,43,78,75,327,49,3*74
1780411163.238,$GLGSV,2,2,05,79,39,221,25,3*4D
1780411163.238,$GLGSV,1,1,01,82,02,225,,0*45
1780411163.239,$GAGSV,2,1,08,05,40,358,46,06,17,085,28,09,32,064,46,16,61,075,50,2*78
1780411163.240,$GAGSV,2,2,08,25,53,182,36,31,13,041,20,34,27,267,23,36,28,209,32,2*73
1780411163.240,$GAGSV,2,1,06,05,40,358,45,06,17,085,26,09,32,064,42,16,61,075,46,7*7D
1780411163.241,$GAGSV,2,2,06,31,13,041,31,36,28,209,24,7*70
1780411163.241,$GAGSV,1,1,04,02,05,207,,03,11,311,,11,04,165,,15,02,309,,0*78
1780411163.242,$GBGSV,2,1,07,06,61,151,31,07,46,007,44,09,89,188,47,10,54,353,44,1*79
1780411163.243,$GBGSV,2,2,07,23,51,246,48,25,65,357,49,33,62,086,49,1*47
1780411163.244,$GBGSV,1,1,02,09,89,188,49,10,54,353,49,3*7A
1780411163.245,$GBGSV,2,1,08,01,42,107,,02,63,241,,03,71,141,,04,22,098,,0*79
1780411163.245,$GBGSV,2,2,08,04,22,098,,08,20,152,,13,09,190,,24,13,036,,0*74
1780411163.246,$GNGLL,1338.99700,N,10029.54508,E,143923.00,A,D*74
1780411164.223,$GNRMC,143924.00,A,1338.99693,N,10029.54528,E,0.754,108.01,020626,0.53,W,F,V*44
1780411164.226,$GNVTG,108.01,T,108.54,M,0.754,N,1.396,K,D*33
1780411164.227,$GNGGA,143924.00,1338.99693,N,10029.54528,E,5,12,0.77,-0.1,M,-27.8,M,1.0,0499*6A
1780411164.227,$GNGSA,A,3,10,26,28,31,32,,,,,,,,1.56,0.77,1.36,1*0B
1780411164.228,$GNGSA,A,3,78,66,77,79,67,68,,,,,,,1.56,0.77,1.36,2*0A
1780411164.228,$GNGSA,A,3,36,05,06,09,16,25,31,34,,,,,1.56,0.77,1.36,3*0F
1780411164.229,$GNGSA,A,3,06,07,09,10,23,25,33,,,,,,1.56,0.77,1.36,4*0D
1780411164.229,$GPGSV,2,1,07,26,77,199,45,28,37,011,41,31,47,331,45,32,43,058,44,1*65
1780411164.230,$GPGSV,2,2,07,41,64,233,47,42,70,217,44,50,56,115,37,1*57
1780411164.231,$GPGSV,2,1,06,03,14,324,23,10,39,156,22,26,77,199,47,28,37,011,43,6*62
1780411164.231,$GPGSV,2,2,06,31,47,331,43,32,43,058,44,6*69
1780411164.232,$GPGSV,2,1,08,01,12,279,,02,14,252,,16,42,199,,23,04,151,,0*62
1780411164.232,$GPGSV,2,2,08,23,04,151,,25,08,038,,27,07,192,,29,06,082,,0*66
1780411164.233,$GLGSV,2,1,06,66,26,112,23,67,51,041,46,68,22,345,44,77,22,022,37,1*70
1780411164.233,$GLGSV,2,2,06,78,75,327,49,79,39,221,26,1*79
1780411164.234,$GLGSV,2,1,05,66,26,112,23,67,51,041,48,68,22,345,41,78,75,327,49,3*78
1780411164.235,$GLGSV,2,2,05,79,39,221,26,3*4E
1780411164.235,$GLGSV,1,1,01,82,02,225,,0*45
1780411164.236,$GAGSV,2,1,08,05,40,358,47,06,17,085,27,09,32,064,44,16,61,075,52,2*76
1780411164.236,$GAGSV,2,2,08,25,53,182,32,31,13,041,22,34,27,267,22,36,28,209,32,2*74
1780411164.237,$GAGSV,2,1,06,05,40,358,44,06,17,085,26,09,32,064,41,16,61,075,47,7*7E
1780411164.238,$GAGSV,2,2,06,31,13,041,22,36,28,209,23,7*75
1780411164.238,$GAGSV,1,1,04,02,05,207,,03,11,311,,11,04,165,,15,02,309,,0*78
1780411164.239,$GBGSV,2,1,07,06,61,151,34,07,46,007,46,09,89,188,46,10,54,353,45,1*7E
1780411164.239,$GBGSV,2,2,07,23,51,246,49,25,65,357,50,33,62,086,46,1*41
1780411164.240,$GBGSV,1,1,02,09,89,188,50,10,54,353,50,3*7A
1780411164.240,$GBGSV,2,1,08,01,42,107,,02,63,241,,03,71,141,,04,22,098,,0*79
1780411164.241,$GBGSV,2,2,08,04,22,098,,08,20,152,,13,09,190,,24,13,036,,0*74
1780411164.241,$GNGLL,1338.99693,N,10029.54528,E,143924.00,A,D*7A
1780411165.220,$GNRMC,143925.00,A,1338.99686,N,10029.54549,E,0.762,108.00,020626,0.53,W,F,V*42
1780411165.223,$GNVTG,108.00,T,108.53,M,0.762,N,1.411,K,D*38
1780411165.224,$GNGGA,143925.00,1338.99686,N,10029.54549,E,5,12,0.77,-0.2,M,-27.8,M,1.0,0499*6B
1780411165.225,$GNGSA,A,3,10,26,28,31,32,,,,,,,,1.57,0.77,1.36,1*0A
1780411165.226,$GNGSA,A,3,78,66,77,79,67,68,,,,,,,1.57,0.77,1.36,2*0B
1780411165.227,$GNGSA,A,3,36,05,06,09,16,25,31,34,,,,,1.57,0.77,1.36,3*0E
1780411165.227,$GNGSA,A,3,06,07,09,10,23,25,33,,,,,,1.57,0.77,1.36,4*0C
1780411165.228,$GPGSV,2,1,08,10,39,156,28,26,77,199,47,28,37,011,42,31,47,331,45,1*63
1780411165.228,$GPGSV,2,2,08,32,43,058,45,41,64,233,47,42,70,217,43,50,56,115,36,1*64
1780411165.229,$GPGSV,2,1,06,03,14,324,23,10,39,156,23,26,77,199,46,28,37,011,43,6*62
1780411165.230,$GPGSV,2,2,06,31,47,331,44,32,43,058,43,6*69
1780411165.230,$GPGSV,2,1,08,01,12,279,,02,14,252,,16,42,199,,23,04,151,,0*62
1780411165.231,$GPGSV,2,2,08,23,04,151,,25,08,038,,27,07,192,,29,06,082,,0*66
1780411165.231,$GLGSV,2,1,06,66,26,112,22,67,51,041,47,68,22,345,43,77,22,022,39,1*79
1780411165.232,$GLGSV,2,2,06,78,75,327,49,79,39,221,32,1*7C
1780411165.233,$GLGSV,2,1,05,66,26,112,24,67,51,041,47,68,22,345,43,78,75,327,48,3*73
1780411165.233,$GLGSV,2,2,05,79,39,221,26,3*4E
1780411165.233,$GLGSV,1,1,01,82,02,225,,0*45
1780411165.234,$GAGSV,2,1,08,05,40,358,48,06,17,085,25,09,32,064,48,16,61,075,51,2*74
1780411165.235,$GAGSV,2,2,08,25,53,182,28,31,13,041,34,34,27,267,21,36,28,209,32,2*7B
1780411165.236,$GAGSV,2,1,05,05,40,358,42,09,32,064,43,16,61,075,47,31,13,041,23,7*74
1780411165.237,$GAGSV,2,2,05,36,28,209,22,7*42
1780411165.238,$GAGSV,1,1,04,02,05,207,,03,11,311,,11,04,165,,15,02,309,,0*78
1780411165.239,$GBGSV,2,1,07,06,61,151,24,07,46,007,45,09,89,188,48,10,54,353,44,1*73
1780411165.239,$GBGSV,2,2,07,23,51,246,49,25,65,357,47,33,62,086,47,1*46
1780411165.240,$GBGSV,1,1,02,09,89,188,51,10,54,353,47,3*7D
1780411165.240,$GBGSV,2,1,08,01,42,107,,02,63,241,,03,71,141,,04,22,098,,0*79
1780411165.241,$GBGSV,2,2,08,04,22,098,,08,20,152,,13,09,190,,24,13,036,,0*74
1780411165.241,$GNGLL,1338.99686,N,10029.54549,E,143925.00,A,D*78
1780411166.222,$GNRMC,143926.00,A,1338.99673,N,10029.54567,E,0.755,108.28,020626,0.53,W,F,V*49
1780411166.224,$GNVTG,108.28,T,108.81,M,0.755,N,1.398,K,D*3F
1780411166.225,$GNGGA,143926.00,1338.99673,N,10029.54567,E,5,12,0.77,-0.3,M,-27.8,M,1.0,0499*6F
1780411166.226,$GNGSA,A,3,10,26,28,31,32,,,,,,,,1.57,0.77,1.36,1*0A
1780411166.226,$GNGSA,A,3,78,66,77,79,67,68,,,,,,,1.57,0.77,1.36,2*0B
1780411166.227,$GNGSA,A,3,36,05,06,09,16,25,31,34,,,,,1.57,0.77,1.36,3*0E
1780411166.227,$GNGSA,A,3,06,07,09,10,23,25,33,,,,,,1.57,0.77,1.36,4*0C
1780411166.228,$GPGSV,2,1,07,26,77,199,45,28,37,011,42,31,47,331,46,32,43,058,47,1*66
1780411166.229,$GPGSV,2,2,07,41,64,233,44,42,70,217,43,50,56,115,37,1*53
1780411166.229,$GPGSV,2,1,06,03,14,324,25,10,39,156,22,26,77,199,45,28,37,011,45,6*60
1780411166.230,$GPGSV,2,2,06,31,47,331,44,32,43,058,43,6*69
1780411166.230,$GPGSV,2,1,08,01,12,279,,02,14,252,,16,42,199,,23,04,151,,0*62
1780411166.231,$GPGSV,2,2,08,23,04,151,,25,08,038,,27,07,192,,29,06,082,,0*66
1780411166.232,$GLGSV,2,1,06,66,26,112,30,67,51,041,45,68,22,345,43,77,22,022,38,1*79
1780411166.232,$GLGSV,2,2,06,78,75,327,48,79,39,221,26,1*78
1780411166.233,$GLGSV,2,1,05,66,26,112,23,67,51,041,47,68,22,345,40,78,75,327,48,3*77
1780411166.233,$GLGSV,2,2,05,79,39,221,26,3*4E
1780411166.234,$GLGSV,1,1,01,82,02,225,,0*45
1780411166.235,$GAGSV,2,1,08,05,40,358,47,06,17,085,27,09,32,064,47,16,61,075,50,2*77
1780411166.235,$GAGSV,2,2,08,25,53,182,21,31,13,041,30,34,27,267,22,36,28,209,33,2*74
1780411166.236,$GAGSV,2,1,05,05,40,358,42,09,32,064,43,16,61,075,47,31,13,041,30,7*76
1780411166.236,$GAGSV,2,2,05,36,28,209,23,7*43
1780411166.237,$GAGSV,1,1,04,02,05,207,,03,11,311,,11,04,165,,15,02,309,,0*78
1780411166.237,$GBGSV,2,1,07,06,61,151,31,07,46,007,44,09,89,188,50,10,54,353,44,1*7F
1780411166.238,$GBGSV,2,2,07,23,51,246,49,25,65,357,49,33,62,086,48,1*47
1780411166.238,$GBGSV,1,1,02,09,89,188,50,10,54,353,46,3*7D
1780411166.239,$GBGSV,2,1,08,01,42,107,,02,63,241,,03,71,141,,04,22,098,,0*79
1780411166.239,$GBGSV,2,2,08,04,22,098,,08,20,152,,13,09,190,,24,13,036,,0*74
1780411166.240,$GNGLL,1338.99673,N,10029.54567,E,143926.00,A,D*7D
1780411167.221,$GNRMC,143927.00,A,1338.99665,N,10029.54588,E,0.813,108.72,020626,0.53,W,F,V*4C
1780411167.222,$GNVTG,108.72,T,109.25,M,0.813,N,1.505,K,D*30
1780411167.225,$GNGGA,143927.00,1338.99665,N,10029.54588,E,5,12,0.77,-0.4,M,-27.8,M,1.0,0499*6F
1780411167.226,$GNGSA,A,3,10,26,28,31,32,,,,,,,,1.57,0.77,1.36,1*0A
1780411167.228,$GNGSA,A,3,78,66,77,79,67,68,,,,,,,1.57,0.77,1.36,2*0B
1780411167.229,$GNGSA,A,3,36,05,06,09,16,25,31,34,,,,,1.57,0.77,1.36,3*0E
1780411167.230,$GNGSA,A,3,06,07,09,10,23,25,33,,,,,,1.57,0.77,1.36,4*0C
1780411167.232,$GPGSV,2,1,07,26,77,199,44,28,37,011,42,31,47,331,44,32,43,058,45,1*67
1780411167.235,$GPGSV,2,2,07,41,64,233,46,42,70,217,41,50,56,115,40,1*53
1780411167.236,$GPGSV,2,1,06,03,14,324,23,10,39,156,21,26,77,199,43,28,37,011,43,6*65
1780411167.238,$GPGSV,2,2,06,31,47,331,42,32,43,058,43,6*6F
1780411167.240,$GPGSV,2,1,08,01,12,279,,02,14,252,,16,42,199,,23,04,151,,0*62
1780411167.242,$GPGSV,2,2,08,23,04,151,,25,08,038,,27,07,192,,29,06,082,,0*66
1780411167.243,$GLGSV,2,1,06,66,26,112,24,67,51,041,48,68,22,345,39,77,22,022,31,1*75
1780411167.245,$GLGSV,2,2,06,78,75,327,50,79,39,221,24,1*73
1780411167.247,$GLGSV,2,1,05,66,26,112,24,67,51,041,46,68,22,345,40,78,75,327,48,3*71
1780411167.248,$GLGSV,2,2,05,79,39,221,26,3*4E
1780411167.249,$GLGSV,1,1,01,82,02,225,,0*45
1780411167.250,$GAGSV,2,1,08,05,40,358,48,06,17,085,26,09,32,064,47,16,61,075,51,2*78
1780411167.251,$GAGSV,2,2,08,25,53,182,29,31,13,041,29,34,27,267,20,36,28,209,33,2*76
1780411167.253,$GAGSV,2,1,05,05,40,358,42,09,32,064,44,16,61,075,44,31,13,041,34,7*76
1780411167.253,$GAGSV,2,2,05,36,28,209,24,7*44
1780411167.254,$GAGSV,1,1,04,02,05,207,,03,11,311,,11,04,165,,15,02,309,,0*78
1780411167.255,$GBGSV,2,1,07,06,61,151,32,07,46,007,44,09,89,188,47,10,54,353,43,1*7D
1780411167.256,$GBGSV,2,2,07,23,51,246,49,25,65,357,48,33,62,086,48,1*46
1780411167.257,$GBGSV,1,1,02,09,89,188,48,10,54,353,46,3*74
1780411167.258,$GBGSV,2,1,08,01,42,107,,02,63,241,,03,71,141,,04,22,098,,0*79
1780411167.258,$GBGSV,2,2,08,04,22,098,,08,20,152,,13,09,190,,24,13,036,,0*74
1780411167.259,$GNGLL,1338.99665,N,10029.54588,E,143927.00,A,D*7A
1780411168.223,$GNRMC,143928.00,A,1338.99659,N,10029.54609,E,0.750,107.15,020626,0.53,W,F,V*40
1780411168.225,$GNVTG,107.15,T,107.68,M,0.750,N,1.388,K,D*32
1780411168.227,$GNGGA,143928.00,1338.99659,N,10029.54609,E,5,12,0.74,-0.4,M,-27.8,M,1.0,0499*66
1780411168.228,$GNGSA,A,3,10,26,28,31,32,,,,,,,,1.50,0.74,1.31,1*09
1780411168.229,$GNGSA,A,3,78,66,77,79,67,68,,,,,,,1.50,0.74,1.31,2*08
1780411168.231,$GNGSA,A,3,36,05,06,09,16,25,31,,,,,,1.50,0.74,1.31,3*0A
1780411168.232,$GNGSA,A,3,06,07,09,10,23,25,33,,,,,,1.50,0.74,1.31,4*0F
1780411168.234,$GPGSV,2,1,07,26,77,199,43,28,37,011,43,31,47,331,47,32,43,058,47,1*60
1780411168.236,$GPGSV,2,2,07,41,64,233,47,42,70,217,45,50,56,115,41,1*57
1780411168.238,$GPGSV,2,1,06,03,14,324,24,10,39,156,21,26,77,199,44,28,37,011,43,6*65
1780411168.240,$GPGSV,2,2,06,31,47,331,44,32,43,058,45,6*6F
1780411168.241,$GPGSV,2,1,08,01,12,279,,02,14,252,,16,42,199,,23,04,151,,0*62
1780411168.243,$GPGSV,2,2,08,23,04,151,,25,08,038,,27,07,192,,29,06,082,,0*66
1780411168.245,$GLGSV,2,1,06,66,26,112,30,67,51,041,48,68,22,345,43,77,22,022,30,1*7C
1780411168.246,$GLGSV,2,2,06,78,75,327,50,79,39,221,23,1*74
1780411168.248,$GLGSV,2,1,05,66,26,112,24,67,51,041,46,68,22,345,44,78,75,327,49,3*74
1780411168.249,$GLGSV,2,2,05,79,39,221,24,3*4C
1780411168.251,$GLGSV,1,1,01,82,02,225,,0*45
1780411168.252,$GAGSV,2,1,08,05,40,358,48,06,17,085,25,09,32,064,45,16,61,075,51,2*79
1780411168.254,$GAGSV,2,2,08,25,53,182,28,31,12,040,36,34,27,267,18,36,28,209,20,2*70
1780411168.256,$GAGSV,2,1,05,05,40,358,43,09,32,064,41,16,61,075,45,31,12,040,33,7*74
1780411168.257,$GAGSV,2,2,05,36,28,209,23,7*43
1780411168.258,$GAGSV,1,1,04,02,05,207,,03,11,311,,11,04,165,,15,02,309,,0*78
1780411168.259,$GBGSV,2,1,07,06,61,151,25,07,46,007,46,09,89,188,46,10,54,353,46,1*7D
1780411168.260,$GBGSV,2,2,07,23,51,246,49,25,65,357,49,33,62,086,49,1*46
1780411168.261,$GBGSV,1,1,02,09,89,188,48,10,54,353,47,3*75
1780411168.262,$GBGSV,2,1,08,01,42,107,,02,63,241,,03,71,141,,04,22,098,,0*79
1780411168.263,$GBGSV,2,2,08,04,22,098,,08,20,152,,13,09,190,,24,13,036,,0*74
1780411168.264,$GNGLL,1338.99659,N,10029.54609,E,143928.00,A,D*70
1780411169.218,$GNRMC,143929.00,A,1338.99653,N,10029.54629,E,0.724,105.10,020626,0.53,W,F,V*4D
1780411169.219,$GNVTG,105.10,T,105.63,M,0.724,N,1.341,K,D*3A
1780411169.221,$GNGGA,143929.00,1338.99653,N,10029.54629,E,5,12,0.77,-0.4,M,-27.8,M,1.0,0499*6C
1780411169.221,$GNGSA,A,3,10,26,28,31,32,,,,,,,,1.57,0.77,1.36,1*0A
1780411169.222,$GNGSA,A,3,78,66,77,79,67,68,,,,,,,1.57,0.77,1.36,2*0B
1780411169.222,$GNGSA,A,3,36,05,06,09,16,25,31,,,,,,1.57,0.77,1.36,3*09
1780411169.223,$GNGSA,A,3,06,07,09,10,23,25,33,,,,,,1.57,0.77,1.36,4*0C
1780411169.223,$GPGSV,2,1,07,26,77,199,45,28,37,011,36,31,47,331,43,32,43,058,44,1*63
1780411169.224,$GPGSV,2,2,07,41,64,233,46,42,70,217,47,50,56,115,43,1*56
1780411169.224,$GPGSV,2,1,06,03,14,324,23,10,39,156,22,26,77,199,44,28,37,011,44,6*66
1780411169.225,$GPGSV,2,2,06,31,47,331,41,32,43,058,44,6*6B
1780411169.225,$GPGSV,2,1,08,01,12,279,,02,14,252,,16,42,199,,23,04,151,,0*62
1780411169.226,$GPGSV,2,2,08,23,04,151,,25,08,038,,27,07,192,,29,06,082,,0*66
1780411169.226,$GLGSV,2,1,06,66,26,112,24,67,51,041,47,68,22,345,41,77,22,022,35,1*71
1780411169.227,$GLGSV,2,2,06,78,75,327,49,79,39,221,23,1*7C
1780411169.227,$GLGSV,2,1,05,66,26,112,25,67,51,041,48,68,22,345,41,78,75,327,50,3*76
1780411169.228,$GLGSV,2,2,05,79,39,221,22,3*4A
1780411169.228,$GLGSV,1,1,01,82,02,225,,0*45
1780411169.229,$GAGSV,2,1,08,05,40,358,48,06,17,085,26,09,32,064,47,16,61,075,51,2*78
1780411169.229,$GAGSV,2,2,08,25,53,182,30,31,12,040,37,34,27,267,17,36,28,209,20,2*77
1780411169.230,$GAGSV,2,1,06,05,40,358,42,06,17,085,24,09,32,064,43,16,61,075,47,7*78
1780411169.231,$GAGSV,2,2,06,31,12,040,38,36,28,209,21,7*7C
1780411169.231,$GAGSV,1,1,04,02,05,207,,03,11,311,,11,04,165,,15,02,309,,0*78
1780411169.232,$GBGSV,2,1,07,06,61,151,26,07,46,007,45,09,89,188,46,10,54,353,45,1*7E
1780411169.232,$GBGSV,2,2,07,23,51,246,49,25,65,357,49,33,62,086,49,1*46
1780411169.233,$GBGSV,1,1,02,09,89,188,48,10,54,353,48,3*7A
1780411169.233,$GBGSV,2,1,08,01,42,107,,02,63,241,,03,71,141,,04,22,098,,0*79
1780411169.234,$GBGSV,2,2,08,04,22,098,,08,20,152,,13,09,190,,24,13,036,,0*74
1780411169.234,$GNGLL,1338.99653,N,10029.54629,E,143929.00,A,D*79
1780411170.221,$GNRMC,143930.00,A,1338.99648,N,10029.54649,E,0.764,103.20,020626,0.53,W,F,V*48
1780411170.224,$GNVTG,103.20,T,103.73,M,0.764,N,1.416,K,D*39
1780411170.226,$GNGGA,143930.00,1338.99648,N,10029.54649,E,5,12,0.77,-0.4,M,-27.8,M,1.0,0499*68
1780411170.227,$GNGSA,A,3,10,26,28,31,32,,,,,,,,1.57,0.77,1.36,1*0A
1780411170.229,$GNGSA,A,3,78,66,77,79,67,68,,,,,,,1.57,0.77,1.36,2*0B
1780411170.230,$GNGSA,A,3,36,05,06,09,16,25,31,,,,,,1.57,0.77,1.36,3*09
1780411170.232,$GNGSA,A,3,06,07,09,10,23,25,33,,,,,,1.57,0.77,1.36,4*0C
1780411170.235,$GPGSV,2,1,07,26,77,199,44,28,37,011,43,31,47,331,45,32,43,058,47,1*65
1780411170.237,$GPGSV,2,2,07,41,64,233,46,42,70,217,42,50,56,115,43,1*53
1780411170.239,$GPGSV,2,1,06,03,14,324,23,10,39,156,21,26,77,199,45,28,37,011,43,6*63
1780411170.241,$GPGSV,2,2,06,31,47,331,40,32,43,058,42,6*6C
1780411170.243,$GPGSV,2,1,08,01,12,279,,02,14,252,,16,42,199,,23,04,151,,0*62
1780411170.245,$GPGSV,2,2,08,23,04,151,,25,08,038,,27,07,192,,29,06,082,,0*66
1780411170.247,$GLGSV,2,1,06,66,26,112,26,67,51,041,48,68,22,345,44,77,22,022,27,1*7A
1780411170.249,$GLGSV,2,2,06,78,75,327,48,79,39,221,30,1*7F
1780411170.251,$GLGSV,2,1,05,66,26,112,26,67,51,041,47,68,22,345,41,78,75,327,48,3*73
1780411170.252,$GLGSV,2,2,05,79,39,221,24,3*4C
1780411170.253,$GLGSV,1,1,01,82,02,225,,0*45
1780411170.254,$GAGSV,2,1,08,05,40,358,48,06,17,085,26,09,32,064,47,16,61,075,50,2*79
1780411170.255,$GAGSV,2,2,08,25,53,182,30,31,12,040,37,34,27,267,18,36,28,209,22,2*7A
1780411170.256,$GAGSV,2,1,05,05,40,358,44,09,32,064,43,16,61,075,46,31,12,040,36,7*77
1780411170.257,$GAGSV,2,2,05,36,28,209,19,7*4A
1780411170.258,$GAGSV,1,1,04,02,05,207,,03,11,311,,11,04,165,,15,02,309,,0*78
1780411170.259,$GBGSV,2,1,07,06,61,151,26,07,46,007,45,09,89,188,45,10,54,353,44,1*7C
1780411170.260,$GBGSV,2,2,07,23,51,246,46,25,65,357,48,33,62,086,48,1*49
1780411170.260,$GBGSV,1,1,02,09,89,188,51,10,54,353,47,3*7D
1780411170.261,$GBGSV,2,1,08,01,42,107,,02,63,241,,03,71,141,,04,22,098,,0*79
1780411170.262,$GBGSV,2,2,08,04,22,098,,08,20,152,,13,09,190,,24,13,036,,0*74
1780411170.262,$GNGLL,1338.99648,N,10029.54649,E,143930.00,A,D*7D
1780411171.224,$GNRMC,143931.00,A,1338.99642,N,10029.54670,E,0.727,102.09,020626,0.53,W,F,V*44
1780411171.226,$GNVTG,102.09,T,102.62,M,0.727,N,1.346,K,D*37
1780411171.229,$GNGGA,143931.00,1338.99642,N,10029.54670,E,5,12,0.82,-0.4,M,-27.8,M,1.0,0499*63
1780411171.231,$GNGSA,A,3,26,28,31,32,,,,,,,,,1.62,0.82,1.40,1*06
1780411171.233,$GNGSA,A,3,78,66,77,79,67,68,,,,,,,1.62,0.82,1.40,2*06
1780411171.234,$GNGSA,A,3,36,05,06,09,16,25,31,,,,,,1.62,0.82,1.40,3*04
1780411171.236,$GNGSA,A,3,06,07,09,10,23,25,33,,,,,,1.62,0.82,1.40,4*01
1780411171.239,$GPGSV,2,1,08,10,39,156,26,26,77,199,42,28,37,011,40,31,47,331,45,1*6A
1780411171.241,$GPGSV,2,2,08,32,43,058,47,41,64,233,43,42,70,217,42,50,56,115,41,1*63
1780411171.244,$GPGSV,2,1,06,03,14,324,30,10,39,156,19,26,77,199,42,28,37,011,44,6*6A
1780411171.246,$GPGSV,2,2,06,31,47,331,43,32,43,058,42,6*6F
1780411171.248,$GPGSV,2,1,08,01,12,279,,02,14,252,,16,42,199,,23,04,151,,0*62
1780411171.250,$GPGSV,2,2,08,23,04,151,,25,08,038,,27,07,192,,29,06,082,,0*66
1780411171.252,$GLGSV,2,1,06,66,26,112,26,67,51,041,46,68,22,345,45,77,22,022,26,1*74
1780411171.253,$GLGSV,2,2,06,78,75,327,49,79,39,221,23,1*7C
1780411171.254,$GLGSV,2,1,05,66,26,112,27,67,51,041,47,68,22,345,42,78,75,327,48,3*71
1780411171.255,$GLGSV,2,2,05,79,39,221,23,3*4B
1780411171.256,$GLGSV,1,1,01,82,02,225,,0*45
1780411171.257,$GAGSV,2,1,08,05,40,358,47,06,17,085,27,09,32,064,48,16,61,075,51,2*79
1780411171.258,$GAGSV,2,2,08,25,53,182,30,31,12,040,39,34,26,266,18,36,28,209,22,2*74
1780411171.259,$GAGSV,2,1,05,05,40,358,41,09,32,064,42,16,61,075,47,31,12,040,36,7*72
1780411171.260,$GAGSV,2,2,05,36,28,209,16,7*45
1780411171.262,$GAGSV,1,1,04,02,05,207,,03,11,311,,11,04,165,,15,02,309,,0*78
1780411171.263,$GBGSV,2,1,07,06,61,151,25,07,46,007,46,09,89,188,49,10,54,353,44,1*70
1780411171.264,$GBGSV,2,2,07,23,51,246,46,25,65,357,48,33,62,086,48,1*49
1780411171.264,$GBGSV,1,1,02,09,89,188,52,10,54,353,47,3*7E
1780411171.265,$GBGSV,2,1,08,01,42,107,,02,63,241,,03,71,141,,04,22,098,,0*79
1780411171.266,$GBGSV,2,2,08,04,22,098,,08,20,152,,13,09,190,,24,13,036,,0*74
1780411171.267,$GNGLL,1338.99642,N,10029.54670,E,143931.00,A,D*7C
1780411172.221,$GNRMC,143932.00,A,1338.99636,N,10029.54691,E,0.762,101.21,020626,0.53,W,F,V*43
1780411172.223,$GNVTG,101.21,T,101.74,M,0.762,N,1.412,K,D*3D
1780411172.225,$GNGGA,143932.00,1338.99636,N,10029.54691,E,5,12,0.82,-0.5,M,-27.8,M,1.0,0499*6D
1780411172.227,$GNGSA,A,3,26,28,31,32,,,,,,,,,1.62,0.82,1.40,1*06
1780411172.228,$GNGSA,A,3,78,66,77,79,67,68,,,,,,,1.62,0.82,1.40,2*06
1780411172.230,$GNGSA,A,3,36,05,06,09,16,25,31,,,,,,1.62,0.82,1.40,3*04
1780411172.231,$GNGSA,A,3,06,07,09,10,23,25,33,,,,,,1.62,0.82,1.40,4*01
1780411172.233,$GPGSV,2,1,07,26,77,199,42,28,37,011,42,31,47,331,47,32,43,058,44,1*63
1780411172.235,$GPGSV,2,2,07,41,64,233,44,42,70,217,44,50,56,115,41,1*55
1780411172.238,$GPGSV,2,1,06,03,14,324,25,10,39,156,18,26,77,199,40,28,37,011,41,6*68
1780411172.241,$GPGSV,2,2,06,31,47,331,42,32,43,058,42,6*6E
1780411172.244,$GPGSV,2,1,08,01,12,279,,02,14,252,,16,42,199,,23,04,151,,0*62
1780411172.245,$GPGSV,2,2,08,23,04,151,,25,08,038,,27,07,192,,29,06,082,,0*66
1780411172.248,$GLGSV,2,1,06,66,26,112,25,67,51,041,50,68,22,345,42,77,22,022,31,1*71
1780411172.249,$GLGSV,2,2,06,78,75,327,49,79,39,221,25,1*7A
1780411172.251,$GLGSV,2,1,05,66,26,112,27,67,51,041,48,68,22,345,40,78,75,327,48,3*7C
1780411172.252,$GLGSV,2,2,05,79,39,221,25,3*4D
1780411172.252,$GLGSV,1,1,01,82,02,225,,0*45
1780411172.254,$GAGSV,2,1,08,05,40,358,48,06,17,085,27,09,32,064,47,16,61,075,51,2*79
1780411172.255,$GAGSV,2,2,08,25,53,182,29,31,12,040,42,34,26,266,16,36,27,208,22,2*70
1780411172.257,$GAGSV,2,1,06,05,40,358,43,09,32,064,42,16,61,075,45,25,53,182,26,7*7F
1780411172.257,$GAGSV,2,2,06,31,12,040,33,36,27,208,13,7*78
1780411172.259,$GAGSV,1,1,04,02,05,207,,03,11,311,,11,04,165,,15,02,309,,0*78
1780411172.260,$GBGSV,2,1,07,06,61,151,31,07,46,007,45,09,89,188,48,10,54,353,44,1*77
1780411172.260,$GBGSV,2,2,07,23,51,246,46,25,65,357,50,33,62,086,48,1*40
1780411172.261,$GBGSV,1,1,02,09,89,188,49,10,54,353,48,3*7B
1780411172.262,$GBGSV,2,1,08,01,42,107,,02,63,241,,03,71,141,,04,22,098,,0*79
1780411172.263,$GBGSV,2,2,08,04,22,098,,08,20,152,,13,09,190,,24,13,036,,0*74
1780411172.264,$GNGLL,1338.99636,N,10029.54691,E,143932.00,A,D*73
1780411173.222,$GNRMC,143933.00,A,1338.99631,N,10029.54712,E,0.746,101.90,020626,0.53,W,F,V*43
1780411173.224,$GNVTG,101.90,T,102.43,M,0.746,N,1.382,K,D*38
1780411173.225,$GNGGA,143933.00,1338.99631,N,10029.54712,E,5,12,0.82,-0.5,M,-27.8,M,1.0,0499*61
1780411173.226,$GNGSA,A,3,26,28,31,32,,,,,,,,,1.62,0.82,1.40,1*06
1780411173.226,$GNGSA,A,3,78,66,77,79,67,68,,,,,,,1.62,0.82,1.40,2*06
1780411173.227,$GNGSA,A,3,36,05,06,09,16,25,31,,,,,,1.62,0.82,1.40,3*04
1780411173.227,$GNGSA,A,3,06,07,09,10,23,25,33,,,,,,1.62,0.82,1.40,4*01
1780411173.228,$GPGSV,2,1,07,26,77,199,42,28,37,011,38,31,47,331,45,32,43,058,47,1*6F
1780411173.228,$GPGSV,2,2,07,41,64,233,44,42,70,217,43,50,56,115,42,1*51
1780411173.229,$GPGSV,2,1,06,03,14,324,26,10,39,156,17,26,77,199,38,28,37,011,43,6*69
1780411173.229,$GPGSV,2,2,06,31,47,331,42,32,43,058,43,6*6F
1780411173.230,$GPGSV,2,1,08,01,12,279,,02,14,252,,16,42,199,,23,04,151,,0*62
1780411173.231,$GPGSV,2,2,08,23,04,151,,25,08,038,,27,07,192,,29,06,082,,0*66
1780411173.232,$GLGSV,2,1,06,66,26,112,24,67,51,041,45,68,22,345,45,77,22,022,31,1*73
1780411173.232,$GLGSV,2,2,06,78,75,327,49,79,39,221,25,1*7A
1780411173.233,$GLGSV,2,1,05,66,26,112,26,67,51,041,46,68,22,345,44,78,75,327,49,3*76
1780411173.233,$GLGSV,2,2,05,79,39,221,25,3*4D
1780411173.234,$GLGSV,1,1,01,82,02,225,,0*45
1780411173.235,$GAGSV,2,1,08,05,40,358,48,06,17,085,28,09,32,064,45,16,61,075,50,2*75
1780411173.235,$GAGSV,2,2,08,25,53,182,33,31,12,040,39,34,26,266,15,36,27,208,21,2*77
1780411173.236,$GAGSV,2,1,05,05,40,358,43,09,32,064,41,16,61,075,45,31,12,040,37,7*70
1780411173.236,$GAGSV,2,2,05,36,27,208,11,7*4C
1780411173.237,$GAGSV,1,1,04,02,05,207,,03,11,311,,11,04,165,,15,02,309,,0*78
1780411173.238,$GBGSV,2,1,07,06,61,151,30,07,46,007,47,09,89,188,46,10,54,353,44,1*7A
1780411173.238,$GBGSV,2,2,07,23,51,246,48,25,65,357,49,33,62,086,50,1*4F
1780411173.239,$GBGSV,1,1,02,09,89,188,48,10,54,353,46,3*74
1780411173.240,$GBGSV,2,1,08,01,42,107,,02,63,241,,03,71,141,,04,22,098,,0*79
1780411173.240,$GBGSV,2,2,08,04,22,098,,08,20,152,,13,09,190,,24,13,036,,0*74
1780411173.241,$GNGLL,1338.99631,N,10029.54712,E,143933.00,A,D*7F
1780411174.230,$GNRMC,143934.00,A,1338.99626,N,10029.54733,E,0.793,101.41,020626,0.53,W,F,V*45
1780411174.232,$GNVTG,101.41,T,101.94,M,0.793,N,1.469,K,D*37
1780411174.233,$GNGGA,143934.00,1338.99626,N,10029.54733,E,5,12,0.77,-0.5,M,-27.8,M,1.0,0499*69
1780411174.234,$GNGSA,A,3,26,28,31,32,,,,,,,,,1.53,0.77,1.32,1*0B
1780411174.234,$GNGSA,A,3,78,66,77,79,67,68,,,,,,,1.53,0.77,1.32,2*0B
1780411174.235,$GNGSA,A,3,36,05,06,09,16,25,31,,,,,,1.53,0.77,1.32,3*09
1780411174.235,$GNGSA,A,3,06,07,09,10,23,25,33,,,,,,1.53,0.77,1.32,4*0C
1780411174.236,$GPGSV,2,1,07,26,77,199,40,28,37,011,40,31,47,331,47,32,43,058,46,1*61
1780411174.237,$GPGSV,2,2,07,41,64,233,40,42,70,217,44,50,56,115,40,1*50
1780411174.237,$GPGSV,2,1,06,03,14,324,26,10,39,156,17,26,77,199,40,28,37,011,41,6*64
1780411174.238,$GPGSV,2,2,06,31,47,331,44,32,43,058,42,6*68
1780411174.238,$GPGSV,2,1,08,01,12,279,,02,14,252,,16,42,199,,23,04,151,,0*62
1780411174.239,$GPGSV,2,2,08,23,04,151,,25,08,038,,27,07,192,,29,06,082,,0*66
1780411174.240,$GLGSV,2,1,06,66,26,112,23,67,51,041,49,68,22,345,44,77,22,022,24,1*7D
1780411174.240,$GLGSV,2,2,06,78,75,327,49,79,39,221,25,1*7A
1780411174.241,$GLGSV,2,1,05,66,26,112,26,67,51,041,46,68,22,345,42,78,75,327,51,3*79
1780411174.242,$GLGSV,2,2,05,79,39,221,25,3*4D
1780411174.242,$GLGSV,1,1,01,82,02,225,,0*45
1780411174.243,$GAGSV,2,1,08,05,40,358,47,06,17,085,28,09,32,064,46,16,61,075,49,2*71
1780411174.244,$GAGSV,2,2,08,25,53,182,29,31,12,040,40,34,26,266,15,36,27,208,22,2*71
1780411174.244,$GAGSV,2,1,05,05,40,358,43,09,32,064,44,16,61,075,46,31,12,040,36,7*77
1780411174.245,$GAGSV,2,2,05,36,27,208,13,7*4E
1780411174.245,$GAGSV,1,1,04,02,05,207,,03,11,311,,11,04,165,,15,02,309,,0*78
1780411174.246,$GBGSV,2,1,07,06,61,151,23,07,46,007,44,09,89,188,47,10,54,353,45,1*7B
1780411174.247,$GBGSV,2,2,07,23,51,246,49,25,65,357,48,33,62,086,49,1*47
1780411174.248,$GBGSV,1,1,02,09,89,188,48,10,54,353,48,3*7A
1780411174.248,$GBGSV,2,1,08,01,42,107,,02,63,241,,03,71,141,,04,22,098,,0*79
1780411174.249,$GBGSV,2,2,08,04,22,098,,08,20,152,,13,09,190,,24,13,036,,0*74
1780411174.249,$GNGLL,1338.99626,N,10029.54733,E,143934.00,A,D*7D
1780411175.219,$GNRMC,143935.00,A,1338.99623,N,10029.54754,E,0.777,99.16,020626,0.53,W,F,V*78
1780411175.221,$GNVTG,99.16,T,99.69,M,0.777,N,1.439,K,D*38
1780411175.223,$GNGGA,143935.00,1338.99623,N,10029.54754,E,5,12,0.82,-0.5,M,-27.8,M,1.0,0499*66
1780411175.223,$GNGSA,A,3,26,28,31,32,,,,,,,,,1.62,0.82,1.40,1*06
1780411175.224,$GNGSA,A,3,78,66,77,79,67,68,,,,,,,1.62,0.82,1.40,2*06
1780411175.224,$GNGSA,A,3,36,05,06,09,16,25,31,,,,,,1.62,0.82,1.40,3*04
1780411175.225,$GNGSA,A,3,06,07,09,10,23,25,33,,,,,,1.62,0.82,1.40,4*01
1780411175.225,$GPGSV,2,1,07,26,77,199,45,28,37,011,40,31,47,331,46,32,43,058,46,1*65
1780411175.226,$GPGSV,2,2,07,41,64,233,38,42,70,217,40,50,56,115,42,1*59
1780411175.227,$GPGSV,2,1,06,03,14,324,28,10,39,156,17,26,77,199,45,28,37,011,41,6*6F
1780411175.227,$GPGSV,2,2,06,31,47,331,43,32,43,058,42,6*6F
1780411175.228,$GPGSV,2,1,08,01,12,279,,02,14,252,,16,42,199,,23,04,151,,0*62
1780411175.228,$GPGSV,2,2,08,23,04,151,,25,08,038,,27,07,192,,29,06,082,,0*66
1780411175.229,$GLGSV,2,1,06,66,26,112,23,67,51,041,46,68,22,345,41,77,22,022,31,1*73
1780411175.229,$GLGSV,2,2,06,78,75,327,49,79,39,221,23,1*7C
1780411175.230,$GLGSV,2,1,05,66,26,112,23,67,51,041,47,68,22,345,43,78,75,327,51,3*7C
1780411175.231,$GLGSV,2,2,05,79,39,221,26,3*4E
1780411175.231,$GLGSV,1,1,01,82,02,225,,0*45
1780411175.232,$GAGSV,2,1,08,05,40,358,48,06,17,085,27,09,32,064,47,16,61,075,50,2*78
1780411175.232,$GAGSV,2,2,08,25,53,182,29,31,12,040,40,34,26,266,19,36,27,208,24,2*7B
1780411175.233,$GAGSV,2,1,05,05,40,358,43,09,32,064,44,16,61,075,46,31,12,040,36,7*77
1780411175.233,$GAGSV,2,2,05,36,27,208,12,7*4F
1780411175.234,$GAGSV,1,1,04,02,05,207,,03,11,311,,11,04,165,,15,02,309,,0*78
1780411175.234,$GBGSV,2,1,07,06,61,151,22,07,46,007,45,09,89,188,46,10,54,353,45,1*7A
1780411175.235,$GBGSV,2,2,07,23,51,246,47,25,65,357,49,33,62,086,50,1*40
1780411175.235,$GBGSV,1,1,02,09,89,188,48,10,54,353,48,3*7A
1780411175.236,$GBGSV,2,1,08,01,42,107,,02,63,241,,03,71,141,,04,22,098,,0*79
1780411175.237,$GBGSV,2,2,08,04,22,098,,08,20,152,,13,09,190,,24,13,036,,0*74
1780411175.237,$GNGLL,1338.99623,N,10029.54754,E,143935.00,A,D*78
1780411176.222,$GNRMC,143936.00,A,1338.99619,N,10029.54776,E,0.819,97.74,020626,0.53,W,F,V*7F
1780411176.224,$GNVTG,97.74,T,98.27,M,0.819,N,1.517,K,D*33
1780411176.226,$GNGGA,143936.00,1338.99619,N,10029.54776,E,5,12,0.82,-0.5,M,-27.8,M,1.0,0499*6C
1780411176.226,$GNGSA,A,3,26,28,31,32,,,,,,,,,1.62,0.82,1.40,1*06
1780411176.227,$GNGSA,A,3,78,66,77,79,67,68,,,,,,,1.62,0.82,1.40,2*06
1780411176.227,$GNGSA,A,3,36,05,06,09,16,25,31,34,,,,,1.62,0.82,1.40,3*03
1780411176.228,$GNGSA,A,3,06,07,09,10,23,25,33,,,,,,1.62,0.82,1.40,4*01
1780411176.228,$GPGSV,2,1,07,26,77,199,46,28,37,011,40,31,47,331,46,32,43,058,47,1*67
1780411176.229,$GPGSV,2,2,07,41,64,233,40,42,70,217,39,50,56,115,41,1*5B
1780411176.230,$GPGSV,2,1,06,03,14,324,27,10,39,156,17,26,77,199,45,28,37,011,42,6*63
1780411176.230,$GPGSV,2,2,06,31,47,331,45,32,43,058,41,6*6A
1780411176.231,$GPGSV,2,1,08,01,12,279,,02,14,252,,16,42,199,,23,04,151,,0*62
1780411176.231,$GPGSV,2,2,08,23,04,151,,25,08,038,,27,07,192,,29,06,082,,0*66
1780411176.232,$GLGSV,2,1,06,66,26,112,25,67,51,041,49,68,22,345,43,77,22,022,31,1*78
1780411176.233,$GLGSV,2,2,06,78,75,327,50,79,39,221,24,1*73
1780411176.233,$GLGSV,2,1,05,66,26,112,21,67,51,041,48,68,22,345,42,78,75,327,50,3*71
1780411176.234,$GLGSV,2,2,05,79,39,221,26,3*4E
1780411176.234,$GLGSV,1,1,01,82,02,225,,0*45
1780411176.235,$GAGSV,2,1,08,05,40,358,48,06,17,085,24,09,32,064,47,16,61,075,50,2*7B
1780411176.236,$GAGSV,2,2,08,25,53,182,30,31,12,040,40,34,26,266,20,36,27,208,24,2*79
1780411176.237,$GAGSV,2,1,05,05,40,358,43,09,32,064,42,16,61,075,46,31,12,040,37,7*70
1780411176.237,$GAGSV,2,2,05,36,27,208,11,7*4C
1780411176.237,$GAGSV,1,1,04,02,05,207,,03,11,311,,11,04,165,,15,02,309,,0*78
1780411176.238,$GBGSV,2,1,07,06,61,151,24,07,46,007,44,09,89,188,48,10,54,353,42,1*74
1780411176.239,$GBGSV,2,2,07,23,51,246,43,25,65,357,49,33,62,086,48,1*4D
1780411176.240,$GBGSV,1,1,02,09,89,188,46,10,54,353,47,3*7B
1780411176.241,$GBGSV,2,1,08,01,42,107,,02,63,241,,03,71,141,,04,22,098,,0*79
1780411176.241,$GBGSV,2,2,08,04,22,098,,08,20,152,,13,09,190,,24,13,036,,0*74
1780411176.242,$GNGLL,1338.99619,N,10029.54776,E,143936.00,A,D*72
1780411177.221,$GNRMC,143937.00,A,1338.99616,N,10029.54800,E,0.817,93.90,020626,0.53,W,F,V*7F
1780411177.222,$GNVTG,93.90,T,94.43,M,0.817,N,1.513,K,D*39
1780411177.223,$GNGGA,143937.00,1338.99616,N,10029.54800,E,5,12,0.82,-0.5,M,-27.8,M,1.0,0499*6C
1780411177.224,$GNGSA,A,3,26,28,31,32,,,,,,,,,1.62,0.82,1.40,1*06
1780411177.224,$GNGSA,A,3,78,66,77,79,67,68,,,,,,,1.62,0.82,1.40,2*06
1780411177.225,$GNGSA,A,3,36,05,06,09,16,25,31,34,,,,,1.62,0.82,1.40,3*03
1780411177.225,$GNGSA,A,3,06,07,09,10,23,25,33,,,,,,1.62,0.82,1.40,4*01
1780411177.226,$GPGSV,2,1,07,26,77,199,41,28,37,011,40,31,47,331,44,32,43,058,46,1*63
1780411177.226,$GPGSV,2,2,07,41,64,233,45,42,70,217,38,50,56,115,41,1*5F
1780411177.227,$GPGSV,2,1,06,03,14,324,26,10,39,156,14,26,77,199,45,28,37,011,40,6*63
1780411177.227,$GPGSV,2,2,06,31,47,331,42,32,43,058,44,6*68
1780411177.228,$GPGSV,2,1,08,01,12,279,,02,14,252,,16,42,199,,23,04,151,,0*62
1780411177.229,$GPGSV,2,2,08,23,04,151,,25,08,038,,27,07,192,,29,06,082,,0*66
1780411177.229,$GLGSV,2,1,06,66,26,112,25,67,51,041,49,68,22,345,44,77,22,022,32,1*7C
1780411177.230,$GLGSV,2,2,06,78,75,327,47,79,39,221,30,1*70
1780411177.231,$GLGSV,2,1,05,66,26,112,21,67,51,041,49,68,22,345,41,78,75,327,49,3*7B
1780411177.231,$GLGSV,2,2,05,79,39,221,29,3*41
1780411177.231,$GLGSV,1,1,01,82,02,225,,0*45
1780411177.232,$GAGSV,2,1,08,05,40,358,48,06,17,085,24,09,32,064,44,16,61,075,49,2*70
1780411177.233,$GAGSV,2,2,08,25,53,182,29,31,12,040,40,34,26,266,21,36,27,208,23,2*77
1780411177.234,$GAGSV,2,1,05,05,40,358,42,09,32,064,43,16,61,075,46,31,12,040,29,7*7F
1780411177.234,$GAGSV,2,2,05,36,27,208,09,7*45
1780411177.235,$GAGSV,1,1,04,02,05,207,,03,11,311,,11,04,165,,15,02,309,,0*78
1780411177.235,$GBGSV,2,1,07,06,61,152,25,07,46,007,46,09,89,188,45,10,54,353,44,1*7F
1780411177.236,$GBGSV,2,2,07,23,51,246,45,25,65,357,49,33,62,086,49,1*4A
1780411177.236,$GBGSV,1,1,02,09,89,188,49,10,54,353,47,3*74
1780411177.237,$GBGSV,2,1,08,01,42,107,,02,63,241,,03,71,141,,04,22,098,,0*79
1780411177.237,$GBGSV,2,2,08,04,22,098,,08,20,152,,13,09,190,,24,13,036,,0*74
1780411177.238,$GNGLL,1338.99616,N,10029.54800,E,143937.00,A,D*72
1780411178.216,$GNRMC,143938.00,A,1338.99613,N,10029.54823,E,0.792,93.71,020626,0.53,W,F,V*79
1780411178.218,$GNVTG,93.71,T,94.24,M,0.792,N,1.467,K,D*37
1780411178.219,$GNGGA,143938.00,1338.99613,N,10029.54823,E,5,12,0.82,-0.5,M,-27.8,M,1.0,0499*67
1780411178.220,$GNGSA,A,3,26,28,31,32,,,,,,,,,1.62,0.82,1.40,1*06
1780411178.220,$GNGSA,A,3,78,66,77,79,67,68,,,,,,,1.62,0.82,1.40,2*06
1780411178.221,$GNGSA,A,3,36,05,06,09,16,25,31,34,,,,,1.62,0.82,1.40,3*03
1780411178.221,$GNGSA,A,3,06,07,09,10,23,25,33,,,,,,1.62,0.82,1.40,4*01
1780411178.222,$GPGSV,2,1,08,03,14,324,28,26,77,199,44,28,37,011,35,31,47,331,47,1*68
1780411178.223,$GPGSV,2,2,08,32,43,058,47,41,64,233,39,42,70,217,34,50,56,115,40,1*6E
1780411178.223,$GPGSV,2,1,06,03,14,324,27,10,39,156,11,26,77,199,43,28,37,011,41,6*60
1780411178.224,$GPGSV,2,2,06,31,47,331,43,32,43,058,41,6*6C
1780411178.224,$GPGSV,2,1,08,01,12,279,,02,14,252,,16,42,199,,23,04,151,,0*62
1780411178.225,$GPGSV,2,2,08,23,04,151,,25,08,038,,27,07,192,,29,06,082,,0*66
1780411178.226,$GLGSV,2,1,06,66,26,112,25,67,51,041,47,68,22,345,43,77,22,022,26,1*70
1780411178.226,$GLGSV,2,2,06,78,75,327,48,79,39,221,33,1*7C
1780411178.227,$GLGSV,2,1,05,66,26,112,20,67,51,041,47,68,22,345,42,78,75,327,48,3*76
1780411178.227,$GLGSV,2,2,05,79,39,221,29,3*41
1780411178.228,$GLGSV,1,1,01,82,02,225,,0*45
1780411178.228,$GAGSV,2,1,08,05,40,358,46,06,17,085,29,09,32,064,47,16,61,075,49,2*70
1780411178.229,$GAGSV,2,2,08,25,53,182,27,31,12,040,40,34,26,266,22,36,27,208,20,2*79
1780411178.230,$GAGSV,2,1,05,05,40,358,42,09,32,064,44,16,61,075,46,31,12,040,33,7*73
1780411178.230,$GAGSV,2,2,05,36,27,208,13,7*4E
1780411178.231,$GAGSV,1,1,04,02,05,207,,03,11,311,,11,04,165,,15,02,309,,0*78
1780411178.232,$GBGSV,2,1,07,06,61,152,25,07,46,008,44,09,89,188,48,10,54,353,44,1*7F
1780411178.232,$GBGSV,2,2,07,23,51,246,44,25,65,357,48,33,62,086,48,1*4B
1780411178.233,$GBGSV,1,1,02,09,89,188,50,10,54,353,47,3*7C
1780411178.233,$GBGSV,2,1,08,01,42,107,,02,63,241,,03,71,141,,04,22,098,,0*79
1780411178.234,$GBGSV,2,2,08,04,22,098,,08,20,152,,13,09,190,,24,13,036,,0*74
1780411178.234,$GNGLL,1338.99613,N,10029.54823,E,143938.00,A,D*79
1780411179.221,$GNRMC,143939.00,A,1338.99610,N,10029.54845,E,0.789,96.61,020626,0.53,W,F,V*75
1780411179.222,$GNVTG,96.61,T,97.14,M,0.789,N,1.461,K,D*3F
1780411179.224,$GNGGA,143939.00,1338.99610,N,10029.54845,E,5,12,0.82,-0.5,M,-27.8,M,1.0,0499*65
1780411179.225,$GNGSA,A,3,26,28,31,32,,,,,,,,,1.62,0.82,1.40,1*06
1780411179.225,$GNGSA,A,3,78,66,77,79,67,68,,,,,,,1.62,0.82,1.40,2*06
1780411179.226,$GNGSA,A,3,05,06,09,16,25,31,34,,,,,,1.62,0.82,1.40,3*06
1780411179.226,$GNGSA,A,3,06,07,09,10,23,25,33,,,,,,1.62,0.82,1.40,4*01
1780411179.227,$GPGSV,2,1,07,26,77,199,42,28,37,011,35,31,47,331,42,32,43,058,47,1*65
1780411179.228,$GPGSV,2,2,07,41,64,233,33,42,70,217,29,50,56,115,41,1*5E
1780411179.228,$GPGSV,2,1,06,03,14,324,28,10,39,156,15,26,77,199,46,28,37,011,36,6*6E
1780411179.229,$GPGSV,2,2,06,31,47,331,44,32,43,058,42,6*68
1780411179.230,$GPGSV,2,1,08,01,12,279,,02,14,252,,16,42,199,,23,04,151,,0*62
1780411179.230,$GPGSV,2,2,08,23,04,151,,25,08,038,,27,07,192,,29,06,082,,0*66
1780411179.231,$GLGSV,2,1,06,66,26,112,24,67,51,041,47,68,22,345,38,77,22,022,27,1*7C
1780411179.232,$GLGSV,2,2,06,78,75,327,49,79,39,221,29,1*76
1780411179.233,$GLGSV,2,1,05,66,26,112,21,67,51,041,48,68,22,345,43,78,75,327,49,3*78
1780411179.233,$GLGSV,2,2,05,79,39,221,28,3*40
1780411179.234,$GLGSV,1,1,01,82,02,225,,0*45
1780411179.235,$GAGSV,2,1,08,05,40,358,43,06,17,085,30,09,32,064,49,16,61,075,49,2*73
1780411179.236,$GAGSV,2,2,08,25,53,182,25,31,12,040,39,34,26,266,22,36,27,208,18,2*7E
1780411179.236,$GAGSV,2,1,05,05,40,358,42,09,32,064,44,16,61,075,46,31,12,040,27,7*76
1780411179.237,$GAGSV,2,2,05,36,27,208,13,7*4E
1780411179.238,$GAGSV,1,1,04,02,05,207,,03,11,311,,11,04,165,,15,02,309,,0*78
1780411179.238,$GBGSV,2,1,07,06,61,152,24,07,46,008,43,09,89,188,46,10,54,353,46,1*75
1780411179.239,$GBGSV,2,2,07,23,51,246,43,25,65,357,47,33,62,086,50,1*4A
1780411179.240,$GBGSV,1,1,02,09,89,188,49,10,54,353,48,3*7B
1780411179.241,$GBGSV,2,1,08,01,42,107,,02,63,241,,03,71,141,,04,22,098,,0*79
1780411179.242,$GBGSV,2,2,08,04,22,098,,08,20,152,,13,09,190,,24,13,036,,0*74
1780411179.243,$GNGLL,1338.99610,N,10029.54845,E,143939.00,A,D*7B
1780411180.219,$GNRMC,143940.00,A,1338.99608,N,10029.54869,E,0.849,97.14,020626,0.53,W,F,V*7C
1780411180.221,$GNVTG,97.14,T,97.67,M,0.849,N,1.572,K,D*38
1780411180.222,$GNGGA,143940.00,1338.99608,N,10029.54869,E,5,12,0.82,-0.5,M,-27.8,M,1.0,0499*6C
1780411180.223,$GNGSA,A,3,26,28,31,32,,,,,,,,,1.62,0.82,1.40,1*06
1780411180.223,$GNGSA,A,3,78,66,77,79,67,68,,,,,,,1.62,0.82,1.40,2*06
1780411180.224,$GNGSA,A,3,05,06,09,16,25,31,34,,,,,,1.62,0.82,1.40,3*06
1780411180.224,$GNGSA,A,3,06,07,09,10,23,25,33,,,,,,1.62,0.82,1.40,4*01
1780411180.225,$GPGSV,2,1,08,03,14,324,36,26,77,199,42,28,37,011,35,31,47,331,46,1*60
1780411180.226,$GPGSV,2,2,08,32,43,058,47,41,64,233,36,42,70,217,38,50,56,115,43,1*6E
1780411180.226,$GPGSV,2,1,06,03,14,324,33,10,39,156,16,26,77,199,44,28,37,011,40,6*64
1780411180.227,$GPGSV,2,2,06,31,47,331,40,32,43,058,43,6*6D
1780411180.227,$GPGSV,2,1,08,01,12,279,,02,14,252,,16,42,199,,23,04,151,,0*62
1780411180.228,$GPGSV,2,2,08,23,04,151,,25,08,038,,27,07,192,,29,06,082,,0*66
1780411180.229,$GLGSV,2,1,06,66,26,112,29,67,51,041,46,68,22,345,39,77,22,022,32,1*75
1780411180.229,$GLGSV,2,2,06,78,75,327,49,79,39,221,33,1*7D
1780411180.230,$GLGSV,2,1,05,66,26,112,24,67,51,041,45,68,22,345,43,78,75,327,50,3*78
1780411180.231,$GLGSV,2,2,05,79,39,221,28,3*40
1780411180.231,$GLGSV,1,1,01,82,02,225,,0*45
1780411180.232,$GAGSV,2,1,08,05,40,358,45,06,17,085,30,09,32,064,48,16,61,075,51,2*7D
1780411180.232,$GAGSV,2,2,08,25,53,182,31,31,12,040,38,34,26,266,22,36,27,208,16,2*74
1780411180.233,$GAGSV,2,1,05,05,40,358,41,09,32,064,42,16,61,075,46,31,12,040,31,7*74
1780411180.233,$GAGSV,2,2,05,36,27,208,14,7*49
1780411180.234,$GAGSV,1,1,04,02,05,207,,03,11,311,,11,04,165,,15,02,309,,0*78
1780411180.234,$GBGSV,2,1,07,06,61,152,25,07,46,008,40,09,88,195,47,10,54,353,44,1*79
1780411180.235,$GBGSV,2,2,07,23,51,246,38,25,65,357,49,33,62,086,48,1*41
1780411180.235,$GBGSV,1,1,02,09,88,195,48,10,54,353,48,3*77
1780411180.236,$GBGSV,2,1,08,01,42,107,,02,63,241,,03,71,141,,04,22,098,,0*79
1780411180.236,$GBGSV,2,2,08,04,22,098,,08,20,152,,13,09,190,,24,13,036,,0*74
1780411180.237,$GNGLL,1338.99608,N,10029.54869,E,143940.00,A,D*72
1780411181.219,$GNRMC,143941.00,A,1338.99605,N,10029.54894,E,0.803,93.38,020626,0.53,W,F,V*76
1780411181.221,$GNVTG,93.38,T,93.90,M,0.803,N,1.486,K,D*3A
1780411181.223,$GNGGA,143941.00,1338.99605,N,10029.54894,E,5,12,0.82,-0.5,M,-27.8,M,1.0,0499*62
1780411181.223,$GNGSA,A,3,26,28,31,32,,,,,,,,,1.62,0.82,1.40,1*06
1780411181.224,$GNGSA,A,3,78,66,77,79,67,68,,,,,,,1.62,0.82,1.40,2*06
1780411181.224,$GNGSA,A,3,05,06,09,16,25,31,34,,,,,,1.62,0.82,1.40,3*06
1780411181.225,$GNGSA,A,3,06,07,09,10,23,25,33,,,,,,1.62,0.82,1.40,4*01
1780411181.225,$GPGSV,2,1,08,03,14,324,32,26,77,199,43,28,37,011,35,31,47,331,45,1*66
1780411181.226,$GPGSV,2,2,08,32,43,058,46,41,64,233,36,42,70,217,43,50,56,115,41,1*61
1780411181.226,$GPGSV,2,1,06,03,14,324,33,10,39,156,13,26,77,199,46,28,37,011,34,6*60
1780411181.227,$GPGSV,2,2,06,31,47,331,42,32,43,058,43,6*6F
1780411181.227,$GPGSV,2,1,08,01,12,279,,02,14,252,,16,42,199,,23,04,151,,0*62
1780411181.228,$GPGSV,2,2,08,23,04,151,,25,08,038,,27,07,192,,29,06,082,,0*66
1780411181.229,$GLGSV,2,1,06,66,26,112,24,67,51,041,48,68,22,345,41,77,22,022,32,1*79
1780411181.229,$GLGSV,2,2,06,78,75,327,50,79,39,221,26,1*71
1780411181.230,$GLGSV,2,1,05,66,26,112,24,67,51,041,47,68,22,345,41,78,75,327,49,3*70
1780411181.230,$GLGSV,2,2,05,79,39,221,26,3*4E
1780411181.231,$GLGSV,1,1,01,82,02,225,,0*45
1780411181.231,$GAGSV,2,1,08,05,40,358,45,06,17,085,29,09,32,064,47,16,61,075,51,2*7A
1780411181.232,$GAGSV,2,2,08,25,53,182,30,31,12,040,39,34,26,266,21,36,27,208,14,2*75
1780411181.232,$GAGSV,2,1,05,05,40,358,39,09,32,064,44,16,61,075,45,31,12,040,36,7*79
1780411181.233,$GAGSV,2,2,05,36,27,208,11,7*4C
1780411181.233,$GAGSV,1,1,04,02,05,207,,03,11,311,,11,04,165,,15,02,309,,0*78
1780411181.234,$GBGSV,2,1,07,06,61,152,24,07,46,008,40,09,88,195,46,10,54,353,44,1*79
1780411181.234,$GBGSV,2,2,07,23,51,246,40,25,65,357,50,33,62,086,49,1*47
1780411181.235,$GBGSV,1,1,02,09,88,195,50,10,54,353,46,3*70
1780411181.235,$GBGSV,2,1,08,01,42,107,,02,63,241,,03,71,141,,04,22,098,,0*79
1780411181.236,$GBGSV,2,2,08,04,22,098,,08,20,152,,13,09,190,,24,13,036,,0*74
1780411181.236,$GNGLL,1338.99605,N,10029.54894,E,143941.00,A,D*7C
1780411182.220,$GNRMC,143942.00,A,1338.99603,N,10029.54916,E,0.723,95.26,020626,0.53,W,F,V*7C
1780411182.222,$GNVTG,95.26,T,95.79,M,0.723,N,1.339,K,D*3C
1780411182.222,$GNGGA,143942.00,1338.99603,N,10029.54916,E,5,12,0.82,-0.4,M,-27.8,M,1.0,0499*6D
1780411182.223,$GNGSA,A,3,26,28,31,32,,,,,,,,,1.62,0.82,1.40,1*06
1780411182.223,$GNGSA,A,3,78,66,77,79,67,68,,,,,,,1.62,0.82,1.40,2*06
1780411182.224,$GNGSA,A,3,05,06,09,16,25,31,34,,,,,,1.62,0.82,1.40,3*06
1780411182.224,$GNGSA,A,3,06,07,09,10,23,25,33,,,,,,1.62,0.82,1.40,4*01
1780411182.225,$GPGSV,2,1,08,03,14,324,33,26,77,199,44,28,37,011,32,31,47,331,44,1*66
1780411182.226,$GPGSV,2,2,08,32,43,058,45,41,64,233,38,42,70,217,41,50,56,115,40,1*6F
1780411182.226,$GPGSV,2,1,06,03,14,324,32,10,39,156,11,26,77,199,45,28,37,011,36,6*62
1780411182.227,$GPGSV,2,2,06,31,47,331,42,32,43,058,46,6*6A
1780411182.227,$GPGSV,2,1,08,01,12,279,,02,14,252,,16,42,199,,23,04,151,,0*62
1780411182.228,$GPGSV,2,2,08,23,04,151,,25,08,038,,27,07,192,,29,06,082,,0*66
1780411182.229,$GLGSV,2,1,06,66,26,112,22,67,51,041,45,68,22,345,43,77,22,022,28,1*7B
1780411182.229,$GLGSV,2,2,06,78,75,327,50,79,39,221,23,1*74
1780411182.230,$GLGSV,2,1,05,66,26,112,24,67,51,041,50,68,22,345,41,78,75,327,49,3*76
1780411182.230,$GLGSV,2,2,05,79,39,221,24,3*4C
1780411182.230,$GLGSV,1,1,01,82,02,225,,0*45
1780411182.231,$GAGSV,2,1,08,05,40,358,44,06,17,085,28,09,32,064,46,16,61,075,51,2*7B
1780411182.232,$GAGSV,2,2,08,25,53,182,31,31,12,040,36,34,26,266,21,36,27,208,13,2*7C
1780411182.232,$GAGSV,2,1,05,05,40,358,42,09,32,064,42,16,61,075,44,31,12,040,28,7*7D
1780411182.233,$GAGSV,2,2,05,36,27,208,09,7*45
1780411182.233,$GAGSV,1,1,04,02,05,207,,03,11,311,,11,04,165,,15,02,309,,0*78
1780411182.234,$GBGSV,2,1,07,06,61,152,23,07,46,008,43,09,88,195,48,10,54,353,44,1*73
1780411182.235,$GBGSV,2,2,07,23,51,246,42,25,65,357,50,33,62,086,49,1*45
1780411182.235,$GBGSV,1,1,03,09,88,195,49,10,54,353,47,23,51,246,15,3*49
1780411182.236,$GBGSV,2,1,08,01,42,107,,02,63,241,,03,71,141,,04,22,098,,0*79
1780411182.236,$GBGSV,2,2,08,04,22,098,,08,20,152,,13,09,190,,24,13,036,,0*74
1780411182.237,$GNGLL,1338.99603,N,10029.54916,E,143942.00,A,D*72
1780411183.219,$GNRMC,143943.00,A,1338.99602,N,10029.54938,E,0.765,90.98,020626,0.53,W,F,V*72
1780411183.220,$GNVTG,90.98,T,91.51,M,0.765,N,1.416,K,D*3A
1780411183.222,$GNGGA,143943.00,1338.99602,N,10029.54938,E,5,12,0.82,-0.4,M,-27.8,M,1.0,0499*61
1780411183.223,$GNGSA,A,3,26,28,31,32,,,,,,,,,1.62,0.82,1.40,1*06
1780411183.223,$GNGSA,A,3,78,66,77,79,67,68,,,,,,,1.62,0.82,1.40,2*06
1780411183.224,$GNGSA,A,3,05,06,09,16,25,31,34,,,,,,1.62,0.82,1.40,3*06
1780411183.224,$GNGSA,A,3,06,07,09,10,23,25,33,,,,,,1.62,0.82,1.40,4*01
1780411183.225,$GPGSV,2,1,08,03,14,324,30,26,77,199,46,28,37,011,35,31,47,331,48,1*6C
1780411183.226,$GPGSV,2,2,08,32,43,058,46,41,64,233,46,42,70,217,41,50,56,115,39,1*6B
1780411183.226,$GPGSV,2,1,06,03,14,324,35,10,39,156,09,26,77,199,48,28,37,011,39,6*6E
1780411183.227,$GPGSV,2,2,06,31,47,331,43,32,43,058,43,6*6E
1780411183.227,$GPGSV,2,1,08,01,12,279,,02,14,252,,16,42,199,,23,04,151,,0*62
1780411183.228,$GPGSV,2,2,08,23,04,151,,25,08,038,,27,07,192,,29,06,082,,0*66
1780411183.229,$GLGSV,2,1,06,66,26,112,23,67,51,041,48,68,22,345,38,77,22,022,28,1*7B
1780411183.229,$GLGSV,2,2,06,78,75,327,49,79,39,221,21,1*7E
1780411183.230,$GLGSV,2,1,05,66,26,112,23,67,51,041,49,68,22,345,40,78,75,327,48,3*79
1780411183.231,$GLGSV,2,2,05,79,39,221,25,3*4D
1780411183.231,$GLGSV,1,1,01,82,02,225,,0*45
1780411183.232,$GAGSV,2,1,08,05,40,358,44,06,17,085,28,09,32,064,46,16,61,075,51,2*7B
1780411183.232,$GAGSV,2,2,08,25,53,182,30,31,12,040,33,34,26,266,20,36,27,208,11,2*7B
1780411183.233,$GAGSV,2,1,05,05,40,358,40,09,32,064,43,16,61,075,46,31,12,040,32,7*77
1780411183.233,$GAGSV,2,2,05,36,27,208,12,7*4F
1780411183.234,$GAGSV,1,1,04,02,05,207,,03,11,311,,11,04,165,,15,02,309,,0*78
1780411183.234,$GBGSV,2,1,07,06,61,152,20,07,46,008,41,09,88,195,47,10,54,353,43,1*7A
1780411183.235,$GBGSV,2,2,07,23,51,246,34,25,65,357,47,33,62,086,49,1*42
1780411183.235,$GBGSV,1,1,03,09,88,195,49,10,54,353,47,23,51,246,11,3*4D
1780411183.236,$GBGSV,2,1,08,01,42,107,,02,63,241,,03,71,141,,04,22,098,,0*79
1780411183.236,$GBGSV,2,2,08,04,22,098,,08,20,152,,13,09,190,,24,13,036,,0*74
1780411183.237,$GNGLL,1338.99602,N,10029.54938,E,143943.00,A,D*7E
1780411184.216,$GNRMC,143944.00,A,1338.99599,N,10029.54959,E,0.800,94.89,020626,0.53,W,F,V*7B
1780411184.218,$GNVTG,94.89,T,95.42,M,0.800,N,1.482,K,D*39
1780411184.219,$GNGGA,143944.00,1338.99599,N,10029.54959,E,5,12,0.97,-0.5,M,-27.8,M,1.0,0499*65
1780411184.220,$GNGSA,A,3,26,28,31,32,,,,,,,,,1.84,0.97,1.56,1*0D
1780411184.220,$GNGSA,A,3,78,66,77,79,67,68,,,,,,,1.84,0.97,1.56,2*0D
1780411184.221,$GNGSA,A,3,05,06,09,16,25,31,,,,,,,1.84,0.97,1.56,3*0A
1780411184.221,$GNGSA,A,3,07,09,10,23,25,33,,,,,,,1.84,0.97,1.56,4*0C
1780411184.222,$GPGSV,2,1,08,03,14,324,34,26,77,199,49,28,37,011,38,31,47,331,44,1*66
1780411184.223,$GPGSV,2,2,08,32,43,058,47,41,64,233,42,42,70,217,44,50,56,115,39,1*6B
1780411184.223,$GPGSV,2,1,06,03,14,324,32,10,39,156,13,26,77,199,47,28,37,011,42,6*61
1780411184.224,$GPGSV,2,2,06,31,47,331,43,32,43,058,41,6*6C
1780411184.224,$GPGSV,2,1,08,01,12,279,,02,14,252,,16,42,199,,23,04,151,,0*62
1780411184.225,$GPGSV,2,2,08,23,04,151,,25,08,038,,27,07,192,,29,06,082,,0*66
1780411184.225,$GLGSV,2,1,06,66,26,112,24,67,51,041,45,68,22,345,35,77,22,022,32,1*77
1780411184.226,$GLGSV,2,2,06,78,75,327,49,79,39,221,18,1*74
1780411184.227,$GLGSV,2,1,05,66,26,112,22,67,51,041,49,68,22,345,33,78,75,327,48,3*7C
1780411184.227,$GLGSV,2,2,05,79,39,221,25,3*4D
1780411184.228,$GLGSV,1,1,01,82,02,225,,0*45
1780411184.228,$GAGSV,2,1,08,05,40,358,46,06,17,085,27,09,32,064,46,16,61,075,50,2*77
1780411184.229,$GAGSV,2,2,08,25,53,182,24,31,12,040,29,34,26,266,19,36,27,208,11,2*7F
1780411184.230,$GAGSV,2,1,05,05,40,358,40,09,32,064,43,16,61,075,44,31,12,040,27,7*71
1780411184.230,$GAGSV,2,2,05,36,27,208,12,7*4F
1780411184.231,$GAGSV,1,1,04,02,05,207,,03,11,311,,11,04,165,,15,02,309,,0*78
1780411184.231,$GBGSV,2,1,07,06,61,152,18,07,46,008,41,09,88,195,48,10,54,353,44,1*79
1780411184.232,$GBGSV,2,2,07,23,51,246,41,25,65,357,47,33,62,086,48,1*41
1780411184.232,$GBGSV,1,1,03,09,88,195,50,10,54,353,47,23,51,246,09,3*4C
1780411184.233,$GBGSV,2,1,08,01,42,107,,02,63,241,,03,71,141,,04,22,098,,0*79
1780411184.233,$GBGSV,2,2,08,04,22,098,,08,20,152,,13,09,190,,24,13,036,,0*74
1780411184.234,$GNGLL,1338.99599,N,10029.54959,E,143944.00,A,D*7F
1780411185.217,$GNRMC,143945.00,A,1338.99597,N,10029.54981,E,0.790,96.36,020626,0.53,W,F,V*71
1780411185.219,$GNVTG,96.36,T,96.89,M,0.790,N,1.464,K,D*35
1780411185.220,$GNGGA,143945.00,1338.99597,N,10029.54981,E,5,12,1.11,-0.5,M,-27.8,M,1.0,0499*60
1780411185.221,$GNGSA,A,3,26,28,31,32,,,,,,,,,1.95,1.11,1.61,1*06
1780411185.221,$GNGSA,A,3,78,66,77,79,67,68,,,,,,,1.95,1.11,1.61,2*06
1780411185.222,$GNGSA,A,3,05,06,09,16,25,31,,,,,,,1.95,1.11,1.61,3*01
1780411185.222,$GNGSA,A,3,07,09,10,23,25,33,,,,,,,1.95,1.11,1.61,4*07
1780411185.223,$GPGSV,2,1,07,26,77,199,42,28,37,011,38,31,47,331,46,32,43,058,46,1*6D
1780411185.224,$GPGSV,2,2,07,41,64,233,36,42,70,217,44,50,56,115,42,1*53
1780411185.224,$GPGSV,2,1,06,03,14,324,35,10,39,156,16,26,77,199,46,28,37,011,39,6*6E
1780411185.225,$GPGSV,2,2,06,31,47,331,44,32,43,058,43,6*69
1780411185.225,$GPGSV,2,1,08,01,12,279,,02,14,252,,16,42,199,,23,04,151,,0*62
1780411185.226,$GPGSV,2,2,08,23,04,151,,25,08,038,,27,07,192,,29,06,082,,0*66
1780411185.227,$GLGSV,2,1,06,66,26,112,24,67,51,041,48,68,22,345,38,77,22,022,35,1*70
1780411185.227,$GLGSV,2,2,06,78,75,327,48,79,39,221,19,1*74
1780411185.228,$GLGSV,2,1,05,66,26,112,21,67,51,041,45,68,22,345,40,78,75,327,48,3*77
1780411185.228,$GLGSV,2,2,05,79,39,221,24,3*4C
1780411185.229,$GLGSV,1,1,01,82,02,225,,0*45
1780411185.229,$GAGSV,2,1,08,05,40,358,47,06,17,085,28,09,32,064,47,16,61,075,51,2*79
1780411185.230,$GAGSV,2,2,08,25,53,182,24,31,12,040,29,34,26,266,17,36,27,208,14,2*74
1780411185.231,$GAGSV,2,1,05,05,40,358,41,09,32,064,42,16,61,075,45,31,12,040,27,7*70
1780411185.231,$GAGSV,2,2,05,36,27,208,11,7*4C
1780411185.232,$GAGSV,1,1,04,02,05,207,,03,11,311,,11,04,165,,15,02,309,,0*78
1780411185.232,$GBGSV,2,1,07,06,61,152,17,07,46,008,44,09,88,195,47,10,54,353,45,1*7D
1780411185.233,$GBGSV,2,2,07,23,51,246,31,25,65,357,46,33,62,086,48,1*47
1780411185.233,$GBGSV,1,1,03,09,88,195,49,10,54,353,48,23,51,246,08,3*4A
1780411185.234,$GBGSV,2,1,08,01,42,107,,02,63,241,,03,71,141,,04,22,098,,0*79
1780411185.235,$GBGSV,2,2,08,04,22,098,,08,20,152,,13,09,190,,24,13,036,,0*74
1780411185.235,$GNGLL,1338.99597,N,10029.54981,E,143945.00,A,D*75
