x,y,speed,heading,fix_quality,steering_angle
661609.797628,1509920.160034,0.000000,0.000000,4,-1.020376
661609.797628,1509920.160034,0.000000,0.000000,4,-1.877492
661609.797628,1509920.160034,0.000000,0.000000,4,-2.597469
661609.797628,1509920.160034,0.000000,0.000000,4,-3.202250
661609.797628,1509920.160034,0.000000,0.000000,4,-3.710266
661609.797628,1509920.160034,0.000000,0.000000,4,-4.136999
661609.797628,1509920.160034,0.000000,0.000000,4,-4.495455
661609.797628,1509920.160034,0.000000,0.000000,4,-4.796558
661609.797628,1509920.160034,0.000000,0.000000,4,-5.049485
661609.797628,1509920.160034,0.000000,0.000000,4,-5.261943
661609.797628,1509920.160034,0.000000,0.000000,4,-5.440408
661609.797628,1509920.160034,0.000000,0.000000,4,-5.590319
661609.797628,1509920.160034,0.000000,0.000000,4,-5.716244
661609.797628,1509920.160034,0.000000,0.000000,4,-5.822021
661609.797628,1509920.160034,0.000000,0.000000,4,-5.910873
661609.797628,1509920.160034,0.000000,0.000000,4,-5.985509
661609.797628,1509920.160034,0.000000,0.000000,4,-6.048204
661609.797628,1509920.160034,0.000000,0.000000,4,-6.100867
661609.797628,1509920.160034,0.000000,0.000000,4,-6.145104
661609.797628,1509920.160034,0.000000,0.000000,4,-6.182263
661609.797514,1509920.178472,0.000000,0.000000,4,-6.248573
661609.797514,1509920.178472,0.000000,0.000000,4,-6.304273
661609.797514,1509920.178472,0.000000,0.000000,4,-6.351062
661609.797514,1509920.178472,0.000000,0.000000,4,-6.390364
661609.797514,1509920.178472,0.000000,0.000000,4,-6.423377
661609.797514,1509920.178472,0.000000,0.000000,4,-6.451109
661609.797514,1509920.178472,0.000000,0.000000,4,-6.474403
661609.797514,1509920.178472,0.000000,0.000000,4,-6.493971
661609.797514,1509920.178472,0.000000,0.000000,4,-6.510407
661609.797514,1509920.178472,0.000000,0.000000,4,-6.524214
661609.797514,1509920.178472,0.000000,0.000000,4,-6.535812
661609.797514,1509920.178472,0.000000,0.000000,4,-6.545554
661609.797514,1509920.178472,0.000000,0.000000,4,-6.553737
661609.797514,1509920.178472,0.000000,0.000000,4,-6.560611
661609.797514,1509920.178472,0.000000,0.000000,4,-6.566385
661609.797514,1509920.178472,0.000000,0.000000,4,-6.571236
661609.797514,1509920.178472,0.000000,0.000000,4,-6.575310
661609.797514,1509920.178472,0.000000,0.000000,4,-6.578732
661609.797514,1509920.178472,0.000000,0.000000,4,-6.581607
661609.797514,1509920.178472,0.000000,0.000000,4,-6.584022
661609.797514,1509920.178472,0.130000,0.000000,4,-6.586050
661609.797514,1509920.178472,0.130000,0.000000,4,-6.587754
661609.797514,1509920.178472,0.130000,0.000000,4,-6.589185
661609.797514,1509920.178472,0.130000,0.000000,4,-6.590388
661609.797514,1509920.178472,0.130000,0.000000,4,-6.591397
661609.797514,1509920.178472,0.130000,0.000000,4,-6.592246
661609.797514,1509920.178472,0.130000,0.000000,4,-6.592958
661609.797514,1509920.178472,0.130000,0.000000,4,-6.593557
661609.797514,1509920.178472,0.130000,0.000000,4,-6.594060
661609.797514,1509920.178472,0.130000,0.000000,4,-6.594482
661609.797514,1509920.178472,0.130000,0.000000,4,-6.594837
661609.797514,1509920.178472,0.130000,0.000000,4,-6.595135
661609.797514,1509920.178472,0.130000,0.000000,4,-6.595385
661609.797514,1509920.178472,0.130000,0.000000,4,-6.595596
661609.797514,1509920.178472,0.130000,0.000000,4,-6.595772
661609.797514,1509920.178472,0.130000,0.000000,4,-6.595921
661609.797514,1509920.178472,0.130000,0.000000,4,-6.596045
661609.797514,1509920.178472,0.130000,0.000000,4,-6.596150
661609.797514,1509920.178472,0.130000,0.000000,4,-6.596238
661609.797514,1509920.178472,0.130000,0.000000,4,-6.596312
661609.815545,1509920.178583,0.340000,4.710000,4,-7.227785
661609.815545,1509920.178583,0.340000,4.710000,4,-7.758223
661609.815545,1509920.178583,0.340000,4.710000,4,-8.203791
661609.815545,1509920.178583,0.340000,4.710000,4,-8.578067
661609.815545,1509920.178583,0.340000,4.710000,4,-8.892460
661609.815545,1509920.178583,0.340000,4.710000,4,-9.156550
661609.815545,1509920.178583,0.340000,4.710000,4,-9.378385
661609.815545,1509920.178583,0.340000,4.710000,4,-9.564727
661609.815545,1509920.178583,0.340000,4.710000,4,-9.721254
661609.815545,1509920.178583,0.340000,4.710000,4,-9.852737
661609.815545,1509920.178583,0.340000,4.710000,4,-9.963182
661609.815545,1509920.178583,0.340000,4.710000,4,-10.055956
661609.815545,1509920.178583,0.340000,4.710000,4,-10.133887
661609.815545,1509920.178583,0.340000,4.710000,4,-10.199348
661609.815545,1509920.178583,0.340000,4.710000,4,-10.254336
661609.815545,1509920.178583,0.340000,4.710000,4,-10.300525
661609.815545,1509920.178583,0.340000,4.710000,4,-10.339325
661609.815545,1509920.178583,0.340000,4.710000,4,-10.371916
661609.815545,1509920.178583,0.340000,4.710000,4,-10.399293
661609.815545,1509920.178583,0.340000,4.710000,4,-10.422289
661609.995851,1509920.179693,0.460000,0.080000,4,-9.937320
661609.995851,1509920.179693,0.460000,0.080000,4,-9.529945
661609.995851,1509920.179693,0.460000,0.080000,4,-9.187751
661609.995851,1509920.179693,0.460000,0.080000,4,-8.900307
661609.995851,1509920.179693,0.460000,0.080000,4,-8.658855
661609.995851,1509920.179693,0.460000,0.080000,4,-8.456035
661609.995851,1509920.179693,0.460000,0.080000,4,-8.285666
661609.995851,1509920.179693,0.460000,0.080000,4,-8.142556
661609.995851,1509920.179693,0.460000,0.080000,4,-8.022344
661609.995851,1509920.179693,0.460000,0.080000,4,-7.921366
661609.995851,1509920.179693,0.460000,0.080000,4,-7.836544
661609.995851,1509920.179693,0.460000,0.080000,4,-7.765294
661609.995851,1509920.179693,0.460000,0.080000,4,-7.705443
661609.995851,1509920.179693,0.460000,0.080000,4,-7.655169
661609.995851,1509920.179693,0.460000,0.080000,4,-7.612939
661609.995851,1509920.179693,0.460000,0.080000,4,-7.577465
661609.995851,1509920.179693,0.460000,0.080000,4,-7.547668
661609.995851,1509920.179693,0.460000,0.080000,4,-7.522638
661609.995851,1509920.179693,0.460000,0.080000,4,-7.501612
661609.995851,1509920.179693,0.460000,0.080000,4,-7.483951
661610.320288,1509920.200129,0.480000,1.310000,4,-7.933871
661610.320288,1509920.200129,0.480000,1.310000,4,-8.311804
661610.320288,1509920.200129,0.480000,1.310000,4,-8.629268
661610.320288,1509920.200129,0.480000,1.310000,4,-8.895937
661610.320288,1509920.200129,0.480000,1.310000,4,-9.119939
661610.320288,1509920.200129,0.480000,1.310000,4,-9.308101
661610.320288,1509920.200129,0.480000,1.310000,4,-9.466157
661610.320288,1509920.200129,0.480000,1.310000,4,-9.598924
661610.320288,1509920.200129,0.480000,1.310000,4,-9.710449
661610.320288,1509920.200129,0.480000,1.310000,4,-9.804129
661610.320288,1509920.200129,0.480000,1.310000,4,-9.882821
661610.320288,1509920.200129,0.480000,1.310000,4,-9.948922
661610.320288,1509920.200129,0.480000,1.310000,4,-10.004447
661610.320288,1509920.200129,0.480000,1.310000,4,-10.051087
661610.320288,1509920.200129,0.480000,1.310000,4,-10.090266
661610.320288,1509920.200129,0.480000,1.310000,4,-10.123175
661610.320288,1509920.200129,0.480000,1.310000,4,-10.150820
661610.320288,1509920.200129,0.480000,1.310000,4,-10.174041
661610.320288,1509920.200129,0.480000,1.310000,4,-10.193546
661610.320288,1509920.200129,0.480000,1.310000,4,-10.209931
661610.734877,1509920.221120,0.520000,-5.370000,4,-9.109931
661610.734877,1509920.221120,0.520000,-5.370000,4,-8.007987
661610.734877,1509920.221120,0.520000,-5.370000,4,-7.079671
661610.734877,1509920.221120,0.520000,-5.370000,4,-6.299884
661610.734877,1509920.221120,0.520000,-5.370000,4,-5.644864
661610.734877,1509920.221120,0.520000,-5.370000,4,-5.094647
661610.734877,1509920.221120,0.520000,-5.370000,4,-4.632465
661610.734877,1509920.221120,0.520000,-5.370000,4,-4.244232
661610.734877,1509920.221120,0.520000,-5.370000,4,-3.918116
661610.734877,1509920.221120,0.520000,-5.370000,4,-3.644179
661610.734877,1509920.221120,0.520000,-5.370000,4,-3.414071
661610.734877,1509920.221120,0.520000,-5.370000,4,-3.220781
661610.734877,1509920.221120,0.520000,-5.370000,4,-3.058417
661610.734877,1509920.221120,0.520000,-5.370000,4,-2.922032
661610.734877,1509920.221120,0.520000,-5.370000,4,-2.807468
661610.734877,1509920.221120,0.520000,-5.370000,4,-2.711234
661610.734877,1509920.221120,0.520000,-5.370000,4,-2.630398
661610.734877,1509920.221120,0.520000,-5.370000,4,-2.562496
661610.734877,1509920.221120,0.520000,-5.370000,4,-2.505457
661610.734877,1509920.221120,0.520000,-5.370000,4,-2.457546
661611.131550,1509920.223562,0.560000,1.050000,4,-3.530448
661611.131550,1509920.223562,0.560000,1.050000,4,-4.431686
661611.131550,1509920.223562,0.560000,1.050000,4,-5.188725
661611.131550,1509920.223562,0.560000,1.050000,4,-5.824639
661611.131550,1509920.223562,0.560000,1.050000,4,-6.358806
661611.131550,1509920.223562,0.560000,1.050000,4,-6.807507
661611.131550,1509920.223562,0.560000,1.050000,4,-7.184415
661611.131550,1509920.223562,0.560000,1.050000,4,-7.501018
661611.131550,1509920.223562,0.560000,1.050000,4,-7.766965
661611.131550,1509920.223562,0.560000,1.050000,4,-7.990360
661611.131550,1509920.223562,0.560000,1.050000,4,-8.178012
661611.131550,1509920.223562,0.560000,1.050000,4,-8.335639
661611.131550,1509920.223562,0.560000,1.050000,4,-8.468046
661611.131550,1509920.223562,0.560000,1.050000,4,-8.579269
661611.131550,1509920.223562,0.560000,1.050000,4,-8.672695
661611.131550,1509920.223562,0.560000,1.050000,4,-8.751173
661611.131550,1509920.223562,0.560000,1.050000,4,-8.817095
661611.131550,1509920.223562,0.560000,1.050000,4,-8.872469
661611.131550,1509920.223562,0.560000,1.050000,4,-8.918984
661611.131550,1509920.223562,0.560000,1.050000,4,-8.958056
661611.600572,1509920.189573,0.590000,-4.810000,4,-8.349698
661611.600572,1509920.189573,0.590000,-4.810000,4,-7.838678
661611.600572,1509920.189573,0.590000,-4.810000,4,-7.409421
661611.600572,1509920.189573,0.590000,-4.810000,4,-7.048845
661611.600572,1509920.189573,0.590000,-4.810000,4,-6.745961
661611.600572,1509920.189573,0.590000,-4.810000,4,-6.491538
661611.600572,1509920.189573,0.590000,-4.810000,4,-6.277824
661611.600572,1509920.189573,0.590000,-4.810000,4,-6.098303
661611.600572,1509920.189573,0.590000,-4.810000,4,-5.947506
661611.600572,1509920.189573,0.590000,-4.810000,4,-5.820836
661611.600572,1509920.189573,0.590000,-4.810000,4,-5.714434
661611.600572,1509920.189573,0.590000,-4.810000,4,-5.625056
661611.600572,1509920.189573,0.590000,-4.810000,4,-5.549978
661611.600572,1509920.189573,0.590000,-4.810000,4,-5.486913
661611.600572,1509920.189573,0.590000,-4.810000,4,-5.433938
661611.600572,1509920.189573,0.590000,-4.810000,4,-5.389439
661611.600572,1509920.189573,0.590000,-4.810000,4,-5.352060
661611.600572,1509920.189573,0.590000,-4.810000,4,-5.320662
661611.600572,1509920.189573,0.590000,-4.810000,4,-5.294287
661611.600572,1509920.189573,0.590000,-4.810000,4,-5.272133
661612.069253,1509920.210898,0.610000,-2.320000,4,-5.303575
661612.069253,1509920.210898,0.610000,-2.320000,4,-5.329987
661612.069253,1509920.210898,0.610000,-2.320000,4,-5.352173
661612.069253,1509920.210898,0.610000,-2.320000,4,-5.370810
661612.069253,1509920.210898,0.610000,-2.320000,4,-5.386464
661612.069253,1509920.210898,0.610000,-2.320000,4,-5.399614
661612.069253,1509920.210898,0.610000,-2.320000,4,-5.410659
661612.069253,1509920.210898,0.610000,-2.320000,4,-5.419938
661612.069253,1509920.210898,0.610000,-2.320000,4,-5.427732
661612.069253,1509920.210898,0.610000,-2.320000,4,-5.434279
661612.069253,1509920.210898,0.610000,-2.320000,4,-5.439778
661612.069253,1509920.210898,0.610000,-2.320000,4,-5.444397
661612.069253,1509920.210898,0.610000,-2.320000,4,-5.448278
661612.069253,1509920.210898,0.610000,-2.320000,4,-5.451537
661612.069253,1509920.210898,0.610000,-2.320000,4,-5.454275
661612.069253,1509920.210898,0.610000,-2.320000,4,-5.456575
661612.069253,1509920.210898,0.610000,-2.320000,4,-5.458507
661612.069253,1509920.210898,0.610000,-2.320000,4,-5.460130
661612.069253,1509920.210898,0.610000,-2.320000,4,-5.461493
661612.069253,1509920.210898,0.610000,-2.320000,4,-5.462638
661612.556306,1509920.177020,0.640000,-8.090000,4,-4.739649
661612.556306,1509920.177020,0.640000,-8.090000,4,-4.132338
661612.556306,1509920.177020,0.640000,-8.090000,4,-3.622197
661612.556306,1509920.177020,0.640000,-8.090000,4,-3.193679
661612.556306,1509920.177020,0.640000,-8.090000,4,-2.833723
661612.556306,1509920.177020,0.640000,-8.090000,4,-2.531360
661612.556306,1509920.177020,0.640000,-8.090000,4,-2.277376
661612.556306,1509920.177020,0.640000,-8.090000,4,-2.064029
661612.556306,1509920.177020,0.640000,-8.090000,4,-1.884817
661612.556306,1509920.177020,0.640000,-8.090000,4,-1.734279
661612.556306,1509920.177020,0.640000,-8.090000,4,-1.607828
661612.556306,1509920.177020,0.640000,-8.090000,4,-1.501608
661612.556306,1509920.177020,0.640000,-8.090000,4,-1.412384
661612.556306,1509920.177020,0.640000,-8.090000,4,-1.337435
661612.556306,1509920.177020,0.640000,-8.090000,4,-1.274479
661612.556306,1509920.177020,0.640000,-8.090000,4,-1.221595
661612.556306,1509920.177020,0.640000,-8.090000,4,-1.177173
661612.556306,1509920.177020,0.640000,-8.090000,4,-1.139858
661612.556306,1509920.177020,0.640000,-8.090000,4,-1.108514
661612.556306,1509920.177020,0.640000,-8.090000,4,-1.082185
661613.079647,1509920.106489,0.660000,-5.550000,4,-1.024661
661613.079647,1509920.106489,0.660000,-5.550000,4,-0.976342
661613.079647,1509920.106489,0.660000,-5.550000,4,-0.935753
661613.079647,1509920.106489,0.660000,-5.550000,4,-0.901659
661613.079647,1509920.106489,0.660000,-5.550000,4,-0.873020
661613.079647,1509920.106489,0.660000,-5.550000,4,-0.848963
661613.079647,1509920.106489,0.660000,-5.550000,4,-0.828755
661613.079647,1509920.106489,0.660000,-5.550000,4,-0.811780
661613.079647,1509920.106489,0.660000,-5.550000,4,-0.797522
661613.079647,1509920.106489,0.660000,-5.550000,4,-0.785544
661613.079647,1509920.106489,0.660000,-5.550000,4,-0.775483
661613.079647,1509920.106489,0.660000,-5.550000,4,-0.767032
661613.079647,1509920.106489,0.660000,-5.550000,4,-0.759933
661613.079647,1509920.106489,0.660000,-5.550000,4,-0.753970
661613.079647,1509920.106489,0.660000,-5.550000,4,-0.748961
661613.079647,1509920.106489,0.660000,-5.550000,4,-0.744754
661613.079647,1509920.106489,0.660000,-5.550000,4,-0.741219
661613.079647,1509920.106489,0.660000,-5.550000,4,-0.738250
661613.079647,1509920.106489,0.660000,-5.550000,4,-0.735756
661613.079647,1509920.106489,0.660000,-5.550000,4,-0.733662
661613.602760,1509920.072833,0.670000,-8.610000,4,-0.300389
661613.602760,1509920.072833,0.670000,-8.610000,4,0.063559
661613.602760,1509920.072833,0.670000,-8.610000,4,0.369276
661613.602760,1509920.072833,0.670000,-8.610000,4,0.626079
661613.602760,1509920.072833,0.670000,-8.610000,4,0.841793
661613.602760,1509920.072833,0.670000,-8.610000,4,1.022992
661613.602760,1509920.072833,0.670000,-8.610000,4,1.175200
661613.602760,1509920.072833,0.670000,-8.610000,4,1.303054
661613.602760,1509920.072833,0.670000,-8.610000,4,1.410452
661613.602760,1509920.072833,0.670000,-8.610000,4,1.500666
661613.602760,1509920.072833,0.670000,-8.610000,4,1.576446
661613.602760,1509920.072833,0.670000,-8.610000,4,1.640101
661613.602760,1509920.072833,0.670000,-8.610000,4,1.693572
661613.602760,1509920.072833,0.670000,-8.610000,4,1.738487
661613.602760,1509920.072833,0.670000,-8.610000,4,1.776215
661613.602760,1509920.072833,0.670000,-8.610000,4,1.807907
661613.602760,1509920.072833,0.670000,-8.610000,4,1.834529
661613.602760,1509920.072833,0.670000,-8.610000,4,1.856891
661613.602760,1509920.072833,0.670000,-8.610000,4,1.875675
661613.602760,1509920.072833,0.670000,-8.610000,4,1.891453
661614.162276,1509919.984087,0.700000,-4.680000,4,1.686331
661614.162276,1509919.984087,0.700000,-4.680000,4,1.514029
661614.162276,1509919.984087,0.700000,-4.680000,4,1.369295
661614.162276,1509919.984087,0.700000,-4.680000,4,1.247718
661614.162276,1509919.984087,0.700000,-4.680000,4,1.145594
661614.162276,1509919.984087,0.700000,-4.680000,4,1.059809
661614.162276,1509919.984087,0.700000,-4.680000,4,0.987750
661614.162276,1509919.984087,0.700000,-4.680000,4,0.927221
661614.162276,1509919.984087,0.700000,-4.680000,4,0.876376
661614.162276,1509919.984087,0.700000,-4.680000,4,0.833666
661614.162276,1509919.984087,0.700000,-4.680000,4,0.797790
661614.162276,1509919.984087,0.700000,-4.680000,4,0.767654
661614.162276,1509919.984087,0.700000,-4.680000,4,0.742340
661614.162276,1509919.984087,0.700000,-4.680000,4,0.721076
661614.162276,1509919.984087,0.700000,-4.680000,4,0.703215
661614.162276,1509919.984087,0.700000,-4.680000,4,0.688211
661614.162276,1509919.984087,0.700000,-4.680000,4,0.675608
661614.162276,1509919.984087,0.700000,-4.680000,4,0.665021
661614.162276,1509919.984087,0.700000,-4.680000,4,0.656128
661614.162276,1509919.984087,0.700000,-4.680000,4,0.648658
661614.721451,1509919.950654,0.690000,-5.090000,4,0.878282
661614.721451,1509919.950654,0.690000,-5.090000,4,1.071166
661614.721451,1509919.950654,0.690000,-5.090000,4,1.233188
661614.721451,1509919.950654,0.690000,-5.090000,4,1.369287
661614.721451,1509919.950654,0.690000,-5.090000,4,1.483610
661614.721451,1509919.950654,0.690000,-5.090000,4,1.579642
661614.721451,1509919.950654,0.690000,-5.090000,4,1.660308
661614.721451,1509919.950654,0.690000,-5.090000,4,1.728068
661614.721451,1509919.950654,0.690000,-5.090000,4,1.784986
661614.721451,1509919.950654,0.690000,-5.090000,4,1.832797
661614.721451,1509919.950654,0.690000,-5.090000,4,1.872959
661614.721451,1509919.950654,0.690000,-5.090000,4,1.906695
661614.721451,1509919.950654,0.690000,-5.090000,4,1.935032
661614.721451,1509919.950654,0.690000,-5.090000,4,1.958836
661614.721451,1509919.950654,0.690000,-5.090000,4,1.978832
661614.721451,1509919.950654,0.690000,-5.090000,4,1.995628
661614.721451,1509919.950654,0.690000,-5.090000,4,2.009736
661614.721451,1509919.950654,0.690000,-5.090000,4,2.021588
661614.721451,1509919.950654,0.690000,-5.090000,4,2.031543
661614.721451,1509919.950654,0.690000,-5.090000,4,2.039905
661615.298770,1509919.898893,0.740000,-3.960000,4,1.993383
661615.298770,1509919.898893,0.740000,-3.960000,4,1.954305
661615.298770,1509919.898893,0.740000,-3.960000,4,1.921480
661615.298770,1509919.898893,0.740000,-3.960000,4,1.893906
661615.298770,1509919.898893,0.740000,-3.960000,4,1.870745
661615.298770,1509919.898893,0.740000,-3.960000,4,1.851289
661615.298770,1509919.898893,0.740000,-3.960000,4,1.834946
661615.298770,1509919.898893,0.740000,-3.960000,4,1.821218
661615.298770,1509919.898893,0.740000,-3.960000,4,1.809687
661615.298770,1509919.898893,0.740000,-3.960000,4,1.800000
661615.298770,1509919.898893,0.740000,-3.960000,4,1.791863
661615.298770,1509919.898893,0.740000,-3.960000,4,1.785029
661615.298770,1509919.898893,0.740000,-3.960000,4,1.779287
661615.298770,1509919.898893,0.740000,-3.960000,4,1.774465
661615.298770,1509919.898893,0.740000,-3.960000,4,1.770414
661615.298770,1509919.898893,0.740000,-3.960000,4,1.767011
661615.298770,1509919.898893,0.740000,-3.960000,4,1.764152
661615.298770,1509919.898893,0.740000,-3.960000,4,1.761751
661615.298770,1509919.898893,0.740000,-3.960000,4,1.759735
661615.298770,1509919.898893,0.740000,-3.960000,4,1.758040
661615.876202,1509919.828696,0.750000,-3.890000,4,1.976252
661615.876202,1509919.828696,0.750000,-3.890000,4,2.159551
661615.876202,1509919.828696,0.750000,-3.890000,4,2.313521
661615.876202,1509919.828696,0.750000,-3.890000,4,2.442856
661615.876202,1509919.828696,0.750000,-3.890000,4,2.551498
661615.876202,1509919.828696,0.750000,-3.890000,4,2.642757
661615.876202,1509919.828696,0.750000,-3.890000,4,2.719414
661615.876202,1509919.828696,0.750000,-3.890000,4,2.783806
661615.876202,1509919.828696,0.750000,-3.890000,4,2.837896
661615.876202,1509919.828696,0.750000,-3.890000,4,2.883331
661615.876202,1509919.828696,0.750000,-3.890000,4,2.921497
661615.876202,1509919.828696,0.750000,-3.890000,4,2.953556
661615.876202,1509919.828696,0.750000,-3.890000,4,2.980485
661615.876202,1509919.828696,0.750000,-3.890000,4,3.003106
661615.876202,1509919.828696,0.750000,-3.890000,4,3.022108
661615.876202,1509919.828696,0.750000,-3.890000,4,3.038069
661615.876202,1509919.828696,0.750000,-3.890000,4,3.051476
661615.876202,1509919.828696,0.750000,-3.890000,4,3.062739
661615.876202,1509919.828696,0.750000,-3.890000,4,3.072199
661615.876202,1509919.828696,0.750000,-3.890000,4,3.080146
661616.507500,1509919.795706,0.760000,-3.710000,4,3.245004
661616.507500,1509919.795706,0.760000,-3.710000,4,3.383484
661616.507500,1509919.795706,0.760000,-3.710000,4,3.499808
661616.507500,1509919.795706,0.760000,-3.710000,4,3.597520
661616.507500,1509919.795706,0.760000,-3.710000,4,3.679598
661616.507500,1509919.795706,0.760000,-3.710000,4,3.748544
661616.507500,1509919.795706,0.760000,-3.710000,4,3.806458
661616.507500,1509919.795706,0.760000,-3.710000,4,3.855106
661616.507500,1509919.795706,0.760000,-3.710000,4,3.895971
661616.507500,1509919.795706,0.760000,-3.710000,4,3.930297
661616.507500,1509919.795706,0.760000,-3.710000,4,3.959130
661616.507500,1509919.795706,0.760000,-3.710000,4,3.983351
661616.507500,1509919.795706,0.760000,-3.710000,4,4.003696
661616.507500,1509919.795706,0.760000,-3.710000,4,4.020786
661616.507500,1509919.795706,0.760000,-3.710000,4,4.035142
661616.507500,1509919.795706,0.760000,-3.710000,4,4.047200
661616.507500,1509919.795706,0.760000,-3.710000,4,4.057329
661616.507500,1509919.795706,0.760000,-3.710000,4,4.065838
661616.507500,1509919.795706,0.760000,-3.710000,4,4.072985
661616.507500,1509919.795706,0.760000,-3.710000,4,4.078989
661617.139024,1509919.725842,0.770000,-2.880000,4,4.149206
661617.139024,1509919.725842,0.770000,-2.880000,4,4.208188
661617.139024,1509919.725842,0.770000,-2.880000,4,4.257733
661617.139024,1509919.725842,0.770000,-2.880000,4,4.299350
661617.139024,1509919.725842,0.770000,-2.880000,4,4.334309
661617.139024,1509919.725842,0.770000,-2.880000,4,4.363675
661617.139024,1509919.725842,0.770000,-2.880000,4,4.388342
661617.139024,1509919.725842,0.770000,-2.880000,4,4.409062
661617.139024,1509919.725842,0.770000,-2.880000,4,4.426467
661617.139024,1509919.725842,0.770000,-2.880000,4,4.441087
661617.139024,1509919.725842,0.770000,-2.880000,4,4.453368
661617.139024,1509919.725842,0.770000,-2.880000,4,4.463684
661617.139024,1509919.725842,0.770000,-2.880000,4,4.472350
661617.139024,1509919.725842,0.770000,-2.880000,4,4.479629
661617.139024,1509919.725842,0.770000,-2.880000,4,4.485743
661617.139024,1509919.725842,0.770000,-2.880000,4,4.490879
661617.139024,1509919.725842,0.770000,-2.880000,4,4.495193
661617.139024,1509919.725842,0.770000,-2.880000,4,4.498817
661617.139024,1509919.725842,0.770000,-2.880000,4,4.501861
661617.139024,1509919.725842,0.770000,-2.880000,4,4.504418
661617.788352,1509919.692963,0.780000,-5.450000,4,4.907252
661617.788352,1509919.692963,0.780000,-5.450000,4,5.245633
661617.788352,1509919.692963,0.780000,-5.450000,4,5.529872
661617.788352,1509919.692963,0.780000,-5.450000,4,5.768633
661617.788352,1509919.692963,0.780000,-5.450000,4,5.969193
661617.788352,1509919.692963,0.780000,-5.450000,4,6.137663
661617.788352,1509919.692963,0.780000,-5.450000,4,6.279177
661617.788352,1509919.692963,0.780000,-5.450000,4,6.398050
661617.788352,1509919.692963,0.780000,-5.450000,4,6.497902
661617.788352,1509919.692963,0.780000,-5.450000,4,6.581779
661617.788352,1509919.692963,0.780000,-5.450000,4,6.652235
661617.788352,1509919.692963,0.780000,-5.450000,4,6.711418
661617.788352,1509919.692963,0.780000,-5.450000,4,6.761132
661617.788352,1509919.692963,0.780000,-5.450000,4,6.802891
661617.788352,1509919.692963,0.780000,-5.450000,4,6.837969
661617.788352,1509919.692963,0.780000,-5.450000,4,6.867435
661617.788352,1509919.692963,0.780000,-5.450000,4,6.892186
661617.788352,1509919.692963,0.780000,-5.450000,4,6.912977
661617.788352,1509919.692963,0.780000,-5.450000,4,6.930441
661617.788352,1509919.692963,0.780000,-5.450000,4,6.945112
661618.419762,1509919.641536,0.780000,0.130000,4,6.504922
661618.419762,1509919.641536,0.780000,0.130000,4,6.135163
661618.419762,1509919.641536,0.780000,0.130000,4,5.824565
661618.419762,1509919.641536,0.780000,0.130000,4,5.563663
661618.419762,1509919.641536,0.780000,0.130000,4,5.344505
661618.419762,1509919.641536,0.780000,0.130000,4,5.160413
661618.419762,1509919.641536,0.780000,0.130000,4,5.005775
661618.419762,1509919.641536,0.780000,0.130000,4,4.875879
661618.419762,1509919.641536,0.780000,0.130000,4,4.766767
661618.419762,1509919.641536,0.780000,0.130000,4,4.675113
661618.419762,1509919.641536,0.780000,0.130000,4,4.598123
661618.419762,1509919.641536,0.780000,0.130000,4,4.533452
661618.419762,1509919.641536,0.780000,0.130000,4,4.479128
661618.419762,1509919.641536,0.780000,0.130000,4,4.433496
661618.419762,1509919.641536,0.780000,0.130000,4,4.395165
661618.419762,1509919.641536,0.780000,0.130000,4,4.362967
661618.419762,1509919.641536,0.780000,0.130000,4,4.335920
661618.419762,1509919.641536,0.780000,0.130000,4,4.313201
661618.419762,1509919.641536,0.780000,0.130000,4,4.294118
661618.419762,1509919.641536,0.780000,0.130000,4,4.278087
661619.051173,1509919.590109,0.830000,-3.240000,4,4.812293
661619.051173,1509919.590109,0.830000,-3.240000,4,5.261025
661619.051173,1509919.590109,0.830000,-3.240000,4,5.637960
661619.051173,1509919.590109,0.830000,-3.240000,4,5.954586
661619.051173,1509919.590109,0.830000,-3.240000,4,6.220552
661619.051173,1509919.590109,0.830000,-3.240000,4,6.443963
661619.051173,1509919.590109,0.830000,-3.240000,4,6.631628
661619.051173,1509919.590109,0.830000,-3.240000,4,6.789267
661619.051173,1509919.590109,0.830000,-3.240000,4,6.921683
661619.051173,1509919.590109,0.830000,-3.240000,4,7.032913
661619.051173,1509919.590109,0.830000,-3.240000,4,7.126347
661619.051173,1509919.590109,0.830000,-3.240000,4,7.204830
661619.051173,1509919.590109,0.830000,-3.240000,4,7.270757
661619.051173,1509919.590109,0.830000,-3.240000,4,7.326135
661619.051173,1509919.590109,0.830000,-3.240000,4,7.372653
661619.051173,1509919.590109,0.830000,-3.240000,4,7.411728
661619.051173,1509919.590109,0.830000,-3.240000,4,7.444551
661619.051173,1509919.590109,0.830000,-3.240000,4,7.472122
661619.051173,1509919.590109,0.830000,-3.240000,4,7.495282
661619.051173,1509919.590109,0.830000,-3.240000,4,7.514736
661619.718532,1509919.557342,0.810000,2.640000,4,6.708714
661619.718532,1509919.557342,0.810000,2.640000,4,6.031655
661619.718532,1509919.557342,0.810000,2.640000,4,5.462926
661619.718532,1509919.557342,0.810000,2.640000,4,4.985194
661619.718532,1509919.557342,0.810000,2.640000,4,4.583899
661619.718532,1509919.557342,0.810000,2.640000,4,4.246811
661619.718532,1509919.557342,0.810000,2.640000,4,3.963657
661619.718532,1509919.557342,0.810000,2.640000,4,3.725807
661619.718532,1509919.557342,0.810000,2.640000,4,3.526014
661619.718532,1509919.557342,0.810000,2.640000,4,3.358187
661619.718532,1509919.557342,0.810000,2.640000,4,3.217213
661619.718532,1509919.557342,0.810000,2.640000,4,3.098795
661619.718532,1509919.557342,0.810000,2.640000,4,2.999323
661619.718532,1509919.557342,0.810000,2.640000,4,2.915767
661619.718532,1509919.557342,0.810000,2.640000,4,2.845580
661619.718532,1509919.557342,0.810000,2.640000,4,2.786623
661619.718532,1509919.557342,0.810000,2.640000,4,2.737099
661619.718532,1509919.557342,0.810000,2.640000,4,2.695499
661619.718532,1509919.557342,0.810000,2.640000,4,2.660555
661619.718532,1509919.557342,0.810000,2.640000,4,2.631202
661620.421383,1509919.616985,0.840000,1.060000,4,2.974857
661620.421383,1509919.616985,0.840000,1.060000,4,3.263527
661620.421383,1509919.616985,0.840000,1.060000,4,3.506010
661620.421383,1509919.616985,0.840000,1.060000,4,3.709696
661620.421383,1509919.616985,0.840000,1.060000,4,3.880792
661620.421383,1509919.616985,0.840000,1.060000,4,4.024513
661620.421383,1509919.616985,0.840000,1.060000,4,4.145238
661620.421383,1509919.616985,0.840000,1.060000,4,4.246648
661620.421383,1509919.616985,0.840000,1.060000,4,4.331831
661620.421383,1509919.616985,0.840000,1.060000,4,4.403386
661620.421383,1509919.616985,0.840000,1.060000,4,4.463492
661620.421383,1509919.616985,0.840000,1.060000,4,4.513980
661620.421383,1509919.616985,0.840000,1.060000,4,4.556391
661620.421383,1509919.616985,0.840000,1.060000,4,4.592016
661620.421383,1509919.616985,0.840000,1.060000,4,4.621941
661620.421383,1509919.616985,0.840000,1.060000,4,4.647078
661620.421383,1509919.616985,0.840000,1.060000,4,4.668193
661620.421383,1509919.616985,0.840000,1.060000,4,4.685929
661620.421383,1509919.616985,0.840000,1.060000,4,4.700828
661620.421383,1509919.616985,0.840000,1.060000,4,4.713343
661621.106659,1509919.602766,0.830000,2.130000,4,4.525306
661621.106659,1509919.602766,0.830000,2.130000,4,4.367355
661621.106659,1509919.602766,0.830000,2.130000,4,4.234676
661621.106659,1509919.602766,0.830000,2.130000,4,4.123226
661621.106659,1509919.602766,0.830000,2.130000,4,4.029608
661621.106659,1509919.602766,0.830000,2.130000,4,3.950969
661621.106659,1509919.602766,0.830000,2.130000,4,3.884912
661621.106659,1509919.602766,0.830000,2.130000,4,3.829424
661621.106659,1509919.602766,0.830000,2.130000,4,3.782814
661621.106659,1509919.602766,0.830000,2.130000,4,3.743662
661621.106659,1509919.602766,0.830000,2.130000,4,3.710774
661621.106659,1509919.602766,0.830000,2.130000,4,3.683148
661621.106659,1509919.602766,0.830000,2.130000,4,3.659942
661621.106659,1509919.602766,0.830000,2.130000,4,3.640450
661621.106659,1509919.602766,0.830000,2.130000,4,3.624076
661621.106659,1509919.602766,0.830000,2.130000,4,3.610322
661621.106659,1509919.602766,0.830000,2.130000,4,3.598768
661621.106659,1509919.602766,0.830000,2.130000,4,3.589063
661621.106659,1509919.602766,0.830000,2.130000,4,3.580911
661621.106659,1509919.602766,0.830000,2.130000,4,3.574063
661621.791594,1509919.643860,0.860000,5.600000,4,2.986585
661621.791594,1509919.643860,0.860000,5.600000,4,2.493103
661621.791594,1509919.643860,0.860000,5.600000,4,2.078579
661621.791594,1509919.643860,0.860000,5.600000,4,1.730378
661621.791594,1509919.643860,0.860000,5.600000,4,1.437890
661621.791594,1509919.643860,0.860000,5.600000,4,1.192199
661621.791594,1509919.643860,0.860000,5.600000,4,0.985819
661621.791594,1509919.643860,0.860000,5.600000,4,0.812460
661621.791594,1509919.643860,0.860000,5.600000,4,0.666839
661621.791594,1509919.643860,0.860000,5.600000,4,0.544516
661621.791594,1509919.643860,0.860000,5.600000,4,0.441766
661621.791594,1509919.643860,0.860000,5.600000,4,0.355455
661621.791594,1509919.643860,0.860000,5.600000,4,0.282954
661621.791594,1509919.643860,0.860000,5.600000,4,0.222054
661621.791594,1509919.643860,0.860000,5.600000,4,0.170897
661621.791594,1509919.643860,0.860000,5.600000,4,0.127925
661621.791594,1509919.643860,0.860000,5.600000,4,0.091829
661621.791594,1509919.643860,0.860000,5.600000,4,0.061509
661621.791594,1509919.643860,0.860000,5.600000,4,0.036039
661621.791594,1509919.643860,0.860000,5.600000,4,0.014645
661622.494332,1509919.721941,0.850000,4.150000,4,0.083947
661622.494332,1509919.721941,0.850000,4.150000,4,0.142161
661622.494332,1509919.721941,0.850000,4.150000,4,0.191061
661622.494332,1509919.721941,0.850000,4.150000,4,0.232137
661622.494332,1509919.721941,0.850000,4.150000,4,0.266641
661622.494332,1509919.721941,0.850000,4.150000,4,0.295624
661622.494332,1509919.721941,0.850000,4.150000,4,0.319970
661622.494332,1509919.721941,0.850000,4.150000,4,0.340420
661622.494332,1509919.721941,0.850000,4.150000,4,0.357599
661622.494332,1509919.721941,0.850000,4.150000,4,0.372029
661622.494332,1509919.721941,0.850000,4.150000,4,0.384150
661622.494332,1509919.721941,0.850000,4.150000,4,0.394331
661622.494332,1509919.721941,0.850000,4.150000,4,0.402884
661622.494332,1509919.721941,0.850000,4.150000,4,0.410068
661622.494332,1509919.721941,0.850000,4.150000,4,0.416103
661622.494332,1509919.721941,0.850000,4.150000,4,0.421172
661622.494332,1509919.721941,0.850000,4.150000,4,0.425430
661622.494332,1509919.721941,0.850000,4.150000,4,0.429007
661622.494332,1509919.721941,0.850000,4.150000,4,0.432012
661622.494332,1509919.721941,0.850000,4.150000,4,0.434535
661623.215101,1509919.800132,0.880000,7.100000,4,-0.051263
661623.215101,1509919.800132,0.880000,7.100000,4,-0.459334
661623.215101,1509919.800132,0.880000,7.100000,4,-0.802113
661623.215101,1509919.800132,0.880000,7.100000,4,-1.090048
661623.215101,1509919.800132,0.880000,7.100000,4,-1.331913
661623.215101,1509919.800132,0.880000,7.100000,4,-1.535080
661623.215101,1509919.800132,0.880000,7.100000,4,-1.705740
661623.215101,1509919.800132,0.880000,7.100000,4,-1.849094
661623.215101,1509919.800132,0.880000,7.100000,4,-1.969512
661623.215101,1509919.800132,0.880000,7.100000,4,-2.070663
661623.215101,1509919.800132,0.880000,7.100000,4,-2.155630
661623.215101,1509919.800132,0.880000,7.100000,4,-2.227002
661623.215101,1509919.800132,0.880000,7.100000,4,-2.286954
661623.215101,1509919.800132,0.880000,7.100000,4,-2.337315
661623.215101,1509919.800132,0.880000,7.100000,4,-2.379617
661623.215101,1509919.800132,0.880000,7.100000,4,-2.415151
661623.215101,1509919.800132,0.880000,7.100000,4,-2.445000
661623.215101,1509919.800132,0.880000,7.100000,4,-2.470073
661623.215101,1509919.800132,0.880000,7.100000,4,-2.491134
661623.215101,1509919.800132,0.880000,7.100000,4,-2.508825
661623.935984,1509919.859886,0.890000,6.290000,4,-2.437721
661623.935984,1509919.859886,0.890000,6.290000,4,-2.377993
661623.935984,1509919.859886,0.890000,6.290000,4,-2.327821
661623.935984,1509919.859886,0.890000,6.290000,4,-2.285677
661623.935984,1509919.859886,0.890000,6.290000,4,-2.250276
661623.935984,1509919.859886,0.890000,6.290000,4,-2.220539
661623.935984,1509919.859886,0.890000,6.290000,4,-2.195560
661623.935984,1509919.859886,0.890000,6.290000,4,-2.174578
661623.935984,1509919.859886,0.890000,6.290000,4,-2.156953
661623.935984,1509919.859886,0.890000,6.290000,4,-2.142148
661623.935984,1509919.859886,0.890000,6.290000,4,-2.129711
661623.935984,1509919.859886,0.890000,6.290000,4,-2.119265
661623.935984,1509919.859886,0.890000,6.290000,4,-2.110490
661623.935984,1509919.859886,0.890000,6.290000,4,-2.103119
661623.935984,1509919.859886,0.890000,6.290000,4,-2.096927
661623.935984,1509919.859886,0.890000,6.290000,4,-2.091726
661623.935984,1509919.859886,0.890000,6.290000,4,-2.087357
661623.935984,1509919.859886,0.890000,6.290000,4,-2.083687
661623.935984,1509919.859886,0.890000,6.290000,4,-2.080605
661623.935984,1509919.859886,0.890000,6.290000,4,-2.078015
661624.656866,1509919.919640,0.890000,5.280000,4,-1.961385
661624.656866,1509919.919640,0.890000,5.280000,4,-1.863415
661624.656866,1509919.919640,0.890000,5.280000,4,-1.781120
661624.656866,1509919.919640,0.890000,5.280000,4,-1.711993
661624.656866,1509919.919640,0.890000,5.280000,4,-1.653926
661624.656866,1509919.919640,0.890000,5.280000,4,-1.605149
661624.656866,1509919.919640,0.890000,5.280000,4,-1.564177
661624.656866,1509919.919640,0.890000,5.280000,4,-1.529761
661624.656866,1509919.919640,0.890000,5.280000,4,-1.500851
661624.656866,1509919.919640,0.890000,5.280000,4,-1.476566
661624.656866,1509919.919640,0.890000,5.280000,4,-1.456167
661624.656866,1509919.919640,0.890000,5.280000,4,-1.439032
661624.656866,1509919.919640,0.890000,5.280000,4,-1.424639
661624.656866,1509919.919640,0.890000,5.280000,4,-1.412548
661624.656866,1509919.919640,0.890000,5.280000,4,-1.402392
661624.656866,1509919.919640,0.890000,5.280000,4,-1.393861
661624.656866,1509919.919640,0.890000,5.280000,4,-1.386695
661624.656866,1509919.919640,0.890000,5.280000,4,-1.380676
661624.656866,1509919.919640,0.890000,5.280000,4,-1.375619
661624.656866,1509919.919640,0.890000,5.280000,4,-1.371372
661625.395438,1509920.034817,0.890000,5.040000,4,-1.447355
661625.395438,1509920.034817,0.890000,5.040000,4,-1.511180
661625.395438,1509920.034817,0.890000,5.040000,4,-1.564794
661625.395438,1509920.034817,0.890000,5.040000,4,-1.609829
661625.395438,1509920.034817,0.890000,5.040000,4,-1.647659
661625.395438,1509920.034817,0.890000,5.040000,4,-1.679436
661625.395438,1509920.034817,0.890000,5.040000,4,-1.706128
661625.395438,1509920.034817,0.890000,5.040000,4,-1.728550
661625.395438,1509920.034817,0.890000,5.040000,4,-1.747385
661625.395438,1509920.034817,0.890000,5.040000,4,-1.763205
661625.395438,1509920.034817,0.890000,5.040000,4,-1.776495
661625.395438,1509920.034817,0.890000,5.040000,4,-1.787658
661625.395438,1509920.034817,0.890000,5.040000,4,-1.797035
661625.395438,1509920.034817,0.890000,5.040000,4,-1.804912
661625.395438,1509920.034817,0.890000,5.040000,4,-1.811528
661625.395438,1509920.034817,0.890000,5.040000,4,-1.817086
661625.395438,1509920.034817,0.890000,5.040000,4,-1.821755
661625.395438,1509920.034817,0.890000,5.040000,4,-1.825676
661625.395438,1509920.034817,0.890000,5.040000,4,-1.828970
661625.395438,1509920.034817,0.890000,5.040000,4,-1.831738
661626.134238,1509920.113120,0.880000,6.110000,4,-2.164294
661626.134238,1509920.113120,0.880000,6.110000,4,-2.443642
661626.134238,1509920.113120,0.880000,6.110000,4,-2.678294
661626.134238,1509920.113120,0.880000,6.110000,4,-2.875402
661626.134238,1509920.113120,0.880000,6.110000,4,-3.040973
661626.134238,1509920.113120,0.880000,6.110000,4,-3.180052
661626.134238,1509920.113120,0.880000,6.110000,4,-3.296879
661626.134238,1509920.113120,0.880000,6.110000,4,-3.395013
661626.134238,1509920.113120,0.880000,6.110000,4,-3.477446
661626.134238,1509920.113120,0.880000,6.110000,4,-3.546689
661626.134238,1509920.113120,0.880000,6.110000,4,-3.604854
661626.134238,1509920.113120,0.880000,6.110000,4,-3.653712
661626.134238,1509920.113120,0.880000,6.110000,4,-3.694753
661626.134238,1509920.113120,0.880000,6.110000,4,-3.729228
661626.134238,1509920.113120,0.880000,6.110000,4,-3.758186
661626.134238,1509920.113120,0.880000,6.110000,4,-3.782511
661626.134238,1509920.113120,0.880000,6.110000,4,-3.802944
661626.134238,1509920.113120,0.880000,6.110000,4,-3.820108
661626.134238,1509920.113120,0.880000,6.110000,4,-3.834526
661626.134238,1509920.113120,0.880000,6.110000,4,-3.846637
661626.873264,1509920.154547,0.890000,2.180000,4,-3.251827
661626.873264,1509920.154547,0.890000,2.180000,4,-2.752187
661626.873264,1509920.154547,0.890000,2.180000,4,-2.332490
661626.873264,1509920.154547,0.890000,2.180000,4,-1.979944
661626.873264,1509920.154547,0.890000,2.180000,4,-1.683806
661626.873264,1509920.154547,0.890000,2.180000,4,-1.435049
661626.873264,1509920.154547,0.890000,2.180000,4,-1.226094
661626.873264,1509920.154547,0.890000,2.180000,4,-1.050571
661626.873264,1509920.154547,0.890000,2.180000,4,-0.903132
661626.873264,1509920.154547,0.890000,2.180000,4,-0.779284
661626.873264,1509920.154547,0.890000,2.180000,4,-0.675251
661626.873264,1509920.154547,0.890000,2.180000,4,-0.587863
661626.873264,1509920.154547,0.890000,2.180000,4,-0.514458
661626.873264,1509920.154547,0.890000,2.180000,4,-0.452797
661626.873264,1509920.154547,0.890000,2.180000,4,-0.401002
661626.873264,1509920.154547,0.890000,2.180000,4,-0.357494
661626.873264,1509920.154547,0.890000,2.180000,4,-0.320948
661626.873264,1509920.154547,0.890000,2.180000,4,-0.290248
661626.873264,1509920.154547,0.890000,2.180000,4,-0.264461
661626.873264,1509920.154547,0.890000,2.180000,4,-0.242800
661627.611837,1509920.269725,0.900000,5.210000,4,-0.780830
661627.611837,1509920.269725,0.900000,5.210000,4,-1.232775
661627.611837,1509920.269725,0.900000,5.210000,4,-1.612409
661627.611837,1509920.269725,0.900000,5.210000,4,-1.931302
661627.611837,1509920.269725,0.900000,5.210000,4,-2.199172
661627.611837,1509920.269725,0.900000,5.210000,4,-2.424182
661627.611837,1509920.269725,0.900000,5.210000,4,-2.613191
661627.611837,1509920.269725,0.900000,5.210000,4,-2.771959
661627.611837,1509920.269725,0.900000,5.210000,4,-2.905324
661627.611837,1509920.269725,0.900000,5.210000,4,-3.017350
661627.611837,1509920.269725,0.900000,5.210000,4,-3.111452
661627.611837,1509920.269725,0.900000,5.210000,4,-3.190498
661627.611837,1509920.269725,0.900000,5.210000,4,-3.256896
661627.611837,1509920.269725,0.900000,5.210000,4,-3.312671
661627.611837,1509920.269725,0.900000,5.210000,4,-3.359522
661627.611837,1509920.269725,0.900000,5.210000,4,-3.398876
661627.611837,1509920.269725,0.900000,5.210000,4,-3.431934
661627.611837,1509920.269725,0.900000,5.210000,4,-3.459703
661627.611837,1509920.269725,0.900000,5.210000,4,-3.483029
661627.611837,1509920.269725,0.900000,5.210000,4,-3.502622
661628.368894,1509920.311264,0.920000,3.800000,4,-3.332999
661628.368894,1509920.311264,0.920000,3.800000,4,-3.190516
661628.368894,1509920.311264,0.920000,3.800000,4,-3.070831
661628.368894,1509920.311264,0.920000,3.800000,4,-2.970295
661628.368894,1509920.311264,0.920000,3.800000,4,-2.885844
661628.368894,1509920.311264,0.920000,3.800000,4,-2.814906
661628.368894,1509920.311264,0.920000,3.800000,4,-2.755318
661628.368894,1509920.311264,0.920000,3.800000,4,-2.705264
661628.368894,1509920.311264,0.920000,3.800000,4,-2.663219
661628.368894,1509920.311264,0.920000,3.800000,4,-2.627901
661628.368894,1509920.311264,0.920000,3.800000,4,-2.598233
661628.368894,1509920.311264,0.920000,3.800000,4,-2.573313
661628.368894,1509920.311264,0.920000,3.800000,4,-2.552380
661628.368894,1509920.311264,0.920000,3.800000,4,-2.534796
661628.368894,1509920.311264,0.920000,3.800000,4,-2.520025
661628.368894,1509920.311264,0.920000,3.800000,4,-2.507618
661628.368894,1509920.311264,0.920000,3.800000,4,-2.497196
661628.368894,1509920.311264,0.920000,3.800000,4,-2.488442
661628.368894,1509920.311264,0.920000,3.800000,4,-2.481088
661628.368894,1509920.311264,0.920000,3.800000,4,-2.474911
661629.125838,1509920.371240,0.910000,3.820000,4,-2.681462
661629.125838,1509920.371240,0.910000,3.820000,4,-2.854965
661629.125838,1509920.371240,0.910000,3.820000,4,-3.000707
661629.125838,1509920.371240,0.910000,3.820000,4,-3.123131
661629.125838,1509920.371240,0.910000,3.820000,4,-3.225967
661629.125838,1509920.371240,0.910000,3.820000,4,-3.312349
661629.125838,1509920.371240,0.910000,3.820000,4,-3.384910
661629.125838,1509920.371240,0.910000,3.820000,4,-3.445861
661629.125838,1509920.371240,0.910000,3.820000,4,-3.497060
661629.125838,1509920.371240,0.910000,3.820000,4,-3.540067
661629.125838,1509920.371240,0.910000,3.820000,4,-3.576193
661629.125838,1509920.371240,0.910000,3.820000,4,-3.606539
661629.125838,1509920.371240,0.910000,3.820000,4,-3.632030
661629.125838,1509920.371240,0.910000,3.820000,4,-3.653442
661629.125838,1509920.371240,0.910000,3.820000,4,-3.671428
661629.125838,1509920.371240,0.910000,3.820000,4,-3.686536
661629.125838,1509920.371240,0.910000,3.820000,4,-3.699227
661629.125838,1509920.371240,0.910000,3.820000,4,-3.709888
661629.125838,1509920.371240,0.910000,3.820000,4,-3.718843
661629.125838,1509920.371240,0.910000,3.820000,4,-3.726365
661629.882668,1509920.449653,0.900000,2.010000,4,-3.560928
661629.882668,1509920.449653,0.900000,2.010000,4,-3.421961
661629.882668,1509920.449653,0.900000,2.010000,4,-3.305229
661629.882668,1509920.449653,0.900000,2.010000,4,-3.207174
661629.882668,1509920.449653,0.900000,2.010000,4,-3.124808
661629.882668,1509920.449653,0.900000,2.010000,4,-3.055620
661629.882668,1509920.449653,0.900000,2.010000,4,-2.997503
661629.882668,1509920.449653,0.900000,2.010000,4,-2.948684
661629.882668,1509920.449653,0.900000,2.010000,4,-2.907676
661629.882668,1509920.449653,0.900000,2.010000,4,-2.873230
661629.882668,1509920.449653,0.900000,2.010000,4,-2.844294
661629.882668,1509920.449653,0.900000,2.010000,4,-2.819989
661629.882668,1509920.449653,0.900000,2.010000,4,-2.799572
661629.882668,1509920.449653,0.900000,2.010000,4,-2.782422
661629.882668,1509920.449653,0.900000,2.010000,4,-2.768017
661629.882668,1509920.449653,0.900000,2.010000,4,-2.755916
661629.882668,1509920.449653,0.900000,2.010000,4,-2.745751
661629.882668,1509920.449653,0.900000,2.010000,4,-2.737212
661629.882668,1509920.449653,0.900000,2.010000,4,-2.730040
661629.882668,1509920.449653,0.900000,2.010000,4,-2.724015
661630.639498,1509920.528067,0.940000,5.350000,4,-3.242104
661630.639498,1509920.528067,0.940000,5.350000,4,-3.677298
661630.639498,1509920.528067,0.940000,5.350000,4,-4.042861
661630.639498,1509920.528067,0.940000,5.350000,4,-4.349935
661630.639498,1509920.528067,0.940000,5.350000,4,-4.607876
661630.639498,1509920.528067,0.940000,5.350000,4,-4.824547
661630.639498,1509920.528067,0.940000,5.350000,4,-5.006550
661630.639498,1509920.528067,0.940000,5.350000,4,-5.159433
661630.639498,1509920.528067,0.940000,5.350000,4,-5.287855
661630.639498,1509920.528067,0.940000,5.350000,4,-5.395729
661630.639498,1509920.528067,0.940000,5.350000,4,-5.486344
661630.639498,1509920.528067,0.940000,5.350000,4,-5.562460
661630.639498,1509920.528067,0.940000,5.350000,4,-5.626397
661630.639498,1509920.528067,0.940000,5.350000,4,-5.680105
661630.639498,1509920.528067,0.940000,5.350000,4,-5.725219
661630.639498,1509920.528067,0.940000,5.350000,4,-5.763115
661630.639498,1509920.528067,0.940000,5.350000,4,-5.794948
661630.639498,1509920.528067,0.940000,5.350000,4,-5.821687
661630.639498,1509920.528067,0.940000,5.350000,4,-5.844148
661630.639498,1509920.528067,0.940000,5.350000,4,-5.863015
661631.414586,1509920.569717,0.920000,2.540000,4,-5.515720
661631.414586,1509920.569717,0.920000,2.540000,4,-5.223993
661631.414586,1509920.569717,0.920000,2.540000,4,-4.978941
661631.414586,1509920.569717,0.920000,2.540000,4,-4.773098
661631.414586,1509920.569717,0.920000,2.540000,4,-4.600190
661631.414586,1509920.569717,0.920000,2.540000,4,-4.454947
661631.414586,1509920.569717,0.920000,2.540000,4,-4.332943
661631.414586,1509920.569717,0.920000,2.540000,4,-4.230459
661631.414586,1509920.569717,0.920000,2.540000,4,-4.144373
661631.414586,1509920.569717,0.920000,2.540000,4,-4.072061
661631.414586,1509920.569717,0.920000,2.540000,4,-4.011319
661631.414586,1509920.569717,0.920000,2.540000,4,-3.960295
661631.414586,1509920.569717,0.920000,2.540000,4,-3.917435
661631.414586,1509920.569717,0.920000,2.540000,4,-3.881433
661631.414586,1509920.569717,0.920000,2.540000,4,-3.851191
661631.414586,1509920.569717,0.920000,2.540000,4,-3.825788
661631.414586,1509920.569717,0.920000,2.540000,4,-3.804449
661631.414586,1509920.569717,0.920000,2.540000,4,-3.786525
661631.414586,1509920.569717,0.920000,2.540000,4,-3.771468
661631.414586,1509920.569717,0.920000,2.540000,4,-3.758821
661632.350827,1509920.641399,0.940000,3.320000,5,-3.927228
661632.350827,1509920.641399,0.940000,3.320000,5,-4.068690
661632.350827,1509920.641399,0.940000,3.320000,5,-4.187518
661632.350827,1509920.641399,0.940000,3.320000,5,-4.287334
661632.350827,1509920.641399,0.940000,3.320000,5,-4.371179
661632.350827,1509920.641399,0.940000,3.320000,5,-4.441608
661632.350827,1509920.641399,0.940000,3.320000,5,-4.500770
661632.350827,1509920.641399,0.940000,3.320000,5,-4.550465
661632.350827,1509920.641399,0.940000,3.320000,5,-4.592209
661632.350827,1509920.641399,0.940000,3.320000,5,-4.627274
661632.350827,1509920.641399,0.940000,3.320000,5,-4.656729
661632.350827,1509920.641399,0.940000,3.320000,5,-4.681470
661632.350827,1509920.641399,0.940000,3.320000,5,-4.702254
661632.350827,1509920.641399,0.940000,3.320000,5,-4.719711
661632.350827,1509920.641399,0.940000,3.320000,5,-4.734376
661632.350827,1509920.641399,0.940000,3.320000,5,-4.746694
661632.350827,1509920.641399,0.940000,3.320000,5,-4.757042
661632.350827,1509920.641399,0.940000,3.320000,5,-4.765733
661632.350827,1509920.641399,0.940000,3.320000,5,-4.773035
661632.350827,1509920.641399,0.940000,3.320000,5,-4.779167
661633.089498,1509920.688669,0.740000,2.600000,5,-5.034963
661633.089498,1509920.688669,0.740000,2.600000,5,-5.249832
661633.089498,1509920.688669,0.740000,2.600000,5,-5.430321
661633.089498,1509920.688669,0.740000,2.600000,5,-5.581932
661633.089498,1509920.688669,0.740000,2.600000,5,-5.709285
661633.089498,1509920.688669,0.740000,2.600000,5,-5.816262
661633.089498,1509920.688669,0.740000,2.600000,5,-5.906123
661633.089498,1509920.688669,0.740000,2.600000,5,-5.981606
661633.089498,1509920.688669,0.740000,2.600000,5,-6.045011
661633.089498,1509920.688669,0.740000,2.600000,5,-6.098272
661633.089498,1509920.688669,0.740000,2.600000,5,-6.143011
661633.089498,1509920.688669,0.740000,2.600000,5,-6.180592
661633.089498,1509920.688669,0.740000,2.600000,5,-6.212159
661633.089498,1509920.688669,0.740000,2.600000,5,-6.238676
661633.089498,1509920.688669,0.740000,2.600000,5,-6.260951
661633.089498,1509920.688669,0.740000,2.600000,5,-6.279661
661633.089498,1509920.688669,0.740000,2.600000,5,-6.295378
661633.089498,1509920.688669,0.740000,2.600000,5,-6.308580
661633.089498,1509920.688669,0.740000,2.600000,5,-6.319670
661633.089498,1509920.688669,0.740000,2.600000,5,-6.328985
661633.812051,1509920.858706,0.740000,11.830000,5,-6.879484
661633.812051,1509920.858706,0.740000,11.830000,5,-7.430308
661633.812051,1509920.858706,0.740000,11.830000,5,-7.980441
661633.812051,1509920.858706,0.740000,11.830000,5,-8.530524
661633.812051,1509920.858706,0.740000,11.830000,5,-9.080524
661633.812051,1509920.858706,0.740000,11.830000,5,-9.630616
661633.812051,1509920.858706,0.740000,11.830000,5,-10.180616
661633.812051,1509920.858706,0.740000,11.830000,5,-10.731023
661633.812051,1509920.858706,0.740000,11.830000,5,-11.281023
661633.812051,1509920.858706,0.740000,11.830000,5,-11.831523
661633.812051,1509920.858706,0.740000,11.830000,5,-12.332883
661633.812051,1509920.858706,0.740000,11.830000,5,-12.754026
661633.812051,1509920.858706,0.740000,11.830000,5,-13.107787
661633.812051,1509920.858706,0.740000,11.830000,5,-13.404945
661633.812051,1509920.858706,0.740000,11.830000,5,-13.654558
661633.812051,1509920.858706,0.740000,11.830000,5,-13.864233
661633.812051,1509920.858706,0.740000,11.830000,5,-14.040360
661633.812051,1509920.858706,0.740000,11.830000,5,-14.188307
661633.812051,1509920.858706,0.740000,11.830000,5,-14.312582
661633.812051,1509920.858706,0.740000,11.830000,5,-14.416974
661634.533747,1509920.817822,0.730000,-6.430000,5,-13.856483
661634.533747,1509920.817822,0.730000,-6.430000,5,-13.306483
661634.533747,1509920.817822,0.730000,-6.430000,5,-12.756483
661634.533747,1509920.817822,0.730000,-6.430000,5,-12.205074
661634.533747,1509920.817822,0.730000,-6.430000,5,-11.655074
661634.533747,1509920.817822,0.730000,-6.430000,5,-11.104773
661634.533747,1509920.817822,0.730000,-6.430000,5,-10.554526
661634.533747,1509920.817822,0.730000,-6.430000,5,-10.004526
661634.533747,1509920.817822,0.730000,-6.430000,5,-9.454526
661634.533747,1509920.817822,0.730000,-6.430000,5,-8.904519
661634.533747,1509920.817822,0.730000,-6.430000,5,-8.354192
661634.533747,1509920.817822,0.730000,-6.430000,5,-7.804154
661634.533747,1509920.817822,0.730000,-6.430000,5,-7.254154
661634.533747,1509920.817822,0.730000,-6.430000,5,-6.703220
661634.533747,1509920.817822,0.730000,-6.430000,5,-6.153220
661634.533747,1509920.817822,0.730000,-6.430000,5,-5.601871
661634.533747,1509920.817822,0.730000,-6.430000,5,-5.051871
661634.533747,1509920.817822,0.730000,-6.430000,5,-4.501592
661634.533747,1509920.817822,0.730000,-6.430000,5,-3.947488
661634.533747,1509920.817822,0.730000,-6.430000,5,-3.396853
661635.285181,1509920.754034,0.750000,-5.620000,5,-2.846853
661635.285181,1509920.754034,0.750000,-5.620000,5,-2.303914
661635.285181,1509920.754034,0.750000,-5.620000,5,-1.847846
661635.285181,1509920.754034,0.750000,-5.620000,5,-1.464749
661635.285181,1509920.754034,0.750000,-5.620000,5,-1.142947
661635.285181,1509920.754034,0.750000,-5.620000,5,-0.872633
661635.285181,1509920.754034,0.750000,-5.620000,5,-0.645570
661635.285181,1509920.754034,0.750000,-5.620000,5,-0.454837
661635.285181,1509920.754034,0.750000,-5.620000,5,-0.294621
661635.285181,1509920.754034,0.750000,-5.620000,5,-0.160040
661635.285181,1509920.754034,0.750000,-5.620000,5,-0.046991
661635.285181,1509920.754034,0.750000,-5.620000,5,0.047969
661635.285181,1509920.754034,0.750000,-5.620000,5,0.127736
661635.285181,1509920.754034,0.750000,-5.620000,5,0.194740
661635.285181,1509920.754034,0.750000,-5.620000,5,0.251024
661635.285181,1509920.754034,0.750000,-5.620000,5,0.298302
661635.285181,1509920.754034,0.750000,-5.620000,5,0.338016
661635.285181,1509920.754034,0.750000,-5.620000,5,0.371375
661635.285181,1509920.754034,0.750000,-5.620000,5,0.399397
661635.285181,1509920.754034,0.750000,-5.620000,5,0.422936
661636.033490,1509920.714491,0.750000,-2.930000,5,0.211914
661636.033490,1509920.714491,0.750000,-2.930000,5,0.034655
661636.033490,1509920.714491,0.750000,-2.930000,5,-0.114242
661636.033490,1509920.714491,0.750000,-2.930000,5,-0.239315
661636.033490,1509920.714491,0.750000,-2.930000,5,-0.344377
661636.033490,1509920.714491,0.750000,-2.930000,5,-0.432629
661636.033490,1509920.714491,0.750000,-2.930000,5,-0.506760
661636.033490,1509920.714491,0.750000,-2.930000,5,-0.569031
661636.033490,1509920.714491,0.750000,-2.930000,5,-0.621338
661636.033490,1509920.714491,0.750000,-2.930000,5,-0.665276
661636.033490,1509920.714491,0.750000,-2.930000,5,-0.702184
661636.033490,1509920.714491,0.750000,-2.930000,5,-0.733187
661636.033490,1509920.714491,0.750000,-2.930000,5,-0.759229
661636.033490,1509920.714491,0.750000,-2.930000,5,-0.781104
661636.033490,1509920.714491,0.750000,-2.930000,5,-0.799480
661636.033490,1509920.714491,0.750000,-2.930000,5,-0.814915
661636.033490,1509920.714491,0.750000,-2.930000,5,-0.827881
661636.033490,1509920.714491,0.750000,-2.930000,5,-0.838772
661636.033490,1509920.714491,0.750000,-2.930000,5,-0.847921
661636.033490,1509920.714491,0.750000,-2.930000,5,-0.855606
661636.756613,1509920.571425,0.740000,-11.380000,5,-0.305351
661636.756613,1509920.571425,0.740000,-11.380000,5,0.244850
661636.756613,1509920.571425,0.740000,-11.380000,5,0.794850
661636.756613,1509920.571425,0.740000,-11.380000,5,1.344850
661636.756613,1509920.571425,0.740000,-11.380000,5,1.894850
661636.756613,1509920.571425,0.740000,-11.380000,5,2.444943
661636.756613,1509920.571425,0.740000,-11.380000,5,2.995588
661636.756613,1509920.571425,0.740000,-11.380000,5,3.545588
661636.756613,1509920.571425,0.740000,-11.380000,5,4.096153
661636.756613,1509920.571425,0.740000,-11.380000,5,4.646153
661636.756613,1509920.571425,0.740000,-11.380000,5,5.196190
661636.756613,1509920.571425,0.740000,-11.380000,5,5.716262
661636.756613,1509920.571425,0.740000,-11.380000,5,6.153122
661636.756613,1509920.571425,0.740000,-11.380000,5,6.520085
661636.756613,1509920.571425,0.740000,-11.380000,5,6.828334
661636.756613,1509920.571425,0.740000,-11.380000,5,7.087263
661636.756613,1509920.571425,0.740000,-11.380000,5,7.304764
661636.756613,1509920.571425,0.740000,-11.380000,5,7.487464
661636.756613,1509920.571425,0.740000,-11.380000,5,7.640933
661636.756613,1509920.571425,0.740000,-11.380000,5,7.769846
661637.507419,1509920.524572,0.750000,-1.810000,5,7.219838
661637.507419,1509920.524572,0.750000,-1.810000,5,6.648193
661637.507419,1509920.524572,0.750000,-1.810000,5,6.098193
661637.507419,1509920.524572,0.750000,-1.810000,5,5.548193
661637.507419,1509920.524572,0.750000,-1.810000,5,4.998193
661637.507419,1509920.524572,0.750000,-1.810000,5,4.447766
661637.507419,1509920.524572,0.750000,-1.810000,5,3.897766
661637.507419,1509920.524572,0.750000,-1.810000,5,3.433768
661637.507419,1509920.524572,0.750000,-1.810000,5,3.044009
661637.507419,1509920.524572,0.750000,-1.810000,5,2.716612
661637.507419,1509920.524572,0.750000,-1.810000,5,2.441598
661637.507419,1509920.524572,0.750000,-1.810000,5,2.210587
661637.507419,1509920.524572,0.750000,-1.810000,5,2.016538
661637.507419,1509920.524572,0.750000,-1.810000,5,1.853536
661637.507419,1509920.524572,0.750000,-1.810000,5,1.716615
661637.507419,1509920.524572,0.750000,-1.810000,5,1.601601
661637.507419,1509920.524572,0.750000,-1.810000,5,1.504989
661637.507419,1509920.524572,0.750000,-1.810000,5,1.423835
661637.507419,1509920.524572,0.750000,-1.810000,5,1.355666
661637.507419,1509920.524572,0.750000,-1.810000,5,1.298404
661638.249757,1509920.524719,0.740000,0.300000,5,0.942144
661638.249757,1509920.524719,0.740000,0.300000,5,0.642885
661638.249757,1509920.524719,0.740000,0.300000,5,0.391508
661638.249757,1509920.524719,0.740000,0.300000,5,0.180351
661638.249757,1509920.524719,0.740000,0.300000,5,0.002980
661638.249757,1509920.524719,0.740000,0.300000,5,-0.146013
661638.249757,1509920.524719,0.740000,0.300000,5,-0.271166
661638.249757,1509920.524719,0.740000,0.300000,5,-0.376295
661638.249757,1509920.524719,0.740000,0.300000,5,-0.464603
661638.249757,1509920.524719,0.740000,0.300000,5,-0.538782
661638.249757,1509920.524719,0.740000,0.300000,5,-0.601093
661638.249757,1509920.524719,0.740000,0.300000,5,-0.653433
661638.249757,1509920.524719,0.740000,0.300000,5,-0.697399
661638.249757,1509920.524719,0.740000,0.300000,5,-0.734331
661638.249757,1509920.524719,0.740000,0.300000,5,-0.765354
661638.249757,1509920.524719,0.740000,0.300000,5,-0.791412
661638.249757,1509920.524719,0.740000,0.300000,5,-0.813302
661638.249757,1509920.524719,0.740000,0.300000,5,-0.831689
661638.249757,1509920.524719,0.740000,0.300000,5,-0.847134
661638.249757,1509920.524719,0.740000,0.300000,5,-0.860108
661638.990091,1509920.549289,0.740000,1.710000,5,-1.090833
661638.990091,1509920.549289,0.740000,1.710000,5,-1.284641
661638.990091,1509920.549289,0.740000,1.710000,5,-1.447440
661638.990091,1509920.549289,0.740000,1.710000,5,-1.584191
661638.990091,1509920.549289,0.740000,1.710000,5,-1.699062
661638.990091,1509920.549289,0.740000,1.710000,5,-1.795554
661638.990091,1509920.549289,0.740000,1.710000,5,-1.876607
661638.990091,1509920.549289,0.740000,1.710000,5,-1.944691
661638.990091,1509920.549289,0.740000,1.710000,5,-2.001882
661638.990091,1509920.549289,0.740000,1.710000,5,-2.049923
661638.990091,1509920.549289,0.740000,1.710000,5,-2.090277
661638.990091,1509920.549289,0.740000,1.710000,5,-2.124174
661638.990091,1509920.549289,0.740000,1.710000,5,-2.152648
661638.990091,1509920.549289,0.740000,1.710000,5,-2.176566
661638.990091,1509920.549289,0.740000,1.710000,5,-2.196657
661638.990091,1509920.549289,0.740000,1.710000,5,-2.213533
661638.990091,1509920.549289,0.740000,1.710000,5,-2.227709
661638.990091,1509920.549289,0.740000,1.710000,5,-2.239618
661638.990091,1509920.549289,0.740000,1.710000,5,-2.249620
661638.990091,1509920.549289,0.740000,1.710000,5,-2.258023
661639.707890,1509920.420438,0.730000,-10.670000,5,-1.707386
661639.707890,1509920.420438,0.730000,-10.670000,5,-1.157386
661639.707890,1509920.420438,0.730000,-10.670000,5,-0.607046
661639.707890,1509920.420438,0.730000,-10.670000,5,-0.057046
661639.707890,1509920.420438,0.730000,-10.670000,5,0.493027
661639.707890,1509920.420438,0.730000,-10.670000,5,1.043240
661639.707890,1509920.420438,0.730000,-10.670000,5,1.594151
661639.707890,1509920.420438,0.730000,-10.670000,5,2.145197
661639.707890,1509920.420438,0.730000,-10.670000,5,2.695197
661639.707890,1509920.420438,0.730000,-10.670000,5,3.245669
661639.707890,1509920.420438,0.730000,-10.670000,5,3.795669
661639.707890,1509920.420438,0.730000,-10.670000,5,4.346471
661639.707890,1509920.420438,0.730000,-10.670000,5,4.896471
661639.707890,1509920.420438,0.730000,-10.670000,5,5.447163
661639.707890,1509920.420438,0.730000,-10.670000,5,5.997230
661639.707890,1509920.420438,0.730000,-10.670000,5,6.547402
661639.707890,1509920.420438,0.730000,-10.670000,5,7.086982
661639.707890,1509920.420438,0.730000,-10.670000,5,7.540229
661639.707890,1509920.420438,0.730000,-10.670000,5,7.920956
661639.707890,1509920.420438,0.730000,-10.670000,5,8.240767
661640.448679,1509920.413837,0.740000,1.330000,5,7.690702
661640.448679,1509920.413837,0.740000,1.330000,5,7.140606
661640.448679,1509920.413837,0.740000,1.330000,5,6.590606
661640.448679,1509920.413837,0.740000,1.330000,5,6.040539
661640.448679,1509920.413837,0.740000,1.330000,5,5.490539
661640.448679,1509920.413837,0.740000,1.330000,5,4.940288
661640.448679,1509920.413837,0.740000,1.330000,5,4.390288
661640.448679,1509920.413837,0.740000,1.330000,5,3.838903
661640.448679,1509920.413837,0.740000,1.330000,5,3.288903
661640.448679,1509920.413837,0.740000,1.330000,5,2.820551
661640.448679,1509920.413837,0.740000,1.330000,5,2.427135
661640.448679,1509920.413837,0.740000,1.330000,5,2.096666
661640.448679,1509920.413837,0.740000,1.330000,5,1.819072
661640.448679,1509920.413837,0.740000,1.330000,5,1.585893
661640.448679,1509920.413837,0.740000,1.330000,5,1.390023
661640.448679,1509920.413837,0.740000,1.330000,5,1.225492
661640.448679,1509920.413837,0.740000,1.330000,5,1.087286
661640.448679,1509920.413837,0.740000,1.330000,5,0.971192
661640.448679,1509920.413837,0.740000,1.330000,5,0.873674
661640.448679,1509920.413837,0.740000,1.330000,5,0.791759
661641.182050,1509920.463650,0.740000,4.060000,5,0.235908
661641.182050,1509920.463650,0.740000,4.060000,5,-0.285510
661641.182050,1509920.463650,0.740000,4.060000,5,-0.723502
661641.182050,1509920.463650,0.740000,4.060000,5,-1.091415
661641.182050,1509920.463650,0.740000,4.060000,5,-1.400462
661641.182050,1509920.463650,0.740000,4.060000,5,-1.660061
661641.182050,1509920.463650,0.740000,4.060000,5,-1.878125
661641.182050,1509920.463650,0.740000,4.060000,5,-2.061298
661641.182050,1509920.463650,0.740000,4.060000,5,-2.215164
661641.182050,1509920.463650,0.740000,4.060000,5,-2.344411
661641.182050,1509920.463650,0.740000,4.060000,5,-2.452979
661641.182050,1509920.463650,0.740000,4.060000,5,-2.544175
661641.182050,1509920.463650,0.740000,4.060000,5,-2.620781
661641.182050,1509920.463650,0.740000,4.060000,5,-2.685129
661641.182050,1509920.463650,0.740000,4.060000,5,-2.739182
661641.182050,1509920.463650,0.740000,4.060000,5,-2.784586
661641.182050,1509920.463650,0.740000,4.060000,5,-2.822726
661641.182050,1509920.463650,0.740000,4.060000,5,-2.854763
661641.182050,1509920.463650,0.740000,4.060000,5,-2.881674
661641.182050,1509920.463650,0.740000,4.060000,5,-2.904280
661641.879437,1509920.661528,0.720000,15.210000,5,-3.470628
661641.879437,1509920.661528,0.720000,15.210000,5,-4.020628
661641.879437,1509920.661528,0.720000,15.210000,5,-4.597672
661641.879437,1509920.661528,0.720000,15.210000,5,-5.147672
661641.879437,1509920.661528,0.720000,15.210000,5,-5.701096
661641.879437,1509920.661528,0.720000,15.210000,5,-6.251096
661641.879437,1509920.661528,0.720000,15.210000,5,-6.801096
661641.879437,1509920.661528,0.720000,15.210000,5,-7.351096
661641.879437,1509920.661528,0.720000,15.210000,5,-7.902520
661641.879437,1509920.661528,0.720000,15.210000,5,-8.452520
661641.879437,1509920.661528,0.720000,15.210000,5,-9.004692
661641.879437,1509920.661528,0.720000,15.210000,5,-9.554692
661641.879437,1509920.661528,0.720000,15.210000,5,-10.108027
661641.879437,1509920.661528,0.720000,15.210000,5,-10.658027
661641.879437,1509920.661528,0.720000,15.210000,5,-11.209608
661641.879437,1509920.661528,0.720000,15.210000,5,-11.754734
661641.879437,1509920.661528,0.720000,15.210000,5,-12.212641
661641.879437,1509920.661528,0.720000,15.210000,5,-12.597282
661641.879437,1509920.661528,0.720000,15.210000,5,-12.920381
661641.879437,1509920.661528,0.720000,15.210000,5,-13.191784
661642.611902,1509920.717422,0.740000,1.410000,5,-12.641784
661642.611902,1509920.717422,0.740000,1.410000,5,-12.091784
661642.611902,1509920.717422,0.740000,1.410000,5,-11.536706
661642.611902,1509920.717422,0.740000,1.410000,5,-10.986706
661642.611902,1509920.717422,0.740000,1.410000,5,-10.435229
661642.611902,1509920.717422,0.740000,1.410000,5,-9.885229
661642.611902,1509920.717422,0.740000,1.410000,5,-9.333037
661642.611902,1509920.717422,0.740000,1.410000,5,-8.783037
661642.611902,1509920.717422,0.740000,1.410000,5,-8.233037
661642.611902,1509920.717422,0.740000,1.410000,5,-7.681590
661642.611902,1509920.717422,0.740000,1.410000,5,-7.131590
661642.611902,1509920.717422,0.740000,1.410000,5,-6.581071
661642.611902,1509920.717422,0.740000,1.410000,5,-6.033217
661642.611902,1509920.717422,0.740000,1.410000,5,-5.573019
661642.611902,1509920.717422,0.740000,1.410000,5,-5.186452
661642.611902,1509920.717422,0.740000,1.410000,5,-4.861737
661642.611902,1509920.717422,0.740000,1.410000,5,-4.588975
661642.611902,1509920.717422,0.740000,1.410000,5,-4.359856
661642.611902,1509920.717422,0.740000,1.410000,5,-4.167396
661642.611902,1509920.717422,0.740000,1.410000,5,-4.005729
661642.611902,1509920.717422,0.740000,1.410000,5,-3.869929
661642.611902,1509920.717422,0.740000,1.410000,5,-3.755857
661642.611902,1509920.717422,0.740000,1.410000,5,-3.660036
661642.611902,1509920.717422,0.740000,1.410000,5,-3.579547
661642.611902,1509920.717422,0.740000,1.410000,5,-3.511936
661642.611902,1509920.717422,0.740000,1.410000,5,-3.455143
661642.611902,1509920.717422,0.740000,1.410000,5,-3.407437
661642.611902,1509920.717422,0.740000,1.410000,5,-3.367364
661642.611902,1509920.717422,0.740000,1.410000,5,-3.333702
661642.611902,1509920.717422,0.740000,1.410000,5,-3.305426
661642.611902,1509920.717422,0.740000,1.410000,5,-3.281675
661642.611902,1509920.717422,0.740000,1.410000,5,-3.261723
661642.611902,1509920.717422,0.740000,1.410000,5,-3.244964
661642.611902,1509920.717422,0.740000,1.410000,5,-3.230887
661642.611902,1509920.717422,0.740000,1.410000,5,-3.219061
661642.611902,1509920.717422,0.740000,1.410000,5,-3.209128
661642.611902,1509920.717422,0.740000,1.410000,5,-3.200784
661642.611902,1509920.717422,0.740000,1.410000,5,-3.193775
661642.611902,1509920.717422,0.740000,1.410000,5,-3.187888
661642.611902,1509920.717422,0.740000,1.410000,5,-3.182942
661644.077231,1509920.702791,0.730000,-1.970000,5,-2.720798
661644.077231,1509920.702791,0.730000,-1.970000,5,-2.332597
661644.077231,1509920.702791,0.730000,-1.970000,5,-2.006508
661644.077231,1509920.702791,0.730000,-1.970000,5,-1.732593
661644.077231,1509920.702791,0.730000,-1.970000,5,-1.502505
661644.077231,1509920.702791,0.730000,-1.970000,5,-1.309231
661644.077231,1509920.702791,0.730000,-1.970000,5,-1.146880
661644.077231,1509920.702791,0.730000,-1.970000,5,-1.010506
661644.077231,1509920.702791,0.730000,-1.970000,5,-0.895952
661644.077231,1509920.702791,0.730000,-1.970000,5,-0.799726
661644.077231,1509920.702791,0.730000,-1.970000,5,-0.718896
661644.077231,1509920.702791,0.730000,-1.970000,5,-0.650999
661644.077231,1509920.702791,0.730000,-1.970000,5,-0.593966
661644.077231,1509920.702791,0.730000,-1.970000,5,-0.546058
661644.077231,1509920.702791,0.730000,-1.970000,5,-0.505815
661644.077231,1509920.702791,0.730000,-1.970000,5,-0.472011
661644.077231,1509920.702791,0.730000,-1.970000,5,-0.443616
661644.077231,1509920.702791,0.730000,-1.970000,5,-0.419764
661644.077231,1509920.702791,0.730000,-1.970000,5,-0.399728
661644.077231,1509920.702791,0.730000,-1.970000,5,-0.382898
661644.805714,1509920.697114,0.730000,-0.530000,5,-0.506735
661644.805714,1509920.697114,0.730000,-0.530000,5,-0.610757
661644.805714,1509920.697114,0.730000,-0.530000,5,-0.698136
661644.805714,1509920.697114,0.730000,-0.530000,5,-0.771535
661644.805714,1509920.697114,0.730000,-0.530000,5,-0.833189
661644.805714,1509920.697114,0.730000,-0.530000,5,-0.884979
661644.805714,1509920.697114,0.730000,-0.530000,5,-0.928483
661644.805714,1509920.697114,0.730000,-0.530000,5,-0.965026
661644.805714,1509920.697114,0.730000,-0.530000,5,-0.995722
661644.805714,1509920.697114,0.730000,-0.530000,5,-1.021507
661644.805714,1509920.697114,0.730000,-0.530000,5,-1.043166
661644.805714,1509920.697114,0.730000,-0.530000,5,-1.061359
661644.805714,1509920.697114,0.730000,-0.530000,5,-1.076642
661644.805714,1509920.697114,0.730000,-0.530000,5,-1.089480
661644.805714,1509920.697114,0.730000,-0.530000,5,-1.100263
661644.805714,1509920.697114,0.730000,-0.530000,5,-1.109321
661644.805714,1509920.697114,0.730000,-0.530000,5,-1.116930
661644.805714,1509920.697114,0.730000,-0.530000,5,-1.123321
661644.805714,1509920.697114,0.730000,-0.530000,5,-1.128690
661644.805714,1509920.697114,0.730000,-0.530000,5,-1.133200
661645.534090,1509920.778025,0.730000,6.090000,5,-1.684897
661645.534090,1509920.778025,0.730000,6.090000,5,-2.234897
661645.534090,1509920.778025,0.730000,6.090000,5,-2.786707
661645.534090,1509920.778025,0.730000,6.090000,5,-3.358676
661645.534090,1509920.778025,0.730000,6.090000,5,-3.908676
661645.534090,1509920.778025,0.730000,6.090000,5,-4.458676
661645.534090,1509920.778025,0.730000,6.090000,5,-5.008676
661645.534090,1509920.778025,0.730000,6.090000,5,-5.558676
661645.534090,1509920.778025,0.730000,6.090000,5,-6.108932
661645.534090,1509920.778025,0.730000,6.090000,5,-6.658932
661645.534090,1509920.778025,0.730000,6.090000,5,-7.208932
661645.534090,1509920.778025,0.730000,6.090000,5,-7.714174
661645.534090,1509920.778025,0.730000,6.090000,5,-8.138577
661645.534090,1509920.778025,0.730000,6.090000,5,-8.495075
661645.534090,1509920.778025,0.730000,6.090000,5,-8.794534
661645.534090,1509920.778025,0.730000,6.090000,5,-9.046080
661645.534090,1509920.778025,0.730000,6.090000,5,-9.257378
661645.534090,1509920.778025,0.730000,6.090000,5,-9.434868
661645.534090,1509920.778025,0.730000,6.090000,5,-9.583960
661645.534090,1509920.778025,0.730000,6.090000,5,-9.709197
661646.213124,1509920.946236,0.700000,11.860000,5,-10.259547
661646.213124,1509920.946236,0.700000,11.860000,5,-10.809547
661646.213124,1509920.946236,0.700000,11.860000,5,-11.360133
661646.213124,1509920.946236,0.700000,11.860000,5,-11.910133
661646.213124,1509920.946236,0.700000,11.860000,5,-12.460994
661646.213124,1509920.946236,0.700000,11.860000,5,-13.010994
661646.213124,1509920.946236,0.700000,11.860000,5,-13.566579
661646.213124,1509920.946236,0.700000,11.860000,5,-14.034498
661646.213124,1509920.946236,0.700000,11.860000,5,-14.427549
661646.213124,1509920.946236,0.700000,11.860000,5,-14.757713
661646.213124,1509920.946236,0.700000,11.860000,5,-15.035050
661646.213124,1509920.946236,0.700000,11.860000,5,-15.268013
661646.213124,1509920.946236,0.700000,11.860000,5,-15.463703
661646.213124,1509920.946236,0.700000,11.860000,5,-15.628082
661646.213124,1509920.946236,0.700000,11.860000,5,-15.766160
661646.213124,1509920.946236,0.700000,11.860000,5,-15.882146
661646.213124,1509920.946236,0.700000,11.860000,5,-15.979574
661646.213124,1509920.946236,0.700000,11.860000,5,-16.061413
661646.213124,1509920.946236,0.700000,11.860000,5,-16.130158
661646.213124,1509920.946236,0.700000,11.860000,5,-16.187904
661646.913281,1509921.113355,0.720000,9.840000,5,-16.006926
661646.913281,1509921.113355,0.720000,9.840000,5,-15.854904
661646.913281,1509921.113355,0.720000,9.840000,5,-15.727205
661646.913281,1509921.113355,0.720000,9.840000,5,-15.619938
661646.913281,1509921.113355,0.720000,9.840000,5,-15.529834
661646.913281,1509921.113355,0.720000,9.840000,5,-15.454147
661646.913281,1509921.113355,0.720000,9.840000,5,-15.390569
661646.913281,1509921.113355,0.720000,9.840000,5,-15.337164
661646.913281,1509921.113355,0.720000,9.840000,5,-15.292304
661646.913281,1509921.113355,0.720000,9.840000,5,-15.254622
661646.913281,1509921.113355,0.720000,9.840000,5,-15.222968
661646.913281,1509921.113355,0.720000,9.840000,5,-15.196379
661646.913281,1509921.113355,0.720000,9.840000,5,-15.174045
661646.913281,1509921.113355,0.720000,9.840000,5,-15.155284
661646.913281,1509921.113355,0.720000,9.840000,5,-15.139524
661646.913281,1509921.113355,0.720000,9.840000,5,-15.126287
661646.913281,1509921.113355,0.720000,9.840000,5,-15.115167
661646.913281,1509921.113355,0.720000,9.840000,5,-15.105826
661646.913281,1509921.113355,0.720000,9.840000,5,-15.097980
661646.913281,1509921.113355,0.720000,9.840000,5,-15.091389
661646.913281,1509921.113355,0.000000,9.840000,5,-15.085853
661646.913281,1509921.113355,0.000000,9.840000,5,-15.081203
661646.913281,1509921.113355,0.000000,9.840000,5,-15.077296
661646.913281,1509921.113355,0.000000,9.840000,5,-15.074015
661646.913281,1509921.113355,0.000000,9.840000,5,-15.071259
661646.913281,1509921.113355,0.000000,9.840000,5,-15.068943
661646.913281,1509921.113355,0.000000,9.840000,5,-15.066998
661646.913281,1509921.113355,0.000000,9.840000,5,-15.065365
661646.913281,1509921.113355,0.000000,9.840000,5,-15.063992
661646.913281,1509921.113355,0.000000,9.840000,5,-15.062840
661646.913281,1509921.113355,0.000000,9.840000,5,-15.061871
661646.913281,1509921.113355,0.000000,9.840000,5,-15.061058
661646.913281,1509921.113355,0.000000,9.840000,5,-15.060375
661646.913281,1509921.113355,0.000000,9.840000,5,-15.059801
661646.913281,1509921.113355,0.000000,9.840000,5,-15.059319
661646.913281,1509921.113355,0.000000,9.840000,5,-15.058914
661646.913281,1509921.113355,0.000000,9.840000,5,-15.058574
661646.913281,1509921.113355,0.000000,9.840000,5,-15.058288
661646.913281,1509921.113355,0.000000,9.840000,5,-15.058048
661646.913281,1509921.113355,0.000000,9.840000,5,-15.057846
661646.913281,1509921.113355,0.000000,9.840000,5,-15.057677
661646.913281,1509921.113355,0.000000,9.840000,5,-15.057535
661646.913281,1509921.113355,0.000000,9.840000,5,-15.057415
661646.913281,1509921.113355,0.000000,9.840000,5,-15.057315
661646.913281,1509921.113355,0.000000,9.840000,5,-15.057231
661646.913281,1509921.113355,0.000000,9.840000,5,-15.057160
661646.913281,1509921.113355,0.000000,9.840000,5,-15.057100
661646.913281,1509921.113355,0.000000,9.840000,5,-15.057050
661646.913281,1509921.113355,0.000000,9.840000,5,-15.057008
661646.913281,1509921.113355,0.000000,9.840000,5,-15.056973
661646.913281,1509921.113355,0.000000,9.840000,5,-15.056943
661646.913281,1509921.113355,0.000000,9.840000,5,-15.056919
661646.913281,1509921.113355,0.000000,9.840000,5,-15.056898
661646.913281,1509921.113355,0.000000,9.840000,5,-15.056880
661646.913281,1509921.113355,0.000000,9.840000,5,-15.056865
661646.913281,1509921.113355,0.000000,9.840000,5,-15.056853
661646.913281,1509921.113355,0.000000,9.840000,5,-15.056843
661646.913281,1509921.113355,0.000000,9.840000,5,-15.056834
661646.913281,1509921.113355,0.000000,9.840000,5,-15.056826
661646.913281,1509921.113355,0.000000,9.840000,5,-15.056820
661646.913281,1509921.113355,0.000000,9.840000,5,-15.056815
661646.913281,1509921.113355,0.000000,9.840000,5,-15.056811
661646.913281,1509921.113355,0.000000,9.840000,5,-15.056807
661646.913281,1509921.113355,0.000000,9.840000,5,-15.056804
661646.913281,1509921.113355,0.000000,9.840000,5,-15.056801
661646.913281,1509921.113355,0.000000,9.840000,5,-15.056799
661646.913281,1509921.113355,0.000000,9.840000,5,-15.056798
661646.913281,1509921.113355,0.000000,9.840000,5,-15.056796
661646.913281,1509921.113355,0.000000,9.840000,5,-15.056795
661646.913281,1509921.113355,0.000000,9.840000,5,-15.056794
661646.913281,1509921.113355,0.000000,9.840000,5,-15.056793
661646.913281,1509921.113355,0.000000,9.840000,5,-15.056792
661646.913281,1509921.113355,0.000000,9.840000,5,-15.056791
661646.913281,1509921.113355,0.000000,9.840000,5,-15.056791
661646.913281,1509921.113355,0.000000,9.840000,5,-15.056790
661646.913281,1509921.113355,0.000000,9.840000,5,-15.056790
661646.913281,1509921.113355,0.000000,9.840000,5,-15.056790
661646.913281,1509921.113355,0.000000,9.840000,5,-15.056789
661646.913281,1509921.113355,0.000000,9.840000,5,-15.056789
661646.913281,1509921.113355,0.000000,9.840000,5,-15.056789
661646.913281,1509921.113355,0.000000,9.840000,5,-15.056789
661646.913281,1509921.113355,0.000000,9.840000,5,-15.056789
661646.913281,1509921.113355,0.000000,9.840000,5,-15.056789
661646.913281,1509921.113355,0.000000,9.840000,5,-15.056788
661646.913281,1509921.113355,0.000000,9.840000,5,-15.056788
661646.913281,1509921.113355,0.000000,9.840000,5,-15.056788
661646.913281,1509921.113355,0.000000,9.840000,5,-15.056788
661646.913281,1509921.113355,0.000000,9.840000,5,-15.056788
661646.913281,1509921.113355,0.000000,9.840000,5,-15.056788
661646.913281,1509921.113355,0.000000,9.840000,5,-15.056788
661646.913281,1509921.113355,0.000000,9.840000,5,-15.056788
661646.913281,1509921.113355,0.000000,9.840000,5,-15.056788
661646.913281,1509921.113355,0.000000,9.840000,5,-15.056788
661646.913281,1509921.113355,0.000000,9.840000,5,-15.056788
661646.913281,1509921.113355,0.000000,9.840000,5,-15.056788
661646.913281,1509921.113355,0.000000,9.840000,5,-15.056788
661646.913281,1509921.113355,0.000000,9.840000,5,-15.056788
661646.913281,1509921.113355,0.000000,9.840000,5,-15.056788
661646.913281,1509921.113355,0.000000,9.840000,5,-15.056788
661646.913281,1509921.113355,0.000000,9.840000,5,-15.056788
661646.913281,1509921.113355,0.000000,9.840000,5,-15.056788
661646.913281,1509921.113355,0.000000,9.840000,5,-15.056788
661646.913281,1509921.113355,0.000000,9.840000,5,-15.056788
661646.913281,1509921.113355,0.000000,9.840000,5,-15.056788
661646.913281,1509921.113355,0.000000,9.840000,5,-15.056788
661646.913281,1509921.113355,0.000000,9.840000,5,-15.056788
661646.913281,1509921.113355,0.000000,9.840000,5,-15.056788
661646.913281,1509921.113355,0.000000,9.840000,5,-15.056788
661646.913281,1509921.113355,0.000000,9.840000,5,-15.056788
661646.913281,1509921.113355,0.000000,9.840000,5,-15.056788
661646.913281,1509921.113355,0.000000,9.840000,5,-15.056788
661646.913281,1509921.113355,0.000000,9.840000,5,-15.056788
661646.913281,1509921.113355,0.000000,9.840000,5,-15.056788
661646.913281,1509921.113355,0.000000,9.840000,5,-15.056788
661646.913281,1509921.113355,0.000000,9.840000,5,-15.056788
661646.913281,1509921.113355,0.000000,9.840000,5,-15.056788
661646.913281,1509921.113355,0.000000,9.840000,5,-15.056788
661646.913281,1509921.113355,0.000000,9.840000,5,-15.056788
661646.913281,1509921.113355,0.000000,9.840000,5,-15.056788
661646.913281,1509921.113355,0.000000,9.840000,5,-15.056788
661646.913281,1509921.113355,0.000000,9.840000,5,-15.056788
661646.913281,1509921.113355,0.000000,9.840000,5,-15.056788
661646.913281,1509921.113355,0.000000,9.840000,5,-15.056788
661646.913281,1509921.113355,0.000000,9.840000,5,-15.056788
661646.913281,1509921.113355,0.000000,9.840000,5,-15.056788
661646.913281,1509921.113355,0.000000,9.840000,5,-15.056788
661646.913281,1509921.113355,0.000000,9.840000,5,-15.056788
661646.913281,1509921.113355,0.000000,9.840000,5,-15.056788
661646.913281,1509921.113355,0.000000,9.840000,5,-15.056788
661646.913281,1509921.113355,0.000000,9.840000,5,-15.056788
661646.913281,1509921.113355,0.000000,9.840000,5,-15.056788
661646.913281,1509921.113355,0.000000,9.840000,5,-15.056788
661646.913281,1509921.113355,0.000000,9.840000,5,-15.056788
661646.913281,1509921.113355,0.000000,9.840000,5,-15.056788
661646.913281,1509921.113355,0.000000,9.840000,5,-15.056788
661646.913281,1509921.113355,0.000000,9.840000,5,-15.056788
661646.913281,1509921.113355,0.000000,9.840000,5,-15.056788
661646.913281,1509921.113355,0.000000,9.840000,5,-15.056788
661646.913281,1509921.113355,0.000000,9.840000,5,-15.056788
661646.913281,1509921.113355,0.000000,9.840000,5,-15.056788
661646.913281,1509921.113355,0.000000,9.840000,5,-15.056788
661646.913281,1509921.113355,0.000000,9.840000,5,-15.056788
661646.913281,1509921.113355,0.000000,9.840000,5,-15.056788
661646.913281,1509921.113355,0.000000,9.840000,5,-15.056788
661646.913281,1509921.113355,0.000000,9.840000,5,-15.056788
661646.913281,1509921.113355,0.000000,9.840000,5,-15.056788
661646.913281,1509921.113355,0.000000,9.840000,5,-15.056788
661646.913281,1509921.113355,0.000000,9.840000,5,-15.056788
661646.913281,1509921.113355,0.000000,9.840000,5,-15.056788
661646.913281,1509921.113355,0.000000,9.840000,5,-15.056788
661646.913281,1509921.113355,0.000000,9.840000,5,-15.056788
661646.913281,1509921.113355,0.000000,9.840000,5,-15.056788
661646.913281,1509921.113355,0.000000,9.840000,5,-15.056788
661646.913281,1509921.113355,0.000000,9.840000,5,-15.056788
661646.913281,1509921.113355,0.000000,9.840000,5,-15.056788
661646.913281,1509921.113355,0.000000,9.840000,5,-15.056788
661646.913281,1509921.113355,0.000000,9.840000,5,-15.056788
661646.913281,1509921.113355,0.000000,9.840000,5,-15.056788
661646.913281,1509921.113355,0.000000,9.840000,5,-15.056788
661646.913281,1509921.113355,0.000000,9.840000,5,-15.056788
661646.913281,1509921.113355,0.000000,9.840000,5,-15.056788
661646.913281,1509921.113355,0.000000,9.840000,5,-15.056788
661646.913281,1509921.113355,0.000000,9.840000,5,-15.056788
661646.913281,1509921.113355,0.000000,9.840000,5,-15.056788
661646.913281,1509921.113355,0.000000,9.840000,5,-15.056788
661646.913281,1509921.113355,0.000000,9.840000,5,-15.056788
661646.913281,1509921.113355,0.000000,9.840000,5,-15.056788
661646.913281,1509921.113355,0.000000,9.840000,5,-15.056788
661646.913281,1509921.113355,0.000000,9.840000,5,-15.056788
661646.913281,1509921.113355,0.000000,9.840000,5,-15.056788
661646.913281,1509921.113355,0.000000,9.840000,5,-15.056788
661646.913281,1509921.113355,0.000000,9.840000,5,-15.056788
661646.913281,1509921.113355,0.000000,9.840000,5,-15.056788
661646.913281,1509921.113355,0.000000,9.840000,5,-15.056788
661646.913281,1509921.113355,0.000000,9.840000,5,-15.056788
661646.913281,1509921.113355,0.000000,9.840000,5,-15.056788
661646.913281,1509921.113355,0.000000,9.840000,5,-15.056788
661646.913281,1509921.113355,0.000000,9.840000,5,-15.056788
661646.913281,1509921.113355,0.000000,9.840000,5,-15.056788
661646.913281,1509921.113355,0.000000,9.840000,5,-15.056788
661646.913281,1509921.113355,0.000000,9.840000,5,-15.056788
661646.913281,1509921.113355,0.000000,9.840000,5,-15.056788
661646.913281,1509921.113355,0.000000,9.840000,5,-15.056788
661646.913281,1509921.113355,0.000000,9.840000,5,-15.056788
661646.913281,1509921.113355,0.000000,9.840000,5,-15.056788
661646.913281,1509921.113355,0.000000,9.840000,5,-15.056788
661646.913281,1509921.113355,0.000000,9.840000,5,-15.056788
661646.913281,1509921.113355,0.000000,9.840000,5,-15.056788
661646.913281,1509921.113355,0.000000,9.840000,5,-15.056788
661646.913281,1509921.113355,0.000000,9.840000,5,-15.056788
661646.913281,1509921.113355,0.000000,9.840000,5,-15.056788
661646.913281,1509921.113355,0.000000,9.840000,5,-15.056788
661646.913281,1509921.113355,0.000000,9.840000,5,-15.056788
661646.913281,1509921.113355,0.000000,9.840000,5,-15.056788
661646.913281,1509921.113355,0.000000,9.840000,5,-15.056788
661646.913281,1509921.113355,0.000000,9.840000,5,-15.056788
661646.913281,1509921.113355,0.000000,9.840000,5,-15.056788
661646.913281,1509921.113355,0.000000,9.840000,5,-15.056788
661646.913281,1509921.113355,0.000000,9.840000,5,-15.056788
661646.913281,1509921.113355,0.000000,9.840000,5,-15.056788
661646.913281,1509921.113355,0.000000,9.840000,5,-15.056788
661646.913281,1509921.113355,0.000000,9.840000,5,-15.056788
661646.913281,1509921.113355,0.000000,9.840000,5,-15.056788
661646.913281,1509921.113355,0.000000,9.840000,5,-15.056788
661646.913281,1509921.113355,0.000000,9.840000,5,-15.056788
661646.913281,1509921.113355,0.000000,9.840000,5,-15.056788
661646.913281,1509921.113355,0.000000,9.840000,5,-15.056788
661646.913281,1509921.113355,0.000000,9.840000,5,-15.056788
661646.913281,1509921.113355,0.000000,9.840000,5,-15.056788
661646.913281,1509921.113355,0.000000,9.840000,5,-15.056788
661646.913281,1509921.113355,0.000000,9.840000,5,-15.056788
661646.913281,1509921.113355,0.000000,9.840000,5,-15.056788
661646.913281,1509921.113355,0.000000,9.840000,5,-15.056788
661646.913281,1509921.113355,0.000000,9.840000,5,-15.056788
661646.913281,1509921.113355,0.000000,9.840000,5,-15.056788
661646.913281,1509921.113355,0.000000,9.840000,5,-15.056788
661646.913281,1509921.113355,0.000000,9.840000,5,-15.056788
661646.913281,1509921.113355,0.000000,9.840000,5,-15.056788
661646.913281,1509921.113355,0.000000,9.840000,5,-15.056788
661646.913281,1509921.113355,0.000000,9.840000,5,-15.056788
661646.913281,1509921.113355,0.000000,9.840000,5,-15.056788
661646.913281,1509921.113355,0.000000,9.840000,5,-15.056788
661646.913281,1509921.113355,0.000000,9.840000,5,-15.056788
661646.913281,1509921.113355,0.000000,9.840000,5,-15.056788
661646.913281,1509921.113355,0.000000,9.840000,5,-15.056788
661646.913281,1509921.113355,0.000000,9.840000,5,-15.056788
661646.913281,1509921.113355,0.000000,9.840000,5,-15.056788
661646.913281,1509921.113355,0.000000,9.840000,5,-15.056788
661646.913281,1509921.113355,0.000000,9.840000,5,-15.056788
661646.913281,1509921.113355,0.000000,9.840000,5,-15.056788
661646.913281,1509921.113355,0.000000,9.840000,5,-15.056788
661646.913281,1509921.113355,0.000000,9.840000,5,-15.056788
661646.913281,1509921.113355,0.000000,9.840000,5,-15.056788
661646.913281,1509921.113355,0.000000,9.840000,5,-15.056788
661646.913281,1509921.113355,0.000000,9.840000,5,-15.056788
661646.913281,1509921.113355,0.000000,9.840000,5,-15.056788
661646.913281,1509921.113355,0.000000,9.840000,5,-15.056788
661646.913281,1509921.113355,0.000000,9.840000,5,-15.056788
661646.913281,1509921.113355,0.000000,9.840000,5,-15.056788
661646.913281,1509921.113355,0.000000,9.840000,5,-15.056788
661646.913281,1509921.113355,0.000000,9.840000,5,-15.056788
661646.913281,1509921.113355,0.000000,9.840000,5,-15.056788
661646.913281,1509921.113355,0.000000,9.840000,5,-15.056788
661646.913281,1509921.113355,0.000000,9.840000,5,-15.056788
661646.913281,1509921.113355,0.000000,9.840000,5,-15.056788
661646.913281,1509921.113355,0.000000,9.840000,5,-15.056788
661646.913281,1509921.113355,0.000000,9.840000,5,-15.056788
661646.913281,1509921.113355,0.000000,9.840000,5,-15.056788
661646.913281,1509921.113355,0.000000,9.840000,5,-15.056788
661646.913281,1509921.113355,0.000000,9.840000,5,-15.056788
661646.913281,1509921.113355,0.000000,9.840000,5,-15.056788
661646.913281,1509921.113355,0.000000,9.840000,5,-15.056788
661646.913281,1509921.113355,0.000000,9.840000,5,-15.056788
661646.913281,1509921.113355,0.000000,9.840000,5,-15.056788
661646.913281,1509921.113355,0.000000,9.840000,5,-15.056788
661646.913281,1509921.113355,0.000000,9.840000,5,-15.056788
661646.913281,1509921.113355,0.000000,9.840000,5,-15.056788
661646.913281,1509921.113355,0.000000,9.840000,5,-15.056788
661646.913281,1509921.113355,0.000000,9.840000,5,-15.056788
661646.913281,1509921.113355,0.000000,9.840000,5,-15.056788
661646.913281,1509921.113355,0.000000,9.840000,5,-15.056788
661646.913281,1509921.113355,0.000000,9.840000,5,-15.056788
661646.913281,1509921.113355,0.000000,9.840000,5,-15.056788
661646.913281,1509921.113355,0.000000,9.840000,5,-15.056788
661646.913281,1509921.113355,0.000000,9.840000,5,-15.056788
661646.913281,1509921.113355,0.000000,9.840000,5,-15.056788
661646.913281,1509921.113355,0.000000,9.840000,5,-15.056788
661646.913281,1509921.113355,0.000000,9.840000,5,-15.056788
661646.913281,1509921.113355,0.000000,9.840000,5,-15.056788
661646.913281,1509921.113355,0.000000,9.840000,5,-15.056788
661646.913281,1509921.113355,0.000000,9.840000,5,-15.056788
661646.913281,1509921.113355,0.000000,9.840000,5,-15.056788
661646.913281,1509921.113355,0.000000,9.840000,5,-15.056788
661646.913281,1509921.113355,0.000000,9.840000,5,-15.056788
661646.913281,1509921.113355,0.000000,9.840000,5,-15.056788
661646.913281,1509921.113355,0.000000,9.840000,5,-15.056788
661646.913281,1509921.113355,0.000000,9.840000,5,-15.056788
661646.913281,1509921.113355,0.000000,9.840000,5,-15.056788
661646.913281,1509921.113355,0.000000,9.840000,5,-15.056788
661646.913281,1509921.113355,0.000000,9.840000,5,-15.056788
661646.913281,1509921.113355,0.000000,9.840000,5,-15.056788
661646.913281,1509921.113355,0.000000,9.840000,5,-15.056788
661646.913281,1509921.113355,0.000000,9.840000,5,-15.056788
661646.913281,1509921.113355,0.000000,9.840000,5,-15.056788
661646.913281,1509921.113355,0.000000,9.840000,5,-15.056788
661646.913281,1509921.113355,0.000000,9.840000,5,-15.056788
661646.913281,1509921.113355,0.000000,9.840000,5,-15.056788
661646.913281,1509921.113355,0.000000,9.840000,5,-15.056788
661646.913281,1509921.113355,0.000000,9.840000,5,-15.056788
661646.913281,1509921.113355,0.000000,9.840000,5,-15.056788
661646.913281,1509921.113355,0.000000,9.840000,5,-15.056788
661646.913281,1509921.113355,0.000000,9.840000,5,-15.056788
661646.913281,1509921.113355,0.000000,9.840000,5,-15.056788
661646.913281,1509921.113355,0.000000,9.840000,5,-15.056788
661646.913281,1509921.113355,0.000000,9.840000,5,-15.056788
661646.913281,1509921.113355,0.000000,9.840000,5,-15.056788
661646.913281,1509921.113355,0.000000,9.840000,5,-15.056788
661646.913281,1509921.113355,0.000000,9.840000,5,-15.056788
661646.913281,1509921.113355,0.000000,9.840000,5,-15.056788
661646.913281,1509921.113355,0.000000,9.840000,5,-15.056788
661646.913281,1509921.113355,0.000000,9.840000,5,-15.056788
661646.913281,1509921.113355,0.000000,9.840000,5,-15.056788
661646.913281,1509921.113355,0.000000,9.840000,5,-15.056788
661646.913281,1509921.113355,0.000000,9.840000,5,-15.056788
661646.913281,1509921.113355,0.000000,9.840000,5,-15.056788
661646.913281,1509921.113355,0.000000,9.840000,5,-15.056788
661646.913281,1509921.113355,0.000000,9.840000,5,-15.056788
661646.913281,1509921.113355,0.000000,9.840000,5,-15.056788
661646.913281,1509921.113355,0.000000,9.840000,5,-15.056788
661646.913281,1509921.113355,0.000000,9.840000,5,-15.056788
661646.913281,1509921.113355,0.000000,9.840000,5,-15.056788
661646.913281,1509921.113355,0.000000,9.840000,5,-15.056788
661646.913281,1509921.113355,0.000000,9.840000,5,-15.056788
661646.913281,1509921.113355,0.000000,9.840000,5,-15.056788
661646.913281,1509921.113355,0.000000,9.840000,5,-15.056788
661646.913281,1509921.113355,0.000000,9.840000,5,-15.056788
661646.913281,1509921.113355,0.000000,9.840000,5,-15.056788
661646.913281,1509921.113355,0.000000,9.840000,5,-15.056788
661646.913281,1509921.113355,0.000000,9.840000,5,-15.056788
661646.913281,1509921.113355,0.000000,9.840000,5,-15.056788
661646.913281,1509921.113355,0.000000,9.840000,5,-15.056788
661646.913281,1509921.113355,0.000000,9.840000,5,-15.056788
661646.913281,1509921.113355,0.000000,9.840000,5,-15.056788
661646.913281,1509921.113355,0.000000,9.840000,5,-15.056788
661646.913281,1509921.113355,0.000000,9.840000,5,-15.056788
661646.913281,1509921.113355,0.000000,9.840000,5,-15.056788
661646.913281,1509921.113355,0.000000,9.840000,5,-15.056788
661646.913281,1509921.113355,0.000000,9.840000,5,-15.056788
661646.913281,1509921.113355,0.000000,9.840000,5,-15.056788
661646.913281,1509921.113355,0.000000,9.840000,5,-15.056788
661646.913281,1509921.113355,0.000000,9.840000,5,-15.056788
661646.913281,1509921.113355,0.000000,9.840000,5,-15.056788
661646.913281,1509921.113355,0.000000,9.840000,5,-15.056788
661646.913281,1509921.113355,0.000000,9.840000,5,-15.056788
661646.913281,1509921.113355,0.000000,9.840000,5,-15.056788
661646.913281,1509921.113355,0.000000,9.840000,5,-15.056788
661646.913281,1509921.113355,0.000000,9.840000,5,-15.056788
661646.913281,1509921.113355,0.000000,9.840000,5,-15.056788
661646.913281,1509921.113355,0.000000,9.840000,5,-15.056788
661646.913281,1509921.113355,0.000000,9.840000,5,-15.056788
661646.913281,1509921.113355,0.000000,9.840000,5,-15.056788
661646.913281,1509921.113355,0.000000,9.840000,5,-15.056788
661646.913281,1509921.113355,0.000000,9.840000,5,-15.056788
661646.913281,1509921.113355,0.000000,9.840000,5,-15.056788
661646.913281,1509921.113355,0.000000,9.840000,5,-15.056788
661646.913281,1509921.113355,0.000000,9.840000,5,-15.056788
661646.913281,1509921.113355,0.000000,9.840000,5,-15.056788
661646.913281,1509921.113355,0.000000,9.840000,5,-15.056788
661646.913281,1509921.113355,0.000000,9.840000,5,-15.056788
661646.913281,1509921.113355,0.000000,9.840000,5,-15.056788
661646.913281,1509921.113355,0.000000,9.840000,5,-15.056788
661646.913281,1509921.113355,0.000000,9.840000,5,-15.056788
661646.913281,1509921.113355,0.000000,9.840000,5,-15.056788
661646.913281,1509921.113355,0.000000,9.840000,5,-15.056788
661646.913281,1509921.113355,0.000000,9.840000,5,-15.056788
661646.913281,1509921.113355,0.000000,9.840000,5,-15.056788
661646.913281,1509921.113355,0.000000,9.840000,5,-15.056788
661646.913281,1509921.113355,0.000000,9.840000,5,-15.056788
661646.913281,1509921.113355,0.000000,9.840000,5,-15.056788
661646.913281,1509921.113355,0.000000,9.840000,5,-15.056788
661646.913281,1509921.113355,0.000000,9.840000,5,-15.056788
661646.913281,1509921.113355,0.000000,9.840000,5,-15.056788
661646.913281,1509921.113355,0.000000,9.840000,5,-15.056788
661646.913281,1509921.113355,0.000000,9.840000,5,-15.056788
661646.913281,1509921.113355,0.000000,9.840000,5,-15.056788
661646.913281,1509921.113355,0.000000,9.840000,5,-15.056788
661646.913281,1509921.113355,0.000000,9.840000,5,-15.056788
661646.913281,1509921.113355,0.000000,9.840000,5,-15.056788
661646.913281,1509921.113355,0.000000,9.840000,5,-15.056788
661646.913281,1509921.113355,0.000000,9.840000,5,-15.056788
661646.913281,1509921.113355,0.000000,9.840000,5,-15.056788
661646.913281,1509921.113355,0.000000,9.840000,5,-15.056788
661646.913281,1509921.113355,0.000000,9.840000,5,-15.056788
661646.913281,1509921.113355,0.000000,9.840000,5,-15.056788
661646.913281,1509921.113355,0.000000,9.840000,5,-15.056788
661646.913281,1509921.113355,0.000000,9.840000,5,-15.056788
661646.913281,1509921.113355,0.000000,9.840000,5,-15.056788
661646.913281,1509921.113355,0.000000,9.840000,5,-15.056788
661646.913281,1509921.113355,0.000000,9.840000,5,-15.056788
661646.913281,1509921.113355,0.000000,9.840000,5,-15.056788
661646.913281,1509921.113355,0.000000,9.840000,5,-15.056788
661646.913281,1509921.113355,0.000000,9.840000,5,-15.056788
661646.913281,1509921.113355,0.000000,9.840000,5,-15.056788
661646.913281,1509921.113355,0.000000,9.840000,5,-15.056788
661646.913281,1509921.113355,0.000000,9.840000,5,-15.056788
661646.913281,1509921.113355,0.000000,9.840000,5,-15.056788
661646.913281,1509921.113355,0.000000,9.840000,5,-15.056788
661646.913281,1509921.113355,0.000000,9.840000,5,-15.056788
661646.913281,1509921.113355,0.000000,9.840000,5,-15.056788
661646.913281,1509921.113355,0.000000,9.840000,5,-15.056788
661646.913281,1509921.113355,0.000000,9.840000,5,-15.056788
661646.913281,1509921.113355,0.000000,9.840000,5,-15.056788
661646.913281,1509921.113355,0.000000,9.840000,5,-15.056788
661646.913281,1509921.113355,0.000000,9.840000,5,-15.056788
661646.913281,1509921.113355,0.000000,9.840000,5,-15.056788
661646.913281,1509921.113355,0.000000,9.840000,5,-15.056788
661646.913281,1509921.113355,0.000000,9.840000,5,-15.056788
661646.913281,1509921.113355,0.000000,9.840000,5,-15.056788
661646.913281,1509921.113355,0.000000,9.840000,5,-15.056788
661646.913281,1509921.113355,0.000000,9.840000,5,-15.056788
661646.913281,1509921.113355,0.000000,9.840000,5,-15.056788
661646.913281,1509921.113355,0.000000,9.840000,5,-15.056788
661646.913281,1509921.113355,0.000000,9.840000,5,-15.056788
661646.913281,1509921.113355,0.000000,9.840000,5,-15.056788
661646.913281,1509921.113355,0.000000,9.840000,5,-15.056788
661646.913281,1509921.113355,0.000000,9.840000,5,-15.056788
661646.913281,1509921.113355,0.000000,9.840000,5,-15.056788
661646.913281,1509921.113355,0.000000,9.840000,5,-15.056788
661646.913281,1509921.113355,0.000000,9.840000,5,-15.056788
661646.913281,1509921.113355,0.000000,9.840000,5,-15.056788
661646.913281,1509921.113355,0.000000,9.840000,5,-15.056788
661646.913281,1509921.113355,0.000000,9.840000,5,-15.056788
661646.913281,1509921.113355,0.000000,9.840000,5,-15.056788
661646.913281,1509921.113355,0.000000,9.840000,5,-15.056788
661646.913281,1509921.113355,0.000000,9.840000,5,-15.056788
661646.913281,1509921.113355,0.000000,9.840000,5,-15.056788
661646.913281,1509921.113355,0.000000,9.840000,5,-15.056788
661646.913281,1509921.113355,0.000000,9.840000,5,-15.056788
661646.913281,1509921.113355,0.000000,9.840000,5,-15.056788
661646.913281,1509921.113355,0.000000,9.840000,5,-15.056788
661646.913281,1509921.113355,0.000000,9.840000,5,-15.056788
661646.913281,1509921.113355,0.000000,9.840000,5,-15.056788
661646.913281,1509921.113355,0.000000,9.840000,5,-15.056788
661646.913281,1509921.113355,0.000000,9.840000,5,-15.056788
661646.913281,1509921.113355,0.000000,9.840000,5,-15.056788
661646.913281,1509921.113355,0.000000,9.840000,5,-15.056788
661646.913281,1509921.113355,0.000000,9.840000,5,-15.056788
661646.913281,1509921.113355,0.000000,9.840000,5,-15.056788
661646.913281,1509921.113355,0.000000,9.840000,5,-15.056788
661646.913281,1509921.113355,0.000000,9.840000,5,-15.056788
661646.913281,1509921.113355,0.000000,9.840000,5,-15.056788
661646.913281,1509921.113355,0.000000,9.840000,5,-15.056788
661646.913281,1509921.113355,0.000000,9.840000,5,-15.056788
661646.913281,1509921.113355,0.000000,9.840000,5,-15.056788
661646.913281,1509921.113355,0.000000,9.840000,5,-15.056788
661646.913281,1509921.113355,0.000000,9.840000,5,-15.056788
661646.913281,1509921.113355,0.000000,9.840000,5,-15.056788
661646.913281,1509921.113355,0.000000,9.840000,5,-15.056788
661646.913281,1509921.113355,0.000000,9.840000,5,-15.056788
661646.913281,1509921.113355,0.000000,9.840000,5,-15.056788
661646.913281,1509921.113355,0.000000,9.840000,5,-15.056788
661646.913281,1509921.113355,0.000000,9.840000,5,-15.056788
661646.913281,1509921.113355,0.000000,9.840000,5,-15.056788
661646.913281,1509921.113355,0.000000,9.840000,5,-15.056788
661646.913281,1509921.113355,0.000000,9.840000,5,-15.056788
661646.913281,1509921.113355,0.000000,9.840000,5,-15.056788
661646.913281,1509921.113355,0.000000,9.840000,5,-15.056788
661646.913281,1509921.113355,0.000000,9.840000,5,-15.056788
661646.913281,1509921.113355,0.000000,9.840000,5,-15.056788
661646.913281,1509921.113355,0.000000,9.840000,5,-15.056788
661646.913281,1509921.113355,0.000000,9.840000,5,-15.056788
661646.913281,1509921.113355,0.000000,9.840000,5,-15.056788
661646.913281,1509921.113355,0.000000,9.840000,5,-15.056788
661646.913281,1509921.113355,0.000000,9.840000,5,-15.056788
661646.913281,1509921.113355,0.000000,9.840000,5,-15.056788
661646.913281,1509921.113355,0.000000,9.840000,5,-15.056788
661646.913281,1509921.113355,0.000000,9.840000,5,-15.056788
661646.913281,1509921.113355,0.000000,9.840000,5,-15.056788
661646.913281,1509921.113355,0.000000,9.840000,5,-15.056788
661646.913281,1509921.113355,0.000000,9.840000,5,-15.056788
661646.913281,1509921.113355,0.000000,9.840000,5,-15.056788
661646.913281,1509921.113355,0.000000,9.840000,5,-15.056788
661646.913281,1509921.113355,0.000000,9.840000,5,-15.056788
661646.913281,1509921.113355,0.000000,9.840000,5,-15.056788
661646.913281,1509921.113355,0.000000,9.840000,5,-15.056788
661646.913281,1509921.113355,0.000000,9.840000,5,-15.056788
661646.913281,1509921.113355,0.000000,9.840000,5,-15.056788
661646.913281,1509921.113355,0.000000,9.840000,5,-15.056788
661646.913281,1509921.113355,0.000000,9.840000,5,-15.056788
661646.913281,1509921.113355,0.000000,9.840000,5,-15.056788
661646.913281,1509921.113355,0.000000,9.840000,5,-15.056788
661646.913281,1509921.113355,0.000000,9.840000,5,-15.056788
661646.913281,1509921.113355,0.000000,9.840000,5,-15.056788
661646.913281,1509921.113355,0.000000,9.840000,5,-15.056788
661646.913281,1509921.113355,0.000000,9.840000,5,-15.056788
661646.913281,1509921.113355,0.000000,9.840000,5,-15.056788
661646.913281,1509921.113355,0.000000,9.840000,5,-15.056788
661646.913281,1509921.113355,0.000000,9.840000,5,-15.056788
661646.913281,1509921.113355,0.000000,9.840000,5,-15.056788
661646.913281,1509921.113355,0.000000,9.840000,5,-15.056788
661646.913281,1509921.113355,0.000000,9.840000,5,-15.056788
661646.913281,1509921.113355,0.000000,9.840000,5,-15.056788
661646.913281,1509921.113355,0.000000,9.840000,5,-15.056788
661646.913281,1509921.113355,0.000000,9.840000,5,-15.056788
661646.913281,1509921.113355,0.000000,9.840000,5,-15.056788
661646.913281,1509921.113355,0.000000,9.840000,5,-15.056788
661646.913281,1509921.113355,0.000000,9.840000,5,-15.056788
661646.913281,1509921.113355,0.000000,9.840000,5,-15.056788
661646.913281,1509921.113355,0.000000,9.840000,5,-15.056788
661646.913281,1509921.113355,0.000000,9.840000,5,-15.056788
661646.913281,1509921.113355,0.000000,9.840000,5,-15.056788
661646.913281,1509921.113355,0.000000,9.840000,5,-15.056788
661646.913281,1509921.113355,0.000000,9.840000,5,-15.056788
661646.913281,1509921.113355,0.000000,9.840000,5,-15.056788
661646.913281,1509921.113355,0.000000,9.840000,5,-15.056788
661646.913281,1509921.113355,0.000000,9.840000,5,-15.056788
661646.913281,1509921.113355,0.000000,9.840000,5,-15.056788
661646.913281,1509921.113355,0.000000,9.840000,5,-15.056788
661646.913281,1509921.113355,0.000000,9.840000,5,-15.056788
661646.913281,1509921.113355,0.000000,9.840000,5,-15.056788
661646.913281,1509921.113355,0.000000,9.840000,5,-15.056788
661646.913281,1509921.113355,0.000000,9.840000,5,-15.056788
661646.913281,1509921.113355,0.000000,9.840000,5,-15.056788
661646.913281,1509921.113355,0.000000,9.840000,5,-15.056788
661646.913281,1509921.113355,0.000000,9.840000,5,-15.056788
661646.913281,1509921.113355,0.000000,9.840000,5,-15.056788
661646.913281,1509921.113355,0.000000,9.840000,5,-15.056788
661646.913281,1509921.113355,0.000000,9.840000,5,-15.056788
661646.913281,1509921.113355,0.000000,9.840000,5,-15.056788
661646.913281,1509921.113355,0.000000,9.840000,5,-15.056788
661646.913281,1509921.113355,0.000000,9.840000,5,-15.056788
661646.913281,1509921.113355,0.000000,9.840000,5,-15.056788
661646.913281,1509921.113355,0.000000,9.840000,5,-15.056788
661646.913281,1509921.113355,0.000000,9.840000,5,-15.056788
661646.913281,1509921.113355,0.000000,9.840000,5,-15.056788
661646.913281,1509921.113355,0.000000,9.840000,5,-15.056788
661646.913281,1509921.113355,0.000000,9.840000,5,-15.056788
661646.913281,1509921.113355,0.000000,9.840000,5,-15.056788
661646.913281,1509921.113355,0.000000,9.840000,5,-15.056788
661646.913281,1509921.113355,0.000000,9.840000,5,-15.056788
661646.913281,1509921.113355,0.000000,9.840000,5,-15.056788
661646.913281,1509921.113355,0.000000,9.840000,5,-15.056788
661646.913281,1509921.113355,0.000000,9.840000,5,-15.056788
661646.913281,1509921.113355,0.000000,9.840000,5,-15.056788
661646.913281,1509921.113355,0.000000,9.840000,5,-15.056788
661646.913281,1509921.113355,0.000000,9.840000,5,-15.056788
661646.913281,1509921.113355,0.000000,9.840000,5,-15.056788
661646.913281,1509921.113355,0.000000,9.840000,5,-15.056788
661646.913281,1509921.113355,0.000000,9.840000,5,-15.056788
661646.913281,1509921.113355,0.000000,9.840000,5,-15.056788
661646.913281,1509921.113355,0.000000,9.840000,5,-15.056788
661646.913281,1509921.113355,0.000000,9.840000,5,-15.056788
661646.913281,1509921.113355,0.000000,9.840000,5,-15.056788
661646.913281,1509921.113355,0.000000,9.840000,5,-15.056788
661646.913281,1509921.113355,0.000000,9.840000,5,-15.056788
661646.913281,1509921.113355,0.000000,9.840000,5,-15.056788
661646.913281,1509921.113355,0.000000,9.840000,5,-15.056788
661646.913281,1509921.113355,0.000000,9.840000,5,-15.056788
661646.913281,1509921.113355,0.000000,9.840000,5,-15.056788
661646.913281,1509921.113355,0.000000,9.840000,5,-15.056788
661646.913281,1509921.113355,0.000000,9.840000,5,-15.056788
661646.913281,1509921.113355,0.000000,9.840000,5,-15.056788
661646.913281,1509921.113355,0.000000,9.840000,5,-15.056788
661646.913281,1509921.113355,0.000000,9.840000,5,-15.056788
661646.913281,1509921.113355,0.000000,9.840000,5,-15.056788
661646.913281,1509921.113355,0.000000,9.840000,5,-15.056788
661646.913281,1509921.113355,0.000000,9.840000,5,-15.056788
661646.913281,1509921.113355,0.000000,9.840000,5,-15.056788
661646.913281,1509921.113355,0.000000,9.840000,5,-15.056788
661646.913281,1509921.113355,0.000000,9.840000,5,-15.056788
661646.913281,1509921.113355,0.000000,9.840000,5,-15.056788
661646.913281,1509921.113355,0.000000,9.840000,5,-15.056788
661646.913281,1509921.113355,0.000000,9.840000,5,-15.056788
661646.913281,1509921.113355,0.000000,9.840000,5,-15.056788
661646.913281,1509921.113355,0.000000,9.840000,5,-15.056788
661646.913281,1509921.113355,0.000000,9.840000,5,-15.056788
661646.913281,1509921.113355,0.000000,9.840000,5,-15.056788
661646.913281,1509921.113355,0.000000,9.840000,5,-15.056788
661646.913281,1509921.113355,0.000000,9.840000,5,-15.056788
661646.913281,1509921.113355,0.000000,9.840000,5,-15.056788
661646.913281,1509921.113355,0.000000,9.840000,5,-15.056788
661646.913281,1509921.113355,0.000000,9.840000,5,-15.056788
661646.913281,1509921.113355,0.000000,9.840000,5,-15.056788
661646.913281,1509921.113355,0.000000,9.840000,5,-15.056788
661646.913281,1509921.113355,0.000000,9.840000,5,-15.056788
661646.913281,1509921.113355,0.000000,9.840000,5,-15.056788
661646.913281,1509921.113355,0.000000,9.840000,5,-15.056788
661646.913281,1509921.113355,0.000000,9.840000,5,-15.056788
661646.913281,1509921.113355,0.000000,9.840000,5,-15.056788
661646.913281,1509921.113355,0.000000,9.840000,5,-15.056788
661646.913281,1509921.113355,0.000000,9.840000,5,-15.056788
661646.913281,1509921.113355,0.000000,9.840000,5,-15.056788
661646.913281,1509921.113355,0.000000,9.840000,5,-15.056788
661646.913281,1509921.113355,0.000000,9.840000,5,-15.056788
661646.913281,1509921.113355,0.000000,9.840000,5,-15.056788
661646.913281,1509921.113355,0.000000,9.840000,5,-15.056788
661646.913281,1509921.113355,0.000000,9.840000,5,-15.056788
661646.913281,1509921.113355,0.000000,9.840000,5,-15.056788
661646.913281,1509921.113355,0.000000,9.840000,5,-15.056788
661646.913281,1509921.113355,0.000000,9.840000,5,-15.056788
661646.913281,1509921.113355,0.000000,9.840000,5,-15.056788
661646.913281,1509921.113355,0.000000,9.840000,5,-15.056788
661646.913281,1509921.113355,0.000000,9.840000,5,-15.056788
661646.913281,1509921.113355,0.000000,9.840000,5,-15.056788
661646.913281,1509921.113355,0.000000,9.840000,5,-15.056788
661646.913281,1509921.113355,0.000000,9.840000,5,-15.056788
661646.913281,1509921.113355,0.000000,9.840000,5,-15.056788
661646.913281,1509921.113355,0.000000,9.840000,5,-15.056788
661646.913281,1509921.113355,0.000000,9.840000,5,-15.056788
661646.913281,1509921.113355,0.000000,9.840000,5,-15.056788
661646.913281,1509921.113355,0.000000,9.840000,5,-15.056788
661646.913281,1509921.113355,0.000000,9.840000,5,-15.056788
661646.913281,1509921.113355,0.000000,9.840000,5,-15.056788
661646.913281,1509921.113355,0.000000,9.840000,5,-15.056788
661646.913281,1509921.113355,0.000000,9.840000,5,-15.056788
661646.913281,1509921.113355,0.000000,9.840000,5,-15.056788
661646.913281,1509921.113355,0.000000,9.840000,5,-15.056788
661646.913281,1509921.113355,0.000000,9.840000,5,-15.056788
661646.913281,1509921.113355,0.000000,9.840000,5,-15.056788
661646.913281,1509921.113355,0.000000,9.840000,5,-15.056788
661646.913281,1509921.113355,0.000000,9.840000,5,-15.056788
661646.913281,1509921.113355,0.000000,9.840000,5,-15.056788
661646.913281,1509921.113355,0.000000,9.840000,5,-15.056788
661646.913281,1509921.113355,0.000000,9.840000,5,-15.056788
661646.913281,1509921.113355,0.000000,9.840000,5,-15.056788
661646.913281,1509921.113355,0.000000,9.840000,5,-15.056788
661646.913281,1509921.113355,0.000000,9.840000,5,-15.056788
661646.913281,1509921.113355,0.000000,9.840000,5,-15.056788
661646.913281,1509921.113355,0.000000,9.840000,5,-15.056788
661646.913281,1509921.113355,0.000000,9.840000,5,-15.056788
661646.913281,1509921.113355,0.000000,9.840000,5,-15.056788
661646.913281,1509921.113355,0.000000,9.840000,5,-15.056788
661646.913281,1509921.113355,0.000000,9.840000,5,-15.056788
661646.913281,1509921.113355,0.000000,9.840000,5,-15.056788
661646.913281,1509921.113355,0.000000,9.840000,5,-15.056788
661646.913281,1509921.113355,0.000000,9.840000,5,-15.056788
661646.913281,1509921.113355,0.000000,9.840000,5,-15.056788
661646.913281,1509921.113355,0.000000,9.840000,5,-15.056788
661646.913281,1509921.113355,0.000000,9.840000,5,-15.056788
661646.913281,1509921.113355,0.000000,9.840000,5,-15.056788
661646.913281,1509921.113355,0.000000,9.840000,5,-15.056788
661646.913281,1509921.113355,0.000000,9.840000,5,-15.056788
661646.913281,1509921.113355,0.000000,9.840000,5,-15.056788
661646.913281,1509921.113355,0.000000,9.840000,5,-15.056788
661646.913281,1509921.113355,0.000000,9.840000,5,-15.056788
661646.913281,1509921.113355,0.000000,9.840000,5,-15.056788
661646.913281,1509921.113355,0.000000,9.840000,5,-15.056788
661646.913281,1509921.113355,0.000000,9.840000,5,-15.056788
661646.913281,1509921.113355,0.000000,9.840000,5,-15.056788
661646.913281,1509921.113355,0.000000,9.840000,5,-15.056788
661646.913281,1509921.113355,0.000000,9.840000,5,-15.056788
661646.913281,1509921.113355,0.000000,9.840000,5,-15.056788
661646.913281,1509921.113355,0.000000,9.840000,5,-15.056788
661646.913281,1509921.113355,0.000000,9.840000,5,-15.056788
661646.913281,1509921.113355,0.000000,9.840000,5,-15.056788
661646.913281,1509921.113355,0.000000,9.840000,5,-15.056788
661646.913281,1509921.113355,0.000000,9.840000,5,-15.056788
661646.913281,1509921.113355,0.000000,9.840000,5,-15.056788
661646.913281,1509921.113355,0.000000,9.840000,5,-15.056788
661646.913281,1509921.113355,0.000000,9.840000,5,-15.056788
661646.913281,1509921.113355,0.000000,9.840000,5,-15.056788
661646.913281,1509921.113355,0.000000,9.840000,5,-15.056788
661646.913281,1509921.113355,0.000000,9.840000,5,-15.056788
661646.913281,1509921.113355,0.000000,9.840000,5,-15.056788
661646.913281,1509921.113355,0.000000,9.840000,5,-15.056788
661646.913281,1509921.113355,0.000000,9.840000,5,-15.056788
661646.913281,1509921.113355,0.000000,9.840000,5,-15.056788
661646.913281,1509921.113355,0.000000,9.840000,5,-15.056788
661646.913281,1509921.113355,0.000000,9.840000,5,-15.056788
661646.913281,1509921.113355,0.000000,9.840000,5,-15.056788
661646.913281,1509921.113355,0.000000,9.840000,5,-15.056788
661646.913281,1509921.113355,0.000000,9.840000,5,-15.056788
661646.913281,1509921.113355,0.000000,9.840000,5,-15.056788
661646.913281,1509921.113355,0.000000,9.840000,5,-15.056788
661646.913281,1509921.113355,0.000000,9.840000,5,-15.056788
661646.913281,1509921.113355,0.000000,9.840000,5,-15.056788
661646.913281,1509921.113355,0.000000,9.840000,5,-15.056788
661646.913281,1509921.113355,0.000000,9.840000,5,-15.056788
661646.913281,1509921.113355,0.000000,9.840000,5,-15.056788
661646.913281,1509921.113355,0.000000,9.840000,5,-15.056788
661646.913281,1509921.113355,0.000000,9.840000,5,-15.056788
661646.913281,1509921.113355,0.000000,9.840000,5,-15.056788
661646.913281,1509921.113355,0.000000,9.840000,5,-15.056788
661646.913281,1509921.113355,0.000000,9.840000,5,-15.056788
661646.913281,1509921.113355,0.000000,9.840000,5,-15.056788
661646.913281,1509921.113355,0.000000,9.840000,5,-15.056788
661646.913281,1509921.113355,0.000000,9.840000,5,-15.056788
661646.913281,1509921.113355,0.000000,9.840000,5,-15.056788
661646.913281,1509921.113355,0.000000,9.840000,5,-15.056788
661646.913281,1509921.113355,0.000000,9.840000,5,-15.056788
661646.913281,1509921.113355,0.000000,9.840000,5,-15.056788
661646.913281,1509921.113355,0.000000,9.840000,5,-15.056788
661646.913281,1509921.113355,0.000000,9.840000,5,-15.056788
661646.913281,1509921.113355,0.000000,9.840000,5,-15.056788
661646.913281,1509921.113355,0.000000,9.840000,5,-15.056788
661646.913281,1509921.113355,0.000000,9.840000,5,-15.056788
661646.913281,1509921.113355,0.000000,9.840000,5,-15.056788
661646.913281,1509921.113355,0.000000,9.840000,5,-15.056788
661646.913281,1509921.113355,0.000000,9.840000,5,-15.056788
661646.913281,1509921.113355,0.000000,9.840000,5,-15.056788
661646.913281,1509921.113355,0.000000,9.840000,5,-15.056788
661646.913281,1509921.113355,0.000000,9.840000,5,-15.056788
661646.913281,1509921.113355,0.000000,9.840000,5,-15.056788
661646.913281,1509921.113355,0.000000,9.840000,5,-15.056788
661646.913281,1509921.113355,0.000000,9.840000,5,-15.056788
661646.913281,1509921.113355,0.000000,9.840000,5,-15.056788
661646.913281,1509921.113355,0.000000,9.840000,5,-15.056788
661646.913281,1509921.113355,0.000000,9.840000,5,-15.056788
661646.913281,1509921.113355,0.000000,9.840000,5,-15.056788
661646.913281,1509921.113355,0.000000,9.840000,5,-15.056788
661646.913281,1509921.113355,0.000000,9.840000,5,-15.056788
661646.913281,1509921.113355,0.000000,9.840000,5,-15.056788
661646.913281,1509921.113355,0.000000,9.840000,5,-15.056788
661646.913281,1509921.113355,0.000000,9.840000,5,-15.056788
661646.913281,1509921.113355,0.000000,9.840000,5,-15.056788
661646.913281,1509921.113355,0.000000,9.840000,5,-15.056788
661646.913281,1509921.113355,0.000000,9.840000,5,-15.056788
661646.913281,1509921.113355,0.000000,9.840000,5,-15.056788
661646.913281,1509921.113355,0.000000,9.840000,5,-15.056788
661646.913281,1509921.113355,0.000000,9.840000,5,-15.056788
661646.913281,1509921.113355,0.000000,9.840000,5,-15.056788
661646.913281,1509921.113355,0.000000,9.840000,5,-15.056788
661646.913281,1509921.113355,0.000000,9.840000,5,-15.056788
661646.913281,1509921.113355,0.000000,9.840000,5,-15.056788
661646.913281,1509921.113355,0.000000,9.840000,5,-15.056788
661646.913281,1509921.113355,0.000000,9.840000,5,-15.056788
661646.913281,1509921.113355,0.000000,9.840000,5,-15.056788
661646.913281,1509921.113355,0.000000,9.840000,5,-15.056788
661646.913281,1509921.113355,0.000000,9.840000,5,-15.056788
661646.913281,1509921.113355,0.000000,9.840000,5,-15.056788
661646.913281,1509921.113355,0.000000,9.840000,5,-15.056788
661646.913281,1509921.113355,0.000000,9.840000,5,-15.056788
661646.913281,1509921.113355,0.000000,9.840000,5,-15.056788
661646.913281,1509921.113355,0.000000,9.840000,5,-15.056788
661646.913281,1509921.113355,0.000000,9.840000,5,-15.056788
661646.913281,1509921.113355,0.000000,9.840000,5,-15.056788
661646.913281,1509921.113355,0.000000,9.840000,5,-15.056788
661646.913281,1509921.113355,0.000000,9.840000,5,-15.056788
661646.913281,1509921.113355,0.000000,9.840000,5,-15.056788
661646.913281,1509921.113355,0.000000,9.840000,5,-15.056788
661646.913281,1509921.113355,0.000000,9.840000,5,-15.056788
661646.913281,1509921.113355,0.000000,9.840000,5,-15.056788
661646.913281,1509921.113355,0.000000,9.840000,5,-15.056788
661646.913281,1509921.113355,0.000000,9.840000,5,-15.056788
661646.913281,1509921.113355,0.000000,9.840000,5,-15.056788
661646.913281,1509921.113355,0.000000,9.840000,5,-15.056788
661646.913281,1509921.113355,0.000000,9.840000,5,-15.056788
661646.913281,1509921.113355,0.000000,9.840000,5,-15.056788
661646.913281,1509921.113355,0.000000,9.840000,5,-15.056788
661646.913281,1509921.113355,0.000000,9.840000,5,-15.056788
661646.913281,1509921.113355,0.000000,9.840000,5,-15.056788
661646.913281,1509921.113355,0.000000,9.840000,5,-15.056788
661646.913281,1509921.113355,0.000000,9.840000,5,-15.056788
661646.913281,1509921.113355,0.000000,9.840000,5,-15.056788
661646.913281,1509921.113355,0.000000,9.840000,5,-15.056788
661646.913281,1509921.113355,0.000000,9.840000,5,-15.056788
661646.913281,1509921.113355,0.000000,9.840000,5,-15.056788
661646.913281,1509921.113355,0.000000,9.840000,5,-15.056788
661646.913281,1509921.113355,0.000000,9.840000,5,-15.056788
661646.913281,1509921.113355,0.000000,9.840000,5,-15.056788
661646.913281,1509921.113355,0.000000,9.840000,5,-15.056788
661646.913281,1509921.113355,0.000000,9.840000,5,-15.056788
661646.913281,1509921.113355,0.000000,9.840000,5,-15.056788
661646.913281,1509921.113355,0.000000,9.840000,5,-15.056788
661646.913281,1509921.113355,0.000000,9.840000,5,-15.056788
661646.913281,1509921.113355,0.000000,9.840000,5,-15.056788
661646.913281,1509921.113355,0.000000,9.840000,5,-15.056788
661646.913281,1509921.113355,0.000000,9.840000,5,-15.056788
661646.913281,1509921.113355,0.000000,9.840000,5,-15.056788
661646.913281,1509921.113355,0.000000,9.840000,5,-15.056788
661646.913281,1509921.113355,0.000000,9.840000,5,-15.056788
661646.913281,1509921.113355,0.000000,9.840000,5,-15.056788
661646.913281,1509921.113355,0.000000,9.840000,5,-15.056788
661646.913281,1509921.113355,0.000000,9.840000,5,-15.056788
661646.913281,1509921.113355,0.000000,9.840000,5,-15.056788
661646.913281,1509921.113355,0.000000,9.840000,5,-15.056788
661646.913281,1509921.113355,0.000000,9.840000,5,-15.056788
661646.913281,1509921.113355,0.000000,9.840000,5,-15.056788
661646.913281,1509921.113355,0.000000,9.840000,5,-15.056788
661646.913281,1509921.113355,0.000000,9.840000,5,-15.056788
661646.913281,1509921.113355,0.000000,9.840000,5,-15.056788
661646.913281,1509921.113355,0.000000,9.840000,5,-15.056788
661646.913281,1509921.113355,0.000000,9.840000,5,-15.056788
661646.913281,1509921.113355,0.000000,9.840000,5,-15.056788
661646.913281,1509921.113355,0.000000,9.840000,5,-15.056788
661646.913281,1509921.113355,0.000000,9.840000,5,-15.056788
661646.913281,1509921.113355,0.000000,9.840000,5,-15.056788
661646.913281,1509921.113355,0.000000,9.840000,5,-15.056788
661646.913281,1509921.113355,0.000000,9.840000,5,-15.056788
661646.913281,1509921.113355,0.000000,9.840000,5,-15.056788
661646.913281,1509921.113355,0.000000,9.840000,5,-15.056788
661646.913281,1509921.113355,0.000000,9.840000,5,-15.056788
661646.913281,1509921.113355,0.000000,9.840000,5,-15.056788
661646.913281,1509921.113355,0.000000,9.840000,5,-15.056788
661646.913281,1509921.113355,0.000000,9.840000,5,-15.056788
661646.913281,1509921.113355,0.000000,9.840000,5,-15.056788
661646.913281,1509921.113355,0.000000,9.840000,5,-15.056788
661646.913281,1509921.113355,0.000000,9.840000,5,-15.056788
661646.913281,1509921.113355,0.000000,9.840000,5,-15.056788
661646.913281,1509921.113355,0.000000,9.840000,5,-15.056788
661646.913281,1509921.113355,0.000000,9.840000,5,-15.056788
661646.913281,1509921.113355,0.000000,9.840000,5,-15.056788
661646.913281,1509921.113355,0.000000,9.840000,5,-15.056788
661646.913281,1509921.113355,0.000000,9.840000,5,-15.056788
661646.913281,1509921.113355,0.000000,9.840000,5,-15.056788
661646.913281,1509921.113355,0.000000,9.840000,5,-15.056788
661646.913281,1509921.113355,0.000000,9.840000,5,-15.056788
661646.913281,1509921.113355,0.000000,9.840000,5,-15.056788
661646.913281,1509921.113355,0.000000,9.840000,5,-15.056788
661646.913281,1509921.113355,0.000000,9.840000,5,-15.056788
661646.913281,1509921.113355,0.000000,9.840000,5,-15.056788
661646.913281,1509921.113355,0.000000,9.840000,5,-15.056788
661646.913281,1509921.113355,0.000000,9.840000,5,-15.056788
661646.913281,1509921.113355,0.000000,9.840000,5,-15.056788
661646.913281,1509921.113355,0.000000,9.840000,5,-15.056788
661646.913281,1509921.113355,0.000000,9.840000,5,-15.056788
661646.913281,1509921.113355,0.000000,9.840000,5,-15.056788
661646.913281,1509921.113355,0.000000,9.840000,5,-15.056788
661646.913281,1509921.113355,0.000000,9.840000,5,-15.056788
661646.913281,1509921.113355,0.000000,9.840000,5,-15.056788
661646.913281,1509921.113355,0.000000,9.840000,5,-15.056788
661646.913281,1509921.113355,0.000000,9.840000,5,-15.056788
661646.913281,1509921.113355,0.000000,9.840000,5,-15.056788
661646.913281,1509921.113355,0.000000,9.840000,5,-15.056788
661646.913281,1509921.113355,0.000000,9.840000,5,-15.056788
661646.913281,1509921.113355,0.000000,9.840000,5,-15.056788
661646.913281,1509921.113355,0.000000,9.840000,5,-15.056788
661646.913281,1509921.113355,0.000000,9.840000,5,-15.056788
661646.913281,1509921.113355,0.000000,9.840000,5,-15.056788
661646.913281,1509921.113355,0.000000,9.840000,5,-15.056788
661646.913281,1509921.113355,0.000000,9.840000,5,-15.056788
661646.913281,1509921.113355,0.000000,9.840000,5,-15.056788
661646.913281,1509921.113355,0.000000,9.840000,5,-15.056788
661646.913281,1509921.113355,0.000000,9.840000,5,-15.056788
661646.913281,1509921.113355,0.000000,9.840000,5,-15.056788
661646.913281,1509921.113355,0.000000,9.840000,5,-15.056788
661646.913281,1509921.113355,0.000000,9.840000,5,-15.056788
661646.913281,1509921.113355,0.000000,9.840000,5,-15.056788
661646.913281,1509921.113355,0.000000,9.840000,5,-15.056788
661646.913281,1509921.113355,0.000000,9.840000,5,-15.056788
661646.913281,1509921.113355,0.000000,9.840000,5,-15.056788
661646.913281,1509921.113355,0.000000,9.840000,5,-15.056788
661646.913281,1509921.113355,0.000000,9.840000,5,-15.056788
661646.913281,1509921.113355,0.000000,9.840000,5,-15.056788
661646.913281,1509921.113355,0.000000,9.840000,5,-15.056788
661646.913281,1509921.113355,0.000000,9.840000,5,-15.056788
661646.913281,1509921.113355,0.000000,9.840000,5,-15.056788
661646.913281,1509921.113355,0.000000,9.840000,5,-15.056788
661646.913281,1509921.113355,0.000000,9.840000,5,-15.056788
661646.913281,1509921.113355,0.000000,9.840000,5,-15.056788
661646.913281,1509921.113355,0.000000,9.840000,5,-15.056788
661646.913281,1509921.113355,0.000000,9.840000,5,-15.056788
661646.913281,1509921.113355,0.000000,9.840000,5,-15.056788
661646.913281,1509921.113355,0.000000,9.840000,5,-15.056788
661646.913281,1509921.113355,0.000000,9.840000,5,-15.056788
661646.913281,1509921.113355,0.000000,9.840000,5,-15.056788
661646.913281,1509921.113355,0.000000,9.840000,5,-15.056788
661646.913281,1509921.113355,0.000000,9.840000,5,-15.056788
661646.913281,1509921.113355,0.000000,9.840000,5,-15.056788
661646.913281,1509921.113355,0.000000,9.840000,5,-15.056788
661646.913281,1509921.113355,0.000000,9.840000,5,-15.056788
661646.913281,1509921.113355,0.000000,9.840000,5,-15.056788
661646.913281,1509921.113355,0.000000,9.840000,5,-15.056788
661646.913281,1509921.113355,0.000000,9.840000,5,-15.056788
661646.913281,1509921.113355,0.000000,9.840000,5,-15.056788
661646.913281,1509921.113355,0.000000,9.840000,5,-15.056788
661646.913281,1509921.113355,0.000000,9.840000,5,-15.056788
661646.913281,1509921.113355,0.000000,9.840000,5,-15.056788
661646.913281,1509921.113355,0.000000,9.840000,5,-15.056788
661646.913281,1509921.113355,0.000000,9.840000,5,-15.056788
661646.913281,1509921.113355,0.000000,9.840000,5,-15.056788
661646.913281,1509921.113355,0.000000,9.840000,5,-15.056788
661646.913281,1509921.113355,0.000000,9.840000,5,-15.056788
661646.913281,1509921.113355,0.000000,9.840000,5,-15.056788
661646.913281,1509921.113355,0.000000,9.840000,5,-15.056788
661646.913281,1509921.113355,0.000000,9.840000,5,-15.056788
661646.913281,1509921.113355,0.000000,9.840000,5,-15.056788
661646.913281,1509921.113355,0.000000,9.840000,5,-15.056788
661646.913281,1509921.113355,0.000000,9.840000,5,-15.056788
661646.913281,1509921.113355,0.000000,9.840000,5,-15.056788
661646.913281,1509921.113355,0.000000,9.840000,5,-15.056788
661646.913281,1509921.113355,0.000000,9.840000,5,-15.056788
661646.913281,1509921.113355,0.000000,9.840000,5,-15.056788
661646.913281,1509921.113355,0.000000,9.840000,5,-15.056788
661646.913281,1509921.113355,0.000000,9.840000,5,-15.056788
661646.913281,1509921.113355,0.000000,9.840000,5,-15.056788
661646.913281,1509921.113355,0.000000,9.840000,5,-15.056788
661646.913281,1509921.113355,0.000000,9.840000,5,-15.056788
661646.913281,1509921.113355,0.000000,9.840000,5,-15.056788
661646.913281,1509921.113355,0.000000,9.840000,5,-15.056788
661646.913281,1509921.113355,0.000000,9.840000,5,-15.056788
661646.913281,1509921.113355,0.000000,9.840000,5,-15.056788
661646.913281,1509921.113355,0.000000,9.840000,5,-15.056788
661646.913281,1509921.113355,0.000000,9.840000,5,-15.056788
661646.913281,1509921.113355,0.000000,9.840000,5,-15.056788
661646.913281,1509921.113355,0.000000,9.840000,5,-15.056788
661646.913281,1509921.113355,0.000000,9.840000,5,-15.056788
661646.913281,1509921.113355,0.000000,9.840000,5,-15.056788
661646.913281,1509921.113355,0.000000,9.840000,5,-15.056788
661646.913281,1509921.113355,0.000000,9.840000,5,-15.056788
661646.913281,1509921.113355,0.000000,9.840000,5,-15.056788
661646.913281,1509921.113355,0.000000,9.840000,5,-15.056788
661646.913281,1509921.113355,0.000000,9.840000,5,-15.056788
661646.913281,1509921.113355,0.000000,9.840000,5,-15.056788
661646.913281,1509921.113355,0.000000,9.840000,5,-15.056788
661646.913281,1509921.113355,0.000000,9.840000,5,-15.056788
661646.913281,1509921.113355,0.000000,9.840000,5,-15.056788
661646.913281,1509921.113355,0.000000,9.840000,5,-15.056788
661646.913281,1509921.113355,0.000000,9.840000,5,-15.056788
661646.913281,1509921.113355,0.000000,9.840000,5,-15.056788
661646.913281,1509921.113355,0.000000,9.840000,5,-15.056788
661646.913281,1509921.113355,0.000000,9.840000,5,-15.056788
661646.913281,1509921.113355,0.000000,9.840000,5,-15.056788
661646.913281,1509921.113355,0.000000,9.840000,5,-15.056788
661646.913281,1509921.113355,0.000000,9.840000,5,-15.056788
661646.913281,1509921.113355,0.000000,9.840000,5,-15.056788
661646.913281,1509921.113355,0.000000,9.840000,5,-15.056788
661646.913281,1509921.113355,0.000000,9.840000,5,-15.056788
661646.913281,1509921.113355,0.000000,9.840000,5,-15.056788
661646.913281,1509921.113355,0.000000,9.840000,5,-15.056788
661646.913281,1509921.113355,0.000000,9.840000,5,-15.056788
661646.913281,1509921.113355,0.000000,9.840000,5,-15.056788
661646.913281,1509921.113355,0.000000,9.840000,5,-15.056788
661646.913281,1509921.113355,0.000000,9.840000,5,-15.056788
661646.913281,1509921.113355,0.000000,9.840000,5,-15.056788
661646.913281,1509921.113355,0.000000,9.840000,5,-15.056788
661646.913281,1509921.113355,0.000000,9.840000,5,-15.056788
661646.913281,1509921.113355,0.000000,9.840000,5,-15.056788
661646.913281,1509921.113355,0.000000,9.840000,5,-15.056788
661646.913281,1509921.113355,0.000000,9.840000,5,-15.056788
661646.913281,1509921.113355,0.000000,9.840000,5,-15.056788
661646.913281,1509921.113355,0.000000,9.840000,5,-15.056788
661646.913281,1509921.113355,0.000000,9.840000,5,-15.056788
661646.913281,1509921.113355,0.000000,9.840000,5,-15.056788
661646.913281,1509921.113355,0.000000,9.840000,5,-15.056788
661646.913281,1509921.113355,0.000000,9.840000,5,-15.056788
661646.913281,1509921.113355,0.000000,9.840000,5,-15.056788
661646.913281,1509921.113355,0.000000,9.840000,5,-15.056788
661646.913281,1509921.113355,0.000000,9.840000,5,-15.056788
661646.913281,1509921.113355,0.000000,9.840000,5,-15.056788
661646.913281,1509921.113355,0.000000,9.840000,5,-15.056788
661646.913281,1509921.113355,0.000000,9.840000,5,-15.056788
661646.913281,1509921.113355,0.000000,9.840000,5,-15.056788
661646.913281,1509921.113355,0.000000,9.840000,5,-15.056788
661646.913281,1509921.113355,0.000000,9.840000,5,-15.056788
661646.913281,1509921.113355,0.000000,9.840000,5,-15.056788
661646.913281,1509921.113355,0.000000,9.840000,5,-15.056788
661646.913281,1509921.113355,0.000000,9.840000,5,-15.056788
661646.913281,1509921.113355,0.000000,9.840000,5,-15.056788
661646.913281,1509921.113355,0.000000,9.840000,5,-15.056788
661646.913281,1509921.113355,0.000000,9.840000,5,-15.056788
661646.913281,1509921.113355,0.000000,9.840000,5,-15.056788
661646.913281,1509921.113355,0.000000,9.840000,5,-15.056788
661646.913281,1509921.113355,0.000000,9.840000,5,-15.056788
661646.913281,1509921.113355,0.000000,9.840000,5,-15.056788
661646.913281,1509921.113355,0.000000,9.840000,5,-15.056788
661646.913281,1509921.113355,0.000000,9.840000,5,-15.056788
661646.913281,1509921.113355,0.000000,9.840000,5,-15.056788
661646.913281,1509921.113355,0.000000,9.840000,5,-15.056788
661646.913281,1509921.113355,0.000000,9.840000,5,-15.056788
661646.913281,1509921.113355,0.000000,9.840000,5,-15.056788
661646.913281,1509921.113355,0.000000,9.840000,5,-15.056788
661646.913281,1509921.113355,0.000000,9.840000,5,-15.056788
661646.913281,1509921.113355,0.000000,9.840000,5,-15.056788
661646.913281,1509921.113355,0.000000,9.840000,5,-15.056788
661646.913281,1509921.113355,0.000000,9.840000,5,-15.056788
661646.913281,1509921.113355,0.000000,9.840000,5,-15.056788
661646.913281,1509921.113355,0.000000,9.840000,5,-15.056788
661646.913281,1509921.113355,0.000000,9.840000,5,-15.056788
661646.913281,1509921.113355,0.000000,9.840000,5,-15.056788
661646.913281,1509921.113355,0.000000,9.840000,5,-15.056788
661646.913281,1509921.113355,0.000000,9.840000,5,-15.056788
661646.913281,1509921.113355,0.000000,9.840000,5,-15.056788
661646.913281,1509921.113355,0.000000,9.840000,5,-15.056788
661646.913281,1509921.113355,0.000000,9.840000,5,-15.056788
661646.913281,1509921.113355,0.000000,9.840000,5,-15.056788
661646.913281,1509921.113355,0.000000,9.840000,5,-15.056788
661646.913281,1509921.113355,0.000000,9.840000,5,-15.056788
661646.913281,1509921.113355,0.000000,9.840000,5,-15.056788
661646.913281,1509921.113355,0.000000,9.840000,5,-15.056788
661646.913281,1509921.113355,0.000000,9.840000,5,-15.056788
661646.913281,1509921.113355,0.000000,9.840000,5,-15.056788
661646.913281,1509921.113355,0.000000,9.840000,5,-15.056788
661646.913281,1509921.113355,0.000000,9.840000,5,-15.056788
661646.913281,1509921.113355,0.000000,9.840000,5,-15.056788
661646.913281,1509921.113355,0.000000,9.840000,5,-15.056788
661646.913281,1509921.113355,0.000000,9.840000,5,-15.056788
661646.913281,1509921.113355,0.000000,9.840000,5,-15.056788
661646.913281,1509921.113355,0.000000,9.840000,5,-15.056788
661646.913281,1509921.113355,0.000000,9.840000,5,-15.056788
661646.913281,1509921.113355,0.000000,9.840000,5,-15.056788
661646.913281,1509921.113355,0.000000,9.840000,5,-15.056788
661646.913281,1509921.113355,0.000000,9.840000,5,-15.056788
661646.913281,1509921.113355,0.000000,9.840000,5,-15.056788
661646.913281,1509921.113355,0.000000,9.840000,5,-15.056788
661646.913281,1509921.113355,0.000000,9.840000,5,-15.056788
661646.913281,1509921.113355,0.000000,9.840000,5,-15.056788
661646.913281,1509921.113355,0.000000,9.840000,5,-15.056788
661646.913281,1509921.113355,0.000000,9.840000,5,-15.056788
661646.913281,1509921.113355,0.000000,9.840000,5,-15.056788
661646.913281,1509921.113355,0.000000,9.840000,5,-15.056788
661646.913281,1509921.113355,0.000000,9.840000,5,-15.056788
661646.913281,1509921.113355,0.000000,9.840000,5,-15.056788
661646.913281,1509921.113355,0.000000,9.840000,5,-15.056788
661646.913281,1509921.113355,0.000000,9.840000,5,-15.056788
661646.913281,1509921.113355,0.000000,9.840000,5,-15.056788
661646.913281,1509921.113355,0.000000,9.840000,5,-15.056788
661646.913281,1509921.113355,0.000000,9.840000,5,-15.056788
661646.913281,1509921.113355,0.000000,9.840000,5,-15.056788
661646.913281,1509921.113355,0.000000,9.840000,5,-15.056788
661646.913281,1509921.113355,0.000000,9.840000,5,-15.056788
661646.913281,1509921.113355,0.000000,9.840000,5,-15.056788
661646.913281,1509921.113355,0.000000,9.840000,5,-15.056788
661646.913281,1509921.113355,0.000000,9.840000,5,-15.056788
661646.913281,1509921.113355,0.000000,9.840000,5,-15.056788
661646.913281,1509921.113355,0.000000,9.840000,5,-15.056788
661646.913281,1509921.113355,0.000000,9.840000,5,-15.056788
661646.913281,1509921.113355,0.000000,9.840000,5,-15.056788
661646.913281,1509921.113355,0.000000,9.840000,5,-15.056788
661646.913281,1509921.113355,0.000000,9.840000,5,-15.056788
661646.913281,1509921.113355,0.000000,9.840000,5,-15.056788
661646.913281,1509921.113355,0.000000,9.840000,5,-15.056788
661646.913281,1509921.113355,0.000000,9.840000,5,-15.056788
661646.913281,1509921.113355,0.000000,9.840000,5,-15.056788
661646.913281,1509921.113355,0.000000,9.840000,5,-15.056788
661646.913281,1509921.113355,0.000000,9.840000,5,-15.056788
661646.913281,1509921.113355,0.000000,9.840000,5,-15.056788
661646.913281,1509921.113355,0.000000,9.840000,5,-15.056788
661646.913281,1509921.113355,0.000000,9.840000,5,-15.056788
661646.913281,1509921.113355,0.000000,9.840000,5,-15.056788
661646.913281,1509921.113355,0.000000,9.840000,5,-15.056788
661646.913281,1509921.113355,0.000000,9.840000,5,-15.056788
661646.913281,1509921.113355,0.000000,9.840000,5,-15.056788
661646.913281,1509921.113355,0.000000,9.840000,5,-15.056788
661646.913281,1509921.113355,0.000000,9.840000,5,-15.056788
661646.913281,1509921.113355,0.000000,9.840000,5,-15.056788
661646.913281,1509921.113355,0.000000,9.840000,5,-15.056788
661646.913281,1509921.113355,0.000000,9.840000,5,-15.056788
661646.913281,1509921.113355,0.000000,9.840000,5,-15.056788
661646.913281,1509921.113355,0.000000,9.840000,5,-15.056788
661646.913281,1509921.113355,0.000000,9.840000,5,-15.056788
661646.913281,1509921.113355,0.000000,9.840000,5,-15.056788
661646.913281,1509921.113355,0.000000,9.840000,5,-15.056788
661646.913281,1509921.113355,0.000000,9.840000,5,-15.056788
661646.913281,1509921.113355,0.000000,9.840000,5,-15.056788
661646.913281,1509921.113355,0.000000,9.840000,5,-15.056788
661646.913281,1509921.113355,0.000000,9.840000,5,-15.056788
661646.913281,1509921.113355,0.000000,9.840000,5,-15.056788
661646.913281,1509921.113355,0.000000,9.840000,5,-15.056788
661646.913281,1509921.113355,0.000000,9.840000,5,-15.056788
661646.913281,1509921.113355,0.000000,9.840000,5,-15.056788
661646.913281,1509921.113355,0.000000,9.840000,5,-15.056788
661646.913281,1509921.113355,0.000000,9.840000,5,-15.056788
661646.913281,1509921.113355,0.000000,9.840000,5,-15.056788
661646.913281,1509921.113355,0.000000,9.840000,5,-15.056788
661646.913281,1509921.113355,0.000000,9.840000,5,-15.056788
661646.913281,1509921.113355,0.000000,9.840000,5,-15.056788
661646.913281,1509921.113355,0.000000,9.840000,5,-15.056788
661646.913281,1509921.113355,0.000000,9.840000,5,-15.056788
661646.913281,1509921.113355,0.000000,9.840000,5,-15.056788
661646.913281,1509921.113355,0.000000,9.840000,5,-15.056788
661646.913281,1509921.113355,0.000000,9.840000,5,-15.056788
661646.913281,1509921.113355,0.000000,9.840000,5,-15.056788
661646.913281,1509921.113355,0.000000,9.840000,5,-15.056788
661646.913281,1509921.113355,0.000000,9.840000,5,-15.056788
661646.913281,1509921.113355,0.000000,9.840000,5,-15.056788
661646.913281,1509921.113355,0.000000,9.840000,5,-15.056788
661646.913281,1509921.113355,0.000000,9.840000,5,-15.056788
661646.913281,1509921.113355,0.000000,9.840000,5,-15.056788
661646.913281,1509921.113355,0.000000,9.840000,5,-15.056788
661646.913281,1509921.113355,0.000000,9.840000,5,-15.056788
661646.913281,1509921.113355,0.000000,9.840000,5,-15.056788
661646.913281,1509921.113355,0.000000,9.840000,5,-15.056788
661646.913281,1509921.113355,0.000000,9.840000,5,-15.056788
661646.913281,1509921.113355,0.000000,9.840000,5,-15.056788
661646.913281,1509921.113355,0.000000,9.840000,5,-15.056788
661646.913281,1509921.113355,0.000000,9.840000,5,-15.056788
661646.913281,1509921.113355,0.000000,9.840000,5,-15.056788
661646.913281,1509921.113355,0.000000,9.840000,5,-15.056788
661646.913281,1509921.113355,0.000000,9.840000,5,-15.056788
661646.913281,1509921.113355,0.000000,9.840000,5,-15.056788
661646.913281,1509921.113355,0.000000,9.840000,5,-15.056788
661646.913281,1509921.113355,0.000000,9.840000,5,-15.056788
661646.913281,1509921.113355,0.000000,9.840000,5,-15.056788
661646.913281,1509921.113355,0.000000,9.840000,5,-15.056788
661646.913281,1509921.113355,0.000000,9.840000,5,-15.056788
661646.913281,1509921.113355,0.000000,9.840000,5,-15.056788
661646.913281,1509921.113355,0.000000,9.840000,5,-15.056788
661646.913281,1509921.113355,0.000000,9.840000,5,-15.056788
661646.913281,1509921.113355,0.000000,9.840000,5,-15.056788
661646.913281,1509921.113355,0.000000,9.840000,5,-15.056788
661646.913281,1509921.113355,0.000000,9.840000,5,-15.056788
661646.913281,1509921.113355,0.000000,9.840000,5,-15.056788
661646.913281,1509921.113355,0.000000,9.840000,5,-15.056788
661646.913281,1509921.113355,0.000000,9.840000,5,-15.056788
661646.913281,1509921.113355,0.000000,9.840000,5,-15.056788
661646.913281,1509921.113355,0.000000,9.840000,5,-15.056788
661646.913281,1509921.113355,0.000000,9.840000,5,-15.056788
661646.913281,1509921.113355,0.000000,9.840000,5,-15.056788
661646.913281,1509921.113355,0.000000,9.840000,5,-15.056788
661646.913281,1509921.113355,0.000000,9.840000,5,-15.056788
661646.913281,1509921.113355,0.000000,9.840000,5,-15.056788
661646.913281,1509921.113355,0.000000,9.840000,5,-15.056788
661646.913281,1509921.113355,0.000000,9.840000,5,-15.056788
661646.913281,1509921.113355,0.000000,9.840000,5,-15.056788
661646.913281,1509921.113355,0.000000,9.840000,5,-15.056788
661646.913281,1509921.113355,0.000000,9.840000,5,-15.056788
661646.913281,1509921.113355,0.000000,9.840000,5,-15.056788
661646.913281,1509921.113355,0.000000,9.840000,5,-15.056788
661646.913281,1509921.113355,0.000000,9.840000,5,-15.056788
661646.913281,1509921.113355,0.000000,9.840000,5,-15.056788
661646.913281,1509921.113355,0.000000,9.840000,5,-15.056788
661646.913281,1509921.113355,0.000000,9.840000,5,-15.056788
661646.913281,1509921.113355,0.000000,9.840000,5,-15.056788
661646.913281,1509921.113355,0.000000,9.840000,5,-15.056788
661646.913281,1509921.113355,0.000000,9.840000,5,-15.056788
661646.913281,1509921.113355,0.000000,9.840000,5,-15.056788
661646.913281,1509921.113355,0.000000,9.840000,5,-15.056788
661646.913281,1509921.113355,0.000000,9.840000,5,-15.056788
661646.913281,1509921.113355,0.000000,9.840000,5,-15.056788
661646.913281,1509921.113355,0.000000,9.840000,5,-15.056788
661646.913281,1509921.113355,0.000000,9.840000,5,-15.056788
661646.913281,1509921.113355,0.000000,9.840000,5,-15.056788
661646.913281,1509921.113355,0.000000,9.840000,5,-15.056788
661646.913281,1509921.113355,0.000000,9.840000,5,-15.056788
661646.913281,1509921.113355,0.000000,9.840000,5,-15.056788
661646.913281,1509921.113355,0.000000,9.840000,5,-15.056788
661646.913281,1509921.113355,0.000000,9.840000,5,-15.056788
661646.913281,1509921.113355,0.000000,9.840000,5,-15.056788
661646.913281,1509921.113355,0.000000,9.840000,5,-15.056788
661646.913281,1509921.113355,0.000000,9.840000,5,-15.056788
661646.913281,1509921.113355,0.000000,9.840000,5,-15.056788
661646.913281,1509921.113355,0.000000,9.840000,5,-15.056788
661646.913281,1509921.113355,0.000000,9.840000,5,-15.056788
661646.913281,1509921.113355,0.000000,9.840000,5,-15.056788
661646.913281,1509921.113355,0.000000,9.840000,5,-15.056788
661646.913281,1509921.113355,0.000000,9.840000,5,-15.056788
661646.913281,1509921.113355,0.000000,9.840000,5,-15.056788
661646.913281,1509921.113355,0.000000,9.840000,5,-15.056788
661646.913281,1509921.113355,0.000000,9.840000,5,-15.056788
661646.913281,1509921.113355,0.000000,9.840000,5,-15.056788
661646.913281,1509921.113355,0.000000,9.840000,5,-15.056788
661646.913281,1509921.113355,0.000000,9.840000,5,-15.056788
661646.913281,1509921.113355,0.000000,9.840000,5,-15.056788
661646.913281,1509921.113355,0.000000,9.840000,5,-15.056788
661646.913281,1509921.113355,0.000000,9.840000,5,-15.056788
661646.913281,1509921.113355,0.000000,9.840000,5,-15.056788
661646.913281,1509921.113355,0.000000,9.840000,5,-15.056788
661646.913281,1509921.113355,0.000000,9.840000,5,-15.056788
661646.913281,1509921.113355,0.000000,9.840000,5,-15.056788
661646.913281,1509921.113355,0.000000,9.840000,5,-15.056788
661646.913281,1509921.113355,0.000000,9.840000,5,-15.056788
661646.913281,1509921.113355,0.000000,9.840000,5,-15.056788
661646.913281,1509921.113355,0.000000,9.840000,5,-15.056788
661646.913281,1509921.113355,0.000000,9.840000,5,-15.056788
661646.913281,1509921.113355,0.000000,9.840000,5,-15.056788
661646.913281,1509921.113355,0.000000,9.840000,5,-15.056788
661646.913281,1509921.113355,0.000000,9.840000,5,-15.056788
661646.913281,1509921.113355,0.000000,9.840000,5,-15.056788
661646.913281,1509921.113355,0.000000,9.840000,5,-15.056788
661646.913281,1509921.113355,0.000000,9.840000,5,-15.056788
661646.913281,1509921.113355,0.000000,9.840000,5,-15.056788
661646.913281,1509921.113355,0.000000,9.840000,5,-15.056788
661646.913281,1509921.113355,0.000000,9.840000,5,-15.056788
661646.913281,1509921.113355,0.000000,9.840000,5,-15.056788
661646.913281,1509921.113355,0.000000,9.840000,5,-15.056788
661646.913281,1509921.113355,0.000000,9.840000,5,-15.056788
661646.913281,1509921.113355,0.000000,9.840000,5,-15.056788
661646.913281,1509921.113355,0.000000,9.840000,5,-15.056788
661646.913281,1509921.113355,0.000000,9.840000,5,-15.056788
661646.913281,1509921.113355,0.000000,9.840000,5,-15.056788
661646.913281,1509921.113355,0.000000,9.840000,5,-15.056788
661646.913281,1509921.113355,0.000000,9.840000,5,-15.056788
661646.913281,1509921.113355,0.000000,9.840000,5,-15.056788
661646.913281,1509921.113355,0.000000,9.840000,5,-15.056788
661646.913281,1509921.113355,0.000000,9.840000,5,-15.056788
661646.913281,1509921.113355,0.000000,9.840000,5,-15.056788
661646.913281,1509921.113355,0.000000,9.840000,5,-15.056788
661646.913281,1509921.113355,0.000000,9.840000,5,-15.056788
661646.913281,1509921.113355,0.000000,9.840000,5,-15.056788
661646.913281,1509921.113355,0.000000,9.840000,5,-15.056788
661646.913281,1509921.113355,0.000000,9.840000,5,-15.056788
661646.913281,1509921.113355,0.000000,9.840000,5,-15.056788
661646.913281,1509921.113355,0.000000,9.840000,5,-15.056788
661646.913281,1509921.113355,0.000000,9.840000,5,-15.056788
661646.913281,1509921.113355,0.000000,9.840000,5,-15.056788
661646.913281,1509921.113355,0.000000,9.840000,5,-15.056788
661646.913281,1509921.113355,0.000000,9.840000,5,-15.056788
661646.913281,1509921.113355,0.000000,9.840000,5,-15.056788
661646.913281,1509921.113355,0.000000,9.840000,5,-15.056788
661646.913281,1509921.113355,0.000000,9.840000,5,-15.056788
661646.913281,1509921.113355,0.000000,9.840000,5,-15.056788
661646.913281,1509921.113355,0.000000,9.840000,5,-15.056788
661646.913281,1509921.113355,0.000000,9.840000,5,-15.056788
661646.913281,1509921.113355,0.000000,9.840000,5,-15.056788
661646.913281,1509921.113355,0.000000,9.840000,5,-15.056788
661646.913281,1509921.113355,0.000000,9.840000,5,-15.056788
661646.913281,1509921.113355,0.000000,9.840000,5,-15.056788
661646.913281,1509921.113355,0.000000,9.840000,5,-15.056788
661646.913281,1509921.113355,0.000000,9.840000,5,-15.056788
661646.913281,1509921.113355,0.000000,9.840000,5,-15.056788
661646.913281,1509921.113355,0.000000,9.840000,5,-15.056788
661646.913281,1509921.113355,0.000000,9.840000,5,-15.056788
661646.913281,1509921.113355,0.000000,9.840000,5,-15.056788
661646.913281,1509921.113355,0.000000,9.840000,5,-15.056788
661646.913281,1509921.113355,0.000000,9.840000,5,-15.056788
661646.913281,1509921.113355,0.000000,9.840000,5,-15.056788
661646.913281,1509921.113355,0.000000,9.840000,5,-15.056788
661646.913281,1509921.113355,0.000000,9.840000,5,-15.056788
661646.913281,1509921.113355,0.000000,9.840000,5,-15.056788
661646.913281,1509921.113355,0.000000,9.840000,5,-15.056788
661646.913281,1509921.113355,0.000000,9.840000,5,-15.056788
661646.913281,1509921.113355,0.000000,9.840000,5,-15.056788
661646.913281,1509921.113355,0.000000,9.840000,5,-15.056788
661646.913281,1509921.113355,0.000000,9.840000,5,-15.056788
661646.913281,1509921.113355,0.000000,9.840000,5,-15.056788
661646.913281,1509921.113355,0.000000,9.840000,5,-15.056788
661646.913281,1509921.113355,0.000000,9.840000,5,-15.056788
661646.913281,1509921.113355,0.000000,9.840000,5,-15.056788
661646.913281,1509921.113355,0.000000,9.840000,5,-15.056788
661646.913281,1509921.113355,0.000000,9.840000,5,-15.056788
661646.913281,1509921.113355,0.000000,9.840000,5,-15.056788
661646.913281,1509921.113355,0.000000,9.840000,5,-15.056788
661646.913281,1509921.113355,0.000000,9.840000,5,-15.056788
661646.913281,1509921.113355,0.000000,9.840000,5,-15.056788
661646.913281,1509921.113355,0.000000,9.840000,5,-15.056788
661646.913281,1509921.113355,0.000000,9.840000,5,-15.056788
661646.913281,1509921.113355,0.000000,9.840000,5,-15.056788
661646.913281,1509921.113355,0.000000,9.840000,5,-15.056788
661646.913281,1509921.113355,0.000000,9.840000,5,-15.056788
661646.913281,1509921.113355,0.000000,9.840000,5,-15.056788
661646.913281,1509921.113355,0.000000,9.840000,5,-15.056788
661646.913281,1509921.113355,0.000000,9.840000,5,-15.056788
661646.913281,1509921.113355,0.000000,9.840000,5,-15.056788
661646.913281,1509921.113355,0.000000,9.840000,5,-15.056788
661646.913281,1509921.113355,0.000000,9.840000,5,-15.056788
661646.913281,1509921.113355,0.000000,9.840000,5,-15.056788
661646.913281,1509921.113355,0.000000,9.840000,5,-15.056788
661646.913281,1509921.113355,0.000000,9.840000,5,-15.056788
661646.913281,1509921.113355,0.000000,9.840000,5,-15.056788
661646.913281,1509921.113355,0.000000,9.840000,5,-15.056788
661646.913281,1509921.113355,0.000000,9.840000,5,-15.056788
661646.913281,1509921.113355,0.000000,9.840000,5,-15.056788
661646.913281,1509921.113355,0.000000,9.840000,5,-15.056788
661646.913281,1509921.113355,0.000000,9.840000,5,-15.056788
661646.913281,1509921.113355,0.000000,9.840000,5,-15.056788
661646.913281,1509921.113355,0.000000,9.840000,5,-15.056788
661646.913281,1509921.113355,0.000000,9.840000,5,-15.056788
661646.913281,1509921.113355,0.000000,9.840000,5,-15.056788
661646.913281,1509921.113355,0.000000,9.840000,5,-15.056788
661646.913281,1509921.113355,0.000000,9.840000,5,-15.056788
661646.913281,1509921.113355,0.000000,9.840000,5,-15.056788
661646.913281,1509921.113355,0.000000,9.840000,5,-15.056788
661646.913281,1509921.113355,0.000000,9.840000,5,-15.056788
661646.913281,1509921.113355,0.000000,9.840000,5,-15.056788
661646.913281,1509921.113355,0.000000,9.840000,5,-15.056788
661646.913281,1509921.113355,0.000000,9.840000,5,-15.056788
661646.913281,1509921.113355,0.000000,9.840000,5,-15.056788
661646.913281,1509921.113355,0.000000,9.840000,5,-15.056788
661646.913281,1509921.113355,0.000000,9.840000,5,-15.056788
661646.913281,1509921.113355,0.000000,9.840000,5,-15.056788
661646.913281,1509921.113355,0.000000,9.840000,5,-15.056788
661646.913281,1509921.113355,0.000000,9.840000,5,-15.056788
661646.913281,1509921.113355,0.000000,9.840000,5,-15.056788
661646.913281,1509921.113355,0.000000,9.840000,5,-15.056788
661646.913281,1509921.113355,0.000000,9.840000,5,-15.056788
661646.913281,1509921.113355,0.000000,9.840000,5,-15.056788
661646.913281,1509921.113355,0.000000,9.840000,5,-15.056788
661646.913281,1509921.113355,0.000000,9.840000,5,-15.056788
661646.913281,1509921.113355,0.000000,9.840000,5,-15.056788
661646.913281,1509921.113355,0.000000,9.840000,5,-15.056788
661646.913281,1509921.113355,0.000000,9.840000,5,-15.056788
661646.913281,1509921.113355,0.000000,9.840000,5,-15.056788
661646.913281,1509921.113355,0.000000,9.840000,5,-15.056788
661646.913281,1509921.113355,0.000000,9.840000,5,-15.056788
661646.913281,1509921.113355,0.000000,9.840000,5,-15.056788
661646.913281,1509921.113355,0.000000,9.840000,5,-15.056788
661646.913281,1509921.113355,0.000000,9.840000,5,-15.056788
661646.913281,1509921.113355,0.000000,9.840000,5,-15.056788
661646.913281,1509921.113355,0.000000,9.840000,5,-15.056788
661646.913281,1509921.113355,0.000000,9.840000,5,-15.056788
661646.913281,1509921.113355,0.000000,9.840000,5,-15.056788
661646.913281,1509921.113355,0.000000,9.840000,5,-15.056788
661646.913281,1509921.113355,0.000000,9.840000,5,-15.056788
661646.913281,1509921.113355,0.000000,9.840000,5,-15.056788
661646.913281,1509921.113355,0.000000,9.840000,5,-15.056788
661646.913281,1509921.113355,0.000000,9.840000,5,-15.056788
661646.913281,1509921.113355,0.000000,9.840000,5,-15.056788
661646.913281,1509921.113355,0.000000,9.840000,5,-15.056788
661646.913281,1509921.113355,0.000000,9.840000,5,-15.056788
661646.913281,1509921.113355,0.000000,9.840000,5,-15.056788
661646.913281,1509921.113355,0.000000,9.840000,5,-15.056788
661646.913281,1509921.113355,0.000000,9.840000,5,-15.056788
661646.913281,1509921.113355,0.000000,9.840000,5,-15.056788
661646.913281,1509921.113355,0.000000,9.840000,5,-15.056788
661646.913281,1509921.113355,0.000000,9.840000,5,-15.056788
661646.913281,1509921.113355,0.000000,9.840000,5,-15.056788
661646.913281,1509921.113355,0.000000,9.840000,5,-15.056788
661646.913281,1509921.113355,0.000000,9.840000,5,-15.056788
661646.913281,1509921.113355,0.000000,9.840000,5,-15.056788
661646.913281,1509921.113355,0.000000,9.840000,5,-15.056788
661646.913281,1509921.113355,0.000000,9.840000,5,-15.056788
661646.913281,1509921.113355,0.000000,9.840000,5,-15.056788
661646.913281,1509921.113355,0.000000,9.840000,5,-15.056788
661646.913281,1509921.113355,0.000000,9.840000,5,-15.056788
661646.913281,1509921.113355,0.000000,9.840000,5,-15.056788
661646.913281,1509921.113355,0.000000,9.840000,5,-15.056788
661646.913281,1509921.113355,0.000000,9.840000,5,-15.056788
661646.913281,1509921.113355,0.000000,9.840000,5,-15.056788
661646.913281,1509921.113355,0.000000,9.840000,5,-15.056788
661646.913281,1509921.113355,0.000000,9.840000,5,-15.056788
661646.913281,1509921.113355,0.000000,9.840000,5,-15.056788
661646.913281,1509921.113355,0.000000,9.840000,5,-15.056788
661646.913281,1509921.113355,0.000000,9.840000,5,-15.056788
661646.913281,1509921.113355,0.000000,9.840000,5,-15.056788
661646.913281,1509921.113355,0.000000,9.840000,5,-15.056788
661646.913281,1509921.113355,0.000000,9.840000,5,-15.056788
661646.913281,1509921.113355,0.000000,9.840000,5,-15.056788
661646.913281,1509921.113355,0.000000,9.840000,5,-15.056788
661646.913281,1509921.113355,0.000000,9.840000,5,-15.056788
661646.913281,1509921.113355,0.000000,9.840000,5,-15.056788
661646.913281,1509921.113355,0.000000,9.840000,5,-15.056788
661646.913281,1509921.113355,0.000000,9.840000,5,-15.056788
661646.913281,1509921.113355,0.000000,9.840000,5,-15.056788
661646.913281,1509921.113355,0.000000,9.840000,5,-15.056788
661646.913281,1509921.113355,0.000000,9.840000,5,-15.056788
661646.913281,1509921.113355,0.000000,9.840000,5,-15.056788
661646.913281,1509921.113355,0.000000,9.840000,5,-15.056788
661646.913281,1509921.113355,0.000000,9.840000,5,-15.056788
661646.913281,1509921.113355,0.000000,9.840000,5,-15.056788
661646.913281,1509921.113355,0.000000,9.840000,5,-15.056788
661646.913281,1509921.113355,0.000000,9.840000,5,-15.056788
661646.913281,1509921.113355,0.000000,9.840000,5,-15.056788
661646.913281,1509921.113355,0.000000,9.840000,5,-15.056788
661646.913281,1509921.113355,0.000000,9.840000,5,-15.056788
661646.913281,1509921.113355,0.000000,9.840000,5,-15.056788
661646.913281,1509921.113355,0.000000,9.840000,5,-15.056788
661646.913281,1509921.113355,0.000000,9.840000,5,-15.056788
661646.913281,1509921.113355,0.000000,9.840000,5,-15.056788
661646.913281,1509921.113355,0.000000,9.840000,5,-15.056788
661646.913281,1509921.113355,0.000000,9.840000,5,-15.056788
661646.913281,1509921.113355,0.000000,9.840000,5,-15.056788
661646.913281,1509921.113355,0.000000,9.840000,5,-15.056788
661646.913281,1509921.113355,0.000000,9.840000,5,-15.056788
661646.913281,1509921.113355,0.000000,9.840000,5,-15.056788
661646.913281,1509921.113355,0.000000,9.840000,5,-15.056788
661646.913281,1509921.113355,0.000000,9.840000,5,-15.056788
661646.913281,1509921.113355,0.000000,9.840000,5,-15.056788
661646.913281,1509921.113355,0.000000,9.840000,5,-15.056788
661646.913281,1509921.113355,0.000000,9.840000,5,-15.056788
661646.913281,1509921.113355,0.000000,9.840000,5,-15.056788
661646.913281,1509921.113355,0.000000,9.840000,5,-15.056788
661646.913281,1509921.113355,0.000000,9.840000,5,-15.056788
661646.913281,1509921.113355,0.000000,9.840000,5,-15.056788
661646.913281,1509921.113355,0.000000,9.840000,5,-15.056788
661646.913281,1509921.113355,0.000000,9.840000,5,-15.056788
661646.913281,1509921.113355,0.000000,9.840000,5,-15.056788
661646.913281,1509921.113355,0.000000,9.840000,5,-15.056788
661646.913281,1509921.113355,0.000000,9.840000,5,-15.056788
661646.913281,1509921.113355,0.000000,9.840000,5,-15.056788
661646.913281,1509921.113355,0.000000,9.840000,5,-15.056788
661646.913281,1509921.113355,0.000000,9.840000,5,-15.056788
661646.913281,1509921.113355,0.000000,9.840000,5,-15.056788
661646.913281,1509921.113355,0.000000,9.840000,5,-15.056788
661646.913281,1509921.113355,0.000000,9.840000,5,-15.056788
661646.913281,1509921.113355,0.000000,9.840000,5,-15.056788
661646.913281,1509921.113355,0.000000,9.840000,5,-15.056788
661646.913281,1509921.113355,0.000000,9.840000,5,-15.056788
661646.913281,1509921.113355,0.000000,9.840000,5,-15.056788
661646.913281,1509921.113355,0.000000,9.840000,5,-15.056788
661646.913281,1509921.113355,0.000000,9.840000,5,-15.056788
661646.913281,1509921.113355,0.000000,9.840000,5,-15.056788
661646.913281,1509921.113355,0.000000,9.840000,5,-15.056788
661646.913281,1509921.113355,0.000000,9.840000,5,-15.056788
661646.913281,1509921.113355,0.000000,9.840000,5,-15.056788
661646.913281,1509921.113355,0.000000,9.840000,5,-15.056788
661646.913281,1509921.113355,0.000000,9.840000,5,-15.056788
661646.913281,1509921.113355,0.000000,9.840000,5,-15.056788
661646.913281,1509921.113355,0.000000,9.840000,5,-15.056788
661646.913281,1509921.113355,0.000000,9.840000,5,-15.056788
661646.913281,1509921.113355,0.000000,9.840000,5,-15.056788
661646.913281,1509921.113355,0.000000,9.840000,5,-15.056788
661646.913281,1509921.113355,0.000000,9.840000,5,-15.056788
661646.913281,1509921.113355,0.000000,9.840000,5,-15.056788
661646.913281,1509921.113355,0.000000,9.840000,5,-15.056788
661646.913281,1509921.113355,0.000000,9.840000,5,-15.056788
661646.913281,1509921.113355,0.000000,9.840000,5,-15.056788
661646.913281,1509921.113355,0.000000,9.840000,5,-15.056788
661646.913281,1509921.113355,0.000000,9.840000,5,-15.056788
661646.913281,1509921.113355,0.000000,9.840000,5,-15.056788
661646.913281,1509921.113355,0.000000,9.840000,5,-15.056788
661646.913281,1509921.113355,0.000000,9.840000,5,-15.056788
661646.913281,1509921.113355,0.000000,9.840000,5,-15.056788
661646.913281,1509921.113355,0.000000,9.840000,5,-15.056788
661646.913281,1509921.113355,0.000000,9.840000,5,-15.056788
661646.913281,1509921.113355,0.000000,9.840000,5,-15.056788
661646.913281,1509921.113355,0.000000,9.840000,5,-15.056788
661646.913281,1509921.113355,0.000000,9.840000,5,-15.056788
661646.913281,1509921.113355,0.000000,9.840000,5,-15.056788
661646.913281,1509921.113355,0.000000,9.840000,5,-15.056788
661646.913281,1509921.113355,0.000000,9.840000,5,-15.056788
661646.913281,1509921.113355,0.000000,9.840000,5,-15.056788
661646.913281,1509921.113355,0.000000,9.840000,5,-15.056788
661646.913281,1509921.113355,0.000000,9.840000,5,-15.056788
661646.913281,1509921.113355,0.000000,9.840000,5,-15.056788
661646.913281,1509921.113355,0.000000,9.840000,5,-15.056788
661646.913281,1509921.113355,0.000000,9.840000,5,-15.056788
661646.913281,1509921.113355,0.000000,9.840000,5,-15.056788
661646.913281,1509921.113355,0.000000,9.840000,5,-15.056788
661646.913281,1509921.113355,0.000000,9.840000,5,-15.056788
661646.913281,1509921.113355,0.000000,9.840000,5,-15.056788
661646.913281,1509921.113355,0.000000,9.840000,5,-15.056788
661646.913281,1509921.113355,0.000000,9.840000,5,-15.056788
661646.913281,1509921.113355,0.000000,9.840000,5,-15.056788
661646.913281,1509921.113355,0.000000,9.840000,5,-15.056788
661646.913281,1509921.113355,0.000000,9.840000,5,-15.056788
661646.913281,1509921.113355,0.000000,9.840000,5,-15.056788
661646.913281,1509921.113355,0.000000,9.840000,5,-15.056788
661646.913281,1509921.113355,0.000000,9.840000,5,-15.056788
661646.913281,1509921.113355,0.000000,9.840000,5,-15.056788
661646.913281,1509921.113355,0.000000,9.840000,5,-15.056788
661646.913281,1509921.113355,0.000000,9.840000,5,-15.056788
661646.913281,1509921.113355,0.000000,9.840000,5,-15.056788
661646.913281,1509921.113355,0.000000,9.840000,5,-15.056788
661646.913281,1509921.113355,0.000000,9.840000,5,-15.056788
661646.913281,1509921.113355,0.000000,9.840000,5,-15.056788
661646.913281,1509921.113355,0.000000,9.840000,5,-15.056788
661646.913281,1509921.113355,0.000000,9.840000,5,-15.056788
661646.913281,1509921.113355,0.000000,9.840000,5,-15.056788
661646.913281,1509921.113355,0.000000,9.840000,5,-15.056788
661646.913281,1509921.113355,0.000000,9.840000,5,-15.056788
661646.913281,1509921.113355,0.000000,9.840000,5,-15.056788
661646.913281,1509921.113355,0.000000,9.840000,5,-15.056788
661646.913281,1509921.113355,0.000000,9.840000,5,-15.056788
661646.913281,1509921.113355,0.000000,9.840000,5,-15.056788
661646.913281,1509921.113355,0.000000,9.840000,5,-15.056788
661646.913281,1509921.113355,0.000000,9.840000,5,-15.056788
661646.913281,1509921.113355,0.000000,9.840000,5,-15.056788
661646.913281,1509921.113355,0.000000,9.840000,5,-15.056788
661646.913281,1509921.113355,0.000000,9.840000,5,-15.056788
661646.913281,1509921.113355,0.000000,9.840000,5,-15.056788
661646.913281,1509921.113355,0.000000,9.840000,5,-15.056788
661646.913281,1509921.113355,0.000000,9.840000,5,-15.056788
661646.913281,1509921.113355,0.000000,9.840000,5,-15.056788
661646.913281,1509921.113355,0.000000,9.840000,5,-15.056788
661646.913281,1509921.113355,0.000000,9.840000,5,-15.056788
661646.913281,1509921.113355,0.000000,9.840000,5,-15.056788
661646.913281,1509921.113355,0.000000,9.840000,5,-15.056788
661646.913281,1509921.113355,0.000000,9.840000,5,-15.056788
661646.913281,1509921.113355,0.000000,9.840000,5,-15.056788
661646.913281,1509921.113355,0.000000,9.840000,5,-15.056788
661646.913281,1509921.113355,0.000000,9.840000,5,-15.056788
661646.913281,1509921.113355,0.000000,9.840000,5,-15.056788
661646.913281,1509921.113355,0.000000,9.840000,5,-15.056788
661646.913281,1509921.113355,0.000000,9.840000,5,-15.056788
661646.913281,1509921.113355,0.000000,9.840000,5,-15.056788
661646.913281,1509921.113355,0.000000,9.840000,5,-15.056788
661646.913281,1509921.113355,0.000000,9.840000,5,-15.056788
661646.913281,1509921.113355,0.000000,9.840000,5,-15.056788
661646.913281,1509921.113355,0.000000,9.840000,5,-15.056788
661646.913281,1509921.113355,0.000000,9.840000,5,-15.056788
661646.913281,1509921.113355,0.000000,9.840000,5,-15.056788
661646.913281,1509921.113355,0.000000,9.840000,5,-15.056788
661646.913281,1509921.113355,0.000000,9.840000,5,-15.056788
661646.913281,1509921.113355,0.000000,9.840000,5,-15.056788
661646.913281,1509921.113355,0.000000,9.840000,5,-15.056788
661646.913281,1509921.113355,0.000000,9.840000,5,-15.056788
661646.913281,1509921.113355,0.000000,9.840000,5,-15.056788
661646.913281,1509921.113355,0.000000,9.840000,5,-15.056788
661646.913281,1509921.113355,0.000000,9.840000,5,-15.056788
661646.913281,1509921.113355,0.000000,9.840000,5,-15.056788
661646.913281,1509921.113355,0.000000,9.840000,5,-15.056788
661646.913281,1509921.113355,0.000000,9.840000,5,-15.056788
661646.913281,1509921.113355,0.000000,9.840000,5,-15.056788
661646.913281,1509921.113355,0.000000,9.840000,5,-15.056788
661646.913281,1509921.113355,0.000000,9.840000,5,-15.056788
661646.913281,1509921.113355,0.000000,9.840000,5,-15.056788
661646.913281,1509921.113355,0.000000,9.840000,5,-15.056788
661646.913281,1509921.113355,0.000000,9.840000,5,-15.056788
661646.913281,1509921.113355,0.000000,9.840000,5,-15.056788
661646.913281,1509921.113355,0.000000,9.840000,5,-15.056788
661646.913281,1509921.113355,0.000000,9.840000,5,-15.056788
661646.913281,1509921.113355,0.000000,9.840000,5,-15.056788
661646.913281,1509921.113355,0.000000,9.840000,5,-15.056788
661646.913281,1509921.113355,0.000000,9.840000,5,-15.056788
661646.913281,1509921.113355,0.000000,9.840000,5,-15.056788
661646.913281,1509921.113355,0.000000,9.840000,5,-15.056788
661646.913281,1509921.113355,0.000000,9.840000,5,-15.056788
661646.913281,1509921.113355,0.000000,9.840000,5,-15.056788
661646.913281,1509921.113355,0.000000,9.840000,5,-15.056788
661646.913281,1509921.113355,0.000000,9.840000,5,-15.056788
661646.913281,1509921.113355,0.000000,9.840000,5,-15.056788
661646.913281,1509921.113355,0.000000,9.840000,5,-15.056788
661646.913281,1509921.113355,0.000000,9.840000,5,-15.056788
661646.913281,1509921.113355,0.000000,9.840000,5,-15.056788
661646.913281,1509921.113355,0.000000,9.840000,5,-15.056788
661646.913281,1509921.113355,0.000000,9.840000,5,-15.056788
661646.913281,1509921.113355,0.000000,9.840000,5,-15.056788
661646.913281,1509921.113355,0.000000,9.840000,5,-15.056788
661646.913281,1509921.113355,0.000000,9.840000,5,-15.056788
661646.913281,1509921.113355,0.000000,9.840000,5,-15.056788
661646.913281,1509921.113355,0.000000,9.840000,5,-15.056788
661646.913281,1509921.113355,0.000000,9.840000,5,-15.056788
661646.913281,1509921.113355,0.000000,9.840000,5,-15.056788
661646.913281,1509921.113355,0.000000,9.840000,5,-15.056788
661646.913281,1509921.113355,0.000000,9.840000,5,-15.056788
661646.913281,1509921.113355,0.000000,9.840000,5,-15.056788
661646.913281,1509921.113355,0.000000,9.840000,5,-15.056788
661646.913281,1509921.113355,0.000000,9.840000,5,-15.056788
661646.913281,1509921.113355,0.000000,9.840000,5,-15.056788
661646.913281,1509921.113355,0.000000,9.840000,5,-15.056788
661646.913281,1509921.113355,0.000000,9.840000,5,-15.056788
661646.913281,1509921.113355,0.000000,9.840000,5,-15.056788
661646.913281,1509921.113355,0.000000,9.840000,5,-15.056788
661646.913281,1509921.113355,0.000000,9.840000,5,-15.056788
661646.913281,1509921.113355,0.000000,9.840000,5,-15.056788
661646.913281,1509921.113355,0.000000,9.840000,5,-15.056788
661646.913281,1509921.113355,0.000000,9.840000,5,-15.056788
661646.913281,1509921.113355,0.000000,9.840000,5,-15.056788
661646.913281,1509921.113355,0.000000,9.840000,5,-15.056788
661646.913281,1509921.113355,0.000000,9.840000,5,-15.056788
661646.913281,1509921.113355,0.000000,9.840000,5,-15.056788
661646.913281,1509921.113355,0.000000,9.840000,5,-15.056788
661646.913281,1509921.113355,0.000000,9.840000,5,-15.056788
661646.913281,1509921.113355,0.000000,9.840000,5,-15.056788
661646.913281,1509921.113355,0.000000,9.840000,5,-15.056788
661646.913281,1509921.113355,0.000000,9.840000,5,-15.056788
661646.913281,1509921.113355,0.000000,9.840000,5,-15.056788
661646.913281,1509921.113355,0.000000,9.840000,5,-15.056788
661646.913281,1509921.113355,0.000000,9.840000,5,-15.056788
661646.913281,1509921.113355,0.000000,9.840000,5,-15.056788
661646.913281,1509921.113355,0.000000,9.840000,5,-15.056788
661646.913281,1509921.113355,0.000000,9.840000,5,-15.056788
661646.913281,1509921.113355,0.000000,9.840000,5,-15.056788
661646.913281,1509921.113355,0.000000,9.840000,5,-15.056788
661646.913281,1509921.113355,0.000000,9.840000,5,-15.056788
661646.913281,1509921.113355,0.000000,9.840000,5,-15.056788
661646.913281,1509921.113355,0.000000,9.840000,5,-15.056788
661646.913281,1509921.113355,0.000000,9.840000,5,-15.056788
661646.913281,1509921.113355,0.000000,9.840000,5,-15.056788
661646.913281,1509921.113355,0.000000,9.840000,5,-15.056788
661646.913281,1509921.113355,0.000000,9.840000,5,-15.056788
661646.913281,1509921.113355,0.000000,9.840000,5,-15.056788
661646.913281,1509921.113355,0.000000,9.840000,5,-15.056788
661646.913281,1509921.113355,0.000000,9.840000,5,-15.056788
661646.913281,1509921.113355,0.000000,9.840000,5,-15.056788
661646.913281,1509921.113355,0.000000,9.840000,5,-15.056788
661646.913281,1509921.113355,0.000000,9.840000,5,-15.056788
661646.913281,1509921.113355,0.000000,9.840000,5,-15.056788
661646.913281,1509921.113355,0.000000,9.840000,5,-15.056788
661646.913281,1509921.113355,0.000000,9.840000,5,-15.056788
661646.913281,1509921.113355,0.000000,9.840000,5,-15.056788
661646.913281,1509921.113355,0.000000,9.840000,5,-15.056788
661646.913281,1509921.113355,0.000000,9.840000,5,-15.056788
661646.913281,1509921.113355,0.000000,9.840000,5,-15.056788
661646.913281,1509921.113355,0.000000,9.840000,5,-15.056788
661646.913281,1509921.113355,0.000000,9.840000,5,-15.056788
661646.913281,1509921.113355,0.000000,9.840000,5,-15.056788
661646.913281,1509921.113355,0.000000,9.840000,5,-15.056788
661646.913281,1509921.113355,0.000000,9.840000,5,-15.056788
661646.913281,1509921.113355,0.000000,9.840000,5,-15.056788
661646.913281,1509921.113355,0.000000,9.840000,5,-15.056788
661646.913281,1509921.113355,0.000000,9.840000,5,-15.056788
661646.913281,1509921.113355,0.000000,9.840000,5,-15.056788
661646.913281,1509921.113355,0.000000,9.840000,5,-15.056788
661646.913281,1509921.113355,0.000000,9.840000,5,-15.056788
661646.913281,1509921.113355,0.000000,9.840000,5,-15.056788
661646.913281,1509921.113355,0.000000,9.840000,5,-15.056788
661646.913281,1509921.113355,0.000000,9.840000,5,-15.056788
661646.913281,1509921.113355,0.000000,9.840000,5,-15.056788
661646.913281,1509921.113355,0.000000,9.840000,5,-15.056788
661646.913281,1509921.113355,0.000000,9.840000,5,-15.056788
661646.913281,1509921.113355,0.000000,9.840000,5,-15.056788
661646.913281,1509921.113355,0.000000,9.840000,5,-15.056788
661646.913281,1509921.113355,0.000000,9.840000,5,-15.056788
661646.913281,1509921.113355,0.000000,9.840000,5,-15.056788
661646.913281,1509921.113355,0.000000,9.840000,5,-15.056788
661646.913281,1509921.113355,0.000000,9.840000,5,-15.056788
661646.913281,1509921.113355,0.000000,9.840000,5,-15.056788
661646.913281,1509921.113355,0.000000,9.840000,5,-15.056788
661646.913281,1509921.113355,0.000000,9.840000,5,-15.056788
661646.913281,1509921.113355,0.000000,9.840000,5,-15.056788
661646.913281,1509921.113355,0.000000,9.840000,5,-15.056788
661646.913281,1509921.113355,0.000000,9.840000,5,-15.056788
661646.913281,1509921.113355,0.000000,9.840000,5,-15.056788
661646.913281,1509921.113355,0.000000,9.840000,5,-15.056788
661646.913281,1509921.113355,0.000000,9.840000,5,-15.056788
661646.913281,1509921.113355,0.000000,9.840000,5,-15.056788
661646.913281,1509921.113355,0.000000,9.840000,5,-15.056788
661646.913281,1509921.113355,0.000000,9.840000,5,-15.056788
661646.913281,1509921.113355,0.000000,9.840000,5,-15.056788
661646.913281,1509921.113355,0.000000,9.840000,5,-15.056788
661646.913281,1509921.113355,0.000000,9.840000,5,-15.056788
661646.913281,1509921.113355,0.000000,9.840000,5,-15.056788
661646.913281,1509921.113355,0.000000,9.840000,5,-15.056788
661646.913281,1509921.113355,0.000000,9.840000,5,-15.056788
661646.913281,1509921.113355,0.000000,9.840000,5,-15.056788
661646.913281,1509921.113355,0.000000,9.840000,5,-15.056788
661646.913281,1509921.113355,0.000000,9.840000,5,-15.056788
661646.913281,1509921.113355,0.000000,9.840000,5,-15.056788
661646.913281,1509921.113355,0.000000,9.840000,5,-15.056788
661646.913281,1509921.113355,0.000000,9.840000,5,-15.056788
661646.913281,1509921.113355,0.000000,9.840000,5,-15.056788
661646.913281,1509921.113355,0.000000,9.840000,5,-15.056788
661646.913281,1509921.113355,0.000000,9.840000,5,-15.056788
661646.913281,1509921.113355,0.000000,9.840000,5,-15.056788
661646.913281,1509921.113355,0.000000,9.840000,5,-15.056788
661646.913281,1509921.113355,0.000000,9.840000,5,-15.056788
661646.913281,1509921.113355,0.000000,9.840000,5,-15.056788
661646.913281,1509921.113355,0.000000,9.840000,5,-15.056788
661646.913281,1509921.113355,0.000000,9.840000,5,-15.056788
661646.913281,1509921.113355,0.000000,9.840000,5,-15.056788
661646.913281,1509921.113355,0.000000,9.840000,5,-15.056788
661646.913281,1509921.113355,0.000000,9.840000,5,-15.056788
661646.913281,1509921.113355,0.000000,9.840000,5,-15.056788
661646.913281,1509921.113355,0.000000,9.840000,5,-15.056788
661646.913281,1509921.113355,0.000000,9.840000,5,-15.056788
661646.913281,1509921.113355,0.000000,9.840000,5,-15.056788
661646.913281,1509921.113355,0.000000,9.840000,5,-15.056788
661646.913281,1509921.113355,0.000000,9.840000,5,-15.056788
661646.913281,1509921.113355,0.000000,9.840000,5,-15.056788
661646.913281,1509921.113355,0.000000,9.840000,5,-15.056788
661646.913281,1509921.113355,0.000000,9.840000,5,-15.056788
661646.913281,1509921.113355,0.000000,9.840000,5,-15.056788
661646.913281,1509921.113355,0.000000,9.840000,5,-15.056788
661646.913281,1509921.113355,0.000000,9.840000,5,-15.056788
661646.913281,1509921.113355,0.000000,9.840000,5,-15.056788
661646.913281,1509921.113355,0.000000,9.840000,5,-15.056788
661646.913281,1509921.113355,0.000000,9.840000,5,-15.056788
661646.913281,1509921.113355,0.000000,9.840000,5,-15.056788
661646.913281,1509921.113355,0.000000,9.840000,5,-15.056788
661646.913281,1509921.113355,0.000000,9.840000,5,-15.056788
661646.913281,1509921.113355,0.000000,9.840000,5,-15.056788
661646.913281,1509921.113355,0.000000,9.840000,5,-15.056788
661646.913281,1509921.113355,0.000000,9.840000,5,-15.056788
661646.913281,1509921.113355,0.000000,9.840000,5,-15.056788
661646.913281,1509921.113355,0.000000,9.840000,5,-15.056788
661646.913281,1509921.113355,0.000000,9.840000,5,-15.056788
661646.913281,1509921.113355,0.000000,9.840000,5,-15.056788
661646.913281,1509921.113355,0.000000,9.840000,5,-15.056788
661646.913281,1509921.113355,0.000000,9.840000,5,-15.056788
661646.913281,1509921.113355,0.000000,9.840000,5,-15.056788
661646.913281,1509921.113355,0.000000,9.840000,5,-15.056788
661646.913281,1509921.113355,0.000000,9.840000,5,-15.056788
661646.913281,1509921.113355,0.000000,9.840000,5,-15.056788
661646.913281,1509921.113355,0.000000,9.840000,5,-15.056788
661646.913281,1509921.113355,0.000000,9.840000,5,-15.056788
661646.913281,1509921.113355,0.000000,9.840000,5,-15.056788
661646.913281,1509921.113355,0.000000,9.840000,5,-15.056788
661646.913281,1509921.113355,0.000000,9.840000,5,-15.056788
661646.913281,1509921.113355,0.000000,9.840000,5,-15.056788
661646.913281,1509921.113355,0.000000,9.840000,5,-15.056788
661646.913281,1509921.113355,0.000000,9.840000,5,-15.056788
661646.913281,1509921.113355,0.000000,9.840000,5,-15.056788
661646.913281,1509921.113355,0.000000,9.840000,5,-15.056788
661646.913281,1509921.113355,0.000000,9.840000,5,-15.056788
661646.913281,1509921.113355,0.000000,9.840000,5,-15.056788
661646.913281,1509921.113355,0.000000,9.840000,5,-15.056788
661646.913281,1509921.113355,0.000000,9.840000,5,-15.056788
661646.913281,1509921.113355,0.000000,9.840000,5,-15.056788
661646.913281,1509921.113355,0.000000,9.840000,5,-15.056788
661646.913281,1509921.113355,0.000000,9.840000,5,-15.056788
661646.913281,1509921.113355,0.000000,9.840000,5,-15.056788
661646.913281,1509921.113355,0.000000,9.840000,5,-15.056788
661646.913281,1509921.113355,0.000000,9.840000,5,-15.056788
661646.913281,1509921.113355,0.000000,9.840000,5,-15.056788
661646.913281,1509921.113355,0.000000,9.840000,5,-15.056788
661646.913281,1509921.113355,0.000000,9.840000,5,-15.056788
661646.913281,1509921.113355,0.000000,9.840000,5,-15.056788
661646.913281,1509921.113355,0.000000,9.840000,5,-15.056788
661646.913281,1509921.113355,0.000000,9.840000,5,-15.056788
661646.913281,1509921.113355,0.000000,9.840000,5,-15.056788
661646.913281,1509921.113355,0.000000,9.840000,5,-15.056788
661646.913281,1509921.113355,0.000000,9.840000,5,-15.056788
661646.913281,1509921.113355,0.000000,9.840000,5,-15.056788
661646.913281,1509921.113355,0.000000,9.840000,5,-15.056788
661646.913281,1509921.113355,0.000000,9.840000,5,-15.056788
661646.913281,1509921.113355,0.000000,9.840000,5,-15.056788
661646.913281,1509921.113355,0.000000,9.840000,5,-15.056788
661646.913281,1509921.113355,0.000000,9.840000,5,-15.056788
661646.913281,1509921.113355,0.000000,9.840000,5,-15.056788
661646.913281,1509921.113355,0.000000,9.840000,5,-15.056788
661646.913281,1509921.113355,0.000000,9.840000,5,-15.056788
661646.913281,1509921.113355,0.000000,9.840000,5,-15.056788
661646.913281,1509921.113355,0.000000,9.840000,5,-15.056788
661646.913281,1509921.113355,0.000000,9.840000,5,-15.056788
661646.913281,1509921.113355,0.000000,9.840000,5,-15.056788
661646.913281,1509921.113355,0.000000,9.840000,5,-15.056788
661646.913281,1509921.113355,0.000000,9.840000,5,-15.056788
661646.913281,1509921.113355,0.000000,9.840000,5,-15.056788
661646.913281,1509921.113355,0.000000,9.840000,5,-15.056788
661646.913281,1509921.113355,0.000000,9.840000,5,-15.056788
661646.913281,1509921.113355,0.000000,9.840000,5,-15.056788
661646.913281,1509921.113355,0.000000,9.840000,5,-15.056788
661646.913281,1509921.113355,0.000000,9.840000,5,-15.056788
661646.913281,1509921.113355,0.000000,9.840000,5,-15.056788
661646.913281,1509921.113355,0.000000,9.840000,5,-15.056788
661646.913281,1509921.113355,0.000000,9.840000,5,-15.056788
661646.913281,1509921.113355,0.000000,9.840000,5,-15.056788
661646.913281,1509921.113355,0.000000,9.840000,5,-15.056788
661646.913281,1509921.113355,0.000000,9.840000,5,-15.056788
661646.913281,1509921.113355,0.000000,9.840000,5,-15.056788
661646.913281,1509921.113355,0.000000,9.840000,5,-15.056788
661646.913281,1509921.113355,0.000000,9.840000,5,-15.056788
661646.913281,1509921.113355,0.000000,9.840000,5,-15.056788
661646.913281,1509921.113355,0.000000,9.840000,5,-15.056788
661646.913281,1509921.113355,0.000000,9.840000,5,-15.056788
661646.913281,1509921.113355,0.000000,9.840000,5,-15.056788
661646.913281,1509921.113355,0.000000,9.840000,5,-15.056788
661646.913281,1509921.113355,0.000000,9.840000,5,-15.056788
661646.913281,1509921.113355,0.000000,9.840000,5,-15.056788
661646.913281,1509921.113355,0.000000,9.840000,5,-15.056788
661646.913281,1509921.113355,0.000000,9.840000,5,-15.056788
661646.913281,1509921.113355,0.000000,9.840000,5,-15.056788
661646.913281,1509921.113355,0.000000,9.840000,5,-15.056788
661646.913281,1509921.113355,0.000000,9.840000,5,-15.056788
661646.913281,1509921.113355,0.000000,9.840000,5,-15.056788
661646.913281,1509921.113355,0.000000,9.840000,5,-15.056788
661646.913281,1509921.113355,0.000000,9.840000,5,-15.056788
661646.913281,1509921.113355,0.000000,9.840000,5,-15.056788
661646.913281,1509921.113355,0.000000,9.840000,5,-15.056788
661646.913281,1509921.113355,0.000000,9.840000,5,-15.056788
661646.913281,1509921.113355,0.000000,9.840000,5,-15.056788
661646.913281,1509921.113355,0.000000,9.840000,5,-15.056788
661646.913281,1509921.113355,0.000000,9.840000,5,-15.056788
661646.913281,1509921.113355,0.000000,9.840000,5,-15.056788
661646.913281,1509921.113355,0.000000,9.840000,5,-15.056788
661646.913281,1509921.113355,0.000000,9.840000,5,-15.056788
661646.913281,1509921.113355,0.000000,9.840000,5,-15.056788
661646.913281,1509921.113355,0.000000,9.840000,5,-15.056788
661646.913281,1509921.113355,0.000000,9.840000,5,-15.056788
661646.913281,1509921.113355,0.000000,9.840000,5,-15.056788
661646.913281,1509921.113355,0.000000,9.840000,5,-15.056788
661646.913281,1509921.113355,0.000000,9.840000,5,-15.056788
661646.913281,1509921.113355,0.000000,9.840000,5,-15.056788
661646.913281,1509921.113355,0.000000,9.840000,5,-15.056788
661646.913281,1509921.113355,0.000000,9.840000,5,-15.056788
661646.913281,1509921.113355,0.000000,9.840000,5,-15.056788
661646.913281,1509921.113355,0.000000,9.840000,5,-15.056788
661646.913281,1509921.113355,0.000000,9.840000,5,-15.056788
661646.913281,1509921.113355,0.000000,9.840000,5,-15.056788
661646.913281,1509921.113355,0.000000,9.840000,5,-15.056788
661646.913281,1509921.113355,0.000000,9.840000,5,-15.056788
661646.913281,1509921.113355,0.000000,9.840000,5,-15.056788
661646.913281,1509921.113355,0.000000,9.840000,5,-15.056788
661646.913281,1509921.113355,0.000000,9.840000,5,-15.056788
661646.913281,1509921.113355,0.000000,9.840000,5,-15.056788
661646.913281,1509921.113355,0.000000,9.840000,5,-15.056788
661646.913281,1509921.113355,0.000000,9.840000,5,-15.056788
661646.913281,1509921.113355,0.000000,9.840000,5,-15.056788
661646.913281,1509921.113355,0.000000,9.840000,5,-15.056788
661646.913281,1509921.113355,0.000000,9.840000,5,-15.056788
661646.913281,1509921.113355,0.000000,9.840000,5,-15.056788
661646.913281,1509921.113355,0.000000,9.840000,5,-15.056788
661646.913281,1509921.113355,0.000000,9.840000,5,-15.056788
661646.913281,1509921.113355,0.000000,9.840000,5,-15.056788
661646.913281,1509921.113355,0.000000,9.840000,5,-15.056788
661646.913281,1509921.113355,0.000000,9.840000,5,-15.056788
661646.913281,1509921.113355,0.000000,9.840000,5,-15.056788
661646.913281,1509921.113355,0.000000,9.840000,5,-15.056788
661646.913281,1509921.113355,0.000000,9.840000,5,-15.056788
661646.913281,1509921.113355,0.000000,9.840000,5,-15.056788
661646.913281,1509921.113355,0.000000,9.840000,5,-15.056788
661646.913281,1509921.113355,0.000000,9.840000,5,-15.056788
661646.913281,1509921.113355,0.000000,9.840000,5,-15.056788
661646.913281,1509921.113355,0.000000,9.840000,5,-15.056788
661646.913281,1509921.113355,0.000000,9.840000,5,-15.056788
661646.913281,1509921.113355,0.000000,9.840000,5,-15.056788
661646.913281,1509921.113355,0.000000,9.840000,5,-15.056788
661646.913281,1509921.113355,0.000000,9.840000,5,-15.056788
661646.913281,1509921.113355,0.000000,9.840000,5,-15.056788
661646.913281,1509921.113355,0.000000,9.840000,5,-15.056788
661646.913281,1509921.113355,0.000000,9.840000,5,-15.056788
661646.913281,1509921.113355,0.000000,9.840000,5,-15.056788
661646.913281,1509921.113355,0.000000,9.840000,5,-15.056788
661646.913281,1509921.113355,0.000000,9.840000,5,-15.056788
661646.913281,1509921.113355,0.000000,9.840000,5,-15.056788
661646.913281,1509921.113355,0.000000,9.840000,5,-15.056788
661646.913281,1509921.113355,0.000000,9.840000,5,-15.056788
661646.913281,1509921.113355,0.000000,9.840000,5,-15.056788
661646.913281,1509921.113355,0.000000,9.840000,5,-15.056788
661646.913281,1509921.113355,0.000000,9.840000,5,-15.056788
661646.913281,1509921.113355,0.000000,9.840000,5,-15.056788
661646.913281,1509921.113355,0.000000,9.840000,5,-15.056788
661646.913281,1509921.113355,0.000000,9.840000,5,-15.056788
661646.913281,1509921.113355,0.000000,9.840000,5,-15.056788
661646.913281,1509921.113355,0.000000,9.840000,5,-15.056788
661646.913281,1509921.113355,0.000000,9.840000,5,-15.056788
661646.913281,1509921.113355,0.000000,9.840000,5,-15.056788
661646.913281,1509921.113355,0.000000,9.840000,5,-15.056788
661646.913281,1509921.113355,0.000000,9.840000,5,-15.056788
661646.913281,1509921.113355,0.000000,9.840000,5,-15.056788
661646.913281,1509921.113355,0.000000,9.840000,5,-15.056788
661646.913281,1509921.113355,0.000000,9.840000,5,-15.056788
661646.913281,1509921.113355,0.000000,9.840000,5,-15.056788
661646.913281,1509921.113355,0.000000,9.840000,5,-15.056788
661646.913281,1509921.113355,0.000000,9.840000,5,-15.056788
661646.913281,1509921.113355,0.000000,9.840000,5,-15.056788
661646.913281,1509921.113355,0.000000,9.840000,5,-15.056788
661646.913281,1509921.113355,0.000000,9.840000,5,-15.056788
661646.913281,1509921.113355,0.000000,9.840000,5,-15.056788
661646.913281,1509921.113355,0.000000,9.840000,5,-15.056788
661646.913281,1509921.113355,0.000000,9.840000,5,-15.056788
661646.913281,1509921.113355,0.000000,9.840000,5,-15.056788
661646.913281,1509921.113355,0.000000,9.840000,5,-15.056788
661646.913281,1509921.113355,0.000000,9.840000,5,-15.056788
661646.913281,1509921.113355,0.000000,9.840000,5,-15.056788
661646.913281,1509921.113355,0.000000,9.840000,5,-15.056788
661646.913281,1509921.113355,0.000000,9.840000,5,-15.056788
661646.913281,1509921.113355,0.000000,9.840000,5,-15.056788
661646.913281,1509921.113355,0.000000,9.840000,5,-15.056788
661646.913281,1509921.113355,0.000000,9.840000,5,-15.056788
661646.913281,1509921.113355,0.000000,9.840000,5,-15.056788
661646.913281,1509921.113355,0.000000,9.840000,5,-15.056788
661646.913281,1509921.113355,0.000000,9.840000,5,-15.056788
661646.913281,1509921.113355,0.000000,9.840000,5,-15.056788
661646.913281,1509921.113355,0.000000,9.840000,5,-15.056788
661646.913281,1509921.113355,0.000000,9.840000,5,-15.056788
661646.913281,1509921.113355,0.000000,9.840000,5,-15.056788
661646.913281,1509921.113355,0.000000,9.840000,5,-15.056788
661646.913281,1509921.113355,0.000000,9.840000,5,-15.056788
661646.913281,1509921.113355,0.000000,9.840000,5,-15.056788
661646.913281,1509921.113355,0.000000,9.840000,5,-15.056788
661646.913281,1509921.113355,0.000000,9.840000,5,-15.056788
661646.913281,1509921.113355,0.000000,9.840000,5,-15.056788
661646.913281,1509921.113355,0.000000,9.840000,5,-15.056788
661646.913281,1509921.113355,0.000000,9.840000,5,-15.056788
661646.913281,1509921.113355,0.000000,9.840000,5,-15.056788
661646.913281,1509921.113355,0.000000,9.840000,5,-15.056788
661646.913281,1509921.113355,0.000000,9.840000,5,-15.056788
661646.913281,1509921.113355,0.000000,9.840000,5,-15.056788
661646.913281,1509921.113355,0.000000,9.840000,5,-15.056788
661646.913281,1509921.113355,0.000000,9.840000,5,-15.056788
661646.913281,1509921.113355,0.000000,9.840000,5,-15.056788
661646.913281,1509921.113355,0.000000,9.840000,5,-15.056788
661646.913281,1509921.113355,0.000000,9.840000,5,-15.056788
661646.913281,1509921.113355,0.000000,9.840000,5,-15.056788
661646.913281,1509921.113355,0.000000,9.840000,5,-15.056788
661646.913281,1509921.113355,0.000000,9.840000,5,-15.056788
661646.913281,1509921.113355,0.000000,9.840000,5,-15.056788
661646.913281,1509921.113355,0.000000,9.840000,5,-15.056788
661646.913281,1509921.113355,0.000000,9.840000,5,-15.056788
661646.913281,1509921.113355,0.000000,9.840000,5,-15.056788
661646.913281,1509921.113355,0.000000,9.840000,5,-15.056788
661646.913281,1509921.113355,0.000000,9.840000,5,-15.056788
661646.913281,1509921.113355,0.000000,9.840000,5,-15.056788
661646.913281,1509921.113355,0.000000,9.840000,5,-15.056788
661646.913281,1509921.113355,0.000000,9.840000,5,-15.056788
661646.913281,1509921.113355,0.000000,9.840000,5,-15.056788
661646.913281,1509921.113355,0.000000,9.840000,5,-15.056788
661646.913281,1509921.113355,0.000000,9.840000,5,-15.056788
661646.913281,1509921.113355,0.000000,9.840000,5,-15.056788
661646.913281,1509921.113355,0.000000,9.840000,5,-15.056788
661646.913281,1509921.113355,0.000000,9.840000,5,-15.056788
661646.913281,1509921.113355,0.000000,9.840000,5,-15.056788
661646.913281,1509921.113355,0.000000,9.840000,5,-15.056788
661646.913281,1509921.113355,0.000000,9.840000,5,-15.056788
661646.913281,1509921.113355,0.000000,9.840000,5,-15.056788
661646.913281,1509921.113355,0.000000,9.840000,5,-15.056788
661646.913281,1509921.113355,0.000000,9.840000,5,-15.056788
661646.913281,1509921.113355,0.000000,9.840000,5,-15.056788
661646.913281,1509921.113355,0.000000,9.840000,5,-15.056788
661646.913281,1509921.113355,0.000000,9.840000,5,-15.056788
661646.913281,1509921.113355,0.000000,9.840000,5,-15.056788
661646.913281,1509921.113355,0.000000,9.840000,5,-15.056788
661646.913281,1509921.113355,0.000000,9.840000,5,-15.056788
661646.913281,1509921.113355,0.000000,9.840000,5,-15.056788
661646.913281,1509921.113355,0.000000,9.840000,5,-15.056788
661646.913281,1509921.113355,0.000000,9.840000,5,-15.056788
661646.913281,1509921.113355,0.000000,9.840000,5,-15.056788
661646.913281,1509921.113355,0.000000,9.840000,5,-15.056788
661646.913281,1509921.113355,0.000000,9.840000,5,-15.056788
661646.913281,1509921.113355,0.000000,9.840000,5,-15.056788
661646.913281,1509921.113355,0.000000,9.840000,5,-15.056788
661646.913281,1509921.113355,0.000000,9.840000,5,-15.056788
661646.913281,1509921.113355,0.000000,9.840000,5,-15.056788
661646.913281,1509921.113355,0.000000,9.840000,5,-15.056788
661646.913281,1509921.113355,0.000000,9.840000,5,-15.056788
661646.913281,1509921.113355,0.000000,9.840000,5,-15.056788
661646.913281,1509921.113355,0.000000,9.840000,5,-15.056788
661646.913281,1509921.113355,0.000000,9.840000,5,-15.056788
661646.913281,1509921.113355,0.000000,9.840000,5,-15.056788
661646.913281,1509921.113355,0.000000,9.840000,5,-15.056788
661646.913281,1509921.113355,0.000000,9.840000,5,-15.056788
661646.913281,1509921.113355,0.000000,9.840000,5,-15.056788
661646.913281,1509921.113355,0.000000,9.840000,5,-15.056788
661646.913281,1509921.113355,0.000000,9.840000,5,-15.056788
661646.913281,1509921.113355,0.000000,9.840000,5,-15.056788
661646.913281,1509921.113355,0.000000,9.840000,5,-15.056788
661646.913281,1509921.113355,0.000000,9.840000,5,-15.056788
661646.913281,1509921.113355,0.000000,9.840000,5,-15.056788
661646.913281,1509921.113355,0.000000,9.840000,5,-15.056788
661646.913281,1509921.113355,0.000000,9.840000,5,-15.056788
661646.913281,1509921.113355,0.000000,9.840000,5,-15.056788
661646.913281,1509921.113355,0.000000,9.840000,5,-15.056788
661646.913281,1509921.113355,0.000000,9.840000,5,-15.056788
661646.913281,1509921.113355,0.000000,9.840000,5,-15.056788
661646.913281,1509921.113355,0.000000,9.840000,5,-15.056788
661646.913281,1509921.113355,0.000000,9.840000,5,-15.056788
661646.913281,1509921.113355,0.000000,9.840000,5,-15.056788
661646.913281,1509921.113355,0.000000,9.840000,5,-15.056788
661646.913281,1509921.113355,0.000000,9.840000,5,-15.056788
661646.913281,1509921.113355,0.000000,9.840000,5,-15.056788
661646.913281,1509921.113355,0.000000,9.840000,5,-15.056788
661646.913281,1509921.113355,0.000000,9.840000,5,-15.056788
661646.913281,1509921.113355,0.000000,9.840000,5,-15.056788
661646.913281,1509921.113355,0.000000,9.840000,5,-15.056788
661646.913281,1509921.113355,0.000000,9.840000,5,-15.056788
661646.913281,1509921.113355,0.000000,9.840000,5,-15.056788
661646.913281,1509921.113355,0.000000,9.840000,5,-15.056788
661646.913281,1509921.113355,0.000000,9.840000,5,-15.056788
661646.913281,1509921.113355,0.000000,9.840000,5,-15.056788
661646.913281,1509921.113355,0.000000,9.840000,5,-15.056788
661646.913281,1509921.113355,0.000000,9.840000,5,-15.056788
661646.913281,1509921.113355,0.000000,9.840000,5,-15.056788
661646.913281,1509921.113355,0.000000,9.840000,5,-15.056788
661646.913281,1509921.113355,0.000000,9.840000,5,-15.056788
661646.913281,1509921.113355,0.000000,9.840000,5,-15.056788
661646.913281,1509921.113355,0.000000,9.840000,5,-15.056788
661646.913281,1509921.113355,0.000000,9.840000,5,-15.056788
661646.913281,1509921.113355,0.000000,9.840000,5,-15.056788
661646.913281,1509921.113355,0.000000,9.840000,5,-15.056788
661646.913281,1509921.113355,0.000000,9.840000,5,-15.056788
661646.913281,1509921.113355,0.000000,9.840000,5,-15.056788
661646.913281,1509921.113355,0.000000,9.840000,5,-15.056788
661646.913281,1509921.113355,0.000000,9.840000,5,-15.056788
661646.913281,1509921.113355,0.000000,9.840000,5,-15.056788
661646.913281,1509921.113355,0.000000,9.840000,5,-15.056788
661646.913281,1509921.113355,0.000000,9.840000,5,-15.056788
661646.913281,1509921.113355,0.000000,9.840000,5,-15.056788
661646.913281,1509921.113355,0.000000,9.840000,5,-15.056788
661646.913281,1509921.113355,0.000000,9.840000,5,-15.056788
661646.913281,1509921.113355,0.000000,9.840000,5,-15.056788
661646.913281,1509921.113355,0.000000,9.840000,5,-15.056788
661646.913281,1509921.113355,0.000000,9.840000,5,-15.056788
661646.913281,1509921.113355,0.000000,9.840000,5,-15.056788
661646.913281,1509921.113355,0.000000,9.840000,5,-15.056788
661646.913281,1509921.113355,0.000000,9.840000,5,-15.056788
661646.913281,1509921.113355,0.000000,9.840000,5,-15.056788
661646.913281,1509921.113355,0.000000,9.840000,5,-15.056788
661646.913281,1509921.113355,0.000000,9.840000,5,-15.056788
661646.913281,1509921.113355,0.000000,9.840000,5,-15.056788
661646.913281,1509921.113355,0.000000,9.840000,5,-15.056788
661646.913281,1509921.113355,0.000000,9.840000,5,-15.056788
661646.913281,1509921.113355,0.000000,9.840000,5,-15.056788
661646.913281,1509921.113355,0.000000,9.840000,5,-15.056788
661646.913281,1509921.113355,0.000000,9.840000,5,-15.056788
661646.913281,1509921.113355,0.000000,9.840000,5,-15.056788
661646.913281,1509921.113355,0.000000,9.840000,5,-15.056788
661646.913281,1509921.113355,0.000000,9.840000,5,-15.056788
661646.913281,1509921.113355,0.000000,9.840000,5,-15.056788
661646.913281,1509921.113355,0.000000,9.840000,5,-15.056788
661646.913281,1509921.113355,0.000000,9.840000,5,-15.056788
661646.913281,1509921.113355,0.000000,9.840000,5,-15.056788
661646.913281,1509921.113355,0.000000,9.840000,5,-15.056788
661646.913281,1509921.113355,0.000000,9.840000,5,-15.056788
661646.913281,1509921.113355,0.000000,9.840000,5,-15.056788
661646.913281,1509921.113355,0.000000,9.840000,5,-15.056788
661646.913281,1509921.113355,0.000000,9.840000,5,-15.056788
661646.913281,1509921.113355,0.000000,9.840000,5,-15.056788
661646.913281,1509921.113355,0.000000,9.840000,5,-15.056788
661646.913281,1509921.113355,0.000000,9.840000,5,-15.056788
661646.913281,1509921.113355,0.000000,9.840000,5,-15.056788
661646.913281,1509921.113355,0.000000,9.840000,5,-15.056788
661646.913281,1509921.113355,0.000000,9.840000,5,-15.056788
661646.913281,1509921.113355,0.000000,9.840000,5,-15.056788
661646.913281,1509921.113355,0.000000,9.840000,5,-15.056788
661646.913281,1509921.113355,0.000000,9.840000,5,-15.056788
661646.913281,1509921.113355,0.000000,9.840000,5,-15.056788
661646.913281,1509921.113355,0.000000,9.840000,5,-15.056788
661646.913281,1509921.113355,0.000000,9.840000,5,-15.056788
661646.913281,1509921.113355,0.000000,9.840000,5,-15.056788
661646.913281,1509921.113355,0.000000,9.840000,5,-15.056788
661646.913281,1509921.113355,0.000000,9.840000,5,-15.056788
661646.913281,1509921.113355,0.000000,9.840000,5,-15.056788
661646.913281,1509921.113355,0.000000,9.840000,5,-15.056788
661646.913281,1509921.113355,0.000000,9.840000,5,-15.056788
661646.913281,1509921.113355,0.000000,9.840000,5,-15.056788
661646.913281,1509921.113355,0.000000,9.840000,5,-15.056788
661646.913281,1509921.113355,0.000000,9.840000,5,-15.056788
661646.913281,1509921.113355,0.000000,9.840000,5,-15.056788
661646.913281,1509921.113355,0.000000,9.840000,5,-15.056788
661646.913281,1509921.113355,0.000000,9.840000,5,-15.056788
661646.913281,1509921.113355,0.000000,9.840000,5,-15.056788
661646.913281,1509921.113355,0.000000,9.840000,5,-15.056788
661646.913281,1509921.113355,0.000000,9.840000,5,-15.056788
661646.913281,1509921.113355,0.000000,9.840000,5,-15.056788
661646.913281,1509921.113355,0.000000,9.840000,5,-15.056788
661646.913281,1509921.113355,0.000000,9.840000,5,-15.056788
661646.913281,1509921.113355,0.000000,9.840000,5,-15.056788
661646.913281,1509921.113355,0.000000,9.840000,5,-15.056788
661646.913281,1509921.113355,0.000000,9.840000,5,-15.056788
661646.913281,1509921.113355,0.000000,9.840000,5,-15.056788
661646.913281,1509921.113355,0.000000,9.840000,5,-15.056788
661646.913281,1509921.113355,0.000000,9.840000,5,-15.056788
661646.913281,1509921.113355,0.000000,9.840000,5,-15.056788
661646.913281,1509921.113355,0.000000,9.840000,5,-15.056788
661646.913281,1509921.113355,0.000000,9.840000,5,-15.056788
661646.913281,1509921.113355,0.000000,9.840000,5,-15.056788
661646.913281,1509921.113355,0.000000,9.840000,5,-15.056788
661646.913281,1509921.113355,0.000000,9.840000,5,-15.056788
661646.913281,1509921.113355,0.000000,9.840000,5,-15.056788
661646.913281,1509921.113355,0.000000,9.840000,5,-15.056788
661646.913281,1509921.113355,0.000000,9.840000,5,-15.056788
661646.913281,1509921.113355,0.000000,9.840000,5,-15.056788
661646.913281,1509921.113355,0.000000,9.840000,5,-15.056788
661646.913281,1509921.113355,0.000000,9.840000,5,-15.056788
661646.913281,1509921.113355,0.000000,9.840000,5,-15.056788
661646.913281,1509921.113355,0.000000,9.840000,5,-15.056788
661646.913281,1509921.113355,0.000000,9.840000,5,-15.056788
661646.913281,1509921.113355,0.000000,9.840000,5,-15.056788
661646.913281,1509921.113355,0.000000,9.840000,5,-15.056788
661646.913281,1509921.113355,0.000000,9.840000,5,-15.056788
661646.913281,1509921.113355,0.000000,9.840000,5,-15.056788
661646.913281,1509921.113355,0.000000,9.840000,5,-15.056788
661646.913281,1509921.113355,0.000000,9.840000,5,-15.056788
661646.913281,1509921.113355,0.000000,9.840000,5,-15.056788
661646.913281,1509921.113355,0.000000,9.840000,5,-15.056788
661646.913281,1509921.113355,0.000000,9.840000,5,-15.056788
661646.913281,1509921.113355,0.000000,9.840000,5,-15.056788
661646.913281,1509921.113355,0.000000,9.840000,5,-15.056788
661646.913281,1509921.113355,0.000000,9.840000,5,-15.056788
661646.913281,1509921.113355,0.000000,9.840000,5,-15.056788
661646.913281,1509921.113355,0.000000,9.840000,5,-15.056788
661646.913281,1509921.113355,0.000000,9.840000,5,-15.056788
661646.913281,1509921.113355,0.000000,9.840000,5,-15.056788
661646.913281,1509921.113355,0.000000,9.840000,5,-15.056788
661646.913281,1509921.113355,0.000000,9.840000,5,-15.056788
661646.913281,1509921.113355,0.000000,9.840000,5,-15.056788
661646.913281,1509921.113355,0.000000,9.840000,5,-15.056788
661646.913281,1509921.113355,0.000000,9.840000,5,-15.056788
661646.913281,1509921.113355,0.000000,9.840000,5,-15.056788
661646.913281,1509921.113355,0.000000,9.840000,5,-15.056788
661646.913281,1509921.113355,0.000000,9.840000,5,-15.056788
661646.913281,1509921.113355,0.000000,9.840000,5,-15.056788
661646.913281,1509921.113355,0.000000,9.840000,5,-15.056788
661646.913281,1509921.113355,0.000000,9.840000,5,-15.056788
661646.913281,1509921.113355,0.000000,9.840000,5,-15.056788
661646.913281,1509921.113355,0.000000,9.840000,5,-15.056788
661646.913281,1509921.113355,0.000000,9.840000,5,-15.056788
661646.913281,1509921.113355,0.000000,9.840000,5,-15.056788
661646.913281,1509921.113355,0.000000,9.840000,5,-15.056788
661646.913281,1509921.113355,0.000000,9.840000,5,-15.056788
661646.913281,1509921.113355,0.000000,9.840000,5,-15.056788
661646.913281,1509921.113355,0.000000,9.840000,5,-15.056788
661646.913281,1509921.113355,0.000000,9.840000,5,-15.056788
661646.913281,1509921.113355,0.000000,9.840000,5,-15.056788
661646.913281,1509921.113355,0.000000,9.840000,5,-15.056788
661646.913281,1509921.113355,0.000000,9.840000,5,-15.056788
661646.913281,1509921.113355,0.000000,9.840000,5,-15.056788
661646.913281,1509921.113355,0.000000,9.840000,5,-15.056788
661646.913281,1509921.113355,0.000000,9.840000,5,-15.056788
661646.913281,1509921.113355,0.000000,9.840000,5,-15.056788
661646.913281,1509921.113355,0.000000,9.840000,5,-15.056788
661646.913281,1509921.113355,0.000000,9.840000,5,-15.056788
661646.913281,1509921.113355,0.000000,9.840000,5,-15.056788
661646.913281,1509921.113355,0.000000,9.840000,5,-15.056788
661646.913281,1509921.113355,0.000000,9.840000,5,-15.056788
661646.913281,1509921.113355,0.000000,9.840000,5,-15.056788
661646.913281,1509921.113355,0.000000,9.840000,5,-15.056788
661646.913281,1509921.113355,0.000000,9.840000,5,-15.056788
661646.913281,1509921.113355,0.000000,9.840000,5,-15.056788
661646.913281,1509921.113355,0.000000,9.840000,5,-15.056788
661646.913281,1509921.113355,0.000000,9.840000,5,-15.056788
661646.913281,1509921.113355,0.000000,9.840000,5,-15.056788
661646.913281,1509921.113355,0.000000,9.840000,5,-15.056788
661646.913281,1509921.113355,0.000000,9.840000,5,-15.056788
661646.913281,1509921.113355,0.000000,9.840000,5,-15.056788
661646.913281,1509921.113355,0.000000,9.840000,5,-15.056788
661646.913281,1509921.113355,0.000000,9.840000,5,-15.056788
661646.913281,1509921.113355,0.000000,9.840000,5,-15.056788
661646.913281,1509921.113355,0.000000,9.840000,5,-15.056788
661646.913281,1509921.113355,0.000000,9.840000,5,-15.056788
661646.913281,1509921.113355,0.000000,9.840000,5,-15.056788
661646.913281,1509921.113355,0.000000,9.840000,5,-15.056788
661646.913281,1509921.113355,0.000000,9.840000,5,-15.056788
661646.913281,1509921.113355,0.000000,9.840000,5,-15.056788
661646.913281,1509921.113355,0.000000,9.840000,5,-15.056788
661646.913281,1509921.113355,0.000000,9.840000,5,-15.056788
661646.913281,1509921.113355,0.000000,9.840000,5,-15.056788
661646.913281,1509921.113355,0.000000,9.840000,5,-15.056788
661646.913281,1509921.113355,0.000000,9.840000,5,-15.056788
661646.913281,1509921.113355,0.000000,9.840000,5,-15.056788
661646.913281,1509921.113355,0.000000,9.840000,5,-15.056788
661646.913281,1509921.113355,0.000000,9.840000,5,-15.056788
661646.913281,1509921.113355,0.000000,9.840000,5,-15.056788
661646.913281,1509921.113355,0.000000,9.840000,5,-15.056788
661646.913281,1509921.113355,0.000000,9.840000,5,-15.056788
661646.913281,1509921.113355,0.000000,9.840000,5,-15.056788
661646.913281,1509921.113355,0.000000,9.840000,5,-15.056788
661646.913281,1509921.113355,0.000000,9.840000,5,-15.056788
661646.913281,1509921.113355,0.000000,9.840000,5,-15.056788
661646.913281,1509921.113355,0.000000,9.840000,5,-15.056788
661646.913281,1509921.113355,0.000000,9.840000,5,-15.056788
661646.913281,1509921.113355,0.000000,9.840000,5,-15.056788
661646.913281,1509921.113355,0.000000,9.840000,5,-15.056788
661646.913281,1509921.113355,0.000000,9.840000,5,-15.056788
661646.913281,1509921.113355,0.000000,9.840000,5,-15.056788
661646.913281,1509921.113355,0.000000,9.840000,5,-15.056788
661646.913281,1509921.113355,0.000000,9.840000,5,-15.056788
661646.913281,1509921.113355,0.000000,9.840000,5,-15.056788
661646.913281,1509921.113355,0.000000,9.840000,5,-15.056788
661646.913281,1509921.113355,0.000000,9.840000,5,-15.056788
661646.913281,1509921.113355,0.000000,9.840000,5,-15.056788
661646.913281,1509921.113355,0.000000,9.840000,5,-15.056788
661646.913281,1509921.113355,0.000000,9.840000,5,-15.056788
661646.913281,1509921.113355,0.000000,9.840000,5,-15.056788
661646.913281,1509921.113355,0.000000,9.840000,5,-15.056788
661646.913281,1509921.113355,0.000000,9.840000,5,-15.056788
661646.913281,1509921.113355,0.000000,9.840000,5,-15.056788
661646.913281,1509921.113355,0.000000,9.840000,5,-15.056788
661646.913281,1509921.113355,0.000000,9.840000,5,-15.056788
661646.913281,1509921.113355,0.000000,9.840000,5,-15.056788
661646.913281,1509921.113355,0.000000,9.840000,5,-15.056788
661646.913281,1509921.113355,0.000000,9.840000,5,-15.056788
661646.913281,1509921.113355,0.000000,9.840000,5,-15.056788
661646.913281,1509921.113355,0.000000,9.840000,5,-15.056788
661646.913281,1509921.113355,0.000000,9.840000,5,-15.056788
661646.913281,1509921.113355,0.000000,9.840000,5,-15.056788
661646.913281,1509921.113355,0.000000,9.840000,5,-15.056788
661646.913281,1509921.113355,0.000000,9.840000,5,-15.056788
661646.913281,1509921.113355,0.000000,9.840000,5,-15.056788
661646.913281,1509921.113355,0.000000,9.840000,5,-15.056788
661646.913281,1509921.113355,0.000000,9.840000,5,-15.056788
661646.913281,1509921.113355,0.000000,9.840000,5,-15.056788
661646.913281,1509921.113355,0.000000,9.840000,5,-15.056788
661646.913281,1509921.113355,0.000000,9.840000,5,-15.056788
661646.913281,1509921.113355,0.000000,9.840000,5,-15.056788
661646.913281,1509921.113355,0.000000,9.840000,5,-15.056788
661646.913281,1509921.113355,0.000000,9.840000,5,-15.056788
661646.913281,1509921.113355,0.000000,9.840000,5,-15.056788
661646.913281,1509921.113355,0.000000,9.840000,5,-15.056788
661646.913281,1509921.113355,0.000000,9.840000,5,-15.056788
661646.913281,1509921.113355,0.000000,9.840000,5,-15.056788
661646.913281,1509921.113355,0.000000,9.840000,5,-15.056788
661646.913281,1509921.113355,0.000000,9.840000,5,-15.056788
661646.913281,1509921.113355,0.000000,9.840000,5,-15.056788
661646.913281,1509921.113355,0.000000,9.840000,5,-15.056788
661646.913281,1509921.113355,0.000000,9.840000,5,-15.056788
661646.913281,1509921.113355,0.000000,9.840000,5,-15.056788
661646.913281,1509921.113355,0.000000,9.840000,5,-15.056788
661646.913281,1509921.113355,0.000000,9.840000,5,-15.056788
661646.913281,1509921.113355,0.000000,9.840000,5,-15.056788
661646.913281,1509921.113355,0.000000,9.840000,5,-15.056788
661646.913281,1509921.113355,0.000000,9.840000,5,-15.056788
661646.913281,1509921.113355,0.000000,9.840000,5,-15.056788
661646.913281,1509921.113355,0.000000,9.840000,5,-15.056788
661646.913281,1509921.113355,0.000000,9.840000,5,-15.056788
661646.913281,1509921.113355,0.000000,9.840000,5,-15.056788
661646.913281,1509921.113355,0.000000,9.840000,5,-15.056788
661646.913281,1509921.113355,0.000000,9.840000,5,-15.056788
661646.913281,1509921.113355,0.000000,9.840000,5,-15.056788
661646.913281,1509921.113355,0.000000,9.840000,5,-15.056788
661646.913281,1509921.113355,0.000000,9.840000,5,-15.056788
661646.913281,1509921.113355,0.000000,9.840000,5,-15.056788
661646.913281,1509921.113355,0.000000,9.840000,5,-15.056788
661646.913281,1509921.113355,0.000000,9.840000,5,-15.056788
661646.913281,1509921.113355,0.000000,9.840000,5,-15.056788
661646.913281,1509921.113355,0.000000,9.840000,5,-15.056788
661646.913281,1509921.113355,0.000000,9.840000,5,-15.056788
661646.913281,1509921.113355,0.000000,9.840000,5,-15.056788
661646.913281,1509921.113355,0.000000,9.840000,5,-15.056788
661646.913281,1509921.113355,0.000000,9.840000,5,-15.056788
661646.913281,1509921.113355,0.000000,9.840000,5,-15.056788
661646.913281,1509921.113355,0.000000,9.840000,5,-15.056788
661646.913281,1509921.113355,0.000000,9.840000,5,-15.056788
661646.913281,1509921.113355,0.000000,9.840000,5,-15.056788
661646.913281,1509921.113355,0.000000,9.840000,5,-15.056788
661646.913281,1509921.113355,0.000000,9.840000,5,-15.056788
661646.913281,1509921.113355,0.000000,9.840000,5,-15.056788
661646.913281,1509921.113355,0.000000,9.840000,5,-15.056788
661646.913281,1509921.113355,0.000000,9.840000,5,-15.056788
661646.913281,1509921.113355,0.000000,9.840000,5,-15.056788
661646.913281,1509921.113355,0.000000,9.840000,5,-15.056788
661646.913281,1509921.113355,0.000000,9.840000,5,-15.056788
661646.913281,1509921.113355,0.000000,9.840000,5,-15.056788
661646.913281,1509921.113355,0.000000,9.840000,5,-15.056788
661646.913281,1509921.113355,0.000000,9.840000,5,-15.056788
661646.913281,1509921.113355,0.000000,9.840000,5,-15.056788
661646.913281,1509921.113355,0.000000,9.840000,5,-15.056788
661646.913281,1509921.113355,0.000000,9.840000,5,-15.056788
661646.913281,1509921.113355,0.000000,9.840000,5,-15.056788
661646.913281,1509921.113355,0.000000,9.840000,5,-15.056788
661646.913281,1509921.113355,0.000000,9.840000,5,-15.056788
661646.913281,1509921.113355,0.000000,9.840000,5,-15.056788
661646.913281,1509921.113355,0.000000,9.840000,5,-15.056788
661646.913281,1509921.113355,0.000000,9.840000,5,-15.056788
661646.913281,1509921.113355,0.000000,9.840000,5,-15.056788
661646.913281,1509921.113355,0.000000,9.840000,5,-15.056788
661646.913281,1509921.113355,0.000000,9.840000,5,-15.056788
661646.913281,1509921.113355,0.000000,9.840000,5,-15.056788
661646.913281,1509921.113355,0.000000,9.840000,5,-15.056788
661646.913281,1509921.113355,0.000000,9.840000,5,-15.056788
661646.913281,1509921.113355,0.000000,9.840000,5,-15.056788
661646.913281,1509921.113355,0.000000,9.840000,5,-15.056788
661646.913281,1509921.113355,0.000000,9.840000,5,-15.056788
661646.913281,1509921.113355,0.000000,9.840000,5,-15.056788
661646.913281,1509921.113355,0.000000,9.840000,5,-15.056788
661646.913281,1509921.113355,0.000000,9.840000,5,-15.056788
661646.913281,1509921.113355,0.000000,9.840000,5,-15.056788
661646.913281,1509921.113355,0.000000,9.840000,5,-15.056788
661646.913281,1509921.113355,0.000000,9.840000,5,-15.056788
661646.913281,1509921.113355,0.000000,9.840000,5,-15.056788
661646.913281,1509921.113355,0.000000,9.840000,5,-15.056788
661646.913281,1509921.113355,0.000000,9.840000,5,-15.056788
661646.913281,1509921.113355,0.000000,9.840000,5,-15.056788
661646.913281,1509921.113355,0.000000,9.840000,5,-15.056788
661646.913281,1509921.113355,0.000000,9.840000,5,-15.056788
661646.913281,1509921.113355,0.000000,9.840000,5,-15.056788
661646.913281,1509921.113355,0.000000,9.840000,5,-15.056788
661646.913281,1509921.113355,0.000000,9.840000,5,-15.056788
661646.913281,1509921.113355,0.000000,9.840000,5,-15.056788
661646.913281,1509921.113355,0.000000,9.840000,5,-15.056788
661646.913281,1509921.113355,0.000000,9.840000,5,-15.056788
661646.913281,1509921.113355,0.000000,9.840000,5,-15.056788
661646.913281,1509921.113355,0.000000,9.840000,5,-15.056788
661646.913281,1509921.113355,0.000000,9.840000,5,-15.056788
661646.913281,1509921.113355,0.000000,9.840000,5,-15.056788
661646.913281,1509921.113355,0.000000,9.840000,5,-15.056788
661646.913281,1509921.113355,0.000000,9.840000,5,-15.056788
661646.913281,1509921.113355,0.000000,9.840000,5,-15.056788
661646.913281,1509921.113355,0.000000,9.840000,5,-15.056788
661646.913281,1509921.113355,0.000000,9.840000,5,-15.056788
661646.913281,1509921.113355,0.000000,9.840000,5,-15.056788
661646.913281,1509921.113355,0.000000,9.840000,5,-15.056788
661646.913281,1509921.113355,0.000000,9.840000,5,-15.056788
661646.913281,1509921.113355,0.000000,9.840000,5,-15.056788
661646.913281,1509921.113355,0.000000,9.840000,5,-15.056788
661646.913281,1509921.113355,0.000000,9.840000,5,-15.056788
661646.913281,1509921.113355,0.000000,9.840000,5,-15.056788
661646.913281,1509921.113355,0.000000,9.840000,5,-15.056788
661646.913281,1509921.113355,0.000000,9.840000,5,-15.056788
661646.913281,1509921.113355,0.000000,9.840000,5,-15.056788
661646.913281,1509921.113355,0.000000,9.840000,5,-15.056788
661646.913281,1509921.113355,0.000000,9.840000,5,-15.056788
661646.913281,1509921.113355,0.000000,9.840000,5,-15.056788
661646.913281,1509921.113355,0.000000,9.840000,5,-15.056788
661646.913281,1509921.113355,0.000000,9.840000,5,-15.056788
661646.913281,1509921.113355,0.000000,9.840000,5,-15.056788
661646.913281,1509921.113355,0.000000,9.840000,5,-15.056788
661646.913281,1509921.113355,0.000000,9.840000,5,-15.056788
661646.913281,1509921.113355,0.000000,9.840000,5,-15.056788
661646.913281,1509921.113355,0.000000,9.840000,5,-15.056788
661646.913281,1509921.113355,0.000000,9.840000,5,-15.056788
661646.913281,1509921.113355,0.000000,9.840000,5,-15.056788
661646.913281,1509921.113355,0.000000,9.840000,5,-15.056788
661646.913281,1509921.113355,0.000000,9.840000,5,-15.056788
661646.913281,1509921.113355,0.000000,9.840000,5,-15.056788
661646.913281,1509921.113355,0.000000,9.840000,5,-15.056788
661646.913281,1509921.113355,0.000000,9.840000,5,-15.056788
661646.913281,1509921.113355,0.000000,9.840000,5,-15.056788
661646.913281,1509921.113355,0.000000,9.840000,5,-15.056788
661646.913281,1509921.113355,0.000000,9.840000,5,-15.056788
661646.913281,1509921.113355,0.000000,9.840000,5,-15.056788
661646.913281,1509921.113355,0.000000,9.840000,5,-15.056788
661646.913281,1509921.113355,0.000000,9.840000,5,-15.056788
661646.913281,1509921.113355,0.000000,9.840000,5,-15.056788
661646.913281,1509921.113355,0.000000,9.840000,5,-15.056788
661646.913281,1509921.113355,0.000000,9.840000,5,-15.056788
661646.913281,1509921.113355,0.000000,9.840000,5,-15.056788
661646.913281,1509921.113355,0.000000,9.840000,5,-15.056788
661646.913281,1509921.113355,0.000000,9.840000,5,-15.056788
661646.913281,1509921.113355,0.000000,9.840000,5,-15.056788
661646.913281,1509921.113355,0.000000,9.840000,5,-15.056788
661646.913281,1509921.113355,0.000000,9.840000,5,-15.056788
661646.913281,1509921.113355,0.000000,9.840000,5,-15.056788
661646.913281,1509921.113355,0.000000,9.840000,5,-15.056788
661646.913281,1509921.113355,0.000000,9.840000,5,-15.056788
661646.913281,1509921.113355,0.000000,9.840000,5,-15.056788
661646.913281,1509921.113355,0.000000,9.840000,5,-15.056788
661646.913281,1509921.113355,0.000000,9.840000,5,-15.056788
661646.913281,1509921.113355,0.000000,9.840000,5,-15.056788
661646.913281,1509921.113355,0.000000,9.840000,5,-15.056788
661646.913281,1509921.113355,0.000000,9.840000,5,-15.056788
661646.913281,1509921.113355,0.000000,9.840000,5,-15.056788
661646.913281,1509921.113355,0.000000,9.840000,5,-15.056788
661646.913281,1509921.113355,0.000000,9.840000,5,-15.056788
661646.913281,1509921.113355,0.000000,9.840000,5,-15.056788
661646.913281,1509921.113355,0.000000,9.840000,5,-15.056788
661646.913281,1509921.113355,0.000000,9.840000,5,-15.056788
661646.913281,1509921.113355,0.000000,9.840000,5,-15.056788
661646.913281,1509921.113355,0.000000,9.840000,5,-15.056788
661646.913281,1509921.113355,0.000000,9.840000,5,-15.056788
661646.913281,1509921.113355,0.000000,9.840000,5,-15.056788
661646.913281,1509921.113355,0.000000,9.840000,5,-15.056788
661646.913281,1509921.113355,0.000000,9.840000,5,-15.056788
661646.913281,1509921.113355,0.000000,9.840000,5,-15.056788
661646.913281,1509921.113355,0.000000,9.840000,5,-15.056788
661646.913281,1509921.113355,0.000000,9.840000,5,-15.056788
661646.913281,1509921.113355,0.000000,9.840000,5,-15.056788
661646.913281,1509921.113355,0.000000,9.840000,5,-15.056788
661646.913281,1509921.113355,0.000000,9.840000,5,-15.056788
661646.913281,1509921.113355,0.000000,9.840000,5,-15.056788
661646.913281,1509921.113355,0.000000,9.840000,5,-15.056788
661646.913281,1509921.113355,0.000000,9.840000,5,-15.056788
661646.913281,1509921.113355,0.000000,9.840000,5,-15.056788
661646.913281,1509921.113355,0.000000,9.840000,5,-15.056788
661646.913281,1509921.113355,0.000000,9.840000,5,-15.056788
661646.913281,1509921.113355,0.000000,9.840000,5,-15.056788
661646.913281,1509921.113355,0.000000,9.840000,5,-15.056788
661646.913281,1509921.113355,0.000000,9.840000,5,-15.056788
661646.913281,1509921.113355,0.000000,9.840000,5,-15.056788
661646.913281,1509921.113355,0.000000,9.840000,5,-15.056788
661646.913281,1509921.113355,0.000000,9.840000,5,-15.056788
661646.913281,1509921.113355,0.000000,9.840000,5,-15.056788
661646.913281,1509921.113355,0.000000,9.840000,5,-15.056788
661646.913281,1509921.113355,0.000000,9.840000,5,-15.056788
661646.913281,1509921.113355,0.000000,9.840000,5,-15.056788
661646.913281,1509921.113355,0.000000,9.840000,5,-15.056788
661646.913281,1509921.113355,0.000000,9.840000,5,-15.056788
661646.913281,1509921.113355,0.000000,9.840000,5,-15.056788
661646.913281,1509921.113355,0.000000,9.840000,5,-15.056788
661646.913281,1509921.113355,0.000000,9.840000,5,-15.056788
661646.913281,1509921.113355,0.000000,9.840000,5,-15.056788
661646.913281,1509921.113355,0.000000,9.840000,5,-15.056788
661646.913281,1509921.113355,0.000000,9.840000,5,-15.056788
661646.913281,1509921.113355,0.000000,9.840000,5,-15.056788
661646.913281,1509921.113355,0.000000,9.840000,5,-15.056788
661646.913281,1509921.113355,0.000000,9.840000,5,-15.056788
661646.913281,1509921.113355,0.000000,9.840000,5,-15.056788
661646.913281,1509921.113355,0.000000,9.840000,5,-15.056788
661646.913281,1509921.113355,0.000000,9.840000,5,-15.056788
661646.913281,1509921.113355,0.000000,9.840000,5,-15.056788
661646.913281,1509921.113355,0.000000,9.840000,5,-15.056788
661646.913281,1509921.113355,0.000000,9.840000,5,-15.056788
661646.913281,1509921.113355,0.000000,9.840000,5,-15.056788
661646.913281,1509921.113355,0.000000,9.840000,5,-15.056788
661646.913281,1509921.113355,0.000000,9.840000,5,-15.056788
661646.913281,1509921.113355,0.000000,9.840000,5,-15.056788
661646.913281,1509921.113355,0.000000,9.840000,5,-15.056788
661646.913281,1509921.113355,0.000000,9.840000,5,-15.056788
661646.913281,1509921.113355,0.000000,9.840000,5,-15.056788
661646.913281,1509921.113355,0.000000,9.840000,5,-15.056788
661646.913281,1509921.113355,0.000000,9.840000,5,-15.056788
661646.913281,1509921.113355,0.000000,9.840000,5,-15.056788
661646.913281,1509921.113355,0.000000,9.840000,5,-15.056788
661646.913281,1509921.113355,0.000000,9.840000,5,-15.056788
661646.913281,1509921.113355,0.000000,9.840000,5,-15.056788
661646.913281,1509921.113355,0.000000,9.840000,5,-15.056788
661646.913281,1509921.113355,0.000000,9.840000,5,-15.056788
661646.913281,1509921.113355,0.000000,9.840000,5,-15.056788
661646.913281,1509921.113355,0.000000,9.840000,5,-15.056788
661646.913281,1509921.113355,0.000000,9.840000,5,-15.056788
661646.913281,1509921.113355,0.000000,9.840000,5,-15.056788
661646.913281,1509921.113355,0.000000,9.840000,5,-15.056788
661646.913281,1509921.113355,0.000000,9.840000,5,-15.056788
661646.913281,1509921.113355,0.000000,9.840000,5,-15.056788
661646.913281,1509921.113355,0.000000,9.840000,5,-15.056788
661646.913281,1509921.113355,0.000000,9.840000,5,-15.056788
661646.913281,1509921.113355,0.000000,9.840000,5,-15.056788
661646.913281,1509921.113355,0.000000,9.840000,5,-15.056788
661646.913281,1509921.113355,0.000000,9.840000,5,-15.056788
661646.913281,1509921.113355,0.000000,9.840000,5,-15.056788
661646.913281,1509921.113355,0.000000,9.840000,5,-15.056788
661646.913281,1509921.113355,0.000000,9.840000,5,-15.056788
661646.913281,1509921.113355,0.000000,9.840000,5,-15.056788
661646.913281,1509921.113355,0.000000,9.840000,5,-15.056788
661646.913281,1509921.113355,0.000000,9.840000,5,-15.056788
661646.913281,1509921.113355,0.000000,9.840000,5,-15.056788
661646.913281,1509921.113355,0.000000,9.840000,5,-15.056788
661646.913281,1509921.113355,0.000000,9.840000,5,-15.056788
661646.913281,1509921.113355,0.000000,9.840000,5,-15.056788
661646.913281,1509921.113355,0.000000,9.840000,5,-15.056788
661646.913281,1509921.113355,0.000000,9.840000,5,-15.056788
661646.913281,1509921.113355,0.000000,9.840000,5,-15.056788
661646.913281,1509921.113355,0.000000,9.840000,5,-15.056788
661646.913281,1509921.113355,0.000000,9.840000,5,-15.056788
661646.913281,1509921.113355,0.000000,9.840000,5,-15.056788
661646.913281,1509921.113355,0.000000,9.840000,5,-15.056788
661646.913281,1509921.113355,0.000000,9.840000,5,-15.056788
661646.913281,1509921.113355,0.000000,9.840000,5,-15.056788
661646.913281,1509921.113355,0.000000,9.840000,5,-15.056788
661646.913281,1509921.113355,0.000000,9.840000,5,-15.056788
661646.913281,1509921.113355,0.000000,9.840000,5,-15.056788
661646.913281,1509921.113355,0.000000,9.840000,5,-15.056788
661646.913281,1509921.113355,0.000000,9.840000,5,-15.056788
661646.913281,1509921.113355,0.000000,9.840000,5,-15.056788
661646.913281,1509921.113355,0.000000,9.840000,5,-15.056788
661646.913281,1509921.113355,0.000000,9.840000,5,-15.056788
661646.913281,1509921.113355,0.000000,9.840000,5,-15.056788
661646.913281,1509921.113355,0.000000,9.840000,5,-15.056788
661646.913281,1509921.113355,0.000000,9.840000,5,-15.056788
661646.913281,1509921.113355,0.000000,9.840000,5,-15.056788
661646.913281,1509921.113355,0.000000,9.840000,5,-15.056788
661646.913281,1509921.113355,0.000000,9.840000,5,-15.056788
661646.913281,1509921.113355,0.000000,9.840000,5,-15.056788
661646.913281,1509921.113355,0.000000,9.840000,5,-15.056788
661646.913281,1509921.113355,0.000000,9.840000,5,-15.056788
661646.913281,1509921.113355,0.000000,9.840000,5,-15.056788
661646.913281,1509921.113355,0.000000,9.840000,5,-15.056788
661646.913281,1509921.113355,0.000000,9.840000,5,-15.056788
661646.913281,1509921.113355,0.000000,9.840000,5,-15.056788
661646.913281,1509921.113355,0.000000,9.840000,5,-15.056788
661646.913281,1509921.113355,0.000000,9.840000,5,-15.056788
661646.913281,1509921.113355,0.000000,9.840000,5,-15.056788
661646.913281,1509921.113355,0.000000,9.840000,5,-15.056788
661646.913281,1509921.113355,0.000000,9.840000,5,-15.056788
661646.913281,1509921.113355,0.000000,9.840000,5,-15.056788
661646.913281,1509921.113355,0.000000,9.840000,5,-15.056788
661646.913281,1509921.113355,0.000000,9.840000,5,-15.056788
661646.913281,1509921.113355,0.000000,9.840000,5,-15.056788
661646.913281,1509921.113355,0.000000,9.840000,5,-15.056788
661646.913281,1509921.113355,0.000000,9.840000,5,-15.056788
661646.913281,1509921.113355,0.000000,9.840000,5,-15.056788
661646.913281,1509921.113355,0.000000,9.840000,5,-15.056788
661646.913281,1509921.113355,0.000000,9.840000,5,-15.056788
661646.913281,1509921.113355,0.000000,9.840000,5,-15.056788
661646.913281,1509921.113355,0.000000,9.840000,5,-15.056788
661646.913281,1509921.113355,0.000000,9.840000,5,-15.056788
661646.913281,1509921.113355,0.000000,9.840000,5,-15.056788
661646.913281,1509921.113355,0.000000,9.840000,5,-15.056788
661646.913281,1509921.113355,0.000000,9.840000,5,-15.056788
661646.913281,1509921.113355,0.000000,9.840000,5,-15.056788
661646.913281,1509921.113355,0.000000,9.840000,5,-15.056788
661646.913281,1509921.113355,0.000000,9.840000,5,-15.056788
661646.913281,1509921.113355,0.000000,9.840000,5,-15.056788
661646.913281,1509921.113355,0.000000,9.840000,5,-15.056788
661646.913281,1509921.113355,0.000000,9.840000,5,-15.056788
661646.913281,1509921.113355,0.000000,9.840000,5,-15.056788
661646.913281,1509921.113355,0.000000,9.840000,5,-15.056788
661646.913281,1509921.113355,0.000000,9.840000,5,-15.056788
661646.913281,1509921.113355,0.000000,9.840000,5,-15.056788
661646.913281,1509921.113355,0.000000,9.840000,5,-15.056788
661646.913281,1509921.113355,0.000000,9.840000,5,-15.056788
661646.913281,1509921.113355,0.000000,9.840000,5,-15.056788
661646.913281,1509921.113355,0.000000,9.840000,5,-15.056788
661646.913281,1509921.113355,0.000000,9.840000,5,-15.056788
661646.913281,1509921.113355,0.000000,9.840000,5,-15.056788
661646.913281,1509921.113355,0.000000,9.840000,5,-15.056788
661646.913281,1509921.113355,0.000000,9.840000,5,-15.056788
661646.913281,1509921.113355,0.000000,9.840000,5,-15.056788
661646.913281,1509921.113355,0.000000,9.840000,5,-15.056788
661646.913281,1509921.113355,0.000000,9.840000,5,-15.056788
661646.913281,1509921.113355,0.000000,9.840000,5,-15.056788
661646.913281,1509921.113355,0.000000,9.840000,5,-15.056788
661646.913281,1509921.113355,0.000000,9.840000,5,-15.056788
661646.913281,1509921.113355,0.000000,9.840000,5,-15.056788
661646.913281,1509921.113355,0.000000,9.840000,5,-15.056788
661646.913281,1509921.113355,0.000000,9.840000,5,-15.056788
661646.913281,1509921.113355,0.000000,9.840000,5,-15.056788
661646.913281,1509921.113355,0.000000,9.840000,5,-15.056788
661646.913281,1509921.113355,0.000000,9.840000,5,-15.056788
661646.913281,1509921.113355,0.000000,9.840000,5,-15.056788
661646.913281,1509921.113355,0.000000,9.840000,5,-15.056788
661646.913281,1509921.113355,0.000000,9.840000,5,-15.056788
661646.913281,1509921.113355,0.000000,9.840000,5,-15.056788
661646.913281,1509921.113355,0.000000,9.840000,5,-15.056788
661646.913281,1509921.113355,0.000000,9.840000,5,-15.056788
661646.913281,1509921.113355,0.000000,9.840000,5,-15.056788
661646.913281,1509921.113355,0.000000,9.840000,5,-15.056788
661646.913281,1509921.113355,0.000000,9.840000,5,-15.056788
661646.913281,1509921.113355,0.000000,9.840000,5,-15.056788
661646.913281,1509921.113355,0.000000,9.840000,5,-15.056788
661646.913281,1509921.113355,0.000000,9.840000,5,-15.056788
661646.913281,1509921.113355,0.000000,9.840000,5,-15.056788
661646.913281,1509921.113355,0.000000,9.840000,5,-15.056788
661646.913281,1509921.113355,0.000000,9.840000,5,-15.056788
661646.913281,1509921.113355,0.000000,9.840000,5,-15.056788
661646.913281,1509921.113355,0.000000,9.840000,5,-15.056788
661646.913281,1509921.113355,0.000000,9.840000,5,-15.056788
661646.913281,1509921.113355,0.000000,9.840000,5,-15.056788
661646.913281,1509921.113355,0.000000,9.840000,5,-15.056788
661646.913281,1509921.113355,0.000000,9.840000,5,-15.056788
661646.913281,1509921.113355,0.000000,9.840000,5,-15.056788
661646.913281,1509921.113355,0.000000,9.840000,5,-15.056788
661646.913281,1509921.113355,0.000000,9.840000,5,-15.056788
661646.913281,1509921.113355,0.000000,9.840000,5,-15.056788
661646.913281,1509921.113355,0.000000,9.840000,5,-15.056788
661646.913281,1509921.113355,0.000000,9.840000,5,-15.056788
661646.913281,1509921.113355,0.000000,9.840000,5,-15.056788
661646.913281,1509921.113355,0.000000,9.840000,5,-15.056788
661646.913281,1509921.113355,0.000000,9.840000,5,-15.056788
661646.913281,1509921.113355,0.000000,9.840000,5,-15.056788
661646.913281,1509921.113355,0.000000,9.840000,5,-15.056788
661646.913281,1509921.113355,0.000000,9.840000,5,-15.056788
661646.913281,1509921.113355,0.000000,9.840000,5,-15.056788
661646.913281,1509921.113355,0.000000,9.840000,5,-15.056788
661646.913281,1509921.113355,0.000000,9.840000,5,-15.056788
661646.913281,1509921.113355,0.000000,9.840000,5,-15.056788
661646.913281,1509921.113355,0.000000,9.840000,5,-15.056788
661646.913281,1509921.113355,0.000000,9.840000,5,-15.056788
661646.913281,1509921.113355,0.000000,9.840000,5,-15.056788
661646.913281,1509921.113355,0.000000,9.840000,5,-15.056788
661646.913281,1509921.113355,0.000000,9.840000,5,-15.056788
661646.913281,1509921.113355,0.000000,9.840000,5,-15.056788
661646.913281,1509921.113355,0.000000,9.840000,5,-15.056788
661646.913281,1509921.113355,0.000000,9.840000,5,-15.056788
661646.913281,1509921.113355,0.000000,9.840000,5,-15.056788
661646.913281,1509921.113355,0.000000,9.840000,5,-15.056788
661646.913281,1509921.113355,0.000000,9.840000,5,-15.056788
661646.913281,1509921.113355,0.000000,9.840000,5,-15.056788
661646.913281,1509921.113355,0.000000,9.840000,5,-15.056788
661646.913281,1509921.113355,0.000000,9.840000,5,-15.056788
661646.913281,1509921.113355,0.000000,9.840000,5,-15.056788
661646.913281,1509921.113355,0.000000,9.840000,5,-15.056788
661646.913281,1509921.113355,0.000000,9.840000,5,-15.056788
661646.913281,1509921.113355,0.000000,9.840000,5,-15.056788
661646.913281,1509921.113355,0.000000,9.840000,5,-15.056788
661646.913281,1509921.113355,0.000000,9.840000,5,-15.056788
661646.913281,1509921.113355,0.000000,9.840000,5,-15.056788
661646.913281,1509921.113355,0.000000,9.840000,5,-15.056788
661646.913281,1509921.113355,0.000000,9.840000,5,-15.056788
661646.913281,1509921.113355,0.000000,9.840000,5,-15.056788
661646.913281,1509921.113355,0.000000,9.840000,5,-15.056788
661646.913281,1509921.113355,0.000000,9.840000,5,-15.056788
661646.913281,1509921.113355,0.000000,9.840000,5,-15.056788
661646.913281,1509921.113355,0.000000,9.840000,5,-15.056788
661646.913281,1509921.113355,0.000000,9.840000,5,-15.056788
661646.913281,1509921.113355,0.000000,9.840000,5,-15.056788
661646.913281,1509921.113355,0.000000,9.840000,5,-15.056788
661646.913281,1509921.113355,0.000000,9.840000,5,-15.056788
661646.913281,1509921.113355,0.000000,9.840000,5,-15.056788
661646.913281,1509921.113355,0.000000,9.840000,5,-15.056788
661646.913281,1509921.113355,0.000000,9.840000,5,-15.056788
661646.913281,1509921.113355,0.000000,9.840000,5,-15.056788
661646.913281,1509921.113355,0.000000,9.840000,5,-15.056788
661646.913281,1509921.113355,0.000000,9.840000,5,-15.056788
661646.913281,1509921.113355,0.000000,9.840000,5,-15.056788
661646.913281,1509921.113355,0.000000,9.840000,5,-15.056788
661646.913281,1509921.113355,0.000000,9.840000,5,-15.056788
661646.913281,1509921.113355,0.000000,9.840000,5,-15.056788
661646.913281,1509921.113355,0.000000,9.840000,5,-15.056788
661646.913281,1509921.113355,0.000000,9.840000,5,-15.056788
661646.913281,1509921.113355,0.000000,9.840000,5,-15.056788
661646.913281,1509921.113355,0.000000,9.840000,5,-15.056788
661646.913281,1509921.113355,0.000000,9.840000,5,-15.056788
661646.913281,1509921.113355,0.000000,9.840000,5,-15.056788
661646.913281,1509921.113355,0.000000,9.840000,5,-15.056788
661646.913281,1509921.113355,0.000000,9.840000,5,-15.056788
661646.913281,1509921.113355,0.000000,9.840000,5,-15.056788
661646.913281,1509921.113355,0.000000,9.840000,5,-15.056788
661646.913281,1509921.113355,0.000000,9.840000,5,-15.056788
661646.913281,1509921.113355,0.000000,9.840000,5,-15.056788
661646.913281,1509921.113355,0.000000,9.840000,5,-15.056788
661646.913281,1509921.113355,0.000000,9.840000,5,-15.056788
661646.913281,1509921.113355,0.000000,9.840000,5,-15.056788
661646.913281,1509921.113355,0.000000,9.840000,5,-15.056788
661646.913281,1509921.113355,0.000000,9.840000,5,-15.056788
661646.913281,1509921.113355,0.000000,9.840000,5,-15.056788
661646.913281,1509921.113355,0.000000,9.840000,5,-15.056788
661646.913281,1509921.113355,0.000000,9.840000,5,-15.056788
661646.913281,1509921.113355,0.000000,9.840000,5,-15.056788
661646.913281,1509921.113355,0.000000,9.840000,5,-15.056788
661646.913281,1509921.113355,0.000000,9.840000,5,-15.056788
661646.913281,1509921.113355,0.000000,9.840000,5,-15.056788
661646.913281,1509921.113355,0.000000,9.840000,5,-15.056788
661646.913281,1509921.113355,0.000000,9.840000,5,-15.056788
661646.913281,1509921.113355,0.000000,9.840000,5,-15.056788
661646.913281,1509921.113355,0.000000,9.840000,5,-15.056788
661646.913281,1509921.113355,0.000000,9.840000,5,-15.056788
661646.913281,1509921.113355,0.000000,9.840000,5,-15.056788
661646.913281,1509921.113355,0.000000,9.840000,5,-15.056788
661646.913281,1509921.113355,0.000000,9.840000,5,-15.056788
661646.913281,1509921.113355,0.000000,9.840000,5,-15.056788
661646.913281,1509921.113355,0.000000,9.840000,5,-15.056788
661646.913281,1509921.113355,0.000000,9.840000,5,-15.056788
661646.913281,1509921.113355,0.000000,9.840000,5,-15.056788
661646.913281,1509921.113355,0.000000,9.840000,5,-15.056788
661646.913281,1509921.113355,0.000000,9.840000,5,-15.056788
661646.913281,1509921.113355,0.000000,9.840000,5,-15.056788
661646.913281,1509921.113355,0.000000,9.840000,5,-15.056788
661646.913281,1509921.113355,0.000000,9.840000,5,-15.056788
661646.913281,1509921.113355,0.000000,9.840000,5,-15.056788
661646.913281,1509921.113355,0.000000,9.840000,5,-15.056788
661646.913281,1509921.113355,0.000000,9.840000,5,-15.056788
661646.913281,1509921.113355,0.000000,9.840000,5,-15.056788
661646.913281,1509921.113355,0.000000,9.840000,5,-15.056788
661646.913281,1509921.113355,0.000000,9.840000,5,-15.056788
661646.913281,1509921.113355,0.000000,9.840000,5,-15.056788
661646.913281,1509921.113355,0.000000,9.840000,5,-15.056788
661646.913281,1509921.113355,0.000000,9.840000,5,-15.056788
661646.913281,1509921.113355,0.000000,9.840000,5,-15.056788
661646.913281,1509921.113355,0.000000,9.840000,5,-15.056788
661646.913281,1509921.113355,0.000000,9.840000,5,-15.056788
661646.913281,1509921.113355,0.000000,9.840000,5,-15.056788
661646.913281,1509921.113355,0.000000,9.840000,5,-15.056788
661646.913281,1509921.113355,0.000000,9.840000,5,-15.056788
661646.913281,1509921.113355,0.000000,9.840000,5,-15.056788
661646.913281,1509921.113355,0.000000,9.840000,5,-15.056788
661646.913281,1509921.113355,0.000000,9.840000,5,-15.056788
661646.913281,1509921.113355,0.000000,9.840000,5,-15.056788
661646.913281,1509921.113355,0.000000,9.840000,5,-15.056788
661646.913281,1509921.113355,0.000000,9.840000,5,-15.056788
661646.913281,1509921.113355,0.000000,9.840000,5,-15.056788
661646.913281,1509921.113355,0.000000,9.840000,5,-15.056788
661646.913281,1509921.113355,0.000000,9.840000,5,-15.056788
661646.913281,1509921.113355,0.000000,9.840000,5,-15.056788
661646.913281,1509921.113355,0.000000,9.840000,5,-15.056788
661646.913281,1509921.113355,0.000000,9.840000,5,-15.056788
661646.913281,1509921.113355,0.000000,9.840000,5,-15.056788
661646.913281,1509921.113355,0.000000,9.840000,5,-15.056788
661646.913281,1509921.113355,0.000000,9.840000,5,-15.056788
661646.913281,1509921.113355,0.000000,9.840000,5,-15.056788
661646.913281,1509921.113355,0.000000,9.840000,5,-15.056788
661646.913281,1509921.113355,0.000000,9.840000,5,-15.056788
661646.913281,1509921.113355,0.000000,9.840000,5,-15.056788
661646.913281,1509921.113355,0.000000,9.840000,5,-15.056788
661646.913281,1509921.113355,0.000000,9.840000,5,-15.056788
661646.913281,1509921.113355,0.000000,9.840000,5,-15.056788
661646.913281,1509921.113355,0.000000,9.840000,5,-15.056788
661646.913281,1509921.113355,0.000000,9.840000,5,-15.056788
661646.913281,1509921.113355,0.000000,9.840000,5,-15.056788
661646.913281,1509921.113355,0.000000,9.840000,5,-15.056788
661646.913281,1509921.113355,0.000000,9.840000,5,-15.056788
661646.913281,1509921.113355,0.000000,9.840000,5,-15.056788
661646.913281,1509921.113355,0.000000,9.840000,5,-15.056788
661646.913281,1509921.113355,0.000000,9.840000,5,-15.056788
661646.913281,1509921.113355,0.000000,9.840000,5,-15.056788
661646.913281,1509921.113355,0.000000,9.840000,5,-15.056788
661646.913281,1509921.113355,0.000000,9.840000,5,-15.056788
661646.913281,1509921.113355,0.000000,9.840000,5,-15.056788
661646.913281,1509921.113355,0.000000,9.840000,5,-15.056788
661646.913281,1509921.113355,0.000000,9.840000,5,-15.056788
661646.913281,1509921.113355,0.000000,9.840000,5,-15.056788
661646.913281,1509921.113355,0.000000,9.840000,5,-15.056788
661646.913281,1509921.113355,0.000000,9.840000,5,-15.056788
661646.913281,1509921.113355,0.000000,9.840000,5,-15.056788
661646.913281,1509921.113355,0.000000,9.840000,5,-15.056788
661646.913281,1509921.113355,0.000000,9.840000,5,-15.056788
661646.913281,1509921.113355,0.000000,9.840000,5,-15.056788
661646.913281,1509921.113355,0.000000,9.840000,5,-15.056788
661646.913281,1509921.113355,0.000000,9.840000,5,-15.056788
661646.913281,1509921.113355,0.000000,9.840000,5,-15.056788
661646.913281,1509921.113355,0.000000,9.840000,5,-15.056788
661646.913281,1509921.113355,0.000000,9.840000,5,-15.056788
661646.913281,1509921.113355,0.000000,9.840000,5,-15.056788
661646.913281,1509921.113355,0.000000,9.840000,5,-15.056788
661646.913281,1509921.113355,0.000000,9.840000,5,-15.056788
661646.913281,1509921.113355,0.000000,9.840000,5,-15.056788
661646.913281,1509921.113355,0.000000,9.840000,5,-15.056788
661646.913281,1509921.113355,0.000000,9.840000,5,-15.056788
661646.913281,1509921.113355,0.000000,9.840000,5,-15.056788
661646.913281,1509921.113355,0.000000,9.840000,5,-15.056788
661646.913281,1509921.113355,0.000000,9.840000,5,-15.056788
661646.913281,1509921.113355,0.000000,9.840000,5,-15.056788
661646.913281,1509921.113355,0.000000,9.840000,5,-15.056788
661646.913281,1509921.113355,0.000000,9.840000,5,-15.056788
661646.913281,1509921.113355,0.000000,9.840000,5,-15.056788
661646.913281,1509921.113355,0.000000,9.840000,5,-15.056788
661646.913281,1509921.113355,0.000000,9.840000,5,-15.056788
661646.913281,1509921.113355,0.000000,9.840000,5,-15.056788
661646.913281,1509921.113355,0.000000,9.840000,5,-15.056788
661646.913281,1509921.113355,0.000000,9.840000,5,-15.056788
661646.913281,1509921.113355,0.000000,9.840000,5,-15.056788
661646.913281,1509921.113355,0.000000,9.840000,5,-15.056788
661646.913281,1509921.113355,0.000000,9.840000,5,-15.056788
661646.913281,1509921.113355,0.000000,9.840000,5,-15.056788
661646.913281,1509921.113355,0.000000,9.840000,5,-15.056788
661646.913281,1509921.113355,0.000000,9.840000,5,-15.056788
661646.913281,1509921.113355,0.000000,9.840000,5,-15.056788
661646.913281,1509921.113355,0.000000,9.840000,5,-15.056788
661646.913281,1509921.113355,0.000000,9.840000,5,-15.056788
661646.913281,1509921.113355,0.000000,9.840000,5,-15.056788
661646.913281,1509921.113355,0.000000,9.840000,5,-15.056788
661646.913281,1509921.113355,0.000000,9.840000,5,-15.056788
661646.913281,1509921.113355,0.000000,9.840000,5,-15.056788
661646.913281,1509921.113355,0.000000,9.840000,5,-15.056788
661646.913281,1509921.113355,0.000000,9.840000,5,-15.056788
661646.913281,1509921.113355,0.000000,9.840000,5,-15.056788
661646.913281,1509921.113355,0.000000,9.840000,5,-15.056788
661646.913281,1509921.113355,0.000000,9.840000,5,-15.056788
661646.913281,1509921.113355,0.000000,9.840000,5,-15.056788
661646.913281,1509921.113355,0.000000,9.840000,5,-15.056788
661646.913281,1509921.113355,0.000000,9.840000,5,-15.056788
661646.913281,1509921.113355,0.000000,9.840000,5,-15.056788
661646.913281,1509921.113355,0.000000,9.840000,5,-15.056788
661646.913281,1509921.113355,0.000000,9.840000,5,-15.056788
661646.913281,1509921.113355,0.000000,9.840000,5,-15.056788
661646.913281,1509921.113355,0.000000,9.840000,5,-15.056788
661646.913281,1509921.113355,0.000000,9.840000,5,-15.056788
661646.913281,1509921.113355,0.000000,9.840000,5,-15.056788
661646.913281,1509921.113355,0.000000,9.840000,5,-15.056788
661646.913281,1509921.113355,0.000000,9.840000,5,-15.056788
661646.913281,1509921.113355,0.000000,9.840000,5,-15.056788
661646.913281,1509921.113355,0.000000,9.840000,5,-15.056788
661646.913281,1509921.113355,0.000000,9.840000,5,-15.056788
661646.913281,1509921.113355,0.000000,9.840000,5,-15.056788
661646.913281,1509921.113355,0.000000,9.840000,5,-15.056788
661646.913281,1509921.113355,0.000000,9.840000,5,-15.056788
661646.913281,1509921.113355,0.000000,9.840000,5,-15.056788
661646.913281,1509921.113355,0.000000,9.840000,5,-15.056788
661646.913281,1509921.113355,0.000000,9.840000,5,-15.056788
661646.913281,1509921.113355,0.000000,9.840000,5,-15.056788
661646.913281,1509921.113355,0.000000,9.840000,5,-15.056788
661646.913281,1509921.113355,0.000000,9.840000,5,-15.056788
661646.913281,1509921.113355,0.000000,9.840000,5,-15.056788
661646.913281,1509921.113355,0.000000,9.840000,5,-15.056788
661646.913281,1509921.113355,0.000000,9.840000,5,-15.056788
661646.913281,1509921.113355,0.000000,9.840000,5,-15.056788
661646.913281,1509921.113355,0.000000,9.840000,5,-15.056788
661646.913281,1509921.113355,0.000000,9.840000,5,-15.056788
661646.913281,1509921.113355,0.000000,9.840000,5,-15.056788
661646.913281,1509921.113355,0.000000,9.840000,5,-15.056788
661646.913281,1509921.113355,0.000000,9.840000,5,-15.056788
661646.913281,1509921.113355,0.000000,9.840000,5,-15.056788
661646.913281,1509921.113355,0.000000,9.840000,5,-15.056788
661646.913281,1509921.113355,0.000000,9.840000,5,-15.056788
661646.913281,1509921.113355,0.000000,9.840000,5,-15.056788
661646.913281,1509921.113355,0.000000,9.840000,5,-15.056788
661646.913281,1509921.113355,0.000000,9.840000,5,-15.056788
661646.913281,1509921.113355,0.000000,9.840000,5,-15.056788
661646.913281,1509921.113355,0.000000,9.840000,5,-15.056788
661646.913281,1509921.113355,0.000000,9.840000,5,-15.056788
661646.913281,1509921.113355,0.000000,9.840000,5,-15.056788
661646.913281,1509921.113355,0.000000,9.840000,5,-15.056788
661646.913281,1509921.113355,0.000000,9.840000,5,-15.056788
661646.913281,1509921.113355,0.000000,9.840000,5,-15.056788
661646.913281,1509921.113355,0.000000,9.840000,5,-15.056788
661646.913281,1509921.113355,0.000000,9.840000,5,-15.056788
661646.913281,1509921.113355,0.000000,9.840000,5,-15.056788
661646.913281,1509921.113355,0.000000,9.840000,5,-15.056788
661646.913281,1509921.113355,0.000000,9.840000,5,-15.056788
661646.913281,1509921.113355,0.000000,9.840000,5,-15.056788
661646.913281,1509921.113355,0.000000,9.840000,5,-15.056788
661646.913281,1509921.113355,0.000000,9.840000,5,-15.056788
661646.913281,1509921.113355,0.000000,9.840000,5,-15.056788
661646.913281,1509921.113355,0.000000,9.840000,5,-15.056788
661646.913281,1509921.113355,0.000000,9.840000,5,-15.056788
661646.913281,1509921.113355,0.000000,9.840000,5,-15.056788
661646.913281,1509921.113355,0.000000,9.840000,5,-15.056788
661646.913281,1509921.113355,0.000000,9.840000,5,-15.056788
661646.913281,1509921.113355,0.000000,9.840000,5,-15.056788
661646.913281,1509921.113355,0.000000,9.840000,5,-15.056788
661646.913281,1509921.113355,0.000000,9.840000,5,-15.056788
661646.913281,1509921.113355,0.000000,9.840000,5,-15.056788
661646.913281,1509921.113355,0.000000,9.840000,5,-15.056788
661646.913281,1509921.113355,0.000000,9.840000,5,-15.056788
661646.913281,1509921.113355,0.000000,9.840000,5,-15.056788
661646.913281,1509921.113355,0.000000,9.840000,5,-15.056788
661646.913281,1509921.113355,0.000000,9.840000,5,-15.056788
661646.913281,1509921.113355,0.000000,9.840000,5,-15.056788
661646.913281,1509921.113355,0.000000,9.840000,5,-15.056788
661646.913281,1509921.113355,0.000000,9.840000,5,-15.056788
661646.913281,1509921.113355,0.000000,9.840000,5,-15.056788
661646.913281,1509921.113355,0.000000,9.840000,5,-15.056788
661646.913281,1509921.113355,0.000000,9.840000,5,-15.056788
661646.913281,1509921.113355,0.000000,9.840000,5,-15.056788
661646.913281,1509921.113355,0.000000,9.840000,5,-15.056788
661646.913281,1509921.113355,0.000000,9.840000,5,-15.056788
661646.913281,1509921.113355,0.000000,9.840000,5,-15.056788
661646.913281,1509921.113355,0.000000,9.840000,5,-15.056788
661646.913281,1509921.113355,0.000000,9.840000,5,-15.056788
661646.913281,1509921.113355,0.000000,9.840000,5,-15.056788
661646.913281,1509921.113355,0.000000,9.840000,5,-15.056788
661646.913281,1509921.113355,0.000000,9.840000,5,-15.056788
661646.913281,1509921.113355,0.000000,9.840000,5,-15.056788
661646.913281,1509921.113355,0.000000,9.840000,5,-15.056788
661646.913281,1509921.113355,0.000000,9.840000,5,-15.056788
661646.913281,1509921.113355,0.000000,9.840000,5,-15.056788
661646.913281,1509921.113355,0.000000,9.840000,5,-15.056788
661646.913281,1509921.113355,0.000000,9.840000,5,-15.056788
661646.913281,1509921.113355,0.000000,9.840000,5,-15.056788
661646.913281,1509921.113355,0.000000,9.840000,5,-15.056788
661646.913281,1509921.113355,0.000000,9.840000,5,-15.056788
661646.913281,1509921.113355,0.000000,9.840000,5,-15.056788
661646.913281,1509921.113355,0.000000,9.840000,5,-15.056788
661646.913281,1509921.113355,0.000000,9.840000,5,-15.056788
661646.913281,1509921.113355,0.000000,9.840000,5,-15.056788
661646.913281,1509921.113355,0.000000,9.840000,5,-15.056788
661646.913281,1509921.113355,0.000000,9.840000,5,-15.056788
661646.913281,1509921.113355,0.000000,9.840000,5,-15.056788
661646.913281,1509921.113355,0.000000,9.840000,5,-15.056788
661646.913281,1509921.113355,0.000000,9.840000,5,-15.056788
661646.913281,1509921.113355,0.000000,9.840000,5,-15.056788
661646.913281,1509921.113355,0.000000,9.840000,5,-15.056788
661646.913281,1509921.113355,0.000000,9.840000,5,-15.056788
661646.913281,1509921.113355,0.000000,9.840000,5,-15.056788
661646.913281,1509921.113355,0.000000,9.840000,5,-15.056788
661646.913281,1509921.113355,0.000000,9.840000,5,-15.056788
661646.913281,1509921.113355,0.000000,9.840000,5,-15.056788
661646.913281,1509921.113355,0.000000,9.840000,5,-15.056788
661646.913281,1509921.113355,0.000000,9.840000,5,-15.056788
661646.913281,1509921.113355,0.000000,9.840000,5,-15.056788
661646.913281,1509921.113355,0.000000,9.840000,5,-15.056788
661646.913281,1509921.113355,0.000000,9.840000,5,-15.056788
661646.913281,1509921.113355,0.000000,9.840000,5,-15.056788
661646.913281,1509921.113355,0.000000,9.840000,5,-15.056788
661646.913281,1509921.113355,0.000000,9.840000,5,-15.056788
661646.913281,1509921.113355,0.000000,9.840000,5,-15.056788
661646.913281,1509921.113355,0.000000,9.840000,5,-15.056788
661646.913281,1509921.113355,0.000000,9.840000,5,-15.056788
661646.913281,1509921.113355,0.000000,9.840000,5,-15.056788
661646.913281,1509921.113355,0.000000,9.840000,5,-15.056788
661646.913281,1509921.113355,0.000000,9.840000,5,-15.056788
661646.913281,1509921.113355,0.000000,9.840000,5,-15.056788
661646.913281,1509921.113355,0.000000,9.840000,5,-15.056788
661646.913281,1509921.113355,0.000000,9.840000,5,-15.056788
661646.913281,1509921.113355,0.000000,9.840000,5,-15.056788
661646.913281,1509921.113355,0.000000,9.840000,5,-15.056788
661646.913281,1509921.113355,0.000000,9.840000,5,-15.056788
661646.913281,1509921.113355,0.000000,9.840000,5,-15.056788
661646.913281,1509921.113355,0.000000,9.840000,5,-15.056788
661646.913281,1509921.113355,0.000000,9.840000,5,-15.056788
661646.913281,1509921.113355,0.000000,9.840000,5,-15.056788
661646.913281,1509921.113355,0.000000,9.840000,5,-15.056788
661646.913281,1509921.113355,0.000000,9.840000,5,-15.056788
661646.913281,1509921.113355,0.000000,9.840000,5,-15.056788
661646.913281,1509921.113355,0.000000,9.840000,5,-15.056788
661646.913281,1509921.113355,0.000000,9.840000,5,-15.056788
661646.913281,1509921.113355,0.000000,9.840000,5,-15.056788
661646.913281,1509921.113355,0.000000,9.840000,5,-15.056788
661646.913281,1509921.113355,0.000000,9.840000,5,-15.056788
661646.913281,1509921.113355,0.000000,9.840000,5,-15.056788
661646.913281,1509921.113355,0.000000,9.840000,5,-15.056788
661646.913281,1509921.113355,0.000000,9.840000,5,-15.056788
661646.913281,1509921.113355,0.000000,9.840000,5,-15.056788
661646.913281,1509921.113355,0.000000,9.840000,5,-15.056788
661646.913281,1509921.113355,0.000000,9.840000,5,-15.056788
661646.913281,1509921.113355,0.000000,9.840000,5,-15.056788
661646.913281,1509921.113355,0.000000,9.840000,5,-15.056788
661646.913281,1509921.113355,0.000000,9.840000,5,-15.056788
661646.913281,1509921.113355,0.000000,9.840000,5,-15.056788
661646.913281,1509921.113355,0.000000,9.840000,5,-15.056788
661646.913281,1509921.113355,0.000000,9.840000,5,-15.056788
661646.913281,1509921.113355,0.000000,9.840000,5,-15.056788
661646.913281,1509921.113355,0.000000,9.840000,5,-15.056788
661646.913281,1509921.113355,0.000000,9.840000,5,-15.056788
661646.913281,1509921.113355,0.000000,9.840000,5,-15.056788
661646.913281,1509921.113355,0.000000,9.840000,5,-15.056788
661646.913281,1509921.113355,0.000000,9.840000,5,-15.056788
661646.913281,1509921.113355,0.000000,9.840000,5,-15.056788
661646.913281,1509921.113355,0.000000,9.840000,5,-15.056788
661646.913281,1509921.113355,0.000000,9.840000,5,-15.056788
661646.913281,1509921.113355,0.000000,9.840000,5,-15.056788
661646.913281,1509921.113355,0.000000,9.840000,5,-15.056788
661646.913281,1509921.113355,0.000000,9.840000,5,-15.056788
661646.913281,1509921.113355,0.000000,9.840000,5,-15.056788
661646.913281,1509921.113355,0.000000,9.840000,5,-15.056788
661646.913281,1509921.113355,0.000000,9.840000,5,-15.056788
661646.913281,1509921.113355,0.000000,9.840000,5,-15.056788
661646.913281,1509921.113355,0.000000,9.840000,5,-15.056788
661646.913281,1509921.113355,0.000000,9.840000,5,-15.056788
661646.913281,1509921.113355,0.000000,9.840000,5,-15.056788
661646.913281,1509921.113355,0.000000,9.840000,5,-15.056788
661646.913281,1509921.113355,0.000000,9.840000,5,-15.056788
661646.913281,1509921.113355,0.000000,9.840000,5,-15.056788
661646.913281,1509921.113355,0.000000,9.840000,5,-15.056788
661646.913281,1509921.113355,0.000000,9.840000,5,-15.056788
661646.913281,1509921.113355,0.000000,9.840000,5,-15.056788
661646.913281,1509921.113355,0.000000,9.840000,5,-15.056788
661646.913281,1509921.113355,0.000000,9.840000,5,-15.056788
661646.913281,1509921.113355,0.000000,9.840000,5,-15.056788
661646.913281,1509921.113355,0.000000,9.840000,5,-15.056788
661646.913281,1509921.113355,0.000000,9.840000,5,-15.056788
661646.913281,1509921.113355,0.000000,9.840000,5,-15.056788
661646.913281,1509921.113355,0.000000,9.840000,5,-15.056788
661646.913281,1509921.113355,0.000000,9.840000,5,-15.056788
661646.913281,1509921.113355,0.000000,9.840000,5,-15.056788
661646.913281,1509921.113355,0.000000,9.840000,5,-15.056788
661646.913281,1509921.113355,0.000000,9.840000,5,-15.056788
661646.913281,1509921.113355,0.000000,9.840000,5,-15.056788
661646.913281,1509921.113355,0.000000,9.840000,5,-15.056788
661646.913281,1509921.113355,0.000000,9.840000,5,-15.056788
661646.913281,1509921.113355,0.000000,9.840000,5,-15.056788
661646.913281,1509921.113355,0.000000,9.840000,5,-15.056788
661646.913281,1509921.113355,0.000000,9.840000,5,-15.056788
661646.913281,1509921.113355,0.000000,9.840000,5,-15.056788
661646.913281,1509921.113355,0.000000,9.840000,5,-15.056788
661646.913281,1509921.113355,0.000000,9.840000,5,-15.056788
661646.913281,1509921.113355,0.000000,9.840000,5,-15.056788
661646.913281,1509921.113355,0.000000,9.840000,5,-15.056788
661646.913281,1509921.113355,0.000000,9.840000,5,-15.056788
661646.913281,1509921.113355,0.000000,9.840000,5,-15.056788
661646.913281,1509921.113355,0.000000,9.840000,5,-15.056788
661646.913281,1509921.113355,0.000000,9.840000,5,-15.056788
661646.913281,1509921.113355,0.000000,9.840000,5,-15.056788
661646.913281,1509921.113355,0.000000,9.840000,5,-15.056788
661646.913281,1509921.113355,0.000000,9.840000,5,-15.056788
661646.913281,1509921.113355,0.000000,9.840000,5,-15.056788
661646.913281,1509921.113355,0.000000,9.840000,5,-15.056788
661646.913281,1509921.113355,0.000000,9.840000,5,-15.056788
661646.913281,1509921.113355,0.000000,9.840000,5,-15.056788
661646.913281,1509921.113355,0.000000,9.840000,5,-15.056788
661646.913281,1509921.113355,0.000000,9.840000,5,-15.056788
661646.913281,1509921.113355,0.000000,9.840000,5,-15.056788
661646.913281,1509921.113355,0.000000,9.840000,5,-15.056788
661646.913281,1509921.113355,0.000000,9.840000,5,-15.056788
661646.913281,1509921.113355,0.000000,9.840000,5,-15.056788
661646.913281,1509921.113355,0.000000,9.840000,5,-15.056788
661646.913281,1509921.113355,0.000000,9.840000,5,-15.056788
661646.913281,1509921.113355,0.000000,9.840000,5,-15.056788
661646.913281,1509921.113355,0.000000,9.840000,5,-15.056788
661646.913281,1509921.113355,0.000000,9.840000,5,-15.056788
661646.913281,1509921.113355,0.000000,9.840000,5,-15.056788
661646.913281,1509921.113355,0.000000,9.840000,5,-15.056788
661646.913281,1509921.113355,0.000000,9.840000,5,-15.056788
661646.913281,1509921.113355,0.000000,9.840000,5,-15.056788
661646.913281,1509921.113355,0.000000,9.840000,5,-15.056788
661646.913281,1509921.113355,0.000000,9.840000,5,-15.056788
661646.913281,1509921.113355,0.000000,9.840000,5,-15.056788
661646.913281,1509921.113355,0.000000,9.840000,5,-15.056788
661646.913281,1509921.113355,0.000000,9.840000,5,-15.056788
661646.913281,1509921.113355,0.000000,9.840000,5,-15.056788
661646.913281,1509921.113355,0.000000,9.840000,5,-15.056788
661646.913281,1509921.113355,0.000000,9.840000,5,-15.056788
661646.913281,1509921.113355,0.000000,9.840000,5,-15.056788
661646.913281,1509921.113355,0.000000,9.840000,5,-15.056788
661646.913281,1509921.113355,0.000000,9.840000,5,-15.056788
661646.913281,1509921.113355,0.000000,9.840000,5,-15.056788
661646.913281,1509921.113355,0.000000,9.840000,5,-15.056788
661646.913281,1509921.113355,0.000000,9.840000,5,-15.056788
661646.913281,1509921.113355,0.000000,9.840000,5,-15.056788
661646.913281,1509921.113355,0.000000,9.840000,5,-15.056788
661646.913281,1509921.113355,0.000000,9.840000,5,-15.056788
661646.913281,1509921.113355,0.000000,9.840000,5,-15.056788
661646.913281,1509921.113355,0.000000,9.840000,5,-15.056788
661646.913281,1509921.113355,0.000000,9.840000,5,-15.056788
661646.913281,1509921.113355,0.000000,9.840000,5,-15.056788
661646.913281,1509921.113355,0.000000,9.840000,5,-15.056788
661646.913281,1509921.113355,0.000000,9.840000,5,-15.056788
661646.913281,1509921.113355,0.000000,9.840000,5,-15.056788
661646.913281,1509921.113355,0.000000,9.840000,5,-15.056788
661646.913281,1509921.113355,0.000000,9.840000,5,-15.056788
661646.913281,1509921.113355,0.000000,9.840000,5,-15.056788
661646.913281,1509921.113355,0.000000,9.840000,5,-15.056788
661646.913281,1509921.113355,0.000000,9.840000,5,-15.056788
661646.913281,1509921.113355,0.000000,9.840000,5,-15.056788
661646.913281,1509921.113355,0.000000,9.840000,5,-15.056788
661646.913281,1509921.113355,0.000000,9.840000,5,-15.056788
661646.913281,1509921.113355,0.000000,9.840000,5,-15.056788
661646.913281,1509921.113355,0.000000,9.840000,5,-15.056788
661646.913281,1509921.113355,0.000000,9.840000,5,-15.056788
661646.913281,1509921.113355,0.000000,9.840000,5,-15.056788
661646.913281,1509921.113355,0.000000,9.840000,5,-15.056788
661646.913281,1509921.113355,0.000000,9.840000,5,-15.056788
661646.913281,1509921.113355,0.000000,9.840000,5,-15.056788
661646.913281,1509921.113355,0.000000,9.840000,5,-15.056788
661646.913281,1509921.113355,0.000000,9.840000,5,-15.056788
661646.913281,1509921.113355,0.000000,9.840000,5,-15.056788
661646.913281,1509921.113355,0.000000,9.840000,5,-15.056788
661646.913281,1509921.113355,0.000000,9.840000,5,-15.056788
661646.913281,1509921.113355,0.000000,9.840000,5,-15.056788
661646.913281,1509921.113355,0.000000,9.840000,5,-15.056788
661646.913281,1509921.113355,0.000000,9.840000,5,-15.056788
661646.913281,1509921.113355,0.000000,9.840000,5,-15.056788
661646.913281,1509921.113355,0.000000,9.840000,5,-15.056788
661646.913281,1509921.113355,0.000000,9.840000,5,-15.056788
661646.913281,1509921.113355,0.000000,9.840000,5,-15.056788
661646.913281,1509921.113355,0.000000,9.840000,5,-15.056788
661646.913281,1509921.113355,0.000000,9.840000,5,-15.056788
661646.913281,1509921.113355,0.000000,9.840000,5,-15.056788
661646.913281,1509921.113355,0.000000,9.840000,5,-15.056788
661646.913281,1509921.113355,0.000000,9.840000,5,-15.056788
661646.913281,1509921.113355,0.000000,9.840000,5,-15.056788
661646.913281,1509921.113355,0.000000,9.840000,5,-15.056788
661646.913281,1509921.113355,0.000000,9.840000,5,-15.056788
661646.913281,1509921.113355,0.000000,9.840000,5,-15.056788
661646.913281,1509921.113355,0.000000,9.840000,5,-15.056788
661646.913281,1509921.113355,0.000000,9.840000,5,-15.056788
661646.913281,1509921.113355,0.000000,9.840000,5,-15.056788
661646.913281,1509921.113355,0.000000,9.840000,5,-15.056788
661646.913281,1509921.113355,0.000000,9.840000,5,-15.056788
661646.913281,1509921.113355,0.000000,9.840000,5,-15.056788
661646.913281,1509921.113355,0.000000,9.840000,5,-15.056788
661646.913281,1509921.113355,0.000000,9.840000,5,-15.056788
661646.913281,1509921.113355,0.000000,9.840000,5,-15.056788
661646.913281,1509921.113355,0.000000,9.840000,5,-15.056788
661646.913281,1509921.113355,0.000000,9.840000,5,-15.056788
661646.913281,1509921.113355,0.000000,9.840000,5,-15.056788
661646.913281,1509921.113355,0.000000,9.840000,5,-15.056788
661646.913281,1509921.113355,0.000000,9.840000,5,-15.056788
661646.913281,1509921.113355,0.000000,9.840000,5,-15.056788
661646.913281,1509921.113355,0.000000,9.840000,5,-15.056788
661646.913281,1509921.113355,0.000000,9.840000,5,-15.056788
661646.913281,1509921.113355,0.000000,9.840000,5,-15.056788
661646.913281,1509921.113355,0.000000,9.840000,5,-15.056788
661646.913281,1509921.113355,0.000000,9.840000,5,-15.056788
661646.913281,1509921.113355,0.000000,9.840000,5,-15.056788
661646.913281,1509921.113355,0.000000,9.840000,5,-15.056788
661646.913281,1509921.113355,0.000000,9.840000,5,-15.056788
661646.913281,1509921.113355,0.000000,9.840000,5,-15.056788
661646.913281,1509921.113355,0.000000,9.840000,5,-15.056788
661646.913281,1509921.113355,0.000000,9.840000,5,-15.056788
661646.913281,1509921.113355,0.000000,9.840000,5,-15.056788
661646.913281,1509921.113355,0.000000,9.840000,5,-15.056788
661646.913281,1509921.113355,0.000000,9.840000,5,-15.056788
661646.913281,1509921.113355,0.000000,9.840000,5,-15.056788
661646.913281,1509921.113355,0.000000,9.840000,5,-15.056788
661646.913281,1509921.113355,0.000000,9.840000,5,-15.056788
661646.913281,1509921.113355,0.000000,9.840000,5,-15.056788
661646.913281,1509921.113355,0.000000,9.840000,5,-15.056788
661646.913281,1509921.113355,0.000000,9.840000,5,-15.056788
661646.913281,1509921.113355,0.000000,9.840000,5,-15.056788
661646.913281,1509921.113355,0.000000,9.840000,5,-15.056788
661646.913281,1509921.113355,0.000000,9.840000,5,-15.056788
661646.913281,1509921.113355,0.000000,9.840000,5,-15.056788
661646.913281,1509921.113355,0.000000,9.840000,5,-15.056788
661646.913281,1509921.113355,0.000000,9.840000,5,-15.056788
661646.913281,1509921.113355,0.000000,9.840000,5,-15.056788
661646.913281,1509921.113355,0.000000,9.840000,5,-15.056788
661646.913281,1509921.113355,0.000000,9.840000,5,-15.056788
661646.913281,1509921.113355,0.000000,9.840000,5,-15.056788
661646.913281,1509921.113355,0.000000,9.840000,5,-15.056788
661646.913281,1509921.113355,0.000000,9.840000,5,-15.056788
661646.913281,1509921.113355,0.000000,9.840000,5,-15.056788
661646.913281,1509921.113355,0.000000,9.840000,5,-15.056788
661646.913281,1509921.113355,0.000000,9.840000,5,-15.056788
661646.913281,1509921.113355,0.000000,9.840000,5,-15.056788
661646.913281,1509921.113355,0.000000,9.840000,5,-15.056788
661646.913281,1509921.113355,0.000000,9.840000,5,-15.056788
661646.913281,1509921.113355,0.000000,9.840000,5,-15.056788
661646.913281,1509921.113355,0.000000,9.840000,5,-15.056788
661646.913281,1509921.113355,0.000000,9.840000,5,-15.056788
661646.913281,1509921.113355,0.000000,9.840000,5,-15.056788
661646.913281,1509921.113355,0.000000,9.840000,5,-15.056788
661646.913281,1509921.113355,0.000000,9.840000,5,-15.056788
661646.913281,1509921.113355,0.000000,9.840000,5,-15.056788
661646.913281,1509921.113355,0.000000,9.840000,5,-15.056788
661646.913281,1509921.113355,0.000000,9.840000,5,-15.056788
661646.913281,1509921.113355,0.000000,9.840000,5,-15.056788
661646.913281,1509921.113355,0.000000,9.840000,5,-15.056788
661646.913281,1509921.113355,0.000000,9.840000,5,-15.056788
661646.913281,1509921.113355,0.000000,9.840000,5,-15.056788
661646.913281,1509921.113355,0.000000,9.840000,5,-15.056788
661646.913281,1509921.113355,0.000000,9.840000,5,-15.056788
661646.913281,1509921.113355,0.000000,9.840000,5,-15.056788
661646.913281,1509921.113355,0.000000,9.840000,5,-15.056788
661646.913281,1509921.113355,0.000000,9.840000,5,-15.056788
661646.913281,1509921.113355,0.000000,9.840000,5,-15.056788
661646.913281,1509921.113355,0.000000,9.840000,5,-15.056788
661646.913281,1509921.113355,0.000000,9.840000,5,-15.056788
661646.913281,1509921.113355,0.000000,9.840000,5,-15.056788
661646.913281,1509921.113355,0.000000,9.840000,5,-15.056788
661646.913281,1509921.113355,0.000000,9.840000,5,-15.056788
661646.913281,1509921.113355,0.000000,9.840000,5,-15.056788
661646.913281,1509921.113355,0.000000,9.840000,5,-15.056788
661646.913281,1509921.113355,0.000000,9.840000,5,-15.056788
661646.913281,1509921.113355,0.000000,9.840000,5,-15.056788
661646.913281,1509921.113355,0.000000,9.840000,5,-15.056788
661646.913281,1509921.113355,0.000000,9.840000,5,-15.056788
661646.913281,1509921.113355,0.000000,9.840000,5,-15.056788
661646.913281,1509921.113355,0.000000,9.840000,5,-15.056788
661646.913281,1509921.113355,0.000000,9.840000,5,-15.056788
661646.913281,1509921.113355,0.000000,9.840000,5,-15.056788
661646.913281,1509921.113355,0.000000,9.840000,5,-15.056788
661646.913281,1509921.113355,0.000000,9.840000,5,-15.056788
661646.913281,1509921.113355,0.000000,9.840000,5,-15.056788
661646.913281,1509921.113355,0.000000,9.840000,5,-15.056788
661646.913281,1509921.113355,0.000000,9.840000,5,-15.056788
661646.913281,1509921.113355,0.000000,9.840000,5,-15.056788
661646.913281,1509921.113355,0.000000,9.840000,5,-15.056788
661646.913281,1509921.113355,0.000000,9.840000,5,-15.056788
661646.913281,1509921.113355,0.000000,9.840000,5,-15.056788
661646.913281,1509921.113355,0.000000,9.840000,5,-15.056788
661646.913281,1509921.113355,0.000000,9.840000,5,-15.056788
661646.913281,1509921.113355,0.000000,9.840000,5,-15.056788
661646.913281,1509921.113355,0.000000,9.840000,5,-15.056788
661646.913281,1509921.113355,0.000000,9.840000,5,-15.056788
661646.913281,1509921.113355,0.000000,9.840000,5,-15.056788
661646.913281,1509921.113355,0.000000,9.840000,5,-15.056788
661646.913281,1509921.113355,0.000000,9.840000,5,-15.056788
661646.913281,1509921.113355,0.000000,9.840000,5,-15.056788
661646.913281,1509921.113355,0.000000,9.840000,5,-15.056788
661646.913281,1509921.113355,0.000000,9.840000,5,-15.056788
661646.913281,1509921.113355,0.000000,9.840000,5,-15.056788
661646.913281,1509921.113355,0.000000,9.840000,5,-15.056788
661646.913281,1509921.113355,0.000000,9.840000,5,-15.056788
661646.913281,1509921.113355,0.000000,9.840000,5,-15.056788
661646.913281,1509921.113355,0.000000,9.840000,5,-15.056788
661646.913281,1509921.113355,0.000000,9.840000,5,-15.056788
661646.913281,1509921.113355,0.000000,9.840000,5,-15.056788
661646.913281,1509921.113355,0.000000,9.840000,5,-15.056788
661646.913281,1509921.113355,0.000000,9.840000,5,-15.056788
661646.913281,1509921.113355,0.000000,9.840000,5,-15.056788
661646.913281,1509921.113355,0.000000,9.840000,5,-15.056788
661646.913281,1509921.113355,0.000000,9.840000,5,-15.056788
661646.913281,1509921.113355,0.000000,9.840000,5,-15.056788
661646.913281,1509921.113355,0.000000,9.840000,5,-15.056788
661646.913281,1509921.113355,0.000000,9.840000,5,-15.056788
661646.913281,1509921.113355,0.000000,9.840000,5,-15.056788
661646.913281,1509921.113355,0.000000,9.840000,5,-15.056788
661646.913281,1509921.113355,0.000000,9.840000,5,-15.056788
661646.913281,1509921.113355,0.000000,9.840000,5,-15.056788
661646.913281,1509921.113355,0.000000,9.840000,5,-15.056788
661646.913281,1509921.113355,0.000000,9.840000,5,-15.056788
661646.913281,1509921.113355,0.000000,9.840000,5,-15.056788
661646.913281,1509921.113355,0.000000,9.840000,5,-15.056788
661646.913281,1509921.113355,0.000000,9.840000,5,-15.056788
661646.913281,1509921.113355,0.000000,9.840000,5,-15.056788
661646.913281,1509921.113355,0.000000,9.840000,5,-15.056788
661646.913281,1509921.113355,0.000000,9.840000,5,-15.056788
661646.913281,1509921.113355,0.000000,9.840000,5,-15.056788
661646.913281,1509921.113355,0.000000,9.840000,5,-15.056788
661646.913281,1509921.113355,0.000000,9.840000,5,-15.056788
661646.913281,1509921.113355,0.000000,9.840000,5,-15.056788
661646.913281,1509921.113355,0.000000,9.840000,5,-15.056788
661646.913281,1509921.113355,0.000000,9.840000,5,-15.056788
661646.913281,1509921.113355,0.000000,9.840000,5,-15.056788
661646.913281,1509921.113355,0.000000,9.840000,5,-15.056788
661646.913281,1509921.113355,0.000000,9.840000,5,-15.056788
661646.913281,1509921.113355,0.000000,9.840000,5,-15.056788
661646.913281,1509921.113355,0.000000,9.840000,5,-15.056788
661646.913281,1509921.113355,0.000000,9.840000,5,-15.056788
661646.913281,1509921.113355,0.000000,9.840000,5,-15.056788
661646.913281,1509921.113355,0.000000,9.840000,5,-15.056788
661646.913281,1509921.113355,0.000000,9.840000,5,-15.056788
661646.913281,1509921.113355,0.000000,9.840000,5,-15.056788
661646.913281,1509921.113355,0.000000,9.840000,5,-15.056788
661646.913281,1509921.113355,0.000000,9.840000,5,-15.056788
661646.913281,1509921.113355,0.000000,9.840000,5,-15.056788
661646.913281,1509921.113355,0.000000,9.840000,5,-15.056788
661646.913281,1509921.113355,0.000000,9.840000,5,-15.056788
661646.913281,1509921.113355,0.000000,9.840000,5,-15.056788
661646.913281,1509921.113355,0.000000,9.840000,5,-15.056788
661646.913281,1509921.113355,0.000000,9.840000,5,-15.056788
661646.913281,1509921.113355,0.000000,9.840000,5,-15.056788
661646.913281,1509921.113355,0.000000,9.840000,5,-15.056788
661646.913281,1509921.113355,0.000000,9.840000,5,-15.056788
661646.913281,1509921.113355,0.000000,9.840000,5,-15.056788
661646.913281,1509921.113355,0.000000,9.840000,5,-15.056788
661646.913281,1509921.113355,0.000000,9.840000,5,-15.056788
661646.913281,1509921.113355,0.000000,9.840000,5,-15.056788
661646.913281,1509921.113355,0.000000,9.840000,5,-15.056788
661646.913281,1509921.113355,0.000000,9.840000,5,-15.056788
661646.913281,1509921.113355,0.000000,9.840000,5,-15.056788
661646.913281,1509921.113355,0.000000,9.840000,5,-15.056788
661646.913281,1509921.113355,0.000000,9.840000,5,-15.056788
661646.913281,1509921.113355,0.000000,9.840000,5,-15.056788
661646.913281,1509921.113355,0.000000,9.840000,5,-15.056788
661646.913281,1509921.113355,0.000000,9.840000,5,-15.056788
661646.913281,1509921.113355,0.000000,9.840000,5,-15.056788
661646.913281,1509921.113355,0.000000,9.840000,5,-15.056788
661646.913281,1509921.113355,0.000000,9.840000,5,-15.056788
661646.913281,1509921.113355,0.000000,9.840000,5,-15.056788
661646.913281,1509921.113355,0.000000,9.840000,5,-15.056788
661646.913281,1509921.113355,0.000000,9.840000,5,-15.056788
661646.913281,1509921.113355,0.000000,9.840000,5,-15.056788
661646.913281,1509921.113355,0.000000,9.840000,5,-15.056788
661646.913281,1509921.113355,0.000000,9.840000,5,-15.056788
661646.913281,1509921.113355,0.000000,9.840000,5,-15.056788
661646.913281,1509921.113355,0.000000,9.840000,5,-15.056788
661646.913281,1509921.113355,0.000000,9.840000,5,-15.056788
661646.913281,1509921.113355,0.000000,9.840000,5,-15.056788
661646.913281,1509921.113355,0.000000,9.840000,5,-15.056788
661646.913281,1509921.113355,0.000000,9.840000,5,-15.056788
661646.913281,1509921.113355,0.000000,9.840000,5,-15.056788
661646.913281,1509921.113355,0.000000,9.840000,5,-15.056788
661646.913281,1509921.113355,0.000000,9.840000,5,-15.056788
661646.913281,1509921.113355,0.000000,9.840000,5,-15.056788
661646.913281,1509921.113355,0.000000,9.840000,5,-15.056788
661646.913281,1509921.113355,0.000000,9.840000,5,-15.056788
661646.913281,1509921.113355,0.000000,9.840000,5,-15.056788
661646.913281,1509921.113355,0.000000,9.840000,5,-15.056788
661646.913281,1509921.113355,0.000000,9.840000,5,-15.056788
661646.913281,1509921.113355,0.000000,9.840000,5,-15.056788
661646.913281,1509921.113355,0.000000,9.840000,5,-15.056788
661646.913281,1509921.113355,0.000000,9.840000,5,-15.056788
661646.913281,1509921.113355,0.000000,9.840000,5,-15.056788
661646.913281,1509921.113355,0.000000,9.840000,5,-15.056788
661646.913281,1509921.113355,0.000000,9.840000,5,-15.056788
661646.913281,1509921.113355,0.000000,9.840000,5,-15.056788
661646.913281,1509921.113355,0.000000,9.840000,5,-15.056788
661646.913281,1509921.113355,0.000000,9.840000,5,-15.056788
661646.913281,1509921.113355,0.000000,9.840000,5,-15.056788
661646.913281,1509921.113355,0.000000,9.840000,5,-15.056788
661646.913281,1509921.113355,0.000000,9.840000,5,-15.056788
661646.913281,1509921.113355,0.000000,9.840000,5,-15.056788
661646.913281,1509921.113355,0.000000,9.840000,5,-15.056788
661646.913281,1509921.113355,0.000000,9.840000,5,-15.056788
661646.913281,1509921.113355,0.000000,9.840000,5,-15.056788
661646.913281,1509921.113355,0.000000,9.840000,5,-15.056788
661646.913281,1509921.113355,0.000000,9.840000,5,-15.056788
661646.913281,1509921.113355,0.000000,9.840000,5,-15.056788
661646.913281,1509921.113355,0.000000,9.840000,5,-15.056788
661646.913281,1509921.113355,0.000000,9.840000,5,-15.056788
661646.913281,1509921.113355,0.000000,9.840000,5,-15.056788
661646.913281,1509921.113355,0.000000,9.840000,5,-15.056788
661646.913281,1509921.113355,0.000000,9.840000,5,-15.056788
661646.913281,1509921.113355,0.000000,9.840000,5,-15.056788
661646.913281,1509921.113355,0.000000,9.840000,5,-15.056788
661646.913281,1509921.113355,0.000000,9.840000,5,-15.056788
661646.913281,1509921.113355,0.000000,9.840000,5,-15.056788
661646.913281,1509921.113355,0.000000,9.840000,5,-15.056788
661646.913281,1509921.113355,0.000000,9.840000,5,-15.056788
661646.913281,1509921.113355,0.000000,9.840000,5,-15.056788
661646.913281,1509921.113355,0.000000,9.840000,5,-15.056788
661646.913281,1509921.113355,0.000000,9.840000,5,-15.056788
661646.913281,1509921.113355,0.000000,9.840000,5,-15.056788
661646.913281,1509921.113355,0.000000,9.840000,5,-15.056788
661646.913281,1509921.113355,0.000000,9.840000,5,-15.056788
661646.913281,1509921.113355,0.000000,9.840000,5,-15.056788
661646.913281,1509921.113355,0.000000,9.840000,5,-15.056788
661646.913281,1509921.113355,0.000000,9.840000,5,-15.056788
661646.913281,1509921.113355,0.000000,9.840000,5,-15.056788
661646.913281,1509921.113355,0.000000,9.840000,5,-15.056788
661646.913281,1509921.113355,0.000000,9.840000,5,-15.056788
661646.913281,1509921.113355,0.000000,9.840000,5,-15.056788
661646.913281,1509921.113355,0.000000,9.840000,5,-15.056788
661646.913281,1509921.113355,0.000000,9.840000,5,-15.056788
661646.913281,1509921.113355,0.000000,9.840000,5,-15.056788
661646.913281,1509921.113355,0.000000,9.840000,5,-15.056788
661646.913281,1509921.113355,0.000000,9.840000,5,-15.056788
661646.913281,1509921.113355,0.000000,9.840000,5,-15.056788
661646.913281,1509921.113355,0.000000,9.840000,5,-15.056788
661646.913281,1509921.113355,0.000000,9.840000,5,-15.056788
661646.913281,1509921.113355,0.000000,9.840000,5,-15.056788
661646.913281,1509921.113355,0.000000,9.840000,5,-15.056788
661646.913281,1509921.113355,0.000000,9.840000,5,-15.056788
661646.913281,1509921.113355,0.000000,9.840000,5,-15.056788
661646.913281,1509921.113355,0.000000,9.840000,5,-15.056788
661646.913281,1509921.113355,0.000000,9.840000,5,-15.056788
661646.913281,1509921.113355,0.000000,9.840000,5,-15.056788
661646.913281,1509921.113355,0.000000,9.840000,5,-15.056788
661646.913281,1509921.113355,0.000000,9.840000,5,-15.056788
661646.913281,1509921.113355,0.000000,9.840000,5,-15.056788
661646.913281,1509921.113355,0.000000,9.840000,5,-15.056788
661646.913281,1509921.113355,0.000000,9.840000,5,-15.056788
661646.913281,1509921.113355,0.000000,9.840000,5,-15.056788
661646.913281,1509921.113355,0.000000,9.840000,5,-15.056788
661646.913281,1509921.113355,0.000000,9.840000,5,-15.056788
661646.913281,1509921.113355,0.000000,9.840000,5,-15.056788
661646.913281,1509921.113355,0.000000,9.840000,5,-15.056788
661646.913281,1509921.113355,0.000000,9.840000,5,-15.056788
661646.913281,1509921.113355,0.000000,9.840000,5,-15.056788
661646.913281,1509921.113355,0.000000,9.840000,5,-15.056788
661646.913281,1509921.113355,0.000000,9.840000,5,-15.056788
661646.913281,1509921.113355,0.000000,9.840000,5,-15.056788
661646.913281,1509921.113355,0.000000,9.840000,5,-15.056788
661646.913281,1509921.113355,0.000000,9.840000,5,-15.056788
661646.913281,1509921.113355,0.000000,9.840000,5,-15.056788
661646.913281,1509921.113355,0.000000,9.840000,5,-15.056788
661646.913281,1509921.113355,0.000000,9.840000,5,-15.056788
661646.913281,1509921.113355,0.000000,9.840000,5,-15.056788
661646.913281,1509921.113355,0.000000,9.840000,5,-15.056788
661646.913281,1509921.113355,0.000000,9.840000,5,-15.056788
661646.913281,1509921.113355,0.000000,9.840000,5,-15.056788
661646.913281,1509921.113355,0.000000,9.840000,5,-15.056788
661646.913281,1509921.113355,0.000000,9.840000,5,-15.056788
661646.913281,1509921.113355,0.000000,9.840000,5,-15.056788
661646.913281,1509921.113355,0.000000,9.840000,5,-15.056788
661646.913281,1509921.113355,0.000000,9.840000,5,-15.056788
661646.913281,1509921.113355,0.000000,9.840000,5,-15.056788
661646.913281,1509921.113355,0.000000,9.840000,5,-15.056788
661646.913281,1509921.113355,0.000000,9.840000,5,-15.056788
661646.913281,1509921.113355,0.000000,9.840000,5,-15.056788
661646.913281,1509921.113355,0.000000,9.840000,5,-15.056788
661646.913281,1509921.113355,0.000000,9.840000,5,-15.056788
661646.913281,1509921.113355,0.000000,9.840000,5,-15.056788
661646.913281,1509921.113355,0.000000,9.840000,5,-15.056788
661646.913281,1509921.113355,0.000000,9.840000,5,-15.056788
661646.913281,1509921.113355,0.000000,9.840000,5,-15.056788
661646.913281,1509921.113355,0.000000,9.840000,5,-15.056788
661646.913281,1509921.113355,0.000000,9.840000,5,-15.056788
661646.913281,1509921.113355,0.000000,9.840000,5,-15.056788
661646.913281,1509921.113355,0.000000,9.840000,5,-15.056788
661646.913281,1509921.113355,0.000000,9.840000,5,-15.056788
661646.913281,1509921.113355,0.000000,9.840000,5,-15.056788
661646.913281,1509921.113355,0.000000,9.840000,5,-15.056788
661646.913281,1509921.113355,0.000000,9.840000,5,-15.056788
661646.913281,1509921.113355,0.000000,9.840000,5,-15.056788
661646.913281,1509921.113355,0.000000,9.840000,5,-15.056788
661646.913281,1509921.113355,0.000000,9.840000,5,-15.056788
661646.913281,1509921.113355,0.000000,9.840000,5,-15.056788
661646.913281,1509921.113355,0.000000,9.840000,5,-15.056788
661646.913281,1509921.113355,0.000000,9.840000,5,-15.056788
661646.913281,1509921.113355,0.000000,9.840000,5,-15.056788
661646.913281,1509921.113355,0.000000,9.840000,5,-15.056788
661646.913281,1509921.113355,0.000000,9.840000,5,-15.056788
661646.913281,1509921.113355,0.000000,9.840000,5,-15.056788
661646.913281,1509921.113355,0.000000,9.840000,5,-15.056788
661646.913281,1509921.113355,0.000000,9.840000,5,-15.056788
661646.913281,1509921.113355,0.000000,9.840000,5,-15.056788
661646.913281,1509921.113355,0.000000,9.840000,5,-15.056788
661646.913281,1509921.113355,0.000000,9.840000,5,-15.056788
661646.913281,1509921.113355,0.000000,9.840000,5,-15.056788
661646.913281,1509921.113355,0.000000,9.840000,5,-15.056788
661646.913281,1509921.113355,0.000000,9.840000,5,-15.056788
661646.913281,1509921.113355,0.000000,9.840000,5,-15.056788
661646.913281,1509921.113355,0.000000,9.840000,5,-15.056788
661646.913281,1509921.113355,0.000000,9.840000,5,-15.056788
661646.913281,1509921.113355,0.000000,9.840000,5,-15.056788
661646.913281,1509921.113355,0.000000,9.840000,5,-15.056788
661646.913281,1509921.113355,0.000000,9.840000,5,-15.056788
661646.913281,1509921.113355,0.000000,9.840000,5,-15.056788
661646.913281,1509921.113355,0.000000,9.840000,5,-15.056788
661646.913281,1509921.113355,0.000000,9.840000,5,-15.056788
661646.913281,1509921.113355,0.000000,9.840000,5,-15.056788
661646.913281,1509921.113355,0.000000,9.840000,5,-15.056788
661646.913281,1509921.113355,0.000000,9.840000,5,-15.056788
661646.913281,1509921.113355,0.000000,9.840000,5,-15.056788
661646.913281,1509921.113355,0.000000,9.840000,5,-15.056788
661646.913281,1509921.113355,0.000000,9.840000,5,-15.056788
661646.913281,1509921.113355,0.000000,9.840000,5,-15.056788
661646.913281,1509921.113355,0.000000,9.840000,5,-15.056788
661646.913281,1509921.113355,0.000000,9.840000,5,-15.056788
661646.913281,1509921.113355,0.000000,9.840000,5,-15.056788
661646.913281,1509921.113355,0.000000,9.840000,5,-15.056788
661646.913281,1509921.113355,0.000000,9.840000,5,-15.056788
661646.913281,1509921.113355,0.000000,9.840000,5,-15.056788
661646.913281,1509921.113355,0.000000,9.840000,5,-15.056788
661646.913281,1509921.113355,0.000000,9.840000,5,-15.056788
661646.913281,1509921.113355,0.000000,9.840000,5,-15.056788
661646.913281,1509921.113355,0.000000,9.840000,5,-15.056788
661646.913281,1509921.113355,0.000000,9.840000,5,-15.056788
661646.913281,1509921.113355,0.000000,9.840000,5,-15.056788
661646.913281,1509921.113355,0.000000,9.840000,5,-15.056788
661646.913281,1509921.113355,0.000000,9.840000,5,-15.056788
661646.913281,1509921.113355,0.000000,9.840000,5,-15.056788
661646.913281,1509921.113355,0.000000,9.840000,5,-15.056788
661646.913281,1509921.113355,0.000000,9.840000,5,-15.056788
661646.913281,1509921.113355,0.000000,9.840000,5,-15.056788
661646.913281,1509921.113355,0.000000,9.840000,5,-15.056788
661646.913281,1509921.113355,0.000000,9.840000,5,-15.056788
661646.913281,1509921.113355,0.000000,9.840000,5,-15.056788
661646.913281,1509921.113355,0.000000,9.840000,5,-15.056788
661646.913281,1509921.113355,0.000000,9.840000,5,-15.056788
661646.913281,1509921.113355,0.000000,9.840000,5,-15.056788
661646.913281,1509921.113355,0.000000,9.840000,5,-15.056788
661646.913281,1509921.113355,0.000000,9.840000,5,-15.056788
661646.913281,1509921.113355,0.000000,9.840000,5,-15.056788
661646.913281,1509921.113355,0.000000,9.840000,5,-15.056788
661646.913281,1509921.113355,0.000000,9.840000,5,-15.056788
661646.913281,1509921.113355,0.000000,9.840000,5,-15.056788
661646.913281,1509921.113355,0.000000,9.840000,5,-15.056788
661646.913281,1509921.113355,0.000000,9.840000,5,-15.056788
661646.913281,1509921.113355,0.000000,9.840000,5,-15.056788
661646.913281,1509921.113355,0.000000,9.840000,5,-15.056788
661646.913281,1509921.113355,0.000000,9.840000,5,-15.056788
661646.913281,1509921.113355,0.000000,9.840000,5,-15.056788
661646.913281,1509921.113355,0.000000,9.840000,5,-15.056788
661646.913281,1509921.113355,0.000000,9.840000,5,-15.056788
661646.913281,1509921.113355,0.000000,9.840000,5,-15.056788
661646.913281,1509921.113355,0.000000,9.840000,5,-15.056788
661646.913281,1509921.113355,0.000000,9.840000,5,-15.056788
661646.913281,1509921.113355,0.000000,9.840000,5,-15.056788
661646.913281,1509921.113355,0.000000,9.840000,5,-15.056788
661646.913281,1509921.113355,0.000000,9.840000,5,-15.056788
661646.913281,1509921.113355,0.000000,9.840000,5,-15.056788
661646.913281,1509921.113355,0.000000,9.840000,5,-15.056788
661646.913281,1509921.113355,0.000000,9.840000,5,-15.056788
661646.913281,1509921.113355,0.000000,9.840000,5,-15.056788
661646.913281,1509921.113355,0.000000,9.840000,5,-15.056788
661646.913281,1509921.113355,0.000000,9.840000,5,-15.056788
661646.913281,1509921.113355,0.000000,9.840000,5,-15.056788
661646.913281,1509921.113355,0.000000,9.840000,5,-15.056788
661646.913281,1509921.113355,0.000000,9.840000,5,-15.056788
661646.913281,1509921.113355,0.000000,9.840000,5,-15.056788
661646.913281,1509921.113355,0.000000,9.840000,5,-15.056788
661646.913281,1509921.113355,0.000000,9.840000,5,-15.056788
661646.913281,1509921.113355,0.000000,9.840000,5,-15.056788
661646.913281,1509921.113355,0.000000,9.840000,5,-15.056788
661646.913281,1509921.113355,0.000000,9.840000,5,-15.056788
661646.913281,1509921.113355,0.000000,9.840000,5,-15.056788
661646.913281,1509921.113355,0.000000,9.840000,5,-15.056788
661646.913281,1509921.113355,0.000000,9.840000,5,-15.056788
661646.913281,1509921.113355,0.000000,9.840000,5,-15.056788
661646.913281,1509921.113355,0.000000,9.840000,5,-15.056788
661646.913281,1509921.113355,0.000000,9.840000,5,-15.056788
661646.913281,1509921.113355,0.000000,9.840000,5,-15.056788
661646.913281,1509921.113355,0.000000,9.840000,5,-15.056788
661646.913281,1509921.113355,0.000000,9.840000,5,-15.056788
661646.913281,1509921.113355,0.000000,9.840000,5,-15.056788
661646.913281,1509921.113355,0.000000,9.840000,5,-15.056788
661646.913281,1509921.113355,0.000000,9.840000,5,-15.056788
661646.913281,1509921.113355,0.000000,9.840000,5,-15.056788
661646.913281,1509921.113355,0.000000,9.840000,5,-15.056788
661646.913281,1509921.113355,0.000000,9.840000,5,-15.056788
661646.913281,1509921.113355,0.000000,9.840000,5,-15.056788
661646.913281,1509921.113355,0.000000,9.840000,5,-15.056788
661646.913281,1509921.113355,0.000000,9.840000,5,-15.056788
661646.913281,1509921.113355,0.000000,9.840000,5,-15.056788
661646.913281,1509921.113355,0.000000,9.840000,5,-15.056788
661646.913281,1509921.113355,0.000000,9.840000,5,-15.056788
661646.913281,1509921.113355,0.000000,9.840000,5,-15.056788
661646.913281,1509921.113355,0.000000,9.840000,5,-15.056788
661646.913281,1509921.113355,0.000000,9.840000,5,-15.056788
661646.913281,1509921.113355,0.000000,9.840000,5,-15.056788
661646.913281,1509921.113355,0.000000,9.840000,5,-15.056788
661646.913281,1509921.113355,0.000000,9.840000,5,-15.056788
661646.913281,1509921.113355,0.000000,9.840000,5,-15.056788
661646.913281,1509921.113355,0.000000,9.840000,5,-15.056788
661646.913281,1509921.113355,0.000000,9.840000,5,-15.056788
661646.913281,1509921.113355,0.000000,9.840000,5,-15.056788
661646.913281,1509921.113355,0.000000,9.840000,5,-15.056788
661646.913281,1509921.113355,0.000000,9.840000,5,-15.056788
661646.913281,1509921.113355,0.000000,9.840000,5,-15.056788
661646.913281,1509921.113355,0.000000,9.840000,5,-15.056788
661646.913281,1509921.113355,0.000000,9.840000,5,-15.056788
661646.913281,1509921.113355,0.000000,9.840000,5,-15.056788
661646.913281,1509921.113355,0.000000,9.840000,5,-15.056788
661646.913281,1509921.113355,0.000000,9.840000,5,-15.056788
661646.913281,1509921.113355,0.000000,9.840000,5,-15.056788
661646.913281,1509921.113355,0.000000,9.840000,5,-15.056788
661646.913281,1509921.113355,0.000000,9.840000,5,-15.056788
661646.913281,1509921.113355,0.000000,9.840000,5,-15.056788
661646.913281,1509921.113355,0.000000,9.840000,5,-15.056788
661646.913281,1509921.113355,0.000000,9.840000,5,-15.056788
661646.913281,1509921.113355,0.000000,9.840000,5,-15.056788
661646.913281,1509921.113355,0.000000,9.840000,5,-15.056788
661646.913281,1509921.113355,0.000000,9.840000,5,-15.056788
661646.913281,1509921.113355,0.000000,9.840000,5,-15.056788
661646.913281,1509921.113355,0.000000,9.840000,5,-15.056788
661646.913281,1509921.113355,0.000000,9.840000,5,-15.056788
661646.913281,1509921.113355,0.000000,9.840000,5,-15.056788
661646.913281,1509921.113355,0.000000,9.840000,5,-15.056788
661646.913281,1509921.113355,0.000000,9.840000,5,-15.056788
661646.913281,1509921.113355,0.000000,9.840000,5,-15.056788
661646.913281,1509921.113355,0.000000,9.840000,5,-15.056788
661646.913281,1509921.113355,0.000000,9.840000,5,-15.056788
661646.913281,1509921.113355,0.000000,9.840000,5,-15.056788
661646.913281,1509921.113355,0.000000,9.840000,5,-15.056788
661646.913281,1509921.113355,0.000000,9.840000,5,-15.056788
661646.913281,1509921.113355,0.000000,9.840000,5,-15.056788
661646.913281,1509921.113355,0.000000,9.840000,5,-15.056788
661646.913281,1509921.113355,0.000000,9.840000,5,-15.056788
661646.913281,1509921.113355,0.000000,9.840000,5,-15.056788
661646.913281,1509921.113355,0.000000,9.840000,5,-15.056788
661646.913281,1509921.113355,0.000000,9.840000,5,-15.056788
661646.913281,1509921.113355,0.000000,9.840000,5,-15.056788
661646.913281,1509921.113355,0.000000,9.840000,5,-15.056788
661646.913281,1509921.113355,0.000000,9.840000,5,-15.056788
661646.913281,1509921.113355,0.000000,9.840000,5,-15.056788
661646.913281,1509921.113355,0.000000,9.840000,5,-15.056788
661646.913281,1509921.113355,0.000000,9.840000,5,-15.056788
661646.913281,1509921.113355,0.000000,9.840000,5,-15.056788
661646.913281,1509921.113355,0.000000,9.840000,5,-15.056788
661646.913281,1509921.113355,0.000000,9.840000,5,-15.056788
661646.913281,1509921.113355,0.000000,9.840000,5,-15.056788
661646.913281,1509921.113355,0.000000,9.840000,5,-15.056788
661646.913281,1509921.113355,0.000000,9.840000,5,-15.056788
661646.913281,1509921.113355,0.000000,9.840000,5,-15.056788
661646.913281,1509921.113355,0.000000,9.840000,5,-15.056788
661646.913281,1509921.113355,0.000000,9.840000,5,-15.056788
661646.913281,1509921.113355,0.000000,9.840000,5,-15.056788
661646.913281,1509921.113355,0.000000,9.840000,5,-15.056788
661646.913281,1509921.113355,0.000000,9.840000,5,-15.056788
661646.913281,1509921.113355,0.000000,9.840000,5,-15.056788
661646.913281,1509921.113355,0.000000,9.840000,5,-15.056788
661646.913281,1509921.113355,0.000000,9.840000,5,-15.056788
661646.913281,1509921.113355,0.000000,9.840000,5,-15.056788
661646.913281,1509921.113355,0.000000,9.840000,5,-15.056788
661646.913281,1509921.113355,0.000000,9.840000,5,-15.056788
661646.913281,1509921.113355,0.000000,9.840000,5,-15.056788
661646.913281,1509921.113355,0.000000,9.840000,5,-15.056788
661646.913281,1509921.113355,0.000000,9.840000,5,-15.056788
661646.913281,1509921.113355,0.000000,9.840000,5,-15.056788
661646.913281,1509921.113355,0.000000,9.840000,5,-15.056788
661646.913281,1509921.113355,0.000000,9.840000,5,-15.056788
661646.913281,1509921.113355,0.000000,9.840000,5,-15.056788
661646.913281,1509921.113355,0.000000,9.840000,5,-15.056788
661646.913281,1509921.113355,0.000000,9.840000,5,-15.056788
661646.913281,1509921.113355,0.000000,9.840000,5,-15.056788
661646.913281,1509921.113355,0.000000,9.840000,5,-15.056788
661646.913281,1509921.113355,0.000000,9.840000,5,-15.056788
661646.913281,1509921.113355,0.000000,9.840000,5,-15.056788
661646.913281,1509921.113355,0.000000,9.840000,5,-15.056788
661646.913281,1509921.113355,0.000000,9.840000,5,-15.056788
661646.913281,1509921.113355,0.000000,9.840000,5,-15.056788
661646.913281,1509921.113355,0.000000,9.840000,5,-15.056788
661646.913281,1509921.113355,0.000000,9.840000,5,-15.056788
661646.913281,1509921.113355,0.000000,9.840000,5,-15.056788
661646.913281,1509921.113355,0.000000,9.840000,5,-15.056788
661646.913281,1509921.113355,0.000000,9.840000,5,-15.056788
661646.913281,1509921.113355,0.000000,9.840000,5,-15.056788
661646.913281,1509921.113355,0.000000,9.840000,5,-15.056788
661646.913281,1509921.113355,0.000000,9.840000,5,-15.056788
661646.913281,1509921.113355,0.000000,9.840000,5,-15.056788
661646.913281,1509921.113355,0.000000,9.840000,5,-15.056788
661646.913281,1509921.113355,0.000000,9.840000,5,-15.056788
661646.913281,1509921.113355,0.000000,9.840000,5,-15.056788
661646.913281,1509921.113355,0.000000,9.840000,5,-15.056788
661646.913281,1509921.113355,0.000000,9.840000,5,-15.056788
661646.913281,1509921.113355,0.000000,9.840000,5,-15.056788
661646.913281,1509921.113355,0.000000,9.840000,5,-15.056788
661646.913281,1509921.113355,0.000000,9.840000,5,-15.056788
661646.913281,1509921.113355,0.000000,9.840000,5,-15.056788
661646.913281,1509921.113355,0.000000,9.840000,5,-15.056788
661646.913281,1509921.113355,0.000000,9.840000,5,-15.056788
661646.913281,1509921.113355,0.000000,9.840000,5,-15.056788
661646.913281,1509921.113355,0.000000,9.840000,5,-15.056788
661646.913281,1509921.113355,0.000000,9.840000,5,-15.056788
661646.913281,1509921.113355,0.000000,9.840000,5,-15.056788
661646.913281,1509921.113355,0.000000,9.840000,5,-15.056788
661646.913281,1509921.113355,0.000000,9.840000,5,-15.056788
661646.913281,1509921.113355,0.000000,9.840000,5,-15.056788
661646.913281,1509921.113355,0.000000,9.840000,5,-15.056788
661646.913281,1509921.113355,0.000000,9.840000,5,-15.056788
661646.913281,1509921.113355,0.000000,9.840000,5,-15.056788
661646.913281,1509921.113355,0.000000,9.840000,5,-15.056788
661646.913281,1509921.113355,0.000000,9.840000,5,-15.056788
661646.913281,1509921.113355,0.000000,9.840000,5,-15.056788
661646.913281,1509921.113355,0.000000,9.840000,5,-15.056788
661646.913281,1509921.113355,0.000000,9.840000,5,-15.056788
661646.913281,1509921.113355,0.000000,9.840000,5,-15.056788
661646.913281,1509921.113355,0.000000,9.840000,5,-15.056788
661646.913281,1509921.113355,0.000000,9.840000,5,-15.056788
661646.913281,1509921.113355,0.000000,9.840000,5,-15.056788
661646.913281,1509921.113355,0.000000,9.840000,5,-15.056788
661646.913281,1509921.113355,0.000000,9.840000,5,-15.056788
661646.913281,1509921.113355,0.000000,9.840000,5,-15.056788
661646.913281,1509921.113355,0.000000,9.840000,5,-15.056788
661646.913281,1509921.113355,0.000000,9.840000,5,-15.056788
661646.913281,1509921.113355,0.000000,9.840000,5,-15.056788
661646.913281,1509921.113355,0.000000,9.840000,5,-15.056788
661646.913281,1509921.113355,0.000000,9.840000,5,-15.056788
661646.913281,1509921.113355,0.000000,9.840000,5,-15.056788
661646.913281,1509921.113355,0.000000,9.840000,5,-15.056788
661646.913281,1509921.113355,0.000000,9.840000,5,-15.056788
661646.913281,1509921.113355,0.000000,9.840000,5,-15.056788
661646.913281,1509921.113355,0.000000,9.840000,5,-15.056788
661646.913281,1509921.113355,0.000000,9.840000,5,-15.056788
661646.913281,1509921.113355,0.000000,9.840000,5,-15.056788
661646.913281,1509921.113355,0.000000,9.840000,5,-15.056788
661646.913281,1509921.113355,0.000000,9.840000,5,-15.056788
661646.913281,1509921.113355,0.000000,9.840000,5,-15.056788
661646.913281,1509921.113355,0.000000,9.840000,5,-15.056788
661646.913281,1509921.113355,0.000000,9.840000,5,-15.056788
661646.913281,1509921.113355,0.000000,9.840000,5,-15.056788
661646.913281,1509921.113355,0.000000,9.840000,5,-15.056788
661646.913281,1509921.113355,0.000000,9.840000,5,-15.056788
661646.913281,1509921.113355,0.000000,9.840000,5,-15.056788
661646.913281,1509921.113355,0.000000,9.840000,5,-15.056788
661646.913281,1509921.113355,0.000000,9.840000,5,-15.056788
661646.913281,1509921.113355,0.000000,9.840000,5,-15.056788
661646.913281,1509921.113355,0.000000,9.840000,5,-15.056788
661646.913281,1509921.113355,0.000000,9.840000,5,-15.056788
661646.913281,1509921.113355,0.000000,9.840000,5,-15.056788
661646.913281,1509921.113355,0.000000,9.840000,5,-15.056788
661646.913281,1509921.113355,0.000000,9.840000,5,-15.056788
661646.913281,1509921.113355,0.000000,9.840000,5,-15.056788
661646.913281,1509921.113355,0.000000,9.840000,5,-15.056788
661646.913281,1509921.113355,0.000000,9.840000,5,-15.056788
661646.913281,1509921.113355,0.000000,9.840000,5,-15.056788
661646.913281,1509921.113355,0.000000,9.840000,5,-15.056788
661646.913281,1509921.113355,0.000000,9.840000,5,-15.056788
661646.913281,1509921.113355,0.000000,9.840000,5,-15.056788
661646.913281,1509921.113355,0.000000,9.840000,5,-15.056788
661646.913281,1509921.113355,0.000000,9.840000,5,-15.056788
661646.913281,1509921.113355,0.000000,9.840000,5,-15.056788
661646.913281,1509921.113355,0.000000,9.840000,5,-15.056788
661646.913281,1509921.113355,0.000000,9.840000,5,-15.056788
661646.913281,1509921.113355,0.000000,9.840000,5,-15.056788
661646.913281,1509921.113355,0.000000,9.840000,5,-15.056788
661646.913281,1509921.113355,0.000000,9.840000,5,-15.056788
661646.913281,1509921.113355,0.000000,9.840000,5,-15.056788
661646.913281,1509921.113355,0.000000,9.840000,5,-15.056788
661646.913281,1509921.113355,0.000000,9.840000,5,-15.056788
661646.913281,1509921.113355,0.000000,9.840000,5,-15.056788
661646.913281,1509921.113355,0.000000,9.840000,5,-15.056788
661646.913281,1509921.113355,0.000000,9.840000,5,-15.056788
661646.913281,1509921.113355,0.000000,9.840000,5,-15.056788
661646.913281,1509921.113355,0.000000,9.840000,5,-15.056788
661646.913281,1509921.113355,0.000000,9.840000,5,-15.056788
661646.913281,1509921.113355,0.000000,9.840000,5,-15.056788
661646.913281,1509921.113355,0.000000,9.840000,5,-15.056788
661646.913281,1509921.113355,0.000000,9.840000,5,-15.056788
661646.913281,1509921.113355,0.000000,9.840000,5,-15.056788
661646.913281,1509921.113355,0.000000,9.840000,5,-15.056788
661646.913281,1509921.113355,0.000000,9.840000,5,-15.056788
661646.913281,1509921.113355,0.000000,9.840000,5,-15.056788
661646.913281,1509921.113355,0.000000,9.840000,5,-15.056788
661646.913281,1509921.113355,0.000000,9.840000,5,-15.056788
661646.913281,1509921.113355,0.000000,9.840000,5,-15.056788
661646.913281,1509921.113355,0.000000,9.840000,5,-15.056788
661646.913281,1509921.113355,0.000000,9.840000,5,-15.056788
661646.913281,1509921.113355,0.000000,9.840000,5,-15.056788
661646.913281,1509921.113355,0.000000,9.840000,5,-15.056788
661646.913281,1509921.113355,0.000000,9.840000,5,-15.056788
661646.913281,1509921.113355,0.000000,9.840000,5,-15.056788
661646.913281,1509921.113355,0.000000,9.840000,5,-15.056788
661646.913281,1509921.113355,0.000000,9.840000,5,-15.056788
661646.913281,1509921.113355,0.000000,9.840000,5,-15.056788
661646.913281,1509921.113355,0.000000,9.840000,5,-15.056788
661646.913281,1509921.113355,0.000000,9.840000,5,-15.056788
661646.913281,1509921.113355,0.000000,9.840000,5,-15.056788
661646.913281,1509921.113355,0.000000,9.840000,5,-15.056788
661646.913281,1509921.113355,0.000000,9.840000,5,-15.056788
661646.913281,1509921.113355,0.000000,9.840000,5,-15.056788
661646.913281,1509921.113355,0.000000,9.840000,5,-15.056788
661646.913281,1509921.113355,0.000000,9.840000,5,-15.056788
661646.913281,1509921.113355,0.000000,9.840000,5,-15.056788
661646.913281,1509921.113355,0.000000,9.840000,5,-15.056788
661646.913281,1509921.113355,0.000000,9.840000,5,-15.056788
661646.913281,1509921.113355,0.000000,9.840000,5,-15.056788
661646.913281,1509921.113355,0.000000,9.840000,5,-15.056788
661646.913281,1509921.113355,0.000000,9.840000,5,-15.056788
661646.913281,1509921.113355,0.000000,9.840000,5,-15.056788
661646.913281,1509921.113355,0.000000,9.840000,5,-15.056788
661646.913281,1509921.113355,0.000000,9.840000,5,-15.056788
661646.913281,1509921.113355,0.000000,9.840000,5,-15.056788
661646.913281,1509921.113355,0.000000,9.840000,5,-15.056788
661646.913281,1509921.113355,0.000000,9.840000,5,-15.056788
661646.913281,1509921.113355,0.000000,9.840000,5,-15.056788
661646.913281,1509921.113355,0.000000,9.840000,5,-15.056788
661646.913281,1509921.113355,0.000000,9.840000,5,-15.056788
661646.913281,1509921.113355,0.000000,9.840000,5,-15.056788
661646.913281,1509921.113355,0.000000,9.840000,5,-15.056788
661646.913281,1509921.113355,0.000000,9.840000,5,-15.056788
661646.913281,1509921.113355,0.000000,9.840000,5,-15.056788
661646.913281,1509921.113355,0.000000,9.840000,5,-15.056788
661646.913281,1509921.113355,0.000000,9.840000,5,-15.056788
661646.913281,1509921.113355,0.000000,9.840000,5,-15.056788
661646.913281,1509921.113355,0.000000,9.840000,5,-15.056788
661646.913281,1509921.113355,0.000000,9.840000,5,-15.056788
661646.913281,1509921.113355,0.000000,9.840000,5,-15.056788
661646.913281,1509921.113355,0.000000,9.840000,5,-15.056788
661646.913281,1509921.113355,0.000000,9.840000,5,-15.056788
661646.913281,1509921.113355,0.000000,9.840000,5,-15.056788
661646.913281,1509921.113355,0.000000,9.840000,5,-15.056788
661646.913281,1509921.113355,0.000000,9.840000,5,-15.056788
661646.913281,1509921.113355,0.000000,9.840000,5,-15.056788
661646.913281,1509921.113355,0.000000,9.840000,5,-15.056788
661646.913281,1509921.113355,0.000000,9.840000,5,-15.056788
661646.913281,1509921.113355,0.000000,9.840000,5,-15.056788
661646.913281,1509921.113355,0.000000,9.840000,5,-15.056788
661646.913281,1509921.113355,0.000000,9.840000,5,-15.056788
661646.913281,1509921.113355,0.000000,9.840000,5,-15.056788
661646.913281,1509921.113355,0.000000,9.840000,5,-15.056788
661646.913281,1509921.113355,0.000000,9.840000,5,-15.056788
661646.913281,1509921.113355,0.000000,9.840000,5,-15.056788
661646.913281,1509921.113355,0.000000,9.840000,5,-15.056788
661646.913281,1509921.113355,0.000000,9.840000,5,-15.056788
661646.913281,1509921.113355,0.000000,9.840000,5,-15.056788
661646.913281,1509921.113355,0.000000,9.840000,5,-15.056788
661646.913281,1509921.113355,0.000000,9.840000,5,-15.056788
661646.913281,1509921.113355,0.000000,9.840000,5,-15.056788
661646.913281,1509921.113355,0.000000,9.840000,5,-15.056788
661646.913281,1509921.113355,0.000000,9.840000,5,-15.056788
661646.913281,1509921.113355,0.000000,9.840000,5,-15.056788
661646.913281,1509921.113355,0.000000,9.840000,5,-15.056788
661646.913281,1509921.113355,0.000000,9.840000,5,-15.056788
661646.913281,1509921.113355,0.000000,9.840000,5,-15.056788
661646.913281,1509921.113355,0.000000,9.840000,5,-15.056788
661646.913281,1509921.113355,0.000000,9.840000,5,-15.056788
661646.913281,1509921.113355,0.000000,9.840000,5,-15.056788
661646.913281,1509921.113355,0.000000,9.840000,5,-15.056788
661646.913281,1509921.113355,0.000000,9.840000,5,-15.056788
661646.913281,1509921.113355,0.000000,9.840000,5,-15.056788
661646.913281,1509921.113355,0.000000,9.840000,5,-15.056788
661646.913281,1509921.113355,0.000000,9.840000,5,-15.056788
661646.913281,1509921.113355,0.000000,9.840000,5,-15.056788
661646.913281,1509921.113355,0.000000,9.840000,5,-15.056788
661646.913281,1509921.113355,0.000000,9.840000,5,-15.056788
661646.913281,1509921.113355,0.000000,9.840000,5,-15.056788
661646.913281,1509921.113355,0.000000,9.840000,5,-15.056788
661646.913281,1509921.113355,0.000000,9.840000,5,-15.056788
661646.913281,1509921.113355,0.000000,9.840000,5,-15.056788
661646.913281,1509921.113355,0.000000,9.840000,5,-15.056788
661646.913281,1509921.113355,0.000000,9.840000,5,-15.056788
661646.913281,1509921.113355,0.000000,9.840000,5,-15.056788
661646.913281,1509921.113355,0.000000,9.840000,5,-15.056788
661646.913281,1509921.113355,0.000000,9.840000,5,-15.056788
661646.913281,1509921.113355,0.000000,9.840000,5,-15.056788
661646.913281,1509921.113355,0.000000,9.840000,5,-15.056788
661646.913281,1509921.113355,0.000000,9.840000,5,-15.056788
661646.913281,1509921.113355,0.000000,9.840000,5,-15.056788
661646.913281,1509921.113355,0.000000,9.840000,5,-15.056788
661646.913281,1509921.113355,0.000000,9.840000,5,-15.056788
661646.913281,1509921.113355,0.000000,9.840000,5,-15.056788
661646.913281,1509921.113355,0.000000,9.840000,5,-15.056788
661646.913281,1509921.113355,0.000000,9.840000,5,-15.056788
661646.913281,1509921.113355,0.000000,9.840000,5,-15.056788
661646.913281,1509921.113355,0.000000,9.840000,5,-15.056788
661646.913281,1509921.113355,0.000000,9.840000,5,-15.056788
661646.913281,1509921.113355,0.000000,9.840000,5,-15.056788
661646.913281,1509921.113355,0.000000,9.840000,5,-15.056788
661646.913281,1509921.113355,0.000000,9.840000,5,-15.056788
661646.913281,1509921.113355,0.000000,9.840000,5,-15.056788
661646.913281,1509921.113355,0.000000,9.840000,5,-15.056788
661646.913281,1509921.113355,0.000000,9.840000,5,-15.056788
661646.913281,1509921.113355,0.000000,9.840000,5,-15.056788
661646.913281,1509921.113355,0.000000,9.840000,5,-15.056788
661646.913281,1509921.113355,0.000000,9.840000,5,-15.056788
661646.913281,1509921.113355,0.000000,9.840000,5,-15.056788
661646.913281,1509921.113355,0.000000,9.840000,5,-15.056788
661646.913281,1509921.113355,0.000000,9.840000,5,-15.056788
661646.913281,1509921.113355,0.000000,9.840000,5,-15.056788
661646.913281,1509921.113355,0.000000,9.840000,5,-15.056788
661646.913281,1509921.113355,0.000000,9.840000,5,-15.056788
661646.913281,1509921.113355,0.000000,9.840000,5,-15.056788
661646.913281,1509921.113355,0.000000,9.840000,5,-15.056788
661646.913281,1509921.113355,0.000000,9.840000,5,-15.056788
661646.913281,1509921.113355,0.000000,9.840000,5,-15.056788
661646.913281,1509921.113355,0.000000,9.840000,5,-15.056788
661646.913281,1509921.113355,0.000000,9.840000,5,-15.056788
661646.913281,1509921.113355,0.000000,9.840000,5,-15.056788
661646.913281,1509921.113355,0.000000,9.840000,5,-15.056788
661646.913281,1509921.113355,0.000000,9.840000,5,-15.056788
661646.913281,1509921.113355,0.000000,9.840000,5,-15.056788
661646.913281,1509921.113355,0.000000,9.840000,5,-15.056788
661646.913281,1509921.113355,0.000000,9.840000,5,-15.056788
661646.913281,1509921.113355,0.000000,9.840000,5,-15.056788
661646.913281,1509921.113355,0.000000,9.840000,5,-15.056788
661646.913281,1509921.113355,0.000000,9.840000,5,-15.056788
661646.913281,1509921.113355,0.000000,9.840000,5,-15.056788
661646.913281,1509921.113355,0.000000,9.840000,5,-15.056788
661646.913281,1509921.113355,0.000000,9.840000,5,-15.056788
661646.913281,1509921.113355,0.000000,9.840000,5,-15.056788
661646.913281,1509921.113355,0.000000,9.840000,5,-15.056788
661646.913281,1509921.113355,0.000000,9.840000,5,-15.056788
661646.913281,1509921.113355,0.000000,9.840000,5,-15.056788
661646.913281,1509921.113355,0.000000,9.840000,5,-15.056788
661646.913281,1509921.113355,0.000000,9.840000,5,-15.056788
661646.913281,1509921.113355,0.000000,9.840000,5,-15.056788
661646.913281,1509921.113355,0.000000,9.840000,5,-15.056788
661646.913281,1509921.113355,0.000000,9.840000,5,-15.056788
661646.913281,1509921.113355,0.000000,9.840000,5,-15.056788
661646.913281,1509921.113355,0.000000,9.840000,5,-15.056788
661646.913281,1509921.113355,0.000000,9.840000,5,-15.056788
661646.913281,1509921.113355,0.000000,9.840000,5,-15.056788
661646.913281,1509921.113355,0.000000,9.840000,5,-15.056788
661646.913281,1509921.113355,0.000000,9.840000,5,-15.056788
661646.913281,1509921.113355,0.000000,9.840000,5,-15.056788
661646.913281,1509921.113355,0.000000,9.840000,5,-15.056788
661646.913281,1509921.113355,0.000000,9.840000,5,-15.056788
661646.913281,1509921.113355,0.000000,9.840000,5,-15.056788
661646.913281,1509921.113355,0.000000,9.840000,5,-15.056788
661646.913281,1509921.113355,0.000000,9.840000,5,-15.056788
661646.913281,1509921.113355,0.000000,9.840000,5,-15.056788
661646.913281,1509921.113355,0.000000,9.840000,5,-15.056788
661646.913281,1509921.113355,0.000000,9.840000,5,-15.056788
661646.913281,1509921.113355,0.000000,9.840000,5,-15.056788
661646.913281,1509921.113355,0.000000,9.840000,5,-15.056788
661646.913281,1509921.113355,0.000000,9.840000,5,-15.056788
661646.913281,1509921.113355,0.000000,9.840000,5,-15.056788
661646.913281,1509921.113355,0.000000,9.840000,5,-15.056788
661646.913281,1509921.113355,0.000000,9.840000,5,-15.056788
661646.913281,1509921.113355,0.000000,9.840000,5,-15.056788
661646.913281,1509921.113355,0.000000,9.840000,5,-15.056788
661646.913281,1509921.113355,0.000000,9.840000,5,-15.056788
661646.913281,1509921.113355,0.000000,9.840000,5,-15.056788
661646.913281,1509921.113355,0.000000,9.840000,5,-15.056788
661646.913281,1509921.113355,0.000000,9.840000,5,-15.056788
661646.913281,1509921.113355,0.000000,9.840000,5,-15.056788
661646.913281,1509921.113355,0.000000,9.840000,5,-15.056788
661646.913281,1509921.113355,0.000000,9.840000,5,-15.056788
661646.913281,1509921.113355,0.000000,9.840000,5,-15.056788
661646.913281,1509921.113355,0.000000,9.840000,5,-15.056788
661646.913281,1509921.113355,0.000000,9.840000,5,-15.056788
661646.913281,1509921.113355,0.000000,9.840000,5,-15.056788
661646.913281,1509921.113355,0.000000,9.840000,5,-15.056788
661646.913281,1509921.113355,0.000000,9.840000,5,-15.056788
661646.913281,1509921.113355,0.000000,9.840000,5,-15.056788
661646.913281,1509921.113355,0.000000,9.840000,5,-15.056788
661646.913281,1509921.113355,0.000000,9.840000,5,-15.056788
661646.913281,1509921.113355,0.000000,9.840000,5,-15.056788
661646.913281,1509921.113355,0.000000,9.840000,5,-15.056788
661646.913281,1509921.113355,0.000000,9.840000,5,-15.056788
661646.913281,1509921.113355,0.000000,9.840000,5,-15.056788
661646.913281,1509921.113355,0.000000,9.840000,5,-15.056788
661646.913281,1509921.113355,0.000000,9.840000,5,-15.056788
661646.913281,1509921.113355,0.000000,9.840000,5,-15.056788
661646.913281,1509921.113355,0.000000,9.840000,5,-15.056788
661646.913281,1509921.113355,0.000000,9.840000,5,-15.056788
661646.913281,1509921.113355,0.000000,9.840000,5,-15.056788
661646.913281,1509921.113355,0.000000,9.840000,5,-15.056788
661646.913281,1509921.113355,0.000000,9.840000,5,-15.056788
661646.913281,1509921.113355,0.000000,9.840000,5,-15.056788
661646.913281,1509921.113355,0.000000,9.840000,5,-15.056788
661646.913281,1509921.113355,0.000000,9.840000,5,-15.056788
661646.913281,1509921.113355,0.000000,9.840000,5,-15.056788
661646.913281,1509921.113355,0.000000,9.840000,5,-15.056788
661646.913281,1509921.113355,0.000000,9.840000,5,-15.056788
661646.913281,1509921.113355,0.000000,9.840000,5,-15.056788
661646.913281,1509921.113355,0.000000,9.840000,5,-15.056788
661646.913281,1509921.113355,0.000000,9.840000,5,-15.056788
661646.913281,1509921.113355,0.000000,9.840000,5,-15.056788
661646.913281,1509921.113355,0.000000,9.840000,5,-15.056788
661646.913281,1509921.113355,0.000000,9.840000,5,-15.056788
661646.913281,1509921.113355,0.000000,9.840000,5,-15.056788
661646.913281,1509921.113355,0.000000,9.840000,5,-15.056788
661646.913281,1509921.113355,0.000000,9.840000,5,-15.056788
661646.913281,1509921.113355,0.000000,9.840000,5,-15.056788
661646.913281,1509921.113355,0.000000,9.840000,5,-15.056788
661646.913281,1509921.113355,0.000000,9.840000,5,-15.056788
661646.913281,1509921.113355,0.000000,9.840000,5,-15.056788
661646.913281,1509921.113355,0.000000,9.840000,5,-15.056788
661646.913281,1509921.113355,0.000000,9.840000,5,-15.056788
661646.913281,1509921.113355,0.000000,9.840000,5,-15.056788
661646.913281,1509921.113355,0.000000,9.840000,5,-15.056788
661646.913281,1509921.113355,0.000000,9.840000,5,-15.056788
661646.913281,1509921.113355,0.000000,9.840000,5,-15.056788
661646.913281,1509921.113355,0.000000,9.840000,5,-15.056788
661646.913281,1509921.113355,0.000000,9.840000,5,-15.056788
661646.913281,1509921.113355,0.000000,9.840000,5,-15.056788
661646.913281,1509921.113355,0.000000,9.840000,5,-15.056788
661646.913281,1509921.113355,0.000000,9.840000,5,-15.056788
661646.913281,1509921.113355,0.000000,9.840000,5,-15.056788
661646.913281,1509921.113355,0.000000,9.840000,5,-15.056788
661646.913281,1509921.113355,0.000000,9.840000,5,-15.056788
661646.913281,1509921.113355,0.000000,9.840000,5,-15.056788
661646.913281,1509921.113355,0.000000,9.840000,5,-15.056788
661646.913281,1509921.113355,0.000000,9.840000,5,-15.056788
661646.913281,1509921.113355,0.000000,9.840000,5,-15.056788
661646.913281,1509921.113355,0.000000,9.840000,5,-15.056788
661646.913281,1509921.113355,0.000000,9.840000,5,-15.056788
661646.913281,1509921.113355,0.000000,9.840000,5,-15.056788
661646.913281,1509921.113355,0.000000,9.840000,5,-15.056788
661646.913281,1509921.113355,0.000000,9.840000,5,-15.056788
661646.913281,1509921.113355,0.000000,9.840000,5,-15.056788
661646.913281,1509921.113355,0.000000,9.840000,5,-15.056788
661646.913281,1509921.113355,0.000000,9.840000,5,-15.056788
661646.913281,1509921.113355,0.000000,9.840000,5,-15.056788
661646.913281,1509921.113355,0.000000,9.840000,5,-15.056788
661646.913281,1509921.113355,0.000000,9.840000,5,-15.056788
661646.913281,1509921.113355,0.000000,9.840000,5,-15.056788
661646.913281,1509921.113355,0.000000,9.840000,5,-15.056788
661646.913281,1509921.113355,0.000000,9.840000,5,-15.056788
661646.913281,1509921.113355,0.000000,9.840000,5,-15.056788
661646.913281,1509921.113355,0.000000,9.840000,5,-15.056788
661646.913281,1509921.113355,0.000000,9.840000,5,-15.056788
661646.913281,1509921.113355,0.000000,9.840000,5,-15.056788
661646.913281,1509921.113355,0.000000,9.840000,5,-15.056788
661646.913281,1509921.113355,0.000000,9.840000,5,-15.056788
661646.913281,1509921.113355,0.000000,9.840000,5,-15.056788
661646.913281,1509921.113355,0.000000,9.840000,5,-15.056788
661646.913281,1509921.113355,0.000000,9.840000,5,-15.056788
661646.913281,1509921.113355,0.000000,9.840000,5,-15.056788
661646.913281,1509921.113355,0.000000,9.840000,5,-15.056788
661646.913281,1509921.113355,0.000000,9.840000,5,-15.056788
661646.913281,1509921.113355,0.000000,9.840000,5,-15.056788
661646.913281,1509921.113355,0.000000,9.840000,5,-15.056788
661646.913281,1509921.113355,0.000000,9.840000,5,-15.056788
661646.913281,1509921.113355,0.000000,9.840000,5,-15.056788
661646.913281,1509921.113355,0.000000,9.840000,5,-15.056788
661646.913281,1509921.113355,0.000000,9.840000,5,-15.056788
661646.913281,1509921.113355,0.000000,9.840000,5,-15.056788
661646.913281,1509921.113355,0.000000,9.840000,5,-15.056788
661646.913281,1509921.113355,0.000000,9.840000,5,-15.056788
661646.913281,1509921.113355,0.000000,9.840000,5,-15.056788
661646.913281,1509921.113355,0.000000,9.840000,5,-15.056788
661646.913281,1509921.113355,0.000000,9.840000,5,-15.056788
661646.913281,1509921.113355,0.000000,9.840000,5,-15.056788
661646.913281,1509921.113355,0.000000,9.840000,5,-15.056788
661646.913281,1509921.113355,0.000000,9.840000,5,-15.056788
661646.913281,1509921.113355,0.000000,9.840000,5,-15.056788
661646.913281,1509921.113355,0.000000,9.840000,5,-15.056788
661646.913281,1509921.113355,0.000000,9.840000,5,-15.056788
661646.913281,1509921.113355,0.000000,9.840000,5,-15.056788
661646.913281,1509921.113355,0.000000,9.840000,5,-15.056788
661646.913281,1509921.113355,0.000000,9.840000,5,-15.056788
661646.913281,1509921.113355,0.000000,9.840000,5,-15.056788
661646.913281,1509921.113355,0.000000,9.840000,5,-15.056788
661646.913281,1509921.113355,0.000000,9.840000,5,-15.056788
661646.913281,1509921.113355,0.000000,9.840000,5,-15.056788
661646.913281,1509921.113355,0.000000,9.840000,5,-15.056788
661646.913281,1509921.113355,0.000000,9.840000,5,-15.056788
661646.913281,1509921.113355,0.000000,9.840000,5,-15.056788
661646.913281,1509921.113355,0.000000,9.840000,5,-15.056788
661646.913281,1509921.113355,0.000000,9.840000,5,-15.056788
661646.913281,1509921.113355,0.000000,9.840000,5,-15.056788
661646.913281,1509921.113355,0.000000,9.840000,5,-15.056788
661646.913281,1509921.113355,0.000000,9.840000,5,-15.056788
661646.913281,1509921.113355,0.000000,9.840000,5,-15.056788
661646.913281,1509921.113355,0.000000,9.840000,5,-15.056788
661646.913281,1509921.113355,0.000000,9.840000,5,-15.056788
661646.913281,1509921.113355,0.000000,9.840000,5,-15.056788
661646.913281,1509921.113355,0.000000,9.840000,5,-15.056788
661646.913281,1509921.113355,0.000000,9.840000,5,-15.056788
661646.913281,1509921.113355,0.000000,9.840000,5,-15.056788
661646.913281,1509921.113355,0.000000,9.840000,5,-15.056788
661646.913281,1509921.113355,0.000000,9.840000,5,-15.056788
661646.913281,1509921.113355,0.000000,9.840000,5,-15.056788
661646.913281,1509921.113355,0.000000,9.840000,5,-15.056788
661646.913281,1509921.113355,0.000000,9.840000,5,-15.056788
661646.913281,1509921.113355,0.000000,9.840000,5,-15.056788
661646.913281,1509921.113355,0.000000,9.840000,5,-15.056788
661646.913281,1509921.113355,0.000000,9.840000,5,-15.056788
661646.913281,1509921.113355,0.000000,9.840000,5,-15.056788
661646.913281,1509921.113355,0.000000,9.840000,5,-15.056788
661646.913281,1509921.113355,0.000000,9.840000,5,-15.056788
661646.913281,1509921.113355,0.000000,9.840000,5,-15.056788
661646.913281,1509921.113355,0.000000,9.840000,5,-15.056788
661646.913281,1509921.113355,0.000000,9.840000,5,-15.056788
661646.913281,1509921.113355,0.000000,9.840000,5,-15.056788
661646.913281,1509921.113355,0.000000,9.840000,5,-15.056788
661646.913281,1509921.113355,0.000000,9.840000,5,-15.056788
661646.913281,1509921.113355,0.000000,9.840000,5,-15.056788
661646.913281,1509921.113355,0.000000,9.840000,5,-15.056788
661646.913281,1509921.113355,0.000000,9.840000,5,-15.056788
661646.913281,1509921.113355,0.000000,9.840000,5,-15.056788
661646.913281,1509921.113355,0.000000,9.840000,5,-15.056788
661646.913281,1509921.113355,0.000000,9.840000,5,-15.056788
661646.913281,1509921.113355,0.000000,9.840000,5,-15.056788
661646.913281,1509921.113355,0.000000,9.840000,5,-15.056788
661646.913281,1509921.113355,0.000000,9.840000,5,-15.056788
661646.913281,1509921.113355,0.000000,9.840000,5,-15.056788
661646.913281,1509921.113355,0.000000,9.840000,5,-15.056788
661646.913281,1509921.113355,0.000000,9.840000,5,-15.056788
661646.913281,1509921.113355,0.000000,9.840000,5,-15.056788
661646.913281,1509921.113355,0.000000,9.840000,5,-15.056788
661646.913281,1509921.113355,0.000000,9.840000,5,-15.056788
661646.913281,1509921.113355,0.000000,9.840000,5,-15.056788
661646.913281,1509921.113355,0.000000,9.840000,5,-15.056788
661646.913281,1509921.113355,0.000000,9.840000,5,-15.056788
661646.913281,1509921.113355,0.000000,9.840000,5,-15.056788
661646.913281,1509921.113355,0.000000,9.840000,5,-15.056788
661646.913281,1509921.113355,0.000000,9.840000,5,-15.056788
661646.913281,1509921.113355,0.000000,9.840000,5,-15.056788
661646.913281,1509921.113355,0.000000,9.840000,5,-15.056788
661646.913281,1509921.113355,0.000000,9.840000,5,-15.056788
661646.913281,1509921.113355,0.000000,9.840000,5,-15.056788
661646.913281,1509921.113355,0.000000,9.840000,5,-15.056788
661646.913281,1509921.113355,0.000000,9.840000,5,-15.056788
661646.913281,1509921.113355,0.000000,9.840000,5,-15.056788
661646.913281,1509921.113355,0.000000,9.840000,5,-15.056788
661646.913281,1509921.113355,0.000000,9.840000,5,-15.056788
661646.913281,1509921.113355,0.000000,9.840000,5,-15.056788
661646.913281,1509921.113355,0.000000,9.840000,5,-15.056788
661646.913281,1509921.113355,0.000000,9.840000,5,-15.056788
661646.913281,1509921.113355,0.000000,9.840000,5,-15.056788
661646.913281,1509921.113355,0.000000,9.840000,5,-15.056788
661646.913281,1509921.113355,0.000000,9.840000,5,-15.056788
661646.913281,1509921.113355,0.000000,9.840000,5,-15.056788
661646.913281,1509921.113355,0.000000,9.840000,5,-15.056788
661646.913281,1509921.113355,0.000000,9.840000,5,-15.056788
661646.913281,1509921.113355,0.000000,9.840000,5,-15.056788
661646.913281,1509921.113355,0.000000,9.840000,5,-15.056788
661646.913281,1509921.113355,0.000000,9.840000,5,-15.056788
661646.913281,1509921.113355,0.000000,9.840000,5,-15.056788
661646.913281,1509921.113355,0.000000,9.840000,5,-15.056788
661646.913281,1509921.113355,0.000000,9.840000,5,-15.056788
661646.913281,1509921.113355,0.000000,9.840000,5,-15.056788
661646.913281,1509921.113355,0.000000,9.840000,5,-15.056788
661646.913281,1509921.113355,0.000000,9.840000,5,-15.056788
661646.913281,1509921.113355,0.000000,9.840000,5,-15.056788
661646.913281,1509921.113355,0.000000,9.840000,5,-15.056788
661646.913281,1509921.113355,0.000000,9.840000,5,-15.056788
661646.913281,1509921.113355,0.000000,9.840000,5,-15.056788
661646.913281,1509921.113355,0.000000,9.840000,5,-15.056788
661646.913281,1509921.113355,0.000000,9.840000,5,-15.056788
661646.913281,1509921.113355,0.000000,9.840000,5,-15.056788
661646.913281,1509921.113355,0.000000,9.840000,5,-15.056788
661646.913281,1509921.113355,0.000000,9.840000,5,-15.056788
661646.913281,1509921.113355,0.000000,9.840000,5,-15.056788
661646.913281,1509921.113355,0.000000,9.840000,5,-15.056788
661646.913281,1509921.113355,0.000000,9.840000,5,-15.056788
661646.913281,1509921.113355,0.000000,9.840000,5,-15.056788
661646.913281,1509921.113355,0.000000,9.840000,5,-15.056788
661646.913281,1509921.113355,0.000000,9.840000,5,-15.056788
661646.913281,1509921.113355,0.000000,9.840000,5,-15.056788
661646.913281,1509921.113355,0.000000,9.840000,5,-15.056788
661646.913281,1509921.113355,0.000000,9.840000,5,-15.056788
661646.913281,1509921.113355,0.000000,9.840000,5,-15.056788
661646.913281,1509921.113355,0.000000,9.840000,5,-15.056788
661646.913281,1509921.113355,0.000000,9.840000,5,-15.056788
661646.913281,1509921.113355,0.000000,9.840000,5,-15.056788
661646.913281,1509921.113355,0.000000,9.840000,5,-15.056788
661646.913281,1509921.113355,0.000000,9.840000,5,-15.056788
661646.913281,1509921.113355,0.000000,9.840000,5,-15.056788
661646.913281,1509921.113355,0.000000,9.840000,5,-15.056788
661646.913281,1509921.113355,0.000000,9.840000,5,-15.056788
661646.913281,1509921.113355,0.000000,9.840000,5,-15.056788
661646.913281,1509921.113355,0.000000,9.840000,5,-15.056788
661646.913281,1509921.113355,0.000000,9.840000,5,-15.056788
661646.913281,1509921.113355,0.000000,9.840000,5,-15.056788
661646.913281,1509921.113355,0.000000,9.840000,5,-15.056788
661646.913281,1509921.113355,0.000000,9.840000,5,-15.056788
661646.913281,1509921.113355,0.000000,9.840000,5,-15.056788
661646.913281,1509921.113355,0.000000,9.840000,5,-15.056788
661646.913281,1509921.113355,0.000000,9.840000,5,-15.056788
661646.913281,1509921.113355,0.000000,9.840000,5,-15.056788
661646.913281,1509921.113355,0.000000,9.840000,5,-15.056788
661646.913281,1509921.113355,0.000000,9.840000,5,-15.056788
661646.913281,1509921.113355,0.000000,9.840000,5,-15.056788
661646.913281,1509921.113355,0.000000,9.840000,5,-15.056788
661646.913281,1509921.113355,0.000000,9.840000,5,-15.056788
661646.913281,1509921.113355,0.000000,9.840000,5,-15.056788
661646.913281,1509921.113355,0.000000,9.840000,5,-15.056788
661646.913281,1509921.113355,0.000000,9.840000,5,-15.056788
661646.913281,1509921.113355,0.000000,9.840000,5,-15.056788
661646.913281,1509921.113355,0.000000,9.840000,5,-15.056788
661646.913281,1509921.113355,0.000000,9.840000,5,-15.056788
661646.913281,1509921.113355,0.000000,9.840000,5,-15.056788
661646.913281,1509921.113355,0.000000,9.840000,5,-15.056788
661646.913281,1509921.113355,0.000000,9.840000,5,-15.056788
661646.913281,1509921.113355,0.000000,9.840000,5,-15.056788
661646.913281,1509921.113355,0.000000,9.840000,5,-15.056788
661646.913281,1509921.113355,0.000000,9.840000,5,-15.056788
661646.913281,1509921.113355,0.000000,9.840000,5,-15.056788
661646.913281,1509921.113355,0.000000,9.840000,5,-15.056788
661646.913281,1509921.113355,0.000000,9.840000,5,-15.056788
661646.913281,1509921.113355,0.000000,9.840000,5,-15.056788
661646.913281,1509921.113355,0.000000,9.840000,5,-15.056788
661646.913281,1509921.113355,0.000000,9.840000,5,-15.056788
661646.913281,1509921.113355,0.000000,9.840000,5,-15.056788
661646.913281,1509921.113355,0.000000,9.840000,5,-15.056788
661646.913281,1509921.113355,0.000000,9.840000,5,-15.056788
661646.913281,1509921.113355,0.000000,9.840000,5,-15.056788
661646.913281,1509921.113355,0.000000,9.840000,5,-15.056788
661646.913281,1509921.113355,0.000000,9.840000,5,-15.056788
661646.913281,1509921.113355,0.000000,9.840000,5,-15.056788
661646.913281,1509921.113355,0.000000,9.840000,5,-15.056788
661646.913281,1509921.113355,0.000000,9.840000,5,-15.056788
661646.913281,1509921.113355,0.000000,9.840000,5,-15.056788
661646.913281,1509921.113355,0.000000,9.840000,5,-15.056788
661646.913281,1509921.113355,0.000000,9.840000,5,-15.056788
661646.913281,1509921.113355,0.000000,9.840000,5,-15.056788
661646.913281,1509921.113355,0.000000,9.840000,5,-15.056788
661646.913281,1509921.113355,0.000000,9.840000,5,-15.056788
661646.913281,1509921.113355,0.000000,9.840000,5,-15.056788
661646.913281,1509921.113355,0.000000,9.840000,5,-15.056788
661646.913281,1509921.113355,0.000000,9.840000,5,-15.056788
661646.913281,1509921.113355,0.000000,9.840000,5,-15.056788
661646.913281,1509921.113355,0.000000,9.840000,5,-15.056788
661646.913281,1509921.113355,0.000000,9.840000,5,-15.056788
661646.913281,1509921.113355,0.000000,9.840000,5,-15.056788
661646.913281,1509921.113355,0.000000,9.840000,5,-15.056788
661646.913281,1509921.113355,0.000000,9.840000,5,-15.056788
661646.913281,1509921.113355,0.000000,9.840000,5,-15.056788
661646.913281,1509921.113355,0.000000,9.840000,5,-15.056788
661646.913281,1509921.113355,0.000000,9.840000,5,-15.056788
661646.913281,1509921.113355,0.000000,9.840000,5,-15.056788
661646.913281,1509921.113355,0.000000,9.840000,5,-15.056788
661646.913281,1509921.113355,0.000000,9.840000,5,-15.056788
661646.913281,1509921.113355,0.000000,9.840000,5,-15.056788
661646.913281,1509921.113355,0.000000,9.840000,5,-15.056788
661646.913281,1509921.113355,0.000000,9.840000,5,-15.056788
661646.913281,1509921.113355,0.000000,9.840000,5,-15.056788
661646.913281,1509921.113355,0.000000,9.840000,5,-15.056788
661646.913281,1509921.113355,0.000000,9.840000,5,-15.056788
661646.913281,1509921.113355,0.000000,9.840000,5,-15.056788
661646.913281,1509921.113355,0.000000,9.840000,5,-15.056788
661646.913281,1509921.113355,0.000000,9.840000,5,-15.056788
661646.913281,1509921.113355,0.000000,9.840000,5,-15.056788
661646.913281,1509921.113355,0.000000,9.840000,5,-15.056788
661646.913281,1509921.113355,0.000000,9.840000,5,-15.056788
661646.913281,1509921.113355,0.000000,9.840000,5,-15.056788
661646.913281,1509921.113355,0.000000,9.840000,5,-15.056788
661646.913281,1509921.113355,0.000000,9.840000,5,-15.056788
661646.913281,1509921.113355,0.000000,9.840000,5,-15.056788
661646.913281,1509921.113355,0.000000,9.840000,5,-15.056788
661646.913281,1509921.113355,0.000000,9.840000,5,-15.056788
661646.913281,1509921.113355,0.000000,9.840000,5,-15.056788
661646.913281,1509921.113355,0.000000,9.840000,5,-15.056788
661646.913281,1509921.113355,0.000000,9.840000,5,-15.056788
661646.913281,1509921.113355,0.000000,9.840000,5,-15.056788
661646.913281,1509921.113355,0.000000,9.840000,5,-15.056788
661646.913281,1509921.113355,0.000000,9.840000,5,-15.056788
661646.913281,1509921.113355,0.000000,9.840000,5,-15.056788
661646.913281,1509921.113355,0.000000,9.840000,5,-15.056788
661646.913281,1509921.113355,0.000000,9.840000,5,-15.056788
661646.913281,1509921.113355,0.000000,9.840000,5,-15.056788
661646.913281,1509921.113355,0.000000,9.840000,5,-15.056788
661646.913281,1509921.113355,0.000000,9.840000,5,-15.056788
661646.913281,1509921.113355,0.000000,9.840000,5,-15.056788
661646.913281,1509921.113355,0.000000,9.840000,5,-15.056788
661646.913281,1509921.113355,0.000000,9.840000,5,-15.056788
661646.913281,1509921.113355,0.000000,9.840000,5,-15.056788
661646.913281,1509921.113355,0.000000,9.840000,5,-15.056788
661646.913281,1509921.113355,0.000000,9.840000,5,-15.056788
661646.913281,1509921.113355,0.000000,9.840000,5,-15.056788
661646.913281,1509921.113355,0.000000,9.840000,5,-15.056788
661646.913281,1509921.113355,0.000000,9.840000,5,-15.056788
661646.913281,1509921.113355,0.000000,9.840000,5,-15.056788
661646.913281,1509921.113355,0.000000,9.840000,5,-15.056788
661646.913281,1509921.113355,0.000000,9.840000,5,-15.056788
661646.913281,1509921.113355,0.000000,9.840000,5,-15.056788
661646.913281,1509921.113355,0.000000,9.840000,5,-15.056788
661646.913281,1509921.113355,0.000000,9.840000,5,-15.056788
661646.913281,1509921.113355,0.000000,9.840000,5,-15.056788
661646.913281,1509921.113355,0.000000,9.840000,5,-15.056788
661646.913281,1509921.113355,0.000000,9.840000,5,-15.056788
661646.913281,1509921.113355,0.000000,9.840000,5,-15.056788
661646.913281,1509921.113355,0.000000,9.840000,5,-15.056788
661646.913281,1509921.113355,0.000000,9.840000,5,-15.056788
661646.913281,1509921.113355,0.000000,9.840000,5,-15.056788
661646.913281,1509921.113355,0.000000,9.840000,5,-15.056788
661646.913281,1509921.113355,0.000000,9.840000,5,-15.056788
661646.913281,1509921.113355,0.000000,9.840000,5,-15.056788
661646.913281,1509921.113355,0.000000,9.840000,5,-15.056788
661646.913281,1509921.113355,0.000000,9.840000,5,-15.056788
661646.913281,1509921.113355,0.000000,9.840000,5,-15.056788
661646.913281,1509921.113355,0.000000,9.840000,5,-15.056788
661646.913281,1509921.113355,0.000000,9.840000,5,-15.056788
661646.913281,1509921.113355,0.000000,9.840000,5,-15.056788
661646.913281,1509921.113355,0.000000,9.840000,5,-15.056788
661646.913281,1509921.113355,0.000000,9.840000,5,-15.056788
661646.913281,1509921.113355,0.000000,9.840000,5,-15.056788
661646.913281,1509921.113355,0.000000,9.840000,5,-15.056788
661646.913281,1509921.113355,0.000000,9.840000,5,-15.056788
661646.913281,1509921.113355,0.000000,9.840000,5,-15.056788
661646.913281,1509921.113355,0.000000,9.840000,5,-15.056788
661646.913281,1509921.113355,0.000000,9.840000,5,-15.056788
661646.913281,1509921.113355,0.000000,9.840000,5,-15.056788
661646.913281,1509921.113355,0.000000,9.840000,5,-15.056788
661646.913281,1509921.113355,0.000000,9.840000,5,-15.056788
661646.913281,1509921.113355,0.000000,9.840000,5,-15.056788
661646.913281,1509921.113355,0.000000,9.840000,5,-15.056788
661646.913281,1509921.113355,0.000000,9.840000,5,-15.056788
661646.913281,1509921.113355,0.000000,9.840000,5,-15.056788
661646.913281,1509921.113355,0.000000,9.840000,5,-15.056788
661646.913281,1509921.113355,0.000000,9.840000,5,-15.056788
661646.913281,1509921.113355,0.000000,9.840000,5,-15.056788
661646.913281,1509921.113355,0.000000,9.840000,5,-15.056788
661646.913281,1509921.113355,0.000000,9.840000,5,-15.056788
661646.913281,1509921.113355,0.000000,9.840000,5,-15.056788
661646.913281,1509921.113355,0.000000,9.840000,5,-15.056788
661646.913281,1509921.113355,0.000000,9.840000,5,-15.056788
661646.913281,1509921.113355,0.000000,9.840000,5,-15.056788
661646.913281,1509921.113355,0.000000,9.840000,5,-15.056788
661646.913281,1509921.113355,0.000000,9.840000,5,-15.056788
661646.913281,1509921.113355,0.000000,9.840000,5,-15.056788
661646.913281,1509921.113355,0.000000,9.840000,5,-15.056788
661646.913281,1509921.113355,0.000000,9.840000,5,-15.056788
661646.913281,1509921.113355,0.000000,9.840000,5,-15.056788
661646.913281,1509921.113355,0.000000,9.840000,5,-15.056788
661646.913281,1509921.113355,0.000000,9.840000,5,-15.056788
661646.913281,1509921.113355,0.000000,9.840000,5,-15.056788
661646.913281,1509921.113355,0.000000,9.840000,5,-15.056788
661646.913281,1509921.113355,0.000000,9.840000,5,-15.056788
661646.913281,1509921.113355,0.000000,9.840000,5,-15.056788
661646.913281,1509921.113355,0.000000,9.840000,5,-15.056788
661646.913281,1509921.113355,0.000000,9.840000,5,-15.056788
661646.913281,1509921.113355,0.000000,9.840000,5,-15.056788
661646.913281,1509921.113355,0.000000,9.840000,5,-15.056788
661646.913281,1509921.113355,0.000000,9.840000,5,-15.056788
661646.913281,1509921.113355,0.000000,9.840000,5,-15.056788
661646.913281,1509921.113355,0.000000,9.840000,5,-15.056788
661646.913281,1509921.113355,0.000000,9.840000,5,-15.056788
661646.913281,1509921.113355,0.000000,9.840000,5,-15.056788
661646.913281,1509921.113355,0.000000,9.840000,5,-15.056788
661646.913281,1509921.113355,0.000000,9.840000,5,-15.056788
661646.913281,1509921.113355,0.000000,9.840000,5,-15.056788
661646.913281,1509921.113355,0.000000,9.840000,5,-15.056788
661646.913281,1509921.113355,0.000000,9.840000,5,-15.056788
661646.913281,1509921.113355,0.000000,9.840000,5,-15.056788
661646.913281,1509921.113355,0.000000,9.840000,5,-15.056788
661646.913281,1509921.113355,0.000000,9.840000,5,-15.056788
661646.913281,1509921.113355,0.000000,9.840000,5,-15.056788
661646.913281,1509921.113355,0.000000,9.840000,5,-15.056788
661646.913281,1509921.113355,0.000000,9.840000,5,-15.056788
661646.913281,1509921.113355,0.000000,9.840000,5,-15.056788
661646.913281,1509921.113355,0.000000,9.840000,5,-15.056788
661646.913281,1509921.113355,0.000000,9.840000,5,-15.056788
661646.913281,1509921.113355,0.000000,9.840000,5,-15.056788
661646.913281,1509921.113355,0.000000,9.840000,5,-15.056788
661646.913281,1509921.113355,0.000000,9.840000,5,-15.056788
661646.913281,1509921.113355,0.000000,9.840000,5,-15.056788
661646.913281,1509921.113355,0.000000,9.840000,5,-15.056788
661646.913281,1509921.113355,0.000000,9.840000,5,-15.056788
661646.913281,1509921.113355,0.000000,9.840000,5,-15.056788
661646.913281,1509921.113355,0.000000,9.840000,5,-15.056788
661646.913281,1509921.113355,0.000000,9.840000,5,-15.056788
661646.913281,1509921.113355,0.000000,9.840000,5,-15.056788
661646.913281,1509921.113355,0.000000,9.840000,5,-15.056788
661646.913281,1509921.113355,0.000000,9.840000,5,-15.056788
661646.913281,1509921.113355,0.000000,9.840000,5,-15.056788
661646.913281,1509921.113355,0.000000,9.840000,5,-15.056788
661646.913281,1509921.113355,0.000000,9.840000,5,-15.056788
661646.913281,1509921.113355,0.000000,9.840000,5,-15.056788
661646.913281,1509921.113355,0.000000,9.840000,5,-15.056788
661646.913281,1509921.113355,0.000000,9.840000,5,-15.056788
661646.913281,1509921.113355,0.000000,9.840000,5,-15.056788
661646.913281,1509921.113355,0.000000,9.840000,5,-15.056788
661646.913281,1509921.113355,0.000000,9.840000,5,-15.056788
661646.913281,1509921.113355,0.000000,9.840000,5,-15.056788
661646.913281,1509921.113355,0.000000,9.840000,5,-15.056788
661646.913281,1509921.113355,0.000000,9.840000,5,-15.056788
661646.913281,1509921.113355,0.000000,9.840000,5,-15.056788
661646.913281,1509921.113355,0.000000,9.840000,5,-15.056788
661646.913281,1509921.113355,0.000000,9.840000,5,-15.056788
661646.913281,1509921.113355,0.000000,9.840000,5,-15.056788
661646.913281,1509921.113355,0.000000,9.840000,5,-15.056788
661646.913281,1509921.113355,0.000000,9.840000,5,-15.056788
661646.913281,1509921.113355,0.000000,9.840000,5,-15.056788
661646.913281,1509921.113355,0.000000,9.840000,5,-15.056788
661646.913281,1509921.113355,0.000000,9.840000,5,-15.056788
661646.913281,1509921.113355,0.000000,9.840000,5,-15.056788
661646.913281,1509921.113355,0.000000,9.840000,5,-15.056788
661646.913281,1509921.113355,0.000000,9.840000,5,-15.056788
661646.913281,1509921.113355,0.000000,9.840000,5,-15.056788
661646.913281,1509921.113355,0.000000,9.840000,5,-15.056788
661646.913281,1509921.113355,0.000000,9.840000,5,-15.056788
661646.913281,1509921.113355,0.000000,9.840000,5,-15.056788
661646.913281,1509921.113355,0.000000,9.840000,5,-15.056788
661646.913281,1509921.113355,0.000000,9.840000,5,-15.056788
661646.913281,1509921.113355,0.000000,9.840000,5,-15.056788
661646.913281,1509921.113355,0.000000,9.840000,5,-15.056788
661646.913281,1509921.113355,0.000000,9.840000,5,-15.056788
661646.913281,1509921.113355,0.000000,9.840000,5,-15.056788
661646.913281,1509921.113355,0.000000,9.840000,5,-15.056788
661646.913281,1509921.113355,0.000000,9.840000,5,-15.056788
661646.913281,1509921.113355,0.000000,9.840000,5,-15.056788
661646.913281,1509921.113355,0.000000,9.840000,5,-15.056788
661646.913281,1509921.113355,0.000000,9.840000,5,-15.056788
661646.913281,1509921.113355,0.000000,9.840000,5,-15.056788
661646.913281,1509921.113355,0.000000,9.840000,5,-15.056788
661646.913281,1509921.113355,0.000000,9.840000,5,-15.056788
661646.913281,1509921.113355,0.000000,9.840000,5,-15.056788
661646.913281,1509921.113355,0.000000,9.840000,5,-15.056788
661646.913281,1509921.113355,0.000000,9.840000,5,-15.056788
661646.913281,1509921.113355,0.000000,9.840000,5,-15.056788
661646.913281,1509921.113355,0.000000,9.840000,5,-15.056788
661646.913281,1509921.113355,0.000000,9.840000,5,-15.056788
661646.913281,1509921.113355,0.000000,9.840000,5,-15.056788
661646.913281,1509921.113355,0.000000,9.840000,5,-15.056788
661646.913281,1509921.113355,0.000000,9.840000,5,-15.056788
661646.913281,1509921.113355,0.000000,9.840000,5,-15.056788
661646.913281,1509921.113355,0.000000,9.840000,5,-15.056788
661646.913281,1509921.113355,0.000000,9.840000,5,-15.056788
661646.913281,1509921.113355,0.000000,9.840000,5,-15.056788
661646.913281,1509921.113355,0.000000,9.840000,5,-15.056788
661646.913281,1509921.113355,0.000000,9.840000,5,-15.056788
661646.913281,1509921.113355,0.000000,9.840000,5,-15.056788
661646.913281,1509921.113355,0.000000,9.840000,5,-15.056788
661646.913281,1509921.113355,0.000000,9.840000,5,-15.056788
661646.913281,1509921.113355,0.000000,9.840000,5,-15.056788
661646.913281,1509921.113355,0.000000,9.840000,5,-15.056788
661646.913281,1509921.113355,0.000000,9.840000,5,-15.056788
661646.913281,1509921.113355,0.000000,9.840000,5,-15.056788
661646.913281,1509921.113355,0.000000,9.840000,5,-15.056788
661646.913281,1509921.113355,0.000000,9.840000,5,-15.056788
661646.913281,1509921.113355,0.000000,9.840000,5,-15.056788
661646.913281,1509921.113355,0.000000,9.840000,5,-15.056788
661646.913281,1509921.113355,0.000000,9.840000,5,-15.056788
661646.913281,1509921.113355,0.000000,9.840000,5,-15.056788
661646.913281,1509921.113355,0.000000,9.840000,5,-15.056788
661646.913281,1509921.113355,0.000000,9.840000,5,-15.056788
661646.913281,1509921.113355,0.000000,9.840000,5,-15.056788
661646.913281,1509921.113355,0.000000,9.840000,5,-15.056788
661646.913281,1509921.113355,0.000000,9.840000,5,-15.056788
661646.913281,1509921.113355,0.000000,9.840000,5,-15.056788
661646.913281,1509921.113355,0.000000,9.840000,5,-15.056788
661646.913281,1509921.113355,0.000000,9.840000,5,-15.056788
661646.913281,1509921.113355,0.000000,9.840000,5,-15.056788
661646.913281,1509921.113355,0.000000,9.840000,5,-15.056788
661646.913281,1509921.113355,0.000000,9.840000,5,-15.056788
661646.913281,1509921.113355,0.000000,9.840000,5,-15.056788
661646.913281,1509921.113355,0.000000,9.840000,5,-15.056788
661646.913281,1509921.113355,0.000000,9.840000,5,-15.056788
661646.913281,1509921.113355,0.000000,9.840000,5,-15.056788
661646.913281,1509921.113355,0.000000,9.840000,5,-15.056788
661646.913281,1509921.113355,0.000000,9.840000,5,-15.056788
661646.913281,1509921.113355,0.000000,9.840000,5,-15.056788
661646.913281,1509921.113355,0.000000,9.840000,5,-15.056788
661646.913281,1509921.113355,0.000000,9.840000,5,-15.056788
661646.913281,1509921.113355,0.000000,9.840000,5,-15.056788
661646.913281,1509921.113355,0.000000,9.840000,5,-15.056788
661646.913281,1509921.113355,0.000000,9.840000,5,-15.056788
661646.913281,1509921.113355,0.000000,9.840000,5,-15.056788
661646.913281,1509921.113355,0.000000,9.840000,5,-15.056788
661646.913281,1509921.113355,0.000000,9.840000,5,-15.056788
661646.913281,1509921.113355,0.000000,9.840000,5,-15.056788
661646.913281,1509921.113355,0.000000,9.840000,5,-15.056788
661646.913281,1509921.113355,0.000000,9.840000,5,-15.056788
661646.913281,1509921.113355,0.000000,9.840000,5,-15.056788
661646.913281,1509921.113355,0.000000,9.840000,5,-15.056788
661646.913281,1509921.113355,0.000000,9.840000,5,-15.056788
661646.913281,1509921.113355,0.000000,9.840000,5,-15.056788
661646.913281,1509921.113355,0.000000,9.840000,5,-15.056788
661646.913281,1509921.113355,0.000000,9.840000,5,-15.056788
661646.913281,1509921.113355,0.000000,9.840000,5,-15.056788
661646.913281,1509921.113355,0.000000,9.840000,5,-15.056788
661646.913281,1509921.113355,0.000000,9.840000,5,-15.056788
661646.913281,1509921.113355,0.000000,9.840000,5,-15.056788
661646.913281,1509921.113355,0.000000,9.840000,5,-15.056788
661646.913281,1509921.113355,0.000000,9.840000,5,-15.056788
661646.913281,1509921.113355,0.000000,9.840000,5,-15.056788
661646.913281,1509921.113355,0.000000,9.840000,5,-15.056788
661646.913281,1509921.113355,0.000000,9.840000,5,-15.056788
661646.913281,1509921.113355,0.000000,9.840000,5,-15.056788
661646.913281,1509921.113355,0.000000,9.840000,5,-15.056788
661646.913281,1509921.113355,0.000000,9.840000,5,-15.056788
661646.913281,1509921.113355,0.000000,9.840000,5,-15.056788
661646.913281,1509921.113355,0.000000,9.840000,5,-15.056788
661646.913281,1509921.113355,0.000000,9.840000,5,-15.056788
661646.913281,1509921.113355,0.000000,9.840000,5,-15.056788
661646.913281,1509921.113355,0.000000,9.840000,5,-15.056788
661646.913281,1509921.113355,0.000000,9.840000,5,-15.056788
661646.913281,1509921.113355,0.000000,9.840000,5,-15.056788
661646.913281,1509921.113355,0.000000,9.840000,5,-15.056788
661646.913281,1509921.113355,0.000000,9.840000,5,-15.056788
661646.913281,1509921.113355,0.000000,9.840000,5,-15.056788
661646.913281,1509921.113355,0.000000,9.840000,5,-15.056788
661646.913281,1509921.113355,0.000000,9.840000,5,-15.056788
661646.913281,1509921.113355,0.000000,9.840000,5,-15.056788
661646.913281,1509921.113355,0.000000,9.840000,5,-15.056788
661646.913281,1509921.113355,0.000000,9.840000,5,-15.056788
661646.913281,1509921.113355,0.000000,9.840000,5,-15.056788
661646.913281,1509921.113355,0.000000,9.840000,5,-15.056788
661646.913281,1509921.113355,0.000000,9.840000,5,-15.056788
661646.913281,1509921.113355,0.000000,9.840000,5,-15.056788
661646.913281,1509921.113355,0.000000,9.840000,5,-15.056788
661646.913281,1509921.113355,0.000000,9.840000,5,-15.056788
661646.913281,1509921.113355,0.000000,9.840000,5,-15.056788
661646.913281,1509921.113355,0.000000,9.840000,5,-15.056788
661646.913281,1509921.113355,0.000000,9.840000,5,-15.056788
661646.913281,1509921.113355,0.000000,9.840000,5,-15.056788
661646.913281,1509921.113355,0.000000,9.840000,5,-15.056788
661646.913281,1509921.113355,0.000000,9.840000,5,-15.056788
661646.913281,1509921.113355,0.000000,9.840000,5,-15.056788
661646.913281,1509921.113355,0.000000,9.840000,5,-15.056788
661646.913281,1509921.113355,0.000000,9.840000,5,-15.056788
661646.913281,1509921.113355,0.000000,9.840000,5,-15.056788
661646.913281,1509921.113355,0.000000,9.840000,5,-15.056788
661646.913281,1509921.113355,0.000000,9.840000,5,-15.056788
661646.913281,1509921.113355,0.000000,9.840000,5,-15.056788
661646.913281,1509921.113355,0.000000,9.840000,5,-15.056788
661646.913281,1509921.113355,0.000000,9.840000,5,-15.056788
661646.913281,1509921.113355,0.000000,9.840000,5,-15.056788
661646.913281,1509921.113355,0.000000,9.840000,5,-15.056788
661646.913281,1509921.113355,0.000000,9.840000,5,-15.056788
661646.913281,1509921.113355,0.000000,9.840000,5,-15.056788
661646.913281,1509921.113355,0.000000,9.840000,5,-15.056788
661646.913281,1509921.113355,0.000000,9.840000,5,-15.056788
661646.913281,1509921.113355,0.000000,9.840000,5,-15.056788
661646.913281,1509921.113355,0.000000,9.840000,5,-15.056788
661646.913281,1509921.113355,0.000000,9.840000,5,-15.056788
661646.913281,1509921.113355,0.000000,9.840000,5,-15.056788
661646.913281,1509921.113355,0.000000,9.840000,5,-15.056788
661646.913281,1509921.113355,0.000000,9.840000,5,-15.056788
661646.913281,1509921.113355,0.000000,9.840000,5,-15.056788
661646.913281,1509921.113355,0.000000,9.840000,5,-15.056788
661646.913281,1509921.113355,0.000000,9.840000,5,-15.056788
661646.913281,1509921.113355,0.000000,9.840000,5,-15.056788
661646.913281,1509921.113355,0.000000,9.840000,5,-15.056788
661646.913281,1509921.113355,0.000000,9.840000,5,-15.056788
661646.913281,1509921.113355,0.000000,9.840000,5,-15.056788
661646.913281,1509921.113355,0.000000,9.840000,5,-15.056788
661646.913281,1509921.113355,0.000000,9.840000,5,-15.056788
661646.913281,1509921.113355,0.000000,9.840000,5,-15.056788
661646.913281,1509921.113355,0.000000,9.840000,5,-15.056788
661646.913281,1509921.113355,0.000000,9.840000,5,-15.056788
661646.913281,1509921.113355,0.000000,9.840000,5,-15.056788
661646.913281,1509921.113355,0.000000,9.840000,5,-15.056788
661646.913281,1509921.113355,0.000000,9.840000,5,-15.056788
661646.913281,1509921.113355,0.000000,9.840000,5,-15.056788
661646.913281,1509921.113355,0.000000,9.840000,5,-15.056788
661646.913281,1509921.113355,0.000000,9.840000,5,-15.056788
661646.913281,1509921.113355,0.000000,9.840000,5,-15.056788
661646.913281,1509921.113355,0.000000,9.840000,5,-15.056788
661646.913281,1509921.113355,0.000000,9.840000,5,-15.056788
661646.913281,1509921.113355,0.000000,9.840000,5,-15.056788
661646.913281,1509921.113355,0.000000,9.840000,5,-15.056788
661646.913281,1509921.113355,0.000000,9.840000,5,-15.056788
661646.913281,1509921.113355,0.000000,9.840000,5,-15.056788
661646.913281,1509921.113355,0.000000,9.840000,5,-15.056788
661646.913281,1509921.113355,0.000000,9.840000,5,-15.056788
661646.913281,1509921.113355,0.000000,9.840000,5,-15.056788
661646.913281,1509921.113355,0.000000,9.840000,5,-15.056788
661646.913281,1509921.113355,0.000000,9.840000,5,-15.056788
661646.913281,1509921.113355,0.000000,9.840000,5,-15.056788
661646.913281,1509921.113355,0.000000,9.840000,5,-15.056788
661646.913281,1509921.113355,0.000000,9.840000,5,-15.056788
661646.913281,1509921.113355,0.000000,9.840000,5,-15.056788
661646.913281,1509921.113355,0.000000,9.840000,5,-15.056788
661646.913281,1509921.113355,0.000000,9.840000,5,-15.056788
661646.913281,1509921.113355,0.000000,9.840000,5,-15.056788
661646.913281,1509921.113355,0.000000,9.840000,5,-15.056788
661646.913281,1509921.113355,0.000000,9.840000,5,-15.056788
661646.913281,1509921.113355,0.000000,9.840000,5,-15.056788
661646.913281,1509921.113355,0.000000,9.840000,5,-15.056788
661646.913281,1509921.113355,0.000000,9.840000,5,-15.056788
661646.913281,1509921.113355,0.000000,9.840000,5,-15.056788
661646.913281,1509921.113355,0.000000,9.840000,5,-15.056788
661646.913281,1509921.113355,0.000000,9.840000,5,-15.056788
661646.913281,1509921.113355,0.000000,9.840000,5,-15.056788
661646.913281,1509921.113355,0.000000,9.840000,5,-15.056788
661646.913281,1509921.113355,0.000000,9.840000,5,-15.056788
661646.913281,1509921.113355,0.000000,9.840000,5,-15.056788
661646.913281,1509921.113355,0.000000,9.840000,5,-15.056788
661646.913281,1509921.113355,0.000000,9.840000,5,-15.056788
661646.913281,1509921.113355,0.000000,9.840000,5,-15.056788
661646.913281,1509921.113355,0.000000,9.840000,5,-15.056788
661646.913281,1509921.113355,0.000000,9.840000,5,-15.056788
661646.913281,1509921.113355,0.000000,9.840000,5,-15.056788
661646.913281,1509921.113355,0.000000,9.840000,5,-15.056788
661646.913281,1509921.113355,0.000000,9.840000,5,-15.056788
661646.913281,1509921.113355,0.000000,9.840000,5,-15.056788
661646.913281,1509921.113355,0.000000,9.840000,5,-15.056788
661646.913281,1509921.113355,0.000000,9.840000,5,-15.056788
661646.913281,1509921.113355,0.000000,9.840000,5,-15.056788
661646.913281,1509921.113355,0.000000,9.840000,5,-15.056788
661646.913281,1509921.113355,0.000000,9.840000,5,-15.056788
661646.913281,1509921.113355,0.000000,9.840000,5,-15.056788
661646.913281,1509921.113355,0.000000,9.840000,5,-15.056788
661646.913281,1509921.113355,0.000000,9.840000,5,-15.056788
661646.913281,1509921.113355,0.000000,9.840000,5,-15.056788
661646.913281,1509921.113355,0.000000,9.840000,5,-15.056788
661646.913281,1509921.113355,0.000000,9.840000,5,-15.056788
661646.913281,1509921.113355,0.000000,9.840000,5,-15.056788
661646.913281,1509921.113355,0.000000,9.840000,5,-15.056788
661646.913281,1509921.113355,0.000000,9.840000,5,-15.056788
661646.913281,1509921.113355,0.000000,9.840000,5,-15.056788
661646.913281,1509921.113355,0.000000,9.840000,5,-15.056788
661646.913281,1509921.113355,0.000000,9.840000,5,-15.056788
661646.913281,1509921.113355,0.000000,9.840000,5,-15.056788
661646.913281,1509921.113355,0.000000,9.840000,5,-15.056788
661646.913281,1509921.113355,0.000000,9.840000,5,-15.056788
661646.913281,1509921.113355,0.000000,9.840000,5,-15.056788
661646.913281,1509921.113355,0.000000,9.840000,5,-15.056788
661646.913281,1509921.113355,0.000000,9.840000,5,-15.056788
661646.913281,1509921.113355,0.000000,9.840000,5,-15.056788
661646.913281,1509921.113355,0.000000,9.840000,5,-15.056788
661646.913281,1509921.113355,0.000000,9.840000,5,-15.056788
661646.913281,1509921.113355,0.000000,9.840000,5,-15.056788
661646.913281,1509921.113355,0.000000,9.840000,5,-15.056788
661646.913281,1509921.113355,0.000000,9.840000,5,-15.056788
661646.913281,1509921.113355,0.000000,9.840000,5,-15.056788
661646.913281,1509921.113355,0.000000,9.840000,5,-15.056788
661646.913281,1509921.113355,0.000000,9.840000,5,-15.056788
661646.913281,1509921.113355,0.000000,9.840000,5,-15.056788
661646.913281,1509921.113355,0.000000,9.840000,5,-15.056788
661646.913281,1509921.113355,0.000000,9.840000,5,-15.056788
661646.913281,1509921.113355,0.000000,9.840000,5,-15.056788
661646.913281,1509921.113355,0.000000,9.840000,5,-15.056788
661646.913281,1509921.113355,0.000000,9.840000,5,-15.056788
661646.913281,1509921.113355,0.000000,9.840000,5,-15.056788
661646.913281,1509921.113355,0.000000,9.840000,5,-15.056788
661646.913281,1509921.113355,0.000000,9.840000,5,-15.056788
661646.913281,1509921.113355,0.000000,9.840000,5,-15.056788
661646.913281,1509921.113355,0.000000,9.840000,5,-15.056788
661646.913281,1509921.113355,0.000000,9.840000,5,-15.056788
661646.913281,1509921.113355,0.000000,9.840000,5,-15.056788
661646.913281,1509921.113355,0.000000,9.840000,5,-15.056788
661646.913281,1509921.113355,0.000000,9.840000,5,-15.056788
661646.913281,1509921.113355,0.000000,9.840000,5,-15.056788
661646.913281,1509921.113355,0.000000,9.840000,5,-15.056788
661646.913281,1509921.113355,0.000000,9.840000,5,-15.056788
661646.913281,1509921.113355,0.000000,9.840000,5,-15.056788
661646.913281,1509921.113355,0.000000,9.840000,5,-15.056788
661646.913281,1509921.113355,0.000000,9.840000,5,-15.056788
661646.913281,1509921.113355,0.000000,9.840000,5,-15.056788
661646.913281,1509921.113355,0.000000,9.840000,5,-15.056788
661646.913281,1509921.113355,0.000000,9.840000,5,-15.056788
661646.913281,1509921.113355,0.000000,9.840000,5,-15.056788
661646.913281,1509921.113355,0.000000,9.840000,5,-15.056788
661646.913281,1509921.113355,0.000000,9.840000,5,-15.056788
661646.913281,1509921.113355,0.000000,9.840000,5,-15.056788
661646.913281,1509921.113355,0.000000,9.840000,5,-15.056788
661646.913281,1509921.113355,0.000000,9.840000,5,-15.056788
661646.913281,1509921.113355,0.000000,9.840000,5,-15.056788
661646.913281,1509921.113355,0.000000,9.840000,5,-15.056788
661646.913281,1509921.113355,0.000000,9.840000,5,-15.056788
661646.913281,1509921.113355,0.000000,9.840000,5,-15.056788
661646.913281,1509921.113355,0.000000,9.840000,5,-15.056788
661646.913281,1509921.113355,0.000000,9.840000,5,-15.056788
661646.913281,1509921.113355,0.000000,9.840000,5,-15.056788
661646.913281,1509921.113355,0.000000,9.840000,5,-15.056788
661646.913281,1509921.113355,0.000000,9.840000,5,-15.056788
661646.913281,1509921.113355,0.000000,9.840000,5,-15.056788
661646.913281,1509921.113355,0.000000,9.840000,5,-15.056788
661646.913281,1509921.113355,0.000000,9.840000,5,-15.056788
661646.913281,1509921.113355,0.000000,9.840000,5,-15.056788
661646.913281,1509921.113355,0.000000,9.840000,5,-15.056788
661646.913281,1509921.113355,0.000000,9.840000,5,-15.056788
661646.913281,1509921.113355,0.000000,9.840000,5,-15.056788
661646.913281,1509921.113355,0.000000,9.840000,5,-15.056788
661646.913281,1509921.113355,0.000000,9.840000,5,-15.056788
661646.913281,1509921.113355,0.000000,9.840000,5,-15.056788
661646.913281,1509921.113355,0.000000,9.840000,5,-15.056788
661646.913281,1509921.113355,0.000000,9.840000,5,-15.056788
661646.913281,1509921.113355,0.000000,9.840000,5,-15.056788
661646.913281,1509921.113355,0.000000,9.840000,5,-15.056788
661646.913281,1509921.113355,0.000000,9.840000,5,-15.056788
661646.913281,1509921.113355,0.000000,9.840000,5,-15.056788
661646.913281,1509921.113355,0.000000,9.840000,5,-15.056788
661646.913281,1509921.113355,0.000000,9.840000,5,-15.056788
661646.913281,1509921.113355,0.000000,9.840000,5,-15.056788
661646.913281,1509921.113355,0.000000,9.840000,5,-15.056788
661646.913281,1509921.113355,0.000000,9.840000,5,-15.056788
661646.913281,1509921.113355,0.000000,9.840000,5,-15.056788
661646.913281,1509921.113355,0.000000,9.840000,5,-15.056788
661646.913281,1509921.113355,0.000000,9.840000,5,-15.056788
661646.913281,1509921.113355,0.000000,9.840000,5,-15.056788
661646.913281,1509921.113355,0.000000,9.840000,5,-15.056788
661646.913281,1509921.113355,0.000000,9.840000,5,-15.056788
661646.913281,1509921.113355,0.000000,9.840000,5,-15.056788
661646.913281,1509921.113355,0.000000,9.840000,5,-15.056788
661646.913281,1509921.113355,0.000000,9.840000,5,-15.056788
661646.913281,1509921.113355,0.000000,9.840000,5,-15.056788
661646.913281,1509921.113355,0.000000,9.840000,5,-15.056788
661646.913281,1509921.113355,0.000000,9.840000,5,-15.056788
661646.913281,1509921.113355,0.000000,9.840000,5,-15.056788
661646.913281,1509921.113355,0.000000,9.840000,5,-15.056788
661646.913281,1509921.113355,0.000000,9.840000,5,-15.056788
661646.913281,1509921.113355,0.000000,9.840000,5,-15.056788
661646.913281,1509921.113355,0.000000,9.840000,5,-15.056788
661646.913281,1509921.113355,0.000000,9.840000,5,-15.056788
661646.913281,1509921.113355,0.000000,9.840000,5,-15.056788
661646.913281,1509921.113355,0.000000,9.840000,5,-15.056788
661646.913281,1509921.113355,0.000000,9.840000,5,-15.056788
661646.913281,1509921.113355,0.000000,9.840000,5,-15.056788
661646.913281,1509921.113355,0.000000,9.840000,5,-15.056788
661646.913281,1509921.113355,0.000000,9.840000,5,-15.056788
661646.913281,1509921.113355,0.000000,9.840000,5,-15.056788
661646.913281,1509921.113355,0.000000,9.840000,5,-15.056788
661646.913281,1509921.113355,0.000000,9.840000,5,-15.056788
661646.913281,1509921.113355,0.000000,9.840000,5,-15.056788
661646.913281,1509921.113355,0.000000,9.840000,5,-15.056788
661646.913281,1509921.113355,0.000000,9.840000,5,-15.056788
661646.913281,1509921.113355,0.000000,9.840000,5,-15.056788
661646.913281,1509921.113355,0.000000,9.840000,5,-15.056788
661646.913281,1509921.113355,0.000000,9.840000,5,-15.056788
661646.913281,1509921.113355,0.000000,9.840000,5,-15.056788
661646.913281,1509921.113355,0.000000,9.840000,5,-15.056788
661646.913281,1509921.113355,0.000000,9.840000,5,-15.056788
661646.913281,1509921.113355,0.000000,9.840000,5,-15.056788
661646.913281,1509921.113355,0.000000,9.840000,5,-15.056788
661646.913281,1509921.113355,0.000000,9.840000,5,-15.056788
661646.913281,1509921.113355,0.000000,9.840000,5,-15.056788
661646.913281,1509921.113355,0.000000,9.840000,5,-15.056788
661646.913281,1509921.113355,0.000000,9.840000,5,-15.056788
661646.913281,1509921.113355,0.000000,9.840000,5,-15.056788
661646.913281,1509921.113355,0.000000,9.840000,5,-15.056788
661646.913281,1509921.113355,0.000000,9.840000,5,-15.056788
661646.913281,1509921.113355,0.000000,9.840000,5,-15.056788
661646.913281,1509921.113355,0.000000,9.840000,5,-15.056788
661646.913281,1509921.113355,0.000000,9.840000,5,-15.056788
661646.913281,1509921.113355,0.000000,9.840000,5,-15.056788
661646.913281,1509921.113355,0.000000,9.840000,5,-15.056788
661646.913281,1509921.113355,0.000000,9.840000,5,-15.056788
661646.913281,1509921.113355,0.000000,9.840000,5,-15.056788
661646.913281,1509921.113355,0.000000,9.840000,5,-15.056788
661646.913281,1509921.113355,0.000000,9.840000,5,-15.056788
661646.913281,1509921.113355,0.000000,9.840000,5,-15.056788
661646.913281,1509921.113355,0.000000,9.840000,5,-15.056788
661646.913281,1509921.113355,0.000000,9.840000,5,-15.056788
661646.913281,1509921.113355,0.000000,9.840000,5,-15.056788
661646.913281,1509921.113355,0.000000,9.840000,5,-15.056788
661646.913281,1509921.113355,0.000000,9.840000,5,-15.056788
661646.913281,1509921.113355,0.000000,9.840000,5,-15.056788
661646.913281,1509921.113355,0.000000,9.840000,5,-15.056788
661646.913281,1509921.113355,0.000000,9.840000,5,-15.056788
661646.913281,1509921.113355,0.000000,9.840000,5,-15.056788
661646.913281,1509921.113355,0.000000,9.840000,5,-15.056788
661646.913281,1509921.113355,0.000000,9.840000,5,-15.056788
661646.913281,1509921.113355,0.000000,9.840000,5,-15.056788
661646.913281,1509921.113355,0.000000,9.840000,5,-15.056788
661646.913281,1509921.113355,0.000000,9.840000,5,-15.056788
661646.913281,1509921.113355,0.000000,9.840000,5,-15.056788
661646.913281,1509921.113355,0.000000,9.840000,5,-15.056788
661646.913281,1509921.113355,0.000000,9.840000,5,-15.056788
661646.913281,1509921.113355,0.000000,9.840000,5,-15.056788
661646.913281,1509921.113355,0.000000,9.840000,5,-15.056788
661646.913281,1509921.113355,0.000000,9.840000,5,-15.056788
661646.913281,1509921.113355,0.000000,9.840000,5,-15.056788
661646.913281,1509921.113355,0.000000,9.840000,5,-15.056788
661646.913281,1509921.113355,0.000000,9.840000,5,-15.056788
661646.913281,1509921.113355,0.000000,9.840000,5,-15.056788
661646.913281,1509921.113355,0.000000,9.840000,5,-15.056788
661646.913281,1509921.113355,0.000000,9.840000,5,-15.056788
661646.913281,1509921.113355,0.000000,9.840000,5,-15.056788
661646.913281,1509921.113355,0.000000,9.840000,5,-15.056788
661646.913281,1509921.113355,0.000000,9.840000,5,-15.056788
661646.913281,1509921.113355,0.000000,9.840000,5,-15.056788
661646.913281,1509921.113355,0.000000,9.840000,5,-15.056788
661646.913281,1509921.113355,0.000000,9.840000,5,-15.056788
661646.913281,1509921.113355,0.000000,9.840000,5,-15.056788
661646.913281,1509921.113355,0.000000,9.840000,5,-15.056788
661646.913281,1509921.113355,0.000000,9.840000,5,-15.056788
661646.913281,1509921.113355,0.000000,9.840000,5,-15.056788
661646.913281,1509921.113355,0.000000,9.840000,5,-15.056788
661646.913281,1509921.113355,0.000000,9.840000,5,-15.056788
661646.913281,1509921.113355,0.000000,9.840000,5,-15.056788
661646.913281,1509921.113355,0.000000,9.840000,5,-15.056788
661646.913281,1509921.113355,0.000000,9.840000,5,-15.056788
661646.913281,1509921.113355,0.000000,9.840000,5,-15.056788
661646.913281,1509921.113355,0.000000,9.840000,5,-15.056788
661646.913281,1509921.113355,0.000000,9.840000,5,-15.056788
661646.913281,1509921.113355,0.000000,9.840000,5,-15.056788
661646.913281,1509921.113355,0.000000,9.840000,5,-15.056788
661646.913281,1509921.113355,0.000000,9.840000,5,-15.056788
661646.913281,1509921.113355,0.000000,9.840000,5,-15.056788
661646.913281,1509921.113355,0.000000,9.840000,5,-15.056788
661646.913281,1509921.113355,0.000000,9.840000,5,-15.056788
661646.913281,1509921.113355,0.000000,9.840000,5,-15.056788
661646.913281,1509921.113355,0.000000,9.840000,5,-15.056788
661646.913281,1509921.113355,0.000000,9.840000,5,-15.056788
661646.913281,1509921.113355,0.000000,9.840000,5,-15.056788
661646.913281,1509921.113355,0.000000,9.840000,5,-15.056788
661646.913281,1509921.113355,0.000000,9.840000,5,-15.056788
661646.913281,1509921.113355,0.000000,9.840000,5,-15.056788
661646.913281,1509921.113355,0.000000,9.840000,5,-15.056788
661646.913281,1509921.113355,0.000000,9.840000,5,-15.056788
661646.913281,1509921.113355,0.000000,9.840000,5,-15.056788
661646.913281,1509921.113355,0.000000,9.840000,5,-15.056788
661646.913281,1509921.113355,0.000000,9.840000,5,-15.056788
661646.913281,1509921.113355,0.000000,9.840000,5,-15.056788
661646.913281,1509921.113355,0.000000,9.840000,5,-15.056788
661646.913281,1509921.113355,0.000000,9.840000,5,-15.056788
661646.913281,1509921.113355,0.000000,9.840000,5,-15.056788
661646.913281,1509921.113355,0.000000,9.840000,5,-15.056788
661646.913281,1509921.113355,0.000000,9.840000,5,-15.056788
661646.913281,1509921.113355,0.000000,9.840000,5,-15.056788
661646.913281,1509921.113355,0.000000,9.840000,5,-15.056788
661646.913281,1509921.113355,0.000000,9.840000,5,-15.056788
661646.913281,1509921.113355,0.000000,9.840000,5,-15.056788
661646.913281,1509921.113355,0.000000,9.840000,5,-15.056788
661646.913281,1509921.113355,0.000000,9.840000,5,-15.056788
661646.913281,1509921.113355,0.000000,9.840000,5,-15.056788
661646.913281,1509921.113355,0.000000,9.840000,5,-15.056788
661646.913281,1509921.113355,0.000000,9.840000,5,-15.056788
661646.913281,1509921.113355,0.000000,9.840000,5,-15.056788
661646.913281,1509921.113355,0.000000,9.840000,5,-15.056788
661646.913281,1509921.113355,0.000000,9.840000,5,-15.056788
661646.913281,1509921.113355,0.000000,9.840000,5,-15.056788
661646.913281,1509921.113355,0.000000,9.840000,5,-15.056788
661646.913281,1509921.113355,0.000000,9.840000,5,-15.056788
661646.913281,1509921.113355,0.000000,9.840000,5,-15.056788
661646.913281,1509921.113355,0.000000,9.840000,5,-15.056788
661646.913281,1509921.113355,0.000000,9.840000,5,-15.056788
661646.913281,1509921.113355,0.000000,9.840000,5,-15.056788
661646.913281,1509921.113355,0.000000,9.840000,5,-15.056788
661646.913281,1509921.113355,0.000000,9.840000,5,-15.056788
661646.913281,1509921.113355,0.000000,9.840000,5,-15.056788
661646.913281,1509921.113355,0.000000,9.840000,5,-15.056788
661646.913281,1509921.113355,0.000000,9.840000,5,-15.056788
661646.913281,1509921.113355,0.000000,9.840000,5,-15.056788
661646.913281,1509921.113355,0.000000,9.840000,5,-15.056788
661646.913281,1509921.113355,0.000000,9.840000,5,-15.056788
661646.913281,1509921.113355,0.000000,9.840000,5,-15.056788
661646.913281,1509921.113355,0.000000,9.840000,5,-15.056788
661646.913281,1509921.113355,0.000000,9.840000,5,-15.056788
661646.913281,1509921.113355,0.000000,9.840000,5,-15.056788
661646.913281,1509921.113355,0.000000,9.840000,5,-15.056788
661646.913281,1509921.113355,0.000000,9.840000,5,-15.056788
661646.913281,1509921.113355,0.000000,9.840000,5,-15.056788
661646.913281,1509921.113355,0.000000,9.840000,5,-15.056788
661646.913281,1509921.113355,0.000000,9.840000,5,-15.056788
661646.913281,1509921.113355,0.000000,9.840000,5,-15.056788
661646.913281,1509921.113355,0.000000,9.840000,5,-15.056788
661646.913281,1509921.113355,0.000000,9.840000,5,-15.056788
661646.913281,1509921.113355,0.000000,9.840000,5,-15.056788
661646.913281,1509921.113355,0.000000,9.840000,5,-15.056788
661646.913281,1509921.113355,0.000000,9.840000,5,-15.056788
661646.913281,1509921.113355,0.000000,9.840000,5,-15.056788
661646.913281,1509921.113355,0.000000,9.840000,5,-15.056788
661646.913281,1509921.113355,0.000000,9.840000,5,-15.056788
661646.913281,1509921.113355,0.000000,9.840000,5,-15.056788
661646.913281,1509921.113355,0.000000,9.840000,5,-15.056788
661646.913281,1509921.113355,0.000000,9.840000,5,-15.056788
661646.913281,1509921.113355,0.000000,9.840000,5,-15.056788
661646.913281,1509921.113355,0.000000,9.840000,5,-15.056788
661646.913281,1509921.113355,0.000000,9.840000,5,-15.056788
661646.913281,1509921.113355,0.000000,9.840000,5,-15.056788
661646.913281,1509921.113355,0.000000,9.840000,5,-15.056788
661646.913281,1509921.113355,0.000000,9.840000,5,-15.056788
661646.913281,1509921.113355,0.000000,9.840000,5,-15.056788
661646.913281,1509921.113355,0.000000,9.840000,5,-15.056788
661646.913281,1509921.113355,0.000000,9.840000,5,-15.056788
661646.913281,1509921.113355,0.000000,9.840000,5,-15.056788
661646.913281,1509921.113355,0.000000,9.840000,5,-15.056788
661646.913281,1509921.113355,0.000000,9.840000,5,-15.056788
661646.913281,1509921.113355,0.000000,9.840000,5,-15.056788
661646.913281,1509921.113355,0.000000,9.840000,5,-15.056788
661646.913281,1509921.113355,0.000000,9.840000,5,-15.056788
661646.913281,1509921.113355,0.000000,9.840000,5,-15.056788
661646.913281,1509921.113355,0.000000,9.840000,5,-15.056788
661646.913281,1509921.113355,0.000000,9.840000,5,-15.056788
661646.913281,1509921.113355,0.000000,9.840000,5,-15.056788
661646.913281,1509921.113355,0.000000,9.840000,5,-15.056788
661646.913281,1509921.113355,0.000000,9.840000,5,-15.056788
661646.913281,1509921.113355,0.000000,9.840000,5,-15.056788
661646.913281,1509921.113355,0.000000,9.840000,5,-15.056788
661646.913281,1509921.113355,0.000000,9.840000,5,-15.056788
661646.913281,1509921.113355,0.000000,9.840000,5,-15.056788
661646.913281,1509921.113355,0.000000,9.840000,5,-15.056788
661646.913281,1509921.113355,0.000000,9.840000,5,-15.056788
661646.913281,1509921.113355,0.000000,9.840000,5,-15.056788
661646.913281,1509921.113355,0.000000,9.840000,5,-15.056788
661646.913281,1509921.113355,0.000000,9.840000,5,-15.056788
661646.913281,1509921.113355,0.000000,9.840000,5,-15.056788
661646.913281,1509921.113355,0.000000,9.840000,5,-15.056788
661646.913281,1509921.113355,0.000000,9.840000,5,-15.056788
661646.913281,1509921.113355,0.000000,9.840000,5,-15.056788
661646.913281,1509921.113355,0.000000,9.840000,5,-15.056788
661646.913281,1509921.113355,0.000000,9.840000,5,-15.056788
661646.913281,1509921.113355,0.000000,9.840000,5,-15.056788
661646.913281,1509921.113355,0.000000,9.840000,5,-15.056788
661646.913281,1509921.113355,0.000000,9.840000,5,-15.056788
661646.913281,1509921.113355,0.000000,9.840000,5,-15.056788
661646.913281,1509921.113355,0.000000,9.840000,5,-15.056788
661646.913281,1509921.113355,0.000000,9.840000,5,-15.056788
661646.913281,1509921.113355,0.000000,9.840000,5,-15.056788
661646.913281,1509921.113355,0.000000,9.840000,5,-15.056788
661646.913281,1509921.113355,0.000000,9.840000,5,-15.056788
661646.913281,1509921.113355,0.000000,9.840000,5,-15.056788
661646.913281,1509921.113355,0.000000,9.840000,5,-15.056788
661646.913281,1509921.113355,0.000000,9.840000,5,-15.056788
661646.913281,1509921.113355,0.000000,9.840000,5,-15.056788
661646.913281,1509921.113355,0.000000,9.840000,5,-15.056788
661646.913281,1509921.113355,0.000000,9.840000,5,-15.056788
661646.913281,1509921.113355,0.000000,9.840000,5,-15.056788
661646.913281,1509921.113355,0.000000,9.840000,5,-15.056788
661646.913281,1509921.113355,0.000000,9.840000,5,-15.056788
661646.913281,1509921.113355,0.000000,9.840000,5,-15.056788
661646.913281,1509921.113355,0.000000,9.840000,5,-15.056788
661646.913281,1509921.113355,0.000000,9.840000,5,-15.056788
661646.913281,1509921.113355,0.000000,9.840000,5,-15.056788
661646.913281,1509921.113355,0.000000,9.840000,5,-15.056788
661646.913281,1509921.113355,0.000000,9.840000,5,-15.056788
661646.913281,1509921.113355,0.000000,9.840000,5,-15.056788
661646.913281,1509921.113355,0.000000,9.840000,5,-15.056788
661646.913281,1509921.113355,0.000000,9.840000,5,-15.056788
661646.913281,1509921.113355,0.000000,9.840000,5,-15.056788
661646.913281,1509921.113355,0.000000,9.840000,5,-15.056788
661646.913281,1509921.113355,0.000000,9.840000,5,-15.056788
661646.913281,1509921.113355,0.000000,9.840000,5,-15.056788
661646.913281,1509921.113355,0.000000,9.840000,5,-15.056788
661646.913281,1509921.113355,0.000000,9.840000,5,-15.056788
661646.913281,1509921.113355,0.000000,9.840000,5,-15.056788
661646.913281,1509921.113355,0.000000,9.840000,5,-15.056788
661646.913281,1509921.113355,0.000000,9.840000,5,-15.056788
661646.913281,1509921.113355,0.000000,9.840000,5,-15.056788
661646.913281,1509921.113355,0.000000,9.840000,5,-15.056788
661646.913281,1509921.113355,0.000000,9.840000,5,-15.056788
661646.913281,1509921.113355,0.000000,9.840000,5,-15.056788
661646.913281,1509921.113355,0.000000,9.840000,5,-15.056788
661646.913281,1509921.113355,0.000000,9.840000,5,-15.056788
661646.913281,1509921.113355,0.000000,9.840000,5,-15.056788
661646.913281,1509921.113355,0.000000,9.840000,5,-15.056788
661646.913281,1509921.113355,0.000000,9.840000,5,-15.056788
661646.913281,1509921.113355,0.000000,9.840000,5,-15.056788
661646.913281,1509921.113355,0.000000,9.840000,5,-15.056788
661646.913281,1509921.113355,0.000000,9.840000,5,-15.056788
661646.913281,1509921.113355,0.000000,9.840000,5,-15.056788
661646.913281,1509921.113355,0.000000,9.840000,5,-15.056788
661646.913281,1509921.113355,0.000000,9.840000,5,-15.056788
661646.913281,1509921.113355,0.000000,9.840000,5,-15.056788
661646.913281,1509921.113355,0.000000,9.840000,5,-15.056788
661646.913281,1509921.113355,0.000000,9.840000,5,-15.056788
661646.913281,1509921.113355,0.000000,9.840000,5,-15.056788
661646.913281,1509921.113355,0.000000,9.840000,5,-15.056788
661646.913281,1509921.113355,0.000000,9.840000,5,-15.056788
661646.913281,1509921.113355,0.000000,9.840000,5,-15.056788
661646.913281,1509921.113355,0.000000,9.840000,5,-15.056788
661646.913281,1509921.113355,0.000000,9.840000,5,-15.056788
661646.913281,1509921.113355,0.000000,9.840000,5,-15.056788
661646.913281,1509921.113355,0.000000,9.840000,5,-15.056788
661646.913281,1509921.113355,0.000000,9.840000,5,-15.056788
661646.913281,1509921.113355,0.000000,9.840000,5,-15.056788
661646.913281,1509921.113355,0.000000,9.840000,5,-15.056788
661646.913281,1509921.113355,0.000000,9.840000,5,-15.056788
661646.913281,1509921.113355,0.000000,9.840000,5,-15.056788
661646.913281,1509921.113355,0.000000,9.840000,5,-15.056788
661646.913281,1509921.113355,0.000000,9.840000,5,-15.056788
661646.913281,1509921.113355,0.000000,9.840000,5,-15.056788
661646.913281,1509921.113355,0.000000,9.840000,5,-15.056788
661646.913281,1509921.113355,0.000000,9.840000,5,-15.056788
661646.913281,1509921.113355,0.000000,9.840000,5,-15.056788
661646.913281,1509921.113355,0.000000,9.840000,5,-15.056788
661646.913281,1509921.113355,0.000000,9.840000,5,-15.056788
661646.913281,1509921.113355,0.000000,9.840000,5,-15.056788
661646.913281,1509921.113355,0.000000,9.840000,5,-15.056788
661646.913281,1509921.113355,0.000000,9.840000,5,-15.056788
661646.913281,1509921.113355,0.000000,9.840000,5,-15.056788
661646.913281,1509921.113355,0.000000,9.840000,5,-15.056788
661646.913281,1509921.113355,0.000000,9.840000,5,-15.056788
661646.913281,1509921.113355,0.000000,9.840000,5,-15.056788
661646.913281,1509921.113355,0.000000,9.840000,5,-15.056788
661646.913281,1509921.113355,0.000000,9.840000,5,-15.056788
661646.913281,1509921.113355,0.000000,9.840000,5,-15.056788
661646.913281,1509921.113355,0.000000,9.840000,5,-15.056788
661646.913281,1509921.113355,0.000000,9.840000,5,-15.056788
661646.913281,1509921.113355,0.000000,9.840000,5,-15.056788
661646.913281,1509921.113355,0.000000,9.840000,5,-15.056788
661646.913281,1509921.113355,0.000000,9.840000,5,-15.056788
661646.913281,1509921.113355,0.000000,9.840000,5,-15.056788
661646.913281,1509921.113355,0.000000,9.840000,5,-15.056788
661646.913281,1509921.113355,0.000000,9.840000,5,-15.056788
661646.913281,1509921.113355,0.000000,9.840000,5,-15.056788
661646.913281,1509921.113355,0.000000,9.840000,5,-15.056788
661646.913281,1509921.113355,0.000000,9.840000,5,-15.056788
661646.913281,1509921.113355,0.000000,9.840000,5,-15.056788
661646.913281,1509921.113355,0.000000,9.840000,5,-15.056788
661646.913281,1509921.113355,0.000000,9.840000,5,-15.056788
661646.913281,1509921.113355,0.000000,9.840000,5,-15.056788
661646.913281,1509921.113355,0.000000,9.840000,5,-15.056788
661646.913281,1509921.113355,0.000000,9.840000,5,-15.056788
661646.913281,1509921.113355,0.000000,9.840000,5,-15.056788
661646.913281,1509921.113355,0.000000,9.840000,5,-15.056788
661646.913281,1509921.113355,0.000000,9.840000,5,-15.056788
661646.913281,1509921.113355,0.000000,9.840000,5,-15.056788
661646.913281,1509921.113355,0.000000,9.840000,5,-15.056788
661646.913281,1509921.113355,0.000000,9.840000,5,-15.056788
661646.913281,1509921.113355,0.000000,9.840000,5,-15.056788
661646.913281,1509921.113355,0.000000,9.840000,5,-15.056788
661646.913281,1509921.113355,0.000000,9.840000,5,-15.056788
661646.913281,1509921.113355,0.000000,9.840000,5,-15.056788
661646.913281,1509921.113355,0.000000,9.840000,5,-15.056788
661646.913281,1509921.113355,0.000000,9.840000,5,-15.056788
661646.913281,1509921.113355,0.000000,9.840000,5,-15.056788
661646.913281,1509921.113355,0.000000,9.840000,5,-15.056788
661646.913281,1509921.113355,0.000000,9.840000,5,-15.056788
661646.913281,1509921.113355,0.000000,9.840000,5,-15.056788
661646.913281,1509921.113355,0.000000,9.840000,5,-15.056788
661646.913281,1509921.113355,0.000000,9.840000,5,-15.056788
661646.913281,1509921.113355,0.000000,9.840000,5,-15.056788
661646.913281,1509921.113355,0.000000,9.840000,5,-15.056788
661646.913281,1509921.113355,0.000000,9.840000,5,-15.056788
661646.913281,1509921.113355,0.000000,9.840000,5,-15.056788
661646.913281,1509921.113355,0.000000,9.840000,5,-15.056788
661646.913281,1509921.113355,0.000000,9.840000,5,-15.056788
661646.913281,1509921.113355,0.000000,9.840000,5,-15.056788
661646.913281,1509921.113355,0.000000,9.840000,5,-15.056788
661646.913281,1509921.113355,0.000000,9.840000,5,-15.056788
661646.913281,1509921.113355,0.000000,9.840000,5,-15.056788
661646.913281,1509921.113355,0.000000,9.840000,5,-15.056788
661646.913281,1509921.113355,0.000000,9.840000,5,-15.056788
661646.913281,1509921.113355,0.000000,9.840000,5,-15.056788
661646.913281,1509921.113355,0.000000,9.840000,5,-15.056788
661646.913281,1509921.113355,0.000000,9.840000,5,-15.056788
661646.913281,1509921.113355,0.000000,9.840000,5,-15.056788
661646.913281,1509921.113355,0.000000,9.840000,5,-15.056788
661646.913281,1509921.113355,0.000000,9.840000,5,-15.056788
661646.913281,1509921.113355,0.000000,9.840000,5,-15.056788
661646.913281,1509921.113355,0.000000,9.840000,5,-15.056788
661646.913281,1509921.113355,0.000000,9.840000,5,-15.056788
661646.913281,1509921.113355,0.000000,9.840000,5,-15.056788
661646.913281,1509921.113355,0.000000,9.840000,5,-15.056788
661646.913281,1509921.113355,0.000000,9.840000,5,-15.056788
661646.913281,1509921.113355,0.000000,9.840000,5,-15.056788
661646.913281,1509921.113355,0.000000,9.840000,5,-15.056788
661646.913281,1509921.113355,0.000000,9.840000,5,-15.056788
661646.913281,1509921.113355,0.000000,9.840000,5,-15.056788
661646.913281,1509921.113355,0.000000,9.840000,5,-15.056788
661646.913281,1509921.113355,0.000000,9.840000,5,-15.056788
661646.913281,1509921.113355,0.000000,9.840000,5,-15.056788
661646.913281,1509921.113355,0.000000,9.840000,5,-15.056788
661646.913281,1509921.113355,0.000000,9.840000,5,-15.056788
661646.913281,1509921.113355,0.000000,9.840000,5,-15.056788
661646.913281,1509921.113355,0.000000,9.840000,5,-15.056788
661646.913281,1509921.113355,0.000000,9.840000,5,-15.056788
661646.913281,1509921.113355,0.000000,9.840000,5,-15.056788
661646.913281,1509921.113355,0.000000,9.840000,5,-15.056788
661646.913281,1509921.113355,0.000000,9.840000,5,-15.056788
661646.913281,1509921.113355,0.000000,9.840000,5,-15.056788
661646.913281,1509921.113355,0.000000,9.840000,5,-15.056788
661646.913281,1509921.113355,0.000000,9.840000,5,-15.056788
661646.913281,1509921.113355,0.000000,9.840000,5,-15.056788
661646.913281,1509921.113355,0.000000,9.840000,5,-15.056788
661646.913281,1509921.113355,0.000000,9.840000,5,-15.056788
661646.913281,1509921.113355,0.000000,9.840000,5,-15.056788
661646.913281,1509921.113355,0.000000,9.840000,5,-15.056788
661646.913281,1509921.113355,0.000000,9.840000,5,-15.056788
661646.913281,1509921.113355,0.000000,9.840000,5,-15.056788
661646.913281,1509921.113355,0.000000,9.840000,5,-15.056788
661646.913281,1509921.113355,0.000000,9.840000,5,-15.056788
661646.913281,1509921.113355,0.000000,9.840000,5,-15.056788
661646.913281,1509921.113355,0.000000,9.840000,5,-15.056788
661646.913281,1509921.113355,0.000000,9.840000,5,-15.056788
661646.913281,1509921.113355,0.000000,9.840000,5,-15.056788
661646.913281,1509921.113355,0.000000,9.840000,5,-15.056788
661646.913281,1509921.113355,0.000000,9.840000,5,-15.056788
661646.913281,1509921.113355,0.000000,9.840000,5,-15.056788
661646.913281,1509921.113355,0.000000,9.840000,5,-15.056788
661646.913281,1509921.113355,0.000000,9.840000,5,-15.056788
661646.913281,1509921.113355,0.000000,9.840000,5,-15.056788
661646.913281,1509921.113355,0.000000,9.840000,5,-15.056788
661646.913281,1509921.113355,0.000000,9.840000,5,-15.056788
661646.913281,1509921.113355,0.000000,9.840000,5,-15.056788
661646.913281,1509921.113355,0.000000,9.840000,5,-15.056788
661646.913281,1509921.113355,0.000000,9.840000,5,-15.056788
661646.913281,1509921.113355,0.000000,9.840000,5,-15.056788
661646.913281,1509921.113355,0.000000,9.840000,5,-15.056788
661646.913281,1509921.113355,0.000000,9.840000,5,-15.056788
661646.913281,1509921.113355,0.000000,9.840000,5,-15.056788
661646.913281,1509921.113355,0.000000,9.840000,5,-15.056788
661646.913281,1509921.113355,0.000000,9.840000,5,-15.056788
661646.913281,1509921.113355,0.000000,9.840000,5,-15.056788
661646.913281,1509921.113355,0.000000,9.840000,5,-15.056788
661646.913281,1509921.113355,0.000000,9.840000,5,-15.056788
661646.913281,1509921.113355,0.000000,9.840000,5,-15.056788
661646.913281,1509921.113355,0.000000,9.840000,5,-15.056788
661646.913281,1509921.113355,0.000000,9.840000,5,-15.056788
661646.913281,1509921.113355,0.000000,9.840000,5,-15.056788
661646.913281,1509921.113355,0.000000,9.840000,5,-15.056788
661646.913281,1509921.113355,0.000000,9.840000,5,-15.056788
661646.913281,1509921.113355,0.000000,9.840000,5,-15.056788
661646.913281,1509921.113355,0.000000,9.840000,5,-15.056788
661646.913281,1509921.113355,0.000000,9.840000,5,-15.056788
661646.913281,1509921.113355,0.000000,9.840000,5,-15.056788
661646.913281,1509921.113355,0.000000,9.840000,5,-15.056788
661646.913281,1509921.113355,0.000000,9.840000,5,-15.056788
661646.913281,1509921.113355,0.000000,9.840000,5,-15.056788
661646.913281,1509921.113355,0.000000,9.840000,5,-15.056788
661646.913281,1509921.113355,0.000000,9.840000,5,-15.056788
661646.913281,1509921.113355,0.000000,9.840000,5,-15.056788
661646.913281,1509921.113355,0.000000,9.840000,5,-15.056788
661646.913281,1509921.113355,0.000000,9.840000,5,-15.056788
661646.913281,1509921.113355,0.000000,9.840000,5,-15.056788
661646.913281,1509921.113355,0.000000,9.840000,5,-15.056788
661646.913281,1509921.113355,0.000000,9.840000,5,-15.056788
661646.913281,1509921.113355,0.000000,9.840000,5,-15.056788
661646.913281,1509921.113355,0.000000,9.840000,5,-15.056788
661646.913281,1509921.113355,0.000000,9.840000,5,-15.056788
661646.913281,1509921.113355,0.000000,9.840000,5,-15.056788
661646.913281,1509921.113355,0.000000,9.840000,5,-15.056788
661646.913281,1509921.113355,0.000000,9.840000,5,-15.056788
661646.913281,1509921.113355,0.000000,9.840000,5,-15.056788
661646.913281,1509921.113355,0.000000,9.840000,5,-15.056788
661646.913281,1509921.113355,0.000000,9.840000,5,-15.056788
661646.913281,1509921.113355,0.000000,9.840000,5,-15.056788
661646.913281,1509921.113355,0.000000,9.840000,5,-15.056788
661646.913281,1509921.113355,0.000000,9.840000,5,-15.056788
661646.913281,1509921.113355,0.000000,9.840000,5,-15.056788
661646.913281,1509921.113355,0.000000,9.840000,5,-15.056788
661646.913281,1509921.113355,0.000000,9.840000,5,-15.056788
661646.913281,1509921.113355,0.000000,9.840000,5,-15.056788
661646.913281,1509921.113355,0.000000,9.840000,5,-15.056788
661646.913281,1509921.113355,0.000000,9.840000,5,-15.056788
661646.913281,1509921.113355,0.000000,9.840000,5,-15.056788
661646.913281,1509921.113355,0.000000,9.840000,5,-15.056788
661646.913281,1509921.113355,0.000000,9.840000,5,-15.056788
661646.913281,1509921.113355,0.000000,9.840000,5,-15.056788
661646.913281,1509921.113355,0.000000,9.840000,5,-15.056788
661646.913281,1509921.113355,0.000000,9.840000,5,-15.056788
661646.913281,1509921.113355,0.000000,9.840000,5,-15.056788
661646.913281,1509921.113355,0.000000,9.840000,5,-15.056788
661646.913281,1509921.113355,0.000000,9.840000,5,-15.056788
661646.913281,1509921.113355,0.000000,9.840000,5,-15.056788
661646.913281,1509921.113355,0.000000,9.840000,5,-15.056788
661646.913281,1509921.113355,0.000000,9.840000,5,-15.056788
661646.913281,1509921.113355,0.000000,9.840000,5,-15.056788
661646.913281,1509921.113355,0.000000,9.840000,5,-15.056788
661646.913281,1509921.113355,0.000000,9.840000,5,-15.056788
661646.913281,1509921.113355,0.000000,9.840000,5,-15.056788
661646.913281,1509921.113355,0.000000,9.840000,5,-15.056788
661646.913281,1509921.113355,0.000000,9.840000,5,-15.056788
661646.913281,1509921.113355,0.000000,9.840000,5,-15.056788
661646.913281,1509921.113355,0.000000,9.840000,5,-15.056788
661646.913281,1509921.113355,0.000000,9.840000,5,-15.056788
661646.913281,1509921.113355,0.000000,9.840000,5,-15.056788
661646.913281,1509921.113355,0.000000,9.840000,5,-15.056788
661646.913281,1509921.113355,0.000000,9.840000,5,-15.056788
661646.913281,1509921.113355,0.000000,9.840000,5,-15.056788
661646.913281,1509921.113355,0.000000,9.840000,5,-15.056788
661646.913281,1509921.113355,0.000000,9.840000,5,-15.056788
661646.913281,1509921.113355,0.000000,9.840000,5,-15.056788
661646.913281,1509921.113355,0.000000,9.840000,5,-15.056788
661646.913281,1509921.113355,0.000000,9.840000,5,-15.056788
661646.913281,1509921.113355,0.000000,9.840000,5,-15.056788
661646.913281,1509921.113355,0.000000,9.840000,5,-15.056788
661646.913281,1509921.113355,0.000000,9.840000,5,-15.056788
661646.913281,1509921.113355,0.000000,9.840000,5,-15.056788
661646.913281,1509921.113355,0.000000,9.840000,5,-15.056788
661646.913281,1509921.113355,0.000000,9.840000,5,-15.056788
661646.913281,1509921.113355,0.000000,9.840000,5,-15.056788
661646.913281,1509921.113355,0.000000,9.840000,5,-15.056788
661646.913281,1509921.113355,0.000000,9.840000,5,-15.056788
661646.913281,1509921.113355,0.000000,9.840000,5,-15.056788
661646.913281,1509921.113355,0.000000,9.840000,5,-15.056788
661646.913281,1509921.113355,0.000000,9.840000,5,-15.056788
661646.913281,1509921.113355,0.000000,9.840000,5,-15.056788
661646.913281,1509921.113355,0.000000,9.840000,5,-15.056788
661646.913281,1509921.113355,0.000000,9.840000,5,-15.056788
661646.913281,1509921.113355,0.000000,9.840000,5,-15.056788
661646.913281,1509921.113355,0.000000,9.840000,5,-15.056788
661646.913281,1509921.113355,0.000000,9.840000,5,-15.056788
661646.913281,1509921.113355,0.000000,9.840000,5,-15.056788
661646.913281,1509921.113355,0.000000,9.840000,5,-15.056788
661646.913281,1509921.113355,0.000000,9.840000,5,-15.056788
661646.913281,1509921.113355,0.000000,9.840000,5,-15.056788
661646.913281,1509921.113355,0.000000,9.840000,5,-15.056788
661646.913281,1509921.113355,0.000000,9.840000,5,-15.056788
661646.913281,1509921.113355,0.000000,9.840000,5,-15.056788
661646.913281,1509921.113355,0.000000,9.840000,5,-15.056788
661646.913281,1509921.113355,0.000000,9.840000,5,-15.056788
661646.913281,1509921.113355,0.000000,9.840000,5,-15.056788
661646.913281,1509921.113355,0.000000,9.840000,5,-15.056788
661646.913281,1509921.113355,0.000000,9.840000,5,-15.056788
661646.913281,1509921.113355,0.000000,9.840000,5,-15.056788
661646.913281,1509921.113355,0.000000,9.840000,5,-15.056788
661646.913281,1509921.113355,0.000000,9.840000,5,-15.056788
661646.913281,1509921.113355,0.000000,9.840000,5,-15.056788
661646.913281,1509921.113355,0.000000,9.840000,5,-15.056788
661646.913281,1509921.113355,0.000000,9.840000,5,-15.056788
661646.913281,1509921.113355,0.000000,9.840000,5,-15.056788
661646.913281,1509921.113355,0.000000,9.840000,5,-15.056788
661646.913281,1509921.113355,0.000000,9.840000,5,-15.056788
661646.913281,1509921.113355,0.000000,9.840000,5,-15.056788
661646.913281,1509921.113355,0.000000,9.840000,5,-15.056788
661646.913281,1509921.113355,0.000000,9.840000,5,-15.056788
661646.913281,1509921.113355,0.000000,9.840000,5,-15.056788
661646.913281,1509921.113355,0.000000,9.840000,5,-15.056788
661646.913281,1509921.113355,0.000000,9.840000,5,-15.056788
661646.913281,1509921.113355,0.000000,9.840000,5,-15.056788
661646.913281,1509921.113355,0.000000,9.840000,5,-15.056788
661646.913281,1509921.113355,0.000000,9.840000,5,-15.056788
661646.913281,1509921.113355,0.000000,9.840000,5,-15.056788
661646.913281,1509921.113355,0.000000,9.840000,5,-15.056788
661646.913281,1509921.113355,0.000000,9.840000,5,-15.056788
661646.913281,1509921.113355,0.000000,9.840000,5,-15.056788
661646.913281,1509921.113355,0.000000,9.840000,5,-15.056788
661646.913281,1509921.113355,0.000000,9.840000,5,-15.056788
661646.913281,1509921.113355,0.000000,9.840000,5,-15.056788
661646.913281,1509921.113355,0.000000,9.840000,5,-15.056788
661646.913281,1509921.113355,0.000000,9.840000,5,-15.056788
661646.913281,1509921.113355,0.000000,9.840000,5,-15.056788
661646.913281,1509921.113355,0.000000,9.840000,5,-15.056788
661646.913281,1509921.113355,0.000000,9.840000,5,-15.056788
661646.913281,1509921.113355,0.000000,9.840000,5,-15.056788
661646.913281,1509921.113355,0.000000,9.840000,5,-15.056788
661646.913281,1509921.113355,0.000000,9.840000,5,-15.056788
661646.913281,1509921.113355,0.000000,9.840000,5,-15.056788
661646.913281,1509921.113355,0.000000,9.840000,5,-15.056788
661646.913281,1509921.113355,0.000000,9.840000,5,-15.056788
661646.913281,1509921.113355,0.000000,9.840000,5,-15.056788
661646.913281,1509921.113355,0.000000,9.840000,5,-15.056788
661646.913281,1509921.113355,0.000000,9.840000,5,-15.056788
661646.913281,1509921.113355,0.000000,9.840000,5,-15.056788
661646.913281,1509921.113355,0.000000,9.840000,5,-15.056788
661646.913281,1509921.113355,0.000000,9.840000,5,-15.056788
661646.913281,1509921.113355,0.000000,9.840000,5,-15.056788
661646.913281,1509921.113355,0.000000,9.840000,5,-15.056788
661646.913281,1509921.113355,0.000000,9.840000,5,-15.056788
661646.913281,1509921.113355,0.000000,9.840000,5,-15.056788
661646.913281,1509921.113355,0.000000,9.840000,5,-15.056788
661646.913281,1509921.113355,0.000000,9.840000,5,-15.056788
661646.913281,1509921.113355,0.000000,9.840000,5,-15.056788
661646.913281,1509921.113355,0.000000,9.840000,5,-15.056788
661646.913281,1509921.113355,0.000000,9.840000,5,-15.056788
661646.913281,1509921.113355,0.000000,9.840000,5,-15.056788
661646.913281,1509921.113355,0.000000,9.840000,5,-15.056788
661646.913281,1509921.113355,0.000000,9.840000,5,-15.056788
661646.913281,1509921.113355,0.000000,9.840000,5,-15.056788
661646.913281,1509921.113355,0.000000,9.840000,5,-15.056788
661646.913281,1509921.113355,0.000000,9.840000,5,-15.056788
661646.913281,1509921.113355,0.000000,9.840000,5,-15.056788
661646.913281,1509921.113355,0.000000,9.840000,5,-15.056788
661646.913281,1509921.113355,0.000000,9.840000,5,-15.056788
661646.913281,1509921.113355,0.000000,9.840000,5,-15.056788
661646.913281,1509921.113355,0.000000,9.840000,5,-15.056788
661646.913281,1509921.113355,0.000000,9.840000,5,-15.056788
661646.913281,1509921.113355,0.000000,9.840000,5,-15.056788
661646.913281,1509921.113355,0.000000,9.840000,5,-15.056788
661646.913281,1509921.113355,0.000000,9.840000,5,-15.056788
661646.913281,1509921.113355,0.000000,9.840000,5,-15.056788
661646.913281,1509921.113355,0.000000,9.840000,5,-15.056788
661646.913281,1509921.113355,0.000000,9.840000,5,-15.056788
661646.913281,1509921.113355,0.000000,9.840000,5,-15.056788
661646.913281,1509921.113355,0.000000,9.840000,5,-15.056788
661646.913281,1509921.113355,0.000000,9.840000,5,-15.056788
661646.913281,1509921.113355,0.000000,9.840000,5,-15.056788
661646.913281,1509921.113355,0.000000,9.840000,5,-15.056788
661646.913281,1509921.113355,0.000000,9.840000,5,-15.056788
661646.913281,1509921.113355,0.000000,9.840000,5,-15.056788
661646.913281,1509921.113355,0.000000,9.840000,5,-15.056788
661646.913281,1509921.113355,0.000000,9.840000,5,-15.056788
661646.913281,1509921.113355,0.000000,9.840000,5,-15.056788
661646.913281,1509921.113355,0.000000,9.840000,5,-15.056788
661646.913281,1509921.113355,0.000000,9.840000,5,-15.056788
661646.913281,1509921.113355,0.000000,9.840000,5,-15.056788
661646.913281,1509921.113355,0.000000,9.840000,5,-15.056788
661646.913281,1509921.113355,0.000000,9.840000,5,-15.056788
661646.913281,1509921.113355,0.000000,9.840000,5,-15.056788
661646.913281,1509921.113355,0.000000,9.840000,5,-15.056788
661646.913281,1509921.113355,0.000000,9.840000,5,-15.056788
661646.913281,1509921.113355,0.000000,9.840000,5,-15.056788
661646.913281,1509921.113355,0.000000,9.840000,5,-15.056788
661646.913281,1509921.113355,0.000000,9.840000,5,-15.056788
661646.913281,1509921.113355,0.000000,9.840000,5,-15.056788
661646.913281,1509921.113355,0.000000,9.840000,5,-15.056788
661646.913281,1509921.113355,0.000000,9.840000,5,-15.056788
661646.913281,1509921.113355,0.000000,9.840000,5,-15.056788
661646.913281,1509921.113355,0.000000,9.840000,5,-15.056788
661646.913281,1509921.113355,0.000000,9.840000,5,-15.056788
661646.913281,1509921.113355,0.000000,9.840000,5,-15.056788
661646.913281,1509921.113355,0.000000,9.840000,5,-15.056788
661646.913281,1509921.113355,0.000000,9.840000,5,-15.056788
661646.913281,1509921.113355,0.000000,9.840000,5,-15.056788
661646.913281,1509921.113355,0.000000,9.840000,5,-15.056788
661646.913281,1509921.113355,0.000000,9.840000,5,-15.056788
661646.913281,1509921.113355,0.000000,9.840000,5,-15.056788
661646.913281,1509921.113355,0.000000,9.840000,5,-15.056788
661646.913281,1509921.113355,0.000000,9.840000,5,-15.056788
661646.913281,1509921.113355,0.000000,9.840000,5,-15.056788
661646.913281,1509921.113355,0.000000,9.840000,5,-15.056788
661646.913281,1509921.113355,0.000000,9.840000,5,-15.056788
661646.913281,1509921.113355,0.000000,9.840000,5,-15.056788
661646.913281,1509921.113355,0.000000,9.840000,5,-15.056788
661646.913281,1509921.113355,0.000000,9.840000,5,-15.056788
661646.913281,1509921.113355,0.000000,9.840000,5,-15.056788
661646.913281,1509921.113355,0.000000,9.840000,5,-15.056788
661646.913281,1509921.113355,0.000000,9.840000,5,-15.056788
661646.913281,1509921.113355,0.000000,9.840000,5,-15.056788
661646.913281,1509921.113355,0.000000,9.840000,5,-15.056788
661646.913281,1509921.113355,0.000000,9.840000,5,-15.056788
661646.913281,1509921.113355,0.000000,9.840000,5,-15.056788
661646.913281,1509921.113355,0.000000,9.840000,5,-15.056788
661646.913281,1509921.113355,0.000000,9.840000,5,-15.056788
661646.913281,1509921.113355,0.000000,9.840000,5,-15.056788
661646.913281,1509921.113355,0.000000,9.840000,5,-15.056788
661646.913281,1509921.113355,0.000000,9.840000,5,-15.056788
661646.913281,1509921.113355,0.000000,9.840000,5,-15.056788
661646.913281,1509921.113355,0.000000,9.840000,5,-15.056788
661646.913281,1509921.113355,0.000000,9.840000,5,-15.056788
661646.913281,1509921.113355,0.000000,9.840000,5,-15.056788
661646.913281,1509921.113355,0.000000,9.840000,5,-15.056788
661646.913281,1509921.113355,0.000000,9.840000,5,-15.056788
661646.913281,1509921.113355,0.000000,9.840000,5,-15.056788
661646.913281,1509921.113355,0.000000,9.840000,5,-15.056788
661646.913281,1509921.113355,0.000000,9.840000,5,-15.056788
661646.913281,1509921.113355,0.000000,9.840000,5,-15.056788
661646.913281,1509921.113355,0.000000,9.840000,5,-15.056788
661646.913281,1509921.113355,0.000000,9.840000,5,-15.056788
661646.913281,1509921.113355,0.000000,9.840000,5,-15.056788
661646.913281,1509921.113355,0.000000,9.840000,5,-15.056788
661646.913281,1509921.113355,0.000000,9.840000,5,-15.056788
661646.913281,1509921.113355,0.000000,9.840000,5,-15.056788
661646.913281,1509921.113355,0.000000,9.840000,5,-15.056788
661646.913281,1509921.113355,0.000000,9.840000,5,-15.056788
661646.913281,1509921.113355,0.000000,9.840000,5,-15.056788
661646.913281,1509921.113355,0.000000,9.840000,5,-15.056788
661646.913281,1509921.113355,0.000000,9.840000,5,-15.056788
661646.913281,1509921.113355,0.000000,9.840000,5,-15.056788
661646.913281,1509921.113355,0.000000,9.840000,5,-15.056788
661646.913281,1509921.113355,0.000000,9.840000,5,-15.056788
661646.913281,1509921.113355,0.000000,9.840000,5,-15.056788
661646.913281,1509921.113355,0.000000,9.840000,5,-15.056788
661646.913281,1509921.113355,0.000000,9.840000,5,-15.056788
661646.913281,1509921.113355,0.000000,9.840000,5,-15.056788
661646.913281,1509921.113355,0.000000,9.840000,5,-15.056788
661646.913281,1509921.113355,0.000000,9.840000,5,-15.056788
661646.913281,1509921.113355,0.000000,9.840000,5,-15.056788
661646.913281,1509921.113355,0.000000,9.840000,5,-15.056788
661646.913281,1509921.113355,0.000000,9.840000,5,-15.056788
661646.913281,1509921.113355,0.000000,9.840000,5,-15.056788
661646.913281,1509921.113355,0.000000,9.840000,5,-15.056788
661646.913281,1509921.113355,0.000000,9.840000,5,-15.056788
661646.913281,1509921.113355,0.000000,9.840000,5,-15.056788
661646.913281,1509921.113355,0.000000,9.840000,5,-15.056788
661646.913281,1509921.113355,0.000000,9.840000,5,-15.056788
661646.913281,1509921.113355,0.000000,9.840000,5,-15.056788
661646.913281,1509921.113355,0.000000,9.840000,5,-15.056788
661646.913281,1509921.113355,0.000000,9.840000,5,-15.056788
661646.913281,1509921.113355,0.000000,9.840000,5,-15.056788
661646.913281,1509921.113355,0.000000,9.840000,5,-15.056788
661646.913281,1509921.113355,0.000000,9.840000,5,-15.056788
661646.913281,1509921.113355,0.000000,9.840000,5,-15.056788
661646.913281,1509921.113355,0.000000,9.840000,5,-15.056788
661646.913281,1509921.113355,0.000000,9.840000,5,-15.056788
661646.913281,1509921.113355,0.000000,9.840000,5,-15.056788
661646.913281,1509921.113355,0.000000,9.840000,5,-15.056788
661646.913281,1509921.113355,0.000000,9.840000,5,-15.056788
661646.913281,1509921.113355,0.000000,9.840000,5,-15.056788
661646.913281,1509921.113355,0.000000,9.840000,5,-15.056788
661646.913281,1509921.113355,0.000000,9.840000,5,-15.056788
661646.913281,1509921.113355,0.000000,9.840000,5,-15.056788
661646.913281,1509921.113355,0.000000,9.840000,5,-15.056788
661646.913281,1509921.113355,0.000000,9.840000,5,-15.056788
661646.913281,1509921.113355,0.000000,9.840000,5,-15.056788
661646.913281,1509921.113355,0.000000,9.840000,5,-15.056788
661646.913281,1509921.113355,0.000000,9.840000,5,-15.056788
661646.913281,1509921.113355,0.000000,9.840000,5,-15.056788
661646.913281,1509921.113355,0.000000,9.840000,5,-15.056788
661646.913281,1509921.113355,0.000000,9.840000,5,-15.056788
661646.913281,1509921.113355,0.000000,9.840000,5,-15.056788
661646.913281,1509921.113355,0.000000,9.840000,5,-15.056788
661646.913281,1509921.113355,0.000000,9.840000,5,-15.056788
661646.913281,1509921.113355,0.000000,9.840000,5,-15.056788
661646.913281,1509921.113355,0.000000,9.840000,5,-15.056788
661646.913281,1509921.113355,0.000000,9.840000,5,-15.056788
661646.913281,1509921.113355,0.000000,9.840000,5,-15.056788
661646.913281,1509921.113355,0.000000,9.840000,5,-15.056788
661646.913281,1509921.113355,0.000000,9.840000,5,-15.056788
661646.913281,1509921.113355,0.000000,9.840000,5,-15.056788
661646.913281,1509921.113355,0.000000,9.840000,5,-15.056788
661646.913281,1509921.113355,0.000000,9.840000,5,-15.056788
661646.913281,1509921.113355,0.000000,9.840000,5,-15.056788
661646.913281,1509921.113355,0.000000,9.840000,5,-15.056788
661646.913281,1509921.113355,0.000000,9.840000,5,-15.056788
661646.913281,1509921.113355,0.000000,9.840000,5,-15.056788
661646.913281,1509921.113355,0.000000,9.840000,5,-15.056788
661646.913281,1509921.113355,0.000000,9.840000,5,-15.056788
661646.913281,1509921.113355,0.000000,9.840000,5,-15.056788
661646.913281,1509921.113355,0.000000,9.840000,5,-15.056788
661646.913281,1509921.113355,0.000000,9.840000,5,-15.056788
661646.913281,1509921.113355,0.000000,9.840000,5,-15.056788
661646.913281,1509921.113355,0.000000,9.840000,5,-15.056788
661646.913281,1509921.113355,0.000000,9.840000,5,-15.056788
661646.913281,1509921.113355,0.000000,9.840000,5,-15.056788
661646.913281,1509921.113355,0.000000,9.840000,5,-15.056788
661646.913281,1509921.113355,0.000000,9.840000,5,-15.056788
661646.913281,1509921.113355,0.000000,9.840000,5,-15.056788
661646.913281,1509921.113355,0.000000,9.840000,5,-15.056788
661646.913281,1509921.113355,0.000000,9.840000,5,-15.056788
661646.913281,1509921.113355,0.000000,9.840000,5,-15.056788
661646.913281,1509921.113355,0.000000,9.840000,5,-15.056788
661646.913281,1509921.113355,0.000000,9.840000,5,-15.056788
661646.913281,1509921.113355,0.000000,9.840000,5,-15.056788
661646.913281,1509921.113355,0.000000,9.840000,5,-15.056788
661646.913281,1509921.113355,0.000000,9.840000,5,-15.056788
661646.913281,1509921.113355,0.000000,9.840000,5,-15.056788
661646.913281,1509921.113355,0.000000,9.840000,5,-15.056788
661646.913281,1509921.113355,0.000000,9.840000,5,-15.056788
661646.913281,1509921.113355,0.000000,9.840000,5,-15.056788
661646.913281,1509921.113355,0.000000,9.840000,5,-15.056788
661646.913281,1509921.113355,0.000000,9.840000,5,-15.056788
661646.913281,1509921.113355,0.000000,9.840000,5,-15.056788
661646.913281,1509921.113355,0.000000,9.840000,5,-15.056788
661646.913281,1509921.113355,0.000000,9.840000,5,-15.056788
661646.913281,1509921.113355,0.000000,9.840000,5,-15.056788
661646.913281,1509921.113355,0.000000,9.840000,5,-15.056788
661646.913281,1509921.113355,0.000000,9.840000,5,-15.056788
661646.913281,1509921.113355,0.000000,9.840000,5,-15.056788
661646.913281,1509921.113355,0.000000,9.840000,5,-15.056788
661646.913281,1509921.113355,0.000000,9.840000,5,-15.056788
661646.913281,1509921.113355,0.000000,9.840000,5,-15.056788
661646.913281,1509921.113355,0.000000,9.840000,5,-15.056788
661646.913281,1509921.113355,0.000000,9.840000,5,-15.056788
661646.913281,1509921.113355,0.000000,9.840000,5,-15.056788
661646.913281,1509921.113355,0.000000,9.840000,5,-15.056788
661646.913281,1509921.113355,0.000000,9.840000,5,-15.056788
661646.913281,1509921.113355,0.000000,9.840000,5,-15.056788
661646.913281,1509921.113355,0.000000,9.840000,5,-15.056788
661646.913281,1509921.113355,0.000000,9.840000,5,-15.056788
661646.913281,1509921.113355,0.000000,9.840000,5,-15.056788
661646.913281,1509921.113355,0.000000,9.840000,5,-15.056788
661646.913281,1509921.113355,0.000000,9.840000,5,-15.056788
661646.913281,1509921.113355,0.000000,9.840000,5,-15.056788
661646.913281,1509921.113355,0.000000,9.840000,5,-15.056788
661646.913281,1509921.113355,0.000000,9.840000,5,-15.056788
661646.913281,1509921.113355,0.000000,9.840000,5,-15.056788
661646.913281,1509921.113355,0.000000,9.840000,5,-15.056788
661646.913281,1509921.113355,0.000000,9.840000,5,-15.056788
661646.913281,1509921.113355,0.000000,9.840000,5,-15.056788
661646.913281,1509921.113355,0.000000,9.840000,5,-15.056788
661646.913281,1509921.113355,0.000000,9.840000,5,-15.056788
661646.913281,1509921.113355,0.000000,9.840000,5,-15.056788
661646.913281,1509921.113355,0.000000,9.840000,5,-15.056788
661646.913281,1509921.113355,0.000000,9.840000,5,-15.056788
661646.913281,1509921.113355,0.000000,9.840000,5,-15.056788
661646.913281,1509921.113355,0.000000,9.840000,5,-15.056788
661646.913281,1509921.113355,0.000000,9.840000,5,-15.056788
661646.913281,1509921.113355,0.000000,9.840000,5,-15.056788
661646.913281,1509921.113355,0.000000,9.840000,5,-15.056788
661646.913281,1509921.113355,0.000000,9.840000,5,-15.056788
661646.913281,1509921.113355,0.000000,9.840000,5,-15.056788
661646.913281,1509921.113355,0.000000,9.840000,5,-15.056788
661646.913281,1509921.113355,0.000000,9.840000,5,-15.056788
661646.913281,1509921.113355,0.000000,9.840000,5,-15.056788
661646.913281,1509921.113355,0.000000,9.840000,5,-15.056788
661646.913281,1509921.113355,0.000000,9.840000,5,-15.056788
661646.913281,1509921.113355,0.000000,9.840000,5,-15.056788
661646.913281,1509921.113355,0.000000,9.840000,5,-15.056788
661646.913281,1509921.113355,0.000000,9.840000,5,-15.056788
661646.913281,1509921.113355,0.000000,9.840000,5,-15.056788
661646.913281,1509921.113355,0.000000,9.840000,5,-15.056788
661646.913281,1509921.113355,0.000000,9.840000,5,-15.056788
661646.913281,1509921.113355,0.000000,9.840000,5,-15.056788
661646.913281,1509921.113355,0.000000,9.840000,5,-15.056788
661646.913281,1509921.113355,0.000000,9.840000,5,-15.056788
661646.913281,1509921.113355,0.000000,9.840000,5,-15.056788
661646.913281,1509921.113355,0.000000,9.840000,5,-15.056788
661646.913281,1509921.113355,0.000000,9.840000,5,-15.056788
661646.913281,1509921.113355,0.000000,9.840000,5,-15.056788
661646.913281,1509921.113355,0.000000,9.840000,5,-15.056788
661646.913281,1509921.113355,0.000000,9.840000,5,-15.056788
661646.913281,1509921.113355,0.000000,9.840000,5,-15.056788
661646.913281,1509921.113355,0.000000,9.840000,5,-15.056788
661646.913281,1509921.113355,0.000000,9.840000,5,-15.056788
661646.913281,1509921.113355,0.000000,9.840000,5,-15.056788
661646.913281,1509921.113355,0.000000,9.840000,5,-15.056788
661646.913281,1509921.113355,0.000000,9.840000,5,-15.056788
661646.913281,1509921.113355,0.000000,9.840000,5,-15.056788
661646.913281,1509921.113355,0.000000,9.840000,5,-15.056788
661646.913281,1509921.113355,0.000000,9.840000,5,-15.056788
661646.913281,1509921.113355,0.000000,9.840000,5,-15.056788
661646.913281,1509921.113355,0.000000,9.840000,5,-15.056788
661646.913281,1509921.113355,0.000000,9.840000,5,-15.056788
