x,y,speed,heading,fix_quality,steering_angle
831880.138210,1644143.232090,0.000000,-169.900000,4,-1.100000
831880.138210,1644143.232090,0.000000,-169.900000,4,-2.201651
831880.138210,1644143.232090,0.000000,-169.900000,4,-3.306323
831880.138210,1644143.232090,0.000000,-169.900000,4,-4.406323
831880.138210,1644143.232090,0.000000,-169.900000,4,-5.517673
831880.138210,1644143.232090,0.000000,-169.900000,4,-6.620302
831880.138210,1644143.232090,0.000000,-169.900000,4,-7.725417
831880.138210,1644143.232090,0.000000,-169.900000,4,-8.825417
831880.138210,1644143.232090,0.000000,-169.900000,4,-9.925417
831880.138210,1644143.232090,0.000000,-169.900000,4,-11.025417
831880.138210,1644143.232090,0.000000,-169.900000,4,-12.125417
831880.138210,1644143.232090,0.000000,-169.900000,4,-13.226772
831880.138210,1644143.232090,0.000000,-169.900000,4,-14.326772
831880.138210,1644143.232090,0.000000,-169.900000,4,-15.292316
831880.138210,1644143.232090,0.000000,-169.900000,4,-16.103372
831880.138210,1644143.232090,0.000000,-169.900000,4,-16.784660
831880.138210,1644143.232090,0.000000,-169.900000,4,-17.356942
831880.138210,1644143.232090,0.000000,-169.900000,4,-17.837658
831880.138210,1644143.232090,0.000000,-169.900000,4,-18.241460
831880.138210,1644143.232090,0.000000,-169.900000,4,-18.580654
831880.138465,1644143.213633,0.000000,-169.900000,4,-18.903159
831880.138465,1644143.213633,0.000000,-169.900000,4,-19.174063
831880.138465,1644143.213633,0.000000,-169.900000,4,-19.401622
831880.138465,1644143.213633,0.000000,-169.900000,4,-19.592772
831880.138465,1644143.213633,0.000000,-169.900000,4,-19.753338
831880.138465,1644143.213633,0.000000,-169.900000,4,-19.888214
831880.138465,1644143.213633,0.000000,-169.900000,4,-20.001509
831880.138465,1644143.213633,0.000000,-169.900000,4,-20.096677
831880.138465,1644143.213633,0.000000,-169.900000,4,-20.176618
831880.138465,1644143.213633,0.000000,-169.900000,4,-20.243769
831880.138465,1644143.213633,0.000000,-169.900000,4,-20.300176
831880.138465,1644143.213633,0.000000,-169.900000,4,-20.347557
831880.138465,1644143.213633,0.000000,-169.900000,4,-20.387358
831880.138465,1644143.213633,0.000000,-169.900000,4,-20.420790
831880.138465,1644143.213633,0.000000,-169.900000,4,-20.448873
831880.138465,1644143.213633,0.000000,-169.900000,4,-20.472463
831880.138465,1644143.213633,0.000000,-169.900000,4,-20.492278
831880.138465,1644143.213633,0.000000,-169.900000,4,-20.508923
831880.138465,1644143.213633,0.000000,-169.900000,4,-20.522905
831880.138465,1644143.213633,0.000000,-169.900000,4,-20.534650
831880.138465,1644143.213633,0.000000,-169.900000,4,-20.544516
831880.138465,1644143.213633,0.000000,-169.900000,4,-20.552803
831880.138465,1644143.213633,0.000000,-169.900000,4,-20.559764
831880.138465,1644143.213633,0.000000,-169.900000,4,-20.565611
831880.138465,1644143.213633,0.000000,-169.900000,4,-20.570523
831880.138465,1644143.213633,0.000000,-169.900000,4,-20.574649
831880.138465,1644143.213633,0.000000,-169.900000,4,-20.578115
831880.138465,1644143.213633,0.000000,-169.900000,4,-20.581026
831880.138465,1644143.213633,0.000000,-169.900000,4,-20.583471
831880.138465,1644143.213633,0.000000,-169.900000,4,-20.585525
831880.138465,1644143.213633,0.000000,-169.900000,4,-20.587251
831880.138465,1644143.213633,0.000000,-169.900000,4,-20.588700
831880.138465,1644143.213633,0.000000,-169.900000,4,-20.589918
831880.138465,1644143.213633,0.000000,-169.900000,4,-20.590941
831880.138465,1644143.213633,0.000000,-169.900000,4,-20.591800
831880.138465,1644143.213633,0.000000,-169.900000,4,-20.592521
831880.138465,1644143.213633,0.000000,-169.900000,4,-20.593127
831880.138465,1644143.213633,0.000000,-169.900000,4,-20.593637
831880.138465,1644143.213633,0.000000,-169.900000,4,-20.594064
831880.138465,1644143.213633,0.000000,-169.900000,4,-20.594424
831880.138210,1644143.232090,0.000000,-169.900000,4,-20.557143
831880.138210,1644143.232090,0.000000,-169.900000,4,-20.525827
831880.138210,1644143.232090,0.000000,-169.900000,4,-20.499522
831880.138210,1644143.232090,0.000000,-169.900000,4,-20.477426
831880.138210,1644143.232090,0.000000,-169.900000,4,-20.458865
831880.138210,1644143.232090,0.000000,-169.900000,4,-20.443274
831880.138210,1644143.232090,0.000000,-169.900000,4,-20.430177
831880.138210,1644143.232090,0.000000,-169.900000,4,-20.419176
831880.138210,1644143.232090,0.000000,-169.900000,4,-20.409935
831880.138210,1644143.232090,0.000000,-169.900000,4,-20.402173
831880.138210,1644143.232090,0.000000,-169.900000,4,-20.395652
831880.138210,1644143.232090,0.000000,-169.900000,4,-20.390175
831880.138210,1644143.232090,0.000000,-169.900000,4,-20.385574
831880.138210,1644143.232090,0.000000,-169.900000,4,-20.381710
831880.138210,1644143.232090,0.000000,-169.900000,4,-20.378463
831880.138210,1644143.232090,0.000000,-169.900000,4,-20.375736
831880.138210,1644143.232090,0.000000,-169.900000,4,-20.373446
831880.138210,1644143.232090,0.000000,-169.900000,4,-20.371522
831880.138210,1644143.232090,0.000000,-169.900000,4,-20.369905
831880.138210,1644143.232090,0.000000,-169.900000,4,-20.368548
831880.138210,1644143.232090,0.000000,-169.900000,4,-20.367407
831880.138210,1644143.232090,0.000000,-169.900000,4,-20.366449
831880.138210,1644143.232090,0.000000,-169.900000,4,-20.365645
831880.138210,1644143.232090,0.000000,-169.900000,4,-20.364969
831880.138210,1644143.232090,0.000000,-169.900000,4,-20.364401
831880.138210,1644143.232090,0.000000,-169.900000,4,-20.363924
831880.138210,1644143.232090,0.000000,-169.900000,4,-20.363523
831880.138210,1644143.232090,0.000000,-169.900000,4,-20.363187
831880.138210,1644143.232090,0.000000,-169.900000,4,-20.362904
831880.138210,1644143.232090,0.000000,-169.900000,4,-20.362667
831880.138210,1644143.232090,0.000000,-169.900000,4,-20.362467
831880.138210,1644143.232090,0.000000,-169.900000,4,-20.362300
831880.138210,1644143.232090,0.000000,-169.900000,4,-20.362159
831880.138210,1644143.232090,0.000000,-169.900000,4,-20.362041
831880.138210,1644143.232090,0.000000,-169.900000,4,-20.361941
831880.138210,1644143.232090,0.000000,-169.900000,4,-20.361858
831880.138210,1644143.232090,0.000000,-169.900000,4,-20.361788
831880.138210,1644143.232090,0.000000,-169.900000,4,-20.361729
831880.138210,1644143.232090,0.000000,-169.900000,4,-20.361680
831880.138210,1644143.232090,0.000000,-169.900000,4,-20.361638
831880.138210,1644143.232090,0.000000,-169.900000,4,-20.361603
831880.138210,1644143.232090,0.000000,-169.900000,4,-20.361574
831880.138210,1644143.232090,0.000000,-169.900000,4,-20.361549
831880.138210,1644143.232090,0.000000,-169.900000,4,-20.361529
831880.138210,1644143.232090,0.000000,-169.900000,4,-20.361511
831880.138210,1644143.232090,0.000000,-169.900000,4,-20.361497
831880.138210,1644143.232090,0.000000,-169.900000,4,-20.361484
831880.138210,1644143.232090,0.000000,-169.900000,4,-20.361474
831880.138210,1644143.232090,0.000000,-169.900000,4,-20.361465
831880.138210,1644143.232090,0.000000,-169.900000,4,-20.361458
831880.138210,1644143.232090,0.000000,-169.900000,4,-20.361452
831880.138210,1644143.232090,0.000000,-169.900000,4,-20.361447
831880.138210,1644143.232090,0.000000,-169.900000,4,-20.361443
831880.138210,1644143.232090,0.000000,-169.900000,4,-20.361439
831880.138210,1644143.232090,0.000000,-169.900000,4,-20.361436
831880.138210,1644143.232090,0.000000,-169.900000,4,-20.361433
831880.138210,1644143.232090,0.000000,-169.900000,4,-20.361431
831880.138210,1644143.232090,0.000000,-169.900000,4,-20.361430
831880.138210,1644143.232090,0.000000,-169.900000,4,-20.361428
831880.138210,1644143.232090,0.000000,-169.900000,4,-20.361427
831880.138210,1644143.232090,0.000000,-169.900000,4,-20.361426
831880.138210,1644143.232090,0.000000,-169.900000,4,-20.361425
831880.138210,1644143.232090,0.000000,-169.900000,4,-20.361424
831880.138210,1644143.232090,0.000000,-169.900000,4,-20.361423
831880.138210,1644143.232090,0.000000,-169.900000,4,-20.361423
831880.138210,1644143.232090,0.000000,-169.900000,4,-20.361422
831880.138210,1644143.232090,0.000000,-169.900000,4,-20.361422
831880.138210,1644143.232090,0.000000,-169.900000,4,-20.361422
831880.138210,1644143.232090,0.000000,-169.900000,4,-20.361421
831880.138210,1644143.232090,0.000000,-169.900000,4,-20.361421
831880.138210,1644143.232090,0.000000,-169.900000,4,-20.361421
831880.138210,1644143.232090,0.000000,-169.900000,4,-20.361421
831880.138210,1644143.232090,0.000000,-169.900000,4,-20.361421
831880.138210,1644143.232090,0.000000,-169.900000,4,-20.361421
831880.138210,1644143.232090,0.000000,-169.900000,4,-20.361421
831880.138210,1644143.232090,0.000000,-169.900000,4,-20.361420
831880.138210,1644143.232090,0.000000,-169.900000,4,-20.361420
831880.138210,1644143.232090,0.000000,-169.900000,4,-20.361420
831880.138210,1644143.232090,0.000000,-169.900000,4,-20.361420
831880.138210,1644143.232090,0.000000,-169.900000,4,-20.361420
831880.138210,1644143.232090,0.340000,-167.280000,4,-20.699749
831880.138210,1644143.232090,0.340000,-167.280000,4,-20.983945
831880.138210,1644143.232090,0.340000,-167.280000,4,-21.222670
831880.138210,1644143.232090,0.340000,-167.280000,4,-21.423199
831880.138210,1644143.232090,0.340000,-167.280000,4,-21.591643
831880.138210,1644143.232090,0.340000,-167.280000,4,-21.733136
831880.138210,1644143.232090,0.340000,-167.280000,4,-21.851990
831880.138210,1644143.232090,0.340000,-167.280000,4,-21.951828
831880.138210,1644143.232090,0.340000,-167.280000,4,-22.035691
831880.138210,1644143.232090,0.340000,-167.280000,4,-22.106137
831880.138210,1644143.232090,0.340000,-167.280000,4,-22.165311
831880.138210,1644143.232090,0.340000,-167.280000,4,-22.215017
831880.138210,1644143.232090,0.340000,-167.280000,4,-22.256770
831880.138210,1644143.232090,0.340000,-167.280000,4,-22.291843
831880.138210,1644143.232090,0.340000,-167.280000,4,-22.321304
831880.138210,1644143.232090,0.340000,-167.280000,4,-22.346051
831880.138210,1644143.232090,0.340000,-167.280000,4,-22.366839
831880.138210,1644143.232090,0.340000,-167.280000,4,-22.384301
831880.138210,1644143.232090,0.340000,-167.280000,4,-22.398969
831880.138210,1644143.232090,0.340000,-167.280000,4,-22.411290
831880.084606,1644143.212890,0.120000,-179.600000,4,-21.311290
831880.084606,1644143.212890,0.120000,-179.600000,4,-20.211171
831880.084606,1644143.212890,0.120000,-179.600000,4,-19.111082
831880.084606,1644143.212890,0.120000,-179.600000,4,-18.034779
831880.084606,1644143.212890,0.120000,-179.600000,4,-17.130684
831880.084606,1644143.212890,0.120000,-179.600000,4,-16.371244
831880.084606,1644143.212890,0.120000,-179.600000,4,-15.733315
831880.084606,1644143.212890,0.120000,-179.600000,4,-15.197454
831880.084606,1644143.212890,0.120000,-179.600000,4,-14.747331
831880.084606,1644143.212890,0.120000,-179.600000,4,-14.369228
831880.084606,1644143.212890,0.120000,-179.600000,4,-14.051621
831880.084606,1644143.212890,0.120000,-179.600000,4,-13.784831
831880.084606,1644143.212890,0.120000,-179.600000,4,-13.560728
831880.084606,1644143.212890,0.120000,-179.600000,4,-13.372481
831880.084606,1644143.212890,0.120000,-179.600000,4,-13.214354
831880.084606,1644143.212890,0.120000,-179.600000,4,-13.081527
831880.084606,1644143.212890,0.120000,-179.600000,4,-12.969952
831880.084606,1644143.212890,0.120000,-179.600000,4,-12.876230
831880.084606,1644143.212890,0.120000,-179.600000,4,-12.797503
831880.084606,1644143.212890,0.120000,-179.600000,4,-12.731372
831879.780170,1644143.153304,0.000000,-179.600000,4,-11.865530
831879.780170,1644143.153304,0.000000,-179.600000,4,-11.138223
831879.780170,1644143.153304,0.000000,-179.600000,4,-10.527285
831879.780170,1644143.153304,0.000000,-179.600000,4,-10.014098
831879.780170,1644143.153304,0.000000,-179.600000,4,-9.583020
831879.780170,1644143.153304,0.000000,-179.600000,4,-9.220914
831879.780170,1644143.153304,0.000000,-179.600000,4,-8.916746
831879.780170,1644143.153304,0.000000,-179.600000,4,-8.661245
831879.780170,1644143.153304,0.000000,-179.600000,4,-8.446623
831879.780170,1644143.153304,0.000000,-179.600000,4,-8.266341
831879.780170,1644143.153304,0.000000,-179.600000,4,-8.114905
831879.780170,1644143.153304,0.000000,-179.600000,4,-7.987698
831879.780170,1644143.153304,0.000000,-179.600000,4,-7.880844
831879.780170,1644143.153304,0.000000,-179.600000,4,-7.791087
831879.780170,1644143.153304,0.000000,-179.600000,4,-7.715691
831879.780170,1644143.153304,0.000000,-179.600000,4,-7.652358
831879.780170,1644143.153304,0.000000,-179.600000,4,-7.599159
831879.780170,1644143.153304,0.000000,-179.600000,4,-7.554471
831879.780170,1644143.153304,0.000000,-179.600000,4,-7.516934
831879.780170,1644143.153304,0.000000,-179.600000,4,-7.485402
831879.744264,1644143.152808,0.000000,-179.600000,4,-7.480729
831879.744264,1644143.152808,0.000000,-179.600000,4,-7.476803
831879.744264,1644143.152808,0.000000,-179.600000,4,-7.473506
831879.744264,1644143.152808,0.000000,-179.600000,4,-7.470736
831879.744264,1644143.152808,0.000000,-179.600000,4,-7.468410
831879.744264,1644143.152808,0.000000,-179.600000,4,-7.466455
831879.744264,1644143.152808,0.000000,-179.600000,4,-7.464814
831879.744264,1644143.152808,0.000000,-179.600000,4,-7.463435
831879.744264,1644143.152808,0.000000,-179.600000,4,-7.462276
831879.744264,1644143.152808,0.000000,-179.600000,4,-7.461303
831879.744264,1644143.152808,0.000000,-179.600000,4,-7.460486
831879.744264,1644143.152808,0.000000,-179.600000,4,-7.459799
831879.744264,1644143.152808,0.000000,-179.600000,4,-7.459223
831879.744264,1644143.152808,0.000000,-179.600000,4,-7.458738
831879.744264,1644143.152808,0.000000,-179.600000,4,-7.458331
831879.744264,1644143.152808,0.000000,-179.600000,4,-7.457989
831879.744264,1644143.152808,0.000000,-179.600000,4,-7.457702
831879.744264,1644143.152808,0.000000,-179.600000,4,-7.457461
831879.744264,1644143.152808,0.000000,-179.600000,4,-7.457259
831879.744264,1644143.152808,0.000000,-179.600000,4,-7.457088
831879.744264,1644143.152808,0.000000,-179.600000,4,-7.456945
831879.744264,1644143.152808,0.000000,-179.600000,4,-7.456825
831879.744264,1644143.152808,0.000000,-179.600000,4,-7.456724
831879.744264,1644143.152808,0.000000,-179.600000,4,-7.456640
831879.744264,1644143.152808,0.000000,-179.600000,4,-7.456569
831879.744264,1644143.152808,0.000000,-179.600000,4,-7.456509
831879.744264,1644143.152808,0.000000,-179.600000,4,-7.456459
831879.744264,1644143.152808,0.000000,-179.600000,4,-7.456416
831879.744264,1644143.152808,0.000000,-179.600000,4,-7.456381
831879.744264,1644143.152808,0.000000,-179.600000,4,-7.456351
831879.744264,1644143.152808,0.000000,-179.600000,4,-7.456326
831879.744264,1644143.152808,0.000000,-179.600000,4,-7.456305
831879.744264,1644143.152808,0.000000,-179.600000,4,-7.456288
831879.744264,1644143.152808,0.000000,-179.600000,4,-7.456273
831879.744264,1644143.152808,0.000000,-179.600000,4,-7.456260
831879.744264,1644143.152808,0.000000,-179.600000,4,-7.456250
831879.744264,1644143.152808,0.000000,-179.600000,4,-7.456241
831879.744264,1644143.152808,0.000000,-179.600000,4,-7.456234
831879.744264,1644143.152808,0.000000,-179.600000,4,-7.456227
831879.744264,1644143.152808,0.000000,-179.600000,4,-7.456222
831879.744264,1644143.152808,0.000000,-179.600000,4,-7.456218
831879.744264,1644143.152808,0.000000,-179.600000,4,-7.456214
831879.744264,1644143.152808,0.000000,-179.600000,4,-7.456211
831879.744264,1644143.152808,0.000000,-179.600000,4,-7.456209
831879.744264,1644143.152808,0.000000,-179.600000,4,-7.456206
831879.744264,1644143.152808,0.000000,-179.600000,4,-7.456205
831879.744264,1644143.152808,0.000000,-179.600000,4,-7.456203
831879.744264,1644143.152808,0.000000,-179.600000,4,-7.456202
831879.744264,1644143.152808,0.000000,-179.600000,4,-7.456201
831879.744264,1644143.152808,0.000000,-179.600000,4,-7.456200
831879.744264,1644143.152808,0.000000,-179.600000,4,-7.456199
831879.744264,1644143.152808,0.000000,-179.600000,4,-7.456198
831879.744264,1644143.152808,0.000000,-179.600000,4,-7.456198
831879.744264,1644143.152808,0.000000,-179.600000,4,-7.456197
831879.744264,1644143.152808,0.000000,-179.600000,4,-7.456197
831879.744264,1644143.152808,0.000000,-179.600000,4,-7.456197
831879.744264,1644143.152808,0.000000,-179.600000,4,-7.456196
831879.744264,1644143.152808,0.000000,-179.600000,4,-7.456196
831879.744264,1644143.152808,0.000000,-179.600000,4,-7.456196
831879.744264,1644143.152808,0.000000,-179.600000,4,-7.456196
831879.744264,1644143.152808,0.000000,-179.600000,4,-7.456196
831879.744264,1644143.152808,0.000000,-179.600000,4,-7.456196
831879.744264,1644143.152808,0.000000,-179.600000,4,-7.456195
831879.744264,1644143.152808,0.000000,-179.600000,4,-7.456195
831879.744264,1644143.152808,0.000000,-179.600000,4,-7.456195
831879.744264,1644143.152808,0.000000,-179.600000,4,-7.456195
831879.744264,1644143.152808,0.000000,-179.600000,4,-7.456195
831879.744264,1644143.152808,0.000000,-179.600000,4,-7.456195
831879.744264,1644143.152808,0.000000,-179.600000,4,-7.456195
831879.744264,1644143.152808,0.000000,-179.600000,4,-7.456195
831879.744264,1644143.152808,0.000000,-179.600000,4,-7.456195
831879.744264,1644143.152808,0.000000,-179.600000,4,-7.456195
831879.744264,1644143.152808,0.000000,-179.600000,4,-7.456195
831879.744264,1644143.152808,0.000000,-179.600000,4,-7.456195
831879.744264,1644143.152808,0.000000,-179.600000,4,-7.456195
831879.744264,1644143.152808,0.000000,-179.600000,4,-7.456195
831879.744264,1644143.152808,0.000000,-179.600000,4,-7.456195
831879.744264,1644143.152808,0.000000,-179.600000,4,-7.456195
831879.744264,1644143.152808,0.000000,-179.600000,4,-7.456195
831879.744264,1644143.152808,0.000000,-179.600000,4,-7.456195
831879.726311,1644143.152560,0.000000,-179.600000,4,-7.467323
831879.726311,1644143.152560,0.000000,-179.600000,4,-7.476670
831879.726311,1644143.152560,0.000000,-179.600000,4,-7.484522
831879.726311,1644143.152560,0.000000,-179.600000,4,-7.491117
831879.726311,1644143.152560,0.000000,-179.600000,4,-7.496658
831879.726311,1644143.152560,0.000000,-179.600000,4,-7.501311
831879.726311,1644143.152560,0.000000,-179.600000,4,-7.505221
831879.726311,1644143.152560,0.000000,-179.600000,4,-7.508504
831879.726311,1644143.152560,0.000000,-179.600000,4,-7.511263
831879.726311,1644143.152560,0.000000,-179.600000,4,-7.513580
831879.726311,1644143.152560,0.000000,-179.600000,4,-7.515526
831879.726311,1644143.152560,0.000000,-179.600000,4,-7.517161
831879.726311,1644143.152560,0.000000,-179.600000,4,-7.518534
831879.726311,1644143.152560,0.000000,-179.600000,4,-7.519687
831879.726311,1644143.152560,0.000000,-179.600000,4,-7.520656
831879.726311,1644143.152560,0.000000,-179.600000,4,-7.521470
831879.726311,1644143.152560,0.000000,-179.600000,4,-7.522154
831879.726311,1644143.152560,0.000000,-179.600000,4,-7.522728
831879.726311,1644143.152560,0.000000,-179.600000,4,-7.523211
831879.726311,1644143.152560,0.000000,-179.600000,4,-7.523616
831879.726311,1644143.152560,0.000000,-179.600000,4,-7.523957
831879.726311,1644143.152560,0.000000,-179.600000,4,-7.524242
831879.726311,1644143.152560,0.000000,-179.600000,4,-7.524483
831879.726311,1644143.152560,0.000000,-179.600000,4,-7.524684
831879.726311,1644143.152560,0.000000,-179.600000,4,-7.524854
831879.726311,1644143.152560,0.000000,-179.600000,4,-7.524996
831879.726311,1644143.152560,0.000000,-179.600000,4,-7.525116
831879.726311,1644143.152560,0.000000,-179.600000,4,-7.525216
831879.726311,1644143.152560,0.000000,-179.600000,4,-7.525301
831879.726311,1644143.152560,0.000000,-179.600000,4,-7.525372
831879.726311,1644143.152560,0.000000,-179.600000,4,-7.525431
831879.726311,1644143.152560,0.000000,-179.600000,4,-7.525481
831879.726311,1644143.152560,0.000000,-179.600000,4,-7.525523
831879.726311,1644143.152560,0.000000,-179.600000,4,-7.525558
831879.726311,1644143.152560,0.000000,-179.600000,4,-7.525588
831879.726311,1644143.152560,0.000000,-179.600000,4,-7.525613
831879.726311,1644143.152560,0.000000,-179.600000,4,-7.525634
831879.726311,1644143.152560,0.000000,-179.600000,4,-7.525651
831879.726311,1644143.152560,0.000000,-179.600000,4,-7.525666
831879.726311,1644143.152560,0.000000,-179.600000,4,-7.525679
831879.726311,1644143.152560,0.000000,-179.600000,4,-7.525689
831879.726311,1644143.152560,0.000000,-179.600000,4,-7.525698
831879.726311,1644143.152560,0.000000,-179.600000,4,-7.525705
831879.726311,1644143.152560,0.000000,-179.600000,4,-7.525711
831879.726311,1644143.152560,0.000000,-179.600000,4,-7.525716
831879.726311,1644143.152560,0.000000,-179.600000,4,-7.525721
831879.726311,1644143.152560,0.000000,-179.600000,4,-7.525724
831879.726311,1644143.152560,0.000000,-179.600000,4,-7.525728
831879.726311,1644143.152560,0.000000,-179.600000,4,-7.525730
831879.726311,1644143.152560,0.000000,-179.600000,4,-7.525732
831879.726311,1644143.152560,0.000000,-179.600000,4,-7.525734
831879.726311,1644143.152560,0.000000,-179.600000,4,-7.525736
831879.726311,1644143.152560,0.000000,-179.600000,4,-7.525737
831879.726311,1644143.152560,0.000000,-179.600000,4,-7.525738
831879.726311,1644143.152560,0.000000,-179.600000,4,-7.525739
831879.726311,1644143.152560,0.000000,-179.600000,4,-7.525740
831879.726311,1644143.152560,0.000000,-179.600000,4,-7.525740
831879.726311,1644143.152560,0.000000,-179.600000,4,-7.525741
831879.726311,1644143.152560,0.000000,-179.600000,4,-7.525741
831879.726311,1644143.152560,0.000000,-179.600000,4,-7.525742
831879.726311,1644143.152560,0.000000,-179.600000,4,-7.525742
831879.726311,1644143.152560,0.000000,-179.600000,4,-7.525742
831879.726311,1644143.152560,0.000000,-179.600000,4,-7.525742
831879.726311,1644143.152560,0.000000,-179.600000,4,-7.525743
831879.726311,1644143.152560,0.000000,-179.600000,4,-7.525743
831879.726311,1644143.152560,0.000000,-179.600000,4,-7.525743
831879.726311,1644143.152560,0.000000,-179.600000,4,-7.525743
831879.726311,1644143.152560,0.000000,-179.600000,4,-7.525743
831879.726311,1644143.152560,0.000000,-179.600000,4,-7.525743
831879.726311,1644143.152560,0.000000,-179.600000,4,-7.525743
831879.726311,1644143.152560,0.000000,-179.600000,4,-7.525743
831879.726311,1644143.152560,0.000000,-179.600000,4,-7.525743
831879.726311,1644143.152560,0.000000,-179.600000,4,-7.525743
831879.726311,1644143.152560,0.000000,-179.600000,4,-7.525744
831879.726311,1644143.152560,0.000000,-179.600000,4,-7.525744
831879.726311,1644143.152560,0.000000,-179.600000,4,-7.525744
831879.726311,1644143.152560,0.000000,-179.600000,4,-7.525744
831879.726311,1644143.152560,0.000000,-179.600000,4,-7.525744
831879.726311,1644143.152560,0.000000,-179.600000,4,-7.525744
831879.726311,1644143.152560,0.000000,-179.600000,4,-7.525744
831879.726311,1644143.152560,0.110000,-179.600000,4,-7.525744
831879.726311,1644143.152560,0.110000,-179.600000,4,-7.525744
831879.726311,1644143.152560,0.110000,-179.600000,4,-7.525744
831879.726311,1644143.152560,0.110000,-179.600000,4,-7.525744
831879.726311,1644143.152560,0.110000,-179.600000,4,-7.525744
831879.726311,1644143.152560,0.110000,-179.600000,4,-7.525744
831879.726311,1644143.152560,0.110000,-179.600000,4,-7.525744
831879.726311,1644143.152560,0.110000,-179.600000,4,-7.525744
831879.726311,1644143.152560,0.110000,-179.600000,4,-7.525744
831879.726311,1644143.152560,0.110000,-179.600000,4,-7.525744
831879.726311,1644143.152560,0.110000,-179.600000,4,-7.525744
831879.726311,1644143.152560,0.110000,-179.600000,4,-7.525744
831879.726311,1644143.152560,0.110000,-179.600000,4,-7.525744
831879.726311,1644143.152560,0.110000,-179.600000,4,-7.525744
831879.726311,1644143.152560,0.110000,-179.600000,4,-7.525744
831879.726311,1644143.152560,0.110000,-179.600000,4,-7.525744
831879.726311,1644143.152560,0.110000,-179.600000,4,-7.525744
831879.726311,1644143.152560,0.110000,-179.600000,4,-7.525744
831879.726311,1644143.152560,0.110000,-179.600000,4,-7.525744
831879.726311,1644143.152560,0.110000,-179.600000,4,-7.525744
831879.726311,1644143.152560,0.820000,-172.890000,4,-8.405623
831879.726311,1644143.152560,0.820000,-172.890000,4,-9.144722
831879.726311,1644143.152560,0.820000,-172.890000,4,-9.765565
831879.726311,1644143.152560,0.820000,-172.890000,4,-10.287074
831879.726311,1644143.152560,0.820000,-172.890000,4,-10.725140
831879.726311,1644143.152560,0.820000,-172.890000,4,-11.093117
831879.726311,1644143.152560,0.820000,-172.890000,4,-11.402217
831879.726311,1644143.152560,0.820000,-172.890000,4,-11.661861
831879.726311,1644143.152560,0.820000,-172.890000,4,-11.879962
831879.726311,1644143.152560,0.820000,-172.890000,4,-12.063166
831879.726311,1644143.152560,0.820000,-172.890000,4,-12.217058
831879.726311,1644143.152560,0.820000,-172.890000,4,-12.346328
831879.726311,1644143.152560,0.820000,-172.890000,4,-12.454914
831879.726311,1644143.152560,0.820000,-172.890000,4,-12.546126
831879.726311,1644143.152560,0.820000,-172.890000,4,-12.622745
831879.726311,1644143.152560,0.820000,-172.890000,4,-12.687104
831879.726311,1644143.152560,0.820000,-172.890000,4,-12.741166
831879.726311,1644143.152560,0.820000,-172.890000,4,-12.786578
831879.726311,1644143.152560,0.820000,-172.890000,4,-12.824724
831879.726311,1644143.152560,0.820000,-172.890000,4,-12.856767
831879.385714,1644143.110936,0.810000,-178.470000,4,-12.493813
831879.385714,1644143.110936,0.810000,-178.470000,4,-12.188932
831879.385714,1644143.110936,0.810000,-178.470000,4,-11.932831
831879.385714,1644143.110936,0.810000,-178.470000,4,-11.717707
831879.385714,1644143.110936,0.810000,-178.470000,4,-11.537002
831879.385714,1644143.110936,0.810000,-178.470000,4,-11.385211
831879.385714,1644143.110936,0.810000,-178.470000,4,-11.257706
831879.385714,1644143.110936,0.810000,-178.470000,4,-11.150601
831879.385714,1644143.110936,0.810000,-178.470000,4,-11.060634
831879.385714,1644143.110936,0.810000,-178.470000,4,-10.985061
831879.385714,1644143.110936,0.810000,-178.470000,4,-10.921580
831879.385714,1644143.110936,0.810000,-178.470000,4,-10.868256
831879.385714,1644143.110936,0.810000,-178.470000,4,-10.823463
831879.385714,1644143.110936,0.810000,-178.470000,4,-10.785838
831879.385714,1644143.110936,0.810000,-178.470000,4,-10.754232
831879.385714,1644143.110936,0.810000,-178.470000,4,-10.727684
831879.385714,1644143.110936,0.810000,-178.470000,4,-10.705383
831879.385714,1644143.110936,0.810000,-178.470000,4,-10.686650
831879.385714,1644143.110936,0.810000,-178.470000,4,-10.670915
831879.385714,1644143.110936,0.810000,-178.470000,4,-10.657697
831878.632453,1644143.045153,0.870000,176.720000,4,-9.557697
831878.632453,1644143.045153,0.870000,176.720000,4,-8.628804
831878.632453,1644143.045153,0.870000,176.720000,4,-7.848533
831878.632453,1644143.045153,0.870000,176.720000,4,-7.193106
831878.632453,1644143.045153,0.870000,176.720000,4,-6.642547
831878.632453,1644143.045153,0.870000,176.720000,4,-6.180078
831878.632453,1644143.045153,0.870000,176.720000,4,-5.791603
831878.632453,1644143.045153,0.870000,176.720000,4,-5.465285
831878.632453,1644143.045153,0.870000,176.720000,4,-5.191177
831878.632453,1644143.045153,0.870000,176.720000,4,-4.960927
831878.632453,1644143.045153,0.870000,176.720000,4,-4.767517
831878.632453,1644143.045153,0.870000,176.720000,4,-4.605052
831878.632453,1644143.045153,0.870000,176.720000,4,-4.468582
831878.632453,1644143.045153,0.870000,176.720000,4,-4.353947
831878.632453,1644143.045153,0.870000,176.720000,4,-4.257653
831878.632453,1644143.045153,0.870000,176.720000,4,-4.176767
831878.632453,1644143.045153,0.870000,176.720000,4,-4.108822
831878.632453,1644143.045153,0.870000,176.720000,4,-4.051749
831878.632453,1644143.045153,0.870000,176.720000,4,-4.003807
831878.632453,1644143.045153,0.870000,176.720000,4,-3.963536
831877.824824,1644143.015541,0.900000,172.800000,4,-3.023507
831877.824824,1644143.015541,0.900000,172.800000,4,-2.233883
831877.824824,1644143.015541,0.900000,172.800000,4,-1.570599
831877.824824,1644143.015541,0.900000,172.800000,4,-1.013440
831877.824824,1644143.015541,0.900000,172.800000,4,-0.545427
831877.824824,1644143.015541,0.900000,172.800000,4,-0.152296
831877.824824,1644143.015541,0.900000,172.800000,4,0.177934
831877.824824,1644143.015541,0.900000,172.800000,4,0.455328
831877.824824,1644143.015541,0.900000,172.800000,4,0.688338
831877.824824,1644143.015541,0.900000,172.800000,4,0.884067
831877.824824,1644143.015541,0.900000,172.800000,4,1.048479
831877.824824,1644143.015541,0.900000,172.800000,4,1.186585
831877.824824,1644143.015541,0.900000,172.800000,4,1.302595
831877.824824,1644143.015541,0.900000,172.800000,4,1.400042
831877.824824,1644143.015541,0.900000,172.800000,4,1.481898
831877.824824,1644143.015541,0.900000,172.800000,4,1.550658
831877.824824,1644143.015541,0.900000,172.800000,4,1.608415
831877.824824,1644143.015541,0.900000,172.800000,4,1.656932
831877.824824,1644143.015541,0.900000,172.800000,4,1.697685
831877.824824,1644143.015541,0.900000,172.800000,4,1.731919
831876.998477,1644143.041052,0.920000,174.360000,4,1.941702
831876.998477,1644143.041052,0.920000,174.360000,4,2.117920
831876.998477,1644143.041052,0.920000,174.360000,4,2.265943
831876.998477,1644143.041052,0.920000,174.360000,4,2.390282
831876.998477,1644143.041052,0.920000,174.360000,4,2.494727
831876.998477,1644143.041052,0.920000,174.360000,4,2.582461
831876.998477,1644143.041052,0.920000,174.360000,4,2.656157
831876.998477,1644143.041052,0.920000,174.360000,4,2.718062
831876.998477,1644143.041052,0.920000,174.360000,4,2.770062
831876.998477,1644143.041052,0.920000,174.360000,4,2.813742
831876.998477,1644143.041052,0.920000,174.360000,4,2.850434
831876.998477,1644143.041052,0.920000,174.360000,4,2.881254
831876.998477,1644143.041052,0.920000,174.360000,4,2.907144
831876.998477,1644143.041052,0.920000,174.360000,4,2.928891
831876.998477,1644143.041052,0.920000,174.360000,4,2.947158
831876.998477,1644143.041052,0.920000,174.360000,4,2.962503
831876.998477,1644143.041052,0.920000,174.360000,4,2.975393
831876.998477,1644143.041052,0.920000,174.360000,4,2.986220
831876.998477,1644143.041052,0.920000,174.360000,4,2.995315
831876.998477,1644143.041052,0.920000,174.360000,4,3.002955
831876.135714,1644143.102982,0.960000,172.470000,4,3.641580
831876.135714,1644143.102982,0.960000,172.470000,4,4.178025
831876.135714,1644143.102982,0.960000,172.470000,4,4.628638
831876.135714,1644143.102982,0.960000,172.470000,4,5.007154
831876.135714,1644143.102982,0.960000,172.470000,4,5.325107
831876.135714,1644143.102982,0.960000,172.470000,4,5.592188
831876.135714,1644143.102982,0.960000,172.470000,4,5.816535
831876.135714,1644143.102982,0.960000,172.470000,4,6.004987
831876.135714,1644143.102982,0.960000,172.470000,4,6.163287
831876.135714,1644143.102982,0.960000,172.470000,4,6.296259
831876.135714,1644143.102982,0.960000,172.470000,4,6.407955
831876.135714,1644143.102982,0.960000,172.470000,4,6.501780
831876.135714,1644143.102982,0.960000,172.470000,4,6.580593
831876.135714,1644143.102982,0.960000,172.470000,4,6.646796
831876.135714,1644143.102982,0.960000,172.470000,4,6.702406
831876.135714,1644143.102982,0.960000,172.470000,4,6.749119
831876.135714,1644143.102982,0.960000,172.470000,4,6.788358
831876.135714,1644143.102982,0.960000,172.470000,4,6.821318
831876.135714,1644143.102982,0.960000,172.470000,4,6.849005
831876.135714,1644143.102982,0.960000,172.470000,4,6.872262
831875.254489,1644143.201579,1.000000,174.430000,4,7.035861
831875.254489,1644143.201579,1.000000,174.430000,4,7.173285
831875.254489,1644143.201579,1.000000,174.430000,4,7.288721
831875.254489,1644143.201579,1.000000,174.430000,4,7.385687
831875.254489,1644143.201579,1.000000,174.430000,4,7.467139
831875.254489,1644143.201579,1.000000,174.430000,4,7.535558
831875.254489,1644143.201579,1.000000,174.430000,4,7.593030
831875.254489,1644143.201579,1.000000,174.430000,4,7.641307
831875.254489,1644143.201579,1.000000,174.430000,4,7.681859
831875.254489,1644143.201579,1.000000,174.430000,4,7.715923
831875.254489,1644143.201579,1.000000,174.430000,4,7.744537
831875.254489,1644143.201579,1.000000,174.430000,4,7.768572
831875.254489,1644143.201579,1.000000,174.430000,4,7.788762
831875.254489,1644143.201579,1.000000,174.430000,4,7.805722
831875.254489,1644143.201579,1.000000,174.430000,4,7.819968
831875.254489,1644143.201579,1.000000,174.430000,4,7.831934
831875.254489,1644143.201579,1.000000,174.430000,4,7.841986
831875.254489,1644143.201579,1.000000,174.430000,4,7.850430
831875.254489,1644143.201579,1.000000,174.430000,4,7.857523
831875.254489,1644143.201579,1.000000,174.430000,4,7.863481
831874.248389,1644143.315300,1.030000,175.950000,5,8.102703
831874.248389,1644143.315300,1.030000,175.950000,5,8.303651
831874.248389,1644143.315300,1.030000,175.950000,5,8.472446
831874.248389,1644143.315300,1.030000,175.950000,5,8.614235
831874.248389,1644143.315300,1.030000,175.950000,5,8.733337
831874.248389,1644143.315300,1.030000,175.950000,5,8.833383
831874.248389,1644143.315300,1.030000,175.950000,5,8.917421
831874.248389,1644143.315300,1.030000,175.950000,5,8.988013
831874.248389,1644143.315300,1.030000,175.950000,5,9.047311
831874.248389,1644143.315300,1.030000,175.950000,5,9.097121
831874.248389,1644143.315300,1.030000,175.950000,5,9.138961
831874.248389,1644143.315300,1.030000,175.950000,5,9.174107
831874.248389,1644143.315300,1.030000,175.950000,5,9.203630
831874.248389,1644143.315300,1.030000,175.950000,5,9.228429
831874.248389,1644143.315300,1.030000,175.950000,5,9.249260
831874.248389,1644143.315300,1.030000,175.950000,5,9.266758
831874.248389,1644143.315300,1.030000,175.950000,5,9.281457
831874.248389,1644143.315300,1.030000,175.950000,5,9.293803
831874.248389,1644143.315300,1.030000,175.950000,5,9.304174
831874.248389,1644143.315300,1.030000,175.950000,5,9.312886
831873.459346,1644143.341211,0.790000,-179.660000,5,9.333083
831873.459346,1644143.341211,0.790000,-179.660000,5,9.350049
831873.459346,1644143.341211,0.790000,-179.660000,5,9.364300
831873.459346,1644143.341211,0.790000,-179.660000,5,9.376271
831873.459346,1644143.341211,0.790000,-179.660000,5,9.386326
831873.459346,1644143.341211,0.790000,-179.660000,5,9.394773
831873.459346,1644143.341211,0.790000,-179.660000,5,9.401868
831873.459346,1644143.341211,0.790000,-179.660000,5,9.407828
831873.459346,1644143.341211,0.790000,-179.660000,5,9.412835
831873.459346,1644143.341211,0.790000,-179.660000,5,9.417040
831873.459346,1644143.341211,0.790000,-179.660000,5,9.420572
831873.459346,1644143.341211,0.790000,-179.660000,5,9.423540
831873.459346,1644143.341211,0.790000,-179.660000,5,9.426032
831873.459346,1644143.341211,0.790000,-179.660000,5,9.428126
831873.459346,1644143.341211,0.790000,-179.660000,5,9.429885
831873.459346,1644143.341211,0.790000,-179.660000,5,9.431362
831873.459346,1644143.341211,0.790000,-179.660000,5,9.432603
831873.459346,1644143.341211,0.790000,-179.660000,5,9.433645
831873.459346,1644143.341211,0.790000,-179.660000,5,9.434521
831873.459346,1644143.341211,0.790000,-179.660000,5,9.435256
831872.704698,1644143.418833,0.760000,176.290000,5,9.986738
831872.704698,1644143.418833,0.760000,176.290000,5,10.539670
831872.704698,1644143.418833,0.760000,176.290000,5,11.089670
831872.704698,1644143.418833,0.760000,176.290000,5,11.577302
831872.704698,1644143.418833,0.760000,176.290000,5,11.986912
831872.704698,1644143.418833,0.760000,176.290000,5,12.330985
831872.704698,1644143.418833,0.760000,176.290000,5,12.620007
831872.704698,1644143.418833,0.760000,176.290000,5,12.862785
831872.704698,1644143.418833,0.760000,176.290000,5,13.066718
831872.704698,1644143.418833,0.760000,176.290000,5,13.238022
831872.704698,1644143.418833,0.760000,176.290000,5,13.381918
831872.704698,1644143.418833,0.760000,176.290000,5,13.502790
831872.704698,1644143.418833,0.760000,176.290000,5,13.604323
831872.704698,1644143.418833,0.760000,176.290000,5,13.689610
831872.704698,1644143.418833,0.760000,176.290000,5,13.761251
831872.704698,1644143.418833,0.760000,176.290000,5,13.821430
831872.704698,1644143.418833,0.760000,176.290000,5,13.871980
831872.704698,1644143.418833,0.760000,176.290000,5,13.914443
831872.704698,1644143.418833,0.760000,176.290000,5,13.950111
831872.704698,1644143.418833,0.760000,176.290000,5,13.980072
831871.946177,1644143.413001,0.760000,-176.320000,5,13.415044
831871.946177,1644143.413001,0.760000,-176.320000,5,12.865044
831871.946177,1644143.413001,0.760000,-176.320000,5,12.315044
831871.946177,1644143.413001,0.760000,-176.320000,5,11.758173
831871.946177,1644143.413001,0.760000,-176.320000,5,11.205011
831871.946177,1644143.413001,0.760000,-176.320000,5,10.729593
831871.946177,1644143.413001,0.760000,-176.320000,5,10.330243
831871.946177,1644143.413001,0.760000,-176.320000,5,9.994788
831871.946177,1644143.413001,0.760000,-176.320000,5,9.713006
831871.946177,1644143.413001,0.760000,-176.320000,5,9.476309
831871.946177,1644143.413001,0.760000,-176.320000,5,9.277483
831871.946177,1644143.413001,0.760000,-176.320000,5,9.110470
831871.946177,1644143.413001,0.760000,-176.320000,5,8.970179
831871.946177,1644143.413001,0.760000,-176.320000,5,8.852334
831871.946177,1644143.413001,0.760000,-176.320000,5,8.753345
831871.946177,1644143.413001,0.760000,-176.320000,5,8.670194
831871.946177,1644143.413001,0.760000,-176.320000,5,8.600347
831871.946177,1644143.413001,0.760000,-176.320000,5,8.541675
831871.946177,1644143.413001,0.760000,-176.320000,5,8.492391
831871.946177,1644143.413001,0.760000,-176.320000,5,8.450993
831871.168605,1644143.367693,0.770000,-174.680000,5,8.844233
831871.168605,1644143.367693,0.770000,-174.680000,5,9.174555
831871.168605,1644143.367693,0.770000,-174.680000,5,9.452025
831871.168605,1644143.367693,0.770000,-174.680000,5,9.685100
831871.168605,1644143.367693,0.770000,-174.680000,5,9.880883
831871.168605,1644143.367693,0.770000,-174.680000,5,10.045340
831871.168605,1644143.367693,0.770000,-174.680000,5,10.183485
831871.168605,1644143.367693,0.770000,-174.680000,5,10.299526
831871.168605,1644143.367693,0.770000,-174.680000,5,10.397001
831871.168605,1644143.367693,0.770000,-174.680000,5,10.478880
831871.168605,1644143.367693,0.770000,-174.680000,5,10.547658
831871.168605,1644143.367693,0.770000,-174.680000,5,10.605432
831871.168605,1644143.367693,0.770000,-174.680000,5,10.653962
831871.168605,1644143.367693,0.770000,-174.680000,5,10.694727
831871.168605,1644143.367693,0.770000,-174.680000,5,10.728969
831871.168605,1644143.367693,0.770000,-174.680000,5,10.757733
831871.168605,1644143.367693,0.770000,-174.680000,5,10.781895
831871.168605,1644143.367693,0.770000,-174.680000,5,10.802191
831871.168605,1644143.367693,0.770000,-174.680000,5,10.819239
831871.168605,1644143.367693,0.770000,-174.680000,5,10.833560
831870.386795,1644143.303487,0.790000,-172.730000,5,10.431890
831870.386795,1644143.303487,0.790000,-172.730000,5,10.094488
831870.386795,1644143.303487,0.790000,-172.730000,5,9.811069
831870.386795,1644143.303487,0.790000,-172.730000,5,9.572998
831870.386795,1644143.303487,0.790000,-172.730000,5,9.373018
831870.386795,1644143.303487,0.790000,-172.730000,5,9.205035
831870.386795,1644143.303487,0.790000,-172.730000,5,9.063930
831870.386795,1644143.303487,0.790000,-172.730000,5,8.945401
831870.386795,1644143.303487,0.790000,-172.730000,5,8.845836
831870.386795,1644143.303487,0.790000,-172.730000,5,8.762203
831870.386795,1644143.303487,0.790000,-172.730000,5,8.691950
831870.386795,1644143.303487,0.790000,-172.730000,5,8.632938
831870.386795,1644143.303487,0.790000,-172.730000,5,8.583368
831870.386795,1644143.303487,0.790000,-172.730000,5,8.541729
831870.386795,1644143.303487,0.790000,-172.730000,5,8.506752
831870.386795,1644143.303487,0.790000,-172.730000,5,8.477372
831870.386795,1644143.303487,0.790000,-172.730000,5,8.452692
831870.386795,1644143.303487,0.790000,-172.730000,5,8.431961
831870.386795,1644143.303487,0.790000,-172.730000,5,8.414547
831870.386795,1644143.303487,0.790000,-172.730000,5,8.399920
831869.591674,1644143.176693,0.810000,-168.900000,5,7.844929
831869.591674,1644143.176693,0.810000,-168.900000,5,7.294929
831869.591674,1644143.176693,0.810000,-168.900000,5,6.744929
831869.591674,1644143.176693,0.810000,-168.900000,5,6.239610
831869.591674,1644143.176693,0.810000,-168.900000,5,5.815142
831869.591674,1644143.176693,0.810000,-168.900000,5,5.458589
831869.591674,1644143.176693,0.810000,-168.900000,5,5.159084
831869.591674,1644143.176693,0.810000,-168.900000,5,4.907500
831869.591674,1644143.176693,0.810000,-168.900000,5,4.696169
831869.591674,1644143.176693,0.810000,-168.900000,5,4.518652
831869.591674,1644143.176693,0.810000,-168.900000,5,4.369537
831869.591674,1644143.176693,0.810000,-168.900000,5,4.244280
831869.591674,1644143.176693,0.810000,-168.900000,5,4.139065
831869.591674,1644143.176693,0.810000,-168.900000,5,4.050684
831869.591674,1644143.176693,0.810000,-168.900000,5,3.976444
831869.591674,1644143.176693,0.810000,-168.900000,5,3.914082
831869.591674,1644143.176693,0.810000,-168.900000,5,3.861699
831869.591674,1644143.176693,0.810000,-168.900000,5,3.817696
831869.591674,1644143.176693,0.810000,-168.900000,5,3.780734
831869.591674,1644143.176693,0.810000,-168.900000,5,3.749686
831868.783010,1644143.016965,0.820000,-167.900000,5,3.386178
831868.783010,1644143.016965,0.820000,-167.900000,5,3.080831
831868.783010,1644143.016965,0.820000,-167.900000,5,2.824340
831868.783010,1644143.016965,0.820000,-167.900000,5,2.608887
831868.783010,1644143.016965,0.820000,-167.900000,5,2.427907
831868.783010,1644143.016965,0.820000,-167.900000,5,2.275883
831868.783010,1644143.016965,0.820000,-167.900000,5,2.148183
831868.783010,1644143.016965,0.820000,-167.900000,5,2.040916
831868.783010,1644143.016965,0.820000,-167.900000,5,1.950811
831868.783010,1644143.016965,0.820000,-167.900000,5,1.875123
831868.783010,1644143.016965,0.820000,-167.900000,5,1.811545
831868.783010,1644143.016965,0.820000,-167.900000,5,1.758139
831868.783010,1644143.016965,0.820000,-167.900000,5,1.713278
831868.783010,1644143.016965,0.820000,-167.900000,5,1.675595
831868.783010,1644143.016965,0.820000,-167.900000,5,1.643942
831868.783010,1644143.016965,0.820000,-167.900000,5,1.617353
831868.783010,1644143.016965,0.820000,-167.900000,5,1.595018
831868.783010,1644143.016965,0.820000,-167.900000,5,1.576257
831868.783010,1644143.016965,0.820000,-167.900000,5,1.560497
831868.783010,1644143.016965,0.820000,-167.900000,5,1.547259
831867.980458,1644142.841843,0.820000,-167.310000,5,1.264655
831867.980458,1644142.841843,0.820000,-167.310000,5,1.027268
831867.980458,1644142.841843,0.820000,-167.310000,5,0.827863
831867.980458,1644142.841843,0.820000,-167.310000,5,0.660363
831867.980458,1644142.841843,0.820000,-167.310000,5,0.519663
831867.980458,1644142.841843,0.820000,-167.310000,5,0.401474
831867.980458,1644142.841843,0.820000,-167.310000,5,0.302196
831867.980458,1644142.841843,0.820000,-167.310000,5,0.218803
831867.980458,1644142.841843,0.820000,-167.310000,5,0.148752
831867.980458,1644142.841843,0.820000,-167.310000,5,0.089910
831867.980458,1644142.841843,0.820000,-167.310000,5,0.040482
831867.980458,1644142.841843,0.820000,-167.310000,5,-0.001037
831867.980458,1644142.841843,0.820000,-167.310000,5,-0.035914
831867.980458,1644142.841843,0.820000,-167.310000,5,-0.065210
831867.980458,1644142.841843,0.820000,-167.310000,5,-0.089818
831867.980458,1644142.841843,0.820000,-167.310000,5,-0.110490
831867.980458,1644142.841843,0.820000,-167.310000,5,-0.127853
831867.980458,1644142.841843,0.820000,-167.310000,5,-0.142439
831867.980458,1644142.841843,0.820000,-167.310000,5,-0.154691
831867.980458,1644142.841843,0.820000,-167.310000,5,-0.164983
831867.169684,1644142.646577,0.840000,-166.500000,5,-0.482033
831867.169684,1644142.646577,0.840000,-166.500000,5,-0.748356
831867.169684,1644142.646577,0.840000,-166.500000,5,-0.972067
831867.169684,1644142.646577,0.840000,-166.500000,5,-1.159984
831867.169684,1644142.646577,0.840000,-166.500000,5,-1.317835
831867.169684,1644142.646577,0.840000,-166.500000,5,-1.450429
831867.169684,1644142.646577,0.840000,-166.500000,5,-1.561808
831867.169684,1644142.646577,0.840000,-166.500000,5,-1.655367
831867.169684,1644142.646577,0.840000,-166.500000,5,-1.733956
831867.169684,1644142.646577,0.840000,-166.500000,5,-1.799971
831867.169684,1644142.646577,0.840000,-166.500000,5,-1.855424
831867.169684,1644142.646577,0.840000,-166.500000,5,-1.902004
831867.169684,1644142.646577,0.840000,-166.500000,5,-1.941131
831867.169684,1644142.646577,0.840000,-166.500000,5,-1.973998
831867.169684,1644142.646577,0.840000,-166.500000,5,-2.001606
831867.169684,1644142.646577,0.840000,-166.500000,5,-2.024797
831867.169684,1644142.646577,0.840000,-166.500000,5,-2.044278
831867.169684,1644142.646577,0.840000,-166.500000,5,-2.060641
831867.169684,1644142.646577,0.840000,-166.500000,5,-2.074387
831867.169684,1644142.646577,0.840000,-166.500000,5,-2.085933
831866.351413,1644142.406012,0.850000,-164.150000,5,-2.638593
831866.351413,1644142.406012,0.850000,-164.150000,5,-3.189540
831866.351413,1644142.406012,0.850000,-164.150000,5,-3.706174
831866.351413,1644142.406012,0.850000,-164.150000,5,-4.140146
831866.351413,1644142.406012,0.850000,-164.150000,5,-4.504682
831866.351413,1644142.406012,0.850000,-164.150000,5,-4.810893
831866.351413,1644142.406012,0.850000,-164.150000,5,-5.068110
831866.351413,1644142.406012,0.850000,-164.150000,5,-5.284172
831866.351413,1644142.406012,0.850000,-164.150000,5,-5.465664
831866.351413,1644142.406012,0.850000,-164.150000,5,-5.618118
831866.351413,1644142.406012,0.850000,-164.150000,5,-5.746179
831866.351413,1644142.406012,0.850000,-164.150000,5,-5.853750
831866.351413,1644142.406012,0.850000,-164.150000,5,-5.944110
831866.351413,1644142.406012,0.850000,-164.150000,5,-6.020012
831866.351413,1644142.406012,0.850000,-164.150000,5,-6.083770
831866.351413,1644142.406012,0.850000,-164.150000,5,-6.137327
831866.351413,1644142.406012,0.850000,-164.150000,5,-6.182314
831866.351413,1644142.406012,0.850000,-164.150000,5,-6.220104
831866.351413,1644142.406012,0.850000,-164.150000,5,-6.251847
831866.351413,1644142.406012,0.850000,-164.150000,5,-6.278511
831865.510471,1644142.196408,0.870000,-167.640000,5,-6.052488
831865.510471,1644142.196408,0.870000,-167.640000,5,-5.862628
831865.510471,1644142.196408,0.870000,-167.640000,5,-5.703146
831865.510471,1644142.196408,0.870000,-167.640000,5,-5.569181
831865.510471,1644142.196408,0.870000,-167.640000,5,-5.456650
831865.510471,1644142.196408,0.870000,-167.640000,5,-5.362124
831865.510471,1644142.196408,0.870000,-167.640000,5,-5.282722
831865.510471,1644142.196408,0.870000,-167.640000,5,-5.216025
831865.510471,1644142.196408,0.870000,-167.640000,5,-5.159999
831865.510471,1644142.196408,0.870000,-167.640000,5,-5.112938
831865.510471,1644142.196408,0.870000,-167.640000,5,-5.073406
831865.510471,1644142.196408,0.870000,-167.640000,5,-5.040199
831865.510471,1644142.196408,0.870000,-167.640000,5,-5.012305
831865.510471,1644142.196408,0.870000,-167.640000,5,-4.988875
831865.510471,1644142.196408,0.870000,-167.640000,5,-4.969193
831865.510471,1644142.196408,0.870000,-167.640000,5,-4.952660
831865.510471,1644142.196408,0.870000,-167.640000,5,-4.938773
831865.510471,1644142.196408,0.870000,-167.640000,5,-4.927107
831865.510471,1644142.196408,0.870000,-167.640000,5,-4.917308
831865.510471,1644142.196408,0.870000,-167.640000,5,-4.909077
831864.657215,1644142.031007,0.870000,-170.310000,5,-4.705585
831864.657215,1644142.031007,0.870000,-170.310000,5,-4.534652
831864.657215,1644142.031007,0.870000,-170.310000,5,-4.391068
831864.657215,1644142.031007,0.870000,-170.310000,5,-4.270458
831864.657215,1644142.031007,0.870000,-170.310000,5,-4.169145
831864.657215,1644142.031007,0.870000,-170.310000,5,-4.084042
831864.657215,1644142.031007,0.870000,-170.310000,5,-4.012556
831864.657215,1644142.031007,0.870000,-170.310000,5,-3.952507
831864.657215,1644142.031007,0.870000,-170.310000,5,-3.902066
831864.657215,1644142.031007,0.870000,-170.310000,5,-3.859696
831864.657215,1644142.031007,0.870000,-170.310000,5,-3.824105
831864.657215,1644142.031007,0.870000,-170.310000,5,-3.794209
831864.657215,1644142.031007,0.870000,-170.310000,5,-3.769096
831864.657215,1644142.031007,0.870000,-170.310000,5,-3.748001
831864.657215,1644142.031007,0.870000,-170.310000,5,-3.730281
831864.657215,1644142.031007,0.870000,-170.310000,5,-3.715396
831864.657215,1644142.031007,0.870000,-170.310000,5,-3.702893
831864.657215,1644142.031007,0.870000,-170.310000,5,-3.692391
831864.657215,1644142.031007,0.870000,-170.310000,5,-3.683569
831864.657215,1644142.031007,0.870000,-170.310000,5,-3.676158
831863.790942,1644141.867768,0.880000,-170.300000,5,-3.854383
831863.790942,1644141.867768,0.880000,-170.300000,5,-4.004092
831863.790942,1644141.867768,0.880000,-170.300000,5,-4.129847
831863.790942,1644141.867768,0.880000,-170.300000,5,-4.235482
831863.790942,1644141.867768,0.880000,-170.300000,5,-4.324215
831863.790942,1644141.867768,0.880000,-170.300000,5,-4.398751
831863.790942,1644141.867768,0.880000,-170.300000,5,-4.461361
831863.790942,1644141.867768,0.880000,-170.300000,5,-4.513953
831863.790942,1644141.867768,0.880000,-170.300000,5,-4.558131
831863.790942,1644141.867768,0.880000,-170.300000,5,-4.595240
831863.790942,1644141.867768,0.880000,-170.300000,5,-4.626412
831863.790942,1644141.867768,0.880000,-170.300000,5,-4.652596
831863.790942,1644141.867768,0.880000,-170.300000,5,-4.674591
831863.790942,1644141.867768,0.880000,-170.300000,5,-4.693067
831863.790942,1644141.867768,0.880000,-170.300000,5,-4.708586
831863.790942,1644141.867768,0.880000,-170.300000,5,-4.721623
831863.790942,1644141.867768,0.880000,-170.300000,5,-4.732573
831863.790942,1644141.867768,0.880000,-170.300000,5,-4.741772
831863.790942,1644141.867768,0.880000,-170.300000,5,-4.749498
831863.790942,1644141.867768,0.880000,-170.300000,5,-4.755989
831862.929047,1644141.725596,0.870000,-171.880000,5,-4.679756
831862.929047,1644141.725596,0.870000,-171.880000,5,-4.615721
831862.929047,1644141.725596,0.870000,-171.880000,5,-4.561931
831862.929047,1644141.725596,0.870000,-171.880000,5,-4.516747
831862.929047,1644141.725596,0.870000,-171.880000,5,-4.478793
831862.929047,1644141.725596,0.870000,-171.880000,5,-4.446912
831862.929047,1644141.725596,0.870000,-171.880000,5,-4.420132
831862.929047,1644141.725596,0.870000,-171.880000,5,-4.397636
831862.929047,1644141.725596,0.870000,-171.880000,5,-4.378740
831862.929047,1644141.725596,0.870000,-171.880000,5,-4.362867
831862.929047,1644141.725596,0.870000,-171.880000,5,-4.349534
831862.929047,1644141.725596,0.870000,-171.880000,5,-4.338334
831862.929047,1644141.725596,0.870000,-171.880000,5,-4.328926
831862.929047,1644141.725596,0.870000,-171.880000,5,-4.321023
831862.929047,1644141.725596,0.870000,-171.880000,5,-4.314385
831862.929047,1644141.725596,0.870000,-171.880000,5,-4.308809
831862.929047,1644141.725596,0.870000,-171.880000,5,-4.304125
831862.929047,1644141.725596,0.870000,-171.880000,5,-4.300191
831862.929047,1644141.725596,0.870000,-171.880000,5,-4.296886
831862.929047,1644141.725596,0.870000,-171.880000,5,-4.294109
831862.058341,1644141.606293,0.880000,-173.330000,5,-4.179194
831862.058341,1644141.606293,0.880000,-173.330000,5,-4.082665
831862.058341,1644141.606293,0.880000,-173.330000,5,-4.001581
831862.058341,1644141.606293,0.880000,-173.330000,5,-3.933471
831862.058341,1644141.606293,0.880000,-173.330000,5,-3.876258
831862.058341,1644141.606293,0.880000,-173.330000,5,-3.828199
831862.058341,1644141.606293,0.880000,-173.330000,5,-3.787829
831862.058341,1644141.606293,0.880000,-173.330000,5,-3.753919
831862.058341,1644141.606293,0.880000,-173.330000,5,-3.725434
831862.058341,1644141.606293,0.880000,-173.330000,5,-3.701507
831862.058341,1644141.606293,0.880000,-173.330000,5,-3.681408
831862.058341,1644141.606293,0.880000,-173.330000,5,-3.664525
831862.058341,1644141.606293,0.880000,-173.330000,5,-3.650344
831862.058341,1644141.606293,0.880000,-173.330000,5,-3.638431
831862.058341,1644141.606293,0.880000,-173.330000,5,-3.628424
831862.058341,1644141.606293,0.880000,-173.330000,5,-3.620019
831862.058341,1644141.606293,0.880000,-173.330000,5,-3.612958
831862.058341,1644141.606293,0.880000,-173.330000,5,-3.607027
831862.058341,1644141.606293,0.880000,-173.330000,5,-3.602045
831862.058341,1644141.606293,0.880000,-173.330000,5,-3.597860
831861.174940,1644141.501587,0.890000,-174.200000,5,-3.541365
831861.174940,1644141.501587,0.890000,-174.200000,5,-3.493908
831861.174940,1644141.501587,0.890000,-174.200000,5,-3.454045
831861.174940,1644141.501587,0.890000,-174.200000,5,-3.420560
831861.174940,1644141.501587,0.890000,-174.200000,5,-3.392432
831861.174940,1644141.501587,0.890000,-174.200000,5,-3.368805
831861.174940,1644141.501587,0.890000,-174.200000,5,-3.348958
831861.174940,1644141.501587,0.890000,-174.200000,5,-3.332287
831861.174940,1644141.501587,0.890000,-174.200000,5,-3.318283
831861.174940,1644141.501587,0.890000,-174.200000,5,-3.306520
831861.174940,1644141.501587,0.890000,-174.200000,5,-3.296639
831861.174940,1644141.501587,0.890000,-174.200000,5,-3.288339
831861.174940,1644141.501587,0.890000,-174.200000,5,-3.281366
831861.174940,1644141.501587,0.890000,-174.200000,5,-3.275510
831861.174940,1644141.501587,0.890000,-174.200000,5,-3.270590
831861.174940,1644141.501587,0.890000,-174.200000,5,-3.266458
831861.174940,1644141.501587,0.890000,-174.200000,5,-3.262987
831861.174940,1644141.501587,0.890000,-174.200000,5,-3.260071
831861.174940,1644141.501587,0.890000,-174.200000,5,-3.257622
831861.174940,1644141.501587,0.890000,-174.200000,5,-3.255564
831860.286507,1644141.411949,0.890000,-175.110000,5,-3.203993
831860.286507,1644141.411949,0.890000,-175.110000,5,-3.160673
831860.286507,1644141.411949,0.890000,-175.110000,5,-3.124284
831860.286507,1644141.411949,0.890000,-175.110000,5,-3.093718
831860.286507,1644141.411949,0.890000,-175.110000,5,-3.068042
831860.286507,1644141.411949,0.890000,-175.110000,5,-3.046474
831860.286507,1644141.411949,0.890000,-175.110000,5,-3.028357
831860.286507,1644141.411949,0.890000,-175.110000,5,-3.013139
831860.286507,1644141.411949,0.890000,-175.110000,5,-3.000356
831860.286507,1644141.411949,0.890000,-175.110000,5,-2.989618
831860.286507,1644141.411949,0.890000,-175.110000,5,-2.980598
831860.286507,1644141.411949,0.890000,-175.110000,5,-2.973022
831860.286507,1644141.411949,0.890000,-175.110000,5,-2.966657
831860.286507,1644141.411949,0.890000,-175.110000,5,-2.961311
831860.286507,1644141.411949,0.890000,-175.110000,5,-2.956820
831860.286507,1644141.411949,0.890000,-175.110000,5,-2.953048
831860.286507,1644141.411949,0.890000,-175.110000,5,-2.949879
831860.286507,1644141.411949,0.890000,-175.110000,5,-2.947218
831860.286507,1644141.411949,0.890000,-175.110000,5,-2.944982
831860.286507,1644141.411949,0.890000,-175.110000,5,-2.943104
831859.399649,1644141.365265,0.890000,-177.770000,5,-2.609048
831859.399649,1644141.365265,0.890000,-177.770000,5,-2.328441
831859.399649,1644141.365265,0.890000,-177.770000,5,-2.092732
831859.399649,1644141.365265,0.890000,-177.770000,5,-1.894736
831859.399649,1644141.365265,0.890000,-177.770000,5,-1.728419
831859.399649,1644141.365265,0.890000,-177.770000,5,-1.588713
831859.399649,1644141.365265,0.890000,-177.770000,5,-1.471360
831859.399649,1644141.365265,0.890000,-177.770000,5,-1.372783
831859.399649,1644141.365265,0.890000,-177.770000,5,-1.289979
831859.399649,1644141.365265,0.890000,-177.770000,5,-1.220423
831859.399649,1644141.365265,0.890000,-177.770000,5,-1.161996
831859.399649,1644141.365265,0.890000,-177.770000,5,-1.112918
831859.399649,1644141.365265,0.890000,-177.770000,5,-1.071692
831859.399649,1644141.365265,0.890000,-177.770000,5,-1.037062
831859.399649,1644141.365265,0.890000,-177.770000,5,-1.007973
831859.399649,1644141.365265,0.890000,-177.770000,5,-0.983538
831859.399649,1644141.365265,0.890000,-177.770000,5,-0.963013
831859.399649,1644141.365265,0.890000,-177.770000,5,-0.945772
831859.399649,1644141.365265,0.890000,-177.770000,5,-0.931289
831859.399649,1644141.365265,0.890000,-177.770000,5,-0.919124
831858.498543,1644141.327526,0.900000,-177.850000,5,-0.984863
831858.498543,1644141.327526,0.900000,-177.850000,5,-1.040085
831858.498543,1644141.327526,0.900000,-177.850000,5,-1.086470
831858.498543,1644141.327526,0.900000,-177.850000,5,-1.125434
831858.498543,1644141.327526,0.900000,-177.850000,5,-1.158164
831858.498543,1644141.327526,0.900000,-177.850000,5,-1.185657
831858.498543,1644141.327526,0.900000,-177.850000,5,-1.208751
831858.498543,1644141.327526,0.900000,-177.850000,5,-1.228150
831858.498543,1644141.327526,0.900000,-177.850000,5,-1.244445
831858.498543,1644141.327526,0.900000,-177.850000,5,-1.258133
831858.498543,1644141.327526,0.900000,-177.850000,5,-1.269631
831858.498543,1644141.327526,0.900000,-177.850000,5,-1.279289
831858.498543,1644141.327526,0.900000,-177.850000,5,-1.287402
831858.498543,1644141.327526,0.900000,-177.850000,5,-1.294217
831858.498543,1644141.327526,0.900000,-177.850000,5,-1.299942
831858.498543,1644141.327526,0.900000,-177.850000,5,-1.304750
831858.498543,1644141.327526,0.900000,-177.850000,5,-1.308789
831858.498543,1644141.327526,0.900000,-177.850000,5,-1.312182
831858.498543,1644141.327526,0.900000,-177.850000,5,-1.315032
831858.498543,1644141.327526,0.900000,-177.850000,5,-1.317426
831857.592789,1644141.330888,0.910000,179.430000,5,-0.838577
831857.592789,1644141.330888,0.910000,179.430000,5,-0.436344
831857.592789,1644141.330888,0.910000,179.430000,5,-0.098468
831857.592789,1644141.330888,0.910000,179.430000,5,0.185348
831857.592789,1644141.330888,0.910000,179.430000,5,0.423753
831857.592789,1644141.330888,0.910000,179.430000,5,0.624014
831857.592789,1644141.330888,0.910000,179.430000,5,0.792233
831857.592789,1644141.330888,0.910000,179.430000,5,0.933537
831857.592789,1644141.330888,0.910000,179.430000,5,1.052232
831857.592789,1644141.330888,0.910000,179.430000,5,1.151936
831857.592789,1644141.330888,0.910000,179.430000,5,1.235687
831857.592789,1644141.330888,0.910000,179.430000,5,1.306038
831857.592789,1644141.330888,0.910000,179.430000,5,1.365133
831857.592789,1644141.330888,0.910000,179.430000,5,1.414773
831857.592789,1644141.330888,0.910000,179.430000,5,1.456470
831857.592789,1644141.330888,0.910000,179.430000,5,1.491496
831857.592789,1644141.330888,0.910000,179.430000,5,1.520918
831857.592789,1644141.330888,0.910000,179.430000,5,1.545632
831857.592789,1644141.330888,0.910000,179.430000,5,1.566392
831857.592789,1644141.330888,0.910000,179.430000,5,1.583830
831856.683341,1644141.302491,0.910000,-177.780000,5,1.164796
831856.683341,1644141.302491,0.910000,-177.780000,5,0.812808
831856.683341,1644141.302491,0.910000,-177.780000,5,0.517137
831856.683341,1644141.302491,0.910000,-177.780000,5,0.268774
831856.683341,1644141.302491,0.910000,-177.780000,5,0.060149
831856.683341,1644141.302491,0.910000,-177.780000,5,-0.115096
831856.683341,1644141.302491,0.910000,-177.780000,5,-0.262301
831856.683341,1644141.302491,0.910000,-177.780000,5,-0.385954
831856.683341,1644141.302491,0.910000,-177.780000,5,-0.489823
831856.683341,1644141.302491,0.910000,-177.780000,5,-0.577072
831856.683341,1644141.302491,0.910000,-177.780000,5,-0.650362
831856.683341,1644141.302491,0.910000,-177.780000,5,-0.711925
831856.683341,1644141.302491,0.910000,-177.780000,5,-0.763638
831856.683341,1644141.302491,0.910000,-177.780000,5,-0.807077
831856.683341,1644141.302491,0.910000,-177.780000,5,-0.843566
831856.683341,1644141.302491,0.910000,-177.780000,5,-0.874216
831856.683341,1644141.302491,0.910000,-177.780000,5,-0.899963
831856.683341,1644141.302491,0.910000,-177.780000,5,-0.921590
831856.683341,1644141.302491,0.910000,-177.780000,5,-0.939756
831856.683341,1644141.302491,0.910000,-177.780000,5,-0.955016
831855.753035,1644141.301257,0.940000,179.810000,5,-0.587826
831855.753035,1644141.301257,0.940000,179.810000,5,-0.279386
831855.753035,1644141.301257,0.940000,179.810000,5,-0.020297
831855.753035,1644141.301257,0.940000,179.810000,5,0.197338
831855.753035,1644141.301257,0.940000,179.810000,5,0.380152
831855.753035,1644141.301257,0.940000,179.810000,5,0.533715
831855.753035,1644141.301257,0.940000,179.810000,5,0.662709
831855.753035,1644141.301257,0.940000,179.810000,5,0.771063
831855.753035,1644141.301257,0.940000,179.810000,5,0.862081
831855.753035,1644141.301257,0.940000,179.810000,5,0.938535
831855.753035,1644141.301257,0.940000,179.810000,5,1.002757
831855.753035,1644141.301257,0.940000,179.810000,5,1.056704
831855.753035,1644141.301257,0.940000,179.810000,5,1.102019
831855.753035,1644141.301257,0.940000,179.810000,5,1.140084
831855.753035,1644141.301257,0.940000,179.810000,5,1.172058
831855.753035,1644141.301257,0.940000,179.810000,5,1.198916
831855.753035,1644141.301257,0.940000,179.810000,5,1.221478
831855.753035,1644141.301257,0.940000,179.810000,5,1.240429
831855.753035,1644141.301257,0.940000,179.810000,5,1.256348
831855.753035,1644141.301257,0.940000,179.810000,5,1.269720
831854.808898,1644141.347588,0.930000,177.550000,5,1.672255
831854.808898,1644141.347588,0.930000,177.550000,5,2.010385
831854.808898,1644141.347588,0.930000,177.550000,5,2.294414
831854.808898,1644141.347588,0.930000,177.550000,5,2.532998
831854.808898,1644141.347588,0.930000,177.550000,5,2.733409
831854.808898,1644141.347588,0.930000,177.550000,5,2.901754
831854.808898,1644141.347588,0.930000,177.550000,5,3.043164
831854.808898,1644141.347588,0.930000,177.550000,5,3.161948
831854.808898,1644141.347588,0.930000,177.550000,5,3.261727
831854.808898,1644141.347588,0.930000,177.550000,5,3.345541
831854.808898,1644141.347588,0.930000,177.550000,5,3.415945
831854.808898,1644141.347588,0.930000,177.550000,5,3.475084
831854.808898,1644141.347588,0.930000,177.550000,5,3.524761
831854.808898,1644141.347588,0.930000,177.550000,5,3.566490
831854.808898,1644141.347588,0.930000,177.550000,5,3.601542
831854.808898,1644141.347588,0.930000,177.550000,5,3.630986
831854.808898,1644141.347588,0.930000,177.550000,5,3.655719
831854.808898,1644141.347588,0.930000,177.550000,5,3.676494
831854.808898,1644141.347588,0.930000,177.550000,5,3.693946
831854.808898,1644141.347588,0.930000,177.550000,5,3.708605
831853.868372,1644141.342595,0.940000,-178.650000,5,3.158605
831853.868372,1644141.342595,0.940000,-178.650000,5,2.660774
831853.868372,1644141.342595,0.940000,-178.650000,5,2.242596
831853.868372,1644141.342595,0.940000,-178.650000,5,1.891326
831853.868372,1644141.342595,0.940000,-178.650000,5,1.596260
831853.868372,1644141.342595,0.940000,-178.650000,5,1.348404
831853.868372,1644141.342595,0.940000,-178.650000,5,1.140205
831853.868372,1644141.342595,0.940000,-178.650000,5,0.965318
831853.868372,1644141.342595,0.940000,-178.650000,5,0.818413
831853.868372,1644141.342595,0.940000,-178.650000,5,0.695013
831853.868372,1644141.342595,0.940000,-178.650000,5,0.591356
831853.868372,1644141.342595,0.940000,-178.650000,5,0.504285
831853.868372,1644141.342595,0.940000,-178.650000,5,0.431145
831853.868372,1644141.342595,0.940000,-178.650000,5,0.369708
831853.868372,1644141.342595,0.940000,-178.650000,5,0.318100
831853.868372,1644141.342595,0.940000,-178.650000,5,0.274750
831853.868372,1644141.342595,0.940000,-178.650000,5,0.238336
831853.868372,1644141.342595,0.940000,-178.650000,5,0.207748
831853.868372,1644141.342595,0.940000,-178.650000,5,0.182054
831853.868372,1644141.342595,0.940000,-178.650000,5,0.160471
831852.933789,1644141.347242,0.940000,179.760000,5,0.288898
831852.933789,1644141.347242,0.940000,179.760000,5,0.396776
831852.933789,1644141.347242,0.940000,179.760000,5,0.487394
831852.933789,1644141.347242,0.940000,179.760000,5,0.563513
831852.933789,1644141.347242,0.940000,179.760000,5,0.627453
831852.933789,1644141.347242,0.940000,179.760000,5,0.681162
831852.933789,1644141.347242,0.940000,179.760000,5,0.726278
831852.933789,1644141.347242,0.940000,179.760000,5,0.764176
831852.933789,1644141.347242,0.940000,179.760000,5,0.796010
831852.933789,1644141.347242,0.940000,179.760000,5,0.822750
831852.933789,1644141.347242,0.940000,179.760000,5,0.845212
831852.933789,1644141.347242,0.940000,179.760000,5,0.864080
831852.933789,1644141.347242,0.940000,179.760000,5,0.879929
831852.933789,1644141.347242,0.940000,179.760000,5,0.893243
831852.933789,1644141.347242,0.940000,179.760000,5,0.904426
831852.933789,1644141.347242,0.940000,179.760000,5,0.913820
831852.933789,1644141.347242,0.940000,179.760000,5,0.921711
831852.933789,1644141.347242,0.940000,179.760000,5,0.928339
831852.933789,1644141.347242,0.940000,179.760000,5,0.933907
831852.933789,1644141.347242,0.940000,179.760000,5,0.938584
831851.984253,1644141.302582,0.950000,-177.040000,5,0.388584
831851.984253,1644141.302582,0.950000,-177.040000,5,-0.130227
831851.984253,1644141.302582,0.950000,-177.040000,5,-0.566028
831851.984253,1644141.302582,0.950000,-177.040000,5,-0.932100
831851.984253,1644141.302582,0.950000,-177.040000,5,-1.239601
831851.984253,1644141.302582,0.950000,-177.040000,5,-1.497902
831851.984253,1644141.302582,0.950000,-177.040000,5,-1.714875
831851.984253,1644141.302582,0.950000,-177.040000,5,-1.897132
831851.984253,1644141.302582,0.950000,-177.040000,5,-2.050228
831851.984253,1644141.302582,0.950000,-177.040000,5,-2.178828
831851.984253,1644141.302582,0.950000,-177.040000,5,-2.286853
831851.984253,1644141.302582,0.950000,-177.040000,5,-2.377593
831851.984253,1644141.302582,0.950000,-177.040000,5,-2.453815
831851.984253,1644141.302582,0.950000,-177.040000,5,-2.517842
831851.984253,1644141.302582,0.950000,-177.040000,5,-2.571624
831851.984253,1644141.302582,0.950000,-177.040000,5,-2.616801
831851.984253,1644141.302582,0.950000,-177.040000,5,-2.654750
831851.984253,1644141.302582,0.950000,-177.040000,5,-2.686627
831851.984253,1644141.302582,0.950000,-177.040000,5,-2.713404
831851.984253,1644141.302582,0.950000,-177.040000,5,-2.735896
831851.038285,1644141.278047,0.940000,-179.290000,5,-2.581673
831851.038285,1644141.278047,0.940000,-179.290000,5,-2.452126
831851.038285,1644141.278047,0.940000,-179.290000,5,-2.343306
831851.038285,1644141.278047,0.940000,-179.290000,5,-2.251898
831851.038285,1644141.278047,0.940000,-179.290000,5,-2.175115
831851.038285,1644141.278047,0.940000,-179.290000,5,-2.110617
831851.038285,1644141.278047,0.940000,-179.290000,5,-2.056439
831851.038285,1644141.278047,0.940000,-179.290000,5,-2.010929
831851.038285,1644141.278047,0.940000,-179.290000,5,-1.972701
831851.038285,1644141.278047,0.940000,-179.290000,5,-1.940589
831851.038285,1644141.278047,0.940000,-179.290000,5,-1.913615
831851.038285,1644141.278047,0.940000,-179.290000,5,-1.890957
831851.038285,1644141.278047,0.940000,-179.290000,5,-1.871925
831851.038285,1644141.278047,0.940000,-179.290000,5,-1.855937
831851.038285,1644141.278047,0.940000,-179.290000,5,-1.842508
831851.038285,1644141.278047,0.940000,-179.290000,5,-1.831227
831851.038285,1644141.278047,0.940000,-179.290000,5,-1.821751
831851.038285,1644141.278047,0.940000,-179.290000,5,-1.813791
831851.038285,1644141.278047,0.940000,-179.290000,5,-1.807105
831851.038285,1644141.278047,0.940000,-179.290000,5,-1.801489
831850.091072,1644141.244615,0.950000,-178.490000,5,-2.054928
831850.091072,1644141.244615,0.950000,-178.490000,5,-2.267818
831850.091072,1644141.244615,0.950000,-178.490000,5,-2.446644
831850.091072,1644141.244615,0.950000,-178.490000,5,-2.596859
831850.091072,1644141.244615,0.950000,-178.490000,5,-2.723039
831850.091072,1644141.244615,0.950000,-178.490000,5,-2.829031
831850.091072,1644141.244615,0.950000,-178.490000,5,-2.918064
831850.091072,1644141.244615,0.950000,-178.490000,5,-2.992851
831850.091072,1644141.244615,0.950000,-178.490000,5,-3.055673
831850.091072,1644141.244615,0.950000,-178.490000,5,-3.108443
831850.091072,1644141.244615,0.950000,-178.490000,5,-3.152770
831850.091072,1644141.244615,0.950000,-178.490000,5,-3.190004
831850.091072,1644141.244615,0.950000,-178.490000,5,-3.221281
831850.091072,1644141.244615,0.950000,-178.490000,5,-3.247554
831850.091072,1644141.244615,0.950000,-178.490000,5,-3.269623
831850.091072,1644141.244615,0.950000,-178.490000,5,-3.288161
831850.091072,1644141.244615,0.950000,-178.490000,5,-3.303733
831850.091072,1644141.244615,0.950000,-178.490000,5,-3.316813
831850.091072,1644141.244615,0.950000,-178.490000,5,-3.327801
831850.091072,1644141.244615,0.950000,-178.490000,5,-3.337030
831849.131395,1644141.215792,0.960000,-179.240000,5,-3.400779
831849.131395,1644141.215792,0.960000,-179.240000,5,-3.454327
831849.131395,1644141.215792,0.960000,-179.240000,5,-3.499308
831849.131395,1644141.215792,0.960000,-179.240000,5,-3.537092
831849.131395,1644141.215792,0.960000,-179.240000,5,-3.568831
831849.131395,1644141.215792,0.960000,-179.240000,5,-3.595491
831849.131395,1644141.215792,0.960000,-179.240000,5,-3.617886
831849.131395,1644141.215792,0.960000,-179.240000,5,-3.636697
831849.131395,1644141.215792,0.960000,-179.240000,5,-3.652499
831849.131395,1644141.215792,0.960000,-179.240000,5,-3.665772
831849.131395,1644141.215792,0.960000,-179.240000,5,-3.676922
831849.131395,1644141.215792,0.960000,-179.240000,5,-3.686288
831849.131395,1644141.215792,0.960000,-179.240000,5,-3.694155
831849.131395,1644141.215792,0.960000,-179.240000,5,-3.700763
831849.131395,1644141.215792,0.960000,-179.240000,5,-3.706314
831849.131395,1644141.215792,0.960000,-179.240000,5,-3.710977
831849.131395,1644141.215792,0.960000,-179.240000,5,-3.714894
831849.131395,1644141.215792,0.960000,-179.240000,5,-3.718184
831849.131395,1644141.215792,0.960000,-179.240000,5,-3.720948
831849.131395,1644141.215792,0.960000,-179.240000,5,-3.723270
831848.176356,1644141.208188,0.960000,179.390000,5,-3.688251
831848.176356,1644141.208188,0.960000,179.390000,5,-3.658836
831848.176356,1644141.208188,0.960000,179.390000,5,-3.634127
831848.176356,1644141.208188,0.960000,179.390000,5,-3.613372
831848.176356,1644141.208188,0.960000,179.390000,5,-3.595937
831848.176356,1644141.208188,0.960000,179.390000,5,-3.581292
831848.176356,1644141.208188,0.960000,179.390000,5,-3.568991
831848.176356,1644141.208188,0.960000,179.390000,5,-3.558657
831848.176356,1644141.208188,0.960000,179.390000,5,-3.549977
831848.176356,1644141.208188,0.960000,179.390000,5,-3.542686
831848.176356,1644141.208188,0.960000,179.390000,5,-3.536561
831848.176356,1644141.208188,0.960000,179.390000,5,-3.531416
831848.176356,1644141.208188,0.960000,179.390000,5,-3.527095
831848.176356,1644141.208188,0.960000,179.390000,5,-3.523464
831848.176356,1644141.208188,0.960000,179.390000,5,-3.520415
831848.176356,1644141.208188,0.960000,179.390000,5,-3.517854
831848.176356,1644141.208188,0.960000,179.390000,5,-3.515702
831848.176356,1644141.208188,0.960000,179.390000,5,-3.513895
831848.176356,1644141.208188,0.960000,179.390000,5,-3.512377
831848.176356,1644141.208188,0.960000,179.390000,5,-3.511101
831847.242510,1644141.282077,0.940000,174.490000,5,-2.961101
831847.242510,1644141.282077,0.940000,174.490000,5,-2.458569
831847.242510,1644141.282077,0.940000,174.490000,5,-2.036442
831847.242510,1644141.282077,0.940000,174.490000,5,-1.681855
831847.242510,1644141.282077,0.940000,174.490000,5,-1.384002
831847.242510,1644141.282077,0.940000,174.490000,5,-1.133805
831847.242510,1644141.282077,0.940000,174.490000,5,-0.923640
831847.242510,1644141.282077,0.940000,174.490000,5,-0.747101
831847.242510,1644141.282077,0.940000,174.490000,5,-0.598809
831847.242510,1644141.282077,0.940000,174.490000,5,-0.474243
831847.242510,1644141.282077,0.940000,174.490000,5,-0.369608
831847.242510,1644141.282077,0.940000,174.490000,5,-0.281714
831847.242510,1644141.282077,0.940000,174.490000,5,-0.207884
831847.242510,1644141.282077,0.940000,174.490000,5,-0.145866
831847.242510,1644141.282077,0.940000,174.490000,5,-0.093771
831847.242510,1644141.282077,0.940000,174.490000,5,-0.050012
831847.242510,1644141.282077,0.940000,174.490000,5,-0.013253
831847.242510,1644141.282077,0.940000,174.490000,5,0.017623
831847.242510,1644141.282077,0.940000,174.490000,5,0.043560
831847.242510,1644141.282077,0.940000,174.490000,5,0.065347
831846.271594,1644141.360179,0.970000,175.420000,5,-0.121189
831846.271594,1644141.360179,0.970000,175.420000,5,-0.277880
831846.271594,1644141.360179,0.970000,175.420000,5,-0.409500
831846.271594,1644141.360179,0.970000,175.420000,5,-0.520060
831846.271594,1644141.360179,0.970000,175.420000,5,-0.612931
831846.271594,1644141.360179,0.970000,175.420000,5,-0.690943
831846.271594,1644141.360179,0.970000,175.420000,5,-0.756473
831846.271594,1644141.360179,0.970000,175.420000,5,-0.811518
831846.271594,1644141.360179,0.970000,175.420000,5,-0.857755
831846.271594,1644141.360179,0.970000,175.420000,5,-0.896595
831846.271594,1644141.360179,0.970000,175.420000,5,-0.929221
831846.271594,1644141.360179,0.970000,175.420000,5,-0.956626
831846.271594,1644141.360179,0.970000,175.420000,5,-0.979646
831846.271594,1644141.360179,0.970000,175.420000,5,-0.998984
831846.271594,1644141.360179,0.970000,175.420000,5,-1.015227
831846.271594,1644141.360179,0.970000,175.420000,5,-1.028871
831846.271594,1644141.360179,0.970000,175.420000,5,-1.040332
831846.271594,1644141.360179,0.970000,175.420000,5,-1.049960
831846.271594,1644141.360179,0.970000,175.420000,5,-1.058047
831846.271594,1644141.360179,0.970000,175.420000,5,-1.064840
831845.305196,1644141.455112,0.970000,174.080000,5,-0.989934
831845.305196,1644141.455112,0.970000,174.080000,5,-0.927012
831845.305196,1644141.455112,0.970000,174.080000,5,-0.874158
831845.305196,1644141.455112,0.970000,174.080000,5,-0.829761
831845.305196,1644141.455112,0.970000,174.080000,5,-0.792467
831845.305196,1644141.455112,0.970000,174.080000,5,-0.761140
831845.305196,1644141.455112,0.970000,174.080000,5,-0.734826
831845.305196,1644141.455112,0.970000,174.080000,5,-0.712721
831845.305196,1644141.455112,0.970000,174.080000,5,-0.694154
831845.305196,1644141.455112,0.970000,174.080000,5,-0.678557
831845.305196,1644141.455112,0.970000,174.080000,5,-0.665456
831845.305196,1644141.455112,0.970000,174.080000,5,-0.654451
831845.305196,1644141.455112,0.970000,174.080000,5,-0.645207
831845.305196,1644141.455112,0.970000,174.080000,5,-0.637442
831845.305196,1644141.455112,0.970000,174.080000,5,-0.630919
831845.305196,1644141.455112,0.970000,174.080000,5,-0.625440
831845.305196,1644141.455112,0.970000,174.080000,5,-0.620837
831845.305196,1644141.455112,0.970000,174.080000,5,-0.616971
831845.305196,1644141.455112,0.970000,174.080000,5,-0.613724
831845.305196,1644141.455112,0.970000,174.080000,5,-0.610996
831844.356341,1644141.498303,0.950000,177.220000,5,-1.160996
831844.356341,1644141.498303,0.950000,177.220000,5,-1.655970
831844.356341,1644141.498303,0.950000,177.220000,5,-2.071749
831844.356341,1644141.498303,0.950000,177.220000,5,-2.421003
831844.356341,1644141.498303,0.950000,177.220000,5,-2.714377
831844.356341,1644141.498303,0.950000,177.220000,5,-2.960810
831844.356341,1644141.498303,0.950000,177.220000,5,-3.167815
831844.356341,1644141.498303,0.950000,177.220000,5,-3.341698
831844.356341,1644141.498303,0.950000,177.220000,5,-3.487760
831844.356341,1644141.498303,0.950000,177.220000,5,-3.610453
831844.356341,1644141.498303,0.950000,177.220000,5,-3.713514
831844.356341,1644141.498303,0.950000,177.220000,5,-3.800086
831844.356341,1644141.498303,0.950000,177.220000,5,-3.872806
831844.356341,1644141.498303,0.950000,177.220000,5,-3.933891
831844.356341,1644141.498303,0.950000,177.220000,5,-3.985202
831844.356341,1644141.498303,0.950000,177.220000,5,-4.028304
831844.356341,1644141.498303,0.950000,177.220000,5,-4.064509
831844.356341,1644141.498303,0.950000,177.220000,5,-4.094922
831844.356341,1644141.498303,0.950000,177.220000,5,-4.120468
831844.356341,1644141.498303,0.950000,177.220000,5,-4.141927
831843.374998,1644141.514759,0.980000,177.820000,5,-4.466517
831843.374998,1644141.514759,0.980000,177.820000,5,-4.739172
831843.374998,1644141.514759,0.980000,177.820000,5,-4.968203
831843.374998,1644141.514759,0.980000,177.820000,5,-5.160589
831843.374998,1644141.514759,0.980000,177.820000,5,-5.322193
831843.374998,1644141.514759,0.980000,177.820000,5,-5.457940
831843.374998,1644141.514759,0.980000,177.820000,5,-5.571968
831843.374998,1644141.514759,0.980000,177.820000,5,-5.667751
831843.374998,1644141.514759,0.980000,177.820000,5,-5.748209
831843.374998,1644141.514759,0.980000,177.820000,5,-5.815794
831843.374998,1644141.514759,0.980000,177.820000,5,-5.872565
831843.374998,1644141.514759,0.980000,177.820000,5,-5.920252
831843.374998,1644141.514759,0.980000,177.820000,5,-5.960310
831843.374998,1644141.514759,0.980000,177.820000,5,-5.993959
831843.374998,1644141.514759,0.980000,177.820000,5,-6.022223
831843.374998,1644141.514759,0.980000,177.820000,5,-6.045966
831843.374998,1644141.514759,0.980000,177.820000,5,-6.065909
831843.374998,1644141.514759,0.980000,177.820000,5,-6.082662
831843.374998,1644141.514759,0.980000,177.820000,5,-6.096734
831843.374998,1644141.514759,0.980000,177.820000,5,-6.108555
831842.408940,1644141.557356,0.970000,175.700000,5,-6.038953
831842.408940,1644141.557356,0.970000,175.700000,5,-5.980487
831842.408940,1644141.557356,0.970000,175.700000,5,-5.931376
831842.408940,1644141.557356,0.970000,175.700000,5,-5.890122
831842.408940,1644141.557356,0.970000,175.700000,5,-5.855469
831842.408940,1644141.557356,0.970000,175.700000,5,-5.826361
831842.408940,1644141.557356,0.970000,175.700000,5,-5.801910
831842.408940,1644141.557356,0.970000,175.700000,5,-5.781371
831842.408940,1644141.557356,0.970000,175.700000,5,-5.764118
831842.408940,1644141.557356,0.970000,175.700000,5,-5.749626
831842.408940,1644141.557356,0.970000,175.700000,5,-5.737452
831842.408940,1644141.557356,0.970000,175.700000,5,-5.727227
831842.408940,1644141.557356,0.970000,175.700000,5,-5.718637
831842.408940,1644141.557356,0.970000,175.700000,5,-5.711422
831842.408940,1644141.557356,0.970000,175.700000,5,-5.705361
831842.408940,1644141.557356,0.970000,175.700000,5,-5.700270
831842.408940,1644141.557356,0.970000,175.700000,5,-5.695993
831842.408940,1644141.557356,0.970000,175.700000,5,-5.692401
831842.408940,1644141.557356,0.970000,175.700000,5,-5.689383
831842.408940,1644141.557356,0.970000,175.700000,5,-5.686849
831841.456720,1644141.664218,0.960000,171.960000,5,-5.306103
831841.456720,1644141.664218,0.960000,171.960000,5,-4.986277
831841.456720,1644141.664218,0.960000,171.960000,5,-4.717623
831841.456720,1644141.664218,0.960000,171.960000,5,-4.491954
831841.456720,1644141.664218,0.960000,171.960000,5,-4.302392
831841.456720,1644141.664218,0.960000,171.960000,5,-4.143160
831841.456720,1644141.664218,0.960000,171.960000,5,-4.009405
831841.456720,1644141.664218,0.960000,171.960000,5,-3.897050
831841.456720,1644141.664218,0.960000,171.960000,5,-3.802673
831841.456720,1644141.664218,0.960000,171.960000,5,-3.723396
831841.456720,1644141.664218,0.960000,171.960000,5,-3.656803
831841.456720,1644141.664218,0.960000,171.960000,5,-3.600865
831841.456720,1644141.664218,0.960000,171.960000,5,-3.553877
831841.456720,1644141.664218,0.960000,171.960000,5,-3.514407
831841.456720,1644141.664218,0.960000,171.960000,5,-3.481252
831841.456720,1644141.664218,0.960000,171.960000,5,-3.453403
831841.456720,1644141.664218,0.960000,171.960000,5,-3.430009
831841.456720,1644141.664218,0.960000,171.960000,5,-3.410358
831841.456720,1644141.664218,0.960000,171.960000,5,-3.393851
831841.456720,1644141.664218,0.960000,171.960000,5,-3.379985
831842.257816,1644141.379903,0.960000,172.280000,4,-3.432620
831842.257816,1644141.379903,0.960000,172.280000,4,-3.476834
831842.257816,1644141.379903,0.960000,172.280000,4,-3.513973
831842.257816,1644141.379903,0.960000,172.280000,4,-3.545170
831842.257816,1644141.379903,0.960000,172.280000,4,-3.571376
831842.257816,1644141.379903,0.960000,172.280000,4,-3.593388
831842.257816,1644141.379903,0.960000,172.280000,4,-3.611879
831842.257816,1644141.379903,0.960000,172.280000,4,-3.627411
831842.257816,1644141.379903,0.960000,172.280000,4,-3.640458
831842.257816,1644141.379903,0.960000,172.280000,4,-3.651417
831842.257816,1644141.379903,0.960000,172.280000,4,-3.660623
831842.257816,1644141.379903,0.960000,172.280000,4,-3.668356
831842.257816,1644141.379903,0.960000,172.280000,4,-3.674852
831842.257816,1644141.379903,0.960000,172.280000,4,-3.680308
831842.257816,1644141.379903,0.960000,172.280000,4,-3.684892
831842.257816,1644141.379903,0.960000,172.280000,4,-3.688742
831842.257816,1644141.379903,0.960000,172.280000,4,-3.691976
831842.257816,1644141.379903,0.960000,172.280000,4,-3.694692
831842.257816,1644141.379903,0.960000,172.280000,4,-3.696974
831842.257816,1644141.379903,0.960000,172.280000,4,-3.698891
831841.430195,1644141.497702,1.290000,171.510000,4,-3.843586
831841.430195,1644141.497702,1.290000,171.510000,4,-3.965130
831841.430195,1644141.497702,1.290000,171.510000,4,-4.067227
831841.430195,1644141.497702,1.290000,171.510000,4,-4.152988
831841.430195,1644141.497702,1.290000,171.510000,4,-4.225028
831841.430195,1644141.497702,1.290000,171.510000,4,-4.285541
831841.430195,1644141.497702,1.290000,171.510000,4,-4.336372
831841.430195,1644141.497702,1.290000,171.510000,4,-4.379070
831841.430195,1644141.497702,1.290000,171.510000,4,-4.414937
831841.430195,1644141.497702,1.290000,171.510000,4,-4.445065
831841.430195,1644141.497702,1.290000,171.510000,4,-4.470372
831841.430195,1644141.497702,1.290000,171.510000,4,-4.491630
831841.430195,1644141.497702,1.290000,171.510000,4,-4.509487
831841.430195,1644141.497702,1.290000,171.510000,4,-4.524487
831841.430195,1644141.497702,1.290000,171.510000,4,-4.537087
831841.430195,1644141.497702,1.290000,171.510000,4,-4.547670
831841.430195,1644141.497702,1.290000,171.510000,4,-4.556561
831841.430195,1644141.497702,1.290000,171.510000,4,-4.564029
831841.430195,1644141.497702,1.290000,171.510000,4,-4.570302
831841.430195,1644141.497702,1.290000,171.510000,4,-4.575571
831840.512299,1644141.651175,1.280000,167.880000,4,-4.127103
831840.512299,1644141.651175,1.280000,167.880000,4,-3.750390
831840.512299,1644141.651175,1.280000,167.880000,4,-3.433951
831840.512299,1644141.651175,1.280000,167.880000,4,-3.168142
831840.512299,1644141.651175,1.280000,167.880000,4,-2.944863
831840.512299,1644141.651175,1.280000,167.880000,4,-2.757308
831840.512299,1644141.651175,1.280000,167.880000,4,-2.599762
831840.512299,1644141.651175,1.280000,167.880000,4,-2.467424
831840.512299,1644141.651175,1.280000,167.880000,4,-2.356259
831840.512299,1644141.651175,1.280000,167.880000,4,-2.262881
831840.512299,1644141.651175,1.280000,167.880000,4,-2.184444
831840.512299,1644141.651175,1.280000,167.880000,4,-2.118556
831840.512299,1644141.651175,1.280000,167.880000,4,-2.063210
831840.512299,1644141.651175,1.280000,167.880000,4,-2.016720
831840.512299,1644141.651175,1.280000,167.880000,4,-1.977668
831840.512299,1644141.651175,1.280000,167.880000,4,-1.944865
831840.512299,1644141.651175,1.280000,167.880000,4,-1.917310
831840.512299,1644141.651175,1.280000,167.880000,4,-1.894164
831840.512299,1644141.651175,1.280000,167.880000,4,-1.874721
831840.512299,1644141.651175,1.280000,167.880000,4,-1.858389
831839.324345,1644141.856303,1.310000,165.790000,4,-1.627690
831839.324345,1644141.856303,1.310000,165.790000,4,-1.433902
831839.324345,1644141.856303,1.310000,165.790000,4,-1.271121
831839.324345,1644141.856303,1.310000,165.790000,4,-1.134385
831839.324345,1644141.856303,1.310000,165.790000,4,-1.019526
831839.324345,1644141.856303,1.310000,165.790000,4,-0.923045
831839.324345,1644141.856303,1.310000,165.790000,4,-0.842001
831839.324345,1644141.856303,1.310000,165.790000,4,-0.773924
831839.324345,1644141.856303,1.310000,165.790000,4,-0.716739
831839.324345,1644141.856303,1.310000,165.790000,4,-0.668704
831839.324345,1644141.856303,1.310000,165.790000,4,-0.628354
831839.324345,1644141.856303,1.310000,165.790000,4,-0.594460
831839.324345,1644141.856303,1.310000,165.790000,4,-0.565990
831839.324345,1644141.856303,1.310000,165.790000,4,-0.542074
831839.324345,1644141.856303,1.310000,165.790000,4,-0.521985
831839.324345,1644141.856303,1.310000,165.790000,4,-0.505111
831839.324345,1644141.856303,1.310000,165.790000,4,-0.490936
831839.324345,1644141.856303,1.310000,165.790000,4,-0.479029
831839.324345,1644141.856303,1.310000,165.790000,4,-0.469028
831839.324345,1644141.856303,1.310000,165.790000,4,-0.460626
831838.153579,1644142.117050,1.300000,163.990000,4,-0.137343
831838.153579,1644142.117050,1.300000,163.990000,4,0.134214
831838.153579,1644142.117050,1.300000,163.990000,4,0.362322
831838.153579,1644142.117050,1.300000,163.990000,4,0.553933
831838.153579,1644142.117050,1.300000,163.990000,4,0.714887
831838.153579,1644142.117050,1.300000,163.990000,4,0.850087
831838.153579,1644142.117050,1.300000,163.990000,4,0.963656
831838.153579,1644142.117050,1.300000,163.990000,4,1.059054
831838.153579,1644142.117050,1.300000,163.990000,4,1.139188
831838.153579,1644142.117050,1.300000,163.990000,4,1.206500
831838.153579,1644142.117050,1.300000,163.990000,4,1.263043
831838.153579,1644142.117050,1.300000,163.990000,4,1.310538
831838.153579,1644142.117050,1.300000,163.990000,4,1.350435
831838.153579,1644142.117050,1.300000,163.990000,4,1.383948
831838.153579,1644142.117050,1.300000,163.990000,4,1.412099
831838.153579,1644142.117050,1.300000,163.990000,4,1.435746
831838.153579,1644142.117050,1.300000,163.990000,4,1.455609
831838.153579,1644142.117050,1.300000,163.990000,4,1.472294
831838.153579,1644142.117050,1.300000,163.990000,4,1.486310
831838.153579,1644142.117050,1.300000,163.990000,4,1.498083
831836.964096,1644142.432921,1.310000,164.520000,4,1.636821
831836.964096,1644142.432921,1.310000,164.520000,4,1.753362
831836.964096,1644142.432921,1.310000,164.520000,4,1.851256
831836.964096,1644142.432921,1.310000,164.520000,4,1.933487
831836.964096,1644142.432921,1.310000,164.520000,4,2.002561
831836.964096,1644142.432921,1.310000,164.520000,4,2.060583
831836.964096,1644142.432921,1.310000,164.520000,4,2.109322
831836.964096,1644142.432921,1.310000,164.520000,4,2.150262
831836.964096,1644142.432921,1.310000,164.520000,4,2.184652
831836.964096,1644142.432921,1.310000,164.520000,4,2.213540
831836.964096,1644142.432921,1.310000,164.520000,4,2.237805
831836.964096,1644142.432921,1.310000,164.520000,4,2.258188
831836.964096,1644142.432921,1.310000,164.520000,4,2.275310
831836.964096,1644142.432921,1.310000,164.520000,4,2.289692
831836.964096,1644142.432921,1.310000,164.520000,4,2.301773
831836.964096,1644142.432921,1.310000,164.520000,4,2.311922
831836.964096,1644142.432921,1.310000,164.520000,4,2.320446
831836.964096,1644142.432921,1.310000,164.520000,4,2.327607
831836.964096,1644142.432921,1.310000,164.520000,4,2.333621
831836.964096,1644142.432921,1.310000,164.520000,4,2.338674
831835.774613,1644142.748791,1.330000,164.860000,4,2.466311
831835.774613,1644142.748791,1.330000,164.860000,4,2.573526
831835.774613,1644142.748791,1.330000,164.860000,4,2.663586
831835.774613,1644142.748791,1.330000,164.860000,4,2.739237
831835.774613,1644142.748791,1.330000,164.860000,4,2.802784
831835.774613,1644142.748791,1.330000,164.860000,4,2.856163
831835.774613,1644142.748791,1.330000,164.860000,4,2.901002
831835.774613,1644142.748791,1.330000,164.860000,4,2.938666
831835.774613,1644142.748791,1.330000,164.860000,4,2.970304
831835.774613,1644142.748791,1.330000,164.860000,4,2.996880
831835.774613,1644142.748791,1.330000,164.860000,4,3.019204
831835.774613,1644142.748791,1.330000,164.860000,4,3.037956
831835.774613,1644142.748791,1.330000,164.860000,4,3.053708
831835.774613,1644142.748791,1.330000,164.860000,4,3.066939
831835.774613,1644142.748791,1.330000,164.860000,4,3.078053
831835.774613,1644142.748791,1.330000,164.860000,4,3.087390
831835.774613,1644142.748791,1.330000,164.860000,4,3.095232
831835.774613,1644142.748791,1.330000,164.860000,4,3.101819
831835.774613,1644142.748791,1.330000,164.860000,4,3.107353
831835.774613,1644142.748791,1.330000,164.860000,4,3.112001
831834.567176,1644143.064414,1.350000,166.870000,4,3.068795
831834.567176,1644143.064414,1.350000,166.870000,4,3.032502
831834.567176,1644143.064414,1.350000,166.870000,4,3.002016
831834.567176,1644143.064414,1.350000,166.870000,4,2.976408
831834.567176,1644143.064414,1.350000,166.870000,4,2.954897
831834.567176,1644143.064414,1.350000,166.870000,4,2.936828
831834.567176,1644143.064414,1.350000,166.870000,4,2.921649
831834.567176,1644143.064414,1.350000,166.870000,4,2.908900
831834.567176,1644143.064414,1.350000,166.870000,4,2.898190
831834.567176,1644143.064414,1.350000,166.870000,4,2.889194
831834.567176,1644143.064414,1.350000,166.870000,4,2.881637
831834.567176,1644143.064414,1.350000,166.870000,4,2.875290
831834.567176,1644143.064414,1.350000,166.870000,4,2.869957
831834.567176,1644143.064414,1.350000,166.870000,4,2.865479
831834.567176,1644143.064414,1.350000,166.870000,4,2.861716
831834.567176,1644143.064414,1.350000,166.870000,4,2.858556
831834.567176,1644143.064414,1.350000,166.870000,4,2.855901
831834.567176,1644143.064414,1.350000,166.870000,4,2.853671
831834.567176,1644143.064414,1.350000,166.870000,4,2.851798
831834.567176,1644143.064414,1.350000,166.870000,4,2.850225
831833.324599,1644143.324170,1.360000,169.530000,4,2.620738
831833.324599,1644143.324170,1.360000,169.530000,4,2.427969
831833.324599,1644143.324170,1.360000,169.530000,4,2.266043
831833.324599,1644143.324170,1.360000,169.530000,4,2.130026
831833.324599,1644143.324170,1.360000,169.530000,4,2.015771
831833.324599,1644143.324170,1.360000,169.530000,4,1.919797
831833.324599,1644143.324170,1.360000,169.530000,4,1.839179
831833.324599,1644143.324170,1.360000,169.530000,4,1.771459
831833.324599,1644143.324170,1.360000,169.530000,4,1.714575
831833.324599,1644143.324170,1.360000,169.530000,4,1.666792
831833.324599,1644143.324170,1.360000,169.530000,4,1.626655
831833.324599,1644143.324170,1.360000,169.530000,4,1.592939
831833.324599,1644143.324170,1.360000,169.530000,4,1.564618
831833.324599,1644143.324170,1.360000,169.530000,4,1.540829
831833.324599,1644143.324170,1.360000,169.530000,4,1.520845
831833.324599,1644143.324170,1.360000,169.530000,4,1.504059
831833.324599,1644143.324170,1.360000,169.530000,4,1.489959
831833.324599,1644143.324170,1.360000,169.530000,4,1.478115
831833.324599,1644143.324170,1.360000,169.530000,4,1.468166
831833.324599,1644143.324170,1.360000,169.530000,4,1.459809
831832.117927,1644143.584422,1.170000,170.300000,4,1.489498
831832.117927,1644143.584422,1.170000,170.300000,4,1.514438
831832.117927,1644143.584422,1.170000,170.300000,4,1.535387
831832.117927,1644143.584422,1.170000,170.300000,4,1.552984
831832.117927,1644143.584422,1.170000,170.300000,4,1.567766
831832.117927,1644143.584422,1.170000,170.300000,4,1.580182
831832.117927,1644143.584422,1.170000,170.300000,4,1.590612
831832.117927,1644143.584422,1.170000,170.300000,4,1.599374
831832.117927,1644143.584422,1.170000,170.300000,4,1.606733
831832.117927,1644143.584422,1.170000,170.300000,4,1.612915
831832.117927,1644143.584422,1.170000,170.300000,4,1.618108
831832.117927,1644143.584422,1.170000,170.300000,4,1.622469
831832.117927,1644143.584422,1.170000,170.300000,4,1.626134
831832.117927,1644143.584422,1.170000,170.300000,4,1.629211
831832.117927,1644143.584422,1.170000,170.300000,4,1.631797
831832.117927,1644143.584422,1.170000,170.300000,4,1.633968
831832.117927,1644143.584422,1.170000,170.300000,4,1.635793
831832.117927,1644143.584422,1.170000,170.300000,4,1.637325
831832.117927,1644143.584422,1.170000,170.300000,4,1.638612
831832.117927,1644143.584422,1.170000,170.300000,4,1.639693
831830.875604,1644143.825720,0.820000,170.260000,4,1.745143
831830.875604,1644143.825720,0.820000,170.260000,4,1.833721
831830.875604,1644143.825720,0.820000,170.260000,4,1.908127
831830.875604,1644143.825720,0.820000,170.260000,4,1.970627
831830.875604,1644143.825720,0.820000,170.260000,4,2.023128
831830.875604,1644143.825720,0.820000,170.260000,4,2.067228
831830.875604,1644143.825720,0.820000,170.260000,4,2.104273
831830.875604,1644143.825720,0.820000,170.260000,4,2.135390
831830.875604,1644143.825720,0.820000,170.260000,4,2.161529
831830.875604,1644143.825720,0.820000,170.260000,4,2.183485
831830.875604,1644143.825720,0.820000,170.260000,4,2.201928
831830.875604,1644143.825720,0.820000,170.260000,4,2.217421
831830.875604,1644143.825720,0.820000,170.260000,4,2.230434
831830.875604,1644143.825720,0.820000,170.260000,4,2.241366
831830.875604,1644143.825720,0.820000,170.260000,4,2.250548
831830.875604,1644143.825720,0.820000,170.260000,4,2.258261
831830.875604,1644143.825720,0.820000,170.260000,4,2.264741
831830.875604,1644143.825720,0.820000,170.260000,4,2.270183
831830.875604,1644143.825720,0.820000,170.260000,4,2.274755
831830.875604,1644143.825720,0.820000,170.260000,4,2.278595
831829.832039,1644143.977460,0.420000,169.940000,4,2.239322
831829.832039,1644143.977460,0.420000,169.940000,4,2.206333
831829.832039,1644143.977460,0.420000,169.940000,4,2.178622
831829.832039,1644143.977460,0.420000,169.940000,4,2.155344
831829.832039,1644143.977460,0.420000,169.940000,4,2.135791
831829.832039,1644143.977460,0.420000,169.940000,4,2.119367
831829.832039,1644143.977460,0.420000,169.940000,4,2.105571
831829.832039,1644143.977460,0.420000,169.940000,4,2.093981
831829.832039,1644143.977460,0.420000,169.940000,4,2.084247
831829.832039,1644143.977460,0.420000,169.940000,4,2.076069
831829.832039,1644143.977460,0.420000,169.940000,4,2.069200
831829.832039,1644143.977460,0.420000,169.940000,4,2.063431
831829.832039,1644143.977460,0.420000,169.940000,4,2.058584
831829.832039,1644143.977460,0.420000,169.940000,4,2.054513
831829.832039,1644143.977460,0.420000,169.940000,4,2.051093
831829.832039,1644143.977460,0.420000,169.940000,4,2.048220
831829.832039,1644143.977460,0.420000,169.940000,4,2.045807
831829.832039,1644143.977460,0.420000,169.940000,4,2.043780
831829.832039,1644143.977460,0.420000,169.940000,4,2.042078
831829.832039,1644143.977460,0.420000,169.940000,4,2.040647
831829.166250,1644144.079032,0.070000,169.940000,4,1.919872
831829.166250,1644144.079032,0.070000,169.940000,4,1.818421
831829.166250,1644144.079032,0.070000,169.940000,4,1.733202
831829.166250,1644144.079032,0.070000,169.940000,4,1.661618
831829.166250,1644144.079032,0.070000,169.940000,4,1.601487
831829.166250,1644144.079032,0.070000,169.940000,4,1.550977
831829.166250,1644144.079032,0.070000,169.940000,4,1.508549
831829.166250,1644144.079032,0.070000,169.940000,4,1.472910
831829.166250,1644144.079032,0.070000,169.940000,4,1.442972
831829.166250,1644144.079032,0.070000,169.940000,4,1.417825
831829.166250,1644144.079032,0.070000,169.940000,4,1.396701
831829.166250,1644144.079032,0.070000,169.940000,4,1.378957
831829.166250,1644144.079032,0.070000,169.940000,4,1.364052
831829.166250,1644144.079032,0.070000,169.940000,4,1.351532
831829.166250,1644144.079032,0.070000,169.940000,4,1.341015
831829.166250,1644144.079032,0.070000,169.940000,4,1.332181
831829.166250,1644144.079032,0.070000,169.940000,4,1.324760
831829.166250,1644144.079032,0.070000,169.940000,4,1.318527
831829.166250,1644144.079032,0.070000,169.940000,4,1.313291
831829.166250,1644144.079032,0.070000,169.940000,4,1.308893
831828.896445,1644144.112229,0.000000,169.940000,4,1.303275
831828.896445,1644144.112229,0.000000,169.940000,4,1.298557
831828.896445,1644144.112229,0.000000,169.940000,4,1.294594
831828.896445,1644144.112229,0.000000,169.940000,4,1.291264
831828.896445,1644144.112229,0.000000,169.940000,4,1.288468
831828.896445,1644144.112229,0.000000,169.940000,4,1.286119
831828.896445,1644144.112229,0.000000,169.940000,4,1.284145
831828.896445,1644144.112229,0.000000,169.940000,4,1.282488
831828.896445,1644144.112229,0.000000,169.940000,4,1.281096
831828.896445,1644144.112229,0.000000,169.940000,4,1.279926
831828.896445,1644144.112229,0.000000,169.940000,4,1.278944
831828.896445,1644144.112229,0.000000,169.940000,4,1.278118
831828.896445,1644144.112229,0.000000,169.940000,4,1.277425
831828.896445,1644144.112229,0.000000,169.940000,4,1.276843
831828.896445,1644144.112229,0.000000,169.940000,4,1.276354
831828.896445,1644144.112229,0.000000,169.940000,4,1.275943
831828.896445,1644144.112229,0.000000,169.940000,4,1.275598
831828.896445,1644144.112229,0.000000,169.940000,4,1.275308
831828.896445,1644144.112229,0.000000,169.940000,4,1.275064
831828.896445,1644144.112229,0.000000,169.940000,4,1.274860
831828.896445,1644144.112229,0.000000,169.940000,4,1.274688
831828.896445,1644144.112229,0.000000,169.940000,4,1.274544
831828.896445,1644144.112229,0.000000,169.940000,4,1.274422
831828.896445,1644144.112229,0.000000,169.940000,4,1.274320
831828.896445,1644144.112229,0.000000,169.940000,4,1.274235
831828.896445,1644144.112229,0.000000,169.940000,4,1.274163
831828.896445,1644144.112229,0.000000,169.940000,4,1.274103
831828.896445,1644144.112229,0.000000,169.940000,4,1.274052
831828.896445,1644144.112229,0.000000,169.940000,4,1.274009
831828.896445,1644144.112229,0.000000,169.940000,4,1.273974
831828.896445,1644144.112229,0.000000,169.940000,4,1.273944
831828.896445,1644144.112229,0.000000,169.940000,4,1.273918
831828.896445,1644144.112229,0.000000,169.940000,4,1.273897
831828.896445,1644144.112229,0.000000,169.940000,4,1.273879
831828.896445,1644144.112229,0.000000,169.940000,4,1.273864
831828.896445,1644144.112229,0.000000,169.940000,4,1.273852
831828.896445,1644144.112229,0.000000,169.940000,4,1.273841
831828.896445,1644144.112229,0.000000,169.940000,4,1.273832
831828.896445,1644144.112229,0.000000,169.940000,4,1.273825
831828.896445,1644144.112229,0.000000,169.940000,4,1.273819
831828.896445,1644144.112229,0.000000,169.940000,4,1.273813
831828.896445,1644144.112229,0.000000,169.940000,4,1.273809
831828.896445,1644144.112229,0.000000,169.940000,4,1.273805
831828.896445,1644144.112229,0.000000,169.940000,4,1.273802
831828.896445,1644144.112229,0.000000,169.940000,4,1.273800
831828.896445,1644144.112229,0.000000,169.940000,4,1.273797
831828.896445,1644144.112229,0.000000,169.940000,4,1.273796
831828.896445,1644144.112229,0.000000,169.940000,4,1.273794
831828.896445,1644144.112229,0.000000,169.940000,4,1.273793
831828.896445,1644144.112229,0.000000,169.940000,4,1.273792
831828.896445,1644144.112229,0.000000,169.940000,4,1.273791
831828.896445,1644144.112229,0.000000,169.940000,4,1.273790
831828.896445,1644144.112229,0.000000,169.940000,4,1.273789
831828.896445,1644144.112229,0.000000,169.940000,4,1.273789
831828.896445,1644144.112229,0.000000,169.940000,4,1.273788
831828.896445,1644144.112229,0.000000,169.940000,4,1.273788
831828.896445,1644144.112229,0.000000,169.940000,4,1.273788
831828.896445,1644144.112229,0.000000,169.940000,4,1.273787
831828.896445,1644144.112229,0.000000,169.940000,4,1.273787
831828.896445,1644144.112229,0.000000,169.940000,4,1.273787
831828.896445,1644144.112229,0.000000,169.940000,4,1.273787
831828.896445,1644144.112229,0.000000,169.940000,4,1.273787
831828.896445,1644144.112229,0.000000,169.940000,4,1.273786
831828.896445,1644144.112229,0.000000,169.940000,4,1.273786
831828.896445,1644144.112229,0.000000,169.940000,4,1.273786
831828.896445,1644144.112229,0.000000,169.940000,4,1.273786
831828.896445,1644144.112229,0.000000,169.940000,4,1.273786
831828.896445,1644144.112229,0.000000,169.940000,4,1.273786
831828.896445,1644144.112229,0.000000,169.940000,4,1.273786
831828.896445,1644144.112229,0.000000,169.940000,4,1.273786
831828.896445,1644144.112229,0.000000,169.940000,4,1.273786
831828.896445,1644144.112229,0.000000,169.940000,4,1.273786
831828.896445,1644144.112229,0.000000,169.940000,4,1.273786
831828.896445,1644144.112229,0.000000,169.940000,4,1.273786
831828.896445,1644144.112229,0.000000,169.940000,4,1.273786
831828.896445,1644144.112229,0.000000,169.940000,4,1.273786
831828.896445,1644144.112229,0.000000,169.940000,4,1.273786
831828.896445,1644144.112229,0.000000,169.940000,4,1.273786
831828.896445,1644144.112229,0.000000,169.940000,4,1.273786
831828.896445,1644144.112229,0.000000,169.940000,4,1.273786
831828.896445,1644144.112229,0.000000,169.940000,4,1.273786
831828.896445,1644144.112229,0.000000,169.940000,4,1.273786
831828.896445,1644144.112229,0.000000,169.940000,4,1.273786
831828.896445,1644144.112229,0.000000,169.940000,4,1.273786
831828.896445,1644144.112229,0.000000,169.940000,4,1.273786
831828.896445,1644144.112229,0.000000,169.940000,4,1.273786
831828.896445,1644144.112229,0.000000,169.940000,4,1.273786
831828.896445,1644144.112229,0.000000,169.940000,4,1.273786
831828.896445,1644144.112229,0.000000,169.940000,4,1.273786
831828.896445,1644144.112229,0.000000,169.940000,4,1.273786
831828.896445,1644144.112229,0.000000,169.940000,4,1.273786
831828.896445,1644144.112229,0.000000,169.940000,4,1.273786
831828.896445,1644144.112229,0.000000,169.940000,4,1.273786
831828.896445,1644144.112229,0.000000,169.940000,4,1.273786
831828.896445,1644144.112229,0.000000,169.940000,4,1.273786
831828.896445,1644144.112229,0.000000,169.940000,4,1.273786
831828.896445,1644144.112229,0.000000,169.940000,4,1.273786
831828.896445,1644144.112229,0.000000,169.940000,4,1.273786
831828.896445,1644144.112229,0.000000,169.940000,4,1.273786
831828.896445,1644144.112229,0.000000,169.940000,4,1.273786
831828.806935,1644144.092532,0.000000,169.940000,4,1.196835
831828.806935,1644144.092532,0.000000,169.940000,4,1.132195
831828.806935,1644144.092532,0.000000,169.940000,4,1.077899
831828.806935,1644144.092532,0.000000,169.940000,4,1.032289
831828.806935,1644144.092532,0.000000,169.940000,4,0.993977
831828.806935,1644144.092532,0.000000,169.940000,4,0.961796
831828.806935,1644144.092532,0.000000,169.940000,4,0.934763
831828.806935,1644144.092532,0.000000,169.940000,4,0.912055
831828.806935,1644144.092532,0.000000,169.940000,4,0.892981
831828.806935,1644144.092532,0.000000,169.940000,4,0.876958
831828.806935,1644144.092532,0.000000,169.940000,4,0.863499
831828.806935,1644144.092532,0.000000,169.940000,4,0.852194
831828.806935,1644144.092532,0.000000,169.940000,4,0.842697
831828.806935,1644144.092532,0.000000,169.940000,4,0.834720
831828.806935,1644144.092532,0.000000,169.940000,4,0.828019
831828.806935,1644144.092532,0.000000,169.940000,4,0.822391
831828.806935,1644144.092532,0.000000,169.940000,4,0.817663
831828.806935,1644144.092532,0.000000,169.940000,4,0.813691
831828.806935,1644144.092532,0.000000,169.940000,4,0.810355
831828.806935,1644144.092532,0.000000,169.940000,4,0.807553
831828.806680,1644144.110989,0.000000,169.940000,4,0.850527
831828.806680,1644144.110989,0.000000,169.940000,4,0.886625
831828.806680,1644144.110989,0.000000,169.940000,4,0.916947
831828.806680,1644144.110989,0.000000,169.940000,4,0.942418
831828.806680,1644144.110989,0.000000,169.940000,4,0.963813
831828.806680,1644144.110989,0.000000,169.940000,4,0.981786
831828.806680,1644144.110989,0.000000,169.940000,4,0.996882
831828.806680,1644144.110989,0.000000,169.940000,4,1.009563
831828.806680,1644144.110989,0.000000,169.940000,4,1.020216
831828.806680,1644144.110989,0.000000,169.940000,4,1.029163
831828.806680,1644144.110989,0.000000,169.940000,4,1.036680
831828.806680,1644144.110989,0.000000,169.940000,4,1.042993
831828.806680,1644144.110989,0.000000,169.940000,4,1.048297
831828.806680,1644144.110989,0.000000,169.940000,4,1.052752
831828.806680,1644144.110989,0.000000,169.940000,4,1.056494
831828.806680,1644144.110989,0.000000,169.940000,4,1.059637
831828.806680,1644144.110989,0.000000,169.940000,4,1.062277
831828.806680,1644144.110989,0.000000,169.940000,4,1.064495
831828.806680,1644144.110989,0.000000,169.940000,4,1.066359
831828.806680,1644144.110989,0.000000,169.940000,4,1.067923
831828.806680,1644144.110989,0.000000,169.940000,4,1.069238
831828.806680,1644144.110989,0.000000,169.940000,4,1.070342
831828.806680,1644144.110989,0.000000,169.940000,4,1.071270
831828.806680,1644144.110989,0.000000,169.940000,4,1.072049
831828.806680,1644144.110989,0.000000,169.940000,4,1.072704
831828.806680,1644144.110989,0.000000,169.940000,4,1.073253
831828.806680,1644144.110989,0.000000,169.940000,4,1.073715
831828.806680,1644144.110989,0.000000,169.940000,4,1.074103
831828.806680,1644144.110989,0.000000,169.940000,4,1.074429
831828.806680,1644144.110989,0.000000,169.940000,4,1.074703
831828.806680,1644144.110989,0.000000,169.940000,4,1.074933
831828.806680,1644144.110989,0.000000,169.940000,4,1.075126
831828.806680,1644144.110989,0.000000,169.940000,4,1.075288
831828.806680,1644144.110989,0.000000,169.940000,4,1.075424
831828.806680,1644144.110989,0.000000,169.940000,4,1.075539
831828.806680,1644144.110989,0.000000,169.940000,4,1.075635
831828.806680,1644144.110989,0.000000,169.940000,4,1.075716
831828.806680,1644144.110989,0.000000,169.940000,4,1.075783
831828.806680,1644144.110989,0.000000,169.940000,4,1.075840
831828.806680,1644144.110989,0.000000,169.940000,4,1.075888
831828.806935,1644144.092532,0.000000,169.940000,4,1.030601
831828.806935,1644144.092532,0.000000,169.940000,4,0.992559
831828.806935,1644144.092532,0.000000,169.940000,4,0.960604
831828.806935,1644144.092532,0.000000,169.940000,4,0.933762
831828.806935,1644144.092532,0.000000,169.940000,4,0.911214
831828.806935,1644144.092532,0.000000,169.940000,4,0.892275
831828.806935,1644144.092532,0.000000,169.940000,4,0.876365
831828.806935,1644144.092532,0.000000,169.940000,4,0.863001
831828.806935,1644144.092532,0.000000,169.940000,4,0.851775
831828.806935,1644144.092532,0.000000,169.940000,4,0.842346
831828.806935,1644144.092532,0.000000,169.940000,4,0.834425
831828.806935,1644144.092532,0.000000,169.940000,4,0.827771
831828.806935,1644144.092532,0.000000,169.940000,4,0.822182
831828.806935,1644144.092532,0.000000,169.940000,4,0.817488
831828.806935,1644144.092532,0.000000,169.940000,4,0.813544
831828.806935,1644144.092532,0.000000,169.940000,4,0.810231
831828.806935,1644144.092532,0.000000,169.940000,4,0.807449
831828.806935,1644144.092532,0.000000,169.940000,4,0.805112
831828.806935,1644144.092532,0.000000,169.940000,4,0.803148
831828.806935,1644144.092532,0.000000,169.940000,4,0.801499
831828.824888,1644144.092780,0.000000,169.940000,4,0.807156
831828.824888,1644144.092780,0.000000,169.940000,4,0.811907
831828.824888,1644144.092780,0.000000,169.940000,4,0.815898
831828.824888,1644144.092780,0.000000,169.940000,4,0.819251
831828.824888,1644144.092780,0.000000,169.940000,4,0.822067
831828.824888,1644144.092780,0.000000,169.940000,4,0.824433
831828.824888,1644144.092780,0.000000,169.940000,4,0.826420
831828.824888,1644144.092780,0.000000,169.940000,4,0.828090
831828.824888,1644144.092780,0.000000,169.940000,4,0.829492
831828.824888,1644144.092780,0.000000,169.940000,4,0.830669
831828.824888,1644144.092780,0.000000,169.940000,4,0.831659
831828.824888,1644144.092780,0.000000,169.940000,4,0.832490
831828.824888,1644144.092780,0.000000,169.940000,4,0.833188
831828.824888,1644144.092780,0.000000,169.940000,4,0.833774
831828.824888,1644144.092780,0.000000,169.940000,4,0.834267
831828.824888,1644144.092780,0.000000,169.940000,4,0.834681
831828.824888,1644144.092780,0.000000,169.940000,4,0.835028
831828.824888,1644144.092780,0.000000,169.940000,4,0.835320
831828.824888,1644144.092780,0.000000,169.940000,4,0.835565
831828.824888,1644144.092780,0.000000,169.940000,4,0.835771
831828.806935,1644144.092532,0.000000,169.940000,4,0.828902
831828.806935,1644144.092532,0.000000,169.940000,4,0.823133
831828.806935,1644144.092532,0.000000,169.940000,4,0.818286
831828.806935,1644144.092532,0.000000,169.940000,4,0.814214
831828.806935,1644144.092532,0.000000,169.940000,4,0.810795
831828.806935,1644144.092532,0.000000,169.940000,4,0.807922
831828.806935,1644144.092532,0.000000,169.940000,4,0.805509
831828.806935,1644144.092532,0.000000,169.940000,4,0.803482
831828.806935,1644144.092532,0.000000,169.940000,4,0.801779
831828.806935,1644144.092532,0.000000,169.940000,4,0.800349
831828.806935,1644144.092532,0.000000,169.940000,4,0.799148
831828.806935,1644144.092532,0.000000,169.940000,4,0.798138
831828.806935,1644144.092532,0.000000,169.940000,4,0.797291
831828.806935,1644144.092532,0.000000,169.940000,4,0.796579
831828.806935,1644144.092532,0.000000,169.940000,4,0.795981
831828.806935,1644144.092532,0.000000,169.940000,4,0.795478
831828.806935,1644144.092532,0.000000,169.940000,4,0.795056
831828.806935,1644144.092532,0.000000,169.940000,4,0.794702
831828.806935,1644144.092532,0.000000,169.940000,4,0.794404
831828.806935,1644144.092532,0.000000,169.940000,4,0.794154
831828.824633,1644144.111237,0.000000,169.940000,4,0.845871
831828.824633,1644144.111237,0.000000,169.940000,4,0.889313
831828.824633,1644144.111237,0.000000,169.940000,4,0.925805
831828.824633,1644144.111237,0.000000,169.940000,4,0.956458
831828.824633,1644144.111237,0.000000,169.940000,4,0.982207
831828.824633,1644144.111237,0.000000,169.940000,4,1.003836
831828.824633,1644144.111237,0.000000,169.940000,4,1.022004
831828.824633,1644144.111237,0.000000,169.940000,4,1.037265
831828.824633,1644144.111237,0.000000,169.940000,4,1.050085
831828.824633,1644144.111237,0.000000,169.940000,4,1.060853
831828.824633,1644144.111237,0.000000,169.940000,4,1.069898
831828.824633,1644144.111237,0.000000,169.940000,4,1.077496
831828.824633,1644144.111237,0.000000,169.940000,4,1.083879
831828.824633,1644144.111237,0.000000,169.940000,4,1.089240
831828.824633,1644144.111237,0.000000,169.940000,4,1.093744
831828.824633,1644144.111237,0.000000,169.940000,4,1.097527
831828.824633,1644144.111237,0.000000,169.940000,4,1.100704
831828.824633,1644144.111237,0.000000,169.940000,4,1.103373
831828.824633,1644144.111237,0.000000,169.940000,4,1.105616
831828.824633,1644144.111237,0.000000,169.940000,4,1.107499
831828.824633,1644144.111237,0.000000,169.940000,4,1.109081
831828.824633,1644144.111237,0.000000,169.940000,4,1.110410
831828.824633,1644144.111237,0.000000,169.940000,4,1.111526
831828.824633,1644144.111237,0.000000,169.940000,4,1.112464
831828.824633,1644144.111237,0.000000,169.940000,4,1.113252
831828.824633,1644144.111237,0.000000,169.940000,4,1.113913
831828.824633,1644144.111237,0.000000,169.940000,4,1.114469
831828.824633,1644144.111237,0.000000,169.940000,4,1.114936
831828.824633,1644144.111237,0.000000,169.940000,4,1.115328
831828.824633,1644144.111237,0.000000,169.940000,4,1.115657
831828.824633,1644144.111237,0.000000,169.940000,4,1.115934
831828.824633,1644144.111237,0.000000,169.940000,4,1.116167
831828.824633,1644144.111237,0.000000,169.940000,4,1.116362
831828.824633,1644144.111237,0.000000,169.940000,4,1.116526
831828.824633,1644144.111237,0.000000,169.940000,4,1.116664
831828.824633,1644144.111237,0.000000,169.940000,4,1.116779
831828.824633,1644144.111237,0.000000,169.940000,4,1.116876
831828.824633,1644144.111237,0.000000,169.940000,4,1.116958
831828.824633,1644144.111237,0.000000,169.940000,4,1.117027
831828.824633,1644144.111237,0.000000,169.940000,4,1.117084
831828.824633,1644144.111237,0.000000,169.940000,4,1.117133
831828.824633,1644144.111237,0.000000,169.940000,4,1.117173
831828.824633,1644144.111237,0.000000,169.940000,4,1.117208
831828.824633,1644144.111237,0.000000,169.940000,4,1.117236
831828.824633,1644144.111237,0.000000,169.940000,4,1.117260
831828.824633,1644144.111237,0.000000,169.940000,4,1.117281
831828.824633,1644144.111237,0.000000,169.940000,4,1.117298
831828.824633,1644144.111237,0.000000,169.940000,4,1.117312
831828.824633,1644144.111237,0.000000,169.940000,4,1.117324
831828.824633,1644144.111237,0.000000,169.940000,4,1.117334
831828.824633,1644144.111237,0.000000,169.940000,4,1.117342
831828.824633,1644144.111237,0.000000,169.940000,4,1.117349
831828.824633,1644144.111237,0.000000,169.940000,4,1.117355
831828.824633,1644144.111237,0.000000,169.940000,4,1.117360
831828.824633,1644144.111237,0.000000,169.940000,4,1.117365
831828.824633,1644144.111237,0.000000,169.940000,4,1.117368
831828.824633,1644144.111237,0.000000,169.940000,4,1.117371
831828.824633,1644144.111237,0.000000,169.940000,4,1.117374
831828.824633,1644144.111237,0.000000,169.940000,4,1.117376
831828.824633,1644144.111237,0.000000,169.940000,4,1.117378
831828.824633,1644144.111237,0.000000,169.940000,4,1.117379
831828.824633,1644144.111237,0.000000,169.940000,4,1.117380
831828.824633,1644144.111237,0.000000,169.940000,4,1.117381
831828.824633,1644144.111237,0.000000,169.940000,4,1.117382
831828.824633,1644144.111237,0.000000,169.940000,4,1.117383
831828.824633,1644144.111237,0.000000,169.940000,4,1.117384
831828.824633,1644144.111237,0.000000,169.940000,4,1.117384
831828.824633,1644144.111237,0.000000,169.940000,4,1.117385
831828.824633,1644144.111237,0.000000,169.940000,4,1.117385
831828.824633,1644144.111237,0.000000,169.940000,4,1.117385
831828.824633,1644144.111237,0.000000,169.940000,4,1.117385
831828.824633,1644144.111237,0.000000,169.940000,4,1.117386
831828.824633,1644144.111237,0.000000,169.940000,4,1.117386
831828.824633,1644144.111237,0.000000,169.940000,4,1.117386
831828.824633,1644144.111237,0.000000,169.940000,4,1.117386
831828.824633,1644144.111237,0.000000,169.940000,4,1.117386
831828.824633,1644144.111237,0.000000,169.940000,4,1.117386
831828.824633,1644144.111237,0.000000,169.940000,4,1.117386
831828.824633,1644144.111237,0.000000,169.940000,4,1.117386
831828.824633,1644144.111237,0.000000,169.940000,4,1.117387
831828.824888,1644144.092780,0.000000,169.940000,4,1.072501
831828.824888,1644144.092780,0.000000,169.940000,4,1.034797
831828.824888,1644144.092780,0.000000,169.940000,4,1.003126
831828.824888,1644144.092780,0.000000,169.940000,4,0.976523
831828.824888,1644144.092780,0.000000,169.940000,4,0.954175
831828.824888,1644144.092780,0.000000,169.940000,4,0.935404
831828.824888,1644144.092780,0.000000,169.940000,4,0.919636
831828.824888,1644144.092780,0.000000,169.940000,4,0.906390
831828.824888,1644144.092780,0.000000,169.940000,4,0.895264
831828.824888,1644144.092780,0.000000,169.940000,4,0.885919
831828.824888,1644144.092780,0.000000,169.940000,4,0.878068
831828.824888,1644144.092780,0.000000,169.940000,4,0.871474
831828.824888,1644144.092780,0.000000,169.940000,4,0.865934
831828.824888,1644144.092780,0.000000,169.940000,4,0.861281
831828.824888,1644144.092780,0.000000,169.940000,4,0.857373
831828.824888,1644144.092780,0.000000,169.940000,4,0.854090
831828.824888,1644144.092780,0.000000,169.940000,4,0.851332
831828.824888,1644144.092780,0.000000,169.940000,4,0.849015
831828.824888,1644144.092780,0.000000,169.940000,4,0.847069
831828.824888,1644144.092780,0.000000,169.940000,4,0.845435
831828.824633,1644144.111237,0.000000,169.940000,4,0.888947
831828.824633,1644144.111237,0.000000,169.940000,4,0.925497
831828.824633,1644144.111237,0.000000,169.940000,4,0.956200
831828.824633,1644144.111237,0.000000,169.940000,4,0.981990
831828.824633,1644144.111237,0.000000,169.940000,4,1.003653
831828.824633,1644144.111237,0.000000,169.940000,4,1.021851
831828.824633,1644144.111237,0.000000,169.940000,4,1.037136
831828.824633,1644144.111237,0.000000,169.940000,4,1.049976
831828.824633,1644144.111237,0.000000,169.940000,4,1.060762
831828.824633,1644144.111237,0.000000,169.940000,4,1.069822
831828.824633,1644144.111237,0.000000,169.940000,4,1.077432
831828.824633,1644144.111237,0.000000,169.940000,4,1.083825
831828.824633,1644144.111237,0.000000,169.940000,4,1.089195
831828.824633,1644144.111237,0.000000,169.940000,4,1.093706
831828.824633,1644144.111237,0.000000,169.940000,4,1.097495
831828.824633,1644144.111237,0.000000,169.940000,4,1.100677
831828.824633,1644144.111237,0.000000,169.940000,4,1.103351
831828.824633,1644144.111237,0.000000,169.940000,4,1.105597
831828.824633,1644144.111237,0.000000,169.940000,4,1.107483
831828.824633,1644144.111237,0.000000,169.940000,4,1.109068
831828.824888,1644144.092780,0.000000,169.940000,4,1.065513
831828.824888,1644144.092780,0.000000,169.940000,4,1.028928
831828.824888,1644144.092780,0.000000,169.940000,4,0.998196
831828.824888,1644144.092780,0.000000,169.940000,4,0.972381
831828.824888,1644144.092780,0.000000,169.940000,4,0.950696
831828.824888,1644144.092780,0.000000,169.940000,4,0.932481
831828.824888,1644144.092780,0.000000,169.940000,4,0.917181
831828.824888,1644144.092780,0.000000,169.940000,4,0.904328
831828.824888,1644144.092780,0.000000,169.940000,4,0.893532
831828.824888,1644144.092780,0.000000,169.940000,4,0.884464
831828.824888,1644144.092780,0.000000,169.940000,4,0.876846
831828.824888,1644144.092780,0.000000,169.940000,4,0.870447
831828.824888,1644144.092780,0.000000,169.940000,4,0.865072
831828.824888,1644144.092780,0.000000,169.940000,4,0.860557
831828.824888,1644144.092780,0.000000,169.940000,4,0.856764
831828.824888,1644144.092780,0.000000,169.940000,4,0.853578
831828.824888,1644144.092780,0.000000,169.940000,4,0.850902
831828.824888,1644144.092780,0.000000,169.940000,4,0.848654
831828.824888,1644144.092780,0.000000,169.940000,4,0.846766
831828.824888,1644144.092780,0.000000,169.940000,4,0.845180
831828.824888,1644144.092780,0.000000,169.940000,4,0.843848
831828.824888,1644144.092780,0.000000,169.940000,4,0.842729
831828.824888,1644144.092780,0.000000,169.940000,4,0.841789
831828.824888,1644144.092780,0.000000,169.940000,4,0.840999
831828.824888,1644144.092780,0.000000,169.940000,4,0.840335
831828.824888,1644144.092780,0.000000,169.940000,4,0.839778
831828.824888,1644144.092780,0.000000,169.940000,4,0.839310
831828.824888,1644144.092780,0.000000,169.940000,4,0.838917
831828.824888,1644144.092780,0.000000,169.940000,4,0.838587
831828.824888,1644144.092780,0.000000,169.940000,4,0.838309
831828.824888,1644144.092780,0.000000,169.940000,4,0.838076
831828.824888,1644144.092780,0.000000,169.940000,4,0.837881
831828.824888,1644144.092780,0.000000,169.940000,4,0.837716
831828.824888,1644144.092780,0.000000,169.940000,4,0.837578
831828.824888,1644144.092780,0.000000,169.940000,4,0.837462
831828.824888,1644144.092780,0.000000,169.940000,4,0.837365
831828.824888,1644144.092780,0.000000,169.940000,4,0.837283
831828.824888,1644144.092780,0.000000,169.940000,4,0.837214
831828.824888,1644144.092780,0.000000,169.940000,4,0.837156
831828.824888,1644144.092780,0.000000,169.940000,4,0.837108
831828.824888,1644144.092780,0.000000,169.940000,4,0.837067
831828.824888,1644144.092780,0.000000,169.940000,4,0.837033
831828.824888,1644144.092780,0.000000,169.940000,4,0.837004
831828.824888,1644144.092780,0.000000,169.940000,4,0.836980
831828.824888,1644144.092780,0.000000,169.940000,4,0.836959
831828.824888,1644144.092780,0.000000,169.940000,4,0.836942
831828.824888,1644144.092780,0.000000,169.940000,4,0.836928
831828.824888,1644144.092780,0.000000,169.940000,4,0.836916
831828.824888,1644144.092780,0.000000,169.940000,4,0.836906
831828.824888,1644144.092780,0.000000,169.940000,4,0.836898
831828.824888,1644144.092780,0.000000,169.940000,4,0.836890
831828.824888,1644144.092780,0.000000,169.940000,4,0.836884
831828.824888,1644144.092780,0.000000,169.940000,4,0.836879
831828.824888,1644144.092780,0.000000,169.940000,4,0.836875
831828.824888,1644144.092780,0.000000,169.940000,4,0.836872
831828.824888,1644144.092780,0.000000,169.940000,4,0.836869
831828.824888,1644144.092780,0.000000,169.940000,4,0.836866
831828.824888,1644144.092780,0.000000,169.940000,4,0.836864
831828.824888,1644144.092780,0.000000,169.940000,4,0.836862
831828.824888,1644144.092780,0.000000,169.940000,4,0.836861
831828.825143,1644144.074323,0.000000,169.940000,4,0.792123
831828.825143,1644144.074323,0.000000,169.940000,4,0.754543
831828.825143,1644144.074323,0.000000,169.940000,4,0.722975
831828.825143,1644144.074323,0.000000,169.940000,4,0.696459
831828.825143,1644144.074323,0.000000,169.940000,4,0.674185
831828.825143,1644144.074323,0.000000,169.940000,4,0.655475
831828.825143,1644144.074323,0.000000,169.940000,4,0.639759
831828.825143,1644144.074323,0.000000,169.940000,4,0.626557
831828.825143,1644144.074323,0.000000,169.940000,4,0.615467
831828.825143,1644144.074323,0.000000,169.940000,4,0.606152
831828.825143,1644144.074323,0.000000,169.940000,4,0.598328
831828.825143,1644144.074323,0.000000,169.940000,4,0.591755
831828.825143,1644144.074323,0.000000,169.940000,4,0.586234
831828.825143,1644144.074323,0.000000,169.940000,4,0.581596
831828.825143,1644144.074323,0.000000,169.940000,4,0.577700
831828.825143,1644144.074323,0.000000,169.940000,4,0.574428
831828.825143,1644144.074323,0.000000,169.940000,4,0.571679
831828.825143,1644144.074323,0.000000,169.940000,4,0.569370
831828.825143,1644144.074323,0.000000,169.940000,4,0.567430
831828.825143,1644144.074323,0.000000,169.940000,4,0.565801
831828.824888,1644144.092780,0.000000,169.940000,4,0.609169
831828.824888,1644144.092780,0.000000,169.940000,4,0.645599
831828.824888,1644144.092780,0.000000,169.940000,4,0.676199
831828.824888,1644144.092780,0.000000,169.940000,4,0.701904
831828.824888,1644144.092780,0.000000,169.940000,4,0.723496
831828.824888,1644144.092780,0.000000,169.940000,4,0.741633
831828.824888,1644144.092780,0.000000,169.940000,4,0.756868
831828.824888,1644144.092780,0.000000,169.940000,4,0.769666
831828.824888,1644144.092780,0.000000,169.940000,4,0.780416
831828.824888,1644144.092780,0.000000,169.940000,4,0.789446
831828.824888,1644144.092780,0.000000,169.940000,4,0.797031
831828.824888,1644144.092780,0.000000,169.940000,4,0.803402
831828.824888,1644144.092780,0.000000,169.940000,4,0.808754
831828.824888,1644144.092780,0.000000,169.940000,4,0.813250
831828.824888,1644144.092780,0.000000,169.940000,4,0.817027
831828.824888,1644144.092780,0.000000,169.940000,4,0.820199
831828.824888,1644144.092780,0.000000,169.940000,4,0.822864
831828.824888,1644144.092780,0.000000,169.940000,4,0.825102
831828.824888,1644144.092780,0.000000,169.940000,4,0.826982
831828.824888,1644144.092780,0.000000,169.940000,4,0.828561
831828.825143,1644144.074323,0.000000,169.940000,4,0.785151
831828.825143,1644144.074323,0.000000,169.940000,4,0.748687
831828.825143,1644144.074323,0.000000,169.940000,4,0.718056
831828.825143,1644144.074323,0.000000,169.940000,4,0.692327
831828.825143,1644144.074323,0.000000,169.940000,4,0.670714
831828.825143,1644144.074323,0.000000,169.940000,4,0.652560
831828.825143,1644144.074323,0.000000,169.940000,4,0.637310
831828.825143,1644144.074323,0.000000,169.940000,4,0.624500
831828.825143,1644144.074323,0.000000,169.940000,4,0.613739
831828.825143,1644144.074323,0.000000,169.940000,4,0.604701
831828.825143,1644144.074323,0.000000,169.940000,4,0.597108
831828.825143,1644144.074323,0.000000,169.940000,4,0.590730
831828.825143,1644144.074323,0.000000,169.940000,4,0.585373
831828.825143,1644144.074323,0.000000,169.940000,4,0.580873
831828.825143,1644144.074323,0.000000,169.940000,4,0.577093
831828.825143,1644144.074323,0.000000,169.940000,4,0.573918
831828.825143,1644144.074323,0.000000,169.940000,4,0.571251
831828.825143,1644144.074323,0.000000,169.940000,4,0.569010
831828.825143,1644144.074323,0.000000,169.940000,4,0.567128
831828.825143,1644144.074323,0.000000,169.940000,4,0.565547
831828.825143,1644144.074323,0.000000,169.940000,4,0.564219
831828.825143,1644144.074323,0.000000,169.940000,4,0.563104
831828.825143,1644144.074323,0.000000,169.940000,4,0.562167
831828.825143,1644144.074323,0.000000,169.940000,4,0.561380
831828.825143,1644144.074323,0.000000,169.940000,4,0.560719
831828.825143,1644144.074323,0.000000,169.940000,4,0.560163
831828.825143,1644144.074323,0.000000,169.940000,4,0.559697
831828.825143,1644144.074323,0.000000,169.940000,4,0.559305
831828.825143,1644144.074323,0.000000,169.940000,4,0.558976
831828.825143,1644144.074323,0.000000,169.940000,4,0.558699
831828.825143,1644144.074323,0.000000,169.940000,4,0.558467
831828.825143,1644144.074323,0.000000,169.940000,4,0.558272
831828.825143,1644144.074323,0.000000,169.940000,4,0.558108
831828.825143,1644144.074323,0.000000,169.940000,4,0.557970
831828.825143,1644144.074323,0.000000,169.940000,4,0.557855
831828.825143,1644144.074323,0.000000,169.940000,4,0.557758
831828.825143,1644144.074323,0.000000,169.940000,4,0.557676
831828.825143,1644144.074323,0.000000,169.940000,4,0.557607
831828.825143,1644144.074323,0.000000,169.940000,4,0.557550
831828.825143,1644144.074323,0.000000,169.940000,4,0.557501
831828.825143,1644144.074323,0.000000,169.940000,4,0.557461
831828.825143,1644144.074323,0.000000,169.940000,4,0.557427
831828.825143,1644144.074323,0.000000,169.940000,4,0.557398
831828.825143,1644144.074323,0.000000,169.940000,4,0.557374
831828.825143,1644144.074323,0.000000,169.940000,4,0.557354
831828.825143,1644144.074323,0.000000,169.940000,4,0.557337
831828.825143,1644144.074323,0.000000,169.940000,4,0.557322
831828.825143,1644144.074323,0.000000,169.940000,4,0.557311
831828.825143,1644144.074323,0.000000,169.940000,4,0.557300
831828.825143,1644144.074323,0.000000,169.940000,4,0.557292
831828.825143,1644144.074323,0.000000,169.940000,4,0.557285
831828.825143,1644144.074323,0.000000,169.940000,4,0.557279
831828.825143,1644144.074323,0.000000,169.940000,4,0.557274
831828.825143,1644144.074323,0.000000,169.940000,4,0.557270
831828.825143,1644144.074323,0.000000,169.940000,4,0.557266
831828.825143,1644144.074323,0.000000,169.940000,4,0.557263
831828.825143,1644144.074323,0.000000,169.940000,4,0.557261
831828.825143,1644144.074323,0.000000,169.940000,4,0.557259
831828.825143,1644144.074323,0.000000,169.940000,4,0.557257
831828.825143,1644144.074323,0.000000,169.940000,4,0.557255
831828.843096,1644144.074571,0.000000,169.940000,4,0.564582
831828.843096,1644144.074571,0.000000,169.940000,4,0.570736
831828.843096,1644144.074571,0.000000,169.940000,4,0.575906
831828.843096,1644144.074571,0.000000,169.940000,4,0.580248
831828.843096,1644144.074571,0.000000,169.940000,4,0.583896
831828.843096,1644144.074571,0.000000,169.940000,4,0.586960
831828.843096,1644144.074571,0.000000,169.940000,4,0.589534
831828.843096,1644144.074571,0.000000,169.940000,4,0.591696
831828.843096,1644144.074571,0.000000,169.940000,4,0.593512
831828.843096,1644144.074571,0.000000,169.940000,4,0.595038
831828.843096,1644144.074571,0.000000,169.940000,4,0.596319
831828.843096,1644144.074571,0.000000,169.940000,4,0.597396
831828.843096,1644144.074571,0.000000,169.940000,4,0.598300
831828.843096,1644144.074571,0.000000,169.940000,4,0.599059
831828.843096,1644144.074571,0.000000,169.940000,4,0.599697
831828.843096,1644144.074571,0.000000,169.940000,4,0.600233
831828.843096,1644144.074571,0.000000,169.940000,4,0.600683
831828.843096,1644144.074571,0.000000,169.940000,4,0.601061
831828.843096,1644144.074571,0.000000,169.940000,4,0.601379
831828.843096,1644144.074571,0.000000,169.940000,4,0.601646
831828.825143,1644144.074323,0.000000,169.940000,4,0.594542
831828.825143,1644144.074323,0.000000,169.940000,4,0.588575
831828.825143,1644144.074323,0.000000,169.940000,4,0.583563
831828.825143,1644144.074323,0.000000,169.940000,4,0.579352
831828.825143,1644144.074323,0.000000,169.940000,4,0.575815
831828.825143,1644144.074323,0.000000,169.940000,4,0.572845
831828.825143,1644144.074323,0.000000,169.940000,4,0.570349
831828.825143,1644144.074323,0.000000,169.940000,4,0.568253
831828.825143,1644144.074323,0.000000,169.940000,4,0.566492
831828.825143,1644144.074323,0.000000,169.940000,4,0.565013
831828.825143,1644144.074323,0.000000,169.940000,4,0.563770
831828.825143,1644144.074323,0.000000,169.940000,4,0.562727
831828.825143,1644144.074323,0.000000,169.940000,4,0.561850
831828.825143,1644144.074323,0.000000,169.940000,4,0.561114
831828.825143,1644144.074323,0.000000,169.940000,4,0.560495
831828.825143,1644144.074323,0.000000,169.940000,4,0.559976
831828.825143,1644144.074323,0.000000,169.940000,4,0.559539
831828.825143,1644144.074323,0.000000,169.940000,4,0.559172
831828.825143,1644144.074323,0.000000,169.940000,4,0.558864
831828.825143,1644144.074323,0.000000,169.940000,4,0.558606
831828.825143,1644144.074323,0.000000,169.940000,4,0.558388
831828.825143,1644144.074323,0.000000,169.940000,4,0.558206
831828.825143,1644144.074323,0.000000,169.940000,4,0.558053
831828.825143,1644144.074323,0.000000,169.940000,4,0.557924
831828.825143,1644144.074323,0.000000,169.940000,4,0.557816
831828.825143,1644144.074323,0.000000,169.940000,4,0.557725
831828.825143,1644144.074323,0.000000,169.940000,4,0.557648
831828.825143,1644144.074323,0.000000,169.940000,4,0.557584
831828.825143,1644144.074323,0.000000,169.940000,4,0.557530
831828.825143,1644144.074323,0.000000,169.940000,4,0.557485
831828.825143,1644144.074323,0.000000,169.940000,4,0.557447
831828.825143,1644144.074323,0.000000,169.940000,4,0.557415
831828.825143,1644144.074323,0.000000,169.940000,4,0.557388
831828.825143,1644144.074323,0.000000,169.940000,4,0.557366
831828.825143,1644144.074323,0.000000,169.940000,4,0.557347
831828.825143,1644144.074323,0.000000,169.940000,4,0.557331
831828.825143,1644144.074323,0.000000,169.940000,4,0.557318
831828.825143,1644144.074323,0.000000,169.940000,4,0.557306
831828.825143,1644144.074323,0.000000,169.940000,4,0.557297
831828.825143,1644144.074323,0.000000,169.940000,4,0.557289
831828.843096,1644144.074571,0.000000,169.940000,4,0.564610
831828.843096,1644144.074571,0.000000,169.940000,4,0.570760
831828.843096,1644144.074571,0.000000,169.940000,4,0.575926
831828.843096,1644144.074571,0.000000,169.940000,4,0.580265
831828.843096,1644144.074571,0.000000,169.940000,4,0.583910
831828.843096,1644144.074571,0.000000,169.940000,4,0.586972
831828.843096,1644144.074571,0.000000,169.940000,4,0.589544
831828.843096,1644144.074571,0.000000,169.940000,4,0.591704
831828.843096,1644144.074571,0.000000,169.940000,4,0.593519
831828.843096,1644144.074571,0.000000,169.940000,4,0.595044
831828.843096,1644144.074571,0.000000,169.940000,4,0.596324
831828.843096,1644144.074571,0.000000,169.940000,4,0.597400
831828.843096,1644144.074571,0.000000,169.940000,4,0.598303
831828.843096,1644144.074571,0.000000,169.940000,4,0.599062
831828.843096,1644144.074571,0.000000,169.940000,4,0.599700
831828.843096,1644144.074571,0.000000,169.940000,4,0.600235
831828.843096,1644144.074571,0.000000,169.940000,4,0.600685
831828.843096,1644144.074571,0.000000,169.940000,4,0.601063
831828.843096,1644144.074571,0.000000,169.940000,4,0.601380
831828.843096,1644144.074571,0.000000,169.940000,4,0.601647
831828.843096,1644144.074571,0.000000,169.940000,4,0.601871
831828.843096,1644144.074571,0.000000,169.940000,4,0.602059
831828.843096,1644144.074571,0.000000,169.940000,4,0.602217
831828.843096,1644144.074571,0.000000,169.940000,4,0.602350
831828.843096,1644144.074571,0.000000,169.940000,4,0.602461
831828.843096,1644144.074571,0.000000,169.940000,4,0.602555
831828.843096,1644144.074571,0.000000,169.940000,4,0.602634
831828.843096,1644144.074571,0.000000,169.940000,4,0.602700
831828.843096,1644144.074571,0.000000,169.940000,4,0.602755
831828.843096,1644144.074571,0.000000,169.940000,4,0.602802
831828.843096,1644144.074571,0.000000,169.940000,4,0.602841
831828.843096,1644144.074571,0.000000,169.940000,4,0.602874
831828.843096,1644144.074571,0.000000,169.940000,4,0.602902
831828.843096,1644144.074571,0.000000,169.940000,4,0.602925
831828.843096,1644144.074571,0.000000,169.940000,4,0.602944
831828.843096,1644144.074571,0.000000,169.940000,4,0.602961
831828.843096,1644144.074571,0.000000,169.940000,4,0.602974
831828.843096,1644144.074571,0.000000,169.940000,4,0.602986
831828.843096,1644144.074571,0.000000,169.940000,4,0.602996
831828.843096,1644144.074571,0.000000,169.940000,4,0.603004
831828.843096,1644144.074571,0.000000,169.940000,4,0.603011
831828.843096,1644144.074571,0.000000,169.940000,4,0.603016
831828.843096,1644144.074571,0.000000,169.940000,4,0.603021
831828.843096,1644144.074571,0.000000,169.940000,4,0.603025
831828.843096,1644144.074571,0.000000,169.940000,4,0.603029
831828.843096,1644144.074571,0.000000,169.940000,4,0.603032
831828.843096,1644144.074571,0.000000,169.940000,4,0.603034
831828.843096,1644144.074571,0.000000,169.940000,4,0.603036
831828.843096,1644144.074571,0.000000,169.940000,4,0.603038
831828.843096,1644144.074571,0.000000,169.940000,4,0.603039
831828.843096,1644144.074571,0.000000,169.940000,4,0.603040
831828.843096,1644144.074571,0.000000,169.940000,4,0.603041
831828.843096,1644144.074571,0.000000,169.940000,4,0.603042
831828.843096,1644144.074571,0.000000,169.940000,4,0.603043
831828.843096,1644144.074571,0.000000,169.940000,4,0.603044
831828.843096,1644144.074571,0.000000,169.940000,4,0.603044
831828.843096,1644144.074571,0.000000,169.940000,4,0.603044
831828.843096,1644144.074571,0.000000,169.940000,4,0.603045
831828.843096,1644144.074571,0.000000,169.940000,4,0.603045
831828.843096,1644144.074571,0.000000,169.940000,4,0.603045
831828.825143,1644144.074323,0.000000,169.940000,4,0.595718
831828.825143,1644144.074323,0.000000,169.940000,4,0.589562
831828.825143,1644144.074323,0.000000,169.940000,4,0.584392
831828.825143,1644144.074323,0.000000,169.940000,4,0.580049
831828.825143,1644144.074323,0.000000,169.940000,4,0.576401
831828.825143,1644144.074323,0.000000,169.940000,4,0.573336
831828.825143,1644144.074323,0.000000,169.940000,4,0.570762
831828.825143,1644144.074323,0.000000,169.940000,4,0.568600
831828.825143,1644144.074323,0.000000,169.940000,4,0.566783
831828.825143,1644144.074323,0.000000,169.940000,4,0.565258
831828.825143,1644144.074323,0.000000,169.940000,4,0.563976
831828.825143,1644144.074323,0.000000,169.940000,4,0.562899
831828.825143,1644144.074323,0.000000,169.940000,4,0.561995
831828.825143,1644144.074323,0.000000,169.940000,4,0.561236
831828.825143,1644144.074323,0.000000,169.940000,4,0.560597
831828.825143,1644144.074323,0.000000,169.940000,4,0.560061
831828.825143,1644144.074323,0.000000,169.940000,4,0.559611
831828.825143,1644144.074323,0.000000,169.940000,4,0.559233
831828.825143,1644144.074323,0.000000,169.940000,4,0.558915
831828.825143,1644144.074323,0.000000,169.940000,4,0.558649
831828.825143,1644144.074323,0.000000,169.940000,4,0.558424
831828.825143,1644144.074323,0.000000,169.940000,4,0.558236
831828.825143,1644144.074323,0.000000,169.940000,4,0.558078
831828.825143,1644144.074323,0.000000,169.940000,4,0.557945
831828.825143,1644144.074323,0.000000,169.940000,4,0.557833
831828.825143,1644144.074323,0.000000,169.940000,4,0.557740
831828.825143,1644144.074323,0.000000,169.940000,4,0.557661
831828.825143,1644144.074323,0.000000,169.940000,4,0.557595
831828.825143,1644144.074323,0.000000,169.940000,4,0.557539
831828.825143,1644144.074323,0.000000,169.940000,4,0.557493
831828.825143,1644144.074323,0.000000,169.940000,4,0.557453
831828.825143,1644144.074323,0.000000,169.940000,4,0.557420
831828.825143,1644144.074323,0.000000,169.940000,4,0.557393
831828.825143,1644144.074323,0.000000,169.940000,4,0.557370
831828.825143,1644144.074323,0.000000,169.940000,4,0.557350
831828.825143,1644144.074323,0.000000,169.940000,4,0.557334
831828.825143,1644144.074323,0.000000,169.940000,4,0.557320
831828.825143,1644144.074323,0.000000,169.940000,4,0.557308
831828.825143,1644144.074323,0.000000,169.940000,4,0.557299
831828.825143,1644144.074323,0.000000,169.940000,4,0.557290
831828.825143,1644144.074323,0.000000,169.940000,4,0.557284
831828.825143,1644144.074323,0.000000,169.940000,4,0.557278
831828.825143,1644144.074323,0.000000,169.940000,4,0.557273
831828.825143,1644144.074323,0.000000,169.940000,4,0.557269
831828.825143,1644144.074323,0.000000,169.940000,4,0.557265
831828.825143,1644144.074323,0.000000,169.940000,4,0.557263
831828.825143,1644144.074323,0.000000,169.940000,4,0.557260
831828.825143,1644144.074323,0.000000,169.940000,4,0.557258
831828.825143,1644144.074323,0.000000,169.940000,4,0.557256
831828.825143,1644144.074323,0.000000,169.940000,4,0.557255
831828.825143,1644144.074323,0.000000,169.940000,4,0.557254
831828.825143,1644144.074323,0.000000,169.940000,4,0.557253
831828.825143,1644144.074323,0.000000,169.940000,4,0.557252
831828.825143,1644144.074323,0.000000,169.940000,4,0.557251
831828.825143,1644144.074323,0.000000,169.940000,4,0.557251
831828.825143,1644144.074323,0.000000,169.940000,4,0.557250
831828.825143,1644144.074323,0.000000,169.940000,4,0.557250
831828.825143,1644144.074323,0.000000,169.940000,4,0.557249
831828.825143,1644144.074323,0.000000,169.940000,4,0.557249
831828.825143,1644144.074323,0.000000,169.940000,4,0.557249
831828.825143,1644144.074323,0.000000,169.940000,4,0.557249
831828.825143,1644144.074323,0.000000,169.940000,4,0.557248
831828.825143,1644144.074323,0.000000,169.940000,4,0.557248
831828.825143,1644144.074323,0.000000,169.940000,4,0.557248
831828.825143,1644144.074323,0.000000,169.940000,4,0.557248
831828.825143,1644144.074323,0.000000,169.940000,4,0.557248
831828.825143,1644144.074323,0.000000,169.940000,4,0.557248
831828.825143,1644144.074323,0.000000,169.940000,4,0.557248
831828.825143,1644144.074323,0.000000,169.940000,4,0.557248
831828.825143,1644144.074323,0.000000,169.940000,4,0.557248
831828.825143,1644144.074323,0.000000,169.940000,4,0.557248
831828.825143,1644144.074323,0.000000,169.940000,4,0.557248
831828.825143,1644144.074323,0.000000,169.940000,4,0.557248
831828.825143,1644144.074323,0.000000,169.940000,4,0.557248
831828.825143,1644144.074323,0.000000,169.940000,4,0.557248
831828.825143,1644144.074323,0.000000,169.940000,4,0.557248
831828.825143,1644144.074323,0.000000,169.940000,4,0.557248
831828.825143,1644144.074323,0.000000,169.940000,4,0.557248
831828.825143,1644144.074323,0.000000,169.940000,4,0.557248
831828.824888,1644144.092780,0.000000,169.940000,4,0.601984
831828.824888,1644144.092780,0.000000,169.940000,4,0.639563
831828.824888,1644144.092780,0.000000,169.940000,4,0.671130
831828.824888,1644144.092780,0.000000,169.940000,4,0.697645
831828.824888,1644144.092780,0.000000,169.940000,4,0.719919
831828.824888,1644144.092780,0.000000,169.940000,4,0.738628
831828.824888,1644144.092780,0.000000,169.940000,4,0.754344
831828.824888,1644144.092780,0.000000,169.940000,4,0.767546
831828.824888,1644144.092780,0.000000,169.940000,4,0.778635
831828.824888,1644144.092780,0.000000,169.940000,4,0.787950
831828.824888,1644144.092780,0.000000,169.940000,4,0.795774
831828.824888,1644144.092780,0.000000,169.940000,4,0.802347
831828.824888,1644144.092780,0.000000,169.940000,4,0.807868
831828.824888,1644144.092780,0.000000,169.940000,4,0.812505
831828.824888,1644144.092780,0.000000,169.940000,4,0.816401
831828.824888,1644144.092780,0.000000,169.940000,4,0.819673
831828.824888,1644144.092780,0.000000,169.940000,4,0.822422
831828.824888,1644144.092780,0.000000,169.940000,4,0.824731
831828.824888,1644144.092780,0.000000,169.940000,4,0.826671
831828.824888,1644144.092780,0.000000,169.940000,4,0.828300
831828.824888,1644144.092780,0.000000,169.940000,4,0.829668
831828.806935,1644144.092532,0.000000,169.940000,4,0.823776
831828.806935,1644144.092532,0.000000,169.940000,4,0.818826
831828.806935,1644144.092532,0.000000,169.940000,4,0.814668
831828.806935,1644144.092532,0.000000,169.940000,4,0.811176
831828.806935,1644144.092532,0.000000,169.940000,4,0.808242
831828.806935,1644144.092532,0.000000,169.940000,4,0.805778
831828.806935,1644144.092532,0.000000,169.940000,4,0.803708
831828.806935,1644144.092532,0.000000,169.940000,4,0.801969
831828.806935,1644144.092532,0.000000,169.940000,4,0.800508
831828.806935,1644144.092532,0.000000,169.940000,4,0.799282
831828.806935,1644144.092532,0.000000,169.940000,4,0.798251
831828.806935,1644144.092532,0.000000,169.940000,4,0.797385
831828.806935,1644144.092532,0.000000,169.940000,4,0.796658
831828.806935,1644144.092532,0.000000,169.940000,4,0.796047
831828.806935,1644144.092532,0.000000,169.940000,4,0.795534
831828.806935,1644144.092532,0.000000,169.940000,4,0.795103
831828.806935,1644144.092532,0.000000,169.940000,4,0.794741
831828.806935,1644144.092532,0.000000,169.940000,4,0.794437
831828.806935,1644144.092532,0.000000,169.940000,4,0.794181
831828.806935,1644144.092532,0.000000,169.940000,5,0.793967
831828.806935,1644144.092532,0.000000,169.940000,5,0.793787
831828.806935,1644144.092532,0.000000,169.940000,5,0.793635
831828.806935,1644144.092532,0.000000,169.940000,5,0.793508
831828.806935,1644144.092532,0.000000,169.940000,5,0.793401
831828.806935,1644144.092532,0.000000,169.940000,5,0.793311
831828.806935,1644144.092532,0.000000,169.940000,5,0.793236
831828.806935,1644144.092532,0.000000,169.940000,5,0.793173
831828.806935,1644144.092532,0.000000,169.940000,5,0.793120
831828.806935,1644144.092532,0.000000,169.940000,5,0.793075
831828.806935,1644144.092532,0.000000,169.940000,5,0.793037
831828.806935,1644144.092532,0.000000,169.940000,5,0.793006
831828.806935,1644144.092532,0.000000,169.940000,5,0.792979
831828.806935,1644144.092532,0.000000,169.940000,5,0.792957
831828.806935,1644144.092532,0.000000,169.940000,5,0.792938
831828.806935,1644144.092532,0.000000,169.940000,5,0.792923
831828.806935,1644144.092532,0.000000,169.940000,5,0.792910
831828.806935,1644144.092532,0.000000,169.940000,5,0.792898
831828.806935,1644144.092532,0.000000,169.940000,5,0.792889
831828.806935,1644144.092532,0.000000,169.940000,5,0.792881
831828.806935,1644144.092532,0.000000,169.940000,5,0.792875
831828.806935,1644144.092532,0.000000,169.940000,5,0.792869
831828.806935,1644144.092532,0.000000,169.940000,5,0.792865
831828.806935,1644144.092532,0.000000,169.940000,5,0.792861
831828.806935,1644144.092532,0.000000,169.940000,5,0.792857
831828.806935,1644144.092532,0.000000,169.940000,5,0.792855
831828.806935,1644144.092532,0.000000,169.940000,5,0.792852
831828.806935,1644144.092532,0.000000,169.940000,5,0.792850
831828.806935,1644144.092532,0.000000,169.940000,5,0.792849
831828.806935,1644144.092532,0.000000,169.940000,5,0.792847
831828.806935,1644144.092532,0.000000,169.940000,5,0.792846
831828.806935,1644144.092532,0.000000,169.940000,5,0.792845
831828.806935,1644144.092532,0.000000,169.940000,5,0.792845
831828.806935,1644144.092532,0.000000,169.940000,5,0.792844
831828.806935,1644144.092532,0.000000,169.940000,5,0.792843
831828.806935,1644144.092532,0.000000,169.940000,5,0.792843
831828.806935,1644144.092532,0.000000,169.940000,5,0.792842
831828.806935,1644144.092532,0.000000,169.940000,5,0.792842
831828.806935,1644144.092532,0.000000,169.940000,5,0.792842
831828.806935,1644144.092532,0.000000,169.940000,5,0.792842
831828.806935,1644144.092532,0.000000,169.940000,5,0.792841
831828.806935,1644144.092532,0.000000,169.940000,5,0.792841
831828.806935,1644144.092532,0.000000,169.940000,5,0.792841
831828.806935,1644144.092532,0.000000,169.940000,5,0.792841
831828.806935,1644144.092532,0.000000,169.940000,5,0.792841
831828.806935,1644144.092532,0.000000,169.940000,5,0.792841
831828.806935,1644144.092532,0.000000,169.940000,5,0.792841
831828.806935,1644144.092532,0.000000,169.940000,5,0.792841
831828.806935,1644144.092532,0.000000,169.940000,5,0.792841
831828.806935,1644144.092532,0.000000,169.940000,5,0.792841
831828.806935,1644144.092532,0.000000,169.940000,5,0.792840
831828.806935,1644144.092532,0.000000,169.940000,5,0.792840
831828.806935,1644144.092532,0.000000,169.940000,5,0.792840
831828.806935,1644144.092532,0.000000,169.940000,5,0.792840
831828.806935,1644144.092532,0.000000,169.940000,5,0.792840
831828.806935,1644144.092532,0.000000,169.940000,5,0.792840
831828.806935,1644144.092532,0.000000,169.940000,5,0.792840
831828.806935,1644144.092532,0.000000,169.940000,5,0.792840
831828.806935,1644144.092532,0.000000,169.940000,5,0.792840
831828.806935,1644144.092532,0.000000,169.940000,5,0.792840
831828.806935,1644144.092532,0.000000,169.940000,5,0.792840
831828.806935,1644144.092532,0.000000,169.940000,5,0.792840
831828.806935,1644144.092532,0.000000,169.940000,5,0.792840
831828.806935,1644144.092532,0.000000,169.940000,5,0.792840
831828.806935,1644144.092532,0.000000,169.940000,5,0.792840
831828.806935,1644144.092532,0.000000,169.940000,5,0.792840
831828.806935,1644144.092532,0.000000,169.940000,5,0.792840
831828.806935,1644144.092532,0.000000,169.940000,5,0.792840
831828.806935,1644144.092532,0.000000,169.940000,5,0.792840
831828.806935,1644144.092532,0.000000,169.940000,5,0.792840
831828.806935,1644144.092532,0.000000,169.940000,5,0.792840
831828.806935,1644144.092532,0.000000,169.940000,5,0.792840
831828.806935,1644144.092532,0.000000,169.940000,5,0.792840
831828.806935,1644144.092532,0.000000,169.940000,5,0.792840
831828.806935,1644144.092532,0.000000,169.940000,5,0.792840
831828.806935,1644144.092532,0.000000,169.940000,5,0.792840
831828.806935,1644144.092532,0.000000,169.940000,5,0.792840
831828.806935,1644144.092532,0.000000,169.940000,5,0.792840
831828.806935,1644144.092532,0.000000,169.940000,5,0.792840
831828.806935,1644144.092532,0.000000,169.940000,5,0.792840
831828.806935,1644144.092532,0.000000,169.940000,5,0.792840
831828.806935,1644144.092532,0.000000,169.940000,5,0.792840
831828.806935,1644144.092532,0.000000,169.940000,5,0.792840
831828.806935,1644144.092532,0.000000,169.940000,5,0.792840
831828.806935,1644144.092532,0.000000,169.940000,5,0.792840
831828.806935,1644144.092532,0.000000,169.940000,5,0.792840
831828.806935,1644144.092532,0.000000,169.940000,5,0.792840
831828.806935,1644144.092532,0.000000,169.940000,5,0.792840
831828.806935,1644144.092532,0.000000,169.940000,5,0.792840
831828.806935,1644144.092532,0.000000,169.940000,5,0.792840
831828.806935,1644144.092532,0.000000,169.940000,5,0.792840
831828.806935,1644144.092532,0.000000,169.940000,5,0.792840
831828.806935,1644144.092532,0.000000,169.940000,5,0.792840
831828.806935,1644144.092532,0.000000,169.940000,5,0.792840
831828.806935,1644144.092532,0.000000,169.940000,5,0.792840
831828.806935,1644144.092532,0.000000,169.940000,5,0.792840
831828.806935,1644144.092532,0.000000,169.940000,5,0.792840
831828.806935,1644144.092532,0.000000,169.940000,5,0.792840
831828.806935,1644144.092532,0.000000,169.940000,5,0.792840
831828.806935,1644144.092532,0.000000,169.940000,5,0.792840
831828.806935,1644144.092532,0.000000,169.940000,5,0.792840
831828.806935,1644144.092532,0.000000,169.940000,5,0.792840
831828.806935,1644144.092532,0.000000,169.940000,5,0.792840
831828.806935,1644144.092532,0.000000,169.940000,5,0.792840
831828.806935,1644144.092532,0.000000,169.940000,5,0.792840
831828.806935,1644144.092532,0.000000,169.940000,5,0.792840
831828.806935,1644144.092532,0.000000,169.940000,5,0.792840
831828.806935,1644144.092532,0.000000,169.940000,5,0.792840
831828.806935,1644144.092532,0.000000,169.940000,5,0.792840
831828.806935,1644144.092532,0.000000,169.940000,5,0.792840
831828.806935,1644144.092532,0.000000,169.940000,5,0.792840
831828.806935,1644144.092532,0.000000,169.940000,5,0.792840
831828.806935,1644144.092532,0.000000,169.940000,5,0.792840
831828.806935,1644144.092532,0.000000,169.940000,5,0.792840
831828.806935,1644144.092532,0.000000,169.940000,5,0.792840
831828.806935,1644144.092532,0.000000,169.940000,5,0.792840
831828.806935,1644144.092532,0.000000,169.940000,5,0.792840
831828.806935,1644144.092532,0.000000,169.940000,5,0.792840
831828.806935,1644144.092532,0.000000,169.940000,5,0.792840
831828.806935,1644144.092532,0.000000,169.940000,5,0.792840
831828.806935,1644144.092532,0.000000,169.940000,5,0.792840
831828.861049,1644144.074819,0.000000,169.940000,4,0.769652
831828.861049,1644144.074819,0.000000,169.940000,4,0.750173
831828.861049,1644144.074819,0.000000,169.940000,4,0.733811
831828.861049,1644144.074819,0.000000,169.940000,4,0.720067
831828.861049,1644144.074819,0.000000,169.940000,4,0.708522
831828.861049,1644144.074819,0.000000,169.940000,4,0.698825
831828.861049,1644144.074819,0.000000,169.940000,4,0.690679
831828.861049,1644144.074819,0.000000,169.940000,4,0.683836
831828.861049,1644144.074819,0.000000,169.940000,4,0.678088
831828.861049,1644144.074819,0.000000,169.940000,4,0.673260
831828.861049,1644144.074819,0.000000,169.940000,4,0.669204
831828.861049,1644144.074819,0.000000,169.940000,4,0.665797
831828.861049,1644144.074819,0.000000,169.940000,4,0.662935
831828.861049,1644144.074819,0.000000,169.940000,4,0.660532
831828.861049,1644144.074819,0.000000,169.940000,4,0.658512
831828.861049,1644144.074819,0.000000,169.940000,4,0.656816
831828.861049,1644144.074819,0.000000,169.940000,4,0.655391
831828.861049,1644144.074819,0.000000,169.940000,4,0.654195
831828.861049,1644144.074819,0.000000,169.940000,4,0.653189
831828.861049,1644144.074819,0.000000,169.940000,4,0.652345
831828.879002,1644144.075067,0.000000,169.940000,4,0.658668
831828.879002,1644144.075067,0.000000,169.940000,4,0.663979
831828.879002,1644144.075067,0.000000,169.940000,4,0.668440
831828.879002,1644144.075067,0.000000,169.940000,4,0.672188
831828.879002,1644144.075067,0.000000,169.940000,4,0.675336
831828.879002,1644144.075067,0.000000,169.940000,4,0.677980
831828.879002,1644144.075067,0.000000,169.940000,4,0.680201
831828.879002,1644144.075067,0.000000,169.940000,4,0.682067
831828.879002,1644144.075067,0.000000,169.940000,4,0.683634
831828.879002,1644144.075067,0.000000,169.940000,4,0.684951
831828.879002,1644144.075067,0.000000,169.940000,4,0.686057
831828.879002,1644144.075067,0.000000,169.940000,4,0.686986
831828.879002,1644144.075067,0.000000,169.940000,4,0.687766
831828.879002,1644144.075067,0.000000,169.940000,4,0.688422
831828.879002,1644144.075067,0.000000,169.940000,4,0.688972
831828.879002,1644144.075067,0.000000,169.940000,4,0.689435
831828.879002,1644144.075067,0.000000,169.940000,4,0.689823
831828.879002,1644144.075067,0.000000,169.940000,4,0.690149
831828.879002,1644144.075067,0.000000,169.940000,4,0.690424
831828.879002,1644144.075067,0.000000,169.940000,4,0.690654
831828.879002,1644144.075067,0.000000,169.940000,4,0.690847
831828.879002,1644144.075067,0.000000,169.940000,4,0.691010
831828.879002,1644144.075067,0.000000,169.940000,4,0.691146
831828.879002,1644144.075067,0.000000,169.940000,4,0.691261
831828.879002,1644144.075067,0.000000,169.940000,4,0.691357
831828.879002,1644144.075067,0.000000,169.940000,4,0.691438
831828.879002,1644144.075067,0.000000,169.940000,4,0.691506
831828.879002,1644144.075067,0.000000,169.940000,4,0.691563
831828.879002,1644144.075067,0.000000,169.940000,4,0.691611
831828.879002,1644144.075067,0.000000,169.940000,4,0.691651
831828.879002,1644144.075067,0.000000,169.940000,4,0.691685
831828.879002,1644144.075067,0.000000,169.940000,4,0.691713
831828.879002,1644144.075067,0.000000,169.940000,4,0.691737
831828.879002,1644144.075067,0.000000,169.940000,4,0.691757
831828.879002,1644144.075067,0.000000,169.940000,4,0.691774
831828.879002,1644144.075067,0.000000,169.940000,4,0.691788
831828.879002,1644144.075067,0.000000,169.940000,4,0.691800
831828.879002,1644144.075067,0.000000,169.940000,4,0.691810
831828.879002,1644144.075067,0.000000,169.940000,4,0.691819
831828.879002,1644144.075067,0.000000,169.940000,4,0.691826
831828.879002,1644144.075067,0.000000,169.940000,4,0.691832
831828.879002,1644144.075067,0.000000,169.940000,4,0.691837
831828.879002,1644144.075067,0.000000,169.940000,4,0.691841
831828.879002,1644144.075067,0.000000,169.940000,4,0.691844
831828.879002,1644144.075067,0.000000,169.940000,4,0.691847
831828.879002,1644144.075067,0.000000,169.940000,4,0.691850
831828.879002,1644144.075067,0.000000,169.940000,4,0.691852
831828.879002,1644144.075067,0.000000,169.940000,4,0.691853
831828.879002,1644144.075067,0.000000,169.940000,4,0.691855
831828.879002,1644144.075067,0.000000,169.940000,4,0.691856
831828.879002,1644144.075067,0.000000,169.940000,4,0.691857
831828.879002,1644144.075067,0.000000,169.940000,4,0.691858
831828.879002,1644144.075067,0.000000,169.940000,4,0.691859
831828.879002,1644144.075067,0.000000,169.940000,4,0.691859
831828.879002,1644144.075067,0.000000,169.940000,4,0.691860
831828.879002,1644144.075067,0.000000,169.940000,4,0.691860
831828.879002,1644144.075067,0.000000,169.940000,4,0.691861
831828.879002,1644144.075067,0.000000,169.940000,4,0.691861
831828.879002,1644144.075067,0.000000,169.940000,4,0.691861
831828.879002,1644144.075067,0.000000,169.940000,4,0.691862
831828.879002,1644144.075067,0.000000,169.940000,4,0.691862
831828.879002,1644144.075067,0.000000,169.940000,4,0.691862
831828.879002,1644144.075067,0.000000,169.940000,4,0.691862
831828.879002,1644144.075067,0.000000,169.940000,4,0.691862
831828.879002,1644144.075067,0.000000,169.940000,4,0.691862
831828.879002,1644144.075067,0.000000,169.940000,4,0.691862
831828.879002,1644144.075067,0.000000,169.940000,4,0.691862
831828.879002,1644144.075067,0.000000,169.940000,4,0.691862
831828.879002,1644144.075067,0.000000,169.940000,4,0.691862
831828.879002,1644144.075067,0.000000,169.940000,4,0.691862
831828.879002,1644144.075067,0.000000,169.940000,4,0.691862
831828.879002,1644144.075067,0.000000,169.940000,4,0.691863
831828.879002,1644144.075067,0.000000,169.940000,4,0.691863
831828.879002,1644144.075067,0.000000,169.940000,4,0.691863
831828.879002,1644144.075067,0.000000,169.940000,4,0.691863
831828.879002,1644144.075067,0.000000,169.940000,4,0.691863
831828.879002,1644144.075067,0.000000,169.940000,4,0.691863
831828.879002,1644144.075067,0.000000,169.940000,4,0.691863
831828.879002,1644144.075067,0.000000,169.940000,4,0.691863
831828.879002,1644144.075067,0.000000,169.940000,4,0.691863
831828.879002,1644144.075067,0.000000,169.940000,4,0.691863
831828.879002,1644144.075067,0.000000,169.940000,4,0.691863
831828.879002,1644144.075067,0.000000,169.940000,4,0.691863
831828.879002,1644144.075067,0.000000,169.940000,4,0.691863
831828.879002,1644144.075067,0.000000,169.940000,4,0.691863
831828.879002,1644144.075067,0.000000,169.940000,4,0.691863
831828.879002,1644144.075067,0.000000,169.940000,4,0.691863
831828.879002,1644144.075067,0.000000,169.940000,4,0.691863
831828.879002,1644144.075067,0.000000,169.940000,4,0.691863
831828.879002,1644144.075067,0.000000,169.940000,4,0.691863
831828.879002,1644144.075067,0.000000,169.940000,4,0.691863
831828.879002,1644144.075067,0.000000,169.940000,4,0.691863
831828.879002,1644144.075067,0.000000,169.940000,4,0.691863
831828.879002,1644144.075067,0.000000,169.940000,4,0.691863
831828.879002,1644144.075067,0.000000,169.940000,4,0.691863
831828.879002,1644144.075067,0.000000,169.940000,4,0.691863
831828.879002,1644144.075067,0.000000,169.940000,4,0.691863
831828.879002,1644144.075067,0.000000,169.940000,4,0.691863
831828.879002,1644144.075067,0.000000,169.940000,4,0.691863
831828.879002,1644144.075067,0.000000,169.940000,4,0.691863
831828.879002,1644144.075067,0.000000,169.940000,4,0.691863
831828.879002,1644144.075067,0.000000,169.940000,4,0.691863
831828.879002,1644144.075067,0.000000,169.940000,4,0.691863
831828.879002,1644144.075067,0.000000,169.940000,4,0.691863
831828.879002,1644144.075067,0.000000,169.940000,4,0.691863
831828.879002,1644144.075067,0.000000,169.940000,4,0.691863
831828.879002,1644144.075067,0.000000,169.940000,4,0.691863
831828.879002,1644144.075067,0.000000,169.940000,4,0.691863
831828.879002,1644144.075067,0.000000,169.940000,4,0.691863
831828.879002,1644144.075067,0.000000,169.940000,4,0.691863
831828.879002,1644144.075067,0.000000,169.940000,4,0.691863
831828.879002,1644144.075067,0.000000,169.940000,4,0.691863
831828.879002,1644144.075067,0.000000,169.940000,4,0.691863
831828.879002,1644144.075067,0.000000,169.940000,4,0.691863
831828.879002,1644144.075067,0.000000,169.940000,4,0.691863
831828.879002,1644144.075067,0.000000,169.940000,4,0.691863
831828.879002,1644144.075067,0.000000,169.940000,4,0.691863
831828.879002,1644144.075067,0.000000,169.940000,4,0.691863
831828.879002,1644144.075067,0.000000,169.940000,4,0.691863
831828.879002,1644144.075067,0.000000,169.940000,4,0.691863
831828.879002,1644144.075067,0.000000,169.940000,4,0.691863
831828.879002,1644144.075067,0.000000,169.940000,4,0.691863
831828.879002,1644144.075067,0.000000,169.940000,4,0.691863
831828.879002,1644144.075067,0.000000,169.940000,4,0.691863
831828.879002,1644144.075067,0.000000,169.940000,4,0.691863
831828.879002,1644144.075067,0.000000,169.940000,4,0.691863
831828.879002,1644144.075067,0.000000,169.940000,4,0.691863
831828.879002,1644144.075067,0.000000,169.940000,4,0.691863
831828.879002,1644144.075067,0.000000,169.940000,4,0.691863
831828.879002,1644144.075067,0.000000,169.940000,4,0.691863
831828.879002,1644144.075067,0.000000,169.940000,4,0.691863
831828.879002,1644144.075067,0.000000,169.940000,4,0.691863
831828.879002,1644144.075067,0.000000,169.940000,4,0.691863
831828.879002,1644144.075067,0.000000,169.940000,4,0.691863
831828.879002,1644144.075067,0.000000,169.940000,4,0.691863
831828.879002,1644144.075067,0.000000,169.940000,4,0.691863
831828.879002,1644144.075067,0.000000,169.940000,4,0.691863
831828.879002,1644144.075067,0.000000,169.940000,4,0.691863
831828.879002,1644144.075067,0.000000,169.940000,4,0.691863
831828.879002,1644144.075067,0.000000,169.940000,4,0.691863
831828.879002,1644144.075067,0.000000,169.940000,4,0.691863
831828.879002,1644144.075067,0.000000,169.940000,4,0.691863
831828.879002,1644144.075067,0.000000,169.940000,4,0.691863
831828.879002,1644144.075067,0.000000,169.940000,4,0.691863
831828.879002,1644144.075067,0.000000,169.940000,4,0.691863
831828.879002,1644144.075067,0.000000,169.940000,4,0.691863
831828.879002,1644144.075067,0.000000,169.940000,4,0.691863
831828.879002,1644144.075067,0.000000,169.940000,4,0.691863
831828.879002,1644144.075067,0.000000,169.940000,4,0.691863
831828.879002,1644144.075067,0.000000,169.940000,4,0.691863
831828.879002,1644144.075067,0.000000,169.940000,4,0.691863
831828.879002,1644144.075067,0.000000,169.940000,4,0.691863
831828.879002,1644144.075067,0.000000,169.940000,4,0.691863
831828.879002,1644144.075067,0.000000,169.940000,4,0.691863
831828.879002,1644144.075067,0.000000,169.940000,4,0.691863
831828.879002,1644144.075067,0.000000,169.940000,4,0.691863
831828.879002,1644144.075067,0.000000,169.940000,4,0.691863
831828.879002,1644144.075067,0.000000,169.940000,4,0.691863
831828.879002,1644144.075067,0.000000,169.940000,4,0.691863
831828.879002,1644144.075067,0.000000,169.940000,4,0.691863
831828.879002,1644144.075067,0.000000,169.940000,4,0.691863
831828.879002,1644144.075067,0.000000,169.940000,4,0.691863
831828.879002,1644144.075067,0.000000,169.940000,4,0.691863
831828.879002,1644144.075067,0.000000,169.940000,4,0.691863
831828.879002,1644144.075067,0.000000,169.940000,4,0.691863
831828.879002,1644144.075067,0.000000,169.940000,4,0.691863
831828.879002,1644144.075067,0.000000,169.940000,4,0.691863
831828.879002,1644144.075067,0.000000,169.940000,4,0.691863
831828.879002,1644144.075067,0.000000,169.940000,4,0.691863
831828.879002,1644144.075067,0.000000,169.940000,4,0.691863
831828.879002,1644144.075067,0.000000,169.940000,4,0.691863
831828.879002,1644144.075067,0.000000,169.940000,4,0.691863
831828.879002,1644144.075067,0.000000,169.940000,4,0.691863
831828.879002,1644144.075067,0.000000,169.940000,4,0.691863
831828.879002,1644144.075067,0.000000,169.940000,4,0.691863
831828.879002,1644144.075067,0.000000,169.940000,4,0.691863
831828.879002,1644144.075067,0.000000,169.940000,4,0.691863
831828.879002,1644144.075067,0.000000,169.940000,4,0.691863
831828.879002,1644144.075067,0.000000,169.940000,4,0.691863
831828.879002,1644144.075067,0.000000,169.940000,4,0.691863
831828.879002,1644144.075067,0.000000,169.940000,4,0.691863
831828.879002,1644144.075067,0.000000,169.940000,4,0.691863
831828.879002,1644144.075067,0.000000,169.940000,4,0.691863
831828.879002,1644144.075067,0.000000,169.940000,4,0.691863
831828.879002,1644144.075067,0.000000,169.940000,4,0.691863
831828.879002,1644144.075067,0.000000,169.940000,4,0.691863
831828.879002,1644144.075067,0.000000,169.940000,4,0.691863
831828.879002,1644144.075067,0.000000,169.940000,4,0.691863
831828.879002,1644144.075067,0.000000,169.940000,4,0.691863
831828.879002,1644144.075067,0.000000,169.940000,4,0.691863
831828.879002,1644144.075067,0.000000,169.940000,4,0.691863
831828.879002,1644144.075067,0.000000,169.940000,4,0.691863
831828.879002,1644144.075067,0.000000,169.940000,4,0.691863
831828.879002,1644144.075067,0.000000,169.940000,4,0.691863
831828.879002,1644144.075067,0.000000,169.940000,4,0.691863
831828.879002,1644144.075067,0.000000,169.940000,4,0.691863
831828.879002,1644144.075067,0.000000,169.940000,4,0.691863
831828.879002,1644144.075067,0.000000,169.940000,4,0.691863
831828.879002,1644144.075067,0.000000,169.940000,4,0.691863
831828.879002,1644144.075067,0.000000,169.940000,4,0.691863
831828.879002,1644144.075067,0.000000,169.940000,4,0.691863
831828.879002,1644144.075067,0.000000,169.940000,4,0.691863
831828.879002,1644144.075067,0.000000,169.940000,4,0.691863
831828.879002,1644144.075067,0.000000,169.940000,4,0.691863
831828.879002,1644144.075067,0.000000,169.940000,4,0.691863
831828.879002,1644144.075067,0.000000,169.940000,4,0.691863
831828.879002,1644144.075067,0.000000,169.940000,4,0.691863
831828.879002,1644144.075067,0.000000,169.940000,4,0.691863
831828.879002,1644144.075067,0.000000,169.940000,4,0.691863
831828.879002,1644144.075067,0.000000,169.940000,4,0.691863
831828.879002,1644144.075067,0.000000,169.940000,4,0.691863
831828.879002,1644144.075067,0.000000,169.940000,4,0.691863
831828.879002,1644144.075067,0.000000,169.940000,4,0.691863
831828.879002,1644144.075067,0.000000,169.940000,4,0.691863
831828.879002,1644144.075067,0.000000,169.940000,4,0.691863
831828.879002,1644144.075067,0.000000,169.940000,4,0.691863
831828.879002,1644144.075067,0.000000,169.940000,4,0.691863
831828.879002,1644144.075067,0.000000,169.940000,4,0.691863
831828.879002,1644144.075067,0.000000,169.940000,4,0.691863
831828.879002,1644144.075067,0.000000,169.940000,4,0.691863
831828.879002,1644144.075067,0.000000,169.940000,4,0.691863
831828.879002,1644144.075067,0.000000,169.940000,4,0.691863
831828.879002,1644144.075067,0.000000,169.940000,4,0.691863
831828.879002,1644144.075067,0.000000,169.940000,4,0.691863
831828.879002,1644144.075067,0.000000,169.940000,4,0.691863
831828.879002,1644144.075067,0.000000,169.940000,4,0.691863
831828.879002,1644144.075067,0.000000,169.940000,4,0.691863
831828.879002,1644144.075067,0.000000,169.940000,4,0.691863
831828.879002,1644144.075067,0.000000,169.940000,4,0.691863
831828.879002,1644144.075067,0.000000,169.940000,4,0.691863
831828.879002,1644144.075067,0.000000,169.940000,4,0.691863
831828.879002,1644144.075067,0.000000,169.940000,4,0.691863
831828.879002,1644144.075067,0.000000,169.940000,4,0.691863
831828.879002,1644144.075067,0.000000,169.940000,4,0.691863
831828.879002,1644144.075067,0.000000,169.940000,4,0.691863
831828.879002,1644144.075067,0.000000,169.940000,4,0.691863
831828.879002,1644144.075067,0.000000,169.940000,4,0.691863
831828.879002,1644144.075067,0.000000,169.940000,4,0.691863
831828.879002,1644144.075067,0.000000,169.940000,4,0.691863
831828.879002,1644144.075067,0.000000,169.940000,4,0.691863
831828.879002,1644144.075067,0.000000,169.940000,4,0.691863
831828.879002,1644144.075067,0.000000,169.940000,4,0.691863
831828.879002,1644144.075067,0.000000,169.940000,4,0.691863
831828.879002,1644144.075067,0.000000,169.940000,4,0.691863
831828.879002,1644144.075067,0.000000,169.940000,4,0.691863
831828.879002,1644144.075067,0.000000,169.940000,4,0.691863
831828.879002,1644144.075067,0.000000,169.940000,4,0.691863
831828.879002,1644144.075067,0.000000,169.940000,4,0.691863
831828.879002,1644144.075067,0.000000,169.940000,4,0.691863
831828.879002,1644144.075067,0.000000,169.940000,4,0.691863
831828.879002,1644144.075067,0.000000,169.940000,4,0.691863
831828.879002,1644144.075067,0.000000,169.940000,4,0.691863
831828.879002,1644144.075067,0.000000,169.940000,4,0.691863
831828.879002,1644144.075067,0.000000,169.940000,4,0.691863
831828.879002,1644144.075067,0.000000,169.940000,4,0.691863
831828.879002,1644144.075067,0.000000,169.940000,4,0.691863
831828.879002,1644144.075067,0.000000,169.940000,4,0.691863
831828.879002,1644144.075067,0.000000,169.940000,4,0.691863
831828.879002,1644144.075067,0.000000,169.940000,4,0.691863
831828.879002,1644144.075067,0.000000,169.940000,4,0.691863
831828.879002,1644144.075067,0.000000,169.940000,4,0.691863
831828.879002,1644144.075067,0.000000,169.940000,4,0.691863
831828.879002,1644144.075067,0.000000,169.940000,4,0.691863
831828.879002,1644144.075067,0.000000,169.940000,4,0.691863
831828.879002,1644144.075067,0.000000,169.940000,4,0.691863
831828.879002,1644144.075067,0.000000,169.940000,4,0.691863
831828.879002,1644144.075067,0.000000,169.940000,4,0.691863
831828.879002,1644144.075067,0.000000,169.940000,4,0.691863
831828.879002,1644144.075067,0.000000,169.940000,4,0.691863
831828.879002,1644144.075067,0.000000,169.940000,4,0.691863
831828.879002,1644144.075067,0.000000,169.940000,4,0.691863
831828.879002,1644144.075067,0.000000,169.940000,4,0.691863
831828.879002,1644144.075067,0.000000,169.940000,4,0.691863
831828.879002,1644144.075067,0.000000,169.940000,4,0.691863
831828.879002,1644144.075067,0.000000,169.940000,4,0.691863
831828.879002,1644144.075067,0.000000,169.940000,4,0.691863
831828.879002,1644144.075067,0.000000,169.940000,4,0.691863
831828.879002,1644144.075067,0.000000,169.940000,4,0.691863
831828.879002,1644144.075067,0.000000,169.940000,4,0.691863
831828.879002,1644144.075067,0.000000,169.940000,4,0.691863
831828.861049,1644144.074819,0.000000,169.940000,4,0.684830
831828.861049,1644144.074819,0.000000,169.940000,4,0.678923
831828.861049,1644144.074819,0.000000,169.940000,4,0.673962
831828.861049,1644144.074819,0.000000,169.940000,4,0.669793
831828.861049,1644144.074819,0.000000,169.940000,4,0.666292
831828.861049,1644144.074819,0.000000,169.940000,4,0.663351
831828.861049,1644144.074819,0.000000,169.940000,4,0.660881
831828.861049,1644144.074819,0.000000,169.940000,4,0.658806
831828.861049,1644144.074819,0.000000,169.940000,4,0.657063
831828.861049,1644144.074819,0.000000,169.940000,4,0.655599
831828.861049,1644144.074819,0.000000,169.940000,4,0.654369
831828.861049,1644144.074819,0.000000,169.940000,4,0.653335
831828.861049,1644144.074819,0.000000,169.940000,4,0.652468
831828.861049,1644144.074819,0.000000,169.940000,4,0.651739
831828.861049,1644144.074819,0.000000,169.940000,4,0.651126
831828.861049,1644144.074819,0.000000,169.940000,4,0.650612
831828.861049,1644144.074819,0.000000,169.940000,4,0.650180
831828.861049,1644144.074819,0.000000,169.940000,4,0.649817
831828.861049,1644144.074819,0.000000,169.940000,4,0.649512
831828.861049,1644144.074819,0.000000,169.940000,4,0.649256
831828.861049,1644144.074819,0.000000,169.940000,4,0.649041
831828.861049,1644144.074819,0.000000,169.940000,4,0.648860
831828.861049,1644144.074819,0.000000,169.940000,4,0.648708
831828.861049,1644144.074819,0.000000,169.940000,4,0.648581
831828.861049,1644144.074819,0.000000,169.940000,4,0.648474
831828.861049,1644144.074819,0.000000,169.940000,4,0.648384
831828.861049,1644144.074819,0.000000,169.940000,4,0.648308
831828.861049,1644144.074819,0.000000,169.940000,4,0.648245
831828.861049,1644144.074819,0.000000,169.940000,4,0.648191
831828.861049,1644144.074819,0.000000,169.940000,4,0.648147
831828.861049,1644144.074819,0.000000,169.940000,4,0.648109
831828.861049,1644144.074819,0.000000,169.940000,4,0.648077
831828.861049,1644144.074819,0.000000,169.940000,4,0.648051
831828.861049,1644144.074819,0.000000,169.940000,4,0.648029
831828.861049,1644144.074819,0.000000,169.940000,4,0.648010
831828.861049,1644144.074819,0.000000,169.940000,4,0.647994
831828.861049,1644144.074819,0.000000,169.940000,4,0.647981
831828.861049,1644144.074819,0.000000,169.940000,4,0.647970
831828.861049,1644144.074819,0.000000,169.940000,4,0.647960
831828.861049,1644144.074819,0.000000,169.940000,4,0.647953
831828.861049,1644144.074819,0.000000,169.940000,4,0.647946
831828.861049,1644144.074819,0.000000,169.940000,4,0.647940
831828.861049,1644144.074819,0.000000,169.940000,4,0.647936
831828.861049,1644144.074819,0.000000,169.940000,4,0.647932
831828.861049,1644144.074819,0.000000,169.940000,4,0.647929
831828.861049,1644144.074819,0.000000,169.940000,4,0.647926
831828.861049,1644144.074819,0.000000,169.940000,4,0.647924
831828.861049,1644144.074819,0.000000,169.940000,4,0.647922
831828.861049,1644144.074819,0.000000,169.940000,4,0.647920
831828.861049,1644144.074819,0.000000,169.940000,4,0.647919
831828.861049,1644144.074819,0.000000,169.940000,4,0.647917
831828.861049,1644144.074819,0.000000,169.940000,4,0.647917
831828.861049,1644144.074819,0.000000,169.940000,4,0.647916
831828.861049,1644144.074819,0.000000,169.940000,4,0.647915
831828.861049,1644144.074819,0.000000,169.940000,4,0.647914
831828.861049,1644144.074819,0.000000,169.940000,4,0.647914
831828.861049,1644144.074819,0.000000,169.940000,4,0.647914
831828.861049,1644144.074819,0.000000,169.940000,4,0.647913
831828.861049,1644144.074819,0.000000,169.940000,4,0.647913
831828.861049,1644144.074819,0.000000,169.940000,4,0.647913
831828.861049,1644144.074819,0.000000,169.940000,4,0.647913
831828.861049,1644144.074819,0.000000,169.940000,4,0.647912
831828.861049,1644144.074819,0.000000,169.940000,4,0.647912
831828.861049,1644144.074819,0.000000,169.940000,4,0.647912
831828.861049,1644144.074819,0.000000,169.940000,4,0.647912
831828.861049,1644144.074819,0.000000,169.940000,4,0.647912
831828.861049,1644144.074819,0.000000,169.940000,4,0.647912
831828.861049,1644144.074819,0.000000,169.940000,4,0.647912
831828.861049,1644144.074819,0.000000,169.940000,4,0.647912
831828.861049,1644144.074819,0.000000,169.940000,4,0.647912
831828.861049,1644144.074819,0.000000,169.940000,4,0.647912
831828.861049,1644144.074819,0.000000,169.940000,4,0.647912
831828.861049,1644144.074819,0.000000,169.940000,4,0.647912
831828.861049,1644144.074819,0.000000,169.940000,4,0.647912
831828.861049,1644144.074819,0.000000,169.940000,4,0.647912
831828.861049,1644144.074819,0.000000,169.940000,4,0.647912
831828.861049,1644144.074819,0.000000,169.940000,4,0.647912
831828.861049,1644144.074819,0.000000,169.940000,4,0.647912
831828.861049,1644144.074819,0.000000,169.940000,4,0.647911
831828.861049,1644144.074819,0.000000,169.940000,4,0.647911
831828.861049,1644144.074819,0.000000,169.940000,4,0.647911
831828.861049,1644144.074819,0.000000,169.940000,4,0.647911
831828.861049,1644144.074819,0.000000,169.940000,4,0.647911
831828.861049,1644144.074819,0.000000,169.940000,4,0.647911
831828.861049,1644144.074819,0.000000,169.940000,4,0.647911
831828.861049,1644144.074819,0.000000,169.940000,4,0.647911
831828.861049,1644144.074819,0.000000,169.940000,4,0.647911
831828.861049,1644144.074819,0.000000,169.940000,4,0.647911
831828.861049,1644144.074819,0.000000,169.940000,4,0.647911
831828.861049,1644144.074819,0.000000,169.940000,4,0.647911
831828.861049,1644144.074819,0.000000,169.940000,4,0.647911
831828.861049,1644144.074819,0.000000,169.940000,4,0.647911
831828.861049,1644144.074819,0.000000,169.940000,4,0.647911
831828.861049,1644144.074819,0.000000,169.940000,4,0.647911
831828.861049,1644144.074819,0.000000,169.940000,4,0.647911
831828.861049,1644144.074819,0.000000,169.940000,4,0.647911
831828.861049,1644144.074819,0.000000,169.940000,4,0.647911
831828.861049,1644144.074819,0.000000,169.940000,4,0.647911
831828.861049,1644144.074819,0.000000,169.940000,4,0.647911
831828.861049,1644144.074819,0.000000,169.940000,4,0.647911
831828.861049,1644144.074819,0.000000,169.940000,4,0.647911
831828.861049,1644144.074819,0.000000,169.940000,4,0.647911
831828.861049,1644144.074819,0.000000,169.940000,4,0.647911
831828.861049,1644144.074819,0.000000,169.940000,4,0.647911
831828.861049,1644144.074819,0.000000,169.940000,4,0.647911
831828.861049,1644144.074819,0.000000,169.940000,4,0.647911
831828.861049,1644144.074819,0.000000,169.940000,4,0.647911
831828.861049,1644144.074819,0.000000,169.940000,4,0.647911
831828.861049,1644144.074819,0.000000,169.940000,4,0.647911
831828.861049,1644144.074819,0.000000,169.940000,4,0.647911
831828.861049,1644144.074819,0.000000,169.940000,4,0.647911
831828.861049,1644144.074819,0.000000,169.940000,4,0.647911
831828.861049,1644144.074819,0.000000,169.940000,4,0.647911
831828.861049,1644144.074819,0.000000,169.940000,4,0.647911
831828.861049,1644144.074819,0.000000,169.940000,4,0.647911
831828.861049,1644144.074819,0.000000,169.940000,4,0.647911
831828.861049,1644144.074819,0.000000,169.940000,4,0.647911
831828.861049,1644144.074819,0.000000,169.940000,4,0.647911
831828.861049,1644144.074819,0.000000,169.940000,4,0.647911
831828.861049,1644144.074819,0.000000,169.940000,4,0.647911
831828.861049,1644144.074819,0.000000,169.940000,4,0.647911
831828.861049,1644144.074819,0.000000,169.940000,4,0.647911
831828.861049,1644144.074819,0.000000,169.940000,4,0.647911
831828.861049,1644144.074819,0.000000,169.940000,4,0.647911
831828.861049,1644144.074819,0.000000,169.940000,4,0.647911
831828.861049,1644144.074819,0.000000,169.940000,4,0.647911
831828.861049,1644144.074819,0.000000,169.940000,4,0.647911
831828.861049,1644144.074819,0.000000,169.940000,4,0.647911
831828.861049,1644144.074819,0.000000,169.940000,4,0.647911
831828.861049,1644144.074819,0.000000,169.940000,4,0.647911
831828.861049,1644144.074819,0.000000,169.940000,4,0.647911
831828.861049,1644144.074819,0.000000,169.940000,4,0.647911
831828.861049,1644144.074819,0.000000,169.940000,4,0.647911
831828.861049,1644144.074819,0.000000,169.940000,4,0.647911
831828.861049,1644144.074819,0.000000,169.940000,4,0.647911
831828.861049,1644144.074819,0.000000,169.940000,4,0.647911
831828.861049,1644144.074819,0.000000,169.940000,4,0.647911
831828.861049,1644144.074819,0.000000,169.940000,4,0.647911
831828.861049,1644144.074819,0.000000,169.940000,4,0.647911
831828.861049,1644144.074819,0.000000,169.940000,4,0.647911
831828.861049,1644144.074819,0.000000,169.940000,4,0.647911
831828.861049,1644144.074819,0.000000,169.940000,4,0.647911
831828.861049,1644144.074819,0.000000,169.940000,4,0.647911
831828.861049,1644144.074819,0.000000,169.940000,4,0.647911
831828.861049,1644144.074819,0.000000,169.940000,4,0.647911
831828.861049,1644144.074819,0.000000,169.940000,4,0.647911
831828.861049,1644144.074819,0.000000,169.940000,4,0.647911
831828.861049,1644144.074819,0.000000,169.940000,4,0.647911
831828.861049,1644144.074819,0.000000,169.940000,4,0.647911
831828.861049,1644144.074819,0.000000,169.940000,4,0.647911
831828.861049,1644144.074819,0.000000,169.940000,4,0.647911
831828.861049,1644144.074819,0.000000,169.940000,4,0.647911
831828.861049,1644144.074819,0.000000,169.940000,4,0.647911
831828.861049,1644144.074819,0.000000,169.940000,4,0.647911
831828.861049,1644144.074819,0.000000,169.940000,4,0.647911
831828.861049,1644144.074819,0.000000,169.940000,4,0.647911
831828.861049,1644144.074819,0.000000,169.940000,4,0.647911
831828.861049,1644144.074819,0.000000,169.940000,4,0.647911
831828.861049,1644144.074819,0.000000,169.940000,4,0.647911
831828.861049,1644144.074819,0.000000,169.940000,4,0.647911
831828.843096,1644144.074571,0.000000,169.940000,4,0.640733
831828.843096,1644144.074571,0.000000,169.940000,4,0.634703
831828.843096,1644144.074571,0.000000,169.940000,4,0.629638
831828.843096,1644144.074571,0.000000,169.940000,4,0.625384
831828.843096,1644144.074571,0.000000,169.940000,4,0.621810
831828.843096,1644144.074571,0.000000,169.940000,4,0.618808
831828.843096,1644144.074571,0.000000,169.940000,4,0.616286
831828.843096,1644144.074571,0.000000,169.940000,4,0.614168
831828.843096,1644144.074571,0.000000,169.940000,4,0.612388
831828.843096,1644144.074571,0.000000,169.940000,4,0.610894
831828.843096,1644144.074571,0.000000,169.940000,4,0.609638
831828.843096,1644144.074571,0.000000,169.940000,4,0.608583
831828.843096,1644144.074571,0.000000,169.940000,4,0.607698
831828.843096,1644144.074571,0.000000,169.940000,4,0.606953
831828.843096,1644144.074571,0.000000,169.940000,4,0.606328
831828.843096,1644144.074571,0.000000,169.940000,4,0.605803
831828.843096,1644144.074571,0.000000,169.940000,4,0.605362
831828.843096,1644144.074571,0.000000,169.940000,4,0.604992
831828.843096,1644144.074571,0.000000,169.940000,4,0.604680
831828.843096,1644144.074571,0.000000,169.940000,4,0.604419
831828.843096,1644144.074571,0.000000,169.940000,4,0.604199
831828.843096,1644144.074571,0.000000,169.940000,4,0.604015
831828.843096,1644144.074571,0.000000,169.940000,4,0.603860
831828.843096,1644144.074571,0.000000,169.940000,4,0.603730
831828.843096,1644144.074571,0.000000,169.940000,4,0.603621
831828.843096,1644144.074571,0.000000,169.940000,4,0.603529
831828.843096,1644144.074571,0.000000,169.940000,4,0.603452
831828.843096,1644144.074571,0.000000,169.940000,4,0.603387
831828.843096,1644144.074571,0.000000,169.940000,4,0.603332
831828.843096,1644144.074571,0.000000,169.940000,4,0.603287
831828.843096,1644144.074571,0.000000,169.940000,4,0.603248
831828.843096,1644144.074571,0.000000,169.940000,4,0.603216
831828.843096,1644144.074571,0.000000,169.940000,4,0.603189
831828.843096,1644144.074571,0.000000,169.940000,4,0.603166
831828.843096,1644144.074571,0.000000,169.940000,4,0.603147
831828.843096,1644144.074571,0.000000,169.940000,4,0.603131
831828.843096,1644144.074571,0.000000,169.940000,4,0.603117
831828.843096,1644144.074571,0.000000,169.940000,4,0.603106
831828.843096,1644144.074571,0.000000,169.940000,4,0.603097
831828.843096,1644144.074571,0.000000,169.940000,4,0.603089
831828.861049,1644144.074819,0.000000,169.940000,4,0.610260
831828.861049,1644144.074819,0.000000,169.940000,4,0.616284
831828.861049,1644144.074819,0.000000,169.940000,4,0.621345
831828.861049,1644144.074819,0.000000,169.940000,4,0.625595
831828.861049,1644144.074819,0.000000,169.940000,4,0.629166
831828.861049,1644144.074819,0.000000,169.940000,4,0.632165
831828.861049,1644144.074819,0.000000,169.940000,4,0.634685
831828.861049,1644144.074819,0.000000,169.940000,4,0.636801
831828.861049,1644144.074819,0.000000,169.940000,4,0.638579
831828.861049,1644144.074819,0.000000,169.940000,4,0.640072
831828.861049,1644144.074819,0.000000,169.940000,4,0.641326
831828.861049,1644144.074819,0.000000,169.940000,4,0.642380
831828.861049,1644144.074819,0.000000,169.940000,4,0.643265
831828.861049,1644144.074819,0.000000,169.940000,4,0.644008
831828.861049,1644144.074819,0.000000,169.940000,4,0.644633
831828.861049,1644144.074819,0.000000,169.940000,4,0.645157
831828.861049,1644144.074819,0.000000,169.940000,4,0.645598
831828.861049,1644144.074819,0.000000,169.940000,4,0.645968
831828.861049,1644144.074819,0.000000,169.940000,4,0.646279
831828.861049,1644144.074819,0.000000,169.940000,4,0.646540
831828.843096,1644144.074571,0.000000,169.940000,4,0.639581
831828.843096,1644144.074571,0.000000,169.940000,4,0.633736
831828.843096,1644144.074571,0.000000,169.940000,4,0.628826
831828.843096,1644144.074571,0.000000,169.940000,4,0.624701
831828.843096,1644144.074571,0.000000,169.940000,4,0.621236
831828.843096,1644144.074571,0.000000,169.940000,4,0.618326
831828.843096,1644144.074571,0.000000,169.940000,4,0.615881
831828.843096,1644144.074571,0.000000,169.940000,4,0.613828
831828.843096,1644144.074571,0.000000,169.940000,4,0.612103
831828.843096,1644144.074571,0.000000,169.940000,4,0.610654
831828.843096,1644144.074571,0.000000,169.940000,4,0.609437
831828.843096,1644144.074571,0.000000,169.940000,4,0.608414
831828.843096,1644144.074571,0.000000,169.940000,4,0.607555
831828.843096,1644144.074571,0.000000,169.940000,4,0.606834
831828.843096,1644144.074571,0.000000,169.940000,4,0.606228
831828.843096,1644144.074571,0.000000,169.940000,4,0.605719
831828.843096,1644144.074571,0.000000,169.940000,4,0.605291
831828.843096,1644144.074571,0.000000,169.940000,4,0.604932
831828.843096,1644144.074571,0.000000,169.940000,4,0.604631
831828.843096,1644144.074571,0.000000,169.940000,4,0.604377
831828.861049,1644144.074819,0.000000,169.940000,4,0.611343
831828.861049,1644144.074819,0.000000,169.940000,4,0.617194
831828.861049,1644144.074819,0.000000,169.940000,4,0.622108
831828.861049,1644144.074819,0.000000,169.940000,4,0.626237
831828.861049,1644144.074819,0.000000,169.940000,4,0.629705
831828.861049,1644144.074819,0.000000,169.940000,4,0.632618
831828.861049,1644144.074819,0.000000,169.940000,4,0.635065
831828.861049,1644144.074819,0.000000,169.940000,4,0.637120
831828.861049,1644144.074819,0.000000,169.940000,4,0.638847
831828.861049,1644144.074819,0.000000,169.940000,4,0.640297
831828.861049,1644144.074819,0.000000,169.940000,4,0.641516
831828.861049,1644144.074819,0.000000,169.940000,4,0.642539
831828.861049,1644144.074819,0.000000,169.940000,4,0.643398
831828.861049,1644144.074819,0.000000,169.940000,4,0.644121
831828.861049,1644144.074819,0.000000,169.940000,4,0.644727
831828.861049,1644144.074819,0.000000,169.940000,4,0.645237
831828.861049,1644144.074819,0.000000,169.940000,4,0.645665
831828.861049,1644144.074819,0.000000,169.940000,4,0.646024
831828.861049,1644144.074819,0.000000,169.940000,4,0.646326
831828.861049,1644144.074819,0.000000,169.940000,4,0.646580
831828.842841,1644144.093028,0.000000,169.940000,4,0.683919
831828.842841,1644144.093028,0.000000,169.940000,4,0.715283
831828.842841,1644144.093028,0.000000,169.940000,4,0.741630
831828.842841,1644144.093028,0.000000,169.940000,4,0.763761
831828.842841,1644144.093028,0.000000,169.940000,4,0.782351
831828.842841,1644144.093028,0.000000,169.940000,4,0.797966
831828.842841,1644144.093028,0.000000,169.940000,4,0.811083
831828.842841,1644144.093028,0.000000,169.940000,4,0.822102
831828.842841,1644144.093028,0.000000,169.940000,4,0.831357
831828.842841,1644144.093028,0.000000,169.940000,4,0.839132
831828.842841,1644144.093028,0.000000,169.940000,4,0.845662
831828.842841,1644144.093028,0.000000,169.940000,4,0.851148
831828.842841,1644144.093028,0.000000,169.940000,4,0.855756
831828.842841,1644144.093028,0.000000,169.940000,4,0.859627
831828.842841,1644144.093028,0.000000,169.940000,4,0.862878
831828.842841,1644144.093028,0.000000,169.940000,4,0.865610
831828.842841,1644144.093028,0.000000,169.940000,4,0.867904
831828.842841,1644144.093028,0.000000,169.940000,4,0.869831
831828.842841,1644144.093028,0.000000,169.940000,4,0.871450
831828.842841,1644144.093028,0.000000,169.940000,4,0.872809
831828.842841,1644144.093028,0.000000,169.940000,4,0.873952
831828.842841,1644144.093028,0.000000,169.940000,4,0.874911
831828.842841,1644144.093028,0.000000,169.940000,4,0.875717
831828.842841,1644144.093028,0.000000,169.940000,4,0.876394
831828.842841,1644144.093028,0.000000,169.940000,4,0.876963
831828.842841,1644144.093028,0.000000,169.940000,4,0.877440
831828.842841,1644144.093028,0.000000,169.940000,4,0.877842
831828.842841,1644144.093028,0.000000,169.940000,4,0.878179
831828.842841,1644144.093028,0.000000,169.940000,4,0.878462
831828.842841,1644144.093028,0.000000,169.940000,4,0.878700
831828.842841,1644144.093028,0.000000,169.940000,4,0.878899
831828.842841,1644144.093028,0.000000,169.940000,4,0.879067
831828.842841,1644144.093028,0.000000,169.940000,4,0.879208
831828.842841,1644144.093028,0.000000,169.940000,4,0.879327
831828.842841,1644144.093028,0.000000,169.940000,4,0.879426
831828.842841,1644144.093028,0.000000,169.940000,4,0.879510
831828.842841,1644144.093028,0.000000,169.940000,4,0.879580
831828.842841,1644144.093028,0.000000,169.940000,4,0.879639
831828.842841,1644144.093028,0.000000,169.940000,4,0.879688
831828.842841,1644144.093028,0.000000,169.940000,4,0.879730
831828.861049,1644144.074819,0.000000,169.940000,4,0.842639
831828.861049,1644144.074819,0.000000,169.940000,4,0.811483
831828.861049,1644144.074819,0.000000,169.940000,4,0.785311
831828.861049,1644144.074819,0.000000,169.940000,4,0.763327
831828.861049,1644144.074819,0.000000,169.940000,4,0.744861
831828.861049,1644144.074819,0.000000,169.940000,4,0.729349
831828.861049,1644144.074819,0.000000,169.940000,4,0.716319
831828.861049,1644144.074819,0.000000,169.940000,4,0.705374
831828.861049,1644144.074819,0.000000,169.940000,4,0.696180
831828.861049,1644144.074819,0.000000,169.940000,4,0.688457
831828.861049,1644144.074819,0.000000,169.940000,4,0.681970
831828.861049,1644144.074819,0.000000,169.940000,4,0.676520
831828.861049,1644144.074819,0.000000,169.940000,4,0.671943
831828.861049,1644144.074819,0.000000,169.940000,4,0.668098
831828.861049,1644144.074819,0.000000,169.940000,4,0.664868
831828.861049,1644144.074819,0.000000,169.940000,4,0.662155
831828.861049,1644144.074819,0.000000,169.940000,4,0.659876
831828.861049,1644144.074819,0.000000,169.940000,4,0.657962
831828.861049,1644144.074819,0.000000,169.940000,4,0.656354
831828.861049,1644144.074819,0.000000,169.940000,4,0.655003
831828.843096,1644144.074571,0.000000,169.940000,4,0.646690
831828.843096,1644144.074571,0.000000,169.940000,4,0.639707
831828.843096,1644144.074571,0.000000,169.940000,4,0.633841
831828.843096,1644144.074571,0.000000,169.940000,4,0.628914
831828.843096,1644144.074571,0.000000,169.940000,4,0.624775
831828.843096,1644144.074571,0.000000,169.940000,4,0.621299
831828.843096,1644144.074571,0.000000,169.940000,4,0.618378
831828.843096,1644144.074571,0.000000,169.940000,4,0.615925
831828.843096,1644144.074571,0.000000,169.940000,4,0.613865
831828.843096,1644144.074571,0.000000,169.940000,4,0.612134
831828.843096,1644144.074571,0.000000,169.940000,4,0.610680
831828.843096,1644144.074571,0.000000,169.940000,4,0.609459
831828.843096,1644144.074571,0.000000,169.940000,4,0.608433
831828.843096,1644144.074571,0.000000,169.940000,4,0.607571
831828.843096,1644144.074571,0.000000,169.940000,4,0.606847
831828.843096,1644144.074571,0.000000,169.940000,4,0.606239
831828.843096,1644144.074571,0.000000,169.940000,4,0.605728
831828.843096,1644144.074571,0.000000,169.940000,4,0.605299
831828.843096,1644144.074571,0.000000,169.940000,4,0.604939
831828.843096,1644144.074571,0.000000,169.940000,4,0.604636
831828.843096,1644144.074571,0.000000,169.940000,4,0.604382
831828.843096,1644144.074571,0.000000,169.940000,4,0.604168
831828.843096,1644144.074571,0.000000,169.940000,4,0.603989
831828.843096,1644144.074571,0.000000,169.940000,4,0.603838
831828.843096,1644144.074571,0.000000,169.940000,4,0.603711
831828.843096,1644144.074571,0.000000,169.940000,4,0.603605
831828.843096,1644144.074571,0.000000,169.940000,4,0.603516
831828.843096,1644144.074571,0.000000,169.940000,4,0.603441
831828.843096,1644144.074571,0.000000,169.940000,4,0.603378
831828.843096,1644144.074571,0.000000,169.940000,4,0.603325
831828.843096,1644144.074571,0.000000,169.940000,4,0.603280
831828.843096,1644144.074571,0.000000,169.940000,4,0.603243
831828.843096,1644144.074571,0.000000,169.940000,4,0.603211
831828.843096,1644144.074571,0.000000,169.940000,4,0.603185
831828.843096,1644144.074571,0.000000,169.940000,4,0.603163
831828.843096,1644144.074571,0.000000,169.940000,4,0.603144
831828.843096,1644144.074571,0.000000,169.940000,4,0.603129
831828.843096,1644144.074571,0.000000,169.940000,4,0.603116
831828.843096,1644144.074571,0.000000,169.940000,4,0.603105
831828.843096,1644144.074571,0.000000,169.940000,4,0.603095
831828.861049,1644144.074819,0.000000,169.940000,4,0.610266
831828.861049,1644144.074819,0.000000,169.940000,4,0.616289
831828.861049,1644144.074819,0.000000,169.940000,4,0.621349
831828.861049,1644144.074819,0.000000,169.940000,4,0.625599
831828.861049,1644144.074819,0.000000,169.940000,4,0.629169
831828.861049,1644144.074819,0.000000,169.940000,4,0.632168
831828.861049,1644144.074819,0.000000,169.940000,4,0.634687
831828.861049,1644144.074819,0.000000,169.940000,4,0.636803
831828.861049,1644144.074819,0.000000,169.940000,4,0.638580
831828.861049,1644144.074819,0.000000,169.940000,4,0.640073
831828.861049,1644144.074819,0.000000,169.940000,4,0.641327
831828.861049,1644144.074819,0.000000,169.940000,4,0.642381
831828.861049,1644144.074819,0.000000,169.940000,4,0.643266
831828.861049,1644144.074819,0.000000,169.940000,4,0.644009
831828.861049,1644144.074819,0.000000,169.940000,4,0.644633
831828.861049,1644144.074819,0.000000,169.940000,4,0.645158
831828.861049,1644144.074819,0.000000,169.940000,4,0.645598
831828.861049,1644144.074819,0.000000,169.940000,4,0.645968
831828.861049,1644144.074819,0.000000,169.940000,4,0.646279
831828.861049,1644144.074819,0.000000,169.940000,4,0.646541
831828.861049,1644144.074819,0.000000,169.940000,4,0.646760
831828.861049,1644144.074819,0.000000,169.940000,4,0.646944
831828.861049,1644144.074819,0.000000,169.940000,4,0.647099
831828.861049,1644144.074819,0.000000,169.940000,4,0.647229
831828.861049,1644144.074819,0.000000,169.940000,4,0.647338
831828.861049,1644144.074819,0.000000,169.940000,4,0.647430
831828.861049,1644144.074819,0.000000,169.940000,4,0.647507
831828.861049,1644144.074819,0.000000,169.940000,4,0.647572
831828.861049,1644144.074819,0.000000,169.940000,4,0.647626
831828.861049,1644144.074819,0.000000,169.940000,4,0.647672
831828.861049,1644144.074819,0.000000,169.940000,4,0.647710
831828.861049,1644144.074819,0.000000,169.940000,4,0.647742
831828.861049,1644144.074819,0.000000,169.940000,4,0.647769
831828.861049,1644144.074819,0.000000,169.940000,4,0.647792
831828.861049,1644144.074819,0.000000,169.940000,4,0.647811
831828.861049,1644144.074819,0.000000,169.940000,4,0.647827
831828.861049,1644144.074819,0.000000,169.940000,4,0.647841
831828.861049,1644144.074819,0.000000,169.940000,4,0.647852
831828.861049,1644144.074819,0.000000,169.940000,4,0.647862
831828.861049,1644144.074819,0.000000,169.940000,4,0.647870
831828.861049,1644144.074819,0.000000,169.940000,4,0.647876
831828.861049,1644144.074819,0.000000,169.940000,4,0.647882
831828.861049,1644144.074819,0.000000,169.940000,4,0.647887
831828.861049,1644144.074819,0.000000,169.940000,4,0.647891
831828.861049,1644144.074819,0.000000,169.940000,4,0.647894
831828.861049,1644144.074819,0.000000,169.940000,4,0.647897
831828.861049,1644144.074819,0.000000,169.940000,4,0.647899
831828.861049,1644144.074819,0.000000,169.940000,4,0.647901
831828.861049,1644144.074819,0.000000,169.940000,4,0.647903
831828.861049,1644144.074819,0.000000,169.940000,4,0.647904
831828.861049,1644144.074819,0.000000,169.940000,4,0.647905
831828.861049,1644144.074819,0.000000,169.940000,4,0.647906
831828.861049,1644144.074819,0.000000,169.940000,4,0.647907
831828.861049,1644144.074819,0.000000,169.940000,4,0.647908
831828.861049,1644144.074819,0.000000,169.940000,4,0.647908
831828.861049,1644144.074819,0.000000,169.940000,4,0.647909
831828.861049,1644144.074819,0.000000,169.940000,4,0.647909
831828.861049,1644144.074819,0.000000,169.940000,4,0.647910
831828.861049,1644144.074819,0.000000,169.940000,4,0.647910
831828.861049,1644144.074819,0.000000,169.940000,4,0.647910
831828.861049,1644144.074819,0.000000,169.940000,4,0.647910
831828.861049,1644144.074819,0.000000,169.940000,4,0.647911
831828.861049,1644144.074819,0.000000,169.940000,4,0.647911
831828.861049,1644144.074819,0.000000,169.940000,4,0.647911
831828.861049,1644144.074819,0.000000,169.940000,4,0.647911
831828.861049,1644144.074819,0.000000,169.940000,4,0.647911
831828.861049,1644144.074819,0.000000,169.940000,4,0.647911
831828.861049,1644144.074819,0.000000,169.940000,4,0.647911
831828.861049,1644144.074819,0.000000,169.940000,4,0.647911
831828.861049,1644144.074819,0.000000,169.940000,4,0.647911
831828.861049,1644144.074819,0.000000,169.940000,4,0.647911
831828.861049,1644144.074819,0.000000,169.940000,4,0.647911
831828.861049,1644144.074819,0.000000,169.940000,4,0.647911
831828.861049,1644144.074819,0.000000,169.940000,4,0.647911
831828.861049,1644144.074819,0.000000,169.940000,4,0.647911
831828.861049,1644144.074819,0.000000,169.940000,4,0.647911
831828.861049,1644144.074819,0.000000,169.940000,4,0.647911
831828.861049,1644144.074819,0.000000,169.940000,4,0.647911
831828.861049,1644144.074819,0.000000,169.940000,4,0.647911
831828.861049,1644144.074819,0.000000,169.940000,4,0.647911
831828.861049,1644144.074819,0.000000,169.940000,4,0.647911
831828.861049,1644144.074819,0.000000,169.940000,4,0.647911
831828.861049,1644144.074819,0.000000,169.940000,4,0.647911
831828.861049,1644144.074819,0.000000,169.940000,4,0.647911
831828.861049,1644144.074819,0.000000,169.940000,4,0.647911
831828.861049,1644144.074819,0.000000,169.940000,4,0.647911
831828.861049,1644144.074819,0.000000,169.940000,4,0.647911
831828.861049,1644144.074819,0.000000,169.940000,4,0.647911
831828.861049,1644144.074819,0.000000,169.940000,4,0.647911
831828.861049,1644144.074819,0.000000,169.940000,4,0.647911
831828.861049,1644144.074819,0.000000,169.940000,4,0.647911
831828.861049,1644144.074819,0.000000,169.940000,4,0.647911
831828.861049,1644144.074819,0.000000,169.940000,4,0.647911
831828.861049,1644144.074819,0.000000,169.940000,4,0.647911
831828.861049,1644144.074819,0.000000,169.940000,4,0.647911
831828.861049,1644144.074819,0.000000,169.940000,4,0.647911
831828.861049,1644144.074819,0.000000,169.940000,4,0.647911
831828.861049,1644144.074819,0.000000,169.940000,4,0.647911
831828.861049,1644144.074819,0.000000,169.940000,4,0.647911
831828.861049,1644144.074819,0.000000,169.940000,4,0.647911
831828.861049,1644144.074819,0.000000,169.940000,4,0.647911
831828.861049,1644144.074819,0.000000,169.940000,4,0.647911
831828.861049,1644144.074819,0.000000,169.940000,4,0.647911
831828.861049,1644144.074819,0.000000,169.940000,4,0.647911
831828.861049,1644144.074819,0.000000,169.940000,4,0.647911
831828.861049,1644144.074819,0.000000,169.940000,4,0.647911
831828.861049,1644144.074819,0.000000,169.940000,4,0.647911
831828.861049,1644144.074819,0.000000,169.940000,4,0.647911
831828.861049,1644144.074819,0.000000,169.940000,4,0.647911
831828.861049,1644144.074819,0.000000,169.940000,4,0.647911
831828.861049,1644144.074819,0.000000,169.940000,4,0.647911
831828.861049,1644144.074819,0.000000,169.940000,4,0.647911
831828.861049,1644144.074819,0.000000,169.940000,4,0.647911
831828.861049,1644144.074819,0.000000,169.940000,4,0.647911
831828.861049,1644144.074819,0.000000,169.940000,4,0.647911
831828.861049,1644144.074819,0.000000,169.940000,4,0.647911
831828.861049,1644144.074819,0.000000,169.940000,4,0.647911
831828.861049,1644144.074819,0.000000,169.940000,4,0.647911
831828.861049,1644144.074819,0.000000,169.940000,4,0.647911
831828.861049,1644144.074819,0.000000,169.940000,4,0.647911
831828.879002,1644144.075067,0.000000,169.940000,4,0.654944
831828.879002,1644144.075067,0.000000,169.940000,4,0.660851
831828.879002,1644144.075067,0.000000,169.940000,4,0.665813
831828.879002,1644144.075067,0.000000,169.940000,4,0.669981
831828.879002,1644144.075067,0.000000,169.940000,4,0.673482
831828.879002,1644144.075067,0.000000,169.940000,4,0.676423
831828.879002,1644144.075067,0.000000,169.940000,4,0.678893
831828.879002,1644144.075067,0.000000,169.940000,4,0.680968
831828.879002,1644144.075067,0.000000,169.940000,4,0.682711
831828.879002,1644144.075067,0.000000,169.940000,4,0.684176
831828.879002,1644144.075067,0.000000,169.940000,4,0.685405
831828.879002,1644144.075067,0.000000,169.940000,4,0.686439
831828.879002,1644144.075067,0.000000,169.940000,4,0.687306
831828.879002,1644144.075067,0.000000,169.940000,4,0.688035
831828.879002,1644144.075067,0.000000,169.940000,4,0.688648
831828.879002,1644144.075067,0.000000,169.940000,4,0.689162
831828.879002,1644144.075067,0.000000,169.940000,4,0.689594
831828.879002,1644144.075067,0.000000,169.940000,4,0.689957
831828.879002,1644144.075067,0.000000,169.940000,4,0.690262
831828.879002,1644144.075067,0.000000,169.940000,4,0.690518
831828.861049,1644144.074819,0.000000,169.940000,4,0.683701
831828.861049,1644144.074819,0.000000,169.940000,4,0.677975
831828.861049,1644144.074819,0.000000,169.940000,4,0.673165
831828.861049,1644144.074819,0.000000,169.940000,4,0.669124
831828.861049,1644144.074819,0.000000,169.940000,4,0.665730
831828.861049,1644144.074819,0.000000,169.940000,4,0.662879
831828.861049,1644144.074819,0.000000,169.940000,4,0.660484
831828.861049,1644144.074819,0.000000,169.940000,4,0.658473
831828.861049,1644144.074819,0.000000,169.940000,4,0.656783
831828.861049,1644144.074819,0.000000,169.940000,4,0.655363
831828.861049,1644144.074819,0.000000,169.940000,4,0.654171
831828.861049,1644144.074819,0.000000,169.940000,4,0.653170
831828.861049,1644144.074819,0.000000,169.940000,4,0.652328
831828.861049,1644144.074819,0.000000,169.940000,4,0.651622
831828.861049,1644144.074819,0.000000,169.940000,4,0.651028
831828.861049,1644144.074819,0.000000,169.940000,4,0.650529
831828.861049,1644144.074819,0.000000,169.940000,4,0.650110
831828.861049,1644144.074819,0.000000,169.940000,4,0.649759
831828.861049,1644144.074819,0.000000,169.940000,4,0.649463
831828.861049,1644144.074819,0.000000,169.940000,4,0.649215
831828.879002,1644144.075067,0.000000,169.940000,4,0.656038
831828.879002,1644144.075067,0.000000,169.940000,4,0.661770
831828.879002,1644144.075067,0.000000,169.940000,4,0.666585
831828.879002,1644144.075067,0.000000,169.940000,4,0.670630
831828.879002,1644144.075067,0.000000,169.940000,4,0.674027
831828.879002,1644144.075067,0.000000,169.940000,4,0.676881
831828.879002,1644144.075067,0.000000,169.940000,4,0.679278
831828.879002,1644144.075067,0.000000,169.940000,4,0.681291
831828.879002,1644144.075067,0.000000,169.940000,4,0.682983
831828.879002,1644144.075067,0.000000,169.940000,4,0.684403
831828.879002,1644144.075067,0.000000,169.940000,4,0.685597
831828.879002,1644144.075067,0.000000,169.940000,4,0.686599
831828.879002,1644144.075067,0.000000,169.940000,4,0.687442
831828.879002,1644144.075067,0.000000,169.940000,4,0.688149
831828.879002,1644144.075067,0.000000,169.940000,4,0.688743
831828.879002,1644144.075067,0.000000,169.940000,4,0.689242
831828.879002,1644144.075067,0.000000,169.940000,4,0.689662
831828.879002,1644144.075067,0.000000,169.940000,4,0.690014
831828.879002,1644144.075067,0.000000,169.940000,4,0.690310
831828.879002,1644144.075067,0.000000,169.940000,4,0.690558
831828.879002,1644144.075067,0.000000,169.940000,4,0.690767
831828.879002,1644144.075067,0.000000,169.940000,4,0.690942
831828.879002,1644144.075067,0.000000,169.940000,4,0.691089
831828.879002,1644144.075067,0.000000,169.940000,4,0.691213
831828.879002,1644144.075067,0.000000,169.940000,4,0.691317
831828.879002,1644144.075067,0.000000,169.940000,4,0.691404
831828.879002,1644144.075067,0.000000,169.940000,4,0.691478
831828.879002,1644144.075067,0.000000,169.940000,4,0.691539
831828.879002,1644144.075067,0.000000,169.940000,4,0.691591
831828.879002,1644144.075067,0.000000,169.940000,4,0.691634
831828.879002,1644144.075067,0.000000,169.940000,4,0.691671
831828.879002,1644144.075067,0.000000,169.940000,4,0.691702
831828.879002,1644144.075067,0.000000,169.940000,4,0.691727
831828.879002,1644144.075067,0.000000,169.940000,4,0.691749
831828.879002,1644144.075067,0.000000,169.940000,4,0.691767
831828.879002,1644144.075067,0.000000,169.940000,4,0.691782
831828.879002,1644144.075067,0.000000,169.940000,4,0.691795
831828.879002,1644144.075067,0.000000,169.940000,4,0.691806
831828.879002,1644144.075067,0.000000,169.940000,4,0.691815
831828.879002,1644144.075067,0.000000,169.940000,4,0.691823
831828.896955,1644144.075314,0.000000,169.940000,4,0.698718
831828.896955,1644144.075314,0.000000,169.940000,4,0.704511
831828.896955,1644144.075314,0.000000,169.940000,4,0.709376
831828.896955,1644144.075314,0.000000,169.940000,4,0.713463
831828.896955,1644144.075314,0.000000,169.940000,4,0.716896
831828.896955,1644144.075314,0.000000,169.940000,4,0.719780
831828.896955,1644144.075314,0.000000,169.940000,4,0.722203
831828.896955,1644144.075314,0.000000,169.940000,4,0.724237
831828.896955,1644144.075314,0.000000,169.940000,4,0.725947
831828.896955,1644144.075314,0.000000,169.940000,4,0.727383
831828.896955,1644144.075314,0.000000,169.940000,4,0.728589
831828.896955,1644144.075314,0.000000,169.940000,4,0.729602
831828.896955,1644144.075314,0.000000,169.940000,4,0.730453
831828.896955,1644144.075314,0.000000,169.940000,4,0.731167
831828.896955,1644144.075314,0.000000,169.940000,4,0.731768
831828.896955,1644144.075314,0.000000,169.940000,4,0.732272
831828.896955,1644144.075314,0.000000,169.940000,4,0.732696
831828.896955,1644144.075314,0.000000,169.940000,4,0.733052
831828.896955,1644144.075314,0.000000,169.940000,4,0.733351
831828.896955,1644144.075314,0.000000,169.940000,4,0.733602
831828.860794,1644144.093276,0.000000,169.940000,4,0.763769
831828.860794,1644144.093276,0.000000,169.940000,4,0.789110
831828.860794,1644144.093276,0.000000,169.940000,4,0.810396
831828.860794,1644144.093276,0.000000,169.940000,4,0.828276
831828.860794,1644144.093276,0.000000,169.940000,4,0.843295
831828.860794,1644144.093276,0.000000,169.940000,4,0.855911
831828.860794,1644144.093276,0.000000,169.940000,4,0.866509
831828.860794,1644144.093276,0.000000,169.940000,4,0.875411
831828.860794,1644144.093276,0.000000,169.940000,4,0.882889
831828.860794,1644144.093276,0.000000,169.940000,4,0.889170
831828.860794,1644144.093276,0.000000,169.940000,4,0.894446
831828.860794,1644144.093276,0.000000,169.940000,4,0.898878
831828.860794,1644144.093276,0.000000,169.940000,4,0.902601
831828.860794,1644144.093276,0.000000,169.940000,4,0.905729
831828.860794,1644144.093276,0.000000,169.940000,4,0.908355
831828.860794,1644144.093276,0.000000,169.940000,4,0.910562
831828.860794,1644144.093276,0.000000,169.940000,4,0.912416
831828.860794,1644144.093276,0.000000,169.940000,4,0.913973
831828.860794,1644144.093276,0.000000,169.940000,4,0.915280
831828.860794,1644144.093276,0.000000,169.940000,4,0.916379
831828.860794,1644144.093276,0.000000,169.940000,4,0.917302
831828.860794,1644144.093276,0.000000,169.940000,4,0.918077
831828.860794,1644144.093276,0.000000,169.940000,4,0.918728
831828.860794,1644144.093276,0.000000,169.940000,4,0.919275
831828.860794,1644144.093276,0.000000,169.940000,4,0.919735
831828.860794,1644144.093276,0.000000,169.940000,4,0.920121
831828.860794,1644144.093276,0.000000,169.940000,4,0.920445
831828.860794,1644144.093276,0.000000,169.940000,4,0.920717
831828.860794,1644144.093276,0.000000,169.940000,4,0.920946
831828.860794,1644144.093276,0.000000,169.940000,4,0.921138
831828.860794,1644144.093276,0.000000,169.940000,4,0.921299
831828.860794,1644144.093276,0.000000,169.940000,4,0.921435
831828.860794,1644144.093276,0.000000,169.940000,4,0.921549
831828.860794,1644144.093276,0.000000,169.940000,4,0.921645
831828.860794,1644144.093276,0.000000,169.940000,4,0.921725
831828.860794,1644144.093276,0.000000,169.940000,4,0.921792
831828.860794,1644144.093276,0.000000,169.940000,4,0.921849
831828.860794,1644144.093276,0.000000,169.940000,4,0.921897
831828.860794,1644144.093276,0.000000,169.940000,4,0.921937
831828.860794,1644144.093276,0.000000,169.940000,4,0.921970
831828.861049,1644144.074819,0.000000,169.940000,4,0.878121
831828.861049,1644144.074819,0.000000,169.940000,4,0.841287
831828.861049,1644144.074819,0.000000,169.940000,4,0.810347
831828.861049,1644144.074819,0.000000,169.940000,4,0.784358
831828.861049,1644144.074819,0.000000,169.940000,4,0.762526
831828.861049,1644144.074819,0.000000,169.940000,4,0.744188
831828.861049,1644144.074819,0.000000,169.940000,4,0.728784
831828.861049,1644144.074819,0.000000,169.940000,4,0.715844
831828.861049,1644144.074819,0.000000,169.940000,4,0.704975
831828.861049,1644144.074819,0.000000,169.940000,4,0.695845
831828.861049,1644144.074819,0.000000,169.940000,4,0.688175
831828.861049,1644144.074819,0.000000,169.940000,4,0.681733
831828.861049,1644144.074819,0.000000,169.940000,4,0.676322
831828.861049,1644144.074819,0.000000,169.940000,4,0.671776
831828.861049,1644144.074819,0.000000,169.940000,4,0.667958
831828.861049,1644144.074819,0.000000,169.940000,4,0.664750
831828.861049,1644144.074819,0.000000,169.940000,4,0.662056
831828.861049,1644144.074819,0.000000,169.940000,4,0.659793
831828.861049,1644144.074819,0.000000,169.940000,4,0.657892
831828.861049,1644144.074819,0.000000,169.940000,4,0.656295
831828.860794,1644144.093276,0.000000,169.940000,4,0.698831
831828.860794,1644144.093276,0.000000,169.940000,4,0.734562
831828.860794,1644144.093276,0.000000,169.940000,4,0.764575
831828.860794,1644144.093276,0.000000,169.940000,4,0.789787
831828.860794,1644144.093276,0.000000,169.940000,4,0.810964
831828.860794,1644144.093276,0.000000,169.940000,4,0.828754
831828.860794,1644144.093276,0.000000,169.940000,4,0.843696
831828.860794,1644144.093276,0.000000,169.940000,4,0.856249
831828.860794,1644144.093276,0.000000,169.940000,4,0.866792
831828.860794,1644144.093276,0.000000,169.940000,4,0.875649
831828.860794,1644144.093276,0.000000,169.940000,4,0.883089
831828.860794,1644144.093276,0.000000,169.940000,4,0.889338
831828.860794,1644144.093276,0.000000,169.940000,4,0.894587
831828.860794,1644144.093276,0.000000,169.940000,4,0.898997
831828.860794,1644144.093276,0.000000,169.940000,4,0.902701
831828.860794,1644144.093276,0.000000,169.940000,4,0.905812
831828.860794,1644144.093276,0.000000,169.940000,4,0.908426
831828.860794,1644144.093276,0.000000,169.940000,4,0.910621
831828.860794,1644144.093276,0.000000,169.940000,4,0.912465
831828.860794,1644144.093276,0.000000,169.940000,4,0.914014
831828.860794,1644144.093276,0.000000,169.940000,4,0.915315
831828.860794,1644144.093276,0.000000,169.940000,4,0.916408
831828.860794,1644144.093276,0.000000,169.940000,4,0.917327
831828.860794,1644144.093276,0.000000,169.940000,4,0.918098
831828.860794,1644144.093276,0.000000,169.940000,4,0.918746
831828.860794,1644144.093276,0.000000,169.940000,4,0.919290
831828.860794,1644144.093276,0.000000,169.940000,4,0.919747
831828.860794,1644144.093276,0.000000,169.940000,4,0.920131
831828.860794,1644144.093276,0.000000,169.940000,4,0.920453
831828.860794,1644144.093276,0.000000,169.940000,4,0.920724
831828.860794,1644144.093276,0.000000,169.940000,4,0.920952
831828.860794,1644144.093276,0.000000,169.940000,4,0.921143
831828.860794,1644144.093276,0.000000,169.940000,4,0.921304
831828.860794,1644144.093276,0.000000,169.940000,4,0.921439
831828.860794,1644144.093276,0.000000,169.940000,4,0.921552
831828.860794,1644144.093276,0.000000,169.940000,4,0.921647
831828.860794,1644144.093276,0.000000,169.940000,4,0.921727
831828.860794,1644144.093276,0.000000,169.940000,4,0.921794
831828.860794,1644144.093276,0.000000,169.940000,4,0.921851
831828.860794,1644144.093276,0.000000,169.940000,4,0.921898
831828.860794,1644144.093276,0.000000,169.940000,4,0.921938
831828.860794,1644144.093276,0.000000,169.940000,4,0.921971
831828.860794,1644144.093276,0.000000,169.940000,4,0.921999
831828.860794,1644144.093276,0.000000,169.940000,4,0.922023
831828.860794,1644144.093276,0.000000,169.940000,4,0.922043
831828.860794,1644144.093276,0.000000,169.940000,4,0.922059
831828.860794,1644144.093276,0.000000,169.940000,4,0.922073
831828.860794,1644144.093276,0.000000,169.940000,4,0.922085
831828.860794,1644144.093276,0.000000,169.940000,4,0.922095
831828.860794,1644144.093276,0.000000,169.940000,4,0.922103
831828.860794,1644144.093276,0.000000,169.940000,4,0.922110
831828.860794,1644144.093276,0.000000,169.940000,4,0.922116
831828.860794,1644144.093276,0.000000,169.940000,4,0.922121
831828.860794,1644144.093276,0.000000,169.940000,4,0.922125
831828.860794,1644144.093276,0.000000,169.940000,4,0.922129
831828.860794,1644144.093276,0.000000,169.940000,4,0.922131
831828.860794,1644144.093276,0.000000,169.940000,4,0.922134
831828.860794,1644144.093276,0.000000,169.940000,4,0.922136
831828.860794,1644144.093276,0.000000,169.940000,4,0.922138
831828.860794,1644144.093276,0.000000,169.940000,4,0.922139
831828.861049,1644144.074819,0.000000,169.940000,4,0.878263
831828.861049,1644144.074819,0.000000,169.940000,4,0.841407
831828.861049,1644144.074819,0.000000,169.940000,4,0.810447
831828.861049,1644144.074819,0.000000,169.940000,4,0.784442
831828.861049,1644144.074819,0.000000,169.940000,4,0.762597
831828.861049,1644144.074819,0.000000,169.940000,4,0.744247
831828.861049,1644144.074819,0.000000,169.940000,4,0.728833
831828.861049,1644144.074819,0.000000,169.940000,4,0.715886
831828.861049,1644144.074819,0.000000,169.940000,4,0.705010
831828.861049,1644144.074819,0.000000,169.940000,4,0.695874
831828.861049,1644144.074819,0.000000,169.940000,4,0.688200
831828.861049,1644144.074819,0.000000,169.940000,4,0.681754
831828.861049,1644144.074819,0.000000,169.940000,4,0.676339
831828.861049,1644144.074819,0.000000,169.940000,4,0.671791
831828.861049,1644144.074819,0.000000,169.940000,4,0.667970
831828.861049,1644144.074819,0.000000,169.940000,4,0.664761
831828.861049,1644144.074819,0.000000,169.940000,4,0.662065
831828.861049,1644144.074819,0.000000,169.940000,4,0.659800
831828.861049,1644144.074819,0.000000,169.940000,4,0.657898
831828.861049,1644144.074819,0.000000,169.940000,4,0.656300
831828.860794,1644144.093276,0.000000,169.940000,4,0.698836
831828.860794,1644144.093276,0.000000,169.940000,4,0.734565
831828.860794,1644144.093276,0.000000,169.940000,4,0.764578
831828.860794,1644144.093276,0.000000,169.940000,4,0.789789
831828.860794,1644144.093276,0.000000,169.940000,4,0.810967
831828.860794,1644144.093276,0.000000,169.940000,4,0.828755
831828.860794,1644144.093276,0.000000,169.940000,4,0.843698
831828.860794,1644144.093276,0.000000,169.940000,4,0.856250
831828.860794,1644144.093276,0.000000,169.940000,4,0.866793
831828.860794,1644144.093276,0.000000,169.940000,4,0.875650
831828.860794,1644144.093276,0.000000,169.940000,4,0.883089
831828.860794,1644144.093276,0.000000,169.940000,4,0.889339
831828.860794,1644144.093276,0.000000,169.940000,4,0.894588
831828.860794,1644144.093276,0.000000,169.940000,4,0.898997
831828.860794,1644144.093276,0.000000,169.940000,4,0.902701
831828.860794,1644144.093276,0.000000,169.940000,4,0.905812
831828.860794,1644144.093276,0.000000,169.940000,4,0.908426
831828.860794,1644144.093276,0.000000,169.940000,4,0.910621
831828.860794,1644144.093276,0.000000,169.940000,4,0.912465
831828.860794,1644144.093276,0.000000,169.940000,4,0.914014
831828.860794,1644144.093276,0.000000,169.940000,4,0.915316
831828.860794,1644144.093276,0.000000,169.940000,4,0.916409
831828.860794,1644144.093276,0.000000,169.940000,4,0.917327
831828.860794,1644144.093276,0.000000,169.940000,4,0.918098
831828.860794,1644144.093276,0.000000,169.940000,4,0.918746
831828.860794,1644144.093276,0.000000,169.940000,4,0.919290
831828.860794,1644144.093276,0.000000,169.940000,4,0.919747
831828.860794,1644144.093276,0.000000,169.940000,4,0.920131
831828.860794,1644144.093276,0.000000,169.940000,4,0.920453
831828.860794,1644144.093276,0.000000,169.940000,4,0.920724
831828.860794,1644144.093276,0.000000,169.940000,4,0.920952
831828.860794,1644144.093276,0.000000,169.940000,4,0.921143
831828.860794,1644144.093276,0.000000,169.940000,4,0.921304
831828.860794,1644144.093276,0.000000,169.940000,4,0.921439
831828.860794,1644144.093276,0.000000,169.940000,4,0.921552
831828.860794,1644144.093276,0.000000,169.940000,4,0.921647
831828.860794,1644144.093276,0.000000,169.940000,4,0.921727
831828.860794,1644144.093276,0.000000,169.940000,4,0.921794
831828.860794,1644144.093276,0.000000,169.940000,4,0.921851
831828.860794,1644144.093276,0.000000,169.940000,4,0.921898
831828.842841,1644144.093028,0.000000,169.940000,4,0.915186
831828.842841,1644144.093028,0.000000,169.940000,4,0.909548
831828.842841,1644144.093028,0.000000,169.940000,4,0.904812
831828.842841,1644144.093028,0.000000,169.940000,4,0.900834
831828.842841,1644144.093028,0.000000,169.940000,4,0.897492
831828.842841,1644144.093028,0.000000,169.940000,4,0.894685
831828.842841,1644144.093028,0.000000,169.940000,4,0.892327
831828.842841,1644144.093028,0.000000,169.940000,4,0.890347
831828.842841,1644144.093028,0.000000,169.940000,4,0.888683
831828.842841,1644144.093028,0.000000,169.940000,4,0.887285
831828.842841,1644144.093028,0.000000,169.940000,4,0.886111
831828.842841,1644144.093028,0.000000,169.940000,4,0.885125
831828.842841,1644144.093028,0.000000,169.940000,4,0.884297
831828.842841,1644144.093028,0.000000,169.940000,4,0.883601
831828.842841,1644144.093028,0.000000,169.940000,4,0.883017
831828.842841,1644144.093028,0.000000,169.940000,4,0.882526
831828.842841,1644144.093028,0.000000,169.940000,4,0.882113
831828.842841,1644144.093028,0.000000,169.940000,4,0.881767
831828.842841,1644144.093028,0.000000,169.940000,4,0.881476
831828.842841,1644144.093028,0.000000,169.940000,4,0.881232
831828.842841,1644144.093028,0.000000,169.940000,4,0.881026
831828.842841,1644144.093028,0.000000,169.940000,4,0.880854
831828.842841,1644144.093028,0.000000,169.940000,4,0.880709
831828.842841,1644144.093028,0.000000,169.940000,4,0.880587
831828.842841,1644144.093028,0.000000,169.940000,4,0.880485
831828.842841,1644144.093028,0.000000,169.940000,4,0.880399
831828.842841,1644144.093028,0.000000,169.940000,4,0.880327
831828.842841,1644144.093028,0.000000,169.940000,4,0.880266
831828.842841,1644144.093028,0.000000,169.940000,4,0.880215
831828.842841,1644144.093028,0.000000,169.940000,4,0.880173
831828.842841,1644144.093028,0.000000,169.940000,4,0.880137
831828.842841,1644144.093028,0.000000,169.940000,4,0.880107
831828.842841,1644144.093028,0.000000,169.940000,4,0.880081
831828.842841,1644144.093028,0.000000,169.940000,4,0.880060
831828.842841,1644144.093028,0.000000,169.940000,4,0.880042
831828.842841,1644144.093028,0.000000,169.940000,4,0.880027
831828.842841,1644144.093028,0.000000,169.940000,4,0.880014
831828.842841,1644144.093028,0.000000,169.940000,4,0.880004
831828.842841,1644144.093028,0.000000,169.940000,4,0.879995
831828.842841,1644144.093028,0.000000,169.940000,4,0.879988
831828.842841,1644144.093028,0.000000,169.940000,4,0.879981
831828.842841,1644144.093028,0.000000,169.940000,4,0.879976
831828.842841,1644144.093028,0.000000,169.940000,4,0.879972
831828.842841,1644144.093028,0.000000,169.940000,4,0.879968
831828.842841,1644144.093028,0.000000,169.940000,4,0.879965
831828.842841,1644144.093028,0.000000,169.940000,4,0.879962
831828.842841,1644144.093028,0.000000,169.940000,4,0.879960
831828.842841,1644144.093028,0.000000,169.940000,4,0.879958
831828.842841,1644144.093028,0.000000,169.940000,4,0.879956
831828.842841,1644144.093028,0.000000,169.940000,4,0.879955
831828.842841,1644144.093028,0.000000,169.940000,4,0.879954
831828.842841,1644144.093028,0.000000,169.940000,4,0.879953
831828.842841,1644144.093028,0.000000,169.940000,4,0.879952
831828.842841,1644144.093028,0.000000,169.940000,4,0.879952
831828.842841,1644144.093028,0.000000,169.940000,4,0.879951
831828.842841,1644144.093028,0.000000,169.940000,4,0.879951
831828.842841,1644144.093028,0.000000,169.940000,4,0.879950
831828.842841,1644144.093028,0.000000,169.940000,4,0.879950
831828.842841,1644144.093028,0.000000,169.940000,4,0.879950
831828.842841,1644144.093028,0.000000,169.940000,4,0.879949
831828.842841,1644144.093028,0.000000,169.940000,4,0.879949
831828.842841,1644144.093028,0.000000,169.940000,4,0.879949
831828.842841,1644144.093028,0.000000,169.940000,4,0.879949
831828.842841,1644144.093028,0.000000,169.940000,4,0.879949
831828.842841,1644144.093028,0.000000,169.940000,4,0.879949
831828.842841,1644144.093028,0.000000,169.940000,4,0.879949
831828.842841,1644144.093028,0.000000,169.940000,4,0.879949
831828.842841,1644144.093028,0.000000,169.940000,4,0.879949
831828.842841,1644144.093028,0.000000,169.940000,4,0.879949
831828.842841,1644144.093028,0.000000,169.940000,4,0.879948
831828.842841,1644144.093028,0.000000,169.940000,4,0.879948
831828.842841,1644144.093028,0.000000,169.940000,4,0.879948
831828.842841,1644144.093028,0.000000,169.940000,4,0.879948
831828.842841,1644144.093028,0.000000,169.940000,4,0.879948
831828.842841,1644144.093028,0.000000,169.940000,4,0.879948
831828.842841,1644144.093028,0.000000,169.940000,4,0.879948
831828.842841,1644144.093028,0.000000,169.940000,4,0.879948
831828.842841,1644144.093028,0.000000,169.940000,4,0.879948
831828.842841,1644144.093028,0.000000,169.940000,4,0.879948
831828.842841,1644144.093028,0.000000,169.940000,4,0.879948
831828.842841,1644144.093028,0.000000,169.940000,4,0.879948
831828.842841,1644144.093028,0.000000,169.940000,4,0.879948
831828.842841,1644144.093028,0.000000,169.940000,4,0.879948
831828.842841,1644144.093028,0.000000,169.940000,4,0.879948
831828.842841,1644144.093028,0.000000,169.940000,4,0.879948
831828.842841,1644144.093028,0.000000,169.940000,4,0.879948
831828.842841,1644144.093028,0.000000,169.940000,4,0.879948
831828.842841,1644144.093028,0.000000,169.940000,4,0.879948
831828.842841,1644144.093028,0.000000,169.940000,4,0.879948
831828.842841,1644144.093028,0.000000,169.940000,4,0.879948
831828.842841,1644144.093028,0.000000,169.940000,4,0.879948
831828.842841,1644144.093028,0.000000,169.940000,4,0.879948
831828.842841,1644144.093028,0.000000,169.940000,4,0.879948
831828.842841,1644144.093028,0.000000,169.940000,4,0.879948
831828.842841,1644144.093028,0.000000,169.940000,4,0.879948
831828.842841,1644144.093028,0.000000,169.940000,4,0.879948
831828.842841,1644144.093028,0.000000,169.940000,4,0.879948
831828.842841,1644144.093028,0.000000,169.940000,4,0.879948
831828.842841,1644144.093028,0.000000,169.940000,4,0.879948
831828.842841,1644144.093028,0.000000,169.940000,4,0.879948
831828.843096,1644144.074571,0.000000,169.940000,4,0.835644
831828.843096,1644144.074571,0.000000,169.940000,4,0.798428
831828.843096,1644144.074571,0.000000,169.940000,4,0.767167
831828.843096,1644144.074571,0.000000,169.940000,4,0.740908
831828.843096,1644144.074571,0.000000,169.940000,4,0.718850
831828.843096,1644144.074571,0.000000,169.940000,4,0.700322
831828.843096,1644144.074571,0.000000,169.940000,4,0.684758
831828.843096,1644144.074571,0.000000,169.940000,4,0.671684
831828.843096,1644144.074571,0.000000,169.940000,4,0.660702
831828.843096,1644144.074571,0.000000,169.940000,4,0.651477
831828.843096,1644144.074571,0.000000,169.940000,4,0.643728
831828.843096,1644144.074571,0.000000,169.940000,4,0.637219
831828.843096,1644144.074571,0.000000,169.940000,4,0.631752
831828.843096,1644144.074571,0.000000,169.940000,4,0.627159
831828.843096,1644144.074571,0.000000,169.940000,4,0.623301
831828.843096,1644144.074571,0.000000,169.940000,4,0.620060
831828.843096,1644144.074571,0.000000,169.940000,4,0.617338
831828.843096,1644144.074571,0.000000,169.940000,4,0.615051
831828.843096,1644144.074571,0.000000,169.940000,4,0.613131
831828.843096,1644144.074571,0.000000,169.940000,4,0.611517
831828.842841,1644144.093028,0.000000,169.940000,4,0.654466
831828.842841,1644144.093028,0.000000,169.940000,4,0.690543
831828.842841,1644144.093028,0.000000,169.940000,4,0.720848
831828.842841,1644144.093028,0.000000,169.940000,4,0.746304
831828.842841,1644144.093028,0.000000,169.940000,4,0.767687
831828.842841,1644144.093028,0.000000,169.940000,4,0.785649
831828.842841,1644144.093028,0.000000,169.940000,4,0.800737
831828.842841,1644144.093028,0.000000,169.940000,4,0.813411
831828.842841,1644144.093028,0.000000,169.940000,4,0.824057
831828.842841,1644144.093028,0.000000,169.940000,4,0.832999
831828.842841,1644144.093028,0.000000,169.940000,4,0.840511
831828.842841,1644144.093028,0.000000,169.940000,4,0.846821
831828.842841,1644144.093028,0.000000,169.940000,4,0.852121
831828.842841,1644144.093028,0.000000,169.940000,4,0.856574
831828.842841,1644144.093028,0.000000,169.940000,4,0.860314
831828.842841,1644144.093028,0.000000,169.940000,4,0.863455
831828.842841,1644144.093028,0.000000,169.940000,4,0.866094
831828.842841,1644144.093028,0.000000,169.940000,4,0.868311
831828.842841,1644144.093028,0.000000,169.940000,4,0.870173
831828.842841,1644144.093028,0.000000,169.940000,4,0.871737
831828.842841,1644144.093028,0.000000,169.940000,4,0.873051
831828.842841,1644144.093028,0.000000,169.940000,4,0.874154
831828.842841,1644144.093028,0.000000,169.940000,4,0.875081
831828.842841,1644144.093028,0.000000,169.940000,4,0.875860
831828.842841,1644144.093028,0.000000,169.940000,4,0.876514
831828.842841,1644144.093028,0.000000,169.940000,4,0.877064
831828.842841,1644144.093028,0.000000,169.940000,4,0.877525
831828.842841,1644144.093028,0.000000,169.940000,4,0.877913
831828.842841,1644144.093028,0.000000,169.940000,4,0.878239
831828.842841,1644144.093028,0.000000,169.940000,4,0.878512
831828.842841,1644144.093028,0.000000,169.940000,4,0.878742
831828.842841,1644144.093028,0.000000,169.940000,4,0.878935
831828.842841,1644144.093028,0.000000,169.940000,4,0.879097
831828.842841,1644144.093028,0.000000,169.940000,4,0.879233
831828.842841,1644144.093028,0.000000,169.940000,4,0.879348
831828.842841,1644144.093028,0.000000,169.940000,4,0.879444
831828.842841,1644144.093028,0.000000,169.940000,4,0.879524
831828.842841,1644144.093028,0.000000,169.940000,4,0.879592
831828.842841,1644144.093028,0.000000,169.940000,4,0.879649
831828.842841,1644144.093028,0.000000,169.940000,4,0.879697
831828.824888,1644144.092780,0.000000,169.940000,4,0.872842
831828.824888,1644144.092780,0.000000,169.940000,4,0.867084
831828.824888,1644144.092780,0.000000,169.940000,4,0.862247
831828.824888,1644144.092780,0.000000,169.940000,4,0.858184
831828.824888,1644144.092780,0.000000,169.940000,4,0.854771
831828.824888,1644144.092780,0.000000,169.940000,4,0.851904
831828.824888,1644144.092780,0.000000,169.940000,4,0.849496
831828.824888,1644144.092780,0.000000,169.940000,4,0.847473
831828.824888,1644144.092780,0.000000,169.940000,4,0.845774
831828.824888,1644144.092780,0.000000,169.940000,4,0.844346
831828.824888,1644144.092780,0.000000,169.940000,4,0.843147
831828.824888,1644144.092780,0.000000,169.940000,4,0.842140
831828.824888,1644144.092780,0.000000,169.940000,4,0.841294
831828.824888,1644144.092780,0.000000,169.940000,4,0.840584
831828.824888,1644144.092780,0.000000,169.940000,4,0.839987
831828.824888,1644144.092780,0.000000,169.940000,4,0.839485
831828.824888,1644144.092780,0.000000,169.940000,4,0.839064
831828.824888,1644144.092780,0.000000,169.940000,4,0.838710
831828.824888,1644144.092780,0.000000,169.940000,4,0.838413
831828.824888,1644144.092780,0.000000,169.940000,4,0.838164
831828.861049,1644144.074819,0.000000,169.940000,4,0.807723
831828.861049,1644144.074819,0.000000,169.940000,4,0.782153
831828.861049,1644144.074819,0.000000,169.940000,4,0.760675
831828.861049,1644144.074819,0.000000,169.940000,4,0.742633
831828.861049,1644144.074819,0.000000,169.940000,4,0.727477
831828.861049,1644144.074819,0.000000,169.940000,4,0.714747
831828.861049,1644144.074819,0.000000,169.940000,4,0.704053
831828.861049,1644144.074819,0.000000,169.940000,4,0.695070
831828.861049,1644144.074819,0.000000,169.940000,4,0.687525
831828.861049,1644144.074819,0.000000,169.940000,4,0.681187
831828.861049,1644144.074819,0.000000,169.940000,4,0.675863
831828.861049,1644144.074819,0.000000,169.940000,4,0.671391
831828.861049,1644144.074819,0.000000,169.940000,4,0.667634
831828.861049,1644144.074819,0.000000,169.940000,4,0.664478
831828.861049,1644144.074819,0.000000,169.940000,4,0.661828
831828.861049,1644144.074819,0.000000,169.940000,4,0.659601
831828.861049,1644144.074819,0.000000,169.940000,4,0.657731
831828.861049,1644144.074819,0.000000,169.940000,4,0.656160
831828.861049,1644144.074819,0.000000,169.940000,4,0.654840
831828.861049,1644144.074819,0.000000,169.940000,4,0.653731
831828.861049,1644144.074819,0.000000,169.940000,4,0.652800
831828.861049,1644144.074819,0.000000,169.940000,4,0.652018
831828.861049,1644144.074819,0.000000,169.940000,4,0.651361
831828.861049,1644144.074819,0.000000,169.940000,4,0.650809
831828.861049,1644144.074819,0.000000,169.940000,4,0.650345
831828.861049,1644144.074819,0.000000,169.940000,4,0.649956
831828.861049,1644144.074819,0.000000,169.940000,4,0.649629
831828.861049,1644144.074819,0.000000,169.940000,4,0.649354
831828.861049,1644144.074819,0.000000,169.940000,4,0.649123
831828.861049,1644144.074819,0.000000,169.940000,4,0.648929
831828.861049,1644144.074819,0.000000,169.940000,4,0.648766
831828.861049,1644144.074819,0.000000,169.940000,4,0.648630
831828.861049,1644144.074819,0.000000,169.940000,4,0.648515
831828.861049,1644144.074819,0.000000,169.940000,4,0.648418
831828.861049,1644144.074819,0.000000,169.940000,4,0.648337
831828.861049,1644144.074819,0.000000,169.940000,4,0.648269
831828.861049,1644144.074819,0.000000,169.940000,4,0.648212
831828.861049,1644144.074819,0.000000,169.940000,4,0.648164
831828.861049,1644144.074819,0.000000,169.940000,4,0.648123
831828.861049,1644144.074819,0.000000,169.940000,4,0.648089
831828.861049,1644144.074819,0.000000,169.940000,4,0.648061
831828.861049,1644144.074819,0.000000,169.940000,4,0.648037
831828.861049,1644144.074819,0.000000,169.940000,4,0.648017
831828.861049,1644144.074819,0.000000,169.940000,4,0.648000
831828.861049,1644144.074819,0.000000,169.940000,4,0.647986
831828.861049,1644144.074819,0.000000,169.940000,4,0.647974
831828.861049,1644144.074819,0.000000,169.940000,4,0.647964
831828.861049,1644144.074819,0.000000,169.940000,4,0.647956
831828.861049,1644144.074819,0.000000,169.940000,4,0.647949
831828.861049,1644144.074819,0.000000,169.940000,4,0.647943
831828.861049,1644144.074819,0.000000,169.940000,4,0.647938
831828.861049,1644144.074819,0.000000,169.940000,4,0.647933
831828.861049,1644144.074819,0.000000,169.940000,4,0.647930
831828.861049,1644144.074819,0.000000,169.940000,4,0.647927
831828.861049,1644144.074819,0.000000,169.940000,4,0.647924
831828.861049,1644144.074819,0.000000,169.940000,4,0.647922
831828.861049,1644144.074819,0.000000,169.940000,4,0.647921
831828.861049,1644144.074819,0.000000,169.940000,4,0.647919
831828.861049,1644144.074819,0.000000,169.940000,4,0.647918
831828.861049,1644144.074819,0.000000,169.940000,4,0.647917
831828.861049,1644144.074819,0.000000,169.940000,4,0.647916
831828.861049,1644144.074819,0.000000,169.940000,4,0.647915
831828.861049,1644144.074819,0.000000,169.940000,4,0.647915
831828.861049,1644144.074819,0.000000,169.940000,4,0.647914
831828.861049,1644144.074819,0.000000,169.940000,4,0.647914
831828.861049,1644144.074819,0.000000,169.940000,4,0.647913
831828.861049,1644144.074819,0.000000,169.940000,4,0.647913
831828.861049,1644144.074819,0.000000,169.940000,4,0.647913
831828.861049,1644144.074819,0.000000,169.940000,4,0.647913
831828.861049,1644144.074819,0.000000,169.940000,4,0.647912
831828.861049,1644144.074819,0.000000,169.940000,4,0.647912
831828.861049,1644144.074819,0.000000,169.940000,4,0.647912
831828.861049,1644144.074819,0.000000,169.940000,4,0.647912
831828.861049,1644144.074819,0.000000,169.940000,4,0.647912
831828.861049,1644144.074819,0.000000,169.940000,4,0.647912
831828.861049,1644144.074819,0.000000,169.940000,4,0.647912
831828.861049,1644144.074819,0.000000,169.940000,4,0.647912
831828.861049,1644144.074819,0.000000,169.940000,4,0.647912
831828.861049,1644144.074819,0.000000,169.940000,4,0.647912
831828.861049,1644144.074819,0.000000,169.940000,4,0.647912
831828.861049,1644144.074819,0.000000,169.940000,4,0.647912
831828.861049,1644144.074819,0.000000,169.940000,4,0.647912
831828.861049,1644144.074819,0.000000,169.940000,4,0.647912
831828.861049,1644144.074819,0.000000,169.940000,4,0.647912
831828.861049,1644144.074819,0.000000,169.940000,4,0.647912
831828.861049,1644144.074819,0.000000,169.940000,4,0.647912
831828.861049,1644144.074819,0.000000,169.940000,4,0.647912
831828.861049,1644144.074819,0.000000,169.940000,4,0.647911
831828.861049,1644144.074819,0.000000,169.940000,4,0.647911
831828.861049,1644144.074819,0.000000,169.940000,4,0.647911
831828.861049,1644144.074819,0.000000,169.940000,4,0.647911
831828.861049,1644144.074819,0.000000,169.940000,4,0.647911
831828.861049,1644144.074819,0.000000,169.940000,4,0.647911
831828.861049,1644144.074819,0.000000,169.940000,4,0.647911
831828.861049,1644144.074819,0.000000,169.940000,4,0.647911
831828.861049,1644144.074819,0.000000,169.940000,4,0.647911
831828.861049,1644144.074819,0.000000,169.940000,4,0.647911
831828.861049,1644144.074819,0.000000,169.940000,4,0.647911
831828.861049,1644144.074819,0.000000,169.940000,4,0.647911
831828.861049,1644144.074819,0.000000,169.940000,4,0.647911
831828.861049,1644144.074819,0.000000,169.940000,4,0.647911
831828.861049,1644144.074819,0.000000,169.940000,4,0.647911
831828.861049,1644144.074819,0.000000,169.940000,4,0.647911
831828.861049,1644144.074819,0.000000,169.940000,4,0.647911
831828.861049,1644144.074819,0.000000,169.940000,4,0.647911
831828.861049,1644144.074819,0.000000,169.940000,4,0.647911
831828.861049,1644144.074819,0.000000,169.940000,4,0.647911
831828.861049,1644144.074819,0.000000,169.940000,4,0.647911
831828.861049,1644144.074819,0.000000,169.940000,4,0.647911
831828.861049,1644144.074819,0.000000,169.940000,4,0.647911
831828.861049,1644144.074819,0.000000,169.940000,4,0.647911
831828.861049,1644144.074819,0.000000,169.940000,4,0.647911
831828.861049,1644144.074819,0.000000,169.940000,4,0.647911
831828.861049,1644144.074819,0.000000,169.940000,4,0.647911
831828.861049,1644144.074819,0.000000,169.940000,4,0.647911
831828.861049,1644144.074819,0.000000,169.940000,4,0.647911
831828.861049,1644144.074819,0.000000,169.940000,4,0.647911
831828.861049,1644144.074819,0.000000,169.940000,4,0.647911
831828.861049,1644144.074819,0.000000,169.940000,4,0.647911
831828.861049,1644144.074819,0.000000,169.940000,4,0.647911
831828.861049,1644144.074819,0.000000,169.940000,4,0.647911
831828.861049,1644144.074819,0.000000,169.940000,4,0.647911
831828.861049,1644144.074819,0.000000,169.940000,4,0.647911
831828.861049,1644144.074819,0.000000,169.940000,4,0.647911
831828.861049,1644144.074819,0.000000,169.940000,4,0.647911
831828.861049,1644144.074819,0.000000,169.940000,4,0.647911
831828.861049,1644144.074819,0.000000,169.940000,4,0.647911
831828.861049,1644144.074819,0.000000,169.940000,4,0.647911
831828.861049,1644144.074819,0.000000,169.940000,4,0.647911
831828.861049,1644144.074819,0.000000,169.940000,4,0.647911
831828.861049,1644144.074819,0.000000,169.940000,4,0.647911
831828.861049,1644144.074819,0.000000,169.940000,4,0.647911
831828.861049,1644144.074819,0.000000,169.940000,4,0.647911
831828.861049,1644144.074819,0.000000,169.940000,4,0.647911
831828.861049,1644144.074819,0.000000,169.940000,4,0.647911
831828.861049,1644144.074819,0.000000,169.940000,4,0.647911
831828.861049,1644144.074819,0.000000,169.940000,4,0.647911
831828.861049,1644144.074819,0.000000,169.940000,4,0.647911
831828.861049,1644144.074819,0.000000,169.940000,4,0.647911
831828.861049,1644144.074819,0.000000,169.940000,4,0.647911
831828.861049,1644144.074819,0.000000,169.940000,4,0.647911
831828.861049,1644144.074819,0.000000,169.940000,4,0.647911
831828.861049,1644144.074819,0.000000,169.940000,4,0.647911
831828.861049,1644144.074819,0.000000,169.940000,4,0.647911
831828.861049,1644144.074819,0.000000,169.940000,4,0.647911
831828.861049,1644144.074819,0.000000,169.940000,4,0.647911
831828.861049,1644144.074819,0.000000,169.940000,4,0.647911
831828.861049,1644144.074819,0.000000,169.940000,4,0.647911
831828.861049,1644144.074819,0.000000,169.940000,4,0.647911
831828.861049,1644144.074819,0.000000,169.940000,4,0.647911
831828.861049,1644144.074819,0.000000,169.940000,4,0.647911
831828.861049,1644144.074819,0.000000,169.940000,4,0.647911
831828.861049,1644144.074819,0.000000,169.940000,4,0.647911
831828.861049,1644144.074819,0.000000,169.940000,4,0.647911
831828.861049,1644144.074819,0.000000,169.940000,4,0.647911
831828.861049,1644144.074819,0.000000,169.940000,4,0.647911
831828.861049,1644144.074819,0.000000,169.940000,4,0.647911
831828.861049,1644144.074819,0.000000,169.940000,4,0.647911
831828.861049,1644144.074819,0.000000,169.940000,4,0.647911
831828.861049,1644144.074819,0.000000,169.940000,4,0.647911
831828.861049,1644144.074819,0.000000,169.940000,4,0.647911
831828.861049,1644144.074819,0.000000,169.940000,4,0.647911
831828.861049,1644144.074819,0.000000,169.940000,4,0.647911
831828.861049,1644144.074819,0.000000,169.940000,4,0.647911
831828.861049,1644144.074819,0.000000,169.940000,4,0.647911
831828.861049,1644144.074819,0.000000,169.940000,4,0.647911
831828.861049,1644144.074819,0.000000,169.940000,4,0.647911
831828.861049,1644144.074819,0.000000,169.940000,4,0.647911
831828.861049,1644144.074819,0.000000,169.940000,4,0.647911
831828.861049,1644144.074819,0.000000,169.940000,4,0.647911
831828.861049,1644144.074819,0.000000,169.940000,4,0.647911
831828.861049,1644144.074819,0.000000,169.940000,4,0.647911
831828.861049,1644144.074819,0.000000,169.940000,4,0.647911
831828.861049,1644144.074819,0.000000,169.940000,4,0.647911
831828.861049,1644144.074819,0.000000,169.940000,4,0.647911
831828.861049,1644144.074819,0.000000,169.940000,4,0.647911
831828.861049,1644144.074819,0.000000,169.940000,4,0.647911
831828.861049,1644144.074819,0.000000,169.940000,4,0.647911
831828.861049,1644144.074819,0.000000,169.940000,4,0.647911
831828.861049,1644144.074819,0.000000,169.940000,4,0.647911
831828.860794,1644144.093276,0.000000,169.940000,4,0.691789
831828.860794,1644144.093276,0.000000,169.940000,4,0.728646
831828.860794,1644144.093276,0.000000,169.940000,4,0.759606
831828.860794,1644144.093276,0.000000,169.940000,4,0.785613
831828.860794,1644144.093276,0.000000,169.940000,4,0.807458
831828.860794,1644144.093276,0.000000,169.940000,4,0.825808
831828.860794,1644144.093276,0.000000,169.940000,4,0.841223
831828.860794,1644144.093276,0.000000,169.940000,4,0.854170
831828.860794,1644144.093276,0.000000,169.940000,4,0.865047
831828.860794,1644144.093276,0.000000,169.940000,4,0.874183
831828.860794,1644144.093276,0.000000,169.940000,4,0.881857
831828.860794,1644144.093276,0.000000,169.940000,4,0.888303
831828.860794,1644144.093276,0.000000,169.940000,4,0.893718
831828.860794,1644144.093276,0.000000,169.940000,4,0.898267
831828.860794,1644144.093276,0.000000,169.940000,4,0.902088
831828.860794,1644144.093276,0.000000,169.940000,4,0.905297
831828.860794,1644144.093276,0.000000,169.940000,4,0.907993
831828.860794,1644144.093276,0.000000,169.940000,4,0.910258
831828.860794,1644144.093276,0.000000,169.940000,4,0.912160
831828.860794,1644144.093276,0.000000,169.940000,4,0.913758
831828.861049,1644144.074819,0.000000,169.940000,4,0.871222
831828.861049,1644144.074819,0.000000,169.940000,4,0.835493
831828.861049,1644144.074819,0.000000,169.940000,4,0.805480
831828.861049,1644144.074819,0.000000,169.940000,4,0.780269
831828.861049,1644144.074819,0.000000,169.940000,4,0.759092
831828.861049,1644144.074819,0.000000,169.940000,4,0.741303
831828.861049,1644144.074819,0.000000,169.940000,4,0.726360
831828.861049,1644144.074819,0.000000,169.940000,4,0.713808
831828.861049,1644144.074819,0.000000,169.940000,4,0.703265
831828.861049,1644144.074819,0.000000,169.940000,4,0.694408
831828.861049,1644144.074819,0.000000,169.940000,4,0.686969
831828.861049,1644144.074819,0.000000,169.940000,4,0.680720
831828.861049,1644144.074819,0.000000,169.940000,4,0.675470
831828.861049,1644144.074819,0.000000,169.940000,4,0.671061
831828.861049,1644144.074819,0.000000,169.940000,4,0.667357
831828.861049,1644144.074819,0.000000,169.940000,4,0.664246
831828.861049,1644144.074819,0.000000,169.940000,4,0.661632
831828.861049,1644144.074819,0.000000,169.940000,4,0.659437
831828.861049,1644144.074819,0.000000,169.940000,4,0.657593
831828.861049,1644144.074819,0.000000,169.940000,4,0.656044
831828.860794,1644144.093276,0.000000,169.940000,4,0.698620
831828.860794,1644144.093276,0.000000,169.940000,4,0.734385
831828.860794,1644144.093276,0.000000,169.940000,4,0.764426
831828.860794,1644144.093276,0.000000,169.940000,4,0.789662
831828.860794,1644144.093276,0.000000,169.940000,4,0.810859
831828.860794,1644144.093276,0.000000,169.940000,4,0.828665
831828.860794,1644144.093276,0.000000,169.940000,4,0.843622
831828.860794,1644144.093276,0.000000,169.940000,4,0.856186
831828.860794,1644144.093276,0.000000,169.940000,4,0.866740
831828.860794,1644144.093276,0.000000,169.940000,4,0.875605
831828.860794,1644144.093276,0.000000,169.940000,4,0.883052
831828.860794,1644144.093276,0.000000,169.940000,4,0.889307
831828.860794,1644144.093276,0.000000,169.940000,4,0.894561
831828.860794,1644144.093276,0.000000,169.940000,4,0.898975
831828.860794,1644144.093276,0.000000,169.940000,4,0.902682
831828.860794,1644144.093276,0.000000,169.940000,4,0.905797
831828.860794,1644144.093276,0.000000,169.940000,4,0.908413
831828.860794,1644144.093276,0.000000,169.940000,4,0.910610
831828.860794,1644144.093276,0.000000,169.940000,4,0.912456
831828.860794,1644144.093276,0.000000,169.940000,4,0.914007
831828.860794,1644144.093276,0.000000,169.940000,4,0.915309
831828.860794,1644144.093276,0.000000,169.940000,4,0.916403
831828.860794,1644144.093276,0.000000,169.940000,4,0.917322
831828.860794,1644144.093276,0.000000,169.940000,4,0.918094
831828.860794,1644144.093276,0.000000,169.940000,4,0.918742
831828.860794,1644144.093276,0.000000,169.940000,4,0.919287
831828.860794,1644144.093276,0.000000,169.940000,4,0.919745
831828.860794,1644144.093276,0.000000,169.940000,4,0.920129
831828.860794,1644144.093276,0.000000,169.940000,4,0.920452
831828.860794,1644144.093276,0.000000,169.940000,4,0.920723
831828.860794,1644144.093276,0.000000,169.940000,4,0.920951
831828.860794,1644144.093276,0.000000,169.940000,4,0.921142
831828.860794,1644144.093276,0.000000,169.940000,4,0.921303
831828.860794,1644144.093276,0.000000,169.940000,4,0.921438
831828.860794,1644144.093276,0.000000,169.940000,4,0.921551
831828.860794,1644144.093276,0.000000,169.940000,4,0.921647
831828.860794,1644144.093276,0.000000,169.940000,4,0.921727
831828.860794,1644144.093276,0.000000,169.940000,4,0.921794
831828.860794,1644144.093276,0.000000,169.940000,4,0.921850
831828.860794,1644144.093276,0.000000,169.940000,4,0.921898
831828.860794,1644144.093276,0.000000,169.940000,4,0.921938
831828.860794,1644144.093276,0.000000,169.940000,4,0.921971
831828.860794,1644144.093276,0.000000,169.940000,4,0.921999
831828.860794,1644144.093276,0.000000,169.940000,4,0.922023
831828.860794,1644144.093276,0.000000,169.940000,4,0.922043
831828.860794,1644144.093276,0.000000,169.940000,4,0.922059
831828.860794,1644144.093276,0.000000,169.940000,4,0.922073
831828.860794,1644144.093276,0.000000,169.940000,4,0.922085
831828.860794,1644144.093276,0.000000,169.940000,4,0.922095
831828.860794,1644144.093276,0.000000,169.940000,4,0.922103
831828.860794,1644144.093276,0.000000,169.940000,4,0.922110
831828.860794,1644144.093276,0.000000,169.940000,4,0.922116
831828.860794,1644144.093276,0.000000,169.940000,4,0.922121
831828.860794,1644144.093276,0.000000,169.940000,4,0.922125
831828.860794,1644144.093276,0.000000,169.940000,4,0.922129
831828.860794,1644144.093276,0.000000,169.940000,4,0.922131
831828.860794,1644144.093276,0.000000,169.940000,4,0.922134
831828.860794,1644144.093276,0.000000,169.940000,4,0.922136
831828.860794,1644144.093276,0.000000,169.940000,4,0.922138
831828.860794,1644144.093276,0.000000,169.940000,4,0.922139
831828.860794,1644144.093276,0.000000,169.940000,4,0.922140
831828.860794,1644144.093276,0.000000,169.940000,4,0.922141
831828.860794,1644144.093276,0.000000,169.940000,4,0.922142
831828.860794,1644144.093276,0.000000,169.940000,4,0.922143
831828.860794,1644144.093276,0.000000,169.940000,4,0.922144
831828.860794,1644144.093276,0.000000,169.940000,4,0.922144
831828.860794,1644144.093276,0.000000,169.940000,4,0.922145
831828.860794,1644144.093276,0.000000,169.940000,4,0.922145
831828.860794,1644144.093276,0.000000,169.940000,4,0.922145
831828.860794,1644144.093276,0.000000,169.940000,4,0.922145
831828.860794,1644144.093276,0.000000,169.940000,4,0.922146
831828.860794,1644144.093276,0.000000,169.940000,4,0.922146
831828.860794,1644144.093276,0.000000,169.940000,4,0.922146
831828.860794,1644144.093276,0.000000,169.940000,4,0.922146
831828.860794,1644144.093276,0.000000,169.940000,4,0.922146
831828.860794,1644144.093276,0.000000,169.940000,4,0.922146
831828.860794,1644144.093276,0.000000,169.940000,4,0.922146
831828.860794,1644144.093276,0.000000,169.940000,4,0.922146
831828.860794,1644144.093276,0.000000,169.940000,4,0.922146
831828.860794,1644144.093276,0.000000,169.940000,4,0.922147
831828.860794,1644144.093276,0.000000,169.940000,4,0.922147
831828.860794,1644144.093276,0.000000,169.940000,4,0.922147
831828.860794,1644144.093276,0.000000,169.940000,4,0.922147
831828.860794,1644144.093276,0.000000,169.940000,4,0.922147
831828.860794,1644144.093276,0.000000,169.940000,4,0.922147
831828.860794,1644144.093276,0.000000,169.940000,4,0.922147
831828.860794,1644144.093276,0.000000,169.940000,4,0.922147
831828.860794,1644144.093276,0.000000,169.940000,4,0.922147
831828.860794,1644144.093276,0.000000,169.940000,4,0.922147
831828.860794,1644144.093276,0.000000,169.940000,4,0.922147
831828.860794,1644144.093276,0.000000,169.940000,4,0.922147
831828.860794,1644144.093276,0.000000,169.940000,4,0.922147
831828.860794,1644144.093276,0.000000,169.940000,4,0.922147
831828.860794,1644144.093276,0.000000,169.940000,4,0.922147
831828.860794,1644144.093276,0.000000,169.940000,4,0.922147
831828.860794,1644144.093276,0.000000,169.940000,4,0.922147
831828.860794,1644144.093276,0.000000,169.940000,4,0.922147
831828.860794,1644144.093276,0.000000,169.940000,4,0.922147
831828.860794,1644144.093276,0.000000,169.940000,4,0.922147
831828.860794,1644144.093276,0.000000,169.940000,4,0.922147
831828.860794,1644144.093276,0.000000,169.940000,4,0.922147
831828.860794,1644144.093276,0.000000,169.940000,4,0.922147
831828.860794,1644144.093276,0.000000,169.940000,4,0.922147
831828.860794,1644144.093276,0.000000,169.940000,4,0.922147
831828.860794,1644144.093276,0.000000,169.940000,4,0.922147
831828.860794,1644144.093276,0.000000,169.940000,4,0.922147
831828.860794,1644144.093276,0.000000,169.940000,4,0.922147
831828.860794,1644144.093276,0.000000,169.940000,4,0.922147
831828.860794,1644144.093276,0.000000,169.940000,4,0.922147
831828.860794,1644144.093276,0.000000,169.940000,4,0.922147
831828.860794,1644144.093276,0.000000,169.940000,4,0.922147
831828.860794,1644144.093276,0.000000,169.940000,4,0.922147
831828.860794,1644144.093276,0.000000,169.940000,4,0.922147
831828.860794,1644144.093276,0.000000,169.940000,4,0.922147
831828.860794,1644144.093276,0.000000,169.940000,4,0.922147
831828.860794,1644144.093276,0.000000,169.940000,4,0.922147
831828.860794,1644144.093276,0.000000,169.940000,4,0.922147
831828.860794,1644144.093276,0.000000,169.940000,4,0.922147
831828.860794,1644144.093276,0.000000,169.940000,4,0.922147
831828.860794,1644144.093276,0.000000,169.940000,4,0.922147
831828.860794,1644144.093276,0.000000,169.940000,4,0.922147
831828.860794,1644144.093276,0.000000,169.940000,4,0.922147
831828.860794,1644144.093276,0.000000,169.940000,4,0.922147
831828.860794,1644144.093276,0.000000,169.940000,4,0.922147
831828.860794,1644144.093276,0.000000,169.940000,4,0.922147
831828.860794,1644144.093276,0.000000,169.940000,4,0.922147
831828.860794,1644144.093276,0.000000,169.940000,4,0.922147
831828.860794,1644144.093276,0.000000,169.940000,4,0.922147
831828.860794,1644144.093276,0.000000,169.940000,4,0.922147
831828.860794,1644144.093276,0.000000,169.940000,4,0.922147
831828.860794,1644144.093276,0.000000,169.940000,4,0.922147
831828.860794,1644144.093276,0.000000,169.940000,4,0.922147
831828.860794,1644144.093276,0.000000,169.940000,4,0.922147
831828.860794,1644144.093276,0.000000,169.940000,4,0.922147
831828.860794,1644144.093276,0.000000,169.940000,4,0.922147
831828.860794,1644144.093276,0.000000,169.940000,4,0.922147
831828.860794,1644144.093276,0.000000,169.940000,4,0.922147
831828.860794,1644144.093276,0.000000,169.940000,4,0.922147
831828.860794,1644144.093276,0.000000,169.940000,4,0.922147
831828.860794,1644144.093276,0.000000,169.940000,4,0.922147
831828.842841,1644144.093028,0.000000,169.940000,4,0.915395
831828.842841,1644144.093028,0.000000,169.940000,4,0.909724
831828.842841,1644144.093028,0.000000,169.940000,4,0.904959
831828.842841,1644144.093028,0.000000,169.940000,4,0.900958
831828.842841,1644144.093028,0.000000,169.940000,4,0.897596
831828.842841,1644144.093028,0.000000,169.940000,4,0.894773
831828.842841,1644144.093028,0.000000,169.940000,4,0.892401
831828.842841,1644144.093028,0.000000,169.940000,4,0.890408
831828.842841,1644144.093028,0.000000,169.940000,4,0.888735
831828.842841,1644144.093028,0.000000,169.940000,4,0.887329
831828.842841,1644144.093028,0.000000,169.940000,4,0.886148
831828.842841,1644144.093028,0.000000,169.940000,4,0.885156
831828.842841,1644144.093028,0.000000,169.940000,4,0.884323
831828.842841,1644144.093028,0.000000,169.940000,4,0.883623
831828.842841,1644144.093028,0.000000,169.940000,4,0.883035
831828.842841,1644144.093028,0.000000,169.940000,4,0.882541
831828.842841,1644144.093028,0.000000,169.940000,4,0.882126
831828.842841,1644144.093028,0.000000,169.940000,4,0.881778
831828.842841,1644144.093028,0.000000,169.940000,4,0.881485
831828.842841,1644144.093028,0.000000,169.940000,4,0.881239
831828.842841,1644144.093028,0.000000,169.940000,4,0.881033
831828.842841,1644144.093028,0.000000,169.940000,4,0.880859
831828.842841,1644144.093028,0.000000,169.940000,4,0.880713
831828.842841,1644144.093028,0.000000,169.940000,4,0.880591
831828.842841,1644144.093028,0.000000,169.940000,4,0.880488
831828.842841,1644144.093028,0.000000,169.940000,4,0.880402
831828.842841,1644144.093028,0.000000,169.940000,4,0.880329
831828.842841,1644144.093028,0.000000,169.940000,4,0.880268
831828.842841,1644144.093028,0.000000,169.940000,4,0.880217
831828.842841,1644144.093028,0.000000,169.940000,4,0.880174
831828.842841,1644144.093028,0.000000,169.940000,4,0.880138
831828.842841,1644144.093028,0.000000,169.940000,4,0.880108
831828.842841,1644144.093028,0.000000,169.940000,4,0.880082
831828.842841,1644144.093028,0.000000,169.940000,4,0.880061
831828.842841,1644144.093028,0.000000,169.940000,4,0.880043
831828.842841,1644144.093028,0.000000,169.940000,4,0.880028
831828.842841,1644144.093028,0.000000,169.940000,4,0.880015
831828.842841,1644144.093028,0.000000,169.940000,4,0.880004
831828.842841,1644144.093028,0.000000,169.940000,4,0.879995
831828.842841,1644144.093028,0.000000,169.940000,4,0.879988
831828.842841,1644144.093028,0.000000,169.940000,4,0.879981
831828.842841,1644144.093028,0.000000,169.940000,4,0.879976
831828.842841,1644144.093028,0.000000,169.940000,4,0.879972
831828.842841,1644144.093028,0.000000,169.940000,4,0.879968
831828.842841,1644144.093028,0.000000,169.940000,4,0.879965
831828.842841,1644144.093028,0.000000,169.940000,4,0.879962
831828.842841,1644144.093028,0.000000,169.940000,4,0.879960
831828.842841,1644144.093028,0.000000,169.940000,4,0.879958
831828.842841,1644144.093028,0.000000,169.940000,4,0.879956
831828.842841,1644144.093028,0.000000,169.940000,4,0.879955
831828.842841,1644144.093028,0.000000,169.940000,4,0.879954
831828.842841,1644144.093028,0.000000,169.940000,4,0.879953
831828.842841,1644144.093028,0.000000,169.940000,4,0.879952
831828.842841,1644144.093028,0.000000,169.940000,4,0.879952
831828.842841,1644144.093028,0.000000,169.940000,4,0.879951
831828.842841,1644144.093028,0.000000,169.940000,4,0.879951
831828.842841,1644144.093028,0.000000,169.940000,4,0.879950
831828.842841,1644144.093028,0.000000,169.940000,4,0.879950
831828.842841,1644144.093028,0.000000,169.940000,4,0.879950
831828.842841,1644144.093028,0.000000,169.940000,4,0.879949
831828.842841,1644144.093028,0.000000,169.940000,4,0.879949
831828.842841,1644144.093028,0.000000,169.940000,4,0.879949
831828.842841,1644144.093028,0.000000,169.940000,4,0.879949
831828.842841,1644144.093028,0.000000,169.940000,4,0.879949
831828.842841,1644144.093028,0.000000,169.940000,4,0.879949
831828.842841,1644144.093028,0.000000,169.940000,4,0.879949
831828.842841,1644144.093028,0.000000,169.940000,4,0.879949
831828.842841,1644144.093028,0.000000,169.940000,4,0.879949
831828.842841,1644144.093028,0.000000,169.940000,4,0.879949
831828.842841,1644144.093028,0.000000,169.940000,4,0.879948
831828.842841,1644144.093028,0.000000,169.940000,4,0.879948
831828.842841,1644144.093028,0.000000,169.940000,4,0.879948
831828.842841,1644144.093028,0.000000,169.940000,4,0.879948
831828.842841,1644144.093028,0.000000,169.940000,4,0.879948
831828.842841,1644144.093028,0.000000,169.940000,4,0.879948
831828.842841,1644144.093028,0.000000,169.940000,4,0.879948
831828.842841,1644144.093028,0.000000,169.940000,4,0.879948
831828.842841,1644144.093028,0.000000,169.940000,4,0.879948
831828.842841,1644144.093028,0.000000,169.940000,4,0.879948
831828.842841,1644144.093028,0.000000,169.940000,4,0.879948
831828.842841,1644144.093028,0.000000,169.940000,4,0.879948
831828.842841,1644144.093028,0.000000,169.940000,4,0.879948
831828.842841,1644144.093028,0.000000,169.940000,4,0.879948
831828.842841,1644144.093028,0.000000,169.940000,4,0.879948
831828.842841,1644144.093028,0.000000,169.940000,4,0.879948
831828.842841,1644144.093028,0.000000,169.940000,4,0.879948
831828.842841,1644144.093028,0.000000,169.940000,4,0.879948
831828.842841,1644144.093028,0.000000,169.940000,4,0.879948
831828.842841,1644144.093028,0.000000,169.940000,4,0.879948
831828.842841,1644144.093028,0.000000,169.940000,4,0.879948
831828.842841,1644144.093028,0.000000,169.940000,4,0.879948
831828.842841,1644144.093028,0.000000,169.940000,4,0.879948
831828.842841,1644144.093028,0.000000,169.940000,4,0.879948
831828.842841,1644144.093028,0.000000,169.940000,4,0.879948
831828.842841,1644144.093028,0.000000,169.940000,4,0.879948
831828.842841,1644144.093028,0.000000,169.940000,4,0.879948
831828.842841,1644144.093028,0.000000,169.940000,4,0.879948
831828.842841,1644144.093028,0.000000,169.940000,4,0.879948
831828.842841,1644144.093028,0.000000,169.940000,4,0.879948
831828.842841,1644144.093028,0.000000,169.940000,4,0.879948
831828.842841,1644144.093028,0.000000,169.940000,4,0.879948
831828.842841,1644144.093028,0.000000,169.940000,4,0.879948
831828.842841,1644144.093028,0.000000,169.940000,4,0.879948
831828.842841,1644144.093028,0.000000,169.940000,4,0.879948
831828.842841,1644144.093028,0.000000,169.940000,4,0.879948
831828.842841,1644144.093028,0.000000,169.940000,4,0.879948
831828.842841,1644144.093028,0.000000,169.940000,4,0.879948
831828.842841,1644144.093028,0.000000,169.940000,4,0.879948
831828.842841,1644144.093028,0.000000,169.940000,4,0.879948
831828.842841,1644144.093028,0.000000,169.940000,4,0.879948
831828.842841,1644144.093028,0.000000,169.940000,4,0.879948
831828.842841,1644144.093028,0.000000,169.940000,4,0.879948
831828.842841,1644144.093028,0.000000,169.940000,4,0.879948
831828.842841,1644144.093028,0.000000,169.940000,4,0.879948
831828.842841,1644144.093028,0.000000,169.940000,4,0.879948
831828.842841,1644144.093028,0.000000,169.940000,4,0.879948
831828.842841,1644144.093028,0.000000,169.940000,4,0.879948
831828.842841,1644144.093028,0.000000,169.940000,4,0.879948
831828.842841,1644144.093028,0.000000,169.940000,4,0.879948
831828.842841,1644144.093028,0.000000,169.940000,4,0.879948
831828.842841,1644144.093028,0.000000,169.940000,4,0.879948
831828.842841,1644144.093028,0.000000,169.940000,4,0.879948
831828.842841,1644144.093028,0.000000,169.940000,4,0.879948
831828.842841,1644144.093028,0.000000,169.940000,4,0.879948
831828.842841,1644144.093028,0.000000,169.940000,4,0.879948
831828.842841,1644144.093028,0.000000,169.940000,4,0.879948
831828.842841,1644144.093028,0.000000,169.940000,4,0.879948
831828.842841,1644144.093028,0.000000,169.940000,4,0.879948
831828.842841,1644144.093028,0.000000,169.940000,4,0.879948
831828.842841,1644144.093028,0.000000,169.940000,4,0.879948
831828.842841,1644144.093028,0.000000,169.940000,4,0.879948
831828.842841,1644144.093028,0.000000,169.940000,4,0.879948
831828.842841,1644144.093028,0.000000,169.940000,4,0.879948
831828.842841,1644144.093028,0.000000,169.940000,4,0.879948
831828.842841,1644144.093028,0.000000,169.940000,4,0.879948
831828.842841,1644144.093028,0.000000,169.940000,4,0.879948
831828.842841,1644144.093028,0.000000,169.940000,4,0.879948
831828.842841,1644144.093028,0.000000,169.940000,4,0.879948
831828.842841,1644144.093028,0.000000,169.940000,4,0.879948
831828.842841,1644144.093028,0.000000,169.940000,4,0.879948
831828.842841,1644144.093028,0.000000,169.940000,4,0.879948
831828.842841,1644144.093028,0.000000,169.940000,4,0.879948
831828.842841,1644144.093028,0.000000,169.940000,4,0.879948
831828.842841,1644144.093028,0.000000,169.940000,4,0.879948
831828.842841,1644144.093028,0.000000,169.940000,4,0.879948
831828.842841,1644144.093028,0.000000,169.940000,4,0.879948
831828.842841,1644144.093028,0.000000,169.940000,4,0.879948
831828.842841,1644144.093028,0.000000,169.940000,4,0.879948
831828.842841,1644144.093028,0.000000,169.940000,4,0.879948
831828.842841,1644144.093028,0.000000,169.940000,4,0.879948
831828.842841,1644144.093028,0.000000,169.940000,4,0.879948
831828.842841,1644144.093028,0.000000,169.940000,4,0.879948
831828.842841,1644144.093028,0.000000,169.940000,4,0.879948
831828.842841,1644144.093028,0.000000,169.940000,4,0.879948
831828.842841,1644144.093028,0.000000,169.940000,4,0.879948
831828.842841,1644144.093028,0.000000,169.940000,4,0.879948
831828.842841,1644144.093028,0.000000,169.940000,4,0.879948
831828.842841,1644144.093028,0.000000,169.940000,4,0.879948
831828.842841,1644144.093028,0.000000,169.940000,4,0.879948
831828.842841,1644144.093028,0.000000,169.940000,4,0.879948
831828.842841,1644144.093028,0.000000,169.940000,4,0.879948
831828.842841,1644144.093028,0.000000,169.940000,4,0.879948
831828.842841,1644144.093028,0.000000,169.940000,4,0.879948
831828.842841,1644144.093028,0.000000,169.940000,4,0.879948
831828.842841,1644144.093028,0.000000,169.940000,4,0.879948
831828.842841,1644144.093028,0.000000,169.940000,4,0.879948
831828.842841,1644144.093028,0.000000,169.940000,4,0.879948
831828.842841,1644144.093028,0.000000,169.940000,4,0.879948
831828.842841,1644144.093028,0.000000,169.940000,4,0.879948
831828.842841,1644144.093028,0.000000,169.940000,4,0.879948
831828.842841,1644144.093028,0.000000,169.940000,4,0.879948
831828.842841,1644144.093028,0.000000,169.940000,4,0.879948
831828.842841,1644144.093028,0.000000,169.940000,4,0.879948
831828.842841,1644144.093028,0.000000,169.940000,4,0.879948
831828.842841,1644144.093028,0.000000,169.940000,4,0.879948
831828.842841,1644144.093028,0.000000,169.940000,4,0.879948
831828.842841,1644144.093028,0.000000,169.940000,4,0.879948
831828.842841,1644144.093028,0.000000,169.940000,4,0.879948
831828.842841,1644144.093028,0.000000,169.940000,4,0.879948
831828.842841,1644144.093028,0.000000,169.940000,4,0.879948
831828.842841,1644144.093028,0.000000,169.940000,4,0.879948
831828.842841,1644144.093028,0.000000,169.940000,4,0.879948
831828.842841,1644144.093028,0.000000,169.940000,4,0.879948
831828.842841,1644144.093028,0.000000,169.940000,4,0.879948
831828.842841,1644144.093028,0.000000,169.940000,4,0.879948
831828.842841,1644144.093028,0.000000,169.940000,4,0.879948
831828.842841,1644144.093028,0.000000,169.940000,4,0.879948
831828.842841,1644144.093028,0.000000,169.940000,4,0.879948
831828.842841,1644144.093028,0.000000,169.940000,4,0.879948
831828.842841,1644144.093028,0.000000,169.940000,4,0.879948
831828.842841,1644144.093028,0.000000,169.940000,4,0.879948
831828.842841,1644144.093028,0.000000,169.940000,4,0.879948
831828.842841,1644144.093028,0.000000,169.940000,4,0.879948
831828.842841,1644144.093028,0.000000,169.940000,4,0.879948
831828.842841,1644144.093028,0.000000,169.940000,4,0.879948
831828.842841,1644144.093028,0.000000,169.940000,4,0.879948
831828.842841,1644144.093028,0.000000,169.940000,4,0.879948
831828.842841,1644144.093028,0.000000,169.940000,4,0.879948
831828.842841,1644144.093028,0.000000,169.940000,4,0.879948
831828.842841,1644144.093028,0.000000,169.940000,4,0.879948
831828.842841,1644144.093028,0.000000,169.940000,4,0.879948
831828.842841,1644144.093028,0.000000,169.940000,4,0.879948
831828.842841,1644144.093028,0.000000,169.940000,4,0.879948
831828.842841,1644144.093028,0.000000,169.940000,4,0.879948
831828.842841,1644144.093028,0.000000,169.940000,4,0.879948
831828.842841,1644144.093028,0.000000,169.940000,4,0.879948
831828.842841,1644144.093028,0.000000,169.940000,4,0.879948
831828.842841,1644144.093028,0.000000,169.940000,4,0.879948
831828.842841,1644144.093028,0.000000,169.940000,4,0.879948
831828.842841,1644144.093028,0.000000,169.940000,4,0.879948
831828.842841,1644144.093028,0.000000,169.940000,4,0.879948
831828.842841,1644144.093028,0.000000,169.940000,4,0.879948
831828.842841,1644144.093028,0.000000,169.940000,4,0.879948
831828.842841,1644144.093028,0.000000,169.940000,4,0.879948
831828.842841,1644144.093028,0.000000,169.940000,4,0.879948
831828.842841,1644144.093028,0.000000,169.940000,4,0.879948
831828.842841,1644144.093028,0.000000,169.940000,4,0.879948
831828.842841,1644144.093028,0.000000,169.940000,4,0.879948
831828.842841,1644144.093028,0.000000,169.940000,4,0.879948
831828.842841,1644144.093028,0.000000,169.940000,4,0.879948
831828.842841,1644144.093028,0.000000,169.940000,4,0.879948
831828.842841,1644144.093028,0.000000,169.940000,4,0.879948
831828.842841,1644144.093028,0.000000,169.940000,4,0.879948
831828.842841,1644144.093028,0.000000,169.940000,4,0.879948
831828.842841,1644144.093028,0.000000,169.940000,4,0.879948
831828.842841,1644144.093028,0.000000,169.940000,4,0.879948
831828.842841,1644144.093028,0.000000,169.940000,4,0.879948
831828.842841,1644144.093028,0.000000,169.940000,4,0.879948
831828.842841,1644144.093028,0.000000,169.940000,4,0.879948
831828.842841,1644144.093028,0.000000,169.940000,4,0.879948
831828.842841,1644144.093028,0.000000,169.940000,4,0.879948
831828.842841,1644144.093028,0.000000,169.940000,4,0.879948
831828.842841,1644144.093028,0.000000,169.940000,4,0.879948
831828.842841,1644144.093028,0.000000,169.940000,4,0.879948
831828.842841,1644144.093028,0.000000,169.940000,4,0.879948
831828.842841,1644144.093028,0.000000,169.940000,4,0.879948
831828.842841,1644144.093028,0.000000,169.940000,4,0.879948
831828.842841,1644144.093028,0.000000,169.940000,4,0.879948
831828.842841,1644144.093028,0.000000,169.940000,4,0.879948
831828.842841,1644144.093028,0.000000,169.940000,4,0.879948
831828.842841,1644144.093028,0.000000,169.940000,4,0.879948
831828.842841,1644144.093028,0.000000,169.940000,4,0.879948
831828.842841,1644144.093028,0.000000,169.940000,4,0.879948
831828.842841,1644144.093028,0.000000,169.940000,4,0.879948
831828.842841,1644144.093028,0.000000,169.940000,4,0.879948
831828.842841,1644144.093028,0.000000,169.940000,4,0.879948
831828.842841,1644144.093028,0.000000,169.940000,4,0.879948
831828.842841,1644144.093028,0.000000,169.940000,4,0.879948
831828.842841,1644144.093028,0.000000,169.940000,4,0.879948
831828.842841,1644144.093028,0.000000,169.940000,4,0.879948
831828.842841,1644144.093028,0.000000,169.940000,4,0.879948
831828.842841,1644144.093028,0.000000,169.940000,4,0.879948
831828.842841,1644144.093028,0.000000,169.940000,4,0.879948
831828.842841,1644144.093028,0.000000,169.940000,4,0.879948
831828.842841,1644144.093028,0.000000,169.940000,4,0.879948
831828.842841,1644144.093028,0.000000,169.940000,4,0.879948
831828.842841,1644144.093028,0.000000,169.940000,4,0.879948
831828.842841,1644144.093028,0.000000,169.940000,4,0.879948
831828.842841,1644144.093028,0.000000,169.940000,4,0.879948
831828.842841,1644144.093028,0.000000,169.940000,4,0.879948
831828.842841,1644144.093028,0.000000,169.940000,4,0.879948
831828.842841,1644144.093028,0.000000,169.940000,4,0.879948
831828.842841,1644144.093028,0.000000,169.940000,4,0.879948
831828.842841,1644144.093028,0.000000,169.940000,4,0.879948
831828.842841,1644144.093028,0.000000,169.940000,4,0.879948
831828.842841,1644144.093028,0.000000,169.940000,4,0.879948
831828.842841,1644144.093028,0.000000,169.940000,4,0.879948
831828.842841,1644144.093028,0.000000,169.940000,4,0.879948
831828.842841,1644144.093028,0.000000,169.940000,4,0.879948
831828.842841,1644144.093028,0.000000,169.940000,4,0.879948
831828.842841,1644144.093028,0.000000,169.940000,4,0.879948
831828.842841,1644144.093028,0.000000,169.940000,4,0.879948
831828.842841,1644144.093028,0.000000,169.940000,4,0.879948
831828.842841,1644144.093028,0.000000,169.940000,4,0.879948
831828.842841,1644144.093028,0.000000,169.940000,4,0.879948
831828.842841,1644144.093028,0.000000,169.940000,4,0.879948
831828.842841,1644144.093028,0.000000,169.940000,4,0.879948
831828.842841,1644144.093028,0.000000,169.940000,4,0.879948
831828.842841,1644144.093028,0.000000,169.940000,4,0.879948
831828.842841,1644144.093028,0.000000,169.940000,4,0.879948
831828.842841,1644144.093028,0.000000,169.940000,4,0.879948
831828.842841,1644144.093028,0.000000,169.940000,4,0.879948
831828.842841,1644144.093028,0.000000,169.940000,4,0.879948
831828.842841,1644144.093028,0.000000,169.940000,4,0.879948
831828.842841,1644144.093028,0.000000,169.940000,4,0.879948
831828.842841,1644144.093028,0.000000,169.940000,4,0.879948
831828.842841,1644144.093028,0.000000,169.940000,4,0.879948
831828.842841,1644144.093028,0.000000,169.940000,4,0.879948
831828.842841,1644144.093028,0.000000,169.940000,4,0.879948
831828.842841,1644144.093028,0.000000,169.940000,4,0.879948
831828.842841,1644144.093028,0.000000,169.940000,4,0.879948
831828.842841,1644144.093028,0.000000,169.940000,4,0.879948
831828.842841,1644144.093028,0.000000,169.940000,4,0.879948
831828.842841,1644144.093028,0.000000,169.940000,4,0.879948
831828.842841,1644144.093028,0.000000,169.940000,4,0.879948
831828.842841,1644144.093028,0.000000,169.940000,4,0.879948
831828.842841,1644144.093028,0.000000,169.940000,4,0.879948
831828.842841,1644144.093028,0.000000,169.940000,4,0.879948
831828.842841,1644144.093028,0.000000,169.940000,4,0.879948
831828.842841,1644144.093028,0.000000,169.940000,4,0.879948
831828.842841,1644144.093028,0.000000,169.940000,4,0.879948
831828.842841,1644144.093028,0.000000,169.940000,4,0.879948
831828.842841,1644144.093028,0.000000,169.940000,4,0.879948
831828.842841,1644144.093028,0.000000,169.940000,4,0.879948
831828.842841,1644144.093028,0.000000,169.940000,4,0.879948
831828.842841,1644144.093028,0.000000,169.940000,4,0.879948
831828.842841,1644144.093028,0.000000,169.940000,4,0.879948
831828.842841,1644144.093028,0.000000,169.940000,4,0.879948
831828.842841,1644144.093028,0.000000,169.940000,4,0.879948
831828.842841,1644144.093028,0.000000,169.940000,4,0.879948
831828.842841,1644144.093028,0.000000,169.940000,4,0.879948
831828.842841,1644144.093028,0.000000,169.940000,4,0.879948
831828.842841,1644144.093028,0.000000,169.940000,4,0.879948
831828.842841,1644144.093028,0.000000,169.940000,4,0.879948
831828.842841,1644144.093028,0.000000,169.940000,4,0.879948
831828.842841,1644144.093028,0.000000,169.940000,4,0.879948
831828.842841,1644144.093028,0.000000,169.940000,4,0.879948
831828.842841,1644144.093028,0.000000,169.940000,4,0.879948
831828.842841,1644144.093028,0.000000,169.940000,4,0.879948
831828.842841,1644144.093028,0.000000,169.940000,4,0.879948
831828.842841,1644144.093028,0.000000,169.940000,4,0.879948
831828.842841,1644144.093028,0.000000,169.940000,4,0.879948
831828.842841,1644144.093028,0.000000,169.940000,4,0.879948
831828.842841,1644144.093028,0.000000,169.940000,4,0.879948
831828.842841,1644144.093028,0.000000,169.940000,4,0.879948
831828.842841,1644144.093028,0.000000,169.940000,4,0.879948
831828.842841,1644144.093028,0.000000,169.940000,4,0.879948
831828.842841,1644144.093028,0.000000,169.940000,4,0.879948
831828.842841,1644144.093028,0.000000,169.940000,4,0.879948
831828.842841,1644144.093028,0.000000,169.940000,4,0.879948
831828.842841,1644144.093028,0.000000,169.940000,4,0.879948
831828.842841,1644144.093028,0.000000,169.940000,4,0.879948
831828.842841,1644144.093028,0.000000,169.940000,4,0.879948
831828.842841,1644144.093028,0.000000,169.940000,4,0.879948
831828.842841,1644144.093028,0.000000,169.940000,4,0.879948
831828.842841,1644144.093028,0.000000,169.940000,4,0.879948
831828.842841,1644144.093028,0.000000,169.940000,4,0.879948
831828.842841,1644144.093028,0.000000,169.940000,4,0.879948
831828.842841,1644144.093028,0.000000,169.940000,4,0.879948
831828.842841,1644144.093028,0.000000,169.940000,4,0.879948
831828.860794,1644144.093276,0.000000,169.940000,4,0.886700
831828.860794,1644144.093276,0.000000,169.940000,4,0.892371
831828.860794,1644144.093276,0.000000,169.940000,4,0.897136
831828.860794,1644144.093276,0.000000,169.940000,4,0.901137
831828.860794,1644144.093276,0.000000,169.940000,4,0.904499
831828.860794,1644144.093276,0.000000,169.940000,4,0.907323
831828.860794,1644144.093276,0.000000,169.940000,4,0.909694
831828.860794,1644144.093276,0.000000,169.940000,4,0.911687
831828.860794,1644144.093276,0.000000,169.940000,4,0.913360
831828.860794,1644144.093276,0.000000,169.940000,4,0.914766
831828.860794,1644144.093276,0.000000,169.940000,4,0.915947
831828.860794,1644144.093276,0.000000,169.940000,4,0.916939
831828.860794,1644144.093276,0.000000,169.940000,4,0.917772
831828.860794,1644144.093276,0.000000,169.940000,4,0.918472
831828.860794,1644144.093276,0.000000,169.940000,4,0.919060
831828.860794,1644144.093276,0.000000,169.940000,4,0.919554
831828.860794,1644144.093276,0.000000,169.940000,4,0.919969
831828.860794,1644144.093276,0.000000,169.940000,4,0.920317
831828.860794,1644144.093276,0.000000,169.940000,4,0.920610
831828.860794,1644144.093276,0.000000,169.940000,4,0.920856
831828.860794,1644144.093276,0.000000,169.940000,4,0.921062
831828.860794,1644144.093276,0.000000,169.940000,4,0.921236
831828.860794,1644144.093276,0.000000,169.940000,4,0.921382
831828.860794,1644144.093276,0.000000,169.940000,4,0.921504
831828.860794,1644144.093276,0.000000,169.940000,4,0.921607
831828.860794,1644144.093276,0.000000,169.940000,4,0.921693
831828.860794,1644144.093276,0.000000,169.940000,4,0.921766
831828.860794,1644144.093276,0.000000,169.940000,4,0.921827
831828.860794,1644144.093276,0.000000,169.940000,4,0.921878
831828.860794,1644144.093276,0.000000,169.940000,4,0.921921
831828.860794,1644144.093276,0.000000,169.940000,4,0.921957
831828.860794,1644144.093276,0.000000,169.940000,4,0.921987
831828.860794,1644144.093276,0.000000,169.940000,4,0.922013
831828.860794,1644144.093276,0.000000,169.940000,4,0.922034
831828.860794,1644144.093276,0.000000,169.940000,4,0.922052
831828.860794,1644144.093276,0.000000,169.940000,4,0.922067
831828.860794,1644144.093276,0.000000,169.940000,4,0.922080
831828.860794,1644144.093276,0.000000,169.940000,4,0.922091
831828.860794,1644144.093276,0.000000,169.940000,4,0.922100
831828.860794,1644144.093276,0.000000,169.940000,4,0.922107
831828.860794,1644144.093276,0.000000,169.940000,4,0.922114
831828.860794,1644144.093276,0.000000,169.940000,4,0.922119
831828.860794,1644144.093276,0.000000,169.940000,4,0.922123
831828.860794,1644144.093276,0.000000,169.940000,4,0.922127
831828.860794,1644144.093276,0.000000,169.940000,4,0.922130
831828.860794,1644144.093276,0.000000,169.940000,4,0.922133
831828.860794,1644144.093276,0.000000,169.940000,4,0.922135
831828.860794,1644144.093276,0.000000,169.940000,4,0.922137
831828.860794,1644144.093276,0.000000,169.940000,4,0.922139
831828.860794,1644144.093276,0.000000,169.940000,4,0.922140
831828.860794,1644144.093276,0.000000,169.940000,4,0.922141
831828.860794,1644144.093276,0.000000,169.940000,4,0.922142
831828.860794,1644144.093276,0.000000,169.940000,4,0.922143
831828.860794,1644144.093276,0.000000,169.940000,4,0.922143
831828.860794,1644144.093276,0.000000,169.940000,4,0.922144
831828.860794,1644144.093276,0.000000,169.940000,4,0.922144
831828.860794,1644144.093276,0.000000,169.940000,4,0.922145
831828.860794,1644144.093276,0.000000,169.940000,4,0.922145
831828.860794,1644144.093276,0.000000,169.940000,4,0.922145
831828.860794,1644144.093276,0.000000,169.940000,4,0.922146
831828.860794,1644144.093276,0.000000,169.940000,4,0.922146
831828.860794,1644144.093276,0.000000,169.940000,4,0.922146
831828.860794,1644144.093276,0.000000,169.940000,4,0.922146
831828.860794,1644144.093276,0.000000,169.940000,4,0.922146
831828.860794,1644144.093276,0.000000,169.940000,4,0.922146
831828.860794,1644144.093276,0.000000,169.940000,4,0.922146
831828.860794,1644144.093276,0.000000,169.940000,4,0.922146
831828.860794,1644144.093276,0.000000,169.940000,4,0.922146
831828.860794,1644144.093276,0.000000,169.940000,4,0.922147
831828.860794,1644144.093276,0.000000,169.940000,4,0.922147
831828.860794,1644144.093276,0.000000,169.940000,4,0.922147
831828.860794,1644144.093276,0.000000,169.940000,4,0.922147
831828.860794,1644144.093276,0.000000,169.940000,4,0.922147
831828.860794,1644144.093276,0.000000,169.940000,4,0.922147
831828.860794,1644144.093276,0.000000,169.940000,4,0.922147
831828.860794,1644144.093276,0.000000,169.940000,4,0.922147
831828.860794,1644144.093276,0.000000,169.940000,4,0.922147
831828.860794,1644144.093276,0.000000,169.940000,4,0.922147
831828.860794,1644144.093276,0.000000,169.940000,4,0.922147
831828.860794,1644144.093276,0.000000,169.940000,4,0.922147
831828.860794,1644144.093276,0.000000,169.940000,4,0.922147
831828.860794,1644144.093276,0.000000,169.940000,4,0.922147
831828.860794,1644144.093276,0.000000,169.940000,4,0.922147
831828.860794,1644144.093276,0.000000,169.940000,4,0.922147
831828.860794,1644144.093276,0.000000,169.940000,4,0.922147
831828.860794,1644144.093276,0.000000,169.940000,4,0.922147
831828.860794,1644144.093276,0.000000,169.940000,4,0.922147
831828.860794,1644144.093276,0.000000,169.940000,4,0.922147
831828.860794,1644144.093276,0.000000,169.940000,4,0.922147
831828.860794,1644144.093276,0.000000,169.940000,4,0.922147
831828.860794,1644144.093276,0.000000,169.940000,4,0.922147
831828.860794,1644144.093276,0.000000,169.940000,4,0.922147
831828.860794,1644144.093276,0.000000,169.940000,4,0.922147
831828.860794,1644144.093276,0.000000,169.940000,4,0.922147
831828.860794,1644144.093276,0.000000,169.940000,4,0.922147
831828.860794,1644144.093276,0.000000,169.940000,4,0.922147
831828.860794,1644144.093276,0.000000,169.940000,4,0.922147
831828.860794,1644144.093276,0.000000,169.940000,4,0.922147
831828.860794,1644144.093276,0.000000,169.940000,4,0.922147
831828.860794,1644144.093276,0.000000,169.940000,4,0.922147
831828.860794,1644144.093276,0.000000,169.940000,4,0.922147
831828.860794,1644144.093276,0.000000,169.940000,4,0.922147
831828.860794,1644144.093276,0.000000,169.940000,4,0.922147
831828.860794,1644144.093276,0.000000,169.940000,4,0.922147
831828.860794,1644144.093276,0.000000,169.940000,4,0.922147
831828.860794,1644144.093276,0.000000,169.940000,4,0.922147
831828.860794,1644144.093276,0.000000,169.940000,4,0.922147
831828.860794,1644144.093276,0.000000,169.940000,4,0.922147
831828.860794,1644144.093276,0.000000,169.940000,4,0.922147
831828.860794,1644144.093276,0.000000,169.940000,4,0.922147
831828.860794,1644144.093276,0.000000,169.940000,4,0.922147
831828.860794,1644144.093276,0.000000,169.940000,4,0.922147
831828.860794,1644144.093276,0.000000,169.940000,4,0.922147
831828.860794,1644144.093276,0.000000,169.940000,4,0.922147
831828.860794,1644144.093276,0.000000,169.940000,4,0.922147
831828.860794,1644144.093276,0.000000,169.940000,4,0.922147
831828.860794,1644144.093276,0.000000,169.940000,4,0.922147
831828.860794,1644144.093276,0.000000,169.940000,4,0.922147
831828.860794,1644144.093276,0.000000,169.940000,4,0.922147
831828.860794,1644144.093276,0.000000,169.940000,4,0.922147
831828.860794,1644144.093276,0.000000,169.940000,4,0.922147
831828.860794,1644144.093276,0.000000,169.940000,4,0.922147
831828.860794,1644144.093276,0.000000,169.940000,4,0.922147
831828.860794,1644144.093276,0.000000,169.940000,4,0.922147
831828.860794,1644144.093276,0.000000,169.940000,4,0.922147
831828.860794,1644144.093276,0.000000,169.940000,4,0.922147
831828.860794,1644144.093276,0.000000,169.940000,4,0.922147
831828.860794,1644144.093276,0.000000,169.940000,4,0.922147
831828.860794,1644144.093276,0.000000,169.940000,4,0.922147
831828.860794,1644144.093276,0.000000,169.940000,4,0.922147
831828.860794,1644144.093276,0.000000,169.940000,4,0.922147
831828.860794,1644144.093276,0.000000,169.940000,4,0.922147
831828.860794,1644144.093276,0.000000,169.940000,4,0.922147
831828.860794,1644144.093276,0.000000,169.940000,4,0.922147
831828.860794,1644144.093276,0.000000,169.940000,4,0.922147
831828.860794,1644144.093276,0.000000,169.940000,4,0.922147
831828.860794,1644144.093276,0.000000,169.940000,4,0.922147
831828.860794,1644144.093276,0.000000,169.940000,4,0.922147
831828.860794,1644144.093276,0.000000,169.940000,4,0.922147
831828.860794,1644144.093276,0.000000,169.940000,4,0.922147
831828.860794,1644144.093276,0.000000,169.940000,4,0.922147
831828.860794,1644144.093276,0.000000,169.940000,4,0.922147
831828.860794,1644144.093276,0.000000,169.940000,4,0.922147
831828.860794,1644144.093276,0.000000,169.940000,4,0.922147
831828.860794,1644144.093276,0.000000,169.940000,4,0.922147
831828.860794,1644144.093276,0.000000,169.940000,4,0.922147
831828.860794,1644144.093276,0.000000,169.940000,4,0.922147
831828.860794,1644144.093276,0.000000,169.940000,4,0.922147
831828.860794,1644144.093276,0.000000,169.940000,4,0.922147
831828.860794,1644144.093276,0.000000,169.940000,4,0.922147
831828.860794,1644144.093276,0.000000,169.940000,4,0.922147
831828.860794,1644144.093276,0.000000,169.940000,4,0.922147
831828.860794,1644144.093276,0.000000,169.940000,4,0.922147
831828.860794,1644144.093276,0.000000,169.940000,4,0.922147
831828.860794,1644144.093276,0.000000,169.940000,4,0.922147
831828.860794,1644144.093276,0.000000,169.940000,4,0.922147
831828.860794,1644144.093276,0.000000,169.940000,4,0.922147
831828.860794,1644144.093276,0.000000,169.940000,4,0.922147
831828.860794,1644144.093276,0.000000,169.940000,4,0.922147
831828.860794,1644144.093276,0.000000,169.940000,4,0.922147
831828.860794,1644144.093276,0.000000,169.940000,4,0.922147
831828.860794,1644144.093276,0.000000,169.940000,4,0.922147
831828.860794,1644144.093276,0.000000,169.940000,4,0.922147
831828.860794,1644144.093276,0.000000,169.940000,4,0.922147
831828.860794,1644144.093276,0.000000,169.940000,4,0.922147
831828.860794,1644144.093276,0.000000,169.940000,4,0.922147
831828.860794,1644144.093276,0.000000,169.940000,4,0.922147
831828.860794,1644144.093276,0.000000,169.940000,4,0.922147
831828.860794,1644144.093276,0.000000,169.940000,4,0.922147
831828.860794,1644144.093276,0.000000,169.940000,4,0.922147
831828.860794,1644144.093276,0.000000,169.940000,4,0.922147
831828.860794,1644144.093276,0.000000,169.940000,4,0.922147
831828.860794,1644144.093276,0.000000,169.940000,4,0.922147
831828.860794,1644144.093276,0.000000,169.940000,4,0.922147
831828.860794,1644144.093276,0.000000,169.940000,4,0.922147
831828.860794,1644144.093276,0.000000,169.940000,4,0.922147
831828.860794,1644144.093276,0.000000,169.940000,4,0.922147
831828.860794,1644144.093276,0.000000,169.940000,4,0.922147
831828.860794,1644144.093276,0.000000,169.940000,4,0.922147
831828.860794,1644144.093276,0.000000,169.940000,4,0.922147
831828.842841,1644144.093028,0.000000,169.940000,4,0.915395
831828.842841,1644144.093028,0.000000,169.940000,4,0.909724
831828.842841,1644144.093028,0.000000,169.940000,4,0.904959
831828.842841,1644144.093028,0.000000,169.940000,4,0.900958
831828.842841,1644144.093028,0.000000,169.940000,4,0.897596
831828.842841,1644144.093028,0.000000,169.940000,4,0.894773
831828.842841,1644144.093028,0.000000,169.940000,4,0.892401
831828.842841,1644144.093028,0.000000,169.940000,4,0.890408
831828.842841,1644144.093028,0.000000,169.940000,4,0.888735
831828.842841,1644144.093028,0.000000,169.940000,4,0.887329
831828.842841,1644144.093028,0.000000,169.940000,4,0.886148
831828.842841,1644144.093028,0.000000,169.940000,4,0.885156
831828.842841,1644144.093028,0.000000,169.940000,4,0.884323
831828.842841,1644144.093028,0.000000,169.940000,4,0.883623
831828.842841,1644144.093028,0.000000,169.940000,4,0.883035
831828.842841,1644144.093028,0.000000,169.940000,4,0.882541
831828.842841,1644144.093028,0.000000,169.940000,4,0.882126
831828.842841,1644144.093028,0.000000,169.940000,4,0.881778
831828.842841,1644144.093028,0.000000,169.940000,4,0.881485
831828.842841,1644144.093028,0.000000,169.940000,4,0.881239
831828.842841,1644144.093028,0.000000,169.940000,4,0.881033
831828.842841,1644144.093028,0.000000,169.940000,4,0.880859
831828.842841,1644144.093028,0.000000,169.940000,4,0.880713
831828.842841,1644144.093028,0.000000,169.940000,4,0.880591
831828.842841,1644144.093028,0.000000,169.940000,4,0.880488
831828.842841,1644144.093028,0.000000,169.940000,4,0.880402
831828.842841,1644144.093028,0.000000,169.940000,4,0.880329
831828.842841,1644144.093028,0.000000,169.940000,4,0.880268
831828.842841,1644144.093028,0.000000,169.940000,4,0.880217
831828.842841,1644144.093028,0.000000,169.940000,4,0.880174
831828.842841,1644144.093028,0.000000,169.940000,4,0.880138
831828.842841,1644144.093028,0.000000,169.940000,4,0.880108
831828.842841,1644144.093028,0.000000,169.940000,4,0.880082
831828.842841,1644144.093028,0.000000,169.940000,4,0.880061
831828.842841,1644144.093028,0.000000,169.940000,4,0.880043
831828.842841,1644144.093028,0.000000,169.940000,4,0.880028
831828.842841,1644144.093028,0.000000,169.940000,4,0.880015
831828.842841,1644144.093028,0.000000,169.940000,4,0.880004
831828.842841,1644144.093028,0.000000,169.940000,4,0.879995
831828.842841,1644144.093028,0.000000,169.940000,4,0.879988
831828.842841,1644144.093028,0.000000,169.940000,4,0.879981
831828.842841,1644144.093028,0.000000,169.940000,4,0.879976
831828.842841,1644144.093028,0.000000,169.940000,4,0.879972
831828.842841,1644144.093028,0.000000,169.940000,4,0.879968
831828.842841,1644144.093028,0.000000,169.940000,4,0.879965
831828.842841,1644144.093028,0.000000,169.940000,4,0.879962
831828.842841,1644144.093028,0.000000,169.940000,4,0.879960
831828.842841,1644144.093028,0.000000,169.940000,4,0.879958
831828.842841,1644144.093028,0.000000,169.940000,4,0.879956
831828.842841,1644144.093028,0.000000,169.940000,4,0.879955
831828.842841,1644144.093028,0.000000,169.940000,4,0.879954
831828.842841,1644144.093028,0.000000,169.940000,4,0.879953
831828.842841,1644144.093028,0.000000,169.940000,4,0.879952
831828.842841,1644144.093028,0.000000,169.940000,4,0.879952
831828.842841,1644144.093028,0.000000,169.940000,4,0.879951
831828.842841,1644144.093028,0.000000,169.940000,4,0.879951
831828.842841,1644144.093028,0.000000,169.940000,4,0.879950
831828.842841,1644144.093028,0.000000,169.940000,4,0.879950
831828.842841,1644144.093028,0.000000,169.940000,4,0.879950
831828.842841,1644144.093028,0.000000,169.940000,4,0.879949
831828.842841,1644144.093028,0.000000,169.940000,4,0.879949
831828.842841,1644144.093028,0.000000,169.940000,4,0.879949
831828.842841,1644144.093028,0.000000,169.940000,4,0.879949
831828.842841,1644144.093028,0.000000,169.940000,4,0.879949
831828.842841,1644144.093028,0.000000,169.940000,4,0.879949
831828.842841,1644144.093028,0.000000,169.940000,4,0.879949
831828.842841,1644144.093028,0.000000,169.940000,4,0.879949
831828.842841,1644144.093028,0.000000,169.940000,4,0.879949
831828.842841,1644144.093028,0.000000,169.940000,4,0.879949
831828.842841,1644144.093028,0.000000,169.940000,4,0.879948
831828.842841,1644144.093028,0.000000,169.940000,4,0.879948
831828.842841,1644144.093028,0.000000,169.940000,4,0.879948
831828.842841,1644144.093028,0.000000,169.940000,4,0.879948
831828.842841,1644144.093028,0.000000,169.940000,4,0.879948
831828.842841,1644144.093028,0.000000,169.940000,4,0.879948
831828.842841,1644144.093028,0.000000,169.940000,4,0.879948
831828.842841,1644144.093028,0.000000,169.940000,4,0.879948
831828.842841,1644144.093028,0.000000,169.940000,4,0.879948
831828.842841,1644144.093028,0.000000,169.940000,4,0.879948
831828.842841,1644144.093028,0.000000,169.940000,4,0.879948
831828.860794,1644144.093276,0.000000,169.940000,4,0.886700
831828.860794,1644144.093276,0.000000,169.940000,4,0.892372
831828.860794,1644144.093276,0.000000,169.940000,4,0.897136
831828.860794,1644144.093276,0.000000,169.940000,4,0.901137
831828.860794,1644144.093276,0.000000,169.940000,4,0.904499
831828.860794,1644144.093276,0.000000,169.940000,4,0.907323
831828.860794,1644144.093276,0.000000,169.940000,4,0.909694
831828.860794,1644144.093276,0.000000,169.940000,4,0.911687
831828.860794,1644144.093276,0.000000,169.940000,4,0.913360
831828.860794,1644144.093276,0.000000,169.940000,4,0.914766
831828.860794,1644144.093276,0.000000,169.940000,4,0.915947
831828.860794,1644144.093276,0.000000,169.940000,4,0.916939
831828.860794,1644144.093276,0.000000,169.940000,4,0.917772
831828.860794,1644144.093276,0.000000,169.940000,4,0.918472
831828.860794,1644144.093276,0.000000,169.940000,4,0.919060
831828.860794,1644144.093276,0.000000,169.940000,4,0.919554
831828.860794,1644144.093276,0.000000,169.940000,4,0.919969
831828.860794,1644144.093276,0.000000,169.940000,4,0.920317
831828.860794,1644144.093276,0.000000,169.940000,4,0.920610
831828.860794,1644144.093276,0.000000,169.940000,4,0.920856
831828.842841,1644144.093028,0.000000,169.940000,4,0.914311
831828.842841,1644144.093028,0.000000,169.940000,4,0.908813
831828.842841,1644144.093028,0.000000,169.940000,4,0.904194
831828.842841,1644144.093028,0.000000,169.940000,4,0.900315
831828.842841,1644144.093028,0.000000,169.940000,4,0.897056
831828.842841,1644144.093028,0.000000,169.940000,4,0.894319
831828.842841,1644144.093028,0.000000,169.940000,4,0.892020
831828.842841,1644144.093028,0.000000,169.940000,4,0.890088
831828.842841,1644144.093028,0.000000,169.940000,4,0.888466
831828.842841,1644144.093028,0.000000,169.940000,4,0.887103
831828.842841,1644144.093028,0.000000,169.940000,4,0.885958
831828.842841,1644144.093028,0.000000,169.940000,4,0.884997
831828.842841,1644144.093028,0.000000,169.940000,4,0.884189
831828.842841,1644144.093028,0.000000,169.940000,4,0.883510
831828.842841,1644144.093028,0.000000,169.940000,4,0.882940
831828.842841,1644144.093028,0.000000,169.940000,4,0.882462
831828.842841,1644144.093028,0.000000,169.940000,4,0.882060
831828.842841,1644144.093028,0.000000,169.940000,4,0.881722
831828.842841,1644144.093028,0.000000,169.940000,4,0.881438
831828.842841,1644144.093028,0.000000,169.940000,4,0.881200
831828.860794,1644144.093276,0.000000,169.940000,4,0.887751
831828.860794,1644144.093276,0.000000,169.940000,4,0.893254
831828.860794,1644144.093276,0.000000,169.940000,4,0.897877
831828.860794,1644144.093276,0.000000,169.940000,4,0.901760
831828.860794,1644144.093276,0.000000,169.940000,4,0.905022
831828.860794,1644144.093276,0.000000,169.940000,4,0.907762
831828.860794,1644144.093276,0.000000,169.940000,4,0.910064
831828.860794,1644144.093276,0.000000,169.940000,4,0.911997
831828.860794,1644144.093276,0.000000,169.940000,4,0.913621
831828.860794,1644144.093276,0.000000,169.940000,4,0.914985
831828.860794,1644144.093276,0.000000,169.940000,4,0.916131
831828.860794,1644144.093276,0.000000,169.940000,4,0.917093
831828.860794,1644144.093276,0.000000,169.940000,4,0.917902
831828.860794,1644144.093276,0.000000,169.940000,4,0.918581
831828.860794,1644144.093276,0.000000,169.940000,4,0.919152
831828.860794,1644144.093276,0.000000,169.940000,4,0.919631
831828.860794,1644144.093276,0.000000,169.940000,4,0.920033
831828.860794,1644144.093276,0.000000,169.940000,4,0.920372
831828.860794,1644144.093276,0.000000,169.940000,4,0.920656
831828.860794,1644144.093276,0.000000,169.940000,4,0.920894
831828.842841,1644144.093028,0.000000,169.940000,4,0.914343
831828.842841,1644144.093028,0.000000,169.940000,4,0.908840
831828.842841,1644144.093028,0.000000,169.940000,4,0.904217
831828.842841,1644144.093028,0.000000,169.940000,4,0.900334
831828.842841,1644144.093028,0.000000,169.940000,4,0.897072
831828.842841,1644144.093028,0.000000,169.940000,4,0.894332
831828.842841,1644144.093028,0.000000,169.940000,4,0.892031
831828.842841,1644144.093028,0.000000,169.940000,4,0.890098
831828.842841,1644144.093028,0.000000,169.940000,4,0.888474
831828.842841,1644144.093028,0.000000,169.940000,4,0.887110
831828.842841,1644144.093028,0.000000,169.940000,4,0.885964
831828.842841,1644144.093028,0.000000,169.940000,4,0.885001
831828.842841,1644144.093028,0.000000,169.940000,4,0.884193
831828.842841,1644144.093028,0.000000,169.940000,4,0.883514
831828.842841,1644144.093028,0.000000,169.940000,4,0.882943
831828.842841,1644144.093028,0.000000,169.940000,4,0.882464
831828.842841,1644144.093028,0.000000,169.940000,4,0.882062
831828.842841,1644144.093028,0.000000,169.940000,4,0.881723
831828.842841,1644144.093028,0.000000,169.940000,4,0.881439
831828.842841,1644144.093028,0.000000,169.940000,4,0.881201
831828.842841,1644144.093028,0.000000,169.940000,4,0.881000
831828.842841,1644144.093028,0.000000,169.940000,4,0.880832
831828.842841,1644144.093028,0.000000,169.940000,4,0.880691
831828.842841,1644144.093028,0.000000,169.940000,4,0.880572
831828.842841,1644144.093028,0.000000,169.940000,4,0.880472
831828.842841,1644144.093028,0.000000,169.940000,4,0.880388
831828.842841,1644144.093028,0.000000,169.940000,4,0.880318
831828.842841,1644144.093028,0.000000,169.940000,4,0.880259
831828.842841,1644144.093028,0.000000,169.940000,4,0.880209
831828.842841,1644144.093028,0.000000,169.940000,4,0.880167
831828.842841,1644144.093028,0.000000,169.940000,4,0.880132
831828.842841,1644144.093028,0.000000,169.940000,4,0.880103
831828.842841,1644144.093028,0.000000,169.940000,4,0.880078
831828.842841,1644144.093028,0.000000,169.940000,4,0.880057
831828.842841,1644144.093028,0.000000,169.940000,4,0.880040
831828.842841,1644144.093028,0.000000,169.940000,4,0.880025
831828.842841,1644144.093028,0.000000,169.940000,4,0.880013
831828.842841,1644144.093028,0.000000,169.940000,4,0.880003
831828.842841,1644144.093028,0.000000,169.940000,4,0.879994
831828.842841,1644144.093028,0.000000,169.940000,4,0.879987
831828.842841,1644144.093028,0.000000,169.940000,4,0.879980
831828.842841,1644144.093028,0.000000,169.940000,4,0.879975
831828.842841,1644144.093028,0.000000,169.940000,4,0.879971
831828.842841,1644144.093028,0.000000,169.940000,4,0.879967
831828.842841,1644144.093028,0.000000,169.940000,4,0.879964
831828.842841,1644144.093028,0.000000,169.940000,4,0.879962
831828.842841,1644144.093028,0.000000,169.940000,4,0.879960
831828.842841,1644144.093028,0.000000,169.940000,4,0.879958
831828.842841,1644144.093028,0.000000,169.940000,4,0.879956
831828.842841,1644144.093028,0.000000,169.940000,4,0.879955
831828.842841,1644144.093028,0.000000,169.940000,4,0.879954
831828.842841,1644144.093028,0.000000,169.940000,4,0.879953
831828.842841,1644144.093028,0.000000,169.940000,4,0.879952
831828.842841,1644144.093028,0.000000,169.940000,4,0.879952
831828.842841,1644144.093028,0.000000,169.940000,4,0.879951
831828.842841,1644144.093028,0.000000,169.940000,4,0.879951
831828.842841,1644144.093028,0.000000,169.940000,4,0.879950
831828.842841,1644144.093028,0.000000,169.940000,4,0.879950
831828.842841,1644144.093028,0.000000,169.940000,4,0.879950
831828.842841,1644144.093028,0.000000,169.940000,4,0.879949
831828.842841,1644144.093028,0.000000,169.940000,4,0.879949
831828.842841,1644144.093028,0.000000,169.940000,4,0.879949
831828.842841,1644144.093028,0.000000,169.940000,4,0.879949
831828.842841,1644144.093028,0.000000,169.940000,4,0.879949
831828.842841,1644144.093028,0.000000,169.940000,4,0.879949
831828.842841,1644144.093028,0.000000,169.940000,4,0.879949
831828.842841,1644144.093028,0.000000,169.940000,4,0.879949
831828.842841,1644144.093028,0.000000,169.940000,4,0.879949
831828.842841,1644144.093028,0.000000,169.940000,4,0.879949
831828.842841,1644144.093028,0.000000,169.940000,4,0.879948
831828.842841,1644144.093028,0.000000,169.940000,4,0.879948
831828.842841,1644144.093028,0.000000,169.940000,4,0.879948
831828.842841,1644144.093028,0.000000,169.940000,4,0.879948
831828.842841,1644144.093028,0.000000,169.940000,4,0.879948
831828.842841,1644144.093028,0.000000,169.940000,4,0.879948
831828.842841,1644144.093028,0.000000,169.940000,4,0.879948
831828.842841,1644144.093028,0.000000,169.940000,4,0.879948
831828.842841,1644144.093028,0.000000,169.940000,4,0.879948
831828.842841,1644144.093028,0.000000,169.940000,4,0.879948
831828.842841,1644144.093028,0.000000,169.940000,4,0.879948
831828.860794,1644144.093276,0.000000,169.940000,4,0.886700
831828.860794,1644144.093276,0.000000,169.940000,4,0.892372
831828.860794,1644144.093276,0.000000,169.940000,4,0.897136
831828.860794,1644144.093276,0.000000,169.940000,4,0.901137
831828.860794,1644144.093276,0.000000,169.940000,4,0.904499
831828.860794,1644144.093276,0.000000,169.940000,4,0.907323
831828.860794,1644144.093276,0.000000,169.940000,4,0.909694
831828.860794,1644144.093276,0.000000,169.940000,4,0.911687
831828.860794,1644144.093276,0.000000,169.940000,4,0.913360
831828.860794,1644144.093276,0.000000,169.940000,4,0.914766
831828.860794,1644144.093276,0.000000,169.940000,4,0.915947
831828.860794,1644144.093276,0.000000,169.940000,4,0.916939
831828.860794,1644144.093276,0.000000,169.940000,4,0.917772
831828.860794,1644144.093276,0.000000,169.940000,4,0.918472
831828.860794,1644144.093276,0.000000,169.940000,4,0.919060
831828.860794,1644144.093276,0.000000,169.940000,4,0.919554
831828.860794,1644144.093276,0.000000,169.940000,4,0.919969
831828.860794,1644144.093276,0.000000,169.940000,4,0.920317
831828.860794,1644144.093276,0.000000,169.940000,4,0.920610
831828.860794,1644144.093276,0.000000,169.940000,4,0.920856
831828.842841,1644144.093028,0.000000,169.940000,4,0.914311
831828.842841,1644144.093028,0.000000,169.940000,4,0.908813
831828.842841,1644144.093028,0.000000,169.940000,4,0.904194
831828.842841,1644144.093028,0.000000,169.940000,4,0.900315
831828.842841,1644144.093028,0.000000,169.940000,4,0.897056
831828.842841,1644144.093028,0.000000,169.940000,4,0.894319
831828.842841,1644144.093028,0.000000,169.940000,4,0.892020
831828.842841,1644144.093028,0.000000,169.940000,4,0.890088
831828.842841,1644144.093028,0.000000,169.940000,4,0.888466
831828.842841,1644144.093028,0.000000,169.940000,4,0.887103
831828.842841,1644144.093028,0.000000,169.940000,4,0.885958
831828.842841,1644144.093028,0.000000,169.940000,4,0.884997
831828.842841,1644144.093028,0.000000,169.940000,4,0.884189
831828.842841,1644144.093028,0.000000,169.940000,4,0.883510
831828.842841,1644144.093028,0.000000,169.940000,4,0.882940
831828.842841,1644144.093028,0.000000,169.940000,4,0.882462
831828.842841,1644144.093028,0.000000,169.940000,4,0.882060
831828.842841,1644144.093028,0.000000,169.940000,4,0.881722
831828.842841,1644144.093028,0.000000,169.940000,4,0.881438
831828.842841,1644144.093028,0.000000,169.940000,4,0.881200
831828.842841,1644144.093028,0.000000,169.940000,4,0.880999
831828.842841,1644144.093028,0.000000,169.940000,4,0.880831
831828.842841,1644144.093028,0.000000,169.940000,4,0.880690
831828.842841,1644144.093028,0.000000,169.940000,4,0.880571
831828.842841,1644144.093028,0.000000,169.940000,4,0.880472
831828.842841,1644144.093028,0.000000,169.940000,4,0.880388
831828.842841,1644144.093028,0.000000,169.940000,4,0.880318
831828.842841,1644144.093028,0.000000,169.940000,4,0.880258
831828.842841,1644144.093028,0.000000,169.940000,4,0.880209
831828.842841,1644144.093028,0.000000,169.940000,4,0.880167
831828.842841,1644144.093028,0.000000,169.940000,4,0.880132
831828.842841,1644144.093028,0.000000,169.940000,4,0.880103
831828.842841,1644144.093028,0.000000,169.940000,4,0.880078
831828.842841,1644144.093028,0.000000,169.940000,4,0.880057
831828.842841,1644144.093028,0.000000,169.940000,4,0.880040
831828.842841,1644144.093028,0.000000,169.940000,4,0.880025
831828.842841,1644144.093028,0.000000,169.940000,4,0.880013
831828.842841,1644144.093028,0.000000,169.940000,4,0.880003
831828.842841,1644144.093028,0.000000,169.940000,4,0.879994
831828.842841,1644144.093028,0.000000,169.940000,4,0.879987
831828.842841,1644144.093028,0.000000,169.940000,4,0.879980
831828.842841,1644144.093028,0.000000,169.940000,4,0.879975
831828.842841,1644144.093028,0.000000,169.940000,4,0.879971
831828.842841,1644144.093028,0.000000,169.940000,4,0.879967
831828.842841,1644144.093028,0.000000,169.940000,4,0.879964
831828.842841,1644144.093028,0.000000,169.940000,4,0.879962
831828.842841,1644144.093028,0.000000,169.940000,4,0.879960
831828.842841,1644144.093028,0.000000,169.940000,4,0.879958
831828.842841,1644144.093028,0.000000,169.940000,4,0.879956
831828.842841,1644144.093028,0.000000,169.940000,4,0.879955
831828.842841,1644144.093028,0.000000,169.940000,4,0.879954
831828.842841,1644144.093028,0.000000,169.940000,4,0.879953
831828.842841,1644144.093028,0.000000,169.940000,4,0.879952
831828.842841,1644144.093028,0.000000,169.940000,4,0.879952
831828.842841,1644144.093028,0.000000,169.940000,4,0.879951
831828.842841,1644144.093028,0.000000,169.940000,4,0.879951
831828.842841,1644144.093028,0.000000,169.940000,4,0.879950
831828.842841,1644144.093028,0.000000,169.940000,4,0.879950
831828.842841,1644144.093028,0.000000,169.940000,4,0.879950
831828.842841,1644144.093028,0.000000,169.940000,4,0.879949
831828.842841,1644144.093028,0.000000,169.940000,4,0.879949
831828.842841,1644144.093028,0.000000,169.940000,4,0.879949
831828.842841,1644144.093028,0.000000,169.940000,4,0.879949
831828.842841,1644144.093028,0.000000,169.940000,4,0.879949
831828.842841,1644144.093028,0.000000,169.940000,4,0.879949
831828.842841,1644144.093028,0.000000,169.940000,4,0.879949
831828.842841,1644144.093028,0.000000,169.940000,4,0.879949
831828.842841,1644144.093028,0.000000,169.940000,4,0.879949
831828.842841,1644144.093028,0.000000,169.940000,4,0.879949
831828.842841,1644144.093028,0.000000,169.940000,4,0.879948
831828.842841,1644144.093028,0.000000,169.940000,4,0.879948
831828.842841,1644144.093028,0.000000,169.940000,4,0.879948
831828.842841,1644144.093028,0.000000,169.940000,4,0.879948
831828.842841,1644144.093028,0.000000,169.940000,4,0.879948
831828.842841,1644144.093028,0.000000,169.940000,4,0.879948
831828.842841,1644144.093028,0.000000,169.940000,4,0.879948
831828.842841,1644144.093028,0.000000,169.940000,4,0.879948
831828.842841,1644144.093028,0.000000,169.940000,4,0.879948
831828.842841,1644144.093028,0.000000,169.940000,4,0.879948
831828.842841,1644144.093028,0.000000,169.940000,4,0.879948
831828.842841,1644144.093028,0.000000,169.940000,4,0.879948
831828.842841,1644144.093028,0.000000,169.940000,4,0.879948
831828.842841,1644144.093028,0.000000,169.940000,4,0.879948
831828.842841,1644144.093028,0.000000,169.940000,4,0.879948
831828.842841,1644144.093028,0.000000,169.940000,4,0.879948
831828.842841,1644144.093028,0.000000,169.940000,4,0.879948
831828.842841,1644144.093028,0.000000,169.940000,4,0.879948
831828.842841,1644144.093028,0.000000,169.940000,4,0.879948
831828.842841,1644144.093028,0.000000,169.940000,4,0.879948
831828.842841,1644144.093028,0.000000,169.940000,4,0.879948
831828.842841,1644144.093028,0.000000,169.940000,4,0.879948
831828.842841,1644144.093028,0.000000,169.940000,4,0.879948
831828.842841,1644144.093028,0.000000,169.940000,4,0.879948
831828.842841,1644144.093028,0.000000,169.940000,4,0.879948
831828.842841,1644144.093028,0.000000,169.940000,4,0.879948
831828.842841,1644144.093028,0.000000,169.940000,4,0.879948
831828.842841,1644144.093028,0.000000,169.940000,4,0.879948
831828.842841,1644144.093028,0.000000,169.940000,4,0.879948
831828.842841,1644144.093028,0.000000,169.940000,4,0.879948
831828.842841,1644144.093028,0.000000,169.940000,4,0.879948
831828.842841,1644144.093028,0.000000,169.940000,4,0.879948
831828.842841,1644144.093028,0.000000,169.940000,4,0.879948
831828.842841,1644144.093028,0.000000,169.940000,4,0.879948
831828.842841,1644144.093028,0.000000,169.940000,4,0.879948
831828.842841,1644144.093028,0.000000,169.940000,4,0.879948
831828.842841,1644144.093028,0.000000,169.940000,4,0.879948
831828.842841,1644144.093028,0.000000,169.940000,4,0.879948
831828.842841,1644144.093028,0.000000,169.940000,4,0.879948
831828.842841,1644144.093028,0.000000,169.940000,4,0.879948
831828.842841,1644144.093028,0.000000,169.940000,4,0.879948
831828.842841,1644144.093028,0.000000,169.940000,4,0.879948
831828.842841,1644144.093028,0.000000,169.940000,4,0.879948
831828.842841,1644144.093028,0.000000,169.940000,4,0.879948
831828.842841,1644144.093028,0.000000,169.940000,4,0.879948
831828.842841,1644144.093028,0.000000,169.940000,4,0.879948
831828.842841,1644144.093028,0.000000,169.940000,4,0.879948
831828.842841,1644144.093028,0.000000,169.940000,4,0.879948
831828.842841,1644144.093028,0.000000,169.940000,4,0.879948
831828.842841,1644144.093028,0.000000,169.940000,4,0.879948
831828.842841,1644144.093028,0.000000,169.940000,4,0.879948
831828.842841,1644144.093028,0.000000,169.940000,4,0.879948
831828.842841,1644144.093028,0.000000,169.940000,4,0.879948
831828.842841,1644144.093028,0.000000,169.940000,4,0.879948
831828.842841,1644144.093028,0.000000,169.940000,4,0.879948
831828.842841,1644144.093028,0.000000,169.940000,4,0.879948
831828.842841,1644144.093028,0.000000,169.940000,4,0.879948
831828.842841,1644144.093028,0.000000,169.940000,4,0.879948
831828.842841,1644144.093028,0.000000,169.940000,4,0.879948
831828.842841,1644144.093028,0.000000,169.940000,4,0.879948
831828.842841,1644144.093028,0.000000,169.940000,4,0.879948
831828.842841,1644144.093028,0.000000,169.940000,4,0.879948
831828.842841,1644144.093028,0.000000,169.940000,4,0.879948
831828.842841,1644144.093028,0.000000,169.940000,4,0.879948
831828.842841,1644144.093028,0.000000,169.940000,4,0.879948
831828.842841,1644144.093028,0.000000,169.940000,4,0.879948
831828.842841,1644144.093028,0.000000,169.940000,4,0.879948
831828.842841,1644144.093028,0.000000,169.940000,4,0.879948
831828.842841,1644144.093028,0.000000,169.940000,4,0.879948
831828.842841,1644144.093028,0.000000,169.940000,4,0.879948
831828.842841,1644144.093028,0.000000,169.940000,4,0.879948
831828.860794,1644144.093276,0.000000,169.940000,4,0.886700
831828.860794,1644144.093276,0.000000,169.940000,4,0.892371
831828.860794,1644144.093276,0.000000,169.940000,4,0.897136
831828.860794,1644144.093276,0.000000,169.940000,4,0.901137
831828.860794,1644144.093276,0.000000,169.940000,4,0.904499
831828.860794,1644144.093276,0.000000,169.940000,4,0.907323
831828.860794,1644144.093276,0.000000,169.940000,4,0.909694
831828.860794,1644144.093276,0.000000,169.940000,4,0.911687
831828.860794,1644144.093276,0.000000,169.940000,4,0.913360
831828.860794,1644144.093276,0.000000,169.940000,4,0.914766
831828.860794,1644144.093276,0.000000,169.940000,4,0.915947
831828.860794,1644144.093276,0.000000,169.940000,4,0.916939
831828.860794,1644144.093276,0.000000,169.940000,4,0.917772
831828.860794,1644144.093276,0.000000,169.940000,4,0.918472
831828.860794,1644144.093276,0.000000,169.940000,4,0.919060
831828.860794,1644144.093276,0.000000,169.940000,4,0.919554
831828.860794,1644144.093276,0.000000,169.940000,4,0.919969
831828.860794,1644144.093276,0.000000,169.940000,4,0.920317
831828.860794,1644144.093276,0.000000,169.940000,4,0.920610
831828.860794,1644144.093276,0.000000,169.940000,4,0.920856
831828.842841,1644144.093028,0.000000,169.940000,4,0.914311
831828.842841,1644144.093028,0.000000,169.940000,4,0.908813
831828.842841,1644144.093028,0.000000,169.940000,4,0.904194
831828.842841,1644144.093028,0.000000,169.940000,4,0.900315
831828.842841,1644144.093028,0.000000,169.940000,4,0.897056
831828.842841,1644144.093028,0.000000,169.940000,4,0.894319
831828.842841,1644144.093028,0.000000,169.940000,4,0.892020
831828.842841,1644144.093028,0.000000,169.940000,4,0.890088
831828.842841,1644144.093028,0.000000,169.940000,4,0.888466
831828.842841,1644144.093028,0.000000,169.940000,4,0.887103
831828.842841,1644144.093028,0.000000,169.940000,4,0.885958
831828.842841,1644144.093028,0.000000,169.940000,4,0.884997
831828.842841,1644144.093028,0.000000,169.940000,4,0.884189
831828.842841,1644144.093028,0.000000,169.940000,4,0.883510
831828.842841,1644144.093028,0.000000,169.940000,4,0.882940
831828.842841,1644144.093028,0.000000,169.940000,4,0.882462
831828.842841,1644144.093028,0.000000,169.940000,4,0.882060
831828.842841,1644144.093028,0.000000,169.940000,4,0.881722
831828.842841,1644144.093028,0.000000,169.940000,4,0.881438
831828.842841,1644144.093028,0.000000,169.940000,4,0.881200
831828.860794,1644144.093276,0.000000,169.940000,4,0.887751
831828.860794,1644144.093276,0.000000,169.940000,4,0.893254
831828.860794,1644144.093276,0.000000,169.940000,4,0.897877
831828.860794,1644144.093276,0.000000,169.940000,4,0.901760
831828.860794,1644144.093276,0.000000,169.940000,4,0.905022
831828.860794,1644144.093276,0.000000,169.940000,4,0.907762
831828.860794,1644144.093276,0.000000,169.940000,4,0.910064
831828.860794,1644144.093276,0.000000,169.940000,4,0.911997
831828.860794,1644144.093276,0.000000,169.940000,4,0.913621
831828.860794,1644144.093276,0.000000,169.940000,4,0.914985
831828.860794,1644144.093276,0.000000,169.940000,4,0.916131
831828.860794,1644144.093276,0.000000,169.940000,4,0.917093
831828.860794,1644144.093276,0.000000,169.940000,4,0.917902
831828.860794,1644144.093276,0.000000,169.940000,4,0.918581
831828.860794,1644144.093276,0.000000,169.940000,4,0.919152
831828.860794,1644144.093276,0.000000,169.940000,4,0.919631
831828.860794,1644144.093276,0.000000,169.940000,4,0.920033
831828.860794,1644144.093276,0.000000,169.940000,4,0.920372
831828.860794,1644144.093276,0.000000,169.940000,4,0.920656
831828.860794,1644144.093276,0.000000,169.940000,4,0.920894
831828.860794,1644144.093276,0.000000,169.940000,4,0.921095
831828.860794,1644144.093276,0.000000,169.940000,4,0.921263
831828.860794,1644144.093276,0.000000,169.940000,4,0.921404
831828.860794,1644144.093276,0.000000,169.940000,4,0.921523
831828.860794,1644144.093276,0.000000,169.940000,4,0.921623
831828.860794,1644144.093276,0.000000,169.940000,4,0.921707
831828.860794,1644144.093276,0.000000,169.940000,4,0.921777
831828.860794,1644144.093276,0.000000,169.940000,4,0.921836
831828.860794,1644144.093276,0.000000,169.940000,4,0.921886
831828.860794,1644144.093276,0.000000,169.940000,4,0.921928
831828.860794,1644144.093276,0.000000,169.940000,4,0.921963
831828.860794,1644144.093276,0.000000,169.940000,4,0.921992
831828.860794,1644144.093276,0.000000,169.940000,4,0.922017
831828.860794,1644144.093276,0.000000,169.940000,4,0.922038
831828.860794,1644144.093276,0.000000,169.940000,4,0.922055
831828.860794,1644144.093276,0.000000,169.940000,4,0.922070
831828.860794,1644144.093276,0.000000,169.940000,4,0.922082
831828.860794,1644144.093276,0.000000,169.940000,4,0.922092
831828.860794,1644144.093276,0.000000,169.940000,4,0.922101
831828.860794,1644144.093276,0.000000,169.940000,4,0.922108
831828.860794,1644144.093276,0.000000,0.000000,5,0.125152
831828.860794,1644144.093276,0.000000,0.000000,5,0.207519
831828.860794,1644144.093276,0.000000,0.000000,5,0.276708
831828.860794,1644144.093276,0.000000,0.000000,5,0.334827
831828.860794,1644144.093276,0.000000,0.000000,5,0.383647
831828.860794,1644144.093276,0.000000,0.000000,5,0.424656
831828.860794,1644144.093276,0.000000,0.000000,5,0.459103
831828.860794,1644144.093276,0.000000,0.000000,5,0.488038
831828.860794,1644144.093276,0.000000,0.000000,5,0.512344
831828.860794,1644144.093276,0.000000,0.000000,5,0.532761
831828.860794,1644144.093276,0.000000,0.000000,5,0.549912
831828.860794,1644144.093276,0.000000,0.000000,5,0.564318
831828.860794,1644144.093276,0.000000,0.000000,5,0.576419
831828.860794,1644144.093276,0.000000,0.000000,5,0.586584
831828.860794,1644144.093276,0.000000,0.000000,5,0.595123
831828.860794,1644144.093276,0.000000,0.000000,5,0.602295
831828.860794,1644144.093276,0.000000,0.000000,5,0.608320
831828.860794,1644144.093276,0.000000,0.000000,5,0.613381
831828.860794,1644144.093276,0.000000,0.000000,5,0.617632
831828.860794,1644144.093276,0.000000,0.000000,5,0.621203
831828.860794,1644144.093276,0.000000,0.000000,5,0.624203
831828.860794,1644144.093276,0.000000,0.000000,5,0.626722
831828.860794,1644144.093276,0.000000,0.000000,5,0.628839
831828.860794,1644144.093276,0.000000,0.000000,5,0.630617
831828.860794,1644144.093276,0.000000,0.000000,5,0.632110
831828.860794,1644144.093276,0.000000,0.000000,5,0.633365
831828.860794,1644144.093276,0.000000,0.000000,5,0.634418
831828.860794,1644144.093276,0.000000,0.000000,5,0.635304
831828.860794,1644144.093276,0.000000,0.000000,5,0.636047
831828.860794,1644144.093276,0.000000,0.000000,5,0.636672
831828.860794,1644144.093276,0.000000,0.000000,5,0.637196
831828.860794,1644144.093276,0.000000,0.000000,5,0.637637
831828.860794,1644144.093276,0.000000,0.000000,5,0.638007
831828.860794,1644144.093276,0.000000,0.000000,5,0.638318
831828.860794,1644144.093276,0.000000,0.000000,5,0.638579
831828.860794,1644144.093276,0.000000,0.000000,5,0.638799
831828.860794,1644144.093276,0.000000,0.000000,5,0.638983
831828.860794,1644144.093276,0.000000,0.000000,5,0.639138
831828.860794,1644144.093276,0.000000,0.000000,5,0.639268
831828.860794,1644144.093276,0.000000,0.000000,5,0.639377
831828.860794,1644144.093276,0.000000,0.000000,5,0.639469
831828.860794,1644144.093276,0.000000,0.000000,5,0.639546
831828.860794,1644144.093276,0.000000,0.000000,5,0.639611
831828.860794,1644144.093276,0.000000,0.000000,5,0.639665
831828.860794,1644144.093276,0.000000,0.000000,5,0.639711
831828.860794,1644144.093276,0.000000,0.000000,5,0.639749
831828.860794,1644144.093276,0.000000,0.000000,5,0.639781
831828.860794,1644144.093276,0.000000,0.000000,5,0.639809
831828.860794,1644144.093276,0.000000,0.000000,5,0.639831
831828.860794,1644144.093276,0.000000,0.000000,5,0.639850
831828.860794,1644144.093276,0.000000,0.000000,5,0.639866
831828.860794,1644144.093276,0.000000,0.000000,5,0.639880
831828.860794,1644144.093276,0.000000,0.000000,5,0.639891
831828.860794,1644144.093276,0.000000,0.000000,5,0.639901
831828.860794,1644144.093276,0.000000,0.000000,5,0.639909
831828.860794,1644144.093276,0.000000,0.000000,5,0.639915
831828.860794,1644144.093276,0.000000,0.000000,5,0.639921
831828.860794,1644144.093276,0.000000,0.000000,5,0.639926
831828.860794,1644144.093276,0.000000,0.000000,5,0.639930
831828.860794,1644144.093276,0.000000,0.000000,5,0.639933
831828.860794,1644144.093276,0.000000,0.000000,5,0.639936
831828.860794,1644144.093276,0.000000,0.000000,5,0.639938
831828.860794,1644144.093276,0.000000,0.000000,5,0.639940
831828.860794,1644144.093276,0.000000,0.000000,5,0.639942
831828.860794,1644144.093276,0.000000,0.000000,5,0.639943
831828.860794,1644144.093276,0.000000,0.000000,5,0.639945
831828.860794,1644144.093276,0.000000,0.000000,5,0.639946
831828.860794,1644144.093276,0.000000,0.000000,5,0.639946
831828.860794,1644144.093276,0.000000,0.000000,5,0.639947
831828.860794,1644144.093276,0.000000,0.000000,5,0.639948
831828.860794,1644144.093276,0.000000,0.000000,5,0.639948
831828.860794,1644144.093276,0.000000,0.000000,5,0.639949
831828.860794,1644144.093276,0.000000,0.000000,5,0.639949
831828.860794,1644144.093276,0.000000,0.000000,5,0.639949
831828.860794,1644144.093276,0.000000,0.000000,5,0.639949
831828.860794,1644144.093276,0.000000,0.000000,5,0.639950
831828.860794,1644144.093276,0.000000,0.000000,5,0.639950
831828.860794,1644144.093276,0.000000,0.000000,5,0.639950
831828.860794,1644144.093276,0.000000,0.000000,5,0.639950
831828.860794,1644144.093276,0.000000,0.000000,5,0.639950
831828.860794,1644144.093276,0.000000,0.000000,5,0.639950
831828.860794,1644144.093276,0.000000,0.000000,5,0.639950
831828.860794,1644144.093276,0.000000,0.000000,5,0.639950
831828.860794,1644144.093276,0.000000,0.000000,5,0.639950
831828.860794,1644144.093276,0.000000,0.000000,5,0.639950
831828.860794,1644144.093276,0.000000,0.000000,5,0.639950
831828.860794,1644144.093276,0.000000,0.000000,5,0.639951
831828.860794,1644144.093276,0.000000,0.000000,5,0.639951
831828.860794,1644144.093276,0.000000,0.000000,5,0.639951
831828.860794,1644144.093276,0.000000,0.000000,5,0.639951
831828.860794,1644144.093276,0.000000,0.000000,5,0.639951
831828.860794,1644144.093276,0.000000,0.000000,5,0.639951
831828.860794,1644144.093276,0.000000,0.000000,5,0.639951
831828.860794,1644144.093276,0.000000,0.000000,5,0.639951
831828.860794,1644144.093276,0.000000,0.000000,5,0.639951
831828.860794,1644144.093276,0.000000,0.000000,5,0.639951
831828.860794,1644144.093276,0.000000,0.000000,5,0.639951
831828.860794,1644144.093276,0.000000,0.000000,5,0.639951
831828.860794,1644144.093276,0.000000,0.000000,5,0.639951
831828.860794,1644144.093276,0.000000,0.000000,5,0.639951
831828.860794,1644144.093276,0.000000,0.000000,5,0.639951
831828.860794,1644144.093276,0.000000,0.000000,5,0.639951
831828.860794,1644144.093276,0.000000,0.000000,5,0.639951
831828.860794,1644144.093276,0.000000,0.000000,5,0.639951
831828.860794,1644144.093276,0.000000,0.000000,5,0.639951
831828.860794,1644144.093276,0.000000,0.000000,5,0.639951
831828.860794,1644144.093276,0.000000,0.000000,5,0.639951
831828.860794,1644144.093276,0.000000,0.000000,5,0.639951
831828.860794,1644144.093276,0.000000,0.000000,5,0.639951
831828.860794,1644144.093276,0.000000,0.000000,5,0.639951
831828.860794,1644144.093276,0.000000,0.000000,5,0.639951
831828.860794,1644144.093276,0.000000,0.000000,5,0.639951
831828.860794,1644144.093276,0.000000,0.000000,5,0.639951
831828.860794,1644144.093276,0.000000,0.000000,5,0.639951
831828.860794,1644144.093276,0.000000,0.000000,5,0.639951
831828.860794,1644144.093276,0.000000,0.000000,5,0.639951
831828.860794,1644144.093276,0.000000,0.000000,5,0.639951
831828.860794,1644144.093276,0.000000,0.000000,5,0.639951
831828.860794,1644144.093276,0.000000,0.000000,5,0.639951
831828.860794,1644144.093276,0.000000,0.000000,5,0.639951
831828.860794,1644144.093276,0.000000,0.000000,5,0.639951
831828.860794,1644144.093276,0.000000,0.000000,5,0.639951
831828.860794,1644144.093276,0.000000,0.000000,5,0.639951
831828.860794,1644144.093276,0.000000,0.000000,5,0.639951
