x,y,speed,heading,fix_quality,steering_angle
661485.259491,1509626.446110,0.000000,85.740000,4,0.066934
661485.259491,1509626.446110,0.000000,85.740000,4,0.123159
661485.259491,1509626.446110,0.000000,85.740000,4,0.170388
661485.259491,1509626.446110,0.000000,85.740000,4,0.210060
661485.259491,1509626.446110,0.000000,85.740000,4,0.243385
661485.259491,1509626.446110,0.000000,85.740000,4,0.271378
661485.259491,1509626.446110,0.000000,85.740000,4,0.294892
661485.259491,1509626.446110,0.000000,85.740000,4,0.314644
661485.259491,1509626.446110,0.000000,85.740000,4,0.331235
661485.259491,1509626.446110,0.000000,85.740000,4,0.345172
661485.259491,1509626.446110,0.000000,85.740000,4,0.356879
661485.259491,1509626.446110,0.000000,85.740000,4,0.366712
661485.259491,1509626.446110,0.000000,85.740000,4,0.374973
661485.259491,1509626.446110,0.000000,85.740000,4,0.381912
661485.259491,1509626.446110,0.000000,85.740000,4,0.387740
661485.259491,1509626.446110,0.000000,85.740000,4,0.392636
661485.259491,1509626.446110,0.000000,85.740000,4,0.396749
661485.259491,1509626.446110,0.000000,85.740000,4,0.400203
661485.259491,1509626.446110,0.000000,85.740000,4,0.403105
661485.259491,1509626.446110,0.000000,85.740000,4,0.405543
661485.259491,1509626.446110,0.000000,85.740000,4,0.407590
661485.259491,1509626.446110,0.000000,85.740000,4,0.409310
661485.259491,1509626.446110,0.000000,85.740000,4,0.410755
661485.259491,1509626.446110,0.000000,85.740000,4,0.411969
661485.259491,1509626.446110,0.000000,85.740000,4,0.412988
661485.259491,1509626.446110,0.000000,85.740000,4,0.413844
661485.259491,1509626.446110,0.000000,85.740000,4,0.414564
661485.259491,1509626.446110,0.000000,85.740000,4,0.415168
661485.259491,1509626.446110,0.000000,85.740000,4,0.415675
661485.259491,1509626.446110,0.000000,85.740000,4,0.416102
661485.259491,1509626.446110,0.000000,85.740000,4,0.416460
661485.259491,1509626.446110,0.000000,85.740000,4,0.416761
661485.259491,1509626.446110,0.000000,85.740000,4,0.417013
661485.259491,1509626.446110,0.000000,85.740000,4,0.417226
661485.259491,1509626.446110,0.000000,85.740000,4,0.417404
661485.259491,1509626.446110,0.000000,85.740000,4,0.417554
661485.259491,1509626.446110,0.000000,85.740000,4,0.417679
661485.259491,1509626.446110,0.000000,85.740000,4,0.417785
661485.259491,1509626.446110,0.000000,85.740000,4,0.417874
661485.259491,1509626.446110,0.000000,85.740000,4,0.417948
661485.259491,1509626.446110,0.000000,85.740000,4,0.418011
661485.259491,1509626.446110,0.000000,85.740000,4,0.418064
661485.259491,1509626.446110,0.000000,85.740000,4,0.418108
661485.259491,1509626.446110,0.000000,85.740000,4,0.418145
661485.259491,1509626.446110,0.000000,85.740000,4,0.418176
661485.259491,1509626.446110,0.000000,85.740000,4,0.418202
661485.259491,1509626.446110,0.000000,85.740000,4,0.418224
661485.259491,1509626.446110,0.000000,85.740000,4,0.418243
661485.259491,1509626.446110,0.000000,85.740000,4,0.418258
661485.259491,1509626.446110,0.000000,85.740000,4,0.418271
661485.259491,1509626.446110,0.000000,85.740000,4,0.418282
661485.259491,1509626.446110,0.000000,85.740000,4,0.418292
661485.259491,1509626.446110,0.000000,85.740000,4,0.418299
661485.259491,1509626.446110,0.000000,85.740000,4,0.418306
661485.259491,1509626.446110,0.000000,85.740000,4,0.418311
661485.259491,1509626.446110,0.000000,85.740000,4,0.418316
661485.259491,1509626.446110,0.000000,85.740000,4,0.418320
661485.259491,1509626.446110,0.000000,85.740000,4,0.418323
661485.259491,1509626.446110,0.000000,85.740000,4,0.418326
661485.259491,1509626.446110,0.000000,85.740000,4,0.418328
661485.259491,1509626.446110,0.000000,85.740000,4,0.418330
661485.259491,1509626.446110,0.000000,85.740000,4,0.418331
661485.259491,1509626.446110,0.000000,85.740000,4,0.418333
661485.259491,1509626.446110,0.000000,85.740000,4,0.418334
661485.259491,1509626.446110,0.000000,85.740000,4,0.418335
661485.259491,1509626.446110,0.000000,85.740000,4,0.418336
661485.259491,1509626.446110,0.000000,85.740000,4,0.418336
661485.259491,1509626.446110,0.000000,85.740000,4,0.418337
661485.259491,1509626.446110,0.000000,85.740000,4,0.418337
661485.259491,1509626.446110,0.000000,85.740000,4,0.418338
661485.259491,1509626.446110,0.000000,85.740000,4,0.418338
661485.259491,1509626.446110,0.000000,85.740000,4,0.418338
661485.259491,1509626.446110,0.000000,85.740000,4,0.418339
661485.259491,1509626.446110,0.000000,85.740000,4,0.418339
661485.259491,1509626.446110,0.000000,85.740000,4,0.418339
661485.259491,1509626.446110,0.000000,85.740000,4,0.418339
661485.259491,1509626.446110,0.000000,85.740000,4,0.418339
661485.259491,1509626.446110,0.000000,85.740000,4,0.418339
661485.259491,1509626.446110,0.000000,85.740000,4,0.418339
661485.259491,1509626.446110,0.000000,85.740000,4,0.418340
661485.259491,1509626.446110,0.000000,85.740000,4,0.418340
661485.259491,1509626.446110,0.000000,85.740000,4,0.418340
661485.259491,1509626.446110,0.000000,85.740000,4,0.418340
661485.259491,1509626.446110,0.000000,85.740000,4,0.418340
661485.259491,1509626.446110,0.000000,85.740000,4,0.418340
661485.259491,1509626.446110,0.000000,85.740000,4,0.418340
661485.259491,1509626.446110,0.000000,85.740000,4,0.418340
661485.259491,1509626.446110,0.000000,85.740000,4,0.418340
661485.259491,1509626.446110,0.000000,85.740000,4,0.418340
661485.259491,1509626.446110,0.000000,85.740000,4,0.418340
661485.259491,1509626.446110,0.000000,85.740000,4,0.418340
661485.259491,1509626.446110,0.000000,85.740000,4,0.418340
661485.259491,1509626.446110,0.000000,85.740000,4,0.418340
661485.259491,1509626.446110,0.000000,85.740000,4,0.418340
661485.259491,1509626.446110,0.000000,85.740000,4,0.418340
661485.259491,1509626.446110,0.000000,85.740000,4,0.418340
661485.259491,1509626.446110,0.000000,85.740000,4,0.418340
661485.259491,1509626.446110,0.000000,85.740000,4,0.418340
661485.259491,1509626.446110,0.000000,85.740000,4,0.418340
661485.259491,1509626.446110,0.000000,85.740000,4,0.418340
661485.259491,1509626.446110,0.000000,85.740000,4,0.418340
661485.259491,1509626.446110,0.000000,85.740000,4,0.418340
661485.259491,1509626.446110,0.000000,85.740000,4,0.418340
661485.259491,1509626.446110,0.000000,85.740000,4,0.418340
661485.259491,1509626.446110,0.000000,85.740000,4,0.418340
661485.259491,1509626.446110,0.000000,85.740000,4,0.418340
661485.259491,1509626.446110,0.000000,85.740000,4,0.418340
661485.259491,1509626.446110,0.000000,85.740000,4,0.418340
661485.259491,1509626.446110,0.000000,85.740000,4,0.418340
661485.259491,1509626.446110,0.000000,85.740000,4,0.418340
661485.259491,1509626.446110,0.000000,85.740000,4,0.418340
661485.259491,1509626.446110,0.000000,85.740000,4,0.418340
661485.259491,1509626.446110,0.000000,85.740000,4,0.418340
661485.259491,1509626.446110,0.000000,85.740000,4,0.418340
661485.259491,1509626.446110,0.000000,85.740000,4,0.418340
661485.259491,1509626.446110,0.000000,85.740000,4,0.418340
661485.259491,1509626.446110,0.000000,85.740000,4,0.418340
661485.259491,1509626.446110,0.000000,85.740000,4,0.418340
661485.259491,1509626.446110,0.000000,85.740000,4,0.418340
661485.259491,1509626.446110,0.000000,85.740000,4,0.418340
661485.259491,1509626.446110,0.000000,85.740000,4,0.418340
661485.259491,1509626.446110,0.000000,85.740000,4,0.418340
661485.259491,1509626.446110,0.000000,85.740000,4,0.418340
661485.259491,1509626.446110,0.000000,85.740000,4,0.418340
661485.259491,1509626.446110,0.000000,85.740000,4,0.418340
661485.259491,1509626.446110,0.000000,85.740000,4,0.418340
661485.259491,1509626.446110,0.000000,85.740000,4,0.418340
661485.259491,1509626.446110,0.000000,85.740000,4,0.418340
661485.259491,1509626.446110,0.000000,85.740000,4,0.418340
661485.259491,1509626.446110,0.000000,85.740000,4,0.418340
661485.259491,1509626.446110,0.000000,85.740000,4,0.418340
661485.259491,1509626.446110,0.000000,85.740000,4,0.418340
661485.259491,1509626.446110,0.000000,85.740000,4,0.418340
661485.259491,1509626.446110,0.000000,85.740000,4,0.418340
661485.259491,1509626.446110,0.000000,85.740000,4,0.418340
661485.259491,1509626.446110,0.000000,85.740000,4,0.418340
661485.259491,1509626.446110,0.000000,85.740000,4,0.418340
661485.259491,1509626.446110,0.000000,85.740000,4,0.418340
661485.259491,1509626.446110,0.000000,85.740000,4,0.418340
661485.259491,1509626.446110,0.000000,85.740000,4,0.418340
661485.259491,1509626.446110,0.000000,85.740000,4,0.418340
661485.259491,1509626.446110,0.000000,85.740000,4,0.418340
661485.259491,1509626.446110,0.000000,85.740000,4,0.418340
661485.259491,1509626.446110,0.000000,85.740000,4,0.418340
661485.259491,1509626.446110,0.000000,85.740000,4,0.418340
661485.259491,1509626.446110,0.000000,85.740000,4,0.418340
661485.259491,1509626.446110,0.000000,85.740000,4,0.418340
661485.259491,1509626.446110,0.000000,85.740000,4,0.418340
661485.259491,1509626.446110,0.000000,85.740000,4,0.418340
661485.259491,1509626.446110,0.000000,85.740000,4,0.418340
661485.259491,1509626.446110,0.000000,85.740000,4,0.418340
661485.259491,1509626.446110,0.000000,85.740000,4,0.418340
661485.259491,1509626.446110,0.000000,85.740000,4,0.418340
661485.259491,1509626.446110,0.000000,85.740000,4,0.418340
661485.259491,1509626.446110,0.000000,85.740000,4,0.418340
661485.259491,1509626.446110,0.000000,85.740000,4,0.418340
661485.259491,1509626.446110,0.000000,85.740000,4,0.418340
661485.259491,1509626.446110,0.000000,85.740000,4,0.418340
661485.259491,1509626.446110,0.000000,85.740000,4,0.418340
661485.259491,1509626.446110,0.000000,85.740000,4,0.418340
661485.259491,1509626.446110,0.000000,85.740000,4,0.418340
661485.259491,1509626.446110,0.000000,85.740000,4,0.418340
661485.259491,1509626.446110,0.000000,85.740000,4,0.418340
661485.259491,1509626.446110,0.000000,85.740000,4,0.418340
661485.259491,1509626.446110,0.000000,85.740000,4,0.418340
661485.259491,1509626.446110,0.000000,85.740000,4,0.418340
661485.259491,1509626.446110,0.000000,85.740000,4,0.418340
661485.259491,1509626.446110,0.000000,85.740000,4,0.418340
661485.259491,1509626.446110,0.000000,85.740000,4,0.418340
661485.259491,1509626.446110,0.000000,85.740000,4,0.418340
661485.259491,1509626.446110,0.000000,85.740000,4,0.418340
661485.259491,1509626.446110,0.000000,85.740000,4,0.418340
661485.259491,1509626.446110,0.000000,85.740000,4,0.418340
661485.259491,1509626.446110,0.000000,85.740000,4,0.418340
661485.259491,1509626.446110,0.000000,85.740000,4,0.418340
661485.259491,1509626.446110,0.000000,85.740000,4,0.418340
661485.259491,1509626.446110,0.000000,85.740000,4,0.418340
661485.259491,1509626.446110,0.000000,85.740000,4,0.418340
661485.259491,1509626.446110,0.000000,85.740000,4,0.418340
661485.259491,1509626.446110,0.000000,85.740000,4,0.418340
661485.259491,1509626.446110,0.000000,85.740000,4,0.418340
661485.259491,1509626.446110,0.000000,85.740000,4,0.418340
661485.259491,1509626.446110,0.000000,85.740000,4,0.418340
661485.259491,1509626.446110,0.000000,85.740000,4,0.418340
661485.259491,1509626.446110,0.000000,85.740000,4,0.418340
661485.259491,1509626.446110,0.000000,85.740000,4,0.418340
661485.259491,1509626.446110,0.000000,85.740000,4,0.418340
661485.259491,1509626.446110,0.000000,85.740000,4,0.418340
661485.259491,1509626.446110,0.000000,85.740000,4,0.418340
661485.259491,1509626.446110,0.000000,85.740000,4,0.418340
661485.259491,1509626.446110,0.000000,85.740000,4,0.418340
661485.259491,1509626.446110,0.000000,85.740000,4,0.418340
661485.259491,1509626.446110,0.000000,85.740000,4,0.418340
661485.259491,1509626.446110,0.000000,85.740000,4,0.418340
661485.259491,1509626.446110,0.000000,85.740000,4,0.418340
661485.259491,1509626.446110,0.000000,85.740000,4,0.418340
661485.259491,1509626.446110,0.000000,85.740000,4,0.418340
661485.259491,1509626.446110,0.000000,85.740000,4,0.418340
661485.259491,1509626.446110,0.000000,85.740000,4,0.418340
661485.259491,1509626.446110,0.000000,85.740000,4,0.418340
661485.259491,1509626.446110,0.000000,85.740000,4,0.418340
661485.259491,1509626.446110,0.000000,85.740000,4,0.418340
661485.259491,1509626.446110,0.000000,85.740000,4,0.418340
661485.259491,1509626.446110,0.000000,85.740000,4,0.418340
661485.259491,1509626.446110,0.000000,85.740000,4,0.418340
661485.259491,1509626.446110,0.000000,85.740000,4,0.418340
661485.259491,1509626.446110,0.000000,85.740000,4,0.418340
661485.259491,1509626.446110,0.000000,85.740000,4,0.418340
661485.259491,1509626.446110,0.000000,85.740000,4,0.418340
661485.259491,1509626.446110,0.000000,85.740000,4,0.418340
661485.259491,1509626.446110,0.000000,85.740000,4,0.418340
661485.259491,1509626.446110,0.000000,85.740000,4,0.418340
661485.259491,1509626.446110,0.000000,85.740000,4,0.418340
661485.259491,1509626.446110,0.000000,85.740000,4,0.418340
661485.259491,1509626.446110,0.000000,85.740000,4,0.418340
661485.259491,1509626.446110,0.000000,85.740000,4,0.418340
661485.259491,1509626.446110,0.000000,85.740000,4,0.418340
661485.259491,1509626.446110,0.000000,85.740000,4,0.418340
661485.259491,1509626.446110,0.000000,85.740000,4,0.418340
661485.259491,1509626.446110,0.000000,85.740000,4,0.418340
661485.259491,1509626.446110,0.000000,85.740000,4,0.418340
661485.259491,1509626.446110,0.000000,85.740000,4,0.418340
661485.259491,1509626.446110,0.000000,85.740000,4,0.418340
661485.259491,1509626.446110,0.000000,85.740000,4,0.418340
661485.259491,1509626.446110,0.000000,85.740000,4,0.418340
661485.259491,1509626.446110,0.000000,85.740000,4,0.418340
661485.259491,1509626.446110,0.000000,85.740000,4,0.418340
661485.259491,1509626.446110,0.000000,85.740000,4,0.418340
661485.259491,1509626.446110,0.000000,85.740000,4,0.418340
661485.259491,1509626.446110,0.000000,85.740000,4,0.418340
661485.259491,1509626.446110,0.000000,85.740000,4,0.418340
661485.259491,1509626.446110,0.000000,85.740000,4,0.418340
661485.259491,1509626.446110,0.000000,85.740000,4,0.418340
661485.259491,1509626.446110,0.000000,85.740000,4,0.418340
661485.259491,1509626.446110,0.000000,85.740000,4,0.418340
661485.259491,1509626.446110,0.000000,85.740000,4,0.418340
661485.259491,1509626.446110,0.000000,85.740000,4,0.418340
661485.259491,1509626.446110,0.000000,85.740000,4,0.418340
661485.259491,1509626.446110,0.000000,85.740000,4,0.418340
661485.259491,1509626.446110,0.000000,85.740000,4,0.418340
661485.259491,1509626.446110,0.000000,85.740000,4,0.418340
661485.259491,1509626.446110,0.000000,85.740000,4,0.418340
661485.259491,1509626.446110,0.000000,85.740000,4,0.418340
661485.259491,1509626.446110,0.000000,85.740000,4,0.418340
661485.259491,1509626.446110,0.000000,85.740000,4,0.418340
661485.259491,1509626.446110,0.000000,85.740000,4,0.418340
661485.259491,1509626.446110,0.000000,85.740000,4,0.418340
661485.259491,1509626.446110,0.000000,85.740000,4,0.418340
661485.259491,1509626.446110,0.000000,85.740000,4,0.418340
661485.259491,1509626.446110,0.000000,85.740000,4,0.418340
661485.259491,1509626.446110,0.000000,85.740000,4,0.418340
661485.259491,1509626.446110,0.000000,85.740000,4,0.418340
661485.259491,1509626.446110,0.000000,85.740000,4,0.418340
661485.259491,1509626.446110,0.000000,85.740000,4,0.418340
661485.259491,1509626.446110,0.000000,85.740000,4,0.418340
661485.259491,1509626.446110,0.000000,85.740000,4,0.418340
661485.259491,1509626.446110,0.000000,85.740000,4,0.418340
661485.259491,1509626.446110,0.000000,85.740000,4,0.418340
661485.259491,1509626.446110,0.000000,85.740000,4,0.418340
661485.259491,1509626.446110,0.000000,85.740000,4,0.418340
661485.259491,1509626.446110,0.000000,85.740000,4,0.418340
661485.259491,1509626.446110,0.000000,85.740000,4,0.418340
661485.259491,1509626.446110,0.000000,85.740000,4,0.418340
661485.259491,1509626.446110,0.000000,85.740000,4,0.418340
661485.259491,1509626.446110,0.000000,85.740000,4,0.418340
661485.259491,1509626.446110,0.000000,85.740000,4,0.418340
661485.259491,1509626.446110,0.000000,85.740000,4,0.418340
661485.259491,1509626.446110,0.000000,85.740000,4,0.418340
661485.259491,1509626.446110,0.000000,85.740000,4,0.418340
661485.259491,1509626.446110,0.000000,85.740000,4,0.418340
661485.259491,1509626.446110,0.000000,85.740000,4,0.418340
661485.259491,1509626.446110,0.000000,85.740000,4,0.418340
661485.259491,1509626.446110,0.000000,85.740000,4,0.418340
661485.259491,1509626.446110,0.000000,85.740000,4,0.418340
661485.259491,1509626.446110,0.000000,85.740000,4,0.418340
661485.259491,1509626.446110,0.000000,85.740000,4,0.418340
661485.259491,1509626.446110,0.000000,85.740000,4,0.418340
661485.259491,1509626.446110,0.000000,85.740000,4,0.418340
661485.259491,1509626.446110,0.000000,85.740000,4,0.418340
661485.259491,1509626.446110,0.000000,85.740000,4,0.418340
661485.259491,1509626.446110,0.000000,85.740000,4,0.418340
661485.259491,1509626.446110,0.000000,85.740000,4,0.418340
661485.259491,1509626.446110,0.000000,85.740000,4,0.418340
661485.259491,1509626.446110,0.000000,85.740000,4,0.418340
661485.259491,1509626.446110,0.000000,85.740000,4,0.418340
661485.259491,1509626.446110,0.000000,85.740000,4,0.418340
661485.259491,1509626.446110,0.000000,85.740000,4,0.418340
661485.259491,1509626.446110,0.000000,85.740000,4,0.418340
661485.259491,1509626.446110,0.000000,85.740000,4,0.418340
661485.259491,1509626.446110,0.000000,85.740000,4,0.418340
661485.259491,1509626.446110,0.000000,85.740000,4,0.418340
661485.259491,1509626.446110,0.000000,85.740000,4,0.418340
661485.259491,1509626.446110,0.000000,85.740000,4,0.418340
661485.259491,1509626.446110,0.000000,85.740000,4,0.418340
661485.259491,1509626.446110,0.000000,85.740000,4,0.418340
661485.259491,1509626.446110,0.000000,85.740000,4,0.418340
661485.259491,1509626.446110,0.000000,85.740000,4,0.418340
661485.259491,1509626.446110,0.000000,85.740000,4,0.418340
661485.259491,1509626.446110,0.000000,85.740000,4,0.418340
661485.259491,1509626.446110,0.000000,85.740000,4,0.418340
661485.259491,1509626.446110,0.290000,84.550000,4,0.594316
661485.259491,1509626.446110,0.290000,84.550000,4,0.742136
661485.259491,1509626.446110,0.290000,84.550000,4,0.866305
661485.259491,1509626.446110,0.290000,84.550000,4,0.970607
661485.259491,1509626.446110,0.290000,84.550000,4,1.058220
661485.259491,1509626.446110,0.290000,84.550000,4,1.131816
661485.259491,1509626.446110,0.290000,84.550000,4,1.193636
661485.259491,1509626.446110,0.290000,84.550000,4,1.245564
661485.259491,1509626.446110,0.290000,84.550000,4,1.289185
661485.259491,1509626.446110,0.290000,84.550000,4,1.325826
661485.259491,1509626.446110,0.290000,84.550000,4,1.356604
661485.259491,1509626.446110,0.290000,84.550000,4,1.382458
661485.259491,1509626.446110,0.290000,84.550000,4,1.404175
661485.259491,1509626.446110,0.290000,84.550000,4,1.422418
661485.259491,1509626.446110,0.290000,84.550000,4,1.437742
661485.259491,1509626.446110,0.290000,84.550000,4,1.450613
661485.259491,1509626.446110,0.290000,84.550000,4,1.461426
661485.259491,1509626.446110,0.290000,84.550000,4,1.470508
661485.259491,1509626.446110,0.290000,84.550000,4,1.478138
661485.259491,1509626.446110,0.290000,84.550000,4,1.484546
661485.259378,1509626.464547,0.850000,87.460000,4,1.055388
661485.259378,1509626.464547,0.850000,87.460000,4,0.694896
661485.259378,1509626.464547,0.850000,87.460000,4,0.392082
661485.259378,1509626.464547,0.850000,87.460000,4,0.137719
661485.259378,1509626.464547,0.850000,87.460000,4,-0.075947
661485.259378,1509626.464547,0.850000,87.460000,4,-0.255426
661485.259378,1509626.464547,0.850000,87.460000,4,-0.406188
661485.259378,1509626.464547,0.850000,87.460000,4,-0.532828
661485.259378,1509626.464547,0.850000,87.460000,4,-0.639206
661485.259378,1509626.464547,0.850000,87.460000,4,-0.728564
661485.259378,1509626.464547,0.850000,87.460000,4,-0.803624
661485.259378,1509626.464547,0.850000,87.460000,4,-0.866674
661485.259378,1509626.464547,0.850000,87.460000,4,-0.919637
661485.259378,1509626.464547,0.850000,87.460000,4,-0.964125
661485.259378,1509626.464547,0.850000,87.460000,4,-1.001496
661485.259378,1509626.464547,0.850000,87.460000,4,-1.032887
661485.259378,1509626.464547,0.850000,87.460000,4,-1.059255
661485.259378,1509626.464547,0.850000,87.460000,4,-1.081405
661485.259378,1509626.464547,0.850000,87.460000,4,-1.100010
661485.259378,1509626.464547,0.850000,87.460000,4,-1.115639
661485.274687,1509626.907160,0.880000,91.730000,4,-1.589744
661485.274687,1509626.907160,0.880000,91.730000,4,-1.987993
661485.274687,1509626.907160,0.880000,91.730000,4,-2.322522
661485.274687,1509626.907160,0.880000,91.730000,4,-2.603526
661485.274687,1509626.907160,0.880000,91.730000,4,-2.839569
661485.274687,1509626.907160,0.880000,91.730000,4,-3.037846
661485.274687,1509626.907160,0.880000,91.730000,4,-3.204398
661485.274687,1509626.907160,0.880000,91.730000,4,-3.344302
661485.274687,1509626.907160,0.880000,91.730000,4,-3.461821
661485.274687,1509626.907160,0.880000,91.730000,4,-3.560538
661485.274687,1509626.907160,0.880000,91.730000,4,-3.643459
661485.274687,1509626.907160,0.880000,91.730000,4,-3.713113
661485.274687,1509626.907160,0.880000,91.730000,4,-3.771623
661485.274687,1509626.907160,0.880000,91.730000,4,-3.820771
661485.274687,1509626.907160,0.880000,91.730000,4,-3.862055
661485.274687,1509626.907160,0.880000,91.730000,4,-3.896734
661485.274687,1509626.907160,0.880000,91.730000,4,-3.925864
661485.274687,1509626.907160,0.880000,91.730000,4,-3.950333
661485.274687,1509626.907160,0.880000,91.730000,4,-3.970888
661485.274687,1509626.907160,0.880000,91.730000,4,-3.988153
661485.288294,1509627.626337,0.930000,86.360000,4,-3.379423
661485.288294,1509627.626337,0.930000,86.360000,4,-2.868090
661485.288294,1509627.626337,0.930000,86.360000,4,-2.438570
661485.288294,1509627.626337,0.930000,86.360000,4,-2.077773
661485.288294,1509627.626337,0.930000,86.360000,4,-1.774703
661485.288294,1509627.626337,0.930000,86.360000,4,-1.520125
661485.288294,1509627.626337,0.930000,86.360000,4,-1.306279
661485.288294,1509627.626337,0.930000,86.360000,4,-1.126649
661485.288294,1509627.626337,0.930000,86.360000,4,-0.975759
661485.288294,1509627.626337,0.930000,86.360000,4,-0.849012
661485.288294,1509627.626337,0.930000,86.360000,4,-0.742545
661485.288294,1509627.626337,0.930000,86.360000,4,-0.653112
661485.288294,1509627.626337,0.930000,86.360000,4,-0.577988
661485.288294,1509627.626337,0.930000,86.360000,4,-0.514884
661485.288294,1509627.626337,0.930000,86.360000,4,-0.461877
661485.288294,1509627.626337,0.930000,86.360000,4,-0.417351
661485.288294,1509627.626337,0.930000,86.360000,4,-0.379949
661485.288294,1509627.626337,0.930000,86.360000,4,-0.348532
661485.288294,1509627.626337,0.930000,86.360000,4,-0.322141
661485.288294,1509627.626337,0.930000,86.360000,4,-0.299973
661485.283758,1509628.363840,0.970000,90.850000,4,-0.930912
661485.283758,1509628.363840,0.970000,90.850000,4,-1.460902
661485.283758,1509628.363840,0.970000,90.850000,4,-1.906093
661485.283758,1509628.363840,0.970000,90.850000,4,-2.280053
661485.283758,1509628.363840,0.970000,90.850000,4,-2.594180
661485.283758,1509628.363840,0.970000,90.850000,4,-2.858046
661485.283758,1509628.363840,0.970000,90.850000,4,-3.079694
661485.283758,1509628.363840,0.970000,90.850000,4,-3.265879
661485.283758,1509628.363840,0.970000,90.850000,4,-3.422273
661485.283758,1509628.363840,0.970000,90.850000,4,-3.553645
661485.283758,1509628.363840,0.970000,90.850000,4,-3.663997
661485.283758,1509628.363840,0.970000,90.850000,4,-3.756693
661485.283758,1509628.363840,0.970000,90.850000,4,-3.834557
661485.283758,1509628.363840,0.970000,90.850000,4,-3.899963
661485.283758,1509628.363840,0.970000,90.850000,4,-3.954904
661485.283758,1509628.363840,0.970000,90.850000,4,-4.001055
661485.283758,1509628.363840,0.970000,90.850000,4,-4.039822
661485.283758,1509628.363840,0.970000,90.850000,4,-4.072385
661485.283758,1509628.363840,0.970000,90.850000,4,-4.099739
661485.283758,1509628.363840,0.970000,90.850000,4,-4.122716
661485.278881,1509629.156656,0.990000,86.700000,4,-3.549326
661485.278881,1509629.156656,0.990000,86.700000,4,-3.067679
661485.278881,1509629.156656,0.990000,86.700000,4,-2.663096
661485.278881,1509629.156656,0.990000,86.700000,4,-2.323245
661485.278881,1509629.156656,0.990000,86.700000,4,-2.037771
661485.278881,1509629.156656,0.990000,86.700000,4,-1.797973
661485.278881,1509629.156656,0.990000,86.700000,4,-1.596542
661485.278881,1509629.156656,0.990000,86.700000,4,-1.427340
661485.278881,1509629.156656,0.990000,86.700000,4,-1.285211
661485.278881,1509629.156656,0.990000,86.700000,4,-1.165822
661485.278881,1509629.156656,0.990000,86.700000,4,-1.065535
661485.278881,1509629.156656,0.990000,86.700000,4,-0.981295
661485.278881,1509629.156656,0.990000,86.700000,4,-0.910533
661485.278881,1509629.156656,0.990000,86.700000,4,-0.851092
661485.278881,1509629.156656,0.990000,86.700000,4,-0.801162
661485.278881,1509629.156656,0.990000,86.700000,4,-0.759221
661485.278881,1509629.156656,0.990000,86.700000,4,-0.723991
661485.278881,1509629.156656,0.990000,86.700000,4,-0.694397
661485.278881,1509629.156656,0.990000,86.700000,4,-0.669539
661485.278881,1509629.156656,0.990000,86.700000,4,-0.648658
661485.309952,1509629.968132,1.020000,85.210000,4,-0.371718
661485.309952,1509629.968132,1.020000,85.210000,4,-0.139088
661485.309952,1509629.968132,1.020000,85.210000,4,0.056320
661485.309952,1509629.968132,1.020000,85.210000,4,0.220464
661485.309952,1509629.968132,1.020000,85.210000,4,0.358344
661485.309952,1509629.968132,1.020000,85.210000,4,0.474164
661485.309952,1509629.968132,1.020000,85.210000,4,0.571452
661485.309952,1509629.968132,1.020000,85.210000,4,0.653174
661485.309952,1509629.968132,1.020000,85.210000,4,0.721821
661485.309952,1509629.968132,1.020000,85.210000,4,0.779484
661485.309952,1509629.968132,1.020000,85.210000,4,0.827921
661485.309952,1509629.968132,1.020000,85.210000,4,0.868608
661485.309952,1509629.968132,1.020000,85.210000,4,0.902786
661485.309952,1509629.968132,1.020000,85.210000,4,0.931494
661485.309952,1509629.968132,1.020000,85.210000,4,0.955610
661485.309952,1509629.968132,1.020000,85.210000,4,0.975867
661485.309952,1509629.968132,1.020000,85.210000,4,0.992883
661485.309952,1509629.968132,1.020000,85.210000,4,1.007176
661485.309952,1509629.968132,1.020000,85.210000,4,1.019182
661485.309952,1509629.968132,1.020000,85.210000,4,1.029268
661485.358828,1509630.816593,1.060000,89.340000,4,0.579824
661485.358828,1509630.816593,1.060000,89.340000,4,0.202292
661485.358828,1509630.816593,1.060000,89.340000,4,-0.114836
661485.358828,1509630.816593,1.060000,89.340000,4,-0.381223
661485.358828,1509630.816593,1.060000,89.340000,4,-0.604988
661485.358828,1509630.816593,1.060000,89.340000,4,-0.792951
661485.358828,1509630.816593,1.060000,89.340000,4,-0.950839
661485.358828,1509630.816593,1.060000,89.340000,4,-1.083466
661485.358828,1509630.816593,1.060000,89.340000,4,-1.194872
661485.358828,1509630.816593,1.060000,89.340000,4,-1.288453
661485.358828,1509630.816593,1.060000,89.340000,4,-1.367062
661485.358828,1509630.816593,1.060000,89.340000,4,-1.433093
661485.358828,1509630.816593,1.060000,89.340000,4,-1.488559
661485.358828,1509630.816593,1.060000,89.340000,4,-1.535150
661485.358828,1509630.816593,1.060000,89.340000,4,-1.574287
661485.358828,1509630.816593,1.060000,89.340000,4,-1.607162
661485.358828,1509630.816593,1.060000,89.340000,4,-1.634777
661485.358828,1509630.816593,1.060000,89.340000,4,-1.657973
661485.358828,1509630.816593,1.060000,89.340000,4,-1.677458
661485.358828,1509630.816593,1.060000,89.340000,4,-1.693826
661485.389672,1509631.664944,1.080000,87.220000,4,-1.403704
661485.389672,1509631.664944,1.080000,87.220000,4,-1.160002
661485.389672,1509631.664944,1.080000,87.220000,4,-0.955292
661485.389672,1509631.664944,1.080000,87.220000,4,-0.783336
661485.389672,1509631.664944,1.080000,87.220000,4,-0.638893
661485.389672,1509631.664944,1.080000,87.220000,4,-0.517560
661485.389672,1509631.664944,1.080000,87.220000,4,-0.415641
661485.389672,1509631.664944,1.080000,87.220000,4,-0.330029
661485.389672,1509631.664944,1.080000,87.220000,4,-0.258115
661485.389672,1509631.664944,1.080000,87.220000,4,-0.197707
661485.389672,1509631.664944,1.080000,87.220000,4,-0.146964
661485.389672,1509631.664944,1.080000,87.220000,4,-0.104341
661485.389672,1509631.664944,1.080000,87.220000,4,-0.068537
661485.389672,1509631.664944,1.080000,87.220000,4,-0.038461
661485.389672,1509631.664944,1.080000,87.220000,4,-0.013198
661485.389672,1509631.664944,1.080000,87.220000,4,0.008023
661485.389672,1509631.664944,1.080000,87.220000,4,0.025849
661485.389672,1509631.664944,1.080000,87.220000,4,0.040823
661485.389672,1509631.664944,1.080000,87.220000,4,0.053400
661485.389672,1509631.664944,1.080000,87.220000,4,0.063966
661485.402259,1509632.550059,1.110000,89.560000,4,-0.206462
661485.402259,1509632.550059,1.110000,89.560000,4,-0.433622
661485.402259,1509632.550059,1.110000,89.560000,4,-0.624436
661485.402259,1509632.550059,1.110000,89.560000,4,-0.784720
661485.402259,1509632.550059,1.110000,89.560000,4,-0.919359
661485.402259,1509632.550059,1.110000,89.560000,4,-1.032455
661485.402259,1509632.550059,1.110000,89.560000,4,-1.127456
661485.402259,1509632.550059,1.110000,89.560000,4,-1.207257
661485.402259,1509632.550059,1.110000,89.560000,4,-1.274289
661485.402259,1509632.550059,1.110000,89.560000,4,-1.330597
661485.402259,1509632.550059,1.110000,89.560000,4,-1.377895
661485.402259,1509632.550059,1.110000,89.560000,4,-1.417626
661485.402259,1509632.550059,1.110000,89.560000,4,-1.450999
661485.402259,1509632.550059,1.110000,89.560000,4,-1.479033
661485.402259,1509632.550059,1.110000,89.560000,4,-1.502582
661485.402259,1509632.550059,1.110000,89.560000,4,-1.522362
661485.402259,1509632.550059,1.110000,89.560000,4,-1.538978
661485.402259,1509632.550059,1.110000,89.560000,4,-1.552935
661485.402259,1509632.550059,1.110000,89.560000,4,-1.564659
661485.402259,1509632.550059,1.110000,89.560000,4,-1.574508
661485.432763,1509633.453722,1.120000,88.210000,4,-1.393534
661485.432763,1509633.453722,1.120000,88.210000,4,-1.241517
661485.432763,1509633.453722,1.120000,88.210000,4,-1.113822
661485.432763,1509633.453722,1.120000,88.210000,4,-1.006558
661485.432763,1509633.453722,1.120000,88.210000,4,-0.916457
661485.432763,1509633.453722,1.120000,88.210000,4,-0.840772
661485.432763,1509633.453722,1.120000,88.210000,4,-0.777196
661485.432763,1509633.453722,1.120000,88.210000,4,-0.723793
661485.432763,1509633.453722,1.120000,88.210000,4,-0.678934
661485.432763,1509633.453722,1.120000,88.210000,4,-0.641252
661485.432763,1509633.453722,1.120000,88.210000,4,-0.609600
661485.432763,1509633.453722,1.120000,88.210000,4,-0.583012
661485.432763,1509633.453722,1.120000,88.210000,4,-0.560678
661485.432763,1509633.453722,1.120000,88.210000,4,-0.541917
661485.432763,1509633.453722,1.120000,88.210000,4,-0.526159
661485.432763,1509633.453722,1.120000,88.210000,4,-0.512921
661485.432763,1509633.453722,1.120000,88.210000,4,-0.501802
661485.432763,1509633.453722,1.120000,88.210000,4,-0.492461
661485.432763,1509633.453722,1.120000,88.210000,4,-0.484616
661485.432763,1509633.453722,1.120000,88.210000,4,-0.478025
661485.481185,1509634.375934,1.140000,87.410000,4,-0.319418
661485.481185,1509634.375934,1.140000,87.410000,4,-0.186188
661485.481185,1509634.375934,1.140000,87.410000,4,-0.074275
661485.481185,1509634.375934,1.140000,87.410000,4,0.019732
661485.481185,1509634.375934,1.140000,87.410000,4,0.098698
661485.481185,1509634.375934,1.140000,87.410000,4,0.165029
661485.481185,1509634.375934,1.140000,87.410000,4,0.220748
661485.481185,1509634.375934,1.140000,87.410000,4,0.267551
661485.481185,1509634.375934,1.140000,87.410000,4,0.306866
661485.481185,1509634.375934,1.140000,87.410000,4,0.339890
661485.481185,1509634.375934,1.140000,87.410000,4,0.367631
661485.481185,1509634.375934,1.140000,87.410000,4,0.390933
661485.481185,1509634.375934,1.140000,87.410000,4,0.410507
661485.481185,1509634.375934,1.140000,87.410000,4,0.426949
661485.481185,1509634.375934,1.140000,87.410000,4,0.440760
661485.481185,1509634.375934,1.140000,87.410000,4,0.452361
661485.481185,1509634.375934,1.140000,87.410000,4,0.462107
661485.481185,1509634.375934,1.140000,87.410000,4,0.470293
661485.481185,1509634.375934,1.140000,87.410000,4,0.477169
661485.481185,1509634.375934,1.140000,87.410000,4,0.482945
661485.511349,1509635.334910,1.180000,88.050000,4,0.445889
661485.511349,1509635.334910,1.180000,88.050000,4,0.414763
661485.511349,1509635.334910,1.180000,88.050000,4,0.388616
661485.511349,1509635.334910,1.180000,88.050000,4,0.366653
661485.511349,1509635.334910,1.180000,88.050000,4,0.348204
661485.511349,1509635.334910,1.180000,88.050000,4,0.332707
661485.511349,1509635.334910,1.180000,88.050000,4,0.319690
661485.511349,1509635.334910,1.180000,88.050000,4,0.308755
661485.511349,1509635.334910,1.180000,88.050000,4,0.299570
661485.511349,1509635.334910,1.180000,88.050000,4,0.291854
661485.511349,1509635.334910,1.180000,88.050000,4,0.285373
661485.511349,1509635.334910,1.180000,88.050000,4,0.279929
661485.511349,1509635.334910,1.180000,88.050000,4,0.275356
661485.511349,1509635.334910,1.180000,88.050000,4,0.271515
661485.511349,1509635.334910,1.180000,88.050000,4,0.268288
661485.511349,1509635.334910,1.180000,88.050000,4,0.265577
661485.511349,1509635.334910,1.180000,88.050000,4,0.263301
661485.511349,1509635.334910,1.180000,88.050000,4,0.261388
661485.511349,1509635.334910,1.180000,88.050000,4,0.259782
661485.511349,1509635.334910,1.180000,88.050000,4,0.258432
661485.523482,1509636.293775,1.180000,86.980000,4,0.396196
661485.523482,1509636.293775,1.180000,86.980000,4,0.511917
661485.523482,1509636.293775,1.180000,86.980000,4,0.609123
661485.523482,1509636.293775,1.180000,86.980000,4,0.690777
661485.523482,1509636.293775,1.180000,86.980000,4,0.759365
661485.523482,1509636.293775,1.180000,86.980000,4,0.816980
661485.523482,1509636.293775,1.180000,86.980000,4,0.865376
661485.523482,1509636.293775,1.180000,86.980000,4,0.906028
661485.523482,1509636.293775,1.180000,86.980000,4,0.940177
661485.523482,1509636.293775,1.180000,86.980000,4,0.968861
661485.523482,1509636.293775,1.180000,86.980000,4,0.992956
661485.523482,1509636.293775,1.180000,86.980000,4,1.013196
661485.523482,1509636.293775,1.180000,86.980000,4,1.030198
661485.523482,1509636.293775,1.180000,86.980000,4,1.044479
661485.523482,1509636.293775,1.180000,86.980000,4,1.056475
661485.523482,1509636.293775,1.180000,86.980000,4,1.066552
661485.523482,1509636.293775,1.180000,86.980000,4,1.075016
661485.523482,1509636.293775,1.180000,86.980000,4,1.082127
661485.523482,1509636.293775,1.180000,86.980000,4,1.088099
661485.523482,1509636.293775,1.180000,86.980000,4,1.093116
661485.571563,1509637.271300,1.210000,89.380000,4,0.901221
661485.571563,1509637.271300,1.210000,89.380000,4,0.740029
661485.571563,1509637.271300,1.210000,89.380000,4,0.604628
661485.571563,1509637.271300,1.210000,89.380000,4,0.490891
661485.571563,1509637.271300,1.210000,89.380000,4,0.395352
661485.571563,1509637.271300,1.210000,89.380000,4,0.315099
661485.571563,1509637.271300,1.210000,89.380000,4,0.247687
661485.571563,1509637.271300,1.210000,89.380000,4,0.191060
661485.571563,1509637.271300,1.210000,89.380000,4,0.143494
661485.571563,1509637.271300,1.210000,89.380000,4,0.103538
661485.571563,1509637.271300,1.210000,89.380000,4,0.069976
661485.571563,1509637.271300,1.210000,89.380000,4,0.041783
661485.571563,1509637.271300,1.210000,89.380000,4,0.018101
661485.571563,1509637.271300,1.210000,89.380000,4,-0.001792
661485.571563,1509637.271300,1.210000,89.380000,4,-0.018502
661485.571563,1509637.271300,1.210000,89.380000,4,-0.032538
661485.571563,1509637.271300,1.210000,89.380000,4,-0.044328
661485.571563,1509637.271300,1.210000,89.380000,4,-0.054232
661485.571563,1509637.271300,1.210000,89.380000,4,-0.062552
661485.571563,1509637.271300,1.210000,89.380000,4,-0.069540
661485.601501,1509638.267151,1.230000,90.780000,4,-0.183445
661485.601501,1509638.267151,1.230000,90.780000,4,-0.279124
661485.601501,1509638.267151,1.230000,90.780000,4,-0.359495
661485.601501,1509638.267151,1.230000,90.780000,4,-0.427007
661485.601501,1509638.267151,1.230000,90.780000,4,-0.483717
661485.601501,1509638.267151,1.230000,90.780000,4,-0.531353
661485.601501,1509638.267151,1.230000,90.780000,4,-0.571367
661485.601501,1509638.267151,1.230000,90.780000,4,-0.604979
661485.601501,1509638.267151,1.230000,90.780000,4,-0.633214
661485.601501,1509638.267151,1.230000,90.780000,4,-0.656930
661485.601501,1509638.267151,1.230000,90.780000,4,-0.676852
661485.601501,1509638.267151,1.230000,90.780000,4,-0.693587
661485.601501,1509638.267151,1.230000,90.780000,4,-0.707644
661485.601501,1509638.267151,1.230000,90.780000,4,-0.719452
661485.601501,1509638.267151,1.230000,90.780000,4,-0.729370
661485.601501,1509638.267151,1.230000,90.780000,4,-0.737702
661485.601501,1509638.267151,1.230000,90.780000,4,-0.744700
661485.601501,1509638.267151,1.230000,90.780000,4,-0.750579
661485.601501,1509638.267151,1.230000,90.780000,4,-0.755517
661485.601501,1509638.267151,1.230000,90.780000,4,-0.759665
661485.595149,1509639.299656,1.260000,88.000000,4,-0.451798
661485.595149,1509639.299656,1.260000,88.000000,4,-0.193190
661485.595149,1509639.299656,1.260000,88.000000,4,0.024041
661485.595149,1509639.299656,1.260000,88.000000,4,0.206515
661485.595149,1509639.299656,1.260000,88.000000,4,0.359793
661485.595149,1509639.299656,1.260000,88.000000,4,0.488547
661485.595149,1509639.299656,1.260000,88.000000,4,0.596700
661485.595149,1509639.299656,1.260000,88.000000,4,0.687549
661485.595149,1509639.299656,1.260000,88.000000,4,0.763862
661485.595149,1509639.299656,1.260000,88.000000,4,0.827964
661485.595149,1509639.299656,1.260000,88.000000,4,0.881811
661485.595149,1509639.299656,1.260000,88.000000,4,0.927042
661485.595149,1509639.299656,1.260000,88.000000,4,0.965036
661485.595149,1509639.299656,1.260000,88.000000,4,0.996951
661485.595149,1509639.299656,1.260000,88.000000,4,1.023759
661485.595149,1509639.299656,1.260000,88.000000,4,1.046278
661485.595149,1509639.299656,1.260000,88.000000,4,1.065194
661485.595149,1509639.299656,1.260000,88.000000,4,1.081084
661485.595149,1509639.299656,1.260000,88.000000,4,1.094431
661485.595149,1509639.299656,1.260000,88.000000,4,1.105643
661485.606829,1509640.332271,1.260000,90.090000,4,0.918877
661485.606829,1509640.332271,1.260000,90.090000,4,0.761993
661485.606829,1509640.332271,1.260000,90.090000,4,0.630211
661485.606829,1509640.332271,1.260000,90.090000,4,0.519514
661485.606829,1509640.332271,1.260000,90.090000,4,0.426528
661485.606829,1509640.332271,1.260000,90.090000,4,0.348421
661485.606829,1509640.332271,1.260000,90.090000,4,0.282810
661485.606829,1509640.332271,1.260000,90.090000,4,0.227697
661485.606829,1509640.332271,1.260000,90.090000,4,0.181402
661485.606829,1509640.332271,1.260000,90.090000,4,0.142515
661485.606829,1509640.332271,1.260000,90.090000,4,0.109849
661485.606829,1509640.332271,1.260000,90.090000,4,0.082410
661485.606829,1509640.332271,1.260000,90.090000,4,0.059361
661485.606829,1509640.332271,1.260000,90.090000,4,0.040000
661485.606829,1509640.332271,1.260000,90.090000,4,0.023737
661485.606829,1509640.332271,1.260000,90.090000,4,0.010076
661485.606829,1509640.332271,1.260000,90.090000,4,-0.001400
661485.606829,1509640.332271,1.260000,90.090000,4,-0.011039
661485.606829,1509640.332271,1.260000,90.090000,4,-0.019136
661485.606829,1509640.332271,1.260000,90.090000,4,-0.025938
661485.600478,1509641.364776,1.270000,90.490000,4,-0.067446
661485.600478,1509641.364776,1.270000,90.490000,4,-0.102313
661485.600478,1509641.364776,1.270000,90.490000,4,-0.131602
661485.600478,1509641.364776,1.270000,90.490000,4,-0.156204
661485.600478,1509641.364776,1.270000,90.490000,4,-0.176870
661485.600478,1509641.364776,1.270000,90.490000,4,-0.194230
661485.600478,1509641.364776,1.270000,90.490000,4,-0.208812
661485.600478,1509641.364776,1.270000,90.490000,4,-0.221060
661485.600478,1509641.364776,1.270000,90.490000,4,-0.231349
661485.600478,1509641.364776,1.270000,90.490000,4,-0.239992
661485.600478,1509641.364776,1.270000,90.490000,4,-0.247252
661485.600478,1509641.364776,1.270000,90.490000,4,-0.253350
661485.600478,1509641.364776,1.270000,90.490000,4,-0.258473
661485.600478,1509641.364776,1.270000,90.490000,4,-0.262776
661485.600478,1509641.364776,1.270000,90.490000,4,-0.266390
661485.600478,1509641.364776,1.270000,90.490000,4,-0.269427
661485.600478,1509641.364776,1.270000,90.490000,4,-0.271977
661485.600478,1509641.364776,1.270000,90.490000,4,-0.274119
661485.600478,1509641.364776,1.270000,90.490000,4,-0.275919
661485.600478,1509641.364776,1.270000,90.490000,4,-0.277431
661485.594013,1509642.415718,1.260000,92.110000,4,-0.455390
661485.594013,1509642.415718,1.260000,92.110000,4,-0.604876
661485.594013,1509642.415718,1.260000,92.110000,4,-0.730444
661485.594013,1509642.415718,1.260000,92.110000,4,-0.835921
661485.594013,1509642.415718,1.260000,92.110000,4,-0.924522
661485.594013,1509642.415718,1.260000,92.110000,4,-0.998947
661485.594013,1509642.415718,1.260000,92.110000,4,-1.061464
661485.594013,1509642.415718,1.260000,92.110000,4,-1.113978
661485.594013,1509642.415718,1.260000,92.110000,4,-1.158090
661485.594013,1509642.415718,1.260000,92.110000,4,-1.195144
661485.594013,1509642.415718,1.260000,92.110000,4,-1.226269
661485.594013,1509642.415718,1.260000,92.110000,4,-1.252414
661485.594013,1509642.415718,1.260000,92.110000,4,-1.274376
661485.594013,1509642.415718,1.260000,92.110000,4,-1.292824
661485.594013,1509642.415718,1.260000,92.110000,4,-1.308321
661485.594013,1509642.415718,1.260000,92.110000,4,-1.321338
661485.594013,1509642.415718,1.260000,92.110000,4,-1.332272
661485.594013,1509642.415718,1.260000,92.110000,4,-1.341457
661485.594013,1509642.415718,1.260000,92.110000,4,-1.349172
661485.594013,1509642.415718,1.260000,92.110000,4,-1.355653
661485.587435,1509643.485098,1.280000,91.860000,4,-1.314270
661485.587435,1509643.485098,1.280000,91.860000,4,-1.279508
661485.587435,1509643.485098,1.280000,91.860000,4,-1.250308
661485.587435,1509643.485098,1.280000,91.860000,4,-1.225781
661485.587435,1509643.485098,1.280000,91.860000,4,-1.205177
661485.587435,1509643.485098,1.280000,91.860000,4,-1.187870
661485.587435,1509643.485098,1.280000,91.860000,4,-1.173333
661485.587435,1509643.485098,1.280000,91.860000,4,-1.161121
661485.587435,1509643.485098,1.280000,91.860000,4,-1.150863
661485.587435,1509643.485098,1.280000,91.860000,4,-1.142246
661485.587435,1509643.485098,1.280000,91.860000,4,-1.135009
661485.587435,1509643.485098,1.280000,91.860000,4,-1.128929
661485.587435,1509643.485098,1.280000,91.860000,4,-1.123822
661485.587435,1509643.485098,1.280000,91.860000,4,-1.119532
661485.587435,1509643.485098,1.280000,91.860000,4,-1.115928
661485.587435,1509643.485098,1.280000,91.860000,4,-1.112901
661485.587435,1509643.485098,1.280000,91.860000,4,-1.110358
661485.587435,1509643.485098,1.280000,91.860000,4,-1.108223
661485.587435,1509643.485098,1.280000,91.860000,4,-1.106428
661485.587435,1509643.485098,1.280000,91.860000,4,-1.104921
661485.526765,1509644.554145,1.310000,93.310000,4,-1.344040
661485.526765,1509644.554145,1.310000,93.310000,4,-1.544899
661485.526765,1509644.554145,1.310000,93.310000,4,-1.713621
661485.526765,1509644.554145,1.310000,93.310000,4,-1.855347
661485.526765,1509644.554145,1.310000,93.310000,4,-1.974397
661485.526765,1509644.554145,1.310000,93.310000,4,-2.074399
661485.526765,1509644.554145,1.310000,93.310000,4,-2.158401
661485.526765,1509644.554145,1.310000,93.310000,4,-2.228962
661485.526765,1509644.554145,1.310000,93.310000,4,-2.288234
661485.526765,1509644.554145,1.310000,93.310000,4,-2.338022
661485.526765,1509644.554145,1.310000,93.310000,4,-2.379844
661485.526765,1509644.554145,1.310000,93.310000,4,-2.414975
661485.526765,1509644.554145,1.310000,93.310000,4,-2.444484
661485.526765,1509644.554145,1.310000,93.310000,4,-2.469273
661485.526765,1509644.554145,1.310000,93.310000,4,-2.490095
661485.526765,1509644.554145,1.310000,93.310000,4,-2.507585
661485.526765,1509644.554145,1.310000,93.310000,4,-2.522277
661485.526765,1509644.554145,1.310000,93.310000,4,-2.534618
661485.526765,1509644.554145,1.310000,93.310000,4,-2.544985
661485.526765,1509644.554145,1.310000,93.310000,4,-2.553693
661485.502043,1509645.641851,1.350000,90.680000,4,-2.269117
661485.502043,1509645.641851,1.350000,90.680000,4,-2.030073
661485.502043,1509645.641851,1.350000,90.680000,4,-1.829277
661485.502043,1509645.641851,1.350000,90.680000,4,-1.660607
661485.502043,1509645.641851,1.350000,90.680000,4,-1.518925
661485.502043,1509645.641851,1.350000,90.680000,4,-1.399912
661485.502043,1509645.641851,1.350000,90.680000,4,-1.299941
661485.502043,1509645.641851,1.350000,90.680000,4,-1.215966
661485.502043,1509645.641851,1.350000,90.680000,4,-1.145426
661485.502043,1509645.641851,1.350000,90.680000,4,-1.086173
661485.502043,1509645.641851,1.350000,90.680000,4,-1.036400
661485.502043,1509645.641851,1.350000,90.680000,4,-0.994591
661485.502043,1509645.641851,1.350000,90.680000,4,-0.959471
661485.502043,1509645.641851,1.350000,90.680000,4,-0.929971
661485.502043,1509645.641851,1.350000,90.680000,4,-0.905191
661485.502043,1509645.641851,1.350000,90.680000,4,-0.884375
661485.502043,1509645.641851,1.350000,90.680000,4,-0.866890
661485.502043,1509645.641851,1.350000,90.680000,4,-0.852203
661485.502043,1509645.641851,1.350000,90.680000,4,-0.839865
661485.502043,1509645.641851,1.350000,90.680000,4,-0.829502
661485.423001,1509646.766100,1.350000,90.480000,4,-0.910205
661485.423001,1509646.766100,1.350000,90.480000,4,-0.977995
661485.423001,1509646.766100,1.350000,90.480000,4,-1.034939
661485.423001,1509646.766100,1.350000,90.480000,4,-1.082772
661485.423001,1509646.766100,1.350000,90.480000,4,-1.122952
661485.423001,1509646.766100,1.350000,90.480000,4,-1.156702
661485.423001,1509646.766100,1.350000,90.480000,4,-1.185053
661485.423001,1509646.766100,1.350000,90.480000,4,-1.208868
661485.423001,1509646.766100,1.350000,90.480000,4,-1.228872
661485.423001,1509646.766100,1.350000,90.480000,4,-1.245676
661485.423001,1509646.766100,1.350000,90.480000,4,-1.259791
661485.423001,1509646.766100,1.350000,90.480000,4,-1.271647
661485.423001,1509646.766100,1.350000,90.480000,4,-1.281607
661485.423001,1509646.766100,1.350000,90.480000,4,-1.289973
661485.423001,1509646.766100,1.350000,90.480000,4,-1.297000
661485.423001,1509646.766100,1.350000,90.480000,4,-1.302904
661485.423001,1509646.766100,1.350000,90.480000,4,-1.307862
661485.423001,1509646.766100,1.350000,90.480000,4,-1.312027
661485.423001,1509646.766100,1.350000,90.480000,4,-1.315526
661485.423001,1509646.766100,1.350000,90.480000,4,-1.318465
661485.416196,1509647.872355,1.330000,89.490000,4,-1.193413
661485.416196,1509647.872355,1.330000,89.490000,4,-1.088369
661485.416196,1509647.872355,1.330000,89.490000,4,-1.000133
661485.416196,1509647.872355,1.330000,89.490000,4,-0.926014
661485.416196,1509647.872355,1.330000,89.490000,4,-0.863754
661485.416196,1509647.872355,1.330000,89.490000,4,-0.811456
661485.416196,1509647.872355,1.330000,89.490000,4,-0.767525
661485.416196,1509647.872355,1.330000,89.490000,4,-0.730623
661485.416196,1509647.872355,1.330000,89.490000,4,-0.699626
661485.416196,1509647.872355,1.330000,89.490000,4,-0.673588
661485.416196,1509647.872355,1.330000,89.490000,4,-0.651716
661485.416196,1509647.872355,1.330000,89.490000,4,-0.633344
661485.416196,1509647.872355,1.330000,89.490000,4,-0.617911
661485.416196,1509647.872355,1.330000,89.490000,4,-0.604948
661485.416196,1509647.872355,1.330000,89.490000,4,-0.594059
661485.416196,1509647.872355,1.330000,89.490000,4,-0.584912
661485.416196,1509647.872355,1.330000,89.490000,4,-0.577228
661485.416196,1509647.872355,1.330000,89.490000,4,-0.570774
661485.416196,1509647.872355,1.330000,89.490000,4,-0.565352
661485.416196,1509647.872355,1.330000,89.490000,4,-0.560798
661485.427422,1509648.978721,1.340000,90.860000,4,-0.710429
661485.427422,1509648.978721,1.340000,90.860000,4,-0.836120
661485.427422,1509648.978721,1.340000,90.860000,4,-0.941699
661485.427422,1509648.978721,1.340000,90.860000,4,-1.030386
661485.427422,1509648.978721,1.340000,90.860000,4,-1.104883
661485.427422,1509648.978721,1.340000,90.860000,4,-1.167461
661485.427422,1509648.978721,1.340000,90.860000,4,-1.220026
661485.427422,1509648.978721,1.340000,90.860000,4,-1.264180
661485.427422,1509648.978721,1.340000,90.860000,4,-1.301270
661485.427422,1509648.978721,1.340000,90.860000,4,-1.332426
661485.427422,1509648.978721,1.340000,90.860000,4,-1.358596
661485.427422,1509648.978721,1.340000,90.860000,4,-1.380580
661485.427422,1509648.978721,1.340000,90.860000,4,-1.399046
661485.427422,1509648.978721,1.340000,90.860000,4,-1.414557
661485.427422,1509648.978721,1.340000,90.860000,4,-1.427587
661485.427422,1509648.978721,1.340000,90.860000,4,-1.438532
661485.427422,1509648.978721,1.340000,90.860000,4,-1.447725
661485.427422,1509648.978721,1.340000,90.860000,4,-1.455448
661485.427422,1509648.978721,1.340000,90.860000,4,-1.461935
661485.427422,1509648.978721,1.340000,90.860000,4,-1.467384
661485.402473,1509650.103302,1.350000,89.190000,4,-1.237937
661485.402473,1509650.103302,1.350000,89.190000,4,-1.045201
661485.402473,1509650.103302,1.350000,89.190000,4,-0.883303
661485.402473,1509650.103302,1.350000,89.190000,4,-0.747309
661485.402473,1509650.103302,1.350000,89.190000,4,-0.633074
661485.402473,1509650.103302,1.350000,89.190000,4,-0.537116
661485.402473,1509650.103302,1.350000,89.190000,4,-0.456512
661485.402473,1509650.103302,1.350000,89.190000,4,-0.388804
661485.402473,1509650.103302,1.350000,89.190000,4,-0.331930
661485.402473,1509650.103302,1.350000,89.190000,4,-0.284155
661485.402473,1509650.103302,1.350000,89.190000,4,-0.244025
661485.402473,1509650.103302,1.350000,89.190000,4,-0.210315
661485.402473,1509650.103302,1.350000,89.190000,4,-0.181999
661485.402473,1509650.103302,1.350000,89.190000,4,-0.158213
661485.402473,1509650.103302,1.350000,89.190000,4,-0.138233
661485.402473,1509650.103302,1.350000,89.190000,4,-0.121450
661485.402473,1509650.103302,1.350000,89.190000,4,-0.107352
661485.402473,1509650.103302,1.350000,89.190000,4,-0.095510
661485.402473,1509650.103302,1.350000,89.190000,4,-0.085563
661485.402473,1509650.103302,1.350000,89.190000,4,-0.077207
661485.359380,1509651.246211,1.370000,91.200000,4,-0.345687
661485.359380,1509651.246211,1.370000,91.200000,4,-0.571211
661485.359380,1509651.246211,1.370000,91.200000,4,-0.760651
661485.359380,1509651.246211,1.370000,91.200000,4,-0.919780
661485.359380,1509651.246211,1.370000,91.200000,4,-1.053449
661485.359380,1509651.246211,1.370000,91.200000,4,-1.165731
661485.359380,1509651.246211,1.370000,91.200000,4,-1.260047
661485.359380,1509651.246211,1.370000,91.200000,4,-1.339273
661485.359380,1509651.246211,1.370000,91.200000,4,-1.405823
661485.359380,1509651.246211,1.370000,91.200000,4,-1.461725
661485.359380,1509651.246211,1.370000,91.200000,4,-1.508683
661485.359380,1509651.246211,1.370000,91.200000,4,-1.548127
661485.359380,1509651.246211,1.370000,91.200000,4,-1.581260
661485.359380,1509651.246211,1.370000,91.200000,4,-1.609092
661485.359380,1509651.246211,1.370000,91.200000,4,-1.632471
661485.359380,1509651.246211,1.370000,91.200000,4,-1.652109
661485.359380,1509651.246211,1.370000,91.200000,4,-1.668605
661485.359380,1509651.246211,1.370000,91.200000,4,-1.682462
661485.359380,1509651.246211,1.370000,91.200000,4,-1.694102
661485.359380,1509651.246211,1.370000,91.200000,4,-1.703879
661485.352348,1509652.389341,1.380000,90.850000,4,-1.682033
661485.352348,1509652.389341,1.380000,90.850000,4,-1.663682
661485.352348,1509652.389341,1.380000,90.850000,4,-1.648267
661485.352348,1509652.389341,1.380000,90.850000,4,-1.635318
661485.352348,1509652.389341,1.380000,90.850000,4,-1.624441
661485.352348,1509652.389341,1.380000,90.850000,4,-1.615305
661485.352348,1509652.389341,1.380000,90.850000,4,-1.607630
661485.352348,1509652.389341,1.380000,90.850000,4,-1.601184
661485.352348,1509652.389341,1.380000,90.850000,4,-1.595768
661485.352348,1509652.389341,1.380000,90.850000,4,-1.591220
661485.352348,1509652.389341,1.380000,90.850000,4,-1.587399
661485.352348,1509652.389341,1.380000,90.850000,4,-1.584189
661485.352348,1509652.389341,1.380000,90.850000,4,-1.581493
661485.352348,1509652.389341,1.380000,90.850000,4,-1.579228
661485.352348,1509652.389341,1.380000,90.850000,4,-1.577326
661485.352348,1509652.389341,1.380000,90.850000,4,-1.575728
661485.352348,1509652.389341,1.380000,90.850000,4,-1.574386
661485.352348,1509652.389341,1.380000,90.850000,4,-1.573258
661485.352348,1509652.389341,1.380000,90.850000,4,-1.572311
661485.352348,1509652.389341,1.380000,90.850000,4,-1.571515
661485.345203,1509653.550908,1.370000,88.640000,4,-1.319337
661485.345203,1509653.550908,1.370000,88.640000,4,-1.107507
661485.345203,1509653.550908,1.370000,88.640000,4,-0.929570
661485.345203,1509653.550908,1.370000,88.640000,4,-0.780102
661485.345203,1509653.550908,1.370000,88.640000,4,-0.654550
661485.345203,1509653.550908,1.370000,88.640000,4,-0.549086
661485.345203,1509653.550908,1.370000,88.640000,4,-0.460496
661485.345203,1509653.550908,1.370000,88.640000,4,-0.386081
661485.345203,1509653.550908,1.370000,88.640000,4,-0.323572
661485.345203,1509653.550908,1.370000,88.640000,4,-0.271064
661485.345203,1509653.550908,1.370000,88.640000,4,-0.226958
661485.345203,1509653.550908,1.370000,88.640000,4,-0.189908
661485.345203,1509653.550908,1.370000,88.640000,4,-0.158787
661485.345203,1509653.550908,1.370000,88.640000,4,-0.132645
661485.345203,1509653.550908,1.370000,88.640000,4,-0.110686
661485.345203,1509653.550908,1.370000,88.640000,4,-0.092240
661485.345203,1509653.550908,1.370000,88.640000,4,-0.076745
661485.345203,1509653.550908,1.370000,88.640000,4,-0.063730
661485.345203,1509653.550908,1.370000,88.640000,4,-0.052797
661485.345203,1509653.550908,1.370000,88.640000,4,-0.043613
661485.320027,1509654.712365,1.390000,90.870000,4,-0.346776
661485.320027,1509654.712365,1.390000,90.870000,4,-0.601433
661485.320027,1509654.712365,1.390000,90.870000,4,-0.815345
661485.320027,1509654.712365,1.390000,90.870000,4,-0.995031
661485.320027,1509654.712365,1.390000,90.870000,4,-1.145967
661485.320027,1509654.712365,1.390000,90.870000,4,-1.272754
661485.320027,1509654.712365,1.390000,90.870000,4,-1.379254
661485.320027,1509654.712365,1.390000,90.870000,4,-1.468715
661485.320027,1509654.712365,1.390000,90.870000,4,-1.543862
661485.320027,1509654.712365,1.390000,90.870000,4,-1.606985
661485.320027,1509654.712365,1.390000,90.870000,4,-1.660009
661485.320027,1509654.712365,1.390000,90.870000,4,-1.704548
661485.320027,1509654.712365,1.390000,90.870000,4,-1.741962
661485.320027,1509654.712365,1.390000,90.870000,4,-1.773389
661485.320027,1509654.712365,1.390000,90.870000,4,-1.799788
661485.320027,1509654.712365,1.390000,90.870000,4,-1.821963
661485.320027,1509654.712365,1.390000,90.870000,4,-1.840590
661485.320027,1509654.712365,1.390000,90.870000,4,-1.856237
661485.320027,1509654.712365,1.390000,90.870000,4,-1.869380
661485.320027,1509654.712365,1.390000,90.870000,4,-1.880421
661485.331026,1509655.855606,1.430000,89.410000,4,-1.686718
661485.331026,1509655.855606,1.430000,89.410000,4,-1.524008
661485.331026,1509655.855606,1.430000,89.410000,4,-1.387331
661485.331026,1509655.855606,1.430000,89.410000,4,-1.272522
661485.331026,1509655.855606,1.430000,89.410000,4,-1.176083
661485.331026,1509655.855606,1.430000,89.410000,4,-1.095075
661485.331026,1509655.855606,1.430000,89.410000,4,-1.027027
661485.331026,1509655.855606,1.430000,89.410000,4,-0.969867
661485.331026,1509655.855606,1.430000,89.410000,4,-0.921853
661485.331026,1509655.855606,1.430000,89.410000,4,-0.881521
661485.331026,1509655.855606,1.430000,89.410000,4,-0.847642
661485.331026,1509655.855606,1.430000,89.410000,4,-0.819184
661485.331026,1509655.855606,1.430000,89.410000,4,-0.795279
661485.331026,1509655.855606,1.430000,89.410000,4,-0.775199
661485.331026,1509655.855606,1.430000,89.410000,4,-0.758332
661485.331026,1509655.855606,1.430000,89.410000,4,-0.744163
661485.331026,1509655.855606,1.430000,89.410000,4,-0.732262
661485.331026,1509655.855606,1.430000,89.410000,4,-0.722264
661485.331026,1509655.855606,1.430000,89.410000,4,-0.713867
661485.331026,1509655.855606,1.430000,89.410000,4,-0.706812
661485.323881,1509657.017174,1.410000,92.680000,4,-1.011718
661485.323881,1509657.017174,1.410000,92.680000,4,-1.267838
661485.323881,1509657.017174,1.410000,92.680000,4,-1.482979
661485.323881,1509657.017174,1.410000,92.680000,4,-1.663697
661485.323881,1509657.017174,1.410000,92.680000,4,-1.815501
661485.323881,1509657.017174,1.410000,92.680000,4,-1.943016
661485.323881,1509657.017174,1.410000,92.680000,4,-2.050128
661485.323881,1509657.017174,1.410000,92.680000,4,-2.140103
661485.323881,1509657.017174,1.410000,92.680000,4,-2.215682
661485.323881,1509657.017174,1.410000,92.680000,4,-2.279168
661485.323881,1509657.017174,1.410000,92.680000,4,-2.332496
661485.323881,1509657.017174,1.410000,92.680000,4,-2.377292
661485.323881,1509657.017174,1.410000,92.680000,4,-2.414920
661485.323881,1509657.017174,1.410000,92.680000,4,-2.446528
661485.323881,1509657.017174,1.410000,92.680000,4,-2.473079
661485.323881,1509657.017174,1.410000,92.680000,4,-2.495381
661485.323881,1509657.017174,1.410000,92.680000,4,-2.514115
661485.323881,1509657.017174,1.410000,92.680000,4,-2.529852
661485.323881,1509657.017174,1.410000,92.680000,4,-2.543071
661485.323881,1509657.017174,1.410000,92.680000,4,-2.554175
661485.316509,1509658.215617,1.400000,89.120000,4,-2.212389
661485.316509,1509658.215617,1.400000,89.120000,4,-1.925288
661485.316509,1509658.215617,1.400000,89.120000,4,-1.684124
661485.316509,1509658.215617,1.400000,89.120000,4,-1.481546
661485.316509,1509658.215617,1.400000,89.120000,4,-1.311381
661485.316509,1509658.215617,1.400000,89.120000,4,-1.168442
661485.316509,1509658.215617,1.400000,89.120000,4,-1.048373
661485.316509,1509658.215617,1.400000,89.120000,4,-0.947515
661485.316509,1509658.215617,1.400000,89.120000,4,-0.862794
661485.316509,1509658.215617,1.400000,89.120000,4,-0.791629
661485.316509,1509658.215617,1.400000,89.120000,4,-0.731850
661485.316509,1509658.215617,1.400000,89.120000,4,-0.681636
661485.316509,1509658.215617,1.400000,89.120000,4,-0.639456
661485.316509,1509658.215617,1.400000,89.120000,4,-0.604025
661485.316509,1509658.215617,1.400000,89.120000,4,-0.574263
661485.316509,1509658.215617,1.400000,89.120000,4,-0.549263
661485.316509,1509658.215617,1.400000,89.120000,4,-0.528263
661485.316509,1509658.215617,1.400000,89.120000,4,-0.510622
661485.316509,1509658.215617,1.400000,89.120000,4,-0.495805
661485.316509,1509658.215617,1.400000,89.120000,4,-0.483358
661485.291333,1509659.377074,1.400000,89.000000,4,-0.517443
661485.291333,1509659.377074,1.400000,89.000000,4,-0.546075
661485.291333,1509659.377074,1.400000,89.000000,4,-0.570126
661485.291333,1509659.377074,1.400000,89.000000,4,-0.590329
661485.291333,1509659.377074,1.400000,89.000000,4,-0.607299
661485.291333,1509659.377074,1.400000,89.000000,4,-0.621554
661485.291333,1509659.377074,1.400000,89.000000,4,-0.633528
661485.291333,1509659.377074,1.400000,89.000000,4,-0.643586
661485.291333,1509659.377074,1.400000,89.000000,4,-0.652035
661485.291333,1509659.377074,1.400000,89.000000,4,-0.659133
661485.291333,1509659.377074,1.400000,89.000000,4,-0.665094
661485.291333,1509659.377074,1.400000,89.000000,4,-0.670102
661485.291333,1509659.377074,1.400000,89.000000,4,-0.674308
661485.291333,1509659.377074,1.400000,89.000000,4,-0.677842
661485.291333,1509659.377074,1.400000,89.000000,4,-0.680810
661485.291333,1509659.377074,1.400000,89.000000,4,-0.683303
661485.291333,1509659.377074,1.400000,89.000000,4,-0.685397
661485.291333,1509659.377074,1.400000,89.000000,4,-0.687157
661485.291333,1509659.377074,1.400000,89.000000,4,-0.688634
661485.291333,1509659.377074,1.400000,89.000000,4,-0.689876
661485.284075,1509660.557079,1.420000,89.320000,4,-0.778760
661485.284075,1509660.557079,1.420000,89.320000,4,-0.853423
661485.284075,1509660.557079,1.420000,89.320000,4,-0.916140
661485.284075,1509660.557079,1.420000,89.320000,4,-0.968822
661485.284075,1509660.557079,1.420000,89.320000,4,-1.013075
661485.284075,1509660.557079,1.420000,89.320000,4,-1.050247
661485.284075,1509660.557079,1.420000,89.320000,4,-1.081472
661485.284075,1509660.557079,1.420000,89.320000,4,-1.107701
661485.284075,1509660.557079,1.420000,89.320000,4,-1.129733
661485.284075,1509660.557079,1.420000,89.320000,4,-1.148240
661485.284075,1509660.557079,1.420000,89.320000,4,-1.163786
661485.284075,1509660.557079,1.420000,89.320000,4,-1.176845
661485.284075,1509660.557079,1.420000,89.320000,4,-1.187814
661485.284075,1509660.557079,1.420000,89.320000,4,-1.197028
661485.284075,1509660.557079,1.420000,89.320000,4,-1.204768
661485.284075,1509660.557079,1.420000,89.320000,4,-1.211270
661485.284075,1509660.557079,1.420000,89.320000,4,-1.216731
661485.284075,1509660.557079,1.420000,89.320000,4,-1.221318
661485.284075,1509660.557079,1.420000,89.320000,4,-1.225172
661485.284075,1509660.557079,1.420000,89.320000,4,-1.228409
661485.294847,1509661.737195,1.420000,89.820000,4,-1.325981
661485.294847,1509661.737195,1.420000,89.820000,4,-1.407942
661485.294847,1509661.737195,1.420000,89.820000,4,-1.476789
661485.294847,1509661.737195,1.420000,89.820000,4,-1.534621
661485.294847,1509661.737195,1.420000,89.820000,4,-1.583199
661485.294847,1509661.737195,1.420000,89.820000,4,-1.624005
661485.294847,1509661.737195,1.420000,89.820000,4,-1.658282
661485.294847,1509661.737195,1.420000,89.820000,4,-1.687075
661485.294847,1509661.737195,1.420000,89.820000,4,-1.711261
661485.294847,1509661.737195,1.420000,89.820000,4,-1.731577
661485.294847,1509661.737195,1.420000,89.820000,4,-1.748642
661485.294847,1509661.737195,1.420000,89.820000,4,-1.762977
661485.294847,1509661.737195,1.420000,89.820000,4,-1.775019
661485.294847,1509661.737195,1.420000,89.820000,4,-1.785134
661485.294847,1509661.737195,1.420000,89.820000,4,-1.793630
661485.294847,1509661.737195,1.420000,89.820000,4,-1.800767
661485.294847,1509661.737195,1.420000,89.820000,4,-1.806762
661485.294847,1509661.737195,1.420000,89.820000,4,-1.811798
661485.294847,1509661.737195,1.420000,89.820000,4,-1.816028
661485.294847,1509661.737195,1.420000,89.820000,4,-1.819582
661485.305619,1509662.917311,1.420000,89.780000,4,-1.858135
661485.305619,1509662.917311,1.420000,89.780000,4,-1.890520
661485.305619,1509662.917311,1.420000,89.780000,4,-1.917723
661485.305619,1509662.917311,1.420000,89.780000,4,-1.940574
661485.305619,1509662.917311,1.420000,89.780000,4,-1.959769
661485.305619,1509662.917311,1.420000,89.780000,4,-1.975892
661485.305619,1509662.917311,1.420000,89.780000,4,-1.989436
661485.305619,1509662.917311,1.420000,89.780000,4,-2.000813
661485.305619,1509662.917311,1.420000,89.780000,4,-2.010369
661485.305619,1509662.917311,1.420000,89.780000,4,-2.018397
661485.305619,1509662.917311,1.420000,89.780000,4,-2.025140
661485.305619,1509662.917311,1.420000,89.780000,4,-2.030804
661485.305619,1509662.917311,1.420000,89.780000,4,-2.035562
661485.305619,1509662.917311,1.420000,89.780000,4,-2.039558
661485.305619,1509662.917311,1.420000,89.780000,4,-2.042916
661485.305619,1509662.917311,1.420000,89.780000,4,-2.045736
661485.305619,1509662.917311,1.420000,89.780000,4,-2.048104
661485.305619,1509662.917311,1.420000,89.780000,4,-2.050094
661485.305619,1509662.917311,1.420000,89.780000,4,-2.051766
661485.305619,1509662.917311,1.420000,89.780000,4,-2.053170
661485.262299,1509664.097095,1.430000,89.260000,4,-2.000723
661485.262299,1509664.097095,1.430000,89.260000,4,-1.956669
661485.262299,1509664.097095,1.430000,89.260000,4,-1.919663
661485.262299,1509664.097095,1.430000,89.260000,4,-1.888577
661485.262299,1509664.097095,1.430000,89.260000,4,-1.862466
661485.262299,1509664.097095,1.430000,89.260000,4,-1.840532
661485.262299,1509664.097095,1.430000,89.260000,4,-1.822108
661485.262299,1509664.097095,1.430000,89.260000,4,-1.806632
661485.262299,1509664.097095,1.430000,89.260000,4,-1.793632
661485.262299,1509664.097095,1.430000,89.260000,4,-1.782711
661485.262299,1509664.097095,1.430000,89.260000,4,-1.773539
661485.262299,1509664.097095,1.430000,89.260000,4,-1.765833
661485.262299,1509664.097095,1.430000,89.260000,4,-1.759361
661485.262299,1509664.097095,1.430000,89.260000,4,-1.753924
661485.262299,1509664.097095,1.430000,89.260000,4,-1.749357
661485.262299,1509664.097095,1.430000,89.260000,4,-1.745521
661485.262299,1509664.097095,1.430000,89.260000,4,-1.742298
661485.262299,1509664.097095,1.430000,89.260000,4,-1.739592
661485.262299,1509664.097095,1.430000,89.260000,4,-1.737318
661485.262299,1509664.097095,1.430000,89.260000,4,-1.735408
661485.272958,1509665.295648,1.450000,89.170000,4,-1.762514
661485.272958,1509665.295648,1.450000,89.170000,4,-1.785284
661485.272958,1509665.295648,1.450000,89.170000,4,-1.804410
661485.272958,1509665.295648,1.450000,89.170000,4,-1.820476
661485.272958,1509665.295648,1.450000,89.170000,4,-1.833972
661485.272958,1509665.295648,1.450000,89.170000,4,-1.845308
661485.272958,1509665.295648,1.450000,89.170000,4,-1.854830
661485.272958,1509665.295648,1.450000,89.170000,4,-1.862829
661485.272958,1509665.295648,1.450000,89.170000,4,-1.869548
661485.272958,1509665.295648,1.450000,89.170000,4,-1.875192
661485.272958,1509665.295648,1.450000,89.170000,4,-1.879933
661485.272958,1509665.295648,1.450000,89.170000,4,-1.883915
661485.272958,1509665.295648,1.450000,89.170000,4,-1.887261
661485.272958,1509665.295648,1.450000,89.170000,4,-1.890071
661485.272958,1509665.295648,1.450000,89.170000,4,-1.892431
661485.272958,1509665.295648,1.450000,89.170000,4,-1.894414
661485.272958,1509665.295648,1.450000,89.170000,4,-1.896079
661485.272958,1509665.295648,1.450000,89.170000,4,-1.897478
661485.272958,1509665.295648,1.450000,89.170000,4,-1.898653
661485.272958,1509665.295648,1.450000,89.170000,4,-1.899640
661485.319678,1509666.494424,1.440000,88.320000,4,-1.789871
661485.319678,1509666.494424,1.440000,88.320000,4,-1.697665
661485.319678,1509666.494424,1.440000,88.320000,4,-1.620211
661485.319678,1509666.494424,1.440000,88.320000,4,-1.555151
661485.319678,1509666.494424,1.440000,88.320000,4,-1.500500
661485.319678,1509666.494424,1.440000,88.320000,4,-1.454593
661485.319678,1509666.494424,1.440000,88.320000,4,-1.416031
661485.319678,1509666.494424,1.440000,88.320000,4,-1.383639
661485.319678,1509666.494424,1.440000,88.320000,4,-1.356430
661485.319678,1509666.494424,1.440000,88.320000,4,-1.333574
661485.319678,1509666.494424,1.440000,88.320000,4,-1.314375
661485.319678,1509666.494424,1.440000,88.320000,4,-1.298248
661485.319678,1509666.494424,1.440000,88.320000,4,-1.284702
661485.319678,1509666.494424,1.440000,88.320000,4,-1.273322
661485.319678,1509666.494424,1.440000,88.320000,4,-1.263764
661485.319678,1509666.494424,1.440000,88.320000,4,-1.255735
661485.319678,1509666.494424,1.440000,88.320000,4,-1.248990
661485.319678,1509666.494424,1.440000,88.320000,4,-1.243325
661485.319678,1509666.494424,1.440000,88.320000,4,-1.238566
661485.319678,1509666.494424,1.440000,88.320000,4,-1.234568
661485.330223,1509667.711415,1.460000,89.120000,4,-1.370647
661485.330223,1509667.711415,1.460000,89.120000,4,-1.484952
661485.330223,1509667.711415,1.460000,89.120000,4,-1.580969
661485.330223,1509667.711415,1.460000,89.120000,4,-1.661623
661485.330223,1509667.711415,1.460000,89.120000,4,-1.729372
661485.330223,1509667.711415,1.460000,89.120000,4,-1.786282
661485.330223,1509667.711415,1.460000,89.120000,4,-1.834086
661485.330223,1509667.711415,1.460000,89.120000,4,-1.874241
661485.330223,1509667.711415,1.460000,89.120000,4,-1.907971
661485.330223,1509667.711415,1.460000,89.120000,4,-1.936305
661485.330223,1509667.711415,1.460000,89.120000,4,-1.960105
661485.330223,1509667.711415,1.460000,89.120000,4,-1.980098
661485.330223,1509667.711415,1.460000,89.120000,4,-1.996891
661485.330223,1509667.711415,1.460000,89.120000,4,-2.010997
661485.330223,1509667.711415,1.460000,89.120000,4,-2.022847
661485.330223,1509667.711415,1.460000,89.120000,4,-2.032800
661485.330223,1509667.711415,1.460000,89.120000,4,-2.041161
661485.330223,1509667.711415,1.460000,89.120000,4,-2.048185
661485.330223,1509667.711415,1.460000,89.120000,4,-2.054084
661485.330223,1509667.711415,1.460000,89.120000,4,-2.059040
661485.376943,1509668.910191,1.440000,87.140000,4,-1.745020
661485.376943,1509668.910191,1.440000,87.140000,4,-1.481243
661485.376943,1509668.910191,1.440000,87.140000,4,-1.259671
661485.376943,1509668.910191,1.440000,87.140000,4,-1.073550
661485.376943,1509668.910191,1.440000,87.140000,4,-0.917208
661485.376943,1509668.910191,1.440000,87.140000,4,-0.785882
661485.376943,1509668.910191,1.440000,87.140000,4,-0.675567
661485.376943,1509668.910191,1.440000,87.140000,4,-0.582903
661485.376943,1509668.910191,1.440000,87.140000,4,-0.505065
661485.376943,1509668.910191,1.440000,87.140000,4,-0.439681
661485.376943,1509668.910191,1.440000,87.140000,4,-0.384759
661485.376943,1509668.910191,1.440000,87.140000,4,-0.338624
661485.376943,1509668.910191,1.440000,87.140000,4,-0.299870
661485.376943,1509668.910191,1.440000,87.140000,4,-0.267318
661485.376943,1509668.910191,1.440000,87.140000,4,-0.239973
661485.376943,1509668.910191,1.440000,87.140000,4,-0.217004
661485.376943,1509668.910191,1.440000,87.140000,4,-0.197710
661485.376943,1509668.910191,1.440000,87.140000,4,-0.181503
661485.376943,1509668.910191,1.440000,87.140000,4,-0.167889
661485.376943,1509668.910191,1.440000,87.140000,4,-0.156453
661485.405633,1509670.108856,1.440000,87.890000,4,-0.242673
661485.405633,1509670.108856,1.440000,87.890000,4,-0.315097
661485.405633,1509670.108856,1.440000,87.890000,4,-0.375934
661485.405633,1509670.108856,1.440000,87.890000,4,-0.427037
661485.405633,1509670.108856,1.440000,87.890000,4,-0.469963
661485.405633,1509670.108856,1.440000,87.890000,4,-0.506021
661485.405633,1509670.108856,1.440000,87.890000,4,-0.536310
661485.405633,1509670.108856,1.440000,87.890000,4,-0.561753
661485.405633,1509670.108856,1.440000,87.890000,4,-0.583124
661485.405633,1509670.108856,1.440000,87.890000,4,-0.601077
661485.405633,1509670.108856,1.440000,87.890000,4,-0.616157
661485.405633,1509670.108856,1.440000,87.890000,4,-0.628824
661485.405633,1509670.108856,1.440000,87.890000,4,-0.639464
661485.405633,1509670.108856,1.440000,87.890000,4,-0.648402
661485.405633,1509670.108856,1.440000,87.890000,4,-0.655910
661485.405633,1509670.108856,1.440000,87.890000,4,-0.662217
661485.405633,1509670.108856,1.440000,87.890000,4,-0.667514
661485.405633,1509670.108856,1.440000,87.890000,4,-0.671964
661485.405633,1509670.108856,1.440000,87.890000,4,-0.675702
661485.405633,1509670.108856,1.440000,87.890000,4,-0.678842
661485.470157,1509671.344617,1.460000,88.590000,4,-0.735715
661485.470157,1509671.344617,1.460000,88.590000,4,-0.783489
661485.470157,1509671.344617,1.460000,88.590000,4,-0.823619
661485.470157,1509671.344617,1.460000,88.590000,4,-0.857328
661485.470157,1509671.344617,1.460000,88.590000,4,-0.885644
661485.470157,1509671.344617,1.460000,88.590000,4,-0.909429
661485.470157,1509671.344617,1.460000,88.590000,4,-0.929408
661485.470157,1509671.344617,1.460000,88.590000,4,-0.946191
661485.470157,1509671.344617,1.460000,88.590000,4,-0.960289
661485.470157,1509671.344617,1.460000,88.590000,4,-0.972131
661485.470157,1509671.344617,1.460000,88.590000,4,-0.982078
661485.470157,1509671.344617,1.460000,88.590000,4,-0.990434
661485.470157,1509671.344617,1.460000,88.590000,4,-0.997452
661485.470157,1509671.344617,1.460000,88.590000,4,-1.003348
661485.470157,1509671.344617,1.460000,88.590000,4,-1.008301
661485.470157,1509671.344617,1.460000,88.590000,4,-1.012461
661485.470157,1509671.344617,1.460000,88.590000,4,-1.015955
661485.470157,1509671.344617,1.460000,88.590000,4,-1.018890
661485.470157,1509671.344617,1.460000,88.590000,4,-1.021356
661485.470157,1509671.344617,1.460000,88.590000,4,-1.023427
661485.516650,1509672.580268,1.460000,85.980000,4,-0.708807
661485.516650,1509672.580268,1.460000,85.980000,4,-0.444527
661485.516650,1509672.580268,1.460000,85.980000,4,-0.222531
661485.516650,1509672.580268,1.460000,85.980000,4,-0.036054
661485.516650,1509672.580268,1.460000,85.980000,4,0.120586
661485.516650,1509672.580268,1.460000,85.980000,4,0.252164
661485.516650,1509672.580268,1.460000,85.980000,4,0.362689
661485.516650,1509672.580268,1.460000,85.980000,4,0.455530
661485.516650,1509672.580268,1.460000,85.980000,4,0.533517
661485.516650,1509672.580268,1.460000,85.980000,4,0.599026
661485.516650,1509672.580268,1.460000,85.980000,4,0.654053
661485.516650,1509672.580268,1.460000,85.980000,4,0.700276
661485.516650,1509672.580268,1.460000,85.980000,4,0.739104
661485.516650,1509672.580268,1.460000,85.980000,4,0.771719
661485.516650,1509672.580268,1.460000,85.980000,4,0.799115
661485.516650,1509672.580268,1.460000,85.980000,4,0.822128
661485.516650,1509672.580268,1.460000,85.980000,4,0.841459
661485.516650,1509672.580268,1.460000,85.980000,4,0.857697
661485.516650,1509672.580268,1.460000,85.980000,4,0.871337
661485.516650,1509672.580268,1.460000,85.980000,4,0.882795
661485.563257,1509673.797481,1.470000,87.010000,4,0.787828
661485.563257,1509673.797481,1.470000,87.010000,4,0.708055
661485.563257,1509673.797481,1.470000,87.010000,4,0.641047
661485.563257,1509673.797481,1.470000,87.010000,4,0.584759
661485.563257,1509673.797481,1.470000,87.010000,4,0.537478
661485.563257,1509673.797481,1.470000,87.010000,4,0.497761
661485.563257,1509673.797481,1.470000,87.010000,4,0.464399
661485.563257,1509673.797481,1.470000,87.010000,4,0.436376
661485.563257,1509673.797481,1.470000,87.010000,4,0.412836
661485.563257,1509673.797481,1.470000,87.010000,4,0.393062
661485.563257,1509673.797481,1.470000,87.010000,4,0.376452
661485.563257,1509673.797481,1.470000,87.010000,4,0.362500
661485.563257,1509673.797481,1.470000,87.010000,4,0.350780
661485.563257,1509673.797481,1.470000,87.010000,4,0.340935
661485.563257,1509673.797481,1.470000,87.010000,4,0.332665
661485.563257,1509673.797481,1.470000,87.010000,4,0.325719
661485.563257,1509673.797481,1.470000,87.010000,4,0.319884
661485.563257,1509673.797481,1.470000,87.010000,4,0.314983
661485.563257,1509673.797481,1.470000,87.010000,4,0.310865
661485.563257,1509673.797481,1.470000,87.010000,4,0.307407
661485.627781,1509675.033243,1.440000,88.340000,4,0.240282
661485.627781,1509675.033243,1.440000,88.340000,4,0.183897
661485.627781,1509675.033243,1.440000,88.340000,4,0.136534
661485.627781,1509675.033243,1.440000,88.340000,4,0.096748
661485.627781,1509675.033243,1.440000,88.340000,4,0.063329
661485.627781,1509675.033243,1.440000,88.340000,4,0.035256
661485.627781,1509675.033243,1.440000,88.340000,4,0.011676
661485.627781,1509675.033243,1.440000,88.340000,4,-0.008132
661485.627781,1509675.033243,1.440000,88.340000,4,-0.024771
661485.627781,1509675.033243,1.440000,88.340000,4,-0.038747
661485.627781,1509675.033243,1.440000,88.340000,4,-0.050488
661485.627781,1509675.033243,1.440000,88.340000,4,-0.060350
661485.627781,1509675.033243,1.440000,88.340000,4,-0.068633
661485.627781,1509675.033243,1.440000,88.340000,4,-0.075592
661485.627781,1509675.033243,1.440000,88.340000,4,-0.081437
661485.627781,1509675.033243,1.440000,88.340000,4,-0.086347
661485.627781,1509675.033243,1.440000,88.340000,4,-0.090471
661485.627781,1509675.033243,1.440000,88.340000,4,-0.093936
661485.627781,1509675.033243,1.440000,88.340000,4,-0.096846
661485.627781,1509675.033243,1.440000,88.340000,4,-0.099290
661485.638326,1509676.250234,1.450000,89.180000,4,-0.203966
661485.638326,1509676.250234,1.450000,89.180000,4,-0.291894
661485.638326,1509676.250234,1.450000,89.180000,4,-0.365754
661485.638326,1509676.250234,1.450000,89.180000,4,-0.427796
661485.638326,1509676.250234,1.450000,89.180000,4,-0.479911
661485.638326,1509676.250234,1.450000,89.180000,4,-0.523688
661485.638326,1509676.250234,1.450000,89.180000,4,-0.560460
661485.638326,1509676.250234,1.450000,89.180000,4,-0.591349
661485.638326,1509676.250234,1.450000,89.180000,4,-0.617296
661485.638326,1509676.250234,1.450000,89.180000,4,-0.639091
661485.638326,1509676.250234,1.450000,89.180000,4,-0.657399
661485.638326,1509676.250234,1.450000,89.180000,4,-0.672778
661485.638326,1509676.250234,1.450000,89.180000,4,-0.685696
661485.638326,1509676.250234,1.450000,89.180000,4,-0.696547
661485.638326,1509676.250234,1.450000,89.180000,4,-0.705662
661485.638326,1509676.250234,1.450000,89.180000,4,-0.713319
661485.638326,1509676.250234,1.450000,89.180000,4,-0.719750
661485.638326,1509676.250234,1.450000,89.180000,4,-0.725153
661485.638326,1509676.250234,1.450000,89.180000,4,-0.729691
661485.638326,1509676.250234,1.450000,89.180000,4,-0.733503
661485.648871,1509677.467226,1.480000,88.550000,4,-0.676645
661485.648871,1509677.467226,1.480000,88.550000,4,-0.628884
661485.648871,1509677.467226,1.480000,88.550000,4,-0.588765
661485.648871,1509677.467226,1.480000,88.550000,4,-0.555065
661485.648871,1509677.467226,1.480000,88.550000,4,-0.526758
661485.648871,1509677.467226,1.480000,88.550000,4,-0.502979
661485.648871,1509677.467226,1.480000,88.550000,4,-0.483005
661485.648871,1509677.467226,1.480000,88.550000,4,-0.466227
661485.648871,1509677.467226,1.480000,88.550000,4,-0.452133
661485.648871,1509677.467226,1.480000,88.550000,4,-0.440294
661485.648871,1509677.467226,1.480000,88.550000,4,-0.430350
661485.648871,1509677.467226,1.480000,88.550000,4,-0.421996
661485.648871,1509677.467226,1.480000,88.550000,4,-0.414979
661485.648871,1509677.467226,1.480000,88.550000,4,-0.409085
661485.648871,1509677.467226,1.480000,88.550000,4,-0.404134
661485.648871,1509677.467226,1.480000,88.550000,4,-0.399975
661485.648871,1509677.467226,1.480000,88.550000,4,-0.396482
661485.648871,1509677.467226,1.480000,88.550000,4,-0.393547
661485.648871,1509677.467226,1.480000,88.550000,4,-0.391082
661485.648871,1509677.467226,1.480000,88.550000,4,-0.389012
661485.641272,1509678.702544,1.470000,89.280000,4,-0.515240
661485.641272,1509678.702544,1.470000,89.280000,4,-0.621272
661485.641272,1509678.702544,1.470000,89.280000,4,-0.710339
661485.641272,1509678.702544,1.470000,89.280000,4,-0.785155
661485.641272,1509678.702544,1.470000,89.280000,4,-0.848000
661485.641272,1509678.702544,1.470000,89.280000,4,-0.900790
661485.641272,1509678.702544,1.470000,89.280000,4,-0.945134
661485.641272,1509678.702544,1.470000,89.280000,4,-0.982383
661485.641272,1509678.702544,1.470000,89.280000,4,-1.013672
661485.641272,1509678.702544,1.470000,89.280000,4,-1.039955
661485.641272,1509678.702544,1.470000,89.280000,4,-1.062032
661485.641272,1509678.702544,1.470000,89.280000,4,-1.080577
661485.641272,1509678.702544,1.470000,89.280000,4,-1.096155
661485.641272,1509678.702544,1.470000,89.280000,4,-1.109241
661485.641272,1509678.702544,1.470000,89.280000,4,-1.120232
661485.641272,1509678.702544,1.470000,89.280000,4,-1.129465
661485.641272,1509678.702544,1.470000,89.280000,4,-1.137221
661485.641272,1509678.702544,1.470000,89.280000,4,-1.143736
661485.641272,1509678.702544,1.470000,89.280000,4,-1.149208
661485.641272,1509678.702544,1.470000,89.280000,4,-1.153805
661485.651704,1509679.937973,1.470000,87.980000,4,-0.949039
661485.651704,1509679.937973,1.470000,87.980000,4,-0.777035
661485.651704,1509679.937973,1.470000,87.980000,4,-0.632551
661485.651704,1509679.937973,1.470000,87.980000,4,-0.511185
661485.651704,1509679.937973,1.470000,87.980000,4,-0.409238
661485.651704,1509679.937973,1.470000,87.980000,4,-0.323602
661485.651704,1509679.937973,1.470000,87.980000,4,-0.251668
661485.651704,1509679.937973,1.470000,87.980000,4,-0.191243
661485.651704,1509679.937973,1.470000,87.980000,4,-0.140487
661485.651704,1509679.937973,1.470000,87.980000,4,-0.097851
661485.651704,1509679.937973,1.470000,87.980000,4,-0.062037
661485.651704,1509679.937973,1.470000,87.980000,4,-0.031953
661485.651704,1509679.937973,1.470000,87.980000,4,-0.006683
661485.651704,1509679.937973,1.470000,87.980000,4,0.014544
661485.651704,1509679.937973,1.470000,87.980000,4,0.032375
661485.651704,1509679.937973,1.470000,87.980000,4,0.047352
661485.651704,1509679.937973,1.470000,87.980000,4,0.059934
661485.651704,1509679.937973,1.470000,87.980000,4,0.070502
661485.651704,1509679.937973,1.470000,87.980000,4,0.079380
661485.651704,1509679.937973,1.470000,87.980000,4,0.086837
661485.662136,1509681.173402,1.470000,90.090000,4,-0.117172
661485.662136,1509681.173402,1.470000,90.090000,4,-0.288539
661485.662136,1509681.173402,1.470000,90.090000,4,-0.432488
661485.662136,1509681.173402,1.470000,90.090000,4,-0.553404
661485.662136,1509681.173402,1.470000,90.090000,4,-0.654974
661485.662136,1509681.173402,1.470000,90.090000,4,-0.740293
661485.662136,1509681.173402,1.470000,90.090000,4,-0.811961
661485.662136,1509681.173402,1.470000,90.090000,4,-0.872162
661485.662136,1509681.173402,1.470000,90.090000,4,-0.922731
661485.662136,1509681.173402,1.470000,90.090000,4,-0.965208
661485.662136,1509681.173402,1.470000,90.090000,4,-1.000890
661485.662136,1509681.173402,1.470000,90.090000,4,-1.030862
661485.662136,1509681.173402,1.470000,90.090000,4,-1.056039
661485.662136,1509681.173402,1.470000,90.090000,4,-1.077187
661485.662136,1509681.173402,1.470000,90.090000,4,-1.094952
661485.662136,1509681.173402,1.470000,90.090000,4,-1.109874
661485.662136,1509681.173402,1.470000,90.090000,4,-1.122409
661485.662136,1509681.173402,1.470000,90.090000,4,-1.132938
661485.662136,1509681.173402,1.470000,90.090000,4,-1.141783
661485.662136,1509681.173402,1.470000,90.090000,4,-1.149212
661485.636619,1509682.390171,1.470000,90.360000,4,-1.213341
661485.636619,1509682.390171,1.470000,90.360000,4,-1.267209
661485.636619,1509682.390171,1.470000,90.360000,4,-1.312459
661485.636619,1509682.390171,1.470000,90.360000,4,-1.350468
661485.636619,1509682.390171,1.470000,90.360000,4,-1.382396
661485.636619,1509682.390171,1.470000,90.360000,4,-1.409215
661485.636619,1509682.390171,1.470000,90.360000,4,-1.431744
661485.636619,1509682.390171,1.470000,90.360000,4,-1.450668
661485.636619,1509682.390171,1.470000,90.360000,4,-1.466564
661485.636619,1509682.390171,1.470000,90.360000,4,-1.479916
661485.636619,1509682.390171,1.470000,90.360000,4,-1.491132
661485.636619,1509682.390171,1.470000,90.360000,4,-1.500554
661485.636619,1509682.390171,1.470000,90.360000,4,-1.508468
661485.636619,1509682.390171,1.470000,90.360000,4,-1.515116
661485.636619,1509682.390171,1.470000,90.360000,4,-1.520700
661485.636619,1509682.390171,1.470000,90.360000,4,-1.525391
661485.636619,1509682.390171,1.470000,90.360000,4,-1.529331
661485.636619,1509682.390171,1.470000,90.360000,4,-1.532641
661485.636619,1509682.390171,1.470000,90.360000,4,-1.535421
661485.636619,1509682.390171,1.470000,90.360000,4,-1.537757
661485.610876,1509683.643816,1.450000,90.770000,4,-1.596163
661485.610876,1509683.643816,1.450000,90.770000,4,-1.645225
661485.610876,1509683.643816,1.450000,90.770000,4,-1.686437
661485.610876,1509683.643816,1.450000,90.770000,4,-1.721055
661485.610876,1509683.643816,1.450000,90.770000,4,-1.750134
661485.610876,1509683.643816,1.450000,90.770000,4,-1.774560
661485.610876,1509683.643816,1.450000,90.770000,4,-1.795078
661485.610876,1509683.643816,1.450000,90.770000,4,-1.812314
661485.610876,1509683.643816,1.450000,90.770000,4,-1.826791
661485.610876,1509683.643816,1.450000,90.770000,4,-1.838952
661485.610876,1509683.643816,1.450000,90.770000,4,-1.849168
661485.610876,1509683.643816,1.450000,90.770000,4,-1.857749
661485.610876,1509683.643816,1.450000,90.770000,4,-1.864957
661485.610876,1509683.643816,1.450000,90.770000,4,-1.871012
661485.610876,1509683.643816,1.450000,90.770000,4,-1.876097
661485.610876,1509683.643816,1.450000,90.770000,4,-1.880370
661485.610876,1509683.643816,1.450000,90.770000,4,-1.883958
661485.610876,1509683.643816,1.450000,90.770000,4,-1.886973
661485.610876,1509683.643816,1.450000,90.770000,4,-1.889505
661485.610876,1509683.643816,1.450000,90.770000,4,-1.891632
661485.603277,1509684.879134,1.450000,91.200000,4,-1.696347
661485.603277,1509684.879134,1.450000,91.200000,4,-1.532308
661485.603277,1509684.879134,1.450000,91.200000,4,-1.394515
661485.603277,1509684.879134,1.450000,91.200000,4,-1.278769
661485.603277,1509684.879134,1.450000,91.200000,4,-1.181542
661485.603277,1509684.879134,1.450000,91.200000,4,-1.099872
661485.603277,1509684.879134,1.450000,91.200000,4,-1.031269
661485.603277,1509684.879134,1.450000,91.200000,4,-0.973642
661485.603277,1509684.879134,1.450000,91.200000,4,-0.925236
661485.603277,1509684.879134,1.450000,91.200000,4,-0.884574
661485.603277,1509684.879134,1.450000,91.200000,4,-0.850419
661485.603277,1509684.879134,1.450000,91.200000,4,-0.821728
661485.603277,1509684.879134,1.450000,91.200000,4,-0.797628
661485.603277,1509684.879134,1.450000,91.200000,4,-0.777384
661485.603277,1509684.879134,1.450000,91.200000,4,-0.760379
661485.603277,1509684.879134,1.450000,91.200000,4,-0.746095
661485.603277,1509684.879134,1.450000,91.200000,4,-0.734096
661485.603277,1509684.879134,1.450000,91.200000,4,-0.724017
661485.603277,1509684.879134,1.450000,91.200000,4,-0.715551
661485.603277,1509684.879134,1.450000,91.200000,4,-0.708439
661485.577648,1509686.114341,1.470000,89.840000,4,-0.403050
661485.577648,1509686.114341,1.470000,89.840000,4,-0.146523
661485.577648,1509686.114341,1.470000,89.840000,4,0.068960
661485.577648,1509686.114341,1.470000,89.840000,4,0.249965
661485.577648,1509686.114341,1.470000,89.840000,4,0.402010
661485.577648,1509686.114341,1.470000,89.840000,4,0.529727
661485.577648,1509686.114341,1.470000,89.840000,4,0.637010
661485.577648,1509686.114341,1.470000,89.840000,4,0.727127
661485.577648,1509686.114341,1.470000,89.840000,4,0.802826
661485.577648,1509686.114341,1.470000,89.840000,4,0.866412
661485.577648,1509686.114341,1.470000,89.840000,4,0.919825
661485.577648,1509686.114341,1.470000,89.840000,4,0.964692
661485.577648,1509686.114341,1.470000,89.840000,4,1.002380
661485.577648,1509686.114341,1.470000,89.840000,4,1.034038
661485.577648,1509686.114341,1.470000,89.840000,4,1.060631
661485.577648,1509686.114341,1.470000,89.840000,4,1.082969
661485.577648,1509686.114341,1.470000,89.840000,4,1.101733
661485.577648,1509686.114341,1.470000,89.840000,4,1.117495
661485.577648,1509686.114341,1.470000,89.840000,4,1.130734
661485.577648,1509686.114341,1.470000,89.840000,4,1.141856
661485.569935,1509687.368097,1.500000,92.780000,4,1.137962
661485.569935,1509687.368097,1.500000,92.780000,4,1.134691
661485.569935,1509687.368097,1.500000,92.780000,4,1.131944
661485.569935,1509687.368097,1.500000,92.780000,4,1.129636
661485.569935,1509687.368097,1.500000,92.780000,4,1.127698
661485.569935,1509687.368097,1.500000,92.780000,4,1.126069
661485.569935,1509687.368097,1.500000,92.780000,4,1.124701
661485.569935,1509687.368097,1.500000,92.780000,4,1.123552
661485.569935,1509687.368097,1.500000,92.780000,4,1.122587
661485.569935,1509687.368097,1.500000,92.780000,4,1.121777
661485.569935,1509687.368097,1.500000,92.780000,4,1.121096
661485.569935,1509687.368097,1.500000,92.780000,4,1.120524
661485.569935,1509687.368097,1.500000,92.780000,4,1.120043
661485.569935,1509687.368097,1.500000,92.780000,4,1.119639
661485.569935,1509687.368097,1.500000,92.780000,4,1.119300
661485.569935,1509687.368097,1.500000,92.780000,4,1.119015
661485.569935,1509687.368097,1.500000,92.780000,4,1.118776
661485.569935,1509687.368097,1.500000,92.780000,4,1.118575
661485.569935,1509687.368097,1.500000,92.780000,4,1.118406
661485.569935,1509687.368097,1.500000,92.780000,4,1.118265
661485.544419,1509688.584866,1.490000,90.320000,4,1.890950
661485.544419,1509688.584866,1.490000,90.320000,4,2.540005
661485.544419,1509688.584866,1.490000,90.320000,4,3.085212
661485.544419,1509688.584866,1.490000,90.320000,4,3.543185
661485.544419,1509688.584866,1.490000,90.320000,4,3.927883
661485.544419,1509688.584866,1.490000,90.320000,4,4.251029
661485.544419,1509688.584866,1.490000,90.320000,4,4.522472
661485.544419,1509688.584866,1.490000,90.320000,4,4.750484
661485.544419,1509688.584866,1.490000,90.320000,4,4.942014
661485.544419,1509688.584866,1.490000,90.320000,4,5.102899
661485.544419,1509688.584866,1.490000,90.320000,4,5.238043
661485.544419,1509688.584866,1.490000,90.320000,4,5.351563
661485.544419,1509688.584866,1.490000,90.320000,4,5.446921
661485.544419,1509688.584866,1.490000,90.320000,4,5.527021
661485.544419,1509688.584866,1.490000,90.320000,4,5.594305
661485.544419,1509688.584866,1.490000,90.320000,4,5.650823
661485.544419,1509688.584866,1.490000,90.320000,4,5.698299
661485.544419,1509688.584866,1.490000,90.320000,4,5.738179
661485.544419,1509688.584866,1.490000,90.320000,4,5.771678
661485.544419,1509688.584866,1.490000,90.320000,4,5.799817
661485.500759,1509689.819962,1.480000,91.560000,4,6.400378
661485.500759,1509689.819962,1.480000,91.560000,4,6.904849
661485.500759,1509689.819962,1.480000,91.560000,4,7.328605
661485.500759,1509689.819962,1.480000,91.560000,4,7.684560
661485.500759,1509689.819962,1.480000,91.560000,4,7.983562
661485.500759,1509689.819962,1.480000,91.560000,4,8.234724
661485.500759,1509689.819962,1.480000,91.560000,4,8.445700
661485.500759,1509689.819962,1.480000,91.560000,4,8.622920
661485.500759,1509689.819962,1.480000,91.560000,4,8.771784
661485.500759,1509689.819962,1.480000,91.560000,4,8.896830
661485.500759,1509689.819962,1.480000,91.560000,4,9.001869
661485.500759,1509689.819962,1.480000,91.560000,4,9.090102
661485.500759,1509689.819962,1.480000,91.560000,4,9.164217
661485.500759,1509689.819962,1.480000,91.560000,4,9.226474
661485.500759,1509689.819962,1.480000,91.560000,4,9.278770
661485.500759,1509689.819962,1.480000,91.560000,4,9.322699
661485.500759,1509689.819962,1.480000,91.560000,4,9.359599
661485.500759,1509689.819962,1.480000,91.560000,4,9.390595
661485.500759,1509689.819962,1.480000,91.560000,4,9.416631
661485.500759,1509689.819962,1.480000,91.560000,4,9.438502
661485.457098,1509691.055059,1.470000,94.370000,4,9.962631
661485.457098,1509691.055059,1.470000,94.370000,4,10.402899
661485.457098,1509691.055059,1.470000,94.370000,4,10.772724
661485.457098,1509691.055059,1.470000,94.370000,4,11.083377
661485.457098,1509691.055059,1.470000,94.370000,4,11.344326
661485.457098,1509691.055059,1.470000,94.370000,4,11.563522
661485.457098,1509691.055059,1.470000,94.370000,4,11.747648
661485.457098,1509691.055059,1.470000,94.370000,4,11.902313
661485.457098,1509691.055059,1.470000,94.370000,4,12.032232
661485.457098,1509691.055059,1.470000,94.370000,4,12.141364
661485.457098,1509691.055059,1.470000,94.370000,4,12.233034
661485.457098,1509691.055059,1.470000,94.370000,4,12.310038
661485.457098,1509691.055059,1.470000,94.370000,4,12.374721
661485.457098,1509691.055059,1.470000,94.370000,4,12.429054
661485.457098,1509691.055059,1.470000,94.370000,4,12.474695
661485.457098,1509691.055059,1.470000,94.370000,4,12.513032
661485.457098,1509691.055059,1.470000,94.370000,4,12.545236
661485.457098,1509691.055059,1.470000,94.370000,4,12.572287
661485.457098,1509691.055059,1.470000,94.370000,4,12.595010
661485.457098,1509691.055059,1.470000,94.370000,4,12.614098
661485.395293,1509692.308482,1.490000,99.020000,4,13.111972
661485.395293,1509692.308482,1.490000,99.020000,4,13.530187
661485.395293,1509692.308482,1.490000,99.020000,4,13.881487
661485.395293,1509692.308482,1.490000,99.020000,4,14.176579
661485.395293,1509692.308482,1.490000,99.020000,4,14.424456
661485.395293,1509692.308482,1.490000,99.020000,4,14.632673
661485.395293,1509692.308482,1.490000,99.020000,4,14.807576
661485.395293,1509692.308482,1.490000,99.020000,4,14.954494
661485.395293,1509692.308482,1.490000,99.020000,4,15.077905
661485.395293,1509692.308482,1.490000,99.020000,4,15.181570
661485.395293,1509692.308482,1.490000,99.020000,4,15.268649
661485.395293,1509692.308482,1.490000,99.020000,4,15.341795
661485.395293,1509692.308482,1.490000,99.020000,4,15.403238
661485.395293,1509692.308482,1.490000,99.020000,4,15.454850
661485.395293,1509692.308482,1.490000,99.020000,4,15.498204
661485.395293,1509692.308482,1.490000,99.020000,4,15.534621
661485.395293,1509692.308482,1.490000,99.020000,4,15.565212
661485.395293,1509692.308482,1.490000,99.020000,4,15.590908
661485.395293,1509692.308482,1.490000,99.020000,4,15.612493
661485.395293,1509692.308482,1.490000,99.020000,4,15.630624
661485.243449,1509693.542912,1.490000,102.530000,4,16.253697
661485.243449,1509693.542912,1.490000,102.530000,4,16.777079
661485.243449,1509693.542912,1.490000,102.530000,4,17.216719
661485.243449,1509693.542912,1.490000,102.530000,4,17.586017
661485.243449,1509693.542912,1.490000,102.530000,4,17.896227
661485.243449,1509693.542912,1.490000,102.530000,4,18.156804
661485.243449,1509693.542912,1.490000,102.530000,4,18.375688
661485.243449,1509693.542912,1.490000,102.530000,4,18.559551
661485.243449,1509693.542912,1.490000,102.530000,4,18.713996
661485.243449,1509693.542912,1.490000,102.530000,4,18.843729
661485.243449,1509693.542912,1.490000,102.530000,4,18.952706
661485.243449,1509693.542912,1.490000,102.530000,4,19.044246
661485.243449,1509693.542912,1.490000,102.530000,4,19.121139
661485.243449,1509693.542912,1.490000,102.530000,4,19.185730
661485.243449,1509693.542912,1.490000,102.530000,4,19.239986
661485.243449,1509693.542912,1.490000,102.530000,4,19.285561
661485.243449,1509693.542912,1.490000,102.530000,4,19.323844
661485.243449,1509693.542912,1.490000,102.530000,4,19.356002
661485.243449,1509693.542912,1.490000,102.530000,4,19.383015
661485.243449,1509693.542912,1.490000,102.530000,4,19.405705
661485.001564,1509694.758351,1.500000,109.720000,4,19.687776
661485.001564,1509694.758351,1.500000,109.720000,4,19.924716
661485.001564,1509694.758351,1.500000,109.720000,4,20.123745
661485.001564,1509694.758351,1.500000,109.720000,4,20.290930
661485.001564,1509694.758351,1.500000,109.720000,4,20.431365
661485.001564,1509694.758351,1.500000,109.720000,4,20.549330
661485.001564,1509694.758351,1.500000,109.720000,4,20.648421
661485.001564,1509694.758351,1.500000,109.720000,4,20.731658
661485.001564,1509694.758351,1.500000,109.720000,4,20.801576
661485.001564,1509694.758351,1.500000,109.720000,4,20.860308
661485.001564,1509694.758351,1.500000,109.720000,4,20.909642
661485.001564,1509694.758351,1.500000,109.720000,4,20.951083
661485.001564,1509694.758351,1.500000,109.720000,4,20.985894
661485.001564,1509694.758351,1.500000,109.720000,4,21.015135
661485.001564,1509694.758351,1.500000,109.720000,4,21.039697
661485.001564,1509694.758351,1.500000,109.720000,4,21.060329
661485.001564,1509694.758351,1.500000,109.720000,4,21.077660
661485.001564,1509694.758351,1.500000,109.720000,4,21.092218
661485.001564,1509694.758351,1.500000,109.720000,4,21.104447
661485.001564,1509694.758351,1.500000,109.720000,4,21.114719
661484.633691,1509695.936138,1.490000,118.810000,4,21.167703
661484.633691,1509695.936138,1.490000,118.810000,4,21.212209
661484.633691,1509695.936138,1.490000,118.810000,4,21.249595
661484.633691,1509695.936138,1.490000,118.810000,4,21.280998
661484.633691,1509695.936138,1.490000,118.810000,4,21.307377
661484.633691,1509695.936138,1.490000,118.810000,4,21.329536
661484.633691,1509695.936138,1.490000,118.810000,4,21.348149
661484.633691,1509695.936138,1.490000,118.810000,4,21.363784
661484.633691,1509695.936138,1.490000,118.810000,4,21.376917
661484.633691,1509695.936138,1.490000,118.810000,4,21.387949
661484.633691,1509695.936138,1.490000,118.810000,4,21.397216
661484.633691,1509695.936138,1.490000,118.810000,4,21.405000
661484.633691,1509695.936138,1.490000,118.810000,4,21.411539
661484.633691,1509695.936138,1.490000,118.810000,4,21.417032
661484.633691,1509695.936138,1.490000,118.810000,4,21.421645
661484.633691,1509695.936138,1.490000,118.810000,4,21.425521
661484.633691,1509695.936138,1.490000,118.810000,4,21.428776
661484.633691,1509695.936138,1.490000,118.810000,4,21.431511
661484.633691,1509695.936138,1.490000,118.810000,4,21.433808
661484.633691,1509695.936138,1.490000,118.810000,4,21.435738
661484.157747,1509697.094822,1.480000,123.650000,4,21.755045
661484.157747,1509697.094822,1.480000,123.650000,4,22.023263
661484.157747,1509697.094822,1.480000,123.650000,4,22.248566
661484.157747,1509697.094822,1.480000,123.650000,4,22.437821
661484.157747,1509697.094822,1.480000,123.650000,4,22.596794
661484.157747,1509697.094822,1.480000,123.650000,4,22.730333
661484.157747,1509697.094822,1.480000,123.650000,4,22.842505
661484.157747,1509697.094822,1.480000,123.650000,4,22.936729
661484.157747,1509697.094822,1.480000,123.650000,4,23.015878
661484.157747,1509697.094822,1.480000,123.650000,4,23.082362
661484.157747,1509697.094822,1.480000,123.650000,4,23.138210
661484.157747,1509697.094822,1.480000,123.650000,4,23.185121
661484.157747,1509697.094822,1.480000,123.650000,4,23.224527
661484.157747,1509697.094822,1.480000,123.650000,4,23.257628
661484.157747,1509697.094822,1.480000,123.650000,4,23.285433
661484.157747,1509697.094822,1.480000,123.650000,4,23.308789
661484.157747,1509697.094822,1.480000,123.650000,4,23.328408
661484.157747,1509697.094822,1.480000,123.650000,4,23.344888
661484.157747,1509697.094822,1.480000,123.650000,4,23.358731
661484.157747,1509697.094822,1.480000,123.650000,4,23.370359
661484.157747,1509697.094822,1.480000,123.650000,4,23.380127
661484.157747,1509697.094822,1.480000,123.650000,4,23.388332
661484.157747,1509697.094822,1.480000,123.650000,4,23.395224
661484.157747,1509697.094822,1.480000,123.650000,4,23.401013
661484.157747,1509697.094822,1.480000,123.650000,4,23.405876
661484.157747,1509697.094822,1.480000,123.650000,4,23.409961
661484.157747,1509697.094822,1.480000,123.650000,4,23.413393
661484.157747,1509697.094822,1.480000,123.650000,4,23.416275
661484.157747,1509697.094822,1.480000,123.650000,4,23.418696
661484.157747,1509697.094822,1.480000,123.650000,4,23.420730
661484.157747,1509697.094822,1.480000,123.650000,4,23.422438
661484.157747,1509697.094822,1.480000,123.650000,4,23.423873
661484.157747,1509697.094822,1.480000,123.650000,4,23.425079
661484.157747,1509697.094822,1.480000,123.650000,4,23.426092
661484.157747,1509697.094822,1.480000,123.650000,4,23.426942
661484.157747,1509697.094822,1.480000,123.650000,4,23.427657
661484.157747,1509697.094822,1.480000,123.650000,4,23.428257
661484.157747,1509697.094822,1.480000,123.650000,4,23.428761
661484.157747,1509697.094822,1.480000,123.650000,4,23.429184
661484.157747,1509697.094822,1.480000,123.650000,4,23.429540
661484.157747,1509697.094822,0.000000,-94.010000,5,-0.474803
661484.157747,1509697.094822,0.000000,-94.010000,5,-0.873638
661484.157747,1509697.094822,0.000000,-94.010000,5,-1.208660
661484.157747,1509697.094822,0.000000,-94.010000,5,-1.490078
661484.157747,1509697.094822,0.000000,-94.010000,5,-1.726469
661484.157747,1509697.094822,0.000000,-94.010000,5,-1.925037
661484.157747,1509697.094822,0.000000,-94.010000,5,-2.091835
661484.157747,1509697.094822,0.000000,-94.010000,5,-2.231945
661484.157747,1509697.094822,0.000000,-94.010000,5,-2.349637
661484.157747,1509697.094822,0.000000,-94.010000,5,-2.448499
661484.157747,1509697.094822,0.000000,-94.010000,5,-2.531542
661484.157747,1509697.094822,0.000000,-94.010000,5,-2.601299
661484.157747,1509697.094822,0.000000,-94.010000,5,-2.659895
661484.157747,1509697.094822,0.000000,-94.010000,5,-2.709115
661484.157747,1509697.094822,0.000000,-94.010000,5,-2.750460
661484.157747,1509697.094822,0.000000,-94.010000,5,-2.785190
661484.157747,1509697.094822,0.000000,-94.010000,5,-2.814363
661484.157747,1509697.094822,0.000000,-94.010000,5,-2.838868
661484.157747,1509697.094822,0.000000,-94.010000,5,-2.859453
661484.157747,1509697.094822,0.000000,-94.010000,5,-2.876744
661484.157747,1509697.094822,0.000000,-90.410000,5,-2.821476
661484.157747,1509697.094822,0.000000,-90.410000,5,-2.775051
661484.157747,1509697.094822,0.000000,-90.410000,5,-2.736053
661484.157747,1509697.094822,0.000000,-90.410000,5,-2.703296
661484.157747,1509697.094822,0.000000,-90.410000,5,-2.675779
661484.157747,1509697.094822,0.000000,-90.410000,5,-2.652665
661484.157747,1509697.094822,0.000000,-90.410000,5,-2.633250
661484.157747,1509697.094822,0.000000,-90.410000,5,-2.616941
661484.157747,1509697.094822,0.000000,-90.410000,5,-2.603241
661484.157747,1509697.094822,0.000000,-90.410000,5,-2.591733
661484.157747,1509697.094822,0.000000,-90.410000,5,-2.582067
661484.157747,1509697.094822,0.000000,-90.410000,5,-2.573947
661484.157747,1509697.094822,0.000000,-90.410000,5,-2.567126
661484.157747,1509697.094822,0.000000,-90.410000,5,-2.561397
661484.157747,1509697.094822,0.000000,-90.410000,5,-2.556584
661484.157747,1509697.094822,0.000000,-90.410000,5,-2.552542
661484.157747,1509697.094822,0.000000,-90.410000,5,-2.549146
661484.157747,1509697.094822,0.000000,-90.410000,5,-2.546294
661484.157747,1509697.094822,0.000000,-90.410000,5,-2.543897
661484.157747,1509697.094822,0.000000,-90.410000,5,-2.541885
661484.157747,1509697.094822,0.000000,-91.730000,5,-2.540061
661484.157747,1509697.094822,0.000000,-91.730000,5,-2.538529
661484.157747,1509697.094822,0.000000,-91.730000,5,-2.537243
661484.157747,1509697.094822,0.000000,-91.730000,5,-2.536162
661484.157747,1509697.094822,0.000000,-91.730000,5,-2.535254
661484.157747,1509697.094822,0.000000,-91.730000,5,-2.534491
661484.157747,1509697.094822,0.000000,-91.730000,5,-2.533851
661484.157747,1509697.094822,0.000000,-91.730000,5,-2.533313
661484.157747,1509697.094822,0.000000,-91.730000,5,-2.532861
661484.157747,1509697.094822,0.000000,-91.730000,5,-2.532481
661484.157747,1509697.094822,0.000000,-91.730000,5,-2.532162
661484.157747,1509697.094822,0.000000,-91.730000,5,-2.531894
661484.157747,1509697.094822,0.000000,-91.730000,5,-2.531669
661484.157747,1509697.094822,0.000000,-91.730000,5,-2.531480
661484.157747,1509697.094822,0.000000,-91.730000,5,-2.531321
661484.157747,1509697.094822,0.000000,-91.730000,5,-2.531188
661484.157747,1509697.094822,0.000000,-91.730000,5,-2.531076
661484.157747,1509697.094822,0.000000,-91.730000,5,-2.530982
661484.157747,1509697.094822,0.000000,-91.730000,5,-2.530903
661484.157747,1509697.094822,0.000000,-91.730000,5,-2.530836
661484.157747,1509697.094822,0.000000,-91.520000,5,-2.530816
661484.157747,1509697.094822,0.000000,-91.520000,5,-2.530799
661484.157747,1509697.094822,0.000000,-91.520000,5,-2.530785
661484.157747,1509697.094822,0.000000,-91.520000,5,-2.530773
661484.157747,1509697.094822,0.000000,-91.520000,5,-2.530762
661484.157747,1509697.094822,0.000000,-91.520000,5,-2.530754
661484.157747,1509697.094822,0.000000,-91.520000,5,-2.530747
661484.157747,1509697.094822,0.000000,-91.520000,5,-2.530741
661484.157747,1509697.094822,0.000000,-91.520000,5,-2.530736
661484.157747,1509697.094822,0.000000,-91.520000,5,-2.530732
661484.157747,1509697.094822,0.000000,-91.520000,5,-2.530728
661484.157747,1509697.094822,0.000000,-91.520000,5,-2.530725
661484.157747,1509697.094822,0.000000,-91.520000,5,-2.530723
661484.157747,1509697.094822,0.000000,-91.520000,5,-2.530720
661484.157747,1509697.094822,0.000000,-91.520000,5,-2.530719
661484.157747,1509697.094822,0.000000,-91.520000,5,-2.530717
661484.157747,1509697.094822,0.000000,-91.520000,5,-2.530716
661484.157747,1509697.094822,0.000000,-91.520000,5,-2.530715
661484.157747,1509697.094822,0.000000,-91.520000,5,-2.530714
661484.157747,1509697.094822,0.000000,-91.520000,5,-2.530713
661484.157747,1509697.094822,0.000000,-92.920000,5,-2.530373
661484.157747,1509697.094822,0.000000,-92.920000,5,-2.530088
661484.157747,1509697.094822,0.000000,-92.920000,5,-2.529848
661484.157747,1509697.094822,0.000000,-92.920000,5,-2.529647
661484.157747,1509697.094822,0.000000,-92.920000,5,-2.529477
661484.157747,1509697.094822,0.000000,-92.920000,5,-2.529335
661484.157747,1509697.094822,0.000000,-92.920000,5,-2.529216
661484.157747,1509697.094822,0.000000,-92.920000,5,-2.529116
661484.157747,1509697.094822,0.000000,-92.920000,5,-2.529031
661484.157747,1509697.094822,0.000000,-92.920000,5,-2.528961
661484.157747,1509697.094822,0.000000,-92.920000,5,-2.528901
661484.157747,1509697.094822,0.000000,-92.920000,5,-2.528851
661484.157747,1509697.094822,0.000000,-92.920000,5,-2.528809
661484.157747,1509697.094822,0.000000,-92.920000,5,-2.528774
661484.157747,1509697.094822,0.000000,-92.920000,5,-2.528745
661484.157747,1509697.094822,0.000000,-92.920000,5,-2.528720
661484.157747,1509697.094822,0.000000,-92.920000,5,-2.528699
661484.157747,1509697.094822,0.000000,-92.920000,5,-2.528681
661484.157747,1509697.094822,0.000000,-92.920000,5,-2.528667
661484.157747,1509697.094822,0.000000,-92.920000,5,-2.528654
661484.157747,1509697.094822,0.000000,-91.990000,5,-2.528896
661484.157747,1509697.094822,0.000000,-91.990000,5,-2.529099
661484.157747,1509697.094822,0.000000,-91.990000,5,-2.529270
661484.157747,1509697.094822,0.000000,-91.990000,5,-2.529413
661484.157747,1509697.094822,0.000000,-91.990000,5,-2.529534
661484.157747,1509697.094822,0.000000,-91.990000,5,-2.529635
661484.157747,1509697.094822,0.000000,-91.990000,5,-2.529720
661484.157747,1509697.094822,0.000000,-91.990000,5,-2.529791
661484.157747,1509697.094822,0.000000,-91.990000,5,-2.529851
661484.157747,1509697.094822,0.000000,-91.990000,5,-2.529901
661484.157747,1509697.094822,0.000000,-91.990000,5,-2.529944
661484.157747,1509697.094822,0.000000,-91.990000,5,-2.529979
661484.157747,1509697.094822,0.000000,-91.990000,5,-2.530009
661484.157747,1509697.094822,0.000000,-91.990000,5,-2.530034
661484.157747,1509697.094822,0.000000,-91.990000,5,-2.530055
661484.157747,1509697.094822,0.000000,-91.990000,5,-2.530073
661484.157747,1509697.094822,0.000000,-91.990000,5,-2.530088
661484.157747,1509697.094822,0.000000,-91.990000,5,-2.530100
661484.157747,1509697.094822,0.000000,-91.990000,5,-2.530111
661484.157747,1509697.094822,0.000000,-91.990000,5,-2.530120
661484.157747,1509697.094822,0.000000,-90.470000,5,-2.530310
661484.157747,1509697.094822,0.000000,-90.470000,5,-2.530470
661484.157747,1509697.094822,0.000000,-90.470000,5,-2.530604
661484.157747,1509697.094822,0.000000,-90.470000,5,-2.530717
661484.157747,1509697.094822,0.000000,-90.470000,5,-2.530812
661484.157747,1509697.094822,0.000000,-90.470000,5,-2.530891
661484.157747,1509697.094822,0.000000,-90.470000,5,-2.530958
661484.157747,1509697.094822,0.000000,-90.470000,5,-2.531014
661484.157747,1509697.094822,0.000000,-90.470000,5,-2.531062
661484.157747,1509697.094822,0.000000,-90.470000,5,-2.531101
661484.157747,1509697.094822,0.000000,-90.470000,5,-2.531135
661484.157747,1509697.094822,0.000000,-90.470000,5,-2.531163
661484.157747,1509697.094822,0.000000,-90.470000,5,-2.531186
661484.157747,1509697.094822,0.000000,-90.470000,5,-2.531206
661484.157747,1509697.094822,0.000000,-90.470000,5,-2.531222
661484.157747,1509697.094822,0.000000,-90.470000,5,-2.531236
661484.157747,1509697.094822,0.000000,-90.470000,5,-2.531248
661484.157747,1509697.094822,0.000000,-90.470000,5,-2.531258
661484.157747,1509697.094822,0.000000,-90.470000,5,-2.531266
661484.157747,1509697.094822,0.000000,-90.470000,5,-2.531273
661484.157747,1509697.094822,0.000000,-91.200000,5,-2.531226
661484.157747,1509697.094822,0.000000,-91.200000,5,-2.531187
661484.157747,1509697.094822,0.000000,-91.200000,5,-2.531155
661484.157747,1509697.094822,0.000000,-91.200000,5,-2.531127
661484.157747,1509697.094822,0.000000,-91.200000,5,-2.531104
661484.157747,1509697.094822,0.000000,-91.200000,5,-2.531084
661484.157747,1509697.094822,0.000000,-91.200000,5,-2.531068
661484.157747,1509697.094822,0.000000,-91.200000,5,-2.531054
661484.157747,1509697.094822,0.000000,-91.200000,5,-2.531043
661484.157747,1509697.094822,0.000000,-91.200000,5,-2.531033
661484.157747,1509697.094822,0.000000,-91.200000,5,-2.531025
661484.157747,1509697.094822,0.000000,-91.200000,5,-2.531018
661484.157747,1509697.094822,0.000000,-91.200000,5,-2.531012
661484.157747,1509697.094822,0.000000,-91.200000,5,-2.531007
661484.157747,1509697.094822,0.000000,-91.200000,5,-2.531003
661484.157747,1509697.094822,0.000000,-91.200000,5,-2.531000
661484.157747,1509697.094822,0.000000,-91.200000,5,-2.530997
661484.157747,1509697.094822,0.000000,-91.200000,5,-2.530995
661484.157747,1509697.094822,0.000000,-91.200000,5,-2.530993
661484.157747,1509697.094822,0.000000,-91.200000,5,-2.530991
661484.157747,1509697.094822,0.000000,-90.980000,5,-2.531012
661484.157747,1509697.094822,0.000000,-90.980000,5,-2.531030
661484.157747,1509697.094822,0.000000,-90.980000,5,-2.531045
661484.157747,1509697.094822,0.000000,-90.980000,5,-2.531058
661484.157747,1509697.094822,0.000000,-90.980000,5,-2.531068
661484.157747,1509697.094822,0.000000,-90.980000,5,-2.531077
661484.157747,1509697.094822,0.000000,-90.980000,5,-2.531085
661484.157747,1509697.094822,0.000000,-90.980000,5,-2.531091
661484.157747,1509697.094822,0.000000,-90.980000,5,-2.531096
661484.157747,1509697.094822,0.000000,-90.980000,5,-2.531101
661484.157747,1509697.094822,0.000000,-90.980000,5,-2.531104
661484.157747,1509697.094822,0.000000,-90.980000,5,-2.531108
661484.157747,1509697.094822,0.000000,-90.980000,5,-2.531110
661484.157747,1509697.094822,0.000000,-90.980000,5,-2.531112
661484.157747,1509697.094822,0.000000,-90.980000,5,-2.531114
661484.157747,1509697.094822,0.000000,-90.980000,5,-2.531116
661484.157747,1509697.094822,0.000000,-90.980000,5,-2.531117
661484.157747,1509697.094822,0.000000,-90.980000,5,-2.531118
661484.157747,1509697.094822,0.000000,-90.980000,5,-2.531119
661484.157747,1509697.094822,0.000000,-90.980000,5,-2.531120
661484.157747,1509697.094822,0.000000,-92.050000,5,-2.530954
661484.157747,1509697.094822,0.000000,-92.050000,5,-2.530815
661484.157747,1509697.094822,0.000000,-92.050000,5,-2.530698
661484.157747,1509697.094822,0.000000,-92.050000,5,-2.530600
661484.157747,1509697.094822,0.000000,-92.050000,5,-2.530517
661484.157747,1509697.094822,0.000000,-92.050000,5,-2.530448
661484.157747,1509697.094822,0.000000,-92.050000,5,-2.530390
661484.157747,1509697.094822,0.000000,-92.050000,5,-2.530341
661484.157747,1509697.094822,0.000000,-92.050000,5,-2.530300
661484.157747,1509697.094822,0.000000,-92.050000,5,-2.530265
661484.157747,1509697.094822,0.000000,-92.050000,5,-2.530236
661484.157747,1509697.094822,0.000000,-92.050000,5,-2.530212
661484.157747,1509697.094822,0.000000,-92.050000,5,-2.530192
661484.157747,1509697.094822,0.000000,-92.050000,5,-2.530174
661484.157747,1509697.094822,0.000000,-92.050000,5,-2.530160
661484.157747,1509697.094822,0.000000,-92.050000,5,-2.530148
661484.157747,1509697.094822,0.000000,-92.050000,5,-2.530138
661484.157747,1509697.094822,0.000000,-92.050000,5,-2.530129
661484.157747,1509697.094822,0.000000,-92.050000,5,-2.530122
661484.157747,1509697.094822,0.000000,-92.050000,5,-2.530116
661486.945063,1509654.353596,0.000000,-92.790000,4,-2.108142
661486.945063,1509654.353596,0.000000,-92.790000,4,-1.753685
661486.945063,1509654.353596,0.000000,-92.790000,4,-1.455940
661486.945063,1509654.353596,0.000000,-92.790000,4,-1.205835
661486.945063,1509654.353596,0.000000,-92.790000,4,-0.995747
661486.945063,1509654.353596,0.000000,-92.790000,4,-0.819272
661486.945063,1509654.353596,0.000000,-92.790000,4,-0.671034
661486.945063,1509654.353596,0.000000,-92.790000,4,-0.546514
661486.945063,1509654.353596,0.000000,-92.790000,4,-0.441917
661486.945063,1509654.353596,0.000000,-92.790000,4,-0.354055
661486.945063,1509654.353596,0.000000,-92.790000,4,-0.280251
661486.945063,1509654.353596,0.000000,-92.790000,4,-0.218256
661486.945063,1509654.353596,0.000000,-92.790000,4,-0.166180
661486.945063,1509654.353596,0.000000,-92.790000,4,-0.122437
661486.945063,1509654.353596,0.000000,-92.790000,4,-0.085692
661486.945063,1509654.353596,0.000000,-92.790000,4,-0.054826
661486.945063,1509654.353596,0.000000,-92.790000,4,-0.028899
661486.945063,1509654.353596,0.000000,-92.790000,4,-0.007121
661486.945063,1509654.353596,0.000000,-92.790000,4,0.011174
661486.945063,1509654.353596,0.000000,-92.790000,4,0.026541
661486.935652,1509652.952229,0.000000,-91.590000,4,0.027196
661486.935652,1509652.952229,0.000000,-91.590000,4,0.027747
661486.935652,1509652.952229,0.000000,-91.590000,4,0.028209
661486.935652,1509652.952229,0.000000,-91.590000,4,0.028598
661486.935652,1509652.952229,0.000000,-91.590000,4,0.028924
661486.935652,1509652.952229,0.000000,-91.590000,4,0.029198
661486.935652,1509652.952229,0.000000,-91.590000,4,0.029429
661486.935652,1509652.952229,0.000000,-91.590000,4,0.029622
661486.935652,1509652.952229,0.000000,-91.590000,4,0.029785
661486.935652,1509652.952229,0.000000,-91.590000,4,0.029921
661486.935652,1509652.952229,0.000000,-91.590000,4,0.030036
661486.935652,1509652.952229,0.000000,-91.590000,4,0.030132
661486.935652,1509652.952229,0.000000,-91.590000,4,0.030213
661486.935652,1509652.952229,0.000000,-91.590000,4,0.030281
661486.935652,1509652.952229,0.000000,-91.590000,4,0.030338
661486.935652,1509652.952229,0.000000,-91.590000,4,0.030386
661486.935652,1509652.952229,0.000000,-91.590000,4,0.030426
661486.935652,1509652.952229,0.000000,-91.590000,4,0.030460
661486.935652,1509652.952229,0.000000,-91.590000,4,0.030489
661486.935652,1509652.952229,0.000000,-91.590000,4,0.030512
661486.889499,1509651.661265,0.000000,-93.200000,4,0.048144
661486.889499,1509651.661265,0.000000,-93.200000,4,0.062954
661486.889499,1509651.661265,0.000000,-93.200000,4,0.075395
661486.889499,1509651.661265,0.000000,-93.200000,4,0.085845
661486.889499,1509651.661265,0.000000,-93.200000,4,0.094623
661486.889499,1509651.661265,0.000000,-93.200000,4,0.101997
661486.889499,1509651.661265,0.000000,-93.200000,4,0.108190
661486.889499,1509651.661265,0.000000,-93.200000,4,0.113393
661486.889499,1509651.661265,0.000000,-93.200000,4,0.117764
661486.889499,1509651.661265,0.000000,-93.200000,4,0.121435
661486.889499,1509651.661265,0.000000,-93.200000,4,0.124519
661486.889499,1509651.661265,0.000000,-93.200000,4,0.127109
661486.889499,1509651.661265,0.000000,-93.200000,4,0.129285
661486.889499,1509651.661265,0.000000,-93.200000,4,0.131112
661486.889499,1509651.661265,0.000000,-93.200000,4,0.132648
661486.889499,1509651.661265,0.000000,-93.200000,4,0.133937
661486.889499,1509651.661265,0.000000,-93.200000,4,0.135021
661486.889499,1509651.661265,0.000000,-93.200000,4,0.135931
661486.889499,1509651.661265,0.000000,-93.200000,4,0.136695
661486.889499,1509651.661265,0.000000,-93.200000,4,0.137337
661486.826336,1509650.204252,0.000000,-94.200000,4,0.150027
661486.826336,1509650.204252,0.000000,-94.200000,4,0.160686
661486.826336,1509650.204252,0.000000,-94.200000,4,0.169640
661486.826336,1509650.204252,0.000000,-94.200000,4,0.177161
661486.826336,1509650.204252,0.000000,-94.200000,4,0.183478
661486.826336,1509650.204252,0.000000,-94.200000,4,0.188785
661486.826336,1509650.204252,0.000000,-94.200000,4,0.193243
661486.826336,1509650.204252,0.000000,-94.200000,4,0.196988
661486.826336,1509650.204252,0.000000,-94.200000,4,0.200133
661486.826336,1509650.204252,0.000000,-94.200000,4,0.202775
661486.826336,1509650.204252,0.000000,-94.200000,4,0.204995
661486.826336,1509650.204252,0.000000,-94.200000,4,0.206859
661486.826336,1509650.204252,0.000000,-94.200000,4,0.208425
661486.826336,1509650.204252,0.000000,-94.200000,4,0.209740
661486.826336,1509650.204252,0.000000,-94.200000,4,0.210845
661486.826336,1509650.204252,0.000000,-94.200000,4,0.211774
661486.826336,1509650.204252,0.000000,-94.200000,4,0.212553
661486.826336,1509650.204252,0.000000,-94.200000,4,0.213208
661486.826336,1509650.204252,0.000000,-94.200000,4,0.213758
661486.826336,1509650.204252,0.000000,-94.200000,4,0.214220
661486.779956,1509648.950164,0.000000,-94.080000,4,0.214493
661486.779956,1509648.950164,0.000000,-94.080000,4,0.214722
661486.779956,1509648.950164,0.000000,-94.080000,4,0.214914
661486.779956,1509648.950164,0.000000,-94.080000,4,0.215076
661486.779956,1509648.950164,0.000000,-94.080000,4,0.215212
661486.779956,1509648.950164,0.000000,-94.080000,4,0.215326
661486.779956,1509648.950164,0.000000,-94.080000,4,0.215421
661486.779956,1509648.950164,0.000000,-94.080000,4,0.215502
661486.779956,1509648.950164,0.000000,-94.080000,4,0.215569
661486.779956,1509648.950164,0.000000,-94.080000,4,0.215626
661486.779956,1509648.950164,0.000000,-94.080000,4,0.215674
661486.779956,1509648.950164,0.000000,-94.080000,4,0.215714
661486.779956,1509648.950164,0.000000,-94.080000,4,0.215748
661486.779956,1509648.950164,0.000000,-94.080000,4,0.215776
661486.779956,1509648.950164,0.000000,-94.080000,4,0.215800
661486.779956,1509648.950164,0.000000,-94.080000,4,0.215819
661486.779956,1509648.950164,0.000000,-94.080000,4,0.215836
661486.779956,1509648.950164,0.000000,-94.080000,4,0.215850
661486.779956,1509648.950164,0.000000,-94.080000,4,0.215862
661486.779956,1509648.950164,0.000000,-94.080000,4,0.215872
661486.697174,1509647.751167,0.000000,-93.390000,4,0.209663
661486.697174,1509647.751167,0.000000,-93.390000,4,0.204447
661486.697174,1509647.751167,0.000000,-93.390000,4,0.200066
661486.697174,1509647.751167,0.000000,-93.390000,4,0.196385
661486.697174,1509647.751167,0.000000,-93.390000,4,0.193294
661486.697174,1509647.751167,0.000000,-93.390000,4,0.190697
661486.697174,1509647.751167,0.000000,-93.390000,4,0.188516
661486.697174,1509647.751167,0.000000,-93.390000,4,0.186684
661486.697174,1509647.751167,0.000000,-93.390000,4,0.185144
661486.697174,1509647.751167,0.000000,-93.390000,4,0.183852
661486.697174,1509647.751167,0.000000,-93.390000,4,0.182766
661486.697174,1509647.751167,0.000000,-93.390000,4,0.181853
661486.697174,1509647.751167,0.000000,-93.390000,4,0.181087
661486.697174,1509647.751167,0.000000,-93.390000,4,0.180443
661486.697174,1509647.751167,0.000000,-93.390000,4,0.179903
661486.697174,1509647.751167,0.000000,-93.390000,4,0.179448
661486.697174,1509647.751167,0.000000,-93.390000,4,0.179067
661486.697174,1509647.751167,0.000000,-93.390000,4,0.178746
661486.697174,1509647.751167,0.000000,-93.390000,4,0.178477
661486.697174,1509647.751167,0.000000,-93.390000,4,0.178251
661486.652041,1509646.294265,0.000000,-92.450000,4,0.168044
661486.652041,1509646.294265,0.000000,-92.450000,4,0.159470
661486.652041,1509646.294265,0.000000,-92.450000,4,0.152268
661486.652041,1509646.294265,0.000000,-92.450000,4,0.146218
661486.652041,1509646.294265,0.000000,-92.450000,4,0.141136
661486.652041,1509646.294265,0.000000,-92.450000,4,0.136868
661486.652041,1509646.294265,0.000000,-92.450000,4,0.133282
661486.652041,1509646.294265,0.000000,-92.450000,4,0.130270
661486.652041,1509646.294265,0.000000,-92.450000,4,0.127740
661486.652041,1509646.294265,0.000000,-92.450000,4,0.125615
661486.652041,1509646.294265,0.000000,-92.450000,4,0.123829
661486.652041,1509646.294265,0.000000,-92.450000,4,0.122330
661486.652041,1509646.294265,0.000000,-92.450000,4,0.121070
661486.652041,1509646.294265,0.000000,-92.450000,4,0.120012
661486.652041,1509646.294265,0.000000,-92.450000,4,0.119123
661486.652041,1509646.294265,0.000000,-92.450000,4,0.118377
661486.652041,1509646.294265,0.000000,-92.450000,4,0.117750
661486.652041,1509646.294265,0.000000,-92.450000,4,0.117223
661486.652041,1509646.294265,0.000000,-92.450000,4,0.116780
661486.652041,1509646.294265,0.000000,-92.450000,4,0.116409
661486.587404,1509645.076941,0.000000,-93.960000,4,0.135948
661486.587404,1509645.076941,0.000000,-93.960000,4,0.152361
661486.587404,1509645.076941,0.000000,-93.960000,4,0.166148
661486.587404,1509645.076941,0.000000,-93.960000,4,0.177729
661486.587404,1509645.076941,0.000000,-93.960000,4,0.187457
661486.587404,1509645.076941,0.000000,-93.960000,4,0.195628
661486.587404,1509645.076941,0.000000,-93.960000,4,0.202493
661486.587404,1509645.076941,0.000000,-93.960000,4,0.208258
661486.587404,1509645.076941,0.000000,-93.960000,4,0.213102
661486.587404,1509645.076941,0.000000,-93.960000,4,0.217170
661486.587404,1509645.076941,0.000000,-93.960000,4,0.220588
661486.587404,1509645.076941,0.000000,-93.960000,4,0.223458
661486.587404,1509645.076941,0.000000,-93.960000,4,0.225870
661486.587404,1509645.076941,0.000000,-93.960000,4,0.227895
661486.587404,1509645.076941,0.000000,-93.960000,4,0.229596
661486.587404,1509645.076941,0.000000,-93.960000,4,0.231026
661486.587404,1509645.076941,0.000000,-93.960000,4,0.232226
661486.587404,1509645.076941,0.000000,-93.960000,4,0.233235
661486.587404,1509645.076941,0.000000,-93.960000,4,0.234082
661486.587404,1509645.076941,0.000000,-93.960000,4,0.234793
661486.469354,1509643.748658,0.000000,-90.190000,4,0.190361
661486.469354,1509643.748658,0.000000,-90.190000,4,0.153038
661486.469354,1509643.748658,0.000000,-90.190000,4,0.121686
661486.469354,1509643.748658,0.000000,-90.190000,4,0.095351
661486.469354,1509643.748658,0.000000,-90.190000,4,0.073229
661486.469354,1509643.748658,0.000000,-90.190000,4,0.054647
661486.469354,1509643.748658,0.000000,-90.190000,4,0.039038
661486.469354,1509643.748658,0.000000,-90.190000,4,0.025927
661486.469354,1509643.748658,0.000000,-90.190000,4,0.014913
661486.469354,1509643.748658,0.000000,-90.190000,4,0.005662
661486.469354,1509643.748658,0.000000,-90.190000,4,-0.002110
661486.469354,1509643.748658,0.000000,-90.190000,4,-0.008638
661486.469354,1509643.748658,0.000000,-90.190000,4,-0.014121
661486.469354,1509643.748658,0.000000,-90.190000,4,-0.018727
661486.469354,1509643.748658,0.000000,-90.190000,4,-0.022596
661486.469354,1509643.748658,0.000000,-90.190000,4,-0.025846
661486.469354,1509643.748658,0.000000,-90.190000,4,-0.028576
661486.469354,1509643.748658,0.000000,-90.190000,4,-0.030870
661486.469354,1509643.748658,0.000000,-90.190000,4,-0.032796
661486.469354,1509643.748658,0.000000,-90.190000,4,-0.034414
661486.422634,1509642.549883,0.000000,-89.710000,4,-0.041682
661486.422634,1509642.549883,0.000000,-89.710000,4,-0.047787
661486.422634,1509642.549883,0.000000,-89.710000,4,-0.052915
661486.422634,1509642.549883,0.000000,-89.710000,4,-0.057222
661486.422634,1509642.549883,0.000000,-89.710000,4,-0.060841
661486.422634,1509642.549883,0.000000,-89.710000,4,-0.063880
661486.422634,1509642.549883,0.000000,-89.710000,4,-0.066434
661486.422634,1509642.549883,0.000000,-89.710000,4,-0.068578
661486.422634,1509642.549883,0.000000,-89.710000,4,-0.070380
661486.422634,1509642.549883,0.000000,-89.710000,4,-0.071893
661486.422634,1509642.549883,0.000000,-89.710000,4,-0.073164
661486.422634,1509642.549883,0.000000,-89.710000,4,-0.074232
661486.422634,1509642.549883,0.000000,-89.710000,4,-0.075129
661486.422634,1509642.549883,0.000000,-89.710000,4,-0.075882
661486.422634,1509642.549883,0.000000,-89.710000,4,-0.076515
661486.422634,1509642.549883,0.000000,-89.710000,4,-0.077047
661486.422634,1509642.549883,0.000000,-89.710000,4,-0.077493
661486.422634,1509642.549883,0.000000,-89.710000,4,-0.077868
661486.422634,1509642.549883,0.000000,-89.710000,4,-0.078183
661486.422634,1509642.549883,0.000000,-89.710000,4,-0.078448
661486.375233,1509641.461733,0.000000,-87.870000,4,-0.103094
661486.375233,1509641.461733,0.000000,-87.870000,4,-0.123797
661486.375233,1509641.461733,0.000000,-87.870000,4,-0.141187
661486.375233,1509641.461733,0.000000,-87.870000,4,-0.155795
661486.375233,1509641.461733,0.000000,-87.870000,4,-0.168066
661486.375233,1509641.461733,0.000000,-87.870000,4,-0.178373
661486.375233,1509641.461733,0.000000,-87.870000,4,-0.187031
661486.375233,1509641.461733,0.000000,-87.870000,4,-0.194304
661486.375233,1509641.461733,0.000000,-87.870000,4,-0.200413
661486.375233,1509641.461733,0.000000,-87.870000,4,-0.205545
661486.375233,1509641.461733,0.000000,-87.870000,4,-0.209856
661486.375233,1509641.461733,0.000000,-87.870000,4,-0.213477
661486.375233,1509641.461733,0.000000,-87.870000,4,-0.216518
661486.375233,1509641.461733,0.000000,-87.870000,4,-0.219073
661486.375233,1509641.461733,0.000000,-87.870000,4,-0.221219
661486.375233,1509641.461733,0.000000,-87.870000,4,-0.223022
661486.375233,1509641.461733,0.000000,-87.870000,4,-0.224537
661486.375233,1509641.461733,0.000000,-87.870000,4,-0.225809
661486.375233,1509641.461733,0.000000,-87.870000,4,-0.226877
661486.375233,1509641.461733,0.000000,-87.870000,4,-0.227775
661486.417646,1509640.429450,0.000000,-88.620000,4,-0.220271
661486.417646,1509640.429450,0.000000,-88.620000,4,-0.213969
661486.417646,1509640.429450,0.000000,-88.620000,4,-0.208675
661486.417646,1509640.429450,0.000000,-88.620000,4,-0.204227
661486.417646,1509640.429450,0.000000,-88.620000,4,-0.200492
661486.417646,1509640.429450,0.000000,-88.620000,4,-0.197354
661486.417646,1509640.429450,0.000000,-88.620000,4,-0.194718
661486.417646,1509640.429450,0.000000,-88.620000,4,-0.192504
661486.417646,1509640.429450,0.000000,-88.620000,4,-0.190644
661486.417646,1509640.429450,0.000000,-88.620000,4,-0.189082
661486.417646,1509640.429450,0.000000,-88.620000,4,-0.187770
661486.417646,1509640.429450,0.000000,-88.620000,4,-0.186667
661486.417646,1509640.429450,0.000000,-88.620000,4,-0.185741
661486.417646,1509640.429450,0.000000,-88.620000,4,-0.184963
661486.417646,1509640.429450,0.000000,-88.620000,4,-0.184310
661486.417646,1509640.429450,0.000000,-88.620000,4,-0.183761
661486.417646,1509640.429450,0.000000,-88.620000,4,-0.183300
661486.417646,1509640.429450,0.000000,-88.620000,4,-0.182913
661486.417646,1509640.429450,0.000000,-88.620000,4,-0.182588
661486.417646,1509640.429450,0.000000,-88.620000,4,-0.182314
661486.440667,1509639.618307,0.000000,-88.110000,4,-0.190600
661486.440667,1509639.618307,0.000000,-88.110000,4,-0.197560
661486.440667,1509639.618307,0.000000,-88.110000,4,-0.203406
661486.440667,1509639.618307,0.000000,-88.110000,4,-0.208317
661486.440667,1509639.618307,0.000000,-88.110000,4,-0.212442
661486.440667,1509639.618307,0.000000,-88.110000,4,-0.215908
661486.440667,1509639.618307,0.000000,-88.110000,4,-0.218818
661486.440667,1509639.618307,0.000000,-88.110000,4,-0.221263
661486.440667,1509639.618307,0.000000,-88.110000,4,-0.223317
661486.440667,1509639.618307,0.000000,-88.110000,4,-0.225042
661486.440667,1509639.618307,0.000000,-88.110000,4,-0.226492
661486.440667,1509639.618307,0.000000,-88.110000,4,-0.227709
661486.440667,1509639.618307,0.000000,-88.110000,4,-0.228731
661486.440667,1509639.618307,0.000000,-88.110000,4,-0.229590
661486.440667,1509639.618307,0.000000,-88.110000,4,-0.230312
661486.440667,1509639.618307,0.000000,-88.110000,4,-0.230918
661486.440667,1509639.618307,0.000000,-88.110000,4,-0.231427
661486.440667,1509639.618307,0.000000,-88.110000,4,-0.231855
661486.440667,1509639.618307,0.000000,-88.110000,4,-0.232214
661486.440667,1509639.618307,0.000000,-88.110000,4,-0.232516
661486.464255,1509638.714977,0.000000,-93.030000,4,-0.163397
661486.464255,1509638.714977,0.000000,-93.030000,4,-0.105337
661486.464255,1509638.714977,0.000000,-93.030000,4,-0.056567
661486.464255,1509638.714977,0.000000,-93.030000,4,-0.015601
661486.464255,1509638.714977,0.000000,-93.030000,4,0.018812
661486.464255,1509638.714977,0.000000,-93.030000,4,0.047718
661486.464255,1509638.714977,0.000000,-93.030000,4,0.071999
661486.464255,1509638.714977,0.000000,-93.030000,4,0.092395
661486.464255,1509638.714977,0.000000,-93.030000,4,0.109528
661486.464255,1509638.714977,0.000000,-93.030000,4,0.123920
661486.464255,1509638.714977,0.000000,-93.030000,4,0.136008
661486.464255,1509638.714977,0.000000,-93.030000,4,0.146163
661486.464255,1509638.714977,0.000000,-93.030000,4,0.154693
661486.464255,1509638.714977,0.000000,-93.030000,4,0.161858
661486.464255,1509638.714977,0.000000,-93.030000,4,0.167877
661486.464255,1509638.714977,0.000000,-93.030000,4,0.172933
661486.464255,1509638.714977,0.000000,-93.030000,4,0.177180
661486.464255,1509638.714977,0.000000,-93.030000,4,0.180747
661486.464255,1509638.714977,0.000000,-93.030000,4,0.183743
661486.464255,1509638.714977,0.000000,-93.030000,4,0.186261
661486.434658,1509637.663813,0.000000,-96.910000,4,0.247204
661486.434658,1509637.663813,0.000000,-96.910000,4,0.298397
661486.434658,1509637.663813,0.000000,-96.910000,4,0.341399
661486.434658,1509637.663813,0.000000,-96.910000,4,0.377521
661486.434658,1509637.663813,0.000000,-96.910000,4,0.407863
661486.434658,1509637.663813,0.000000,-96.910000,4,0.433351
661486.434658,1509637.663813,0.000000,-96.910000,4,0.454760
661486.434658,1509637.663813,0.000000,-96.910000,4,0.472744
661486.434658,1509637.663813,0.000000,-96.910000,4,0.487851
661486.434658,1509637.663813,0.000000,-96.910000,4,0.500540
661486.434658,1509637.663813,0.000000,-96.910000,4,0.511200
661486.434658,1509637.663813,0.000000,-96.910000,4,0.520153
661486.434658,1509637.663813,0.000000,-96.910000,4,0.527674
661486.434658,1509637.663813,0.000000,-96.910000,4,0.533992
661486.434658,1509637.663813,0.000000,-96.910000,4,0.539299
661486.434658,1509637.663813,0.000000,-96.910000,4,0.543757
661486.434658,1509637.663813,0.000000,-96.910000,4,0.547501
661486.434658,1509637.663813,0.000000,-96.910000,4,0.550647
661486.434658,1509637.663813,0.000000,-96.910000,4,0.553289
661486.434658,1509637.663813,0.000000,-96.910000,4,0.555508
661486.333165,1509636.575330,0.000000,-96.570000,4,0.557191
661486.333165,1509636.575330,0.000000,-96.570000,4,0.558603
661486.333165,1509636.575330,0.000000,-96.570000,4,0.559790
661486.333165,1509636.575330,0.000000,-96.570000,4,0.560787
661486.333165,1509636.575330,0.000000,-96.570000,4,0.561625
661486.333165,1509636.575330,0.000000,-96.570000,4,0.562328
661486.333165,1509636.575330,0.000000,-96.570000,4,0.562919
661486.333165,1509636.575330,0.000000,-96.570000,4,0.563415
661486.333165,1509636.575330,0.000000,-96.570000,4,0.563832
661486.333165,1509636.575330,0.000000,-96.570000,4,0.564183
661486.333165,1509636.575330,0.000000,-96.570000,4,0.564477
661486.333165,1509636.575330,0.000000,-96.570000,4,0.564724
661486.333165,1509636.575330,0.000000,-96.570000,4,0.564931
661486.333165,1509636.575330,0.000000,-96.570000,4,0.565106
661486.333165,1509636.575330,0.000000,-96.570000,4,0.565252
661486.333165,1509636.575330,0.000000,-96.570000,4,0.565375
661486.333165,1509636.575330,0.000000,-96.570000,4,0.565479
661486.333165,1509636.575330,0.000000,-96.570000,4,0.565566
661486.333165,1509636.575330,0.000000,-96.570000,4,0.565638
661486.333165,1509636.575330,0.000000,-96.570000,4,0.565700
661486.195951,1509635.431312,0.000000,-94.970000,4,0.546891
661486.195951,1509635.431312,0.000000,-94.970000,4,0.531092
661486.195951,1509635.431312,0.000000,-94.970000,4,0.517821
661486.195951,1509635.431312,0.000000,-94.970000,4,0.506674
661486.195951,1509635.431312,0.000000,-94.970000,4,0.497309
661486.195951,1509635.431312,0.000000,-94.970000,4,0.489444
661486.195951,1509635.431312,0.000000,-94.970000,4,0.482836
661486.195951,1509635.431312,0.000000,-94.970000,4,0.477286
661486.195951,1509635.431312,0.000000,-94.970000,4,0.472624
661486.195951,1509635.431312,0.000000,-94.970000,4,0.468708
661486.195951,1509635.431312,0.000000,-94.970000,4,0.465418
661486.195951,1509635.431312,0.000000,-94.970000,4,0.462655
661486.195951,1509635.431312,0.000000,-94.970000,4,0.460334
661486.195951,1509635.431312,0.000000,-94.970000,4,0.458384
661486.195951,1509635.431312,0.000000,-94.970000,4,0.456746
661486.195951,1509635.431312,0.000000,-94.970000,4,0.455371
661486.195951,1509635.431312,0.000000,-94.970000,4,0.454215
661486.195951,1509635.431312,0.000000,-94.970000,4,0.453244
661486.195951,1509635.431312,0.000000,-94.970000,4,0.452429
661486.195951,1509635.431312,0.000000,-94.970000,4,0.451744
661486.094684,1509634.305954,0.000000,-95.140000,4,0.459091
661486.094684,1509634.305954,0.000000,-95.140000,4,0.465262
661486.094684,1509634.305954,0.000000,-95.140000,4,0.470446
661486.094684,1509634.305954,0.000000,-95.140000,4,0.474800
661486.094684,1509634.305954,0.000000,-95.140000,4,0.478458
661486.094684,1509634.305954,0.000000,-95.140000,4,0.481531
661486.094684,1509634.305954,0.000000,-95.140000,4,0.484112
661486.094684,1509634.305954,0.000000,-95.140000,4,0.486280
661486.094684,1509634.305954,0.000000,-95.140000,4,0.488101
661486.094684,1509634.305954,0.000000,-95.140000,4,0.489630
661486.094684,1509634.305954,0.000000,-95.140000,4,0.490915
661486.094684,1509634.305954,0.000000,-95.140000,4,0.491995
661486.094684,1509634.305954,0.000000,-95.140000,4,0.492901
661486.094684,1509634.305954,0.000000,-95.140000,4,0.493663
661486.094684,1509634.305954,0.000000,-95.140000,4,0.494303
661486.094684,1509634.305954,0.000000,-95.140000,4,0.494840
661486.094684,1509634.305954,0.000000,-95.140000,4,0.495292
661486.094684,1509634.305954,0.000000,-95.140000,4,0.495671
661486.094684,1509634.305954,0.000000,-95.140000,4,0.495989
661486.094684,1509634.305954,0.000000,-95.140000,4,0.496257
661485.957130,1509633.217250,0.000000,-94.360000,4,0.490109
661485.957130,1509633.217250,0.000000,-94.360000,4,0.484945
661485.957130,1509633.217250,0.000000,-94.360000,4,0.480607
661485.957130,1509633.217250,0.000000,-94.360000,4,0.476963
661485.957130,1509633.217250,0.000000,-94.360000,4,0.473902
661485.957130,1509633.217250,0.000000,-94.360000,4,0.471331
661485.957130,1509633.217250,0.000000,-94.360000,4,0.469172
661485.957130,1509633.217250,0.000000,-94.360000,4,0.467357
661485.957130,1509633.217250,0.000000,-94.360000,4,0.465833
661485.957130,1509633.217250,0.000000,-94.360000,4,0.464553
661485.957130,1509633.217250,0.000000,-94.360000,4,0.463478
661485.957130,1509633.217250,0.000000,-94.360000,4,0.462575
661485.957130,1509633.217250,0.000000,-94.360000,4,0.461816
661485.957130,1509633.217250,0.000000,-94.360000,4,0.461179
661485.957130,1509633.217250,0.000000,-94.360000,4,0.460644
661485.957130,1509633.217250,0.000000,-94.360000,4,0.460194
661485.957130,1509633.217250,0.000000,-94.360000,4,0.459816
661485.957130,1509633.217250,0.000000,-94.360000,4,0.459499
661485.957130,1509633.217250,0.000000,-94.360000,4,0.459232
661485.957130,1509633.217250,0.000000,-94.360000,4,0.459008
661485.908595,1509632.313476,0.000000,-97.250000,4,0.512795
661485.908595,1509632.313476,0.000000,-97.250000,4,0.557975
661485.908595,1509632.313476,0.000000,-97.250000,4,0.595927
661485.908595,1509632.313476,0.000000,-97.250000,4,0.627806
661485.908595,1509632.313476,0.000000,-97.250000,4,0.654585
661485.908595,1509632.313476,0.000000,-97.250000,4,0.677079
661485.908595,1509632.313476,0.000000,-97.250000,4,0.695974
661485.908595,1509632.313476,0.000000,-97.250000,4,0.711845
661485.908595,1509632.313476,0.000000,-97.250000,4,0.725178
661485.908595,1509632.313476,0.000000,-97.250000,4,0.736377
661485.908595,1509632.313476,0.000000,-97.250000,4,0.745784
661485.908595,1509632.313476,0.000000,-97.250000,4,0.753686
661485.908595,1509632.313476,0.000000,-97.250000,4,0.760324
661485.908595,1509632.313476,0.000000,-97.250000,4,0.765900
661485.908595,1509632.313476,0.000000,-97.250000,4,0.770583
661485.908595,1509632.313476,0.000000,-97.250000,4,0.774518
661485.908595,1509632.313476,0.000000,-97.250000,4,0.777822
661485.908595,1509632.313476,0.000000,-97.250000,4,0.780598
661485.908595,1509632.313476,0.000000,-97.250000,4,0.782930
661485.908595,1509632.313476,0.000000,-97.250000,4,0.784889
661485.875028,1509631.907627,0.000000,-97.250000,4,0.789377
661485.875028,1509631.907627,0.000000,-97.250000,4,0.793147
661485.875028,1509631.907627,0.000000,-97.250000,4,0.796314
661485.875028,1509631.907627,0.000000,-97.250000,4,0.798974
661485.875028,1509631.907627,0.000000,-97.250000,4,0.801209
661485.875028,1509631.907627,0.000000,-97.250000,4,0.803086
661485.875028,1509631.907627,0.000000,-97.250000,4,0.804663
661485.875028,1509631.907627,0.000000,-97.250000,4,0.805987
661485.875028,1509631.907627,0.000000,-97.250000,4,0.807099
661485.875028,1509631.907627,0.000000,-97.250000,4,0.808034
661485.875028,1509631.907627,0.000000,-97.250000,4,0.808819
661485.875028,1509631.907627,0.000000,-97.250000,4,0.809478
661485.875028,1509631.907627,0.000000,-97.250000,4,0.810032
661485.875028,1509631.907627,0.000000,-97.250000,4,0.810497
661485.875028,1509631.907627,0.000000,-97.250000,4,0.810888
661485.875028,1509631.907627,0.000000,-97.250000,4,0.811217
661485.875028,1509631.907627,0.000000,-97.250000,4,0.811492
661485.875028,1509631.907627,0.000000,-97.250000,4,0.811724
661485.875028,1509631.907627,0.000000,-97.250000,4,0.811919
661485.875028,1509631.907627,0.000000,-97.250000,4,0.812082
661485.875028,1509631.907627,0.000000,-97.250000,4,0.812219
661485.875028,1509631.907627,0.000000,-97.250000,4,0.812335
661485.875028,1509631.907627,0.000000,-97.250000,4,0.812432
661485.875028,1509631.907627,0.000000,-97.250000,4,0.812513
661485.875028,1509631.907627,0.000000,-97.250000,4,0.812581
661485.875028,1509631.907627,0.000000,-97.250000,4,0.812639
661485.875028,1509631.907627,0.000000,-97.250000,4,0.812687
661485.875028,1509631.907627,0.000000,-97.250000,4,0.812727
661485.875028,1509631.907627,0.000000,-97.250000,4,0.812761
661485.875028,1509631.907627,0.000000,-97.250000,4,0.812790
661485.875028,1509631.907627,0.000000,-97.250000,4,0.812814
661485.875028,1509631.907627,0.000000,-97.250000,4,0.812834
661485.875028,1509631.907627,0.000000,-97.250000,4,0.812851
661485.875028,1509631.907627,0.000000,-97.250000,4,0.812865
661485.875028,1509631.907627,0.000000,-97.250000,4,0.812877
661485.875028,1509631.907627,0.000000,-97.250000,4,0.812887
661485.875028,1509631.907627,0.000000,-97.250000,4,0.812896
661485.875028,1509631.907627,0.000000,-97.250000,4,0.812903
661485.875028,1509631.907627,0.000000,-97.250000,4,0.812909
661485.875028,1509631.907627,0.000000,-97.250000,4,0.812914
661485.875028,1509631.907627,0.000000,-97.250000,4,0.812918
661485.875028,1509631.907627,0.000000,-97.250000,4,0.812922
661485.875028,1509631.907627,0.000000,-97.250000,4,0.812925
661485.875028,1509631.907627,0.000000,-97.250000,4,0.812927
661485.875028,1509631.907627,0.000000,-97.250000,4,0.812929
661485.875028,1509631.907627,0.000000,-97.250000,4,0.812931
661485.875028,1509631.907627,0.000000,-97.250000,4,0.812932
661485.875028,1509631.907627,0.000000,-97.250000,4,0.812934
661485.875028,1509631.907627,0.000000,-97.250000,4,0.812935
661485.875028,1509631.907627,0.000000,-97.250000,4,0.812936
661485.875028,1509631.907627,0.000000,-97.250000,4,0.812936
661485.875028,1509631.907627,0.000000,-97.250000,4,0.812937
661485.875028,1509631.907627,0.000000,-97.250000,4,0.812937
661485.875028,1509631.907627,0.000000,-97.250000,4,0.812938
661485.875028,1509631.907627,0.000000,-97.250000,4,0.812938
661485.875028,1509631.907627,0.000000,-97.250000,4,0.812939
661485.875028,1509631.907627,0.000000,-97.250000,4,0.812939
661485.875028,1509631.907627,0.000000,-97.250000,4,0.812939
661485.875028,1509631.907627,0.000000,-97.250000,4,0.812939
661485.875028,1509631.907627,0.000000,-97.250000,4,0.812939
661485.875028,1509631.907627,0.000000,-97.250000,4,0.812939
661485.875028,1509631.907627,0.000000,-97.250000,4,0.812940
661485.875028,1509631.907627,0.000000,-97.250000,4,0.812940
661485.875028,1509631.907627,0.000000,-97.250000,4,0.812940
661485.875028,1509631.907627,0.000000,-97.250000,4,0.812940
661485.875028,1509631.907627,0.000000,-97.250000,4,0.812940
661485.875028,1509631.907627,0.000000,-97.250000,4,0.812940
661485.875028,1509631.907627,0.000000,-97.250000,4,0.812940
661485.875028,1509631.907627,0.000000,-97.250000,4,0.812940
661485.875028,1509631.907627,0.000000,-97.250000,4,0.812940
661485.875028,1509631.907627,0.000000,-97.250000,4,0.812940
661485.875028,1509631.907627,0.000000,-97.250000,4,0.812940
661485.875028,1509631.907627,0.000000,-97.250000,4,0.812940
661485.875028,1509631.907627,0.000000,-97.250000,4,0.812940
661485.875028,1509631.907627,0.000000,-97.250000,4,0.812940
661485.875028,1509631.907627,0.000000,-97.250000,4,0.812940
661485.875028,1509631.907627,0.000000,-97.250000,4,0.812940
661485.875028,1509631.907627,0.000000,-97.250000,4,0.812940
661485.875028,1509631.907627,0.000000,-97.250000,4,0.812940
661485.875028,1509631.907627,0.000000,-97.250000,4,0.812940
661485.875028,1509631.907627,0.000000,-97.250000,4,0.812940
661485.875028,1509631.907627,0.000000,-97.250000,4,0.812940
661485.875028,1509631.907627,0.000000,-97.250000,4,0.812940
661485.875028,1509631.907627,0.000000,-97.250000,4,0.812940
661485.875028,1509631.907627,0.000000,-97.250000,4,0.812940
661485.875028,1509631.907627,0.000000,-97.250000,4,0.812940
661485.875028,1509631.907627,0.000000,-97.250000,4,0.812940
661485.875028,1509631.907627,0.000000,-97.250000,4,0.812940
661485.875028,1509631.907627,0.000000,-97.250000,4,0.812940
661485.875028,1509631.907627,0.000000,-97.250000,4,0.812940
661485.875028,1509631.907627,0.000000,-97.250000,4,0.812940
661485.875028,1509631.907627,0.000000,-97.250000,4,0.812940
661485.875028,1509631.907627,0.000000,-97.250000,4,0.812940
661485.875028,1509631.907627,0.000000,-97.250000,4,0.812940
661485.875028,1509631.907627,0.000000,-97.250000,4,0.812940
661485.875028,1509631.907627,0.000000,-97.250000,4,0.812940
661485.875028,1509631.907627,0.000000,-97.250000,4,0.812940
661485.875028,1509631.907627,0.000000,-97.250000,4,0.812940
661485.875028,1509631.907627,0.000000,-97.250000,4,0.812940
661485.875028,1509631.907627,0.000000,-97.250000,4,0.812940
661485.875028,1509631.907627,0.000000,-97.250000,4,0.812940
661485.875028,1509631.907627,0.000000,-97.250000,4,0.812940
661485.875028,1509631.907627,0.000000,-97.250000,4,0.812940
661485.875028,1509631.907627,0.000000,-97.250000,4,0.812940
661485.875028,1509631.907627,0.000000,-97.250000,4,0.812940
661485.875028,1509631.907627,0.000000,-97.250000,4,0.812940
661485.875028,1509631.907627,0.000000,-97.250000,4,0.812940
661485.875028,1509631.907627,0.000000,-97.250000,4,0.812940
661485.875028,1509631.907627,0.000000,-97.250000,4,0.812940
661485.875028,1509631.907627,0.000000,-97.250000,4,0.812940
661485.875028,1509631.907627,0.000000,-97.250000,4,0.812940
661485.875028,1509631.907627,0.000000,-97.250000,4,0.812940
661485.875028,1509631.907627,0.000000,-97.250000,4,0.812940
661485.875028,1509631.907627,0.000000,-97.250000,4,0.812940
661485.875028,1509631.907627,0.000000,-97.250000,4,0.812940
661485.875028,1509631.907627,0.000000,-97.250000,4,0.812940
661485.875028,1509631.907627,0.000000,-97.250000,4,0.812940
661485.875028,1509631.907627,0.000000,-97.250000,4,0.812940
661485.875028,1509631.907627,0.000000,-97.250000,4,0.812940
661485.875028,1509631.907627,0.000000,-97.250000,4,0.812940
661485.875028,1509631.907627,0.000000,-97.250000,4,0.812940
661485.875028,1509631.907627,0.000000,-97.250000,4,0.812940
661485.875028,1509631.907627,0.000000,-97.250000,4,0.812940
661485.875028,1509631.907627,0.000000,-97.250000,4,0.812940
661485.875028,1509631.907627,0.000000,-97.250000,4,0.812940
661485.875028,1509631.907627,0.000000,-97.250000,4,0.812940
661485.875028,1509631.907627,0.000000,-97.250000,4,0.812940
661485.875028,1509631.907627,0.000000,-97.250000,4,0.812940
661485.875028,1509631.907627,0.000000,-97.250000,4,0.812940
661485.875028,1509631.907627,0.000000,-97.250000,4,0.812940
661485.875028,1509631.907627,0.000000,-97.250000,4,0.812940
661485.875028,1509631.907627,0.000000,-97.250000,4,0.812940
661485.875028,1509631.907627,0.000000,-97.250000,4,0.812940
661485.875028,1509631.907627,0.000000,-97.250000,4,0.812940
661485.875028,1509631.907627,0.000000,-97.250000,4,0.812940
661485.875028,1509631.907627,0.000000,-97.250000,4,0.812940
661485.875028,1509631.907627,0.000000,-97.250000,4,0.812940
661485.875028,1509631.907627,0.000000,-97.250000,4,0.812940
661485.875028,1509631.907627,0.000000,-97.250000,4,0.812940
661485.875028,1509631.907627,0.000000,-97.250000,4,0.812940
