x,y,speed,heading,fix_quality,steering_angle
-3.360524,1.708220,1.270000,146.150000,5,-0.000016
-3.360524,1.708220,1.270000,146.150000,5,-0.000030
-3.360524,1.708220,1.270000,146.150000,5,-0.000042
-3.360524,1.708220,1.270000,146.150000,5,-0.000052
-3.360524,1.708220,1.270000,146.150000,5,-0.000060
-3.360524,1.708220,1.270000,146.150000,5,-0.000067
-3.360524,1.708220,1.270000,146.150000,5,-0.000073
-3.360524,1.708220,1.270000,146.150000,5,-0.000078
-3.360524,1.708220,1.270000,146.150000,5,-0.000082
-3.360524,1.708220,1.270000,146.150000,5,-0.000085
-3.360524,1.708220,1.270000,146.150000,5,-0.000088
-3.360524,1.708220,1.270000,146.150000,5,-0.000090
-3.360524,1.708220,1.270000,146.150000,5,-0.000092
-3.360524,1.708220,1.270000,146.150000,5,-0.000094
-3.360524,1.708220,1.270000,146.150000,5,-0.000096
-3.360524,1.708220,1.270000,146.150000,5,-0.000097
-3.360524,1.708220,1.270000,146.150000,5,-0.000098
-3.360524,1.708220,1.270000,146.150000,5,-0.000099
-3.360524,1.708220,1.270000,146.150000,5,-0.000099
-3.360524,1.708220,1.270000,146.150000,5,-0.000100
-4.336869,2.411864,1.200000,144.220000,5,-0.000100
-4.336869,2.411864,1.200000,144.220000,5,-0.000101
-4.336869,2.411864,1.200000,144.220000,5,-0.000101
-4.336869,2.411864,1.200000,144.220000,5,-0.000101
-4.336869,2.411864,1.200000,144.220000,5,-0.000101
-4.336869,2.411864,1.200000,144.220000,5,-0.000102
-4.336869,2.411864,1.200000,144.220000,5,-0.000102
-4.336869,2.411864,1.200000,144.220000,5,-0.000102
-4.336869,2.411864,1.200000,144.220000,5,-0.000102
-4.336869,2.411864,1.200000,144.220000,5,-0.000102
-4.336869,2.411864,1.200000,144.220000,5,-0.000102
-4.336869,2.411864,1.200000,144.220000,5,-0.000102
-4.336869,2.411864,1.200000,144.220000,5,-0.000102
-4.336869,2.411864,1.200000,144.220000,5,-0.000102
-4.336869,2.411864,1.200000,144.220000,5,-0.000102
-4.336869,2.411864,1.200000,144.220000,5,-0.000102
-4.336869,2.411864,1.200000,144.220000,5,-0.000102
-4.336869,2.411864,1.200000,144.220000,5,-0.000102
-4.336869,2.411864,1.200000,144.220000,5,-0.000103
-4.336869,2.411864,1.200000,144.220000,5,-0.000103
-5.335343,2.968063,1.140000,150.880000,5,-0.000103
-5.335343,2.968063,1.140000,150.880000,5,-0.000103
-5.335343,2.968063,1.140000,150.880000,5,-0.000103
-5.335343,2.968063,1.140000,150.880000,5,-0.000103
-5.335343,2.968063,1.140000,150.880000,5,-0.000103
-5.335343,2.968063,1.140000,150.880000,5,-0.000103
-5.335343,2.968063,1.140000,150.880000,5,-0.000103
-5.335343,2.968063,1.140000,150.880000,5,-0.000103
-5.335343,2.968063,1.140000,150.880000,5,-0.000104
-5.335343,2.968063,1.140000,150.880000,5,-0.000104
-5.335343,2.968063,1.140000,150.880000,5,-0.000104
-5.335343,2.968063,1.140000,150.880000,5,-0.000104
-5.335343,2.968063,1.140000,150.880000,5,-0.000104
-5.335343,2.968063,1.140000,150.880000,5,-0.000104
-5.335343,2.968063,1.140000,150.880000,5,-0.000104
-5.335343,2.968063,1.140000,150.880000,5,-0.000104
-5.335343,2.968063,1.140000,150.880000,5,-0.000104
-5.335343,2.968063,1.140000,150.880000,5,-0.000104
-5.335343,2.968063,1.140000,150.880000,5,-0.000104
-5.335343,2.968063,1.140000,150.880000,5,-0.000104
-6.231420,3.549981,1.070000,147.000000,5,-0.000104
-6.231420,3.549981,1.070000,147.000000,5,-0.000104
-6.231420,3.549981,1.070000,147.000000,5,-0.000104
-6.231420,3.549981,1.070000,147.000000,5,-0.000104
-6.231420,3.549981,1.070000,147.000000,5,-0.000103
-6.231420,3.549981,1.070000,147.000000,5,-0.000103
-6.231420,3.549981,1.070000,147.000000,5,-0.000103
-6.231420,3.549981,1.070000,147.000000,5,-0.000103
-6.231420,3.549981,1.070000,147.000000,5,-0.000103
-6.231420,3.549981,1.070000,147.000000,5,-0.000103
-6.231420,3.549981,1.070000,147.000000,5,-0.000103
-6.231420,3.549981,1.070000,147.000000,5,-0.000103
-6.231420,3.549981,1.070000,147.000000,5,-0.000103
-6.231420,3.549981,1.070000,147.000000,5,-0.000103
-6.231420,3.549981,1.070000,147.000000,5,-0.000103
-6.231420,3.549981,1.070000,147.000000,5,-0.000103
-6.231420,3.549981,1.070000,147.000000,5,-0.000103
-6.231420,3.549981,1.070000,147.000000,5,-0.000103
-6.231420,3.549981,1.070000,147.000000,5,-0.000103
-6.231420,3.549981,1.070000,147.000000,5,-0.000103
-7.359296,4.169269,0.620000,146.800000,5,-0.000017
-7.359296,4.169269,0.620000,146.800000,5,-0.000030
-7.359296,4.169269,0.620000,146.800000,5,-0.000042
-7.359296,4.169269,0.620000,146.800000,5,-0.000052
-7.359296,4.169269,0.620000,146.800000,5,-0.000060
-7.359296,4.169269,0.620000,146.800000,5,-0.000067
-7.359296,4.169269,0.620000,146.800000,5,-0.000073
-7.359296,4.169269,0.620000,146.800000,5,-0.000078
-7.359296,4.169269,0.620000,146.800000,5,-0.000082
-7.359296,4.169269,0.620000,146.800000,5,-0.000085
-7.359296,4.169269,0.620000,146.800000,5,-0.000088
-7.359296,4.169269,0.620000,146.800000,5,-0.000090
-7.359296,4.169269,0.620000,146.800000,5,-0.000093
-7.359296,4.169269,0.620000,146.800000,5,-0.000094
-7.359296,4.169269,0.620000,146.800000,5,-0.000096
-7.359296,4.169269,0.620000,146.800000,5,-0.000097
-7.359296,4.169269,0.620000,146.800000,5,-0.000098
-7.359296,4.169269,0.620000,146.800000,5,-0.000099
-7.359296,4.169269,0.620000,146.800000,5,-0.000099
-7.359296,4.169269,0.620000,146.800000,5,-0.000100
-7.875241,4.490791,0.610000,148.070000,5,-0.000101
-7.875241,4.490791,0.610000,148.070000,5,-0.000101
-7.875241,4.490791,0.610000,148.070000,5,-0.000101
-7.875241,4.490791,0.610000,148.070000,5,-0.000102
-7.875241,4.490791,0.610000,148.070000,5,-0.000102
-7.875241,4.490791,0.610000,148.070000,5,-0.000102
-7.875241,4.490791,0.610000,148.070000,5,-0.000102
-7.875241,4.490791,0.610000,148.070000,5,-0.000103
-7.875241,4.490791,0.610000,148.070000,5,-0.000103
-7.875241,4.490791,0.610000,148.070000,5,-0.000103
-7.875241,4.490791,0.610000,148.070000,5,-0.000103
-7.875241,4.490791,0.610000,148.070000,5,-0.000103
-7.875241,4.490791,0.610000,148.070000,5,-0.000103
-7.875241,4.490791,0.610000,148.070000,5,-0.000103
-7.875241,4.490791,0.610000,148.070000,5,-0.000103
-7.875241,4.490791,0.610000,148.070000,5,-0.000103
-7.875241,4.490791,0.610000,148.070000,5,-0.000103
-7.875241,4.490791,0.610000,148.070000,5,-0.000103
-7.875241,4.490791,0.610000,148.070000,5,-0.000103
-7.875241,4.490791,0.610000,148.070000,5,-0.000103
-8.339203,4.773884,0.540000,148.610000,5,-0.000103
-8.339203,4.773884,0.540000,148.610000,5,-0.000103
-8.339203,4.773884,0.540000,148.610000,5,-0.000103
-8.339203,4.773884,0.540000,148.610000,5,-0.000103
-8.339203,4.773884,0.540000,148.610000,5,-0.000103
-8.339203,4.773884,0.540000,148.610000,5,-0.000103
-8.339203,4.773884,0.540000,148.610000,5,-0.000103
-8.339203,4.773884,0.540000,148.610000,5,-0.000103
-8.339203,4.773884,0.540000,148.610000,5,-0.000103
-8.339203,4.773884,0.540000,148.610000,5,-0.000104
-8.339203,4.773884,0.540000,148.610000,5,-0.000104
-8.339203,4.773884,0.540000,148.610000,5,-0.000104
-8.339203,4.773884,0.540000,148.610000,5,-0.000104
-8.339203,4.773884,0.540000,148.610000,5,-0.000104
-8.339203,4.773884,0.540000,148.610000,5,-0.000104
-8.339203,4.773884,0.540000,148.610000,5,-0.000104
-8.339203,4.773884,0.540000,148.610000,5,-0.000104
-8.339203,4.773884,0.540000,148.610000,5,-0.000104
-8.339203,4.773884,0.540000,148.610000,5,-0.000104
-8.339203,4.773884,0.540000,148.610000,5,-0.000104
-8.339203,4.773884,0.540000,148.610000,5,-0.000104
-8.510353,4.878314,0.200000,148.610000,5,-0.000104
-8.510353,4.878314,0.200000,148.610000,5,-0.000104
-8.510353,4.878314,0.200000,148.610000,5,-0.000104
-8.510353,4.878314,0.200000,148.610000,5,-0.000104
-8.510353,4.878314,0.200000,148.610000,5,-0.000104
-8.510353,4.878314,0.200000,148.610000,5,-0.000104
-8.510353,4.878314,0.200000,148.610000,5,-0.000104
-8.510353,4.878314,0.200000,148.610000,5,-0.000104
-8.510353,4.878314,0.200000,148.610000,5,-0.000104
-8.510353,4.878314,0.200000,148.610000,5,-0.000104
-8.510353,4.878314,0.200000,148.610000,5,-0.000104
-8.510353,4.878314,0.200000,148.610000,5,-0.000104
-8.510353,4.878314,0.200000,148.610000,5,-0.000104
-8.510353,4.878314,0.200000,148.610000,5,-0.000104
-8.510353,4.878314,0.200000,148.610000,5,-0.000104
-8.510353,4.878314,0.200000,148.610000,5,-0.000104
-8.510353,4.878314,0.200000,148.610000,5,-0.000104
-8.510353,4.878314,0.200000,148.610000,5,-0.000104
-8.510353,4.878314,0.200000,148.610000,5,-0.000104
-8.510353,4.878314,0.200000,148.610000,5,-0.000104
-8.570096,4.914766,0.070000,148.610000,5,-0.000104
-8.570096,4.914766,0.070000,148.610000,5,-0.000104
-8.570096,4.914766,0.070000,148.610000,5,-0.000104
-8.570096,4.914766,0.070000,148.610000,5,-0.000104
-8.570096,4.914766,0.070000,148.610000,5,-0.000104
-8.570096,4.914766,0.070000,148.610000,5,-0.000104
-8.570096,4.914766,0.070000,148.610000,5,-0.000104
-8.570096,4.914766,0.070000,148.610000,5,-0.000104
-8.570096,4.914766,0.070000,148.610000,5,-0.000104
-8.570096,4.914766,0.070000,148.610000,5,-0.000104
-8.570096,4.914766,0.070000,148.610000,5,-0.000104
-8.570096,4.914766,0.070000,148.610000,5,-0.000104
-8.570096,4.914766,0.070000,148.610000,5,-0.000104
-8.570096,4.914766,0.070000,148.610000,5,-0.000104
-8.570096,4.914766,0.070000,148.610000,5,-0.000104
-8.570096,4.914766,0.070000,148.610000,5,-0.000104
-8.570096,4.914766,0.070000,148.610000,5,-0.000104
-8.570096,4.914766,0.070000,148.610000,5,-0.000104
-8.570096,4.914766,0.070000,148.610000,5,-0.000104
-8.570096,4.914766,0.000000,148.610000,5,-0.000104
-8.570096,4.914766,0.000000,148.610000,5,-0.000104
-8.570096,4.914766,0.000000,148.610000,5,-0.000104
-8.570096,4.914766,0.000000,148.610000,5,-0.000104
-8.570096,4.914766,0.000000,148.610000,5,-0.000104
-8.570096,4.914766,0.000000,148.610000,5,-0.000104
-8.570096,4.914766,0.000000,148.610000,5,-0.000104
-8.570096,4.914766,0.000000,148.610000,5,-0.000104
-8.570096,4.914766,0.000000,148.610000,5,-0.000104
-8.570096,4.914766,0.000000,148.610000,5,-0.000104
-8.570096,4.914766,0.000000,148.610000,5,-0.000104
-8.570096,4.914766,0.000000,148.610000,5,-0.000104
-8.570096,4.914766,0.000000,148.610000,5,-0.000104
-8.570096,4.914766,0.000000,148.610000,5,-0.000104
-8.570096,4.914766,0.000000,148.610000,5,-0.000104
-8.570096,4.914766,0.000000,148.610000,5,-0.000104
-8.570096,4.914766,0.000000,148.610000,5,-0.000104
-8.570096,4.914766,0.000000,148.610000,5,-0.000104
-8.570096,4.914766,0.000000,148.610000,5,-0.000104
-8.570096,4.914766,0.000000,148.610000,5,-0.000104
-8.570096,4.914766,0.000000,148.610000,5,-0.000104
-8.570096,4.914766,0.000000,148.610000,5,-0.000104
-8.570096,4.914766,0.000000,148.610000,5,-0.000104
-8.570096,4.914766,0.000000,148.610000,5,-0.000104
-8.570096,4.914766,0.000000,148.610000,5,-0.000104
-8.570096,4.914766,0.000000,148.610000,5,-0.000104
-8.570096,4.914766,0.000000,148.610000,5,-0.000104
-8.570096,4.914766,0.000000,148.610000,5,-0.000104
-8.570096,4.914766,0.000000,148.610000,5,-0.000104
-8.570096,4.914766,0.000000,148.610000,5,-0.000104
-8.570096,4.914766,0.000000,148.610000,5,-0.000104
-8.570096,4.914766,0.000000,148.610000,5,-0.000104
-8.570096,4.914766,0.000000,148.610000,5,-0.000104
-8.570096,4.914766,0.000000,148.610000,5,-0.000104
-8.570096,4.914766,0.000000,148.610000,5,-0.000104
-8.570096,4.914766,0.000000,148.610000,5,-0.000104
-8.570096,4.914766,0.000000,148.610000,5,-0.000104
-8.570096,4.914766,0.000000,148.610000,5,-0.000104
-8.570096,4.914766,0.000000,148.610000,5,-0.000104
-8.570096,4.914766,0.000000,148.610000,5,-0.000104
-8.570096,4.914766,0.000000,148.610000,5,-0.000104
-8.570096,4.914766,0.000000,148.610000,5,-0.000104
-8.570096,4.914766,0.000000,148.610000,5,-0.000104
-8.570096,4.914766,0.000000,148.610000,5,-0.000104
-8.570096,4.914766,0.000000,148.610000,5,-0.000104
-8.570096,4.914766,0.000000,148.610000,5,-0.000104
-8.570096,4.914766,0.000000,148.610000,5,-0.000104
-8.570096,4.914766,0.000000,148.610000,5,-0.000104
-8.570096,4.914766,0.000000,148.610000,5,-0.000104
-8.570096,4.914766,0.000000,148.610000,5,-0.000104
-8.570096,4.914766,0.000000,148.610000,5,-0.000104
-8.570096,4.914766,0.000000,148.610000,5,-0.000104
-8.570096,4.914766,0.000000,148.610000,5,-0.000104
-8.570096,4.914766,0.000000,148.610000,5,-0.000104
-8.570096,4.914766,0.000000,148.610000,5,-0.000104
-8.570096,4.914766,0.000000,148.610000,5,-0.000104
-8.570096,4.914766,0.000000,148.610000,5,-0.000104
-8.570096,4.914766,0.000000,148.610000,5,-0.000104
-8.570096,4.914766,0.000000,148.610000,5,-0.000104
-8.570096,4.914766,0.000000,148.610000,5,-0.000104
-8.570096,4.914766,0.000000,148.610000,5,-0.000104
-8.570096,4.914766,0.000000,148.610000,5,-0.000104
-8.570096,4.914766,0.000000,148.610000,5,-0.000104
-8.570096,4.914766,0.000000,148.610000,5,-0.000104
-8.570096,4.914766,0.000000,148.610000,5,-0.000104
-8.570096,4.914766,0.000000,148.610000,5,-0.000104
-8.570096,4.914766,0.000000,148.610000,5,-0.000104
-8.570096,4.914766,0.000000,148.610000,5,-0.000104
-8.570096,4.914766,0.000000,148.610000,5,-0.000104
-8.570096,4.914766,0.000000,148.610000,5,-0.000104
-8.570096,4.914766,0.000000,148.610000,5,-0.000104
-8.570096,4.914766,0.000000,148.610000,5,-0.000104
-8.570096,4.914766,0.000000,148.610000,5,-0.000104
-8.570096,4.914766,0.000000,148.610000,5,-0.000104
-8.570096,4.914766,0.000000,148.610000,5,-0.000104
-8.570096,4.914766,0.000000,148.610000,5,-0.000104
-8.570096,4.914766,0.000000,148.610000,5,-0.000104
-8.570096,4.914766,0.000000,148.610000,5,-0.000104
-8.570096,4.914766,0.000000,148.610000,5,-0.000104
-8.570096,4.914766,0.000000,148.610000,5,-0.000104
-8.570096,4.914766,0.000000,148.610000,5,-0.000104
-8.570096,4.914766,0.000000,148.610000,5,-0.000104
-8.570096,4.914766,0.000000,148.610000,5,-0.000104
-8.570096,4.914766,0.000000,148.610000,5,-0.000104
-8.570096,4.914766,0.000000,148.610000,5,-0.000104
-8.570096,4.914766,0.000000,148.610000,5,-0.000104
-8.570096,4.914766,0.000000,148.610000,5,-0.000104
-8.570096,4.914766,0.000000,148.610000,5,-0.000104
-8.570096,4.914766,0.000000,148.610000,5,-0.000104
-8.570096,4.914766,0.000000,148.610000,5,-0.000104
-8.570096,4.914766,0.000000,148.610000,5,-0.000104
-8.570096,4.914766,0.000000,148.610000,5,-0.000104
-8.570096,4.914766,0.000000,148.610000,5,-0.000104
-8.570096,4.914766,0.000000,148.610000,5,-0.000104
-8.570096,4.914766,0.000000,148.610000,5,-0.000104
-8.570096,4.914766,0.000000,148.610000,5,-0.000104
-8.570096,4.914766,0.000000,148.610000,5,-0.000104
-8.570096,4.914766,0.000000,148.610000,5,-0.000104
-8.570096,4.914766,0.000000,148.610000,5,-0.000104
-8.570096,4.914766,0.000000,148.610000,5,-0.000104
-8.570096,4.914766,0.000000,148.610000,5,-0.000104
-8.570096,4.914766,0.000000,148.610000,5,-0.000104
-8.570096,4.914766,0.000000,148.610000,5,-0.000104
-8.570096,4.914766,0.000000,148.610000,5,-0.000104
-8.570096,4.914766,0.000000,148.610000,5,-0.000104
-8.570096,4.914766,0.000000,148.610000,5,-0.000104
-8.570096,4.914766,0.000000,148.610000,5,-0.000104
-8.570096,4.914766,0.000000,148.610000,5,-0.000104
-8.570096,4.914766,0.000000,148.610000,5,-0.000104
-8.570096,4.914766,0.000000,148.610000,5,-0.000104
-8.570096,4.914766,0.000000,148.610000,5,-0.000104
-8.570096,4.914766,0.000000,148.610000,5,-0.000104
-8.570096,4.914766,0.000000,148.610000,5,-0.000104
-8.570096,4.914766,0.000000,148.610000,5,-0.000104
-8.570096,4.914766,0.000000,148.610000,5,-0.000104
-8.570096,4.914766,0.000000,148.610000,5,-0.000104
-8.570096,4.914766,0.000000,148.610000,5,-0.000104
-8.570096,4.914766,0.000000,148.610000,5,-0.000104
-8.570096,4.914766,0.000000,148.610000,5,-0.000104
-8.570096,4.914766,0.000000,148.610000,5,-0.000104
-8.570096,4.914766,0.000000,148.610000,5,-0.000104
-8.570096,4.914766,0.000000,148.610000,5,-0.000104
-8.570096,4.914766,0.000000,148.610000,5,-0.000104
-8.570096,4.914766,0.000000,148.610000,5,-0.000104
-8.570096,4.914766,0.000000,148.610000,5,-0.000104
-8.570096,4.914766,0.000000,148.610000,5,-0.000104
-8.570096,4.914766,0.000000,148.610000,5,-0.000104
-8.570096,4.914766,0.000000,148.610000,5,-0.000104
-8.570096,4.914766,0.000000,148.610000,5,-0.000104
-8.570096,4.914766,0.000000,148.610000,5,-0.000104
-8.570096,4.914766,0.000000,148.610000,5,-0.000104
-8.570096,4.914766,0.000000,148.610000,5,-0.000104
-8.570096,4.914766,0.000000,148.610000,5,-0.000104
-8.570096,4.914766,0.000000,148.610000,5,-0.000104
-8.570096,4.914766,0.000000,148.610000,5,-0.000104
-8.570096,4.914766,0.000000,148.610000,5,-0.000104
-8.570096,4.914766,0.000000,148.610000,5,-0.000104
-8.570096,4.914766,0.000000,148.610000,5,-0.000104
-8.570096,4.914766,0.000000,148.610000,5,-0.000104
-8.570096,4.914766,0.000000,148.610000,5,-0.000104
-8.800463,5.055328,0.270000,148.610000,5,-0.000104
-8.800463,5.055328,0.270000,148.610000,5,-0.000104
-8.800463,5.055328,0.270000,148.610000,5,-0.000104
-8.800463,5.055328,0.270000,148.610000,5,-0.000104
-8.800463,5.055328,0.270000,148.610000,5,-0.000104
-8.800463,5.055328,0.270000,148.610000,5,-0.000104
-8.800463,5.055328,0.270000,148.610000,5,-0.000104
-8.800463,5.055328,0.270000,148.610000,5,-0.000104
-8.800463,5.055328,0.270000,148.610000,5,-0.000104
-8.800463,5.055328,0.270000,148.610000,5,-0.000104
-8.800463,5.055328,0.270000,148.610000,5,-0.000104
-8.800463,5.055328,0.270000,148.610000,5,-0.000104
-8.800463,5.055328,0.270000,148.610000,5,-0.000104
-8.800463,5.055328,0.270000,148.610000,5,-0.000104
-8.800463,5.055328,0.270000,148.610000,5,-0.000104
-8.800463,5.055328,0.270000,148.610000,5,-0.000104
-8.800463,5.055328,0.270000,148.610000,5,-0.000104
-8.800463,5.055328,0.270000,148.610000,5,-0.000104
-8.800463,5.055328,0.270000,148.610000,5,-0.000104
-8.800463,5.055328,0.270000,148.610000,5,-0.000104
-9.188136,5.268452,0.440000,151.200000,5,-0.000104
-9.188136,5.268452,0.440000,151.200000,5,-0.000104
-9.188136,5.268452,0.440000,151.200000,5,-0.000104
-9.188136,5.268452,0.440000,151.200000,5,-0.000104
-9.188136,5.268452,0.440000,151.200000,5,-0.000104
-9.188136,5.268452,0.440000,151.200000,5,-0.000104
-9.188136,5.268452,0.440000,151.200000,5,-0.000104
-9.188136,5.268452,0.440000,151.200000,5,-0.000104
-9.188136,5.268452,0.440000,151.200000,5,-0.000104
-9.188136,5.268452,0.440000,151.200000,5,-0.000104
-9.188136,5.268452,0.440000,151.200000,5,-0.000104
-9.188136,5.268452,0.440000,151.200000,5,-0.000104
-9.188136,5.268452,0.440000,151.200000,5,-0.000104
-9.188136,5.268452,0.440000,151.200000,5,-0.000104
-9.188136,5.268452,0.440000,151.200000,5,-0.000104
-9.188136,5.268452,0.440000,151.200000,5,-0.000104
-9.188136,5.268452,0.440000,151.200000,5,-0.000104
-9.188136,5.268452,0.440000,151.200000,5,-0.000104
-9.188136,5.268452,0.440000,151.200000,5,-0.000104
-9.188136,5.268452,0.440000,151.200000,5,-0.000104
-9.579839,5.526439,0.470000,146.630000,5,-0.000104
-9.579839,5.526439,0.470000,146.630000,5,-0.000104
-9.579839,5.526439,0.470000,146.630000,5,-0.000104
-9.579839,5.526439,0.470000,146.630000,5,-0.000103
-9.579839,5.526439,0.470000,146.630000,5,-0.000103
-9.579839,5.526439,0.470000,146.630000,5,-0.000103
-9.579839,5.526439,0.470000,146.630000,5,-0.000103
-9.579839,5.526439,0.470000,146.630000,5,-0.000103
-9.579839,5.526439,0.470000,146.630000,5,-0.000103
-9.579839,5.526439,0.470000,146.630000,5,-0.000103
-9.579839,5.526439,0.470000,146.630000,5,-0.000103
-9.579839,5.526439,0.470000,146.630000,5,-0.000103
-9.579839,5.526439,0.470000,146.630000,5,-0.000103
-9.579839,5.526439,0.470000,146.630000,5,-0.000103
-9.579839,5.526439,0.470000,146.630000,5,-0.000103
-9.579839,5.526439,0.470000,146.630000,5,-0.000103
-9.579839,5.526439,0.470000,146.630000,5,-0.000103
-9.579839,5.526439,0.470000,146.630000,5,-0.000103
-9.579839,5.526439,0.470000,146.630000,5,-0.000103
-9.579839,5.526439,0.470000,146.630000,5,-0.000103
-9.970865,5.807627,0.480000,144.280000,5,-0.000103
-9.970865,5.807627,0.480000,144.280000,5,-0.000103
-9.970865,5.807627,0.480000,144.280000,5,-0.000103
-9.970865,5.807627,0.480000,144.280000,5,-0.000103
-9.970865,5.807627,0.480000,144.280000,5,-0.000103
-9.970865,5.807627,0.480000,144.280000,5,-0.000103
-9.970865,5.807627,0.480000,144.280000,5,-0.000103
-9.970865,5.807627,0.480000,144.280000,5,-0.000103
-9.970865,5.807627,0.480000,144.280000,5,-0.000103
-9.970865,5.807627,0.480000,144.280000,5,-0.000103
-9.970865,5.807627,0.480000,144.280000,5,-0.000103
-9.970865,5.807627,0.480000,144.280000,5,-0.000103
-9.970865,5.807627,0.480000,144.280000,5,-0.000103
-9.970865,5.807627,0.480000,144.280000,5,-0.000103
-9.970865,5.807627,0.480000,144.280000,5,-0.000103
-9.970865,5.807627,0.480000,144.280000,5,-0.000103
-9.970865,5.807627,0.480000,144.280000,5,-0.000103
-9.970865,5.807627,0.480000,144.280000,5,-0.000103
-9.970865,5.807627,0.480000,144.280000,5,-0.000103
-9.970865,5.807627,0.480000,144.280000,5,-0.000103
-10.417872,6.092730,0.530000,147.470000,5,-0.000103
-10.417872,6.092730,0.530000,147.470000,5,-0.000103
-10.417872,6.092730,0.530000,147.470000,5,-0.000103
-10.417872,6.092730,0.530000,147.470000,5,-0.000103
-10.417872,6.092730,0.530000,147.470000,5,-0.000103
-10.417872,6.092730,0.530000,147.470000,5,-0.000103
-10.417872,6.092730,0.530000,147.470000,5,-0.000103
-10.417872,6.092730,0.530000,147.470000,5,-0.000103
-10.417872,6.092730,0.530000,147.470000,5,-0.000103
-10.417872,6.092730,0.530000,147.470000,5,-0.000103
-10.417872,6.092730,0.530000,147.470000,5,-0.000103
-10.417872,6.092730,0.530000,147.470000,5,-0.000103
-10.417872,6.092730,0.530000,147.470000,5,-0.000103
-10.417872,6.092730,0.530000,147.470000,5,-0.000103
-10.417872,6.092730,0.530000,147.470000,5,-0.000103
-10.417872,6.092730,0.530000,147.470000,5,-0.000103
-10.417872,6.092730,0.530000,147.470000,5,-0.000103
-10.417872,6.092730,0.530000,147.470000,5,-0.000103
-10.417872,6.092730,0.530000,147.470000,5,-0.000103
-10.417872,6.092730,0.530000,147.470000,5,-0.000103
-10.874358,6.414030,0.560000,144.860000,5,-0.000103
-10.874358,6.414030,0.560000,144.860000,5,-0.000103
-10.874358,6.414030,0.560000,144.860000,5,-0.000103
-10.874358,6.414030,0.560000,144.860000,5,-0.000103
-10.874358,6.414030,0.560000,144.860000,5,-0.000103
-10.874358,6.414030,0.560000,144.860000,5,-0.000103
-10.874358,6.414030,0.560000,144.860000,5,-0.000103
-10.874358,6.414030,0.560000,144.860000,5,-0.000103
-10.874358,6.414030,0.560000,144.860000,5,-0.000103
-10.874358,6.414030,0.560000,144.860000,5,-0.000103
-10.874358,6.414030,0.560000,144.860000,5,-0.000103
-10.874358,6.414030,0.560000,144.860000,5,-0.000103
-10.874358,6.414030,0.560000,144.860000,5,-0.000103
-10.874358,6.414030,0.560000,144.860000,5,-0.000103
-10.874358,6.414030,0.560000,144.860000,5,-0.000103
-10.874358,6.414030,0.560000,144.860000,5,-0.000103
-10.874358,6.414030,0.560000,144.860000,5,-0.000103
-10.874358,6.414030,0.560000,144.860000,5,-0.000103
-10.874358,6.414030,0.560000,144.860000,5,-0.000103
-10.874358,6.414030,0.560000,144.860000,5,-0.000103
-11.367718,6.719450,0.580000,148.240000,5,-0.000103
-11.367718,6.719450,0.580000,148.240000,5,-0.000103
-11.367718,6.719450,0.580000,148.240000,5,-0.000103
-11.367718,6.719450,0.580000,148.240000,5,-0.000103
-11.367718,6.719450,0.580000,148.240000,5,-0.000103
-11.367718,6.719450,0.580000,148.240000,5,-0.000103
-11.367718,6.719450,0.580000,148.240000,5,-0.000103
-11.367718,6.719450,0.580000,148.240000,5,-0.000103
-11.367718,6.719450,0.580000,148.240000,5,-0.000103
-11.367718,6.719450,0.580000,148.240000,5,-0.000103
-11.367718,6.719450,0.580000,148.240000,5,-0.000103
-11.367718,6.719450,0.580000,148.240000,5,-0.000103
-11.367718,6.719450,0.580000,148.240000,5,-0.000103
-11.367718,6.719450,0.580000,148.240000,5,-0.000103
-11.367718,6.719450,0.580000,148.240000,5,-0.000103
-11.367718,6.719450,0.580000,148.240000,5,-0.000103
-11.367718,6.719450,0.580000,148.240000,5,-0.000103
-11.367718,6.719450,0.580000,148.240000,5,-0.000103
-11.367718,6.719450,0.580000,148.240000,5,-0.000103
-11.367718,6.719450,0.580000,148.240000,5,-0.000103
-11.818867,7.126950,0.610000,137.910000,5,-0.000103
-11.818867,7.126950,0.610000,137.910000,5,-0.000102
-11.818867,7.126950,0.610000,137.910000,5,-0.000102
-11.818867,7.126950,0.610000,137.910000,5,-0.000102
-11.818867,7.126950,0.610000,137.910000,5,-0.000102
-11.818867,7.126950,0.610000,137.910000,5,-0.000101
-11.818867,7.126950,0.610000,137.910000,5,-0.000101
-11.818867,7.126950,0.610000,137.910000,5,-0.000101
-11.818867,7.126950,0.610000,137.910000,5,-0.000101
-11.818867,7.126950,0.610000,137.910000,5,-0.000101
-11.818867,7.126950,0.610000,137.910000,5,-0.000101
-11.818867,7.126950,0.610000,137.910000,5,-0.000101
-11.818867,7.126950,0.610000,137.910000,5,-0.000101
-11.818867,7.126950,0.610000,137.910000,5,-0.000100
-11.818867,7.126950,0.610000,137.910000,5,-0.000100
-11.818867,7.126950,0.610000,137.910000,5,-0.000100
-11.818867,7.126950,0.610000,137.910000,5,-0.000100
-11.818867,7.126950,0.610000,137.910000,5,-0.000100
-11.818867,7.126950,0.610000,137.910000,5,-0.000100
-11.818867,7.126950,0.610000,137.910000,5,-0.000100
-12.347213,7.433962,0.610000,149.840000,5,-0.000101
-12.347213,7.433962,0.610000,149.840000,5,-0.000101
-12.347213,7.433962,0.610000,149.840000,5,-0.000102
-12.347213,7.433962,0.610000,149.840000,5,-0.000102
-12.347213,7.433962,0.610000,149.840000,5,-0.000102
-12.347213,7.433962,0.610000,149.840000,5,-0.000102
-12.347213,7.433962,0.610000,149.840000,5,-0.000103
-12.347213,7.433962,0.610000,149.840000,5,-0.000103
-12.347213,7.433962,0.610000,149.840000,5,-0.000103
-12.347213,7.433962,0.610000,149.840000,5,-0.000103
-12.347213,7.433962,0.610000,149.840000,5,-0.000103
-12.347213,7.433962,0.610000,149.840000,5,-0.000103
-12.347213,7.433962,0.610000,149.840000,5,-0.000103
-12.347213,7.433962,0.610000,149.840000,5,-0.000103
-12.347213,7.433962,0.610000,149.840000,5,-0.000103
-12.347213,7.433962,0.610000,149.840000,5,-0.000103
-12.347213,7.433962,0.610000,149.840000,5,-0.000104
-12.347213,7.433962,0.610000,149.840000,5,-0.000104
-12.347213,7.433962,0.610000,149.840000,5,-0.000104
-12.347213,7.433962,0.610000,149.840000,5,-0.000104
-12.347213,7.433962,0.610000,149.840000,5,-0.000104
-12.896900,7.780519,0.640000,147.770000,5,-0.000104
-12.896900,7.780519,0.640000,147.770000,5,-0.000104
-12.896900,7.780519,0.640000,147.770000,5,-0.000104
-12.896900,7.780519,0.640000,147.770000,5,-0.000104
-12.896900,7.780519,0.640000,147.770000,5,-0.000103
-12.896900,7.780519,0.640000,147.770000,5,-0.000103
-12.896900,7.780519,0.640000,147.770000,5,-0.000103
-12.896900,7.780519,0.640000,147.770000,5,-0.000103
-12.896900,7.780519,0.640000,147.770000,5,-0.000103
-12.896900,7.780519,0.640000,147.770000,5,-0.000103
-12.896900,7.780519,0.640000,147.770000,5,-0.000103
-12.896900,7.780519,0.640000,147.770000,5,-0.000103
-12.896900,7.780519,0.640000,147.770000,5,-0.000103
-12.896900,7.780519,0.640000,147.770000,5,-0.000103
-12.896900,7.780519,0.640000,147.770000,5,-0.000103
-12.896900,7.780519,0.640000,147.770000,5,-0.000103
-12.896900,7.780519,0.640000,147.770000,5,-0.000103
-12.896900,7.780519,0.640000,147.770000,5,-0.000103
-12.896900,7.780519,0.640000,147.770000,5,-0.000103
-13.425139,8.128036,0.640000,146.660000,5,-0.000103
-13.425139,8.128036,0.640000,146.660000,5,-0.000103
-13.425139,8.128036,0.640000,146.660000,5,-0.000103
-13.425139,8.128036,0.640000,146.660000,5,-0.000103
-13.425139,8.128036,0.640000,146.660000,5,-0.000103
-13.425139,8.128036,0.640000,146.660000,5,-0.000103
-13.425139,8.128036,0.640000,146.660000,5,-0.000103
-13.425139,8.128036,0.640000,146.660000,5,-0.000103
-13.425139,8.128036,0.640000,146.660000,5,-0.000103
-13.425139,8.128036,0.640000,146.660000,5,-0.000103
-13.425139,8.128036,0.640000,146.660000,5,-0.000103
-13.425139,8.128036,0.640000,146.660000,5,-0.000103
-13.425139,8.128036,0.640000,146.660000,5,-0.000103
-13.425139,8.128036,0.640000,146.660000,5,-0.000103
-13.425139,8.128036,0.640000,146.660000,5,-0.000103
-13.425139,8.128036,0.640000,146.660000,5,-0.000103
-13.425139,8.128036,0.640000,146.660000,5,-0.000103
-13.425139,8.128036,0.640000,146.660000,5,-0.000103
-13.425139,8.128036,0.640000,146.660000,5,-0.000103
-13.425139,8.128036,0.640000,146.660000,5,-0.000103
-13.600130,8.243158,0.210000,146.660000,5,-0.000103
-13.600130,8.243158,0.210000,146.660000,5,-0.000103
-13.600130,8.243158,0.210000,146.660000,5,-0.000103
-13.600130,8.243158,0.210000,146.660000,5,-0.000103
-13.600130,8.243158,0.210000,146.660000,5,-0.000103
-13.600130,8.243158,0.210000,146.660000,5,-0.000103
-13.600130,8.243158,0.210000,146.660000,5,-0.000103
-13.600130,8.243158,0.210000,146.660000,5,-0.000103
-13.600130,8.243158,0.210000,146.660000,5,-0.000103
-13.600130,8.243158,0.210000,146.660000,5,-0.000103
-13.600130,8.243158,0.210000,146.660000,5,-0.000103
-13.600130,8.243158,0.210000,146.660000,5,-0.000103
-13.600130,8.243158,0.210000,146.660000,5,-0.000103
-13.600130,8.243158,0.210000,146.660000,5,-0.000103
-13.600130,8.243158,0.210000,146.660000,5,-0.000103
-13.600130,8.243158,0.210000,146.660000,5,-0.000103
-13.600130,8.243158,0.210000,146.660000,5,-0.000103
-13.600130,8.243158,0.210000,146.660000,5,-0.000103
-13.600130,8.243158,0.210000,146.660000,5,-0.000103
-13.600130,8.243158,0.210000,146.660000,5,-0.000103
-13.633671,8.265224,0.040000,146.660000,5,-0.000103
-13.633671,8.265224,0.040000,146.660000,5,-0.000103
-13.633671,8.265224,0.040000,146.660000,5,-0.000103
-13.633671,8.265224,0.040000,146.660000,5,-0.000103
-13.633671,8.265224,0.040000,146.660000,5,-0.000103
-13.633671,8.265224,0.040000,146.660000,5,-0.000103
-13.633671,8.265224,0.040000,146.660000,5,-0.000103
-13.633671,8.265224,0.040000,146.660000,5,-0.000103
-13.633671,8.265224,0.040000,146.660000,5,-0.000103
-13.633671,8.265224,0.040000,146.660000,5,-0.000103
-13.633671,8.265224,0.040000,146.660000,5,-0.000103
-13.633671,8.265224,0.040000,146.660000,5,-0.000103
-13.633671,8.265224,0.040000,146.660000,5,-0.000103
-13.633671,8.265224,0.040000,146.660000,5,-0.000103
-13.633671,8.265224,0.040000,146.660000,5,-0.000103
-13.633671,8.265224,0.040000,146.660000,5,-0.000103
-13.633671,8.265224,0.040000,146.660000,5,-0.000103
-13.633671,8.265224,0.040000,146.660000,5,-0.000103
-13.633671,8.265224,0.040000,146.660000,5,-0.000103
-13.633671,8.265224,0.040000,146.660000,5,-0.000103
-13.633671,8.265224,0.040000,146.660000,5,-0.000103
-13.633671,8.265224,0.000000,146.660000,5,-0.000103
-13.633671,8.265224,0.000000,146.660000,5,-0.000103
-13.633671,8.265224,0.000000,146.660000,5,-0.000103
-13.633671,8.265224,0.000000,146.660000,5,-0.000103
-13.633671,8.265224,0.000000,146.660000,5,-0.000103
-13.633671,8.265224,0.000000,146.660000,5,-0.000103
-13.633671,8.265224,0.000000,146.660000,5,-0.000103
-13.633671,8.265224,0.000000,146.660000,5,-0.000103
-13.633671,8.265224,0.000000,146.660000,5,-0.000103
-13.633671,8.265224,0.000000,146.660000,5,-0.000103
-13.633671,8.265224,0.000000,146.660000,5,-0.000103
-13.633671,8.265224,0.000000,146.660000,5,-0.000103
-13.633671,8.265224,0.000000,146.660000,5,-0.000103
-13.633671,8.265224,0.000000,146.660000,5,-0.000103
-13.633671,8.265224,0.000000,146.660000,5,-0.000103
-13.633671,8.265224,0.000000,146.660000,5,-0.000103
-13.633671,8.265224,0.000000,146.660000,5,-0.000103
-13.633671,8.265224,0.000000,146.660000,5,-0.000103
-13.633671,8.265224,0.000000,146.660000,5,-0.000103
-13.633671,8.265224,0.000000,146.660000,5,-0.000103
-13.633671,8.265224,0.000000,146.660000,5,-0.000103
-13.633671,8.265224,0.000000,146.660000,5,-0.000103
-13.633671,8.265224,0.000000,146.660000,5,-0.000103
-13.633671,8.265224,0.000000,146.660000,5,-0.000103
-13.633671,8.265224,0.000000,146.660000,5,-0.000103
-13.633671,8.265224,0.000000,146.660000,5,-0.000103
-13.633671,8.265224,0.000000,146.660000,5,-0.000103
-13.633671,8.265224,0.000000,146.660000,5,-0.000103
-13.633671,8.265224,0.000000,146.660000,5,-0.000103
-13.633671,8.265224,0.000000,146.660000,5,-0.000103
-13.633671,8.265224,0.000000,146.660000,5,-0.000103
-13.633671,8.265224,0.000000,146.660000,5,-0.000103
-13.633671,8.265224,0.000000,146.660000,5,-0.000103
-13.633671,8.265224,0.000000,146.660000,5,-0.000103
-13.633671,8.265224,0.000000,146.660000,5,-0.000103
-13.633671,8.265224,0.000000,146.660000,5,-0.000103
-13.633671,8.265224,0.000000,146.660000,5,-0.000103
-13.633671,8.265224,0.000000,146.660000,5,-0.000103
-13.633671,8.265224,0.000000,146.660000,5,-0.000103
-13.633671,8.265224,0.000000,146.660000,5,-0.000103
-13.633671,8.265224,0.000000,146.660000,5,-0.000103
-13.633671,8.265224,0.000000,146.660000,5,-0.000103
-13.633671,8.265224,0.000000,146.660000,5,-0.000103
-13.633671,8.265224,0.000000,146.660000,5,-0.000103
-13.633671,8.265224,0.000000,146.660000,5,-0.000103
-13.633671,8.265224,0.000000,146.660000,5,-0.000103
-13.633671,8.265224,0.000000,146.660000,5,-0.000103
-13.633671,8.265224,0.000000,146.660000,5,-0.000103
-13.633671,8.265224,0.000000,146.660000,5,-0.000103
-13.633671,8.265224,0.000000,146.660000,5,-0.000103
-13.633671,8.265224,0.000000,146.660000,5,-0.000103
-13.633671,8.265224,0.000000,146.660000,5,-0.000103
-13.633671,8.265224,0.000000,146.660000,5,-0.000103
-13.633671,8.265224,0.000000,146.660000,5,-0.000103
-13.633671,8.265224,0.000000,146.660000,5,-0.000103
-13.633671,8.265224,0.000000,146.660000,5,-0.000103
-13.633671,8.265224,0.000000,146.660000,5,-0.000103
-13.633671,8.265224,0.000000,146.660000,5,-0.000103
-13.633671,8.265224,0.000000,146.660000,5,-0.000103
831532.839494,1644178.701869,0.000000,146.660000,4,-1.103558
831532.839494,1644178.701869,0.000000,146.660000,4,-2.203558
831532.839494,1644178.701869,0.000000,146.660000,4,-3.303558
831532.839494,1644178.701869,0.000000,146.660000,4,-4.407627
831532.839494,1644178.701869,0.000000,146.660000,4,-5.507627
831532.839494,1644178.701869,0.000000,146.660000,4,-6.609415
831532.839494,1644178.701869,0.000000,146.660000,4,-7.709415
831532.839494,1644178.701869,0.000000,146.660000,4,-8.809415
831532.839494,1644178.701869,0.000000,146.660000,4,-9.910593
831532.839494,1644178.701869,0.000000,146.660000,4,-11.013216
831532.839494,1644178.701869,0.000000,146.660000,4,-12.113216
831532.839494,1644178.701869,0.000000,146.660000,4,-13.214225
831532.839494,1644178.701869,0.000000,146.660000,4,-14.424265
831532.839494,1644178.701869,0.000000,146.660000,4,-15.524265
831532.839494,1644178.701869,0.000000,146.660000,4,-16.594589
831532.839494,1644178.701869,0.000000,146.660000,4,-17.493661
831532.839494,1644178.701869,0.000000,146.660000,4,-18.248882
831532.839494,1644178.701869,0.000000,146.660000,4,-18.883267
831532.839494,1644178.701869,0.000000,146.660000,4,-19.416151
831532.839494,1644178.701869,0.000000,146.660000,4,-19.863773
831532.821796,1644178.683164,0.010000,146.660000,4,-20.283607
831532.821796,1644178.683164,0.010000,146.660000,4,-20.636267
831532.821796,1644178.683164,0.010000,146.660000,4,-20.932502
831532.821796,1644178.683164,0.010000,146.660000,4,-21.181339
831532.821796,1644178.683164,0.010000,146.660000,4,-21.390362
831532.821796,1644178.683164,0.010000,146.660000,4,-21.565941
831532.821796,1644178.683164,0.010000,146.660000,4,-21.713428
831532.821796,1644178.683164,0.010000,146.660000,4,-21.837317
831532.821796,1644178.683164,0.010000,146.660000,4,-21.941384
831532.821796,1644178.683164,0.010000,146.660000,4,-22.028800
831532.821796,1644178.683164,0.010000,146.660000,4,-22.102229
831532.821796,1644178.683164,0.010000,146.660000,4,-22.163910
831532.821796,1644178.683164,0.010000,146.660000,4,-22.215722
831532.821796,1644178.683164,0.010000,146.660000,4,-22.259244
831532.821796,1644178.683164,0.010000,146.660000,4,-22.295802
831532.821796,1644178.683164,0.010000,146.660000,4,-22.326511
831532.821796,1644178.683164,0.010000,146.660000,4,-22.352307
831532.821796,1644178.683164,0.010000,146.660000,4,-22.373975
831532.821796,1644178.683164,0.010000,146.660000,4,-22.392176
831532.821796,1644178.683164,0.010000,146.660000,4,-22.407465
831532.803843,1644178.682916,0.000000,146.660000,4,-22.459890
831532.803843,1644178.682916,0.000000,146.660000,4,-22.503927
831532.803843,1644178.682916,0.000000,146.660000,4,-22.540917
831532.803843,1644178.682916,0.000000,146.660000,4,-22.571990
831532.803843,1644178.682916,0.000000,146.660000,4,-22.598090
831532.803843,1644178.682916,0.000000,146.660000,4,-22.620015
831532.803843,1644178.682916,0.000000,146.660000,4,-22.638432
831532.803843,1644178.682916,0.000000,146.660000,4,-22.653902
831532.803843,1644178.682916,0.000000,146.660000,4,-22.666896
831532.803843,1644178.682916,0.000000,146.660000,4,-22.677812
831532.803843,1644178.682916,0.000000,146.660000,4,-22.686981
831532.803843,1644178.682916,0.000000,146.660000,4,-22.694683
831532.803843,1644178.682916,0.000000,146.660000,4,-22.701153
831532.803843,1644178.682916,0.000000,146.660000,4,-22.706588
831532.803843,1644178.682916,0.000000,146.660000,4,-22.711153
831532.803843,1644178.682916,0.000000,146.660000,4,-22.714987
831532.803843,1644178.682916,0.000000,146.660000,4,-22.718208
831532.803843,1644178.682916,0.000000,146.660000,4,-22.720914
831532.803843,1644178.682916,0.000000,146.660000,4,-22.723187
831532.803843,1644178.682916,0.000000,146.660000,4,-22.725096
831532.804098,1644178.664459,0.000000,146.660000,4,-22.730076
831532.804098,1644178.664459,0.000000,146.660000,4,-22.734259
831532.804098,1644178.664459,0.000000,146.660000,4,-22.737773
831532.804098,1644178.664459,0.000000,146.660000,4,-22.740724
831532.804098,1644178.664459,0.000000,146.660000,4,-22.743204
831532.804098,1644178.664459,0.000000,146.660000,4,-22.745286
831532.804098,1644178.664459,0.000000,146.660000,4,-22.747036
831532.804098,1644178.664459,0.000000,146.660000,4,-22.748505
831532.804098,1644178.664459,0.000000,146.660000,4,-22.749739
831532.804098,1644178.664459,0.000000,146.660000,4,-22.750776
831532.804098,1644178.664459,0.000000,146.660000,4,-22.751647
831532.804098,1644178.664459,0.000000,146.660000,4,-22.752379
831532.804098,1644178.664459,0.000000,146.660000,4,-22.752994
831532.804098,1644178.664459,0.000000,146.660000,4,-22.753510
831532.804098,1644178.664459,0.000000,146.660000,4,-22.753943
831532.804098,1644178.664459,0.000000,146.660000,4,-22.754308
831532.804098,1644178.664459,0.000000,146.660000,4,-22.754614
831532.804098,1644178.664459,0.000000,146.660000,4,-22.754871
831532.804098,1644178.664459,0.000000,146.660000,4,-22.755087
831532.804098,1644178.664459,0.000000,146.660000,4,-22.755268
831532.857702,1644178.683659,0.000000,146.660000,4,-22.633614
831532.857702,1644178.683659,0.000000,146.660000,4,-22.531425
831532.857702,1644178.683659,0.000000,146.660000,4,-22.445586
831532.857702,1644178.683659,0.000000,146.660000,4,-22.373482
831532.857702,1644178.683659,0.000000,146.660000,4,-22.312914
831532.857702,1644178.683659,0.000000,146.660000,4,-22.262037
831532.857702,1644178.683659,0.000000,146.660000,4,-22.219300
831532.857702,1644178.683659,0.000000,146.660000,4,-22.183401
831532.857702,1644178.683659,0.000000,146.660000,4,-22.153246
831532.857702,1644178.683659,0.000000,146.660000,4,-22.127916
831532.857702,1644178.683659,0.000000,146.660000,4,-22.106639
831532.857702,1644178.683659,0.000000,146.660000,4,-22.088766
831532.857702,1644178.683659,0.000000,146.660000,4,-22.073752
831532.857702,1644178.683659,0.000000,146.660000,4,-22.061141
831532.857702,1644178.683659,0.000000,146.660000,4,-22.050548
831532.857702,1644178.683659,0.000000,146.660000,4,-22.041649
831532.857702,1644178.683659,0.000000,146.660000,4,-22.034175
831532.857702,1644178.683659,0.000000,146.660000,4,-22.027896
831532.857702,1644178.683659,0.000000,146.660000,4,-22.022622
831532.857702,1644178.683659,0.000000,146.660000,4,-22.018192
831532.893353,1644178.702611,0.000000,146.660000,4,-21.930677
831532.893353,1644178.702611,0.000000,146.660000,4,-21.857165
831532.893353,1644178.702611,0.000000,146.660000,4,-21.795415
831532.893353,1644178.702611,0.000000,146.660000,4,-21.743545
831532.893353,1644178.702611,0.000000,146.660000,4,-21.699974
831532.893353,1644178.702611,0.000000,146.660000,4,-21.663374
831532.893353,1644178.702611,0.000000,146.660000,4,-21.632631
831532.893353,1644178.702611,0.000000,146.660000,4,-21.606806
831532.893353,1644178.702611,0.000000,146.660000,4,-21.585113
831532.893353,1644178.702611,0.000000,146.660000,4,-21.566891
831532.893353,1644178.702611,0.000000,146.660000,4,-21.551585
831532.893353,1644178.702611,0.000000,146.660000,4,-21.538728
831532.893353,1644178.702611,0.000000,146.660000,4,-21.527927
831532.893353,1644178.702611,0.000000,146.660000,4,-21.518855
831532.893353,1644178.702611,0.000000,146.660000,4,-21.511235
831532.893353,1644178.702611,0.000000,146.660000,4,-21.504833
831532.893353,1644178.702611,0.000000,146.660000,4,-21.499456
831532.893353,1644178.702611,0.000000,146.660000,4,-21.494939
831532.893353,1644178.702611,0.000000,146.660000,4,-21.491145
831532.893353,1644178.702611,0.000000,146.660000,4,-21.487958
831532.875655,1644178.683907,0.000000,146.660000,4,-21.529819
831532.875655,1644178.683907,0.000000,146.660000,4,-21.564982
831532.875655,1644178.683907,0.000000,146.660000,4,-21.594520
831532.875655,1644178.683907,0.000000,146.660000,4,-21.619331
831532.875655,1644178.683907,0.000000,146.660000,4,-21.640172
831532.875655,1644178.683907,0.000000,146.660000,4,-21.657679
831532.875655,1644178.683907,0.000000,146.660000,4,-21.672385
831532.875655,1644178.683907,0.000000,146.660000,4,-21.684737
831532.875655,1644178.683907,0.000000,146.660000,4,-21.695114
831532.875655,1644178.683907,0.000000,146.660000,4,-21.703830
831532.875655,1644178.683907,0.000000,146.660000,4,-21.711151
831532.875655,1644178.683907,0.000000,146.660000,4,-21.717301
831532.875655,1644178.683907,0.000000,146.660000,4,-21.722467
831532.875655,1644178.683907,0.000000,146.660000,4,-21.726807
831532.875655,1644178.683907,0.000000,146.660000,4,-21.730452
831532.875655,1644178.683907,0.000000,146.660000,4,-21.733514
831532.875655,1644178.683907,0.000000,146.660000,4,-21.736086
831532.875655,1644178.683907,0.000000,146.660000,4,-21.738247
831532.875655,1644178.683907,0.000000,146.660000,4,-21.740061
831532.875655,1644178.683907,0.000000,146.660000,4,-21.741586
831532.875655,1644178.683907,0.000000,146.660000,4,-21.742866
831532.875909,1644178.665450,0.000000,146.660000,4,-21.748729
831532.875909,1644178.665450,0.000000,146.660000,4,-21.753653
831532.875909,1644178.665450,0.000000,146.660000,4,-21.757789
831532.875909,1644178.665450,0.000000,146.660000,4,-21.761264
831532.875909,1644178.665450,0.000000,146.660000,4,-21.764183
831532.875909,1644178.665450,0.000000,146.660000,4,-21.766634
831532.875909,1644178.665450,0.000000,146.660000,4,-21.768694
831532.875909,1644178.665450,0.000000,146.660000,4,-21.770424
831532.875909,1644178.665450,0.000000,146.660000,4,-21.771877
831532.875909,1644178.665450,0.000000,146.660000,4,-21.773097
831532.875909,1644178.665450,0.000000,146.660000,4,-21.774123
831532.875909,1644178.665450,0.000000,146.660000,4,-21.774984
831532.875909,1644178.665450,0.000000,146.660000,4,-21.775707
831532.875909,1644178.665450,0.000000,146.660000,4,-21.776315
831532.875909,1644178.665450,0.000000,146.660000,4,-21.776826
831532.875909,1644178.665450,0.000000,146.660000,4,-21.777254
831532.875909,1644178.665450,0.000000,146.660000,4,-21.777615
831532.875909,1644178.665450,0.000000,146.660000,4,-21.777917
831532.875909,1644178.665450,0.000000,146.660000,4,-21.778171
831532.857956,1644178.665202,0.000000,146.660000,4,-21.817293
831532.857956,1644178.665202,0.000000,146.660000,4,-21.850155
831532.857956,1644178.665202,0.000000,146.660000,4,-21.877759
831532.857956,1644178.665202,0.000000,146.660000,4,-21.900947
831532.857956,1644178.665202,0.000000,146.660000,4,-21.920424
831532.857956,1644178.665202,0.000000,146.660000,4,-21.936786
831532.857956,1644178.665202,0.000000,146.660000,4,-21.950529
831532.857956,1644178.665202,0.000000,146.660000,4,-21.962073
831532.857956,1644178.665202,0.000000,146.660000,4,-21.971771
831532.857956,1644178.665202,0.000000,146.660000,4,-21.979916
831532.857956,1644178.665202,0.000000,146.660000,4,-21.986759
831532.857956,1644178.665202,0.000000,146.660000,4,-21.992506
831532.857956,1644178.665202,0.000000,146.660000,4,-21.997334
831532.857956,1644178.665202,0.000000,146.660000,4,-22.001390
831532.857956,1644178.665202,0.000000,146.660000,4,-22.004797
831532.857956,1644178.665202,0.000000,146.660000,4,-22.007658
831532.857956,1644178.665202,0.000000,146.660000,4,-22.010062
831532.857956,1644178.665202,0.000000,146.660000,4,-22.012081
831532.857956,1644178.665202,0.000000,146.660000,4,-22.013777
831532.857956,1644178.665202,0.000000,146.660000,4,-22.015202
831532.857956,1644178.665202,0.000000,146.660000,4,-22.016399
831532.857956,1644178.665202,0.000000,146.660000,4,-22.017404
831532.857956,1644178.665202,0.000000,146.660000,4,-22.018248
831532.857956,1644178.665202,0.000000,146.660000,4,-22.018958
831532.857956,1644178.665202,0.000000,146.660000,4,-22.019553
831532.857956,1644178.665202,0.000000,146.660000,4,-22.020054
831532.857956,1644178.665202,0.000000,146.660000,4,-22.020474
831532.857956,1644178.665202,0.000000,146.660000,4,-22.020827
831532.857956,1644178.665202,0.000000,146.660000,4,-22.021124
831532.857956,1644178.665202,0.000000,146.660000,4,-22.021373
831532.857956,1644178.665202,0.000000,146.660000,4,-22.021583
831532.857956,1644178.665202,0.000000,146.660000,4,-22.021758
831532.857956,1644178.665202,0.000000,146.660000,4,-22.021906
831532.857956,1644178.665202,0.000000,146.660000,4,-22.022030
831532.857956,1644178.665202,0.000000,146.660000,4,-22.022134
831532.857956,1644178.665202,0.000000,146.660000,4,-22.022222
831532.857956,1644178.665202,0.000000,146.660000,4,-22.022295
831532.857956,1644178.665202,0.000000,146.660000,4,-22.022357
831532.857956,1644178.665202,0.000000,146.660000,4,-22.022409
831532.857956,1644178.665202,0.000000,146.660000,4,-22.022453
831532.857956,1644178.665202,0.000000,146.660000,4,-22.022489
831532.857956,1644178.665202,0.000000,146.660000,4,-22.022520
831532.857956,1644178.665202,0.000000,146.660000,4,-22.022546
831532.857956,1644178.665202,0.000000,146.660000,4,-22.022568
831532.857956,1644178.665202,0.000000,146.660000,4,-22.022586
831532.857956,1644178.665202,0.000000,146.660000,4,-22.022601
831532.857956,1644178.665202,0.000000,146.660000,4,-22.022614
831532.857956,1644178.665202,0.000000,146.660000,4,-22.022625
831532.857956,1644178.665202,0.000000,146.660000,4,-22.022634
831532.857956,1644178.665202,0.000000,146.660000,4,-22.022641
831532.857956,1644178.665202,0.000000,146.660000,4,-22.022648
831532.857956,1644178.665202,0.000000,146.660000,4,-22.022653
831532.857956,1644178.665202,0.000000,146.660000,4,-22.022658
831532.857956,1644178.665202,0.000000,146.660000,4,-22.022662
831532.857956,1644178.665202,0.000000,146.660000,4,-22.022665
831532.857956,1644178.665202,0.000000,146.660000,4,-22.022667
831532.857956,1644178.665202,0.000000,146.660000,4,-22.022670
831532.857956,1644178.665202,0.000000,146.660000,4,-22.022672
831532.857956,1644178.665202,0.000000,146.660000,4,-22.022673
831532.857956,1644178.665202,0.000000,146.660000,4,-22.022674
831532.858211,1644178.646745,0.570000,155.460000,4,-22.988242
831532.858211,1644178.646745,0.570000,155.460000,4,-23.799319
831532.858211,1644178.646745,0.570000,155.460000,4,-24.480623
831532.858211,1644178.646745,0.570000,155.460000,4,-25.052919
831532.858211,1644178.646745,0.570000,155.460000,4,-25.533647
831532.858211,1644178.646745,0.570000,155.460000,4,-25.937459
831532.858211,1644178.646745,0.570000,155.460000,4,-26.276661
831532.858211,1644178.646745,0.570000,155.460000,4,-26.561590
831532.858211,1644178.646745,0.570000,155.460000,4,-26.800931
831532.858211,1644178.646745,0.570000,155.460000,4,-27.001978
831532.858211,1644178.646745,0.570000,155.460000,4,-27.170857
831532.858211,1644178.646745,0.570000,155.460000,4,-27.312715
831532.858211,1644178.646745,0.570000,155.460000,4,-27.431876
831532.858211,1644178.646745,0.570000,155.460000,4,-27.531971
831532.858211,1644178.646745,0.570000,155.460000,4,-27.616051
831532.858211,1644178.646745,0.570000,155.460000,4,-27.686678
831532.858211,1644178.646745,0.570000,155.460000,4,-27.746005
831532.858211,1644178.646745,0.570000,155.460000,4,-27.795840
831532.858211,1644178.646745,0.570000,155.460000,4,-27.837701
831532.858211,1644178.646745,0.570000,155.460000,4,-27.872864
831532.713824,1644178.700135,1.070000,141.420000,4,-26.772864
831532.713824,1644178.700135,1.070000,141.420000,4,-25.670010
831532.713824,1644178.700135,1.070000,141.420000,4,-24.566768
831532.713824,1644178.700135,1.070000,141.420000,4,-23.464833
831532.713824,1644178.700135,1.070000,141.420000,4,-22.352062
831532.713824,1644178.700135,1.070000,141.420000,4,-21.252062
831532.713824,1644178.700135,1.070000,141.420000,4,-20.148051
831532.713824,1644178.700135,1.070000,141.420000,4,-19.050468
831532.713824,1644178.700135,1.070000,141.420000,4,-18.128499
831532.713824,1644178.700135,1.070000,141.420000,4,-17.354045
831532.713824,1644178.700135,1.070000,141.420000,4,-16.703503
831532.713824,1644178.700135,1.070000,141.420000,4,-16.157048
831532.713824,1644178.700135,1.070000,141.420000,4,-15.698026
831532.713824,1644178.700135,1.070000,141.420000,4,-15.312448
831532.713824,1644178.700135,1.070000,141.420000,4,-14.988562
831532.713824,1644178.700135,1.070000,141.420000,4,-14.716498
831532.713824,1644178.700135,1.070000,141.420000,4,-14.487964
831532.713824,1644178.700135,1.070000,141.420000,4,-14.295995
831532.713824,1644178.700135,1.070000,141.420000,4,-14.134741
831532.713824,1644178.700135,1.070000,141.420000,4,-13.999288
831532.079362,1644179.134439,0.860000,134.670000,4,-13.987544
831532.079362,1644179.134439,0.860000,134.670000,4,-13.977679
831532.079362,1644179.134439,0.860000,134.670000,4,-13.969392
831532.079362,1644179.134439,0.860000,134.670000,4,-13.962431
831532.079362,1644179.134439,0.860000,134.670000,4,-13.956583
831532.079362,1644179.134439,0.860000,134.670000,4,-13.951672
831532.079362,1644179.134439,0.860000,134.670000,4,-13.947546
831532.079362,1644179.134439,0.860000,134.670000,4,-13.944080
831532.079362,1644179.134439,0.860000,134.670000,4,-13.941169
831532.079362,1644179.134439,0.860000,134.670000,4,-13.938724
831532.079362,1644179.134439,0.860000,134.670000,4,-13.936669
831532.079362,1644179.134439,0.860000,134.670000,4,-13.934944
831532.079362,1644179.134439,0.860000,134.670000,4,-13.933495
831532.079362,1644179.134439,0.860000,134.670000,4,-13.932277
831532.079362,1644179.134439,0.860000,134.670000,4,-13.931254
831532.079362,1644179.134439,0.860000,134.670000,4,-13.930395
831532.079362,1644179.134439,0.860000,134.670000,4,-13.929674
831532.079362,1644179.134439,0.860000,134.670000,4,-13.929068
831532.079362,1644179.134439,0.860000,134.670000,4,-13.928558
831532.079362,1644179.134439,0.860000,134.670000,4,-13.928131
831531.710188,1644179.428843,0.470000,139.420000,5,-14.478498
831531.710188,1644179.428843,0.470000,139.420000,5,-15.028498
831531.710188,1644179.428843,0.470000,139.420000,5,-15.587094
831531.710188,1644179.428843,0.470000,139.420000,5,-16.137094
831531.710188,1644179.428843,0.470000,139.420000,5,-16.688508
831531.710188,1644179.428843,0.470000,139.420000,5,-17.242314
831531.710188,1644179.428843,0.470000,139.420000,5,-17.792314
831531.710188,1644179.428843,0.470000,139.420000,5,-18.342314
831531.710188,1644179.428843,0.470000,139.420000,5,-18.899380
831531.710188,1644179.428843,0.470000,139.420000,5,-19.449380
831531.710188,1644179.428843,0.470000,139.420000,5,-19.963983
831531.710188,1644179.428843,0.470000,139.420000,5,-20.396250
831531.710188,1644179.428843,0.470000,139.420000,5,-20.759354
831531.710188,1644179.428843,0.470000,139.420000,5,-21.064362
831531.710188,1644179.428843,0.470000,139.420000,5,-21.320568
831531.710188,1644179.428843,0.470000,139.420000,5,-21.535782
831531.710188,1644179.428843,0.470000,139.420000,5,-21.716561
831531.710188,1644179.428843,0.470000,139.420000,5,-21.868415
831531.710188,1644179.428843,0.470000,139.420000,5,-21.995973
831531.710188,1644179.428843,0.470000,139.420000,5,-22.103122
831531.664456,1644179.467440,0.060000,139.420000,5,-22.307436
831531.664456,1644179.467440,0.060000,139.420000,5,-22.479060
831531.664456,1644179.467440,0.060000,139.420000,5,-22.623224
831531.664456,1644179.467440,0.060000,139.420000,5,-22.744322
831531.664456,1644179.467440,0.060000,139.420000,5,-22.846044
831531.664456,1644179.467440,0.060000,139.420000,5,-22.931491
831531.664456,1644179.467440,0.060000,139.420000,5,-23.003266
831531.664456,1644179.467440,0.060000,139.420000,5,-23.063557
831531.664456,1644179.467440,0.060000,139.420000,5,-23.114202
831531.664456,1644179.467440,0.060000,139.420000,5,-23.156743
831531.664456,1644179.467440,0.060000,139.420000,5,-23.192478
831531.664456,1644179.467440,0.060000,139.420000,5,-23.222495
831531.664456,1644179.467440,0.060000,139.420000,5,-23.247710
831531.664456,1644179.467440,0.060000,139.420000,5,-23.268890
831531.664456,1644179.467440,0.060000,139.420000,5,-23.286681
831531.664456,1644179.467440,0.060000,139.420000,5,-23.301626
831531.664456,1644179.467440,0.060000,139.420000,5,-23.314180
831531.664456,1644179.467440,0.060000,139.420000,5,-23.324725
831531.664456,1644179.467440,0.060000,139.420000,5,-23.333583
831531.664456,1644179.467440,0.060000,139.420000,5,-23.341023
831531.618560,1644179.506136,0.060000,139.420000,5,-23.466376
831531.618560,1644179.506136,0.060000,139.420000,5,-23.571673
831531.618560,1644179.506136,0.060000,139.420000,5,-23.660122
831531.618560,1644179.506136,0.060000,139.420000,5,-23.734419
831531.618560,1644179.506136,0.060000,139.420000,5,-23.796829
831531.618560,1644179.506136,0.060000,139.420000,5,-23.849253
831531.618560,1644179.506136,0.060000,139.420000,5,-23.893289
831531.618560,1644179.506136,0.060000,139.420000,5,-23.930279
831531.618560,1644179.506136,0.060000,139.420000,5,-23.961351
831531.618560,1644179.506136,0.060000,139.420000,5,-23.987452
831531.618560,1644179.506136,0.060000,139.420000,5,-24.009376
831531.618560,1644179.506136,0.060000,139.420000,5,-24.027793
831531.618560,1644179.506136,0.060000,139.420000,5,-24.043263
831531.618560,1644179.506136,0.060000,139.420000,5,-24.056257
831531.618560,1644179.506136,0.060000,139.420000,5,-24.067173
831531.618560,1644179.506136,0.060000,139.420000,5,-24.076342
831531.618560,1644179.506136,0.060000,139.420000,5,-24.084044
831531.618560,1644179.506136,0.060000,139.420000,5,-24.090513
831531.618560,1644179.506136,0.060000,139.420000,5,-24.095948
831531.618560,1644179.506136,0.060000,139.420000,5,-24.100513
831531.618560,1644179.506136,0.000000,139.420000,5,-24.104348
831531.618560,1644179.506136,0.000000,139.420000,5,-24.107569
831531.618560,1644179.506136,0.000000,139.420000,5,-24.110274
831531.618560,1644179.506136,0.000000,139.420000,5,-24.112547
831531.618560,1644179.506136,0.000000,139.420000,5,-24.114456
831531.618560,1644179.506136,0.000000,139.420000,5,-24.116060
831531.618560,1644179.506136,0.000000,139.420000,5,-24.117407
831531.618560,1644179.506136,0.000000,139.420000,5,-24.118539
831531.618560,1644179.506136,0.000000,139.420000,5,-24.119489
831531.618560,1644179.506136,0.000000,139.420000,5,-24.120288
831531.618560,1644179.506136,0.000000,139.420000,5,-24.120958
831531.618560,1644179.506136,0.000000,139.420000,5,-24.121522
831531.618560,1644179.506136,0.000000,139.420000,5,-24.121995
831531.618560,1644179.506136,0.000000,139.420000,5,-24.122392
831531.618560,1644179.506136,0.000000,139.420000,5,-24.122726
831531.618560,1644179.506136,0.000000,139.420000,5,-24.123007
831531.618560,1644179.506136,0.000000,139.420000,5,-24.123242
831531.618560,1644179.506136,0.000000,139.420000,5,-24.123440
831531.618560,1644179.506136,0.000000,139.420000,5,-24.123606
831531.618560,1644179.506136,0.000000,139.420000,5,-24.123746
831531.618560,1644179.506136,0.000000,139.420000,5,-24.123863
831531.618560,1644179.506136,0.000000,139.420000,5,-24.123962
831531.618560,1644179.506136,0.000000,139.420000,5,-24.124045
831531.618560,1644179.506136,0.000000,139.420000,5,-24.124114
831531.618560,1644179.506136,0.000000,139.420000,5,-24.124173
831531.618560,1644179.506136,0.000000,139.420000,5,-24.124222
831531.618560,1644179.506136,0.000000,139.420000,5,-24.124263
831531.618560,1644179.506136,0.000000,139.420000,5,-24.124298
831531.618560,1644179.506136,0.000000,139.420000,5,-24.124327
831531.618560,1644179.506136,0.000000,139.420000,5,-24.124351
831531.618560,1644179.506136,0.000000,139.420000,5,-24.124372
831531.618560,1644179.506136,0.000000,139.420000,5,-24.124389
831531.618560,1644179.506136,0.000000,139.420000,5,-24.124403
831531.618560,1644179.506136,0.000000,139.420000,5,-24.124415
831531.618560,1644179.506136,0.000000,139.420000,5,-24.124426
831531.618560,1644179.506136,0.000000,139.420000,5,-24.124434
831531.618560,1644179.506136,0.000000,139.420000,5,-24.124441
831531.618560,1644179.506136,0.000000,139.420000,5,-24.124447
831531.618560,1644179.506136,0.000000,139.420000,5,-24.124453
831531.618560,1644179.506136,0.000000,139.420000,5,-24.124457
831531.610943,1644179.512643,0.010000,139.420000,5,-24.144660
831531.610943,1644179.512643,0.010000,139.420000,5,-24.161630
831531.610943,1644179.512643,0.010000,139.420000,5,-24.175886
831531.610943,1644179.512643,0.010000,139.420000,5,-24.187860
831531.610943,1644179.512643,0.010000,139.420000,5,-24.197919
831531.610943,1644179.512643,0.010000,139.420000,5,-24.206368
831531.610943,1644179.512643,0.010000,139.420000,5,-24.213465
831531.610943,1644179.512643,0.010000,139.420000,5,-24.219427
831531.610943,1644179.512643,0.010000,139.420000,5,-24.224435
831531.610943,1644179.512643,0.010000,139.420000,5,-24.228641
831531.610943,1644179.512643,0.010000,139.420000,5,-24.232175
831531.610943,1644179.512643,0.010000,139.420000,5,-24.235143
831531.610943,1644179.512643,0.010000,139.420000,5,-24.237636
831531.610943,1644179.512643,0.010000,139.420000,5,-24.239731
831531.610943,1644179.512643,0.010000,139.420000,5,-24.241490
831531.610943,1644179.512643,0.010000,139.420000,5,-24.242968
831531.610943,1644179.512643,0.010000,139.420000,5,-24.244209
831531.610943,1644179.512643,0.010000,139.420000,5,-24.245252
831531.610943,1644179.512643,0.010000,139.420000,5,-24.246128
831531.610943,1644179.512643,0.010000,139.420000,5,-24.246863
831531.610943,1644179.512643,0.000000,139.420000,5,-24.247481
831531.610943,1644179.512643,0.000000,139.420000,5,-24.248000
831531.610943,1644179.512643,0.000000,139.420000,5,-24.248437
831531.610943,1644179.512643,0.000000,139.420000,5,-24.248803
831531.610943,1644179.512643,0.000000,139.420000,5,-24.249111
831531.610943,1644179.512643,0.000000,139.420000,5,-24.249369
831531.610943,1644179.512643,0.000000,139.420000,5,-24.249586
831531.610943,1644179.512643,0.000000,139.420000,5,-24.249768
831531.610943,1644179.512643,0.000000,139.420000,5,-24.249922
831531.610943,1644179.512643,0.000000,139.420000,5,-24.250050
831531.610943,1644179.512643,0.000000,139.420000,5,-24.250158
831531.610943,1644179.512643,0.000000,139.420000,5,-24.250249
831531.610943,1644179.512643,0.000000,139.420000,5,-24.250326
831531.610943,1644179.512643,0.000000,139.420000,5,-24.250390
831531.610943,1644179.512643,0.000000,139.420000,5,-24.250443
831531.610943,1644179.512643,0.000000,139.420000,5,-24.250489
831531.610943,1644179.512643,0.000000,139.420000,5,-24.250527
831531.610943,1644179.512643,0.000000,139.420000,5,-24.250558
831531.610943,1644179.512643,0.000000,139.420000,5,-24.250585
831531.610943,1644179.512643,0.000000,139.420000,5,-24.250608
831531.595709,1644179.525619,0.020000,139.420000,5,-24.291404
831531.595709,1644179.525619,0.020000,139.420000,5,-24.325673
831531.595709,1644179.525619,0.020000,139.420000,5,-24.354458
831531.595709,1644179.525619,0.020000,139.420000,5,-24.378638
831531.595709,1644179.525619,0.020000,139.420000,5,-24.398949
831531.595709,1644179.525619,0.020000,139.420000,5,-24.416011
831531.595709,1644179.525619,0.020000,139.420000,5,-24.430342
831531.595709,1644179.525619,0.020000,139.420000,5,-24.442381
831531.595709,1644179.525619,0.020000,139.420000,5,-24.452493
831531.595709,1644179.525619,0.020000,139.420000,5,-24.460988
831531.595709,1644179.525619,0.020000,139.420000,5,-24.468123
831531.595709,1644179.525619,0.020000,139.420000,5,-24.474117
831531.595709,1644179.525619,0.020000,139.420000,5,-24.479151
831531.595709,1644179.525619,0.020000,139.420000,5,-24.483380
831531.595709,1644179.525619,0.020000,139.420000,5,-24.486933
831531.595709,1644179.525619,0.020000,139.420000,5,-24.489917
831531.595709,1644179.525619,0.020000,139.420000,5,-24.492424
831531.595709,1644179.525619,0.020000,139.420000,5,-24.494529
831531.595709,1644179.525619,0.020000,139.420000,5,-24.496298
831531.595709,1644179.525619,0.020000,139.420000,5,-24.497784
831531.595709,1644179.525619,0.000000,139.420000,5,-24.499031
831531.595709,1644179.525619,0.000000,139.420000,5,-24.500080
831531.595709,1644179.525619,0.000000,139.420000,5,-24.500960
831531.595709,1644179.525619,0.000000,139.420000,5,-24.501700
831531.595709,1644179.525619,0.000000,139.420000,5,-24.502321
831531.595709,1644179.525619,0.000000,139.420000,5,-24.502843
831531.595709,1644179.525619,0.000000,139.420000,5,-24.503282
831531.595709,1644179.525619,0.000000,139.420000,5,-24.503650
831531.595709,1644179.525619,0.000000,139.420000,5,-24.503959
831531.595709,1644179.525619,0.000000,139.420000,5,-24.504219
831531.595709,1644179.525619,0.000000,139.420000,5,-24.504437
831531.595709,1644179.525619,0.000000,139.420000,5,-24.504621
831531.595709,1644179.525619,0.000000,139.420000,5,-24.504775
831531.595709,1644179.525619,0.000000,139.420000,5,-24.504904
831531.595709,1644179.525619,0.000000,139.420000,5,-24.505013
831531.595709,1644179.525619,0.000000,139.420000,5,-24.505104
831531.595709,1644179.525619,0.000000,139.420000,5,-24.505181
831531.595709,1644179.525619,0.000000,139.420000,5,-24.505245
831531.595709,1644179.525619,0.000000,139.420000,5,-24.505299
831531.595709,1644179.525619,0.000000,139.420000,5,-24.505345
831531.595709,1644179.525619,0.000000,139.420000,5,-24.505383
831531.595709,1644179.525619,0.000000,139.420000,5,-24.505415
831531.595709,1644179.525619,0.000000,139.420000,5,-24.505442
831531.595709,1644179.525619,0.000000,139.420000,5,-24.505465
831531.595709,1644179.525619,0.000000,139.420000,5,-24.505484
831531.595709,1644179.525619,0.000000,139.420000,5,-24.505500
831531.595709,1644179.525619,0.000000,139.420000,5,-24.505513
831531.595709,1644179.525619,0.000000,139.420000,5,-24.505524
831531.595709,1644179.525619,0.000000,139.420000,5,-24.505534
831531.595709,1644179.525619,0.000000,139.420000,5,-24.505542
831531.595709,1644179.525619,0.000000,139.420000,5,-24.505548
831531.595709,1644179.525619,0.000000,139.420000,5,-24.505554
831531.595709,1644179.525619,0.000000,139.420000,5,-24.505559
831531.595709,1644179.525619,0.000000,139.420000,5,-24.505563
831531.595709,1644179.525619,0.000000,139.420000,5,-24.505566
831531.595709,1644179.525619,0.000000,139.420000,5,-24.505569
831531.595709,1644179.525619,0.000000,139.420000,5,-24.505571
831531.595709,1644179.525619,0.000000,139.420000,5,-24.505573
831531.595709,1644179.525619,0.000000,139.420000,5,-24.505575
831531.595709,1644179.525619,0.000000,139.420000,5,-24.505576
831531.595709,1644179.525619,0.000000,139.420000,5,-24.505577
831531.595709,1644179.525619,0.000000,139.420000,5,-24.505578
831531.595709,1644179.525619,0.000000,139.420000,5,-24.505579
831531.595709,1644179.525619,0.000000,139.420000,5,-24.505580
831531.595709,1644179.525619,0.000000,139.420000,5,-24.505580
831531.595709,1644179.525619,0.000000,139.420000,5,-24.505581
831531.595709,1644179.525619,0.000000,139.420000,5,-24.505581
831531.595709,1644179.525619,0.000000,139.420000,5,-24.505582
831531.595709,1644179.525619,0.000000,139.420000,5,-24.505582
831531.595709,1644179.525619,0.000000,139.420000,5,-24.505582
831531.595709,1644179.525619,0.000000,139.420000,5,-24.505582
831531.595709,1644179.525619,0.000000,139.420000,5,-24.505582
831531.595709,1644179.525619,0.000000,139.420000,5,-24.505583
831531.595709,1644179.525619,0.000000,139.420000,5,-24.505583
831531.595709,1644179.525619,0.000000,139.420000,5,-24.505583
831531.595709,1644179.525619,0.000000,139.420000,5,-24.505583
831531.595709,1644179.525619,0.000000,139.420000,5,-24.505583
831531.595709,1644179.525619,0.000000,139.420000,5,-24.505583
831531.595709,1644179.525619,0.000000,139.420000,5,-24.505583
831531.595709,1644179.525619,0.000000,139.420000,5,-24.505583
831531.595709,1644179.525619,0.000000,139.420000,5,-24.505583
831531.595709,1644179.525619,0.000000,139.420000,5,-24.505583
831531.595709,1644179.525619,0.000000,139.420000,5,-24.505583
831531.595709,1644179.525619,0.000000,139.420000,5,-24.505583
831531.595709,1644179.525619,0.000000,139.420000,5,-24.505583
831531.595709,1644179.525619,0.000000,139.420000,5,-24.505583
831531.595709,1644179.525619,0.000000,139.420000,5,-24.505583
831531.595709,1644179.525619,0.000000,139.420000,5,-24.505583
831531.595709,1644179.525619,0.000000,139.420000,5,-24.505583
831531.595709,1644179.525619,0.000000,139.420000,5,-24.505583
831531.595709,1644179.525619,0.000000,139.420000,5,-24.505583
831531.595709,1644179.525619,0.000000,139.420000,5,-24.505583
831531.595709,1644179.525619,0.000000,139.420000,5,-24.505583
831531.595709,1644179.525619,0.000000,139.420000,5,-24.505583
831531.595709,1644179.525619,0.000000,139.420000,5,-24.505583
831531.595709,1644179.525619,0.000000,139.420000,5,-24.505583
831531.595709,1644179.525619,0.000000,139.420000,5,-24.505583
831531.595709,1644179.525619,0.000000,139.420000,5,-24.505583
831531.595709,1644179.525619,0.000000,139.420000,5,-24.505583
831531.595709,1644179.525619,0.000000,139.420000,5,-24.505583
831531.595709,1644179.525619,0.000000,139.420000,5,-24.505583
831531.595709,1644179.525619,0.000000,139.420000,5,-24.505583
831531.595709,1644179.525619,0.000000,139.420000,5,-24.505583
831531.595709,1644179.525619,0.000000,139.420000,5,-24.505583
831531.595709,1644179.525619,0.000000,139.420000,5,-24.505583
831531.595709,1644179.525619,0.000000,139.420000,5,-24.505583
831531.595709,1644179.525619,0.000000,139.420000,5,-24.505583
831531.595709,1644179.525619,0.000000,139.420000,5,-24.505583
831531.595709,1644179.525619,0.000000,139.420000,5,-24.505583
831531.595709,1644179.525619,0.000000,139.420000,5,-24.505583
831531.595709,1644179.525619,0.000000,139.420000,5,-24.505583
831531.595709,1644179.525619,0.000000,139.420000,5,-24.505583
831531.595709,1644179.525619,0.000000,139.420000,5,-24.505583
831531.595709,1644179.525619,0.000000,139.420000,5,-24.505583
831531.595709,1644179.525619,0.000000,139.420000,5,-24.505583
831531.595709,1644179.525619,0.000000,139.420000,5,-24.505583
831531.595709,1644179.525619,0.000000,139.420000,5,-24.505583
831531.595709,1644179.525619,0.000000,139.420000,5,-24.505583
831531.595709,1644179.525619,0.000000,139.420000,5,-24.505583
831531.595709,1644179.525619,0.000000,139.420000,5,-24.505583
831531.595709,1644179.525619,0.000000,139.420000,5,-24.505583
831531.595709,1644179.525619,0.000000,139.420000,5,-24.505583
831531.595709,1644179.525619,0.000000,139.420000,5,-24.505583
831531.595709,1644179.525619,0.000000,139.420000,5,-24.505583
831531.595709,1644179.525619,0.000000,139.420000,5,-24.505583
831531.595709,1644179.525619,0.000000,139.420000,5,-24.505583
831531.595709,1644179.525619,0.000000,139.420000,5,-24.505583
831531.595709,1644179.525619,0.000000,139.420000,5,-24.505583
831531.595709,1644179.525619,0.000000,139.420000,5,-24.505583
831531.595709,1644179.525619,0.000000,139.420000,5,-24.505583
831531.595709,1644179.525619,0.000000,139.420000,5,-24.505583
831531.595709,1644179.525619,0.000000,139.420000,5,-24.505583
831531.595709,1644179.525619,0.000000,139.420000,5,-24.505583
831531.595709,1644179.525619,0.000000,139.420000,5,-24.505583
831531.595709,1644179.525619,0.000000,139.420000,5,-24.505583
831531.595709,1644179.525619,0.000000,139.420000,5,-24.505583
831531.595709,1644179.525619,0.000000,139.420000,5,-24.505583
831531.595709,1644179.525619,0.000000,139.420000,5,-24.505583
831531.595709,1644179.525619,0.000000,139.420000,5,-24.505583
831531.595709,1644179.525619,0.000000,139.420000,5,-24.505583
831531.463664,1644179.633492,0.170000,139.420000,5,-23.939920
831531.463664,1644179.633492,0.170000,139.420000,5,-23.389920
831531.463664,1644179.633492,0.170000,139.420000,5,-22.788284
831531.463664,1644179.633492,0.170000,139.420000,5,-22.238284
831531.463664,1644179.633492,0.170000,139.420000,5,-21.686148
831531.463664,1644179.633492,0.170000,139.420000,5,-21.135777
831531.463664,1644179.633492,0.170000,139.420000,5,-20.585777
831531.463664,1644179.633492,0.170000,139.420000,5,-20.037880
831531.463664,1644179.633492,0.170000,139.420000,5,-19.577647
831531.463664,1644179.633492,0.170000,139.420000,5,-19.191050
831531.463664,1644179.633492,0.170000,139.420000,5,-18.866310
831531.463664,1644179.633492,0.170000,139.420000,5,-18.593527
831531.463664,1644179.633492,0.170000,139.420000,5,-18.364390
831531.463664,1644179.633492,0.170000,139.420000,5,-18.171915
831531.463664,1644179.633492,0.170000,139.420000,5,-18.010236
831531.463664,1644179.633492,0.170000,139.420000,5,-17.874425
831531.463664,1644179.633492,0.170000,139.420000,5,-17.760344
831531.463664,1644179.633492,0.170000,139.420000,5,-17.664517
831531.463664,1644179.633492,0.170000,139.420000,5,-17.584021
831531.463664,1644179.633492,0.170000,139.420000,5,-17.516405
831531.181089,1644179.930638,0.410000,131.340000,5,-16.966405
831531.181089,1644179.930638,0.410000,131.340000,5,-16.437055
831531.181089,1644179.930638,0.410000,131.340000,5,-15.992401
831531.181089,1644179.930638,0.410000,131.340000,5,-15.618892
831531.181089,1644179.930638,0.410000,131.340000,5,-15.305144
831531.181089,1644179.930638,0.410000,131.340000,5,-15.041596
831531.181089,1644179.930638,0.410000,131.340000,5,-14.820215
831531.181089,1644179.930638,0.410000,131.340000,5,-14.634256
831531.181089,1644179.930638,0.410000,131.340000,5,-14.478050
831531.181089,1644179.930638,0.410000,131.340000,5,-14.346837
831531.181089,1644179.930638,0.410000,131.340000,5,-14.236618
831531.181089,1644179.930638,0.410000,131.340000,5,-14.144034
831531.181089,1644179.930638,0.410000,131.340000,5,-14.066263
831531.181089,1644179.930638,0.410000,131.340000,5,-14.000936
831531.181089,1644179.930638,0.410000,131.340000,5,-13.946061
831531.181089,1644179.930638,0.410000,131.340000,5,-13.899966
831531.181089,1644179.930638,0.410000,131.340000,5,-13.861246
831531.181089,1644179.930638,0.410000,131.340000,5,-13.828722
831531.181089,1644179.930638,0.410000,131.340000,5,-13.801401
831531.181089,1644179.930638,0.410000,131.340000,5,-13.778452
831530.903495,1644180.259810,0.430000,128.330000,5,-13.864361
831530.903495,1644180.259810,0.430000,128.330000,5,-13.936525
831530.903495,1644180.259810,0.430000,128.330000,5,-13.997143
831530.903495,1644180.259810,0.430000,128.330000,5,-14.048062
831530.903495,1644180.259810,0.430000,128.330000,5,-14.090834
831530.903495,1644180.259810,0.430000,128.330000,5,-14.126762
831530.903495,1644180.259810,0.430000,128.330000,5,-14.156942
831530.903495,1644180.259810,0.430000,128.330000,5,-14.182293
831530.903495,1644180.259810,0.430000,128.330000,5,-14.203588
831530.903495,1644180.259810,0.430000,128.330000,5,-14.221476
831530.903495,1644180.259810,0.430000,128.330000,5,-14.236502
831530.903495,1644180.259810,0.430000,128.330000,5,-14.249123
831530.903495,1644180.259810,0.430000,128.330000,5,-14.259725
831530.903495,1644180.259810,0.430000,128.330000,5,-14.268631
831530.903495,1644180.259810,0.430000,128.330000,5,-14.276112
831530.903495,1644180.259810,0.430000,128.330000,5,-14.282396
831530.903495,1644180.259810,0.430000,128.330000,5,-14.287674
831530.903495,1644180.259810,0.430000,128.330000,5,-14.292108
831530.903495,1644180.259810,0.430000,128.330000,5,-14.295833
831530.903495,1644180.259810,0.430000,128.330000,5,-14.298961
831530.903495,1644180.259810,0.430000,128.330000,5,-14.301589
831530.420443,1644180.939163,0.480000,116.640000,4,-13.201589
831530.420443,1644180.939163,0.480000,116.640000,4,-12.101589
831530.420443,1644180.939163,0.480000,116.640000,4,-11.001589
831530.420443,1644180.939163,0.480000,116.640000,4,-9.889874
831530.420443,1644180.939163,0.480000,116.640000,4,-8.789874
831530.420443,1644180.939163,0.480000,116.640000,4,-7.681703
831530.420443,1644180.939163,0.480000,116.640000,4,-6.581703
831530.420443,1644180.939163,0.480000,116.640000,4,-5.481703
831530.420443,1644180.939163,0.480000,116.640000,4,-4.445174
831530.420443,1644180.939163,0.480000,116.640000,4,-3.574490
831530.420443,1644180.939163,0.480000,116.640000,4,-2.843116
831530.420443,1644180.939163,0.480000,116.640000,4,-2.228761
831530.420443,1644180.939163,0.480000,116.640000,4,-1.712703
831530.420443,1644180.939163,0.480000,116.640000,4,-1.279214
831530.420443,1644180.939163,0.480000,116.640000,4,-0.915084
831530.420443,1644180.939163,0.480000,116.640000,4,-0.609214
831530.420443,1644180.939163,0.480000,116.640000,4,-0.352283
831530.420443,1644180.939163,0.480000,116.640000,4,-0.136462
831530.420443,1644180.939163,0.480000,116.640000,4,0.044828
831530.181709,1644181.323544,0.820000,117.430000,4,0.492689
831530.181709,1644181.323544,0.820000,117.430000,4,0.868892
831530.181709,1644181.323544,0.820000,117.430000,4,1.184903
831530.181709,1644181.323544,0.820000,117.430000,4,1.450352
831530.181709,1644181.323544,0.820000,117.430000,4,1.673329
831530.181709,1644181.323544,0.820000,117.430000,4,1.860630
831530.181709,1644181.323544,0.820000,117.430000,4,2.017963
831530.181709,1644181.323544,0.820000,117.430000,4,2.150122
831530.181709,1644181.323544,0.820000,117.430000,4,2.261136
831530.181709,1644181.323544,0.820000,117.430000,4,2.354388
831530.181709,1644181.323544,0.820000,117.430000,4,2.432719
831530.181709,1644181.323544,0.820000,117.430000,4,2.498517
831530.181709,1644181.323544,0.820000,117.430000,4,2.553788
831530.181709,1644181.323544,0.820000,117.430000,4,2.600215
831530.181709,1644181.323544,0.820000,117.430000,4,2.639214
831530.181709,1644181.323544,0.820000,117.430000,4,2.671973
831530.181709,1644181.323544,0.820000,117.430000,4,2.699491
831530.181709,1644181.323544,0.820000,117.430000,4,2.722606
831530.181709,1644181.323544,0.820000,117.430000,4,2.742022
831530.181709,1644181.323544,0.820000,117.430000,4,2.758332
831529.786929,1644182.087123,0.860000,118.050000,5,3.091351
831529.786929,1644182.087123,0.860000,118.050000,5,3.371086
831529.786929,1644182.087123,0.860000,118.050000,5,3.606064
831529.786929,1644182.087123,0.860000,118.050000,5,3.803445
831529.786929,1644182.087123,0.860000,118.050000,5,3.969245
831529.786929,1644182.087123,0.860000,118.050000,5,4.108518
831529.786929,1644182.087123,0.860000,118.050000,5,4.225506
831529.786929,1644182.087123,0.860000,118.050000,5,4.323777
831529.786929,1644182.087123,0.860000,118.050000,5,4.406324
831529.786929,1644182.087123,0.860000,118.050000,5,4.475664
831529.786929,1644182.087123,0.860000,118.050000,5,4.533909
831529.786929,1644182.087123,0.860000,118.050000,5,4.582835
831529.786929,1644182.087123,0.860000,118.050000,5,4.623933
831529.786929,1644182.087123,0.860000,118.050000,5,4.658455
831529.786929,1644182.087123,0.860000,118.050000,5,4.687454
831529.786929,1644182.087123,0.860000,118.050000,5,4.711813
831529.786929,1644182.087123,0.860000,118.050000,5,4.732274
831529.786929,1644182.087123,0.860000,118.050000,5,4.749462
831529.786929,1644182.087123,0.860000,118.050000,5,4.763899
831529.786929,1644182.087123,0.860000,118.050000,5,4.776027
831529.472250,1644182.551090,0.560000,124.950000,5,4.223345
831529.472250,1644182.551090,0.560000,124.950000,5,3.673345
831529.472250,1644182.551090,0.560000,124.950000,5,3.123181
831529.472250,1644182.551090,0.560000,124.950000,5,2.573181
831529.472250,1644182.551090,0.560000,124.950000,5,2.022748
831529.472250,1644182.551090,0.560000,124.950000,5,1.476568
831529.472250,1644182.551090,0.560000,124.950000,5,1.017777
831529.472250,1644182.551090,0.560000,124.950000,5,0.632392
831529.472250,1644182.551090,0.560000,124.950000,5,0.308669
831529.472250,1644182.551090,0.560000,124.950000,5,0.036742
831529.472250,1644182.551090,0.560000,124.950000,5,-0.191677
831529.472250,1644182.551090,0.560000,124.950000,5,-0.383549
831529.472250,1644182.551090,0.560000,124.950000,5,-0.544722
831529.472250,1644182.551090,0.560000,124.950000,5,-0.680107
831529.472250,1644182.551090,0.560000,124.950000,5,-0.793830
831529.472250,1644182.551090,0.560000,124.950000,5,-0.889358
831529.472250,1644182.551090,0.560000,124.950000,5,-0.969601
831529.472250,1644182.551090,0.560000,124.950000,5,-1.037005
831529.472250,1644182.551090,0.560000,124.950000,5,-1.093625
831529.472250,1644182.551090,0.560000,124.950000,5,-1.141185
831529.063414,1644182.988039,0.600000,121.480000,4,-0.659078
831529.063414,1644182.988039,0.600000,121.480000,4,-0.254109
831529.063414,1644182.988039,0.600000,121.480000,4,0.086066
831529.063414,1644182.988039,0.600000,121.480000,4,0.371812
831529.063414,1644182.988039,0.600000,121.480000,4,0.611840
831529.063414,1644182.988039,0.600000,121.480000,4,0.813462
831529.063414,1644182.988039,0.600000,121.480000,4,0.982826
831529.063414,1644182.988039,0.600000,121.480000,4,1.125091
831529.063414,1644182.988039,0.600000,121.480000,4,1.244593
831529.063414,1644182.988039,0.600000,121.480000,4,1.344975
831529.063414,1644182.988039,0.600000,121.480000,4,1.429296
831529.063414,1644182.988039,0.600000,121.480000,4,1.500126
831529.063414,1644182.988039,0.600000,121.480000,4,1.559623
831529.063414,1644182.988039,0.600000,121.480000,4,1.609601
831529.063414,1644182.988039,0.600000,121.480000,4,1.651582
831529.063414,1644182.988039,0.600000,121.480000,4,1.686846
831529.063414,1644182.988039,0.600000,121.480000,4,1.716467
831529.063414,1644182.988039,0.600000,121.480000,4,1.741350
831529.063414,1644182.988039,0.600000,121.480000,4,1.762251
831529.063414,1644182.988039,0.600000,121.480000,4,1.779808
831528.593687,1644183.803324,0.940000,120.450000,5,2.284289
831528.593687,1644183.803324,0.940000,120.450000,5,2.708053
831528.593687,1644183.803324,0.940000,120.450000,5,3.064014
831528.593687,1644183.803324,0.940000,120.450000,5,3.363022
831528.593687,1644183.803324,0.940000,120.450000,5,3.614189
831528.593687,1644183.803324,0.940000,120.450000,5,3.825169
831528.593687,1644183.803324,0.940000,120.450000,5,4.002392
831528.593687,1644183.803324,0.940000,120.450000,5,4.151259
831528.593687,1644183.803324,0.940000,120.450000,5,4.276308
831528.593687,1644183.803324,0.940000,120.450000,5,4.381349
831528.593687,1644183.803324,0.940000,120.450000,5,4.469583
831528.593687,1644183.803324,0.940000,120.450000,5,4.543700
831528.593687,1644183.803324,0.940000,120.450000,5,4.605958
831528.593687,1644183.803324,0.940000,120.450000,5,4.658255
831528.593687,1644183.803324,0.940000,120.450000,5,4.702184
831528.593687,1644183.803324,0.940000,120.450000,5,4.739085
831528.593687,1644183.803324,0.940000,120.450000,5,4.770082
831528.593687,1644183.803324,0.940000,120.450000,5,4.796119
831528.593687,1644183.803324,0.940000,120.450000,5,4.817990
831528.593687,1644183.803324,0.940000,120.450000,5,4.836362
831528.254834,1644184.347512,0.640000,122.840000,5,4.750810
831528.254834,1644184.347512,0.640000,122.840000,5,4.678947
831528.254834,1644184.347512,0.640000,122.840000,5,4.618582
831528.254834,1644184.347512,0.640000,122.840000,5,4.567876
831528.254834,1644184.347512,0.640000,122.840000,5,4.525282
831528.254834,1644184.347512,0.640000,122.840000,5,4.489504
831528.254834,1644184.347512,0.640000,122.840000,5,4.459450
831528.254834,1644184.347512,0.640000,122.840000,5,4.434204
831528.254834,1644184.347512,0.640000,122.840000,5,4.412998
831528.254834,1644184.347512,0.640000,122.840000,5,4.395185
831528.254834,1644184.347512,0.640000,122.840000,5,4.380222
831528.254834,1644184.347512,0.640000,122.840000,5,4.367653
831528.254834,1644184.347512,0.640000,122.840000,5,4.357095
831528.254834,1644184.347512,0.640000,122.840000,5,4.348227
831528.254834,1644184.347512,0.640000,122.840000,5,4.340777
831528.254834,1644184.347512,0.640000,122.840000,5,4.334519
831528.254834,1644184.347512,0.640000,122.840000,5,4.329263
831528.254834,1644184.347512,0.640000,122.840000,5,4.324847
831528.254834,1644184.347512,0.640000,122.840000,5,4.321138
831528.254834,1644184.347512,0.640000,122.840000,5,4.318023
831527.915493,1644184.915799,0.660000,121.700000,5,4.703297
831527.915493,1644184.915799,0.660000,121.700000,5,5.026927
831527.915493,1644184.915799,0.660000,121.700000,5,5.298777
831527.915493,1644184.915799,0.660000,121.700000,5,5.527130
831527.915493,1644184.915799,0.660000,121.700000,5,5.718947
831527.915493,1644184.915799,0.660000,121.700000,5,5.880073
831527.915493,1644184.915799,0.660000,121.700000,5,6.015420
831527.915493,1644184.915799,0.660000,121.700000,5,6.129110
831527.915493,1644184.915799,0.660000,121.700000,5,6.224610
831527.915493,1644184.915799,0.660000,121.700000,5,6.304831
831527.915493,1644184.915799,0.660000,121.700000,5,6.372215
831527.915493,1644184.915799,0.660000,121.700000,5,6.428819
831527.915493,1644184.915799,0.660000,121.700000,5,6.476366
831527.915493,1644184.915799,0.660000,121.700000,5,6.516305
831527.915493,1644184.915799,0.660000,121.700000,5,6.549854
831527.915493,1644184.915799,0.660000,121.700000,5,6.578035
831527.915493,1644184.915799,0.660000,121.700000,5,6.601707
831527.915493,1644184.915799,0.660000,121.700000,5,6.621592
831527.915493,1644184.915799,0.660000,121.700000,5,6.638295
831527.915493,1644184.915799,0.660000,121.700000,5,6.652326
831527.553310,1644185.515281,0.700000,122.540000,5,6.647465
831527.553310,1644185.515281,0.700000,122.540000,5,6.643382
831527.553310,1644185.515281,0.700000,122.540000,5,6.639953
831527.553310,1644185.515281,0.700000,122.540000,5,6.637072
831527.553310,1644185.515281,0.700000,122.540000,5,6.634652
831527.553310,1644185.515281,0.700000,122.540000,5,6.632619
831527.553310,1644185.515281,0.700000,122.540000,5,6.630912
831527.553310,1644185.515281,0.700000,122.540000,5,6.629477
831527.553310,1644185.515281,0.700000,122.540000,5,6.628273
831527.553310,1644185.515281,0.700000,122.540000,5,6.627261
831527.553310,1644185.515281,0.700000,122.540000,5,6.626410
831527.553310,1644185.515281,0.700000,122.540000,5,6.625696
831527.553310,1644185.515281,0.700000,122.540000,5,6.625096
831527.553310,1644185.515281,0.700000,122.540000,5,6.624593
831527.553310,1644185.515281,0.700000,122.540000,5,6.624169
831527.553310,1644185.515281,0.700000,122.540000,5,6.623814
831527.553310,1644185.515281,0.700000,122.540000,5,6.623515
831527.553310,1644185.515281,0.700000,122.540000,5,6.623264
831527.553310,1644185.515281,0.700000,122.540000,5,6.623054
831527.553310,1644185.515281,0.700000,122.540000,5,6.622877
831527.553310,1644185.515281,0.700000,122.540000,5,6.622728
831527.161483,1644186.128910,0.720000,124.010000,5,6.452471
831527.161483,1644186.128910,0.720000,124.010000,5,6.309455
831527.161483,1644186.128910,0.720000,124.010000,5,6.189322
831527.161483,1644186.128910,0.720000,124.010000,5,6.088410
831527.161483,1644186.128910,0.720000,124.010000,5,6.003644
831527.161483,1644186.128910,0.720000,124.010000,5,5.932440
831527.161483,1644186.128910,0.720000,124.010000,5,5.872629
831527.161483,1644186.128910,0.720000,124.010000,5,5.822388
831527.161483,1644186.128910,0.720000,124.010000,5,5.780185
831527.161483,1644186.128910,0.720000,124.010000,5,5.744735
831527.161483,1644186.128910,0.720000,124.010000,5,5.714957
831527.161483,1644186.128910,0.720000,124.010000,5,5.689943
831527.161483,1644186.128910,0.720000,124.010000,5,5.668932
831527.161483,1644186.128910,0.720000,124.010000,5,5.651282
831527.161483,1644186.128910,0.720000,124.010000,5,5.636457
831527.161483,1644186.128910,0.720000,124.010000,5,5.624003
831527.161483,1644186.128910,0.720000,124.010000,5,5.613542
831527.161483,1644186.128910,0.720000,124.010000,5,5.604755
831527.161483,1644186.128910,0.720000,124.010000,5,5.597374
831526.783966,1644186.739615,0.730000,122.930000,5,6.147374
831526.783966,1644186.739615,0.730000,122.930000,5,6.708009
831526.783966,1644186.739615,0.730000,122.930000,5,7.178942
831526.783966,1644186.739615,0.730000,122.930000,5,7.574526
831526.783966,1644186.739615,0.730000,122.930000,5,7.906817
831526.783966,1644186.739615,0.730000,122.930000,5,8.185941
831526.783966,1644186.739615,0.730000,122.930000,5,8.420405
831526.783966,1644186.739615,0.730000,122.930000,5,8.617355
831526.783966,1644186.739615,0.730000,122.930000,5,8.782793
831526.783966,1644186.739615,0.730000,122.930000,5,8.921761
831526.783966,1644186.739615,0.730000,122.930000,5,9.038494
831526.783966,1644186.739615,0.730000,122.930000,5,9.136550
831526.783966,1644186.739615,0.730000,122.930000,5,9.218917
831526.783966,1644186.739615,0.730000,122.930000,5,9.288105
831526.783966,1644186.739615,0.730000,122.930000,5,9.346223
831526.783966,1644186.739615,0.730000,122.930000,5,9.395042
831526.783966,1644186.739615,0.730000,122.930000,5,9.436050
831526.783966,1644186.739615,0.730000,122.930000,5,9.470497
831526.783966,1644186.739615,0.730000,122.930000,5,9.499432
831526.783966,1644186.739615,0.730000,122.930000,5,9.523738
831526.343368,1644187.363951,0.760000,127.410000,5,8.958176
831526.343368,1644187.363951,0.760000,127.410000,5,8.408176
831526.343368,1644187.363951,0.760000,127.410000,5,7.841024
831526.343368,1644187.363951,0.760000,127.410000,5,7.343662
831526.343368,1644187.363951,0.760000,127.410000,5,6.925879
831526.343368,1644187.363951,0.760000,127.410000,5,6.574940
831526.343368,1644187.363951,0.760000,127.410000,5,6.280152
831526.343368,1644187.363951,0.760000,127.410000,5,6.032530
831526.343368,1644187.363951,0.760000,127.410000,5,5.824528
831526.343368,1644187.363951,0.760000,127.410000,5,5.649806
831526.343368,1644187.363951,0.760000,127.410000,5,5.503039
831526.343368,1644187.363951,0.760000,127.410000,5,5.379755
831526.343368,1644187.363951,0.760000,127.410000,5,5.276197
831526.343368,1644187.363951,0.760000,127.410000,5,5.189207
831526.343368,1644187.363951,0.760000,127.410000,5,5.116137
831526.343368,1644187.363951,0.760000,127.410000,5,5.054757
831526.343368,1644187.363951,0.760000,127.410000,5,5.003198
831526.343368,1644187.363951,0.760000,127.410000,5,4.959889
831526.343368,1644187.363951,0.760000,127.410000,5,4.923509
831526.343368,1644187.363951,0.760000,127.410000,5,4.892950
831525.857764,1644187.954350,0.770000,130.560000,5,4.342950
831525.857764,1644187.954350,0.770000,130.560000,5,3.792562
831525.857764,1644187.954350,0.770000,130.560000,5,3.321949
831525.857764,1644187.954350,0.770000,130.560000,5,2.926634
831525.857764,1644187.954350,0.770000,130.560000,5,2.594570
831525.857764,1644187.954350,0.770000,130.560000,5,2.315636
831525.857764,1644187.954350,0.770000,130.560000,5,2.081331
831525.857764,1644187.954350,0.770000,130.560000,5,1.884515
831525.857764,1644187.954350,0.770000,130.560000,5,1.719190
831525.857764,1644187.954350,0.770000,130.560000,5,1.580316
831525.857764,1644187.954350,0.770000,130.560000,5,1.463663
831525.857764,1644187.954350,0.770000,130.560000,5,1.365674
831525.857764,1644187.954350,0.770000,130.560000,5,1.283363
831525.857764,1644187.954350,0.770000,130.560000,5,1.214222
831525.857764,1644187.954350,0.770000,130.560000,5,1.156143
831525.857764,1644187.954350,0.770000,130.560000,5,1.107357
831525.857764,1644187.954350,0.770000,130.560000,5,1.066377
831525.857764,1644187.954350,0.770000,130.560000,5,1.031954
831525.857764,1644187.954350,0.770000,130.560000,5,1.003038
831525.857764,1644187.954350,0.770000,130.560000,5,0.978749
831525.330709,1644188.543034,0.790000,132.070000,5,0.544276
831525.330709,1644188.543034,0.790000,132.070000,5,0.179319
831525.330709,1644188.543034,0.790000,132.070000,5,-0.127246
831525.330709,1644188.543034,0.790000,132.070000,5,-0.384760
831525.330709,1644188.543034,0.790000,132.070000,5,-0.601071
831525.330709,1644188.543034,0.790000,132.070000,5,-0.782773
831525.330709,1644188.543034,0.790000,132.070000,5,-0.935403
831525.330709,1644188.543034,0.790000,132.070000,5,-1.063612
831525.330709,1644188.543034,0.790000,132.070000,5,-1.171307
831525.330709,1644188.543034,0.790000,132.070000,5,-1.261771
831525.330709,1644188.543034,0.790000,132.070000,5,-1.337761
831525.330709,1644188.543034,0.790000,132.070000,5,-1.401593
831525.330709,1644188.543034,0.790000,132.070000,5,-1.455211
831525.330709,1644188.543034,0.790000,132.070000,5,-1.500251
831525.330709,1644188.543034,0.790000,132.070000,5,-1.538084
831525.330709,1644188.543034,0.790000,132.070000,5,-1.569864
831525.330709,1644188.543034,0.790000,132.070000,5,-1.596559
831525.330709,1644188.543034,0.790000,132.070000,5,-1.618983
831525.330709,1644188.543034,0.790000,132.070000,5,-1.637819
831525.330709,1644188.543034,0.790000,132.070000,5,-1.653641
831524.768750,1644189.121927,0.810000,133.750000,5,-2.109594
831524.768750,1644189.121927,0.810000,133.750000,5,-2.492595
831524.768750,1644189.121927,0.810000,133.750000,5,-2.814316
831524.768750,1644189.121927,0.810000,133.750000,5,-3.084561
831524.768750,1644189.121927,0.810000,133.750000,5,-3.311567
831524.768750,1644189.121927,0.810000,133.750000,5,-3.502253
831524.768750,1644189.121927,0.810000,133.750000,5,-3.662428
831524.768750,1644189.121927,0.810000,133.750000,5,-3.796976
831524.768750,1644189.121927,0.810000,133.750000,5,-3.909995
831524.768750,1644189.121927,0.810000,133.750000,5,-4.004932
831524.768750,1644189.121927,0.810000,133.750000,5,-4.084679
831524.768750,1644189.121927,0.810000,133.750000,5,-4.151666
831524.768750,1644189.121927,0.810000,133.750000,5,-4.207936
831524.768750,1644189.121927,0.810000,133.750000,5,-4.255202
831524.768750,1644189.121927,0.810000,133.750000,5,-4.294905
831524.768750,1644189.121927,0.810000,133.750000,5,-4.328257
831524.768750,1644189.121927,0.810000,133.750000,5,-4.356271
831524.768750,1644189.121927,0.810000,133.750000,5,-4.379804
831524.768750,1644189.121927,0.810000,133.750000,5,-4.399571
831524.768750,1644189.121927,0.810000,133.750000,5,-4.416176
831524.198001,1644189.717049,0.820000,132.710000,5,-4.658686
831524.198001,1644189.717049,0.820000,132.710000,5,-4.862395
831524.198001,1644189.717049,0.820000,132.710000,5,-5.033511
831524.198001,1644189.717049,0.820000,132.710000,5,-5.177248
831524.198001,1644189.717049,0.820000,132.710000,5,-5.297987
831524.198001,1644189.717049,0.820000,132.710000,5,-5.399408
831524.198001,1644189.717049,0.820000,132.710000,5,-5.484601
831524.198001,1644189.717049,0.820000,132.710000,5,-5.556164
831524.198001,1644189.717049,0.820000,132.710000,5,-5.616276
831524.198001,1644189.717049,0.820000,132.710000,5,-5.666771
831524.198001,1644189.717049,0.820000,132.710000,5,-5.709186
831524.198001,1644189.717049,0.820000,132.710000,5,-5.744815
831524.198001,1644189.717049,0.820000,132.710000,5,-5.774744
831524.198001,1644189.717049,0.820000,132.710000,5,-5.799883
831524.198001,1644189.717049,0.820000,132.710000,5,-5.821001
831524.198001,1644189.717049,0.820000,132.710000,5,-5.838739
831524.198001,1644189.717049,0.820000,132.710000,5,-5.853640
831524.198001,1644189.717049,0.820000,132.710000,5,-5.866156
831524.198001,1644189.717049,0.820000,132.710000,5,-5.876670
831524.198001,1644189.717049,0.820000,132.710000,5,-5.885502
831523.636056,1644190.297367,0.810000,132.650000,5,-6.134759
831523.636056,1644190.297367,0.810000,132.650000,5,-6.344135
831523.636056,1644190.297367,0.810000,132.650000,5,-6.520012
831523.636056,1644190.297367,0.810000,132.650000,5,-6.667748
831523.636056,1644190.297367,0.810000,132.650000,5,-6.791846
831523.636056,1644190.297367,0.810000,132.650000,5,-6.896088
831523.636056,1644190.297367,0.810000,132.650000,5,-6.983652
831523.636056,1644190.297367,0.810000,132.650000,5,-7.057205
831523.636056,1644190.297367,0.810000,132.650000,5,-7.118990
831523.636056,1644190.297367,0.810000,132.650000,5,-7.170890
831523.636056,1644190.297367,0.810000,132.650000,5,-7.214485
831523.636056,1644190.297367,0.810000,132.650000,5,-7.251105
831523.636056,1644190.297367,0.810000,132.650000,5,-7.281866
831523.636056,1644190.297367,0.810000,132.650000,5,-7.307705
831523.636056,1644190.297367,0.810000,132.650000,5,-7.329410
831523.636056,1644190.297367,0.810000,132.650000,5,-7.347643
831523.636056,1644190.297367,0.810000,132.650000,5,-7.362958
831523.636056,1644190.297367,0.810000,132.650000,5,-7.375822
831523.636056,1644190.297367,0.810000,132.650000,5,-7.386628
831523.636056,1644190.297367,0.810000,132.650000,5,-7.395706
831523.049366,1644190.903456,0.840000,132.190000,5,-7.581462
831523.049366,1644190.903456,0.840000,132.190000,5,-7.737498
831523.049366,1644190.903456,0.840000,132.190000,5,-7.868568
831523.049366,1644190.903456,0.840000,132.190000,5,-7.978666
831523.049366,1644190.903456,0.840000,132.190000,5,-8.071149
831523.049366,1644190.903456,0.840000,132.190000,5,-8.148835
831523.049366,1644190.903456,0.840000,132.190000,5,-8.214091
831523.049366,1644190.903456,0.840000,132.190000,5,-8.268906
831523.049366,1644190.903456,0.840000,132.190000,5,-8.314950
831523.049366,1644190.903456,0.840000,132.190000,5,-8.353628
831523.049366,1644190.903456,0.840000,132.190000,5,-8.386117
831523.049366,1644190.903456,0.840000,132.190000,5,-8.413408
831523.049366,1644190.903456,0.840000,132.190000,5,-8.436332
831523.049366,1644190.903456,0.840000,132.190000,5,-8.455588
831523.049366,1644190.903456,0.840000,132.190000,5,-8.471764
831523.049366,1644190.903456,0.840000,132.190000,5,-8.485351
831523.049366,1644190.903456,0.840000,132.190000,5,-8.496764
831523.049366,1644190.903456,0.840000,132.190000,5,-8.506351
831523.049366,1644190.903456,0.840000,132.190000,5,-8.514405
831523.049366,1644190.903456,0.840000,132.190000,5,-8.521169
831522.613477,1644191.608387,0.830000,119.600000,5,-7.971169
831522.613477,1644191.608387,0.830000,119.600000,5,-7.418714
831522.613477,1644191.608387,0.830000,119.600000,5,-6.868714
831522.613477,1644191.608387,0.830000,119.600000,5,-6.293964
831522.613477,1644191.608387,0.830000,119.600000,5,-5.743964
831522.613477,1644191.608387,0.830000,119.600000,5,-5.193964
831522.613477,1644191.608387,0.830000,119.600000,5,-4.643526
831522.613477,1644191.608387,0.830000,119.600000,5,-4.093526
831522.613477,1644191.608387,0.830000,119.600000,5,-3.541654
831522.613477,1644191.608387,0.830000,119.600000,5,-2.986256
831522.613477,1644191.608387,0.830000,119.600000,5,-2.436256
831522.613477,1644191.608387,0.830000,119.600000,5,-1.886256
831522.613477,1644191.608387,0.830000,119.600000,5,-1.335105
831522.613477,1644191.608387,0.830000,119.600000,5,-0.783678
831522.613477,1644191.608387,0.830000,119.600000,5,-0.233678
831522.613477,1644191.608387,0.830000,119.600000,5,0.316322
831522.613477,1644191.608387,0.830000,119.600000,5,0.793016
831522.613477,1644191.608387,0.830000,119.600000,5,1.193438
831522.613477,1644191.608387,0.830000,119.600000,5,1.529793
831522.613477,1644191.608387,0.830000,119.600000,5,1.812331
831522.113667,1644192.298403,0.850000,126.380000,5,1.262331
831522.113667,1644192.298403,0.850000,126.380000,5,0.712331
831522.113667,1644192.298403,0.850000,126.380000,5,0.196509
831522.113667,1644192.298403,0.850000,126.380000,5,-0.236781
831522.113667,1644192.298403,0.850000,126.380000,5,-0.600745
831522.113667,1644192.298403,0.850000,126.380000,5,-0.906475
831522.113667,1644192.298403,0.850000,126.380000,5,-1.163288
831522.113667,1644192.298403,0.850000,126.380000,5,-1.379011
831522.113667,1644192.298403,0.850000,126.380000,5,-1.560218
831522.113667,1644192.298403,0.850000,126.380000,5,-1.712432
831522.113667,1644192.298403,0.850000,126.380000,5,-1.840292
831522.113667,1644192.298403,0.850000,126.380000,5,-1.947694
831522.113667,1644192.298403,0.850000,126.380000,5,-2.037912
831522.113667,1644192.298403,0.850000,126.380000,5,-2.113695
831522.113667,1644192.298403,0.850000,126.380000,5,-2.177353
831522.113667,1644192.298403,0.850000,126.380000,5,-2.230826
831522.113667,1644192.298403,0.850000,126.380000,5,-2.275743
831522.113667,1644192.298403,0.850000,126.380000,5,-2.313473
831522.113667,1644192.298403,0.850000,126.380000,5,-2.345166
831522.113667,1644192.298403,0.850000,126.380000,5,-2.371789
831522.113667,1644192.298403,0.850000,126.380000,5,-2.394151
831522.113667,1644192.298403,0.850000,126.380000,5,-2.412936
831522.113667,1644192.298403,0.850000,126.380000,5,-2.428715
831522.113667,1644192.298403,0.850000,126.380000,5,-2.441970
831522.113667,1644192.298403,0.850000,126.380000,5,-2.453104
831522.113667,1644192.298403,0.850000,126.380000,5,-2.462456
831522.113667,1644192.298403,0.850000,126.380000,5,-2.470312
831522.113667,1644192.298403,0.850000,126.380000,5,-2.476911
831522.113667,1644192.298403,0.850000,126.380000,5,-2.482454
831522.113667,1644192.298403,0.850000,126.380000,5,-2.487111
831522.113667,1644192.298403,0.850000,126.380000,5,-2.491022
831522.113667,1644192.298403,0.850000,126.380000,5,-2.494308
831522.113667,1644192.298403,0.850000,126.380000,5,-2.497067
831522.113667,1644192.298403,0.850000,126.380000,5,-2.499386
831522.113667,1644192.298403,0.850000,126.380000,5,-2.501333
831522.113667,1644192.298403,0.850000,126.380000,5,-2.502969
831522.113667,1644192.298403,0.850000,126.380000,5,-2.504343
831522.113667,1644192.298403,0.850000,126.380000,5,-2.505497
831522.113667,1644192.298403,0.850000,126.380000,5,-2.506466
831522.113667,1644192.298403,0.850000,126.380000,5,-2.507281
831521.108722,1644193.713860,0.870000,124.070000,5,-2.333402
831521.108722,1644193.713860,0.870000,124.070000,5,-2.187344
831521.108722,1644193.713860,0.870000,124.070000,5,-2.064655
831521.108722,1644193.713860,0.870000,124.070000,5,-1.961596
831521.108722,1644193.713860,0.870000,124.070000,5,-1.875027
831521.108722,1644193.713860,0.870000,124.070000,5,-1.802308
831521.108722,1644193.713860,0.870000,124.070000,5,-1.741225
831521.108722,1644193.713860,0.870000,124.070000,5,-1.689915
831521.108722,1644193.713860,0.870000,124.070000,5,-1.646815
831521.108722,1644193.713860,0.870000,124.070000,5,-1.610610
831521.108722,1644193.713860,0.870000,124.070000,5,-1.580199
831521.108722,1644193.713860,0.870000,124.070000,5,-1.554653
831521.108722,1644193.713860,0.870000,124.070000,5,-1.533195
831521.108722,1644193.713860,0.870000,124.070000,5,-1.515170
831521.108722,1644193.713860,0.870000,124.070000,5,-1.500028
831521.108722,1644193.713860,0.870000,124.070000,5,-1.487310
831521.108722,1644193.713860,0.870000,124.070000,5,-1.476626
831521.108722,1644193.713860,0.870000,124.070000,5,-1.467652
831521.108722,1644193.713860,0.870000,124.070000,5,-1.460114
831521.108722,1644193.713860,0.870000,124.070000,5,-1.453782
831520.636854,1644194.460154,0.880000,121.920000,5,-1.083336
831520.636854,1644194.460154,0.880000,121.920000,5,-0.772161
831520.636854,1644194.460154,0.880000,121.920000,5,-0.510774
831520.636854,1644194.460154,0.880000,121.920000,5,-0.291209
831520.636854,1644194.460154,0.880000,121.920000,5,-0.106774
831520.636854,1644194.460154,0.880000,121.920000,5,0.048151
831520.636854,1644194.460154,0.880000,121.920000,5,0.178288
831520.636854,1644194.460154,0.880000,121.920000,5,0.287603
831520.636854,1644194.460154,0.880000,121.920000,5,0.379427
831520.636854,1644194.460154,0.880000,121.920000,5,0.456560
831520.636854,1644194.460154,0.880000,121.920000,5,0.521352
831520.636854,1644194.460154,0.880000,121.920000,5,0.575777
831520.636854,1644194.460154,0.880000,121.920000,5,0.621493
831520.636854,1644194.460154,0.880000,121.920000,5,0.659896
831520.636854,1644194.460154,0.880000,121.920000,5,0.692153
831520.636854,1644194.460154,0.880000,121.920000,5,0.719250
831520.636854,1644194.460154,0.880000,121.920000,5,0.742011
831520.636854,1644194.460154,0.880000,121.920000,5,0.761130
831520.636854,1644194.460154,0.880000,121.920000,5,0.777191
831520.636854,1644194.460154,0.880000,121.920000,5,0.790681
831520.636854,1644194.460154,0.880000,121.920000,5,0.802013
831520.636854,1644194.460154,0.880000,121.920000,5,0.811532
831520.636854,1644194.460154,0.880000,121.920000,5,0.819528
831520.636854,1644194.460154,0.880000,121.920000,5,0.826245
831520.636854,1644194.460154,0.880000,121.920000,5,0.831887
831520.636854,1644194.460154,0.880000,121.920000,5,0.836626
831520.636854,1644194.460154,0.880000,121.920000,5,0.840607
831520.636854,1644194.460154,0.880000,121.920000,5,0.843951
831520.636854,1644194.460154,0.880000,121.920000,5,0.846760
831520.636854,1644194.460154,0.880000,121.920000,5,0.849120
831520.636854,1644194.460154,0.880000,121.920000,5,0.851102
831520.636854,1644194.460154,0.880000,121.920000,5,0.852766
831520.636854,1644194.460154,0.880000,121.920000,5,0.854165
831520.636854,1644194.460154,0.880000,121.920000,5,0.855340
831520.636854,1644194.460154,0.880000,121.920000,5,0.856326
831520.636854,1644194.460154,0.880000,121.920000,5,0.857155
831520.636854,1644194.460154,0.880000,121.920000,5,0.857852
831520.636854,1644194.460154,0.880000,121.920000,5,0.858436
831520.636854,1644194.460154,0.880000,121.920000,5,0.858928
831520.636854,1644194.460154,0.880000,121.920000,5,0.859340
831519.525409,1644195.799266,0.870000,130.140000,5,0.309340
831519.525409,1644195.799266,0.870000,130.140000,5,-0.243714
831519.525409,1644195.799266,0.870000,130.140000,5,-0.799618
831519.525409,1644195.799266,0.870000,130.140000,5,-1.349618
831519.525409,1644195.799266,0.870000,130.140000,5,-1.916029
831519.525409,1644195.799266,0.870000,130.140000,5,-2.466029
831519.525409,1644195.799266,0.870000,130.140000,5,-3.022479
831519.525409,1644195.799266,0.870000,130.140000,5,-3.574399
831519.525409,1644195.799266,0.870000,130.140000,5,-4.124399
831519.525409,1644195.799266,0.870000,130.140000,5,-4.675043
831519.525409,1644195.799266,0.870000,130.140000,5,-5.226587
831519.525409,1644195.799266,0.870000,130.140000,5,-5.776587
831519.525409,1644195.799266,0.870000,130.140000,5,-6.326587
831519.525409,1644195.799266,0.870000,130.140000,5,-6.872148
831519.525409,1644195.799266,0.870000,130.140000,5,-7.330420
831519.525409,1644195.799266,0.870000,130.140000,5,-7.715368
831519.525409,1644195.799266,0.870000,130.140000,5,-8.038725
831519.525409,1644195.799266,0.870000,130.140000,5,-8.310344
831519.525409,1644195.799266,0.870000,130.140000,5,-8.538505
831519.525409,1644195.799266,0.870000,130.140000,5,-8.730159
831519.047218,1644196.548670,0.890000,120.200000,5,-8.180159
831519.047218,1644196.548670,0.890000,120.200000,5,-7.628914
831519.047218,1644196.548670,0.890000,120.200000,5,-7.078282
831519.047218,1644196.548670,0.890000,120.200000,5,-6.527934
831519.047218,1644196.548670,0.890000,120.200000,5,-5.977761
831519.047218,1644196.548670,0.890000,120.200000,5,-5.425004
831519.047218,1644196.548670,0.890000,120.200000,5,-4.873596
831519.047218,1644196.548670,0.890000,120.200000,5,-4.323596
831519.047218,1644196.548670,0.890000,120.200000,5,-3.848021
831519.047218,1644196.548670,0.890000,120.200000,5,-3.448538
831519.047218,1644196.548670,0.890000,120.200000,5,-3.112973
831519.047218,1644196.548670,0.890000,120.200000,5,-2.831098
831519.047218,1644196.548670,0.890000,120.200000,5,-2.594323
831519.047218,1644196.548670,0.890000,120.200000,5,-2.395432
831519.047218,1644196.548670,0.890000,120.200000,5,-2.228364
831519.047218,1644196.548670,0.890000,120.200000,5,-2.088026
831519.047218,1644196.548670,0.890000,120.200000,5,-1.970143
831519.047218,1644196.548670,0.890000,120.200000,5,-1.871121
831519.047218,1644196.548670,0.890000,120.200000,5,-1.787942
831519.047218,1644196.548670,0.890000,120.200000,5,-1.718072
831518.577175,1644197.289301,0.880000,121.950000,5,-1.954596
831518.577175,1644197.289301,0.880000,121.950000,5,-2.153276
831518.577175,1644197.289301,0.880000,121.950000,5,-2.320167
831518.577175,1644197.289301,0.880000,121.950000,5,-2.460355
831518.577175,1644197.289301,0.880000,121.950000,5,-2.578113
831518.577175,1644197.289301,0.880000,121.950000,5,-2.677030
831518.577175,1644197.289301,0.880000,121.950000,5,-2.760121
831518.577175,1644197.289301,0.880000,121.950000,5,-2.829917
831518.577175,1644197.289301,0.880000,121.950000,5,-2.888545
831518.577175,1644197.289301,0.880000,121.950000,5,-2.937793
831518.577175,1644197.289301,0.880000,121.950000,5,-2.979161
831518.577175,1644197.289301,0.880000,121.950000,5,-3.013911
831518.577175,1644197.289301,0.880000,121.950000,5,-3.043100
831518.577175,1644197.289301,0.880000,121.950000,5,-3.067619
831518.577175,1644197.289301,0.880000,121.950000,5,-3.088215
831518.577175,1644197.289301,0.880000,121.950000,5,-3.105516
831518.577175,1644197.289301,0.880000,121.950000,5,-3.120049
831518.577175,1644197.289301,0.880000,121.950000,5,-3.132256
831518.577175,1644197.289301,0.880000,121.950000,5,-3.142510
831518.577175,1644197.289301,0.880000,121.950000,5,-3.151124
831518.140906,1644198.077619,0.900000,118.110000,5,-2.640215
831518.140906,1644198.077619,0.900000,118.110000,5,-2.211051
831518.140906,1644198.077619,0.900000,118.110000,5,-1.850554
831518.140906,1644198.077619,0.900000,118.110000,5,-1.547736
831518.140906,1644198.077619,0.900000,118.110000,5,-1.293369
831518.140906,1644198.077619,0.900000,118.110000,5,-1.079701
831518.140906,1644198.077619,0.900000,118.110000,5,-0.900220
831518.140906,1644198.077619,0.900000,118.110000,5,-0.749455
831518.140906,1644198.077619,0.900000,118.110000,5,-0.622813
831518.140906,1644198.077619,0.900000,118.110000,5,-0.516434
831518.140906,1644198.077619,0.900000,118.110000,5,-0.427075
831518.140906,1644198.077619,0.900000,118.110000,5,-0.352014
831518.140906,1644198.077619,0.900000,118.110000,5,-0.288963
831518.140906,1644198.077619,0.900000,118.110000,5,-0.235999
831518.140906,1644198.077619,0.900000,118.110000,5,-0.191510
831518.140906,1644198.077619,0.900000,118.110000,5,-0.154140
831518.140906,1644198.077619,0.900000,118.110000,5,-0.122748
831518.140906,1644198.077619,0.900000,118.110000,5,-0.096379
831518.140906,1644198.077619,0.900000,118.110000,5,-0.074229
831518.140906,1644198.077619,0.900000,118.110000,5,-0.055623
831518.140906,1644198.077619,0.900000,118.110000,5,-0.039994
831518.140906,1644198.077619,0.900000,118.110000,5,-0.026866
831518.140906,1644198.077619,0.900000,118.110000,5,-0.015838
831518.140906,1644198.077619,0.900000,118.110000,5,-0.006575
831518.140906,1644198.077619,0.900000,118.110000,5,0.001206
831518.140906,1644198.077619,0.900000,118.110000,5,0.007742
831518.140906,1644198.077619,0.900000,118.110000,5,0.013233
831518.140906,1644198.077619,0.900000,118.110000,5,0.017845
831518.140906,1644198.077619,0.900000,118.110000,5,0.021719
831518.140906,1644198.077619,0.900000,118.110000,5,0.024973
831518.140906,1644198.077619,0.900000,118.110000,5,0.027706
831518.140906,1644198.077619,0.900000,118.110000,5,0.030003
831518.140906,1644198.077619,0.900000,118.110000,5,0.031931
831518.140906,1644198.077619,0.900000,118.110000,5,0.033552
831518.140906,1644198.077619,0.900000,118.110000,5,0.034912
831518.140906,1644198.077619,0.900000,118.110000,5,0.036056
831518.140906,1644198.077619,0.900000,118.110000,5,0.037016
831518.140906,1644198.077619,0.900000,118.110000,5,0.037823
831518.140906,1644198.077619,0.900000,118.110000,5,0.038500
831518.140906,1644198.077619,0.900000,118.110000,5,0.039069
831518.140906,1644198.077619,0.900000,118.110000,5,0.039547
831518.140906,1644198.077619,0.900000,118.110000,5,0.039949
831518.140906,1644198.077619,0.900000,118.110000,5,0.040286
831518.140906,1644198.077619,0.900000,118.110000,5,0.040570
831518.140906,1644198.077619,0.900000,118.110000,5,0.040808
831518.140906,1644198.077619,0.900000,118.110000,5,0.041008
831518.140906,1644198.077619,0.900000,118.110000,5,0.041176
831518.140906,1644198.077619,0.900000,118.110000,5,0.041317
831518.140906,1644198.077619,0.900000,118.110000,5,0.041435
831518.140906,1644198.077619,0.900000,118.110000,5,0.041535
831518.140906,1644198.077619,0.900000,118.110000,5,0.041618
831518.140906,1644198.077619,0.900000,118.110000,5,0.041689
831518.140906,1644198.077619,0.900000,118.110000,5,0.041748
831518.140906,1644198.077619,0.900000,118.110000,5,0.041797
831518.140906,1644198.077619,0.900000,118.110000,5,0.041839
831518.140906,1644198.077619,0.900000,118.110000,5,0.041874
831518.140906,1644198.077619,0.900000,118.110000,5,0.041903
831518.140906,1644198.077619,0.900000,118.110000,5,0.041928
831518.140906,1644198.077619,0.900000,118.110000,5,0.041949
831518.140906,1644198.077619,0.900000,118.110000,5,0.041966
831518.140906,1644198.077619,0.900000,118.110000,5,0.041981
831518.140906,1644198.077619,0.900000,118.110000,5,0.041993
831518.140906,1644198.077619,0.900000,118.110000,5,0.042003
831518.140906,1644198.077619,0.900000,118.110000,5,0.042012
831518.140906,1644198.077619,0.900000,118.110000,5,0.042019
831518.140906,1644198.077619,0.900000,118.110000,5,0.042025
831518.140906,1644198.077619,0.900000,118.110000,5,0.042030
831518.140906,1644198.077619,0.900000,118.110000,5,0.042035
831518.140906,1644198.077619,0.900000,118.110000,5,0.042038
831518.140906,1644198.077619,0.900000,118.110000,5,0.042041
831518.140906,1644198.077619,0.900000,118.110000,5,0.042044
831518.140906,1644198.077619,0.900000,118.110000,5,0.042046
831518.140906,1644198.077619,0.900000,118.110000,5,0.042048
831518.140906,1644198.077619,0.900000,118.110000,5,0.042049
831518.140906,1644198.077619,0.900000,118.110000,5,0.042051
831518.140906,1644198.077619,0.900000,118.110000,5,0.042052
831518.140906,1644198.077619,0.900000,118.110000,5,0.042053
831518.140906,1644198.077619,0.900000,118.110000,5,0.042053
831518.140906,1644198.077619,0.900000,118.110000,5,0.042054
831518.140906,1644198.077619,0.900000,118.110000,5,0.042055
831518.140906,1644198.077619,0.900000,118.110000,5,0.042055
831518.140906,1644198.077619,0.900000,118.110000,5,0.042055
831518.140906,1644198.077619,0.900000,118.110000,5,0.042056
831518.140906,1644198.077619,0.900000,118.110000,5,0.042056
831518.140906,1644198.077619,0.900000,118.110000,5,0.042056
831518.140906,1644198.077619,0.900000,118.110000,5,0.042056
831518.140906,1644198.077619,0.900000,118.110000,5,0.042057
831518.140906,1644198.077619,0.900000,118.110000,5,0.042057
831518.140906,1644198.077619,0.900000,118.110000,5,0.042057
831518.140906,1644198.077619,0.900000,118.110000,5,0.042057
831518.140906,1644198.077619,0.900000,118.110000,5,0.042057
831518.140906,1644198.077619,0.900000,118.110000,5,0.042057
831518.140906,1644198.077619,0.900000,118.110000,5,0.042057
831518.140906,1644198.077619,0.900000,118.110000,5,0.042057
831518.140906,1644198.077619,0.900000,118.110000,5,0.042057
831518.140906,1644198.077619,0.900000,118.110000,5,0.042057
831518.140906,1644198.077619,0.900000,118.110000,5,0.042057
831518.140906,1644198.077619,0.900000,118.110000,5,0.042057
831518.140906,1644198.077619,0.900000,118.110000,5,0.042057
831518.140906,1644198.077619,0.900000,118.110000,5,0.042057
831518.140906,1644198.077619,0.900000,118.110000,5,0.042057
831518.140906,1644198.077619,0.900000,118.110000,5,0.042057
831518.140906,1644198.077619,0.900000,118.110000,5,0.042057
831518.140906,1644198.077619,0.900000,118.110000,5,0.042057
831518.140906,1644198.077619,0.900000,118.110000,5,0.042057
831518.140906,1644198.077619,0.900000,118.110000,5,0.042057
831518.140906,1644198.077619,0.900000,118.110000,5,0.042057
831518.140906,1644198.077619,0.900000,118.110000,5,0.042057
831518.140906,1644198.077619,0.900000,118.110000,5,0.042057
831518.140906,1644198.077619,0.900000,118.110000,5,0.042057
831518.140906,1644198.077619,0.900000,118.110000,5,0.042057
831518.140906,1644198.077619,0.900000,118.110000,5,0.042057
831518.140906,1644198.077619,0.900000,118.110000,5,0.042057
831518.140906,1644198.077619,0.900000,118.110000,5,0.042057
831518.140906,1644198.077619,0.900000,118.110000,5,0.042057
831518.140906,1644198.077619,0.900000,118.110000,5,0.042057
831518.140906,1644198.077619,0.900000,118.110000,5,0.042057
831518.140906,1644198.077619,0.900000,118.110000,5,0.042057
831518.140906,1644198.077619,0.900000,118.110000,5,0.042057
831518.140906,1644198.077619,0.900000,118.110000,5,0.042057
831515.423194,1644202.954434,0.930000,119.200000,5,-0.507943
831515.423194,1644202.954434,0.930000,119.200000,5,-1.058672
831515.423194,1644202.954434,0.930000,119.200000,5,-1.609445
831515.423194,1644202.954434,0.930000,119.200000,5,-2.159445
831515.423194,1644202.954434,0.930000,119.200000,5,-2.711084
831515.423194,1644202.954434,0.930000,119.200000,5,-3.227422
831515.423194,1644202.954434,0.930000,119.200000,5,-3.661147
831515.423194,1644202.954434,0.930000,119.200000,5,-4.025475
831515.423194,1644202.954434,0.930000,119.200000,5,-4.331511
831515.423194,1644202.954434,0.930000,119.200000,5,-4.588581
831515.423194,1644202.954434,0.930000,119.200000,5,-4.804520
831515.423194,1644202.954434,0.930000,119.200000,5,-4.985909
831515.423194,1644202.954434,0.930000,119.200000,5,-5.138275
831515.423194,1644202.954434,0.930000,119.200000,5,-5.266263
831515.423194,1644202.954434,0.930000,119.200000,5,-5.373773
831515.423194,1644202.954434,0.930000,119.200000,5,-5.464081
831515.423194,1644202.954434,0.930000,119.200000,5,-5.539940
831515.423194,1644202.954434,0.930000,119.200000,5,-5.603662
831515.423194,1644202.954434,0.930000,119.200000,5,-5.657188
831515.423194,1644202.954434,0.930000,119.200000,5,-5.702150
831515.423194,1644202.954434,0.930000,119.200000,5,-5.739918
831515.423194,1644202.954434,0.930000,119.200000,5,-5.771643
831515.423194,1644202.954434,0.930000,119.200000,5,-5.798292
831515.423194,1644202.954434,0.930000,119.200000,5,-5.820677
831515.423194,1644202.954434,0.930000,119.200000,5,-5.839481
831515.423194,1644202.954434,0.930000,119.200000,5,-5.855276
831515.423194,1644202.954434,0.930000,119.200000,5,-5.868543
831515.423194,1644202.954434,0.930000,119.200000,5,-5.879688
831515.423194,1644202.954434,0.930000,119.200000,5,-5.889050
831515.423194,1644202.954434,0.930000,119.200000,5,-5.896914
831515.423194,1644202.954434,0.930000,119.200000,5,-5.903520
831515.423194,1644202.954434,0.930000,119.200000,5,-5.909069
831515.423194,1644202.954434,0.930000,119.200000,5,-5.913729
831515.423194,1644202.954434,0.930000,119.200000,5,-5.917645
831515.423194,1644202.954434,0.930000,119.200000,5,-5.920933
831515.423194,1644202.954434,0.930000,119.200000,5,-5.923696
831515.423194,1644202.954434,0.930000,119.200000,5,-5.926017
831515.423194,1644202.954434,0.930000,119.200000,5,-5.927966
831515.423194,1644202.954434,0.930000,119.200000,5,-5.929603
831515.423194,1644202.954434,0.930000,119.200000,5,-5.930979
831515.423194,1644202.954434,0.930000,119.200000,5,-5.932134
831515.423194,1644202.954434,0.930000,119.200000,5,-5.933104
831515.423194,1644202.954434,0.930000,119.200000,5,-5.933920
831515.423194,1644202.954434,0.930000,119.200000,5,-5.934604
831515.423194,1644202.954434,0.930000,119.200000,5,-5.935180
831515.423194,1644202.954434,0.930000,119.200000,5,-5.935663
831515.423194,1644202.954434,0.930000,119.200000,5,-5.936069
831515.423194,1644202.954434,0.930000,119.200000,5,-5.936410
831515.423194,1644202.954434,0.930000,119.200000,5,-5.936696
831515.423194,1644202.954434,0.930000,119.200000,5,-5.936937
831515.423194,1644202.954434,0.930000,119.200000,5,-5.937139
831515.423194,1644202.954434,0.930000,119.200000,5,-5.937308
831515.423194,1644202.954434,0.930000,119.200000,5,-5.937451
831515.423194,1644202.954434,0.930000,119.200000,5,-5.937571
831515.423194,1644202.954434,0.930000,119.200000,5,-5.937671
831515.423194,1644202.954434,0.930000,119.200000,5,-5.937756
831515.423194,1644202.954434,0.930000,119.200000,5,-5.937827
831515.423194,1644202.954434,0.930000,119.200000,5,-5.937886
831515.423194,1644202.954434,0.930000,119.200000,5,-5.937937
831515.423194,1644202.954434,0.930000,119.200000,5,-5.937979
831513.961709,1644205.364002,0.940000,116.210000,5,-6.174281
831513.961709,1644205.364002,0.940000,116.210000,5,-6.372776
831513.961709,1644205.364002,0.940000,116.210000,5,-6.539511
831513.961709,1644205.364002,0.940000,116.210000,5,-6.679569
831513.961709,1644205.364002,0.940000,116.210000,5,-6.797217
831513.961709,1644205.364002,0.940000,116.210000,5,-6.896042
831513.961709,1644205.364002,0.940000,116.210000,5,-6.979055
831513.961709,1644205.364002,0.940000,116.210000,5,-7.048785
831513.961709,1644205.364002,0.940000,116.210000,5,-7.107359
831513.961709,1644205.364002,0.940000,116.210000,5,-7.156561
831513.961709,1644205.364002,0.940000,116.210000,5,-7.197891
831513.961709,1644205.364002,0.940000,116.210000,5,-7.232608
831513.961709,1644205.364002,0.940000,116.210000,5,-7.261770
831513.961709,1644205.364002,0.940000,116.210000,5,-7.286266
831513.961709,1644205.364002,0.940000,116.210000,5,-7.306843
831513.961709,1644205.364002,0.940000,116.210000,5,-7.324127
831513.961709,1644205.364002,0.940000,116.210000,5,-7.338646
831513.961709,1644205.364002,0.940000,116.210000,5,-7.350842
831513.961709,1644205.364002,0.940000,116.210000,5,-7.361087
831513.961709,1644205.364002,0.940000,116.210000,5,-7.369693
831513.542801,1644206.189904,0.930000,114.840000,5,-7.256824
831513.542801,1644206.189904,0.930000,114.840000,5,-7.162014
831513.542801,1644206.189904,0.930000,114.840000,5,-7.082374
831513.542801,1644206.189904,0.930000,114.840000,5,-7.015476
831513.542801,1644206.189904,0.930000,114.840000,5,-6.959282
831513.542801,1644206.189904,0.930000,114.840000,5,-6.912079
831513.542801,1644206.189904,0.930000,114.840000,5,-6.872428
831513.542801,1644206.189904,0.930000,114.840000,5,-6.839122
831513.542801,1644206.189904,0.930000,114.840000,5,-6.811144
831513.542801,1644206.189904,0.930000,114.840000,5,-6.787643
831513.542801,1644206.189904,0.930000,114.840000,5,-6.767902
831513.542801,1644206.189904,0.930000,114.840000,5,-6.751320
831513.542801,1644206.189904,0.930000,114.840000,5,-6.737391
831513.542801,1644206.189904,0.930000,114.840000,5,-6.725690
831513.542801,1644206.189904,0.930000,114.840000,5,-6.715862
831513.542801,1644206.189904,0.930000,114.840000,5,-6.707606
831513.542801,1644206.189904,0.930000,114.840000,5,-6.700671
831513.542801,1644206.189904,0.930000,114.840000,5,-6.694846
831513.542801,1644206.189904,0.930000,114.840000,5,-6.689952
831513.542801,1644206.189904,0.930000,114.840000,5,-6.685842
831513.157340,1644207.063449,0.950000,111.890000,5,-6.277178
831513.157340,1644207.063449,0.950000,111.890000,5,-5.933901
831513.157340,1644207.063449,0.950000,111.890000,5,-5.645547
831513.157340,1644207.063449,0.950000,111.890000,5,-5.403331
831513.157340,1644207.063449,0.950000,111.890000,5,-5.199869
831513.157340,1644207.063449,0.950000,111.890000,5,-5.028960
831513.157340,1644207.063449,0.950000,111.890000,5,-4.885398
831513.157340,1644207.063449,0.950000,111.890000,5,-4.764805
831513.157340,1644207.063449,0.950000,111.890000,5,-4.663507
831513.157340,1644207.063449,0.950000,111.890000,5,-4.578417
831513.157340,1644207.063449,0.950000,111.890000,5,-4.506941
831513.157340,1644207.063449,0.950000,111.890000,5,-4.446901
831513.157340,1644207.063449,0.950000,111.890000,5,-4.396468
831513.157340,1644207.063449,0.950000,111.890000,5,-4.354104
831513.157340,1644207.063449,0.950000,111.890000,5,-4.318518
831513.157340,1644207.063449,0.950000,111.890000,5,-4.288626
831513.157340,1644207.063449,0.950000,111.890000,5,-4.263517
831513.157340,1644207.063449,0.950000,111.890000,5,-4.242425
831513.157340,1644207.063449,0.950000,111.890000,5,-4.224708
831513.157340,1644207.063449,0.950000,111.890000,5,-4.209825
831512.894082,1644207.986863,0.960000,104.700000,5,-3.659825
831512.894082,1644207.986863,0.960000,104.700000,5,-3.105310
831512.894082,1644207.986863,0.960000,104.700000,5,-2.555310
831512.894082,1644207.986863,0.960000,104.700000,5,-1.964965
831512.894082,1644207.986863,0.960000,104.700000,5,-1.414965
831512.894082,1644207.986863,0.960000,104.700000,5,-0.863999
831512.894082,1644207.986863,0.960000,104.700000,5,-0.313999
831512.894082,1644207.986863,0.960000,104.700000,5,0.236001
831512.894082,1644207.986863,0.960000,104.700000,5,0.786303
831512.894082,1644207.986863,0.960000,104.700000,5,1.250275
831512.894082,1644207.986863,0.960000,104.700000,5,1.640011
831512.894082,1644207.986863,0.960000,104.700000,5,1.967390
831512.894082,1644207.986863,0.960000,104.700000,5,2.242388
831512.894082,1644207.986863,0.960000,104.700000,5,2.473386
831512.894082,1644207.986863,0.960000,104.700000,5,2.667424
831512.894082,1644207.986863,0.960000,104.700000,5,2.830417
831512.894082,1644207.986863,0.960000,104.700000,5,2.967330
831512.894082,1644207.986863,0.960000,104.700000,5,3.082338
831512.894082,1644207.986863,0.960000,104.700000,5,3.178944
831512.894082,1644207.986863,0.960000,104.700000,5,3.260093
831512.649517,1644208.911494,0.960000,105.750000,5,3.483419
831512.649517,1644208.911494,0.960000,105.750000,5,3.671013
831512.649517,1644208.911494,0.960000,105.750000,5,3.828592
831512.649517,1644208.911494,0.960000,105.750000,5,3.960958
831512.649517,1644208.911494,0.960000,105.750000,5,4.072145
831512.649517,1644208.911494,0.960000,105.750000,5,4.165543
831512.649517,1644208.911494,0.960000,105.750000,5,4.243997
831512.649517,1644208.911494,0.960000,105.750000,5,4.309898
831512.649517,1644208.911494,0.960000,105.750000,5,4.365255
831512.649517,1644208.911494,0.960000,105.750000,5,4.411755
831512.649517,1644208.911494,0.960000,105.750000,5,4.450815
831512.649517,1644208.911494,0.960000,105.750000,5,4.483626
831512.649517,1644208.911494,0.960000,105.750000,5,4.511186
831512.649517,1644208.911494,0.960000,105.750000,5,4.534337
831512.649517,1644208.911494,0.960000,105.750000,5,4.553784
831512.649517,1644208.911494,0.960000,105.750000,5,4.570120
831512.649517,1644208.911494,0.960000,105.750000,5,4.583841
831512.649517,1644208.911494,0.960000,105.750000,5,4.595367
831512.649517,1644208.911494,0.960000,105.750000,5,4.605049
831512.649517,1644208.911494,0.960000,105.750000,5,4.613182
831512.649517,1644208.911494,0.960000,105.750000,5,4.620014
831512.649517,1644208.911494,0.960000,105.750000,5,4.625753
831512.649517,1644208.911494,0.960000,105.750000,5,4.630573
831512.649517,1644208.911494,0.960000,105.750000,5,4.634622
831512.649517,1644208.911494,0.960000,105.750000,5,4.638023
831512.649517,1644208.911494,0.960000,105.750000,5,4.640880
831512.649517,1644208.911494,0.960000,105.750000,5,4.643280
831512.649517,1644208.911494,0.960000,105.750000,5,4.645296
831512.649517,1644208.911494,0.960000,105.750000,5,4.646990
831512.649517,1644208.911494,0.960000,105.750000,5,4.648412
831512.649517,1644208.911494,0.960000,105.750000,5,4.649607
831512.649517,1644208.911494,0.960000,105.750000,5,4.650611
831512.649517,1644208.911494,0.960000,105.750000,5,4.651454
831512.649517,1644208.911494,0.960000,105.750000,5,4.652162
831512.649517,1644208.911494,0.960000,105.750000,5,4.652757
831512.649517,1644208.911494,0.960000,105.750000,5,4.653257
831512.649517,1644208.911494,0.960000,105.750000,5,4.653676
831512.649517,1644208.911494,0.960000,105.750000,5,4.654029
831512.649517,1644208.911494,0.960000,105.750000,5,4.654325
831512.649517,1644208.911494,0.960000,105.750000,5,4.654574
831512.104246,1644210.778108,0.970000,109.000000,5,4.700751
831512.104246,1644210.778108,0.970000,109.000000,5,4.739540
831512.104246,1644210.778108,0.970000,109.000000,5,4.772123
831512.104246,1644210.778108,0.970000,109.000000,5,4.799492
831512.104246,1644210.778108,0.970000,109.000000,5,4.822482
831512.104246,1644210.778108,0.970000,109.000000,5,4.841794
831512.104246,1644210.778108,0.970000,109.000000,5,4.858016
831512.104246,1644210.778108,0.970000,109.000000,5,4.871643
831512.104246,1644210.778108,0.970000,109.000000,5,4.883089
831512.104246,1644210.778108,0.970000,109.000000,5,4.892704
831512.104246,1644210.778108,0.970000,109.000000,5,4.900780
831512.104246,1644210.778108,0.970000,109.000000,5,4.907564
831512.104246,1644210.778108,0.970000,109.000000,5,4.913263
831512.104246,1644210.778108,0.970000,109.000000,5,4.918050
831512.104246,1644210.778108,0.970000,109.000000,5,4.922071
831512.104246,1644210.778108,0.970000,109.000000,5,4.925449
831512.104246,1644210.778108,0.970000,109.000000,5,4.928286
831512.104246,1644210.778108,0.970000,109.000000,5,4.930669
831512.104246,1644210.778108,0.970000,109.000000,5,4.932671
831512.104246,1644210.778108,0.970000,109.000000,5,4.934353
831511.668216,1644211.637855,0.970000,118.320000,5,4.384353
831511.668216,1644211.637855,0.970000,118.320000,5,3.834022
831511.668216,1644211.637855,0.970000,118.320000,5,3.284022
831511.668216,1644211.637855,0.970000,118.320000,5,2.732257
831511.668216,1644211.637855,0.970000,118.320000,5,2.182257
831511.668216,1644211.637855,0.970000,118.320000,5,1.632257
831511.668216,1644211.637855,0.970000,118.320000,5,1.082062
831511.668216,1644211.637855,0.970000,118.320000,5,0.532062
831511.668216,1644211.637855,0.970000,118.320000,5,-0.035562
831511.668216,1644211.637855,0.970000,118.320000,5,-0.585562
831511.668216,1644211.637855,0.970000,118.320000,5,-1.095154
831511.668216,1644211.637855,0.970000,118.320000,5,-1.523211
831511.668216,1644211.637855,0.970000,118.320000,5,-1.882779
831511.668216,1644211.637855,0.970000,118.320000,5,-2.184816
831511.668216,1644211.637855,0.970000,118.320000,5,-2.438527
831511.668216,1644211.637855,0.970000,118.320000,5,-2.651645
831511.668216,1644211.637855,0.970000,118.320000,5,-2.830663
831511.668216,1644211.637855,0.970000,118.320000,5,-2.981039
831511.668216,1644211.637855,0.970000,118.320000,5,-3.107354
831511.668216,1644211.637855,0.970000,118.320000,5,-3.213459
831511.242722,1644212.518351,0.970000,114.850000,5,-2.983240
831511.242722,1644212.518351,0.970000,114.850000,5,-2.789857
831511.242722,1644212.518351,0.970000,114.850000,5,-2.627414
831511.242722,1644212.518351,0.970000,114.850000,5,-2.490962
831511.242722,1644212.518351,0.970000,114.850000,5,-2.376343
831511.242722,1644212.518351,0.970000,114.850000,5,-2.280063
831511.242722,1644212.518351,0.970000,114.850000,5,-2.199187
831511.242722,1644212.518351,0.970000,114.850000,5,-2.131252
831511.242722,1644212.518351,0.970000,114.850000,5,-2.074186
831511.242722,1644212.518351,0.970000,114.850000,5,-2.026251
831511.242722,1644212.518351,0.970000,114.850000,5,-1.985986
831511.242722,1644212.518351,0.970000,114.850000,5,-1.952163
831511.242722,1644212.518351,0.970000,114.850000,5,-1.923751
831511.242722,1644212.518351,0.970000,114.850000,5,-1.899886
831511.242722,1644212.518351,0.970000,114.850000,5,-1.879839
831511.242722,1644212.518351,0.970000,114.850000,5,-1.862999
831511.242722,1644212.518351,0.970000,114.850000,5,-1.848854
831511.242722,1644212.518351,0.970000,114.850000,5,-1.836972
831511.242722,1644212.518351,0.970000,114.850000,5,-1.826991
831511.242722,1644212.518351,0.970000,114.850000,5,-1.818607
831510.918550,1644213.437812,0.980000,108.890000,5,-1.268607
831510.918550,1644213.437812,0.980000,108.890000,5,-0.718607
831510.918550,1644213.437812,0.980000,108.890000,5,-0.168405
831510.918550,1644213.437812,0.980000,108.890000,5,0.381595
831510.918550,1644213.437812,0.980000,108.890000,5,0.872203
831510.918550,1644213.437812,0.980000,108.890000,5,1.284313
831510.918550,1644213.437812,0.980000,108.890000,5,1.630485
831510.918550,1644213.437812,0.980000,108.890000,5,1.921270
831510.918550,1644213.437812,0.980000,108.890000,5,2.165529
831510.918550,1644213.437812,0.980000,108.890000,5,2.370707
831510.918550,1644213.437812,0.980000,108.890000,5,2.543056
831510.918550,1644213.437812,0.980000,108.890000,5,2.687830
831510.918550,1644213.437812,0.980000,108.890000,5,2.809439
831510.918550,1644213.437812,0.980000,108.890000,5,2.911592
831510.918550,1644213.437812,0.980000,108.890000,5,2.997399
831510.918550,1644213.437812,0.980000,108.890000,5,3.069478
831510.918550,1644213.437812,0.980000,108.890000,5,3.130024
831510.918550,1644213.437812,0.980000,108.890000,5,3.180883
831510.918550,1644213.437812,0.980000,108.890000,5,3.223604
831510.918550,1644213.437812,0.980000,108.890000,5,3.259490
831510.616543,1644214.369322,0.970000,108.920000,5,3.391002
831510.616543,1644214.369322,0.970000,108.920000,5,3.501472
831510.616543,1644214.369322,0.970000,108.920000,5,3.594267
831510.616543,1644214.369322,0.970000,108.920000,5,3.672215
831510.616543,1644214.369322,0.970000,108.920000,5,3.737691
831510.616543,1644214.369322,0.970000,108.920000,5,3.792691
831510.616543,1644214.369322,0.970000,108.920000,5,3.838891
831510.616543,1644214.369322,0.970000,108.920000,5,3.877699
831510.616543,1644214.369322,0.970000,108.920000,5,3.910298
831510.616543,1644214.369322,0.970000,108.920000,5,3.937681
831510.616543,1644214.369322,0.970000,108.920000,5,3.960683
831510.616543,1644214.369322,0.970000,108.920000,5,3.980004
831510.616543,1644214.369322,0.970000,108.920000,5,3.996234
831510.616543,1644214.369322,0.970000,108.920000,5,4.009867
831510.616543,1644214.369322,0.970000,108.920000,5,4.021319
831510.616543,1644214.369322,0.970000,108.920000,5,4.030939
831510.616543,1644214.369322,0.970000,108.920000,5,4.039019
831510.616543,1644214.369322,0.970000,108.920000,5,4.045807
831510.616543,1644214.369322,0.970000,108.920000,5,4.051508
831510.616543,1644214.369322,0.970000,108.920000,5,4.056297
831510.252909,1644215.264173,0.970000,113.290000,5,3.477102
831510.252909,1644215.264173,0.970000,113.290000,5,2.990579
831510.252909,1644215.264173,0.970000,113.290000,5,2.581899
831510.252909,1644215.264173,0.970000,113.290000,5,2.238608
831510.252909,1644215.264173,0.970000,113.290000,5,1.950243
831510.252909,1644215.264173,0.970000,113.290000,5,1.708017
831510.252909,1644215.264173,0.970000,113.290000,5,1.504547
831510.252909,1644215.264173,0.970000,113.290000,5,1.333632
831510.252909,1644215.264173,0.970000,113.290000,5,1.190063
831510.252909,1644215.264173,0.970000,113.290000,5,1.069466
831510.252909,1644215.264173,0.970000,113.290000,5,0.968164
831510.252909,1644215.264173,0.970000,113.290000,5,0.883070
831510.252909,1644215.264173,0.970000,113.290000,5,0.811592
831510.252909,1644215.264173,0.970000,113.290000,5,0.751550
831510.252909,1644215.264173,0.970000,113.290000,5,0.701114
831510.252909,1644215.264173,0.970000,113.290000,5,0.658749
831510.252909,1644215.264173,0.970000,113.290000,5,0.623162
831510.252909,1644215.264173,0.970000,113.290000,5,0.593268
831510.252909,1644215.264173,0.970000,113.290000,5,0.568158
831510.252909,1644215.264173,0.970000,113.290000,5,0.547065
831509.847165,1644216.140604,0.970000,115.000000,5,0.198176
831509.847165,1644216.140604,0.970000,115.000000,5,-0.094891
831509.847165,1644216.140604,0.970000,115.000000,5,-0.341067
831509.847165,1644216.140604,0.970000,115.000000,5,-0.547855
831509.847165,1644216.140604,0.970000,115.000000,5,-0.721557
831509.847165,1644216.140604,0.970000,115.000000,5,-0.867466
831509.847165,1644216.140604,0.970000,115.000000,5,-0.990030
831509.847165,1644216.140604,0.970000,115.000000,5,-1.092984
831509.847165,1644216.140604,0.970000,115.000000,5,-1.179465
831509.847165,1644216.140604,0.970000,115.000000,5,-1.252109
831509.847165,1644216.140604,0.970000,115.000000,5,-1.313131
831509.847165,1644216.140604,0.970000,115.000000,5,-1.364388
831509.847165,1644216.140604,0.970000,115.000000,5,-1.407445
831509.847165,1644216.140604,0.970000,115.000000,5,-1.443612
831509.847165,1644216.140604,0.970000,115.000000,5,-1.473993
831509.847165,1644216.140604,0.970000,115.000000,5,-1.499513
831509.847165,1644216.140604,0.970000,115.000000,5,-1.520949
831509.847165,1644216.140604,0.970000,115.000000,5,-1.538956
831509.847165,1644216.140604,0.970000,115.000000,5,-1.554082
831509.847165,1644216.140604,0.970000,115.000000,5,-1.566787
831509.514191,1644217.053171,0.970000,109.590000,5,-1.016787
831509.514191,1644217.053171,0.970000,109.590000,5,-0.466787
831509.514191,1644217.053171,0.970000,109.590000,5,0.070041
831509.514191,1644217.053171,0.970000,109.590000,5,0.520976
831509.514191,1644217.053171,0.970000,109.590000,5,0.899762
831509.514191,1644217.053171,0.970000,109.590000,5,1.217942
831509.514191,1644217.053171,0.970000,109.590000,5,1.485213
831509.514191,1644217.053171,0.970000,109.590000,5,1.709721
831509.514191,1644217.053171,0.970000,109.590000,5,1.898307
831509.514191,1644217.053171,0.970000,109.590000,5,2.056720
831509.514191,1644217.053171,0.970000,109.590000,5,2.189787
831509.514191,1644217.053171,0.970000,109.590000,5,2.301563
831509.514191,1644217.053171,0.970000,109.590000,5,2.395455
831509.514191,1644217.053171,0.970000,109.590000,5,2.474324
831509.514191,1644217.053171,0.970000,109.590000,5,2.540574
831509.514191,1644217.053171,0.970000,109.590000,5,2.596224
831509.514191,1644217.053171,0.970000,109.590000,5,2.642970
831509.514191,1644217.053171,0.970000,109.590000,5,2.682237
831509.514191,1644217.053171,0.970000,109.590000,5,2.715221
831509.514191,1644217.053171,0.970000,109.590000,5,2.742927
831509.146745,1644217.949828,0.970000,113.080000,5,2.274158
831509.146745,1644217.949828,0.970000,113.080000,5,1.880392
831509.146745,1644217.949828,0.970000,113.080000,5,1.549628
831509.146745,1644217.949828,0.970000,113.080000,5,1.271787
831509.146745,1644217.949828,0.970000,113.080000,5,1.038400
831509.146745,1644217.949828,0.970000,113.080000,5,0.842355
831509.146745,1644217.949828,0.970000,113.080000,5,0.677678
831509.146745,1644217.949828,0.970000,113.080000,5,0.539348
831509.146745,1644217.949828,0.970000,113.080000,5,0.423152
831509.146745,1644217.949828,0.970000,113.080000,5,0.325547
831509.146745,1644217.949828,0.970000,113.080000,5,0.243558
831509.146745,1644217.949828,0.970000,113.080000,5,0.174688
831509.146745,1644217.949828,0.970000,113.080000,5,0.116837
831509.146745,1644217.949828,0.970000,113.080000,5,0.068242
831509.146745,1644217.949828,0.970000,113.080000,5,0.027423
831509.146745,1644217.949828,0.970000,113.080000,5,-0.006866
831509.146745,1644217.949828,0.970000,113.080000,5,-0.035668
831509.146745,1644217.949828,0.970000,113.080000,5,-0.059862
831509.146745,1644217.949828,0.970000,113.080000,5,-0.080185
831509.146745,1644217.949828,0.970000,113.080000,5,-0.097256
831508.712145,1644218.805807,0.960000,116.890000,5,-0.654020
831508.712145,1644218.805807,0.960000,116.890000,5,-1.204020
831508.712145,1644218.805807,0.960000,116.890000,5,-1.712910
831508.712145,1644218.805807,0.960000,116.890000,5,-2.140377
831508.712145,1644218.805807,0.960000,116.890000,5,-2.499450
831508.712145,1644218.805807,0.960000,116.890000,5,-2.801071
831508.712145,1644218.805807,0.960000,116.890000,5,-3.054433
831508.712145,1644218.805807,0.960000,116.890000,5,-3.267256
831508.712145,1644218.805807,0.960000,116.890000,5,-3.446028
831508.712145,1644218.805807,0.960000,116.890000,5,-3.596197
831508.712145,1644218.805807,0.960000,116.890000,5,-3.722339
831508.712145,1644218.805807,0.960000,116.890000,5,-3.828297
831508.712145,1644218.805807,0.960000,116.890000,5,-3.917303
831508.712145,1644218.805807,0.960000,116.890000,5,-3.992067
831508.712145,1644218.805807,0.960000,116.890000,5,-4.054870
831508.712145,1644218.805807,0.960000,116.890000,5,-4.107624
831508.712145,1644218.805807,0.960000,116.890000,5,-4.151937
831508.712145,1644218.805807,0.960000,116.890000,5,-4.189160
831508.712145,1644218.805807,0.960000,116.890000,5,-4.220427
831508.712145,1644218.805807,0.960000,116.890000,5,-4.246692
831508.294524,1644219.701447,0.990000,113.740000,5,-4.046408
831508.294524,1644219.701447,0.990000,113.740000,5,-3.878169
831508.294524,1644219.701447,0.990000,113.740000,5,-3.736848
831508.294524,1644219.701447,0.990000,113.740000,5,-3.618138
831508.294524,1644219.701447,0.990000,113.740000,5,-3.518422
831508.294524,1644219.701447,0.990000,113.740000,5,-3.434661
831508.294524,1644219.701447,0.990000,113.740000,5,-3.364301
831508.294524,1644219.701447,0.990000,113.740000,5,-3.305199
831508.294524,1644219.701447,0.990000,113.740000,5,-3.255554
831508.294524,1644219.701447,0.990000,113.740000,5,-3.213851
831508.294524,1644219.701447,0.990000,113.740000,5,-3.178821
831508.294524,1644219.701447,0.990000,113.740000,5,-3.149396
831508.294524,1644219.701447,0.990000,113.740000,5,-3.124679
831508.294524,1644219.701447,0.990000,113.740000,5,-3.103916
831508.294524,1644219.701447,0.990000,113.740000,5,-3.086476
831508.294524,1644219.701447,0.990000,113.740000,5,-3.071826
831508.294524,1644219.701447,0.990000,113.740000,5,-3.059520
831508.294524,1644219.701447,0.990000,113.740000,5,-3.049183
831508.294524,1644219.701447,0.990000,113.740000,5,-3.040500
831508.294524,1644219.701447,0.990000,113.740000,5,-3.033206
831507.940524,1644220.608696,0.970000,110.430000,5,-2.735673
831507.940524,1644220.608696,0.970000,110.430000,5,-2.485746
831507.940524,1644220.608696,0.970000,110.430000,5,-2.275807
831507.940524,1644220.608696,0.970000,110.430000,5,-2.099458
831507.940524,1644220.608696,0.970000,110.430000,5,-1.951325
831507.940524,1644220.608696,0.970000,110.430000,5,-1.826893
831507.940524,1644220.608696,0.970000,110.430000,5,-1.722370
831507.940524,1644220.608696,0.970000,110.430000,5,-1.634571
831507.940524,1644220.608696,0.970000,110.430000,5,-1.560820
831507.940524,1644220.608696,0.970000,110.430000,5,-1.498869
831507.940524,1644220.608696,0.970000,110.430000,5,-1.446830
831507.940524,1644220.608696,0.970000,110.430000,5,-1.403118
831507.940524,1644220.608696,0.970000,110.430000,5,-1.366399
831507.940524,1644220.608696,0.970000,110.430000,5,-1.335555
831507.940524,1644220.608696,0.970000,110.430000,5,-1.309647
831507.940524,1644220.608696,0.970000,110.430000,5,-1.287883
831507.940524,1644220.608696,0.970000,110.430000,5,-1.269602
831507.940524,1644220.608696,0.970000,110.430000,5,-1.254246
831507.940524,1644220.608696,0.970000,110.430000,5,-1.241347
831507.940524,1644220.608696,0.970000,110.430000,5,-1.230512
831507.563955,1644221.488878,0.960000,112.810000,5,-1.725268
831507.563955,1644221.488878,0.960000,112.810000,5,-2.140864
831507.563955,1644221.488878,0.960000,112.810000,5,-2.489964
831507.563955,1644221.488878,0.960000,112.810000,5,-2.783208
831507.563955,1644221.488878,0.960000,112.810000,5,-3.029533
831507.563955,1644221.488878,0.960000,112.810000,5,-3.236446
831507.563955,1644221.488878,0.960000,112.810000,5,-3.410253
831507.563955,1644221.488878,0.960000,112.810000,5,-3.556251
831507.563955,1644221.488878,0.960000,112.810000,5,-3.678889
831507.563955,1644221.488878,0.960000,112.810000,5,-3.781906
831507.563955,1644221.488878,0.960000,112.810000,5,-3.868439
831507.563955,1644221.488878,0.960000,112.810000,5,-3.941127
831507.563955,1644221.488878,0.960000,112.810000,5,-4.002185
831507.563955,1644221.488878,0.960000,112.810000,5,-4.053474
831507.563955,1644221.488878,0.960000,112.810000,5,-4.096557
831507.563955,1644221.488878,0.960000,112.810000,5,-4.132746
831507.563955,1644221.488878,0.960000,112.810000,5,-4.163145
831507.563955,1644221.488878,0.960000,112.810000,5,-4.188680
831507.563955,1644221.488878,0.960000,112.810000,5,-4.210130
831507.563955,1644221.488878,0.960000,112.810000,5,-4.228147
831507.108798,1644222.385082,1.000000,115.650000,5,-4.789279
831507.108798,1644222.385082,1.000000,115.650000,5,-5.339279
831507.108798,1644222.385082,1.000000,115.650000,5,-5.860844
831507.108798,1644222.385082,1.000000,115.650000,5,-6.298959
831507.108798,1644222.385082,1.000000,115.650000,5,-6.666975
831507.108798,1644222.385082,1.000000,115.650000,5,-6.976109
831507.108798,1644222.385082,1.000000,115.650000,5,-7.235781
831507.108798,1644222.385082,1.000000,115.650000,5,-7.453906
831507.108798,1644222.385082,1.000000,115.650000,5,-7.637131
831507.108798,1644222.385082,1.000000,115.650000,5,-7.791040
831507.108798,1644222.385082,1.000000,115.650000,5,-7.920323
831507.108798,1644222.385082,1.000000,115.650000,5,-8.028921
831507.108798,1644222.385082,1.000000,115.650000,5,-8.120144
831507.108798,1644222.385082,1.000000,115.650000,5,-8.196771
831507.108798,1644222.385082,1.000000,115.650000,5,-8.261137
831507.108798,1644222.385082,1.000000,115.650000,5,-8.315205
831507.108798,1644222.385082,1.000000,115.650000,5,-8.360622
831507.108798,1644222.385082,1.000000,115.650000,5,-8.398772
831507.108798,1644222.385082,1.000000,115.650000,5,-8.430819
831507.108798,1644222.385082,1.000000,115.650000,5,-8.457737
831506.757423,1644223.296555,0.980000,108.590000,5,-7.907491
831506.757423,1644223.296555,0.980000,108.590000,5,-7.394934
831506.757423,1644223.296555,0.980000,108.590000,5,-6.964386
831506.757423,1644223.296555,0.980000,108.590000,5,-6.602726
831506.757423,1644223.296555,0.980000,108.590000,5,-6.298931
831506.757423,1644223.296555,0.980000,108.590000,5,-6.043744
831506.757423,1644223.296555,0.980000,108.590000,5,-5.829386
831506.757423,1644223.296555,0.980000,108.590000,5,-5.649326
831506.757423,1644223.296555,0.980000,108.590000,5,-5.498075
831506.757423,1644223.296555,0.980000,108.590000,5,-5.371025
831506.757423,1644223.296555,0.980000,108.590000,5,-5.264302
831506.757423,1644223.296555,0.980000,108.590000,5,-5.174655
831506.757423,1644223.296555,0.980000,108.590000,5,-5.099352
831506.757423,1644223.296555,0.980000,108.590000,5,-5.036097
831506.757423,1644223.296555,0.980000,108.590000,5,-4.982963
831506.757423,1644223.296555,0.980000,108.590000,5,-4.938330
831506.757423,1644223.296555,0.980000,108.590000,5,-4.900839
831506.757423,1644223.296555,0.980000,108.590000,5,-4.869346
831506.757423,1644223.296555,0.980000,108.590000,5,-4.842892
831506.757423,1644223.296555,0.980000,108.590000,5,-4.820671
831506.453026,1644224.208871,0.960000,107.060000,5,-5.033213
831506.453026,1644224.208871,0.960000,107.060000,5,-5.211749
831506.453026,1644224.208871,0.960000,107.060000,5,-5.361719
831506.453026,1644224.208871,0.960000,107.060000,5,-5.487694
831506.453026,1644224.208871,0.960000,107.060000,5,-5.593513
831506.453026,1644224.208871,0.960000,107.060000,5,-5.682401
831506.453026,1644224.208871,0.960000,107.060000,5,-5.757066
831506.453026,1644224.208871,0.960000,107.060000,5,-5.819786
831506.453026,1644224.208871,0.960000,107.060000,5,-5.872470
831506.453026,1644224.208871,0.960000,107.060000,5,-5.916724
831506.453026,1644224.208871,0.960000,107.060000,5,-5.953898
831506.453026,1644224.208871,0.960000,107.060000,5,-5.985124
831506.453026,1644224.208871,0.960000,107.060000,5,-6.011354
831506.453026,1644224.208871,0.960000,107.060000,5,-6.033387
831506.453026,1644224.208871,0.960000,107.060000,5,-6.051895
831506.453026,1644224.208871,0.960000,107.060000,5,-6.067442
831506.453026,1644224.208871,0.960000,107.060000,5,-6.080501
831506.453026,1644224.208871,0.960000,107.060000,5,-6.091471
831506.453026,1644224.208871,0.960000,107.060000,5,-6.100685
831506.453026,1644224.208871,0.960000,107.060000,5,-6.108425
831506.162470,1644225.153652,0.990000,105.280000,5,-5.854403
831506.162470,1644225.153652,0.990000,105.280000,5,-5.641024
831506.162470,1644225.153652,0.990000,105.280000,5,-5.461786
831506.162470,1644225.153652,0.990000,105.280000,5,-5.311226
831506.162470,1644225.153652,0.990000,105.280000,5,-5.184755
831506.162470,1644225.153652,0.990000,105.280000,5,-5.078520
831506.162470,1644225.153652,0.990000,105.280000,5,-4.989283
831506.162470,1644225.153652,0.990000,105.280000,5,-4.914323
831506.162470,1644225.153652,0.990000,105.280000,5,-4.851357
831506.162470,1644225.153652,0.990000,105.280000,5,-4.798466
831506.162470,1644225.153652,0.990000,105.280000,5,-4.754037
831506.162470,1644225.153652,0.990000,105.280000,5,-4.716717
831506.162470,1644225.153652,0.990000,105.280000,5,-4.685368
831506.162470,1644225.153652,0.990000,105.280000,5,-4.659035
831506.162470,1644225.153652,0.990000,105.280000,5,-4.636915
831506.162470,1644225.153652,0.990000,105.280000,5,-4.618334
831506.162470,1644225.153652,0.990000,105.280000,5,-4.602726
831506.162470,1644225.153652,0.990000,105.280000,5,-4.589616
831506.162470,1644225.153652,0.990000,105.280000,5,-4.578603
831506.162470,1644225.153652,0.990000,105.280000,5,-4.569352
831507.573063,1644223.102005,0.970000,102.100000,4,-3.469352
831507.573063,1644223.102005,0.970000,102.100000,4,-2.438562
831507.573063,1644223.102005,0.970000,102.100000,4,-1.572698
831507.573063,1644223.102005,0.970000,102.100000,4,-0.845372
831507.573063,1644223.102005,0.970000,102.100000,4,-0.234419
831507.573063,1644223.102005,0.970000,102.100000,4,0.278782
831507.573063,1644223.102005,0.970000,102.100000,4,0.709871
831507.573063,1644223.102005,0.970000,102.100000,4,1.071986
831507.573063,1644223.102005,0.970000,102.100000,4,1.376162
831507.573063,1644223.102005,0.970000,102.100000,4,1.631670
831507.573063,1644223.102005,0.970000,102.100000,4,1.846297
831507.573063,1644223.102005,0.970000,102.100000,4,2.026584
831507.573063,1644223.102005,0.970000,102.100000,4,2.178024
831507.573063,1644223.102005,0.970000,102.100000,4,2.305234
831507.573063,1644223.102005,0.970000,102.100000,4,2.412091
831507.573063,1644223.102005,0.970000,102.100000,4,2.501850
831507.573063,1644223.102005,0.970000,102.100000,4,2.577248
831507.573063,1644223.102005,0.970000,102.100000,4,2.640583
831507.573063,1644223.102005,0.970000,102.100000,4,2.693784
831507.573063,1644223.102005,0.970000,102.100000,4,2.738472
831507.345663,1644223.966520,1.280000,100.730000,4,3.015948
831507.345663,1644223.966520,1.280000,100.730000,4,3.249028
831507.345663,1644223.966520,1.280000,100.730000,4,3.444815
831507.345663,1644223.966520,1.280000,100.730000,4,3.609276
831507.345663,1644223.966520,1.280000,100.730000,4,3.747424
831507.345663,1644223.966520,1.280000,100.730000,4,3.863468
831507.345663,1644223.966520,1.280000,100.730000,4,3.960944
831507.345663,1644223.966520,1.280000,100.730000,4,4.042825
831507.345663,1644223.966520,1.280000,100.730000,4,4.111605
831507.345663,1644223.966520,1.280000,100.730000,4,4.169379
831507.345663,1644223.966520,1.280000,100.730000,4,4.217910
831507.345663,1644223.966520,1.280000,100.730000,4,4.258676
831507.345663,1644223.966520,1.280000,100.730000,4,4.292920
831507.345663,1644223.966520,1.280000,100.730000,4,4.321684
831507.345663,1644223.966520,1.280000,100.730000,4,4.345846
831507.345663,1644223.966520,1.280000,100.730000,4,4.366142
831507.345663,1644223.966520,1.280000,100.730000,4,4.383191
831507.345663,1644223.966520,1.280000,100.730000,4,4.397512
831507.345663,1644223.966520,1.280000,100.730000,4,4.409542
831507.345663,1644223.966520,1.280000,100.730000,4,4.419647
831507.345663,1644223.966520,1.280000,100.730000,4,4.428135
831507.116736,1644224.941777,1.310000,107.380000,4,3.983912
831507.116736,1644224.941777,1.310000,107.380000,4,3.610764
831507.116736,1644224.941777,1.310000,107.380000,4,3.297320
831507.116736,1644224.941777,1.310000,107.380000,4,3.034027
831507.116736,1644224.941777,1.310000,107.380000,4,2.812861
831507.116736,1644224.941777,1.310000,107.380000,4,2.627081
831507.116736,1644224.941777,1.310000,107.380000,4,2.471026
831507.116736,1644224.941777,1.310000,107.380000,4,2.339940
831507.116736,1644224.941777,1.310000,107.380000,4,2.229828
831507.116736,1644224.941777,1.310000,107.380000,4,2.137334
831507.116736,1644224.941777,1.310000,107.380000,4,2.059639
831507.116736,1644224.941777,1.310000,107.380000,4,1.994375
831507.116736,1644224.941777,1.310000,107.380000,4,1.939553
831507.116736,1644224.941777,1.310000,107.380000,4,1.893502
831507.116736,1644224.941777,1.310000,107.380000,4,1.854820
831507.116736,1644224.941777,1.310000,107.380000,4,1.822327
831507.116736,1644224.941777,1.310000,107.380000,4,1.795033
831507.116736,1644224.941777,1.310000,107.380000,4,1.772106
831507.116736,1644224.941777,1.310000,107.380000,4,1.752847
831506.813197,1644226.119073,1.310000,106.130000,4,1.765172
831506.813197,1644226.119073,1.310000,106.130000,4,1.775524
831506.813197,1644226.119073,1.310000,106.130000,4,1.784220
831506.813197,1644226.119073,1.310000,106.130000,4,1.791525
831506.813197,1644226.119073,1.310000,106.130000,4,1.797661
831506.813197,1644226.119073,1.310000,106.130000,4,1.802815
831506.813197,1644226.119073,1.310000,106.130000,4,1.807145
831506.813197,1644226.119073,1.310000,106.130000,4,1.810782
831506.813197,1644226.119073,1.310000,106.130000,4,1.813837
831506.813197,1644226.119073,1.310000,106.130000,4,1.816403
831506.813197,1644226.119073,1.310000,106.130000,4,1.818559
831506.813197,1644226.119073,1.310000,106.130000,4,1.820369
831506.813197,1644226.119073,1.310000,106.130000,4,1.821890
831506.813197,1644226.119073,1.310000,106.130000,4,1.823168
831506.813197,1644226.119073,1.310000,106.130000,4,1.824241
831506.813197,1644226.119073,1.310000,106.130000,4,1.825142
831506.813197,1644226.119073,1.310000,106.130000,4,1.825900
831506.813197,1644226.119073,1.310000,106.130000,4,1.826536
831506.813197,1644226.119073,1.310000,106.130000,4,1.827070
831506.813197,1644226.119073,1.310000,106.130000,4,1.827519
831506.509658,1644227.296368,1.310000,108.250000,4,1.391012
831506.509658,1644227.296368,1.310000,108.250000,4,1.024347
831506.509658,1644227.296368,1.310000,108.250000,4,0.716348
831506.509658,1644227.296368,1.310000,108.250000,4,0.457629
831506.509658,1644227.296368,1.310000,108.250000,4,0.240304
831506.509658,1644227.296368,1.310000,108.250000,4,0.057752
831506.509658,1644227.296368,1.310000,108.250000,4,-0.095592
831506.509658,1644227.296368,1.310000,108.250000,4,-0.224401
831506.509658,1644227.296368,1.310000,108.250000,4,-0.332600
831506.509658,1644227.296368,1.310000,108.250000,4,-0.423488
831506.509658,1644227.296368,1.310000,108.250000,4,-0.499833
831506.509658,1644227.296368,1.310000,108.250000,4,-0.563963
831506.509658,1644227.296368,1.310000,108.250000,4,-0.617833
831506.509658,1644227.296368,1.310000,108.250000,4,-0.663083
831506.509658,1644227.296368,1.310000,108.250000,4,-0.701093
831506.509658,1644227.296368,1.310000,108.250000,4,-0.733022
831506.509658,1644227.296368,1.310000,108.250000,4,-0.759842
831506.509658,1644227.296368,1.310000,108.250000,4,-0.782371
831506.509658,1644227.296368,1.310000,108.250000,4,-0.801295
831506.509658,1644227.296368,1.310000,108.250000,4,-0.817191
831506.152260,1644228.472921,1.320000,107.980000,4,-1.184519
831506.152260,1644228.472921,1.320000,107.980000,4,-1.493074
831506.152260,1644228.472921,1.320000,107.980000,4,-1.752261
831506.152260,1644228.472921,1.320000,107.980000,4,-1.969977
831506.152260,1644228.472921,1.320000,107.980000,4,-2.152859
831506.152260,1644228.472921,1.320000,107.980000,4,-2.306480
831506.152260,1644228.472921,1.320000,107.980000,4,-2.435521
831506.152260,1644228.472921,1.320000,107.980000,4,-2.543916
831506.152260,1644228.472921,1.320000,107.980000,4,-2.634968
831506.152260,1644228.472921,1.320000,107.980000,4,-2.711451
831506.152260,1644228.472921,1.320000,107.980000,4,-2.775697
831506.152260,1644228.472921,1.320000,107.980000,4,-2.829664
831506.152260,1644228.472921,1.320000,107.980000,4,-2.874996
831506.152260,1644228.472921,1.320000,107.980000,4,-2.913075
831506.152260,1644228.472921,1.320000,107.980000,4,-2.945061
831506.152260,1644228.472921,1.320000,107.980000,4,-2.971929
831506.152260,1644228.472921,1.320000,107.980000,4,-2.994499
831506.152260,1644228.472921,1.320000,107.980000,4,-3.013457
831506.152260,1644228.472921,1.320000,107.980000,4,-3.029382
831506.152260,1644228.472921,1.320000,107.980000,4,-3.042759
831505.740749,1644229.667188,1.340000,109.040000,4,-3.784401
831505.740749,1644229.667188,1.340000,109.040000,4,-4.407380
831505.740749,1644229.667188,1.340000,109.040000,4,-4.930683
831505.740749,1644229.667188,1.340000,109.040000,4,-5.370257
831505.740749,1644229.667188,1.340000,109.040000,4,-5.739499
831505.740749,1644229.667188,1.340000,109.040000,4,-6.049663
831505.740749,1644229.667188,1.340000,109.040000,4,-6.310200
831505.740749,1644229.667188,1.340000,109.040000,4,-6.529051
831505.740749,1644229.667188,1.340000,109.040000,4,-6.712886
831505.740749,1644229.667188,1.340000,109.040000,4,-6.867308
831505.740749,1644229.667188,1.340000,109.040000,4,-6.997022
831505.740749,1644229.667188,1.340000,109.040000,4,-7.105982
831505.740749,1644229.667188,1.340000,109.040000,4,-7.197508
831505.740749,1644229.667188,1.340000,109.040000,4,-7.274390
831505.740749,1644229.667188,1.340000,109.040000,4,-7.338971
831505.740749,1644229.667188,1.340000,109.040000,4,-7.393219
831505.740749,1644229.667188,1.340000,109.040000,4,-7.438787
831505.740749,1644229.667188,1.340000,109.040000,4,-7.477065
831505.740749,1644229.667188,1.340000,109.040000,4,-7.509218
831505.740749,1644229.667188,1.340000,109.040000,4,-7.536226
831505.329493,1644230.842998,1.340000,104.300000,4,-7.639995
831505.329493,1644230.842998,1.340000,104.300000,4,-7.727161
831505.329493,1644230.842998,1.340000,104.300000,4,-7.800380
831505.329493,1644230.842998,1.340000,104.300000,4,-7.861884
831505.329493,1644230.842998,1.340000,104.300000,4,-7.913548
831505.329493,1644230.842998,1.340000,104.300000,4,-7.956945
831505.329493,1644230.842998,1.340000,104.300000,4,-7.993399
831505.329493,1644230.842998,1.340000,104.300000,4,-8.024020
831505.329493,1644230.842998,1.340000,104.300000,4,-8.049742
831505.329493,1644230.842998,1.340000,104.300000,4,-8.071348
831505.329493,1644230.842998,1.340000,104.300000,4,-8.089497
831505.329493,1644230.842998,1.340000,104.300000,4,-8.104743
831505.329493,1644230.842998,1.340000,104.300000,4,-8.117549
831505.329493,1644230.842998,1.340000,104.300000,4,-8.128306
831505.329493,1644230.842998,1.340000,104.300000,4,-8.137342
831505.329493,1644230.842998,1.340000,104.300000,4,-8.144932
831505.329493,1644230.842998,1.340000,104.300000,4,-8.151308
831505.329493,1644230.842998,1.340000,104.300000,4,-8.156664
831505.329493,1644230.842998,1.340000,104.300000,4,-8.161163
831505.329493,1644230.842998,1.340000,104.300000,4,-8.164942
831505.329493,1644230.842998,1.340000,104.300000,4,-8.168116
831504.935426,1644232.074426,1.360000,101.200000,4,-8.498367
831504.935426,1644232.074426,1.360000,101.200000,4,-8.775777
831504.935426,1644232.074426,1.360000,101.200000,4,-9.008802
831504.935426,1644232.074426,1.360000,101.200000,4,-9.204543
831504.935426,1644232.074426,1.360000,101.200000,4,-9.368966
831504.935426,1644232.074426,1.360000,101.200000,4,-9.507081
831504.935426,1644232.074426,1.360000,101.200000,4,-9.623097
831504.935426,1644232.074426,1.360000,101.200000,4,-9.720551
831504.935426,1644232.074426,1.360000,101.200000,4,-9.802412
831504.935426,1644232.074426,1.360000,101.200000,4,-9.871175
831504.935426,1644232.074426,1.360000,101.200000,4,-9.928937
831504.935426,1644232.074426,1.360000,101.200000,4,-9.977456
831504.935426,1644232.074426,1.360000,101.200000,4,-10.018213
831504.935426,1644232.074426,1.360000,101.200000,4,-10.052448
831504.935426,1644232.074426,1.360000,101.200000,4,-10.081206
831504.935426,1644232.074426,1.360000,101.200000,4,-10.105362
831504.935426,1644232.074426,1.360000,101.200000,4,-10.125653
831504.935426,1644232.074426,1.360000,101.200000,4,-10.142698
831504.935426,1644232.074426,1.360000,101.200000,4,-10.157016
831504.595218,1644233.306598,1.370000,96.130000,4,-10.271715
831504.595218,1644233.306598,1.370000,96.130000,4,-10.368063
831504.595218,1644233.306598,1.370000,96.130000,4,-10.448995
831504.595218,1644233.306598,1.370000,96.130000,4,-10.516978
831504.595218,1644233.306598,1.370000,96.130000,4,-10.574083
831504.595218,1644233.306598,1.370000,96.130000,4,-10.622052
831504.595218,1644233.306598,1.370000,96.130000,4,-10.662345
831504.595218,1644233.306598,1.370000,96.130000,4,-10.696192
831504.595218,1644233.306598,1.370000,96.130000,4,-10.724623
831504.595218,1644233.306598,1.370000,96.130000,4,-10.748506
831504.595218,1644233.306598,1.370000,96.130000,4,-10.768567
831504.595218,1644233.306598,1.370000,96.130000,4,-10.785418
831504.595218,1644233.306598,1.370000,96.130000,4,-10.799573
831504.595218,1644233.306598,1.370000,96.130000,4,-10.811463
831504.595218,1644233.306598,1.370000,96.130000,4,-10.821451
831504.595218,1644233.306598,1.370000,96.130000,4,-10.829841
831504.595218,1644233.306598,1.370000,96.130000,4,-10.836888
831504.595218,1644233.306598,1.370000,96.130000,4,-10.842808
831504.595218,1644233.306598,1.370000,96.130000,4,-10.847781
831504.595218,1644233.306598,1.370000,96.130000,4,-10.851958
831504.380171,1644234.577418,1.380000,91.180000,4,-10.865522
831504.380171,1644234.577418,1.380000,91.180000,4,-10.876916
831504.380171,1644234.577418,1.380000,91.180000,4,-10.886487
831504.380171,1644234.577418,1.380000,91.180000,4,-10.894527
831504.380171,1644234.577418,1.380000,91.180000,4,-10.901280
831504.380171,1644234.577418,1.380000,91.180000,4,-10.906953
831504.380171,1644234.577418,1.380000,91.180000,4,-10.911718
831504.380171,1644234.577418,1.380000,91.180000,4,-10.915721
831504.380171,1644234.577418,1.380000,91.180000,4,-10.919083
831504.380171,1644234.577418,1.380000,91.180000,4,-10.921908
831504.380171,1644234.577418,1.380000,91.180000,4,-10.924280
831504.380171,1644234.577418,1.380000,91.180000,4,-10.926273
831504.380171,1644234.577418,1.380000,91.180000,4,-10.927947
831504.380171,1644234.577418,1.380000,91.180000,4,-10.929353
831504.380171,1644234.577418,1.380000,91.180000,4,-10.930534
831504.380171,1644234.577418,1.380000,91.180000,4,-10.931526
831504.380171,1644234.577418,1.380000,91.180000,4,-10.932360
831504.380171,1644234.577418,1.380000,91.180000,4,-10.933060
831504.380171,1644234.577418,1.380000,91.180000,4,-10.933648
831504.380171,1644234.577418,1.380000,91.180000,4,-10.934142
831504.272840,1644235.849723,1.370000,84.190000,4,-10.015733
831504.272840,1644235.849723,1.370000,84.190000,4,-9.244270
831504.272840,1644235.849723,1.370000,84.190000,4,-8.596240
831504.272840,1644235.849723,1.370000,84.190000,4,-8.051896
831504.272840,1644235.849723,1.370000,84.190000,4,-7.594646
831504.272840,1644235.849723,1.370000,84.190000,4,-7.210557
831504.272840,1644235.849723,1.370000,84.190000,4,-6.887921
831504.272840,1644235.849723,1.370000,84.190000,4,-6.616908
831504.272840,1644235.849723,1.370000,84.190000,4,-6.389256
831504.272840,1644235.849723,1.370000,84.190000,4,-6.198029
831504.272840,1644235.849723,1.370000,84.190000,4,-6.037398
831504.272840,1644235.849723,1.370000,84.190000,4,-5.902468
831504.272840,1644235.849723,1.370000,84.190000,4,-5.789127
831504.272840,1644235.849723,1.370000,84.190000,4,-5.693921
831504.272840,1644235.849723,1.370000,84.190000,4,-5.613947
831504.272840,1644235.849723,1.370000,84.190000,4,-5.546769
831504.272840,1644235.849723,1.370000,84.190000,4,-5.490340
831504.272840,1644235.849723,1.370000,84.190000,4,-5.442940
831504.272840,1644235.849723,1.370000,84.190000,4,-5.403123
831504.272840,1644235.849723,1.370000,84.190000,4,-5.369677
831504.308878,1644237.142466,1.380000,78.710000,4,-4.934449
831504.308878,1644237.142466,1.380000,78.710000,4,-4.568857
831504.308878,1644237.142466,1.380000,78.710000,4,-4.261760
831504.308878,1644237.142466,1.380000,78.710000,4,-4.003799
831504.308878,1644237.142466,1.380000,78.710000,4,-3.787111
831504.308878,1644237.142466,1.380000,78.710000,4,-3.605094
831504.308878,1644237.142466,1.380000,78.710000,4,-3.452199
831504.308878,1644237.142466,1.380000,78.710000,4,-3.323767
831504.308878,1644237.142466,1.380000,78.710000,4,-3.215885
831504.308878,1644237.142466,1.380000,78.710000,4,-3.125263
831504.308878,1644237.142466,1.380000,78.710000,4,-3.049141
831504.308878,1644237.142466,1.380000,78.710000,4,-2.985199
831504.308878,1644237.142466,1.380000,78.710000,4,-2.931487
831504.308878,1644237.142466,1.380000,78.710000,4,-2.886369
831504.308878,1644237.142466,1.380000,78.710000,4,-2.848471
831504.308878,1644237.142466,1.380000,78.710000,4,-2.816635
831504.308878,1644237.142466,1.380000,78.710000,4,-2.789894
831504.308878,1644237.142466,1.380000,78.710000,4,-2.767431
831504.308878,1644237.142466,1.380000,78.710000,4,-2.748562
831504.308878,1644237.142466,1.380000,78.710000,4,-2.732713
831504.452888,1644238.418238,1.390000,76.110000,4,-2.473634
831504.452888,1644238.418238,1.390000,76.110000,4,-2.256008
831504.452888,1644238.418238,1.390000,76.110000,4,-2.073202
831504.452888,1644238.418238,1.390000,76.110000,4,-1.919645
831504.452888,1644238.418238,1.390000,76.110000,4,-1.790657
831504.452888,1644238.418238,1.390000,76.110000,4,-1.682308
831504.452888,1644238.418238,1.390000,76.110000,4,-1.591294
831504.452888,1644238.418238,1.390000,76.110000,4,-1.514842
831504.452888,1644238.418238,1.390000,76.110000,4,-1.450623
831504.452888,1644238.418238,1.390000,76.110000,4,-1.396679
831504.452888,1644238.418238,1.390000,76.110000,4,-1.351365
831504.452888,1644238.418238,1.390000,76.110000,4,-1.313302
831504.452888,1644238.418238,1.390000,76.110000,4,-1.281329
831504.452888,1644238.418238,1.390000,76.110000,4,-1.254472
831504.452888,1644238.418238,1.390000,76.110000,4,-1.231912
831504.452888,1644238.418238,1.390000,76.110000,4,-1.212961
831504.452888,1644238.418238,1.390000,76.110000,4,-1.197043
831504.452888,1644238.418238,1.390000,76.110000,4,-1.183672
831504.452888,1644238.418238,1.390000,76.110000,4,-1.172440
831504.452888,1644238.418238,1.390000,76.110000,4,-1.163005
831504.740775,1644239.677534,1.380000,75.870000,4,-0.824726
831504.740775,1644239.677534,1.380000,75.870000,4,-0.540572
831504.740775,1644239.677534,1.380000,75.870000,4,-0.301882
831504.740775,1644239.677534,1.380000,75.870000,4,-0.101383
831504.740775,1644239.677534,1.380000,75.870000,4,0.067036
831504.740775,1644239.677534,1.380000,75.870000,4,0.208508
831504.740775,1644239.677534,1.380000,75.870000,4,0.327345
831504.740775,1644239.677534,1.380000,75.870000,4,0.427168
831504.740775,1644239.677534,1.380000,75.870000,4,0.511019
831504.740775,1644239.677534,1.380000,75.870000,4,0.581454
831504.740775,1644239.677534,1.380000,75.870000,4,0.640619
831504.740775,1644239.677534,1.380000,75.870000,4,0.690318
831504.740775,1644239.677534,1.380000,75.870000,4,0.732065
831504.740775,1644239.677534,1.380000,75.870000,4,0.767133
831504.740775,1644239.677534,1.380000,75.870000,4,0.796589
831504.740775,1644239.677534,1.380000,75.870000,4,0.821333
831504.740775,1644239.677534,1.380000,75.870000,4,0.842118
831504.740775,1644239.677534,1.380000,75.870000,4,0.859577
831504.740775,1644239.677534,1.380000,75.870000,4,0.874242
831504.740775,1644239.677534,1.380000,75.870000,4,0.886562
831505.010454,1644240.955039,1.410000,75.010000,4,1.078432
831505.010454,1644240.955039,1.410000,75.010000,4,1.239604
831505.010454,1644240.955039,1.410000,75.010000,4,1.374988
831505.010454,1644240.955039,1.410000,75.010000,4,1.488711
831505.010454,1644240.955039,1.410000,75.010000,4,1.584238
831505.010454,1644240.955039,1.410000,75.010000,4,1.664480
831505.010454,1644240.955039,1.410000,75.010000,4,1.731884
831505.010454,1644240.955039,1.410000,75.010000,4,1.788503
831505.010454,1644240.955039,1.410000,75.010000,4,1.836064
831505.010454,1644240.955039,1.410000,75.010000,4,1.876014
831505.010454,1644240.955039,1.410000,75.010000,4,1.909573
831505.010454,1644240.955039,1.410000,75.010000,4,1.937762
831505.010454,1644240.955039,1.410000,75.010000,4,1.961441
831505.010454,1644240.955039,1.410000,75.010000,4,1.981331
831505.010454,1644240.955039,1.410000,75.010000,4,1.998039
831505.010454,1644240.955039,1.410000,75.010000,4,2.012073
831505.010454,1644240.955039,1.410000,75.010000,4,2.023862
831505.010454,1644240.955039,1.410000,75.010000,4,2.033765
831505.010454,1644240.955039,1.410000,75.010000,4,2.042083
831505.010454,1644240.955039,1.410000,75.010000,4,2.049071
831505.334502,1644242.196373,1.390000,74.420000,4,2.310882
831505.334502,1644242.196373,1.390000,74.420000,4,2.530803
831505.334502,1644242.196373,1.390000,74.420000,4,2.715537
831505.334502,1644242.196373,1.390000,74.420000,4,2.870714
831505.334502,1644242.196373,1.390000,74.420000,4,3.001062
831505.334502,1644242.196373,1.390000,74.420000,4,3.110555
831505.334502,1644242.196373,1.390000,74.420000,4,3.202529
831505.334502,1644242.196373,1.390000,74.420000,4,3.279787
831505.334502,1644242.196373,1.390000,74.420000,4,3.344684
831505.334502,1644242.196373,1.390000,74.420000,4,3.399197
831505.334502,1644242.196373,1.390000,74.420000,4,3.444988
831505.334502,1644242.196373,1.390000,74.420000,4,3.483452
831505.334502,1644242.196373,1.390000,74.420000,4,3.515763
831505.334502,1644242.196373,1.390000,74.420000,4,3.542903
831505.334502,1644242.196373,1.390000,74.420000,4,3.565701
831505.334502,1644242.196373,1.390000,74.420000,4,3.584852
831505.334502,1644242.196373,1.390000,74.420000,4,3.600938
831505.334502,1644242.196373,1.390000,74.420000,4,3.614451
831505.334502,1644242.196373,1.390000,74.420000,4,3.625801
831505.334502,1644242.196373,1.390000,74.420000,4,3.635335
831505.675993,1644243.474869,1.390000,75.820000,4,3.546050
831505.675993,1644243.474869,1.390000,75.820000,4,3.471049
831505.675993,1644243.474869,1.390000,75.820000,4,3.408049
831505.675993,1644243.474869,1.390000,75.820000,4,3.355129
831505.675993,1644243.474869,1.390000,75.820000,4,3.310676
831505.675993,1644243.474869,1.390000,75.820000,4,3.273336
831505.675993,1644243.474869,1.390000,75.820000,4,3.241970
831505.675993,1644243.474869,1.390000,75.820000,4,3.215622
831505.675993,1644243.474869,1.390000,75.820000,4,3.193491
831505.675993,1644243.474869,1.390000,75.820000,4,3.174900
831505.675993,1644243.474869,1.390000,75.820000,4,3.159284
831505.675993,1644243.474869,1.390000,75.820000,4,3.146166
831505.675993,1644243.474869,1.390000,75.820000,4,3.135147
831505.675993,1644243.474869,1.390000,75.820000,4,3.125891
831505.675993,1644243.474869,1.390000,75.820000,4,3.118117
831505.675993,1644243.474869,1.390000,75.820000,4,3.111586
831505.675993,1644243.474869,1.390000,75.820000,4,3.106100
831505.675993,1644243.474869,1.390000,75.820000,4,3.101492
831505.675993,1644243.474869,1.390000,75.820000,4,3.097621
831505.675993,1644243.474869,1.390000,75.820000,4,3.094369
831505.963370,1644244.771079,1.420000,78.890000,4,2.868062
831505.963370,1644244.771079,1.420000,78.890000,4,2.677964
831505.963370,1644244.771079,1.420000,78.890000,4,2.518282
831505.963370,1644244.771079,1.420000,78.890000,4,2.384149
831505.963370,1644244.771079,1.420000,78.890000,4,2.271477
831505.963370,1644244.771079,1.420000,78.890000,4,2.176833
831505.963370,1644244.771079,1.420000,78.890000,4,2.097331
831505.963370,1644244.771079,1.420000,78.890000,4,2.030550
831505.963370,1644244.771079,1.420000,78.890000,4,1.974454
831505.963370,1644244.771079,1.420000,78.890000,4,1.927334
831505.963370,1644244.771079,1.420000,78.890000,4,1.887752
831505.963370,1644244.771079,1.420000,78.890000,4,1.854504
831505.963370,1644244.771079,1.420000,78.890000,4,1.826575
831505.963370,1644244.771079,1.420000,78.890000,4,1.803115
831505.963370,1644244.771079,1.420000,78.890000,4,1.783409
831505.963370,1644244.771079,1.420000,78.890000,4,1.766855
831505.963370,1644244.771079,1.420000,78.890000,4,1.752950
831505.963370,1644244.771079,1.420000,78.890000,4,1.741270
831505.963370,1644244.771079,1.420000,78.890000,4,1.731459
831505.963370,1644244.771079,1.420000,78.890000,4,1.723218
831506.162113,1644246.153541,1.400000,82.540000,5,1.248045
831506.162113,1644246.153541,1.400000,82.540000,5,0.848900
831506.162113,1644246.153541,1.400000,82.540000,5,0.513619
831506.162113,1644246.153541,1.400000,82.540000,5,0.231982
831506.162113,1644246.153541,1.400000,82.540000,5,-0.004593
831506.162113,1644246.153541,1.400000,82.540000,5,-0.203316
831506.162113,1644246.153541,1.400000,82.540000,5,-0.370243
831506.162113,1644246.153541,1.400000,82.540000,5,-0.510462
831506.162113,1644246.153541,1.400000,82.540000,5,-0.628245
831506.162113,1644246.153541,1.400000,82.540000,5,-0.727184
831506.162113,1644246.153541,1.400000,82.540000,5,-0.810292
831506.162113,1644246.153541,1.400000,82.540000,5,-0.880103
831506.162113,1644246.153541,1.400000,82.540000,5,-0.938744
831506.162113,1644246.153541,1.400000,82.540000,5,-0.988003
831506.162113,1644246.153541,1.400000,82.540000,5,-1.029380
831506.162113,1644246.153541,1.400000,82.540000,5,-1.064137
831506.162113,1644246.153541,1.400000,82.540000,5,-1.093332
831506.162113,1644246.153541,1.400000,82.540000,5,-1.117857
831506.162113,1644246.153541,1.400000,82.540000,5,-1.138457
831506.162113,1644246.153541,1.400000,82.540000,5,-1.155762
831506.162113,1644246.153541,1.400000,82.540000,5,-1.170298
831506.162113,1644246.153541,1.400000,82.540000,5,-1.182508
831506.162113,1644246.153541,1.400000,82.540000,5,-1.192764
831506.162113,1644246.153541,1.400000,82.540000,5,-1.201379
831506.162113,1644246.153541,1.400000,82.540000,5,-1.208616
831506.162113,1644246.153541,1.400000,82.540000,5,-1.214695
831506.162113,1644246.153541,1.400000,82.540000,5,-1.219802
831506.162113,1644246.153541,1.400000,82.540000,5,-1.224091
831506.162113,1644246.153541,1.400000,82.540000,5,-1.227694
831506.162113,1644246.153541,1.400000,82.540000,5,-1.230721
831506.162113,1644246.153541,1.400000,82.540000,5,-1.233263
831506.162113,1644246.153541,1.400000,82.540000,5,-1.235399
831506.162113,1644246.153541,1.400000,82.540000,5,-1.237192
831506.162113,1644246.153541,1.400000,82.540000,5,-1.238699
831506.162113,1644246.153541,1.400000,82.540000,5,-1.239965
831506.162113,1644246.153541,1.400000,82.540000,5,-1.241028
831506.162113,1644246.153541,1.400000,82.540000,5,-1.241921
831506.162113,1644246.153541,1.400000,82.540000,5,-1.242672
831506.162113,1644246.153541,1.400000,82.540000,5,-1.243302
831506.162113,1644246.153541,1.400000,82.540000,5,-1.243831
831506.162113,1644246.153541,1.400000,82.540000,5,-1.244276
831506.162113,1644246.153541,1.400000,82.540000,5,-1.244649
831506.162113,1644246.153541,1.400000,82.540000,5,-1.244963
831506.162113,1644246.153541,1.400000,82.540000,5,-1.245227
831506.162113,1644246.153541,1.400000,82.540000,5,-1.245448
831506.162113,1644246.153541,1.400000,82.540000,5,-1.245634
831506.162113,1644246.153541,1.400000,82.540000,5,-1.245790
831506.162113,1644246.153541,1.400000,82.540000,5,-1.245921
831506.162113,1644246.153541,1.400000,82.540000,5,-1.246032
831506.162113,1644246.153541,1.400000,82.540000,5,-1.246124
831506.162113,1644246.153541,1.400000,82.540000,5,-1.246202
831506.162113,1644246.153541,1.400000,82.540000,5,-1.246267
831506.162113,1644246.153541,1.400000,82.540000,5,-1.246322
831506.162113,1644246.153541,1.400000,82.540000,5,-1.246368
831506.162113,1644246.153541,1.400000,82.540000,5,-1.246407
831506.162113,1644246.153541,1.400000,82.540000,5,-1.246439
831506.162113,1644246.153541,1.400000,82.540000,5,-1.246467
831506.162113,1644246.153541,1.400000,82.540000,5,-1.246490
831506.162113,1644246.153541,1.400000,82.540000,5,-1.246509
831506.162113,1644246.153541,1.400000,82.540000,5,-1.246525
831506.162113,1644246.153541,1.400000,82.540000,5,-1.246539
831506.162113,1644246.153541,1.400000,82.540000,5,-1.246550
831506.162113,1644246.153541,1.400000,82.540000,5,-1.246560
831506.162113,1644246.153541,1.400000,82.540000,5,-1.246568
831506.162113,1644246.153541,1.400000,82.540000,5,-1.246575
831506.162113,1644246.153541,1.400000,82.540000,5,-1.246580
831506.162113,1644246.153541,1.400000,82.540000,5,-1.246585
831506.162113,1644246.153541,1.400000,82.540000,5,-1.246589
831506.162113,1644246.153541,1.400000,82.540000,5,-1.246593
831506.162113,1644246.153541,1.400000,82.540000,5,-1.246595
831506.162113,1644246.153541,1.400000,82.540000,5,-1.246598
831506.162113,1644246.153541,1.400000,82.540000,5,-1.246600
831506.162113,1644246.153541,1.400000,82.540000,5,-1.246601
831506.162113,1644246.153541,1.400000,82.540000,5,-1.246603
831506.162113,1644246.153541,1.400000,82.540000,5,-1.246604
831506.162113,1644246.153541,1.400000,82.540000,5,-1.246605
831506.162113,1644246.153541,1.400000,82.540000,5,-1.246606
831506.162113,1644246.153541,1.400000,82.540000,5,-1.246607
831506.162113,1644246.153541,1.400000,82.540000,5,-1.246607
831506.162113,1644246.153541,1.400000,82.540000,5,-1.246608
831506.162113,1644246.153541,1.400000,82.540000,5,-1.246608
831506.162113,1644246.153541,1.400000,82.540000,5,-1.246608
831506.162113,1644246.153541,1.400000,82.540000,5,-1.246609
831506.162113,1644246.153541,1.400000,82.540000,5,-1.246609
831506.162113,1644246.153541,1.400000,82.540000,5,-1.246609
831506.162113,1644246.153541,1.400000,82.540000,5,-1.246609
831506.162113,1644246.153541,1.400000,82.540000,5,-1.246609
831506.162113,1644246.153541,1.400000,82.540000,5,-1.246610
831506.162113,1644246.153541,1.400000,82.540000,5,-1.246610
831506.162113,1644246.153541,1.400000,82.540000,5,-1.246610
831506.162113,1644246.153541,1.400000,82.540000,5,-1.246610
831506.162113,1644246.153541,1.400000,82.540000,5,-1.246610
831506.162113,1644246.153541,1.400000,82.540000,5,-1.246610
831506.162113,1644246.153541,1.400000,82.540000,5,-1.246610
831506.162113,1644246.153541,1.400000,82.540000,5,-1.246610
831506.162113,1644246.153541,1.400000,82.540000,5,-1.246610
831506.162113,1644246.153541,1.400000,82.540000,5,-1.246610
831506.162113,1644246.153541,1.400000,82.540000,5,-1.246610
831506.162113,1644246.153541,1.400000,82.540000,5,-1.246610
831506.162113,1644246.153541,1.400000,82.540000,5,-1.246610
831506.162113,1644246.153541,1.400000,82.540000,5,-1.246610
831506.162113,1644246.153541,1.400000,82.540000,5,-1.246610
831506.162113,1644246.153541,1.400000,82.540000,5,-1.246610
831506.162113,1644246.153541,1.400000,82.540000,5,-1.246610
831506.162113,1644246.153541,1.400000,82.540000,5,-1.246610
831506.162113,1644246.153541,1.400000,82.540000,5,-1.246610
831506.162113,1644246.153541,1.400000,82.540000,5,-1.246610
831506.162113,1644246.153541,1.400000,82.540000,5,-1.246610
831506.162113,1644246.153541,1.400000,82.540000,5,-1.246610
831506.162113,1644246.153541,1.400000,82.540000,5,-1.246610
831506.162113,1644246.153541,1.400000,82.540000,5,-1.246610
831506.162113,1644246.153541,1.400000,82.540000,5,-1.246610
831506.162113,1644246.153541,1.400000,82.540000,5,-1.246610
831506.162113,1644246.153541,1.400000,82.540000,5,-1.246610
831506.162113,1644246.153541,1.400000,82.540000,5,-1.246610
831506.162113,1644246.153541,1.400000,82.540000,5,-1.246610
831506.162113,1644246.153541,1.400000,82.540000,5,-1.246610
831506.162113,1644246.153541,1.400000,82.540000,5,-1.246610
831506.162113,1644246.153541,1.400000,82.540000,5,-1.246610
831506.162113,1644246.153541,1.400000,82.540000,5,-1.246610
831506.162113,1644246.153541,1.400000,82.540000,5,-1.246610
831506.162113,1644246.153541,1.400000,82.540000,5,-1.246610
831506.162113,1644246.153541,1.400000,82.540000,5,-1.246610
831506.162113,1644246.153541,1.400000,82.540000,5,-1.246610
831506.162113,1644246.153541,1.400000,82.540000,5,-1.246610
831506.162113,1644246.153541,1.400000,82.540000,5,-1.246610
831506.162113,1644246.153541,1.400000,82.540000,5,-1.246610
831506.162113,1644246.153541,1.400000,82.540000,5,-1.246610
831506.162113,1644246.153541,1.400000,82.540000,5,-1.246610
831506.162113,1644246.153541,1.400000,82.540000,5,-1.246610
831506.162113,1644246.153541,1.400000,82.540000,5,-1.246610
831506.162113,1644246.153541,1.400000,82.540000,5,-1.246610
831506.162113,1644246.153541,1.400000,82.540000,5,-1.246610
831506.162113,1644246.153541,1.400000,82.540000,5,-1.246610
831506.162113,1644246.153541,1.400000,82.540000,5,-1.246610
831506.162113,1644246.153541,1.400000,82.540000,5,-1.246610
831506.162113,1644246.153541,1.400000,82.540000,5,-1.246610
831506.162113,1644246.153541,1.400000,82.540000,5,-1.246610
831506.162113,1644246.153541,1.400000,82.540000,5,-1.246610
831506.162113,1644246.153541,1.400000,82.540000,5,-1.246610
831506.162113,1644246.153541,1.400000,82.540000,5,-1.246610
831506.162113,1644246.153541,1.400000,82.540000,5,-1.246610
831506.162113,1644246.153541,1.400000,82.540000,5,-1.246610
831506.162113,1644246.153541,1.400000,82.540000,5,-1.246610
831506.162113,1644246.153541,1.400000,82.540000,5,-1.246610
831506.162113,1644246.153541,1.400000,82.540000,5,-1.246610
831506.162113,1644246.153541,1.400000,82.540000,5,-1.246610
831506.162113,1644246.153541,1.400000,82.540000,5,-1.246610
831506.162113,1644246.153541,1.400000,82.540000,5,-1.246610
831506.162113,1644246.153541,1.400000,82.540000,5,-1.246610
831506.162113,1644246.153541,1.400000,82.540000,5,-1.246610
831506.162113,1644246.153541,1.400000,82.540000,5,-1.246610
831506.162113,1644246.153541,1.400000,82.540000,5,-1.246610
831506.162113,1644246.153541,1.400000,82.540000,5,-1.246610
831506.162113,1644246.153541,1.400000,82.540000,5,-1.246610
831506.162113,1644246.153541,1.400000,82.540000,5,-1.246610
831506.162113,1644246.153541,1.400000,82.540000,5,-1.246610
831506.162113,1644246.153541,1.400000,82.540000,5,-1.246610
831506.162113,1644246.153541,1.400000,82.540000,5,-1.246610
831506.162113,1644246.153541,1.400000,82.540000,5,-1.246610
831506.162113,1644246.153541,1.400000,82.540000,5,-1.246610
831506.162113,1644246.153541,1.400000,82.540000,5,-1.246610
831506.162113,1644246.153541,1.400000,82.540000,5,-1.246610
831506.162113,1644246.153541,1.400000,82.540000,5,-1.246610
831506.162113,1644246.153541,1.400000,82.540000,5,-1.246610
831506.162113,1644246.153541,1.400000,82.540000,5,-1.246610
831506.162113,1644246.153541,1.400000,82.540000,5,-1.246610
831506.162113,1644246.153541,1.400000,82.540000,5,-1.246610
831506.162113,1644246.153541,1.400000,82.540000,5,-1.246610
831506.162113,1644246.153541,1.400000,82.540000,5,-1.246610
831506.162113,1644246.153541,1.400000,82.540000,5,-1.246610
831506.162113,1644246.153541,1.400000,82.540000,5,-1.246610
831506.162113,1644246.153541,1.400000,82.540000,5,-1.246610
831506.162113,1644246.153541,1.400000,82.540000,5,-1.246610
831506.162113,1644246.153541,1.400000,82.540000,5,-1.246610
831506.162113,1644246.153541,1.400000,82.540000,5,-1.246610
831506.162113,1644246.153541,1.400000,82.540000,5,-1.246610
831506.162113,1644246.153541,1.400000,82.540000,5,-1.246610
831506.162113,1644246.153541,1.400000,82.540000,5,-1.246610
831506.162113,1644246.153541,1.400000,82.540000,5,-1.246610
831506.162113,1644246.153541,1.400000,82.540000,5,-1.246610
831506.162113,1644246.153541,1.400000,82.540000,5,-1.246610
831506.162113,1644246.153541,1.400000,82.540000,5,-1.246610
831506.162113,1644246.153541,1.400000,82.540000,5,-1.246610
831506.162113,1644246.153541,1.400000,82.540000,5,-1.246610
831506.162113,1644246.153541,1.400000,82.540000,5,-1.246610
831506.162113,1644246.153541,1.400000,82.540000,5,-1.246610
831506.162113,1644246.153541,1.400000,82.540000,5,-1.246610
831506.162113,1644246.153541,1.400000,82.540000,5,-1.246610
831506.162113,1644246.153541,1.400000,82.540000,5,-1.246610
831506.162113,1644246.153541,1.400000,82.540000,5,-1.246610
831506.162113,1644246.153541,1.400000,82.540000,5,-1.246610
831506.162113,1644246.153541,1.400000,82.540000,5,-1.246610
831506.162113,1644246.153541,1.400000,82.540000,5,-1.246610
831506.162113,1644246.153541,1.400000,82.540000,5,-1.246610
831506.162113,1644246.153541,1.400000,82.540000,5,-1.246610
831506.162113,1644246.153541,1.400000,82.540000,5,-1.246610
831506.162113,1644246.153541,1.400000,82.540000,5,-1.246610
831506.162113,1644246.153541,1.400000,82.540000,5,-1.246610
831506.162113,1644246.153541,1.400000,82.540000,5,-1.246610
831506.162113,1644246.153541,1.400000,82.540000,5,-1.246610
831506.162113,1644246.153541,1.400000,82.540000,5,-1.246610
831506.162113,1644246.153541,1.400000,82.540000,5,-1.246610
831506.162113,1644246.153541,1.400000,82.540000,5,-1.246610
831506.162113,1644246.153541,1.400000,82.540000,5,-1.246610
831506.162113,1644246.153541,1.400000,82.540000,5,-1.246610
831506.162113,1644246.153541,1.400000,82.540000,5,-1.246610
831506.162113,1644246.153541,1.400000,82.540000,5,-1.246610
831506.162113,1644246.153541,1.400000,82.540000,5,-1.246610
831506.162113,1644246.153541,1.400000,82.540000,5,-1.246610
831506.162113,1644246.153541,1.400000,82.540000,5,-1.246610
831506.162113,1644246.153541,1.400000,82.540000,5,-1.246610
831506.162113,1644246.153541,1.400000,82.540000,5,-1.246610
831506.162113,1644246.153541,1.400000,82.540000,5,-1.246610
831506.162113,1644246.153541,1.400000,82.540000,5,-1.246610
831506.162113,1644246.153541,1.400000,82.540000,5,-1.246610
831506.162113,1644246.153541,1.400000,82.540000,5,-1.246610
831506.162113,1644246.153541,1.400000,82.540000,5,-1.246610
831506.162113,1644246.153541,1.400000,82.540000,5,-1.246610
831506.162113,1644246.153541,1.400000,82.540000,5,-1.246610
831506.162113,1644246.153541,1.400000,82.540000,5,-1.246610
831506.162113,1644246.153541,1.400000,82.540000,5,-1.246610
831506.162113,1644246.153541,1.400000,82.540000,5,-1.246610
831506.162113,1644246.153541,1.400000,82.540000,5,-1.246610
831506.162113,1644246.153541,1.400000,82.540000,5,-1.246610
831506.162113,1644246.153541,1.400000,82.540000,5,-1.246610
831506.162113,1644246.153541,1.400000,82.540000,5,-1.246610
831506.162113,1644246.153541,1.400000,82.540000,5,-1.246610
831506.162113,1644246.153541,1.400000,82.540000,5,-1.246610
831506.162113,1644246.153541,1.400000,82.540000,5,-1.246610
831506.162113,1644246.153541,1.400000,82.540000,5,-1.246610
831506.162113,1644246.153541,1.400000,82.540000,5,-1.246610
831506.162113,1644246.153541,1.400000,82.540000,5,-1.246610
831506.162113,1644246.153541,1.400000,82.540000,5,-1.246610
831506.162113,1644246.153541,1.400000,82.540000,5,-1.246610
831506.162113,1644246.153541,1.400000,82.540000,5,-1.246610
831506.162113,1644246.153541,1.400000,82.540000,5,-1.246610
831506.162113,1644246.153541,1.400000,82.540000,5,-1.246610
831506.162113,1644246.153541,1.400000,82.540000,5,-1.246610
831506.162113,1644246.153541,1.400000,82.540000,5,-1.246610
831506.162113,1644246.153541,1.400000,82.540000,5,-1.246610
831506.162113,1644246.153541,1.400000,82.540000,5,-1.246610
831506.162113,1644246.153541,1.400000,82.540000,5,-1.246610
831506.162113,1644246.153541,1.400000,82.540000,5,-1.246610
831506.162113,1644246.153541,1.400000,82.540000,5,-1.246610
831506.162113,1644246.153541,1.400000,82.540000,5,-1.246610
831506.162113,1644246.153541,1.400000,82.540000,5,-1.246610
831506.162113,1644246.153541,1.400000,82.540000,5,-1.246610
831506.162113,1644246.153541,1.400000,82.540000,5,-1.246610
831506.162113,1644246.153541,1.400000,82.540000,5,-1.246610
831506.162113,1644246.153541,1.400000,82.540000,5,-1.246610
831506.162113,1644246.153541,1.400000,82.540000,5,-1.246610
831506.162113,1644246.153541,1.400000,82.540000,5,-1.246610
831506.162113,1644246.153541,1.400000,82.540000,5,-1.246610
831506.162113,1644246.153541,1.400000,82.540000,5,-1.246610
831506.162113,1644246.153541,1.400000,82.540000,5,-1.246610
831506.162113,1644246.153541,1.400000,82.540000,5,-1.246610
831506.162113,1644246.153541,1.400000,82.540000,5,-1.246610
831506.162113,1644246.153541,1.400000,82.540000,5,-1.246610
831506.162113,1644246.153541,1.400000,82.540000,5,-1.246610
831506.162113,1644246.153541,1.400000,82.540000,5,-1.246610
831506.162113,1644246.153541,1.400000,82.540000,5,-1.246610
831506.162113,1644246.153541,1.400000,82.540000,5,-1.246610
831506.162113,1644246.153541,1.400000,82.540000,5,-1.246610
831506.162113,1644246.153541,1.400000,82.540000,5,-1.246610
831506.162113,1644246.153541,1.400000,82.540000,5,-1.246610
831506.162113,1644246.153541,1.400000,82.540000,5,-1.246610
831506.162113,1644246.153541,1.400000,82.540000,5,-1.246610
831506.162113,1644246.153541,1.400000,82.540000,5,-1.246610
831506.162113,1644246.153541,1.400000,82.540000,5,-1.246610
831506.162113,1644246.153541,1.400000,82.540000,5,-1.246610
831506.162113,1644246.153541,1.400000,82.540000,5,-1.246610
831506.162113,1644246.153541,1.400000,82.540000,5,-1.246610
831506.162113,1644246.153541,1.400000,82.540000,5,-1.246610
831506.162113,1644246.153541,1.400000,82.540000,5,-1.246610
831506.162113,1644246.153541,1.400000,82.540000,5,-1.246610
831506.162113,1644246.153541,1.400000,82.540000,5,-1.246610
831506.162113,1644246.153541,1.400000,82.540000,5,-1.246610
831506.162113,1644246.153541,1.400000,82.540000,5,-1.246610
831506.162113,1644246.153541,1.400000,82.540000,5,-1.246610
831507.710864,1644260.918407,1.060000,78.470000,5,-1.663733
831507.710864,1644260.918407,1.060000,78.470000,5,-2.014116
831507.710864,1644260.918407,1.060000,78.470000,5,-2.308437
831507.710864,1644260.918407,1.060000,78.470000,5,-2.555667
831507.710864,1644260.918407,1.060000,78.470000,5,-2.763341
831507.710864,1644260.918407,1.060000,78.470000,5,-2.937786
831507.710864,1644260.918407,1.060000,78.470000,5,-3.084321
831507.710864,1644260.918407,1.060000,78.470000,5,-3.207409
831507.710864,1644260.918407,1.060000,78.470000,5,-3.310804
831507.710864,1644260.918407,1.060000,78.470000,5,-3.397655
831507.710864,1644260.918407,1.060000,78.470000,5,-3.470611
831507.710864,1644260.918407,1.060000,78.470000,5,-3.531893
831507.710864,1644260.918407,1.060000,78.470000,5,-3.583370
831507.710864,1644260.918407,1.060000,78.470000,5,-3.626611
831507.710864,1644260.918407,1.060000,78.470000,5,-3.662934
831507.710864,1644260.918407,1.060000,78.470000,5,-3.693444
831507.710864,1644260.918407,1.060000,78.470000,5,-3.719073
831507.710864,1644260.918407,1.060000,78.470000,5,-3.740602
831507.710864,1644260.918407,1.060000,78.470000,5,-3.758686
831507.710864,1644260.918407,1.060000,78.470000,5,-3.773876
831507.925535,1644261.965035,1.070000,77.200000,5,-3.484536
831507.925535,1644261.965035,1.070000,77.200000,5,-3.241490
831507.925535,1644261.965035,1.070000,77.200000,5,-3.037332
831507.925535,1644261.965035,1.070000,77.200000,5,-2.865839
831507.925535,1644261.965035,1.070000,77.200000,5,-2.721785
831507.925535,1644261.965035,1.070000,77.200000,5,-2.600780
831507.925535,1644261.965035,1.070000,77.200000,5,-2.499135
831507.925535,1644261.965035,1.070000,77.200000,5,-2.413754
831507.925535,1644261.965035,1.070000,77.200000,5,-2.342033
831507.925535,1644261.965035,1.070000,77.200000,5,-2.281788
831507.925535,1644261.965035,1.070000,77.200000,5,-2.231182
831507.925535,1644261.965035,1.070000,77.200000,5,-2.188673
831507.925535,1644261.965035,1.070000,77.200000,5,-2.152966
831507.925535,1644261.965035,1.070000,77.200000,5,-2.122971
831507.925535,1644261.965035,1.070000,77.200000,5,-2.097776
831507.925535,1644261.965035,1.070000,77.200000,5,-2.076612
831507.925535,1644261.965035,1.070000,77.200000,5,-2.058834
831507.925535,1644261.965035,1.070000,77.200000,5,-2.043901
831507.925535,1644261.965035,1.070000,77.200000,5,-2.031357
831507.925535,1644261.965035,1.070000,77.200000,5,-2.020820
831508.112605,1644262.987208,1.040000,79.000000,5,-2.114501
831508.112605,1644262.987208,1.040000,79.000000,5,-2.193193
831508.112605,1644262.987208,1.040000,79.000000,5,-2.259295
831508.112605,1644262.987208,1.040000,79.000000,5,-2.314820
831508.112605,1644262.987208,1.040000,79.000000,5,-2.361461
831508.112605,1644262.987208,1.040000,79.000000,5,-2.400640
831508.112605,1644262.987208,1.040000,79.000000,5,-2.433550
831508.112605,1644262.987208,1.040000,79.000000,5,-2.461194
831508.112605,1644262.987208,1.040000,79.000000,5,-2.484415
831508.112605,1644262.987208,1.040000,79.000000,5,-2.503921
831508.112605,1644262.987208,1.040000,79.000000,5,-2.520306
831508.112605,1644262.987208,1.040000,79.000000,5,-2.534069
831508.112605,1644262.987208,1.040000,79.000000,5,-2.545631
831508.112605,1644262.987208,1.040000,79.000000,5,-2.555342
831508.112605,1644262.987208,1.040000,79.000000,5,-2.563500
831508.112605,1644262.987208,1.040000,79.000000,5,-2.570352
831508.112605,1644262.987208,1.040000,79.000000,5,-2.576108
831508.112605,1644262.987208,1.040000,79.000000,5,-2.580943
831508.112605,1644262.987208,1.040000,79.000000,5,-2.585004
831508.112605,1644262.987208,1.040000,79.000000,5,-2.588416
831508.324896,1644264.025241,1.060000,77.620000,5,-2.245326
831508.324896,1644264.025241,1.060000,77.620000,5,-1.957131
831508.324896,1644264.025241,1.060000,77.620000,5,-1.715047
831508.324896,1644264.025241,1.060000,77.620000,5,-1.511697
831508.324896,1644264.025241,1.060000,77.620000,5,-1.340882
831508.324896,1644264.025241,1.060000,77.620000,5,-1.197398
831508.324896,1644264.025241,1.060000,77.620000,5,-1.076871
831508.324896,1644264.025241,1.060000,77.620000,5,-0.975629
831508.324896,1644264.025241,1.060000,77.620000,5,-0.890585
831508.324896,1644264.025241,1.060000,77.620000,5,-0.819149
831508.324896,1644264.025241,1.060000,77.620000,5,-0.759142
831508.324896,1644264.025241,1.060000,77.620000,5,-0.708736
831508.324896,1644264.025241,1.060000,77.620000,5,-0.666395
831508.324896,1644264.025241,1.060000,77.620000,5,-0.630829
831508.324896,1644264.025241,1.060000,77.620000,5,-0.600954
831508.324896,1644264.025241,1.060000,77.620000,5,-0.575858
831508.324896,1644264.025241,1.060000,77.620000,5,-0.554778
831508.324896,1644264.025241,1.060000,77.620000,5,-0.537070
831508.324896,1644264.025241,1.060000,77.620000,5,-0.522196
831508.324896,1644264.025241,1.060000,77.620000,5,-0.509702
831508.542248,1644265.054924,1.050000,77.920000,5,-0.323974
831508.542248,1644265.054924,1.050000,77.920000,5,-0.167962
831508.542248,1644265.054924,1.050000,77.920000,5,-0.036913
831508.542248,1644265.054924,1.050000,77.920000,5,0.073169
831508.542248,1644265.054924,1.050000,77.920000,5,0.165638
831508.542248,1644265.054924,1.050000,77.920000,5,0.243311
831508.542248,1644265.054924,1.050000,77.920000,5,0.308557
831508.542248,1644265.054924,1.050000,77.920000,5,0.363364
831508.542248,1644265.054924,1.050000,77.920000,5,0.409401
831508.542248,1644265.054924,1.050000,77.920000,5,0.448073
831508.542248,1644265.054924,1.050000,77.920000,5,0.480557
831508.542248,1644265.054924,1.050000,77.920000,5,0.507843
831508.542248,1644265.054924,1.050000,77.920000,5,0.530764
831508.542248,1644265.054924,1.050000,77.920000,5,0.550018
831508.542248,1644265.054924,1.050000,77.920000,5,0.566190
831508.542248,1644265.054924,1.050000,77.920000,5,0.579776
831508.542248,1644265.054924,1.050000,77.920000,5,0.591187
831508.542248,1644265.054924,1.050000,77.920000,5,0.600773
831508.542248,1644265.054924,1.050000,77.920000,5,0.608825
831508.542248,1644265.054924,1.050000,77.920000,5,0.615589
831508.785659,1644266.088991,1.060000,76.950000,5,0.972339
831508.785659,1644266.088991,1.060000,76.950000,5,1.272008
831508.785659,1644266.088991,1.060000,76.950000,5,1.523731
831508.785659,1644266.088991,1.060000,76.950000,5,1.735178
831508.785659,1644266.088991,1.060000,76.950000,5,1.912794
831508.785659,1644266.088991,1.060000,76.950000,5,2.061991
831508.785659,1644266.088991,1.060000,76.950000,5,2.187317
831508.785659,1644266.088991,1.060000,76.950000,5,2.292590
831508.785659,1644266.088991,1.060000,76.950000,5,2.381020
831508.785659,1644266.088991,1.060000,76.950000,5,2.455301
831508.785659,1644266.088991,1.060000,76.950000,5,2.517697
831508.785659,1644266.088991,1.060000,76.950000,5,2.570109
831508.785659,1644266.088991,1.060000,76.950000,5,2.614136
831508.785659,1644266.088991,1.060000,76.950000,5,2.651118
831508.785659,1644266.088991,1.060000,76.950000,5,2.682183
831508.785659,1644266.088991,1.060000,76.950000,5,2.708278
831508.785659,1644266.088991,1.060000,76.950000,5,2.730198
831508.785659,1644266.088991,1.060000,76.950000,5,2.748610
831508.785659,1644266.088991,1.060000,76.950000,5,2.764077
831508.785659,1644266.088991,1.060000,76.950000,5,2.777069
831508.911793,1644266.575382,0.500000,75.880000,5,3.099199
831508.911793,1644266.575382,0.500000,75.880000,5,3.369789
831508.911793,1644266.575382,0.500000,75.880000,5,3.597084
831508.911793,1644266.575382,0.500000,75.880000,5,3.788012
831508.911793,1644266.575382,0.500000,75.880000,5,3.948392
831508.911793,1644266.575382,0.500000,75.880000,5,4.083111
831508.911793,1644266.575382,0.500000,75.880000,5,4.196275
831508.911793,1644266.575382,0.500000,75.880000,5,4.291333
831508.911793,1644266.575382,0.500000,75.880000,5,4.371181
831508.911793,1644266.575382,0.500000,75.880000,5,4.438254
831508.911793,1644266.575382,0.500000,75.880000,5,4.494595
831508.911793,1644266.575382,0.500000,75.880000,5,4.541921
831508.911793,1644266.575382,0.500000,75.880000,5,4.581675
831508.911793,1644266.575382,0.500000,75.880000,5,4.615069
831508.911793,1644266.575382,0.500000,75.880000,5,4.643120
831508.911793,1644266.575382,0.500000,75.880000,5,4.666682
831508.911793,1644266.575382,0.500000,75.880000,5,4.686475
831508.911793,1644266.575382,0.500000,75.880000,5,4.703100
831508.911793,1644266.575382,0.500000,75.880000,5,4.717066
831508.911793,1644266.575382,0.500000,75.880000,5,4.728797
831508.958596,1644266.757834,0.190000,75.880000,5,4.823766
831508.958596,1644266.757834,0.190000,75.880000,5,4.903539
831508.958596,1644266.757834,0.190000,75.880000,5,4.970549
831508.958596,1644266.757834,0.190000,75.880000,5,5.026838
831508.958596,1644266.757834,0.190000,75.880000,5,5.074120
831508.958596,1644266.757834,0.190000,75.880000,5,5.113837
831508.958596,1644266.757834,0.190000,75.880000,5,5.147199
831508.958596,1644266.757834,0.190000,75.880000,5,5.175223
831508.958596,1644266.757834,0.190000,75.880000,5,5.198764
831508.958596,1644266.757834,0.190000,75.880000,5,5.218538
831508.958596,1644266.757834,0.190000,75.880000,5,5.235148
831508.958596,1644266.757834,0.190000,75.880000,5,5.249101
831508.958596,1644266.757834,0.190000,75.880000,5,5.260821
831508.958596,1644266.757834,0.190000,75.880000,5,5.270666
831508.958596,1644266.757834,0.190000,75.880000,5,5.278935
831508.958596,1644266.757834,0.190000,75.880000,5,5.285882
831508.958596,1644266.757834,0.190000,75.880000,5,5.291717
831508.958596,1644266.757834,0.190000,75.880000,5,5.296618
831508.958596,1644266.757834,0.190000,75.880000,5,5.300736
831508.958596,1644266.757834,0.190000,75.880000,5,5.304194
831508.980902,1644266.845573,0.090000,75.880000,5,5.352513
831508.980902,1644266.845573,0.090000,75.880000,5,5.393100
831508.980902,1644266.845573,0.090000,75.880000,5,5.427193
831508.980902,1644266.845573,0.090000,75.880000,5,5.455832
831508.980902,1644266.845573,0.090000,75.880000,5,5.479888
831508.980902,1644266.845573,0.090000,75.880000,5,5.500096
831508.980902,1644266.845573,0.090000,75.880000,5,5.517070
831508.980902,1644266.845573,0.090000,75.880000,5,5.531328
831508.980902,1644266.845573,0.090000,75.880000,5,5.543305
831508.980902,1644266.845573,0.090000,75.880000,5,5.553366
831508.980902,1644266.845573,0.090000,75.880000,5,5.561816
831508.980902,1644266.845573,0.090000,75.880000,5,5.568915
831508.980902,1644266.845573,0.090000,75.880000,5,5.574878
831508.980902,1644266.845573,0.090000,75.880000,5,5.579887
831508.980902,1644266.845573,0.090000,75.880000,5,5.584095
831508.980902,1644266.845573,0.090000,75.880000,5,5.587629
831508.980902,1644266.845573,0.090000,75.880000,5,5.590598
831508.980902,1644266.845573,0.090000,75.880000,5,5.593092
831508.980902,1644266.845573,0.090000,75.880000,5,5.595186
831508.980902,1644266.845573,0.090000,75.880000,5,5.596946
831508.980902,1644266.845573,0.000000,75.880000,5,5.598424
831508.980902,1644266.845573,0.000000,75.880000,5,5.599666
831508.980902,1644266.845573,0.000000,75.880000,5,5.600709
831508.980902,1644266.845573,0.000000,75.880000,5,5.601585
831508.980902,1644266.845573,0.000000,75.880000,5,5.602320
831508.980902,1644266.845573,0.000000,75.880000,5,5.602939
831508.980902,1644266.845573,0.000000,75.880000,5,5.603458
831508.980902,1644266.845573,0.000000,75.880000,5,5.603894
831508.980902,1644266.845573,0.000000,75.880000,5,5.604260
831508.980902,1644266.845573,0.000000,75.880000,5,5.604568
831508.980902,1644266.845573,0.000000,75.880000,5,5.604827
831508.980902,1644266.845573,0.000000,75.880000,5,5.605044
831508.980902,1644266.845573,0.000000,75.880000,5,5.605226
831508.980902,1644266.845573,0.000000,75.880000,5,5.605379
831508.980902,1644266.845573,0.000000,75.880000,5,5.605508
831508.980902,1644266.845573,0.000000,75.880000,5,5.605616
831508.980902,1644266.845573,0.000000,75.880000,5,5.605707
831508.980902,1644266.845573,0.000000,75.880000,5,5.605783
831508.980902,1644266.845573,0.000000,75.880000,5,5.605848
831508.980902,1644266.845573,0.000000,75.880000,5,5.605901
831508.980902,1644266.845573,0.000000,75.880000,5,5.605947
831508.980902,1644266.845573,0.000000,75.880000,5,5.605985
831508.980902,1644266.845573,0.000000,75.880000,5,5.606016
831508.980902,1644266.845573,0.000000,75.880000,5,5.606043
831508.980902,1644266.845573,0.000000,75.880000,5,5.606066
831508.980902,1644266.845573,0.000000,75.880000,5,5.606085
831508.980902,1644266.845573,0.000000,75.880000,5,5.606101
831508.980902,1644266.845573,0.000000,75.880000,5,5.606114
831508.980902,1644266.845573,0.000000,75.880000,5,5.606125
831508.980902,1644266.845573,0.000000,75.880000,5,5.606134
831508.980902,1644266.845573,0.000000,75.880000,5,5.606142
831508.980902,1644266.845573,0.000000,75.880000,5,5.606149
831508.980902,1644266.845573,0.000000,75.880000,5,5.606155
831508.980902,1644266.845573,0.000000,75.880000,5,5.606159
831508.980902,1644266.845573,0.000000,75.880000,5,5.606163
831508.980902,1644266.845573,0.000000,75.880000,5,5.606167
831508.980902,1644266.845573,0.000000,75.880000,5,5.606169
831508.980902,1644266.845573,0.000000,75.880000,5,5.606172
831508.980902,1644266.845573,0.000000,75.880000,5,5.606174
831508.980902,1644266.845573,0.000000,75.880000,5,5.606175
831508.980902,1644266.845573,0.000000,75.880000,5,5.606177
831508.980902,1644266.845573,0.000000,75.880000,5,5.606178
831508.980902,1644266.845573,0.000000,75.880000,5,5.606179
831508.980902,1644266.845573,0.000000,75.880000,5,5.606180
831508.980902,1644266.845573,0.000000,75.880000,5,5.606180
831508.980902,1644266.845573,0.000000,75.880000,5,5.606181
831508.980902,1644266.845573,0.000000,75.880000,5,5.606181
831508.980902,1644266.845573,0.000000,75.880000,5,5.606182
831508.980902,1644266.845573,0.000000,75.880000,5,5.606182
831508.980902,1644266.845573,0.000000,75.880000,5,5.606182
831508.980902,1644266.845573,0.000000,75.880000,5,5.606183
831508.980902,1644266.845573,0.000000,75.880000,5,5.606183
831508.980902,1644266.845573,0.000000,75.880000,5,5.606183
831508.980902,1644266.845573,0.000000,75.880000,5,5.606183
831508.980902,1644266.845573,0.000000,75.880000,5,5.606183
831508.980902,1644266.845573,0.000000,75.880000,5,5.606183
831508.980902,1644266.845573,0.000000,75.880000,5,5.606183
831508.980902,1644266.845573,0.000000,75.880000,5,5.606184
831508.980902,1644266.845573,0.000000,75.880000,5,5.606184
831508.980902,1644266.845573,0.000000,75.880000,5,5.606184
831508.980902,1644266.845573,0.000000,75.880000,5,5.606184
831508.980902,1644266.845573,0.000000,75.880000,5,5.606184
831508.980902,1644266.845573,0.000000,75.880000,5,5.606184
831508.980902,1644266.845573,0.000000,75.880000,5,5.606184
831508.980902,1644266.845573,0.000000,75.880000,5,5.606184
831508.980902,1644266.845573,0.000000,75.880000,5,5.606184
831508.980902,1644266.845573,0.000000,75.880000,5,5.606184
831508.980902,1644266.845573,0.000000,75.880000,5,5.606184
831508.980902,1644266.845573,0.000000,75.880000,5,5.606184
831508.980902,1644266.845573,0.000000,75.880000,5,5.606184
831508.980902,1644266.845573,0.000000,75.880000,5,5.606184
831508.980902,1644266.845573,0.000000,75.880000,5,5.606184
831508.980902,1644266.845573,0.000000,75.880000,5,5.606184
831508.980902,1644266.845573,0.000000,75.880000,5,5.606184
831508.980902,1644266.845573,0.000000,75.880000,5,5.606184
831508.980902,1644266.845573,0.000000,75.880000,5,5.606184
831508.980902,1644266.845573,0.000000,75.880000,5,5.606184
831508.980902,1644266.845573,0.000000,75.880000,5,5.606184
831508.980902,1644266.845573,0.000000,75.880000,5,5.606184
831508.980902,1644266.845573,0.000000,75.880000,5,5.606184
831508.980902,1644266.845573,0.000000,75.880000,5,5.606184
831508.980902,1644266.845573,0.000000,75.880000,5,5.606184
831508.980902,1644266.845573,0.000000,75.880000,5,5.606184
831508.980902,1644266.845573,0.000000,75.880000,5,5.606184
831508.980902,1644266.845573,0.000000,75.880000,5,5.606184
831508.980902,1644266.845573,0.000000,75.880000,5,5.606184
831508.980902,1644266.845573,0.000000,75.880000,5,5.606184
831508.980902,1644266.845573,0.000000,75.880000,5,5.606184
831508.980902,1644266.845573,0.000000,75.880000,5,5.606184
831508.980902,1644266.845573,0.000000,75.880000,5,5.606184
831508.980902,1644266.845573,0.000000,75.880000,5,5.606184
831508.980902,1644266.845573,0.000000,75.880000,5,5.606184
831508.980902,1644266.845573,0.000000,75.880000,5,5.606184
831508.980902,1644266.845573,0.000000,75.880000,5,5.606184
831508.980902,1644266.845573,0.000000,75.880000,5,5.606184
831508.980902,1644266.845573,0.000000,75.880000,5,5.606184
831508.980902,1644266.845573,0.000000,75.880000,5,5.606184
831508.980902,1644266.845573,0.000000,75.880000,5,5.606184
831508.980902,1644266.845573,0.000000,75.880000,5,5.606184
831508.980902,1644266.845573,0.000000,75.880000,5,5.606184
831508.980902,1644266.845573,0.000000,75.880000,5,5.606184
831508.980902,1644266.845573,0.000000,75.880000,5,5.606184
831508.980902,1644266.845573,0.000000,75.880000,5,5.606184
831508.980902,1644266.845573,0.000000,75.880000,5,5.606184
831508.980902,1644266.845573,0.000000,75.880000,5,5.606184
831508.980902,1644266.845573,0.000000,75.880000,5,5.606184
831508.980902,1644266.845573,0.000000,75.880000,5,5.606184
831508.980902,1644266.845573,0.000000,75.880000,5,5.606184
831508.980902,1644266.845573,0.000000,75.880000,5,5.606184
831508.980902,1644266.845573,0.000000,75.880000,5,5.606184
831508.980902,1644266.845573,0.000000,75.880000,5,5.606184
831508.980902,1644266.845573,0.000000,75.880000,5,5.606184
831508.980902,1644266.845573,0.000000,75.880000,5,5.606184
831508.980902,1644266.845573,0.000000,75.880000,5,5.606184
831508.980902,1644266.845573,0.000000,75.880000,5,5.606184
831508.980902,1644266.845573,0.000000,75.880000,5,5.606184
831508.980902,1644266.845573,0.000000,75.880000,5,5.606184
831508.980902,1644266.845573,0.000000,75.880000,5,5.606184
831508.980902,1644266.845573,0.000000,75.880000,5,5.606184
831508.980902,1644266.845573,0.000000,75.880000,5,5.606184
831508.980902,1644266.845573,0.000000,75.880000,5,5.606184
831508.980902,1644266.845573,0.000000,75.880000,5,5.606184
831508.980902,1644266.845573,0.000000,75.880000,5,5.606184
831508.980902,1644266.845573,0.000000,75.880000,5,5.606184
831508.980902,1644266.845573,0.000000,75.880000,5,5.606184
831508.980902,1644266.845573,0.000000,75.880000,5,5.606184
831508.980902,1644266.845573,0.000000,75.880000,5,5.606184
831508.980902,1644266.845573,0.000000,75.880000,5,5.606184
831508.980902,1644266.845573,0.000000,75.880000,5,5.606184
831508.980902,1644266.845573,0.000000,75.880000,5,5.606184
831508.980902,1644266.845573,0.000000,75.880000,5,5.606184
831508.980902,1644266.845573,0.000000,75.880000,5,5.606184
831508.980902,1644266.845573,0.000000,75.880000,5,5.606184
831508.980902,1644266.845573,0.000000,75.880000,5,5.606184
831508.980902,1644266.845573,0.000000,75.880000,5,5.606184
831508.980902,1644266.845573,0.000000,75.880000,5,5.606184
831508.980902,1644266.845573,0.000000,75.880000,5,5.606184
831508.980902,1644266.845573,0.000000,75.880000,5,5.606184
831508.980902,1644266.845573,0.000000,75.880000,5,5.606184
831508.980902,1644266.845573,0.000000,75.880000,5,5.606184
831508.980902,1644266.845573,0.000000,75.880000,5,5.606184
831508.980902,1644266.845573,0.000000,75.880000,5,5.606184
831508.980902,1644266.845573,0.000000,75.880000,5,5.606184
831508.980902,1644266.845573,0.000000,75.880000,5,5.606184
831508.980902,1644266.845573,0.000000,75.880000,5,5.606184
831508.980902,1644266.845573,0.000000,75.880000,5,5.606184
831508.980902,1644266.845573,0.000000,75.880000,5,5.606184
831508.980902,1644266.845573,0.000000,75.880000,5,5.606184
831508.980902,1644266.845573,0.000000,75.880000,5,5.606184
831508.980902,1644266.845573,0.000000,75.880000,5,5.606184
831508.980902,1644266.845573,0.000000,75.880000,5,5.606184
831508.980902,1644266.845573,0.000000,75.880000,5,5.606184
831508.980902,1644266.845573,0.000000,75.880000,5,5.606184
831508.980902,1644266.845573,0.000000,75.880000,5,5.606184
831508.980902,1644266.845573,0.000000,75.880000,5,5.606184
831508.980902,1644266.845573,0.000000,75.880000,5,5.606184
831508.980902,1644266.845573,0.000000,75.880000,5,5.606184
831508.980902,1644266.845573,0.000000,75.880000,5,5.606184
831508.980902,1644266.845573,0.000000,75.880000,5,5.606184
831508.980902,1644266.845573,0.000000,75.880000,5,5.606184
831509.063276,1644267.276999,0.440000,79.930000,5,5.086726
831509.063276,1644267.276999,0.440000,79.930000,5,4.650381
831509.063276,1644267.276999,0.440000,79.930000,5,4.283852
831509.063276,1644267.276999,0.440000,79.930000,5,3.975967
831509.063276,1644267.276999,0.440000,79.930000,5,3.717343
831509.063276,1644267.276999,0.440000,79.930000,5,3.500100
831509.063276,1644267.276999,0.440000,79.930000,5,3.317615
831509.063276,1644267.276999,0.440000,79.930000,5,3.164328
831509.063276,1644267.276999,0.440000,79.930000,5,3.035567
831509.063276,1644267.276999,0.440000,79.930000,5,2.927408
831509.063276,1644267.276999,0.440000,79.930000,5,2.836554
831509.063276,1644267.276999,0.440000,79.930000,5,2.760237
831509.063276,1644267.276999,0.440000,79.930000,5,2.696130
831509.063276,1644267.276999,0.440000,79.930000,5,2.642281
831509.063276,1644267.276999,0.440000,79.930000,5,2.597047
831509.063276,1644267.276999,0.440000,79.930000,5,2.559051
831509.063276,1644267.276999,0.440000,79.930000,5,2.527134
831509.063276,1644267.276999,0.440000,79.930000,5,2.500324
831509.063276,1644267.276999,0.440000,79.930000,5,2.477804
831509.063276,1644267.276999,0.440000,79.930000,5,2.458887
831509.195762,1644267.720263,0.460000,73.700000,5,3.008887
831509.195762,1644267.720263,0.460000,73.700000,5,3.561452
831509.195762,1644267.720263,0.460000,73.700000,5,4.111894
831509.195762,1644267.720263,0.460000,73.700000,5,4.661894
831509.195762,1644267.720263,0.460000,73.700000,5,5.216446
831509.195762,1644267.720263,0.460000,73.700000,5,5.766446
831509.195762,1644267.720263,0.460000,73.700000,5,6.309958
831509.195762,1644267.720263,0.460000,73.700000,5,6.766509
831509.195762,1644267.720263,0.460000,73.700000,5,7.150011
831509.195762,1644267.720263,0.460000,73.700000,5,7.472153
831509.195762,1644267.720263,0.460000,73.700000,5,7.742752
831509.195762,1644267.720263,0.460000,73.700000,5,7.970056
831509.195762,1644267.720263,0.460000,73.700000,5,8.160990
831509.195762,1644267.720263,0.460000,73.700000,5,8.321376
831509.195762,1644267.720263,0.460000,73.700000,5,8.456099
831509.195762,1644267.720263,0.460000,73.700000,5,8.569267
831509.195762,1644267.720263,0.460000,73.700000,5,8.664328
831509.195762,1644267.720263,0.460000,73.700000,5,8.744179
831509.195762,1644267.720263,0.460000,73.700000,5,8.811254
831509.195762,1644267.720263,0.460000,73.700000,5,8.867597
831509.270151,1644268.201204,0.490000,82.510000,5,8.317597
831509.270151,1644268.201204,0.490000,82.510000,5,7.767597
831509.270151,1644268.201204,0.490000,82.510000,5,7.212680
831509.270151,1644268.201204,0.490000,82.510000,5,6.662582
831509.270151,1644268.201204,0.490000,82.510000,5,6.112582
831509.270151,1644268.201204,0.490000,82.510000,5,5.479040
831509.270151,1644268.201204,0.490000,82.510000,5,4.929040
831509.270151,1644268.201204,0.490000,82.510000,5,4.390759
831509.270151,1644268.201204,0.490000,82.510000,5,3.938603
831509.270151,1644268.201204,0.490000,82.510000,5,3.558791
831509.270151,1644268.201204,0.490000,82.510000,5,3.239750
831509.270151,1644268.201204,0.490000,82.510000,5,2.971755
831509.270151,1644268.201204,0.490000,82.510000,5,2.746639
831509.270151,1644268.201204,0.490000,82.510000,5,2.557542
831509.270151,1644268.201204,0.490000,82.510000,5,2.398700
831509.270151,1644268.201204,0.490000,82.510000,5,2.265273
831509.270151,1644268.201204,0.490000,82.510000,5,2.153195
831509.270151,1644268.201204,0.490000,82.510000,5,2.059049
831509.270151,1644268.201204,0.490000,82.510000,5,1.979966
831509.270151,1644268.201204,0.490000,82.510000,5,1.913537
831509.307516,1644268.708615,0.510000,86.080000,5,1.363537
831509.307516,1644268.708615,0.510000,86.080000,5,0.813537
831509.307516,1644268.708615,0.510000,86.080000,5,0.291127
831509.307516,1644268.708615,0.510000,86.080000,5,-0.147697
831509.307516,1644268.708615,0.510000,86.080000,5,-0.516309
831509.307516,1644268.708615,0.510000,86.080000,5,-0.825943
831509.307516,1644268.708615,0.510000,86.080000,5,-1.086036
831509.307516,1644268.708615,0.510000,86.080000,5,-1.304514
831509.307516,1644268.708615,0.510000,86.080000,5,-1.488035
831509.307516,1644268.708615,0.510000,86.080000,5,-1.642193
831509.307516,1644268.708615,0.510000,86.080000,5,-1.771686
831509.307516,1644268.708615,0.510000,86.080000,5,-1.880460
831509.307516,1644268.708615,0.510000,86.080000,5,-1.971830
831509.307516,1644268.708615,0.510000,86.080000,5,-2.048581
831509.307516,1644268.708615,0.510000,86.080000,5,-2.113052
831509.307516,1644268.708615,0.510000,86.080000,5,-2.167207
831509.307516,1644268.708615,0.510000,86.080000,5,-2.212698
831509.307516,1644268.708615,0.510000,86.080000,5,-2.250910
831509.307516,1644268.708615,0.510000,86.080000,5,-2.283008
831509.307516,1644268.708615,0.510000,86.080000,5,-2.309970
831509.399213,1644269.253193,0.550000,80.060000,5,-1.759970
831509.399213,1644269.253193,0.550000,80.060000,5,-1.209584
831509.399213,1644269.253193,0.550000,80.060000,5,-0.659584
831509.399213,1644269.253193,0.550000,80.060000,5,-0.109084
831509.399213,1644269.253193,0.550000,80.060000,5,0.440916
831509.399213,1644269.253193,0.550000,80.060000,5,0.990916
831509.399213,1644269.253193,0.550000,80.060000,5,1.535880
831509.399213,1644269.253193,0.550000,80.060000,5,1.993649
831509.399213,1644269.253193,0.550000,80.060000,5,2.378175
831509.399213,1644269.253193,0.550000,80.060000,5,2.701177
831509.399213,1644269.253193,0.550000,80.060000,5,2.972499
831509.399213,1644269.253193,0.550000,80.060000,5,3.200409
831509.399213,1644269.253193,0.550000,80.060000,5,3.391854
831509.399213,1644269.253193,0.550000,80.060000,5,3.552667
831509.399213,1644269.253193,0.550000,80.060000,5,3.687750
831509.399213,1644269.253193,0.550000,80.060000,5,3.801220
831509.399213,1644269.253193,0.550000,80.060000,5,3.896535
831509.399213,1644269.253193,0.550000,80.060000,5,3.976599
831509.399213,1644269.253193,0.550000,80.060000,5,4.043854
831509.399213,1644269.253193,0.550000,80.060000,5,4.100347
831509.493428,1644269.813849,0.570000,81.160000,5,3.954956
831509.493428,1644269.813849,0.570000,81.160000,5,3.832828
831509.493428,1644269.813849,0.570000,81.160000,5,3.730241
831509.493428,1644269.813849,0.570000,81.160000,5,3.644067
831509.493428,1644269.813849,0.570000,81.160000,5,3.571681
831509.493428,1644269.813849,0.570000,81.160000,5,3.510877
831509.493428,1644269.813849,0.570000,81.160000,5,3.459801
831509.493428,1644269.813849,0.570000,81.160000,5,3.416898
831509.493428,1644269.813849,0.570000,81.160000,5,3.380859
831509.493428,1644269.813849,0.570000,81.160000,5,3.350587
831509.493428,1644269.813849,0.570000,81.160000,5,3.325158
831509.493428,1644269.813849,0.570000,81.160000,5,3.303797
831509.493428,1644269.813849,0.570000,81.160000,5,3.285855
831509.493428,1644269.813849,0.570000,81.160000,5,3.270783
831509.493428,1644269.813849,0.570000,81.160000,5,3.258122
831509.493428,1644269.813849,0.570000,81.160000,5,3.247488
831509.493428,1644269.813849,0.570000,81.160000,5,3.238554
831509.493428,1644269.813849,0.570000,81.160000,5,3.231051
831509.493428,1644269.813849,0.570000,81.160000,5,3.224747
831509.493428,1644269.813849,0.570000,81.160000,5,3.219453
831509.656196,1644270.392150,0.600000,74.860000,5,3.771590
831509.656196,1644270.392150,0.600000,74.860000,5,4.324085
831509.656196,1644270.392150,0.600000,74.860000,5,4.874085
831509.656196,1644270.392150,0.600000,74.860000,5,5.424085
831509.656196,1644270.392150,0.600000,74.860000,5,5.979515
831509.656196,1644270.392150,0.600000,74.860000,5,6.525909
831509.656196,1644270.392150,0.600000,74.860000,5,6.984879
831509.656196,1644270.392150,0.600000,74.860000,5,7.370415
831509.656196,1644270.392150,0.600000,74.860000,5,7.694265
831509.656196,1644270.392150,0.600000,74.860000,5,7.966298
831509.656196,1644270.392150,0.600000,74.860000,5,8.194807
831509.656196,1644270.392150,0.600000,74.860000,5,8.386754
831509.656196,1644270.392150,0.600000,74.860000,5,8.547989
831509.656196,1644270.392150,0.600000,74.860000,5,8.683427
831509.656196,1644270.392150,0.600000,74.860000,5,8.797195
831509.656196,1644270.392150,0.600000,74.860000,5,8.892760
831509.656196,1644270.392150,0.600000,74.860000,5,8.973035
831509.656196,1644270.392150,0.600000,74.860000,5,9.040465
831509.656196,1644270.392150,0.600000,74.860000,5,9.097107
831509.656196,1644270.392150,0.600000,74.860000,5,9.144686
831509.751804,1644270.997657,0.610000,82.720000,5,8.594686
831509.751804,1644270.997657,0.610000,82.720000,5,8.042584
831509.751804,1644270.997657,0.610000,82.720000,5,7.491060
831509.751804,1644270.997657,0.610000,82.720000,5,6.956968
831509.751804,1644270.997657,0.610000,82.720000,5,6.508331
831509.751804,1644270.997657,0.610000,82.720000,5,6.131476
831509.751804,1644270.997657,0.610000,82.720000,5,5.814917
831509.751804,1644270.997657,0.610000,82.720000,5,5.549008
831509.751804,1644270.997657,0.610000,82.720000,5,5.325645
831509.751804,1644270.997657,0.610000,82.720000,5,5.138019
831509.751804,1644270.997657,0.610000,82.720000,5,4.980414
831509.751804,1644270.997657,0.610000,82.720000,5,4.848025
831509.751804,1644270.997657,0.610000,82.720000,5,4.736819
831509.751804,1644270.997657,0.610000,82.720000,5,4.643406
831509.751804,1644270.997657,0.610000,82.720000,5,4.564938
831509.751804,1644270.997657,0.610000,82.720000,5,4.499026
831509.751804,1644270.997657,0.610000,82.720000,5,4.443660
831509.751804,1644270.997657,0.610000,82.720000,5,4.397152
831509.751804,1644270.997657,0.610000,82.720000,5,4.358085
831509.751804,1644270.997657,0.610000,82.720000,5,4.325269
831509.859480,1644271.622190,0.640000,81.040000,5,4.539202
831509.859480,1644271.622190,0.640000,81.040000,5,4.718906
831509.859480,1644271.622190,0.640000,81.040000,5,4.869857
831509.859480,1644271.622190,0.640000,81.040000,5,4.996655
831509.859480,1644271.622190,0.640000,81.040000,5,5.103166
831509.859480,1644271.622190,0.640000,81.040000,5,5.192636
831509.859480,1644271.622190,0.640000,81.040000,5,5.267790
831509.859480,1644271.622190,0.640000,81.040000,5,5.330919
831509.859480,1644271.622190,0.640000,81.040000,5,5.383948
831509.859480,1644271.622190,0.640000,81.040000,5,5.428492
831509.859480,1644271.622190,0.640000,81.040000,5,5.465909
831509.859480,1644271.622190,0.640000,81.040000,5,5.497340
831509.859480,1644271.622190,0.640000,81.040000,5,5.523741
831509.859480,1644271.622190,0.640000,81.040000,5,5.545918
831509.859480,1644271.622190,0.640000,81.040000,5,5.564547
831509.859480,1644271.622190,0.640000,81.040000,5,5.580196
831509.859480,1644271.622190,0.640000,81.040000,5,5.593340
831509.859480,1644271.622190,0.640000,81.040000,5,5.604382
831509.859480,1644271.622190,0.640000,81.040000,5,5.613656
831509.859480,1644271.622190,0.640000,81.040000,5,5.621447
831509.953205,1644272.276903,0.660000,82.970000,5,5.338277
831509.953205,1644272.276903,0.660000,82.970000,5,5.100414
831509.953205,1644272.276903,0.660000,82.970000,5,4.900609
831509.953205,1644272.276903,0.660000,82.970000,5,4.732773
831509.953205,1644272.276903,0.660000,82.970000,5,4.591790
831509.953205,1644272.276903,0.660000,82.970000,5,4.473365
831509.953205,1644272.276903,0.660000,82.970000,5,4.373888
831509.953205,1644272.276903,0.660000,82.970000,5,4.290327
831509.953205,1644272.276903,0.660000,82.970000,5,4.220136
831509.953205,1644272.276903,0.660000,82.970000,5,4.161175
831509.953205,1644272.276903,0.660000,82.970000,5,4.111649
831509.953205,1644272.276903,0.660000,82.970000,5,4.070046
831509.953205,1644272.276903,0.660000,82.970000,5,4.035100
831509.953205,1644272.276903,0.660000,82.970000,5,4.005745
831509.953205,1644272.276903,0.660000,82.970000,5,3.981087
831509.953205,1644272.276903,0.660000,82.970000,5,3.960375
831509.953205,1644272.276903,0.660000,82.970000,5,3.942976
831509.953205,1644272.276903,0.660000,82.970000,5,3.928361
831509.953205,1644272.276903,0.660000,82.970000,5,3.916084
831509.953205,1644272.276903,0.660000,82.970000,5,3.905772
831510.097896,1644272.932473,0.670000,78.340000,5,4.455772
831510.097896,1644272.932473,0.670000,78.340000,5,5.009201
831510.097896,1644272.932473,0.670000,78.340000,5,5.562526
831510.097896,1644272.932473,0.670000,78.340000,5,6.115873
831510.097896,1644272.932473,0.670000,78.340000,5,6.665873
831510.097896,1644272.932473,0.670000,78.340000,5,7.215873
831510.097896,1644272.932473,0.670000,78.340000,5,7.767778
831510.097896,1644272.932473,0.670000,78.340000,5,8.314705
831510.097896,1644272.932473,0.670000,78.340000,5,8.774123
831510.097896,1644272.932473,0.670000,78.340000,5,9.160034
831510.097896,1644272.932473,0.670000,78.340000,5,9.484199
831510.097896,1644272.932473,0.670000,78.340000,5,9.756498
831510.097896,1644272.932473,0.670000,78.340000,5,9.985229
831510.097896,1644272.932473,0.670000,78.340000,5,10.177363
831510.097896,1644272.932473,0.670000,78.340000,5,10.338756
831510.097896,1644272.932473,0.670000,78.340000,5,10.474326
831510.097896,1644272.932473,0.670000,78.340000,5,10.588204
831510.097896,1644272.932473,0.670000,78.340000,5,10.683862
831510.097896,1644272.932473,0.670000,78.340000,5,10.764215
831510.097896,1644272.932473,0.670000,78.340000,5,10.831711
831510.134567,1644273.629579,0.700000,89.280000,5,10.281711
831510.134567,1644273.629579,0.700000,89.280000,5,9.728536
831510.134567,1644273.629579,0.700000,89.280000,5,9.178536
831510.134567,1644273.629579,0.700000,89.280000,5,8.628462
831510.134567,1644273.629579,0.700000,89.280000,5,8.076013
831510.134567,1644273.629579,0.700000,89.280000,5,7.500839
831510.134567,1644273.629579,0.700000,89.280000,5,6.950839
831510.134567,1644273.629579,0.700000,89.280000,5,6.400839
831510.134567,1644273.629579,0.700000,89.280000,5,5.850287
831510.134567,1644273.629579,0.700000,89.280000,5,5.300265
831510.134567,1644273.629579,0.700000,89.280000,5,4.749284
831510.134567,1644273.629579,0.700000,89.280000,5,4.199103
831510.134567,1644273.629579,0.700000,89.280000,5,3.649103
831510.134567,1644273.629579,0.700000,89.280000,5,3.094651
831510.134567,1644273.629579,0.700000,89.280000,5,2.544457
831510.134567,1644273.629579,0.700000,89.280000,5,2.082295
831510.134567,1644273.629579,0.700000,89.280000,5,1.694078
831510.134567,1644273.629579,0.700000,89.280000,5,1.367977
831510.134567,1644273.629579,0.700000,89.280000,5,1.094051
831510.134567,1644273.629579,0.700000,89.280000,5,0.863953
831510.232222,1644274.326894,0.700000,82.210000,5,1.413953
831510.232222,1644274.326894,0.700000,82.210000,5,1.966623
831510.232222,1644274.326894,0.700000,82.210000,5,2.516623
831510.232222,1644274.326894,0.700000,82.210000,5,3.067647
831510.232222,1644274.326894,0.700000,82.210000,5,3.569357
831510.232222,1644274.326894,0.700000,82.210000,5,3.990793
831510.232222,1644274.326894,0.700000,82.210000,5,4.344800
831510.232222,1644274.326894,0.700000,82.210000,5,4.642165
831510.232222,1644274.326894,0.700000,82.210000,5,4.891952
831510.232222,1644274.326894,0.700000,82.210000,5,5.101773
831510.232222,1644274.326894,0.700000,82.210000,5,5.278023
831510.232222,1644274.326894,0.700000,82.210000,5,5.426073
831510.232222,1644274.326894,0.700000,82.210000,5,5.550435
831510.232222,1644274.326894,0.700000,82.210000,5,5.654898
831510.232222,1644274.326894,0.700000,82.210000,5,5.742648
831510.232222,1644274.326894,0.700000,82.210000,5,5.816358
831510.232222,1644274.326894,0.700000,82.210000,5,5.878274
831510.232222,1644274.326894,0.700000,82.210000,5,5.930284
831510.232222,1644274.326894,0.700000,82.210000,5,5.973972
831510.232222,1644274.326894,0.700000,82.210000,5,6.010670
831510.269635,1644275.030671,0.710000,88.230000,5,5.457376
831510.269635,1644275.030671,0.710000,88.230000,5,4.905462
831510.269635,1644275.030671,0.710000,88.230000,5,4.423354
831510.269635,1644275.030671,0.710000,88.230000,5,4.018383
831510.269635,1644275.030671,0.710000,88.230000,5,3.678208
831510.269635,1644275.030671,0.710000,88.230000,5,3.392461
831510.269635,1644275.030671,0.710000,88.230000,5,3.152433
831510.269635,1644275.030671,0.710000,88.230000,5,2.950809
831510.269635,1644275.030671,0.710000,88.230000,5,2.781446
831510.269635,1644275.030671,0.710000,88.230000,5,2.639180
831510.269635,1644275.030671,0.710000,88.230000,5,2.519678
831510.269635,1644275.030671,0.710000,88.230000,5,2.419295
831510.269635,1644275.030671,0.710000,88.230000,5,2.334974
831510.269635,1644275.030671,0.710000,88.230000,5,2.264144
831510.269635,1644275.030671,0.710000,88.230000,5,2.204647
831510.269635,1644275.030671,0.710000,88.230000,5,2.154669
831510.269635,1644275.030671,0.710000,88.230000,5,2.112688
831510.269635,1644275.030671,0.710000,88.230000,5,2.077424
831510.269635,1644275.030671,0.710000,88.230000,5,2.047802
831510.269635,1644275.030671,0.710000,88.230000,5,2.022920
831510.201765,1644275.757056,0.730000,95.780000,5,1.460436
831510.201765,1644275.757056,0.730000,95.780000,5,0.910436
831510.201765,1644275.757056,0.730000,95.780000,5,0.356078
831510.201765,1644275.757056,0.730000,95.780000,5,-0.193922
831510.201765,1644275.757056,0.730000,95.780000,5,-0.743922
831510.201765,1644275.757056,0.730000,95.780000,5,-1.297577
831510.201765,1644275.757056,0.730000,95.780000,5,-1.847577
831510.201765,1644275.757056,0.730000,95.780000,5,-2.444864
831510.201765,1644275.757056,0.730000,95.780000,5,-2.994864
831510.201765,1644275.757056,0.730000,95.780000,5,-3.546305
831510.201765,1644275.757056,0.730000,95.780000,5,-4.096305
831510.201765,1644275.757056,0.730000,95.780000,5,-4.583578
831510.201765,1644275.757056,0.730000,95.780000,5,-4.992888
831510.201765,1644275.757056,0.730000,95.780000,5,-5.336709
831510.201765,1644275.757056,0.730000,95.780000,5,-5.625518
831510.201765,1644275.757056,0.730000,95.780000,5,-5.868117
831510.201765,1644275.757056,0.730000,95.780000,5,-6.071901
831510.201765,1644275.757056,0.730000,95.780000,5,-6.243079
831510.201765,1644275.757056,0.730000,95.780000,5,-6.386869
831510.201765,1644275.757056,0.730000,95.780000,5,-6.507653
831510.174789,1644276.520252,0.760000,90.530000,5,-5.935977
831510.174789,1644276.520252,0.760000,90.530000,5,-5.385977
831510.174789,1644276.520252,0.760000,90.530000,5,-4.884114
831510.174789,1644276.520252,0.760000,90.530000,5,-4.462549
831510.174789,1644276.520252,0.760000,90.530000,5,-4.108435
831510.174789,1644276.520252,0.760000,90.530000,5,-3.810978
831510.174789,1644276.520252,0.760000,90.530000,5,-3.561115
831510.174789,1644276.520252,0.760000,90.530000,5,-3.351230
831510.174789,1644276.520252,0.760000,90.530000,5,-3.174926
831510.174789,1644276.520252,0.760000,90.530000,5,-3.026831
831510.174789,1644276.520252,0.760000,90.530000,5,-2.902432
831510.174789,1644276.520252,0.760000,90.530000,5,-2.797936
831510.174789,1644276.520252,0.760000,90.530000,5,-2.710159
831510.174789,1644276.520252,0.760000,90.530000,5,-2.636427
831510.174789,1644276.520252,0.760000,90.530000,5,-2.574492
831510.174789,1644276.520252,0.760000,90.530000,5,-2.522467
831510.174789,1644276.520252,0.760000,90.530000,5,-2.478765
831510.174789,1644276.520252,0.760000,90.530000,5,-2.442056
831510.174789,1644276.520252,0.760000,90.530000,5,-2.411220
831510.174789,1644276.520252,0.760000,90.530000,5,-2.385318
831510.150885,1644277.309680,0.790000,91.170000,5,-2.411572
831510.150885,1644277.309680,0.790000,91.170000,5,-2.433625
831510.150885,1644277.309680,0.790000,91.170000,5,-2.452150
831510.150885,1644277.309680,0.790000,91.170000,5,-2.467711
831510.150885,1644277.309680,0.790000,91.170000,5,-2.480782
831510.150885,1644277.309680,0.790000,91.170000,5,-2.491762
831510.150885,1644277.309680,0.790000,91.170000,5,-2.500984
831510.150885,1644277.309680,0.790000,91.170000,5,-2.508732
831510.150885,1644277.309680,0.790000,91.170000,5,-2.515239
831510.150885,1644277.309680,0.790000,91.170000,5,-2.520706
831510.150885,1644277.309680,0.790000,91.170000,5,-2.525298
831510.150885,1644277.309680,0.790000,91.170000,5,-2.529155
831510.150885,1644277.309680,0.790000,91.170000,5,-2.532395
831510.150885,1644277.309680,0.790000,91.170000,5,-2.535116
831510.150885,1644277.309680,0.790000,91.170000,5,-2.537403
831510.150885,1644277.309680,0.790000,91.170000,5,-2.539323
831510.150885,1644277.309680,0.790000,91.170000,5,-2.540936
831510.150885,1644277.309680,0.790000,91.170000,5,-2.542291
831510.150885,1644277.309680,0.790000,91.170000,5,-2.543429
831510.150885,1644277.309680,0.790000,91.170000,5,-2.544385
831510.172026,1644278.087535,0.780000,87.850000,5,-2.002239
831510.172026,1644278.087535,0.780000,87.850000,5,-1.546836
831510.172026,1644278.087535,0.780000,87.850000,5,-1.164297
831510.172026,1644278.087535,0.780000,87.850000,5,-0.842965
831510.172026,1644278.087535,0.780000,87.850000,5,-0.573045
831510.172026,1644278.087535,0.780000,87.850000,5,-0.346313
831510.172026,1644278.087535,0.780000,87.850000,5,-0.155858
831510.172026,1644278.087535,0.780000,87.850000,5,0.004124
831510.172026,1644278.087535,0.780000,87.850000,5,0.138509
831510.172026,1644278.087535,0.780000,87.850000,5,0.251393
831510.172026,1644278.087535,0.780000,87.850000,5,0.346215
831510.172026,1644278.087535,0.780000,87.850000,5,0.425865
831510.172026,1644278.087535,0.780000,87.850000,5,0.492772
831510.172026,1644278.087535,0.780000,87.850000,5,0.548973
831510.172026,1644278.087535,0.780000,87.850000,5,0.596182
831510.172026,1644278.087535,0.780000,87.850000,5,0.635838
831510.172026,1644278.087535,0.780000,87.850000,5,0.669149
831510.172026,1644278.087535,0.780000,87.850000,5,0.697130
831510.172026,1644278.087535,0.780000,87.850000,5,0.720634
831510.172026,1644278.087535,0.780000,87.850000,5,0.740378
831510.184513,1644278.571692,0.480000,88.630000,5,0.667678
831510.184513,1644278.571692,0.480000,88.630000,5,0.606610
831510.184513,1644278.571692,0.480000,88.630000,5,0.555312
831510.184513,1644278.571692,0.480000,88.630000,5,0.512223
831510.184513,1644278.571692,0.480000,88.630000,5,0.476028
831510.184513,1644278.571692,0.480000,88.630000,5,0.445624
831510.184513,1644278.571692,0.480000,88.630000,5,0.420084
831510.184513,1644278.571692,0.480000,88.630000,5,0.398631
831510.184513,1644278.571692,0.480000,88.630000,5,0.380611
831510.184513,1644278.571692,0.480000,88.630000,5,0.365473
831510.184513,1644278.571692,0.480000,88.630000,5,0.352758
831510.184513,1644278.571692,0.480000,88.630000,5,0.342077
831510.184513,1644278.571692,0.480000,88.630000,5,0.333105
831510.184513,1644278.571692,0.480000,88.630000,5,0.325569
831510.184513,1644278.571692,0.480000,88.630000,5,0.319238
831510.184513,1644278.571692,0.480000,88.630000,5,0.313921
831510.184513,1644278.571692,0.480000,88.630000,5,0.309454
831510.184513,1644278.571692,0.480000,88.630000,5,0.305702
831510.184513,1644278.571692,0.480000,88.630000,5,0.302550
831510.184513,1644278.571692,0.480000,88.630000,5,0.299902
831510.184513,1644278.571692,0.000000,88.630000,5,0.297678
831510.184513,1644278.571692,0.000000,88.630000,5,0.295810
831510.184513,1644278.571692,0.000000,88.630000,5,0.294241
831510.184513,1644278.571692,0.000000,88.630000,5,0.292923
831510.184513,1644278.571692,0.000000,88.630000,5,0.291816
831510.184513,1644278.571692,0.000000,88.630000,5,0.290886
831510.184513,1644278.571692,0.000000,88.630000,5,0.290104
831510.184513,1644278.571692,0.000000,88.630000,5,0.289448
831510.184513,1644278.571692,0.000000,88.630000,5,0.288897
831510.184513,1644278.571692,0.000000,88.630000,5,0.288434
831510.184513,1644278.571692,0.000000,88.630000,5,0.288045
831510.184513,1644278.571692,0.000000,88.630000,5,0.287718
831510.184513,1644278.571692,0.000000,88.630000,5,0.287444
831510.184513,1644278.571692,0.000000,88.630000,5,0.287213
831510.184513,1644278.571692,0.000000,88.630000,5,0.287019
831510.184513,1644278.571692,0.000000,88.630000,5,0.286857
831510.184513,1644278.571692,0.000000,88.630000,5,0.286720
831510.184513,1644278.571692,0.000000,88.630000,5,0.286605
831510.184513,1644278.571692,0.000000,88.630000,5,0.286509
831510.184513,1644278.571692,0.000000,88.630000,5,0.286428
831510.185709,1644278.621542,0.050000,88.630000,5,0.287648
831510.185709,1644278.621542,0.050000,88.630000,5,0.288674
831510.185709,1644278.621542,0.050000,88.630000,5,0.289535
831510.185709,1644278.621542,0.050000,88.630000,5,0.290258
831510.185709,1644278.621542,0.050000,88.630000,5,0.290866
831510.185709,1644278.621542,0.050000,88.630000,5,0.291376
831510.185709,1644278.621542,0.050000,88.630000,5,0.291805
831510.185709,1644278.621542,0.050000,88.630000,5,0.292165
831510.185709,1644278.621542,0.050000,88.630000,5,0.292468
831510.185709,1644278.621542,0.050000,88.630000,5,0.292722
831510.185709,1644278.621542,0.050000,88.630000,5,0.292935
831510.185709,1644278.621542,0.050000,88.630000,5,0.293114
831510.185709,1644278.621542,0.050000,88.630000,5,0.293265
831510.185709,1644278.621542,0.050000,88.630000,5,0.293392
831510.185709,1644278.621542,0.050000,88.630000,5,0.293498
831510.185709,1644278.621542,0.050000,88.630000,5,0.293587
831510.185709,1644278.621542,0.050000,88.630000,5,0.293662
831510.185709,1644278.621542,0.050000,88.630000,5,0.293725
831510.185709,1644278.621542,0.050000,88.630000,5,0.293778
831510.185709,1644278.621542,0.050000,88.630000,5,0.293822
831510.186192,1644278.641710,0.020000,88.630000,5,0.294394
831510.186192,1644278.641710,0.020000,88.630000,5,0.294875
831510.186192,1644278.641710,0.020000,88.630000,5,0.295278
831510.186192,1644278.641710,0.020000,88.630000,5,0.295617
831510.186192,1644278.641710,0.020000,88.630000,5,0.295902
831510.186192,1644278.641710,0.020000,88.630000,5,0.296141
831510.186192,1644278.641710,0.020000,88.630000,5,0.296342
831510.186192,1644278.641710,0.020000,88.630000,5,0.296511
831510.186192,1644278.641710,0.020000,88.630000,5,0.296653
831510.186192,1644278.641710,0.020000,88.630000,5,0.296772
831510.186192,1644278.641710,0.020000,88.630000,5,0.296872
831510.186192,1644278.641710,0.020000,88.630000,5,0.296956
831510.186192,1644278.641710,0.020000,88.630000,5,0.297027
831510.186192,1644278.641710,0.020000,88.630000,5,0.297086
831510.186192,1644278.641710,0.020000,88.630000,5,0.297136
831510.186192,1644278.641710,0.020000,88.630000,5,0.297178
831510.186192,1644278.641710,0.020000,88.630000,5,0.297213
831510.186192,1644278.641710,0.020000,88.630000,5,0.297242
831510.186192,1644278.641710,0.020000,88.630000,5,0.297267
831510.186192,1644278.641710,0.020000,88.630000,5,0.297288
831510.199090,1644279.079160,0.440000,88.350000,5,0.366875
831510.199090,1644279.079160,0.440000,88.350000,5,0.425328
831510.199090,1644279.079160,0.440000,88.350000,5,0.474429
831510.199090,1644279.079160,0.440000,88.350000,5,0.515674
831510.199090,1644279.079160,0.440000,88.350000,5,0.550319
831510.199090,1644279.079160,0.440000,88.350000,5,0.579422
831510.199090,1644279.079160,0.440000,88.350000,5,0.603868
831510.199090,1644279.079160,0.440000,88.350000,5,0.624402
831510.199090,1644279.079160,0.440000,88.350000,5,0.641651
831510.199090,1644279.079160,0.440000,88.350000,5,0.656140
831510.199090,1644279.079160,0.440000,88.350000,5,0.668311
831510.199090,1644279.079160,0.440000,88.350000,5,0.678535
831510.199090,1644279.079160,0.440000,88.350000,5,0.687122
831510.199090,1644279.079160,0.440000,88.350000,5,0.694336
831510.199090,1644279.079160,0.440000,88.350000,5,0.700396
831510.199090,1644279.079160,0.440000,88.350000,5,0.705486
831510.199090,1644279.079160,0.440000,88.350000,5,0.709761
831510.199090,1644279.079160,0.440000,88.350000,5,0.713353
831510.199090,1644279.079160,0.440000,88.350000,5,0.716370
831510.199090,1644279.079160,0.440000,88.350000,5,0.718904
831510.236862,1644279.528305,0.450000,85.290000,5,1.229813
831510.236862,1644279.528305,0.450000,85.290000,5,1.658977
831510.236862,1644279.528305,0.450000,85.290000,5,2.019475
831510.236862,1644279.528305,0.450000,85.290000,5,2.322293
831510.236862,1644279.528305,0.450000,85.290000,5,2.576661
831510.236862,1644279.528305,0.450000,85.290000,5,2.790329
831510.236862,1644279.528305,0.450000,85.290000,5,2.969811
831510.236862,1644279.528305,0.450000,85.290000,5,3.120575
831510.236862,1644279.528305,0.450000,85.290000,5,3.247217
831510.236862,1644279.528305,0.450000,85.290000,5,3.353597
831510.236862,1644279.528305,0.450000,85.290000,5,3.442955
831510.236862,1644279.528305,0.450000,85.290000,5,3.518017
831510.236862,1644279.528305,0.450000,85.290000,5,3.581068
831510.236862,1644279.528305,0.450000,85.290000,5,3.634031
831510.236862,1644279.528305,0.450000,85.290000,5,3.678520
831510.236862,1644279.528305,0.450000,85.290000,5,3.715891
831510.236862,1644279.528305,0.450000,85.290000,5,3.747283
831510.236862,1644279.528305,0.450000,85.290000,5,3.773652
831510.236862,1644279.528305,0.450000,85.290000,5,3.795802
831510.236862,1644279.528305,0.450000,85.290000,5,3.814408
831510.222506,1644280.009236,0.480000,92.260000,5,3.264408
831510.222506,1644280.009236,0.480000,92.260000,5,2.712883
831510.222506,1644280.009236,0.480000,92.260000,5,2.162883
831510.222506,1644280.009236,0.480000,92.260000,5,1.606555
831510.222506,1644280.009236,0.480000,92.260000,5,1.054258
831510.222506,1644280.009236,0.480000,92.260000,5,0.504258
831510.222506,1644280.009236,0.480000,92.260000,5,-0.046303
831510.222506,1644280.009236,0.480000,92.260000,5,-0.531992
831510.222506,1644280.009236,0.480000,92.260000,5,-0.939970
831510.222506,1644280.009236,0.480000,92.260000,5,-1.282672
831510.222506,1644280.009236,0.480000,92.260000,5,-1.570542
831510.222506,1644280.009236,0.480000,92.260000,5,-1.812352
831510.222506,1644280.009236,0.480000,92.260000,5,-2.015473
831510.222506,1644280.009236,0.480000,92.260000,5,-2.186095
831510.222506,1644280.009236,0.480000,92.260000,5,-2.329417
831510.222506,1644280.009236,0.480000,92.260000,5,-2.449807
831510.222506,1644280.009236,0.480000,92.260000,5,-2.550936
831510.222506,1644280.009236,0.480000,92.260000,5,-2.635883
831510.222506,1644280.009236,0.480000,92.260000,5,-2.707239
831510.222506,1644280.009236,0.480000,92.260000,5,-2.767178
831510.266105,1644280.526305,0.520000,84.750000,5,-2.217178
831510.266105,1644280.526305,0.520000,84.750000,5,-1.666961
831510.266105,1644280.526305,0.520000,84.750000,5,-1.113702
831510.266105,1644280.526305,0.520000,84.750000,5,-0.563702
831510.266105,1644280.526305,0.520000,84.750000,5,-0.013395
831510.266105,1644280.526305,0.520000,84.750000,5,0.536957
831510.266105,1644280.526305,0.520000,84.750000,5,1.050670
831510.266105,1644280.526305,0.520000,84.750000,5,1.482189
831510.266105,1644280.526305,0.520000,84.750000,5,1.844665
831510.266105,1644280.526305,0.520000,84.750000,5,2.149145
831510.266105,1644280.526305,0.520000,84.750000,5,2.404909
831510.266105,1644280.526305,0.520000,84.750000,5,2.619750
831510.266105,1644280.526305,0.520000,84.750000,5,2.800216
831510.266105,1644280.526305,0.520000,84.750000,5,2.951808
831510.266105,1644280.526305,0.520000,84.750000,5,3.079145
831510.266105,1644280.526305,0.520000,84.750000,5,3.186108
831510.266105,1644280.526305,0.520000,84.750000,5,3.275957
831510.266105,1644280.526305,0.520000,84.750000,5,3.351431
831510.266105,1644280.526305,0.520000,84.750000,5,3.414828
831510.266105,1644280.526305,0.520000,84.750000,5,3.468082
831510.278053,1644281.065093,0.540000,89.290000,5,2.908799
831510.278053,1644281.065093,0.540000,89.290000,5,2.380454
831510.278053,1644281.065093,0.540000,89.290000,5,1.936645
831510.278053,1644281.065093,0.540000,89.290000,5,1.563845
831510.278053,1644281.065093,0.540000,89.290000,5,1.250693
831510.278053,1644281.065093,0.540000,89.290000,5,0.987645
831510.278053,1644281.065093,0.540000,89.290000,5,0.766685
831510.278053,1644281.065093,0.540000,89.290000,5,0.581078
831510.278053,1644281.065093,0.540000,89.290000,5,0.425169
831510.278053,1644281.065093,0.540000,89.290000,5,0.294205
831510.278053,1644281.065093,0.540000,89.290000,5,0.184195
831510.278053,1644281.065093,0.540000,89.290000,5,0.091787
831510.278053,1644281.065093,0.540000,89.290000,5,0.014164
831510.278053,1644281.065093,0.540000,89.290000,5,-0.051039
831510.278053,1644281.065093,0.540000,89.290000,5,-0.105810
831510.278053,1644281.065093,0.540000,89.290000,5,-0.151817
831510.278053,1644281.065093,0.540000,89.290000,5,-0.190463
831510.278053,1644281.065093,0.540000,89.290000,5,-0.222926
831510.278053,1644281.065093,0.540000,89.290000,5,-0.250195
831510.278053,1644281.065093,0.540000,89.290000,5,-0.273100
831510.262598,1644281.637399,0.570000,91.500000,5,-0.823100
831510.262598,1644281.637399,0.570000,91.500000,5,-1.373404
831510.262598,1644281.637399,0.570000,91.500000,5,-1.869659
831510.262598,1644281.637399,0.570000,91.500000,5,-2.286512
831510.262598,1644281.637399,0.570000,91.500000,5,-2.636669
831510.262598,1644281.637399,0.570000,91.500000,5,-2.930801
831510.262598,1644281.637399,0.570000,91.500000,5,-3.177872
831510.262598,1644281.637399,0.570000,91.500000,5,-3.385412
831510.262598,1644281.637399,0.570000,91.500000,5,-3.559745
831510.262598,1644281.637399,0.570000,91.500000,5,-3.706185
831510.262598,1644281.637399,0.570000,91.500000,5,-3.829194
831510.262598,1644281.637399,0.570000,91.500000,5,-3.932522
831510.262598,1644281.637399,0.570000,91.500000,5,-4.019318
831510.262598,1644281.637399,0.570000,91.500000,5,-4.092226
831510.262598,1644281.637399,0.570000,91.500000,5,-4.153469
831510.262598,1644281.637399,0.570000,91.500000,5,-4.204913
831510.262598,1644281.637399,0.570000,91.500000,5,-4.248126
831510.262598,1644281.637399,0.570000,91.500000,5,-4.284425
831510.262598,1644281.637399,0.570000,91.500000,5,-4.314916
831510.262598,1644281.637399,0.570000,91.500000,5,-4.340528
831510.281155,1644282.227452,0.590000,87.430000,5,-3.986349
831510.281155,1644282.227452,0.590000,87.430000,5,-3.688839
831510.281155,1644282.227452,0.590000,87.430000,5,-3.438930
831510.281155,1644282.227452,0.590000,87.430000,5,-3.229007
831510.281155,1644282.227452,0.590000,87.430000,5,-3.052671
831510.281155,1644282.227452,0.590000,87.430000,5,-2.904550
831510.281155,1644282.227452,0.590000,87.430000,5,-2.780127
831510.281155,1644282.227452,0.590000,87.430000,5,-2.675612
831510.281155,1644282.227452,0.590000,87.430000,5,-2.587820
831510.281155,1644282.227452,0.590000,87.430000,5,-2.514074
831510.281155,1644282.227452,0.590000,87.430000,5,-2.452128
831510.281155,1644282.227452,0.590000,87.430000,5,-2.400093
831510.281155,1644282.227452,0.590000,87.430000,5,-2.356384
831510.281155,1644282.227452,0.590000,87.430000,5,-2.319668
831510.281155,1644282.227452,0.590000,87.430000,5,-2.288827
831510.281155,1644282.227452,0.590000,87.430000,5,-2.262920
831510.281155,1644282.227452,0.590000,87.430000,5,-2.241158
831510.281155,1644282.227452,0.590000,87.430000,5,-2.222879
831510.281155,1644282.227452,0.590000,87.430000,5,-2.207524
831510.281155,1644282.227452,0.590000,87.430000,5,-2.194625
831510.385642,1644282.846718,0.630000,80.010000,5,-1.644625
831510.385642,1644282.846718,0.630000,80.010000,5,-1.094625
831510.385642,1644282.846718,0.630000,80.010000,5,-0.544625
831510.385642,1644282.846718,0.630000,80.010000,5,0.010256
831510.385642,1644282.846718,0.630000,80.010000,5,0.576678
831510.385642,1644282.846718,0.630000,80.010000,5,1.126678
831510.385642,1644282.846718,0.630000,80.010000,5,1.679422
831510.385642,1644282.846718,0.630000,80.010000,5,2.229788
831510.385642,1644282.846718,0.630000,80.010000,5,2.780520
831510.385642,1644282.846718,0.630000,80.010000,5,3.244962
831510.385642,1644282.846718,0.630000,80.010000,5,3.635094
831510.385642,1644282.846718,0.630000,80.010000,5,3.962805
831510.385642,1644282.846718,0.630000,80.010000,5,4.238082
831510.385642,1644282.846718,0.630000,80.010000,5,4.469315
831510.385642,1644282.846718,0.630000,80.010000,5,4.663550
831510.385642,1644282.846718,0.630000,80.010000,5,4.826708
831510.385642,1644282.846718,0.630000,80.010000,5,4.963760
831510.385642,1644282.846718,0.630000,80.010000,5,5.078885
831510.385642,1644282.846718,0.630000,80.010000,5,5.175589
831510.385642,1644282.846718,0.630000,80.010000,5,5.256820
831510.395597,1644283.487016,0.640000,90.120000,5,4.706820
831510.395597,1644283.487016,0.640000,90.120000,5,4.139558
831510.395597,1644283.487016,0.640000,90.120000,5,3.587004
831510.395597,1644283.487016,0.640000,90.120000,5,3.037004
831510.395597,1644283.487016,0.640000,90.120000,5,2.487002
831510.395597,1644283.487016,0.640000,90.120000,5,1.935523
831510.395597,1644283.487016,0.640000,90.120000,5,1.385523
831510.395597,1644283.487016,0.640000,90.120000,5,0.835523
831510.395597,1644283.487016,0.640000,90.120000,5,0.285523
831510.395597,1644283.487016,0.640000,90.120000,5,-0.264477
831510.395597,1644283.487016,0.640000,90.120000,5,-0.815115
831510.395597,1644283.487016,0.640000,90.120000,5,-1.365628
831510.395597,1644283.487016,0.640000,90.120000,5,-1.927934
831510.395597,1644283.487016,0.640000,90.120000,5,-2.477934
831510.395597,1644283.487016,0.640000,90.120000,5,-3.027934
831510.395597,1644283.487016,0.640000,90.120000,5,-3.547143
831510.395597,1644283.487016,0.640000,90.120000,5,-3.983278
831510.395597,1644283.487016,0.640000,90.120000,5,-4.349632
831510.395597,1644283.487016,0.640000,90.120000,5,-4.657369
831510.395597,1644283.487016,0.640000,90.120000,5,-4.915868
831510.403633,1644284.143501,0.660000,88.330000,5,-5.265919
831510.403633,1644284.143501,0.660000,88.330000,5,-5.559962
831510.403633,1644284.143501,0.660000,88.330000,5,-5.806957
831510.403633,1644284.143501,0.660000,88.330000,5,-6.014434
831510.403633,1644284.143501,0.660000,88.330000,5,-6.188714
831510.403633,1644284.143501,0.660000,88.330000,5,-6.335110
831510.403633,1644284.143501,0.660000,88.330000,5,-6.458082
831510.403633,1644284.143501,0.660000,88.330000,5,-6.561379
831510.403633,1644284.143501,0.660000,88.330000,5,-6.648148
831510.403633,1644284.143501,0.660000,88.330000,5,-6.721034
831510.403633,1644284.143501,0.660000,88.330000,5,-6.782258
831510.403633,1644284.143501,0.660000,88.330000,5,-6.833687
831510.403633,1644284.143501,0.660000,88.330000,5,-6.876887
831510.403633,1644284.143501,0.660000,88.330000,5,-6.913175
831510.403633,1644284.143501,0.660000,88.330000,5,-6.943657
831510.403633,1644284.143501,0.660000,88.330000,5,-6.969261
831510.403633,1644284.143501,0.660000,88.330000,5,-6.990769
831510.403633,1644284.143501,0.660000,88.330000,5,-7.008836
831510.403633,1644284.143501,0.660000,88.330000,5,-7.024012
831510.403633,1644284.143501,0.660000,88.330000,5,-7.036760
831510.447901,1644284.822782,0.680000,84.830000,5,-6.815659
831510.447901,1644284.822782,0.680000,84.830000,5,-6.629933
831510.447901,1644284.822782,0.680000,84.830000,5,-6.473924
831510.447901,1644284.822782,0.680000,84.830000,5,-6.342877
831510.447901,1644284.822782,0.680000,84.830000,5,-6.232797
831510.447901,1644284.822782,0.680000,84.830000,5,-6.140329
831510.447901,1644284.822782,0.680000,84.830000,5,-6.062657
831510.447901,1644284.822782,0.680000,84.830000,5,-5.997412
831510.447901,1644284.822782,0.680000,84.830000,5,-5.942606
831510.447901,1644284.822782,0.680000,84.830000,5,-5.896569
831510.447901,1644284.822782,0.680000,84.830000,5,-5.857899
831510.447901,1644284.822782,0.680000,84.830000,5,-5.825415
831510.447901,1644284.822782,0.680000,84.830000,5,-5.798129
831510.447901,1644284.822782,0.680000,84.830000,5,-5.775208
831510.447901,1644284.822782,0.680000,84.830000,5,-5.755955
831510.447901,1644284.822782,0.680000,84.830000,5,-5.739783
831510.447901,1644284.822782,0.680000,84.830000,5,-5.726198
831510.447901,1644284.822782,0.680000,84.830000,5,-5.714786
831510.447901,1644284.822782,0.680000,84.830000,5,-5.705201
831510.447901,1644284.822782,0.680000,84.830000,5,-5.697149
831510.522465,1644285.509375,0.690000,82.620000,5,-5.628192
831510.522465,1644285.509375,0.690000,82.620000,5,-5.570269
831510.522465,1644285.509375,0.690000,82.620000,5,-5.521614
831510.522465,1644285.509375,0.690000,82.620000,5,-5.480743
831510.522465,1644285.509375,0.690000,82.620000,5,-5.446411
831510.522465,1644285.509375,0.690000,82.620000,5,-5.417573
831510.522465,1644285.509375,0.690000,82.620000,5,-5.393349
831510.522465,1644285.509375,0.690000,82.620000,5,-5.373001
831510.522465,1644285.509375,0.690000,82.620000,5,-5.355908
831510.522465,1644285.509375,0.690000,82.620000,5,-5.341550
831510.522465,1644285.509375,0.690000,82.620000,5,-5.329490
831510.522465,1644285.509375,0.690000,82.620000,5,-5.319359
831510.522465,1644285.509375,0.690000,82.620000,5,-5.310849
831510.522465,1644285.509375,0.690000,82.620000,5,-5.303701
831510.522465,1644285.509375,0.690000,82.620000,5,-5.297696
831510.522465,1644285.509375,0.690000,82.620000,5,-5.292652
831510.522465,1644285.509375,0.690000,82.620000,5,-5.288415
831510.522465,1644285.509375,0.690000,82.620000,5,-5.284856
831510.522465,1644285.509375,0.690000,82.620000,5,-5.281867
831510.522465,1644285.509375,0.690000,82.620000,5,-5.279356
831510.611176,1644286.214162,0.710000,81.700000,5,-5.435944
831510.611176,1644286.214162,0.710000,81.700000,5,-5.567478
831510.611176,1644286.214162,0.710000,81.700000,5,-5.677967
831510.611176,1644286.214162,0.710000,81.700000,5,-5.770777
831510.611176,1644286.214162,0.710000,81.700000,5,-5.848738
831510.611176,1644286.214162,0.710000,81.700000,5,-5.914225
831510.611176,1644286.214162,0.710000,81.700000,5,-5.969234
831510.611176,1644286.214162,0.710000,81.700000,5,-6.015442
831510.611176,1644286.214162,0.710000,81.700000,5,-6.054256
831510.611176,1644286.214162,0.710000,81.700000,5,-6.086860
831510.611176,1644286.214162,0.710000,81.700000,5,-6.114248
831510.611176,1644286.214162,0.710000,81.700000,5,-6.137253
831510.611176,1644286.214162,0.710000,81.700000,5,-6.156578
831510.611176,1644286.214162,0.710000,81.700000,5,-6.172811
831510.611176,1644286.214162,0.710000,81.700000,5,-6.186446
831510.611176,1644286.214162,0.710000,81.700000,5,-6.197900
831510.611176,1644286.214162,0.710000,81.700000,5,-6.207521
831510.611176,1644286.214162,0.710000,81.700000,5,-6.215603
831510.611176,1644286.214162,0.710000,81.700000,5,-6.222392
831510.611176,1644286.214162,0.710000,81.700000,5,-6.228094
831510.744467,1644286.920667,0.720000,77.970000,5,-6.031158
831510.744467,1644286.920667,0.720000,77.970000,5,-5.865732
831510.744467,1644286.920667,0.720000,77.970000,5,-5.726774
831510.744467,1644286.920667,0.720000,77.970000,5,-5.610049
831510.744467,1644286.920667,0.720000,77.970000,5,-5.512000
831510.744467,1644286.920667,0.720000,77.970000,5,-5.429639
831510.744467,1644286.920667,0.720000,77.970000,5,-5.360456
831510.744467,1644286.920667,0.720000,77.970000,5,-5.302342
831510.744467,1644286.920667,0.720000,77.970000,5,-5.253527
831510.744467,1644286.920667,0.720000,77.970000,5,-5.212521
831510.744467,1644286.920667,0.720000,77.970000,5,-5.178077
831510.744467,1644286.920667,0.720000,77.970000,5,-5.149144
831510.744467,1644286.920667,0.720000,77.970000,5,-5.124840
831510.744467,1644286.920667,0.720000,77.970000,5,-5.104425
831510.744467,1644286.920667,0.720000,77.970000,5,-5.087276
831510.744467,1644286.920667,0.720000,77.970000,5,-5.072871
831510.744467,1644286.920667,0.720000,77.970000,5,-5.060770
831510.744467,1644286.920667,0.720000,77.970000,5,-5.050606
831510.744467,1644286.920667,0.720000,77.970000,5,-5.042068
831510.744467,1644286.920667,0.720000,77.970000,5,-5.034896
831510.744467,1644286.920667,0.720000,77.970000,5,-5.028872
831510.744467,1644286.920667,0.720000,77.970000,5,-5.023812
831510.744467,1644286.920667,0.720000,77.970000,5,-5.019561
831510.744467,1644286.920667,0.720000,77.970000,5,-5.015990
831510.744467,1644286.920667,0.720000,77.970000,5,-5.012991
831510.744467,1644286.920667,0.720000,77.970000,5,-5.010471
831510.744467,1644286.920667,0.720000,77.970000,5,-5.008355
831510.744467,1644286.920667,0.720000,77.970000,5,-5.006577
831510.744467,1644286.920667,0.720000,77.970000,5,-5.005084
831510.744467,1644286.920667,0.720000,77.970000,5,-5.003830
831510.744467,1644286.920667,0.720000,77.970000,5,-5.002776
831510.744467,1644286.920667,0.720000,77.970000,5,-5.001891
831510.744467,1644286.920667,0.720000,77.970000,5,-5.001147
831510.744467,1644286.920667,0.720000,77.970000,5,-5.000523
831510.744467,1644286.920667,0.720000,77.970000,5,-4.999998
831510.744467,1644286.920667,0.720000,77.970000,5,-4.999558
831510.744467,1644286.920667,0.720000,77.970000,5,-4.999187
831510.744467,1644286.920667,0.720000,77.970000,5,-4.998877
831510.744467,1644286.920667,0.720000,77.970000,5,-4.998615
831510.744467,1644286.920667,0.720000,77.970000,5,-4.998396
831510.744467,1644286.920667,0.720000,77.970000,5,-4.998212
831510.744467,1644286.920667,0.720000,77.970000,5,-4.998057
831510.744467,1644286.920667,0.720000,77.970000,5,-4.997927
831510.744467,1644286.920667,0.720000,77.970000,5,-4.997818
831510.744467,1644286.920667,0.720000,77.970000,5,-4.997726
831510.744467,1644286.920667,0.720000,77.970000,5,-4.997649
831510.744467,1644286.920667,0.720000,77.970000,5,-4.997584
831510.744467,1644286.920667,0.720000,77.970000,5,-4.997530
831510.744467,1644286.920667,0.720000,77.970000,5,-4.997484
831510.744467,1644286.920667,0.720000,77.970000,5,-4.997446
831510.744467,1644286.920667,0.720000,77.970000,5,-4.997413
831510.744467,1644286.920667,0.720000,77.970000,5,-4.997386
831510.744467,1644286.920667,0.720000,77.970000,5,-4.997364
831510.744467,1644286.920667,0.720000,77.970000,5,-4.997344
831510.744467,1644286.920667,0.720000,77.970000,5,-4.997328
831510.744467,1644286.920667,0.720000,77.970000,5,-4.997315
831510.744467,1644286.920667,0.720000,77.970000,5,-4.997304
831510.744467,1644286.920667,0.720000,77.970000,5,-4.997294
831510.744467,1644286.920667,0.720000,77.970000,5,-4.997286
831510.744467,1644286.920667,0.720000,77.970000,5,-4.997279
831510.744467,1644286.920667,0.720000,77.970000,5,-4.997274
831510.744467,1644286.920667,0.720000,77.970000,5,-4.997269
831510.744467,1644286.920667,0.720000,77.970000,5,-4.997265
831510.744467,1644286.920667,0.720000,77.970000,5,-4.997262
831510.744467,1644286.920667,0.720000,77.970000,5,-4.997259
831510.744467,1644286.920667,0.720000,77.970000,5,-4.997257
831510.744467,1644286.920667,0.720000,77.970000,5,-4.997255
831510.744467,1644286.920667,0.720000,77.970000,5,-4.997253
831510.744467,1644286.920667,0.720000,77.970000,5,-4.997252
831510.744467,1644286.920667,0.720000,77.970000,5,-4.997250
831510.744467,1644286.920667,0.720000,77.970000,5,-4.997249
831510.744467,1644286.920667,0.720000,77.970000,5,-4.997249
831510.744467,1644286.920667,0.720000,77.970000,5,-4.997248
831510.744467,1644286.920667,0.720000,77.970000,5,-4.997247
831510.744467,1644286.920667,0.720000,77.970000,5,-4.997247
831510.744467,1644286.920667,0.720000,77.970000,5,-4.997246
831510.744467,1644286.920667,0.720000,77.970000,5,-4.997246
831510.744467,1644286.920667,0.720000,77.970000,5,-4.997246
831510.744467,1644286.920667,0.720000,77.970000,5,-4.997245
831510.744467,1644286.920667,0.720000,77.970000,5,-4.997245
831510.744467,1644286.920667,0.720000,77.970000,5,-4.997245
831510.744467,1644286.920667,0.720000,77.970000,5,-4.997245
831510.744467,1644286.920667,0.720000,77.970000,5,-4.997245
831510.744467,1644286.920667,0.720000,77.970000,5,-4.997245
831510.744467,1644286.920667,0.720000,77.970000,5,-4.997245
831510.744467,1644286.920667,0.720000,77.970000,5,-4.997245
831510.744467,1644286.920667,0.720000,77.970000,5,-4.997245
831510.744467,1644286.920667,0.720000,77.970000,5,-4.997244
831510.744467,1644286.920667,0.720000,77.970000,5,-4.997244
831510.744467,1644286.920667,0.720000,77.970000,5,-4.997244
831510.744467,1644286.920667,0.720000,77.970000,5,-4.997244
831510.744467,1644286.920667,0.720000,77.970000,5,-4.997244
831510.744467,1644286.920667,0.720000,77.970000,5,-4.997244
831510.744467,1644286.920667,0.720000,77.970000,5,-4.997244
831510.744467,1644286.920667,0.720000,77.970000,5,-4.997244
831510.744467,1644286.920667,0.720000,77.970000,5,-4.997244
831510.744467,1644286.920667,0.720000,77.970000,5,-4.997244
831510.744467,1644286.920667,0.720000,77.970000,5,-4.997244
831510.744467,1644286.920667,0.720000,77.970000,5,-4.997244
831510.744467,1644286.920667,0.720000,77.970000,5,-4.997244
831510.744467,1644286.920667,0.720000,77.970000,5,-4.997244
831510.744467,1644286.920667,0.720000,77.970000,5,-4.997244
831510.744467,1644286.920667,0.720000,77.970000,5,-4.997244
831510.744467,1644286.920667,0.720000,77.970000,5,-4.997244
831510.744467,1644286.920667,0.720000,77.970000,5,-4.997244
831510.744467,1644286.920667,0.720000,77.970000,5,-4.997244
831510.744467,1644286.920667,0.720000,77.970000,5,-4.997244
831510.744467,1644286.920667,0.720000,77.970000,5,-4.997244
831510.744467,1644286.920667,0.720000,77.970000,5,-4.997244
831510.744467,1644286.920667,0.720000,77.970000,5,-4.997244
831510.744467,1644286.920667,0.720000,77.970000,5,-4.997244
831510.744467,1644286.920667,0.720000,77.970000,5,-4.997244
831510.744467,1644286.920667,0.720000,77.970000,5,-4.997244
831510.744467,1644286.920667,0.720000,77.970000,5,-4.997244
831510.744467,1644286.920667,0.720000,77.970000,5,-4.997244
831510.744467,1644286.920667,0.720000,77.970000,5,-4.997244
831510.744467,1644286.920667,0.720000,77.970000,5,-4.997244
831510.744467,1644286.920667,0.720000,77.970000,5,-4.997244
831510.744467,1644286.920667,0.720000,77.970000,5,-4.997244
831510.744467,1644286.920667,0.720000,77.970000,5,-4.997244
831510.744467,1644286.920667,0.720000,77.970000,5,-4.997244
831510.744467,1644286.920667,0.720000,77.970000,5,-4.997244
831510.744467,1644286.920667,0.720000,77.970000,5,-4.997244
831510.744467,1644286.920667,0.720000,77.970000,5,-4.997244
831510.744467,1644286.920667,0.720000,77.970000,5,-4.997244
831510.744467,1644286.920667,0.720000,77.970000,5,-4.997244
831510.744467,1644286.920667,0.720000,77.970000,5,-4.997244
831510.744467,1644286.920667,0.720000,77.970000,5,-4.997244
831510.744467,1644286.920667,0.720000,77.970000,5,-4.997244
831510.744467,1644286.920667,0.720000,77.970000,5,-4.997244
831510.744467,1644286.920667,0.720000,77.970000,5,-4.997244
831510.744467,1644286.920667,0.720000,77.970000,5,-4.997244
831510.744467,1644286.920667,0.720000,77.970000,5,-4.997244
831510.744467,1644286.920667,0.720000,77.970000,5,-4.997244
831510.744467,1644286.920667,0.720000,77.970000,5,-4.997244
831510.744467,1644286.920667,0.720000,77.970000,5,-4.997244
831510.744467,1644286.920667,0.720000,77.970000,5,-4.997244
831510.744467,1644286.920667,0.720000,77.970000,5,-4.997244
831510.744467,1644286.920667,0.720000,77.970000,5,-4.997244
831510.744467,1644286.920667,0.720000,77.970000,5,-4.997244
831510.744467,1644286.920667,0.720000,77.970000,5,-4.997244
831510.744467,1644286.920667,0.720000,77.970000,5,-4.997244
831510.744467,1644286.920667,0.720000,77.970000,5,-4.997244
831510.744467,1644286.920667,0.720000,77.970000,5,-4.997244
831510.744467,1644286.920667,0.720000,77.970000,5,-4.997244
831510.744467,1644286.920667,0.720000,77.970000,5,-4.997244
831510.744467,1644286.920667,0.720000,77.970000,5,-4.997244
831510.744467,1644286.920667,0.720000,77.970000,5,-4.997244
831510.744467,1644286.920667,0.720000,77.970000,5,-4.997244
831510.744467,1644286.920667,0.720000,77.970000,5,-4.997244
831510.744467,1644286.920667,0.720000,77.970000,5,-4.997244
831510.744467,1644286.920667,0.720000,77.970000,5,-4.997244
831510.744467,1644286.920667,0.720000,77.970000,5,-4.997244
831510.744467,1644286.920667,0.720000,77.970000,5,-4.997244
831510.744467,1644286.920667,0.720000,77.970000,5,-4.997244
831510.744467,1644286.920667,0.720000,77.970000,5,-4.997244
831510.744467,1644286.920667,0.720000,77.970000,5,-4.997244
831510.744467,1644286.920667,0.720000,77.970000,5,-4.997244
831510.744467,1644286.920667,0.720000,77.970000,5,-4.997244
831510.744467,1644286.920667,0.720000,77.970000,5,-4.997244
831511.200639,1644293.545794,0.830000,76.100000,5,-5.547244
831511.200639,1644293.545794,0.830000,76.100000,5,-6.097244
831511.200639,1644293.545794,0.830000,76.100000,5,-6.649110
831511.200639,1644293.545794,0.830000,76.100000,5,-7.201530
831511.200639,1644293.545794,0.830000,76.100000,5,-7.770063
831511.200639,1644293.545794,0.830000,76.100000,5,-8.320063
831511.200639,1644293.545794,0.830000,76.100000,5,-8.870063
831511.200639,1644293.545794,0.830000,76.100000,5,-9.420063
831511.200639,1644293.545794,0.830000,76.100000,5,-9.974872
831511.200639,1644293.545794,0.830000,76.100000,5,-10.525062
831511.200639,1644293.545794,0.830000,76.100000,5,-11.075062
831511.200639,1644293.545794,0.830000,76.100000,5,-11.686977
831511.200639,1644293.545794,0.830000,76.100000,5,-12.236977
831511.200639,1644293.545794,0.830000,76.100000,5,-12.786977
831511.200639,1644293.545794,0.830000,76.100000,5,-13.339383
831511.200639,1644293.545794,0.830000,76.100000,5,-13.897805
831511.200639,1644293.545794,0.830000,76.100000,5,-14.447805
831511.200639,1644293.545794,0.830000,76.100000,5,-14.997805
831511.200639,1644293.545794,0.830000,76.100000,5,-15.549206
831511.200639,1644293.545794,0.830000,76.100000,5,-16.099206
831511.454447,1644294.345020,0.840000,68.230000,5,-16.649206
831511.454447,1644294.345020,0.840000,68.230000,5,-17.200308
831511.454447,1644294.345020,0.840000,68.230000,5,-17.750308
831511.454447,1644294.345020,0.840000,68.230000,5,-18.300753
831511.454447,1644294.345020,0.840000,68.230000,5,-18.850753
831511.454447,1644294.345020,0.840000,68.230000,5,-19.400775
831511.454447,1644294.345020,0.840000,68.230000,5,-19.954580
831511.454447,1644294.345020,0.840000,68.230000,5,-20.504580
831511.454447,1644294.345020,0.840000,68.230000,5,-21.054580
831511.454447,1644294.345020,0.840000,68.230000,5,-21.607195
831511.454447,1644294.345020,0.840000,68.230000,5,-22.157195
831511.454447,1644294.345020,0.840000,68.230000,5,-22.707195
831511.454447,1644294.345020,0.840000,68.230000,5,-23.258649
831511.454447,1644294.345020,0.840000,68.230000,5,-23.808649
831511.454447,1644294.345020,0.840000,68.230000,5,-24.297413
831511.454447,1644294.345020,0.840000,68.230000,5,-24.707975
831511.454447,1644294.345020,0.840000,68.230000,5,-25.052847
831511.454447,1644294.345020,0.840000,68.230000,5,-25.342539
831511.454447,1644294.345020,0.840000,68.230000,5,-25.585881
831511.454447,1644294.345020,0.840000,68.230000,5,-25.790288
831511.811004,1644295.132784,0.860000,58.480000,5,-25.232558
831511.811004,1644295.132784,0.860000,58.480000,5,-24.682558
831511.811004,1644295.132784,0.860000,58.480000,5,-24.126127
831511.811004,1644295.132784,0.860000,58.480000,5,-23.576127
831511.811004,1644295.132784,0.860000,58.480000,5,-23.024206
831511.811004,1644295.132784,0.860000,58.480000,5,-22.445067
831511.811004,1644295.132784,0.860000,58.480000,5,-21.938016
831511.811004,1644295.132784,0.860000,58.480000,5,-21.512093
831511.811004,1644295.132784,0.860000,58.480000,5,-21.154317
831511.811004,1644295.132784,0.860000,58.480000,5,-20.853786
831511.811004,1644295.132784,0.860000,58.480000,5,-20.601340
831511.811004,1644295.132784,0.860000,58.480000,5,-20.389285
831511.811004,1644295.132784,0.860000,58.480000,5,-20.211159
831511.811004,1644295.132784,0.860000,58.480000,5,-20.061533
831511.811004,1644295.132784,0.860000,58.480000,5,-19.935847
831511.811004,1644295.132784,0.860000,58.480000,5,-19.830271
831511.811004,1644295.132784,0.860000,58.480000,5,-19.741587
831511.811004,1644295.132784,0.860000,58.480000,5,-19.667092
831511.811004,1644295.132784,0.860000,58.480000,5,-19.604517
831511.811004,1644295.132784,0.860000,58.480000,5,-19.551954
831512.310402,1644295.825542,0.860000,49.010000,5,-19.001954
831512.310402,1644295.825542,0.860000,49.010000,5,-18.447599
831512.310402,1644295.825542,0.860000,49.010000,5,-17.897599
831512.310402,1644295.825542,0.860000,49.010000,5,-17.347365
831512.310402,1644295.825542,0.860000,49.010000,5,-16.797365
831512.310402,1644295.825542,0.860000,49.010000,5,-16.234831
831512.310402,1644295.825542,0.860000,49.010000,5,-15.684831
831512.310402,1644295.825542,0.860000,49.010000,5,-15.134831
831512.310402,1644295.825542,0.860000,49.010000,5,-14.584831
831512.310402,1644295.825542,0.860000,49.010000,5,-14.034034
831512.310402,1644295.825542,0.860000,49.010000,5,-13.482727
831512.310402,1644295.825542,0.860000,49.010000,5,-12.932727
831512.310402,1644295.825542,0.860000,49.010000,5,-12.382727
831512.310402,1644295.825542,0.860000,49.010000,5,-11.868211
831512.310402,1644295.825542,0.860000,49.010000,5,-11.436017
831512.310402,1644295.825542,0.860000,49.010000,5,-11.072975
831512.310402,1644295.825542,0.860000,49.010000,5,-10.768019
831512.310402,1644295.825542,0.860000,49.010000,5,-10.511856
831512.310402,1644295.825542,0.860000,49.010000,5,-10.296679
831512.310402,1644295.825542,0.860000,49.010000,5,-10.115930
831512.931348,1644296.452377,0.880000,42.570000,5,-9.563729
831512.931348,1644296.452377,0.880000,42.570000,5,-9.013729
831512.931348,1644296.452377,0.880000,42.570000,5,-8.463729
831512.931348,1644296.452377,0.880000,42.570000,5,-7.913729
831512.931348,1644296.452377,0.880000,42.570000,5,-7.357003
831512.931348,1644296.452377,0.880000,42.570000,5,-6.799393
831512.931348,1644296.452377,0.880000,42.570000,5,-6.249393
831512.931348,1644296.452377,0.880000,42.570000,5,-5.699393
831512.931348,1644296.452377,0.880000,42.570000,5,-5.148412
831512.931348,1644296.452377,0.880000,42.570000,5,-4.597708
831512.931348,1644296.452377,0.880000,42.570000,5,-4.043420
831512.931348,1644296.452377,0.880000,42.570000,5,-3.493420
831512.931348,1644296.452377,0.880000,42.570000,5,-2.943420
831512.931348,1644296.452377,0.880000,42.570000,5,-2.393420
831512.931348,1644296.452377,0.880000,42.570000,5,-1.893835
831512.931348,1644296.452377,0.880000,42.570000,5,-1.474184
831512.931348,1644296.452377,0.880000,42.570000,5,-1.121677
831512.931348,1644296.452377,0.880000,42.570000,5,-0.825571
831512.931348,1644296.452377,0.880000,42.570000,5,-0.576842
831512.931348,1644296.452377,0.880000,42.570000,5,-0.367910
831513.192389,1644296.768204,0.410000,50.380000,5,-0.918714
831513.192389,1644296.768204,0.410000,50.380000,5,-1.471252
831513.192389,1644296.768204,0.410000,50.380000,5,-2.021252
831513.192389,1644296.768204,0.410000,50.380000,5,-2.575901
831513.192389,1644296.768204,0.410000,50.380000,5,-3.125901
831513.192389,1644296.768204,0.410000,50.380000,5,-3.676391
831513.192389,1644296.768204,0.410000,50.380000,5,-4.253914
831513.192389,1644296.768204,0.410000,50.380000,5,-4.739034
831513.192389,1644296.768204,0.410000,50.380000,5,-5.146534
831513.192389,1644296.768204,0.410000,50.380000,5,-5.488835
831513.192389,1644296.768204,0.410000,50.380000,5,-5.776367
831513.192389,1644296.768204,0.410000,50.380000,5,-6.017894
831513.192389,1644296.768204,0.410000,50.380000,5,-6.220777
831513.192389,1644296.768204,0.410000,50.380000,5,-6.391199
831513.192389,1644296.768204,0.410000,50.380000,5,-6.534353
831513.192389,1644296.768204,0.410000,50.380000,5,-6.654603
831513.192389,1644296.768204,0.410000,50.380000,5,-6.755612
831513.192389,1644296.768204,0.410000,50.380000,5,-6.840460
831513.192389,1644296.768204,0.410000,50.380000,5,-6.911732
831513.192389,1644296.768204,0.410000,50.380000,5,-6.971601
831513.287120,1644296.883917,0.150000,50.380000,5,-7.127088
831513.287120,1644296.883917,0.150000,50.380000,5,-7.257697
831513.287120,1644296.883917,0.150000,50.380000,5,-7.367408
831513.287120,1644296.883917,0.150000,50.380000,5,-7.459565
831513.287120,1644296.883917,0.150000,50.380000,5,-7.536978
831513.287120,1644296.883917,0.150000,50.380000,5,-7.602004
831513.287120,1644296.883917,0.150000,50.380000,5,-7.656626
831513.287120,1644296.883917,0.150000,50.380000,5,-7.702509
831513.287120,1644296.883917,0.150000,50.380000,5,-7.741050
831513.287120,1644296.883917,0.150000,50.380000,5,-7.773425
831513.287120,1644296.883917,0.150000,50.380000,5,-7.800620
831513.287120,1644296.883917,0.150000,50.380000,5,-7.823463
831513.287120,1644296.883917,0.150000,50.380000,5,-7.842652
831513.287120,1644296.883917,0.150000,50.380000,5,-7.858770
831513.287120,1644296.883917,0.150000,50.380000,5,-7.872310
831513.287120,1644296.883917,0.150000,50.380000,5,-7.883683
831513.287120,1644296.883917,0.150000,50.380000,5,-7.893236
831513.287120,1644296.883917,0.150000,50.380000,5,-7.901261
831513.287120,1644296.883917,0.150000,50.380000,5,-7.908002
831513.287120,1644296.883917,0.150000,50.380000,5,-7.913665
831513.287120,1644296.883917,0.000000,50.380000,5,-7.918421
831513.287120,1644296.883917,0.000000,50.380000,5,-7.922416
831513.287120,1644296.883917,0.000000,50.380000,5,-7.925773
831513.287120,1644296.883917,0.000000,50.380000,5,-7.928592
831513.287120,1644296.883917,0.000000,50.380000,5,-7.930960
831513.287120,1644296.883917,0.000000,50.380000,5,-7.932949
831513.287120,1644296.883917,0.000000,50.380000,5,-7.934620
831513.287120,1644296.883917,0.000000,50.380000,5,-7.936023
831513.287120,1644296.883917,0.000000,50.380000,5,-7.937202
831513.287120,1644296.883917,0.000000,50.380000,5,-7.938193
831513.287120,1644296.883917,0.000000,50.380000,5,-7.939025
831513.287120,1644296.883917,0.000000,50.380000,5,-7.939724
831513.287120,1644296.883917,0.000000,50.380000,5,-7.940311
831513.287120,1644296.883917,0.000000,50.380000,5,-7.940804
831513.287120,1644296.883917,0.000000,50.380000,5,-7.941218
831513.287120,1644296.883917,0.000000,50.380000,5,-7.941566
831513.287120,1644296.883917,0.000000,50.380000,5,-7.941858
831513.287120,1644296.883917,0.000000,50.380000,5,-7.942103
831513.287120,1644296.883917,0.000000,50.380000,5,-7.942310
831513.287120,1644296.883917,0.000000,50.380000,5,-7.942483
831513.287120,1644296.883917,0.000000,50.380000,5,-7.942628
831513.287120,1644296.883917,0.000000,50.380000,5,-7.942751
831513.287120,1644296.883917,0.000000,50.380000,5,-7.942853
831513.287120,1644296.883917,0.000000,50.380000,5,-7.942939
831513.287120,1644296.883917,0.000000,50.380000,5,-7.943012
831513.287120,1644296.883917,0.000000,50.380000,5,-7.943073
831513.287120,1644296.883917,0.000000,50.380000,5,-7.943124
831513.287120,1644296.883917,0.000000,50.380000,5,-7.943167
831513.287120,1644296.883917,0.000000,50.380000,5,-7.943203
831513.287120,1644296.883917,0.000000,50.380000,5,-7.943233
831513.287120,1644296.883917,0.000000,50.380000,5,-7.943259
831513.287120,1644296.883917,0.000000,50.380000,5,-7.943280
831513.287120,1644296.883917,0.000000,50.380000,5,-7.943298
831513.287120,1644296.883917,0.000000,50.380000,5,-7.943313
831513.287120,1644296.883917,0.000000,50.380000,5,-7.943326
831513.287120,1644296.883917,0.000000,50.380000,5,-7.943336
831513.287120,1644296.883917,0.000000,50.380000,5,-7.943345
831513.287120,1644296.883917,0.000000,50.380000,5,-7.943353
831513.287120,1644296.883917,0.000000,50.380000,5,-7.943359
831513.287120,1644296.883917,0.000000,50.380000,5,-7.943364
831513.287120,1644296.883917,0.000000,50.380000,5,-7.943369
831513.287120,1644296.883917,0.000000,50.380000,5,-7.943373
831513.287120,1644296.883917,0.000000,50.380000,5,-7.943376
831513.287120,1644296.883917,0.000000,50.380000,5,-7.943378
831513.287120,1644296.883917,0.000000,50.380000,5,-7.943381
831513.287120,1644296.883917,0.000000,50.380000,5,-7.943382
831513.287120,1644296.883917,0.000000,50.380000,5,-7.943384
831513.287120,1644296.883917,0.000000,50.380000,5,-7.943385
831513.287120,1644296.883917,0.000000,50.380000,5,-7.943386
831513.287120,1644296.883917,0.000000,50.380000,5,-7.943387
831513.287120,1644296.883917,0.000000,50.380000,5,-7.943388
831513.287120,1644296.883917,0.000000,50.380000,5,-7.943389
831513.287120,1644296.883917,0.000000,50.380000,5,-7.943389
831513.287120,1644296.883917,0.000000,50.380000,5,-7.943390
831513.287120,1644296.883917,0.000000,50.380000,5,-7.943390
831513.287120,1644296.883917,0.000000,50.380000,5,-7.943391
831513.287120,1644296.883917,0.000000,50.380000,5,-7.943391
831513.287120,1644296.883917,0.000000,50.380000,5,-7.943391
831513.287120,1644296.883917,0.000000,50.380000,5,-7.943391
831513.287120,1644296.883917,0.000000,50.380000,5,-7.943391
831513.287120,1644296.883917,0.000000,50.380000,5,-7.943392
831513.287120,1644296.883917,0.000000,50.380000,5,-7.943392
831513.287120,1644296.883917,0.000000,50.380000,5,-7.943392
831513.287120,1644296.883917,0.000000,50.380000,5,-7.943392
831513.287120,1644296.883917,0.000000,50.380000,5,-7.943392
831513.287120,1644296.883917,0.000000,50.380000,5,-7.943392
831513.287120,1644296.883917,0.000000,50.380000,5,-7.943392
831513.287120,1644296.883917,0.000000,50.380000,5,-7.943392
831513.287120,1644296.883917,0.000000,50.380000,5,-7.943392
831513.287120,1644296.883917,0.000000,50.380000,5,-7.943392
831513.287120,1644296.883917,0.000000,50.380000,5,-7.943392
831513.287120,1644296.883917,0.000000,50.380000,5,-7.943392
831513.287120,1644296.883917,0.000000,50.380000,5,-7.943392
831513.287120,1644296.883917,0.000000,50.380000,5,-7.943392
831513.287120,1644296.883917,0.000000,50.380000,5,-7.943392
831513.287120,1644296.883917,0.000000,50.380000,5,-7.943392
831513.287120,1644296.883917,0.000000,50.380000,5,-7.943392
831513.287120,1644296.883917,0.000000,50.380000,5,-7.943392
831513.287120,1644296.883917,0.000000,50.380000,5,-7.943392
831513.287120,1644296.883917,0.000000,50.380000,5,-7.943392
831513.287120,1644296.883917,0.000000,50.380000,5,-7.943392
831513.287120,1644296.883917,0.000000,50.380000,5,-7.943392
831513.287120,1644296.883917,0.000000,50.380000,5,-7.943392
831513.287120,1644296.883917,0.000000,50.380000,5,-7.943392
831513.287120,1644296.883917,0.000000,50.380000,5,-7.943392
831513.287120,1644296.883917,0.000000,50.380000,5,-7.943392
831513.287120,1644296.883917,0.000000,50.380000,5,-7.943392
831513.287120,1644296.883917,0.000000,50.380000,5,-7.943392
831513.287120,1644296.883917,0.000000,50.380000,5,-7.943392
831513.287120,1644296.883917,0.000000,50.380000,5,-7.943392
831513.287120,1644296.883917,0.000000,50.380000,5,-7.943392
831513.287120,1644296.883917,0.000000,50.380000,5,-7.943392
831513.287120,1644296.883917,0.000000,50.380000,5,-7.943392
831513.287120,1644296.883917,0.000000,50.380000,5,-7.943392
831513.287120,1644296.883917,0.000000,50.380000,5,-7.943392
831513.287120,1644296.883917,0.000000,50.380000,5,-7.943392
831513.287120,1644296.883917,0.000000,50.380000,5,-7.943392
831513.287120,1644296.883917,0.000000,50.380000,5,-7.943392
831513.287120,1644296.883917,0.000000,50.380000,5,-7.943392
831513.287120,1644296.883917,0.000000,50.380000,5,-7.943392
831513.287120,1644296.883917,0.000000,50.380000,5,-7.943392
831513.287120,1644296.883917,0.000000,50.380000,5,-7.943392
831513.287120,1644296.883917,0.000000,50.380000,5,-7.943392
831513.287120,1644296.883917,0.000000,50.380000,5,-7.943392
831513.287120,1644296.883917,0.000000,50.380000,5,-7.943392
831513.287120,1644296.883917,0.000000,50.380000,5,-7.943392
831513.287120,1644296.883917,0.000000,50.380000,5,-7.943392
831513.287120,1644296.883917,0.000000,50.380000,5,-7.943392
831513.287120,1644296.883917,0.000000,50.380000,5,-7.943392
831513.287120,1644296.883917,0.000000,50.380000,5,-7.943392
831513.287120,1644296.883917,0.000000,50.380000,5,-7.943392
831513.287120,1644296.883917,0.000000,50.380000,5,-7.943392
831513.287120,1644296.883917,0.000000,50.380000,5,-7.943392
831513.287120,1644296.883917,0.000000,50.380000,5,-7.943392
831513.287120,1644296.883917,0.000000,50.380000,5,-7.943392
831513.287120,1644296.883917,0.000000,50.380000,5,-7.943392
831513.287120,1644296.883917,0.000000,50.380000,5,-7.943392
831513.287120,1644296.883917,0.000000,50.380000,5,-7.943392
831513.287120,1644296.883917,0.000000,50.380000,5,-7.943392
831513.287120,1644296.883917,0.000000,50.380000,5,-7.943392
831513.363328,1644296.976917,0.120000,50.380000,5,-8.038114
831513.363328,1644296.976917,0.120000,50.380000,5,-8.117680
831513.363328,1644296.976917,0.120000,50.380000,5,-8.184515
831513.363328,1644296.976917,0.120000,50.380000,5,-8.240657
831513.363328,1644296.976917,0.120000,50.380000,5,-8.287816
831513.363328,1644296.976917,0.120000,50.380000,5,-8.327430
831513.363328,1644296.976917,0.120000,50.380000,5,-8.360706
831513.363328,1644296.976917,0.120000,50.380000,5,-8.388657
831513.363328,1644296.976917,0.120000,50.380000,5,-8.412136
831513.363328,1644296.976917,0.120000,50.380000,5,-8.431859
831513.363328,1644296.976917,0.120000,50.380000,5,-8.448426
831513.363328,1644296.976917,0.120000,50.380000,5,-8.462342
831513.363328,1644296.976917,0.120000,50.380000,5,-8.474031
831513.363328,1644296.976917,0.120000,50.380000,5,-8.483851
831513.363328,1644296.976917,0.120000,50.380000,5,-8.492099
831513.363328,1644296.976917,0.120000,50.380000,5,-8.499027
831513.363328,1644296.976917,0.120000,50.380000,5,-8.504847
831513.363328,1644296.976917,0.120000,50.380000,5,-8.509736
831513.363328,1644296.976917,0.120000,50.380000,5,-8.513843
831513.363328,1644296.976917,0.120000,50.380000,5,-8.517292
831513.363328,1644296.976917,0.000000,50.380000,5,-8.520190
831513.363328,1644296.976917,0.000000,50.380000,5,-8.522624
831513.363328,1644296.976917,0.000000,50.380000,5,-8.524668
831513.363328,1644296.976917,0.000000,50.380000,5,-8.526386
831513.363328,1644296.976917,0.000000,50.380000,5,-8.527828
831513.363328,1644296.976917,0.000000,50.380000,5,-8.529040
831513.363328,1644296.976917,0.000000,50.380000,5,-8.530058
831513.363328,1644296.976917,0.000000,50.380000,5,-8.530913
831513.363328,1644296.976917,0.000000,50.380000,5,-8.531631
831513.363328,1644296.976917,0.000000,50.380000,5,-8.532235
831513.363328,1644296.976917,0.000000,50.380000,5,-8.532741
831513.363328,1644296.976917,0.000000,50.380000,5,-8.533167
831513.363328,1644296.976917,0.000000,50.380000,5,-8.533525
831513.363328,1644296.976917,0.000000,50.380000,5,-8.533825
831513.363328,1644296.976917,0.000000,50.380000,5,-8.534077
831513.363328,1644296.976917,0.000000,50.380000,5,-8.534289
831513.363328,1644296.976917,0.000000,50.380000,5,-8.534467
831513.363328,1644296.976917,0.000000,50.380000,5,-8.534617
831513.363328,1644296.976917,0.000000,50.380000,5,-8.534742
831513.363328,1644296.976917,0.000000,50.380000,5,-8.534848
831513.363328,1644296.976917,0.000000,50.380000,5,-8.534937
831513.363328,1644296.976917,0.000000,50.380000,5,-8.535011
831513.363328,1644296.976917,0.000000,50.380000,5,-8.535074
831513.363328,1644296.976917,0.000000,50.380000,5,-8.535126
831513.363328,1644296.976917,0.000000,50.380000,5,-8.535170
831513.363328,1644296.976917,0.000000,50.380000,5,-8.535207
831513.363328,1644296.976917,0.000000,50.380000,5,-8.535239
831513.363328,1644296.976917,0.000000,50.380000,5,-8.535265
831513.363328,1644296.976917,0.000000,50.380000,5,-8.535287
831513.363328,1644296.976917,0.000000,50.380000,5,-8.535305
831513.363328,1644296.976917,0.000000,50.380000,5,-8.535321
831513.363328,1644296.976917,0.000000,50.380000,5,-8.535334
831513.363328,1644296.976917,0.000000,50.380000,5,-8.535345
831513.363328,1644296.976917,0.000000,50.380000,5,-8.535354
831513.363328,1644296.976917,0.000000,50.380000,5,-8.535361
831513.363328,1644296.976917,0.000000,50.380000,5,-8.535368
831513.363328,1644296.976917,0.000000,50.380000,5,-8.535373
831513.363328,1644296.976917,0.000000,50.380000,5,-8.535378
831513.363328,1644296.976917,0.000000,50.380000,5,-8.535382
831513.363328,1644296.976917,0.000000,50.380000,5,-8.535385
831513.762516,1644297.359368,0.550000,42.350000,5,-7.984295
831513.762516,1644297.359368,0.550000,42.350000,5,-7.434295
831513.762516,1644297.359368,0.550000,42.350000,5,-6.883775
831513.762516,1644297.359368,0.550000,42.350000,5,-6.333775
831513.762516,1644297.359368,0.550000,42.350000,5,-5.767632
831513.762516,1644297.359368,0.550000,42.350000,5,-5.217632
831513.762516,1644297.359368,0.550000,42.350000,5,-4.667632
831513.762516,1644297.359368,0.550000,42.350000,5,-4.117632
831513.762516,1644297.359368,0.550000,42.350000,5,-3.567632
831513.762516,1644297.359368,0.550000,42.350000,5,-2.993863
831513.762516,1644297.359368,0.550000,42.350000,5,-2.443863
831513.762516,1644297.359368,0.550000,42.350000,5,-1.893863
831513.762516,1644297.359368,0.550000,42.350000,5,-1.341363
831513.762516,1644297.359368,0.550000,42.350000,5,-0.787519
831513.762516,1644297.359368,0.550000,42.350000,5,-0.237519
831513.762516,1644297.359368,0.550000,42.350000,5,0.312481
831513.762516,1644297.359368,0.550000,42.350000,5,0.863659
831513.762516,1644297.359368,0.550000,42.350000,5,1.413820
831513.762516,1644297.359368,0.550000,42.350000,5,1.963820
831513.762516,1644297.359368,0.550000,42.350000,5,2.495740
831514.282573,1644297.856555,0.720000,44.250000,5,3.046273
831514.282573,1644297.856555,0.720000,44.250000,5,3.596273
831514.282573,1644297.856555,0.720000,44.250000,5,4.146273
831514.282573,1644297.856555,0.720000,44.250000,5,4.697260
831514.282573,1644297.856555,0.720000,44.250000,5,5.209425
831514.282573,1644297.856555,0.720000,44.250000,5,5.639643
831514.282573,1644297.856555,0.720000,44.250000,5,6.001026
831514.282573,1644297.856555,0.720000,44.250000,5,6.304588
831514.282573,1644297.856555,0.720000,44.250000,5,6.559580
831514.282573,1644297.856555,0.720000,44.250000,5,6.773773
831514.282573,1644297.856555,0.720000,44.250000,5,6.953695
831514.282573,1644297.856555,0.720000,44.250000,5,7.104830
831514.282573,1644297.856555,0.720000,44.250000,5,7.231783
831514.282573,1644297.856555,0.720000,44.250000,5,7.338424
831514.282573,1644297.856555,0.720000,44.250000,5,7.428002
831514.282573,1644297.856555,0.720000,44.250000,5,7.503248
831514.282573,1644297.856555,0.720000,44.250000,5,7.566454
831514.282573,1644297.856555,0.720000,44.250000,5,7.619547
831514.282573,1644297.856555,0.720000,44.250000,5,7.664146
831514.282573,1644297.856555,0.720000,44.250000,5,7.701608
831514.782368,1644298.482885,0.800000,53.270000,5,7.151608
831514.782368,1644298.482885,0.800000,53.270000,5,6.601608
831514.782368,1644298.482885,0.800000,53.270000,5,6.054028
831514.782368,1644298.482885,0.800000,53.270000,5,5.594060
831514.782368,1644298.482885,0.800000,53.270000,5,5.207687
831514.782368,1644298.482885,0.800000,53.270000,5,4.883133
831514.782368,1644298.482885,0.800000,53.270000,5,4.610508
831514.782368,1644298.482885,0.800000,53.270000,5,4.381504
831514.782368,1644298.482885,0.800000,53.270000,5,4.189139
831514.782368,1644298.482885,0.800000,53.270000,5,4.027554
831514.782368,1644298.482885,0.800000,53.270000,5,3.891822
831514.782368,1644298.482885,0.800000,53.270000,5,3.777807
831514.782368,1644298.482885,0.800000,53.270000,5,3.682034
831514.782368,1644298.482885,0.800000,53.270000,5,3.601585
831514.782368,1644298.482885,0.800000,53.270000,5,3.534008
831514.782368,1644298.482885,0.800000,53.270000,5,3.477243
831514.782368,1644298.482885,0.800000,53.270000,5,3.429561
831514.782368,1644298.482885,0.800000,53.270000,5,3.389508
831514.782368,1644298.482885,0.800000,53.270000,5,3.355863
831514.782368,1644298.482885,0.800000,53.270000,5,3.327601
831515.222306,1644299.287949,0.920000,62.260000,5,2.777601
831515.222306,1644299.287949,0.920000,62.260000,5,2.227601
831515.222306,1644299.287949,0.920000,62.260000,5,1.676284
831515.222306,1644299.287949,0.920000,62.260000,5,1.079163
831515.222306,1644299.287949,0.920000,62.260000,5,0.529163
831515.222306,1644299.287949,0.920000,62.260000,5,-0.020425
831515.222306,1644299.287949,0.920000,62.260000,5,-0.482079
831515.222306,1644299.287949,0.920000,62.260000,5,-0.869868
831515.222306,1644299.287949,0.920000,62.260000,5,-1.195611
831515.222306,1644299.287949,0.920000,62.260000,5,-1.469235
831515.222306,1644299.287949,0.920000,62.260000,5,-1.699079
831515.222306,1644299.287949,0.920000,62.260000,5,-1.892148
831515.222306,1644299.287949,0.920000,62.260000,5,-2.054326
831515.222306,1644299.287949,0.920000,62.260000,5,-2.190556
831515.222306,1644299.287949,0.920000,62.260000,5,-2.304989
831515.222306,1644299.287949,0.920000,62.260000,5,-2.401112
831515.222306,1644299.287949,0.920000,62.260000,5,-2.481856
831515.222306,1644299.287949,0.920000,62.260000,5,-2.549681
831515.222306,1644299.287949,0.920000,62.260000,5,-2.606654
831515.222306,1644299.287949,0.920000,62.260000,5,-2.654511
831515.484821,1644300.079553,0.830000,70.990000,5,-3.204511
831515.484821,1644300.079553,0.830000,70.990000,5,-3.754790
831515.484821,1644300.079553,0.830000,70.990000,5,-4.304790
831515.484821,1644300.079553,0.830000,70.990000,5,-4.854790
831515.484821,1644300.079553,0.830000,70.990000,5,-5.405361
831515.484821,1644300.079553,0.830000,70.990000,5,-5.955361
831515.484821,1644300.079553,0.830000,70.990000,5,-6.505361
831515.484821,1644300.079553,0.830000,70.990000,5,-7.055361
831515.484821,1644300.079553,0.830000,70.990000,5,-7.605739
831515.484821,1644300.079553,0.830000,70.990000,5,-8.155739
831515.484821,1644300.079553,0.830000,70.990000,5,-8.720409
831515.484821,1644300.079553,0.830000,70.990000,5,-9.270409
831515.484821,1644300.079553,0.830000,70.990000,5,-9.825203
831515.484821,1644300.079553,0.830000,70.990000,5,-10.375203
831515.484821,1644300.079553,0.830000,70.990000,5,-10.931898
831515.484821,1644300.079553,0.830000,70.990000,5,-11.481898
831515.484821,1644300.079553,0.830000,70.990000,5,-12.033133
831515.484821,1644300.079553,0.830000,70.990000,5,-12.512985
831515.484821,1644300.079553,0.830000,70.990000,5,-12.916060
831515.484821,1644300.079553,0.830000,70.990000,5,-13.254643
831515.652849,1644300.846511,0.780000,74.470000,5,-13.811399
831515.652849,1644300.846511,0.780000,74.470000,5,-14.361399
831515.652849,1644300.846511,0.780000,74.470000,5,-14.917243
831515.652849,1644300.846511,0.780000,74.470000,5,-15.408612
831515.652849,1644300.846511,0.780000,74.470000,5,-15.821362
831515.652849,1644300.846511,0.780000,74.470000,5,-16.168072
831515.652849,1644300.846511,0.780000,74.470000,5,-16.459309
831515.652849,1644300.846511,0.780000,74.470000,5,-16.703947
831515.652849,1644300.846511,0.780000,74.470000,5,-16.909444
831515.652849,1644300.846511,0.780000,74.470000,5,-17.082061
831515.652849,1644300.846511,0.780000,74.470000,5,-17.227059
831515.652849,1644300.846511,0.780000,74.470000,5,-17.348858
831515.652849,1644300.846511,0.780000,74.470000,5,-17.451168
831515.652849,1644300.846511,0.780000,74.470000,5,-17.537109
831515.652849,1644300.846511,0.780000,74.470000,5,-17.609300
831515.652849,1644300.846511,0.780000,74.470000,5,-17.669940
831515.652849,1644300.846511,0.780000,74.470000,5,-17.720878
831515.652849,1644300.846511,0.780000,74.470000,5,-17.763665
831515.652849,1644300.846511,0.780000,74.470000,5,-17.799607
831515.652849,1644300.846511,0.780000,74.470000,5,-17.829798
831515.729387,1644301.267774,0.430000,77.340000,5,-18.379798
831515.729387,1644301.267774,0.430000,77.340000,5,-18.931469
831515.729387,1644301.267774,0.430000,77.340000,5,-19.481469
831515.729387,1644301.267774,0.430000,77.340000,5,-20.032687
831515.729387,1644301.267774,0.430000,77.340000,5,-20.582687
831515.729387,1644301.267774,0.430000,77.340000,5,-21.132687
831515.729387,1644301.267774,0.430000,77.340000,5,-21.683858
831515.729387,1644301.267774,0.430000,77.340000,5,-22.213321
831515.729387,1644301.267774,0.430000,77.340000,5,-22.658070
831515.729387,1644301.267774,0.430000,77.340000,5,-23.031660
831515.729387,1644301.267774,0.430000,77.340000,5,-23.345475
831515.729387,1644301.267774,0.430000,77.340000,5,-23.609079
831515.729387,1644301.267774,0.430000,77.340000,5,-23.830507
831515.729387,1644301.267774,0.430000,77.340000,5,-24.016506
831515.729387,1644301.267774,0.430000,77.340000,5,-24.172746
831515.729387,1644301.267774,0.430000,77.340000,5,-24.303987
831515.729387,1644301.267774,0.430000,77.340000,5,-24.414230
831515.729387,1644301.267774,0.430000,77.340000,5,-24.506833
831515.729387,1644301.267774,0.430000,77.340000,5,-24.584621
831515.729387,1644301.267774,0.430000,77.340000,5,-24.649962
831515.729387,1644301.267774,0.000000,77.340000,5,-24.704848
831515.729387,1644301.267774,0.000000,77.340000,5,-24.750953
831515.729387,1644301.267774,0.000000,77.340000,5,-24.789681
831515.729387,1644301.267774,0.000000,77.340000,5,-24.822213
831515.729387,1644301.267774,0.000000,77.340000,5,-24.849539
831515.729387,1644301.267774,0.000000,77.340000,5,-24.872493
831515.729387,1644301.267774,0.000000,77.340000,5,-24.891775
831515.729387,1644301.267774,0.000000,77.340000,5,-24.907972
831515.729387,1644301.267774,0.000000,77.340000,5,-24.921577
831515.729387,1644301.267774,0.000000,77.340000,5,-24.933005
831515.729387,1644301.267774,0.000000,77.340000,5,-24.942605
831515.729387,1644301.267774,0.000000,77.340000,5,-24.950668
831515.729387,1644301.267774,0.000000,77.340000,5,-24.957442
831515.729387,1644301.267774,0.000000,77.340000,5,-24.963132
831515.729387,1644301.267774,0.000000,77.340000,5,-24.967911
831515.729387,1644301.267774,0.000000,77.340000,5,-24.971926
831515.729387,1644301.267774,0.000000,77.340000,5,-24.975298
831515.729387,1644301.267774,0.000000,77.340000,5,-24.978131
831515.729387,1644301.267774,0.000000,77.340000,5,-24.980511
831515.729387,1644301.267774,0.000000,77.340000,5,-24.982509
831515.739896,1644301.316116,0.050000,77.340000,5,-25.082851
831515.739896,1644301.316116,0.050000,77.340000,5,-25.167137
831515.739896,1644301.316116,0.050000,77.340000,5,-25.237938
831515.739896,1644301.316116,0.050000,77.340000,5,-25.297411
831515.739896,1644301.316116,0.050000,77.340000,5,-25.347368
831515.739896,1644301.316116,0.050000,77.340000,5,-25.389332
831515.739896,1644301.316116,0.050000,77.340000,5,-25.424581
831515.739896,1644301.316116,0.050000,77.340000,5,-25.454191
831515.739896,1644301.316116,0.050000,77.340000,5,-25.479063
831515.739896,1644301.316116,0.050000,77.340000,5,-25.499956
831515.739896,1644301.316116,0.050000,77.340000,5,-25.517506
831515.739896,1644301.316116,0.050000,77.340000,5,-25.532248
831515.739896,1644301.316116,0.050000,77.340000,5,-25.544631
831515.739896,1644301.316116,0.050000,77.340000,5,-25.555033
831515.739896,1644301.316116,0.050000,77.340000,5,-25.563770
831515.739896,1644301.316116,0.050000,77.340000,5,-25.571110
831515.739896,1644301.316116,0.050000,77.340000,5,-25.577275
831515.739896,1644301.316116,0.050000,77.340000,5,-25.582454
831515.739896,1644301.316116,0.050000,77.340000,5,-25.586804
831515.739896,1644301.316116,0.050000,77.340000,5,-25.590458
831515.739896,1644301.316116,0.000000,77.340000,5,-25.593527
831515.739896,1644301.316116,0.000000,77.340000,5,-25.596106
831515.739896,1644301.316116,0.000000,77.340000,5,-25.598272
831515.739896,1644301.316116,0.000000,77.340000,5,-25.600091
831515.739896,1644301.316116,0.000000,77.340000,5,-25.601619
831515.739896,1644301.316116,0.000000,77.340000,5,-25.602903
831515.739896,1644301.316116,0.000000,77.340000,5,-25.603981
831515.739896,1644301.316116,0.000000,77.340000,5,-25.604887
831515.739896,1644301.316116,0.000000,77.340000,5,-25.605648
831515.739896,1644301.316116,0.000000,77.340000,5,-25.606287
831515.739896,1644301.316116,0.000000,77.340000,5,-25.606824
831515.739896,1644301.316116,0.000000,77.340000,5,-25.607275
831515.739896,1644301.316116,0.000000,77.340000,5,-25.607654
831515.739896,1644301.316116,0.000000,77.340000,5,-25.607972
831515.739896,1644301.316116,0.000000,77.340000,5,-25.608239
831515.739896,1644301.316116,0.000000,77.340000,5,-25.608464
831515.739896,1644301.316116,0.000000,77.340000,5,-25.608652
831515.739896,1644301.316116,0.000000,77.340000,5,-25.608811
831515.739896,1644301.316116,0.000000,77.340000,5,-25.608944
831515.739896,1644301.316116,0.000000,77.340000,5,-25.609055
831517.578517,1644299.630237,0.000000,77.340000,4,-24.506152
831517.578517,1644299.630237,0.000000,77.340000,4,-23.405481
831517.578517,1644299.630237,0.000000,77.340000,4,-22.305481
831517.578517,1644299.630237,0.000000,77.340000,4,-21.203677
831517.578517,1644299.630237,0.000000,77.340000,4,-20.103677
831517.578517,1644299.630237,0.000000,77.340000,4,-19.002991
831517.578517,1644299.630237,0.000000,77.340000,4,-17.902282
831517.578517,1644299.630237,0.000000,77.340000,4,-16.794455
831517.578517,1644299.630237,0.000000,77.340000,4,-15.694455
831517.578517,1644299.630237,0.000000,77.340000,4,-14.592817
831517.578517,1644299.630237,0.000000,77.340000,4,-13.492817
831517.578517,1644299.630237,0.000000,77.340000,4,-12.388657
831517.578517,1644299.630237,0.000000,77.340000,4,-11.288228
831517.578517,1644299.630237,0.000000,77.340000,4,-10.188228
831517.578517,1644299.630237,0.000000,77.340000,4,-9.088228
831517.578517,1644299.630237,0.000000,77.340000,4,-7.987041
831517.578517,1644299.630237,0.000000,77.340000,4,-6.885741
831517.578517,1644299.630237,0.000000,77.340000,4,-5.782798
831517.578517,1644299.630237,0.000000,77.340000,4,-4.659653
831517.578517,1644299.630237,0.000000,77.340000,4,-3.559653
831517.578517,1644299.630237,0.000000,77.340000,4,-2.458595
831517.578517,1644299.630237,0.000000,77.340000,4,-1.350098
831517.578517,1644299.630237,0.000000,77.340000,4,-0.245824
831517.578517,1644299.630237,0.000000,77.340000,4,0.854176
831517.578517,1644299.630237,0.000000,77.340000,4,1.954176
831517.578517,1644299.630237,0.000000,77.340000,4,2.939471
831517.578517,1644299.630237,0.000000,77.340000,4,3.767119
831517.578517,1644299.630237,0.000000,77.340000,4,4.462343
831517.578517,1644299.630237,0.000000,77.340000,4,5.046331
831517.578517,1644299.630237,0.000000,77.340000,4,5.536881
831517.578517,1644299.630237,0.000000,77.340000,4,5.948944
831517.578517,1644299.630237,0.000000,77.340000,4,6.295076
831517.578517,1644299.630237,0.000000,77.340000,4,6.585827
831517.578517,1644299.630237,0.000000,77.340000,4,6.830058
831517.578517,1644299.630237,0.000000,77.340000,4,7.035212
831517.578517,1644299.630237,0.000000,77.340000,4,7.207541
831517.578517,1644299.630237,0.000000,77.340000,4,7.352297
831517.578517,1644299.630237,0.000000,77.340000,4,7.473893
831517.578517,1644299.630237,0.000000,77.340000,4,7.576033
831517.578517,1644299.630237,0.000000,77.340000,4,7.661831
831517.596724,1644299.612028,0.000000,77.340000,4,7.761168
831517.596724,1644299.612028,0.000000,77.340000,4,7.844611
831517.596724,1644299.612028,0.000000,77.340000,4,7.914703
831517.596724,1644299.612028,0.000000,77.340000,4,7.973580
831517.596724,1644299.612028,0.000000,77.340000,4,8.023037
831517.596724,1644299.612028,0.000000,77.340000,4,8.064581
831517.596724,1644299.612028,0.000000,77.340000,4,8.099478
831517.596724,1644299.612028,0.000000,77.340000,4,8.128792
831517.596724,1644299.612028,0.000000,77.340000,4,8.153415
831517.596724,1644299.612028,0.000000,77.340000,4,8.174098
831517.596724,1644299.612028,0.000000,77.340000,4,8.191472
831517.596724,1644299.612028,0.000000,77.340000,4,8.206067
831517.596724,1644299.612028,0.000000,77.340000,4,8.218326
831517.596724,1644299.612028,0.000000,77.340000,4,8.228624
831517.596724,1644299.612028,0.000000,77.340000,4,8.237274
831517.596724,1644299.612028,0.000000,77.340000,4,8.244540
831517.596724,1644299.612028,0.000000,77.340000,4,8.250643
831517.596724,1644299.612028,0.000000,77.340000,4,8.255770
831517.596724,1644299.612028,0.000000,77.340000,4,8.260077
831517.596724,1644299.612028,0.000000,77.340000,4,8.263695
831517.578517,1644299.630237,0.000000,77.340000,4,8.239467
831517.578517,1644299.630237,0.000000,77.340000,4,8.219115
831517.578517,1644299.630237,0.000000,77.340000,4,8.202020
831517.578517,1644299.630237,0.000000,77.340000,4,8.187660
831517.578517,1644299.630237,0.000000,77.340000,4,8.175597
831517.578517,1644299.630237,0.000000,77.340000,4,8.165465
831517.578517,1644299.630237,0.000000,77.340000,4,8.156954
831517.578517,1644299.630237,0.000000,77.340000,4,8.149804
831517.578517,1644299.630237,0.000000,77.340000,4,8.143799
831517.578517,1644299.630237,0.000000,77.340000,4,8.138754
831517.578517,1644299.630237,0.000000,77.340000,4,8.134516
831517.578517,1644299.630237,0.000000,77.340000,4,8.130957
831517.578517,1644299.630237,0.000000,77.340000,4,8.127967
831517.578517,1644299.630237,0.000000,77.340000,4,8.125455
831517.578517,1644299.630237,0.000000,77.340000,4,8.123346
831517.578517,1644299.630237,0.000000,77.340000,4,8.121573
831517.578517,1644299.630237,0.000000,77.340000,4,8.120085
831517.578517,1644299.630237,0.000000,77.340000,4,8.118834
831517.578517,1644299.630237,0.000000,77.340000,4,8.117784
831517.578517,1644299.630237,0.000000,77.340000,4,8.116902
831517.578517,1644299.630237,0.000000,77.340000,4,8.116161
831517.578517,1644299.630237,0.000000,77.340000,4,8.115538
831517.578517,1644299.630237,0.000000,77.340000,4,8.115015
831517.578517,1644299.630237,0.000000,77.340000,4,8.114576
831517.578517,1644299.630237,0.000000,77.340000,4,8.114207
831517.578517,1644299.630237,0.000000,77.340000,4,8.113897
831517.578517,1644299.630237,0.000000,77.340000,4,8.113636
831517.578517,1644299.630237,0.000000,77.340000,4,8.113418
831517.578517,1644299.630237,0.000000,77.340000,4,8.113234
831517.578517,1644299.630237,0.000000,77.340000,4,8.113080
831517.578517,1644299.630237,0.000000,77.340000,4,8.112950
831517.578517,1644299.630237,0.000000,77.340000,4,8.112841
831517.578517,1644299.630237,0.000000,77.340000,4,8.112750
831517.578517,1644299.630237,0.000000,77.340000,4,8.112673
831517.578517,1644299.630237,0.000000,77.340000,4,8.112608
831517.578517,1644299.630237,0.000000,77.340000,4,8.112554
831517.578517,1644299.630237,0.000000,77.340000,4,8.112509
831517.578517,1644299.630237,0.000000,77.340000,4,8.112470
831517.578517,1644299.630237,0.000000,77.340000,4,8.112438
831517.578517,1644299.630237,0.000000,77.340000,4,8.112411
831517.560564,1644299.629990,0.000000,77.340000,4,8.080935
831517.560564,1644299.629990,0.000000,77.340000,4,8.054495
831517.560564,1644299.629990,0.000000,77.340000,4,8.032286
831517.560564,1644299.629990,0.000000,77.340000,4,8.013629
831517.560564,1644299.629990,0.000000,77.340000,4,7.997958
831517.560564,1644299.629990,0.000000,77.340000,4,7.984795
831517.560564,1644299.629990,0.000000,77.340000,4,7.973737
831517.560564,1644299.629990,0.000000,77.340000,4,7.964449
831517.560564,1644299.629990,0.000000,77.340000,4,7.956647
831517.560564,1644299.629990,0.000000,77.340000,4,7.950093
831517.560564,1644299.629990,0.000000,77.340000,4,7.944588
831517.560564,1644299.629990,0.000000,77.340000,4,7.939963
831517.560564,1644299.629990,0.000000,77.340000,4,7.936079
831517.560564,1644299.629990,0.000000,77.340000,4,7.932816
831517.560564,1644299.629990,0.000000,77.340000,4,7.930075
831517.560564,1644299.629990,0.000000,77.340000,4,7.927772
831517.560564,1644299.629990,0.000000,77.340000,4,7.925839
831517.560564,1644299.629990,0.000000,77.340000,4,7.924214
831517.560564,1644299.629990,0.000000,77.340000,4,7.922849
831517.560564,1644299.629990,0.000000,77.340000,4,7.921703
831517.578771,1644299.611780,0.000000,77.340000,4,7.948331
831517.578771,1644299.611780,0.000000,77.340000,4,7.970699
831517.578771,1644299.611780,0.000000,77.340000,4,7.989488
831517.578771,1644299.611780,0.000000,77.340000,4,8.005271
831517.578771,1644299.611780,0.000000,77.340000,4,8.018528
831517.578771,1644299.611780,0.000000,77.340000,4,8.029664
831517.578771,1644299.611780,0.000000,77.340000,4,8.039019
831517.578771,1644299.611780,0.000000,77.340000,4,8.046877
831517.578771,1644299.611780,0.000000,77.340000,4,8.053477
831517.578771,1644299.611780,0.000000,77.340000,4,8.059022
831517.578771,1644299.611780,0.000000,77.340000,4,8.063679
831517.578771,1644299.611780,0.000000,77.340000,4,8.067591
831517.578771,1644299.611780,0.000000,77.340000,4,8.070877
831517.578771,1644299.611780,0.000000,77.340000,4,8.073638
831517.578771,1644299.611780,0.000000,77.340000,4,8.075956
831517.578771,1644299.611780,0.000000,77.340000,4,8.077904
831517.578771,1644299.611780,0.000000,77.340000,4,8.079540
831517.578771,1644299.611780,0.000000,77.340000,4,8.080915
831517.578771,1644299.611780,0.000000,77.340000,4,8.082069
831517.578771,1644299.611780,0.000000,77.340000,4,8.083039
831517.578771,1644299.611780,0.000000,77.340000,4,8.083853
831517.578771,1644299.611780,0.000000,77.340000,4,8.084538
831517.578771,1644299.611780,0.000000,77.340000,4,8.085112
831517.578771,1644299.611780,0.000000,77.340000,4,8.085595
831517.578771,1644299.611780,0.000000,77.340000,4,8.086001
831517.578771,1644299.611780,0.000000,77.340000,4,8.086341
831517.578771,1644299.611780,0.000000,77.340000,4,8.086628
831517.578771,1644299.611780,0.000000,77.340000,4,8.086868
831517.578771,1644299.611780,0.000000,77.340000,4,8.087070
831517.578771,1644299.611780,0.000000,77.340000,4,8.087239
831517.578771,1644299.611780,0.000000,77.340000,4,8.087382
831517.578771,1644299.611780,0.000000,77.340000,4,8.087502
831517.578771,1644299.611780,0.000000,77.340000,4,8.087602
831517.578771,1644299.611780,0.000000,77.340000,4,8.087687
831517.578771,1644299.611780,0.000000,77.340000,4,8.087757
831517.578771,1644299.611780,0.000000,77.340000,4,8.087817
831517.578771,1644299.611780,0.000000,77.340000,4,8.087867
831517.578771,1644299.611780,0.000000,77.340000,4,8.087909
831517.578771,1644299.611780,0.000000,77.340000,4,8.087944
831517.578771,1644299.611780,0.000000,77.340000,4,8.087974
831517.578771,1644299.611780,0.000000,77.340000,4,8.087999
831517.578771,1644299.611780,0.000000,77.340000,4,8.088020
831517.578771,1644299.611780,0.000000,77.340000,4,8.088038
831517.578771,1644299.611780,0.000000,77.340000,4,8.088052
831517.578771,1644299.611780,0.000000,77.340000,4,8.088065
831517.578771,1644299.611780,0.000000,77.340000,4,8.088075
831517.578771,1644299.611780,0.000000,77.340000,4,8.088084
831517.578771,1644299.611780,0.000000,77.340000,4,8.088091
831517.578771,1644299.611780,0.000000,77.340000,4,8.088097
831517.578771,1644299.611780,0.000000,77.340000,4,8.088103
831517.578771,1644299.611780,0.000000,77.340000,4,8.088107
831517.578771,1644299.611780,0.000000,77.340000,4,8.088111
831517.578771,1644299.611780,0.000000,77.340000,4,8.088114
831517.578771,1644299.611780,0.000000,77.340000,4,8.088116
831517.578771,1644299.611780,0.000000,77.340000,4,8.088118
831517.578771,1644299.611780,0.000000,77.340000,4,8.088120
831517.578771,1644299.611780,0.000000,77.340000,4,8.088122
831517.578771,1644299.611780,0.000000,77.340000,4,8.088123
831517.578771,1644299.611780,0.000000,77.340000,4,8.088124
831517.578771,1644299.611780,0.000000,77.340000,4,8.088125
831517.578771,1644299.611780,0.000000,77.340000,4,8.088126
831517.578771,1644299.611780,0.000000,77.340000,4,8.088126
831517.578771,1644299.611780,0.000000,77.340000,4,8.088127
831517.578771,1644299.611780,0.000000,77.340000,4,8.088127
831517.578771,1644299.611780,0.000000,77.340000,4,8.088128
831517.578771,1644299.611780,0.000000,77.340000,4,8.088128
831517.578771,1644299.611780,0.000000,77.340000,4,8.088128
831517.578771,1644299.611780,0.000000,77.340000,4,8.088129
831517.578771,1644299.611780,0.000000,77.340000,4,8.088129
831517.578771,1644299.611780,0.000000,77.340000,4,8.088129
831517.578771,1644299.611780,0.000000,77.340000,4,8.088129
831517.578771,1644299.611780,0.000000,77.340000,4,8.088129
831517.578771,1644299.611780,0.000000,77.340000,4,8.088129
831517.578771,1644299.611780,0.000000,77.340000,4,8.088129
831517.578771,1644299.611780,0.000000,77.340000,4,8.088130
831517.578771,1644299.611780,0.000000,77.340000,4,8.088130
831517.578771,1644299.611780,0.000000,77.340000,4,8.088130
831517.578771,1644299.611780,0.000000,77.340000,4,8.088130
831517.578771,1644299.611780,0.000000,77.340000,4,8.088130
831517.578771,1644299.611780,0.000000,77.340000,4,8.088130
831517.560564,1644299.629990,0.000000,77.340000,4,8.060539
831517.560564,1644299.629990,0.000000,77.340000,4,8.037362
