1784533817.318,$GNRMC,075017.00,A,1451.06693,N,10205.02138,E,0.004,,200726,0.76,W,D,V*5D
1784533817.319,$GNVTG,,T,,M,0.004,N,0.007,K,D*3B
1784533817.320,$GNGGA,075017.00,1451.06693,N,10205.02138,E,2,12,0.48,264.9,M,-24.5,M,,0084*64
1784533817.321,$GNGSA,A,3,10,12,18,23,24,25,32,28,,,,,1.07,0.48,0.96,1*04
1784533817.322,$GNGSA,A,3,77,66,76,75,65,88,81,,,,,,1.07,0.48,0.96,2*0E
1784533817.322,$GNGSA,A,3,07,13,19,26,27,29,33,,,,,,1.07,0.48,0.96,3*01
1784533817.323,$GNGSA,A,3,06,07,09,10,13,28,24,,,,,,1.07,0.48,0.96,4*06
1784533817.324,$GPGSV,3,1,12,10,36,345,44,12,20,100,40,13,25,095,35,18,54,177,43,1*66
1784533817.325,$GPGSV,3,2,12,23,53,031,45,24,20,037,36,25,29,139,33,28,36,216,38,1*61
1784533817.327,$GPGSV,3,3,12,32,33,297,37,40,34,258,39,41,62,233,45,42,68,219,41,1*6D
1784533817.328,$GPGSV,3,1,09,10,36,345,41,12,20,100,41,13,25,095,43,18,54,177,46,6*6B
1784533817.329,$GPGSV,3,2,09,23,53,031,44,24,20,037,39,25,29,139,29,28,36,216,38,6*69
1784533817.329,$GPGSV,3,3,09,32,33,297,36,6*52
1784533817.330,$GPGSV,2,1,05,15,04,063,,27,03,271,,29,04,167,,31,07,215,,0*68
1784533817.331,$GPGSV,2,2,05,31,07,215,,0*53
1784533817.332,$GLGSV,2,1,07,65,19,037,39,66,26,344,45,75,18,048,30,76,43,106,48,1*76
1784533817.333,$GLGSV,2,2,07,77,26,165,34,81,39,297,40,88,46,216,37,1*46
1784533817.334,$GLGSV,2,1,05,66,26,344,44,75,18,048,33,76,43,106,47,81,39,297,41,3*74
1784533817.334,$GLGSV,2,2,05,88,46,216,34,3*4F
1784533817.335,$GLGSV,1,1,03,67,07,292,,82,05,329,,87,00,168,,0*42
1784533817.336,$GAGSV,2,1,07,07,32,024,49,13,39,153,43,19,21,261,33,26,82,270,42,2*74
1784533817.337,$GAGSV,2,2,07,27,20,132,35,29,49,312,29,33,32,323,42,2*48
1784533817.338,$GAGSV,2,1,06,07,32,024,38,13,39,153,39,19,21,261,29,26,82,270,38,7*7D
1784533817.338,$GAGSV,2,2,06,29,49,312,19,33,32,323,40,7*7C
1784533817.339,$GAGSV,1,1,02,21,10,183,,30,09,085,,0*79
1784533817.340,$GBGSV,2,1,08,06,47,049,46,07,78,102,47,08,14,175,25,09,44,008,43,1*70
1784533817.341,$GBGSV,2,2,08,10,74,147,47,13,36,203,40,24,28,058,38,28,42,242,44,1*7D
1784533817.342,$GBGSV,1,1,04,06,47,049,07,09,44,008,47,10,74,147,47,28,42,242,08,3*7E
1784533817.343,$GBGSV,2,1,06,01,43,108,,02,61,243,,03,73,145,,04,24,096,,0*77
1784533817.343,$GBGSV,2,2,06,04,24,096,,23,25,190,,0*72
1784533817.344,$GNGLL,1451.06693,N,10205.02138,E,075017.00,A,D*73
1784533818.314,$GNRMC,075018.00,A,1451.06693,N,10205.02139,E,0.006,,200726,0.76,W,D,V*51
1784533818.315,$GNVTG,,T,,M,0.006,N,0.011,K,D*3E
1784533818.315,$GNGGA,075018.00,1451.06693,N,10205.02139,E,2,12,0.48,264.8,M,-24.5,M,,0084*6B
1784533818.316,$GNGSA,A,3,10,12,18,23,24,25,32,28,,,,,1.07,0.48,0.96,1*04
1784533818.317,$GNGSA,A,3,77,66,76,75,65,88,81,,,,,,1.07,0.48,0.96,2*0E
1784533818.318,$GNGSA,A,3,07,13,19,26,27,29,33,,,,,,1.07,0.48,0.96,3*01
1784533818.318,$GNGSA,A,3,06,07,09,10,13,28,24,,,,,,1.07,0.48,0.96,4*06
1784533818.319,$GPGSV,3,1,12,10,36,345,44,12,20,100,37,13,25,095,37,18,54,177,44,1*63
1784533818.320,$GPGSV,3,2,12,23,53,031,45,24,20,037,36,25,29,139,33,28,36,216,35,1*6C
1784533818.321,$GPGSV,3,3,12,32,33,297,37,40,34,258,39,41,62,233,45,42,68,219,41,1*6D
1784533818.322,$GPGSV,3,1,09,10,36,345,41,12,20,100,41,13,25,095,43,18,54,177,47,6*6A
1784533818.323,$GPGSV,3,2,09,23,53,031,44,24,20,037,39,25,29,139,27,28,36,216,36,6*69
1784533818.323,$GPGSV,3,3,09,32,33,297,36,6*52
1784533818.324,$GPGSV,2,1,05,15,04,063,,27,03,271,,29,04,167,,31,07,215,,0*68
1784533818.325,$GPGSV,2,2,05,31,07,215,,0*53
1784533818.326,$GLGSV,2,1,07,65,19,037,40,66,26,344,45,75,18,048,30,76,43,106,48,1*78
1784533818.326,$GLGSV,2,2,07,77,26,165,33,81,39,297,40,88,46,216,37,1*41
1784533818.327,$GLGSV,2,1,05,66,26,344,45,75,18,048,28,76,43,106,46,81,39,297,39,3*71
1784533818.328,$GLGSV,2,2,05,88,46,216,32,3*49
1784533818.329,$GLGSV,1,1,03,67,07,292,,82,05,329,,87,00,168,,0*42
1784533818.330,$GAGSV,2,1,07,07,32,024,49,13,39,153,44,19,21,261,34,26,82,270,40,2*76
1784533818.330,$GAGSV,2,2,07,27,20,132,35,29,49,312,35,33,32,323,42,2*45
1784533818.331,$GAGSV,2,1,07,07,32,024,39,13,39,153,39,19,21,261,28,26,82,270,38,7*7C
1784533818.332,$GAGSV,2,2,07,27,20,132,27,29,49,312,29,33,32,323,40,7*4C
1784533818.333,$GAGSV,1,1,02,21,10,183,,30,09,085,,0*79
1784533818.334,$GBGSV,2,1,08,06,47,049,47,07,78,102,46,08,14,175,22,09,44,008,44,1*70
1784533818.335,$GBGSV,2,2,08,10,74,147,47,13,36,203,38,24,28,058,38,28,42,242,44,1*72
1784533818.335,$GBGSV,1,1,03,06,47,049,07,09,44,008,47,10,74,147,47,3*49
1784533818.336,$GBGSV,2,1,06,01,43,108,,02,61,243,,03,73,145,,04,24,096,,0*77
1784533818.337,$GBGSV,2,2,06,04,24,096,,23,25,190,,0*72
1784533818.338,$GNGLL,1451.06693,N,10205.02139,E,075018.00,A,D*7D
1784533819.306,$GNRMC,075019.00,A,1451.06693,N,10205.02139,E,0.008,,200726,0.76,W,D,V*5E
1784533819.307,$GNVTG,,T,,M,0.008,N,0.015,K,D*34
1784533819.308,$GNGGA,075019.00,1451.06693,N,10205.02139,E,2,12,0.48,264.8,M,-24.5,M,,0084*6A
1784533819.309,$GNGSA,A,3,10,12,18,23,24,25,32,28,,,,,1.07,0.48,0.96,1*04
1784533819.309,$GNGSA,A,3,77,66,76,75,65,88,81,,,,,,1.07,0.48,0.96,2*0E
1784533819.310,$GNGSA,A,3,07,13,19,26,27,29,33,,,,,,1.07,0.48,0.96,3*01
1784533819.311,$GNGSA,A,3,06,07,09,10,13,28,24,,,,,,1.07,0.48,0.96,4*06
1784533819.311,$GPGSV,3,1,12,10,36,345,44,12,20,100,37,13,25,095,36,18,54,177,45,1*63
1784533819.312,$GPGSV,3,2,12,23,53,031,45,24,20,037,37,25,29,139,28,28,36,216,35,1*67
1784533819.313,$GPGSV,3,3,12,32,33,297,38,40,34,258,40,41,62,233,45,42,68,219,42,1*6F
1784533819.314,$GPGSV,3,1,09,10,36,345,41,12,20,100,40,13,25,095,43,18,54,177,47,6*6B
1784533819.315,$GPGSV,3,2,09,23,53,031,44,24,20,037,39,25,29,139,25,28,36,216,35,6*68
1784533819.316,$GPGSV,3,3,09,32,33,297,34,6*50
1784533819.317,$GPGSV,2,1,05,15,04,063,,27,03,271,,29,04,167,,31,07,215,,0*68
1784533819.317,$GPGSV,2,2,05,31,07,215,,0*53
1784533819.318,$GLGSV,2,1,07,65,19,037,39,66,26,344,45,75,18,048,32,76,43,106,47,1*7B
1784533819.319,$GLGSV,2,2,07,77,26,165,32,81,39,297,43,88,46,216,38,1*4C
1784533819.320,$GLGSV,2,1,05,66,26,344,44,75,18,048,27,76,43,106,45,81,39,297,39,3*7C
1784533819.320,$GLGSV,2,2,05,88,46,216,35,3*4E
1784533819.321,$GLGSV,1,1,03,67,07,292,,82,05,329,,87,00,168,,0*42
1784533819.322,$GAGSV,2,1,07,07,32,024,49,13,39,153,45,19,21,261,34,26,82,267,39,2*7F
1784533819.323,$GAGSV,2,2,07,27,20,132,32,29,49,312,36,33,32,323,41,2*42
1784533819.324,$GAGSV,2,1,07,07,32,024,39,13,39,153,39,19,21,261,27,26,82,267,40,7*7A
1784533819.325,$GAGSV,2,2,07,27,20,132,28,29,49,312,31,33,32,323,40,7*4A
1784533819.325,$GAGSV,1,1,02,21,10,183,,30,09,085,,0*79
1784533819.326,$GBGSV,2,1,08,06,47,049,47,07,78,102,46,08,14,175,23,09,44,008,44,1*71
1784533819.327,$GBGSV,2,2,08,10,74,147,47,13,36,203,39,24,28,058,35,28,42,242,43,1*79
1784533819.328,$GBGSV,1,1,03,06,47,049,08,09,44,008,47,10,74,147,48,3*49
1784533819.329,$GBGSV,2,1,06,01,43,108,,02,61,243,,03,73,145,,04,24,096,,0*77
1784533819.329,$GBGSV,2,2,06,04,24,096,,23,25,190,,0*72
1784533819.330,$GNGLL,1451.06693,N,10205.02139,E,075019.00,A,D*7C
1784533820.317,$GNRMC,075020.00,A,1451.06693,N,10205.02138,E,0.008,,200726,0.76,W,D,V*55
1784533820.318,$GNVTG,,T,,M,0.008,N,0.015,K,D*34
1784533820.319,$GNGGA,075020.00,1451.06693,N,10205.02138,E,2,12,0.48,264.8,M,-24.5,M,,0084*61
1784533820.320,$GNGSA,A,3,10,12,18,23,24,25,32,28,,,,,1.07,0.48,0.96,1*04
1784533820.320,$GNGSA,A,3,77,66,76,75,65,88,81,,,,,,1.07,0.48,0.96,2*0E
1784533820.321,$GNGSA,A,3,07,13,19,26,27,29,33,,,,,,1.07,0.48,0.96,3*01
1784533820.322,$GNGSA,A,3,06,07,09,10,13,28,24,,,,,,1.07,0.48,0.96,4*06
1784533820.322,$GPGSV,3,1,12,10,36,345,44,12,20,100,39,13,25,095,36,18,54,177,45,1*6D
1784533820.323,$GPGSV,3,2,12,23,53,031,45,24,20,037,36,25,29,139,29,28,36,216,36,1*64
1784533820.324,$GPGSV,3,3,12,32,33,297,36,40,34,258,40,41,62,233,45,42,68,219,41,1*62
1784533820.325,$GPGSV,3,1,09,10,36,345,40,12,20,100,41,13,25,095,43,18,54,177,46,6*6A
1784533820.326,$GPGSV,3,2,09,23,53,031,44,24,20,037,38,25,29,139,31,28,36,216,35,6*6C
1784533820.327,$GPGSV,3,3,09,32,33,297,34,6*50
1784533820.328,$GPGSV,2,1,05,15,04,063,,27,03,271,,29,04,167,,31,07,215,,0*68
1784533820.328,$GPGSV,2,2,05,31,07,215,,0*53
1784533820.329,$GLGSV,2,1,07,65,19,037,37,66,26,344,46,75,18,048,31,76,43,106,47,1*75
1784533820.330,$GLGSV,2,2,07,77,26,165,32,81,39,297,43,88,46,216,38,1*4C
1784533820.331,$GLGSV,2,1,05,66,26,344,45,75,18,048,31,76,43,106,46,81,39,297,40,3*77
1784533820.332,$GLGSV,2,2,05,88,46,216,38,3*43
1784533820.333,$GLGSV,1,1,03,67,07,292,,82,05,329,,87,00,168,,0*42
1784533820.334,$GAGSV,2,1,07,07,32,024,48,13,39,153,44,19,21,261,34,26,82,267,40,2*71
1784533820.335,$GAGSV,2,2,07,27,20,132,33,29,49,312,36,33,32,323,41,2*43
1784533820.336,$GAGSV,2,1,07,07,32,024,39,13,39,153,40,19,21,261,27,26,82,267,40,7*74
1784533820.337,$GAGSV,2,2,07,27,20,132,27,29,49,312,32,33,32,323,40,7*46
1784533820.337,$GAGSV,1,1,02,21,10,183,,30,09,085,,0*79
1784533820.338,$GBGSV,2,1,08,06,47,049,47,07,78,102,46,08,14,175,22,09,44,008,45,1*71
1784533820.339,$GBGSV,2,2,08,10,74,147,47,13,36,203,39,24,28,058,33,28,42,242,44,1*78
1784533820.340,$GBGSV,1,1,03,06,47,049,07,09,44,008,48,10,74,147,48,3*49
1784533820.341,$GBGSV,2,1,06,01,43,108,,02,61,243,,03,73,145,,04,24,096,,0*77
1784533820.341,$GBGSV,2,2,06,04,24,096,,23,25,190,,0*72
1784533820.342,$GNGLL,1451.06693,N,10205.02138,E,075020.00,A,D*77
1784533821.314,$GNRMC,075021.00,A,1451.06693,N,10205.02137,E,0.014,,200726,0.76,W,D,V*56
1784533821.315,$GNVTG,,T,,M,0.014,N,0.025,K,D*3A
1784533821.316,$GNGGA,075021.00,1451.06693,N,10205.02137,E,2,12,0.48,264.9,M,-24.5,M,,0084*6E
1784533821.316,$GNGSA,A,3,10,12,18,23,24,25,32,28,,,,,1.08,0.48,0.96,1*0B
1784533821.317,$GNGSA,A,3,77,66,76,75,65,88,81,,,,,,1.08,0.48,0.96,2*01
1784533821.318,$GNGSA,A,3,07,13,19,26,27,29,33,,,,,,1.08,0.48,0.96,3*0E
1784533821.318,$GNGSA,A,3,06,07,09,10,13,28,24,,,,,,1.08,0.48,0.96,4*09
1784533821.319,$GPGSV,3,1,12,10,36,345,44,12,20,100,40,13,25,095,36,18,54,177,44,1*62
1784533821.320,$GPGSV,3,2,12,23,53,031,46,24,20,037,37,25,29,139,28,28,36,216,38,1*69
1784533821.321,$GPGSV,3,3,12,32,33,297,37,40,34,258,40,41,62,233,46,42,68,219,41,1*60
1784533821.322,$GPGSV,3,1,09,10,36,345,40,12,20,100,41,13,25,095,43,18,54,177,45,6*69
1784533821.323,$GPGSV,3,2,09,23,53,031,44,24,20,037,38,25,29,139,31,28,36,216,35,6*6C
1784533821.324,$GPGSV,3,3,09,32,33,297,34,6*50
1784533821.324,$GPGSV,2,1,05,15,04,063,,27,03,271,,29,04,167,,31,07,215,,0*68
1784533821.325,$GPGSV,2,2,05,31,07,215,,0*53
1784533821.326,$GLGSV,2,1,07,65,19,037,37,66,26,344,45,75,18,048,32,76,43,106,48,1*7A
1784533821.327,$GLGSV,2,2,07,77,26,165,34,81,39,297,40,88,46,216,36,1*47
1784533821.327,$GLGSV,2,1,05,66,26,344,45,75,18,048,27,76,43,106,46,81,39,297,39,3*7E
1784533821.328,$GLGSV,2,2,05,88,46,216,36,3*4D
1784533821.329,$GLGSV,1,1,03,67,07,292,,82,05,329,,87,00,168,,0*42
1784533821.330,$GAGSV,2,1,07,07,32,024,48,13,39,153,44,19,21,261,34,26,82,267,40,2*71
1784533821.331,$GAGSV,2,2,07,27,20,132,32,29,49,312,35,33,32,323,41,2*41
1784533821.331,$GAGSV,2,1,07,07,32,024,38,13,39,153,40,19,21,261,26,26,82,267,37,7*74
1784533821.332,$GAGSV,2,2,07,27,20,132,25,29,49,312,31,33,32,323,40,7*47
1784533821.333,$GAGSV,1,1,02,21,10,183,,30,09,085,,0*79
1784533821.334,$GBGSV,2,1,08,06,47,049,47,07,78,102,46,08,14,175,24,09,44,008,45,1*77
1784533821.335,$GBGSV,2,2,08,10,74,147,46,13,36,203,40,24,28,058,36,28,42,242,44,1*72
1784533821.335,$GBGSV,1,1,02,09,44,008,48,10,74,147,48,3*77
1784533821.336,$GBGSV,2,1,06,01,43,108,,02,61,243,,03,73,145,,04,24,096,,0*77
1784533821.337,$GBGSV,2,2,06,04,24,096,,23,25,190,,0*72
1784533821.338,$GNGLL,1451.06693,N,10205.02137,E,075021.00,A,D*79
1784533822.313,$GNRMC,075022.00,A,1451.06693,N,10205.02136,E,0.007,,200726,0.76,W,D,V*56
1784533822.314,$GNVTG,,T,,M,0.007,N,0.013,K,D*3D
1784533822.314,$GNGGA,075022.00,1451.06693,N,10205.02136,E,2,12,0.48,264.9,M,-24.5,M,,0084*6C
1784533822.315,$GNGSA,A,3,10,12,18,23,24,25,32,28,,,,,1.08,0.48,0.96,1*0B
1784533822.316,$GNGSA,A,3,77,66,76,75,65,88,81,,,,,,1.08,0.48,0.96,2*01
1784533822.317,$GNGSA,A,3,07,13,19,26,27,29,33,,,,,,1.08,0.48,0.96,3*0E
1784533822.317,$GNGSA,A,3,06,07,09,10,13,28,24,,,,,,1.08,0.48,0.96,4*09
1784533822.318,$GPGSV,3,1,12,10,36,345,44,12,20,100,39,13,25,095,36,18,54,177,43,1*6B
1784533822.319,$GPGSV,3,2,12,23,53,031,45,24,20,037,35,25,29,139,27,28,36,216,37,1*68
1784533822.320,$GPGSV,3,3,12,32,33,297,36,40,34,258,40,41,62,233,46,42,68,219,41,1*61
1784533822.321,$GPGSV,3,1,09,10,36,345,40,12,20,100,41,13,25,095,44,18,54,177,45,6*6E
1784533822.322,$GPGSV,3,2,09,23,53,031,44,24,20,037,39,25,29,139,31,28,36,216,34,6*6C
1784533822.322,$GPGSV,3,3,09,32,33,297,34,6*50
1784533822.323,$GPGSV,2,1,05,15,04,063,,27,03,271,,29,04,167,,31,07,215,,0*68
1784533822.324,$GPGSV,2,2,05,31,07,215,,0*53
1784533822.325,$GLGSV,2,1,07,65,19,037,38,66,26,344,45,75,18,048,32,76,43,106,48,1*75
1784533822.325,$GLGSV,2,2,07,77,26,165,34,81,39,297,42,88,45,216,37,1*47
1784533822.326,$GLGSV,2,1,05,66,26,344,45,75,18,048,26,76,43,106,46,81,39,297,40,3*71
1784533822.327,$GLGSV,2,2,05,88,45,216,37,3*4F
1784533822.328,$GLGSV,1,1,03,67,07,292,,82,05,329,,87,00,168,,0*42
1784533822.329,$GAGSV,2,1,07,07,32,024,48,13,39,153,44,19,21,261,34,26,82,267,40,2*71
1784533822.329,$GAGSV,2,2,07,27,20,132,31,29,49,312,36,33,32,323,41,2*41
1784533822.330,$GAGSV,2,1,06,07,32,024,38,13,39,153,39,19,21,261,25,26,82,267,36,7*79
1784533822.331,$GAGSV,2,2,06,29,49,312,31,33,32,323,40,7*76
1784533822.332,$GAGSV,1,1,02,21,10,183,,30,09,085,,0*79
1784533822.333,$GBGSV,2,1,08,06,47,049,46,07,78,102,46,08,14,175,24,09,44,008,45,1*76
1784533822.334,$GBGSV,2,2,08,10,74,147,47,13,36,203,40,24,28,058,37,28,42,242,42,1*74
1784533822.334,$GBGSV,1,1,02,09,44,008,48,10,74,147,48,3*77
1784533822.335,$GBGSV,2,1,06,01,43,108,,02,61,243,,03,73,145,,04,24,096,,0*77
1784533822.336,$GBGSV,2,2,06,04,24,096,,23,25,190,,0*72
1784533822.337,$GNGLL,1451.06693,N,10205.02136,E,075022.00,A,D*7B
1784533823.315,$GNRMC,075023.00,A,1451.06693,N,10205.02136,E,0.009,,200726,0.76,W,D,V*59
1784533823.316,$GNVTG,,T,,M,0.009,N,0.017,K,D*37
1784533823.318,$GNGGA,075023.00,1451.06693,N,10205.02136,E,2,12,0.48,264.9,M,-24.5,M,,0084*6D
1784533823.319,$GNGSA,A,3,10,12,18,23,24,25,32,28,,,,,1.08,0.48,0.96,1*0B
1784533823.321,$GNGSA,A,3,77,66,76,75,65,88,81,,,,,,1.08,0.48,0.96,2*01
1784533823.322,$GNGSA,A,3,07,13,19,26,27,29,33,,,,,,1.08,0.48,0.96,3*0E
1784533823.324,$GNGSA,A,3,06,07,09,10,13,28,24,,,,,,1.08,0.48,0.96,4*09
1784533823.325,$GPGSV,3,1,12,10,36,345,44,12,20,100,39,13,25,095,37,18,54,177,44,1*6D
1784533823.326,$GPGSV,3,2,12,23,53,031,45,24,20,037,36,25,29,139,27,28,36,216,36,1*6A
1784533823.327,$GPGSV,3,3,12,32,33,297,37,40,34,258,40,41,62,233,46,42,68,219,41,1*60
1784533823.328,$GPGSV,3,1,09,10,36,345,40,12,20,100,41,13,25,095,44,18,54,177,45,6*6E
1784533823.329,$GPGSV,3,2,09,23,53,031,44,24,20,037,39,25,29,139,31,28,36,216,37,6*6F
1784533823.330,$GPGSV,3,3,09,32,33,297,33,6*57
1784533823.331,$GPGSV,2,1,05,15,04,063,,27,03,271,,29,04,167,,31,07,215,,0*68
1784533823.332,$GPGSV,2,2,05,31,07,215,,0*53
1784533823.333,$GLGSV,2,1,07,65,19,037,38,66,26,344,45,75,18,048,32,76,43,106,47,1*7A
1784533823.335,$GLGSV,2,2,07,77,26,165,34,81,39,297,43,88,45,216,36,1*47
1784533823.336,$GLGSV,2,1,05,66,26,344,45,75,18,048,26,76,43,106,45,81,39,297,40,3*72
1784533823.337,$GLGSV,2,2,05,88,45,216,36,3*4E
1784533823.338,$GLGSV,1,1,03,67,07,292,,82,05,329,,87,00,168,,0*42
1784533823.339,$GAGSV,2,1,07,07,32,024,48,13,39,153,45,19,21,261,34,26,82,267,40,2*70
1784533823.340,$GAGSV,2,2,07,27,20,132,32,29,49,312,37,33,32,323,41,2*43
1784533823.341,$GAGSV,2,1,06,07,32,024,38,13,39,153,39,19,21,261,26,26,82,267,37,7*7B
1784533823.341,$GAGSV,2,2,06,29,49,312,29,33,32,323,41,7*7E
1784533823.342,$GAGSV,1,1,02,21,10,183,,30,09,085,,0*79
1784533823.343,$GBGSV,2,1,08,06,47,049,47,07,78,102,46,08,14,175,24,09,44,008,45,1*77
1784533823.345,$GBGSV,2,2,08,10,74,147,46,13,36,203,40,24,28,058,39,28,42,242,43,1*7A
1784533823.346,$GBGSV,1,1,02,09,44,008,48,10,74,147,48,3*77
1784533823.347,$GBGSV,2,1,06,01,43,108,,02,61,243,,03,73,145,,04,24,096,,0*77
1784533823.348,$GBGSV,2,2,06,04,24,096,,23,25,190,,0*72
1784533823.349,$GNGLL,1451.06693,N,10205.02136,E,075023.00,A,D*7A
1784533824.316,$GNRMC,075024.00,A,1451.06693,N,10205.02134,E,0.007,,200726,0.76,W,D,V*52
1784533824.317,$GNVTG,,T,,M,0.007,N,0.013,K,D*3D
1784533824.318,$GNGGA,075024.00,1451.06693,N,10205.02134,E,2,12,0.48,264.9,M,-24.5,M,,0084*68
1784533824.319,$GNGSA,A,3,10,12,18,23,24,25,32,28,,,,,1.08,0.48,0.96,1*0B
1784533824.320,$GNGSA,A,3,77,66,76,75,65,88,81,,,,,,1.08,0.48,0.96,2*01
1784533824.320,$GNGSA,A,3,07,13,19,26,27,29,33,,,,,,1.08,0.48,0.96,3*0E
1784533824.321,$GNGSA,A,3,06,07,09,10,13,28,24,,,,,,1.08,0.48,0.96,4*09
1784533824.322,$GPGSV,3,1,12,10,36,345,44,12,20,100,39,13,25,095,38,18,54,177,45,1*63
1784533824.323,$GPGSV,3,2,12,23,53,031,45,24,20,037,36,25,29,139,26,28,36,216,36,1*6B
1784533824.324,$GPGSV,3,3,12,32,33,297,39,40,34,258,40,41,62,233,46,42,68,219,40,1*6F
1784533824.325,$GPGSV,3,1,09,10,36,345,40,12,20,100,40,13,25,095,44,18,54,177,45,6*6F
1784533824.326,$GPGSV,3,2,09,23,53,031,44,24,20,037,39,25,29,139,30,28,36,216,37,6*6E
1784533824.327,$GPGSV,3,3,09,32,33,297,34,6*50
1784533824.327,$GPGSV,2,1,05,15,04,063,,27,03,271,,29,04,167,,31,07,215,,0*68
1784533824.328,$GPGSV,2,2,05,31,07,215,,0*53
1784533824.329,$GLGSV,2,1,07,65,19,037,38,66,26,344,45,75,18,048,33,76,43,106,46,1*7A
1784533824.330,$GLGSV,2,2,07,77,26,165,32,81,39,297,42,88,45,216,39,1*4F
1784533824.331,$GLGSV,2,1,05,66,26,344,45,75,18,048,28,76,43,106,44,81,39,297,41,3*7C
1784533824.331,$GLGSV,2,2,05,88,45,216,36,3*4E
1784533824.333,$GLGSV,1,1,03,67,07,292,,82,05,329,,87,00,168,,0*42
1784533824.335,$GAGSV,2,1,07,07,32,024,48,13,39,153,45,19,21,261,33,26,82,267,40,2*77
1784533824.336,$GAGSV,2,2,07,27,20,132,31,29,49,312,37,33,32,323,40,2*41
1784533824.337,$GAGSV,2,1,06,07,32,024,37,13,39,153,40,19,21,261,26,26,82,267,39,7*74
1784533824.338,$GAGSV,2,2,06,29,49,312,29,33,32,323,41,7*7E
1784533824.339,$GAGSV,1,1,02,21,10,183,,30,09,085,,0*79
1784533824.340,$GBGSV,2,1,08,06,47,049,46,07,78,102,46,08,14,175,24,09,44,008,45,1*76
1784533824.341,$GBGSV,2,2,08,10,74,147,46,13,36,203,40,24,28,058,39,28,42,242,43,1*7A
1784533824.341,$GBGSV,1,1,02,09,44,008,48,10,74,147,48,3*77
1784533824.342,$GBGSV,2,1,06,01,43,108,,02,61,243,,03,73,145,,04,24,096,,0*77
1784533824.343,$GBGSV,2,2,06,04,24,096,,23,25,190,,0*72
1784533824.344,$GNGLL,1451.06693,N,10205.02134,E,075024.00,A,D*7F
1784533825.314,$GNRMC,075025.00,A,1451.06693,N,10205.02132,E,0.007,,200726,0.76,W,D,V*55
1784533825.315,$GNVTG,,T,,M,0.007,N,0.013,K,D*3D
1784533825.316,$GNGGA,075025.00,1451.06693,N,10205.02132,E,2,12,0.48,264.9,M,-24.5,M,,0084*6F
1784533825.317,$GNGSA,A,3,10,12,18,23,24,25,32,28,,,,,1.08,0.48,0.96,1*0B
1784533825.318,$GNGSA,A,3,77,66,76,75,65,88,81,,,,,,1.08,0.48,0.96,2*01
1784533825.318,$GNGSA,A,3,07,13,19,26,27,29,33,,,,,,1.08,0.48,0.96,3*0E
1784533825.319,$GNGSA,A,3,06,07,09,10,13,28,24,,,,,,1.08,0.48,0.96,4*09
1784533825.320,$GPGSV,3,1,12,10,36,345,44,12,20,100,40,13,25,095,37,18,54,177,45,1*62
1784533825.321,$GPGSV,3,2,12,23,53,031,45,24,20,037,37,25,29,139,28,28,36,216,37,1*65
1784533825.322,$GPGSV,3,3,12,32,33,297,38,40,34,258,40,41,62,233,46,42,68,219,41,1*6F
1784533825.323,$GPGSV,3,1,09,10,36,345,41,12,20,100,40,13,25,095,44,18,54,177,45,6*6E
1784533825.324,$GPGSV,3,2,09,23,53,031,44,24,20,037,38,25,29,139,30,28,36,216,36,6*6E
1784533825.324,$GPGSV,3,3,09,32,33,297,35,6*51
1784533825.325,$GPGSV,2,1,05,15,04,063,,27,03,271,,29,04,167,,31,07,215,,0*68
1784533825.326,$GPGSV,2,2,05,31,07,215,,0*53
1784533825.326,$GLGSV,2,1,07,65,19,037,38,66,26,344,46,75,18,048,33,76,43,106,47,1*78
1784533825.327,$GLGSV,2,2,07,77,26,165,33,81,39,297,42,88,45,216,40,1*40
1784533825.328,$GLGSV,2,1,05,66,26,344,45,75,18,048,32,76,43,106,45,81,39,297,40,3*77
1784533825.329,$GLGSV,2,2,05,88,45,216,36,3*4E
1784533825.330,$GLGSV,1,1,03,67,07,292,,82,05,329,,87,00,168,,0*42
1784533825.331,$GAGSV,2,1,07,07,32,024,49,13,39,153,46,19,21,261,34,26,82,267,41,2*73
1784533825.331,$GAGSV,2,2,07,27,20,132,32,29,49,312,36,33,32,323,41,2*42
1784533825.332,$GAGSV,2,1,06,07,32,024,38,13,39,153,39,19,21,261,27,26,82,267,36,7*7B
1784533825.333,$GAGSV,2,2,06,29,49,312,31,33,32,323,40,7*76
1784533825.334,$GAGSV,1,1,02,21,10,183,,30,09,085,,0*79
1784533825.335,$GBGSV,2,1,08,06,47,049,47,07,78,102,46,08,14,175,23,09,44,008,45,1*70
1784533825.336,$GBGSV,2,2,08,10,74,147,47,13,36,203,39,24,28,058,38,28,42,242,44,1*73
1784533825.336,$GBGSV,1,1,02,09,44,008,48,10,74,147,47,3*78
1784533825.337,$GBGSV,2,1,06,01,43,108,,02,61,243,,03,73,145,,04,24,096,,0*77
1784533825.338,$GBGSV,2,2,06,04,24,096,,23,25,190,,0*72
1784533825.338,$GNGLL,1451.06693,N,10205.02132,E,075025.00,A,D*78
1784533826.320,$GNRMC,075026.00,A,1451.06694,N,10205.02130,E,0.007,,200726,0.76,W,D,V*53
1784533826.320,$GNVTG,,T,,M,0.007,N,0.012,K,D*3C
1784533826.321,$GNGGA,075026.00,1451.06694,N,10205.02130,E,2,12,0.48,265.0,M,-24.5,M,,0084*61
1784533826.322,$GNGSA,A,3,10,12,18,23,24,25,32,28,,,,,1.08,0.48,0.96,1*0B
1784533826.323,$GNGSA,A,3,77,66,76,75,65,88,81,,,,,,1.08,0.48,0.96,2*01
1784533826.323,$GNGSA,A,3,07,13,19,26,27,29,33,,,,,,1.08,0.48,0.96,3*0E
1784533826.324,$GNGSA,A,3,06,07,09,10,13,28,24,,,,,,1.08,0.48,0.96,4*09
1784533826.325,$GPGSV,4,1,13,10,36,345,44,12,20,100,40,13,25,095,37,15,04,063,27,1*6C
1784533826.326,$GPGSV,4,2,13,18,54,177,45,23,53,031,45,24,20,037,37,25,29,139,28,1*65
1784533826.327,$GPGSV,4,3,13,28,36,216,37,32,33,297,39,40,34,258,40,41,62,233,46,1*61
1784533826.327,$GPGSV,4,4,13,42,68,219,42,1*52
1784533826.328,$GPGSV,3,1,09,10,36,345,41,12,20,100,40,13,25,095,44,18,54,177,44,6*6F
1784533826.329,$GPGSV,3,2,09,23,53,031,44,24,20,037,38,25,29,139,32,28,36,216,35,6*6F
1784533826.330,$GPGSV,3,3,09,32,33,297,36,6*52
1784533826.331,$GPGSV,1,1,04,27,03,271,,29,04,167,,31,07,215,,50,56,119,,0*60
1784533826.332,$GLGSV,2,1,07,65,19,037,39,66,26,344,46,75,18,048,31,76,43,106,48,1*74
1784533826.333,$GLGSV,2,2,07,77,26,165,32,81,39,297,42,88,45,216,39,1*4F
1784533826.333,$GLGSV,2,1,05,66,26,344,45,75,18,048,31,76,43,106,45,81,39,297,39,3*7A
1784533826.334,$GLGSV,2,2,05,88,45,216,36,3*4E
1784533826.335,$GLGSV,1,1,03,67,07,292,,82,05,329,,87,00,168,,0*42
1784533826.336,$GAGSV,2,1,07,07,32,024,48,13,39,153,45,19,21,261,34,26,82,267,41,2*71
1784533826.337,$GAGSV,2,2,07,27,20,132,32,29,49,312,35,33,32,323,41,2*41
1784533826.338,$GAGSV,2,1,06,07,32,024,38,13,39,153,39,19,21,261,27,26,82,267,37,7*7A
1784533826.338,$GAGSV,2,2,06,29,49,312,31,33,32,323,40,7*76
1784533826.339,$GAGSV,1,1,02,21,10,183,,30,09,085,,0*79
1784533826.340,$GBGSV,2,1,08,06,47,049,47,07,78,102,46,08,14,175,22,09,44,008,44,1*70
1784533826.341,$GBGSV,2,2,08,10,74,147,47,13,36,203,39,24,28,058,38,28,42,242,45,1*72
1784533826.341,$GBGSV,1,1,02,09,44,008,48,10,74,147,47,3*78
1784533826.342,$GBGSV,2,1,06,01,43,108,,02,61,243,,03,73,145,,04,24,096,,0*77
1784533826.343,$GBGSV,2,2,06,04,24,096,,23,25,190,,0*72
1784533826.344,$GNGLL,1451.06694,N,10205.02130,E,075026.00,A,D*7E
1784533827.317,$GNRMC,075027.00,A,1451.06694,N,10205.02129,E,0.014,,200726,0.76,W,D,V*58
1784533827.317,$GNVTG,,T,,M,0.014,N,0.025,K,D*3A
1784533827.318,$GNGGA,075027.00,1451.06694,N,10205.02129,E,2,12,0.48,265.0,M,-24.5,M,,0084*68
1784533827.319,$GNGSA,A,3,10,12,18,23,24,25,32,28,,,,,1.08,0.48,0.96,1*0B
1784533827.320,$GNGSA,A,3,77,66,76,75,65,88,81,,,,,,1.08,0.48,0.96,2*01
1784533827.321,$GNGSA,A,3,07,13,19,26,27,29,33,,,,,,1.08,0.48,0.96,3*0E
1784533827.322,$GNGSA,A,3,06,07,09,10,13,28,24,,,,,,1.08,0.48,0.96,4*09
1784533827.324,$GPGSV,3,1,12,10,36,345,45,12,20,100,39,13,25,095,38,18,54,177,44,1*63
1784533827.325,$GPGSV,3,2,12,23,53,031,45,24,20,037,37,25,29,139,28,28,36,216,37,1*65
1784533827.327,$GPGSV,3,3,12,32,33,297,40,40,34,258,40,41,62,233,46,42,68,219,41,1*60
1784533827.328,$GPGSV,3,1,09,10,36,345,40,12,20,100,40,13,25,095,43,18,54,177,45,6*68
1784533827.330,$GPGSV,3,2,09,23,53,031,44,24,20,037,38,25,29,139,31,28,36,216,34,6*6D
1784533827.331,$GPGSV,3,3,09,32,33,297,36,6*52
1784533827.332,$GPGSV,2,1,05,15,04,063,,27,03,271,,29,04,167,,31,07,215,,0*68
1784533827.333,$GPGSV,2,2,05,31,07,215,,0*53
1784533827.333,$GLGSV,2,1,07,65,19,037,38,66,26,344,45,75,18,048,31,76,43,106,48,1*76
1784533827.335,$GLGSV,2,2,07,77,26,165,32,81,39,297,41,88,45,216,40,1*42
1784533827.336,$GLGSV,2,1,05,66,26,344,44,75,18,048,30,76,43,106,45,81,39,297,38,3*7B
1784533827.337,$GLGSV,2,2,05,88,45,216,35,3*4D
1784533827.337,$GLGSV,1,1,03,67,07,292,,82,05,329,,87,00,168,,0*42
1784533827.339,$GAGSV,2,1,07,07,32,024,49,13,39,153,45,19,21,261,35,26,82,267,41,2*71
1784533827.340,$GAGSV,2,2,07,27,20,132,31,29,49,312,34,33,32,323,41,2*43
1784533827.341,$GAGSV,2,1,06,07,32,024,38,13,39,153,38,19,21,261,26,26,82,267,38,7*75
1784533827.342,$GAGSV,2,2,06,29,49,312,31,33,32,323,40,7*76
1784533827.343,$GAGSV,1,1,02,21,10,183,,30,09,085,,0*79
1784533827.344,$GBGSV,2,1,08,06,47,049,47,07,78,102,46,08,14,175,19,09,44,008,44,1*78
1784533827.346,$GBGSV,2,2,08,10,74,147,47,13,36,203,39,24,28,058,38,28,42,242,45,1*72
1784533827.346,$GBGSV,1,1,02,09,44,008,47,10,74,147,47,3*77
1784533827.347,$GBGSV,2,1,06,01,43,108,,02,61,243,,03,73,145,,04,24,096,,0*77
1784533827.348,$GBGSV,2,2,06,04,24,096,,23,25,190,,0*72
1784533827.349,$GNGLL,1451.06694,N,10205.02129,E,075027.00,A,D*77
1784533828.311,$GNRMC,075028.00,A,1451.06694,N,10205.02127,E,0.005,,200726,0.76,W,D,V*59
1784533828.312,$GNVTG,,T,,M,0.005,N,0.010,K,D*3C
1784533828.313,$GNGGA,075028.00,1451.06694,N,10205.02127,E,2,12,0.48,265.0,M,-24.5,M,,0084*69
1784533828.314,$GNGSA,A,3,10,12,18,23,24,25,32,28,,,,,1.08,0.48,0.96,1*0B
1784533828.314,$GNGSA,A,3,77,66,76,75,65,88,81,,,,,,1.08,0.48,0.96,2*01
1784533828.315,$GNGSA,A,3,07,13,19,26,27,29,33,,,,,,1.08,0.48,0.96,3*0E
1784533828.316,$GNGSA,A,3,06,07,09,10,13,28,24,,,,,,1.08,0.48,0.96,4*09
1784533828.317,$GPGSV,3,1,12,10,36,345,44,12,20,100,40,13,25,095,37,18,54,177,44,1*63
1784533828.318,$GPGSV,3,2,12,23,53,031,45,24,20,037,36,25,29,139,31,28,36,216,38,1*63
1784533828.319,$GPGSV,3,3,12,32,33,297,40,40,34,258,39,41,62,233,45,42,68,219,42,1*6E
1784533828.320,$GPGSV,3,1,09,10,36,345,40,12,20,100,40,13,25,095,43,18,54,177,45,6*68
1784533828.321,$GPGSV,3,2,09,23,53,031,44,24,20,037,38,25,29,139,31,28,36,216,34,6*6D
1784533828.321,$GPGSV,3,3,09,32,33,297,36,6*52
1784533828.322,$GPGSV,2,1,05,15,04,063,,27,03,271,,29,04,167,,31,07,215,,0*68
1784533828.323,$GPGSV,2,2,05,31,07,215,,0*53
1784533828.325,$GLGSV,2,1,07,65,19,037,39,66,26,344,45,75,18,048,35,76,43,106,47,1*7C
1784533828.326,$GLGSV,2,2,07,77,26,165,31,81,39,297,38,88,45,216,42,1*4D
1784533828.327,$GLGSV,2,1,05,66,26,344,44,75,18,048,31,76,43,106,44,81,39,297,40,3*74
1784533828.328,$GLGSV,2,2,05,88,45,216,33,3*4B
1784533828.328,$GLGSV,1,1,03,67,07,292,,82,05,329,,87,00,168,,0*42
1784533828.330,$GAGSV,2,1,07,07,32,024,49,13,39,153,44,19,21,261,35,26,82,267,40,2*71
1784533828.331,$GAGSV,2,2,07,27,20,132,30,29,49,312,35,33,32,323,42,2*40
1784533828.332,$GAGSV,2,1,06,07,32,024,38,13,39,153,38,19,21,261,25,26,82,267,38,7*76
1784533828.333,$GAGSV,2,2,06,29,49,312,31,33,32,323,40,7*76
1784533828.333,$GAGSV,1,1,02,21,10,183,,30,09,085,,0*79
1784533828.334,$GBGSV,2,1,08,06,47,049,47,07,78,102,46,08,14,175,17,09,44,008,44,1*76
1784533828.336,$GBGSV,2,2,08,10,74,147,47,13,36,203,40,24,28,058,38,28,42,242,45,1*7C
1784533828.336,$GBGSV,1,1,02,09,44,008,47,10,74,147,47,3*77
1784533828.338,$GBGSV,2,1,06,01,43,108,,02,61,243,,03,73,145,,04,24,096,,0*77
1784533828.338,$GBGSV,2,2,06,04,24,096,,23,25,190,,0*72
1784533828.339,$GNGLL,1451.06694,N,10205.02127,E,075028.00,A,D*76
1784533829.322,$GNRMC,075029.00,A,1451.06695,N,10205.02125,E,0.008,,200726,0.76,W,D,V*56
1784533829.322,$GNVTG,,T,,M,0.008,N,0.014,K,D*35
1784533829.324,$GNGGA,075029.00,1451.06695,N,10205.02125,E,2,12,0.48,265.0,M,-24.5,M,,0084*6B
1784533829.325,$GNGSA,A,3,10,12,18,23,24,25,32,28,,,,,1.08,0.48,0.96,1*0B
1784533829.326,$GNGSA,A,3,77,66,76,75,65,88,81,,,,,,1.08,0.48,0.96,2*01
1784533829.327,$GNGSA,A,3,07,13,19,26,27,29,33,,,,,,1.08,0.48,0.96,3*0E
1784533829.329,$GNGSA,A,3,06,07,09,10,13,28,24,,,,,,1.08,0.48,0.96,4*09
1784533829.330,$GPGSV,3,1,12,10,36,345,45,12,20,100,40,13,25,095,37,18,54,177,44,1*62
1784533829.332,$GPGSV,3,2,12,23,53,031,45,24,20,037,37,25,29,139,31,28,36,216,37,1*6D
1784533829.333,$GPGSV,3,3,12,32,33,297,40,40,34,258,40,41,62,233,44,42,68,219,42,1*61
1784533829.335,$GPGSV,3,1,09,10,36,345,40,12,20,100,40,13,25,095,43,18,54,177,46,6*6B
1784533829.337,$GPGSV,3,2,09,23,53,031,45,24,20,037,38,25,29,139,31,28,36,216,34,6*6C
1784533829.337,$GPGSV,3,3,09,32,33,297,36,6*52
1784533829.338,$GPGSV,2,1,05,15,04,063,,27,03,271,,29,04,167,,31,07,215,,0*68
1784533829.339,$GPGSV,2,2,05,31,07,215,,0*53
1784533829.341,$GLGSV,2,1,07,65,19,037,38,66,26,344,46,75,18,048,34,76,43,106,47,1*7F
1784533829.342,$GLGSV,2,2,07,77,26,165,32,81,39,297,39,88,45,216,40,1*4D
1784533829.344,$GLGSV,2,1,05,66,26,344,44,75,18,048,33,76,43,106,45,81,39,297,39,3*79
1784533829.345,$GLGSV,2,2,05,88,45,216,35,3*4D
1784533829.346,$GLGSV,1,1,03,67,07,292,,82,05,329,,87,00,168,,0*42
1784533829.347,$GAGSV,2,1,07,07,32,024,49,13,39,153,44,19,21,261,34,26,82,267,41,2*71
1784533829.348,$GAGSV,2,2,07,27,20,132,31,29,49,312,35,33,32,323,43,2*40
1784533829.349,$GAGSV,2,1,07,07,32,024,37,13,39,153,39,19,21,261,27,26,82,267,38,7*7B
1784533829.350,$GAGSV,2,2,07,27,20,132,28,29,49,312,31,33,32,323,40,7*4A
1784533829.351,$GAGSV,1,1,02,21,10,183,,30,09,085,,0*79
1784533829.352,$GBGSV,2,1,08,06,47,049,46,07,78,102,46,08,14,175,13,09,44,008,44,1*73
1784533829.353,$GBGSV,2,2,08,10,74,147,46,13,36,203,41,24,28,058,38,28,42,242,45,1*7C
1784533829.354,$GBGSV,1,1,02,09,44,008,47,10,74,147,47,3*77
1784533829.355,$GBGSV,2,1,06,01,43,108,,02,61,243,,03,73,145,,04,24,096,,0*77
1784533829.356,$GBGSV,2,2,06,04,24,096,,23,25,190,,0*72
1784533829.357,$GNGLL,1451.06695,N,10205.02125,E,075029.00,A,D*74
1784533830.319,$GNRMC,075030.00,A,1451.06695,N,10205.02124,E,0.009,,200726,0.76,W,D,V*5E
1784533830.320,$GNVTG,,T,,M,0.009,N,0.017,K,D*37
1784533830.321,$GNGGA,075030.00,1451.06695,N,10205.02124,E,2,12,0.48,265.1,M,-24.5,M,,0084*63
1784533830.322,$GNGSA,A,3,10,12,18,23,24,25,32,28,,,,,1.08,0.48,0.96,1*0B
1784533830.323,$GNGSA,A,3,77,66,76,75,65,88,81,,,,,,1.08,0.48,0.96,2*01
1784533830.324,$GNGSA,A,3,07,13,19,26,27,29,33,,,,,,1.08,0.48,0.96,3*0E
1784533830.325,$GNGSA,A,3,06,07,09,10,13,28,24,,,,,,1.08,0.48,0.96,4*09
1784533830.325,$GPGSV,3,1,12,10,36,345,45,12,20,100,40,13,25,095,38,18,54,177,44,1*6D
1784533830.327,$GPGSV,3,2,12,23,53,031,45,24,20,037,36,25,29,139,31,28,36,216,37,1*6C
1784533830.328,$GPGSV,3,3,12,32,33,297,38,40,34,258,41,41,62,233,44,42,68,219,42,1*6F
1784533830.329,$GPGSV,3,1,09,10,36,345,40,12,20,100,40,13,25,095,43,18,54,177,46,6*6B
1784533830.331,$GPGSV,3,2,09,23,53,031,46,24,20,037,37,25,29,139,30,28,36,216,35,6*60
1784533830.332,$GPGSV,3,3,09,32,33,297,36,6*52
1784533830.333,$GPGSV,2,1,05,15,04,063,,27,03,271,,29,04,167,,31,07,215,,0*68
1784533830.334,$GPGSV,2,2,05,31,07,215,,0*53
1784533830.335,$GLGSV,2,1,07,65,19,037,38,66,26,344,45,75,18,048,33,76,43,106,47,1*7B
1784533830.336,$GLGSV,2,2,07,77,26,165,32,81,39,297,39,88,45,216,41,1*4C
1784533830.337,$GLGSV,2,1,05,66,26,344,43,75,18,048,33,76,43,106,46,81,39,297,37,3*73
1784533830.338,$GLGSV,2,2,05,88,45,216,36,3*4E
1784533830.338,$GLGSV,1,1,03,67,07,292,,82,05,329,,87,00,168,,0*42
1784533830.340,$GAGSV,2,1,07,07,32,024,49,13,39,153,44,19,21,261,34,26,82,267,41,2*71
1784533830.341,$GAGSV,2,2,07,27,20,132,31,29,49,312,34,33,32,323,43,2*41
1784533830.342,$GAGSV,2,1,07,07,32,024,36,13,39,153,40,19,21,261,28,26,82,267,39,7*7A
1784533830.343,$GAGSV,2,2,07,27,20,132,28,29,49,312,29,33,32,323,40,7*43
1784533830.343,$GAGSV,1,1,02,21,10,183,,30,09,085,,0*79
1784533830.345,$GBGSV,2,1,08,06,47,049,47,07,78,102,47,08,14,175,14,09,44,008,44,1*74
1784533830.346,$GBGSV,2,2,08,10,74,147,46,13,36,203,41,24,28,058,38,28,42,242,45,1*7C
1784533830.347,$GBGSV,1,1,02,09,44,008,47,10,74,147,47,3*77
1784533830.348,$GBGSV,2,1,06,01,43,108,,02,61,243,,03,73,145,,04,24,096,,0*77
1784533830.349,$GBGSV,2,2,06,04,24,096,,23,25,190,,0*72
1784533830.349,$GNGLL,1451.06695,N,10205.02124,E,075030.00,A,D*7D
1784533831.317,$GNRMC,075031.00,A,1451.06695,N,10205.02123,E,0.015,,200726,0.76,W,D,V*55
1784533831.318,$GNVTG,,T,,M,0.015,N,0.027,K,D*39
1784533831.319,$GNGGA,075031.00,1451.06695,N,10205.02123,E,2,12,0.48,265.1,M,-24.5,M,,0084*65
1784533831.320,$GNGSA,A,3,10,12,18,23,24,25,32,28,,,,,1.08,0.48,0.96,1*0B
1784533831.321,$GNGSA,A,3,77,66,76,75,65,88,81,,,,,,1.08,0.48,0.96,2*01
1784533831.322,$GNGSA,A,3,07,13,19,26,27,29,33,,,,,,1.08,0.48,0.96,3*0E
1784533831.323,$GNGSA,A,3,06,07,09,10,13,28,24,,,,,,1.08,0.48,0.96,4*09
1784533831.324,$GPGSV,3,1,12,10,36,345,45,12,20,100,40,13,25,095,39,18,54,177,43,1*6B
1784533831.325,$GPGSV,3,2,12,23,53,031,46,24,20,037,36,25,29,139,30,28,36,216,36,1*6F
1784533831.326,$GPGSV,3,3,12,32,33,297,38,40,34,258,41,41,62,233,44,42,68,219,43,1*6E
1784533831.327,$GPGSV,3,1,09,10,36,345,40,12,20,100,40,13,25,095,44,18,54,177,46,6*6C
1784533831.328,$GPGSV,3,2,09,23,53,031,46,24,20,037,37,25,29,139,30,28,36,216,34,6*61
1784533831.329,$GPGSV,3,3,09,32,33,297,35,6*51
1784533831.330,$GPGSV,2,1,05,15,04,063,,27,03,271,,29,04,167,,31,07,215,,0*68
1784533831.330,$GPGSV,2,2,05,31,07,215,,0*53
1784533831.333,$GLGSV,2,1,07,65,19,037,39,66,26,344,45,75,18,048,29,76,43,106,46,1*70
1784533831.335,$GLGSV,2,2,07,77,26,165,32,81,39,297,36,88,45,216,41,1*43
1784533831.336,$GLGSV,2,1,05,66,26,344,43,75,18,048,30,76,43,106,47,81,39,297,40,3*71
1784533831.337,$GLGSV,2,2,05,88,45,216,37,3*4F
1784533831.338,$GLGSV,1,1,03,67,07,292,,82,05,329,,87,00,168,,0*42
1784533831.339,$GAGSV,2,1,07,07,32,024,48,13,39,153,44,19,21,261,34,26,82,267,41,2*70
1784533831.340,$GAGSV,2,2,07,27,20,132,30,29,49,312,34,33,32,323,43,2*40
1784533831.341,$GAGSV,2,1,07,07,32,024,35,13,39,153,39,19,21,261,30,26,82,267,38,7*7F
1784533831.342,$GAGSV,2,2,07,27,20,132,27,29,49,312,29,33,32,323,40,7*4C
1784533831.343,$GAGSV,1,1,02,21,10,183,,30,09,085,,0*79
1784533831.344,$GBGSV,2,1,07,06,47,049,46,07,78,102,47,09,44,008,44,10,74,147,46,1*73
1784533831.346,$GBGSV,2,2,07,13,36,203,40,24,28,058,39,28,42,242,45,1*41
1784533831.348,$GBGSV,1,1,02,09,44,008,47,10,74,147,48,3*78
1784533831.349,$GBGSV,2,1,07,01,43,108,,02,61,243,,03,73,145,,04,24,096,,0*76
1784533831.350,$GBGSV,2,2,07,04,24,096,,08,14,175,,23,25,190,,0*4D
1784533831.350,$GNGLL,1451.06695,N,10205.02123,E,075031.00,A,D*7B
1784533832.321,$GNRMC,075032.00,A,1451.06695,N,10205.02123,E,0.013,,200726,0.76,W,D,V*50
1784533832.322,$GNVTG,,T,,M,0.013,N,0.023,K,D*3B
1784533832.323,$GNGGA,075032.00,1451.06695,N,10205.02123,E,2,12,0.48,265.1,M,-24.5,M,,0084*66
1784533832.324,$GNGSA,A,3,10,12,18,23,24,25,32,28,,,,,1.08,0.48,0.96,1*0B
1784533832.325,$GNGSA,A,3,77,66,76,75,65,88,81,,,,,,1.08,0.48,0.96,2*01
1784533832.326,$GNGSA,A,3,07,13,19,26,27,29,33,,,,,,1.08,0.48,0.96,3*0E
1784533832.326,$GNGSA,A,3,06,07,09,10,13,28,24,,,,,,1.08,0.48,0.96,4*09
1784533832.327,$GPGSV,3,1,12,10,36,345,45,12,20,100,39,13,25,095,38,18,54,177,43,1*64
1784533832.328,$GPGSV,3,2,12,23,53,031,46,24,20,037,35,25,29,139,18,28,36,216,36,1*66
1784533832.329,$GPGSV,3,3,12,32,33,297,38,40,34,258,41,41,62,233,44,42,68,219,44,1*69
1784533832.331,$GPGSV,3,1,09,10,36,345,40,12,20,100,40,13,25,095,44,18,54,177,45,6*6F
1784533832.332,$GPGSV,3,2,09,23,53,031,46,24,20,037,39,25,29,139,30,28,36,216,35,6*6E
1784533832.332,$GPGSV,3,3,09,32,33,297,35,6*51
1784533832.333,$GPGSV,2,1,05,15,04,063,,27,03,271,,29,04,167,,31,07,215,,0*68
1784533832.334,$GPGSV,2,2,05,31,07,215,,0*53
1784533832.336,$GLGSV,2,1,07,65,19,037,37,66,26,344,45,75,18,048,36,76,43,106,47,1*71
1784533832.338,$GLGSV,2,2,07,77,26,165,31,81,39,297,40,88,45,216,40,1*40
1784533832.340,$GLGSV,2,1,05,66,26,344,44,75,18,048,33,76,43,106,47,81,39,297,39,3*7B
1784533832.341,$GLGSV,2,2,05,88,45,216,32,3*4A
1784533832.342,$GLGSV,1,1,03,67,07,292,,82,05,329,,87,00,168,,0*42
1784533832.343,$GAGSV,2,1,07,07,32,024,48,13,39,153,43,19,21,261,37,26,82,267,41,2*74
1784533832.344,$GAGSV,2,2,07,27,20,132,22,29,49,312,34,33,32,323,42,2*42
1784533832.345,$GAGSV,2,1,06,07,32,024,36,13,39,153,39,19,21,261,29,26,82,267,38,7*75
1784533832.346,$GAGSV,2,2,06,29,49,312,29,33,32,323,40,7*7F
1784533832.347,$GAGSV,1,1,02,21,10,183,,30,09,085,,0*79
1784533832.348,$GBGSV,2,1,08,06,47,049,46,07,78,102,47,08,14,175,27,09,44,008,43,1*72
1784533832.349,$GBGSV,2,2,08,10,74,147,46,13,36,203,41,24,28,058,39,28,42,242,45,1*7D
1784533832.350,$GBGSV,1,1,02,09,44,008,47,10,74,147,48,3*78
1784533832.351,$GBGSV,2,1,06,01,43,108,,02,61,243,,03,73,145,,04,24,096,,0*77
1784533832.353,$GBGSV,2,2,06,04,24,096,,23,25,190,,0*72
1784533832.354,$GNGLL,1451.06695,N,10205.02123,E,075032.00,A,D*78
1784533833.321,$GNRMC,075033.00,A,1451.06695,N,10205.02122,E,0.009,,200726,0.76,W,D,V*5B
1784533833.323,$GNVTG,,T,,M,0.009,N,0.017,K,D*37
1784533833.325,$GNGGA,075033.00,1451.06695,N,10205.02122,E,2,12,0.48,265.0,M,-24.5,M,,0084*67
1784533833.326,$GNGSA,A,3,10,12,18,23,24,25,32,28,,,,,1.08,0.48,0.96,1*0B
1784533833.327,$GNGSA,A,3,77,66,76,75,65,88,81,,,,,,1.08,0.48,0.96,2*01
1784533833.328,$GNGSA,A,3,07,13,19,26,27,29,33,,,,,,1.08,0.48,0.96,3*0E
1784533833.329,$GNGSA,A,3,06,07,09,10,13,28,24,,,,,,1.08,0.48,0.96,4*09
1784533833.329,$GPGSV,3,1,12,10,36,345,45,12,20,100,36,13,25,095,37,18,54,177,44,1*63
1784533833.331,$GPGSV,3,2,12,23,53,031,46,24,20,037,36,25,29,139,30,28,36,216,38,1*61
1784533833.332,$GPGSV,3,3,12,32,33,297,40,40,34,258,40,41,62,233,44,42,68,219,42,1*61
1784533833.333,$GPGSV,3,1,09,10,36,345,40,12,20,100,40,13,25,095,43,18,54,177,46,6*6B
1784533833.334,$GPGSV,3,2,09,23,53,031,46,24,20,037,37,25,29,139,31,28,36,216,38,6*6C
1784533833.334,$GPGSV,3,3,09,32,33,297,36,6*52
1784533833.335,$GPGSV,2,1,05,15,04,063,,27,03,271,,29,04,167,,31,07,215,,0*68
1784533833.336,$GPGSV,2,2,05,31,07,215,,0*53
1784533833.338,$GLGSV,2,1,07,65,19,037,37,66,26,344,45,75,18,048,38,76,43,106,46,1*7E
1784533833.340,$GLGSV,2,2,07,77,26,165,29,81,39,297,40,88,45,216,39,1*47
1784533833.341,$GLGSV,2,1,05,66,26,344,44,75,18,048,27,76,43,106,48,81,39,297,40,3*7F
1784533833.341,$GLGSV,2,2,05,88,45,216,36,3*4E
1784533833.342,$GLGSV,1,1,03,67,07,292,,82,05,329,,87,00,168,,0*42
1784533833.343,$GAGSV,2,1,07,07,32,024,47,13,39,153,44,19,21,261,34,26,82,267,43,2*7D
1784533833.344,$GAGSV,2,2,07,27,20,132,24,29,49,312,33,33,32,323,42,2*43
1784533833.345,$GAGSV,2,1,06,07,32,024,35,13,39,153,40,19,21,261,31,26,82,267,35,7*7C
1784533833.346,$GAGSV,2,2,06,29,49,312,31,33,32,323,40,7*76
1784533833.346,$GAGSV,1,1,02,21,10,183,,30,09,085,,0*79
1784533833.347,$GBGSV,2,1,08,06,47,049,46,07,78,102,48,08,14,175,25,09,44,008,43,1*7F
1784533833.349,$GBGSV,2,2,08,10,74,147,47,13,36,203,43,24,28,058,37,28,42,242,44,1*71
1784533833.350,$GBGSV,1,1,02,09,44,008,47,10,74,147,48,3*78
1784533833.351,$GBGSV,2,1,06,01,43,108,,02,61,243,,03,73,145,,04,24,096,,0*77
1784533833.351,$GBGSV,2,2,06,04,24,096,,23,25,190,,0*72
1784533833.352,$GNGLL,1451.06695,N,10205.02122,E,075033.00,A,D*78
1784533834.320,$GNRMC,075034.00,A,1451.06695,N,10205.02121,E,0.006,,200726,0.76,W,D,V*50
1784533834.321,$GNVTG,,T,,M,0.006,N,0.010,K,D*3F
1784533834.322,$GNGGA,075034.00,1451.06695,N,10205.02121,E,2,12,0.48,265.0,M,-24.5,M,,0084*63
1784533834.323,$GNGSA,A,3,10,12,18,23,24,25,32,28,,,,,1.08,0.48,0.96,1*0B
1784533834.324,$GNGSA,A,3,77,66,76,75,65,88,81,,,,,,1.08,0.48,0.96,2*01
1784533834.325,$GNGSA,A,3,07,13,19,26,27,29,33,,,,,,1.08,0.48,0.96,3*0E
1784533834.326,$GNGSA,A,3,06,07,09,10,13,28,24,,,,,,1.08,0.48,0.96,4*09
1784533834.326,$GPGSV,3,1,12,10,36,345,44,12,20,100,39,13,25,095,35,18,54,177,44,1*6F
1784533834.327,$GPGSV,3,2,12,23,53,031,45,24,20,037,36,25,29,139,28,28,36,216,37,1*64
1784533834.329,$GPGSV,3,3,12,32,33,297,40,40,34,258,40,41,62,233,43,42,68,219,41,1*65
1784533834.330,$GPGSV,3,1,09,10,36,345,40,12,20,100,41,13,25,095,44,18,54,177,44,6*6F
1784533834.331,$GPGSV,3,2,09,23,53,031,45,24,20,037,37,25,29,139,32,28,36,216,38,6*6C
1784533834.331,$GPGSV,3,3,09,32,33,297,37,6*53
1784533834.332,$GPGSV,2,1,05,15,04,063,,27,03,271,,29,04,167,,31,07,215,,0*68
1784533834.333,$GPGSV,2,2,05,31,07,215,,0*53
1784533834.334,$GLGSV,2,1,07,65,19,037,38,66,26,344,44,75,18,048,34,76,43,106,47,1*7D
1784533834.335,$GLGSV,2,2,07,77,26,165,29,81,39,297,43,88,45,216,39,1*44
1784533834.336,$GLGSV,2,1,05,66,26,344,43,75,18,048,33,76,43,106,48,81,39,297,40,3*7D
1784533834.338,$GLGSV,2,2,05,88,45,216,38,3*40
1784533834.339,$GLGSV,1,1,03,67,07,292,,82,05,329,,87,00,168,,0*42
1784533834.340,$GAGSV,2,1,07,07,32,024,48,13,39,153,44,19,21,261,34,26,82,267,41,2*70
1784533834.341,$GAGSV,2,2,07,27,20,132,31,29,49,312,35,33,32,323,42,2*41
1784533834.343,$GAGSV,2,1,06,07,32,024,37,13,39,153,39,19,21,261,31,26,82,267,37,7*72
1784533834.343,$GAGSV,2,2,06,29,49,312,30,33,32,323,40,7*77
1784533834.344,$GAGSV,1,1,02,21,10,183,,30,09,085,,0*79
1784533834.345,$GBGSV,2,1,08,06,47,049,47,07,78,102,48,08,14,175,20,09,44,008,45,1*7D
1784533834.346,$GBGSV,2,2,08,10,74,147,47,13,36,203,43,24,28,058,39,28,42,242,45,1*7E
1784533834.347,$GBGSV,1,1,02,09,44,008,47,10,74,147,47,3*77
1784533834.349,$GBGSV,2,1,06,01,43,108,,02,61,243,,03,73,145,,04,24,096,,0*77
1784533834.349,$GBGSV,2,2,06,04,24,096,,23,25,190,,0*72
1784533834.350,$GNGLL,1451.06695,N,10205.02121,E,075034.00,A,D*7C
1784533835.320,$GNRMC,075035.00,A,1451.06696,N,10205.02121,E,0.005,,200726,0.76,W,D,V*51
1784533835.322,$GNVTG,,T,,M,0.005,N,0.009,K,D*34
1784533835.323,$GNGGA,075035.00,1451.06696,N,10205.02121,E,2,12,0.48,264.9,M,-24.5,M,,0084*69
1784533835.324,$GNGSA,A,3,10,12,18,23,24,25,32,28,,,,,1.08,0.48,0.96,1*0B
1784533835.325,$GNGSA,A,3,77,66,76,75,65,88,81,,,,,,1.08,0.48,0.96,2*01
1784533835.325,$GNGSA,A,3,07,13,19,26,27,29,33,,,,,,1.08,0.48,0.96,3*0E
1784533835.326,$GNGSA,A,3,06,07,09,10,13,28,24,,,,,,1.08,0.48,0.96,4*09
1784533835.327,$GPGSV,3,1,12,10,36,345,43,12,20,099,38,13,25,095,37,18,54,177,44,1*6A
1784533835.328,$GPGSV,3,2,12,23,53,031,45,24,20,037,36,25,29,139,27,28,36,216,38,1*64
1784533835.329,$GPGSV,3,3,12,32,33,297,37,40,34,258,40,41,62,233,46,42,68,219,42,1*63
1784533835.330,$GPGSV,3,1,09,10,36,345,38,12,20,099,40,13,25,095,42,18,54,177,45,6*67
1784533835.331,$GPGSV,3,2,09,23,53,031,45,24,20,037,35,25,29,139,30,28,36,216,37,6*63
1784533835.332,$GPGSV,3,3,09,32,33,297,38,6*5C
1784533835.333,$GPGSV,2,1,05,15,04,063,,27,03,271,,29,04,167,,31,07,215,,0*68
1784533835.334,$GPGSV,2,2,05,31,07,215,,0*53
1784533835.335,$GLGSV,2,1,07,65,19,037,36,66,26,344,45,75,18,048,31,76,43,106,47,1*77
1784533835.338,$GLGSV,2,2,07,77,26,165,27,81,39,297,42,88,45,216,36,1*44
1784533835.339,$GLGSV,2,1,05,66,26,344,43,75,18,048,24,76,43,106,47,81,39,297,40,3*74
1784533835.339,$GLGSV,2,2,05,88,45,216,37,3*4F
1784533835.340,$GLGSV,1,1,03,67,07,292,,82,05,329,,87,00,168,,0*42
1784533835.341,$GAGSV,2,1,07,07,32,024,47,13,39,153,42,19,21,261,34,26,82,267,41,2*79
1784533835.342,$GAGSV,2,2,07,27,20,132,30,29,49,312,38,33,32,323,44,2*4B
1784533835.343,$GAGSV,2,1,05,07,32,024,38,13,39,153,41,19,21,261,29,26,82,267,34,7*7B
1784533835.344,$GAGSV,2,2,05,33,32,323,41,7*40
1784533835.345,$GAGSV,1,1,02,21,10,183,,30,09,085,,0*79
1784533835.346,$GBGSV,2,1,08,06,47,049,48,07,78,102,49,08,14,175,19,09,44,008,44,1*78
1784533835.347,$GBGSV,2,2,08,10,74,147,46,13,36,203,42,24,28,058,38,28,42,242,46,1*7C
1784533835.348,$GBGSV,1,1,02,09,44,008,47,10,74,147,48,3*78
1784533835.349,$GBGSV,2,1,06,01,43,108,,02,61,243,,03,73,145,,04,24,096,,0*77
1784533835.350,$GBGSV,2,2,06,04,24,096,,23,25,190,,0*72
1784533835.351,$GNGLL,1451.06696,N,10205.02121,E,075035.00,A,D*7E
1784533836.321,$GNRMC,075036.00,A,1451.06696,N,10205.02120,E,0.008,,200726,0.76,W,D,V*5E
1784533836.322,$GNVTG,,T,,M,0.008,N,0.015,K,D*34
1784533836.323,$GNGGA,075036.00,1451.06696,N,10205.02120,E,2,12,0.48,264.9,M,-24.5,M,,0084*6B
1784533836.324,$GNGSA,A,3,10,12,18,23,24,25,32,28,,,,,1.08,0.48,0.96,1*0B
1784533836.325,$GNGSA,A,3,77,66,76,75,65,88,81,,,,,,1.08,0.48,0.96,2*01
1784533836.326,$GNGSA,A,3,07,13,19,26,27,29,33,,,,,,1.08,0.48,0.96,3*0E
1784533836.326,$GNGSA,A,3,06,07,09,10,13,28,24,,,,,,1.08,0.48,0.96,4*09
1784533836.327,$GPGSV,3,1,12,10,36,345,44,12,20,099,38,13,25,094,36,18,54,177,45,1*6C
1784533836.329,$GPGSV,3,2,12,23,53,031,45,24,20,037,37,25,29,139,25,28,36,216,38,1*67
1784533836.330,$GPGSV,3,3,12,32,33,297,40,40,34,258,41,41,62,233,45,42,68,219,43,1*60
1784533836.331,$GPGSV,3,1,09,10,36,345,39,12,20,099,41,13,25,094,43,18,54,177,44,6*66
1784533836.332,$GPGSV,3,2,09,23,53,031,45,24,20,037,38,25,29,139,31,28,36,216,37,6*6F
1784533836.333,$GPGSV,3,3,09,32,33,297,37,6*53
1784533836.334,$GPGSV,2,1,05,15,04,063,,27,03,271,,29,04,167,,31,07,215,,0*68
1784533836.334,$GPGSV,2,2,05,31,07,215,,0*53
1784533836.335,$GLGSV,2,1,07,65,19,037,37,66,26,344,44,75,18,048,24,76,43,106,47,1*73
1784533836.336,$GLGSV,2,2,07,77,26,165,27,81,39,297,41,88,45,216,38,1*49
1784533836.337,$GLGSV,2,1,05,66,26,344,43,75,18,048,24,76,43,106,47,81,39,297,40,3*74
1784533836.338,$GLGSV,2,2,05,88,45,216,36,3*4E
1784533836.339,$GLGSV,1,1,03,67,07,292,,82,05,329,,87,00,168,,0*42
1784533836.340,$GAGSV,2,1,07,07,32,024,48,13,39,153,42,19,21,261,34,26,82,267,41,2*76
1784533836.341,$GAGSV,2,2,07,27,20,132,29,29,49,312,38,33,32,323,44,2*43
1784533836.342,$GAGSV,2,1,05,07,32,024,37,13,39,153,41,19,21,261,27,26,82,267,36,7*78
1784533836.343,$GAGSV,2,2,05,33,32,323,41,7*40
1784533836.344,$GAGSV,1,1,02,21,10,183,,30,09,085,,0*79
1784533836.345,$GBGSV,2,1,08,06,47,049,46,07,78,102,48,08,14,175,20,09,44,008,44,1*7D
1784533836.346,$GBGSV,2,2,08,10,74,147,48,13,36,203,41,24,28,058,36,28,42,242,44,1*7D
1784533836.347,$GBGSV,1,1,02,09,44,008,47,10,74,147,48,3*78
1784533836.348,$GBGSV,2,1,06,01,43,108,,02,61,243,,03,73,145,,04,24,096,,0*77
1784533836.349,$GBGSV,2,2,06,04,24,096,,23,25,190,,0*72
1784533836.349,$GNGLL,1451.06696,N,10205.02120,E,075036.00,A,D*7C
1784533837.316,$GNRMC,075037.00,A,1451.06697,N,10205.02119,E,0.013,,200726,0.76,W,D,V*5E
1784533837.317,$GNVTG,,T,,M,0.013,N,0.023,K,D*3B
1784533837.318,$GNGGA,075037.00,1451.06697,N,10205.02119,E,2,12,0.48,264.8,M,-24.5,M,,0084*60
1784533837.319,$GNGSA,A,3,10,12,18,23,24,25,32,28,,,,,1.08,0.48,0.96,1*0B
1784533837.320,$GNGSA,A,3,77,66,76,75,65,88,81,,,,,,1.08,0.48,0.96,2*01
1784533837.321,$GNGSA,A,3,07,13,19,26,27,29,33,,,,,,1.08,0.48,0.96,3*0E
1784533837.322,$GNGSA,A,3,06,07,09,10,13,28,24,,,,,,1.08,0.48,0.96,4*09
1784533837.323,$GPGSV,3,1,12,10,36,345,44,12,20,099,40,13,25,094,33,18,54,177,44,1*67
1784533837.324,$GPGSV,3,2,12,23,53,031,46,24,20,037,37,25,29,139,27,28,36,216,36,1*68
1784533837.326,$GPGSV,3,3,12,32,33,297,38,40,34,258,41,41,62,233,46,42,68,219,43,1*6C
1784533837.328,$GPGSV,3,1,09,10,36,345,39,12,20,099,41,13,25,094,43,18,54,177,44,6*66
1784533837.329,$GPGSV,3,2,09,23,53,031,44,24,20,037,38,25,29,139,30,28,36,216,37,6*6F
1784533837.330,$GPGSV,3,3,09,32,33,297,37,6*53
1784533837.331,$GPGSV,2,1,05,15,04,063,,27,03,271,,29,04,167,,31,07,215,,0*68
1784533837.332,$GPGSV,2,2,05,31,07,215,,0*53
1784533837.333,$GLGSV,2,1,07,65,19,037,37,66,26,344,44,75,18,048,35,76,43,106,47,1*73
1784533837.334,$GLGSV,2,2,07,77,26,165,29,81,39,297,42,88,45,216,42,1*49
1784533837.335,$GLGSV,2,1,05,66,26,344,44,75,18,048,31,76,43,106,46,81,39,297,40,3*76
1784533837.336,$GLGSV,2,2,05,88,45,216,36,3*4E
1784533837.337,$GLGSV,1,1,03,67,07,292,,82,05,329,,87,00,168,,0*42
1784533837.338,$GAGSV,2,1,07,07,32,024,47,13,39,153,42,19,21,261,33,26,82,267,43,2*7C
1784533837.339,$GAGSV,2,2,07,27,20,132,30,29,49,312,38,33,32,323,45,2*4A
1784533837.340,$GAGSV,2,1,05,07,32,024,34,13,39,153,39,19,21,261,26,26,82,267,40,7*74
1784533837.341,$GAGSV,2,2,05,33,32,323,41,7*40
1784533837.342,$GAGSV,1,1,02,21,10,183,,30,09,085,,0*79
1784533837.343,$GBGSV,2,1,08,06,47,049,46,07,78,102,48,08,14,175,21,09,44,008,46,1*7E
1784533837.344,$GBGSV,2,2,08,10,74,147,48,13,36,203,43,24,28,058,38,28,42,242,42,1*77
1784533837.345,$GBGSV,1,1,02,09,44,008,47,10,74,147,48,3*78
1784533837.346,$GBGSV,2,1,06,01,43,108,,02,61,243,,03,73,145,,04,24,096,,0*77
1784533837.347,$GBGSV,2,2,06,04,24,096,,23,25,190,,0*72
1784533837.348,$GNGLL,1451.06697,N,10205.02119,E,075037.00,A,D*76
1784533838.323,$GNRMC,075038.00,A,1451.06697,N,10205.02120,E,0.003,,200726,0.76,W,D,V*5A
1784533838.324,$GNVTG,,T,,M,0.003,N,0.005,K,D*3E
1784533838.325,$GNGGA,075038.00,1451.06697,N,10205.02120,E,2,12,0.48,264.7,M,-24.5,M,,0084*6A
1784533838.326,$GNGSA,A,3,10,12,18,23,24,25,32,28,,,,,1.08,0.48,0.96,1*0B
1784533838.327,$GNGSA,A,3,77,66,76,75,65,88,81,,,,,,1.08,0.48,0.96,2*01
1784533838.328,$GNGSA,A,3,07,13,19,26,27,29,33,,,,,,1.08,0.48,0.96,3*0E
1784533838.328,$GNGSA,A,3,06,07,09,10,13,28,24,,,,,,1.08,0.48,0.96,4*09
1784533838.329,$GPGSV,3,1,12,10,36,345,44,12,20,099,36,13,25,094,35,18,54,177,45,1*61
1784533838.330,$GPGSV,3,2,12,23,53,031,45,24,20,037,38,25,29,139,26,28,36,216,38,1*6B
1784533838.332,$GPGSV,3,3,12,32,33,297,37,40,34,258,40,41,62,233,41,42,68,219,43,1*65
1784533838.333,$GPGSV,3,1,09,10,36,345,40,12,20,099,41,13,25,094,41,18,54,177,45,6*6B
1784533838.334,$GPGSV,3,2,09,23,53,031,44,24,20,037,35,25,29,139,28,28,36,216,37,6*6B
1784533838.335,$GPGSV,3,3,09,32,33,297,37,6*53
1784533838.336,$GPGSV,2,1,05,15,04,064,,27,03,271,,29,04,167,,31,07,215,,0*6F
1784533838.336,$GPGSV,2,2,05,31,07,215,,0*53
1784533838.337,$GLGSV,2,1,07,65,19,037,36,66,26,344,45,75,18,048,32,76,43,106,47,1*74
1784533838.338,$GLGSV,2,2,07,77,26,165,31,81,39,297,38,88,45,216,40,1*4F
1784533838.339,$GLGSV,2,1,05,66,26,344,44,75,18,048,37,76,43,106,47,81,39,297,41,3*70
1784533838.340,$GLGSV,2,2,05,88,45,216,33,3*4B
1784533838.341,$GLGSV,1,1,03,67,07,292,,82,05,329,,87,00,168,,0*42
1784533838.342,$GAGSV,2,1,07,07,32,024,47,13,39,153,45,19,21,261,34,26,82,267,41,2*7E
1784533838.343,$GAGSV,2,2,07,27,20,132,30,29,49,312,38,33,32,323,45,2*4A
1784533838.344,$GAGSV,2,1,05,07,32,024,39,13,39,153,37,19,21,261,24,26,82,267,40,7*75
1784533838.345,$GAGSV,2,2,05,33,32,323,41,7*40
1784533838.346,$GAGSV,1,1,02,21,10,183,,30,09,085,,0*79
1784533838.347,$GBGSV,2,1,08,06,47,049,45,07,78,102,48,08,14,175,21,09,44,008,45,1*7E
1784533838.348,$GBGSV,2,2,08,10,74,147,47,13,36,203,42,24,28,058,35,28,42,242,43,1*75
1784533838.349,$GBGSV,1,1,02,09,44,008,47,10,74,147,47,3*77
1784533838.350,$GBGSV,2,1,06,01,43,108,,02,61,243,,03,73,145,,04,24,096,,0*77
1784533838.351,$GBGSV,2,2,06,04,24,096,,23,25,190,,0*72
1784533838.352,$GNGLL,1451.06697,N,10205.02120,E,075038.00,A,D*73
1784533839.324,$GNRMC,075039.00,A,1451.06698,N,10205.02120,E,0.018,,200726,0.76,W,D,V*5E
1784533839.325,$GNVTG,,T,,M,0.018,N,0.033,K,D*31
1784533839.327,$GNGGA,075039.00,1451.06698,N,10205.02120,E,2,12,0.48,264.6,M,-24.5,M,,0084*65
1784533839.328,$GNGSA,A,3,10,12,18,23,24,25,32,28,,,,,1.08,0.48,0.96,1*0B
1784533839.328,$GNGSA,A,3,77,66,76,75,65,88,81,,,,,,1.08,0.48,0.96,2*01
1784533839.329,$GNGSA,A,3,07,13,19,26,27,29,33,,,,,,1.08,0.48,0.96,3*0E
1784533839.330,$GNGSA,A,3,06,07,09,10,13,28,24,,,,,,1.08,0.48,0.96,4*09
1784533839.331,$GPGSV,3,1,12,10,36,345,44,12,20,099,36,13,25,094,36,18,54,177,44,1*63
1784533839.332,$GPGSV,3,2,12,23,53,031,45,24,20,037,38,25,29,139,28,28,36,216,40,1*6A
1784533839.334,$GPGSV,3,3,12,32,33,297,37,40,34,258,40,41,62,233,46,42,68,219,43,1*62
1784533839.335,$GPGSV,3,1,09,10,36,345,40,12,20,099,41,13,25,094,43,18,54,177,44,6*68
1784533839.336,$GPGSV,3,2,09,23,53,031,45,24,20,037,38,25,29,139,27,28,36,216,37,6*68
1784533839.337,$GPGSV,3,3,09,32,33,297,37,6*53
1784533839.338,$GPGSV,2,1,05,15,04,064,,27,03,271,,29,04,167,,31,07,215,,0*6F
1784533839.338,$GPGSV,2,2,05,31,07,215,,0*53
1784533839.340,$GLGSV,2,1,07,65,19,037,40,66,26,344,45,75,18,048,28,76,43,106,47,1*7E
1784533839.341,$GLGSV,2,2,07,77,26,165,34,81,39,297,41,88,45,216,39,1*4A
1784533839.342,$GLGSV,2,1,05,66,26,344,43,75,18,048,31,76,43,106,47,81,39,297,41,3*71
1784533839.343,$GLGSV,2,2,05,88,45,216,28,3*41
1784533839.343,$GLGSV,1,1,03,67,07,292,,82,05,329,,87,00,168,,0*42
1784533839.345,$GAGSV,2,1,07,07,32,024,48,13,39,153,44,19,21,261,34,26,82,267,41,2*70
1784533839.346,$GAGSV,2,2,07,27,20,132,30,29,49,312,41,33,32,323,45,2*44
1784533839.347,$GAGSV,2,1,06,07,32,024,38,13,39,153,40,26,82,267,38,27,20,132,27,7*72
1784533839.348,$GAGSV,2,2,06,29,49,312,32,33,32,323,42,7*77
1784533839.348,$GAGSV,1,1,02,21,10,183,,30,09,085,,0*79
1784533839.350,$GBGSV,2,1,08,06,47,049,47,07,78,102,48,08,14,175,20,09,44,008,43,1*7B
1784533839.351,$GBGSV,2,2,08,10,74,147,47,13,36,203,42,24,28,058,37,28,42,242,44,1*70
1784533839.352,$GBGSV,1,1,02,09,44,008,47,10,74,147,47,3*77
1784533839.353,$GBGSV,2,1,06,01,43,108,,02,61,243,,03,73,145,,04,24,096,,0*77
1784533839.354,$GBGSV,2,2,06,04,24,096,,23,25,190,,0*72
1784533839.354,$GNGLL,1451.06698,N,10205.02120,E,075039.00,A,D*7D
1784533840.326,$GNRMC,075040.00,A,1451.06698,N,10205.02120,E,0.003,,200726,0.76,W,D,V*5A
1784533840.327,$GNVTG,,T,,M,0.003,N,0.005,K,D*3E
1784533840.328,$GNGGA,075040.00,1451.06698,N,10205.02120,E,2,12,0.48,264.6,M,-24.5,M,,0084*6B
1784533840.329,$GNGSA,A,3,10,12,18,23,24,25,32,28,,,,,1.08,0.48,0.96,1*0B
1784533840.330,$GNGSA,A,3,77,66,76,75,65,88,81,,,,,,1.08,0.48,0.96,2*01
1784533840.331,$GNGSA,A,3,07,13,19,26,27,29,33,,,,,,1.08,0.48,0.96,3*0E
1784533840.332,$GNGSA,A,3,06,07,09,10,13,28,24,,,,,,1.08,0.48,0.96,4*09
1784533840.333,$GPGSV,3,1,12,10,36,345,44,12,20,099,39,13,25,094,35,18,54,177,44,1*6F
1784533840.335,$GPGSV,3,2,12,23,53,031,44,24,20,037,37,25,29,139,25,28,36,216,38,1*66
1784533840.336,$GPGSV,3,3,12,32,33,297,37,40,34,258,39,41,62,233,47,42,68,219,44,1*6A
1784533840.338,$GPGSV,3,1,09,10,36,345,40,12,20,099,41,13,25,094,43,18,54,177,42,6*6E
1784533840.339,$GPGSV,3,2,09,23,53,031,45,24,20,037,38,25,29,139,32,28,36,216,37,6*6C
1784533840.340,$GPGSV,3,3,09,32,33,297,37,6*53
1784533840.341,$GPGSV,2,1,05,15,04,064,,27,03,271,,29,04,167,,31,07,215,,0*6F
1784533840.342,$GPGSV,2,2,05,31,07,215,,0*53
1784533840.343,$GLGSV,2,1,07,65,19,037,38,66,26,344,44,75,18,048,34,76,43,106,46,1*7C
1784533840.344,$GLGSV,2,2,07,77,26,165,31,81,39,297,40,88,45,216,38,1*4F
1784533840.345,$GLGSV,2,1,05,66,26,344,44,75,18,048,23,76,43,106,47,81,39,297,43,3*77
1784533840.346,$GLGSV,2,2,05,88,45,216,35,3*4D
1784533840.347,$GLGSV,1,1,03,67,07,292,,82,05,329,,87,00,168,,0*42
1784533840.348,$GAGSV,2,1,07,07,32,024,48,13,39,153,42,19,21,261,33,26,82,267,43,2*73
1784533840.349,$GAGSV,2,2,07,27,20,132,31,29,49,312,38,33,32,323,43,2*4D
1784533840.351,$GAGSV,2,1,07,07,32,024,38,13,39,153,39,19,21,261,25,26,82,267,33,7*7D
1784533840.352,$GAGSV,2,2,07,27,20,132,25,29,49,312,31,33,32,323,41,7*46
1784533840.353,$GAGSV,1,1,02,21,10,183,,30,09,085,,0*79
1784533840.354,$GBGSV,2,1,08,06,47,049,47,07,78,102,47,08,14,175,18,09,44,008,43,1*7F
1784533840.355,$GBGSV,2,2,08,10,74,147,47,13,36,203,40,24,28,058,37,28,42,242,44,1*72
1784533840.356,$GBGSV,1,1,02,09,44,008,46,10,74,147,48,3*79
1784533840.357,$GBGSV,2,1,06,01,43,108,,02,61,243,,03,73,145,,04,24,096,,0*77
1784533840.358,$GBGSV,2,2,06,04,24,096,,23,25,190,,0*72
1784533840.359,$GNGLL,1451.06698,N,10205.02120,E,075040.00,A,D*73
1784533841.328,$GNRMC,075041.00,A,1451.06699,N,10205.02120,E,0.013,,200726,0.76,W,D,V*5B
1784533841.329,$GNVTG,,T,,M,0.013,N,0.024,K,D*3C
1784533841.330,$GNGGA,075041.00,1451.06699,N,10205.02120,E,2,12,0.48,264.5,M,-24.5,M,,0084*68
1784533841.331,$GNGSA,A,3,10,12,18,23,24,25,32,28,,,,,1.08,0.48,0.96,1*0B
1784533841.332,$GNGSA,A,3,77,66,76,75,65,88,81,,,,,,1.08,0.48,0.96,2*01
1784533841.333,$GNGSA,A,3,07,13,19,26,27,29,33,,,,,,1.08,0.48,0.96,3*0E
1784533841.334,$GNGSA,A,3,06,07,09,10,13,28,24,,,,,,1.08,0.48,0.96,4*09
1784533841.335,$GPGSV,3,1,12,10,36,345,45,12,20,099,37,13,25,094,37,18,53,177,43,1*62
1784533841.336,$GPGSV,3,2,12,23,53,031,44,24,20,037,39,25,29,139,26,28,36,216,31,1*62
1784533841.338,$GPGSV,3,3,12,32,33,297,40,40,34,258,41,41,62,233,47,42,68,219,45,1*64
1784533841.339,$GPGSV,3,1,09,10,36,345,41,12,20,099,41,13,25,094,44,18,53,177,42,6*6F
1784533841.340,$GPGSV,3,2,09,23,53,031,44,24,20,037,37,25,29,139,31,28,36,216,37,6*61
1784533841.341,$GPGSV,3,3,09,32,33,297,37,6*53
1784533841.342,$GPGSV,2,1,05,15,04,064,,27,03,271,,29,04,167,,31,07,215,,0*6F
1784533841.343,$GPGSV,2,2,05,31,07,215,,0*53
1784533841.344,$GLGSV,2,1,07,65,19,037,41,66,26,344,45,75,18,048,29,76,43,106,46,1*7F
1784533841.345,$GLGSV,2,2,07,77,26,165,31,81,39,297,39,88,45,216,40,1*4E
1784533841.347,$GLGSV,2,1,05,66,26,344,44,75,18,048,25,76,43,106,47,81,39,297,41,3*73
1784533841.347,$GLGSV,2,2,05,88,45,216,37,3*4F
1784533841.348,$GLGSV,1,1,03,67,07,292,,82,05,329,,87,00,168,,0*42
1784533841.350,$GAGSV,2,1,07,07,32,024,47,13,39,153,42,19,21,261,32,26,82,267,44,2*7A
1784533841.351,$GAGSV,2,2,07,27,20,132,32,29,49,312,39,33,32,323,43,2*4F
1784533841.352,$GAGSV,2,1,07,07,32,024,39,13,39,153,39,19,21,261,25,26,82,267,36,7*79
1784533841.353,$GAGSV,2,2,07,27,20,132,25,29,49,312,32,33,32,323,41,7*45
1784533841.354,$GAGSV,1,1,02,21,10,183,,30,09,085,,0*79
1784533841.355,$GBGSV,2,1,08,06,47,049,48,07,78,102,48,08,14,175,17,09,44,008,44,1*77
1784533841.356,$GBGSV,2,2,08,10,74,147,47,13,36,203,37,24,28,058,38,28,42,242,44,1*7D
1784533841.357,$GBGSV,1,1,02,09,44,008,46,10,74,147,47,3*76
1784533841.359,$GBGSV,2,1,06,01,43,108,,02,61,243,,03,73,145,,04,24,096,,0*77
1784533841.359,$GBGSV,2,2,06,04,24,096,,23,25,190,,0*72
1784533841.360,$GNGLL,1451.06699,N,10205.02120,E,075041.00,A,D*73
1784533842.324,$GNRMC,075042.00,A,1451.06699,N,10205.02120,E,0.010,,200726,0.76,W,D,V*5B
1784533842.325,$GNVTG,,T,,M,0.010,N,0.019,K,D*31
1784533842.326,$GNGGA,075042.00,1451.06699,N,10205.02120,E,2,12,0.48,264.4,M,-24.5,M,,0084*6A
1784533842.327,$GNGSA,A,3,10,12,18,23,24,25,32,28,,,,,1.08,0.48,0.96,1*0B
1784533842.328,$GNGSA,A,3,77,66,76,75,65,88,81,,,,,,1.08,0.48,0.96,2*01
1784533842.329,$GNGSA,A,3,07,13,19,26,27,29,33,,,,,,1.08,0.48,0.96,3*0E
1784533842.330,$GNGSA,A,3,06,07,09,10,13,28,24,,,,,,1.08,0.48,0.96,4*09
1784533842.331,$GPGSV,3,1,12,10,36,345,44,12,20,099,37,13,25,094,36,18,53,177,45,1*64
1784533842.333,$GPGSV,3,2,12,23,53,031,44,24,20,037,37,25,29,139,26,28,36,216,31,1*6C
1784533842.334,$GPGSV,3,3,12,32,33,297,36,40,34,258,41,41,62,233,46,42,68,219,42,1*63
1784533842.335,$GPGSV,3,1,09,10,36,345,39,12,20,099,42,13,25,094,43,18,53,177,46,6*60
1784533842.337,$GPGSV,3,2,09,23,53,031,45,24,20,037,34,25,29,139,29,28,36,216,34,6*69
1784533842.337,$GPGSV,3,3,09,32,33,297,37,6*53
1784533842.338,$GPGSV,2,1,05,15,04,064,,27,03,271,,29,04,167,,31,07,215,,0*6F
1784533842.339,$GPGSV,2,2,05,31,07,215,,0*53
1784533842.340,$GLGSV,2,1,07,65,19,037,40,66,26,344,45,75,18,048,29,76,43,106,45,1*7D
1784533842.342,$GLGSV,2,2,07,77,26,165,30,81,39,297,35,88,45,216,36,1*42
1784533842.343,$GLGSV,2,1,05,66,26,344,43,75,18,048,31,76,43,106,46,81,39,297,41,3*70
1784533842.344,$GLGSV,2,2,05,88,45,216,34,3*4C
1784533842.345,$GLGSV,1,1,03,67,07,292,,82,05,329,,87,00,168,,0*42
1784533842.346,$GAGSV,2,1,07,07,32,024,47,13,39,153,43,19,21,261,33,26,82,267,42,2*7C
1784533842.347,$GAGSV,2,2,07,27,20,132,31,29,49,312,39,33,32,323,41,2*4E
1784533842.348,$GAGSV,2,1,06,07,32,024,40,13,39,153,39,19,21,261,24,26,82,267,39,7*78
1784533842.349,$GAGSV,2,2,06,29,49,312,24,33,32,323,42,7*70
1784533842.350,$GAGSV,1,1,02,21,10,183,,30,09,085,,0*79
1784533842.351,$GBGSV,2,1,08,06,47,049,47,07,78,102,48,08,14,175,18,09,44,008,43,1*70
1784533842.353,$GBGSV,2,2,08,10,74,147,47,13,36,203,39,24,28,058,40,28,42,242,44,1*7C
1784533842.353,$GBGSV,1,1,02,09,44,008,47,10,74,147,47,3*77
1784533842.354,$GBGSV,2,1,06,01,43,108,,02,61,243,,03,73,145,,04,24,096,,0*77
1784533842.355,$GBGSV,2,2,06,04,24,096,,23,25,190,,0*72
1784533842.356,$GNGLL,1451.06699,N,10205.02120,E,075042.00,A,D*70
1784533843.323,$GNRMC,075043.00,A,1451.06699,N,10205.02120,E,0.007,,200726,0.76,W,D,V*5C
1784533843.324,$GNVTG,,T,,M,0.007,N,0.013,K,D*3D
1784533843.326,$GNGGA,075043.00,1451.06699,N,10205.02120,E,2,12,0.48,264.4,M,-24.5,M,,0084*6B
1784533843.326,$GNGSA,A,3,10,12,18,23,24,25,32,28,,,,,1.08,0.48,0.96,1*0B
1784533843.327,$GNGSA,A,3,77,66,76,75,65,88,81,,,,,,1.08,0.48,0.96,2*01
1784533843.328,$GNGSA,A,3,07,13,19,26,27,29,33,,,,,,1.08,0.48,0.96,3*0E
1784533843.329,$GNGSA,A,3,06,07,09,10,13,28,24,,,,,,1.08,0.48,0.96,4*09
1784533843.330,$GPGSV,3,1,12,10,36,345,44,12,20,099,37,13,25,094,40,18,53,177,43,1*63
1784533843.331,$GPGSV,3,2,12,23,53,031,45,24,20,037,37,25,29,139,27,28,36,216,34,1*69
1784533843.332,$GPGSV,3,3,12,32,33,297,35,40,34,258,41,41,62,233,44,42,68,219,43,1*63
1784533843.333,$GPGSV,3,1,09,10,36,345,39,12,20,099,41,13,25,094,43,18,53,177,45,6*60
1784533843.334,$GPGSV,3,2,09,23,53,031,44,24,20,037,35,25,29,139,28,28,36,216,34,6*68
1784533843.335,$GPGSV,3,3,09,32,33,297,33,6*57
1784533843.336,$GPGSV,2,1,05,15,04,064,,27,03,271,,29,04,167,,31,07,215,,0*6F
1784533843.337,$GPGSV,2,2,05,31,07,215,,0*53
1784533843.338,$GLGSV,2,1,07,65,19,037,40,66,26,344,46,75,18,048,29,76,43,106,47,1*7C
1784533843.339,$GLGSV,2,2,07,77,26,165,30,81,39,297,39,88,45,216,38,1*40
1784533843.340,$GLGSV,2,1,05,66,26,344,43,75,18,048,27,76,43,106,46,81,39,297,38,3*79
1784533843.340,$GLGSV,2,2,05,88,45,216,35,3*4D
1784533843.341,$GLGSV,1,1,03,67,07,292,,82,05,329,,87,00,168,,0*42
1784533843.342,$GAGSV,2,1,07,07,32,024,48,13,39,153,41,19,21,261,34,26,82,267,43,2*77
1784533843.343,$GAGSV,2,2,07,27,20,132,31,29,49,312,39,33,32,323,43,2*4C
1784533843.344,$GAGSV,2,1,06,07,32,024,39,13,39,153,38,19,21,261,23,26,82,267,39,7*70
1784533843.345,$GAGSV,2,2,06,29,49,312,32,33,32,323,39,7*7B
1784533843.346,$GAGSV,1,1,02,21,10,183,,30,09,085,,0*79
1784533843.347,$GBGSV,2,1,08,06,47,049,47,07,78,102,47,08,14,175,20,09,44,008,43,1*74
1784533843.348,$GBGSV,2,2,08,10,74,147,46,13,36,203,39,24,28,058,36,28,42,242,46,1*7E
1784533843.349,$GBGSV,1,1,02,09,44,008,47,10,74,147,46,3*76
1784533843.350,$GBGSV,2,1,06,01,43,108,,02,61,243,,03,73,145,,04,24,096,,0*77
1784533843.351,$GBGSV,2,2,06,04,24,096,,23,25,190,,0*72
1784533843.352,$GNGLL,1451.06699,N,10205.02120,E,075043.00,A,D*71
1784533844.328,$GNRMC,075044.00,A,1451.06700,N,10205.02118,E,0.011,,200726,0.76,W,D,V*56
1784533844.329,$GNVTG,,T,,M,0.011,N,0.020,K,D*3A
1784533844.330,$GNGGA,075044.00,1451.06700,N,10205.02118,E,2,12,0.48,264.4,M,-24.5,M,,0084*66
1784533844.330,$GNGSA,A,3,10,12,18,23,24,25,32,28,,,,,1.08,0.48,0.96,1*0B
1784533844.331,$GNGSA,A,3,77,66,76,75,65,88,81,,,,,,1.08,0.48,0.96,2*01
1784533844.332,$GNGSA,A,3,07,13,19,26,27,29,33,,,,,,1.08,0.48,0.96,3*0E
1784533844.333,$GNGSA,A,3,06,07,09,10,13,28,24,,,,,,1.08,0.48,0.96,4*09
1784533844.333,$GPGSV,3,1,12,10,36,345,44,12,20,099,40,13,25,094,36,18,53,177,42,1*63
1784533844.335,$GPGSV,3,2,12,23,53,031,46,24,20,037,37,25,29,139,27,28,36,216,36,1*68
1784533844.336,$GPGSV,3,3,12,32,33,297,38,40,34,258,40,41,62,233,45,42,68,219,42,1*6F
1784533844.337,$GPGSV,3,1,09,10,36,345,40,12,20,099,41,13,25,094,42,18,53,177,46,6*6C
1784533844.338,$GPGSV,3,2,09,23,53,031,45,24,20,037,37,25,29,139,30,28,36,216,35,6*63
1784533844.339,$GPGSV,3,3,09,32,33,297,36,6*52
1784533844.339,$GPGSV,2,1,05,15,04,064,,27,03,271,,29,04,167,,31,07,215,,0*6F
1784533844.340,$GPGSV,2,2,05,31,07,215,,0*53
1784533844.341,$GLGSV,2,1,07,65,19,037,38,66,26,344,46,75,18,048,32,76,43,106,47,1*79
1784533844.342,$GLGSV,2,2,07,77,26,165,29,81,39,297,34,88,45,216,38,1*45
1784533844.343,$GLGSV,2,1,05,66,26,344,44,75,18,048,35,76,43,106,46,81,39,297,39,3*7C
1784533844.344,$GLGSV,2,2,05,88,45,216,34,3*4C
1784533844.345,$GLGSV,1,1,03,67,07,292,,82,05,329,,87,00,168,,0*42
1784533844.346,$GAGSV,2,1,07,07,32,024,48,13,39,153,42,19,21,261,36,26,82,267,44,2*71
1784533844.346,$GAGSV,2,2,07,27,20,132,31,29,49,312,41,33,32,323,43,2*43
1784533844.348,$GAGSV,2,1,06,07,32,024,41,13,39,153,41,19,21,261,21,26,82,267,40,7*7D
1784533844.348,$GAGSV,2,2,06,29,49,312,35,33,32,323,39,7*7C
1784533844.349,$GAGSV,1,1,02,21,10,183,,30,09,085,,0*79
1784533844.350,$GBGSV,2,1,08,06,47,049,47,07,78,102,47,08,14,175,29,09,44,008,43,1*7D
1784533844.351,$GBGSV,2,2,08,10,74,147,47,13,36,203,39,24,28,058,39,28,42,242,46,1*70
1784533844.352,$GBGSV,1,1,02,09,44,008,46,10,74,147,48,3*79
1784533844.353,$GBGSV,2,1,06,01,43,108,,02,61,243,,03,73,145,,04,24,096,,0*77
1784533844.354,$GBGSV,2,2,06,04,24,096,,23,25,190,,0*72
1784533844.354,$GNGLL,1451.06700,N,10205.02118,E,075044.00,A,D*7C
1784533845.325,$GNRMC,075045.00,A,1451.06700,N,10205.02116,E,0.019,,200726,0.76,W,D,V*51
1784533845.326,$GNVTG,,T,,M,0.019,N,0.034,K,D*37
1784533845.327,$GNGGA,075045.00,1451.06700,N,10205.02116,E,2,12,0.48,264.5,M,-24.5,M,,0084*68
1784533845.328,$GNGSA,A,3,10,12,18,23,24,25,32,28,,,,,1.08,0.48,0.96,1*0B
1784533845.329,$GNGSA,A,3,77,66,76,75,65,88,81,,,,,,1.08,0.48,0.96,2*01
1784533845.330,$GNGSA,A,3,07,13,19,26,27,29,33,,,,,,1.08,0.48,0.96,3*0E
1784533845.330,$GNGSA,A,3,06,07,09,10,13,28,24,,,,,,1.08,0.48,0.96,4*09
1784533845.331,$GPGSV,3,1,12,10,36,345,44,12,20,099,40,13,25,094,35,18,53,177,43,1*61
1784533845.332,$GPGSV,3,2,12,23,53,031,45,24,20,037,37,25,29,139,33,28,36,216,36,1*6E
1784533845.334,$GPGSV,3,3,12,32,33,297,38,40,34,258,41,41,62,233,45,42,68,219,42,1*6E
1784533845.335,$GPGSV,3,1,09,10,36,345,40,12,20,099,41,13,25,094,44,18,53,177,46,6*6A
1784533845.336,$GPGSV,3,2,09,23,53,031,46,24,20,037,37,25,29,139,31,28,36,216,38,6*6C
1784533845.336,$GPGSV,3,3,09,32,33,297,37,6*53
1784533845.337,$GPGSV,2,1,05,15,04,064,,27,03,271,,29,04,167,,31,07,215,,0*6F
1784533845.338,$GPGSV,2,2,05,31,07,215,,0*53
1784533845.339,$GLGSV,2,1,07,65,19,037,37,66,26,344,46,75,18,048,26,76,43,106,47,1*73
1784533845.340,$GLGSV,2,2,07,77,26,165,27,81,39,297,34,88,45,216,38,1*4B
1784533845.341,$GLGSV,2,1,05,66,26,344,44,75,18,048,35,76,43,106,47,81,39,297,39,3*7D
1784533845.341,$GLGSV,2,2,05,88,45,216,33,3*4B
1784533845.342,$GLGSV,1,1,03,67,07,292,,82,05,329,,87,00,168,,0*42
1784533845.343,$GAGSV,2,1,07,07,32,024,49,13,39,153,43,19,21,261,36,26,82,267,43,2*76
1784533845.344,$GAGSV,2,2,07,27,20,132,30,29,49,312,39,33,32,323,43,2*4D
1784533845.345,$GAGSV,2,1,06,07,32,024,39,13,39,153,39,19,21,261,22,26,82,267,39,7*70
1784533845.346,$GAGSV,2,2,06,29,49,312,32,33,32,323,40,7*75
1784533845.347,$GAGSV,1,1,02,21,10,183,,30,09,085,,0*79
1784533845.348,$GBGSV,2,1,08,06,47,049,45,07,78,102,47,08,14,175,30,09,44,008,44,1*70
1784533845.349,$GBGSV,2,2,08,10,74,147,47,13,36,203,39,24,28,058,41,28,42,242,45,1*7C
1784533845.350,$GBGSV,1,1,02,09,44,008,47,10,74,147,47,3*77
1784533845.350,$GBGSV,2,1,06,01,43,108,,02,61,243,,03,73,145,,04,24,096,,0*77
1784533845.351,$GBGSV,2,2,06,04,24,096,,23,25,190,,0*72
1784533845.352,$GNGLL,1451.06700,N,10205.02116,E,075045.00,A,D*73
1784533846.320,$GNRMC,075046.00,A,1451.06701,N,10205.02115,E,0.015,,200726,0.76,W,D,V*5C
1784533846.321,$GNVTG,,T,,M,0.015,N,0.027,K,D*39
1784533846.322,$GNGGA,075046.00,1451.06701,N,10205.02115,E,2,12,0.48,264.5,M,-24.5,M,,0084*69
1784533846.323,$GNGSA,A,3,10,12,18,23,24,25,32,28,,,,,1.08,0.48,0.96,1*0B
1784533846.323,$GNGSA,A,3,77,66,76,75,65,88,81,,,,,,1.08,0.48,0.96,2*01
1784533846.324,$GNGSA,A,3,07,13,19,26,27,29,33,,,,,,1.08,0.48,0.96,3*0E
1784533846.325,$GNGSA,A,3,06,07,09,10,13,28,24,,,,,,1.08,0.48,0.96,4*09
1784533846.326,$GPGSV,3,1,12,10,36,345,42,12,20,099,39,13,25,094,38,18,53,177,44,1*63
1784533846.327,$GPGSV,3,2,12,23,53,033,46,24,20,037,37,25,29,139,31,28,36,216,37,1*6C
1784533846.328,$GPGSV,3,3,12,32,33,297,38,40,34,258,41,41,62,233,43,42,68,219,42,1*68
1784533846.329,$GPGSV,3,1,09,10,36,345,39,12,20,099,41,13,25,094,44,18,53,177,47,6*65
1784533846.330,$GPGSV,3,2,09,23,53,033,45,24,20,037,37,25,29,139,27,28,36,216,39,6*6B
1784533846.331,$GPGSV,3,3,09,32,33,297,37,6*53
1784533846.331,$GPGSV,2,1,05,15,04,064,,27,03,271,,29,04,167,,31,07,215,,0*6F
1784533846.332,$GPGSV,2,2,05,31,07,215,,0*53
1784533846.333,$GLGSV,2,1,07,65,19,037,37,66,26,344,47,75,18,048,30,76,43,106,47,1*75
1784533846.334,$GLGSV,2,2,07,77,26,165,31,81,39,297,37,88,45,216,38,1*4F
1784533846.335,$GLGSV,2,1,05,66,26,344,44,75,18,048,35,76,43,106,48,81,39,297,37,3*7C
1784533846.336,$GLGSV,2,2,05,88,45,216,33,3*4B
1784533846.337,$GLGSV,1,1,03,67,07,292,,82,05,329,,87,00,168,,0*42
1784533846.338,$GAGSV,2,1,07,07,32,024,48,13,39,153,43,19,21,261,36,26,82,267,42,2*76
1784533846.338,$GAGSV,2,2,07,27,20,132,30,29,49,312,38,33,32,323,43,2*4C
1784533846.339,$GAGSV,2,1,06,07,32,024,37,13,39,153,39,19,21,261,21,26,82,267,40,7*73
1784533846.340,$GAGSV,2,2,06,29,49,312,32,33,32,323,40,7*75
1784533846.341,$GAGSV,1,1,02,21,10,183,,30,09,085,,0*79
1784533846.342,$GBGSV,2,1,08,06,47,049,45,07,78,102,48,08,14,175,19,09,44,008,44,1*74
1784533846.343,$GBGSV,2,2,08,10,74,147,47,13,36,203,39,24,28,058,40,28,42,242,45,1*7D
1784533846.344,$GBGSV,1,1,02,09,44,008,47,10,74,147,47,3*77
1784533846.345,$GBGSV,2,1,06,01,43,108,,02,61,243,,03,73,145,,04,24,096,,0*77
1784533846.345,$GBGSV,2,2,06,04,24,096,,23,25,190,,0*72
1784533846.346,$GNGLL,1451.06701,N,10205.02115,E,075046.00,A,D*72
1784533847.328,$GNRMC,075047.00,A,1451.06701,N,10205.02115,E,0.011,,200726,0.76,W,D,V*59
1784533847.329,$GNVTG,,T,,M,0.011,N,0.020,K,D*3A
1784533847.330,$GNGGA,075047.00,1451.06701,N,10205.02115,E,2,12,0.48,264.4,M,-24.5,M,,0084*69
1784533847.331,$GNGSA,A,3,10,12,18,23,24,25,32,28,,,,,1.08,0.48,0.96,1*0B
1784533847.331,$GNGSA,A,3,77,66,76,75,65,88,81,,,,,,1.08,0.48,0.96,2*01
1784533847.332,$GNGSA,A,3,07,13,19,26,27,29,33,,,,,,1.08,0.48,0.96,3*0E
1784533847.333,$GNGSA,A,3,06,07,09,10,13,28,24,,,,,,1.08,0.48,0.96,4*09
1784533847.334,$GPGSV,3,1,12,10,36,345,45,12,20,099,38,13,25,094,39,18,53,177,44,1*64
1784533847.335,$GPGSV,3,2,12,23,53,033,45,24,19,037,36,25,29,139,25,28,36,216,37,1*61
1784533847.336,$GPGSV,3,3,12,32,33,297,36,40,34,258,41,41,62,233,44,42,68,219,42,1*61
1784533847.337,$GPGSV,3,1,09,10,36,345,40,12,20,099,41,13,25,094,44,18,53,177,46,6*6A
1784533847.338,$GPGSV,3,2,09,23,53,033,45,24,19,037,36,25,29,139,30,28,36,216,38,6*67
1784533847.339,$GPGSV,3,3,09,32,33,297,36,6*52
1784533847.339,$GPGSV,2,1,05,15,04,064,,27,03,271,,29,04,167,,31,07,215,,0*6F
1784533847.340,$GPGSV,2,2,05,31,07,215,,0*53
1784533847.341,$GLGSV,2,1,07,65,19,037,37,66,26,344,46,75,18,048,22,76,43,106,48,1*78
1784533847.342,$GLGSV,2,2,07,77,26,165,29,81,39,297,35,88,45,216,38,1*44
1784533847.343,$GLGSV,2,1,05,66,26,344,44,75,18,048,34,76,43,106,46,81,39,297,42,3*71
1784533847.344,$GLGSV,2,2,05,88,45,216,33,3*4B
1784533847.345,$GLGSV,1,1,03,67,07,292,,82,05,329,,87,00,168,,0*42
1784533847.346,$GAGSV,2,1,07,07,32,024,48,13,39,153,44,19,21,261,36,26,82,267,43,2*70
1784533847.346,$GAGSV,2,2,07,27,20,132,30,29,49,312,36,33,32,323,44,2*45
1784533847.347,$GAGSV,2,1,06,07,32,024,37,13,39,153,41,19,21,261,21,26,82,267,38,7*73
1784533847.348,$GAGSV,2,2,06,29,49,312,30,33,32,323,42,7*75
1784533847.349,$GAGSV,1,1,02,21,10,183,,30,09,085,,0*79
1784533847.350,$GBGSV,2,1,08,06,47,049,46,07,78,102,47,08,14,175,17,09,44,008,44,1*76
1784533847.351,$GBGSV,2,2,08,10,74,147,47,13,36,203,40,24,28,058,38,28,42,242,45,1*7C
1784533847.352,$GBGSV,1,1,02,09,44,008,46,10,74,147,47,3*76
1784533847.353,$GBGSV,2,1,06,01,43,108,,02,61,243,,03,73,145,,04,24,096,,0*77
1784533847.353,$GBGSV,2,2,06,04,24,096,,23,25,190,,0*72
1784533847.354,$GNGLL,1451.06701,N,10205.02115,E,075047.00,A,D*73
1784533848.331,$GNRMC,075048.00,A,1451.06701,N,10205.02113,E,0.007,,200726,0.76,W,D,V*57
1784533848.332,$GNVTG,,T,,M,0.007,N,0.012,K,D*3C
1784533848.334,$GNGGA,075048.00,1451.06701,N,10205.02113,E,2,12,0.48,264.5,M,-24.5,M,,0084*61
1784533848.335,$GNGSA,A,3,10,12,18,23,24,25,32,28,,,,,1.08,0.48,0.96,1*0B
1784533848.335,$GNGSA,A,3,77,66,76,75,65,88,81,,,,,,1.08,0.48,0.96,2*01
1784533848.336,$GNGSA,A,3,07,13,19,26,27,29,33,,,,,,1.08,0.48,0.96,3*0E
1784533848.337,$GNGSA,A,3,06,07,09,10,13,28,24,,,,,,1.08,0.48,0.96,4*09
1784533848.338,$GPGSV,3,1,12,10,36,345,46,12,20,099,40,13,25,094,38,18,53,177,44,1*69
1784533848.339,$GPGSV,3,2,12,23,53,033,44,24,19,037,36,25,29,139,23,28,36,216,39,1*68
1784533848.340,$GPGSV,3,3,12,32,33,297,40,40,34,258,42,41,62,233,44,42,68,219,44,1*65
1784533848.341,$GPGSV,3,1,09,10,36,345,40,12,20,099,41,13,25,094,44,18,53,177,46,6*6A
1784533848.342,$GPGSV,3,2,09,23,53,033,45,24,19,037,37,25,29,139,28,28,36,216,38,6*6F
1784533848.343,$GPGSV,3,3,09,32,33,297,36,6*52
1784533848.344,$GPGSV,2,1,05,15,04,064,,27,03,271,,29,04,167,,31,07,215,,0*6F
1784533848.344,$GPGSV,2,2,05,31,07,215,,0*53
1784533848.345,$GLGSV,2,1,07,65,19,037,37,66,26,344,45,75,18,048,30,76,43,106,48,1*78
1784533848.346,$GLGSV,2,2,07,77,26,165,29,81,39,297,34,88,45,216,41,1*4B
1784533848.347,$GLGSV,2,1,05,66,26,344,43,75,18,048,37,76,43,106,46,81,39,297,41,3*76
1784533848.348,$GLGSV,2,2,05,88,45,216,32,3*4A
1784533848.349,$GLGSV,1,1,03,67,07,292,,82,05,329,,87,00,168,,0*42
1784533848.350,$GAGSV,2,1,07,07,32,024,47,13,39,153,44,19,21,261,35,26,82,267,43,2*7C
1784533848.351,$GAGSV,2,2,07,27,20,132,31,29,49,312,35,33,32,323,43,2*40
1784533848.352,$GAGSV,2,1,06,07,32,024,37,13,39,153,41,19,21,261,21,26,82,267,41,7*7D
1784533848.352,$GAGSV,2,2,06,29,49,312,30,33,32,323,41,7*76
1784533848.353,$GAGSV,1,1,02,21,10,183,,30,09,085,,0*79
1784533848.354,$GBGSV,2,1,08,06,47,049,45,07,78,102,47,08,14,175,19,09,44,008,43,1*7C
1784533848.355,$GBGSV,2,2,08,10,74,147,47,13,36,203,40,24,28,058,35,28,42,242,45,1*71
1784533848.356,$GBGSV,1,1,02,09,44,008,47,10,74,147,47,3*77
1784533848.357,$GBGSV,2,1,06,01,43,108,,02,61,243,,03,73,145,,04,24,096,,0*77
1784533848.358,$GBGSV,2,2,06,04,24,096,,23,25,190,,0*72
1784533848.358,$GNGLL,1451.06701,N,10205.02113,E,075048.00,A,D*7A
1784533849.328,$GNRMC,075049.00,A,1451.06702,N,10205.02113,E,0.010,,200726,0.76,W,D,V*53
1784533849.329,$GNVTG,,T,,M,0.010,N,0.018,K,D*30
1784533849.330,$GNGGA,075049.00,1451.06702,N,10205.02113,E,2,12,0.48,264.4,M,-24.5,M,,0084*62
1784533849.331,$GNGSA,A,3,10,12,18,23,24,25,32,28,,,,,1.08,0.48,0.96,1*0B
1784533849.332,$GNGSA,A,3,77,66,76,75,65,88,81,,,,,,1.08,0.48,0.96,2*01
1784533849.332,$GNGSA,A,3,07,13,19,26,27,29,33,,,,,,1.08,0.48,0.96,3*0E
1784533849.333,$GNGSA,A,3,06,07,09,10,13,28,24,,,,,,1.08,0.48,0.96,4*09
1784533849.334,$GPGSV,3,1,12,10,36,345,46,12,20,099,41,13,25,094,36,18,53,177,44,1*66
1784533849.335,$GPGSV,3,2,12,23,53,033,45,24,19,037,39,25,29,139,26,28,36,216,38,1*62
1784533849.336,$GPGSV,3,3,12,32,33,297,40,40,34,258,40,41,62,233,43,42,68,219,44,1*60
1784533849.337,$GPGSV,3,1,09,10,36,345,40,12,20,099,39,13,25,094,43,18,53,177,46,6*62
1784533849.338,$GPGSV,3,2,09,23,53,033,45,24,19,037,36,25,29,139,29,28,36,216,40,6*60
1784533849.339,$GPGSV,3,3,09,32,33,297,36,6*52
1784533849.340,$GPGSV,2,1,05,15,04,064,,27,03,271,,29,04,167,,31,07,215,,0*6F
1784533849.340,$GPGSV,2,2,05,31,07,215,,0*53
1784533849.341,$GLGSV,2,1,07,65,19,037,38,66,26,344,46,75,18,048,29,76,43,106,47,1*73
1784533849.342,$GLGSV,2,2,07,77,26,165,28,81,39,297,35,88,45,216,38,1*45
1784533849.343,$GLGSV,2,1,05,66,26,344,43,75,18,048,34,76,43,106,47,81,39,297,39,3*7B
1784533849.344,$GLGSV,2,2,05,88,45,216,34,3*4C
1784533849.345,$GLGSV,1,1,03,67,07,292,,82,05,329,,87,00,168,,0*42
1784533849.346,$GAGSV,2,1,07,07,32,024,47,13,38,154,44,19,21,261,34,26,82,265,44,2*7E
1784533849.347,$GAGSV,2,2,07,27,20,132,29,29,49,313,36,33,32,323,42,2*4A
1784533849.348,$GAGSV,2,1,06,07,32,024,39,13,38,154,38,19,21,261,22,26,82,265,40,7*7B
1784533849.349,$GAGSV,2,2,06,29,49,313,33,33,32,323,42,7*77
1784533849.349,$GAGSV,1,1,02,21,10,183,,30,09,085,,0*79
1784533849.350,$GBGSV,2,1,08,06,47,049,46,07,78,102,47,08,14,175,23,09,44,008,44,1*71
1784533849.351,$GBGSV,2,2,08,10,74,147,47,13,36,203,40,24,28,058,39,28,42,242,46,1*7E
1784533849.352,$GBGSV,1,1,02,09,44,008,47,10,74,147,48,3*78
1784533849.353,$GBGSV,2,1,06,01,43,108,,02,61,243,,03,73,145,,04,24,096,,0*77
1784533849.354,$GBGSV,2,2,06,04,24,096,,23,25,190,,0*72
1784533849.355,$GNGLL,1451.06702,N,10205.02113,E,075049.00,A,D*78
1784533850.330,$GNRMC,075050.00,A,1451.06702,N,10205.02114,E,0.003,,200726,0.76,W,D,V*5E
1784533850.331,$GNVTG,,T,,M,0.003,N,0.005,K,D*3E
1784533850.332,$GNGGA,075050.00,1451.06702,N,10205.02114,E,2,12,0.48,264.4,M,-24.5,M,,0084*6D
1784533850.333,$GNGSA,A,3,10,12,18,23,24,25,32,28,,,,,1.08,0.48,0.96,1*0B
1784533850.334,$GNGSA,A,3,77,66,76,75,65,88,81,,,,,,1.08,0.48,0.96,2*01
1784533850.335,$GNGSA,A,3,07,13,19,26,27,29,33,,,,,,1.08,0.48,0.96,3*0E
1784533850.335,$GNGSA,A,3,06,07,09,10,13,28,24,,,,,,1.08,0.48,0.96,4*09
1784533850.336,$GPGSV,3,1,12,10,36,345,46,12,20,099,38,13,25,094,36,18,53,177,45,1*69
1784533850.337,$GPGSV,3,2,12,23,53,033,45,24,19,037,38,25,29,139,29,28,36,216,38,1*6C
1784533850.338,$GPGSV,3,3,12,32,33,297,42,40,34,258,41,41,62,233,45,42,68,219,41,1*60
1784533850.340,$GPGSV,3,1,09,10,36,345,39,12,20,099,41,13,25,094,43,18,53,177,45,6*60
1784533850.341,$GPGSV,3,2,09,23,53,033,45,24,19,037,38,25,29,139,31,28,36,216,40,6*67
1784533850.341,$GPGSV,3,3,09,32,33,297,37,6*53
1784533850.342,$GPGSV,2,1,05,15,04,064,,27,03,270,,29,04,167,,31,07,215,,0*6E
1784533850.343,$GPGSV,2,2,05,31,07,215,,0*53
1784533850.344,$GLGSV,2,1,07,65,19,037,35,66,26,344,46,75,18,048,28,76,43,106,47,1*7F
1784533850.345,$GLGSV,2,2,07,77,26,165,32,81,39,297,38,88,45,216,35,1*4E
1784533850.346,$GLGSV,2,1,05,66,26,344,44,75,18,048,36,76,43,106,48,81,39,297,41,3*7E
1784533850.346,$GLGSV,2,2,05,88,45,216,33,3*4B
1784533850.347,$GLGSV,1,1,03,67,07,292,,82,05,329,,87,00,168,,0*42
1784533850.348,$GAGSV,2,1,07,07,32,024,46,13,38,154,44,19,21,261,36,26,82,265,40,2*79
1784533850.349,$GAGSV,2,2,07,27,20,132,29,29,49,313,37,33,32,323,43,2*4A
1784533850.350,$GAGSV,2,1,07,07,32,024,37,13,38,154,40,19,21,261,22,26,82,265,40,7*7B
1784533850.351,$GAGSV,2,2,07,27,20,132,29,29,49,313,32,33,32,323,43,7*4A
1784533850.352,$GAGSV,1,1,02,21,10,183,,30,09,085,,0*79
1784533850.353,$GBGSV,2,1,08,06,47,049,46,07,78,102,48,08,14,175,22,09,44,008,44,1*7F
1784533850.354,$GBGSV,2,2,08,10,74,147,48,13,36,203,41,24,28,058,37,28,42,242,44,1*7C
1784533850.355,$GBGSV,1,1,02,09,44,008,47,10,74,147,47,3*77
1784533850.355,$GBGSV,2,1,06,01,43,108,,02,61,243,,03,73,145,,04,24,096,,0*77
1784533850.356,$GBGSV,2,2,06,04,24,096,,23,25,190,,0*72
1784533850.357,$GNGLL,1451.06702,N,10205.02114,E,075050.00,A,D*77
1784533851.330,$GNRMC,075051.00,A,1451.06702,N,10205.02114,E,0.012,,200726,0.76,W,D,V*5F
1784533851.331,$GNVTG,,T,,M,0.012,N,0.023,K,D*3A
1784533851.332,$GNGGA,075051.00,1451.06702,N,10205.02114,E,2,12,0.48,264.4,M,-24.5,M,,0084*6C
1784533851.333,$GNGSA,A,3,10,12,18,23,24,25,32,28,,,,,1.08,0.48,0.96,1*0B
1784533851.334,$GNGSA,A,3,77,66,76,75,65,88,81,,,,,,1.08,0.48,0.96,2*01
1784533851.334,$GNGSA,A,3,07,13,19,26,27,29,33,,,,,,1.08,0.48,0.96,3*0E
1784533851.335,$GNGSA,A,3,06,07,09,10,13,28,24,,,,,,1.08,0.48,0.96,4*09
1784533851.336,$GPGSV,3,1,12,10,36,345,46,12,20,099,39,13,25,094,36,18,53,177,44,1*69
1784533851.337,$GPGSV,3,2,12,23,53,033,46,24,19,037,38,25,29,139,32,28,37,216,37,1*6B
1784533851.338,$GPGSV,3,3,12,32,33,297,37,40,34,258,42,41,62,233,44,42,68,219,43,1*62
1784533851.339,$GPGSV,3,1,09,10,36,345,41,12,20,099,42,13,25,094,45,18,53,177,46,6*69
1784533851.340,$GPGSV,3,2,09,23,53,033,45,24,19,037,36,25,29,139,32,28,37,216,40,6*6B
1784533851.341,$GPGSV,3,3,09,32,33,297,36,6*52
1784533851.342,$GPGSV,2,1,05,15,04,064,,27,03,270,,29,04,167,,31,07,215,,0*6E
1784533851.342,$GPGSV,2,2,05,31,07,215,,0*53
1784533851.343,$GLGSV,2,1,07,65,19,037,36,66,26,344,46,75,18,048,29,76,43,106,47,1*7D
1784533851.344,$GLGSV,2,2,07,77,26,165,32,81,39,297,37,88,45,216,35,1*41
1784533851.345,$GLGSV,2,1,05,66,26,344,45,75,18,048,34,76,43,106,48,81,39,297,43,3*7F
1784533851.346,$GLGSV,2,2,05,88,45,216,36,3*4E
1784533851.347,$GLGSV,1,1,03,67,07,292,,82,05,329,,87,00,168,,0*42
1784533851.348,$GAGSV,2,1,07,07,32,024,46,13,38,154,42,19,21,261,36,26,82,265,41,2*7E
1784533851.349,$GAGSV,2,2,07,27,20,132,28,29,49,313,37,33,32,323,43,2*4B
1784533851.350,$GAGSV,2,1,07,07,32,024,38,13,38,154,38,19,21,261,22,26,82,265,39,7*75
1784533851.351,$GAGSV,2,2,07,27,20,132,28,29,49,313,32,33,32,323,42,7*4A
1784533851.351,$GAGSV,1,1,02,21,10,183,,30,09,085,,0*79
1784533851.352,$GBGSV,2,1,08,06,47,049,46,07,78,102,48,08,14,175,22,09,44,008,44,1*7F
1784533851.354,$GBGSV,2,2,08,10,74,147,48,13,36,203,41,24,28,058,37,28,42,242,44,1*7C
1784533851.354,$GBGSV,1,1,02,09,44,008,47,10,74,147,47,3*77
1784533851.355,$GBGSV,2,1,06,01,43,108,,02,61,243,,03,73,145,,04,24,096,,0*77
1784533851.356,$GBGSV,2,2,06,04,24,096,,23,25,190,,0*72
1784533851.357,$GNGLL,1451.06702,N,10205.02114,E,075051.00,A,D*76
1784533852.328,$GNRMC,075052.00,A,1451.06702,N,10205.02112,E,0.011,,200726,0.76,W,D,V*59
1784533852.329,$GNVTG,,T,,M,0.011,N,0.021,K,D*3B
1784533852.330,$GNGGA,075052.00,1451.06702,N,10205.02112,E,2,12,0.48,264.4,M,-24.5,M,,0084*69
1784533852.330,$GNGSA,A,3,10,12,18,23,24,25,32,28,,,,,1.08,0.48,0.96,1*0B
1784533852.331,$GNGSA,A,3,77,66,76,75,65,88,81,,,,,,1.08,0.48,0.96,2*01
1784533852.332,$GNGSA,A,3,07,13,19,26,27,29,33,,,,,,1.08,0.48,0.96,3*0E
1784533852.333,$GNGSA,A,3,06,07,09,10,13,28,24,,,,,,1.08,0.48,0.96,4*09
1784533852.335,$GPGSV,3,1,12,10,36,345,45,12,20,099,41,13,25,094,33,18,53,177,43,1*67
1784533852.337,$GPGSV,3,2,12,23,53,033,46,24,19,037,37,25,29,139,24,28,37,216,37,1*63
1784533852.338,$GPGSV,3,3,12,32,33,297,36,40,34,258,40,41,62,233,46,42,68,219,42,1*62
1784533852.339,$GPGSV,3,1,09,10,36,345,41,12,20,099,41,13,25,094,46,18,53,177,45,6*6A
1784533852.340,$GPGSV,3,2,09,23,53,033,45,24,19,037,38,25,29,139,31,28,37,216,41,6*67
1784533852.340,$GPGSV,3,3,09,32,33,297,35,6*51
1784533852.341,$GPGSV,2,1,05,15,04,064,,27,03,270,,29,04,166,,31,07,215,,0*6F
1784533852.342,$GPGSV,2,2,05,31,07,215,,0*53
1784533852.343,$GLGSV,2,1,07,65,19,037,39,66,26,344,44,75,18,048,21,76,43,106,45,1*7A
1784533852.344,$GLGSV,2,2,07,77,26,165,32,81,39,297,37,88,45,216,36,1*42
1784533852.345,$GLGSV,2,1,05,66,26,344,43,75,18,048,36,76,43,106,46,81,39,297,44,3*72
1784533852.346,$GLGSV,2,2,05,88,45,216,29,3*40
1784533852.347,$GLGSV,1,1,03,67,07,292,,82,05,329,,87,00,168,,0*42
1784533852.348,$GAGSV,2,1,07,07,32,024,47,13,38,154,41,19,21,261,36,26,82,265,43,2*7E
1784533852.349,$GAGSV,2,2,07,27,20,132,27,29,49,313,25,33,32,323,43,2*47
1784533852.350,$GAGSV,2,1,06,07,32,024,38,13,38,154,38,19,21,261,20,26,82,265,37,7*78
1784533852.351,$GAGSV,2,2,06,29,49,313,31,33,32,323,41,7*76
1784533852.351,$GAGSV,1,1,02,21,10,183,,30,09,085,,0*79
1784533852.352,$GBGSV,2,1,08,06,47,049,46,07,78,102,48,08,14,175,22,09,44,008,43,1*78
1784533852.354,$GBGSV,2,2,08,10,74,147,47,13,36,203,39,24,28,058,37,28,42,242,41,1*79
1784533852.354,$GBGSV,1,1,02,09,44,008,47,10,74,147,46,3*76
1784533852.355,$GBGSV,2,1,06,01,43,108,,02,61,243,,03,73,145,,04,24,096,,0*77
1784533852.356,$GBGSV,2,2,06,04,24,096,,23,25,190,,0*72
1784533852.357,$GNGLL,1451.06702,N,10205.02112,E,075052.00,A,D*73
1784533853.330,$GNRMC,075053.00,A,1451.06701,N,10205.02111,E,0.007,,200726,0.76,W,D,V*5F
1784533853.331,$GNVTG,,T,,M,0.007,N,0.013,K,D*3D
1784533853.332,$GNGGA,075053.00,1451.06701,N,10205.02111,E,2,12,0.48,264.5,M,-24.5,M,,0084*69
1784533853.333,$GNGSA,A,3,10,12,18,23,24,25,32,28,,,,,1.08,0.48,0.96,1*0B
1784533853.333,$GNGSA,A,3,77,66,76,75,65,88,81,,,,,,1.08,0.48,0.96,2*01
1784533853.334,$GNGSA,A,3,07,13,19,26,27,29,33,,,,,,1.08,0.48,0.96,3*0E
1784533853.335,$GNGSA,A,3,06,07,09,10,13,28,24,,,,,,1.08,0.48,0.96,4*09
1784533853.336,$GPGSV,3,1,11,10,36,345,46,12,20,099,42,13,25,094,34,18,53,177,45,1*65
1784533853.337,$GPGSV,3,2,11,23,53,033,45,24,19,037,37,28,37,216,39,32,33,297,36,1*64
1784533853.338,$GPGSV,3,3,11,40,34,258,40,41,62,233,46,42,68,219,41,1*5A
1784533853.339,$GPGSV,3,1,09,10,36,345,39,12,20,099,41,13,25,094,45,18,53,177,44,6*67
1784533853.340,$GPGSV,3,2,09,23,53,033,45,24,19,037,38,25,29,139,30,28,37,216,39,6*69
1784533853.341,$GPGSV,3,3,09,32,33,297,35,6*51
1784533853.341,$GPGSV,2,1,05,15,04,064,,27,03,270,,29,04,166,,31,07,215,,0*6F
1784533853.342,$GPGSV,2,2,05,31,07,215,,0*53
1784533853.343,$GLGSV,2,1,07,65,19,037,37,66,26,344,45,75,18,048,23,76,43,106,45,1*77
1784533853.344,$GLGSV,2,2,07,77,26,165,35,81,39,297,37,88,45,216,37,1*44
1784533853.345,$GLGSV,2,1,05,66,26,344,42,75,18,048,29,76,43,106,46,81,39,297,43,3*7A
1784533853.346,$GLGSV,2,2,05,88,45,216,21,3*48
1784533853.346,$GLGSV,1,1,03,67,07,292,,82,05,329,,87,00,168,,0*42
1784533853.347,$GAGSV,2,1,07,07,32,024,47,13,38,154,41,19,21,261,35,26,82,265,46,2*78
1784533853.348,$GAGSV,2,2,07,27,20,132,24,29,49,313,35,33,32,323,44,2*42
1784533853.349,$GAGSV,2,1,06,07,32,024,38,13,38,154,40,19,21,261,22,26,82,265,39,7*7B
1784533853.350,$GAGSV,2,2,06,29,49,313,33,33,32,323,40,7*75
1784533853.351,$GAGSV,1,1,02,21,10,183,,30,09,085,,0*79
1784533853.352,$GBGSV,2,1,08,06,47,049,47,07,78,102,48,08,14,175,21,09,44,008,42,1*7B
1784533853.353,$GBGSV,2,2,08,10,74,147,47,13,36,203,42,24,28,058,35,28,42,242,41,1*77
1784533853.354,$GBGSV,1,1,02,09,44,008,47,10,74,147,46,3*76
1784533853.355,$GBGSV,2,1,06,01,43,108,,02,61,243,,03,73,145,,04,24,096,,0*77
1784533853.355,$GBGSV,2,2,06,04,24,096,,23,25,190,,0*72
1784533853.356,$GNGLL,1451.06701,N,10205.02111,E,075053.00,A,D*72
1784533854.335,$GNRMC,075054.00,A,1451.06702,N,10205.02110,E,0.014,,200726,0.76,W,D,V*58
1784533854.336,$GNVTG,,T,,M,0.014,N,0.027,K,D*38
1784533854.337,$GNGGA,075054.00,1451.06702,N,10205.02110,E,2,12,0.49,264.5,M,-24.5,M,,0084*6D
1784533854.338,$GNGSA,A,3,10,12,18,23,24,25,32,28,,,,,1.11,0.49,1.00,1*0C
1784533854.339,$GNGSA,A,3,77,66,76,75,65,88,81,,,,,,1.11,0.49,1.00,2*06
1784533854.339,$GNGSA,A,3,07,13,19,26,29,33,,,,,,,1.11,0.49,1.00,3*0C
1784533854.340,$GNGSA,A,3,06,07,09,10,13,28,24,,,,,,1.11,0.49,1.00,4*0E
1784533854.341,$GPGSV,3,1,12,10,36,345,46,12,20,099,42,13,25,094,35,18,53,177,44,1*66
1784533854.342,$GPGSV,3,2,12,23,53,033,44,24,19,037,38,25,29,139,24,28,37,216,39,1*60
1784533854.343,$GPGSV,3,3,12,32,33,297,33,40,34,258,40,41,62,233,45,42,68,219,43,1*65
1784533854.344,$GPGSV,3,1,09,10,36,345,41,12,20,099,41,13,25,094,45,18,53,177,45,6*69
1784533854.345,$GPGSV,3,2,09,23,53,033,43,24,19,037,37,25,29,139,28,28,37,216,36,6*66
1784533854.346,$GPGSV,3,3,09,32,33,297,36,6*52
1784533854.347,$GPGSV,2,1,05,15,04,064,,27,03,270,,29,04,166,,31,08,215,,0*60
1784533854.348,$GPGSV,2,2,05,31,08,215,,0*5C
1784533854.349,$GLGSV,2,1,07,65,19,037,39,66,26,344,45,75,18,048,33,76,43,106,46,1*7B
1784533854.350,$GLGSV,2,2,07,77,26,165,34,81,39,297,37,88,45,216,35,1*47
1784533854.351,$GLGSV,2,1,05,66,26,344,42,75,18,048,28,76,43,106,48,81,39,297,43,3*75
1784533854.351,$GLGSV,2,2,05,88,45,216,34,3*4C
1784533854.352,$GLGSV,1,1,03,67,07,292,,82,05,329,,87,00,168,,0*42
1784533854.353,$GAGSV,2,1,07,07,32,024,47,13,38,154,41,19,21,261,35,26,82,265,45,2*7B
1784533854.354,$GAGSV,2,2,07,27,20,132,21,29,49,313,35,33,32,323,42,2*41
1784533854.355,$GAGSV,2,1,06,07,32,024,38,13,38,154,39,19,21,261,22,26,82,265,40,7*7B
1784533854.356,$GAGSV,2,2,06,29,49,313,33,33,32,323,41,7*74
1784533854.356,$GAGSV,1,1,02,21,10,183,,30,09,085,,0*79
1784533854.357,$GBGSV,2,1,08,06,47,049,46,07,78,102,48,08,14,175,20,09,44,008,41,1*78
1784533854.359,$GBGSV,2,2,08,10,74,147,47,13,36,203,42,24,28,058,37,28,42,242,43,1*77
1784533854.359,$GBGSV,1,1,02,09,44,008,47,10,74,147,46,3*76
1784533854.360,$GBGSV,2,1,06,01,43,108,,02,61,243,,03,73,145,,04,24,096,,0*77
1784533854.361,$GBGSV,2,2,06,04,24,096,,23,25,190,,0*72
1784533854.362,$GNGLL,1451.06702,N,10205.02110,E,075054.00,A,D*77
1784533855.326,$GNRMC,075055.00,A,1451.06702,N,10205.02109,E,0.012,,200726,0.76,W,D,V*57
1784533855.326,$GNVTG,,T,,M,0.012,N,0.021,K,D*38
1784533855.327,$GNGGA,075055.00,1451.06702,N,10205.02109,E,2,12,0.49,264.5,M,-24.5,M,,0084*64
1784533855.328,$GNGSA,A,3,10,12,18,23,24,25,32,28,,,,,1.11,0.49,1.00,1*0C
1784533855.329,$GNGSA,A,3,77,66,76,75,65,88,81,,,,,,1.11,0.49,1.00,2*06
1784533855.330,$GNGSA,A,3,07,13,19,26,29,33,,,,,,,1.11,0.49,1.00,3*0C
1784533855.331,$GNGSA,A,3,06,07,09,10,13,28,24,,,,,,1.11,0.49,1.00,4*0E
1784533855.331,$GPGSV,3,1,12,10,36,345,47,12,20,099,41,13,25,094,36,18,53,177,44,1*67
1784533855.333,$GPGSV,3,2,12,23,53,033,44,24,19,037,38,25,29,139,24,28,37,216,40,1*6E
1784533855.334,$GPGSV,3,3,12,32,34,298,35,40,34,258,38,41,62,233,44,42,68,219,42,1*64
1784533855.335,$GPGSV,3,1,09,10,36,345,41,12,20,099,41,13,25,094,45,18,53,177,46,6*6A
1784533855.336,$GPGSV,3,2,09,23,53,033,44,24,19,037,37,25,29,139,27,28,37,216,39,6*61
1784533855.336,$GPGSV,3,3,09,32,34,298,36,6*5A
1784533855.337,$GPGSV,2,1,05,15,04,064,,27,03,270,,29,04,166,,31,08,215,,0*60
1784533855.338,$GPGSV,2,2,05,31,08,215,,0*5C
1784533855.339,$GLGSV,2,1,07,65,19,037,37,66,26,344,45,75,18,048,27,76,43,106,45,1*73
1784533855.340,$GLGSV,2,2,07,77,26,165,31,81,39,297,38,88,45,216,38,1*40
1784533855.341,$GLGSV,2,1,05,66,26,344,44,75,18,048,33,76,43,106,48,81,39,297,42,3*78
1784533855.342,$GLGSV,2,2,05,88,45,216,32,3*4A
1784533855.342,$GLGSV,1,1,03,67,07,292,,82,05,329,,87,00,168,,0*42
1784533855.343,$GAGSV,2,1,07,07,32,024,47,13,38,154,42,19,21,261,35,26,82,265,45,2*78
1784533855.344,$GAGSV,2,2,07,27,20,132,29,29,49,313,36,33,32,323,42,2*4A
1784533855.345,$GAGSV,2,1,06,07,32,024,37,13,38,154,40,19,21,261,22,26,82,265,39,7*74
1784533855.346,$GAGSV,2,2,06,29,49,313,32,33,32,323,42,7*76
1784533855.347,$GAGSV,1,1,02,21,10,183,,30,09,085,,0*79
1784533855.348,$GBGSV,2,1,08,06,47,049,46,07,78,102,48,08,14,175,24,09,44,008,42,1*7F
1784533855.349,$GBGSV,2,2,08,10,74,147,48,13,36,203,40,24,28,058,37,28,42,242,43,1*7A
1784533855.350,$GBGSV,1,1,02,09,44,008,48,10,74,147,48,3*77
1784533855.351,$GBGSV,2,1,06,01,43,108,,02,61,243,,03,73,145,,04,24,096,,0*77
1784533855.351,$GBGSV,2,2,06,04,24,096,,23,25,190,,0*72
1784533855.352,$GNGLL,1451.06702,N,10205.02109,E,075055.00,A,D*7E
1784533856.332,$GNRMC,075056.00,A,1451.06701,N,10205.02108,E,0.004,,200726,0.76,W,D,V*51
1784533856.333,$GNVTG,,T,,M,0.004,N,0.007,K,D*3B
1784533856.334,$GNGGA,075056.00,1451.06701,N,10205.02108,E,2,12,0.49,264.6,M,-24.5,M,,0084*66
1784533856.335,$GNGSA,A,3,10,12,18,23,24,25,32,28,,,,,1.11,0.49,1.00,1*0C
1784533856.336,$GNGSA,A,3,77,66,76,75,65,88,81,,,,,,1.11,0.49,1.00,2*06
1784533856.336,$GNGSA,A,3,07,13,19,26,29,33,,,,,,,1.11,0.49,1.00,3*0C
1784533856.337,$GNGSA,A,3,06,07,09,10,13,28,24,,,,,,1.11,0.49,1.00,4*0E
1784533856.338,$GPGSV,3,1,12,10,36,345,46,12,20,099,40,13,25,094,39,18,53,177,44,1*68
1784533856.339,$GPGSV,3,2,12,23,53,033,45,24,19,037,37,25,29,139,29,28,37,216,35,1*6F
1784533856.340,$GPGSV,3,3,12,32,34,298,35,40,34,258,39,41,62,233,46,42,68,219,42,1*67
1784533856.341,$GPGSV,3,1,09,10,36,345,42,12,20,099,41,13,25,094,44,18,53,177,46,6*68
1784533856.342,$GPGSV,3,2,09,23,53,033,44,24,19,037,37,25,29,139,26,28,37,216,36,6*6F
1784533856.343,$GPGSV,3,3,09,32,34,298,35,6*59
1784533856.344,$GPGSV,2,1,05,15,04,064,,27,03,270,,29,04,166,,31,08,215,,0*60
1784533856.345,$GPGSV,2,2,05,31,08,215,,0*5C
1784533856.346,$GLGSV,2,1,07,65,19,037,34,66,26,344,45,75,18,048,28,76,43,106,47,1*7D
1784533856.346,$GLGSV,2,2,07,77,26,165,35,81,39,297,38,88,45,216,38,1*44
1784533856.347,$GLGSV,2,1,05,66,26,344,43,75,18,048,32,76,43,106,47,81,39,297,42,3*71
1784533856.348,$GLGSV,2,2,05,88,45,216,33,3*4B
1784533856.349,$GLGSV,1,1,03,67,07,292,,82,05,329,,87,00,168,,0*42
1784533856.350,$GAGSV,2,1,07,07,32,024,46,13,38,154,41,19,21,261,36,26,82,265,43,2*7F
1784533856.351,$GAGSV,2,2,07,27,20,132,27,29,49,313,35,33,32,323,43,2*46
1784533856.352,$GAGSV,2,1,06,07,32,024,39,13,38,154,39,19,21,261,21,26,82,265,34,7*7A
1784533856.353,$GAGSV,2,2,06,29,49,313,32,33,32,323,42,7*76
1784533856.354,$GAGSV,1,1,02,21,10,183,,30,09,085,,0*79
1784533856.355,$GBGSV,2,1,08,06,47,049,45,07,78,102,48,08,14,175,24,09,44,008,43,1*7D
1784533856.356,$GBGSV,2,2,08,10,74,147,47,13,36,203,42,24,28,058,37,28,42,242,43,1*77
1784533856.357,$GBGSV,1,1,02,09,44,008,47,10,74,147,48,3*78
1784533856.358,$GBGSV,2,1,06,01,43,108,,02,61,243,,03,73,145,,04,24,096,,0*77
1784533856.358,$GBGSV,2,2,06,04,24,096,,23,25,190,,0*72
1784533856.359,$GNGLL,1451.06701,N,10205.02108,E,075056.00,A,D*7F
1784533857.332,$GNRMC,075057.00,A,1451.06701,N,10205.02108,E,0.017,,200726,0.76,W,D,V*52
1784533857.333,$GNVTG,,T,,M,0.017,N,0.032,K,D*3F
1784533857.334,$GNGGA,075057.00,1451.06701,N,10205.02108,E,2,12,0.49,264.6,M,-24.5,M,,0084*67
1784533857.335,$GNGSA,A,3,10,12,18,23,24,25,32,28,,,,,1.10,0.49,0.99,1*0C
1784533857.335,$GNGSA,A,3,77,66,76,65,88,81,,,,,,,1.10,0.49,0.99,2*04
1784533857.336,$GNGSA,A,3,27,07,13,19,26,29,33,,,,,,1.10,0.49,0.99,3*09
1784533857.337,$GNGSA,A,3,06,07,09,10,13,28,24,,,,,,1.10,0.49,0.99,4*0E
1784533857.338,$GPGSV,3,1,12,10,36,345,46,12,20,099,40,13,25,094,36,18,53,177,44,1*67
1784533857.339,$GPGSV,3,2,12,23,53,033,45,24,19,037,37,25,29,139,27,28,37,216,36,1*62
1784533857.340,$GPGSV,3,3,12,32,34,298,37,40,34,258,39,41,62,233,44,42,68,219,42,1*67
1784533857.341,$GPGSV,3,1,09,10,36,345,41,12,20,099,40,13,25,094,45,18,53,177,45,6*68
1784533857.342,$GPGSV,3,2,09,23,53,033,44,24,19,037,37,25,29,139,27,28,37,216,36,6*6E
1784533857.343,$GPGSV,3,3,09,32,34,298,36,6*5A
1784533857.344,$GPGSV,2,1,05,15,04,064,,27,03,270,,29,04,166,,31,08,215,,0*60
1784533857.344,$GPGSV,2,2,05,31,08,215,,0*5C
1784533857.345,$GLGSV,2,1,07,65,19,037,34,66,26,344,45,75,18,048,26,76,43,106,46,1*72
1784533857.346,$GLGSV,2,2,07,77,26,165,35,81,39,297,41,88,45,216,38,1*4A
1784533857.347,$GLGSV,2,1,05,66,26,344,43,75,18,048,25,76,43,106,48,81,39,297,42,3*78
1784533857.348,$GLGSV,2,2,05,88,45,216,32,3*4A
1784533857.349,$GLGSV,1,1,03,67,07,292,,82,05,329,,87,00,168,,0*42
1784533857.350,$GAGSV,2,1,07,07,32,024,47,13,38,154,42,19,21,261,33,26,82,265,43,2*78
1784533857.351,$GAGSV,2,2,07,27,20,132,28,29,49,313,35,33,32,323,43,2*49
1784533857.352,$GAGSV,2,1,06,07,32,024,39,13,38,154,39,19,21,261,22,26,82,265,35,7*78
1784533857.352,$GAGSV,2,2,06,29,49,313,32,33,32,323,42,7*76
1784533857.353,$GAGSV,1,1,02,21,10,183,,30,09,085,,0*79
1784533857.354,$GBGSV,2,1,08,06,47,049,45,07,78,102,47,08,14,175,23,09,44,008,41,1*77
1784533857.355,$GBGSV,2,2,08,10,74,147,47,13,36,203,41,24,28,058,37,28,42,242,40,1*77
1784533857.356,$GBGSV,1,1,02,09,44,008,47,10,74,147,47,3*77
1784533857.357,$GBGSV,2,1,06,01,43,108,,02,61,243,,03,73,145,,04,24,096,,0*77
1784533857.358,$GBGSV,2,2,06,04,24,096,,23,25,190,,0*72
1784533857.358,$GNGLL,1451.06701,N,10205.02108,E,075057.00,A,D*7E
1784533858.332,$GNRMC,075058.00,A,1451.06701,N,10205.02108,E,0.009,,200726,0.76,W,D,V*52
1784533858.333,$GNVTG,,T,,M,0.009,N,0.017,K,D*37
1784533858.334,$GNGGA,075058.00,1451.06701,N,10205.02108,E,2,12,0.49,264.6,M,-24.5,M,,0084*68
1784533858.335,$GNGSA,A,3,10,12,18,23,24,25,32,28,,,,,1.10,0.49,0.99,1*0C
1784533858.335,$GNGSA,A,3,77,66,76,65,88,81,,,,,,,1.10,0.49,0.99,2*04
1784533858.336,$GNGSA,A,3,27,07,13,19,26,29,33,,,,,,1.10,0.49,0.99,3*09
1784533858.337,$GNGSA,A,3,06,07,09,10,13,28,24,,,,,,1.10,0.49,0.99,4*0E
1784533858.338,$GPGSV,3,1,12,10,36,345,46,12,20,099,38,13,25,094,37,18,53,177,44,1*69
1784533858.339,$GPGSV,3,2,12,23,53,033,44,24,19,037,37,25,29,139,27,28,37,216,37,1*62
1784533858.340,$GPGSV,3,3,12,32,34,298,38,40,34,258,40,41,62,233,44,42,68,219,42,1*66
1784533858.341,$GPGSV,3,1,09,10,36,345,42,12,20,099,41,13,25,094,44,18,53,177,46,6*68
1784533858.342,$GPGSV,3,2,09,23,53,033,45,24,19,037,37,25,29,139,24,28,37,216,36,6*6C
1784533858.343,$GPGSV,3,3,09,32,34,298,35,6*59
1784533858.344,$GPGSV,2,1,05,15,04,064,,27,03,270,,29,04,166,,31,08,215,,0*60
1784533858.344,$GPGSV,2,2,05,31,08,215,,0*5C
1784533858.345,$GLGSV,2,1,07,65,19,037,35,66,26,344,45,75,18,048,31,76,43,106,46,1*75
1784533858.346,$GLGSV,2,2,07,77,26,165,34,81,39,297,40,88,45,216,39,1*4B
1784533858.347,$GLGSV,2,1,05,66,26,344,43,75,18,048,23,76,43,106,48,81,39,297,41,3*7D
1784533858.348,$GLGSV,2,2,05,88,45,216,31,3*49
1784533858.349,$GLGSV,1,1,03,67,07,292,,82,05,329,,87,00,168,,0*42
1784533858.350,$GAGSV,2,1,07,07,32,024,47,13,38,154,41,19,21,261,33,26,82,265,44,2*7C
1784533858.351,$GAGSV,2,2,07,27,20,132,27,29,49,313,31,33,32,323,43,2*42
1784533858.352,$GAGSV,2,1,06,07,32,024,40,13,38,154,39,19,21,261,26,26,82,265,36,7*71
1784533858.352,$GAGSV,2,2,06,29,49,313,27,33,32,323,42,7*72
1784533858.353,$GAGSV,1,1,02,21,10,183,,30,09,085,,0*79
1784533858.354,$GBGSV,2,1,08,06,47,049,45,07,78,102,47,08,14,175,20,09,44,008,41,1*74
1784533858.355,$GBGSV,2,2,08,10,74,147,47,13,36,203,41,24,28,058,37,28,42,242,42,1*75
1784533858.355,$GBGSV,1,1,02,09,44,008,48,10,74,147,48,3*77
1784533858.356,$GBGSV,2,1,06,01,43,108,,02,61,243,,03,73,145,,04,24,096,,0*77
1784533858.357,$GBGSV,2,2,06,04,24,096,,23,25,190,,0*72
1784533858.358,$GNGLL,1451.06701,N,10205.02108,E,075058.00,A,D*71
1784533859.334,$GNRMC,075059.00,A,1451.06701,N,10205.02108,E,0.012,,200726,0.76,W,D,V*59
1784533859.335,$GNVTG,,T,,M,0.012,N,0.023,K,D*3A
1784533859.337,$GNGGA,075059.00,1451.06701,N,10205.02108,E,2,12,0.50,264.6,M,-24.5,M,,0084*61
1784533859.338,$GNGSA,A,3,10,12,18,23,24,25,32,28,,,,,1.15,0.50,1.03,1*03
1784533859.339,$GNGSA,A,3,77,66,76,65,88,81,,,,,,,1.15,0.50,1.03,2*0B
1784533859.340,$GNGSA,A,3,27,07,13,19,26,29,33,,,,,,1.15,0.50,1.03,3*06
1784533859.341,$GNGSA,A,3,06,07,09,10,13,28,24,,,,,,1.15,0.50,1.03,4*01
1784533859.342,$GPGSV,3,1,12,10,36,345,46,12,20,099,39,13,25,094,38,18,53,177,45,1*66
1784533859.343,$GPGSV,3,2,12,23,53,033,45,24,19,037,37,25,29,139,26,28,37,216,37,1*62
1784533859.344,$GPGSV,3,3,12,32,34,298,35,40,34,258,40,41,62,233,47,42,68,219,39,1*64
1784533859.346,$GPGSV,3,1,09,10,36,345,42,12,20,099,41,13,25,094,44,18,53,177,46,6*68
1784533859.347,$GPGSV,3,2,09,23,53,033,45,24,19,037,37,25,29,139,31,28,37,216,38,6*66
1784533859.348,$GPGSV,3,3,09,32,34,298,35,6*59
1784533859.351,$GPGSV,2,1,05,15,04,064,,27,03,270,,29,04,166,,31,08,215,,0*60
1784533859.352,$GPGSV,2,2,05,31,08,215,,0*5C
1784533859.354,$GLGSV,2,1,07,65,19,037,35,66,26,344,45,75,18,048,35,76,43,106,47,1*70
1784533859.356,$GLGSV,2,2,07,77,26,165,33,81,39,297,40,88,45,216,40,1*42
1784533859.357,$GLGSV,2,1,05,66,26,344,43,75,18,048,26,76,43,106,47,81,39,297,43,3*75
1784533859.358,$GLGSV,2,2,05,88,45,216,34,3*4C
1784533859.359,$GLGSV,1,1,03,67,07,292,,82,05,329,,87,00,168,,0*42
1784533859.360,$GAGSV,2,1,07,07,32,024,47,13,38,154,41,19,21,261,34,26,82,265,43,2*7C
1784533859.361,$GAGSV,2,2,07,27,20,132,23,29,49,313,35,33,32,323,43,2*42
1784533859.362,$GAGSV,2,1,06,07,32,024,39,13,38,154,39,19,21,261,26,26,82,265,36,7*7F
1784533859.363,$GAGSV,2,2,06,29,49,313,32,33,32,323,42,7*76
1784533859.364,$GAGSV,1,1,02,21,10,183,,30,09,085,,0*79
1784533859.366,$GBGSV,2,1,08,06,47,049,46,07,78,102,48,08,14,175,19,09,44,008,43,1*70
1784533859.367,$GBGSV,2,2,08,10,74,147,48,13,36,203,39,24,28,058,37,28,42,242,43,1*74
1784533859.368,$GBGSV,1,1,02,09,44,008,47,10,74,147,46,3*76
1784533859.370,$GBGSV,2,1,06,01,43,108,,02,61,243,,03,73,145,,04,24,096,,0*77
1784533859.371,$GBGSV,2,2,06,04,24,096,,23,25,190,,0*72
1784533859.372,$GNGLL,1451.06701,N,10205.02108,E,075059.00,A,D*70
1784533860.333,$GNRMC,075100.00,A,1451.06700,N,10205.02108,E,0.007,,200726,0.76,W,D,V*51
1784533860.334,$GNVTG,,T,,M,0.007,N,0.012,K,D*3C
1784533860.336,$GNGGA,075100.00,1451.06700,N,10205.02108,E,2,12,0.49,264.6,M,-24.5,M,,0084*65
1784533860.337,$GNGSA,A,3,10,12,18,23,24,25,32,28,,,,,1.12,0.49,1.00,1*0F
1784533860.338,$GNGSA,A,3,77,66,76,75,65,88,81,,,,,,1.12,0.49,1.00,2*05
1784533860.338,$GNGSA,A,3,07,13,19,26,29,33,,,,,,,1.12,0.49,1.00,3*0F
1784533860.339,$GNGSA,A,3,06,07,09,10,13,28,24,,,,,,1.12,0.49,1.00,4*0D
1784533860.340,$GPGSV,3,1,12,10,36,345,46,12,20,099,38,13,25,094,37,18,53,177,44,1*69
1784533860.341,$GPGSV,3,2,12,23,53,033,45,24,19,037,37,25,29,139,25,28,37,216,37,1*61
1784533860.342,$GPGSV,3,3,12,32,34,298,38,40,34,258,40,41,62,233,46,42,68,219,39,1*68
1784533860.343,$GPGSV,3,1,09,10,36,345,40,12,20,099,41,13,25,094,45,18,53,177,47,6*6A
1784533860.344,$GPGSV,3,2,09,23,53,033,45,24,19,037,38,25,29,139,30,28,37,216,38,6*68
1784533860.345,$GPGSV,3,3,09,32,34,298,35,6*59
1784533860.346,$GPGSV,2,1,05,15,04,064,,27,03,270,,29,04,166,,31,08,215,,0*60
1784533860.347,$GPGSV,2,2,05,31,08,215,,0*5C
1784533860.348,$GLGSV,2,1,07,65,19,037,35,66,26,344,46,75,18,048,31,76,43,106,47,1*77
1784533860.350,$GLGSV,2,2,07,77,26,165,36,81,39,297,37,88,45,216,43,1*44
1784533860.351,$GLGSV,2,1,05,66,26,344,44,75,18,048,26,76,43,106,48,81,39,297,42,3*7C
1784533860.352,$GLGSV,2,2,05,88,45,216,34,3*4C
1784533860.354,$GLGSV,1,1,03,67,07,292,,82,05,329,,87,00,168,,0*42
1784533860.355,$GAGSV,2,1,07,07,32,024,47,13,38,154,42,19,21,261,34,26,82,265,41,2*7D
1784533860.355,$GAGSV,2,2,07,27,20,132,20,29,49,313,39,33,32,323,43,2*4D
1784533860.356,$GAGSV,2,1,06,07,32,024,40,13,38,154,39,19,21,261,25,26,82,265,37,7*73
1784533860.357,$GAGSV,2,2,06,29,49,313,32,33,32,323,42,7*76
1784533860.358,$GAGSV,1,1,02,21,10,183,,30,09,085,,0*79
1784533860.359,$GBGSV,2,1,08,06,47,049,46,07,78,102,48,08,14,175,18,09,44,008,44,1*76
1784533860.360,$GBGSV,2,2,08,10,74,147,48,13,36,203,41,24,28,058,38,28,42,242,39,1*79
1784533860.360,$GBGSV,1,1,02,09,44,008,48,10,74,147,48,3*77
1784533860.362,$GBGSV,2,1,06,01,43,108,,02,61,243,,03,73,145,,04,24,096,,0*77
1784533860.363,$GBGSV,2,2,06,04,24,096,,23,25,190,,0*72
1784533860.364,$GNGLL,1451.06700,N,10205.02108,E,075100.00,A,D*7C
1784533861.333,$GNRMC,075101.00,A,1451.06700,N,10205.02108,E,0.008,,200726,0.76,W,D,V*5F
1784533861.334,$GNVTG,,T,,M,0.008,N,0.014,K,D*35
1784533861.335,$GNGGA,075101.00,1451.06700,N,10205.02108,E,2,12,0.49,264.5,M,-24.5,M,,0084*67
1784533861.336,$GNGSA,A,3,10,12,18,23,24,25,32,28,,,,,1.12,0.49,1.00,1*0F
1784533861.337,$GNGSA,A,3,77,66,76,75,65,88,81,,,,,,1.12,0.49,1.00,2*05
1784533861.338,$GNGSA,A,3,07,13,19,26,29,33,,,,,,,1.12,0.49,1.00,3*0F
1784533861.338,$GNGSA,A,3,06,07,09,10,13,28,24,,,,,,1.12,0.49,1.00,4*0D
1784533861.339,$GPGSV,3,1,12,10,36,345,46,12,20,099,39,13,25,094,36,18,53,177,44,1*69
1784533861.340,$GPGSV,3,2,12,23,53,033,45,24,19,037,38,25,29,139,25,28,37,216,37,1*6E
1784533861.341,$GPGSV,3,3,12,32,34,298,36,40,34,258,40,41,62,233,46,42,68,219,41,1*69
1784533861.342,$GPGSV,3,1,09,10,36,345,40,12,20,099,40,13,25,094,44,18,53,177,47,6*6A
1784533861.343,$GPGSV,3,2,09,23,53,033,45,24,19,037,38,25,29,139,29,28,37,216,36,6*6E
1784533861.344,$GPGSV,3,3,09,32,34,298,32,6*5E
1784533861.345,$GPGSV,2,1,05,15,04,064,,27,03,270,,29,04,166,,31,08,215,,0*60
1784533861.346,$GPGSV,2,2,05,31,08,215,,0*5C
1784533861.347,$GLGSV,2,1,07,65,19,037,37,66,26,344,45,75,18,048,22,76,43,106,44,1*77
1784533861.349,$GLGSV,2,2,07,77,26,165,32,81,39,297,37,88,45,216,36,1*42
1784533861.350,$GLGSV,2,1,05,66,26,344,44,75,18,048,25,76,43,106,48,81,39,297,42,3*7F
1784533861.352,$GLGSV,2,2,05,88,45,216,30,3*48
1784533861.353,$GLGSV,1,1,03,67,07,292,,82,05,329,,87,00,168,,0*42
1784533861.354,$GAGSV,2,1,07,07,32,024,47,13,38,154,43,19,21,261,35,26,82,265,41,2*7D
1784533861.355,$GAGSV,2,2,07,27,20,132,21,29,49,313,36,33,32,323,43,2*43
1784533861.356,$GAGSV,2,1,06,07,32,024,37,13,38,154,37,19,21,261,26,26,82,265,38,7*71
1784533861.356,$GAGSV,2,2,06,29,49,313,27,33,32,323,41,7*71
1784533861.357,$GAGSV,1,1,02,21,10,183,,30,09,085,,0*79
1784533861.358,$GBGSV,2,1,08,06,47,049,47,07,78,102,48,08,14,175,21,09,44,008,43,1*7A
1784533861.359,$GBGSV,2,2,08,10,74,147,46,13,36,203,37,24,28,058,35,28,42,242,42,1*77
1784533861.360,$GBGSV,1,1,02,09,44,008,46,10,74,147,48,3*79
1784533861.360,$GBGSV,2,1,06,01,43,108,,02,61,243,,03,73,145,,04,24,096,,0*77
1784533861.362,$GBGSV,2,2,06,04,24,096,,23,25,190,,0*72
1784533861.363,$GNGLL,1451.06700,N,10205.02108,E,075101.00,A,D*7D
1784533862.335,$GNRMC,075102.00,A,1451.06699,N,10205.02109,E,0.013,,200726,0.76,W,D,V*56
1784533862.336,$GNVTG,,T,,M,0.013,N,0.023,K,D*3B
1784533862.337,$GNGGA,075102.00,1451.06699,N,10205.02109,E,2,12,0.49,264.5,M,-24.5,M,,0084*64
1784533862.338,$GNGSA,A,3,10,12,18,23,24,25,32,28,,,,,1.10,0.49,0.99,1*0C
1784533862.339,$GNGSA,A,3,77,66,76,65,88,81,,,,,,,1.10,0.49,0.99,2*04
1784533862.340,$GNGSA,A,3,27,07,13,19,26,29,33,,,,,,1.10,0.49,0.99,3*09
1784533862.340,$GNGSA,A,3,06,07,09,10,13,28,24,,,,,,1.10,0.49,0.99,4*0E
1784533862.341,$GPGSV,3,1,12,10,36,345,46,12,20,099,38,13,25,094,34,18,53,177,44,1*6A
1784533862.342,$GPGSV,3,2,12,23,53,033,46,24,19,037,38,25,29,139,24,28,37,216,36,1*6D
1784533862.343,$GPGSV,3,3,12,32,34,298,35,40,34,258,40,41,62,233,45,42,68,219,43,1*6B
1784533862.345,$GPGSV,3,1,09,10,36,345,40,12,20,099,40,13,25,094,44,18,53,177,45,6*68
1784533862.346,$GPGSV,3,2,09,23,53,033,44,24,19,037,39,25,29,139,28,28,37,216,35,6*6C
1784533862.346,$GPGSV,3,3,09,32,34,298,35,6*59
1784533862.347,$GPGSV,2,1,05,15,04,064,,27,03,270,,29,04,166,,31,08,215,,0*60
1784533862.348,$GPGSV,2,2,05,31,08,215,,0*5C
1784533862.349,$GLGSV,2,1,07,65,19,037,30,66,26,344,45,75,18,048,23,76,43,106,45,1*70
1784533862.350,$GLGSV,2,2,07,77,26,165,34,81,39,297,39,88,45,216,38,1*44
1784533862.351,$GLGSV,2,1,05,66,26,344,43,75,18,048,25,76,43,106,48,81,39,297,41,3*7B
1784533862.352,$GLGSV,2,2,05,88,45,216,35,3*4D
1784533862.352,$GLGSV,1,1,03,67,07,292,,82,05,329,,87,00,168,,0*42
1784533862.353,$GAGSV,2,1,07,07,32,024,46,13,38,154,40,19,21,261,34,26,82,265,42,2*7D
1784533862.354,$GAGSV,2,2,07,27,20,132,27,29,49,313,36,33,32,323,41,2*47
1784533862.355,$GAGSV,2,1,06,07,32,024,37,13,38,154,36,19,21,261,26,26,82,265,37,7*7F
1784533862.356,$GAGSV,2,2,06,29,49,313,32,33,32,323,41,7*75
1784533862.357,$GAGSV,1,1,02,21,10,183,,30,09,085,,0*79
1784533862.358,$GBGSV,2,1,08,06,47,049,47,07,78,102,47,08,14,175,21,09,44,008,43,1*75
1784533862.359,$GBGSV,2,2,08,10,74,147,47,13,36,203,40,24,28,058,35,28,42,242,42,1*76
1784533862.360,$GBGSV,1,1,02,09,44,008,47,10,74,147,48,3*78
1784533862.361,$GBGSV,2,1,06,01,43,108,,02,61,243,,03,73,145,,04,24,096,,0*77
1784533862.361,$GBGSV,2,2,06,04,24,096,,23,25,190,,0*72
1784533862.362,$GNGLL,1451.06699,N,10205.02109,E,075102.00,A,D*7E
1784533863.334,$GNRMC,075103.00,A,1451.06699,N,10205.02108,E,0.014,,200726,0.76,W,D,V*51
1784533863.335,$GNVTG,,T,,M,0.014,N,0.025,K,D*3A
1784533863.336,$GNGGA,075103.00,1451.06699,N,10205.02108,E,2,12,0.49,264.5,M,-24.5,M,,0084*64
1784533863.337,$GNGSA,A,3,10,12,18,23,24,25,32,28,,,,,1.10,0.49,0.99,1*0C
1784533863.338,$GNGSA,A,3,77,66,76,65,88,81,,,,,,,1.10,0.49,0.99,2*04
1784533863.338,$GNGSA,A,3,27,07,13,19,26,29,33,,,,,,1.10,0.49,0.99,3*09
1784533863.339,$GNGSA,A,3,06,07,09,10,13,28,24,,,,,,1.10,0.49,0.99,4*0E
1784533863.340,$GPGSV,3,1,12,10,36,345,47,12,20,099,40,13,25,094,37,18,53,177,43,1*60
1784533863.341,$GPGSV,3,2,12,23,53,033,44,24,19,037,38,25,29,139,32,28,37,216,35,1*6B
1784533863.342,$GPGSV,3,3,12,32,34,298,36,40,34,258,38,41,62,233,46,42,68,219,43,1*64
1784533863.343,$GPGSV,3,1,09,10,36,345,40,12,20,099,41,13,25,094,45,18,53,177,44,6*69
1784533863.344,$GPGSV,3,2,09,23,53,033,45,24,19,037,37,25,29,139,27,28,37,216,33,6*6A
1784533863.345,$GPGSV,3,3,09,32,34,298,35,6*59
1784533863.346,$GPGSV,2,1,05,15,04,064,,27,03,270,,29,04,166,,31,08,215,,0*60
1784533863.347,$GPGSV,2,2,05,31,08,215,,0*5C
1784533863.348,$GLGSV,2,1,07,65,19,037,37,66,26,344,45,75,18,048,25,76,43,106,44,1*70
1784533863.348,$GLGSV,2,2,07,77,26,165,31,81,39,297,39,88,45,216,40,1*4E
1784533863.350,$GLGSV,2,1,05,66,26,344,43,75,18,048,31,76,43,106,47,81,39,297,39,3*7E
1784533863.350,$GLGSV,2,2,05,88,45,216,31,3*49
1784533863.351,$GLGSV,1,1,03,67,07,292,,82,05,329,,87,00,168,,0*42
1784533863.352,$GAGSV,2,1,07,07,32,024,46,13,38,154,41,19,21,261,34,26,82,265,44,2*7A
1784533863.353,$GAGSV,2,2,07,27,20,132,28,29,49,313,36,33,32,323,43,2*4A
1784533863.354,$GAGSV,2,1,06,07,32,024,39,13,38,154,37,19,21,261,24,26,82,265,39,7*7C
1784533863.355,$GAGSV,2,2,06,29,49,313,34,33,32,323,41,7*73
1784533863.355,$GAGSV,1,1,02,21,10,183,,30,09,085,,0*79
1784533863.357,$GBGSV,2,1,08,06,47,049,46,07,78,102,48,08,14,175,23,09,44,008,43,1*79
1784533863.358,$GBGSV,2,2,08,10,74,147,48,13,36,203,39,24,28,058,32,28,42,242,40,1*72
1784533863.358,$GBGSV,1,1,02,09,44,008,47,10,74,147,48,3*78
1784533863.359,$GBGSV,2,1,06,01,43,108,,02,61,243,,03,73,145,,04,24,096,,0*77
1784533863.360,$GBGSV,2,2,06,04,24,096,,23,25,190,,0*72
1784533863.361,$GNGLL,1451.06699,N,10205.02108,E,075103.00,A,D*7E
1784533864.328,$GNRMC,075104.00,A,1451.06698,N,10205.02108,E,0.012,,200726,0.76,W,D,V*51
1784533864.329,$GNVTG,,T,,M,0.012,N,0.022,K,D*3B
1784533864.330,$GNGGA,075104.00,1451.06698,N,10205.02108,E,2,12,0.49,264.5,M,-24.5,M,,0084*62
1784533864.331,$GNGSA,A,3,10,12,18,23,24,25,32,28,,,,,1.10,0.49,0.99,1*0C
1784533864.332,$GNGSA,A,3,77,66,76,65,88,81,,,,,,,1.10,0.49,0.99,2*04
1784533864.333,$GNGSA,A,3,27,07,13,19,26,29,33,,,,,,1.10,0.49,0.99,3*09
1784533864.333,$GNGSA,A,3,06,07,09,10,13,28,24,,,,,,1.10,0.49,0.99,4*0E
1784533864.334,$GPGSV,3,1,12,10,36,345,46,12,20,099,38,13,25,094,36,18,53,177,42,1*6E
1784533864.335,$GPGSV,3,2,12,23,53,033,45,24,19,037,37,25,29,139,30,28,37,216,37,1*65
1784533864.336,$GPGSV,3,3,12,32,34,298,38,40,34,258,38,41,62,233,44,42,68,219,42,1*69
1784533864.337,$GPGSV,3,1,09,10,36,345,40,12,20,099,41,13,25,094,43,18,53,177,45,6*6E
1784533864.339,$GPGSV,3,2,09,23,53,033,45,24,19,037,38,25,29,139,26,28,37,216,32,6*65
1784533864.339,$GPGSV,3,3,09,32,34,298,33,6*5F
1784533864.340,$GPGSV,2,1,05,15,04,064,,27,03,270,,29,04,166,,31,08,215,,0*60
1784533864.341,$GPGSV,2,2,05,31,08,215,,0*5C
1784533864.342,$GLGSV,2,1,07,65,19,037,34,66,26,344,46,75,18,048,31,76,43,106,45,1*74
1784533864.343,$GLGSV,2,2,07,77,26,165,35,81,39,297,42,88,45,216,37,1*46
1784533864.344,$GLGSV,2,1,05,66,26,344,44,75,18,048,31,76,43,106,46,81,39,297,39,3*78
1784533864.344,$GLGSV,2,2,05,88,45,216,33,3*4B
1784533864.345,$GLGSV,1,1,03,67,07,292,,82,05,329,,87,00,168,,0*42
1784533864.346,$GAGSV,2,1,07,07,32,024,47,13,38,154,35,19,21,261,33,26,82,265,42,2*79
1784533864.347,$GAGSV,2,2,07,27,20,132,28,29,49,313,35,33,32,323,43,2*49
1784533864.348,$GAGSV,2,1,06,07,32,024,37,13,38,154,37,19,21,261,25,26,82,265,39,7*73
1784533864.349,$GAGSV,2,2,06,29,49,313,34,33,32,323,41,7*73
1784533864.350,$GAGSV,1,1,02,21,10,183,,30,09,085,,0*79
1784533864.351,$GBGSV,2,1,08,06,47,049,45,07,78,102,48,08,14,175,24,09,44,008,43,1*7D
1784533864.352,$GBGSV,2,2,08,10,74,147,47,13,36,203,38,24,28,058,36,28,42,242,39,1*76
1784533864.352,$GBGSV,1,1,02,09,44,008,47,10,74,147,47,3*77
1784533864.353,$GBGSV,2,1,06,01,43,108,,02,61,243,,03,73,145,,04,24,096,,0*77
1784533864.354,$GBGSV,2,2,06,04,24,096,,23,25,190,,0*72
1784533864.355,$GNGLL,1451.06698,N,10205.02108,E,075104.00,A,D*78
1784533865.335,$GNRMC,075105.00,A,1451.06697,N,10205.02108,E,0.003,,200726,0.76,W,D,V*5F
1784533865.336,$GNVTG,,T,,M,0.003,N,0.005,K,D*3E
1784533865.337,$GNGGA,075105.00,1451.06697,N,10205.02108,E,2,12,0.49,264.4,M,-24.5,M,,0084*6D
1784533865.338,$GNGSA,A,3,10,12,18,23,24,25,32,28,,,,,1.10,0.49,0.99,1*0C
1784533865.338,$GNGSA,A,3,77,66,76,65,88,81,,,,,,,1.10,0.49,0.99,2*04
1784533865.339,$GNGSA,A,3,27,07,13,19,26,29,33,,,,,,1.10,0.49,0.99,3*09
1784533865.340,$GNGSA,A,3,06,07,09,10,13,28,24,,,,,,1.10,0.49,0.99,4*0E
1784533865.341,$GPGSV,3,1,12,10,36,345,46,12,20,099,38,13,25,094,36,18,53,177,44,1*68
1784533865.342,$GPGSV,3,2,12,23,53,033,45,24,19,037,37,25,29,139,29,28,37,216,34,1*6E
1784533865.343,$GPGSV,3,3,12,32,34,298,36,40,34,258,39,41,62,233,46,42,68,219,43,1*65
1784533865.344,$GPGSV,3,1,09,10,36,345,40,12,20,099,41,13,25,094,43,18,53,177,46,6*6D
1784533865.345,$GPGSV,3,2,09,23,53,033,44,24,19,037,38,25,29,139,29,28,37,216,36,6*6F
1784533865.346,$GPGSV,3,3,09,32,34,298,34,6*58
1784533865.346,$GPGSV,2,1,05,15,04,064,,27,03,270,,29,04,166,,31,08,215,,0*60
1784533865.347,$GPGSV,2,2,05,31,08,215,,0*5C
1784533865.348,$GLGSV,2,1,07,65,19,037,33,66,26,344,46,75,18,048,29,76,43,106,47,1*78
1784533865.349,$GLGSV,2,2,07,77,26,165,29,81,39,297,42,88,45,216,41,1*4A
1784533865.350,$GLGSV,2,1,05,66,26,344,44,75,18,048,27,76,43,106,46,81,39,297,41,3*70
1784533865.351,$GLGSV,2,2,05,88,45,216,31,3*49
1784533865.352,$GLGSV,1,1,03,67,07,292,,82,05,329,,87,00,168,,0*42
1784533865.353,$GAGSV,2,1,07,07,32,024,46,13,38,154,42,19,21,261,33,26,82,265,39,2*74
1784533865.353,$GAGSV,2,2,07,27,20,132,27,29,49,313,38,33,32,323,41,2*49
1784533865.354,$GAGSV,2,1,06,07,32,024,38,13,38,154,40,19,21,261,24,26,82,265,37,7*73
1784533865.355,$GAGSV,2,2,06,29,49,313,32,33,32,323,42,7*76
1784533865.356,$GAGSV,1,1,02,21,10,183,,30,09,085,,0*79
1784533865.357,$GBGSV,2,1,08,06,47,049,46,07,78,102,48,08,14,175,25,09,44,008,44,1*78
1784533865.358,$GBGSV,2,2,08,10,74,147,47,13,36,203,39,24,28,058,36,28,42,242,42,1*7B
1784533865.359,$GBGSV,1,1,02,09,44,008,47,10,74,147,47,3*77
1784533865.360,$GBGSV,2,1,06,01,43,108,,02,61,243,,03,73,145,,04,24,096,,0*77
1784533865.360,$GBGSV,2,2,06,04,24,096,,23,25,190,,0*72
1784533865.361,$GNGLL,1451.06697,N,10205.02108,E,075105.00,A,D*76
1784533866.335,$GNRMC,075106.00,A,1451.06697,N,10205.02108,E,0.019,,200726,0.76,W,D,V*57
1784533866.337,$GNVTG,,T,,M,0.019,N,0.035,K,D*36
1784533866.338,$GNGGA,075106.00,1451.06697,N,10205.02108,E,2,12,0.49,264.5,M,-24.5,M,,0084*6F
1784533866.339,$GNGSA,A,3,10,12,18,23,24,25,32,28,,,,,1.10,0.49,0.99,1*0C
1784533866.339,$GNGSA,A,3,77,66,76,65,88,81,,,,,,,1.10,0.49,0.99,2*04
1784533866.340,$GNGSA,A,3,27,07,13,19,26,29,33,,,,,,1.10,0.49,0.99,3*09
1784533866.341,$GNGSA,A,3,06,07,09,10,13,28,24,,,,,,1.10,0.49,0.99,4*0E
1784533866.342,$GPGSV,3,1,12,10,36,345,46,12,20,099,39,13,25,094,35,18,53,177,43,1*6D
1784533866.343,$GPGSV,3,2,12,23,53,033,44,24,19,037,37,25,29,139,28,28,37,216,36,1*6C
1784533866.344,$GPGSV,3,3,12,32,34,298,37,40,34,258,39,41,62,233,45,42,68,219,40,1*64
1784533866.345,$GPGSV,3,1,09,10,36,345,40,12,20,099,41,13,25,094,43,18,53,177,46,6*6D
1784533866.346,$GPGSV,3,2,09,23,53,033,43,24,19,037,38,25,29,139,33,28,37,216,37,6*62
1784533866.347,$GPGSV,3,3,09,32,34,298,33,6*5F
1784533866.348,$GPGSV,2,1,05,15,04,064,,27,03,270,,29,04,166,,31,08,215,,0*60
1784533866.348,$GPGSV,2,2,05,31,08,215,,0*5C
1784533866.349,$GLGSV,2,1,07,65,19,037,30,66,26,344,44,75,18,048,20,76,43,106,46,1*71
1784533866.350,$GLGSV,2,2,07,77,26,165,30,81,39,297,41,88,45,216,38,1*4F
1784533866.351,$GLGSV,2,1,05,66,26,344,44,75,18,048,28,76,43,106,46,81,39,297,42,3*7C
1784533866.352,$GLGSV,2,2,05,88,45,216,33,3*4B
1784533866.353,$GLGSV,1,1,03,67,07,292,,82,05,329,,87,00,168,,0*42
1784533866.354,$GAGSV,2,1,07,07,32,024,46,13,38,154,43,19,21,261,34,26,82,265,39,2*72
1784533866.354,$GAGSV,2,2,07,27,20,132,28,29,49,313,38,33,32,323,43,2*44
1784533866.356,$GAGSV,2,1,06,07,32,024,37,13,38,154,40,19,21,261,21,26,82,265,37,7*79
1784533866.356,$GAGSV,2,2,06,29,49,313,35,33,32,323,42,7*71
1784533866.357,$GAGSV,1,1,02,21,10,183,,30,09,085,,0*79
1784533866.358,$GBGSV,2,1,08,06,47,049,47,07,78,102,47,08,14,175,23,09,44,008,45,1*71
1784533866.359,$GBGSV,2,2,08,10,74,147,47,13,36,203,40,24,28,058,33,28,42,242,41,1*73
1784533866.360,$GBGSV,1,1,02,09,44,008,47,10,74,147,47,3*77
1784533866.361,$GBGSV,2,1,06,01,43,108,,02,61,243,,03,73,145,,04,24,096,,0*77
1784533866.361,$GBGSV,2,2,06,04,24,096,,23,25,190,,0*72
1784533866.362,$GNGLL,1451.06697,N,10205.02108,E,075106.00,A,D*75
1784533867.335,$GNRMC,075107.00,A,1451.06697,N,10205.02107,E,0.013,,200726,0.76,W,D,V*53
1784533867.336,$GNVTG,,T,,M,0.013,N,0.025,K,D*3D
1784533867.337,$GNGGA,075107.00,1451.06697,N,10205.02107,E,2,12,0.49,264.5,M,-24.5,M,,0084*61
1784533867.338,$GNGSA,A,3,10,12,18,23,24,25,32,28,,,,,1.10,0.49,0.99,1*0C
1784533867.338,$GNGSA,A,3,77,66,76,65,88,81,,,,,,,1.10,0.49,0.99,2*04
1784533867.339,$GNGSA,A,3,27,07,13,19,26,29,33,,,,,,1.10,0.49,0.99,3*09
1784533867.340,$GNGSA,A,3,06,07,09,10,13,28,24,,,,,,1.10,0.49,0.99,4*0E
1784533867.341,$GPGSV,3,1,12,10,36,345,47,12,20,099,40,13,25,094,38,18,53,177,44,1*68
1784533867.342,$GPGSV,3,2,12,23,53,033,45,24,19,037,37,25,29,139,07,28,37,216,37,1*61
1784533867.343,$GPGSV,3,3,12,32,34,298,37,40,34,258,39,41,62,233,44,42,68,219,42,1*67
1784533867.344,$GPGSV,3,1,09,10,36,345,40,12,20,099,41,13,25,094,43,18,53,177,46,6*6D
1784533867.345,$GPGSV,3,2,09,23,53,033,45,24,19,037,38,25,29,139,32,28,37,216,34,6*66
1784533867.346,$GPGSV,3,3,09,32,34,298,34,6*58
1784533867.347,$GPGSV,2,1,05,15,04,064,,27,03,270,,29,04,166,,31,08,215,,0*60
1784533867.347,$GPGSV,2,2,05,31,08,215,,0*5C
1784533867.348,$GLGSV,2,1,07,65,19,037,31,66,26,344,46,75,18,048,34,76,43,106,47,1*76
1784533867.349,$GLGSV,2,2,07,77,26,165,31,81,39,297,42,88,45,216,40,1*42
1784533867.350,$GLGSV,2,1,05,66,26,344,43,75,18,048,19,76,43,106,46,81,39,297,40,3*7B
1784533867.351,$GLGSV,2,2,05,88,45,216,34,3*4C
1784533867.352,$GLGSV,1,1,03,67,07,292,,82,05,329,,87,00,168,,0*42
1784533867.353,$GAGSV,2,1,07,07,32,024,47,13,38,154,42,19,21,261,34,26,82,265,41,2*7D
1784533867.354,$GAGSV,2,2,07,27,20,132,27,29,49,313,35,33,32,323,42,2*47
1784533867.355,$GAGSV,2,1,06,07,32,024,39,13,38,154,39,19,21,261,21,26,82,265,37,7*79
1784533867.355,$GAGSV,2,2,06,29,49,313,32,33,32,323,42,7*76
1784533867.356,$GAGSV,1,1,02,21,10,183,,30,09,085,,0*79
1784533867.357,$GBGSV,2,1,08,06,47,049,47,07,78,102,48,08,14,175,23,09,44,008,45,1*7E
1784533867.358,$GBGSV,2,2,08,10,74,147,47,13,36,203,41,24,28,058,34,28,42,242,41,1*75
1784533867.359,$GBGSV,1,1,02,09,44,008,46,10,74,147,47,3*76
1784533867.360,$GBGSV,2,1,06,01,43,108,,02,61,243,,03,73,145,,04,24,096,,0*77
1784533867.360,$GBGSV,2,2,06,04,24,096,,23,25,190,,0*72
1784533867.361,$GNGLL,1451.06697,N,10205.02107,E,075107.00,A,D*7B
1784533868.335,$GNRMC,075108.00,A,1451.06697,N,10205.02107,E,0.013,,200726,0.76,W,D,V*5C
1784533868.336,$GNVTG,,T,,M,0.013,N,0.024,K,D*3C
1784533868.338,$GNGGA,075108.00,1451.06697,N,10205.02107,E,2,12,0.49,264.5,M,-24.5,M,,0084*6E
1784533868.338,$GNGSA,A,3,10,12,18,23,24,25,32,28,,,,,1.10,0.49,0.99,1*0C
1784533868.339,$GNGSA,A,3,77,66,76,65,88,81,,,,,,,1.10,0.49,0.99,2*04
1784533868.340,$GNGSA,A,3,27,07,13,19,26,29,33,,,,,,1.10,0.49,0.99,3*09
1784533868.341,$GNGSA,A,3,06,07,09,10,13,28,24,,,,,,1.10,0.49,0.99,4*0E
1784533868.341,$GPGSV,3,1,11,10,36,345,47,12,20,099,38,13,25,094,37,18,53,177,44,1*6B
1784533868.343,$GPGSV,3,2,11,23,53,033,45,24,19,037,37,28,37,216,35,32,34,298,37,1*61
1784533868.343,$GPGSV,3,3,11,40,34,258,39,41,62,233,43,42,68,219,44,1*54
1784533868.345,$GPGSV,3,1,09,10,36,345,39,12,20,099,42,13,25,094,42,18,53,177,45,6*62
1784533868.346,$GPGSV,3,2,09,23,53,033,44,24,19,037,38,25,29,139,30,28,37,216,35,6*64
1784533868.346,$GPGSV,3,3,09,32,34,298,35,6*59
1784533868.347,$GPGSV,2,1,05,15,04,064,,27,03,270,,29,04,166,,31,08,215,,0*60
1784533868.348,$GPGSV,2,2,05,31,08,215,,0*5C
1784533868.349,$GLGSV,2,1,07,65,19,037,30,66,26,344,45,75,18,048,35,76,43,106,47,1*75
1784533868.350,$GLGSV,2,2,07,77,26,165,33,81,39,297,42,88,45,216,40,1*40
1784533868.351,$GLGSV,2,1,05,66,26,344,43,75,18,048,20,76,43,106,47,81,39,297,40,3*70
1784533868.351,$GLGSV,2,2,05,88,45,216,36,3*4E
1784533868.352,$GLGSV,1,1,03,67,07,292,,82,05,329,,87,00,168,,0*42
1784533868.353,$GAGSV,2,1,07,07,32,024,47,13,38,154,42,19,21,261,34,26,82,265,43,2*7F
1784533868.354,$GAGSV,2,2,07,27,20,132,27,29,49,313,37,33,32,323,42,2*45
1784533868.355,$GAGSV,2,1,06,07,32,024,37,13,38,154,39,19,21,261,22,26,82,265,39,7*7A
1784533868.356,$GAGSV,2,2,06,29,49,313,32,33,32,323,41,7*75
1784533868.357,$GAGSV,1,1,02,21,10,183,,30,09,085,,0*79
1784533868.358,$GBGSV,2,1,08,06,47,049,47,07,78,102,47,08,14,175,20,09,44,008,44,1*73
1784533868.359,$GBGSV,2,2,08,10,74,147,47,13,36,203,40,24,28,058,36,28,42,242,43,1*74
1784533868.359,$GBGSV,1,1,02,09,44,008,46,10,74,147,47,3*76
1784533868.360,$GBGSV,2,1,06,01,43,108,,02,61,243,,03,73,145,,04,24,096,,0*77
1784533868.361,$GBGSV,2,2,06,04,24,096,,23,25,190,,0*72
1784533868.362,$GNGLL,1451.06697,N,10205.02107,E,075108.00,A,D*74
1784533869.333,$GNRMC,075109.00,A,1451.06696,N,10205.02108,E,0.010,,200726,0.76,W,D,V*50
1784533869.334,$GNVTG,,T,,M,0.010,N,0.019,K,D*31
1784533869.335,$GNGGA,075109.00,1451.06696,N,10205.02108,E,2,12,0.49,264.4,M,-24.5,M,,0084*60
1784533869.336,$GNGSA,A,3,10,12,18,23,24,25,32,28,,,,,1.10,0.49,0.99,1*0C
1784533869.337,$GNGSA,A,3,77,66,76,65,88,81,,,,,,,1.10,0.49,0.99,2*04
1784533869.338,$GNGSA,A,3,27,07,13,19,26,29,33,,,,,,1.10,0.49,0.99,3*09
1784533869.338,$GNGSA,A,3,06,07,09,10,13,28,24,,,,,,1.10,0.49,0.99,4*0E
1784533869.339,$GPGSV,3,1,11,10,36,345,47,12,20,099,36,13,25,094,39,18,53,177,44,1*6B
1784533869.340,$GPGSV,3,2,11,23,53,033,45,24,19,037,38,28,37,216,39,32,34,298,39,1*6C
1784533869.341,$GPGSV,3,3,11,40,34,258,39,41,62,233,45,42,68,219,43,1*55
1784533869.342,$GPGSV,3,1,09,10,36,345,40,12,20,099,42,13,25,094,43,18,53,177,44,6*6C
1784533869.343,$GPGSV,3,2,09,23,53,033,45,24,19,037,38,25,29,139,31,28,37,216,36,6*67
1784533869.344,$GPGSV,3,3,09,32,34,298,35,6*59
1784533869.345,$GPGSV,2,1,05,15,04,064,,27,03,270,,29,04,166,,31,08,215,,0*60
1784533869.346,$GPGSV,2,2,05,31,08,215,,0*5C
1784533869.347,$GLGSV,2,1,07,65,19,037,31,66,26,344,44,75,18,048,31,76,43,106,47,1*71
1784533869.347,$GLGSV,2,2,07,77,26,165,30,81,39,297,43,88,45,216,38,1*4D
1784533869.349,$GLGSV,2,1,05,66,26,344,44,75,18,048,28,76,43,106,47,81,39,297,41,3*7E
1784533869.349,$GLGSV,2,2,05,88,45,216,34,3*4C
1784533869.350,$GLGSV,1,1,03,67,07,292,,82,05,329,,87,00,168,,0*42
1784533869.351,$GAGSV,2,1,07,07,32,024,46,13,38,154,41,19,21,261,34,26,82,265,44,2*7A
1784533869.352,$GAGSV,2,2,07,27,20,132,30,29,49,313,38,33,32,323,42,2*4C
1784533869.353,$GAGSV,2,1,06,07,32,024,38,13,38,154,39,19,21,261,25,26,82,265,40,7*7C
1784533869.354,$GAGSV,2,2,06,29,49,313,24,33,32,323,42,7*71
1784533869.354,$GAGSV,1,1,02,21,10,183,,30,09,085,,0*79
1784533869.355,$GBGSV,2,1,08,06,47,049,46,07,78,102,47,08,14,175,21,09,44,008,44,1*73
1784533869.356,$GBGSV,2,2,08,10,74,147,48,13,36,203,42,24,28,058,39,28,42,242,43,1*76
1784533869.357,$GBGSV,1,1,02,09,44,008,46,10,74,147,46,3*77
1784533869.358,$GBGSV,2,1,06,01,43,108,,02,61,243,,03,73,145,,04,24,096,,0*77
1784533869.359,$GBGSV,2,2,06,04,24,096,,23,25,190,,0*72
1784533869.360,$GNGLL,1451.06696,N,10205.02108,E,075109.00,A,D*7B
1784533870.336,$GNRMC,075110.00,A,1451.06695,N,10205.02108,E,0.002,,200726,0.76,W,D,V*58
1784533870.337,$GNVTG,,T,,M,0.002,N,0.004,K,D*3E
1784533870.338,$GNGGA,075110.00,1451.06695,N,10205.02108,E,2,12,0.49,264.4,M,-24.5,M,,0084*6B
1784533870.339,$GNGSA,A,3,10,12,18,23,24,25,32,28,,,,,1.10,0.49,0.99,1*0C
1784533870.340,$GNGSA,A,3,77,66,76,65,88,81,,,,,,,1.10,0.49,0.99,2*04
1784533870.341,$GNGSA,A,3,27,07,13,19,26,29,33,,,,,,1.10,0.49,0.99,3*09
1784533870.341,$GNGSA,A,3,06,07,09,10,13,28,24,,,,,,1.10,0.49,0.99,4*0E
1784533870.342,$GPGSV,3,1,12,10,36,345,46,12,20,099,38,13,25,094,39,18,53,177,45,1*66
1784533870.343,$GPGSV,3,2,12,23,53,033,45,24,19,037,37,25,29,139,25,28,37,216,38,1*6E
1784533870.344,$GPGSV,3,3,12,32,34,298,38,40,34,258,40,41,62,233,45,42,68,219,44,1*61
1784533870.345,$GPGSV,3,1,09,10,36,345,40,12,20,099,42,13,25,094,43,18,53,177,45,6*6D
1784533870.346,$GPGSV,3,2,09,23,53,033,44,24,19,037,38,25,29,139,32,28,37,216,36,6*65
1784533870.347,$GPGSV,3,3,09,32,34,298,35,6*59
1784533870.348,$GPGSV,2,1,05,15,04,064,,27,03,270,,29,04,166,,31,08,215,,0*60
1784533870.349,$GPGSV,2,2,05,31,08,215,,0*5C
1784533870.350,$GLGSV,2,1,07,65,19,037,30,66,26,344,45,75,18,048,24,76,43,106,47,1*75
1784533870.351,$GLGSV,2,2,07,77,26,165,29,81,39,297,43,88,45,216,36,1*4B
1784533870.352,$GLGSV,2,1,05,66,26,344,45,75,18,048,28,76,43,106,48,81,39,297,42,3*73
1784533870.352,$GLGSV,2,2,05,88,45,216,33,3*4B
1784533870.353,$GLGSV,1,1,03,67,07,292,,82,05,329,,87,00,168,,0*42
1784533870.354,$GAGSV,2,1,07,07,32,024,47,13,38,154,41,19,21,261,32,26,82,265,42,2*7B
1784533870.355,$GAGSV,2,2,07,27,20,132,31,29,49,313,38,33,32,323,41,2*4E
1784533870.356,$GAGSV,2,1,06,07,32,024,39,13,38,154,39,19,21,261,24,26,82,265,37,7*7C
1784533870.356,$GAGSV,2,2,06,29,49,313,25,33,32,323,42,7*70
1784533870.357,$GAGSV,1,1,02,21,10,183,,30,09,085,,0*79
1784533870.358,$GBGSV,2,1,08,06,47,049,46,07,78,102,47,08,14,175,20,09,44,008,44,1*72
1784533870.359,$GBGSV,2,2,08,10,74,147,47,13,36,203,41,24,28,058,39,28,42,242,42,1*7B
1784533870.360,$GBGSV,1,1,02,09,44,008,47,10,74,147,47,3*77
1784533870.361,$GBGSV,2,1,06,01,43,108,,02,61,243,,03,73,145,,04,24,096,,0*77
1784533870.362,$GBGSV,2,2,06,04,24,096,,23,25,190,,0*72
1784533870.362,$GNGLL,1451.06695,N,10205.02108,E,075110.00,A,D*70
1784533871.336,$GNRMC,075111.00,A,1451.06695,N,10205.02109,E,0.009,,200726,0.76,W,D,V*53
1784533871.337,$GNVTG,,T,,M,0.009,N,0.017,K,D*37
1784533871.338,$GNGGA,075111.00,1451.06695,N,10205.02109,E,2,12,0.49,264.4,M,-24.5,M,,0084*6B
1784533871.339,$GNGSA,A,3,10,12,18,23,24,25,32,28,,,,,1.10,0.49,0.99,1*0C
1784533871.340,$GNGSA,A,3,77,66,76,65,88,81,,,,,,,1.10,0.49,0.99,2*04
1784533871.341,$GNGSA,A,3,27,07,13,19,26,29,33,,,,,,1.10,0.49,0.99,3*09
1784533871.342,$GNGSA,A,3,06,07,09,10,13,28,24,,,,,,1.10,0.49,0.99,4*0E
1784533871.343,$GPGSV,3,1,12,10,36,345,46,12,20,099,38,13,25,094,38,18,53,177,45,1*67
1784533871.345,$GPGSV,3,2,12,23,53,033,45,24,19,037,37,25,29,139,24,28,37,216,36,1*61
1784533871.346,$GPGSV,3,3,12,32,34,298,37,40,34,258,40,41,62,233,45,42,68,219,42,1*68
1784533871.347,$GPGSV,3,1,09,10,36,345,39,12,20,099,42,13,25,094,43,18,53,177,46,6*60
1784533871.349,$GPGSV,3,2,09,23,53,033,44,24,19,037,38,25,29,139,32,28,37,216,39,6*6A
1784533871.350,$GPGSV,3,3,09,32,34,298,35,6*59
1784533871.351,$GPGSV,2,1,05,15,04,064,,27,03,270,,29,04,166,,31,08,215,,0*60
1784533871.352,$GPGSV,2,2,05,31,08,215,,0*5C
1784533871.353,$GLGSV,2,1,07,65,19,037,29,66,26,344,45,75,18,048,27,76,43,106,47,1*7E
1784533871.353,$GLGSV,2,2,07,77,26,165,33,81,39,297,42,88,45,216,37,1*40
1784533871.355,$GLGSV,2,1,05,66,26,344,44,75,18,048,29,76,43,106,47,81,39,297,42,3*7C
1784533871.356,$GLGSV,2,2,05,88,45,216,31,3*49
1784533871.357,$GLGSV,1,1,03,67,07,292,,82,05,329,,87,00,168,,0*42
1784533871.358,$GAGSV,2,1,07,07,32,024,47,13,38,154,42,19,21,261,32,26,82,265,42,2*78
1784533871.359,$GAGSV,2,2,07,27,20,132,28,29,49,313,38,33,32,323,42,2*45
1784533871.361,$GAGSV,2,1,06,07,32,024,38,13,38,154,37,19,21,261,23,26,82,265,37,7*74
1784533871.362,$GAGSV,2,2,06,29,49,313,27,33,32,323,42,7*72
1784533871.363,$GAGSV,1,1,02,21,10,183,,30,09,085,,0*79
1784533871.364,$GBGSV,2,1,08,06,47,049,46,07,78,102,48,08,14,175,21,09,44,008,44,1*7C
1784533871.365,$GBGSV,2,2,08,10,74,147,46,13,36,203,41,24,28,058,38,28,42,242,42,1*7B
1784533871.366,$GBGSV,1,1,02,09,44,008,47,10,74,147,47,3*77
1784533871.367,$GBGSV,2,1,06,01,43,108,,02,61,243,,03,73,145,,04,24,096,,0*77
1784533871.367,$GBGSV,2,2,06,04,24,096,,23,25,190,,0*72
1784533871.368,$GNGLL,1451.06695,N,10205.02109,E,075111.00,A,D*70
1784533872.338,$GNRMC,075112.00,A,1451.06695,N,10205.02108,E,0.004,,200726,0.76,W,D,V*5C
1784533872.339,$GNVTG,,T,,M,0.004,N,0.007,K,D*3B
1784533872.341,$GNGGA,075112.00,1451.06695,N,10205.02108,E,2,12,0.49,264.3,M,-24.5,M,,0084*6E
1784533872.342,$GNGSA,A,3,10,12,18,23,24,25,32,28,,,,,1.12,0.49,1.00,1*0F
1784533872.343,$GNGSA,A,3,77,66,76,75,65,88,81,,,,,,1.12,0.49,1.00,2*05
1784533872.344,$GNGSA,A,3,07,13,19,26,29,33,,,,,,,1.12,0.49,1.00,3*0F
1784533872.345,$GNGSA,A,3,06,07,09,10,13,28,24,,,,,,1.12,0.49,1.00,4*0D
1784533872.346,$GPGSV,3,1,12,10,36,345,46,12,20,099,39,13,25,094,38,18,53,177,46,1*65
1784533872.347,$GPGSV,3,2,12,23,53,033,45,24,19,037,38,25,29,139,21,28,37,216,36,1*6B
1784533872.348,$GPGSV,3,3,12,32,34,298,37,40,34,258,40,41,62,233,45,42,68,219,42,1*68
1784533872.350,$GPGSV,3,1,09,10,36,345,40,12,20,099,42,13,25,094,42,18,53,177,46,6*6F
1784533872.351,$GPGSV,3,2,09,23,53,033,44,24,19,037,38,25,29,139,34,28,37,216,38,6*6D
1784533872.352,$GPGSV,3,3,09,32,34,298,34,6*58
1784533872.353,$GPGSV,2,1,05,15,04,064,,27,03,270,,29,04,166,,31,08,215,,0*60
1784533872.354,$GPGSV,2,2,05,31,08,215,,0*5C
1784533872.354,$GLGSV,2,1,07,65,19,037,31,66,26,344,47,75,18,048,30,76,43,106,48,1*7C
1784533872.355,$GLGSV,2,2,07,77,26,165,28,81,39,297,44,88,45,216,39,1*42
1784533872.357,$GLGSV,2,1,05,66,26,344,44,75,18,048,29,76,43,106,47,81,39,297,44,3*7A
1784533872.357,$GLGSV,2,2,05,88,45,216,35,3*4D
1784533872.358,$GLGSV,1,1,03,67,07,292,,82,05,329,,87,00,168,,0*42
1784533872.360,$GAGSV,2,1,07,07,32,024,47,13,38,154,42,19,21,261,32,26,82,265,42,2*78
1784533872.361,$GAGSV,2,2,07,27,20,132,28,29,49,313,37,33,32,323,42,2*4A
1784533872.362,$GAGSV,2,1,07,07,32,024,39,13,38,154,37,19,21,261,22,26,82,265,36,7*74
1784533872.363,$GAGSV,2,2,07,27,20,132,28,29,49,313,25,33,32,323,42,7*4C
1784533872.364,$GAGSV,1,1,02,21,10,183,,30,09,085,,0*79
1784533872.365,$GBGSV,2,1,08,06,47,049,46,07,78,102,48,08,14,175,17,09,44,008,45,1*78
1784533872.366,$GBGSV,2,2,08,10,74,147,47,13,36,203,42,24,28,058,40,28,42,242,43,1*77
1784533872.367,$GBGSV,1,1,02,09,44,008,48,10,74,147,47,3*78
1784533872.368,$GBGSV,2,1,06,01,43,108,,02,61,243,,03,73,145,,04,24,096,,0*77
1784533872.369,$GBGSV,2,2,06,04,24,096,,23,25,190,,0*72
1784533872.370,$GNGLL,1451.06695,N,10205.02108,E,075112.00,A,D*72
1784533873.330,$GNRMC,075113.00,A,1451.06694,N,10205.02110,E,0.007,,200726,0.76,W,D,V*56
1784533873.331,$GNVTG,,T,,M,0.007,N,0.012,K,D*3C
1784533873.332,$GNGGA,075113.00,1451.06694,N,10205.02110,E,2,12,0.49,264.3,M,-24.5,M,,0084*67
1784533873.333,$GNGSA,A,3,10,12,18,23,24,25,32,28,,,,,1.12,0.49,1.00,1*0F
1784533873.334,$GNGSA,A,3,77,66,76,75,65,88,81,,,,,,1.12,0.49,1.00,2*05
1784533873.335,$GNGSA,A,3,07,13,19,26,29,33,,,,,,,1.12,0.49,1.00,3*0F
1784533873.335,$GNGSA,A,3,06,07,09,10,13,28,24,,,,,,1.12,0.49,1.00,4*0D
1784533873.336,$GPGSV,3,1,12,10,36,345,47,12,20,099,38,13,25,094,38,18,53,177,45,1*66
1784533873.337,$GPGSV,3,2,12,23,53,033,45,24,19,037,38,25,29,139,25,28,37,216,37,1*6E
1784533873.339,$GPGSV,3,3,12,32,34,298,39,40,34,258,40,41,62,233,44,42,68,219,43,1*66
1784533873.340,$GPGSV,3,1,09,10,36,345,40,12,20,099,42,13,25,094,42,18,53,177,45,6*6C
1784533873.341,$GPGSV,3,2,09,23,53,033,44,24,19,037,38,25,29,139,34,28,37,216,37,6*62
1784533873.342,$GPGSV,3,3,09,32,34,298,37,6*5B
1784533873.343,$GPGSV,2,1,05,15,04,064,,27,03,270,,29,04,166,,31,08,215,,0*60
1784533873.344,$GPGSV,2,2,05,31,08,215,,0*5C
1784533873.345,$GLGSV,2,1,07,65,19,037,32,66,26,344,46,75,18,048,30,76,43,106,48,1*7E
1784533873.346,$GLGSV,2,2,07,77,26,165,28,81,39,297,44,88,45,216,36,1*4D
1784533873.347,$GLGSV,2,1,05,66,26,344,45,75,18,048,28,76,43,106,47,81,39,297,43,3*7D
1784533873.348,$GLGSV,2,2,05,88,45,216,35,3*4D
1784533873.349,$GLGSV,1,1,03,67,07,292,,82,05,329,,87,00,168,,0*42
1784533873.350,$GAGSV,2,1,07,07,32,024,47,13,38,154,43,19,21,261,32,26,82,265,44,2*7F
1784533873.351,$GAGSV,2,2,07,27,20,132,29,29,49,313,38,33,32,323,43,2*45
1784533873.352,$GAGSV,2,1,07,07,32,024,40,13,38,154,38,19,21,261,20,26,82,265,39,7*78
1784533873.353,$GAGSV,2,2,07,27,20,132,27,29,49,313,26,33,32,323,42,7*40
1784533873.354,$GAGSV,1,1,02,21,10,183,,30,09,085,,0*79
1784533873.355,$GBGSV,2,1,08,06,47,049,46,07,78,102,47,08,14,175,15,09,44,008,45,1*75
1784533873.356,$GBGSV,2,2,08,10,74,147,47,13,36,203,42,24,28,058,41,28,42,242,43,1*76
1784533873.357,$GBGSV,1,1,02,09,44,008,48,10,74,147,46,3*79
1784533873.358,$GBGSV,2,1,06,01,43,108,,02,61,243,,03,73,145,,04,24,096,,0*77
1784533873.358,$GBGSV,2,2,06,04,24,096,,23,25,190,,0*72
1784533873.359,$GNGLL,1451.06694,N,10205.02110,E,075113.00,A,D*7B
1784533874.338,$GNRMC,075114.00,A,1451.06694,N,10205.02111,E,0.008,,200726,0.76,W,D,V*5F
1784533874.339,$GNVTG,,T,,M,0.008,N,0.014,K,D*35
1784533874.340,$GNGGA,075114.00,1451.06694,N,10205.02111,E,2,12,0.49,264.3,M,-24.5,M,,0084*61
1784533874.341,$GNGSA,A,3,10,12,18,23,24,25,32,28,,,,,1.12,0.49,1.00,1*0F
1784533874.342,$GNGSA,A,3,77,66,76,75,65,88,81,,,,,,1.12,0.49,1.00,2*05
1784533874.343,$GNGSA,A,3,07,13,19,26,29,33,,,,,,,1.12,0.49,1.00,3*0F
1784533874.343,$GNGSA,A,3,06,07,09,10,13,28,24,,,,,,1.12,0.49,1.00,4*0D
1784533874.344,$GPGSV,3,1,12,10,36,345,46,12,20,099,38,13,25,094,38,18,53,177,45,1*67
1784533874.346,$GPGSV,3,2,12,23,53,033,45,24,19,037,38,25,29,139,27,28,37,216,38,1*63
1784533874.347,$GPGSV,3,3,12,32,34,298,39,40,34,258,40,41,62,233,44,42,68,219,43,1*66
1784533874.349,$GPGSV,3,1,09,10,36,345,40,12,20,099,42,13,25,094,42,18,53,177,45,6*6C
1784533874.350,$GPGSV,3,2,09,23,53,033,44,24,19,037,37,25,29,139,34,28,37,216,37,6*6D
1784533874.351,$GPGSV,3,3,09,32,34,298,38,6*54
1784533874.352,$GPGSV,2,1,05,15,04,064,,27,03,270,,29,04,166,,31,08,215,,0*60
1784533874.353,$GPGSV,2,2,05,31,08,215,,0*5C
1784533874.354,$GLGSV,2,1,07,65,19,037,32,66,26,344,46,75,18,048,30,76,43,106,48,1*7E
1784533874.355,$GLGSV,2,2,07,77,26,165,28,81,39,297,44,88,45,216,39,1*42
1784533874.356,$GLGSV,2,1,05,66,26,344,45,75,18,048,28,76,43,106,47,81,39,297,42,3*7C
1784533874.357,$GLGSV,2,2,05,88,45,216,34,3*4C
1784533874.358,$GLGSV,1,1,03,67,07,292,,82,05,329,,87,00,168,,0*42
1784533874.359,$GAGSV,2,1,07,07,32,024,47,13,38,154,42,19,21,261,32,26,82,265,44,2*7E
1784533874.360,$GAGSV,2,2,07,27,20,132,30,29,49,313,38,33,32,323,43,2*4D
1784533874.361,$GAGSV,2,1,07,07,32,024,40,13,38,154,38,19,21,261,20,26,82,265,39,7*78
1784533874.362,$GAGSV,2,2,07,27,20,132,26,29,49,313,27,33,32,323,42,7*40
1784533874.363,$GAGSV,1,1,02,21,10,183,,30,09,085,,0*79
1784533874.365,$GBGSV,2,1,08,06,47,049,46,07,78,102,47,08,14,175,13,09,44,008,45,1*73
1784533874.366,$GBGSV,2,2,08,10,74,147,47,13,36,203,42,24,28,058,39,28,42,242,43,1*79
1784533874.367,$GBGSV,1,1,02,09,44,008,47,10,74,147,46,3*76
1784533874.367,$GBGSV,2,1,06,01,43,108,,02,61,243,,03,73,145,,04,24,096,,0*77
1784533874.368,$GBGSV,2,2,06,04,24,096,,23,25,190,,0*72
1784533874.369,$GNGLL,1451.06694,N,10205.02111,E,075114.00,A,D*7D
