1780409400.308,$GNRMC,141000.00,A,1338.99717,N,10029.55089,E,0.019,,020626,0.53,W,A,V*54
1780409400.308,$GNVTG,,T,,M,0.019,N,0.035,K,A*33
1780409400.309,$GNGGA,141000.00,1338.99717,N,10029.55089,E,1,12,0.67,7.1,M,-27.8,M,,*61
1780409400.309,$GNGSA,A,3,02,10,25,26,28,31,32,,,,,,1.33,0.67,1.15,1*0D
1780409400.310,$GNGSA,A,3,78,66,77,67,,,,,,,,,1.33,0.67,1.15,2*09
1780409400.310,$GNGSA,A,3,05,06,09,16,25,31,34,,,,,,1.33,0.67,1.15,3*09
1780409400.311,$GNGSA,A,3,06,07,09,10,23,24,25,,,,,,1.33,0.67,1.15,4*08
1780409400.311,$GPGSV,3,1,09,02,16,265,28,10,53,149,28,25,19,042,33,26,62,193,32,1*63
1780409400.312,$GPGSV,3,2,09,28,45,358,30,31,51,310,43,32,42,039,42,41,64,233,45,1*66
1780409400.312,$GPGSV,3,3,09,42,70,217,44,1*58
1780409400.313,$GPGSV,2,1,06,10,53,149,26,25,19,042,40,26,62,193,25,28,45,358,37,6*69
1780409400.313,$GPGSV,2,2,06,31,51,310,45,32,42,039,43,6*6A
1780409400.314,$GPGSV,2,1,08,01,12,291,,03,03,326,,16,29,197,,23,15,148,,0*6A
1780409400.315,$GPGSV,2,2,08,23,15,148,,27,02,201,,29,05,094,,40,37,260,,0*66
1780409400.315,$GLGSV,1,1,04,66,30,095,30,67,42,022,41,77,36,023,34,78,80,241,48,1*7D
1780409400.316,$GLGSV,2,1,05,66,30,095,22,67,42,022,44,68,12,336,38,78,80,241,48,3*78
1780409400.316,$GLGSV,2,2,05,79,26,211,22,3*47
1780409400.317,$GLGSV,1,1,03,81,02,195,,82,08,237,,83,01,285,,0*4D
1780409400.317,$GAGSV,2,1,07,05,36,346,41,06,19,074,43,09,32,051,48,16,60,101,50,2*78
1780409400.318,$GAGSV,2,2,07,25,41,182,26,31,19,047,37,34,29,279,24,2*47
1780409400.318,$GAGSV,2,1,06,05,36,346,35,06,19,074,33,09,32,051,39,16,60,101,45,7*7A
1780409400.319,$GAGSV,2,2,06,31,19,047,31,34,29,279,20,7*7C
1780409400.319,$GAGSV,1,1,04,03,08,302,,04,02,091,,11,11,171,,36,36,217,,0*77
1780409400.320,$GBGSV,2,1,07,06,64,135,47,07,50,006,38,09,83,030,45,10,59,351,40,1*73
1780409400.321,$GBGSV,2,2,07,23,43,231,21,24,22,034,40,25,76,339,47,1*4D
1780409400.321,$GBGSV,1,1,02,09,83,030,48,10,59,351,46,3*73
1780409400.322,$GBGSV,3,1,09,01,42,107,,02,63,242,,03,71,140,,04,22,097,,0*74
1780409400.322,$GBGSV,3,2,09,04,22,097,,08,16,155,,13,10,200,,14,02,128,,0*76
1780409400.323,$GBGSV,3,3,09,14,02,128,,0*42
1780409400.323,$GNGLL,1338.99717,N,10029.55089,E,141000.00,A,A*70
1780409401.297,$GNRMC,141001.00,A,1338.99819,N,10029.55109,E,0.078,,020626,0.53,W,D,V*5F
1780409401.299,$GNVTG,,T,,M,0.078,N,0.144,K,D*36
1780409401.301,$GNGGA,141001.00,1338.99819,N,10029.55109,E,2,12,0.69,5.3,M,-27.8,M,1.0,0499*4E
1780409401.302,$GNGSA,A,3,02,10,25,26,28,31,32,,,,,,1.31,0.69,1.11,1*05
1780409401.302,$GNGSA,A,3,78,66,77,79,67,,,,,,,,1.31,0.69,1.11,2*0F
1780409401.303,$GNGSA,A,3,05,06,09,16,25,31,34,,,,,,1.31,0.69,1.11,3*01
1780409401.303,$GNGSA,A,3,06,07,09,10,23,24,25,,,,,,1.31,0.69,1.11,4*00
1780409401.304,$GPGSV,3,1,10,02,16,265,28,10,53,149,29,25,19,042,37,26,62,193,33,1*6F
1780409401.305,$GPGSV,3,2,10,28,45,358,32,31,51,310,46,32,42,039,46,41,64,233,51,1*68
1780409401.305,$GPGSV,3,3,10,42,70,217,47,50,56,115,42,1*66
1780409401.306,$GPGSV,2,1,06,10,53,149,25,25,19,042,40,26,62,193,25,28,45,358,37,6*6A
1780409401.306,$GPGSV,2,2,06,31,51,310,45,32,42,039,43,6*6A
1780409401.307,$GPGSV,2,1,07,01,12,291,,03,03,326,,16,29,197,,23,15,148,,0*65
1780409401.307,$GPGSV,2,2,07,23,15,148,,27,02,201,,29,05,094,,0*5D
1780409401.308,$GLGSV,1,1,04,66,30,095,30,67,42,022,43,77,36,023,34,78,80,241,49,1*7E
1780409401.309,$GLGSV,2,1,05,66,30,095,23,67,42,022,44,68,12,336,39,78,80,241,48,3*78
1780409401.309,$GLGSV,2,2,05,79,26,211,23,3*46
1780409401.310,$GLGSV,1,1,03,81,02,195,,82,08,237,,83,01,285,,0*4D
1780409401.310,$GAGSV,2,1,07,05,36,346,40,06,19,074,43,09,32,051,47,16,60,101,51,2*77
1780409401.311,$GAGSV,2,2,07,25,41,182,26,31,19,047,37,34,29,279,24,2*47
1780409401.312,$GAGSV,2,1,06,05,36,346,38,06,19,074,37,09,32,051,43,16,60,101,49,7*72
1780409401.312,$GAGSV,2,2,06,31,19,047,36,34,29,279,20,7*7B
1780409401.313,$GAGSV,1,1,04,03,08,302,,04,02,091,,11,11,171,,36,36,217,,0*77
1780409401.313,$GBGSV,2,1,07,06,64,135,50,07,50,006,42,09,83,030,48,10,59,351,43,1*76
1780409401.314,$GBGSV,2,2,07,23,43,231,20,24,22,034,43,25,76,339,51,1*48
1780409401.315,$GBGSV,1,1,02,09,83,030,48,10,59,351,45,3*70
1780409401.316,$GBGSV,3,1,09,01,42,107,,02,63,242,,03,71,140,,04,22,097,,0*74
1780409401.317,$GBGSV,3,2,09,04,22,097,,08,16,155,,13,10,200,,14,02,128,,0*76
1780409401.318,$GBGSV,3,3,09,14,02,128,,0*42
1780409401.318,$GNGLL,1338.99819,N,10029.55109,E,141001.00,A,D*7C
1780409402.324,$GNRMC,141002.00,A,1338.99758,N,10029.54939,E,0.044,,020626,0.53,W,D,V*53
1780409402.326,$GNVTG,,T,,M,0.044,N,0.081,K,D*31
1780409402.328,$GNGGA,141002.00,1338.99758,N,10029.54939,E,2,12,1.05,-1.6,M,-27.8,M,1.0,0499*6A
1780409402.328,$GNGSA,A,3,02,10,25,26,28,31,32,,,,,,2.08,1.05,1.79,1*09
1780409402.329,$GNGSA,A,3,78,66,77,79,67,,,,,,,,2.08,1.05,1.79,2*03
1780409402.329,$GNGSA,A,3,05,06,09,16,25,31,34,,,,,,2.08,1.05,1.79,3*0D
1780409402.330,$GNGSA,A,3,06,07,09,10,24,25,,,,,,,2.08,1.05,1.79,4*0D
1780409402.330,$GPGSV,3,1,10,02,16,265,29,10,53,149,28,25,19,042,37,26,62,193,35,1*69
1780409402.331,$GPGSV,3,2,10,28,45,358,33,31,51,310,45,32,42,039,45,41,64,233,50,1*68
1780409402.331,$GPGSV,3,3,10,42,70,217,48,50,56,115,42,1*69
1780409402.332,$GPGSV,2,1,06,10,53,149,25,25,19,042,40,26,62,193,25,28,45,358,38,6*65
1780409402.333,$GPGSV,2,2,06,31,51,310,45,32,42,039,43,6*6A
1780409402.333,$GPGSV,2,1,07,01,12,291,,03,03,326,,16,29,197,,23,15,148,,0*65
1780409402.334,$GPGSV,2,2,07,23,15,148,,27,02,201,,29,05,094,,0*5D
1780409402.334,$GLGSV,2,1,05,66,30,095,29,67,42,022,43,77,36,023,35,78,80,241,48,1*74
1780409402.335,$GLGSV,2,2,05,79,26,211,18,1*4C
1780409402.335,$GLGSV,2,1,05,66,30,095,23,67,42,022,44,68,12,336,39,78,80,241,48,3*78
1780409402.336,$GLGSV,2,2,05,79,26,211,23,3*46
1780409402.336,$GLGSV,1,1,03,81,02,195,,82,08,237,,83,01,285,,0*4D
1780409402.337,$GAGSV,2,1,07,05,36,346,40,06,19,074,43,09,32,051,47,16,60,101,51,2*77
1780409402.338,$GAGSV,2,2,07,25,41,182,26,31,19,047,36,34,29,279,24,2*46
1780409402.338,$GAGSV,2,1,06,05,36,346,36,06,19,074,34,09,32,051,40,16,60,101,47,7*72
1780409402.339,$GAGSV,2,2,06,31,19,047,33,34,29,279,16,7*7B
1780409402.339,$GAGSV,1,1,04,03,08,302,,04,02,091,,11,11,171,,36,36,217,,0*77
1780409402.340,$GBGSV,2,1,07,06,64,135,49,07,50,006,41,09,83,030,47,10,59,351,42,1*73
1780409402.341,$GBGSV,2,2,07,23,43,231,18,24,22,034,42,25,76,339,50,1*43
1780409402.341,$GBGSV,1,1,02,09,83,030,48,10,59,351,45,3*70
1780409402.342,$GBGSV,3,1,09,01,42,107,,02,63,242,,03,71,140,,04,22,097,,0*74
1780409402.343,$GBGSV,3,2,09,04,22,097,,08,16,155,,13,10,200,,14,02,128,,0*76
1780409402.343,$GBGSV,3,3,09,14,02,128,,0*42
1780409402.344,$GNGLL,1338.99758,N,10029.54939,E,141002.00,A,D*7F
1780409403.302,$GNRMC,141003.00,A,1338.99861,N,10029.54919,E,0.038,,020626,0.53,W,F,V*5C
1780409403.304,$GNVTG,,T,,M,0.038,N,0.070,K,D*34
1780409403.306,$GNGGA,141003.00,1338.99861,N,10029.54919,E,5,12,1.05,-2.1,M,-27.8,M,1.0,0499*6F
1780409403.308,$GNGSA,A,3,10,25,26,28,31,32,,,,,,,2.08,1.05,1.79,1*0B
1780409403.310,$GNGSA,A,3,78,66,77,79,67,,,,,,,,2.08,1.05,1.79,2*03
1780409403.311,$GNGSA,A,3,05,06,09,16,25,31,34,,,,,,2.08,1.05,1.79,3*0D
1780409403.313,$GNGSA,A,3,06,07,09,10,24,25,,,,,,,2.08,1.05,1.79,4*0D
1780409403.314,$GPGSV,3,1,10,02,16,265,28,10,53,149,28,25,19,042,37,26,62,193,33,1*6E
1780409403.317,$GPGSV,3,2,10,28,45,358,33,31,51,310,45,32,42,039,45,41,64,233,49,1*60
1780409403.318,$GPGSV,3,3,10,42,70,217,48,50,56,115,41,1*6A
1780409403.319,$GPGSV,2,1,06,10,53,149,24,25,19,042,40,26,62,193,25,28,45,358,38,6*64
1780409403.320,$GPGSV,2,2,06,31,51,310,45,32,42,039,43,6*6A
1780409403.320,$GPGSV,2,1,07,01,12,291,,03,03,326,,16,29,197,,23,15,148,,0*65
1780409403.321,$GPGSV,2,2,07,23,15,148,,27,02,201,,29,05,094,,0*5D
1780409403.322,$GLGSV,2,1,05,66,30,095,29,67,42,022,43,77,36,023,35,78,80,241,48,1*74
1780409403.322,$GLGSV,2,2,05,79,26,211,17,1*43
1780409403.323,$GLGSV,2,1,05,66,30,095,22,67,42,022,44,68,12,336,39,78,80,241,48,3*79
1780409403.323,$GLGSV,2,2,05,79,26,211,23,3*46
1780409403.324,$GLGSV,1,1,03,81,02,195,,82,08,237,,83,01,285,,0*4D
1780409403.324,$GAGSV,2,1,07,05,36,346,40,06,19,074,43,09,32,051,47,16,60,101,51,2*77
1780409403.325,$GAGSV,2,2,07,25,41,182,26,31,19,047,37,34,29,279,24,2*47
1780409403.326,$GAGSV,2,1,06,05,36,346,36,06,19,074,34,09,32,051,40,16,60,101,47,7*72
1780409403.327,$GAGSV,2,2,06,31,19,047,33,34,29,279,15,7*78
1780409403.328,$GAGSV,1,1,04,03,08,302,,04,02,091,,11,11,171,,36,36,217,,0*77
1780409403.328,$GBGSV,2,1,07,06,64,135,48,07,50,006,40,09,83,030,46,10,59,351,42,1*72
1780409403.329,$GBGSV,2,2,07,23,43,231,16,24,22,034,42,25,76,339,49,1*45
1780409403.330,$GBGSV,1,1,02,09,83,030,48,10,59,351,45,3*70
1780409403.330,$GBGSV,3,1,09,01,42,107,,02,63,242,,03,71,140,,04,22,097,,0*74
1780409403.331,$GBGSV,3,2,09,04,22,097,,08,16,155,,13,10,200,,14,02,128,,0*76
1780409403.331,$GBGSV,3,3,09,14,02,128,,0*42
1780409403.332,$GNGLL,1338.99861,N,10029.54919,E,141003.00,A,D*79
1780409404.324,$GNRMC,141004.00,A,1338.99923,N,10029.54957,E,0.028,,020626,0.53,W,F,V*57
1780409404.326,$GNVTG,,T,,M,0.028,N,0.052,K,D*35
1780409404.328,$GNGGA,141004.00,1338.99923,N,10029.54957,E,5,12,1.05,-0.1,M,-27.8,M,1.0,0499*67
1780409404.328,$GNGSA,A,3,02,10,25,26,28,31,32,,,,,,2.08,1.05,1.79,1*09
1780409404.329,$GNGSA,A,3,78,66,77,79,67,,,,,,,,2.08,1.05,1.79,2*03
1780409404.329,$GNGSA,A,3,05,06,09,16,25,31,34,,,,,,2.08,1.05,1.79,3*0D
1780409404.330,$GNGSA,A,3,06,07,09,10,24,25,,,,,,,2.08,1.05,1.79,4*0D
1780409404.330,$GPGSV,3,1,10,02,16,265,28,10,53,149,28,25,19,042,37,26,62,193,33,1*6E
1780409404.331,$GPGSV,3,2,10,28,45,358,33,31,51,310,45,32,42,039,45,41,64,233,48,1*61
1780409404.331,$GPGSV,3,3,10,42,70,217,48,50,56,115,41,1*6A
1780409404.332,$GPGSV,2,1,06,10,53,149,24,25,19,042,40,26,62,193,25,28,45,358,38,6*64
1780409404.333,$GPGSV,2,2,06,31,51,310,45,32,42,039,43,6*6A
1780409404.333,$GPGSV,2,1,07,01,12,291,,03,03,326,,16,29,197,,23,15,148,,0*65
1780409404.334,$GPGSV,2,2,07,23,15,148,,27,02,201,,29,05,094,,0*5D
1780409404.334,$GLGSV,2,1,05,66,30,095,29,67,42,022,43,77,36,023,35,78,80,241,48,1*74
1780409404.335,$GLGSV,2,2,05,79,26,211,16,1*42
1780409404.335,$GLGSV,2,1,05,66,30,095,25,67,42,022,44,68,12,336,39,78,80,241,48,3*7E
1780409404.336,$GLGSV,2,2,05,79,26,211,22,3*47
1780409404.336,$GLGSV,1,1,03,81,02,195,,82,08,237,,83,01,285,,0*4D
1780409404.337,$GAGSV,2,1,07,05,36,346,40,06,19,074,43,09,32,051,47,16,60,101,51,2*77
1780409404.338,$GAGSV,2,2,07,25,41,182,26,31,19,047,37,34,29,279,24,2*47
1780409404.338,$GAGSV,2,1,06,05,36,346,36,06,19,074,34,09,32,051,41,16,60,101,47,7*73
1780409404.339,$GAGSV,2,2,06,31,19,047,33,34,29,279,15,7*78
1780409404.340,$GAGSV,1,1,04,03,08,302,,04,02,091,,11,11,171,,36,36,217,,0*77
1780409404.340,$GBGSV,2,1,07,06,64,135,49,07,50,006,40,09,83,030,46,10,59,351,42,1*73
1780409404.341,$GBGSV,2,2,07,23,43,231,16,24,22,034,42,25,76,339,49,1*45
1780409404.341,$GBGSV,1,1,02,09,83,030,48,10,59,351,45,3*70
1780409404.342,$GBGSV,3,1,09,01,42,107,,02,63,242,,03,71,140,,04,22,097,,0*74
1780409404.343,$GBGSV,3,2,09,04,22,097,,08,16,155,,13,10,200,,14,02,128,,0*76
1780409404.343,$GBGSV,3,3,09,14,02,128,,0*42
1780409404.344,$GNGLL,1338.99923,N,10029.54957,E,141004.00,A,D*73
1780409405.312,$GNRMC,141005.00,A,1338.99956,N,10029.54979,E,0.042,,020626,0.53,W,F,V*54
1780409405.314,$GNVTG,,T,,M,0.042,N,0.077,K,D*3E
1780409405.316,$GNGGA,141005.00,1338.99956,N,10029.54979,E,5,12,0.87,1.2,M,-27.8,M,1.0,0499*4C
1780409405.318,$GNGSA,A,3,02,10,25,26,28,31,32,,,,,,1.59,0.87,1.32,1*0A
1780409405.320,$GNGSA,A,3,68,78,66,77,79,67,,,,,,,1.59,0.87,1.32,2*0E
1780409405.322,$GNGSA,A,3,05,06,09,16,25,31,34,,,,,,1.59,0.87,1.32,3*0E
1780409405.323,$GNGSA,A,3,06,07,09,10,24,25,,,,,,,1.59,0.87,1.32,4*0E
1780409405.325,$GPGSV,3,1,11,02,16,265,28,10,53,149,28,23,15,148,18,25,19,042,37,1*65
1780409405.327,$GPGSV,3,2,11,26,62,193,33,28,45,358,33,31,51,310,45,32,42,039,45,1*62
1780409405.329,$GPGSV,3,3,11,41,64,233,48,42,70,217,48,50,56,115,41,1*52
1780409405.331,$GPGSV,2,1,06,10,53,149,25,25,19,042,40,26,62,193,25,28,45,358,39,6*64
1780409405.331,$GPGSV,2,2,06,31,51,310,45,32,42,039,43,6*6A
1780409405.332,$GPGSV,2,1,06,01,12,291,,03,03,326,,16,29,197,,27,02,201,,0*68
1780409405.333,$GPGSV,2,2,06,27,02,201,,29,05,094,,0*64
1780409405.333,$GLGSV,2,1,05,66,30,095,29,67,42,022,44,77,36,023,35,78,80,241,48,1*73
1780409405.334,$GLGSV,2,2,05,79,26,211,15,1*41
1780409405.334,$GLGSV,2,1,05,66,30,095,26,67,42,022,44,68,12,336,38,78,80,241,48,3*7C
1780409405.335,$GLGSV,2,2,05,79,26,211,22,3*47
1780409405.335,$GLGSV,1,1,03,81,02,195,,82,08,237,,83,01,285,,0*4D
1780409405.336,$GAGSV,2,1,07,05,36,346,40,06,19,074,43,09,32,051,47,16,60,101,51,2*77
1780409405.337,$GAGSV,2,2,07,25,41,182,26,31,19,047,37,34,29,279,24,2*47
1780409405.337,$GAGSV,2,1,06,05,36,346,36,06,19,074,34,09,32,051,41,16,60,101,47,7*73
1780409405.338,$GAGSV,2,2,06,31,19,047,33,34,29,279,15,7*78
1780409405.339,$GAGSV,1,1,04,03,08,302,,04,02,091,,11,11,171,,36,36,217,,0*77
1780409405.339,$GBGSV,2,1,07,06,64,135,48,07,50,006,40,09,83,030,46,10,59,351,42,1*72
1780409405.340,$GBGSV,2,2,07,23,43,231,13,24,22,034,42,25,76,339,49,1*40
1780409405.340,$GBGSV,1,1,02,09,83,030,48,10,59,351,45,3*70
1780409405.341,$GBGSV,3,1,09,01,42,107,,02,63,242,,03,71,140,,04,22,097,,0*74
1780409405.342,$GBGSV,3,2,09,04,22,097,,08,16,155,,13,10,200,,14,02,128,,0*76
1780409405.342,$GBGSV,3,3,09,14,02,128,,0*42
1780409405.343,$GNGLL,1338.99956,N,10029.54979,E,141005.00,A,D*7C
1780409406.322,$GNRMC,141006.00,A,1338.99972,N,10029.54999,E,0.047,,020626,0.53,W,F,V*5A
1780409406.324,$GNVTG,,T,,M,0.047,N,0.087,K,D*34
1780409406.325,$GNGGA,141006.00,1338.99972,N,10029.54999,E,5,12,0.87,2.2,M,-27.8,M,1.0,0499*44
1780409406.326,$GNGSA,A,3,02,10,25,26,28,31,32,,,,,,1.59,0.87,1.32,1*0A
1780409406.326,$GNGSA,A,3,68,78,66,77,79,67,,,,,,,1.59,0.87,1.32,2*0E
1780409406.327,$GNGSA,A,3,05,06,09,16,25,31,34,,,,,,1.59,0.87,1.32,3*0E
1780409406.327,$GNGSA,A,3,06,07,09,10,24,25,,,,,,,1.59,0.87,1.32,4*0E
1780409406.328,$GPGSV,3,1,11,02,16,265,29,10,53,149,28,23,15,148,17,25,19,042,37,1*6B
1780409406.328,$GPGSV,3,2,11,26,62,193,32,28,45,358,33,31,51,310,46,32,42,039,45,1*60
1780409406.329,$GPGSV,3,3,11,41,64,233,49,42,70,217,47,50,56,115,41,1*5C
1780409406.330,$GPGSV,2,1,06,10,53,149,25,25,19,042,40,26,62,193,24,28,45,358,39,6*65
1780409406.330,$GPGSV,2,2,06,31,51,310,45,32,42,039,43,6*6A
1780409406.331,$GPGSV,2,1,06,01,12,291,,03,03,326,,16,29,197,,27,02,201,,0*68
1780409406.331,$GPGSV,2,2,06,27,02,201,,29,05,094,,0*64
1780409406.332,$GLGSV,2,1,05,66,30,095,29,67,42,022,44,77,36,023,35,78,80,241,48,1*73
1780409406.332,$GLGSV,2,2,05,79,26,211,15,1*41
1780409406.333,$GLGSV,2,1,05,66,30,095,27,67,42,022,44,68,12,336,37,78,80,241,48,3*72
1780409406.334,$GLGSV,2,2,05,79,26,211,21,3*44
1780409406.334,$GLGSV,1,1,03,81,02,195,,82,08,237,,83,01,285,,0*4D
1780409406.335,$GAGSV,2,1,07,05,36,346,39,06,19,074,43,09,32,051,47,16,60,101,50,2*78
1780409406.335,$GAGSV,2,2,07,25,41,182,26,31,19,047,37,34,29,279,24,2*47
1780409406.336,$GAGSV,2,1,06,05,36,346,36,06,19,074,35,09,32,051,41,16,60,101,46,7*73
1780409406.336,$GAGSV,2,2,06,31,19,047,33,34,29,279,17,7*7A
1780409406.337,$GAGSV,1,1,04,03,08,302,,04,02,091,,11,11,171,,36,36,217,,0*77
1780409406.338,$GBGSV,2,1,07,06,64,135,48,07,50,006,40,09,83,030,46,10,59,351,42,1*72
1780409406.338,$GBGSV,2,2,07,23,43,231,11,24,22,034,42,25,76,339,49,1*42
1780409406.339,$GBGSV,1,1,02,09,83,030,48,10,59,351,45,3*70
1780409406.339,$GBGSV,3,1,09,01,42,107,,02,63,242,,03,71,140,,04,22,097,,0*74
1780409406.340,$GBGSV,3,2,09,04,22,097,,08,16,155,,13,10,200,,14,02,128,,0*76
1780409406.340,$GBGSV,3,3,09,14,02,128,,0*42
1780409406.341,$GNGLL,1338.99972,N,10029.54999,E,141006.00,A,D*77
1780409407.305,$GNRMC,141007.00,A,1338.99976,N,10029.55006,E,0.061,,020626,0.53,W,F,V*55
1780409407.307,$GNVTG,,T,,M,0.061,N,0.113,K,D*3C
1780409407.308,$GNGGA,141007.00,1338.99976,N,10029.55006,E,5,12,0.85,2.7,M,-27.8,M,1.0,0499*48
1780409407.308,$GNGSA,A,3,02,10,25,26,28,31,32,,,,,,1.51,0.85,1.25,1*06
1780409407.309,$GNGSA,A,3,68,78,66,77,79,67,,,,,,,1.51,0.85,1.25,2*02
1780409407.309,$GNGSA,A,3,05,06,09,16,25,31,34,,,,,,1.51,0.85,1.25,3*02
1780409407.310,$GNGSA,A,3,06,07,09,10,33,24,25,,,,,,1.51,0.85,1.25,4*02
1780409407.310,$GPGSV,3,1,11,02,16,265,29,10,53,149,28,23,15,148,16,25,19,042,38,1*65
1780409407.311,$GPGSV,3,2,11,26,62,193,32,28,45,358,33,31,51,310,46,32,42,039,45,1*60
1780409407.312,$GPGSV,3,3,11,41,64,233,48,42,70,217,47,50,56,115,41,1*5D
1780409407.312,$GPGSV,2,1,06,10,53,149,26,25,19,042,40,26,62,193,25,28,45,358,39,6*67
1780409407.313,$GPGSV,2,2,06,31,51,310,45,32,42,039,42,6*6B
1780409407.313,$GPGSV,2,1,06,01,12,291,,03,03,326,,16,29,197,,27,02,201,,0*68
1780409407.314,$GPGSV,2,2,06,27,02,201,,29,05,094,,0*64
1780409407.315,$GLGSV,2,1,05,66,30,095,29,67,42,022,44,77,36,023,36,78,80,241,48,1*70
1780409407.315,$GLGSV,2,2,05,79,26,211,15,1*41
1780409407.316,$GLGSV,2,1,05,66,30,095,27,67,42,022,44,68,12,336,37,78,80,241,48,3*72
1780409407.316,$GLGSV,2,2,05,79,26,211,21,3*44
1780409407.317,$GLGSV,1,1,03,81,02,195,,82,08,237,,83,01,285,,0*4D
1780409407.317,$GAGSV,2,1,07,05,36,346,39,06,19,074,43,09,32,051,47,16,60,101,51,2*79
1780409407.318,$GAGSV,2,2,07,25,41,182,27,31,19,047,37,34,29,279,23,2*41
1780409407.318,$GAGSV,2,1,06,05,36,346,36,06,19,074,35,09,32,051,41,16,60,101,47,7*72
1780409407.319,$GAGSV,2,2,06,31,19,047,33,34,29,279,17,7*7A
1780409407.320,$GAGSV,1,1,04,03,08,302,,04,02,091,,11,11,171,,36,36,217,,0*77
1780409407.320,$GBGSV,2,1,07,06,64,135,48,07,50,006,40,09,83,030,46,10,59,351,42,1*72
1780409407.321,$GBGSV,2,2,07,24,22,034,42,25,76,339,49,33,60,058,50,1*4A
1780409407.321,$GBGSV,1,1,02,09,83,030,48,10,59,351,45,3*70
1780409407.322,$GBGSV,3,1,09,01,42,107,,02,63,242,,03,71,140,,04,22,097,,0*74
1780409407.323,$GBGSV,3,2,09,04,22,097,,08,16,155,,13,10,200,,14,02,128,,0*76
1780409407.323,$GBGSV,3,3,09,14,02,128,,0*42
1780409407.323,$GNGLL,1338.99976,N,10029.55006,E,141007.00,A,D*7C
1780409408.333,$GNRMC,141008.00,A,1338.99974,N,10029.55011,E,0.015,,020626,0.53,W,F,V*5D
1780409408.336,$GNVTG,,T,,M,0.015,N,0.028,K,D*36
1780409408.340,$GNGGA,141008.00,1338.99974,N,10029.55011,E,5,12,0.71,2.9,M,-27.8,M,1.0,0499*46
1780409408.342,$GNGSA,A,3,02,10,25,26,28,31,32,,,,,,1.27,0.71,1.05,1*0E
1780409408.343,$GNGSA,A,3,68,78,66,77,79,67,,,,,,,1.27,0.71,1.05,2*0A
1780409408.345,$GNGSA,A,3,05,06,09,16,25,31,34,,,,,,1.27,0.71,1.05,3*0A
1780409408.346,$GNGSA,A,3,06,07,09,10,33,24,25,,,,,,1.27,0.71,1.05,4*0A
1780409408.348,$GPGSV,3,1,11,02,16,265,29,10,53,149,29,23,15,148,16,25,19,042,38,1*64
1780409408.350,$GPGSV,3,2,11,26,62,193,33,28,45,358,33,31,51,310,46,32,42,039,45,1*61
1780409408.352,$GPGSV,3,3,11,41,64,233,48,42,70,217,48,50,56,115,41,1*52
1780409408.353,$GPGSV,2,1,06,10,53,149,26,25,19,042,39,26,62,193,24,28,45,358,39,6*68
1780409408.354,$GPGSV,2,2,06,31,51,310,45,32,42,039,41,6*68
1780409408.354,$GPGSV,2,1,06,01,12,291,,03,03,326,,16,29,197,,27,02,201,,0*68
1780409408.355,$GPGSV,2,2,06,27,02,201,,29,05,094,,0*64
1780409408.355,$GLGSV,2,1,05,66,30,095,32,67,42,022,46,77,36,023,36,78,80,241,48,1*78
1780409408.356,$GLGSV,2,2,05,79,26,211,14,1*40
1780409408.356,$GLGSV,2,1,05,66,30,095,27,67,42,022,44,68,12,336,38,78,80,241,48,3*7D
1780409408.357,$GLGSV,2,2,05,79,26,211,20,3*45
1780409408.357,$GLGSV,1,1,03,81,02,195,,82,08,237,,83,01,285,,0*4D
1780409408.358,$GAGSV,2,1,07,05,36,346,39,06,19,074,43,09,32,051,47,16,60,101,51,2*79
1780409408.359,$GAGSV,2,2,07,25,41,182,26,31,19,047,37,34,29,279,23,2*40
1780409408.359,$GAGSV,2,1,06,05,36,346,35,06,19,074,35,09,32,051,41,16,60,101,47,7*71
1780409408.360,$GAGSV,2,2,06,31,19,047,32,34,29,279,16,7*7A
1780409408.360,$GAGSV,1,1,04,03,08,302,,04,02,091,,11,11,171,,36,36,217,,0*77
1780409408.361,$GBGSV,2,1,07,06,64,135,48,07,50,006,41,09,83,030,47,10,59,351,42,1*72
1780409408.362,$GBGSV,2,2,07,24,22,034,42,25,76,339,49,33,60,058,49,1*42
1780409408.362,$GBGSV,1,1,02,09,83,030,48,10,59,351,46,3*73
1780409408.363,$GBGSV,3,1,09,01,42,107,,02,63,242,,03,71,140,,04,22,097,,0*74
1780409408.363,$GBGSV,3,2,09,04,22,097,,08,16,155,,13,10,200,,14,02,128,,0*76
1780409408.364,$GBGSV,3,3,09,14,02,128,,0*42
1780409408.364,$GNGLL,1338.99974,N,10029.55011,E,141008.00,A,D*77
1780409409.305,$GNRMC,141009.00,A,1338.99974,N,10029.55015,E,0.023,,020626,0.53,W,F,V*5D
1780409409.307,$GNVTG,,T,,M,0.023,N,0.042,K,D*3F
1780409409.308,$GNGGA,141009.00,1338.99974,N,10029.55015,E,5,12,0.71,3.1,M,-27.8,M,1.0,0499*4A
1780409409.309,$GNGSA,A,3,02,10,25,26,28,31,32,,,,,,1.27,0.71,1.05,1*0E
1780409409.309,$GNGSA,A,3,68,78,66,77,79,67,,,,,,,1.27,0.71,1.05,2*0A
1780409409.310,$GNGSA,A,3,05,06,09,16,25,31,34,,,,,,1.27,0.71,1.05,3*0A
1780409409.310,$GNGSA,A,3,06,07,09,10,33,24,25,,,,,,1.27,0.71,1.05,4*0A
1780409409.311,$GPGSV,3,1,11,02,16,265,30,10,53,149,29,23,15,148,16,25,19,042,38,1*6C
1780409409.312,$GPGSV,3,2,11,26,62,193,34,28,45,358,33,31,51,310,46,32,42,039,45,1*66
1780409409.312,$GPGSV,3,3,11,41,64,233,48,42,70,217,48,50,56,115,41,1*52
1780409409.313,$GPGSV,2,1,06,10,53,149,25,25,19,042,39,26,62,193,24,28,45,358,39,6*6B
1780409409.314,$GPGSV,2,2,06,31,51,310,44,32,42,039,41,6*69
1780409409.314,$GPGSV,2,1,06,01,12,291,,03,03,326,,16,29,197,,27,02,201,,0*68
1780409409.315,$GPGSV,2,2,06,27,02,201,,29,05,094,,0*64
1780409409.315,$GLGSV,2,1,05,66,30,095,33,67,42,022,46,77,36,023,36,78,80,241,48,1*79
1780409409.316,$GLGSV,2,2,05,79,26,211,09,1*4C
1780409409.316,$GLGSV,2,1,05,66,30,095,27,67,42,022,44,68,12,336,38,78,80,241,48,3*7D
1780409409.317,$GLGSV,2,2,05,79,26,211,20,3*45
1780409409.317,$GLGSV,1,1,03,81,02,195,,82,08,237,,83,01,285,,0*4D
1780409409.318,$GAGSV,2,1,07,05,36,346,39,06,19,074,43,09,32,051,47,16,60,101,51,2*79
1780409409.319,$GAGSV,2,2,07,25,41,182,26,31,19,047,37,34,29,279,22,2*41
1780409409.319,$GAGSV,2,1,06,05,36,346,35,06,19,074,35,09,32,051,41,16,60,101,47,7*71
1780409409.320,$GAGSV,2,2,06,31,19,047,32,34,29,279,14,7*78
1780409409.321,$GAGSV,1,1,04,03,08,302,,04,02,091,,11,11,171,,36,36,217,,0*77
1780409409.321,$GBGSV,2,1,07,06,64,135,48,07,50,006,41,09,83,030,47,10,59,351,42,1*72
1780409409.322,$GBGSV,2,2,07,24,22,034,42,25,76,339,49,33,60,058,49,1*42
1780409409.322,$GBGSV,1,1,02,09,83,030,48,10,59,351,46,3*73
1780409409.323,$GBGSV,3,1,09,01,42,107,,02,63,242,,03,71,140,,04,22,097,,0*74
1780409409.324,$GBGSV,3,2,09,04,22,097,,08,16,155,,13,10,200,,14,02,128,,0*76
1780409409.324,$GBGSV,3,3,09,14,02,128,,0*42
1780409409.325,$GNGLL,1338.99974,N,10029.55015,E,141009.00,A,D*72
1780409410.336,$GNRMC,141010.00,A,1338.99972,N,10029.55018,E,0.034,,020626,0.53,W,F,V*58
1780409410.338,$GNVTG,,T,,M,0.034,N,0.064,K,D*3D
1780409410.339,$GNGGA,141010.00,1338.99972,N,10029.55018,E,5,12,0.71,3.3,M,-27.8,M,0.0,0499*4A
1780409410.340,$GNGSA,A,3,10,25,26,28,31,32,,,,,,,1.27,0.71,1.05,1*0C
1780409410.340,$GNGSA,A,3,68,78,66,77,79,67,,,,,,,1.27,0.71,1.05,2*0A
1780409410.341,$GNGSA,A,3,05,06,09,16,25,31,34,,,,,,1.27,0.71,1.05,3*0A
1780409410.341,$GNGSA,A,3,06,07,09,10,33,24,25,,,,,,1.27,0.71,1.05,4*0A
1780409410.342,$GPGSV,3,1,11,02,16,265,28,10,53,149,28,23,15,148,15,25,19,042,38,1*67
1780409410.343,$GPGSV,3,2,11,26,62,193,33,28,45,358,36,31,51,310,45,32,42,039,45,1*67
1780409410.343,$GPGSV,3,3,11,41,64,233,48,42,70,217,47,50,56,115,42,1*5E
1780409410.344,$GPGSV,2,1,06,10,53,149,25,25,19,042,39,26,62,193,24,28,45,358,40,6*65
1780409410.345,$GPGSV,2,2,06,31,51,310,44,32,42,039,41,6*69
1780409410.345,$GPGSV,2,1,06,01,12,291,,03,03,326,,16,29,197,,27,02,201,,0*68
1780409410.346,$GPGSV,2,2,06,27,02,201,,29,05,094,,0*64
1780409410.346,$GLGSV,2,1,05,66,30,095,33,67,42,022,46,77,36,023,36,78,80,241,48,1*79
1780409410.347,$GLGSV,2,2,05,79,26,211,08,1*4D
1780409410.347,$GLGSV,2,1,05,66,30,095,28,67,42,022,44,68,12,336,37,78,80,241,48,3*7D
1780409410.348,$GLGSV,2,2,05,79,26,211,20,3*45
1780409410.348,$GLGSV,1,1,03,81,02,195,,82,08,237,,83,01,285,,0*4D
1780409410.349,$GAGSV,2,1,07,05,36,346,39,06,19,074,43,09,32,051,47,16,60,101,50,2*78
1780409410.350,$GAGSV,2,2,07,25,41,182,26,31,19,047,37,34,29,279,21,2*42
1780409410.350,$GAGSV,2,1,06,05,36,346,35,06,19,074,35,09,32,051,41,16,60,101,46,7*70
1780409410.351,$GAGSV,2,2,06,31,19,047,32,34,29,279,13,7*7F
1780409410.351,$GAGSV,1,1,04,03,08,302,,04,02,091,,11,11,171,,36,36,217,,0*77
1780409410.352,$GBGSV,2,1,07,06,64,135,48,07,50,006,40,09,83,030,47,10,59,351,42,1*73
1780409410.353,$GBGSV,2,2,07,24,22,034,42,25,76,339,49,33,60,058,49,1*42
1780409410.353,$GBGSV,1,1,02,09,83,030,48,10,59,351,45,3*70
1780409410.354,$GBGSV,3,1,09,01,42,107,,02,63,242,,03,71,140,,04,22,097,,0*74
1780409410.355,$GBGSV,3,2,09,04,22,097,,08,16,155,,13,10,200,,14,02,128,,0*76
1780409410.355,$GBGSV,3,3,09,14,02,128,,0*42
1780409410.356,$GNGLL,1338.99972,N,10029.55018,E,141010.00,A,D*71
1780409411.308,$GNRMC,141011.00,A,1338.99970,N,10029.55019,E,0.005,,020626,0.53,W,F,V*58
1780409411.310,$GNVTG,,T,,M,0.005,N,0.009,K,D*34
1780409411.311,$GNGGA,141011.00,1338.99970,N,10029.55019,E,5,12,0.71,3.3,M,-27.8,M,1.0,0499*49
1780409411.312,$GNGSA,A,3,02,10,25,26,28,31,32,,,,,,1.27,0.71,1.05,1*0E
1780409411.313,$GNGSA,A,3,68,78,66,77,79,67,,,,,,,1.27,0.71,1.05,2*0A
1780409411.314,$GNGSA,A,3,05,06,09,16,25,31,34,,,,,,1.27,0.71,1.05,3*0A
1780409411.315,$GNGSA,A,3,06,07,09,10,33,24,25,,,,,,1.27,0.71,1.05,4*0A
1780409411.316,$GPGSV,3,1,11,02,16,265,29,10,53,149,28,23,15,148,15,25,19,042,38,1*66
1780409411.317,$GPGSV,3,2,11,26,62,193,32,28,45,358,36,31,51,310,45,32,42,039,45,1*66
1780409411.318,$GPGSV,3,3,11,41,64,233,47,42,70,217,47,50,56,115,42,1*51
1780409411.318,$GPGSV,2,1,06,10,53,149,24,25,19,042,40,26,62,193,24,28,45,358,40,6*6A
1780409411.319,$GPGSV,2,2,06,31,51,310,44,32,42,039,41,6*69
1780409411.320,$GPGSV,2,1,06,01,12,291,,03,03,326,,16,29,197,,27,02,201,,0*68
1780409411.320,$GPGSV,2,2,06,27,02,201,,29,05,094,,0*64
1780409411.321,$GLGSV,2,1,05,66,30,095,33,67,42,022,46,77,36,023,36,78,80,241,48,1*79
1780409411.321,$GLGSV,2,2,05,79,26,211,09,1*4C
1780409411.322,$GLGSV,2,1,05,66,30,095,28,67,42,022,44,68,12,336,36,78,80,241,47,3*73
1780409411.322,$GLGSV,2,2,05,79,26,211,22,3*47
1780409411.323,$GLGSV,1,1,03,81,02,195,,82,08,237,,83,01,285,,0*4D
1780409411.324,$GAGSV,2,1,07,05,36,346,39,06,19,074,43,09,32,051,47,16,60,101,50,2*78
1780409411.324,$GAGSV,2,2,07,25,41,182,26,31,19,047,38,34,29,279,21,2*4D
1780409411.325,$GAGSV,2,1,06,05,36,346,35,06,19,074,35,09,32,051,41,16,60,101,46,7*70
1780409411.326,$GAGSV,2,2,06,31,19,047,32,34,29,279,13,7*7F
1780409411.326,$GAGSV,1,1,04,03,08,302,,04,02,091,,11,11,171,,36,36,217,,0*77
1780409411.327,$GBGSV,2,1,07,06,64,135,48,07,50,006,40,09,83,030,47,10,59,351,42,1*73
1780409411.328,$GBGSV,2,2,07,24,22,034,42,25,76,339,49,33,60,058,49,1*42
1780409411.328,$GBGSV,1,1,02,09,83,030,48,10,59,351,45,3*70
1780409411.329,$GBGSV,3,1,09,01,42,107,,02,63,242,,03,71,140,,04,22,097,,0*74
1780409411.329,$GBGSV,3,2,09,04,22,097,,08,16,155,,13,10,200,,14,02,128,,0*76
1780409411.330,$GBGSV,3,3,09,14,02,128,,0*42
1780409411.330,$GNGLL,1338.99970,N,10029.55019,E,141011.00,A,D*73
1780409412.328,$GNRMC,141012.00,A,1338.99968,N,10029.55021,E,0.017,,020626,0.53,W,F,V*5A
1780409412.329,$GNVTG,,T,,M,0.017,N,0.031,K,D*3C
1780409412.330,$GNGGA,141012.00,1338.99968,N,10029.55021,E,5,12,0.71,3.4,M,-27.8,M,1.0,0499*4F
1780409412.331,$GNGSA,A,3,10,25,26,28,31,32,,,,,,,1.27,0.71,1.05,1*0C
1780409412.331,$GNGSA,A,3,68,78,66,77,79,67,,,,,,,1.27,0.71,1.05,2*0A
1780409412.332,$GNGSA,A,3,05,06,09,16,25,31,34,,,,,,1.27,0.71,1.05,3*0A
1780409412.333,$GNGSA,A,3,06,07,09,10,33,24,25,,,,,,1.27,0.71,1.05,4*0A
1780409412.334,$GPGSV,3,1,10,10,53,149,27,23,15,148,14,25,19,042,38,26,62,193,31,1*6F
1780409412.335,$GPGSV,3,2,10,28,45,358,37,31,51,310,45,32,42,039,45,41,64,233,47,1*6A
1780409412.336,$GPGSV,3,3,10,42,70,217,47,50,56,115,42,1*66
1780409412.337,$GPGSV,2,1,06,10,53,149,24,25,19,042,40,26,62,193,25,28,45,358,40,6*6B
1780409412.337,$GPGSV,2,2,06,31,51,310,44,32,42,039,41,6*69
1780409412.338,$GPGSV,2,1,07,01,12,291,,02,16,265,,03,03,326,,16,29,197,,0*69
1780409412.338,$GPGSV,2,2,07,16,29,197,,27,02,201,,29,05,094,,0*56
1780409412.339,$GLGSV,2,1,05,66,30,095,33,67,42,022,45,77,36,023,37,78,80,241,48,1*7B
1780409412.339,$GLGSV,2,2,05,79,26,211,09,1*4C
1780409412.340,$GLGSV,2,1,05,66,30,095,28,67,42,022,44,68,12,336,36,78,80,241,47,3*73
1780409412.340,$GLGSV,2,2,05,79,26,211,23,3*46
1780409412.341,$GLGSV,1,1,03,81,02,195,,82,08,237,,83,01,285,,0*4D
1780409412.342,$GAGSV,2,1,07,05,36,346,39,06,19,074,43,09,32,051,47,16,60,101,51,2*79
1780409412.342,$GAGSV,2,2,07,25,41,182,26,31,19,047,38,34,29,279,20,2*4C
1780409412.343,$GAGSV,2,1,06,05,36,346,36,06,19,074,35,09,32,051,41,16,60,101,46,7*73
1780409412.343,$GAGSV,2,2,06,31,19,047,31,34,29,279,14,7*7B
1780409412.344,$GAGSV,1,1,04,03,08,302,,04,02,091,,11,11,171,,36,36,217,,0*77
1780409412.345,$GBGSV,2,1,07,06,64,135,48,07,50,006,40,09,83,030,47,10,59,351,43,1*72
1780409412.345,$GBGSV,2,2,07,24,22,034,41,25,76,339,49,33,60,058,49,1*41
1780409412.346,$GBGSV,1,1,02,09,83,030,49,10,59,351,46,3*72
1780409412.346,$GBGSV,3,1,09,01,42,107,,02,63,242,,03,71,140,,04,22,097,,0*74
1780409412.347,$GBGSV,3,2,09,04,22,097,,08,16,155,,13,10,200,,14,02,128,,0*76
1780409412.347,$GBGSV,3,3,09,14,02,128,,0*42
1780409412.348,$GNGLL,1338.99968,N,10029.55021,E,141012.00,A,D*72
1780409413.307,$GNRMC,141013.00,A,1338.99962,N,10029.55020,E,0.029,,020626,0.53,W,F,V*5D
1780409413.310,$GNVTG,,T,,M,0.029,N,0.054,K,D*32
1780409413.311,$GNGGA,141013.00,1338.99962,N,10029.55020,E,5,12,0.71,3.4,M,-27.8,M,0.0,0499*44
1780409413.312,$GNGSA,A,3,10,25,26,28,31,32,,,,,,,1.27,0.71,1.05,1*0C
1780409413.312,$GNGSA,A,3,68,78,66,77,79,67,,,,,,,1.27,0.71,1.05,2*0A
1780409413.313,$GNGSA,A,3,05,06,09,16,25,31,34,,,,,,1.27,0.71,1.05,3*0A
1780409413.313,$GNGSA,A,3,06,07,09,10,33,24,25,,,,,,1.27,0.71,1.05,4*0A
1780409413.314,$GPGSV,3,1,10,02,16,265,27,10,53,149,28,25,19,042,39,26,62,193,31,1*6D
1780409413.315,$GPGSV,3,2,10,28,45,358,37,31,51,310,46,32,42,039,45,41,64,233,49,1*67
1780409413.315,$GPGSV,3,3,10,42,70,217,47,50,56,115,41,1*65
1780409413.316,$GPGSV,2,1,06,10,53,149,25,25,19,042,40,26,62,193,25,28,45,358,41,6*6B
1780409413.316,$GPGSV,2,2,06,31,51,310,44,32,42,039,42,6*6A
1780409413.317,$GPGSV,2,1,07,01,12,291,,03,03,326,,16,29,197,,23,15,148,,0*65
1780409413.318,$GPGSV,2,2,07,23,15,148,,27,02,201,,29,05,094,,0*5D
1780409413.318,$GLGSV,2,1,05,66,30,095,33,67,42,022,45,77,36,023,37,78,80,241,48,1*7B
1780409413.319,$GLGSV,2,2,05,79,26,211,08,1*4D
1780409413.319,$GLGSV,2,1,05,66,30,095,28,67,42,022,44,68,12,336,35,78,80,241,47,3*70
1780409413.320,$GLGSV,2,2,05,79,26,211,23,3*46
1780409413.321,$GLGSV,1,1,03,81,02,195,,82,08,237,,83,01,285,,0*4D
1780409413.321,$GAGSV,2,1,07,05,36,346,39,06,19,074,43,09,32,051,48,16,60,101,51,2*76
1780409413.322,$GAGSV,2,2,07,25,41,182,27,31,19,047,38,34,29,279,21,2*4C
1780409413.322,$GAGSV,2,1,06,05,36,346,36,06,19,074,35,09,32,051,41,16,60,101,47,7*72
1780409413.323,$GAGSV,2,2,06,31,19,047,32,34,29,279,14,7*78
1780409413.324,$GAGSV,1,1,04,03,08,302,,04,02,091,,11,11,171,,36,36,217,,0*77
1780409413.324,$GBGSV,2,1,07,06,64,135,48,07,50,006,40,09,83,030,47,10,59,351,43,1*72
1780409413.325,$GBGSV,2,2,07,24,22,034,40,25,76,339,49,33,60,058,49,1*40
1780409413.325,$GBGSV,1,1,02,09,83,030,49,10,59,351,46,3*72
1780409413.326,$GBGSV,3,1,09,01,42,107,,02,63,242,,03,71,140,,04,22,097,,0*74
1780409413.327,$GBGSV,3,2,09,04,22,097,,08,16,155,,13,10,200,,14,02,128,,0*76
1780409413.327,$GBGSV,3,3,09,14,02,128,,0*42
1780409413.327,$GNGLL,1338.99962,N,10029.55020,E,141013.00,A,D*78
1780409414.330,$GNRMC,141014.00,A,1338.99954,N,10029.55015,E,0.024,,020626,0.53,W,F,V*54
1780409414.333,$GNVTG,,T,,M,0.024,N,0.045,K,D*3F
1780409414.334,$GNGGA,141014.00,1338.99954,N,10029.55015,E,5,12,0.71,3.1,M,-27.8,M,1.0,0499*44
1780409414.335,$GNGSA,A,3,02,10,25,26,28,31,32,,,,,,1.27,0.71,1.05,1*0E
1780409414.336,$GNGSA,A,3,68,78,66,77,79,67,,,,,,,1.27,0.71,1.05,2*0A
1780409414.336,$GNGSA,A,3,05,06,09,16,25,31,34,,,,,,1.27,0.71,1.05,3*0A
1780409414.337,$GNGSA,A,3,06,07,09,10,33,24,25,,,,,,1.27,0.71,1.05,4*0A
1780409414.337,$GPGSV,3,1,10,02,16,265,29,10,53,149,28,25,19,042,39,26,62,193,30,1*62
1780409414.338,$GPGSV,3,2,10,28,45,358,37,31,51,310,46,32,42,039,45,41,64,233,49,1*67
1780409414.339,$GPGSV,3,3,10,42,70,217,47,50,56,115,41,1*65
1780409414.339,$GPGSV,2,1,06,10,53,149,25,25,19,042,40,26,62,193,25,28,45,358,41,6*6B
1780409414.340,$GPGSV,2,2,06,31,51,310,44,32,42,039,42,6*6A
1780409414.341,$GPGSV,2,1,07,01,12,291,,03,03,326,,16,29,197,,23,15,148,,0*65
1780409414.341,$GPGSV,2,2,07,23,15,148,,27,02,201,,29,05,094,,0*5D
1780409414.342,$GLGSV,2,1,05,66,30,095,33,67,42,022,45,77,36,023,37,78,80,241,48,1*7B
1780409414.342,$GLGSV,2,2,05,79,26,211,09,1*4C
1780409414.343,$GLGSV,2,1,05,66,30,095,29,67,42,022,44,68,12,336,35,78,80,241,47,3*71
1780409414.343,$GLGSV,2,2,05,79,26,211,24,3*41
1780409414.344,$GLGSV,1,1,03,81,02,195,,82,08,237,,83,01,285,,0*4D
1780409414.345,$GAGSV,2,1,07,05,36,346,39,06,19,074,43,09,32,051,48,16,60,101,50,2*77
1780409414.345,$GAGSV,2,2,07,25,41,182,27,31,19,047,38,34,29,279,21,2*4C
1780409414.346,$GAGSV,2,1,06,05,36,346,36,06,19,074,35,09,32,051,41,16,60,101,47,7*72
1780409414.346,$GAGSV,2,2,06,31,19,047,32,34,29,279,14,7*78
1780409414.347,$GAGSV,1,1,04,03,08,302,,04,02,091,,11,11,171,,36,36,217,,0*77
1780409414.348,$GBGSV,2,1,07,06,64,135,48,07,50,006,40,09,83,030,47,10,59,351,43,1*72
1780409414.348,$GBGSV,2,2,07,24,22,034,40,25,76,339,49,33,60,058,49,1*40
1780409414.349,$GBGSV,1,1,02,09,83,030,49,10,59,351,46,3*72
1780409414.350,$GBGSV,3,1,09,01,42,107,,02,63,242,,03,71,140,,04,22,097,,0*74
1780409414.350,$GBGSV,3,2,09,04,22,097,,08,16,155,,13,10,200,,14,02,128,,0*76
1780409414.351,$GBGSV,3,3,09,14,02,128,,0*42
1780409414.351,$GNGLL,1338.99954,N,10029.55015,E,141014.00,A,D*7C
1780409415.297,$GNRMC,141015.00,A,1338.99946,N,10029.55009,E,0.029,,020626,0.53,W,F,V*56
1780409415.298,$GNVTG,,T,,M,0.029,N,0.054,K,D*32
1780409415.299,$GNGGA,141015.00,1338.99946,N,10029.55009,E,5,12,0.71,3.0,M,-27.8,M,1.0,0499*4A
1780409415.300,$GNGSA,A,3,10,25,26,28,31,32,,,,,,,1.27,0.71,1.05,1*0C
1780409415.301,$GNGSA,A,3,68,78,66,77,79,67,,,,,,,1.27,0.71,1.05,2*0A
1780409415.302,$GNGSA,A,3,05,06,09,16,25,31,34,,,,,,1.27,0.71,1.05,3*0A
1780409415.303,$GNGSA,A,3,06,07,09,10,33,24,25,,,,,,1.27,0.71,1.05,4*0A
1780409415.304,$GPGSV,3,1,09,10,53,149,28,25,19,042,39,26,62,193,30,28,45,358,37,1*64
1780409415.305,$GPGSV,3,2,09,31,51,310,46,32,42,039,45,41,64,233,49,42,70,217,47,1*68
1780409415.305,$GPGSV,3,3,09,50,56,115,41,1*5B
1780409415.306,$GPGSV,2,1,06,10,53,149,24,25,19,042,40,26,62,193,25,28,45,358,41,6*6A
1780409415.307,$GPGSV,2,2,06,31,51,310,44,32,42,039,42,6*6A
1780409415.307,$GPGSV,2,1,08,01,12,291,,02,16,265,,03,03,326,,16,29,197,,0*66
1780409415.308,$GPGSV,2,2,08,16,29,197,,23,15,148,,27,02,201,,29,05,094,,0*61
1780409415.309,$GLGSV,2,1,05,66,30,095,34,67,42,022,45,77,36,023,38,78,80,241,48,1*73
1780409415.309,$GLGSV,2,2,05,79,26,211,11,1*45
1780409415.310,$GLGSV,2,1,05,66,30,095,30,67,42,022,45,68,12,336,34,78,80,241,48,3*76
1780409415.310,$GLGSV,2,2,05,79,26,211,26,3*43
1780409415.311,$GLGSV,1,1,03,81,02,195,,82,08,237,,83,01,285,,0*4D
1780409415.311,$GAGSV,2,1,07,05,36,346,39,06,19,074,43,09,32,051,48,16,60,101,50,2*77
1780409415.312,$GAGSV,2,2,07,25,41,182,26,31,19,047,38,34,29,279,21,2*4D
1780409415.313,$GAGSV,2,1,06,05,36,346,36,06,19,074,34,09,32,051,41,16,60,101,47,7*73
1780409415.313,$GAGSV,2,2,06,31,19,047,31,34,29,279,12,7*7D
1780409415.314,$GAGSV,1,1,04,03,08,302,,04,02,091,,11,11,171,,36,36,217,,0*77
1780409415.315,$GBGSV,2,1,07,06,64,135,49,07,50,006,39,09,83,030,47,10,59,351,43,1*7D
1780409415.315,$GBGSV,2,2,07,24,22,034,40,25,76,339,49,33,60,058,49,1*40
1780409415.316,$GBGSV,1,1,02,09,83,030,49,10,59,351,46,3*72
1780409415.316,$GBGSV,3,1,09,01,42,107,,02,63,242,,03,71,140,,04,22,097,,0*74
1780409415.317,$GBGSV,3,2,09,04,22,097,,08,16,155,,13,10,200,,14,02,128,,0*76
1780409415.317,$GBGSV,3,3,09,14,02,128,,0*42
1780409415.318,$GNGLL,1338.99946,N,10029.55009,E,141015.00,A,D*73
1780409416.302,$GNRMC,141016.00,A,1338.99940,N,10029.55004,E,0.037,,020626,0.53,W,F,V*51
1780409416.304,$GNVTG,,T,,M,0.037,N,0.068,K,D*32
1780409416.306,$GNGGA,141016.00,1338.99940,N,10029.55004,E,5,12,0.71,2.8,M,-27.8,M,1.0,0499*4B
1780409416.307,$GNGSA,A,3,10,25,26,28,31,32,,,,,,,1.27,0.71,1.05,1*0C
1780409416.308,$GNGSA,A,3,68,78,66,77,79,67,,,,,,,1.27,0.71,1.05,2*0A
1780409416.309,$GNGSA,A,3,05,06,09,16,25,31,34,,,,,,1.27,0.71,1.05,3*0A
1780409416.310,$GNGSA,A,3,06,07,09,10,33,24,25,,,,,,1.27,0.71,1.05,4*0A
1780409416.311,$GPGSV,3,1,10,02,16,265,28,10,53,149,28,25,19,042,39,26,62,193,29,1*6B
1780409416.312,$GPGSV,3,2,10,28,45,358,38,31,51,310,46,32,42,039,45,41,64,233,48,1*69
1780409416.312,$GPGSV,3,3,10,42,70,217,47,50,56,115,41,1*65
1780409416.313,$GPGSV,2,1,06,10,53,149,23,25,19,042,40,26,62,193,24,28,45,358,41,6*6C
1780409416.314,$GPGSV,2,2,06,31,51,310,44,32,42,039,42,6*6A
1780409416.314,$GPGSV,2,1,07,01,12,291,,03,03,326,,16,29,197,,23,15,148,,0*65
1780409416.315,$GPGSV,2,2,07,23,15,148,,27,02,201,,29,05,094,,0*5D
1780409416.315,$GLGSV,2,1,05,66,30,095,34,67,42,022,45,77,36,023,38,78,80,241,48,1*73
1780409416.316,$GLGSV,2,2,05,79,26,211,11,1*45
1780409416.317,$GLGSV,2,1,05,66,30,095,31,67,42,022,45,68,12,336,33,78,80,241,48,3*70
1780409416.317,$GLGSV,2,2,05,79,26,211,26,3*43
1780409416.318,$GLGSV,1,1,03,81,02,195,,82,08,237,,83,01,285,,0*4D
1780409416.318,$GAGSV,2,1,07,05,36,346,39,06,19,074,43,09,32,051,48,16,60,101,50,2*77
1780409416.319,$GAGSV,2,2,07,25,41,182,25,31,19,047,38,34,29,279,21,2*4E
1780409416.320,$GAGSV,2,1,06,05,36,346,36,06,19,074,34,09,32,051,41,16,60,101,46,7*72
1780409416.320,$GAGSV,2,2,06,31,19,047,31,34,29,279,09,7*77
1780409416.321,$GAGSV,1,1,04,03,08,302,,04,02,091,,11,11,171,,36,36,217,,0*77
1780409416.321,$GBGSV,2,1,07,06,64,135,48,07,50,006,39,09,83,030,47,10,59,351,43,1*7C
1780409416.322,$GBGSV,2,2,07,24,22,034,40,25,76,339,49,33,60,058,49,1*40
1780409416.322,$GBGSV,1,1,02,09,83,030,49,10,59,351,45,3*71
1780409416.323,$GBGSV,3,1,09,01,42,107,,02,63,242,,03,71,140,,04,22,097,,0*74
1780409416.324,$GBGSV,3,2,09,04,22,097,,08,16,155,,13,10,200,,14,02,128,,0*76
1780409416.324,$GBGSV,3,3,09,14,02,128,,0*42
1780409416.325,$GNGLL,1338.99940,N,10029.55004,E,141016.00,A,D*7B
1780409417.308,$GNRMC,141017.00,A,1338.99932,N,10029.54998,E,0.037,,020626,0.53,W,F,V*58
1780409417.311,$GNVTG,,T,,M,0.037,N,0.068,K,D*32
1780409417.312,$GNGGA,141017.00,1338.99932,N,10029.54998,E,5,12,0.71,2.7,M,-27.8,M,1.0,0499*4D
1780409417.312,$GNGSA,A,3,02,10,25,26,28,31,32,,,,,,1.23,0.71,1.00,1*0F
1780409417.313,$GNGSA,A,3,68,78,66,77,79,67,,,,,,,1.23,0.71,1.00,2*0B
1780409417.313,$GNGSA,A,3,05,06,09,16,25,31,34,,,,,,1.23,0.71,1.00,3*0B
1780409417.314,$GNGSA,A,3,06,07,09,10,33,24,25,,,,,,1.23,0.71,1.00,4*0B
1780409417.315,$GPGSV,3,1,10,02,16,265,29,10,53,149,27,25,19,042,40,26,62,193,29,1*6B
1780409417.315,$GPGSV,3,2,10,28,45,358,38,31,51,310,46,32,42,039,46,41,64,233,47,1*65
1780409417.316,$GPGSV,3,3,10,42,70,217,47,50,56,115,41,1*65
1780409417.317,$GPGSV,2,1,06,10,53,149,23,25,19,042,40,26,62,193,24,28,45,358,42,6*6F
1780409417.317,$GPGSV,2,2,06,31,51,310,44,32,42,039,42,6*6A
1780409417.318,$GPGSV,2,1,07,01,12,291,,03,03,326,,16,29,197,,23,15,148,,0*65
1780409417.318,$GPGSV,2,2,07,23,15,148,,27,02,201,,29,05,094,,0*5D
1780409417.319,$GLGSV,2,1,05,66,30,095,34,67,42,022,45,77,36,023,38,78,80,241,48,1*73
1780409417.319,$GLGSV,2,2,05,79,26,211,12,1*46
1780409417.320,$GLGSV,2,1,05,66,30,095,30,67,42,022,45,68,12,336,32,78,80,241,48,3*70
1780409417.321,$GLGSV,2,2,05,79,26,211,27,3*42
1780409417.321,$GLGSV,1,1,03,81,02,195,,82,08,237,,83,01,285,,0*4D
1780409417.322,$GAGSV,2,1,07,05,36,346,39,06,19,074,43,09,32,051,48,16,60,101,50,2*77
1780409417.323,$GAGSV,2,2,07,25,41,182,25,31,19,047,38,34,29,279,21,2*4E
1780409417.323,$GAGSV,2,1,06,05,36,346,37,06,19,074,34,09,32,051,41,16,60,101,46,7*73
1780409417.324,$GAGSV,2,2,06,31,19,047,31,34,29,279,11,7*7E
1780409417.325,$GAGSV,1,1,04,03,08,302,,04,02,091,,11,11,171,,36,36,217,,0*77
1780409417.325,$GBGSV,2,1,07,06,64,135,48,07,50,006,40,09,83,030,47,10,59,351,43,1*72
1780409417.326,$GBGSV,2,2,07,24,22,034,40,25,76,339,49,33,60,058,49,1*40
1780409417.326,$GBGSV,1,1,02,09,83,030,49,10,59,351,45,3*71
1780409417.327,$GBGSV,3,1,09,01,42,107,,02,63,242,,03,71,140,,04,22,097,,0*74
1780409417.328,$GBGSV,3,2,09,04,22,097,,08,16,155,,13,10,200,,14,02,128,,0*76
1780409417.328,$GBGSV,3,3,09,14,02,128,,0*42
1780409417.329,$GNGLL,1338.99932,N,10029.54998,E,141017.00,A,D*72
1780409418.302,$GNRMC,141018.00,A,1338.99926,N,10029.54994,E,0.009,,020626,0.53,W,F,V*53
1780409418.304,$GNVTG,,T,,M,0.009,N,0.017,K,D*37
1780409418.305,$GNGGA,141018.00,1338.99926,N,10029.54994,E,5,12,0.71,2.6,M,-27.8,M,1.0,0499*4A
1780409418.305,$GNGSA,A,3,10,25,26,28,31,32,,,,,,,1.23,0.71,1.00,1*0D
1780409418.306,$GNGSA,A,3,68,78,66,77,79,67,,,,,,,1.23,0.71,1.00,2*0B
1780409418.306,$GNGSA,A,3,05,06,09,16,25,31,34,,,,,,1.23,0.71,1.00,3*0B
1780409418.307,$GNGSA,A,3,06,07,09,10,33,24,25,,,,,,1.23,0.71,1.00,4*0B
1780409418.307,$GPGSV,3,1,09,10,53,149,27,25,19,042,40,26,62,193,29,28,45,358,38,1*62
1780409418.308,$GPGSV,3,2,09,31,51,310,46,32,42,039,46,41,64,233,47,42,70,217,48,1*6A
1780409418.309,$GPGSV,3,3,09,50,56,115,41,1*5B
1780409418.309,$GPGSV,2,1,06,10,53,149,22,25,19,042,40,26,62,193,25,28,45,358,42,6*6F
1780409418.310,$GPGSV,2,2,06,31,51,310,44,32,42,039,42,6*6A
1780409418.311,$GPGSV,2,1,08,01,12,291,,02,16,265,,03,03,326,,16,29,197,,0*66
1780409418.311,$GPGSV,2,2,08,16,29,197,,23,15,148,,27,02,201,,29,05,094,,0*61
1780409418.312,$GLGSV,2,1,05,66,30,095,34,67,42,022,45,77,36,023,38,78,80,241,48,1*73
1780409418.312,$GLGSV,2,2,05,79,26,211,12,1*46
1780409418.313,$GLGSV,2,1,05,66,30,095,30,67,42,022,45,68,12,336,32,78,80,241,47,3*7F
1780409418.313,$GLGSV,2,2,05,79,26,211,27,3*42
1780409418.314,$GLGSV,1,1,03,81,02,195,,82,08,237,,83,01,285,,0*4D
1780409418.315,$GAGSV,2,1,07,05,36,346,39,06,19,074,43,09,32,051,48,16,60,101,51,2*76
1780409418.315,$GAGSV,2,2,07,25,41,182,26,31,19,047,38,34,29,279,20,2*4C
1780409418.316,$GAGSV,2,1,06,05,36,346,37,06,19,074,34,09,32,051,41,16,60,101,47,7*72
1780409418.316,$GAGSV,2,2,06,31,19,047,31,34,29,279,11,7*7E
1780409418.317,$GAGSV,1,1,04,03,08,302,,04,02,091,,11,11,171,,36,36,217,,0*77
1780409418.318,$GBGSV,2,1,07,06,64,135,48,07,50,006,39,09,83,030,47,10,59,351,44,1*7B
1780409418.318,$GBGSV,2,2,07,24,22,034,41,25,76,339,49,33,60,058,49,1*41
1780409418.319,$GBGSV,1,1,02,09,83,030,49,10,59,351,45,3*71
1780409418.319,$GBGSV,3,1,09,01,42,107,,02,63,242,,03,71,140,,04,22,097,,0*74
1780409418.320,$GBGSV,3,2,09,04,22,097,,08,16,155,,13,10,200,,14,02,128,,0*76
1780409418.320,$GBGSV,3,3,09,14,02,128,,0*42
1780409418.321,$GNGLL,1338.99926,N,10029.54994,E,141018.00,A,D*74
1780409419.302,$GNRMC,141019.00,A,1338.99919,N,10029.54990,E,0.025,,020626,0.53,W,F,V*54
1780409419.304,$GNVTG,,T,,M,0.025,N,0.046,K,D*3D
1780409419.305,$GNGGA,141019.00,1338.99919,N,10029.54990,E,5,12,0.71,2.5,M,-27.8,M,1.0,0499*40
1780409419.306,$GNGSA,A,3,10,25,26,28,31,32,,,,,,,1.23,0.71,1.00,1*0D
1780409419.307,$GNGSA,A,3,68,78,66,77,79,67,,,,,,,1.23,0.71,1.00,2*0B
1780409419.308,$GNGSA,A,3,05,06,09,16,25,31,34,,,,,,1.23,0.71,1.00,3*0B
1780409419.309,$GNGSA,A,3,06,07,09,10,33,24,25,,,,,,1.23,0.71,1.00,4*0B
1780409419.310,$GPGSV,3,1,10,02,16,265,27,10,53,149,27,25,19,042,40,26,62,193,29,1*65
1780409419.311,$GPGSV,3,2,10,28,45,358,37,31,51,310,46,32,42,039,46,41,64,233,48,1*65
1780409419.312,$GPGSV,3,3,10,42,70,217,47,50,56,115,41,1*65
1780409419.313,$GPGSV,2,1,06,10,53,149,22,25,19,042,40,26,62,193,25,28,45,358,42,6*6F
1780409419.313,$GPGSV,2,2,06,31,51,310,44,32,42,039,43,6*6B
1780409419.314,$GPGSV,2,1,07,01,12,291,,03,03,326,,16,29,197,,23,15,148,,0*65
1780409419.314,$GPGSV,2,2,07,23,15,148,,27,02,201,,29,05,094,,0*5D
1780409419.315,$GLGSV,2,1,05,66,30,095,35,67,42,022,45,77,36,023,38,78,80,241,48,1*72
1780409419.315,$GLGSV,2,2,05,79,26,211,12,1*46
1780409419.316,$GLGSV,2,1,05,66,30,095,31,67,42,022,45,68,12,336,32,78,80,241,47,3*7E
1780409419.317,$GLGSV,2,2,05,79,26,211,27,3*42
1780409419.317,$GLGSV,1,1,03,81,02,195,,82,08,237,,83,01,285,,0*4D
1780409419.318,$GAGSV,2,1,07,05,36,346,39,06,19,074,43,09,32,051,47,16,60,101,51,2*79
1780409419.318,$GAGSV,2,2,07,25,41,182,26,31,19,047,38,34,29,279,20,2*4C
1780409419.319,$GAGSV,2,1,06,05,36,346,37,06,19,074,34,09,32,051,41,16,60,101,47,7*72
1780409419.320,$GAGSV,2,2,06,31,19,047,31,34,29,279,10,7*7F
1780409419.320,$GAGSV,1,1,04,03,08,302,,04,02,091,,11,11,171,,36,36,217,,0*77
1780409419.321,$GBGSV,2,1,07,06,64,135,48,07,50,006,39,09,83,030,47,10,59,351,44,1*7B
1780409419.321,$GBGSV,2,2,07,24,22,034,41,25,76,339,49,33,60,058,49,1*41
1780409419.322,$GBGSV,1,1,02,09,83,030,49,10,59,351,45,3*71
1780409419.322,$GBGSV,3,1,09,01,42,107,,02,63,242,,03,71,140,,04,22,097,,0*74
1780409419.323,$GBGSV,3,2,09,04,22,097,,08,16,155,,13,10,200,,14,02,128,,0*76
1780409419.323,$GBGSV,3,3,09,14,02,128,,0*42
1780409419.324,$GNGLL,1338.99919,N,10029.54990,E,141019.00,A,D*7D
1780409420.313,$GNRMC,141020.00,A,1338.99911,N,10029.54992,E,0.388,92.10,020626,0.53,W,F,V*74
1780409420.314,$GNVTG,92.10,T,92.63,M,0.388,N,0.718,K,D*31
1780409420.315,$GNGGA,141020.00,1338.99911,N,10029.54992,E,5,12,0.71,2.5,M,-27.8,M,1.0,0499*40
1780409420.316,$GNGSA,A,3,02,10,25,26,28,31,32,,,,,,1.27,0.71,1.05,1*0E
1780409420.316,$GNGSA,A,3,68,78,66,77,79,67,,,,,,,1.27,0.71,1.05,2*0A
1780409420.317,$GNGSA,A,3,05,06,09,16,25,31,34,,,,,,1.27,0.71,1.05,3*0A
1780409420.318,$GNGSA,A,3,06,07,09,10,33,24,25,,,,,,1.27,0.71,1.05,4*0A
1780409420.318,$GPGSV,3,1,09,02,16,265,28,10,53,149,25,25,19,042,40,28,45,358,37,1*61
1780409420.319,$GPGSV,3,2,09,31,51,310,46,32,42,039,45,41,64,233,49,42,70,217,47,1*68
1780409420.320,$GPGSV,3,3,09,50,56,115,41,1*5B
1780409420.320,$GPGSV,2,1,06,10,53,149,21,25,19,042,40,26,62,193,25,28,45,358,42,6*6C
1780409420.321,$GPGSV,2,2,06,31,51,310,44,32,42,039,43,6*6B
1780409420.322,$GPGSV,2,1,07,01,12,291,,03,03,326,,16,29,197,,23,15,148,,0*65
1780409420.322,$GPGSV,2,2,07,23,15,148,,27,02,201,,29,05,094,,0*5D
1780409420.323,$GLGSV,2,1,05,66,30,095,28,67,42,022,46,77,36,023,38,78,80,241,48,1*7D
1780409420.323,$GLGSV,2,2,05,79,26,211,14,1*40
1780409420.324,$GLGSV,2,1,05,66,30,095,31,67,42,022,45,68,12,336,34,78,80,241,48,3*77
1780409420.324,$GLGSV,2,2,05,79,26,211,26,3*43
1780409420.325,$GLGSV,1,1,03,81,02,195,,82,08,237,,83,01,285,,0*4D
1780409420.326,$GAGSV,2,1,07,05,36,346,38,06,19,074,43,09,32,051,47,16,60,101,50,2*79
1780409420.326,$GAGSV,2,2,07,25,41,182,26,31,19,047,38,34,29,279,20,2*4C
1780409420.327,$GAGSV,2,1,06,05,36,346,37,06,19,074,34,09,32,051,41,16,60,101,47,7*72
1780409420.327,$GAGSV,2,2,06,31,19,047,31,34,29,279,08,7*76
1780409420.328,$GAGSV,1,1,04,03,08,302,,04,02,091,,11,11,171,,36,36,217,,0*77
1780409420.329,$GBGSV,2,1,07,06,64,135,48,07,50,006,39,09,83,030,47,10,59,351,44,1*7B
1780409420.329,$GBGSV,2,2,07,24,22,034,42,25,76,339,49,33,60,058,48,1*43
1780409420.330,$GBGSV,1,1,02,09,83,030,50,10,59,351,45,3*79
1780409420.330,$GBGSV,3,1,09,01,42,107,,02,63,242,,03,71,140,,04,22,097,,0*74
1780409420.331,$GBGSV,3,2,09,04,22,097,,08,16,155,,13,10,200,,14,02,128,,0*76
1780409420.331,$GBGSV,3,3,09,14,02,128,,0*42
1780409420.332,$GNGLL,1338.99911,N,10029.54992,E,141020.00,A,D*7D
1780409421.303,$GNRMC,141021.00,A,1338.99903,N,10029.55008,E,0.625,90.38,020626,0.53,W,F,V*77
1780409421.304,$GNVTG,90.38,T,90.91,M,0.625,N,1.157,K,D*38
1780409421.304,$GNGGA,141021.00,1338.99903,N,10029.55008,E,5,12,0.85,2.6,M,-27.8,M,1.0,0499*41
1780409421.305,$GNGSA,A,3,10,25,26,28,31,32,,,,,,,1.52,0.85,1.26,1*04
1780409421.306,$GNGSA,A,3,68,78,66,77,79,67,,,,,,,1.52,0.85,1.26,2*02
1780409421.306,$GNGSA,A,3,05,06,09,16,25,31,,,,,,,1.52,0.85,1.26,3*05
1780409421.307,$GNGSA,A,3,06,07,09,10,33,24,25,,,,,,1.52,0.85,1.26,4*02
1780409421.307,$GPGSV,2,1,08,10,53,149,25,25,19,042,38,28,45,358,37,31,51,310,46,1*66
1780409421.308,$GPGSV,2,2,08,32,42,039,47,41,64,233,48,42,70,217,47,50,56,115,40,1*6A
1780409421.309,$GPGSV,2,1,06,10,53,149,23,25,19,042,39,26,62,193,25,28,45,358,41,6*63
1780409421.309,$GPGSV,2,2,06,31,51,310,44,32,42,039,44,6*6C
1780409421.310,$GPGSV,2,1,08,01,12,291,,02,16,265,,03,03,326,,16,29,197,,0*66
1780409421.311,$GPGSV,2,2,08,16,29,197,,23,15,148,,27,02,201,,29,05,094,,0*61
1780409421.311,$GLGSV,2,1,05,66,30,095,36,67,42,022,47,77,36,023,35,78,80,241,49,1*7F
1780409421.312,$GLGSV,2,2,05,79,26,211,15,1*41
1780409421.312,$GLGSV,2,1,05,66,30,095,26,67,42,022,44,68,12,336,36,78,80,241,48,3*72
1780409421.313,$GLGSV,2,2,05,79,26,211,24,3*41
1780409421.313,$GLGSV,1,1,03,81,02,195,,82,08,237,,83,01,285,,0*4D
1780409421.314,$GAGSV,2,1,07,05,36,346,41,06,19,074,42,09,32,051,48,16,60,101,49,2*71
1780409421.315,$GAGSV,2,2,07,25,41,182,24,31,19,047,37,34,29,279,19,2*4B
1780409421.316,$GAGSV,2,1,06,05,36,346,32,06,19,074,35,09,32,051,42,16,60,101,47,7*75
1780409421.316,$GAGSV,2,2,06,31,19,047,25,34,29,279,09,7*72
1780409421.317,$GAGSV,1,1,04,03,08,302,,04,02,091,,11,11,171,,36,36,217,,0*77
1780409421.318,$GBGSV,2,1,07,06,64,135,49,07,50,006,35,09,83,030,47,10,59,351,44,1*76
1780409421.318,$GBGSV,2,2,07,24,22,034,41,25,76,339,49,33,60,058,48,1*40
1780409421.319,$GBGSV,1,1,02,09,83,030,49,10,59,351,47,3*73
1780409421.319,$GBGSV,3,1,09,01,42,107,,02,63,242,,03,71,140,,04,22,097,,0*74
1780409421.320,$GBGSV,3,2,09,04,22,097,,08,16,155,,13,10,200,,14,02,128,,0*76
1780409421.321,$GBGSV,3,3,09,14,02,128,,0*42
1780409421.321,$GNGLL,1338.99903,N,10029.55008,E,141021.00,A,D*74
1780409422.301,$GNRMC,141022.00,A,1338.99898,N,10029.55038,E,0.740,90.79,020626,0.53,W,F,V*73
1780409422.304,$GNVTG,90.79,T,91.32,M,0.740,N,1.370,K,D*30
1780409422.305,$GNGGA,141022.00,1338.99898,N,10029.55038,E,5,12,0.85,3.0,M,-27.8,M,1.0,0499*45
1780409422.305,$GNGSA,A,3,02,10,25,26,28,31,32,,,,,,1.47,0.85,1.20,1*04
1780409422.306,$GNGSA,A,3,68,78,66,77,79,67,,,,,,,1.47,0.85,1.20,2*00
1780409422.306,$GNGSA,A,3,05,06,09,16,25,31,,,,,,,1.47,0.85,1.20,3*07
1780409422.307,$GNGSA,A,3,06,07,09,10,33,24,25,,,,,,1.47,0.85,1.20,4*00
1780409422.307,$GPGSV,3,1,09,02,16,265,30,10,53,149,31,25,19,042,38,28,45,358,38,1*6D
1780409422.308,$GPGSV,3,2,09,31,51,310,43,32,42,039,45,41,64,233,46,42,70,217,47,1*62
1780409422.308,$GPGSV,3,3,09,50,56,115,41,1*5B
1780409422.309,$GPGSV,2,1,06,10,53,149,21,25,19,042,38,26,62,193,26,28,45,358,40,6*62
1780409422.309,$GPGSV,2,2,06,31,51,310,45,32,42,039,46,6*6F
1780409422.310,$GPGSV,2,1,07,01,12,291,,03,03,326,,16,29,197,,23,15,148,,0*65
1780409422.310,$GPGSV,2,2,07,23,15,148,,27,02,201,,29,05,094,,0*5D
1780409422.311,$GLGSV,2,1,05,66,30,095,31,67,42,022,47,77,36,023,39,78,80,241,48,1*75
1780409422.311,$GLGSV,2,2,05,79,26,211,16,1*42
1780409422.312,$GLGSV,2,1,05,66,30,095,36,67,42,022,45,68,12,336,30,78,80,241,48,3*74
1780409422.312,$GLGSV,2,2,05,79,26,211,20,3*45
1780409422.312,$GLGSV,1,1,03,81,02,195,,82,08,237,,83,01,285,,0*4D
1780409422.313,$GAGSV,2,1,07,05,36,346,42,06,19,074,42,09,32,051,46,16,60,101,52,2*76
1780409422.313,$GAGSV,2,2,07,25,41,182,21,31,19,047,36,34,29,279,17,2*41
1780409422.314,$GAGSV,2,1,06,05,36,346,36,06,19,074,38,09,32,051,43,16,60,101,46,7*7C
1780409422.314,$GAGSV,2,2,06,31,19,047,31,34,29,279,11,7*7E
1780409422.315,$GAGSV,1,1,04,03,08,302,,04,02,091,,11,11,171,,36,36,217,,0*77
1780409422.316,$GBGSV,2,1,07,06,64,135,49,07,50,006,37,09,83,030,47,10,59,351,44,1*74
1780409422.316,$GBGSV,2,2,07,24,22,034,42,25,76,339,50,33,60,058,47,1*44
1780409422.316,$GBGSV,1,1,02,09,83,030,49,10,59,351,47,3*73
1780409422.317,$GBGSV,3,1,09,01,42,107,,02,63,242,,03,71,140,,04,22,097,,0*74
1780409422.318,$GBGSV,3,2,09,04,22,097,,08,16,155,,13,10,200,,14,02,128,,0*76
1780409422.318,$GBGSV,3,3,09,14,02,128,,0*42
1780409422.318,$GNGLL,1338.99898,N,10029.55038,E,141022.00,A,D*77
1780409423.302,$GNRMC,141023.00,A,1338.99894,N,10029.55075,E,0.748,89.38,020626,0.53,W,F,V*72
1780409423.303,$GNVTG,89.38,T,89.91,M,0.748,N,1.385,K,D*3F
1780409423.304,$GNGGA,141023.00,1338.99894,N,10029.55075,E,5,12,1.00,3.6,M,-27.8,M,1.0,0499*4B
1780409423.305,$GNGSA,A,3,10,25,26,28,31,32,,,,,,,1.70,1.00,1.37,1*08
1780409423.305,$GNGSA,A,3,68,78,66,77,67,,,,,,,,1.70,1.00,1.37,2*00
1780409423.306,$GNGSA,A,3,05,06,09,16,31,,,,,,,,1.70,1.00,1.37,3*0E
1780409423.307,$GNGSA,A,3,06,07,09,10,33,24,25,,,,,,1.70,1.00,1.37,4*0E
1780409423.307,$GPGSV,2,1,08,10,53,149,24,25,19,042,33,28,45,358,29,31,51,310,45,1*60
1780409423.308,$GPGSV,2,2,08,32,42,039,47,41,64,233,46,42,70,217,47,50,56,115,42,1*66
1780409423.309,$GPGSV,2,1,06,10,53,149,20,25,19,042,38,26,62,193,26,28,45,358,40,6*63
1780409423.309,$GPGSV,2,2,06,31,51,310,46,32,42,039,45,6*6F
1780409423.310,$GPGSV,2,1,08,01,12,291,,02,16,265,,03,03,326,,16,29,197,,0*66
1780409423.311,$GPGSV,2,2,08,16,29,197,,23,15,148,,27,02,201,,29,05,094,,0*61
1780409423.311,$GLGSV,2,1,05,66,30,095,32,67,42,022,43,77,36,023,41,78,80,241,49,1*7C
1780409423.312,$GLGSV,2,2,05,79,26,211,15,1*41
1780409423.312,$GLGSV,2,1,05,66,30,095,28,67,42,022,44,68,12,336,33,78,80,241,48,3*79
1780409423.313,$GLGSV,2,2,05,79,26,211,17,3*41
1780409423.313,$GLGSV,1,1,03,81,02,195,,82,08,237,,83,01,285,,0*4D
1780409423.314,$GAGSV,2,1,07,05,36,346,39,06,19,074,41,09,32,051,45,16,60,101,50,2*78
1780409423.315,$GAGSV,2,2,07,25,41,182,18,31,19,047,27,34,29,279,16,2*4A
1780409423.316,$GAGSV,2,1,06,05,36,346,37,06,19,074,36,09,32,051,42,16,60,101,47,7*73
1780409423.316,$GAGSV,2,2,06,31,19,047,24,34,29,279,14,7*7F
1780409423.317,$GAGSV,1,1,04,03,08,302,,04,02,091,,11,11,171,,36,36,217,,0*77
1780409423.318,$GBGSV,2,1,07,06,64,135,49,07,50,006,42,09,83,030,47,10,59,351,44,1*76
1780409423.318,$GBGSV,2,2,07,24,22,034,40,25,76,339,50,33,60,058,48,1*49
1780409423.319,$GBGSV,1,1,02,09,83,030,50,10,59,351,46,3*7A
1780409423.319,$GBGSV,3,1,09,01,42,107,,02,63,242,,03,71,140,,04,22,097,,0*74
1780409423.320,$GBGSV,3,2,09,04,22,097,,08,16,155,,13,10,200,,14,02,128,,0*76
1780409423.321,$GBGSV,3,3,09,14,02,128,,0*42
1780409423.321,$GNGLL,1338.99894,N,10029.55075,E,141023.00,A,D*73
1780409424.297,$GNRMC,141024.00,A,1338.99897,N,10029.55113,E,0.741,85.35,020626,0.53,W,F,V*7F
1780409424.299,$GNVTG,85.35,T,85.88,M,0.741,N,1.372,K,D*3B
1780409424.300,$GNGGA,141024.00,1338.99897,N,10029.55113,E,5,12,1.04,4.3,M,-27.8,M,1.0,0499*48
1780409424.301,$GNGSA,A,3,02,10,25,26,28,31,32,,,,,,1.78,1.04,1.45,1*03
1780409424.301,$GNGSA,A,3,68,78,66,77,67,,,,,,,,1.78,1.04,1.45,2*09
1780409424.302,$GNGSA,A,3,05,06,09,16,31,,,,,,,,1.78,1.04,1.45,3*07
1780409424.302,$GNGSA,A,3,06,07,09,10,33,24,25,,,,,,1.78,1.04,1.45,4*07
1780409424.303,$GPGSV,3,1,10,02,16,265,33,10,53,149,31,25,19,042,28,26,62,193,28,1*68
1780409424.303,$GPGSV,3,2,10,28,45,358,34,31,51,310,45,32,42,039,46,41,64,233,47,1*6A
1780409424.304,$GPGSV,3,3,10,42,70,217,46,50,56,115,41,1*64
1780409424.305,$GPGSV,2,1,06,10,53,149,19,25,19,042,33,26,62,193,26,28,45,358,38,6*6D
1780409424.305,$GPGSV,2,2,06,31,51,310,44,32,42,039,45,6*6D
1780409424.306,$GPGSV,2,1,07,01,12,291,,03,03,326,,16,29,197,,23,15,148,,0*65
1780409424.306,$GPGSV,2,2,07,23,15,148,,27,02,201,,29,05,094,,0*5D
1780409424.307,$GLGSV,2,1,05,66,30,095,37,67,42,022,45,77,36,023,38,78,80,241,48,1*70
1780409424.307,$GLGSV,2,2,05,79,26,211,16,1*42
1780409424.308,$GLGSV,2,1,05,66,30,095,31,67,42,022,43,68,12,336,29,78,80,241,48,3*7D
1780409424.309,$GLGSV,2,2,05,79,26,211,17,3*41
1780409424.309,$GLGSV,1,1,03,81,02,195,,82,08,237,,83,01,285,,0*4D
1780409424.310,$GAGSV,2,1,07,05,36,346,42,06,19,074,40,09,32,051,43,16,60,101,50,2*73
1780409424.310,$GAGSV,2,2,07,25,41,182,18,31,19,047,35,34,29,279,16,2*49
1780409424.311,$GAGSV,2,1,06,05,36,346,37,06,19,074,35,09,32,051,41,16,60,101,45,7*71
1780409424.312,$GAGSV,2,2,06,31,19,047,23,34,29,279,15,7*79
1780409424.312,$GAGSV,1,1,04,03,08,302,,04,02,091,,11,11,171,,36,36,217,,0*77
1780409424.313,$GBGSV,2,1,07,06,64,135,49,07,50,006,42,09,83,030,47,10,59,351,44,1*76
1780409424.313,$GBGSV,2,2,07,24,22,034,40,25,76,339,50,33,60,058,48,1*49
1780409424.314,$GBGSV,1,1,02,09,83,030,49,10,59,351,46,3*72
1780409424.315,$GBGSV,3,1,09,01,42,107,,02,63,242,,03,71,140,,04,22,097,,0*74
1780409424.315,$GBGSV,3,2,09,04,22,097,,08,16,155,,13,10,200,,14,02,128,,0*76
1780409424.315,$GBGSV,3,3,09,14,02,128,,0*42
1780409424.316,$GNGLL,1338.99897,N,10029.55113,E,141024.00,A,D*76
1780409425.304,$GNRMC,141025.00,A,1338.99894,N,10029.55149,E,0.751,88.77,020626,0.53,W,F,V*78
1780409425.305,$GNVTG,88.77,T,89.30,M,0.751,N,1.391,K,D*33
1780409425.307,$GNGGA,141025.00,1338.99894,N,10029.55149,E,5,12,0.85,4.9,M,-27.8,M,1.0,0499*47
1780409425.308,$GNGSA,A,3,10,25,26,28,31,32,,,,,,,1.52,0.85,1.26,1*04
1780409425.308,$GNGSA,A,3,68,78,66,77,67,,,,,,,,1.52,0.85,1.26,2*0C
1780409425.309,$GNGSA,A,3,05,06,09,16,25,31,,,,,,,1.52,0.85,1.26,3*05
1780409425.310,$GNGSA,A,3,06,07,09,10,33,24,25,,,,,,1.52,0.85,1.26,4*02
1780409425.310,$GPGSV,3,1,09,10,53,149,26,25,19,042,32,26,62,193,28,28,45,358,30,1*6F
1780409425.311,$GPGSV,3,2,09,31,51,310,44,32,42,039,48,41,64,233,47,42,70,217,46,1*68
1780409425.312,$GPGSV,3,3,09,50,56,115,41,1*5B
1780409425.312,$GPGSV,1,1,01,23,15,148,16,5*5E
1780409425.313,$GPGSV,2,1,06,10,53,149,20,25,19,042,36,26,62,193,23,28,45,358,38,6*67
1780409425.314,$GPGSV,2,2,06,31,51,310,43,32,42,039,47,6*68
1780409425.315,$GPGSV,2,1,07,01,12,291,,02,16,265,,03,03,326,,16,29,197,,0*69
1780409425.315,$GPGSV,2,2,07,16,29,197,,27,02,201,,29,05,094,,0*56
1780409425.316,$GLGSV,2,1,05,66,30,095,30,67,42,022,46,77,36,023,40,78,80,241,48,1*7B
1780409425.316,$GLGSV,2,2,05,79,26,211,19,1*4D
1780409425.317,$GLGSV,2,1,05,66,30,095,31,67,42,022,45,68,12,336,40,78,80,241,48,3*74
1780409425.318,$GLGSV,2,2,05,79,26,211,17,3*41
1780409425.318,$GLGSV,1,1,03,81,02,195,,82,08,237,,83,01,285,,0*4D
1780409425.319,$GAGSV,2,1,07,05,36,346,42,06,19,074,40,09,32,051,45,16,60,101,50,2*75
1780409425.319,$GAGSV,2,2,07,25,41,182,20,31,19,047,32,34,29,279,16,2*45
1780409425.320,$GAGSV,2,1,07,05,36,346,35,06,19,074,31,09,32,051,42,16,60,101,46,7*76
1780409425.321,$GAGSV,2,2,07,25,41,182,07,31,19,047,30,34,29,279,15,7*44
1780409425.321,$GAGSV,1,1,04,03,08,302,,04,02,091,,11,11,171,,36,36,217,,0*77
1780409425.322,$GBGSV,2,1,07,06,64,135,49,07,50,006,42,09,83,030,47,10,59,351,44,1*76
1780409425.323,$GBGSV,2,2,07,24,22,034,41,25,76,339,50,33,60,058,47,1*47
1780409425.323,$GBGSV,1,1,02,09,83,030,49,10,59,351,46,3*72
1780409425.324,$GBGSV,3,1,09,01,42,107,,02,63,242,,03,71,140,,04,22,097,,0*74
1780409425.325,$GBGSV,3,2,09,04,22,097,,08,16,155,,13,10,200,,14,02,128,,0*76
1780409425.325,$GBGSV,3,3,09,14,02,128,,0*42
1780409425.326,$GNGLL,1338.99894,N,10029.55149,E,141025.00,A,D*7B
1780409426.304,$GNRMC,141026.00,A,1338.99894,N,10029.55190,E,0.721,87.01,020626,0.53,W,F,V*76
1780409426.307,$GNVTG,87.01,T,87.54,M,0.721,N,1.336,K,D*3B
1780409426.308,$GNGGA,141026.00,1338.99894,N,10029.55190,E,5,12,1.01,5.6,M,-27.8,M,1.0,0499*43
1780409426.308,$GNGSA,A,3,02,10,25,26,28,31,32,,,,,,1.74,1.01,1.42,1*0D
1780409426.309,$GNGSA,A,3,68,78,66,77,67,,,,,,,,1.74,1.01,1.42,2*07
1780409426.309,$GNGSA,A,3,05,06,09,16,31,34,,,,,,,1.74,1.01,1.42,3*0E
1780409426.310,$GNGSA,A,3,06,07,09,10,33,24,25,,,,,,1.74,1.01,1.42,4*09
1780409426.310,$GPGSV,3,1,10,02,16,265,32,10,53,149,35,25,19,042,35,26,62,193,33,1*6B
1780409426.311,$GPGSV,3,2,10,28,45,358,39,31,51,310,46,32,42,039,45,41,64,233,47,1*67
1780409426.312,$GPGSV,3,3,10,42,70,217,46,50,56,115,42,1*67
1780409426.312,$GPGSV,2,1,07,10,53,149,24,23,15,148,14,25,19,042,32,26,62,193,22,6*64
1780409426.313,$GPGSV,2,2,07,28,45,358,38,31,51,310,46,32,42,039,43,6*56
1780409426.314,$GPGSV,2,1,06,01,12,291,,03,03,326,,16,29,197,,27,02,201,,0*68
1780409426.314,$GPGSV,2,2,06,27,02,201,,29,05,094,,0*64
1780409426.315,$GLGSV,2,1,05,66,30,095,28,67,42,022,49,77,36,023,38,78,80,241,49,1*73
1780409426.315,$GLGSV,2,2,05,79,26,211,19,1*4D
1780409426.316,$GLGSV,2,1,05,66,30,095,30,67,42,022,43,68,12,336,42,78,80,241,48,3*71
1780409426.316,$GLGSV,2,2,05,79,26,211,18,3*4E
1780409426.317,$GLGSV,1,1,03,81,02,195,,82,08,237,,83,01,285,,0*4D
1780409426.318,$GAGSV,2,1,07,05,36,346,42,06,19,074,39,09,32,051,45,16,60,101,51,2*7A
1780409426.318,$GAGSV,2,2,07,25,41,182,19,31,19,047,33,34,29,279,20,2*4B
1780409426.319,$GAGSV,2,1,06,05,36,346,32,06,19,074,29,09,32,051,40,16,60,101,47,7*7A
1780409426.319,$GAGSV,2,2,06,31,19,047,29,34,29,279,15,7*73
1780409426.320,$GAGSV,1,1,04,03,08,302,,04,02,091,,11,11,171,,36,36,217,,0*77
1780409426.321,$GBGSV,2,1,07,06,64,135,49,07,50,006,44,09,83,030,48,10,59,351,43,1*78
1780409426.321,$GBGSV,2,2,07,24,22,034,41,25,76,339,49,33,60,058,49,1*41
1780409426.322,$GBGSV,1,1,02,09,83,030,48,10,59,351,44,3*71
1780409426.322,$GBGSV,3,1,09,01,42,107,,02,63,242,,03,71,140,,04,22,097,,0*74
1780409426.323,$GBGSV,3,2,09,04,22,097,,08,16,155,,13,10,200,,14,02,128,,0*76
1780409426.323,$GBGSV,3,3,09,14,02,128,,0*42
1780409426.324,$GNGLL,1338.99894,N,10029.55190,E,141026.00,A,D*7C
1780409427.300,$GNRMC,141027.00,A,1338.99896,N,10029.55229,E,0.858,82.31,020626,0.53,W,F,V*73
1780409427.303,$GNVTG,82.31,T,82.84,M,0.858,N,1.588,K,D*37
1780409427.304,$GNGGA,141027.00,1338.99896,N,10029.55229,E,5,12,0.75,6.3,M,-27.8,M,1.0,0499*45
1780409427.304,$GNGSA,A,3,10,25,26,28,31,32,,,,,,,1.30,0.75,1.07,1*0C
1780409427.305,$GNGSA,A,3,68,78,66,77,79,67,,,,,,,1.30,0.75,1.07,2*0A
1780409427.305,$GNGSA,A,3,05,06,09,16,31,34,,,,,,,1.30,0.75,1.07,3*0D
1780409427.306,$GNGSA,A,3,06,07,09,10,33,24,25,,,,,,1.30,0.75,1.07,4*0A
1780409427.306,$GPGSV,3,1,09,10,53,149,31,25,19,042,26,26,62,193,33,28,45,358,40,1*61
1780409427.307,$GPGSV,3,2,09,31,51,311,45,32,42,039,43,41,64,233,48,42,70,217,46,1*6C
1780409427.307,$GPGSV,3,3,09,50,56,115,41,1*5B
1780409427.308,$GPGSV,2,1,07,10,53,149,23,23,15,148,12,25,19,042,35,26,62,193,22,6*62
1780409427.308,$GPGSV,2,2,07,28,45,358,44,31,51,311,45,32,42,039,44,6*58
1780409427.309,$GPGSV,2,1,07,01,12,291,,02,16,265,,03,03,326,,16,29,197,,0*69
1780409427.309,$GPGSV,2,2,07,16,29,197,,27,02,201,,29,05,094,,0*56
1780409427.310,$GLGSV,2,1,05,66,30,095,35,67,42,022,49,77,36,023,38,78,80,241,48,1*7E
1780409427.310,$GLGSV,2,2,05,79,26,211,20,1*47
1780409427.311,$GLGSV,2,1,05,66,30,095,26,67,42,022,45,68,12,336,37,78,80,241,50,3*7B
1780409427.311,$GLGSV,2,2,05,79,26,211,17,3*41
1780409427.312,$GLGSV,1,1,03,81,02,195,,82,08,237,,83,01,285,,0*4D
1780409427.312,$GAGSV,2,1,07,05,36,346,39,06,19,074,40,09,32,051,45,16,60,101,51,2*78
1780409427.313,$GAGSV,2,2,07,25,41,182,19,31,19,047,32,34,29,279,22,2*48
1780409427.313,$GAGSV,2,1,05,05,36,346,36,09,32,051,42,16,60,101,46,31,19,047,29,7*7A
1780409427.314,$GAGSV,2,2,05,34,29,279,18,7*4F
1780409427.314,$GAGSV,1,1,04,03,08,302,,04,02,091,,11,11,171,,36,36,217,,0*77
1780409427.315,$GBGSV,2,1,07,06,64,135,49,07,50,006,46,09,83,030,48,10,59,351,45,1*7C
1780409427.315,$GBGSV,2,2,07,24,22,034,40,25,76,339,49,33,60,058,49,1*40
1780409427.316,$GBGSV,1,1,02,09,83,030,49,10,59,351,45,3*71
1780409427.316,$GBGSV,3,1,09,01,42,107,,02,63,242,,03,71,140,,04,22,097,,0*74
1780409427.317,$GBGSV,3,2,09,04,22,097,,08,16,155,,13,10,200,,14,02,128,,0*76
1780409427.317,$GBGSV,3,3,09,14,02,128,,0*42
1780409427.317,$GNGLL,1338.99896,N,10029.55229,E,141027.00,A,D*7E
1780409428.301,$GNRMC,141028.00,A,1338.99896,N,10029.55271,E,0.815,82.77,020626,0.53,W,F,V*7A
1780409428.304,$GNVTG,82.77,T,83.30,M,0.815,N,1.509,K,D*3B
1780409428.304,$GNGGA,141028.00,1338.99896,N,10029.55271,E,5,12,0.85,7.0,M,-27.8,M,1.0,0499*4A
1780409428.305,$GNGSA,A,3,02,10,25,26,28,31,32,,,,,,1.47,0.85,1.20,1*04
1780409428.306,$GNGSA,A,3,68,78,66,77,67,,,,,,,,1.47,0.85,1.20,2*0E
1780409428.306,$GNGSA,A,3,05,06,09,16,25,31,,,,,,,1.47,0.85,1.20,3*07
1780409428.307,$GNGSA,A,3,06,07,09,10,33,24,25,,,,,,1.47,0.85,1.20,4*00
1780409428.307,$GPGSV,3,1,10,02,16,265,33,10,53,149,24,25,19,042,32,26,62,193,32,1*6C
1780409428.308,$GPGSV,3,2,10,28,45,358,36,31,51,311,45,32,42,040,43,41,64,233,48,1*6D
1780409428.308,$GPGSV,3,3,10,42,70,217,46,50,56,115,42,1*67
1780409428.309,$GPGSV,2,1,07,10,53,149,22,23,15,148,12,25,19,042,30,26,62,193,20,6*64
1780409428.310,$GPGSV,2,2,07,28,45,358,41,31,51,311,45,32,42,040,44,6*53
1780409428.310,$GPGSV,2,1,06,01,12,291,,03,03,326,,16,29,197,,27,02,201,,0*68
1780409428.311,$GPGSV,2,2,06,27,02,201,,29,05,094,,0*64
1780409428.312,$GLGSV,2,1,05,66,30,095,36,67,42,022,48,77,36,023,41,78,80,241,49,1*73
1780409428.312,$GLGSV,2,2,05,79,26,211,19,1*4D
1780409428.313,$GLGSV,2,1,05,66,30,095,31,67,42,022,46,68,12,336,37,78,80,241,48,3*77
1780409428.313,$GLGSV,2,2,05,79,26,211,17,3*41
1780409428.314,$GLGSV,1,1,03,81,02,195,,82,08,237,,83,01,285,,0*4D
1780409428.314,$GAGSV,2,1,07,05,36,346,42,06,19,074,38,09,32,051,45,16,60,101,50,2*7A
1780409428.315,$GAGSV,2,2,07,25,41,182,21,31,19,047,25,34,29,279,19,2*4D
1780409428.316,$GAGSV,2,1,05,05,36,346,39,09,32,051,43,16,60,101,45,31,19,047,21,7*7F
1780409428.316,$GAGSV,2,2,05,34,29,279,17,7*40
1780409428.317,$GAGSV,1,1,04,03,08,302,,04,02,091,,11,11,171,,36,36,217,,0*77
1780409428.317,$GBGSV,2,1,07,06,64,135,48,07,50,006,44,09,83,030,47,10,59,351,42,1*77
1780409428.318,$GBGSV,2,2,07,24,22,034,38,25,76,339,49,33,60,058,49,1*4F
1780409428.318,$GBGSV,1,1,02,09,83,030,48,10,59,351,43,3*76
1780409428.319,$GBGSV,3,1,09,01,42,107,,02,63,242,,03,71,140,,04,22,097,,0*74
1780409428.320,$GBGSV,3,2,09,04,22,097,,08,16,155,,13,10,200,,14,02,128,,0*76
1780409428.320,$GBGSV,3,3,09,14,02,128,,0*42
1780409428.320,$GNGLL,1338.99896,N,10029.55271,E,141028.00,A,D*7C
1780409429.301,$GNRMC,141029.00,A,1338.99901,N,10029.55307,E,0.820,83.81,020626,0.53,W,F,V*7A
1780409429.304,$GNVTG,83.81,T,84.34,M,0.820,N,1.518,K,D*36
1780409429.305,$GNGGA,141029.00,1338.99901,N,10029.55307,E,5,12,0.85,7.7,M,-27.8,M,1.0,0499*43
1780409429.306,$GNGSA,A,3,10,25,26,28,31,32,,,,,,,1.52,0.85,1.26,1*04
1780409429.306,$GNGSA,A,3,68,78,66,77,67,,,,,,,,1.52,0.85,1.26,2*0C
1780409429.307,$GNGSA,A,3,05,06,09,16,25,31,,,,,,,1.52,0.85,1.26,3*05
1780409429.307,$GNGSA,A,3,06,07,09,10,33,24,25,,,,,,1.52,0.85,1.26,4*02
1780409429.308,$GPGSV,3,1,09,10,53,149,26,25,19,042,27,26,62,193,28,28,45,358,34,1*6F
1780409429.309,$GPGSV,3,2,09,31,51,311,46,32,42,040,42,41,64,233,48,42,70,217,47,1*61
1780409429.309,$GPGSV,3,3,09,50,56,115,42,1*58
1780409429.310,$GPGSV,2,1,07,10,53,149,22,23,15,148,12,25,19,042,31,26,62,193,21,6*64
1780409429.311,$GPGSV,2,2,07,28,45,358,43,31,51,311,44,32,42,040,43,6*57
1780409429.312,$GPGSV,2,1,07,01,12,291,,02,16,265,,03,03,326,,16,29,197,,0*69
1780409429.312,$GPGSV,2,2,07,16,29,197,,27,02,201,,29,05,094,,0*56
1780409429.313,$GLGSV,2,1,05,66,30,095,28,67,42,022,47,77,36,023,42,78,80,241,49,1*70
1780409429.313,$GLGSV,2,2,05,79,26,211,19,1*4D
1780409429.314,$GLGSV,2,1,05,66,30,095,35,67,42,022,47,68,12,336,33,78,80,241,48,3*76
1780409429.314,$GLGSV,2,2,05,79,26,211,15,3*43
1780409429.315,$GLGSV,1,1,03,81,02,195,,82,08,237,,83,01,285,,0*4D
1780409429.316,$GAGSV,2,1,07,05,36,346,45,06,19,074,38,09,32,051,46,16,60,101,50,2*7E
1780409429.316,$GAGSV,2,2,07,25,41,182,22,31,19,047,27,34,29,279,19,2*4C
1780409429.317,$GAGSV,2,1,07,05,36,346,37,06,19,074,32,09,32,051,42,16,60,101,47,7*76
1780409429.318,$GAGSV,2,2,07,25,41,182,20,31,19,047,29,34,29,279,18,7*44
1780409429.318,$GAGSV,1,1,04,03,08,302,,04,02,091,,11,11,171,,36,36,217,,0*77
1780409429.319,$GBGSV,2,1,07,06,64,135,49,07,50,006,40,09,83,030,47,10,59,351,42,1*72
1780409429.319,$GBGSV,2,2,07,24,22,034,37,25,76,339,50,33,60,058,48,1*49
1780409429.320,$GBGSV,1,1,02,09,83,030,49,10,59,351,43,3*77
1780409429.321,$GBGSV,3,1,09,01,42,107,,02,63,242,,03,71,140,,04,22,097,,0*74
1780409429.321,$GBGSV,3,2,09,04,22,097,,08,16,155,,13,10,200,,14,02,128,,0*76
1780409429.322,$GBGSV,3,3,09,14,02,128,,0*42
1780409429.322,$GNGLL,1338.99901,N,10029.55307,E,141029.00,A,D*72
1780409430.303,$GNRMC,141030.00,A,1338.99904,N,10029.55342,E,0.744,84.58,020626,0.53,W,F,V*78
1780409430.305,$GNVTG,84.58,T,85.11,M,0.744,N,1.378,K,D*3E
1780409430.306,$GNGGA,141030.00,1338.99904,N,10029.55342,E,5,12,0.85,8.3,M,-27.8,M,1.0,0499*44
1780409430.307,$GNGSA,A,3,02,10,25,26,28,31,32,,,,,,1.52,0.85,1.26,1*06
1780409430.307,$GNGSA,A,3,68,78,66,77,67,,,,,,,,1.52,0.85,1.26,2*0C
1780409430.308,$GNGSA,A,3,05,06,09,16,25,31,34,,,,,,1.52,0.85,1.26,3*02
1780409430.308,$GNGSA,A,3,06,07,09,10,33,24,25,,,,,,1.52,0.85,1.26,4*02
1780409430.309,$GPGSV,3,1,10,02,16,265,31,10,53,149,27,25,19,042,28,26,62,193,33,1*67
1780409430.310,$GPGSV,3,2,10,28,45,358,43,31,51,311,46,32,42,040,44,41,64,233,48,1*6B
1780409430.310,$GPGSV,3,3,10,42,70,217,46,50,56,115,42,1*67
1780409430.311,$GPGSV,2,1,07,10,53,149,20,23,15,148,14,25,19,042,26,26,62,193,20,6*67
1780409430.311,$GPGSV,2,2,07,28,45,358,40,31,51,311,44,32,42,040,46,6*51
1780409430.312,$GPGSV,2,1,06,01,12,291,,03,03,326,,16,29,197,,27,02,201,,0*68
1780409430.312,$GPGSV,2,2,06,27,02,201,,29,05,094,,0*64
1780409430.313,$GLGSV,2,1,05,66,30,095,29,67,42,022,47,77,36,023,41,78,80,241,49,1*72
1780409430.314,$GLGSV,2,2,05,79,26,211,18,1*4C
1780409430.314,$GLGSV,2,1,05,66,30,095,35,67,42,022,45,68,12,336,36,78,80,241,48,3*71
1780409430.315,$GLGSV,2,2,05,79,26,211,15,3*43
1780409430.315,$GLGSV,1,1,03,81,02,195,,82,08,237,,83,01,285,,0*4D
1780409430.316,$GAGSV,2,1,07,05,36,346,42,06,19,074,40,09,32,051,48,16,60,101,51,2*79
1780409430.317,$GAGSV,2,2,07,25,41,182,23,31,19,047,28,34,29,279,20,2*48
1780409430.317,$GAGSV,2,1,06,05,36,346,38,06,19,074,32,09,32,051,43,16,60,101,46,7*78
1780409430.318,$GAGSV,2,2,06,31,19,047,21,34,29,279,18,7*76
1780409430.318,$GAGSV,1,1,04,03,08,302,,04,02,091,,11,11,171,,36,36,217,,0*77
1780409430.319,$GBGSV,2,1,07,06,64,135,49,07,50,006,44,09,83,030,47,10,59,351,40,1*74
1780409430.319,$GBGSV,2,2,07,24,22,034,34,25,76,339,50,33,60,058,48,1*4A
1780409430.320,$GBGSV,1,1,02,09,83,030,48,10,59,351,43,3*76
1780409430.321,$GBGSV,3,1,09,01,42,107,,02,63,242,,03,71,140,,04,22,097,,0*74
1780409430.321,$GBGSV,3,2,09,04,22,097,,08,16,155,,13,10,200,,14,02,128,,0*76
1780409430.322,$GBGSV,3,3,09,14,02,128,,0*42
1780409430.322,$GNGLL,1338.99904,N,10029.55342,E,141030.00,A,D*7E
1780409431.303,$GNRMC,141031.00,A,1338.99910,N,10029.55374,E,0.757,84.46,020626,0.53,W,F,V*74
1780409431.305,$GNVTG,84.46,T,84.99,M,0.757,N,1.402,K,D*38
1780409431.306,$GNGGA,141031.00,1338.99910,N,10029.55374,E,5,12,0.85,9.0,M,-27.8,M,1.0,0499*47
1780409431.307,$GNGSA,A,3,10,25,26,28,31,32,,,,,,,1.52,0.85,1.26,1*04
1780409431.307,$GNGSA,A,3,68,78,66,77,67,,,,,,,,1.52,0.85,1.26,2*0C
1780409431.308,$GNGSA,A,3,05,06,09,16,25,31,34,,,,,,1.52,0.85,1.26,3*02
1780409431.308,$GNGSA,A,3,06,07,09,10,33,24,25,,,,,,1.52,0.85,1.26,4*02
1780409431.309,$GPGSV,3,1,09,10,53,149,26,25,19,042,26,26,62,193,34,28,45,358,43,1*63
1780409431.310,$GPGSV,3,2,09,31,51,311,45,32,42,040,45,41,64,233,48,42,70,217,46,1*64
1780409431.310,$GPGSV,3,3,09,50,56,115,42,1*58
1780409431.311,$GPGSV,2,1,07,10,53,149,22,23,15,148,13,25,19,042,25,26,62,193,28,6*69
1780409431.312,$GPGSV,2,2,07,28,45,358,45,31,51,311,42,32,42,040,43,6*57
1780409431.312,$GPGSV,2,1,07,01,12,291,,02,16,265,,03,03,326,,16,29,197,,0*69
1780409431.313,$GPGSV,2,2,07,16,29,197,,27,02,201,,29,05,094,,0*56
1780409431.313,$GLGSV,2,1,05,66,30,095,28,67,42,022,46,77,36,023,42,78,80,241,49,1*71
1780409431.314,$GLGSV,2,2,05,79,26,211,18,1*4C
1780409431.315,$GLGSV,2,1,05,66,30,095,38,67,42,022,45,68,12,336,33,78,80,241,48,3*79
1780409431.315,$GLGSV,2,2,05,79,26,211,17,3*41
1780409431.316,$GLGSV,1,1,03,81,02,195,,82,08,237,,83,01,285,,0*4D
1780409431.316,$GAGSV,2,1,08,05,36,346,42,06,19,074,40,09,32,051,47,16,60,101,50,2*78
1780409431.317,$GAGSV,2,2,08,25,41,182,23,31,19,047,26,34,29,279,20,36,36,217,20,2*7F
1780409431.318,$GAGSV,2,1,06,05,36,346,34,06,19,074,33,09,32,051,43,16,60,101,46,7*75
1780409431.318,$GAGSV,2,2,06,31,19,047,28,34,29,279,19,7*7E
1780409431.319,$GAGSV,1,1,03,03,08,302,,04,02,091,,11,11,171,,0*44
1780409431.319,$GBGSV,2,1,07,06,64,135,48,07,50,006,45,09,83,030,48,10,59,351,42,1*79
1780409431.320,$GBGSV,2,2,07,24,22,034,37,25,76,339,50,33,60,058,50,1*40
1780409431.320,$GBGSV,1,1,02,09,83,030,48,10,59,351,43,3*76
1780409431.321,$GBGSV,3,1,09,01,42,107,,02,63,242,,03,71,140,,04,22,097,,0*74
1780409431.322,$GBGSV,3,2,09,04,22,097,,08,16,155,,13,10,200,,14,02,128,,0*76
1780409431.322,$GBGSV,3,3,09,14,02,128,,0*42
1780409431.323,$GNGLL,1338.99910,N,10029.55374,E,141031.00,A,D*7F
1780409432.304,$GNRMC,141032.00,A,1338.99915,N,10029.55405,E,0.741,85.83,020626,0.53,W,F,V*7C
1780409432.306,$GNVTG,85.83,T,86.36,M,0.741,N,1.373,K,D*31
1780409432.307,$GNGGA,141032.00,1338.99915,N,10029.55405,E,5,12,0.85,9.6,M,-27.8,M,1.0,0499*46
1780409432.308,$GNGSA,A,3,10,25,26,28,31,32,,,,,,,1.52,0.85,1.26,1*04
1780409432.309,$GNGSA,A,3,68,78,66,77,67,,,,,,,,1.52,0.85,1.26,2*0C
1780409432.309,$GNGSA,A,3,05,06,09,16,25,31,34,,,,,,1.52,0.85,1.26,3*02
1780409432.310,$GNGSA,A,3,06,07,09,10,33,24,25,,,,,,1.52,0.85,1.26,4*02
1780409432.310,$GPGSV,3,1,09,10,53,149,27,25,19,042,25,26,62,193,34,28,45,358,44,1*66
1780409432.311,$GPGSV,3,2,09,31,51,311,45,32,42,040,45,41,64,233,48,42,70,217,46,1*64
1780409432.311,$GPGSV,3,3,09,50,56,115,42,1*58
1780409432.312,$GPGSV,2,1,07,10,53,149,22,23,15,148,14,25,19,042,32,26,62,193,17,6*64
1780409432.313,$GPGSV,2,2,07,28,45,358,43,31,51,311,43,32,42,040,43,6*50
1780409432.313,$GPGSV,2,1,07,01,12,291,,02,16,265,,03,03,326,,16,29,197,,0*69
1780409432.314,$GPGSV,2,2,07,16,29,197,,27,02,201,,29,05,094,,0*56
1780409432.314,$GLGSV,2,1,05,66,30,095,29,67,42,022,46,77,36,023,39,78,80,241,49,1*7C
1780409432.315,$GLGSV,2,2,05,79,26,211,17,1*43
1780409432.316,$GLGSV,2,1,05,66,30,095,28,67,42,022,47,68,12,336,38,78,80,241,48,3*71
1780409432.317,$GLGSV,2,2,05,79,26,211,16,3*40
1780409432.317,$GLGSV,1,1,03,81,02,195,,82,08,237,,83,01,285,,0*4D
1780409432.318,$GAGSV,2,1,08,05,36,346,41,06,19,074,40,09,32,051,48,16,60,101,49,2*7C
1780409432.319,$GAGSV,2,2,08,25,41,182,25,31,19,047,33,34,29,279,20,36,36,217,19,2*77
1780409432.319,$GAGSV,2,1,06,05,36,346,29,06,19,074,33,09,32,051,43,16,60,101,46,7*79
1780409432.320,$GAGSV,2,2,06,31,19,047,17,34,29,279,18,7*73
1780409432.320,$GAGSV,1,1,03,03,08,302,,04,02,091,,11,11,171,,0*44
1780409432.321,$GBGSV,2,1,07,06,64,135,48,07,50,006,47,09,83,030,47,10,59,351,37,1*76
1780409432.322,$GBGSV,2,2,07,24,22,034,39,25,76,339,50,33,60,058,50,1*4E
1780409432.322,$GBGSV,1,1,02,09,83,030,49,10,59,351,43,3*77
1780409432.323,$GBGSV,3,1,09,01,42,107,,02,63,242,,03,71,140,,04,22,097,,0*74
1780409432.324,$GBGSV,3,2,09,04,22,097,,08,16,155,,13,10,200,,14,02,128,,0*76
1780409432.324,$GBGSV,3,3,09,14,02,128,,0*42
1780409432.325,$GNGLL,1338.99915,N,10029.55405,E,141032.00,A,D*78
1780409433.296,$GNRMC,141033.00,A,1338.99915,N,10029.55433,E,0.792,84.04,020626,0.53,W,F,V*78
1780409433.298,$GNVTG,84.04,T,84.57,M,0.792,N,1.467,K,D*36
1780409433.300,$GNGGA,141033.00,1338.99915,N,10029.55433,E,5,12,0.71,10.1,M,-27.8,M,1.0,0499*76
1780409433.300,$GNGSA,A,3,10,25,26,28,31,32,,,,,,,1.27,0.71,1.05,1*0C
1780409433.301,$GNGSA,A,3,68,78,66,77,79,67,,,,,,,1.27,0.71,1.05,2*0A
1780409433.302,$GNGSA,A,3,05,06,09,16,25,31,34,,,,,,1.27,0.71,1.05,3*0A
1780409433.302,$GNGSA,A,3,06,07,09,10,33,24,25,,,,,,1.27,0.71,1.05,4*0A
1780409433.303,$GPGSV,3,1,09,10,53,149,05,25,19,042,24,26,62,193,29,28,45,358,44,1*6B
1780409433.303,$GPGSV,3,2,09,31,51,311,45,32,42,040,47,41,64,233,48,42,70,217,46,1*66
1780409433.304,$GPGSV,3,3,09,50,56,115,41,1*5B
1780409433.305,$GPGSV,2,1,07,10,53,149,21,23,15,148,15,25,19,042,25,26,62,193,20,6*64
1780409433.305,$GPGSV,2,2,07,28,45,358,45,31,51,311,43,32,42,040,43,6*56
1780409433.306,$GPGSV,2,1,07,01,12,291,,02,16,265,,03,03,326,,16,29,197,,0*69
1780409433.306,$GPGSV,2,2,07,16,29,197,,27,02,201,,29,05,094,,0*56
1780409433.307,$GLGSV,2,1,05,66,30,095,30,67,42,022,45,77,36,023,40,78,80,241,49,1*79
1780409433.308,$GLGSV,2,2,05,79,26,211,20,1*47
1780409433.309,$GLGSV,2,1,05,66,30,095,30,67,42,022,45,68,12,336,37,78,80,241,47,3*7A
1780409433.310,$GLGSV,2,2,05,79,26,211,12,3*44
1780409433.310,$GLGSV,1,1,03,81,02,195,,82,08,237,,83,01,285,,0*4D
1780409433.311,$GAGSV,2,1,08,05,36,346,42,06,19,074,39,09,32,051,47,16,60,101,52,2*74
1780409433.312,$GAGSV,2,2,08,25,41,182,26,31,19,047,30,34,29,279,21,36,36,217,16,2*79
1780409433.312,$GAGSV,2,1,06,05,36,346,33,06,19,074,33,09,32,051,43,16,60,101,47,7*73
1780409433.313,$GAGSV,2,2,06,31,19,047,28,34,29,279,18,7*7F
1780409433.313,$GAGSV,1,1,03,03,08,302,,04,02,091,,11,11,171,,0*44
1780409433.314,$GBGSV,2,1,07,06,64,135,49,07,50,006,44,09,83,030,47,10,59,351,39,1*7A
1780409433.315,$GBGSV,2,2,07,24,22,034,31,25,76,339,50,33,60,058,51,1*47
1780409433.315,$GBGSV,1,1,02,09,83,030,49,10,59,351,45,3*71
1780409433.316,$GBGSV,3,1,09,01,42,107,,02,63,242,,03,71,140,,04,22,097,,0*74
1780409433.317,$GBGSV,3,2,09,04,22,097,,08,16,155,,13,10,200,,14,02,128,,0*76
1780409433.317,$GBGSV,3,3,09,14,02,128,,0*42
1780409433.317,$GNGLL,1338.99915,N,10029.55433,E,141033.00,A,D*7C
1780409434.301,$GNRMC,141034.00,A,1338.99916,N,10029.55458,E,0.814,85.25,020626,0.53,W,F,V*72
1780409434.303,$GNVTG,85.25,T,85.78,M,0.814,N,1.507,K,D*3E
1780409434.304,$GNGGA,141034.00,1338.99916,N,10029.55458,E,5,12,0.85,10.4,M,-27.8,M,1.0,0499*71
1780409434.305,$GNGSA,A,3,10,25,26,28,31,32,,,,,,,1.52,0.85,1.26,1*04
1780409434.305,$GNGSA,A,3,68,78,66,77,79,67,,,,,,,1.52,0.85,1.26,2*02
1780409434.306,$GNGSA,A,3,05,06,09,16,25,31,34,,,,,,1.52,0.85,1.26,3*02
1780409434.306,$GNGSA,A,3,06,07,09,10,33,24,25,,,,,,1.52,0.85,1.26,4*02
1780409434.307,$GPGSV,2,1,08,10,53,149,23,25,19,042,25,28,45,358,41,31,51,311,45,1*6F
1780409434.308,$GPGSV,2,2,08,32,42,040,47,41,64,233,48,42,70,217,46,50,56,115,40,1*65
1780409434.309,$GPGSV,2,1,07,10,53,149,23,23,15,148,15,25,19,042,27,26,62,193,23,6*67
1780409434.309,$GPGSV,2,2,07,28,45,358,43,31,51,311,42,32,42,040,44,6*56
1780409434.310,$GPGSV,2,1,07,01,12,291,,02,16,265,,03,03,326,,16,29,197,,0*69
1780409434.310,$GPGSV,2,2,07,16,29,197,,27,02,201,,29,05,094,,0*56
1780409434.311,$GLGSV,2,1,05,66,30,095,31,67,42,022,45,77,36,023,39,78,80,241,49,1*76
1780409434.311,$GLGSV,2,2,05,79,26,211,21,1*46
1780409434.313,$GLGSV,2,1,05,66,30,095,34,67,42,022,46,68,12,336,38,78,80,241,49,3*7C
1780409434.313,$GLGSV,2,2,05,79,26,211,14,3*42
1780409434.314,$GLGSV,1,1,03,81,02,195,,82,08,237,,83,01,285,,0*4D
1780409434.315,$GAGSV,2,1,08,05,36,346,40,06,19,074,40,09,32,051,47,16,60,101,52,2*78
1780409434.316,$GAGSV,2,2,08,25,41,182,26,31,19,047,36,34,29,279,22,36,36,217,15,2*7F
1780409434.316,$GAGSV,2,1,06,05,36,346,34,06,19,074,30,09,32,051,42,16,60,101,47,7*76
1780409434.317,$GAGSV,2,2,06,31,19,047,29,34,29,279,17,7*71
1780409434.317,$GAGSV,1,1,03,03,08,302,,04,02,091,,11,11,171,,0*44
1780409434.318,$GBGSV,2,1,07,06,64,135,48,07,50,006,45,09,83,030,47,10,59,351,40,1*74
1780409434.319,$GBGSV,2,2,07,24,22,034,36,25,76,339,51,33,60,058,50,1*40
1780409434.319,$GBGSV,1,1,02,09,83,030,48,10,59,351,45,3*70
1780409434.320,$GBGSV,3,1,09,01,42,107,,02,63,242,,03,71,140,,04,22,097,,0*74
1780409434.320,$GBGSV,3,2,09,04,22,097,,08,16,155,,13,10,200,,14,02,128,,0*76
1780409434.321,$GBGSV,3,3,09,14,02,128,,0*42
1780409434.321,$GNGLL,1338.99916,N,10029.55458,E,141034.00,A,D*75
1780409435.303,$GNRMC,141035.00,A,1338.99916,N,10029.55479,E,0.704,86.73,020626,0.53,W,F,V*7E
1780409435.305,$GNVTG,86.73,T,87.26,M,0.704,N,1.303,K,D*3B
1780409435.306,$GNGGA,141035.00,1338.99916,N,10029.55479,E,5,12,0.85,10.6,M,-27.8,M,1.0,0499*71
1780409435.307,$GNGSA,A,3,10,25,26,28,31,32,,,,,,,1.52,0.85,1.26,1*04
1780409435.307,$GNGSA,A,3,68,78,66,77,67,,,,,,,,1.52,0.85,1.26,2*0C
1780409435.308,$GNGSA,A,3,05,06,09,16,25,31,34,,,,,,1.52,0.85,1.26,3*02
1780409435.308,$GNGSA,A,3,06,07,09,10,33,24,25,,,,,,1.52,0.85,1.26,4*02
1780409435.309,$GPGSV,3,1,09,10,53,149,27,25,19,042,25,26,62,193,31,28,45,358,40,1*67
1780409435.309,$GPGSV,3,2,09,31,51,311,45,32,42,040,47,41,64,233,49,42,70,217,47,1*66
1780409435.310,$GPGSV,3,3,09,50,56,115,40,1*5A
1780409435.311,$GPGSV,2,1,07,10,53,149,23,23,15,148,15,25,19,042,25,26,62,193,23,6*65
1780409435.311,$GPGSV,2,2,07,28,45,358,45,31,51,311,43,32,42,040,45,6*50
1780409435.312,$GPGSV,2,1,07,01,12,291,,02,16,265,,03,03,326,,16,29,197,,0*69
1780409435.312,$GPGSV,2,2,07,16,29,197,,27,02,201,,29,05,094,,0*56
1780409435.313,$GLGSV,2,1,05,66,30,095,35,67,42,022,48,77,36,023,39,78,80,241,49,1*7F
1780409435.313,$GLGSV,2,2,05,79,26,211,19,1*4D
1780409435.314,$GLGSV,2,1,05,66,30,095,33,67,42,022,46,68,12,336,38,78,80,241,49,3*7B
1780409435.315,$GLGSV,2,2,05,79,26,211,14,3*42
1780409435.315,$GLGSV,1,1,03,81,02,195,,82,08,237,,83,01,285,,0*4D
1780409435.316,$GAGSV,2,1,08,05,36,346,41,06,19,074,40,09,32,051,48,16,60,101,52,2*76
1780409435.317,$GAGSV,2,2,08,25,41,182,31,31,19,047,33,34,29,279,22,36,36,217,14,2*7D
1780409435.318,$GAGSV,2,1,06,05,36,346,29,06,19,074,30,09,32,051,41,16,60,101,45,7*7B
1780409435.318,$GAGSV,2,2,06,31,19,047,20,34,29,279,18,7*77
1780409435.319,$GAGSV,1,1,03,03,08,302,,04,02,091,,11,11,171,,0*44
1780409435.320,$GBGSV,2,1,07,06,64,135,48,07,50,006,47,09,83,030,46,10,59,351,41,1*76
1780409435.320,$GBGSV,2,2,07,24,22,034,38,25,76,339,49,33,60,058,50,1*47
1780409435.321,$GBGSV,1,1,02,09,83,030,49,10,59,351,46,3*72
1780409435.321,$GBGSV,3,1,09,01,42,107,,02,63,242,,03,71,140,,04,22,097,,0*74
1780409435.322,$GBGSV,3,2,09,04,22,097,,08,16,155,,13,10,200,,14,02,128,,0*76
1780409435.322,$GBGSV,3,3,09,14,02,128,,0*42
1780409435.323,$GNGLL,1338.99916,N,10029.55479,E,141035.00,A,D*77
1780409436.299,$GNRMC,141036.00,A,1338.99913,N,10029.55494,E,0.542,83.59,020626,0.53,W,F,V*76
1780409436.301,$GNVTG,83.59,T,84.12,M,0.542,N,1.004,K,D*36
1780409436.302,$GNGGA,141036.00,1338.99913,N,10029.55494,E,5,12,0.85,10.6,M,-27.8,M,1.0,0499*74
1780409436.303,$GNGSA,A,3,10,25,26,28,31,32,,,,,,,1.52,0.85,1.26,1*04
1780409436.304,$GNGSA,A,3,68,78,66,77,67,,,,,,,,1.52,0.85,1.26,2*0C
1780409436.304,$GNGSA,A,3,05,06,09,16,25,31,34,,,,,,1.52,0.85,1.26,3*02
1780409436.305,$GNGSA,A,3,06,07,09,10,33,24,25,,,,,,1.52,0.85,1.26,4*02
1780409436.306,$GPGSV,3,1,09,10,53,149,26,25,19,042,25,26,62,193,31,28,45,358,43,1*65
1780409436.306,$GPGSV,3,2,09,31,51,311,46,32,42,040,48,41,64,233,49,42,70,217,47,1*6A
1780409436.307,$GPGSV,3,3,09,50,56,115,42,1*58
1780409436.308,$GPGSV,2,1,07,10,53,149,22,23,15,148,13,25,19,042,34,26,62,193,25,6*64
1780409436.308,$GPGSV,2,2,07,28,45,358,43,31,51,311,42,32,42,040,45,6*57
1780409436.309,$GPGSV,2,1,07,01,12,291,,02,16,265,,03,03,326,,16,29,197,,0*69
1780409436.310,$GPGSV,2,2,07,16,29,197,,27,02,201,,29,05,094,,0*56
1780409436.310,$GLGSV,2,1,05,66,30,095,32,67,42,022,48,77,36,023,41,78,80,241,49,1*77
1780409436.311,$GLGSV,2,2,05,79,26,211,17,1*43
1780409436.312,$GLGSV,2,1,05,66,30,095,33,67,42,022,46,68,12,336,38,78,80,241,49,3*7B
1780409436.313,$GLGSV,2,2,05,79,26,211,13,3*45
1780409436.313,$GLGSV,1,1,03,81,02,195,,82,08,237,,83,01,285,,0*4D
1780409436.314,$GAGSV,2,1,08,05,36,346,37,06,19,074,39,09,32,051,46,16,60,101,50,2*75
1780409436.315,$GAGSV,2,2,08,25,41,182,25,31,19,047,36,34,29,279,25,36,36,217,16,2*78
1780409436.315,$GAGSV,2,1,06,05,36,346,31,06,19,074,34,09,32,051,37,16,60,101,46,7*74
1780409436.316,$GAGSV,2,2,06,31,19,047,29,34,29,279,18,7*7E
1780409436.317,$GAGSV,1,1,03,03,08,302,,04,02,091,,11,11,171,,0*44
1780409436.317,$GBGSV,2,1,07,06,64,135,48,07,50,006,46,09,83,030,47,10,59,351,41,1*76
1780409436.318,$GBGSV,2,2,07,24,22,034,35,25,76,339,49,33,60,058,50,1*4A
1780409436.318,$GBGSV,1,1,02,09,83,030,49,10,59,351,46,3*72
1780409436.319,$GBGSV,3,1,09,01,42,107,,02,63,242,,03,71,140,,04,22,097,,0*74
1780409436.320,$GBGSV,3,2,09,04,22,097,,08,16,155,,13,10,200,,14,02,128,,0*76
1780409436.320,$GBGSV,3,3,09,14,02,128,,0*42
1780409436.321,$GNGLL,1338.99913,N,10029.55494,E,141036.00,A,D*72
1780409437.301,$GNRMC,141037.00,A,1338.99907,N,10029.55506,E,0.523,90.86,020626,0.53,W,F,V*7F
1780409437.303,$GNVTG,90.86,T,91.38,M,0.523,N,0.968,K,D*3F
1780409437.304,$GNGGA,141037.00,1338.99907,N,10029.55506,E,5,12,0.85,10.5,M,-27.8,M,1.0,0499*79
1780409437.305,$GNGSA,A,3,10,25,26,28,31,32,,,,,,,1.52,0.85,1.26,1*04
1780409437.305,$GNGSA,A,3,68,78,66,77,67,,,,,,,,1.52,0.85,1.26,2*0C
1780409437.306,$GNGSA,A,3,36,05,06,09,16,25,31,34,,,,,1.52,0.85,1.26,3*07
1780409437.306,$GNGSA,A,3,06,07,09,10,33,24,25,,,,,,1.52,0.85,1.26,4*02
1780409437.307,$GPGSV,3,1,09,10,53,149,31,25,19,042,32,26,62,193,34,28,45,358,44,1*67
1780409437.308,$GPGSV,3,2,09,31,51,311,46,32,42,040,45,41,64,233,47,42,70,217,45,1*6B
1780409437.308,$GPGSV,3,3,09,50,56,115,41,1*5B
1780409437.309,$GPGSV,2,1,07,10,53,149,21,23,15,148,12,25,19,042,29,26,62,193,26,6*69
1780409437.309,$GPGSV,2,2,07,28,45,358,46,31,51,311,43,32,42,040,47,6*51
1780409437.310,$GPGSV,2,1,07,01,12,291,,02,16,265,,03,03,326,,16,29,197,,0*69
1780409437.311,$GPGSV,2,2,07,16,29,197,,27,02,201,,29,05,094,,0*56
1780409437.311,$GLGSV,2,1,05,66,30,095,35,67,42,022,49,77,36,023,39,78,80,241,48,1*7F
1780409437.312,$GLGSV,2,2,05,79,26,211,14,1*40
1780409437.312,$GLGSV,2,1,05,66,30,095,31,67,42,022,49,68,12,336,42,78,80,241,49,3*7B
1780409437.313,$GLGSV,2,2,05,79,26,211,15,3*43
1780409437.314,$GLGSV,1,1,03,81,02,195,,82,08,237,,83,01,285,,0*4D
1780409437.315,$GAGSV,2,1,08,05,36,346,40,06,19,074,40,09,32,051,46,16,60,101,52,2*79
1780409437.316,$GAGSV,2,2,08,25,41,182,25,31,19,047,35,34,29,279,22,36,36,217,20,2*79
1780409437.316,$GAGSV,2,1,06,05,36,346,30,06,19,074,35,09,32,051,39,16,60,101,45,7*79
1780409437.317,$GAGSV,2,2,06,31,19,047,30,34,29,279,19,7*77
1780409437.317,$GAGSV,1,1,03,03,08,302,,04,02,091,,11,11,171,,0*44
1780409437.318,$GBGSV,2,1,07,06,64,135,47,07,50,006,47,09,83,030,47,10,59,351,43,1*7A
1780409437.319,$GBGSV,2,2,07,24,22,034,36,25,76,339,50,33,60,058,49,1*49
1780409437.319,$GBGSV,1,1,02,09,83,030,50,10,59,351,48,3*74
1780409437.320,$GBGSV,3,1,09,01,42,107,,02,63,242,,03,71,140,,04,22,097,,0*74
1780409437.320,$GBGSV,3,2,09,04,22,097,,08,16,155,,13,10,200,,14,02,128,,0*76
1780409437.321,$GBGSV,3,3,09,14,02,128,,0*42
1780409437.321,$GNGLL,1338.99907,N,10029.55506,E,141037.00,A,D*7C
1780409438.305,$GNRMC,141038.00,A,1338.99901,N,10029.55517,E,0.520,89.94,020626,0.53,W,F,V*7E
1780409438.307,$GNVTG,89.94,T,90.47,M,0.520,N,0.963,K,D*35
1780409438.308,$GNGGA,141038.00,1338.99901,N,10029.55517,E,5,12,0.85,10.4,M,-27.8,M,1.0,0499*71
1780409438.309,$GNGSA,A,3,10,25,26,28,31,32,02,,,,,,1.52,0.85,1.26,1*06
1780409438.309,$GNGSA,A,3,68,78,66,77,67,,,,,,,,1.52,0.85,1.26,2*0C
1780409438.310,$GNGSA,A,3,36,05,06,09,16,25,31,34,,,,,1.52,0.85,1.26,3*07
1780409438.310,$GNGSA,A,3,06,07,09,10,33,24,25,,,,,,1.52,0.85,1.26,4*02
1780409438.311,$GPGSV,3,1,10,02,16,265,32,10,53,149,26,25,19,042,35,26,62,193,34,1*6E
1780409438.311,$GPGSV,3,2,10,28,45,358,43,31,51,311,45,32,42,040,46,41,64,233,48,1*6A
1780409438.312,$GPGSV,3,3,10,42,70,217,46,50,56,115,41,1*64
1780409438.313,$GPGSV,2,1,07,10,53,149,20,23,15,148,10,25,19,042,29,26,62,193,25,6*69
1780409438.313,$GPGSV,2,2,07,28,45,358,47,31,51,311,43,32,42,040,45,6*52
1780409438.314,$GPGSV,2,1,06,01,12,291,,03,03,326,,16,29,197,,27,02,201,,0*68
1780409438.314,$GPGSV,2,2,06,27,02,201,,29,05,094,,0*64
1780409438.315,$GLGSV,2,1,05,66,30,095,27,67,42,022,49,77,36,023,39,78,80,241,49,1*7D
1780409438.315,$GLGSV,2,2,05,79,26,211,12,1*46
1780409438.316,$GLGSV,2,1,05,66,30,095,31,67,42,022,46,68,12,336,40,78,80,241,48,3*77
1780409438.317,$GLGSV,2,2,05,79,26,211,13,3*45
1780409438.318,$GLGSV,1,1,03,81,02,195,,82,08,237,,83,01,285,,0*4D
1780409438.318,$GAGSV,2,1,08,05,36,346,42,06,19,074,40,09,32,051,46,16,60,101,51,2*78
1780409438.319,$GAGSV,2,2,08,25,41,182,25,31,19,047,36,34,29,279,22,36,36,217,21,2*7B
1780409438.320,$GAGSV,2,1,06,05,36,346,38,06,19,074,35,09,32,051,41,16,60,101,46,7*7D
1780409438.321,$GAGSV,2,2,06,31,19,047,28,34,29,279,18,7*7F
1780409438.321,$GAGSV,1,1,03,03,08,302,,04,02,091,,11,11,171,,0*44
1780409438.322,$GBGSV,2,1,07,06,64,135,48,07,50,006,45,09,83,030,47,10,59,351,44,1*70
1780409438.322,$GBGSV,2,2,07,24,22,034,27,25,76,339,50,33,60,058,49,1*49
1780409438.323,$GBGSV,1,1,02,09,83,030,49,10,59,351,47,3*73
1780409438.323,$GBGSV,3,1,09,01,42,107,,02,63,242,,03,71,140,,04,22,097,,0*74
1780409438.324,$GBGSV,3,2,09,04,22,097,,08,16,155,,13,10,200,,14,02,128,,0*76
1780409438.325,$GBGSV,3,3,09,14,02,128,,0*42
1780409438.325,$GNGLL,1338.99901,N,10029.55517,E,141038.00,A,D*75
1780409439.299,$GNRMC,141039.00,A,1338.99897,N,10029.55529,E,0.493,90.27,020626,0.53,W,F,V*75
1780409439.302,$GNVTG,90.27,T,90.80,M,0.493,N,0.913,K,D*30
1780409439.302,$GNGGA,141039.00,1338.99897,N,10029.55529,E,5,12,0.85,10.4,M,-27.8,M,1.0,0499*73
1780409439.303,$GNGSA,A,3,10,25,26,28,31,32,,,,,,,1.52,0.85,1.26,1*04
1780409439.304,$GNGSA,A,3,68,78,66,77,67,,,,,,,,1.52,0.85,1.26,2*0C
1780409439.304,$GNGSA,A,3,36,05,06,09,16,25,31,34,,,,,1.52,0.85,1.26,3*07
1780409439.305,$GNGSA,A,3,06,07,09,10,33,24,25,,,,,,1.52,0.85,1.26,4*02
1780409439.306,$GPGSV,3,1,09,10,53,149,27,25,19,042,26,26,62,193,32,28,45,358,44,1*63
1780409439.307,$GPGSV,3,2,09,31,51,311,46,32,42,040,46,41,64,233,48,42,70,217,47,1*65
1780409439.307,$GPGSV,3,3,09,50,56,115,42,1*58
1780409439.308,$GPGSV,2,1,07,10,53,149,21,23,15,148,10,25,19,042,28,26,62,193,22,6*6E
1780409439.309,$GPGSV,2,2,07,28,45,358,47,31,51,311,45,32,42,040,43,6*52
1780409439.309,$GPGSV,2,1,07,01,12,291,,02,16,265,,03,03,326,,16,29,197,,0*69
1780409439.310,$GPGSV,2,2,07,16,29,197,,27,02,201,,29,05,094,,0*56
1780409439.311,$GLGSV,2,1,05,66,30,095,28,67,42,022,47,77,36,023,37,78,80,241,49,1*72
1780409439.311,$GLGSV,2,2,05,79,26,211,16,1*42
1780409439.313,$GLGSV,2,1,05,66,30,095,27,67,42,022,45,68,12,336,39,78,80,241,49,3*7C
1780409439.313,$GLGSV,2,2,05,79,26,211,13,3*45
1780409439.314,$GLGSV,1,1,03,81,02,195,,82,08,237,,83,01,285,,0*4D
1780409439.314,$GAGSV,2,1,08,05,36,346,43,06,19,074,43,09,32,051,45,16,60,101,50,2*78
1780409439.315,$GAGSV,2,2,08,25,41,182,23,31,19,047,36,34,29,279,29,36,36,217,21,2*76
1780409439.316,$GAGSV,2,1,06,05,36,346,38,06,19,074,32,09,32,051,37,16,60,101,46,7*7B
1780409439.316,$GAGSV,2,2,06,31,19,047,31,34,29,279,16,7*79
1780409439.317,$GAGSV,1,1,03,03,08,302,,04,02,091,,11,11,171,,0*44
1780409439.318,$GBGSV,2,1,07,06,64,135,48,07,50,006,44,09,83,030,46,10,59,351,44,1*70
1780409439.318,$GBGSV,2,2,07,24,22,034,32,25,76,339,50,33,60,058,50,1*45
1780409439.319,$GBGSV,1,1,02,09,83,030,49,10,59,351,48,3*7C
1780409439.320,$GBGSV,3,1,09,01,42,107,,02,63,242,,03,71,140,,04,22,097,,0*74
1780409439.320,$GBGSV,3,2,09,04,22,097,,08,16,155,,13,10,200,,14,02,128,,0*76
1780409439.321,$GBGSV,3,3,09,14,02,128,,0*42
1780409439.321,$GNGLL,1338.99897,N,10029.55529,E,141039.00,A,D*77
1780409440.303,$GNRMC,141040.00,A,1338.99894,N,10029.55539,E,0.376,93.59,020626,0.53,W,F,V*7F
1780409440.306,$GNVTG,93.59,T,94.12,M,0.376,N,0.696,K,D*3B
1780409440.306,$GNGGA,141040.00,1338.99894,N,10029.55539,E,5,12,0.85,10.4,M,-27.8,M,1.0,0499*7F
1780409440.307,$GNGSA,A,3,10,25,26,28,31,32,02,,,,,,1.52,0.85,1.26,1*06
1780409440.308,$GNGSA,A,3,68,78,66,77,67,,,,,,,,1.52,0.85,1.26,2*0C
1780409440.308,$GNGSA,A,3,36,05,06,09,16,25,31,34,,,,,1.52,0.85,1.26,3*07
1780409440.309,$GNGSA,A,3,06,07,09,10,33,24,25,,,,,,1.52,0.85,1.26,4*02
1780409440.309,$GPGSV,3,1,10,02,16,265,32,10,53,149,26,25,19,042,34,26,62,193,31,1*6A
1780409440.310,$GPGSV,3,2,10,28,45,358,44,31,51,311,44,32,42,040,46,41,64,233,47,1*63
1780409440.311,$GPGSV,3,3,10,42,70,217,46,50,56,115,42,1*67
1780409440.312,$GPGSV,2,1,07,10,53,149,21,23,15,148,12,25,19,042,26,26,62,193,25,6*65
1780409440.312,$GPGSV,2,2,07,28,45,358,45,31,51,311,46,32,42,040,44,6*54
1780409440.313,$GPGSV,2,1,06,01,12,291,,03,03,326,,16,29,197,,27,02,201,,0*68
1780409440.313,$GPGSV,2,2,06,27,02,201,,29,05,094,,0*64
1780409440.314,$GLGSV,2,1,05,66,30,095,33,67,42,022,46,77,36,023,35,78,80,241,48,1*7A
1780409440.314,$GLGSV,2,2,05,79,26,211,16,1*42
1780409440.315,$GLGSV,2,1,05,66,30,095,35,67,42,022,44,68,12,336,39,78,80,241,48,3*7F
1780409440.316,$GLGSV,2,2,05,79,26,211,18,3*4E
1780409440.317,$GLGSV,1,1,03,81,02,195,,82,08,237,,83,01,285,,0*4D
1780409440.318,$GAGSV,2,1,08,05,36,346,44,06,19,074,43,09,32,051,46,16,60,101,50,2*7C
1780409440.318,$GAGSV,2,2,08,25,41,182,26,31,19,047,34,34,29,279,27,36,36,217,22,2*7C
1780409440.319,$GAGSV,2,1,06,05,36,346,39,06,19,074,33,09,32,051,41,16,60,101,44,7*78
1780409440.320,$GAGSV,2,2,06,31,19,047,30,34,29,279,17,7*79
1780409440.320,$GAGSV,1,1,03,03,08,302,,04,02,091,,11,11,171,,0*44
1780409440.321,$GBGSV,2,1,07,06,64,135,47,07,50,006,45,09,83,030,48,10,59,351,44,1*70
1780409440.321,$GBGSV,2,2,07,24,22,034,32,25,76,339,50,33,60,058,49,1*4D
1780409440.322,$GBGSV,1,1,02,09,83,030,49,10,59,351,48,3*7C
1780409440.323,$GBGSV,3,1,09,01,42,107,,02,63,242,,03,71,140,,04,22,097,,0*74
1780409440.323,$GBGSV,3,2,09,04,22,097,,08,16,155,,13,10,200,,14,02,128,,0*76
1780409440.324,$GBGSV,3,3,09,14,02,128,,0*42
1780409440.324,$GNGLL,1338.99894,N,10029.55539,E,141040.00,A,D*7B
1780409441.305,$GNRMC,141041.00,A,1338.99892,N,10029.55549,E,0.439,87.82,020626,0.53,W,F,V*70
1780409441.308,$GNVTG,87.82,T,88.35,M,0.439,N,0.813,K,D*3F
1780409441.309,$GNGGA,141041.00,1338.99892,N,10029.55549,E,5,12,0.85,10.5,M,-27.8,M,1.0,0499*7E
1780409441.310,$GNGSA,A,3,10,25,26,28,31,32,,,,,,,1.52,0.85,1.26,1*04
1780409441.310,$GNGSA,A,3,68,78,66,77,79,67,,,,,,,1.52,0.85,1.26,2*02
1780409441.311,$GNGSA,A,3,36,05,06,09,16,25,31,34,,,,,1.52,0.85,1.26,3*07
1780409441.311,$GNGSA,A,3,06,07,09,10,33,24,25,,,,,,1.52,0.85,1.26,4*02
1780409441.312,$GPGSV,3,1,09,10,53,149,31,25,19,042,31,26,62,193,31,28,45,358,44,1*61
1780409441.313,$GPGSV,3,2,09,31,51,311,44,32,42,040,45,41,64,233,47,42,70,217,47,1*6B
1780409441.313,$GPGSV,3,3,09,50,56,115,41,1*5B
1780409441.314,$GPGSV,2,1,07,10,53,149,23,23,15,148,12,25,19,042,25,26,62,193,26,6*67
1780409441.315,$GPGSV,2,2,07,28,45,358,46,31,51,311,47,32,42,040,44,6*56
1780409441.315,$GPGSV,2,1,07,01,12,291,,02,16,265,,03,03,326,,16,29,197,,0*69
1780409441.316,$GPGSV,2,2,07,16,29,197,,27,02,201,,29,05,094,,0*56
1780409441.316,$GLGSV,2,1,05,66,30,095,29,67,42,022,46,77,36,023,37,78,80,241,49,1*72
1780409441.317,$GLGSV,2,2,05,79,26,211,15,1*41
1780409441.318,$GLGSV,2,1,05,66,30,095,25,67,42,022,46,68,12,336,38,78,80,241,48,3*7D
1780409441.318,$GLGSV,2,2,05,79,26,211,21,3*44
1780409441.319,$GLGSV,1,1,03,81,02,195,,82,08,237,,83,01,285,,0*4D
1780409441.319,$GAGSV,2,1,08,05,36,346,45,06,19,074,40,09,32,051,46,16,60,101,50,2*7E
1780409441.320,$GAGSV,2,2,08,25,41,182,25,31,19,047,34,34,29,279,27,36,36,217,21,2*7C
1780409441.321,$GAGSV,2,1,06,05,36,346,37,06,19,074,31,09,32,051,41,16,60,101,47,7*77
1780409441.321,$GAGSV,2,2,06,31,19,047,33,34,29,279,20,7*7E
1780409441.322,$GAGSV,1,1,03,03,08,302,,04,02,091,,11,11,171,,0*44
1780409441.322,$GBGSV,2,1,07,06,64,135,48,07,50,006,45,09,83,030,46,10,59,351,44,1*71
1780409441.323,$GBGSV,2,2,07,24,22,034,35,25,76,339,49,33,60,058,48,1*43
1780409441.323,$GBGSV,1,1,02,09,83,030,48,10,59,351,47,3*72
1780409441.324,$GBGSV,3,1,09,01,42,107,,02,63,242,,03,71,140,,04,22,097,,0*74
1780409441.325,$GBGSV,3,2,09,04,22,097,,08,16,155,,13,10,200,,14,02,128,,0*76
1780409441.325,$GBGSV,3,3,09,14,02,128,,0*42
1780409441.326,$GNGLL,1338.99892,N,10029.55549,E,141041.00,A,D*7B
1780409442.297,$GNRMC,141042.00,A,1338.99891,N,10029.55558,E,0.240,79.38,020626,0.53,W,F,V*78
1780409442.299,$GNVTG,79.38,T,79.91,M,0.240,N,0.445,K,D*38
1780409442.301,$GNGGA,141042.00,1338.99891,N,10029.55558,E,5,12,0.85,10.6,M,-27.8,M,1.0,0499*7D
1780409442.302,$GNGSA,A,3,10,25,26,28,31,32,02,,,,,,1.52,0.85,1.26,1*06
1780409442.302,$GNGSA,A,3,68,78,66,77,79,67,,,,,,,1.52,0.85,1.26,2*02
1780409442.303,$GNGSA,A,3,36,05,06,09,16,25,31,34,,,,,1.52,0.85,1.26,3*07
1780409442.303,$GNGSA,A,3,06,07,09,10,33,24,25,,,,,,1.52,0.85,1.26,4*02
1780409442.304,$GPGSV,3,1,11,02,16,265,31,10,53,149,31,23,15,148,17,25,19,042,31,1*6C
1780409442.305,$GPGSV,3,2,11,26,62,193,33,28,45,358,45,31,51,311,45,32,42,040,45,1*6C
1780409442.306,$GPGSV,3,3,11,41,64,233,47,42,70,217,48,50,56,115,43,1*5F
1780409442.306,$GPGSV,2,1,07,10,53,149,22,23,15,148,11,25,19,042,25,26,62,193,25,6*66
1780409442.307,$GPGSV,2,2,07,28,45,358,43,31,51,311,47,32,42,040,42,6*55
1780409442.308,$GPGSV,2,1,06,01,12,291,,03,03,326,,16,29,197,,27,02,201,,0*68
1780409442.308,$GPGSV,2,2,06,27,02,201,,29,05,094,,0*64
1780409442.309,$GLGSV,2,1,05,66,30,095,37,67,42,022,44,77,36,023,38,78,80,241,49,1*70
1780409442.309,$GLGSV,2,2,05,79,26,211,16,1*42
1780409442.310,$GLGSV,2,1,05,66,30,095,32,67,42,022,45,68,12,336,31,78,80,241,49,3*70
1780409442.310,$GLGSV,2,2,05,79,26,211,21,3*44
1780409442.311,$GLGSV,1,1,03,81,02,195,,82,08,237,,83,01,285,,0*4D
1780409442.312,$GAGSV,2,1,08,05,36,346,46,06,19,074,37,09,32,051,45,16,60,101,51,2*7F
1780409442.312,$GAGSV,2,2,08,25,41,182,28,31,19,047,34,34,29,279,26,36,36,217,20,2*71
1780409442.313,$GAGSV,2,1,06,05,36,346,39,06,19,074,34,09,32,051,41,16,60,101,47,7*7C
1780409442.314,$GAGSV,2,2,06,31,19,047,30,34,29,279,21,7*7C
1780409442.314,$GAGSV,1,1,03,03,08,302,,04,02,091,,11,11,171,,0*44
1780409442.315,$GBGSV,2,1,07,06,64,135,48,07,50,006,44,09,83,030,46,10,59,351,45,1*71
1780409442.315,$GBGSV,2,2,07,24,22,034,31,25,76,339,50,33,60,058,48,1*4F
1780409442.316,$GBGSV,1,1,02,09,83,030,48,10,59,351,48,3*7D
1780409442.317,$GBGSV,3,1,09,01,42,107,,02,63,242,,03,71,140,,04,22,097,,0*74
1780409442.317,$GBGSV,3,2,09,04,22,097,,08,16,155,,13,10,200,,14,02,128,,0*76
1780409442.318,$GBGSV,3,3,09,14,02,128,,0*42
1780409442.318,$GNGLL,1338.99891,N,10029.55558,E,141042.00,A,D*7B
1780409443.305,$GNRMC,141043.00,A,1338.99890,N,10029.55562,E,0.194,,020626,0.53,W,F,V*50
1780409443.307,$GNVTG,,T,,M,0.194,N,0.360,K,D*31
1780409443.308,$GNGGA,141043.00,1338.99890,N,10029.55562,E,5,12,0.85,10.8,M,-27.8,M,1.0,0499*7A
1780409443.309,$GNGSA,A,3,10,25,26,28,31,32,02,,,,,,1.52,0.85,1.26,1*06
1780409443.310,$GNGSA,A,3,68,78,66,77,79,67,,,,,,,1.52,0.85,1.26,2*02
1780409443.310,$GNGSA,A,3,05,06,09,16,25,31,34,,,,,,1.52,0.85,1.26,3*02
1780409443.311,$GNGSA,A,3,06,07,09,10,33,24,25,,,,,,1.52,0.85,1.26,4*02
1780409443.312,$GPGSV,3,1,10,02,16,265,33,10,53,149,30,25,19,042,29,26,62,193,33,1*62
1780409443.313,$GPGSV,3,2,10,28,45,358,45,31,51,311,46,32,42,040,47,41,64,233,48,1*6E
1780409443.313,$GPGSV,3,3,10,42,70,217,47,50,56,115,43,1*67
1780409443.314,$GPGSV,2,1,07,10,53,149,21,23,15,148,12,25,19,042,23,26,62,193,23,6*66
1780409443.315,$GPGSV,2,2,07,28,45,358,44,31,51,311,47,32,42,040,43,6*53
1780409443.316,$GPGSV,2,1,06,01,12,291,,03,03,326,,16,29,197,,27,02,201,,0*68
1780409443.316,$GPGSV,2,2,06,27,02,201,,29,05,094,,0*64
1780409443.317,$GLGSV,2,1,05,66,30,095,29,67,42,022,44,77,36,023,38,78,80,241,49,1*7F
1780409443.317,$GLGSV,2,2,05,79,26,211,16,1*42
1780409443.318,$GLGSV,2,1,05,66,30,095,33,67,42,022,46,68,12,336,33,78,80,241,49,3*70
1780409443.318,$GLGSV,2,2,05,79,26,211,22,3*47
1780409443.319,$GLGSV,1,1,03,81,02,195,,82,08,237,,83,01,285,,0*4D
1780409443.320,$GAGSV,2,1,08,05,36,346,47,06,19,074,33,09,32,051,45,16,60,101,50,2*7B
1780409443.320,$GAGSV,2,2,08,25,41,182,28,31,19,047,37,34,29,279,24,36,36,217,18,2*7B
1780409443.321,$GAGSV,2,1,06,05,36,346,39,06,19,074,34,09,32,051,41,16,60,101,44,7*7F
1780409443.322,$GAGSV,2,2,06,31,19,047,31,34,29,279,21,7*7D
1780409443.322,$GAGSV,1,1,03,03,08,302,,04,02,091,,11,11,171,,0*44
1780409443.323,$GBGSV,2,1,07,06,64,135,48,07,50,006,44,09,83,030,47,10,59,351,46,1*73
1780409443.324,$GBGSV,2,2,07,24,22,034,32,25,76,339,50,33,60,058,49,1*4D
1780409443.324,$GBGSV,1,1,02,09,83,030,48,10,59,351,47,3*72
1780409443.325,$GBGSV,3,1,09,01,42,107,,02,63,242,,03,71,140,,04,22,097,,0*74
1780409443.325,$GBGSV,3,2,09,04,22,097,,08,16,155,,13,10,200,,14,02,128,,0*76
1780409443.326,$GBGSV,3,3,09,14,02,128,,0*42
1780409443.326,$GNGLL,1338.99890,N,10029.55562,E,141043.00,A,D*72
1780409444.310,$GNRMC,141044.00,A,1338.99892,N,10029.55568,E,0.261,78.83,020626,0.53,W,F,V*7C
1780409444.312,$GNVTG,78.83,T,79.36,M,0.261,N,0.483,K,D*3D
1780409444.313,$GNGGA,141044.00,1338.99892,N,10029.55568,E,5,12,0.85,11.0,M,-27.8,M,1.0,0499*7C
1780409444.314,$GNGSA,A,3,10,25,26,28,31,32,02,,,,,,1.52,0.85,1.26,1*06
1780409444.315,$GNGSA,A,3,68,78,66,77,79,67,,,,,,,1.52,0.85,1.26,2*02
1780409444.315,$GNGSA,A,3,05,06,09,16,25,31,34,,,,,,1.52,0.85,1.26,3*02
1780409444.316,$GNGSA,A,3,06,07,09,10,33,24,25,,,,,,1.52,0.85,1.26,4*02
1780409444.316,$GPGSV,3,1,10,02,16,265,32,10,53,149,30,25,19,042,30,26,62,193,33,1*6B
1780409444.317,$GPGSV,3,2,10,28,45,358,45,31,51,311,47,32,42,040,47,41,64,233,46,1*61
1780409444.318,$GPGSV,3,3,10,42,70,217,47,50,56,115,43,1*67
1780409444.318,$GPGSV,2,1,07,10,53,149,30,23,15,148,14,25,19,042,25,26,62,193,23,6*66
1780409444.319,$GPGSV,2,2,07,28,45,358,45,31,51,311,47,32,42,040,41,6*50
1780409444.320,$GPGSV,2,1,06,01,12,291,,03,03,326,,16,29,197,,27,02,201,,0*68
1780409444.320,$GPGSV,2,2,06,27,02,201,,29,05,094,,0*64
1780409444.321,$GLGSV,2,1,05,66,30,095,30,67,42,022,46,77,36,023,37,78,80,241,49,1*7A
1780409444.321,$GLGSV,2,2,05,79,26,211,17,1*43
1780409444.322,$GLGSV,2,1,05,66,30,095,27,67,42,022,46,68,12,336,34,78,80,241,49,3*72
1780409444.323,$GLGSV,2,2,05,79,26,211,22,3*47
1780409444.323,$GLGSV,1,1,03,81,02,195,,82,08,237,,83,01,285,,0*4D
1780409444.324,$GAGSV,2,1,08,05,36,347,47,06,19,074,36,09,32,051,45,16,60,101,50,2*7F
1780409444.325,$GAGSV,2,2,08,25,41,182,27,31,19,047,33,34,29,279,23,36,36,217,14,2*7B
1780409444.325,$GAGSV,2,1,06,05,36,347,41,06,19,074,33,09,32,051,41,16,60,101,45,7*77
1780409444.326,$GAGSV,2,2,06,31,19,047,31,34,29,279,21,7*7D
1780409444.326,$GAGSV,1,1,03,03,08,302,,04,02,091,,11,11,171,,0*44
1780409444.327,$GBGSV,2,1,07,06,64,135,48,07,50,006,45,09,83,030,47,10,59,351,45,1*71
1780409444.328,$GBGSV,2,2,07,24,22,034,33,25,76,339,49,33,60,058,49,1*44
1780409444.328,$GBGSV,1,1,02,09,83,030,48,10,59,351,46,3*73
1780409444.329,$GBGSV,3,1,09,01,42,107,,02,63,242,,03,71,140,,04,22,097,,0*74
1780409444.329,$GBGSV,3,2,09,04,22,097,,08,16,155,,13,10,200,,14,02,128,,0*76
1780409444.330,$GBGSV,3,3,09,14,02,128,,0*42
1780409444.330,$GNGLL,1338.99892,N,10029.55568,E,141044.00,A,D*7D
1780409445.304,$GNRMC,141045.00,A,1338.99894,N,10029.55577,E,0.373,82.89,020626,0.53,W,F,V*78
1780409445.306,$GNVTG,82.89,T,83.42,M,0.373,N,0.691,K,D*37
1780409445.308,$GNGGA,141045.00,1338.99894,N,10029.55577,E,5,12,0.85,11.2,M,-27.8,M,1.0,0499*77
1780409445.310,$GNGSA,A,3,10,25,26,28,31,32,02,,,,,,1.52,0.85,1.26,1*06
1780409445.312,$GNGSA,A,3,68,78,66,77,79,67,,,,,,,1.52,0.85,1.26,2*02
1780409445.313,$GNGSA,A,3,05,06,09,16,25,31,34,,,,,,1.52,0.85,1.26,3*02
1780409445.315,$GNGSA,A,3,06,07,09,10,33,24,25,,,,,,1.52,0.85,1.26,4*02
1780409445.317,$GPGSV,3,1,10,02,16,265,31,10,53,149,33,25,19,042,24,26,62,193,33,1*6E
1780409445.319,$GPGSV,3,2,10,28,45,358,45,31,51,311,46,32,42,040,47,41,64,233,47,1*61
1780409445.321,$GPGSV,3,3,10,42,70,217,46,50,56,115,42,1*67
1780409445.323,$GPGSV,2,1,07,10,53,149,21,23,15,148,15,25,19,042,26,26,62,193,28,6*6F
1780409445.324,$GPGSV,2,2,07,28,45,358,46,31,51,311,47,32,42,040,40,6*52
1780409445.325,$GPGSV,2,1,06,01,12,291,,03,03,326,,16,29,197,,27,02,201,,0*68
1780409445.325,$GPGSV,2,2,06,27,02,201,,29,05,094,,0*64
1780409445.326,$GLGSV,2,1,05,66,30,095,24,67,42,022,47,77,36,023,37,78,80,241,48,1*7F
1780409445.327,$GLGSV,2,2,05,79,26,211,18,1*4C
1780409445.328,$GLGSV,2,1,05,66,30,095,28,67,42,022,44,68,12,336,36,78,80,241,48,3*7C
1780409445.328,$GLGSV,2,2,05,79,26,211,21,3*44
1780409445.329,$GLGSV,1,1,03,81,02,195,,82,08,237,,83,01,285,,0*4D
1780409445.330,$GAGSV,2,1,08,05,36,347,47,06,19,074,35,09,32,051,45,16,60,101,50,2*7C
1780409445.330,$GAGSV,2,2,08,25,41,182,27,31,19,047,35,34,29,279,24,36,36,217,15,2*7B
1780409445.331,$GAGSV,2,1,05,05,36,347,41,09,32,051,41,16,60,101,46,31,19,047,33,7*73
1780409445.331,$GAGSV,2,2,05,34,29,279,21,7*45
1780409445.332,$GAGSV,1,1,03,03,08,302,,04,02,091,,11,11,171,,0*44
1780409445.333,$GBGSV,2,1,07,06,64,135,48,07,50,006,47,09,83,030,47,10,59,351,46,1*70
1780409445.333,$GBGSV,2,2,07,24,22,034,34,25,76,339,49,33,60,058,49,1*43
1780409445.334,$GBGSV,1,1,02,09,83,030,48,10,59,351,47,3*72
1780409445.335,$GBGSV,3,1,09,01,42,107,,02,63,242,,03,71,140,,04,22,097,,0*74
1780409445.336,$GBGSV,3,2,09,04,22,097,,08,16,155,,13,10,200,,14,02,128,,0*76
1780409445.336,$GBGSV,3,3,09,14,02,128,,0*42
1780409445.337,$GNGLL,1338.99894,N,10029.55577,E,141045.00,A,D*74
1780409446.305,$GNRMC,141046.00,A,1338.99898,N,10029.55587,E,0.307,81.96,020626,0.53,W,F,V*76
1780409446.306,$GNVTG,81.96,T,82.49,M,0.307,N,0.569,K,D*37
1780409446.308,$GNGGA,141046.00,1338.99898,N,10029.55587,E,5,12,0.85,11.5,M,-27.8,M,1.0,0499*70
1780409446.308,$GNGSA,A,3,10,25,26,28,31,32,02,,,,,,1.52,0.85,1.26,1*06
1780409446.309,$GNGSA,A,3,68,78,66,77,67,,,,,,,,1.52,0.85,1.26,2*0C
1780409446.309,$GNGSA,A,3,05,06,09,16,25,31,34,,,,,,1.52,0.85,1.26,3*02
1780409446.310,$GNGSA,A,3,06,07,09,10,33,24,25,,,,,,1.52,0.85,1.26,4*02
1780409446.310,$GPGSV,3,1,10,02,16,265,31,10,53,149,26,25,19,042,22,26,62,193,33,1*6C
1780409446.311,$GPGSV,3,2,10,28,45,358,45,31,51,311,46,32,42,040,47,41,64,233,47,1*61
1780409446.312,$GPGSV,3,3,10,42,70,217,46,50,56,115,42,1*67
1780409446.312,$GPGSV,2,1,07,10,53,149,24,23,15,148,18,25,19,042,26,26,62,193,27,6*68
1780409446.313,$GPGSV,2,2,07,28,45,358,47,31,51,311,45,32,42,040,41,6*50
1780409446.314,$GPGSV,2,1,06,01,12,291,,03,03,326,,16,29,197,,27,02,201,,0*68
1780409446.314,$GPGSV,2,2,06,27,02,201,,29,05,094,,0*64
1780409446.315,$GLGSV,2,1,05,66,30,095,25,67,42,022,48,77,36,023,37,78,80,241,48,1*71
1780409446.315,$GLGSV,2,2,05,79,26,211,16,1*42
1780409446.316,$GLGSV,2,1,05,66,30,095,34,67,42,022,44,68,12,336,40,78,80,241,48,3*70
1780409446.316,$GLGSV,2,2,05,79,26,211,19,3*4F
1780409446.317,$GLGSV,1,1,03,81,02,195,,82,08,237,,83,01,285,,0*4D
1780409446.317,$GAGSV,2,1,08,05,36,347,48,06,19,074,38,09,32,051,43,16,60,101,50,2*78
1780409446.318,$GAGSV,2,2,08,25,41,182,28,31,19,047,34,34,29,279,22,36,36,217,15,2*73
1780409446.319,$GAGSV,2,1,05,05,36,347,41,09,32,051,40,16,60,101,47,31,19,047,29,7*78
1780409446.319,$GAGSV,2,2,05,34,29,279,19,7*4E
1780409446.319,$GAGSV,1,1,03,03,08,302,,04,02,091,,11,11,171,,0*44
1780409446.320,$GBGSV,2,1,07,06,64,135,48,07,50,006,47,09,83,030,46,10,59,351,46,1*71
1780409446.321,$GBGSV,2,2,07,24,22,034,34,25,76,339,48,33,60,058,50,1*4A
1780409446.321,$GBGSV,1,1,02,09,83,030,48,10,59,351,47,3*72
1780409446.322,$GBGSV,3,1,09,01,42,107,,02,63,242,,03,71,140,,04,22,097,,0*74
1780409446.322,$GBGSV,3,2,09,04,22,097,,08,16,155,,13,10,200,,14,02,128,,0*76
1780409446.323,$GBGSV,3,3,09,14,02,128,,0*42
1780409446.323,$GNGLL,1338.99898,N,10029.55587,E,141046.00,A,D*74
1780409447.305,$GNRMC,141047.00,A,1338.99902,N,10029.55599,E,0.480,84.53,020626,0.53,W,F,V*7E
1780409447.307,$GNVTG,84.53,T,85.06,M,0.480,N,0.890,K,D*34
1780409447.308,$GNGGA,141047.00,1338.99902,N,10029.55599,E,5,12,0.85,11.8,M,-27.8,M,1.0,0499*71
1780409447.309,$GNGSA,A,3,10,25,26,28,31,32,02,,,,,,1.47,0.85,1.21,1*05
1780409447.310,$GNGSA,A,3,68,78,66,77,67,,,,,,,,1.47,0.85,1.21,2*0F
1780409447.310,$GNGSA,A,3,05,06,09,16,25,31,34,,,,,,1.47,0.85,1.21,3*01
1780409447.311,$GNGSA,A,3,06,07,09,10,33,24,25,,,,,,1.47,0.85,1.21,4*01
1780409447.312,$GPGSV,3,1,10,02,16,265,30,10,53,149,24,25,19,042,22,26,62,193,33,1*6F
1780409447.313,$GPGSV,3,2,10,28,45,358,45,31,51,311,46,32,42,040,45,41,64,233,47,1*63
1780409447.313,$GPGSV,3,3,10,42,70,217,45,50,56,115,42,1*64
1780409447.314,$GPGSV,2,1,07,10,53,149,21,23,15,148,18,25,19,042,27,26,62,193,24,6*6F
1780409447.315,$GPGSV,2,2,07,28,45,358,45,31,51,311,45,32,42,040,43,6*50
1780409447.316,$GPGSV,2,1,06,01,12,291,,03,03,326,,16,29,197,,27,02,201,,0*68
1780409447.316,$GPGSV,2,2,06,27,02,201,,29,05,094,,0*64
1780409447.317,$GLGSV,2,1,05,66,30,095,30,67,42,022,48,77,36,023,39,78,80,241,48,1*7B
1780409447.317,$GLGSV,2,2,05,79,26,211,16,1*42
1780409447.318,$GLGSV,2,1,05,66,30,095,34,67,42,022,45,68,12,336,38,78,80,241,48,3*7E
1780409447.318,$GLGSV,2,2,05,79,26,211,17,3*41
1780409447.319,$GLGSV,1,1,03,81,02,195,,82,08,237,,83,01,285,,0*4D
1780409447.320,$GAGSV,2,1,08,05,36,347,49,06,19,074,40,09,32,051,43,16,60,101,50,2*76
1780409447.321,$GAGSV,2,2,08,25,41,182,27,31,19,047,33,34,29,279,21,36,36,217,17,2*7A
1780409447.322,$GAGSV,2,1,05,05,36,347,45,09,32,051,40,16,60,101,46,31,19,047,30,7*75
1780409447.322,$GAGSV,2,2,05,34,29,279,18,7*4F
1780409447.323,$GAGSV,1,1,03,03,08,302,,04,02,091,,11,11,171,,0*44
1780409447.324,$GBGSV,2,1,07,06,64,135,48,07,50,006,45,09,83,030,47,10,59,351,46,1*72
1780409447.324,$GBGSV,2,2,07,24,22,034,34,25,76,339,49,33,60,058,49,1*43
1780409447.325,$GBGSV,1,1,02,09,83,030,48,10,59,351,48,3*7D
1780409447.326,$GBGSV,3,1,09,01,42,107,,02,63,242,,03,71,140,,04,22,097,,0*74
1780409447.326,$GBGSV,3,2,09,04,22,097,,08,16,155,,13,10,200,,14,02,128,,0*76
1780409447.327,$GBGSV,3,3,09,14,02,128,,0*42
1780409447.327,$GNGLL,1338.99902,N,10029.55599,E,141047.00,A,D*78
1780409448.305,$GNRMC,141048.00,A,1338.99904,N,10029.55611,E,0.366,79.84,020626,0.53,W,F,V*73
1780409448.306,$GNVTG,79.84,T,80.37,M,0.366,N,0.678,K,D*3C
1780409448.309,$GNGGA,141048.00,1338.99904,N,10029.55611,E,5,12,0.85,12.1,M,-27.8,M,1.0,0499*71
1780409448.311,$GNGSA,A,3,10,25,26,28,31,32,02,,,,,,1.47,0.85,1.21,1*05
1780409448.312,$GNGSA,A,3,68,78,66,77,67,,,,,,,,1.47,0.85,1.21,2*0F
1780409448.314,$GNGSA,A,3,05,06,09,16,25,31,34,,,,,,1.47,0.85,1.21,3*01
1780409448.315,$GNGSA,A,3,06,07,09,10,33,24,25,,,,,,1.47,0.85,1.21,4*01
1780409448.317,$GPGSV,3,1,10,02,16,265,30,10,53,149,23,25,19,042,29,26,62,193,35,1*65
1780409448.319,$GPGSV,3,2,10,28,45,358,45,31,51,311,46,32,42,040,45,41,64,233,47,1*63
1780409448.321,$GPGSV,3,3,10,42,70,217,48,50,56,115,41,1*6A
1780409448.323,$GPGSV,2,1,07,10,53,149,21,23,15,148,19,25,19,042,26,26,62,193,22,6*69
1780409448.323,$GPGSV,2,2,07,28,45,358,44,31,51,311,45,32,42,040,45,6*57
1780409448.324,$GPGSV,2,1,06,01,12,291,,03,03,326,,16,29,197,,27,02,201,,0*68
1780409448.325,$GPGSV,2,2,06,27,02,201,,29,05,094,,0*64
1780409448.325,$GLGSV,2,1,05,66,30,095,30,67,42,022,48,77,36,023,39,78,80,241,49,1*7A
1780409448.326,$GLGSV,2,2,05,79,26,211,16,1*42
1780409448.326,$GLGSV,2,1,05,66,30,095,24,67,42,022,46,68,12,336,38,78,80,241,48,3*7C
1780409448.327,$GLGSV,2,2,05,79,26,211,17,3*41
1780409448.327,$GLGSV,1,1,03,81,02,195,,82,08,237,,83,01,285,,0*4D
1780409448.329,$GAGSV,2,1,08,05,36,347,49,06,19,074,38,09,32,052,45,16,60,101,51,2*7D
1780409448.329,$GAGSV,2,2,08,25,41,182,29,31,19,047,28,34,29,279,21,36,36,217,17,2*7E
1780409448.330,$GAGSV,2,1,05,05,36,347,41,09,32,052,40,16,60,101,46,31,19,047,30,7*72
1780409448.331,$GAGSV,2,2,05,34,29,279,18,7*4F
1780409448.331,$GAGSV,1,1,03,03,08,302,,04,02,091,,11,11,171,,0*44
1780409448.332,$GBGSV,2,1,07,06,64,135,48,07,50,006,46,09,83,030,47,10,59,351,45,1*72
1780409448.332,$GBGSV,2,2,07,24,22,034,36,25,76,339,49,33,60,058,49,1*41
1780409448.333,$GBGSV,1,1,02,09,83,030,48,10,59,351,47,3*72
1780409448.334,$GBGSV,3,1,09,01,42,107,,02,63,242,,03,71,140,,04,22,097,,0*74
1780409448.334,$GBGSV,3,2,09,04,22,097,,08,16,155,,13,10,200,,14,02,128,,0*76
1780409448.335,$GBGSV,3,3,09,14,02,128,,0*42
1780409448.335,$GNGLL,1338.99904,N,10029.55611,E,141048.00,A,D*72
1780409449.302,$GNRMC,141049.00,A,1338.99905,N,10029.55622,E,0.410,82.69,020626,0.53,W,F,V*72
1780409449.304,$GNVTG,82.69,T,83.22,M,0.410,N,0.759,K,D*38
1780409449.305,$GNGGA,141049.00,1338.99905,N,10029.55622,E,5,12,1.01,12.3,M,-27.8,M,1.0,0499*7E
1780409449.306,$GNGSA,A,3,10,25,26,28,31,32,02,,,,,,1.74,1.01,1.42,1*0D
1780409449.306,$GNGSA,A,3,68,78,66,77,67,,,,,,,,1.74,1.01,1.42,2*07
1780409449.307,$GNGSA,A,3,05,06,09,16,31,34,,,,,,,1.74,1.01,1.42,3*0E
1780409449.307,$GNGSA,A,3,06,07,09,10,33,24,25,,,,,,1.74,1.01,1.42,4*09
1780409449.308,$GPGSV,3,1,10,02,16,265,29,10,53,149,25,25,19,042,28,26,62,193,35,1*6A
1780409449.309,$GPGSV,3,2,10,28,45,358,44,31,51,311,45,32,42,040,47,41,64,233,47,1*63
1780409449.309,$GPGSV,3,3,10,42,70,217,47,50,56,115,41,1*65
1780409449.310,$GPGSV,2,1,07,10,53,149,23,23,15,148,18,25,19,042,28,26,62,193,19,6*6C
1780409449.311,$GPGSV,2,2,07,28,45,358,45,31,51,311,45,32,42,040,46,6*55
1780409449.311,$GPGSV,2,1,06,01,12,291,,03,03,326,,16,29,197,,27,02,201,,0*68
1780409449.312,$GPGSV,2,2,06,27,02,201,,29,05,094,,0*64
1780409449.312,$GLGSV,2,1,05,66,30,095,31,67,42,022,48,77,36,023,41,78,80,241,49,1*74
1780409449.313,$GLGSV,2,2,05,79,26,211,17,1*43
1780409449.313,$GLGSV,2,1,05,66,30,095,29,67,42,022,45,68,12,336,39,78,80,241,48,3*73
1780409449.314,$GLGSV,2,2,05,79,26,211,16,3*40
1780409449.314,$GLGSV,1,1,03,81,02,195,,82,08,237,,83,01,285,,0*4D
1780409449.315,$GAGSV,2,1,08,05,36,347,48,06,19,074,36,09,32,052,43,16,60,101,51,2*74
1780409449.316,$GAGSV,2,2,08,25,41,182,13,31,19,047,27,34,29,279,21,36,36,217,19,2*76
1780409449.316,$GAGSV,2,1,06,05,36,347,41,06,19,074,30,09,32,052,38,16,60,101,46,7*7A
1780409449.317,$GAGSV,2,2,06,31,19,047,30,34,29,279,18,7*76
1780409449.318,$GAGSV,1,1,03,03,08,302,,04,02,091,,11,11,171,,0*44
1780409449.318,$GBGSV,2,1,07,06,64,135,48,07,50,006,46,09,83,030,46,10,59,351,44,1*72
1780409449.319,$GBGSV,2,2,07,24,22,034,36,25,76,339,49,33,60,058,50,1*49
1780409449.320,$GBGSV,1,1,02,09,83,030,49,10,59,351,48,3*7C
1780409449.321,$GBGSV,3,1,09,01,42,107,,02,63,242,,03,71,140,,04,22,097,,0*74
1780409449.322,$GBGSV,3,2,09,04,22,097,,08,16,155,,13,10,200,,14,02,128,,0*76
1780409449.322,$GBGSV,3,3,09,14,02,128,,0*42
1780409449.322,$GNGLL,1338.99905,N,10029.55622,E,141049.00,A,D*72
1780409450.308,$GNRMC,141050.00,A,1338.99907,N,10029.55633,E,0.471,85.54,020626,0.53,W,F,V*76
1780409450.312,$GNVTG,85.54,T,86.07,M,0.471,N,0.872,K,D*32
1780409450.315,$GNGGA,141050.00,1338.99907,N,10029.55633,E,5,12,0.85,12.5,M,-27.8,M,1.0,0499*7F
1780409450.315,$GNGSA,A,3,10,25,26,28,31,32,02,,,,,,1.52,0.85,1.26,1*06
1780409450.316,$GNGSA,A,3,68,78,66,77,67,,,,,,,,1.52,0.85,1.26,2*0C
1780409450.316,$GNGSA,A,3,05,06,09,16,25,31,34,,,,,,1.52,0.85,1.26,3*02
1780409450.317,$GNGSA,A,3,06,07,09,10,33,24,25,,,,,,1.52,0.85,1.26,4*02
1780409450.317,$GPGSV,3,1,10,02,16,265,29,10,53,149,25,25,19,042,26,26,62,193,33,1*62
1780409450.318,$GPGSV,3,2,10,28,45,358,44,31,51,311,46,32,42,040,47,41,64,233,47,1*60
1780409450.319,$GPGSV,3,3,10,42,70,217,47,50,56,115,41,1*65
1780409450.319,$GPGSV,2,1,07,10,53,149,22,23,15,148,17,25,19,042,34,26,62,193,23,6*66
1780409450.320,$GPGSV,2,2,07,28,45,358,46,31,51,311,44,32,42,040,46,6*57
1780409450.322,$GPGSV,2,1,06,01,12,291,,03,03,326,,16,29,197,,27,02,201,,0*68
1780409450.322,$GPGSV,2,2,06,27,02,201,,29,05,094,,0*64
1780409450.323,$GLGSV,2,1,05,66,30,095,31,67,42,022,48,77,36,023,38,78,80,241,49,1*7A
1780409450.323,$GLGSV,2,2,05,79,26,211,18,1*4C
1780409450.324,$GLGSV,2,1,05,66,30,095,30,67,42,022,48,68,12,336,35,78,80,241,49,3*7B
1780409450.325,$GLGSV,2,2,05,79,26,211,14,3*42
1780409450.325,$GLGSV,1,1,03,81,02,195,,82,08,237,,83,01,285,,0*4D
1780409450.326,$GAGSV,2,1,08,05,36,347,47,06,19,074,38,09,32,052,44,16,60,101,50,2*73
1780409450.326,$GAGSV,2,2,08,25,41,182,22,31,19,047,27,34,29,279,22,36,36,217,17,2*79
1780409450.327,$GAGSV,2,1,06,05,36,347,41,06,19,074,35,09,32,052,36,16,60,101,46,7*71
1780409450.328,$GAGSV,2,2,06,31,19,047,32,34,29,279,21,7*7E
1780409450.328,$GAGSV,1,1,03,03,08,302,,04,02,091,,11,11,171,,0*44
1780409450.329,$GBGSV,2,1,07,06,64,135,49,07,50,006,45,09,83,030,47,10,59,351,46,1*73
1780409450.330,$GBGSV,2,2,07,24,22,034,36,25,76,339,48,33,60,058,50,1*48
1780409450.330,$GBGSV,1,1,02,09,83,030,48,10,59,351,47,3*72
1780409450.331,$GBGSV,3,1,09,01,42,107,,02,63,242,,03,71,140,,04,22,097,,0*74
1780409450.331,$GBGSV,3,2,09,04,22,097,,08,16,155,,13,10,200,,14,02,128,,0*76
1780409450.332,$GBGSV,3,3,09,14,02,128,,0*42
1780409450.332,$GNGLL,1338.99907,N,10029.55633,E,141050.00,A,D*78
1780409451.297,$GNRMC,141051.00,A,1338.99908,N,10029.55645,E,0.444,84.60,020626,0.53,W,F,V*79
1780409451.300,$GNVTG,84.60,T,85.13,M,0.444,N,0.822,K,D*31
1780409451.301,$GNGGA,141051.00,1338.99908,N,10029.55645,E,5,12,0.88,12.7,M,-27.8,M,1.0,0499*7F
1780409451.301,$GNGSA,A,3,10,25,26,28,31,32,02,,,,,,1.55,0.88,1.27,1*0D
1780409451.302,$GNGSA,A,3,68,78,66,77,67,,,,,,,,1.55,0.88,1.27,2*07
1780409451.303,$GNGSA,A,3,05,06,09,16,25,31,34,,,,,,1.55,0.88,1.27,3*09
1780409451.303,$GNGSA,A,3,06,07,09,10,33,24,25,,,,,,1.55,0.88,1.27,4*09
1780409451.304,$GPGSV,3,1,11,02,16,265,28,10,53,149,25,23,15,148,19,25,19,042,34,1*6A
1780409451.305,$GPGSV,3,2,11,26,62,193,33,28,45,358,46,31,51,311,47,32,42,040,47,1*6F
1780409451.305,$GPGSV,3,3,11,41,64,233,47,42,70,217,45,50,56,115,40,1*51
1780409451.306,$GPGSV,2,1,07,10,53,149,23,23,15,148,16,25,19,042,36,26,62,193,24,6*63
1780409451.307,$GPGSV,2,2,07,28,45,358,46,31,51,311,43,32,42,040,45,6*53
1780409451.308,$GPGSV,2,1,06,01,12,291,,03,03,326,,16,29,197,,27,02,201,,0*68
1780409451.308,$GPGSV,2,2,06,27,02,201,,29,05,094,,0*64
1780409451.309,$GLGSV,2,1,05,66,30,095,24,67,42,022,46,77,36,023,40,78,80,241,49,1*7F
1780409451.309,$GLGSV,2,2,05,79,26,211,17,1*43
1780409451.311,$GLGSV,2,1,05,66,30,095,29,67,42,022,49,68,12,336,35,78,80,241,48,3*73
1780409451.311,$GLGSV,2,2,05,79,26,211,11,3*47
1780409451.312,$GLGSV,1,1,03,81,02,195,,82,08,237,,83,01,285,,0*4D
1780409451.312,$GAGSV,2,1,08,05,36,347,47,06,19,074,41,09,32,052,42,16,60,101,50,2*7B
1780409451.313,$GAGSV,2,2,08,25,41,182,20,31,19,047,28,34,29,279,22,36,36,217,16,2*75
1780409451.314,$GAGSV,2,1,06,05,36,347,42,06,19,074,37,09,32,052,36,16,60,101,45,7*73
1780409451.315,$GAGSV,2,2,06,31,19,047,35,34,29,279,20,7*78
1780409451.315,$GAGSV,1,1,03,03,08,302,,04,02,091,,11,11,171,,0*44
1780409451.316,$GBGSV,2,1,07,06,64,135,49,07,50,006,43,09,83,030,47,10,59,351,47,1*74
1780409451.316,$GBGSV,2,2,07,24,22,034,36,25,76,339,49,33,60,058,50,1*49
1780409451.317,$GBGSV,1,1,02,09,83,030,48,10,59,351,46,3*73
1780409451.318,$GBGSV,3,1,09,01,42,107,,02,63,242,,03,71,140,,04,22,097,,0*74
1780409451.318,$GBGSV,3,2,09,04,22,097,,08,16,155,,13,10,200,,14,02,128,,0*76
1780409451.318,$GBGSV,3,3,09,14,02,128,,0*42
1780409451.319,$GNGLL,1338.99908,N,10029.55645,E,141051.00,A,D*77
1780409452.307,$GNRMC,141052.00,A,1338.99909,N,10029.55658,E,0.473,85.80,020626,0.53,W,F,V*7C
1780409452.309,$GNVTG,85.80,T,86.33,M,0.473,N,0.876,K,D*3A
1780409452.310,$GNGGA,141052.00,1338.99909,N,10029.55658,E,5,12,1.00,12.8,M,-27.8,M,1.0,0499*7F
1780409452.311,$GNGSA,A,3,10,25,26,28,31,32,02,,,,,,1.70,1.00,1.37,1*0A
1780409452.311,$GNGSA,A,3,68,78,66,77,67,,,,,,,,1.70,1.00,1.37,2*00
1780409452.311,$GNGSA,A,3,05,06,09,16,31,34,,,,,,,1.70,1.00,1.37,3*09
1780409452.312,$GNGSA,A,3,06,07,09,10,33,24,25,,,,,,1.70,1.00,1.37,4*0E
1780409452.312,$GPGSV,3,1,11,02,16,265,28,10,53,149,22,23,15,148,16,25,19,042,29,1*6E
1780409452.313,$GPGSV,3,2,11,26,62,193,32,28,45,358,44,31,51,311,45,32,42,040,45,1*6C
1780409452.313,$GPGSV,3,3,11,41,64,233,47,42,70,217,46,50,56,115,41,1*53
1780409452.314,$GPGSV,2,1,07,10,53,149,22,23,15,148,19,25,19,042,23,26,62,193,22,6*6F
1780409452.314,$GPGSV,2,2,07,28,45,358,45,31,51,311,43,32,42,040,45,6*50
1780409452.315,$GPGSV,2,1,06,01,12,291,,03,03,326,,16,29,197,,27,02,201,,0*68
1780409452.315,$GPGSV,2,2,06,27,02,201,,29,05,094,,0*64
1780409452.316,$GLGSV,2,1,05,66,30,095,30,67,42,022,45,77,36,023,36,78,80,241,49,1*78
1780409452.316,$GLGSV,2,2,05,79,26,211,18,1*4C
1780409452.317,$GLGSV,2,1,05,66,30,095,26,67,42,022,47,68,12,336,37,78,80,241,48,3*70
1780409452.317,$GLGSV,2,2,05,79,26,211,14,3*42
1780409452.318,$GLGSV,1,1,03,81,02,195,,82,08,237,,83,01,285,,0*4D
1780409452.318,$GAGSV,2,1,08,05,36,347,46,06,19,074,40,09,32,052,38,16,60,101,49,2*7E
1780409452.319,$GAGSV,2,2,08,25,41,182,19,31,19,047,38,34,29,279,23,36,36,217,17,2*7E
1780409452.320,$GAGSV,2,1,06,05,36,347,43,06,19,074,34,09,32,052,35,16,60,101,45,7*72
1780409452.320,$GAGSV,2,2,06,31,19,047,33,34,29,279,21,7*7F
1780409452.321,$GAGSV,1,1,03,03,08,302,,04,02,091,,11,11,171,,0*44
1780409452.321,$GBGSV,2,1,07,06,64,135,48,07,50,006,45,09,83,030,47,10,59,351,44,1*70
1780409452.322,$GBGSV,2,2,07,24,22,034,36,25,76,339,49,33,60,058,49,1*41
1780409452.322,$GBGSV,1,1,02,09,83,030,48,10,59,351,45,3*70
1780409452.323,$GBGSV,3,1,09,01,42,107,,02,63,242,,03,71,140,,04,22,097,,0*74
1780409452.323,$GBGSV,3,2,09,04,22,097,,08,16,155,,13,10,200,,14,02,128,,0*76
1780409452.323,$GBGSV,3,3,09,14,02,128,,0*42
1780409452.324,$GNGLL,1338.99909,N,10029.55658,E,141052.00,A,D*79
1780409453.308,$GNRMC,141053.00,A,1338.99909,N,10029.55673,E,0.543,90.85,020626,0.53,W,F,V*77
1780409453.311,$GNVTG,90.85,T,91.38,M,0.543,N,1.005,K,D*39
1780409453.312,$GNGGA,141053.00,1338.99909,N,10029.55673,E,5,12,1.00,13.0,M,-27.8,M,1.0,0499*7E
1780409453.312,$GNGSA,A,3,10,25,26,28,31,32,02,,,,,,1.70,1.00,1.37,1*0A
1780409453.313,$GNGSA,A,3,68,78,66,77,67,,,,,,,,1.70,1.00,1.37,2*00
1780409453.313,$GNGSA,A,3,05,06,09,16,31,34,,,,,,,1.70,1.00,1.37,3*09
1780409453.314,$GNGSA,A,3,06,07,09,10,33,24,25,,,,,,1.70,1.00,1.37,4*0E
1780409453.314,$GPGSV,3,1,11,02,16,265,27,10,53,149,30,23,15,148,13,25,19,042,32,1*6D
1780409453.315,$GPGSV,3,2,11,26,62,193,31,28,45,358,41,31,51,311,46,32,42,040,45,1*69
1780409453.316,$GPGSV,3,3,11,41,64,233,47,42,70,217,46,50,56,115,42,1*50
1780409453.316,$GPGSV,2,1,07,10,53,149,25,23,15,148,18,25,19,042,30,26,62,193,22,6*6B
1780409453.317,$GPGSV,2,2,07,28,45,358,44,31,51,311,43,32,42,040,44,6*50
1780409453.318,$GPGSV,2,1,06,01,12,291,,03,03,326,,16,29,197,,27,02,201,,0*68
1780409453.318,$GPGSV,2,2,06,27,02,201,,29,05,094,,0*64
1780409453.319,$GLGSV,2,1,05,66,30,095,25,67,42,022,48,77,36,023,41,78,80,241,48,1*70
1780409453.319,$GLGSV,2,2,05,79,26,211,18,1*4C
1780409453.320,$GLGSV,2,1,05,66,30,095,31,67,42,022,47,68,12,336,39,78,80,241,48,3*78
1780409453.321,$GLGSV,2,2,05,79,26,211,15,3*43
1780409453.321,$GLGSV,1,1,03,81,02,195,,82,08,237,,83,01,285,,0*4D
1780409453.322,$GAGSV,2,1,08,05,36,347,46,06,19,074,41,09,32,052,35,16,60,101,50,2*7A
1780409453.323,$GAGSV,2,2,08,25,41,182,18,31,19,047,37,34,28,279,23,36,36,217,18,2*7E
1780409453.324,$GAGSV,2,1,06,05,36,347,42,06,19,074,35,09,32,052,35,16,60,101,46,7*71
1780409453.324,$GAGSV,2,2,06,31,19,047,33,34,28,279,21,7*7E
1780409453.325,$GAGSV,1,1,03,03,08,302,,04,02,091,,11,11,171,,0*44
1780409453.325,$GBGSV,2,1,07,06,64,135,48,07,50,006,44,09,83,030,47,10,59,351,45,1*70
1780409453.326,$GBGSV,2,2,07,24,22,034,38,25,76,339,48,33,60,058,50,1*46
1780409453.327,$GBGSV,1,1,02,09,83,030,48,10,59,351,46,3*73
1780409453.327,$GBGSV,3,1,09,01,42,107,,02,63,242,,03,71,140,,04,22,097,,0*74
1780409453.328,$GBGSV,3,2,09,04,22,097,,08,16,155,,13,10,200,,14,02,128,,0*76
1780409453.328,$GBGSV,3,3,09,14,02,128,,0*42
1780409453.329,$GNGLL,1338.99909,N,10029.55673,E,141053.00,A,D*71
1780409454.304,$GNRMC,141054.00,A,1338.99909,N,10029.55691,E,0.727,87.61,020626,0.53,W,F,V*70
1780409454.306,$GNVTG,87.61,T,88.14,M,0.727,N,1.347,K,D*36
1780409454.307,$GNGGA,141054.00,1338.99909,N,10029.55691,E,5,12,1.01,13.1,M,-27.8,M,1.0,0499*75
1780409454.308,$GNGSA,A,3,10,25,26,28,31,32,02,,,,,,1.74,1.01,1.42,1*0D
1780409454.309,$GNGSA,A,3,68,78,66,77,67,,,,,,,,1.74,1.01,1.42,2*07
1780409454.309,$GNGSA,A,3,36,05,06,09,16,31,34,,,,,,1.74,1.01,1.42,3*0B
1780409454.310,$GNGSA,A,3,06,07,09,10,33,24,25,,,,,,1.74,1.01,1.42,4*09
1780409454.310,$GPGSV,3,1,11,02,16,265,28,10,53,149,22,23,15,148,09,25,19,042,32,1*6A
1780409454.311,$GPGSV,3,2,11,26,62,193,32,28,45,358,43,31,51,311,47,32,42,040,43,1*6F
1780409454.312,$GPGSV,3,3,11,41,64,233,46,42,70,217,48,50,56,115,42,1*5F
1780409454.312,$GPGSV,2,1,07,10,53,149,24,23,15,148,16,25,19,042,30,26,62,193,21,6*67
1780409454.313,$GPGSV,2,2,07,28,45,358,45,31,51,311,46,32,42,040,44,6*54
1780409454.314,$GPGSV,2,1,06,01,12,291,,03,03,326,,16,29,197,,27,02,201,,0*68
1780409454.314,$GPGSV,2,2,06,27,02,201,,29,05,094,,0*64
1780409454.315,$GLGSV,2,1,05,66,30,095,31,67,42,022,47,77,36,023,36,78,80,241,49,1*7B
1780409454.315,$GLGSV,2,2,05,79,26,211,17,1*43
1780409454.316,$GLGSV,2,1,05,66,30,095,25,67,42,022,47,68,12,336,31,78,80,241,48,3*75
1780409454.317,$GLGSV,2,2,05,79,26,211,16,3*40
1780409454.318,$GLGSV,1,1,03,81,02,195,,82,08,237,,83,01,285,,0*4D
1780409454.318,$GAGSV,2,1,08,05,36,347,47,06,19,074,41,09,32,052,38,16,60,100,51,2*76
1780409454.319,$GAGSV,2,2,08,25,41,182,19,31,19,047,36,34,28,279,24,36,36,217,22,2*70
1780409454.320,$GAGSV,2,1,06,05,36,347,40,06,19,074,35,09,32,052,32,16,60,100,47,7*74
1780409454.320,$GAGSV,2,2,06,31,19,047,28,34,28,279,21,7*74
1780409454.321,$GAGSV,1,1,03,03,08,302,,04,02,091,,11,11,171,,0*44
1780409454.322,$GBGSV,2,1,07,06,64,135,47,07,50,006,45,09,83,030,47,10,59,351,45,1*7E
1780409454.322,$GBGSV,2,2,07,24,22,034,37,25,76,339,49,33,60,058,49,1*40
1780409454.323,$GBGSV,1,1,02,09,83,030,48,10,59,351,46,3*73
1780409454.323,$GBGSV,3,1,09,01,42,107,,02,63,242,,03,71,140,,04,22,097,,0*74
1780409454.324,$GBGSV,3,2,09,04,22,097,,08,16,155,,13,10,200,,14,02,128,,0*76
1780409454.324,$GBGSV,3,3,09,14,02,128,,0*42
1780409454.325,$GNGLL,1338.99909,N,10029.55691,E,141054.00,A,D*7A
1780409455.306,$GNRMC,141055.00,A,1338.99910,N,10029.55713,E,0.853,85.73,020626,0.53,W,F,V*7F
1780409455.308,$GNVTG,85.73,T,86.26,M,0.853,N,1.581,K,D*38
1780409455.309,$GNGGA,141055.00,1338.99910,N,10029.55713,E,5,12,0.88,13.2,M,-27.8,M,1.0,0499*74
1780409455.310,$GNGSA,A,3,10,25,26,28,31,32,02,,,,,,1.55,0.88,1.27,1*0D
1780409455.310,$GNGSA,A,3,68,78,66,77,67,,,,,,,,1.55,0.88,1.27,2*07
1780409455.311,$GNGSA,A,3,36,05,06,09,16,25,31,34,,,,,1.55,0.88,1.27,3*0C
1780409455.311,$GNGSA,A,3,06,07,09,10,33,24,25,,,,,,1.55,0.88,1.27,4*09
1780409455.312,$GPGSV,3,1,11,02,16,265,29,10,53,149,24,23,15,148,08,25,19,042,27,1*68
1780409455.313,$GPGSV,3,2,11,26,62,193,35,28,45,358,42,31,51,311,45,32,42,040,46,1*6E
1780409455.313,$GPGSV,3,3,11,41,64,233,47,42,70,217,46,50,56,115,43,1*51
1780409455.314,$GPGSV,2,1,07,10,53,149,22,23,15,148,13,25,19,042,31,26,62,193,19,6*6E
1780409455.315,$GPGSV,2,2,07,28,45,358,43,31,51,311,44,32,42,040,42,6*56
1780409455.315,$GPGSV,2,1,06,01,12,291,,03,03,326,,16,29,197,,27,02,201,,0*68
1780409455.316,$GPGSV,2,2,06,27,02,201,,29,05,094,,0*64
1780409455.316,$GLGSV,2,1,05,66,30,095,29,67,42,022,47,77,36,023,41,78,80,241,48,1*73
1780409455.317,$GLGSV,2,2,05,79,26,211,18,1*4C
1780409455.318,$GLGSV,2,1,05,66,30,095,26,67,42,022,49,68,12,336,41,78,80,241,49,3*7E
1780409455.319,$GLGSV,2,2,05,79,26,211,18,3*4E
1780409455.319,$GLGSV,1,1,03,81,02,195,,82,08,237,,83,01,285,,0*4D
1780409455.320,$GAGSV,2,1,08,05,36,347,47,06,19,074,43,09,32,052,40,16,60,100,51,2*7B
1780409455.321,$GAGSV,2,2,08,25,41,182,20,31,19,047,37,34,28,279,23,36,36,217,22,2*7C
1780409455.321,$GAGSV,2,1,06,05,36,347,41,06,19,074,36,09,32,052,32,16,60,100,46,7*77
1780409455.322,$GAGSV,2,2,06,31,19,047,28,34,28,279,21,7*74
1780409455.322,$GAGSV,1,1,03,03,08,302,,04,02,091,,11,11,171,,0*44
1780409455.323,$GBGSV,2,1,07,06,64,135,48,07,50,006,44,09,83,030,47,10,59,351,47,1*72
1780409455.324,$GBGSV,2,2,07,24,22,034,40,25,76,339,49,33,60,058,50,1*48
1780409455.324,$GBGSV,1,1,02,09,83,030,48,10,59,351,47,3*72
1780409455.325,$GBGSV,3,1,09,01,42,107,,02,63,242,,03,71,140,,04,22,097,,0*74
1780409455.326,$GBGSV,3,2,09,04,22,097,,08,16,155,,13,10,200,,14,02,128,,0*76
1780409455.326,$GBGSV,3,3,09,14,02,128,,0*42
1780409455.326,$GNGLL,1338.99910,N,10029.55713,E,141055.00,A,D*78
1780409456.310,$GNRMC,141056.00,A,1338.99913,N,10029.55736,E,0.719,88.63,020626,0.53,W,F,V*75
1780409456.312,$GNVTG,88.63,T,89.15,M,0.719,N,1.331,K,D*37
1780409456.313,$GNGGA,141056.00,1338.99913,N,10029.55736,E,5,12,0.85,13.4,M,-27.8,M,1.0,0499*78
1780409456.313,$GNGSA,A,3,10,25,26,28,31,32,02,,,,,,1.52,0.85,1.26,1*06
1780409456.314,$GNGSA,A,3,68,78,66,77,67,,,,,,,,1.52,0.85,1.26,2*0C
1780409456.315,$GNGSA,A,3,36,05,06,09,16,25,31,34,,,,,1.52,0.85,1.26,3*07
1780409456.315,$GNGSA,A,3,06,07,09,10,33,24,25,,,,,,1.52,0.85,1.26,4*02
1780409456.316,$GPGSV,3,1,11,02,16,265,29,10,53,149,26,23,15,148,10,25,19,042,32,1*67
1780409456.317,$GPGSV,3,2,11,26,62,193,30,28,45,358,43,31,51,311,45,32,42,040,44,1*68
1780409456.318,$GPGSV,3,3,11,41,64,233,47,42,70,217,46,50,56,115,43,1*51
1780409456.318,$GPGSV,2,1,07,10,53,149,22,23,15,148,16,25,19,042,31,26,62,193,30,6*60
1780409456.319,$GPGSV,2,2,07,28,45,358,46,31,51,311,44,32,42,040,43,6*52
1780409456.320,$GPGSV,2,1,06,01,12,291,,03,03,326,,16,29,197,,27,02,201,,0*68
1780409456.320,$GPGSV,2,2,06,27,02,201,,29,05,094,,0*64
1780409456.321,$GLGSV,2,1,05,66,30,095,29,67,42,022,48,77,36,023,38,78,80,241,48,1*72
1780409456.321,$GLGSV,2,2,05,79,26,211,17,1*43
1780409456.323,$GLGSV,2,1,05,66,30,095,27,67,42,022,46,68,12,336,39,78,80,241,48,3*7E
1780409456.323,$GLGSV,2,2,05,79,26,211,15,3*43
1780409456.324,$GLGSV,1,1,03,81,02,195,,82,08,237,,83,01,285,,0*4D
1780409456.324,$GAGSV,2,1,08,05,36,347,45,06,19,074,43,09,32,052,41,16,60,100,49,2*71
1780409456.325,$GAGSV,2,2,08,25,41,182,20,31,19,047,35,34,28,279,31,36,36,217,21,2*7E
1780409456.326,$GAGSV,2,1,06,05,36,347,43,06,19,074,37,09,32,052,32,16,60,100,45,7*77
1780409456.327,$GAGSV,2,2,06,31,19,047,27,34,28,279,20,7*7A
1780409456.327,$GAGSV,1,1,03,03,08,302,,04,02,091,,11,11,171,,0*44
1780409456.328,$GBGSV,2,1,07,06,64,135,48,07,50,006,45,09,83,030,47,10,59,351,45,1*71
1780409456.328,$GBGSV,2,2,07,24,22,034,35,25,76,339,49,33,60,058,49,1*42
1780409456.329,$GBGSV,1,1,02,09,83,030,48,10,59,351,48,3*7D
1780409456.330,$GBGSV,3,1,09,01,42,107,,02,63,242,,03,71,140,,04,22,097,,0*74
1780409456.330,$GBGSV,3,2,09,04,22,097,,08,16,155,,13,10,200,,14,02,128,,0*76
1780409456.331,$GBGSV,3,3,09,14,02,128,,0*42
1780409456.331,$GNGLL,1338.99913,N,10029.55736,E,141056.00,A,D*7F
1780409457.305,$GNRMC,141057.00,A,1338.99915,N,10029.55756,E,0.640,87.73,020626,0.53,W,F,V*77
1780409457.307,$GNVTG,87.73,T,88.26,M,0.640,N,1.186,K,D*3B
1780409457.308,$GNGGA,141057.00,1338.99915,N,10029.55756,E,5,12,0.85,13.6,M,-27.8,M,1.0,0499*7B
1780409457.309,$GNGSA,A,3,10,25,26,28,31,32,23,02,,,,,1.52,0.85,1.26,1*07
1780409457.309,$GNGSA,A,3,68,78,66,77,67,,,,,,,,1.52,0.85,1.26,2*0C
1780409457.310,$GNGSA,A,3,05,06,09,16,25,31,34,,,,,,1.52,0.85,1.26,3*02
1780409457.310,$GNGSA,A,3,06,07,09,10,33,24,25,,,,,,1.52,0.85,1.26,4*02
1780409457.311,$GPGSV,3,1,11,02,16,265,29,10,53,149,27,23,15,148,09,25,19,042,26,1*6B
1780409457.311,$GPGSV,3,2,11,26,62,193,31,28,45,358,43,31,51,311,44,32,42,040,45,1*69
1780409457.312,$GPGSV,3,3,11,41,64,233,47,42,70,217,46,50,56,115,41,1*53
1780409457.312,$GPGSV,2,1,07,10,53,149,30,23,15,148,22,25,19,042,24,26,62,193,25,6*64
1780409457.313,$GPGSV,2,2,07,28,45,358,46,31,51,311,44,32,42,040,40,6*51
1780409457.314,$GPGSV,2,1,06,01,12,291,,03,03,326,,16,29,197,,27,02,201,,0*68
1780409457.314,$GPGSV,2,2,06,27,02,201,,29,05,094,,0*64
1780409457.314,$GLGSV,2,1,05,66,30,095,30,67,42,022,49,77,36,023,40,78,80,241,48,1*74
1780409457.315,$GLGSV,2,2,05,79,26,211,17,1*43
1780409457.315,$GLGSV,2,1,05,66,30,095,32,67,42,022,48,68,12,336,39,78,80,241,50,3*7D
1780409457.316,$GLGSV,2,2,05,79,26,211,15,3*43
1780409457.317,$GLGSV,1,1,03,81,02,195,,82,08,237,,83,01,285,,0*4D
1780409457.317,$GAGSV,2,1,08,05,36,347,44,06,19,074,41,09,32,052,38,16,60,100,50,2*74
1780409457.318,$GAGSV,2,2,08,25,41,182,20,31,19,047,25,34,28,279,23,36,36,217,19,2*77
1780409457.319,$GAGSV,2,1,06,05,36,347,39,06,19,074,33,09,32,052,28,16,60,100,45,7*75
1780409457.319,$GAGSV,2,2,06,31,19,047,27,34,28,279,20,7*7A
1780409457.320,$GAGSV,1,1,03,03,08,302,,04,02,091,,11,11,171,,0*44
1780409457.320,$GBGSV,2,1,07,06,64,135,49,07,50,006,43,09,83,030,47,10,59,351,45,1*76
1780409457.321,$GBGSV,2,2,07,24,22,034,26,25,76,339,49,33,60,058,49,1*40
1780409457.321,$GBGSV,1,1,02,09,83,030,48,10,59,351,48,3*7D
1780409457.322,$GBGSV,3,1,09,01,42,107,,02,63,242,,03,71,140,,04,22,097,,0*74
1780409457.322,$GBGSV,3,2,09,04,22,097,,08,16,155,,13,10,200,,14,02,128,,0*76
1780409457.323,$GBGSV,3,3,09,14,02,128,,0*42
1780409457.323,$GNGLL,1338.99915,N,10029.55756,E,141057.00,A,D*7E
1780409458.309,$GNRMC,141058.00,A,1338.99919,N,10029.55776,E,0.704,85.77,020626,0.53,W,F,V*71
1780409458.311,$GNVTG,85.77,T,86.30,M,0.704,N,1.303,K,D*3A
1780409458.312,$GNGGA,141058.00,1338.99919,N,10029.55776,E,5,12,0.85,13.9,M,-27.8,M,1.0,0499*75
1780409458.312,$GNGSA,A,3,10,25,26,28,31,32,02,,,,,,1.48,0.85,1.21,1*0A
1780409458.313,$GNGSA,A,3,68,78,66,77,67,,,,,,,,1.48,0.85,1.21,2*00
1780409458.314,$GNGSA,A,3,05,06,09,16,25,31,34,,,,,,1.48,0.85,1.21,3*0E
1780409458.314,$GNGSA,A,3,06,07,09,10,33,24,25,,,,,,1.48,0.85,1.21,4*0E
1780409458.315,$GPGSV,3,1,11,02,16,265,29,10,53,149,33,23,15,148,08,25,19,042,27,1*6E
1780409458.316,$GPGSV,3,2,11,26,62,193,35,28,45,358,40,31,51,311,42,32,42,040,43,1*6E
1780409458.316,$GPGSV,3,3,11,41,64,233,47,42,70,217,45,50,56,115,41,1*50
1780409458.317,$GPGSV,2,1,06,10,53,149,26,25,19,042,23,26,62,193,26,28,45,358,46,6*69
1780409458.318,$GPGSV,2,2,06,31,51,311,41,32,42,040,42,6*60
1780409458.318,$GPGSV,2,1,06,01,12,291,,03,03,326,,16,29,197,,27,02,201,,0*68
1780409458.319,$GPGSV,2,2,06,27,02,201,,29,05,094,,0*64
1780409458.319,$GLGSV,2,1,05,66,30,095,30,67,42,022,47,77,36,023,41,78,80,241,48,1*7B
1780409458.320,$GLGSV,2,2,05,79,26,211,16,1*42
1780409458.321,$GLGSV,2,1,05,66,30,095,35,67,42,022,46,68,12,336,38,78,80,241,48,3*7C
1780409458.322,$GLGSV,2,2,05,79,26,211,16,3*40
1780409458.322,$GLGSV,1,1,03,81,02,195,,82,08,237,,83,01,285,,0*4D
1780409458.323,$GAGSV,2,1,08,05,36,347,46,06,19,074,39,09,32,052,33,16,60,100,50,2*72
1780409458.324,$GAGSV,2,2,08,25,42,182,22,31,19,047,34,34,28,279,25,36,36,217,19,2*70
1780409458.325,$GAGSV,2,1,06,05,36,347,38,06,19,074,38,09,32,052,34,16,60,100,45,7*72
1780409458.325,$GAGSV,2,2,06,31,19,047,35,34,28,279,20,7*79
1780409458.326,$GAGSV,1,1,03,03,08,302,,04,02,091,,11,11,171,,0*44
1780409458.326,$GBGSV,2,1,07,06,64,135,49,07,50,006,44,09,83,030,47,10,59,351,45,1*71
1780409458.327,$GBGSV,2,2,07,24,22,034,26,25,76,339,49,33,60,058,50,1*48
1780409458.327,$GBGSV,1,1,02,09,83,030,48,10,59,351,46,3*73
1780409458.328,$GBGSV,3,1,09,01,42,107,,02,63,242,,03,71,140,,04,22,097,,0*74
1780409458.329,$GBGSV,3,2,09,04,22,097,,08,16,155,,13,10,200,,14,02,128,,0*76
1780409458.329,$GBGSV,3,3,09,14,02,128,,0*42
1780409458.330,$GNGLL,1338.99919,N,10029.55776,E,141058.00,A,D*7F
1780409459.307,$GNRMC,141059.00,A,1338.99923,N,10029.55794,E,0.684,88.10,020626,0.53,W,F,V*70
1780409459.309,$GNVTG,88.10,T,88.63,M,0.684,N,1.266,K,D*35
1780409459.311,$GNGGA,141059.00,1338.99923,N,10029.55794,E,5,12,0.85,14.0,M,-27.8,M,1.0,0499*7F
1780409459.311,$GNGSA,A,3,10,25,26,28,31,32,02,,,,,,1.48,0.85,1.21,1*0A
1780409459.312,$GNGSA,A,3,68,78,66,77,67,,,,,,,,1.48,0.85,1.21,2*00
1780409459.312,$GNGSA,A,3,36,05,06,09,16,25,31,34,,,,,1.48,0.85,1.21,3*0B
1780409459.313,$GNGSA,A,3,06,07,09,10,33,24,25,,,,,,1.48,0.85,1.21,4*0E
1780409459.313,$GPGSV,3,1,11,02,16,265,28,10,53,149,30,23,15,148,07,25,19,042,31,1*64
1780409459.314,$GPGSV,3,2,11,26,62,193,35,28,45,358,43,31,51,311,42,32,42,040,43,1*6D
1780409459.315,$GPGSV,3,3,11,41,64,233,48,42,70,217,46,50,56,115,43,1*5E
1780409459.315,$GPGSV,1,1,01,23,15,148,27,5*5C
1780409459.316,$GPGSV,2,1,06,10,53,149,26,25,19,042,26,26,62,193,27,28,45,358,46,6*6D
1780409459.316,$GPGSV,2,2,06,31,51,311,41,32,42,040,40,6*62
1780409459.317,$GPGSV,2,1,06,01,12,291,,03,03,326,,16,29,197,,27,02,201,,0*68
1780409459.318,$GPGSV,2,2,06,27,02,201,,29,05,094,,0*64
1780409459.319,$GLGSV,2,1,05,66,30,095,28,67,42,022,44,77,36,023,37,78,80,241,48,1*70
1780409459.319,$GLGSV,2,2,05,79,26,211,17,1*43
1780409459.320,$GLGSV,2,1,05,66,30,095,34,67,42,022,47,68,12,336,42,78,80,241,48,3*71
1780409459.321,$GLGSV,2,2,05,79,26,211,16,3*40
1780409459.321,$GLGSV,1,1,03,81,02,195,,82,08,237,,83,01,285,,0*4D
1780409459.322,$GAGSV,2,1,08,05,36,347,45,06,19,074,36,09,32,052,40,16,60,100,51,2*7B
1780409459.323,$GAGSV,2,2,08,25,42,182,22,31,19,047,32,34,28,279,25,36,36,217,22,2*7E
1780409459.323,$GAGSV,2,1,06,05,36,347,40,06,19,074,39,09,32,052,36,16,60,100,46,7*7D
1780409459.324,$GAGSV,2,2,06,31,19,047,31,34,28,279,20,7*7D
1780409459.324,$GAGSV,1,1,03,03,08,302,,04,02,091,,11,11,171,,0*44
1780409459.325,$GBGSV,2,1,07,06,64,135,48,07,50,006,44,09,83,030,47,10,59,351,46,1*73
1780409459.326,$GBGSV,2,2,07,24,22,034,37,25,76,339,49,33,60,058,48,1*41
1780409459.326,$GBGSV,1,1,02,09,83,030,49,10,59,351,46,3*72
1780409459.327,$GBGSV,3,1,09,01,42,107,,02,63,242,,03,71,140,,04,22,097,,0*74
1780409459.328,$GBGSV,3,2,09,04,22,097,,08,16,155,,13,10,200,,14,02,128,,0*76
1780409459.328,$GBGSV,3,3,09,14,02,128,,0*42
1780409459.328,$GNGLL,1338.99923,N,10029.55794,E,141059.00,A,D*7B
1780409460.297,$GNRMC,141100.00,A,1338.99926,N,10029.55814,E,0.729,89.25,020626,0.53,W,F,V*7E
1780409460.298,$GNVTG,89.25,T,89.78,M,0.729,N,1.350,K,D*3B
1780409460.300,$GNGGA,141100.00,1338.99926,N,10029.55814,E,5,12,0.85,14.2,M,-27.8,M,1.0,0499*72
1780409460.301,$GNGSA,A,3,10,25,26,28,31,32,23,02,,,,,1.52,0.85,1.26,1*07
1780409460.301,$GNGSA,A,3,68,78,66,77,67,,,,,,,,1.52,0.85,1.26,2*0C
1780409460.302,$GNGSA,A,3,36,05,06,09,16,25,31,34,,,,,1.52,0.85,1.26,3*07
1780409460.302,$GNGSA,A,3,06,07,09,10,33,24,25,,,,,,1.52,0.85,1.26,4*02
1780409460.303,$GPGSV,3,1,11,02,16,265,28,10,53,149,29,23,15,148,07,25,19,042,31,1*6C
1780409460.304,$GPGSV,3,2,11,26,62,193,32,28,45,358,42,31,51,311,43,32,42,040,35,1*6B
1780409460.304,$GPGSV,3,3,11,41,64,233,47,42,70,217,46,50,56,115,42,1*50
1780409460.305,$GPGSV,1,1,01,23,15,148,27,5*5C
1780409460.305,$GPGSV,2,1,06,10,53,149,25,25,19,042,24,26,62,193,26,28,45,358,47,6*6C
1780409460.306,$GPGSV,2,2,06,31,51,311,41,32,42,040,40,6*62
1780409460.306,$GPGSV,2,1,06,01,12,291,,03,03,326,,16,29,197,,27,02,201,,0*68
1780409460.307,$GPGSV,2,2,06,27,02,201,,29,05,094,,0*64
1780409460.307,$GLGSV,2,1,05,66,30,095,27,67,42,022,47,77,36,023,40,78,80,241,48,1*7C
1780409460.308,$GLGSV,2,2,05,79,26,211,19,1*4D
1780409460.309,$GLGSV,2,1,05,66,30,095,34,67,42,022,46,68,12,336,42,78,80,241,48,3*70
1780409460.310,$GLGSV,2,2,05,79,26,211,18,3*4E
1780409460.310,$GLGSV,1,1,03,81,02,195,,82,08,237,,83,01,285,,0*4D
1780409460.311,$GAGSV,2,1,08,05,36,347,41,06,19,074,37,09,32,052,38,16,60,100,51,2*71
1780409460.311,$GAGSV,2,2,08,25,42,182,24,31,19,047,36,34,28,279,25,36,36,217,21,2*7F
1780409460.312,$GAGSV,2,1,06,05,36,347,36,06,19,074,37,09,32,052,35,16,60,100,46,7*71
1780409460.313,$GAGSV,2,2,06,31,19,047,27,34,28,279,19,7*70
1780409460.313,$GAGSV,1,1,03,03,08,302,,04,02,091,,11,11,171,,0*44
1780409460.314,$GBGSV,2,1,07,06,64,135,48,07,50,006,45,09,83,030,46,10,59,351,45,1*70
1780409460.314,$GBGSV,2,2,07,24,22,034,34,25,76,339,50,33,60,058,48,1*4A
1780409460.315,$GBGSV,1,1,02,09,83,030,48,10,59,351,46,3*73
1780409460.315,$GBGSV,3,1,09,01,42,107,,02,63,242,,03,71,140,,04,22,097,,0*74
1780409460.316,$GBGSV,3,2,09,04,22,097,,08,16,155,,13,10,200,,14,02,128,,0*76
1780409460.316,$GBGSV,3,3,09,14,02,128,,0*42
1780409460.316,$GNGLL,1338.99926,N,10029.55814,E,141100.00,A,D*74
1780409461.307,$GNRMC,141101.00,A,1338.99926,N,10029.55832,E,0.692,91.97,020626,0.53,W,F,V*7A
1780409461.309,$GNVTG,91.97,T,92.50,M,0.692,N,1.282,K,D*34
1780409461.311,$GNGGA,141101.00,1338.99926,N,10029.55832,E,5,12,0.85,14.3,M,-27.8,M,1.0,0499*76
1780409461.311,$GNGSA,A,3,10,25,26,28,31,32,23,02,,,,,1.52,0.85,1.26,1*07
1780409461.312,$GNGSA,A,3,68,78,66,77,67,,,,,,,,1.52,0.85,1.26,2*0C
1780409461.312,$GNGSA,A,3,36,05,06,09,16,25,31,34,,,,,1.52,0.85,1.26,3*07
1780409461.312,$GNGSA,A,3,06,07,09,10,33,24,25,,,,,,1.52,0.85,1.26,4*02
1780409461.313,$GPGSV,3,1,11,02,16,265,26,10,53,149,22,23,15,148,07,25,19,042,27,1*6E
1780409461.314,$GPGSV,3,2,11,26,62,193,35,28,45,358,41,31,51,311,45,32,42,040,39,1*65
1780409461.314,$GPGSV,3,3,11,41,64,233,47,42,70,217,47,50,56,115,41,1*52
1780409461.315,$GPGSV,2,1,07,10,53,149,25,23,15,148,25,25,19,042,31,26,62,193,24,6*62
1780409461.315,$GPGSV,2,2,07,28,45,358,44,31,51,311,44,32,42,040,38,6*5C
1780409461.316,$GPGSV,2,1,06,01,12,291,,03,03,326,,16,29,197,,27,02,201,,0*68
1780409461.316,$GPGSV,2,2,06,27,02,201,,29,05,094,,0*64
1780409461.317,$GLGSV,2,1,05,66,30,095,27,67,42,022,45,77,36,023,38,78,80,241,48,1*71
1780409461.317,$GLGSV,2,2,05,79,26,211,19,1*4D
1780409461.318,$GLGSV,2,1,05,66,30,095,30,67,42,022,45,68,12,336,41,78,80,241,49,3*75
1780409461.318,$GLGSV,2,2,05,79,26,211,18,3*4E
1780409461.319,$GLGSV,1,1,03,81,02,195,,82,08,237,,83,01,285,,0*4D
1780409461.320,$GAGSV,2,1,08,05,36,347,42,06,19,074,44,09,32,052,33,16,60,100,50,2*7C
1780409461.320,$GAGSV,2,2,08,25,42,182,22,31,19,047,32,34,28,279,24,36,36,217,25,2*78
1780409461.321,$GAGSV,2,1,06,05,36,347,38,06,19,074,37,09,32,052,32,16,60,100,46,7*78
1780409461.321,$GAGSV,2,2,06,31,19,047,27,34,28,279,20,7*7A
1780409461.322,$GAGSV,1,1,03,03,08,302,,04,02,091,,11,11,171,,0*44
1780409461.322,$GBGSV,2,1,07,06,64,135,48,07,50,006,45,09,83,030,47,10,59,351,45,1*71
1780409461.323,$GBGSV,2,2,07,24,22,034,35,25,76,339,49,33,60,058,49,1*42
1780409461.323,$GBGSV,1,1,02,09,83,030,48,10,59,351,47,3*72
1780409461.324,$GBGSV,3,1,09,01,42,107,,02,63,242,,03,71,140,,04,22,097,,0*74
1780409461.324,$GBGSV,3,2,09,04,22,097,,08,16,155,,13,10,200,,14,02,128,,0*76
1780409461.325,$GBGSV,3,3,09,14,02,128,,0*42
1780409461.325,$GNGLL,1338.99926,N,10029.55832,E,141101.00,A,D*71
1780409462.309,$GNRMC,141102.00,A,1338.99927,N,10029.55851,E,0.769,88.65,020626,0.53,W,F,V*7D
1780409462.311,$GNVTG,88.65,T,89.18,M,0.769,N,1.424,K,D*38
1780409462.313,$GNGGA,141102.00,1338.99927,N,10029.55851,E,5,12,0.85,14.4,M,-27.8,M,1.0,0499*76
1780409462.313,$GNGSA,A,3,10,25,26,28,31,32,02,,,,,,1.52,0.85,1.26,1*06
1780409462.314,$GNGSA,A,3,68,78,66,77,79,67,,,,,,,1.52,0.85,1.26,2*02
1780409462.314,$GNGSA,A,3,36,05,06,09,16,25,31,34,,,,,1.52,0.85,1.26,3*07
1780409462.315,$GNGSA,A,3,06,07,09,10,33,24,25,,,,,,1.52,0.85,1.26,4*02
1780409462.315,$GPGSV,3,1,10,02,16,265,25,10,53,149,25,25,19,042,29,26,62,193,31,1*63
1780409462.316,$GPGSV,3,2,10,28,45,358,44,31,51,311,45,32,42,040,31,41,64,233,47,1*62
1780409462.317,$GPGSV,3,3,10,42,70,217,45,50,56,115,41,1*67
1780409462.317,$GPGSV,2,1,06,10,53,149,25,25,19,042,31,26,62,193,21,28,45,358,46,6*6E
1780409462.318,$GPGSV,2,2,06,31,51,311,44,32,42,040,40,6*67
1780409462.318,$GPGSV,2,1,07,01,12,291,,03,03,326,,16,29,197,,23,15,148,,0*65
1780409462.319,$GPGSV,2,2,07,23,15,148,,27,02,201,,29,05,094,,0*5D
1780409462.320,$GLGSV,2,1,06,66,30,095,32,67,42,022,46,68,12,336,41,77,36,023,38,1*77
1780409462.320,$GLGSV,2,2,06,78,80,241,48,79,26,211,22,1*7A
1780409462.322,$GLGSV,2,1,05,66,30,095,31,67,42,022,45,68,12,336,41,78,80,241,49,3*74
1780409462.322,$GLGSV,2,2,05,79,26,211,20,3*45
1780409462.323,$GLGSV,1,1,03,81,02,195,,82,08,237,,83,01,285,,0*4D
1780409462.323,$GAGSV,2,1,08,05,36,347,40,06,19,074,42,09,32,052,40,16,60,100,50,2*7C
1780409462.324,$GAGSV,2,2,08,25,42,182,22,31,19,047,32,34,28,279,24,36,36,217,25,2*78
1780409462.325,$GAGSV,2,1,06,05,36,347,37,06,19,074,37,09,32,052,30,16,60,100,47,7*74
1780409462.325,$GAGSV,2,2,06,31,19,047,25,34,28,279,20,7*78
1780409462.326,$GAGSV,1,1,03,03,08,302,,04,02,091,,11,11,171,,0*44
1780409462.327,$GBGSV,2,1,07,06,64,135,49,07,50,006,45,09,83,030,47,10,59,351,45,1*70
1780409462.327,$GBGSV,2,2,07,24,22,034,35,25,76,339,49,33,60,058,48,1*43
1780409462.328,$GBGSV,1,1,02,09,83,030,49,10,59,351,46,3*72
1780409462.328,$GBGSV,3,1,09,01,42,107,,02,63,242,,03,71,140,,04,22,097,,0*74
1780409462.329,$GBGSV,3,2,09,04,22,097,,08,16,155,,13,10,200,,14,02,128,,0*76
1780409462.329,$GBGSV,3,3,09,14,02,128,,0*42
1780409462.330,$GNGLL,1338.99927,N,10029.55851,E,141102.00,A,D*76
1780409463.305,$GNRMC,141103.00,A,1338.99927,N,10029.55869,E,0.744,87.04,020626,0.53,W,F,V*70
1780409463.308,$GNVTG,87.04,T,87.57,M,0.744,N,1.378,K,D*34
1780409463.309,$GNGGA,141103.00,1338.99927,N,10029.55869,E,5,12,0.85,14.3,M,-27.8,M,1.0,0499*7B
1780409463.309,$GNGSA,A,3,10,25,26,28,31,32,02,,,,,,1.52,0.85,1.26,1*06
1780409463.310,$GNGSA,A,3,68,78,66,77,79,67,,,,,,,1.52,0.85,1.26,2*02
1780409463.310,$GNGSA,A,3,36,05,06,09,16,25,31,34,,,,,1.52,0.85,1.26,3*07
1780409463.311,$GNGSA,A,3,06,07,09,10,33,24,25,,,,,,1.52,0.85,1.26,4*02
1780409463.312,$GPGSV,3,1,10,02,16,265,23,10,53,149,26,25,19,042,28,26,62,193,35,1*63
1780409463.312,$GPGSV,3,2,10,28,45,358,44,31,51,311,45,32,42,040,30,41,64,233,49,1*6D
1780409463.313,$GPGSV,3,3,10,42,70,217,47,50,56,115,41,1*65
1780409463.313,$GPGSV,1,1,01,23,15,148,29,5*52
1780409463.314,$GPGSV,2,1,06,10,53,149,25,25,19,042,31,26,62,193,22,28,45,358,47,6*6C
1780409463.315,$GPGSV,2,2,06,31,51,311,45,32,42,040,38,6*69
1780409463.315,$GPGSV,2,1,06,01,12,291,,03,03,326,,16,29,197,,27,02,201,,0*68
1780409463.316,$GPGSV,2,2,06,27,02,201,,29,05,094,,0*64
1780409463.317,$GLGSV,2,1,06,66,30,095,26,67,42,022,47,68,12,336,36,77,36,023,38,1*73
1780409463.317,$GLGSV,2,2,06,78,80,241,49,79,26,211,23,1*7A
1780409463.318,$GLGSV,2,1,05,66,30,095,31,67,42,022,46,68,12,336,41,78,80,241,49,3*77
1780409463.319,$GLGSV,2,2,05,79,26,211,20,3*45
1780409463.319,$GLGSV,1,1,03,81,02,195,,82,08,237,,83,01,285,,0*4D
1780409463.320,$GAGSV,2,1,08,05,36,347,43,06,19,074,39,09,32,052,42,16,60,100,49,2*79
1780409463.321,$GAGSV,2,2,08,25,42,182,21,31,19,047,25,34,28,279,30,36,36,217,30,2*7C
1780409463.322,$GAGSV,2,1,06,05,36,347,42,06,19,074,36,09,32,052,25,16,60,100,45,7*71
1780409463.322,$GAGSV,2,2,06,31,19,047,25,34,28,279,19,7*72
1780409463.323,$GAGSV,1,1,03,03,08,302,,04,02,091,,11,11,171,,0*44
1780409463.323,$GBGSV,2,1,07,06,64,135,48,07,50,006,46,09,83,030,47,10,59,351,46,1*71
1780409463.324,$GBGSV,2,2,07,24,22,034,35,25,76,339,49,33,60,058,50,1*4A
1780409463.324,$GBGSV,1,1,02,09,83,030,48,10,59,351,48,3*7D
1780409463.325,$GBGSV,3,1,09,01,42,107,,02,63,242,,03,71,140,,04,22,097,,0*74
1780409463.326,$GBGSV,3,2,09,04,22,097,,08,16,155,,13,10,200,,14,02,128,,0*76
1780409463.326,$GBGSV,3,3,09,14,02,128,,0*42
1780409463.327,$GNGLL,1338.99927,N,10029.55869,E,141103.00,A,D*7C
1780409464.309,$GNRMC,141104.00,A,1338.99926,N,10029.55887,E,0.720,86.48,020626,0.53,W,F,V*7D
1780409464.310,$GNVTG,86.48,T,87.01,M,0.720,N,1.334,K,D*34
1780409464.312,$GNGGA,141104.00,1338.99926,N,10029.55887,E,5,12,0.85,14.3,M,-27.8,M,1.0,0499*7D
1780409464.312,$GNGSA,A,3,10,25,26,28,31,32,23,02,,,,,1.52,0.85,1.26,1*07
1780409464.313,$GNGSA,A,3,68,78,66,77,79,67,,,,,,,1.52,0.85,1.26,2*02
1780409464.313,$GNGSA,A,3,36,05,06,09,16,25,31,34,,,,,1.52,0.85,1.26,3*07
1780409464.314,$GNGSA,A,3,06,07,09,10,33,24,25,,,,,,1.52,0.85,1.26,4*02
1780409464.314,$GPGSV,3,1,10,02,16,265,21,10,53,149,31,25,19,042,28,26,62,193,34,1*66
1780409464.315,$GPGSV,3,2,10,28,45,358,44,31,51,311,46,32,42,040,34,41,64,233,47,1*64
1780409464.316,$GPGSV,3,3,10,42,70,217,47,50,56,115,44,1*60
1780409464.316,$GPGSV,2,1,07,10,53,149,24,23,15,148,30,25,19,042,30,26,62,193,21,6*63
1780409464.317,$GPGSV,2,2,07,28,45,358,46,31,51,311,44,32,42,040,37,6*51
1780409464.317,$GPGSV,2,1,06,01,12,291,,03,03,326,,16,29,197,,27,02,201,,0*68
1780409464.318,$GPGSV,2,2,06,27,02,201,,29,05,094,,0*64
1780409464.319,$GLGSV,2,1,06,66,30,095,28,67,42,022,43,68,12,336,38,77,36,023,38,1*77
1780409464.319,$GLGSV,2,2,06,78,80,241,48,79,26,211,22,1*7A
1780409464.320,$GLGSV,2,1,05,66,30,095,31,67,42,022,45,68,12,336,35,78,80,241,49,3*77
1780409464.320,$GLGSV,2,2,05,79,26,211,19,3*4F
1780409464.321,$GLGSV,1,1,03,81,02,195,,82,08,237,,83,01,285,,0*4D
1780409464.322,$GAGSV,2,1,08,05,36,347,45,06,19,074,42,09,32,052,43,16,60,100,50,2*7A
1780409464.323,$GAGSV,2,2,08,25,42,182,20,31,19,046,31,34,28,279,23,36,36,217,22,2*78
1780409464.324,$GAGSV,2,1,06,05,36,347,42,06,19,074,36,09,32,052,37,16,60,100,46,7*71
1780409464.324,$GAGSV,2,2,06,31,19,046,23,34,28,279,19,7*75
1780409464.325,$GAGSV,1,1,03,03,08,302,,04,02,091,,11,11,171,,0*44
1780409464.325,$GBGSV,2,1,07,06,64,135,47,07,50,006,45,09,83,030,47,10,59,351,45,1*7E
1780409464.326,$GBGSV,2,2,07,24,22,034,39,25,76,339,49,33,60,058,49,1*4E
1780409464.326,$GBGSV,1,1,02,09,83,030,49,10,59,351,47,3*73
1780409464.327,$GBGSV,3,1,09,01,42,107,,02,63,242,,03,71,140,,04,22,097,,0*74
1780409464.328,$GBGSV,3,2,09,04,22,097,,08,16,155,,13,10,200,,14,02,128,,0*76
1780409464.328,$GBGSV,3,3,09,14,02,128,,0*42
1780409464.329,$GNGLL,1338.99926,N,10029.55887,E,141104.00,A,D*7A
1780409465.306,$GNRMC,141105.00,A,1338.99925,N,10029.55905,E,0.757,85.56,020626,0.53,W,F,V*78
1780409465.309,$GNVTG,85.56,T,86.09,M,0.757,N,1.402,K,D*33
1780409465.310,$GNGGA,141105.00,1338.99925,N,10029.55905,E,5,12,0.85,14.3,M,-27.8,M,1.0,0499*74
1780409465.310,$GNGSA,A,3,10,25,26,28,31,32,,,,,,,1.52,0.85,1.26,1*04
1780409465.311,$GNGSA,A,3,68,78,66,77,79,67,,,,,,,1.52,0.85,1.26,2*02
1780409465.312,$GNGSA,A,3,36,05,06,09,16,25,31,34,,,,,1.52,0.85,1.26,3*07
1780409465.312,$GNGSA,A,3,06,07,09,10,33,24,25,,,,,,1.52,0.85,1.26,4*02
1780409465.313,$GPGSV,2,1,08,10,53,149,31,25,19,042,28,26,62,193,34,28,45,358,44,1*6C
1780409465.313,$GPGSV,2,2,08,31,51,311,46,41,64,233,48,42,70,217,45,50,56,115,43,1*62
1780409465.314,$GPGSV,2,1,06,10,53,149,24,25,19,042,22,26,62,193,19,28,45,358,46,6*66
1780409465.315,$GPGSV,2,2,06,31,51,311,44,32,42,040,34,6*64
1780409465.315,$GPGSV,2,1,08,01,12,291,,02,16,265,,03,03,326,,16,29,197,,0*66
1780409465.316,$GPGSV,2,2,08,16,29,197,,23,15,148,,27,02,201,,29,05,094,,0*61
1780409465.317,$GLGSV,2,1,06,66,30,095,32,67,42,022,44,68,12,336,42,77,36,023,40,1*79
1780409465.317,$GLGSV,2,2,06,78,80,241,48,79,26,211,20,1*78
1780409465.318,$GLGSV,2,1,05,66,30,095,31,67,42,022,45,68,12,336,31,78,80,241,48,3*72
1780409465.319,$GLGSV,2,2,05,79,26,211,17,3*41
1780409465.320,$GLGSV,1,1,03,81,02,195,,82,08,237,,83,01,285,,0*4D
1780409465.320,$GAGSV,2,1,08,05,36,347,45,06,19,074,43,09,32,052,40,16,60,100,50,2*78
1780409465.321,$GAGSV,2,2,08,25,42,182,20,31,19,046,29,34,28,279,30,36,36,217,23,2*72
1780409465.322,$GAGSV,2,1,06,05,36,347,43,06,19,074,38,09,32,052,37,16,60,100,46,7*7E
1780409465.322,$GAGSV,2,2,06,31,19,046,25,34,28,279,20,7*79
1780409465.323,$GAGSV,1,1,03,03,08,302,,04,02,091,,11,11,171,,0*44
1780409465.324,$GBGSV,2,1,07,06,64,135,48,07,50,006,43,09,83,030,46,10,59,351,44,1*77
1780409465.324,$GBGSV,2,2,07,24,22,034,36,25,76,339,49,33,60,058,50,1*49
1780409465.325,$GBGSV,1,1,02,09,83,030,48,10,59,351,47,3*72
1780409465.325,$GBGSV,3,1,09,01,42,107,,02,63,242,,03,71,140,,04,22,097,,0*74
1780409465.326,$GBGSV,3,2,09,04,22,097,,08,16,155,,13,10,200,,14,02,128,,0*76
1780409465.326,$GBGSV,3,3,09,14,02,128,,0*42
1780409465.327,$GNGLL,1338.99925,N,10029.55905,E,141105.00,A,D*73
1780409466.302,$GNRMC,141106.00,A,1338.99926,N,10029.55925,E,0.811,88.15,020626,0.53,W,F,V*7D
1780409466.304,$GNVTG,88.15,T,88.68,M,0.811,N,1.501,K,D*3F
1780409466.306,$GNGGA,141106.00,1338.99926,N,10029.55925,E,5,12,0.85,14.4,M,-27.8,M,1.0,0499*71
1780409466.306,$GNGSA,A,3,10,25,26,28,31,32,,,,,,,1.52,0.85,1.26,1*04
1780409466.307,$GNGSA,A,3,68,78,66,77,79,67,,,,,,,1.52,0.85,1.26,2*02
1780409466.307,$GNGSA,A,3,36,05,06,09,16,25,31,34,,,,,1.52,0.85,1.26,3*07
1780409466.308,$GNGSA,A,3,06,07,09,10,33,24,25,,,,,,1.52,0.85,1.26,4*02
1780409466.308,$GPGSV,3,1,09,10,53,149,30,25,19,042,16,26,62,193,34,28,45,358,41,1*65
1780409466.309,$GPGSV,3,2,09,31,51,311,45,32,42,040,31,41,64,233,47,42,70,217,46,1*68
1780409466.309,$GPGSV,3,3,09,50,56,115,41,1*5B
1780409466.310,$GPGSV,1,1,01,23,15,148,27,5*5C
1780409466.311,$GPGSV,2,1,06,10,53,149,31,25,19,042,21,26,62,193,20,28,45,358,45,6*68
1780409466.311,$GPGSV,2,2,06,31,51,311,43,32,42,040,31,6*66
1780409466.312,$GPGSV,2,1,07,01,12,291,,02,16,265,,03,03,326,,16,29,197,,0*69
1780409466.312,$GPGSV,2,2,07,16,29,197,,27,02,201,,29,05,094,,0*56
1780409466.313,$GLGSV,2,1,06,66,30,095,28,67,42,022,33,68,12,336,35,77,36,023,40,1*72
1780409466.313,$GLGSV,2,2,06,78,80,241,47,79,26,211,20,1*77
1780409466.314,$GLGSV,2,1,05,66,30,095,35,67,42,022,36,68,12,336,34,78,80,241,49,3*76
1780409466.315,$GLGSV,2,2,05,79,26,211,15,3*43
1780409466.316,$GLGSV,1,1,03,81,02,195,,82,08,237,,83,01,285,,0*4D
1780409466.316,$GAGSV,2,1,08,05,36,347,45,06,19,074,40,09,32,052,41,16,60,100,50,2*7A
1780409466.317,$GAGSV,2,2,08,25,42,182,20,31,19,046,30,34,28,279,31,36,36,217,23,2*7B
1780409466.318,$GAGSV,2,1,06,05,36,347,43,06,19,074,33,09,32,052,34,16,60,100,46,7*76
1780409466.318,$GAGSV,2,2,06,31,19,046,24,34,28,279,21,7*79
1780409466.319,$GAGSV,1,1,03,03,08,302,,04,02,091,,11,11,171,,0*44
1780409466.320,$GBGSV,2,1,07,06,64,135,47,07,50,006,39,09,83,030,47,10,59,351,46,1*76
1780409466.320,$GBGSV,2,2,07,24,22,034,30,25,76,339,50,33,60,058,49,1*4F
1780409466.321,$GBGSV,1,1,02,09,83,030,48,10,59,351,47,3*72
1780409466.322,$GBGSV,3,1,09,01,42,107,,02,63,242,,03,71,140,,04,22,097,,0*74
1780409466.322,$GBGSV,3,2,09,04,22,097,,08,16,155,,13,10,200,,14,02,128,,0*76
1780409466.322,$GBGSV,3,3,09,14,02,128,,0*42
1780409466.323,$GNGLL,1338.99926,N,10029.55925,E,141106.00,A,D*71
1780409467.306,$GNRMC,141107.00,A,1338.99928,N,10029.55945,E,0.689,87.31,020626,0.53,W,F,V*72
1780409467.308,$GNVTG,87.31,T,87.84,M,0.689,N,1.276,K,D*33
1780409467.309,$GNGGA,141107.00,1338.99928,N,10029.55945,E,5,12,0.86,14.5,M,-27.8,M,1.0,0499*7A
1780409467.310,$GNGSA,A,3,10,26,28,31,32,23,,,,,,,1.55,0.86,1.29,1*09
1780409467.311,$GNGSA,A,3,68,78,66,77,67,,,,,,,,1.55,0.86,1.29,2*07
1780409467.311,$GNGSA,A,3,36,05,06,09,16,25,31,34,,,,,1.55,0.86,1.29,3*0C
1780409467.312,$GNGSA,A,3,06,07,09,10,33,24,25,,,,,,1.55,0.86,1.29,4*09
1780409467.313,$GPGSV,3,1,09,10,53,149,22,25,19,042,18,26,62,193,34,28,45,358,40,1*69
1780409467.314,$GPGSV,3,2,09,31,51,311,44,32,42,040,43,41,64,233,47,42,70,217,46,1*6C
1780409467.315,$GPGSV,3,3,09,50,56,115,41,1*5B
1780409467.316,$GPGSV,2,1,07,10,53,149,22,23,15,148,26,25,19,042,19,26,62,193,29,6*61
1780409467.317,$GPGSV,2,2,07,28,45,358,43,31,51,311,44,32,42,040,27,6*55
1780409467.318,$GPGSV,2,1,07,01,12,291,,02,16,265,,03,03,326,,16,29,197,,0*69
1780409467.320,$GPGSV,2,2,07,16,29,197,,27,02,201,,29,05,094,,0*56
1780409467.321,$GLGSV,2,1,06,66,30,095,27,67,42,022,38,68,12,336,40,77,36,023,41,1*75
1780409467.321,$GLGSV,2,2,06,78,80,241,49,79,26,211,19,1*73
1780409467.323,$GLGSV,2,1,05,66,30,095,32,67,42,022,36,68,12,336,38,78,80,241,49,3*7D
1780409467.323,$GLGSV,2,2,05,79,26,211,14,3*42
1780409467.324,$GLGSV,1,1,03,81,02,195,,82,08,237,,83,01,285,,0*4D
1780409467.325,$GAGSV,2,1,08,05,36,347,45,06,19,074,44,09,32,052,39,16,60,100,50,2*71
1780409467.326,$GAGSV,2,2,08,25,42,182,20,31,19,046,24,34,28,279,27,36,36,217,24,2*7E
1780409467.327,$GAGSV,2,1,07,05,36,347,41,06,19,074,37,09,32,052,30,16,60,100,44,7*77
1780409467.328,$GAGSV,2,2,07,25,42,182,23,31,19,046,25,34,28,279,22,7*41
1780409467.329,$GAGSV,1,1,03,03,08,302,,04,02,091,,11,11,171,,0*44
1780409467.330,$GBGSV,2,1,07,06,64,135,46,07,50,006,42,09,83,030,47,10,59,351,42,1*7F
1780409467.331,$GBGSV,2,2,07,24,22,034,29,25,76,339,50,33,60,058,47,1*49
1780409467.332,$GBGSV,1,1,02,09,83,030,49,10,59,351,47,3*73
1780409467.333,$GBGSV,3,1,09,01,42,107,,02,63,242,,03,71,140,,04,22,097,,0*74
1780409467.334,$GBGSV,3,2,09,04,22,097,,08,16,155,,13,10,200,,14,02,128,,0*76
1780409467.335,$GBGSV,3,3,09,14,02,128,,0*42
1780409467.336,$GNGLL,1338.99928,N,10029.55945,E,141107.00,A,D*78
1780409468.309,$GNRMC,141108.00,A,1338.99928,N,10029.55962,E,0.664,89.12,020626,0.53,W,F,V*74
1780409468.311,$GNVTG,89.12,T,89.65,M,0.664,N,1.230,K,D*3C
1780409468.312,$GNGGA,141108.00,1338.99928,N,10029.55962,E,5,12,0.88,14.4,M,-27.8,M,1.0,0499*7F
1780409468.313,$GNGSA,A,3,10,25,26,28,31,32,,,,,,,1.55,0.88,1.27,1*0F
1780409468.313,$GNGSA,A,3,68,78,66,77,67,,,,,,,,1.55,0.88,1.27,2*07
1780409468.314,$GNGSA,A,3,36,05,06,09,16,25,31,34,,,,,1.55,0.88,1.27,3*0C
1780409468.314,$GNGSA,A,3,06,07,09,10,33,24,25,,,,,,1.55,0.88,1.27,4*09
1780409468.315,$GPGSV,3,1,10,02,16,265,26,10,53,149,24,25,19,042,30,26,62,193,31,1*69
1780409468.316,$GPGSV,3,2,10,28,45,358,39,31,51,311,45,32,42,040,38,41,64,233,48,1*6E
1780409468.316,$GPGSV,3,3,10,42,70,217,46,50,56,115,43,1*66
1780409468.317,$GPGSV,2,1,06,10,53,149,25,25,19,042,20,26,62,193,31,28,45,358,42,6*6B
1780409468.318,$GPGSV,2,2,06,31,51,311,43,32,42,040,38,6*6F
1780409468.318,$GPGSV,2,1,07,01,12,291,,03,03,326,,16,29,197,,23,15,148,,0*65
1780409468.319,$GPGSV,2,2,07,23,15,148,,27,02,201,,29,05,094,,0*5D
1780409468.320,$GLGSV,2,1,06,66,30,095,32,67,42,022,45,68,12,336,32,77,36,023,38,1*70
1780409468.320,$GLGSV,2,2,06,78,80,241,49,79,26,211,18,1*72
1780409468.321,$GLGSV,2,1,05,66,30,095,31,67,42,022,43,68,12,336,40,78,80,241,49,3*73
1780409468.322,$GLGSV,2,2,05,79,26,211,13,3*45
1780409468.323,$GLGSV,1,1,03,81,02,195,,82,08,237,,83,01,285,,0*4D
1780409468.323,$GAGSV,2,1,08,05,36,347,45,06,19,074,41,09,32,052,38,16,60,100,50,2*75
1780409468.324,$GAGSV,2,2,08,25,42,182,20,31,19,046,30,34,28,279,32,36,35,217,21,2*79
1780409468.325,$GAGSV,2,1,07,05,36,347,41,06,19,074,35,09,32,052,39,16,60,100,47,7*7F
1780409468.325,$GAGSV,2,2,07,25,42,182,21,31,19,046,24,34,28,279,20,7*40
1780409468.326,$GAGSV,1,1,03,03,08,302,,04,02,091,,11,11,171,,0*44
1780409468.327,$GBGSV,2,1,07,06,64,135,48,07,50,006,42,09,83,030,47,10,59,351,44,1*77
1780409468.327,$GBGSV,2,2,07,24,22,034,34,25,76,339,50,33,60,058,50,1*43
1780409468.328,$GBGSV,1,1,02,09,83,030,49,10,59,351,47,3*73
1780409468.329,$GBGSV,3,1,09,01,42,107,,02,63,242,,03,71,140,,04,22,097,,0*74
1780409468.329,$GBGSV,3,2,09,04,22,097,,08,16,155,,13,10,200,,14,02,128,,0*76
1780409468.330,$GBGSV,3,3,09,14,02,128,,0*42
1780409468.330,$GNGLL,1338.99928,N,10029.55962,E,141108.00,A,D*72
1780409469.298,$GNRMC,141109.00,A,1338.99929,N,10029.55980,E,0.712,85.41,020626,0.53,W,F,V*72
1780409469.300,$GNVTG,85.41,T,85.94,M,0.712,N,1.319,K,D*3E
1780409469.301,$GNGGA,141109.00,1338.99929,N,10029.55980,E,5,12,1.02,14.4,M,-27.8,M,1.0,0499*70
1780409469.302,$GNGSA,A,3,10,25,26,28,31,32,02,,,,,,1.79,1.02,1.47,1*06
1780409469.302,$GNGSA,A,3,68,78,66,77,67,,,,,,,,1.79,1.02,1.47,2*0C
1780409469.303,$GNGSA,A,3,36,05,06,09,16,31,34,,,,,,1.79,1.02,1.47,3*00
1780409469.303,$GNGSA,A,3,06,07,09,10,33,24,25,,,,,,1.79,1.02,1.47,4*02
1780409469.304,$GPGSV,3,1,10,02,16,265,26,10,53,149,22,25,19,042,23,26,62,193,33,1*6F
1780409469.305,$GPGSV,3,2,10,28,45,358,34,31,51,311,46,32,42,040,42,41,64,233,48,1*6D
1780409469.305,$GPGSV,3,3,10,42,70,217,45,50,56,115,42,1*64
1780409469.306,$GPGSV,1,1,02,01,12,291,37,23,15,148,22,5*66
1780409469.306,$GPGSV,2,1,06,10,53,149,26,25,19,042,28,26,62,193,31,28,45,358,39,6*6C
1780409469.307,$GPGSV,2,2,06,31,51,311,46,32,42,040,44,6*61
1780409469.307,$GPGSV,2,1,05,03,03,326,,16,29,197,,27,02,201,,29,05,094,,0*60
1780409469.308,$GPGSV,2,2,05,29,05,094,,0*53
1780409469.308,$GLGSV,2,1,06,66,30,095,27,67,42,022,39,68,12,336,38,77,36,023,29,1*75
1780409469.309,$GLGSV,2,2,06,78,80,241,48,79,26,211,18,1*73
1780409469.310,$GLGSV,2,1,05,66,30,095,24,67,42,022,45,68,12,336,43,78,80,241,47,3*7C
1780409469.311,$GLGSV,2,2,05,79,26,211,14,3*42
1780409469.311,$GLGSV,1,1,03,81,02,195,,82,08,237,,83,01,285,,0*4D
1780409469.312,$GAGSV,2,1,08,05,36,347,44,06,19,074,42,09,32,052,42,16,60,100,49,2*72
1780409469.313,$GAGSV,2,2,08,25,42,182,18,31,19,046,33,34,28,279,32,36,35,217,25,2*75
1780409469.314,$GAGSV,2,1,07,05,36,347,40,06,19,074,37,09,32,052,42,16,60,100,45,7*72
1780409469.314,$GAGSV,2,2,07,25,42,182,20,31,19,046,30,34,28,279,22,7*46
1780409469.315,$GAGSV,1,1,03,03,08,302,,04,02,091,,11,11,171,,0*44
1780409469.315,$GBGSV,2,1,07,06,64,135,48,07,50,006,36,09,83,030,48,10,59,351,45,1*7A
1780409469.316,$GBGSV,2,2,07,24,22,034,28,25,76,339,50,33,60,058,48,1*47
1780409469.316,$GBGSV,1,1,02,09,83,030,48,10,59,351,45,3*70
1780409469.317,$GBGSV,3,1,09,01,42,107,,02,63,242,,03,71,140,,04,22,097,,0*74
1780409469.318,$GBGSV,3,2,09,04,22,097,,08,16,155,,13,10,200,,14,02,128,,0*76
1780409469.318,$GBGSV,3,3,09,14,02,128,,0*42
1780409469.319,$GNGLL,1338.99929,N,10029.55980,E,141109.00,A,D*7E
1780409470.307,$GNRMC,141110.00,A,1338.99930,N,10029.55999,E,0.641,91.91,020626,0.53,W,F,V*75
1780409470.309,$GNVTG,91.91,T,92.44,M,0.641,N,1.187,K,D*3F
1780409470.311,$GNGGA,141110.00,1338.99930,N,10029.55999,E,5,12,1.02,14.4,M,-27.8,M,1.0,0499*78
1780409470.311,$GNGSA,A,3,10,25,26,28,31,32,02,,,,,,1.79,1.02,1.47,1*06
1780409470.312,$GNGSA,A,3,68,78,66,77,67,,,,,,,,1.79,1.02,1.47,2*0C
1780409470.312,$GNGSA,A,3,36,05,06,09,16,31,34,,,,,,1.79,1.02,1.47,3*00
1780409470.313,$GNGSA,A,3,06,07,09,10,33,24,25,,,,,,1.79,1.02,1.47,4*02
1780409470.313,$GPGSV,3,1,10,02,16,265,28,10,53,149,30,25,19,042,31,26,62,193,36,1*64
1780409470.314,$GPGSV,3,2,10,28,45,358,42,31,51,311,45,32,42,040,36,41,64,233,48,1*6C
1780409470.314,$GPGSV,3,3,10,42,70,217,45,50,56,115,42,1*64
1780409470.315,$GPGSV,1,1,01,01,12,291,37,5*5D
1780409470.315,$GPGSV,2,1,07,10,53,149,32,23,15,148,21,25,19,042,31,26,62,193,25,6*61
1780409470.316,$GPGSV,2,2,07,28,45,358,44,31,51,311,45,32,42,040,37,6*52
1780409470.317,$GPGSV,2,1,05,03,03,326,,16,29,197,,27,02,201,,29,05,094,,0*60
1780409470.317,$GPGSV,2,2,05,29,05,094,,0*53
1780409470.318,$GLGSV,2,1,06,66,30,095,27,67,42,022,39,68,12,336,31,77,36,023,28,1*7D
1780409470.318,$GLGSV,2,2,06,78,80,241,48,79,26,211,17,1*7C
1780409470.319,$GLGSV,2,1,05,66,30,095,31,67,42,022,42,68,12,336,36,78,80,241,47,3*7D
1780409470.319,$GLGSV,2,2,05,79,26,211,16,3*40
1780409470.320,$GLGSV,1,1,03,81,02,195,,82,08,237,,83,01,285,,0*4D
1780409470.321,$GAGSV,2,1,08,05,36,347,48,06,19,074,43,09,32,052,46,16,60,100,49,2*7B
1780409470.321,$GAGSV,2,2,08,25,42,182,17,31,19,046,38,34,28,279,25,36,35,217,25,2*77
1780409470.322,$GAGSV,2,1,07,05,36,347,45,06,19,074,37,09,32,052,39,16,60,100,47,7*79
1780409470.322,$GAGSV,2,2,07,25,42,182,19,31,19,046,34,34,28,279,21,7*4B
1780409470.323,$GAGSV,1,1,03,03,08,302,,04,02,091,,11,11,171,,0*44
1780409470.324,$GBGSV,2,1,07,06,64,135,48,07,50,006,42,09,83,030,48,10,59,351,45,1*79
1780409470.324,$GBGSV,2,2,07,24,22,034,35,25,76,339,49,33,60,058,45,1*4E
1780409470.324,$GBGSV,1,1,02,09,83,030,49,10,59,351,45,3*71
1780409470.325,$GBGSV,3,1,09,01,42,107,,02,63,242,,03,71,140,,04,22,097,,0*74
1780409470.325,$GBGSV,3,2,09,04,22,097,,08,16,155,,13,10,200,,14,02,128,,0*76
1780409470.326,$GBGSV,3,3,09,14,02,128,,0*42
1780409470.326,$GNGLL,1338.99930,N,10029.55999,E,141110.00,A,D*76
1780409471.313,$GNRMC,141111.00,A,1338.99933,N,10029.56017,E,0.700,86.25,020626,0.53,W,F,V*76
1780409471.316,$GNVTG,86.25,T,86.78,M,0.700,N,1.296,K,D*3B
1780409471.317,$GNGGA,141111.00,1338.99933,N,10029.56017,E,5,12,1.06,14.4,M,-27.8,M,1.0,0499*72
1780409471.318,$GNGSA,A,3,10,25,26,28,31,32,02,,,,,,1.84,1.06,1.51,1*07
1780409471.318,$GNGSA,A,3,68,78,66,77,67,,,,,,,,1.84,1.06,1.51,2*0D
1780409471.319,$GNGSA,A,3,36,05,06,09,16,31,34,,,,,,1.84,1.06,1.51,3*01
1780409471.319,$GNGSA,A,3,06,07,09,10,33,24,25,,,,,,1.84,1.06,1.51,4*03
1780409471.320,$GPGSV,3,1,10,02,16,265,28,10,53,149,24,25,19,042,31,26,62,193,33,1*64
1780409471.320,$GPGSV,3,2,10,28,45,358,43,31,51,311,47,32,42,040,38,41,64,233,48,1*61
1780409471.321,$GPGSV,3,3,10,42,70,217,46,50,56,115,42,1*67
1780409471.321,$GPGSV,1,1,01,01,12,291,37,5*5D
1780409471.322,$GPGSV,2,1,07,10,53,149,26,23,15,148,20,25,19,042,30,26,62,193,26,6*67
1780409471.323,$GPGSV,2,2,07,28,45,358,44,31,51,311,46,32,42,040,28,6*5F
1780409471.323,$GPGSV,2,1,05,03,03,326,,16,29,197,,27,02,201,,29,05,094,,0*60
1780409471.324,$GPGSV,2,2,05,29,05,094,,0*53
1780409471.324,$GLGSV,2,1,06,66,30,095,26,67,42,022,26,68,12,336,37,77,36,023,32,1*7F
1780409471.325,$GLGSV,2,2,06,78,80,241,48,79,26,211,18,1*73
1780409471.326,$GLGSV,2,1,05,66,30,095,26,67,42,022,35,68,12,336,36,78,80,241,48,3*74
1780409471.327,$GLGSV,2,2,05,79,26,211,19,3*4F
1780409471.327,$GLGSV,1,1,03,81,02,195,,82,08,237,,83,01,285,,0*4D
1780409471.328,$GAGSV,2,1,08,05,36,347,45,06,19,074,45,09,32,052,41,16,60,100,52,2*7D
1780409471.329,$GAGSV,2,2,08,25,42,182,18,31,19,046,38,34,28,279,30,36,35,217,25,2*7C
1780409471.329,$GAGSV,2,1,07,05,36,347,38,06,19,074,37,09,32,052,39,16,60,100,47,7*73
1780409471.330,$GAGSV,2,2,07,25,42,182,18,31,19,046,28,34,28,279,22,7*44
1780409471.331,$GAGSV,1,1,03,03,08,302,,04,02,091,,11,11,171,,0*44
1780409471.331,$GBGSV,2,1,07,06,64,135,48,07,50,006,42,09,83,030,46,10,59,351,44,1*76
1780409471.332,$GBGSV,2,2,07,24,22,034,32,25,76,339,49,33,60,058,43,1*4F
1780409471.333,$GBGSV,1,1,02,09,83,030,49,10,59,351,46,3*72
1780409471.333,$GBGSV,3,1,09,01,42,107,,02,63,242,,03,71,140,,04,22,097,,0*74
1780409471.334,$GBGSV,3,2,09,04,22,097,,08,16,155,,13,10,200,,14,02,128,,0*76
1780409471.334,$GBGSV,3,3,09,14,02,128,,0*42
1780409471.335,$GNGLL,1338.99933,N,10029.56017,E,141111.00,A,D*78
1780409472.305,$GNRMC,141112.00,A,1338.99936,N,10029.56037,E,0.757,83.40,020626,0.53,W,F,V*76
1780409472.307,$GNVTG,83.40,T,83.93,M,0.757,N,1.402,K,D*34
1780409472.308,$GNGGA,141112.00,1338.99936,N,10029.56037,E,5,12,1.02,14.5,M,-27.8,M,1.0,0499*73
1780409472.309,$GNGSA,A,3,10,25,26,28,31,32,02,,,,,,1.79,1.02,1.47,1*06
1780409472.310,$GNGSA,A,3,68,78,66,77,79,67,,,,,,,1.79,1.02,1.47,2*02
1780409472.311,$GNGSA,A,3,36,05,06,09,16,31,,,,,,,1.79,1.02,1.47,3*07
1780409472.311,$GNGSA,A,3,06,07,09,10,33,24,25,,,,,,1.79,1.02,1.47,4*02
1780409472.312,$GPGSV,3,1,10,02,16,265,28,10,53,149,30,25,19,042,27,26,62,193,35,1*60
1780409472.313,$GPGSV,3,2,10,28,45,358,43,31,51,311,47,32,42,040,41,41,64,233,48,1*6F
1780409472.314,$GPGSV,3,3,10,42,70,217,46,50,56,115,40,1*65
1780409472.314,$GPGSV,1,1,01,01,12,291,35,5*5F
1780409472.315,$GPGSV,2,1,07,10,53,149,31,23,15,148,19,25,19,042,31,26,62,193,25,6*69
1780409472.316,$GPGSV,2,2,07,28,45,358,41,31,51,311,45,32,42,040,38,6*58
1780409472.317,$GPGSV,2,1,05,03,03,326,,16,29,197,,27,02,201,,29,05,094,,0*60
1780409472.318,$GPGSV,2,2,05,29,05,094,,0*53
1780409472.320,$GLGSV,2,1,06,66,30,095,25,67,42,022,41,68,12,336,39,77,36,023,28,1*78
1780409472.321,$GLGSV,2,2,06,78,80,241,47,79,26,211,19,1*7D
1780409472.322,$GLGSV,2,1,05,66,30,095,25,67,42,022,31,68,12,336,38,78,80,241,47,3*72
1780409472.323,$GLGSV,2,2,05,79,26,211,21,3*44
1780409472.324,$GLGSV,1,1,03,81,02,195,,82,08,237,,83,01,285,,0*4D
1780409472.324,$GAGSV,2,1,08,05,36,347,42,06,19,074,41,09,32,052,41,16,60,100,49,2*74
1780409472.325,$GAGSV,2,2,08,25,42,182,19,31,19,046,29,34,28,279,24,36,35,217,24,2*79
1780409472.326,$GAGSV,2,1,07,05,36,347,36,06,19,074,38,09,32,052,36,16,60,100,48,7*72
1780409472.326,$GAGSV,2,2,07,25,42,182,17,31,19,046,31,34,28,279,21,7*40
1780409472.327,$GAGSV,1,1,03,03,08,302,,04,02,091,,11,11,171,,0*44
1780409472.327,$GBGSV,2,1,07,06,64,135,48,07,50,006,42,09,83,030,47,10,59,351,43,1*70
1780409472.328,$GBGSV,2,2,07,24,22,034,32,25,76,339,48,33,60,058,47,1*4A
1780409472.329,$GBGSV,1,1,02,09,83,030,49,10,59,351,44,3*70
1780409472.329,$GBGSV,3,1,09,01,42,107,,02,63,242,,03,71,140,,04,22,097,,0*74
1780409472.330,$GBGSV,3,2,09,04,22,097,,08,16,155,,13,10,200,,14,02,128,,0*76
1780409472.330,$GBGSV,3,3,09,14,02,128,,0*42
1780409472.331,$GNGLL,1338.99936,N,10029.56037,E,141112.00,A,D*7C
1780409473.315,$GNRMC,141113.00,A,1338.99940,N,10029.56058,E,0.727,84.26,020626,0.53,W,F,V*7F
1780409473.317,$GNVTG,84.26,T,84.79,M,0.727,N,1.346,K,D*30
1780409473.318,$GNGGA,141113.00,1338.99940,N,10029.56058,E,5,12,0.86,14.6,M,-27.8,M,1.0,0499*74
1780409473.319,$GNGSA,A,3,10,25,26,28,31,32,23,02,,,,,1.56,0.86,1.29,1*0F
1780409473.319,$GNGSA,A,3,68,78,66,77,79,67,,,,,,,1.56,0.86,1.29,2*0A
1780409473.320,$GNGSA,A,3,34,05,06,09,16,25,31,,,,,,1.56,0.86,1.29,3*0A
1780409473.320,$GNGSA,A,3,06,07,09,10,33,24,25,,,,,,1.56,0.86,1.29,4*0A
1780409473.321,$GPGSV,3,1,10,02,16,265,28,10,53,149,32,25,19,042,35,26,62,193,32,1*66
1780409473.322,$GPGSV,3,2,10,28,45,358,31,31,51,311,45,32,42,040,44,41,64,233,49,1*6C
1780409473.322,$GPGSV,3,3,10,42,70,217,46,50,56,115,42,1*67
1780409473.323,$GPGSV,1,1,01,01,12,291,36,5*5C
1780409473.323,$GPGSV,2,1,07,10,53,149,34,23,15,148,21,25,19,042,26,26,62,193,26,6*62
1780409473.324,$GPGSV,2,2,07,28,45,358,29,31,51,311,46,32,42,040,41,6*5B
1780409473.325,$GPGSV,2,1,05,03,03,326,,16,29,197,,27,02,201,,29,05,094,,0*60
1780409473.325,$GPGSV,2,2,05,29,05,094,,0*53
1780409473.326,$GLGSV,2,1,06,66,30,095,31,67,42,022,39,68,12,336,39,77,36,023,28,1*72
1780409473.327,$GLGSV,2,2,06,78,80,241,49,79,26,211,18,1*72
1780409473.328,$GLGSV,2,1,05,66,30,095,31,67,42,022,38,68,12,336,36,78,80,241,49,3*7E
1780409473.328,$GLGSV,2,2,05,79,26,211,22,3*47
1780409473.329,$GLGSV,1,1,03,81,02,195,,82,08,237,,83,01,285,,0*4D
1780409473.330,$GAGSV,2,1,08,05,36,347,45,06,19,074,42,09,32,052,43,16,60,100,49,2*72
1780409473.330,$GAGSV,2,2,08,25,42,182,21,31,19,046,34,34,28,279,32,36,35,217,23,2*7E
1780409473.331,$GAGSV,2,1,07,05,36,347,34,06,19,074,40,09,32,052,43,16,60,100,47,7*72
1780409473.332,$GAGSV,2,2,07,25,42,182,13,31,19,046,37,34,28,279,20,7*43
1780409473.332,$GAGSV,1,1,03,03,08,302,,04,02,091,,11,11,171,,0*44
1780409473.333,$GBGSV,2,1,07,06,64,136,48,07,50,006,38,09,83,030,48,10,59,351,40,1*72
1780409473.334,$GBGSV,2,2,07,24,22,034,38,25,76,339,48,33,60,058,45,1*42
1780409473.334,$GBGSV,1,1,02,09,83,030,49,10,59,351,46,3*72
1780409473.335,$GBGSV,3,1,09,01,42,107,,02,63,242,,03,71,140,,04,22,097,,0*74
1780409473.335,$GBGSV,3,2,09,04,22,097,,08,16,155,,13,10,200,,14,02,128,,0*76
1780409473.336,$GBGSV,3,3,09,14,02,128,,0*42
1780409473.336,$GNGLL,1338.99940,N,10029.56058,E,141113.00,A,D*75
1780409474.308,$GNRMC,141114.00,A,1338.99946,N,10029.56079,E,0.701,85.52,020626,0.53,W,F,V*7B
1780409474.310,$GNVTG,85.52,T,86.04,M,0.701,N,1.299,K,D*3D
1780409474.312,$GNGGA,141114.00,1338.99946,N,10029.56079,E,5,12,0.86,14.7,M,-27.8,M,1.0,0499*77
1780409474.312,$GNGSA,A,3,10,25,26,28,31,32,02,,,,,,1.56,0.86,1.29,1*0E
1780409474.313,$GNGSA,A,3,68,78,66,77,79,67,,,,,,,1.56,0.86,1.29,2*0A
1780409474.313,$GNGSA,A,3,34,05,06,09,16,25,31,36,,,,,1.56,0.86,1.29,3*0F
1780409474.314,$GNGSA,A,3,06,07,09,10,33,24,25,,,,,,1.56,0.86,1.29,4*0A
1780409474.314,$GPGSV,3,1,11,02,16,265,28,10,53,149,28,23,15,148,18,25,19,042,38,1*6A
1780409474.315,$GPGSV,3,2,11,26,62,193,33,28,45,358,40,31,51,311,48,32,42,040,41,1*60
1780409474.316,$GPGSV,3,3,11,41,64,233,48,42,70,217,46,50,56,115,41,1*5C
1780409474.316,$GPGSV,1,1,01,01,12,291,38,5*52
1780409474.317,$GPGSV,2,1,06,10,53,149,36,25,19,042,36,26,62,193,26,28,45,358,29,6*65
1780409474.317,$GPGSV,2,2,06,31,51,311,44,32,42,040,42,6*65
1780409474.318,$GPGSV,2,1,05,03,03,326,,16,29,197,,27,02,201,,29,05,094,,0*60
1780409474.318,$GPGSV,2,2,05,29,05,094,,0*53
1780409474.319,$GLGSV,2,1,06,66,30,095,26,67,42,022,45,68,12,336,39,77,36,023,32,1*74
1780409474.319,$GLGSV,2,2,06,78,80,241,50,79,26,211,18,1*7A
1780409474.320,$GLGSV,2,1,05,66,30,095,34,67,42,022,42,68,12,336,29,78,80,241,48,3*79
1780409474.321,$GLGSV,2,2,05,79,26,211,21,3*44
1780409474.322,$GLGSV,1,1,03,81,02,195,,82,08,237,,83,01,285,,0*4D
1780409474.322,$GAGSV,2,1,08,05,36,347,43,06,19,074,43,09,32,052,39,16,60,100,50,2*70
1780409474.323,$GAGSV,2,2,08,25,42,182,21,31,19,046,30,34,28,279,27,36,35,217,24,2*79
1780409474.324,$GAGSV,2,1,07,05,36,347,36,06,19,074,38,09,32,052,39,16,60,100,46,7*73
1780409474.324,$GAGSV,2,2,07,25,42,182,14,31,19,046,30,34,28,279,20,7*43
1780409474.325,$GAGSV,1,1,03,03,08,302,,04,02,091,,11,11,171,,0*44
1780409474.325,$GBGSV,2,1,07,06,64,136,47,07,50,006,22,09,83,030,47,10,59,351,39,1*77
1780409474.326,$GBGSV,2,2,07,24,22,034,36,25,76,339,48,33,60,058,43,1*4A
1780409474.326,$GBGSV,1,1,02,09,83,030,50,10,59,351,46,3*7A
1780409474.327,$GBGSV,3,1,09,01,42,107,,02,63,242,,03,71,140,,04,22,097,,0*74
1780409474.328,$GBGSV,3,2,09,04,22,097,,08,16,155,,13,10,200,,14,02,128,,0*76
1780409474.328,$GBGSV,3,3,09,14,02,128,,0*42
1780409474.329,$GNGLL,1338.99946,N,10029.56079,E,141114.00,A,D*77
1780409475.308,$GNRMC,141115.00,A,1338.99950,N,10029.56099,E,0.658,88.46,020626,0.53,W,F,V*76
1780409475.310,$GNVTG,88.46,T,88.99,M,0.658,N,1.219,K,D*3A
1780409475.311,$GNGGA,141115.00,1338.99950,N,10029.56099,E,5,12,0.89,14.7,M,-27.8,M,1.0,0499*70
1780409475.311,$GNGSA,A,3,10,25,26,28,31,32,02,,,,,,1.59,0.89,1.31,1*07
1780409475.312,$GNGSA,A,3,68,78,66,77,67,,,,,,,,1.59,0.89,1.31,2*0D
1780409475.313,$GNGSA,A,3,34,05,06,09,16,25,31,36,,,,,1.59,0.89,1.31,3*06
1780409475.313,$GNGSA,A,3,06,07,09,10,33,24,25,,,,,,1.59,0.89,1.31,4*03
1780409475.314,$GPGSV,3,1,10,02,16,265,28,10,53,149,34,23,15,148,15,25,19,042,33,1*60
1780409475.315,$GPGSV,3,2,10,28,45,358,35,31,51,311,45,32,42,040,31,41,64,233,46,1*65
1780409475.315,$GPGSV,3,3,10,42,70,217,46,50,56,115,44,1*61
1780409475.316,$GPGSV,1,1,02,01,12,291,36,23,15,148,22,5*67
1780409475.317,$GPGSV,2,1,06,10,53,149,39,25,19,042,34,26,62,193,25,28,45,358,41,6*65
1780409475.317,$GPGSV,2,2,06,31,51,311,41,32,42,040,40,6*62
1780409475.318,$GPGSV,2,1,05,03,03,326,,16,29,197,,27,02,201,,29,05,094,,0*60
1780409475.318,$GPGSV,2,2,05,29,05,094,,0*53
1780409475.319,$GLGSV,2,1,06,66,30,095,31,67,42,022,34,68,12,336,40,77,36,023,27,1*7E
1780409475.319,$GLGSV,2,2,06,78,80,241,49,79,26,211,18,1*72
1780409475.320,$GLGSV,2,1,05,66,30,095,31,67,42,022,42,68,12,336,41,78,80,241,49,3*73
1780409475.320,$GLGSV,2,2,05,79,26,211,19,3*4F
1780409475.321,$GLGSV,1,1,03,81,02,195,,82,08,237,,83,01,285,,0*4D
1780409475.322,$GAGSV,2,1,08,05,36,347,46,06,19,074,43,09,32,052,42,16,60,100,49,2*71
1780409475.322,$GAGSV,2,2,08,25,42,182,22,31,19,046,30,34,28,279,31,36,35,217,23,2*7A
1780409475.323,$GAGSV,2,1,07,05,36,347,39,06,19,074,40,09,32,052,30,16,60,100,46,7*7A
1780409475.324,$GAGSV,2,2,07,25,42,182,13,31,19,046,31,34,28,279,20,7*45
1780409475.324,$GAGSV,1,1,03,03,08,302,,04,02,091,,11,11,171,,0*44
1780409475.325,$GBGSV,2,1,07,06,64,136,45,07,50,006,39,09,83,030,48,10,59,351,43,1*7D
1780409475.326,$GBGSV,2,2,07,24,22,034,39,25,76,339,50,33,60,058,46,1*49
1780409475.326,$GBGSV,1,1,02,09,83,030,49,10,59,351,43,3*77
1780409475.327,$GBGSV,3,1,09,01,42,107,,02,63,242,,03,71,140,,04,22,097,,0*74
1780409475.327,$GBGSV,3,2,09,04,22,097,,08,16,155,,13,10,200,,14,02,128,,0*76
1780409475.328,$GBGSV,3,3,09,14,02,128,,0*42
1780409475.328,$GNGLL,1338.99950,N,10029.56099,E,141115.00,A,D*7F
1780409476.311,$GNRMC,141116.00,A,1338.99956,N,10029.56121,E,0.711,88.72,020626,0.53,W,F,V*7A
1780409476.313,$GNVTG,88.72,T,89.25,M,0.711,N,1.317,K,D*38
1780409476.314,$GNGGA,141116.00,1338.99956,N,10029.56121,E,5,12,0.89,14.7,M,-27.8,M,1.0,0499*77
1780409476.315,$GNGSA,A,3,10,25,26,28,31,32,02,,,,,,1.59,0.89,1.31,1*07
1780409476.315,$GNGSA,A,3,68,78,66,77,79,67,,,,,,,1.59,0.89,1.31,2*03
1780409476.316,$GNGSA,A,3,34,05,06,09,16,25,31,36,,,,,1.59,0.89,1.31,3*06
1780409476.316,$GNGSA,A,3,06,07,09,10,33,24,25,,,,,,1.59,0.89,1.31,4*03
1780409476.317,$GPGSV,3,1,10,02,16,265,28,10,53,149,39,23,15,148,10,25,19,042,36,1*6D
1780409476.318,$GPGSV,3,2,10,28,45,358,39,31,51,311,45,32,42,040,42,41,64,233,47,1*6C
1780409476.318,$GPGSV,3,3,10,42,70,217,45,50,56,115,42,1*64
1780409476.319,$GPGSV,1,1,01,01,12,291,35,5*5F
1780409476.320,$GPGSV,2,1,07,10,53,149,38,23,15,148,21,25,19,042,36,26,62,193,24,6*6D
1780409476.320,$GPGSV,2,2,07,28,45,358,41,31,51,311,37,32,42,040,27,6*53
1780409476.321,$GPGSV,2,1,05,03,03,326,,16,29,197,,27,02,201,,29,05,094,,0*60
1780409476.321,$GPGSV,2,2,05,29,05,094,,0*53
1780409476.322,$GLGSV,2,1,06,66,30,095,25,67,42,022,37,68,12,336,43,77,36,023,35,1*78
1780409476.322,$GLGSV,2,2,06,78,80,241,49,79,26,211,20,1*79
1780409476.323,$GLGSV,2,1,05,66,30,095,26,67,42,022,33,68,12,336,42,78,80,241,48,3*71
1780409476.323,$GLGSV,2,2,05,79,26,211,16,3*40
1780409476.324,$GLGSV,1,1,03,81,02,195,,82,08,237,,83,01,285,,0*4D
1780409476.325,$GAGSV,2,1,08,05,36,347,43,06,19,074,43,09,32,052,40,16,60,100,50,2*7E
1780409476.325,$GAGSV,2,2,08,25,42,182,24,31,19,046,38,34,28,279,25,36,35,217,24,2*76
1780409476.326,$GAGSV,2,1,07,05,36,347,42,06,19,074,39,09,32,052,34,16,60,100,47,7*7D
1780409476.327,$GAGSV,2,2,07,25,42,182,14,31,19,046,30,34,28,279,19,7*49
1780409476.327,$GAGSV,1,1,03,03,08,302,,04,02,091,,11,11,171,,0*44
1780409476.328,$GBGSV,2,1,07,06,64,136,47,07,50,006,41,09,84,030,47,10,59,351,43,1*78
1780409476.328,$GBGSV,2,2,07,24,22,034,39,25,76,339,49,33,60,058,48,1*4F
1780409476.329,$GBGSV,1,1,02,09,84,030,49,10,59,351,46,3*75
1780409476.330,$GBGSV,3,1,09,01,42,107,,02,63,242,,03,71,140,,04,22,097,,0*74
1780409476.330,$GBGSV,3,2,09,04,22,097,,08,16,155,,13,10,200,,14,02,128,,0*76
1780409476.331,$GBGSV,3,3,09,14,02,128,,0*42
1780409476.331,$GNGLL,1338.99956,N,10029.56121,E,141116.00,A,D*78
1780409477.314,$GNRMC,141117.00,A,1338.99958,N,10029.56141,E,0.656,87.00,020626,0.53,W,F,V*7B
1780409477.316,$GNVTG,87.00,T,87.53,M,0.656,N,1.215,K,D*3C
1780409477.319,$GNGGA,141117.00,1338.99958,N,10029.56141,E,5,12,0.86,14.7,M,-27.8,M,1.0,0499*71
1780409477.320,$GNGSA,A,3,10,25,26,28,31,32,02,,,,,,1.56,0.86,1.29,1*0E
1780409477.321,$GNGSA,A,3,68,78,66,77,79,67,,,,,,,1.56,0.86,1.29,2*0A
1780409477.321,$GNGSA,A,3,34,05,06,09,16,25,31,36,,,,,1.56,0.86,1.29,3*0F
1780409477.322,$GNGSA,A,3,06,07,09,10,33,24,25,,,,,,1.56,0.86,1.29,4*0A
1780409477.323,$GPGSV,3,1,10,02,16,265,28,10,53,149,39,23,15,148,09,25,19,042,34,1*67
1780409477.323,$GPGSV,3,2,10,28,45,358,38,31,51,311,44,32,42,040,42,41,64,233,48,1*63
1780409477.324,$GPGSV,3,3,10,42,70,217,46,50,56,115,42,1*67
1780409477.324,$GPGSV,1,1,01,01,12,291,31,5*5B
1780409477.325,$GPGSV,2,1,07,10,53,149,38,23,15,148,22,25,19,042,29,26,62,193,25,6*61
1780409477.325,$GPGSV,2,2,07,28,45,358,39,31,51,311,42,32,42,040,43,6*5C
1780409477.326,$GPGSV,2,1,05,03,03,326,,16,29,197,,27,02,201,,29,05,094,,0*60
1780409477.326,$GPGSV,2,2,05,29,05,094,,0*53
1780409477.327,$GLGSV,2,1,06,66,30,095,27,67,42,022,43,68,12,336,38,77,36,023,39,1*79
1780409477.328,$GLGSV,2,2,06,78,80,241,49,79,26,211,22,1*7B
1780409477.328,$GLGSV,2,1,05,66,30,095,25,67,42,022,43,68,12,336,40,78,80,241,48,3*77
1780409477.329,$GLGSV,2,2,05,79,26,211,17,3*41
1780409477.329,$GLGSV,1,1,03,81,02,195,,82,08,237,,83,01,285,,0*4D
1780409477.330,$GAGSV,2,1,08,05,36,347,43,06,19,074,43,09,32,052,41,16,60,100,51,2*7E
1780409477.331,$GAGSV,2,2,08,25,42,182,23,31,19,046,40,34,28,279,30,36,35,217,23,2*7D
1780409477.331,$GAGSV,2,1,06,05,36,347,31,06,19,074,39,09,32,052,35,16,60,100,46,7*78
1780409477.332,$GAGSV,2,2,06,31,19,046,34,34,28,279,20,7*79
1780409477.332,$GAGSV,1,1,03,03,08,302,,04,02,091,,11,11,171,,0*44
1780409477.333,$GBGSV,2,1,07,06,64,136,47,07,50,006,42,09,84,030,46,10,59,351,45,1*7C
1780409477.334,$GBGSV,2,2,07,24,22,034,34,25,76,339,51,33,60,058,49,1*4A
1780409477.334,$GBGSV,1,1,02,09,84,030,50,10,59,351,48,3*73
1780409477.335,$GBGSV,3,1,09,01,42,107,,02,63,242,,03,71,140,,04,22,097,,0*74
1780409477.335,$GBGSV,3,2,09,04,22,097,,08,16,155,,13,10,200,,14,02,128,,0*76
1780409477.336,$GBGSV,3,3,09,14,02,128,,0*42
1780409477.336,$GNGLL,1338.99958,N,10029.56141,E,141117.00,A,D*71
1780409478.301,$GNRMC,141118.00,A,1338.99961,N,10029.56162,E,0.693,86.84,020626,0.53,W,F,V*7B
1780409478.303,$GNVTG,86.84,T,87.37,M,0.693,N,1.283,K,D*35
1780409478.304,$GNGGA,141118.00,1338.99961,N,10029.56162,E,5,12,0.86,14.6,M,-27.8,M,1.0,0499*74
1780409478.305,$GNGSA,A,3,10,25,26,23,28,31,32,02,,,,,1.56,0.86,1.29,1*0F
1780409478.305,$GNGSA,A,3,68,78,66,77,67,,,,,,,,1.56,0.86,1.29,2*04
1780409478.306,$GNGSA,A,3,34,05,06,09,16,25,31,36,,,,,1.56,0.86,1.29,3*0F
1780409478.307,$GNGSA,A,3,06,07,09,10,33,24,25,,,,,,1.56,0.86,1.29,4*0A
1780409478.307,$GPGSV,3,1,10,02,16,265,27,10,53,149,42,23,15,148,08,25,19,042,28,1*68
1780409478.308,$GPGSV,3,2,10,28,45,358,37,31,51,311,43,32,42,040,44,41,64,233,48,1*6D
1780409478.309,$GPGSV,3,3,10,42,70,217,47,50,56,115,42,1*66
1780409478.309,$GPGSV,1,1,01,01,12,291,32,5*58
1780409478.310,$GPGSV,2,1,07,10,53,149,41,23,15,148,23,25,19,042,30,26,62,193,27,6*64
1780409478.310,$GPGSV,2,2,07,28,45,358,39,31,51,311,39,32,42,040,38,6*5C
1780409478.311,$GPGSV,2,1,05,03,03,326,,16,29,197,,27,02,201,,29,05,094,,0*60
1780409478.311,$GPGSV,2,2,05,29,05,094,,0*53
1780409478.312,$GLGSV,2,1,06,66,30,095,31,67,42,022,44,68,12,336,37,77,36,023,35,1*7A
1780409478.312,$GLGSV,2,2,06,78,80,241,49,79,26,211,21,1*78
1780409478.313,$GLGSV,2,1,05,66,30,095,24,67,42,022,44,68,12,336,34,78,80,241,48,3*72
1780409478.314,$GLGSV,2,2,05,79,26,211,18,3*4E
1780409478.314,$GLGSV,1,1,03,81,02,195,,82,08,237,,83,01,285,,0*4D
1780409478.315,$GAGSV,2,1,08,05,36,347,41,06,19,074,41,09,32,052,43,16,60,100,50,2*7D
1780409478.316,$GAGSV,2,2,08,25,42,182,22,31,19,046,38,34,28,279,23,36,35,217,24,2*76
1780409478.316,$GAGSV,2,1,06,05,36,347,29,06,19,074,39,09,32,052,39,16,60,100,46,7*7D
1780409478.317,$GAGSV,2,2,06,31,19,046,35,34,28,279,19,7*72
1780409478.318,$GAGSV,1,1,03,03,08,302,,04,02,091,,11,11,171,,0*44
1780409478.318,$GBGSV,2,1,07,06,64,136,48,07,50,006,36,09,84,030,46,10,59,351,39,1*7B
1780409478.319,$GBGSV,2,2,07,24,22,034,29,25,76,339,45,33,60,058,47,1*4D
1780409478.319,$GBGSV,1,1,02,09,84,030,49,10,59,351,44,3*77
1780409478.320,$GBGSV,3,1,09,01,42,107,,02,63,242,,03,71,140,,04,22,097,,0*74
1780409478.321,$GBGSV,3,2,09,04,22,097,,08,16,155,,13,10,200,,14,02,128,,0*76
1780409478.321,$GBGSV,3,3,09,14,02,128,,0*42
1780409478.322,$GNGLL,1338.99961,N,10029.56162,E,141118.00,A,D*75
1780409479.308,$GNRMC,141119.00,A,1338.99961,N,10029.56181,E,0.670,95.03,020626,0.53,W,F,V*77
1780409479.310,$GNVTG,95.03,T,95.56,M,0.670,N,1.241,K,D*3F
1780409479.311,$GNGGA,141119.00,1338.99961,N,10029.56181,E,5,12,0.86,14.6,M,-27.8,M,1.0,0499*78
1780409479.312,$GNGSA,A,3,10,25,26,28,31,32,02,,,,,,1.56,0.86,1.29,1*0E
1780409479.312,$GNGSA,A,3,68,78,66,77,79,67,,,,,,,1.56,0.86,1.29,2*0A
1780409479.313,$GNGSA,A,3,34,05,06,09,16,25,31,36,,,,,1.56,0.86,1.29,3*0F
1780409479.313,$GNGSA,A,3,06,07,09,10,33,24,25,,,,,,1.56,0.86,1.29,4*0A
1780409479.314,$GPGSV,3,1,10,02,16,265,27,10,53,149,43,23,15,148,08,25,19,042,28,1*69
1780409479.314,$GPGSV,3,2,10,28,45,358,37,31,51,311,43,32,42,040,43,41,64,233,47,1*65
1780409479.315,$GPGSV,3,3,10,42,70,217,47,50,56,115,43,1*67
1780409479.315,$GPGSV,1,1,01,01,12,291,28,5*53
1780409479.316,$GPGSV,2,1,06,10,53,149,42,25,19,042,34,26,62,193,27,28,45,358,44,6*6E
1780409479.316,$GPGSV,2,2,06,31,51,311,41,32,42,040,42,6*60
1780409479.317,$GPGSV,2,1,05,03,03,326,,16,29,197,,27,02,201,,29,05,094,,0*60
1780409479.317,$GPGSV,2,2,05,29,05,094,,0*53
1780409479.318,$GLGSV,2,1,06,66,30,095,31,67,42,022,43,68,12,336,36,77,36,023,37,1*7E
1780409479.319,$GLGSV,2,2,06,78,80,241,49,79,26,211,20,1*79
1780409479.319,$GLGSV,2,1,05,66,30,095,24,67,42,022,39,68,12,336,41,78,80,241,49,3*7B
1780409479.320,$GLGSV,2,2,05,79,26,211,18,3*4E
1780409479.320,$GLGSV,1,1,03,81,02,195,,82,08,237,,83,01,285,,0*4D
1780409479.321,$GAGSV,2,1,08,05,36,347,40,06,19,074,44,09,32,052,43,16,60,100,50,2*79
1780409479.322,$GAGSV,2,2,08,25,42,182,28,31,19,046,40,34,28,279,25,36,35,217,24,2*75
1780409479.323,$GAGSV,2,1,06,05,36,347,21,06,19,074,39,09,32,052,39,16,60,100,46,7*75
1780409479.323,$GAGSV,2,2,06,31,19,046,37,34,28,279,20,7*7A
1780409479.324,$GAGSV,1,1,03,03,08,302,,04,02,091,,11,11,171,,0*44
1780409479.325,$GBGSV,2,1,07,06,64,136,48,07,50,006,38,09,84,030,44,10,59,351,35,1*7B
1780409479.326,$GBGSV,2,2,07,24,22,034,33,25,76,339,49,33,60,058,48,1*45
1780409479.326,$GBGSV,1,1,02,09,84,030,47,10,59,351,39,3*73
1780409479.327,$GBGSV,3,1,09,01,42,107,,02,63,242,,03,71,140,,04,22,097,,0*74
1780409479.328,$GBGSV,3,2,09,04,22,097,,08,16,155,,13,10,200,,14,02,128,,0*76
1780409479.328,$GBGSV,3,3,09,14,02,128,,0*42
1780409479.329,$GNGLL,1338.99961,N,10029.56181,E,141119.00,A,D*79
1780409480.311,$GNRMC,141120.00,A,1338.99960,N,10029.56201,E,0.695,94.32,020626,0.53,W,F,V*7F
1780409480.313,$GNVTG,94.32,T,94.85,M,0.695,N,1.287,K,D*32
1780409480.315,$GNGGA,141120.00,1338.99960,N,10029.56201,E,5,12,0.80,14.5,M,-27.8,M,1.0,0499*7D
1780409480.316,$GNGSA,A,3,10,25,26,28,31,32,02,,,,,,1.47,0.80,1.24,1*05
1780409480.316,$GNGSA,A,3,68,78,66,77,67,,,,,,,,1.47,0.80,1.24,2*0F
1780409480.317,$GNGSA,A,3,05,06,09,16,25,31,36,,,,,,1.47,0.80,1.24,3*03
1780409480.318,$GNGSA,A,3,23,06,07,09,10,33,24,25,,,,,1.47,0.80,1.24,4*00
1780409480.319,$GPGSV,3,1,10,02,16,265,28,10,53,149,46,23,15,148,08,25,19,042,34,1*6E
1780409480.320,$GPGSV,3,2,10,28,45,358,37,31,51,311,43,32,42,040,43,41,64,233,48,1*6A
1780409480.321,$GPGSV,3,3,10,42,70,217,47,50,56,115,41,1*65
1780409480.321,$GPGSV,1,1,01,01,12,291,28,5*53
1780409480.322,$GPGSV,2,1,06,10,53,149,45,25,19,042,35,26,62,193,31,28,45,358,40,6*6B
1780409480.323,$GPGSV,2,2,06,31,51,311,36,32,42,040,37,6*62
1780409480.324,$GPGSV,2,1,05,03,03,326,,16,29,197,,27,02,201,,29,05,094,,0*60
1780409480.325,$GPGSV,2,2,05,29,05,094,,0*53
1780409480.325,$GLGSV,2,1,06,66,30,095,26,67,42,022,47,68,12,336,33,77,36,023,33,1*7D
1780409480.326,$GLGSV,2,2,06,78,80,241,49,79,26,211,19,1*73
1780409480.327,$GLGSV,2,1,05,66,30,095,22,67,42,022,44,68,12,336,42,78,80,241,49,3*74
1780409480.328,$GLGSV,2,2,05,79,26,211,19,3*4F
1780409480.328,$GLGSV,1,1,03,81,02,195,,82,08,237,,83,01,285,,0*4D
1780409480.329,$GAGSV,2,1,08,05,36,347,32,06,19,074,43,09,32,052,44,16,60,100,50,2*7C
1780409480.330,$GAGSV,2,2,08,25,42,182,27,31,19,046,39,34,28,279,27,36,35,217,31,2*72
1780409480.331,$GAGSV,2,1,06,05,36,347,27,06,19,074,39,09,32,052,37,16,60,100,46,7*7D
1780409480.332,$GAGSV,2,2,06,31,19,046,37,34,28,279,28,7*72
1780409480.333,$GAGSV,1,1,03,03,08,302,,04,02,091,,11,11,171,,0*44
1780409480.333,$GBGSV,2,1,08,06,64,136,47,07,50,006,43,09,84,030,45,10,59,351,40,1*74
1780409480.334,$GBGSV,2,2,08,23,43,231,33,24,22,034,29,25,76,339,46,33,60,058,47,1*77
1780409480.335,$GBGSV,1,1,02,09,84,030,47,10,59,351,43,3*7E
1780409480.336,$GBGSV,2,1,08,01,42,107,,02,63,242,,03,71,140,,04,22,097,,0*74
1780409480.337,$GBGSV,2,2,08,04,22,097,,08,16,155,,13,10,199,,14,02,128,,0*75
1780409480.337,$GNGLL,1338.99960,N,10029.56201,E,141120.00,A,D*79
1780409481.309,$GNRMC,141121.00,A,1338.99958,N,10029.56221,E,0.549,100.16,020626,0.53,W,F,V*4F
1780409481.312,$GNVTG,100.16,T,100.69,M,0.549,N,1.018,K,D*30
1780409481.313,$GNGGA,141121.00,1338.99958,N,10029.56221,E,5,12,0.89,14.4,M,-27.8,M,1.0,0499*7D
1780409481.313,$GNGSA,A,3,10,25,26,28,31,32,02,,,,,,1.59,0.89,1.31,1*07
1780409481.314,$GNGSA,A,3,68,78,66,77,67,,,,,,,,1.59,0.89,1.31,2*0D
1780409481.315,$GNGSA,A,3,34,05,06,09,16,25,31,36,,,,,1.59,0.89,1.31,3*06
1780409481.316,$GNGSA,A,3,06,07,09,10,33,24,25,,,,,,1.59,0.89,1.31,4*03
1780409481.316,$GPGSV,3,1,10,02,16,265,28,10,53,149,47,23,15,148,12,25,19,042,29,1*68
1780409481.317,$GPGSV,3,2,10,28,45,358,38,31,51,311,42,32,42,040,34,41,64,233,47,1*6B
1780409481.318,$GPGSV,3,3,10,42,70,217,47,50,56,115,42,1*66
1780409481.319,$GPGSV,1,1,02,01,12,291,22,23,15,148,20,5*60
1780409481.320,$GPGSV,2,1,06,10,53,149,47,25,19,042,32,26,62,193,32,28,45,358,39,6*63
1780409481.321,$GPGSV,2,2,06,31,51,311,42,32,42,040,40,6*61
1780409481.321,$GPGSV,2,1,05,03,03,326,,16,29,197,,27,02,201,,29,05,094,,0*60
1780409481.322,$GPGSV,2,2,05,29,05,094,,0*53
1780409481.323,$GLGSV,2,1,06,66,30,095,26,67,42,022,39,68,12,336,37,77,36,023,29,1*7B
1780409481.323,$GLGSV,2,2,06,78,80,241,49,79,26,211,18,1*72
1780409481.324,$GLGSV,2,1,05,66,30,095,24,67,42,022,42,68,12,336,36,78,80,241,48,3*76
1780409481.325,$GLGSV,2,2,05,79,26,211,20,3*45
1780409481.326,$GLGSV,1,1,03,81,02,195,,82,08,237,,83,01,285,,0*4D
1780409481.327,$GAGSV,2,1,08,05,36,347,37,06,19,074,41,09,32,052,45,16,60,100,53,2*79
1780409481.328,$GAGSV,2,2,08,25,42,182,26,31,19,046,41,34,28,279,29,36,35,217,30,2*73
1780409481.328,$GAGSV,2,1,06,05,36,347,31,06,19,074,41,09,32,052,37,16,60,100,47,7*74
1780409481.329,$GAGSV,2,2,06,31,19,046,35,34,28,279,22,7*7A
1780409481.330,$GAGSV,1,1,03,03,08,302,,04,02,091,,11,11,171,,0*44
1780409481.331,$GBGSV,2,1,08,06,64,136,48,07,50,006,43,09,84,030,46,10,59,351,40,1*78
1780409481.331,$GBGSV,2,2,08,23,43,231,23,24,22,034,37,25,76,339,45,33,60,058,48,1*75
1780409481.332,$GBGSV,1,1,02,09,84,030,49,10,59,351,44,3*77
1780409481.333,$GBGSV,2,1,08,01,42,107,,02,63,242,,03,71,140,,04,22,097,,0*74
1780409481.334,$GBGSV,2,2,08,04,22,097,,08,16,155,,13,10,199,,14,02,128,,0*75
1780409481.334,$GNGLL,1338.99958,N,10029.56221,E,141121.00,A,D*71
1780409482.316,$GNRMC,141122.00,A,1338.99955,N,10029.56238,E,0.542,104.10,020626,0.53,W,F,V*40
1780409482.318,$GNVTG,104.10,T,104.63,M,0.542,N,1.003,K,D*3D
1780409482.319,$GNGGA,141122.00,1338.99955,N,10029.56238,E,5,12,0.77,14.4,M,-27.8,M,1.0,0499*7A
1780409482.320,$GNGSA,A,3,10,25,26,28,31,32,02,,,,,,1.44,0.77,1.22,1*08
1780409482.321,$GNGSA,A,3,68,78,66,77,67,,,,,,,,1.44,0.77,1.22,2*02
1780409482.322,$GNGSA,A,3,34,05,06,09,16,25,31,36,,,,,1.44,0.77,1.22,3*09
1780409482.322,$GNGSA,A,3,06,07,09,10,33,24,25,23,,,,,1.44,0.77,1.22,4*0D
1780409482.323,$GPGSV,3,1,10,02,16,265,28,10,53,149,47,23,15,148,12,25,19,042,36,1*66
1780409482.324,$GPGSV,3,2,10,28,45,358,41,31,51,311,44,32,42,040,46,41,64,233,47,1*66
1780409482.325,$GPGSV,3,3,10,42,70,217,46,50,56,115,42,1*67
1780409482.326,$GPGSV,1,1,01,01,12,291,30,5*5A
1780409482.326,$GPGSV,2,1,07,10,53,149,46,23,15,148,19,25,19,042,33,26,62,193,25,6*6B
1780409482.327,$GPGSV,2,2,07,28,45,358,44,31,51,311,43,32,42,040,40,6*54
1780409482.328,$GPGSV,2,1,05,03,03,326,,16,29,197,,27,02,201,,29,05,094,,0*60
1780409482.329,$GPGSV,2,2,05,29,05,094,,0*53
1780409482.329,$GLGSV,2,1,06,66,30,095,27,67,42,022,40,68,12,336,38,77,36,023,30,1*73
1780409482.330,$GLGSV,2,2,06,78,80,241,47,79,26,211,18,1*7C
1780409482.331,$GLGSV,2,1,05,66,30,095,30,67,42,022,45,68,12,336,33,78,80,241,48,3*71
1780409482.332,$GLGSV,2,2,05,79,26,211,20,3*45
1780409482.332,$GLGSV,1,1,03,81,02,195,,82,08,237,,83,01,285,,0*4D
1780409482.333,$GAGSV,2,1,08,05,36,347,34,06,19,074,43,09,32,052,46,16,60,100,52,2*7A
1780409482.334,$GAGSV,2,2,08,25,42,182,25,31,19,046,40,34,28,279,23,36,35,217,29,2*73
1780409482.335,$GAGSV,2,1,06,05,36,347,25,06,19,074,40,09,32,052,39,16,60,100,46,7*7F
1780409482.336,$GAGSV,2,2,06,31,19,046,34,34,28,279,30,7*78
1780409482.336,$GAGSV,1,1,03,03,08,302,,04,02,091,,11,11,171,,0*44
1780409482.337,$GBGSV,2,1,08,06,64,136,44,07,50,006,42,09,84,030,47,10,59,351,40,1*74
1780409482.338,$GBGSV,2,2,08,23,43,231,31,24,22,034,40,25,76,339,49,33,60,058,48,1*7A
1780409482.339,$GBGSV,1,1,02,09,84,030,49,10,59,351,40,3*73
1780409482.340,$GBGSV,2,1,08,01,42,107,,02,63,242,,03,71,140,,04,22,097,,0*74
1780409482.340,$GBGSV,2,2,08,04,22,097,,08,16,155,,13,10,199,,14,02,128,,0*75
1780409482.341,$GNGLL,1338.99955,N,10029.56238,E,141122.00,A,D*77
1780409483.311,$GNRMC,141123.00,A,1338.99949,N,10029.56254,E,0.517,112.16,020626,0.53,W,F,V*47
1780409483.314,$GNVTG,112.16,T,112.69,M,0.517,N,0.958,K,D*37
1780409483.315,$GNGGA,141123.00,1338.99949,N,10029.56254,E,5,12,0.77,14.3,M,-27.8,M,1.0,0499*7B
1780409483.315,$GNGSA,A,3,10,25,26,28,31,32,02,,,,,,1.44,0.77,1.22,1*08
1780409483.316,$GNGSA,A,3,68,78,66,77,67,,,,,,,,1.44,0.77,1.22,2*02
1780409483.317,$GNGSA,A,3,34,05,06,09,16,25,31,36,,,,,1.44,0.77,1.22,3*09
1780409483.317,$GNGSA,A,3,06,07,09,10,33,24,25,23,,,,,1.44,0.77,1.22,4*0D
1780409483.318,$GPGSV,3,1,11,02,16,265,28,10,53,149,49,23,15,148,10,25,19,042,31,1*6C
1780409483.319,$GPGSV,3,2,11,26,62,193,37,28,45,358,37,31,51,311,48,32,42,040,44,1*61
1780409483.320,$GPGSV,3,3,11,41,64,233,46,42,70,217,46,50,56,115,40,1*53
1780409483.321,$GPGSV,1,1,01,01,12,291,33,5*59
1780409483.322,$GPGSV,2,1,07,10,53,149,46,23,15,148,17,25,19,042,33,26,62,193,24,6*64
1780409483.323,$GPGSV,2,2,07,28,45,358,43,31,51,311,42,32,42,040,45,6*57
1780409483.323,$GPGSV,2,1,05,03,03,326,,16,29,197,,27,02,201,,29,05,094,,0*60
1780409483.324,$GPGSV,2,2,05,29,05,094,,0*53
1780409483.325,$GLGSV,2,1,06,66,30,095,27,67,42,022,40,68,12,336,35,77,36,023,30,1*7E
1780409483.325,$GLGSV,2,2,06,78,80,241,49,79,26,211,18,1*72
1780409483.326,$GLGSV,2,1,05,66,30,095,30,67,42,022,44,68,12,336,32,78,80,241,48,3*71
1780409483.327,$GLGSV,2,2,05,79,26,211,18,3*4E
1780409483.328,$GLGSV,1,1,03,81,02,195,,82,08,237,,83,01,285,,0*4D
1780409483.328,$GAGSV,2,1,08,05,36,347,39,06,19,074,44,09,32,052,48,16,60,100,50,2*7C
1780409483.329,$GAGSV,2,2,08,25,42,182,26,31,19,046,40,34,28,279,26,36,35,217,28,2*74
1780409483.330,$GAGSV,2,1,06,05,36,347,35,06,19,074,39,09,32,052,38,16,60,100,47,7*70
1780409483.331,$GAGSV,2,2,06,31,19,046,35,34,28,279,23,7*7B
1780409483.331,$GAGSV,1,1,03,03,08,302,,04,02,091,,11,11,171,,0*44
1780409483.332,$GBGSV,2,1,08,06,64,136,47,07,50,006,46,09,84,030,48,10,59,351,36,1*7D
1780409483.333,$GBGSV,2,2,08,23,43,231,29,24,22,034,38,25,76,339,47,33,60,058,49,1*73
1780409483.334,$GBGSV,1,1,02,09,84,030,49,10,59,351,42,3*71
1780409483.335,$GBGSV,2,1,08,01,42,107,,02,63,242,,03,71,140,,04,22,097,,0*74
1780409483.335,$GBGSV,2,2,08,04,22,097,,08,16,155,,13,10,199,,14,02,128,,0*75
1780409483.336,$GNGLL,1338.99949,N,10029.56254,E,141123.00,A,D*71
1780409484.307,$GNRMC,141124.00,A,1338.99942,N,10029.56271,E,0.555,109.05,020626,0.53,W,F,V*42
1780409484.310,$GNVTG,109.05,T,109.58,M,0.555,N,1.028,K,D*3E
1780409484.311,$GNGGA,141124.00,1338.99942,N,10029.56271,E,5,12,0.80,14.3,M,-27.8,M,1.0,0499*78
1780409484.311,$GNGSA,A,3,23,10,25,26,28,31,32,02,,,,,1.47,0.80,1.24,1*04
1780409484.312,$GNGSA,A,3,68,78,66,77,67,,,,,,,,1.47,0.80,1.24,2*0F
1780409484.313,$GNGSA,A,3,34,05,06,09,16,25,31,36,,,,,1.47,0.80,1.24,3*04
1780409484.313,$GNGSA,A,3,06,07,09,10,33,24,25,23,,,,,1.47,0.80,1.24,4*00
1780409484.314,$GPGSV,3,1,10,02,16,265,27,10,53,149,48,23,15,148,08,25,19,042,30,1*6B
1780409484.315,$GPGSV,3,2,10,28,45,358,35,31,51,311,40,32,42,040,47,41,64,233,46,1*61
1780409484.316,$GPGSV,3,3,10,42,70,217,45,50,56,115,40,1*66
1780409484.316,$GPGSV,1,1,01,01,12,291,29,5*52
1780409484.318,$GPGSV,2,1,07,10,53,149,46,23,15,148,20,25,19,042,31,26,62,193,31,6*66
1780409484.319,$GPGSV,2,2,07,28,45,358,42,31,51,311,44,32,42,040,44,6*51
1780409484.319,$GPGSV,2,1,05,03,03,326,,16,29,197,,27,02,201,,29,05,094,,0*60
1780409484.320,$GPGSV,2,2,05,29,05,094,,0*53
1780409484.321,$GLGSV,2,1,06,66,30,095,25,67,42,022,43,68,12,336,36,77,36,023,33,1*7F
1780409484.321,$GLGSV,2,2,06,78,80,241,49,79,26,211,19,1*73
1780409484.322,$GLGSV,2,1,05,66,30,095,29,67,42,022,40,68,12,336,31,78,80,241,49,3*7F
1780409484.323,$GLGSV,2,2,05,79,26,211,18,3*4E
1780409484.323,$GLGSV,1,1,03,81,02,195,,82,08,237,,83,01,285,,0*4D
1780409484.324,$GAGSV,2,1,08,05,36,347,41,06,19,074,43,09,32,052,45,16,60,100,50,2*79
1780409484.325,$GAGSV,2,2,08,25,42,182,26,31,19,046,36,34,28,279,32,36,35,217,27,2*7F
1780409484.326,$GAGSV,2,1,06,05,36,347,35,06,19,074,40,09,32,052,40,16,60,100,47,7*71
1780409484.327,$GAGSV,2,2,06,31,19,046,33,34,28,279,24,7*7A
1780409484.327,$GAGSV,1,1,03,03,08,302,,04,02,091,,11,11,171,,0*44
1780409484.328,$GBGSV,2,1,08,06,64,136,48,07,50,006,44,09,84,030,46,10,59,351,46,1*79
1780409484.329,$GBGSV,2,2,08,23,43,231,28,24,22,034,30,25,76,339,49,33,60,058,47,1*7A
1780409484.330,$GBGSV,1,1,02,09,84,030,48,10,59,351,45,3*77
1780409484.331,$GBGSV,2,1,08,01,42,107,,02,63,242,,03,71,140,,04,22,097,,0*74
1780409484.331,$GBGSV,2,2,08,04,22,097,,08,16,155,,13,10,199,,14,02,128,,0*75
1780409484.332,$GNGLL,1338.99942,N,10029.56271,E,141124.00,A,D*7A
1780409485.309,$GNRMC,141125.00,A,1338.99935,N,10029.56286,E,0.534,121.54,020626,0.53,W,F,V*42
1780409485.311,$GNVTG,121.54,T,122.06,M,0.534,N,0.989,K,D*36
1780409485.312,$GNGGA,141125.00,1338.99935,N,10029.56286,E,5,12,0.80,14.3,M,-27.8,M,1.0,0499*71
1780409485.313,$GNGSA,A,3,10,25,26,28,31,32,02,,,,,,1.47,0.80,1.24,1*05
1780409485.313,$GNGSA,A,3,79,68,78,66,77,67,,,,,,,1.47,0.80,1.24,2*01
1780409485.314,$GNGSA,A,3,34,05,06,09,16,25,31,36,,,,,1.47,0.80,1.24,3*04
1780409485.315,$GNGSA,A,3,06,07,09,10,33,24,25,23,,,,,1.47,0.80,1.24,4*00
1780409485.316,$GPGSV,3,1,10,02,16,265,27,10,53,149,49,25,19,042,33,26,62,193,33,1*62
1780409485.317,$GPGSV,3,2,10,28,45,358,39,31,51,311,46,32,42,040,45,41,64,233,48,1*67
1780409485.317,$GPGSV,3,3,10,42,70,217,45,50,56,115,42,1*64
1780409485.318,$GPGSV,1,1,01,01,12,291,29,5*52
1780409485.318,$GPGSV,2,1,06,10,53,149,46,25,19,042,34,26,62,193,32,28,45,358,43,6*69
1780409485.319,$GPGSV,2,2,06,31,51,311,43,32,42,040,41,6*61
1780409485.319,$GPGSV,2,1,06,03,03,326,,16,29,197,,23,15,148,,27,02,201,,0*68
1780409485.320,$GPGSV,2,2,06,27,02,201,,29,05,094,,0*64
1780409485.321,$GLGSV,2,1,06,66,30,095,26,67,42,022,41,68,12,336,36,77,36,023,30,1*7D
1780409485.321,$GLGSV,2,2,06,78,80,241,47,79,26,211,20,1*77
1780409485.322,$GLGSV,2,1,05,66,30,095,30,67,42,022,45,68,12,336,39,78,80,241,50,3*72
1780409485.322,$GLGSV,2,2,05,79,26,211,20,3*45
1780409485.323,$GLGSV,1,1,03,81,02,195,,82,08,237,,83,01,285,,0*4D
1780409485.324,$GAGSV,2,1,08,05,36,347,39,06,19,074,44,09,32,052,48,16,60,100,49,2*74
1780409485.325,$GAGSV,2,2,08,25,42,182,26,31,19,046,36,34,28,279,34,36,35,217,28,2*76
1780409485.326,$GAGSV,2,1,06,05,36,347,39,06,19,074,40,09,32,052,43,16,60,100,44,7*7D
1780409485.326,$GAGSV,2,2,06,31,19,046,33,34,28,279,26,7*78
1780409485.327,$GAGSV,1,1,03,03,08,302,,04,02,091,,11,11,171,,0*44
1780409485.328,$GBGSV,2,1,08,06,64,136,48,07,50,006,38,09,84,030,46,10,59,351,46,1*72
1780409485.329,$GBGSV,2,2,08,23,43,231,28,24,22,034,40,25,76,339,47,33,60,058,49,1*7D
1780409485.330,$GBGSV,1,1,02,09,84,030,50,10,59,351,48,3*73
1780409485.330,$GBGSV,2,1,08,01,42,107,,02,63,242,,03,71,140,,04,22,097,,0*74
1780409485.331,$GBGSV,2,2,08,04,22,097,,08,16,155,,13,10,199,,14,02,128,,0*75
1780409485.332,$GNGLL,1338.99935,N,10029.56286,E,141125.00,A,D*73
1780409486.307,$GNRMC,141126.00,A,1338.99926,N,10029.56300,E,0.556,122.40,020626,0.53,W,F,V*4E
1780409486.309,$GNVTG,122.40,T,122.93,M,0.556,N,1.030,K,D*32
1780409486.311,$GNGGA,141126.00,1338.99926,N,10029.56300,E,5,12,0.80,14.3,M,-27.8,M,1.0,0499*7F
1780409486.311,$GNGSA,A,3,10,25,26,28,31,32,,,,,,,1.47,0.80,1.24,1*07
1780409486.312,$GNGSA,A,3,68,78,66,77,67,,,,,,,,1.47,0.80,1.24,2*0F
1780409486.312,$GNGSA,A,3,34,05,06,09,16,25,31,36,,,,,1.47,0.80,1.24,3*04
1780409486.313,$GNGSA,A,3,06,07,09,10,33,24,25,23,,,,,1.47,0.80,1.24,4*00
1780409486.314,$GPGSV,3,1,10,02,16,265,19,10,53,149,50,25,19,042,33,26,62,193,34,1*60
1780409486.315,$GPGSV,3,2,10,28,45,358,41,31,51,311,45,32,42,040,43,41,64,233,46,1*63
1780409486.315,$GPGSV,3,3,10,42,70,217,46,50,56,115,44,1*61
1780409486.316,$GPGSV,1,1,01,01,12,291,33,5*59
1780409486.317,$GPGSV,2,1,06,10,53,149,46,25,19,042,36,26,62,193,31,28,45,358,45,6*6E
1780409486.318,$GPGSV,2,2,06,31,51,311,44,32,42,040,41,6*66
1780409486.319,$GPGSV,2,1,06,03,03,326,,16,29,197,,23,15,148,,27,02,201,,0*68
1780409486.319,$GPGSV,2,2,06,27,02,201,,29,05,094,,0*64
1780409486.320,$GLGSV,2,1,06,66,30,095,26,67,42,022,46,68,12,336,38,77,36,023,30,1*74
1780409486.321,$GLGSV,2,2,06,78,80,241,49,79,26,211,18,1*72
1780409486.322,$GLGSV,2,1,05,66,30,095,28,67,42,022,44,68,12,336,38,78,80,241,50,3*7B
1780409486.322,$GLGSV,2,2,05,79,26,211,18,3*4E
1780409486.323,$GLGSV,1,1,03,81,02,195,,82,08,237,,83,01,285,,0*4D
1780409486.324,$GAGSV,2,1,08,05,36,347,40,06,19,074,42,09,32,052,46,16,60,100,50,2*7A
1780409486.325,$GAGSV,2,2,08,25,42,182,23,31,19,046,39,34,28,279,36,36,35,217,28,2*7E
1780409486.325,$GAGSV,2,1,06,05,36,347,41,06,19,074,40,09,32,052,40,16,60,100,44,7*71
1780409486.326,$GAGSV,2,2,06,31,19,046,30,34,28,279,30,7*7C
1780409486.327,$GAGSV,1,1,03,03,08,302,,04,02,091,,11,11,171,,0*44
1780409486.328,$GBGSV,2,1,08,06,64,136,48,07,50,006,42,09,84,030,48,10,59,351,46,1*71
1780409486.329,$GBGSV,2,2,08,23,44,232,26,24,22,034,36,25,76,339,48,33,60,058,50,1*71
1780409486.329,$GBGSV,1,1,02,09,84,030,48,10,59,351,48,3*7A
1780409486.330,$GBGSV,2,1,08,01,42,107,,02,63,242,,03,71,140,,04,22,097,,0*74
1780409486.331,$GBGSV,2,2,08,04,22,097,,08,16,155,,13,10,199,,14,02,128,,0*75
1780409486.331,$GNGLL,1338.99926,N,10029.56300,E,141126.00,A,D*7D
1780409487.304,$GNRMC,141127.00,A,1338.99915,N,10029.56315,E,0.691,123.24,020626,0.53,W,F,V*40
1780409487.306,$GNVTG,123.24,T,123.77,M,0.691,N,1.280,K,D*3B
1780409487.307,$GNGGA,141127.00,1338.99915,N,10029.56315,E,5,12,0.80,14.3,M,-27.8,M,1.0,0499*7A
1780409487.308,$GNGSA,A,3,10,25,26,28,31,32,02,,,,,,1.47,0.80,1.24,1*05
1780409487.309,$GNGSA,A,3,68,78,66,77,67,,,,,,,,1.47,0.80,1.24,2*0F
1780409487.309,$GNGSA,A,3,34,05,06,09,16,25,31,36,,,,,1.47,0.80,1.24,3*04
1780409487.310,$GNGSA,A,3,06,07,09,10,33,24,25,23,,,,,1.47,0.80,1.24,4*00
1780409487.311,$GPGSV,3,1,10,02,16,265,27,10,53,149,49,25,19,042,39,26,62,193,30,1*6B
1780409487.312,$GPGSV,3,2,10,28,45,358,39,31,51,311,45,32,42,040,46,41,64,233,46,1*69
1780409487.313,$GPGSV,3,3,10,42,70,217,46,50,56,115,42,1*67
1780409487.313,$GPGSV,1,1,02,01,12,291,33,23,15,148,19,5*6A
1780409487.314,$GPGSV,2,1,06,10,53,149,45,25,19,042,33,26,62,193,25,28,45,358,45,6*6D
1780409487.315,$GPGSV,2,2,06,31,51,311,43,32,42,040,42,6*62
1780409487.316,$GPGSV,2,1,05,03,03,326,,16,29,197,,27,02,201,,29,05,094,,0*60
1780409487.316,$GPGSV,2,2,05,29,05,094,,0*53
1780409487.317,$GLGSV,2,1,06,66,30,095,31,67,42,022,46,68,12,336,32,77,36,023,34,1*7C
1780409487.318,$GLGSV,2,2,06,78,80,241,47,79,26,211,17,1*73
1780409487.319,$GLGSV,2,1,05,66,30,095,20,67,42,022,46,68,12,336,36,78,80,241,48,3*76
1780409487.319,$GLGSV,2,2,05,79,26,211,16,3*40
1780409487.320,$GLGSV,1,1,03,81,02,195,,82,08,237,,83,01,285,,0*4D
1780409487.321,$GAGSV,2,1,08,05,36,347,41,06,19,074,44,09,32,052,47,16,60,100,50,2*7C
1780409487.322,$GAGSV,2,2,08,25,42,182,23,31,19,046,37,34,28,279,32,36,35,217,28,2*74
1780409487.323,$GAGSV,2,1,06,05,36,347,33,06,19,074,39,09,32,052,40,16,60,100,45,7*7B
1780409487.323,$GAGSV,2,2,06,31,19,046,34,34,28,279,23,7*7A
1780409487.324,$GAGSV,1,1,03,03,08,302,,04,02,091,,11,11,171,,0*44
1780409487.325,$GBGSV,2,1,08,06,64,136,48,07,50,006,45,09,84,030,47,10,59,351,46,1*79
1780409487.326,$GBGSV,2,2,08,23,44,232,25,24,22,034,37,25,76,339,47,33,60,058,50,1*7C
1780409487.327,$GBGSV,1,1,02,09,84,030,49,10,59,351,49,3*7A
1780409487.327,$GBGSV,2,1,08,01,42,107,,02,63,242,,03,71,140,,04,22,097,,0*74
1780409487.328,$GBGSV,2,2,08,04,22,097,,08,16,155,,13,10,199,,14,02,128,,0*75
1780409487.329,$GNGLL,1338.99915,N,10029.56315,E,141127.00,A,D*78
1780409488.314,$GNRMC,141128.00,A,1338.99904,N,10029.56331,E,0.644,125.05,020626,0.53,W,F,V*44
1780409488.316,$GNVTG,125.05,T,125.58,M,0.644,N,1.192,K,D*3D
1780409488.318,$GNGGA,141128.00,1338.99904,N,10029.56331,E,5,12,0.77,14.2,M,-27.8,M,1.0,0499*7A
1780409488.318,$GNGSA,A,3,10,25,26,28,31,32,02,,,,,,1.44,0.77,1.22,1*08
1780409488.319,$GNGSA,A,3,68,78,66,77,67,,,,,,,,1.44,0.77,1.22,2*02
1780409488.319,$GNGSA,A,3,34,05,06,09,16,25,31,36,,,,,1.44,0.77,1.22,3*09
1780409488.320,$GNGSA,A,3,06,07,09,10,33,24,25,23,,,,,1.44,0.77,1.22,4*0D
1780409488.321,$GPGSV,3,1,10,02,16,265,24,10,53,149,48,25,19,042,37,26,62,193,34,1*63
1780409488.322,$GPGSV,3,2,10,28,45,358,40,31,51,311,45,32,42,040,46,41,64,233,48,1*69
1780409488.322,$GPGSV,3,3,10,42,70,217,46,50,56,115,41,1*64
1780409488.323,$GPGSV,1,1,01,01,12,291,33,5*59
1780409488.324,$GPGSV,2,1,07,10,53,149,45,23,15,148,19,25,19,042,36,26,62,193,25,6*6D
1780409488.325,$GPGSV,2,2,07,28,45,358,42,31,51,311,41,32,42,040,45,6*55
1780409488.326,$GPGSV,2,1,05,03,03,326,,16,29,197,,27,02,201,,29,05,094,,0*60
1780409488.326,$GPGSV,2,2,05,29,05,094,,0*53
1780409488.327,$GLGSV,2,1,06,66,30,095,26,67,42,022,46,68,12,336,36,77,36,023,30,1*7A
1780409488.327,$GLGSV,2,2,06,78,80,241,47,79,26,211,18,1*7C
1780409488.328,$GLGSV,2,1,05,66,30,095,21,67,42,022,45,68,12,336,38,78,80,241,48,3*7A
1780409488.329,$GLGSV,2,2,05,79,26,211,16,3*40
1780409488.330,$GLGSV,1,1,03,81,02,195,,82,08,237,,83,01,285,,0*4D
1780409488.330,$GAGSV,2,1,08,05,36,347,44,06,19,074,43,09,32,052,48,16,60,100,52,2*73
1780409488.331,$GAGSV,2,2,08,25,42,182,25,31,19,046,37,34,28,279,28,36,35,217,27,2*76
1780409488.332,$GAGSV,2,1,06,05,36,347,33,06,19,074,38,09,32,052,40,16,60,100,44,7*7B
1780409488.333,$GAGSV,2,2,06,31,19,046,30,34,28,279,22,7*7F
1780409488.334,$GAGSV,1,1,03,03,08,302,,04,02,091,,11,11,171,,0*44
1780409488.335,$GBGSV,2,1,08,06,64,136,48,07,50,006,44,09,84,030,48,10,59,351,43,1*72
1780409488.336,$GBGSV,2,2,08,23,44,232,24,24,22,034,40,25,76,341,51,33,60,058,50,1*75
1780409488.337,$GBGSV,1,1,02,09,84,030,50,10,59,351,47,3*7C
1780409488.337,$GBGSV,2,1,08,01,42,107,,02,63,242,,03,71,140,,04,22,097,,0*74
1780409488.338,$GBGSV,2,2,08,04,22,097,,08,16,155,,13,10,199,,14,02,128,,0*75
1780409488.339,$GNGLL,1338.99904,N,10029.56331,E,141128.00,A,D*71
1780409489.315,$GNRMC,141129.00,A,1338.99894,N,10029.56347,E,0.604,123.48,020626,0.53,W,F,V*47
1780409489.317,$GNVTG,123.48,T,124.01,M,0.604,N,1.118,K,D*39
1780409489.318,$GNGGA,141129.00,1338.99894,N,10029.56347,E,5,12,0.77,14.1,M,-27.8,M,1.0,0499*71
1780409489.318,$GNGSA,A,3,10,25,26,28,31,32,02,,,,,,1.44,0.77,1.22,1*08
1780409489.319,$GNGSA,A,3,79,68,78,66,77,67,,,,,,,1.44,0.77,1.22,2*0C
1780409489.320,$GNGSA,A,3,34,05,06,09,16,25,31,36,,,,,1.44,0.77,1.22,3*09
1780409489.320,$GNGSA,A,3,06,07,09,10,33,24,25,23,,,,,1.44,0.77,1.22,4*0D
1780409489.321,$GPGSV,3,1,10,02,16,265,23,10,53,149,48,25,19,042,34,26,62,193,34,1*67
1780409489.322,$GPGSV,3,2,10,28,45,358,42,31,51,311,46,32,42,040,43,41,64,233,47,1*62
1780409489.323,$GPGSV,3,3,10,42,70,217,46,50,56,115,39,1*6B
1780409489.323,$GPGSV,1,1,01,01,12,291,32,5*58
1780409489.324,$GPGSV,2,1,07,10,53,149,45,23,15,148,18,25,19,042,34,26,62,193,23,6*68
1780409489.325,$GPGSV,2,2,07,28,45,358,41,31,51,311,41,32,42,040,43,6*50
1780409489.326,$GPGSV,2,1,05,03,03,326,,16,29,197,,27,02,201,,29,05,094,,0*60
1780409489.326,$GPGSV,2,2,05,29,05,094,,0*53
1780409489.327,$GLGSV,2,1,06,66,30,095,31,67,42,022,43,68,12,336,40,77,36,023,39,1*71
1780409489.328,$GLGSV,2,2,06,78,80,241,48,79,26,211,20,1*78
1780409489.329,$GLGSV,2,1,05,66,30,095,22,67,42,022,46,68,12,336,38,78,80,241,48,3*7A
1780409489.329,$GLGSV,2,2,05,79,26,211,18,3*4E
1780409489.330,$GLGSV,1,1,03,81,02,195,,82,08,237,,83,01,285,,0*4D
1780409489.331,$GAGSV,2,1,08,05,36,347,43,06,19,074,45,09,32,052,48,16,60,100,52,2*72
1780409489.332,$GAGSV,2,2,08,25,42,182,24,31,19,046,36,34,28,279,30,36,35,217,26,2*7E
1780409489.332,$GAGSV,2,1,06,05,36,347,34,06,19,074,38,09,32,052,42,16,60,100,46,7*7C
1780409489.333,$GAGSV,2,2,06,31,19,046,36,34,28,279,22,7*79
1780409489.334,$GAGSV,1,1,03,03,08,302,,04,02,091,,11,11,171,,0*44
1780409489.334,$GBGSV,2,1,08,06,64,136,48,07,50,006,46,09,84,030,46,10,59,351,47,1*7A
1780409489.335,$GBGSV,2,2,08,23,44,232,35,24,22,034,41,25,76,341,49,33,60,058,50,1*7D
1780409489.336,$GBGSV,1,1,02,09,84,030,49,10,59,351,47,3*74
1780409489.337,$GBGSV,2,1,08,01,42,107,,02,63,242,,03,71,140,,04,22,097,,0*74
1780409489.337,$GBGSV,2,2,08,04,22,097,,08,16,155,,13,10,199,,14,02,128,,0*75
1780409489.338,$GNGLL,1338.99894,N,10029.56347,E,141129.00,A,D*79
1780409490.313,$GNRMC,141130.00,A,1338.99883,N,10029.56362,E,0.630,126.80,020626,0.53,W,F,V*48
1780409490.315,$GNVTG,126.80,T,127.32,M,0.630,N,1.167,K,D*34
1780409490.317,$GNGGA,141130.00,1338.99883,N,10029.56362,E,5,12,0.77,14.1,M,-27.8,M,1.0,0499*78
1780409490.317,$GNGSA,A,3,10,25,26,28,31,32,02,,,,,,1.44,0.77,1.22,1*08
1780409490.318,$GNGSA,A,3,68,78,66,77,67,,,,,,,,1.44,0.77,1.22,2*02
1780409490.319,$GNGSA,A,3,34,05,06,09,16,25,31,36,,,,,1.44,0.77,1.22,3*09
1780409490.319,$GNGSA,A,3,06,07,09,10,33,24,25,23,,,,,1.44,0.77,1.22,4*0D
1780409490.320,$GPGSV,3,1,10,02,16,265,21,10,53,149,47,25,19,042,36,26,62,193,33,1*6F
1780409490.321,$GPGSV,3,2,10,28,45,358,42,31,51,311,43,32,42,040,44,41,64,233,47,1*60
1780409490.322,$GPGSV,3,3,10,42,70,217,44,50,56,115,42,1*65
1780409490.322,$GPGSV,1,1,01,01,12,291,35,5*5F
1780409490.324,$GPGSV,2,1,07,10,53,149,45,23,15,148,15,25,19,042,31,26,62,193,23,6*60
1780409490.324,$GPGSV,2,2,07,28,45,358,43,31,51,311,40,32,42,040,43,6*53
1780409490.325,$GPGSV,2,1,05,03,03,326,,16,29,197,,27,02,201,,29,05,094,,0*60
1780409490.326,$GPGSV,2,2,05,29,05,094,,0*53
1780409490.326,$GLGSV,2,1,06,66,30,095,30,67,42,022,44,68,12,336,41,77,36,023,36,1*79
1780409490.327,$GLGSV,2,2,06,78,80,241,49,79,26,211,18,1*72
1780409490.328,$GLGSV,2,1,05,66,30,095,30,67,42,022,45,68,12,336,44,78,80,241,50,3*78
1780409490.329,$GLGSV,2,2,05,79,26,211,17,3*41
1780409490.329,$GLGSV,1,1,03,81,02,195,,82,08,237,,83,01,285,,0*4D
1780409490.330,$GAGSV,2,1,08,05,36,347,42,06,19,074,43,09,32,052,48,16,60,100,51,2*76
1780409490.331,$GAGSV,2,2,08,25,42,182,22,31,19,046,36,34,28,279,28,36,35,217,25,2*72
1780409490.332,$GAGSV,2,1,06,05,36,347,34,06,19,074,40,09,32,052,40,16,60,100,46,7*71
1780409490.333,$GAGSV,2,2,06,31,19,046,32,34,28,279,22,7*7D
1780409490.333,$GAGSV,1,1,03,03,08,302,,04,02,091,,11,11,171,,0*44
1780409490.334,$GBGSV,2,1,08,06,64,136,47,07,50,006,45,09,84,030,47,10,59,351,45,1*75
1780409490.335,$GBGSV,2,2,08,23,44,232,25,24,22,034,44,25,76,341,49,33,60,058,49,1*71
1780409490.336,$GBGSV,1,1,02,09,84,030,49,10,59,351,47,3*74
1780409490.336,$GBGSV,2,1,08,01,42,107,,02,63,242,,03,71,140,,04,22,097,,0*74
1780409490.337,$GBGSV,2,2,08,04,22,097,,08,16,155,,13,10,199,,14,02,128,,0*75
1780409490.338,$GNGLL,1338.99883,N,10029.56362,E,141130.00,A,D*70
1780409491.307,$GNRMC,141131.00,A,1338.99873,N,10029.56378,E,0.685,123.71,020626,0.53,W,F,V*48
1780409491.309,$GNVTG,123.71,T,124.23,M,0.685,N,1.268,K,D*3E
1780409491.310,$GNGGA,141131.00,1338.99873,N,10029.56378,E,5,12,0.90,14.0,M,-27.8,M,1.0,0499*75
1780409491.311,$GNGSA,A,3,10,25,26,28,31,32,02,,,,,,1.59,0.90,1.31,1*0F
1780409491.312,$GNGSA,A,3,68,78,66,77,67,,,,,,,,1.59,0.90,1.31,2*05
1780409491.313,$GNGSA,A,3,34,05,06,09,16,25,31,36,,,,,1.59,0.90,1.31,3*0E
1780409491.314,$GNGSA,A,3,06,07,09,10,33,24,25,,,,,,1.59,0.90,1.31,4*0B
1780409491.314,$GPGSV,3,1,10,02,16,265,20,10,52,149,46,25,19,042,29,26,62,193,33,1*60
1780409491.315,$GPGSV,3,2,10,28,45,358,43,31,51,311,41,32,42,040,45,41,64,233,46,1*63
1780409491.316,$GPGSV,3,3,10,42,70,217,45,50,56,115,44,1*62
1780409491.317,$GPGSV,1,1,01,01,12,291,32,5*58
1780409491.318,$GPGSV,2,1,07,10,52,149,44,23,15,148,14,25,19,042,32,26,62,193,26,6*67
1780409491.319,$GPGSV,2,2,07,28,45,358,44,31,51,311,27,32,42,040,43,6*55
1780409491.320,$GPGSV,2,1,05,03,03,326,,16,29,197,,27,02,201,,29,05,094,,0*60
1780409491.320,$GPGSV,2,2,05,29,05,094,,0*53
1780409491.321,$GLGSV,2,1,06,66,30,095,26,67,42,022,47,68,12,336,42,77,36,023,37,1*7F
1780409491.322,$GLGSV,2,2,06,78,80,241,48,79,26,211,18,1*73
1780409491.323,$GLGSV,2,1,05,66,30,095,23,67,42,022,47,68,12,336,43,78,80,241,48,3*76
1780409491.323,$GLGSV,2,2,05,79,26,211,15,3*43
1780409491.324,$GLGSV,1,1,03,81,02,195,,82,08,237,,83,01,285,,0*4D
1780409491.325,$GAGSV,2,1,08,05,36,347,42,06,19,074,43,09,32,052,48,16,60,100,50,2*77
1780409491.326,$GAGSV,2,2,08,25,42,182,22,31,19,046,38,34,28,279,25,36,35,217,24,2*70
1780409491.327,$GAGSV,2,1,06,05,36,347,34,06,19,074,39,09,32,052,42,16,60,100,47,7*7C
1780409491.327,$GAGSV,2,2,06,31,19,046,30,34,28,279,23,7*7E
1780409491.328,$GAGSV,1,1,03,03,08,302,,04,02,091,,11,11,171,,0*44
1780409491.329,$GBGSV,2,1,08,06,64,136,48,07,50,006,44,09,84,030,46,10,59,351,45,1*7A
1780409491.330,$GBGSV,2,2,08,23,44,232,24,24,22,034,41,25,76,341,49,33,60,058,49,1*75
1780409491.330,$GBGSV,1,1,02,09,84,030,49,10,59,351,47,3*74
1780409491.331,$GBGSV,2,1,08,01,42,107,,02,63,242,,03,71,140,,04,22,097,,0*74
1780409491.332,$GBGSV,2,2,08,04,22,097,,08,16,155,,13,10,199,,14,02,128,,0*75
1780409491.333,$GNGLL,1338.99873,N,10029.56378,E,141131.00,A,D*75
1780409492.306,$GNRMC,141132.00,A,1338.99862,N,10029.56394,E,0.676,123.05,020626,0.53,W,F,V*46
1780409492.308,$GNVTG,123.05,T,123.58,M,0.676,N,1.252,K,D*33
1780409492.310,$GNGGA,141132.00,1338.99862,N,10029.56394,E,5,12,0.77,13.9,M,-27.8,M,1.0,0499*73
1780409492.310,$GNGSA,A,3,10,25,26,28,31,32,,,,,,,1.44,0.77,1.22,1*0A
1780409492.311,$GNGSA,A,3,68,78,66,77,67,,,,,,,,1.44,0.77,1.22,2*02
1780409492.312,$GNGSA,A,3,34,05,06,09,16,25,31,36,,,,,1.44,0.77,1.22,3*09
1780409492.312,$GNGSA,A,3,06,07,09,10,33,24,25,23,,,,,1.44,0.77,1.22,4*0D
1780409492.313,$GPGSV,3,1,09,10,52,149,46,25,19,042,33,26,62,193,28,28,45,358,43,1*6D
1780409492.314,$GPGSV,3,2,09,31,51,311,38,32,42,040,43,41,64,233,46,42,70,217,46,1*66
1780409492.315,$GPGSV,3,3,09,50,56,115,41,1*5B
1780409492.315,$GPGSV,1,1,01,01,12,291,36,5*5C
1780409492.316,$GPGSV,2,1,07,10,52,149,41,23,15,148,16,25,19,042,37,26,62,193,25,6*66
1780409492.317,$GPGSV,2,2,07,28,45,358,43,31,51,311,43,32,42,040,44,6*57
1780409492.318,$GPGSV,2,1,06,02,16,265,,03,03,326,,16,29,197,,27,02,201,,0*64
1780409492.319,$GPGSV,2,2,06,27,02,201,,29,05,094,,0*64
1780409492.319,$GLGSV,2,1,06,66,30,095,26,67,42,022,46,68,12,336,43,77,36,023,37,1*7F
1780409492.320,$GLGSV,2,2,06,78,80,241,47,79,26,211,17,1*73
1780409492.321,$GLGSV,2,1,05,66,30,095,23,67,42,022,47,68,12,336,41,78,80,241,48,3*74
1780409492.322,$GLGSV,2,2,05,79,26,211,16,3*40
1780409492.323,$GLGSV,1,1,03,81,02,195,,82,08,237,,83,01,285,,0*4D
1780409492.323,$GAGSV,2,1,08,05,36,347,40,06,19,074,43,09,32,052,47,16,60,100,50,2*7A
1780409492.324,$GAGSV,2,2,08,25,42,182,22,31,19,046,36,34,28,279,32,36,35,217,25,2*79
1780409492.325,$GAGSV,2,1,06,05,36,347,36,06,19,074,40,09,32,052,40,16,60,100,47,7*72
1780409492.326,$GAGSV,2,2,06,31,19,046,32,34,28,279,21,7*7E
1780409492.327,$GAGSV,1,1,03,03,08,302,,04,02,091,,11,11,171,,0*44
1780409492.327,$GBGSV,2,1,08,06,64,136,47,07,50,006,44,09,84,030,46,10,59,351,44,1*74
1780409492.328,$GBGSV,2,2,08,23,44,232,31,24,22,034,43,25,76,341,49,33,60,058,49,1*73
1780409492.329,$GBGSV,1,1,02,09,84,030,49,10,59,351,48,3*7B
1780409492.330,$GBGSV,2,1,08,01,42,107,,02,63,242,,03,71,140,,04,22,097,,0*74
1780409492.330,$GBGSV,2,2,08,04,22,097,,08,16,155,,13,10,199,,14,02,128,,0*75
1780409492.331,$GNGLL,1338.99862,N,10029.56394,E,141132.00,A,D*74
1780409493.305,$GNRMC,141133.00,A,1338.99852,N,10029.56412,E,0.713,116.97,020626,0.53,W,F,V*42
1780409493.307,$GNVTG,116.97,T,117.50,M,0.713,N,1.321,K,D*36
1780409493.309,$GNGGA,141133.00,1338.99852,N,10029.56412,E,5,12,0.77,13.7,M,-27.8,M,1.0,0499*76
1780409493.309,$GNGSA,A,3,10,25,26,28,31,32,,,,,,,1.44,0.77,1.22,1*0A
1780409493.310,$GNGSA,A,3,68,78,66,77,67,,,,,,,,1.44,0.77,1.22,2*02
1780409493.310,$GNGSA,A,3,34,05,06,09,16,25,31,36,,,,,1.44,0.77,1.22,3*09
1780409493.311,$GNGSA,A,3,06,07,09,10,33,24,25,23,,,,,1.44,0.77,1.22,4*0D
1780409493.312,$GPGSV,3,1,09,10,52,149,46,25,19,042,36,26,62,193,29,28,45,358,41,1*6B
1780409493.313,$GPGSV,3,2,09,31,51,311,44,32,42,040,47,41,64,233,47,42,70,217,46,1*68
1780409493.313,$GPGSV,3,3,09,50,56,115,40,1*5A
1780409493.314,$GPGSV,1,1,01,01,12,291,36,5*5C
1780409493.315,$GPGSV,2,1,07,10,52,149,40,23,15,148,17,25,19,042,34,26,62,193,26,6*66
1780409493.316,$GPGSV,2,2,07,28,45,358,44,31,51,311,43,32,42,040,45,6*51
1780409493.317,$GPGSV,2,1,06,02,16,265,,03,03,326,,16,29,197,,27,02,201,,0*64
1780409493.317,$GPGSV,2,2,06,27,02,201,,29,05,094,,0*64
1780409493.318,$GLGSV,2,1,06,66,30,095,27,67,42,022,47,68,12,336,40,77,36,023,41,1*7D
1780409493.319,$GLGSV,2,2,06,78,80,241,48,79,26,211,17,1*7C
1780409493.320,$GLGSV,2,1,05,66,30,095,24,67,42,022,47,68,12,336,41,78,80,241,48,3*73
1780409493.320,$GLGSV,2,2,05,79,26,211,18,3*4E
1780409493.321,$GLGSV,1,1,03,81,02,195,,82,08,237,,83,01,285,,0*4D
1780409493.322,$GAGSV,2,1,08,05,36,347,39,06,19,074,41,09,32,052,47,16,60,100,49,2*7E
1780409493.323,$GAGSV,2,2,08,25,42,182,21,31,19,046,38,34,28,279,33,36,35,217,25,2*75
1780409493.323,$GAGSV,2,1,06,05,36,347,36,06,19,074,41,09,32,052,42,16,60,100,45,7*73
1780409493.324,$GAGSV,2,2,06,31,19,046,32,34,28,279,22,7*7D
1780409493.325,$GAGSV,1,1,03,03,08,302,,04,02,091,,11,11,171,,0*44
1780409493.326,$GBGSV,2,1,08,06,64,136,48,07,50,006,46,09,84,030,47,10,59,351,44,1*78
1780409493.326,$GBGSV,2,2,08,23,44,232,30,24,22,034,40,25,76,341,51,33,60,058,49,1*78
1780409493.327,$GBGSV,1,1,02,09,84,030,48,10,59,351,51,3*72
1780409493.328,$GBGSV,2,1,08,01,42,107,,02,63,242,,03,71,140,,04,22,097,,0*74
1780409493.328,$GBGSV,2,2,08,04,22,097,,08,16,155,,13,10,199,,14,02,128,,0*75
1780409493.329,$GNGLL,1338.99852,N,10029.56412,E,141133.00,A,D*7F
1780409494.310,$GNRMC,141134.00,A,1338.99841,N,10029.56430,E,0.726,116.05,020626,0.53,W,F,V*4A
1780409494.312,$GNVTG,116.05,T,116.58,M,0.726,N,1.344,K,D*31
1780409494.314,$GNGGA,141134.00,1338.99841,N,10029.56430,E,5,12,0.84,13.6,M,-27.8,M,1.0,0499*7E
1780409494.314,$GNGSA,A,3,10,25,26,28,31,32,,,,,,,1.54,0.84,1.29,1*0C
1780409494.315,$GNGSA,A,3,79,68,78,66,77,67,,,,,,,1.54,0.84,1.29,2*0A
1780409494.315,$GNGSA,A,3,34,05,06,09,16,31,36,,,,,,1.54,0.84,1.29,3*08
1780409494.316,$GNGSA,A,3,06,07,09,10,33,24,25,23,,,,,1.54,0.84,1.29,4*0B
1780409494.317,$GPGSV,3,1,09,10,52,149,45,25,19,042,36,26,62,193,27,28,45,358,41,1*66
1780409494.318,$GPGSV,3,2,09,31,51,311,45,32,42,040,46,41,64,233,46,42,70,217,46,1*69
1780409494.318,$GPGSV,3,3,09,50,56,115,42,1*58
1780409494.319,$GPGSV,1,1,01,01,12,291,34,5*5E
1780409494.320,$GPGSV,2,1,07,10,52,149,40,23,15,148,16,25,19,042,34,26,62,193,24,6*65
1780409494.321,$GPGSV,2,2,07,28,45,358,45,31,51,311,42,32,42,040,44,6*50
1780409494.321,$GPGSV,2,1,06,02,16,265,,03,03,326,,16,29,197,,27,02,201,,0*64
1780409494.322,$GPGSV,2,2,06,27,02,201,,29,05,094,,0*64
1780409494.323,$GLGSV,2,1,06,66,30,095,27,67,42,022,46,68,12,336,37,77,36,023,39,1*73
1780409494.323,$GLGSV,2,2,06,78,80,241,49,79,26,211,16,1*7C
1780409494.324,$GLGSV,2,1,05,66,30,095,24,67,42,022,47,68,12,336,38,78,80,241,49,3*7C
1780409494.325,$GLGSV,2,2,05,79,26,211,20,3*45
1780409494.326,$GLGSV,1,1,03,81,02,195,,82,08,237,,83,01,285,,0*4D
1780409494.327,$GAGSV,2,1,08,05,36,347,45,06,19,074,42,09,32,052,46,16,60,100,50,2*7F
1780409494.328,$GAGSV,2,2,08,25,42,182,19,31,19,046,36,34,28,279,36,36,35,217,25,2*75
1780409494.329,$GAGSV,2,1,07,05,36,347,35,06,19,074,40,09,32,052,44,16,60,100,45,7*76
1780409494.329,$GAGSV,2,2,07,31,19,046,27,34,28,279,26,36,35,217,19,7*43
1780409494.330,$GAGSV,1,1,03,03,08,302,,04,02,091,,11,11,171,,0*44
1780409494.331,$GBGSV,2,1,08,06,64,136,49,07,50,006,45,09,84,030,47,10,59,351,45,1*7B
1780409494.332,$GBGSV,2,2,08,23,44,232,23,24,22,034,40,25,76,341,48,33,61,060,50,1*70
1780409494.332,$GBGSV,1,1,02,09,84,030,49,10,59,351,47,3*74
1780409494.333,$GBGSV,2,1,08,01,42,107,,02,63,242,,03,71,140,,04,22,097,,0*74
1780409494.334,$GBGSV,2,2,08,04,22,097,,08,16,155,,13,10,199,,14,02,128,,0*75
1780409494.334,$GNGLL,1338.99841,N,10029.56430,E,141134.00,A,D*7A
1780409495.312,$GNRMC,141135.00,A,1338.99829,N,10029.56449,E,0.704,113.34,020626,0.53,W,F,V*4C
1780409495.315,$GNVTG,113.34,T,113.87,M,0.704,N,1.304,K,D*35
1780409495.316,$GNGGA,141135.00,1338.99829,N,10029.56449,E,5,12,0.88,13.4,M,-27.8,M,1.0,0499*71
1780409495.317,$GNGSA,A,3,10,25,26,28,31,32,,,,,,,1.59,0.88,1.32,1*07
1780409495.317,$GNGSA,A,3,79,68,78,66,77,67,,,,,,,1.59,0.88,1.32,2*01
1780409495.318,$GNGSA,A,3,34,05,06,09,16,31,36,,,,,,1.59,0.88,1.32,3*03
1780409495.318,$GNGSA,A,3,06,07,09,10,33,24,25,23,,,,,1.59,0.88,1.32,4*00
1780409495.319,$GPGSV,2,1,08,10,52,149,46,25,19,042,36,28,45,358,44,31,51,311,43,1*6C
1780409495.320,$GPGSV,2,2,08,32,42,040,46,41,64,233,47,42,70,217,46,50,56,115,40,1*6B
1780409495.321,$GPGSV,1,1,01,01,12,291,38,5*52
1780409495.322,$GPGSV,2,1,07,10,52,149,43,23,15,148,15,25,19,042,36,26,62,193,25,6*66
1780409495.323,$GPGSV,2,2,07,28,45,358,43,31,51,311,43,32,42,040,45,6*56
1780409495.324,$GPGSV,2,1,06,02,16,265,,03,03,326,,16,29,197,,27,02,201,,0*64
1780409495.325,$GPGSV,2,2,06,27,02,201,,29,05,094,,0*64
1780409495.326,$GLGSV,2,1,06,66,30,095,15,67,42,022,45,68,12,337,40,77,36,023,41,1*7F
1780409495.326,$GLGSV,2,2,06,78,80,241,48,79,26,211,16,1*7D
1780409495.327,$GLGSV,2,1,05,66,30,095,23,67,42,022,47,68,12,337,40,78,80,241,50,3*7D
1780409495.328,$GLGSV,2,2,05,79,26,211,20,3*45
1780409495.328,$GLGSV,1,1,03,81,02,195,,82,08,237,,83,01,285,,0*4D
1780409495.329,$GAGSV,2,1,08,05,36,347,44,06,19,074,43,09,32,052,47,16,60,100,51,2*7F
1780409495.330,$GAGSV,2,2,08,25,42,182,19,31,19,046,34,34,28,279,35,36,35,217,25,2*74
1780409495.331,$GAGSV,2,1,07,05,36,347,38,06,19,074,40,09,32,052,42,16,60,100,47,7*7F
1780409495.332,$GAGSV,2,2,07,31,19,046,28,34,28,279,24,36,35,217,17,7*40
1780409495.333,$GAGSV,1,1,03,03,08,302,,04,02,091,,11,11,171,,0*44
1780409495.333,$GBGSV,2,1,08,06,64,136,47,07,50,006,45,09,84,030,48,10,59,351,45,1*7A
1780409495.334,$GBGSV,2,2,08,23,44,232,32,24,22,034,41,25,76,341,52,33,61,060,49,1*72
1780409495.335,$GBGSV,1,1,02,09,84,030,49,10,59,351,46,3*75
1780409495.336,$GBGSV,2,1,08,01,42,107,,02,63,242,,03,71,140,,04,22,097,,0*74
1780409495.336,$GBGSV,2,2,08,04,22,097,,08,16,155,,13,10,199,,14,02,128,,0*75
1780409495.337,$GNGLL,1338.99829,N,10029.56449,E,141135.00,A,D*7B
1780409496.300,$GNRMC,141136.00,A,1338.99818,N,10029.56467,E,0.689,115.09,020626,0.53,W,F,V*4D
1780409496.302,$GNVTG,115.09,T,115.62,M,0.689,N,1.276,K,D*30
1780409496.305,$GNGGA,141136.00,1338.99818,N,10029.56467,E,5,12,0.88,13.2,M,-27.8,M,1.0,0499*7A
1780409496.307,$GNGSA,A,3,10,25,26,28,31,32,,,,,,,1.59,0.88,1.32,1*07
1780409496.308,$GNGSA,A,3,79,68,78,66,77,67,,,,,,,1.59,0.88,1.32,2*01
1780409496.310,$GNGSA,A,3,34,05,06,09,16,31,36,,,,,,1.59,0.88,1.32,3*03
1780409496.312,$GNGSA,A,3,06,07,09,10,33,24,25,23,,,,,1.59,0.88,1.32,4*00
1780409496.314,$GPGSV,3,1,09,10,52,149,44,25,19,042,36,26,62,193,28,28,45,358,44,1*6D
1780409496.317,$GPGSV,3,2,09,31,51,311,42,32,42,040,46,41,64,233,46,42,70,217,46,1*6E
1780409496.318,$GPGSV,3,3,09,50,56,115,43,1*59
1780409496.319,$GPGSV,1,1,01,01,12,291,33,5*59
1780409496.322,$GPGSV,2,1,07,10,52,149,43,23,15,148,15,25,19,042,39,26,62,193,22,6*6E
1780409496.324,$GPGSV,2,2,07,28,45,358,43,31,51,311,39,32,42,040,43,6*5D
1780409496.327,$GPGSV,2,1,06,02,16,265,,03,03,326,,16,29,197,,27,02,201,,0*64
1780409496.329,$GPGSV,2,2,06,27,02,201,,29,05,094,,0*64
1780409496.331,$GLGSV,2,1,06,66,30,095,20,67,42,022,44,68,12,337,30,77,36,023,40,1*7E
1780409496.333,$GLGSV,2,2,06,78,80,241,48,79,26,211,18,1*73
1780409496.335,$GLGSV,2,1,05,66,30,095,23,67,42,022,49,68,12,337,40,78,80,241,49,3*7B
1780409496.336,$GLGSV,2,2,05,79,26,211,20,3*45
1780409496.337,$GLGSV,1,1,03,81,02,195,,82,08,237,,83,01,285,,0*4D
1780409496.338,$GAGSV,2,1,08,05,36,347,46,06,19,074,44,09,32,052,47,16,60,100,49,2*73
1780409496.340,$GAGSV,2,2,08,25,42,182,19,31,19,046,38,34,28,279,35,36,35,217,25,2*78
1780409496.341,$GAGSV,2,1,07,05,36,347,41,06,19,074,40,09,32,052,41,16,60,100,45,7*70
1780409496.342,$GAGSV,2,2,07,31,19,046,29,34,28,279,25,36,35,217,16,7*41
1780409496.343,$GAGSV,1,1,03,03,08,302,,04,02,091,,11,11,171,,0*44
1780409496.344,$GBGSV,2,1,08,06,64,136,47,07,50,006,46,09,84,030,47,10,59,351,46,1*75
1780409496.345,$GBGSV,2,2,08,23,44,232,28,24,22,034,42,25,76,341,47,33,61,060,49,1*7E
1780409496.346,$GBGSV,1,1,02,09,84,030,49,10,59,351,48,3*7B
1780409496.347,$GBGSV,2,1,08,01,42,107,,02,63,242,,03,71,140,,04,22,097,,0*74
1780409496.348,$GBGSV,2,2,08,04,22,097,,08,16,155,,13,10,199,,14,02,128,,0*75
1780409496.348,$GNGLL,1338.99818,N,10029.56467,E,141136.00,A,D*76
1780409497.309,$GNRMC,141137.00,A,1338.99808,N,10029.56486,E,0.753,113.38,020626,0.53,W,F,V*40
1780409497.312,$GNVTG,113.38,T,113.91,M,0.753,N,1.395,K,D*34
1780409497.313,$GNGGA,141137.00,1338.99808,N,10029.56486,E,5,12,0.80,13.1,M,-27.8,M,1.0,0499*7E
1780409497.313,$GNGSA,A,3,10,25,26,28,31,32,,,,,,,1.47,0.80,1.24,1*07
1780409497.314,$GNGSA,A,3,79,68,78,66,77,67,,,,,,,1.47,0.80,1.24,2*01
1780409497.315,$GNGSA,A,3,34,05,06,09,16,25,31,36,,,,,1.47,0.80,1.24,3*04
1780409497.315,$GNGSA,A,3,06,07,09,10,33,24,25,23,,,,,1.47,0.80,1.24,4*00
1780409497.316,$GPGSV,3,1,10,10,52,149,45,25,19,042,35,26,62,193,27,28,45,358,43,1*6F
1780409497.317,$GPGSV,3,2,10,29,05,094,19,31,51,311,42,32,42,040,44,41,64,233,46,1*68
1780409497.318,$GPGSV,3,3,10,42,70,217,47,50,56,115,42,1*66
1780409497.319,$GPGSV,1,1,01,01,12,291,33,5*59
1780409497.319,$GPGSV,2,1,07,10,52,149,42,23,15,148,14,25,19,042,31,26,62,193,21,6*65
1780409497.320,$GPGSV,2,2,07,28,45,358,47,31,51,311,41,32,42,040,44,6*51
1780409497.321,$GPGSV,2,1,05,02,16,265,,03,03,326,,16,29,197,,27,02,201,,0*67
1780409497.322,$GPGSV,2,2,05,27,02,201,,0*54
1780409497.322,$GLGSV,2,1,06,66,30,095,24,67,42,022,47,68,12,337,32,77,36,023,42,1*79
1780409497.323,$GLGSV,2,2,06,78,80,241,48,79,26,211,18,1*73
1780409497.324,$GLGSV,2,1,05,66,30,095,23,67,42,022,47,68,12,337,39,78,80,241,49,3*7B
1780409497.324,$GLGSV,2,2,05,79,26,211,20,3*45
1780409497.325,$GLGSV,1,1,03,81,02,195,,82,08,237,,83,01,285,,0*4D
1780409497.326,$GAGSV,2,1,08,05,36,347,44,06,19,074,45,09,32,052,47,16,60,100,50,2*78
1780409497.327,$GAGSV,2,2,08,25,42,182,20,31,19,046,38,34,28,279,31,36,35,217,27,2*74
1780409497.328,$GAGSV,2,1,07,05,36,347,36,06,19,074,40,09,32,052,43,16,60,100,46,7*71
1780409497.328,$GAGSV,2,2,07,31,19,046,29,34,28,279,23,36,35,217,16,7*47
1780409497.329,$GAGSV,1,1,03,03,08,302,,04,02,091,,11,11,171,,0*44
1780409497.330,$GBGSV,2,1,08,06,64,136,48,07,50,006,45,09,84,030,46,10,59,351,44,1*7A
1780409497.330,$GBGSV,2,2,08,23,44,232,29,24,22,034,41,25,76,341,51,33,61,060,49,1*7B
1780409497.331,$GBGSV,1,1,02,09,84,030,49,10,59,351,46,3*75
1780409497.332,$GBGSV,2,1,08,01,42,107,,02,63,242,,03,71,140,,04,22,097,,0*74
1780409497.332,$GBGSV,2,2,08,04,22,097,,08,16,155,,13,10,199,,14,02,128,,0*75
1780409497.333,$GNGLL,1338.99808,N,10029.56486,E,141137.00,A,D*79
1780409498.306,$GNRMC,141138.00,A,1338.99799,N,10029.56505,E,0.756,108.21,020626,0.53,W,F,V*45
1780409498.309,$GNVTG,108.21,T,108.74,M,0.756,N,1.400,K,D*39
1780409498.310,$GNGGA,141138.00,1338.99799,N,10029.56505,E,5,12,0.88,12.9,M,-27.8,M,1.0,0499*7D
1780409498.311,$GNGSA,A,3,10,25,26,28,31,32,,,,,,,1.59,0.88,1.32,1*07
1780409498.311,$GNGSA,A,3,79,68,78,66,77,67,,,,,,,1.59,0.88,1.32,2*01
1780409498.312,$GNGSA,A,3,34,05,06,09,16,31,36,,,,,,1.59,0.88,1.32,3*03
1780409498.312,$GNGSA,A,3,06,07,09,10,33,24,25,23,,,,,1.59,0.88,1.32,4*00
1780409498.313,$GPGSV,3,1,09,10,52,149,44,25,19,042,28,28,45,358,43,29,05,094,16,1*60
1780409498.314,$GPGSV,3,2,09,31,51,311,45,32,42,040,44,41,64,233,48,42,70,217,47,1*64
1780409498.315,$GPGSV,3,3,09,50,56,115,43,1*59
1780409498.315,$GPGSV,1,1,01,01,12,291,37,5*5D
1780409498.316,$GPGSV,2,1,07,10,52,149,40,23,15,148,14,25,19,042,37,26,62,193,22,6*62
1780409498.317,$GPGSV,2,2,07,28,45,358,45,31,51,311,45,32,42,040,44,6*57
1780409498.318,$GPGSV,2,1,05,02,16,265,,03,03,326,,16,29,197,,27,02,201,,0*67
1780409498.318,$GPGSV,2,2,05,27,02,201,,0*54
1780409498.319,$GLGSV,2,1,06,66,30,095,24,67,42,022,47,68,12,337,35,77,36,023,41,1*7D
1780409498.320,$GLGSV,2,2,06,78,80,241,48,79,26,211,17,1*7C
1780409498.321,$GLGSV,2,1,05,66,30,095,22,67,42,022,46,68,12,337,38,78,80,241,48,3*7B
1780409498.321,$GLGSV,2,2,05,79,26,211,20,3*45
1780409498.322,$GLGSV,1,1,03,81,02,195,,82,08,237,,83,01,285,,0*4D
1780409498.323,$GAGSV,2,1,08,05,36,347,44,06,19,074,45,09,32,052,48,16,60,100,51,2*76
1780409498.324,$GAGSV,2,2,08,25,42,182,19,31,19,046,38,34,28,279,30,36,35,217,27,2*7F
1780409498.325,$GAGSV,2,1,07,05,36,347,40,06,19,074,38,09,32,052,43,16,60,100,46,7*7F
1780409498.325,$GAGSV,2,2,07,31,19,046,29,34,28,279,26,36,35,217,16,7*42
1780409498.326,$GAGSV,1,1,03,03,08,302,,04,02,091,,11,11,171,,0*44
1780409498.327,$GBGSV,2,1,08,06,64,136,47,07,50,006,47,09,84,030,47,10,59,351,46,1*74
1780409498.328,$GBGSV,2,2,08,23,44,232,33,24,22,034,42,25,76,341,48,33,61,060,49,1*7B
1780409498.328,$GBGSV,1,1,02,09,84,030,49,10,59,351,49,3*7A
1780409498.329,$GBGSV,2,1,08,01,42,107,,02,63,242,,03,71,140,,04,22,097,,0*74
1780409498.330,$GBGSV,2,2,08,04,22,097,,08,16,155,,13,10,199,,14,02,128,,0*75
1780409498.330,$GNGLL,1338.99799,N,10029.56505,E,141138.00,A,D*7B
1780409499.308,$GNRMC,141139.00,A,1338.99789,N,10029.56528,E,0.893,113.70,020626,0.53,W,F,V*42
1780409499.311,$GNVTG,113.70,T,114.23,M,0.893,N,1.654,K,D*3D
1780409499.312,$GNGGA,141139.00,1338.99789,N,10029.56528,E,5,12,0.80,12.7,M,-27.8,M,1.0,0499*74
1780409499.313,$GNGSA,A,3,10,25,26,28,31,32,,,,,,,1.47,0.80,1.24,1*07
1780409499.313,$GNGSA,A,3,79,68,78,66,77,67,,,,,,,1.47,0.80,1.24,2*01
1780409499.314,$GNGSA,A,3,34,05,06,09,16,25,31,36,,,,,1.47,0.80,1.24,3*04
1780409499.315,$GNGSA,A,3,06,07,09,10,33,24,25,23,,,,,1.47,0.80,1.24,4*00
1780409499.315,$GPGSV,3,1,09,10,52,149,41,25,19,042,30,28,45,358,42,29,05,094,15,1*6E
1780409499.316,$GPGSV,3,2,09,31,51,311,47,32,42,040,44,41,64,233,49,42,70,217,48,1*68
1780409499.317,$GPGSV,3,3,09,50,56,115,42,1*58
1780409499.318,$GPGSV,1,1,01,01,12,291,31,5*5B
1780409499.319,$GPGSV,2,1,07,10,52,149,40,23,15,148,14,25,19,042,31,26,62,193,23,6*65
1780409499.320,$GPGSV,2,2,07,28,45,358,44,31,51,311,46,32,42,040,43,6*52
1780409499.321,$GPGSV,2,1,05,02,16,265,,03,03,326,,16,29,197,,27,02,201,,0*67
1780409499.321,$GPGSV,2,2,05,27,02,201,,0*54
1780409499.322,$GLGSV,2,1,06,66,30,095,24,67,42,022,47,68,12,337,34,77,36,023,41,1*7C
1780409499.322,$GLGSV,2,2,06,78,80,241,49,79,26,211,19,1*73
1780409499.323,$GLGSV,2,1,05,66,30,095,22,67,42,022,44,68,12,337,38,78,80,241,48,3*79
1780409499.324,$GLGSV,2,2,05,79,26,211,21,3*44
1780409499.325,$GLGSV,1,1,03,81,02,195,,82,08,237,,83,01,285,,0*4D
1780409499.325,$GAGSV,2,1,08,05,36,347,45,06,19,074,44,09,32,052,47,16,60,100,49,2*70
1780409499.326,$GAGSV,2,2,08,25,42,182,23,31,19,046,38,34,28,279,34,36,35,217,25,2*70
1780409499.327,$GAGSV,2,1,07,05,36,347,41,06,19,074,37,09,32,052,42,16,60,100,48,7*7E
1780409499.328,$GAGSV,2,2,07,31,19,046,34,34,28,279,31,36,35,217,15,7*4B
1780409499.329,$GAGSV,1,1,03,03,08,302,,04,02,091,,11,11,171,,0*44
1780409499.329,$GBGSV,2,1,08,06,64,136,47,07,50,006,46,09,84,030,47,10,59,351,43,1*70
1780409499.330,$GBGSV,2,2,08,23,44,232,32,24,22,034,43,25,76,341,49,33,61,060,49,1*7A
1780409499.331,$GBGSV,1,1,02,09,84,030,50,10,59,351,48,3*73
1780409499.332,$GBGSV,2,1,08,01,42,107,,02,63,242,,03,71,140,,04,22,097,,0*74
1780409499.332,$GBGSV,2,2,08,04,22,097,,08,16,155,,13,10,199,,14,02,128,,0*75
1780409499.333,$GNGLL,1338.99789,N,10029.56528,E,141139.00,A,D*74
1780409500.308,$GNRMC,141140.00,A,1338.99780,N,10029.56550,E,0.845,102.38,020626,0.53,W,F,V*4D
1780409500.310,$GNVTG,102.38,T,102.91,M,0.845,N,1.564,K,D*34
1780409500.312,$GNGGA,141140.00,1338.99780,N,10029.56550,E,5,12,0.80,12.5,M,-27.8,M,1.0,0499*7E
1780409500.312,$GNGSA,A,3,10,25,26,28,31,32,,,,,,,1.47,0.80,1.24,1*07
1780409500.313,$GNGSA,A,3,79,68,78,66,77,67,,,,,,,1.47,0.80,1.24,2*01
1780409500.314,$GNGSA,A,3,34,05,06,09,16,25,31,36,,,,,1.47,0.80,1.24,3*04
1780409500.314,$GNGSA,A,3,06,07,09,10,33,24,25,23,,,,,1.47,0.80,1.24,4*00
1780409500.315,$GPGSV,3,1,09,10,52,149,42,25,19,042,34,28,45,358,44,29,05,094,11,1*6B
1780409500.316,$GPGSV,3,2,09,31,51,311,45,32,42,040,45,41,64,233,49,42,70,217,46,1*65
1780409500.316,$GPGSV,3,3,09,50,56,115,43,1*59
1780409500.317,$GPGSV,1,1,01,01,12,291,31,5*5B
1780409500.318,$GPGSV,2,1,07,10,52,149,37,23,15,148,12,25,19,042,30,26,62,193,23,6*62
1780409500.319,$GPGSV,2,2,07,28,45,358,45,31,51,311,47,32,42,040,45,6*54
1780409500.320,$GPGSV,2,1,05,02,16,265,,03,03,326,,16,29,197,,27,02,201,,0*67
1780409500.320,$GPGSV,2,2,05,27,02,201,,0*54
1780409500.321,$GLGSV,2,1,06,66,30,095,25,67,42,022,47,68,12,337,26,77,36,023,39,1*71
1780409500.322,$GLGSV,2,2,06,78,80,241,49,79,26,211,21,1*78
1780409500.323,$GLGSV,2,1,05,66,30,095,23,67,42,022,47,68,12,337,35,78,80,241,48,3*76
1780409500.323,$GLGSV,2,2,05,79,26,211,21,3*44
1780409500.324,$GLGSV,1,1,03,81,02,195,,82,08,237,,83,01,285,,0*4D
1780409500.325,$GAGSV,2,1,08,05,36,347,47,06,19,074,45,09,32,052,48,16,60,100,51,2*75
1780409500.325,$GAGSV,2,2,08,25,42,182,23,31,19,046,39,34,28,279,33,36,35,217,23,2*70
1780409500.326,$GAGSV,2,1,07,05,36,347,42,06,19,074,38,09,32,052,41,16,60,100,46,7*7F
1780409500.327,$GAGSV,2,2,07,31,19,046,33,34,28,279,25,36,35,217,16,7*4A
1780409500.328,$GAGSV,1,1,03,03,08,302,,04,02,091,,11,11,171,,0*44
1780409500.328,$GBGSV,2,1,08,06,64,136,49,07,50,006,45,09,84,030,47,10,59,351,47,1*79
1780409500.329,$GBGSV,2,2,08,23,44,232,26,24,22,034,39,25,76,341,50,33,61,060,48,1*7B
1780409500.330,$GBGSV,1,1,02,09,84,030,49,10,59,351,48,3*7B
1780409500.331,$GBGSV,2,1,08,01,42,107,,02,63,242,,03,71,140,,04,22,097,,0*74
1780409500.331,$GBGSV,2,2,08,04,22,097,,08,16,155,,13,10,199,,14,02,128,,0*75
1780409500.332,$GNGLL,1338.99780,N,10029.56550,E,141140.00,A,D*7C
1780409501.308,$GNRMC,141141.00,A,1338.99773,N,10029.56575,E,0.944,101.55,020626,0.53,W,F,V*4F
1780409501.310,$GNVTG,101.55,T,102.08,M,0.944,N,1.748,K,D*30
1780409501.311,$GNGGA,141141.00,1338.99773,N,10029.56575,E,5,12,0.80,12.4,M,-27.8,M,1.0,0499*75
1780409501.312,$GNGSA,A,3,10,25,26,28,31,32,,,,,,,1.47,0.80,1.24,1*07
1780409501.313,$GNGSA,A,3,79,68,78,66,77,67,,,,,,,1.47,0.80,1.24,2*01
1780409501.313,$GNGSA,A,3,34,05,06,09,16,25,31,36,,,,,1.47,0.80,1.24,3*04
1780409501.314,$GNGSA,A,3,06,07,09,10,33,24,25,23,,,,,1.47,0.80,1.24,4*00
1780409501.315,$GPGSV,3,1,09,10,52,149,41,25,19,042,30,28,45,358,44,29,05,094,08,1*64
1780409501.316,$GPGSV,3,2,09,31,51,311,49,32,42,040,44,41,64,233,48,42,70,217,46,1*69
1780409501.316,$GPGSV,3,3,09,50,56,115,42,1*58
1780409501.317,$GPGSV,1,1,01,01,12,291,31,5*5B
1780409501.318,$GPGSV,2,1,07,10,52,149,40,23,15,148,13,25,19,042,29,26,62,193,20,6*68
1780409501.319,$GPGSV,2,2,07,28,45,358,47,31,51,311,42,32,42,040,44,6*52
1780409501.320,$GPGSV,2,1,05,02,16,265,,03,03,326,,16,29,197,,27,02,201,,0*67
1780409501.320,$GPGSV,2,2,05,27,02,201,,0*54
1780409501.321,$GLGSV,2,1,06,66,30,096,25,67,42,022,47,68,12,337,35,77,36,023,41,1*7F
1780409501.322,$GLGSV,2,2,06,78,80,241,49,79,26,211,21,1*78
1780409501.322,$GLGSV,2,1,05,66,30,096,25,67,42,022,48,68,12,337,25,78,80,241,48,3*7D
1780409501.323,$GLGSV,2,2,05,79,26,211,21,3*44
1780409501.324,$GLGSV,1,1,03,81,02,195,,82,08,237,,83,01,285,,0*4D
1780409501.325,$GAGSV,2,1,08,05,36,347,46,06,19,074,45,09,32,052,48,16,60,100,51,2*74
1780409501.326,$GAGSV,2,2,08,25,42,182,22,31,19,046,38,34,28,279,33,36,35,217,20,2*73
1780409501.326,$GAGSV,2,1,07,05,36,347,39,06,19,074,38,09,32,052,41,16,60,100,47,7*72
1780409501.327,$GAGSV,2,2,07,31,19,046,35,34,28,279,24,36,35,217,15,7*4E
1780409501.328,$GAGSV,1,1,03,03,08,302,,04,02,091,,11,11,171,,0*44
1780409501.329,$GBGSV,2,1,08,06,64,136,47,07,50,006,46,09,84,030,48,10,59,351,42,1*7E
1780409501.330,$GBGSV,2,2,08,23,44,232,26,24,22,034,42,25,76,341,50,33,61,060,48,1*77
1780409501.330,$GBGSV,1,1,02,09,84,030,49,10,59,351,48,3*7B
1780409501.331,$GBGSV,2,1,08,01,42,107,,02,63,242,,03,71,140,,04,22,097,,0*74
1780409501.332,$GBGSV,2,2,08,04,22,097,,08,16,155,,13,10,199,,14,02,128,,0*75
1780409501.332,$GNGLL,1338.99773,N,10029.56575,E,141141.00,A,D*76
1780409502.308,$GNRMC,141142.00,A,1338.99768,N,10029.56602,E,0.989,97.02,020626,0.53,W,F,V*78
1780409502.310,$GNVTG,97.02,T,97.55,M,0.989,N,1.831,K,D*39
1780409502.312,$GNGGA,141142.00,1338.99768,N,10029.56602,E,5,12,0.88,12.2,M,-27.8,M,1.0,0499*71
1780409502.312,$GNGSA,A,3,10,25,26,28,31,32,,,,,,,1.59,0.88,1.32,1*07
1780409502.313,$GNGSA,A,3,79,68,78,66,77,67,,,,,,,1.59,0.88,1.32,2*01
1780409502.314,$GNGSA,A,3,34,05,06,09,16,31,36,,,,,,1.59,0.88,1.32,3*03
1780409502.314,$GNGSA,A,3,06,07,09,10,33,24,25,23,,,,,1.59,0.88,1.32,4*00
1780409502.315,$GPGSV,3,1,09,10,52,149,42,25,19,042,22,28,45,358,43,29,05,094,08,1*63
1780409502.316,$GPGSV,3,2,09,31,51,311,43,32,42,040,47,41,64,233,48,42,70,217,47,1*61
1780409502.316,$GPGSV,3,3,09,50,56,115,42,1*58
1780409502.317,$GPGSV,1,1,01,01,12,291,30,5*5A
1780409502.318,$GPGSV,2,1,07,10,52,149,42,23,15,148,14,25,19,042,28,26,62,193,29,6*65
1780409502.318,$GPGSV,2,2,07,28,45,358,45,31,51,311,43,32,42,040,44,6*51
1780409502.319,$GPGSV,2,1,05,02,16,265,,03,03,326,,16,29,197,,27,02,201,,0*67
1780409502.320,$GPGSV,2,2,05,27,02,201,,0*54
1780409502.321,$GLGSV,2,1,06,66,30,096,25,67,43,023,47,68,12,337,30,77,36,023,41,1*7A
1780409502.321,$GLGSV,2,2,06,78,80,241,48,79,26,211,20,1*78
1780409502.322,$GLGSV,2,1,05,66,30,096,26,67,43,023,48,68,12,337,35,78,80,241,48,3*7F
1780409502.323,$GLGSV,2,2,05,79,26,211,21,3*44
1780409502.323,$GLGSV,1,1,03,81,02,195,,82,08,237,,83,01,285,,0*4D
1780409502.324,$GAGSV,2,1,08,05,36,347,45,06,19,074,44,09,32,052,49,16,60,100,51,2*77
1780409502.325,$GAGSV,2,2,08,25,42,182,19,31,19,046,38,34,28,279,32,36,35,217,21,2*7B
1780409502.326,$GAGSV,2,1,07,05,36,347,41,06,19,074,39,09,32,052,41,16,60,100,46,7*7D
1780409502.327,$GAGSV,2,2,07,31,19,046,37,34,28,279,22,36,35,217,14,7*4B
1780409502.327,$GAGSV,1,1,03,03,08,302,,04,02,091,,11,11,171,,0*44
1780409502.328,$GBGSV,2,1,08,06,64,136,48,07,50,006,46,09,84,030,47,10,59,351,47,1*7B
1780409502.329,$GBGSV,2,2,08,23,44,232,26,24,22,034,43,25,76,341,47,33,61,060,49,1*71
1780409502.329,$GBGSV,1,1,02,09,84,030,49,10,59,351,48,3*7B
1780409502.330,$GBGSV,2,1,08,01,42,107,,02,63,242,,03,71,140,,04,22,097,,0*74
1780409502.331,$GBGSV,2,2,08,04,22,097,,08,16,155,,13,10,199,,14,02,128,,0*75
1780409502.332,$GNGLL,1338.99768,N,10029.56602,E,141142.00,A,D*7C
1780409503.309,$GNRMC,141143.00,A,1338.99766,N,10029.56629,E,0.849,88.06,020626,0.53,W,F,V*79
1780409503.311,$GNVTG,88.06,T,88.59,M,0.849,N,1.572,K,D*36
1780409503.312,$GNGGA,141143.00,1338.99766,N,10029.56629,E,5,12,0.77,12.1,M,-27.8,M,1.0,0499*74
1780409503.313,$GNGSA,A,3,10,25,26,28,31,32,,,,,,,1.44,0.77,1.22,1*0A
1780409503.314,$GNGSA,A,3,79,68,78,66,77,67,,,,,,,1.44,0.77,1.22,2*0C
1780409503.314,$GNGSA,A,3,34,05,06,09,16,25,31,36,,,,,1.44,0.77,1.22,3*09
1780409503.315,$GNGSA,A,3,06,07,09,10,33,24,25,23,,,,,1.44,0.77,1.22,4*0D
1780409503.316,$GPGSV,3,1,09,10,52,149,40,25,19,042,31,28,45,358,43,29,05,094,11,1*6B
1780409503.317,$GPGSV,3,2,09,31,51,311,44,32,42,040,44,41,64,233,48,42,70,217,47,1*65
1780409503.317,$GPGSV,3,3,09,50,56,115,41,1*5B
1780409503.318,$GPGSV,1,1,01,01,12,291,28,5*53
1780409503.319,$GPGSV,2,1,07,10,52,149,42,23,15,148,16,25,19,042,28,26,62,193,29,6*67
1780409503.320,$GPGSV,2,2,07,28,45,358,46,31,51,311,46,32,42,040,45,6*56
1780409503.320,$GPGSV,2,1,05,02,16,265,,03,03,326,,16,29,197,,27,02,201,,0*67
1780409503.321,$GPGSV,2,2,05,27,02,201,,0*54
1780409503.322,$GLGSV,2,1,06,66,30,096,26,67,43,023,47,68,13,337,34,77,36,023,37,1*7D
1780409503.322,$GLGSV,2,2,06,78,80,241,48,79,26,211,20,1*78
1780409503.323,$GLGSV,2,1,05,66,30,096,25,67,43,023,47,68,13,337,37,78,80,241,48,3*70
1780409503.324,$GLGSV,2,2,05,79,26,211,21,3*44
1780409503.325,$GLGSV,1,1,03,81,02,195,,82,08,237,,83,01,285,,0*4D
1780409503.325,$GAGSV,2,1,08,05,36,347,47,06,19,074,45,09,32,052,47,16,60,100,49,2*73
1780409503.326,$GAGSV,2,2,08,25,42,182,20,31,19,046,42,34,28,279,32,36,35,217,25,2*78
1780409503.327,$GAGSV,2,1,07,05,36,347,42,06,19,074,39,09,32,052,42,16,60,100,47,7*7C
1780409503.328,$GAGSV,2,2,07,31,19,046,38,34,28,279,21,36,35,217,14,7*47
1780409503.329,$GAGSV,1,1,03,03,08,302,,04,02,091,,11,11,171,,0*44
1780409503.330,$GBGSV,2,1,08,06,64,136,47,07,50,006,46,09,84,030,47,10,59,351,44,1*77
1780409503.330,$GBGSV,2,2,08,23,44,232,26,24,22,034,44,25,76,341,48,33,61,060,50,1*71
1780409503.331,$GBGSV,1,1,02,09,84,030,49,10,59,351,48,3*7B
1780409503.332,$GBGSV,2,1,08,01,42,107,,02,63,242,,03,71,140,,04,22,097,,0*74
1780409503.333,$GBGSV,2,2,08,04,22,097,,08,16,155,,13,10,199,,14,02,128,,0*75
1780409503.333,$GNGLL,1338.99766,N,10029.56629,E,141143.00,A,D*7A
1780409504.314,$GNRMC,141144.00,A,1338.99763,N,10029.56659,E,1.151,95.21,020626,0.53,W,F,V*74
1780409504.316,$GNVTG,95.21,T,95.73,M,1.151,N,2.132,K,D*39
1780409504.317,$GNGGA,141144.00,1338.99763,N,10029.56659,E,5,12,0.88,12.0,M,-27.8,M,1.0,0499*70
1780409504.318,$GNGSA,A,3,10,25,26,28,31,32,,,,,,,1.59,0.88,1.32,1*07
1780409504.319,$GNGSA,A,3,79,68,78,66,77,67,,,,,,,1.59,0.88,1.32,2*01
1780409504.319,$GNGSA,A,3,34,05,06,09,16,31,36,,,,,,1.59,0.88,1.32,3*03
1780409504.320,$GNGSA,A,3,06,07,09,10,33,24,25,23,,,,,1.59,0.88,1.32,4*00
1780409504.321,$GPGSV,3,1,09,10,52,149,41,25,19,042,31,28,45,358,44,29,05,094,11,1*6D
1780409504.321,$GPGSV,3,2,09,31,51,311,46,32,42,040,45,41,64,233,49,42,70,217,47,1*67
1780409504.322,$GPGSV,3,3,09,50,56,115,43,1*59
1780409504.323,$GPGSV,1,1,01,01,12,291,28,5*53
1780409504.324,$GPGSV,2,1,07,10,52,149,38,23,15,148,15,25,19,042,34,26,62,193,29,6*64
1780409504.324,$GPGSV,2,2,07,28,45,358,46,31,51,311,47,32,42,040,44,6*56
1780409504.325,$GPGSV,2,1,05,02,16,265,,03,03,326,,16,29,197,,27,02,201,,0*67
1780409504.325,$GPGSV,2,2,05,27,02,201,,0*54
1780409504.326,$GLGSV,2,1,06,66,30,096,26,67,43,023,48,68,13,337,34,77,36,023,39,1*7C
1780409504.326,$GLGSV,2,2,06,78,80,241,48,79,26,211,20,1*78
1780409504.327,$GLGSV,2,1,05,66,30,096,25,67,43,023,48,68,13,337,26,78,80,241,48,3*7F
1780409504.327,$GLGSV,2,2,05,79,26,211,18,3*4E
1780409504.328,$GLGSV,1,1,03,81,02,195,,82,08,237,,83,01,285,,0*4D
1780409504.329,$GAGSV,2,1,08,05,36,347,45,06,19,074,44,09,32,052,48,16,60,100,50,2*77
1780409504.329,$GAGSV,2,2,08,25,42,182,19,31,19,046,43,34,28,279,33,36,35,217,25,2*72
1780409504.330,$GAGSV,2,1,07,05,36,347,41,06,19,074,39,09,32,052,43,16,60,100,46,7*7F
1780409504.331,$GAGSV,2,2,07,31,19,046,38,34,28,279,21,36,35,217,17,7*44
1780409504.331,$GAGSV,1,1,03,03,08,302,,04,02,091,,11,11,171,,0*44
1780409504.332,$GBGSV,2,1,08,06,64,136,48,07,50,006,47,09,84,030,46,10,59,351,44,1*78
1780409504.333,$GBGSV,2,2,08,23,44,232,25,24,22,034,40,25,76,341,49,33,61,060,49,1*7F
1780409504.333,$GBGSV,1,1,02,09,84,030,49,10,59,351,48,3*7B
1780409504.334,$GBGSV,2,1,08,01,42,107,,02,63,242,,03,71,140,,04,22,097,,0*74
1780409504.334,$GBGSV,2,2,08,04,22,097,,08,16,155,,13,10,199,,14,02,128,,0*75
1780409504.335,$GNGLL,1338.99763,N,10029.56659,E,141144.00,A,D*7F
1780409505.303,$GNRMC,141145.00,A,1338.99762,N,10029.56695,E,1.333,87.24,020626,0.53,W,F,V*74
1780409505.305,$GNVTG,87.24,T,87.77,M,1.333,N,2.470,K,D*3D
1780409505.308,$GNGGA,141145.00,1338.99762,N,10029.56695,E,5,12,0.80,11.8,M,-27.8,M,1.0,0499*73
1780409505.309,$GNGSA,A,3,10,25,26,28,31,32,,,,,,,1.48,0.80,1.24,1*08
1780409505.311,$GNGSA,A,3,68,78,66,77,67,,,,,,,,1.48,0.80,1.24,2*00
1780409505.312,$GNGSA,A,3,34,05,06,09,16,25,31,36,,,,,1.48,0.80,1.24,3*0B
1780409505.314,$GNGSA,A,3,06,07,09,10,33,24,25,23,,,,,1.48,0.80,1.24,4*0F
1780409505.316,$GPGSV,3,1,09,10,52,149,40,25,19,042,31,28,45,358,43,29,05,094,12,1*68
1780409505.318,$GPGSV,3,2,09,31,51,311,48,32,42,040,45,41,64,233,49,42,70,217,46,1*68
1780409505.319,$GPGSV,3,3,09,50,56,115,42,1*58
1780409505.320,$GPGSV,1,1,01,01,12,291,29,5*52
1780409505.322,$GPGSV,2,1,07,10,52,149,39,23,15,148,14,25,19,042,33,26,62,193,26,6*6C
1780409505.322,$GPGSV,2,2,07,28,45,358,46,31,51,311,46,32,42,040,43,6*50
1780409505.323,$GPGSV,2,1,05,02,16,265,,03,03,326,,16,29,197,,27,02,201,,0*67
1780409505.323,$GPGSV,2,2,05,27,02,201,,0*54
1780409505.324,$GLGSV,2,1,06,66,30,096,24,67,43,023,48,68,13,337,30,77,36,023,41,1*75
1780409505.325,$GLGSV,2,2,06,78,80,241,48,79,26,211,18,1*73
1780409505.325,$GLGSV,2,1,05,66,30,096,24,67,43,023,46,68,13,337,37,78,80,241,49,3*71
1780409505.326,$GLGSV,2,2,05,79,26,211,17,3*41
1780409505.326,$GLGSV,1,1,03,81,02,195,,82,08,237,,83,01,285,,0*4D
1780409505.327,$GAGSV,2,1,08,05,36,347,46,06,19,074,45,09,32,052,47,16,60,100,50,2*7A
1780409505.328,$GAGSV,2,2,08,25,42,182,20,31,19,046,42,34,28,279,35,36,35,217,25,2*7F
1780409505.328,$GAGSV,2,1,07,05,36,347,41,06,19,074,40,09,32,052,41,16,60,100,46,7*73
1780409505.329,$GAGSV,2,2,07,31,19,046,38,34,28,279,22,36,35,217,16,7*46
1780409505.329,$GAGSV,1,1,03,03,08,302,,04,02,091,,11,11,171,,0*44
1780409505.330,$GBGSV,2,1,08,06,64,136,48,07,50,006,44,09,84,030,47,10,59,351,45,1*7B
1780409505.331,$GBGSV,2,2,08,23,44,232,27,24,22,034,39,25,76,341,49,33,61,060,49,1*73
1780409505.331,$GBGSV,1,1,02,09,84,030,49,10,59,351,47,3*74
1780409505.332,$GBGSV,2,1,08,01,42,107,,02,63,242,,03,71,140,,04,22,097,,0*74
1780409505.333,$GBGSV,2,2,08,04,22,097,,08,16,155,,13,10,199,,14,02,128,,0*75
1780409505.333,$GNGLL,1338.99762,N,10029.56695,E,141145.00,A,D*7F
1780409506.306,$GNRMC,141146.00,A,1338.99763,N,10029.56733,E,1.298,86.41,020626,0.53,W,F,V*79
1780409506.308,$GNVTG,86.41,T,86.94,M,1.298,N,2.403,K,D*37
1780409506.309,$GNGGA,141146.00,1338.99763,N,10029.56733,E,5,12,0.80,11.7,M,-27.8,M,1.0,0499*73
1780409506.310,$GNGSA,A,3,10,25,26,28,31,32,,,,,,,1.48,0.80,1.24,1*08
1780409506.310,$GNGSA,A,3,68,78,66,77,67,,,,,,,,1.48,0.80,1.24,2*00
1780409506.311,$GNGSA,A,3,34,05,06,09,16,25,31,36,,,,,1.48,0.80,1.24,3*0B
1780409506.311,$GNGSA,A,3,06,07,09,10,33,24,25,23,,,,,1.48,0.80,1.24,4*0F
1780409506.312,$GPGSV,3,1,09,10,52,149,40,25,19,042,29,28,45,358,44,29,05,094,10,1*64
1780409506.313,$GPGSV,3,2,09,31,51,311,46,32,42,040,47,41,64,233,48,42,70,217,47,1*64
1780409506.313,$GPGSV,3,3,09,50,56,115,41,1*5B
1780409506.313,$GPGSV,1,1,01,01,12,291,28,5*53
1780409506.314,$GPGSV,2,1,07,10,52,149,37,23,15,148,13,25,19,042,32,26,62,193,34,6*67
1780409506.315,$GPGSV,2,2,07,28,45,358,46,31,51,311,45,32,42,040,44,6*54
1780409506.315,$GPGSV,2,1,05,02,16,265,,03,03,326,,16,29,197,,27,02,201,,0*67
1780409506.316,$GPGSV,2,2,05,27,02,201,,0*54
1780409506.317,$GLGSV,2,1,06,66,30,096,24,67,43,023,48,68,13,337,32,77,36,023,40,1*76
1780409506.317,$GLGSV,2,2,06,78,80,241,48,79,26,211,17,1*7C
1780409506.318,$GLGSV,2,1,05,66,30,096,24,67,43,023,47,68,13,337,27,78,80,241,49,3*71
1780409506.318,$GLGSV,2,2,05,79,26,211,18,3*4E
1780409506.319,$GLGSV,1,1,03,81,02,195,,82,08,237,,83,01,285,,0*4D
1780409506.319,$GAGSV,2,1,08,05,36,347,47,06,19,074,45,09,32,052,47,16,60,100,51,2*7A
1780409506.320,$GAGSV,2,2,08,25,42,182,22,31,19,046,42,34,28,279,34,36,35,217,22,2*7B
1780409506.321,$GAGSV,2,1,07,05,36,347,41,06,19,074,40,09,32,052,41,16,60,100,46,7*73
1780409506.321,$GAGSV,2,2,07,31,19,046,40,34,28,279,24,36,35,217,15,7*4C
1780409506.322,$GAGSV,1,1,03,03,08,302,,04,02,091,,11,11,171,,0*44
1780409506.322,$GBGSV,2,1,08,06,64,136,49,07,50,006,46,09,84,030,47,10,59,351,45,1*78
1780409506.323,$GBGSV,2,2,08,23,44,232,29,24,22,034,39,25,76,341,49,33,61,060,49,1*7D
1780409506.324,$GBGSV,1,1,02,09,84,030,49,10,59,351,49,3*7A
1780409506.324,$GBGSV,2,1,08,01,42,107,,02,63,242,,03,71,140,,04,22,097,,0*74
1780409506.325,$GBGSV,2,2,08,04,22,097,,08,16,155,,13,10,199,,14,02,128,,0*75
1780409506.325,$GNGLL,1338.99763,N,10029.56733,E,141146.00,A,D*70
1780409507.309,$GNRMC,141147.00,A,1338.99765,N,10029.56767,E,1.071,82.47,020626,0.53,W,F,V*78
1780409507.311,$GNVTG,82.47,T,83.00,M,1.071,N,1.983,K,D*3E
1780409507.313,$GNGGA,141147.00,1338.99765,N,10029.56767,E,5,12,0.77,11.5,M,-27.8,M,1.0,0499*7F
1780409507.313,$GNGSA,A,3,10,25,26,28,31,32,,,,,,,1.44,0.77,1.22,1*0A
1780409507.314,$GNGSA,A,3,68,78,66,77,67,,,,,,,,1.44,0.77,1.22,2*02
1780409507.315,$GNGSA,A,3,34,05,06,09,16,25,31,,,,,,1.44,0.77,1.22,3*0C
1780409507.316,$GNGSA,A,3,06,07,09,10,33,24,25,23,,,,,1.44,0.77,1.22,4*0D
1780409507.317,$GPGSV,3,1,09,10,52,149,39,25,19,042,34,28,45,358,43,29,05,094,08,1*68
1780409507.318,$GPGSV,3,2,09,31,51,311,39,32,42,040,47,41,64,233,48,42,70,217,47,1*6C
1780409507.318,$GPGSV,3,3,09,50,56,115,42,1*58
1780409507.319,$GPGSV,1,1,01,01,12,291,27,5*5C
1780409507.320,$GPGSV,2,1,07,10,52,149,37,23,15,148,13,25,19,042,27,26,62,193,35,6*62
1780409507.321,$GPGSV,2,2,07,28,45,358,46,31,51,311,44,32,42,040,45,6*54
1780409507.322,$GPGSV,2,1,05,02,16,265,,03,03,326,,16,29,197,,27,02,201,,0*67
1780409507.323,$GPGSV,2,2,05,27,02,201,,0*54
1780409507.324,$GLGSV,2,1,06,66,30,096,25,67,43,023,46,68,13,337,28,77,36,023,43,1*71
1780409507.324,$GLGSV,2,2,06,78,80,241,48,79,26,211,19,1*72
1780409507.326,$GLGSV,2,1,05,66,30,096,24,67,43,023,47,68,13,337,26,78,80,241,49,3*70
1780409507.326,$GLGSV,2,2,05,79,26,211,19,3*4F
1780409507.328,$GLGSV,1,1,03,81,02,195,,82,08,237,,83,01,285,,0*4D
1780409507.330,$GAGSV,2,1,08,05,36,347,46,06,19,074,44,09,32,052,46,16,60,100,51,2*7B
1780409507.331,$GAGSV,2,2,08,25,42,182,21,31,19,046,43,34,28,279,34,36,35,217,19,2*71
1780409507.332,$GAGSV,2,1,07,05,36,347,41,06,19,074,40,09,32,052,43,16,60,100,47,7*70
1780409507.333,$GAGSV,2,2,07,31,19,046,38,34,28,279,24,36,35,217,12,7*44
1780409507.334,$GAGSV,1,1,03,03,08,302,,04,02,091,,11,11,171,,0*44
1780409507.335,$GBGSV,2,1,08,06,64,136,47,07,50,006,43,09,84,030,47,10,59,351,45,1*73
1780409507.336,$GBGSV,2,2,08,23,44,232,29,24,22,034,38,25,76,341,49,33,61,060,49,1*7C
1780409507.337,$GBGSV,1,1,02,09,84,030,49,10,59,351,47,3*74
1780409507.338,$GBGSV,2,1,08,01,42,107,,02,63,242,,03,71,140,,04,22,097,,0*74
1780409507.338,$GBGSV,2,2,08,04,22,097,,08,16,155,,13,10,199,,14,02,128,,0*75
1780409507.339,$GNGLL,1338.99765,N,10029.56767,E,141147.00,A,D*76
1780409508.304,$GNRMC,141148.00,A,1338.99767,N,10029.56797,E,1.060,76.84,020626,0.53,W,F,V*7E
1780409508.307,$GNVTG,76.84,T,77.37,M,1.060,N,1.964,K,D*3C
1780409508.309,$GNGGA,141148.00,1338.99767,N,10029.56797,E,5,12,0.80,11.3,M,-27.8,M,1.0,0499*73
1780409508.310,$GNGSA,A,3,10,25,26,28,31,32,,,,,,,1.48,0.80,1.24,1*08
1780409508.312,$GNGSA,A,3,68,78,66,77,67,,,,,,,,1.48,0.80,1.24,2*00
1780409508.313,$GNGSA,A,3,34,05,06,09,16,25,31,,,,,,1.48,0.80,1.24,3*0E
1780409508.315,$GNGSA,A,3,06,07,09,10,33,24,25,23,,,,,1.48,0.80,1.24,4*0F
1780409508.316,$GPGSV,3,1,09,02,16,265,25,10,52,149,32,25,19,042,33,28,45,358,44,1*6B
1780409508.319,$GPGSV,3,2,09,31,51,311,49,32,42,040,47,41,64,233,48,42,70,217,47,1*6B
1780409508.320,$GPGSV,3,3,09,50,56,115,42,1*58
1780409508.322,$GPGSV,1,1,01,01,12,291,32,5*58
1780409508.324,$GPGSV,2,1,07,10,52,149,32,23,15,148,13,25,19,042,37,26,62,193,31,6*62
1780409508.324,$GPGSV,2,2,07,28,45,358,48,31,51,311,43,32,42,040,44,6*5C
1780409508.325,$GPGSV,2,1,05,03,03,326,,16,29,197,,27,02,201,,29,05,094,,0*60
1780409508.325,$GPGSV,2,2,05,29,05,094,,0*53
1780409508.326,$GLGSV,2,1,06,66,30,096,25,67,43,023,48,68,13,337,38,77,36,023,40,1*7D
1780409508.326,$GLGSV,2,2,06,78,80,241,48,79,26,211,17,1*7C
1780409508.327,$GLGSV,2,1,05,66,30,096,24,67,43,023,48,68,13,337,37,78,80,241,49,3*7F
1780409508.328,$GLGSV,2,2,05,79,26,211,18,3*4E
1780409508.328,$GLGSV,1,1,03,81,02,195,,82,08,237,,83,01,285,,0*4D
1780409508.329,$GAGSV,2,1,08,05,36,347,49,06,19,074,43,09,32,052,46,16,60,100,53,2*71
1780409508.330,$GAGSV,2,2,08,25,42,182,20,31,19,046,42,34,28,279,36,36,35,217,17,2*7D
1780409508.330,$GAGSV,2,1,07,05,36,347,41,06,19,074,40,09,32,052,43,16,60,100,47,7*70
1780409508.331,$GAGSV,2,2,07,31,19,046,38,34,28,279,26,36,35,217,13,7*47
1780409508.331,$GAGSV,1,1,03,03,08,302,,04,02,091,,11,11,171,,0*44
1780409508.332,$GBGSV,2,1,08,06,64,136,48,07,50,006,46,09,84,030,48,10,59,351,45,1*76
1780409508.333,$GBGSV,2,2,08,23,44,232,27,24,22,034,36,25,76,341,49,33,61,060,49,1*7C
1780409508.333,$GBGSV,1,1,02,09,84,030,49,10,59,351,48,3*7B
1780409508.334,$GBGSV,2,1,08,01,42,107,,02,63,242,,03,71,140,,04,22,097,,0*74
1780409508.334,$GBGSV,2,2,08,04,22,097,,08,16,155,,13,10,199,,14,02,128,,0*75
1780409508.335,$GNGLL,1338.99767,N,10029.56797,E,141148.00,A,D*74
1780409509.307,$GNRMC,141149.00,A,1338.99770,N,10029.56817,E,0.321,84.58,020626,0.53,W,F,V*75
1780409509.309,$GNVTG,84.58,T,85.11,M,0.321,N,0.595,K,D*3D
1780409509.310,$GNGGA,141149.00,1338.99770,N,10029.56817,E,5,12,0.80,11.2,M,-27.8,M,1.0,0499*72
1780409509.311,$GNGSA,A,3,10,25,26,28,31,32,,,,,,,1.48,0.80,1.24,1*08
1780409509.312,$GNGSA,A,3,68,78,66,77,67,,,,,,,,1.48,0.80,1.24,2*00
1780409509.312,$GNGSA,A,3,34,05,06,09,16,25,31,,,,,,1.48,0.80,1.24,3*0E
1780409509.313,$GNGSA,A,3,06,07,09,10,33,24,25,23,,,,,1.48,0.80,1.24,4*0F
1780409509.313,$GPGSV,3,1,09,02,16,265,24,10,52,149,26,25,19,042,34,28,45,358,45,1*69
1780409509.314,$GPGSV,3,2,09,31,51,311,42,32,42,040,46,41,64,233,47,42,70,217,47,1*6E
1780409509.314,$GPGSV,3,3,09,50,56,115,44,1*5E
1780409509.315,$GPGSV,1,1,01,01,12,291,28,5*53
1780409509.316,$GPGSV,2,1,07,10,52,149,26,23,15,148,14,25,19,042,34,26,62,193,30,6*62
1780409509.316,$GPGSV,2,2,07,28,45,358,44,31,51,311,46,32,42,040,43,6*52
1780409509.317,$GPGSV,2,1,05,03,03,326,,16,29,197,,27,02,201,,29,05,094,,0*60
1780409509.317,$GPGSV,2,2,05,29,05,094,,0*53
1780409509.318,$GLGSV,2,1,06,66,30,096,25,67,43,023,45,68,13,337,28,77,36,023,41,1*70
1780409509.318,$GLGSV,2,2,06,78,80,241,48,79,26,211,18,1*73
1780409509.319,$GLGSV,2,1,05,66,30,096,22,67,43,023,46,68,13,337,33,78,80,241,48,3*72
1780409509.319,$GLGSV,2,2,05,79,26,211,19,3*4F
1780409509.320,$GLGSV,1,1,03,81,02,195,,82,08,237,,83,01,285,,0*4D
1780409509.320,$GAGSV,2,1,08,05,36,347,47,06,19,074,42,09,32,052,47,16,60,100,51,2*7D
1780409509.321,$GAGSV,2,2,08,25,42,182,22,31,19,046,44,34,28,279,32,36,35,217,19,2*73
1780409509.322,$GAGSV,2,1,07,05,36,347,40,06,19,074,39,09,32,052,41,16,60,100,45,7*7F
1780409509.322,$GAGSV,2,2,07,31,19,046,38,34,28,279,35,36,35,217,13,7*45
1780409509.323,$GAGSV,1,1,03,03,08,302,,04,02,091,,11,11,171,,0*44
1780409509.323,$GBGSV,2,1,08,06,64,136,48,07,50,006,45,09,84,030,47,10,59,351,45,1*7A
1780409509.324,$GBGSV,2,2,08,23,44,232,32,24,22,034,30,25,76,341,49,33,61,060,47,1*70
1780409509.324,$GBGSV,1,1,02,09,84,030,49,10,59,351,47,3*74
1780409509.325,$GBGSV,2,1,08,01,42,107,,02,63,242,,03,71,140,,04,22,097,,0*74
1780409509.325,$GBGSV,2,2,08,04,22,097,,08,16,155,,13,10,199,,14,02,128,,0*75
1780409509.326,$GNGLL,1338.99770,N,10029.56817,E,141149.00,A,D*74
1780409510.308,$GNRMC,141150.00,A,1338.99769,N,10029.56818,E,0.050,,020626,0.53,W,F,V*50
1780409510.310,$GNVTG,,T,,M,0.050,N,0.092,K,D*36
1780409510.311,$GNGGA,141150.00,1338.99769,N,10029.56818,E,5,12,0.80,11.0,M,-27.8,M,1.0,0499*7F
1780409510.312,$GNGSA,A,3,10,25,26,28,31,32,,,,,,,1.48,0.80,1.24,1*08
1780409510.312,$GNGSA,A,3,68,78,66,77,67,,,,,,,,1.48,0.80,1.24,2*00
1780409510.313,$GNGSA,A,3,34,05,06,09,16,25,31,36,,,,,1.48,0.80,1.24,3*0B
1780409510.313,$GNGSA,A,3,06,07,09,10,33,24,25,23,,,,,1.48,0.80,1.24,4*0F
1780409510.314,$GPGSV,3,1,10,02,16,265,20,10,52,149,27,25,19,042,33,26,62,193,31,1*6E
1780409510.315,$GPGSV,3,2,10,28,45,358,45,31,51,311,41,32,42,040,47,41,64,233,47,1*66
1780409510.315,$GPGSV,3,3,10,42,70,217,47,50,56,115,42,1*66
1780409510.316,$GPGSV,1,1,01,01,12,291,28,5*53
1780409510.316,$GPGSV,2,1,07,10,52,149,28,23,15,148,15,25,19,042,32,26,62,193,29,6*63
1780409510.317,$GPGSV,2,2,07,28,45,358,42,31,51,311,47,32,42,040,44,6*52
1780409510.317,$GPGSV,2,1,05,03,03,326,,16,29,197,,27,02,201,,29,05,094,,0*60
1780409510.318,$GPGSV,2,2,05,29,05,094,,0*53
1780409510.318,$GLGSV,2,1,06,66,30,096,23,67,43,023,43,68,13,337,26,77,36,023,41,1*7E
1780409510.319,$GLGSV,2,2,06,78,80,241,49,79,26,211,15,1*7F
1780409510.320,$GLGSV,2,1,05,66,30,096,21,67,43,023,47,68,13,337,28,78,80,241,48,3*7A
1780409510.320,$GLGSV,2,2,05,79,26,211,16,3*40
1780409510.321,$GLGSV,1,1,03,81,02,195,,82,08,237,,83,01,285,,0*4D
1780409510.321,$GAGSV,2,1,08,05,36,347,48,06,19,074,43,09,32,052,47,16,60,100,50,2*72
1780409510.322,$GAGSV,2,2,08,25,42,182,23,31,19,046,42,34,28,279,27,36,35,217,22,2*78
1780409510.323,$GAGSV,2,1,07,05,36,347,40,06,19,074,39,09,32,052,41,16,60,100,44,7*7E
1780409510.323,$GAGSV,2,2,07,31,19,046,36,34,28,279,33,36,35,217,13,7*4D
1780409510.324,$GAGSV,1,1,03,03,08,302,,04,02,091,,11,11,171,,0*44
1780409510.325,$GBGSV,2,1,08,06,64,136,48,07,50,006,46,09,84,030,47,10,59,351,45,1*79
1780409510.325,$GBGSV,2,2,08,23,44,232,27,24,22,034,29,25,76,341,49,33,61,060,47,1*7C
1780409510.326,$GBGSV,1,1,02,09,84,030,49,10,59,351,47,3*74
1780409510.326,$GBGSV,2,1,08,01,42,107,,02,63,242,,03,71,140,,04,22,097,,0*74
1780409510.327,$GBGSV,2,2,08,04,22,097,,08,16,155,,13,10,199,,14,02,128,,0*75
1780409510.327,$GNGLL,1338.99769,N,10029.56818,E,141150.00,A,D*7B
1780409511.305,$GNRMC,141151.00,A,1338.99768,N,10029.56817,E,0.035,,020626,0.53,W,F,V*5C
1780409511.307,$GNVTG,,T,,M,0.035,N,0.065,K,D*3D
1780409511.308,$GNGGA,141151.00,1338.99768,N,10029.56817,E,5,12,0.80,10.9,M,-27.8,M,1.0,0499*78
1780409511.309,$GNGSA,A,3,10,25,26,28,31,32,,,,,,,1.48,0.80,1.24,1*08
1780409511.309,$GNGSA,A,3,68,78,66,77,67,,,,,,,,1.48,0.80,1.24,2*00
1780409511.310,$GNGSA,A,3,34,05,06,09,16,25,31,36,,,,,1.48,0.80,1.24,3*0B
1780409511.310,$GNGSA,A,3,06,07,09,10,33,24,25,23,,,,,1.48,0.80,1.24,4*0F
1780409511.311,$GPGSV,3,1,10,02,16,265,18,10,52,149,28,25,19,042,32,26,62,193,30,1*6A
1780409511.312,$GPGSV,3,2,10,28,45,358,45,31,51,311,40,32,42,040,47,41,64,233,48,1*68
1780409511.312,$GPGSV,3,3,10,42,70,217,48,50,56,115,41,1*6A
1780409511.312,$GPGSV,1,1,01,01,12,291,27,5*5C
1780409511.313,$GPGSV,2,1,07,10,52,149,28,23,15,148,15,25,19,042,32,26,62,193,27,6*6D
1780409511.314,$GPGSV,2,2,07,28,45,358,42,31,51,311,47,32,42,040,44,6*52
1780409511.314,$GPGSV,2,1,05,03,03,326,,16,29,197,,27,02,201,,29,05,094,,0*60
1780409511.315,$GPGSV,2,2,05,29,05,094,,0*53
1780409511.315,$GLGSV,2,1,06,66,30,096,21,67,43,023,44,68,13,337,24,77,36,023,41,1*79
1780409511.316,$GLGSV,2,2,06,78,80,241,49,79,26,211,10,1*7A
1780409511.316,$GLGSV,2,1,05,66,30,096,19,67,43,023,47,68,13,337,28,78,80,241,48,3*71
1780409511.317,$GLGSV,2,2,05,79,26,211,13,3*45
1780409511.317,$GLGSV,1,1,03,81,02,195,,82,08,237,,83,01,285,,0*4D
1780409511.318,$GAGSV,2,1,08,05,36,347,48,06,19,074,43,09,32,052,47,16,60,100,51,2*73
1780409511.319,$GAGSV,2,2,08,25,42,182,25,31,19,046,42,34,28,279,27,36,35,217,25,2*79
1780409511.319,$GAGSV,2,1,07,05,36,347,40,06,19,074,39,09,32,052,41,16,60,100,44,7*7E
1780409511.320,$GAGSV,2,2,07,31,19,046,37,34,28,279,33,36,35,217,11,7*4E
1780409511.321,$GAGSV,1,1,03,03,08,302,,04,02,091,,11,11,171,,0*44
1780409511.322,$GBGSV,2,1,08,06,64,136,48,07,50,006,46,09,84,030,47,10,59,351,45,1*79
1780409511.323,$GBGSV,2,2,08,23,44,232,29,24,22,034,29,25,76,341,49,33,61,060,47,1*72
1780409511.323,$GBGSV,1,1,02,09,84,030,49,10,59,351,47,3*74
1780409511.324,$GBGSV,2,1,08,01,42,107,,02,63,242,,03,71,140,,04,22,097,,0*74
1780409511.324,$GBGSV,2,2,08,04,22,097,,08,16,155,,13,10,199,,14,02,128,,0*75
1780409511.325,$GNGLL,1338.99768,N,10029.56817,E,141151.00,A,D*74
1780409512.308,$GNRMC,141152.00,A,1338.99769,N,10029.56818,E,0.121,,020626,0.53,W,F,V*55
1780409512.310,$GNVTG,,T,,M,0.121,N,0.224,K,D*3E
1780409512.312,$GNGGA,141152.00,1338.99769,N,10029.56818,E,5,12,0.80,10.8,M,-27.8,M,1.0,0499*74
1780409512.312,$GNGSA,A,3,10,25,26,28,31,32,,,,,,,1.48,0.80,1.24,1*08
1780409512.313,$GNGSA,A,3,68,78,66,77,67,,,,,,,,1.48,0.80,1.24,2*00
1780409512.313,$GNGSA,A,3,34,05,06,09,16,25,31,36,,,,,1.48,0.80,1.24,3*0B
1780409512.314,$GNGSA,A,3,06,07,09,10,33,24,25,23,,,,,1.48,0.80,1.24,4*0F
1780409512.314,$GPGSV,3,1,10,02,16,265,16,10,52,149,29,25,19,042,32,26,62,193,30,1*65
1780409512.315,$GPGSV,3,2,10,28,45,358,45,31,51,311,40,32,42,040,47,41,64,233,48,1*68
1780409512.315,$GPGSV,3,3,10,42,70,217,47,50,56,115,41,1*65
1780409512.316,$GPGSV,1,1,01,01,12,291,27,5*5C
1780409512.316,$GPGSV,2,1,07,10,52,149,29,23,15,148,16,25,19,042,32,26,62,193,27,6*6F
1780409512.317,$GPGSV,2,2,07,28,45,358,43,31,51,311,48,32,42,040,44,6*5C
1780409512.318,$GPGSV,2,1,05,03,03,326,,16,29,197,,27,02,201,,29,05,094,,0*60
1780409512.318,$GPGSV,2,2,05,29,05,094,,0*53
1780409512.319,$GLGSV,2,1,06,66,30,096,20,67,43,023,44,68,13,337,24,77,35,023,41,1*7B
1780409512.319,$GLGSV,2,2,06,78,80,241,49,79,26,211,08,1*73
1780409512.320,$GLGSV,2,1,05,66,30,096,18,67,43,023,47,68,13,337,27,78,80,241,48,3*7F
1780409512.320,$GLGSV,2,2,05,79,26,211,09,3*4E
1780409512.321,$GLGSV,1,1,03,81,02,195,,82,08,237,,83,01,285,,0*4D
1780409512.321,$GAGSV,2,1,08,05,36,347,48,06,19,074,43,09,32,052,47,16,60,100,50,2*72
1780409512.322,$GAGSV,2,2,08,25,42,182,25,31,19,046,42,34,28,279,27,36,35,217,26,2*7A
1780409512.323,$GAGSV,2,1,07,05,36,347,40,06,19,074,39,09,32,052,41,16,60,100,45,7*7F
1780409512.323,$GAGSV,2,2,07,31,19,046,36,34,28,279,33,36,35,217,10,7*4E
1780409512.324,$GAGSV,1,1,03,03,08,302,,04,02,091,,11,11,171,,0*44
1780409512.325,$GBGSV,2,1,08,06,64,136,48,07,50,006,46,09,84,030,47,10,59,351,45,1*79
1780409512.325,$GBGSV,2,2,08,23,44,232,29,24,22,034,29,25,76,341,49,33,61,060,47,1*72
1780409512.326,$GBGSV,1,1,02,09,84,030,49,10,59,351,47,3*74
1780409512.326,$GBGSV,2,1,08,01,42,107,,02,63,242,,03,71,140,,04,22,097,,0*74
1780409512.327,$GBGSV,2,2,08,04,22,097,,08,16,155,,13,10,199,,14,02,128,,0*75
1780409512.327,$GNGLL,1338.99769,N,10029.56818,E,141152.00,A,D*79
1780409513.309,$GNRMC,141153.00,A,1338.99773,N,10029.56830,E,0.773,76.62,020626,0.53,W,F,V*7F
1780409513.311,$GNVTG,76.62,T,77.15,M,0.773,N,1.432,K,D*3E
1780409513.312,$GNGGA,141153.00,1338.99773,N,10029.56830,E,5,12,0.80,10.8,M,-27.8,M,1.0,0499*74
1780409513.313,$GNGSA,A,3,10,25,26,28,31,32,,,,,,,1.48,0.80,1.24,1*08
1780409513.314,$GNGSA,A,3,68,78,66,77,67,,,,,,,,1.48,0.80,1.24,2*00
1780409513.314,$GNGSA,A,3,34,05,06,09,16,25,31,36,,,,,1.48,0.80,1.24,3*0B
1780409513.315,$GNGSA,A,3,06,07,09,10,33,24,25,23,,,,,1.48,0.80,1.24,4*0F
1780409513.315,$GPGSV,3,1,10,02,16,265,17,10,52,149,20,25,19,042,26,26,62,193,32,1*6A
1780409513.316,$GPGSV,3,2,10,28,45,358,43,31,51,311,46,32,42,040,45,41,64,233,49,1*6B
1780409513.317,$GPGSV,3,3,10,42,70,217,47,50,56,115,42,1*66
1780409513.317,$GPGSV,1,1,01,01,12,291,28,5*53
1780409513.318,$GPGSV,2,1,07,10,52,149,29,23,15,148,15,25,19,042,36,26,62,193,32,6*6C
1780409513.319,$GPGSV,2,2,07,28,45,358,45,31,51,311,46,32,42,040,44,6*54
1780409513.319,$GPGSV,2,1,05,03,03,326,,16,29,197,,27,02,201,,29,05,094,,0*60
1780409513.320,$GPGSV,2,2,05,29,05,094,,0*53
1780409513.320,$GLGSV,2,1,06,66,30,096,23,67,43,023,46,68,13,337,25,77,35,023,41,1*7B
1780409513.321,$GLGSV,2,2,06,78,80,247,49,79,26,211,12,1*7E
1780409513.322,$GLGSV,1,1,04,66,30,096,19,67,43,023,46,68,13,337,35,78,80,247,48,3*78
1780409513.322,$GLGSV,1,1,03,81,02,195,,82,08,237,,83,01,285,,0*4D
1780409513.323,$GAGSV,2,1,08,05,36,347,47,06,19,074,43,09,32,052,47,16,60,100,51,2*7C
1780409513.324,$GAGSV,2,2,08,25,42,182,24,31,19,046,44,34,28,279,28,36,35,217,26,2*72
1780409513.324,$GAGSV,2,1,07,05,36,347,41,06,19,074,39,09,32,052,43,16,60,100,46,7*7F
1780409513.325,$GAGSV,2,2,07,31,19,046,39,34,28,279,34,36,35,217,11,7*47
1780409513.326,$GAGSV,1,1,03,03,08,302,,04,02,091,,11,11,171,,0*44
1780409513.326,$GBGSV,2,1,08,06,64,136,47,07,50,006,46,09,84,030,47,10,59,351,45,1*76
1780409513.327,$GBGSV,2,2,08,23,44,232,22,24,22,034,29,25,76,341,49,33,61,060,48,1*76
1780409513.327,$GBGSV,1,1,02,09,84,030,49,10,59,351,47,3*74
1780409513.328,$GBGSV,2,1,08,01,42,107,,02,63,242,,03,71,140,,04,22,097,,0*74
1780409513.329,$GBGSV,2,2,08,04,22,097,,08,16,155,,13,10,199,,14,02,128,,0*75
1780409513.330,$GNGLL,1338.99773,N,10029.56830,E,141153.00,A,D*79
1780409514.301,$GNRMC,141154.00,A,1338.99780,N,10029.56854,E,0.930,75.69,020626,0.53,W,F,V*77
1780409514.303,$GNVTG,75.69,T,76.22,M,0.930,N,1.722,K,D*38
1780409514.304,$GNGGA,141154.00,1338.99780,N,10029.56854,E,5,12,0.80,10.7,M,-27.8,M,1.0,0499*72
1780409514.305,$GNGSA,A,3,10,25,26,28,31,32,,,,,,,1.48,0.80,1.24,1*08
1780409514.306,$GNGSA,A,3,68,78,66,77,67,,,,,,,,1.48,0.80,1.24,2*00
1780409514.307,$GNGSA,A,3,34,05,06,09,16,25,31,36,,,,,1.48,0.80,1.24,3*0B
1780409514.308,$GNGSA,A,3,06,07,09,10,33,24,25,23,,,,,1.48,0.80,1.24,4*0F
1780409514.309,$GPGSV,3,1,10,02,16,265,18,10,52,149,36,25,19,042,34,26,62,193,35,1*66
1780409514.309,$GPGSV,3,2,10,28,45,358,44,31,51,311,47,32,42,040,47,41,64,233,47,1*61
1780409514.310,$GPGSV,3,3,10,42,70,217,47,50,56,115,43,1*67
1780409514.310,$GPGSV,1,1,01,01,12,291,28,5*53
1780409514.311,$GPGSV,2,1,07,10,52,149,29,23,15,148,15,25,19,042,36,26,62,193,35,6*6B
1780409514.312,$GPGSV,2,2,07,28,45,358,44,31,51,311,43,32,42,040,43,6*57
1780409514.312,$GPGSV,2,1,05,03,03,326,,16,29,197,,27,02,201,,29,05,094,,0*60
1780409514.313,$GPGSV,2,2,05,29,05,094,,0*53
1780409514.313,$GLGSV,2,1,06,66,30,096,23,67,43,023,48,68,13,337,35,77,35,023,41,1*74
1780409514.314,$GLGSV,2,2,06,78,80,247,49,79,27,211,19,1*74
1780409514.315,$GLGSV,1,1,04,66,30,096,19,67,43,023,47,68,13,337,31,78,80,247,49,3*7C
1780409514.315,$GLGSV,1,1,03,81,02,195,,82,08,237,,83,01,285,,0*4D
1780409514.316,$GAGSV,2,1,08,05,36,347,48,06,19,074,43,09,32,052,48,16,60,100,50,2*7D
1780409514.317,$GAGSV,2,2,08,25,42,182,20,31,19,046,42,34,28,279,36,36,35,217,25,2*7C
1780409514.317,$GAGSV,2,1,07,05,36,347,42,06,19,074,39,09,32,052,40,16,60,100,46,7*7F
1780409514.318,$GAGSV,2,2,07,31,19,046,38,34,28,279,30,36,35,217,16,7*45
1780409514.318,$GAGSV,1,1,03,03,08,302,,04,02,091,,11,11,171,,0*44
1780409514.319,$GBGSV,2,1,08,06,64,136,48,07,50,006,45,09,84,030,48,10,59,351,45,1*75
1780409514.320,$GBGSV,2,2,08,23,44,232,22,24,22,034,34,25,76,341,49,33,61,060,50,1*73
1780409514.320,$GBGSV,1,1,02,09,84,030,49,10,59,351,48,3*7B
1780409514.321,$GBGSV,2,1,08,01,42,107,,02,63,242,,03,71,140,,04,22,097,,0*74
1780409514.322,$GBGSV,2,2,08,04,22,097,,08,16,155,,13,10,199,,14,02,128,,0*75
1780409514.323,$GNGLL,1338.99780,N,10029.56854,E,141154.00,A,D*70
1780409515.311,$GNRMC,141155.00,A,1338.99786,N,10029.56878,E,0.754,77.22,020626,0.53,W,F,V*7F
1780409515.313,$GNVTG,77.22,T,77.75,M,0.754,N,1.396,K,D*31
1780409515.314,$GNGGA,141155.00,1338.99786,N,10029.56878,E,5,12,0.88,10.7,M,-27.8,M,1.0,0499*73
1780409515.314,$GNGSA,A,3,10,25,26,28,31,32,,,,,,,1.59,0.88,1.32,1*07
1780409515.315,$GNGSA,A,3,68,78,66,77,67,,,,,,,,1.59,0.88,1.32,2*0F
1780409515.315,$GNGSA,A,3,34,05,06,09,16,31,36,,,,,,1.59,0.88,1.32,3*03
1780409515.316,$GNGSA,A,3,06,07,09,10,33,24,25,23,,,,,1.59,0.88,1.32,4*00
1780409515.317,$GPGSV,3,1,10,02,16,265,17,10,52,149,33,25,19,042,36,26,62,193,38,1*63
1780409515.317,$GPGSV,3,2,10,28,45,358,42,31,51,311,44,32,42,040,46,41,64,233,47,1*65
1780409515.318,$GPGSV,3,3,10,42,70,217,47,50,56,115,42,1*66
1780409515.318,$GPGSV,1,1,01,01,12,291,34,5*5E
1780409515.319,$GPGSV,2,1,07,10,52,149,35,23,15,148,16,25,19,042,36,26,62,193,38,6*68
1780409515.320,$GPGSV,2,2,07,28,45,358,45,31,51,311,47,32,42,040,44,6*55
1780409515.320,$GPGSV,2,1,05,03,03,326,,16,29,197,,27,02,201,,29,05,094,,0*60
1780409515.321,$GPGSV,2,2,05,29,05,094,,0*53
1780409515.322,$GLGSV,2,1,06,66,30,096,22,67,43,023,46,68,13,337,17,77,35,023,40,1*7A
1780409515.322,$GLGSV,2,2,06,78,80,247,48,79,27,211,20,1*7F
1780409515.323,$GLGSV,2,1,05,66,30,096,22,67,43,023,46,68,13,337,32,78,80,247,48,3*75
1780409515.323,$GLGSV,2,2,05,79,27,211,17,3*40
1780409515.324,$GLGSV,1,1,03,81,02,195,,82,08,237,,83,01,285,,0*4D
1780409515.325,$GAGSV,2,1,08,05,36,347,48,06,19,074,43,09,32,052,48,16,60,100,50,2*7D
1780409515.326,$GAGSV,2,2,08,25,42,182,17,31,19,046,40,34,28,279,40,36,35,217,25,2*7B
1780409515.327,$GAGSV,2,1,07,05,36,347,42,06,19,074,39,09,32,052,43,16,60,100,45,7*7F
1780409515.327,$GAGSV,2,2,07,31,19,046,38,34,28,279,28,36,35,217,20,7*49
1780409515.328,$GAGSV,1,1,03,03,08,302,,04,02,091,,11,11,171,,0*44
1780409515.329,$GBGSV,2,1,08,06,64,136,48,07,50,006,45,09,84,030,46,10,59,351,45,1*7B
1780409515.329,$GBGSV,2,2,08,23,44,232,25,24,22,034,38,25,76,341,49,33,61,060,49,1*70
1780409515.330,$GBGSV,1,1,02,09,84,030,49,10,59,351,48,3*7B
1780409515.331,$GBGSV,2,1,08,01,42,107,,02,63,242,,03,71,140,,04,22,097,,0*74
1780409515.332,$GBGSV,2,2,08,04,22,097,,08,16,155,,13,10,199,,14,02,128,,0*75
1780409515.332,$GNGLL,1338.99786,N,10029.56878,E,141155.00,A,D*79
1780409516.310,$GNRMC,141156.00,A,1338.99792,N,10029.56900,E,0.798,77.37,020626,0.53,W,F,V*73
1780409516.312,$GNVTG,77.37,T,77.90,M,0.798,N,1.479,K,D*38
1780409516.313,$GNGGA,141156.00,1338.99792,N,10029.56900,E,5,12,0.88,10.6,M,-27.8,M,1.0,0499*7A
1780409516.314,$GNGSA,A,3,10,25,26,28,31,32,,,,,,,1.59,0.88,1.32,1*07
1780409516.314,$GNGSA,A,3,68,78,66,77,67,,,,,,,,1.59,0.88,1.32,2*0F
1780409516.315,$GNGSA,A,3,34,05,06,09,16,31,36,,,,,,1.59,0.88,1.32,3*03
1780409516.315,$GNGSA,A,3,06,07,09,10,33,24,25,23,,,,,1.59,0.88,1.32,4*00
1780409516.316,$GPGSV,3,1,10,02,16,265,17,10,52,149,36,25,19,042,37,26,62,193,42,1*6A
1780409516.317,$GPGSV,3,2,10,28,45,358,41,31,51,311,44,32,42,040,46,41,64,233,47,1*66
1780409516.317,$GPGSV,3,3,10,42,70,217,47,50,56,115,42,1*66
1780409516.317,$GPGSV,1,1,01,01,12,291,33,5*59
1780409516.318,$GPGSV,2,1,07,10,52,149,35,23,15,148,14,25,19,042,38,26,62,193,41,6*6A
1780409516.319,$GPGSV,2,2,07,28,45,358,44,31,51,311,45,32,42,040,45,6*57
1780409516.319,$GPGSV,2,1,05,03,03,326,,16,29,197,,27,02,201,,29,05,094,,0*60
1780409516.320,$GPGSV,2,2,05,29,05,094,,0*53
1780409516.320,$GLGSV,2,1,06,66,30,096,23,67,43,023,46,68,13,337,27,77,35,023,42,1*7A
1780409516.321,$GLGSV,2,2,06,78,80,247,48,79,27,211,21,1*7E
1780409516.322,$GLGSV,2,1,05,66,30,096,22,67,43,023,46,68,13,337,32,78,80,247,48,3*75
1780409516.322,$GLGSV,2,2,05,79,27,211,18,3*4F
1780409516.322,$GLGSV,1,1,03,81,02,194,,82,08,237,,83,01,285,,0*4C
1780409516.323,$GAGSV,2,1,08,05,36,347,48,06,19,074,44,09,32,052,46,16,60,100,51,2*75
1780409516.324,$GAGSV,2,2,08,25,42,182,18,31,19,046,43,34,28,279,40,36,35,217,24,2*76
1780409516.325,$GAGSV,2,1,06,05,36,347,43,06,19,074,38,09,32,052,41,16,60,100,46,7*7F
1780409516.326,$GAGSV,2,2,06,31,19,046,36,34,28,279,33,7*79
1780409516.326,$GAGSV,1,1,03,03,08,302,,04,02,091,,11,11,171,,0*44
1780409516.327,$GBGSV,2,1,08,06,64,136,48,07,50,006,46,09,84,030,47,10,59,351,46,1*7A
1780409516.328,$GBGSV,2,2,08,23,44,232,25,24,22,034,38,25,76,341,49,33,61,060,49,1*70
1780409516.328,$GBGSV,1,1,02,09,84,030,49,10,59,351,48,3*7B
1780409516.329,$GBGSV,2,1,08,01,42,107,,02,63,242,,03,71,140,,04,22,097,,0*74
1780409516.330,$GBGSV,2,2,08,04,22,097,,08,16,155,,13,10,199,,14,02,128,,0*75
1780409516.330,$GNGLL,1338.99792,N,10029.56900,E,141156.00,A,D*71
1780409517.310,$GNRMC,141157.00,A,1338.99797,N,10029.56922,E,0.788,75.76,020626,0.53,W,F,V*71
1780409517.313,$GNVTG,75.76,T,76.29,M,0.788,N,1.460,K,D*35
1780409517.314,$GNGGA,141157.00,1338.99797,N,10029.56922,E,5,12,0.80,10.6,M,-27.8,M,1.0,0499*76
1780409517.315,$GNGSA,A,3,10,25,26,28,31,32,,,,,,,1.48,0.80,1.24,1*08
1780409517.315,$GNGSA,A,3,68,78,66,77,67,,,,,,,,1.48,0.80,1.24,2*00
1780409517.316,$GNGSA,A,3,34,05,06,09,16,25,31,36,,,,,1.48,0.80,1.24,3*0B
1780409517.317,$GNGSA,A,3,06,07,09,10,33,24,25,23,,,,,1.48,0.80,1.24,4*0F
1780409517.318,$GPGSV,3,1,10,02,16,265,15,10,52,149,40,25,19,042,36,26,62,193,43,1*69
1780409517.319,$GPGSV,3,2,10,28,45,358,45,31,51,311,46,32,42,040,46,41,64,233,47,1*60
1780409517.320,$GPGSV,3,3,10,42,70,217,48,50,56,115,42,1*69
1780409517.320,$GPGSV,1,1,01,01,12,291,23,5*58
1780409517.321,$GPGSV,2,1,07,10,52,149,38,23,15,148,15,25,19,042,36,26,62,193,41,6*68
1780409517.322,$GPGSV,2,2,07,28,45,358,47,31,51,311,44,32,42,040,44,6*54
1780409517.323,$GPGSV,2,1,05,03,03,326,,16,29,197,,27,02,201,,29,05,094,,0*60
1780409517.323,$GPGSV,2,2,05,29,05,094,,0*53
1780409517.324,$GLGSV,2,1,06,66,30,096,24,67,43,023,47,68,13,337,27,77,35,023,42,1*7C
1780409517.325,$GLGSV,2,2,06,78,80,247,49,79,27,211,21,1*7F
1780409517.326,$GLGSV,2,1,05,66,30,096,21,67,43,023,46,68,13,337,32,78,80,247,48,3*76
1780409517.326,$GLGSV,2,2,05,79,27,211,18,3*4F
1780409517.327,$GLGSV,1,1,03,81,02,194,,82,07,237,,83,01,285,,0*43
1780409517.328,$GAGSV,2,1,08,05,36,347,48,06,19,074,41,09,32,052,48,16,60,100,51,2*7E
1780409517.329,$GAGSV,2,2,08,25,42,182,29,31,19,046,44,34,28,279,40,36,35,217,24,2*73
1780409517.330,$GAGSV,2,1,06,05,36,347,41,06,19,074,38,09,32,052,41,16,60,100,46,7*7D
1780409517.330,$GAGSV,2,2,06,31,19,046,39,34,28,279,36,7*73
1780409517.331,$GAGSV,1,1,03,03,08,302,,04,02,091,,11,11,171,,0*44
1780409517.332,$GBGSV,2,1,08,06,64,136,48,07,50,006,46,09,84,030,47,10,59,351,45,1*79
1780409517.332,$GBGSV,2,2,08,23,44,232,30,24,22,034,38,25,76,341,49,33,61,060,48,1*75
1780409517.333,$GBGSV,1,1,02,09,84,030,49,10,59,351,48,3*7B
1780409517.334,$GBGSV,2,1,08,01,42,107,,02,63,242,,03,71,140,,04,22,097,,0*74
1780409517.334,$GBGSV,2,2,08,04,22,097,,08,16,155,,13,10,199,,14,02,128,,0*75
1780409517.335,$GNGLL,1338.99797,N,10029.56922,E,141157.00,A,D*75
1780409518.309,$GNRMC,141158.00,A,1338.99802,N,10029.56944,E,0.781,76.94,020626,0.53,W,F,V*7B
1780409518.310,$GNVTG,76.94,T,77.47,M,0.781,N,1.446,K,D*3E
1780409518.312,$GNGGA,141158.00,1338.99802,N,10029.56944,E,5,12,0.80,10.5,M,-27.8,M,1.0,0499*79
1780409518.313,$GNGSA,A,3,10,25,26,28,31,32,,,,,,,1.48,0.80,1.24,1*08
1780409518.313,$GNGSA,A,3,68,78,66,77,67,,,,,,,,1.48,0.80,1.24,2*00
1780409518.314,$GNGSA,A,3,34,05,06,09,16,25,31,36,,,,,1.48,0.80,1.24,3*0B
1780409518.314,$GNGSA,A,3,06,07,09,10,33,24,25,23,,,,,1.48,0.80,1.24,4*0F
1780409518.315,$GPGSV,3,1,10,02,16,265,13,10,52,149,37,25,19,042,36,26,62,193,44,1*68
1780409518.315,$GPGSV,3,2,10,28,45,358,44,31,51,311,43,32,42,040,47,41,64,233,47,1*65
1780409518.316,$GPGSV,3,3,10,42,70,217,47,50,56,115,42,1*66
1780409518.316,$GPGSV,1,1,01,01,12,291,25,5*5E
1780409518.317,$GPGSV,2,1,07,10,52,149,40,23,15,148,15,25,19,042,37,26,62,193,43,6*64
1780409518.317,$GPGSV,2,2,07,28,45,358,44,31,51,311,44,32,42,040,44,6*57
1780409518.318,$GPGSV,2,1,05,03,03,326,,16,29,197,,27,02,201,,29,05,094,,0*60
1780409518.318,$GPGSV,2,2,05,29,05,094,,0*53
1780409518.319,$GLGSV,2,1,06,66,30,096,24,67,43,023,47,68,13,337,31,77,35,023,41,1*78
1780409518.320,$GLGSV,2,2,06,78,80,247,49,79,27,211,21,1*7F
1780409518.320,$GLGSV,2,1,05,66,30,096,22,67,43,023,46,68,13,337,26,78,80,247,48,3*70
1780409518.321,$GLGSV,2,2,05,79,27,211,18,3*4F
1780409518.321,$GLGSV,1,1,03,81,02,194,,82,07,237,,83,01,284,,0*42
1780409518.322,$GAGSV,2,1,08,05,36,347,47,06,19,074,42,09,32,052,48,16,60,100,50,2*73
1780409518.322,$GAGSV,2,2,08,25,42,182,34,31,19,046,44,34,28,279,35,36,35,217,23,2*7A
1780409518.323,$GAGSV,2,1,06,05,36,347,43,06,19,074,38,09,32,052,42,16,60,100,45,7*7F
1780409518.324,$GAGSV,2,2,06,31,19,046,38,34,28,279,38,7*7C
1780409518.324,$GAGSV,1,1,03,03,08,302,,04,02,091,,11,11,171,,0*44
1780409518.325,$GBGSV,2,1,08,06,64,136,48,07,50,006,45,09,84,030,47,10,59,351,46,1*79
1780409518.325,$GBGSV,2,2,08,23,44,232,29,24,22,034,36,25,76,341,48,33,61,060,50,1*7B
1780409518.326,$GBGSV,1,1,02,09,84,030,49,10,59,351,48,3*7B
1780409518.326,$GBGSV,2,1,08,01,42,107,,02,63,242,,03,71,140,,04,22,097,,0*74
1780409518.327,$GBGSV,2,2,08,04,22,097,,08,16,155,,13,10,199,,14,02,128,,0*75
1780409518.327,$GNGLL,1338.99802,N,10029.56944,E,141158.00,A,D*79
1780409519.311,$GNRMC,141159.00,A,1338.99808,N,10029.56966,E,0.779,75.66,020626,0.53,W,F,V*79
1780409519.313,$GNVTG,75.66,T,76.18,M,0.779,N,1.443,K,D*39
1780409519.314,$GNGGA,141159.00,1338.99808,N,10029.56966,E,5,12,0.80,10.4,M,-27.8,M,1.0,0499*73
1780409519.315,$GNGSA,A,3,10,25,26,28,31,32,,,,,,,1.48,0.80,1.24,1*08
1780409519.316,$GNGSA,A,3,68,78,66,77,67,,,,,,,,1.48,0.80,1.24,2*00
1780409519.316,$GNGSA,A,3,34,05,06,09,16,25,31,36,,,,,1.48,0.80,1.24,3*0B
1780409519.317,$GNGSA,A,3,06,07,09,10,33,24,25,23,,,,,1.48,0.80,1.24,4*0F
1780409519.317,$GPGSV,3,1,10,02,16,265,16,10,52,149,33,25,19,042,36,26,62,193,46,1*6B
1780409519.318,$GPGSV,3,2,10,28,45,358,41,31,51,311,46,32,42,040,45,41,64,233,47,1*67
1780409519.319,$GPGSV,3,3,10,42,70,217,46,50,56,115,43,1*66
1780409519.319,$GPGSV,1,1,01,01,12,291,24,5*5F
1780409519.320,$GPGSV,2,1,07,10,52,149,39,23,15,148,14,25,19,042,36,26,62,193,45,6*6C
1780409519.320,$GPGSV,2,2,07,28,45,358,46,31,51,311,44,32,42,040,43,6*52
1780409519.321,$GPGSV,2,1,05,03,03,326,,16,29,197,,27,02,201,,29,05,094,,0*60
1780409519.321,$GPGSV,2,2,05,29,05,094,,0*53
1780409519.322,$GLGSV,2,1,06,66,30,096,24,67,43,023,46,68,13,337,26,77,35,023,41,1*7F
1780409519.323,$GLGSV,2,2,06,78,80,247,48,79,27,211,22,1*7D
1780409519.323,$GLGSV,2,1,05,66,30,096,23,67,43,023,48,68,13,337,32,78,80,247,49,3*7B
1780409519.324,$GLGSV,2,2,05,79,27,211,19,3*4E
1780409519.324,$GLGSV,1,1,03,81,02,194,,82,07,237,,83,01,284,,0*42
1780409519.325,$GAGSV,2,1,08,05,36,347,48,06,19,074,41,09,32,052,47,16,60,100,51,2*71
1780409519.326,$GAGSV,2,2,08,25,42,182,34,31,19,046,43,34,28,279,31,36,35,217,23,2*79
1780409519.326,$GAGSV,2,1,06,05,36,347,42,06,19,074,37,09,32,052,42,16,60,100,46,7*72
1780409519.327,$GAGSV,2,2,06,31,19,046,39,34,28,279,37,7*72
1780409519.327,$GAGSV,1,1,03,03,08,302,,04,02,091,,11,11,171,,0*44
1780409519.328,$GBGSV,2,1,08,06,64,136,48,07,50,006,46,09,84,030,47,10,59,351,45,1*79
1780409519.329,$GBGSV,2,2,08,23,44,232,29,24,22,034,40,25,76,341,49,33,61,060,47,1*7D
1780409519.329,$GBGSV,1,1,02,09,84,030,49,10,59,351,48,3*7B
1780409519.330,$GBGSV,2,1,08,01,42,107,,02,63,242,,03,71,140,,04,22,097,,0*74
1780409519.330,$GBGSV,2,2,08,04,22,097,,08,16,155,,13,10,199,,14,02,128,,0*75
1780409519.331,$GNGLL,1338.99808,N,10029.56966,E,141159.00,A,D*72
1780409520.308,$GNRMC,141200.00,A,1338.99813,N,10029.56988,E,0.824,75.61,020626,0.53,W,F,V*7C
1780409520.310,$GNVTG,75.61,T,76.14,M,0.824,N,1.526,K,D*37
1780409520.311,$GNGGA,141200.00,1338.99813,N,10029.56988,E,5,12,0.80,10.4,M,-27.8,M,1.0,0499*76
1780409520.312,$GNGSA,A,3,10,25,26,28,31,32,,,,,,,1.48,0.80,1.24,1*08
1780409520.312,$GNGSA,A,3,68,78,66,77,67,,,,,,,,1.48,0.80,1.24,2*00
1780409520.313,$GNGSA,A,3,34,05,06,09,16,25,31,36,,,,,1.48,0.80,1.24,3*0B
1780409520.313,$GNGSA,A,3,06,07,09,10,33,24,25,23,,,,,1.48,0.80,1.24,4*0F
1780409520.314,$GPGSV,3,1,10,02,16,265,16,10,52,149,35,25,19,042,34,26,62,193,47,1*6E
1780409520.314,$GPGSV,3,2,10,28,45,358,41,31,51,311,44,32,42,040,47,41,64,233,46,1*66
1780409520.315,$GPGSV,3,3,10,42,70,217,46,50,56,115,42,1*67
1780409520.315,$GPGSV,1,1,01,01,12,291,24,5*5F
1780409520.316,$GPGSV,2,1,07,10,52,149,33,23,15,148,15,25,19,042,37,26,62,193,47,6*64
1780409520.317,$GPGSV,2,2,07,28,45,358,43,31,51,311,43,32,42,040,44,6*57
1780409520.317,$GPGSV,2,1,05,03,03,326,,16,29,197,,27,02,201,,29,05,094,,0*60
1780409520.318,$GPGSV,2,2,05,29,05,094,,0*53
1780409520.318,$GLGSV,2,1,06,66,30,096,24,67,43,023,47,68,13,337,26,77,35,023,40,1*7F
1780409520.319,$GLGSV,2,2,06,78,80,247,48,79,27,211,21,1*7E
1780409520.319,$GLGSV,2,1,05,66,30,096,25,67,43,023,47,68,13,337,32,78,80,247,49,3*72
1780409520.320,$GLGSV,2,2,05,79,27,211,19,3*4E
1780409520.320,$GLGSV,1,1,03,81,02,194,,82,07,237,,83,01,284,,0*42
1780409520.321,$GAGSV,2,1,08,05,36,347,48,06,19,074,42,09,32,052,46,16,60,100,52,2*70
1780409520.322,$GAGSV,2,2,08,25,42,182,32,31,19,046,43,34,28,279,36,36,35,217,30,2*7A
1780409520.322,$GAGSV,2,1,06,05,36,347,42,06,19,074,38,09,32,052,42,16,60,100,46,7*7D
1780409520.323,$GAGSV,2,2,06,31,19,046,38,34,28,279,34,7*70
1780409520.323,$GAGSV,1,1,03,03,08,302,,04,02,091,,11,11,171,,0*44
1780409520.324,$GBGSV,2,1,08,06,64,136,48,07,50,006,46,09,84,030,47,10,59,351,45,1*79
1780409520.325,$GBGSV,2,2,08,23,44,232,33,24,22,034,39,25,76,341,49,33,61,060,50,1*7E
1780409520.325,$GBGSV,1,1,02,09,84,030,49,10,59,351,48,3*7B
1780409520.326,$GBGSV,2,1,08,01,42,107,,02,63,242,,03,71,140,,04,22,097,,0*74
1780409520.326,$GBGSV,2,2,08,04,22,097,,08,16,155,,13,10,199,,14,02,128,,0*75
1780409520.327,$GNGLL,1338.99813,N,10029.56988,E,141200.00,A,D*77
1780409521.312,$GNRMC,141201.00,A,1338.99818,N,10029.57010,E,0.773,77.43,020626,0.53,W,F,V*70
1780409521.315,$GNVTG,77.43,T,77.95,M,0.773,N,1.431,K,D*37
1780409521.316,$GNGGA,141201.00,1338.99818,N,10029.57010,E,5,12,0.90,10.2,M,-27.8,M,1.0,0499*72
1780409521.317,$GNGSA,A,3,10,25,26,28,31,32,,,,,,,1.59,0.90,1.31,1*0D
1780409521.318,$GNGSA,A,3,79,68,78,66,77,67,,,,,,,1.59,0.90,1.31,2*0B
1780409521.318,$GNGSA,A,3,34,05,06,09,16,25,31,36,,,,,1.59,0.90,1.31,3*0E
1780409521.319,$GNGSA,A,3,06,07,09,10,33,24,25,,,,,,1.59,0.90,1.31,4*0B
1780409521.319,$GPGSV,3,1,10,02,16,265,18,10,52,149,38,25,19,042,39,26,62,193,47,1*60
1780409521.320,$GPGSV,3,2,10,28,45,358,44,31,51,311,46,32,42,040,45,41,64,233,47,1*62
1780409521.321,$GPGSV,3,3,10,42,70,217,47,50,56,115,43,1*67
1780409521.321,$GPGSV,1,1,01,01,12,291,25,5*5E
1780409521.322,$GPGSV,2,1,07,10,52,149,19,23,15,148,16,25,19,042,35,26,62,193,48,6*62
1780409521.322,$GPGSV,2,2,07,28,45,358,45,31,51,311,46,32,42,040,41,6*51
1780409521.323,$GPGSV,2,1,05,03,03,326,,16,29,197,,27,02,201,,29,05,094,,0*60
1780409521.324,$GPGSV,2,2,05,29,05,094,,0*53
1780409521.324,$GLGSV,2,1,06,66,30,096,23,67,43,023,47,68,13,337,25,77,35,023,41,1*7A
1780409521.325,$GLGSV,2,2,06,78,80,247,48,79,27,211,23,1*7C
1780409521.326,$GLGSV,2,1,05,66,30,096,24,67,43,023,47,68,13,337,27,78,80,247,48,3*76
1780409521.326,$GLGSV,2,2,05,79,27,211,19,3*4E
1780409521.327,$GLGSV,1,1,03,81,02,194,,82,07,237,,83,01,284,,0*42
1780409521.328,$GAGSV,2,1,08,05,36,347,48,06,19,074,40,09,32,052,45,16,60,100,51,2*72
1780409521.328,$GAGSV,2,2,08,25,42,182,30,31,19,046,43,34,28,279,40,36,35,217,32,2*7B
1780409521.329,$GAGSV,2,1,06,05,36,347,42,06,19,074,35,09,32,052,43,16,60,100,44,7*73
1780409521.329,$GAGSV,2,2,06,31,19,046,38,34,28,279,32,7*76
1780409521.330,$GAGSV,1,1,03,03,08,302,,04,02,091,,11,11,171,,0*44
1780409521.331,$GBGSV,2,1,08,06,64,136,47,07,50,006,46,09,84,030,47,10,59,351,45,1*76
1780409521.331,$GBGSV,2,2,08,23,44,232,19,24,22,034,42,25,76,341,49,33,61,060,50,1*7A
1780409521.332,$GBGSV,1,1,02,09,84,030,49,10,59,351,49,3*7A
1780409521.333,$GBGSV,2,1,08,01,42,107,,02,63,242,,03,71,140,,04,22,097,,0*74
1780409521.333,$GBGSV,2,2,08,04,22,097,,08,16,155,,13,10,199,,14,02,128,,0*75
1780409521.334,$GNGLL,1338.99818,N,10029.57010,E,141201.00,A,D*74
1780409522.323,$GNRMC,141202.00,A,1338.99823,N,10029.57032,E,0.824,76.93,020626,0.53,W,F,V*7A
1780409522.325,$GNVTG,76.93,T,77.46,M,0.824,N,1.525,K,D*3C
1780409522.326,$GNGGA,141202.00,1338.99823,N,10029.57032,E,5,12,0.80,10.1,M,-27.8,M,1.0,0499*7B
1780409522.327,$GNGSA,A,3,10,25,26,28,31,32,,,,,,,1.48,0.80,1.24,1*08
1780409522.327,$GNGSA,A,3,68,78,66,77,67,,,,,,,,1.48,0.80,1.24,2*00
1780409522.328,$GNGSA,A,3,34,05,06,09,16,25,31,36,,,,,1.48,0.80,1.24,3*0B
1780409522.328,$GNGSA,A,3,06,07,09,10,33,24,25,23,,,,,1.48,0.80,1.24,4*0F
1780409522.329,$GPGSV,3,1,10,02,16,265,16,10,52,149,36,25,19,042,37,26,62,193,47,1*6E
1780409522.330,$GPGSV,3,2,10,28,45,358,42,31,51,311,45,32,42,040,45,41,64,233,47,1*67
1780409522.330,$GPGSV,3,3,10,42,70,217,47,50,56,115,43,1*67
1780409522.331,$GPGSV,1,1,01,01,12,291,31,5*5B
1780409522.331,$GPGSV,2,1,07,10,52,149,21,23,15,148,15,25,19,042,33,26,62,193,48,6*6C
1780409522.332,$GPGSV,2,2,07,28,45,358,44,31,51,311,44,32,42,040,42,6*51
1780409522.333,$GPGSV,2,1,05,03,03,326,,16,29,197,,27,02,201,,29,05,094,,0*60
1780409522.333,$GPGSV,2,2,05,29,05,094,,0*53
1780409522.334,$GLGSV,2,1,06,66,30,096,23,67,43,023,46,68,13,337,34,77,35,023,41,1*7B
1780409522.334,$GLGSV,2,2,06,78,80,247,48,79,27,211,23,1*7C
1780409522.335,$GLGSV,2,1,05,66,30,096,24,67,43,023,47,68,13,337,27,78,80,247,47,3*79
1780409522.335,$GLGSV,2,2,05,79,27,211,22,3*46
1780409522.336,$GLGSV,1,1,03,81,02,194,,82,07,237,,83,01,284,,0*42
1780409522.336,$GAGSV,2,1,08,05,36,347,48,06,19,074,40,09,32,052,47,16,60,100,49,2*79
1780409522.337,$GAGSV,2,2,08,25,42,182,31,31,19,046,43,34,28,279,43,36,35,217,34,2*7F
1780409522.338,$GAGSV,2,1,06,05,36,347,40,06,19,074,36,09,32,052,42,16,60,100,45,7*72
1780409522.338,$GAGSV,2,2,06,31,19,046,38,34,28,279,33,7*77
1780409522.339,$GAGSV,1,1,03,03,08,302,,04,02,091,,11,11,171,,0*44
1780409522.339,$GBGSV,2,1,08,06,64,136,48,07,50,006,45,09,84,030,46,10,59,351,45,1*7B
1780409522.340,$GBGSV,2,2,08,23,44,232,28,24,22,034,42,25,76,341,49,33,61,060,50,1*78
1780409522.340,$GBGSV,1,1,02,09,84,030,49,10,59,351,49,3*7A
1780409522.341,$GBGSV,2,1,08,01,42,107,,02,63,242,,03,71,140,,04,22,097,,0*74
1780409522.342,$GBGSV,2,2,08,04,22,097,,08,16,155,,13,10,199,,14,02,128,,0*75
1780409522.342,$GNGLL,1338.99823,N,10029.57032,E,141202.00,A,D*7F
1780409523.303,$GNRMC,141203.00,A,1338.99828,N,10029.57053,E,0.732,77.83,020626,0.53,W,F,V*7F
1780409523.305,$GNVTG,77.83,T,78.36,M,0.732,N,1.356,K,D*3E
1780409523.307,$GNGGA,141203.00,1338.99828,N,10029.57053,E,5,12,0.80,10.0,M,-27.8,M,1.0,0499*77
1780409523.307,$GNGSA,A,3,10,25,26,28,31,32,,,,,,,1.48,0.80,1.24,1*08
1780409523.308,$GNGSA,A,3,68,78,66,77,67,,,,,,,,1.48,0.80,1.24,2*00
1780409523.308,$GNGSA,A,3,34,05,06,09,16,25,31,36,,,,,1.48,0.80,1.24,3*0B
1780409523.309,$GNGSA,A,3,06,07,09,10,33,24,25,23,,,,,1.48,0.80,1.24,4*0F
1780409523.309,$GPGSV,3,1,10,02,16,265,16,10,52,149,33,25,19,042,39,26,62,193,45,1*67
1780409523.310,$GPGSV,3,2,10,28,45,358,41,31,51,311,44,32,42,040,45,41,64,233,47,1*65
1780409523.310,$GPGSV,3,3,10,42,70,217,47,50,56,115,42,1*66
1780409523.311,$GPGSV,1,1,01,01,12,291,31,5*5B
1780409523.312,$GPGSV,2,1,07,10,52,149,34,23,15,148,13,25,19,042,34,26,62,193,47,6*66
1780409523.312,$GPGSV,2,2,07,28,45,358,43,31,51,311,44,32,42,040,43,6*57
1780409523.313,$GPGSV,2,1,05,03,03,326,,16,29,197,,27,02,201,,29,05,094,,0*60
1780409523.313,$GPGSV,2,2,05,29,05,094,,0*53
1780409523.314,$GLGSV,2,1,06,66,30,096,22,67,43,023,48,68,13,337,30,77,35,023,42,1*73
1780409523.314,$GLGSV,2,2,06,78,80,247,49,79,27,211,24,1*7A
1780409523.315,$GLGSV,2,1,05,66,30,096,23,67,43,023,46,68,13,337,33,78,80,247,48,3*75
1780409523.315,$GLGSV,2,2,05,79,27,211,23,3*47
1780409523.316,$GLGSV,1,1,03,81,02,194,,82,07,237,,83,01,284,,0*42
1780409523.317,$GAGSV,2,1,08,05,36,347,48,06,19,074,38,09,32,052,47,16,60,100,49,2*76
1780409523.317,$GAGSV,2,2,08,25,42,182,29,31,19,046,43,34,28,279,44,36,35,217,29,2*7D
1780409523.318,$GAGSV,2,1,06,05,36,347,41,06,19,074,36,09,32,052,42,16,60,100,46,7*70
1780409523.319,$GAGSV,2,2,06,31,19,046,38,34,28,279,36,7*72
1780409523.319,$GAGSV,1,1,03,03,08,302,,04,02,091,,11,11,171,,0*44
1780409523.320,$GBGSV,2,1,08,06,64,136,48,07,50,006,45,09,84,030,47,10,59,351,45,1*7A
1780409523.320,$GBGSV,2,2,08,23,44,232,27,24,22,034,40,25,76,341,49,33,61,060,48,1*7C
1780409523.321,$GBGSV,1,1,02,09,84,030,49,10,59,351,49,3*7A
1780409523.321,$GBGSV,2,1,08,01,42,107,,02,63,242,,03,71,140,,04,22,097,,0*74
1780409523.322,$GBGSV,2,2,08,04,22,097,,08,16,155,,13,10,199,,14,02,128,,0*75
1780409523.323,$GNGLL,1338.99828,N,10029.57053,E,141203.00,A,D*72
1780409524.312,$GNRMC,141204.00,A,1338.99831,N,10029.57070,E,0.699,77.72,020626,0.53,W,F,V*7F
1780409524.314,$GNVTG,77.72,T,78.25,M,0.699,N,1.294,K,D*3D
1780409524.315,$GNGGA,141204.00,1338.99831,N,10029.57070,E,5,12,0.73,9.8,M,-27.8,M,1.0,0499*45
1780409524.316,$GNGSA,A,3,10,25,26,28,31,32,,,,,,,1.30,0.73,1.08,1*05
1780409524.316,$GNGSA,A,3,79,68,78,66,77,67,,,,,,,1.30,0.73,1.08,2*03
1780409524.317,$GNGSA,A,3,34,05,06,09,16,25,31,36,,,,,1.30,0.73,1.08,3*06
1780409524.318,$GNGSA,A,3,06,07,09,10,33,24,25,23,,,,,1.30,0.73,1.08,4*02
1780409524.318,$GPGSV,3,1,10,02,16,265,14,10,52,149,36,25,19,042,38,26,62,193,43,1*67
1780409524.319,$GPGSV,3,2,10,28,45,358,42,31,51,311,46,32,42,040,47,41,64,233,46,1*67
1780409524.320,$GPGSV,3,3,10,42,70,217,47,50,56,115,42,1*66
1780409524.320,$GPGSV,1,1,01,01,12,291,23,5*58
1780409524.321,$GPGSV,2,1,07,10,52,149,38,23,15,148,13,25,19,042,34,26,62,193,46,6*6B
1780409524.321,$GPGSV,2,2,07,28,45,358,46,31,51,311,45,32,42,040,44,6*54
1780409524.322,$GPGSV,2,1,05,03,03,326,,16,29,197,,27,02,201,,29,05,094,,0*60
1780409524.322,$GPGSV,2,2,05,29,05,094,,0*53
1780409524.323,$GLGSV,2,1,06,66,30,096,21,67,43,023,46,68,13,337,31,77,35,023,42,1*7F
1780409524.323,$GLGSV,2,2,06,78,80,247,49,79,27,211,23,1*7D
1780409524.324,$GLGSV,2,1,05,66,30,096,23,67,43,023,47,68,13,337,29,78,80,247,48,3*7F
1780409524.325,$GLGSV,2,2,05,79,27,211,24,3*40
1780409524.325,$GLGSV,1,1,03,81,02,194,,82,07,237,,83,01,284,,0*42
1780409524.326,$GAGSV,2,1,08,05,36,347,47,06,19,074,38,09,32,052,46,16,60,100,51,2*71
1780409524.327,$GAGSV,2,2,08,25,42,182,29,31,19,046,44,34,28,279,43,36,35,217,30,2*75
1780409524.327,$GAGSV,2,1,06,05,36,347,41,06,19,074,36,09,32,052,42,16,60,100,46,7*70
1780409524.328,$GAGSV,2,2,06,31,19,046,40,34,28,279,36,7*7D
1780409524.328,$GAGSV,1,1,03,03,08,302,,04,02,091,,11,11,171,,0*44
1780409524.329,$GBGSV,2,1,08,06,64,136,48,07,50,006,45,09,84,030,47,10,59,351,44,1*7B
1780409524.330,$GBGSV,2,2,08,23,44,232,27,24,22,034,41,25,76,341,49,33,61,060,49,1*7C
1780409524.330,$GBGSV,1,1,02,09,84,030,49,10,59,351,49,3*7A
1780409524.331,$GBGSV,2,1,08,01,42,107,,02,63,242,,03,71,140,,04,22,097,,0*74
1780409524.331,$GBGSV,2,2,08,04,22,097,,08,16,155,,13,10,199,,14,02,128,,0*75
1780409524.332,$GNGLL,1338.99831,N,10029.57070,E,141204.00,A,D*7C
1780409525.315,$GNRMC,141205.00,A,1338.99833,N,10029.57088,E,0.694,79.50,020626,0.53,W,F,V*78
1780409525.317,$GNVTG,79.50,T,80.03,M,0.694,N,1.286,K,D*3E
1780409525.318,$GNGGA,141205.00,1338.99833,N,10029.57088,E,5,12,0.80,9.6,M,-27.8,M,1.0,0499*43
1780409525.318,$GNGSA,A,3,10,25,26,28,31,32,,,,,,,1.48,0.80,1.24,1*08
1780409525.319,$GNGSA,A,3,68,78,66,77,67,,,,,,,,1.48,0.80,1.24,2*00
1780409525.320,$GNGSA,A,3,34,05,06,09,16,25,31,36,,,,,1.48,0.80,1.24,3*0B
1780409525.320,$GNGSA,A,3,06,07,09,10,33,24,25,23,,,,,1.48,0.80,1.24,4*0F
1780409525.321,$GPGSV,3,1,10,02,16,265,16,10,52,149,36,25,19,042,40,26,62,193,45,1*6C
1780409525.322,$GPGSV,3,2,10,28,45,358,42,31,51,311,46,32,42,040,47,41,64,233,45,1*64
1780409525.322,$GPGSV,3,3,10,42,70,217,46,50,56,115,42,1*67
1780409525.323,$GPGSV,1,1,01,01,12,290,30,5*5B
1780409525.323,$GPGSV,2,1,07,10,52,149,33,23,15,148,16,25,19,042,37,26,62,193,45,6*65
1780409525.324,$GPGSV,2,2,07,28,45,358,45,31,51,311,43,32,42,040,44,6*51
1780409525.325,$GPGSV,2,1,05,03,03,326,,16,29,197,,27,02,201,,29,05,094,,0*60
1780409525.325,$GPGSV,2,2,05,29,05,094,,0*53
1780409525.326,$GLGSV,2,1,06,66,30,096,23,67,43,023,47,68,13,337,30,77,35,023,39,1*71
1780409525.326,$GLGSV,2,2,06,78,80,247,49,79,27,211,24,1*7A
1780409525.327,$GLGSV,2,1,05,66,30,096,21,67,43,023,46,68,13,337,33,78,80,247,49,3*76
1780409525.327,$GLGSV,2,2,05,79,27,211,23,3*47
1780409525.328,$GLGSV,1,1,03,81,02,194,,82,07,237,,83,01,284,,0*42
1780409525.329,$GAGSV,2,1,08,05,36,347,47,06,19,074,37,09,32,052,47,16,60,100,51,2*7F
1780409525.329,$GAGSV,2,2,08,25,42,182,29,31,19,046,43,34,28,279,41,36,35,217,30,2*70
1780409525.330,$GAGSV,2,1,06,05,36,347,41,06,19,074,36,09,32,052,43,16,60,100,45,7*72
1780409525.331,$GAGSV,2,2,06,31,19,046,39,34,28,279,36,7*73
1780409525.331,$GAGSV,1,1,03,03,08,302,,04,02,091,,11,11,171,,0*44
1780409525.332,$GBGSV,2,1,08,06,64,136,48,07,50,006,45,09,84,030,47,10,59,351,44,1*7B
1780409525.333,$GBGSV,2,2,08,23,44,232,32,24,22,034,40,25,76,341,49,33,61,060,49,1*79
1780409525.333,$GBGSV,1,1,02,09,84,030,49,10,59,351,47,3*74
1780409525.334,$GBGSV,2,1,08,01,42,107,,02,63,242,,03,71,140,,04,22,097,,0*74
1780409525.334,$GBGSV,2,2,08,04,22,097,,08,16,155,,13,10,199,,14,02,128,,0*75
1780409525.335,$GNGLL,1338.99833,N,10029.57088,E,141205.00,A,D*78
1780409526.323,$GNRMC,141206.00,A,1338.99836,N,10029.57107,E,0.769,80.17,020626,0.53,W,F,V*7E
1780409526.325,$GNVTG,80.17,T,80.70,M,0.769,N,1.424,K,D*32
1780409526.326,$GNGGA,141206.00,1338.99836,N,10029.57107,E,5,12,0.80,9.4,M,-27.8,M,1.0,0499*41
1780409526.327,$GNGSA,A,3,10,25,26,28,31,32,,,,,,,1.48,0.80,1.24,1*08
1780409526.327,$GNGSA,A,3,68,78,66,77,67,,,,,,,,1.48,0.80,1.24,2*00
1780409526.328,$GNGSA,A,3,34,05,06,09,16,25,31,36,,,,,1.48,0.80,1.24,3*0B
1780409526.328,$GNGSA,A,3,06,07,09,10,33,24,25,23,,,,,1.48,0.80,1.24,4*0F
1780409526.329,$GPGSV,3,1,10,02,16,264,19,10,52,149,37,25,19,042,38,26,62,193,47,1*6E
1780409526.329,$GPGSV,3,2,10,28,45,358,41,31,51,311,44,32,42,040,46,41,64,233,47,1*66
1780409526.330,$GPGSV,3,3,10,42,70,217,45,50,56,115,42,1*64
1780409526.330,$GPGSV,1,1,01,01,12,290,25,5*5F
1780409526.331,$GPGSV,2,1,07,10,52,149,36,23,15,148,18,25,19,042,35,26,62,193,45,6*6C
1780409526.332,$GPGSV,2,2,07,28,45,358,45,31,51,311,43,32,42,040,45,6*50
1780409526.332,$GPGSV,2,1,05,03,03,326,,16,29,197,,27,02,201,,29,05,094,,0*60
1780409526.333,$GPGSV,2,2,05,29,05,094,,0*53
1780409526.333,$GLGSV,2,1,06,66,30,096,23,67,43,023,47,68,13,337,30,77,35,023,42,1*7D
1780409526.334,$GLGSV,2,2,06,78,80,247,48,79,27,211,21,1*7E
1780409526.335,$GLGSV,2,1,05,66,30,096,29,67,43,023,47,68,13,337,22,78,80,247,47,3*71
1780409526.335,$GLGSV,2,2,05,79,27,211,22,3*46
1780409526.336,$GLGSV,1,1,03,81,02,194,,82,07,237,,83,01,284,,0*42
1780409526.336,$GAGSV,2,1,08,05,36,347,47,06,19,074,37,09,32,052,47,16,60,100,51,2*7F
1780409526.337,$GAGSV,2,2,08,25,42,182,27,31,19,046,43,34,28,279,42,36,35,217,30,2*7D
1780409526.338,$GAGSV,2,1,06,05,36,347,41,06,19,074,35,09,32,052,41,16,60,100,46,7*70
1780409526.338,$GAGSV,2,2,06,31,19,046,39,34,28,279,36,7*73
1780409526.339,$GAGSV,1,1,03,03,08,302,,04,02,091,,11,11,171,,0*44
1780409526.339,$GBGSV,2,1,08,06,64,136,49,07,50,006,46,09,84,030,47,10,59,351,45,1*78
1780409526.340,$GBGSV,2,2,08,23,44,232,27,24,22,034,40,25,76,341,49,33,61,060,48,1*7C
1780409526.340,$GBGSV,1,1,02,09,84,030,49,10,59,351,48,3*7B
1780409526.341,$GBGSV,2,1,08,01,42,107,,02,63,242,,03,71,140,,04,22,097,,0*74
1780409526.342,$GBGSV,2,2,08,04,22,097,,08,16,155,,13,10,199,,14,02,128,,0*75
1780409526.342,$GNGLL,1338.99836,N,10029.57107,E,141206.00,A,D*78
1780409527.309,$GNRMC,141207.00,A,1338.99841,N,10029.57128,E,0.834,76.25,020626,0.53,W,F,V*7D
1780409527.312,$GNVTG,76.25,T,76.78,M,0.834,N,1.545,K,D*3A
1780409527.313,$GNGGA,141207.00,1338.99841,N,10029.57128,E,5,12,0.80,9.2,M,-27.8,M,1.0,0499*4B
1780409527.313,$GNGSA,A,3,10,25,26,28,31,32,,,,,,,1.48,0.80,1.24,1*08
1780409527.314,$GNGSA,A,3,68,78,66,77,67,,,,,,,,1.48,0.80,1.24,2*00
1780409527.314,$GNGSA,A,3,34,05,06,09,16,25,31,36,,,,,1.48,0.80,1.24,3*0B
1780409527.315,$GNGSA,A,3,06,07,09,10,33,24,25,23,,,,,1.48,0.80,1.24,4*0F
1780409527.315,$GPGSV,3,1,10,02,16,264,18,10,52,149,45,25,19,042,38,26,62,193,48,1*65
1780409527.316,$GPGSV,3,2,10,28,45,358,45,31,51,311,47,32,42,040,47,41,64,233,48,1*6F
1780409527.317,$GPGSV,3,3,10,42,70,217,45,50,56,115,40,1*66
1780409527.317,$GPGSV,1,1,01,01,12,290,27,5*5D
1780409527.318,$GPGSV,2,1,07,10,52,149,34,23,15,148,18,25,19,042,37,26,62,193,46,6*6F
1780409527.318,$GPGSV,2,2,07,28,45,358,45,31,51,311,46,32,42,040,44,6*54
1780409527.319,$GPGSV,2,1,05,03,04,326,,16,29,197,,27,02,201,,29,05,094,,0*67
1780409527.319,$GPGSV,2,2,05,29,05,094,,0*53
1780409527.320,$GLGSV,2,1,06,66,30,096,22,67,43,023,47,68,13,337,23,77,35,023,41,1*7D
1780409527.321,$GLGSV,2,2,06,78,80,247,49,79,27,211,21,1*7F
1780409527.321,$GLGSV,2,1,05,66,30,096,23,67,43,023,47,68,13,337,30,78,80,247,47,3*78
1780409527.322,$GLGSV,2,2,05,79,27,211,22,3*46
1780409527.322,$GLGSV,1,1,03,81,02,194,,82,07,237,,83,01,284,,0*42
1780409527.323,$GAGSV,2,1,08,05,36,347,47,06,19,074,39,09,32,052,46,16,60,100,51,2*70
1780409527.324,$GAGSV,2,2,08,25,42,182,27,31,19,046,43,34,28,279,43,36,35,217,25,2*78
1780409527.324,$GAGSV,2,1,06,05,36,347,42,06,19,074,35,09,32,052,42,16,60,100,46,7*70
1780409527.325,$GAGSV,2,2,06,31,19,046,39,34,28,279,39,7*7C
1780409527.325,$GAGSV,1,1,03,03,08,302,,04,02,091,,11,11,171,,0*44
1780409527.326,$GBGSV,2,1,08,06,64,136,49,07,50,006,46,09,84,030,47,10,59,351,45,1*78
1780409527.327,$GBGSV,2,2,08,23,44,232,25,24,22,034,43,25,76,341,48,33,61,060,48,1*7C
1780409527.327,$GBGSV,1,1,02,09,84,030,48,10,59,351,47,3*75
1780409527.328,$GBGSV,2,1,08,01,42,107,,02,63,242,,03,71,140,,04,22,097,,0*74
1780409527.328,$GBGSV,2,2,08,04,22,097,,08,16,155,,13,10,199,,14,02,128,,0*75
1780409527.329,$GNGLL,1338.99841,N,10029.57128,E,141207.00,A,D*74
1780409528.314,$GNRMC,141208.00,A,1338.99845,N,10029.57150,E,0.794,80.19,020626,0.53,W,F,V*7A
1780409528.316,$GNVTG,80.19,T,80.72,M,0.794,N,1.470,K,D*3D
1780409528.318,$GNGGA,141208.00,1338.99845,N,10029.57150,E,5,12,0.80,9.1,M,-27.8,M,1.0,0499*4C
1780409528.318,$GNGSA,A,3,10,25,26,28,31,32,,,,,,,1.48,0.80,1.24,1*08
1780409528.319,$GNGSA,A,3,68,78,66,77,67,,,,,,,,1.48,0.80,1.24,2*00
1780409528.319,$GNGSA,A,3,34,05,06,09,16,25,31,36,,,,,1.48,0.80,1.24,3*0B
1780409528.320,$GNGSA,A,3,06,07,09,10,33,24,25,23,,,,,1.48,0.80,1.24,4*0F
1780409528.320,$GPGSV,3,1,10,02,16,264,16,10,52,149,42,25,19,042,39,26,62,193,45,1*60
1780409528.321,$GPGSV,3,2,10,28,45,358,44,31,51,311,47,32,42,040,46,41,64,233,46,1*61
1780409528.322,$GPGSV,3,3,10,42,70,217,45,50,56,115,41,1*67
1780409528.322,$GPGSV,1,1,01,01,12,290,26,5*5C
1780409528.323,$GPGSV,2,1,07,10,52,149,35,23,15,148,17,25,19,042,37,26,62,193,46,6*61
1780409528.323,$GPGSV,2,2,07,28,45,358,45,31,51,311,45,32,42,040,43,6*50
1780409528.324,$GPGSV,2,1,05,03,04,326,,16,29,197,,27,02,201,,29,05,094,,0*67
1780409528.324,$GPGSV,2,2,05,29,05,094,,0*53
1780409528.325,$GLGSV,2,1,06,66,30,096,23,67,43,023,49,68,13,337,31,77,35,023,41,1*71
1780409528.326,$GLGSV,2,2,06,78,80,247,49,79,27,211,22,1*7C
1780409528.326,$GLGSV,2,1,05,66,30,096,21,67,43,023,47,68,13,337,26,78,80,247,48,3*72
1780409528.327,$GLGSV,2,2,05,79,27,211,23,3*47
1780409528.327,$GLGSV,1,1,03,81,02,194,,82,07,237,,83,01,284,,0*42
1780409528.328,$GAGSV,2,1,08,05,36,347,48,06,19,074,38,09,32,052,48,16,60,100,49,2*79
1780409528.328,$GAGSV,2,2,08,25,42,182,27,31,19,046,42,34,28,279,42,36,35,217,25,2*78
1780409528.329,$GAGSV,2,1,06,05,36,347,42,06,19,074,35,09,32,052,43,16,60,100,46,7*71
1780409528.330,$GAGSV,2,2,06,31,19,046,38,34,28,279,33,7*77
1780409528.330,$GAGSV,1,1,03,03,08,302,,04,02,091,,11,11,171,,0*44
1780409528.331,$GBGSV,2,1,08,06,64,136,47,07,50,006,45,09,84,030,47,10,59,351,44,1*74
1780409528.331,$GBGSV,2,2,08,23,44,232,27,24,22,034,42,25,76,341,49,33,61,060,49,1*7F
1780409528.332,$GBGSV,1,1,02,09,84,030,49,10,59,351,49,3*7A
1780409528.333,$GBGSV,2,1,08,01,42,107,,02,63,242,,03,71,140,,04,22,097,,0*74
1780409528.333,$GBGSV,2,2,08,04,22,097,,08,16,155,,13,10,199,,14,02,128,,0*75
1780409528.334,$GNGLL,1338.99845,N,10029.57150,E,141208.00,A,D*70
1780409529.313,$GNRMC,141209.00,A,1338.99848,N,10029.57171,E,0.807,78.63,020626,0.53,W,F,V*7A
1780409529.315,$GNVTG,78.63,T,79.16,M,0.807,N,1.494,K,D*3C
1780409529.317,$GNGGA,141209.00,1338.99848,N,10029.57171,E,5,12,0.72,8.9,M,-27.8,M,1.0,0499*47
1780409529.317,$GNGSA,A,3,10,25,26,28,31,32,01,,,,,,1.28,0.72,1.06,1*02
1780409529.318,$GNGSA,A,3,68,78,66,77,67,,,,,,,,1.28,0.72,1.06,2*0B
1780409529.318,$GNGSA,A,3,34,05,06,09,16,25,31,36,,,,,1.28,0.72,1.06,3*00
1780409529.319,$GNGSA,A,3,06,07,09,10,33,24,25,23,,,,,1.28,0.72,1.06,4*04
1780409529.319,$GPGSV,3,1,10,02,16,264,15,10,52,149,47,25,19,042,40,26,62,193,45,1*68
1780409529.320,$GPGSV,3,2,10,28,45,358,41,31,51,311,44,32,42,040,46,41,64,233,46,1*67
1780409529.320,$GPGSV,3,3,10,42,70,217,46,50,56,115,42,1*67
1780409529.321,$GPGSV,1,1,01,01,12,290,25,5*5F
1780409529.321,$GPGSV,2,1,07,10,52,149,28,23,15,148,16,25,19,042,39,26,62,193,45,6*61
1780409529.322,$GPGSV,2,2,07,28,45,358,46,31,51,311,43,32,42,040,44,6*52
1780409529.323,$GPGSV,2,1,05,03,04,326,,16,29,197,,27,02,201,,29,05,094,,0*67
1780409529.323,$GPGSV,2,2,05,29,05,094,,0*53
1780409529.324,$GLGSV,2,1,06,66,30,096,25,67,43,023,47,68,13,337,32,77,35,023,40,1*7B
1780409529.324,$GLGSV,2,2,06,78,80,247,49,79,27,211,22,1*7C
1780409529.325,$GLGSV,2,1,05,66,30,096,22,67,43,023,47,68,13,337,25,78,80,247,49,3*73
1780409529.325,$GLGSV,2,2,05,79,27,211,22,3*46
1780409529.326,$GLGSV,1,1,03,81,02,194,,82,07,237,,83,01,284,,0*42
1780409529.327,$GAGSV,2,1,08,05,36,347,48,06,19,074,38,09,32,052,48,16,60,100,49,2*79
1780409529.327,$GAGSV,2,2,08,25,42,182,27,31,19,046,42,34,28,279,41,36,35,217,26,2*78
1780409529.328,$GAGSV,2,1,06,05,36,347,40,06,19,074,35,09,32,052,43,16,60,100,45,7*70
1780409529.328,$GAGSV,2,2,06,31,19,046,35,34,28,279,30,7*79
1780409529.329,$GAGSV,1,1,03,03,08,302,,04,02,091,,11,11,171,,0*44
1780409529.329,$GBGSV,2,1,08,06,64,136,47,07,50,006,46,09,84,030,47,10,59,351,45,1*76
1780409529.330,$GBGSV,2,2,08,23,44,232,27,24,22,034,41,25,76,341,49,33,61,060,49,1*7C
1780409529.331,$GBGSV,1,1,02,09,84,030,48,10,59,351,49,3*7B
1780409529.331,$GBGSV,2,1,08,01,42,107,,02,63,242,,03,71,140,,04,22,097,,0*74
1780409529.332,$GBGSV,2,2,08,04,22,097,,08,16,155,,13,10,199,,14,02,128,,0*75
1780409529.332,$GNGLL,1338.99848,N,10029.57171,E,141209.00,A,D*7F
1780409530.311,$GNRMC,141210.00,A,1338.99851,N,10029.57192,E,0.871,79.83,020626,0.53,W,F,V*79
1780409530.313,$GNVTG,79.83,T,80.36,M,0.871,N,1.612,K,D*3A
1780409530.315,$GNGGA,141210.00,1338.99851,N,10029.57192,E,5,12,0.69,8.6,M,-27.8,M,1.0,0499*4F
1780409530.315,$GNGSA,A,3,10,25,26,28,31,32,01,,,,,,1.24,0.69,1.03,1*01
1780409530.316,$GNGSA,A,3,68,78,66,77,67,,,,,,,,1.24,0.69,1.03,2*08
1780409530.316,$GNGSA,A,3,34,05,06,09,16,25,31,36,,,,,1.24,0.69,1.03,3*03
1780409530.317,$GNGSA,A,3,06,07,09,10,33,24,25,23,,,,,1.24,0.69,1.03,4*07
1780409530.317,$GPGSV,3,1,10,02,16,264,15,10,52,149,46,25,19,042,40,26,62,193,47,1*6B
1780409530.318,$GPGSV,3,2,10,28,45,358,43,31,51,311,48,32,42,040,48,41,64,233,45,1*64
1780409530.319,$GPGSV,3,3,10,42,70,217,48,50,56,115,43,1*68
1780409530.319,$GPGSV,2,1,08,01,12,290,27,10,52,149,44,23,15,148,15,25,19,042,40,6*6F
1780409530.320,$GPGSV,2,2,08,26,62,193,45,28,45,358,45,31,51,311,46,32,42,040,43,6*66
1780409530.321,$GPGSV,2,1,05,03,04,326,,16,29,197,,27,02,201,,29,05,094,,0*67
1780409530.321,$GPGSV,2,2,05,29,05,094,,0*53
1780409530.322,$GLGSV,2,1,06,66,30,096,26,67,43,023,46,68,13,337,32,77,35,023,42,1*7B
1780409530.322,$GLGSV,2,2,06,78,80,247,49,79,27,211,23,1*7D
1780409530.323,$GLGSV,2,1,05,66,30,096,21,67,43,023,47,68,13,337,34,78,80,247,49,3*70
1780409530.324,$GLGSV,2,2,05,79,27,211,22,3*46
1780409530.324,$GLGSV,1,1,03,81,02,194,,82,07,237,,83,01,284,,0*42
1780409530.325,$GAGSV,2,1,08,05,36,347,48,06,19,074,38,09,32,052,46,16,60,100,50,2*7F
1780409530.325,$GAGSV,2,2,08,25,42,182,27,31,19,046,42,34,28,279,42,36,35,217,27,2*7A
1780409530.326,$GAGSV,2,1,06,05,36,347,42,06,19,074,34,09,32,052,41,16,60,100,44,7*70
1780409530.327,$GAGSV,2,2,06,31,19,046,35,34,28,279,35,7*7C
1780409530.327,$GAGSV,1,1,03,03,08,302,,04,02,091,,11,11,171,,0*44
1780409530.328,$GBGSV,2,1,08,06,64,136,48,07,50,006,46,09,84,030,47,10,59,351,44,1*78
1780409530.328,$GBGSV,2,2,08,23,44,232,26,24,22,034,39,25,76,341,49,33,61,060,49,1*72
1780409530.329,$GBGSV,1,1,02,09,84,030,49,10,59,351,47,3*74
1780409530.330,$GBGSV,2,1,08,01,42,107,,02,63,242,,03,71,140,,04,22,097,,0*74
1780409530.330,$GBGSV,2,2,08,04,22,097,,08,16,155,,13,10,199,,14,02,128,,0*75
1780409530.331,$GNGLL,1338.99851,N,10029.57192,E,141210.00,A,D*72
1780409531.313,$GNRMC,141211.00,A,1338.99854,N,10029.57214,E,0.828,78.60,020626,0.53,W,F,V*70
1780409531.315,$GNVTG,78.60,T,79.13,M,0.828,N,1.533,K,D*3B
1780409531.317,$GNGGA,141211.00,1338.99854,N,10029.57214,E,5,12,0.72,8.4,M,-27.8,M,1.0,0499*4E
1780409531.317,$GNGSA,A,3,10,25,26,28,31,32,01,,,,,,1.28,0.72,1.06,1*02
1780409531.318,$GNGSA,A,3,68,78,66,77,67,,,,,,,,1.28,0.72,1.06,2*0B
1780409531.318,$GNGSA,A,3,34,05,06,09,16,25,31,36,,,,,1.28,0.72,1.06,3*00
1780409531.319,$GNGSA,A,3,06,07,09,10,33,24,25,23,,,,,1.28,0.72,1.06,4*04
1780409531.319,$GPGSV,3,1,10,02,16,264,15,10,52,149,45,25,19,042,40,26,62,193,45,1*6A
1780409531.320,$GPGSV,3,2,10,28,45,358,44,31,51,311,44,32,42,040,46,41,64,233,45,1*61
1780409531.320,$GPGSV,3,3,10,42,70,217,47,50,56,115,44,1*60
1780409531.321,$GPGSV,2,1,08,01,12,290,30,10,52,149,49,23,15,148,17,25,19,042,39,6*68
1780409531.322,$GPGSV,2,2,08,26,62,193,44,28,45,358,46,31,51,311,45,32,42,040,44,6*60
1780409531.322,$GPGSV,2,1,05,03,04,326,,16,29,197,,27,02,201,,29,05,094,,0*67
1780409531.323,$GPGSV,2,2,05,29,05,094,,0*53
1780409531.323,$GLGSV,2,1,06,66,30,096,25,67,43,023,49,68,13,337,37,77,35,023,39,1*7E
1780409531.324,$GLGSV,2,2,06,78,80,247,48,79,27,211,22,1*7D
1780409531.324,$GLGSV,2,1,05,66,30,096,24,67,43,023,47,68,13,337,26,78,80,247,47,3*78
1780409531.325,$GLGSV,2,2,05,79,27,211,21,3*45
1780409531.325,$GLGSV,1,1,03,81,02,194,,82,07,237,,83,01,284,,0*42
1780409531.326,$GAGSV,2,1,08,05,36,347,48,06,19,074,39,09,32,052,46,16,60,100,52,2*7C
1780409531.327,$GAGSV,2,2,08,25,42,182,26,31,19,046,38,34,28,279,43,36,35,217,26,2*76
1780409531.327,$GAGSV,2,1,06,05,36,347,41,06,19,074,34,09,32,052,42,16,60,100,45,7*71
1780409531.328,$GAGSV,2,2,06,31,19,046,36,34,28,279,40,7*7D
1780409531.328,$GAGSV,1,1,03,03,08,302,,04,02,091,,11,11,171,,0*44
1780409531.329,$GBGSV,2,1,08,06,64,136,48,07,50,006,45,09,84,030,46,10,59,351,46,1*78
1780409531.330,$GBGSV,2,2,08,23,44,232,25,24,22,034,41,25,76,341,50,33,61,060,49,1*76
1780409531.330,$GBGSV,1,1,02,09,84,030,49,10,59,351,48,3*7B
1780409531.331,$GBGSV,2,1,08,01,42,107,,02,63,242,,03,71,140,,04,22,097,,0*74
1780409531.331,$GBGSV,2,2,08,04,22,097,,08,16,155,,13,10,199,,14,02,128,,0*75
1780409531.332,$GNGLL,1338.99854,N,10029.57214,E,141211.00,A,D*7B
1780409532.302,$GNRMC,141212.00,A,1338.99857,N,10029.57236,E,0.913,76.63,020626,0.53,W,F,V*74
1780409532.304,$GNVTG,76.63,T,77.16,M,0.913,N,1.690,K,D*3E
1780409532.306,$GNGGA,141212.00,1338.99857,N,10029.57236,E,5,12,0.72,8.2,M,-27.8,M,1.0,0499*48
1780409532.306,$GNGSA,A,3,10,25,26,28,31,32,01,,,,,,1.28,0.72,1.06,1*02
1780409532.307,$GNGSA,A,3,68,78,66,77,67,,,,,,,,1.28,0.72,1.06,2*0B
1780409532.307,$GNGSA,A,3,34,05,06,09,16,25,31,36,,,,,1.28,0.72,1.06,3*00
1780409532.308,$GNGSA,A,3,06,07,09,10,33,24,25,23,,,,,1.28,0.72,1.06,4*04
1780409532.308,$GPGSV,3,1,10,02,16,264,17,10,52,149,51,25,19,042,40,26,62,193,45,1*6D
1780409532.309,$GPGSV,3,2,10,28,45,358,43,31,51,311,43,32,42,040,46,41,64,233,45,1*61
1780409532.309,$GPGSV,3,3,10,42,70,217,46,50,56,115,44,1*61
1780409532.310,$GPGSV,2,1,08,01,12,290,21,10,52,149,49,23,15,148,14,25,19,042,37,6*65
1780409532.311,$GPGSV,2,2,08,26,62,193,46,28,45,358,44,31,51,311,42,32,42,040,44,6*67
1780409532.311,$GPGSV,2,1,05,03,04,326,,16,29,197,,27,02,201,,29,05,094,,0*67
1780409532.312,$GPGSV,2,2,05,29,05,094,,0*53
1780409532.312,$GLGSV,2,1,06,66,30,096,25,67,43,023,47,68,13,337,32,77,35,023,39,1*75
1780409532.313,$GLGSV,2,2,06,78,80,247,49,79,27,211,21,1*7F
1780409532.314,$GLGSV,2,1,05,66,30,096,24,67,43,023,46,68,13,337,32,78,80,247,47,3*7C
1780409532.314,$GLGSV,2,2,05,79,27,211,19,3*4E
1780409532.314,$GLGSV,1,1,03,81,02,194,,82,07,237,,83,01,284,,0*42
1780409532.315,$GAGSV,2,1,08,05,36,347,48,06,19,074,39,09,32,052,46,16,60,100,52,2*7C
1780409532.316,$GAGSV,2,2,08,25,42,182,32,31,19,046,39,34,28,279,43,36,35,217,26,2*72
1780409532.316,$GAGSV,2,1,06,05,36,347,41,06,19,074,34,09,32,052,42,16,60,100,47,7*73
1780409532.317,$GAGSV,2,2,06,31,19,046,35,34,28,279,40,7*7E
1780409532.317,$GAGSV,1,1,03,03,08,302,,04,02,091,,11,11,171,,0*44
1780409532.318,$GBGSV,2,1,08,06,64,136,48,07,50,006,45,09,84,030,46,10,59,351,45,1*7B
1780409532.319,$GBGSV,2,2,08,23,44,232,27,24,22,034,41,25,76,341,49,33,61,060,49,1*7C
1780409532.319,$GBGSV,1,1,02,09,84,030,49,10,59,351,47,3*74
1780409532.320,$GBGSV,2,1,08,01,42,107,,02,63,242,,03,71,140,,04,22,097,,0*74
1780409532.320,$GBGSV,2,2,08,04,22,097,,08,16,155,,13,10,199,,14,02,128,,0*75
1780409532.321,$GNGLL,1338.99857,N,10029.57236,E,141212.00,A,D*7B
1780409533.311,$GNRMC,141213.00,A,1338.99860,N,10029.57260,E,0.892,80.28,020626,0.53,W,F,V*7C
1780409533.313,$GNVTG,80.28,T,80.81,M,0.892,N,1.652,K,D*38
1780409533.314,$GNGGA,141213.00,1338.99860,N,10029.57260,E,5,12,0.72,8.0,M,-27.8,M,1.0,0499*4C
1780409533.314,$GNGSA,A,3,10,25,26,28,31,32,01,,,,,,1.28,0.72,1.06,1*02
1780409533.315,$GNGSA,A,3,68,78,66,77,67,,,,,,,,1.28,0.72,1.06,2*0B
1780409533.315,$GNGSA,A,3,34,05,06,09,16,25,31,36,,,,,1.28,0.72,1.06,3*00
1780409533.316,$GNGSA,A,3,06,07,09,10,33,24,25,23,,,,,1.28,0.72,1.06,4*04
1780409533.317,$GPGSV,3,1,10,02,16,264,17,10,52,149,46,25,19,042,40,26,62,193,46,1*68
1780409533.317,$GPGSV,3,2,10,28,45,358,43,31,51,311,46,32,42,040,46,41,64,233,46,1*67
1780409533.318,$GPGSV,3,3,10,42,70,217,45,50,56,115,43,1*65
1780409533.319,$GPGSV,2,1,08,01,12,290,23,10,52,149,49,23,15,148,14,25,19,042,37,6*67
1780409533.319,$GPGSV,2,2,08,26,62,193,44,28,45,358,46,31,51,311,42,32,42,040,43,6*60
1780409533.320,$GPGSV,2,1,05,03,04,326,,16,29,197,,27,02,201,,29,05,094,,0*67
1780409533.320,$GPGSV,2,2,05,29,05,094,,0*53
1780409533.321,$GLGSV,2,1,06,66,30,096,26,67,43,023,47,68,13,337,33,77,35,023,40,1*79
1780409533.321,$GLGSV,2,2,06,78,80,247,49,79,27,211,20,1*7E
1780409533.322,$GLGSV,2,1,05,66,30,096,23,67,43,023,47,68,13,337,32,78,80,247,48,3*75
1780409533.323,$GLGSV,2,2,05,79,27,211,19,3*4E
1780409533.323,$GLGSV,1,1,03,81,02,194,,82,07,237,,83,01,284,,0*42
1780409533.324,$GAGSV,2,1,08,05,36,347,47,06,19,074,39,09,32,052,46,16,60,100,51,2*70
1780409533.324,$GAGSV,2,2,08,25,42,182,31,31,19,046,39,34,28,279,44,36,35,217,25,2*75
1780409533.325,$GAGSV,2,1,06,05,36,347,42,06,19,074,34,09,32,052,43,16,60,100,46,7*70
1780409533.326,$GAGSV,2,2,06,31,19,046,35,34,28,279,39,7*70
1780409533.326,$GAGSV,1,1,03,03,08,302,,04,02,091,,11,11,171,,0*44
1780409533.327,$GBGSV,2,1,08,06,64,136,48,07,50,006,46,09,84,030,47,10,59,351,45,1*79
1780409533.327,$GBGSV,2,2,08,23,44,232,28,24,22,034,44,25,76,341,48,33,61,060,49,1*77
1780409533.328,$GBGSV,1,1,02,09,84,030,49,10,59,351,48,3*7B
1780409533.329,$GBGSV,2,1,08,01,42,107,,02,63,242,,03,71,140,,04,22,097,,0*74
1780409533.329,$GBGSV,2,2,08,04,22,097,,08,16,155,,13,10,199,,14,02,128,,0*75
1780409533.330,$GNGLL,1338.99860,N,10029.57260,E,141213.00,A,D*7D
1780409534.312,$GNRMC,141214.00,A,1338.99862,N,10029.57282,E,0.853,79.19,020626,0.53,W,F,V*7C
1780409534.313,$GNVTG,79.19,T,79.72,M,0.853,N,1.581,K,D*36
1780409534.315,$GNGGA,141214.00,1338.99862,N,10029.57282,E,5,12,0.69,7.9,M,-27.8,M,1.0,0499*49
1780409534.315,$GNGSA,A,3,10,25,26,28,31,32,01,,,,,,1.24,0.69,1.03,1*01
1780409534.316,$GNGSA,A,3,68,78,66,77,67,,,,,,,,1.24,0.69,1.03,2*08
1780409534.316,$GNGSA,A,3,34,05,06,09,16,25,31,36,,,,,1.24,0.69,1.03,3*03
1780409534.317,$GNGSA,A,3,06,07,09,10,33,24,25,23,,,,,1.24,0.69,1.03,4*07
1780409534.317,$GPGSV,3,1,10,02,16,264,17,10,52,150,49,25,19,042,39,26,62,193,45,1*62
1780409534.318,$GPGSV,3,2,10,28,45,358,43,31,51,311,44,32,42,040,45,41,64,233,47,1*67
1780409534.318,$GPGSV,3,3,10,42,70,217,45,50,56,115,41,1*67
1780409534.319,$GPGSV,2,1,08,01,12,290,29,10,52,150,47,23,15,148,13,25,19,042,37,6*6C
1780409534.320,$GPGSV,2,2,08,26,62,193,43,28,45,358,45,31,51,311,44,32,42,040,43,6*62
1780409534.321,$GPGSV,2,1,05,03,04,326,,16,29,197,,27,02,201,,29,05,094,,0*67
1780409534.321,$GPGSV,2,2,05,29,05,094,,0*53
1780409534.322,$GLGSV,2,1,06,66,30,096,27,67,43,023,47,68,13,337,36,77,35,023,38,1*72
1780409534.322,$GLGSV,2,2,06,78,80,247,48,79,27,211,20,1*7F
1780409534.323,$GLGSV,2,1,05,66,30,096,22,67,43,023,48,68,13,337,26,78,80,247,49,3*7F
1780409534.323,$GLGSV,2,2,05,79,27,211,18,3*4F
1780409534.324,$GLGSV,1,1,03,81,02,194,,82,07,237,,83,01,284,,0*42
1780409534.324,$GAGSV,2,1,08,05,36,347,48,06,19,074,39,09,32,052,47,16,60,100,51,2*7E
1780409534.325,$GAGSV,2,2,08,25,42,182,25,31,19,046,39,34,28,279,44,36,35,217,26,2*73
1780409534.326,$GAGSV,2,1,06,05,36,347,42,06,19,074,34,09,32,052,41,16,60,100,46,7*72
1780409534.326,$GAGSV,2,2,06,31,19,046,32,34,28,279,41,7*78
1780409534.327,$GAGSV,1,1,03,03,08,302,,04,02,091,,11,11,171,,0*44
1780409534.327,$GBGSV,2,1,08,06,64,136,48,07,50,006,44,09,84,030,47,10,59,351,44,1*7A
1780409534.328,$GBGSV,2,2,08,23,44,232,29,24,22,034,43,25,76,341,49,33,61,060,49,1*70
1780409534.328,$GBGSV,1,1,02,09,84,030,49,10,59,351,49,3*7A
1780409534.329,$GBGSV,2,1,08,01,42,107,,02,63,242,,03,71,140,,04,22,097,,0*74
1780409534.330,$GBGSV,2,2,08,04,22,097,,08,16,155,,13,10,199,,14,02,128,,0*75
1780409534.330,$GNGLL,1338.99862,N,10029.57282,E,141214.00,A,D*74
1780409535.309,$GNRMC,141215.00,A,1338.99864,N,10029.57304,E,0.779,83.61,020626,0.53,W,F,V*79
1780409535.311,$GNVTG,83.61,T,84.14,M,0.779,N,1.443,K,D*36
1780409535.313,$GNGGA,141215.00,1338.99864,N,10029.57304,E,5,12,0.72,7.7,M,-27.8,M,1.0,0499*45
1780409535.313,$GNGSA,A,3,10,25,26,28,31,32,01,,,,,,1.28,0.72,1.06,1*02
1780409535.314,$GNGSA,A,3,68,78,66,77,67,,,,,,,,1.28,0.72,1.06,2*0B
1780409535.314,$GNGSA,A,3,34,05,06,09,16,25,31,36,,,,,1.28,0.72,1.06,3*00
1780409535.315,$GNGSA,A,3,06,07,09,10,33,24,25,23,,,,,1.28,0.72,1.06,4*04
1780409535.315,$GPGSV,3,1,10,02,16,264,17,10,52,150,43,25,19,042,39,26,62,193,47,1*6A
1780409535.316,$GPGSV,3,2,10,28,45,358,43,31,51,311,45,32,42,040,46,41,64,233,47,1*65
1780409535.317,$GPGSV,3,3,10,42,70,217,46,50,56,115,40,1*65
1780409535.317,$GPGSV,2,1,08,01,12,290,34,10,52,150,44,23,15,148,14,25,19,042,36,6*65
1780409535.318,$GPGSV,2,2,08,26,62,193,46,28,45,358,46,31,51,311,45,32,42,040,44,6*62
1780409535.319,$GPGSV,2,1,05,03,04,326,,16,29,197,,27,02,201,,29,05,094,,0*67
1780409535.319,$GPGSV,2,2,05,29,05,094,,0*53
1780409535.320,$GLGSV,2,1,06,66,30,096,26,67,43,023,46,68,13,337,33,77,35,023,41,1*79
1780409535.320,$GLGSV,2,2,06,78,80,247,48,79,27,211,20,1*7F
1780409535.321,$GLGSV,2,1,05,66,30,096,22,67,43,023,46,68,13,337,29,78,80,247,48,3*7F
1780409535.321,$GLGSV,2,2,05,79,27,211,17,3*40
1780409535.322,$GLGSV,1,1,03,81,02,194,,82,07,237,,83,01,284,,0*42
1780409535.322,$GAGSV,2,1,08,05,36,347,49,06,19,074,39,09,32,052,47,16,60,100,51,2*7F
1780409535.323,$GAGSV,2,2,08,25,42,182,24,31,19,046,37,34,28,279,45,36,35,217,26,2*7D
1780409535.324,$GAGSV,2,1,06,05,36,347,42,06,19,074,35,09,32,052,43,16,60,100,47,7*70
1780409535.324,$GAGSV,2,2,06,31,19,046,31,34,28,279,41,7*7B
1780409535.325,$GAGSV,1,1,03,03,08,302,,04,02,091,,11,11,171,,0*44
1780409535.325,$GBGSV,2,1,08,06,64,136,47,07,50,006,44,09,84,030,47,10,59,351,43,1*72
1780409535.326,$GBGSV,2,2,08,23,44,232,29,24,22,034,43,25,76,341,49,33,61,060,50,1*78
1780409535.326,$GBGSV,1,1,02,09,84,030,49,10,59,351,47,3*74
1780409535.327,$GBGSV,2,1,08,01,42,107,,02,63,242,,03,71,140,,04,22,097,,0*74
1780409535.328,$GBGSV,2,2,08,04,22,097,,08,16,155,,13,10,199,,14,02,128,,0*75
1780409535.328,$GNGLL,1338.99864,N,10029.57304,E,141215.00,A,D*7C
1780409536.310,$GNRMC,141216.00,A,1338.99867,N,10029.57326,E,0.835,82.17,020626,0.53,W,F,V*7E
1780409536.311,$GNVTG,82.17,T,82.69,M,0.835,N,1.547,K,D*38
1780409536.313,$GNGGA,141216.00,1338.99867,N,10029.57326,E,5,12,0.72,7.6,M,-27.8,M,1.0,0499*44
1780409536.314,$GNGSA,A,3,10,25,26,28,31,32,01,,,,,,1.28,0.72,1.06,1*02
1780409536.314,$GNGSA,A,3,68,78,66,77,67,,,,,,,,1.28,0.72,1.06,2*0B
1780409536.315,$GNGSA,A,3,34,05,06,09,16,25,31,36,,,,,1.28,0.72,1.06,3*00
1780409536.315,$GNGSA,A,3,06,07,09,10,33,24,25,23,,,,,1.28,0.72,1.06,4*04
1780409536.316,$GPGSV,3,1,10,02,16,264,16,10,52,150,45,25,19,042,38,26,62,193,47,1*6C
1780409536.317,$GPGSV,3,2,10,28,45,358,43,31,51,311,46,32,42,040,47,41,64,233,46,1*66
1780409536.317,$GPGSV,3,3,10,42,70,217,45,50,56,115,39,1*68
1780409536.318,$GPGSV,2,1,08,01,12,290,27,10,52,150,40,23,15,148,15,25,19,042,36,6*62
1780409536.319,$GPGSV,2,2,08,26,62,193,45,28,45,358,45,31,51,311,43,32,42,040,45,6*65
1780409536.319,$GPGSV,2,1,05,03,04,326,,16,29,197,,27,02,201,,29,05,094,,0*67
1780409536.320,$GPGSV,2,2,05,29,05,094,,0*53
1780409536.320,$GLGSV,2,1,06,66,30,096,25,67,43,023,48,68,13,337,37,77,35,023,41,1*70
1780409536.321,$GLGSV,2,2,06,78,80,247,49,79,27,211,19,1*74
1780409536.321,$GLGSV,2,1,05,66,30,096,22,67,43,023,48,68,13,337,36,78,80,247,48,3*7F
1780409536.322,$GLGSV,2,2,05,79,27,211,15,3*42
1780409536.322,$GLGSV,1,1,03,81,02,194,,82,07,237,,83,01,284,,0*42
1780409536.323,$GAGSV,2,1,08,05,36,347,48,06,19,074,39,09,32,052,47,16,60,100,50,2*7F
1780409536.324,$GAGSV,2,2,08,25,42,182,24,31,19,046,34,34,28,279,46,36,35,217,25,2*7E
1780409536.325,$GAGSV,2,1,06,05,36,347,42,06,19,074,34,09,32,052,42,16,60,100,46,7*71
1780409536.325,$GAGSV,2,2,06,31,19,046,31,34,28,279,41,7*7B
1780409536.326,$GAGSV,1,1,03,03,08,302,,04,02,091,,11,11,171,,0*44
1780409536.326,$GBGSV,2,1,08,06,64,136,48,07,50,006,45,09,84,030,47,10,59,351,45,1*7A
1780409536.327,$GBGSV,2,2,08,23,44,232,28,24,22,034,44,25,76,341,49,33,61,060,48,1*77
1780409536.327,$GBGSV,1,1,02,09,84,030,49,10,59,351,47,3*74
1780409536.328,$GBGSV,2,1,08,01,42,107,,02,63,242,,03,71,140,,04,22,097,,0*74
1780409536.329,$GBGSV,2,2,08,04,22,097,,08,16,155,,13,10,199,,14,02,128,,0*75
1780409536.329,$GNGLL,1338.99867,N,10029.57326,E,141216.00,A,D*7C
1780409537.312,$GNRMC,141217.00,A,1338.99869,N,10029.57348,E,0.844,84.66,020626,0.53,W,F,V*7F
1780409537.315,$GNVTG,84.66,T,85.19,M,0.844,N,1.562,K,D*39
1780409537.317,$GNGGA,141217.00,1338.99869,N,10029.57348,E,5,12,0.76,7.5,M,-27.8,M,1.0,0499*44
1780409537.319,$GNGSA,A,3,10,25,26,28,31,32,01,,,,,,1.32,0.76,1.07,1*0C
1780409537.320,$GNGSA,A,3,68,78,66,77,67,,,,,,,,1.32,0.76,1.07,2*05
1780409537.320,$GNGSA,A,3,34,05,06,09,16,25,31,36,,,,,1.32,0.76,1.07,3*0E
1780409537.321,$GNGSA,A,3,06,07,09,10,33,24,25,,,,,,1.32,0.76,1.07,4*0B
1780409537.321,$GPGSV,3,1,10,02,16,264,17,10,52,150,43,25,19,042,36,26,62,193,45,1*67
1780409537.322,$GPGSV,3,2,10,28,45,358,43,31,51,311,46,32,42,040,44,41,64,233,46,1*65
1780409537.323,$GPGSV,3,3,10,42,70,217,46,50,56,115,38,1*6A
1780409537.323,$GPGSV,2,1,08,01,12,290,26,10,52,150,40,23,15,148,14,25,19,042,32,6*66
1780409537.324,$GPGSV,2,2,08,26,62,193,44,28,45,358,44,31,51,311,42,32,42,040,42,6*63
1780409537.325,$GPGSV,2,1,05,03,04,326,,16,29,197,,27,02,201,,29,05,094,,0*67
1780409537.325,$GPGSV,2,2,05,29,05,094,,0*53
1780409537.326,$GLGSV,2,1,06,66,30,096,25,67,43,023,46,68,13,337,35,77,35,023,40,1*7D
1780409537.326,$GLGSV,2,2,06,78,80,247,49,79,27,211,18,1*75
1780409537.327,$GLGSV,2,1,05,66,30,096,23,67,43,023,46,68,13,337,36,78,80,247,49,3*71
1780409537.327,$GLGSV,2,2,05,79,27,211,18,3*4F
1780409537.328,$GLGSV,1,1,03,81,02,194,,82,07,237,,83,01,284,,0*42
1780409537.329,$GAGSV,2,1,08,05,36,347,48,06,19,074,40,09,32,052,47,16,60,100,48,2*78
1780409537.329,$GAGSV,2,2,08,25,42,182,25,31,19,046,32,34,28,279,47,36,35,217,31,2*7D
1780409537.330,$GAGSV,2,1,06,05,36,347,42,06,19,074,33,09,32,052,42,16,60,100,45,7*75
1780409537.330,$GAGSV,2,2,06,31,19,046,31,34,28,279,40,7*7A
1780409537.331,$GAGSV,1,1,03,03,08,302,,04,02,091,,11,11,171,,0*44
1780409537.332,$GBGSV,2,1,08,06,64,136,47,07,50,006,45,09,84,030,47,10,59,351,45,1*75
1780409537.332,$GBGSV,2,2,08,23,44,232,16,24,22,034,44,25,76,341,49,33,61,060,48,1*7A
1780409537.333,$GBGSV,1,1,02,09,84,030,49,10,59,351,49,3*7A
1780409537.334,$GBGSV,2,1,08,01,42,107,,02,63,242,,03,71,140,,04,22,097,,0*74
1780409537.334,$GBGSV,2,2,08,04,22,097,,08,16,155,,13,10,199,,14,02,128,,0*75
1780409537.335,$GNGLL,1338.99869,N,10029.57348,E,141217.00,A,D*7B
1780409538.311,$GNRMC,141218.00,A,1338.99872,N,10029.57370,E,0.766,86.76,020626,0.53,W,F,V*7D
1780409538.313,$GNVTG,86.76,T,87.29,M,0.766,N,1.418,K,D*38
1780409538.315,$GNGGA,141218.00,1338.99872,N,10029.57370,E,5,12,0.72,7.4,M,-27.8,M,1.0,0499*4F
1780409538.315,$GNGSA,A,3,10,25,26,28,31,32,01,,,,,,1.28,0.72,1.06,1*02
1780409538.316,$GNGSA,A,3,68,78,66,77,67,,,,,,,,1.28,0.72,1.06,2*0B
1780409538.316,$GNGSA,A,3,34,05,06,09,16,25,31,36,,,,,1.28,0.72,1.06,3*00
1780409538.317,$GNGSA,A,3,06,07,09,10,33,24,25,23,,,,,1.28,0.72,1.06,4*04
1780409538.317,$GPGSV,3,1,10,02,16,264,15,10,52,150,39,25,19,042,36,26,62,193,47,1*6A
1780409538.318,$GPGSV,3,2,10,28,45,358,41,31,51,311,44,32,42,040,48,41,64,233,46,1*69
1780409538.319,$GPGSV,3,3,10,42,70,217,46,50,56,115,35,1*67
1780409538.319,$GPGSV,2,1,08,01,12,290,32,10,52,150,36,23,15,148,14,25,19,042,33,6*63
1780409538.320,$GPGSV,2,2,08,26,62,193,46,28,45,358,45,31,51,311,45,32,42,040,44,6*61
1780409538.321,$GPGSV,2,1,05,03,04,326,,16,29,197,,27,02,201,,29,05,094,,0*67
1780409538.321,$GPGSV,2,2,05,29,05,094,,0*53
1780409538.322,$GLGSV,2,1,06,66,30,096,25,67,43,023,49,68,13,337,33,77,35,023,39,1*7A
1780409538.322,$GLGSV,2,2,06,78,80,247,48,79,27,211,19,1*75
1780409538.323,$GLGSV,2,1,05,66,30,096,30,67,43,023,47,68,13,337,34,78,80,247,49,3*70
1780409538.323,$GLGSV,2,2,05,79,27,211,17,3*40
1780409538.324,$GLGSV,1,1,03,81,02,194,,82,07,237,,83,01,284,,0*42
1780409538.324,$GAGSV,2,1,08,05,36,347,49,06,19,074,41,09,32,052,47,16,60,100,47,2*77
1780409538.325,$GAGSV,2,2,08,25,42,182,24,31,19,046,34,34,28,279,47,36,35,217,31,2*7A
1780409538.326,$GAGSV,2,1,07,05,36,347,41,06,19,074,31,09,32,052,42,16,60,100,43,7*73
1780409538.326,$GAGSV,2,2,07,25,42,182,24,31,19,046,31,34,28,279,42,7*45
1780409538.327,$GAGSV,1,1,03,03,08,302,,04,02,091,,11,11,171,,0*44
1780409538.328,$GBGSV,2,1,08,06,64,136,48,07,50,006,45,09,84,030,47,10,59,351,45,1*7A
1780409538.328,$GBGSV,2,2,08,23,44,232,28,24,22,034,44,25,76,341,49,33,61,060,48,1*77
1780409538.329,$GBGSV,1,1,02,09,84,030,49,10,59,351,48,3*7B
1780409538.329,$GBGSV,2,1,08,01,42,107,,02,63,242,,03,71,140,,04,22,097,,0*74
1780409538.330,$GBGSV,2,2,08,04,22,097,,08,16,155,,13,10,199,,14,02,128,,0*75
1780409538.330,$GNGLL,1338.99872,N,10029.57370,E,141218.00,A,D*75
1780409539.313,$GNRMC,141219.00,A,1338.99874,N,10029.57390,E,0.721,85.96,020626,0.53,W,F,V*7A
1780409539.315,$GNVTG,85.96,T,86.49,M,0.721,N,1.336,K,D*3A
1780409539.316,$GNGGA,141219.00,1338.99874,N,10029.57390,E,5,12,0.72,7.2,M,-27.8,M,1.0,0499*40
1780409539.317,$GNGSA,A,3,10,25,26,28,31,32,01,,,,,,1.28,0.72,1.06,1*02
1780409539.317,$GNGSA,A,3,68,78,66,77,67,,,,,,,,1.28,0.72,1.06,2*0B
1780409539.318,$GNGSA,A,3,34,05,06,09,16,25,31,36,,,,,1.28,0.72,1.06,3*00
1780409539.319,$GNGSA,A,3,06,07,09,10,33,24,25,23,,,,,1.28,0.72,1.06,4*04
1780409539.319,$GPGSV,3,1,10,02,16,264,17,10,52,150,41,25,19,042,33,26,62,193,44,1*61
1780409539.320,$GPGSV,3,2,10,28,45,358,42,31,51,311,46,32,42,040,47,41,64,233,47,1*66
1780409539.321,$GPGSV,3,3,10,42,70,217,45,50,56,115,35,1*64
1780409539.321,$GPGSV,2,1,08,01,12,290,33,10,52,150,34,23,15,148,14,25,19,042,33,6*60
1780409539.322,$GPGSV,2,2,08,26,62,193,45,28,45,358,45,31,51,311,46,32,42,040,44,6*61
1780409539.323,$GPGSV,2,1,05,03,04,326,,16,29,197,,27,02,201,,29,05,094,,0*67
1780409539.323,$GPGSV,2,2,05,29,05,094,,0*53
1780409539.324,$GLGSV,2,1,06,66,30,096,23,67,43,023,49,68,13,337,36,77,35,023,40,1*77
1780409539.324,$GLGSV,2,2,06,78,80,247,49,79,27,211,19,1*74
1780409539.325,$GLGSV,2,1,05,66,30,096,26,67,43,023,46,68,13,337,30,78,80,247,49,3*72
1780409539.325,$GLGSV,2,2,05,79,27,211,17,3*40
1780409539.326,$GLGSV,1,1,03,81,02,194,,82,07,237,,83,01,284,,0*42
1780409539.327,$GAGSV,2,1,08,05,36,347,48,06,18,075,41,09,32,052,47,16,60,100,47,2*76
1780409539.327,$GAGSV,2,2,08,25,42,182,22,31,19,046,30,34,28,279,46,36,35,217,27,2*7E
1780409539.328,$GAGSV,2,1,06,05,36,347,41,06,18,075,30,09,32,052,41,16,60,100,43,7*70
1780409539.329,$GAGSV,2,2,06,31,19,046,26,34,28,279,42,7*7E
1780409539.329,$GAGSV,1,1,03,03,08,302,,04,02,091,,11,11,171,,0*44
1780409539.330,$GBGSV,2,1,08,06,64,136,48,07,50,006,45,09,84,030,47,10,59,351,45,1*7A
1780409539.330,$GBGSV,2,2,08,23,44,232,27,24,22,034,42,25,76,341,49,33,61,060,49,1*7F
1780409539.331,$GBGSV,1,1,02,09,84,030,49,10,59,351,47,3*74
1780409539.332,$GBGSV,2,1,08,01,42,107,,02,63,242,,03,71,140,,04,22,097,,0*74
1780409539.332,$GBGSV,2,2,08,04,22,097,,08,16,155,,13,10,199,,14,02,128,,0*75
1780409539.333,$GNGLL,1338.99874,N,10029.57390,E,141219.00,A,D*7C
1780409540.310,$GNRMC,141220.00,A,1338.99875,N,10029.57408,E,0.772,82.35,020626,0.53,W,F,V*7F
1780409540.312,$GNVTG,82.35,T,82.88,M,0.772,N,1.431,K,D*3B
1780409540.313,$GNGGA,141220.00,1338.99875,N,10029.57408,E,5,12,0.69,7.1,M,-27.8,M,1.0,0499*44
1780409540.314,$GNGSA,A,3,10,25,26,28,31,32,01,,,,,,1.24,0.69,1.03,1*01
1780409540.314,$GNGSA,A,3,68,78,66,77,67,,,,,,,,1.24,0.69,1.03,2*08
1780409540.315,$GNGSA,A,3,34,05,06,09,16,25,31,36,,,,,1.24,0.69,1.03,3*03
1780409540.315,$GNGSA,A,3,06,07,09,10,33,24,25,23,,,,,1.24,0.69,1.03,4*07
1780409540.316,$GPGSV,3,1,10,02,16,264,17,10,52,150,41,25,19,042,33,26,62,193,46,1*63
1780409540.317,$GPGSV,3,2,10,28,45,358,43,31,51,311,47,32,42,040,46,41,64,233,45,1*65
1780409540.317,$GPGSV,3,3,10,42,70,217,46,50,56,115,32,1*60
1780409540.318,$GPGSV,2,1,08,01,12,290,32,10,52,150,39,23,15,148,13,25,19,042,33,6*6B
1780409540.319,$GPGSV,2,2,08,26,62,193,46,28,45,358,44,31,51,311,45,32,42,040,44,6*60
1780409540.319,$GPGSV,2,1,05,03,04,326,,16,30,197,,27,02,201,,29,05,094,,0*6F
1780409540.320,$GPGSV,2,2,05,29,05,094,,0*53
1780409540.321,$GLGSV,2,1,06,66,30,096,25,67,43,023,48,68,13,337,38,77,35,023,40,1*7E
1780409540.321,$GLGSV,2,2,06,78,80,247,48,79,27,211,19,1*75
1780409540.322,$GLGSV,2,1,05,66,30,096,25,67,43,023,48,68,13,337,39,78,80,247,47,3*78
1780409540.322,$GLGSV,2,2,05,79,27,211,18,3*4F
1780409540.323,$GLGSV,1,1,03,81,02,194,,82,07,237,,83,01,284,,0*42
1780409540.323,$GAGSV,2,1,08,05,36,347,48,06,18,075,41,09,32,052,48,16,60,100,47,2*79
1780409540.324,$GAGSV,2,2,08,25,42,182,30,31,19,046,34,34,28,279,46,36,35,217,25,2*7B
1780409540.325,$GAGSV,2,1,06,05,36,347,42,06,18,075,30,09,32,052,42,16,60,100,41,7*72
1780409540.326,$GAGSV,2,2,06,31,19,046,27,34,28,279,43,7*7E
1780409540.327,$GAGSV,1,1,03,03,08,302,,04,02,091,,11,11,171,,0*44
1780409540.327,$GBGSV,2,1,08,06,64,136,47,07,50,006,45,09,84,030,47,10,59,351,45,1*75
1780409540.328,$GBGSV,2,2,08,23,44,232,29,24,22,034,43,25,76,341,49,33,61,060,49,1*70
1780409540.329,$GBGSV,1,1,02,09,84,030,49,10,59,351,47,3*74
1780409540.330,$GBGSV,2,1,08,01,42,107,,02,63,242,,03,71,140,,04,22,097,,0*74
1780409540.331,$GBGSV,2,2,08,04,22,097,,08,16,155,,13,10,199,,14,02,128,,0*75
1780409540.331,$GNGLL,1338.99875,N,10029.57408,E,141220.00,A,D*71
1780409541.302,$GNRMC,141221.00,A,1338.99878,N,10029.57429,E,0.798,81.36,020626,0.53,W,F,V*74
1780409541.304,$GNVTG,81.36,T,81.89,M,0.798,N,1.478,K,D*30
1780409541.305,$GNGGA,141221.00,1338.99878,N,10029.57429,E,5,12,0.72,7.0,M,-27.8,M,1.0,0499*40
1780409541.306,$GNGSA,A,3,10,25,26,28,31,32,01,,,,,,1.28,0.72,1.06,1*02
1780409541.307,$GNGSA,A,3,68,78,66,77,67,,,,,,,,1.28,0.72,1.06,2*0B
1780409541.307,$GNGSA,A,3,34,05,06,09,16,25,31,36,,,,,1.28,0.72,1.06,3*00
1780409541.308,$GNGSA,A,3,06,07,09,10,33,24,25,23,,,,,1.28,0.72,1.06,4*04
1780409541.309,$GPGSV,3,1,10,02,16,264,17,10,52,150,37,25,19,042,31,26,62,193,46,1*60
1780409541.310,$GPGSV,3,2,10,28,45,358,44,31,51,311,46,32,42,040,45,41,64,233,46,1*63
1780409541.311,$GPGSV,3,3,10,42,70,217,45,50,56,115,33,1*62
1780409541.312,$GPGSV,2,1,08,01,12,290,25,10,52,150,40,23,15,148,13,25,19,042,31,6*61
1780409541.313,$GPGSV,2,2,08,26,62,193,47,28,45,358,45,31,51,311,46,32,42,040,43,6*64
1780409541.314,$GPGSV,2,1,05,03,04,326,,16,30,197,,27,02,201,,29,05,094,,0*6F
1780409541.315,$GPGSV,2,2,05,29,05,094,,0*53
1780409541.315,$GLGSV,2,1,06,66,30,096,24,67,43,023,47,68,13,337,36,77,35,023,42,1*7C
1780409541.316,$GLGSV,2,2,06,78,80,247,47,79,27,211,19,1*7A
1780409541.317,$GLGSV,2,1,05,66,30,096,31,67,43,023,47,68,13,337,31,78,80,247,48,3*75
1780409541.318,$GLGSV,2,2,05,79,27,211,18,3*4F
1780409541.318,$GLGSV,1,1,03,81,02,194,,82,07,237,,83,01,284,,0*42
1780409541.319,$GAGSV,2,1,08,05,36,347,48,06,18,075,41,09,32,052,47,16,60,100,48,2*79
1780409541.320,$GAGSV,2,2,08,25,42,182,28,31,19,046,33,34,28,279,44,36,35,217,23,2*71
1780409541.321,$GAGSV,2,1,06,05,36,347,42,06,18,075,30,09,32,052,41,16,60,100,41,7*71
1780409541.322,$GAGSV,2,2,06,31,19,046,26,34,28,279,42,7*7E
1780409541.322,$GAGSV,1,1,03,03,08,302,,04,02,091,,11,11,171,,0*44
1780409541.323,$GBGSV,2,1,08,06,64,136,48,07,50,006,42,09,84,030,46,10,59,351,44,1*7D
1780409541.324,$GBGSV,2,2,08,23,44,232,28,24,22,034,43,25,76,341,48,33,61,060,49,1*70
1780409541.325,$GBGSV,1,1,02,09,84,030,49,10,59,351,49,3*7A
1780409541.326,$GBGSV,2,1,08,01,42,107,,02,63,242,,03,71,140,,04,22,097,,0*74
1780409541.326,$GBGSV,2,2,08,04,22,097,,08,16,155,,13,10,199,,14,02,128,,0*75
1780409541.327,$GNGLL,1338.99878,N,10029.57429,E,141221.00,A,D*7E
1780409542.313,$GNRMC,141222.00,A,1338.99881,N,10029.57450,E,0.751,82.58,020626,0.53,W,F,V*71
1780409542.315,$GNVTG,82.58,T,83.11,M,0.751,N,1.391,K,D*3D
1780409542.316,$GNGGA,141222.00,1338.99881,N,10029.57450,E,5,12,0.69,6.8,M,-27.8,M,1.0,0499*48
1780409542.317,$GNGSA,A,3,10,25,26,28,31,32,01,,,,,,1.24,0.69,1.03,1*01
1780409542.317,$GNGSA,A,3,68,78,66,77,67,,,,,,,,1.24,0.69,1.03,2*08
1780409542.318,$GNGSA,A,3,34,05,06,09,16,25,31,36,,,,,1.24,0.69,1.03,3*03
1780409542.318,$GNGSA,A,3,06,07,09,10,33,24,25,23,,,,,1.24,0.69,1.03,4*07
1780409542.319,$GPGSV,3,1,09,02,16,264,17,10,52,150,38,25,19,042,32,26,62,193,46,1*64
1780409542.320,$GPGSV,3,2,09,28,45,358,44,31,51,311,46,32,42,040,47,41,64,233,47,1*68
1780409542.320,$GPGSV,3,3,09,42,70,217,46,1*5A
1780409542.321,$GPGSV,2,1,08,01,12,290,32,10,52,150,38,23,15,148,13,25,19,042,31,6*68
1780409542.321,$GPGSV,2,2,08,26,62,193,47,28,45,358,44,31,51,311,45,32,42,040,45,6*60
1780409542.322,$GPGSV,2,1,06,03,04,326,,16,30,197,,27,02,201,,29,05,094,,0*6C
1780409542.323,$GPGSV,2,2,06,29,05,094,,40,37,260,,0*64
1780409542.323,$GLGSV,2,1,06,66,30,096,31,67,43,023,47,68,13,337,38,77,35,023,41,1*75
1780409542.324,$GLGSV,2,2,06,78,80,247,49,79,27,211,23,1*7D
1780409542.324,$GLGSV,2,1,05,66,30,096,26,67,43,023,47,68,13,337,35,78,80,247,49,3*76
1780409542.325,$GLGSV,2,2,05,79,27,211,20,3*44
1780409542.325,$GLGSV,1,1,03,81,02,194,,82,07,237,,83,01,284,,0*42
1780409542.326,$GAGSV,2,1,08,05,36,347,48,06,18,075,41,09,32,052,47,16,60,100,47,2*76
1780409542.327,$GAGSV,2,2,08,25,42,182,27,31,19,046,33,34,28,279,44,36,35,217,24,2*79
1780409542.327,$GAGSV,2,1,06,05,36,347,42,06,18,075,29,09,32,052,43,16,60,100,42,7*78
1780409542.328,$GAGSV,2,2,06,31,19,046,24,34,28,279,42,7*7C
1780409542.328,$GAGSV,1,1,03,03,08,302,,04,02,091,,11,11,171,,0*44
1780409542.329,$GBGSV,2,1,08,06,64,136,47,07,50,006,45,09,84,030,47,10,59,351,45,1*75
1780409542.330,$GBGSV,2,2,08,23,44,232,27,24,22,034,46,25,76,341,49,33,61,060,48,1*7A
1780409542.330,$GBGSV,1,1,02,09,84,030,49,10,59,351,49,3*7A
1780409542.331,$GBGSV,2,1,08,01,42,107,,02,63,242,,03,71,140,,04,22,097,,0*74
1780409542.332,$GBGSV,2,2,08,04,22,097,,08,16,155,,13,10,199,,14,02,128,,0*75
1780409542.332,$GNGLL,1338.99881,N,10029.57450,E,141222.00,A,D*75
1780409543.308,$GNRMC,141223.00,A,1338.99883,N,10029.57471,E,0.765,82.16,020626,0.53,W,F,V*7C
1780409543.310,$GNVTG,82.16,T,82.69,M,0.765,N,1.416,K,D*36
1780409543.311,$GNGGA,141223.00,1338.99883,N,10029.57471,E,5,12,0.72,6.8,M,-27.8,M,1.0,0499*42
1780409543.312,$GNGSA,A,3,10,25,26,28,31,32,01,,,,,,1.28,0.72,1.06,1*02
1780409543.312,$GNGSA,A,3,79,68,78,66,77,67,,,,,,,1.28,0.72,1.06,2*05
1780409543.313,$GNGSA,A,3,34,05,06,09,16,25,31,36,,,,,1.28,0.72,1.06,3*00
1780409543.314,$GNGSA,A,3,06,07,09,10,33,24,25,23,,,,,1.28,0.72,1.06,4*04
1780409543.314,$GPGSV,3,1,10,02,16,264,17,10,52,150,41,25,19,042,32,26,62,193,45,1*61
1780409543.315,$GPGSV,3,2,10,28,45,358,44,31,51,311,46,32,42,040,48,40,37,260,42,1*6B
1780409543.316,$GPGSV,3,3,10,41,64,233,47,42,70,217,47,1*65
1780409543.316,$GPGSV,2,1,08,01,12,290,37,10,52,150,33,23,15,148,14,25,19,042,26,6*67
1780409543.317,$GPGSV,2,2,08,26,62,193,47,28,45,358,45,31,51,311,46,32,42,040,44,6*63
1780409543.318,$GPGSV,2,1,05,03,04,326,,16,30,197,,27,02,201,,29,05,094,,0*6F
1780409543.318,$GPGSV,2,2,05,29,05,094,,0*53
1780409543.319,$GLGSV,2,1,06,66,30,096,25,67,43,023,48,68,13,337,28,77,35,023,41,1*7E
1780409543.319,$GLGSV,2,2,06,78,80,247,49,79,27,211,24,1*7A
1780409543.320,$GLGSV,2,1,05,66,30,096,31,67,43,023,47,68,13,337,26,78,80,247,49,3*72
1780409543.320,$GLGSV,2,2,05,79,27,211,18,3*4F
1780409543.321,$GLGSV,1,1,03,81,02,194,,82,07,237,,83,01,284,,0*42
1780409543.322,$GAGSV,2,1,08,05,36,347,47,06,18,075,43,09,32,052,46,16,60,100,47,2*7A
1780409543.322,$GAGSV,2,2,08,25,42,182,27,31,19,046,32,34,28,279,44,36,35,217,26,2*7A
1780409543.323,$GAGSV,2,1,05,05,36,347,42,06,18,075,28,09,32,052,42,16,60,100,42,7*7B
1780409543.324,$GAGSV,2,2,05,34,28,279,42,7*41
1780409543.324,$GAGSV,1,1,03,03,08,302,,04,02,091,,11,11,171,,0*44
1780409543.325,$GBGSV,2,1,08,06,64,136,49,07,50,006,45,09,84,030,48,10,59,351,43,1*72
1780409543.325,$GBGSV,2,2,08,23,44,232,27,24,22,034,45,25,76,341,49,33,61,060,48,1*79
1780409543.326,$GBGSV,1,1,02,09,84,030,49,10,59,351,48,3*7B
1780409543.327,$GBGSV,2,1,08,01,42,107,,02,63,242,,03,71,140,,04,22,097,,0*74
1780409543.327,$GBGSV,2,2,08,04,22,097,,08,16,155,,13,10,199,,14,02,128,,0*75
1780409543.328,$GNGLL,1338.99883,N,10029.57471,E,141223.00,A,D*75
1780409544.309,$GNRMC,141224.00,A,1338.99887,N,10029.57494,E,0.848,78.95,020626,0.53,W,F,V*7A
1780409544.310,$GNVTG,78.95,T,79.48,M,0.848,N,1.570,K,D*3E
1780409544.312,$GNGGA,141224.00,1338.99887,N,10029.57494,E,5,12,0.72,6.7,M,-27.8,M,1.0,0499*45
1780409544.313,$GNGSA,A,3,10,25,26,28,31,32,01,,,,,,1.28,0.72,1.06,1*02
1780409544.313,$GNGSA,A,3,68,78,66,77,67,,,,,,,,1.28,0.72,1.06,2*0B
1780409544.314,$GNGSA,A,3,34,05,06,09,16,25,31,36,,,,,1.28,0.72,1.06,3*00
1780409544.314,$GNGSA,A,3,06,07,09,10,33,24,25,23,,,,,1.28,0.72,1.06,4*04
1780409544.315,$GPGSV,3,1,10,02,16,264,16,10,52,150,38,25,19,042,31,26,62,193,47,1*6F
1780409544.315,$GPGSV,3,2,10,28,45,358,43,31,51,311,47,32,42,040,45,40,37,260,42,1*60
1780409544.316,$GPGSV,3,3,10,41,64,233,48,42,70,217,47,1*6A
1780409544.317,$GPGSV,2,1,08,01,12,290,37,10,52,150,36,23,15,148,16,25,19,042,26,6*60
1780409544.317,$GPGSV,2,2,08,26,62,193,47,28,45,358,45,31,51,311,46,32,42,040,44,6*63
1780409544.318,$GPGSV,2,1,05,03,04,326,,16,30,197,,27,02,201,,29,05,094,,0*6F
1780409544.318,$GPGSV,2,2,05,29,05,094,,0*53
1780409544.319,$GLGSV,2,1,06,66,30,096,25,67,43,023,48,68,13,337,35,77,35,023,42,1*71
1780409544.320,$GLGSV,2,2,06,78,80,247,48,79,27,211,22,1*7D
1780409544.320,$GLGSV,2,1,05,66,30,096,26,67,43,023,47,68,13,337,33,78,80,247,49,3*70
1780409544.321,$GLGSV,2,2,05,79,27,211,19,3*4E
1780409544.321,$GLGSV,1,1,03,81,02,194,,82,07,237,,83,01,284,,0*42
1780409544.322,$GAGSV,2,1,08,05,36,347,48,06,18,075,43,09,32,052,46,16,60,100,46,2*74
1780409544.322,$GAGSV,2,2,08,25,42,182,29,31,19,046,25,34,28,279,45,36,35,217,26,2*73
1780409544.323,$GAGSV,2,1,06,05,36,347,41,06,18,075,27,09,32,052,41,16,60,100,41,7*74
1780409544.324,$GAGSV,2,2,06,31,19,046,27,34,28,279,42,7*7F
1780409544.324,$GAGSV,1,1,03,03,08,302,,04,02,091,,11,11,171,,0*44
1780409544.325,$GBGSV,2,1,08,06,64,136,48,07,50,006,45,09,84,030,47,10,59,351,43,1*7C
1780409544.326,$GBGSV,2,2,08,23,44,232,28,24,22,034,45,25,76,341,50,33,61,060,49,1*7F
1780409544.326,$GBGSV,1,1,02,09,84,030,49,10,59,351,47,3*74
1780409544.327,$GBGSV,2,1,08,01,42,107,,02,63,242,,03,71,140,,04,22,097,,0*74
1780409544.328,$GBGSV,2,2,08,04,22,097,,08,16,155,,13,10,199,,14,02,128,,0*75
1780409544.328,$GNGLL,1338.99887,N,10029.57494,E,141224.00,A,D*7D
1780409545.312,$GNRMC,141225.00,A,1338.99891,N,10029.57518,E,0.772,78.60,020626,0.53,W,F,V*75
1780409545.315,$GNVTG,78.60,T,79.13,M,0.772,N,1.429,K,D*31
1780409545.316,$GNGGA,141225.00,1338.99891,N,10029.57518,E,5,12,0.69,6.7,M,-27.8,M,1.0,0499*4C
1780409545.317,$GNGSA,A,3,10,25,26,28,31,32,01,,,,,,1.24,0.69,1.03,1*01
1780409545.317,$GNGSA,A,3,68,78,66,77,67,,,,,,,,1.24,0.69,1.03,2*08
1780409545.318,$GNGSA,A,3,34,05,06,09,16,25,31,36,,,,,1.24,0.69,1.03,3*03
1780409545.318,$GNGSA,A,3,06,07,09,10,33,24,25,23,,,,,1.24,0.69,1.03,4*07
1780409545.319,$GPGSV,3,1,10,02,16,264,17,10,52,150,41,25,19,042,35,26,62,193,46,1*65
1780409545.320,$GPGSV,3,2,10,28,45,358,45,31,51,311,47,32,42,040,46,40,37,260,42,1*65
1780409545.320,$GPGSV,3,3,10,41,64,233,48,42,70,217,47,1*6A
1780409545.321,$GPGSV,2,1,08,01,12,290,31,10,52,150,39,23,15,148,15,25,19,042,31,6*6C
1780409545.322,$GPGSV,2,2,08,26,62,193,47,28,45,358,45,31,51,311,46,32,42,040,43,6*64
1780409545.322,$GPGSV,2,1,05,03,04,326,,16,30,197,,27,02,201,,29,05,094,,0*6F
1780409545.323,$GPGSV,2,2,05,29,05,094,,0*53
1780409545.323,$GLGSV,2,1,06,66,30,096,25,67,43,023,48,68,13,337,28,77,35,023,40,1*7F
1780409545.324,$GLGSV,2,2,06,78,80,247,48,79,27,211,20,1*7F
1780409545.324,$GLGSV,2,1,05,66,30,096,27,67,43,023,48,68,13,337,29,78,80,247,48,3*74
1780409545.325,$GLGSV,2,2,05,79,27,211,18,3*4F
1780409545.325,$GLGSV,1,1,03,81,02,194,,82,07,237,,83,01,284,,0*42
1780409545.326,$GAGSV,2,1,08,05,36,347,48,06,18,075,43,09,32,052,47,16,60,100,46,2*75
1780409545.327,$GAGSV,2,2,08,25,42,182,29,31,19,046,26,34,28,279,46,36,35,217,27,2*72
1780409545.327,$GAGSV,2,1,06,05,36,347,42,06,18,075,33,09,32,052,41,16,60,100,42,7*71
1780409545.328,$GAGSV,2,2,06,31,19,046,29,34,28,279,42,7*71
1780409545.328,$GAGSV,1,1,03,03,08,302,,04,02,091,,11,11,171,,0*44
1780409545.329,$GBGSV,2,1,08,06,64,136,48,07,50,006,45,09,84,030,47,10,59,351,44,1*7B
1780409545.330,$GBGSV,2,2,08,23,44,232,33,24,22,034,44,25,76,341,50,33,61,060,49,1*74
1780409545.330,$GBGSV,1,1,02,09,84,030,49,10,59,351,49,3*7A
1780409545.331,$GBGSV,2,1,08,01,42,107,,02,63,242,,03,71,140,,04,22,097,,0*74
1780409545.331,$GBGSV,2,2,08,04,22,097,,08,16,155,,13,10,199,,14,02,128,,0*75
1780409545.332,$GNGLL,1338.99891,N,10029.57518,E,141225.00,A,D*7E
1780409546.310,$GNRMC,141226.00,A,1338.99896,N,10029.57539,E,0.686,76.91,020626,0.53,W,F,V*78
1780409546.311,$GNVTG,76.91,T,77.44,M,0.686,N,1.270,K,D*3D
1780409546.313,$GNGGA,141226.00,1338.99896,N,10029.57539,E,5,12,0.72,6.6,M,-27.8,M,1.0,0499*40
1780409546.314,$GNGSA,A,3,10,25,26,28,31,32,01,,,,,,1.28,0.72,1.06,1*02
1780409546.314,$GNGSA,A,3,68,78,66,77,67,,,,,,,,1.28,0.72,1.06,2*0B
1780409546.315,$GNGSA,A,3,34,05,06,09,16,25,31,36,,,,,1.28,0.72,1.06,3*00
1780409546.315,$GNGSA,A,3,06,07,09,10,33,24,25,23,,,,,1.28,0.72,1.06,4*04
1780409546.316,$GPGSV,3,1,09,10,52,150,34,25,19,042,33,26,62,193,46,28,45,358,45,1*6E
1780409546.316,$GPGSV,3,2,09,31,51,311,46,32,42,040,48,40,37,260,40,41,64,233,48,1*6D
1780409546.317,$GPGSV,3,3,09,42,70,217,46,1*5A
1780409546.318,$GPGSV,2,1,08,01,12,290,36,10,52,150,38,23,15,148,14,25,19,042,31,6*6B
1780409546.318,$GPGSV,2,2,08,26,62,193,46,28,45,358,45,31,51,311,45,32,42,040,44,6*61
1780409546.319,$GPGSV,2,1,06,02,16,264,,03,04,326,,16,30,197,,27,02,201,,0*6A
1780409546.319,$GPGSV,2,2,06,27,02,201,,29,05,094,,0*64
1780409546.320,$GLGSV,2,1,06,66,30,096,25,67,43,023,46,68,13,337,32,77,35,023,43,1*79
1780409546.321,$GLGSV,2,2,06,78,80,247,48,79,27,211,21,1*7E
1780409546.321,$GLGSV,2,1,05,66,30,096,27,67,43,023,45,68,13,337,22,78,80,247,48,3*72
1780409546.322,$GLGSV,2,2,05,79,27,211,20,3*44
1780409546.322,$GLGSV,1,1,03,81,02,194,,82,07,237,,83,01,284,,0*42
1780409546.323,$GAGSV,2,1,08,05,36,347,47,06,18,075,43,09,32,052,47,16,60,100,45,2*79
1780409546.323,$GAGSV,2,2,08,25,42,182,27,31,19,046,27,34,28,279,46,36,35,217,27,2*7D
1780409546.324,$GAGSV,2,1,06,05,36,347,42,06,18,075,33,09,32,052,42,16,60,100,41,7*71
1780409546.325,$GAGSV,2,2,06,31,19,046,29,34,28,279,42,7*71
1780409546.325,$GAGSV,1,1,03,03,08,302,,04,02,091,,11,11,171,,0*44
1780409546.326,$GBGSV,2,1,08,06,64,136,49,07,50,006,45,09,84,030,47,10,59,351,44,1*7A
1780409546.327,$GBGSV,2,2,08,23,44,232,29,24,22,034,44,25,76,341,49,33,61,060,48,1*76
1780409546.327,$GBGSV,1,1,02,09,84,030,49,10,59,351,47,3*74
1780409546.328,$GBGSV,2,1,08,01,42,107,,02,63,242,,03,71,140,,04,22,097,,0*74
1780409546.328,$GBGSV,2,2,08,04,22,097,,08,16,155,,13,10,199,,14,02,128,,0*75
1780409546.329,$GNGLL,1338.99896,N,10029.57539,E,141226.00,A,D*79
1780409547.312,$GNRMC,141227.00,A,1338.99900,N,10029.57560,E,0.801,78.42,020626,0.53,W,F,V*7A
1780409547.315,$GNVTG,78.42,T,78.95,M,0.801,N,1.483,K,D*35
1780409547.316,$GNGGA,141227.00,1338.99900,N,10029.57560,E,5,12,0.73,6.6,M,-27.8,M,1.0,0499*42
1780409547.317,$GNGSA,A,3,10,25,26,28,31,32,01,,,,,,1.23,0.73,1.00,1*0E
1780409547.317,$GNGSA,A,3,79,68,78,66,77,67,,,,,,,1.23,0.73,1.00,2*09
1780409547.318,$GNGSA,A,3,34,05,06,09,16,31,36,,,,,,1.23,0.73,1.00,3*0B
1780409547.318,$GNGSA,A,3,06,07,09,10,33,24,25,23,,,,,1.23,0.73,1.00,4*08
1780409547.319,$GPGSV,3,1,10,02,16,264,25,10,52,150,39,25,19,042,31,26,62,193,47,1*6E
1780409547.320,$GPGSV,3,2,10,28,45,358,42,31,51,311,46,32,42,040,46,40,37,260,40,1*61
1780409547.320,$GPGSV,3,3,10,41,64,233,48,42,70,217,46,1*6B
1780409547.321,$GPGSV,2,1,08,01,12,290,33,10,52,150,40,23,14,148,10,25,19,042,26,6*62
1780409547.322,$GPGSV,2,2,08,26,62,193,46,28,45,358,45,31,51,311,43,32,42,040,44,6*67
1780409547.322,$GPGSV,2,1,05,03,04,326,,16,30,197,,27,02,201,,29,05,094,,0*6F
1780409547.323,$GPGSV,2,2,05,29,05,094,,0*53
1780409547.323,$GLGSV,2,1,06,66,30,096,25,67,43,023,47,68,13,337,35,77,35,023,41,1*7D
1780409547.324,$GLGSV,2,2,06,78,80,247,48,79,27,211,21,1*7E
1780409547.325,$GLGSV,2,1,05,66,30,096,28,67,43,023,47,68,13,337,26,78,80,247,49,3*7A
1780409547.325,$GLGSV,2,2,05,79,27,211,21,3*45
1780409547.326,$GLGSV,1,1,03,81,02,194,,82,07,237,,83,01,284,,0*42
1780409547.326,$GAGSV,2,1,08,05,36,347,47,06,18,075,42,09,32,052,47,16,60,100,43,2*7E
1780409547.327,$GAGSV,2,2,08,25,42,182,11,31,19,046,28,34,28,279,46,36,35,217,28,2*78
1780409547.328,$GAGSV,2,1,06,05,36,347,41,06,18,075,33,09,32,052,43,16,60,100,38,7*7D
1780409547.328,$GAGSV,2,2,06,31,19,046,29,34,28,279,40,7*73
1780409547.329,$GAGSV,1,1,03,03,08,302,,04,02,091,,11,11,171,,0*44
1780409547.329,$GBGSV,2,1,08,06,64,136,49,07,50,006,46,09,84,030,47,10,59,351,45,1*78
1780409547.330,$GBGSV,2,2,08,23,44,232,36,24,22,034,45,25,76,341,49,33,61,060,48,1*79
1780409547.331,$GBGSV,1,1,02,09,84,030,49,10,59,351,48,3*7B
1780409547.331,$GBGSV,2,1,08,01,42,107,,02,63,242,,03,71,140,,04,22,097,,0*74
1780409547.332,$GBGSV,2,2,08,04,22,097,,08,16,155,,13,10,199,,14,02,128,,0*75
1780409547.332,$GNGLL,1338.99900,N,10029.57560,E,141227.00,A,D*7A
1780409548.315,$GNRMC,141228.00,A,1338.99906,N,10029.57584,E,0.872,73.66,020626,0.53,W,F,V*70
1780409548.317,$GNVTG,73.66,T,74.19,M,0.872,N,1.615,K,D*39
1780409548.319,$GNGGA,141228.00,1338.99906,N,10029.57584,E,5,12,0.69,6.6,M,-27.8,M,1.0,0499*4A
1780409548.320,$GNGSA,A,3,10,25,26,28,31,32,01,,,,,,1.19,0.69,0.97,1*03
1780409548.320,$GNGSA,A,3,79,68,78,66,77,67,,,,,,,1.19,0.69,0.97,2*04
1780409548.321,$GNGSA,A,3,34,05,06,09,16,31,36,,,,,,1.19,0.69,0.97,3*06
1780409548.321,$GNGSA,A,3,06,07,09,10,33,24,25,23,,,,,1.19,0.69,0.97,4*05
1780409548.322,$GPGSV,3,1,09,10,52,150,31,25,19,042,27,26,62,193,46,28,45,358,44,1*6F
1780409548.323,$GPGSV,3,2,09,31,51,311,44,32,42,040,49,40,37,260,42,41,64,233,47,1*63
1780409548.323,$GPGSV,3,3,09,42,70,217,46,1*5A
1780409548.324,$GPGSV,2,1,08,01,12,290,33,10,52,150,36,23,14,148,09,25,19,042,27,6*6A
1780409548.324,$GPGSV,2,2,08,26,62,193,45,28,45,358,45,31,51,311,43,32,42,040,43,6*63
1780409548.325,$GPGSV,2,1,06,02,16,264,,03,04,326,,16,30,197,,27,02,201,,0*6A
1780409548.326,$GPGSV,2,2,06,27,02,201,,29,05,094,,0*64
1780409548.326,$GLGSV,2,1,06,66,30,096,26,67,43,023,48,68,13,337,36,77,35,023,41,1*72
1780409548.327,$GLGSV,2,2,06,78,80,247,48,79,27,211,22,1*7D
1780409548.327,$GLGSV,2,1,05,66,30,096,28,67,43,023,46,68,13,337,26,78,80,247,49,3*7B
1780409548.328,$GLGSV,2,2,05,79,27,211,23,3*47
1780409548.328,$GLGSV,1,1,03,81,02,194,,82,07,237,,83,01,284,,0*42
1780409548.329,$GAGSV,2,1,08,05,36,347,47,06,18,075,42,09,32,052,47,16,60,100,44,2*79
1780409548.330,$GAGSV,2,2,08,25,42,182,16,31,19,046,29,34,28,279,46,36,35,217,20,2*76
1780409548.330,$GAGSV,2,1,06,05,36,347,42,06,18,075,33,09,32,052,42,16,60,100,35,7*72
1780409548.331,$GAGSV,2,2,06,31,19,046,27,34,28,279,40,7*7D
1780409548.331,$GAGSV,1,1,03,03,08,302,,04,02,091,,11,11,171,,0*44
1780409548.332,$GBGSV,2,1,08,06,64,136,47,07,50,006,46,09,84,030,48,10,59,351,44,1*78
1780409548.333,$GBGSV,2,2,08,23,44,232,30,24,22,034,44,25,76,341,49,33,61,060,50,1*77
1780409548.333,$GBGSV,1,1,02,09,84,030,49,10,59,351,48,3*7B
1780409548.334,$GBGSV,2,1,08,01,42,107,,02,63,242,,03,71,140,,04,22,097,,0*74
1780409548.335,$GBGSV,2,2,08,04,22,097,,08,16,155,,13,10,199,,14,02,128,,0*75
1780409548.335,$GNGLL,1338.99906,N,10029.57584,E,141228.00,A,D*79
1780409549.311,$GNRMC,141229.00,A,1338.99913,N,10029.57609,E,0.767,70.78,020626,0.53,W,F,V*74
1780409549.313,$GNVTG,70.78,T,71.31,M,0.767,N,1.420,K,D*35
1780409549.314,$GNGGA,141229.00,1338.99913,N,10029.57609,E,5,12,0.66,6.5,M,-27.8,M,1.0,0499*45
1780409549.315,$GNGSA,A,3,10,25,26,28,31,32,01,,,,,,1.16,0.66,0.96,1*02
1780409549.315,$GNGSA,A,3,79,68,78,66,77,67,,,,,,,1.16,0.66,0.96,2*05
1780409549.316,$GNGSA,A,3,34,05,06,09,16,25,31,36,,,,,1.16,0.66,0.96,3*00
1780409549.316,$GNGSA,A,3,06,07,09,10,33,24,25,23,,,,,1.16,0.66,0.96,4*04
1780409549.317,$GPGSV,3,1,09,10,52,150,26,25,18,041,27,26,62,193,46,28,45,358,44,1*6B
1780409549.318,$GPGSV,3,2,09,31,51,311,44,32,42,040,48,40,37,260,42,41,64,233,47,1*62
1780409549.318,$GPGSV,3,3,09,42,70,217,47,1*5B
1780409549.319,$GPGSV,2,1,08,01,12,290,36,10,52,150,30,23,14,148,10,25,18,041,25,6*61
1780409549.319,$GPGSV,2,2,08,26,62,193,45,28,45,358,45,31,51,311,45,32,42,040,45,6*63
1780409549.320,$GPGSV,2,1,06,02,16,264,,03,04,326,,16,30,197,,27,02,201,,0*6A
1780409549.320,$GPGSV,2,2,06,27,02,201,,29,05,094,,0*64
1780409549.321,$GLGSV,2,1,06,66,30,096,32,67,43,023,46,68,13,337,34,77,35,023,40,1*7A
1780409549.322,$GLGSV,2,2,06,78,80,247,48,79,27,211,20,1*7F
1780409549.322,$GLGSV,2,1,05,66,30,096,26,67,43,023,47,68,13,337,33,78,80,247,48,3*71
1780409549.323,$GLGSV,2,2,05,79,27,211,29,3*4D
1780409549.323,$GLGSV,1,1,03,81,02,194,,82,07,237,,83,01,284,,0*42
1780409549.324,$GAGSV,2,1,08,05,36,347,49,06,18,075,40,09,32,052,46,16,60,100,42,2*72
1780409549.325,$GAGSV,2,2,08,25,42,182,27,31,19,046,30,34,28,279,45,36,35,217,23,2*7C
1780409549.325,$GAGSV,2,1,06,05,36,347,41,06,18,075,33,09,32,052,41,16,60,100,32,7*75
1780409549.326,$GAGSV,2,2,06,31,19,046,25,34,28,279,43,7*7C
1780409549.326,$GAGSV,1,1,03,03,08,302,,04,02,091,,11,11,171,,0*44
1780409549.327,$GBGSV,2,1,08,06,64,136,48,07,50,006,45,09,84,030,47,10,59,351,45,1*7A
1780409549.328,$GBGSV,2,2,08,23,44,232,34,24,22,034,43,25,76,341,49,33,61,060,48,1*7D
1780409549.328,$GBGSV,1,1,02,09,84,030,49,10,59,351,49,3*7A
1780409549.329,$GBGSV,2,1,08,01,42,107,,02,63,242,,03,71,140,,04,22,097,,0*74
1780409549.329,$GBGSV,2,2,08,04,22,097,,08,16,155,,13,10,199,,14,02,128,,0*75
1780409549.330,$GNGLL,1338.99913,N,10029.57609,E,141229.00,A,D*7A
1780409550.304,$GNRMC,141230.00,A,1338.99920,N,10029.57631,E,0.714,73.39,020626,0.53,W,F,V*75
1780409550.305,$GNVTG,73.39,T,73.91,M,0.714,N,1.322,K,D*3A
1780409550.307,$GNGGA,141230.00,1338.99920,N,10029.57631,E,5,12,0.76,6.5,M,-27.8,M,1.0,0499*47
1780409550.308,$GNGSA,A,3,10,25,26,28,31,32,01,,,,,,1.32,0.76,1.07,1*0C
1780409550.308,$GNGSA,A,3,68,78,66,77,67,,,,,,,,1.32,0.76,1.07,2*05
1780409550.309,$GNGSA,A,3,34,05,06,09,16,25,31,36,,,,,1.32,0.76,1.07,3*0E
1780409550.309,$GNGSA,A,3,06,07,09,10,33,24,25,23,,,,,1.32,0.76,1.07,4*0A
1780409550.310,$GPGSV,3,1,09,10,52,150,35,25,18,041,30,26,63,193,46,28,45,358,42,1*68
1780409550.311,$GPGSV,3,2,09,31,51,311,45,32,42,040,44,40,37,260,41,41,64,233,47,1*6C
1780409550.311,$GPGSV,3,3,09,42,70,217,46,1*5A
1780409550.312,$GPGSV,2,1,08,01,12,290,35,10,52,150,29,23,14,148,12,25,18,041,25,6*68
1780409550.312,$GPGSV,2,2,08,26,63,193,45,28,45,358,45,31,51,311,43,32,42,040,45,6*64
1780409550.313,$GPGSV,2,1,06,02,16,264,,03,04,326,,16,30,197,,27,02,201,,0*6A
1780409550.313,$GPGSV,2,2,06,27,02,201,,29,05,094,,0*64
1780409550.314,$GLGSV,2,1,06,66,30,096,28,67,43,023,48,68,13,337,37,77,35,023,41,1*7D
1780409550.315,$GLGSV,2,2,06,78,80,247,48,79,27,211,20,1*7F
1780409550.315,$GLGSV,2,1,05,66,30,096,27,67,43,023,47,68,13,337,30,78,80,247,48,3*73
1780409550.316,$GLGSV,2,2,05,79,27,211,22,3*46
1780409550.316,$GLGSV,1,1,03,81,02,194,,82,07,237,,83,01,284,,0*42
1780409550.317,$GAGSV,2,1,08,05,36,347,49,06,18,075,40,09,32,052,44,16,60,100,39,2*7C
1780409550.318,$GAGSV,2,2,08,25,42,182,33,31,19,046,28,34,28,279,45,36,35,217,23,2*70
1780409550.318,$GAGSV,2,1,06,05,36,347,42,06,18,075,32,09,32,052,41,16,60,100,34,7*71
1780409550.319,$GAGSV,2,2,06,31,19,046,24,34,28,279,43,7*7D
1780409550.319,$GAGSV,1,1,03,03,08,302,,04,02,091,,11,11,171,,0*44
1780409550.320,$GBGSV,2,1,08,06,64,136,48,07,50,006,46,09,84,030,47,10,59,351,43,1*7F
1780409550.321,$GBGSV,2,2,08,23,44,232,37,24,22,034,42,25,76,341,48,33,61,060,49,1*7F
1780409550.321,$GBGSV,1,1,02,09,84,030,49,10,59,351,48,3*7B
1780409550.322,$GBGSV,2,1,08,01,42,107,,02,63,242,,03,71,140,,04,22,097,,0*74
1780409550.323,$GBGSV,2,2,08,04,22,097,,08,16,155,,13,10,199,,14,02,128,,0*75
1780409550.323,$GNGLL,1338.99920,N,10029.57631,E,141230.00,A,D*79
1780409551.308,$GNRMC,141231.00,A,1338.99926,N,10029.57653,E,0.797,73.33,020626,0.53,W,F,V*77
1780409551.310,$GNVTG,73.33,T,73.86,M,0.797,N,1.476,K,D*3B
1780409551.311,$GNGGA,141231.00,1338.99926,N,10029.57653,E,5,12,0.73,6.5,M,-27.8,M,1.0,0499*41
1780409551.311,$GNGSA,A,3,10,25,26,28,31,32,01,,,,,,1.27,0.73,1.04,1*0E
1780409551.312,$GNGSA,A,3,68,78,66,77,67,,,,,,,,1.27,0.73,1.04,2*07
1780409551.312,$GNGSA,A,3,34,05,06,09,16,25,31,36,,,,,1.27,0.73,1.04,3*0C
1780409551.313,$GNGSA,A,3,06,07,09,10,33,24,25,23,,,,,1.27,0.73,1.04,4*08
1780409551.313,$GPGSV,3,1,09,10,52,150,39,25,18,041,28,26,63,193,46,28,45,358,44,1*6B
1780409551.314,$GPGSV,3,2,09,31,51,311,44,32,42,040,48,40,37,260,42,41,64,233,47,1*62
1780409551.314,$GPGSV,3,3,09,42,70,217,47,1*5B
1780409551.315,$GPGSV,2,1,08,01,12,290,29,10,52,150,36,23,14,148,10,25,18,041,26,6*6A
1780409551.316,$GPGSV,2,2,08,26,63,193,45,28,45,358,46,31,51,311,43,32,42,040,44,6*66
1780409551.316,$GPGSV,2,1,06,02,16,264,,03,04,326,,16,30,197,,27,03,200,,0*6A
1780409551.317,$GPGSV,2,2,06,27,03,200,,29,05,094,,0*64
1780409551.318,$GLGSV,2,1,06,66,30,096,28,67,43,023,47,68,13,337,31,77,35,023,40,1*75
1780409551.318,$GLGSV,2,2,06,78,80,247,49,79,27,211,19,1*74
1780409551.319,$GLGSV,2,1,05,66,30,096,27,67,43,023,47,68,13,337,25,78,80,247,48,3*77
1780409551.319,$GLGSV,2,2,05,79,27,211,22,3*46
1780409551.320,$GLGSV,1,1,03,81,02,194,,82,07,237,,83,01,284,,0*42
1780409551.320,$GAGSV,2,1,08,05,36,347,48,06,18,075,40,09,32,052,42,16,60,100,38,2*7A
1780409551.321,$GAGSV,2,2,08,25,42,182,32,31,19,046,28,34,28,279,46,36,35,217,29,2*78
1780409551.322,$GAGSV,2,1,06,05,36,347,44,06,18,075,32,09,32,052,39,16,60,100,37,7*7B
1780409551.322,$GAGSV,2,2,06,31,19,046,22,34,28,279,42,7*7A
1780409551.323,$GAGSV,1,1,03,03,08,302,,04,02,091,,11,11,171,,0*44
1780409551.323,$GBGSV,2,1,08,06,64,136,47,07,50,006,46,09,84,030,47,10,59,351,45,1*76
1780409551.324,$GBGSV,2,2,08,23,44,232,26,24,22,034,40,25,76,341,49,33,61,060,49,1*7C
1780409551.325,$GBGSV,1,1,02,09,84,030,49,10,59,351,49,3*7A
1780409551.325,$GBGSV,2,1,08,01,42,107,,02,63,242,,03,71,140,,04,22,097,,0*74
1780409551.326,$GBGSV,2,2,08,04,22,097,,08,16,155,,13,10,199,,14,02,128,,0*75
1780409551.326,$GNGLL,1338.99926,N,10029.57653,E,141231.00,A,D*7A
1780409552.317,$GNRMC,141232.00,A,1338.99935,N,10029.57675,E,0.849,66.77,020626,0.53,W,F,V*7A
1780409552.319,$GNVTG,66.77,T,67.29,M,0.849,N,1.573,K,D*37
1780409552.320,$GNGGA,141232.00,1338.99935,N,10029.57675,E,5,12,0.69,6.5,M,-27.8,M,1.0,0499*4F
1780409552.320,$GNGSA,A,3,10,25,26,28,31,32,01,,,,,,1.24,0.69,1.03,1*01
1780409552.321,$GNGSA,A,3,68,78,66,77,67,,,,,,,,1.24,0.69,1.03,2*08
1780409552.321,$GNGSA,A,3,34,05,06,09,16,25,31,,,,,,1.24,0.69,1.03,3*06
1780409552.322,$GNGSA,A,3,06,07,09,10,33,24,25,23,,,,,1.24,0.69,1.03,4*07
1780409552.322,$GPGSV,3,1,09,10,52,150,34,25,18,041,28,26,63,193,46,28,44,359,41,1*63
1780409552.323,$GPGSV,3,2,09,31,51,311,45,32,42,040,46,40,37,260,41,41,64,233,47,1*6E
1780409552.323,$GPGSV,3,3,09,42,70,217,47,1*5B
1780409552.324,$GPGSV,2,1,08,01,12,290,29,10,52,150,38,23,14,148,12,25,18,041,25,6*65
1780409552.325,$GPGSV,2,2,08,26,63,193,45,28,44,359,46,31,51,311,43,32,42,040,44,6*66
1780409552.326,$GPGSV,2,1,06,02,16,264,,03,04,326,,16,30,197,,27,03,200,,0*6A
1780409552.326,$GPGSV,2,2,06,27,03,200,,29,05,094,,0*64
1780409552.327,$GLGSV,2,1,06,66,30,096,31,67,43,023,47,68,13,337,35,77,35,023,41,1*78
1780409552.327,$GLGSV,2,2,06,78,80,247,49,79,27,211,20,1*7E
1780409552.328,$GLGSV,2,1,05,66,30,096,26,67,43,023,47,68,13,337,31,78,80,247,49,3*72
1780409552.328,$GLGSV,2,2,05,79,27,211,21,3*45
1780409552.329,$GLGSV,1,1,03,81,02,194,,82,07,237,,83,01,284,,0*42
1780409552.330,$GAGSV,2,1,08,05,36,347,49,06,18,075,41,09,32,052,45,16,60,100,42,2*70
1780409552.330,$GAGSV,2,2,08,25,42,182,30,31,19,046,29,34,28,279,46,36,35,217,16,2*77
1780409552.331,$GAGSV,2,1,06,05,36,347,41,06,18,075,33,09,32,052,40,16,60,100,39,7*7F
1780409552.331,$GAGSV,2,2,06,31,19,046,22,34,28,279,40,7*78
1780409552.332,$GAGSV,1,1,03,03,08,302,,04,02,091,,11,11,171,,0*44
1780409552.333,$GBGSV,2,1,08,06,64,136,48,07,50,006,46,09,84,030,47,10,59,351,46,1*7A
1780409552.333,$GBGSV,2,2,08,23,44,232,40,24,22,034,37,25,76,341,50,33,61,060,48,1*75
1780409552.334,$GBGSV,1,1,02,09,84,030,49,10,59,351,49,3*7A
1780409552.334,$GBGSV,2,1,08,01,42,107,,02,63,242,,03,71,140,,04,22,097,,0*74
1780409552.335,$GBGSV,2,2,08,04,22,097,,08,16,155,,13,10,199,,14,02,128,,0*75
1780409552.336,$GNGLL,1338.99935,N,10029.57675,E,141232.00,A,D*7F
1780409553.310,$GNRMC,141233.00,A,1338.99943,N,10029.57697,E,0.835,69.01,020626,0.53,W,F,V*73
1780409553.312,$GNVTG,69.01,T,69.54,M,0.835,N,1.547,K,D*31
1780409553.314,$GNGGA,141233.00,1338.99943,N,10029.57697,E,5,12,0.69,6.4,M,-27.8,M,1.0,0499*42
1780409553.314,$GNGSA,A,3,10,25,26,28,31,32,01,,,,,,1.24,0.69,1.03,1*01
1780409553.315,$GNGSA,A,3,68,78,66,77,67,,,,,,,,1.24,0.69,1.03,2*08
1780409553.315,$GNGSA,A,3,34,05,06,09,16,25,31,,,,,,1.24,0.69,1.03,3*06
1780409553.316,$GNGSA,A,3,06,07,09,10,33,24,25,23,,,,,1.24,0.69,1.03,4*07
1780409553.317,$GPGSV,3,1,09,10,52,150,37,25,18,041,27,26,63,193,45,28,44,359,41,1*6C
1780409553.317,$GPGSV,3,2,09,31,51,311,44,32,42,040,45,40,37,260,41,41,64,233,45,1*6E
1780409553.318,$GPGSV,3,3,09,42,70,217,45,1*59
1780409553.319,$GPGSV,2,1,08,01,12,290,31,10,52,150,34,23,14,148,13,25,18,041,24,6*60
1780409553.319,$GPGSV,2,2,08,26,63,193,46,28,44,359,45,31,51,311,44,32,42,040,44,6*61
1780409553.320,$GPGSV,2,1,06,02,16,264,,03,04,326,,16,30,197,,27,03,200,,0*6A
1780409553.320,$GPGSV,2,2,06,27,03,200,,29,05,093,,0*63
1780409553.321,$GLGSV,2,1,06,66,30,096,32,67,43,023,47,68,13,337,35,77,35,023,42,1*78
1780409553.322,$GLGSV,2,2,06,78,80,247,49,79,27,211,22,1*7C
1780409553.322,$GLGSV,2,1,05,66,30,096,26,67,43,023,47,68,13,337,32,78,80,247,49,3*71
1780409553.323,$GLGSV,2,2,05,79,27,211,22,3*46
1780409553.323,$GLGSV,1,1,03,81,02,194,,82,07,237,,83,01,284,,0*42
1780409553.324,$GAGSV,2,1,08,05,36,347,48,06,18,075,42,09,32,052,44,16,60,100,44,2*75
1780409553.325,$GAGSV,2,2,08,25,42,182,28,31,19,046,31,34,28,279,46,36,35,217,15,2*74
1780409553.325,$GAGSV,2,1,07,05,36,347,42,06,18,075,34,09,32,052,40,16,60,100,40,7*74
1780409553.326,$GAGSV,2,2,07,25,42,182,25,31,19,046,21,34,28,279,41,7*46
1780409553.327,$GAGSV,1,1,03,03,08,302,,04,02,091,,11,11,171,,0*44
1780409553.327,$GBGSV,2,1,08,06,64,136,49,07,50,006,46,09,84,030,46,10,59,351,43,1*7F
1780409553.328,$GBGSV,2,2,08,23,44,232,34,24,22,034,37,25,76,341,49,33,61,060,49,1*7F
1780409553.328,$GBGSV,1,1,02,09,84,030,49,10,59,351,48,3*7B
1780409553.329,$GBGSV,2,1,08,01,42,107,,02,63,242,,03,71,140,,04,22,097,,0*74
1780409553.330,$GBGSV,2,2,08,04,22,097,,08,16,155,,13,10,199,,14,02,128,,0*75
1780409553.330,$GNGLL,1338.99943,N,10029.57697,E,141233.00,A,D*73
1780409554.309,$GNRMC,141234.00,A,1338.99951,N,10029.57718,E,0.847,68.60,020626,0.53,W,F,V*72
1780409554.310,$GNVTG,68.60,T,69.13,M,0.847,N,1.568,K,D*3C
1780409554.312,$GNGGA,141234.00,1338.99951,N,10029.57718,E,5,12,0.69,6.4,M,-27.8,M,1.0,0499*40
1780409554.313,$GNGSA,A,3,10,25,26,28,31,32,01,,,,,,1.24,0.69,1.03,1*01
1780409554.313,$GNGSA,A,3,68,78,66,77,67,,,,,,,,1.24,0.69,1.03,2*08
1780409554.314,$GNGSA,A,3,34,05,06,09,16,25,31,,,,,,1.24,0.69,1.03,3*06
1780409554.314,$GNGSA,A,3,06,07,09,10,33,24,25,23,,,,,1.24,0.69,1.03,4*07
1780409554.315,$GPGSV,3,1,09,10,52,150,38,25,18,041,31,26,63,193,46,28,44,359,42,1*64
1780409554.316,$GPGSV,3,2,09,31,51,311,45,32,42,040,45,40,37,260,42,41,64,233,46,1*6F
1780409554.316,$GPGSV,3,3,09,42,70,217,48,1*54
1780409554.317,$GPGSV,2,1,08,01,12,290,25,10,52,150,35,23,14,148,13,25,18,041,22,6*62
1780409554.317,$GPGSV,2,2,08,26,63,193,46,28,44,359,44,31,51,311,43,32,42,040,43,6*60
1780409554.318,$GPGSV,2,1,06,02,16,264,,03,04,326,,16,30,197,,27,03,200,,0*6A
1780409554.318,$GPGSV,2,2,06,27,03,200,,29,05,093,,0*63
1780409554.319,$GLGSV,2,1,06,66,30,096,26,67,43,023,48,68,13,337,35,77,35,023,41,1*71
1780409554.320,$GLGSV,2,2,06,78,80,247,48,79,27,211,23,1*7C
1780409554.320,$GLGSV,2,1,05,66,30,096,31,67,43,023,48,68,13,337,29,78,80,247,48,3*73
1780409554.321,$GLGSV,2,2,05,79,27,211,21,3*45
1780409554.321,$GLGSV,1,1,03,81,02,194,,82,07,237,,83,01,284,,0*42
1780409554.322,$GAGSV,2,1,08,05,36,347,46,06,18,075,40,09,32,052,42,16,60,100,45,2*7E
1780409554.322,$GAGSV,2,2,08,25,42,182,29,31,19,046,25,34,28,279,47,36,35,217,18,2*7C
1780409554.323,$GAGSV,2,1,07,05,36,347,42,06,18,075,31,09,32,052,38,16,60,100,38,7*71
1780409554.324,$GAGSV,2,2,07,25,42,182,30,31,19,046,21,34,28,279,43,7*40
1780409554.324,$GAGSV,1,1,03,03,08,302,,04,02,091,,11,11,171,,0*44
1780409554.325,$GBGSV,2,1,08,06,64,136,48,07,50,006,45,09,84,030,47,10,59,351,43,1*7C
1780409554.326,$GBGSV,2,2,08,23,44,232,23,24,22,034,39,25,76,341,49,33,61,060,49,1*77
1780409554.326,$GBGSV,1,1,02,09,84,030,48,10,59,351,49,3*7B
1780409554.327,$GBGSV,2,1,08,01,42,107,,02,63,242,,03,71,140,,04,22,097,,0*74
1780409554.327,$GBGSV,2,2,08,04,22,097,,08,16,155,,13,10,199,,14,02,128,,0*75
1780409554.328,$GNGLL,1338.99951,N,10029.57718,E,141234.00,A,D*71
1780409555.315,$GNRMC,141235.00,A,1338.99959,N,10029.57739,E,0.824,66.62,020626,0.53,W,F,V*71
1780409555.317,$GNVTG,66.62,T,67.15,M,0.824,N,1.526,K,D*37
1780409555.318,$GNGGA,141235.00,1338.99959,N,10029.57739,E,5,12,0.69,6.3,M,-27.8,M,1.0,0499*4D
1780409555.319,$GNGSA,A,3,10,25,26,28,31,32,01,,,,,,1.24,0.69,1.03,1*01
1780409555.319,$GNGSA,A,3,68,78,66,77,67,,,,,,,,1.24,0.69,1.03,2*08
1780409555.320,$GNGSA,A,3,34,05,06,09,16,25,31,36,,,,,1.24,0.69,1.03,3*03
1780409555.321,$GNGSA,A,3,06,07,09,10,33,24,25,23,,,,,1.24,0.69,1.03,4*07
1780409555.321,$GPGSV,3,1,09,10,52,150,32,25,18,041,25,26,63,193,46,28,44,359,44,1*6D
1780409555.322,$GPGSV,3,2,09,31,51,313,45,32,42,040,45,40,37,260,39,41,64,233,47,1*60
1780409555.323,$GPGSV,3,3,09,42,70,217,47,1*5B
1780409555.323,$GPGSV,2,1,08,01,12,290,27,10,52,150,38,23,14,148,14,25,18,041,24,6*6C
1780409555.324,$GPGSV,2,2,08,26,63,193,47,28,44,359,45,31,51,313,44,32,42,040,44,6*62
1780409555.325,$GPGSV,2,1,06,02,16,264,,03,04,326,,16,30,197,,27,03,200,,0*6A
1780409555.325,$GPGSV,2,2,06,27,03,200,,29,05,093,,0*63
1780409555.326,$GLGSV,2,1,06,66,30,096,26,67,43,023,46,68,13,337,37,77,35,023,41,1*7D
1780409555.326,$GLGSV,2,2,06,78,80,247,48,79,27,211,22,1*7D
1780409555.327,$GLGSV,2,1,05,66,30,096,27,67,43,023,46,68,13,337,33,78,80,247,48,3*71
1780409555.328,$GLGSV,2,2,05,79,27,211,22,3*46
1780409555.328,$GLGSV,1,1,03,81,02,194,,82,07,237,,83,01,284,,0*42
1780409555.329,$GAGSV,2,1,08,05,36,347,47,06,18,075,34,09,32,052,44,16,60,100,45,2*7A
1780409555.330,$GAGSV,2,2,08,25,42,182,31,31,19,046,28,34,28,279,45,36,35,217,32,2*72
1780409555.330,$GAGSV,2,1,07,05,36,347,41,06,18,075,35,09,32,052,38,16,60,100,41,7*78
1780409555.331,$GAGSV,2,2,07,25,42,182,30,31,19,046,20,34,28,279,42,7*40
1780409555.331,$GAGSV,1,1,03,03,08,302,,04,02,091,,11,11,171,,0*44
1780409555.332,$GBGSV,2,1,08,06,64,136,48,07,50,006,45,09,84,030,47,10,59,351,45,1*7A
1780409555.333,$GBGSV,2,2,08,23,44,232,36,24,22,034,34,25,76,341,49,33,61,060,49,1*7E
1780409555.333,$GBGSV,1,1,02,09,84,030,49,10,59,351,47,3*74
1780409555.334,$GBGSV,2,1,08,01,42,107,,02,63,242,,03,71,140,,04,22,097,,0*74
1780409555.335,$GBGSV,2,2,08,04,22,097,,08,16,155,,13,10,199,,14,02,128,,0*75
1780409555.335,$GNGLL,1338.99959,N,10029.57739,E,141235.00,A,D*7B
1780409556.312,$GNRMC,141236.00,A,1338.99968,N,10029.57759,E,0.787,65.41,020626,0.53,W,F,V*72
1780409556.314,$GNVTG,65.41,T,65.94,M,0.787,N,1.458,K,D*30
1780409556.316,$GNGGA,141236.00,1338.99968,N,10029.57759,E,5,12,0.69,6.2,M,-27.8,M,1.0,0499*4B
1780409556.316,$GNGSA,A,3,10,25,26,28,31,32,01,,,,,,1.24,0.69,1.03,1*01
1780409556.317,$GNGSA,A,3,68,78,66,77,67,,,,,,,,1.24,0.69,1.03,2*08
1780409556.317,$GNGSA,A,3,34,05,06,09,16,25,31,,,,,,1.24,0.69,1.03,3*06
1780409556.318,$GNGSA,A,3,06,07,09,10,33,24,25,23,,,,,1.24,0.69,1.03,4*07
1780409556.318,$GPGSV,3,1,09,10,52,150,40,25,18,041,30,26,63,193,46,28,44,359,44,1*6C
1780409556.319,$GPGSV,3,2,09,31,51,313,44,32,42,041,45,40,37,260,38,41,64,233,48,1*6E
1780409556.320,$GPGSV,3,3,09,42,70,217,46,1*5A
1780409556.320,$GPGSV,2,1,08,01,12,290,32,10,52,150,38,23,14,148,12,25,18,041,26,6*6C
1780409556.321,$GPGSV,2,2,08,26,63,193,47,28,44,359,45,31,51,313,45,32,42,041,44,6*62
1780409556.322,$GPGSV,2,1,06,02,16,264,,03,04,326,,16,30,197,,27,03,200,,0*6A
1780409556.322,$GPGSV,2,2,06,27,03,200,,29,05,093,,0*63
1780409556.323,$GLGSV,2,1,06,66,30,096,26,67,43,023,46,68,13,337,31,77,35,023,41,1*7B
1780409556.323,$GLGSV,2,2,06,78,80,247,48,79,27,211,21,1*7E
1780409556.324,$GLGSV,2,1,05,66,30,096,26,67,43,023,46,68,13,337,36,78,80,247,48,3*75
1780409556.324,$GLGSV,2,2,05,79,27,211,21,3*45
1780409556.325,$GLGSV,1,1,03,81,02,194,,82,07,237,,83,01,284,,0*42
1780409556.326,$GAGSV,2,1,08,05,36,347,46,06,18,075,37,09,32,052,41,16,60,100,44,2*7C
1780409556.326,$GAGSV,2,2,08,25,42,182,31,31,19,046,28,34,28,279,43,36,35,217,19,2*7D
1780409556.327,$GAGSV,2,1,07,05,36,347,40,06,18,075,32,09,32,052,36,16,60,100,40,7*71
1780409556.327,$GAGSV,2,2,07,25,42,182,29,31,19,046,19,34,28,279,41,7*41
1780409556.328,$GAGSV,1,1,03,03,08,302,,04,02,091,,11,11,171,,0*44
1780409556.329,$GBGSV,2,1,08,06,64,136,46,07,50,006,46,09,84,030,47,10,59,351,44,1*76
1780409556.329,$GBGSV,2,2,08,23,44,232,36,24,22,034,39,25,76,341,49,33,61,060,50,1*7B
1780409556.330,$GBGSV,1,1,02,09,84,030,49,10,59,351,48,3*7B
1780409556.330,$GBGSV,2,1,08,01,42,107,,02,63,242,,03,71,140,,04,22,097,,0*74
1780409556.331,$GBGSV,2,2,08,04,22,097,,08,16,155,,13,10,199,,14,02,128,,0*75
1780409556.332,$GNGLL,1338.99968,N,10029.57759,E,141236.00,A,D*7C
1780409557.312,$GNRMC,141237.00,A,1338.99976,N,10029.57778,E,0.788,64.99,020626,0.53,W,F,V*74
1780409557.315,$GNVTG,64.99,T,65.51,M,0.788,N,1.459,K,D*33
1780409557.316,$GNGGA,141237.00,1338.99976,N,10029.57778,E,5,12,0.73,6.0,M,-27.8,M,1.0,0499*4F
1780409557.316,$GNGSA,A,3,10,25,26,28,31,32,01,,,,,,1.27,0.73,1.04,1*0E
1780409557.318,$GNGSA,A,3,68,78,66,77,67,,,,,,,,1.27,0.73,1.04,2*07
1780409557.318,$GNGSA,A,3,34,05,06,09,16,25,31,36,,,,,1.27,0.73,1.04,3*0C
1780409557.319,$GNGSA,A,3,06,07,09,10,33,24,25,23,,,,,1.27,0.73,1.04,4*08
1780409557.320,$GPGSV,3,1,09,10,52,150,42,25,18,041,23,26,63,193,46,28,44,359,43,1*6B
1780409557.321,$GPGSV,3,2,09,31,51,313,46,32,42,041,45,40,37,260,39,41,64,233,48,1*6D
1780409557.321,$GPGSV,3,3,09,42,70,217,46,1*5A
1780409557.322,$GPGSV,2,1,08,01,12,290,32,10,52,150,38,23,14,148,15,25,18,041,27,6*6A
1780409557.323,$GPGSV,2,2,08,26,63,193,46,28,44,359,45,31,51,313,45,32,42,041,45,6*62
1780409557.323,$GPGSV,2,1,06,02,16,264,,03,04,326,,16,30,197,,27,03,200,,0*6A
1780409557.324,$GPGSV,2,2,06,27,03,200,,29,05,093,,0*63
1780409557.325,$GLGSV,2,1,06,66,30,096,27,67,43,023,46,68,13,337,36,77,35,023,40,1*7C
1780409557.326,$GLGSV,2,2,06,78,80,247,49,79,27,211,19,1*74
1780409557.326,$GLGSV,2,1,05,66,30,096,31,67,43,023,46,68,13,337,37,78,80,247,49,3*73
1780409557.327,$GLGSV,2,2,05,79,27,211,19,3*4E
1780409557.328,$GLGSV,1,1,03,81,02,194,,82,07,237,,83,01,284,,0*42
1780409557.328,$GAGSV,2,1,08,05,36,347,46,06,18,075,39,09,32,052,37,16,60,100,46,2*71
1780409557.329,$GAGSV,2,2,08,25,42,182,30,31,19,046,30,34,28,279,44,36,35,217,23,2*7B
1780409557.330,$GAGSV,2,1,07,05,36,347,40,06,18,075,26,09,32,052,35,16,60,100,42,7*75
1780409557.331,$GAGSV,2,2,07,25,42,182,29,31,19,046,21,34,28,279,43,7*48
1780409557.332,$GAGSV,1,1,03,03,08,302,,04,02,091,,11,11,171,,0*44
1780409557.333,$GBGSV,2,1,08,06,64,136,46,07,50,006,46,09,84,030,47,10,59,351,44,1*76
1780409557.333,$GBGSV,2,2,08,23,44,232,36,24,22,034,37,25,76,341,50,33,61,060,49,1*75
1780409557.334,$GBGSV,1,1,02,09,84,030,49,10,59,351,48,3*7B
1780409557.335,$GBGSV,2,1,08,01,42,107,,02,63,242,,03,71,140,,04,22,097,,0*74
1780409557.336,$GBGSV,2,2,08,04,22,097,,08,16,155,,13,10,199,,14,02,128,,0*75
1780409557.336,$GNGLL,1338.99976,N,10029.57778,E,141237.00,A,D*71
1780409558.314,$GNRMC,141238.00,A,1338.99985,N,10029.57798,E,0.814,61.89,020626,0.53,W,F,V*77
1780409558.316,$GNVTG,61.89,T,62.42,M,0.814,N,1.507,K,D*32
1780409558.317,$GNGGA,141238.00,1338.99985,N,10029.57798,E,5,12,0.84,5.9,M,-27.8,M,1.0,0499*40
1780409558.317,$GNGSA,A,3,10,25,26,28,31,32,,,,,,,1.54,0.84,1.29,1*0C
1780409558.318,$GNGSA,A,3,68,78,66,77,67,,,,,,,,1.54,0.84,1.29,2*04
1780409558.318,$GNGSA,A,3,34,05,06,09,16,25,31,36,,,,,1.54,0.84,1.29,3*0F
1780409558.319,$GNGSA,A,3,06,07,09,10,33,24,25,23,,,,,1.54,0.84,1.29,4*0B
1780409558.320,$GPGSV,3,1,09,10,52,150,38,25,18,041,23,26,63,193,46,28,44,359,43,1*66
1780409558.320,$GPGSV,3,2,09,31,51,313,44,32,42,041,46,40,37,260,40,41,64,233,47,1*6D
1780409558.321,$GPGSV,3,3,09,42,70,217,45,1*59
1780409558.321,$GPGSV,2,1,08,01,12,290,18,10,52,150,35,23,14,148,16,25,18,041,26,6*6D
1780409558.322,$GPGSV,2,2,08,26,63,193,46,28,44,359,44,31,51,313,46,32,42,041,45,6*60
1780409558.323,$GPGSV,2,1,06,02,16,264,,03,04,326,,16,30,197,,27,03,200,,0*6A
1780409558.323,$GPGSV,2,2,06,27,03,200,,29,05,093,,0*63
1780409558.324,$GLGSV,2,1,06,66,30,096,32,67,43,023,48,68,13,337,38,77,35,023,41,1*79
1780409558.324,$GLGSV,2,2,06,78,80,247,49,79,27,211,19,1*74
1780409558.325,$GLGSV,2,1,05,66,30,096,29,67,43,023,44,68,13,337,34,78,80,247,49,3*7B
1780409558.326,$GLGSV,2,2,05,79,27,211,19,3*4E
1780409558.326,$GLGSV,1,1,03,81,02,194,,82,07,237,,83,01,284,,0*42
1780409558.327,$GAGSV,2,1,08,05,36,347,44,06,18,075,37,09,32,052,39,16,60,100,48,2*7D
1780409558.327,$GAGSV,2,2,08,25,42,182,31,31,19,046,29,34,28,279,43,36,35,217,27,2*71
1780409558.328,$GAGSV,2,1,06,05,36,347,39,06,18,075,32,09,32,052,28,16,60,100,43,7*72
1780409558.329,$GAGSV,2,2,06,31,19,046,21,34,28,279,40,7*7B
1780409558.329,$GAGSV,1,1,03,03,08,302,,04,02,091,,11,11,171,,0*44
1780409558.330,$GBGSV,2,1,08,06,64,136,47,07,50,006,45,09,84,030,47,10,59,351,46,1*76
1780409558.330,$GBGSV,2,2,08,23,44,232,33,24,22,034,32,25,76,341,49,33,61,060,49,1*7D
1780409558.331,$GBGSV,1,1,02,09,84,030,49,10,59,351,49,3*7A
1780409558.332,$GBGSV,2,1,08,01,42,107,,02,63,242,,03,71,140,,04,22,097,,0*74
1780409558.332,$GBGSV,2,2,08,04,22,097,,08,16,155,,13,10,199,,14,02,128,,0*75
1780409558.333,$GNGLL,1338.99985,N,10029.57798,E,141238.00,A,D*7C
1780409559.307,$GNRMC,141239.00,A,1338.99995,N,10029.57816,E,0.793,60.22,020626,0.53,W,F,V*7E
1780409559.309,$GNVTG,60.22,T,60.75,M,0.793,N,1.468,K,D*3C
1780409559.311,$GNGGA,141239.00,1338.99995,N,10029.57816,E,5,12,0.70,5.7,M,-27.8,M,1.0,0499*4C
1780409559.311,$GNGSA,A,3,10,25,26,28,31,32,01,,,,,,1.27,0.70,1.06,1*0F
1780409559.312,$GNGSA,A,3,68,78,66,77,67,,,,,,,,1.27,0.70,1.06,2*06
1780409559.312,$GNGSA,A,3,34,05,06,09,16,25,31,36,,,,,1.27,0.70,1.06,3*0D
1780409559.313,$GNGSA,A,3,06,07,09,10,33,24,25,23,,,,,1.27,0.70,1.06,4*09
1780409559.313,$GPGSV,3,1,11,02,16,264,20,10,52,150,38,16,30,197,22,25,18,041,24,1*6E
1780409559.314,$GPGSV,3,2,11,26,63,193,47,28,44,359,45,31,51,313,46,32,42,041,45,1*6E
1780409559.315,$GPGSV,3,3,11,40,37,260,41,41,64,233,48,42,70,217,46,1*5B
1780409559.316,$GPGSV,2,1,08,01,12,290,27,10,52,150,36,23,14,148,16,25,18,041,25,6*61
1780409559.316,$GPGSV,2,2,08,26,63,193,47,28,44,359,43,31,51,313,45,32,42,041,45,6*65
1780409559.317,$GPGSV,1,1,04,03,04,326,,27,03,200,,29,05,093,,50,56,115,,0*62
1780409559.318,$GLGSV,2,1,06,66,30,096,31,67,43,023,48,68,13,337,29,77,35,023,41,1*7A
1780409559.318,$GLGSV,2,2,06,78,80,247,49,79,27,211,21,1*7F
1780409559.319,$GLGSV,2,1,05,66,30,096,31,67,43,023,47,68,13,337,37,78,80,247,49,3*72
1780409559.319,$GLGSV,2,2,05,79,27,211,20,3*44
1780409559.320,$GLGSV,1,1,03,81,02,194,,82,07,237,,83,01,284,,0*42
1780409559.321,$GAGSV,2,1,08,05,36,347,45,06,18,075,38,09,32,052,31,16,60,100,50,2*72
1780409559.321,$GAGSV,2,2,08,25,42,182,30,31,19,046,28,34,28,279,42,36,35,217,26,2*71
1780409559.322,$GAGSV,2,1,05,05,36,347,41,06,18,075,26,09,32,052,34,16,60,100,45,7*70
1780409559.322,$GAGSV,2,2,05,34,28,279,42,7*41
1780409559.323,$GAGSV,1,1,03,03,08,302,,04,02,091,,11,11,171,,0*44
1780409559.324,$GBGSV,2,1,08,06,64,136,48,07,50,006,46,09,84,030,47,10,59,351,45,1*79
1780409559.324,$GBGSV,2,2,08,23,44,232,36,24,22,034,35,25,76,341,49,33,61,060,49,1*7F
1780409559.325,$GBGSV,1,1,02,09,84,030,49,10,59,351,49,3*7A
1780409559.326,$GBGSV,2,1,08,01,42,107,,02,63,242,,03,71,140,,04,22,097,,0*74
1780409559.326,$GBGSV,2,2,08,04,22,097,,08,16,155,,13,10,199,,14,02,128,,0*75
1780409559.327,$GNGLL,1338.99995,N,10029.57816,E,141239.00,A,D*75
1780409560.316,$GNRMC,141240.00,A,1339.00006,N,10029.57834,E,0.849,58.49,020626,0.53,W,F,V*7C
1780409560.317,$GNVTG,58.49,T,59.02,M,0.849,N,1.573,K,D*33
1780409560.319,$GNGGA,141240.00,1339.00006,N,10029.57834,E,5,12,0.70,5.6,M,-27.8,M,1.0,0499*41
1780409560.320,$GNGSA,A,3,10,25,26,28,31,32,01,,,,,,1.27,0.70,1.06,1*0F
1780409560.320,$GNGSA,A,3,68,78,66,77,67,,,,,,,,1.27,0.70,1.06,2*06
1780409560.321,$GNGSA,A,3,34,05,06,09,16,25,31,36,,,,,1.27,0.70,1.06,3*0D
1780409560.321,$GNGSA,A,3,06,07,09,10,33,24,25,23,,,,,1.27,0.70,1.06,4*09
1780409560.322,$GPGSV,3,1,11,02,16,264,17,10,52,150,40,16,30,197,18,25,18,041,25,1*6D
1780409560.323,$GPGSV,3,2,11,26,63,193,47,28,44,359,43,31,51,313,47,32,42,041,47,1*6B
1780409560.323,$GPGSV,3,3,11,40,37,260,42,41,64,233,47,42,70,217,47,1*56
1780409560.324,$GPGSV,2,1,08,01,12,290,35,10,52,150,38,23,14,148,15,25,18,041,25,6*6F
1780409560.325,$GPGSV,2,2,08,26,63,193,46,28,44,359,46,31,51,313,45,32,42,041,45,6*61
1780409560.325,$GPGSV,1,1,04,03,04,326,,27,03,200,,29,05,093,,50,56,115,,0*62
1780409560.326,$GLGSV,2,1,06,66,30,096,37,67,43,023,47,68,13,337,29,77,35,023,39,1*7C
1780409560.326,$GLGSV,2,2,06,78,80,247,49,79,27,211,23,1*7D
1780409560.327,$GLGSV,2,1,05,66,30,096,34,67,43,023,47,68,13,337,34,78,80,247,49,3*74
1780409560.327,$GLGSV,2,2,05,79,27,211,20,3*44
1780409560.328,$GLGSV,1,1,03,81,02,194,,82,07,237,,83,01,284,,0*42
1780409560.329,$GAGSV,2,1,08,05,36,347,46,06,18,075,35,09,32,052,35,16,60,100,48,2*71
1780409560.329,$GAGSV,2,2,08,25,42,182,34,31,19,046,25,34,28,279,45,36,35,217,25,2*7C
1780409560.330,$GAGSV,2,1,05,05,36,347,39,06,18,075,31,09,32,052,29,16,60,100,45,7*75
1780409560.330,$GAGSV,2,2,05,34,28,279,41,7*42
1780409560.331,$GAGSV,1,1,03,03,08,302,,04,02,091,,11,11,171,,0*44
1780409560.331,$GBGSV,2,1,08,06,64,136,48,07,50,006,45,09,84,030,47,10,59,351,44,1*7B
1780409560.332,$GBGSV,2,2,08,23,44,232,36,24,22,034,34,25,76,341,49,33,61,060,50,1*76
1780409560.333,$GBGSV,1,1,02,09,84,030,49,10,59,351,48,3*7B
1780409560.333,$GBGSV,2,1,08,01,42,107,,02,63,242,,03,71,140,,04,22,097,,0*74
1780409560.334,$GBGSV,2,2,08,04,22,097,,08,16,155,,13,10,199,,14,02,128,,0*75
1780409560.334,$GNGLL,1339.00006,N,10029.57834,E,141240.00,A,D*79
1780409561.311,$GNRMC,141241.00,A,1339.00018,N,10029.57853,E,0.834,54.28,020626,0.53,W,F,V*72
1780409561.313,$GNVTG,54.28,T,54.81,M,0.834,N,1.545,K,D*31
1780409561.314,$GNGGA,141241.00,1339.00018,N,10029.57853,E,5,12,0.70,5.5,M,-27.8,M,1.0,0499*4D
1780409561.315,$GNGSA,A,3,10,25,26,28,31,32,01,,,,,,1.27,0.70,1.06,1*0F
1780409561.315,$GNGSA,A,3,68,78,66,77,67,,,,,,,,1.27,0.70,1.06,2*06
1780409561.316,$GNGSA,A,3,34,05,06,09,16,25,31,36,,,,,1.27,0.70,1.06,3*0D
1780409561.316,$GNGSA,A,3,06,07,09,10,33,24,25,23,,,,,1.27,0.70,1.06,4*09
1780409561.317,$GPGSV,3,1,11,02,16,264,14,10,52,150,41,16,30,197,15,25,18,041,25,1*62
1780409561.318,$GPGSV,3,2,11,26,63,193,47,28,44,359,44,31,51,313,44,32,42,041,47,1*6F
1780409561.318,$GPGSV,3,3,11,40,37,260,40,41,64,233,47,42,70,217,47,1*54
1780409561.319,$GPGSV,2,1,08,01,12,290,25,10,52,150,41,23,14,148,15,25,18,041,26,6*63
1780409561.320,$GPGSV,2,2,08,26,63,193,45,28,44,359,46,31,51,313,45,32,42,041,42,6*65
1780409561.321,$GPGSV,1,1,04,03,04,326,,27,03,200,,29,05,093,,50,56,115,,0*62
1780409561.321,$GLGSV,2,1,06,66,30,096,35,67,43,023,48,68,13,337,30,77,35,023,40,1*77
1780409561.322,$GLGSV,2,2,06,78,80,247,50,79,27,211,24,1*72
1780409561.323,$GLGSV,2,1,05,66,30,096,31,67,43,023,46,68,13,337,37,78,80,247,49,3*73
1780409561.323,$GLGSV,2,2,05,79,27,211,19,3*4E
1780409561.324,$GLGSV,1,1,03,81,02,194,,82,07,237,,83,01,284,,0*42
1780409561.324,$GAGSV,2,1,08,05,36,347,47,06,18,075,29,09,32,052,31,16,60,100,48,2*79
1780409561.325,$GAGSV,2,2,08,25,42,182,37,31,19,046,25,34,28,279,46,36,35,217,30,2*78
1780409561.326,$GAGSV,2,1,05,05,36,347,42,06,18,075,25,09,32,052,29,16,60,100,46,7*7F
1780409561.326,$GAGSV,2,2,05,34,28,279,41,7*42
1780409561.327,$GAGSV,1,1,03,03,08,302,,04,02,091,,11,11,171,,0*44
1780409561.327,$GBGSV,2,1,08,06,64,136,48,07,50,006,44,09,84,030,47,10,59,351,44,1*7A
1780409561.328,$GBGSV,2,2,08,23,44,232,27,24,22,034,35,25,76,341,50,33,61,060,50,1*7F
1780409561.329,$GBGSV,1,1,02,09,84,030,48,10,59,351,47,3*75
1780409561.329,$GBGSV,2,1,08,01,42,107,,02,63,242,,03,71,140,,04,22,097,,0*74
1780409561.330,$GBGSV,2,2,08,04,22,097,,08,16,155,,13,10,199,,14,02,128,,0*75
1780409561.330,$GNGLL,1339.00018,N,10029.57853,E,141241.00,A,D*76
1780409562.309,$GNRMC,141242.00,A,1339.00030,N,10029.57870,E,0.807,50.82,020626,0.53,W,F,V*7E
1780409562.311,$GNVTG,50.82,T,51.34,M,0.807,N,1.495,K,D*32
1780409562.313,$GNGGA,141242.00,1339.00030,N,10029.57870,E,5,12,0.70,5.4,M,-27.8,M,1.0,0499*44
1780409562.313,$GNGSA,A,3,10,25,26,28,31,32,01,,,,,,1.27,0.70,1.06,1*0F
1780409562.314,$GNGSA,A,3,68,78,66,77,67,,,,,,,,1.27,0.70,1.06,2*06
1780409562.314,$GNGSA,A,3,34,05,06,09,16,25,31,36,,,,,1.27,0.70,1.06,3*0D
1780409562.315,$GNGSA,A,3,06,07,09,10,33,24,25,23,,,,,1.27,0.70,1.06,4*09
1780409562.315,$GPGSV,3,1,11,02,16,264,10,10,52,150,44,16,30,197,11,25,18,041,26,1*64
1780409562.316,$GPGSV,3,2,11,26,63,193,46,28,44,359,43,31,51,313,44,32,42,041,46,1*68
1780409562.318,$GPGSV,3,3,11,40,37,260,39,41,64,233,48,42,70,217,47,1*55
1780409562.318,$GPGSV,2,1,08,01,12,290,31,10,52,150,41,23,14,148,15,25,18,041,30,6*61
1780409562.319,$GPGSV,2,2,08,26,63,193,46,28,44,359,46,31,51,313,44,32,42,041,42,6*67
1780409562.320,$GPGSV,1,1,04,03,04,326,,27,03,200,,29,05,093,,50,56,115,,0*62
1780409562.321,$GLGSV,2,1,06,66,30,096,32,67,43,023,47,68,13,337,33,77,35,023,40,1*7C
1780409562.321,$GLGSV,2,2,06,78,80,247,49,79,27,211,23,1*7D
1780409562.322,$GLGSV,2,1,05,66,30,096,27,67,43,023,45,68,13,337,35,78,80,247,49,3*75
1780409562.323,$GLGSV,2,2,05,79,27,211,20,3*44
1780409562.323,$GLGSV,1,1,03,81,02,194,,82,07,237,,83,01,284,,0*42
1780409562.324,$GAGSV,2,1,08,05,36,347,47,06,18,075,26,09,32,052,34,16,60,100,50,2*7A
1780409562.325,$GAGSV,2,2,08,25,42,182,37,31,19,046,24,34,28,279,46,36,35,217,34,2*7D
1780409562.326,$GAGSV,1,1,04,05,36,347,39,06,18,075,26,16,60,100,45,34,28,279,40,7*70
1780409562.326,$GAGSV,1,1,03,03,08,302,,04,02,091,,11,11,171,,0*44
1780409562.327,$GBGSV,2,1,08,06,64,136,48,07,50,006,46,09,84,030,47,10,59,351,46,1*7A
1780409562.328,$GBGSV,2,2,08,23,44,232,39,24,22,034,32,25,76,341,50,33,61,060,49,1*7F
1780409562.329,$GBGSV,1,1,02,09,84,030,49,10,59,351,47,3*74
1780409562.329,$GBGSV,2,1,08,01,42,107,,02,63,242,,03,71,140,,04,22,097,,0*74
1780409562.330,$GBGSV,2,2,08,04,22,097,,08,16,155,,13,10,199,,14,02,128,,0*75
1780409562.331,$GNGLL,1339.00030,N,10029.57870,E,141242.00,A,D*7E
1780409563.309,$GNRMC,141243.00,A,1339.00043,N,10029.57885,E,0.774,49.33,020626,0.53,W,F,V*78
1780409563.311,$GNVTG,49.33,T,49.86,M,0.774,N,1.434,K,D*30
1780409563.312,$GNGGA,141243.00,1339.00043,N,10029.57885,E,5,12,0.70,5.2,M,-27.8,M,1.0,0499*4D
1780409563.313,$GNGSA,A,3,10,25,26,28,31,32,01,,,,,,1.27,0.70,1.06,1*0F
1780409563.313,$GNGSA,A,3,68,78,66,77,67,,,,,,,,1.27,0.70,1.06,2*06
1780409563.314,$GNGSA,A,3,34,05,06,09,16,25,31,36,,,,,1.27,0.70,1.06,3*0D
1780409563.314,$GNGSA,A,3,06,07,09,10,33,24,25,23,,,,,1.27,0.70,1.06,4*09
1780409563.315,$GPGSV,3,1,11,02,16,264,08,10,52,150,45,16,30,197,09,25,18,041,24,1*67
1780409563.316,$GPGSV,3,2,11,26,63,193,46,28,44,359,44,31,51,313,45,32,42,041,47,1*6F
1780409563.317,$GPGSV,3,3,11,40,37,260,40,41,64,233,48,42,70,217,45,1*59
1780409563.317,$GPGSV,2,1,08,01,12,290,27,10,52,150,42,23,14,148,15,25,18,041,26,6*62
1780409563.318,$GPGSV,2,2,08,26,63,193,46,28,44,359,46,31,51,313,44,32,42,041,43,6*66
1780409563.319,$GPGSV,1,1,04,03,04,326,,27,03,200,,29,05,093,,50,56,115,,0*62
1780409563.320,$GLGSV,2,1,06,66,30,096,29,67,43,023,47,68,13,337,36,77,35,023,42,1*71
1780409563.320,$GLGSV,2,2,06,78,80,247,49,79,27,211,24,1*7A
1780409563.321,$GLGSV,2,1,05,66,30,096,30,67,43,023,46,68,13,337,41,78,80,247,49,3*73
1780409563.321,$GLGSV,2,2,05,79,27,211,18,3*4F
1780409563.322,$GLGSV,1,1,03,81,02,194,,82,07,237,,83,01,284,,0*42
1780409563.322,$GAGSV,2,1,08,05,36,347,45,06,18,075,34,09,32,052,35,16,60,100,51,2*7B
1780409563.323,$GAGSV,2,2,08,25,42,182,37,31,19,046,21,34,28,279,46,36,35,217,23,2*7E
1780409563.324,$GAGSV,1,1,04,05,36,347,40,06,18,075,26,16,60,100,46,34,28,279,41,7*7C
1780409563.324,$GAGSV,1,1,03,03,08,302,,04,02,091,,11,11,171,,0*44
1780409563.325,$GBGSV,2,1,08,06,64,136,47,07,50,006,45,09,84,030,48,10,59,351,45,1*7A
1780409563.326,$GBGSV,2,2,08,23,44,232,35,24,22,034,27,25,76,341,48,33,61,060,50,1*76
1780409563.326,$GBGSV,1,1,02,09,84,030,49,10,59,351,47,3*74
1780409563.327,$GBGSV,2,1,08,01,42,107,,02,63,242,,03,71,140,,04,22,097,,0*74
1780409563.328,$GBGSV,2,2,08,04,22,097,,08,16,155,,13,10,199,,14,02,128,,0*75
1780409563.328,$GNGLL,1339.00043,N,10029.57885,E,141243.00,A,D*71
1780409564.310,$GNRMC,141244.00,A,1339.00059,N,10029.57901,E,0.812,45.88,020626,0.53,W,F,V*7A
1780409564.312,$GNVTG,45.88,T,46.41,M,0.812,N,1.505,K,D*34
1780409564.313,$GNGGA,141244.00,1339.00059,N,10029.57901,E,5,12,0.64,5.1,M,-27.8,M,1.0,0499*4A
1780409564.314,$GNGSA,A,3,10,25,26,28,31,32,01,,,,,,1.18,0.64,0.99,1*01
1780409564.314,$GNGSA,A,3,79,68,78,66,77,67,,,,,,,1.18,0.64,0.99,2*06
1780409564.315,$GNGSA,A,3,34,05,06,09,16,25,31,36,,,,,1.18,0.64,0.99,3*03
1780409564.315,$GNGSA,A,3,06,07,09,10,33,24,25,23,,,,,1.18,0.64,0.99,4*07
1780409564.316,$GPGSV,3,1,11,02,16,264,08,10,52,150,44,16,30,197,10,25,18,041,22,1*68
1780409564.317,$GPGSV,3,2,11,26,63,193,47,28,44,359,44,31,51,313,45,32,42,041,48,1*61
1780409564.317,$GPGSV,3,3,11,40,37,260,40,41,64,233,46,42,70,217,45,1*57
1780409564.318,$GPGSV,2,1,08,01,12,290,26,10,52,150,41,23,14,148,13,25,18,041,31,6*60
1780409564.319,$GPGSV,2,2,08,26,63,193,47,28,44,359,47,31,51,313,45,32,42,041,45,6*61
1780409564.319,$GPGSV,1,1,04,03,04,326,,27,03,200,,29,05,093,,50,56,115,,0*62
1780409564.320,$GLGSV,2,1,06,66,30,096,36,67,43,023,48,68,13,337,33,77,35,023,40,1*77
1780409564.321,$GLGSV,2,2,06,78,80,247,48,79,27,211,26,1*79
1780409564.321,$GLGSV,2,1,05,66,30,096,31,67,43,023,47,68,13,337,43,78,80,247,47,3*7F
1780409564.322,$GLGSV,2,2,05,79,27,211,21,3*45
1780409564.322,$GLGSV,1,1,03,81,02,194,,82,07,237,,83,01,284,,0*42
1780409564.323,$GAGSV,2,1,08,05,36,347,42,06,18,075,30,09,32,052,36,16,60,100,52,2*78
1780409564.323,$GAGSV,2,2,08,25,42,182,37,31,19,046,30,34,28,279,43,36,35,217,29,2*71
1780409564.324,$GAGSV,1,1,04,05,36,347,40,06,18,075,29,16,60,100,47,34,28,279,41,7*72
1780409564.325,$GAGSV,1,1,03,03,08,302,,04,02,091,,11,11,171,,0*44
1780409564.325,$GBGSV,2,1,08,06,64,136,47,07,50,006,46,09,84,030,46,10,59,351,44,1*76
1780409564.326,$GBGSV,2,2,08,23,44,232,36,24,22,034,33,25,76,341,49,33,61,060,48,1*78
1780409564.327,$GBGSV,1,1,02,09,84,030,49,10,59,351,47,3*74
1780409564.327,$GBGSV,2,1,08,01,42,107,,02,63,242,,03,71,140,,04,22,097,,0*74
1780409564.328,$GBGSV,2,2,08,04,22,097,,08,16,155,,13,10,199,,14,02,128,,0*75
1780409564.328,$GNGLL,1339.00059,N,10029.57901,E,141244.00,A,D*70
1780409565.315,$GNRMC,141245.00,A,1339.00075,N,10029.57917,E,0.788,45.95,020626,0.53,W,F,V*72
1780409565.317,$GNVTG,45.95,T,46.48,M,0.788,N,1.459,K,D*35
1780409565.318,$GNGGA,141245.00,1339.00075,N,10029.57917,E,5,12,0.64,5.0,M,-27.8,M,1.0,0499*43
1780409565.319,$GNGSA,A,3,10,25,26,28,31,32,01,,,,,,1.18,0.64,0.99,1*01
1780409565.319,$GNGSA,A,3,79,68,78,66,77,67,,,,,,,1.18,0.64,0.99,2*06
1780409565.320,$GNGSA,A,3,34,05,06,09,16,25,31,,,,,,1.18,0.64,0.99,3*06
1780409565.321,$GNGSA,A,3,06,07,09,10,33,24,25,23,,,,,1.18,0.64,0.99,4*07
1780409565.321,$GPGSV,3,1,12,02,16,264,11,10,52,150,44,16,30,197,10,23,14,148,21,1*62
1780409565.322,$GPGSV,3,2,12,25,18,041,23,26,63,193,46,28,44,359,45,31,51,313,46,1*65
1780409565.323,$GPGSV,3,3,12,32,42,041,47,40,37,260,41,41,64,233,46,42,70,217,45,1*64
1780409565.323,$GPGSV,2,1,08,01,12,290,31,10,52,150,41,23,14,148,10,25,18,041,24,6*61
1780409565.324,$GPGSV,2,2,08,26,63,193,46,28,44,359,45,31,51,313,44,32,42,041,42,6*64
1780409565.325,$GPGSV,1,1,04,03,04,326,,27,03,200,,29,05,093,,50,56,115,,0*62
1780409565.325,$GLGSV,2,1,06,66,30,096,39,67,43,023,47,68,13,337,30,77,35,023,42,1*76
1780409565.326,$GLGSV,2,2,06,78,80,247,48,79,27,211,26,1*79
1780409565.327,$GLGSV,2,1,05,66,30,096,35,67,43,023,48,68,13,337,35,78,80,247,49,3*7B
1780409565.327,$GLGSV,2,2,05,79,27,211,23,3*47
1780409565.328,$GLGSV,1,1,03,81,02,194,,82,07,237,,83,01,284,,0*42
1780409565.328,$GAGSV,2,1,08,05,36,347,43,06,18,075,36,09,32,052,35,16,60,100,53,2*7D
1780409565.329,$GAGSV,2,2,08,25,42,182,34,31,19,046,30,34,28,279,44,36,35,217,19,2*76
1780409565.330,$GAGSV,2,1,06,05,36,347,38,06,18,075,29,09,32,052,29,16,60,100,47,7*7C
1780409565.330,$GAGSV,2,2,06,25,42,182,32,34,28,279,43,7*78
1780409565.331,$GAGSV,1,1,03,03,08,302,,04,02,091,,11,11,171,,0*44
1780409565.332,$GBGSV,2,1,08,06,64,136,45,07,50,006,46,09,84,030,48,10,59,351,44,1*7A
1780409565.332,$GBGSV,2,2,08,23,44,232,36,24,22,034,21,25,76,341,48,33,61,060,50,1*73
1780409565.333,$GBGSV,1,1,02,09,84,030,49,10,59,351,48,3*7B
1780409565.333,$GBGSV,2,1,08,01,42,107,,02,63,242,,03,71,140,,04,22,097,,0*74
1780409565.334,$GBGSV,2,2,08,04,22,097,,08,16,155,,13,10,199,,14,02,128,,0*75
1780409565.334,$GNGLL,1339.00075,N,10029.57917,E,141245.00,A,D*78
1780409566.319,$GNRMC,141246.00,A,1339.00092,N,10029.57932,E,0.774,39.45,020626,0.53,W,F,V*7A
1780409566.321,$GNVTG,39.45,T,39.98,M,0.774,N,1.433,K,D*39
1780409566.322,$GNGGA,141246.00,1339.00092,N,10029.57932,E,5,12,0.67,5.0,M,-27.8,M,1.0,0499*4D
1780409566.323,$GNGSA,A,3,10,25,26,28,31,32,01,,,,,,1.20,0.67,0.99,1*09
1780409566.323,$GNGSA,A,3,79,68,78,66,77,67,,,,,,,1.20,0.67,0.99,2*0E
1780409566.324,$GNGSA,A,3,34,05,06,09,16,25,31,36,,,,,1.20,0.67,0.99,3*0B
1780409566.324,$GNGSA,A,3,06,07,09,10,33,24,25,23,,,,,1.20,0.67,0.99,4*0F
1780409566.325,$GPGSV,3,1,12,02,16,264,11,10,52,150,42,16,30,197,09,23,14,148,19,1*67
1780409566.326,$GPGSV,3,2,12,25,18,041,24,26,63,193,46,28,44,359,44,31,51,313,44,1*61
1780409566.326,$GPGSV,3,3,12,32,42,041,45,40,37,260,41,41,64,233,48,42,70,217,46,1*6B
1780409566.327,$GPGSV,2,1,08,01,12,290,26,10,52,150,40,23,14,148,10,25,18,041,24,6*66
1780409566.328,$GPGSV,2,2,08,26,63,193,44,28,44,359,46,31,51,313,43,32,42,041,43,6*63
1780409566.329,$GPGSV,1,1,04,03,04,326,,27,03,200,,29,05,093,,50,56,115,,0*62
1780409566.329,$GLGSV,2,1,06,66,30,096,37,67,43,023,48,68,13,337,36,77,35,023,42,1*71
1780409566.330,$GLGSV,2,2,06,78,80,247,49,79,27,211,25,1*7B
1780409566.330,$GLGSV,2,1,05,66,30,096,40,67,43,023,45,68,13,337,28,78,80,247,49,3*78
1780409566.331,$GLGSV,2,2,05,79,27,211,24,3*40
1780409566.332,$GLGSV,1,1,03,81,02,194,,82,07,237,,83,01,284,,0*42
1780409566.332,$GAGSV,2,1,08,05,36,347,45,06,18,075,33,09,32,052,36,16,60,100,52,2*7C
1780409566.333,$GAGSV,2,2,08,25,42,182,30,31,19,046,21,34,28,279,42,36,35,217,30,2*7F
1780409566.334,$GAGSV,2,1,06,05,36,347,41,06,18,075,28,16,60,100,48,25,42,182,36,7*77
1780409566.334,$GAGSV,2,2,06,31,19,046,28,34,28,279,41,7*73
1780409566.335,$GAGSV,1,1,03,03,08,302,,04,02,091,,11,11,171,,0*44
1780409566.335,$GBGSV,2,1,08,06,64,136,45,07,50,006,46,09,84,030,47,10,59,351,45,1*74
1780409566.336,$GBGSV,2,2,08,23,44,232,40,24,22,034,22,25,76,341,49,33,61,060,49,1*78
1780409566.337,$GBGSV,1,1,02,09,84,030,49,10,59,351,49,3*7A
1780409566.337,$GBGSV,2,1,08,01,42,107,,02,63,242,,03,71,140,,04,22,097,,0*74
1780409566.338,$GBGSV,2,2,08,04,22,097,,08,16,155,,13,10,199,,14,02,128,,0*75
1780409566.339,$GNGLL,1339.00092,N,10029.57932,E,141246.00,A,D*75
1780409567.314,$GNRMC,141247.00,A,1339.00107,N,10029.57944,E,0.830,38.97,020626,0.53,W,F,V*76
1780409567.316,$GNVTG,38.97,T,39.50,M,0.830,N,1.537,K,D*39
1780409567.317,$GNGGA,141247.00,1339.00107,N,10029.57944,E,5,12,0.66,4.8,M,-27.8,M,1.0,0499*48
1780409567.318,$GNGSA,A,3,10,25,26,28,31,32,01,,,,,,1.22,0.66,1.02,1*09
1780409567.318,$GNGSA,A,3,79,68,78,66,77,67,,,,,,,1.22,0.66,1.02,2*0E
1780409567.319,$GNGSA,A,3,34,05,06,09,16,25,31,36,,,,,1.22,0.66,1.02,3*0B
1780409567.319,$GNGSA,A,3,06,07,09,10,33,24,25,23,,,,,1.22,0.66,1.02,4*0F
1780409567.320,$GPGSV,3,1,11,02,16,264,08,10,52,150,41,16,30,197,08,25,18,041,24,1*62
1780409567.321,$GPGSV,3,2,11,26,63,193,44,28,44,359,45,31,51,313,45,32,42,041,44,1*6F
1780409567.322,$GPGSV,3,3,11,40,37,260,41,41,64,233,48,42,70,217,45,1*58
1780409567.323,$GPGSV,2,1,08,01,12,290,26,10,52,150,39,23,14,148,10,25,18,041,25,6*69
1780409567.324,$GPGSV,2,2,08,26,63,193,43,28,44,359,45,31,51,313,44,32,42,041,42,6*61
1780409567.325,$GPGSV,1,1,04,03,04,326,,27,03,200,,29,05,093,,50,56,115,,0*62
1780409567.326,$GLGSV,2,1,06,66,30,096,40,67,43,023,49,68,13,337,29,77,35,023,41,1*7D
1780409567.327,$GLGSV,2,2,06,78,80,247,49,79,27,211,25,1*7B
1780409567.328,$GLGSV,2,1,05,66,30,096,41,67,43,023,46,68,13,337,31,78,80,247,49,3*72
1780409567.328,$GLGSV,2,2,05,79,27,211,25,3*41
1780409567.329,$GLGSV,1,1,03,81,02,194,,82,07,237,,83,01,284,,0*42
1780409567.330,$GAGSV,2,1,08,05,36,347,43,06,18,075,38,09,32,052,33,16,60,100,54,2*72
1780409567.331,$GAGSV,2,2,08,25,42,182,29,31,19,046,21,34,28,279,45,36,35,217,34,2*74
1780409567.332,$GAGSV,1,1,04,05,36,347,40,16,60,100,48,25,42,182,37,34,28,279,40,7*74
1780409567.333,$GAGSV,1,1,03,03,08,302,,04,02,091,,11,11,171,,0*44
1780409567.334,$GBGSV,2,1,08,06,64,136,44,07,50,006,45,09,84,030,47,10,59,351,45,1*76
1780409567.335,$GBGSV,2,2,08,23,44,232,35,24,22,034,24,25,76,341,49,33,61,060,50,1*74
1780409567.335,$GBGSV,1,1,02,09,84,030,49,10,59,351,47,3*74
1780409567.336,$GBGSV,2,1,08,01,42,107,,02,63,242,,03,71,140,,04,22,097,,0*74
1780409567.337,$GBGSV,2,2,08,04,22,097,,08,16,155,,13,10,199,,14,02,128,,0*75
1780409567.338,$GNGLL,1339.00107,N,10029.57944,E,141247.00,A,D*78
1780409568.308,$GNRMC,141248.00,A,1339.00123,N,10029.57956,E,0.824,37.81,020626,0.53,W,F,V*71
1780409568.310,$GNVTG,37.81,T,38.34,M,0.824,N,1.526,K,D*37
1780409568.311,$GNGGA,141248.00,1339.00123,N,10029.57956,E,5,12,0.66,4.5,M,-27.8,M,1.0,0499*4F
1780409568.312,$GNGSA,A,3,10,25,26,28,31,32,01,,,,,,1.22,0.66,1.02,1*09
1780409568.312,$GNGSA,A,3,79,68,78,66,77,67,,,,,,,1.22,0.66,1.02,2*0E
1780409568.313,$GNGSA,A,3,34,05,06,09,16,25,31,36,,,,,1.22,0.66,1.02,3*0B
1780409568.313,$GNGSA,A,3,06,07,09,10,33,24,25,23,,,,,1.22,0.66,1.02,4*0F
1780409568.314,$GPGSV,3,1,11,02,16,264,07,10,52,150,39,16,30,197,08,25,18,041,24,1*62
1780409568.315,$GPGSV,3,2,11,26,63,193,46,28,44,359,44,31,51,313,45,32,42,041,45,1*6D
1780409568.315,$GPGSV,3,3,11,40,37,260,41,41,64,233,48,42,70,217,46,1*5B
1780409568.316,$GPGSV,2,1,08,01,12,290,31,10,52,150,39,23,14,148,10,25,18,041,24,6*6E
1780409568.317,$GPGSV,2,2,08,26,63,193,47,28,44,359,45,31,51,313,45,32,42,041,43,6*65
1780409568.317,$GPGSV,1,1,04,03,04,326,,27,03,200,,29,05,093,,50,56,115,,0*62
1780409568.318,$GLGSV,2,1,06,66,30,096,43,67,43,023,46,68,13,337,36,77,35,023,41,1*7F
1780409568.319,$GLGSV,2,2,06,78,80,247,49,79,27,211,23,1*7D
1780409568.319,$GLGSV,2,1,05,66,30,096,43,67,43,023,47,68,13,337,33,78,80,247,49,3*73
1780409568.320,$GLGSV,2,2,05,79,27,211,25,3*41
1780409568.320,$GLGSV,1,1,03,81,02,194,,82,07,237,,83,01,284,,0*42
1780409568.321,$GAGSV,2,1,08,05,36,347,44,06,18,075,33,09,32,052,33,16,60,100,54,2*7E
1780409568.322,$GAGSV,2,2,08,25,42,182,38,31,19,046,28,34,28,279,44,36,35,217,28,2*71
1780409568.322,$GAGSV,1,1,04,05,36,347,39,16,60,100,47,25,42,182,37,34,28,279,39,7*7B
1780409568.323,$GAGSV,1,1,03,03,08,302,,04,02,091,,11,11,171,,0*44
1780409568.324,$GBGSV,2,1,08,06,64,136,42,07,50,006,47,09,84,030,47,10,59,351,45,1*72
1780409568.324,$GBGSV,2,2,08,23,44,232,32,24,22,034,23,25,76,341,49,33,61,060,46,1*73
1780409568.325,$GBGSV,1,1,02,09,84,030,49,10,59,351,47,3*74
1780409568.325,$GBGSV,2,1,08,01,42,107,,02,63,242,,03,71,140,,04,22,097,,0*74
1780409568.326,$GBGSV,2,2,08,04,22,097,,08,16,155,,13,10,199,,14,02,128,,0*75
1780409568.327,$GNGLL,1339.00123,N,10029.57956,E,141248.00,A,D*72
1780409569.309,$GNRMC,141249.00,A,1339.00139,N,10029.57966,E,0.783,32.53,020626,0.53,W,F,V*70
1780409569.311,$GNVTG,32.53,T,33.06,M,0.783,N,1.450,K,D*35
1780409569.313,$GNGGA,141249.00,1339.00139,N,10029.57966,E,5,12,0.71,4.3,M,-27.8,M,1.0,0499*46
1780409569.313,$GNGSA,A,3,10,25,26,28,31,32,01,,,,,,1.30,0.71,1.08,1*06
1780409569.314,$GNGSA,A,3,68,78,66,77,67,,,,,,,,1.30,0.71,1.08,2*0F
1780409569.315,$GNGSA,A,3,34,05,06,09,16,25,31,36,,,,,1.30,0.71,1.08,3*04
1780409569.315,$GNGSA,A,3,06,07,09,10,33,24,25,23,,,,,1.30,0.71,1.08,4*00
1780409569.316,$GPGSV,3,1,11,02,16,264,06,10,52,150,39,16,30,197,07,25,18,041,26,1*6E
1780409569.317,$GPGSV,3,2,11,26,63,193,47,28,44,359,45,31,51,313,45,32,42,041,46,1*6E
1780409569.317,$GPGSV,3,3,11,40,37,260,41,41,64,233,48,42,70,217,47,1*5A
1780409569.318,$GPGSV,2,1,08,01,12,290,24,10,52,150,38,23,14,148,11,25,18,041,23,6*6D
1780409569.319,$GPGSV,2,2,08,26,63,193,48,28,44,359,45,31,51,313,45,32,42,041,43,6*6A
1780409569.319,$GPGSV,1,1,04,03,04,326,,27,03,200,,29,05,093,,50,56,115,,0*62
1780409569.320,$GLGSV,2,1,06,66,30,096,41,67,43,023,48,68,13,337,31,77,35,023,41,1*74
1780409569.320,$GLGSV,2,2,06,78,80,247,48,79,27,211,23,1*7C
1780409569.321,$GLGSV,2,1,05,66,30,096,44,67,43,023,46,68,13,337,30,78,80,247,48,3*77
1780409569.322,$GLGSV,2,2,05,79,27,211,25,3*41
1780409569.322,$GLGSV,1,1,03,81,02,194,,82,07,237,,83,01,284,,0*42
1780409569.323,$GAGSV,2,1,08,05,36,347,44,06,18,075,34,09,32,052,38,16,60,100,51,2*77
1780409569.323,$GAGSV,2,2,08,25,42,182,40,31,19,046,26,34,28,279,47,36,35,217,28,2*73
1780409569.324,$GAGSV,1,1,04,05,36,347,41,16,60,100,46,25,42,182,33,34,28,279,39,7*71
1780409569.325,$GAGSV,1,1,03,03,08,302,,04,02,091,,11,11,171,,0*44
1780409569.325,$GBGSV,2,1,08,06,64,136,42,07,50,006,46,09,84,030,49,10,59,351,45,1*7D
1780409569.326,$GBGSV,2,2,08,23,44,232,27,24,22,034,30,25,76,341,49,33,61,060,48,1*7B
1780409569.327,$GBGSV,1,1,02,09,84,030,49,10,59,351,47,3*74
1780409569.327,$GBGSV,2,1,08,01,42,107,,02,63,242,,03,71,140,,04,22,097,,0*74
1780409569.328,$GBGSV,2,2,08,04,22,097,,08,16,155,,13,10,199,,14,02,128,,0*75
1780409569.328,$GNGLL,1339.00139,N,10029.57966,E,141249.00,A,D*7B
1780409570.315,$GNRMC,141250.00,A,1339.00155,N,10029.57974,E,0.796,29.99,020626,0.53,W,F,V*79
1780409570.317,$GNVTG,29.99,T,30.52,M,0.796,N,1.475,K,D*38
1780409570.318,$GNGGA,141250.00,1339.00155,N,10029.57974,E,5,12,0.66,4.0,M,-27.8,M,1.0,0499*42
1780409570.319,$GNGSA,A,3,10,25,26,28,31,32,01,,,,,,1.23,0.66,1.04,1*0E
1780409570.319,$GNGSA,A,3,79,68,78,66,77,67,,,,,,,1.23,0.66,1.04,2*09
1780409570.320,$GNGSA,A,3,34,05,06,09,16,25,31,36,,,,,1.23,0.66,1.04,3*0C
1780409570.320,$GNGSA,A,3,06,07,09,10,33,24,25,23,,,,,1.23,0.66,1.04,4*08
1780409570.321,$GPGSV,3,1,09,10,52,150,37,25,18,041,26,26,63,193,47,28,44,359,43,1*6D
1780409570.321,$GPGSV,3,2,09,31,51,313,45,32,42,041,47,40,37,260,41,41,64,233,46,1*6D
1780409570.322,$GPGSV,3,3,09,42,70,217,46,1*5A
1780409570.323,$GPGSV,2,1,08,01,12,290,31,10,52,150,37,23,14,148,10,25,18,041,22,6*66
1780409570.323,$GPGSV,2,2,08,26,63,193,46,28,44,359,44,31,51,313,45,32,42,041,42,6*64
1780409570.324,$GPGSV,2,1,06,02,16,264,,03,04,326,,16,30,197,,27,03,200,,0*6A
1780409570.324,$GPGSV,2,2,06,27,03,200,,29,05,093,,0*63
1780409570.325,$GLGSV,2,1,06,66,30,096,42,67,43,023,48,68,13,337,31,77,35,023,40,1*76
1780409570.326,$GLGSV,2,2,06,78,80,247,49,79,27,211,31,1*7E
1780409570.326,$GLGSV,2,1,05,66,30,096,45,67,43,023,47,68,13,337,37,78,80,247,48,3*70
1780409570.327,$GLGSV,2,2,05,79,27,211,22,3*46
1780409570.327,$GLGSV,1,1,03,81,02,194,,82,07,237,,83,01,284,,0*42
1780409570.328,$GAGSV,2,1,08,05,36,347,44,06,18,075,34,09,32,052,36,16,60,100,51,2*79
1780409570.329,$GAGSV,2,2,08,25,42,182,43,31,19,046,26,34,28,279,47,36,35,217,33,2*7A
1780409570.329,$GAGSV,2,1,05,05,36,347,39,09,32,052,29,16,60,100,43,25,42,182,29,7*7D
1780409570.330,$GAGSV,2,2,05,34,28,279,42,7*41
1780409570.330,$GAGSV,1,1,03,03,08,303,,04,02,091,,11,11,171,,0*45
1780409570.331,$GBGSV,2,1,08,06,64,136,41,07,50,006,47,09,84,030,48,10,59,351,44,1*7F
1780409570.332,$GBGSV,2,2,08,23,44,232,31,24,22,034,36,25,76,341,50,33,61,060,50,1*7B
1780409570.332,$GBGSV,1,1,02,09,84,030,50,10,59,351,48,3*73
1780409570.333,$GBGSV,2,1,08,01,42,107,,02,63,242,,03,71,140,,04,22,097,,0*74
1780409570.333,$GBGSV,2,2,08,04,22,097,,08,16,155,,13,10,199,,14,02,128,,0*75
1780409570.334,$GNGLL,1339.00155,N,10029.57974,E,141250.00,A,D*7A
1780409571.307,$GNRMC,141251.00,A,1339.00173,N,10029.57982,E,0.802,29.45,020626,0.53,W,F,V*76
1780409571.309,$GNVTG,29.45,T,29.98,M,0.802,N,1.485,K,D*3A
1780409571.310,$GNGGA,141251.00,1339.00173,N,10029.57982,E,5,12,0.66,3.9,M,-27.8,M,1.0,0499*40
1780409571.310,$GNGSA,A,3,10,25,26,28,31,32,01,,,,,,1.22,0.66,1.02,1*09
1780409571.311,$GNGSA,A,3,79,68,78,66,77,67,,,,,,,1.22,0.66,1.02,2*0E
1780409571.311,$GNGSA,A,3,34,05,06,09,16,25,31,36,,,,,1.22,0.66,1.02,3*0B
1780409571.312,$GNGSA,A,3,06,07,09,10,33,24,25,23,,,,,1.22,0.66,1.02,4*0F
1780409571.313,$GPGSV,3,1,09,10,52,150,37,25,18,041,25,26,63,193,46,28,44,359,45,1*69
1780409571.313,$GPGSV,3,2,09,31,51,313,45,32,42,041,45,40,37,260,42,41,64,233,45,1*6F
1780409571.314,$GPGSV,3,3,09,42,70,217,46,1*5A
1780409571.314,$GPGSV,2,1,08,01,12,290,25,10,52,150,36,23,14,148,13,25,18,041,24,6*67
1780409571.315,$GPGSV,2,2,08,26,63,193,46,28,44,359,45,31,51,313,45,32,42,041,45,6*62
1780409571.316,$GPGSV,2,1,06,02,16,264,,03,04,326,,16,30,197,,27,03,200,,0*6A
1780409571.316,$GPGSV,2,2,06,27,03,200,,29,05,093,,0*63
1780409571.317,$GLGSV,2,1,06,66,30,096,44,67,43,023,47,68,13,337,31,77,35,023,40,1*7F
1780409571.317,$GLGSV,2,2,06,78,80,247,49,79,27,211,23,1*7D
1780409571.318,$GLGSV,2,1,05,66,30,096,46,67,43,023,48,68,13,337,26,78,80,247,49,3*7D
1780409571.318,$GLGSV,2,2,05,79,27,211,22,3*46
1780409571.319,$GLGSV,1,1,03,81,02,194,,82,07,237,,83,01,284,,0*42
1780409571.319,$GAGSV,2,1,08,05,36,347,45,06,18,075,30,09,32,052,33,16,60,100,50,2*78
1780409571.320,$GAGSV,2,2,08,25,42,182,44,31,19,046,31,34,28,279,46,36,35,217,33,2*7A
1780409571.321,$GAGSV,1,1,04,05,36,347,40,16,60,100,47,25,42,182,30,34,28,279,43,7*7F
1780409571.321,$GAGSV,1,1,03,03,08,303,,04,02,092,,11,11,171,,0*46
1780409571.322,$GBGSV,2,1,08,06,64,136,40,07,50,006,46,09,84,030,47,10,59,351,45,1*71
1780409571.323,$GBGSV,2,2,08,23,44,232,26,24,22,034,29,25,76,341,49,33,61,060,50,1*7B
1780409571.323,$GBGSV,1,1,02,09,84,030,50,10,59,351,47,3*7C
1780409571.324,$GBGSV,2,1,08,01,42,107,,02,63,242,,03,71,140,,04,22,097,,0*74
1780409571.324,$GBGSV,2,2,08,04,22,097,,08,16,155,,13,10,199,,14,02,128,,0*75
1780409571.325,$GNGLL,1339.00173,N,10029.57982,E,141251.00,A,D*76
1780409572.311,$GNRMC,141252.00,A,1339.00191,N,10029.57990,E,0.821,24.08,020626,0.53,W,F,V*7F
1780409572.313,$GNVTG,24.08,T,24.61,M,0.821,N,1.520,K,D*3A
1780409572.314,$GNGGA,141252.00,1339.00191,N,10029.57990,E,5,12,0.66,3.7,M,-27.8,M,1.0,0499*42
1780409572.315,$GNGSA,A,3,10,25,26,28,31,32,01,,,,,,1.22,0.66,1.02,1*09
1780409572.316,$GNGSA,A,3,79,68,78,66,77,67,,,,,,,1.22,0.66,1.02,2*0E
1780409572.316,$GNGSA,A,3,34,05,06,09,16,25,31,36,,,,,1.22,0.66,1.02,3*0B
1780409572.317,$GNGSA,A,3,06,07,09,10,33,24,25,23,,,,,1.22,0.66,1.02,4*0F
1780409572.318,$GPGSV,3,1,09,10,52,150,38,25,18,041,23,26,63,193,44,28,44,359,44,1*63
1780409572.319,$GPGSV,3,2,09,31,51,313,45,32,42,041,47,40,37,260,41,41,64,233,48,1*63
1780409572.320,$GPGSV,3,3,09,42,70,217,46,1*5A
1780409572.320,$GPGSV,2,1,08,01,12,290,31,10,52,150,36,23,14,148,13,25,18,041,30,6*67
1780409572.321,$GPGSV,2,2,08,26,63,193,46,28,44,359,46,31,51,313,44,32,42,041,37,6*65
1780409572.322,$GPGSV,2,1,06,02,16,264,,03,04,326,,16,30,197,,27,03,200,,0*6A
1780409572.323,$GPGSV,2,2,06,27,03,200,,29,05,093,,0*63
1780409572.324,$GLGSV,2,1,06,66,30,096,45,67,43,023,47,68,13,337,32,77,35,023,41,1*7C
1780409572.324,$GLGSV,2,2,06,78,80,247,48,79,27,211,25,1*7A
1780409572.325,$GLGSV,2,1,05,66,30,096,46,67,43,023,46,68,13,337,35,78,80,247,47,3*7F
1780409572.326,$GLGSV,2,2,05,79,27,211,21,3*45
1780409572.326,$GLGSV,1,1,03,81,02,194,,82,07,237,,83,01,284,,0*42
1780409572.327,$GAGSV,2,1,08,05,37,347,44,06,18,075,30,09,32,052,38,16,60,100,51,2*72
1780409572.328,$GAGSV,2,2,08,25,42,182,45,31,19,046,26,34,28,279,46,36,35,217,22,2*7D
1780409572.329,$GAGSV,2,1,05,05,37,347,41,09,32,052,30,16,60,100,47,25,42,182,36,7*71
1780409572.330,$GAGSV,2,2,05,34,28,279,42,7*41
1780409572.330,$GAGSV,1,1,03,03,08,303,,04,02,092,,11,11,171,,0*46
1780409572.331,$GBGSV,2,1,08,06,64,136,38,07,50,006,45,09,84,030,47,10,59,351,45,1*7D
1780409572.332,$GBGSV,2,2,08,23,44,232,35,24,22,034,30,25,76,341,48,33,61,060,47,1*76
1780409572.332,$GBGSV,1,1,02,09,84,030,49,10,59,351,48,3*7B
1780409572.333,$GBGSV,2,1,08,01,42,107,,02,63,242,,03,71,140,,04,22,097,,0*74
1780409572.333,$GBGSV,2,2,08,04,22,097,,08,16,155,,13,10,199,,14,02,128,,0*75
1780409572.334,$GNGLL,1339.00191,N,10029.57990,E,141252.00,A,D*7A
1780409573.312,$GNRMC,141253.00,A,1339.00210,N,10029.57996,E,0.800,21.71,020626,0.53,W,F,V*7A
1780409573.314,$GNVTG,21.71,T,22.24,M,0.800,N,1.481,K,D*3F
1780409573.315,$GNGGA,141253.00,1339.00210,N,10029.57996,E,5,12,0.66,3.5,M,-27.8,M,1.0,0499*4D
1780409573.316,$GNGSA,A,3,10,25,26,28,31,32,01,,,,,,1.23,0.66,1.04,1*0E
1780409573.317,$GNGSA,A,3,79,68,78,66,77,67,,,,,,,1.23,0.66,1.04,2*09
1780409573.317,$GNGSA,A,3,34,05,06,09,16,25,31,36,,,,,1.23,0.66,1.04,3*0C
1780409573.318,$GNGSA,A,3,06,07,09,10,33,24,25,23,,,,,1.23,0.66,1.04,4*08
1780409573.318,$GPGSV,3,1,09,10,52,150,38,25,18,041,24,26,63,193,46,28,44,359,42,1*60
1780409573.319,$GPGSV,3,2,09,31,51,313,45,32,42,041,44,40,37,260,40,41,64,233,47,1*6E
1780409573.320,$GPGSV,3,3,09,42,70,217,46,1*5A
1780409573.320,$GPGSV,2,1,08,01,12,290,31,10,52,150,36,23,14,148,15,25,18,041,29,6*69
1780409573.321,$GPGSV,2,2,08,26,63,193,46,28,44,359,44,31,51,313,46,32,42,041,44,6*61
1780409573.322,$GPGSV,2,1,06,02,16,264,,03,04,326,,16,30,197,,27,03,200,,0*6A
1780409573.322,$GPGSV,2,2,06,27,03,200,,29,05,093,,0*63
1780409573.323,$GLGSV,2,1,06,66,30,096,45,67,43,023,48,68,13,337,34,77,35,023,39,1*7A
1780409573.323,$GLGSV,2,2,06,78,80,247,48,79,27,211,25,1*7A
1780409573.324,$GLGSV,2,1,05,66,30,096,46,67,43,023,48,68,13,337,25,78,80,247,47,3*70
1780409573.325,$GLGSV,2,2,05,79,27,211,20,3*44
1780409573.325,$GLGSV,1,1,03,81,02,194,,82,07,237,,83,01,284,,0*42
1780409573.326,$GAGSV,2,1,08,05,37,347,45,06,18,075,21,09,32,052,32,16,60,100,51,2*79
1780409573.327,$GAGSV,2,2,08,25,42,182,44,31,19,046,27,34,28,279,46,36,35,217,25,2*7A
1780409573.328,$GAGSV,1,1,04,05,37,347,41,16,60,100,48,25,42,182,37,34,28,279,42,7*76
1780409573.328,$GAGSV,1,1,03,03,08,303,,04,02,092,,11,11,171,,0*46
1780409573.329,$GBGSV,2,1,08,06,64,136,38,07,50,006,45,09,84,030,47,10,59,351,46,1*7E
1780409573.330,$GBGSV,2,2,08,23,44,232,35,24,22,034,29,25,76,341,48,33,61,060,48,1*71
1780409573.330,$GBGSV,1,1,02,09,84,030,49,10,59,351,48,3*7B
1780409573.331,$GBGSV,2,1,08,01,42,107,,02,63,242,,03,71,140,,04,22,097,,0*74
1780409573.331,$GBGSV,2,2,08,04,22,097,,08,16,155,,13,10,199,,14,02,128,,0*75
1780409573.332,$GNGLL,1339.00210,N,10029.57996,E,141253.00,A,D*77
1780409574.322,$GNRMC,141254.00,A,1339.00230,N,10029.58001,E,0.825,19.76,020626,0.53,W,F,V*7C
1780409574.324,$GNVTG,19.76,T,20.29,M,0.825,N,1.527,K,D*36
1780409574.326,$GNGGA,141254.00,1339.00230,N,10029.58001,E,5,12,0.70,3.4,M,-27.8,M,0.0,0499*47
1780409574.326,$GNGSA,A,3,10,25,26,28,31,32,01,,,,,,1.25,0.70,1.04,1*0F
1780409574.327,$GNGSA,A,3,68,78,66,77,67,,,,,,,,1.25,0.70,1.04,2*06
1780409574.327,$GNGSA,A,3,34,05,06,09,16,25,31,36,,,,,1.25,0.70,1.04,3*0D
1780409574.328,$GNGSA,A,3,06,07,09,10,33,24,25,23,,,,,1.25,0.70,1.04,4*09
1780409574.328,$GPGSV,3,1,10,02,16,264,26,10,52,150,37,25,18,041,23,26,63,193,46,1*62
1780409574.329,$GPGSV,3,2,10,28,44,359,41,31,51,313,45,32,42,041,43,40,37,260,40,1*67
1780409574.330,$GPGSV,3,3,10,41,64,233,47,42,70,217,46,1*64
1780409574.330,$GPGSV,2,1,08,01,12,290,31,10,52,150,34,23,14,148,15,25,18,041,28,6*6A
1780409574.331,$GPGSV,2,2,08,26,63,193,47,28,44,359,44,31,51,313,43,32,42,041,43,6*62
1780409574.332,$GPGSV,2,1,05,03,04,326,,16,30,197,,27,03,200,,29,05,093,,0*68
1780409574.332,$GPGSV,2,2,05,29,05,093,,0*54
1780409574.333,$GLGSV,2,1,06,66,30,096,43,67,43,023,48,68,13,337,33,77,35,023,41,1*74
1780409574.333,$GLGSV,2,2,06,78,80,247,49,79,27,211,24,1*7A
1780409574.334,$GLGSV,2,1,05,66,30,096,46,67,43,023,47,68,13,337,32,78,80,247,49,3*77
1780409574.334,$GLGSV,2,2,05,79,27,211,21,3*45
1780409574.334,$GLGSV,1,1,03,81,02,194,,82,07,237,,83,01,284,,0*42
1780409574.335,$GAGSV,2,1,08,05,37,347,46,06,18,075,23,09,32,052,38,16,60,100,48,2*7A
1780409574.336,$GAGSV,2,2,08,25,42,182,44,31,19,046,28,34,28,279,46,36,35,217,22,2*72
1780409574.336,$GAGSV,2,1,05,05,37,347,40,06,18,075,26,16,60,100,44,25,42,182,39,7*79
1780409574.337,$GAGSV,2,2,05,34,28,279,42,7*41
1780409574.337,$GAGSV,1,1,03,03,08,303,,04,02,092,,11,11,171,,0*46
1780409574.338,$GBGSV,2,1,08,06,64,136,34,07,50,006,45,09,84,030,47,10,59,351,46,1*72
1780409574.338,$GBGSV,2,2,08,23,44,232,39,24,22,034,20,25,76,341,48,33,61,060,49,1*75
1780409574.339,$GBGSV,1,1,02,09,84,030,49,10,59,351,46,3*75
1780409574.339,$GBGSV,2,1,08,01,42,107,,02,63,242,,03,71,140,,04,22,097,,0*74
1780409574.340,$GBGSV,2,2,08,04,22,097,,08,16,155,,13,10,199,,14,02,128,,0*75
1780409574.341,$GNGLL,1339.00230,N,10029.58001,E,141254.00,A,D*7A
1780409575.313,$GNRMC,141255.00,A,1339.00253,N,10029.58007,E,0.803,16.37,020626,0.53,W,F,V*70
1780409575.314,$GNVTG,16.37,T,16.90,M,0.803,N,1.488,K,D*3B
1780409575.315,$GNGGA,141255.00,1339.00253,N,10029.58007,E,5,12,0.71,3.3,M,-27.8,M,1.0,0499*42
1780409575.316,$GNGSA,A,3,02,10,25,26,28,31,32,01,,,,,1.30,0.71,1.08,1*04
1780409575.316,$GNGSA,A,3,68,78,66,77,67,,,,,,,,1.30,0.71,1.08,2*0F
1780409575.317,$GNGSA,A,3,34,05,06,09,16,25,31,36,,,,,1.30,0.71,1.08,3*04
1780409575.317,$GNGSA,A,3,06,07,09,10,33,24,25,23,,,,,1.30,0.71,1.08,4*00
1780409575.318,$GPGSV,3,1,10,02,16,264,26,10,52,150,34,25,18,041,25,26,63,193,48,1*69
1780409575.318,$GPGSV,3,2,10,28,44,359,45,31,51,313,47,32,42,041,47,40,37,260,41,1*64
1780409575.319,$GPGSV,3,3,10,41,64,233,47,42,70,217,46,1*64
1780409575.320,$GPGSV,2,1,08,01,12,290,30,10,52,150,32,23,14,148,14,25,18,041,21,6*65
1780409575.320,$GPGSV,2,2,08,26,63,193,47,28,44,359,44,31,51,313,45,32,42,041,40,6*67
1780409575.321,$GPGSV,2,1,05,03,04,326,,16,30,197,,27,03,200,,29,05,093,,0*68
1780409575.321,$GPGSV,2,2,05,29,05,093,,0*54
1780409575.322,$GLGSV,2,1,06,66,30,096,46,67,43,023,47,68,13,337,31,77,35,023,39,1*73
1780409575.323,$GLGSV,2,2,06,78,80,247,49,79,27,211,24,1*7A
1780409575.323,$GLGSV,2,1,05,66,30,096,47,67,43,023,46,68,13,337,27,78,80,247,50,3*7B
1780409575.324,$GLGSV,2,2,05,79,27,211,21,3*45
1780409575.324,$GLGSV,1,1,03,81,02,194,,82,07,237,,83,01,284,,0*42
1780409575.325,$GAGSV,2,1,08,05,37,347,46,06,18,075,31,09,32,052,29,16,60,100,47,2*76
1780409575.325,$GAGSV,2,2,08,25,42,182,44,31,19,046,28,34,28,279,43,36,35,217,23,2*76
1780409575.326,$GAGSV,2,1,05,05,37,347,43,06,18,075,23,16,60,100,39,25,42,182,41,7*7A
1780409575.326,$GAGSV,2,2,05,34,28,279,40,7*43
1780409575.327,$GAGSV,1,1,03,03,08,303,,04,02,092,,11,11,171,,0*46
1780409575.327,$GBGSV,2,1,08,06,64,136,26,07,50,006,47,09,84,030,47,10,59,351,45,1*70
1780409575.328,$GBGSV,2,2,08,23,44,232,42,24,22,034,20,25,76,341,50,33,61,060,46,1*7F
1780409575.328,$GBGSV,1,1,02,09,84,030,50,10,59,351,47,3*7C
1780409575.329,$GBGSV,2,1,08,01,42,107,,02,63,242,,03,71,140,,04,22,097,,0*74
1780409575.329,$GBGSV,2,2,08,04,22,097,,08,16,155,,13,10,199,,14,02,128,,0*75
1780409575.330,$GNGLL,1339.00253,N,10029.58007,E,141255.00,A,D*78
1780409576.316,$GNRMC,141256.00,A,1339.00274,N,10029.58011,E,0.763,12.32,020626,0.53,W,F,V*79
1780409576.317,$GNVTG,12.32,T,12.85,M,0.763,N,1.412,K,D*30
1780409576.319,$GNGGA,141256.00,1339.00274,N,10029.58011,E,5,12,0.70,3.3,M,-27.8,M,1.0,0499*42
1780409576.319,$GNGSA,A,3,02,10,25,26,28,31,32,01,,,,,1.27,0.70,1.06,1*0D
1780409576.320,$GNGSA,A,3,68,78,66,77,67,,,,,,,,1.27,0.70,1.06,2*06
1780409576.320,$GNGSA,A,3,34,05,06,09,16,25,31,36,,,,,1.27,0.70,1.06,3*0D
1780409576.321,$GNGSA,A,3,06,07,09,10,33,24,25,23,,,,,1.27,0.70,1.06,4*09
1780409576.322,$GPGSV,3,1,10,02,16,264,24,10,52,150,29,25,18,041,25,26,63,193,48,1*67
1780409576.322,$GPGSV,3,2,10,28,44,359,46,31,51,313,44,32,42,041,42,40,37,260,41,1*61
1780409576.323,$GPGSV,3,3,10,41,64,233,48,42,70,217,45,1*68
1780409576.323,$GPGSV,2,1,08,01,12,290,22,10,52,150,27,23,14,148,15,25,18,041,22,6*60
1780409576.324,$GPGSV,2,2,08,26,63,193,45,28,44,359,46,31,51,313,43,32,42,041,40,6*61
1780409576.325,$GPGSV,2,1,05,03,04,326,,16,30,197,,27,03,200,,29,05,093,,0*68
1780409576.325,$GPGSV,2,2,05,29,05,093,,0*54
1780409576.326,$GLGSV,2,1,06,66,30,096,40,67,43,023,47,68,13,337,32,77,35,023,37,1*78
1780409576.326,$GLGSV,2,2,06,78,80,247,49,79,27,211,22,1*7C
1780409576.327,$GLGSV,2,1,05,66,30,096,47,67,43,023,46,68,13,337,27,78,80,247,50,3*7B
1780409576.327,$GLGSV,2,2,05,79,27,211,22,3*46
1780409576.328,$GLGSV,1,1,03,81,02,194,,82,07,237,,83,01,284,,0*42
1780409576.329,$GAGSV,2,1,08,05,37,347,47,06,18,075,32,09,32,052,36,16,60,100,43,2*7E
1780409576.329,$GAGSV,2,2,08,25,42,182,43,31,19,046,30,34,28,279,44,36,35,217,34,2*79
1780409576.330,$GAGSV,2,1,05,05,37,347,45,06,18,075,21,16,60,100,42,25,42,182,43,7*70
1780409576.330,$GAGSV,2,2,05,34,28,279,41,7*42
1780409576.331,$GAGSV,1,1,03,03,08,303,,04,02,092,,11,11,171,,0*46
1780409576.332,$GBGSV,2,1,08,06,64,136,35,07,50,006,47,09,84,030,47,10,59,351,44,1*73
1780409576.332,$GBGSV,2,2,08,23,44,232,42,24,22,034,22,25,76,341,50,33,61,060,47,1*7C
1780409576.333,$GBGSV,1,1,02,09,84,030,49,10,59,351,46,3*75
1780409576.333,$GBGSV,2,1,08,01,42,107,,02,63,242,,03,71,140,,04,22,097,,0*74
1780409576.334,$GBGSV,2,2,08,04,22,097,,08,16,155,,13,10,199,,14,02,128,,0*75
1780409576.335,$GNGLL,1339.00274,N,10029.58011,E,141256.00,A,D*79
1780409577.299,$GNRMC,141257.00,A,1339.00296,N,10029.58016,E,0.731,14.78,020626,0.53,W,F,V*7C
1780409577.301,$GNVTG,14.78,T,15.31,M,0.731,N,1.353,K,D*35
1780409577.302,$GNGGA,141257.00,1339.00296,N,10029.58016,E,5,12,0.74,3.3,M,-27.8,M,1.0,0499*4C
1780409577.303,$GNGSA,A,3,02,10,25,26,28,31,32,01,,,,,1.32,0.74,1.09,1*02
1780409577.304,$GNGSA,A,3,68,78,66,77,67,,,,,,,,1.32,0.74,1.09,2*09
1780409577.304,$GNGSA,A,3,34,05,06,16,25,31,36,,,,,,1.32,0.74,1.09,3*0B
1780409577.305,$GNGSA,A,3,06,07,09,10,33,24,25,23,,,,,1.32,0.74,1.09,4*06
1780409577.305,$GPGSV,3,1,10,02,16,264,22,10,52,150,28,25,18,041,26,26,63,193,47,1*6C
1780409577.306,$GPGSV,3,2,10,28,44,359,43,31,51,313,49,32,42,041,42,40,37,260,42,1*6A
1780409577.307,$GPGSV,3,3,10,41,64,233,49,42,70,217,47,1*6B
1780409577.308,$GPGSV,2,1,08,01,12,290,22,10,52,150,32,23,14,148,15,25,18,041,22,6*64
1780409577.308,$GPGSV,2,2,08,26,63,193,46,28,44,359,47,31,51,313,44,32,42,041,40,6*64
1780409577.309,$GPGSV,2,1,05,03,04,326,,16,30,197,,27,03,200,,29,05,093,,0*68
1780409577.309,$GPGSV,2,2,05,29,05,093,,0*54
1780409577.310,$GLGSV,2,1,06,66,30,096,41,67,43,023,47,68,13,337,37,77,35,023,41,1*7D
1780409577.310,$GLGSV,2,2,06,78,80,247,48,79,27,211,21,1*7E
1780409577.311,$GLGSV,2,1,05,66,30,096,39,67,43,023,46,68,13,337,27,78,80,247,48,3*7B
1780409577.312,$GLGSV,2,2,05,79,27,211,21,3*45
1780409577.312,$GLGSV,1,1,03,81,02,194,,82,07,237,,83,01,284,,0*42
1780409577.313,$GAGSV,2,1,07,05,37,347,47,06,18,075,26,16,60,100,45,25,42,182,41,2*77
1780409577.314,$GAGSV,2,2,07,31,19,046,24,34,28,279,46,36,35,217,26,2*4F
1780409577.315,$GAGSV,2,1,05,05,37,347,42,06,18,075,21,16,60,100,37,25,42,182,43,7*75
1780409577.315,$GAGSV,2,2,05,34,28,279,40,7*43
1780409577.316,$GAGSV,1,1,04,03,08,303,,04,02,092,,09,32,052,,11,11,171,,0*7E
1780409577.316,$GBGSV,2,1,08,06,64,136,37,07,50,006,45,09,84,030,48,10,59,351,46,1*7E
1780409577.318,$GBGSV,2,2,08,23,44,232,45,24,22,034,29,25,76,341,50,33,61,060,46,1*71
1780409577.318,$GBGSV,1,1,02,09,84,030,49,10,59,351,47,3*74
1780409577.319,$GBGSV,2,1,08,01,42,107,,02,63,242,,03,71,140,,04,22,097,,0*74
1780409577.319,$GBGSV,2,2,08,04,22,097,,08,16,155,,13,10,199,,14,02,128,,0*75
1780409577.320,$GNGLL,1339.00296,N,10029.58016,E,141257.00,A,D*73
1780409578.310,$GNRMC,141258.00,A,1339.00318,N,10029.58020,E,0.736,8.61,020626,0.53,W,F,V*43
1780409578.313,$GNVTG,8.61,T,9.14,M,0.736,N,1.363,K,D*3E
1780409578.314,$GNGGA,141258.00,1339.00318,N,10029.58020,E,5,12,0.70,3.3,M,-27.8,M,1.0,0499*45
1780409578.314,$GNGSA,A,3,02,10,25,26,28,31,32,01,,,,,1.27,0.70,1.06,1*0D
1780409578.315,$GNGSA,A,3,68,78,66,77,67,,,,,,,,1.27,0.70,1.06,2*06
1780409578.315,$GNGSA,A,3,34,05,06,09,16,25,31,36,,,,,1.27,0.70,1.06,3*0D
1780409578.316,$GNGSA,A,3,06,07,09,10,33,24,25,23,,,,,1.27,0.70,1.06,4*09
1780409578.316,$GPGSV,3,1,10,02,16,264,24,10,52,150,35,25,18,041,25,26,63,193,47,1*65
1780409578.317,$GPGSV,3,2,10,28,44,359,47,31,51,313,45,32,42,041,40,40,37,260,41,1*63
1780409578.318,$GPGSV,3,3,10,41,64,233,49,42,70,217,47,1*6B
1780409578.318,$GPGSV,2,1,08,01,12,290,30,10,52,150,32,23,14,148,17,25,18,041,24,6*63
1780409578.319,$GPGSV,2,2,08,26,63,193,45,28,44,359,46,31,51,313,44,32,42,041,41,6*67
1780409578.320,$GPGSV,2,1,05,03,04,326,,16,30,197,,27,03,200,,29,05,093,,0*68
1780409578.320,$GPGSV,2,2,05,29,05,093,,0*54
1780409578.321,$GLGSV,2,1,06,66,30,096,42,67,43,023,48,68,13,337,38,77,35,023,42,1*7D
1780409578.321,$GLGSV,2,2,06,78,80,247,48,79,27,211,22,1*7D
1780409578.322,$GLGSV,2,1,05,66,30,096,37,67,43,023,46,68,13,337,28,78,80,247,48,3*7A
1780409578.322,$GLGSV,2,2,05,79,27,211,21,3*45
1780409578.323,$GLGSV,1,1,03,81,02,194,,82,07,237,,83,01,284,,0*42
1780409578.323,$GAGSV,2,1,08,05,37,347,48,06,18,075,27,09,32,052,34,16,60,100,44,2*70
1780409578.324,$GAGSV,2,2,08,25,42,182,40,31,19,046,31,34,28,279,45,36,35,217,26,2*79
1780409578.325,$GAGSV,2,1,05,05,37,347,40,06,18,075,21,16,60,100,37,25,42,182,41,7*75
1780409578.325,$GAGSV,2,2,05,34,28,279,39,7*4D
1780409578.326,$GAGSV,1,1,03,03,08,303,,04,02,092,,11,11,170,,0*47
1780409578.326,$GBGSV,2,1,08,06,64,136,35,07,50,006,45,09,84,030,47,10,59,351,43,1*76
1780409578.327,$GBGSV,2,2,08,23,44,232,42,24,22,034,28,25,76,341,48,33,61,060,47,1*7F
1780409578.328,$GBGSV,1,1,02,09,84,030,49,10,59,351,45,3*76
1780409578.328,$GBGSV,2,1,08,01,42,107,,02,63,242,,03,71,140,,04,22,097,,0*74
1780409578.329,$GBGSV,2,2,08,04,22,097,,08,16,155,,13,10,199,,14,02,128,,0*75
1780409578.329,$GNGLL,1339.00318,N,10029.58020,E,141258.00,A,D*7E
1780409579.312,$GNRMC,141259.00,A,1339.00341,N,10029.58023,E,0.743,8.07,020626,0.53,W,F,V*4F
1780409579.314,$GNVTG,8.07,T,8.60,M,0.743,N,1.375,K,D*39
1780409579.315,$GNGGA,141259.00,1339.00341,N,10029.58023,E,5,12,0.70,3.4,M,-27.8,M,1.0,0499*4C
1780409579.315,$GNGSA,A,3,02,10,25,26,28,31,32,01,,,,,1.27,0.70,1.06,1*0D
1780409579.316,$GNGSA,A,3,68,78,66,77,67,,,,,,,,1.27,0.70,1.06,2*06
1780409579.317,$GNGSA,A,3,34,05,06,09,16,25,31,36,,,,,1.27,0.70,1.06,3*0D
1780409579.317,$GNGSA,A,3,06,07,09,10,33,24,25,23,,,,,1.27,0.70,1.06,4*09
1780409579.318,$GPGSV,3,1,10,02,16,264,22,10,52,150,34,25,18,041,24,26,63,193,46,1*62
1780409579.319,$GPGSV,3,2,10,28,44,359,45,31,51,313,46,32,42,041,42,40,37,260,39,1*6F
1780409579.319,$GPGSV,3,3,10,41,64,233,45,42,70,217,46,1*66
1780409579.320,$GPGSV,2,1,08,01,12,290,30,10,52,150,32,23,14,148,16,25,18,041,31,6*66
1780409579.321,$GPGSV,2,2,08,26,63,193,47,28,44,359,46,31,51,313,39,32,42,041,40,6*6E
1780409579.322,$GPGSV,2,1,05,03,04,326,,16,30,197,,27,03,200,,29,05,093,,0*68
1780409579.322,$GPGSV,2,2,05,29,05,093,,0*54
1780409579.323,$GLGSV,2,1,06,66,30,096,35,67,43,023,47,68,13,337,33,77,35,023,42,1*79
1780409579.323,$GLGSV,2,2,06,78,80,247,47,79,27,211,20,1*70
1780409579.324,$GLGSV,2,1,05,66,30,096,31,67,43,023,46,68,13,337,27,78,80,247,48,3*73
1780409579.324,$GLGSV,2,2,05,79,27,211,20,3*44
1780409579.325,$GLGSV,1,1,03,81,02,194,,82,07,237,,83,01,284,,0*42
1780409579.326,$GAGSV,2,1,08,05,37,347,48,06,18,075,25,09,32,052,33,16,60,100,47,2*76
1780409579.326,$GAGSV,2,2,08,25,42,182,38,31,19,046,23,34,28,279,44,36,35,217,26,2*74
1780409579.327,$GAGSV,2,1,05,05,37,347,43,06,18,075,21,16,60,100,39,25,42,182,41,7*78
1780409579.327,$GAGSV,2,2,05,34,28,279,39,7*4D
1780409579.328,$GAGSV,1,1,03,03,08,303,,04,02,092,,11,11,170,,0*47
1780409579.329,$GBGSV,2,1,08,06,64,136,34,07,50,006,47,09,84,030,47,10,59,351,45,1*73
1780409579.329,$GBGSV,2,2,08,23,44,232,46,24,22,034,29,25,76,341,50,33,61,060,50,1*75
1780409579.330,$GBGSV,1,1,02,09,84,030,50,10,59,351,47,3*7C
1780409579.331,$GBGSV,2,1,08,01,42,107,,02,63,242,,03,71,140,,04,22,097,,0*74
1780409579.331,$GBGSV,2,2,08,04,22,097,,08,16,155,,13,10,199,,14,02,128,,0*75
1780409579.332,$GNGLL,1339.00341,N,10029.58023,E,141259.00,A,D*70
1780409580.313,$GNRMC,141300.00,A,1339.00364,N,10029.58026,E,0.778,5.13,020626,0.53,W,F,V*40
1780409580.315,$GNVTG,5.13,T,5.66,M,0.778,N,1.441,K,D*32
1780409580.316,$GNGGA,141300.00,1339.00364,N,10029.58026,E,5,12,0.69,3.5,M,-27.8,M,1.0,0499*4A
1780409580.316,$GNGSA,A,3,02,10,25,26,28,31,32,01,,,,,1.24,0.69,1.03,1*03
1780409580.317,$GNGSA,A,3,68,78,66,77,67,,,,,,,,1.24,0.69,1.03,2*08
1780409580.317,$GNGSA,A,3,34,05,06,09,16,25,31,36,,,,,1.24,0.69,1.03,3*03
1780409580.318,$GNGSA,A,3,06,07,09,10,33,24,25,23,,,,,1.24,0.69,1.03,4*07
1780409580.319,$GPGSV,3,1,10,02,16,264,20,10,52,150,34,25,18,041,24,26,63,193,48,1*6E
1780409580.319,$GPGSV,3,2,10,28,44,359,47,31,51,313,38,32,42,041,42,40,37,260,42,1*68
1780409580.320,$GPGSV,3,3,10,41,64,233,48,42,70,217,46,1*6B
1780409580.321,$GPGSV,2,1,08,01,12,290,30,10,52,150,33,23,14,148,16,25,18,041,26,6*61
1780409580.322,$GPGSV,2,2,08,26,63,193,47,28,44,359,47,31,51,313,41,32,42,041,39,6*6E
1780409580.322,$GPGSV,2,1,05,03,04,326,,16,30,197,,27,03,200,,29,05,093,,0*68
1780409580.323,$GPGSV,2,2,05,29,05,093,,0*54
1780409580.323,$GLGSV,2,1,06,66,30,096,38,67,43,023,50,68,13,337,29,77,35,023,43,1*78
1780409580.324,$GLGSV,2,2,06,78,80,247,48,79,27,211,21,1*7E
1780409580.324,$GLGSV,2,1,05,66,30,096,37,67,43,023,47,68,13,337,29,78,80,247,48,3*7A
1780409580.325,$GLGSV,2,2,05,79,27,211,20,3*44
1780409580.325,$GLGSV,1,1,03,81,02,194,,82,07,237,,83,01,284,,0*42
1780409580.326,$GAGSV,2,1,08,05,37,347,47,06,18,075,25,09,32,052,34,16,60,100,46,2*7F
1780409580.327,$GAGSV,2,2,08,25,42,182,38,31,19,046,23,34,28,279,46,36,35,217,31,2*70
1780409580.328,$GAGSV,2,1,06,05,37,347,41,06,18,075,22,09,32,052,28,16,60,100,38,7*71
1780409580.328,$GAGSV,2,2,06,25,42,182,40,34,28,279,43,7*7D
1780409580.329,$GAGSV,1,1,03,03,08,303,,04,02,092,,11,11,170,,0*47
1780409580.329,$GBGSV,2,1,08,06,64,136,36,07,50,006,46,09,84,030,48,10,59,351,46,1*7C
1780409580.330,$GBGSV,2,2,08,23,44,232,46,24,22,034,28,25,76,341,50,33,61,060,48,1*7D
1780409580.330,$GBGSV,1,1,02,09,84,030,49,10,59,351,49,3*7A
1780409580.331,$GBGSV,2,1,08,01,42,107,,02,63,242,,03,71,140,,04,22,097,,0*74
1780409580.332,$GBGSV,2,2,08,04,22,097,,08,16,155,,13,10,199,,14,02,128,,0*75
1780409580.332,$GNGLL,1339.00364,N,10029.58026,E,141300.00,A,D*7F
1780409581.309,$GNRMC,141301.00,A,1339.00388,N,10029.58029,E,0.763,3.38,020626,0.53,W,F,V*49
1780409581.311,$GNVTG,3.38,T,3.91,M,0.763,N,1.413,K,D*3E
1780409581.312,$GNGGA,141301.00,1339.00388,N,10029.58029,E,5,12,0.71,3.6,M,-27.8,M,1.0,0499*4C
1780409581.313,$GNGSA,A,3,10,25,26,28,31,32,01,,,,,,1.28,0.71,1.06,1*01
1780409581.313,$GNGSA,A,3,79,68,78,66,77,67,,,,,,,1.28,0.71,1.06,2*06
1780409581.314,$GNGSA,A,3,34,05,06,09,16,25,31,36,,,,,1.28,0.71,1.06,3*03
1780409581.314,$GNGSA,A,3,06,07,09,10,33,24,25,23,,,,,1.28,0.71,1.06,4*07
1780409581.315,$GPGSV,3,1,10,02,16,264,20,10,52,150,35,25,18,041,25,26,63,193,47,1*61
1780409581.316,$GPGSV,3,2,10,28,44,359,45,31,51,313,44,32,42,041,43,40,37,260,41,1*63
1780409581.316,$GPGSV,3,3,10,41,64,233,49,42,70,217,47,1*6B
1780409581.317,$GPGSV,2,1,08,01,12,290,29,10,52,150,30,23,14,148,13,25,18,041,26,6*6F
1780409581.318,$GPGSV,2,2,08,26,63,193,46,28,44,359,44,31,51,313,41,32,42,041,39,6*6C
1780409581.318,$GPGSV,2,1,05,03,04,326,,16,30,197,,27,03,200,,29,05,093,,0*68
1780409581.319,$GPGSV,2,2,05,29,05,093,,0*54
1780409581.319,$GLGSV,2,1,06,66,30,096,35,67,43,023,48,68,13,337,28,77,35,023,41,1*7F
1780409581.320,$GLGSV,2,2,06,78,80,247,48,79,27,211,27,1*78
1780409581.320,$GLGSV,2,1,05,66,30,096,40,67,43,023,45,68,13,337,30,78,80,247,49,3*71
1780409581.321,$GLGSV,2,2,05,79,27,211,23,3*47
1780409581.321,$GLGSV,1,1,03,81,02,194,,82,07,237,,83,01,284,,0*42
1780409581.322,$GAGSV,2,1,08,05,37,347,47,06,18,075,24,09,32,052,33,16,60,100,46,2*79
1780409581.323,$GAGSV,2,2,08,25,42,182,41,31,19,046,30,34,28,279,46,36,35,217,31,2*7C
1780409581.323,$GAGSV,2,1,05,05,37,347,41,06,18,075,22,16,60,100,38,25,42,182,41,7*78
1780409581.324,$GAGSV,2,2,05,34,28,279,41,7*42
1780409581.324,$GAGSV,1,1,03,03,08,303,,04,02,092,,11,11,170,,0*47
1780409581.325,$GBGSV,2,1,08,06,64,136,37,07,50,006,46,09,84,030,47,10,59,351,44,1*70
1780409581.326,$GBGSV,2,2,08,23,44,232,48,24,22,034,27,25,76,341,49,33,61,060,49,1*75
1780409581.326,$GBGSV,1,1,02,09,84,030,48,10,59,351,48,3*7A
1780409581.327,$GBGSV,2,1,08,01,42,107,,02,63,242,,03,71,140,,04,22,097,,0*74
1780409581.327,$GBGSV,2,2,08,04,22,097,,08,16,155,,13,10,199,,14,02,128,,0*75
1780409581.328,$GNGLL,1339.00388,N,10029.58029,E,141301.00,A,D*73
1780409582.313,$GNRMC,141302.00,A,1339.00412,N,10029.58032,E,0.745,0.52,020626,0.53,W,F,V*4F
1780409582.315,$GNVTG,0.52,T,1.05,M,0.745,N,1.380,K,D*37
1780409582.317,$GNGGA,141302.00,1339.00412,N,10029.58032,E,5,12,0.64,3.8,M,-27.8,M,1.0,0499*4B
1780409582.317,$GNGSA,A,3,10,25,26,28,31,32,01,,,,,,1.19,0.64,0.99,1*00
1780409582.318,$GNGSA,A,3,79,68,78,66,77,67,,,,,,,1.19,0.64,0.99,2*07
1780409582.319,$GNGSA,A,3,34,05,06,09,16,25,31,36,,,,,1.19,0.64,0.99,3*02
1780409582.319,$GNGSA,A,3,06,07,09,10,33,24,25,23,,,,,1.19,0.64,0.99,4*06
1780409582.320,$GPGSV,3,1,10,02,16,264,22,10,52,150,35,25,18,041,25,26,63,193,47,1*63
1780409582.321,$GPGSV,3,2,10,28,44,359,46,31,51,313,42,32,42,041,38,40,37,260,40,1*6B
1780409582.322,$GPGSV,3,3,10,41,64,233,48,42,70,217,46,1*6B
1780409582.322,$GPGSV,2,1,08,01,12,290,30,10,52,150,29,23,14,148,12,25,18,041,23,6*6B
1780409582.323,$GPGSV,2,2,08,26,63,193,45,28,44,359,47,31,51,313,42,32,42,041,39,6*6F
1780409582.324,$GPGSV,2,1,05,03,04,326,,16,30,197,,27,03,200,,29,05,093,,0*68
1780409582.324,$GPGSV,2,2,05,29,05,093,,0*54
1780409582.325,$GLGSV,2,1,06,66,30,096,31,67,43,023,49,68,13,337,28,77,35,023,42,1*79
1780409582.326,$GLGSV,2,2,06,78,80,247,48,79,27,211,27,1*78
1780409582.327,$GLGSV,2,1,05,66,30,096,29,67,43,023,47,68,13,337,29,78,80,247,47,3*7A
1780409582.327,$GLGSV,2,2,05,79,27,211,24,3*40
1780409582.328,$GLGSV,1,1,03,81,02,194,,82,07,237,,83,01,284,,0*42
1780409582.329,$GAGSV,2,1,08,05,37,347,48,06,18,075,26,09,32,052,33,16,61,098,46,2*75
1780409582.330,$GAGSV,2,2,08,25,42,182,43,31,19,046,29,34,28,279,43,36,35,217,31,2*73
1780409582.330,$GAGSV,2,1,05,05,37,347,42,09,32,052,28,16,61,098,41,25,42,182,40,7*7D
1780409582.331,$GAGSV,2,2,05,34,28,279,41,7*42
1780409582.332,$GAGSV,1,1,03,03,08,303,,04,02,092,,11,11,170,,0*47
1780409582.332,$GBGSV,2,1,08,06,64,136,39,07,50,006,44,09,84,030,48,10,59,351,45,1*72
1780409582.333,$GBGSV,2,2,08,23,44,232,50,24,22,034,28,25,76,341,49,33,61,060,49,1*73
1780409582.334,$GBGSV,1,1,02,09,84,030,49,10,59,351,48,3*7B
1780409582.335,$GBGSV,2,1,08,01,42,107,,02,63,242,,03,71,140,,04,22,097,,0*74
1780409582.335,$GBGSV,2,2,08,04,22,097,,08,16,155,,13,10,199,,14,02,128,,0*75
1780409582.336,$GNGLL,1339.00412,N,10029.58032,E,141302.00,A,D*7E
1780409583.308,$GNRMC,141303.00,A,1339.00437,N,10029.58034,E,0.816,356.07,020626,0.53,W,F,V*46
1780409583.311,$GNVTG,356.07,T,356.60,M,0.816,N,1.511,K,D*32
1780409583.312,$GNGGA,141303.00,1339.00437,N,10029.58034,E,5,12,0.70,4.0,M,-27.8,M,1.0,0499*41
1780409583.313,$GNGSA,A,3,10,25,26,28,31,32,01,,,,,,1.27,0.70,1.06,1*0F
1780409583.313,$GNGSA,A,3,79,68,78,66,77,67,,,,,,,1.27,0.70,1.06,2*08
1780409583.314,$GNGSA,A,3,34,05,06,09,16,25,31,36,,,,,1.27,0.70,1.06,3*0D
1780409583.314,$GNGSA,A,3,06,07,09,10,33,24,25,23,,,,,1.27,0.70,1.06,4*09
1780409583.315,$GPGSV,3,1,10,02,16,264,22,10,52,150,35,25,18,041,23,26,63,193,48,1*6A
1780409583.316,$GPGSV,3,2,10,28,44,359,44,31,51,313,43,32,42,041,42,40,37,260,41,1*64
1780409583.316,$GPGSV,3,3,10,41,64,233,47,42,70,217,48,1*6A
1780409583.317,$GPGSV,2,1,08,01,12,290,24,10,52,150,30,23,14,148,11,25,18,041,23,6*65
1780409583.318,$GPGSV,2,2,08,26,63,193,48,28,44,359,47,31,51,313,40,32,42,041,37,6*6E
1780409583.319,$GPGSV,2,1,05,03,04,326,,16,30,197,,27,03,200,,29,05,093,,0*68
1780409583.319,$GPGSV,2,2,05,29,05,093,,0*54
1780409583.320,$GLGSV,2,1,06,66,30,096,34,67,43,023,46,68,13,337,33,77,35,023,38,1*74
1780409583.320,$GLGSV,2,2,06,78,80,247,49,79,27,211,28,1*76
1780409583.322,$GLGSV,2,1,05,66,30,096,43,67,43,023,48,68,13,337,33,78,80,247,47,3*72
1780409583.322,$GLGSV,2,2,05,79,27,211,25,3*41
1780409583.323,$GLGSV,1,1,03,81,02,194,,82,07,237,,83,01,284,,0*42
1780409583.324,$GAGSV,2,1,08,05,37,347,47,06,18,075,23,09,32,052,36,16,61,098,46,2*7A
1780409583.324,$GAGSV,2,2,08,25,42,182,44,31,19,046,29,34,28,279,46,36,35,217,30,2*70
1780409583.325,$GAGSV,1,1,04,05,37,347,43,16,61,098,42,25,42,182,41,34,28,279,43,7*7F
1780409583.326,$GAGSV,1,1,03,03,08,303,,04,02,092,,11,11,170,,0*47
1780409583.326,$GBGSV,2,1,08,06,64,136,41,07,50,006,46,09,84,030,47,10,59,351,47,1*72
1780409583.327,$GBGSV,2,2,08,23,44,232,51,24,22,034,32,25,76,341,50,33,61,060,48,1*70
1780409583.328,$GBGSV,1,1,02,09,84,030,50,10,59,351,48,3*73
1780409583.328,$GBGSV,2,1,08,01,42,107,,02,63,242,,03,71,140,,04,22,097,,0*74
1780409583.329,$GBGSV,2,2,08,04,22,097,,08,16,155,,13,10,199,,14,02,128,,0*75
1780409583.329,$GNGLL,1339.00437,N,10029.58034,E,141303.00,A,D*7E
1780409584.306,$GNRMC,141304.00,A,1339.00461,N,10029.58035,E,0.766,356.71,020626,0.53,W,F,V*4A
1780409584.308,$GNVTG,356.71,T,357.24,M,0.766,N,1.418,K,D*32
1780409584.310,$GNGGA,141304.00,1339.00461,N,10029.58035,E,5,12,0.70,4.1,M,-27.8,M,1.0,0499*45
1780409584.311,$GNGSA,A,3,10,26,28,31,32,01,,,,,,,1.27,0.70,1.06,1*08
1780409584.311,$GNGSA,A,3,79,68,78,66,77,67,,,,,,,1.27,0.70,1.06,2*08
1780409584.312,$GNGSA,A,3,34,05,06,09,16,25,31,36,,,,,1.27,0.70,1.06,3*0D
1780409584.312,$GNGSA,A,3,06,07,09,10,33,24,25,23,,,,,1.27,0.70,1.06,4*09
1780409584.313,$GPGSV,3,1,09,10,52,150,37,25,18,041,24,26,63,193,48,28,44,359,43,1*60
1780409584.313,$GPGSV,3,2,09,31,51,313,47,32,42,041,40,40,37,260,42,41,64,233,48,1*65
1780409584.314,$GPGSV,3,3,09,42,70,217,47,1*5B
1780409584.315,$GPGSV,2,1,08,01,12,290,31,10,52,150,31,23,14,148,12,25,18,041,24,6*64
1780409584.315,$GPGSV,2,2,08,26,63,193,46,28,44,359,46,31,51,313,42,32,42,041,40,6*63
1780409584.316,$GPGSV,2,1,06,02,16,264,,03,04,326,,16,30,197,,27,03,200,,0*6A
1780409584.316,$GPGSV,2,2,06,27,03,200,,29,05,093,,0*63
1780409584.317,$GLGSV,2,1,06,66,30,096,41,67,43,023,49,68,13,337,30,77,35,023,40,1*75
1780409584.318,$GLGSV,2,2,06,78,80,247,47,79,27,211,32,1*73
1780409584.319,$GLGSV,2,1,05,66,30,096,36,67,43,023,45,68,13,337,33,78,80,247,47,3*7D
1780409584.319,$GLGSV,2,2,05,79,27,211,24,3*40
1780409584.320,$GLGSV,1,1,03,81,02,194,,82,07,237,,83,01,284,,0*42
1780409584.321,$GAGSV,2,1,08,05,37,347,48,06,18,075,23,09,32,052,34,16,61,098,47,2*76
1780409584.321,$GAGSV,2,2,08,25,42,182,42,31,19,046,21,34,28,279,40,36,35,217,34,2*7C
1780409584.322,$GAGSV,1,1,04,05,37,347,40,16,61,098,45,25,42,182,41,34,28,279,40,7*78
1780409584.323,$GAGSV,1,1,03,03,08,303,,04,02,092,,11,11,170,,0*47
1780409584.323,$GBGSV,2,1,08,06,64,136,39,07,50,006,45,09,84,030,47,10,59,351,44,1*7D
1780409584.324,$GBGSV,2,2,08,23,44,232,48,24,22,034,29,25,76,341,51,33,61,060,48,1*73
1780409584.324,$GBGSV,1,1,02,09,84,030,50,10,59,351,49,3*72
1780409584.325,$GBGSV,2,1,08,01,42,107,,02,63,242,,03,71,140,,04,22,097,,0*74
1780409584.326,$GBGSV,2,2,08,04,22,097,,08,16,155,,13,10,199,,14,02,128,,0*75
1780409584.326,$GNGLL,1339.00461,N,10029.58035,E,141304.00,A,D*7B
1780409585.313,$GNRMC,141305.00,A,1339.00484,N,10029.58035,E,0.724,358.49,020626,0.53,W,F,V*43
1780409585.316,$GNVTG,358.49,T,359.02,M,0.724,N,1.341,K,D*30
1780409585.317,$GNGGA,141305.00,1339.00484,N,10029.58035,E,5,12,0.64,4.1,M,-27.8,M,1.0,0499*4A
1780409585.318,$GNGSA,A,3,10,26,28,31,32,01,,,,,,,1.19,0.64,0.99,1*07
1780409585.318,$GNGSA,A,3,79,68,78,66,77,67,,,,,,,1.19,0.64,0.99,2*07
1780409585.319,$GNGSA,A,3,34,05,06,09,16,25,31,36,,,,,1.19,0.64,0.99,3*02
1780409585.320,$GNGSA,A,3,06,07,09,10,33,24,25,23,,,,,1.19,0.64,0.99,4*06
1780409585.320,$GPGSV,3,1,09,10,52,150,30,25,18,041,25,26,63,193,48,28,44,359,45,1*60
1780409585.321,$GPGSV,3,2,09,31,51,313,41,32,42,041,42,40,37,260,40,41,64,233,49,1*62
1780409585.322,$GPGSV,3,3,09,42,70,217,48,1*54
1780409585.322,$GPGSV,2,1,08,01,12,290,30,10,52,150,30,23,14,148,14,25,18,041,25,6*63
1780409585.323,$GPGSV,2,2,08,26,63,193,46,28,44,359,46,31,51,313,39,32,42,041,40,6*6F
1780409585.324,$GPGSV,2,1,06,02,16,264,,03,04,326,,16,30,197,,27,03,200,,0*6A
1780409585.325,$GPGSV,2,2,06,27,03,200,,29,05,093,,0*63
1780409585.325,$GLGSV,2,1,06,66,30,096,25,67,43,023,46,68,13,337,30,77,35,023,41,1*79
1780409585.326,$GLGSV,2,2,06,78,80,247,47,79,27,211,27,1*77
1780409585.327,$GLGSV,2,1,05,66,30,096,34,67,43,023,46,68,13,337,33,78,80,247,48,3*73
1780409585.327,$GLGSV,2,2,05,79,27,211,25,3*41
1780409585.328,$GLGSV,1,1,03,81,02,194,,82,07,237,,83,01,284,,0*42
1780409585.328,$GAGSV,2,1,08,05,37,347,48,06,18,075,24,09,32,052,28,16,61,098,50,2*7A
1780409585.329,$GAGSV,2,2,08,25,42,182,41,31,19,046,30,34,28,279,42,36,35,217,28,2*70
1780409585.330,$GAGSV,1,1,04,05,37,347,43,16,61,098,44,25,42,182,40,34,28,279,38,7*74
1780409585.330,$GAGSV,1,1,03,03,08,303,,04,02,092,,11,11,170,,0*47
1780409585.331,$GBGSV,2,1,08,06,64,136,37,07,50,006,45,09,84,030,45,10,59,351,45,1*70
1780409585.332,$GBGSV,2,2,08,23,44,232,48,24,22,034,36,25,76,341,49,33,61,060,49,1*75
1780409585.332,$GBGSV,1,1,02,09,84,030,49,10,59,351,48,3*7B
1780409585.333,$GBGSV,2,1,08,01,42,107,,02,63,242,,03,71,140,,04,22,097,,0*74
1780409585.333,$GBGSV,2,2,08,04,22,097,,08,16,155,,13,10,199,,14,02,128,,0*75
1780409585.334,$GNGLL,1339.00484,N,10029.58035,E,141305.00,A,D*71
1780409586.301,$GNRMC,141306.00,A,1339.00506,N,10029.58033,E,0.805,353.96,020626,0.53,W,F,V*48
1780409586.303,$GNVTG,353.96,T,354.49,M,0.805,N,1.490,K,D*3C
1780409586.304,$GNGGA,141306.00,1339.00506,N,10029.58033,E,5,12,0.72,4.1,M,-27.8,M,1.0,0499*43
1780409586.305,$GNGSA,A,3,10,26,28,31,32,25,01,,,,,,1.32,0.72,1.10,1*0E
1780409586.305,$GNGSA,A,3,79,68,78,66,77,67,,,,,,,1.32,0.72,1.10,2*09
1780409586.306,$GNGSA,A,3,34,05,09,16,25,31,36,,,,,,1.32,0.72,1.10,3*0A
1780409586.306,$GNGSA,A,3,06,07,09,10,33,24,25,23,,,,,1.32,0.72,1.10,4*08
1780409586.307,$GPGSV,3,1,09,10,52,150,25,25,18,041,25,26,63,193,47,28,44,359,46,1*68
1780409586.308,$GPGSV,3,2,09,31,51,313,42,32,42,041,44,40,37,260,40,41,64,233,49,1*67
1780409586.308,$GPGSV,3,3,09,42,70,217,46,1*5A
1780409586.309,$GPGSV,2,1,08,01,12,290,33,10,52,150,26,23,14,148,16,25,18,041,25,6*65
1780409586.310,$GPGSV,2,2,08,26,63,193,45,28,44,359,47,31,51,313,37,32,42,041,36,6*62
1780409586.310,$GPGSV,2,1,06,02,16,264,,03,04,326,,16,30,197,,27,03,200,,0*6A
1780409586.311,$GPGSV,2,2,06,27,03,200,,29,05,093,,0*63
1780409586.311,$GLGSV,2,1,06,66,30,096,31,67,43,023,49,68,13,337,33,77,35,023,42,1*73
1780409586.312,$GLGSV,2,2,06,78,80,247,46,79,27,211,26,1*77
1780409586.314,$GLGSV,2,1,05,66,30,096,37,67,43,023,45,68,13,337,36,78,80,247,46,3*78
1780409586.314,$GLGSV,2,2,05,79,27,211,14,3*43
1780409586.315,$GLGSV,1,1,03,81,02,194,,82,07,237,,83,01,284,,0*42
1780409586.315,$GAGSV,2,1,08,05,37,347,47,06,18,075,22,09,32,052,38,16,61,098,50,2*72
1780409586.316,$GAGSV,2,2,08,25,43,182,42,31,19,046,29,34,28,279,40,36,35,217,28,2*78
1780409586.317,$GAGSV,1,1,04,05,37,347,43,16,61,098,45,25,43,182,41,34,28,279,39,7*74
1780409586.317,$GAGSV,1,1,03,03,08,303,,04,02,092,,11,11,170,,0*47
1780409586.318,$GBGSV,2,1,08,06,64,136,39,07,50,006,46,09,84,030,47,10,59,351,46,1*7C
1780409586.319,$GBGSV,2,2,08,23,44,232,45,24,22,034,26,25,76,341,50,33,61,060,50,1*79
1780409586.319,$GBGSV,1,1,02,09,84,030,47,10,59,351,48,3*75
1780409586.320,$GBGSV,2,1,08,01,42,107,,02,63,242,,03,71,140,,04,22,097,,0*74
1780409586.321,$GBGSV,2,2,08,04,22,097,,08,16,155,,13,10,199,,14,02,128,,0*75
1780409586.321,$GNGLL,1339.00506,N,10029.58033,E,141306.00,A,D*7F
1780409587.308,$GNRMC,141307.00,A,1339.00529,N,10029.58030,E,0.796,355.19,020626,0.53,W,F,V*43
1780409587.311,$GNVTG,355.19,T,355.72,M,0.796,N,1.475,K,D*3A
1780409587.312,$GNGGA,141307.00,1339.00529,N,10029.58030,E,5,12,0.73,4.1,M,-27.8,M,1.0,0499*4D
1780409587.312,$GNGSA,A,3,10,26,28,31,32,25,,,,,,,1.40,0.73,1.19,1*02
1780409587.313,$GNGSA,A,3,79,68,78,66,77,67,,,,,,,1.40,0.73,1.19,2*04
1780409587.313,$GNGSA,A,3,34,05,09,16,25,31,36,,,,,,1.40,0.73,1.19,3*07
1780409587.314,$GNGSA,A,3,06,07,09,10,33,24,25,23,,,,,1.40,0.73,1.19,4*05
1780409587.315,$GPGSV,3,1,11,02,16,264,23,10,52,150,25,16,30,197,26,25,18,041,24,1*65
1780409587.315,$GPGSV,3,2,11,26,63,193,46,28,44,359,45,31,51,313,40,32,42,041,44,1*68
1780409587.316,$GPGSV,3,3,11,40,37,260,38,41,64,233,43,42,70,217,44,1*5C
1780409587.317,$GPGSV,2,1,08,01,12,290,17,10,52,150,26,23,14,148,14,25,18,041,25,6*61
1780409587.317,$GPGSV,2,2,08,26,63,193,47,28,44,359,44,31,51,313,40,32,42,041,31,6*64
1780409587.318,$GPGSV,1,1,04,03,04,326,,27,03,200,,29,05,093,,50,56,115,,0*62
1780409587.319,$GLGSV,2,1,06,66,30,096,36,67,43,023,48,68,13,337,33,77,35,023,41,1*76
1780409587.319,$GLGSV,2,2,06,78,80,247,46,79,27,211,27,1*76
1780409587.320,$GLGSV,2,1,05,66,30,096,39,67,43,023,48,68,13,337,28,78,80,247,46,3*74
1780409587.321,$GLGSV,2,2,05,79,27,211,25,3*41
1780409587.322,$GLGSV,1,1,03,81,02,194,,82,07,237,,83,01,284,,0*42
1780409587.322,$GAGSV,2,1,08,05,37,347,47,06,18,075,20,09,32,052,35,16,61,098,51,2*7C
1780409587.323,$GAGSV,2,2,08,25,43,182,44,31,19,046,28,34,28,279,43,36,35,217,27,2*73
1780409587.324,$GAGSV,1,1,04,05,37,347,42,16,61,098,46,25,43,182,43,34,28,279,40,7*7A
1780409587.325,$GAGSV,1,1,03,03,08,303,,04,02,092,,11,11,170,,0*47
1780409587.325,$GBGSV,2,1,08,06,64,136,40,07,50,006,45,09,84,030,47,10,59,351,46,1*71
1780409587.326,$GBGSV,2,2,08,23,44,232,47,24,22,034,26,25,76,341,49,33,61,060,50,1*73
1780409587.326,$GBGSV,1,1,02,09,84,030,50,10,59,351,47,3*7C
1780409587.327,$GBGSV,2,1,08,01,42,107,,02,63,242,,03,71,140,,04,22,097,,0*74
1780409587.328,$GBGSV,2,2,08,04,22,097,,08,16,155,,13,10,199,,14,02,128,,0*75
1780409587.328,$GNGLL,1339.00529,N,10029.58030,E,141307.00,A,D*70
1780409588.311,$GNRMC,141308.00,A,1339.00552,N,10029.58028,E,0.781,355.74,020626,0.53,W,F,V*44
1780409588.313,$GNVTG,355.74,T,356.27,M,0.781,N,1.446,K,D*34
1780409588.314,$GNGGA,141308.00,1339.00552,N,10029.58028,E,5,12,0.78,4.1,M,-27.8,M,1.0,0499*4C
1780409588.315,$GNGSA,A,3,10,26,28,31,32,25,,,,,,,1.48,0.78,1.26,1*0D
1780409588.315,$GNGSA,A,3,68,78,66,77,67,,,,,,,,1.48,0.78,1.26,2*05
1780409588.316,$GNGSA,A,3,06,34,05,09,16,25,31,36,,,,,1.48,0.78,1.26,3*0E
1780409588.316,$GNGSA,A,3,06,07,09,10,33,24,25,23,,,,,1.48,0.78,1.26,4*0A
1780409588.317,$GPGSV,3,1,11,02,16,264,24,10,52,150,32,16,30,197,27,25,18,041,25,1*64
1780409588.318,$GPGSV,3,2,11,26,63,193,46,28,44,359,45,31,51,313,40,32,42,041,39,1*62
1780409588.318,$GPGSV,3,3,11,40,37,260,39,41,64,233,48,42,70,217,44,1*56
1780409588.319,$GPGSV,2,1,08,01,12,290,19,10,52,150,25,23,14,148,14,25,18,041,25,6*6C
1780409588.320,$GPGSV,2,2,08,26,63,193,47,28,44,359,46,31,51,313,42,32,42,041,42,6*60
1780409588.320,$GPGSV,1,1,04,03,04,326,,27,03,200,,29,05,093,,50,56,115,,0*62
1780409588.321,$GLGSV,2,1,06,66,30,096,37,67,43,023,48,68,13,337,34,77,35,023,41,1*70
1780409588.321,$GLGSV,2,2,06,78,80,247,49,79,27,211,25,1*7B
1780409588.322,$GLGSV,2,1,05,66,30,096,35,67,43,023,47,68,13,337,33,78,80,247,48,3*73
1780409588.323,$GLGSV,2,2,05,79,27,211,23,3*47
1780409588.323,$GLGSV,1,1,03,81,02,194,,82,07,237,,83,01,284,,0*42
1780409588.325,$GAGSV,2,1,08,05,37,347,47,06,18,075,20,09,32,052,35,16,61,098,51,2*7C
1780409588.325,$GAGSV,2,2,08,25,43,182,47,31,19,046,27,34,28,279,46,36,35,217,26,2*7B
1780409588.326,$GAGSV,1,1,04,05,37,347,44,16,61,098,47,25,43,182,43,34,28,279,40,7*7D
1780409588.327,$GAGSV,1,1,03,03,08,303,,04,02,092,,11,11,170,,0*47
1780409588.327,$GBGSV,2,1,08,06,64,136,38,07,50,006,45,09,84,030,46,10,59,351,46,1*7F
1780409588.328,$GBGSV,2,2,08,23,44,232,49,24,22,034,25,25,76,341,49,33,61,060,50,1*7E
1780409588.328,$GBGSV,1,1,02,09,84,030,49,10,59,351,45,3*76
1780409588.329,$GBGSV,2,1,08,01,42,107,,02,63,242,,03,71,140,,04,22,097,,0*74
1780409588.330,$GBGSV,2,2,08,04,22,097,,08,16,155,,13,10,199,,14,02,128,,0*75
1780409588.330,$GNGLL,1339.00552,N,10029.58028,E,141308.00,A,D*7A
1780409589.307,$GNRMC,141309.00,A,1339.00573,N,10029.58026,E,0.744,357.61,020626,0.53,W,F,V*47
1780409589.310,$GNVTG,357.61,T,358.13,M,0.744,N,1.378,K,D*38
1780409589.311,$GNGGA,141309.00,1339.00573,N,10029.58026,E,5,12,0.69,4.0,M,-27.8,M,1.0,0499*41
1780409589.311,$GNGSA,A,3,10,26,28,31,32,25,01,,,,,,1.23,0.69,1.03,1*06
1780409589.312,$GNGSA,A,3,68,78,66,77,67,,,,,,,,1.23,0.69,1.03,2*0F
1780409589.312,$GNGSA,A,3,06,34,05,09,16,25,31,36,,,,,1.23,0.69,1.03,3*04
1780409589.313,$GNGSA,A,3,06,07,09,10,33,24,25,23,,,,,1.23,0.69,1.03,4*00
1780409589.313,$GPGSV,3,1,11,02,16,264,22,10,52,150,33,16,30,197,25,25,18,041,23,1*67
1780409589.314,$GPGSV,3,2,11,26,63,193,47,28,44,359,44,31,51,313,41,32,42,041,43,1*6E
1780409589.315,$GPGSV,3,3,11,40,37,260,41,41,64,233,45,42,70,217,44,1*54
1780409589.315,$GPGSV,2,1,08,01,12,290,27,10,52,150,26,23,14,148,15,25,18,041,24,6*62
1780409589.316,$GPGSV,2,2,08,26,63,193,44,28,44,359,47,31,51,313,41,32,42,041,39,6*6D
1780409589.317,$GPGSV,1,1,04,03,04,326,,27,03,200,,29,05,093,,50,56,115,,0*62
1780409589.318,$GLGSV,2,1,06,66,30,096,34,67,43,023,48,68,13,337,39,77,35,023,39,1*71
1780409589.318,$GLGSV,2,2,06,78,80,247,47,79,27,211,25,1*75
1780409589.319,$GLGSV,2,1,05,66,30,096,30,67,43,023,47,68,13,337,35,78,80,247,49,3*71
1780409589.320,$GLGSV,2,2,05,79,27,211,25,3*41
1780409589.320,$GLGSV,1,1,03,81,02,194,,82,07,237,,83,01,284,,0*42
1780409589.321,$GAGSV,2,1,08,05,37,347,47,06,18,075,22,09,32,052,30,16,61,098,53,2*79
1780409589.322,$GAGSV,2,2,08,25,43,182,47,31,19,046,26,34,28,279,47,36,35,217,26,2*7B
1780409589.323,$GAGSV,1,1,04,05,37,347,43,16,61,098,47,25,43,182,44,34,28,279,42,7*7F
1780409589.323,$GAGSV,1,1,03,03,08,303,,04,02,092,,11,11,170,,0*47
1780409589.324,$GBGSV,2,1,08,06,64,136,40,07,50,006,45,09,84,030,47,10,59,351,45,1*72
1780409589.324,$GBGSV,2,2,08,23,44,232,48,24,22,034,27,25,76,341,49,33,61,060,50,1*7D
1780409589.325,$GBGSV,1,1,02,09,84,030,50,10,59,351,47,3*7C
1780409589.326,$GBGSV,2,1,08,01,42,107,,02,63,242,,03,71,140,,04,22,097,,0*74
1780409589.326,$GBGSV,2,2,08,04,22,097,,08,16,155,,13,10,199,,14,02,128,,0*75
1780409589.327,$GNGLL,1339.00573,N,10029.58026,E,141309.00,A,D*76
1780409590.315,$GNRMC,141310.00,A,1339.00595,N,10029.58023,E,0.781,357.37,020626,0.53,W,F,V*48
1780409590.317,$GNVTG,357.37,T,357.90,M,0.781,N,1.446,K,D*3C
1780409590.319,$GNGGA,141310.00,1339.00595,N,10029.58023,E,5,12,0.69,4.0,M,-27.8,M,1.0,0499*44
1780409590.321,$GNGSA,A,3,10,26,28,31,32,25,01,,,,,,1.23,0.69,1.03,1*06
1780409590.323,$GNGSA,A,3,79,68,78,66,77,67,,,,,,,1.23,0.69,1.03,2*01
1780409590.325,$GNGSA,A,3,06,34,05,09,16,25,31,36,,,,,1.23,0.69,1.03,3*04
1780409590.326,$GNGSA,A,3,06,07,09,10,33,24,25,23,,,,,1.23,0.69,1.03,4*00
1780409590.328,$GPGSV,3,1,11,02,16,264,21,10,52,150,33,16,30,197,24,25,18,041,24,1*62
1780409590.330,$GPGSV,3,2,11,26,63,193,45,28,44,359,44,31,51,313,36,32,42,041,44,1*6B
1780409590.332,$GPGSV,3,3,11,40,37,260,41,41,64,233,46,42,70,217,44,1*57
1780409590.334,$GPGSV,2,1,08,01,12,290,33,10,52,150,32,23,14,148,15,25,18,041,24,6*62
1780409590.335,$GPGSV,2,2,08,26,63,193,46,28,44,359,47,31,51,313,38,32,42,041,39,6*61
1780409590.336,$GPGSV,1,1,04,03,04,326,,27,03,200,,29,05,093,,50,56,115,,0*62
1780409590.336,$GLGSV,2,1,06,66,30,096,30,67,43,023,48,68,13,337,32,77,35,023,42,1*72
1780409590.337,$GLGSV,2,2,06,78,80,247,49,79,27,211,22,1*7C
1780409590.337,$GLGSV,2,1,05,66,30,096,37,67,43,023,47,68,13,337,36,78,80,247,49,3*75
1780409590.338,$GLGSV,2,2,05,79,27,211,26,3*42
1780409590.339,$GLGSV,1,1,03,81,02,194,,82,07,237,,83,01,284,,0*42
1780409590.339,$GAGSV,2,1,08,05,37,347,46,06,18,075,24,09,32,052,29,16,61,098,50,2*75
1780409590.340,$GAGSV,2,2,08,25,43,182,46,31,19,046,24,34,28,279,46,36,35,217,27,2*78
1780409590.341,$GAGSV,1,1,04,05,37,347,44,16,61,098,45,25,43,182,45,34,28,279,40,7*79
1780409590.341,$GAGSV,1,1,03,03,08,303,,04,02,092,,11,11,170,,0*47
1780409590.342,$GBGSV,2,1,08,06,64,136,43,07,50,006,46,09,84,030,47,10,59,351,46,1*71
1780409590.342,$GBGSV,2,2,08,23,44,232,47,24,22,034,32,25,76,341,50,33,61,060,50,1*7E
1780409590.343,$GBGSV,1,1,02,09,84,030,50,10,59,351,47,3*7C
1780409590.343,$GBGSV,2,1,08,01,42,107,,02,63,242,,03,71,140,,04,22,097,,0*74
1780409590.344,$GBGSV,2,2,08,04,22,097,,08,16,155,,13,10,199,,14,02,128,,0*75
1780409590.345,$GNGLL,1339.00595,N,10029.58023,E,141310.00,A,D*73
1780409591.313,$GNRMC,141311.00,A,1339.00616,N,10029.58022,E,0.720,357.82,020626,0.53,W,F,V*45
1780409591.315,$GNVTG,357.82,T,358.35,M,0.720,N,1.333,K,D*3C
1780409591.316,$GNGGA,141311.00,1339.00616,N,10029.58022,E,5,12,0.69,3.9,M,-27.8,M,1.0,0499*42
1780409591.317,$GNGSA,A,3,10,02,26,28,31,32,25,01,,,,,1.21,0.69,0.99,1*04
1780409591.318,$GNGSA,A,3,68,78,66,77,67,,,,,,,,1.21,0.69,0.99,2*0F
1780409591.318,$GNGSA,A,3,06,34,05,16,25,31,36,,,,,,1.21,0.69,0.99,3*0D
1780409591.319,$GNGSA,A,3,06,07,09,10,33,24,25,23,,,,,1.21,0.69,0.99,4*00
1780409591.319,$GPGSV,3,1,10,02,16,264,21,10,52,150,29,25,18,041,26,26,63,193,46,1*6F
1780409591.320,$GPGSV,3,2,10,28,44,359,44,31,51,313,35,32,42,041,46,40,37,260,42,1*62
1780409591.321,$GPGSV,3,3,10,41,64,233,44,42,70,217,47,1*66
1780409591.321,$GPGSV,2,1,08,01,12,290,36,10,52,150,22,23,14,148,16,25,18,041,31,6*61
1780409591.322,$GPGSV,2,2,08,26,63,193,43,28,44,359,46,31,51,313,40,32,42,041,43,6*67
1780409591.323,$GPGSV,2,1,05,03,04,326,,16,30,197,,27,03,200,,29,05,093,,0*68
1780409591.324,$GPGSV,2,2,05,29,05,093,,0*54
1780409591.325,$GLGSV,2,1,06,66,30,096,30,67,43,023,48,68,13,337,38,77,35,023,41,1*7B
1780409591.326,$GLGSV,2,2,06,78,80,247,49,79,27,211,22,1*7C
1780409591.326,$GLGSV,2,1,05,66,30,096,32,67,43,023,48,68,13,337,38,78,80,247,48,3*70
1780409591.327,$GLGSV,2,2,05,79,27,211,25,3*41
1780409591.327,$GLGSV,1,1,03,81,02,194,,82,07,237,,83,01,284,,0*42
1780409591.328,$GAGSV,2,1,08,05,37,347,48,06,18,075,23,09,32,052,19,16,61,098,51,2*7E
1780409591.329,$GAGSV,2,2,08,25,43,182,46,31,19,046,24,34,28,279,46,36,35,217,24,2*7B
1780409591.329,$GAGSV,1,1,04,05,37,347,43,16,61,098,46,25,43,182,44,34,28,279,42,7*7E
1780409591.330,$GAGSV,1,1,03,03,08,303,,04,02,092,,11,11,170,,0*47
1780409591.331,$GBGSV,2,1,08,06,64,136,44,07,50,006,44,09,84,030,47,10,59,351,46,1*74
1780409591.332,$GBGSV,2,2,08,23,44,232,48,24,22,034,32,25,76,341,50,33,61,060,51,1*70
1780409591.332,$GBGSV,1,1,02,09,84,030,48,10,59,351,48,3*7A
1780409591.333,$GBGSV,2,1,08,01,42,107,,02,63,242,,03,71,140,,04,22,097,,0*74
1780409591.333,$GBGSV,2,2,08,04,22,097,,08,16,155,,13,10,199,,14,02,128,,0*75
1780409591.334,$GNGLL,1339.00616,N,10029.58022,E,141311.00,A,D*7B
1780409592.313,$GNRMC,141312.00,A,1339.00636,N,10029.58021,E,0.764,358.84,020626,0.53,W,F,V*4E
1780409592.315,$GNVTG,358.84,T,359.37,M,0.764,N,1.416,K,D*36
1780409592.316,$GNGGA,141312.00,1339.00636,N,10029.58021,E,5,12,0.69,3.7,M,-27.8,M,1.0,0499*4E
1780409592.317,$GNGSA,A,3,10,02,26,28,31,32,25,01,,,,,1.20,0.69,0.98,1*04
1780409592.317,$GNGSA,A,3,68,78,66,77,67,,,,,,,,1.20,0.69,0.98,2*0F
1780409592.318,$GNGSA,A,3,06,34,05,09,16,25,31,36,,,,,1.20,0.69,0.98,3*04
1780409592.318,$GNGSA,A,3,06,07,09,10,33,24,25,23,,,,,1.20,0.69,0.98,4*00
1780409592.319,$GPGSV,3,1,10,02,16,264,20,10,52,150,29,25,18,041,26,26,63,193,44,1*6C
1780409592.320,$GPGSV,3,2,10,28,44,359,45,31,51,313,39,32,42,041,44,40,37,260,41,1*6E
1780409592.320,$GPGSV,3,3,10,41,64,233,47,42,70,217,45,1*67
1780409592.321,$GPGSV,2,1,08,01,12,290,28,10,52,150,22,23,14,148,16,25,18,041,24,6*6A
1780409592.322,$GPGSV,2,2,08,26,63,193,43,28,44,359,45,31,51,313,33,32,42,041,41,6*62
1780409592.322,$GPGSV,2,1,05,03,04,326,,16,30,197,,27,03,200,,29,05,093,,0*68
1780409592.323,$GPGSV,2,2,05,29,05,093,,0*54
1780409592.323,$GLGSV,2,1,06,66,30,096,27,67,43,023,48,68,13,337,32,77,35,023,41,1*77
1780409592.324,$GLGSV,2,2,06,78,80,247,49,79,27,211,23,1*7D
1780409592.324,$GLGSV,2,1,05,66,30,096,33,67,43,023,47,68,13,337,40,78,80,247,49,3*70
1780409592.325,$GLGSV,2,2,05,79,27,211,23,3*47
1780409592.326,$GLGSV,1,1,03,81,02,194,,82,07,237,,83,01,284,,0*42
1780409592.326,$GAGSV,2,1,08,05,37,347,49,06,18,075,25,09,32,052,30,16,61,098,50,2*73
1780409592.327,$GAGSV,2,2,08,25,43,182,48,31,19,046,31,34,28,279,44,36,35,217,25,2*72
1780409592.328,$GAGSV,2,1,05,05,37,347,44,09,32,052,27,16,61,098,45,25,43,182,41,7*70
1780409592.328,$GAGSV,2,2,05,34,28,279,41,7*42
1780409592.329,$GAGSV,1,1,03,03,08,303,,04,02,092,,11,11,170,,0*47
1780409592.329,$GBGSV,2,1,08,06,64,136,45,07,50,006,44,09,84,030,47,10,59,351,46,1*75
1780409592.330,$GBGSV,2,2,08,23,44,232,44,24,22,034,26,25,76,341,49,33,61,060,50,1*70
1780409592.331,$GBGSV,1,1,02,09,84,030,47,10,59,351,48,3*75
1780409592.331,$GBGSV,2,1,08,01,42,107,,02,63,242,,03,71,140,,04,22,097,,0*74
1780409592.332,$GBGSV,2,2,08,04,22,097,,08,16,155,,13,10,199,,14,02,128,,0*75
1780409592.332,$GNGLL,1339.00636,N,10029.58021,E,141312.00,A,D*79
1780409593.308,$GNRMC,141313.00,A,1339.00657,N,10029.58021,E,0.797,6.65,020626,0.53,W,F,V*43
1780409593.310,$GNVTG,6.65,T,7.18,M,0.797,N,1.476,K,D*3E
1780409593.311,$GNGGA,141313.00,1339.00657,N,10029.58021,E,5,12,0.69,3.6,M,-27.8,M,1.0,0499*49
1780409593.312,$GNGSA,A,3,10,26,28,31,32,25,01,,,,,,1.20,0.69,0.98,1*06
1780409593.312,$GNGSA,A,3,79,68,78,66,77,67,,,,,,,1.20,0.69,0.98,2*01
1780409593.313,$GNGSA,A,3,06,34,05,09,16,25,31,36,,,,,1.20,0.69,0.98,3*04
1780409593.313,$GNGSA,A,3,06,07,09,10,33,24,25,23,,,,,1.20,0.69,0.98,4*00
1780409593.314,$GPGSV,3,1,10,02,16,264,19,10,52,150,34,25,18,041,25,26,63,193,46,1*6B
1780409593.314,$GPGSV,3,2,10,28,44,359,45,31,51,313,27,32,42,041,43,40,37,260,41,1*66
1780409593.315,$GPGSV,3,3,10,41,64,233,48,42,70,217,46,1*6B
1780409593.316,$GPGSV,2,1,08,01,12,290,40,10,52,150,33,23,14,148,15,25,18,041,25,6*66
1780409593.316,$GPGSV,2,2,08,26,63,193,45,28,44,359,47,31,51,313,38,32,42,041,43,6*6F
1780409593.317,$GPGSV,2,1,05,03,04,326,,16,30,197,,27,03,200,,29,05,093,,0*68
1780409593.317,$GPGSV,2,2,05,29,05,093,,0*54
1780409593.318,$GLGSV,2,1,06,66,30,096,33,67,43,023,50,68,13,337,30,77,35,023,41,1*79
1780409593.319,$GLGSV,2,2,06,78,80,247,49,79,27,211,24,1*7A
1780409593.319,$GLGSV,2,1,05,66,30,096,30,67,43,023,48,68,13,337,39,78,80,247,49,3*72
1780409593.320,$GLGSV,2,2,05,79,27,211,25,3*41
1780409593.320,$GLGSV,1,1,03,81,02,194,,82,07,237,,83,01,284,,0*42
1780409593.321,$GAGSV,2,1,08,05,37,347,47,06,18,075,26,09,32,052,23,16,61,098,52,2*7E
1780409593.321,$GAGSV,2,2,08,25,43,182,49,31,19,046,22,34,28,279,42,36,35,217,32,2*71
1780409593.322,$GAGSV,1,1,04,05,37,347,43,16,61,098,45,25,43,182,42,34,28,279,39,7*77
1780409593.323,$GAGSV,1,1,03,03,08,303,,04,02,092,,11,11,170,,0*47
1780409593.323,$GBGSV,2,1,08,06,64,136,46,07,50,006,45,09,84,030,47,10,59,351,45,1*74
1780409593.324,$GBGSV,2,2,08,23,44,232,46,24,22,034,32,25,76,341,48,33,61,060,49,1*7E
1780409593.324,$GBGSV,1,1,02,09,84,030,49,10,59,351,47,3*74
1780409593.325,$GBGSV,2,1,08,01,42,107,,02,63,242,,03,71,140,,04,22,097,,0*74
1780409593.326,$GBGSV,2,2,08,04,22,097,,08,16,155,,13,10,199,,14,02,128,,0*75
1780409593.326,$GNGLL,1339.00657,N,10029.58021,E,141313.00,A,D*7F
1780409594.311,$GNRMC,141314.00,A,1339.00678,N,10029.58022,E,0.782,6.46,020626,0.53,W,F,V*4F
1780409594.313,$GNVTG,6.46,T,6.99,M,0.782,N,1.449,K,D*3F
1780409594.314,$GNGGA,141314.00,1339.00678,N,10029.58022,E,5,12,0.68,3.5,M,-27.8,M,1.0,0499*42
1780409594.315,$GNGSA,A,3,10,26,28,31,32,25,02,01,,,,,1.20,0.68,0.99,1*04
1780409594.316,$GNGSA,A,3,79,68,78,66,77,67,,,,,,,1.20,0.68,0.99,2*01
1780409594.317,$GNGSA,A,3,06,34,05,09,16,25,36,,,,,,1.20,0.68,0.99,3*06
1780409594.317,$GNGSA,A,3,06,07,09,10,33,24,25,23,,,,,1.20,0.68,0.99,4*00
1780409594.318,$GPGSV,3,1,10,02,16,264,20,10,52,150,29,25,18,041,25,26,63,193,45,1*6E
1780409594.318,$GPGSV,3,2,10,28,44,359,44,31,51,313,34,32,42,041,44,40,37,260,36,1*62
1780409594.319,$GPGSV,3,3,10,41,64,233,48,42,70,217,47,1*6A
1780409594.320,$GPGSV,2,1,08,01,12,290,28,10,52,150,27,23,14,148,14,25,18,041,30,6*68
1780409594.320,$GPGSV,2,2,08,26,63,193,47,28,44,359,47,31,51,313,33,32,42,041,46,6*63
1780409594.321,$GPGSV,2,1,05,03,04,326,,16,30,197,,27,03,200,,29,05,093,,0*68
1780409594.321,$GPGSV,2,2,05,29,05,093,,0*54
1780409594.322,$GLGSV,2,1,06,66,30,096,28,67,43,023,46,68,13,337,24,77,35,023,42,1*72
1780409594.323,$GLGSV,2,2,06,78,80,247,48,79,27,211,27,1*78
1780409594.323,$GLGSV,2,1,05,66,30,096,29,67,43,023,46,68,13,337,31,78,80,247,49,3*7C
1780409594.324,$GLGSV,2,2,05,79,27,211,25,3*41
1780409594.324,$GLGSV,1,1,03,81,02,194,,82,07,237,,83,01,284,,0*42
1780409594.325,$GAGSV,2,1,08,05,37,347,48,06,18,075,25,09,32,052,34,16,61,098,52,2*74
1780409594.326,$GAGSV,2,2,08,25,43,182,47,31,19,046,22,34,28,279,43,36,35,217,30,2*7C
1780409594.326,$GAGSV,1,1,04,05,37,347,40,16,61,098,46,25,43,182,45,34,28,279,39,7*70
1780409594.327,$GAGSV,1,1,03,03,08,303,,04,02,092,,11,11,170,,0*47
1780409594.328,$GBGSV,2,1,08,06,64,136,49,07,50,006,45,09,84,030,47,10,59,351,45,1*7B
1780409594.328,$GBGSV,2,2,08,23,44,232,49,24,22,034,26,25,76,341,49,33,61,060,48,1*74
1780409594.329,$GBGSV,1,1,02,09,84,030,50,10,59,351,46,3*7D
1780409594.329,$GBGSV,2,1,08,01,42,107,,02,63,242,,03,71,140,,04,22,097,,0*74
1780409594.330,$GBGSV,2,2,08,04,22,097,,08,16,155,,13,10,199,,14,02,128,,0*75
1780409594.331,$GNGLL,1339.00678,N,10029.58022,E,141314.00,A,D*76
1780409595.304,$GNRMC,141315.00,A,1339.00699,N,10029.58023,E,0.798,9.97,020626,0.53,W,F,V*48
1780409595.306,$GNVTG,9.97,T,10.50,M,0.798,N,1.477,K,D*08
1780409595.306,$GNGGA,141315.00,1339.00699,N,10029.58023,E,5,12,0.76,3.4,M,-27.8,M,1.0,0499*43
1780409595.307,$GNGSA,A,3,10,26,28,31,32,25,02,01,,,,,1.41,0.76,1.19,1*05
1780409595.307,$GNGSA,A,3,68,78,66,77,67,,,,,,,,1.41,0.76,1.19,2*0E
1780409595.308,$GNGSA,A,3,06,31,34,05,09,16,25,36,,,,,1.41,0.76,1.19,3*05
1780409595.308,$GNGSA,A,3,06,07,09,10,33,24,25,23,,,,,1.41,0.76,1.19,4*01
1780409595.309,$GPGSV,3,1,10,02,16,264,22,10,52,150,28,25,18,041,25,26,63,193,45,1*6D
1780409595.310,$GPGSV,3,2,10,28,44,359,44,31,51,313,30,32,42,041,47,40,37,260,43,1*67
1780409595.310,$GPGSV,3,3,10,41,64,233,46,42,70,217,47,1*64
1780409595.311,$GPGSV,2,1,08,01,12,290,38,10,52,150,28,23,14,148,16,25,18,041,23,6*66
1780409595.312,$GPGSV,2,2,08,26,63,193,45,28,44,359,45,31,51,313,32,32,42,041,47,6*63
1780409595.312,$GPGSV,2,1,05,03,04,326,,16,30,197,,27,03,200,,29,05,093,,0*68
1780409595.313,$GPGSV,2,2,05,29,05,093,,0*54
1780409595.313,$GLGSV,2,1,06,66,30,096,26,67,43,023,46,68,13,337,30,77,35,023,42,1*79
1780409595.314,$GLGSV,2,2,06,78,80,247,47,79,27,211,32,1*73
1780409595.315,$GLGSV,2,1,05,66,30,096,29,67,43,023,48,68,13,337,26,78,80,247,49,3*74
1780409595.315,$GLGSV,2,2,05,79,27,211,24,3*40
1780409595.316,$GLGSV,1,1,03,81,02,194,,82,07,237,,83,01,284,,0*42
1780409595.316,$GAGSV,2,1,08,05,37,347,48,06,18,075,24,09,32,052,30,16,61,098,52,2*71
1780409595.317,$GAGSV,2,2,08,25,43,182,46,31,19,046,31,34,28,278,41,36,35,217,29,2*74
1780409595.318,$GAGSV,1,1,04,05,37,347,42,16,61,098,46,25,43,182,45,34,28,278,38,7*72
1780409595.318,$GAGSV,1,1,03,03,08,303,,04,02,092,,11,11,170,,0*47
1780409595.319,$GBGSV,2,1,08,06,64,136,49,07,50,006,46,09,84,030,47,10,59,351,46,1*7B
1780409595.319,$GBGSV,2,2,08,23,44,232,47,24,22,034,25,25,76,341,49,33,61,060,49,1*78
1780409595.320,$GBGSV,1,1,02,09,84,030,48,10,59,351,48,3*7A
1780409595.320,$GBGSV,2,1,08,01,42,107,,02,63,242,,03,71,140,,04,22,097,,0*74
1780409595.321,$GBGSV,2,2,08,04,22,097,,08,16,155,,13,10,199,,14,02,128,,0*75
1780409595.321,$GNGLL,1339.00699,N,10029.58023,E,141315.00,A,D*79
1780409596.313,$GNRMC,141316.00,A,1339.00722,N,10029.58027,E,0.944,10.25,020626,0.53,W,F,V*70
1780409596.314,$GNVTG,10.25,T,10.78,M,0.944,N,1.748,K,D*33
1780409596.315,$GNGGA,141316.00,1339.00722,N,10029.58027,E,5,12,0.68,3.3,M,-27.8,M,1.0,0499*4D
1780409596.316,$GNGSA,A,3,10,26,28,31,32,25,01,,,,,,1.20,0.68,0.99,1*06
1780409596.316,$GNGSA,A,3,68,78,66,77,67,79,,,,,,,1.20,0.68,0.99,2*01
1780409596.317,$GNGSA,A,3,06,31,34,05,09,16,25,36,,,,,1.20,0.68,0.99,3*04
1780409596.317,$GNGSA,A,3,06,07,09,10,33,24,25,23,,,,,1.20,0.68,0.99,4*00
1780409596.318,$GPGSV,3,1,09,10,52,150,28,25,18,041,24,26,63,193,47,28,44,359,44,1*66
1780409596.318,$GPGSV,3,2,09,31,51,313,40,32,42,041,46,40,37,260,40,41,64,233,46,1*68
1780409596.319,$GPGSV,3,3,09,42,70,217,46,1*5A
1780409596.320,$GPGSV,2,1,08,01,12,290,31,10,52,150,35,23,14,148,18,25,18,041,30,6*6F
1780409596.320,$GPGSV,2,2,08,26,63,193,45,28,44,359,48,31,51,313,36,32,42,041,46,6*6B
1780409596.321,$GPGSV,2,1,06,02,16,264,,03,04,326,,16,30,197,,27,03,200,,0*6A
1780409596.321,$GPGSV,2,2,06,27,03,200,,29,05,093,,0*63
1780409596.322,$GLGSV,2,1,06,66,30,096,26,67,43,023,47,68,13,337,20,77,35,023,43,1*78
1780409596.323,$GLGSV,2,2,06,78,80,247,49,79,27,211,27,1*79
1780409596.324,$GLGSV,2,1,05,66,30,096,21,67,43,023,47,68,13,337,39,78,80,247,49,3*7D
1780409596.325,$GLGSV,2,2,05,79,27,211,23,3*47
1780409596.325,$GLGSV,1,1,03,81,02,194,,82,07,237,,83,01,284,,0*42
1780409596.326,$GAGSV,2,1,08,05,37,347,48,06,18,075,23,09,32,052,34,16,61,098,52,2*72
1780409596.326,$GAGSV,2,2,08,25,43,182,45,31,19,046,31,34,28,278,38,36,35,216,33,2*73
1780409596.327,$GAGSV,1,1,04,05,37,347,44,16,61,098,45,25,43,182,45,34,28,278,38,7*77
1780409596.328,$GAGSV,1,1,03,03,08,303,,04,02,092,,11,11,170,,0*47
1780409596.328,$GBGSV,2,1,08,06,64,136,48,07,50,006,48,09,84,030,47,10,59,351,46,1*74
1780409596.329,$GBGSV,2,2,08,23,44,233,45,24,22,034,31,25,76,341,49,33,61,060,51,1*77
1780409596.329,$GBGSV,1,1,02,09,84,030,49,10,59,351,47,3*74
1780409596.330,$GBGSV,2,1,08,01,42,107,,02,63,242,,03,71,140,,04,22,097,,0*74
1780409596.331,$GBGSV,2,2,08,04,22,097,,08,16,155,,13,10,199,,14,02,128,,0*75
1780409596.331,$GNGLL,1339.00722,N,10029.58027,E,141316.00,A,D*7F
1780409597.313,$GNRMC,141317.00,A,1339.00747,N,10029.58028,E,0.915,7.22,020626,0.53,W,F,V*48
1780409597.316,$GNVTG,7.22,T,7.75,M,0.915,N,1.695,K,D*3C
1780409597.317,$GNGGA,141317.00,1339.00747,N,10029.58028,E,5,12,0.67,3.3,M,-27.8,M,1.0,0499*4F
1780409597.317,$GNGSA,A,3,10,26,28,31,32,25,01,,,,,,1.17,0.67,0.95,1*01
1780409597.318,$GNGSA,A,3,68,78,66,77,67,79,,,,,,,1.17,0.67,0.95,2*06
1780409597.318,$GNGSA,A,3,06,31,34,05,09,16,25,36,,,,,1.17,0.67,0.95,3*03
1780409597.319,$GNGSA,A,3,06,07,09,10,33,24,25,23,,,,,1.17,0.67,0.95,4*07
1780409597.320,$GPGSV,3,1,10,02,16,264,26,10,52,150,34,25,18,041,24,26,63,193,47,1*67
1780409597.320,$GPGSV,3,2,10,28,44,359,45,31,51,313,39,32,42,041,42,40,37,260,43,1*6A
1780409597.321,$GPGSV,3,3,10,41,64,233,46,42,70,217,46,1*65
1780409597.322,$GPGSV,2,1,08,01,12,290,32,10,52,150,30,23,14,148,17,25,18,041,24,6*63
1780409597.322,$GPGSV,2,2,08,26,63,193,46,28,44,359,46,31,51,313,36,32,42,041,46,6*66
1780409597.323,$GPGSV,2,1,05,03,04,326,,16,30,197,,27,03,200,,29,05,093,,0*68
1780409597.323,$GPGSV,2,2,05,29,05,093,,0*54
1780409597.324,$GLGSV,2,1,06,66,30,096,28,67,43,023,48,68,13,337,36,77,35,023,39,1*73
1780409597.325,$GLGSV,2,2,06,78,80,247,48,79,27,211,33,1*7D
1780409597.325,$GLGSV,2,1,05,66,30,096,33,67,43,023,48,68,13,337,37,78,80,247,48,3*7E
1780409597.326,$GLGSV,2,2,05,79,27,211,28,3*4C
1780409597.326,$GLGSV,1,1,03,81,02,194,,82,07,237,,83,01,284,,0*42
1780409597.327,$GAGSV,2,1,08,05,37,347,46,06,18,075,23,09,32,052,37,16,61,098,52,2*7F
1780409597.328,$GAGSV,2,2,08,25,43,182,47,31,19,046,32,34,28,278,38,36,35,216,36,2*77
1780409597.329,$GAGSV,2,1,05,05,37,347,41,16,61,098,46,25,43,182,45,31,19,046,19,7*78
1780409597.329,$GAGSV,2,2,05,34,28,278,28,7*4C
1780409597.330,$GAGSV,1,1,03,03,08,303,,04,02,092,,11,11,170,,0*47
1780409597.330,$GBGSV,2,1,08,06,64,136,48,07,50,006,47,09,84,030,48,10,59,351,45,1*77
1780409597.331,$GBGSV,2,2,08,23,44,233,44,24,22,034,31,25,76,341,48,33,61,060,48,1*7F
1780409597.332,$GBGSV,1,1,02,09,84,030,50,10,59,351,48,3*73
1780409597.332,$GBGSV,2,1,08,01,42,107,,02,63,242,,03,71,140,,04,22,097,,0*74
1780409597.333,$GBGSV,2,2,08,04,22,097,,08,16,155,,13,10,199,,14,02,128,,0*75
1780409597.334,$GNGLL,1339.00747,N,10029.58028,E,141317.00,A,D*72
1780409598.321,$GNRMC,141318.00,A,1339.00770,N,10029.58030,E,0.791,9.23,020626,0.53,W,F,V*47
1780409598.323,$GNVTG,9.23,T,9.76,M,0.791,N,1.465,K,D*31
1780409598.325,$GNGGA,141318.00,1339.00770,N,10029.58030,E,5,12,0.62,3.2,M,-27.8,M,1.0,0499*49
1780409598.325,$GNGSA,A,3,10,26,28,31,32,25,01,,,,,,1.09,0.62,0.89,1*06
1780409598.326,$GNGSA,A,3,68,78,66,77,67,79,,,,,,,1.09,0.62,0.89,2*01
1780409598.327,$GNGSA,A,3,06,31,34,05,09,16,25,36,,,,,1.09,0.62,0.89,3*04
1780409598.327,$GNGSA,A,3,06,07,09,10,33,24,25,23,,,,,1.09,0.62,0.89,4*00
1780409598.328,$GPGSV,3,1,10,02,16,264,24,10,52,150,30,25,18,041,24,26,63,193,44,1*62
1780409598.329,$GPGSV,3,2,10,28,44,359,44,31,51,313,35,32,42,041,44,40,37,260,36,1*63
1780409598.330,$GPGSV,3,3,10,41,64,233,47,42,70,217,47,1*65
1780409598.330,$GPGSV,2,1,08,01,12,290,35,10,52,150,29,23,14,148,18,25,18,041,25,6*62
1780409598.331,$GPGSV,2,2,08,26,63,193,46,28,44,359,46,31,51,313,28,32,42,041,45,6*6A
1780409598.332,$GPGSV,2,1,05,03,04,326,,16,30,197,,27,03,200,,29,05,093,,0*68
1780409598.333,$GPGSV,2,2,05,29,05,093,,0*54
1780409598.333,$GLGSV,2,1,06,66,30,096,32,67,43,023,47,68,13,337,30,77,35,023,41,1*7E
1780409598.334,$GLGSV,2,2,06,78,80,247,47,79,27,211,31,1*70
1780409598.335,$GLGSV,2,1,05,66,30,096,28,67,43,023,47,68,13,337,39,78,80,247,49,3*74
1780409598.335,$GLGSV,2,2,05,79,27,211,28,3*4C
1780409598.336,$GLGSV,1,1,03,81,02,194,,82,07,237,,83,01,284,,0*42
1780409598.337,$GAGSV,2,1,08,05,37,347,47,06,18,075,21,09,32,052,25,16,61,098,52,2*7F
1780409598.338,$GAGSV,2,2,08,25,43,182,49,31,19,046,27,34,28,278,36,36,35,216,33,2*76
1780409598.339,$GAGSV,2,1,05,05,37,347,41,16,61,098,46,25,43,182,45,34,28,278,28,7*72
1780409598.339,$GAGSV,2,2,05,36,35,216,28,7*4A
1780409598.340,$GAGSV,1,1,03,03,08,303,,04,02,092,,11,11,170,,0*47
1780409598.341,$GBGSV,2,1,08,06,64,136,47,07,50,006,46,09,84,030,47,10,59,351,45,1*76
1780409598.342,$GBGSV,2,2,08,23,44,233,47,24,22,034,31,25,76,341,48,33,61,060,48,1*7C
1780409598.342,$GBGSV,1,1,02,09,84,030,49,10,59,351,48,3*7B
1780409598.343,$GBGSV,2,1,08,01,42,107,,02,63,242,,03,71,140,,04,22,097,,0*74
1780409598.344,$GBGSV,2,2,08,04,22,097,,08,16,155,,13,10,199,,14,02,128,,0*75
1780409598.344,$GNGLL,1339.00770,N,10029.58030,E,141318.00,A,D*70
1780409599.313,$GNRMC,141319.00,A,1339.00792,N,10029.58033,E,0.792,7.93,020626,0.53,W,F,V*4F
1780409599.316,$GNVTG,7.93,T,8.46,M,0.792,N,1.466,K,D*36
1780409599.317,$GNGGA,141319.00,1339.00792,N,10029.58033,E,5,12,0.64,3.2,M,-27.8,M,1.0,0499*41
1780409599.317,$GNGSA,A,3,10,02,26,28,31,32,25,01,,,,,1.18,0.64,0.98,1*02
1780409599.318,$GNGSA,A,3,68,78,66,77,67,79,,,,,,,1.18,0.64,0.98,2*07
1780409599.318,$GNGSA,A,3,06,31,34,05,09,16,25,36,,,,,1.18,0.64,0.98,3*02
1780409599.319,$GNGSA,A,3,06,07,09,10,33,24,25,23,,,,,1.18,0.64,0.98,4*06
1780409599.320,$GPGSV,3,1,11,02,16,264,22,10,52,150,25,25,18,041,31,26,63,193,47,1*66
1780409599.321,$GPGSV,3,2,11,28,44,359,46,29,05,093,28,31,51,313,35,32,42,041,43,1*68
1780409599.321,$GPGSV,3,3,11,40,37,260,40,41,64,233,46,42,70,217,46,1*54
1780409599.322,$GPGSV,2,1,08,01,12,290,31,10,52,150,33,23,14,148,17,25,18,041,30,6*66
1780409599.323,$GPGSV,2,2,08,26,63,193,45,28,44,359,46,31,51,313,37,32,42,041,45,6*67
1780409599.324,$GPGSV,1,1,04,03,04,326,,16,30,197,,27,03,200,,50,56,115,,0*6D
1780409599.325,$GLGSV,2,1,06,66,30,096,25,67,43,023,49,68,13,337,39,77,35,023,41,1*7F
1780409599.325,$GLGSV,2,2,06,78,80,247,49,79,27,211,32,1*7D
1780409599.326,$GLGSV,2,1,05,66,30,096,32,67,43,023,47,68,13,337,35,78,80,247,48,3*72
1780409599.327,$GLGSV,2,2,05,79,27,211,24,3*40
1780409599.328,$GLGSV,1,1,03,81,02,194,,82,07,237,,83,01,284,,0*42
1780409599.328,$GAGSV,2,1,08,05,37,347,49,06,18,075,21,09,32,052,31,16,61,098,51,2*77
1780409599.329,$GAGSV,2,2,08,25,43,182,48,31,19,046,27,34,28,278,35,36,35,216,32,2*75
1780409599.330,$GAGSV,1,1,04,05,37,347,42,16,61,098,47,25,43,182,44,34,28,278,36,7*7C
1780409599.331,$GAGSV,1,1,03,03,08,303,,04,02,092,,11,11,170,,0*47
1780409599.332,$GBGSV,2,1,08,06,64,136,48,07,50,006,45,09,84,030,47,10,59,351,46,1*79
1780409599.333,$GBGSV,2,2,08,23,44,233,44,24,22,034,31,25,76,341,49,33,61,060,48,1*7E
1780409599.333,$GBGSV,1,1,02,09,84,030,49,10,59,351,47,3*74
1780409599.334,$GBGSV,2,1,08,01,42,107,,02,63,242,,03,71,140,,04,22,097,,0*74
1780409599.335,$GBGSV,2,2,08,04,22,097,,08,16,155,,13,10,199,,14,02,128,,0*75
1780409599.335,$GNGLL,1339.00792,N,10029.58033,E,141319.00,A,D*7E
1780409600.317,$GNRMC,141320.00,A,1339.00815,N,10029.58035,E,0.888,3.66,020626,0.53,W,F,V*49
1780409600.319,$GNVTG,3.66,T,4.19,M,0.888,N,1.644,K,D*38
1780409600.320,$GNGGA,141320.00,1339.00815,N,10029.58035,E,5,12,0.62,3.1,M,-27.8,M,1.0,0499*48
1780409600.321,$GNGSA,A,3,10,26,28,31,32,25,01,,,,,,1.12,0.62,0.93,1*07
1780409600.321,$GNGSA,A,3,68,78,66,77,67,79,,,,,,,1.12,0.62,0.93,2*00
1780409600.322,$GNGSA,A,3,06,31,34,05,09,16,25,36,,,,,1.12,0.62,0.93,3*05
1780409600.323,$GNGSA,A,3,06,07,09,10,33,24,25,23,,,,,1.12,0.62,0.93,4*01
1780409600.324,$GPGSV,3,1,11,02,16,264,24,10,52,150,30,25,18,041,31,26,63,193,46,1*65
1780409600.325,$GPGSV,3,2,11,28,44,359,45,29,05,093,24,31,51,313,42,32,42,041,44,1*60
1780409600.325,$GPGSV,3,3,11,40,37,260,35,41,64,233,47,42,70,217,46,1*57
1780409600.326,$GPGSV,2,1,08,01,12,290,23,10,52,150,28,23,14,148,17,25,18,041,30,6*6F
1780409600.327,$GPGSV,2,2,08,26,63,193,46,28,44,359,45,31,51,313,40,32,42,041,44,6*66
1780409600.328,$GPGSV,1,1,04,03,04,326,,16,30,197,,27,03,200,,50,56,115,,0*6D
1780409600.329,$GLGSV,2,1,06,66,30,096,25,67,43,023,49,68,13,337,36,77,35,023,41,1*70
1780409600.330,$GLGSV,2,2,06,78,80,247,48,79,27,211,31,1*7F
1780409600.331,$GLGSV,2,1,05,66,30,096,22,67,43,023,48,68,13,337,26,78,80,247,48,3*7E
1780409600.331,$GLGSV,2,2,05,79,27,211,29,3*4D
1780409600.332,$GLGSV,1,1,03,81,02,194,,82,07,237,,83,01,284,,0*42
1780409600.333,$GAGSV,2,1,08,05,37,347,49,06,18,075,20,09,32,052,39,16,61,098,51,2*7E
1780409600.334,$GAGSV,2,2,08,25,43,182,48,31,19,046,27,34,28,278,28,36,35,216,24,2*7E
1780409600.335,$GAGSV,1,1,04,05,37,347,44,16,61,098,47,25,43,182,44,34,28,278,28,7*75
1780409600.335,$GAGSV,1,1,03,03,08,303,,04,02,092,,11,11,170,,0*47
1780409600.336,$GBGSV,2,1,08,06,64,136,46,07,50,006,46,09,84,030,47,10,59,351,45,1*77
1780409600.337,$GBGSV,2,2,08,23,44,233,48,24,22,034,31,25,76,341,49,33,61,060,47,1*7D
1780409600.338,$GBGSV,1,1,02,09,84,030,47,10,59,351,45,3*78
1780409600.338,$GBGSV,2,1,08,01,42,107,,02,63,242,,03,71,140,,04,22,097,,0*74
1780409600.339,$GBGSV,2,2,08,04,22,097,,08,16,155,,13,10,199,,14,02,128,,0*75
1780409600.340,$GNGLL,1339.00815,N,10029.58035,E,141320.00,A,D*72
1780409601.308,$GNRMC,141321.00,A,1339.00840,N,10029.58034,E,0.887,0.82,020626,0.53,W,F,V*4F
1780409601.310,$GNVTG,0.82,T,1.34,M,0.887,N,1.643,K,D*33
1780409601.311,$GNGGA,141321.00,1339.00840,N,10029.58034,E,5,12,0.68,3.1,M,-27.8,M,1.0,0499*42
1780409601.312,$GNGSA,A,3,10,26,28,31,32,25,01,,,,,,1.20,0.68,0.99,1*06
1780409601.312,$GNGSA,A,3,68,78,66,77,67,79,,,,,,,1.20,0.68,0.99,2*01
1780409601.314,$GNGSA,A,3,06,31,34,05,09,16,25,36,,,,,1.20,0.68,0.99,3*04
1780409601.314,$GNGSA,A,3,06,07,09,10,33,24,25,23,,,,,1.20,0.68,0.99,4*00
1780409601.315,$GPGSV,3,1,11,10,52,150,30,16,30,197,23,25,18,041,25,26,63,193,47,1*68
1780409601.316,$GPGSV,3,2,11,28,44,359,43,29,05,093,22,31,51,313,42,32,42,041,41,1*65
1780409601.317,$GPGSV,3,3,11,40,37,260,40,41,64,233,47,42,70,217,44,1*57
1780409601.318,$GPGSV,2,1,08,01,12,290,24,10,52,150,26,23,14,148,18,25,18,041,29,6*61
1780409601.319,$GPGSV,2,2,08,26,63,193,48,28,44,359,44,31,51,313,42,32,42,041,45,6*6A
1780409601.320,$GPGSV,1,1,04,02,16,264,,03,04,326,,27,03,200,,50,56,115,,0*63
1780409601.321,$GLGSV,2,1,06,66,30,096,26,67,43,023,50,68,13,337,36,77,35,023,43,1*79
1780409601.321,$GLGSV,2,2,06,78,80,247,49,79,27,211,31,1*7E
1780409601.322,$GLGSV,2,1,05,66,30,096,29,67,43,023,47,68,13,337,32,78,80,247,48,3*7F
1780409601.323,$GLGSV,2,2,05,79,27,211,20,3*44
1780409601.324,$GLGSV,1,1,03,81,02,194,,82,07,237,,83,01,284,,0*42
1780409601.325,$GAGSV,2,1,08,05,37,348,48,06,18,075,24,09,32,052,39,16,61,098,51,2*74
1780409601.326,$GAGSV,2,2,08,25,43,182,49,31,19,046,28,34,28,278,41,36,35,216,30,2*7A
1780409601.327,$GAGSV,1,1,04,05,37,348,43,16,61,098,47,25,43,182,45,34,28,278,33,7*76
1780409601.327,$GAGSV,1,1,03,03,08,303,,04,02,092,,11,11,170,,0*47
1780409601.328,$GBGSV,2,1,08,06,64,138,48,07,50,006,44,09,84,030,47,10,59,351,46,1*76
1780409601.329,$GBGSV,2,2,08,23,44,233,50,24,22,034,25,25,76,341,49,33,61,060,46,1*70
1780409601.330,$GBGSV,1,1,02,09,84,030,48,10,59,351,47,3*75
1780409601.331,$GBGSV,2,1,08,01,42,107,,02,63,242,,03,71,140,,04,22,097,,0*74
1780409601.332,$GBGSV,2,2,08,04,22,097,,08,16,155,,13,10,199,,14,02,128,,0*75
1780409601.332,$GNGLL,1339.00840,N,10029.58034,E,141321.00,A,D*72
1780409602.311,$GNRMC,141322.00,A,1339.00863,N,10029.58035,E,0.829,3.27,020626,0.53,W,F,V*44
1780409602.313,$GNVTG,3.27,T,3.80,M,0.829,N,1.535,K,D*34
1780409602.314,$GNGGA,141322.00,1339.00863,N,10029.58035,E,5,12,0.62,3.0,M,-27.8,M,1.0,0499*4A
1780409602.314,$GNGSA,A,3,10,26,28,31,32,25,01,,,,,,1.12,0.62,0.93,1*07
1780409602.315,$GNGSA,A,3,68,78,66,77,67,79,,,,,,,1.12,0.62,0.93,2*00
1780409602.315,$GNGSA,A,3,06,31,34,05,09,16,25,36,,,,,1.12,0.62,0.93,3*05
1780409602.316,$GNGSA,A,3,06,07,09,10,33,24,25,23,,,,,1.12,0.62,0.93,4*01
1780409602.317,$GPGSV,3,1,10,10,52,150,29,25,18,041,25,26,63,193,46,28,44,359,43,1*68
1780409602.318,$GPGSV,3,2,10,29,05,093,19,31,51,313,45,32,42,041,45,40,37,260,35,1*6F
1780409602.319,$GPGSV,3,3,10,41,64,233,47,42,70,217,45,1*67
1780409602.320,$GPGSV,2,1,08,01,12,290,39,10,52,150,26,23,14,148,17,25,18,041,27,6*6C
1780409602.321,$GPGSV,2,2,08,26,63,193,45,28,44,359,44,31,51,313,42,32,42,041,44,6*66
1780409602.322,$GPGSV,2,1,05,02,16,264,,03,04,326,,16,30,197,,27,03,200,,0*69
1780409602.322,$GPGSV,2,2,05,27,03,200,,0*54
1780409602.323,$GLGSV,2,1,06,66,30,096,34,67,43,023,49,68,13,337,32,77,35,023,42,1*77
1780409602.324,$GLGSV,2,2,06,78,80,247,49,79,27,211,31,1*7E
1780409602.325,$GLGSV,2,1,05,66,30,096,23,67,43,023,47,68,13,337,40,78,80,247,48,3*70
1780409602.325,$GLGSV,2,2,05,79,27,211,30,3*45
1780409602.326,$GLGSV,1,1,03,81,02,194,,82,07,237,,83,01,284,,0*42
1780409602.327,$GAGSV,2,1,08,05,37,348,48,06,18,075,31,09,32,052,40,16,61,098,52,2*7D
1780409602.328,$GAGSV,2,2,08,25,43,182,50,31,19,046,20,34,28,278,38,36,35,216,34,2*70
1780409602.328,$GAGSV,2,1,05,05,37,348,44,16,61,098,48,25,43,182,46,34,28,278,28,7*75
1780409602.329,$GAGSV,2,2,05,36,35,216,34,7*47
1780409602.330,$GAGSV,1,1,03,03,08,303,,04,02,092,,11,11,170,,0*47
1780409602.330,$GBGSV,2,1,08,06,64,138,47,07,50,006,45,09,84,030,46,10,59,351,46,1*79
1780409602.331,$GBGSV,2,2,08,23,44,233,49,24,22,034,29,25,76,341,50,33,61,060,48,1*72
1780409602.332,$GBGSV,1,1,02,09,84,030,48,10,59,351,45,3*77
1780409602.333,$GBGSV,2,1,08,01,42,107,,02,63,242,,03,71,140,,04,22,097,,0*74
1780409602.333,$GBGSV,2,2,08,04,22,097,,08,16,155,,13,10,199,,14,02,128,,0*75
1780409602.334,$GNGLL,1339.00863,N,10029.58035,E,141322.00,A,D*71
1780409603.312,$GNRMC,141323.00,A,1339.00885,N,10029.58034,E,0.800,357.70,020626,0.53,W,F,V*47
1780409603.315,$GNVTG,357.70,T,358.23,M,0.800,N,1.482,K,D*36
1780409603.316,$GNGGA,141323.00,1339.00885,N,10029.58034,E,5,12,0.67,3.0,M,-27.8,M,1.0,0499*47
1780409603.317,$GNGSA,A,3,10,26,28,31,32,25,01,,,,,,1.17,0.67,0.95,1*01
1780409603.317,$GNGSA,A,3,68,78,66,77,67,79,,,,,,,1.17,0.67,0.95,2*06
1780409603.318,$GNGSA,A,3,06,31,34,05,09,16,25,36,,,,,1.17,0.67,0.95,3*03
1780409603.318,$GNGSA,A,3,06,07,09,10,33,24,25,23,,,,,1.17,0.67,0.95,4*07
1780409603.319,$GPGSV,3,1,11,10,52,150,21,16,30,197,26,25,18,041,26,26,63,193,46,1*6F
1780409603.320,$GPGSV,3,2,11,28,44,359,44,29,05,093,15,31,51,313,47,32,42,041,43,1*61
1780409603.321,$GPGSV,3,3,11,40,37,260,31,41,64,233,46,42,70,217,47,1*53
1780409603.323,$GPGSV,2,1,08,01,12,290,37,10,52,150,35,23,14,148,18,25,18,041,28,6*60
1780409603.324,$GPGSV,2,2,08,26,63,193,45,28,44,359,46,31,51,313,45,32,42,041,43,6*64
1780409603.324,$GPGSV,1,1,04,02,16,264,,03,04,326,,27,03,200,,50,56,115,,0*63
1780409603.325,$GLGSV,2,1,06,66,30,096,22,67,43,023,51,68,13,337,27,77,35,023,42,1*7D
1780409603.326,$GLGSV,2,2,06,78,80,247,49,79,27,211,30,1*7F
1780409603.327,$GLGSV,2,1,05,66,30,096,25,67,43,023,47,68,13,337,37,78,80,247,49,3*77
1780409603.327,$GLGSV,2,2,05,79,27,211,31,3*44
1780409603.328,$GLGSV,1,1,03,81,02,194,,82,07,237,,83,01,284,,0*42
1780409603.329,$GAGSV,2,1,08,05,37,348,46,06,18,075,25,09,32,052,41,16,61,098,53,2*76
1780409603.330,$GAGSV,2,2,08,25,43,182,49,31,19,046,33,34,28,278,28,36,35,216,31,2*7E
1780409603.330,$GAGSV,2,1,05,05,37,348,43,16,61,098,47,25,43,182,42,34,28,278,36,7*76
1780409603.331,$GAGSV,2,2,05,36,35,216,33,7*40
1780409603.332,$GAGSV,1,1,03,03,08,303,,04,02,092,,11,11,170,,0*47
1780409603.333,$GBGSV,2,1,08,06,64,138,47,07,50,006,45,09,84,030,47,10,59,351,44,1*7A
1780409603.333,$GBGSV,2,2,08,23,44,233,49,24,22,034,27,25,76,341,50,33,61,060,48,1*7C
1780409603.334,$GBGSV,1,1,02,09,84,030,48,10,59,351,47,3*75
1780409603.335,$GBGSV,2,1,08,01,42,107,,02,63,242,,03,71,140,,04,22,097,,0*74
1780409603.336,$GBGSV,2,2,08,04,22,097,,08,17,155,,13,10,199,,14,02,128,,0*74
1780409603.336,$GNGLL,1339.00885,N,10029.58034,E,141323.00,A,D*79
1780409604.304,$GNRMC,141324.00,A,1339.00908,N,10029.58033,E,0.834,359.29,020626,0.53,W,F,V*46
1780409604.306,$GNVTG,359.29,T,359.82,M,0.834,N,1.544,K,D*32
1780409604.307,$GNGGA,141324.00,1339.00908,N,10029.58033,E,5,12,0.62,2.9,M,-27.8,M,1.0,0499*4E
1780409604.308,$GNGSA,A,3,10,26,28,31,32,25,01,,,,,,1.09,0.62,0.89,1*06
1780409604.309,$GNGSA,A,3,68,78,66,77,67,79,,,,,,,1.09,0.62,0.89,2*01
1780409604.309,$GNGSA,A,3,06,31,34,05,09,16,25,36,,,,,1.09,0.62,0.89,3*04
1780409604.310,$GNGSA,A,3,06,07,09,10,33,24,25,23,,,,,1.09,0.62,0.89,4*00
1780409604.310,$GPGSV,3,1,11,10,52,150,23,16,30,197,25,25,18,041,25,26,63,193,46,1*6D
1780409604.311,$GPGSV,3,2,11,28,44,359,44,29,05,093,10,31,51,313,45,32,42,041,43,1*66
1780409604.312,$GPGSV,3,3,11,40,37,260,34,41,64,233,47,42,70,217,46,1*56
1780409604.313,$GPGSV,2,1,08,01,12,290,37,10,52,150,27,23,14,148,18,25,18,041,27,6*6C
1780409604.315,$GPGSV,2,2,08,26,63,193,46,28,44,359,45,31,51,313,46,32,42,041,45,6*61
1780409604.315,$GPGSV,1,1,04,02,16,264,,03,04,326,,27,03,200,,50,56,115,,0*63
1780409604.316,$GLGSV,2,1,06,66,30,096,29,67,43,023,49,68,13,337,27,77,35,023,42,1*7F
1780409604.317,$GLGSV,2,2,06,78,80,247,49,79,27,211,30,1*7F
1780409604.318,$GLGSV,2,1,05,66,30,096,24,67,43,023,47,68,13,337,37,78,80,247,47,3*78
1780409604.318,$GLGSV,2,2,05,79,27,211,31,3*44
1780409604.319,$GLGSV,1,1,03,81,02,194,,82,07,237,,83,01,284,,0*42
1780409604.319,$GAGSV,2,1,08,05,37,348,46,06,18,075,25,09,32,052,37,16,61,098,51,2*75
1780409604.320,$GAGSV,2,2,08,25,43,182,48,31,19,046,33,34,28,278,27,36,35,216,31,2*70
1780409604.321,$GAGSV,1,1,04,05,37,348,42,16,61,098,47,25,43,182,43,34,28,278,32,7*70
1780409604.322,$GAGSV,1,1,03,03,08,303,,04,02,092,,11,11,170,,0*47
1780409604.323,$GBGSV,2,1,08,06,64,138,48,07,50,006,45,09,84,031,47,10,59,351,44,1*74
1780409604.323,$GBGSV,2,2,08,23,44,233,48,24,22,034,28,25,76,341,49,33,61,060,46,1*74
1780409604.324,$GBGSV,1,1,02,09,84,031,48,10,59,351,47,3*74
1780409604.325,$GBGSV,2,1,08,01,42,107,,02,63,242,,03,71,140,,04,22,097,,0*74
1780409604.325,$GBGSV,2,2,08,04,22,097,,08,17,155,,13,10,199,,14,02,128,,0*74
1780409604.326,$GNGLL,1339.00908,N,10029.58033,E,141324.00,A,D*7D
1780409605.311,$GNRMC,141325.00,A,1339.00932,N,10029.58031,E,0.857,357.26,020626,0.53,W,F,V*48
1780409605.313,$GNVTG,357.26,T,357.79,M,0.857,N,1.588,K,D*3C
1780409605.313,$GNGGA,141325.00,1339.00932,N,10029.58031,E,5,12,0.62,2.8,M,-27.8,M,1.0,0499*45
1780409605.314,$GNGSA,A,3,10,26,28,31,32,25,01,,,,,,1.12,0.62,0.93,1*07
1780409605.314,$GNGSA,A,3,68,78,66,77,67,79,,,,,,,1.12,0.62,0.93,2*00
1780409605.315,$GNGSA,A,3,06,31,34,05,09,16,25,36,,,,,1.12,0.62,0.93,3*05
1780409605.315,$GNGSA,A,3,06,07,09,10,33,24,25,23,,,,,1.12,0.62,0.93,4*01
1780409605.316,$GPGSV,3,1,10,10,52,150,24,25,18,041,25,26,63,193,47,28,44,359,43,1*64
1780409605.317,$GPGSV,3,2,10,29,05,093,08,31,51,313,45,32,42,041,47,40,37,260,29,1*60
1780409605.317,$GPGSV,3,3,10,41,64,233,45,42,70,217,45,1*65
1780409605.318,$GPGSV,2,1,08,01,12,290,37,10,52,150,25,23,14,148,18,25,18,041,32,6*6A
1780409605.319,$GPGSV,2,2,08,26,63,193,46,28,44,359,45,31,51,313,43,32,42,041,45,6*64
1780409605.319,$GPGSV,2,1,05,02,16,264,,03,04,326,,16,30,197,,27,03,200,,0*69
1780409605.320,$GPGSV,2,2,05,27,03,200,,0*54
1780409605.320,$GLGSV,2,1,06,66,30,096,30,67,43,023,49,68,13,337,33,77,35,023,42,1*72
1780409605.321,$GLGSV,2,2,06,78,80,247,48,79,27,211,29,1*76
1780409605.321,$GLGSV,2,1,05,66,30,096,22,67,43,023,47,68,13,337,26,78,80,247,49,3*70
1780409605.322,$GLGSV,2,2,05,79,27,211,27,3*43
1780409605.322,$GLGSV,1,1,03,81,02,194,,82,07,237,,83,01,284,,0*42
1780409605.323,$GAGSV,2,1,08,05,37,348,46,06,18,075,24,09,32,052,39,16,61,098,52,2*79
1780409605.324,$GAGSV,2,2,08,25,43,182,48,31,19,046,29,34,28,278,32,36,35,216,26,2*79
1780409605.325,$GAGSV,2,1,05,05,37,348,43,16,61,098,47,25,43,182,42,34,28,278,35,7*75
1780409605.325,$GAGSV,2,2,05,36,35,216,37,7*44
1780409605.326,$GAGSV,1,1,03,03,08,303,,04,02,092,,11,11,170,,0*47
1780409605.327,$GBGSV,2,1,08,06,64,138,48,07,50,006,45,09,84,031,46,10,58,351,46,1*76
1780409605.327,$GBGSV,2,2,08,23,44,233,45,24,22,034,27,25,76,341,49,33,61,060,47,1*77
1780409605.328,$GBGSV,1,1,02,09,84,031,49,10,58,351,46,3*75
1780409605.329,$GBGSV,2,1,08,01,42,107,,02,63,242,,03,71,140,,04,22,097,,0*74
1780409605.330,$GBGSV,2,2,08,04,22,097,,08,17,155,,13,10,199,,14,02,128,,0*74
1780409605.330,$GNGLL,1339.00932,N,10029.58031,E,141325.00,A,D*77
1780409606.307,$GNRMC,141326.00,A,1339.00956,N,10029.58029,E,0.859,356.62,020626,0.53,W,F,V*4F
1780409606.310,$GNVTG,356.62,T,357.15,M,0.859,N,1.591,K,D*31
1780409606.310,$GNGGA,141326.00,1339.00956,N,10029.58029,E,5,12,0.68,2.8,M,-27.8,M,1.0,0499*47
1780409606.311,$GNGSA,A,3,10,26,28,31,32,25,01,,,,,,1.20,0.68,0.99,1*06
1780409606.312,$GNGSA,A,3,68,78,66,77,67,79,,,,,,,1.20,0.68,0.99,2*01
1780409606.312,$GNGSA,A,3,06,31,34,05,09,16,25,36,,,,,1.20,0.68,0.99,3*04
1780409606.314,$GNGSA,A,3,06,07,09,10,33,24,25,23,,,,,1.20,0.68,0.99,4*00
1780409606.314,$GPGSV,3,1,10,10,52,150,25,25,18,041,25,26,63,193,47,28,44,359,43,1*65
1780409606.315,$GPGSV,3,2,10,29,05,093,08,31,51,313,48,32,42,041,47,40,37,260,33,1*66
1780409606.316,$GPGSV,3,3,10,41,64,233,46,42,70,217,46,1*65
1780409606.317,$GPGSV,2,1,08,01,12,290,40,10,52,150,24,23,14,148,19,25,18,041,27,6*6E
1780409606.318,$GPGSV,2,2,08,26,63,193,47,28,44,359,45,31,51,313,46,32,42,041,47,6*62
1780409606.319,$GPGSV,2,1,05,02,16,264,,03,04,326,,16,30,197,,27,03,200,,0*69
1780409606.320,$GPGSV,2,2,05,27,03,200,,0*54
1780409606.321,$GLGSV,2,1,06,66,30,096,28,67,43,023,48,68,13,337,28,77,35,023,41,1*73
1780409606.322,$GLGSV,2,2,06,78,80,247,46,79,27,211,33,1*73
1780409606.323,$GLGSV,2,1,05,66,30,096,26,67,43,023,46,68,13,337,27,78,80,247,48,3*75
1780409606.323,$GLGSV,2,2,05,79,27,211,27,3*43
1780409606.324,$GLGSV,1,1,03,81,02,194,,82,07,237,,83,01,284,,0*42
1780409606.325,$GAGSV,2,1,08,05,37,348,48,06,18,075,23,09,32,052,33,16,61,098,53,2*7B
1780409606.326,$GAGSV,2,2,08,25,43,182,48,31,19,046,33,34,28,278,38,36,35,216,25,2*7B
1780409606.327,$GAGSV,1,1,04,05,37,348,43,16,61,098,47,25,43,182,42,34,28,278,37,7*75
1780409606.328,$GAGSV,1,1,03,03,08,303,,04,02,092,,11,11,170,,0*47
1780409606.329,$GBGSV,2,1,08,06,64,138,47,07,50,006,43,09,84,031,48,10,58,351,45,1*72
1780409606.330,$GBGSV,2,2,08,23,44,233,47,24,22,034,27,25,76,341,49,33,61,060,49,1*7B
1780409606.331,$GBGSV,1,1,02,09,84,031,49,10,58,351,45,3*76
1780409606.332,$GBGSV,2,1,08,01,42,107,,02,63,242,,03,71,140,,04,22,097,,0*74
1780409606.333,$GBGSV,2,2,08,04,22,097,,08,17,155,,13,10,199,,14,02,128,,0*74
1780409606.334,$GNGLL,1339.00956,N,10029.58029,E,141326.00,A,D*7F
1780409607.310,$GNRMC,141327.00,A,1339.00980,N,10029.58025,E,0.881,351.46,020626,0.53,W,F,V*4D
1780409607.312,$GNVTG,351.46,T,351.99,M,0.881,N,1.632,K,D*3D
1780409607.313,$GNGGA,141327.00,1339.00980,N,10029.58025,E,5,12,0.67,2.8,M,-27.8,M,1.0,0499*4E
1780409607.314,$GNGSA,A,3,10,26,28,31,32,25,01,,,,,,1.22,0.67,1.02,1*08
1780409607.315,$GNGSA,A,3,68,78,66,77,67,79,,,,,,,1.22,0.67,1.02,2*0F
1780409607.316,$GNGSA,A,3,06,31,34,05,09,16,25,36,,,,,1.22,0.67,1.02,3*0A
1780409607.317,$GNGSA,A,3,06,07,09,10,33,24,25,23,,,,,1.22,0.67,1.02,4*0E
1780409607.318,$GPGSV,3,1,11,02,16,264,27,10,52,150,32,25,18,041,25,26,63,193,47,1*60
1780409607.319,$GPGSV,3,2,11,28,44,359,43,29,05,093,09,31,51,313,46,32,42,041,43,1*6A
1780409607.319,$GPGSV,3,3,11,40,37,260,34,41,64,233,44,42,70,217,48,1*5B
1780409607.320,$GPGSV,2,1,08,01,12,290,34,10,52,150,29,23,14,148,19,25,18,041,27,6*60
1780409607.321,$GPGSV,2,2,08,26,63,193,44,28,44,359,44,31,51,313,47,32,42,041,45,6*63
1780409607.322,$GPGSV,1,1,04,03,04,326,,16,30,197,,27,03,200,,50,56,115,,0*6D
1780409607.323,$GLGSV,2,1,06,66,30,096,28,67,43,023,47,68,13,337,37,77,35,023,40,1*73
1780409607.324,$GLGSV,2,2,06,78,80,247,49,79,27,211,27,1*79
1780409607.325,$GLGSV,2,1,05,66,30,096,26,67,43,023,47,68,13,337,36,78,80,247,48,3*74
1780409607.325,$GLGSV,2,2,05,79,27,211,26,3*42
1780409607.326,$GLGSV,1,1,03,81,02,194,,82,07,237,,83,01,284,,0*42
1780409607.327,$GAGSV,2,1,08,05,37,348,49,06,18,075,30,09,32,052,40,16,61,098,52,2*7D
1780409607.328,$GAGSV,2,2,08,25,43,182,50,31,19,046,29,34,28,278,36,36,35,216,34,2*77
1780409607.329,$GAGSV,1,1,04,05,37,348,40,16,61,098,46,25,43,182,43,34,28,278,31,7*70
1780409607.330,$GAGSV,1,1,03,03,08,303,,04,02,092,,11,11,170,,0*47
1780409607.330,$GBGSV,2,1,08,06,64,138,48,07,50,006,45,09,84,031,47,10,58,351,46,1*77
1780409607.331,$GBGSV,2,2,08,23,44,233,44,24,22,034,25,25,76,341,49,33,61,060,51,1*73
1780409607.332,$GBGSV,1,1,02,09,84,031,50,10,58,351,47,3*7C
1780409607.333,$GBGSV,2,1,08,01,42,107,,02,63,242,,03,71,140,,04,22,097,,0*74
1780409607.333,$GBGSV,2,2,08,04,22,097,,08,17,155,,13,10,199,,14,02,128,,0*74
1780409607.334,$GNGLL,1339.00980,N,10029.58025,E,141327.00,A,D*79
1780409608.312,$GNRMC,141328.00,A,1339.01005,N,10029.58021,E,0.870,352.27,020626,0.53,W,F,V*49
1780409608.313,$GNVTG,352.27,T,352.80,M,0.870,N,1.611,K,D*3D
1780409608.314,$GNGGA,141328.00,1339.01005,N,10029.58021,E,5,12,0.67,2.7,M,-27.8,M,1.0,0499*4F
1780409608.315,$GNGSA,A,3,10,26,28,31,32,25,01,,,,,,1.22,0.67,1.02,1*08
1780409608.316,$GNGSA,A,3,68,78,66,77,67,79,,,,,,,1.22,0.67,1.02,2*0F
1780409608.316,$GNGSA,A,3,06,31,34,05,09,16,25,36,,,,,1.22,0.67,1.02,3*0A
1780409608.317,$GNGSA,A,3,06,07,09,10,33,24,25,23,,,,,1.22,0.67,1.02,4*0E
1780409608.318,$GPGSV,3,1,10,10,52,150,34,25,18,041,23,26,63,193,47,28,44,359,43,1*63
1780409608.319,$GPGSV,3,2,10,29,05,093,09,31,51,313,49,32,42,041,45,40,37,260,30,1*67
1780409608.320,$GPGSV,3,3,10,41,64,233,44,42,70,217,46,1*67
1780409608.321,$GPGSV,2,1,08,01,12,290,39,10,52,150,33,23,14,148,20,25,18,041,27,6*6C
1780409608.322,$GPGSV,2,2,08,26,63,193,45,28,44,359,44,31,51,313,45,32,42,041,44,6*61
1780409608.322,$GPGSV,2,1,05,02,16,264,,03,04,326,,16,30,197,,27,03,200,,0*69
1780409608.323,$GPGSV,2,2,05,27,03,200,,0*54
1780409608.324,$GLGSV,2,1,06,66,30,096,28,67,43,023,46,68,13,337,34,77,35,023,41,1*70
1780409608.324,$GLGSV,2,2,06,78,80,247,48,79,27,211,34,1*7A
1780409608.325,$GLGSV,2,1,05,66,30,096,30,67,43,023,48,68,13,337,39,78,80,247,48,3*73
1780409608.326,$GLGSV,2,2,05,79,27,211,26,3*42
1780409608.327,$GLGSV,1,1,03,81,02,194,,82,07,237,,83,01,284,,0*42
1780409608.327,$GAGSV,2,1,08,05,37,348,45,06,18,075,22,09,32,052,38,16,61,098,52,2*7D
1780409608.328,$GAGSV,2,2,08,25,43,182,48,31,19,046,33,34,28,278,44,36,35,216,31,2*75
1780409608.329,$GAGSV,2,1,05,05,37,348,42,09,32,052,31,16,61,098,45,25,43,182,43,7*7C
1780409608.330,$GAGSV,2,2,05,34,28,278,34,7*41
1780409608.331,$GAGSV,1,1,03,03,08,303,,04,02,092,,11,11,170,,0*47
1780409608.331,$GBGSV,2,1,08,06,64,138,49,07,50,006,45,09,84,031,47,10,58,351,46,1*76
1780409608.332,$GBGSV,2,2,08,23,44,233,43,24,22,034,25,25,76,341,48,33,61,060,48,1*7D
1780409608.333,$GBGSV,1,1,02,09,84,031,49,10,58,351,48,3*7B
1780409608.334,$GBGSV,2,1,08,01,42,107,,02,63,242,,03,71,140,,04,22,097,,0*74
1780409608.334,$GBGSV,2,2,08,04,22,097,,08,17,155,,13,10,199,,14,02,128,,0*74
1780409608.335,$GNGLL,1339.01005,N,10029.58021,E,141328.00,A,D*77
1780409609.314,$GNRMC,141329.00,A,1339.01029,N,10029.58015,E,0.902,347.46,020626,0.53,W,F,V*46
1780409609.315,$GNVTG,347.46,T,347.99,M,0.902,N,1.670,K,D*31
1780409609.317,$GNGGA,141329.00,1339.01029,N,10029.58015,E,5,12,0.63,2.7,M,-27.8,M,1.0,0499*43
1780409609.318,$GNGSA,A,3,10,26,28,31,32,25,01,,,,,,1.14,0.63,0.95,1*06
1780409609.320,$GNGSA,A,3,68,78,66,77,67,79,,,,,,,1.14,0.63,0.95,2*01
1780409609.321,$GNGSA,A,3,06,31,34,05,09,16,25,36,,,,,1.14,0.63,0.95,3*04
1780409609.323,$GNGSA,A,3,06,07,09,10,33,24,25,23,,,,,1.14,0.63,0.95,4*00
1780409609.324,$GPGSV,3,1,10,10,52,150,36,25,18,041,24,26,63,193,47,28,44,359,43,1*66
1780409609.326,$GPGSV,3,2,10,29,05,093,09,31,51,313,46,32,42,041,45,40,37,260,29,1*60
1780409609.328,$GPGSV,3,3,10,41,64,233,45,42,70,217,43,1*63
1780409609.330,$GPGSV,2,1,08,01,12,290,40,10,52,150,32,23,14,148,20,25,18,041,27,6*63
1780409609.333,$GPGSV,2,2,08,26,63,193,48,28,44,359,46,31,51,313,44,32,42,041,44,6*6F
1780409609.335,$GPGSV,2,1,05,02,16,264,,03,04,326,,16,30,197,,27,03,200,,0*69
1780409609.336,$GPGSV,2,2,05,27,03,200,,0*54
1780409609.338,$GLGSV,2,1,06,66,30,096,26,67,43,023,49,68,13,337,28,77,35,023,41,1*7C
1780409609.339,$GLGSV,2,2,06,78,80,247,47,79,27,211,24,1*74
1780409609.341,$GLGSV,2,1,05,66,30,096,23,67,43,023,48,68,13,337,39,78,80,247,48,3*71
1780409609.343,$GLGSV,2,2,05,79,27,211,25,3*41
1780409609.345,$GLGSV,1,1,03,81,02,194,,82,07,237,,83,01,284,,0*42
1780409609.346,$GAGSV,2,1,08,05,37,348,46,06,18,075,30,09,32,052,37,16,61,098,50,2*70
1780409609.348,$GAGSV,2,2,08,25,43,182,50,31,19,046,36,34,28,278,42,36,35,216,29,2*76
1780409609.349,$GAGSV,2,1,05,05,37,348,43,16,61,098,44,25,43,182,44,34,28,278,34,7*71
1780409609.350,$GAGSV,2,2,05,36,35,216,33,7*40
1780409609.351,$GAGSV,1,1,03,03,08,303,,04,02,092,,11,11,170,,0*47
1780409609.352,$GBGSV,2,1,08,06,64,138,48,07,50,006,46,09,84,031,47,10,58,351,46,1*74
1780409609.353,$GBGSV,2,2,08,23,44,233,37,24,22,034,26,25,76,341,49,33,61,060,49,1*7D
1780409609.354,$GBGSV,1,1,02,09,84,031,49,10,58,351,48,3*7B
1780409609.355,$GBGSV,2,1,08,01,42,107,,02,63,242,,03,71,140,,04,22,097,,0*74
1780409609.356,$GBGSV,2,2,08,04,22,097,,08,17,155,,13,10,199,,14,01,129,,0*76
1780409609.357,$GNGLL,1339.01029,N,10029.58015,E,141329.00,A,D*7F
1780409610.313,$GNRMC,141330.00,A,1339.01052,N,10029.58010,E,0.837,346.61,020626,0.53,W,F,V*44
1780409610.316,$GNVTG,346.61,T,347.14,M,0.837,N,1.550,K,D*36
1780409610.317,$GNGGA,141330.00,1339.01052,N,10029.58010,E,5,12,0.63,2.7,M,-27.8,M,1.0,0499*42
1780409610.317,$GNGSA,A,3,10,26,28,31,32,25,01,,,,,,1.14,0.63,0.95,1*06
1780409610.318,$GNGSA,A,3,68,78,66,77,67,79,,,,,,,1.14,0.63,0.95,2*01
1780409610.318,$GNGSA,A,3,06,31,34,05,09,16,25,36,,,,,1.14,0.63,0.95,3*04
1780409610.319,$GNGSA,A,3,06,07,09,10,33,24,25,23,,,,,1.14,0.63,0.95,4*00
1780409610.320,$GPGSV,3,1,10,10,52,150,33,25,18,041,23,26,63,193,46,28,44,359,46,1*60
1780409610.321,$GPGSV,3,2,10,29,05,093,08,31,51,313,45,32,42,041,45,40,37,260,40,1*6D
1780409610.321,$GPGSV,3,3,10,41,64,233,40,42,70,217,45,1*60
1780409610.322,$GPGSV,2,1,08,01,12,290,36,10,52,150,32,23,14,148,18,25,18,041,26,6*68
1780409610.323,$GPGSV,2,2,08,26,63,193,47,28,44,359,46,31,51,313,42,32,42,041,46,6*64
1780409610.324,$GPGSV,2,1,05,02,16,264,,03,04,326,,16,30,197,,27,03,200,,0*69
1780409610.324,$GPGSV,2,2,05,27,03,200,,0*54
1780409610.325,$GLGSV,2,1,06,66,30,096,26,67,43,023,47,68,13,337,28,77,35,023,39,1*7D
1780409610.326,$GLGSV,2,2,06,78,80,247,47,79,27,211,26,1*76
1780409610.327,$GLGSV,2,1,05,66,30,096,29,67,43,023,45,68,13,337,36,78,80,247,49,3*78
1780409610.327,$GLGSV,2,2,05,79,27,211,25,3*41
1780409610.328,$GLGSV,1,1,03,81,02,194,,82,07,237,,83,01,284,,0*42
1780409610.329,$GAGSV,2,1,08,05,37,348,45,06,18,075,23,09,32,052,41,16,61,098,52,2*72
1780409610.330,$GAGSV,2,2,08,25,43,182,49,31,19,046,29,34,28,278,40,36,35,216,40,2*7D
1780409610.330,$GAGSV,2,1,06,05,37,348,42,09,32,052,33,16,61,098,44,25,43,182,43,7*7C
1780409610.331,$GAGSV,2,2,06,34,28,278,29,36,35,216,30,7*7B
1780409610.332,$GAGSV,1,1,03,03,08,303,,04,02,092,,11,11,170,,0*47
1780409610.333,$GBGSV,2,1,08,06,64,138,47,07,50,006,47,09,84,031,47,10,58,351,44,1*78
1780409610.333,$GBGSV,2,2,08,23,44,233,43,24,22,034,26,25,76,341,50,33,61,060,49,1*76
1780409610.334,$GBGSV,1,1,02,09,84,031,49,10,58,351,48,3*7B
1780409610.335,$GBGSV,2,1,08,01,42,107,,02,63,242,,03,71,140,,04,22,097,,0*74
1780409610.335,$GBGSV,2,2,08,04,22,097,,08,17,155,,13,10,199,,14,01,129,,0*76
1780409610.336,$GNGLL,1339.01052,N,10029.58010,E,141330.00,A,D*7E
1780409611.309,$GNRMC,141331.00,A,1339.01076,N,10029.58004,E,0.899,350.43,020626,0.53,W,F,V*45
1780409611.311,$GNVTG,350.43,T,350.96,M,0.899,N,1.665,K,D*3C
1780409611.312,$GNGGA,141331.00,1339.01076,N,10029.58004,E,5,12,0.64,2.6,M,-27.8,M,1.0,0499*46
1780409611.312,$GNGSA,A,3,10,26,28,31,32,25,01,,,,,,1.16,0.64,0.97,1*01
1780409611.313,$GNGSA,A,3,68,78,66,77,67,79,,,,,,,1.16,0.64,0.97,2*06
1780409611.314,$GNGSA,A,3,06,31,34,05,09,16,25,36,,,,,1.16,0.64,0.97,3*03
1780409611.314,$GNGSA,A,3,06,07,09,10,33,24,25,23,,,,,1.16,0.64,0.97,4*07
1780409611.315,$GPGSV,3,1,10,10,52,150,29,25,18,041,23,26,63,193,47,28,44,359,45,1*69
1780409611.316,$GPGSV,3,2,10,29,05,093,07,31,51,313,44,32,42,041,45,40,37,260,29,1*6C
1780409611.316,$GPGSV,3,3,10,41,64,233,43,42,70,217,44,1*62
1780409611.317,$GPGSV,2,1,08,01,12,290,36,10,52,150,35,23,14,148,15,25,18,041,26,6*62
1780409611.318,$GPGSV,2,2,08,26,63,193,45,28,44,359,44,31,51,313,41,32,42,041,44,6*65
1780409611.319,$GPGSV,2,1,05,02,16,264,,03,04,326,,16,30,197,,27,03,200,,0*69
1780409611.319,$GPGSV,2,2,05,27,03,200,,0*54
1780409611.320,$GLGSV,2,1,06,66,30,096,30,67,43,023,48,68,13,337,28,77,35,023,39,1*75
1780409611.321,$GLGSV,2,2,06,78,80,247,49,79,27,211,27,1*79
1780409611.322,$GLGSV,2,1,05,66,30,096,22,67,43,023,46,68,13,337,33,78,80,247,48,3*74
1780409611.322,$GLGSV,2,2,05,79,27,211,25,3*41
1780409611.323,$GLGSV,1,1,03,81,02,194,,82,07,237,,83,01,284,,0*42
1780409611.324,$GAGSV,2,1,08,05,37,348,46,06,18,075,26,09,32,052,26,16,61,098,52,2*75
1780409611.325,$GAGSV,2,2,08,25,43,182,47,31,19,046,29,34,28,278,40,36,35,216,29,2*7C
1780409611.326,$GAGSV,1,1,04,05,37,348,41,16,61,098,44,25,43,182,43,34,28,278,33,7*71
1780409611.326,$GAGSV,1,1,03,03,08,303,,04,02,092,,11,11,170,,0*47
1780409611.327,$GBGSV,2,1,08,06,64,138,46,07,50,006,45,09,84,031,46,10,58,351,45,1*7B
1780409611.328,$GBGSV,2,2,08,23,44,233,39,24,22,034,26,25,76,341,49,33,61,060,50,1*7B
1780409611.329,$GBGSV,1,1,02,09,84,031,50,10,58,351,47,3*7C
1780409611.329,$GBGSV,2,1,08,01,42,107,,02,63,242,,03,71,140,,04,22,097,,0*74
1780409611.330,$GBGSV,2,2,08,04,22,097,,08,17,155,,13,10,199,,14,01,129,,0*76
1780409611.331,$GNGLL,1339.01076,N,10029.58004,E,141331.00,A,D*7C
1780409612.310,$GNRMC,141332.00,A,1339.01098,N,10029.58000,E,0.768,349.90,020626,0.53,W,F,V*45
1780409612.312,$GNVTG,349.90,T,350.43,M,0.768,N,1.423,K,D*33
1780409612.314,$GNGGA,141332.00,1339.01098,N,10029.58000,E,5,12,0.64,2.6,M,-27.8,M,1.0,0499*41
1780409612.315,$GNGSA,A,3,10,26,28,31,32,25,01,,,,,,1.16,0.64,0.97,1*01
1780409612.315,$GNGSA,A,3,68,78,66,77,67,79,,,,,,,1.16,0.64,0.97,2*06
1780409612.316,$GNGSA,A,3,06,31,34,05,09,16,25,36,,,,,1.16,0.64,0.97,3*03
1780409612.317,$GNGSA,A,3,06,07,09,10,33,24,25,23,,,,,1.16,0.64,0.97,4*07
1780409612.317,$GPGSV,3,1,09,10,52,150,22,25,18,041,21,26,63,193,46,28,44,359,46,1*6A
1780409612.318,$GPGSV,3,2,09,31,51,313,46,32,42,041,46,40,37,260,30,41,64,233,43,1*6C
1780409612.319,$GPGSV,3,3,09,42,70,217,44,1*58
1780409612.320,$GPGSV,2,1,08,01,12,290,29,10,52,150,31,23,14,148,11,25,18,041,24,6*6E
1780409612.321,$GPGSV,2,2,08,26,63,193,46,28,44,359,44,31,51,313,43,32,42,041,45,6*65
1780409612.322,$GPGSV,2,1,06,02,16,264,,03,04,326,,16,30,197,,27,03,200,,0*6A
1780409612.322,$GPGSV,2,2,06,27,03,200,,29,05,093,,0*63
1780409612.323,$GLGSV,2,1,06,66,30,096,26,67,43,023,49,68,13,337,35,77,35,023,40,1*71
1780409612.324,$GLGSV,2,2,06,78,80,247,49,79,27,211,25,1*7B
1780409612.325,$GLGSV,2,1,05,66,30,096,21,67,43,023,47,68,13,337,35,78,80,247,48,3*70
1780409612.325,$GLGSV,2,2,05,79,27,211,25,3*41
1780409612.326,$GLGSV,1,1,03,81,02,194,,82,07,237,,83,01,284,,0*42
1780409612.327,$GAGSV,2,1,08,05,37,348,47,06,18,075,31,09,32,052,33,16,61,098,52,2*76
1780409612.328,$GAGSV,2,2,08,25,43,182,47,31,19,046,34,34,28,278,44,36,35,216,31,2*7D
1780409612.328,$GAGSV,2,1,05,05,37,348,40,09,32,052,34,16,61,098,45,25,43,182,43,7*7B
1780409612.329,$GAGSV,2,2,05,34,28,278,39,7*4C
1780409612.330,$GAGSV,1,1,03,03,08,303,,04,02,092,,11,11,170,,0*47
1780409612.331,$GBGSV,2,1,08,06,64,138,47,07,50,006,46,09,84,031,47,10,58,351,47,1*7A
1780409612.331,$GBGSV,2,2,08,23,44,233,39,24,22,034,27,25,76,341,49,33,61,060,50,1*7A
1780409612.332,$GBGSV,1,1,02,09,84,031,49,10,58,351,48,3*7B
1780409612.333,$GBGSV,2,1,08,01,42,107,,02,63,242,,03,71,140,,04,22,097,,0*74
1780409612.334,$GBGSV,2,2,08,04,22,097,,08,17,155,,13,10,199,,14,01,129,,0*76
1780409612.334,$GNGLL,1339.01098,N,10029.58000,E,141332.00,A,D*7B
1780409613.306,$GNRMC,141333.00,A,1339.01120,N,10029.57997,E,0.784,352.90,020626,0.53,W,F,V*46
1780409613.309,$GNVTG,352.90,T,353.43,M,0.784,N,1.451,K,D*3D
1780409613.310,$GNGGA,141333.00,1339.01120,N,10029.57997,E,5,12,0.64,2.5,M,-27.8,M,1.0,0499*49
1780409613.311,$GNGSA,A,3,10,26,28,31,32,25,01,,,,,,1.19,0.64,1.00,1*01
1780409613.311,$GNGSA,A,3,68,78,66,77,67,79,,,,,,,1.19,0.64,1.00,2*06
1780409613.312,$GNGSA,A,3,06,31,34,05,09,16,25,36,,,,,1.19,0.64,1.00,3*03
1780409613.312,$GNGSA,A,3,06,07,09,10,33,24,25,23,,,,,1.19,0.64,1.00,4*07
1780409613.313,$GPGSV,3,1,10,03,04,326,27,10,52,150,23,25,18,041,19,26,63,193,45,1*69
1780409613.314,$GPGSV,3,2,10,28,44,359,44,31,51,313,45,32,42,041,46,40,37,260,30,1*60
1780409613.315,$GPGSV,3,3,10,41,64,233,42,42,70,217,45,1*62
1780409613.316,$GPGSV,2,1,08,01,12,290,36,10,52,150,25,23,14,148,11,25,18,041,25,6*64
1780409613.316,$GPGSV,2,2,08,26,63,193,44,28,44,359,44,31,51,313,43,32,42,041,45,6*67
1780409613.317,$GPGSV,2,1,05,02,16,264,,16,30,197,,27,03,200,,29,05,093,,0*6D
1780409613.318,$GPGSV,2,2,05,29,05,093,,0*54
1780409613.318,$GLGSV,2,1,06,66,30,096,26,67,43,023,47,68,13,337,41,77,35,023,38,1*73
1780409613.319,$GLGSV,2,2,06,78,80,247,47,79,27,211,25,1*75
1780409613.320,$GLGSV,2,1,05,66,30,096,29,67,43,023,47,68,13,337,32,78,80,247,49,3*7E
1780409613.321,$GLGSV,2,2,05,79,27,211,31,3*44
1780409613.321,$GLGSV,1,1,03,81,02,194,,82,07,237,,83,01,284,,0*42
1780409613.322,$GAGSV,2,1,08,05,37,348,46,06,18,075,30,09,32,052,35,16,61,098,52,2*70
1780409613.323,$GAGSV,2,2,08,25,43,182,47,31,19,046,30,34,28,278,39,36,35,216,35,2*77
1780409613.324,$GAGSV,2,1,06,05,37,348,36,09,32,052,34,16,61,098,46,25,43,182,43,7*7A
1780409613.325,$GAGSV,2,2,06,34,28,278,37,36,35,216,33,7*77
1780409613.325,$GAGSV,1,1,03,03,08,303,,04,02,092,,11,11,170,,0*47
1780409613.326,$GBGSV,2,1,08,06,64,138,47,07,50,006,46,09,84,031,48,10,58,351,46,1*74
1780409613.327,$GBGSV,2,2,08,23,44,233,39,24,22,034,27,25,76,341,50,33,61,060,48,1*7B
1780409613.327,$GBGSV,1,1,02,09,84,031,50,10,58,351,46,3*7D
1780409613.328,$GBGSV,2,1,08,01,42,107,,02,63,242,,03,71,140,,04,22,097,,0*74
1780409613.329,$GBGSV,2,2,08,04,22,097,,08,17,155,,13,10,199,,14,01,129,,0*76
1780409613.329,$GNGLL,1339.01120,N,10029.57997,E,141333.00,A,D*70
1780409614.311,$GNRMC,141334.00,A,1339.01142,N,10029.57995,E,0.773,352.86,020626,0.53,W,F,V*48
1780409614.313,$GNVTG,352.86,T,353.39,M,0.773,N,1.432,K,D*3A
1780409614.315,$GNGGA,141334.00,1339.01142,N,10029.57995,E,5,12,0.70,2.5,M,-27.8,M,1.0,0499*4D
1780409614.315,$GNGSA,A,3,10,26,28,31,32,25,01,,,,,,1.27,0.70,1.06,1*0F
1780409614.316,$GNGSA,A,3,68,78,66,77,67,79,,,,,,,1.27,0.70,1.06,2*08
1780409614.316,$GNGSA,A,3,06,31,34,05,09,16,25,36,,,,,1.27,0.70,1.06,3*0D
1780409614.317,$GNGSA,A,3,06,07,09,10,33,24,25,23,,,,,1.27,0.70,1.06,4*09
1780409614.318,$GPGSV,3,1,09,10,52,150,22,25,18,041,19,26,63,193,47,28,44,359,44,1*62
1780409614.319,$GPGSV,3,2,09,31,51,313,46,32,42,041,46,40,37,260,37,41,64,233,41,1*69
1780409614.319,$GPGSV,3,3,09,42,70,217,47,1*5B
1780409614.320,$GPGSV,2,1,08,01,12,290,38,10,52,150,24,23,14,148,13,25,18,041,26,6*6A
1780409614.321,$GPGSV,2,2,08,26,63,193,45,28,44,359,45,31,51,313,42,32,42,041,42,6*61
1780409614.322,$GPGSV,2,1,06,02,16,264,,03,04,326,,16,30,197,,27,03,200,,0*6A
1780409614.322,$GPGSV,2,2,06,27,03,200,,29,05,093,,0*63
1780409614.323,$GLGSV,2,1,06,66,30,096,28,67,43,023,48,68,13,337,35,77,35,023,42,1*7C
1780409614.324,$GLGSV,2,2,06,78,80,247,48,79,27,211,30,1*7E
1780409614.325,$GLGSV,2,1,05,66,30,096,22,67,43,023,45,68,13,337,32,78,80,247,46,3*78
1780409614.325,$GLGSV,2,2,05,79,27,211,28,3*4C
1780409614.326,$GLGSV,1,1,03,81,02,194,,82,07,237,,83,01,284,,0*42
1780409614.327,$GAGSV,2,1,08,05,37,348,46,06,18,075,29,09,32,052,32,16,61,098,51,2*7C
1780409614.328,$GAGSV,2,2,08,25,43,182,49,31,19,046,23,34,28,278,42,36,35,216,38,2*7A
1780409614.328,$GAGSV,2,1,05,05,37,348,38,09,32,052,33,16,61,098,45,25,43,182,44,7*74
1780409614.329,$GAGSV,2,2,05,34,28,278,39,7*4C
1780409614.330,$GAGSV,1,1,03,03,08,303,,04,02,092,,11,11,170,,0*47
1780409614.330,$GBGSV,2,1,08,06,64,138,48,07,50,006,47,09,84,031,47,10,58,351,46,1*75
1780409614.331,$GBGSV,2,2,08,23,44,233,38,24,22,034,32,25,76,341,50,33,61,060,51,1*76
1780409614.332,$GBGSV,1,1,02,09,84,031,49,10,58,351,47,3*74
1780409614.333,$GBGSV,2,1,08,01,42,107,,02,63,242,,03,71,140,,04,22,097,,0*74
1780409614.333,$GBGSV,2,2,08,04,22,097,,08,17,155,,13,10,199,,14,01,129,,0*76
1780409614.334,$GNGLL,1339.01142,N,10029.57995,E,141334.00,A,D*71
1780409615.315,$GNRMC,141335.00,A,1339.01162,N,10029.57993,E,0.756,356.29,020626,0.53,W,F,V*4B
1780409615.318,$GNVTG,356.29,T,356.82,M,0.756,N,1.400,K,D*38
1780409615.318,$GNGGA,141335.00,1339.01162,N,10029.57993,E,5,12,0.64,2.5,M,-27.8,M,1.0,0499*4D
1780409615.319,$GNGSA,A,3,10,26,28,31,32,25,01,,,,,,1.19,0.64,1.00,1*01
1780409615.320,$GNGSA,A,3,68,78,66,77,67,79,,,,,,,1.19,0.64,1.00,2*06
1780409615.321,$GNGSA,A,3,06,31,34,05,09,16,25,36,,,,,1.19,0.64,1.00,3*03
1780409615.321,$GNGSA,A,3,06,07,09,10,33,24,25,23,,,,,1.19,0.64,1.00,4*07
1780409615.322,$GPGSV,3,1,09,10,52,150,29,25,18,041,26,26,63,193,47,28,44,359,43,1*62
1780409615.323,$GPGSV,3,2,09,31,51,313,44,32,42,041,47,40,37,260,37,41,64,233,45,1*6E
1780409615.324,$GPGSV,3,3,09,42,70,217,46,1*5A
1780409615.325,$GPGSV,2,1,08,01,12,290,33,10,52,150,21,23,14,148,14,25,18,041,25,6*60
1780409615.325,$GPGSV,2,2,08,26,63,193,45,28,44,359,45,31,51,313,41,32,42,041,43,6*63
1780409615.326,$GPGSV,2,1,06,02,16,264,,03,04,326,,16,30,197,,27,03,200,,0*6A
1780409615.327,$GPGSV,2,2,06,27,03,200,,29,05,093,,0*63
1780409615.328,$GLGSV,2,1,06,66,30,096,29,67,43,023,48,68,13,337,32,77,35,023,39,1*76
1780409615.328,$GLGSV,2,2,06,78,80,247,47,79,27,211,29,1*79
1780409615.329,$GLGSV,2,1,05,66,30,096,33,67,43,023,45,68,13,337,35,78,80,247,48,3*71
1780409615.330,$GLGSV,2,2,05,79,27,211,27,3*43
1780409615.331,$GLGSV,1,1,03,81,02,194,,82,07,237,,83,01,284,,0*42
1780409615.331,$GAGSV,2,1,08,05,37,348,44,06,18,075,29,09,32,052,35,16,61,098,50,2*78
1780409615.332,$GAGSV,2,2,08,25,43,182,49,31,19,046,24,34,28,278,36,36,35,216,39,2*7F
1780409615.333,$GAGSV,2,1,06,05,37,348,42,09,32,052,33,16,61,098,46,25,43,182,44,7*79
1780409615.334,$GAGSV,2,2,06,34,28,278,35,36,35,216,33,7*75
1780409615.335,$GAGSV,1,1,03,03,08,303,,04,02,092,,11,11,170,,0*47
1780409615.335,$GBGSV,2,1,08,06,64,138,47,07,50,006,45,09,84,031,46,10,58,351,46,1*79
1780409615.336,$GBGSV,2,2,08,23,44,233,27,24,21,035,26,25,76,341,50,33,61,060,49,1*76
1780409615.337,$GBGSV,1,1,02,09,84,031,49,10,58,351,47,3*74
1780409615.338,$GBGSV,2,1,08,01,42,107,,02,63,242,,03,71,140,,04,22,097,,0*74
1780409615.338,$GBGSV,2,2,08,04,22,097,,08,17,155,,13,10,199,,14,01,129,,0*76
1780409615.339,$GNGLL,1339.01162,N,10029.57993,E,141335.00,A,D*74
1780409616.310,$GNRMC,141336.00,A,1339.01184,N,10029.57991,E,0.777,354.66,020626,0.53,W,F,V*48
1780409616.313,$GNVTG,354.66,T,355.19,M,0.777,N,1.438,K,D*38
1780409616.314,$GNGGA,141336.00,1339.01184,N,10029.57991,E,5,12,0.64,2.5,M,-27.8,M,1.0,0499*44
1780409616.314,$GNGSA,A,3,10,26,28,31,32,25,01,,,,,,1.19,0.64,1.00,1*01
1780409616.315,$GNGSA,A,3,68,78,66,77,67,79,,,,,,,1.19,0.64,1.00,2*06
1780409616.315,$GNGSA,A,3,06,31,34,05,09,16,25,36,,,,,1.19,0.64,1.00,3*03
1780409616.316,$GNGSA,A,3,06,07,09,10,33,24,25,23,,,,,1.19,0.64,1.00,4*07
1780409616.317,$GPGSV,2,1,08,10,52,150,35,25,18,041,22,26,63,193,46,28,44,359,43,1*6A
1780409616.317,$GPGSV,2,2,08,31,51,313,42,32,42,041,45,41,64,233,45,42,70,217,47,1*6C
1780409616.318,$GPGSV,2,1,08,01,12,290,33,10,52,150,24,23,14,148,16,25,18,041,30,6*63
1780409616.319,$GPGSV,2,2,08,26,63,193,46,28,44,359,44,31,51,313,41,32,42,041,45,6*67
1780409616.320,$GPGSV,2,1,07,02,16,264,,03,04,326,,16,30,197,,27,03,200,,0*6B
1780409616.320,$GPGSV,2,2,07,27,03,200,,29,05,093,,40,37,260,,0*56
1780409616.321,$GLGSV,2,1,06,66,30,096,29,67,43,023,47,68,13,337,33,77,35,023,41,1*77
1780409616.322,$GLGSV,2,2,06,78,80,247,48,79,27,211,21,1*7E
1780409616.322,$GLGSV,2,1,05,66,30,096,28,67,43,023,47,68,13,337,26,78,80,247,49,3*7A
1780409616.323,$GLGSV,2,2,05,79,27,211,27,3*43
1780409616.323,$GLGSV,1,1,03,81,02,194,,82,07,237,,83,01,284,,0*42
1780409616.324,$GAGSV,2,1,08,05,37,348,45,06,18,075,30,09,32,052,37,16,61,098,50,2*73
1780409616.325,$GAGSV,2,2,08,25,43,182,50,31,19,046,31,34,28,278,43,36,35,216,32,2*7A
1780409616.326,$GAGSV,2,1,06,05,37,348,41,09,32,052,40,16,61,098,45,25,43,182,45,7*7C
1780409616.326,$GAGSV,2,2,06,34,28,278,39,36,35,216,33,7*79
1780409616.327,$GAGSV,1,1,03,03,08,303,,04,02,092,,11,11,170,,0*47
1780409616.327,$GBGSV,2,1,08,06,64,138,47,07,50,006,47,09,84,031,46,10,58,351,45,1*78
1780409616.328,$GBGSV,2,2,08,23,44,233,39,24,21,035,37,25,75,343,50,33,61,060,50,1*70
1780409616.329,$GBGSV,1,1,02,09,84,031,48,10,58,351,47,3*75
1780409616.329,$GBGSV,2,1,08,01,42,107,,02,63,242,,03,71,140,,04,22,097,,0*74
1780409616.330,$GBGSV,2,2,08,04,22,097,,08,17,155,,13,10,199,,14,01,129,,0*76
1780409616.330,$GNGLL,1339.01184,N,10029.57991,E,141336.00,A,D*7D
1780409617.311,$GNRMC,141337.00,A,1339.01206,N,10029.57990,E,0.786,359.86,020626,0.53,W,F,V*4C
1780409617.313,$GNVTG,359.86,T,0.39,M,0.786,N,1.456,K,D*3C
1780409617.314,$GNGGA,141337.00,1339.01206,N,10029.57990,E,5,12,0.63,2.5,M,-27.8,M,1.0,0499*4A
1780409617.315,$GNGSA,A,3,10,26,28,31,32,25,01,,,,,,1.15,0.63,0.96,1*04
1780409617.316,$GNGSA,A,3,68,78,66,77,67,79,,,,,,,1.15,0.63,0.96,2*03
1780409617.316,$GNGSA,A,3,06,31,34,05,09,16,25,36,,,,,1.15,0.63,0.96,3*06
1780409617.317,$GNGSA,A,3,06,07,09,10,33,24,25,23,,,,,1.15,0.63,0.96,4*02
1780409617.318,$GPGSV,2,1,08,10,52,150,37,25,18,041,23,26,63,193,47,28,44,359,43,1*68
1780409617.319,$GPGSV,2,2,08,31,51,313,43,32,42,041,45,41,64,233,46,42,70,217,46,1*6F
1780409617.319,$GPGSV,2,1,08,01,12,290,35,10,52,150,31,23,14,148,14,25,18,041,25,6*67
1780409617.320,$GPGSV,2,2,08,26,63,193,46,28,44,359,46,31,51,313,41,32,42,041,45,6*65
1780409617.321,$GPGSV,2,1,07,02,16,264,,03,04,326,,16,30,197,,27,03,200,,0*6B
1780409617.322,$GPGSV,2,2,07,27,03,200,,29,05,093,,40,37,260,,0*56
1780409617.323,$GLGSV,2,1,06,66,30,096,28,67,43,023,48,68,13,337,38,77,35,023,41,1*72
1780409617.323,$GLGSV,2,2,06,78,80,247,48,79,27,211,22,1*7D
1780409617.324,$GLGSV,2,1,05,66,30,096,28,67,43,023,46,68,13,337,31,78,80,247,50,3*75
1780409617.325,$GLGSV,2,2,05,79,27,211,26,3*42
1780409617.326,$GLGSV,1,1,03,81,02,194,,82,07,237,,83,01,284,,0*42
1780409617.326,$GAGSV,2,1,08,05,37,348,46,06,18,075,22,09,32,052,25,16,61,098,52,2*72
1780409617.327,$GAGSV,2,2,08,25,43,182,48,31,19,046,26,34,28,278,45,36,35,216,29,2*79
1780409617.328,$GAGSV,2,1,05,05,37,348,39,09,32,052,33,16,61,098,45,25,43,182,43,7*72
1780409617.329,$GAGSV,2,2,05,34,28,278,43,7*41
1780409617.329,$GAGSV,1,1,03,03,08,303,,04,02,092,,11,11,170,,0*47
1780409617.330,$GBGSV,2,1,08,06,64,138,47,07,50,006,44,09,84,031,46,10,58,351,45,1*7B
1780409617.331,$GBGSV,2,2,08,23,44,233,38,24,21,035,30,25,75,343,49,33,61,060,50,1*7E
1780409617.332,$GBGSV,1,1,02,09,84,031,48,10,58,351,49,3*7B
1780409617.333,$GBGSV,2,1,08,01,42,107,,02,63,242,,03,71,140,,04,22,097,,0*74
1780409617.333,$GBGSV,2,2,08,04,22,097,,08,17,155,,13,10,199,,14,01,129,,0*76
1780409617.334,$GNGLL,1339.01206,N,10029.57990,E,141337.00,A,D*74
1780409618.315,$GNRMC,141338.00,A,1339.01228,N,10029.57990,E,0.736,0.22,020626,0.53,W,F,V*45
1780409618.317,$GNVTG,0.22,T,0.75,M,0.736,N,1.363,K,D*3F
1780409618.318,$GNGGA,141338.00,1339.01228,N,10029.57990,E,5,12,0.64,2.5,M,-27.8,M,1.0,0499*4E
1780409618.319,$GNGSA,A,3,10,26,28,31,32,25,01,,,,,,1.19,0.64,1.00,1*01
1780409618.319,$GNGSA,A,3,68,78,66,77,67,79,,,,,,,1.19,0.64,1.00,2*06
1780409618.320,$GNGSA,A,3,06,31,34,05,09,16,25,36,,,,,1.19,0.64,1.00,3*03
1780409618.320,$GNGSA,A,3,06,07,09,10,33,24,25,23,,,,,1.19,0.64,1.00,4*07
1780409618.321,$GPGSV,3,1,10,02,16,264,24,10,52,150,34,16,30,197,28,25,18,041,23,1*6A
1780409618.322,$GPGSV,3,2,10,26,63,193,45,28,44,359,42,31,51,313,40,32,42,041,47,1*6E
1780409618.323,$GPGSV,3,3,10,41,64,233,46,42,70,217,46,1*65
1780409618.324,$GPGSV,2,1,08,01,12,290,39,10,52,150,34,23,14,148,12,25,18,041,25,6*68
1780409618.325,$GPGSV,2,2,08,26,63,193,44,28,44,359,46,31,51,313,40,32,42,041,44,6*67
1780409618.326,$GPGSV,2,1,05,03,04,326,,27,03,200,,29,05,093,,40,37,260,,0*67
1780409618.327,$GPGSV,2,2,05,40,37,260,,0*54
1780409618.327,$GLGSV,2,1,06,66,30,096,36,67,43,023,50,68,13,337,28,77,35,023,43,1*77
1780409618.328,$GLGSV,2,2,06,78,80,247,46,79,27,211,29,1*78
1780409618.329,$GLGSV,2,1,05,66,30,096,33,67,43,023,46,68,13,337,34,78,80,247,49,3*72
1780409618.329,$GLGSV,2,2,05,79,27,211,25,3*41
1780409618.330,$GLGSV,1,1,03,81,02,194,,82,07,237,,83,01,284,,0*42
1780409618.330,$GAGSV,2,1,08,05,37,348,44,06,18,075,29,09,32,052,35,16,61,098,51,2*79
1780409618.331,$GAGSV,2,2,08,25,43,182,48,31,19,046,25,34,28,278,45,36,35,216,34,2*76
1780409618.332,$GAGSV,2,1,05,05,37,348,39,09,32,052,27,16,61,098,45,25,43,182,44,7*70
1780409618.332,$GAGSV,2,2,05,34,28,278,43,7*41
1780409618.333,$GAGSV,1,1,03,03,08,303,,04,02,092,,11,11,170,,0*47
1780409618.333,$GBGSV,2,1,08,06,64,138,48,07,50,006,45,09,84,031,46,10,58,351,44,1*74
1780409618.334,$GBGSV,2,2,08,23,44,233,41,24,21,035,30,25,75,343,49,33,61,060,49,1*78
1780409618.335,$GBGSV,1,1,02,09,84,031,48,10,58,351,48,3*7A
1780409618.335,$GBGSV,2,1,08,01,42,107,,02,63,242,,03,71,140,,04,22,097,,0*74
1780409618.336,$GBGSV,2,2,08,04,22,097,,08,17,155,,13,10,199,,14,01,129,,0*76
1780409618.336,$GNGLL,1339.01228,N,10029.57990,E,141338.00,A,D*77
1780409619.314,$GNRMC,141339.00,A,1339.01250,N,10029.57991,E,0.845,1.25,020626,0.53,W,F,V*47
1780409619.317,$GNVTG,1.25,T,1.78,M,0.845,N,1.566,K,D*3D
1780409619.318,$GNGGA,141339.00,1339.01250,N,10029.57991,E,5,12,0.64,2.5,M,-27.8,M,1.0,0499*41
1780409619.319,$GNGSA,A,3,10,26,28,31,32,25,01,,,,,,1.19,0.64,1.00,1*01
1780409619.319,$GNGSA,A,3,68,78,66,77,67,79,,,,,,,1.19,0.64,1.00,2*06
1780409619.320,$GNGSA,A,3,06,31,34,05,09,16,25,36,,,,,1.19,0.64,1.00,3*03
1780409619.321,$GNGSA,A,3,06,07,09,10,33,24,25,23,,,,,1.19,0.64,1.00,4*07
1780409619.321,$GPGSV,3,1,09,01,12,290,34,10,52,150,39,25,18,041,22,26,63,193,45,1*69
1780409619.322,$GPGSV,3,2,09,28,44,359,43,31,51,313,43,32,42,041,46,41,64,233,46,1*69
1780409619.323,$GPGSV,3,3,09,42,70,217,46,1*5A
1780409619.323,$GPGSV,2,1,08,01,12,290,40,10,52,150,32,23,14,148,13,25,18,041,23,6*67
1780409619.324,$GPGSV,2,2,08,26,63,193,46,28,44,359,44,31,51,313,41,32,42,041,42,6*60
1780409619.325,$GPGSV,2,1,07,02,16,264,,03,04,326,,16,30,197,,27,03,200,,0*6B
1780409619.325,$GPGSV,2,2,07,27,03,200,,29,05,093,,40,37,260,,0*56
1780409619.326,$GLGSV,2,1,06,66,30,096,40,67,43,023,48,68,13,337,32,77,35,023,42,1*75
1780409619.327,$GLGSV,2,2,06,78,80,247,48,79,27,211,28,1*77
1780409619.327,$GLGSV,2,1,05,66,30,096,32,67,43,023,45,68,13,337,34,78,80,247,48,3*71
1780409619.328,$GLGSV,2,2,05,79,27,211,26,3*42
1780409619.329,$GLGSV,1,1,03,81,02,194,,82,07,237,,83,01,284,,0*42
1780409619.329,$GAGSV,2,1,08,05,37,348,42,06,18,075,28,09,32,052,33,16,61,098,52,2*7B
1780409619.330,$GAGSV,2,2,08,25,43,182,48,31,19,046,23,34,28,278,46,36,35,216,34,2*73
1780409619.331,$GAGSV,2,1,05,05,37,348,41,09,32,052,33,16,61,098,46,25,43,182,41,7*7C
1780409619.331,$GAGSV,2,2,05,34,28,278,45,7*47
1780409619.332,$GAGSV,1,1,03,03,08,303,,04,02,092,,11,11,170,,0*47
1780409619.333,$GBGSV,2,1,08,06,64,138,48,07,50,006,44,09,84,031,47,10,58,351,45,1*75
1780409619.333,$GBGSV,2,2,08,23,44,233,43,24,21,035,29,25,75,343,50,33,61,060,49,1*7A
1780409619.334,$GBGSV,1,1,02,09,84,031,48,10,58,351,47,3*75
1780409619.335,$GBGSV,2,1,08,01,42,107,,02,63,242,,03,71,140,,04,22,097,,0*74
1780409619.335,$GBGSV,2,2,08,04,22,097,,08,17,155,,13,10,199,,14,01,129,,0*76
1780409619.336,$GNGLL,1339.01250,N,10029.57991,E,141339.00,A,D*78
1780409620.313,$GNRMC,141340.00,A,1339.01272,N,10029.57991,E,0.727,0.34,020626,0.53,W,F,V*43
1780409620.315,$GNVTG,0.34,T,0.87,M,0.727,N,1.346,K,D*32
1780409620.316,$GNGGA,141340.00,1339.01272,N,10029.57991,E,5,12,0.64,2.5,M,-27.8,M,1.0,0499*4F
1780409620.317,$GNGSA,A,3,10,26,28,31,32,25,01,,,,,,1.19,0.64,1.00,1*01
1780409620.317,$GNGSA,A,3,68,78,66,77,67,79,,,,,,,1.19,0.64,1.00,2*06
1780409620.318,$GNGSA,A,3,06,31,34,05,09,16,25,36,,,,,1.19,0.64,1.00,3*03
1780409620.319,$GNGSA,A,3,06,07,09,10,33,24,25,23,,,,,1.19,0.64,1.00,4*07
1780409620.319,$GPGSV,3,1,09,01,12,290,37,10,52,150,34,25,18,041,22,26,63,193,47,1*65
1780409620.320,$GPGSV,3,2,09,28,44,359,44,31,51,313,43,32,42,041,45,41,64,233,46,1*6D
1780409620.321,$GPGSV,3,3,09,42,70,217,45,1*59
1780409620.322,$GPGSV,2,1,08,01,12,290,40,10,52,150,36,23,14,148,14,25,18,041,22,6*65
1780409620.324,$GPGSV,2,2,08,26,63,193,45,28,44,359,45,31,51,313,40,32,42,041,44,6*65
1780409620.325,$GPGSV,2,1,07,02,16,264,,03,04,326,,16,30,197,,27,03,200,,0*6B
1780409620.325,$GPGSV,2,2,07,27,03,200,,29,05,093,,40,37,260,,0*56
1780409620.326,$GLGSV,2,1,06,66,30,096,30,67,43,023,49,68,13,337,29,77,35,023,41,1*7A
1780409620.327,$GLGSV,2,2,06,78,80,247,48,79,27,211,32,1*7C
1780409620.328,$GLGSV,2,1,05,66,30,096,36,67,43,023,47,68,13,337,32,78,80,247,49,3*70
1780409620.328,$GLGSV,2,2,05,79,27,211,25,3*41
1780409620.329,$GLGSV,1,1,03,81,02,194,,82,07,237,,83,01,284,,0*42
1780409620.330,$GAGSV,2,1,08,05,37,348,45,06,18,075,29,09,32,052,34,16,61,098,53,2*7B
1780409620.330,$GAGSV,2,2,08,25,43,182,49,31,19,046,23,34,28,278,46,36,35,216,41,2*70
1780409620.331,$GAGSV,2,1,06,05,37,348,41,09,32,052,36,16,61,098,45,25,43,182,44,7*7C
1780409620.332,$GAGSV,2,2,06,34,28,278,43,36,35,216,33,7*74
1780409620.333,$GAGSV,1,1,03,03,08,303,,04,02,092,,11,11,170,,0*47
1780409620.334,$GBGSV,2,1,08,06,64,138,46,07,50,006,43,09,84,031,47,10,58,351,46,1*7F
1780409620.334,$GBGSV,2,2,08,23,44,233,39,24,21,035,29,25,75,343,50,33,61,060,49,1*77
1780409620.335,$GBGSV,1,1,02,09,84,031,48,10,58,351,47,3*75
1780409620.336,$GBGSV,2,1,08,01,42,107,,02,63,242,,03,71,140,,04,22,097,,0*74
1780409620.337,$GBGSV,2,2,08,04,22,097,,08,17,155,,13,10,199,,14,01,129,,0*76
1780409620.337,$GNGLL,1339.01272,N,10029.57991,E,141340.00,A,D*76
1780409621.315,$GNRMC,141341.00,A,1339.01292,N,10029.57993,E,0.698,7.61,020626,0.53,W,F,V*4C
1780409621.318,$GNVTG,7.61,T,8.14,M,0.698,N,1.292,K,D*3A
1780409621.319,$GNGGA,141341.00,1339.01292,N,10029.57993,E,5,12,0.64,2.5,M,-27.8,M,1.0,0499*42
1780409621.319,$GNGSA,A,3,10,26,28,31,32,25,01,,,,,,1.19,0.64,1.00,1*01
1780409621.320,$GNGSA,A,3,68,78,66,77,67,79,,,,,,,1.19,0.64,1.00,2*06
1780409621.320,$GNGSA,A,3,06,31,34,05,09,16,25,36,,,,,1.19,0.64,1.00,3*03
1780409621.321,$GNGSA,A,3,06,07,09,10,33,24,25,23,,,,,1.19,0.64,1.00,4*07
1780409621.321,$GPGSV,3,1,09,01,12,290,37,10,52,150,36,25,18,041,21,26,63,193,46,1*65
1780409621.322,$GPGSV,3,2,09,28,44,359,45,31,51,313,40,32,42,041,45,41,64,233,46,1*6F
1780409621.323,$GPGSV,3,3,09,42,70,217,46,1*5A
1780409621.324,$GPGSV,2,1,08,01,12,290,40,10,52,150,37,23,14,148,13,25,18,041,22,6*63
1780409621.324,$GPGSV,2,2,08,26,63,193,45,28,44,359,44,31,51,313,37,32,42,041,46,6*66
1780409621.325,$GPGSV,2,1,07,02,16,264,,03,04,326,,16,30,197,,27,03,200,,0*6B
1780409621.326,$GPGSV,2,2,07,27,03,200,,29,05,093,,40,37,260,,0*56
1780409621.326,$GLGSV,2,1,06,66,30,096,33,67,43,023,45,68,13,337,34,77,35,023,43,1*7B
1780409621.327,$GLGSV,2,2,06,78,80,247,48,79,27,211,28,1*77
1780409621.328,$GLGSV,2,1,05,66,30,096,32,67,43,023,44,68,13,337,37,78,80,247,47,3*7C
1780409621.328,$GLGSV,2,2,05,79,27,211,26,3*42
1780409621.329,$GLGSV,1,1,03,81,02,194,,82,07,237,,83,01,284,,0*42
1780409621.329,$GAGSV,2,1,08,05,37,348,45,06,18,075,30,09,32,052,31,16,61,098,51,2*74
1780409621.330,$GAGSV,2,2,08,25,43,182,48,31,19,046,22,34,28,278,43,36,35,216,36,2*75
1780409621.331,$GAGSV,2,1,06,05,37,348,43,09,32,052,34,16,61,098,45,25,43,182,45,7*7D
1780409621.331,$GAGSV,2,2,06,34,28,278,42,36,35,216,35,7*73
1780409621.332,$GAGSV,1,1,03,03,08,303,,04,02,092,,11,11,170,,0*47
1780409621.333,$GBGSV,2,1,08,06,64,138,48,07,50,006,44,09,84,031,47,10,58,351,45,1*75
1780409621.333,$GBGSV,2,2,08,23,44,233,39,24,21,035,32,25,75,343,50,33,61,060,48,1*7C
1780409621.334,$GBGSV,1,1,02,09,84,031,49,10,58,351,47,3*74
1780409621.335,$GBGSV,2,1,08,01,42,107,,02,63,242,,03,71,140,,04,22,097,,0*74
1780409621.335,$GBGSV,2,2,08,04,22,097,,08,17,155,,13,10,199,,14,01,129,,0*76
1780409621.336,$GNGLL,1339.01292,N,10029.57993,E,141341.00,A,D*7B
1780409622.305,$GNRMC,141342.00,A,1339.01313,N,10029.57995,E,0.738,6.00,020626,0.53,W,F,V*4C
1780409622.307,$GNVTG,6.00,T,6.53,M,0.738,N,1.366,K,D*30
1780409622.309,$GNGGA,141342.00,1339.01313,N,10029.57995,E,5,12,0.64,2.5,M,-27.8,M,1.0,0499*4F
1780409622.309,$GNGSA,A,3,10,26,28,31,32,25,01,,,,,,1.19,0.64,1.00,1*01
1780409622.310,$GNGSA,A,3,68,78,66,77,67,79,,,,,,,1.19,0.64,1.00,2*06
1780409622.311,$GNGSA,A,3,06,31,34,05,09,16,25,36,,,,,1.19,0.64,1.00,3*03
1780409622.311,$GNGSA,A,3,06,07,09,10,33,24,25,23,,,,,1.19,0.64,1.00,4*07
1780409622.312,$GPGSV,3,1,10,01,12,290,37,10,52,150,40,25,18,041,24,26,63,193,48,1*67
1780409622.313,$GPGSV,3,2,10,28,44,359,46,31,51,313,41,32,42,041,43,41,64,233,45,1*60
1780409622.314,$GPGSV,3,3,10,42,70,217,46,50,56,115,41,1*64
1780409622.315,$GPGSV,2,1,08,01,12,290,34,10,52,150,36,23,14,148,16,25,18,041,22,6*64
1780409622.316,$GPGSV,2,2,08,26,63,193,44,28,44,359,45,31,51,313,33,32,42,041,45,6*61
1780409622.317,$GPGSV,2,1,06,02,16,264,,03,04,326,,16,30,197,,27,03,200,,0*6A
1780409622.317,$GPGSV,2,2,06,27,03,200,,29,05,093,,0*63
1780409622.318,$GLGSV,2,1,06,66,30,096,23,67,43,023,50,68,13,337,34,77,35,023,43,1*7E
1780409622.319,$GLGSV,2,2,06,78,80,247,48,79,27,211,26,1*79
1780409622.320,$GLGSV,2,1,05,66,30,096,37,67,43,023,47,68,13,337,38,78,80,247,47,3*75
1780409622.320,$GLGSV,2,2,05,79,27,211,30,3*45
1780409622.321,$GLGSV,1,1,03,81,02,194,,82,07,237,,83,01,284,,0*42
1780409622.322,$GAGSV,2,1,08,05,37,348,44,06,18,075,30,09,32,052,35,16,61,098,50,2*70
1780409622.323,$GAGSV,2,2,08,25,43,182,47,31,19,046,30,34,28,278,46,36,35,216,33,2*79
1780409622.323,$GAGSV,2,1,06,05,37,348,43,09,32,052,36,16,61,098,46,25,43,182,45,7*7C
1780409622.324,$GAGSV,2,2,06,34,28,278,42,36,35,216,36,7*70
1780409622.325,$GAGSV,1,1,03,03,08,303,,04,02,092,,11,11,170,,0*47
1780409622.326,$GBGSV,2,1,08,06,64,138,46,07,50,006,45,09,84,031,46,10,58,351,46,1*78
1780409622.326,$GBGSV,2,2,08,23,44,233,35,24,21,035,28,25,75,343,49,33,61,062,49,1*70
1780409622.327,$GBGSV,1,1,02,09,84,031,49,10,58,351,47,3*74
1780409622.328,$GBGSV,2,1,08,01,42,107,,02,63,242,,03,71,140,,04,22,097,,0*74
1780409622.329,$GBGSV,2,2,08,04,22,097,,08,17,155,,13,10,199,,14,01,129,,0*76
1780409622.329,$GNGLL,1339.01313,N,10029.57995,E,141342.00,A,D*76
1780409623.314,$GNRMC,141343.00,A,1339.01334,N,10029.57997,E,0.820,5.46,020626,0.53,W,F,V*4D
1780409623.316,$GNVTG,5.46,T,5.99,M,0.820,N,1.519,K,D*3C
1780409623.318,$GNGGA,141343.00,1339.01334,N,10029.57997,E,5,12,0.64,2.5,M,-27.8,M,1.0,0499*49
1780409623.319,$GNGSA,A,3,10,26,28,31,32,25,01,,,,,,1.19,0.64,1.00,1*01
1780409623.319,$GNGSA,A,3,68,78,66,77,67,79,,,,,,,1.19,0.64,1.00,2*06
1780409623.320,$GNGSA,A,3,06,31,34,05,09,16,25,36,,,,,1.19,0.64,1.00,3*03
1780409623.321,$GNGSA,A,3,06,07,09,10,33,24,25,23,,,,,1.19,0.64,1.00,4*07
1780409623.321,$GPGSV,3,1,10,01,12,290,39,10,52,150,40,25,18,041,22,26,63,193,45,1*62
1780409623.322,$GPGSV,3,2,10,28,44,359,44,31,51,313,34,32,42,041,47,41,64,233,47,1*66
1780409623.323,$GPGSV,3,3,10,42,70,217,45,50,56,115,43,1*65
1780409623.324,$GPGSV,2,1,08,01,12,290,35,10,52,150,37,23,14,148,18,25,18,041,24,6*6C
1780409623.325,$GPGSV,2,2,08,26,63,193,44,28,44,359,46,31,51,313,38,32,42,041,45,6*69
1780409623.325,$GPGSV,2,1,06,02,16,264,,03,04,326,,16,30,197,,27,03,200,,0*6A
1780409623.326,$GPGSV,2,2,06,27,03,200,,29,05,093,,0*63
1780409623.327,$GLGSV,2,1,06,66,30,096,26,67,43,023,48,68,13,337,31,77,35,023,42,1*76
1780409623.327,$GLGSV,2,2,06,78,80,247,47,79,27,211,31,1*70
1780409623.328,$GLGSV,2,1,05,66,30,096,39,67,43,023,47,68,13,337,30,78,80,247,48,3*7C
1780409623.329,$GLGSV,2,2,05,79,27,211,24,3*40
1780409623.330,$GLGSV,1,1,03,81,02,194,,82,07,237,,83,01,284,,0*42
1780409623.330,$GAGSV,2,1,08,05,37,348,48,06,18,075,30,09,32,052,30,16,61,098,50,2*79
1780409623.331,$GAGSV,2,2,08,25,43,182,47,31,19,046,30,34,28,278,47,36,35,216,33,2*78
1780409623.332,$GAGSV,2,1,06,05,37,348,43,09,32,052,33,16,61,098,45,25,43,182,43,7*7C
1780409623.333,$GAGSV,2,2,06,34,28,278,40,36,35,216,33,7*77
1780409623.333,$GAGSV,1,1,03,03,08,303,,04,02,092,,11,11,170,,0*47
1780409623.334,$GBGSV,2,1,08,06,64,138,48,07,50,006,46,09,84,031,47,10,58,351,45,1*77
1780409623.335,$GBGSV,2,2,08,23,44,233,32,24,21,035,29,25,75,343,50,33,61,062,49,1*7E
1780409623.336,$GBGSV,1,1,02,09,84,031,48,10,58,351,48,3*7A
1780409623.336,$GBGSV,2,1,08,01,42,107,,02,63,242,,03,71,140,,04,22,097,,0*74
1780409623.337,$GBGSV,2,2,08,04,22,097,,08,17,155,,13,10,199,,14,01,129,,0*76
1780409623.338,$GNGLL,1339.01334,N,10029.57997,E,141343.00,A,D*70
1780409624.320,$GNRMC,141344.00,A,1339.01356,N,10029.57999,E,0.702,5.22,020626,0.53,W,F,V*4D
1780409624.322,$GNVTG,5.22,T,5.75,M,0.702,N,1.300,K,D*3D
1780409624.322,$GNGGA,141344.00,1339.01356,N,10029.57999,E,5,12,0.63,2.5,M,-27.8,M,1.0,0499*43
1780409624.323,$GNGSA,A,3,10,26,28,31,32,25,01,,,,,,1.15,0.63,0.96,1*04
1780409624.324,$GNGSA,A,3,68,78,66,77,67,79,,,,,,,1.15,0.63,0.96,2*03
1780409624.324,$GNGSA,A,3,06,31,34,05,09,16,25,36,,,,,1.15,0.63,0.96,3*06
1780409624.325,$GNGSA,A,3,06,07,09,10,33,24,25,23,,,,,1.15,0.63,0.96,4*02
1780409624.326,$GPGSV,3,1,10,01,12,290,34,10,52,150,42,25,18,041,22,26,63,193,46,1*6E
1780409624.327,$GPGSV,3,2,10,28,44,359,44,31,51,313,37,32,42,041,47,41,64,233,46,1*64
1780409624.327,$GPGSV,3,3,10,42,70,217,47,50,56,115,43,1*67
1780409624.329,$GPGSV,2,1,08,01,12,290,37,10,52,150,39,23,14,148,18,25,18,041,26,6*62
1780409624.330,$GPGSV,2,2,08,26,63,193,45,28,44,359,46,31,51,313,36,32,42,041,43,6*60
1780409624.331,$GPGSV,2,1,06,02,16,264,,03,04,326,,16,30,197,,27,03,200,,0*6A
1780409624.332,$GPGSV,2,2,06,27,03,200,,29,05,093,,0*63
1780409624.332,$GLGSV,2,1,06,66,30,096,36,67,43,023,47,68,13,337,39,77,35,023,41,1*73
1780409624.333,$GLGSV,2,2,06,78,80,247,50,79,27,211,31,1*76
1780409624.334,$GLGSV,2,1,05,66,30,096,36,67,43,023,46,68,13,337,25,78,80,247,50,3*7F
1780409624.335,$GLGSV,2,2,05,79,27,211,30,3*45
1780409624.335,$GLGSV,1,1,03,81,02,194,,82,07,237,,83,01,284,,0*42
1780409624.336,$GAGSV,2,1,08,05,37,348,47,06,18,075,28,09,32,052,35,16,61,098,49,2*72
1780409624.337,$GAGSV,2,2,08,25,43,182,47,31,19,046,34,34,28,278,45,36,35,216,33,2*7E
1780409624.338,$GAGSV,2,1,06,05,37,348,43,09,32,052,28,16,61,098,45,25,43,182,43,7*76
1780409624.339,$GAGSV,2,2,06,34,28,278,42,36,35,216,28,7*7F
1780409624.339,$GAGSV,1,1,03,03,08,303,,04,02,092,,11,11,170,,0*47
1780409624.340,$GBGSV,2,1,08,06,64,138,47,07,50,006,48,09,84,031,48,10,58,351,46,1*7A
1780409624.341,$GBGSV,2,2,08,23,44,233,38,24,21,035,23,25,75,343,49,33,61,062,48,1*77
1780409624.342,$GBGSV,1,1,02,09,84,031,49,10,58,351,48,3*7B
1780409624.342,$GBGSV,2,1,08,01,42,107,,02,63,242,,03,71,140,,04,22,097,,0*74
1780409624.343,$GBGSV,2,2,08,04,22,097,,08,17,155,,13,10,199,,14,01,129,,0*76
1780409624.344,$GNGLL,1339.01356,N,10029.57999,E,141344.00,A,D*7D
1780409625.310,$GNRMC,141345.00,A,1339.01376,N,10029.58002,E,0.726,4.62,020626,0.53,W,F,V*49
1780409625.312,$GNVTG,4.62,T,5.15,M,0.726,N,1.344,K,D*38
1780409625.313,$GNGGA,141345.00,1339.01376,N,10029.58002,E,5,12,0.67,2.5,M,-27.8,M,1.0,0499*40
1780409625.314,$GNGSA,A,3,10,26,28,31,32,25,01,,,,,,1.22,0.67,1.02,1*08
1780409625.315,$GNGSA,A,3,68,78,66,77,67,79,,,,,,,1.22,0.67,1.02,2*0F
1780409625.315,$GNGSA,A,3,06,31,34,05,09,16,25,36,,,,,1.22,0.67,1.02,3*0A
1780409625.316,$GNGSA,A,3,06,07,09,10,33,24,25,23,,,,,1.22,0.67,1.02,4*0E
1780409625.316,$GPGSV,3,1,10,01,12,290,38,10,52,150,44,25,18,041,21,26,63,193,46,1*67
1780409625.317,$GPGSV,3,2,10,28,44,359,44,31,51,313,38,32,42,041,48,41,64,233,47,1*65
1780409625.318,$GPGSV,3,3,10,42,70,217,47,50,56,115,43,1*67
1780409625.320,$GPGSV,2,1,08,01,12,290,35,10,52,150,41,23,14,148,18,25,18,041,26,6*6F
1780409625.321,$GPGSV,2,2,08,26,63,193,44,28,44,359,46,31,51,313,29,32,42,041,44,6*68
1780409625.322,$GPGSV,2,1,06,02,16,264,,03,04,326,,16,30,197,,27,03,200,,0*6A
1780409625.322,$GPGSV,2,2,06,27,03,200,,29,05,093,,0*63
1780409625.323,$GLGSV,2,1,06,66,30,096,33,67,43,023,48,68,13,337,39,77,35,023,40,1*78
1780409625.324,$GLGSV,2,2,06,78,80,247,48,79,27,211,31,1*7F
1780409625.324,$GLGSV,2,1,05,66,30,096,38,67,43,023,47,68,13,337,30,78,80,247,48,3*7D
1780409625.325,$GLGSV,2,2,05,79,27,211,30,3*45
1780409625.326,$GLGSV,1,1,03,81,02,194,,82,07,237,,83,01,284,,0*42
1780409625.326,$GAGSV,2,1,08,05,37,348,51,06,18,075,27,09,32,052,40,16,61,098,50,2*70
1780409625.327,$GAGSV,2,2,08,25,43,182,48,31,19,046,28,34,28,278,45,36,35,216,38,2*77
1780409625.328,$GAGSV,2,1,05,05,37,348,42,09,32,052,33,16,61,098,45,25,43,182,42,7*7F
1780409625.329,$GAGSV,2,2,05,34,28,278,37,7*42
1780409625.330,$GAGSV,1,1,03,03,08,303,,04,02,092,,11,11,170,,0*47
1780409625.330,$GBGSV,2,1,08,06,64,138,48,07,50,006,47,09,84,031,47,10,58,351,44,1*77
1780409625.331,$GBGSV,2,2,08,23,44,233,40,24,21,035,25,25,75,343,49,33,61,062,49,1*7F
1780409625.332,$GBGSV,1,1,02,09,84,031,50,10,58,351,47,3*7C
1780409625.333,$GBGSV,2,1,08,01,42,107,,02,63,242,,03,71,140,,04,22,097,,0*74
1780409625.333,$GBGSV,2,2,08,04,22,097,,08,17,155,,13,10,199,,14,01,129,,0*76
1780409625.334,$GNGLL,1339.01376,N,10029.58002,E,141345.00,A,D*7A
1780409626.316,$GNRMC,141346.00,A,1339.01398,N,10029.58004,E,0.786,3.35,020626,0.53,W,F,V*43
1780409626.318,$GNVTG,3.35,T,3.88,M,0.786,N,1.455,K,D*32
1780409626.320,$GNGGA,141346.00,1339.01398,N,10029.58004,E,5,12,0.69,2.5,M,-27.8,M,1.0,0499*4B
1780409626.320,$GNGSA,A,3,10,26,28,31,32,25,01,,,,,,1.28,0.69,1.08,1*06
1780409626.321,$GNGSA,A,3,68,78,66,77,67,79,,,,,,,1.28,0.69,1.08,2*01
1780409626.322,$GNGSA,A,3,06,31,34,05,09,16,25,36,,,,,1.28,0.69,1.08,3*04
1780409626.322,$GNGSA,A,3,06,07,09,10,33,24,25,23,,,,,1.28,0.69,1.08,4*00
1780409626.323,$GPGSV,3,1,10,01,12,290,40,10,52,150,44,25,18,041,22,26,63,193,46,1*6B
1780409626.324,$GPGSV,3,2,10,28,44,359,44,31,51,313,32,32,42,041,46,41,64,233,46,1*60
1780409626.325,$GPGSV,3,3,10,42,70,217,47,50,56,115,41,1*65
1780409626.325,$GPGSV,2,1,08,01,12,290,33,10,52,150,42,23,14,148,19,25,18,041,24,6*69
1780409626.326,$GPGSV,2,2,08,26,63,193,45,28,44,359,44,31,51,313,30,32,42,041,43,6*64
1780409626.327,$GPGSV,2,1,06,02,16,264,,03,04,326,,16,30,197,,27,03,200,,0*6A
1780409626.328,$GPGSV,2,2,06,27,03,200,,29,05,093,,0*63
1780409626.328,$GLGSV,2,1,06,66,30,096,36,67,43,023,47,68,13,337,42,77,35,023,37,1*7E
1780409626.329,$GLGSV,2,2,06,78,80,247,48,79,27,211,26,1*79
1780409626.330,$GLGSV,2,1,05,66,30,096,38,67,43,023,47,68,13,337,37,78,80,247,48,3*7A
1780409626.330,$GLGSV,2,2,05,79,27,211,30,3*45
1780409626.331,$GLGSV,1,1,03,81,02,194,,82,07,237,,83,01,284,,0*42
1780409626.332,$GAGSV,2,1,08,05,37,348,48,06,18,075,27,09,32,052,37,16,61,098,52,2*7A
1780409626.333,$GAGSV,2,2,08,25,43,182,47,31,19,046,27,34,28,278,44,36,35,216,38,2*76
1780409626.334,$GAGSV,2,1,05,05,37,348,42,16,61,098,45,25,43,182,42,34,28,278,38,7*7B
1780409626.334,$GAGSV,2,2,05,36,35,216,35,7*46
1780409626.335,$GAGSV,1,1,03,03,08,303,,04,02,092,,11,11,170,,0*47
1780409626.336,$GBGSV,2,1,08,06,64,138,46,07,50,006,44,09,84,031,48,10,58,351,44,1*75
1780409626.337,$GBGSV,2,2,08,23,44,233,41,24,21,035,24,25,75,343,50,33,61,062,50,1*7F
1780409626.337,$GBGSV,1,1,02,09,84,031,51,10,58,351,48,3*72
1780409626.338,$GBGSV,2,1,08,01,42,107,,02,63,242,,03,71,140,,04,22,097,,0*74
1780409626.339,$GBGSV,2,2,08,04,22,097,,08,17,155,,13,10,199,,14,01,129,,0*76
1780409626.339,$GNGLL,1339.01398,N,10029.58004,E,141346.00,A,D*7F
1780409627.311,$GNRMC,141347.00,A,1339.01421,N,10029.58006,E,0.827,6.40,020626,0.53,W,F,V*46
1780409627.314,$GNVTG,6.40,T,6.93,M,0.827,N,1.532,K,D*3E
1780409627.315,$GNGGA,141347.00,1339.01421,N,10029.58006,E,5,12,0.64,2.5,M,-27.8,M,1.0,0499*40
1780409627.316,$GNGSA,A,3,10,26,28,31,32,25,01,,,,,,1.19,0.64,1.00,1*01
1780409627.316,$GNGSA,A,3,68,78,66,77,67,79,,,,,,,1.19,0.64,1.00,2*06
1780409627.317,$GNGSA,A,3,06,31,34,05,09,16,25,36,,,,,1.19,0.64,1.00,3*03
1780409627.318,$GNGSA,A,3,06,07,09,10,33,24,25,23,,,,,1.19,0.64,1.00,4*07
1780409627.318,$GPGSV,3,1,09,01,12,290,18,10,52,150,45,25,18,041,20,26,63,193,48,1*63
1780409627.320,$GPGSV,3,2,09,28,44,359,44,32,42,041,45,41,64,233,45,42,70,217,45,1*6A
1780409627.320,$GPGSV,3,3,09,50,56,115,41,1*5B
1780409627.321,$GPGSV,2,1,08,01,12,290,37,10,52,150,41,23,14,148,20,25,18,041,25,6*65
1780409627.322,$GPGSV,2,2,08,26,63,193,44,28,44,359,44,31,51,313,33,32,42,041,44,6*61
1780409627.323,$GPGSV,2,1,06,02,16,264,,03,04,326,,16,30,197,,27,03,200,,0*6A
1780409627.323,$GPGSV,2,2,06,27,03,200,,29,05,093,,0*63
1780409627.324,$GLGSV,2,1,06,66,30,096,36,67,43,023,48,68,13,337,40,77,35,023,42,1*71
1780409627.325,$GLGSV,2,2,06,78,80,247,48,79,27,211,32,1*7C
1780409627.326,$GLGSV,2,1,05,66,30,096,38,67,43,023,45,68,13,337,39,78,80,247,47,3*79
1780409627.326,$GLGSV,2,2,05,79,27,211,23,3*47
1780409627.327,$GLGSV,1,1,03,81,02,194,,82,07,237,,83,01,284,,0*42
1780409627.328,$GAGSV,2,1,08,05,37,348,48,06,18,075,27,09,32,052,32,16,61,098,52,2*7F
1780409627.329,$GAGSV,2,2,08,25,43,182,48,31,19,046,27,34,28,278,46,36,35,216,41,2*75
1780409627.330,$GAGSV,2,1,05,05,37,348,43,16,61,098,47,25,43,182,43,34,28,278,40,7*76
1780409627.330,$GAGSV,2,2,05,36,35,216,39,7*4A
1780409627.331,$GAGSV,1,1,03,03,08,303,,04,02,092,,11,11,170,,0*47
1780409627.332,$GBGSV,2,1,08,06,64,138,48,07,50,006,45,09,84,031,47,10,58,351,44,1*75
1780409627.333,$GBGSV,2,2,08,23,44,233,36,24,21,035,24,25,75,343,49,33,61,062,48,1*7E
1780409627.333,$GBGSV,1,1,02,09,84,031,49,10,58,351,46,3*75
1780409627.334,$GBGSV,2,1,08,01,42,107,,02,63,242,,03,71,140,,04,22,097,,0*74
1780409627.335,$GBGSV,2,2,08,04,22,097,,08,17,155,,13,10,199,,14,01,129,,0*76
1780409627.335,$GNGLL,1339.01421,N,10029.58006,E,141347.00,A,D*79
1780409628.313,$GNRMC,141348.00,A,1339.01443,N,10029.58008,E,0.746,2.62,020626,0.53,W,F,V*4F
1780409628.315,$GNVTG,2.62,T,3.14,M,0.746,N,1.381,K,D*36
1780409628.316,$GNGGA,141348.00,1339.01443,N,10029.58008,E,5,12,0.66,2.4,M,-27.8,M,1.0,0499*46
1780409628.316,$GNGSA,A,3,10,16,26,28,31,32,02,25,01,,,,1.23,0.66,1.03,1*0C
1780409628.317,$GNGSA,A,3,68,78,66,77,67,79,,,,,,,1.23,0.66,1.03,2*0E
1780409628.318,$GNGSA,A,3,06,31,34,05,09,16,25,36,,,,,1.23,0.66,1.03,3*0B
1780409628.318,$GNGSA,A,3,06,07,09,10,33,25,23,,,,,,1.23,0.66,1.03,4*09
1780409628.319,$GPGSV,3,1,12,01,12,290,38,02,16,264,31,10,52,150,47,16,30,197,30,1*69
1780409628.320,$GPGSV,3,2,12,25,18,041,21,26,63,193,46,28,44,359,43,31,51,313,32,1*62
1780409628.321,$GPGSV,3,3,12,32,42,041,44,41,64,233,45,42,70,217,45,50,56,115,41,1*63
1780409628.322,$GPGSV,2,1,08,01,12,290,34,10,52,150,43,23,14,148,19,25,18,041,23,6*68
1780409628.323,$GPGSV,2,2,08,26,63,193,45,28,44,359,46,31,51,313,22,32,42,041,41,6*67
1780409628.323,$GPGSV,1,1,04,03,04,326,,27,03,200,,29,05,093,,40,37,260,,0*65
1780409628.324,$GLGSV,2,1,06,66,30,096,29,67,43,023,48,68,13,337,35,77,35,023,42,1*7D
1780409628.325,$GLGSV,2,2,06,78,80,247,47,79,27,211,38,1*79
1780409628.326,$GLGSV,2,1,05,66,30,096,36,67,43,023,47,68,13,337,35,78,80,247,48,3*76
1780409628.326,$GLGSV,2,2,05,79,27,211,30,3*45
1780409628.327,$GLGSV,1,1,03,81,02,194,,82,07,237,,83,01,284,,0*42
1780409628.328,$GAGSV,2,1,08,05,37,348,49,06,18,075,27,09,32,052,35,16,61,098,52,2*79
1780409628.329,$GAGSV,2,2,08,25,43,182,47,31,19,046,26,34,28,278,40,36,35,216,27,2*7D
1780409628.330,$GAGSV,2,1,05,05,37,348,43,16,61,098,46,25,43,182,41,34,28,278,35,7*77
1780409628.330,$GAGSV,2,2,05,36,35,216,33,7*40
1780409628.331,$GAGSV,1,1,03,03,08,303,,04,02,092,,11,11,170,,0*47
1780409628.332,$GBGSV,2,1,08,06,64,138,47,07,50,006,45,09,84,031,46,10,58,351,46,1*79
1780409628.333,$GBGSV,2,2,08,23,44,233,43,24,21,035,23,25,75,343,49,33,61,062,49,1*7A
1780409628.333,$GBGSV,1,1,02,09,84,031,49,10,58,351,46,3*75
1780409628.334,$GBGSV,2,1,08,01,42,107,,02,63,242,,03,71,140,,04,22,097,,0*74
1780409628.335,$GBGSV,2,2,08,04,22,097,,08,17,155,,13,10,199,,14,01,129,,0*76
1780409628.335,$GNGLL,1339.01443,N,10029.58008,E,141348.00,A,D*7C
1780409629.319,$GNRMC,141349.00,A,1339.01465,N,10029.58010,E,0.816,2.28,020626,0.53,W,F,V*47
1780409629.321,$GNVTG,2.28,T,2.81,M,0.816,N,1.511,K,D*30
1780409629.322,$GNGGA,141349.00,1339.01465,N,10029.58010,E,5,12,0.66,2.4,M,-27.8,M,1.0,0499*4A
1780409629.323,$GNGSA,A,3,10,16,26,28,31,32,25,01,,,,,1.23,0.66,1.03,1*0E
1780409629.323,$GNGSA,A,3,68,78,66,77,67,79,,,,,,,1.23,0.66,1.03,2*0E
1780409629.324,$GNGSA,A,3,06,31,34,05,09,16,25,36,,,,,1.23,0.66,1.03,3*0B
1780409629.325,$GNGSA,A,3,06,07,09,10,33,24,25,23,,,,,1.23,0.66,1.03,4*0F
1780409629.325,$GPGSV,3,1,12,01,12,290,36,02,16,264,25,10,52,150,46,16,30,197,34,1*67
1780409629.326,$GPGSV,3,2,12,25,18,041,21,26,63,193,47,28,44,359,44,31,51,313,28,1*6F
1780409629.328,$GPGSV,3,3,12,32,42,041,44,41,64,233,44,42,70,217,47,50,56,115,42,1*63
1780409629.329,$GPGSV,2,1,08,01,12,290,39,10,52,150,43,23,14,148,19,25,18,041,22,6*64
1780409629.329,$GPGSV,2,2,08,26,63,193,47,28,44,359,45,31,51,313,23,32,42,041,38,6*69
1780409629.330,$GPGSV,1,1,04,03,04,326,,27,03,200,,29,05,093,,40,37,260,,0*65
1780409629.331,$GLGSV,2,1,06,66,30,098,36,67,43,023,45,68,13,337,41,77,35,023,41,1*70
1780409629.332,$GLGSV,2,2,06,78,80,247,48,79,27,211,39,1*77
1780409629.333,$GLGSV,2,1,05,66,30,098,38,67,43,023,45,68,13,337,37,78,80,247,49,3*77
1780409629.333,$GLGSV,2,2,05,79,27,211,34,3*41
1780409629.334,$GLGSV,1,1,03,81,02,194,,82,07,237,,83,01,284,,0*42
1780409629.335,$GAGSV,2,1,08,05,37,348,50,06,18,075,26,09,32,052,29,16,61,098,49,2*77
1780409629.335,$GAGSV,2,2,08,25,43,182,47,31,19,046,27,34,28,278,38,36,35,216,33,2*76
1780409629.336,$GAGSV,1,1,04,05,37,348,42,16,61,098,45,25,43,182,43,34,28,278,35,7*75
1780409629.337,$GAGSV,1,1,03,03,08,303,,04,02,092,,11,11,170,,0*47
1780409629.338,$GBGSV,2,1,08,06,64,138,47,07,50,006,45,09,84,031,46,10,58,351,46,1*79
1780409629.339,$GBGSV,2,2,08,23,44,233,45,24,21,035,33,25,75,343,49,33,61,062,50,1*75
1780409629.339,$GBGSV,1,1,02,09,84,031,49,10,58,351,48,3*7B
1780409629.340,$GBGSV,2,1,08,01,42,107,,02,63,242,,03,71,140,,04,22,097,,0*74
1780409629.341,$GBGSV,2,2,08,04,22,097,,08,17,155,,13,10,199,,14,01,129,,0*76
1780409629.342,$GNGLL,1339.01465,N,10029.58010,E,141349.00,A,D*70
1780409630.314,$GNRMC,141350.00,A,1339.01488,N,10029.58011,E,0.841,2.55,020626,0.53,W,F,V*45
1780409630.317,$GNVTG,2.55,T,3.08,M,0.841,N,1.557,K,D*3A
1780409630.319,$GNGGA,141350.00,1339.01488,N,10029.58011,E,5,12,0.66,2.4,M,-27.8,M,1.0,0499*40
1780409630.319,$GNGSA,A,3,10,26,28,31,32,25,01,,,,,,1.22,0.66,1.03,1*08
1780409630.320,$GNGSA,A,3,68,78,66,77,67,79,,,,,,,1.22,0.66,1.03,2*0F
1780409630.320,$GNGSA,A,3,06,31,34,05,09,16,25,36,,,,,1.22,0.66,1.03,3*0A
1780409630.321,$GNGSA,A,3,06,07,09,10,33,24,25,23,,,,,1.22,0.66,1.03,4*0E
1780409630.322,$GPGSV,3,1,11,01,12,290,36,02,16,264,25,10,52,150,47,25,18,041,23,1*63
1780409630.323,$GPGSV,3,2,11,26,63,193,48,28,44,359,44,31,51,313,28,32,42,041,45,1*68
1780409630.323,$GPGSV,3,3,11,41,64,233,49,42,70,217,47,50,56,115,41,1*5C
1780409630.325,$GPGSV,2,1,08,01,12,290,37,10,52,150,45,23,14,148,21,25,18,041,20,6*65
1780409630.326,$GPGSV,2,2,08,26,63,193,47,28,44,359,46,31,51,313,34,32,42,041,37,6*63
1780409630.327,$GPGSV,2,1,05,03,04,326,,16,30,197,,27,03,200,,29,05,093,,0*68
1780409630.327,$GPGSV,2,2,05,29,05,093,,0*54
1780409630.328,$GLGSV,2,1,06,66,30,098,36,67,43,024,46,68,13,337,40,77,35,023,42,1*76
1780409630.329,$GLGSV,2,2,06,78,80,247,49,79,27,211,40,1*78
1780409630.330,$GLGSV,2,1,05,66,30,098,38,67,43,024,44,68,13,337,39,78,80,247,49,3*7F
1780409630.330,$GLGSV,2,2,05,79,27,211,27,3*43
1780409630.331,$GLGSV,1,1,03,81,02,194,,82,07,237,,83,01,284,,0*42
1780409630.332,$GAGSV,2,1,08,05,37,348,48,06,18,075,32,09,32,052,33,16,61,098,50,2*78
1780409630.332,$GAGSV,2,2,08,25,43,182,48,31,19,046,26,34,28,278,41,36,35,216,27,2*73
1780409630.333,$GAGSV,1,1,04,05,37,348,42,16,61,098,46,25,43,182,44,34,28,278,35,7*71
1780409630.334,$GAGSV,1,1,03,03,08,303,,04,02,092,,11,11,170,,0*47
1780409630.335,$GBGSV,2,1,08,06,64,138,48,07,50,006,45,09,84,031,46,10,58,351,45,1*75
1780409630.335,$GBGSV,2,2,08,23,44,233,45,24,21,035,27,25,75,343,49,33,61,062,49,1*78
1780409630.336,$GBGSV,1,1,02,09,84,031,49,10,58,351,48,3*7B
1780409630.337,$GBGSV,2,1,08,01,42,107,,02,63,242,,03,71,140,,04,22,097,,0*74
1780409630.337,$GBGSV,2,2,08,04,22,097,,08,17,155,,13,10,199,,14,01,129,,0*76
1780409630.338,$GNGLL,1339.01488,N,10029.58011,E,141350.00,A,D*7A
1780409631.310,$GNRMC,141351.00,A,1339.01511,N,10029.58011,E,0.851,0.73,020626,0.53,W,F,V*42
1780409631.313,$GNVTG,0.73,T,1.26,M,0.851,N,1.577,K,D*31
1780409631.314,$GNGGA,141351.00,1339.01511,N,10029.58011,E,5,12,0.63,2.3,M,-27.8,M,1.0,0499*42
1780409631.315,$GNGSA,A,3,10,23,26,28,31,32,25,01,,,,,1.15,0.63,0.96,1*05
1780409631.315,$GNGSA,A,3,68,78,66,77,67,79,,,,,,,1.15,0.63,0.96,2*03
1780409631.316,$GNGSA,A,3,06,31,34,05,09,16,25,36,,,,,1.15,0.63,0.96,3*06
1780409631.316,$GNGSA,A,3,06,07,09,10,33,24,25,23,,,,,1.15,0.63,0.96,4*02
1780409631.317,$GPGSV,3,1,11,01,12,290,35,02,16,264,31,10,52,150,47,16,30,197,27,1*61
1780409631.318,$GPGSV,3,2,11,25,18,041,29,26,63,193,46,28,44,359,43,32,42,041,39,1*67
1780409631.319,$GPGSV,3,3,11,41,64,233,49,42,70,217,46,50,56,115,43,1*5F
1780409631.320,$GPGSV,2,1,08,01,12,290,35,10,52,150,44,23,14,148,23,25,18,041,19,6*6E
1780409631.321,$GPGSV,2,2,08,26,63,193,45,28,44,359,46,31,51,313,26,32,42,041,36,6*63
1780409631.322,$GPGSV,1,1,04,03,04,326,,27,03,200,,29,05,093,,40,37,260,,0*65
1780409631.323,$GLGSV,2,1,06,66,30,098,35,67,43,024,44,68,13,338,37,77,35,023,41,1*7B
1780409631.323,$GLGSV,2,2,06,78,80,247,47,79,27,211,35,1*74
1780409631.324,$GLGSV,2,1,05,66,30,098,36,67,43,024,45,68,13,338,42,78,80,247,48,3*72
1780409631.325,$GLGSV,2,2,05,79,27,211,31,3*44
1780409631.325,$GLGSV,1,1,03,81,02,194,,82,07,237,,83,01,284,,0*42
1780409631.326,$GAGSV,2,1,08,05,37,348,48,06,18,075,31,09,32,052,29,16,61,098,51,2*71
1780409631.327,$GAGSV,2,2,08,25,43,182,49,31,19,046,26,34,28,278,42,36,35,216,29,2*7F
1780409631.328,$GAGSV,2,1,05,05,37,348,43,06,18,075,21,16,61,098,47,25,43,182,44,7*7B
1780409631.328,$GAGSV,2,2,05,34,28,278,39,7*4C
1780409631.329,$GAGSV,1,1,03,03,08,303,,04,02,092,,11,11,170,,0*47
1780409631.330,$GBGSV,2,1,08,06,64,138,47,07,50,006,45,09,84,031,46,10,58,351,46,1*79
1780409631.331,$GBGSV,2,2,08,23,44,233,47,24,21,035,36,25,75,343,48,33,61,062,49,1*7B
1780409631.331,$GBGSV,1,1,02,09,84,031,49,10,58,351,47,3*74
1780409631.332,$GBGSV,2,1,08,01,42,107,,02,63,242,,03,71,140,,04,22,097,,0*74
1780409631.333,$GBGSV,2,2,08,04,22,097,,08,17,155,,13,10,199,,14,01,129,,0*76
1780409631.333,$GNGLL,1339.01511,N,10029.58011,E,141351.00,A,D*7A
1780409632.314,$GNRMC,141352.00,A,1339.01537,N,10029.58011,E,0.934,355.82,020626,0.53,W,F,V*4A
1780409632.316,$GNVTG,355.82,T,356.35,M,0.934,N,1.730,K,D*3C
1780409632.317,$GNGGA,141352.00,1339.01537,N,10029.58011,E,5,12,0.58,2.3,M,-27.8,M,1.0,0499*4D
1780409632.318,$GNGSA,A,3,10,16,02,26,28,31,32,25,01,,,,1.06,0.58,0.89,1*05
1780409632.318,$GNGSA,A,3,68,78,66,77,67,79,,,,,,,1.06,0.58,0.89,2*07
1780409632.319,$GNGSA,A,3,06,34,05,09,16,25,36,,,,,,1.06,0.58,0.89,3*00
1780409632.320,$GNGSA,A,3,06,07,09,10,33,24,25,23,,,,,1.06,0.58,0.89,4*06
1780409632.321,$GPGSV,3,1,12,01,12,290,32,02,16,264,27,10,52,150,48,16,30,197,31,1*6A
1780409632.322,$GPGSV,3,2,12,25,18,041,28,26,63,193,46,28,44,359,45,31,51,313,35,1*6A
1780409632.323,$GPGSV,3,3,12,32,42,041,42,41,64,233,48,42,70,217,46,50,56,115,42,1*68
1780409632.323,$GPGSV,2,1,07,01,12,290,34,10,52,150,45,25,18,041,20,26,63,193,43,6*6E
1780409632.324,$GPGSV,2,2,07,28,44,359,45,31,51,313,37,32,42,041,36,6*54
1780409632.325,$GPGSV,2,1,05,03,04,326,,23,14,148,,27,03,200,,29,05,093,,0*6A
1780409632.326,$GPGSV,2,2,05,29,05,093,,0*54
1780409632.326,$GLGSV,2,1,06,66,30,098,27,67,43,024,43,68,13,338,36,77,35,023,44,1*7B
1780409632.327,$GLGSV,2,2,06,78,80,247,48,79,27,211,35,1*7B
1780409632.328,$GLGSV,2,1,05,66,30,098,32,67,43,024,41,68,13,338,43,78,80,247,47,3*7C
1780409632.329,$GLGSV,2,2,05,79,27,211,29,3*4D
1780409632.329,$GLGSV,1,1,03,81,02,194,,82,07,237,,83,01,284,,0*42
1780409632.330,$GAGSV,2,1,08,05,37,348,48,06,18,075,35,09,32,052,30,16,61,098,50,2*7C
1780409632.331,$GAGSV,2,2,08,25,43,182,47,31,19,046,24,34,28,278,39,36,35,216,36,2*71
1780409632.332,$GAGSV,2,1,05,05,37,348,44,06,18,075,25,16,61,098,46,25,43,182,42,7*7F
1780409632.333,$GAGSV,2,2,05,34,28,278,31,7*44
1780409632.333,$GAGSV,1,1,03,03,08,303,,04,02,092,,11,11,170,,0*47
1780409632.334,$GBGSV,2,1,08,06,64,138,46,07,50,006,45,09,84,031,47,10,58,351,46,1*79
1780409632.335,$GBGSV,2,2,08,23,44,233,45,24,21,035,26,25,75,343,51,33,61,062,49,1*70
1780409632.336,$GBGSV,1,1,02,09,84,031,49,10,58,351,46,3*75
1780409632.337,$GBGSV,2,1,08,01,42,107,,02,63,242,,03,71,140,,04,22,097,,0*74
1780409632.337,$GBGSV,2,2,08,04,22,097,,08,17,155,,13,10,199,,14,01,129,,0*76
1780409632.338,$GNGLL,1339.01537,N,10029.58011,E,141352.00,A,D*7D
1780409633.315,$GNRMC,141353.00,A,1339.01561,N,10029.58010,E,0.767,355.51,020626,0.53,W,F,V*4F
1780409633.318,$GNVTG,355.51,T,356.04,M,0.767,N,1.420,K,D*3A
1780409633.319,$GNGGA,141353.00,1339.01561,N,10029.58010,E,5,12,0.61,2.3,M,-27.8,M,1.0,0499*44
1780409633.320,$GNGSA,A,3,10,16,26,28,31,32,25,01,,,,,1.11,0.61,0.93,1*00
1780409633.320,$GNGSA,A,3,68,78,66,77,67,79,,,,,,,1.11,0.61,0.93,2*00
1780409633.321,$GNGSA,A,3,06,34,05,09,16,25,36,,,,,,1.11,0.61,0.93,3*07
1780409633.321,$GNGSA,A,3,06,07,09,10,33,24,25,23,,,,,1.11,0.61,0.93,4*01
1780409633.322,$GPGSV,3,1,12,01,12,290,32,02,16,264,31,10,52,150,48,16,30,197,28,1*65
1780409633.323,$GPGSV,3,2,12,25,18,041,28,26,63,193,46,28,44,359,44,31,51,313,32,1*6C
1780409633.324,$GPGSV,3,3,12,32,42,041,43,41,64,233,45,42,70,217,46,50,56,115,42,1*64
1780409633.325,$GPGSV,2,1,07,01,12,290,31,10,52,150,46,25,18,041,20,26,63,193,44,6*6F
1780409633.326,$GPGSV,2,2,07,28,44,359,44,31,51,313,26,32,42,041,35,6*56
1780409633.327,$GPGSV,2,1,05,03,04,326,,23,14,148,,27,03,200,,29,05,093,,0*6A
1780409633.327,$GPGSV,2,2,05,29,05,093,,0*54
1780409633.328,$GLGSV,2,1,06,66,30,098,31,67,43,024,47,68,13,338,40,77,35,023,43,1*7E
1780409633.329,$GLGSV,2,2,06,78,80,247,48,79,27,211,36,1*78
1780409633.330,$GLGSV,2,1,05,66,30,098,28,67,43,024,43,68,13,338,44,78,80,247,48,3*7D
1780409633.330,$GLGSV,2,2,05,79,27,211,33,3*46
1780409633.331,$GLGSV,1,1,03,81,02,194,,82,07,237,,83,01,284,,0*42
1780409633.332,$GAGSV,2,1,08,05,37,348,49,06,18,075,26,09,32,052,37,16,61,098,49,2*70
1780409633.333,$GAGSV,2,2,08,25,43,182,47,31,19,046,31,34,28,278,39,36,35,216,29,2*7B
1780409633.333,$GAGSV,2,1,06,05,37,348,43,06,18,075,25,16,61,098,46,25,43,182,44,7*7D
1780409633.334,$GAGSV,2,2,06,34,28,278,37,36,35,216,35,7*71
1780409633.335,$GAGSV,1,1,03,03,08,303,,04,02,092,,11,11,170,,0*47
1780409633.336,$GBGSV,2,1,08,06,64,138,47,07,50,006,44,09,84,031,47,10,58,351,46,1*79
1780409633.336,$GBGSV,2,2,08,23,44,233,47,24,21,035,25,25,75,343,49,33,61,062,49,1*78
1780409633.337,$GBGSV,1,1,02,09,84,031,48,10,58,351,48,3*7A
1780409633.338,$GBGSV,2,1,08,01,42,107,,02,63,242,,03,71,140,,04,22,097,,0*74
1780409633.339,$GBGSV,2,2,08,04,22,097,,08,17,155,,13,10,199,,14,01,129,,0*76
1780409633.339,$GNGLL,1339.01561,N,10029.58010,E,141353.00,A,D*7E
1780409634.311,$GNRMC,141354.00,A,1339.01582,N,10029.58009,E,0.777,354.73,020626,0.53,W,F,V*4D
1780409634.314,$GNVTG,354.73,T,355.25,M,0.777,N,1.439,K,D*32
1780409634.315,$GNGGA,141354.00,1339.01582,N,10029.58009,E,5,12,0.64,2.3,M,-27.8,M,1.0,0499*43
1780409634.316,$GNGSA,A,3,10,26,28,31,32,25,01,,,,,,1.19,0.64,1.00,1*01
1780409634.316,$GNGSA,A,3,68,78,66,77,67,79,,,,,,,1.19,0.64,1.00,2*06
1780409634.317,$GNGSA,A,3,06,31,34,05,09,16,25,36,,,,,1.19,0.64,1.00,3*03
1780409634.318,$GNGSA,A,3,06,07,09,10,33,24,25,23,,,,,1.19,0.64,1.00,4*07
1780409634.318,$GPGSV,3,1,11,01,12,290,36,02,16,264,24,10,52,150,48,25,18,041,27,1*69
1780409634.319,$GPGSV,3,2,11,26,63,193,47,28,44,359,43,31,51,313,38,32,42,041,42,1*66
1780409634.320,$GPGSV,3,3,11,41,64,233,44,42,70,217,46,50,56,115,42,1*53
1780409634.321,$GPGSV,1,1,01,23,14,148,19,5*50
1780409634.322,$GPGSV,2,1,07,01,12,290,31,10,52,150,46,25,18,041,22,26,63,193,46,6*6F
1780409634.322,$GPGSV,2,2,07,28,44,359,44,31,51,313,34,32,42,041,39,6*59
1780409634.323,$GPGSV,2,1,05,03,04,326,,16,30,197,,27,03,200,,29,05,093,,0*68
1780409634.324,$GPGSV,2,2,05,29,05,093,,0*54
1780409634.324,$GLGSV,2,1,06,66,30,098,25,67,43,024,45,68,13,338,39,77,35,023,41,1*75
1780409634.325,$GLGSV,2,2,06,78,80,247,47,79,27,211,40,1*76
1780409634.326,$GLGSV,2,1,05,66,30,098,33,67,43,024,43,68,13,338,40,78,80,247,47,3*7C
1780409634.327,$GLGSV,2,2,05,79,27,211,36,3*43
1780409634.327,$GLGSV,1,1,03,81,02,194,,82,07,237,,83,01,284,,0*42
1780409634.328,$GAGSV,2,1,08,05,37,348,47,06,18,075,26,09,32,052,34,16,61,098,50,2*75
1780409634.329,$GAGSV,2,2,08,25,43,182,47,31,19,046,25,34,28,278,31,36,35,216,29,2*76
1780409634.330,$GAGSV,1,1,04,05,37,348,44,16,61,098,46,25,43,182,44,34,28,278,33,7*71
1780409634.331,$GAGSV,1,1,03,03,08,303,,04,02,092,,11,11,170,,0*47
1780409634.331,$GBGSV,2,1,08,06,64,138,46,07,50,006,45,09,84,031,47,10,58,351,44,1*7B
1780409634.332,$GBGSV,2,2,08,23,44,233,46,24,21,035,25,25,75,343,50,33,61,062,50,1*79
1780409634.333,$GBGSV,1,1,02,09,84,031,49,10,58,351,48,3*7B
1780409634.334,$GBGSV,2,1,08,01,42,107,,02,63,242,,03,71,140,,04,22,097,,0*74
1780409634.334,$GBGSV,2,2,08,04,22,097,,08,17,155,,13,10,199,,14,01,129,,0*76
1780409634.335,$GNGLL,1339.01582,N,10029.58009,E,141354.00,A,D*7C
1780409635.315,$GNRMC,141355.00,A,1339.01604,N,10029.58007,E,0.783,351.62,020626,0.53,W,F,V*41
1780409635.319,$GNVTG,351.62,T,352.15,M,0.783,N,1.450,K,D*37
1780409635.319,$GNGGA,141355.00,1339.01604,N,10029.58007,E,5,12,0.69,2.3,M,-27.8,M,1.0,0499*4C
1780409635.320,$GNGSA,A,3,16,10,26,28,31,32,25,01,,,,,1.32,0.69,1.12,1*01
1780409635.320,$GNGSA,A,3,68,78,66,77,67,79,,,,,,,1.32,0.69,1.12,2*01
1780409635.321,$GNGSA,A,3,31,34,05,09,16,25,36,,,,,,1.32,0.69,1.12,3*02
1780409635.322,$GNGSA,A,3,06,07,09,10,33,24,25,23,,,,,1.32,0.69,1.12,4*00
1780409635.322,$GPGSV,3,1,12,01,12,290,33,02,16,264,24,10,52,150,48,16,30,197,31,1*68
1780409635.323,$GPGSV,3,2,12,25,18,041,25,26,63,193,46,28,44,359,42,31,51,313,38,1*6D
1780409635.324,$GPGSV,3,3,12,32,42,041,41,41,64,233,48,42,70,217,44,50,56,115,43,1*68
1780409635.325,$GPGSV,2,1,08,01,12,290,34,10,52,150,45,23,14,148,23,25,18,041,25,6*61
1780409635.326,$GPGSV,2,2,08,26,63,193,47,28,44,359,44,31,51,313,39,32,42,041,41,6*6D
1780409635.327,$GPGSV,1,1,04,03,04,326,,27,03,200,,29,05,093,,40,37,260,,0*65
1780409635.327,$GLGSV,2,1,06,66,30,098,34,67,43,024,45,68,13,338,42,77,35,023,41,1*79
1780409635.328,$GLGSV,2,2,06,78,80,247,48,79,27,211,39,1*77
1780409635.329,$GLGSV,2,1,05,66,30,098,35,67,43,024,45,68,13,338,39,78,80,247,48,3*7D
1780409635.329,$GLGSV,2,2,05,79,27,211,36,3*43
1780409635.330,$GLGSV,1,1,03,81,02,194,,82,07,237,,83,01,284,,0*42
1780409635.330,$GAGSV,2,1,08,05,37,348,50,06,18,075,24,09,32,052,32,16,61,098,51,2*76
1780409635.331,$GAGSV,2,2,08,25,43,182,47,31,19,046,26,34,28,278,26,36,35,216,23,2*79
1780409635.332,$GAGSV,2,1,06,05,37,348,43,06,18,075,26,16,61,098,45,25,43,182,43,7*7A
1780409635.332,$GAGSV,2,2,06,34,28,278,38,36,35,216,34,7*7F
1780409635.333,$GAGSV,1,1,03,03,08,303,,04,02,092,,11,11,170,,0*47
1780409635.334,$GBGSV,2,1,08,06,64,138,47,07,50,006,46,09,84,031,48,10,58,351,45,1*77
1780409635.335,$GBGSV,2,2,08,23,44,233,44,24,21,035,25,25,75,343,50,33,61,062,50,1*7B
1780409635.335,$GBGSV,1,1,02,09,84,031,49,10,58,351,46,3*75
1780409635.336,$GBGSV,2,1,08,01,42,107,,02,63,242,,03,71,140,,04,22,097,,0*74
1780409635.337,$GBGSV,2,2,08,04,22,097,,08,17,155,,13,10,199,,14,01,129,,0*76
1780409635.337,$GNGLL,1339.01604,N,10029.58007,E,141355.00,A,D*7E
1780409636.322,$GNRMC,141356.00,A,1339.01628,N,10029.58004,E,0.985,352.07,020626,0.53,W,F,V*47
1780409636.324,$GNVTG,352.07,T,352.60,M,0.985,N,1.825,K,D*33
1780409636.325,$GNGGA,141356.00,1339.01628,N,10029.58004,E,5,12,0.61,2.3,M,-27.8,M,1.0,0499*4A
1780409636.326,$GNGSA,A,3,16,10,26,28,31,32,25,01,,,,,1.13,0.61,0.95,1*04
1780409636.326,$GNGSA,A,3,68,78,66,77,67,79,,,,,,,1.13,0.61,0.95,2*04
1780409636.327,$GNGSA,A,3,31,34,06,05,09,16,25,36,,,,,1.13,0.61,0.95,3*01
1780409636.327,$GNGSA,A,3,06,07,09,10,33,25,23,,,,,,1.13,0.61,0.95,4*03
1780409636.328,$GPGSV,3,1,12,01,12,290,35,02,16,264,31,10,52,150,46,16,30,197,32,1*67
1780409636.329,$GPGSV,3,2,12,25,18,041,24,26,63,193,47,28,44,359,44,31,51,313,41,1*65
1780409636.330,$GPGSV,3,3,12,32,42,041,42,41,64,233,46,42,70,217,48,50,56,115,42,1*68
1780409636.331,$GPGSV,2,1,08,01,12,290,37,10,52,150,45,23,14,148,22,25,18,041,23,6*65
1780409636.331,$GPGSV,2,2,08,26,63,193,45,28,44,359,45,31,51,313,39,32,42,041,37,6*6F
1780409636.332,$GPGSV,1,1,04,03,04,326,,27,03,200,,29,05,093,,40,37,260,,0*65
1780409636.333,$GLGSV,2,1,06,66,30,098,34,67,43,024,44,68,13,338,41,77,35,023,41,1*7B
1780409636.333,$GLGSV,2,2,06,78,80,247,48,79,27,211,42,1*7B
1780409636.334,$GLGSV,2,1,05,66,30,098,25,67,43,024,41,68,13,338,38,78,80,247,49,3*78
1780409636.335,$GLGSV,2,2,05,79,27,211,33,3*46
1780409636.335,$GLGSV,1,1,03,81,02,194,,82,07,237,,83,01,284,,0*42
1780409636.336,$GAGSV,2,1,08,05,37,348,49,06,18,075,30,09,32,052,32,16,61,098,52,2*78
1780409636.337,$GAGSV,2,2,08,25,43,182,48,31,19,046,30,34,28,278,32,36,35,216,38,2*7E
1780409636.337,$GAGSV,2,1,06,05,37,348,41,06,18,075,25,16,61,098,46,25,43,182,43,7*78
1780409636.338,$GAGSV,2,2,06,34,28,278,31,36,35,216,35,7*77
1780409636.339,$GAGSV,1,1,03,03,08,303,,04,02,092,,11,11,170,,0*47
1780409636.339,$GBGSV,2,1,08,06,64,138,48,07,50,006,45,09,84,031,46,10,58,351,46,1*76
1780409636.340,$GBGSV,2,2,08,23,44,233,47,24,21,035,24,25,75,343,50,33,61,062,50,1*79
1780409636.341,$GBGSV,1,1,02,09,84,031,49,10,58,351,46,3*75
1780409636.341,$GBGSV,2,1,08,01,42,107,,02,63,242,,03,71,140,,04,22,097,,0*74
1780409636.342,$GBGSV,2,2,08,04,22,097,,08,17,155,,13,10,199,,14,01,129,,0*76
1780409636.342,$GNGLL,1339.01628,N,10029.58004,E,141356.00,A,D*70
1780409637.319,$GNRMC,141357.00,A,1339.01653,N,10029.58001,E,0.815,353.90,020626,0.53,W,F,V*48
1780409637.321,$GNVTG,353.90,T,354.43,M,0.815,N,1.510,K,D*38
1780409637.323,$GNGGA,141357.00,1339.01653,N,10029.58001,E,5,12,0.62,2.4,M,-27.8,M,1.0,0499*46
1780409637.324,$GNGSA,A,3,10,26,28,31,32,02,01,,,,,,1.13,0.62,0.94,1*04
1780409637.324,$GNGSA,A,3,68,78,66,77,67,79,,,,,,,1.13,0.62,0.94,2*06
1780409637.325,$GNGSA,A,3,31,34,06,05,09,16,25,36,,,,,1.13,0.62,0.94,3*03
1780409637.326,$GNGSA,A,3,24,06,07,09,10,33,25,23,,,,,1.13,0.62,0.94,4*07
1780409637.326,$GPGSV,3,1,12,01,12,290,32,02,16,264,35,10,52,150,44,16,30,197,36,1*62
1780409637.327,$GPGSV,3,2,12,25,18,041,23,26,63,193,45,28,44,359,44,31,51,313,44,1*65
1780409637.328,$GPGSV,3,3,12,32,42,041,41,41,64,233,42,42,70,217,49,50,56,115,44,1*68
1780409637.329,$GPGSV,2,1,08,01,12,290,32,10,52,150,44,23,14,148,22,25,18,041,22,6*60
1780409637.330,$GPGSV,2,2,08,26,63,193,48,28,44,359,45,31,51,313,40,32,42,041,38,6*63
1780409637.331,$GPGSV,1,1,04,03,04,326,,27,03,200,,29,05,093,,40,37,260,,0*65
1780409637.332,$GLGSV,2,1,06,66,30,098,37,67,43,024,42,68,13,338,35,77,35,023,39,1*72
1780409637.332,$GLGSV,2,2,06,78,80,247,48,79,27,211,42,1*7B
1780409637.333,$GLGSV,2,1,05,66,30,098,37,67,43,024,43,68,13,338,41,78,80,247,50,3*7F
1780409637.334,$GLGSV,2,2,05,79,27,211,34,3*41
1780409637.335,$GLGSV,1,1,03,81,02,194,,82,07,237,,83,01,284,,0*42
1780409637.335,$GAGSV,2,1,08,05,37,348,48,06,18,075,26,09,32,052,35,16,61,098,52,2*79
1780409637.336,$GAGSV,2,2,08,25,43,182,48,31,19,046,29,34,28,278,32,36,35,216,45,2*7C
1780409637.337,$GAGSV,2,1,06,05,37,348,44,09,32,052,33,16,61,098,47,25,43,182,43,7*79
1780409637.338,$GAGSV,2,2,06,34,28,278,39,36,35,216,32,7*78
1780409637.339,$GAGSV,1,1,03,03,08,303,,04,02,092,,11,11,170,,0*47
1780409637.339,$GBGSV,2,1,08,06,64,138,47,07,50,006,45,09,84,031,46,10,58,351,46,1*79
1780409637.340,$GBGSV,2,2,08,23,44,233,35,24,21,035,29,25,75,343,50,33,61,062,49,1*79
1780409637.341,$GBGSV,1,1,02,09,84,031,49,10,58,351,47,3*74
1780409637.342,$GBGSV,2,1,08,01,42,107,,02,63,242,,03,71,140,,04,22,097,,0*74
1780409637.342,$GBGSV,2,2,08,04,22,097,,08,17,155,,13,10,199,,14,01,129,,0*76
1780409637.343,$GNGLL,1339.01653,N,10029.58001,E,141357.00,A,D*78
1780409638.318,$GNRMC,141358.00,A,1339.01677,N,10029.58000,E,0.880,351.75,020626,0.53,W,F,V*45
1780409638.320,$GNVTG,351.75,T,352.28,M,0.880,N,1.629,K,D*3F
1780409638.321,$GNGGA,141358.00,1339.01677,N,10029.58000,E,5,12,0.64,2.4,M,-27.8,M,1.0,0499*48
1780409638.323,$GNGSA,A,3,10,23,26,28,31,32,16,02,01,,,,1.20,0.64,1.01,1*09
1780409638.324,$GNGSA,A,3,68,78,66,77,67,79,,,,,,,1.20,0.64,1.01,2*0D
1780409638.324,$GNGSA,A,3,34,05,09,16,25,36,,,,,,,1.20,0.64,1.01,3*0C
1780409638.325,$GNGSA,A,3,24,06,07,09,10,33,25,23,,,,,1.20,0.64,1.01,4*0C
1780409638.325,$GPGSV,3,1,12,01,12,290,37,02,16,264,37,10,52,150,46,16,30,197,38,1*69
1780409638.326,$GPGSV,3,2,12,25,18,041,21,26,63,193,47,28,44,359,46,31,51,313,39,1*6D
1780409638.327,$GPGSV,3,3,12,32,42,041,43,41,64,233,45,42,70,217,46,50,56,115,43,1*65
1780409638.327,$GPGSV,2,1,08,01,12,290,42,10,52,150,44,23,14,148,24,25,18,041,23,6*60
1780409638.328,$GPGSV,2,2,08,26,63,193,43,28,44,359,43,31,51,313,39,32,42,041,39,6*61
1780409638.329,$GPGSV,1,1,04,03,04,326,,27,03,200,,29,05,093,,40,37,260,,0*65
1780409638.329,$GLGSV,2,1,06,66,30,098,35,67,43,024,42,68,13,338,38,77,35,023,38,1*7C
1780409638.330,$GLGSV,2,2,06,78,80,247,47,79,27,211,40,1*76
1780409638.330,$GLGSV,2,1,05,66,30,098,38,67,43,024,46,68,13,338,41,78,80,247,49,3*7D
1780409638.331,$GLGSV,2,2,05,79,27,211,32,3*47
1780409638.332,$GLGSV,1,1,03,81,02,194,,82,07,237,,83,01,284,,0*42
1780409638.332,$GAGSV,2,1,07,05,37,348,48,06,18,075,24,09,32,052,28,16,61,098,51,2*7B
1780409638.333,$GAGSV,2,2,07,25,43,182,48,34,28,278,33,36,35,216,44,2*40
1780409638.334,$GAGSV,2,1,05,05,37,348,43,16,61,098,44,25,43,182,45,34,28,278,31,7*75
1780409638.334,$GAGSV,2,2,05,36,35,216,35,7*46
1780409638.335,$GAGSV,1,1,04,03,08,303,,04,02,092,,11,11,170,,31,19,046,,0*78
1780409638.335,$GBGSV,2,1,08,06,64,138,46,07,50,006,46,09,84,031,46,10,58,351,46,1*7B
1780409638.336,$GBGSV,2,2,08,23,44,233,44,24,21,035,29,25,75,343,48,33,61,062,49,1*76
1780409638.336,$GBGSV,1,1,02,09,84,031,49,10,58,351,49,3*7A
1780409638.337,$GBGSV,2,1,08,01,42,107,,02,63,242,,03,71,140,,04,22,097,,0*74
1780409638.338,$GBGSV,2,2,08,04,22,097,,08,17,155,,13,10,199,,14,01,129,,0*76
1780409638.338,$GNGLL,1339.01677,N,10029.58000,E,141358.00,A,D*70
1780409639.321,$GNRMC,141359.00,A,1339.01701,N,10029.57998,E,0.822,355.79,020626,0.53,W,F,V*43
1780409639.323,$GNVTG,355.79,T,356.32,M,0.822,N,1.523,K,D*39
1780409639.325,$GNGGA,141359.00,1339.01701,N,10029.57998,E,5,12,0.64,2.4,M,-27.8,M,1.0,0499*4E
1780409639.327,$GNGSA,A,3,10,25,26,28,31,32,16,02,01,,,,1.20,0.64,1.01,1*0F
1780409639.328,$GNGSA,A,3,68,78,66,77,67,79,,,,,,,1.20,0.64,1.01,2*0D
1780409639.330,$GNGSA,A,3,34,05,09,16,25,36,,,,,,,1.20,0.64,1.01,3*0C
1780409639.331,$GNGSA,A,3,24,06,07,09,10,33,25,23,,,,,1.20,0.64,1.01,4*0C
1780409639.333,$GPGSV,3,1,12,01,12,290,41,02,16,264,34,10,52,150,48,16,30,197,33,1*6E
1780409639.335,$GPGSV,3,2,12,25,18,041,20,26,63,193,42,28,44,359,45,31,51,313,42,1*66
1780409639.337,$GPGSV,3,3,12,32,42,041,44,41,64,233,44,42,70,217,41,50,56,115,41,1*66
1780409639.339,$GPGSV,2,1,07,01,12,290,44,10,52,150,43,25,18,041,25,26,63,193,45,6*6C
1780409639.341,$GPGSV,2,2,07,28,44,359,44,31,51,313,38,32,42,041,40,6*5B
1780409639.343,$GPGSV,2,1,05,03,04,326,,23,14,148,,27,03,200,,29,05,093,,0*6A
1780409639.344,$GPGSV,2,2,05,29,05,093,,0*54
1780409639.346,$GLGSV,2,1,06,66,30,098,39,67,43,024,47,68,13,338,33,77,35,023,38,1*7E
1780409639.348,$GLGSV,2,2,06,78,80,247,46,79,27,211,42,1*75
1780409639.351,$GLGSV,2,1,05,66,30,098,36,67,43,024,44,68,13,338,38,78,80,247,48,3*7E
1780409639.351,$GLGSV,2,2,05,79,27,211,31,3*44
1780409639.353,$GLGSV,1,1,03,81,02,194,,82,07,237,,83,01,284,,0*42
1780409639.354,$GAGSV,2,1,08,05,37,348,49,06,18,075,25,09,32,052,36,16,61,098,51,2*7B
1780409639.355,$GAGSV,2,2,08,25,43,182,50,31,19,046,32,34,28,278,36,36,35,216,43,2*7D
1780409639.356,$GAGSV,2,1,05,05,37,348,42,09,32,052,28,16,61,098,45,25,43,182,44,7*73
1780409639.357,$GAGSV,2,2,05,34,28,278,31,7*44
1780409639.358,$GAGSV,1,1,03,03,08,303,,04,02,092,,11,11,170,,0*47
1780409639.359,$GBGSV,2,1,08,06,64,138,47,07,50,006,46,09,84,031,46,10,58,351,46,1*7A
1780409639.360,$GBGSV,2,2,08,23,44,233,40,24,21,035,34,25,75,343,48,33,61,062,49,1*7E
1780409639.361,$GBGSV,1,1,02,09,84,031,48,10,58,351,46,3*74
1780409639.361,$GBGSV,2,1,08,01,42,107,,02,63,242,,03,71,140,,04,22,097,,0*74
1780409639.362,$GBGSV,2,2,08,04,22,097,,08,17,155,,13,10,199,,14,01,129,,0*76
1780409639.363,$GNGLL,1339.01701,N,10029.57998,E,141359.00,A,D*76
1780409640.310,$GNRMC,141400.00,A,1339.01724,N,10029.57996,E,0.802,355.55,020626,0.53,W,F,V*4D
1780409640.311,$GNVTG,355.55,T,356.08,M,0.802,N,1.486,K,D*32
1780409640.312,$GNGGA,141400.00,1339.01724,N,10029.57996,E,5,12,0.66,2.4,M,-27.8,M,1.0,0499*4E
1780409640.313,$GNGSA,A,3,10,25,26,28,31,32,16,02,01,,,,1.25,0.66,1.06,1*0F
1780409640.313,$GNGSA,A,3,68,78,66,77,67,79,,,,,,,1.25,0.66,1.06,2*0D
1780409640.314,$GNGSA,A,3,31,34,05,09,16,25,36,,,,,,1.25,0.66,1.06,3*0E
1780409640.314,$GNGSA,A,3,06,07,09,10,33,25,23,,,,,,1.25,0.66,1.06,4*0A
1780409640.315,$GPGSV,3,1,12,01,12,290,37,02,16,264,34,10,52,150,48,16,30,197,36,1*6A
1780409640.316,$GPGSV,3,2,12,25,18,041,21,26,63,193,45,28,44,359,45,31,51,313,38,1*6D
1780409640.316,$GPGSV,3,3,12,32,42,041,43,41,64,233,44,42,70,217,46,50,56,115,42,1*65
1780409640.317,$GPGSV,2,1,07,01,12,290,44,10,52,150,42,25,18,041,22,26,63,193,47,6*68
1780409640.318,$GPGSV,2,2,07,28,44,359,41,31,51,313,38,32,42,041,38,6*51
1780409640.318,$GPGSV,2,1,05,03,04,326,,23,14,148,,27,03,200,,29,05,093,,0*6A
1780409640.319,$GPGSV,2,2,05,29,05,093,,0*54
1780409640.319,$GLGSV,2,1,06,66,30,098,40,67,43,024,47,68,13,338,36,77,34,023,42,1*79
1780409640.320,$GLGSV,2,2,06,78,80,247,45,79,27,211,37,1*74
1780409640.321,$GLGSV,2,1,05,66,30,098,36,67,43,024,47,68,13,338,38,78,80,247,47,3*72
1780409640.321,$GLGSV,2,2,05,79,27,211,38,3*4D
1780409640.322,$GLGSV,1,1,03,81,02,194,,82,07,237,,83,01,284,,0*42
1780409640.322,$GAGSV,2,1,08,05,37,348,47,06,18,075,24,09,32,052,29,16,61,098,50,2*7B
1780409640.323,$GAGSV,2,2,08,25,43,182,48,31,19,046,28,34,28,278,30,36,35,216,40,2*7A
1780409640.324,$GAGSV,2,1,05,05,37,348,41,16,61,098,44,25,43,182,44,34,28,278,30,7*77
1780409640.325,$GAGSV,2,2,05,36,35,216,36,7*45
1780409640.325,$GAGSV,1,1,03,03,08,303,,04,02,092,,11,11,170,,0*47
1780409640.326,$GBGSV,2,1,08,06,64,138,46,07,50,006,46,09,84,031,46,10,58,351,45,1*78
1780409640.326,$GBGSV,2,2,08,23,44,233,44,24,21,035,21,25,75,343,50,33,61,062,49,1*77
1780409640.327,$GBGSV,1,1,02,09,84,031,49,10,58,351,48,3*7B
1780409640.328,$GBGSV,2,1,08,01,42,107,,02,63,242,,03,71,140,,04,22,097,,0*74
1780409640.328,$GBGSV,2,2,08,04,22,097,,08,17,155,,13,10,199,,14,01,129,,0*76
1780409640.329,$GNGLL,1339.01724,N,10029.57996,E,141400.00,A,D*74
1780409641.323,$GNRMC,141401.00,A,1339.01746,N,10029.57995,E,0.676,355.00,020626,0.53,W,F,V*46
1780409641.325,$GNVTG,355.00,T,355.53,M,0.676,N,1.253,K,D*3C
1780409641.326,$GNGGA,141401.00,1339.01746,N,10029.57995,E,5,12,0.60,2.4,M,-27.8,M,1.0,0499*4E
1780409641.327,$GNGSA,A,3,10,26,28,31,32,16,02,01,,,,,1.11,0.60,0.94,1*03
1780409641.328,$GNGSA,A,3,68,78,66,77,67,79,,,,,,,1.11,0.60,0.94,2*06
1780409641.328,$GNGSA,A,3,31,06,34,05,09,16,25,36,,,,,1.11,0.60,0.94,3*03
1780409641.329,$GNGSA,A,3,06,07,09,10,33,25,23,,,,,,1.11,0.60,0.94,4*01
1780409641.329,$GPGSV,3,1,12,01,12,290,41,02,16,264,37,10,52,150,47,16,30,197,38,1*69
1780409641.330,$GPGSV,3,2,12,25,18,041,19,26,63,193,46,28,44,359,46,31,51,313,40,1*69
1780409641.330,$GPGSV,3,3,12,32,42,041,41,41,64,233,41,42,70,217,42,50,56,115,42,1*66
1780409641.331,$GPGSV,1,1,01,23,14,148,22,5*58
1780409641.332,$GPGSV,2,1,07,01,12,290,42,10,52,150,42,25,18,041,23,26,63,193,47,6*6F
1780409641.332,$GPGSV,2,2,07,28,44,359,45,31,51,313,42,32,42,041,39,6*59
1780409641.333,$GPGSV,1,1,04,03,04,326,,27,03,200,,29,05,093,,40,37,260,,0*65
1780409641.333,$GLGSV,2,1,06,66,30,098,39,67,43,024,44,68,13,338,33,77,34,023,43,1*70
1780409641.334,$GLGSV,2,2,06,78,81,255,48,79,27,211,37,1*7B
1780409641.335,$GLGSV,2,1,05,66,30,098,42,67,43,024,47,68,13,338,38,78,81,255,48,3*7C
1780409641.335,$GLGSV,2,2,05,79,27,211,42,3*40
1780409641.336,$GLGSV,1,1,03,81,02,194,,82,07,237,,83,01,284,,0*42
1780409641.336,$GAGSV,2,1,08,05,37,348,47,06,18,075,31,09,32,052,36,16,61,098,50,2*71
1780409641.337,$GAGSV,2,2,08,25,43,182,49,31,19,046,33,34,28,278,38,36,35,216,45,2*7C
1780409641.338,$GAGSV,2,1,07,05,37,348,43,06,18,075,27,16,61,098,44,25,43,182,44,7*7C
1780409641.338,$GAGSV,2,2,07,31,19,046,26,34,28,278,30,36,35,216,38,7*46
1780409641.339,$GAGSV,1,1,03,03,08,303,,04,02,092,,11,11,170,,0*47
1780409641.339,$GBGSV,2,1,08,06,64,138,48,07,50,006,46,09,84,031,47,10,58,351,45,1*77
1780409641.340,$GBGSV,2,2,08,23,44,233,48,24,21,035,29,25,75,343,49,33,61,062,49,1*7B
1780409641.341,$GBGSV,1,1,02,09,84,031,49,10,58,351,48,3*7B
1780409641.341,$GBGSV,2,1,08,01,42,107,,02,63,242,,03,71,140,,04,22,097,,0*74
1780409641.342,$GBGSV,2,2,08,04,22,097,,08,17,155,,13,10,199,,14,01,129,,0*76
1780409641.343,$GNGLL,1339.01746,N,10029.57995,E,141401.00,A,D*72
1780409642.320,$GNRMC,141402.00,A,1339.01757,N,10029.57993,E,0.022,,020626,0.53,W,F,V*59
1780409642.321,$GNVTG,,T,,M,0.022,N,0.041,K,D*3D
1780409642.323,$GNGGA,141402.00,1339.01757,N,10029.57993,E,5,12,0.58,2.4,M,-27.8,M,1.0,0499*40
1780409642.323,$GNGSA,A,3,25,10,26,28,31,32,16,02,01,,,,1.06,0.58,0.88,1*04
1780409642.324,$GNGSA,A,3,68,78,66,77,67,79,,,,,,,1.06,0.58,0.88,2*06
1780409642.324,$GNGSA,A,3,06,34,05,09,16,25,36,,,,,,1.06,0.58,0.88,3*01
1780409642.325,$GNGSA,A,3,06,07,09,10,33,25,23,,,,,,1.06,0.58,0.88,4*01
1780409642.325,$GPGSV,3,1,12,01,12,290,40,02,16,264,36,10,52,150,46,16,30,197,34,1*64
1780409642.326,$GPGSV,3,2,12,25,18,041,20,26,63,193,47,28,44,359,45,31,51,313,40,1*61
1780409642.327,$GPGSV,3,3,12,32,42,041,40,41,64,233,44,42,70,217,46,50,56,115,43,1*67
1780409642.328,$GPGSV,2,1,08,01,12,290,42,10,52,150,44,23,14,148,24,25,18,041,29,6*6A
1780409642.328,$GPGSV,2,2,08,26,63,193,45,28,44,359,46,31,51,313,43,32,42,041,39,6*6F
1780409642.329,$GPGSV,1,1,04,03,04,326,,27,03,200,,29,05,093,,40,37,260,,0*65
1780409642.330,$GLGSV,2,1,06,66,30,098,35,67,43,024,41,68,13,338,39,77,34,023,39,1*7E
1780409642.330,$GLGSV,2,2,06,78,81,255,49,79,28,212,37,1*76
1780409642.331,$GLGSV,2,1,05,66,30,098,42,67,43,024,43,68,13,338,35,78,81,255,48,3*75
1780409642.331,$GLGSV,2,2,05,79,28,212,39,3*40
1780409642.332,$GLGSV,1,1,03,81,02,194,,82,07,237,,83,01,284,,0*42
1780409642.333,$GAGSV,2,1,08,05,37,348,47,06,18,075,24,09,32,052,32,16,61,098,52,2*73
1780409642.333,$GAGSV,2,2,08,25,43,182,49,31,19,046,29,34,28,278,30,36,35,216,39,2*74
1780409642.334,$GAGSV,2,1,06,05,37,348,42,06,18,075,23,16,61,098,46,25,43,182,42,7*7C
1780409642.335,$GAGSV,2,2,06,34,28,278,38,36,35,216,38,7*73
1780409642.335,$GAGSV,1,1,03,03,08,303,,04,02,092,,11,11,170,,0*47
1780409642.336,$GBGSV,2,1,08,06,64,138,47,07,50,006,47,09,84,031,46,10,58,351,46,1*7B
1780409642.337,$GBGSV,2,2,08,23,44,233,46,24,21,035,23,25,75,343,48,33,61,062,47,1*70
1780409642.337,$GBGSV,1,1,02,09,84,031,48,10,58,351,47,3*75
1780409642.338,$GBGSV,2,1,08,01,42,107,,02,63,242,,03,71,140,,04,22,097,,0*74
1780409642.338,$GBGSV,2,2,08,04,22,097,,08,17,155,,13,10,199,,14,01,129,,0*76
1780409642.339,$GNGLL,1339.01757,N,10029.57993,E,141402.00,A,D*77
1780409643.319,$GNRMC,141403.00,A,1339.01757,N,10029.57993,E,0.018,,020626,0.53,W,F,V*51
1780409643.321,$GNVTG,,T,,M,0.018,N,0.032,K,D*30
1780409643.322,$GNGGA,141403.00,1339.01757,N,10029.57993,E,5,12,0.58,2.4,M,-27.8,M,1.0,0499*41
1780409643.322,$GNGSA,A,3,25,10,26,28,31,32,16,02,01,,,,1.06,0.58,0.88,1*04
1780409643.323,$GNGSA,A,3,68,78,66,77,67,79,,,,,,,1.06,0.58,0.88,2*06
1780409643.324,$GNGSA,A,3,06,34,05,09,16,25,36,,,,,,1.06,0.58,0.88,3*01
1780409643.324,$GNGSA,A,3,06,07,09,10,33,25,23,,,,,,1.06,0.58,0.88,4*01
1780409643.325,$GPGSV,3,1,12,01,12,290,41,02,16,264,36,10,52,150,46,16,30,197,34,1*65
1780409643.326,$GPGSV,3,2,12,25,18,041,21,26,63,193,47,28,44,359,45,31,51,313,40,1*60
1780409643.326,$GPGSV,3,3,12,32,42,041,39,41,64,233,44,42,70,217,46,50,56,115,45,1*6F
1780409643.327,$GPGSV,2,1,08,01,12,290,42,10,52,150,44,23,14,148,26,25,18,041,28,6*69
1780409643.328,$GPGSV,2,2,08,26,63,193,45,28,44,359,47,31,51,313,43,32,42,041,39,6*6E
1780409643.328,$GPGSV,1,1,04,03,04,326,,27,03,200,,29,05,093,,40,37,260,,0*65
1780409643.329,$GLGSV,2,1,06,66,30,098,34,67,43,024,41,68,13,338,39,77,34,023,40,1*71
1780409643.330,$GLGSV,2,2,06,78,81,255,49,79,28,212,37,1*76
1780409643.330,$GLGSV,2,1,05,66,30,098,42,67,43,024,44,68,13,338,35,78,81,255,48,3*72
1780409643.331,$GLGSV,2,2,05,79,28,212,39,3*40
1780409643.331,$GLGSV,1,1,03,81,02,194,,82,07,237,,83,01,284,,0*42
1780409643.332,$GAGSV,2,1,08,05,37,348,47,06,18,075,24,09,32,052,30,16,61,098,52,2*71
1780409643.333,$GAGSV,2,2,08,25,43,182,49,31,19,046,30,34,28,278,31,36,35,216,38,2*7C
1780409643.334,$GAGSV,2,1,05,05,37,348,42,16,61,098,46,25,43,182,42,34,28,278,38,7*78
1780409643.335,$GAGSV,2,2,05,36,35,216,37,7*44
1780409643.336,$GAGSV,1,1,03,03,08,303,,04,02,092,,11,11,170,,0*47
1780409643.336,$GBGSV,2,1,08,06,64,138,47,07,50,006,47,09,84,031,46,10,58,351,46,1*7B
1780409643.337,$GBGSV,2,2,08,23,44,233,45,24,21,035,25,25,75,343,47,33,61,062,47,1*7A
1780409643.338,$GBGSV,1,1,02,09,84,031,48,10,58,351,47,3*75
1780409643.339,$GBGSV,2,1,08,01,42,107,,02,63,242,,03,71,140,,04,22,097,,0*74
1780409643.339,$GBGSV,2,2,08,04,22,097,,08,17,155,,13,10,199,,14,01,129,,0*76
1780409643.340,$GNGLL,1339.01757,N,10029.57993,E,141403.00,A,D*76
1780409644.321,$GNRMC,141404.00,A,1339.01757,N,10029.57993,E,0.031,,020626,0.53,W,F,V*5D
1780409644.322,$GNVTG,,T,,M,0.031,N,0.057,K,D*38
1780409644.325,$GNGGA,141404.00,1339.01757,N,10029.57993,E,5,12,0.58,2.5,M,-27.8,M,1.0,0499*47
1780409644.327,$GNGSA,A,3,25,10,26,28,31,32,16,02,01,,,,1.06,0.58,0.88,1*04
1780409644.329,$GNGSA,A,3,68,78,66,77,67,79,,,,,,,1.06,0.58,0.88,2*06
1780409644.330,$GNGSA,A,3,06,34,05,09,16,25,36,,,,,,1.06,0.58,0.88,3*01
1780409644.332,$GNGSA,A,3,06,07,09,10,33,25,23,,,,,,1.06,0.58,0.88,4*01
1780409644.334,$GPGSV,3,1,12,01,12,290,41,02,16,264,36,10,52,150,46,16,30,197,34,1*65
1780409644.337,$GPGSV,3,2,12,25,18,041,21,26,63,193,47,28,44,359,45,31,51,313,40,1*60
1780409644.338,$GPGSV,3,3,12,32,42,041,40,41,64,233,44,42,70,217,45,50,56,115,44,1*63
1780409644.339,$GPGSV,2,1,08,01,12,290,43,10,52,150,44,23,14,148,27,25,18,041,27,6*66
1780409644.340,$GPGSV,2,2,08,26,63,193,44,28,44,359,46,31,51,313,42,32,42,041,39,6*6F
1780409644.341,$GPGSV,1,1,04,03,04,326,,27,03,200,,29,05,093,,40,37,260,,0*65
1780409644.342,$GLGSV,2,1,06,66,30,098,33,67,43,024,42,68,13,338,39,77,34,023,41,1*74
1780409644.342,$GLGSV,2,2,06,78,81,255,49,79,28,212,38,1*79
1780409644.343,$GLGSV,2,1,05,66,30,098,42,67,43,024,43,68,13,338,36,78,81,255,48,3*76
1780409644.344,$GLGSV,2,2,05,79,28,212,39,3*40
1780409644.345,$GLGSV,1,1,03,81,01,193,,82,07,237,,83,01,284,,0*46
1780409644.345,$GAGSV,2,1,08,05,37,348,47,06,18,075,24,09,32,052,30,16,61,098,52,2*71
1780409644.346,$GAGSV,2,2,08,25,43,182,48,31,19,046,31,34,28,278,31,36,35,216,35,2*71
1780409644.347,$GAGSV,2,1,06,05,37,348,42,06,18,075,22,16,61,098,46,25,43,182,42,7*7D
1780409644.348,$GAGSV,2,2,06,34,28,278,38,36,35,216,34,7*7F
1780409644.348,$GAGSV,1,1,03,03,08,303,,04,02,092,,11,11,170,,0*47
1780409644.349,$GBGSV,2,1,08,06,64,138,47,07,50,006,47,09,84,031,46,10,58,351,46,1*7B
1780409644.350,$GBGSV,2,2,08,23,44,233,45,24,21,035,27,25,75,343,48,33,61,062,48,1*78
1780409644.350,$GBGSV,1,1,02,09,84,031,48,10,58,351,47,3*75
1780409644.351,$GBGSV,2,1,08,01,42,107,,02,63,242,,03,71,140,,04,22,097,,0*74
1780409644.352,$GBGSV,2,2,08,04,22,097,,08,17,155,,13,10,199,,14,01,129,,0*76
1780409644.352,$GNGLL,1339.01757,N,10029.57993,E,141404.00,A,D*71
1780409645.317,$GNRMC,141405.00,A,1339.01757,N,10029.57993,E,0.003,,020626,0.53,W,F,V*5D
1780409645.319,$GNVTG,,T,,M,0.003,N,0.005,K,D*3E
1780409645.321,$GNGGA,141405.00,1339.01757,N,10029.57993,E,5,12,0.58,2.5,M,-27.8,M,1.0,0499*46
1780409645.322,$GNGSA,A,3,25,10,26,28,31,32,16,02,01,,,,1.06,0.58,0.88,1*04
1780409645.323,$GNGSA,A,3,68,78,66,77,67,79,,,,,,,1.06,0.58,0.88,2*06
1780409645.323,$GNGSA,A,3,06,34,05,09,16,25,36,,,,,,1.06,0.58,0.88,3*01
1780409645.324,$GNGSA,A,3,06,07,09,10,33,25,23,,,,,,1.06,0.58,0.88,4*01
1780409645.325,$GPGSV,3,1,12,01,12,290,40,02,16,264,35,10,52,150,45,16,30,197,38,1*68
1780409645.325,$GPGSV,3,2,12,25,18,041,22,26,63,193,47,28,44,359,45,31,51,313,40,1*63
1780409645.326,$GPGSV,3,3,12,32,42,041,38,41,64,233,43,42,70,217,45,50,56,115,42,1*6D
1780409645.327,$GPGSV,2,1,08,01,12,290,42,10,52,150,44,23,14,148,27,25,18,041,27,6*67
1780409645.328,$GPGSV,2,2,08,26,63,193,43,28,44,359,47,31,51,313,42,32,42,041,39,6*69
1780409645.329,$GPGSV,1,1,04,03,04,326,,27,03,200,,29,05,093,,40,37,260,,0*65
1780409645.330,$GLGSV,2,1,06,66,30,098,32,67,43,024,41,68,13,338,39,77,34,023,42,1*75
1780409645.330,$GLGSV,2,2,06,78,81,255,49,79,28,212,37,1*76
1780409645.331,$GLGSV,2,1,05,66,30,098,42,67,43,024,43,68,13,338,37,78,81,255,48,3*77
1780409645.331,$GLGSV,2,2,05,79,28,212,39,3*40
1780409645.332,$GLGSV,1,1,03,81,01,193,,82,07,236,,83,01,284,,0*47
1780409645.333,$GAGSV,2,1,08,05,37,348,48,06,18,075,23,09,32,052,30,16,61,098,52,2*79
1780409645.334,$GAGSV,2,2,08,25,43,182,48,31,19,046,30,34,28,278,32,36,35,216,34,2*72
1780409645.334,$GAGSV,2,1,06,05,37,348,43,06,18,075,20,16,61,098,46,25,43,182,41,7*7D
1780409645.335,$GAGSV,2,2,06,34,28,278,38,36,35,216,35,7*7E
1780409645.336,$GAGSV,1,1,03,03,08,303,,04,02,092,,11,11,170,,0*47
1780409645.337,$GBGSV,2,1,08,06,64,138,47,07,50,006,47,09,84,031,46,10,58,351,47,1*7A
1780409645.337,$GBGSV,2,2,08,23,44,233,44,24,21,035,27,25,75,343,48,33,61,062,48,1*79
1780409645.338,$GBGSV,1,1,02,09,84,031,48,10,58,351,47,3*75
1780409645.339,$GBGSV,2,1,08,01,42,107,,02,63,242,,03,71,140,,04,22,097,,0*74
1780409645.339,$GBGSV,2,2,08,04,22,097,,08,17,155,,13,10,199,,14,01,129,,0*76
1780409645.340,$GNGLL,1339.01757,N,10029.57993,E,141405.00,A,D*70
