timestamp,sentence,sat_id,elevation,snr_db
2026-06-02T21:10:00.311279,$GPGSV,02,,28
2026-06-02T21:10:00.311279,$GPGSV,10,,28
2026-06-02T21:10:00.311279,$GPGSV,25,,33
2026-06-02T21:10:00.311279,$GPGSV,26,,32
2026-06-02T21:10:00.312006,$GPGSV,28,,30
2026-06-02T21:10:00.312006,$GPGSV,31,,43
2026-06-02T21:10:00.312006,$GPGSV,32,,42
2026-06-02T21:10:00.312006,$GPGSV,41,,45
2026-06-02T21:10:00.312381,$GPGSV,42,,44
2026-06-02T21:10:00.313009,$GPGSV,10,,26
2026-06-02T21:10:00.313009,$GPGSV,25,,40
2026-06-02T21:10:00.313009,$GPGSV,26,,25
2026-06-02T21:10:00.313009,$GPGSV,28,,37
2026-06-02T21:10:00.313460,$GPGSV,31,,45
2026-06-02T21:10:00.313460,$GPGSV,32,,43
2026-06-02T21:10:00.315205,$GLGSV,66,,30
2026-06-02T21:10:00.315205,$GLGSV,67,,41
2026-06-02T21:10:00.315205,$GLGSV,77,,34
2026-06-02T21:10:00.315205,$GLGSV,78,,48
2026-06-02T21:10:00.315853,$GLGSV,66,,22
2026-06-02T21:10:00.315853,$GLGSV,67,,44
2026-06-02T21:10:00.315853,$GLGSV,68,,38
2026-06-02T21:10:00.315853,$GLGSV,78,,48
2026-06-02T21:10:00.316221,$GLGSV,79,,22
2026-06-02T21:10:00.317318,$GAGSV,05,,41
2026-06-02T21:10:00.317318,$GAGSV,06,,43
2026-06-02T21:10:00.317318,$GAGSV,09,,48
2026-06-02T21:10:00.317318,$GAGSV,16,,50
2026-06-02T21:10:00.317852,$GAGSV,25,,26
2026-06-02T21:10:00.317852,$GAGSV,31,,37
2026-06-02T21:10:00.317852,$GAGSV,34,,24
2026-06-02T21:10:00.318480,$GAGSV,05,,35
2026-06-02T21:10:00.318480,$GAGSV,06,,33
2026-06-02T21:10:00.318480,$GAGSV,09,,39
2026-06-02T21:10:00.318480,$GAGSV,16,,45
2026-06-02T21:10:00.318927,$GAGSV,31,,31
2026-06-02T21:10:00.318927,$GAGSV,34,,20
2026-06-02T21:10:00.320113,$GBGSV,06,,47
2026-06-02T21:10:00.320113,$GBGSV,07,,38
2026-06-02T21:10:00.320113,$GBGSV,09,,45
2026-06-02T21:10:00.320113,$GBGSV,10,,40
2026-06-02T21:10:00.320649,$GBGSV,23,,21
2026-06-02T21:10:00.320649,$GBGSV,24,,40
2026-06-02T21:10:00.320649,$GBGSV,25,,47
2026-06-02T21:10:00.321093,$GBGSV,09,,48
2026-06-02T21:10:00.321093,$GBGSV,10,,46
2026-06-02T21:10:01.303851,$GPGSV,02,,28
2026-06-02T21:10:01.303851,$GPGSV,10,,29
2026-06-02T21:10:01.303851,$GPGSV,25,,37
2026-06-02T21:10:01.303851,$GPGSV,26,,33
2026-06-02T21:10:01.304614,$GPGSV,28,,32
2026-06-02T21:10:01.304614,$GPGSV,31,,46
2026-06-02T21:10:01.304614,$GPGSV,32,,46
2026-06-02T21:10:01.304614,$GPGSV,41,,51
2026-06-02T21:10:01.305141,$GPGSV,42,,47
2026-06-02T21:10:01.305141,$GPGSV,50,,42
2026-06-02T21:10:01.305860,$GPGSV,10,,25
2026-06-02T21:10:01.305860,$GPGSV,25,,40
2026-06-02T21:10:01.305860,$GPGSV,26,,25
2026-06-02T21:10:01.305860,$GPGSV,28,,37
2026-06-02T21:10:01.306369,$GPGSV,31,,45
2026-06-02T21:10:01.306369,$GPGSV,32,,43
2026-06-02T21:10:01.308161,$GLGSV,66,,30
2026-06-02T21:10:01.308161,$GLGSV,67,,43
2026-06-02T21:10:01.308161,$GLGSV,77,,34
2026-06-02T21:10:01.308161,$GLGSV,78,,49
2026-06-02T21:10:01.308844,$GLGSV,66,,23
2026-06-02T21:10:01.308844,$GLGSV,67,,44
2026-06-02T21:10:01.308844,$GLGSV,68,,39
2026-06-02T21:10:01.308844,$GLGSV,78,,48
2026-06-02T21:10:01.309231,$GLGSV,79,,23
2026-06-02T21:10:01.310421,$GAGSV,05,,40
2026-06-02T21:10:01.310421,$GAGSV,06,,43
2026-06-02T21:10:01.310421,$GAGSV,09,,47
2026-06-02T21:10:01.310421,$GAGSV,16,,51
2026-06-02T21:10:01.311001,$GAGSV,25,,26
2026-06-02T21:10:01.311001,$GAGSV,31,,37
2026-06-02T21:10:01.311001,$GAGSV,34,,24
2026-06-02T21:10:01.311685,$GAGSV,05,,38
2026-06-02T21:10:01.311685,$GAGSV,06,,37
2026-06-02T21:10:01.311685,$GAGSV,09,,43
2026-06-02T21:10:01.311685,$GAGSV,16,,49
2026-06-02T21:10:01.312172,$GAGSV,31,,36
2026-06-02T21:10:01.312172,$GAGSV,34,,20
2026-06-02T21:10:01.313440,$GBGSV,06,,50
2026-06-02T21:10:01.313440,$GBGSV,07,,42
2026-06-02T21:10:01.313440,$GBGSV,09,,48
2026-06-02T21:10:01.313440,$GBGSV,10,,43
2026-06-02T21:10:01.314026,$GBGSV,23,,20
2026-06-02T21:10:01.314026,$GBGSV,24,,43
2026-06-02T21:10:01.314026,$GBGSV,25,,51
2026-06-02T21:10:01.314837,$GBGSV,09,,48
2026-06-02T21:10:01.314837,$GBGSV,10,,45
2026-06-02T21:10:02.330180,$GPGSV,02,,29
2026-06-02T21:10:02.330180,$GPGSV,10,,28
2026-06-02T21:10:02.330180,$GPGSV,25,,37
2026-06-02T21:10:02.330180,$GPGSV,26,,35
2026-06-02T21:10:02.330899,$GPGSV,28,,33
2026-06-02T21:10:02.330899,$GPGSV,31,,45
2026-06-02T21:10:02.330899,$GPGSV,32,,45
2026-06-02T21:10:02.330899,$GPGSV,41,,50
2026-06-02T21:10:02.331387,$GPGSV,42,,48
2026-06-02T21:10:02.331387,$GPGSV,50,,42
2026-06-02T21:10:02.332075,$GPGSV,10,,25
2026-06-02T21:10:02.332075,$GPGSV,25,,40
2026-06-02T21:10:02.332075,$GPGSV,26,,25
2026-06-02T21:10:02.332075,$GPGSV,28,,38
2026-06-02T21:10:02.332569,$GPGSV,31,,45
2026-06-02T21:10:02.332569,$GPGSV,32,,43
2026-06-02T21:10:02.334361,$GLGSV,66,,29
2026-06-02T21:10:02.334361,$GLGSV,67,,43
2026-06-02T21:10:02.334361,$GLGSV,77,,35
2026-06-02T21:10:02.334361,$GLGSV,78,,48
2026-06-02T21:10:02.334747,$GLGSV,79,,18
2026-06-02T21:10:02.335405,$GLGSV,66,,23
2026-06-02T21:10:02.335405,$GLGSV,67,,44
2026-06-02T21:10:02.335405,$GLGSV,68,,39
2026-06-02T21:10:02.335405,$GLGSV,78,,48
2026-06-02T21:10:02.335798,$GLGSV,79,,23
2026-06-02T21:10:02.336977,$GAGSV,05,,40
2026-06-02T21:10:02.336977,$GAGSV,06,,43
2026-06-02T21:10:02.336977,$GAGSV,09,,47
2026-06-02T21:10:02.336977,$GAGSV,16,,51
2026-06-02T21:10:02.337556,$GAGSV,25,,26
2026-06-02T21:10:02.337556,$GAGSV,31,,36
2026-06-02T21:10:02.337556,$GAGSV,34,,24
2026-06-02T21:10:02.338196,$GAGSV,05,,36
2026-06-02T21:10:02.338196,$GAGSV,06,,34
2026-06-02T21:10:02.338196,$GAGSV,09,,40
2026-06-02T21:10:02.338196,$GAGSV,16,,47
2026-06-02T21:10:02.338659,$GAGSV,31,,33
2026-06-02T21:10:02.338659,$GAGSV,34,,16
2026-06-02T21:10:02.340031,$GBGSV,06,,49
2026-06-02T21:10:02.340031,$GBGSV,07,,41
2026-06-02T21:10:02.340031,$GBGSV,09,,47
2026-06-02T21:10:02.340031,$GBGSV,10,,42
2026-06-02T21:10:02.340612,$GBGSV,23,,18
2026-06-02T21:10:02.340612,$GBGSV,24,,42
2026-06-02T21:10:02.340612,$GBGSV,25,,50
2026-06-02T21:10:02.341080,$GBGSV,09,,48
2026-06-02T21:10:02.341080,$GBGSV,10,,45
2026-06-02T21:10:03.314447,$GPGSV,02,,28
2026-06-02T21:10:03.314447,$GPGSV,10,,28
2026-06-02T21:10:03.314447,$GPGSV,25,,37
2026-06-02T21:10:03.314447,$GPGSV,26,,33
2026-06-02T21:10:03.316865,$GPGSV,28,,33
2026-06-02T21:10:03.316865,$GPGSV,31,,45
2026-06-02T21:10:03.316865,$GPGSV,32,,45
2026-06-02T21:10:03.316865,$GPGSV,41,,49
2026-06-02T21:10:03.318424,$GPGSV,42,,48
2026-06-02T21:10:03.318424,$GPGSV,50,,41
2026-06-02T21:10:03.319137,$GPGSV,10,,24
2026-06-02T21:10:03.319137,$GPGSV,25,,40
2026-06-02T21:10:03.319137,$GPGSV,26,,25
2026-06-02T21:10:03.319137,$GPGSV,28,,38
2026-06-02T21:10:03.319655,$GPGSV,31,,45
2026-06-02T21:10:03.319655,$GPGSV,32,,43
2026-06-02T21:10:03.321699,$GLGSV,66,,29
2026-06-02T21:10:03.321699,$GLGSV,67,,43
2026-06-02T21:10:03.321699,$GLGSV,77,,35
2026-06-02T21:10:03.321699,$GLGSV,78,,48
2026-06-02T21:10:03.322097,$GLGSV,79,,17
2026-06-02T21:10:03.322773,$GLGSV,66,,22
2026-06-02T21:10:03.322773,$GLGSV,67,,44
2026-06-02T21:10:03.322773,$GLGSV,68,,39
2026-06-02T21:10:03.322773,$GLGSV,78,,48
2026-06-02T21:10:03.323162,$GLGSV,79,,23
2026-06-02T21:10:03.324379,$GAGSV,05,,40
2026-06-02T21:10:03.324379,$GAGSV,06,,43
2026-06-02T21:10:03.324379,$GAGSV,09,,47
2026-06-02T21:10:03.324379,$GAGSV,16,,51
2026-06-02T21:10:03.325042,$GAGSV,25,,26
2026-06-02T21:10:03.325042,$GAGSV,31,,37
2026-06-02T21:10:03.325042,$GAGSV,34,,24
2026-06-02T21:10:03.326189,$GAGSV,05,,36
2026-06-02T21:10:03.326189,$GAGSV,06,,34
2026-06-02T21:10:03.326189,$GAGSV,09,,40
2026-06-02T21:10:03.326189,$GAGSV,16,,47
2026-06-02T21:10:03.326988,$GAGSV,31,,33
2026-06-02T21:10:03.326988,$GAGSV,34,,15
2026-06-02T21:10:03.328400,$GBGSV,06,,48
2026-06-02T21:10:03.328400,$GBGSV,07,,40
2026-06-02T21:10:03.328400,$GBGSV,09,,46
2026-06-02T21:10:03.328400,$GBGSV,10,,42
2026-06-02T21:10:03.329137,$GBGSV,23,,16
2026-06-02T21:10:03.329137,$GBGSV,24,,42
2026-06-02T21:10:03.329137,$GBGSV,25,,49
2026-06-02T21:10:03.329649,$GBGSV,09,,48
2026-06-02T21:10:03.329649,$GBGSV,10,,45
2026-06-02T21:10:04.330192,$GPGSV,02,,28
2026-06-02T21:10:04.330192,$GPGSV,10,,28
2026-06-02T21:10:04.330192,$GPGSV,25,,37
2026-06-02T21:10:04.330192,$GPGSV,26,,33
2026-06-02T21:10:04.330924,$GPGSV,28,,33
2026-06-02T21:10:04.330924,$GPGSV,31,,45
2026-06-02T21:10:04.330924,$GPGSV,32,,45
2026-06-02T21:10:04.330924,$GPGSV,41,,48
2026-06-02T21:10:04.331457,$GPGSV,42,,48
2026-06-02T21:10:04.331457,$GPGSV,50,,41
2026-06-02T21:10:04.332142,$GPGSV,10,,24
2026-06-02T21:10:04.332142,$GPGSV,25,,40
2026-06-02T21:10:04.332142,$GPGSV,26,,25
2026-06-02T21:10:04.332142,$GPGSV,28,,38
2026-06-02T21:10:04.332623,$GPGSV,31,,45
2026-06-02T21:10:04.332623,$GPGSV,32,,43
2026-06-02T21:10:04.334401,$GLGSV,66,,29
2026-06-02T21:10:04.334401,$GLGSV,67,,43
2026-06-02T21:10:04.334401,$GLGSV,77,,35
2026-06-02T21:10:04.334401,$GLGSV,78,,48
2026-06-02T21:10:04.334786,$GLGSV,79,,16
2026-06-02T21:10:04.335446,$GLGSV,66,,25
2026-06-02T21:10:04.335446,$GLGSV,67,,44
2026-06-02T21:10:04.335446,$GLGSV,68,,39
2026-06-02T21:10:04.335446,$GLGSV,78,,48
2026-06-02T21:10:04.335839,$GLGSV,79,,22
2026-06-02T21:10:04.337110,$GAGSV,05,,40
2026-06-02T21:10:04.337110,$GAGSV,06,,43
2026-06-02T21:10:04.337110,$GAGSV,09,,47
2026-06-02T21:10:04.337110,$GAGSV,16,,51
2026-06-02T21:10:04.337691,$GAGSV,25,,26
2026-06-02T21:10:04.337691,$GAGSV,31,,37
2026-06-02T21:10:04.337691,$GAGSV,34,,24
2026-06-02T21:10:04.338362,$GAGSV,05,,36
2026-06-02T21:10:04.338362,$GAGSV,06,,34
2026-06-02T21:10:04.338362,$GAGSV,09,,41
2026-06-02T21:10:04.338362,$GAGSV,16,,47
2026-06-02T21:10:04.338880,$GAGSV,31,,33
2026-06-02T21:10:04.338880,$GAGSV,34,,15
2026-06-02T21:10:04.340308,$GBGSV,06,,49
2026-06-02T21:10:04.340308,$GBGSV,07,,40
2026-06-02T21:10:04.340308,$GBGSV,09,,46
2026-06-02T21:10:04.340308,$GBGSV,10,,42
2026-06-02T21:10:04.340891,$GBGSV,23,,16
2026-06-02T21:10:04.340891,$GBGSV,24,,42
2026-06-02T21:10:04.340891,$GBGSV,25,,49
2026-06-02T21:10:04.341376,$GBGSV,09,,48
2026-06-02T21:10:04.341376,$GBGSV,10,,45
2026-06-02T21:10:05.324994,$GPGSV,02,,28
2026-06-02T21:10:05.324994,$GPGSV,10,,28
2026-06-02T21:10:05.324994,$GPGSV,23,,18
2026-06-02T21:10:05.324994,$GPGSV,25,,37
2026-06-02T21:10:05.327380,$GPGSV,26,,33
2026-06-02T21:10:05.327380,$GPGSV,28,,33
2026-06-02T21:10:05.327380,$GPGSV,31,,45
2026-06-02T21:10:05.327380,$GPGSV,32,,45
2026-06-02T21:10:05.329339,$GPGSV,41,,48
2026-06-02T21:10:05.329339,$GPGSV,42,,48
2026-06-02T21:10:05.329339,$GPGSV,50,,41
2026-06-02T21:10:05.330936,$GPGSV,10,,25
2026-06-02T21:10:05.330936,$GPGSV,25,,40
2026-06-02T21:10:05.330936,$GPGSV,26,,25
2026-06-02T21:10:05.330936,$GPGSV,28,,39
2026-06-02T21:10:05.331454,$GPGSV,31,,45
2026-06-02T21:10:05.331454,$GPGSV,32,,43
2026-06-02T21:10:05.333262,$GLGSV,66,,29
2026-06-02T21:10:05.333262,$GLGSV,67,,44
2026-06-02T21:10:05.333262,$GLGSV,77,,35
2026-06-02T21:10:05.333262,$GLGSV,78,,48
2026-06-02T21:10:05.333678,$GLGSV,79,,15
2026-06-02T21:10:05.334384,$GLGSV,66,,26
2026-06-02T21:10:05.334384,$GLGSV,67,,44
2026-06-02T21:10:05.334384,$GLGSV,68,,38
2026-06-02T21:10:05.334384,$GLGSV,78,,48
2026-06-02T21:10:05.334800,$GLGSV,79,,22
2026-06-02T21:10:05.336146,$GAGSV,05,,40
2026-06-02T21:10:05.336146,$GAGSV,06,,43
2026-06-02T21:10:05.336146,$GAGSV,09,,47
2026-06-02T21:10:05.336146,$GAGSV,16,,51
2026-06-02T21:10:05.336791,$GAGSV,25,,26
2026-06-02T21:10:05.336791,$GAGSV,31,,37
2026-06-02T21:10:05.336791,$GAGSV,34,,24
2026-06-02T21:10:05.337494,$GAGSV,05,,36
2026-06-02T21:10:05.337494,$GAGSV,06,,34
2026-06-02T21:10:05.337494,$GAGSV,09,,41
2026-06-02T21:10:05.337494,$GAGSV,16,,47
2026-06-02T21:10:05.338002,$GAGSV,31,,33
2026-06-02T21:10:05.338002,$GAGSV,34,,15
2026-06-02T21:10:05.339322,$GBGSV,06,,48
2026-06-02T21:10:05.339322,$GBGSV,07,,40
2026-06-02T21:10:05.339322,$GBGSV,09,,46
2026-06-02T21:10:05.339322,$GBGSV,10,,42
2026-06-02T21:10:05.339987,$GBGSV,23,,13
2026-06-02T21:10:05.339987,$GBGSV,24,,42
2026-06-02T21:10:05.339987,$GBGSV,25,,49
2026-06-02T21:10:05.340476,$GBGSV,09,,48
2026-06-02T21:10:05.340476,$GBGSV,10,,45
2026-06-02T21:10:06.327711,$GPGSV,02,,29
2026-06-02T21:10:06.327711,$GPGSV,10,,28
2026-06-02T21:10:06.327711,$GPGSV,23,,17
2026-06-02T21:10:06.327711,$GPGSV,25,,37
2026-06-02T21:10:06.328454,$GPGSV,26,,32
2026-06-02T21:10:06.328454,$GPGSV,28,,33
2026-06-02T21:10:06.328454,$GPGSV,31,,46
2026-06-02T21:10:06.328454,$GPGSV,32,,45
2026-06-02T21:10:06.329085,$GPGSV,41,,49
2026-06-02T21:10:06.329085,$GPGSV,42,,47
2026-06-02T21:10:06.329085,$GPGSV,50,,41
2026-06-02T21:10:06.329790,$GPGSV,10,,25
2026-06-02T21:10:06.329790,$GPGSV,25,,40
2026-06-02T21:10:06.329790,$GPGSV,26,,24
2026-06-02T21:10:06.329790,$GPGSV,28,,39
2026-06-02T21:10:06.330301,$GPGSV,31,,45
2026-06-02T21:10:06.330301,$GPGSV,32,,43
2026-06-02T21:10:06.332093,$GLGSV,66,,29
2026-06-02T21:10:06.332093,$GLGSV,67,,44
2026-06-02T21:10:06.332093,$GLGSV,77,,35
2026-06-02T21:10:06.332093,$GLGSV,78,,48
2026-06-02T21:10:06.332483,$GLGSV,79,,15
2026-06-02T21:10:06.333151,$GLGSV,66,,27
2026-06-02T21:10:06.333151,$GLGSV,67,,44
2026-06-02T21:10:06.333151,$GLGSV,68,,37
2026-06-02T21:10:06.333151,$GLGSV,78,,48
2026-06-02T21:10:06.333541,$GLGSV,79,,21
2026-06-02T21:10:06.334737,$GAGSV,05,,39
2026-06-02T21:10:06.334737,$GAGSV,06,,43
2026-06-02T21:10:06.334737,$GAGSV,09,,47
2026-06-02T21:10:06.334737,$GAGSV,16,,50
2026-06-02T21:10:06.335315,$GAGSV,25,,26
2026-06-02T21:10:06.335315,$GAGSV,31,,37
2026-06-02T21:10:06.335315,$GAGSV,34,,24
2026-06-02T21:10:06.335996,$GAGSV,05,,36
2026-06-02T21:10:06.335996,$GAGSV,06,,35
2026-06-02T21:10:06.335996,$GAGSV,09,,41
2026-06-02T21:10:06.335996,$GAGSV,16,,46
2026-06-02T21:10:06.336483,$GAGSV,31,,33
2026-06-02T21:10:06.336483,$GAGSV,34,,17
2026-06-02T21:10:06.337756,$GBGSV,06,,48
2026-06-02T21:10:06.337756,$GBGSV,07,,40
2026-06-02T21:10:06.337756,$GBGSV,09,,46
2026-06-02T21:10:06.337756,$GBGSV,10,,42
2026-06-02T21:10:06.338339,$GBGSV,23,,11
2026-06-02T21:10:06.338339,$GBGSV,24,,42
2026-06-02T21:10:06.338339,$GBGSV,25,,49
2026-06-02T21:10:06.338819,$GBGSV,09,,48
2026-06-02T21:10:06.338819,$GBGSV,10,,45
2026-06-02T21:10:07.310216,$GPGSV,02,,29
2026-06-02T21:10:07.310216,$GPGSV,10,,28
2026-06-02T21:10:07.310216,$GPGSV,23,,16
2026-06-02T21:10:07.310216,$GPGSV,25,,38
2026-06-02T21:10:07.310954,$GPGSV,26,,32
2026-06-02T21:10:07.310954,$GPGSV,28,,33
2026-06-02T21:10:07.310954,$GPGSV,31,,46
2026-06-02T21:10:07.310954,$GPGSV,32,,45
2026-06-02T21:10:07.311579,$GPGSV,41,,48
2026-06-02T21:10:07.311579,$GPGSV,42,,47
2026-06-02T21:10:07.311579,$GPGSV,50,,41
2026-06-02T21:10:07.312307,$GPGSV,10,,26
2026-06-02T21:10:07.312307,$GPGSV,25,,40
2026-06-02T21:10:07.312307,$GPGSV,26,,25
2026-06-02T21:10:07.312307,$GPGSV,28,,39
2026-06-02T21:10:07.312817,$GPGSV,31,,45
2026-06-02T21:10:07.312817,$GPGSV,32,,42
2026-06-02T21:10:07.314565,$GLGSV,66,,29
2026-06-02T21:10:07.314565,$GLGSV,67,,44
2026-06-02T21:10:07.314565,$GLGSV,77,,36
2026-06-02T21:10:07.314565,$GLGSV,78,,48
2026-06-02T21:10:07.314955,$GLGSV,79,,15
2026-06-02T21:10:07.315640,$GLGSV,66,,27
2026-06-02T21:10:07.315640,$GLGSV,67,,44
2026-06-02T21:10:07.315640,$GLGSV,68,,37
2026-06-02T21:10:07.315640,$GLGSV,78,,48
2026-06-02T21:10:07.316032,$GLGSV,79,,21
2026-06-02T21:10:07.317231,$GAGSV,05,,39
2026-06-02T21:10:07.317231,$GAGSV,06,,43
2026-06-02T21:10:07.317231,$GAGSV,09,,47
2026-06-02T21:10:07.317231,$GAGSV,16,,51
2026-06-02T21:10:07.317812,$GAGSV,25,,27
2026-06-02T21:10:07.317812,$GAGSV,31,,37
2026-06-02T21:10:07.317812,$GAGSV,34,,23
2026-06-02T21:10:07.318482,$GAGSV,05,,36
2026-06-02T21:10:07.318482,$GAGSV,06,,35
2026-06-02T21:10:07.318482,$GAGSV,09,,41
2026-06-02T21:10:07.318482,$GAGSV,16,,47
2026-06-02T21:10:07.318964,$GAGSV,31,,33
2026-06-02T21:10:07.318964,$GAGSV,34,,17
2026-06-02T21:10:07.320292,$GBGSV,06,,48
2026-06-02T21:10:07.320292,$GBGSV,07,,40
2026-06-02T21:10:07.320292,$GBGSV,09,,46
2026-06-02T21:10:07.320292,$GBGSV,10,,42
2026-06-02T21:10:07.320871,$GBGSV,24,,42
2026-06-02T21:10:07.320871,$GBGSV,25,,49
2026-06-02T21:10:07.320871,$GBGSV,33,,50
2026-06-02T21:10:07.321358,$GBGSV,09,,48
2026-06-02T21:10:07.321358,$GBGSV,10,,45
2026-06-02T21:10:08.348020,$GPGSV,02,,29
2026-06-02T21:10:08.348020,$GPGSV,10,,29
2026-06-02T21:10:08.348020,$GPGSV,23,,16
2026-06-02T21:10:08.348020,$GPGSV,25,,38
2026-06-02T21:10:08.350161,$GPGSV,26,,33
2026-06-02T21:10:08.350161,$GPGSV,28,,33
2026-06-02T21:10:08.350161,$GPGSV,31,,46
2026-06-02T21:10:08.350161,$GPGSV,32,,45
2026-06-02T21:10:08.352032,$GPGSV,41,,48
2026-06-02T21:10:08.352032,$GPGSV,42,,48
2026-06-02T21:10:08.352032,$GPGSV,50,,41
2026-06-02T21:10:08.353151,$GPGSV,10,,26
2026-06-02T21:10:08.353151,$GPGSV,25,,39
2026-06-02T21:10:08.353151,$GPGSV,26,,24
2026-06-02T21:10:08.353151,$GPGSV,28,,39
2026-06-02T21:10:08.353642,$GPGSV,31,,45
2026-06-02T21:10:08.353642,$GPGSV,32,,41
2026-06-02T21:10:08.355343,$GLGSV,66,,32
2026-06-02T21:10:08.355343,$GLGSV,67,,46
2026-06-02T21:10:08.355343,$GLGSV,77,,36
2026-06-02T21:10:08.355343,$GLGSV,78,,48
2026-06-02T21:10:08.355744,$GLGSV,79,,14
2026-06-02T21:10:08.356414,$GLGSV,66,,27
2026-06-02T21:10:08.356414,$GLGSV,67,,44
2026-06-02T21:10:08.356414,$GLGSV,68,,38
2026-06-02T21:10:08.356414,$GLGSV,78,,48
2026-06-02T21:10:08.356798,$GLGSV,79,,20
2026-06-02T21:10:08.357975,$GAGSV,05,,39
2026-06-02T21:10:08.357975,$GAGSV,06,,43
2026-06-02T21:10:08.357975,$GAGSV,09,,47
2026-06-02T21:10:08.357975,$GAGSV,16,,51
2026-06-02T21:10:08.358548,$GAGSV,25,,26
2026-06-02T21:10:08.358548,$GAGSV,31,,37
2026-06-02T21:10:08.358548,$GAGSV,34,,23
2026-06-02T21:10:08.359215,$GAGSV,05,,35
2026-06-02T21:10:08.359215,$GAGSV,06,,35
2026-06-02T21:10:08.359215,$GAGSV,09,,41
2026-06-02T21:10:08.359215,$GAGSV,16,,47
2026-06-02T21:10:08.359704,$GAGSV,31,,32
2026-06-02T21:10:08.359704,$GAGSV,34,,16
2026-06-02T21:10:08.360967,$GBGSV,06,,48
2026-06-02T21:10:08.360967,$GBGSV,07,,41
2026-06-02T21:10:08.360967,$GBGSV,09,,47
2026-06-02T21:10:08.360967,$GBGSV,10,,42
2026-06-02T21:10:08.361543,$GBGSV,24,,42
2026-06-02T21:10:08.361543,$GBGSV,25,,49
2026-06-02T21:10:08.361543,$GBGSV,33,,49
2026-06-02T21:10:08.362022,$GBGSV,09,,48
2026-06-02T21:10:08.362022,$GBGSV,10,,46
2026-06-02T21:10:09.310969,$GPGSV,02,,30
2026-06-02T21:10:09.310969,$GPGSV,10,,29
2026-06-02T21:10:09.310969,$GPGSV,23,,16
2026-06-02T21:10:09.310969,$GPGSV,25,,38
2026-06-02T21:10:09.311757,$GPGSV,26,,34
2026-06-02T21:10:09.311757,$GPGSV,28,,33
2026-06-02T21:10:09.311757,$GPGSV,31,,46
2026-06-02T21:10:09.311757,$GPGSV,32,,45
2026-06-02T21:10:09.312374,$GPGSV,41,,48
2026-06-02T21:10:09.312374,$GPGSV,42,,48
2026-06-02T21:10:09.312374,$GPGSV,50,,41
2026-06-02T21:10:09.313087,$GPGSV,10,,25
2026-06-02T21:10:09.313087,$GPGSV,25,,39
2026-06-02T21:10:09.313087,$GPGSV,26,,24
2026-06-02T21:10:09.313087,$GPGSV,28,,39
2026-06-02T21:10:09.313595,$GPGSV,31,,44
2026-06-02T21:10:09.313595,$GPGSV,32,,41
2026-06-02T21:10:09.315389,$GLGSV,66,,33
2026-06-02T21:10:09.315389,$GLGSV,67,,46
2026-06-02T21:10:09.315389,$GLGSV,77,,36
2026-06-02T21:10:09.315389,$GLGSV,78,,48
2026-06-02T21:10:09.315823,$GLGSV,79,,09
2026-06-02T21:10:09.316529,$GLGSV,66,,27
2026-06-02T21:10:09.316529,$GLGSV,67,,44
2026-06-02T21:10:09.316529,$GLGSV,68,,38
2026-06-02T21:10:09.316529,$GLGSV,78,,48
2026-06-02T21:10:09.316938,$GLGSV,79,,20
2026-06-02T21:10:09.318189,$GAGSV,05,,39
2026-06-02T21:10:09.318189,$GAGSV,06,,43
2026-06-02T21:10:09.318189,$GAGSV,09,,47
2026-06-02T21:10:09.318189,$GAGSV,16,,51
2026-06-02T21:10:09.318801,$GAGSV,25,,26
2026-06-02T21:10:09.318801,$GAGSV,31,,37
2026-06-02T21:10:09.318801,$GAGSV,34,,22
2026-06-02T21:10:09.319512,$GAGSV,05,,35
2026-06-02T21:10:09.319512,$GAGSV,06,,35
2026-06-02T21:10:09.319512,$GAGSV,09,,41
2026-06-02T21:10:09.319512,$GAGSV,16,,47
2026-06-02T21:10:09.320027,$GAGSV,31,,32
2026-06-02T21:10:09.320027,$GAGSV,34,,14
2026-06-02T21:10:09.321329,$GBGSV,06,,48
2026-06-02T21:10:09.321329,$GBGSV,07,,41
2026-06-02T21:10:09.321329,$GBGSV,09,,47
2026-06-02T21:10:09.321329,$GBGSV,10,,42
2026-06-02T21:10:09.321999,$GBGSV,24,,42
2026-06-02T21:10:09.321999,$GBGSV,25,,49
2026-06-02T21:10:09.321999,$GBGSV,33,,49
2026-06-02T21:10:09.322494,$GBGSV,09,,48
2026-06-02T21:10:09.322494,$GBGSV,10,,46
2026-06-02T21:10:10.341972,$GPGSV,02,,28
2026-06-02T21:10:10.341972,$GPGSV,10,,28
2026-06-02T21:10:10.341972,$GPGSV,23,,15
2026-06-02T21:10:10.341972,$GPGSV,25,,38
2026-06-02T21:10:10.342708,$GPGSV,26,,33
2026-06-02T21:10:10.342708,$GPGSV,28,,36
2026-06-02T21:10:10.342708,$GPGSV,31,,45
2026-06-02T21:10:10.342708,$GPGSV,32,,45
2026-06-02T21:10:10.343331,$GPGSV,41,,48
2026-06-02T21:10:10.343331,$GPGSV,42,,47
2026-06-02T21:10:10.343331,$GPGSV,50,,42
2026-06-02T21:10:10.344063,$GPGSV,10,,25
2026-06-02T21:10:10.344063,$GPGSV,25,,39
2026-06-02T21:10:10.344063,$GPGSV,26,,24
2026-06-02T21:10:10.344063,$GPGSV,28,,40
2026-06-02T21:10:10.344580,$GPGSV,31,,44
2026-06-02T21:10:10.344580,$GPGSV,32,,41
2026-06-02T21:10:10.346370,$GLGSV,66,,33
2026-06-02T21:10:10.346370,$GLGSV,67,,46
2026-06-02T21:10:10.346370,$GLGSV,77,,36
2026-06-02T21:10:10.346370,$GLGSV,78,,48
2026-06-02T21:10:10.346776,$GLGSV,79,,08
2026-06-02T21:10:10.347476,$GLGSV,66,,28
2026-06-02T21:10:10.347476,$GLGSV,67,,44
2026-06-02T21:10:10.347476,$GLGSV,68,,37
2026-06-02T21:10:10.347476,$GLGSV,78,,48
2026-06-02T21:10:10.347902,$GLGSV,79,,20
2026-06-02T21:10:10.349101,$GAGSV,05,,39
2026-06-02T21:10:10.349101,$GAGSV,06,,43
2026-06-02T21:10:10.349101,$GAGSV,09,,47
2026-06-02T21:10:10.349101,$GAGSV,16,,50
2026-06-02T21:10:10.349684,$GAGSV,25,,26
2026-06-02T21:10:10.349684,$GAGSV,31,,37
2026-06-02T21:10:10.349684,$GAGSV,34,,21
2026-06-02T21:10:10.350355,$GAGSV,05,,35
2026-06-02T21:10:10.350355,$GAGSV,06,,35
2026-06-02T21:10:10.350355,$GAGSV,09,,41
2026-06-02T21:10:10.350355,$GAGSV,16,,46
2026-06-02T21:10:10.350836,$GAGSV,31,,32
2026-06-02T21:10:10.350836,$GAGSV,34,,13
2026-06-02T21:10:10.352257,$GBGSV,06,,48
2026-06-02T21:10:10.352257,$GBGSV,07,,40
2026-06-02T21:10:10.352257,$GBGSV,09,,47
2026-06-02T21:10:10.352257,$GBGSV,10,,42
2026-06-02T21:10:10.352880,$GBGSV,24,,42
2026-06-02T21:10:10.352880,$GBGSV,25,,49
2026-06-02T21:10:10.352880,$GBGSV,33,,49
2026-06-02T21:10:10.353375,$GBGSV,09,,48
2026-06-02T21:10:10.353375,$GBGSV,10,,45
2026-06-02T21:10:11.316018,$GPGSV,02,,29
2026-06-02T21:10:11.316018,$GPGSV,10,,28
2026-06-02T21:10:11.316018,$GPGSV,23,,15
2026-06-02T21:10:11.316018,$GPGSV,25,,38
2026-06-02T21:10:11.316868,$GPGSV,26,,32
2026-06-02T21:10:11.316868,$GPGSV,28,,36
2026-06-02T21:10:11.316868,$GPGSV,31,,45
2026-06-02T21:10:11.316868,$GPGSV,32,,45
2026-06-02T21:10:11.317568,$GPGSV,41,,47
2026-06-02T21:10:11.317568,$GPGSV,42,,47
2026-06-02T21:10:11.317568,$GPGSV,50,,42
2026-06-02T21:10:11.318392,$GPGSV,10,,24
2026-06-02T21:10:11.318392,$GPGSV,25,,40
2026-06-02T21:10:11.318392,$GPGSV,26,,24
2026-06-02T21:10:11.318392,$GPGSV,28,,40
2026-06-02T21:10:11.318970,$GPGSV,31,,44
2026-06-02T21:10:11.318970,$GPGSV,32,,41
2026-06-02T21:10:11.320965,$GLGSV,66,,33
2026-06-02T21:10:11.320965,$GLGSV,67,,46
2026-06-02T21:10:11.320965,$GLGSV,77,,36
2026-06-02T21:10:11.320965,$GLGSV,78,,48
2026-06-02T21:10:11.321392,$GLGSV,79,,09
2026-06-02T21:10:11.322108,$GLGSV,66,,28
2026-06-02T21:10:11.322108,$GLGSV,67,,44
2026-06-02T21:10:11.322108,$GLGSV,68,,36
2026-06-02T21:10:11.322108,$GLGSV,78,,47
2026-06-02T21:10:11.322512,$GLGSV,79,,22
2026-06-02T21:10:11.323784,$GAGSV,05,,39
2026-06-02T21:10:11.323784,$GAGSV,06,,43
2026-06-02T21:10:11.323784,$GAGSV,09,,47
2026-06-02T21:10:11.323784,$GAGSV,16,,50
2026-06-02T21:10:11.324401,$GAGSV,25,,26
2026-06-02T21:10:11.324401,$GAGSV,31,,38
2026-06-02T21:10:11.324401,$GAGSV,34,,21
2026-06-02T21:10:11.325100,$GAGSV,05,,35
2026-06-02T21:10:11.325100,$GAGSV,06,,35
2026-06-02T21:10:11.325100,$GAGSV,09,,41
2026-06-02T21:10:11.325100,$GAGSV,16,,46
2026-06-02T21:10:11.325602,$GAGSV,31,,32
2026-06-02T21:10:11.325602,$GAGSV,34,,13
2026-06-02T21:10:11.326929,$GBGSV,06,,48
2026-06-02T21:10:11.326929,$GBGSV,07,,40
2026-06-02T21:10:11.326929,$GBGSV,09,,47
2026-06-02T21:10:11.326929,$GBGSV,10,,42
2026-06-02T21:10:11.327539,$GBGSV,24,,42
2026-06-02T21:10:11.327539,$GBGSV,25,,49
2026-06-02T21:10:11.327539,$GBGSV,33,,49
2026-06-02T21:10:11.328064,$GBGSV,09,,48
2026-06-02T21:10:11.328064,$GBGSV,10,,45
2026-06-02T21:10:12.334094,$GPGSV,10,,27
2026-06-02T21:10:12.334094,$GPGSV,23,,14
2026-06-02T21:10:12.334094,$GPGSV,25,,38
2026-06-02T21:10:12.334094,$GPGSV,26,,31
2026-06-02T21:10:12.335342,$GPGSV,28,,37
2026-06-02T21:10:12.335342,$GPGSV,31,,45
2026-06-02T21:10:12.335342,$GPGSV,32,,45
2026-06-02T21:10:12.335342,$GPGSV,41,,47
2026-06-02T21:10:12.335938,$GPGSV,42,,47
2026-06-02T21:10:12.335938,$GPGSV,50,,42
2026-06-02T21:10:12.336618,$GPGSV,10,,24
2026-06-02T21:10:12.336618,$GPGSV,25,,40
2026-06-02T21:10:12.336618,$GPGSV,26,,25
2026-06-02T21:10:12.336618,$GPGSV,28,,40
2026-06-02T21:10:12.337105,$GPGSV,31,,44
2026-06-02T21:10:12.337105,$GPGSV,32,,41
2026-06-02T21:10:12.338929,$GLGSV,66,,33
2026-06-02T21:10:12.338929,$GLGSV,67,,45
2026-06-02T21:10:12.338929,$GLGSV,77,,37
2026-06-02T21:10:12.338929,$GLGSV,78,,48
2026-06-02T21:10:12.339320,$GLGSV,79,,09
2026-06-02T21:10:12.340017,$GLGSV,66,,28
2026-06-02T21:10:12.340017,$GLGSV,67,,44
2026-06-02T21:10:12.340017,$GLGSV,68,,36
2026-06-02T21:10:12.340017,$GLGSV,78,,47
2026-06-02T21:10:12.340408,$GLGSV,79,,23
2026-06-02T21:10:12.341603,$GAGSV,05,,39
2026-06-02T21:10:12.341603,$GAGSV,06,,43
2026-06-02T21:10:12.341603,$GAGSV,09,,47
2026-06-02T21:10:12.341603,$GAGSV,16,,51
2026-06-02T21:10:12.342181,$GAGSV,25,,26
2026-06-02T21:10:12.342181,$GAGSV,31,,38
2026-06-02T21:10:12.342181,$GAGSV,34,,20
2026-06-02T21:10:12.342848,$GAGSV,05,,36
2026-06-02T21:10:12.342848,$GAGSV,06,,35
2026-06-02T21:10:12.342848,$GAGSV,09,,41
2026-06-02T21:10:12.342848,$GAGSV,16,,46
2026-06-02T21:10:12.343332,$GAGSV,31,,31
2026-06-02T21:10:12.343332,$GAGSV,34,,14
2026-06-02T21:10:12.344632,$GBGSV,06,,48
2026-06-02T21:10:12.344632,$GBGSV,07,,40
2026-06-02T21:10:12.344632,$GBGSV,09,,47
2026-06-02T21:10:12.344632,$GBGSV,10,,43
2026-06-02T21:10:12.345224,$GBGSV,24,,41
2026-06-02T21:10:12.345224,$GBGSV,25,,49
2026-06-02T21:10:12.345224,$GBGSV,33,,49
2026-06-02T21:10:12.345742,$GBGSV,09,,49
2026-06-02T21:10:12.345742,$GBGSV,10,,46
2026-06-02T21:10:13.313962,$GPGSV,02,,27
2026-06-02T21:10:13.313962,$GPGSV,10,,28
2026-06-02T21:10:13.313962,$GPGSV,25,,39
2026-06-02T21:10:13.313962,$GPGSV,26,,31
2026-06-02T21:10:13.314698,$GPGSV,28,,37
2026-06-02T21:10:13.314698,$GPGSV,31,,46
2026-06-02T21:10:13.314698,$GPGSV,32,,45
2026-06-02T21:10:13.314698,$GPGSV,41,,49
2026-06-02T21:10:13.315209,$GPGSV,42,,47
2026-06-02T21:10:13.315209,$GPGSV,50,,41
2026-06-02T21:10:13.315934,$GPGSV,10,,25
2026-06-02T21:10:13.315934,$GPGSV,25,,40
2026-06-02T21:10:13.315934,$GPGSV,26,,25
2026-06-02T21:10:13.315934,$GPGSV,28,,41
2026-06-02T21:10:13.316446,$GPGSV,31,,44
2026-06-02T21:10:13.316446,$GPGSV,32,,42
2026-06-02T21:10:13.318284,$GLGSV,66,,33
2026-06-02T21:10:13.318284,$GLGSV,67,,45
2026-06-02T21:10:13.318284,$GLGSV,77,,37
2026-06-02T21:10:13.318284,$GLGSV,78,,48
2026-06-02T21:10:13.318672,$GLGSV,79,,08
2026-06-02T21:10:13.319356,$GLGSV,66,,28
2026-06-02T21:10:13.319356,$GLGSV,67,,44
2026-06-02T21:10:13.319356,$GLGSV,68,,35
2026-06-02T21:10:13.319356,$GLGSV,78,,47
2026-06-02T21:10:13.320033,$GLGSV,79,,23
2026-06-02T21:10:13.321228,$GAGSV,05,,39
2026-06-02T21:10:13.321228,$GAGSV,06,,43
2026-06-02T21:10:13.321228,$GAGSV,09,,48
2026-06-02T21:10:13.321228,$GAGSV,16,,51
2026-06-02T21:10:13.321806,$GAGSV,25,,27
2026-06-02T21:10:13.321806,$GAGSV,31,,38
2026-06-02T21:10:13.321806,$GAGSV,34,,21
2026-06-02T21:10:13.322505,$GAGSV,05,,36
2026-06-02T21:10:13.322505,$GAGSV,06,,35
2026-06-02T21:10:13.322505,$GAGSV,09,,41
2026-06-02T21:10:13.322505,$GAGSV,16,,47
2026-06-02T21:10:13.322998,$GAGSV,31,,32
2026-06-02T21:10:13.322998,$GAGSV,34,,14
2026-06-02T21:10:13.324295,$GBGSV,06,,48
2026-06-02T21:10:13.324295,$GBGSV,07,,40
2026-06-02T21:10:13.324295,$GBGSV,09,,47
2026-06-02T21:10:13.324295,$GBGSV,10,,43
2026-06-02T21:10:13.324887,$GBGSV,24,,40
2026-06-02T21:10:13.324887,$GBGSV,25,,49
2026-06-02T21:10:13.324887,$GBGSV,33,,49
2026-06-02T21:10:13.325373,$GBGSV,09,,49
2026-06-02T21:10:13.325373,$GBGSV,10,,46
2026-06-02T21:10:14.337483,$GPGSV,02,,29
2026-06-02T21:10:14.337483,$GPGSV,10,,28
2026-06-02T21:10:14.337483,$GPGSV,25,,39
2026-06-02T21:10:14.337483,$GPGSV,26,,30
2026-06-02T21:10:14.338223,$GPGSV,28,,37
2026-06-02T21:10:14.338223,$GPGSV,31,,46
2026-06-02T21:10:14.338223,$GPGSV,32,,45
2026-06-02T21:10:14.338223,$GPGSV,41,,49
2026-06-02T21:10:14.338754,$GPGSV,42,,47
2026-06-02T21:10:14.338754,$GPGSV,50,,41
2026-06-02T21:10:14.339468,$GPGSV,10,,25
2026-06-02T21:10:14.339468,$GPGSV,25,,40
2026-06-02T21:10:14.339468,$GPGSV,26,,25
2026-06-02T21:10:14.339468,$GPGSV,28,,41
2026-06-02T21:10:14.340005,$GPGSV,31,,44
2026-06-02T21:10:14.340005,$GPGSV,32,,42
2026-06-02T21:10:14.341882,$GLGSV,66,,33
2026-06-02T21:10:14.341882,$GLGSV,67,,45
2026-06-02T21:10:14.341882,$GLGSV,77,,37
2026-06-02T21:10:14.341882,$GLGSV,78,,48
2026-06-02T21:10:14.342291,$GLGSV,79,,09
2026-06-02T21:10:14.342999,$GLGSV,66,,29
2026-06-02T21:10:14.342999,$GLGSV,67,,44
2026-06-02T21:10:14.342999,$GLGSV,68,,35
2026-06-02T21:10:14.342999,$GLGSV,78,,47
2026-06-02T21:10:14.343401,$GLGSV,79,,24
2026-06-02T21:10:14.344647,$GAGSV,05,,39
2026-06-02T21:10:14.344647,$GAGSV,06,,43
2026-06-02T21:10:14.344647,$GAGSV,09,,48
2026-06-02T21:10:14.344647,$GAGSV,16,,50
2026-06-02T21:10:14.345240,$GAGSV,25,,27
2026-06-02T21:10:14.345240,$GAGSV,31,,38
2026-06-02T21:10:14.345240,$GAGSV,34,,21
2026-06-02T21:10:14.345936,$GAGSV,05,,36
2026-06-02T21:10:14.345936,$GAGSV,06,,35
2026-06-02T21:10:14.345936,$GAGSV,09,,41
2026-06-02T21:10:14.345936,$GAGSV,16,,47
2026-06-02T21:10:14.346425,$GAGSV,31,,32
2026-06-02T21:10:14.346425,$GAGSV,34,,14
2026-06-02T21:10:14.347738,$GBGSV,06,,48
2026-06-02T21:10:14.347738,$GBGSV,07,,40
2026-06-02T21:10:14.347738,$GBGSV,09,,47
2026-06-02T21:10:14.347738,$GBGSV,10,,43
2026-06-02T21:10:14.348351,$GBGSV,24,,40
2026-06-02T21:10:14.348351,$GBGSV,25,,49
2026-06-02T21:10:14.348351,$GBGSV,33,,49
2026-06-02T21:10:14.348960,$GBGSV,09,,49
2026-06-02T21:10:14.348960,$GBGSV,10,,46
2026-06-02T21:10:15.303972,$GPGSV,10,,28
2026-06-02T21:10:15.303972,$GPGSV,25,,39
2026-06-02T21:10:15.303972,$GPGSV,26,,30
2026-06-02T21:10:15.303972,$GPGSV,28,,37
2026-06-02T21:10:15.304831,$GPGSV,31,,46
2026-06-02T21:10:15.304831,$GPGSV,32,,45
2026-06-02T21:10:15.304831,$GPGSV,41,,49
2026-06-02T21:10:15.304831,$GPGSV,42,,47
2026-06-02T21:10:15.305282,$GPGSV,50,,41
2026-06-02T21:10:15.306055,$GPGSV,10,,24
2026-06-02T21:10:15.306055,$GPGSV,25,,40
2026-06-02T21:10:15.306055,$GPGSV,26,,25
2026-06-02T21:10:15.306055,$GPGSV,28,,41
2026-06-02T21:10:15.306591,$GPGSV,31,,44
2026-06-02T21:10:15.306591,$GPGSV,32,,42
2026-06-02T21:10:15.308646,$GLGSV,66,,34
2026-06-02T21:10:15.308646,$GLGSV,67,,45
2026-06-02T21:10:15.308646,$GLGSV,77,,38
2026-06-02T21:10:15.308646,$GLGSV,78,,48
2026-06-02T21:10:15.309056,$GLGSV,79,,11
2026-06-02T21:10:15.309763,$GLGSV,66,,30
2026-06-02T21:10:15.309763,$GLGSV,67,,45
2026-06-02T21:10:15.309763,$GLGSV,68,,34
2026-06-02T21:10:15.309763,$GLGSV,78,,48
2026-06-02T21:10:15.310167,$GLGSV,79,,26
2026-06-02T21:10:15.311406,$GAGSV,05,,39
2026-06-02T21:10:15.311406,$GAGSV,06,,43
2026-06-02T21:10:15.311406,$GAGSV,09,,48
2026-06-02T21:10:15.311406,$GAGSV,16,,50
2026-06-02T21:10:15.312041,$GAGSV,25,,26
2026-06-02T21:10:15.312041,$GAGSV,31,,38
2026-06-02T21:10:15.312041,$GAGSV,34,,21
2026-06-02T21:10:15.312771,$GAGSV,05,,36
2026-06-02T21:10:15.312771,$GAGSV,06,,34
2026-06-02T21:10:15.312771,$GAGSV,09,,41
2026-06-02T21:10:15.312771,$GAGSV,16,,47
2026-06-02T21:10:15.313286,$GAGSV,31,,31
2026-06-02T21:10:15.313286,$GAGSV,34,,12
2026-06-02T21:10:15.314621,$GBGSV,06,,49
2026-06-02T21:10:15.314621,$GBGSV,07,,39
2026-06-02T21:10:15.314621,$GBGSV,09,,47
2026-06-02T21:10:15.314621,$GBGSV,10,,43
2026-06-02T21:10:15.315236,$GBGSV,24,,40
2026-06-02T21:10:15.315236,$GBGSV,25,,49
2026-06-02T21:10:15.315236,$GBGSV,33,,49
2026-06-02T21:10:15.315887,$GBGSV,09,,49
2026-06-02T21:10:15.315887,$GBGSV,10,,46
2026-06-02T21:10:16.310772,$GPGSV,02,,28
2026-06-02T21:10:16.310772,$GPGSV,10,,28
2026-06-02T21:10:16.310772,$GPGSV,25,,39
2026-06-02T21:10:16.310772,$GPGSV,26,,29
2026-06-02T21:10:16.311871,$GPGSV,28,,38
2026-06-02T21:10:16.311871,$GPGSV,31,,46
2026-06-02T21:10:16.311871,$GPGSV,32,,45
2026-06-02T21:10:16.311871,$GPGSV,41,,48
2026-06-02T21:10:16.312389,$GPGSV,42,,47
2026-06-02T21:10:16.312389,$GPGSV,50,,41
2026-06-02T21:10:16.313108,$GPGSV,10,,23
2026-06-02T21:10:16.313108,$GPGSV,25,,40
2026-06-02T21:10:16.313108,$GPGSV,26,,24
2026-06-02T21:10:16.313108,$GPGSV,28,,41
2026-06-02T21:10:16.313618,$GPGSV,31,,44
2026-06-02T21:10:16.313618,$GPGSV,32,,42
2026-06-02T21:10:16.315483,$GLGSV,66,,34
2026-06-02T21:10:16.315483,$GLGSV,67,,45
2026-06-02T21:10:16.315483,$GLGSV,77,,38
2026-06-02T21:10:16.315483,$GLGSV,78,,48
2026-06-02T21:10:16.315906,$GLGSV,79,,11
2026-06-02T21:10:16.316611,$GLGSV,66,,31
2026-06-02T21:10:16.316611,$GLGSV,67,,45
2026-06-02T21:10:16.316611,$GLGSV,68,,33
2026-06-02T21:10:16.316611,$GLGSV,78,,48
2026-06-02T21:10:16.317020,$GLGSV,79,,26
2026-06-02T21:10:16.318267,$GAGSV,05,,39
2026-06-02T21:10:16.318267,$GAGSV,06,,43
2026-06-02T21:10:16.318267,$GAGSV,09,,48
2026-06-02T21:10:16.318267,$GAGSV,16,,50
2026-06-02T21:10:16.318898,$GAGSV,25,,25
2026-06-02T21:10:16.318898,$GAGSV,31,,38
2026-06-02T21:10:16.318898,$GAGSV,34,,21
2026-06-02T21:10:16.319604,$GAGSV,05,,36
2026-06-02T21:10:16.319604,$GAGSV,06,,34
2026-06-02T21:10:16.319604,$GAGSV,09,,41
2026-06-02T21:10:16.319604,$GAGSV,16,,46
2026-06-02T21:10:16.320099,$GAGSV,31,,31
2026-06-02T21:10:16.320099,$GAGSV,34,,09
2026-06-02T21:10:16.321368,$GBGSV,06,,48
2026-06-02T21:10:16.321368,$GBGSV,07,,39
2026-06-02T21:10:16.321368,$GBGSV,09,,47
2026-06-02T21:10:16.321368,$GBGSV,10,,43
2026-06-02T21:10:16.321943,$GBGSV,24,,40
2026-06-02T21:10:16.321943,$GBGSV,25,,49
2026-06-02T21:10:16.321943,$GBGSV,33,,49
2026-06-02T21:10:16.322420,$GBGSV,09,,49
2026-06-02T21:10:16.322420,$GBGSV,10,,45
2026-06-02T21:10:17.314619,$GPGSV,02,,29
2026-06-02T21:10:17.314619,$GPGSV,10,,27
2026-06-02T21:10:17.314619,$GPGSV,25,,40
2026-06-02T21:10:17.314619,$GPGSV,26,,29
2026-06-02T21:10:17.315366,$GPGSV,28,,38
2026-06-02T21:10:17.315366,$GPGSV,31,,46
2026-06-02T21:10:17.315366,$GPGSV,32,,46
2026-06-02T21:10:17.315366,$GPGSV,41,,47
2026-06-02T21:10:17.315929,$GPGSV,42,,47
2026-06-02T21:10:17.315929,$GPGSV,50,,41
2026-06-02T21:10:17.316641,$GPGSV,10,,23
2026-06-02T21:10:17.316641,$GPGSV,25,,40
2026-06-02T21:10:17.316641,$GPGSV,26,,24
2026-06-02T21:10:17.316641,$GPGSV,28,,42
2026-06-02T21:10:17.317154,$GPGSV,31,,44
2026-06-02T21:10:17.317154,$GPGSV,32,,42
2026-06-02T21:10:17.319015,$GLGSV,66,,34
2026-06-02T21:10:17.319015,$GLGSV,67,,45
2026-06-02T21:10:17.319015,$GLGSV,77,,38
2026-06-02T21:10:17.319015,$GLGSV,78,,48
2026-06-02T21:10:17.319417,$GLGSV,79,,12
2026-06-02T21:10:17.320207,$GLGSV,66,,30
2026-06-02T21:10:17.320207,$GLGSV,67,,45
2026-06-02T21:10:17.320207,$GLGSV,68,,32
2026-06-02T21:10:17.320207,$GLGSV,78,,48
2026-06-02T21:10:17.320782,$GLGSV,79,,27
2026-06-02T21:10:17.322033,$GAGSV,05,,39
2026-06-02T21:10:17.322033,$GAGSV,06,,43
2026-06-02T21:10:17.322033,$GAGSV,09,,48
2026-06-02T21:10:17.322033,$GAGSV,16,,50
2026-06-02T21:10:17.322674,$GAGSV,25,,25
2026-06-02T21:10:17.322674,$GAGSV,31,,38
2026-06-02T21:10:17.322674,$GAGSV,34,,21
2026-06-02T21:10:17.323399,$GAGSV,05,,37
2026-06-02T21:10:17.323399,$GAGSV,06,,34
2026-06-02T21:10:17.323399,$GAGSV,09,,41
2026-06-02T21:10:17.323399,$GAGSV,16,,46
2026-06-02T21:10:17.323954,$GAGSV,31,,31
2026-06-02T21:10:17.323954,$GAGSV,34,,11
2026-06-02T21:10:17.325248,$GBGSV,06,,48
2026-06-02T21:10:17.325248,$GBGSV,07,,40
2026-06-02T21:10:17.325248,$GBGSV,09,,47
2026-06-02T21:10:17.325248,$GBGSV,10,,43
2026-06-02T21:10:17.325882,$GBGSV,24,,40
2026-06-02T21:10:17.325882,$GBGSV,25,,49
2026-06-02T21:10:17.325882,$GBGSV,33,,49
2026-06-02T21:10:17.326431,$GBGSV,09,,49
2026-06-02T21:10:17.326431,$GBGSV,10,,45
2026-06-02T21:10:18.307503,$GPGSV,10,,27
2026-06-02T21:10:18.307503,$GPGSV,25,,40
2026-06-02T21:10:18.307503,$GPGSV,26,,29
2026-06-02T21:10:18.307503,$GPGSV,28,,38
2026-06-02T21:10:18.308262,$GPGSV,31,,46
2026-06-02T21:10:18.308262,$GPGSV,32,,46
2026-06-02T21:10:18.308262,$GPGSV,41,,47
2026-06-02T21:10:18.308262,$GPGSV,42,,48
2026-06-02T21:10:18.308693,$GPGSV,50,,41
2026-06-02T21:10:18.309400,$GPGSV,10,,22
2026-06-02T21:10:18.309400,$GPGSV,25,,40
2026-06-02T21:10:18.309400,$GPGSV,26,,25
2026-06-02T21:10:18.309400,$GPGSV,28,,42
2026-06-02T21:10:18.309920,$GPGSV,31,,44
2026-06-02T21:10:18.309920,$GPGSV,32,,42
2026-06-02T21:10:18.311903,$GLGSV,66,,34
2026-06-02T21:10:18.311903,$GLGSV,67,,45
2026-06-02T21:10:18.311903,$GLGSV,77,,38
2026-06-02T21:10:18.311903,$GLGSV,78,,48
2026-06-02T21:10:18.312315,$GLGSV,79,,12
2026-06-02T21:10:18.313020,$GLGSV,66,,30
2026-06-02T21:10:18.313020,$GLGSV,67,,45
2026-06-02T21:10:18.313020,$GLGSV,68,,32
2026-06-02T21:10:18.313020,$GLGSV,78,,47
2026-06-02T21:10:18.313422,$GLGSV,79,,27
2026-06-02T21:10:18.314633,$GAGSV,05,,39
2026-06-02T21:10:18.314633,$GAGSV,06,,43
2026-06-02T21:10:18.314633,$GAGSV,09,,48
2026-06-02T21:10:18.314633,$GAGSV,16,,51
2026-06-02T21:10:18.315215,$GAGSV,25,,26
2026-06-02T21:10:18.315215,$GAGSV,31,,38
2026-06-02T21:10:18.315215,$GAGSV,34,,20
2026-06-02T21:10:18.315907,$GAGSV,05,,37
2026-06-02T21:10:18.315907,$GAGSV,06,,34
2026-06-02T21:10:18.315907,$GAGSV,09,,41
2026-06-02T21:10:18.315907,$GAGSV,16,,47
2026-06-02T21:10:18.316396,$GAGSV,31,,31
2026-06-02T21:10:18.316396,$GAGSV,34,,11
2026-06-02T21:10:18.317675,$GBGSV,06,,48
2026-06-02T21:10:18.317675,$GBGSV,07,,39
2026-06-02T21:10:18.317675,$GBGSV,09,,47
2026-06-02T21:10:18.317675,$GBGSV,10,,44
2026-06-02T21:10:18.318255,$GBGSV,24,,41
2026-06-02T21:10:18.318255,$GBGSV,25,,49
2026-06-02T21:10:18.318255,$GBGSV,33,,49
2026-06-02T21:10:18.318736,$GBGSV,09,,49
2026-06-02T21:10:18.318736,$GBGSV,10,,45
2026-06-02T21:10:19.310212,$GPGSV,02,,27
2026-06-02T21:10:19.310212,$GPGSV,10,,27
2026-06-02T21:10:19.310212,$GPGSV,25,,40
2026-06-02T21:10:19.310212,$GPGSV,26,,29
2026-06-02T21:10:19.311489,$GPGSV,28,,37
2026-06-02T21:10:19.311489,$GPGSV,31,,46
2026-06-02T21:10:19.311489,$GPGSV,32,,46
2026-06-02T21:10:19.311489,$GPGSV,41,,48
2026-06-02T21:10:19.312053,$GPGSV,42,,47
2026-06-02T21:10:19.312053,$GPGSV,50,,41
2026-06-02T21:10:19.312758,$GPGSV,10,,22
2026-06-02T21:10:19.312758,$GPGSV,25,,40
2026-06-02T21:10:19.312758,$GPGSV,26,,25
2026-06-02T21:10:19.312758,$GPGSV,28,,42
2026-06-02T21:10:19.313259,$GPGSV,31,,44
2026-06-02T21:10:19.313259,$GPGSV,32,,43
2026-06-02T21:10:19.315124,$GLGSV,66,,35
2026-06-02T21:10:19.315124,$GLGSV,67,,45
2026-06-02T21:10:19.315124,$GLGSV,77,,38
2026-06-02T21:10:19.315124,$GLGSV,78,,48
2026-06-02T21:10:19.315515,$GLGSV,79,,12
2026-06-02T21:10:19.316222,$GLGSV,66,,31
2026-06-02T21:10:19.316222,$GLGSV,67,,45
2026-06-02T21:10:19.316222,$GLGSV,68,,32
2026-06-02T21:10:19.316222,$GLGSV,78,,47
2026-06-02T21:10:19.316607,$GLGSV,79,,27
2026-06-02T21:10:19.317803,$GAGSV,05,,39
2026-06-02T21:10:19.317803,$GAGSV,06,,43
2026-06-02T21:10:19.317803,$GAGSV,09,,47
2026-06-02T21:10:19.317803,$GAGSV,16,,51
2026-06-02T21:10:19.318392,$GAGSV,25,,26
2026-06-02T21:10:19.318392,$GAGSV,31,,38
2026-06-02T21:10:19.318392,$GAGSV,34,,20
2026-06-02T21:10:19.319068,$GAGSV,05,,37
2026-06-02T21:10:19.319068,$GAGSV,06,,34
2026-06-02T21:10:19.319068,$GAGSV,09,,41
2026-06-02T21:10:19.319068,$GAGSV,16,,47
2026-06-02T21:10:19.319549,$GAGSV,31,,31
2026-06-02T21:10:19.319549,$GAGSV,34,,10
2026-06-02T21:10:19.320833,$GBGSV,06,,48
2026-06-02T21:10:19.320833,$GBGSV,07,,39
2026-06-02T21:10:19.320833,$GBGSV,09,,47
2026-06-02T21:10:19.320833,$GBGSV,10,,44
2026-06-02T21:10:19.321405,$GBGSV,24,,41
2026-06-02T21:10:19.321405,$GBGSV,25,,49
2026-06-02T21:10:19.321405,$GBGSV,33,,49
2026-06-02T21:10:19.321882,$GBGSV,09,,49
2026-06-02T21:10:19.321882,$GBGSV,10,,45
2026-06-02T21:10:20.318312,$GPGSV,02,,28
2026-06-02T21:10:20.318312,$GPGSV,10,,25
2026-06-02T21:10:20.318312,$GPGSV,25,,40
2026-06-02T21:10:20.318312,$GPGSV,28,,37
2026-06-02T21:10:20.319157,$GPGSV,31,,46
2026-06-02T21:10:20.319157,$GPGSV,32,,45
2026-06-02T21:10:20.319157,$GPGSV,41,,49
2026-06-02T21:10:20.319157,$GPGSV,42,,47
2026-06-02T21:10:20.319623,$GPGSV,50,,41
2026-06-02T21:10:20.320385,$GPGSV,10,,21
2026-06-02T21:10:20.320385,$GPGSV,25,,40
2026-06-02T21:10:20.320385,$GPGSV,26,,25
2026-06-02T21:10:20.320385,$GPGSV,28,,42
2026-06-02T21:10:20.320940,$GPGSV,31,,44
2026-06-02T21:10:20.320940,$GPGSV,32,,43
2026-06-02T21:10:20.322809,$GLGSV,66,,28
2026-06-02T21:10:20.322809,$GLGSV,67,,46
2026-06-02T21:10:20.322809,$GLGSV,77,,38
2026-06-02T21:10:20.322809,$GLGSV,78,,48
2026-06-02T21:10:20.323211,$GLGSV,79,,14
2026-06-02T21:10:20.323940,$GLGSV,66,,31
2026-06-02T21:10:20.323940,$GLGSV,67,,45
2026-06-02T21:10:20.323940,$GLGSV,68,,34
2026-06-02T21:10:20.323940,$GLGSV,78,,48
2026-06-02T21:10:20.324349,$GLGSV,79,,26
2026-06-02T21:10:20.325597,$GAGSV,05,,38
2026-06-02T21:10:20.325597,$GAGSV,06,,43
2026-06-02T21:10:20.325597,$GAGSV,09,,47
2026-06-02T21:10:20.325597,$GAGSV,16,,50
2026-06-02T21:10:20.326209,$GAGSV,25,,26
2026-06-02T21:10:20.326209,$GAGSV,31,,38
2026-06-02T21:10:20.326209,$GAGSV,34,,20
2026-06-02T21:10:20.326913,$GAGSV,05,,37
2026-06-02T21:10:20.326913,$GAGSV,06,,34
2026-06-02T21:10:20.326913,$GAGSV,09,,41
2026-06-02T21:10:20.326913,$GAGSV,16,,47
2026-06-02T21:10:20.327419,$GAGSV,31,,31
2026-06-02T21:10:20.327419,$GAGSV,34,,08
2026-06-02T21:10:20.328770,$GBGSV,06,,48
2026-06-02T21:10:20.328770,$GBGSV,07,,39
2026-06-02T21:10:20.328770,$GBGSV,09,,47
2026-06-02T21:10:20.328770,$GBGSV,10,,44
2026-06-02T21:10:20.329376,$GBGSV,24,,42
2026-06-02T21:10:20.329376,$GBGSV,25,,49
2026-06-02T21:10:20.329376,$GBGSV,33,,48
2026-06-02T21:10:20.329898,$GBGSV,09,,50
2026-06-02T21:10:20.329898,$GBGSV,10,,45
2026-06-02T21:10:21.307353,$GPGSV,10,,25
2026-06-02T21:10:21.307353,$GPGSV,25,,38
2026-06-02T21:10:21.307353,$GPGSV,28,,37
2026-06-02T21:10:21.307353,$GPGSV,31,,46
2026-06-02T21:10:21.308110,$GPGSV,32,,47
2026-06-02T21:10:21.308110,$GPGSV,41,,48
2026-06-02T21:10:21.308110,$GPGSV,42,,47
2026-06-02T21:10:21.308110,$GPGSV,50,,40
2026-06-02T21:10:21.308824,$GPGSV,10,,23
2026-06-02T21:10:21.308824,$GPGSV,25,,39
2026-06-02T21:10:21.308824,$GPGSV,26,,25
2026-06-02T21:10:21.308824,$GPGSV,28,,41
2026-06-02T21:10:21.309336,$GPGSV,31,,44
2026-06-02T21:10:21.309336,$GPGSV,32,,44
2026-06-02T21:10:21.311307,$GLGSV,66,,36
2026-06-02T21:10:21.311307,$GLGSV,67,,47
2026-06-02T21:10:21.311307,$GLGSV,77,,35
2026-06-02T21:10:21.311307,$GLGSV,78,,49
2026-06-02T21:10:21.311746,$GLGSV,79,,15
2026-06-02T21:10:21.312444,$GLGSV,66,,26
2026-06-02T21:10:21.312444,$GLGSV,67,,44
2026-06-02T21:10:21.312444,$GLGSV,68,,36
2026-06-02T21:10:21.312444,$GLGSV,78,,48
2026-06-02T21:10:21.312850,$GLGSV,79,,24
2026-06-02T21:10:21.314081,$GAGSV,05,,41
2026-06-02T21:10:21.314081,$GAGSV,06,,42
2026-06-02T21:10:21.314081,$GAGSV,09,,48
2026-06-02T21:10:21.314081,$GAGSV,16,,49
2026-06-02T21:10:21.314688,$GAGSV,25,,24
2026-06-02T21:10:21.314688,$GAGSV,31,,37
2026-06-02T21:10:21.314688,$GAGSV,34,,19
2026-06-02T21:10:21.315911,$GAGSV,05,,32
2026-06-02T21:10:21.315911,$GAGSV,06,,35
2026-06-02T21:10:21.315911,$GAGSV,09,,42
2026-06-02T21:10:21.315911,$GAGSV,16,,47
2026-06-02T21:10:21.316437,$GAGSV,31,,25
2026-06-02T21:10:21.316437,$GAGSV,34,,09
2026-06-02T21:10:21.317755,$GBGSV,06,,49
2026-06-02T21:10:21.317755,$GBGSV,07,,35
2026-06-02T21:10:21.317755,$GBGSV,09,,47
2026-06-02T21:10:21.317755,$GBGSV,10,,44
2026-06-02T21:10:21.318346,$GBGSV,24,,41
2026-06-02T21:10:21.318346,$GBGSV,25,,49
2026-06-02T21:10:21.318346,$GBGSV,33,,48
2026-06-02T21:10:21.318836,$GBGSV,09,,49
2026-06-02T21:10:21.318836,$GBGSV,10,,47
2026-06-02T21:10:22.307122,$GPGSV,02,,30
2026-06-02T21:10:22.307122,$GPGSV,10,,31
2026-06-02T21:10:22.307122,$GPGSV,25,,38
2026-06-02T21:10:22.307122,$GPGSV,28,,38
2026-06-02T21:10:22.307795,$GPGSV,31,,43
2026-06-02T21:10:22.307795,$GPGSV,32,,45
2026-06-02T21:10:22.307795,$GPGSV,41,,46
2026-06-02T21:10:22.307795,$GPGSV,42,,47
2026-06-02T21:10:22.308169,$GPGSV,50,,41
2026-06-02T21:10:22.308767,$GPGSV,10,,21
2026-06-02T21:10:22.308767,$GPGSV,25,,38
2026-06-02T21:10:22.308767,$GPGSV,26,,26
2026-06-02T21:10:22.308767,$GPGSV,28,,40
2026-06-02T21:10:22.309197,$GPGSV,31,,45
2026-06-02T21:10:22.309197,$GPGSV,32,,46
2026-06-02T21:10:22.310762,$GLGSV,66,,31
2026-06-02T21:10:22.310762,$GLGSV,67,,47
2026-06-02T21:10:22.310762,$GLGSV,77,,39
2026-06-02T21:10:22.310762,$GLGSV,78,,48
2026-06-02T21:10:22.311105,$GLGSV,79,,16
2026-06-02T21:10:22.311681,$GLGSV,66,,36
2026-06-02T21:10:22.311681,$GLGSV,67,,45
2026-06-02T21:10:22.311681,$GLGSV,68,,30
2026-06-02T21:10:22.311681,$GLGSV,78,,48
2026-06-02T21:10:22.312012,$GLGSV,79,,20
2026-06-02T21:10:22.313025,$GAGSV,05,,42
2026-06-02T21:10:22.313025,$GAGSV,06,,42
2026-06-02T21:10:22.313025,$GAGSV,09,,46
2026-06-02T21:10:22.313025,$GAGSV,16,,52
2026-06-02T21:10:22.313522,$GAGSV,25,,21
2026-06-02T21:10:22.313522,$GAGSV,31,,36
2026-06-02T21:10:22.313522,$GAGSV,34,,17
2026-06-02T21:10:22.314102,$GAGSV,05,,36
2026-06-02T21:10:22.314102,$GAGSV,06,,38
2026-06-02T21:10:22.314102,$GAGSV,09,,43
2026-06-02T21:10:22.314102,$GAGSV,16,,46
2026-06-02T21:10:22.314516,$GAGSV,31,,31
2026-06-02T21:10:22.314516,$GAGSV,34,,11
2026-06-02T21:10:22.315610,$GBGSV,06,,49
2026-06-02T21:10:22.315610,$GBGSV,07,,37
2026-06-02T21:10:22.315610,$GBGSV,09,,47
2026-06-02T21:10:22.315610,$GBGSV,10,,44
2026-06-02T21:10:22.316103,$GBGSV,24,,42
2026-06-02T21:10:22.316103,$GBGSV,25,,50
2026-06-02T21:10:22.316103,$GBGSV,33,,47
2026-06-02T21:10:22.316519,$GBGSV,09,,49
2026-06-02T21:10:22.316519,$GBGSV,10,,47
2026-06-02T21:10:23.307243,$GPGSV,10,,24
2026-06-02T21:10:23.307243,$GPGSV,25,,33
2026-06-02T21:10:23.307243,$GPGSV,28,,29
2026-06-02T21:10:23.307243,$GPGSV,31,,45
2026-06-02T21:10:23.308061,$GPGSV,32,,47
2026-06-02T21:10:23.308061,$GPGSV,41,,46
2026-06-02T21:10:23.308061,$GPGSV,42,,47
2026-06-02T21:10:23.308061,$GPGSV,50,,42
2026-06-02T21:10:23.308810,$GPGSV,10,,20
2026-06-02T21:10:23.308810,$GPGSV,25,,38
2026-06-02T21:10:23.308810,$GPGSV,26,,26
2026-06-02T21:10:23.308810,$GPGSV,28,,40
2026-06-02T21:10:23.309338,$GPGSV,31,,46
2026-06-02T21:10:23.309338,$GPGSV,32,,45
2026-06-02T21:10:23.311334,$GLGSV,66,,32
2026-06-02T21:10:23.311334,$GLGSV,67,,43
2026-06-02T21:10:23.311334,$GLGSV,77,,41
2026-06-02T21:10:23.311334,$GLGSV,78,,49
2026-06-02T21:10:23.311769,$GLGSV,79,,15
2026-06-02T21:10:23.312482,$GLGSV,66,,28
2026-06-02T21:10:23.312482,$GLGSV,67,,44
2026-06-02T21:10:23.312482,$GLGSV,68,,33
2026-06-02T21:10:23.312482,$GLGSV,78,,48
2026-06-02T21:10:23.312890,$GLGSV,79,,17
2026-06-02T21:10:23.314150,$GAGSV,05,,39
2026-06-02T21:10:23.314150,$GAGSV,06,,41
2026-06-02T21:10:23.314150,$GAGSV,09,,45
2026-06-02T21:10:23.314150,$GAGSV,16,,50
2026-06-02T21:10:23.315004,$GAGSV,25,,18
2026-06-02T21:10:23.315004,$GAGSV,31,,27
2026-06-02T21:10:23.315004,$GAGSV,34,,16
2026-06-02T21:10:23.315756,$GAGSV,05,,37
2026-06-02T21:10:23.315756,$GAGSV,06,,36
2026-06-02T21:10:23.315756,$GAGSV,09,,42
2026-06-02T21:10:23.315756,$GAGSV,16,,47
2026-06-02T21:10:23.316272,$GAGSV,31,,24
2026-06-02T21:10:23.316272,$GAGSV,34,,14
2026-06-02T21:10:23.317638,$GBGSV,06,,49
2026-06-02T21:10:23.317638,$GBGSV,07,,42
2026-06-02T21:10:23.317638,$GBGSV,09,,47
2026-06-02T21:10:23.317638,$GBGSV,10,,44
2026-06-02T21:10:23.318260,$GBGSV,24,,40
2026-06-02T21:10:23.318260,$GBGSV,25,,50
2026-06-02T21:10:23.318260,$GBGSV,33,,48
2026-06-02T21:10:23.318755,$GBGSV,09,,50
2026-06-02T21:10:23.318755,$GBGSV,10,,46
2026-06-02T21:10:24.302805,$GPGSV,02,,33
2026-06-02T21:10:24.302805,$GPGSV,10,,31
2026-06-02T21:10:24.302805,$GPGSV,25,,28
2026-06-02T21:10:24.302805,$GPGSV,26,,28
2026-06-02T21:10:24.303541,$GPGSV,28,,34
2026-06-02T21:10:24.303541,$GPGSV,31,,45
2026-06-02T21:10:24.303541,$GPGSV,32,,46
2026-06-02T21:10:24.303541,$GPGSV,41,,47
2026-06-02T21:10:24.304065,$GPGSV,42,,46
2026-06-02T21:10:24.304065,$GPGSV,50,,41
2026-06-02T21:10:24.304765,$GPGSV,10,,19
2026-06-02T21:10:24.304765,$GPGSV,25,,33
2026-06-02T21:10:24.304765,$GPGSV,26,,26
2026-06-02T21:10:24.304765,$GPGSV,28,,38
2026-06-02T21:10:24.305267,$GPGSV,31,,44
2026-06-02T21:10:24.305267,$GPGSV,32,,45
2026-06-02T21:10:24.307134,$GLGSV,66,,37
2026-06-02T21:10:24.307134,$GLGSV,67,,45
2026-06-02T21:10:24.307134,$GLGSV,77,,38
2026-06-02T21:10:24.307134,$GLGSV,78,,48
2026-06-02T21:10:24.307522,$GLGSV,79,,16
2026-06-02T21:10:24.308225,$GLGSV,66,,31
2026-06-02T21:10:24.308225,$GLGSV,67,,43
2026-06-02T21:10:24.308225,$GLGSV,68,,29
2026-06-02T21:10:24.308225,$GLGSV,78,,48
2026-06-02T21:10:24.308631,$GLGSV,79,,17
2026-06-02T21:10:24.309824,$GAGSV,05,,42
2026-06-02T21:10:24.309824,$GAGSV,06,,40
2026-06-02T21:10:24.309824,$GAGSV,09,,43
2026-06-02T21:10:24.309824,$GAGSV,16,,50
2026-06-02T21:10:24.310406,$GAGSV,25,,18
2026-06-02T21:10:24.310406,$GAGSV,31,,35
2026-06-02T21:10:24.310406,$GAGSV,34,,16
2026-06-02T21:10:24.311080,$GAGSV,05,,37
2026-06-02T21:10:24.311080,$GAGSV,06,,35
2026-06-02T21:10:24.311080,$GAGSV,09,,41
2026-06-02T21:10:24.311080,$GAGSV,16,,45
2026-06-02T21:10:24.311565,$GAGSV,31,,23
2026-06-02T21:10:24.311565,$GAGSV,34,,15
2026-06-02T21:10:24.312892,$GBGSV,06,,49
2026-06-02T21:10:24.312892,$GBGSV,07,,42
2026-06-02T21:10:24.312892,$GBGSV,09,,47
2026-06-02T21:10:24.312892,$GBGSV,10,,44
2026-06-02T21:10:24.313473,$GBGSV,24,,40
2026-06-02T21:10:24.313473,$GBGSV,25,,50
2026-06-02T21:10:24.313473,$GBGSV,33,,48
2026-06-02T21:10:24.313960,$GBGSV,09,,49
2026-06-02T21:10:24.313960,$GBGSV,10,,46
2026-06-02T21:10:25.310532,$GPGSV,10,,26
2026-06-02T21:10:25.310532,$GPGSV,25,,32
2026-06-02T21:10:25.310532,$GPGSV,26,,28
2026-06-02T21:10:25.310532,$GPGSV,28,,30
2026-06-02T21:10:25.311431,$GPGSV,31,,44
2026-06-02T21:10:25.311431,$GPGSV,32,,48
2026-06-02T21:10:25.311431,$GPGSV,41,,47
2026-06-02T21:10:25.311431,$GPGSV,42,,46
2026-06-02T21:10:25.311964,$GPGSV,50,,41
2026-06-02T21:10:25.312444,$GPGSV,23,,16
2026-06-02T21:10:25.313250,$GPGSV,10,,20
2026-06-02T21:10:25.313250,$GPGSV,25,,36
2026-06-02T21:10:25.313250,$GPGSV,26,,23
2026-06-02T21:10:25.313250,$GPGSV,28,,38
2026-06-02T21:10:25.313831,$GPGSV,31,,43
2026-06-02T21:10:25.313831,$GPGSV,32,,47
2026-06-02T21:10:25.315943,$GLGSV,66,,30
2026-06-02T21:10:25.315943,$GLGSV,67,,46
2026-06-02T21:10:25.315943,$GLGSV,77,,40
2026-06-02T21:10:25.315943,$GLGSV,78,,48
2026-06-02T21:10:25.316393,$GLGSV,79,,19
2026-06-02T21:10:25.317132,$GLGSV,66,,31
2026-06-02T21:10:25.317132,$GLGSV,67,,45
2026-06-02T21:10:25.317132,$GLGSV,68,,40
2026-06-02T21:10:25.317132,$GLGSV,78,,48
2026-06-02T21:10:25.317538,$GLGSV,79,,17
2026-06-02T21:10:25.318810,$GAGSV,05,,42
2026-06-02T21:10:25.318810,$GAGSV,06,,40
2026-06-02T21:10:25.318810,$GAGSV,09,,45
2026-06-02T21:10:25.318810,$GAGSV,16,,50
2026-06-02T21:10:25.319429,$GAGSV,25,,20
2026-06-02T21:10:25.319429,$GAGSV,31,,32
2026-06-02T21:10:25.319429,$GAGSV,34,,16
2026-06-02T21:10:25.320161,$GAGSV,05,,35
2026-06-02T21:10:25.320161,$GAGSV,06,,31
2026-06-02T21:10:25.320161,$GAGSV,09,,42
2026-06-02T21:10:25.320161,$GAGSV,16,,46
2026-06-02T21:10:25.320782,$GAGSV,25,,07
2026-06-02T21:10:25.320782,$GAGSV,31,,30
2026-06-02T21:10:25.320782,$GAGSV,34,,15
2026-06-02T21:10:25.322232,$GBGSV,06,,49
2026-06-02T21:10:25.322232,$GBGSV,07,,42
2026-06-02T21:10:25.322232,$GBGSV,09,,47
2026-06-02T21:10:25.322232,$GBGSV,10,,44
2026-06-02T21:10:25.322838,$GBGSV,24,,41
2026-06-02T21:10:25.322838,$GBGSV,25,,50
2026-06-02T21:10:25.322838,$GBGSV,33,,47
2026-06-02T21:10:25.323343,$GBGSV,09,,49
2026-06-02T21:10:25.323343,$GBGSV,10,,46
2026-06-02T21:10:26.310533,$GPGSV,02,,32
2026-06-02T21:10:26.310533,$GPGSV,10,,35
2026-06-02T21:10:26.310533,$GPGSV,25,,35
2026-06-02T21:10:26.310533,$GPGSV,26,,33
2026-06-02T21:10:26.311267,$GPGSV,28,,39
2026-06-02T21:10:26.311267,$GPGSV,31,,46
2026-06-02T21:10:26.311267,$GPGSV,32,,45
2026-06-02T21:10:26.311267,$GPGSV,41,,47
2026-06-02T21:10:26.311789,$GPGSV,42,,46
2026-06-02T21:10:26.311789,$GPGSV,50,,42
2026-06-02T21:10:26.312494,$GPGSV,10,,24
2026-06-02T21:10:26.312494,$GPGSV,23,,14
2026-06-02T21:10:26.312494,$GPGSV,25,,32
2026-06-02T21:10:26.312494,$GPGSV,26,,22
2026-06-02T21:10:26.313102,$GPGSV,28,,38
2026-06-02T21:10:26.313102,$GPGSV,31,,46
2026-06-02T21:10:26.313102,$GPGSV,32,,43
2026-06-02T21:10:26.314889,$GLGSV,66,,28
2026-06-02T21:10:26.314889,$GLGSV,67,,49
2026-06-02T21:10:26.314889,$GLGSV,77,,38
2026-06-02T21:10:26.314889,$GLGSV,78,,49
2026-06-02T21:10:26.315289,$GLGSV,79,,19
2026-06-02T21:10:26.316016,$GLGSV,66,,30
2026-06-02T21:10:26.316016,$GLGSV,67,,43
2026-06-02T21:10:26.316016,$GLGSV,68,,42
2026-06-02T21:10:26.316016,$GLGSV,78,,48
2026-06-02T21:10:26.316419,$GLGSV,79,,18
2026-06-02T21:10:26.317644,$GAGSV,05,,42
2026-06-02T21:10:26.317644,$GAGSV,06,,39
2026-06-02T21:10:26.317644,$GAGSV,09,,45
2026-06-02T21:10:26.317644,$GAGSV,16,,51
2026-06-02T21:10:26.318219,$GAGSV,25,,19
2026-06-02T21:10:26.318219,$GAGSV,31,,33
2026-06-02T21:10:26.318219,$GAGSV,34,,20
2026-06-02T21:10:26.318883,$GAGSV,05,,32
2026-06-02T21:10:26.318883,$GAGSV,06,,29
2026-06-02T21:10:26.318883,$GAGSV,09,,40
2026-06-02T21:10:26.318883,$GAGSV,16,,47
2026-06-02T21:10:26.319365,$GAGSV,31,,29
2026-06-02T21:10:26.319365,$GAGSV,34,,15
2026-06-02T21:10:26.320653,$GBGSV,06,,49
2026-06-02T21:10:26.320653,$GBGSV,07,,44
2026-06-02T21:10:26.320653,$GBGSV,09,,48
2026-06-02T21:10:26.320653,$GBGSV,10,,43
2026-06-02T21:10:26.321230,$GBGSV,24,,41
2026-06-02T21:10:26.321230,$GBGSV,25,,49
2026-06-02T21:10:26.321230,$GBGSV,33,,49
2026-06-02T21:10:26.321713,$GBGSV,09,,48
2026-06-02T21:10:26.321713,$GBGSV,10,,44
2026-06-02T21:10:27.306288,$GPGSV,10,,31
2026-06-02T21:10:27.306288,$GPGSV,25,,26
2026-06-02T21:10:27.306288,$GPGSV,26,,33
2026-06-02T21:10:27.306288,$GPGSV,28,,40
2026-06-02T21:10:27.306896,$GPGSV,31,,45
2026-06-02T21:10:27.306896,$GPGSV,32,,43
2026-06-02T21:10:27.306896,$GPGSV,41,,48
2026-06-02T21:10:27.306896,$GPGSV,42,,46
2026-06-02T21:10:27.307236,$GPGSV,50,,41
2026-06-02T21:10:27.307815,$GPGSV,10,,23
2026-06-02T21:10:27.307815,$GPGSV,23,,12
2026-06-02T21:10:27.307815,$GPGSV,25,,35
2026-06-02T21:10:27.307815,$GPGSV,26,,22
2026-06-02T21:10:27.308312,$GPGSV,28,,44
2026-06-02T21:10:27.308312,$GPGSV,31,,45
2026-06-02T21:10:27.308312,$GPGSV,32,,44
2026-06-02T21:10:27.309868,$GLGSV,66,,35
2026-06-02T21:10:27.309868,$GLGSV,67,,49
2026-06-02T21:10:27.309868,$GLGSV,77,,38
2026-06-02T21:10:27.309868,$GLGSV,78,,48
2026-06-02T21:10:27.310202,$GLGSV,79,,20
2026-06-02T21:10:27.310778,$GLGSV,66,,26
2026-06-02T21:10:27.310778,$GLGSV,67,,45
2026-06-02T21:10:27.310778,$GLGSV,68,,37
2026-06-02T21:10:27.310778,$GLGSV,78,,50
2026-06-02T21:10:27.311111,$GLGSV,79,,17
2026-06-02T21:10:27.312139,$GAGSV,05,,39
2026-06-02T21:10:27.312139,$GAGSV,06,,40
2026-06-02T21:10:27.312139,$GAGSV,09,,45
2026-06-02T21:10:27.312139,$GAGSV,16,,51
2026-06-02T21:10:27.312640,$GAGSV,25,,19
2026-06-02T21:10:27.312640,$GAGSV,31,,32
2026-06-02T21:10:27.312640,$GAGSV,34,,22
2026-06-02T21:10:27.313221,$GAGSV,05,,36
2026-06-02T21:10:27.313221,$GAGSV,09,,42
2026-06-02T21:10:27.313221,$GAGSV,16,,46
2026-06-02T21:10:27.313221,$GAGSV,31,,29
2026-06-02T21:10:27.313552,$GAGSV,34,,18
2026-06-02T21:10:27.314641,$GBGSV,06,,49
2026-06-02T21:10:27.314641,$GBGSV,07,,46
2026-06-02T21:10:27.314641,$GBGSV,09,,48
2026-06-02T21:10:27.314641,$GBGSV,10,,45
2026-06-02T21:10:27.315143,$GBGSV,24,,40
2026-06-02T21:10:27.315143,$GBGSV,25,,49
2026-06-02T21:10:27.315143,$GBGSV,33,,49
2026-06-02T21:10:27.315553,$GBGSV,09,,49
2026-06-02T21:10:27.315553,$GBGSV,10,,45
2026-06-02T21:10:28.307186,$GPGSV,02,,33
2026-06-02T21:10:28.307186,$GPGSV,10,,24
2026-06-02T21:10:28.307186,$GPGSV,25,,32
2026-06-02T21:10:28.307186,$GPGSV,26,,32
2026-06-02T21:10:28.307952,$GPGSV,28,,36
2026-06-02T21:10:28.307952,$GPGSV,31,,45
2026-06-02T21:10:28.307952,$GPGSV,32,,43
2026-06-02T21:10:28.307952,$GPGSV,41,,48
2026-06-02T21:10:28.308466,$GPGSV,42,,46
2026-06-02T21:10:28.308466,$GPGSV,50,,42
2026-06-02T21:10:28.309167,$GPGSV,10,,22
2026-06-02T21:10:28.309167,$GPGSV,23,,12
2026-06-02T21:10:28.309167,$GPGSV,25,,30
2026-06-02T21:10:28.309167,$GPGSV,26,,20
2026-06-02T21:10:28.309768,$GPGSV,28,,41
2026-06-02T21:10:28.309768,$GPGSV,31,,45
2026-06-02T21:10:28.309768,$GPGSV,32,,44
2026-06-02T21:10:28.311557,$GLGSV,66,,36
2026-06-02T21:10:28.311557,$GLGSV,67,,48
2026-06-02T21:10:28.311557,$GLGSV,77,,41
2026-06-02T21:10:28.311557,$GLGSV,78,,49
2026-06-02T21:10:28.311971,$GLGSV,79,,19
2026-06-02T21:10:28.312675,$GLGSV,66,,31
2026-06-02T21:10:28.312675,$GLGSV,67,,46
2026-06-02T21:10:28.312675,$GLGSV,68,,37
2026-06-02T21:10:28.312675,$GLGSV,78,,48
2026-06-02T21:10:28.313095,$GLGSV,79,,17
2026-06-02T21:10:28.314345,$GAGSV,05,,42
2026-06-02T21:10:28.314345,$GAGSV,06,,38
2026-06-02T21:10:28.314345,$GAGSV,09,,45
2026-06-02T21:10:28.314345,$GAGSV,16,,50
2026-06-02T21:10:28.314927,$GAGSV,25,,21
2026-06-02T21:10:28.314927,$GAGSV,31,,25
2026-06-02T21:10:28.314927,$GAGSV,34,,19
2026-06-02T21:10:28.315604,$GAGSV,05,,39
2026-06-02T21:10:28.315604,$GAGSV,09,,43
2026-06-02T21:10:28.315604,$GAGSV,16,,45
2026-06-02T21:10:28.315604,$GAGSV,31,,21
2026-06-02T21:10:28.316015,$GAGSV,34,,17
2026-06-02T21:10:28.317283,$GBGSV,06,,48
2026-06-02T21:10:28.317283,$GBGSV,07,,44
2026-06-02T21:10:28.317283,$GBGSV,09,,47
2026-06-02T21:10:28.317283,$GBGSV,10,,42
2026-06-02T21:10:28.317861,$GBGSV,24,,38
2026-06-02T21:10:28.317861,$GBGSV,25,,49
2026-06-02T21:10:28.317861,$GBGSV,33,,49
2026-06-02T21:10:28.318347,$GBGSV,09,,48
2026-06-02T21:10:28.318347,$GBGSV,10,,43
2026-06-02T21:10:29.308167,$GPGSV,10,,26
2026-06-02T21:10:29.308167,$GPGSV,25,,27
2026-06-02T21:10:29.308167,$GPGSV,26,,28
2026-06-02T21:10:29.308167,$GPGSV,28,,34
2026-06-02T21:10:29.309003,$GPGSV,31,,46
2026-06-02T21:10:29.309003,$GPGSV,32,,42
2026-06-02T21:10:29.309003,$GPGSV,41,,48
2026-06-02T21:10:29.309003,$GPGSV,42,,47
2026-06-02T21:10:29.309474,$GPGSV,50,,42
2026-06-02T21:10:29.310271,$GPGSV,10,,22
2026-06-02T21:10:29.310271,$GPGSV,23,,12
2026-06-02T21:10:29.310271,$GPGSV,25,,31
2026-06-02T21:10:29.310271,$GPGSV,26,,21
2026-06-02T21:10:29.310937,$GPGSV,28,,43
2026-06-02T21:10:29.310937,$GPGSV,31,,44
2026-06-02T21:10:29.310937,$GPGSV,32,,43
2026-06-02T21:10:29.312893,$GLGSV,66,,28
2026-06-02T21:10:29.312893,$GLGSV,67,,47
2026-06-02T21:10:29.312893,$GLGSV,77,,42
2026-06-02T21:10:29.312893,$GLGSV,78,,49
2026-06-02T21:10:29.313298,$GLGSV,79,,19
2026-06-02T21:10:29.313992,$GLGSV,66,,35
2026-06-02T21:10:29.313992,$GLGSV,67,,47
2026-06-02T21:10:29.313992,$GLGSV,68,,33
2026-06-02T21:10:29.313992,$GLGSV,78,,48
2026-06-02T21:10:29.314397,$GLGSV,79,,15
2026-06-02T21:10:29.315649,$GAGSV,05,,45
2026-06-02T21:10:29.315649,$GAGSV,06,,38
2026-06-02T21:10:29.315649,$GAGSV,09,,46
2026-06-02T21:10:29.315649,$GAGSV,16,,50
2026-06-02T21:10:29.316254,$GAGSV,25,,22
2026-06-02T21:10:29.316254,$GAGSV,31,,27
2026-06-02T21:10:29.316254,$GAGSV,34,,19
2026-06-02T21:10:29.316962,$GAGSV,05,,37
2026-06-02T21:10:29.316962,$GAGSV,06,,32
2026-06-02T21:10:29.316962,$GAGSV,09,,42
2026-06-02T21:10:29.316962,$GAGSV,16,,47
2026-06-02T21:10:29.317561,$GAGSV,25,,20
2026-06-02T21:10:29.317561,$GAGSV,31,,29
2026-06-02T21:10:29.317561,$GAGSV,34,,18
2026-06-02T21:10:29.318883,$GBGSV,06,,49
2026-06-02T21:10:29.318883,$GBGSV,07,,40
2026-06-02T21:10:29.318883,$GBGSV,09,,47
2026-06-02T21:10:29.318883,$GBGSV,10,,42
2026-06-02T21:10:29.319484,$GBGSV,24,,37
2026-06-02T21:10:29.319484,$GBGSV,25,,50
2026-06-02T21:10:29.319484,$GBGSV,33,,48
2026-06-02T21:10:29.320011,$GBGSV,09,,49
2026-06-02T21:10:29.320011,$GBGSV,10,,43
2026-06-02T21:10:30.308825,$GPGSV,02,,31
2026-06-02T21:10:30.308825,$GPGSV,10,,27
2026-06-02T21:10:30.308825,$GPGSV,25,,28
2026-06-02T21:10:30.308825,$GPGSV,26,,33
2026-06-02T21:10:30.309562,$GPGSV,28,,43
2026-06-02T21:10:30.309562,$GPGSV,31,,46
2026-06-02T21:10:30.309562,$GPGSV,32,,44
2026-06-02T21:10:30.309562,$GPGSV,41,,48
2026-06-02T21:10:30.310073,$GPGSV,42,,46
2026-06-02T21:10:30.310073,$GPGSV,50,,42
2026-06-02T21:10:30.310776,$GPGSV,10,,20
2026-06-02T21:10:30.310776,$GPGSV,23,,14
2026-06-02T21:10:30.310776,$GPGSV,25,,26
2026-06-02T21:10:30.310776,$GPGSV,26,,20
2026-06-02T21:10:30.311379,$GPGSV,28,,40
2026-06-02T21:10:30.311379,$GPGSV,31,,44
2026-06-02T21:10:30.311379,$GPGSV,32,,46
2026-06-02T21:10:30.313180,$GLGSV,66,,29
2026-06-02T21:10:30.313180,$GLGSV,67,,47
2026-06-02T21:10:30.313180,$GLGSV,77,,41
2026-06-02T21:10:30.313180,$GLGSV,78,,49
2026-06-02T21:10:30.313585,$GLGSV,79,,18
2026-06-02T21:10:30.314285,$GLGSV,66,,35
2026-06-02T21:10:30.314285,$GLGSV,67,,45
2026-06-02T21:10:30.314285,$GLGSV,68,,36
2026-06-02T21:10:30.314285,$GLGSV,78,,48
2026-06-02T21:10:30.314701,$GLGSV,79,,15
2026-06-02T21:10:30.315946,$GAGSV,05,,42
2026-06-02T21:10:30.315946,$GAGSV,06,,40
2026-06-02T21:10:30.315946,$GAGSV,09,,48
2026-06-02T21:10:30.315946,$GAGSV,16,,51
2026-06-02T21:10:30.316549,$GAGSV,25,,23
2026-06-02T21:10:30.316549,$GAGSV,31,,28
2026-06-02T21:10:30.316549,$GAGSV,34,,20
2026-06-02T21:10:30.317213,$GAGSV,05,,38
2026-06-02T21:10:30.317213,$GAGSV,06,,32
2026-06-02T21:10:30.317213,$GAGSV,09,,43
2026-06-02T21:10:30.317213,$GAGSV,16,,46
2026-06-02T21:10:30.317693,$GAGSV,31,,21
2026-06-02T21:10:30.317693,$GAGSV,34,,18
2026-06-02T21:10:30.318962,$GBGSV,06,,49
2026-06-02T21:10:30.318962,$GBGSV,07,,44
2026-06-02T21:10:30.318962,$GBGSV,09,,47
2026-06-02T21:10:30.318962,$GBGSV,10,,40
2026-06-02T21:10:30.319535,$GBGSV,24,,34
2026-06-02T21:10:30.319535,$GBGSV,25,,50
2026-06-02T21:10:30.319535,$GBGSV,33,,48
2026-06-02T21:10:30.320025,$GBGSV,09,,48
2026-06-02T21:10:30.320025,$GBGSV,10,,43
2026-06-02T21:10:31.309035,$GPGSV,10,,26
2026-06-02T21:10:31.309035,$GPGSV,25,,26
2026-06-02T21:10:31.309035,$GPGSV,26,,34
2026-06-02T21:10:31.309035,$GPGSV,28,,43
2026-06-02T21:10:31.309833,$GPGSV,31,,45
2026-06-02T21:10:31.309833,$GPGSV,32,,45
2026-06-02T21:10:31.309833,$GPGSV,41,,48
2026-06-02T21:10:31.309833,$GPGSV,42,,46
2026-06-02T21:10:31.310291,$GPGSV,50,,42
2026-06-02T21:10:31.311019,$GPGSV,10,,22
2026-06-02T21:10:31.311019,$GPGSV,23,,13
2026-06-02T21:10:31.311019,$GPGSV,25,,25
2026-06-02T21:10:31.311019,$GPGSV,26,,28
2026-06-02T21:10:31.311661,$GPGSV,28,,45
2026-06-02T21:10:31.311661,$GPGSV,31,,42
2026-06-02T21:10:31.311661,$GPGSV,32,,43
2026-06-02T21:10:31.313533,$GLGSV,66,,28
2026-06-02T21:10:31.313533,$GLGSV,67,,46
2026-06-02T21:10:31.313533,$GLGSV,77,,42
2026-06-02T21:10:31.313533,$GLGSV,78,,49
2026-06-02T21:10:31.313940,$GLGSV,79,,18
2026-06-02T21:10:31.314641,$GLGSV,66,,38
2026-06-02T21:10:31.314641,$GLGSV,67,,45
2026-06-02T21:10:31.314641,$GLGSV,68,,33
2026-06-02T21:10:31.314641,$GLGSV,78,,48
2026-06-02T21:10:31.315046,$GLGSV,79,,17
2026-06-02T21:10:31.316306,$GAGSV,05,,42
2026-06-02T21:10:31.316306,$GAGSV,06,,40
2026-06-02T21:10:31.316306,$GAGSV,09,,47
2026-06-02T21:10:31.316306,$GAGSV,16,,50
2026-06-02T21:10:31.317002,$GAGSV,25,,23
2026-06-02T21:10:31.317002,$GAGSV,31,,26
2026-06-02T21:10:31.317002,$GAGSV,34,,20
2026-06-02T21:10:31.317002,$GAGSV,36,,20
2026-06-02T21:10:31.317696,$GAGSV,05,,34
2026-06-02T21:10:31.317696,$GAGSV,06,,33
2026-06-02T21:10:31.317696,$GAGSV,09,,43
2026-06-02T21:10:31.317696,$GAGSV,16,,46
2026-06-02T21:10:31.318198,$GAGSV,31,,28
2026-06-02T21:10:31.318198,$GAGSV,34,,19
2026-06-02T21:10:31.319436,$GBGSV,06,,48
2026-06-02T21:10:31.319436,$GBGSV,07,,45
2026-06-02T21:10:31.319436,$GBGSV,09,,48
2026-06-02T21:10:31.319436,$GBGSV,10,,42
2026-06-02T21:10:31.320028,$GBGSV,24,,37
2026-06-02T21:10:31.320028,$GBGSV,25,,50
2026-06-02T21:10:31.320028,$GBGSV,33,,50
2026-06-02T21:10:31.320517,$GBGSV,09,,48
2026-06-02T21:10:31.320517,$GBGSV,10,,43
2026-06-02T21:10:32.310169,$GPGSV,10,,27
2026-06-02T21:10:32.310169,$GPGSV,25,,25
2026-06-02T21:10:32.310169,$GPGSV,26,,34
2026-06-02T21:10:32.310169,$GPGSV,28,,44
2026-06-02T21:10:32.310902,$GPGSV,31,,45
2026-06-02T21:10:32.310902,$GPGSV,32,,45
2026-06-02T21:10:32.310902,$GPGSV,41,,48
2026-06-02T21:10:32.310902,$GPGSV,42,,46
2026-06-02T21:10:32.311312,$GPGSV,50,,42
2026-06-02T21:10:32.312039,$GPGSV,10,,22
2026-06-02T21:10:32.312039,$GPGSV,23,,14
2026-06-02T21:10:32.312039,$GPGSV,25,,32
2026-06-02T21:10:32.312039,$GPGSV,26,,17
2026-06-02T21:10:32.312645,$GPGSV,28,,43
2026-06-02T21:10:32.312645,$GPGSV,31,,43
2026-06-02T21:10:32.312645,$GPGSV,32,,43
2026-06-02T21:10:32.314481,$GLGSV,66,,29
2026-06-02T21:10:32.314481,$GLGSV,67,,46
2026-06-02T21:10:32.314481,$GLGSV,77,,39
2026-06-02T21:10:32.314481,$GLGSV,78,,49
2026-06-02T21:10:32.314984,$GLGSV,79,,17
2026-06-02T21:10:32.316136,$GLGSV,66,,28
2026-06-02T21:10:32.316136,$GLGSV,67,,47
2026-06-02T21:10:32.316136,$GLGSV,68,,38
2026-06-02T21:10:32.316136,$GLGSV,78,,48
2026-06-02T21:10:32.316807,$GLGSV,79,,16
2026-06-02T21:10:32.318023,$GAGSV,05,,41
2026-06-02T21:10:32.318023,$GAGSV,06,,40
2026-06-02T21:10:32.318023,$GAGSV,09,,48
2026-06-02T21:10:32.318023,$GAGSV,16,,49
2026-06-02T21:10:32.318801,$GAGSV,25,,25
2026-06-02T21:10:32.318801,$GAGSV,31,,33
2026-06-02T21:10:32.318801,$GAGSV,34,,20
2026-06-02T21:10:32.318801,$GAGSV,36,,19
2026-06-02T21:10:32.319484,$GAGSV,05,,29
2026-06-02T21:10:32.319484,$GAGSV,06,,33
2026-06-02T21:10:32.319484,$GAGSV,09,,43
2026-06-02T21:10:32.319484,$GAGSV,16,,46
2026-06-02T21:10:32.319992,$GAGSV,31,,17
2026-06-02T21:10:32.319992,$GAGSV,34,,18
2026-06-02T21:10:32.321196,$GBGSV,06,,48
2026-06-02T21:10:32.321196,$GBGSV,07,,47
2026-06-02T21:10:32.321196,$GBGSV,09,,47
2026-06-02T21:10:32.321196,$GBGSV,10,,37
2026-06-02T21:10:32.321895,$GBGSV,24,,39
2026-06-02T21:10:32.321895,$GBGSV,25,,50
2026-06-02T21:10:32.321895,$GBGSV,33,,50
2026-06-02T21:10:32.322458,$GBGSV,09,,49
2026-06-02T21:10:32.322458,$GBGSV,10,,43
2026-06-02T21:10:33.302735,$GPGSV,10,,05
2026-06-02T21:10:33.302735,$GPGSV,25,,24
2026-06-02T21:10:33.302735,$GPGSV,26,,29
2026-06-02T21:10:33.302735,$GPGSV,28,,44
2026-06-02T21:10:33.303494,$GPGSV,31,,45
2026-06-02T21:10:33.303494,$GPGSV,32,,47
2026-06-02T21:10:33.303494,$GPGSV,41,,48
2026-06-02T21:10:33.303494,$GPGSV,42,,46
2026-06-02T21:10:33.303943,$GPGSV,50,,41
2026-06-02T21:10:33.304649,$GPGSV,10,,21
2026-06-02T21:10:33.304649,$GPGSV,23,,15
2026-06-02T21:10:33.304649,$GPGSV,25,,25
2026-06-02T21:10:33.304649,$GPGSV,26,,20
2026-06-02T21:10:33.305255,$GPGSV,28,,45
2026-06-02T21:10:33.305255,$GPGSV,31,,43
2026-06-02T21:10:33.305255,$GPGSV,32,,43
2026-06-02T21:10:33.307349,$GLGSV,66,,30
2026-06-02T21:10:33.307349,$GLGSV,67,,45
2026-06-02T21:10:33.307349,$GLGSV,77,,40
2026-06-02T21:10:33.307349,$GLGSV,78,,49
2026-06-02T21:10:33.308031,$GLGSV,79,,20
2026-06-02T21:10:33.309184,$GLGSV,66,,30
2026-06-02T21:10:33.309184,$GLGSV,67,,45
2026-06-02T21:10:33.309184,$GLGSV,68,,37
2026-06-02T21:10:33.309184,$GLGSV,78,,47
2026-06-02T21:10:33.309609,$GLGSV,79,,12
2026-06-02T21:10:33.310955,$GAGSV,05,,42
2026-06-02T21:10:33.310955,$GAGSV,06,,39
2026-06-02T21:10:33.310955,$GAGSV,09,,47
2026-06-02T21:10:33.310955,$GAGSV,16,,52
2026-06-02T21:10:33.311709,$GAGSV,25,,26
2026-06-02T21:10:33.311709,$GAGSV,31,,30
2026-06-02T21:10:33.311709,$GAGSV,34,,21
2026-06-02T21:10:33.311709,$GAGSV,36,,16
2026-06-02T21:10:33.312431,$GAGSV,05,,33
2026-06-02T21:10:33.312431,$GAGSV,06,,33
2026-06-02T21:10:33.312431,$GAGSV,09,,43
2026-06-02T21:10:33.312431,$GAGSV,16,,47
2026-06-02T21:10:33.312915,$GAGSV,31,,28
2026-06-02T21:10:33.312915,$GAGSV,34,,18
2026-06-02T21:10:33.314321,$GBGSV,06,,49
2026-06-02T21:10:33.314321,$GBGSV,07,,44
2026-06-02T21:10:33.314321,$GBGSV,09,,47
2026-06-02T21:10:33.314321,$GBGSV,10,,39
2026-06-02T21:10:33.314911,$GBGSV,24,,31
2026-06-02T21:10:33.314911,$GBGSV,25,,50
2026-06-02T21:10:33.314911,$GBGSV,33,,51
2026-06-02T21:10:33.315399,$GBGSV,09,,49
2026-06-02T21:10:33.315399,$GBGSV,10,,45
2026-06-02T21:10:34.307068,$GPGSV,10,,23
2026-06-02T21:10:34.307068,$GPGSV,25,,25
2026-06-02T21:10:34.307068,$GPGSV,28,,41
2026-06-02T21:10:34.307068,$GPGSV,31,,45
2026-06-02T21:10:34.307837,$GPGSV,32,,47
2026-06-02T21:10:34.307837,$GPGSV,41,,48
2026-06-02T21:10:34.307837,$GPGSV,42,,46
2026-06-02T21:10:34.307837,$GPGSV,50,,40
2026-06-02T21:10:34.308562,$GPGSV,10,,23
2026-06-02T21:10:34.308562,$GPGSV,23,,15
2026-06-02T21:10:34.308562,$GPGSV,25,,27
2026-06-02T21:10:34.308562,$GPGSV,26,,23
2026-06-02T21:10:34.309176,$GPGSV,28,,43
2026-06-02T21:10:34.309176,$GPGSV,31,,42
2026-06-02T21:10:34.309176,$GPGSV,32,,44
2026-06-02T21:10:34.311055,$GLGSV,66,,31
2026-06-02T21:10:34.311055,$GLGSV,67,,45
2026-06-02T21:10:34.311055,$GLGSV,77,,39
2026-06-02T21:10:34.311055,$GLGSV,78,,49
2026-06-02T21:10:34.311531,$GLGSV,79,,21
2026-06-02T21:10:34.312715,$GLGSV,66,,34
2026-06-02T21:10:34.312715,$GLGSV,67,,46
2026-06-02T21:10:34.312715,$GLGSV,68,,38
2026-06-02T21:10:34.312715,$GLGSV,78,,49
2026-06-02T21:10:34.313448,$GLGSV,79,,14
2026-06-02T21:10:34.314725,$GAGSV,05,,40
2026-06-02T21:10:34.314725,$GAGSV,06,,40
2026-06-02T21:10:34.314725,$GAGSV,09,,47
2026-06-02T21:10:34.314725,$GAGSV,16,,52
2026-06-02T21:10:34.315581,$GAGSV,25,,26
2026-06-02T21:10:34.315581,$GAGSV,31,,36
2026-06-02T21:10:34.315581,$GAGSV,34,,22
2026-06-02T21:10:34.315581,$GAGSV,36,,15
2026-06-02T21:10:34.316338,$GAGSV,05,,34
2026-06-02T21:10:34.316338,$GAGSV,06,,30
2026-06-02T21:10:34.316338,$GAGSV,09,,42
2026-06-02T21:10:34.316338,$GAGSV,16,,47
2026-06-02T21:10:34.316829,$GAGSV,31,,29
2026-06-02T21:10:34.316829,$GAGSV,34,,17
2026-06-02T21:10:34.318018,$GBGSV,06,,48
2026-06-02T21:10:34.318018,$GBGSV,07,,45
2026-06-02T21:10:34.318018,$GBGSV,09,,47
2026-06-02T21:10:34.318018,$GBGSV,10,,40
2026-06-02T21:10:34.318598,$GBGSV,24,,36
2026-06-02T21:10:34.318598,$GBGSV,25,,51
2026-06-02T21:10:34.318598,$GBGSV,33,,50
2026-06-02T21:10:34.319079,$GBGSV,09,,48
2026-06-02T21:10:34.319079,$GBGSV,10,,45
2026-06-02T21:10:35.308722,$GPGSV,10,,27
2026-06-02T21:10:35.308722,$GPGSV,25,,25
2026-06-02T21:10:35.308722,$GPGSV,26,,31
2026-06-02T21:10:35.308722,$GPGSV,28,,40
2026-06-02T21:10:35.309449,$GPGSV,31,,45
2026-06-02T21:10:35.309449,$GPGSV,32,,47
2026-06-02T21:10:35.309449,$GPGSV,41,,49
2026-06-02T21:10:35.309449,$GPGSV,42,,47
2026-06-02T21:10:35.309862,$GPGSV,50,,40
2026-06-02T21:10:35.310561,$GPGSV,10,,23
2026-06-02T21:10:35.310561,$GPGSV,23,,15
2026-06-02T21:10:35.310561,$GPGSV,25,,25
2026-06-02T21:10:35.310561,$GPGSV,26,,23
2026-06-02T21:10:35.311163,$GPGSV,28,,45
2026-06-02T21:10:35.311163,$GPGSV,31,,43
2026-06-02T21:10:35.311163,$GPGSV,32,,45
2026-06-02T21:10:35.313031,$GLGSV,66,,35
2026-06-02T21:10:35.313031,$GLGSV,67,,48
2026-06-02T21:10:35.313031,$GLGSV,77,,39
2026-06-02T21:10:35.313031,$GLGSV,78,,49
2026-06-02T21:10:35.313441,$GLGSV,79,,19
2026-06-02T21:10:35.314108,$GLGSV,66,,33
2026-06-02T21:10:35.314108,$GLGSV,67,,46
2026-06-02T21:10:35.314108,$GLGSV,68,,38
2026-06-02T21:10:35.314108,$GLGSV,78,,49
2026-06-02T21:10:35.314660,$GLGSV,79,,14
2026-06-02T21:10:35.316539,$GAGSV,05,,41
2026-06-02T21:10:35.316539,$GAGSV,06,,40
2026-06-02T21:10:35.316539,$GAGSV,09,,48
2026-06-02T21:10:35.316539,$GAGSV,16,,52
2026-06-02T21:10:35.317235,$GAGSV,25,,31
2026-06-02T21:10:35.317235,$GAGSV,31,,33
2026-06-02T21:10:35.317235,$GAGSV,34,,22
2026-06-02T21:10:35.317235,$GAGSV,36,,14
2026-06-02T21:10:35.317987,$GAGSV,05,,29
2026-06-02T21:10:35.317987,$GAGSV,06,,30
2026-06-02T21:10:35.317987,$GAGSV,09,,41
2026-06-02T21:10:35.317987,$GAGSV,16,,45
2026-06-02T21:10:35.318511,$GAGSV,31,,20
2026-06-02T21:10:35.318511,$GAGSV,34,,18
2026-06-02T21:10:35.319742,$GBGSV,06,,48
2026-06-02T21:10:35.319742,$GBGSV,07,,47
2026-06-02T21:10:35.319742,$GBGSV,09,,46
2026-06-02T21:10:35.319742,$GBGSV,10,,41
2026-06-02T21:10:35.320327,$GBGSV,24,,38
2026-06-02T21:10:35.320327,$GBGSV,25,,49
2026-06-02T21:10:35.320327,$GBGSV,33,,50
2026-06-02T21:10:35.320810,$GBGSV,09,,49
2026-06-02T21:10:35.320810,$GBGSV,10,,46
2026-06-02T21:10:36.305550,$GPGSV,10,,26
2026-06-02T21:10:36.305550,$GPGSV,25,,25
2026-06-02T21:10:36.305550,$GPGSV,26,,31
2026-06-02T21:10:36.305550,$GPGSV,28,,43
2026-06-02T21:10:36.306392,$GPGSV,31,,46
2026-06-02T21:10:36.306392,$GPGSV,32,,48
2026-06-02T21:10:36.306392,$GPGSV,41,,49
2026-06-02T21:10:36.306392,$GPGSV,42,,47
2026-06-02T21:10:36.306866,$GPGSV,50,,42
2026-06-02T21:10:36.307676,$GPGSV,10,,22
2026-06-02T21:10:36.307676,$GPGSV,23,,13
2026-06-02T21:10:36.307676,$GPGSV,25,,34
2026-06-02T21:10:36.307676,$GPGSV,26,,25
2026-06-02T21:10:36.308353,$GPGSV,28,,43
2026-06-02T21:10:36.308353,$GPGSV,31,,42
2026-06-02T21:10:36.308353,$GPGSV,32,,45
2026-06-02T21:10:36.310277,$GLGSV,66,,32
2026-06-02T21:10:36.310277,$GLGSV,67,,48
2026-06-02T21:10:36.310277,$GLGSV,77,,41
2026-06-02T21:10:36.310277,$GLGSV,78,,49
2026-06-02T21:10:36.310766,$GLGSV,79,,17
2026-06-02T21:10:36.311957,$GLGSV,66,,33
2026-06-02T21:10:36.311957,$GLGSV,67,,46
2026-06-02T21:10:36.311957,$GLGSV,68,,38
2026-06-02T21:10:36.311957,$GLGSV,78,,49
2026-06-02T21:10:36.312672,$GLGSV,79,,13
2026-06-02T21:10:36.313934,$GAGSV,05,,37
2026-06-02T21:10:36.313934,$GAGSV,06,,39
2026-06-02T21:10:36.313934,$GAGSV,09,,46
2026-06-02T21:10:36.313934,$GAGSV,16,,50
2026-06-02T21:10:36.314746,$GAGSV,25,,25
2026-06-02T21:10:36.314746,$GAGSV,31,,36
2026-06-02T21:10:36.314746,$GAGSV,34,,25
2026-06-02T21:10:36.314746,$GAGSV,36,,16
2026-06-02T21:10:36.315476,$GAGSV,05,,31
2026-06-02T21:10:36.315476,$GAGSV,06,,34
2026-06-02T21:10:36.315476,$GAGSV,09,,37
2026-06-02T21:10:36.315476,$GAGSV,16,,46
2026-06-02T21:10:36.316003,$GAGSV,31,,29
2026-06-02T21:10:36.316003,$GAGSV,34,,18
2026-06-02T21:10:36.317312,$GBGSV,06,,48
2026-06-02T21:10:36.317312,$GBGSV,07,,46
2026-06-02T21:10:36.317312,$GBGSV,09,,47
2026-06-02T21:10:36.317312,$GBGSV,10,,41
2026-06-02T21:10:36.317961,$GBGSV,24,,35
2026-06-02T21:10:36.317961,$GBGSV,25,,49
2026-06-02T21:10:36.317961,$GBGSV,33,,50
2026-06-02T21:10:36.318525,$GBGSV,09,,49
2026-06-02T21:10:36.318525,$GBGSV,10,,46
2026-06-02T21:10:37.306917,$GPGSV,10,,31
2026-06-02T21:10:37.306917,$GPGSV,25,,32
2026-06-02T21:10:37.306917,$GPGSV,26,,34
2026-06-02T21:10:37.306917,$GPGSV,28,,44
2026-06-02T21:10:37.307676,$GPGSV,31,,46
2026-06-02T21:10:37.307676,$GPGSV,32,,45
2026-06-02T21:10:37.307676,$GPGSV,41,,47
2026-06-02T21:10:37.307676,$GPGSV,42,,45
2026-06-02T21:10:37.308095,$GPGSV,50,,41
2026-06-02T21:10:37.308798,$GPGSV,10,,21
2026-06-02T21:10:37.308798,$GPGSV,23,,12
2026-06-02T21:10:37.308798,$GPGSV,25,,29
2026-06-02T21:10:37.308798,$GPGSV,26,,26
2026-06-02T21:10:37.309404,$GPGSV,28,,46
2026-06-02T21:10:37.309404,$GPGSV,31,,43
2026-06-02T21:10:37.309404,$GPGSV,32,,47
2026-06-02T21:10:37.311284,$GLGSV,66,,35
2026-06-02T21:10:37.311284,$GLGSV,67,,49
2026-06-02T21:10:37.311284,$GLGSV,77,,39
2026-06-02T21:10:37.311284,$GLGSV,78,,48
2026-06-02T21:10:37.311690,$GLGSV,79,,14
2026-06-02T21:10:37.312354,$GLGSV,66,,31
2026-06-02T21:10:37.312354,$GLGSV,67,,49
2026-06-02T21:10:37.312354,$GLGSV,68,,42
2026-06-02T21:10:37.312354,$GLGSV,78,,49
2026-06-02T21:10:37.312985,$GLGSV,79,,15
2026-06-02T21:10:37.314839,$GAGSV,05,,40
2026-06-02T21:10:37.314839,$GAGSV,06,,40
2026-06-02T21:10:37.314839,$GAGSV,09,,46
2026-06-02T21:10:37.314839,$GAGSV,16,,52
2026-06-02T21:10:37.315542,$GAGSV,25,,25
2026-06-02T21:10:37.315542,$GAGSV,31,,35
2026-06-02T21:10:37.315542,$GAGSV,34,,22
2026-06-02T21:10:37.315542,$GAGSV,36,,20
2026-06-02T21:10:37.316338,$GAGSV,05,,30
2026-06-02T21:10:37.316338,$GAGSV,06,,35
2026-06-02T21:10:37.316338,$GAGSV,09,,39
2026-06-02T21:10:37.316338,$GAGSV,16,,45
2026-06-02T21:10:37.316841,$GAGSV,31,,30
2026-06-02T21:10:37.316841,$GAGSV,34,,19
2026-06-02T21:10:37.318041,$GBGSV,06,,47
2026-06-02T21:10:37.318041,$GBGSV,07,,47
2026-06-02T21:10:37.318041,$GBGSV,09,,47
2026-06-02T21:10:37.318041,$GBGSV,10,,43
2026-06-02T21:10:37.318616,$GBGSV,24,,36
2026-06-02T21:10:37.318616,$GBGSV,25,,50
2026-06-02T21:10:37.318616,$GBGSV,33,,49
2026-06-02T21:10:37.319098,$GBGSV,09,,50
2026-06-02T21:10:37.319098,$GBGSV,10,,48
2026-06-02T21:10:38.310700,$GPGSV,02,,32
2026-06-02T21:10:38.310700,$GPGSV,10,,26
2026-06-02T21:10:38.310700,$GPGSV,25,,35
2026-06-02T21:10:38.310700,$GPGSV,26,,34
2026-06-02T21:10:38.311442,$GPGSV,28,,43
2026-06-02T21:10:38.311442,$GPGSV,31,,45
2026-06-02T21:10:38.311442,$GPGSV,32,,46
2026-06-02T21:10:38.311442,$GPGSV,41,,48
2026-06-02T21:10:38.311994,$GPGSV,42,,46
2026-06-02T21:10:38.311994,$GPGSV,50,,41
2026-06-02T21:10:38.312712,$GPGSV,10,,20
2026-06-02T21:10:38.312712,$GPGSV,23,,10
2026-06-02T21:10:38.312712,$GPGSV,25,,29
2026-06-02T21:10:38.312712,$GPGSV,26,,25
2026-06-02T21:10:38.313303,$GPGSV,28,,47
2026-06-02T21:10:38.313303,$GPGSV,31,,43
2026-06-02T21:10:38.313303,$GPGSV,32,,45
2026-06-02T21:10:38.315018,$GLGSV,66,,27
2026-06-02T21:10:38.315018,$GLGSV,67,,49
2026-06-02T21:10:38.315018,$GLGSV,77,,39
2026-06-02T21:10:38.315018,$GLGSV,78,,49
2026-06-02T21:10:38.315407,$GLGSV,79,,12
2026-06-02T21:10:38.316110,$GLGSV,66,,31
2026-06-02T21:10:38.316110,$GLGSV,67,,46
2026-06-02T21:10:38.316110,$GLGSV,68,,40
2026-06-02T21:10:38.316110,$GLGSV,78,,48
2026-06-02T21:10:38.316720,$GLGSV,79,,13
2026-06-02T21:10:38.318538,$GAGSV,05,,42
2026-06-02T21:10:38.318538,$GAGSV,06,,40
2026-06-02T21:10:38.318538,$GAGSV,09,,46
2026-06-02T21:10:38.318538,$GAGSV,16,,51
2026-06-02T21:10:38.319232,$GAGSV,25,,25
2026-06-02T21:10:38.319232,$GAGSV,31,,36
2026-06-02T21:10:38.319232,$GAGSV,34,,22
2026-06-02T21:10:38.319232,$GAGSV,36,,21
2026-06-02T21:10:38.320004,$GAGSV,05,,38
2026-06-02T21:10:38.320004,$GAGSV,06,,35
2026-06-02T21:10:38.320004,$GAGSV,09,,41
2026-06-02T21:10:38.320004,$GAGSV,16,,46
2026-06-02T21:10:38.320541,$GAGSV,31,,28
2026-06-02T21:10:38.320541,$GAGSV,34,,18
2026-06-02T21:10:38.321742,$GBGSV,06,,48
2026-06-02T21:10:38.321742,$GBGSV,07,,45
2026-06-02T21:10:38.321742,$GBGSV,09,,47
2026-06-02T21:10:38.321742,$GBGSV,10,,44
2026-06-02T21:10:38.322330,$GBGSV,24,,27
2026-06-02T21:10:38.322330,$GBGSV,25,,50
2026-06-02T21:10:38.322330,$GBGSV,33,,49
2026-06-02T21:10:38.322827,$GBGSV,09,,49
2026-06-02T21:10:38.322827,$GBGSV,10,,47
2026-06-02T21:10:39.305759,$GPGSV,10,,27
2026-06-02T21:10:39.305759,$GPGSV,25,,26
2026-06-02T21:10:39.305759,$GPGSV,26,,32
2026-06-02T21:10:39.305759,$GPGSV,28,,44
2026-06-02T21:10:39.306666,$GPGSV,31,,46
2026-06-02T21:10:39.306666,$GPGSV,32,,46
2026-06-02T21:10:39.306666,$GPGSV,41,,48
2026-06-02T21:10:39.306666,$GPGSV,42,,47
2026-06-02T21:10:39.307141,$GPGSV,50,,42
2026-06-02T21:10:39.307983,$GPGSV,10,,21
2026-06-02T21:10:39.307983,$GPGSV,23,,10
2026-06-02T21:10:39.307983,$GPGSV,25,,28
2026-06-02T21:10:39.307983,$GPGSV,26,,22
2026-06-02T21:10:39.308683,$GPGSV,28,,47
2026-06-02T21:10:39.308683,$GPGSV,31,,45
2026-06-02T21:10:39.308683,$GPGSV,32,,43
2026-06-02T21:10:39.310706,$GLGSV,66,,28
2026-06-02T21:10:39.310706,$GLGSV,67,,47
2026-06-02T21:10:39.310706,$GLGSV,77,,37
2026-06-02T21:10:39.310706,$GLGSV,78,,49
2026-06-02T21:10:39.311362,$GLGSV,79,,16
2026-06-02T21:10:39.312614,$GLGSV,66,,27
2026-06-02T21:10:39.312614,$GLGSV,67,,45
2026-06-02T21:10:39.312614,$GLGSV,68,,39
2026-06-02T21:10:39.312614,$GLGSV,78,,49
2026-06-02T21:10:39.313118,$GLGSV,79,,13
2026-06-02T21:10:39.314455,$GAGSV,05,,43
2026-06-02T21:10:39.314455,$GAGSV,06,,43
2026-06-02T21:10:39.314455,$GAGSV,09,,45
2026-06-02T21:10:39.314455,$GAGSV,16,,50
2026-06-02T21:10:39.315216,$GAGSV,25,,23
2026-06-02T21:10:39.315216,$GAGSV,31,,36
2026-06-02T21:10:39.315216,$GAGSV,34,,29
2026-06-02T21:10:39.315216,$GAGSV,36,,21
2026-06-02T21:10:39.315967,$GAGSV,05,,38
2026-06-02T21:10:39.315967,$GAGSV,06,,32
2026-06-02T21:10:39.315967,$GAGSV,09,,37
2026-06-02T21:10:39.315967,$GAGSV,16,,46
2026-06-02T21:10:39.316530,$GAGSV,31,,31
2026-06-02T21:10:39.316530,$GAGSV,34,,16
2026-06-02T21:10:39.317782,$GBGSV,06,,48
2026-06-02T21:10:39.317782,$GBGSV,07,,44
2026-06-02T21:10:39.317782,$GBGSV,09,,46
2026-06-02T21:10:39.317782,$GBGSV,10,,44
2026-06-02T21:10:39.318468,$GBGSV,24,,32
2026-06-02T21:10:39.318468,$GBGSV,25,,50
2026-06-02T21:10:39.318468,$GBGSV,33,,50
2026-06-02T21:10:39.318975,$GBGSV,09,,49
2026-06-02T21:10:39.318975,$GBGSV,10,,48
2026-06-02T21:10:40.309490,$GPGSV,02,,32
2026-06-02T21:10:40.309490,$GPGSV,10,,26
2026-06-02T21:10:40.309490,$GPGSV,25,,34
2026-06-02T21:10:40.309490,$GPGSV,26,,31
2026-06-02T21:10:40.310287,$GPGSV,28,,44
2026-06-02T21:10:40.310287,$GPGSV,31,,44
2026-06-02T21:10:40.310287,$GPGSV,32,,46
2026-06-02T21:10:40.310287,$GPGSV,41,,47
2026-06-02T21:10:40.310839,$GPGSV,42,,46
2026-06-02T21:10:40.310839,$GPGSV,50,,42
2026-06-02T21:10:40.311596,$GPGSV,10,,21
2026-06-02T21:10:40.311596,$GPGSV,23,,12
2026-06-02T21:10:40.311596,$GPGSV,25,,26
2026-06-02T21:10:40.311596,$GPGSV,26,,25
2026-06-02T21:10:40.312213,$GPGSV,28,,45
2026-06-02T21:10:40.312213,$GPGSV,31,,46
2026-06-02T21:10:40.312213,$GPGSV,32,,44
2026-06-02T21:10:40.313980,$GLGSV,66,,33
2026-06-02T21:10:40.313980,$GLGSV,67,,46
2026-06-02T21:10:40.313980,$GLGSV,77,,35
2026-06-02T21:10:40.313980,$GLGSV,78,,48
2026-06-02T21:10:40.314378,$GLGSV,79,,16
2026-06-02T21:10:40.315403,$GLGSV,66,,35
2026-06-02T21:10:40.315403,$GLGSV,67,,44
2026-06-02T21:10:40.315403,$GLGSV,68,,39
2026-06-02T21:10:40.315403,$GLGSV,78,,48
2026-06-02T21:10:40.316116,$GLGSV,79,,18
2026-06-02T21:10:40.317627,$GAGSV,05,,44
2026-06-02T21:10:40.317627,$GAGSV,06,,43
2026-06-02T21:10:40.317627,$GAGSV,09,,46
2026-06-02T21:10:40.317627,$GAGSV,16,,50
2026-06-02T21:10:40.318396,$GAGSV,25,,26
2026-06-02T21:10:40.318396,$GAGSV,31,,34
2026-06-02T21:10:40.318396,$GAGSV,34,,27
2026-06-02T21:10:40.318396,$GAGSV,36,,22
2026-06-02T21:10:40.319167,$GAGSV,05,,39
2026-06-02T21:10:40.319167,$GAGSV,06,,33
2026-06-02T21:10:40.319167,$GAGSV,09,,41
2026-06-02T21:10:40.319167,$GAGSV,16,,44
2026-06-02T21:10:40.319706,$GAGSV,31,,30
2026-06-02T21:10:40.319706,$GAGSV,34,,17
2026-06-02T21:10:40.320938,$GBGSV,06,,47
2026-06-02T21:10:40.320938,$GBGSV,07,,45
2026-06-02T21:10:40.320938,$GBGSV,09,,48
2026-06-02T21:10:40.320938,$GBGSV,10,,44
2026-06-02T21:10:40.321517,$GBGSV,24,,32
2026-06-02T21:10:40.321517,$GBGSV,25,,50
2026-06-02T21:10:40.321517,$GBGSV,33,,49
2026-06-02T21:10:40.321999,$GBGSV,09,,49
2026-06-02T21:10:40.321999,$GBGSV,10,,48
2026-06-02T21:10:41.312138,$GPGSV,10,,31
2026-06-02T21:10:41.312138,$GPGSV,25,,31
2026-06-02T21:10:41.312138,$GPGSV,26,,31
2026-06-02T21:10:41.312138,$GPGSV,28,,44
2026-06-02T21:10:41.312892,$GPGSV,31,,44
2026-06-02T21:10:41.312892,$GPGSV,32,,45
2026-06-02T21:10:41.312892,$GPGSV,41,,47
2026-06-02T21:10:41.312892,$GPGSV,42,,47
2026-06-02T21:10:41.313306,$GPGSV,50,,41
2026-06-02T21:10:41.314009,$GPGSV,10,,23
2026-06-02T21:10:41.314009,$GPGSV,23,,12
2026-06-02T21:10:41.314009,$GPGSV,25,,25
2026-06-02T21:10:41.314009,$GPGSV,26,,26
2026-06-02T21:10:41.314620,$GPGSV,28,,46
2026-06-02T21:10:41.314620,$GPGSV,31,,47
2026-06-02T21:10:41.314620,$GPGSV,32,,44
2026-06-02T21:10:41.316519,$GLGSV,66,,29
2026-06-02T21:10:41.316519,$GLGSV,67,,46
2026-06-02T21:10:41.316519,$GLGSV,77,,37
2026-06-02T21:10:41.316519,$GLGSV,78,,49
2026-06-02T21:10:41.316930,$GLGSV,79,,15
2026-06-02T21:10:41.317632,$GLGSV,66,,25
2026-06-02T21:10:41.317632,$GLGSV,67,,46
2026-06-02T21:10:41.317632,$GLGSV,68,,38
2026-06-02T21:10:41.317632,$GLGSV,78,,48
2026-06-02T21:10:41.318037,$GLGSV,79,,21
2026-06-02T21:10:41.319271,$GAGSV,05,,45
2026-06-02T21:10:41.319271,$GAGSV,06,,40
2026-06-02T21:10:41.319271,$GAGSV,09,,46
2026-06-02T21:10:41.319271,$GAGSV,16,,50
2026-06-02T21:10:41.319992,$GAGSV,25,,25
2026-06-02T21:10:41.319992,$GAGSV,31,,34
2026-06-02T21:10:41.319992,$GAGSV,34,,27
2026-06-02T21:10:41.319992,$GAGSV,36,,21
2026-06-02T21:10:41.320716,$GAGSV,05,,37
2026-06-02T21:10:41.320716,$GAGSV,06,,31
2026-06-02T21:10:41.320716,$GAGSV,09,,41
2026-06-02T21:10:41.320716,$GAGSV,16,,47
2026-06-02T21:10:41.321203,$GAGSV,31,,33
2026-06-02T21:10:41.321203,$GAGSV,34,,20
2026-06-02T21:10:41.322399,$GBGSV,06,,48
2026-06-02T21:10:41.322399,$GBGSV,07,,45
2026-06-02T21:10:41.322399,$GBGSV,09,,46
2026-06-02T21:10:41.322399,$GBGSV,10,,44
2026-06-02T21:10:41.322983,$GBGSV,24,,35
2026-06-02T21:10:41.322983,$GBGSV,25,,49
2026-06-02T21:10:41.322983,$GBGSV,33,,48
2026-06-02T21:10:41.323468,$GBGSV,09,,48
2026-06-02T21:10:41.323468,$GBGSV,10,,47
2026-06-02T21:10:42.304157,$GPGSV,02,,31
2026-06-02T21:10:42.304157,$GPGSV,10,,31
2026-06-02T21:10:42.304157,$GPGSV,23,,17
2026-06-02T21:10:42.304157,$GPGSV,25,,31
2026-06-02T21:10:42.304985,$GPGSV,26,,33
2026-06-02T21:10:42.304985,$GPGSV,28,,45
2026-06-02T21:10:42.304985,$GPGSV,31,,45
2026-06-02T21:10:42.304985,$GPGSV,32,,45
2026-06-02T21:10:42.305652,$GPGSV,41,,47
2026-06-02T21:10:42.305652,$GPGSV,42,,48
2026-06-02T21:10:42.305652,$GPGSV,50,,43
2026-06-02T21:10:42.306437,$GPGSV,10,,22
2026-06-02T21:10:42.306437,$GPGSV,23,,11
2026-06-02T21:10:42.306437,$GPGSV,25,,25
2026-06-02T21:10:42.306437,$GPGSV,26,,25
2026-06-02T21:10:42.307065,$GPGSV,28,,43
2026-06-02T21:10:42.307065,$GPGSV,31,,47
2026-06-02T21:10:42.307065,$GPGSV,32,,42
2026-06-02T21:10:42.308885,$GLGSV,66,,37
2026-06-02T21:10:42.308885,$GLGSV,67,,44
2026-06-02T21:10:42.308885,$GLGSV,77,,38
2026-06-02T21:10:42.308885,$GLGSV,78,,49
2026-06-02T21:10:42.309307,$GLGSV,79,,16
2026-06-02T21:10:42.310000,$GLGSV,66,,32
2026-06-02T21:10:42.310000,$GLGSV,67,,45
2026-06-02T21:10:42.310000,$GLGSV,68,,31
2026-06-02T21:10:42.310000,$GLGSV,78,,49
2026-06-02T21:10:42.310402,$GLGSV,79,,21
2026-06-02T21:10:42.311641,$GAGSV,05,,46
2026-06-02T21:10:42.311641,$GAGSV,06,,37
2026-06-02T21:10:42.311641,$GAGSV,09,,45
2026-06-02T21:10:42.311641,$GAGSV,16,,51
2026-06-02T21:10:42.312346,$GAGSV,25,,28
2026-06-02T21:10:42.312346,$GAGSV,31,,34
2026-06-02T21:10:42.312346,$GAGSV,34,,26
2026-06-02T21:10:42.312346,$GAGSV,36,,20
2026-06-02T21:10:42.313088,$GAGSV,05,,39
2026-06-02T21:10:42.313088,$GAGSV,06,,34
2026-06-02T21:10:42.313088,$GAGSV,09,,41
2026-06-02T21:10:42.313088,$GAGSV,16,,47
2026-06-02T21:10:42.313593,$GAGSV,31,,30
2026-06-02T21:10:42.313593,$GAGSV,34,,21
2026-06-02T21:10:42.314831,$GBGSV,06,,48
2026-06-02T21:10:42.314831,$GBGSV,07,,44
2026-06-02T21:10:42.314831,$GBGSV,09,,46
2026-06-02T21:10:42.314831,$GBGSV,10,,45
2026-06-02T21:10:42.315429,$GBGSV,24,,31
2026-06-02T21:10:42.315429,$GBGSV,25,,50
2026-06-02T21:10:42.315429,$GBGSV,33,,48
2026-06-02T21:10:42.315966,$GBGSV,09,,48
2026-06-02T21:10:42.315966,$GBGSV,10,,48
2026-06-02T21:10:43.311757,$GPGSV,02,,33
2026-06-02T21:10:43.311757,$GPGSV,10,,30
2026-06-02T21:10:43.311757,$GPGSV,25,,29
2026-06-02T21:10:43.311757,$GPGSV,26,,33
2026-06-02T21:10:43.312655,$GPGSV,28,,45
2026-06-02T21:10:43.312655,$GPGSV,31,,46
2026-06-02T21:10:43.312655,$GPGSV,32,,47
2026-06-02T21:10:43.312655,$GPGSV,41,,48
2026-06-02T21:10:43.313272,$GPGSV,42,,47
2026-06-02T21:10:43.313272,$GPGSV,50,,43
2026-06-02T21:10:43.314126,$GPGSV,10,,21
2026-06-02T21:10:43.314126,$GPGSV,23,,12
2026-06-02T21:10:43.314126,$GPGSV,25,,23
2026-06-02T21:10:43.314126,$GPGSV,26,,23
2026-06-02T21:10:43.314851,$GPGSV,28,,44
2026-06-02T21:10:43.314851,$GPGSV,31,,47
2026-06-02T21:10:43.314851,$GPGSV,32,,43
2026-06-02T21:10:43.316897,$GLGSV,66,,29
2026-06-02T21:10:43.316897,$GLGSV,67,,44
2026-06-02T21:10:43.316897,$GLGSV,77,,38
2026-06-02T21:10:43.316897,$GLGSV,78,,49
2026-06-02T21:10:43.317341,$GLGSV,79,,16
2026-06-02T21:10:43.318089,$GLGSV,66,,33
2026-06-02T21:10:43.318089,$GLGSV,67,,46
2026-06-02T21:10:43.318089,$GLGSV,68,,33
2026-06-02T21:10:43.318089,$GLGSV,78,,49
2026-06-02T21:10:43.318529,$GLGSV,79,,22
2026-06-02T21:10:43.319768,$GAGSV,05,,47
2026-06-02T21:10:43.319768,$GAGSV,06,,33
2026-06-02T21:10:43.319768,$GAGSV,09,,45
2026-06-02T21:10:43.319768,$GAGSV,16,,50
2026-06-02T21:10:43.320473,$GAGSV,25,,28
2026-06-02T21:10:43.320473,$GAGSV,31,,37
2026-06-02T21:10:43.320473,$GAGSV,34,,24
2026-06-02T21:10:43.320473,$GAGSV,36,,18
2026-06-02T21:10:43.321180,$GAGSV,05,,39
2026-06-02T21:10:43.321180,$GAGSV,06,,34
2026-06-02T21:10:43.321180,$GAGSV,09,,41
2026-06-02T21:10:43.321180,$GAGSV,16,,44
2026-06-02T21:10:43.321682,$GAGSV,31,,31
2026-06-02T21:10:43.321682,$GAGSV,34,,21
2026-06-02T21:10:43.322936,$GBGSV,06,,48
2026-06-02T21:10:43.322936,$GBGSV,07,,44
2026-06-02T21:10:43.322936,$GBGSV,09,,47
2026-06-02T21:10:43.322936,$GBGSV,10,,46
2026-06-02T21:10:43.323539,$GBGSV,24,,32
2026-06-02T21:10:43.323539,$GBGSV,25,,50
2026-06-02T21:10:43.323539,$GBGSV,33,,49
2026-06-02T21:10:43.324057,$GBGSV,09,,48
2026-06-02T21:10:43.324057,$GBGSV,10,,47
2026-06-02T21:10:44.316354,$GPGSV,02,,32
2026-06-02T21:10:44.316354,$GPGSV,10,,30
2026-06-02T21:10:44.316354,$GPGSV,25,,30
2026-06-02T21:10:44.316354,$GPGSV,26,,33
2026-06-02T21:10:44.317155,$GPGSV,28,,45
2026-06-02T21:10:44.317155,$GPGSV,31,,47
2026-06-02T21:10:44.317155,$GPGSV,32,,47
2026-06-02T21:10:44.317155,$GPGSV,41,,46
2026-06-02T21:10:44.317720,$GPGSV,42,,47
2026-06-02T21:10:44.317720,$GPGSV,50,,43
2026-06-02T21:10:44.318470,$GPGSV,10,,30
2026-06-02T21:10:44.318470,$GPGSV,23,,14
2026-06-02T21:10:44.318470,$GPGSV,25,,25
2026-06-02T21:10:44.318470,$GPGSV,26,,23
2026-06-02T21:10:44.319204,$GPGSV,28,,45
2026-06-02T21:10:44.319204,$GPGSV,31,,47
2026-06-02T21:10:44.319204,$GPGSV,32,,41
2026-06-02T21:10:44.321101,$GLGSV,66,,30
2026-06-02T21:10:44.321101,$GLGSV,67,,46
2026-06-02T21:10:44.321101,$GLGSV,77,,37
2026-06-02T21:10:44.321101,$GLGSV,78,,49
2026-06-02T21:10:44.321508,$GLGSV,79,,17
2026-06-02T21:10:44.322205,$GLGSV,66,,27
2026-06-02T21:10:44.322205,$GLGSV,67,,46
2026-06-02T21:10:44.322205,$GLGSV,68,,34
2026-06-02T21:10:44.322205,$GLGSV,78,,49
2026-06-02T21:10:44.322608,$GLGSV,79,,22
2026-06-02T21:10:44.323862,$GAGSV,05,,47
2026-06-02T21:10:44.323862,$GAGSV,06,,36
2026-06-02T21:10:44.323862,$GAGSV,09,,45
2026-06-02T21:10:44.323862,$GAGSV,16,,50
2026-06-02T21:10:44.324566,$GAGSV,25,,27
2026-06-02T21:10:44.324566,$GAGSV,31,,33
2026-06-02T21:10:44.324566,$GAGSV,34,,23
2026-06-02T21:10:44.324566,$GAGSV,36,,14
2026-06-02T21:10:44.325266,$GAGSV,05,,41
2026-06-02T21:10:44.325266,$GAGSV,06,,33
2026-06-02T21:10:44.325266,$GAGSV,09,,41
2026-06-02T21:10:44.325266,$GAGSV,16,,45
2026-06-02T21:10:44.325776,$GAGSV,31,,31
2026-06-02T21:10:44.325776,$GAGSV,34,,21
2026-06-02T21:10:44.327012,$GBGSV,06,,48
2026-06-02T21:10:44.327012,$GBGSV,07,,45
2026-06-02T21:10:44.327012,$GBGSV,09,,47
2026-06-02T21:10:44.327012,$GBGSV,10,,45
2026-06-02T21:10:44.327624,$GBGSV,24,,33
2026-06-02T21:10:44.327624,$GBGSV,25,,49
2026-06-02T21:10:44.327624,$GBGSV,33,,49
2026-06-02T21:10:44.328171,$GBGSV,09,,48
2026-06-02T21:10:44.328171,$GBGSV,10,,46
2026-06-02T21:10:45.316835,$GPGSV,02,,31
2026-06-02T21:10:45.316835,$GPGSV,10,,33
2026-06-02T21:10:45.316835,$GPGSV,25,,24
2026-06-02T21:10:45.316835,$GPGSV,26,,33
2026-06-02T21:10:45.319223,$GPGSV,28,,45
2026-06-02T21:10:45.319223,$GPGSV,31,,46
2026-06-02T21:10:45.319223,$GPGSV,32,,47
2026-06-02T21:10:45.319223,$GPGSV,41,,47
2026-06-02T21:10:45.320827,$GPGSV,42,,46
2026-06-02T21:10:45.320827,$GPGSV,50,,42
2026-06-02T21:10:45.322949,$GPGSV,10,,21
2026-06-02T21:10:45.322949,$GPGSV,23,,15
2026-06-02T21:10:45.322949,$GPGSV,25,,26
2026-06-02T21:10:45.322949,$GPGSV,26,,28
2026-06-02T21:10:45.324087,$GPGSV,28,,46
2026-06-02T21:10:45.324087,$GPGSV,31,,47
2026-06-02T21:10:45.324087,$GPGSV,32,,40
2026-06-02T21:10:45.325960,$GLGSV,66,,24
2026-06-02T21:10:45.325960,$GLGSV,67,,47
2026-06-02T21:10:45.325960,$GLGSV,77,,37
2026-06-02T21:10:45.325960,$GLGSV,78,,48
2026-06-02T21:10:45.326620,$GLGSV,79,,18
2026-06-02T21:10:45.327743,$GLGSV,66,,28
2026-06-02T21:10:45.327743,$GLGSV,67,,44
2026-06-02T21:10:45.327743,$GLGSV,68,,36
2026-06-02T21:10:45.327743,$GLGSV,78,,48
2026-06-02T21:10:45.328342,$GLGSV,79,,21
2026-06-02T21:10:45.329567,$GAGSV,05,,47
2026-06-02T21:10:45.329567,$GAGSV,06,,35
2026-06-02T21:10:45.329567,$GAGSV,09,,45
2026-06-02T21:10:45.329567,$GAGSV,16,,50
2026-06-02T21:10:45.330239,$GAGSV,25,,27
2026-06-02T21:10:45.330239,$GAGSV,31,,35
2026-06-02T21:10:45.330239,$GAGSV,34,,24
2026-06-02T21:10:45.330239,$GAGSV,36,,15
2026-06-02T21:10:45.330919,$GAGSV,05,,41
2026-06-02T21:10:45.330919,$GAGSV,09,,41
2026-06-02T21:10:45.330919,$GAGSV,16,,46
2026-06-02T21:10:45.330919,$GAGSV,31,,33
2026-06-02T21:10:45.331401,$GAGSV,34,,21
2026-06-02T21:10:45.332610,$GBGSV,06,,48
2026-06-02T21:10:45.332610,$GBGSV,07,,47
2026-06-02T21:10:45.332610,$GBGSV,09,,47
2026-06-02T21:10:45.332610,$GBGSV,10,,46
2026-06-02T21:10:45.333204,$GBGSV,24,,34
2026-06-02T21:10:45.333204,$GBGSV,25,,49
2026-06-02T21:10:45.333204,$GBGSV,33,,49
2026-06-02T21:10:45.333793,$GBGSV,09,,48
2026-06-02T21:10:45.333793,$GBGSV,10,,47
2026-06-02T21:10:46.310451,$GPGSV,02,,31
2026-06-02T21:10:46.310451,$GPGSV,10,,26
2026-06-02T21:10:46.310451,$GPGSV,25,,22
2026-06-02T21:10:46.310451,$GPGSV,26,,33
2026-06-02T21:10:46.311165,$GPGSV,28,,45
2026-06-02T21:10:46.311165,$GPGSV,31,,46
2026-06-02T21:10:46.311165,$GPGSV,32,,47
2026-06-02T21:10:46.311165,$GPGSV,41,,47
2026-06-02T21:10:46.311665,$GPGSV,42,,46
2026-06-02T21:10:46.311665,$GPGSV,50,,42
2026-06-02T21:10:46.312339,$GPGSV,10,,24
2026-06-02T21:10:46.312339,$GPGSV,23,,18
2026-06-02T21:10:46.312339,$GPGSV,25,,26
2026-06-02T21:10:46.312339,$GPGSV,26,,27
2026-06-02T21:10:46.312916,$GPGSV,28,,47
2026-06-02T21:10:46.312916,$GPGSV,31,,45
2026-06-02T21:10:46.312916,$GPGSV,32,,41
2026-06-02T21:10:46.314648,$GLGSV,66,,25
2026-06-02T21:10:46.314648,$GLGSV,67,,48
2026-06-02T21:10:46.314648,$GLGSV,77,,37
2026-06-02T21:10:46.314648,$GLGSV,78,,48
2026-06-02T21:10:46.315035,$GLGSV,79,,16
2026-06-02T21:10:46.315723,$GLGSV,66,,34
2026-06-02T21:10:46.315723,$GLGSV,67,,44
2026-06-02T21:10:46.315723,$GLGSV,68,,40
2026-06-02T21:10:46.315723,$GLGSV,78,,48
2026-06-02T21:10:46.316094,$GLGSV,79,,19
2026-06-02T21:10:46.317315,$GAGSV,05,,48
2026-06-02T21:10:46.317315,$GAGSV,06,,38
2026-06-02T21:10:46.317315,$GAGSV,09,,43
2026-06-02T21:10:46.317315,$GAGSV,16,,50
2026-06-02T21:10:46.317973,$GAGSV,25,,28
2026-06-02T21:10:46.317973,$GAGSV,31,,34
2026-06-02T21:10:46.317973,$GAGSV,34,,22
2026-06-02T21:10:46.317973,$GAGSV,36,,15
2026-06-02T21:10:46.318638,$GAGSV,05,,41
2026-06-02T21:10:46.318638,$GAGSV,09,,40
2026-06-02T21:10:46.318638,$GAGSV,16,,47
2026-06-02T21:10:46.318638,$GAGSV,31,,29
2026-06-02T21:10:46.318998,$GAGSV,34,,19
2026-06-02T21:10:46.320262,$GBGSV,06,,48
2026-06-02T21:10:46.320262,$GBGSV,07,,47
2026-06-02T21:10:46.320262,$GBGSV,09,,46
2026-06-02T21:10:46.320262,$GBGSV,10,,46
2026-06-02T21:10:46.320818,$GBGSV,24,,34
2026-06-02T21:10:46.320818,$GBGSV,25,,48
2026-06-02T21:10:46.320818,$GBGSV,33,,50
2026-06-02T21:10:46.321272,$GBGSV,09,,48
2026-06-02T21:10:46.321272,$GBGSV,10,,47
2026-06-02T21:10:47.311799,$GPGSV,02,,30
2026-06-02T21:10:47.311799,$GPGSV,10,,24
2026-06-02T21:10:47.311799,$GPGSV,25,,22
2026-06-02T21:10:47.311799,$GPGSV,26,,33
2026-06-02T21:10:47.312689,$GPGSV,28,,45
2026-06-02T21:10:47.312689,$GPGSV,31,,46
2026-06-02T21:10:47.312689,$GPGSV,32,,45
2026-06-02T21:10:47.312689,$GPGSV,41,,47
2026-06-02T21:10:47.313310,$GPGSV,42,,45
2026-06-02T21:10:47.313310,$GPGSV,50,,42
2026-06-02T21:10:47.314143,$GPGSV,10,,21
2026-06-02T21:10:47.314143,$GPGSV,23,,18
2026-06-02T21:10:47.314143,$GPGSV,25,,27
2026-06-02T21:10:47.314143,$GPGSV,26,,24
2026-06-02T21:10:47.314858,$GPGSV,28,,45
2026-06-02T21:10:47.314858,$GPGSV,31,,45
2026-06-02T21:10:47.314858,$GPGSV,32,,43
2026-06-02T21:10:47.316927,$GLGSV,66,,30
2026-06-02T21:10:47.316927,$GLGSV,67,,48
2026-06-02T21:10:47.316927,$GLGSV,77,,39
2026-06-02T21:10:47.316927,$GLGSV,78,,48
2026-06-02T21:10:47.317368,$GLGSV,79,,16
2026-06-02T21:10:47.318098,$GLGSV,66,,34
2026-06-02T21:10:47.318098,$GLGSV,67,,45
2026-06-02T21:10:47.318098,$GLGSV,68,,38
2026-06-02T21:10:47.318098,$GLGSV,78,,48
2026-06-02T21:10:47.318504,$GLGSV,79,,17
2026-06-02T21:10:47.319931,$GAGSV,05,,49
2026-06-02T21:10:47.319931,$GAGSV,06,,40
2026-06-02T21:10:47.319931,$GAGSV,09,,43
2026-06-02T21:10:47.319931,$GAGSV,16,,50
2026-06-02T21:10:47.321110,$GAGSV,25,,27
2026-06-02T21:10:47.321110,$GAGSV,31,,33
2026-06-02T21:10:47.321110,$GAGSV,34,,21
2026-06-02T21:10:47.321110,$GAGSV,36,,17
2026-06-02T21:10:47.322059,$GAGSV,05,,45
2026-06-02T21:10:47.322059,$GAGSV,09,,40
2026-06-02T21:10:47.322059,$GAGSV,16,,46
2026-06-02T21:10:47.322059,$GAGSV,31,,30
2026-06-02T21:10:47.322490,$GAGSV,34,,18
2026-06-02T21:10:47.323848,$GBGSV,06,,48
2026-06-02T21:10:47.323848,$GBGSV,07,,45
2026-06-02T21:10:47.323848,$GBGSV,09,,47
2026-06-02T21:10:47.323848,$GBGSV,10,,46
2026-06-02T21:10:47.324464,$GBGSV,24,,34
2026-06-02T21:10:47.324464,$GBGSV,25,,49
2026-06-02T21:10:47.324464,$GBGSV,33,,49
2026-06-02T21:10:47.324978,$GBGSV,09,,48
2026-06-02T21:10:47.324978,$GBGSV,10,,48
2026-06-02T21:10:48.316912,$GPGSV,02,,30
2026-06-02T21:10:48.316912,$GPGSV,10,,23
2026-06-02T21:10:48.316912,$GPGSV,25,,29
2026-06-02T21:10:48.316912,$GPGSV,26,,35
2026-06-02T21:10:48.319290,$GPGSV,28,,45
2026-06-02T21:10:48.319290,$GPGSV,31,,46
2026-06-02T21:10:48.319290,$GPGSV,32,,45
2026-06-02T21:10:48.319290,$GPGSV,41,,47
2026-06-02T21:10:48.320890,$GPGSV,42,,48
2026-06-02T21:10:48.320890,$GPGSV,50,,41
2026-06-02T21:10:48.322806,$GPGSV,10,,21
2026-06-02T21:10:48.322806,$GPGSV,23,,19
2026-06-02T21:10:48.322806,$GPGSV,25,,26
2026-06-02T21:10:48.322806,$GPGSV,26,,22
2026-06-02T21:10:48.323436,$GPGSV,28,,44
2026-06-02T21:10:48.323436,$GPGSV,31,,45
2026-06-02T21:10:48.323436,$GPGSV,32,,45
2026-06-02T21:10:48.325349,$GLGSV,66,,30
2026-06-02T21:10:48.325349,$GLGSV,67,,48
2026-06-02T21:10:48.325349,$GLGSV,77,,39
2026-06-02T21:10:48.325349,$GLGSV,78,,49
2026-06-02T21:10:48.325747,$GLGSV,79,,16
2026-06-02T21:10:48.326416,$GLGSV,66,,24
2026-06-02T21:10:48.326416,$GLGSV,67,,46
2026-06-02T21:10:48.326416,$GLGSV,68,,38
2026-06-02T21:10:48.326416,$GLGSV,78,,48
2026-06-02T21:10:48.326804,$GLGSV,79,,17
2026-06-02T21:10:48.328575,$GAGSV,05,,49
2026-06-02T21:10:48.328575,$GAGSV,06,,38
2026-06-02T21:10:48.328575,$GAGSV,09,,45
2026-06-02T21:10:48.328575,$GAGSV,16,,51
2026-06-02T21:10:48.329518,$GAGSV,25,,29
2026-06-02T21:10:48.329518,$GAGSV,31,,28
2026-06-02T21:10:48.329518,$GAGSV,34,,21
2026-06-02T21:10:48.329518,$GAGSV,36,,17
2026-06-02T21:10:48.330251,$GAGSV,05,,41
2026-06-02T21:10:48.330251,$GAGSV,09,,40
2026-06-02T21:10:48.330251,$GAGSV,16,,46
2026-06-02T21:10:48.330251,$GAGSV,31,,30
2026-06-02T21:10:48.330644,$GAGSV,34,,18
2026-06-02T21:10:48.331850,$GBGSV,06,,48
2026-06-02T21:10:48.331850,$GBGSV,07,,46
2026-06-02T21:10:48.331850,$GBGSV,09,,47
2026-06-02T21:10:48.331850,$GBGSV,10,,45
2026-06-02T21:10:48.332436,$GBGSV,24,,36
2026-06-02T21:10:48.332436,$GBGSV,25,,49
2026-06-02T21:10:48.332436,$GBGSV,33,,49
2026-06-02T21:10:48.332921,$GBGSV,09,,48
2026-06-02T21:10:48.332921,$GBGSV,10,,47
2026-06-02T21:10:49.307984,$GPGSV,02,,29
2026-06-02T21:10:49.307984,$GPGSV,10,,25
2026-06-02T21:10:49.307984,$GPGSV,25,,28
2026-06-02T21:10:49.307984,$GPGSV,26,,35
2026-06-02T21:10:49.308726,$GPGSV,28,,44
2026-06-02T21:10:49.308726,$GPGSV,31,,45
2026-06-02T21:10:49.308726,$GPGSV,32,,47
2026-06-02T21:10:49.308726,$GPGSV,41,,47
2026-06-02T21:10:49.309242,$GPGSV,42,,47
2026-06-02T21:10:49.309242,$GPGSV,50,,41
2026-06-02T21:10:49.309955,$GPGSV,10,,23
2026-06-02T21:10:49.309955,$GPGSV,23,,18
2026-06-02T21:10:49.309955,$GPGSV,25,,28
2026-06-02T21:10:49.309955,$GPGSV,26,,19
2026-06-02T21:10:49.310564,$GPGSV,28,,45
2026-06-02T21:10:49.310564,$GPGSV,31,,45
2026-06-02T21:10:49.310564,$GPGSV,32,,46
2026-06-02T21:10:49.312355,$GLGSV,66,,31
2026-06-02T21:10:49.312355,$GLGSV,67,,48
2026-06-02T21:10:49.312355,$GLGSV,77,,41
2026-06-02T21:10:49.312355,$GLGSV,78,,49
2026-06-02T21:10:49.312758,$GLGSV,79,,17
2026-06-02T21:10:49.313461,$GLGSV,66,,29
2026-06-02T21:10:49.313461,$GLGSV,67,,45
2026-06-02T21:10:49.313461,$GLGSV,68,,39
2026-06-02T21:10:49.313461,$GLGSV,78,,48
2026-06-02T21:10:49.313867,$GLGSV,79,,16
2026-06-02T21:10:49.315114,$GAGSV,05,,48
2026-06-02T21:10:49.315114,$GAGSV,06,,36
2026-06-02T21:10:49.315114,$GAGSV,09,,43
2026-06-02T21:10:49.315114,$GAGSV,16,,51
2026-06-02T21:10:49.315818,$GAGSV,25,,13
2026-06-02T21:10:49.315818,$GAGSV,31,,27
2026-06-02T21:10:49.315818,$GAGSV,34,,21
2026-06-02T21:10:49.315818,$GAGSV,36,,19
2026-06-02T21:10:49.316499,$GAGSV,05,,41
2026-06-02T21:10:49.316499,$GAGSV,06,,30
2026-06-02T21:10:49.316499,$GAGSV,09,,38
2026-06-02T21:10:49.316499,$GAGSV,16,,46
2026-06-02T21:10:49.316987,$GAGSV,31,,30
2026-06-02T21:10:49.316987,$GAGSV,34,,18
2026-06-02T21:10:49.318352,$GBGSV,06,,48
2026-06-02T21:10:49.318352,$GBGSV,07,,46
2026-06-02T21:10:49.318352,$GBGSV,09,,46
2026-06-02T21:10:49.318352,$GBGSV,10,,44
2026-06-02T21:10:49.319237,$GBGSV,24,,36
2026-06-02T21:10:49.319237,$GBGSV,25,,49
2026-06-02T21:10:49.319237,$GBGSV,33,,50
2026-06-02T21:10:49.320107,$GBGSV,09,,49
2026-06-02T21:10:49.320107,$GBGSV,10,,48
2026-06-02T21:10:50.317504,$GPGSV,02,,29
2026-06-02T21:10:50.317504,$GPGSV,10,,25
2026-06-02T21:10:50.317504,$GPGSV,25,,26
2026-06-02T21:10:50.317504,$GPGSV,26,,33
2026-06-02T21:10:50.318248,$GPGSV,28,,44
2026-06-02T21:10:50.318248,$GPGSV,31,,46
2026-06-02T21:10:50.318248,$GPGSV,32,,47
2026-06-02T21:10:50.318248,$GPGSV,41,,47
2026-06-02T21:10:50.318765,$GPGSV,42,,47
2026-06-02T21:10:50.318765,$GPGSV,50,,41
2026-06-02T21:10:50.319468,$GPGSV,10,,22
2026-06-02T21:10:50.319468,$GPGSV,23,,17
2026-06-02T21:10:50.319468,$GPGSV,25,,34
2026-06-02T21:10:50.319468,$GPGSV,26,,23
2026-06-02T21:10:50.320481,$GPGSV,28,,46
2026-06-02T21:10:50.320481,$GPGSV,31,,44
2026-06-02T21:10:50.320481,$GPGSV,32,,46
2026-06-02T21:10:50.322976,$GLGSV,66,,31
2026-06-02T21:10:50.322976,$GLGSV,67,,48
2026-06-02T21:10:50.322976,$GLGSV,77,,38
2026-06-02T21:10:50.322976,$GLGSV,78,,49
2026-06-02T21:10:50.323375,$GLGSV,79,,18
2026-06-02T21:10:50.324162,$GLGSV,66,,30
2026-06-02T21:10:50.324162,$GLGSV,67,,48
2026-06-02T21:10:50.324162,$GLGSV,68,,35
2026-06-02T21:10:50.324162,$GLGSV,78,,49
2026-06-02T21:10:50.324565,$GLGSV,79,,14
2026-06-02T21:10:50.325773,$GAGSV,05,,47
2026-06-02T21:10:50.325773,$GAGSV,06,,38
2026-06-02T21:10:50.325773,$GAGSV,09,,44
2026-06-02T21:10:50.325773,$GAGSV,16,,50
2026-06-02T21:10:50.326461,$GAGSV,25,,22
2026-06-02T21:10:50.326461,$GAGSV,31,,27
2026-06-02T21:10:50.326461,$GAGSV,34,,22
2026-06-02T21:10:50.326461,$GAGSV,36,,17
2026-06-02T21:10:50.327143,$GAGSV,05,,41
2026-06-02T21:10:50.327143,$GAGSV,06,,35
2026-06-02T21:10:50.327143,$GAGSV,09,,36
2026-06-02T21:10:50.327143,$GAGSV,16,,46
2026-06-02T21:10:50.327646,$GAGSV,31,,32
2026-06-02T21:10:50.327646,$GAGSV,34,,21
2026-06-02T21:10:50.329002,$GBGSV,06,,49
2026-06-02T21:10:50.329002,$GBGSV,07,,45
2026-06-02T21:10:50.329002,$GBGSV,09,,47
2026-06-02T21:10:50.329002,$GBGSV,10,,46
2026-06-02T21:10:50.329694,$GBGSV,24,,36
2026-06-02T21:10:50.329694,$GBGSV,25,,48
2026-06-02T21:10:50.329694,$GBGSV,33,,50
2026-06-02T21:10:50.330191,$GBGSV,09,,48
2026-06-02T21:10:50.330191,$GBGSV,10,,47
2026-06-02T21:10:51.303984,$GPGSV,02,,28
2026-06-02T21:10:51.303984,$GPGSV,10,,25
2026-06-02T21:10:51.303984,$GPGSV,23,,19
2026-06-02T21:10:51.303984,$GPGSV,25,,34
2026-06-02T21:10:51.304829,$GPGSV,26,,33
2026-06-02T21:10:51.304829,$GPGSV,28,,46
2026-06-02T21:10:51.304829,$GPGSV,31,,47
2026-06-02T21:10:51.304829,$GPGSV,32,,47
2026-06-02T21:10:51.305526,$GPGSV,41,,47
2026-06-02T21:10:51.305526,$GPGSV,42,,45
2026-06-02T21:10:51.305526,$GPGSV,50,,40
2026-06-02T21:10:51.306321,$GPGSV,10,,23
2026-06-02T21:10:51.306321,$GPGSV,23,,16
2026-06-02T21:10:51.306321,$GPGSV,25,,36
2026-06-02T21:10:51.306321,$GPGSV,26,,24
2026-06-02T21:10:51.306988,$GPGSV,28,,46
2026-06-02T21:10:51.306988,$GPGSV,31,,43
2026-06-02T21:10:51.306988,$GPGSV,32,,45
2026-06-02T21:10:51.308825,$GLGSV,66,,24
2026-06-02T21:10:51.308825,$GLGSV,67,,46
2026-06-02T21:10:51.308825,$GLGSV,77,,40
2026-06-02T21:10:51.308825,$GLGSV,78,,49
2026-06-02T21:10:51.309430,$GLGSV,79,,17
2026-06-02T21:10:51.310642,$GLGSV,66,,29
2026-06-02T21:10:51.310642,$GLGSV,67,,49
2026-06-02T21:10:51.310642,$GLGSV,68,,35
2026-06-02T21:10:51.310642,$GLGSV,78,,48
2026-06-02T21:10:51.311251,$GLGSV,79,,11
2026-06-02T21:10:51.312532,$GAGSV,05,,47
2026-06-02T21:10:51.312532,$GAGSV,06,,41
2026-06-02T21:10:51.312532,$GAGSV,09,,42
2026-06-02T21:10:51.312532,$GAGSV,16,,50
2026-06-02T21:10:51.313345,$GAGSV,25,,20
2026-06-02T21:10:51.313345,$GAGSV,31,,28
2026-06-02T21:10:51.313345,$GAGSV,34,,22
2026-06-02T21:10:51.313345,$GAGSV,36,,16
2026-06-02T21:10:51.314058,$GAGSV,05,,42
2026-06-02T21:10:51.314058,$GAGSV,06,,37
2026-06-02T21:10:51.314058,$GAGSV,09,,36
2026-06-02T21:10:51.314058,$GAGSV,16,,45
2026-06-02T21:10:51.314566,$GAGSV,31,,35
2026-06-02T21:10:51.314566,$GAGSV,34,,20
2026-06-02T21:10:51.315824,$GBGSV,06,,49
2026-06-02T21:10:51.315824,$GBGSV,07,,43
2026-06-02T21:10:51.315824,$GBGSV,09,,47
2026-06-02T21:10:51.315824,$GBGSV,10,,47
2026-06-02T21:10:51.316432,$GBGSV,24,,36
2026-06-02T21:10:51.316432,$GBGSV,25,,49
2026-06-02T21:10:51.316432,$GBGSV,33,,50
2026-06-02T21:10:51.316938,$GBGSV,09,,48
2026-06-02T21:10:51.316938,$GBGSV,10,,46
2026-06-02T21:10:52.312269,$GPGSV,02,,28
2026-06-02T21:10:52.312269,$GPGSV,10,,22
2026-06-02T21:10:52.312269,$GPGSV,23,,16
2026-06-02T21:10:52.312269,$GPGSV,25,,29
2026-06-02T21:10:52.312854,$GPGSV,26,,32
2026-06-02T21:10:52.312854,$GPGSV,28,,44
2026-06-02T21:10:52.312854,$GPGSV,31,,45
2026-06-02T21:10:52.312854,$GPGSV,32,,45
2026-06-02T21:10:52.313354,$GPGSV,41,,47
2026-06-02T21:10:52.313354,$GPGSV,42,,46
2026-06-02T21:10:52.313354,$GPGSV,50,,41
2026-06-02T21:10:52.313970,$GPGSV,10,,22
2026-06-02T21:10:52.313970,$GPGSV,23,,19
2026-06-02T21:10:52.313970,$GPGSV,25,,23
2026-06-02T21:10:52.313970,$GPGSV,26,,22
2026-06-02T21:10:52.314457,$GPGSV,28,,45
2026-06-02T21:10:52.314457,$GPGSV,31,,43
2026-06-02T21:10:52.314457,$GPGSV,32,,45
2026-06-02T21:10:52.315891,$GLGSV,66,,30
2026-06-02T21:10:52.315891,$GLGSV,67,,45
2026-06-02T21:10:52.315891,$GLGSV,77,,36
2026-06-02T21:10:52.315891,$GLGSV,78,,49
2026-06-02T21:10:52.316220,$GLGSV,79,,18
2026-06-02T21:10:52.316792,$GLGSV,66,,26
2026-06-02T21:10:52.316792,$GLGSV,67,,47
2026-06-02T21:10:52.316792,$GLGSV,68,,37
2026-06-02T21:10:52.316792,$GLGSV,78,,48
2026-06-02T21:10:52.317103,$GLGSV,79,,14
2026-06-02T21:10:52.318056,$GAGSV,05,,46
2026-06-02T21:10:52.318056,$GAGSV,06,,40
2026-06-02T21:10:52.318056,$GAGSV,09,,38
2026-06-02T21:10:52.318056,$GAGSV,16,,49
2026-06-02T21:10:52.318801,$GAGSV,25,,19
2026-06-02T21:10:52.318801,$GAGSV,31,,38
2026-06-02T21:10:52.318801,$GAGSV,34,,23
2026-06-02T21:10:52.318801,$GAGSV,36,,17
2026-06-02T21:10:52.319766,$GAGSV,05,,43
2026-06-02T21:10:52.319766,$GAGSV,06,,34
2026-06-02T21:10:52.319766,$GAGSV,09,,35
2026-06-02T21:10:52.319766,$GAGSV,16,,45
2026-06-02T21:10:52.320244,$GAGSV,31,,33
2026-06-02T21:10:52.320244,$GAGSV,34,,21
2026-06-02T21:10:52.321220,$GBGSV,06,,48
2026-06-02T21:10:52.321220,$GBGSV,07,,45
2026-06-02T21:10:52.321220,$GBGSV,09,,47
2026-06-02T21:10:52.321220,$GBGSV,10,,44
2026-06-02T21:10:52.321746,$GBGSV,24,,36
2026-06-02T21:10:52.321746,$GBGSV,25,,49
2026-06-02T21:10:52.321746,$GBGSV,33,,49
2026-06-02T21:10:52.322128,$GBGSV,09,,48
2026-06-02T21:10:52.322128,$GBGSV,10,,45
2026-06-02T21:10:53.314289,$GPGSV,02,,27
2026-06-02T21:10:53.314289,$GPGSV,10,,30
2026-06-02T21:10:53.314289,$GPGSV,23,,13
2026-06-02T21:10:53.314289,$GPGSV,25,,32
2026-06-02T21:10:53.315020,$GPGSV,26,,31
2026-06-02T21:10:53.315020,$GPGSV,28,,41
2026-06-02T21:10:53.315020,$GPGSV,31,,46
2026-06-02T21:10:53.315020,$GPGSV,32,,45
2026-06-02T21:10:53.315660,$GPGSV,41,,47
2026-06-02T21:10:53.315660,$GPGSV,42,,46
2026-06-02T21:10:53.315660,$GPGSV,50,,42
2026-06-02T21:10:53.316380,$GPGSV,10,,25
2026-06-02T21:10:53.316380,$GPGSV,23,,18
2026-06-02T21:10:53.316380,$GPGSV,25,,30
2026-06-02T21:10:53.316380,$GPGSV,26,,22
2026-06-02T21:10:53.316995,$GPGSV,28,,44
2026-06-02T21:10:53.316995,$GPGSV,31,,43
2026-06-02T21:10:53.316995,$GPGSV,32,,44
2026-06-02T21:10:53.318725,$GLGSV,66,,25
2026-06-02T21:10:53.318725,$GLGSV,67,,48
2026-06-02T21:10:53.318725,$GLGSV,77,,41
2026-06-02T21:10:53.318725,$GLGSV,78,,48
2026-06-02T21:10:53.319117,$GLGSV,79,,18
2026-06-02T21:10:53.319966,$GLGSV,66,,31
2026-06-02T21:10:53.319966,$GLGSV,67,,47
2026-06-02T21:10:53.319966,$GLGSV,68,,39
2026-06-02T21:10:53.319966,$GLGSV,78,,48
2026-06-02T21:10:53.320603,$GLGSV,79,,15
2026-06-02T21:10:53.322265,$GAGSV,05,,46
2026-06-02T21:10:53.322265,$GAGSV,06,,41
2026-06-02T21:10:53.322265,$GAGSV,09,,35
2026-06-02T21:10:53.322265,$GAGSV,16,,50
2026-06-02T21:10:53.322952,$GAGSV,25,,18
2026-06-02T21:10:53.322952,$GAGSV,31,,37
2026-06-02T21:10:53.322952,$GAGSV,34,,23
2026-06-02T21:10:53.322952,$GAGSV,36,,18
2026-06-02T21:10:53.323772,$GAGSV,05,,42
2026-06-02T21:10:53.323772,$GAGSV,06,,35
2026-06-02T21:10:53.323772,$GAGSV,09,,35
2026-06-02T21:10:53.323772,$GAGSV,16,,46
2026-06-02T21:10:53.324278,$GAGSV,31,,33
2026-06-02T21:10:53.324278,$GAGSV,34,,21
2026-06-02T21:10:53.325484,$GBGSV,06,,48
2026-06-02T21:10:53.325484,$GBGSV,07,,44
2026-06-02T21:10:53.325484,$GBGSV,09,,47
2026-06-02T21:10:53.325484,$GBGSV,10,,45
2026-06-02T21:10:53.326073,$GBGSV,24,,38
2026-06-02T21:10:53.326073,$GBGSV,25,,48
2026-06-02T21:10:53.326073,$GBGSV,33,,50
2026-06-02T21:10:53.326564,$GBGSV,09,,48
2026-06-02T21:10:53.326564,$GBGSV,10,,46
2026-06-02T21:10:54.310263,$GPGSV,02,,28
2026-06-02T21:10:54.310263,$GPGSV,10,,22
2026-06-02T21:10:54.310263,$GPGSV,23,,09
2026-06-02T21:10:54.310263,$GPGSV,25,,32
2026-06-02T21:10:54.310994,$GPGSV,26,,32
2026-06-02T21:10:54.310994,$GPGSV,28,,43
2026-06-02T21:10:54.310994,$GPGSV,31,,47
2026-06-02T21:10:54.310994,$GPGSV,32,,43
2026-06-02T21:10:54.311631,$GPGSV,41,,46
2026-06-02T21:10:54.311631,$GPGSV,42,,48
2026-06-02T21:10:54.311631,$GPGSV,50,,42
2026-06-02T21:10:54.312344,$GPGSV,10,,24
2026-06-02T21:10:54.312344,$GPGSV,23,,16
2026-06-02T21:10:54.312344,$GPGSV,25,,30
2026-06-02T21:10:54.312344,$GPGSV,26,,21
2026-06-02T21:10:54.312951,$GPGSV,28,,45
2026-06-02T21:10:54.312951,$GPGSV,31,,46
2026-06-02T21:10:54.312951,$GPGSV,32,,44
2026-06-02T21:10:54.314730,$GLGSV,66,,31
2026-06-02T21:10:54.314730,$GLGSV,67,,47
2026-06-02T21:10:54.314730,$GLGSV,77,,36
2026-06-02T21:10:54.314730,$GLGSV,78,,49
2026-06-02T21:10:54.315135,$GLGSV,79,,17
2026-06-02T21:10:54.316001,$GLGSV,66,,25
2026-06-02T21:10:54.316001,$GLGSV,67,,47
2026-06-02T21:10:54.316001,$GLGSV,68,,31
2026-06-02T21:10:54.316001,$GLGSV,78,,48
2026-06-02T21:10:54.316677,$GLGSV,79,,16
2026-06-02T21:10:54.318339,$GAGSV,05,,47
2026-06-02T21:10:54.318339,$GAGSV,06,,41
2026-06-02T21:10:54.318339,$GAGSV,09,,38
2026-06-02T21:10:54.318339,$GAGSV,16,,51
2026-06-02T21:10:54.319027,$GAGSV,25,,19
2026-06-02T21:10:54.319027,$GAGSV,31,,36
2026-06-02T21:10:54.319027,$GAGSV,34,,24
2026-06-02T21:10:54.319027,$GAGSV,36,,22
2026-06-02T21:10:54.319853,$GAGSV,05,,40
2026-06-02T21:10:54.319853,$GAGSV,06,,35
2026-06-02T21:10:54.319853,$GAGSV,09,,32
2026-06-02T21:10:54.319853,$GAGSV,16,,47
2026-06-02T21:10:54.320358,$GAGSV,31,,28
2026-06-02T21:10:54.320358,$GAGSV,34,,21
2026-06-02T21:10:54.321556,$GBGSV,06,,47
2026-06-02T21:10:54.321556,$GBGSV,07,,45
2026-06-02T21:10:54.321556,$GBGSV,09,,47
2026-06-02T21:10:54.321556,$GBGSV,10,,45
2026-06-02T21:10:54.322137,$GBGSV,24,,37
2026-06-02T21:10:54.322137,$GBGSV,25,,49
2026-06-02T21:10:54.322137,$GBGSV,33,,49
2026-06-02T21:10:54.322689,$GBGSV,09,,48
2026-06-02T21:10:54.322689,$GBGSV,10,,46
2026-06-02T21:10:55.311987,$GPGSV,02,,29
2026-06-02T21:10:55.311987,$GPGSV,10,,24
2026-06-02T21:10:55.311987,$GPGSV,23,,08
2026-06-02T21:10:55.311987,$GPGSV,25,,27
2026-06-02T21:10:55.312718,$GPGSV,26,,35
2026-06-02T21:10:55.312718,$GPGSV,28,,42
2026-06-02T21:10:55.312718,$GPGSV,31,,45
2026-06-02T21:10:55.312718,$GPGSV,32,,46
2026-06-02T21:10:55.313328,$GPGSV,41,,47
2026-06-02T21:10:55.313328,$GPGSV,42,,46
2026-06-02T21:10:55.313328,$GPGSV,50,,43
2026-06-02T21:10:55.314036,$GPGSV,10,,22
2026-06-02T21:10:55.314036,$GPGSV,23,,13
2026-06-02T21:10:55.314036,$GPGSV,25,,31
2026-06-02T21:10:55.314036,$GPGSV,26,,19
2026-06-02T21:10:55.314616,$GPGSV,28,,43
2026-06-02T21:10:55.314616,$GPGSV,31,,44
2026-06-02T21:10:55.314616,$GPGSV,32,,42
2026-06-02T21:10:55.316318,$GLGSV,66,,29
2026-06-02T21:10:55.316318,$GLGSV,67,,47
2026-06-02T21:10:55.316318,$GLGSV,77,,41
2026-06-02T21:10:55.316318,$GLGSV,78,,48
2026-06-02T21:10:55.316857,$GLGSV,79,,18
2026-06-02T21:10:55.317960,$GLGSV,66,,26
2026-06-02T21:10:55.317960,$GLGSV,67,,49
2026-06-02T21:10:55.317960,$GLGSV,68,,41
2026-06-02T21:10:55.317960,$GLGSV,78,,49
2026-06-02T21:10:55.318657,$GLGSV,79,,18
2026-06-02T21:10:55.319892,$GAGSV,05,,47
2026-06-02T21:10:55.319892,$GAGSV,06,,43
2026-06-02T21:10:55.319892,$GAGSV,09,,40
2026-06-02T21:10:55.319892,$GAGSV,16,,51
2026-06-02T21:10:55.320670,$GAGSV,25,,20
2026-06-02T21:10:55.320670,$GAGSV,31,,37
2026-06-02T21:10:55.320670,$GAGSV,34,,23
2026-06-02T21:10:55.320670,$GAGSV,36,,22
2026-06-02T21:10:55.321369,$GAGSV,05,,41
2026-06-02T21:10:55.321369,$GAGSV,06,,36
2026-06-02T21:10:55.321369,$GAGSV,09,,32
2026-06-02T21:10:55.321369,$GAGSV,16,,46
2026-06-02T21:10:55.321857,$GAGSV,31,,28
2026-06-02T21:10:55.321857,$GAGSV,34,,21
2026-06-02T21:10:55.323060,$GBGSV,06,,48
2026-06-02T21:10:55.323060,$GBGSV,07,,44
2026-06-02T21:10:55.323060,$GBGSV,09,,47
2026-06-02T21:10:55.323060,$GBGSV,10,,47
2026-06-02T21:10:55.323736,$GBGSV,24,,40
2026-06-02T21:10:55.323736,$GBGSV,25,,49
2026-06-02T21:10:55.323736,$GBGSV,33,,50
2026-06-02T21:10:55.324322,$GBGSV,09,,48
2026-06-02T21:10:55.324322,$GBGSV,10,,47
2026-06-02T21:10:56.316003,$GPGSV,02,,29
2026-06-02T21:10:56.316003,$GPGSV,10,,26
2026-06-02T21:10:56.316003,$GPGSV,23,,10
2026-06-02T21:10:56.316003,$GPGSV,25,,32
2026-06-02T21:10:56.316860,$GPGSV,26,,30
2026-06-02T21:10:56.316860,$GPGSV,28,,43
2026-06-02T21:10:56.316860,$GPGSV,31,,45
2026-06-02T21:10:56.316860,$GPGSV,32,,44
2026-06-02T21:10:56.317552,$GPGSV,41,,47
2026-06-02T21:10:56.317552,$GPGSV,42,,46
2026-06-02T21:10:56.317552,$GPGSV,50,,43
2026-06-02T21:10:56.318328,$GPGSV,10,,22
2026-06-02T21:10:56.318328,$GPGSV,23,,16
2026-06-02T21:10:56.318328,$GPGSV,25,,31
2026-06-02T21:10:56.318328,$GPGSV,26,,30
2026-06-02T21:10:56.318998,$GPGSV,28,,46
2026-06-02T21:10:56.318998,$GPGSV,31,,44
2026-06-02T21:10:56.318998,$GPGSV,32,,43
2026-06-02T21:10:56.320873,$GLGSV,66,,29
2026-06-02T21:10:56.320873,$GLGSV,67,,48
2026-06-02T21:10:56.320873,$GLGSV,77,,38
2026-06-02T21:10:56.320873,$GLGSV,78,,48
2026-06-02T21:10:56.321443,$GLGSV,79,,17
2026-06-02T21:10:56.322639,$GLGSV,66,,27
2026-06-02T21:10:56.322639,$GLGSV,67,,46
2026-06-02T21:10:56.322639,$GLGSV,68,,39
2026-06-02T21:10:56.322639,$GLGSV,78,,48
2026-06-02T21:10:56.323266,$GLGSV,79,,15
2026-06-02T21:10:56.324531,$GAGSV,05,,45
2026-06-02T21:10:56.324531,$GAGSV,06,,43
2026-06-02T21:10:56.324531,$GAGSV,09,,41
2026-06-02T21:10:56.324531,$GAGSV,16,,49
2026-06-02T21:10:56.325343,$GAGSV,25,,20
2026-06-02T21:10:56.325343,$GAGSV,31,,35
2026-06-02T21:10:56.325343,$GAGSV,34,,31
2026-06-02T21:10:56.325343,$GAGSV,36,,21
2026-06-02T21:10:56.326069,$GAGSV,05,,43
2026-06-02T21:10:56.326069,$GAGSV,06,,37
2026-06-02T21:10:56.326069,$GAGSV,09,,32
2026-06-02T21:10:56.326069,$GAGSV,16,,45
2026-06-02T21:10:56.326578,$GAGSV,31,,27
2026-06-02T21:10:56.326578,$GAGSV,34,,20
2026-06-02T21:10:56.327855,$GBGSV,06,,48
2026-06-02T21:10:56.327855,$GBGSV,07,,45
2026-06-02T21:10:56.327855,$GBGSV,09,,47
2026-06-02T21:10:56.327855,$GBGSV,10,,45
2026-06-02T21:10:56.328458,$GBGSV,24,,35
2026-06-02T21:10:56.328458,$GBGSV,25,,49
2026-06-02T21:10:56.328458,$GBGSV,33,,49
2026-06-02T21:10:56.328973,$GBGSV,09,,48
2026-06-02T21:10:56.328973,$GBGSV,10,,48
2026-06-02T21:10:57.310683,$GPGSV,02,,29
2026-06-02T21:10:57.310683,$GPGSV,10,,27
2026-06-02T21:10:57.310683,$GPGSV,23,,09
2026-06-02T21:10:57.310683,$GPGSV,25,,26
2026-06-02T21:10:57.311332,$GPGSV,26,,31
2026-06-02T21:10:57.311332,$GPGSV,28,,43
2026-06-02T21:10:57.311332,$GPGSV,31,,44
2026-06-02T21:10:57.311332,$GPGSV,32,,45
2026-06-02T21:10:57.311907,$GPGSV,41,,47
2026-06-02T21:10:57.311907,$GPGSV,42,,46
2026-06-02T21:10:57.311907,$GPGSV,50,,41
2026-06-02T21:10:57.312514,$GPGSV,10,,30
2026-06-02T21:10:57.312514,$GPGSV,23,,22
2026-06-02T21:10:57.312514,$GPGSV,25,,24
2026-06-02T21:10:57.312514,$GPGSV,26,,25
2026-06-02T21:10:57.313042,$GPGSV,28,,46
2026-06-02T21:10:57.313042,$GPGSV,31,,44
2026-06-02T21:10:57.313042,$GPGSV,32,,40
2026-06-02T21:10:57.314508,$GLGSV,66,,30
2026-06-02T21:10:57.314508,$GLGSV,67,,49
2026-06-02T21:10:57.314508,$GLGSV,77,,40
2026-06-02T21:10:57.314508,$GLGSV,78,,48
2026-06-02T21:10:57.314840,$GLGSV,79,,17
2026-06-02T21:10:57.315413,$GLGSV,66,,32
2026-06-02T21:10:57.315413,$GLGSV,67,,48
2026-06-02T21:10:57.315413,$GLGSV,68,,39
2026-06-02T21:10:57.315413,$GLGSV,78,,50
2026-06-02T21:10:57.315927,$GLGSV,79,,15
2026-06-02T21:10:57.317510,$GAGSV,05,,44
2026-06-02T21:10:57.317510,$GAGSV,06,,41
2026-06-02T21:10:57.317510,$GAGSV,09,,38
2026-06-02T21:10:57.317510,$GAGSV,16,,50
2026-06-02T21:10:57.318107,$GAGSV,25,,20
2026-06-02T21:10:57.318107,$GAGSV,31,,25
2026-06-02T21:10:57.318107,$GAGSV,34,,23
2026-06-02T21:10:57.318107,$GAGSV,36,,19
2026-06-02T21:10:57.318753,$GAGSV,05,,39
2026-06-02T21:10:57.318753,$GAGSV,06,,33
2026-06-02T21:10:57.318753,$GAGSV,09,,28
2026-06-02T21:10:57.318753,$GAGSV,16,,45
2026-06-02T21:10:57.319207,$GAGSV,31,,27
2026-06-02T21:10:57.319207,$GAGSV,34,,20
2026-06-02T21:10:57.320264,$GBGSV,06,,49
2026-06-02T21:10:57.320264,$GBGSV,07,,43
2026-06-02T21:10:57.320264,$GBGSV,09,,47
2026-06-02T21:10:57.320264,$GBGSV,10,,45
2026-06-02T21:10:57.320768,$GBGSV,24,,26
2026-06-02T21:10:57.320768,$GBGSV,25,,49
2026-06-02T21:10:57.320768,$GBGSV,33,,49
2026-06-02T21:10:57.321199,$GBGSV,09,,48
2026-06-02T21:10:57.321199,$GBGSV,10,,48
2026-06-02T21:10:58.314859,$GPGSV,02,,29
2026-06-02T21:10:58.314859,$GPGSV,10,,33
2026-06-02T21:10:58.314859,$GPGSV,23,,08
2026-06-02T21:10:58.314859,$GPGSV,25,,27
2026-06-02T21:10:58.315687,$GPGSV,26,,35
2026-06-02T21:10:58.315687,$GPGSV,28,,40
2026-06-02T21:10:58.315687,$GPGSV,31,,42
2026-06-02T21:10:58.315687,$GPGSV,32,,43
2026-06-02T21:10:58.316355,$GPGSV,41,,47
2026-06-02T21:10:58.316355,$GPGSV,42,,45
2026-06-02T21:10:58.316355,$GPGSV,50,,41
2026-06-02T21:10:58.317102,$GPGSV,10,,26
2026-06-02T21:10:58.317102,$GPGSV,25,,23
2026-06-02T21:10:58.317102,$GPGSV,26,,26
2026-06-02T21:10:58.317102,$GPGSV,28,,46
2026-06-02T21:10:58.317616,$GPGSV,31,,41
2026-06-02T21:10:58.317616,$GPGSV,32,,42
2026-06-02T21:10:58.319416,$GLGSV,66,,30
2026-06-02T21:10:58.319416,$GLGSV,67,,47
2026-06-02T21:10:58.319416,$GLGSV,77,,41
2026-06-02T21:10:58.319416,$GLGSV,78,,48
2026-06-02T21:10:58.319830,$GLGSV,79,,16
2026-06-02T21:10:58.320881,$GLGSV,66,,35
2026-06-02T21:10:58.320881,$GLGSV,67,,46
2026-06-02T21:10:58.320881,$GLGSV,68,,38
2026-06-02T21:10:58.320881,$GLGSV,78,,48
2026-06-02T21:10:58.321595,$GLGSV,79,,16
2026-06-02T21:10:58.323088,$GAGSV,05,,46
2026-06-02T21:10:58.323088,$GAGSV,06,,39
2026-06-02T21:10:58.323088,$GAGSV,09,,33
2026-06-02T21:10:58.323088,$GAGSV,16,,50
2026-06-02T21:10:58.323888,$GAGSV,25,,22
2026-06-02T21:10:58.323888,$GAGSV,31,,34
2026-06-02T21:10:58.323888,$GAGSV,34,,25
2026-06-02T21:10:58.323888,$GAGSV,36,,19
2026-06-02T21:10:58.324650,$GAGSV,05,,38
2026-06-02T21:10:58.324650,$GAGSV,06,,38
2026-06-02T21:10:58.324650,$GAGSV,09,,34
2026-06-02T21:10:58.324650,$GAGSV,16,,45
2026-06-02T21:10:58.325166,$GAGSV,31,,35
2026-06-02T21:10:58.325166,$GAGSV,34,,20
2026-06-02T21:10:58.326414,$GBGSV,06,,49
2026-06-02T21:10:58.326414,$GBGSV,07,,44
2026-06-02T21:10:58.326414,$GBGSV,09,,47
2026-06-02T21:10:58.326414,$GBGSV,10,,45
2026-06-02T21:10:58.327000,$GBGSV,24,,26
2026-06-02T21:10:58.327000,$GBGSV,25,,49
2026-06-02T21:10:58.327000,$GBGSV,33,,50
2026-06-02T21:10:58.327484,$GBGSV,09,,48
2026-06-02T21:10:58.327484,$GBGSV,10,,46
2026-06-02T21:10:59.313484,$GPGSV,02,,28
2026-06-02T21:10:59.313484,$GPGSV,10,,30
2026-06-02T21:10:59.313484,$GPGSV,23,,07
2026-06-02T21:10:59.313484,$GPGSV,25,,31
2026-06-02T21:10:59.314251,$GPGSV,26,,35
2026-06-02T21:10:59.314251,$GPGSV,28,,43
2026-06-02T21:10:59.314251,$GPGSV,31,,42
2026-06-02T21:10:59.314251,$GPGSV,32,,43
2026-06-02T21:10:59.314857,$GPGSV,41,,48
2026-06-02T21:10:59.314857,$GPGSV,42,,46
2026-06-02T21:10:59.314857,$GPGSV,50,,43
2026-06-02T21:10:59.315265,$GPGSV,23,,27
2026-06-02T21:10:59.315968,$GPGSV,10,,26
2026-06-02T21:10:59.315968,$GPGSV,25,,26
2026-06-02T21:10:59.315968,$GPGSV,26,,27
2026-06-02T21:10:59.315968,$GPGSV,28,,46
2026-06-02T21:10:59.316475,$GPGSV,31,,41
2026-06-02T21:10:59.316475,$GPGSV,32,,40
2026-06-02T21:10:59.318622,$GLGSV,66,,28
2026-06-02T21:10:59.318622,$GLGSV,67,,44
2026-06-02T21:10:59.318622,$GLGSV,77,,37
2026-06-02T21:10:59.318622,$GLGSV,78,,48
2026-06-02T21:10:59.319339,$GLGSV,79,,17
2026-06-02T21:10:59.320255,$GLGSV,66,,34
2026-06-02T21:10:59.320255,$GLGSV,67,,47
2026-06-02T21:10:59.320255,$GLGSV,68,,42
2026-06-02T21:10:59.320255,$GLGSV,78,,48
2026-06-02T21:10:59.320676,$GLGSV,79,,16
2026-06-02T21:10:59.322058,$GAGSV,05,,45
2026-06-02T21:10:59.322058,$GAGSV,06,,36
2026-06-02T21:10:59.322058,$GAGSV,09,,40
2026-06-02T21:10:59.322058,$GAGSV,16,,51
2026-06-02T21:10:59.322751,$GAGSV,25,,22
2026-06-02T21:10:59.322751,$GAGSV,31,,32
2026-06-02T21:10:59.322751,$GAGSV,34,,25
2026-06-02T21:10:59.322751,$GAGSV,36,,22
2026-06-02T21:10:59.323437,$GAGSV,05,,40
2026-06-02T21:10:59.323437,$GAGSV,06,,39
2026-06-02T21:10:59.323437,$GAGSV,09,,36
2026-06-02T21:10:59.323437,$GAGSV,16,,46
2026-06-02T21:10:59.323943,$GAGSV,31,,31
2026-06-02T21:10:59.323943,$GAGSV,34,,20
2026-06-02T21:10:59.325334,$GBGSV,06,,48
2026-06-02T21:10:59.325334,$GBGSV,07,,44
2026-06-02T21:10:59.325334,$GBGSV,09,,47
2026-06-02T21:10:59.325334,$GBGSV,10,,46
2026-06-02T21:10:59.325936,$GBGSV,24,,37
2026-06-02T21:10:59.325936,$GBGSV,25,,49
2026-06-02T21:10:59.325936,$GBGSV,33,,48
2026-06-02T21:10:59.326416,$GBGSV,09,,49
2026-06-02T21:10:59.326416,$GBGSV,10,,46
2026-06-02T21:11:00.302854,$GPGSV,02,,28
2026-06-02T21:11:00.302854,$GPGSV,10,,29
2026-06-02T21:11:00.302854,$GPGSV,23,,07
2026-06-02T21:11:00.302854,$GPGSV,25,,31
2026-06-02T21:11:00.303553,$GPGSV,26,,32
2026-06-02T21:11:00.303553,$GPGSV,28,,42
2026-06-02T21:11:00.303553,$GPGSV,31,,43
2026-06-02T21:11:00.303553,$GPGSV,32,,35
2026-06-02T21:11:00.304155,$GPGSV,41,,47
2026-06-02T21:11:00.304155,$GPGSV,42,,46
2026-06-02T21:11:00.304155,$GPGSV,50,,42
2026-06-02T21:11:00.304549,$GPGSV,23,,27
2026-06-02T21:11:00.305218,$GPGSV,10,,25
2026-06-02T21:11:00.305218,$GPGSV,25,,24
2026-06-02T21:11:00.305218,$GPGSV,26,,26
2026-06-02T21:11:00.305218,$GPGSV,28,,47
2026-06-02T21:11:00.305705,$GPGSV,31,,41
2026-06-02T21:11:00.305705,$GPGSV,32,,40
2026-06-02T21:11:00.307400,$GLGSV,66,,27
2026-06-02T21:11:00.307400,$GLGSV,67,,47
2026-06-02T21:11:00.307400,$GLGSV,77,,40
2026-06-02T21:11:00.307400,$GLGSV,78,,48
2026-06-02T21:11:00.308002,$GLGSV,79,,19
2026-06-02T21:11:00.309127,$GLGSV,66,,34
2026-06-02T21:11:00.309127,$GLGSV,67,,46
2026-06-02T21:11:00.309127,$GLGSV,68,,42
2026-06-02T21:11:00.309127,$GLGSV,78,,48
2026-06-02T21:11:00.309606,$GLGSV,79,,18
2026-06-02T21:11:00.310720,$GAGSV,05,,41
2026-06-02T21:11:00.310720,$GAGSV,06,,37
2026-06-02T21:11:00.310720,$GAGSV,09,,38
2026-06-02T21:11:00.310720,$GAGSV,16,,51
2026-06-02T21:11:00.311432,$GAGSV,25,,24
2026-06-02T21:11:00.311432,$GAGSV,31,,36
2026-06-02T21:11:00.311432,$GAGSV,34,,25
2026-06-02T21:11:00.311432,$GAGSV,36,,21
2026-06-02T21:11:00.312086,$GAGSV,05,,36
2026-06-02T21:11:00.312086,$GAGSV,06,,37
2026-06-02T21:11:00.312086,$GAGSV,09,,35
2026-06-02T21:11:00.312086,$GAGSV,16,,46
2026-06-02T21:11:00.312539,$GAGSV,31,,27
2026-06-02T21:11:00.312539,$GAGSV,34,,19
2026-06-02T21:11:00.313636,$GBGSV,06,,48
2026-06-02T21:11:00.313636,$GBGSV,07,,45
2026-06-02T21:11:00.313636,$GBGSV,09,,46
2026-06-02T21:11:00.313636,$GBGSV,10,,45
2026-06-02T21:11:00.314170,$GBGSV,24,,34
2026-06-02T21:11:00.314170,$GBGSV,25,,50
2026-06-02T21:11:00.314170,$GBGSV,33,,48
2026-06-02T21:11:00.314582,$GBGSV,09,,48
2026-06-02T21:11:00.314582,$GBGSV,10,,46
2026-06-02T21:11:01.313051,$GPGSV,02,,26
2026-06-02T21:11:01.313051,$GPGSV,10,,22
2026-06-02T21:11:01.313051,$GPGSV,23,,07
2026-06-02T21:11:01.313051,$GPGSV,25,,27
2026-06-02T21:11:01.313654,$GPGSV,26,,35
2026-06-02T21:11:01.313654,$GPGSV,28,,41
2026-06-02T21:11:01.313654,$GPGSV,31,,45
2026-06-02T21:11:01.313654,$GPGSV,32,,39
2026-06-02T21:11:01.314156,$GPGSV,41,,47
2026-06-02T21:11:01.314156,$GPGSV,42,,47
2026-06-02T21:11:01.314156,$GPGSV,50,,41
2026-06-02T21:11:01.314739,$GPGSV,10,,25
2026-06-02T21:11:01.314739,$GPGSV,23,,25
2026-06-02T21:11:01.314739,$GPGSV,25,,31
2026-06-02T21:11:01.314739,$GPGSV,26,,24
2026-06-02T21:11:01.315238,$GPGSV,28,,44
2026-06-02T21:11:01.315238,$GPGSV,31,,44
2026-06-02T21:11:01.315238,$GPGSV,32,,38
2026-06-02T21:11:01.316710,$GLGSV,66,,27
2026-06-02T21:11:01.316710,$GLGSV,67,,45
2026-06-02T21:11:01.316710,$GLGSV,77,,38
2026-06-02T21:11:01.316710,$GLGSV,78,,48
2026-06-02T21:11:01.317043,$GLGSV,79,,19
2026-06-02T21:11:01.317618,$GLGSV,66,,30
2026-06-02T21:11:01.317618,$GLGSV,67,,45
2026-06-02T21:11:01.317618,$GLGSV,68,,41
2026-06-02T21:11:01.317618,$GLGSV,78,,49
2026-06-02T21:11:01.317964,$GLGSV,79,,18
2026-06-02T21:11:01.319706,$GAGSV,05,,42
2026-06-02T21:11:01.319706,$GAGSV,06,,44
2026-06-02T21:11:01.319706,$GAGSV,09,,33
2026-06-02T21:11:01.319706,$GAGSV,16,,50
2026-06-02T21:11:01.320315,$GAGSV,25,,22
2026-06-02T21:11:01.320315,$GAGSV,31,,32
2026-06-02T21:11:01.320315,$GAGSV,34,,24
2026-06-02T21:11:01.320315,$GAGSV,36,,25
2026-06-02T21:11:01.320901,$GAGSV,05,,38
2026-06-02T21:11:01.320901,$GAGSV,06,,37
2026-06-02T21:11:01.320901,$GAGSV,09,,32
2026-06-02T21:11:01.320901,$GAGSV,16,,46
2026-06-02T21:11:01.321412,$GAGSV,31,,27
2026-06-02T21:11:01.321412,$GAGSV,34,,20
2026-06-02T21:11:01.322451,$GBGSV,06,,48
2026-06-02T21:11:01.322451,$GBGSV,07,,45
2026-06-02T21:11:01.322451,$GBGSV,09,,47
2026-06-02T21:11:01.322451,$GBGSV,10,,45
2026-06-02T21:11:01.322950,$GBGSV,24,,35
2026-06-02T21:11:01.322950,$GBGSV,25,,49
2026-06-02T21:11:01.322950,$GBGSV,33,,49
2026-06-02T21:11:01.323359,$GBGSV,09,,48
2026-06-02T21:11:01.323359,$GBGSV,10,,47
2026-06-02T21:11:02.315259,$GPGSV,02,,25
2026-06-02T21:11:02.315259,$GPGSV,10,,25
2026-06-02T21:11:02.315259,$GPGSV,25,,29
2026-06-02T21:11:02.315259,$GPGSV,26,,31
2026-06-02T21:11:02.316019,$GPGSV,28,,44
2026-06-02T21:11:02.316019,$GPGSV,31,,45
2026-06-02T21:11:02.316019,$GPGSV,32,,31
2026-06-02T21:11:02.316019,$GPGSV,41,,47
2026-06-02T21:11:02.316660,$GPGSV,42,,45
2026-06-02T21:11:02.316660,$GPGSV,50,,41
2026-06-02T21:11:02.317352,$GPGSV,10,,25
2026-06-02T21:11:02.317352,$GPGSV,25,,31
2026-06-02T21:11:02.317352,$GPGSV,26,,21
2026-06-02T21:11:02.317352,$GPGSV,28,,46
2026-06-02T21:11:02.317848,$GPGSV,31,,44
2026-06-02T21:11:02.317848,$GPGSV,32,,40
2026-06-02T21:11:02.319694,$GLGSV,66,,32
2026-06-02T21:11:02.319694,$GLGSV,67,,46
2026-06-02T21:11:02.319694,$GLGSV,68,,41
2026-06-02T21:11:02.319694,$GLGSV,77,,38
2026-06-02T21:11:02.320481,$GLGSV,78,,48
2026-06-02T21:11:02.320481,$GLGSV,79,,22
2026-06-02T21:11:02.321674,$GLGSV,66,,31
2026-06-02T21:11:02.321674,$GLGSV,67,,45
2026-06-02T21:11:02.321674,$GLGSV,68,,41
2026-06-02T21:11:02.321674,$GLGSV,78,,49
2026-06-02T21:11:02.322116,$GLGSV,79,,20
2026-06-02T21:11:02.323359,$GAGSV,05,,40
2026-06-02T21:11:02.323359,$GAGSV,06,,42
2026-06-02T21:11:02.323359,$GAGSV,09,,40
2026-06-02T21:11:02.323359,$GAGSV,16,,50
2026-06-02T21:11:02.324178,$GAGSV,25,,22
2026-06-02T21:11:02.324178,$GAGSV,31,,32
2026-06-02T21:11:02.324178,$GAGSV,34,,24
2026-06-02T21:11:02.324178,$GAGSV,36,,25
2026-06-02T21:11:02.324872,$GAGSV,05,,37
2026-06-02T21:11:02.324872,$GAGSV,06,,37
2026-06-02T21:11:02.324872,$GAGSV,09,,30
2026-06-02T21:11:02.324872,$GAGSV,16,,47
2026-06-02T21:11:02.325364,$GAGSV,31,,25
2026-06-02T21:11:02.325364,$GAGSV,34,,20
2026-06-02T21:11:02.326615,$GBGSV,06,,49
2026-06-02T21:11:02.326615,$GBGSV,07,,45
2026-06-02T21:11:02.326615,$GBGSV,09,,47
2026-06-02T21:11:02.326615,$GBGSV,10,,45
2026-06-02T21:11:02.327306,$GBGSV,24,,35
2026-06-02T21:11:02.327306,$GBGSV,25,,49
2026-06-02T21:11:02.327306,$GBGSV,33,,48
2026-06-02T21:11:02.327819,$GBGSV,09,,49
2026-06-02T21:11:02.327819,$GBGSV,10,,46
2026-06-02T21:11:03.311694,$GPGSV,02,,23
2026-06-02T21:11:03.311694,$GPGSV,10,,26
2026-06-02T21:11:03.311694,$GPGSV,25,,28
2026-06-02T21:11:03.311694,$GPGSV,26,,35
2026-06-02T21:11:03.312455,$GPGSV,28,,44
2026-06-02T21:11:03.312455,$GPGSV,31,,45
2026-06-02T21:11:03.312455,$GPGSV,32,,30
2026-06-02T21:11:03.312455,$GPGSV,41,,49
2026-06-02T21:11:03.312965,$GPGSV,42,,47
2026-06-02T21:11:03.312965,$GPGSV,50,,41
2026-06-02T21:11:03.313365,$GPGSV,23,,29
2026-06-02T21:11:03.314061,$GPGSV,10,,25
2026-06-02T21:11:03.314061,$GPGSV,25,,31
2026-06-02T21:11:03.314061,$GPGSV,26,,22
2026-06-02T21:11:03.314061,$GPGSV,28,,47
2026-06-02T21:11:03.314561,$GPGSV,31,,45
2026-06-02T21:11:03.314561,$GPGSV,32,,38
2026-06-02T21:11:03.316588,$GLGSV,66,,26
2026-06-02T21:11:03.316588,$GLGSV,67,,47
2026-06-02T21:11:03.316588,$GLGSV,68,,36
2026-06-02T21:11:03.316588,$GLGSV,77,,38
2026-06-02T21:11:03.317465,$GLGSV,78,,49
2026-06-02T21:11:03.317465,$GLGSV,79,,23
2026-06-02T21:11:03.318435,$GLGSV,66,,31
2026-06-02T21:11:03.318435,$GLGSV,67,,46
2026-06-02T21:11:03.318435,$GLGSV,68,,41
2026-06-02T21:11:03.318435,$GLGSV,78,,49
2026-06-02T21:11:03.318837,$GLGSV,79,,20
2026-06-02T21:11:03.320155,$GAGSV,05,,43
2026-06-02T21:11:03.320155,$GAGSV,06,,39
2026-06-02T21:11:03.320155,$GAGSV,09,,42
2026-06-02T21:11:03.320155,$GAGSV,16,,49
2026-06-02T21:11:03.320853,$GAGSV,25,,21
2026-06-02T21:11:03.320853,$GAGSV,31,,25
2026-06-02T21:11:03.320853,$GAGSV,34,,30
2026-06-02T21:11:03.320853,$GAGSV,36,,30
2026-06-02T21:11:03.321540,$GAGSV,05,,42
2026-06-02T21:11:03.321540,$GAGSV,06,,36
2026-06-02T21:11:03.321540,$GAGSV,09,,25
2026-06-02T21:11:03.321540,$GAGSV,16,,45
2026-06-02T21:11:03.322033,$GAGSV,31,,25
2026-06-02T21:11:03.322033,$GAGSV,34,,19
2026-06-02T21:11:03.323226,$GBGSV,06,,48
2026-06-02T21:11:03.323226,$GBGSV,07,,46
2026-06-02T21:11:03.323226,$GBGSV,09,,47
2026-06-02T21:11:03.323226,$GBGSV,10,,46
2026-06-02T21:11:03.323828,$GBGSV,24,,35
2026-06-02T21:11:03.323828,$GBGSV,25,,49
2026-06-02T21:11:03.323828,$GBGSV,33,,50
2026-06-02T21:11:03.324312,$GBGSV,09,,48
2026-06-02T21:11:03.324312,$GBGSV,10,,48
2026-06-02T21:11:04.314362,$GPGSV,02,,21
2026-06-02T21:11:04.314362,$GPGSV,10,,31
2026-06-02T21:11:04.314362,$GPGSV,25,,28
2026-06-02T21:11:04.314362,$GPGSV,26,,34
2026-06-02T21:11:04.315110,$GPGSV,28,,44
2026-06-02T21:11:04.315110,$GPGSV,31,,46
2026-06-02T21:11:04.315110,$GPGSV,32,,34
2026-06-02T21:11:04.315110,$GPGSV,41,,47
2026-06-02T21:11:04.315610,$GPGSV,42,,47
2026-06-02T21:11:04.315610,$GPGSV,50,,44
2026-06-02T21:11:04.316295,$GPGSV,10,,24
2026-06-02T21:11:04.316295,$GPGSV,23,,30
2026-06-02T21:11:04.316295,$GPGSV,25,,30
2026-06-02T21:11:04.316295,$GPGSV,26,,21
2026-06-02T21:11:04.316877,$GPGSV,28,,46
2026-06-02T21:11:04.316877,$GPGSV,31,,44
2026-06-02T21:11:04.316877,$GPGSV,32,,37
2026-06-02T21:11:04.318568,$GLGSV,66,,28
2026-06-02T21:11:04.318568,$GLGSV,67,,43
2026-06-02T21:11:04.318568,$GLGSV,68,,38
2026-06-02T21:11:04.318568,$GLGSV,77,,38
2026-06-02T21:11:04.319048,$GLGSV,78,,48
2026-06-02T21:11:04.319048,$GLGSV,79,,22
2026-06-02T21:11:04.319719,$GLGSV,66,,31
2026-06-02T21:11:04.319719,$GLGSV,67,,45
2026-06-02T21:11:04.319719,$GLGSV,68,,35
2026-06-02T21:11:04.319719,$GLGSV,78,,49
2026-06-02T21:11:04.320277,$GLGSV,79,,19
2026-06-02T21:11:04.322150,$GAGSV,05,,45
2026-06-02T21:11:04.322150,$GAGSV,06,,42
2026-06-02T21:11:04.322150,$GAGSV,09,,43
2026-06-02T21:11:04.322150,$GAGSV,16,,50
2026-06-02T21:11:04.322840,$GAGSV,25,,20
2026-06-02T21:11:04.322840,$GAGSV,31,,31
2026-06-02T21:11:04.322840,$GAGSV,34,,23
2026-06-02T21:11:04.322840,$GAGSV,36,,22
2026-06-02T21:11:04.323665,$GAGSV,05,,42
2026-06-02T21:11:04.323665,$GAGSV,06,,36
2026-06-02T21:11:04.323665,$GAGSV,09,,37
2026-06-02T21:11:04.323665,$GAGSV,16,,46
2026-06-02T21:11:04.324198,$GAGSV,31,,23
2026-06-02T21:11:04.324198,$GAGSV,34,,19
2026-06-02T21:11:04.325401,$GBGSV,06,,47
2026-06-02T21:11:04.325401,$GBGSV,07,,45
2026-06-02T21:11:04.325401,$GBGSV,09,,47
2026-06-02T21:11:04.325401,$GBGSV,10,,45
2026-06-02T21:11:04.325979,$GBGSV,24,,39
2026-06-02T21:11:04.325979,$GBGSV,25,,49
2026-06-02T21:11:04.325979,$GBGSV,33,,49
2026-06-02T21:11:04.326467,$GBGSV,09,,49
2026-06-02T21:11:04.326467,$GBGSV,10,,47
2026-06-02T21:11:05.312711,$GPGSV,10,,31
2026-06-02T21:11:05.312711,$GPGSV,25,,28
2026-06-02T21:11:05.312711,$GPGSV,26,,34
2026-06-02T21:11:05.312711,$GPGSV,28,,44
2026-06-02T21:11:05.313470,$GPGSV,31,,46
2026-06-02T21:11:05.313470,$GPGSV,41,,48
2026-06-02T21:11:05.313470,$GPGSV,42,,45
2026-06-02T21:11:05.313470,$GPGSV,50,,43
2026-06-02T21:11:05.314188,$GPGSV,10,,24
2026-06-02T21:11:05.314188,$GPGSV,25,,22
2026-06-02T21:11:05.314188,$GPGSV,26,,19
2026-06-02T21:11:05.314188,$GPGSV,28,,46
2026-06-02T21:11:05.314697,$GPGSV,31,,44
2026-06-02T21:11:05.314697,$GPGSV,32,,34
2026-06-02T21:11:05.316690,$GLGSV,66,,32
2026-06-02T21:11:05.316690,$GLGSV,67,,44
2026-06-02T21:11:05.316690,$GLGSV,68,,42
2026-06-02T21:11:05.316690,$GLGSV,77,,40
2026-06-02T21:11:05.317305,$GLGSV,78,,48
2026-06-02T21:11:05.317305,$GLGSV,79,,20
2026-06-02T21:11:05.318483,$GLGSV,66,,31
2026-06-02T21:11:05.318483,$GLGSV,67,,45
2026-06-02T21:11:05.318483,$GLGSV,68,,31
2026-06-02T21:11:05.318483,$GLGSV,78,,48
2026-06-02T21:11:05.319178,$GLGSV,79,,17
2026-06-02T21:11:05.320470,$GAGSV,05,,45
2026-06-02T21:11:05.320470,$GAGSV,06,,43
2026-06-02T21:11:05.320470,$GAGSV,09,,40
2026-06-02T21:11:05.320470,$GAGSV,16,,50
2026-06-02T21:11:05.321252,$GAGSV,25,,20
2026-06-02T21:11:05.321252,$GAGSV,31,,29
2026-06-02T21:11:05.321252,$GAGSV,34,,30
2026-06-02T21:11:05.321252,$GAGSV,36,,23
2026-06-02T21:11:05.321951,$GAGSV,05,,43
2026-06-02T21:11:05.321951,$GAGSV,06,,38
2026-06-02T21:11:05.321951,$GAGSV,09,,37
2026-06-02T21:11:05.321951,$GAGSV,16,,46
2026-06-02T21:11:05.322445,$GAGSV,31,,25
2026-06-02T21:11:05.322445,$GAGSV,34,,20
2026-06-02T21:11:05.323678,$GBGSV,06,,48
2026-06-02T21:11:05.323678,$GBGSV,07,,43
2026-06-02T21:11:05.323678,$GBGSV,09,,46
2026-06-02T21:11:05.323678,$GBGSV,10,,44
2026-06-02T21:11:05.324263,$GBGSV,24,,36
2026-06-02T21:11:05.324263,$GBGSV,25,,49
2026-06-02T21:11:05.324263,$GBGSV,33,,50
2026-06-02T21:11:05.324744,$GBGSV,09,,48
2026-06-02T21:11:05.324744,$GBGSV,10,,47
2026-06-02T21:11:06.308376,$GPGSV,10,,30
2026-06-02T21:11:06.308376,$GPGSV,25,,16
2026-06-02T21:11:06.308376,$GPGSV,26,,34
2026-06-02T21:11:06.308376,$GPGSV,28,,41
2026-06-02T21:11:06.309109,$GPGSV,31,,45
2026-06-02T21:11:06.309109,$GPGSV,32,,31
2026-06-02T21:11:06.309109,$GPGSV,41,,47
2026-06-02T21:11:06.309109,$GPGSV,42,,46
2026-06-02T21:11:06.309517,$GPGSV,50,,41
2026-06-02T21:11:06.309899,$GPGSV,23,,27
2026-06-02T21:11:06.310576,$GPGSV,10,,31
2026-06-02T21:11:06.310576,$GPGSV,25,,21
2026-06-02T21:11:06.310576,$GPGSV,26,,20
2026-06-02T21:11:06.310576,$GPGSV,28,,45
2026-06-02T21:11:06.311063,$GPGSV,31,,43
2026-06-02T21:11:06.311063,$GPGSV,32,,31
2026-06-02T21:11:06.312855,$GLGSV,66,,28
2026-06-02T21:11:06.312855,$GLGSV,67,,33
2026-06-02T21:11:06.312855,$GLGSV,68,,35
2026-06-02T21:11:06.312855,$GLGSV,77,,40
2026-06-02T21:11:06.313338,$GLGSV,78,,47
2026-06-02T21:11:06.313338,$GLGSV,79,,20
2026-06-02T21:11:06.314137,$GLGSV,66,,35
2026-06-02T21:11:06.314137,$GLGSV,67,,36
2026-06-02T21:11:06.314137,$GLGSV,68,,34
2026-06-02T21:11:06.314137,$GLGSV,78,,49
2026-06-02T21:11:06.314767,$GLGSV,79,,15
2026-06-02T21:11:06.316447,$GAGSV,05,,45
2026-06-02T21:11:06.316447,$GAGSV,06,,40
2026-06-02T21:11:06.316447,$GAGSV,09,,41
2026-06-02T21:11:06.316447,$GAGSV,16,,50
2026-06-02T21:11:06.317197,$GAGSV,25,,20
2026-06-02T21:11:06.317197,$GAGSV,31,,30
2026-06-02T21:11:06.317197,$GAGSV,34,,31
2026-06-02T21:11:06.317197,$GAGSV,36,,23
2026-06-02T21:11:06.318023,$GAGSV,05,,43
2026-06-02T21:11:06.318023,$GAGSV,06,,33
2026-06-02T21:11:06.318023,$GAGSV,09,,34
2026-06-02T21:11:06.318023,$GAGSV,16,,46
2026-06-02T21:11:06.318534,$GAGSV,31,,24
2026-06-02T21:11:06.318534,$GAGSV,34,,21
2026-06-02T21:11:06.319807,$GBGSV,06,,47
2026-06-02T21:11:06.319807,$GBGSV,07,,39
2026-06-02T21:11:06.319807,$GBGSV,09,,47
2026-06-02T21:11:06.319807,$GBGSV,10,,46
2026-06-02T21:11:06.320407,$GBGSV,24,,30
2026-06-02T21:11:06.320407,$GBGSV,25,,50
2026-06-02T21:11:06.320407,$GBGSV,33,,49
2026-06-02T21:11:06.320877,$GBGSV,09,,48
2026-06-02T21:11:06.320877,$GBGSV,10,,47
2026-06-02T21:11:07.312797,$GPGSV,10,,22
2026-06-02T21:11:07.312797,$GPGSV,25,,18
2026-06-02T21:11:07.312797,$GPGSV,26,,34
2026-06-02T21:11:07.312797,$GPGSV,28,,40
2026-06-02T21:11:07.313979,$GPGSV,31,,44
2026-06-02T21:11:07.313979,$GPGSV,32,,43
2026-06-02T21:11:07.313979,$GPGSV,41,,47
2026-06-02T21:11:07.313979,$GPGSV,42,,46
2026-06-02T21:11:07.314603,$GPGSV,50,,41
2026-06-02T21:11:07.315823,$GPGSV,10,,22
2026-06-02T21:11:07.315823,$GPGSV,23,,26
2026-06-02T21:11:07.315823,$GPGSV,25,,19
2026-06-02T21:11:07.315823,$GPGSV,26,,29
2026-06-02T21:11:07.316769,$GPGSV,28,,43
2026-06-02T21:11:07.316769,$GPGSV,31,,44
2026-06-02T21:11:07.316769,$GPGSV,32,,27
2026-06-02T21:11:07.320766,$GLGSV,66,,27
2026-06-02T21:11:07.320766,$GLGSV,67,,38
2026-06-02T21:11:07.320766,$GLGSV,68,,40
2026-06-02T21:11:07.320766,$GLGSV,77,,41
2026-06-02T21:11:07.321516,$GLGSV,78,,49
2026-06-02T21:11:07.321516,$GLGSV,79,,19
2026-06-02T21:11:07.322691,$GLGSV,66,,32
2026-06-02T21:11:07.322691,$GLGSV,67,,36
2026-06-02T21:11:07.322691,$GLGSV,68,,38
2026-06-02T21:11:07.322691,$GLGSV,78,,49
2026-06-02T21:11:07.323307,$GLGSV,79,,14
2026-06-02T21:11:07.325159,$GAGSV,05,,45
2026-06-02T21:11:07.325159,$GAGSV,06,,44
2026-06-02T21:11:07.325159,$GAGSV,09,,39
2026-06-02T21:11:07.325159,$GAGSV,16,,50
2026-06-02T21:11:07.326216,$GAGSV,25,,20
2026-06-02T21:11:07.326216,$GAGSV,31,,24
2026-06-02T21:11:07.326216,$GAGSV,34,,27
2026-06-02T21:11:07.326216,$GAGSV,36,,24
2026-06-02T21:11:07.327240,$GAGSV,05,,41
2026-06-02T21:11:07.327240,$GAGSV,06,,37
2026-06-02T21:11:07.327240,$GAGSV,09,,30
2026-06-02T21:11:07.327240,$GAGSV,16,,44
2026-06-02T21:11:07.328160,$GAGSV,25,,23
2026-06-02T21:11:07.328160,$GAGSV,31,,25
2026-06-02T21:11:07.328160,$GAGSV,34,,22
2026-06-02T21:11:07.330149,$GBGSV,06,,46
2026-06-02T21:11:07.330149,$GBGSV,07,,42
2026-06-02T21:11:07.330149,$GBGSV,09,,47
2026-06-02T21:11:07.330149,$GBGSV,10,,42
2026-06-02T21:11:07.331025,$GBGSV,24,,29
2026-06-02T21:11:07.331025,$GBGSV,25,,50
2026-06-02T21:11:07.331025,$GBGSV,33,,47
2026-06-02T21:11:07.331789,$GBGSV,09,,49
2026-06-02T21:11:07.331789,$GBGSV,10,,47
2026-06-02T21:11:08.315019,$GPGSV,02,,26
2026-06-02T21:11:08.315019,$GPGSV,10,,24
2026-06-02T21:11:08.315019,$GPGSV,25,,30
2026-06-02T21:11:08.315019,$GPGSV,26,,31
2026-06-02T21:11:08.315846,$GPGSV,28,,39
2026-06-02T21:11:08.315846,$GPGSV,31,,45
2026-06-02T21:11:08.315846,$GPGSV,32,,38
2026-06-02T21:11:08.315846,$GPGSV,41,,48
2026-06-02T21:11:08.316413,$GPGSV,42,,46
2026-06-02T21:11:08.316413,$GPGSV,50,,43
2026-06-02T21:11:08.317147,$GPGSV,10,,25
2026-06-02T21:11:08.317147,$GPGSV,25,,20
2026-06-02T21:11:08.317147,$GPGSV,26,,31
2026-06-02T21:11:08.317147,$GPGSV,28,,42
2026-06-02T21:11:08.317669,$GPGSV,31,,43
2026-06-02T21:11:08.317669,$GPGSV,32,,38
2026-06-02T21:11:08.319544,$GLGSV,66,,32
2026-06-02T21:11:08.319544,$GLGSV,67,,45
2026-06-02T21:11:08.319544,$GLGSV,68,,32
2026-06-02T21:11:08.319544,$GLGSV,77,,38
2026-06-02T21:11:08.320070,$GLGSV,78,,49
2026-06-02T21:11:08.320070,$GLGSV,79,,18
2026-06-02T21:11:08.321227,$GLGSV,66,,31
2026-06-02T21:11:08.321227,$GLGSV,67,,43
2026-06-02T21:11:08.321227,$GLGSV,68,,40
2026-06-02T21:11:08.321227,$GLGSV,78,,49
2026-06-02T21:11:08.321956,$GLGSV,79,,13
2026-06-02T21:11:08.323351,$GAGSV,05,,45
2026-06-02T21:11:08.323351,$GAGSV,06,,41
2026-06-02T21:11:08.323351,$GAGSV,09,,38
2026-06-02T21:11:08.323351,$GAGSV,16,,50
2026-06-02T21:11:08.324155,$GAGSV,25,,20
2026-06-02T21:11:08.324155,$GAGSV,31,,30
2026-06-02T21:11:08.324155,$GAGSV,34,,32
2026-06-02T21:11:08.324155,$GAGSV,36,,21
2026-06-02T21:11:08.324907,$GAGSV,05,,41
2026-06-02T21:11:08.324907,$GAGSV,06,,35
2026-06-02T21:11:08.324907,$GAGSV,09,,39
2026-06-02T21:11:08.324907,$GAGSV,16,,47
2026-06-02T21:11:08.325520,$GAGSV,25,,21
2026-06-02T21:11:08.325520,$GAGSV,31,,24
2026-06-02T21:11:08.325520,$GAGSV,34,,20
2026-06-02T21:11:08.326703,$GBGSV,06,,48
2026-06-02T21:11:08.326703,$GBGSV,07,,42
2026-06-02T21:11:08.326703,$GBGSV,09,,47
2026-06-02T21:11:08.326703,$GBGSV,10,,44
2026-06-02T21:11:08.327298,$GBGSV,24,,34
2026-06-02T21:11:08.327298,$GBGSV,25,,50
2026-06-02T21:11:08.327298,$GBGSV,33,,50
2026-06-02T21:11:08.327804,$GBGSV,09,,49
2026-06-02T21:11:08.327804,$GBGSV,10,,47
2026-06-02T21:11:09.303841,$GPGSV,02,,26
2026-06-02T21:11:09.303841,$GPGSV,10,,22
2026-06-02T21:11:09.303841,$GPGSV,25,,23
2026-06-02T21:11:09.303841,$GPGSV,26,,33
2026-06-02T21:11:09.304567,$GPGSV,28,,34
2026-06-02T21:11:09.304567,$GPGSV,31,,46
2026-06-02T21:11:09.304567,$GPGSV,32,,42
2026-06-02T21:11:09.304567,$GPGSV,41,,48
2026-06-02T21:11:09.305085,$GPGSV,42,,45
2026-06-02T21:11:09.305085,$GPGSV,50,,42
2026-06-02T21:11:09.305593,$GPGSV,01,,37
2026-06-02T21:11:09.305593,$GPGSV,23,,22
2026-06-02T21:11:09.306303,$GPGSV,10,,26
2026-06-02T21:11:09.306303,$GPGSV,25,,28
2026-06-02T21:11:09.306303,$GPGSV,26,,31
2026-06-02T21:11:09.306303,$GPGSV,28,,39
2026-06-02T21:11:09.306810,$GPGSV,31,,46
2026-06-02T21:11:09.306810,$GPGSV,32,,44
2026-06-02T21:11:09.308527,$GLGSV,66,,27
2026-06-02T21:11:09.308527,$GLGSV,67,,39
2026-06-02T21:11:09.308527,$GLGSV,68,,38
2026-06-02T21:11:09.308527,$GLGSV,77,,29
2026-06-02T21:11:09.309015,$GLGSV,78,,48
2026-06-02T21:11:09.309015,$GLGSV,79,,18
2026-06-02T21:11:09.309910,$GLGSV,66,,24
2026-06-02T21:11:09.309910,$GLGSV,67,,45
2026-06-02T21:11:09.309910,$GLGSV,68,,43
2026-06-02T21:11:09.309910,$GLGSV,78,,47
2026-06-02T21:11:09.310572,$GLGSV,79,,14
2026-06-02T21:11:09.312145,$GAGSV,05,,44
2026-06-02T21:11:09.312145,$GAGSV,06,,42
2026-06-02T21:11:09.312145,$GAGSV,09,,42
2026-06-02T21:11:09.312145,$GAGSV,16,,49
2026-06-02T21:11:09.312835,$GAGSV,25,,18
2026-06-02T21:11:09.312835,$GAGSV,31,,33
2026-06-02T21:11:09.312835,$GAGSV,34,,32
2026-06-02T21:11:09.312835,$GAGSV,36,,25
2026-06-02T21:11:09.313610,$GAGSV,05,,40
2026-06-02T21:11:09.313610,$GAGSV,06,,37
2026-06-02T21:11:09.313610,$GAGSV,09,,42
2026-06-02T21:11:09.313610,$GAGSV,16,,45
2026-06-02T21:11:09.314203,$GAGSV,25,,20
2026-06-02T21:11:09.314203,$GAGSV,31,,30
2026-06-02T21:11:09.314203,$GAGSV,34,,22
2026-06-02T21:11:09.315406,$GBGSV,06,,48
2026-06-02T21:11:09.315406,$GBGSV,07,,36
2026-06-02T21:11:09.315406,$GBGSV,09,,48
2026-06-02T21:11:09.315406,$GBGSV,10,,45
2026-06-02T21:11:09.316011,$GBGSV,24,,28
2026-06-02T21:11:09.316011,$GBGSV,25,,50
2026-06-02T21:11:09.316011,$GBGSV,33,,48
2026-06-02T21:11:09.316504,$GBGSV,09,,48
2026-06-02T21:11:09.316504,$GBGSV,10,,45
2026-06-02T21:11:10.313347,$GPGSV,02,,28
2026-06-02T21:11:10.313347,$GPGSV,10,,30
2026-06-02T21:11:10.313347,$GPGSV,25,,31
2026-06-02T21:11:10.313347,$GPGSV,26,,36
2026-06-02T21:11:10.314022,$GPGSV,28,,42
2026-06-02T21:11:10.314022,$GPGSV,31,,45
2026-06-02T21:11:10.314022,$GPGSV,32,,36
2026-06-02T21:11:10.314022,$GPGSV,41,,48
2026-06-02T21:11:10.314491,$GPGSV,42,,45
2026-06-02T21:11:10.314491,$GPGSV,50,,42
2026-06-02T21:11:10.314861,$GPGSV,01,,37
2026-06-02T21:11:10.315506,$GPGSV,10,,32
2026-06-02T21:11:10.315506,$GPGSV,23,,21
2026-06-02T21:11:10.315506,$GPGSV,25,,31
2026-06-02T21:11:10.315506,$GPGSV,26,,25
2026-06-02T21:11:10.316060,$GPGSV,28,,44
2026-06-02T21:11:10.316060,$GPGSV,31,,45
2026-06-02T21:11:10.316060,$GPGSV,32,,37
2026-06-02T21:11:10.317555,$GLGSV,66,,27
2026-06-02T21:11:10.317555,$GLGSV,67,,39
2026-06-02T21:11:10.317555,$GLGSV,68,,31
2026-06-02T21:11:10.317555,$GLGSV,77,,28
2026-06-02T21:11:10.317985,$GLGSV,78,,48
2026-06-02T21:11:10.317985,$GLGSV,79,,17
2026-06-02T21:11:10.318574,$GLGSV,66,,31
2026-06-02T21:11:10.318574,$GLGSV,67,,42
2026-06-02T21:11:10.318574,$GLGSV,68,,36
2026-06-02T21:11:10.318574,$GLGSV,78,,47
2026-06-02T21:11:10.318917,$GLGSV,79,,16
2026-06-02T21:11:10.320677,$GAGSV,05,,48
2026-06-02T21:11:10.320677,$GAGSV,06,,43
2026-06-02T21:11:10.320677,$GAGSV,09,,46
2026-06-02T21:11:10.320677,$GAGSV,16,,49
2026-06-02T21:11:10.321311,$GAGSV,25,,17
2026-06-02T21:11:10.321311,$GAGSV,31,,38
2026-06-02T21:11:10.321311,$GAGSV,34,,25
2026-06-02T21:11:10.321311,$GAGSV,36,,25
2026-06-02T21:11:10.321901,$GAGSV,05,,45
2026-06-02T21:11:10.321901,$GAGSV,06,,37
2026-06-02T21:11:10.321901,$GAGSV,09,,39
2026-06-02T21:11:10.321901,$GAGSV,16,,47
2026-06-02T21:11:10.322497,$GAGSV,25,,19
2026-06-02T21:11:10.322497,$GAGSV,31,,34
2026-06-02T21:11:10.322497,$GAGSV,34,,21
2026-06-02T21:11:10.323535,$GBGSV,06,,48
2026-06-02T21:11:10.323535,$GBGSV,07,,42
2026-06-02T21:11:10.323535,$GBGSV,09,,48
2026-06-02T21:11:10.323535,$GBGSV,10,,45
2026-06-02T21:11:10.324054,$GBGSV,24,,35
2026-06-02T21:11:10.324054,$GBGSV,25,,49
2026-06-02T21:11:10.324054,$GBGSV,33,,45
2026-06-02T21:11:10.324476,$GBGSV,09,,49
2026-06-02T21:11:10.324476,$GBGSV,10,,45
2026-06-02T21:11:11.319690,$GPGSV,02,,28
2026-06-02T21:11:11.319690,$GPGSV,10,,24
2026-06-02T21:11:11.319690,$GPGSV,25,,31
2026-06-02T21:11:11.319690,$GPGSV,26,,33
2026-06-02T21:11:11.320426,$GPGSV,28,,43
2026-06-02T21:11:11.320426,$GPGSV,31,,47
2026-06-02T21:11:11.320426,$GPGSV,32,,38
2026-06-02T21:11:11.320426,$GPGSV,41,,48
2026-06-02T21:11:11.320936,$GPGSV,42,,46
2026-06-02T21:11:11.320936,$GPGSV,50,,42
2026-06-02T21:11:11.321340,$GPGSV,01,,37
2026-06-02T21:11:11.322035,$GPGSV,10,,26
2026-06-02T21:11:11.322035,$GPGSV,23,,20
2026-06-02T21:11:11.322035,$GPGSV,25,,30
2026-06-02T21:11:11.322035,$GPGSV,26,,26
2026-06-02T21:11:11.322640,$GPGSV,28,,44
2026-06-02T21:11:11.322640,$GPGSV,31,,46
2026-06-02T21:11:11.322640,$GPGSV,32,,28
2026-06-02T21:11:11.324530,$GLGSV,66,,26
2026-06-02T21:11:11.324530,$GLGSV,67,,26
2026-06-02T21:11:11.324530,$GLGSV,68,,37
2026-06-02T21:11:11.324530,$GLGSV,77,,32
2026-06-02T21:11:11.325380,$GLGSV,78,,48
2026-06-02T21:11:11.325380,$GLGSV,79,,18
2026-06-02T21:11:11.326429,$GLGSV,66,,26
2026-06-02T21:11:11.326429,$GLGSV,67,,35
2026-06-02T21:11:11.326429,$GLGSV,68,,36
2026-06-02T21:11:11.326429,$GLGSV,78,,48
2026-06-02T21:11:11.326837,$GLGSV,79,,19
2026-06-02T21:11:11.328118,$GAGSV,05,,45
2026-06-02T21:11:11.328118,$GAGSV,06,,45
2026-06-02T21:11:11.328118,$GAGSV,09,,41
2026-06-02T21:11:11.328118,$GAGSV,16,,52
2026-06-02T21:11:11.328844,$GAGSV,25,,18
2026-06-02T21:11:11.328844,$GAGSV,31,,38
2026-06-02T21:11:11.328844,$GAGSV,34,,30
2026-06-02T21:11:11.328844,$GAGSV,36,,25
2026-06-02T21:11:11.329532,$GAGSV,05,,38
2026-06-02T21:11:11.329532,$GAGSV,06,,37
2026-06-02T21:11:11.329532,$GAGSV,09,,39
2026-06-02T21:11:11.329532,$GAGSV,16,,47
2026-06-02T21:11:11.330139,$GAGSV,25,,18
2026-06-02T21:11:11.330139,$GAGSV,31,,28
2026-06-02T21:11:11.330139,$GAGSV,34,,22
2026-06-02T21:11:11.331424,$GBGSV,06,,48
2026-06-02T21:11:11.331424,$GBGSV,07,,42
2026-06-02T21:11:11.331424,$GBGSV,09,,46
2026-06-02T21:11:11.331424,$GBGSV,10,,44
2026-06-02T21:11:11.332067,$GBGSV,24,,32
2026-06-02T21:11:11.332067,$GBGSV,25,,49
2026-06-02T21:11:11.332067,$GBGSV,33,,43
2026-06-02T21:11:11.332557,$GBGSV,09,,49
2026-06-02T21:11:11.332557,$GBGSV,10,,46
2026-06-02T21:11:12.311978,$GPGSV,02,,28
2026-06-02T21:11:12.311978,$GPGSV,10,,30
2026-06-02T21:11:12.311978,$GPGSV,25,,27
2026-06-02T21:11:12.311978,$GPGSV,26,,35
2026-06-02T21:11:12.312916,$GPGSV,28,,43
2026-06-02T21:11:12.312916,$GPGSV,31,,47
2026-06-02T21:11:12.312916,$GPGSV,32,,41
2026-06-02T21:11:12.312916,$GPGSV,41,,48
2026-06-02T21:11:12.313570,$GPGSV,42,,46
2026-06-02T21:11:12.313570,$GPGSV,50,,40
2026-06-02T21:11:12.314087,$GPGSV,01,,35
2026-06-02T21:11:12.315127,$GPGSV,10,,31
2026-06-02T21:11:12.315127,$GPGSV,23,,19
2026-06-02T21:11:12.315127,$GPGSV,25,,31
2026-06-02T21:11:12.315127,$GPGSV,26,,25
2026-06-02T21:11:12.316069,$GPGSV,28,,41
2026-06-02T21:11:12.316069,$GPGSV,31,,45
2026-06-02T21:11:12.316069,$GPGSV,32,,38
2026-06-02T21:11:12.320039,$GLGSV,66,,25
2026-06-02T21:11:12.320039,$GLGSV,67,,41
2026-06-02T21:11:12.320039,$GLGSV,68,,39
2026-06-02T21:11:12.320039,$GLGSV,77,,28
2026-06-02T21:11:12.320869,$GLGSV,78,,47
2026-06-02T21:11:12.320869,$GLGSV,79,,19
2026-06-02T21:11:12.321967,$GLGSV,66,,25
2026-06-02T21:11:12.321967,$GLGSV,67,,31
2026-06-02T21:11:12.321967,$GLGSV,68,,38
2026-06-02T21:11:12.321967,$GLGSV,78,,47
2026-06-02T21:11:12.322718,$GLGSV,79,,21
2026-06-02T21:11:12.324313,$GAGSV,05,,42
2026-06-02T21:11:12.324313,$GAGSV,06,,41
2026-06-02T21:11:12.324313,$GAGSV,09,,41
2026-06-02T21:11:12.324313,$GAGSV,16,,49
2026-06-02T21:11:12.325000,$GAGSV,25,,19
2026-06-02T21:11:12.325000,$GAGSV,31,,29
2026-06-02T21:11:12.325000,$GAGSV,34,,24
2026-06-02T21:11:12.325000,$GAGSV,36,,24
2026-06-02T21:11:12.325674,$GAGSV,05,,36
2026-06-02T21:11:12.325674,$GAGSV,06,,38
2026-06-02T21:11:12.325674,$GAGSV,09,,36
2026-06-02T21:11:12.325674,$GAGSV,16,,48
2026-06-02T21:11:12.326259,$GAGSV,25,,17
2026-06-02T21:11:12.326259,$GAGSV,31,,31
2026-06-02T21:11:12.326259,$GAGSV,34,,21
2026-06-02T21:11:12.327493,$GBGSV,06,,48
2026-06-02T21:11:12.327493,$GBGSV,07,,42
2026-06-02T21:11:12.327493,$GBGSV,09,,47
2026-06-02T21:11:12.327493,$GBGSV,10,,43
2026-06-02T21:11:12.328098,$GBGSV,24,,32
2026-06-02T21:11:12.328098,$GBGSV,25,,48
2026-06-02T21:11:12.328098,$GBGSV,33,,47
2026-06-02T21:11:12.328585,$GBGSV,09,,49
2026-06-02T21:11:12.328585,$GBGSV,10,,44
2026-06-02T21:11:13.320974,$GPGSV,02,,28
2026-06-02T21:11:13.320974,$GPGSV,10,,32
2026-06-02T21:11:13.320974,$GPGSV,25,,35
2026-06-02T21:11:13.320974,$GPGSV,26,,32
2026-06-02T21:11:13.321733,$GPGSV,28,,31
2026-06-02T21:11:13.321733,$GPGSV,31,,45
2026-06-02T21:11:13.321733,$GPGSV,32,,44
2026-06-02T21:11:13.321733,$GPGSV,41,,49
2026-06-02T21:11:13.322253,$GPGSV,42,,46
2026-06-02T21:11:13.322253,$GPGSV,50,,42
2026-06-02T21:11:13.322674,$GPGSV,01,,36
2026-06-02T21:11:13.323372,$GPGSV,10,,34
2026-06-02T21:11:13.323372,$GPGSV,23,,21
2026-06-02T21:11:13.323372,$GPGSV,25,,26
2026-06-02T21:11:13.323372,$GPGSV,26,,26
2026-06-02T21:11:13.323984,$GPGSV,28,,29
2026-06-02T21:11:13.323984,$GPGSV,31,,46
2026-06-02T21:11:13.323984,$GPGSV,32,,41
2026-06-02T21:11:13.325938,$GLGSV,66,,31
2026-06-02T21:11:13.325938,$GLGSV,67,,39
2026-06-02T21:11:13.325938,$GLGSV,68,,39
2026-06-02T21:11:13.325938,$GLGSV,77,,28
2026-06-02T21:11:13.326809,$GLGSV,78,,49
2026-06-02T21:11:13.326809,$GLGSV,79,,18
2026-06-02T21:11:13.327882,$GLGSV,66,,31
2026-06-02T21:11:13.327882,$GLGSV,67,,38
2026-06-02T21:11:13.327882,$GLGSV,68,,36
2026-06-02T21:11:13.327882,$GLGSV,78,,49
2026-06-02T21:11:13.328441,$GLGSV,79,,22
2026-06-02T21:11:13.329777,$GAGSV,05,,45
2026-06-02T21:11:13.329777,$GAGSV,06,,42
2026-06-02T21:11:13.329777,$GAGSV,09,,43
2026-06-02T21:11:13.329777,$GAGSV,16,,49
2026-06-02T21:11:13.330471,$GAGSV,25,,21
2026-06-02T21:11:13.330471,$GAGSV,31,,34
2026-06-02T21:11:13.330471,$GAGSV,34,,32
2026-06-02T21:11:13.330471,$GAGSV,36,,23
2026-06-02T21:11:13.331154,$GAGSV,05,,34
2026-06-02T21:11:13.331154,$GAGSV,06,,40
2026-06-02T21:11:13.331154,$GAGSV,09,,43
2026-06-02T21:11:13.331154,$GAGSV,16,,47
2026-06-02T21:11:13.331799,$GAGSV,25,,13
2026-06-02T21:11:13.331799,$GAGSV,31,,37
2026-06-02T21:11:13.331799,$GAGSV,34,,20
2026-06-02T21:11:13.333119,$GBGSV,06,,48
2026-06-02T21:11:13.333119,$GBGSV,07,,38
2026-06-02T21:11:13.333119,$GBGSV,09,,48
2026-06-02T21:11:13.333119,$GBGSV,10,,40
2026-06-02T21:11:13.333698,$GBGSV,24,,38
2026-06-02T21:11:13.333698,$GBGSV,25,,48
2026-06-02T21:11:13.333698,$GBGSV,33,,45
2026-06-02T21:11:13.334184,$GBGSV,09,,49
2026-06-02T21:11:13.334184,$GBGSV,10,,46
2026-06-02T21:11:14.314362,$GPGSV,02,,28
2026-06-02T21:11:14.314362,$GPGSV,10,,28
2026-06-02T21:11:14.314362,$GPGSV,23,,18
2026-06-02T21:11:14.314362,$GPGSV,25,,38
2026-06-02T21:11:14.315077,$GPGSV,26,,33
2026-06-02T21:11:14.315077,$GPGSV,28,,40
2026-06-02T21:11:14.315077,$GPGSV,31,,48
2026-06-02T21:11:14.315077,$GPGSV,32,,41
2026-06-02T21:11:14.315677,$GPGSV,41,,48
2026-06-02T21:11:14.315677,$GPGSV,42,,46
2026-06-02T21:11:14.315677,$GPGSV,50,,41
2026-06-02T21:11:14.316071,$GPGSV,01,,38
2026-06-02T21:11:14.316742,$GPGSV,10,,36
2026-06-02T21:11:14.316742,$GPGSV,25,,36
2026-06-02T21:11:14.316742,$GPGSV,26,,26
2026-06-02T21:11:14.316742,$GPGSV,28,,29
2026-06-02T21:11:14.317226,$GPGSV,31,,44
2026-06-02T21:11:14.317226,$GPGSV,32,,42
2026-06-02T21:11:14.318848,$GLGSV,66,,26
2026-06-02T21:11:14.318848,$GLGSV,67,,45
2026-06-02T21:11:14.318848,$GLGSV,68,,39
2026-06-02T21:11:14.318848,$GLGSV,77,,32
2026-06-02T21:11:14.319331,$GLGSV,78,,50
2026-06-02T21:11:14.319331,$GLGSV,79,,18
2026-06-02T21:11:14.320033,$GLGSV,66,,34
2026-06-02T21:11:14.320033,$GLGSV,67,,42
2026-06-02T21:11:14.320033,$GLGSV,68,,29
2026-06-02T21:11:14.320033,$GLGSV,78,,48
2026-06-02T21:11:14.320668,$GLGSV,79,,21
2026-06-02T21:11:14.322367,$GAGSV,05,,43
2026-06-02T21:11:14.322367,$GAGSV,06,,43
2026-06-02T21:11:14.322367,$GAGSV,09,,39
2026-06-02T21:11:14.322367,$GAGSV,16,,50
2026-06-02T21:11:14.323042,$GAGSV,25,,21
2026-06-02T21:11:14.323042,$GAGSV,31,,30
2026-06-02T21:11:14.323042,$GAGSV,34,,27
2026-06-02T21:11:14.323042,$GAGSV,36,,24
2026-06-02T21:11:14.323790,$GAGSV,05,,36
2026-06-02T21:11:14.323790,$GAGSV,06,,38
2026-06-02T21:11:14.323790,$GAGSV,09,,39
2026-06-02T21:11:14.323790,$GAGSV,16,,46
2026-06-02T21:11:14.324373,$GAGSV,25,,14
2026-06-02T21:11:14.324373,$GAGSV,31,,30
2026-06-02T21:11:14.324373,$GAGSV,34,,20
2026-06-02T21:11:14.325496,$GBGSV,06,,47
2026-06-02T21:11:14.325496,$GBGSV,07,,22
2026-06-02T21:11:14.325496,$GBGSV,09,,47
2026-06-02T21:11:14.325496,$GBGSV,10,,39
2026-06-02T21:11:14.326034,$GBGSV,24,,36
2026-06-02T21:11:14.326034,$GBGSV,25,,48
2026-06-02T21:11:14.326034,$GBGSV,33,,43
2026-06-02T21:11:14.326520,$GBGSV,09,,50
2026-06-02T21:11:14.326520,$GBGSV,10,,46
2026-06-02T21:11:15.313862,$GPGSV,02,,28
2026-06-02T21:11:15.313862,$GPGSV,10,,34
2026-06-02T21:11:15.313862,$GPGSV,23,,15
2026-06-02T21:11:15.313862,$GPGSV,25,,33
2026-06-02T21:11:15.314721,$GPGSV,28,,35
2026-06-02T21:11:15.314721,$GPGSV,31,,45
2026-06-02T21:11:15.314721,$GPGSV,32,,31
2026-06-02T21:11:15.314721,$GPGSV,41,,46
2026-06-02T21:11:15.315283,$GPGSV,42,,46
2026-06-02T21:11:15.315283,$GPGSV,50,,44
2026-06-02T21:11:15.315845,$GPGSV,01,,36
2026-06-02T21:11:15.315845,$GPGSV,23,,22
2026-06-02T21:11:15.316618,$GPGSV,10,,39
2026-06-02T21:11:15.316618,$GPGSV,25,,34
2026-06-02T21:11:15.316618,$GPGSV,26,,25
2026-06-02T21:11:15.316618,$GPGSV,28,,41
2026-06-02T21:11:15.317149,$GPGSV,31,,41
2026-06-02T21:11:15.317149,$GPGSV,32,,40
2026-06-02T21:11:15.318869,$GLGSV,66,,31
2026-06-02T21:11:15.318869,$GLGSV,67,,34
2026-06-02T21:11:15.318869,$GLGSV,68,,40
2026-06-02T21:11:15.318869,$GLGSV,77,,27
2026-06-02T21:11:15.319374,$GLGSV,78,,49
2026-06-02T21:11:15.319374,$GLGSV,79,,18
2026-06-02T21:11:15.320083,$GLGSV,66,,31
2026-06-02T21:11:15.320083,$GLGSV,67,,42
2026-06-02T21:11:15.320083,$GLGSV,68,,41
2026-06-02T21:11:15.320083,$GLGSV,78,,49
2026-06-02T21:11:15.320488,$GLGSV,79,,19
2026-06-02T21:11:15.321716,$GAGSV,05,,46
2026-06-02T21:11:15.321716,$GAGSV,06,,43
2026-06-02T21:11:15.321716,$GAGSV,09,,42
2026-06-02T21:11:15.321716,$GAGSV,16,,49
2026-06-02T21:11:15.322417,$GAGSV,25,,22
2026-06-02T21:11:15.322417,$GAGSV,31,,30
2026-06-02T21:11:15.322417,$GAGSV,34,,31
2026-06-02T21:11:15.322417,$GAGSV,36,,23
2026-06-02T21:11:15.323120,$GAGSV,05,,39
2026-06-02T21:11:15.323120,$GAGSV,06,,40
2026-06-02T21:11:15.323120,$GAGSV,09,,30
2026-06-02T21:11:15.323120,$GAGSV,16,,46
2026-06-02T21:11:15.323736,$GAGSV,25,,13
2026-06-02T21:11:15.323736,$GAGSV,31,,31
2026-06-02T21:11:15.323736,$GAGSV,34,,20
2026-06-02T21:11:15.324966,$GBGSV,06,,45
2026-06-02T21:11:15.324966,$GBGSV,07,,39
2026-06-02T21:11:15.324966,$GBGSV,09,,48
2026-06-02T21:11:15.324966,$GBGSV,10,,43
2026-06-02T21:11:15.325537,$GBGSV,24,,39
2026-06-02T21:11:15.325537,$GBGSV,25,,50
2026-06-02T21:11:15.325537,$GBGSV,33,,46
2026-06-02T21:11:15.326024,$GBGSV,09,,49
2026-06-02T21:11:15.326024,$GBGSV,10,,43
2026-06-02T21:11:16.317109,$GPGSV,02,,28
2026-06-02T21:11:16.317109,$GPGSV,10,,39
2026-06-02T21:11:16.317109,$GPGSV,23,,10
2026-06-02T21:11:16.317109,$GPGSV,25,,36
2026-06-02T21:11:16.317905,$GPGSV,28,,39
2026-06-02T21:11:16.317905,$GPGSV,31,,45
2026-06-02T21:11:16.317905,$GPGSV,32,,42
2026-06-02T21:11:16.317905,$GPGSV,41,,47
2026-06-02T21:11:16.318445,$GPGSV,42,,45
2026-06-02T21:11:16.318445,$GPGSV,50,,42
2026-06-02T21:11:16.318862,$GPGSV,01,,35
2026-06-02T21:11:16.319573,$GPGSV,10,,38
2026-06-02T21:11:16.319573,$GPGSV,23,,21
2026-06-02T21:11:16.319573,$GPGSV,25,,36
2026-06-02T21:11:16.319573,$GPGSV,26,,24
2026-06-02T21:11:16.320180,$GPGSV,28,,41
2026-06-02T21:11:16.320180,$GPGSV,31,,37
2026-06-02T21:11:16.320180,$GPGSV,32,,27
2026-06-02T21:11:16.321888,$GLGSV,66,,25
2026-06-02T21:11:16.321888,$GLGSV,67,,37
2026-06-02T21:11:16.321888,$GLGSV,68,,43
2026-06-02T21:11:16.321888,$GLGSV,77,,35
2026-06-02T21:11:16.322394,$GLGSV,78,,49
2026-06-02T21:11:16.322394,$GLGSV,79,,20
2026-06-02T21:11:16.323100,$GLGSV,66,,26
2026-06-02T21:11:16.323100,$GLGSV,67,,33
2026-06-02T21:11:16.323100,$GLGSV,68,,42
2026-06-02T21:11:16.323100,$GLGSV,78,,48
2026-06-02T21:11:16.323505,$GLGSV,79,,16
2026-06-02T21:11:16.324742,$GAGSV,05,,43
2026-06-02T21:11:16.324742,$GAGSV,06,,43
2026-06-02T21:11:16.324742,$GAGSV,09,,40
2026-06-02T21:11:16.324742,$GAGSV,16,,50
2026-06-02T21:11:16.325452,$GAGSV,25,,24
2026-06-02T21:11:16.325452,$GAGSV,31,,38
2026-06-02T21:11:16.325452,$GAGSV,34,,25
2026-06-02T21:11:16.325452,$GAGSV,36,,24
2026-06-02T21:11:16.326151,$GAGSV,05,,42
2026-06-02T21:11:16.326151,$GAGSV,06,,39
2026-06-02T21:11:16.326151,$GAGSV,09,,34
2026-06-02T21:11:16.326151,$GAGSV,16,,47
2026-06-02T21:11:16.326733,$GAGSV,25,,14
2026-06-02T21:11:16.326733,$GAGSV,31,,30
2026-06-02T21:11:16.326733,$GAGSV,34,,19
2026-06-02T21:11:16.327929,$GBGSV,06,,47
2026-06-02T21:11:16.327929,$GBGSV,07,,41
2026-06-02T21:11:16.327929,$GBGSV,09,,47
2026-06-02T21:11:16.327929,$GBGSV,10,,43
2026-06-02T21:11:16.328529,$GBGSV,24,,39
2026-06-02T21:11:16.328529,$GBGSV,25,,49
2026-06-02T21:11:16.328529,$GBGSV,33,,48
2026-06-02T21:11:16.329013,$GBGSV,09,,49
2026-06-02T21:11:16.329013,$GBGSV,10,,46
2026-06-02T21:11:17.322573,$GPGSV,02,,28
2026-06-02T21:11:17.322573,$GPGSV,10,,39
2026-06-02T21:11:17.322573,$GPGSV,23,,09
2026-06-02T21:11:17.322573,$GPGSV,25,,34
2026-06-02T21:11:17.323303,$GPGSV,28,,38
2026-06-02T21:11:17.323303,$GPGSV,31,,44
2026-06-02T21:11:17.323303,$GPGSV,32,,42
2026-06-02T21:11:17.323303,$GPGSV,41,,48
2026-06-02T21:11:17.323839,$GPGSV,42,,46
2026-06-02T21:11:17.323839,$GPGSV,50,,42
2026-06-02T21:11:17.324247,$GPGSV,01,,31
2026-06-02T21:11:17.324941,$GPGSV,10,,38
2026-06-02T21:11:17.324941,$GPGSV,23,,22
2026-06-02T21:11:17.324941,$GPGSV,25,,29
2026-06-02T21:11:17.324941,$GPGSV,26,,25
2026-06-02T21:11:17.325517,$GPGSV,28,,39
2026-06-02T21:11:17.325517,$GPGSV,31,,42
2026-06-02T21:11:17.325517,$GPGSV,32,,43
2026-06-02T21:11:17.327155,$GLGSV,66,,27
2026-06-02T21:11:17.327155,$GLGSV,67,,43
2026-06-02T21:11:17.327155,$GLGSV,68,,38
2026-06-02T21:11:17.327155,$GLGSV,77,,39
2026-06-02T21:11:17.327654,$GLGSV,78,,49
2026-06-02T21:11:17.327654,$GLGSV,79,,22
2026-06-02T21:11:17.328339,$GLGSV,66,,25
2026-06-02T21:11:17.328339,$GLGSV,67,,43
2026-06-02T21:11:17.328339,$GLGSV,68,,40
2026-06-02T21:11:17.328339,$GLGSV,78,,48
2026-06-02T21:11:17.328733,$GLGSV,79,,17
2026-06-02T21:11:17.329934,$GAGSV,05,,43
2026-06-02T21:11:17.329934,$GAGSV,06,,43
2026-06-02T21:11:17.329934,$GAGSV,09,,41
2026-06-02T21:11:17.329934,$GAGSV,16,,51
2026-06-02T21:11:17.330616,$GAGSV,25,,23
2026-06-02T21:11:17.330616,$GAGSV,31,,40
2026-06-02T21:11:17.330616,$GAGSV,34,,30
2026-06-02T21:11:17.330616,$GAGSV,36,,23
2026-06-02T21:11:17.331294,$GAGSV,05,,31
2026-06-02T21:11:17.331294,$GAGSV,06,,39
2026-06-02T21:11:17.331294,$GAGSV,09,,35
2026-06-02T21:11:17.331294,$GAGSV,16,,46
2026-06-02T21:11:17.331795,$GAGSV,31,,34
2026-06-02T21:11:17.331795,$GAGSV,34,,20
2026-06-02T21:11:17.333088,$GBGSV,06,,47
2026-06-02T21:11:17.333088,$GBGSV,07,,42
2026-06-02T21:11:17.333088,$GBGSV,09,,46
2026-06-02T21:11:17.333088,$GBGSV,10,,45
2026-06-02T21:11:17.333671,$GBGSV,24,,34
2026-06-02T21:11:17.333671,$GBGSV,25,,51
2026-06-02T21:11:17.333671,$GBGSV,33,,49
2026-06-02T21:11:17.334157,$GBGSV,09,,50
2026-06-02T21:11:17.334157,$GBGSV,10,,48
2026-06-02T21:11:18.307215,$GPGSV,02,,27
2026-06-02T21:11:18.307215,$GPGSV,10,,42
2026-06-02T21:11:18.307215,$GPGSV,23,,08
2026-06-02T21:11:18.307215,$GPGSV,25,,28
2026-06-02T21:11:18.308011,$GPGSV,28,,37
2026-06-02T21:11:18.308011,$GPGSV,31,,43
2026-06-02T21:11:18.308011,$GPGSV,32,,44
2026-06-02T21:11:18.308011,$GPGSV,41,,48
2026-06-02T21:11:18.308545,$GPGSV,42,,47
2026-06-02T21:11:18.308545,$GPGSV,50,,42
2026-06-02T21:11:18.308962,$GPGSV,01,,32
2026-06-02T21:11:18.309698,$GPGSV,10,,41
2026-06-02T21:11:18.309698,$GPGSV,23,,23
2026-06-02T21:11:18.309698,$GPGSV,25,,30
2026-06-02T21:11:18.309698,$GPGSV,26,,27
2026-06-02T21:11:18.310304,$GPGSV,28,,39
2026-06-02T21:11:18.310304,$GPGSV,31,,39
2026-06-02T21:11:18.310304,$GPGSV,32,,38
2026-06-02T21:11:18.312008,$GLGSV,66,,31
2026-06-02T21:11:18.312008,$GLGSV,67,,44
2026-06-02T21:11:18.312008,$GLGSV,68,,37
2026-06-02T21:11:18.312008,$GLGSV,77,,35
2026-06-02T21:11:18.312512,$GLGSV,78,,49
2026-06-02T21:11:18.312512,$GLGSV,79,,21
2026-06-02T21:11:18.313219,$GLGSV,66,,24
2026-06-02T21:11:18.313219,$GLGSV,67,,44
2026-06-02T21:11:18.313219,$GLGSV,68,,34
2026-06-02T21:11:18.313219,$GLGSV,78,,48
2026-06-02T21:11:18.313706,$GLGSV,79,,18
2026-06-02T21:11:18.314962,$GAGSV,05,,41
2026-06-02T21:11:18.314962,$GAGSV,06,,41
2026-06-02T21:11:18.314962,$GAGSV,09,,43
2026-06-02T21:11:18.314962,$GAGSV,16,,50
2026-06-02T21:11:18.315750,$GAGSV,25,,22
2026-06-02T21:11:18.315750,$GAGSV,31,,38
2026-06-02T21:11:18.315750,$GAGSV,34,,23
2026-06-02T21:11:18.315750,$GAGSV,36,,24
2026-06-02T21:11:18.316513,$GAGSV,05,,29
2026-06-02T21:11:18.316513,$GAGSV,06,,39
2026-06-02T21:11:18.316513,$GAGSV,09,,39
2026-06-02T21:11:18.316513,$GAGSV,16,,46
2026-06-02T21:11:18.317042,$GAGSV,31,,35
2026-06-02T21:11:18.317042,$GAGSV,34,,19
2026-06-02T21:11:18.318234,$GBGSV,06,,48
2026-06-02T21:11:18.318234,$GBGSV,07,,36
2026-06-02T21:11:18.318234,$GBGSV,09,,46
2026-06-02T21:11:18.318234,$GBGSV,10,,39
2026-06-02T21:11:18.318807,$GBGSV,24,,29
2026-06-02T21:11:18.318807,$GBGSV,25,,45
2026-06-02T21:11:18.318807,$GBGSV,33,,47
2026-06-02T21:11:18.319433,$GBGSV,09,,49
2026-06-02T21:11:18.319433,$GBGSV,10,,44
2026-06-02T21:11:19.313731,$GPGSV,02,,27
2026-06-02T21:11:19.313731,$GPGSV,10,,43
2026-06-02T21:11:19.313731,$GPGSV,23,,08
2026-06-02T21:11:19.313731,$GPGSV,25,,28
2026-06-02T21:11:19.314424,$GPGSV,28,,37
2026-06-02T21:11:19.314424,$GPGSV,31,,43
2026-06-02T21:11:19.314424,$GPGSV,32,,43
2026-06-02T21:11:19.314424,$GPGSV,41,,47
2026-06-02T21:11:19.314911,$GPGSV,42,,47
2026-06-02T21:11:19.314911,$GPGSV,50,,43
2026-06-02T21:11:19.315299,$GPGSV,01,,28
2026-06-02T21:11:19.315998,$GPGSV,10,,42
2026-06-02T21:11:19.315998,$GPGSV,25,,34
2026-06-02T21:11:19.315998,$GPGSV,26,,27
2026-06-02T21:11:19.315998,$GPGSV,28,,44
2026-06-02T21:11:19.316490,$GPGSV,31,,41
2026-06-02T21:11:19.316490,$GPGSV,32,,42
2026-06-02T21:11:19.318110,$GLGSV,66,,31
2026-06-02T21:11:19.318110,$GLGSV,67,,43
2026-06-02T21:11:19.318110,$GLGSV,68,,36
2026-06-02T21:11:19.318110,$GLGSV,77,,37
2026-06-02T21:11:19.318593,$GLGSV,78,,49
2026-06-02T21:11:19.318593,$GLGSV,79,,20
2026-06-02T21:11:19.319264,$GLGSV,66,,24
2026-06-02T21:11:19.319264,$GLGSV,67,,39
2026-06-02T21:11:19.319264,$GLGSV,68,,41
2026-06-02T21:11:19.319264,$GLGSV,78,,49
2026-06-02T21:11:19.319691,$GLGSV,79,,18
2026-06-02T21:11:19.321008,$GAGSV,05,,40
2026-06-02T21:11:19.321008,$GAGSV,06,,44
2026-06-02T21:11:19.321008,$GAGSV,09,,43
2026-06-02T21:11:19.321008,$GAGSV,16,,50
2026-06-02T21:11:19.321874,$GAGSV,25,,28
2026-06-02T21:11:19.321874,$GAGSV,31,,40
2026-06-02T21:11:19.321874,$GAGSV,34,,25
2026-06-02T21:11:19.321874,$GAGSV,36,,24
2026-06-02T21:11:19.322746,$GAGSV,05,,21
2026-06-02T21:11:19.322746,$GAGSV,06,,39
2026-06-02T21:11:19.322746,$GAGSV,09,,39
2026-06-02T21:11:19.322746,$GAGSV,16,,46
2026-06-02T21:11:19.323396,$GAGSV,31,,37
2026-06-02T21:11:19.323396,$GAGSV,34,,20
2026-06-02T21:11:19.324838,$GBGSV,06,,48
2026-06-02T21:11:19.324838,$GBGSV,07,,38
2026-06-02T21:11:19.324838,$GBGSV,09,,44
2026-06-02T21:11:19.324838,$GBGSV,10,,35
2026-06-02T21:11:19.325579,$GBGSV,24,,33
2026-06-02T21:11:19.325579,$GBGSV,25,,49
2026-06-02T21:11:19.325579,$GBGSV,33,,48
2026-06-02T21:11:19.326296,$GBGSV,09,,47
2026-06-02T21:11:19.326296,$GBGSV,10,,39
2026-06-02T21:11:20.318878,$GPGSV,02,,28
2026-06-02T21:11:20.318878,$GPGSV,10,,46
2026-06-02T21:11:20.318878,$GPGSV,23,,08
2026-06-02T21:11:20.318878,$GPGSV,25,,34
2026-06-02T21:11:20.319997,$GPGSV,28,,37
2026-06-02T21:11:20.319997,$GPGSV,31,,43
2026-06-02T21:11:20.319997,$GPGSV,32,,43
2026-06-02T21:11:20.319997,$GPGSV,41,,48
2026-06-02T21:11:20.320855,$GPGSV,42,,47
2026-06-02T21:11:20.320855,$GPGSV,50,,41
2026-06-02T21:11:20.321543,$GPGSV,01,,28
2026-06-02T21:11:20.322543,$GPGSV,10,,45
2026-06-02T21:11:20.322543,$GPGSV,25,,35
2026-06-02T21:11:20.322543,$GPGSV,26,,31
2026-06-02T21:11:20.322543,$GPGSV,28,,40
2026-06-02T21:11:20.323312,$GPGSV,31,,36
2026-06-02T21:11:20.323312,$GPGSV,32,,37
2026-06-02T21:11:20.325529,$GLGSV,66,,26
2026-06-02T21:11:20.325529,$GLGSV,67,,47
2026-06-02T21:11:20.325529,$GLGSV,68,,33
2026-06-02T21:11:20.325529,$GLGSV,77,,33
2026-06-02T21:11:20.326232,$GLGSV,78,,49
2026-06-02T21:11:20.326232,$GLGSV,79,,19
2026-06-02T21:11:20.327129,$GLGSV,66,,22
2026-06-02T21:11:20.327129,$GLGSV,67,,44
2026-06-02T21:11:20.327129,$GLGSV,68,,42
2026-06-02T21:11:20.327129,$GLGSV,78,,49
2026-06-02T21:11:20.327756,$GLGSV,79,,19
2026-06-02T21:11:20.329309,$GAGSV,05,,32
2026-06-02T21:11:20.329309,$GAGSV,06,,43
2026-06-02T21:11:20.329309,$GAGSV,09,,44
2026-06-02T21:11:20.329309,$GAGSV,16,,50
2026-06-02T21:11:20.330211,$GAGSV,25,,27
2026-06-02T21:11:20.330211,$GAGSV,31,,39
2026-06-02T21:11:20.330211,$GAGSV,34,,27
2026-06-02T21:11:20.330211,$GAGSV,36,,31
2026-06-02T21:11:20.331119,$GAGSV,05,,27
2026-06-02T21:11:20.331119,$GAGSV,06,,39
2026-06-02T21:11:20.331119,$GAGSV,09,,37
2026-06-02T21:11:20.331119,$GAGSV,16,,46
2026-06-02T21:11:20.331848,$GAGSV,31,,37
2026-06-02T21:11:20.331848,$GAGSV,34,,28
2026-06-02T21:11:20.333384,$GBGSV,06,,47
2026-06-02T21:11:20.333384,$GBGSV,07,,43
2026-06-02T21:11:20.333384,$GBGSV,09,,45
2026-06-02T21:11:20.333384,$GBGSV,10,,40
2026-06-02T21:11:20.334361,$GBGSV,23,,33
2026-06-02T21:11:20.334361,$GBGSV,24,,29
2026-06-02T21:11:20.334361,$GBGSV,25,,46
2026-06-02T21:11:20.334361,$GBGSV,33,,47
2026-06-02T21:11:20.335032,$GBGSV,09,,47
2026-06-02T21:11:20.335032,$GBGSV,10,,43
2026-06-02T21:11:21.316378,$GPGSV,02,,28
2026-06-02T21:11:21.316378,$GPGSV,10,,47
2026-06-02T21:11:21.316378,$GPGSV,23,,12
2026-06-02T21:11:21.316378,$GPGSV,25,,29
2026-06-02T21:11:21.317311,$GPGSV,28,,38
2026-06-02T21:11:21.317311,$GPGSV,31,,42
2026-06-02T21:11:21.317311,$GPGSV,32,,34
2026-06-02T21:11:21.317311,$GPGSV,41,,47
2026-06-02T21:11:21.318022,$GPGSV,42,,47
2026-06-02T21:11:21.318022,$GPGSV,50,,42
2026-06-02T21:11:21.318722,$GPGSV,01,,22
2026-06-02T21:11:21.318722,$GPGSV,23,,20
2026-06-02T21:11:21.319988,$GPGSV,10,,47
2026-06-02T21:11:21.319988,$GPGSV,25,,32
2026-06-02T21:11:21.319988,$GPGSV,26,,32
2026-06-02T21:11:21.319988,$GPGSV,28,,39
2026-06-02T21:11:21.320694,$GPGSV,31,,42
2026-06-02T21:11:21.320694,$GPGSV,32,,40
2026-06-02T21:11:21.322803,$GLGSV,66,,26
2026-06-02T21:11:21.322803,$GLGSV,67,,39
2026-06-02T21:11:21.322803,$GLGSV,68,,37
2026-06-02T21:11:21.322803,$GLGSV,77,,29
2026-06-02T21:11:21.323504,$GLGSV,78,,49
2026-06-02T21:11:21.323504,$GLGSV,79,,18
2026-06-02T21:11:21.324431,$GLGSV,66,,24
2026-06-02T21:11:21.324431,$GLGSV,67,,42
2026-06-02T21:11:21.324431,$GLGSV,68,,36
2026-06-02T21:11:21.324431,$GLGSV,78,,48
2026-06-02T21:11:21.325037,$GLGSV,79,,20
2026-06-02T21:11:21.326707,$GAGSV,05,,37
2026-06-02T21:11:21.326707,$GAGSV,06,,41
2026-06-02T21:11:21.326707,$GAGSV,09,,45
2026-06-02T21:11:21.326707,$GAGSV,16,,53
2026-06-02T21:11:21.327578,$GAGSV,25,,26
2026-06-02T21:11:21.327578,$GAGSV,31,,41
2026-06-02T21:11:21.327578,$GAGSV,34,,29
2026-06-02T21:11:21.327578,$GAGSV,36,,30
2026-06-02T21:11:21.328446,$GAGSV,05,,31
2026-06-02T21:11:21.328446,$GAGSV,06,,41
2026-06-02T21:11:21.328446,$GAGSV,09,,37
2026-06-02T21:11:21.328446,$GAGSV,16,,47
2026-06-02T21:11:21.329125,$GAGSV,31,,35
2026-06-02T21:11:21.329125,$GAGSV,34,,22
2026-06-02T21:11:21.330615,$GBGSV,06,,48
2026-06-02T21:11:21.330615,$GBGSV,07,,43
2026-06-02T21:11:21.330615,$GBGSV,09,,46
2026-06-02T21:11:21.330615,$GBGSV,10,,40
2026-06-02T21:11:21.331473,$GBGSV,23,,23
2026-06-02T21:11:21.331473,$GBGSV,24,,37
2026-06-02T21:11:21.331473,$GBGSV,25,,45
2026-06-02T21:11:21.331473,$GBGSV,33,,48
2026-06-02T21:11:21.332158,$GBGSV,09,,49
2026-06-02T21:11:21.332158,$GBGSV,10,,44
2026-06-02T21:11:22.323238,$GPGSV,02,,28
2026-06-02T21:11:22.323238,$GPGSV,10,,47
2026-06-02T21:11:22.323238,$GPGSV,23,,12
2026-06-02T21:11:22.323238,$GPGSV,25,,36
2026-06-02T21:11:22.324245,$GPGSV,28,,41
2026-06-02T21:11:22.324245,$GPGSV,31,,44
2026-06-02T21:11:22.324245,$GPGSV,32,,46
2026-06-02T21:11:22.324245,$GPGSV,41,,47
2026-06-02T21:11:22.324985,$GPGSV,42,,46
2026-06-02T21:11:22.324985,$GPGSV,50,,42
2026-06-02T21:11:22.325585,$GPGSV,01,,30
2026-06-02T21:11:22.326485,$GPGSV,10,,46
2026-06-02T21:11:22.326485,$GPGSV,23,,19
2026-06-02T21:11:22.326485,$GPGSV,25,,33
2026-06-02T21:11:22.326485,$GPGSV,26,,25
2026-06-02T21:11:22.327292,$GPGSV,28,,44
2026-06-02T21:11:22.327292,$GPGSV,31,,43
2026-06-02T21:11:22.327292,$GPGSV,32,,40
2026-06-02T21:11:22.329415,$GLGSV,66,,27
2026-06-02T21:11:22.329415,$GLGSV,67,,40
2026-06-02T21:11:22.329415,$GLGSV,68,,38
2026-06-02T21:11:22.329415,$GLGSV,77,,30
2026-06-02T21:11:22.330120,$GLGSV,78,,47
2026-06-02T21:11:22.330120,$GLGSV,79,,18
2026-06-02T21:11:22.331024,$GLGSV,66,,30
2026-06-02T21:11:22.331024,$GLGSV,67,,45
2026-06-02T21:11:22.331024,$GLGSV,68,,33
2026-06-02T21:11:22.331024,$GLGSV,78,,48
2026-06-02T21:11:22.331650,$GLGSV,79,,20
2026-06-02T21:11:22.333188,$GAGSV,05,,34
2026-06-02T21:11:22.333188,$GAGSV,06,,43
2026-06-02T21:11:22.333188,$GAGSV,09,,46
2026-06-02T21:11:22.333188,$GAGSV,16,,52
2026-06-02T21:11:22.334110,$GAGSV,25,,25
2026-06-02T21:11:22.334110,$GAGSV,31,,40
2026-06-02T21:11:22.334110,$GAGSV,34,,23
2026-06-02T21:11:22.334110,$GAGSV,36,,29
2026-06-02T21:11:22.335062,$GAGSV,05,,25
2026-06-02T21:11:22.335062,$GAGSV,06,,40
2026-06-02T21:11:22.335062,$GAGSV,09,,39
2026-06-02T21:11:22.335062,$GAGSV,16,,46
2026-06-02T21:11:22.335804,$GAGSV,31,,34
2026-06-02T21:11:22.335804,$GAGSV,34,,30
2026-06-02T21:11:22.337285,$GBGSV,06,,44
2026-06-02T21:11:22.337285,$GBGSV,07,,42
2026-06-02T21:11:22.337285,$GBGSV,09,,47
2026-06-02T21:11:22.337285,$GBGSV,10,,40
2026-06-02T21:11:22.338149,$GBGSV,23,,31
2026-06-02T21:11:22.338149,$GBGSV,24,,40
2026-06-02T21:11:22.338149,$GBGSV,25,,49
2026-06-02T21:11:22.338149,$GBGSV,33,,48
2026-06-02T21:11:22.338820,$GBGSV,09,,49
2026-06-02T21:11:22.338820,$GBGSV,10,,40
2026-06-02T21:11:23.318035,$GPGSV,02,,28
2026-06-02T21:11:23.318035,$GPGSV,10,,49
2026-06-02T21:11:23.318035,$GPGSV,23,,10
2026-06-02T21:11:23.318035,$GPGSV,25,,31
2026-06-02T21:11:23.318948,$GPGSV,26,,37
2026-06-02T21:11:23.318948,$GPGSV,28,,37
2026-06-02T21:11:23.318948,$GPGSV,31,,48
2026-06-02T21:11:23.318948,$GPGSV,32,,44
2026-06-02T21:11:23.320024,$GPGSV,41,,46
2026-06-02T21:11:23.320024,$GPGSV,42,,46
2026-06-02T21:11:23.320024,$GPGSV,50,,40
2026-06-02T21:11:23.320710,$GPGSV,01,,33
2026-06-02T21:11:23.321935,$GPGSV,10,,46
2026-06-02T21:11:23.321935,$GPGSV,23,,17
2026-06-02T21:11:23.321935,$GPGSV,25,,33
2026-06-02T21:11:23.321935,$GPGSV,26,,24
2026-06-02T21:11:23.322705,$GPGSV,28,,43
2026-06-02T21:11:23.322705,$GPGSV,31,,42
2026-06-02T21:11:23.322705,$GPGSV,32,,45
2026-06-02T21:11:23.324738,$GLGSV,66,,27
2026-06-02T21:11:23.324738,$GLGSV,67,,40
2026-06-02T21:11:23.324738,$GLGSV,68,,35
2026-06-02T21:11:23.324738,$GLGSV,77,,30
2026-06-02T21:11:23.325411,$GLGSV,78,,49
2026-06-02T21:11:23.325411,$GLGSV,79,,18
2026-06-02T21:11:23.326276,$GLGSV,66,,30
2026-06-02T21:11:23.326276,$GLGSV,67,,44
2026-06-02T21:11:23.326276,$GLGSV,68,,32
2026-06-02T21:11:23.326276,$GLGSV,78,,48
2026-06-02T21:11:23.326853,$GLGSV,79,,18
2026-06-02T21:11:23.328347,$GAGSV,05,,39
2026-06-02T21:11:23.328347,$GAGSV,06,,44
2026-06-02T21:11:23.328347,$GAGSV,09,,48
2026-06-02T21:11:23.328347,$GAGSV,16,,50
2026-06-02T21:11:23.329213,$GAGSV,25,,26
2026-06-02T21:11:23.329213,$GAGSV,31,,40
2026-06-02T21:11:23.329213,$GAGSV,34,,26
2026-06-02T21:11:23.329213,$GAGSV,36,,28
2026-06-02T21:11:23.330078,$GAGSV,05,,35
2026-06-02T21:11:23.330078,$GAGSV,06,,39
2026-06-02T21:11:23.330078,$GAGSV,09,,38
2026-06-02T21:11:23.330078,$GAGSV,16,,47
2026-06-02T21:11:23.330751,$GAGSV,31,,35
2026-06-02T21:11:23.330751,$GAGSV,34,,23
2026-06-02T21:11:23.332250,$GBGSV,06,,47
2026-06-02T21:11:23.332250,$GBGSV,07,,46
2026-06-02T21:11:23.332250,$GBGSV,09,,48
2026-06-02T21:11:23.332250,$GBGSV,10,,36
2026-06-02T21:11:23.333114,$GBGSV,23,,29
2026-06-02T21:11:23.333114,$GBGSV,24,,38
2026-06-02T21:11:23.333114,$GBGSV,25,,47
2026-06-02T21:11:23.333114,$GBGSV,33,,49
2026-06-02T21:11:23.333797,$GBGSV,09,,49
2026-06-02T21:11:23.333797,$GBGSV,10,,42
2026-06-02T21:11:24.314224,$GPGSV,02,,27
2026-06-02T21:11:24.314224,$GPGSV,10,,48
2026-06-02T21:11:24.314224,$GPGSV,23,,08
2026-06-02T21:11:24.314224,$GPGSV,25,,30
2026-06-02T21:11:24.315141,$GPGSV,28,,35
2026-06-02T21:11:24.315141,$GPGSV,31,,40
2026-06-02T21:11:24.315141,$GPGSV,32,,47
2026-06-02T21:11:24.315141,$GPGSV,41,,46
2026-06-02T21:11:24.315857,$GPGSV,42,,45
2026-06-02T21:11:24.315857,$GPGSV,50,,40
2026-06-02T21:11:24.316531,$GPGSV,01,,29
2026-06-02T21:11:24.317761,$GPGSV,10,,46
2026-06-02T21:11:24.317761,$GPGSV,23,,20
2026-06-02T21:11:24.317761,$GPGSV,25,,31
2026-06-02T21:11:24.317761,$GPGSV,26,,31
2026-06-02T21:11:24.318565,$GPGSV,28,,42
2026-06-02T21:11:24.318565,$GPGSV,31,,44
2026-06-02T21:11:24.318565,$GPGSV,32,,44
2026-06-02T21:11:24.320668,$GLGSV,66,,25
2026-06-02T21:11:24.320668,$GLGSV,67,,43
2026-06-02T21:11:24.320668,$GLGSV,68,,36
2026-06-02T21:11:24.320668,$GLGSV,77,,33
2026-06-02T21:11:24.321344,$GLGSV,78,,49
2026-06-02T21:11:24.321344,$GLGSV,79,,19
2026-06-02T21:11:24.322208,$GLGSV,66,,29
2026-06-02T21:11:24.322208,$GLGSV,67,,40
2026-06-02T21:11:24.322208,$GLGSV,68,,31
2026-06-02T21:11:24.322208,$GLGSV,78,,49
2026-06-02T21:11:24.322784,$GLGSV,79,,18
2026-06-02T21:11:24.324278,$GAGSV,05,,41
2026-06-02T21:11:24.324278,$GAGSV,06,,43
2026-06-02T21:11:24.324278,$GAGSV,09,,45
2026-06-02T21:11:24.324278,$GAGSV,16,,50
2026-06-02T21:11:24.325144,$GAGSV,25,,26
2026-06-02T21:11:24.325144,$GAGSV,31,,36
2026-06-02T21:11:24.325144,$GAGSV,34,,32
2026-06-02T21:11:24.325144,$GAGSV,36,,27
2026-06-02T21:11:24.326015,$GAGSV,05,,35
2026-06-02T21:11:24.326015,$GAGSV,06,,40
2026-06-02T21:11:24.326015,$GAGSV,09,,40
2026-06-02T21:11:24.326015,$GAGSV,16,,47
2026-06-02T21:11:24.326691,$GAGSV,31,,33
2026-06-02T21:11:24.326691,$GAGSV,34,,24
2026-06-02T21:11:24.328257,$GBGSV,06,,48
2026-06-02T21:11:24.328257,$GBGSV,07,,44
2026-06-02T21:11:24.328257,$GBGSV,09,,46
2026-06-02T21:11:24.328257,$GBGSV,10,,46
2026-06-02T21:11:24.329121,$GBGSV,23,,28
2026-06-02T21:11:24.329121,$GBGSV,24,,30
2026-06-02T21:11:24.329121,$GBGSV,25,,49
2026-06-02T21:11:24.329121,$GBGSV,33,,47
2026-06-02T21:11:24.329791,$GBGSV,09,,48
2026-06-02T21:11:24.329791,$GBGSV,10,,45
2026-06-02T21:11:25.315914,$GPGSV,02,,27
2026-06-02T21:11:25.315914,$GPGSV,10,,49
2026-06-02T21:11:25.315914,$GPGSV,25,,33
2026-06-02T21:11:25.315914,$GPGSV,26,,33
2026-06-02T21:11:25.316650,$GPGSV,28,,39
2026-06-02T21:11:25.316650,$GPGSV,31,,46
2026-06-02T21:11:25.316650,$GPGSV,32,,45
2026-06-02T21:11:25.316650,$GPGSV,41,,48
2026-06-02T21:11:25.317165,$GPGSV,42,,45
2026-06-02T21:11:25.317165,$GPGSV,50,,42
2026-06-02T21:11:25.317571,$GPGSV,01,,29
2026-06-02T21:11:25.318271,$GPGSV,10,,46
2026-06-02T21:11:25.318271,$GPGSV,25,,34
2026-06-02T21:11:25.318271,$GPGSV,26,,32
2026-06-02T21:11:25.318271,$GPGSV,28,,43
2026-06-02T21:11:25.318772,$GPGSV,31,,43
2026-06-02T21:11:25.318772,$GPGSV,32,,41
2026-06-02T21:11:25.320563,$GLGSV,66,,26
2026-06-02T21:11:25.320563,$GLGSV,67,,41
2026-06-02T21:11:25.320563,$GLGSV,68,,36
2026-06-02T21:11:25.320563,$GLGSV,77,,30
2026-06-02T21:11:25.321066,$GLGSV,78,,47
2026-06-02T21:11:25.321066,$GLGSV,79,,20
2026-06-02T21:11:25.321789,$GLGSV,66,,30
2026-06-02T21:11:25.321789,$GLGSV,67,,45
2026-06-02T21:11:25.321789,$GLGSV,68,,39
2026-06-02T21:11:25.321789,$GLGSV,78,,50
2026-06-02T21:11:25.322395,$GLGSV,79,,20
2026-06-02T21:11:25.324056,$GAGSV,05,,39
2026-06-02T21:11:25.324056,$GAGSV,06,,44
2026-06-02T21:11:25.324056,$GAGSV,09,,48
2026-06-02T21:11:25.324056,$GAGSV,16,,49
2026-06-02T21:11:25.324927,$GAGSV,25,,26
2026-06-02T21:11:25.324927,$GAGSV,31,,36
2026-06-02T21:11:25.324927,$GAGSV,34,,34
2026-06-02T21:11:25.324927,$GAGSV,36,,28
2026-06-02T21:11:25.325790,$GAGSV,05,,39
2026-06-02T21:11:25.325790,$GAGSV,06,,40
2026-06-02T21:11:25.325790,$GAGSV,09,,43
2026-06-02T21:11:25.325790,$GAGSV,16,,44
2026-06-02T21:11:25.326462,$GAGSV,31,,33
2026-06-02T21:11:25.326462,$GAGSV,34,,26
2026-06-02T21:11:25.328185,$GBGSV,06,,48
2026-06-02T21:11:25.328185,$GBGSV,07,,38
2026-06-02T21:11:25.328185,$GBGSV,09,,46
2026-06-02T21:11:25.328185,$GBGSV,10,,46
2026-06-02T21:11:25.329053,$GBGSV,23,,28
2026-06-02T21:11:25.329053,$GBGSV,24,,40
2026-06-02T21:11:25.329053,$GBGSV,25,,47
2026-06-02T21:11:25.329053,$GBGSV,33,,49
2026-06-02T21:11:25.329726,$GBGSV,09,,50
2026-06-02T21:11:25.329726,$GBGSV,10,,48
2026-06-02T21:11:26.313818,$GPGSV,02,,19
2026-06-02T21:11:26.313818,$GPGSV,10,,50
2026-06-02T21:11:26.313818,$GPGSV,25,,33
2026-06-02T21:11:26.313818,$GPGSV,26,,34
2026-06-02T21:11:26.314698,$GPGSV,28,,41
2026-06-02T21:11:26.314698,$GPGSV,31,,45
2026-06-02T21:11:26.314698,$GPGSV,32,,43
2026-06-02T21:11:26.314698,$GPGSV,41,,46
2026-06-02T21:11:26.315537,$GPGSV,42,,46
2026-06-02T21:11:26.315537,$GPGSV,50,,44
2026-06-02T21:11:26.316209,$GPGSV,01,,33
2026-06-02T21:11:26.317384,$GPGSV,10,,46
2026-06-02T21:11:26.317384,$GPGSV,25,,36
2026-06-02T21:11:26.317384,$GPGSV,26,,31
2026-06-02T21:11:26.317384,$GPGSV,28,,45
2026-06-02T21:11:26.318059,$GPGSV,31,,44
2026-06-02T21:11:26.318059,$GPGSV,32,,41
2026-06-02T21:11:26.320179,$GLGSV,66,,26
2026-06-02T21:11:26.320179,$GLGSV,67,,46
2026-06-02T21:11:26.320179,$GLGSV,68,,38
2026-06-02T21:11:26.320179,$GLGSV,77,,30
2026-06-02T21:11:26.320852,$GLGSV,78,,49
2026-06-02T21:11:26.320852,$GLGSV,79,,18
2026-06-02T21:11:26.321713,$GLGSV,66,,28
2026-06-02T21:11:26.321713,$GLGSV,67,,44
2026-06-02T21:11:26.321713,$GLGSV,68,,38
2026-06-02T21:11:26.321713,$GLGSV,78,,50
2026-06-02T21:11:26.322293,$GLGSV,79,,18
2026-06-02T21:11:26.323794,$GAGSV,05,,40
2026-06-02T21:11:26.323794,$GAGSV,06,,42
2026-06-02T21:11:26.323794,$GAGSV,09,,46
2026-06-02T21:11:26.323794,$GAGSV,16,,50
2026-06-02T21:11:26.324660,$GAGSV,25,,23
2026-06-02T21:11:26.324660,$GAGSV,31,,39
2026-06-02T21:11:26.324660,$GAGSV,34,,36
2026-06-02T21:11:26.324660,$GAGSV,36,,28
2026-06-02T21:11:26.325533,$GAGSV,05,,41
2026-06-02T21:11:26.325533,$GAGSV,06,,40
2026-06-02T21:11:26.325533,$GAGSV,09,,40
2026-06-02T21:11:26.325533,$GAGSV,16,,44
2026-06-02T21:11:26.326202,$GAGSV,31,,30
2026-06-02T21:11:26.326202,$GAGSV,34,,30
2026-06-02T21:11:26.327737,$GBGSV,06,,48
2026-06-02T21:11:26.327737,$GBGSV,07,,42
2026-06-02T21:11:26.327737,$GBGSV,09,,48
2026-06-02T21:11:26.327737,$GBGSV,10,,46
2026-06-02T21:11:26.328692,$GBGSV,23,,26
2026-06-02T21:11:26.328692,$GBGSV,24,,36
2026-06-02T21:11:26.328692,$GBGSV,25,,48
2026-06-02T21:11:26.328692,$GBGSV,33,,50
2026-06-02T21:11:26.329346,$GBGSV,09,,48
2026-06-02T21:11:26.329346,$GBGSV,10,,48
2026-06-02T21:11:27.310983,$GPGSV,02,,27
2026-06-02T21:11:27.310983,$GPGSV,10,,49
2026-06-02T21:11:27.310983,$GPGSV,25,,39
2026-06-02T21:11:27.310983,$GPGSV,26,,30
2026-06-02T21:11:27.312064,$GPGSV,28,,39
2026-06-02T21:11:27.312064,$GPGSV,31,,45
2026-06-02T21:11:27.312064,$GPGSV,32,,46
2026-06-02T21:11:27.312064,$GPGSV,41,,46
2026-06-02T21:11:27.312817,$GPGSV,42,,46
2026-06-02T21:11:27.312817,$GPGSV,50,,42
2026-06-02T21:11:27.313519,$GPGSV,01,,33
2026-06-02T21:11:27.313519,$GPGSV,23,,19
2026-06-02T21:11:27.314420,$GPGSV,10,,45
2026-06-02T21:11:27.314420,$GPGSV,25,,33
2026-06-02T21:11:27.314420,$GPGSV,26,,25
2026-06-02T21:11:27.314420,$GPGSV,28,,45
2026-06-02T21:11:27.315121,$GPGSV,31,,43
2026-06-02T21:11:27.315121,$GPGSV,32,,42
2026-06-02T21:11:27.317235,$GLGSV,66,,31
2026-06-02T21:11:27.317235,$GLGSV,67,,46
2026-06-02T21:11:27.317235,$GLGSV,68,,32
2026-06-02T21:11:27.317235,$GLGSV,77,,34
2026-06-02T21:11:27.317938,$GLGSV,78,,47
2026-06-02T21:11:27.317938,$GLGSV,79,,17
2026-06-02T21:11:27.318838,$GLGSV,66,,20
2026-06-02T21:11:27.318838,$GLGSV,67,,46
2026-06-02T21:11:27.318838,$GLGSV,68,,36
2026-06-02T21:11:27.318838,$GLGSV,78,,48
2026-06-02T21:11:27.319440,$GLGSV,79,,16
2026-06-02T21:11:27.321005,$GAGSV,05,,41
2026-06-02T21:11:27.321005,$GAGSV,06,,44
2026-06-02T21:11:27.321005,$GAGSV,09,,47
2026-06-02T21:11:27.321005,$GAGSV,16,,50
2026-06-02T21:11:27.321927,$GAGSV,25,,23
2026-06-02T21:11:27.321927,$GAGSV,31,,37
2026-06-02T21:11:27.321927,$GAGSV,34,,32
2026-06-02T21:11:27.321927,$GAGSV,36,,28
2026-06-02T21:11:27.322864,$GAGSV,05,,33
2026-06-02T21:11:27.322864,$GAGSV,06,,39
2026-06-02T21:11:27.322864,$GAGSV,09,,40
2026-06-02T21:11:27.322864,$GAGSV,16,,45
2026-06-02T21:11:27.323536,$GAGSV,31,,34
2026-06-02T21:11:27.323536,$GAGSV,34,,23
2026-06-02T21:11:27.325031,$GBGSV,06,,48
2026-06-02T21:11:27.325031,$GBGSV,07,,45
2026-06-02T21:11:27.325031,$GBGSV,09,,47
2026-06-02T21:11:27.325031,$GBGSV,10,,46
2026-06-02T21:11:27.325890,$GBGSV,23,,25
2026-06-02T21:11:27.325890,$GBGSV,24,,37
2026-06-02T21:11:27.325890,$GBGSV,25,,47
2026-06-02T21:11:27.325890,$GBGSV,33,,50
2026-06-02T21:11:27.326561,$GBGSV,09,,49
2026-06-02T21:11:27.326561,$GBGSV,10,,49
2026-06-02T21:11:28.320866,$GPGSV,02,,24
2026-06-02T21:11:28.320866,$GPGSV,10,,48
2026-06-02T21:11:28.320866,$GPGSV,25,,37
2026-06-02T21:11:28.320866,$GPGSV,26,,34
2026-06-02T21:11:28.321791,$GPGSV,28,,40
2026-06-02T21:11:28.321791,$GPGSV,31,,45
2026-06-02T21:11:28.321791,$GPGSV,32,,46
2026-06-02T21:11:28.321791,$GPGSV,41,,48
2026-06-02T21:11:28.322499,$GPGSV,42,,46
2026-06-02T21:11:28.322499,$GPGSV,50,,41
2026-06-02T21:11:28.323098,$GPGSV,01,,33
2026-06-02T21:11:28.324025,$GPGSV,10,,45
2026-06-02T21:11:28.324025,$GPGSV,23,,19
2026-06-02T21:11:28.324025,$GPGSV,25,,36
2026-06-02T21:11:28.324025,$GPGSV,26,,25
2026-06-02T21:11:28.324838,$GPGSV,28,,42
2026-06-02T21:11:28.324838,$GPGSV,31,,41
2026-06-02T21:11:28.324838,$GPGSV,32,,45
2026-06-02T21:11:28.326858,$GLGSV,66,,26
2026-06-02T21:11:28.326858,$GLGSV,67,,46
2026-06-02T21:11:28.326858,$GLGSV,68,,36
2026-06-02T21:11:28.326858,$GLGSV,77,,30
2026-06-02T21:11:28.327537,$GLGSV,78,,47
2026-06-02T21:11:28.327537,$GLGSV,79,,18
2026-06-02T21:11:28.328413,$GLGSV,66,,21
2026-06-02T21:11:28.328413,$GLGSV,67,,45
2026-06-02T21:11:28.328413,$GLGSV,68,,38
2026-06-02T21:11:28.328413,$GLGSV,78,,48
2026-06-02T21:11:28.328989,$GLGSV,79,,16
2026-06-02T21:11:28.330468,$GAGSV,05,,44
2026-06-02T21:11:28.330468,$GAGSV,06,,43
2026-06-02T21:11:28.330468,$GAGSV,09,,48
2026-06-02T21:11:28.330468,$GAGSV,16,,52
2026-06-02T21:11:28.331333,$GAGSV,25,,25
2026-06-02T21:11:28.331333,$GAGSV,31,,37
2026-06-02T21:11:28.331333,$GAGSV,34,,28
2026-06-02T21:11:28.331333,$GAGSV,36,,27
2026-06-02T21:11:28.332212,$GAGSV,05,,33
2026-06-02T21:11:28.332212,$GAGSV,06,,38
2026-06-02T21:11:28.332212,$GAGSV,09,,40
2026-06-02T21:11:28.332212,$GAGSV,16,,44
2026-06-02T21:11:28.332913,$GAGSV,31,,30
2026-06-02T21:11:28.332913,$GAGSV,34,,22
2026-06-02T21:11:28.334758,$GBGSV,06,,48
2026-06-02T21:11:28.334758,$GBGSV,07,,44
2026-06-02T21:11:28.334758,$GBGSV,09,,48
2026-06-02T21:11:28.334758,$GBGSV,10,,43
2026-06-02T21:11:28.335759,$GBGSV,23,,24
2026-06-02T21:11:28.335759,$GBGSV,24,,40
2026-06-02T21:11:28.335759,$GBGSV,25,,51
2026-06-02T21:11:28.335759,$GBGSV,33,,50
2026-06-02T21:11:28.336592,$GBGSV,09,,50
2026-06-02T21:11:28.336592,$GBGSV,10,,47
2026-06-02T21:11:29.321082,$GPGSV,02,,23
2026-06-02T21:11:29.321082,$GPGSV,10,,48
2026-06-02T21:11:29.321082,$GPGSV,25,,34
2026-06-02T21:11:29.321082,$GPGSV,26,,34
2026-06-02T21:11:29.321958,$GPGSV,28,,42
2026-06-02T21:11:29.321958,$GPGSV,31,,46
2026-06-02T21:11:29.321958,$GPGSV,32,,43
2026-06-02T21:11:29.321958,$GPGSV,41,,47
2026-06-02T21:11:29.322796,$GPGSV,42,,46
2026-06-02T21:11:29.322796,$GPGSV,50,,39
2026-06-02T21:11:29.323440,$GPGSV,01,,32
2026-06-02T21:11:29.324315,$GPGSV,10,,45
2026-06-02T21:11:29.324315,$GPGSV,23,,18
2026-06-02T21:11:29.324315,$GPGSV,25,,34
2026-06-02T21:11:29.324315,$GPGSV,26,,23
2026-06-02T21:11:29.325084,$GPGSV,28,,41
2026-06-02T21:11:29.325084,$GPGSV,31,,41
2026-06-02T21:11:29.325084,$GPGSV,32,,43
2026-06-02T21:11:29.327105,$GLGSV,66,,31
2026-06-02T21:11:29.327105,$GLGSV,67,,43
2026-06-02T21:11:29.327105,$GLGSV,68,,40
2026-06-02T21:11:29.327105,$GLGSV,77,,39
2026-06-02T21:11:29.327818,$GLGSV,78,,48
2026-06-02T21:11:29.327818,$GLGSV,79,,20
2026-06-02T21:11:29.328687,$GLGSV,66,,22
2026-06-02T21:11:29.328687,$GLGSV,67,,46
2026-06-02T21:11:29.328687,$GLGSV,68,,38
2026-06-02T21:11:29.328687,$GLGSV,78,,48
2026-06-02T21:11:29.329265,$GLGSV,79,,18
2026-06-02T21:11:29.330745,$GAGSV,05,,43
2026-06-02T21:11:29.330745,$GAGSV,06,,45
2026-06-02T21:11:29.330745,$GAGSV,09,,48
2026-06-02T21:11:29.330745,$GAGSV,16,,52
2026-06-02T21:11:29.331615,$GAGSV,25,,24
2026-06-02T21:11:29.331615,$GAGSV,31,,36
2026-06-02T21:11:29.331615,$GAGSV,34,,30
2026-06-02T21:11:29.331615,$GAGSV,36,,26
2026-06-02T21:11:29.332474,$GAGSV,05,,34
2026-06-02T21:11:29.332474,$GAGSV,06,,38
2026-06-02T21:11:29.332474,$GAGSV,09,,42
2026-06-02T21:11:29.332474,$GAGSV,16,,46
2026-06-02T21:11:29.333118,$GAGSV,31,,36
2026-06-02T21:11:29.333118,$GAGSV,34,,22
2026-06-02T21:11:29.334530,$GBGSV,06,,48
2026-06-02T21:11:29.334530,$GBGSV,07,,46
2026-06-02T21:11:29.334530,$GBGSV,09,,46
2026-06-02T21:11:29.334530,$GBGSV,10,,47
2026-06-02T21:11:29.335370,$GBGSV,23,,35
2026-06-02T21:11:29.335370,$GBGSV,24,,41
2026-06-02T21:11:29.335370,$GBGSV,25,,49
2026-06-02T21:11:29.335370,$GBGSV,33,,50
2026-06-02T21:11:29.336028,$GBGSV,09,,49
2026-06-02T21:11:29.336028,$GBGSV,10,,47
2026-06-02T21:11:30.319983,$GPGSV,02,,21
2026-06-02T21:11:30.319983,$GPGSV,10,,47
2026-06-02T21:11:30.319983,$GPGSV,25,,36
2026-06-02T21:11:30.319983,$GPGSV,26,,33
2026-06-02T21:11:30.320898,$GPGSV,28,,42
2026-06-02T21:11:30.320898,$GPGSV,31,,43
2026-06-02T21:11:30.320898,$GPGSV,32,,44
2026-06-02T21:11:30.320898,$GPGSV,41,,47
2026-06-02T21:11:30.321786,$GPGSV,42,,44
2026-06-02T21:11:30.321786,$GPGSV,50,,42
2026-06-02T21:11:30.322462,$GPGSV,01,,35
2026-06-02T21:11:30.323687,$GPGSV,10,,45
2026-06-02T21:11:30.323687,$GPGSV,23,,15
2026-06-02T21:11:30.323687,$GPGSV,25,,31
2026-06-02T21:11:30.323687,$GPGSV,26,,23
2026-06-02T21:11:30.324491,$GPGSV,28,,43
2026-06-02T21:11:30.324491,$GPGSV,31,,40
2026-06-02T21:11:30.324491,$GPGSV,32,,43
2026-06-02T21:11:30.326541,$GLGSV,66,,30
2026-06-02T21:11:30.326541,$GLGSV,67,,44
2026-06-02T21:11:30.326541,$GLGSV,68,,41
2026-06-02T21:11:30.326541,$GLGSV,77,,36
2026-06-02T21:11:30.327211,$GLGSV,78,,49
2026-06-02T21:11:30.327211,$GLGSV,79,,18
2026-06-02T21:11:30.328083,$GLGSV,66,,30
2026-06-02T21:11:30.328083,$GLGSV,67,,45
2026-06-02T21:11:30.328083,$GLGSV,68,,44
2026-06-02T21:11:30.328083,$GLGSV,78,,50
2026-06-02T21:11:30.328663,$GLGSV,79,,17
2026-06-02T21:11:30.330148,$GAGSV,05,,42
2026-06-02T21:11:30.330148,$GAGSV,06,,43
2026-06-02T21:11:30.330148,$GAGSV,09,,48
2026-06-02T21:11:30.330148,$GAGSV,16,,51
2026-06-02T21:11:30.331092,$GAGSV,25,,22
2026-06-02T21:11:30.331092,$GAGSV,31,,36
2026-06-02T21:11:30.331092,$GAGSV,34,,28
2026-06-02T21:11:30.331092,$GAGSV,36,,25
2026-06-02T21:11:30.331990,$GAGSV,05,,34
2026-06-02T21:11:30.331990,$GAGSV,06,,40
2026-06-02T21:11:30.331990,$GAGSV,09,,40
2026-06-02T21:11:30.331990,$GAGSV,16,,46
2026-06-02T21:11:30.332661,$GAGSV,31,,32
2026-06-02T21:11:30.332661,$GAGSV,34,,22
2026-06-02T21:11:30.334145,$GBGSV,06,,47
2026-06-02T21:11:30.334145,$GBGSV,07,,45
2026-06-02T21:11:30.334145,$GBGSV,09,,47
2026-06-02T21:11:30.334145,$GBGSV,10,,45
2026-06-02T21:11:30.335012,$GBGSV,23,,25
2026-06-02T21:11:30.335012,$GBGSV,24,,44
2026-06-02T21:11:30.335012,$GBGSV,25,,49
2026-06-02T21:11:30.335012,$GBGSV,33,,49
2026-06-02T21:11:30.335698,$GBGSV,09,,49
2026-06-02T21:11:30.335698,$GBGSV,10,,47
2026-06-02T21:11:31.314498,$GPGSV,02,,20
2026-06-02T21:11:31.314498,$GPGSV,10,,46
2026-06-02T21:11:31.314498,$GPGSV,25,,29
2026-06-02T21:11:31.314498,$GPGSV,26,,33
2026-06-02T21:11:31.315546,$GPGSV,28,,43
2026-06-02T21:11:31.315546,$GPGSV,31,,41
2026-06-02T21:11:31.315546,$GPGSV,32,,45
2026-06-02T21:11:31.315546,$GPGSV,41,,46
2026-06-02T21:11:31.316361,$GPGSV,42,,45
2026-06-02T21:11:31.316361,$GPGSV,50,,44
2026-06-02T21:11:31.317020,$GPGSV,01,,32
2026-06-02T21:11:31.318019,$GPGSV,10,,44
2026-06-02T21:11:31.318019,$GPGSV,23,,14
2026-06-02T21:11:31.318019,$GPGSV,25,,32
2026-06-02T21:11:31.318019,$GPGSV,26,,26
2026-06-02T21:11:31.318860,$GPGSV,28,,44
2026-06-02T21:11:31.318860,$GPGSV,31,,27
2026-06-02T21:11:31.318860,$GPGSV,32,,43
2026-06-02T21:11:31.320998,$GLGSV,66,,26
2026-06-02T21:11:31.320998,$GLGSV,67,,47
2026-06-02T21:11:31.320998,$GLGSV,68,,42
2026-06-02T21:11:31.320998,$GLGSV,77,,37
2026-06-02T21:11:31.321698,$GLGSV,78,,48
2026-06-02T21:11:31.321698,$GLGSV,79,,18
2026-06-02T21:11:31.322596,$GLGSV,66,,23
2026-06-02T21:11:31.322596,$GLGSV,67,,47
2026-06-02T21:11:31.322596,$GLGSV,68,,43
2026-06-02T21:11:31.322596,$GLGSV,78,,48
2026-06-02T21:11:31.323199,$GLGSV,79,,15
2026-06-02T21:11:31.324755,$GAGSV,05,,42
2026-06-02T21:11:31.324755,$GAGSV,06,,43
2026-06-02T21:11:31.324755,$GAGSV,09,,48
2026-06-02T21:11:31.324755,$GAGSV,16,,50
2026-06-02T21:11:31.325656,$GAGSV,25,,22
2026-06-02T21:11:31.325656,$GAGSV,31,,38
2026-06-02T21:11:31.325656,$GAGSV,34,,25
2026-06-02T21:11:31.325656,$GAGSV,36,,24
2026-06-02T21:11:31.326568,$GAGSV,05,,34
2026-06-02T21:11:31.326568,$GAGSV,06,,39
2026-06-02T21:11:31.326568,$GAGSV,09,,42
2026-06-02T21:11:31.326568,$GAGSV,16,,47
2026-06-02T21:11:31.327269,$GAGSV,31,,30
2026-06-02T21:11:31.327269,$GAGSV,34,,23
2026-06-02T21:11:31.328799,$GBGSV,06,,48
2026-06-02T21:11:31.328799,$GBGSV,07,,44
2026-06-02T21:11:31.328799,$GBGSV,09,,46
2026-06-02T21:11:31.328799,$GBGSV,10,,45
2026-06-02T21:11:31.329714,$GBGSV,23,,24
2026-06-02T21:11:31.329714,$GBGSV,24,,41
2026-06-02T21:11:31.329714,$GBGSV,25,,49
2026-06-02T21:11:31.329714,$GBGSV,33,,49
2026-06-02T21:11:31.330422,$GBGSV,09,,49
2026-06-02T21:11:31.330422,$GBGSV,10,,47
2026-06-02T21:11:32.313047,$GPGSV,10,,46
2026-06-02T21:11:32.313047,$GPGSV,25,,33
2026-06-02T21:11:32.313047,$GPGSV,26,,28
2026-06-02T21:11:32.313047,$GPGSV,28,,43
2026-06-02T21:11:32.313961,$GPGSV,31,,38
2026-06-02T21:11:32.313961,$GPGSV,32,,43
2026-06-02T21:11:32.313961,$GPGSV,41,,46
2026-06-02T21:11:32.313961,$GPGSV,42,,46
2026-06-02T21:11:32.314643,$GPGSV,50,,41
2026-06-02T21:11:32.315306,$GPGSV,01,,36
2026-06-02T21:11:32.316541,$GPGSV,10,,41
2026-06-02T21:11:32.316541,$GPGSV,23,,16
2026-06-02T21:11:32.316541,$GPGSV,25,,37
2026-06-02T21:11:32.316541,$GPGSV,26,,25
2026-06-02T21:11:32.317306,$GPGSV,28,,43
2026-06-02T21:11:32.317306,$GPGSV,31,,43
2026-06-02T21:11:32.317306,$GPGSV,32,,44
2026-06-02T21:11:32.319397,$GLGSV,66,,26
2026-06-02T21:11:32.319397,$GLGSV,67,,46
2026-06-02T21:11:32.319397,$GLGSV,68,,43
2026-06-02T21:11:32.319397,$GLGSV,77,,37
2026-06-02T21:11:32.320080,$GLGSV,78,,47
2026-06-02T21:11:32.320080,$GLGSV,79,,17
2026-06-02T21:11:32.321284,$GLGSV,66,,23
2026-06-02T21:11:32.321284,$GLGSV,67,,47
2026-06-02T21:11:32.321284,$GLGSV,68,,41
2026-06-02T21:11:32.321284,$GLGSV,78,,48
2026-06-02T21:11:32.321862,$GLGSV,79,,16
2026-06-02T21:11:32.323342,$GAGSV,05,,40
2026-06-02T21:11:32.323342,$GAGSV,06,,43
2026-06-02T21:11:32.323342,$GAGSV,09,,47
2026-06-02T21:11:32.323342,$GAGSV,16,,50
2026-06-02T21:11:32.324304,$GAGSV,25,,22
2026-06-02T21:11:32.324304,$GAGSV,31,,36
2026-06-02T21:11:32.324304,$GAGSV,34,,32
2026-06-02T21:11:32.324304,$GAGSV,36,,25
2026-06-02T21:11:32.325167,$GAGSV,05,,36
2026-06-02T21:11:32.325167,$GAGSV,06,,40
2026-06-02T21:11:32.325167,$GAGSV,09,,40
2026-06-02T21:11:32.325167,$GAGSV,16,,47
2026-06-02T21:11:32.325837,$GAGSV,31,,32
2026-06-02T21:11:32.325837,$GAGSV,34,,21
2026-06-02T21:11:32.327307,$GBGSV,06,,47
2026-06-02T21:11:32.327307,$GBGSV,07,,44
2026-06-02T21:11:32.327307,$GBGSV,09,,46
2026-06-02T21:11:32.327307,$GBGSV,10,,44
2026-06-02T21:11:32.328183,$GBGSV,23,,31
2026-06-02T21:11:32.328183,$GBGSV,24,,43
2026-06-02T21:11:32.328183,$GBGSV,25,,49
2026-06-02T21:11:32.328183,$GBGSV,33,,49
2026-06-02T21:11:32.328828,$GBGSV,09,,49
2026-06-02T21:11:32.328828,$GBGSV,10,,48
2026-06-02T21:11:33.311850,$GPGSV,10,,46
2026-06-02T21:11:33.311850,$GPGSV,25,,36
2026-06-02T21:11:33.311850,$GPGSV,26,,29
2026-06-02T21:11:33.311850,$GPGSV,28,,41
2026-06-02T21:11:33.312728,$GPGSV,31,,44
2026-06-02T21:11:33.312728,$GPGSV,32,,47
2026-06-02T21:11:33.312728,$GPGSV,41,,47
2026-06-02T21:11:33.312728,$GPGSV,42,,46
2026-06-02T21:11:33.313387,$GPGSV,50,,40
2026-06-02T21:11:33.314023,$GPGSV,01,,36
2026-06-02T21:11:33.315202,$GPGSV,10,,40
2026-06-02T21:11:33.315202,$GPGSV,23,,17
2026-06-02T21:11:33.315202,$GPGSV,25,,34
2026-06-02T21:11:33.315202,$GPGSV,26,,26
2026-06-02T21:11:33.315983,$GPGSV,28,,44
2026-06-02T21:11:33.315983,$GPGSV,31,,43
2026-06-02T21:11:33.315983,$GPGSV,32,,45
2026-06-02T21:11:33.318093,$GLGSV,66,,27
2026-06-02T21:11:33.318093,$GLGSV,67,,47
2026-06-02T21:11:33.318093,$GLGSV,68,,40
2026-06-02T21:11:33.318093,$GLGSV,77,,41
2026-06-02T21:11:33.318763,$GLGSV,78,,48
2026-06-02T21:11:33.318763,$GLGSV,79,,17
2026-06-02T21:11:33.319643,$GLGSV,66,,24
2026-06-02T21:11:33.319643,$GLGSV,67,,47
2026-06-02T21:11:33.319643,$GLGSV,68,,41
2026-06-02T21:11:33.319643,$GLGSV,78,,48
2026-06-02T21:11:33.320224,$GLGSV,79,,18
2026-06-02T21:11:33.321698,$GAGSV,05,,39
2026-06-02T21:11:33.321698,$GAGSV,06,,41
2026-06-02T21:11:33.321698,$GAGSV,09,,47
2026-06-02T21:11:33.321698,$GAGSV,16,,49
2026-06-02T21:11:33.322636,$GAGSV,25,,21
2026-06-02T21:11:33.322636,$GAGSV,31,,38
2026-06-02T21:11:33.322636,$GAGSV,34,,33
2026-06-02T21:11:33.322636,$GAGSV,36,,25
2026-06-02T21:11:33.323530,$GAGSV,05,,36
2026-06-02T21:11:33.323530,$GAGSV,06,,41
2026-06-02T21:11:33.323530,$GAGSV,09,,42
2026-06-02T21:11:33.323530,$GAGSV,16,,45
2026-06-02T21:11:33.324193,$GAGSV,31,,32
2026-06-02T21:11:33.324193,$GAGSV,34,,22
2026-06-02T21:11:33.325557,$GBGSV,06,,48
2026-06-02T21:11:33.325557,$GBGSV,07,,46
2026-06-02T21:11:33.325557,$GBGSV,09,,47
2026-06-02T21:11:33.325557,$GBGSV,10,,44
2026-06-02T21:11:33.326356,$GBGSV,23,,30
2026-06-02T21:11:33.326356,$GBGSV,24,,40
2026-06-02T21:11:33.326356,$GBGSV,25,,51
2026-06-02T21:11:33.326356,$GBGSV,33,,49
2026-06-02T21:11:33.326988,$GBGSV,09,,48
2026-06-02T21:11:33.326988,$GBGSV,10,,51
2026-06-02T21:11:34.316791,$GPGSV,10,,45
2026-06-02T21:11:34.316791,$GPGSV,25,,36
2026-06-02T21:11:34.316791,$GPGSV,26,,27
2026-06-02T21:11:34.316791,$GPGSV,28,,41
2026-06-02T21:11:34.317667,$GPGSV,31,,45
2026-06-02T21:11:34.317667,$GPGSV,32,,46
2026-06-02T21:11:34.317667,$GPGSV,41,,46
2026-06-02T21:11:34.317667,$GPGSV,42,,46
2026-06-02T21:11:34.318323,$GPGSV,50,,42
2026-06-02T21:11:34.318898,$GPGSV,01,,34
2026-06-02T21:11:34.319897,$GPGSV,10,,40
2026-06-02T21:11:34.319897,$GPGSV,23,,16
2026-06-02T21:11:34.319897,$GPGSV,25,,34
2026-06-02T21:11:34.319897,$GPGSV,26,,24
2026-06-02T21:11:34.320673,$GPGSV,28,,45
2026-06-02T21:11:34.320673,$GPGSV,31,,42
2026-06-02T21:11:34.320673,$GPGSV,32,,44
2026-06-02T21:11:34.322769,$GLGSV,66,,27
2026-06-02T21:11:34.322769,$GLGSV,67,,46
2026-06-02T21:11:34.322769,$GLGSV,68,,37
2026-06-02T21:11:34.322769,$GLGSV,77,,39
2026-06-02T21:11:34.323440,$GLGSV,78,,49
2026-06-02T21:11:34.323440,$GLGSV,79,,16
2026-06-02T21:11:34.324311,$GLGSV,66,,24
2026-06-02T21:11:34.324311,$GLGSV,67,,47
2026-06-02T21:11:34.324311,$GLGSV,68,,38
2026-06-02T21:11:34.324311,$GLGSV,78,,49
2026-06-02T21:11:34.324967,$GLGSV,79,,20
2026-06-02T21:11:34.327017,$GAGSV,05,,45
2026-06-02T21:11:34.327017,$GAGSV,06,,42
2026-06-02T21:11:34.327017,$GAGSV,09,,46
2026-06-02T21:11:34.327017,$GAGSV,16,,50
2026-06-02T21:11:34.327915,$GAGSV,25,,19
2026-06-02T21:11:34.327915,$GAGSV,31,,36
2026-06-02T21:11:34.327915,$GAGSV,34,,36
2026-06-02T21:11:34.327915,$GAGSV,36,,25
2026-06-02T21:11:34.328713,$GAGSV,05,,35
2026-06-02T21:11:34.328713,$GAGSV,06,,40
2026-06-02T21:11:34.328713,$GAGSV,09,,44
2026-06-02T21:11:34.328713,$GAGSV,16,,45
2026-06-02T21:11:34.329421,$GAGSV,31,,27
2026-06-02T21:11:34.329421,$GAGSV,34,,26
2026-06-02T21:11:34.329421,$GAGSV,36,,19
2026-06-02T21:11:34.330861,$GBGSV,06,,49
2026-06-02T21:11:34.330861,$GBGSV,07,,45
2026-06-02T21:11:34.330861,$GBGSV,09,,47
2026-06-02T21:11:34.330861,$GBGSV,10,,45
2026-06-02T21:11:34.331635,$GBGSV,23,,23
2026-06-02T21:11:34.331635,$GBGSV,24,,40
2026-06-02T21:11:34.331635,$GBGSV,25,,48
2026-06-02T21:11:34.331635,$GBGSV,33,,50
2026-06-02T21:11:34.332234,$GBGSV,09,,49
2026-06-02T21:11:34.332234,$GBGSV,10,,47
2026-06-02T21:11:35.319257,$GPGSV,10,,46
2026-06-02T21:11:35.319257,$GPGSV,25,,36
2026-06-02T21:11:35.319257,$GPGSV,28,,44
2026-06-02T21:11:35.319257,$GPGSV,31,,43
2026-06-02T21:11:35.320182,$GPGSV,32,,46
2026-06-02T21:11:35.320182,$GPGSV,41,,47
2026-06-02T21:11:35.320182,$GPGSV,42,,46
2026-06-02T21:11:35.320182,$GPGSV,50,,40
2026-06-02T21:11:35.320864,$GPGSV,01,,38
2026-06-02T21:11:35.322103,$GPGSV,10,,43
2026-06-02T21:11:35.322103,$GPGSV,23,,15
2026-06-02T21:11:35.322103,$GPGSV,25,,36
2026-06-02T21:11:35.322103,$GPGSV,26,,25
2026-06-02T21:11:35.323165,$GPGSV,28,,43
2026-06-02T21:11:35.323165,$GPGSV,31,,43
2026-06-02T21:11:35.323165,$GPGSV,32,,45
2026-06-02T21:11:35.325599,$GLGSV,66,,15
2026-06-02T21:11:35.325599,$GLGSV,67,,45
2026-06-02T21:11:35.325599,$GLGSV,68,,40
2026-06-02T21:11:35.325599,$GLGSV,77,,41
2026-06-02T21:11:35.326269,$GLGSV,78,,48
2026-06-02T21:11:35.326269,$GLGSV,79,,16
2026-06-02T21:11:35.327150,$GLGSV,66,,23
2026-06-02T21:11:35.327150,$GLGSV,67,,47
2026-06-02T21:11:35.327150,$GLGSV,68,,40
2026-06-02T21:11:35.327150,$GLGSV,78,,50
2026-06-02T21:11:35.327741,$GLGSV,79,,20
2026-06-02T21:11:35.329220,$GAGSV,05,,44
2026-06-02T21:11:35.329220,$GAGSV,06,,43
2026-06-02T21:11:35.329220,$GAGSV,09,,47
2026-06-02T21:11:35.329220,$GAGSV,16,,51
2026-06-02T21:11:35.330095,$GAGSV,25,,19
2026-06-02T21:11:35.330095,$GAGSV,31,,34
2026-06-02T21:11:35.330095,$GAGSV,34,,35
2026-06-02T21:11:35.330095,$GAGSV,36,,25
2026-06-02T21:11:35.331050,$GAGSV,05,,38
2026-06-02T21:11:35.331050,$GAGSV,06,,40
2026-06-02T21:11:35.331050,$GAGSV,09,,42
2026-06-02T21:11:35.331050,$GAGSV,16,,47
2026-06-02T21:11:35.331863,$GAGSV,31,,28
2026-06-02T21:11:35.331863,$GAGSV,34,,24
2026-06-02T21:11:35.331863,$GAGSV,36,,17
2026-06-02T21:11:35.333348,$GBGSV,06,,47
2026-06-02T21:11:35.333348,$GBGSV,07,,45
2026-06-02T21:11:35.333348,$GBGSV,09,,48
2026-06-02T21:11:35.333348,$GBGSV,10,,45
2026-06-02T21:11:35.334215,$GBGSV,23,,32
2026-06-02T21:11:35.334215,$GBGSV,24,,41
2026-06-02T21:11:35.334215,$GBGSV,25,,52
2026-06-02T21:11:35.334215,$GBGSV,33,,49
2026-06-02T21:11:35.334888,$GBGSV,09,,49
2026-06-02T21:11:35.334888,$GBGSV,10,,46
2026-06-02T21:11:36.314428,$GPGSV,10,,44
2026-06-02T21:11:36.314428,$GPGSV,25,,36
2026-06-02T21:11:36.314428,$GPGSV,26,,28
2026-06-02T21:11:36.314428,$GPGSV,28,,44
2026-06-02T21:11:36.316731,$GPGSV,31,,42
2026-06-02T21:11:36.316731,$GPGSV,32,,46
2026-06-02T21:11:36.316731,$GPGSV,41,,46
2026-06-02T21:11:36.316731,$GPGSV,42,,46
2026-06-02T21:11:36.318012,$GPGSV,50,,43
2026-06-02T21:11:36.319331,$GPGSV,01,,33
2026-06-02T21:11:36.322121,$GPGSV,10,,43
2026-06-02T21:11:36.322121,$GPGSV,23,,15
2026-06-02T21:11:36.322121,$GPGSV,25,,39
2026-06-02T21:11:36.322121,$GPGSV,26,,22
2026-06-02T21:11:36.324637,$GPGSV,28,,43
2026-06-02T21:11:36.324637,$GPGSV,31,,39
2026-06-02T21:11:36.324637,$GPGSV,32,,43
2026-06-02T21:11:36.331145,$GLGSV,66,,20
2026-06-02T21:11:36.331145,$GLGSV,67,,44
2026-06-02T21:11:36.331145,$GLGSV,68,,30
2026-06-02T21:11:36.331145,$GLGSV,77,,40
2026-06-02T21:11:36.332880,$GLGSV,78,,48
2026-06-02T21:11:36.332880,$GLGSV,79,,18
2026-06-02T21:11:36.334663,$GLGSV,66,,23
2026-06-02T21:11:36.334663,$GLGSV,67,,49
2026-06-02T21:11:36.334663,$GLGSV,68,,40
2026-06-02T21:11:36.334663,$GLGSV,78,,49
2026-06-02T21:11:36.335902,$GLGSV,79,,20
2026-06-02T21:11:36.338450,$GAGSV,05,,46
2026-06-02T21:11:36.338450,$GAGSV,06,,44
2026-06-02T21:11:36.338450,$GAGSV,09,,47
2026-06-02T21:11:36.338450,$GAGSV,16,,49
2026-06-02T21:11:36.339783,$GAGSV,25,,19
2026-06-02T21:11:36.339783,$GAGSV,31,,38
2026-06-02T21:11:36.339783,$GAGSV,34,,35
2026-06-02T21:11:36.339783,$GAGSV,36,,25
2026-06-02T21:11:36.341205,$GAGSV,05,,41
2026-06-02T21:11:36.341205,$GAGSV,06,,40
2026-06-02T21:11:36.341205,$GAGSV,09,,41
2026-06-02T21:11:36.341205,$GAGSV,16,,45
2026-06-02T21:11:36.342314,$GAGSV,31,,29
2026-06-02T21:11:36.342314,$GAGSV,34,,25
2026-06-02T21:11:36.342314,$GAGSV,36,,16
2026-06-02T21:11:36.344177,$GBGSV,06,,47
2026-06-02T21:11:36.344177,$GBGSV,07,,46
2026-06-02T21:11:36.344177,$GBGSV,09,,47
2026-06-02T21:11:36.344177,$GBGSV,10,,46
2026-06-02T21:11:36.345214,$GBGSV,23,,28
2026-06-02T21:11:36.345214,$GBGSV,24,,42
2026-06-02T21:11:36.345214,$GBGSV,25,,47
2026-06-02T21:11:36.345214,$GBGSV,33,,49
2026-06-02T21:11:36.346016,$GBGSV,09,,49
2026-06-02T21:11:36.346016,$GBGSV,10,,48
2026-06-02T21:11:37.316013,$GPGSV,10,,45
2026-06-02T21:11:37.316013,$GPGSV,25,,35
2026-06-02T21:11:37.316013,$GPGSV,26,,27
2026-06-02T21:11:37.316013,$GPGSV,28,,43
2026-06-02T21:11:37.317222,$GPGSV,29,,19
2026-06-02T21:11:37.317222,$GPGSV,31,,42
2026-06-02T21:11:37.317222,$GPGSV,32,,44
2026-06-02T21:11:37.317222,$GPGSV,41,,46
2026-06-02T21:11:37.318066,$GPGSV,42,,47
2026-06-02T21:11:37.318066,$GPGSV,50,,42
2026-06-02T21:11:37.318641,$GPGSV,01,,33
2026-06-02T21:11:37.319507,$GPGSV,10,,42
2026-06-02T21:11:37.319507,$GPGSV,23,,14
2026-06-02T21:11:37.319507,$GPGSV,25,,31
2026-06-02T21:11:37.319507,$GPGSV,26,,21
2026-06-02T21:11:37.320303,$GPGSV,28,,47
2026-06-02T21:11:37.320303,$GPGSV,31,,41
2026-06-02T21:11:37.320303,$GPGSV,32,,44
2026-06-02T21:11:37.322340,$GLGSV,66,,24
2026-06-02T21:11:37.322340,$GLGSV,67,,47
2026-06-02T21:11:37.322340,$GLGSV,68,,32
2026-06-02T21:11:37.322340,$GLGSV,77,,42
2026-06-02T21:11:37.322985,$GLGSV,78,,48
2026-06-02T21:11:37.322985,$GLGSV,79,,18
2026-06-02T21:11:37.323920,$GLGSV,66,,23
2026-06-02T21:11:37.323920,$GLGSV,67,,47
2026-06-02T21:11:37.323920,$GLGSV,68,,39
2026-06-02T21:11:37.323920,$GLGSV,78,,49
2026-06-02T21:11:37.324475,$GLGSV,79,,20
2026-06-02T21:11:37.325895,$GAGSV,05,,44
2026-06-02T21:11:37.325895,$GAGSV,06,,45
2026-06-02T21:11:37.325895,$GAGSV,09,,47
2026-06-02T21:11:37.325895,$GAGSV,16,,50
2026-06-02T21:11:37.326738,$GAGSV,25,,20
2026-06-02T21:11:37.326738,$GAGSV,31,,38
2026-06-02T21:11:37.326738,$GAGSV,34,,31
2026-06-02T21:11:37.326738,$GAGSV,36,,27
2026-06-02T21:11:37.327560,$GAGSV,05,,36
2026-06-02T21:11:37.327560,$GAGSV,06,,40
2026-06-02T21:11:37.327560,$GAGSV,09,,43
2026-06-02T21:11:37.327560,$GAGSV,16,,46
2026-06-02T21:11:37.328283,$GAGSV,31,,29
2026-06-02T21:11:37.328283,$GAGSV,34,,23
2026-06-02T21:11:37.328283,$GAGSV,36,,16
2026-06-02T21:11:37.329637,$GBGSV,06,,48
2026-06-02T21:11:37.329637,$GBGSV,07,,45
2026-06-02T21:11:37.329637,$GBGSV,09,,46
2026-06-02T21:11:37.329637,$GBGSV,10,,44
2026-06-02T21:11:37.330408,$GBGSV,23,,29
2026-06-02T21:11:37.330408,$GBGSV,24,,41
2026-06-02T21:11:37.330408,$GBGSV,25,,51
2026-06-02T21:11:37.330408,$GBGSV,33,,49
2026-06-02T21:11:37.330984,$GBGSV,09,,49
2026-06-02T21:11:37.330984,$GBGSV,10,,46
2026-06-02T21:11:38.313239,$GPGSV,10,,44
2026-06-02T21:11:38.313239,$GPGSV,25,,28
2026-06-02T21:11:38.313239,$GPGSV,28,,43
2026-06-02T21:11:38.313239,$GPGSV,29,,16
2026-06-02T21:11:38.314155,$GPGSV,31,,45
2026-06-02T21:11:38.314155,$GPGSV,32,,44
2026-06-02T21:11:38.314155,$GPGSV,41,,48
2026-06-02T21:11:38.314155,$GPGSV,42,,47
2026-06-02T21:11:38.314759,$GPGSV,50,,43
2026-06-02T21:11:38.315357,$GPGSV,01,,37
2026-06-02T21:11:38.316276,$GPGSV,10,,40
2026-06-02T21:11:38.316276,$GPGSV,23,,14
2026-06-02T21:11:38.316276,$GPGSV,25,,37
2026-06-02T21:11:38.316276,$GPGSV,26,,22
2026-06-02T21:11:38.317048,$GPGSV,28,,45
2026-06-02T21:11:38.317048,$GPGSV,31,,45
2026-06-02T21:11:38.317048,$GPGSV,32,,44
2026-06-02T21:11:38.319074,$GLGSV,66,,24
2026-06-02T21:11:38.319074,$GLGSV,67,,47
2026-06-02T21:11:38.319074,$GLGSV,68,,35
2026-06-02T21:11:38.319074,$GLGSV,77,,41
2026-06-02T21:11:38.319760,$GLGSV,78,,48
2026-06-02T21:11:38.319760,$GLGSV,79,,17
2026-06-02T21:11:38.320625,$GLGSV,66,,22
2026-06-02T21:11:38.320625,$GLGSV,67,,46
2026-06-02T21:11:38.320625,$GLGSV,68,,38
2026-06-02T21:11:38.320625,$GLGSV,78,,48
2026-06-02T21:11:38.321207,$GLGSV,79,,20
2026-06-02T21:11:38.322684,$GAGSV,05,,44
2026-06-02T21:11:38.322684,$GAGSV,06,,45
2026-06-02T21:11:38.322684,$GAGSV,09,,48
2026-06-02T21:11:38.322684,$GAGSV,16,,51
2026-06-02T21:11:38.323561,$GAGSV,25,,19
2026-06-02T21:11:38.323561,$GAGSV,31,,38
2026-06-02T21:11:38.323561,$GAGSV,34,,30
2026-06-02T21:11:38.323561,$GAGSV,36,,27
2026-06-02T21:11:38.324596,$GAGSV,05,,40
2026-06-02T21:11:38.324596,$GAGSV,06,,38
2026-06-02T21:11:38.324596,$GAGSV,09,,43
2026-06-02T21:11:38.324596,$GAGSV,16,,46
2026-06-02T21:11:38.325361,$GAGSV,31,,29
2026-06-02T21:11:38.325361,$GAGSV,34,,26
2026-06-02T21:11:38.325361,$GAGSV,36,,16
2026-06-02T21:11:38.326839,$GBGSV,06,,47
2026-06-02T21:11:38.326839,$GBGSV,07,,47
2026-06-02T21:11:38.326839,$GBGSV,09,,47
2026-06-02T21:11:38.326839,$GBGSV,10,,46
2026-06-02T21:11:38.327723,$GBGSV,23,,33
2026-06-02T21:11:38.327723,$GBGSV,24,,42
2026-06-02T21:11:38.327723,$GBGSV,25,,48
2026-06-02T21:11:38.327723,$GBGSV,33,,49
2026-06-02T21:11:38.328406,$GBGSV,09,,49
2026-06-02T21:11:38.328406,$GBGSV,10,,49
2026-06-02T21:11:39.315355,$GPGSV,10,,41
2026-06-02T21:11:39.315355,$GPGSV,25,,30
2026-06-02T21:11:39.315355,$GPGSV,28,,42
2026-06-02T21:11:39.315355,$GPGSV,29,,15
2026-06-02T21:11:39.316295,$GPGSV,31,,47
2026-06-02T21:11:39.316295,$GPGSV,32,,44
2026-06-02T21:11:39.316295,$GPGSV,41,,49
2026-06-02T21:11:39.316295,$GPGSV,42,,48
2026-06-02T21:11:39.316992,$GPGSV,50,,42
2026-06-02T21:11:39.317661,$GPGSV,01,,31
2026-06-02T21:11:39.318897,$GPGSV,10,,40
2026-06-02T21:11:39.318897,$GPGSV,23,,14
2026-06-02T21:11:39.318897,$GPGSV,25,,31
2026-06-02T21:11:39.318897,$GPGSV,26,,23
2026-06-02T21:11:39.319721,$GPGSV,28,,44
2026-06-02T21:11:39.319721,$GPGSV,31,,46
2026-06-02T21:11:39.319721,$GPGSV,32,,43
2026-06-02T21:11:39.321772,$GLGSV,66,,24
2026-06-02T21:11:39.321772,$GLGSV,67,,47
2026-06-02T21:11:39.321772,$GLGSV,68,,34
2026-06-02T21:11:39.321772,$GLGSV,77,,41
2026-06-02T21:11:39.322439,$GLGSV,78,,49
2026-06-02T21:11:39.322439,$GLGSV,79,,19
2026-06-02T21:11:39.323308,$GLGSV,66,,22
2026-06-02T21:11:39.323308,$GLGSV,67,,44
2026-06-02T21:11:39.323308,$GLGSV,68,,38
2026-06-02T21:11:39.323308,$GLGSV,78,,48
2026-06-02T21:11:39.323901,$GLGSV,79,,21
2026-06-02T21:11:39.325391,$GAGSV,05,,45
2026-06-02T21:11:39.325391,$GAGSV,06,,44
2026-06-02T21:11:39.325391,$GAGSV,09,,47
2026-06-02T21:11:39.325391,$GAGSV,16,,49
2026-06-02T21:11:39.326343,$GAGSV,25,,23
2026-06-02T21:11:39.326343,$GAGSV,31,,38
2026-06-02T21:11:39.326343,$GAGSV,34,,34
2026-06-02T21:11:39.326343,$GAGSV,36,,25
2026-06-02T21:11:39.327207,$GAGSV,05,,41
2026-06-02T21:11:39.327207,$GAGSV,06,,37
2026-06-02T21:11:39.327207,$GAGSV,09,,42
2026-06-02T21:11:39.327207,$GAGSV,16,,48
2026-06-02T21:11:39.327990,$GAGSV,31,,34
2026-06-02T21:11:39.327990,$GAGSV,34,,31
2026-06-02T21:11:39.327990,$GAGSV,36,,15
2026-06-02T21:11:39.329465,$GBGSV,06,,47
2026-06-02T21:11:39.329465,$GBGSV,07,,46
2026-06-02T21:11:39.329465,$GBGSV,09,,47
2026-06-02T21:11:39.329465,$GBGSV,10,,43
2026-06-02T21:11:39.330321,$GBGSV,23,,32
2026-06-02T21:11:39.330321,$GBGSV,24,,43
2026-06-02T21:11:39.330321,$GBGSV,25,,49
2026-06-02T21:11:39.330321,$GBGSV,33,,49
2026-06-02T21:11:39.330992,$GBGSV,09,,50
2026-06-02T21:11:39.330992,$GBGSV,10,,48
2026-06-02T21:11:40.314863,$GPGSV,10,,42
2026-06-02T21:11:40.314863,$GPGSV,25,,34
2026-06-02T21:11:40.314863,$GPGSV,28,,44
2026-06-02T21:11:40.314863,$GPGSV,29,,11
2026-06-02T21:11:40.315748,$GPGSV,31,,45
2026-06-02T21:11:40.315748,$GPGSV,32,,45
2026-06-02T21:11:40.315748,$GPGSV,41,,49
2026-06-02T21:11:40.315748,$GPGSV,42,,46
2026-06-02T21:11:40.316399,$GPGSV,50,,43
2026-06-02T21:11:40.317039,$GPGSV,01,,31
2026-06-02T21:11:40.318219,$GPGSV,10,,37
2026-06-02T21:11:40.318219,$GPGSV,23,,12
2026-06-02T21:11:40.318219,$GPGSV,25,,30
2026-06-02T21:11:40.318219,$GPGSV,26,,23
2026-06-02T21:11:40.318985,$GPGSV,28,,45
2026-06-02T21:11:40.318985,$GPGSV,31,,47
2026-06-02T21:11:40.318985,$GPGSV,32,,45
2026-06-02T21:11:40.321033,$GLGSV,66,,25
2026-06-02T21:11:40.321033,$GLGSV,67,,47
2026-06-02T21:11:40.321033,$GLGSV,68,,26
2026-06-02T21:11:40.321033,$GLGSV,77,,39
2026-06-02T21:11:40.321704,$GLGSV,78,,49
2026-06-02T21:11:40.321704,$GLGSV,79,,21
2026-06-02T21:11:40.322566,$GLGSV,66,,23
2026-06-02T21:11:40.322566,$GLGSV,67,,47
2026-06-02T21:11:40.322566,$GLGSV,68,,35
2026-06-02T21:11:40.322566,$GLGSV,78,,48
2026-06-02T21:11:40.323146,$GLGSV,79,,21
2026-06-02T21:11:40.324652,$GAGSV,05,,47
2026-06-02T21:11:40.324652,$GAGSV,06,,45
2026-06-02T21:11:40.324652,$GAGSV,09,,48
2026-06-02T21:11:40.324652,$GAGSV,16,,51
2026-06-02T21:11:40.325486,$GAGSV,25,,23
2026-06-02T21:11:40.325486,$GAGSV,31,,39
2026-06-02T21:11:40.325486,$GAGSV,34,,33
2026-06-02T21:11:40.325486,$GAGSV,36,,23
2026-06-02T21:11:40.326381,$GAGSV,05,,42
2026-06-02T21:11:40.326381,$GAGSV,06,,38
2026-06-02T21:11:40.326381,$GAGSV,09,,41
2026-06-02T21:11:40.326381,$GAGSV,16,,46
2026-06-02T21:11:40.327114,$GAGSV,31,,33
2026-06-02T21:11:40.327114,$GAGSV,34,,25
2026-06-02T21:11:40.327114,$GAGSV,36,,16
2026-06-02T21:11:40.328536,$GBGSV,06,,49
2026-06-02T21:11:40.328536,$GBGSV,07,,45
2026-06-02T21:11:40.328536,$GBGSV,09,,47
2026-06-02T21:11:40.328536,$GBGSV,10,,47
2026-06-02T21:11:40.329338,$GBGSV,23,,26
2026-06-02T21:11:40.329338,$GBGSV,24,,39
2026-06-02T21:11:40.329338,$GBGSV,25,,50
2026-06-02T21:11:40.329338,$GBGSV,33,,48
2026-06-02T21:11:40.329944,$GBGSV,09,,49
2026-06-02T21:11:40.329944,$GBGSV,10,,48
2026-06-02T21:11:41.314951,$GPGSV,10,,41
2026-06-02T21:11:41.314951,$GPGSV,25,,30
2026-06-02T21:11:41.314951,$GPGSV,28,,44
2026-06-02T21:11:41.314951,$GPGSV,29,,08
2026-06-02T21:11:41.315898,$GPGSV,31,,49
2026-06-02T21:11:41.315898,$GPGSV,32,,44
2026-06-02T21:11:41.315898,$GPGSV,41,,48
2026-06-02T21:11:41.315898,$GPGSV,42,,46
2026-06-02T21:11:41.316506,$GPGSV,50,,42
2026-06-02T21:11:41.317103,$GPGSV,01,,31
2026-06-02T21:11:41.318003,$GPGSV,10,,40
2026-06-02T21:11:41.318003,$GPGSV,23,,13
2026-06-02T21:11:41.318003,$GPGSV,25,,29
2026-06-02T21:11:41.318003,$GPGSV,26,,20
2026-06-02T21:11:41.318807,$GPGSV,28,,47
2026-06-02T21:11:41.318807,$GPGSV,31,,42
2026-06-02T21:11:41.318807,$GPGSV,32,,44
2026-06-02T21:11:41.320936,$GLGSV,66,,25
2026-06-02T21:11:41.320936,$GLGSV,67,,47
2026-06-02T21:11:41.320936,$GLGSV,68,,35
2026-06-02T21:11:41.320936,$GLGSV,77,,41
2026-06-02T21:11:41.321643,$GLGSV,78,,49
2026-06-02T21:11:41.321643,$GLGSV,79,,21
2026-06-02T21:11:41.322544,$GLGSV,66,,25
2026-06-02T21:11:41.322544,$GLGSV,67,,48
2026-06-02T21:11:41.322544,$GLGSV,68,,25
2026-06-02T21:11:41.322544,$GLGSV,78,,48
2026-06-02T21:11:41.323142,$GLGSV,79,,21
2026-06-02T21:11:41.324656,$GAGSV,05,,46
2026-06-02T21:11:41.324656,$GAGSV,06,,45
2026-06-02T21:11:41.324656,$GAGSV,09,,48
2026-06-02T21:11:41.324656,$GAGSV,16,,51
2026-06-02T21:11:41.325622,$GAGSV,25,,22
2026-06-02T21:11:41.325622,$GAGSV,31,,38
2026-06-02T21:11:41.325622,$GAGSV,34,,33
2026-06-02T21:11:41.325622,$GAGSV,36,,20
2026-06-02T21:11:41.326531,$GAGSV,05,,39
2026-06-02T21:11:41.326531,$GAGSV,06,,38
2026-06-02T21:11:41.326531,$GAGSV,09,,41
2026-06-02T21:11:41.326531,$GAGSV,16,,47
2026-06-02T21:11:41.327296,$GAGSV,31,,35
2026-06-02T21:11:41.327296,$GAGSV,34,,24
2026-06-02T21:11:41.327296,$GAGSV,36,,15
2026-06-02T21:11:41.328796,$GBGSV,06,,47
2026-06-02T21:11:41.328796,$GBGSV,07,,46
2026-06-02T21:11:41.328796,$GBGSV,09,,48
2026-06-02T21:11:41.328796,$GBGSV,10,,42
2026-06-02T21:11:41.329660,$GBGSV,23,,26
2026-06-02T21:11:41.329660,$GBGSV,24,,42
2026-06-02T21:11:41.329660,$GBGSV,25,,50
2026-06-02T21:11:41.329660,$GBGSV,33,,48
2026-06-02T21:11:41.330327,$GBGSV,09,,49
2026-06-02T21:11:41.330327,$GBGSV,10,,48
2026-06-02T21:11:42.314860,$GPGSV,10,,42
2026-06-02T21:11:42.314860,$GPGSV,25,,22
2026-06-02T21:11:42.314860,$GPGSV,28,,43
2026-06-02T21:11:42.314860,$GPGSV,29,,08
2026-06-02T21:11:42.315751,$GPGSV,31,,43
2026-06-02T21:11:42.315751,$GPGSV,32,,47
2026-06-02T21:11:42.315751,$GPGSV,41,,48
2026-06-02T21:11:42.315751,$GPGSV,42,,47
2026-06-02T21:11:42.316333,$GPGSV,50,,42
2026-06-02T21:11:42.316904,$GPGSV,01,,30
2026-06-02T21:11:42.317769,$GPGSV,10,,42
2026-06-02T21:11:42.317769,$GPGSV,23,,14
2026-06-02T21:11:42.317769,$GPGSV,25,,28
2026-06-02T21:11:42.317769,$GPGSV,26,,29
2026-06-02T21:11:42.318535,$GPGSV,28,,45
2026-06-02T21:11:42.318535,$GPGSV,31,,43
2026-06-02T21:11:42.318535,$GPGSV,32,,44
2026-06-02T21:11:42.320587,$GLGSV,66,,25
2026-06-02T21:11:42.320587,$GLGSV,67,,47
2026-06-02T21:11:42.320587,$GLGSV,68,,30
2026-06-02T21:11:42.320587,$GLGSV,77,,41
2026-06-02T21:11:42.321262,$GLGSV,78,,48
2026-06-02T21:11:42.321262,$GLGSV,79,,20
2026-06-02T21:11:42.322127,$GLGSV,66,,26
2026-06-02T21:11:42.322127,$GLGSV,67,,48
2026-06-02T21:11:42.322127,$GLGSV,68,,35
2026-06-02T21:11:42.322127,$GLGSV,78,,48
2026-06-02T21:11:42.322707,$GLGSV,79,,21
2026-06-02T21:11:42.324181,$GAGSV,05,,45
2026-06-02T21:11:42.324181,$GAGSV,06,,44
2026-06-02T21:11:42.324181,$GAGSV,09,,49
2026-06-02T21:11:42.324181,$GAGSV,16,,51
2026-06-02T21:11:42.325031,$GAGSV,25,,19
2026-06-02T21:11:42.325031,$GAGSV,31,,38
2026-06-02T21:11:42.325031,$GAGSV,34,,32
2026-06-02T21:11:42.325031,$GAGSV,36,,21
2026-06-02T21:11:42.325952,$GAGSV,05,,41
2026-06-02T21:11:42.325952,$GAGSV,06,,39
2026-06-02T21:11:42.325952,$GAGSV,09,,41
2026-06-02T21:11:42.325952,$GAGSV,16,,46
2026-06-02T21:11:42.326689,$GAGSV,31,,37
2026-06-02T21:11:42.326689,$GAGSV,34,,22
2026-06-02T21:11:42.326689,$GAGSV,36,,14
2026-06-02T21:11:42.328092,$GBGSV,06,,48
2026-06-02T21:11:42.328092,$GBGSV,07,,46
2026-06-02T21:11:42.328092,$GBGSV,09,,47
2026-06-02T21:11:42.328092,$GBGSV,10,,47
2026-06-02T21:11:42.328887,$GBGSV,23,,26
2026-06-02T21:11:42.328887,$GBGSV,24,,43
2026-06-02T21:11:42.328887,$GBGSV,25,,47
2026-06-02T21:11:42.328887,$GBGSV,33,,49
2026-06-02T21:11:42.329512,$GBGSV,09,,49
2026-06-02T21:11:42.329512,$GBGSV,10,,48
2026-06-02T21:11:43.315851,$GPGSV,10,,40
2026-06-02T21:11:43.315851,$GPGSV,25,,31
2026-06-02T21:11:43.315851,$GPGSV,28,,43
2026-06-02T21:11:43.315851,$GPGSV,29,,11
2026-06-02T21:11:43.316768,$GPGSV,31,,44
2026-06-02T21:11:43.316768,$GPGSV,32,,44
2026-06-02T21:11:43.316768,$GPGSV,41,,48
2026-06-02T21:11:43.316768,$GPGSV,42,,47
2026-06-02T21:11:43.317375,$GPGSV,50,,41
2026-06-02T21:11:43.317973,$GPGSV,01,,28
2026-06-02T21:11:43.318873,$GPGSV,10,,42
2026-06-02T21:11:43.318873,$GPGSV,23,,16
2026-06-02T21:11:43.318873,$GPGSV,25,,28
2026-06-02T21:11:43.318873,$GPGSV,26,,29
2026-06-02T21:11:43.319692,$GPGSV,28,,46
2026-06-02T21:11:43.319692,$GPGSV,31,,46
2026-06-02T21:11:43.319692,$GPGSV,32,,45
2026-06-02T21:11:43.321811,$GLGSV,66,,26
2026-06-02T21:11:43.321811,$GLGSV,67,,47
2026-06-02T21:11:43.321811,$GLGSV,68,,34
2026-06-02T21:11:43.321811,$GLGSV,77,,37
2026-06-02T21:11:43.322511,$GLGSV,78,,48
2026-06-02T21:11:43.322511,$GLGSV,79,,20
2026-06-02T21:11:43.323422,$GLGSV,66,,25
2026-06-02T21:11:43.323422,$GLGSV,67,,47
2026-06-02T21:11:43.323422,$GLGSV,68,,37
2026-06-02T21:11:43.323422,$GLGSV,78,,48
2026-06-02T21:11:43.324009,$GLGSV,79,,21
2026-06-02T21:11:43.325491,$GAGSV,05,,47
2026-06-02T21:11:43.325491,$GAGSV,06,,45
2026-06-02T21:11:43.325491,$GAGSV,09,,47
2026-06-02T21:11:43.325491,$GAGSV,16,,49
2026-06-02T21:11:43.326397,$GAGSV,25,,20
2026-06-02T21:11:43.326397,$GAGSV,31,,42
2026-06-02T21:11:43.326397,$GAGSV,34,,32
2026-06-02T21:11:43.326397,$GAGSV,36,,25
2026-06-02T21:11:43.327345,$GAGSV,05,,42
2026-06-02T21:11:43.327345,$GAGSV,06,,39
2026-06-02T21:11:43.327345,$GAGSV,09,,42
2026-06-02T21:11:43.327345,$GAGSV,16,,47
2026-06-02T21:11:43.328126,$GAGSV,31,,38
2026-06-02T21:11:43.328126,$GAGSV,34,,21
2026-06-02T21:11:43.328126,$GAGSV,36,,14
2026-06-02T21:11:43.329605,$GBGSV,06,,47
2026-06-02T21:11:43.329605,$GBGSV,07,,46
2026-06-02T21:11:43.329605,$GBGSV,09,,47
2026-06-02T21:11:43.329605,$GBGSV,10,,44
2026-06-02T21:11:43.330517,$GBGSV,23,,26
2026-06-02T21:11:43.330517,$GBGSV,24,,44
2026-06-02T21:11:43.330517,$GBGSV,25,,48
2026-06-02T21:11:43.330517,$GBGSV,33,,50
2026-06-02T21:11:43.331185,$GBGSV,09,,49
2026-06-02T21:11:43.331185,$GBGSV,10,,48
2026-06-02T21:11:44.320612,$GPGSV,10,,41
2026-06-02T21:11:44.320612,$GPGSV,25,,31
2026-06-02T21:11:44.320612,$GPGSV,28,,44
2026-06-02T21:11:44.320612,$GPGSV,29,,11
2026-06-02T21:11:44.321520,$GPGSV,31,,46
2026-06-02T21:11:44.321520,$GPGSV,32,,45
2026-06-02T21:11:44.321520,$GPGSV,41,,49
2026-06-02T21:11:44.321520,$GPGSV,42,,47
2026-06-02T21:11:44.322123,$GPGSV,50,,43
2026-06-02T21:11:44.322719,$GPGSV,01,,28
2026-06-02T21:11:44.323612,$GPGSV,10,,38
2026-06-02T21:11:44.323612,$GPGSV,23,,15
2026-06-02T21:11:44.323612,$GPGSV,25,,34
2026-06-02T21:11:44.323612,$GPGSV,26,,29
2026-06-02T21:11:44.324209,$GPGSV,28,,46
2026-06-02T21:11:44.324209,$GPGSV,31,,47
2026-06-02T21:11:44.324209,$GPGSV,32,,44
2026-06-02T21:11:44.325835,$GLGSV,66,,26
2026-06-02T21:11:44.325835,$GLGSV,67,,48
2026-06-02T21:11:44.325835,$GLGSV,68,,34
2026-06-02T21:11:44.325835,$GLGSV,77,,39
2026-06-02T21:11:44.326319,$GLGSV,78,,48
2026-06-02T21:11:44.326319,$GLGSV,79,,20
2026-06-02T21:11:44.326991,$GLGSV,66,,25
2026-06-02T21:11:44.326991,$GLGSV,67,,48
2026-06-02T21:11:44.326991,$GLGSV,68,,26
2026-06-02T21:11:44.326991,$GLGSV,78,,48
2026-06-02T21:11:44.327397,$GLGSV,79,,18
2026-06-02T21:11:44.328680,$GAGSV,05,,45
2026-06-02T21:11:44.328680,$GAGSV,06,,44
2026-06-02T21:11:44.328680,$GAGSV,09,,48
2026-06-02T21:11:44.328680,$GAGSV,16,,50
2026-06-02T21:11:44.329374,$GAGSV,25,,19
2026-06-02T21:11:44.329374,$GAGSV,31,,43
2026-06-02T21:11:44.329374,$GAGSV,34,,33
2026-06-02T21:11:44.329374,$GAGSV,36,,25
2026-06-02T21:11:44.330067,$GAGSV,05,,41
2026-06-02T21:11:44.330067,$GAGSV,06,,39
2026-06-02T21:11:44.330067,$GAGSV,09,,43
2026-06-02T21:11:44.330067,$GAGSV,16,,46
2026-06-02T21:11:44.330655,$GAGSV,31,,38
2026-06-02T21:11:44.330655,$GAGSV,34,,21
2026-06-02T21:11:44.330655,$GAGSV,36,,17
2026-06-02T21:11:44.331869,$GBGSV,06,,48
2026-06-02T21:11:44.331869,$GBGSV,07,,47
2026-06-02T21:11:44.331869,$GBGSV,09,,46
2026-06-02T21:11:44.331869,$GBGSV,10,,44
2026-06-02T21:11:44.332548,$GBGSV,23,,25
2026-06-02T21:11:44.332548,$GBGSV,24,,40
2026-06-02T21:11:44.332548,$GBGSV,25,,49
2026-06-02T21:11:44.332548,$GBGSV,33,,49
2026-06-02T21:11:44.333026,$GBGSV,09,,49
2026-06-02T21:11:44.333026,$GBGSV,10,,48
2026-06-02T21:11:45.315919,$GPGSV,10,,40
2026-06-02T21:11:45.315919,$GPGSV,25,,31
2026-06-02T21:11:45.315919,$GPGSV,28,,43
2026-06-02T21:11:45.315919,$GPGSV,29,,12
2026-06-02T21:11:45.318066,$GPGSV,31,,48
2026-06-02T21:11:45.318066,$GPGSV,32,,45
2026-06-02T21:11:45.318066,$GPGSV,41,,49
2026-06-02T21:11:45.318066,$GPGSV,42,,46
2026-06-02T21:11:45.319302,$GPGSV,50,,42
2026-06-02T21:11:45.320586,$GPGSV,01,,29
2026-06-02T21:11:45.321891,$GPGSV,10,,39
2026-06-02T21:11:45.321891,$GPGSV,23,,14
2026-06-02T21:11:45.321891,$GPGSV,25,,33
2026-06-02T21:11:45.321891,$GPGSV,26,,26
2026-06-02T21:11:45.322503,$GPGSV,28,,46
2026-06-02T21:11:45.322503,$GPGSV,31,,46
2026-06-02T21:11:45.322503,$GPGSV,32,,43
2026-06-02T21:11:45.324163,$GLGSV,66,,24
2026-06-02T21:11:45.324163,$GLGSV,67,,48
2026-06-02T21:11:45.324163,$GLGSV,68,,30
2026-06-02T21:11:45.324163,$GLGSV,77,,41
2026-06-02T21:11:45.324656,$GLGSV,78,,48
2026-06-02T21:11:45.324656,$GLGSV,79,,18
2026-06-02T21:11:45.325326,$GLGSV,66,,24
2026-06-02T21:11:45.325326,$GLGSV,67,,46
2026-06-02T21:11:45.325326,$GLGSV,68,,37
2026-06-02T21:11:45.325326,$GLGSV,78,,49
2026-06-02T21:11:45.325710,$GLGSV,79,,17
2026-06-02T21:11:45.326889,$GAGSV,05,,46
2026-06-02T21:11:45.326889,$GAGSV,06,,45
2026-06-02T21:11:45.326889,$GAGSV,09,,47
2026-06-02T21:11:45.326889,$GAGSV,16,,50
2026-06-02T21:11:45.327623,$GAGSV,25,,20
2026-06-02T21:11:45.327623,$GAGSV,31,,42
2026-06-02T21:11:45.327623,$GAGSV,34,,35
2026-06-02T21:11:45.327623,$GAGSV,36,,25
2026-06-02T21:11:45.328387,$GAGSV,05,,41
2026-06-02T21:11:45.328387,$GAGSV,06,,40
2026-06-02T21:11:45.328387,$GAGSV,09,,41
2026-06-02T21:11:45.328387,$GAGSV,16,,46
2026-06-02T21:11:45.328970,$GAGSV,31,,38
2026-06-02T21:11:45.328970,$GAGSV,34,,22
2026-06-02T21:11:45.328970,$GAGSV,36,,16
2026-06-02T21:11:45.330170,$GBGSV,06,,48
2026-06-02T21:11:45.330170,$GBGSV,07,,44
2026-06-02T21:11:45.330170,$GBGSV,09,,47
2026-06-02T21:11:45.330170,$GBGSV,10,,45
2026-06-02T21:11:45.330848,$GBGSV,23,,27
2026-06-02T21:11:45.330848,$GBGSV,24,,39
2026-06-02T21:11:45.330848,$GBGSV,25,,49
2026-06-02T21:11:45.330848,$GBGSV,33,,49
2026-06-02T21:11:45.331337,$GBGSV,09,,49
2026-06-02T21:11:45.331337,$GBGSV,10,,47
2026-06-02T21:11:46.311943,$GPGSV,10,,40
2026-06-02T21:11:46.311943,$GPGSV,25,,29
2026-06-02T21:11:46.311943,$GPGSV,28,,44
2026-06-02T21:11:46.311943,$GPGSV,29,,10
2026-06-02T21:11:46.312678,$GPGSV,31,,46
2026-06-02T21:11:46.312678,$GPGSV,32,,47
2026-06-02T21:11:46.312678,$GPGSV,41,,48
2026-06-02T21:11:46.312678,$GPGSV,42,,47
2026-06-02T21:11:46.313090,$GPGSV,50,,41
2026-06-02T21:11:46.313492,$GPGSV,01,,28
2026-06-02T21:11:46.314195,$GPGSV,10,,37
2026-06-02T21:11:46.314195,$GPGSV,23,,13
2026-06-02T21:11:46.314195,$GPGSV,25,,32
2026-06-02T21:11:46.314195,$GPGSV,26,,34
2026-06-02T21:11:46.314805,$GPGSV,28,,46
2026-06-02T21:11:46.314805,$GPGSV,31,,45
2026-06-02T21:11:46.314805,$GPGSV,32,,44
2026-06-02T21:11:46.316541,$GLGSV,66,,24
2026-06-02T21:11:46.316541,$GLGSV,67,,48
2026-06-02T21:11:46.316541,$GLGSV,68,,32
2026-06-02T21:11:46.316541,$GLGSV,77,,40
2026-06-02T21:11:46.317049,$GLGSV,78,,48
2026-06-02T21:11:46.317049,$GLGSV,79,,17
2026-06-02T21:11:46.317744,$GLGSV,66,,24
2026-06-02T21:11:46.317744,$GLGSV,67,,47
2026-06-02T21:11:46.317744,$GLGSV,68,,27
2026-06-02T21:11:46.317744,$GLGSV,78,,49
2026-06-02T21:11:46.318137,$GLGSV,79,,18
2026-06-02T21:11:46.319323,$GAGSV,05,,47
2026-06-02T21:11:46.319323,$GAGSV,06,,45
2026-06-02T21:11:46.319323,$GAGSV,09,,47
2026-06-02T21:11:46.319323,$GAGSV,16,,51
2026-06-02T21:11:46.320011,$GAGSV,25,,22
2026-06-02T21:11:46.320011,$GAGSV,31,,42
2026-06-02T21:11:46.320011,$GAGSV,34,,34
2026-06-02T21:11:46.320011,$GAGSV,36,,22
2026-06-02T21:11:46.320683,$GAGSV,05,,41
2026-06-02T21:11:46.320683,$GAGSV,06,,40
2026-06-02T21:11:46.320683,$GAGSV,09,,41
2026-06-02T21:11:46.320683,$GAGSV,16,,46
2026-06-02T21:11:46.321263,$GAGSV,31,,40
2026-06-02T21:11:46.321263,$GAGSV,34,,24
2026-06-02T21:11:46.321263,$GAGSV,36,,15
2026-06-02T21:11:46.322443,$GBGSV,06,,49
2026-06-02T21:11:46.322443,$GBGSV,07,,46
2026-06-02T21:11:46.322443,$GBGSV,09,,47
2026-06-02T21:11:46.322443,$GBGSV,10,,45
2026-06-02T21:11:46.323111,$GBGSV,23,,29
2026-06-02T21:11:46.323111,$GBGSV,24,,39
2026-06-02T21:11:46.323111,$GBGSV,25,,49
2026-06-02T21:11:46.323111,$GBGSV,33,,49
2026-06-02T21:11:46.323599,$GBGSV,09,,49
2026-06-02T21:11:46.323599,$GBGSV,10,,49
2026-06-02T21:11:47.316576,$GPGSV,10,,39
2026-06-02T21:11:47.316576,$GPGSV,25,,34
2026-06-02T21:11:47.316576,$GPGSV,28,,43
2026-06-02T21:11:47.316576,$GPGSV,29,,08
2026-06-02T21:11:47.317691,$GPGSV,31,,39
2026-06-02T21:11:47.317691,$GPGSV,32,,47
2026-06-02T21:11:47.317691,$GPGSV,41,,48
2026-06-02T21:11:47.317691,$GPGSV,42,,47
2026-06-02T21:11:47.318325,$GPGSV,50,,42
2026-06-02T21:11:47.318935,$GPGSV,01,,27
2026-06-02T21:11:47.320030,$GPGSV,10,,37
2026-06-02T21:11:47.320030,$GPGSV,23,,13
2026-06-02T21:11:47.320030,$GPGSV,25,,27
2026-06-02T21:11:47.320030,$GPGSV,26,,35
2026-06-02T21:11:47.320964,$GPGSV,28,,46
2026-06-02T21:11:47.320964,$GPGSV,31,,44
2026-06-02T21:11:47.320964,$GPGSV,32,,45
2026-06-02T21:11:47.323722,$GLGSV,66,,25
2026-06-02T21:11:47.323722,$GLGSV,67,,46
2026-06-02T21:11:47.323722,$GLGSV,68,,28
2026-06-02T21:11:47.323722,$GLGSV,77,,43
2026-06-02T21:11:47.324511,$GLGSV,78,,48
2026-06-02T21:11:47.324511,$GLGSV,79,,19
2026-06-02T21:11:47.325588,$GLGSV,66,,24
2026-06-02T21:11:47.325588,$GLGSV,67,,47
2026-06-02T21:11:47.325588,$GLGSV,68,,26
2026-06-02T21:11:47.325588,$GLGSV,78,,49
2026-06-02T21:11:47.326334,$GLGSV,79,,19
2026-06-02T21:11:47.329646,$GAGSV,05,,46
2026-06-02T21:11:47.329646,$GAGSV,06,,44
2026-06-02T21:11:47.329646,$GAGSV,09,,46
2026-06-02T21:11:47.329646,$GAGSV,16,,51
2026-06-02T21:11:47.330782,$GAGSV,25,,21
2026-06-02T21:11:47.330782,$GAGSV,31,,43
2026-06-02T21:11:47.330782,$GAGSV,34,,34
2026-06-02T21:11:47.330782,$GAGSV,36,,19
2026-06-02T21:11:47.331931,$GAGSV,05,,41
2026-06-02T21:11:47.331931,$GAGSV,06,,40
2026-06-02T21:11:47.331931,$GAGSV,09,,43
2026-06-02T21:11:47.331931,$GAGSV,16,,47
2026-06-02T21:11:47.332875,$GAGSV,31,,38
2026-06-02T21:11:47.332875,$GAGSV,34,,24
2026-06-02T21:11:47.332875,$GAGSV,36,,12
2026-06-02T21:11:47.334802,$GBGSV,06,,47
2026-06-02T21:11:47.334802,$GBGSV,07,,43
2026-06-02T21:11:47.334802,$GBGSV,09,,47
2026-06-02T21:11:47.334802,$GBGSV,10,,45
2026-06-02T21:11:47.335919,$GBGSV,23,,29
2026-06-02T21:11:47.335919,$GBGSV,24,,38
2026-06-02T21:11:47.335919,$GBGSV,25,,49
2026-06-02T21:11:47.335919,$GBGSV,33,,49
2026-06-02T21:11:47.336708,$GBGSV,09,,49
2026-06-02T21:11:47.336708,$GBGSV,10,,47
2026-06-02T21:11:48.316653,$GPGSV,02,,25
2026-06-02T21:11:48.316653,$GPGSV,10,,32
2026-06-02T21:11:48.316653,$GPGSV,25,,33
2026-06-02T21:11:48.316653,$GPGSV,28,,44
2026-06-02T21:11:48.319045,$GPGSV,31,,49
2026-06-02T21:11:48.319045,$GPGSV,32,,47
2026-06-02T21:11:48.319045,$GPGSV,41,,48
2026-06-02T21:11:48.319045,$GPGSV,42,,47
2026-06-02T21:11:48.320390,$GPGSV,50,,42
2026-06-02T21:11:48.321612,$GPGSV,01,,32
2026-06-02T21:11:48.323734,$GPGSV,10,,32
2026-06-02T21:11:48.323734,$GPGSV,23,,13
2026-06-02T21:11:48.323734,$GPGSV,25,,37
2026-06-02T21:11:48.323734,$GPGSV,26,,31
2026-06-02T21:11:48.324297,$GPGSV,28,,48
2026-06-02T21:11:48.324297,$GPGSV,31,,43
2026-06-02T21:11:48.324297,$GPGSV,32,,44
2026-06-02T21:11:48.325923,$GLGSV,66,,25
2026-06-02T21:11:48.325923,$GLGSV,67,,48
2026-06-02T21:11:48.325923,$GLGSV,68,,38
2026-06-02T21:11:48.325923,$GLGSV,77,,40
2026-06-02T21:11:48.326376,$GLGSV,78,,48
2026-06-02T21:11:48.326376,$GLGSV,79,,17
2026-06-02T21:11:48.327238,$GLGSV,66,,24
2026-06-02T21:11:48.327238,$GLGSV,67,,48
2026-06-02T21:11:48.327238,$GLGSV,68,,37
2026-06-02T21:11:48.327238,$GLGSV,78,,49
2026-06-02T21:11:48.327838,$GLGSV,79,,18
2026-06-02T21:11:48.329221,$GAGSV,05,,49
2026-06-02T21:11:48.329221,$GAGSV,06,,43
2026-06-02T21:11:48.329221,$GAGSV,09,,46
2026-06-02T21:11:48.329221,$GAGSV,16,,53
2026-06-02T21:11:48.329835,$GAGSV,25,,20
2026-06-02T21:11:48.329835,$GAGSV,31,,42
2026-06-02T21:11:48.329835,$GAGSV,34,,36
2026-06-02T21:11:48.329835,$GAGSV,36,,17
2026-06-02T21:11:48.330442,$GAGSV,05,,41
2026-06-02T21:11:48.330442,$GAGSV,06,,40
2026-06-02T21:11:48.330442,$GAGSV,09,,43
2026-06-02T21:11:48.330442,$GAGSV,16,,47
2026-06-02T21:11:48.330968,$GAGSV,31,,38
2026-06-02T21:11:48.330968,$GAGSV,34,,26
2026-06-02T21:11:48.330968,$GAGSV,36,,13
2026-06-02T21:11:48.332050,$GBGSV,06,,48
2026-06-02T21:11:48.332050,$GBGSV,07,,46
2026-06-02T21:11:48.332050,$GBGSV,09,,48
2026-06-02T21:11:48.332050,$GBGSV,10,,45
2026-06-02T21:11:48.332648,$GBGSV,23,,27
2026-06-02T21:11:48.332648,$GBGSV,24,,36
2026-06-02T21:11:48.332648,$GBGSV,25,,49
2026-06-02T21:11:48.332648,$GBGSV,33,,49
2026-06-02T21:11:48.333162,$GBGSV,09,,49
2026-06-02T21:11:48.333162,$GBGSV,10,,48
2026-06-02T21:11:49.313428,$GPGSV,02,,24
2026-06-02T21:11:49.313428,$GPGSV,10,,26
2026-06-02T21:11:49.313428,$GPGSV,25,,34
2026-06-02T21:11:49.313428,$GPGSV,28,,45
2026-06-02T21:11:49.314135,$GPGSV,31,,42
2026-06-02T21:11:49.314135,$GPGSV,32,,46
2026-06-02T21:11:49.314135,$GPGSV,41,,47
2026-06-02T21:11:49.314135,$GPGSV,42,,47
2026-06-02T21:11:49.314528,$GPGSV,50,,44
2026-06-02T21:11:49.314913,$GPGSV,01,,28
2026-06-02T21:11:49.315594,$GPGSV,10,,26
2026-06-02T21:11:49.315594,$GPGSV,23,,14
2026-06-02T21:11:49.315594,$GPGSV,25,,34
2026-06-02T21:11:49.315594,$GPGSV,26,,30
2026-06-02T21:11:49.316158,$GPGSV,28,,44
2026-06-02T21:11:49.316158,$GPGSV,31,,46
2026-06-02T21:11:49.316158,$GPGSV,32,,43
2026-06-02T21:11:49.317730,$GLGSV,66,,25
2026-06-02T21:11:49.317730,$GLGSV,67,,45
2026-06-02T21:11:49.317730,$GLGSV,68,,28
2026-06-02T21:11:49.317730,$GLGSV,77,,41
2026-06-02T21:11:49.318177,$GLGSV,78,,48
2026-06-02T21:11:49.318177,$GLGSV,79,,18
2026-06-02T21:11:49.318799,$GLGSV,66,,22
2026-06-02T21:11:49.318799,$GLGSV,67,,46
2026-06-02T21:11:49.318799,$GLGSV,68,,33
2026-06-02T21:11:49.318799,$GLGSV,78,,48
2026-06-02T21:11:49.319154,$GLGSV,79,,19
2026-06-02T21:11:49.320325,$GAGSV,05,,47
2026-06-02T21:11:49.320325,$GAGSV,06,,42
2026-06-02T21:11:49.320325,$GAGSV,09,,47
2026-06-02T21:11:49.320325,$GAGSV,16,,51
2026-06-02T21:11:49.320929,$GAGSV,25,,22
2026-06-02T21:11:49.320929,$GAGSV,31,,44
2026-06-02T21:11:49.320929,$GAGSV,34,,32
2026-06-02T21:11:49.320929,$GAGSV,36,,19
2026-06-02T21:11:49.321535,$GAGSV,05,,40
2026-06-02T21:11:49.321535,$GAGSV,06,,39
2026-06-02T21:11:49.321535,$GAGSV,09,,41
2026-06-02T21:11:49.321535,$GAGSV,16,,45
2026-06-02T21:11:49.322192,$GAGSV,31,,38
2026-06-02T21:11:49.322192,$GAGSV,34,,35
2026-06-02T21:11:49.322192,$GAGSV,36,,13
2026-06-02T21:11:49.323268,$GBGSV,06,,48
2026-06-02T21:11:49.323268,$GBGSV,07,,45
2026-06-02T21:11:49.323268,$GBGSV,09,,47
2026-06-02T21:11:49.323268,$GBGSV,10,,45
2026-06-02T21:11:49.323905,$GBGSV,23,,32
2026-06-02T21:11:49.323905,$GBGSV,24,,30
2026-06-02T21:11:49.323905,$GBGSV,25,,49
2026-06-02T21:11:49.323905,$GBGSV,33,,47
2026-06-02T21:11:49.324325,$GBGSV,09,,49
2026-06-02T21:11:49.324325,$GBGSV,10,,47
2026-06-02T21:11:50.313957,$GPGSV,02,,20
2026-06-02T21:11:50.313957,$GPGSV,10,,27
2026-06-02T21:11:50.313957,$GPGSV,25,,33
2026-06-02T21:11:50.313957,$GPGSV,26,,31
2026-06-02T21:11:50.314663,$GPGSV,28,,45
2026-06-02T21:11:50.314663,$GPGSV,31,,41
2026-06-02T21:11:50.314663,$GPGSV,32,,47
2026-06-02T21:11:50.314663,$GPGSV,41,,47
2026-06-02T21:11:50.315166,$GPGSV,42,,47
2026-06-02T21:11:50.315166,$GPGSV,50,,42
2026-06-02T21:11:50.315555,$GPGSV,01,,28
2026-06-02T21:11:50.316243,$GPGSV,10,,28
2026-06-02T21:11:50.316243,$GPGSV,23,,15
2026-06-02T21:11:50.316243,$GPGSV,25,,32
2026-06-02T21:11:50.316243,$GPGSV,26,,29
2026-06-02T21:11:50.316825,$GPGSV,28,,42
2026-06-02T21:11:50.316825,$GPGSV,31,,47
2026-06-02T21:11:50.316825,$GPGSV,32,,44
2026-06-02T21:11:50.318465,$GLGSV,66,,23
2026-06-02T21:11:50.318465,$GLGSV,67,,43
2026-06-02T21:11:50.318465,$GLGSV,68,,26
2026-06-02T21:11:50.318465,$GLGSV,77,,41
2026-06-02T21:11:50.318949,$GLGSV,78,,49
2026-06-02T21:11:50.318949,$GLGSV,79,,15
2026-06-02T21:11:50.319631,$GLGSV,66,,21
2026-06-02T21:11:50.319631,$GLGSV,67,,47
2026-06-02T21:11:50.319631,$GLGSV,68,,28
2026-06-02T21:11:50.319631,$GLGSV,78,,48
2026-06-02T21:11:50.320081,$GLGSV,79,,16
2026-06-02T21:11:50.321363,$GAGSV,05,,48
2026-06-02T21:11:50.321363,$GAGSV,06,,43
2026-06-02T21:11:50.321363,$GAGSV,09,,47
2026-06-02T21:11:50.321363,$GAGSV,16,,50
2026-06-02T21:11:50.322035,$GAGSV,25,,23
2026-06-02T21:11:50.322035,$GAGSV,31,,42
2026-06-02T21:11:50.322035,$GAGSV,34,,27
2026-06-02T21:11:50.322035,$GAGSV,36,,22
2026-06-02T21:11:50.322701,$GAGSV,05,,40
2026-06-02T21:11:50.322701,$GAGSV,06,,39
2026-06-02T21:11:50.322701,$GAGSV,09,,41
2026-06-02T21:11:50.322701,$GAGSV,16,,44
2026-06-02T21:11:50.323380,$GAGSV,31,,36
2026-06-02T21:11:50.323380,$GAGSV,34,,33
2026-06-02T21:11:50.323380,$GAGSV,36,,13
2026-06-02T21:11:50.324689,$GBGSV,06,,48
2026-06-02T21:11:50.324689,$GBGSV,07,,46
2026-06-02T21:11:50.324689,$GBGSV,09,,47
2026-06-02T21:11:50.324689,$GBGSV,10,,45
2026-06-02T21:11:50.325342,$GBGSV,23,,27
2026-06-02T21:11:50.325342,$GBGSV,24,,29
2026-06-02T21:11:50.325342,$GBGSV,25,,49
2026-06-02T21:11:50.325342,$GBGSV,33,,47
2026-06-02T21:11:50.325805,$GBGSV,09,,49
2026-06-02T21:11:50.325805,$GBGSV,10,,47
2026-06-02T21:11:51.310854,$GPGSV,02,,18
2026-06-02T21:11:51.310854,$GPGSV,10,,28
2026-06-02T21:11:51.310854,$GPGSV,25,,32
2026-06-02T21:11:51.310854,$GPGSV,26,,30
2026-06-02T21:11:51.311553,$GPGSV,28,,45
2026-06-02T21:11:51.311553,$GPGSV,31,,40
2026-06-02T21:11:51.311553,$GPGSV,32,,47
2026-06-02T21:11:51.311553,$GPGSV,41,,48
2026-06-02T21:11:51.312052,$GPGSV,42,,48
2026-06-02T21:11:51.312052,$GPGSV,50,,41
2026-06-02T21:11:51.312438,$GPGSV,01,,27
2026-06-02T21:11:51.313113,$GPGSV,10,,28
2026-06-02T21:11:51.313113,$GPGSV,23,,15
2026-06-02T21:11:51.313113,$GPGSV,25,,32
2026-06-02T21:11:51.313113,$GPGSV,26,,27
2026-06-02T21:11:51.313693,$GPGSV,28,,42
2026-06-02T21:11:51.313693,$GPGSV,31,,47
2026-06-02T21:11:51.313693,$GPGSV,32,,44
2026-06-02T21:11:51.315321,$GLGSV,66,,21
2026-06-02T21:11:51.315321,$GLGSV,67,,44
2026-06-02T21:11:51.315321,$GLGSV,68,,24
2026-06-02T21:11:51.315321,$GLGSV,77,,41
2026-06-02T21:11:51.315816,$GLGSV,78,,49
2026-06-02T21:11:51.315816,$GLGSV,79,,10
2026-06-02T21:11:51.316493,$GLGSV,66,,19
2026-06-02T21:11:51.316493,$GLGSV,67,,47
2026-06-02T21:11:51.316493,$GLGSV,68,,28
2026-06-02T21:11:51.316493,$GLGSV,78,,48
2026-06-02T21:11:51.316881,$GLGSV,79,,13
2026-06-02T21:11:51.318115,$GAGSV,05,,48
2026-06-02T21:11:51.318115,$GAGSV,06,,43
2026-06-02T21:11:51.318115,$GAGSV,09,,47
2026-06-02T21:11:51.318115,$GAGSV,16,,51
2026-06-02T21:11:51.318763,$GAGSV,25,,25
2026-06-02T21:11:51.318763,$GAGSV,31,,42
2026-06-02T21:11:51.318763,$GAGSV,34,,27
2026-06-02T21:11:51.318763,$GAGSV,36,,25
2026-06-02T21:11:51.319408,$GAGSV,05,,40
2026-06-02T21:11:51.319408,$GAGSV,06,,39
2026-06-02T21:11:51.319408,$GAGSV,09,,41
2026-06-02T21:11:51.319408,$GAGSV,16,,44
2026-06-02T21:11:51.320020,$GAGSV,31,,37
2026-06-02T21:11:51.320020,$GAGSV,34,,33
2026-06-02T21:11:51.320020,$GAGSV,36,,11
2026-06-02T21:11:51.321889,$GBGSV,06,,48
2026-06-02T21:11:51.321889,$GBGSV,07,,46
2026-06-02T21:11:51.321889,$GBGSV,09,,47
2026-06-02T21:11:51.321889,$GBGSV,10,,45
2026-06-02T21:11:51.322557,$GBGSV,23,,29
2026-06-02T21:11:51.322557,$GBGSV,24,,29
2026-06-02T21:11:51.322557,$GBGSV,25,,49
2026-06-02T21:11:51.322557,$GBGSV,33,,47
2026-06-02T21:11:51.323025,$GBGSV,09,,49
2026-06-02T21:11:51.323025,$GBGSV,10,,47
2026-06-02T21:11:52.314215,$GPGSV,02,,16
2026-06-02T21:11:52.314215,$GPGSV,10,,29
2026-06-02T21:11:52.314215,$GPGSV,25,,32
2026-06-02T21:11:52.314215,$GPGSV,26,,30
2026-06-02T21:11:52.314918,$GPGSV,28,,45
2026-06-02T21:11:52.314918,$GPGSV,31,,40
2026-06-02T21:11:52.314918,$GPGSV,32,,47
2026-06-02T21:11:52.314918,$GPGSV,41,,48
2026-06-02T21:11:52.315415,$GPGSV,42,,47
2026-06-02T21:11:52.315415,$GPGSV,50,,41
2026-06-02T21:11:52.315815,$GPGSV,01,,27
2026-06-02T21:11:52.316496,$GPGSV,10,,29
2026-06-02T21:11:52.316496,$GPGSV,23,,16
2026-06-02T21:11:52.316496,$GPGSV,25,,32
2026-06-02T21:11:52.316496,$GPGSV,26,,27
2026-06-02T21:11:52.317080,$GPGSV,28,,43
2026-06-02T21:11:52.317080,$GPGSV,31,,48
2026-06-02T21:11:52.317080,$GPGSV,32,,44
2026-06-02T21:11:52.318712,$GLGSV,66,,20
2026-06-02T21:11:52.318712,$GLGSV,67,,44
2026-06-02T21:11:52.318712,$GLGSV,68,,24
2026-06-02T21:11:52.318712,$GLGSV,77,,41
2026-06-02T21:11:52.319198,$GLGSV,78,,49
2026-06-02T21:11:52.319198,$GLGSV,79,,08
2026-06-02T21:11:52.319961,$GLGSV,66,,18
2026-06-02T21:11:52.319961,$GLGSV,67,,47
2026-06-02T21:11:52.319961,$GLGSV,68,,27
2026-06-02T21:11:52.319961,$GLGSV,78,,48
2026-06-02T21:11:52.320345,$GLGSV,79,,09
2026-06-02T21:11:52.321493,$GAGSV,05,,48
2026-06-02T21:11:52.321493,$GAGSV,06,,43
2026-06-02T21:11:52.321493,$GAGSV,09,,47
2026-06-02T21:11:52.321493,$GAGSV,16,,50
2026-06-02T21:11:52.322141,$GAGSV,25,,25
2026-06-02T21:11:52.322141,$GAGSV,31,,42
2026-06-02T21:11:52.322141,$GAGSV,34,,27
2026-06-02T21:11:52.322141,$GAGSV,36,,26
2026-06-02T21:11:52.322961,$GAGSV,05,,40
2026-06-02T21:11:52.322961,$GAGSV,06,,39
2026-06-02T21:11:52.322961,$GAGSV,09,,41
2026-06-02T21:11:52.322961,$GAGSV,16,,45
2026-06-02T21:11:52.323514,$GAGSV,31,,36
2026-06-02T21:11:52.323514,$GAGSV,34,,33
2026-06-02T21:11:52.323514,$GAGSV,36,,10
2026-06-02T21:11:52.324661,$GBGSV,06,,48
2026-06-02T21:11:52.324661,$GBGSV,07,,46
2026-06-02T21:11:52.324661,$GBGSV,09,,47
2026-06-02T21:11:52.324661,$GBGSV,10,,45
2026-06-02T21:11:52.325267,$GBGSV,23,,29
2026-06-02T21:11:52.325267,$GBGSV,24,,29
2026-06-02T21:11:52.325267,$GBGSV,25,,49
2026-06-02T21:11:52.325267,$GBGSV,33,,47
2026-06-02T21:11:52.325701,$GBGSV,09,,49
2026-06-02T21:11:52.325701,$GBGSV,10,,47
2026-06-02T21:11:53.315493,$GPGSV,02,,17
2026-06-02T21:11:53.315493,$GPGSV,10,,20
2026-06-02T21:11:53.315493,$GPGSV,25,,26
2026-06-02T21:11:53.315493,$GPGSV,26,,32
2026-06-02T21:11:53.316307,$GPGSV,28,,43
2026-06-02T21:11:53.316307,$GPGSV,31,,46
2026-06-02T21:11:53.316307,$GPGSV,32,,45
2026-06-02T21:11:53.316307,$GPGSV,41,,49
2026-06-02T21:11:53.316865,$GPGSV,42,,47
2026-06-02T21:11:53.316865,$GPGSV,50,,42
2026-06-02T21:11:53.317287,$GPGSV,01,,28
2026-06-02T21:11:53.318009,$GPGSV,10,,29
2026-06-02T21:11:53.318009,$GPGSV,23,,15
2026-06-02T21:11:53.318009,$GPGSV,25,,36
2026-06-02T21:11:53.318009,$GPGSV,26,,32
2026-06-02T21:11:53.318619,$GPGSV,28,,45
2026-06-02T21:11:53.318619,$GPGSV,31,,46
2026-06-02T21:11:53.318619,$GPGSV,32,,44
2026-06-02T21:11:53.320338,$GLGSV,66,,23
2026-06-02T21:11:53.320338,$GLGSV,67,,46
2026-06-02T21:11:53.320338,$GLGSV,68,,25
2026-06-02T21:11:53.320338,$GLGSV,77,,41
2026-06-02T21:11:53.320846,$GLGSV,78,,49
2026-06-02T21:11:53.320846,$GLGSV,79,,12
2026-06-02T21:11:53.321552,$GLGSV,66,,19
2026-06-02T21:11:53.321552,$GLGSV,67,,46
2026-06-02T21:11:53.321552,$GLGSV,68,,35
2026-06-02T21:11:53.321552,$GLGSV,78,,48
2026-06-02T21:11:53.322869,$GAGSV,05,,47
2026-06-02T21:11:53.322869,$GAGSV,06,,43
2026-06-02T21:11:53.322869,$GAGSV,09,,47
2026-06-02T21:11:53.322869,$GAGSV,16,,51
2026-06-02T21:11:53.323605,$GAGSV,25,,24
2026-06-02T21:11:53.323605,$GAGSV,31,,44
2026-06-02T21:11:53.323605,$GAGSV,34,,28
2026-06-02T21:11:53.323605,$GAGSV,36,,26
2026-06-02T21:11:53.324345,$GAGSV,05,,41
2026-06-02T21:11:53.324345,$GAGSV,06,,39
2026-06-02T21:11:53.324345,$GAGSV,09,,43
2026-06-02T21:11:53.324345,$GAGSV,16,,46
2026-06-02T21:11:53.325101,$GAGSV,31,,39
2026-06-02T21:11:53.325101,$GAGSV,34,,34
2026-06-02T21:11:53.325101,$GAGSV,36,,11
2026-06-02T21:11:53.326358,$GBGSV,06,,47
2026-06-02T21:11:53.326358,$GBGSV,07,,46
2026-06-02T21:11:53.326358,$GBGSV,09,,47
2026-06-02T21:11:53.326358,$GBGSV,10,,45
2026-06-02T21:11:53.327039,$GBGSV,23,,22
2026-06-02T21:11:53.327039,$GBGSV,24,,29
2026-06-02T21:11:53.327039,$GBGSV,25,,49
2026-06-02T21:11:53.327039,$GBGSV,33,,48
2026-06-02T21:11:53.327527,$GBGSV,09,,49
2026-06-02T21:11:53.327527,$GBGSV,10,,47
2026-06-02T21:11:54.308630,$GPGSV,02,,18
2026-06-02T21:11:54.308630,$GPGSV,10,,36
2026-06-02T21:11:54.308630,$GPGSV,25,,34
2026-06-02T21:11:54.308630,$GPGSV,26,,35
2026-06-02T21:11:54.309364,$GPGSV,28,,44
2026-06-02T21:11:54.309364,$GPGSV,31,,47
2026-06-02T21:11:54.309364,$GPGSV,32,,47
2026-06-02T21:11:54.309364,$GPGSV,41,,47
2026-06-02T21:11:54.309876,$GPGSV,42,,47
2026-06-02T21:11:54.309876,$GPGSV,50,,43
2026-06-02T21:11:54.310285,$GPGSV,01,,28
2026-06-02T21:11:54.310988,$GPGSV,10,,29
2026-06-02T21:11:54.310988,$GPGSV,23,,15
2026-06-02T21:11:54.310988,$GPGSV,25,,36
2026-06-02T21:11:54.310988,$GPGSV,26,,35
2026-06-02T21:11:54.311617,$GPGSV,28,,44
2026-06-02T21:11:54.311617,$GPGSV,31,,43
2026-06-02T21:11:54.311617,$GPGSV,32,,43
2026-06-02T21:11:54.313409,$GLGSV,66,,23
2026-06-02T21:11:54.313409,$GLGSV,67,,48
2026-06-02T21:11:54.313409,$GLGSV,68,,35
2026-06-02T21:11:54.313409,$GLGSV,77,,41
2026-06-02T21:11:54.313915,$GLGSV,78,,49
2026-06-02T21:11:54.313915,$GLGSV,79,,19
2026-06-02T21:11:54.314625,$GLGSV,66,,19
2026-06-02T21:11:54.314625,$GLGSV,67,,47
2026-06-02T21:11:54.314625,$GLGSV,68,,31
2026-06-02T21:11:54.314625,$GLGSV,78,,49
2026-06-02T21:11:54.315992,$GAGSV,05,,48
2026-06-02T21:11:54.315992,$GAGSV,06,,43
2026-06-02T21:11:54.315992,$GAGSV,09,,48
2026-06-02T21:11:54.315992,$GAGSV,16,,50
2026-06-02T21:11:54.316678,$GAGSV,25,,20
2026-06-02T21:11:54.316678,$GAGSV,31,,42
2026-06-02T21:11:54.316678,$GAGSV,34,,36
2026-06-02T21:11:54.316678,$GAGSV,36,,25
2026-06-02T21:11:54.317359,$GAGSV,05,,42
2026-06-02T21:11:54.317359,$GAGSV,06,,39
2026-06-02T21:11:54.317359,$GAGSV,09,,40
2026-06-02T21:11:54.317359,$GAGSV,16,,46
2026-06-02T21:11:54.317937,$GAGSV,31,,38
2026-06-02T21:11:54.317937,$GAGSV,34,,30
2026-06-02T21:11:54.317937,$GAGSV,36,,16
2026-06-02T21:11:54.319123,$GBGSV,06,,48
2026-06-02T21:11:54.319123,$GBGSV,07,,45
2026-06-02T21:11:54.319123,$GBGSV,09,,48
2026-06-02T21:11:54.319123,$GBGSV,10,,45
2026-06-02T21:11:54.319820,$GBGSV,23,,22
2026-06-02T21:11:54.319820,$GBGSV,24,,34
2026-06-02T21:11:54.319820,$GBGSV,25,,49
2026-06-02T21:11:54.319820,$GBGSV,33,,50
2026-06-02T21:11:54.320307,$GBGSV,09,,49
2026-06-02T21:11:54.320307,$GBGSV,10,,48
2026-06-02T21:11:55.316676,$GPGSV,02,,17
2026-06-02T21:11:55.316676,$GPGSV,10,,33
2026-06-02T21:11:55.316676,$GPGSV,25,,36
2026-06-02T21:11:55.316676,$GPGSV,26,,38
2026-06-02T21:11:55.317486,$GPGSV,28,,42
2026-06-02T21:11:55.317486,$GPGSV,31,,44
2026-06-02T21:11:55.317486,$GPGSV,32,,46
2026-06-02T21:11:55.317486,$GPGSV,41,,47
2026-06-02T21:11:55.318043,$GPGSV,42,,47
2026-06-02T21:11:55.318043,$GPGSV,50,,42
2026-06-02T21:11:55.318470,$GPGSV,01,,34
2026-06-02T21:11:55.319197,$GPGSV,10,,35
2026-06-02T21:11:55.319197,$GPGSV,23,,16
2026-06-02T21:11:55.319197,$GPGSV,25,,36
2026-06-02T21:11:55.319197,$GPGSV,26,,38
2026-06-02T21:11:55.319847,$GPGSV,28,,45
2026-06-02T21:11:55.319847,$GPGSV,31,,47
2026-06-02T21:11:55.319847,$GPGSV,32,,44
2026-06-02T21:11:55.321562,$GLGSV,66,,22
2026-06-02T21:11:55.321562,$GLGSV,67,,46
2026-06-02T21:11:55.321562,$GLGSV,68,,17
2026-06-02T21:11:55.321562,$GLGSV,77,,40
2026-06-02T21:11:55.322073,$GLGSV,78,,48
2026-06-02T21:11:55.322073,$GLGSV,79,,20
2026-06-02T21:11:55.322791,$GLGSV,66,,22
2026-06-02T21:11:55.322791,$GLGSV,67,,46
2026-06-02T21:11:55.322791,$GLGSV,68,,32
2026-06-02T21:11:55.322791,$GLGSV,78,,48
2026-06-02T21:11:55.323506,$GLGSV,79,,17
2026-06-02T21:11:55.325152,$GAGSV,05,,48
2026-06-02T21:11:55.325152,$GAGSV,06,,43
2026-06-02T21:11:55.325152,$GAGSV,09,,48
2026-06-02T21:11:55.325152,$GAGSV,16,,50
2026-06-02T21:11:55.326034,$GAGSV,25,,17
2026-06-02T21:11:55.326034,$GAGSV,31,,40
2026-06-02T21:11:55.326034,$GAGSV,34,,40
2026-06-02T21:11:55.326034,$GAGSV,36,,25
2026-06-02T21:11:55.326771,$GAGSV,05,,42
2026-06-02T21:11:55.326771,$GAGSV,06,,39
2026-06-02T21:11:55.326771,$GAGSV,09,,43
2026-06-02T21:11:55.326771,$GAGSV,16,,45
2026-06-02T21:11:55.327353,$GAGSV,31,,38
2026-06-02T21:11:55.327353,$GAGSV,34,,28
2026-06-02T21:11:55.327353,$GAGSV,36,,20
2026-06-02T21:11:55.328580,$GBGSV,06,,48
2026-06-02T21:11:55.328580,$GBGSV,07,,45
2026-06-02T21:11:55.328580,$GBGSV,09,,46
2026-06-02T21:11:55.328580,$GBGSV,10,,45
2026-06-02T21:11:55.329255,$GBGSV,23,,25
2026-06-02T21:11:55.329255,$GBGSV,24,,38
2026-06-02T21:11:55.329255,$GBGSV,25,,49
2026-06-02T21:11:55.329255,$GBGSV,33,,49
2026-06-02T21:11:55.329739,$GBGSV,09,,49
2026-06-02T21:11:55.329739,$GBGSV,10,,48
2026-06-02T21:11:56.315932,$GPGSV,02,,17
2026-06-02T21:11:56.315932,$GPGSV,10,,36
2026-06-02T21:11:56.315932,$GPGSV,25,,37
2026-06-02T21:11:56.315932,$GPGSV,26,,42
2026-06-02T21:11:56.316632,$GPGSV,28,,41
2026-06-02T21:11:56.316632,$GPGSV,31,,44
2026-06-02T21:11:56.316632,$GPGSV,32,,46
2026-06-02T21:11:56.316632,$GPGSV,41,,47
2026-06-02T21:11:56.317119,$GPGSV,42,,47
2026-06-02T21:11:56.317119,$GPGSV,50,,42
2026-06-02T21:11:56.317504,$GPGSV,01,,33
2026-06-02T21:11:56.318174,$GPGSV,10,,35
2026-06-02T21:11:56.318174,$GPGSV,23,,14
2026-06-02T21:11:56.318174,$GPGSV,25,,38
2026-06-02T21:11:56.318174,$GPGSV,26,,41
2026-06-02T21:11:56.318756,$GPGSV,28,,44
2026-06-02T21:11:56.318756,$GPGSV,31,,45
2026-06-02T21:11:56.318756,$GPGSV,32,,45
2026-06-02T21:11:56.320387,$GLGSV,66,,23
2026-06-02T21:11:56.320387,$GLGSV,67,,46
2026-06-02T21:11:56.320387,$GLGSV,68,,27
2026-06-02T21:11:56.320387,$GLGSV,77,,42
2026-06-02T21:11:56.320868,$GLGSV,78,,48
2026-06-02T21:11:56.320868,$GLGSV,79,,21
2026-06-02T21:11:56.321537,$GLGSV,66,,22
2026-06-02T21:11:56.321537,$GLGSV,67,,46
2026-06-02T21:11:56.321537,$GLGSV,68,,32
2026-06-02T21:11:56.321537,$GLGSV,78,,48
2026-06-02T21:11:56.321924,$GLGSV,79,,18
2026-06-02T21:11:56.323275,$GAGSV,05,,48
2026-06-02T21:11:56.323275,$GAGSV,06,,44
2026-06-02T21:11:56.323275,$GAGSV,09,,46
2026-06-02T21:11:56.323275,$GAGSV,16,,51
2026-06-02T21:11:56.324124,$GAGSV,25,,18
2026-06-02T21:11:56.324124,$GAGSV,31,,43
2026-06-02T21:11:56.324124,$GAGSV,34,,40
2026-06-02T21:11:56.324124,$GAGSV,36,,24
2026-06-02T21:11:56.324960,$GAGSV,05,,43
2026-06-02T21:11:56.324960,$GAGSV,06,,38
2026-06-02T21:11:56.324960,$GAGSV,09,,41
2026-06-02T21:11:56.324960,$GAGSV,16,,46
2026-06-02T21:11:56.325585,$GAGSV,31,,36
2026-06-02T21:11:56.325585,$GAGSV,34,,33
2026-06-02T21:11:56.326950,$GBGSV,06,,48
2026-06-02T21:11:56.326950,$GBGSV,07,,46
2026-06-02T21:11:56.326950,$GBGSV,09,,47
2026-06-02T21:11:56.326950,$GBGSV,10,,46
2026-06-02T21:11:56.327783,$GBGSV,23,,25
2026-06-02T21:11:56.327783,$GBGSV,24,,38
2026-06-02T21:11:56.327783,$GBGSV,25,,49
2026-06-02T21:11:56.327783,$GBGSV,33,,49
2026-06-02T21:11:56.328382,$GBGSV,09,,49
2026-06-02T21:11:56.328382,$GBGSV,10,,48
2026-06-02T21:11:57.317879,$GPGSV,02,,15
2026-06-02T21:11:57.317879,$GPGSV,10,,40
2026-06-02T21:11:57.317879,$GPGSV,25,,36
2026-06-02T21:11:57.317879,$GPGSV,26,,43
2026-06-02T21:11:57.318959,$GPGSV,28,,45
2026-06-02T21:11:57.318959,$GPGSV,31,,46
2026-06-02T21:11:57.318959,$GPGSV,32,,46
2026-06-02T21:11:57.318959,$GPGSV,41,,47
2026-06-02T21:11:57.319682,$GPGSV,42,,48
2026-06-02T21:11:57.319682,$GPGSV,50,,42
2026-06-02T21:11:57.320237,$GPGSV,01,,23
2026-06-02T21:11:57.321176,$GPGSV,10,,38
2026-06-02T21:11:57.321176,$GPGSV,23,,15
2026-06-02T21:11:57.321176,$GPGSV,25,,36
2026-06-02T21:11:57.321176,$GPGSV,26,,41
2026-06-02T21:11:57.321961,$GPGSV,28,,47
2026-06-02T21:11:57.321961,$GPGSV,31,,44
2026-06-02T21:11:57.321961,$GPGSV,32,,44
2026-06-02T21:11:57.324391,$GLGSV,66,,24
2026-06-02T21:11:57.324391,$GLGSV,67,,47
2026-06-02T21:11:57.324391,$GLGSV,68,,27
2026-06-02T21:11:57.324391,$GLGSV,77,,42
2026-06-02T21:11:57.325028,$GLGSV,78,,49
2026-06-02T21:11:57.325028,$GLGSV,79,,21
2026-06-02T21:11:57.325893,$GLGSV,66,,21
2026-06-02T21:11:57.325893,$GLGSV,67,,46
2026-06-02T21:11:57.325893,$GLGSV,68,,32
2026-06-02T21:11:57.325893,$GLGSV,78,,48
2026-06-02T21:11:57.326393,$GLGSV,79,,18
2026-06-02T21:11:57.328296,$GAGSV,05,,48
2026-06-02T21:11:57.328296,$GAGSV,06,,41
2026-06-02T21:11:57.328296,$GAGSV,09,,48
2026-06-02T21:11:57.328296,$GAGSV,16,,51
2026-06-02T21:11:57.329084,$GAGSV,25,,29
2026-06-02T21:11:57.329084,$GAGSV,31,,44
2026-06-02T21:11:57.329084,$GAGSV,34,,40
2026-06-02T21:11:57.329084,$GAGSV,36,,24
2026-06-02T21:11:57.329837,$GAGSV,05,,41
2026-06-02T21:11:57.329837,$GAGSV,06,,38
2026-06-02T21:11:57.329837,$GAGSV,09,,41
2026-06-02T21:11:57.329837,$GAGSV,16,,46
2026-06-02T21:11:57.330350,$GAGSV,31,,39
2026-06-02T21:11:57.330350,$GAGSV,34,,36
2026-06-02T21:11:57.331631,$GBGSV,06,,48
2026-06-02T21:11:57.331631,$GBGSV,07,,46
2026-06-02T21:11:57.331631,$GBGSV,09,,47
2026-06-02T21:11:57.331631,$GBGSV,10,,45
2026-06-02T21:11:57.332426,$GBGSV,23,,30
2026-06-02T21:11:57.332426,$GBGSV,24,,38
2026-06-02T21:11:57.332426,$GBGSV,25,,49
2026-06-02T21:11:57.332426,$GBGSV,33,,48
2026-06-02T21:11:57.332930,$GBGSV,09,,49
2026-06-02T21:11:57.332930,$GBGSV,10,,48
2026-06-02T21:11:58.314625,$GPGSV,02,,13
2026-06-02T21:11:58.314625,$GPGSV,10,,37
2026-06-02T21:11:58.314625,$GPGSV,25,,36
2026-06-02T21:11:58.314625,$GPGSV,26,,44
2026-06-02T21:11:58.315333,$GPGSV,28,,44
2026-06-02T21:11:58.315333,$GPGSV,31,,43
2026-06-02T21:11:58.315333,$GPGSV,32,,47
2026-06-02T21:11:58.315333,$GPGSV,41,,47
2026-06-02T21:11:58.315840,$GPGSV,42,,47
2026-06-02T21:11:58.315840,$GPGSV,50,,42
2026-06-02T21:11:58.316230,$GPGSV,01,,25
2026-06-02T21:11:58.316907,$GPGSV,10,,40
2026-06-02T21:11:58.316907,$GPGSV,23,,15
2026-06-02T21:11:58.316907,$GPGSV,25,,37
2026-06-02T21:11:58.316907,$GPGSV,26,,43
2026-06-02T21:11:58.317489,$GPGSV,28,,44
2026-06-02T21:11:58.317489,$GPGSV,31,,44
2026-06-02T21:11:58.317489,$GPGSV,32,,44
2026-06-02T21:11:58.319114,$GLGSV,66,,24
2026-06-02T21:11:58.319114,$GLGSV,67,,47
2026-06-02T21:11:58.319114,$GLGSV,68,,31
2026-06-02T21:11:58.319114,$GLGSV,77,,41
2026-06-02T21:11:58.319612,$GLGSV,78,,49
2026-06-02T21:11:58.319612,$GLGSV,79,,21
2026-06-02T21:11:58.320289,$GLGSV,66,,22
2026-06-02T21:11:58.320289,$GLGSV,67,,46
2026-06-02T21:11:58.320289,$GLGSV,68,,26
2026-06-02T21:11:58.320289,$GLGSV,78,,48
2026-06-02T21:11:58.320672,$GLGSV,79,,18
2026-06-02T21:11:58.321877,$GAGSV,05,,47
2026-06-02T21:11:58.321877,$GAGSV,06,,42
2026-06-02T21:11:58.321877,$GAGSV,09,,48
2026-06-02T21:11:58.321877,$GAGSV,16,,50
2026-06-02T21:11:58.322521,$GAGSV,25,,34
2026-06-02T21:11:58.322521,$GAGSV,31,,44
2026-06-02T21:11:58.322521,$GAGSV,34,,35
2026-06-02T21:11:58.322521,$GAGSV,36,,23
2026-06-02T21:11:58.323168,$GAGSV,05,,43
2026-06-02T21:11:58.323168,$GAGSV,06,,38
2026-06-02T21:11:58.323168,$GAGSV,09,,42
2026-06-02T21:11:58.323168,$GAGSV,16,,45
2026-06-02T21:11:58.323642,$GAGSV,31,,38
2026-06-02T21:11:58.323642,$GAGSV,34,,38
2026-06-02T21:11:58.324800,$GBGSV,06,,48
2026-06-02T21:11:58.324800,$GBGSV,07,,45
2026-06-02T21:11:58.324800,$GBGSV,09,,47
2026-06-02T21:11:58.324800,$GBGSV,10,,46
2026-06-02T21:11:58.325420,$GBGSV,23,,29
2026-06-02T21:11:58.325420,$GBGSV,24,,36
2026-06-02T21:11:58.325420,$GBGSV,25,,48
2026-06-02T21:11:58.325420,$GBGSV,33,,50
2026-06-02T21:11:58.325868,$GBGSV,09,,49
2026-06-02T21:11:58.325868,$GBGSV,10,,48
2026-06-02T21:11:59.317451,$GPGSV,02,,16
2026-06-02T21:11:59.317451,$GPGSV,10,,33
2026-06-02T21:11:59.317451,$GPGSV,25,,36
2026-06-02T21:11:59.317451,$GPGSV,26,,46
2026-06-02T21:11:59.318202,$GPGSV,28,,41
2026-06-02T21:11:59.318202,$GPGSV,31,,46
2026-06-02T21:11:59.318202,$GPGSV,32,,45
2026-06-02T21:11:59.318202,$GPGSV,41,,47
2026-06-02T21:11:59.318720,$GPGSV,42,,46
2026-06-02T21:11:59.318720,$GPGSV,50,,43
2026-06-02T21:11:59.319128,$GPGSV,01,,24
2026-06-02T21:11:59.319839,$GPGSV,10,,39
2026-06-02T21:11:59.319839,$GPGSV,23,,14
2026-06-02T21:11:59.319839,$GPGSV,25,,36
2026-06-02T21:11:59.319839,$GPGSV,26,,45
2026-06-02T21:11:59.320456,$GPGSV,28,,46
2026-06-02T21:11:59.320456,$GPGSV,31,,44
2026-06-02T21:11:59.320456,$GPGSV,32,,43
2026-06-02T21:11:59.322153,$GLGSV,66,,24
2026-06-02T21:11:59.322153,$GLGSV,67,,46
2026-06-02T21:11:59.322153,$GLGSV,68,,26
2026-06-02T21:11:59.322153,$GLGSV,77,,41
2026-06-02T21:11:59.322656,$GLGSV,78,,48
2026-06-02T21:11:59.322656,$GLGSV,79,,22
2026-06-02T21:11:59.323354,$GLGSV,66,,23
2026-06-02T21:11:59.323354,$GLGSV,67,,48
2026-06-02T21:11:59.323354,$GLGSV,68,,32
2026-06-02T21:11:59.323354,$GLGSV,78,,49
2026-06-02T21:11:59.323774,$GLGSV,79,,19
2026-06-02T21:11:59.325010,$GAGSV,05,,48
2026-06-02T21:11:59.325010,$GAGSV,06,,41
2026-06-02T21:11:59.325010,$GAGSV,09,,47
2026-06-02T21:11:59.325010,$GAGSV,16,,51
2026-06-02T21:11:59.325713,$GAGSV,25,,34
2026-06-02T21:11:59.325713,$GAGSV,31,,43
2026-06-02T21:11:59.325713,$GAGSV,34,,31
2026-06-02T21:11:59.325713,$GAGSV,36,,23
2026-06-02T21:11:59.326406,$GAGSV,05,,42
2026-06-02T21:11:59.326406,$GAGSV,06,,37
2026-06-02T21:11:59.326406,$GAGSV,09,,42
2026-06-02T21:11:59.326406,$GAGSV,16,,46
2026-06-02T21:11:59.326884,$GAGSV,31,,39
2026-06-02T21:11:59.326884,$GAGSV,34,,37
2026-06-02T21:11:59.328128,$GBGSV,06,,48
2026-06-02T21:11:59.328128,$GBGSV,07,,46
2026-06-02T21:11:59.328128,$GBGSV,09,,47
2026-06-02T21:11:59.328128,$GBGSV,10,,45
2026-06-02T21:11:59.328803,$GBGSV,23,,29
2026-06-02T21:11:59.328803,$GBGSV,24,,40
2026-06-02T21:11:59.328803,$GBGSV,25,,49
2026-06-02T21:11:59.328803,$GBGSV,33,,47
2026-06-02T21:11:59.329285,$GBGSV,09,,49
2026-06-02T21:11:59.329285,$GBGSV,10,,48
2026-06-02T21:12:00.313798,$GPGSV,02,,16
2026-06-02T21:12:00.313798,$GPGSV,10,,35
2026-06-02T21:12:00.313798,$GPGSV,25,,34
2026-06-02T21:12:00.313798,$GPGSV,26,,47
2026-06-02T21:12:00.314532,$GPGSV,28,,41
2026-06-02T21:12:00.314532,$GPGSV,31,,44
2026-06-02T21:12:00.314532,$GPGSV,32,,47
2026-06-02T21:12:00.314532,$GPGSV,41,,46
2026-06-02T21:12:00.315045,$GPGSV,42,,46
2026-06-02T21:12:00.315045,$GPGSV,50,,42
2026-06-02T21:12:00.315426,$GPGSV,01,,24
2026-06-02T21:12:00.316100,$GPGSV,10,,33
2026-06-02T21:12:00.316100,$GPGSV,23,,15
2026-06-02T21:12:00.316100,$GPGSV,25,,37
2026-06-02T21:12:00.316100,$GPGSV,26,,47
2026-06-02T21:12:00.316674,$GPGSV,28,,43
2026-06-02T21:12:00.316674,$GPGSV,31,,43
2026-06-02T21:12:00.316674,$GPGSV,32,,44
2026-06-02T21:12:00.318285,$GLGSV,66,,24
2026-06-02T21:12:00.318285,$GLGSV,67,,47
2026-06-02T21:12:00.318285,$GLGSV,68,,26
2026-06-02T21:12:00.318285,$GLGSV,77,,40
2026-06-02T21:12:00.318764,$GLGSV,78,,48
2026-06-02T21:12:00.318764,$GLGSV,79,,21
2026-06-02T21:12:00.319429,$GLGSV,66,,25
2026-06-02T21:12:00.319429,$GLGSV,67,,47
2026-06-02T21:12:00.319429,$GLGSV,68,,32
2026-06-02T21:12:00.319429,$GLGSV,78,,49
2026-06-02T21:12:00.319825,$GLGSV,79,,19
2026-06-02T21:12:00.320996,$GAGSV,05,,48
2026-06-02T21:12:00.320996,$GAGSV,06,,42
2026-06-02T21:12:00.320996,$GAGSV,09,,46
2026-06-02T21:12:00.320996,$GAGSV,16,,52
2026-06-02T21:12:00.321667,$GAGSV,25,,32
2026-06-02T21:12:00.321667,$GAGSV,31,,43
2026-06-02T21:12:00.321667,$GAGSV,34,,36
2026-06-02T21:12:00.321667,$GAGSV,36,,30
2026-06-02T21:12:00.322335,$GAGSV,05,,42
2026-06-02T21:12:00.322335,$GAGSV,06,,38
2026-06-02T21:12:00.322335,$GAGSV,09,,42
2026-06-02T21:12:00.322335,$GAGSV,16,,46
2026-06-02T21:12:00.322814,$GAGSV,31,,38
2026-06-02T21:12:00.322814,$GAGSV,34,,34
2026-06-02T21:12:00.324023,$GBGSV,06,,48
2026-06-02T21:12:00.324023,$GBGSV,07,,46
2026-06-02T21:12:00.324023,$GBGSV,09,,47
2026-06-02T21:12:00.324023,$GBGSV,10,,45
2026-06-02T21:12:00.324716,$GBGSV,23,,33
2026-06-02T21:12:00.324716,$GBGSV,24,,39
2026-06-02T21:12:00.324716,$GBGSV,25,,49
2026-06-02T21:12:00.324716,$GBGSV,33,,50
2026-06-02T21:12:00.325199,$GBGSV,09,,49
2026-06-02T21:12:00.325199,$GBGSV,10,,48
2026-06-02T21:12:01.319396,$GPGSV,02,,18
2026-06-02T21:12:01.319396,$GPGSV,10,,38
2026-06-02T21:12:01.319396,$GPGSV,25,,39
2026-06-02T21:12:01.319396,$GPGSV,26,,47
2026-06-02T21:12:01.320207,$GPGSV,28,,44
2026-06-02T21:12:01.320207,$GPGSV,31,,46
2026-06-02T21:12:01.320207,$GPGSV,32,,45
2026-06-02T21:12:01.320207,$GPGSV,41,,47
2026-06-02T21:12:01.320759,$GPGSV,42,,47
2026-06-02T21:12:01.320759,$GPGSV,50,,43
2026-06-02T21:12:01.321184,$GPGSV,01,,25
2026-06-02T21:12:01.321925,$GPGSV,10,,19
2026-06-02T21:12:01.321925,$GPGSV,23,,16
2026-06-02T21:12:01.321925,$GPGSV,25,,35
2026-06-02T21:12:01.321925,$GPGSV,26,,48
2026-06-02T21:12:01.322533,$GPGSV,28,,45
2026-06-02T21:12:01.322533,$GPGSV,31,,46
2026-06-02T21:12:01.322533,$GPGSV,32,,41
2026-06-02T21:12:01.324246,$GLGSV,66,,23
2026-06-02T21:12:01.324246,$GLGSV,67,,47
2026-06-02T21:12:01.324246,$GLGSV,68,,25
2026-06-02T21:12:01.324246,$GLGSV,77,,41
2026-06-02T21:12:01.324755,$GLGSV,78,,48
2026-06-02T21:12:01.324755,$GLGSV,79,,23
2026-06-02T21:12:01.325742,$GLGSV,66,,24
2026-06-02T21:12:01.325742,$GLGSV,67,,47
2026-06-02T21:12:01.325742,$GLGSV,68,,27
2026-06-02T21:12:01.325742,$GLGSV,78,,48
2026-06-02T21:12:01.326155,$GLGSV,79,,19
2026-06-02T21:12:01.327601,$GAGSV,05,,48
2026-06-02T21:12:01.327601,$GAGSV,06,,40
2026-06-02T21:12:01.327601,$GAGSV,09,,45
2026-06-02T21:12:01.327601,$GAGSV,16,,51
2026-06-02T21:12:01.328327,$GAGSV,25,,30
2026-06-02T21:12:01.328327,$GAGSV,31,,43
2026-06-02T21:12:01.328327,$GAGSV,34,,40
2026-06-02T21:12:01.328327,$GAGSV,36,,32
2026-06-02T21:12:01.329010,$GAGSV,05,,42
2026-06-02T21:12:01.329010,$GAGSV,06,,35
2026-06-02T21:12:01.329010,$GAGSV,09,,43
2026-06-02T21:12:01.329010,$GAGSV,16,,44
2026-06-02T21:12:01.329495,$GAGSV,31,,38
2026-06-02T21:12:01.329495,$GAGSV,34,,32
2026-06-02T21:12:01.330691,$GBGSV,06,,47
2026-06-02T21:12:01.330691,$GBGSV,07,,46
2026-06-02T21:12:01.330691,$GBGSV,09,,47
2026-06-02T21:12:01.330691,$GBGSV,10,,45
2026-06-02T21:12:01.331368,$GBGSV,23,,19
2026-06-02T21:12:01.331368,$GBGSV,24,,42
2026-06-02T21:12:01.331368,$GBGSV,25,,49
2026-06-02T21:12:01.331368,$GBGSV,33,,50
2026-06-02T21:12:01.331911,$GBGSV,09,,49
2026-06-02T21:12:01.331911,$GBGSV,10,,49
2026-06-02T21:12:02.329084,$GPGSV,02,,16
2026-06-02T21:12:02.329084,$GPGSV,10,,36
2026-06-02T21:12:02.329084,$GPGSV,25,,37
2026-06-02T21:12:02.329084,$GPGSV,26,,47
2026-06-02T21:12:02.329796,$GPGSV,28,,42
2026-06-02T21:12:02.329796,$GPGSV,31,,45
2026-06-02T21:12:02.329796,$GPGSV,32,,45
2026-06-02T21:12:02.329796,$GPGSV,41,,47
2026-06-02T21:12:02.330296,$GPGSV,42,,47
2026-06-02T21:12:02.330296,$GPGSV,50,,43
2026-06-02T21:12:02.330686,$GPGSV,01,,31
2026-06-02T21:12:02.331359,$GPGSV,10,,21
2026-06-02T21:12:02.331359,$GPGSV,23,,15
2026-06-02T21:12:02.331359,$GPGSV,25,,33
2026-06-02T21:12:02.331359,$GPGSV,26,,48
2026-06-02T21:12:02.331956,$GPGSV,28,,44
2026-06-02T21:12:02.331956,$GPGSV,31,,44
2026-06-02T21:12:02.331956,$GPGSV,32,,42
2026-06-02T21:12:02.333596,$GLGSV,66,,23
2026-06-02T21:12:02.333596,$GLGSV,67,,46
2026-06-02T21:12:02.333596,$GLGSV,68,,34
2026-06-02T21:12:02.333596,$GLGSV,77,,41
2026-06-02T21:12:02.334086,$GLGSV,78,,48
2026-06-02T21:12:02.334086,$GLGSV,79,,23
2026-06-02T21:12:02.334768,$GLGSV,66,,24
2026-06-02T21:12:02.334768,$GLGSV,67,,47
2026-06-02T21:12:02.334768,$GLGSV,68,,27
2026-06-02T21:12:02.334768,$GLGSV,78,,47
2026-06-02T21:12:02.335157,$GLGSV,79,,22
2026-06-02T21:12:02.336368,$GAGSV,05,,48
2026-06-02T21:12:02.336368,$GAGSV,06,,40
2026-06-02T21:12:02.336368,$GAGSV,09,,47
2026-06-02T21:12:02.336368,$GAGSV,16,,49
2026-06-02T21:12:02.337061,$GAGSV,25,,31
2026-06-02T21:12:02.337061,$GAGSV,31,,43
2026-06-02T21:12:02.337061,$GAGSV,34,,43
2026-06-02T21:12:02.337061,$GAGSV,36,,34
2026-06-02T21:12:02.337714,$GAGSV,05,,40
2026-06-02T21:12:02.337714,$GAGSV,06,,36
2026-06-02T21:12:02.337714,$GAGSV,09,,42
2026-06-02T21:12:02.337714,$GAGSV,16,,45
2026-06-02T21:12:02.338175,$GAGSV,31,,38
2026-06-02T21:12:02.338175,$GAGSV,34,,33
2026-06-02T21:12:02.339324,$GBGSV,06,,48
2026-06-02T21:12:02.339324,$GBGSV,07,,45
2026-06-02T21:12:02.339324,$GBGSV,09,,46
2026-06-02T21:12:02.339324,$GBGSV,10,,45
2026-06-02T21:12:02.339955,$GBGSV,23,,28
2026-06-02T21:12:02.339955,$GBGSV,24,,42
2026-06-02T21:12:02.339955,$GBGSV,25,,49
2026-06-02T21:12:02.339955,$GBGSV,33,,50
2026-06-02T21:12:02.340409,$GBGSV,09,,49
2026-06-02T21:12:02.340409,$GBGSV,10,,49
2026-06-02T21:12:03.309277,$GPGSV,02,,16
2026-06-02T21:12:03.309277,$GPGSV,10,,33
2026-06-02T21:12:03.309277,$GPGSV,25,,39
2026-06-02T21:12:03.309277,$GPGSV,26,,45
2026-06-02T21:12:03.310015,$GPGSV,28,,41
2026-06-02T21:12:03.310015,$GPGSV,31,,44
2026-06-02T21:12:03.310015,$GPGSV,32,,45
2026-06-02T21:12:03.310015,$GPGSV,41,,47
2026-06-02T21:12:03.310516,$GPGSV,42,,47
2026-06-02T21:12:03.310516,$GPGSV,50,,42
2026-06-02T21:12:03.310919,$GPGSV,01,,31
2026-06-02T21:12:03.311622,$GPGSV,10,,34
2026-06-02T21:12:03.311622,$GPGSV,23,,13
2026-06-02T21:12:03.311622,$GPGSV,25,,34
2026-06-02T21:12:03.311622,$GPGSV,26,,47
2026-06-02T21:12:03.312228,$GPGSV,28,,43
2026-06-02T21:12:03.312228,$GPGSV,31,,44
2026-06-02T21:12:03.312228,$GPGSV,32,,43
2026-06-02T21:12:03.313914,$GLGSV,66,,22
2026-06-02T21:12:03.313914,$GLGSV,67,,48
2026-06-02T21:12:03.313914,$GLGSV,68,,30
2026-06-02T21:12:03.313914,$GLGSV,77,,42
2026-06-02T21:12:03.314416,$GLGSV,78,,49
2026-06-02T21:12:03.314416,$GLGSV,79,,24
2026-06-02T21:12:03.315118,$GLGSV,66,,23
2026-06-02T21:12:03.315118,$GLGSV,67,,46
2026-06-02T21:12:03.315118,$GLGSV,68,,33
2026-06-02T21:12:03.315118,$GLGSV,78,,48
2026-06-02T21:12:03.315508,$GLGSV,79,,23
2026-06-02T21:12:03.316712,$GAGSV,05,,48
2026-06-02T21:12:03.316712,$GAGSV,06,,38
2026-06-02T21:12:03.316712,$GAGSV,09,,47
2026-06-02T21:12:03.316712,$GAGSV,16,,49
2026-06-02T21:12:03.317383,$GAGSV,25,,29
2026-06-02T21:12:03.317383,$GAGSV,31,,43
2026-06-02T21:12:03.317383,$GAGSV,34,,44
2026-06-02T21:12:03.317383,$GAGSV,36,,29
2026-06-02T21:12:03.318059,$GAGSV,05,,41
2026-06-02T21:12:03.318059,$GAGSV,06,,36
2026-06-02T21:12:03.318059,$GAGSV,09,,42
2026-06-02T21:12:03.318059,$GAGSV,16,,46
2026-06-02T21:12:03.318547,$GAGSV,31,,38
2026-06-02T21:12:03.318547,$GAGSV,34,,36
2026-06-02T21:12:03.319744,$GBGSV,06,,48
2026-06-02T21:12:03.319744,$GBGSV,07,,45
2026-06-02T21:12:03.319744,$GBGSV,09,,47
2026-06-02T21:12:03.319744,$GBGSV,10,,45
2026-06-02T21:12:03.320424,$GBGSV,23,,27
2026-06-02T21:12:03.320424,$GBGSV,24,,40
2026-06-02T21:12:03.320424,$GBGSV,25,,49
2026-06-02T21:12:03.320424,$GBGSV,33,,48
2026-06-02T21:12:03.320908,$GBGSV,09,,49
2026-06-02T21:12:03.320908,$GBGSV,10,,49
2026-06-02T21:12:04.318239,$GPGSV,02,,14
2026-06-02T21:12:04.318239,$GPGSV,10,,36
2026-06-02T21:12:04.318239,$GPGSV,25,,38
2026-06-02T21:12:04.318239,$GPGSV,26,,43
2026-06-02T21:12:04.319034,$GPGSV,28,,42
2026-06-02T21:12:04.319034,$GPGSV,31,,46
2026-06-02T21:12:04.319034,$GPGSV,32,,47
2026-06-02T21:12:04.319034,$GPGSV,41,,46
2026-06-02T21:12:04.319579,$GPGSV,42,,47
2026-06-02T21:12:04.319579,$GPGSV,50,,42
2026-06-02T21:12:04.320014,$GPGSV,01,,23
2026-06-02T21:12:04.320710,$GPGSV,10,,38
2026-06-02T21:12:04.320710,$GPGSV,23,,13
2026-06-02T21:12:04.320710,$GPGSV,25,,34
2026-06-02T21:12:04.320710,$GPGSV,26,,46
2026-06-02T21:12:04.321307,$GPGSV,28,,46
2026-06-02T21:12:04.321307,$GPGSV,31,,45
2026-06-02T21:12:04.321307,$GPGSV,32,,44
2026-06-02T21:12:04.323016,$GLGSV,66,,21
2026-06-02T21:12:04.323016,$GLGSV,67,,46
2026-06-02T21:12:04.323016,$GLGSV,68,,31
2026-06-02T21:12:04.323016,$GLGSV,77,,42
2026-06-02T21:12:04.323518,$GLGSV,78,,49
2026-06-02T21:12:04.323518,$GLGSV,79,,23
2026-06-02T21:12:04.324232,$GLGSV,66,,23
2026-06-02T21:12:04.324232,$GLGSV,67,,47
2026-06-02T21:12:04.324232,$GLGSV,68,,29
2026-06-02T21:12:04.324232,$GLGSV,78,,48
2026-06-02T21:12:04.324634,$GLGSV,79,,24
2026-06-02T21:12:04.325868,$GAGSV,05,,47
2026-06-02T21:12:04.325868,$GAGSV,06,,38
2026-06-02T21:12:04.325868,$GAGSV,09,,46
2026-06-02T21:12:04.325868,$GAGSV,16,,51
2026-06-02T21:12:04.326568,$GAGSV,25,,29
2026-06-02T21:12:04.326568,$GAGSV,31,,44
2026-06-02T21:12:04.326568,$GAGSV,34,,43
2026-06-02T21:12:04.326568,$GAGSV,36,,30
2026-06-02T21:12:04.327275,$GAGSV,05,,41
2026-06-02T21:12:04.327275,$GAGSV,06,,36
2026-06-02T21:12:04.327275,$GAGSV,09,,42
2026-06-02T21:12:04.327275,$GAGSV,16,,46
2026-06-02T21:12:04.327768,$GAGSV,31,,40
2026-06-02T21:12:04.327768,$GAGSV,34,,36
2026-06-02T21:12:04.328959,$GBGSV,06,,48
2026-06-02T21:12:04.328959,$GBGSV,07,,45
2026-06-02T21:12:04.328959,$GBGSV,09,,47
2026-06-02T21:12:04.328959,$GBGSV,10,,44
2026-06-02T21:12:04.329735,$GBGSV,23,,27
2026-06-02T21:12:04.329735,$GBGSV,24,,41
2026-06-02T21:12:04.329735,$GBGSV,25,,49
2026-06-02T21:12:04.329735,$GBGSV,33,,49
2026-06-02T21:12:04.330216,$GBGSV,09,,49
2026-06-02T21:12:04.330216,$GBGSV,10,,49
2026-06-02T21:12:05.320929,$GPGSV,02,,16
2026-06-02T21:12:05.320929,$GPGSV,10,,36
2026-06-02T21:12:05.320929,$GPGSV,25,,40
2026-06-02T21:12:05.320929,$GPGSV,26,,45
2026-06-02T21:12:05.321730,$GPGSV,28,,42
2026-06-02T21:12:05.321730,$GPGSV,31,,46
2026-06-02T21:12:05.321730,$GPGSV,32,,47
2026-06-02T21:12:05.321730,$GPGSV,41,,45
2026-06-02T21:12:05.322296,$GPGSV,42,,46
2026-06-02T21:12:05.322296,$GPGSV,50,,42
2026-06-02T21:12:05.322741,$GPGSV,01,,30
2026-06-02T21:12:05.323492,$GPGSV,10,,33
2026-06-02T21:12:05.323492,$GPGSV,23,,16
2026-06-02T21:12:05.323492,$GPGSV,25,,37
2026-06-02T21:12:05.323492,$GPGSV,26,,45
2026-06-02T21:12:05.324140,$GPGSV,28,,45
2026-06-02T21:12:05.324140,$GPGSV,31,,43
2026-06-02T21:12:05.324140,$GPGSV,32,,44
2026-06-02T21:12:05.325841,$GLGSV,66,,23
2026-06-02T21:12:05.325841,$GLGSV,67,,47
2026-06-02T21:12:05.325841,$GLGSV,68,,30
2026-06-02T21:12:05.325841,$GLGSV,77,,39
2026-06-02T21:12:05.326344,$GLGSV,78,,49
2026-06-02T21:12:05.326344,$GLGSV,79,,24
2026-06-02T21:12:05.327046,$GLGSV,66,,21
2026-06-02T21:12:05.327046,$GLGSV,67,,46
2026-06-02T21:12:05.327046,$GLGSV,68,,33
2026-06-02T21:12:05.327046,$GLGSV,78,,49
2026-06-02T21:12:05.327447,$GLGSV,79,,23
2026-06-02T21:12:05.328693,$GAGSV,05,,47
2026-06-02T21:12:05.328693,$GAGSV,06,,37
2026-06-02T21:12:05.328693,$GAGSV,09,,47
2026-06-02T21:12:05.328693,$GAGSV,16,,51
2026-06-02T21:12:05.329396,$GAGSV,25,,29
2026-06-02T21:12:05.329396,$GAGSV,31,,43
2026-06-02T21:12:05.329396,$GAGSV,34,,41
2026-06-02T21:12:05.329396,$GAGSV,36,,30
2026-06-02T21:12:05.330123,$GAGSV,05,,41
2026-06-02T21:12:05.330123,$GAGSV,06,,36
2026-06-02T21:12:05.330123,$GAGSV,09,,43
2026-06-02T21:12:05.330123,$GAGSV,16,,45
2026-06-02T21:12:05.330635,$GAGSV,31,,39
2026-06-02T21:12:05.330635,$GAGSV,34,,36
2026-06-02T21:12:05.331877,$GBGSV,06,,48
2026-06-02T21:12:05.331877,$GBGSV,07,,45
2026-06-02T21:12:05.331877,$GBGSV,09,,47
2026-06-02T21:12:05.331877,$GBGSV,10,,44
2026-06-02T21:12:05.332568,$GBGSV,23,,32
2026-06-02T21:12:05.332568,$GBGSV,24,,40
2026-06-02T21:12:05.332568,$GBGSV,25,,49
2026-06-02T21:12:05.332568,$GBGSV,33,,49
2026-06-02T21:12:05.333048,$GBGSV,09,,49
2026-06-02T21:12:05.333048,$GBGSV,10,,47
2026-06-02T21:12:06.328802,$GPGSV,02,,19
2026-06-02T21:12:06.328802,$GPGSV,10,,37
2026-06-02T21:12:06.328802,$GPGSV,25,,38
2026-06-02T21:12:06.328802,$GPGSV,26,,47
2026-06-02T21:12:06.329530,$GPGSV,28,,41
2026-06-02T21:12:06.329530,$GPGSV,31,,44
2026-06-02T21:12:06.329530,$GPGSV,32,,46
2026-06-02T21:12:06.329530,$GPGSV,41,,47
2026-06-02T21:12:06.330041,$GPGSV,42,,45
2026-06-02T21:12:06.330041,$GPGSV,50,,42
2026-06-02T21:12:06.330445,$GPGSV,01,,25
2026-06-02T21:12:06.331154,$GPGSV,10,,36
2026-06-02T21:12:06.331154,$GPGSV,23,,18
2026-06-02T21:12:06.331154,$GPGSV,25,,35
2026-06-02T21:12:06.331154,$GPGSV,26,,45
2026-06-02T21:12:06.331773,$GPGSV,28,,45
2026-06-02T21:12:06.331773,$GPGSV,31,,43
2026-06-02T21:12:06.331773,$GPGSV,32,,45
2026-06-02T21:12:06.333486,$GLGSV,66,,23
2026-06-02T21:12:06.333486,$GLGSV,67,,47
2026-06-02T21:12:06.333486,$GLGSV,68,,30
2026-06-02T21:12:06.333486,$GLGSV,77,,42
2026-06-02T21:12:06.333994,$GLGSV,78,,48
2026-06-02T21:12:06.333994,$GLGSV,79,,21
2026-06-02T21:12:06.334702,$GLGSV,66,,29
2026-06-02T21:12:06.334702,$GLGSV,67,,47
2026-06-02T21:12:06.334702,$GLGSV,68,,22
2026-06-02T21:12:06.334702,$GLGSV,78,,47
2026-06-02T21:12:06.335109,$GLGSV,79,,22
2026-06-02T21:12:06.336303,$GAGSV,05,,47
2026-06-02T21:12:06.336303,$GAGSV,06,,37
2026-06-02T21:12:06.336303,$GAGSV,09,,47
2026-06-02T21:12:06.336303,$GAGSV,16,,51
2026-06-02T21:12:06.336979,$GAGSV,25,,27
2026-06-02T21:12:06.336979,$GAGSV,31,,43
2026-06-02T21:12:06.336979,$GAGSV,34,,42
2026-06-02T21:12:06.336979,$GAGSV,36,,30
2026-06-02T21:12:06.337649,$GAGSV,05,,41
2026-06-02T21:12:06.337649,$GAGSV,06,,35
2026-06-02T21:12:06.337649,$GAGSV,09,,41
2026-06-02T21:12:06.337649,$GAGSV,16,,46
2026-06-02T21:12:06.338126,$GAGSV,31,,39
2026-06-02T21:12:06.338126,$GAGSV,34,,36
2026-06-02T21:12:06.339315,$GBGSV,06,,49
2026-06-02T21:12:06.339315,$GBGSV,07,,46
2026-06-02T21:12:06.339315,$GBGSV,09,,47
2026-06-02T21:12:06.339315,$GBGSV,10,,45
2026-06-02T21:12:06.340001,$GBGSV,23,,27
2026-06-02T21:12:06.340001,$GBGSV,24,,40
2026-06-02T21:12:06.340001,$GBGSV,25,,49
2026-06-02T21:12:06.340001,$GBGSV,33,,48
2026-06-02T21:12:06.340487,$GBGSV,09,,49
2026-06-02T21:12:06.340487,$GBGSV,10,,48
2026-06-02T21:12:07.315485,$GPGSV,02,,18
2026-06-02T21:12:07.315485,$GPGSV,10,,45
2026-06-02T21:12:07.315485,$GPGSV,25,,38
2026-06-02T21:12:07.315485,$GPGSV,26,,48
2026-06-02T21:12:07.316232,$GPGSV,28,,45
2026-06-02T21:12:07.316232,$GPGSV,31,,47
2026-06-02T21:12:07.316232,$GPGSV,32,,47
2026-06-02T21:12:07.316232,$GPGSV,41,,48
2026-06-02T21:12:07.316747,$GPGSV,42,,45
2026-06-02T21:12:07.316747,$GPGSV,50,,40
2026-06-02T21:12:07.317152,$GPGSV,01,,27
2026-06-02T21:12:07.317843,$GPGSV,10,,34
2026-06-02T21:12:07.317843,$GPGSV,23,,18
2026-06-02T21:12:07.317843,$GPGSV,25,,37
2026-06-02T21:12:07.317843,$GPGSV,26,,46
2026-06-02T21:12:07.318443,$GPGSV,28,,45
2026-06-02T21:12:07.318443,$GPGSV,31,,46
2026-06-02T21:12:07.318443,$GPGSV,32,,44
2026-06-02T21:12:07.320144,$GLGSV,66,,22
2026-06-02T21:12:07.320144,$GLGSV,67,,47
2026-06-02T21:12:07.320144,$GLGSV,68,,23
2026-06-02T21:12:07.320144,$GLGSV,77,,41
2026-06-02T21:12:07.320647,$GLGSV,78,,49
2026-06-02T21:12:07.320647,$GLGSV,79,,21
2026-06-02T21:12:07.321336,$GLGSV,66,,23
2026-06-02T21:12:07.321336,$GLGSV,67,,47
2026-06-02T21:12:07.321336,$GLGSV,68,,30
2026-06-02T21:12:07.321336,$GLGSV,78,,47
2026-06-02T21:12:07.321731,$GLGSV,79,,22
2026-06-02T21:12:07.322926,$GAGSV,05,,47
2026-06-02T21:12:07.322926,$GAGSV,06,,39
2026-06-02T21:12:07.322926,$GAGSV,09,,46
2026-06-02T21:12:07.322926,$GAGSV,16,,51
2026-06-02T21:12:07.323620,$GAGSV,25,,27
2026-06-02T21:12:07.323620,$GAGSV,31,,43
2026-06-02T21:12:07.323620,$GAGSV,34,,43
2026-06-02T21:12:07.323620,$GAGSV,36,,25
2026-06-02T21:12:07.324303,$GAGSV,05,,42
2026-06-02T21:12:07.324303,$GAGSV,06,,35
2026-06-02T21:12:07.324303,$GAGSV,09,,42
2026-06-02T21:12:07.324303,$GAGSV,16,,46
2026-06-02T21:12:07.324790,$GAGSV,31,,39
2026-06-02T21:12:07.324790,$GAGSV,34,,39
2026-06-02T21:12:07.325980,$GBGSV,06,,49
2026-06-02T21:12:07.325980,$GBGSV,07,,46
2026-06-02T21:12:07.325980,$GBGSV,09,,47
2026-06-02T21:12:07.325980,$GBGSV,10,,45
2026-06-02T21:12:07.326659,$GBGSV,23,,25
2026-06-02T21:12:07.326659,$GBGSV,24,,43
2026-06-02T21:12:07.326659,$GBGSV,25,,48
2026-06-02T21:12:07.326659,$GBGSV,33,,48
2026-06-02T21:12:07.327158,$GBGSV,09,,48
2026-06-02T21:12:07.327158,$GBGSV,10,,47
2026-06-02T21:12:08.320367,$GPGSV,02,,16
2026-06-02T21:12:08.320367,$GPGSV,10,,42
2026-06-02T21:12:08.320367,$GPGSV,25,,39
2026-06-02T21:12:08.320367,$GPGSV,26,,45
2026-06-02T21:12:08.321103,$GPGSV,28,,44
2026-06-02T21:12:08.321103,$GPGSV,31,,47
2026-06-02T21:12:08.321103,$GPGSV,32,,46
2026-06-02T21:12:08.321103,$GPGSV,41,,46
2026-06-02T21:12:08.321617,$GPGSV,42,,45
2026-06-02T21:12:08.321617,$GPGSV,50,,41
2026-06-02T21:12:08.322019,$GPGSV,01,,26
2026-06-02T21:12:08.322721,$GPGSV,10,,35
2026-06-02T21:12:08.322721,$GPGSV,23,,17
2026-06-02T21:12:08.322721,$GPGSV,25,,37
2026-06-02T21:12:08.322721,$GPGSV,26,,46
2026-06-02T21:12:08.323328,$GPGSV,28,,45
2026-06-02T21:12:08.323328,$GPGSV,31,,45
2026-06-02T21:12:08.323328,$GPGSV,32,,43
2026-06-02T21:12:08.325055,$GLGSV,66,,23
2026-06-02T21:12:08.325055,$GLGSV,67,,49
2026-06-02T21:12:08.325055,$GLGSV,68,,31
2026-06-02T21:12:08.325055,$GLGSV,77,,41
2026-06-02T21:12:08.325537,$GLGSV,78,,49
2026-06-02T21:12:08.325537,$GLGSV,79,,22
2026-06-02T21:12:08.326213,$GLGSV,66,,21
2026-06-02T21:12:08.326213,$GLGSV,67,,47
2026-06-02T21:12:08.326213,$GLGSV,68,,26
2026-06-02T21:12:08.326213,$GLGSV,78,,48
2026-06-02T21:12:08.326613,$GLGSV,79,,23
2026-06-02T21:12:08.327817,$GAGSV,05,,48
2026-06-02T21:12:08.327817,$GAGSV,06,,38
2026-06-02T21:12:08.327817,$GAGSV,09,,48
2026-06-02T21:12:08.327817,$GAGSV,16,,49
2026-06-02T21:12:08.328491,$GAGSV,25,,27
2026-06-02T21:12:08.328491,$GAGSV,31,,42
2026-06-02T21:12:08.328491,$GAGSV,34,,42
2026-06-02T21:12:08.328491,$GAGSV,36,,25
2026-06-02T21:12:08.329163,$GAGSV,05,,42
2026-06-02T21:12:08.329163,$GAGSV,06,,35
2026-06-02T21:12:08.329163,$GAGSV,09,,43
2026-06-02T21:12:08.329163,$GAGSV,16,,46
2026-06-02T21:12:08.329671,$GAGSV,31,,38
2026-06-02T21:12:08.329671,$GAGSV,34,,33
2026-06-02T21:12:08.330861,$GBGSV,06,,47
2026-06-02T21:12:08.330861,$GBGSV,07,,45
2026-06-02T21:12:08.330861,$GBGSV,09,,47
2026-06-02T21:12:08.330861,$GBGSV,10,,44
2026-06-02T21:12:08.331533,$GBGSV,23,,27
2026-06-02T21:12:08.331533,$GBGSV,24,,42
2026-06-02T21:12:08.331533,$GBGSV,25,,49
2026-06-02T21:12:08.331533,$GBGSV,33,,49
2026-06-02T21:12:08.332036,$GBGSV,09,,49
2026-06-02T21:12:08.332036,$GBGSV,10,,49
2026-06-02T21:12:09.319189,$GPGSV,02,,15
2026-06-02T21:12:09.319189,$GPGSV,10,,47
2026-06-02T21:12:09.319189,$GPGSV,25,,40
2026-06-02T21:12:09.319189,$GPGSV,26,,45
2026-06-02T21:12:09.319904,$GPGSV,28,,41
2026-06-02T21:12:09.319904,$GPGSV,31,,44
2026-06-02T21:12:09.319904,$GPGSV,32,,46
2026-06-02T21:12:09.319904,$GPGSV,41,,46
2026-06-02T21:12:09.320397,$GPGSV,42,,46
2026-06-02T21:12:09.320397,$GPGSV,50,,42
2026-06-02T21:12:09.320786,$GPGSV,01,,25
2026-06-02T21:12:09.321455,$GPGSV,10,,28
2026-06-02T21:12:09.321455,$GPGSV,23,,16
2026-06-02T21:12:09.321455,$GPGSV,25,,39
2026-06-02T21:12:09.321455,$GPGSV,26,,45
2026-06-02T21:12:09.322035,$GPGSV,28,,46
2026-06-02T21:12:09.322035,$GPGSV,31,,43
2026-06-02T21:12:09.322035,$GPGSV,32,,44
2026-06-02T21:12:09.323673,$GLGSV,66,,25
2026-06-02T21:12:09.323673,$GLGSV,67,,47
2026-06-02T21:12:09.323673,$GLGSV,68,,32
2026-06-02T21:12:09.323673,$GLGSV,77,,40
2026-06-02T21:12:09.324165,$GLGSV,78,,49
2026-06-02T21:12:09.324165,$GLGSV,79,,22
2026-06-02T21:12:09.324966,$GLGSV,66,,22
2026-06-02T21:12:09.324966,$GLGSV,67,,47
2026-06-02T21:12:09.324966,$GLGSV,68,,25
2026-06-02T21:12:09.324966,$GLGSV,78,,49
2026-06-02T21:12:09.325382,$GLGSV,79,,22
2026-06-02T21:12:09.326571,$GAGSV,05,,48
2026-06-02T21:12:09.326571,$GAGSV,06,,38
2026-06-02T21:12:09.326571,$GAGSV,09,,48
2026-06-02T21:12:09.326571,$GAGSV,16,,49
2026-06-02T21:12:09.327225,$GAGSV,25,,27
2026-06-02T21:12:09.327225,$GAGSV,31,,42
2026-06-02T21:12:09.327225,$GAGSV,34,,41
2026-06-02T21:12:09.327225,$GAGSV,36,,26
2026-06-02T21:12:09.327889,$GAGSV,05,,40
2026-06-02T21:12:09.327889,$GAGSV,06,,35
2026-06-02T21:12:09.327889,$GAGSV,09,,43
2026-06-02T21:12:09.327889,$GAGSV,16,,45
2026-06-02T21:12:09.328356,$GAGSV,31,,35
2026-06-02T21:12:09.328356,$GAGSV,34,,30
2026-06-02T21:12:09.329496,$GBGSV,06,,47
2026-06-02T21:12:09.329496,$GBGSV,07,,46
2026-06-02T21:12:09.329496,$GBGSV,09,,47
2026-06-02T21:12:09.329496,$GBGSV,10,,45
2026-06-02T21:12:09.330124,$GBGSV,23,,27
2026-06-02T21:12:09.330124,$GBGSV,24,,41
2026-06-02T21:12:09.330124,$GBGSV,25,,49
2026-06-02T21:12:09.330124,$GBGSV,33,,49
2026-06-02T21:12:09.330565,$GBGSV,09,,48
2026-06-02T21:12:09.330565,$GBGSV,10,,49
2026-06-02T21:12:10.317511,$GPGSV,02,,15
2026-06-02T21:12:10.317511,$GPGSV,10,,46
2026-06-02T21:12:10.317511,$GPGSV,25,,40
2026-06-02T21:12:10.317511,$GPGSV,26,,47
2026-06-02T21:12:10.318289,$GPGSV,28,,43
2026-06-02T21:12:10.318289,$GPGSV,31,,48
2026-06-02T21:12:10.318289,$GPGSV,32,,48
2026-06-02T21:12:10.318289,$GPGSV,41,,45
2026-06-02T21:12:10.318794,$GPGSV,42,,48
2026-06-02T21:12:10.318794,$GPGSV,50,,43
2026-06-02T21:12:10.319491,$GPGSV,01,,27
2026-06-02T21:12:10.319491,$GPGSV,10,,44
2026-06-02T21:12:10.319491,$GPGSV,23,,15
2026-06-02T21:12:10.319491,$GPGSV,25,,40
2026-06-02T21:12:10.320235,$GPGSV,26,,45
2026-06-02T21:12:10.320235,$GPGSV,28,,45
2026-06-02T21:12:10.320235,$GPGSV,31,,46
2026-06-02T21:12:10.320235,$GPGSV,32,,43
2026-06-02T21:12:10.321946,$GLGSV,66,,26
2026-06-02T21:12:10.321946,$GLGSV,67,,46
2026-06-02T21:12:10.321946,$GLGSV,68,,32
2026-06-02T21:12:10.321946,$GLGSV,77,,42
2026-06-02T21:12:10.322445,$GLGSV,78,,49
2026-06-02T21:12:10.322445,$GLGSV,79,,23
2026-06-02T21:12:10.323134,$GLGSV,66,,21
2026-06-02T21:12:10.323134,$GLGSV,67,,47
2026-06-02T21:12:10.323134,$GLGSV,68,,34
2026-06-02T21:12:10.323134,$GLGSV,78,,49
2026-06-02T21:12:10.323536,$GLGSV,79,,22
2026-06-02T21:12:10.324778,$GAGSV,05,,48
2026-06-02T21:12:10.324778,$GAGSV,06,,38
2026-06-02T21:12:10.324778,$GAGSV,09,,46
2026-06-02T21:12:10.324778,$GAGSV,16,,50
2026-06-02T21:12:10.325477,$GAGSV,25,,27
2026-06-02T21:12:10.325477,$GAGSV,31,,42
2026-06-02T21:12:10.325477,$GAGSV,34,,42
2026-06-02T21:12:10.325477,$GAGSV,36,,27
2026-06-02T21:12:10.326148,$GAGSV,05,,42
2026-06-02T21:12:10.326148,$GAGSV,06,,34
2026-06-02T21:12:10.326148,$GAGSV,09,,41
2026-06-02T21:12:10.326148,$GAGSV,16,,44
2026-06-02T21:12:10.326630,$GAGSV,31,,35
2026-06-02T21:12:10.326630,$GAGSV,34,,35
2026-06-02T21:12:10.327828,$GBGSV,06,,48
2026-06-02T21:12:10.327828,$GBGSV,07,,46
2026-06-02T21:12:10.327828,$GBGSV,09,,47
2026-06-02T21:12:10.327828,$GBGSV,10,,44
2026-06-02T21:12:10.328514,$GBGSV,23,,26
2026-06-02T21:12:10.328514,$GBGSV,24,,39
2026-06-02T21:12:10.328514,$GBGSV,25,,49
2026-06-02T21:12:10.328514,$GBGSV,33,,49
2026-06-02T21:12:10.329079,$GBGSV,09,,49
2026-06-02T21:12:10.329079,$GBGSV,10,,47
2026-06-02T21:12:11.319133,$GPGSV,02,,15
2026-06-02T21:12:11.319133,$GPGSV,10,,45
2026-06-02T21:12:11.319133,$GPGSV,25,,40
2026-06-02T21:12:11.319133,$GPGSV,26,,45
2026-06-02T21:12:11.319850,$GPGSV,28,,44
2026-06-02T21:12:11.319850,$GPGSV,31,,44
2026-06-02T21:12:11.319850,$GPGSV,32,,46
2026-06-02T21:12:11.319850,$GPGSV,41,,45
2026-06-02T21:12:11.320348,$GPGSV,42,,47
2026-06-02T21:12:11.320348,$GPGSV,50,,44
2026-06-02T21:12:11.321028,$GPGSV,01,,30
2026-06-02T21:12:11.321028,$GPGSV,10,,49
2026-06-02T21:12:11.321028,$GPGSV,23,,17
2026-06-02T21:12:11.321028,$GPGSV,25,,39
2026-06-02T21:12:11.321703,$GPGSV,26,,44
2026-06-02T21:12:11.321703,$GPGSV,28,,46
2026-06-02T21:12:11.321703,$GPGSV,31,,45
2026-06-02T21:12:11.321703,$GPGSV,32,,44
2026-06-02T21:12:11.323332,$GLGSV,66,,25
2026-06-02T21:12:11.323332,$GLGSV,67,,49
2026-06-02T21:12:11.323332,$GLGSV,68,,37
2026-06-02T21:12:11.323332,$GLGSV,77,,39
2026-06-02T21:12:11.323804,$GLGSV,78,,48
2026-06-02T21:12:11.323804,$GLGSV,79,,22
2026-06-02T21:12:11.324462,$GLGSV,66,,24
2026-06-02T21:12:11.324462,$GLGSV,67,,47
2026-06-02T21:12:11.324462,$GLGSV,68,,26
2026-06-02T21:12:11.324462,$GLGSV,78,,47
2026-06-02T21:12:11.324836,$GLGSV,79,,21
2026-06-02T21:12:11.325992,$GAGSV,05,,48
2026-06-02T21:12:11.325992,$GAGSV,06,,39
2026-06-02T21:12:11.325992,$GAGSV,09,,46
2026-06-02T21:12:11.325992,$GAGSV,16,,52
2026-06-02T21:12:11.326848,$GAGSV,25,,26
2026-06-02T21:12:11.326848,$GAGSV,31,,38
2026-06-02T21:12:11.326848,$GAGSV,34,,43
2026-06-02T21:12:11.326848,$GAGSV,36,,26
2026-06-02T21:12:11.327475,$GAGSV,05,,41
2026-06-02T21:12:11.327475,$GAGSV,06,,34
2026-06-02T21:12:11.327475,$GAGSV,09,,42
2026-06-02T21:12:11.327475,$GAGSV,16,,45
2026-06-02T21:12:11.327941,$GAGSV,31,,36
2026-06-02T21:12:11.327941,$GAGSV,34,,40
2026-06-02T21:12:11.329033,$GBGSV,06,,48
2026-06-02T21:12:11.329033,$GBGSV,07,,45
2026-06-02T21:12:11.329033,$GBGSV,09,,46
2026-06-02T21:12:11.329033,$GBGSV,10,,46
2026-06-02T21:12:11.329639,$GBGSV,23,,25
2026-06-02T21:12:11.329639,$GBGSV,24,,41
2026-06-02T21:12:11.329639,$GBGSV,25,,50
2026-06-02T21:12:11.329639,$GBGSV,33,,49
2026-06-02T21:12:11.330073,$GBGSV,09,,49
2026-06-02T21:12:11.330073,$GBGSV,10,,48
2026-06-02T21:12:12.308226,$GPGSV,02,,17
2026-06-02T21:12:12.308226,$GPGSV,10,,51
2026-06-02T21:12:12.308226,$GPGSV,25,,40
2026-06-02T21:12:12.308226,$GPGSV,26,,45
2026-06-02T21:12:12.308931,$GPGSV,28,,43
2026-06-02T21:12:12.308931,$GPGSV,31,,43
2026-06-02T21:12:12.308931,$GPGSV,32,,46
2026-06-02T21:12:12.308931,$GPGSV,41,,45
2026-06-02T21:12:12.309432,$GPGSV,42,,46
2026-06-02T21:12:12.309432,$GPGSV,50,,44
2026-06-02T21:12:12.310103,$GPGSV,01,,21
2026-06-02T21:12:12.310103,$GPGSV,10,,49
2026-06-02T21:12:12.310103,$GPGSV,23,,14
2026-06-02T21:12:12.310103,$GPGSV,25,,37
2026-06-02T21:12:12.310787,$GPGSV,26,,46
2026-06-02T21:12:12.310787,$GPGSV,28,,44
2026-06-02T21:12:12.310787,$GPGSV,31,,42
2026-06-02T21:12:12.310787,$GPGSV,32,,44
2026-06-02T21:12:12.312426,$GLGSV,66,,25
2026-06-02T21:12:12.312426,$GLGSV,67,,47
2026-06-02T21:12:12.312426,$GLGSV,68,,32
2026-06-02T21:12:12.312426,$GLGSV,77,,39
2026-06-02T21:12:12.312909,$GLGSV,78,,49
2026-06-02T21:12:12.312909,$GLGSV,79,,21
2026-06-02T21:12:12.313575,$GLGSV,66,,24
2026-06-02T21:12:12.313575,$GLGSV,67,,46
2026-06-02T21:12:12.313575,$GLGSV,68,,32
2026-06-02T21:12:12.313575,$GLGSV,78,,47
2026-06-02T21:12:12.313965,$GLGSV,79,,19
2026-06-02T21:12:12.315141,$GAGSV,05,,48
2026-06-02T21:12:12.315141,$GAGSV,06,,39
2026-06-02T21:12:12.315141,$GAGSV,09,,46
2026-06-02T21:12:12.315141,$GAGSV,16,,52
2026-06-02T21:12:12.315825,$GAGSV,25,,32
2026-06-02T21:12:12.315825,$GAGSV,31,,39
2026-06-02T21:12:12.315825,$GAGSV,34,,43
2026-06-02T21:12:12.315825,$GAGSV,36,,26
2026-06-02T21:12:12.316494,$GAGSV,05,,41
2026-06-02T21:12:12.316494,$GAGSV,06,,34
2026-06-02T21:12:12.316494,$GAGSV,09,,42
2026-06-02T21:12:12.316494,$GAGSV,16,,47
2026-06-02T21:12:12.316980,$GAGSV,31,,35
2026-06-02T21:12:12.316980,$GAGSV,34,,40
2026-06-02T21:12:12.318143,$GBGSV,06,,48
2026-06-02T21:12:12.318143,$GBGSV,07,,45
2026-06-02T21:12:12.318143,$GBGSV,09,,46
2026-06-02T21:12:12.318143,$GBGSV,10,,45
2026-06-02T21:12:12.318784,$GBGSV,23,,27
2026-06-02T21:12:12.318784,$GBGSV,24,,41
2026-06-02T21:12:12.318784,$GBGSV,25,,49
2026-06-02T21:12:12.318784,$GBGSV,33,,49
2026-06-02T21:12:12.319264,$GBGSV,09,,49
2026-06-02T21:12:12.319264,$GBGSV,10,,47
2026-06-02T21:12:13.316633,$GPGSV,02,,17
2026-06-02T21:12:13.316633,$GPGSV,10,,46
2026-06-02T21:12:13.316633,$GPGSV,25,,40
2026-06-02T21:12:13.316633,$GPGSV,26,,46
2026-06-02T21:12:13.317365,$GPGSV,28,,43
2026-06-02T21:12:13.317365,$GPGSV,31,,46
2026-06-02T21:12:13.317365,$GPGSV,32,,46
2026-06-02T21:12:13.317365,$GPGSV,41,,46
2026-06-02T21:12:13.317879,$GPGSV,42,,45
2026-06-02T21:12:13.317879,$GPGSV,50,,43
2026-06-02T21:12:13.318585,$GPGSV,01,,23
2026-06-02T21:12:13.318585,$GPGSV,10,,49
2026-06-02T21:12:13.318585,$GPGSV,23,,14
2026-06-02T21:12:13.318585,$GPGSV,25,,37
2026-06-02T21:12:13.319286,$GPGSV,26,,44
2026-06-02T21:12:13.319286,$GPGSV,28,,46
2026-06-02T21:12:13.319286,$GPGSV,31,,42
2026-06-02T21:12:13.319286,$GPGSV,32,,43
2026-06-02T21:12:13.320986,$GLGSV,66,,26
2026-06-02T21:12:13.320986,$GLGSV,67,,47
2026-06-02T21:12:13.320986,$GLGSV,68,,33
2026-06-02T21:12:13.320986,$GLGSV,77,,40
2026-06-02T21:12:13.321473,$GLGSV,78,,49
2026-06-02T21:12:13.321473,$GLGSV,79,,20
2026-06-02T21:12:13.322148,$GLGSV,66,,23
2026-06-02T21:12:13.322148,$GLGSV,67,,47
2026-06-02T21:12:13.322148,$GLGSV,68,,32
2026-06-02T21:12:13.322148,$GLGSV,78,,48
2026-06-02T21:12:13.322534,$GLGSV,79,,19
2026-06-02T21:12:13.323730,$GAGSV,05,,47
2026-06-02T21:12:13.323730,$GAGSV,06,,39
2026-06-02T21:12:13.323730,$GAGSV,09,,46
2026-06-02T21:12:13.323730,$GAGSV,16,,51
2026-06-02T21:12:13.324410,$GAGSV,25,,31
2026-06-02T21:12:13.324410,$GAGSV,31,,39
2026-06-02T21:12:13.324410,$GAGSV,34,,44
2026-06-02T21:12:13.324410,$GAGSV,36,,25
2026-06-02T21:12:13.325080,$GAGSV,05,,42
2026-06-02T21:12:13.325080,$GAGSV,06,,34
2026-06-02T21:12:13.325080,$GAGSV,09,,43
2026-06-02T21:12:13.325080,$GAGSV,16,,46
2026-06-02T21:12:13.325566,$GAGSV,31,,35
2026-06-02T21:12:13.325566,$GAGSV,34,,39
2026-06-02T21:12:13.326769,$GBGSV,06,,48
2026-06-02T21:12:13.326769,$GBGSV,07,,46
2026-06-02T21:12:13.326769,$GBGSV,09,,47
2026-06-02T21:12:13.326769,$GBGSV,10,,45
2026-06-02T21:12:13.327454,$GBGSV,23,,28
2026-06-02T21:12:13.327454,$GBGSV,24,,44
2026-06-02T21:12:13.327454,$GBGSV,25,,48
2026-06-02T21:12:13.327454,$GBGSV,33,,49
2026-06-02T21:12:13.327947,$GBGSV,09,,49
2026-06-02T21:12:13.327947,$GBGSV,10,,48
2026-06-02T21:12:14.317284,$GPGSV,02,,17
2026-06-02T21:12:14.317284,$GPGSV,10,,49
2026-06-02T21:12:14.317284,$GPGSV,25,,39
2026-06-02T21:12:14.317284,$GPGSV,26,,45
2026-06-02T21:12:14.318015,$GPGSV,28,,43
2026-06-02T21:12:14.318015,$GPGSV,31,,44
2026-06-02T21:12:14.318015,$GPGSV,32,,45
2026-06-02T21:12:14.318015,$GPGSV,41,,47
2026-06-02T21:12:14.318529,$GPGSV,42,,45
2026-06-02T21:12:14.318529,$GPGSV,50,,41
2026-06-02T21:12:14.319220,$GPGSV,01,,29
2026-06-02T21:12:14.319220,$GPGSV,10,,47
2026-06-02T21:12:14.319220,$GPGSV,23,,13
2026-06-02T21:12:14.319220,$GPGSV,25,,37
2026-06-02T21:12:14.319926,$GPGSV,26,,43
2026-06-02T21:12:14.319926,$GPGSV,28,,45
2026-06-02T21:12:14.319926,$GPGSV,31,,44
2026-06-02T21:12:14.319926,$GPGSV,32,,43
2026-06-02T21:12:14.321555,$GLGSV,66,,27
2026-06-02T21:12:14.321555,$GLGSV,67,,47
2026-06-02T21:12:14.321555,$GLGSV,68,,36
2026-06-02T21:12:14.321555,$GLGSV,77,,38
2026-06-02T21:12:14.322039,$GLGSV,78,,48
2026-06-02T21:12:14.322039,$GLGSV,79,,20
2026-06-02T21:12:14.322703,$GLGSV,66,,22
2026-06-02T21:12:14.322703,$GLGSV,67,,48
2026-06-02T21:12:14.322703,$GLGSV,68,,26
2026-06-02T21:12:14.322703,$GLGSV,78,,49
2026-06-02T21:12:14.323091,$GLGSV,79,,18
2026-06-02T21:12:14.324278,$GAGSV,05,,48
2026-06-02T21:12:14.324278,$GAGSV,06,,39
2026-06-02T21:12:14.324278,$GAGSV,09,,47
2026-06-02T21:12:14.324278,$GAGSV,16,,51
2026-06-02T21:12:14.324949,$GAGSV,25,,25
2026-06-02T21:12:14.324949,$GAGSV,31,,39
2026-06-02T21:12:14.324949,$GAGSV,34,,44
2026-06-02T21:12:14.324949,$GAGSV,36,,26
2026-06-02T21:12:14.325612,$GAGSV,05,,42
2026-06-02T21:12:14.325612,$GAGSV,06,,34
2026-06-02T21:12:14.325612,$GAGSV,09,,41
2026-06-02T21:12:14.325612,$GAGSV,16,,46
2026-06-02T21:12:14.326098,$GAGSV,31,,32
2026-06-02T21:12:14.326098,$GAGSV,34,,41
2026-06-02T21:12:14.327285,$GBGSV,06,,48
2026-06-02T21:12:14.327285,$GBGSV,07,,44
2026-06-02T21:12:14.327285,$GBGSV,09,,47
2026-06-02T21:12:14.327285,$GBGSV,10,,44
2026-06-02T21:12:14.327967,$GBGSV,23,,29
2026-06-02T21:12:14.327967,$GBGSV,24,,43
2026-06-02T21:12:14.327967,$GBGSV,25,,49
2026-06-02T21:12:14.327967,$GBGSV,33,,49
2026-06-02T21:12:14.328450,$GBGSV,09,,49
2026-06-02T21:12:14.328450,$GBGSV,10,,49
2026-06-02T21:12:15.315371,$GPGSV,02,,17
2026-06-02T21:12:15.315371,$GPGSV,10,,43
2026-06-02T21:12:15.315371,$GPGSV,25,,39
2026-06-02T21:12:15.315371,$GPGSV,26,,47
2026-06-02T21:12:15.316120,$GPGSV,28,,43
2026-06-02T21:12:15.316120,$GPGSV,31,,45
2026-06-02T21:12:15.316120,$GPGSV,32,,46
2026-06-02T21:12:15.316120,$GPGSV,41,,47
2026-06-02T21:12:15.316635,$GPGSV,42,,46
2026-06-02T21:12:15.316635,$GPGSV,50,,40
2026-06-02T21:12:15.317338,$GPGSV,01,,34
2026-06-02T21:12:15.317338,$GPGSV,10,,44
2026-06-02T21:12:15.317338,$GPGSV,23,,14
2026-06-02T21:12:15.317338,$GPGSV,25,,36
2026-06-02T21:12:15.318010,$GPGSV,26,,46
2026-06-02T21:12:15.318010,$GPGSV,28,,46
2026-06-02T21:12:15.318010,$GPGSV,31,,45
2026-06-02T21:12:15.318010,$GPGSV,32,,44
2026-06-02T21:12:15.319641,$GLGSV,66,,26
2026-06-02T21:12:15.319641,$GLGSV,67,,46
2026-06-02T21:12:15.319641,$GLGSV,68,,33
2026-06-02T21:12:15.319641,$GLGSV,77,,41
2026-06-02T21:12:15.320124,$GLGSV,78,,48
2026-06-02T21:12:15.320124,$GLGSV,79,,20
2026-06-02T21:12:15.320795,$GLGSV,66,,22
2026-06-02T21:12:15.320795,$GLGSV,67,,46
2026-06-02T21:12:15.320795,$GLGSV,68,,29
2026-06-02T21:12:15.320795,$GLGSV,78,,48
2026-06-02T21:12:15.321180,$GLGSV,79,,17
2026-06-02T21:12:15.322354,$GAGSV,05,,49
2026-06-02T21:12:15.322354,$GAGSV,06,,39
2026-06-02T21:12:15.322354,$GAGSV,09,,47
2026-06-02T21:12:15.322354,$GAGSV,16,,51
2026-06-02T21:12:15.323022,$GAGSV,25,,24
2026-06-02T21:12:15.323022,$GAGSV,31,,37
2026-06-02T21:12:15.323022,$GAGSV,34,,45
2026-06-02T21:12:15.323022,$GAGSV,36,,26
2026-06-02T21:12:15.323706,$GAGSV,05,,42
2026-06-02T21:12:15.323706,$GAGSV,06,,35
2026-06-02T21:12:15.323706,$GAGSV,09,,43
2026-06-02T21:12:15.323706,$GAGSV,16,,47
2026-06-02T21:12:15.324185,$GAGSV,31,,31
2026-06-02T21:12:15.324185,$GAGSV,34,,41
2026-06-02T21:12:15.325367,$GBGSV,06,,47
2026-06-02T21:12:15.325367,$GBGSV,07,,44
2026-06-02T21:12:15.325367,$GBGSV,09,,47
2026-06-02T21:12:15.325367,$GBGSV,10,,43
2026-06-02T21:12:15.326045,$GBGSV,23,,29
2026-06-02T21:12:15.326045,$GBGSV,24,,43
2026-06-02T21:12:15.326045,$GBGSV,25,,49
2026-06-02T21:12:15.326045,$GBGSV,33,,50
2026-06-02T21:12:15.326523,$GBGSV,09,,49
2026-06-02T21:12:15.326523,$GBGSV,10,,47
2026-06-02T21:12:16.315838,$GPGSV,02,,16
2026-06-02T21:12:16.315838,$GPGSV,10,,45
2026-06-02T21:12:16.315838,$GPGSV,25,,38
2026-06-02T21:12:16.315838,$GPGSV,26,,47
2026-06-02T21:12:16.316634,$GPGSV,28,,43
2026-06-02T21:12:16.316634,$GPGSV,31,,46
2026-06-02T21:12:16.316634,$GPGSV,32,,47
2026-06-02T21:12:16.316634,$GPGSV,41,,46
2026-06-02T21:12:16.317167,$GPGSV,42,,45
2026-06-02T21:12:16.317167,$GPGSV,50,,39
2026-06-02T21:12:16.317903,$GPGSV,01,,27
2026-06-02T21:12:16.317903,$GPGSV,10,,40
2026-06-02T21:12:16.317903,$GPGSV,23,,15
2026-06-02T21:12:16.317903,$GPGSV,25,,36
2026-06-02T21:12:16.318632,$GPGSV,26,,45
2026-06-02T21:12:16.318632,$GPGSV,28,,45
2026-06-02T21:12:16.318632,$GPGSV,31,,43
2026-06-02T21:12:16.318632,$GPGSV,32,,45
2026-06-02T21:12:16.320320,$GLGSV,66,,25
2026-06-02T21:12:16.320320,$GLGSV,67,,48
2026-06-02T21:12:16.320320,$GLGSV,68,,37
2026-06-02T21:12:16.320320,$GLGSV,77,,41
2026-06-02T21:12:16.320821,$GLGSV,78,,49
2026-06-02T21:12:16.320821,$GLGSV,79,,19
2026-06-02T21:12:16.321506,$GLGSV,66,,22
2026-06-02T21:12:16.321506,$GLGSV,67,,48
2026-06-02T21:12:16.321506,$GLGSV,68,,36
2026-06-02T21:12:16.321506,$GLGSV,78,,48
2026-06-02T21:12:16.321907,$GLGSV,79,,15
2026-06-02T21:12:16.323133,$GAGSV,05,,48
2026-06-02T21:12:16.323133,$GAGSV,06,,39
2026-06-02T21:12:16.323133,$GAGSV,09,,47
2026-06-02T21:12:16.323133,$GAGSV,16,,50
2026-06-02T21:12:16.323846,$GAGSV,25,,24
2026-06-02T21:12:16.323846,$GAGSV,31,,34
2026-06-02T21:12:16.323846,$GAGSV,34,,46
2026-06-02T21:12:16.323846,$GAGSV,36,,25
2026-06-02T21:12:16.324545,$GAGSV,05,,42
2026-06-02T21:12:16.324545,$GAGSV,06,,34
2026-06-02T21:12:16.324545,$GAGSV,09,,42
2026-06-02T21:12:16.324545,$GAGSV,16,,46
2026-06-02T21:12:16.325045,$GAGSV,31,,31
2026-06-02T21:12:16.325045,$GAGSV,34,,41
2026-06-02T21:12:16.326269,$GBGSV,06,,48
2026-06-02T21:12:16.326269,$GBGSV,07,,45
2026-06-02T21:12:16.326269,$GBGSV,09,,47
2026-06-02T21:12:16.326269,$GBGSV,10,,45
2026-06-02T21:12:16.326937,$GBGSV,23,,28
2026-06-02T21:12:16.326937,$GBGSV,24,,44
2026-06-02T21:12:16.326937,$GBGSV,25,,49
2026-06-02T21:12:16.326937,$GBGSV,33,,48
2026-06-02T21:12:16.327417,$GBGSV,09,,49
2026-06-02T21:12:16.327417,$GBGSV,10,,47
2026-06-02T21:12:17.321459,$GPGSV,02,,17
2026-06-02T21:12:17.321459,$GPGSV,10,,43
2026-06-02T21:12:17.321459,$GPGSV,25,,36
2026-06-02T21:12:17.321459,$GPGSV,26,,45
2026-06-02T21:12:17.322195,$GPGSV,28,,43
2026-06-02T21:12:17.322195,$GPGSV,31,,46
2026-06-02T21:12:17.322195,$GPGSV,32,,44
2026-06-02T21:12:17.322195,$GPGSV,41,,46
2026-06-02T21:12:17.322709,$GPGSV,42,,46
2026-06-02T21:12:17.322709,$GPGSV,50,,38
2026-06-02T21:12:17.323413,$GPGSV,01,,26
2026-06-02T21:12:17.323413,$GPGSV,10,,40
2026-06-02T21:12:17.323413,$GPGSV,23,,14
2026-06-02T21:12:17.323413,$GPGSV,25,,32
2026-06-02T21:12:17.324131,$GPGSV,26,,44
2026-06-02T21:12:17.324131,$GPGSV,28,,44
2026-06-02T21:12:17.324131,$GPGSV,31,,42
2026-06-02T21:12:17.324131,$GPGSV,32,,42
2026-06-02T21:12:17.325829,$GLGSV,66,,25
2026-06-02T21:12:17.325829,$GLGSV,67,,46
2026-06-02T21:12:17.325829,$GLGSV,68,,35
2026-06-02T21:12:17.325829,$GLGSV,77,,40
2026-06-02T21:12:17.326314,$GLGSV,78,,49
2026-06-02T21:12:17.326314,$GLGSV,79,,18
2026-06-02T21:12:17.326984,$GLGSV,66,,23
2026-06-02T21:12:17.326984,$GLGSV,67,,46
2026-06-02T21:12:17.326984,$GLGSV,68,,36
2026-06-02T21:12:17.326984,$GLGSV,78,,49
2026-06-02T21:12:17.327372,$GLGSV,79,,18
2026-06-02T21:12:17.328576,$GAGSV,05,,48
2026-06-02T21:12:17.328576,$GAGSV,06,,40
2026-06-02T21:12:17.328576,$GAGSV,09,,47
2026-06-02T21:12:17.328576,$GAGSV,16,,48
2026-06-02T21:12:17.329250,$GAGSV,25,,25
2026-06-02T21:12:17.329250,$GAGSV,31,,32
2026-06-02T21:12:17.329250,$GAGSV,34,,47
2026-06-02T21:12:17.329250,$GAGSV,36,,31
2026-06-02T21:12:17.329935,$GAGSV,05,,42
2026-06-02T21:12:17.329935,$GAGSV,06,,33
2026-06-02T21:12:17.329935,$GAGSV,09,,42
2026-06-02T21:12:17.329935,$GAGSV,16,,45
2026-06-02T21:12:17.330448,$GAGSV,31,,31
2026-06-02T21:12:17.330448,$GAGSV,34,,40
2026-06-02T21:12:17.331669,$GBGSV,06,,47
2026-06-02T21:12:17.331669,$GBGSV,07,,45
2026-06-02T21:12:17.331669,$GBGSV,09,,47
2026-06-02T21:12:17.331669,$GBGSV,10,,45
2026-06-02T21:12:17.332444,$GBGSV,23,,16
2026-06-02T21:12:17.332444,$GBGSV,24,,44
2026-06-02T21:12:17.332444,$GBGSV,25,,49
2026-06-02T21:12:17.332444,$GBGSV,33,,48
2026-06-02T21:12:17.332929,$GBGSV,09,,49
2026-06-02T21:12:17.332929,$GBGSV,10,,49
2026-06-02T21:12:18.317488,$GPGSV,02,,15
2026-06-02T21:12:18.317488,$GPGSV,10,,39
2026-06-02T21:12:18.317488,$GPGSV,25,,36
2026-06-02T21:12:18.317488,$GPGSV,26,,47
2026-06-02T21:12:18.318218,$GPGSV,28,,41
2026-06-02T21:12:18.318218,$GPGSV,31,,44
2026-06-02T21:12:18.318218,$GPGSV,32,,48
2026-06-02T21:12:18.318218,$GPGSV,41,,46
2026-06-02T21:12:18.318730,$GPGSV,42,,46
2026-06-02T21:12:18.318730,$GPGSV,50,,35
2026-06-02T21:12:18.319448,$GPGSV,01,,32
2026-06-02T21:12:18.319448,$GPGSV,10,,36
2026-06-02T21:12:18.319448,$GPGSV,23,,14
2026-06-02T21:12:18.319448,$GPGSV,25,,33
2026-06-02T21:12:18.320131,$GPGSV,26,,46
2026-06-02T21:12:18.320131,$GPGSV,28,,45
2026-06-02T21:12:18.320131,$GPGSV,31,,45
2026-06-02T21:12:18.320131,$GPGSV,32,,44
2026-06-02T21:12:18.321753,$GLGSV,66,,25
2026-06-02T21:12:18.321753,$GLGSV,67,,49
2026-06-02T21:12:18.321753,$GLGSV,68,,33
2026-06-02T21:12:18.321753,$GLGSV,77,,39
2026-06-02T21:12:18.322230,$GLGSV,78,,48
2026-06-02T21:12:18.322230,$GLGSV,79,,19
2026-06-02T21:12:18.322892,$GLGSV,66,,30
2026-06-02T21:12:18.322892,$GLGSV,67,,47
2026-06-02T21:12:18.322892,$GLGSV,68,,34
2026-06-02T21:12:18.322892,$GLGSV,78,,49
2026-06-02T21:12:18.323276,$GLGSV,79,,17
2026-06-02T21:12:18.324460,$GAGSV,05,,49
2026-06-02T21:12:18.324460,$GAGSV,06,,41
2026-06-02T21:12:18.324460,$GAGSV,09,,47
2026-06-02T21:12:18.324460,$GAGSV,16,,47
2026-06-02T21:12:18.325124,$GAGSV,25,,24
2026-06-02T21:12:18.325124,$GAGSV,31,,34
2026-06-02T21:12:18.325124,$GAGSV,34,,47
2026-06-02T21:12:18.325124,$GAGSV,36,,31
2026-06-02T21:12:18.325797,$GAGSV,05,,41
2026-06-02T21:12:18.325797,$GAGSV,06,,31
2026-06-02T21:12:18.325797,$GAGSV,09,,42
2026-06-02T21:12:18.325797,$GAGSV,16,,43
2026-06-02T21:12:18.326367,$GAGSV,25,,24
2026-06-02T21:12:18.326367,$GAGSV,31,,31
2026-06-02T21:12:18.326367,$GAGSV,34,,42
2026-06-02T21:12:18.327556,$GBGSV,06,,48
2026-06-02T21:12:18.327556,$GBGSV,07,,45
2026-06-02T21:12:18.327556,$GBGSV,09,,47
2026-06-02T21:12:18.327556,$GBGSV,10,,45
2026-06-02T21:12:18.328246,$GBGSV,23,,28
2026-06-02T21:12:18.328246,$GBGSV,24,,44
2026-06-02T21:12:18.328246,$GBGSV,25,,49
2026-06-02T21:12:18.328246,$GBGSV,33,,48
2026-06-02T21:12:18.328724,$GBGSV,09,,49
2026-06-02T21:12:18.328724,$GBGSV,10,,48
2026-06-02T21:12:19.319229,$GPGSV,02,,17
2026-06-02T21:12:19.319229,$GPGSV,10,,41
2026-06-02T21:12:19.319229,$GPGSV,25,,33
2026-06-02T21:12:19.319229,$GPGSV,26,,44
2026-06-02T21:12:19.320045,$GPGSV,28,,42
2026-06-02T21:12:19.320045,$GPGSV,31,,46
2026-06-02T21:12:19.320045,$GPGSV,32,,47
2026-06-02T21:12:19.320045,$GPGSV,41,,47
2026-06-02T21:12:19.320604,$GPGSV,42,,45
2026-06-02T21:12:19.320604,$GPGSV,50,,35
2026-06-02T21:12:19.321366,$GPGSV,01,,33
2026-06-02T21:12:19.321366,$GPGSV,10,,34
2026-06-02T21:12:19.321366,$GPGSV,23,,14
2026-06-02T21:12:19.321366,$GPGSV,25,,33
2026-06-02T21:12:19.322116,$GPGSV,26,,45
2026-06-02T21:12:19.322116,$GPGSV,28,,45
2026-06-02T21:12:19.322116,$GPGSV,31,,46
2026-06-02T21:12:19.322116,$GPGSV,32,,44
2026-06-02T21:12:19.323837,$GLGSV,66,,23
2026-06-02T21:12:19.323837,$GLGSV,67,,49
2026-06-02T21:12:19.323837,$GLGSV,68,,36
2026-06-02T21:12:19.323837,$GLGSV,77,,40
2026-06-02T21:12:19.324343,$GLGSV,78,,49
2026-06-02T21:12:19.324343,$GLGSV,79,,19
2026-06-02T21:12:19.325044,$GLGSV,66,,26
2026-06-02T21:12:19.325044,$GLGSV,67,,46
2026-06-02T21:12:19.325044,$GLGSV,68,,30
2026-06-02T21:12:19.325044,$GLGSV,78,,49
2026-06-02T21:12:19.325460,$GLGSV,79,,17
2026-06-02T21:12:19.326706,$GAGSV,05,,48
2026-06-02T21:12:19.326706,$GAGSV,06,,41
2026-06-02T21:12:19.326706,$GAGSV,09,,47
2026-06-02T21:12:19.326706,$GAGSV,16,,47
2026-06-02T21:12:19.327402,$GAGSV,25,,22
2026-06-02T21:12:19.327402,$GAGSV,31,,30
2026-06-02T21:12:19.327402,$GAGSV,34,,46
2026-06-02T21:12:19.327402,$GAGSV,36,,27
2026-06-02T21:12:19.328114,$GAGSV,05,,41
2026-06-02T21:12:19.328114,$GAGSV,06,,30
2026-06-02T21:12:19.328114,$GAGSV,09,,41
2026-06-02T21:12:19.328114,$GAGSV,16,,43
2026-06-02T21:12:19.328622,$GAGSV,31,,26
2026-06-02T21:12:19.328622,$GAGSV,34,,42
2026-06-02T21:12:19.329859,$GBGSV,06,,48
2026-06-02T21:12:19.329859,$GBGSV,07,,45
2026-06-02T21:12:19.329859,$GBGSV,09,,47
2026-06-02T21:12:19.329859,$GBGSV,10,,45
2026-06-02T21:12:19.330534,$GBGSV,23,,27
2026-06-02T21:12:19.330534,$GBGSV,24,,42
2026-06-02T21:12:19.330534,$GBGSV,25,,49
2026-06-02T21:12:19.330534,$GBGSV,33,,49
2026-06-02T21:12:19.331020,$GBGSV,09,,49
2026-06-02T21:12:19.331020,$GBGSV,10,,47
2026-06-02T21:12:20.316084,$GPGSV,02,,17
2026-06-02T21:12:20.316084,$GPGSV,10,,41
2026-06-02T21:12:20.316084,$GPGSV,25,,33
2026-06-02T21:12:20.316084,$GPGSV,26,,46
2026-06-02T21:12:20.316872,$GPGSV,28,,43
2026-06-02T21:12:20.316872,$GPGSV,31,,47
2026-06-02T21:12:20.316872,$GPGSV,32,,46
2026-06-02T21:12:20.316872,$GPGSV,41,,45
2026-06-02T21:12:20.317405,$GPGSV,42,,46
2026-06-02T21:12:20.317405,$GPGSV,50,,32
2026-06-02T21:12:20.318151,$GPGSV,01,,32
2026-06-02T21:12:20.318151,$GPGSV,10,,39
2026-06-02T21:12:20.318151,$GPGSV,23,,13
2026-06-02T21:12:20.318151,$GPGSV,25,,33
2026-06-02T21:12:20.318879,$GPGSV,26,,46
2026-06-02T21:12:20.318879,$GPGSV,28,,44
2026-06-02T21:12:20.318879,$GPGSV,31,,45
2026-06-02T21:12:20.318879,$GPGSV,32,,44
2026-06-02T21:12:20.320576,$GLGSV,66,,25
2026-06-02T21:12:20.320576,$GLGSV,67,,48
2026-06-02T21:12:20.320576,$GLGSV,68,,38
2026-06-02T21:12:20.320576,$GLGSV,77,,40
2026-06-02T21:12:20.321076,$GLGSV,78,,48
2026-06-02T21:12:20.321076,$GLGSV,79,,19
2026-06-02T21:12:20.321772,$GLGSV,66,,25
2026-06-02T21:12:20.321772,$GLGSV,67,,48
2026-06-02T21:12:20.321772,$GLGSV,68,,39
2026-06-02T21:12:20.321772,$GLGSV,78,,47
2026-06-02T21:12:20.322173,$GLGSV,79,,18
2026-06-02T21:12:20.323541,$GAGSV,05,,48
2026-06-02T21:12:20.323541,$GAGSV,06,,41
2026-06-02T21:12:20.323541,$GAGSV,09,,48
2026-06-02T21:12:20.323541,$GAGSV,16,,47
2026-06-02T21:12:20.324479,$GAGSV,25,,30
2026-06-02T21:12:20.324479,$GAGSV,31,,34
2026-06-02T21:12:20.324479,$GAGSV,34,,46
2026-06-02T21:12:20.324479,$GAGSV,36,,25
2026-06-02T21:12:20.325351,$GAGSV,05,,42
2026-06-02T21:12:20.325351,$GAGSV,06,,30
2026-06-02T21:12:20.325351,$GAGSV,09,,42
2026-06-02T21:12:20.325351,$GAGSV,16,,41
2026-06-02T21:12:20.326025,$GAGSV,31,,27
2026-06-02T21:12:20.326025,$GAGSV,34,,43
2026-06-02T21:12:20.327520,$GBGSV,06,,47
2026-06-02T21:12:20.327520,$GBGSV,07,,45
2026-06-02T21:12:20.327520,$GBGSV,09,,47
2026-06-02T21:12:20.327520,$GBGSV,10,,45
2026-06-02T21:12:20.328402,$GBGSV,23,,29
2026-06-02T21:12:20.328402,$GBGSV,24,,43
2026-06-02T21:12:20.328402,$GBGSV,25,,49
2026-06-02T21:12:20.328402,$GBGSV,33,,49
2026-06-02T21:12:20.329076,$GBGSV,09,,49
2026-06-02T21:12:20.329076,$GBGSV,10,,47
2026-06-02T21:12:21.308982,$GPGSV,02,,17
2026-06-02T21:12:21.308982,$GPGSV,10,,37
2026-06-02T21:12:21.308982,$GPGSV,25,,31
2026-06-02T21:12:21.308982,$GPGSV,26,,46
2026-06-02T21:12:21.309929,$GPGSV,28,,44
2026-06-02T21:12:21.309929,$GPGSV,31,,46
2026-06-02T21:12:21.309929,$GPGSV,32,,45
2026-06-02T21:12:21.309929,$GPGSV,41,,46
2026-06-02T21:12:21.310634,$GPGSV,42,,45
2026-06-02T21:12:21.310634,$GPGSV,50,,33
2026-06-02T21:12:21.311883,$GPGSV,01,,25
2026-06-02T21:12:21.311883,$GPGSV,10,,40
2026-06-02T21:12:21.311883,$GPGSV,23,,13
2026-06-02T21:12:21.311883,$GPGSV,25,,31
2026-06-02T21:12:21.313135,$GPGSV,26,,47
2026-06-02T21:12:21.313135,$GPGSV,28,,45
2026-06-02T21:12:21.313135,$GPGSV,31,,46
2026-06-02T21:12:21.313135,$GPGSV,32,,43
2026-06-02T21:12:21.315547,$GLGSV,66,,24
2026-06-02T21:12:21.315547,$GLGSV,67,,47
2026-06-02T21:12:21.315547,$GLGSV,68,,36
2026-06-02T21:12:21.315547,$GLGSV,77,,42
2026-06-02T21:12:21.316268,$GLGSV,78,,47
2026-06-02T21:12:21.316268,$GLGSV,79,,19
2026-06-02T21:12:21.317169,$GLGSV,66,,31
2026-06-02T21:12:21.317169,$GLGSV,67,,47
2026-06-02T21:12:21.317169,$GLGSV,68,,31
2026-06-02T21:12:21.317169,$GLGSV,78,,48
2026-06-02T21:12:21.317746,$GLGSV,79,,18
2026-06-02T21:12:21.319226,$GAGSV,05,,48
2026-06-02T21:12:21.319226,$GAGSV,06,,41
2026-06-02T21:12:21.319226,$GAGSV,09,,47
2026-06-02T21:12:21.319226,$GAGSV,16,,48
2026-06-02T21:12:21.320198,$GAGSV,25,,28
2026-06-02T21:12:21.320198,$GAGSV,31,,33
2026-06-02T21:12:21.320198,$GAGSV,34,,44
2026-06-02T21:12:21.320198,$GAGSV,36,,23
2026-06-02T21:12:21.321060,$GAGSV,05,,42
2026-06-02T21:12:21.321060,$GAGSV,06,,30
2026-06-02T21:12:21.321060,$GAGSV,09,,41
2026-06-02T21:12:21.321060,$GAGSV,16,,41
2026-06-02T21:12:21.321728,$GAGSV,31,,26
2026-06-02T21:12:21.321728,$GAGSV,34,,42
2026-06-02T21:12:21.323203,$GBGSV,06,,48
2026-06-02T21:12:21.323203,$GBGSV,07,,42
2026-06-02T21:12:21.323203,$GBGSV,09,,46
2026-06-02T21:12:21.323203,$GBGSV,10,,44
2026-06-02T21:12:21.324094,$GBGSV,23,,28
2026-06-02T21:12:21.324094,$GBGSV,24,,43
2026-06-02T21:12:21.324094,$GBGSV,25,,48
2026-06-02T21:12:21.324094,$GBGSV,33,,49
2026-06-02T21:12:21.324764,$GBGSV,09,,49
2026-06-02T21:12:21.324764,$GBGSV,10,,49
2026-06-02T21:12:22.318914,$GPGSV,02,,17
2026-06-02T21:12:22.318914,$GPGSV,10,,38
2026-06-02T21:12:22.318914,$GPGSV,25,,32
2026-06-02T21:12:22.318914,$GPGSV,26,,46
2026-06-02T21:12:22.319660,$GPGSV,28,,44
2026-06-02T21:12:22.319660,$GPGSV,31,,46
2026-06-02T21:12:22.319660,$GPGSV,32,,47
2026-06-02T21:12:22.319660,$GPGSV,41,,47
2026-06-02T21:12:22.320075,$GPGSV,42,,46
2026-06-02T21:12:22.320783,$GPGSV,01,,32
2026-06-02T21:12:22.320783,$GPGSV,10,,38
2026-06-02T21:12:22.320783,$GPGSV,23,,13
2026-06-02T21:12:22.320783,$GPGSV,25,,31
2026-06-02T21:12:22.321501,$GPGSV,26,,47
2026-06-02T21:12:22.321501,$GPGSV,28,,44
2026-06-02T21:12:22.321501,$GPGSV,31,,45
2026-06-02T21:12:22.321501,$GPGSV,32,,45
2026-06-02T21:12:22.323300,$GLGSV,66,,31
2026-06-02T21:12:22.323300,$GLGSV,67,,47
2026-06-02T21:12:22.323300,$GLGSV,68,,38
2026-06-02T21:12:22.323300,$GLGSV,77,,41
2026-06-02T21:12:22.323819,$GLGSV,78,,49
2026-06-02T21:12:22.323819,$GLGSV,79,,23
2026-06-02T21:12:22.324524,$GLGSV,66,,26
2026-06-02T21:12:22.324524,$GLGSV,67,,47
2026-06-02T21:12:22.324524,$GLGSV,68,,35
2026-06-02T21:12:22.324524,$GLGSV,78,,49
2026-06-02T21:12:22.324945,$GLGSV,79,,20
2026-06-02T21:12:22.326173,$GAGSV,05,,48
2026-06-02T21:12:22.326173,$GAGSV,06,,41
2026-06-02T21:12:22.326173,$GAGSV,09,,47
2026-06-02T21:12:22.326173,$GAGSV,16,,47
2026-06-02T21:12:22.326836,$GAGSV,25,,27
2026-06-02T21:12:22.326836,$GAGSV,31,,33
2026-06-02T21:12:22.326836,$GAGSV,34,,44
2026-06-02T21:12:22.326836,$GAGSV,36,,24
2026-06-02T21:12:22.327510,$GAGSV,05,,42
2026-06-02T21:12:22.327510,$GAGSV,06,,29
2026-06-02T21:12:22.327510,$GAGSV,09,,43
2026-06-02T21:12:22.327510,$GAGSV,16,,42
2026-06-02T21:12:22.328001,$GAGSV,31,,24
2026-06-02T21:12:22.328001,$GAGSV,34,,42
2026-06-02T21:12:22.329183,$GBGSV,06,,47
2026-06-02T21:12:22.329183,$GBGSV,07,,45
2026-06-02T21:12:22.329183,$GBGSV,09,,47
2026-06-02T21:12:22.329183,$GBGSV,10,,45
2026-06-02T21:12:22.329864,$GBGSV,23,,27
2026-06-02T21:12:22.329864,$GBGSV,24,,46
2026-06-02T21:12:22.329864,$GBGSV,25,,49
2026-06-02T21:12:22.329864,$GBGSV,33,,48
2026-06-02T21:12:22.330343,$GBGSV,09,,49
2026-06-02T21:12:22.330343,$GBGSV,10,,49
2026-06-02T21:12:23.314225,$GPGSV,02,,17
2026-06-02T21:12:23.314225,$GPGSV,10,,41
2026-06-02T21:12:23.314225,$GPGSV,25,,32
2026-06-02T21:12:23.314225,$GPGSV,26,,45
2026-06-02T21:12:23.315020,$GPGSV,28,,44
2026-06-02T21:12:23.315020,$GPGSV,31,,46
2026-06-02T21:12:23.315020,$GPGSV,32,,48
2026-06-02T21:12:23.315020,$GPGSV,40,,42
2026-06-02T21:12:23.315600,$GPGSV,41,,47
2026-06-02T21:12:23.315600,$GPGSV,42,,47
2026-06-02T21:12:23.316375,$GPGSV,01,,37
2026-06-02T21:12:23.316375,$GPGSV,10,,33
2026-06-02T21:12:23.316375,$GPGSV,23,,14
2026-06-02T21:12:23.316375,$GPGSV,25,,26
2026-06-02T21:12:23.317121,$GPGSV,26,,47
2026-06-02T21:12:23.317121,$GPGSV,28,,45
2026-06-02T21:12:23.317121,$GPGSV,31,,46
2026-06-02T21:12:23.317121,$GPGSV,32,,44
2026-06-02T21:12:23.318859,$GLGSV,66,,25
2026-06-02T21:12:23.318859,$GLGSV,67,,48
2026-06-02T21:12:23.318859,$GLGSV,68,,28
2026-06-02T21:12:23.318859,$GLGSV,77,,41
2026-06-02T21:12:23.319367,$GLGSV,78,,49
2026-06-02T21:12:23.319367,$GLGSV,79,,24
2026-06-02T21:12:23.320094,$GLGSV,66,,31
2026-06-02T21:12:23.320094,$GLGSV,67,,47
2026-06-02T21:12:23.320094,$GLGSV,68,,26
2026-06-02T21:12:23.320094,$GLGSV,78,,49
2026-06-02T21:12:23.320504,$GLGSV,79,,18
2026-06-02T21:12:23.321743,$GAGSV,05,,47
2026-06-02T21:12:23.321743,$GAGSV,06,,43
2026-06-02T21:12:23.321743,$GAGSV,09,,46
2026-06-02T21:12:23.321743,$GAGSV,16,,47
2026-06-02T21:12:23.322451,$GAGSV,25,,27
2026-06-02T21:12:23.322451,$GAGSV,31,,32
2026-06-02T21:12:23.322451,$GAGSV,34,,44
2026-06-02T21:12:23.322451,$GAGSV,36,,26
2026-06-02T21:12:23.323155,$GAGSV,05,,42
2026-06-02T21:12:23.323155,$GAGSV,06,,28
2026-06-02T21:12:23.323155,$GAGSV,09,,42
2026-06-02T21:12:23.323155,$GAGSV,16,,42
2026-06-02T21:12:23.323561,$GAGSV,34,,42
2026-06-02T21:12:23.324795,$GBGSV,06,,49
2026-06-02T21:12:23.324795,$GBGSV,07,,45
2026-06-02T21:12:23.324795,$GBGSV,09,,48
2026-06-02T21:12:23.324795,$GBGSV,10,,43
2026-06-02T21:12:23.325478,$GBGSV,23,,27
2026-06-02T21:12:23.325478,$GBGSV,24,,45
2026-06-02T21:12:23.325478,$GBGSV,25,,49
2026-06-02T21:12:23.325478,$GBGSV,33,,48
2026-06-02T21:12:23.325965,$GBGSV,09,,49
2026-06-02T21:12:23.325965,$GBGSV,10,,48
2026-06-02T21:12:24.314704,$GPGSV,02,,16
2026-06-02T21:12:24.314704,$GPGSV,10,,38
2026-06-02T21:12:24.314704,$GPGSV,25,,31
2026-06-02T21:12:24.314704,$GPGSV,26,,47
2026-06-02T21:12:24.315442,$GPGSV,28,,43
2026-06-02T21:12:24.315442,$GPGSV,31,,47
2026-06-02T21:12:24.315442,$GPGSV,32,,45
2026-06-02T21:12:24.315442,$GPGSV,40,,42
2026-06-02T21:12:24.315983,$GPGSV,41,,48
2026-06-02T21:12:24.315983,$GPGSV,42,,47
2026-06-02T21:12:24.316693,$GPGSV,01,,37
2026-06-02T21:12:24.316693,$GPGSV,10,,36
2026-06-02T21:12:24.316693,$GPGSV,23,,16
2026-06-02T21:12:24.316693,$GPGSV,25,,26
2026-06-02T21:12:24.317401,$GPGSV,26,,47
2026-06-02T21:12:24.317401,$GPGSV,28,,45
2026-06-02T21:12:24.317401,$GPGSV,31,,46
2026-06-02T21:12:24.317401,$GPGSV,32,,44
2026-06-02T21:12:24.319100,$GLGSV,66,,25
2026-06-02T21:12:24.319100,$GLGSV,67,,48
2026-06-02T21:12:24.319100,$GLGSV,68,,35
2026-06-02T21:12:24.319100,$GLGSV,77,,42
2026-06-02T21:12:24.319598,$GLGSV,78,,48
2026-06-02T21:12:24.319598,$GLGSV,79,,22
2026-06-02T21:12:24.320278,$GLGSV,66,,26
2026-06-02T21:12:24.320278,$GLGSV,67,,47
2026-06-02T21:12:24.320278,$GLGSV,68,,33
2026-06-02T21:12:24.320278,$GLGSV,78,,49
2026-06-02T21:12:24.320664,$GLGSV,79,,19
2026-06-02T21:12:24.321855,$GAGSV,05,,48
2026-06-02T21:12:24.321855,$GAGSV,06,,43
2026-06-02T21:12:24.321855,$GAGSV,09,,46
2026-06-02T21:12:24.321855,$GAGSV,16,,46
2026-06-02T21:12:24.322534,$GAGSV,25,,29
2026-06-02T21:12:24.322534,$GAGSV,31,,25
2026-06-02T21:12:24.322534,$GAGSV,34,,45
2026-06-02T21:12:24.322534,$GAGSV,36,,26
2026-06-02T21:12:24.323205,$GAGSV,05,,41
2026-06-02T21:12:24.323205,$GAGSV,06,,27
2026-06-02T21:12:24.323205,$GAGSV,09,,41
2026-06-02T21:12:24.323205,$GAGSV,16,,41
2026-06-02T21:12:24.323720,$GAGSV,31,,27
2026-06-02T21:12:24.323720,$GAGSV,34,,42
2026-06-02T21:12:24.324925,$GBGSV,06,,48
2026-06-02T21:12:24.324925,$GBGSV,07,,45
2026-06-02T21:12:24.324925,$GBGSV,09,,47
2026-06-02T21:12:24.324925,$GBGSV,10,,43
2026-06-02T21:12:24.325607,$GBGSV,23,,28
2026-06-02T21:12:24.325607,$GBGSV,24,,45
2026-06-02T21:12:24.325607,$GBGSV,25,,50
2026-06-02T21:12:24.325607,$GBGSV,33,,49
2026-06-02T21:12:24.326237,$GBGSV,09,,49
2026-06-02T21:12:24.326237,$GBGSV,10,,47
2026-06-02T21:12:25.318858,$GPGSV,02,,17
2026-06-02T21:12:25.318858,$GPGSV,10,,41
2026-06-02T21:12:25.318858,$GPGSV,25,,35
2026-06-02T21:12:25.318858,$GPGSV,26,,46
2026-06-02T21:12:25.319625,$GPGSV,28,,45
2026-06-02T21:12:25.319625,$GPGSV,31,,47
2026-06-02T21:12:25.319625,$GPGSV,32,,46
2026-06-02T21:12:25.319625,$GPGSV,40,,42
2026-06-02T21:12:25.320146,$GPGSV,41,,48
2026-06-02T21:12:25.320146,$GPGSV,42,,47
2026-06-02T21:12:25.320851,$GPGSV,01,,31
2026-06-02T21:12:25.320851,$GPGSV,10,,39
2026-06-02T21:12:25.320851,$GPGSV,23,,15
2026-06-02T21:12:25.320851,$GPGSV,25,,31
2026-06-02T21:12:25.321567,$GPGSV,26,,47
2026-06-02T21:12:25.321567,$GPGSV,28,,45
2026-06-02T21:12:25.321567,$GPGSV,31,,46
2026-06-02T21:12:25.321567,$GPGSV,32,,43
2026-06-02T21:12:25.323243,$GLGSV,66,,25
2026-06-02T21:12:25.323243,$GLGSV,67,,48
2026-06-02T21:12:25.323243,$GLGSV,68,,28
2026-06-02T21:12:25.323243,$GLGSV,77,,40
2026-06-02T21:12:25.323756,$GLGSV,78,,48
2026-06-02T21:12:25.323756,$GLGSV,79,,20
2026-06-02T21:12:25.324439,$GLGSV,66,,27
2026-06-02T21:12:25.324439,$GLGSV,67,,48
2026-06-02T21:12:25.324439,$GLGSV,68,,29
2026-06-02T21:12:25.324439,$GLGSV,78,,48
2026-06-02T21:12:25.324832,$GLGSV,79,,18
2026-06-02T21:12:25.326026,$GAGSV,05,,48
2026-06-02T21:12:25.326026,$GAGSV,06,,43
2026-06-02T21:12:25.326026,$GAGSV,09,,47
2026-06-02T21:12:25.326026,$GAGSV,16,,46
2026-06-02T21:12:25.326701,$GAGSV,25,,29
2026-06-02T21:12:25.326701,$GAGSV,31,,26
2026-06-02T21:12:25.326701,$GAGSV,34,,46
2026-06-02T21:12:25.326701,$GAGSV,36,,27
2026-06-02T21:12:25.327370,$GAGSV,05,,42
2026-06-02T21:12:25.327370,$GAGSV,06,,33
2026-06-02T21:12:25.327370,$GAGSV,09,,41
2026-06-02T21:12:25.327370,$GAGSV,16,,42
2026-06-02T21:12:25.327884,$GAGSV,31,,29
2026-06-02T21:12:25.327884,$GAGSV,34,,42
2026-06-02T21:12:25.329080,$GBGSV,06,,48
2026-06-02T21:12:25.329080,$GBGSV,07,,45
2026-06-02T21:12:25.329080,$GBGSV,09,,47
2026-06-02T21:12:25.329080,$GBGSV,10,,44
2026-06-02T21:12:25.329758,$GBGSV,23,,33
2026-06-02T21:12:25.329758,$GBGSV,24,,44
2026-06-02T21:12:25.329758,$GBGSV,25,,50
2026-06-02T21:12:25.329758,$GBGSV,33,,49
2026-06-02T21:12:25.330234,$GBGSV,09,,49
2026-06-02T21:12:25.330234,$GBGSV,10,,49
2026-06-02T21:12:26.315760,$GPGSV,10,,34
2026-06-02T21:12:26.315760,$GPGSV,25,,33
2026-06-02T21:12:26.315760,$GPGSV,26,,46
2026-06-02T21:12:26.315760,$GPGSV,28,,45
2026-06-02T21:12:26.316488,$GPGSV,31,,46
2026-06-02T21:12:26.316488,$GPGSV,32,,48
2026-06-02T21:12:26.316488,$GPGSV,40,,40
2026-06-02T21:12:26.316488,$GPGSV,41,,48
2026-06-02T21:12:26.316897,$GPGSV,42,,46
2026-06-02T21:12:26.317603,$GPGSV,01,,36
2026-06-02T21:12:26.317603,$GPGSV,10,,38
2026-06-02T21:12:26.317603,$GPGSV,23,,14
2026-06-02T21:12:26.317603,$GPGSV,25,,31
2026-06-02T21:12:26.318299,$GPGSV,26,,46
2026-06-02T21:12:26.318299,$GPGSV,28,,45
2026-06-02T21:12:26.318299,$GPGSV,31,,45
2026-06-02T21:12:26.318299,$GPGSV,32,,44
2026-06-02T21:12:26.320076,$GLGSV,66,,25
2026-06-02T21:12:26.320076,$GLGSV,67,,46
2026-06-02T21:12:26.320076,$GLGSV,68,,32
2026-06-02T21:12:26.320076,$GLGSV,77,,43
2026-06-02T21:12:26.320567,$GLGSV,78,,48
2026-06-02T21:12:26.320567,$GLGSV,79,,21
2026-06-02T21:12:26.321239,$GLGSV,66,,27
2026-06-02T21:12:26.321239,$GLGSV,67,,45
2026-06-02T21:12:26.321239,$GLGSV,68,,22
2026-06-02T21:12:26.321239,$GLGSV,78,,48
2026-06-02T21:12:26.321626,$GLGSV,79,,20
2026-06-02T21:12:26.322813,$GAGSV,05,,47
2026-06-02T21:12:26.322813,$GAGSV,06,,43
2026-06-02T21:12:26.322813,$GAGSV,09,,47
2026-06-02T21:12:26.322813,$GAGSV,16,,45
2026-06-02T21:12:26.323489,$GAGSV,25,,27
2026-06-02T21:12:26.323489,$GAGSV,31,,27
2026-06-02T21:12:26.323489,$GAGSV,34,,46
2026-06-02T21:12:26.323489,$GAGSV,36,,27
2026-06-02T21:12:26.324181,$GAGSV,05,,42
2026-06-02T21:12:26.324181,$GAGSV,06,,33
2026-06-02T21:12:26.324181,$GAGSV,09,,42
2026-06-02T21:12:26.324181,$GAGSV,16,,41
2026-06-02T21:12:26.324668,$GAGSV,31,,29
2026-06-02T21:12:26.324668,$GAGSV,34,,42
2026-06-02T21:12:26.325848,$GBGSV,06,,49
2026-06-02T21:12:26.325848,$GBGSV,07,,45
2026-06-02T21:12:26.325848,$GBGSV,09,,47
2026-06-02T21:12:26.325848,$GBGSV,10,,44
2026-06-02T21:12:26.326542,$GBGSV,23,,29
2026-06-02T21:12:26.326542,$GBGSV,24,,44
2026-06-02T21:12:26.326542,$GBGSV,25,,49
2026-06-02T21:12:26.326542,$GBGSV,33,,48
2026-06-02T21:12:26.327125,$GBGSV,09,,49
2026-06-02T21:12:26.327125,$GBGSV,10,,47
2026-06-02T21:12:27.319025,$GPGSV,02,,25
2026-06-02T21:12:27.319025,$GPGSV,10,,39
2026-06-02T21:12:27.319025,$GPGSV,25,,31
2026-06-02T21:12:27.319025,$GPGSV,26,,47
2026-06-02T21:12:27.319790,$GPGSV,28,,42
2026-06-02T21:12:27.319790,$GPGSV,31,,46
2026-06-02T21:12:27.319790,$GPGSV,32,,46
2026-06-02T21:12:27.319790,$GPGSV,40,,40
2026-06-02T21:12:27.320317,$GPGSV,41,,48
2026-06-02T21:12:27.320317,$GPGSV,42,,46
2026-06-02T21:12:27.321032,$GPGSV,01,,33
2026-06-02T21:12:27.321032,$GPGSV,10,,40
2026-06-02T21:12:27.321032,$GPGSV,23,,10
2026-06-02T21:12:27.321032,$GPGSV,25,,26
2026-06-02T21:12:27.321734,$GPGSV,26,,46
2026-06-02T21:12:27.321734,$GPGSV,28,,45
2026-06-02T21:12:27.321734,$GPGSV,31,,43
2026-06-02T21:12:27.321734,$GPGSV,32,,44
2026-06-02T21:12:27.323428,$GLGSV,66,,25
2026-06-02T21:12:27.323428,$GLGSV,67,,47
2026-06-02T21:12:27.323428,$GLGSV,68,,35
2026-06-02T21:12:27.323428,$GLGSV,77,,41
2026-06-02T21:12:27.323963,$GLGSV,78,,48
2026-06-02T21:12:27.323963,$GLGSV,79,,21
2026-06-02T21:12:27.324661,$GLGSV,66,,28
2026-06-02T21:12:27.324661,$GLGSV,67,,47
2026-06-02T21:12:27.324661,$GLGSV,68,,26
2026-06-02T21:12:27.324661,$GLGSV,78,,49
2026-06-02T21:12:27.325062,$GLGSV,79,,21
2026-06-02T21:12:27.326287,$GAGSV,05,,47
2026-06-02T21:12:27.326287,$GAGSV,06,,42
2026-06-02T21:12:27.326287,$GAGSV,09,,47
2026-06-02T21:12:27.326287,$GAGSV,16,,43
2026-06-02T21:12:27.326990,$GAGSV,25,,11
2026-06-02T21:12:27.326990,$GAGSV,31,,28
2026-06-02T21:12:27.326990,$GAGSV,34,,46
2026-06-02T21:12:27.326990,$GAGSV,36,,28
2026-06-02T21:12:27.327727,$GAGSV,05,,41
2026-06-02T21:12:27.327727,$GAGSV,06,,33
2026-06-02T21:12:27.327727,$GAGSV,09,,43
2026-06-02T21:12:27.327727,$GAGSV,16,,38
2026-06-02T21:12:27.328242,$GAGSV,31,,29
2026-06-02T21:12:27.328242,$GAGSV,34,,40
2026-06-02T21:12:27.329435,$GBGSV,06,,49
2026-06-02T21:12:27.329435,$GBGSV,07,,46
2026-06-02T21:12:27.329435,$GBGSV,09,,47
2026-06-02T21:12:27.329435,$GBGSV,10,,45
2026-06-02T21:12:27.330113,$GBGSV,23,,36
2026-06-02T21:12:27.330113,$GBGSV,24,,45
2026-06-02T21:12:27.330113,$GBGSV,25,,49
2026-06-02T21:12:27.330113,$GBGSV,33,,48
2026-06-02T21:12:27.330660,$GBGSV,09,,49
2026-06-02T21:12:27.330660,$GBGSV,10,,48
2026-06-02T21:12:28.321905,$GPGSV,10,,31
2026-06-02T21:12:28.321905,$GPGSV,25,,27
2026-06-02T21:12:28.321905,$GPGSV,26,,46
2026-06-02T21:12:28.321905,$GPGSV,28,,44
2026-06-02T21:12:28.322674,$GPGSV,31,,44
2026-06-02T21:12:28.322674,$GPGSV,32,,49
2026-06-02T21:12:28.322674,$GPGSV,40,,42
2026-06-02T21:12:28.322674,$GPGSV,41,,47
2026-06-02T21:12:28.323079,$GPGSV,42,,46
2026-06-02T21:12:28.323783,$GPGSV,01,,33
2026-06-02T21:12:28.323783,$GPGSV,10,,36
2026-06-02T21:12:28.323783,$GPGSV,23,,09
2026-06-02T21:12:28.323783,$GPGSV,25,,27
2026-06-02T21:12:28.324488,$GPGSV,26,,45
2026-06-02T21:12:28.324488,$GPGSV,28,,45
2026-06-02T21:12:28.324488,$GPGSV,31,,43
2026-06-02T21:12:28.324488,$GPGSV,32,,43
2026-06-02T21:12:28.326255,$GLGSV,66,,26
2026-06-02T21:12:28.326255,$GLGSV,67,,48
2026-06-02T21:12:28.326255,$GLGSV,68,,36
2026-06-02T21:12:28.326255,$GLGSV,77,,41
2026-06-02T21:12:28.326754,$GLGSV,78,,48
2026-06-02T21:12:28.326754,$GLGSV,79,,22
2026-06-02T21:12:28.327451,$GLGSV,66,,28
2026-06-02T21:12:28.327451,$GLGSV,67,,46
2026-06-02T21:12:28.327451,$GLGSV,68,,26
2026-06-02T21:12:28.327451,$GLGSV,78,,49
2026-06-02T21:12:28.327886,$GLGSV,79,,23
2026-06-02T21:12:28.329136,$GAGSV,05,,47
2026-06-02T21:12:28.329136,$GAGSV,06,,42
2026-06-02T21:12:28.329136,$GAGSV,09,,47
2026-06-02T21:12:28.329136,$GAGSV,16,,44
2026-06-02T21:12:28.329839,$GAGSV,25,,16
2026-06-02T21:12:28.329839,$GAGSV,31,,29
2026-06-02T21:12:28.329839,$GAGSV,34,,46
2026-06-02T21:12:28.329839,$GAGSV,36,,20
2026-06-02T21:12:28.330507,$GAGSV,05,,42
2026-06-02T21:12:28.330507,$GAGSV,06,,33
2026-06-02T21:12:28.330507,$GAGSV,09,,42
2026-06-02T21:12:28.330507,$GAGSV,16,,35
2026-06-02T21:12:28.331000,$GAGSV,31,,27
2026-06-02T21:12:28.331000,$GAGSV,34,,40
2026-06-02T21:12:28.332212,$GBGSV,06,,47
2026-06-02T21:12:28.332212,$GBGSV,07,,46
2026-06-02T21:12:28.332212,$GBGSV,09,,48
2026-06-02T21:12:28.332212,$GBGSV,10,,44
2026-06-02T21:12:28.332894,$GBGSV,23,,30
2026-06-02T21:12:28.332894,$GBGSV,24,,44
2026-06-02T21:12:28.332894,$GBGSV,25,,49
2026-06-02T21:12:28.332894,$GBGSV,33,,50
2026-06-02T21:12:28.333378,$GBGSV,09,,49
2026-06-02T21:12:28.333378,$GBGSV,10,,48
2026-06-02T21:12:29.316822,$GPGSV,10,,26
2026-06-02T21:12:29.316822,$GPGSV,25,,27
2026-06-02T21:12:29.316822,$GPGSV,26,,46
2026-06-02T21:12:29.316822,$GPGSV,28,,44
2026-06-02T21:12:29.317558,$GPGSV,31,,44
2026-06-02T21:12:29.317558,$GPGSV,32,,48
2026-06-02T21:12:29.317558,$GPGSV,40,,42
2026-06-02T21:12:29.317558,$GPGSV,41,,47
2026-06-02T21:12:29.317967,$GPGSV,42,,47
2026-06-02T21:12:29.318678,$GPGSV,01,,36
2026-06-02T21:12:29.318678,$GPGSV,10,,30
2026-06-02T21:12:29.318678,$GPGSV,23,,10
2026-06-02T21:12:29.318678,$GPGSV,25,,25
2026-06-02T21:12:29.319354,$GPGSV,26,,45
2026-06-02T21:12:29.319354,$GPGSV,28,,45
2026-06-02T21:12:29.319354,$GPGSV,31,,45
2026-06-02T21:12:29.319354,$GPGSV,32,,45
2026-06-02T21:12:29.321109,$GLGSV,66,,32
2026-06-02T21:12:29.321109,$GLGSV,67,,46
2026-06-02T21:12:29.321109,$GLGSV,68,,34
2026-06-02T21:12:29.321109,$GLGSV,77,,40
2026-06-02T21:12:29.321591,$GLGSV,78,,48
2026-06-02T21:12:29.321591,$GLGSV,79,,20
2026-06-02T21:12:29.322259,$GLGSV,66,,26
2026-06-02T21:12:29.322259,$GLGSV,67,,47
2026-06-02T21:12:29.322259,$GLGSV,68,,33
2026-06-02T21:12:29.322259,$GLGSV,78,,48
2026-06-02T21:12:29.322644,$GLGSV,79,,29
2026-06-02T21:12:29.323874,$GAGSV,05,,49
2026-06-02T21:12:29.323874,$GAGSV,06,,40
2026-06-02T21:12:29.323874,$GAGSV,09,,46
2026-06-02T21:12:29.323874,$GAGSV,16,,42
2026-06-02T21:12:29.324563,$GAGSV,25,,27
2026-06-02T21:12:29.324563,$GAGSV,31,,30
2026-06-02T21:12:29.324563,$GAGSV,34,,45
2026-06-02T21:12:29.324563,$GAGSV,36,,23
2026-06-02T21:12:29.325253,$GAGSV,05,,41
2026-06-02T21:12:29.325253,$GAGSV,06,,33
2026-06-02T21:12:29.325253,$GAGSV,09,,41
2026-06-02T21:12:29.325253,$GAGSV,16,,32
2026-06-02T21:12:29.325738,$GAGSV,31,,25
2026-06-02T21:12:29.325738,$GAGSV,34,,43
2026-06-02T21:12:29.326943,$GBGSV,06,,48
2026-06-02T21:12:29.326943,$GBGSV,07,,45
2026-06-02T21:12:29.326943,$GBGSV,09,,47
2026-06-02T21:12:29.326943,$GBGSV,10,,45
2026-06-02T21:12:29.327657,$GBGSV,23,,34
2026-06-02T21:12:29.327657,$GBGSV,24,,43
2026-06-02T21:12:29.327657,$GBGSV,25,,49
2026-06-02T21:12:29.327657,$GBGSV,33,,48
2026-06-02T21:12:29.328162,$GBGSV,09,,49
2026-06-02T21:12:29.328162,$GBGSV,10,,49
2026-06-02T21:12:30.309821,$GPGSV,10,,35
2026-06-02T21:12:30.309821,$GPGSV,25,,30
2026-06-02T21:12:30.309821,$GPGSV,26,,46
2026-06-02T21:12:30.309821,$GPGSV,28,,42
2026-06-02T21:12:30.310561,$GPGSV,31,,45
2026-06-02T21:12:30.310561,$GPGSV,32,,44
2026-06-02T21:12:30.310561,$GPGSV,40,,41
2026-06-02T21:12:30.310561,$GPGSV,41,,47
2026-06-02T21:12:30.310974,$GPGSV,42,,46
2026-06-02T21:12:30.311693,$GPGSV,01,,35
2026-06-02T21:12:30.311693,$GPGSV,10,,29
2026-06-02T21:12:30.311693,$GPGSV,23,,12
2026-06-02T21:12:30.311693,$GPGSV,25,,25
2026-06-02T21:12:30.312399,$GPGSV,26,,45
2026-06-02T21:12:30.312399,$GPGSV,28,,45
2026-06-02T21:12:30.312399,$GPGSV,31,,43
2026-06-02T21:12:30.312399,$GPGSV,32,,45
2026-06-02T21:12:30.314173,$GLGSV,66,,28
2026-06-02T21:12:30.314173,$GLGSV,67,,48
2026-06-02T21:12:30.314173,$GLGSV,68,,37
2026-06-02T21:12:30.314173,$GLGSV,77,,41
2026-06-02T21:12:30.314657,$GLGSV,78,,48
2026-06-02T21:12:30.314657,$GLGSV,79,,20
2026-06-02T21:12:30.315326,$GLGSV,66,,27
2026-06-02T21:12:30.315326,$GLGSV,67,,47
2026-06-02T21:12:30.315326,$GLGSV,68,,30
2026-06-02T21:12:30.315326,$GLGSV,78,,48
2026-06-02T21:12:30.315754,$GLGSV,79,,22
2026-06-02T21:12:30.316961,$GAGSV,05,,49
2026-06-02T21:12:30.316961,$GAGSV,06,,40
2026-06-02T21:12:30.316961,$GAGSV,09,,44
2026-06-02T21:12:30.316961,$GAGSV,16,,39
2026-06-02T21:12:30.317632,$GAGSV,25,,33
2026-06-02T21:12:30.317632,$GAGSV,31,,28
2026-06-02T21:12:30.317632,$GAGSV,34,,45
2026-06-02T21:12:30.317632,$GAGSV,36,,23
2026-06-02T21:12:30.318343,$GAGSV,05,,42
2026-06-02T21:12:30.318343,$GAGSV,06,,32
2026-06-02T21:12:30.318343,$GAGSV,09,,41
2026-06-02T21:12:30.318343,$GAGSV,16,,34
2026-06-02T21:12:30.318832,$GAGSV,31,,24
2026-06-02T21:12:30.318832,$GAGSV,34,,43
2026-06-02T21:12:30.320056,$GBGSV,06,,48
2026-06-02T21:12:30.320056,$GBGSV,07,,46
2026-06-02T21:12:30.320056,$GBGSV,09,,47
2026-06-02T21:12:30.320056,$GBGSV,10,,43
2026-06-02T21:12:30.320758,$GBGSV,23,,37
2026-06-02T21:12:30.320758,$GBGSV,24,,42
2026-06-02T21:12:30.320758,$GBGSV,25,,48
2026-06-02T21:12:30.320758,$GBGSV,33,,49
2026-06-02T21:12:30.321341,$GBGSV,09,,49
2026-06-02T21:12:30.321341,$GBGSV,10,,48
2026-06-02T21:12:31.313256,$GPGSV,10,,39
2026-06-02T21:12:31.313256,$GPGSV,25,,28
2026-06-02T21:12:31.313256,$GPGSV,26,,46
2026-06-02T21:12:31.313256,$GPGSV,28,,44
2026-06-02T21:12:31.313984,$GPGSV,31,,44
2026-06-02T21:12:31.313984,$GPGSV,32,,48
2026-06-02T21:12:31.313984,$GPGSV,40,,42
2026-06-02T21:12:31.313984,$GPGSV,41,,47
2026-06-02T21:12:31.314393,$GPGSV,42,,47
2026-06-02T21:12:31.315092,$GPGSV,01,,29
2026-06-02T21:12:31.315092,$GPGSV,10,,36
2026-06-02T21:12:31.315092,$GPGSV,23,,10
2026-06-02T21:12:31.315092,$GPGSV,25,,26
2026-06-02T21:12:31.315835,$GPGSV,26,,45
2026-06-02T21:12:31.315835,$GPGSV,28,,46
2026-06-02T21:12:31.315835,$GPGSV,31,,43
2026-06-02T21:12:31.315835,$GPGSV,32,,44
2026-06-02T21:12:31.317608,$GLGSV,66,,28
2026-06-02T21:12:31.317608,$GLGSV,67,,47
2026-06-02T21:12:31.317608,$GLGSV,68,,31
2026-06-02T21:12:31.317608,$GLGSV,77,,40
2026-06-02T21:12:31.318102,$GLGSV,78,,49
2026-06-02T21:12:31.318102,$GLGSV,79,,19
2026-06-02T21:12:31.318774,$GLGSV,66,,27
2026-06-02T21:12:31.318774,$GLGSV,67,,47
2026-06-02T21:12:31.318774,$GLGSV,68,,25
2026-06-02T21:12:31.318774,$GLGSV,78,,48
2026-06-02T21:12:31.319159,$GLGSV,79,,22
2026-06-02T21:12:31.320384,$GAGSV,05,,48
2026-06-02T21:12:31.320384,$GAGSV,06,,40
2026-06-02T21:12:31.320384,$GAGSV,09,,42
2026-06-02T21:12:31.320384,$GAGSV,16,,38
2026-06-02T21:12:31.321056,$GAGSV,25,,32
2026-06-02T21:12:31.321056,$GAGSV,31,,28
2026-06-02T21:12:31.321056,$GAGSV,34,,46
2026-06-02T21:12:31.321056,$GAGSV,36,,29
2026-06-02T21:12:31.321736,$GAGSV,05,,44
2026-06-02T21:12:31.321736,$GAGSV,06,,32
2026-06-02T21:12:31.321736,$GAGSV,09,,39
2026-06-02T21:12:31.321736,$GAGSV,16,,37
2026-06-02T21:12:31.322219,$GAGSV,31,,22
2026-06-02T21:12:31.322219,$GAGSV,34,,42
2026-06-02T21:12:31.323408,$GBGSV,06,,47
2026-06-02T21:12:31.323408,$GBGSV,07,,46
2026-06-02T21:12:31.323408,$GBGSV,09,,47
2026-06-02T21:12:31.323408,$GBGSV,10,,45
2026-06-02T21:12:31.324115,$GBGSV,23,,26
2026-06-02T21:12:31.324115,$GBGSV,24,,40
2026-06-02T21:12:31.324115,$GBGSV,25,,49
2026-06-02T21:12:31.324115,$GBGSV,33,,49
2026-06-02T21:12:31.324606,$GBGSV,09,,49
2026-06-02T21:12:31.324606,$GBGSV,10,,49
2026-06-02T21:12:32.322372,$GPGSV,10,,34
2026-06-02T21:12:32.322372,$GPGSV,25,,28
2026-06-02T21:12:32.322372,$GPGSV,26,,46
2026-06-02T21:12:32.322372,$GPGSV,28,,41
2026-06-02T21:12:32.323106,$GPGSV,31,,45
2026-06-02T21:12:32.323106,$GPGSV,32,,46
2026-06-02T21:12:32.323106,$GPGSV,40,,41
2026-06-02T21:12:32.323106,$GPGSV,41,,47
2026-06-02T21:12:32.323519,$GPGSV,42,,47
2026-06-02T21:12:32.324253,$GPGSV,01,,29
2026-06-02T21:12:32.324253,$GPGSV,10,,38
2026-06-02T21:12:32.324253,$GPGSV,23,,12
2026-06-02T21:12:32.324253,$GPGSV,25,,25
2026-06-02T21:12:32.324957,$GPGSV,26,,45
2026-06-02T21:12:32.324957,$GPGSV,28,,46
2026-06-02T21:12:32.324957,$GPGSV,31,,43
2026-06-02T21:12:32.324957,$GPGSV,32,,44
2026-06-02T21:12:32.326739,$GLGSV,66,,31
2026-06-02T21:12:32.326739,$GLGSV,67,,47
2026-06-02T21:12:32.326739,$GLGSV,68,,35
2026-06-02T21:12:32.326739,$GLGSV,77,,41
2026-06-02T21:12:32.327244,$GLGSV,78,,49
2026-06-02T21:12:32.327244,$GLGSV,79,,20
2026-06-02T21:12:32.327951,$GLGSV,66,,26
2026-06-02T21:12:32.327951,$GLGSV,67,,47
2026-06-02T21:12:32.327951,$GLGSV,68,,31
2026-06-02T21:12:32.327951,$GLGSV,78,,49
2026-06-02T21:12:32.328371,$GLGSV,79,,21
2026-06-02T21:12:32.329597,$GAGSV,05,,49
2026-06-02T21:12:32.329597,$GAGSV,06,,41
2026-06-02T21:12:32.329597,$GAGSV,09,,45
2026-06-02T21:12:32.329597,$GAGSV,16,,42
2026-06-02T21:12:32.330266,$GAGSV,25,,30
2026-06-02T21:12:32.330266,$GAGSV,31,,29
2026-06-02T21:12:32.330266,$GAGSV,34,,46
2026-06-02T21:12:32.330266,$GAGSV,36,,16
2026-06-02T21:12:32.330942,$GAGSV,05,,41
2026-06-02T21:12:32.330942,$GAGSV,06,,33
2026-06-02T21:12:32.330942,$GAGSV,09,,40
2026-06-02T21:12:32.330942,$GAGSV,16,,39
2026-06-02T21:12:32.331430,$GAGSV,31,,22
2026-06-02T21:12:32.331430,$GAGSV,34,,40
2026-06-02T21:12:32.332660,$GBGSV,06,,48
2026-06-02T21:12:32.332660,$GBGSV,07,,46
2026-06-02T21:12:32.332660,$GBGSV,09,,47
2026-06-02T21:12:32.332660,$GBGSV,10,,46
2026-06-02T21:12:32.333335,$GBGSV,23,,40
2026-06-02T21:12:32.333335,$GBGSV,24,,37
2026-06-02T21:12:32.333335,$GBGSV,25,,50
2026-06-02T21:12:32.333335,$GBGSV,33,,48
2026-06-02T21:12:32.333821,$GBGSV,09,,49
2026-06-02T21:12:32.333821,$GBGSV,10,,49
2026-06-02T21:12:33.316626,$GPGSV,10,,37
2026-06-02T21:12:33.316626,$GPGSV,25,,27
2026-06-02T21:12:33.316626,$GPGSV,26,,45
2026-06-02T21:12:33.316626,$GPGSV,28,,41
2026-06-02T21:12:33.317400,$GPGSV,31,,44
2026-06-02T21:12:33.317400,$GPGSV,32,,45
2026-06-02T21:12:33.317400,$GPGSV,40,,41
2026-06-02T21:12:33.317400,$GPGSV,41,,45
2026-06-02T21:12:33.317846,$GPGSV,42,,45
2026-06-02T21:12:33.318546,$GPGSV,01,,31
2026-06-02T21:12:33.318546,$GPGSV,10,,34
2026-06-02T21:12:33.318546,$GPGSV,23,,13
2026-06-02T21:12:33.318546,$GPGSV,25,,24
2026-06-02T21:12:33.319258,$GPGSV,26,,46
2026-06-02T21:12:33.319258,$GPGSV,28,,45
2026-06-02T21:12:33.319258,$GPGSV,31,,44
2026-06-02T21:12:33.319258,$GPGSV,32,,44
2026-06-02T21:12:33.321067,$GLGSV,66,,32
2026-06-02T21:12:33.321067,$GLGSV,67,,47
2026-06-02T21:12:33.321067,$GLGSV,68,,35
2026-06-02T21:12:33.321067,$GLGSV,77,,42
2026-06-02T21:12:33.321587,$GLGSV,78,,49
2026-06-02T21:12:33.321587,$GLGSV,79,,22
2026-06-02T21:12:33.322290,$GLGSV,66,,26
2026-06-02T21:12:33.322290,$GLGSV,67,,47
2026-06-02T21:12:33.322290,$GLGSV,68,,32
2026-06-02T21:12:33.322290,$GLGSV,78,,49
2026-06-02T21:12:33.322692,$GLGSV,79,,22
2026-06-02T21:12:33.323952,$GAGSV,05,,48
2026-06-02T21:12:33.323952,$GAGSV,06,,42
2026-06-02T21:12:33.323952,$GAGSV,09,,44
2026-06-02T21:12:33.323952,$GAGSV,16,,44
2026-06-02T21:12:33.324667,$GAGSV,25,,28
2026-06-02T21:12:33.324667,$GAGSV,31,,31
2026-06-02T21:12:33.324667,$GAGSV,34,,46
2026-06-02T21:12:33.324667,$GAGSV,36,,15
2026-06-02T21:12:33.325386,$GAGSV,05,,42
2026-06-02T21:12:33.325386,$GAGSV,06,,34
2026-06-02T21:12:33.325386,$GAGSV,09,,40
2026-06-02T21:12:33.325386,$GAGSV,16,,40
2026-06-02T21:12:33.326008,$GAGSV,25,,25
2026-06-02T21:12:33.326008,$GAGSV,31,,21
2026-06-02T21:12:33.326008,$GAGSV,34,,41
2026-06-02T21:12:33.327210,$GBGSV,06,,49
2026-06-02T21:12:33.327210,$GBGSV,07,,46
2026-06-02T21:12:33.327210,$GBGSV,09,,46
2026-06-02T21:12:33.327210,$GBGSV,10,,43
2026-06-02T21:12:33.327917,$GBGSV,23,,34
2026-06-02T21:12:33.327917,$GBGSV,24,,37
2026-06-02T21:12:33.327917,$GBGSV,25,,49
2026-06-02T21:12:33.327917,$GBGSV,33,,49
2026-06-02T21:12:33.328400,$GBGSV,09,,49
2026-06-02T21:12:33.328400,$GBGSV,10,,48
2026-06-02T21:12:34.314802,$GPGSV,10,,38
2026-06-02T21:12:34.314802,$GPGSV,25,,31
2026-06-02T21:12:34.314802,$GPGSV,26,,46
2026-06-02T21:12:34.314802,$GPGSV,28,,42
2026-06-02T21:12:34.315542,$GPGSV,31,,45
2026-06-02T21:12:34.315542,$GPGSV,32,,45
2026-06-02T21:12:34.315542,$GPGSV,40,,42
2026-06-02T21:12:34.315542,$GPGSV,41,,46
2026-06-02T21:12:34.315976,$GPGSV,42,,48
2026-06-02T21:12:34.316672,$GPGSV,01,,25
2026-06-02T21:12:34.316672,$GPGSV,10,,35
2026-06-02T21:12:34.316672,$GPGSV,23,,13
2026-06-02T21:12:34.316672,$GPGSV,25,,22
2026-06-02T21:12:34.317360,$GPGSV,26,,46
2026-06-02T21:12:34.317360,$GPGSV,28,,44
2026-06-02T21:12:34.317360,$GPGSV,31,,43
2026-06-02T21:12:34.317360,$GPGSV,32,,43
2026-06-02T21:12:34.319064,$GLGSV,66,,26
2026-06-02T21:12:34.319064,$GLGSV,67,,48
2026-06-02T21:12:34.319064,$GLGSV,68,,35
2026-06-02T21:12:34.319064,$GLGSV,77,,41
2026-06-02T21:12:34.319555,$GLGSV,78,,48
2026-06-02T21:12:34.319555,$GLGSV,79,,23
2026-06-02T21:12:34.320240,$GLGSV,66,,31
2026-06-02T21:12:34.320240,$GLGSV,67,,48
2026-06-02T21:12:34.320240,$GLGSV,68,,29
2026-06-02T21:12:34.320240,$GLGSV,78,,48
2026-06-02T21:12:34.320624,$GLGSV,79,,21
2026-06-02T21:12:34.321800,$GAGSV,05,,46
2026-06-02T21:12:34.321800,$GAGSV,06,,40
2026-06-02T21:12:34.321800,$GAGSV,09,,42
2026-06-02T21:12:34.321800,$GAGSV,16,,45
2026-06-02T21:12:34.322476,$GAGSV,25,,29
2026-06-02T21:12:34.322476,$GAGSV,31,,25
2026-06-02T21:12:34.322476,$GAGSV,34,,47
2026-06-02T21:12:34.322476,$GAGSV,36,,18
2026-06-02T21:12:34.323147,$GAGSV,05,,42
2026-06-02T21:12:34.323147,$GAGSV,06,,31
2026-06-02T21:12:34.323147,$GAGSV,09,,38
2026-06-02T21:12:34.323147,$GAGSV,16,,38
2026-06-02T21:12:34.323754,$GAGSV,25,,30
2026-06-02T21:12:34.323754,$GAGSV,31,,21
2026-06-02T21:12:34.323754,$GAGSV,34,,43
2026-06-02T21:12:34.325085,$GBGSV,06,,48
2026-06-02T21:12:34.325085,$GBGSV,07,,45
2026-06-02T21:12:34.325085,$GBGSV,09,,47
2026-06-02T21:12:34.325085,$GBGSV,10,,43
2026-06-02T21:12:34.325785,$GBGSV,23,,23
2026-06-02T21:12:34.325785,$GBGSV,24,,39
2026-06-02T21:12:34.325785,$GBGSV,25,,49
2026-06-02T21:12:34.325785,$GBGSV,33,,49
2026-06-02T21:12:34.326279,$GBGSV,09,,48
2026-06-02T21:12:34.326279,$GBGSV,10,,49
2026-06-02T21:12:35.321253,$GPGSV,10,,32
2026-06-02T21:12:35.321253,$GPGSV,25,,25
2026-06-02T21:12:35.321253,$GPGSV,26,,46
2026-06-02T21:12:35.321253,$GPGSV,28,,44
2026-06-02T21:12:35.322093,$GPGSV,31,,45
2026-06-02T21:12:35.322093,$GPGSV,32,,45
2026-06-02T21:12:35.322093,$GPGSV,40,,39
2026-06-02T21:12:35.322093,$GPGSV,41,,47
2026-06-02T21:12:35.322542,$GPGSV,42,,47
2026-06-02T21:12:35.323326,$GPGSV,01,,27
2026-06-02T21:12:35.323326,$GPGSV,10,,38
2026-06-02T21:12:35.323326,$GPGSV,23,,14
2026-06-02T21:12:35.323326,$GPGSV,25,,24
2026-06-02T21:12:35.324135,$GPGSV,26,,47
2026-06-02T21:12:35.324135,$GPGSV,28,,45
2026-06-02T21:12:35.324135,$GPGSV,31,,44
2026-06-02T21:12:35.324135,$GPGSV,32,,44
2026-06-02T21:12:35.325973,$GLGSV,66,,26
2026-06-02T21:12:35.325973,$GLGSV,67,,46
2026-06-02T21:12:35.325973,$GLGSV,68,,37
2026-06-02T21:12:35.325973,$GLGSV,77,,41
2026-06-02T21:12:35.326481,$GLGSV,78,,48
2026-06-02T21:12:35.326481,$GLGSV,79,,22
2026-06-02T21:12:35.327196,$GLGSV,66,,27
2026-06-02T21:12:35.327196,$GLGSV,67,,46
2026-06-02T21:12:35.327196,$GLGSV,68,,33
2026-06-02T21:12:35.327196,$GLGSV,78,,48
2026-06-02T21:12:35.327618,$GLGSV,79,,22
2026-06-02T21:12:35.328858,$GAGSV,05,,47
2026-06-02T21:12:35.328858,$GAGSV,06,,34
2026-06-02T21:12:35.328858,$GAGSV,09,,44
2026-06-02T21:12:35.328858,$GAGSV,16,,45
2026-06-02T21:12:35.329557,$GAGSV,25,,31
2026-06-02T21:12:35.329557,$GAGSV,31,,28
2026-06-02T21:12:35.329557,$GAGSV,34,,45
2026-06-02T21:12:35.329557,$GAGSV,36,,32
2026-06-02T21:12:35.330266,$GAGSV,05,,41
2026-06-02T21:12:35.330266,$GAGSV,06,,35
2026-06-02T21:12:35.330266,$GAGSV,09,,38
2026-06-02T21:12:35.330266,$GAGSV,16,,41
2026-06-02T21:12:35.330881,$GAGSV,25,,30
2026-06-02T21:12:35.330881,$GAGSV,31,,20
2026-06-02T21:12:35.330881,$GAGSV,34,,42
2026-06-02T21:12:35.332154,$GBGSV,06,,48
2026-06-02T21:12:35.332154,$GBGSV,07,,45
2026-06-02T21:12:35.332154,$GBGSV,09,,47
2026-06-02T21:12:35.332154,$GBGSV,10,,45
2026-06-02T21:12:35.332861,$GBGSV,23,,36
2026-06-02T21:12:35.332861,$GBGSV,24,,34
2026-06-02T21:12:35.332861,$GBGSV,25,,49
2026-06-02T21:12:35.332861,$GBGSV,33,,49
2026-06-02T21:12:35.333409,$GBGSV,09,,49
2026-06-02T21:12:35.333409,$GBGSV,10,,47
2026-06-02T21:12:36.318418,$GPGSV,10,,40
2026-06-02T21:12:36.318418,$GPGSV,25,,30
2026-06-02T21:12:36.318418,$GPGSV,26,,46
2026-06-02T21:12:36.318418,$GPGSV,28,,44
2026-06-02T21:12:36.319150,$GPGSV,31,,44
2026-06-02T21:12:36.319150,$GPGSV,32,,45
2026-06-02T21:12:36.319150,$GPGSV,40,,38
2026-06-02T21:12:36.319150,$GPGSV,41,,48
2026-06-02T21:12:36.319562,$GPGSV,42,,46
2026-06-02T21:12:36.320270,$GPGSV,01,,32
2026-06-02T21:12:36.320270,$GPGSV,10,,38
2026-06-02T21:12:36.320270,$GPGSV,23,,12
2026-06-02T21:12:36.320270,$GPGSV,25,,26
2026-06-02T21:12:36.320993,$GPGSV,26,,47
2026-06-02T21:12:36.320993,$GPGSV,28,,45
2026-06-02T21:12:36.320993,$GPGSV,31,,45
2026-06-02T21:12:36.320993,$GPGSV,32,,44
2026-06-02T21:12:36.322760,$GLGSV,66,,26
2026-06-02T21:12:36.322760,$GLGSV,67,,46
2026-06-02T21:12:36.322760,$GLGSV,68,,31
2026-06-02T21:12:36.322760,$GLGSV,77,,41
2026-06-02T21:12:36.323257,$GLGSV,78,,48
2026-06-02T21:12:36.323257,$GLGSV,79,,21
2026-06-02T21:12:36.323965,$GLGSV,66,,26
2026-06-02T21:12:36.323965,$GLGSV,67,,46
2026-06-02T21:12:36.323965,$GLGSV,68,,36
2026-06-02T21:12:36.323965,$GLGSV,78,,48
2026-06-02T21:12:36.324369,$GLGSV,79,,21
2026-06-02T21:12:36.325591,$GAGSV,05,,46
2026-06-02T21:12:36.325591,$GAGSV,06,,37
2026-06-02T21:12:36.325591,$GAGSV,09,,41
2026-06-02T21:12:36.325591,$GAGSV,16,,44
2026-06-02T21:12:36.326266,$GAGSV,25,,31
2026-06-02T21:12:36.326266,$GAGSV,31,,28
2026-06-02T21:12:36.326266,$GAGSV,34,,43
2026-06-02T21:12:36.326266,$GAGSV,36,,19
2026-06-02T21:12:36.326944,$GAGSV,05,,40
2026-06-02T21:12:36.326944,$GAGSV,06,,32
2026-06-02T21:12:36.326944,$GAGSV,09,,36
2026-06-02T21:12:36.326944,$GAGSV,16,,40
2026-06-02T21:12:36.327525,$GAGSV,25,,29
2026-06-02T21:12:36.327525,$GAGSV,31,,19
2026-06-02T21:12:36.327525,$GAGSV,34,,41
2026-06-02T21:12:36.328748,$GBGSV,06,,46
2026-06-02T21:12:36.328748,$GBGSV,07,,46
2026-06-02T21:12:36.328748,$GBGSV,09,,47
2026-06-02T21:12:36.328748,$GBGSV,10,,44
2026-06-02T21:12:36.329431,$GBGSV,23,,36
2026-06-02T21:12:36.329431,$GBGSV,24,,39
2026-06-02T21:12:36.329431,$GBGSV,25,,49
2026-06-02T21:12:36.329431,$GBGSV,33,,50
2026-06-02T21:12:36.329911,$GBGSV,09,,49
2026-06-02T21:12:36.329911,$GBGSV,10,,48
2026-06-02T21:12:37.319662,$GPGSV,10,,42
2026-06-02T21:12:37.319662,$GPGSV,25,,23
2026-06-02T21:12:37.319662,$GPGSV,26,,46
2026-06-02T21:12:37.319662,$GPGSV,28,,43
2026-06-02T21:12:37.320555,$GPGSV,31,,46
2026-06-02T21:12:37.320555,$GPGSV,32,,45
2026-06-02T21:12:37.320555,$GPGSV,40,,39
2026-06-02T21:12:37.320555,$GPGSV,41,,48
2026-06-02T21:12:37.321055,$GPGSV,42,,46
2026-06-02T21:12:37.321909,$GPGSV,01,,32
2026-06-02T21:12:37.321909,$GPGSV,10,,38
2026-06-02T21:12:37.321909,$GPGSV,23,,15
2026-06-02T21:12:37.321909,$GPGSV,25,,27
2026-06-02T21:12:37.322760,$GPGSV,26,,46
2026-06-02T21:12:37.322760,$GPGSV,28,,45
2026-06-02T21:12:37.322760,$GPGSV,31,,45
2026-06-02T21:12:37.322760,$GPGSV,32,,45
2026-06-02T21:12:37.324947,$GLGSV,66,,27
2026-06-02T21:12:37.324947,$GLGSV,67,,46
2026-06-02T21:12:37.324947,$GLGSV,68,,36
2026-06-02T21:12:37.324947,$GLGSV,77,,40
2026-06-02T21:12:37.325561,$GLGSV,78,,49
2026-06-02T21:12:37.325561,$GLGSV,79,,19
2026-06-02T21:12:37.326414,$GLGSV,66,,31
2026-06-02T21:12:37.326414,$GLGSV,67,,46
2026-06-02T21:12:37.326414,$GLGSV,68,,37
2026-06-02T21:12:37.326414,$GLGSV,78,,49
2026-06-02T21:12:37.326900,$GLGSV,79,,19
2026-06-02T21:12:37.328440,$GAGSV,05,,46
2026-06-02T21:12:37.328440,$GAGSV,06,,39
2026-06-02T21:12:37.328440,$GAGSV,09,,37
2026-06-02T21:12:37.328440,$GAGSV,16,,46
2026-06-02T21:12:37.329315,$GAGSV,25,,30
2026-06-02T21:12:37.329315,$GAGSV,31,,30
2026-06-02T21:12:37.329315,$GAGSV,34,,44
2026-06-02T21:12:37.329315,$GAGSV,36,,23
2026-06-02T21:12:37.330181,$GAGSV,05,,40
2026-06-02T21:12:37.330181,$GAGSV,06,,26
2026-06-02T21:12:37.330181,$GAGSV,09,,35
2026-06-02T21:12:37.330181,$GAGSV,16,,42
2026-06-02T21:12:37.330920,$GAGSV,25,,29
2026-06-02T21:12:37.330920,$GAGSV,31,,21
2026-06-02T21:12:37.330920,$GAGSV,34,,43
2026-06-02T21:12:37.332691,$GBGSV,06,,46
2026-06-02T21:12:37.332691,$GBGSV,07,,46
2026-06-02T21:12:37.332691,$GBGSV,09,,47
2026-06-02T21:12:37.332691,$GBGSV,10,,44
2026-06-02T21:12:37.333539,$GBGSV,23,,36
2026-06-02T21:12:37.333539,$GBGSV,24,,37
2026-06-02T21:12:37.333539,$GBGSV,25,,50
2026-06-02T21:12:37.333539,$GBGSV,33,,49
2026-06-02T21:12:37.334146,$GBGSV,09,,49
2026-06-02T21:12:37.334146,$GBGSV,10,,48
2026-06-02T21:12:38.319653,$GPGSV,10,,38
2026-06-02T21:12:38.319653,$GPGSV,25,,23
2026-06-02T21:12:38.319653,$GPGSV,26,,46
2026-06-02T21:12:38.319653,$GPGSV,28,,43
2026-06-02T21:12:38.320401,$GPGSV,31,,44
2026-06-02T21:12:38.320401,$GPGSV,32,,46
2026-06-02T21:12:38.320401,$GPGSV,40,,40
2026-06-02T21:12:38.320401,$GPGSV,41,,47
2026-06-02T21:12:38.320811,$GPGSV,42,,45
2026-06-02T21:12:38.321517,$GPGSV,01,,18
2026-06-02T21:12:38.321517,$GPGSV,10,,35
2026-06-02T21:12:38.321517,$GPGSV,23,,16
2026-06-02T21:12:38.321517,$GPGSV,25,,26
2026-06-02T21:12:38.322227,$GPGSV,26,,46
2026-06-02T21:12:38.322227,$GPGSV,28,,44
2026-06-02T21:12:38.322227,$GPGSV,31,,46
2026-06-02T21:12:38.322227,$GPGSV,32,,45
2026-06-02T21:12:38.324035,$GLGSV,66,,32
2026-06-02T21:12:38.324035,$GLGSV,67,,48
2026-06-02T21:12:38.324035,$GLGSV,68,,38
2026-06-02T21:12:38.324035,$GLGSV,77,,41
2026-06-02T21:12:38.324523,$GLGSV,78,,49
2026-06-02T21:12:38.324523,$GLGSV,79,,19
2026-06-02T21:12:38.325201,$GLGSV,66,,29
2026-06-02T21:12:38.325201,$GLGSV,67,,44
2026-06-02T21:12:38.325201,$GLGSV,68,,34
2026-06-02T21:12:38.325201,$GLGSV,78,,49
2026-06-02T21:12:38.325589,$GLGSV,79,,19
2026-06-02T21:12:38.326774,$GAGSV,05,,44
2026-06-02T21:12:38.326774,$GAGSV,06,,37
2026-06-02T21:12:38.326774,$GAGSV,09,,39
2026-06-02T21:12:38.326774,$GAGSV,16,,48
2026-06-02T21:12:38.327448,$GAGSV,25,,31
2026-06-02T21:12:38.327448,$GAGSV,31,,29
2026-06-02T21:12:38.327448,$GAGSV,34,,43
2026-06-02T21:12:38.327448,$GAGSV,36,,27
2026-06-02T21:12:38.328142,$GAGSV,05,,39
2026-06-02T21:12:38.328142,$GAGSV,06,,32
2026-06-02T21:12:38.328142,$GAGSV,09,,28
2026-06-02T21:12:38.328142,$GAGSV,16,,43
2026-06-02T21:12:38.328629,$GAGSV,31,,21
2026-06-02T21:12:38.328629,$GAGSV,34,,40
2026-06-02T21:12:38.329819,$GBGSV,06,,47
2026-06-02T21:12:38.329819,$GBGSV,07,,45
2026-06-02T21:12:38.329819,$GBGSV,09,,47
2026-06-02T21:12:38.329819,$GBGSV,10,,46
2026-06-02T21:12:38.330502,$GBGSV,23,,33
2026-06-02T21:12:38.330502,$GBGSV,24,,32
2026-06-02T21:12:38.330502,$GBGSV,25,,49
2026-06-02T21:12:38.330502,$GBGSV,33,,49
2026-06-02T21:12:38.330981,$GBGSV,09,,49
2026-06-02T21:12:38.330981,$GBGSV,10,,49
2026-06-02T21:12:39.313536,$GPGSV,02,,20
2026-06-02T21:12:39.313536,$GPGSV,10,,38
2026-06-02T21:12:39.313536,$GPGSV,16,,22
2026-06-02T21:12:39.313536,$GPGSV,25,,24
2026-06-02T21:12:39.314328,$GPGSV,26,,47
2026-06-02T21:12:39.314328,$GPGSV,28,,45
2026-06-02T21:12:39.314328,$GPGSV,31,,46
2026-06-02T21:12:39.314328,$GPGSV,32,,45
2026-06-02T21:12:39.314981,$GPGSV,40,,41
2026-06-02T21:12:39.314981,$GPGSV,41,,48
2026-06-02T21:12:39.314981,$GPGSV,42,,46
2026-06-02T21:12:39.315700,$GPGSV,01,,27
2026-06-02T21:12:39.315700,$GPGSV,10,,36
2026-06-02T21:12:39.315700,$GPGSV,23,,16
2026-06-02T21:12:39.315700,$GPGSV,25,,25
2026-06-02T21:12:39.316407,$GPGSV,26,,47
2026-06-02T21:12:39.316407,$GPGSV,28,,43
2026-06-02T21:12:39.316407,$GPGSV,31,,45
2026-06-02T21:12:39.316407,$GPGSV,32,,45
2026-06-02T21:12:39.317735,$GLGSV,66,,31
2026-06-02T21:12:39.317735,$GLGSV,67,,48
2026-06-02T21:12:39.317735,$GLGSV,68,,29
2026-06-02T21:12:39.317735,$GLGSV,77,,41
2026-06-02T21:12:39.318238,$GLGSV,78,,49
2026-06-02T21:12:39.318238,$GLGSV,79,,21
2026-06-02T21:12:39.318934,$GLGSV,66,,31
2026-06-02T21:12:39.318934,$GLGSV,67,,47
2026-06-02T21:12:39.318934,$GLGSV,68,,37
2026-06-02T21:12:39.318934,$GLGSV,78,,49
2026-06-02T21:12:39.319342,$GLGSV,79,,20
2026-06-02T21:12:39.320615,$GAGSV,05,,45
2026-06-02T21:12:39.320615,$GAGSV,06,,38
2026-06-02T21:12:39.320615,$GAGSV,09,,31
2026-06-02T21:12:39.320615,$GAGSV,16,,50
2026-06-02T21:12:39.321331,$GAGSV,25,,30
2026-06-02T21:12:39.321331,$GAGSV,31,,28
2026-06-02T21:12:39.321331,$GAGSV,34,,42
2026-06-02T21:12:39.321331,$GAGSV,36,,26
2026-06-02T21:12:39.322058,$GAGSV,05,,41
2026-06-02T21:12:39.322058,$GAGSV,06,,26
2026-06-02T21:12:39.322058,$GAGSV,09,,34
2026-06-02T21:12:39.322058,$GAGSV,16,,45
2026-06-02T21:12:39.322473,$GAGSV,34,,42
2026-06-02T21:12:39.323703,$GBGSV,06,,48
2026-06-02T21:12:39.323703,$GBGSV,07,,46
2026-06-02T21:12:39.323703,$GBGSV,09,,47
2026-06-02T21:12:39.323703,$GBGSV,10,,45
2026-06-02T21:12:39.324439,$GBGSV,23,,36
2026-06-02T21:12:39.324439,$GBGSV,24,,35
2026-06-02T21:12:39.324439,$GBGSV,25,,49
2026-06-02T21:12:39.324439,$GBGSV,33,,49
2026-06-02T21:12:39.325018,$GBGSV,09,,49
2026-06-02T21:12:39.325018,$GBGSV,10,,49
2026-06-02T21:12:40.321957,$GPGSV,02,,17
2026-06-02T21:12:40.321957,$GPGSV,10,,40
2026-06-02T21:12:40.321957,$GPGSV,16,,18
2026-06-02T21:12:40.321957,$GPGSV,25,,25
2026-06-02T21:12:40.322670,$GPGSV,26,,47
2026-06-02T21:12:40.322670,$GPGSV,28,,43
2026-06-02T21:12:40.322670,$GPGSV,31,,47
2026-06-02T21:12:40.322670,$GPGSV,32,,47
2026-06-02T21:12:40.323259,$GPGSV,40,,42
2026-06-02T21:12:40.323259,$GPGSV,41,,47
2026-06-02T21:12:40.323259,$GPGSV,42,,47
2026-06-02T21:12:40.323954,$GPGSV,01,,35
2026-06-02T21:12:40.323954,$GPGSV,10,,38
2026-06-02T21:12:40.323954,$GPGSV,23,,15
2026-06-02T21:12:40.323954,$GPGSV,25,,25
2026-06-02T21:12:40.324638,$GPGSV,26,,46
2026-06-02T21:12:40.324638,$GPGSV,28,,46
2026-06-02T21:12:40.324638,$GPGSV,31,,45
2026-06-02T21:12:40.324638,$GPGSV,32,,45
2026-06-02T21:12:40.325928,$GLGSV,66,,37
2026-06-02T21:12:40.325928,$GLGSV,67,,47
2026-06-02T21:12:40.325928,$GLGSV,68,,29
2026-06-02T21:12:40.325928,$GLGSV,77,,39
2026-06-02T21:12:40.326417,$GLGSV,78,,49
2026-06-02T21:12:40.326417,$GLGSV,79,,23
2026-06-02T21:12:40.327091,$GLGSV,66,,34
2026-06-02T21:12:40.327091,$GLGSV,67,,47
2026-06-02T21:12:40.327091,$GLGSV,68,,34
2026-06-02T21:12:40.327091,$GLGSV,78,,49
2026-06-02T21:12:40.327482,$GLGSV,79,,20
2026-06-02T21:12:40.328702,$GAGSV,05,,46
2026-06-02T21:12:40.328702,$GAGSV,06,,35
2026-06-02T21:12:40.328702,$GAGSV,09,,35
2026-06-02T21:12:40.328702,$GAGSV,16,,48
2026-06-02T21:12:40.329379,$GAGSV,25,,34
2026-06-02T21:12:40.329379,$GAGSV,31,,25
2026-06-02T21:12:40.329379,$GAGSV,34,,45
2026-06-02T21:12:40.329379,$GAGSV,36,,25
2026-06-02T21:12:40.330028,$GAGSV,05,,39
2026-06-02T21:12:40.330028,$GAGSV,06,,31
2026-06-02T21:12:40.330028,$GAGSV,09,,29
2026-06-02T21:12:40.330028,$GAGSV,16,,45
2026-06-02T21:12:40.330397,$GAGSV,34,,41
2026-06-02T21:12:40.331535,$GBGSV,06,,48
2026-06-02T21:12:40.331535,$GBGSV,07,,45
2026-06-02T21:12:40.331535,$GBGSV,09,,47
2026-06-02T21:12:40.331535,$GBGSV,10,,44
2026-06-02T21:12:40.332237,$GBGSV,23,,36
2026-06-02T21:12:40.332237,$GBGSV,24,,34
2026-06-02T21:12:40.332237,$GBGSV,25,,49
2026-06-02T21:12:40.332237,$GBGSV,33,,50
2026-06-02T21:12:40.332686,$GBGSV,09,,49
2026-06-02T21:12:40.332686,$GBGSV,10,,48
2026-06-02T21:12:41.317053,$GPGSV,02,,14
2026-06-02T21:12:41.317053,$GPGSV,10,,41
2026-06-02T21:12:41.317053,$GPGSV,16,,15
2026-06-02T21:12:41.317053,$GPGSV,25,,25
2026-06-02T21:12:41.317849,$GPGSV,26,,47
2026-06-02T21:12:41.317849,$GPGSV,28,,44
2026-06-02T21:12:41.317849,$GPGSV,31,,44
2026-06-02T21:12:41.317849,$GPGSV,32,,47
2026-06-02T21:12:41.318519,$GPGSV,40,,40
2026-06-02T21:12:41.318519,$GPGSV,41,,47
2026-06-02T21:12:41.318519,$GPGSV,42,,47
2026-06-02T21:12:41.319297,$GPGSV,01,,25
2026-06-02T21:12:41.319297,$GPGSV,10,,41
2026-06-02T21:12:41.319297,$GPGSV,23,,15
2026-06-02T21:12:41.319297,$GPGSV,25,,26
2026-06-02T21:12:41.320043,$GPGSV,26,,45
2026-06-02T21:12:41.320043,$GPGSV,28,,46
2026-06-02T21:12:41.320043,$GPGSV,31,,45
2026-06-02T21:12:41.320043,$GPGSV,32,,42
2026-06-02T21:12:41.321429,$GLGSV,66,,35
2026-06-02T21:12:41.321429,$GLGSV,67,,48
2026-06-02T21:12:41.321429,$GLGSV,68,,30
2026-06-02T21:12:41.321429,$GLGSV,77,,40
2026-06-02T21:12:41.321931,$GLGSV,78,,50
2026-06-02T21:12:41.321931,$GLGSV,79,,24
2026-06-02T21:12:41.322621,$GLGSV,66,,31
2026-06-02T21:12:41.322621,$GLGSV,67,,46
2026-06-02T21:12:41.322621,$GLGSV,68,,37
2026-06-02T21:12:41.322621,$GLGSV,78,,49
2026-06-02T21:12:41.323020,$GLGSV,79,,19
2026-06-02T21:12:41.324293,$GAGSV,05,,47
2026-06-02T21:12:41.324293,$GAGSV,06,,29
2026-06-02T21:12:41.324293,$GAGSV,09,,31
2026-06-02T21:12:41.324293,$GAGSV,16,,48
2026-06-02T21:12:41.325015,$GAGSV,25,,37
2026-06-02T21:12:41.325015,$GAGSV,31,,25
2026-06-02T21:12:41.325015,$GAGSV,34,,46
2026-06-02T21:12:41.325015,$GAGSV,36,,30
2026-06-02T21:12:41.325726,$GAGSV,05,,42
2026-06-02T21:12:41.325726,$GAGSV,06,,25
2026-06-02T21:12:41.325726,$GAGSV,09,,29
2026-06-02T21:12:41.325726,$GAGSV,16,,46
2026-06-02T21:12:41.326144,$GAGSV,34,,41
2026-06-02T21:12:41.327386,$GBGSV,06,,48
2026-06-02T21:12:41.327386,$GBGSV,07,,44
2026-06-02T21:12:41.327386,$GBGSV,09,,47
2026-06-02T21:12:41.327386,$GBGSV,10,,44
2026-06-02T21:12:41.328135,$GBGSV,23,,27
2026-06-02T21:12:41.328135,$GBGSV,24,,35
2026-06-02T21:12:41.328135,$GBGSV,25,,50
2026-06-02T21:12:41.328135,$GBGSV,33,,50
2026-06-02T21:12:41.328625,$GBGSV,09,,48
2026-06-02T21:12:41.328625,$GBGSV,10,,47
2026-06-02T21:12:42.315381,$GPGSV,02,,10
2026-06-02T21:12:42.315381,$GPGSV,10,,44
2026-06-02T21:12:42.315381,$GPGSV,16,,11
2026-06-02T21:12:42.315381,$GPGSV,25,,26
2026-06-02T21:12:42.316139,$GPGSV,26,,46
2026-06-02T21:12:42.316139,$GPGSV,28,,43
2026-06-02T21:12:42.316139,$GPGSV,31,,44
2026-06-02T21:12:42.316139,$GPGSV,32,,46
2026-06-02T21:12:42.317808,$GPGSV,40,,39
2026-06-02T21:12:42.317808,$GPGSV,41,,48
2026-06-02T21:12:42.317808,$GPGSV,42,,47
2026-06-02T21:12:42.318540,$GPGSV,01,,31
2026-06-02T21:12:42.318540,$GPGSV,10,,41
2026-06-02T21:12:42.318540,$GPGSV,23,,15
2026-06-02T21:12:42.318540,$GPGSV,25,,30
2026-06-02T21:12:42.319294,$GPGSV,26,,46
2026-06-02T21:12:42.319294,$GPGSV,28,,46
2026-06-02T21:12:42.319294,$GPGSV,31,,44
2026-06-02T21:12:42.319294,$GPGSV,32,,42
2026-06-02T21:12:42.320887,$GLGSV,66,,32
2026-06-02T21:12:42.320887,$GLGSV,67,,47
2026-06-02T21:12:42.320887,$GLGSV,68,,33
2026-06-02T21:12:42.320887,$GLGSV,77,,40
2026-06-02T21:12:42.321477,$GLGSV,78,,49
2026-06-02T21:12:42.321477,$GLGSV,79,,23
2026-06-02T21:12:42.322291,$GLGSV,66,,27
2026-06-02T21:12:42.322291,$GLGSV,67,,45
2026-06-02T21:12:42.322291,$GLGSV,68,,35
2026-06-02T21:12:42.322291,$GLGSV,78,,49
2026-06-02T21:12:42.322760,$GLGSV,79,,20
2026-06-02T21:12:42.324221,$GAGSV,05,,47
2026-06-02T21:12:42.324221,$GAGSV,06,,26
2026-06-02T21:12:42.324221,$GAGSV,09,,34
2026-06-02T21:12:42.324221,$GAGSV,16,,50
2026-06-02T21:12:42.325057,$GAGSV,25,,37
2026-06-02T21:12:42.325057,$GAGSV,31,,24
2026-06-02T21:12:42.325057,$GAGSV,34,,46
2026-06-02T21:12:42.325057,$GAGSV,36,,34
2026-06-02T21:12:42.325874,$GAGSV,05,,39
2026-06-02T21:12:42.325874,$GAGSV,06,,26
2026-06-02T21:12:42.325874,$GAGSV,16,,45
2026-06-02T21:12:42.325874,$GAGSV,34,,40
2026-06-02T21:12:42.327311,$GBGSV,06,,48
2026-06-02T21:12:42.327311,$GBGSV,07,,46
2026-06-02T21:12:42.327311,$GBGSV,09,,47
2026-06-02T21:12:42.327311,$GBGSV,10,,46
2026-06-02T21:12:42.328156,$GBGSV,23,,39
2026-06-02T21:12:42.328156,$GBGSV,24,,32
2026-06-02T21:12:42.328156,$GBGSV,25,,50
2026-06-02T21:12:42.328156,$GBGSV,33,,49
2026-06-02T21:12:42.328746,$GBGSV,09,,49
2026-06-02T21:12:42.328746,$GBGSV,10,,47
2026-06-02T21:12:43.315126,$GPGSV,02,,08
2026-06-02T21:12:43.315126,$GPGSV,10,,45
2026-06-02T21:12:43.315126,$GPGSV,16,,09
2026-06-02T21:12:43.315126,$GPGSV,25,,24
2026-06-02T21:12:43.315945,$GPGSV,26,,46
2026-06-02T21:12:43.315945,$GPGSV,28,,44
2026-06-02T21:12:43.315945,$GPGSV,31,,45
2026-06-02T21:12:43.315945,$GPGSV,32,,47
2026-06-02T21:12:43.316622,$GPGSV,40,,40
2026-06-02T21:12:43.316622,$GPGSV,41,,48
2026-06-02T21:12:43.316622,$GPGSV,42,,45
2026-06-02T21:12:43.317400,$GPGSV,01,,27
2026-06-02T21:12:43.317400,$GPGSV,10,,42
2026-06-02T21:12:43.317400,$GPGSV,23,,15
2026-06-02T21:12:43.317400,$GPGSV,25,,26
2026-06-02T21:12:43.318195,$GPGSV,26,,46
2026-06-02T21:12:43.318195,$GPGSV,28,,46
2026-06-02T21:12:43.318195,$GPGSV,31,,44
2026-06-02T21:12:43.318195,$GPGSV,32,,43
2026-06-02T21:12:43.319594,$GLGSV,66,,29
2026-06-02T21:12:43.319594,$GLGSV,67,,47
2026-06-02T21:12:43.319594,$GLGSV,68,,36
2026-06-02T21:12:43.319594,$GLGSV,77,,42
2026-06-02T21:12:43.320102,$GLGSV,78,,49
2026-06-02T21:12:43.320102,$GLGSV,79,,24
2026-06-02T21:12:43.320806,$GLGSV,66,,30
2026-06-02T21:12:43.320806,$GLGSV,67,,46
2026-06-02T21:12:43.320806,$GLGSV,68,,41
2026-06-02T21:12:43.320806,$GLGSV,78,,49
2026-06-02T21:12:43.321212,$GLGSV,79,,18
2026-06-02T21:12:43.322455,$GAGSV,05,,45
2026-06-02T21:12:43.322455,$GAGSV,06,,34
2026-06-02T21:12:43.322455,$GAGSV,09,,35
2026-06-02T21:12:43.322455,$GAGSV,16,,51
2026-06-02T21:12:43.323173,$GAGSV,25,,37
2026-06-02T21:12:43.323173,$GAGSV,31,,21
2026-06-02T21:12:43.323173,$GAGSV,34,,46
2026-06-02T21:12:43.323173,$GAGSV,36,,23
2026-06-02T21:12:43.323912,$GAGSV,05,,40
2026-06-02T21:12:43.323912,$GAGSV,06,,26
2026-06-02T21:12:43.323912,$GAGSV,16,,46
2026-06-02T21:12:43.323912,$GAGSV,34,,41
2026-06-02T21:12:43.325181,$GBGSV,06,,47
2026-06-02T21:12:43.325181,$GBGSV,07,,45
2026-06-02T21:12:43.325181,$GBGSV,09,,48
2026-06-02T21:12:43.325181,$GBGSV,10,,45
2026-06-02T21:12:43.325879,$GBGSV,23,,35
2026-06-02T21:12:43.325879,$GBGSV,24,,27
2026-06-02T21:12:43.325879,$GBGSV,25,,48
2026-06-02T21:12:43.325879,$GBGSV,33,,50
2026-06-02T21:12:43.326363,$GBGSV,09,,49
2026-06-02T21:12:43.326363,$GBGSV,10,,47
2026-06-02T21:12:44.316080,$GPGSV,02,,08
2026-06-02T21:12:44.316080,$GPGSV,10,,44
2026-06-02T21:12:44.316080,$GPGSV,16,,10
2026-06-02T21:12:44.316080,$GPGSV,25,,22
2026-06-02T21:12:44.316818,$GPGSV,26,,47
2026-06-02T21:12:44.316818,$GPGSV,28,,44
2026-06-02T21:12:44.316818,$GPGSV,31,,45
2026-06-02T21:12:44.316818,$GPGSV,32,,48
2026-06-02T21:12:44.317425,$GPGSV,40,,40
2026-06-02T21:12:44.317425,$GPGSV,41,,46
2026-06-02T21:12:44.317425,$GPGSV,42,,45
2026-06-02T21:12:44.318105,$GPGSV,01,,26
2026-06-02T21:12:44.318105,$GPGSV,10,,41
2026-06-02T21:12:44.318105,$GPGSV,23,,13
2026-06-02T21:12:44.318105,$GPGSV,25,,31
2026-06-02T21:12:44.318782,$GPGSV,26,,47
2026-06-02T21:12:44.318782,$GPGSV,28,,47
2026-06-02T21:12:44.318782,$GPGSV,31,,45
2026-06-02T21:12:44.318782,$GPGSV,32,,45
2026-06-02T21:12:44.320075,$GLGSV,66,,36
2026-06-02T21:12:44.320075,$GLGSV,67,,48
2026-06-02T21:12:44.320075,$GLGSV,68,,33
2026-06-02T21:12:44.320075,$GLGSV,77,,40
2026-06-02T21:12:44.320565,$GLGSV,78,,48
2026-06-02T21:12:44.320565,$GLGSV,79,,26
2026-06-02T21:12:44.321236,$GLGSV,66,,31
2026-06-02T21:12:44.321236,$GLGSV,67,,47
2026-06-02T21:12:44.321236,$GLGSV,68,,43
2026-06-02T21:12:44.321236,$GLGSV,78,,47
2026-06-02T21:12:44.321623,$GLGSV,79,,21
2026-06-02T21:12:44.322821,$GAGSV,05,,42
2026-06-02T21:12:44.322821,$GAGSV,06,,30
2026-06-02T21:12:44.322821,$GAGSV,09,,36
2026-06-02T21:12:44.322821,$GAGSV,16,,52
2026-06-02T21:12:44.323496,$GAGSV,25,,37
2026-06-02T21:12:44.323496,$GAGSV,31,,30
2026-06-02T21:12:44.323496,$GAGSV,34,,43
2026-06-02T21:12:44.323496,$GAGSV,36,,29
2026-06-02T21:12:44.324182,$GAGSV,05,,40
2026-06-02T21:12:44.324182,$GAGSV,06,,29
2026-06-02T21:12:44.324182,$GAGSV,16,,47
2026-06-02T21:12:44.324182,$GAGSV,34,,41
2026-06-02T21:12:44.325452,$GBGSV,06,,47
2026-06-02T21:12:44.325452,$GBGSV,07,,46
2026-06-02T21:12:44.325452,$GBGSV,09,,46
2026-06-02T21:12:44.325452,$GBGSV,10,,44
2026-06-02T21:12:44.326124,$GBGSV,23,,36
2026-06-02T21:12:44.326124,$GBGSV,24,,33
2026-06-02T21:12:44.326124,$GBGSV,25,,49
2026-06-02T21:12:44.326124,$GBGSV,33,,48
2026-06-02T21:12:44.326611,$GBGSV,09,,49
2026-06-02T21:12:44.326611,$GBGSV,10,,47
2026-06-02T21:12:45.321223,$GPGSV,02,,11
2026-06-02T21:12:45.321223,$GPGSV,10,,44
2026-06-02T21:12:45.321223,$GPGSV,16,,10
2026-06-02T21:12:45.321223,$GPGSV,23,,21
2026-06-02T21:12:45.321980,$GPGSV,25,,23
2026-06-02T21:12:45.321980,$GPGSV,26,,46
2026-06-02T21:12:45.321980,$GPGSV,28,,45
2026-06-02T21:12:45.321980,$GPGSV,31,,46
2026-06-02T21:12:45.322726,$GPGSV,32,,47
2026-06-02T21:12:45.322726,$GPGSV,40,,41
2026-06-02T21:12:45.322726,$GPGSV,41,,46
2026-06-02T21:12:45.322726,$GPGSV,42,,45
2026-06-02T21:12:45.323467,$GPGSV,01,,31
2026-06-02T21:12:45.323467,$GPGSV,10,,41
2026-06-02T21:12:45.323467,$GPGSV,23,,10
2026-06-02T21:12:45.323467,$GPGSV,25,,24
2026-06-02T21:12:45.324196,$GPGSV,26,,46
2026-06-02T21:12:45.324196,$GPGSV,28,,45
2026-06-02T21:12:45.324196,$GPGSV,31,,44
2026-06-02T21:12:45.324196,$GPGSV,32,,42
2026-06-02T21:12:45.325532,$GLGSV,66,,39
2026-06-02T21:12:45.325532,$GLGSV,67,,47
2026-06-02T21:12:45.325532,$GLGSV,68,,30
2026-06-02T21:12:45.325532,$GLGSV,77,,42
2026-06-02T21:12:45.326039,$GLGSV,78,,48
2026-06-02T21:12:45.326039,$GLGSV,79,,26
2026-06-02T21:12:45.326754,$GLGSV,66,,35
2026-06-02T21:12:45.326754,$GLGSV,67,,48
2026-06-02T21:12:45.326754,$GLGSV,68,,35
2026-06-02T21:12:45.326754,$GLGSV,78,,49
2026-06-02T21:12:45.327160,$GLGSV,79,,23
2026-06-02T21:12:45.328444,$GAGSV,05,,43
2026-06-02T21:12:45.328444,$GAGSV,06,,36
2026-06-02T21:12:45.328444,$GAGSV,09,,35
2026-06-02T21:12:45.328444,$GAGSV,16,,53
2026-06-02T21:12:45.329151,$GAGSV,25,,34
2026-06-02T21:12:45.329151,$GAGSV,31,,30
2026-06-02T21:12:45.329151,$GAGSV,34,,44
2026-06-02T21:12:45.329151,$GAGSV,36,,19
2026-06-02T21:12:45.329851,$GAGSV,05,,38
2026-06-02T21:12:45.329851,$GAGSV,06,,29
2026-06-02T21:12:45.329851,$GAGSV,09,,29
2026-06-02T21:12:45.329851,$GAGSV,16,,47
2026-06-02T21:12:45.330359,$GAGSV,25,,32
2026-06-02T21:12:45.330359,$GAGSV,34,,43
2026-06-02T21:12:45.331549,$GBGSV,06,,45
2026-06-02T21:12:45.331549,$GBGSV,07,,46
2026-06-02T21:12:45.331549,$GBGSV,09,,48
2026-06-02T21:12:45.331549,$GBGSV,10,,44
2026-06-02T21:12:45.332249,$GBGSV,23,,36
2026-06-02T21:12:45.332249,$GBGSV,24,,21
2026-06-02T21:12:45.332249,$GBGSV,25,,48
2026-06-02T21:12:45.332249,$GBGSV,33,,50
2026-06-02T21:12:45.332732,$GBGSV,09,,49
2026-06-02T21:12:45.332732,$GBGSV,10,,48
2026-06-02T21:12:46.325042,$GPGSV,02,,11
2026-06-02T21:12:46.325042,$GPGSV,10,,42
2026-06-02T21:12:46.325042,$GPGSV,16,,09
2026-06-02T21:12:46.325042,$GPGSV,23,,19
2026-06-02T21:12:46.325785,$GPGSV,25,,24
2026-06-02T21:12:46.325785,$GPGSV,26,,46
2026-06-02T21:12:46.325785,$GPGSV,28,,44
2026-06-02T21:12:46.325785,$GPGSV,31,,44
2026-06-02T21:12:46.326499,$GPGSV,32,,45
2026-06-02T21:12:46.326499,$GPGSV,40,,41
2026-06-02T21:12:46.326499,$GPGSV,41,,48
2026-06-02T21:12:46.326499,$GPGSV,42,,46
2026-06-02T21:12:46.327218,$GPGSV,01,,26
2026-06-02T21:12:46.327218,$GPGSV,10,,40
2026-06-02T21:12:46.327218,$GPGSV,23,,10
2026-06-02T21:12:46.327218,$GPGSV,25,,24
2026-06-02T21:12:46.327936,$GPGSV,26,,44
2026-06-02T21:12:46.327936,$GPGSV,28,,46
2026-06-02T21:12:46.327936,$GPGSV,31,,43
2026-06-02T21:12:46.327936,$GPGSV,32,,43
2026-06-02T21:12:46.329243,$GLGSV,66,,37
2026-06-02T21:12:46.329243,$GLGSV,67,,48
2026-06-02T21:12:46.329243,$GLGSV,68,,36
2026-06-02T21:12:46.329243,$GLGSV,77,,42
2026-06-02T21:12:46.329726,$GLGSV,78,,49
2026-06-02T21:12:46.329726,$GLGSV,79,,25
2026-06-02T21:12:46.330401,$GLGSV,66,,40
2026-06-02T21:12:46.330401,$GLGSV,67,,45
2026-06-02T21:12:46.330401,$GLGSV,68,,28
2026-06-02T21:12:46.330401,$GLGSV,78,,49
2026-06-02T21:12:46.330838,$GLGSV,79,,24
2026-06-02T21:12:46.332421,$GAGSV,05,,45
2026-06-02T21:12:46.332421,$GAGSV,06,,33
2026-06-02T21:12:46.332421,$GAGSV,09,,36
2026-06-02T21:12:46.332421,$GAGSV,16,,52
2026-06-02T21:12:46.333099,$GAGSV,25,,30
2026-06-02T21:12:46.333099,$GAGSV,31,,21
2026-06-02T21:12:46.333099,$GAGSV,34,,42
2026-06-02T21:12:46.333099,$GAGSV,36,,30
2026-06-02T21:12:46.333788,$GAGSV,05,,41
2026-06-02T21:12:46.333788,$GAGSV,06,,28
2026-06-02T21:12:46.333788,$GAGSV,16,,48
2026-06-02T21:12:46.333788,$GAGSV,25,,36
2026-06-02T21:12:46.334271,$GAGSV,31,,28
2026-06-02T21:12:46.334271,$GAGSV,34,,41
2026-06-02T21:12:46.335461,$GBGSV,06,,45
2026-06-02T21:12:46.335461,$GBGSV,07,,46
2026-06-02T21:12:46.335461,$GBGSV,09,,47
2026-06-02T21:12:46.335461,$GBGSV,10,,45
2026-06-02T21:12:46.336294,$GBGSV,23,,40
2026-06-02T21:12:46.336294,$GBGSV,24,,22
2026-06-02T21:12:46.336294,$GBGSV,25,,49
2026-06-02T21:12:46.336294,$GBGSV,33,,49
2026-06-02T21:12:46.336840,$GBGSV,09,,49
2026-06-02T21:12:46.336840,$GBGSV,10,,49
2026-06-02T21:12:47.320252,$GPGSV,02,,08
2026-06-02T21:12:47.320252,$GPGSV,10,,41
2026-06-02T21:12:47.320252,$GPGSV,16,,08
2026-06-02T21:12:47.320252,$GPGSV,25,,24
2026-06-02T21:12:47.321264,$GPGSV,26,,44
2026-06-02T21:12:47.321264,$GPGSV,28,,45
2026-06-02T21:12:47.321264,$GPGSV,31,,45
2026-06-02T21:12:47.321264,$GPGSV,32,,44
2026-06-02T21:12:47.322101,$GPGSV,40,,41
2026-06-02T21:12:47.322101,$GPGSV,41,,48
2026-06-02T21:12:47.322101,$GPGSV,42,,45
2026-06-02T21:12:47.323064,$GPGSV,01,,26
2026-06-02T21:12:47.323064,$GPGSV,10,,39
2026-06-02T21:12:47.323064,$GPGSV,23,,10
2026-06-02T21:12:47.323064,$GPGSV,25,,25
2026-06-02T21:12:47.324073,$GPGSV,26,,43
2026-06-02T21:12:47.324073,$GPGSV,28,,45
2026-06-02T21:12:47.324073,$GPGSV,31,,44
2026-06-02T21:12:47.324073,$GPGSV,32,,42
2026-06-02T21:12:47.325899,$GLGSV,66,,40
2026-06-02T21:12:47.325899,$GLGSV,67,,49
2026-06-02T21:12:47.325899,$GLGSV,68,,29
2026-06-02T21:12:47.325899,$GLGSV,77,,41
2026-06-02T21:12:47.326630,$GLGSV,78,,49
2026-06-02T21:12:47.326630,$GLGSV,79,,25
2026-06-02T21:12:47.327804,$GLGSV,66,,41
2026-06-02T21:12:47.327804,$GLGSV,67,,46
2026-06-02T21:12:47.327804,$GLGSV,68,,31
2026-06-02T21:12:47.327804,$GLGSV,78,,49
2026-06-02T21:12:47.328368,$GLGSV,79,,25
2026-06-02T21:12:47.330095,$GAGSV,05,,43
2026-06-02T21:12:47.330095,$GAGSV,06,,38
2026-06-02T21:12:47.330095,$GAGSV,09,,33
2026-06-02T21:12:47.330095,$GAGSV,16,,54
2026-06-02T21:12:47.331055,$GAGSV,25,,29
2026-06-02T21:12:47.331055,$GAGSV,31,,21
2026-06-02T21:12:47.331055,$GAGSV,34,,45
2026-06-02T21:12:47.331055,$GAGSV,36,,34
2026-06-02T21:12:47.332075,$GAGSV,05,,40
2026-06-02T21:12:47.332075,$GAGSV,16,,48
2026-06-02T21:12:47.332075,$GAGSV,25,,37
2026-06-02T21:12:47.332075,$GAGSV,34,,40
2026-06-02T21:12:47.333774,$GBGSV,06,,44
2026-06-02T21:12:47.333774,$GBGSV,07,,45
2026-06-02T21:12:47.333774,$GBGSV,09,,47
2026-06-02T21:12:47.333774,$GBGSV,10,,45
2026-06-02T21:12:47.334729,$GBGSV,23,,35
2026-06-02T21:12:47.334729,$GBGSV,24,,24
2026-06-02T21:12:47.334729,$GBGSV,25,,49
2026-06-02T21:12:47.334729,$GBGSV,33,,50
2026-06-02T21:12:47.335414,$GBGSV,09,,49
2026-06-02T21:12:47.335414,$GBGSV,10,,47
2026-06-02T21:12:48.313944,$GPGSV,02,,07
2026-06-02T21:12:48.313944,$GPGSV,10,,39
2026-06-02T21:12:48.313944,$GPGSV,16,,08
2026-06-02T21:12:48.313944,$GPGSV,25,,24
2026-06-02T21:12:48.314709,$GPGSV,26,,46
2026-06-02T21:12:48.314709,$GPGSV,28,,44
2026-06-02T21:12:48.314709,$GPGSV,31,,45
2026-06-02T21:12:48.314709,$GPGSV,32,,45
2026-06-02T21:12:48.315379,$GPGSV,40,,41
2026-06-02T21:12:48.315379,$GPGSV,41,,48
2026-06-02T21:12:48.315379,$GPGSV,42,,46
2026-06-02T21:12:48.316125,$GPGSV,01,,31
2026-06-02T21:12:48.316125,$GPGSV,10,,39
2026-06-02T21:12:48.316125,$GPGSV,23,,10
2026-06-02T21:12:48.316125,$GPGSV,25,,24
2026-06-02T21:12:48.316843,$GPGSV,26,,47
2026-06-02T21:12:48.316843,$GPGSV,28,,45
2026-06-02T21:12:48.316843,$GPGSV,31,,45
2026-06-02T21:12:48.316843,$GPGSV,32,,43
2026-06-02T21:12:48.318180,$GLGSV,66,,43
2026-06-02T21:12:48.318180,$GLGSV,67,,46
2026-06-02T21:12:48.318180,$GLGSV,68,,36
2026-06-02T21:12:48.318180,$GLGSV,77,,41
2026-06-02T21:12:48.318680,$GLGSV,78,,49
2026-06-02T21:12:48.318680,$GLGSV,79,,23
2026-06-02T21:12:48.319374,$GLGSV,66,,43
2026-06-02T21:12:48.319374,$GLGSV,67,,47
2026-06-02T21:12:48.319374,$GLGSV,68,,33
2026-06-02T21:12:48.319374,$GLGSV,78,,49
2026-06-02T21:12:48.319803,$GLGSV,79,,25
2026-06-02T21:12:48.321060,$GAGSV,05,,44
2026-06-02T21:12:48.321060,$GAGSV,06,,33
2026-06-02T21:12:48.321060,$GAGSV,09,,33
2026-06-02T21:12:48.321060,$GAGSV,16,,54
2026-06-02T21:12:48.321774,$GAGSV,25,,38
2026-06-02T21:12:48.321774,$GAGSV,31,,28
2026-06-02T21:12:48.321774,$GAGSV,34,,44
2026-06-02T21:12:48.321774,$GAGSV,36,,28
2026-06-02T21:12:48.322487,$GAGSV,05,,39
2026-06-02T21:12:48.322487,$GAGSV,16,,47
2026-06-02T21:12:48.322487,$GAGSV,25,,37
2026-06-02T21:12:48.322487,$GAGSV,34,,39
2026-06-02T21:12:48.323715,$GBGSV,06,,42
2026-06-02T21:12:48.323715,$GBGSV,07,,47
2026-06-02T21:12:48.323715,$GBGSV,09,,47
2026-06-02T21:12:48.323715,$GBGSV,10,,45
2026-06-02T21:12:48.324401,$GBGSV,23,,32
2026-06-02T21:12:48.324401,$GBGSV,24,,23
2026-06-02T21:12:48.324401,$GBGSV,25,,49
2026-06-02T21:12:48.324401,$GBGSV,33,,46
2026-06-02T21:12:48.324887,$GBGSV,09,,49
2026-06-02T21:12:48.324887,$GBGSV,10,,47
2026-06-02T21:12:49.315787,$GPGSV,02,,06
2026-06-02T21:12:49.315787,$GPGSV,10,,39
2026-06-02T21:12:49.315787,$GPGSV,16,,07
2026-06-02T21:12:49.315787,$GPGSV,25,,26
2026-06-02T21:12:49.316555,$GPGSV,26,,47
2026-06-02T21:12:49.316555,$GPGSV,28,,45
2026-06-02T21:12:49.316555,$GPGSV,31,,45
2026-06-02T21:12:49.316555,$GPGSV,32,,46
2026-06-02T21:12:49.317215,$GPGSV,40,,41
2026-06-02T21:12:49.317215,$GPGSV,41,,48
2026-06-02T21:12:49.317215,$GPGSV,42,,47
2026-06-02T21:12:49.317936,$GPGSV,01,,24
2026-06-02T21:12:49.317936,$GPGSV,10,,38
2026-06-02T21:12:49.317936,$GPGSV,23,,11
2026-06-02T21:12:49.317936,$GPGSV,25,,23
2026-06-02T21:12:49.318640,$GPGSV,26,,48
2026-06-02T21:12:49.318640,$GPGSV,28,,45
2026-06-02T21:12:49.318640,$GPGSV,31,,45
2026-06-02T21:12:49.318640,$GPGSV,32,,43
2026-06-02T21:12:49.319975,$GLGSV,66,,41
2026-06-02T21:12:49.319975,$GLGSV,67,,48
2026-06-02T21:12:49.319975,$GLGSV,68,,31
2026-06-02T21:12:49.319975,$GLGSV,77,,41
2026-06-02T21:12:49.320478,$GLGSV,78,,48
2026-06-02T21:12:49.320478,$GLGSV,79,,23
2026-06-02T21:12:49.321179,$GLGSV,66,,44
2026-06-02T21:12:49.321179,$GLGSV,67,,46
2026-06-02T21:12:49.321179,$GLGSV,68,,30
2026-06-02T21:12:49.321179,$GLGSV,78,,48
2026-06-02T21:12:49.321580,$GLGSV,79,,25
2026-06-02T21:12:49.322806,$GAGSV,05,,44
2026-06-02T21:12:49.322806,$GAGSV,06,,34
2026-06-02T21:12:49.322806,$GAGSV,09,,38
2026-06-02T21:12:49.322806,$GAGSV,16,,51
2026-06-02T21:12:49.323514,$GAGSV,25,,40
2026-06-02T21:12:49.323514,$GAGSV,31,,26
2026-06-02T21:12:49.323514,$GAGSV,34,,47
2026-06-02T21:12:49.323514,$GAGSV,36,,28
2026-06-02T21:12:49.324226,$GAGSV,05,,41
2026-06-02T21:12:49.324226,$GAGSV,16,,46
2026-06-02T21:12:49.324226,$GAGSV,25,,33
2026-06-02T21:12:49.324226,$GAGSV,34,,39
2026-06-02T21:12:49.325416,$GBGSV,06,,42
2026-06-02T21:12:49.325416,$GBGSV,07,,46
2026-06-02T21:12:49.325416,$GBGSV,09,,49
2026-06-02T21:12:49.325416,$GBGSV,10,,45
2026-06-02T21:12:49.326086,$GBGSV,23,,27
2026-06-02T21:12:49.326086,$GBGSV,24,,30
2026-06-02T21:12:49.326086,$GBGSV,25,,49
2026-06-02T21:12:49.326086,$GBGSV,33,,48
2026-06-02T21:12:49.326566,$GBGSV,09,,49
2026-06-02T21:12:49.326566,$GBGSV,10,,47
2026-06-02T21:12:50.320785,$GPGSV,10,,37
2026-06-02T21:12:50.320785,$GPGSV,25,,26
2026-06-02T21:12:50.320785,$GPGSV,26,,47
2026-06-02T21:12:50.320785,$GPGSV,28,,43
2026-06-02T21:12:50.321518,$GPGSV,31,,45
2026-06-02T21:12:50.321518,$GPGSV,32,,47
2026-06-02T21:12:50.321518,$GPGSV,40,,41
2026-06-02T21:12:50.321518,$GPGSV,41,,46
2026-06-02T21:12:50.321927,$GPGSV,42,,46
2026-06-02T21:12:50.322629,$GPGSV,01,,31
2026-06-02T21:12:50.322629,$GPGSV,10,,37
2026-06-02T21:12:50.322629,$GPGSV,23,,10
2026-06-02T21:12:50.322629,$GPGSV,25,,22
2026-06-02T21:12:50.323339,$GPGSV,26,,46
2026-06-02T21:12:50.323339,$GPGSV,28,,44
2026-06-02T21:12:50.323339,$GPGSV,31,,45
2026-06-02T21:12:50.323339,$GPGSV,32,,42
2026-06-02T21:12:50.325164,$GLGSV,66,,42
2026-06-02T21:12:50.325164,$GLGSV,67,,48
2026-06-02T21:12:50.325164,$GLGSV,68,,31
2026-06-02T21:12:50.325164,$GLGSV,77,,40
2026-06-02T21:12:50.325676,$GLGSV,78,,49
2026-06-02T21:12:50.325676,$GLGSV,79,,31
2026-06-02T21:12:50.326380,$GLGSV,66,,45
2026-06-02T21:12:50.326380,$GLGSV,67,,47
2026-06-02T21:12:50.326380,$GLGSV,68,,37
2026-06-02T21:12:50.326380,$GLGSV,78,,48
2026-06-02T21:12:50.326764,$GLGSV,79,,22
2026-06-02T21:12:50.327975,$GAGSV,05,,44
2026-06-02T21:12:50.327975,$GAGSV,06,,34
2026-06-02T21:12:50.327975,$GAGSV,09,,36
2026-06-02T21:12:50.327975,$GAGSV,16,,51
2026-06-02T21:12:50.328648,$GAGSV,25,,43
2026-06-02T21:12:50.328648,$GAGSV,31,,26
2026-06-02T21:12:50.328648,$GAGSV,34,,47
2026-06-02T21:12:50.328648,$GAGSV,36,,33
2026-06-02T21:12:50.329322,$GAGSV,05,,39
2026-06-02T21:12:50.329322,$GAGSV,09,,29
2026-06-02T21:12:50.329322,$GAGSV,16,,43
2026-06-02T21:12:50.329322,$GAGSV,25,,29
2026-06-02T21:12:50.329707,$GAGSV,34,,42
2026-06-02T21:12:50.330893,$GBGSV,06,,41
2026-06-02T21:12:50.330893,$GBGSV,07,,47
2026-06-02T21:12:50.330893,$GBGSV,09,,48
2026-06-02T21:12:50.330893,$GBGSV,10,,44
2026-06-02T21:12:50.331582,$GBGSV,23,,31
2026-06-02T21:12:50.331582,$GBGSV,24,,36
2026-06-02T21:12:50.331582,$GBGSV,25,,50
2026-06-02T21:12:50.331582,$GBGSV,33,,50
2026-06-02T21:12:50.332079,$GBGSV,09,,50
2026-06-02T21:12:50.332079,$GBGSV,10,,48
2026-06-02T21:12:51.312570,$GPGSV,10,,37
2026-06-02T21:12:51.312570,$GPGSV,25,,25
2026-06-02T21:12:51.312570,$GPGSV,26,,46
2026-06-02T21:12:51.312570,$GPGSV,28,,45
2026-06-02T21:12:51.313285,$GPGSV,31,,45
2026-06-02T21:12:51.313285,$GPGSV,32,,45
2026-06-02T21:12:51.313285,$GPGSV,40,,42
2026-06-02T21:12:51.313285,$GPGSV,41,,45
2026-06-02T21:12:51.313683,$GPGSV,42,,46
2026-06-02T21:12:51.314366,$GPGSV,01,,25
2026-06-02T21:12:51.314366,$GPGSV,10,,36
2026-06-02T21:12:51.314366,$GPGSV,23,,13
2026-06-02T21:12:51.314366,$GPGSV,25,,24
2026-06-02T21:12:51.315054,$GPGSV,26,,46
2026-06-02T21:12:51.315054,$GPGSV,28,,45
2026-06-02T21:12:51.315054,$GPGSV,31,,45
2026-06-02T21:12:51.315054,$GPGSV,32,,45
2026-06-02T21:12:51.316776,$GLGSV,66,,44
2026-06-02T21:12:51.316776,$GLGSV,67,,47
2026-06-02T21:12:51.316776,$GLGSV,68,,31
2026-06-02T21:12:51.316776,$GLGSV,77,,40
2026-06-02T21:12:51.317266,$GLGSV,78,,49
2026-06-02T21:12:51.317266,$GLGSV,79,,23
2026-06-02T21:12:51.317935,$GLGSV,66,,46
2026-06-02T21:12:51.317935,$GLGSV,67,,48
2026-06-02T21:12:51.317935,$GLGSV,68,,26
2026-06-02T21:12:51.317935,$GLGSV,78,,49
2026-06-02T21:12:51.318324,$GLGSV,79,,22
2026-06-02T21:12:51.319510,$GAGSV,05,,45
2026-06-02T21:12:51.319510,$GAGSV,06,,30
2026-06-02T21:12:51.319510,$GAGSV,09,,33
2026-06-02T21:12:51.319510,$GAGSV,16,,50
2026-06-02T21:12:51.320210,$GAGSV,25,,44
2026-06-02T21:12:51.320210,$GAGSV,31,,31
2026-06-02T21:12:51.320210,$GAGSV,34,,46
2026-06-02T21:12:51.320210,$GAGSV,36,,33
2026-06-02T21:12:51.320890,$GAGSV,05,,40
2026-06-02T21:12:51.320890,$GAGSV,16,,47
2026-06-02T21:12:51.320890,$GAGSV,25,,30
2026-06-02T21:12:51.320890,$GAGSV,34,,43
2026-06-02T21:12:51.322084,$GBGSV,06,,40
2026-06-02T21:12:51.322084,$GBGSV,07,,46
2026-06-02T21:12:51.322084,$GBGSV,09,,47
2026-06-02T21:12:51.322084,$GBGSV,10,,45
2026-06-02T21:12:51.322728,$GBGSV,23,,26
2026-06-02T21:12:51.322728,$GBGSV,24,,29
2026-06-02T21:12:51.322728,$GBGSV,25,,49
2026-06-02T21:12:51.322728,$GBGSV,33,,50
2026-06-02T21:12:51.323194,$GBGSV,09,,50
2026-06-02T21:12:51.323194,$GBGSV,10,,47
2026-06-02T21:12:52.318259,$GPGSV,10,,38
2026-06-02T21:12:52.318259,$GPGSV,25,,23
2026-06-02T21:12:52.318259,$GPGSV,26,,44
2026-06-02T21:12:52.318259,$GPGSV,28,,44
2026-06-02T21:12:52.319074,$GPGSV,31,,45
2026-06-02T21:12:52.319074,$GPGSV,32,,47
2026-06-02T21:12:52.319074,$GPGSV,40,,41
2026-06-02T21:12:52.319074,$GPGSV,41,,48
2026-06-02T21:12:52.319563,$GPGSV,42,,46
2026-06-02T21:12:52.320485,$GPGSV,01,,31
2026-06-02T21:12:52.320485,$GPGSV,10,,36
2026-06-02T21:12:52.320485,$GPGSV,23,,13
2026-06-02T21:12:52.320485,$GPGSV,25,,30
2026-06-02T21:12:52.321385,$GPGSV,26,,46
2026-06-02T21:12:52.321385,$GPGSV,28,,46
2026-06-02T21:12:52.321385,$GPGSV,31,,44
2026-06-02T21:12:52.321385,$GPGSV,32,,37
2026-06-02T21:12:52.323715,$GLGSV,66,,45
2026-06-02T21:12:52.323715,$GLGSV,67,,47
2026-06-02T21:12:52.323715,$GLGSV,68,,32
2026-06-02T21:12:52.323715,$GLGSV,77,,41
2026-06-02T21:12:52.324381,$GLGSV,78,,48
2026-06-02T21:12:52.324381,$GLGSV,79,,25
2026-06-02T21:12:52.325286,$GLGSV,66,,46
2026-06-02T21:12:52.325286,$GLGSV,67,,46
2026-06-02T21:12:52.325286,$GLGSV,68,,35
2026-06-02T21:12:52.325286,$GLGSV,78,,47
2026-06-02T21:12:52.325809,$GLGSV,79,,21
2026-06-02T21:12:52.327391,$GAGSV,05,,44
2026-06-02T21:12:52.327391,$GAGSV,06,,30
2026-06-02T21:12:52.327391,$GAGSV,09,,38
2026-06-02T21:12:52.327391,$GAGSV,16,,51
2026-06-02T21:12:52.328331,$GAGSV,25,,45
2026-06-02T21:12:52.328331,$GAGSV,31,,26
2026-06-02T21:12:52.328331,$GAGSV,34,,46
2026-06-02T21:12:52.328331,$GAGSV,36,,22
2026-06-02T21:12:52.329239,$GAGSV,05,,41
2026-06-02T21:12:52.329239,$GAGSV,09,,30
2026-06-02T21:12:52.329239,$GAGSV,16,,47
2026-06-02T21:12:52.329239,$GAGSV,25,,36
2026-06-02T21:12:52.329720,$GAGSV,34,,42
2026-06-02T21:12:52.331028,$GBGSV,06,,38
2026-06-02T21:12:52.331028,$GBGSV,07,,45
2026-06-02T21:12:52.331028,$GBGSV,09,,47
2026-06-02T21:12:52.331028,$GBGSV,10,,45
2026-06-02T21:12:52.331754,$GBGSV,23,,35
2026-06-02T21:12:52.331754,$GBGSV,24,,30
2026-06-02T21:12:52.331754,$GBGSV,25,,48
2026-06-02T21:12:52.331754,$GBGSV,33,,47
2026-06-02T21:12:52.332257,$GBGSV,09,,49
2026-06-02T21:12:52.332257,$GBGSV,10,,48
2026-06-02T21:12:53.318472,$GPGSV,10,,38
2026-06-02T21:12:53.318472,$GPGSV,25,,24
2026-06-02T21:12:53.318472,$GPGSV,26,,46
2026-06-02T21:12:53.318472,$GPGSV,28,,42
2026-06-02T21:12:53.319273,$GPGSV,31,,45
2026-06-02T21:12:53.319273,$GPGSV,32,,44
2026-06-02T21:12:53.319273,$GPGSV,40,,40
2026-06-02T21:12:53.319273,$GPGSV,41,,47
2026-06-02T21:12:53.319734,$GPGSV,42,,46
2026-06-02T21:12:53.320493,$GPGSV,01,,31
2026-06-02T21:12:53.320493,$GPGSV,10,,36
2026-06-02T21:12:53.320493,$GPGSV,23,,15
2026-06-02T21:12:53.320493,$GPGSV,25,,29
2026-06-02T21:12:53.321202,$GPGSV,26,,46
2026-06-02T21:12:53.321202,$GPGSV,28,,44
2026-06-02T21:12:53.321202,$GPGSV,31,,46
2026-06-02T21:12:53.321202,$GPGSV,32,,44
2026-06-02T21:12:53.323004,$GLGSV,66,,45
2026-06-02T21:12:53.323004,$GLGSV,67,,48
2026-06-02T21:12:53.323004,$GLGSV,68,,34
2026-06-02T21:12:53.323004,$GLGSV,77,,39
2026-06-02T21:12:53.323518,$GLGSV,78,,48
2026-06-02T21:12:53.323518,$GLGSV,79,,25
2026-06-02T21:12:53.324263,$GLGSV,66,,46
2026-06-02T21:12:53.324263,$GLGSV,67,,48
2026-06-02T21:12:53.324263,$GLGSV,68,,25
2026-06-02T21:12:53.324263,$GLGSV,78,,47
2026-06-02T21:12:53.324685,$GLGSV,79,,20
2026-06-02T21:12:53.326176,$GAGSV,05,,45
2026-06-02T21:12:53.326176,$GAGSV,06,,21
2026-06-02T21:12:53.326176,$GAGSV,09,,32
2026-06-02T21:12:53.326176,$GAGSV,16,,51
2026-06-02T21:12:53.326886,$GAGSV,25,,44
2026-06-02T21:12:53.326886,$GAGSV,31,,27
2026-06-02T21:12:53.326886,$GAGSV,34,,46
2026-06-02T21:12:53.326886,$GAGSV,36,,25
2026-06-02T21:12:53.327635,$GAGSV,05,,41
2026-06-02T21:12:53.327635,$GAGSV,16,,48
2026-06-02T21:12:53.327635,$GAGSV,25,,37
2026-06-02T21:12:53.327635,$GAGSV,34,,42
2026-06-02T21:12:53.328895,$GBGSV,06,,38
2026-06-02T21:12:53.328895,$GBGSV,07,,45
2026-06-02T21:12:53.328895,$GBGSV,09,,47
2026-06-02T21:12:53.328895,$GBGSV,10,,46
2026-06-02T21:12:53.329582,$GBGSV,23,,35
2026-06-02T21:12:53.329582,$GBGSV,24,,29
2026-06-02T21:12:53.329582,$GBGSV,25,,48
2026-06-02T21:12:53.329582,$GBGSV,33,,48
2026-06-02T21:12:53.330092,$GBGSV,09,,49
2026-06-02T21:12:53.330092,$GBGSV,10,,48
2026-06-02T21:12:54.328372,$GPGSV,02,,26
2026-06-02T21:12:54.328372,$GPGSV,10,,37
2026-06-02T21:12:54.328372,$GPGSV,25,,23
2026-06-02T21:12:54.328372,$GPGSV,26,,46
2026-06-02T21:12:54.329074,$GPGSV,28,,41
2026-06-02T21:12:54.329074,$GPGSV,31,,45
2026-06-02T21:12:54.329074,$GPGSV,32,,43
2026-06-02T21:12:54.329074,$GPGSV,40,,40
2026-06-02T21:12:54.329559,$GPGSV,41,,47
2026-06-02T21:12:54.329559,$GPGSV,42,,46
2026-06-02T21:12:54.330240,$GPGSV,01,,31
2026-06-02T21:12:54.330240,$GPGSV,10,,34
2026-06-02T21:12:54.330240,$GPGSV,23,,15
2026-06-02T21:12:54.330240,$GPGSV,25,,28
2026-06-02T21:12:54.330928,$GPGSV,26,,47
2026-06-02T21:12:54.330928,$GPGSV,28,,44
2026-06-02T21:12:54.330928,$GPGSV,31,,43
2026-06-02T21:12:54.330928,$GPGSV,32,,43
2026-06-02T21:12:54.332552,$GLGSV,66,,43
2026-06-02T21:12:54.332552,$GLGSV,67,,48
2026-06-02T21:12:54.332552,$GLGSV,68,,33
2026-06-02T21:12:54.332552,$GLGSV,77,,41
2026-06-02T21:12:54.333017,$GLGSV,78,,49
2026-06-02T21:12:54.333017,$GLGSV,79,,24
2026-06-02T21:12:54.333675,$GLGSV,66,,46
2026-06-02T21:12:54.333675,$GLGSV,67,,47
2026-06-02T21:12:54.333675,$GLGSV,68,,32
2026-06-02T21:12:54.333675,$GLGSV,78,,49
2026-06-02T21:12:54.334034,$GLGSV,79,,21
2026-06-02T21:12:54.335124,$GAGSV,05,,46
2026-06-02T21:12:54.335124,$GAGSV,06,,23
2026-06-02T21:12:54.335124,$GAGSV,09,,38
2026-06-02T21:12:54.335124,$GAGSV,16,,48
2026-06-02T21:12:54.335777,$GAGSV,25,,44
2026-06-02T21:12:54.335777,$GAGSV,31,,28
2026-06-02T21:12:54.335777,$GAGSV,34,,46
2026-06-02T21:12:54.335777,$GAGSV,36,,22
2026-06-02T21:12:54.336413,$GAGSV,05,,40
2026-06-02T21:12:54.336413,$GAGSV,06,,26
2026-06-02T21:12:54.336413,$GAGSV,16,,44
2026-06-02T21:12:54.336413,$GAGSV,25,,39
2026-06-02T21:12:54.336778,$GAGSV,34,,42
2026-06-02T21:12:54.337831,$GBGSV,06,,34
2026-06-02T21:12:54.337831,$GBGSV,07,,45
2026-06-02T21:12:54.337831,$GBGSV,09,,47
2026-06-02T21:12:54.337831,$GBGSV,10,,46
2026-06-02T21:12:54.338444,$GBGSV,23,,39
2026-06-02T21:12:54.338444,$GBGSV,24,,20
2026-06-02T21:12:54.338444,$GBGSV,25,,48
2026-06-02T21:12:54.338444,$GBGSV,33,,49
2026-06-02T21:12:54.338874,$GBGSV,09,,49
2026-06-02T21:12:54.338874,$GBGSV,10,,46
2026-06-02T21:12:55.317814,$GPGSV,02,,26
2026-06-02T21:12:55.317814,$GPGSV,10,,34
2026-06-02T21:12:55.317814,$GPGSV,25,,25
2026-06-02T21:12:55.317814,$GPGSV,26,,48
2026-06-02T21:12:55.318535,$GPGSV,28,,45
2026-06-02T21:12:55.318535,$GPGSV,31,,47
2026-06-02T21:12:55.318535,$GPGSV,32,,47
2026-06-02T21:12:55.318535,$GPGSV,40,,41
2026-06-02T21:12:55.319093,$GPGSV,41,,47
2026-06-02T21:12:55.319093,$GPGSV,42,,46
2026-06-02T21:12:55.319774,$GPGSV,01,,30
2026-06-02T21:12:55.319774,$GPGSV,10,,32
2026-06-02T21:12:55.319774,$GPGSV,23,,14
2026-06-02T21:12:55.319774,$GPGSV,25,,21
2026-06-02T21:12:55.320425,$GPGSV,26,,47
2026-06-02T21:12:55.320425,$GPGSV,28,,44
2026-06-02T21:12:55.320425,$GPGSV,31,,45
2026-06-02T21:12:55.320425,$GPGSV,32,,40
2026-06-02T21:12:55.322081,$GLGSV,66,,46
2026-06-02T21:12:55.322081,$GLGSV,67,,47
2026-06-02T21:12:55.322081,$GLGSV,68,,31
2026-06-02T21:12:55.322081,$GLGSV,77,,39
2026-06-02T21:12:55.322537,$GLGSV,78,,49
2026-06-02T21:12:55.322537,$GLGSV,79,,24
2026-06-02T21:12:55.323163,$GLGSV,66,,47
2026-06-02T21:12:55.323163,$GLGSV,67,,46
2026-06-02T21:12:55.323163,$GLGSV,68,,27
2026-06-02T21:12:55.323163,$GLGSV,78,,50
2026-06-02T21:12:55.323533,$GLGSV,79,,21
2026-06-02T21:12:55.324604,$GAGSV,05,,46
2026-06-02T21:12:55.324604,$GAGSV,06,,31
2026-06-02T21:12:55.324604,$GAGSV,09,,29
2026-06-02T21:12:55.324604,$GAGSV,16,,47
2026-06-02T21:12:55.325197,$GAGSV,25,,44
2026-06-02T21:12:55.325197,$GAGSV,31,,28
2026-06-02T21:12:55.325197,$GAGSV,34,,43
2026-06-02T21:12:55.325197,$GAGSV,36,,23
2026-06-02T21:12:55.325797,$GAGSV,05,,43
2026-06-02T21:12:55.325797,$GAGSV,06,,23
2026-06-02T21:12:55.325797,$GAGSV,16,,39
2026-06-02T21:12:55.325797,$GAGSV,25,,41
2026-06-02T21:12:55.326139,$GAGSV,34,,40
2026-06-02T21:12:55.327199,$GBGSV,06,,26
2026-06-02T21:12:55.327199,$GBGSV,07,,47
2026-06-02T21:12:55.327199,$GBGSV,09,,47
2026-06-02T21:12:55.327199,$GBGSV,10,,45
2026-06-02T21:12:55.327802,$GBGSV,23,,42
2026-06-02T21:12:55.327802,$GBGSV,24,,20
2026-06-02T21:12:55.327802,$GBGSV,25,,50
2026-06-02T21:12:55.327802,$GBGSV,33,,46
2026-06-02T21:12:55.328218,$GBGSV,09,,50
2026-06-02T21:12:55.328218,$GBGSV,10,,47
2026-06-02T21:12:56.321633,$GPGSV,02,,24
2026-06-02T21:12:56.321633,$GPGSV,10,,29
2026-06-02T21:12:56.321633,$GPGSV,25,,25
2026-06-02T21:12:56.321633,$GPGSV,26,,48
2026-06-02T21:12:56.322340,$GPGSV,28,,46
2026-06-02T21:12:56.322340,$GPGSV,31,,44
2026-06-02T21:12:56.322340,$GPGSV,32,,42
2026-06-02T21:12:56.322340,$GPGSV,40,,41
2026-06-02T21:12:56.322829,$GPGSV,41,,48
2026-06-02T21:12:56.322829,$GPGSV,42,,45
2026-06-02T21:12:56.323504,$GPGSV,01,,22
2026-06-02T21:12:56.323504,$GPGSV,10,,27
2026-06-02T21:12:56.323504,$GPGSV,23,,15
2026-06-02T21:12:56.323504,$GPGSV,25,,22
2026-06-02T21:12:56.324217,$GPGSV,26,,45
2026-06-02T21:12:56.324217,$GPGSV,28,,46
2026-06-02T21:12:56.324217,$GPGSV,31,,43
2026-06-02T21:12:56.324217,$GPGSV,32,,40
2026-06-02T21:12:56.325872,$GLGSV,66,,40
2026-06-02T21:12:56.325872,$GLGSV,67,,47
2026-06-02T21:12:56.325872,$GLGSV,68,,32
2026-06-02T21:12:56.325872,$GLGSV,77,,37
2026-06-02T21:12:56.326360,$GLGSV,78,,49
2026-06-02T21:12:56.326360,$GLGSV,79,,22
2026-06-02T21:12:56.327037,$GLGSV,66,,47
2026-06-02T21:12:56.327037,$GLGSV,67,,46
2026-06-02T21:12:56.327037,$GLGSV,68,,27
2026-06-02T21:12:56.327037,$GLGSV,78,,50
2026-06-02T21:12:56.327426,$GLGSV,79,,22
2026-06-02T21:12:56.328645,$GAGSV,05,,47
2026-06-02T21:12:56.328645,$GAGSV,06,,32
2026-06-02T21:12:56.328645,$GAGSV,09,,36
2026-06-02T21:12:56.328645,$GAGSV,16,,43
2026-06-02T21:12:56.329323,$GAGSV,25,,43
2026-06-02T21:12:56.329323,$GAGSV,31,,30
2026-06-02T21:12:56.329323,$GAGSV,34,,44
2026-06-02T21:12:56.329323,$GAGSV,36,,34
2026-06-02T21:12:56.330000,$GAGSV,05,,45
2026-06-02T21:12:56.330000,$GAGSV,06,,21
2026-06-02T21:12:56.330000,$GAGSV,16,,42
2026-06-02T21:12:56.330000,$GAGSV,25,,43
2026-06-02T21:12:56.330402,$GAGSV,34,,41
2026-06-02T21:12:56.331640,$GBGSV,06,,35
2026-06-02T21:12:56.331640,$GBGSV,07,,47
2026-06-02T21:12:56.331640,$GBGSV,09,,47
2026-06-02T21:12:56.331640,$GBGSV,10,,44
2026-06-02T21:12:56.332341,$GBGSV,23,,42
2026-06-02T21:12:56.332341,$GBGSV,24,,22
2026-06-02T21:12:56.332341,$GBGSV,25,,50
2026-06-02T21:12:56.332341,$GBGSV,33,,47
2026-06-02T21:12:56.332854,$GBGSV,09,,49
2026-06-02T21:12:56.332854,$GBGSV,10,,46
2026-06-02T21:12:57.305476,$GPGSV,02,,22
2026-06-02T21:12:57.305476,$GPGSV,10,,28
2026-06-02T21:12:57.305476,$GPGSV,25,,26
2026-06-02T21:12:57.305476,$GPGSV,26,,47
2026-06-02T21:12:57.306276,$GPGSV,28,,43
2026-06-02T21:12:57.306276,$GPGSV,31,,49
2026-06-02T21:12:57.306276,$GPGSV,32,,42
2026-06-02T21:12:57.306276,$GPGSV,40,,42
2026-06-02T21:12:57.306833,$GPGSV,41,,49
2026-06-02T21:12:57.306833,$GPGSV,42,,47
2026-06-02T21:12:57.307588,$GPGSV,01,,22
2026-06-02T21:12:57.307588,$GPGSV,10,,32
2026-06-02T21:12:57.307588,$GPGSV,23,,15
2026-06-02T21:12:57.307588,$GPGSV,25,,22
2026-06-02T21:12:57.308316,$GPGSV,26,,46
2026-06-02T21:12:57.308316,$GPGSV,28,,47
2026-06-02T21:12:57.308316,$GPGSV,31,,44
2026-06-02T21:12:57.308316,$GPGSV,32,,40
2026-06-02T21:12:57.310027,$GLGSV,66,,41
2026-06-02T21:12:57.310027,$GLGSV,67,,47
2026-06-02T21:12:57.310027,$GLGSV,68,,37
2026-06-02T21:12:57.310027,$GLGSV,77,,41
2026-06-02T21:12:57.310535,$GLGSV,78,,48
2026-06-02T21:12:57.310535,$GLGSV,79,,21
2026-06-02T21:12:57.311243,$GLGSV,66,,39
2026-06-02T21:12:57.311243,$GLGSV,67,,46
2026-06-02T21:12:57.311243,$GLGSV,68,,27
2026-06-02T21:12:57.311243,$GLGSV,78,,48
2026-06-02T21:12:57.311673,$GLGSV,79,,21
2026-06-02T21:12:57.313226,$GAGSV,05,,47
2026-06-02T21:12:57.313226,$GAGSV,06,,26
2026-06-02T21:12:57.313226,$GAGSV,16,,45
2026-06-02T21:12:57.313226,$GAGSV,25,,41
2026-06-02T21:12:57.313844,$GAGSV,31,,24
2026-06-02T21:12:57.313844,$GAGSV,34,,46
2026-06-02T21:12:57.313844,$GAGSV,36,,26
2026-06-02T21:12:57.314557,$GAGSV,05,,42
2026-06-02T21:12:57.314557,$GAGSV,06,,21
2026-06-02T21:12:57.314557,$GAGSV,16,,37
2026-06-02T21:12:57.314557,$GAGSV,25,,43
2026-06-02T21:12:57.314969,$GAGSV,34,,40
2026-06-02T21:12:57.316842,$GBGSV,06,,37
2026-06-02T21:12:57.316842,$GBGSV,07,,45
2026-06-02T21:12:57.316842,$GBGSV,09,,48
2026-06-02T21:12:57.316842,$GBGSV,10,,46
2026-06-02T21:12:57.317668,$GBGSV,23,,45
2026-06-02T21:12:57.317668,$GBGSV,24,,29
2026-06-02T21:12:57.317668,$GBGSV,25,,50
2026-06-02T21:12:57.317668,$GBGSV,33,,46
2026-06-02T21:12:57.318233,$GBGSV,09,,49
2026-06-02T21:12:57.318233,$GBGSV,10,,47
2026-06-02T21:12:58.316338,$GPGSV,02,,24
2026-06-02T21:12:58.316338,$GPGSV,10,,35
2026-06-02T21:12:58.316338,$GPGSV,25,,25
2026-06-02T21:12:58.316338,$GPGSV,26,,47
2026-06-02T21:12:58.317087,$GPGSV,28,,47
2026-06-02T21:12:58.317087,$GPGSV,31,,45
2026-06-02T21:12:58.317087,$GPGSV,32,,40
2026-06-02T21:12:58.317087,$GPGSV,40,,41
2026-06-02T21:12:58.317607,$GPGSV,41,,49
2026-06-02T21:12:58.317607,$GPGSV,42,,47
2026-06-02T21:12:58.318321,$GPGSV,01,,30
2026-06-02T21:12:58.318321,$GPGSV,10,,32
2026-06-02T21:12:58.318321,$GPGSV,23,,17
2026-06-02T21:12:58.318321,$GPGSV,25,,24
2026-06-02T21:12:58.319032,$GPGSV,26,,45
2026-06-02T21:12:58.319032,$GPGSV,28,,46
2026-06-02T21:12:58.319032,$GPGSV,31,,44
2026-06-02T21:12:58.319032,$GPGSV,32,,41
2026-06-02T21:12:58.320718,$GLGSV,66,,42
2026-06-02T21:12:58.320718,$GLGSV,67,,48
2026-06-02T21:12:58.320718,$GLGSV,68,,38
2026-06-02T21:12:58.320718,$GLGSV,77,,42
2026-06-02T21:12:58.321208,$GLGSV,78,,48
2026-06-02T21:12:58.321208,$GLGSV,79,,22
2026-06-02T21:12:58.321884,$GLGSV,66,,37
2026-06-02T21:12:58.321884,$GLGSV,67,,46
2026-06-02T21:12:58.321884,$GLGSV,68,,28
2026-06-02T21:12:58.321884,$GLGSV,78,,48
2026-06-02T21:12:58.322269,$GLGSV,79,,21
2026-06-02T21:12:58.323454,$GAGSV,05,,48
2026-06-02T21:12:58.323454,$GAGSV,06,,27
2026-06-02T21:12:58.323454,$GAGSV,09,,34
2026-06-02T21:12:58.323454,$GAGSV,16,,44
2026-06-02T21:12:58.324168,$GAGSV,25,,40
2026-06-02T21:12:58.324168,$GAGSV,31,,31
2026-06-02T21:12:58.324168,$GAGSV,34,,45
2026-06-02T21:12:58.324168,$GAGSV,36,,26
2026-06-02T21:12:58.324846,$GAGSV,05,,40
2026-06-02T21:12:58.324846,$GAGSV,06,,21
2026-06-02T21:12:58.324846,$GAGSV,16,,37
2026-06-02T21:12:58.324846,$GAGSV,25,,41
2026-06-02T21:12:58.325237,$GAGSV,34,,39
2026-06-02T21:12:58.326423,$GBGSV,06,,35
2026-06-02T21:12:58.326423,$GBGSV,07,,45
2026-06-02T21:12:58.326423,$GBGSV,09,,47
2026-06-02T21:12:58.326423,$GBGSV,10,,43
2026-06-02T21:12:58.327089,$GBGSV,23,,42
2026-06-02T21:12:58.327089,$GBGSV,24,,28
2026-06-02T21:12:58.327089,$GBGSV,25,,48
2026-06-02T21:12:58.327089,$GBGSV,33,,47
2026-06-02T21:12:58.327584,$GBGSV,09,,49
2026-06-02T21:12:58.327584,$GBGSV,10,,45
2026-06-02T21:12:59.317965,$GPGSV,02,,22
2026-06-02T21:12:59.317965,$GPGSV,10,,34
2026-06-02T21:12:59.317965,$GPGSV,25,,24
2026-06-02T21:12:59.317965,$GPGSV,26,,46
2026-06-02T21:12:59.318811,$GPGSV,28,,45
2026-06-02T21:12:59.318811,$GPGSV,31,,46
2026-06-02T21:12:59.318811,$GPGSV,32,,42
2026-06-02T21:12:59.318811,$GPGSV,40,,39
2026-06-02T21:12:59.319374,$GPGSV,41,,45
2026-06-02T21:12:59.319374,$GPGSV,42,,46
2026-06-02T21:12:59.320182,$GPGSV,01,,30
2026-06-02T21:12:59.320182,$GPGSV,10,,32
2026-06-02T21:12:59.320182,$GPGSV,23,,16
2026-06-02T21:12:59.320182,$GPGSV,25,,31
2026-06-02T21:12:59.320956,$GPGSV,26,,47
2026-06-02T21:12:59.320956,$GPGSV,28,,46
2026-06-02T21:12:59.320956,$GPGSV,31,,39
2026-06-02T21:12:59.320956,$GPGSV,32,,40
2026-06-02T21:12:59.322717,$GLGSV,66,,35
2026-06-02T21:12:59.322717,$GLGSV,67,,47
2026-06-02T21:12:59.322717,$GLGSV,68,,33
2026-06-02T21:12:59.322717,$GLGSV,77,,42
2026-06-02T21:12:59.323220,$GLGSV,78,,47
2026-06-02T21:12:59.323220,$GLGSV,79,,20
2026-06-02T21:12:59.323951,$GLGSV,66,,31
2026-06-02T21:12:59.323951,$GLGSV,67,,46
2026-06-02T21:12:59.323951,$GLGSV,68,,27
2026-06-02T21:12:59.323951,$GLGSV,78,,48
2026-06-02T21:12:59.324362,$GLGSV,79,,20
2026-06-02T21:12:59.325609,$GAGSV,05,,48
2026-06-02T21:12:59.325609,$GAGSV,06,,25
2026-06-02T21:12:59.325609,$GAGSV,09,,33
2026-06-02T21:12:59.325609,$GAGSV,16,,47
2026-06-02T21:12:59.326316,$GAGSV,25,,38
2026-06-02T21:12:59.326316,$GAGSV,31,,23
2026-06-02T21:12:59.326316,$GAGSV,34,,44
2026-06-02T21:12:59.326316,$GAGSV,36,,26
2026-06-02T21:12:59.327041,$GAGSV,05,,43
2026-06-02T21:12:59.327041,$GAGSV,06,,21
2026-06-02T21:12:59.327041,$GAGSV,16,,39
2026-06-02T21:12:59.327041,$GAGSV,25,,41
2026-06-02T21:12:59.327452,$GAGSV,34,,39
2026-06-02T21:12:59.328728,$GBGSV,06,,34
2026-06-02T21:12:59.328728,$GBGSV,07,,47
2026-06-02T21:12:59.328728,$GBGSV,09,,47
2026-06-02T21:12:59.328728,$GBGSV,10,,45
2026-06-02T21:12:59.329437,$GBGSV,23,,46
2026-06-02T21:12:59.329437,$GBGSV,24,,29
2026-06-02T21:12:59.329437,$GBGSV,25,,50
2026-06-02T21:12:59.329437,$GBGSV,33,,50
2026-06-02T21:12:59.329947,$GBGSV,09,,50
2026-06-02T21:12:59.329947,$GBGSV,10,,47
2026-06-02T21:13:00.318652,$GPGSV,02,,20
2026-06-02T21:13:00.318652,$GPGSV,10,,34
2026-06-02T21:13:00.318652,$GPGSV,25,,24
2026-06-02T21:13:00.318652,$GPGSV,26,,48
2026-06-02T21:13:00.319456,$GPGSV,28,,47
2026-06-02T21:13:00.319456,$GPGSV,31,,38
2026-06-02T21:13:00.319456,$GPGSV,32,,42
2026-06-02T21:13:00.319456,$GPGSV,40,,42
2026-06-02T21:13:00.320049,$GPGSV,41,,48
2026-06-02T21:13:00.320049,$GPGSV,42,,46
2026-06-02T21:13:00.320835,$GPGSV,01,,30
2026-06-02T21:13:00.320835,$GPGSV,10,,33
2026-06-02T21:13:00.320835,$GPGSV,23,,16
2026-06-02T21:13:00.320835,$GPGSV,25,,26
2026-06-02T21:13:00.321580,$GPGSV,26,,47
2026-06-02T21:13:00.321580,$GPGSV,28,,47
2026-06-02T21:13:00.321580,$GPGSV,31,,41
2026-06-02T21:13:00.321580,$GPGSV,32,,39
2026-06-02T21:13:00.323291,$GLGSV,66,,38
2026-06-02T21:13:00.323291,$GLGSV,67,,50
2026-06-02T21:13:00.323291,$GLGSV,68,,29
2026-06-02T21:13:00.323291,$GLGSV,77,,43
2026-06-02T21:13:00.323810,$GLGSV,78,,48
2026-06-02T21:13:00.323810,$GLGSV,79,,21
2026-06-02T21:13:00.324515,$GLGSV,66,,37
2026-06-02T21:13:00.324515,$GLGSV,67,,47
2026-06-02T21:13:00.324515,$GLGSV,68,,29
2026-06-02T21:13:00.324515,$GLGSV,78,,48
2026-06-02T21:13:00.324933,$GLGSV,79,,20
2026-06-02T21:13:00.326169,$GAGSV,05,,47
2026-06-02T21:13:00.326169,$GAGSV,06,,25
2026-06-02T21:13:00.326169,$GAGSV,09,,34
2026-06-02T21:13:00.326169,$GAGSV,16,,46
2026-06-02T21:13:00.326873,$GAGSV,25,,38
2026-06-02T21:13:00.326873,$GAGSV,31,,23
2026-06-02T21:13:00.326873,$GAGSV,34,,46
2026-06-02T21:13:00.326873,$GAGSV,36,,31
2026-06-02T21:13:00.327580,$GAGSV,05,,41
2026-06-02T21:13:00.327580,$GAGSV,06,,22
2026-06-02T21:13:00.327580,$GAGSV,09,,28
2026-06-02T21:13:00.327580,$GAGSV,16,,38
2026-06-02T21:13:00.328101,$GAGSV,25,,40
2026-06-02T21:13:00.328101,$GAGSV,34,,43
2026-06-02T21:13:00.329340,$GBGSV,06,,36
2026-06-02T21:13:00.329340,$GBGSV,07,,46
2026-06-02T21:13:00.329340,$GBGSV,09,,48
2026-06-02T21:13:00.329340,$GBGSV,10,,46
2026-06-02T21:13:00.330045,$GBGSV,23,,46
2026-06-02T21:13:00.330045,$GBGSV,24,,28
2026-06-02T21:13:00.330045,$GBGSV,25,,50
2026-06-02T21:13:00.330045,$GBGSV,33,,48
2026-06-02T21:13:00.330525,$GBGSV,09,,49
2026-06-02T21:13:00.330525,$GBGSV,10,,49
2026-06-02T21:13:01.315032,$GPGSV,02,,20
2026-06-02T21:13:01.315032,$GPGSV,10,,35
2026-06-02T21:13:01.315032,$GPGSV,25,,25
2026-06-02T21:13:01.315032,$GPGSV,26,,47
2026-06-02T21:13:01.315761,$GPGSV,28,,45
2026-06-02T21:13:01.315761,$GPGSV,31,,44
2026-06-02T21:13:01.315761,$GPGSV,32,,43
2026-06-02T21:13:01.315761,$GPGSV,40,,41
2026-06-02T21:13:01.316267,$GPGSV,41,,49
2026-06-02T21:13:01.316267,$GPGSV,42,,47
2026-06-02T21:13:01.316962,$GPGSV,01,,29
2026-06-02T21:13:01.316962,$GPGSV,10,,30
2026-06-02T21:13:01.316962,$GPGSV,23,,13
2026-06-02T21:13:01.316962,$GPGSV,25,,26
2026-06-02T21:13:01.317660,$GPGSV,26,,46
2026-06-02T21:13:01.317660,$GPGSV,28,,44
2026-06-02T21:13:01.317660,$GPGSV,31,,41
2026-06-02T21:13:01.317660,$GPGSV,32,,39
2026-06-02T21:13:01.319332,$GLGSV,66,,35
2026-06-02T21:13:01.319332,$GLGSV,67,,48
2026-06-02T21:13:01.319332,$GLGSV,68,,28
2026-06-02T21:13:01.319332,$GLGSV,77,,41
2026-06-02T21:13:01.319823,$GLGSV,78,,48
2026-06-02T21:13:01.319823,$GLGSV,79,,27
2026-06-02T21:13:01.320484,$GLGSV,66,,40
2026-06-02T21:13:01.320484,$GLGSV,67,,45
2026-06-02T21:13:01.320484,$GLGSV,68,,30
2026-06-02T21:13:01.320484,$GLGSV,78,,49
2026-06-02T21:13:01.320864,$GLGSV,79,,23
2026-06-02T21:13:01.322049,$GAGSV,05,,47
2026-06-02T21:13:01.322049,$GAGSV,06,,24
2026-06-02T21:13:01.322049,$GAGSV,09,,33
2026-06-02T21:13:01.322049,$GAGSV,16,,46
2026-06-02T21:13:01.322722,$GAGSV,25,,41
2026-06-02T21:13:01.322722,$GAGSV,31,,30
2026-06-02T21:13:01.322722,$GAGSV,34,,46
2026-06-02T21:13:01.322722,$GAGSV,36,,31
2026-06-02T21:13:01.323391,$GAGSV,05,,41
2026-06-02T21:13:01.323391,$GAGSV,06,,22
2026-06-02T21:13:01.323391,$GAGSV,16,,38
2026-06-02T21:13:01.323391,$GAGSV,25,,41
2026-06-02T21:13:01.323812,$GAGSV,34,,41
2026-06-02T21:13:01.325008,$GBGSV,06,,37
2026-06-02T21:13:01.325008,$GBGSV,07,,46
2026-06-02T21:13:01.325008,$GBGSV,09,,47
2026-06-02T21:13:01.325008,$GBGSV,10,,44
2026-06-02T21:13:01.325689,$GBGSV,23,,48
2026-06-02T21:13:01.325689,$GBGSV,24,,27
2026-06-02T21:13:01.325689,$GBGSV,25,,49
2026-06-02T21:13:01.325689,$GBGSV,33,,49
2026-06-02T21:13:01.326170,$GBGSV,09,,48
2026-06-02T21:13:01.326170,$GBGSV,10,,48
2026-06-02T21:13:02.320219,$GPGSV,02,,22
2026-06-02T21:13:02.320219,$GPGSV,10,,35
2026-06-02T21:13:02.320219,$GPGSV,25,,25
2026-06-02T21:13:02.320219,$GPGSV,26,,47
2026-06-02T21:13:02.321068,$GPGSV,28,,46
2026-06-02T21:13:02.321068,$GPGSV,31,,42
2026-06-02T21:13:02.321068,$GPGSV,32,,38
2026-06-02T21:13:02.321068,$GPGSV,40,,40
2026-06-02T21:13:02.321657,$GPGSV,41,,48
2026-06-02T21:13:02.321657,$GPGSV,42,,46
2026-06-02T21:13:02.322477,$GPGSV,01,,30
2026-06-02T21:13:02.322477,$GPGSV,10,,29
2026-06-02T21:13:02.322477,$GPGSV,23,,12
2026-06-02T21:13:02.322477,$GPGSV,25,,23
2026-06-02T21:13:02.323291,$GPGSV,26,,45
2026-06-02T21:13:02.323291,$GPGSV,28,,47
2026-06-02T21:13:02.323291,$GPGSV,31,,42
2026-06-02T21:13:02.323291,$GPGSV,32,,39
2026-06-02T21:13:02.325266,$GLGSV,66,,31
2026-06-02T21:13:02.325266,$GLGSV,67,,49
2026-06-02T21:13:02.325266,$GLGSV,68,,28
2026-06-02T21:13:02.325266,$GLGSV,77,,42
2026-06-02T21:13:02.325867,$GLGSV,78,,48
2026-06-02T21:13:02.325867,$GLGSV,79,,27
2026-06-02T21:13:02.326687,$GLGSV,66,,29
2026-06-02T21:13:02.326687,$GLGSV,67,,47
2026-06-02T21:13:02.326687,$GLGSV,68,,29
2026-06-02T21:13:02.326687,$GLGSV,78,,47
2026-06-02T21:13:02.327156,$GLGSV,79,,24
2026-06-02T21:13:02.328614,$GAGSV,05,,48
2026-06-02T21:13:02.328614,$GAGSV,06,,26
2026-06-02T21:13:02.328614,$GAGSV,09,,33
2026-06-02T21:13:02.328614,$GAGSV,16,,46
2026-06-02T21:13:02.329577,$GAGSV,25,,43
2026-06-02T21:13:02.329577,$GAGSV,31,,29
2026-06-02T21:13:02.329577,$GAGSV,34,,43
2026-06-02T21:13:02.329577,$GAGSV,36,,31
2026-06-02T21:13:02.330421,$GAGSV,05,,42
2026-06-02T21:13:02.330421,$GAGSV,09,,28
2026-06-02T21:13:02.330421,$GAGSV,16,,41
2026-06-02T21:13:02.330421,$GAGSV,25,,40
2026-06-02T21:13:02.330898,$GAGSV,34,,41
2026-06-02T21:13:02.332358,$GBGSV,06,,39
2026-06-02T21:13:02.332358,$GBGSV,07,,44
2026-06-02T21:13:02.332358,$GBGSV,09,,48
2026-06-02T21:13:02.332358,$GBGSV,10,,45
2026-06-02T21:13:02.333179,$GBGSV,23,,50
2026-06-02T21:13:02.333179,$GBGSV,24,,28
2026-06-02T21:13:02.333179,$GBGSV,25,,49
2026-06-02T21:13:02.333179,$GBGSV,33,,49
2026-06-02T21:13:02.333825,$GBGSV,09,,49
2026-06-02T21:13:02.333825,$GBGSV,10,,48
2026-06-02T21:13:03.315040,$GPGSV,02,,22
2026-06-02T21:13:03.315040,$GPGSV,10,,35
2026-06-02T21:13:03.315040,$GPGSV,25,,23
2026-06-02T21:13:03.315040,$GPGSV,26,,48
2026-06-02T21:13:03.315902,$GPGSV,28,,44
2026-06-02T21:13:03.315902,$GPGSV,31,,43
2026-06-02T21:13:03.315902,$GPGSV,32,,42
2026-06-02T21:13:03.315902,$GPGSV,40,,41
2026-06-02T21:13:03.316470,$GPGSV,41,,47
2026-06-02T21:13:03.316470,$GPGSV,42,,48
2026-06-02T21:13:03.317251,$GPGSV,01,,24
2026-06-02T21:13:03.317251,$GPGSV,10,,30
2026-06-02T21:13:03.317251,$GPGSV,23,,11
2026-06-02T21:13:03.317251,$GPGSV,25,,23
2026-06-02T21:13:03.318027,$GPGSV,26,,48
2026-06-02T21:13:03.318027,$GPGSV,28,,47
2026-06-02T21:13:03.318027,$GPGSV,31,,40
2026-06-02T21:13:03.318027,$GPGSV,32,,37
2026-06-02T21:13:03.319787,$GLGSV,66,,34
2026-06-02T21:13:03.319787,$GLGSV,67,,46
2026-06-02T21:13:03.319787,$GLGSV,68,,33
2026-06-02T21:13:03.319787,$GLGSV,77,,38
2026-06-02T21:13:03.320481,$GLGSV,78,,49
2026-06-02T21:13:03.320481,$GLGSV,79,,28
2026-06-02T21:13:03.321705,$GLGSV,66,,43
2026-06-02T21:13:03.321705,$GLGSV,67,,48
2026-06-02T21:13:03.321705,$GLGSV,68,,33
2026-06-02T21:13:03.321705,$GLGSV,78,,47
2026-06-02T21:13:03.322303,$GLGSV,79,,25
2026-06-02T21:13:03.323577,$GAGSV,05,,47
2026-06-02T21:13:03.323577,$GAGSV,06,,23
2026-06-02T21:13:03.323577,$GAGSV,09,,36
2026-06-02T21:13:03.323577,$GAGSV,16,,46
2026-06-02T21:13:03.324379,$GAGSV,25,,44
2026-06-02T21:13:03.324379,$GAGSV,31,,29
2026-06-02T21:13:03.324379,$GAGSV,34,,46
2026-06-02T21:13:03.324379,$GAGSV,36,,30
2026-06-02T21:13:03.325097,$GAGSV,05,,43
2026-06-02T21:13:03.325097,$GAGSV,16,,42
2026-06-02T21:13:03.325097,$GAGSV,25,,41
2026-06-02T21:13:03.325097,$GAGSV,34,,43
2026-06-02T21:13:03.326405,$GBGSV,06,,41
2026-06-02T21:13:03.326405,$GBGSV,07,,46
2026-06-02T21:13:03.326405,$GBGSV,09,,47
2026-06-02T21:13:03.326405,$GBGSV,10,,47
2026-06-02T21:13:03.327138,$GBGSV,23,,51
2026-06-02T21:13:03.327138,$GBGSV,24,,32
2026-06-02T21:13:03.327138,$GBGSV,25,,50
2026-06-02T21:13:03.327138,$GBGSV,33,,48
2026-06-02T21:13:03.327754,$GBGSV,09,,50
2026-06-02T21:13:03.327754,$GBGSV,10,,48
2026-06-02T21:13:04.312724,$GPGSV,10,,37
2026-06-02T21:13:04.312724,$GPGSV,25,,24
2026-06-02T21:13:04.312724,$GPGSV,26,,48
2026-06-02T21:13:04.312724,$GPGSV,28,,43
2026-06-02T21:13:04.313458,$GPGSV,31,,47
2026-06-02T21:13:04.313458,$GPGSV,32,,40
2026-06-02T21:13:04.313458,$GPGSV,40,,42
2026-06-02T21:13:04.313458,$GPGSV,41,,48
2026-06-02T21:13:04.313878,$GPGSV,42,,47
2026-06-02T21:13:04.314556,$GPGSV,01,,31
2026-06-02T21:13:04.314556,$GPGSV,10,,31
2026-06-02T21:13:04.314556,$GPGSV,23,,12
2026-06-02T21:13:04.314556,$GPGSV,25,,24
2026-06-02T21:13:04.315248,$GPGSV,26,,46
2026-06-02T21:13:04.315248,$GPGSV,28,,46
2026-06-02T21:13:04.315248,$GPGSV,31,,42
2026-06-02T21:13:04.315248,$GPGSV,32,,40
2026-06-02T21:13:04.316970,$GLGSV,66,,41
2026-06-02T21:13:04.316970,$GLGSV,67,,49
2026-06-02T21:13:04.316970,$GLGSV,68,,30
2026-06-02T21:13:04.316970,$GLGSV,77,,40
2026-06-02T21:13:04.317634,$GLGSV,78,,47
2026-06-02T21:13:04.317634,$GLGSV,79,,32
2026-06-02T21:13:04.318803,$GLGSV,66,,36
2026-06-02T21:13:04.318803,$GLGSV,67,,45
2026-06-02T21:13:04.318803,$GLGSV,68,,33
2026-06-02T21:13:04.318803,$GLGSV,78,,47
2026-06-02T21:13:04.319374,$GLGSV,79,,24
2026-06-02T21:13:04.320594,$GAGSV,05,,48
2026-06-02T21:13:04.320594,$GAGSV,06,,23
2026-06-02T21:13:04.320594,$GAGSV,09,,34
2026-06-02T21:13:04.320594,$GAGSV,16,,47
2026-06-02T21:13:04.321379,$GAGSV,25,,42
2026-06-02T21:13:04.321379,$GAGSV,31,,21
2026-06-02T21:13:04.321379,$GAGSV,34,,40
2026-06-02T21:13:04.321379,$GAGSV,36,,34
2026-06-02T21:13:04.322079,$GAGSV,05,,40
2026-06-02T21:13:04.322079,$GAGSV,16,,45
2026-06-02T21:13:04.322079,$GAGSV,25,,41
2026-06-02T21:13:04.322079,$GAGSV,34,,40
2026-06-02T21:13:04.323280,$GBGSV,06,,39
2026-06-02T21:13:04.323280,$GBGSV,07,,45
2026-06-02T21:13:04.323280,$GBGSV,09,,47
2026-06-02T21:13:04.323280,$GBGSV,10,,44
2026-06-02T21:13:04.323979,$GBGSV,23,,48
2026-06-02T21:13:04.323979,$GBGSV,24,,29
2026-06-02T21:13:04.323979,$GBGSV,25,,51
2026-06-02T21:13:04.323979,$GBGSV,33,,48
2026-06-02T21:13:04.324470,$GBGSV,09,,50
2026-06-02T21:13:04.324470,$GBGSV,10,,49
2026-06-02T21:13:05.320332,$GPGSV,10,,30
2026-06-02T21:13:05.320332,$GPGSV,25,,25
2026-06-02T21:13:05.320332,$GPGSV,26,,48
2026-06-02T21:13:05.320332,$GPGSV,28,,45
2026-06-02T21:13:05.321207,$GPGSV,31,,41
2026-06-02T21:13:05.321207,$GPGSV,32,,42
2026-06-02T21:13:05.321207,$GPGSV,40,,40
2026-06-02T21:13:05.321207,$GPGSV,41,,49
2026-06-02T21:13:05.321682,$GPGSV,42,,48
2026-06-02T21:13:05.322499,$GPGSV,01,,30
2026-06-02T21:13:05.322499,$GPGSV,10,,30
2026-06-02T21:13:05.322499,$GPGSV,23,,14
2026-06-02T21:13:05.322499,$GPGSV,25,,25
2026-06-02T21:13:05.323300,$GPGSV,26,,46
2026-06-02T21:13:05.323300,$GPGSV,28,,46
2026-06-02T21:13:05.323300,$GPGSV,31,,39
2026-06-02T21:13:05.323300,$GPGSV,32,,40
2026-06-02T21:13:05.325302,$GLGSV,66,,25
2026-06-02T21:13:05.325302,$GLGSV,67,,46
2026-06-02T21:13:05.325302,$GLGSV,68,,30
2026-06-02T21:13:05.325302,$GLGSV,77,,41
2026-06-02T21:13:05.325865,$GLGSV,78,,47
2026-06-02T21:13:05.325865,$GLGSV,79,,27
2026-06-02T21:13:05.326598,$GLGSV,66,,34
2026-06-02T21:13:05.326598,$GLGSV,67,,46
2026-06-02T21:13:05.326598,$GLGSV,68,,33
2026-06-02T21:13:05.326598,$GLGSV,78,,48
2026-06-02T21:13:05.327022,$GLGSV,79,,25
2026-06-02T21:13:05.328271,$GAGSV,05,,48
2026-06-02T21:13:05.328271,$GAGSV,06,,24
2026-06-02T21:13:05.328271,$GAGSV,09,,28
2026-06-02T21:13:05.328271,$GAGSV,16,,50
2026-06-02T21:13:05.328984,$GAGSV,25,,41
2026-06-02T21:13:05.328984,$GAGSV,31,,30
2026-06-02T21:13:05.328984,$GAGSV,34,,42
2026-06-02T21:13:05.328984,$GAGSV,36,,28
2026-06-02T21:13:05.329690,$GAGSV,05,,43
2026-06-02T21:13:05.329690,$GAGSV,16,,44
2026-06-02T21:13:05.329690,$GAGSV,25,,40
2026-06-02T21:13:05.329690,$GAGSV,34,,38
2026-06-02T21:13:05.330944,$GBGSV,06,,37
2026-06-02T21:13:05.330944,$GBGSV,07,,45
2026-06-02T21:13:05.330944,$GBGSV,09,,45
2026-06-02T21:13:05.330944,$GBGSV,10,,45
2026-06-02T21:13:05.331662,$GBGSV,23,,48
2026-06-02T21:13:05.331662,$GBGSV,24,,36
2026-06-02T21:13:05.331662,$GBGSV,25,,49
2026-06-02T21:13:05.331662,$GBGSV,33,,49
2026-06-02T21:13:05.332160,$GBGSV,09,,49
2026-06-02T21:13:05.332160,$GBGSV,10,,48
2026-06-02T21:13:06.307130,$GPGSV,10,,25
2026-06-02T21:13:06.307130,$GPGSV,25,,25
2026-06-02T21:13:06.307130,$GPGSV,26,,47
2026-06-02T21:13:06.307130,$GPGSV,28,,46
2026-06-02T21:13:06.307872,$GPGSV,31,,42
2026-06-02T21:13:06.307872,$GPGSV,32,,44
2026-06-02T21:13:06.307872,$GPGSV,40,,40
2026-06-02T21:13:06.307872,$GPGSV,41,,49
2026-06-02T21:13:06.308285,$GPGSV,42,,46
2026-06-02T21:13:06.308987,$GPGSV,01,,33
2026-06-02T21:13:06.308987,$GPGSV,10,,26
2026-06-02T21:13:06.308987,$GPGSV,23,,16
2026-06-02T21:13:06.308987,$GPGSV,25,,25
2026-06-02T21:13:06.309712,$GPGSV,26,,45
2026-06-02T21:13:06.309712,$GPGSV,28,,47
2026-06-02T21:13:06.309712,$GPGSV,31,,37
2026-06-02T21:13:06.309712,$GPGSV,32,,36
2026-06-02T21:13:06.311497,$GLGSV,66,,31
2026-06-02T21:13:06.311497,$GLGSV,67,,49
2026-06-02T21:13:06.311497,$GLGSV,68,,33
2026-06-02T21:13:06.311497,$GLGSV,77,,42
2026-06-02T21:13:06.312341,$GLGSV,78,,46
2026-06-02T21:13:06.312341,$GLGSV,79,,26
2026-06-02T21:13:06.313580,$GLGSV,66,,37
2026-06-02T21:13:06.313580,$GLGSV,67,,45
2026-06-02T21:13:06.313580,$GLGSV,68,,36
2026-06-02T21:13:06.313580,$GLGSV,78,,46
2026-06-02T21:13:06.314003,$GLGSV,79,,14
2026-06-02T21:13:06.315228,$GAGSV,05,,47
2026-06-02T21:13:06.315228,$GAGSV,06,,22
2026-06-02T21:13:06.315228,$GAGSV,09,,38
2026-06-02T21:13:06.315228,$GAGSV,16,,50
2026-06-02T21:13:06.315997,$GAGSV,25,,42
2026-06-02T21:13:06.315997,$GAGSV,31,,29
2026-06-02T21:13:06.315997,$GAGSV,34,,40
2026-06-02T21:13:06.315997,$GAGSV,36,,28
2026-06-02T21:13:06.316687,$GAGSV,05,,43
2026-06-02T21:13:06.316687,$GAGSV,16,,45
2026-06-02T21:13:06.316687,$GAGSV,25,,41
2026-06-02T21:13:06.316687,$GAGSV,34,,39
2026-06-02T21:13:06.317888,$GBGSV,06,,39
2026-06-02T21:13:06.317888,$GBGSV,07,,46
2026-06-02T21:13:06.317888,$GBGSV,09,,47
2026-06-02T21:13:06.317888,$GBGSV,10,,46
2026-06-02T21:13:06.318599,$GBGSV,23,,45
2026-06-02T21:13:06.318599,$GBGSV,24,,26
2026-06-02T21:13:06.318599,$GBGSV,25,,50
2026-06-02T21:13:06.318599,$GBGSV,33,,50
2026-06-02T21:13:06.319306,$GBGSV,09,,47
2026-06-02T21:13:06.319306,$GBGSV,10,,48
2026-06-02T21:13:07.314648,$GPGSV,02,,23
2026-06-02T21:13:07.314648,$GPGSV,10,,25
2026-06-02T21:13:07.314648,$GPGSV,16,,26
2026-06-02T21:13:07.314648,$GPGSV,25,,24
2026-06-02T21:13:07.315402,$GPGSV,26,,46
2026-06-02T21:13:07.315402,$GPGSV,28,,45
2026-06-02T21:13:07.315402,$GPGSV,31,,40
2026-06-02T21:13:07.315402,$GPGSV,32,,44
2026-06-02T21:13:07.316031,$GPGSV,40,,38
2026-06-02T21:13:07.316031,$GPGSV,41,,43
2026-06-02T21:13:07.316031,$GPGSV,42,,44
2026-06-02T21:13:07.316742,$GPGSV,01,,17
2026-06-02T21:13:07.316742,$GPGSV,10,,26
2026-06-02T21:13:07.316742,$GPGSV,23,,14
2026-06-02T21:13:07.316742,$GPGSV,25,,25
2026-06-02T21:13:07.317453,$GPGSV,26,,47
2026-06-02T21:13:07.317453,$GPGSV,28,,44
2026-06-02T21:13:07.317453,$GPGSV,31,,40
2026-06-02T21:13:07.317453,$GPGSV,32,,31
2026-06-02T21:13:07.318782,$GLGSV,66,,36
2026-06-02T21:13:07.318782,$GLGSV,67,,48
2026-06-02T21:13:07.318782,$GLGSV,68,,33
2026-06-02T21:13:07.318782,$GLGSV,77,,41
2026-06-02T21:13:07.319287,$GLGSV,78,,46
2026-06-02T21:13:07.319287,$GLGSV,79,,27
2026-06-02T21:13:07.320064,$GLGSV,66,,39
2026-06-02T21:13:07.320064,$GLGSV,67,,48
2026-06-02T21:13:07.320064,$GLGSV,68,,28
2026-06-02T21:13:07.320064,$GLGSV,78,,46
2026-06-02T21:13:07.320725,$GLGSV,79,,25
2026-06-02T21:13:07.322504,$GAGSV,05,,47
2026-06-02T21:13:07.322504,$GAGSV,06,,20
2026-06-02T21:13:07.322504,$GAGSV,09,,35
2026-06-02T21:13:07.322504,$GAGSV,16,,51
2026-06-02T21:13:07.323202,$GAGSV,25,,44
2026-06-02T21:13:07.323202,$GAGSV,31,,28
2026-06-02T21:13:07.323202,$GAGSV,34,,43
2026-06-02T21:13:07.323202,$GAGSV,36,,27
2026-06-02T21:13:07.324021,$GAGSV,05,,42
2026-06-02T21:13:07.324021,$GAGSV,16,,46
2026-06-02T21:13:07.324021,$GAGSV,25,,43
2026-06-02T21:13:07.324021,$GAGSV,34,,40
2026-06-02T21:13:07.325234,$GBGSV,06,,40
2026-06-02T21:13:07.325234,$GBGSV,07,,45
2026-06-02T21:13:07.325234,$GBGSV,09,,47
2026-06-02T21:13:07.325234,$GBGSV,10,,46
2026-06-02T21:13:07.325908,$GBGSV,23,,47
2026-06-02T21:13:07.325908,$GBGSV,24,,26
2026-06-02T21:13:07.325908,$GBGSV,25,,49
2026-06-02T21:13:07.325908,$GBGSV,33,,50
2026-06-02T21:13:07.326392,$GBGSV,09,,50
2026-06-02T21:13:07.326392,$GBGSV,10,,47
2026-06-02T21:13:08.317046,$GPGSV,02,,24
2026-06-02T21:13:08.317046,$GPGSV,10,,32
2026-06-02T21:13:08.317046,$GPGSV,16,,27
2026-06-02T21:13:08.317046,$GPGSV,25,,25
2026-06-02T21:13:08.317753,$GPGSV,26,,46
2026-06-02T21:13:08.317753,$GPGSV,28,,45
2026-06-02T21:13:08.317753,$GPGSV,31,,40
2026-06-02T21:13:08.317753,$GPGSV,32,,39
2026-06-02T21:13:08.318352,$GPGSV,40,,39
2026-06-02T21:13:08.318352,$GPGSV,41,,48
2026-06-02T21:13:08.318352,$GPGSV,42,,44
2026-06-02T21:13:08.319032,$GPGSV,01,,19
2026-06-02T21:13:08.319032,$GPGSV,10,,25
2026-06-02T21:13:08.319032,$GPGSV,23,,14
2026-06-02T21:13:08.319032,$GPGSV,25,,25
2026-06-02T21:13:08.319728,$GPGSV,26,,47
2026-06-02T21:13:08.319728,$GPGSV,28,,46
2026-06-02T21:13:08.319728,$GPGSV,31,,42
2026-06-02T21:13:08.319728,$GPGSV,32,,42
2026-06-02T21:13:08.321016,$GLGSV,66,,37
2026-06-02T21:13:08.321016,$GLGSV,67,,48
2026-06-02T21:13:08.321016,$GLGSV,68,,34
2026-06-02T21:13:08.321016,$GLGSV,77,,41
2026-06-02T21:13:08.321501,$GLGSV,78,,49
2026-06-02T21:13:08.321501,$GLGSV,79,,25
2026-06-02T21:13:08.322176,$GLGSV,66,,35
2026-06-02T21:13:08.322176,$GLGSV,67,,47
2026-06-02T21:13:08.322176,$GLGSV,68,,33
2026-06-02T21:13:08.322176,$GLGSV,78,,48
2026-06-02T21:13:08.322574,$GLGSV,79,,23
2026-06-02T21:13:08.324609,$GAGSV,05,,47
2026-06-02T21:13:08.324609,$GAGSV,06,,20
2026-06-02T21:13:08.324609,$GAGSV,09,,35
2026-06-02T21:13:08.324609,$GAGSV,16,,51
2026-06-02T21:13:08.325312,$GAGSV,25,,47
2026-06-02T21:13:08.325312,$GAGSV,31,,27
2026-06-02T21:13:08.325312,$GAGSV,34,,46
2026-06-02T21:13:08.325312,$GAGSV,36,,26
2026-06-02T21:13:08.326026,$GAGSV,05,,44
2026-06-02T21:13:08.326026,$GAGSV,16,,47
2026-06-02T21:13:08.326026,$GAGSV,25,,43
2026-06-02T21:13:08.326026,$GAGSV,34,,40
2026-06-02T21:13:08.327286,$GBGSV,06,,38
2026-06-02T21:13:08.327286,$GBGSV,07,,45
2026-06-02T21:13:08.327286,$GBGSV,09,,46
2026-06-02T21:13:08.327286,$GBGSV,10,,46
2026-06-02T21:13:08.327959,$GBGSV,23,,49
2026-06-02T21:13:08.327959,$GBGSV,24,,25
2026-06-02T21:13:08.327959,$GBGSV,25,,49
2026-06-02T21:13:08.327959,$GBGSV,33,,50
2026-06-02T21:13:08.328477,$GBGSV,09,,49
2026-06-02T21:13:08.328477,$GBGSV,10,,45
2026-06-02T21:13:09.313446,$GPGSV,02,,22
2026-06-02T21:13:09.313446,$GPGSV,10,,33
2026-06-02T21:13:09.313446,$GPGSV,16,,25
2026-06-02T21:13:09.313446,$GPGSV,25,,23
2026-06-02T21:13:09.314171,$GPGSV,26,,47
2026-06-02T21:13:09.314171,$GPGSV,28,,44
2026-06-02T21:13:09.314171,$GPGSV,31,,41
2026-06-02T21:13:09.314171,$GPGSV,32,,43
2026-06-02T21:13:09.314781,$GPGSV,40,,41
2026-06-02T21:13:09.314781,$GPGSV,41,,45
2026-06-02T21:13:09.314781,$GPGSV,42,,44
2026-06-02T21:13:09.315499,$GPGSV,01,,27
2026-06-02T21:13:09.315499,$GPGSV,10,,26
2026-06-02T21:13:09.315499,$GPGSV,23,,15
2026-06-02T21:13:09.315499,$GPGSV,25,,24
2026-06-02T21:13:09.316222,$GPGSV,26,,44
2026-06-02T21:13:09.316222,$GPGSV,28,,47
2026-06-02T21:13:09.316222,$GPGSV,31,,41
2026-06-02T21:13:09.316222,$GPGSV,32,,39
2026-06-02T21:13:09.317551,$GLGSV,66,,34
2026-06-02T21:13:09.317551,$GLGSV,67,,48
2026-06-02T21:13:09.317551,$GLGSV,68,,39
2026-06-02T21:13:09.317551,$GLGSV,77,,39
2026-06-02T21:13:09.318103,$GLGSV,78,,47
2026-06-02T21:13:09.318103,$GLGSV,79,,25
2026-06-02T21:13:09.319203,$GLGSV,66,,30
2026-06-02T21:13:09.319203,$GLGSV,67,,47
2026-06-02T21:13:09.319203,$GLGSV,68,,35
2026-06-02T21:13:09.319203,$GLGSV,78,,49
2026-06-02T21:13:09.319910,$GLGSV,79,,25
2026-06-02T21:13:09.321141,$GAGSV,05,,47
2026-06-02T21:13:09.321141,$GAGSV,06,,22
2026-06-02T21:13:09.321141,$GAGSV,09,,30
2026-06-02T21:13:09.321141,$GAGSV,16,,53
2026-06-02T21:13:09.321908,$GAGSV,25,,47
2026-06-02T21:13:09.321908,$GAGSV,31,,26
2026-06-02T21:13:09.321908,$GAGSV,34,,47
2026-06-02T21:13:09.321908,$GAGSV,36,,26
2026-06-02T21:13:09.322599,$GAGSV,05,,43
2026-06-02T21:13:09.322599,$GAGSV,16,,47
2026-06-02T21:13:09.322599,$GAGSV,25,,44
2026-06-02T21:13:09.322599,$GAGSV,34,,42
2026-06-02T21:13:09.323825,$GBGSV,06,,40
2026-06-02T21:13:09.323825,$GBGSV,07,,45
2026-06-02T21:13:09.323825,$GBGSV,09,,47
2026-06-02T21:13:09.323825,$GBGSV,10,,45
2026-06-02T21:13:09.324497,$GBGSV,23,,48
2026-06-02T21:13:09.324497,$GBGSV,24,,27
2026-06-02T21:13:09.324497,$GBGSV,25,,49
2026-06-02T21:13:09.324497,$GBGSV,33,,50
2026-06-02T21:13:09.324979,$GBGSV,09,,50
2026-06-02T21:13:09.324979,$GBGSV,10,,47
2026-06-02T21:13:10.328393,$GPGSV,02,,21
2026-06-02T21:13:10.328393,$GPGSV,10,,33
2026-06-02T21:13:10.328393,$GPGSV,16,,24
2026-06-02T21:13:10.328393,$GPGSV,25,,24
2026-06-02T21:13:10.330630,$GPGSV,26,,45
2026-06-02T21:13:10.330630,$GPGSV,28,,44
2026-06-02T21:13:10.330630,$GPGSV,31,,36
2026-06-02T21:13:10.330630,$GPGSV,32,,44
2026-06-02T21:13:10.332563,$GPGSV,40,,41
2026-06-02T21:13:10.332563,$GPGSV,41,,46
2026-06-02T21:13:10.332563,$GPGSV,42,,44
2026-06-02T21:13:10.334296,$GPGSV,01,,33
2026-06-02T21:13:10.334296,$GPGSV,10,,32
2026-06-02T21:13:10.334296,$GPGSV,23,,15
2026-06-02T21:13:10.334296,$GPGSV,25,,24
2026-06-02T21:13:10.335005,$GPGSV,26,,46
2026-06-02T21:13:10.335005,$GPGSV,28,,47
2026-06-02T21:13:10.335005,$GPGSV,31,,38
2026-06-02T21:13:10.335005,$GPGSV,32,,39
2026-06-02T21:13:10.336358,$GLGSV,66,,30
2026-06-02T21:13:10.336358,$GLGSV,67,,48
2026-06-02T21:13:10.336358,$GLGSV,68,,32
2026-06-02T21:13:10.336358,$GLGSV,77,,42
2026-06-02T21:13:10.336849,$GLGSV,78,,49
2026-06-02T21:13:10.336849,$GLGSV,79,,22
2026-06-02T21:13:10.337534,$GLGSV,66,,37
2026-06-02T21:13:10.337534,$GLGSV,67,,47
2026-06-02T21:13:10.337534,$GLGSV,68,,36
2026-06-02T21:13:10.337534,$GLGSV,78,,49
2026-06-02T21:13:10.338038,$GLGSV,79,,26
2026-06-02T21:13:10.339355,$GAGSV,05,,46
2026-06-02T21:13:10.339355,$GAGSV,06,,24
2026-06-02T21:13:10.339355,$GAGSV,09,,29
2026-06-02T21:13:10.339355,$GAGSV,16,,50
2026-06-02T21:13:10.340015,$GAGSV,25,,46
2026-06-02T21:13:10.340015,$GAGSV,31,,24
2026-06-02T21:13:10.340015,$GAGSV,34,,46
2026-06-02T21:13:10.340015,$GAGSV,36,,27
2026-06-02T21:13:10.340671,$GAGSV,05,,44
2026-06-02T21:13:10.340671,$GAGSV,16,,45
2026-06-02T21:13:10.340671,$GAGSV,25,,45
2026-06-02T21:13:10.340671,$GAGSV,34,,40
2026-06-02T21:13:10.341816,$GBGSV,06,,43
2026-06-02T21:13:10.341816,$GBGSV,07,,46
2026-06-02T21:13:10.341816,$GBGSV,09,,47
2026-06-02T21:13:10.341816,$GBGSV,10,,46
2026-06-02T21:13:10.342464,$GBGSV,23,,47
2026-06-02T21:13:10.342464,$GBGSV,24,,32
2026-06-02T21:13:10.342464,$GBGSV,25,,50
2026-06-02T21:13:10.342464,$GBGSV,33,,50
2026-06-02T21:13:10.342936,$GBGSV,09,,50
2026-06-02T21:13:10.342936,$GBGSV,10,,47
2026-06-02T21:13:11.319275,$GPGSV,02,,21
2026-06-02T21:13:11.319275,$GPGSV,10,,29
2026-06-02T21:13:11.319275,$GPGSV,25,,26
2026-06-02T21:13:11.319275,$GPGSV,26,,46
2026-06-02T21:13:11.320059,$GPGSV,28,,44
2026-06-02T21:13:11.320059,$GPGSV,31,,35
2026-06-02T21:13:11.320059,$GPGSV,32,,46
2026-06-02T21:13:11.320059,$GPGSV,40,,42
2026-06-02T21:13:11.320595,$GPGSV,41,,44
2026-06-02T21:13:11.320595,$GPGSV,42,,47
2026-06-02T21:13:11.321321,$GPGSV,01,,36
2026-06-02T21:13:11.321321,$GPGSV,10,,22
2026-06-02T21:13:11.321321,$GPGSV,23,,16
2026-06-02T21:13:11.321321,$GPGSV,25,,31
2026-06-02T21:13:11.322046,$GPGSV,26,,43
2026-06-02T21:13:11.322046,$GPGSV,28,,46
2026-06-02T21:13:11.322046,$GPGSV,31,,40
2026-06-02T21:13:11.322046,$GPGSV,32,,43
2026-06-02T21:13:11.324818,$GLGSV,66,,30
2026-06-02T21:13:11.324818,$GLGSV,67,,48
2026-06-02T21:13:11.324818,$GLGSV,68,,38
2026-06-02T21:13:11.324818,$GLGSV,77,,41
2026-06-02T21:13:11.325706,$GLGSV,78,,49
2026-06-02T21:13:11.325706,$GLGSV,79,,22
2026-06-02T21:13:11.326426,$GLGSV,66,,32
2026-06-02T21:13:11.326426,$GLGSV,67,,48
2026-06-02T21:13:11.326426,$GLGSV,68,,38
2026-06-02T21:13:11.326426,$GLGSV,78,,48
2026-06-02T21:13:11.326821,$GLGSV,79,,25
2026-06-02T21:13:11.328141,$GAGSV,05,,48
2026-06-02T21:13:11.328141,$GAGSV,06,,23
2026-06-02T21:13:11.328141,$GAGSV,09,,19
2026-06-02T21:13:11.328141,$GAGSV,16,,51
2026-06-02T21:13:11.328831,$GAGSV,25,,46
2026-06-02T21:13:11.328831,$GAGSV,31,,24
2026-06-02T21:13:11.328831,$GAGSV,34,,46
2026-06-02T21:13:11.328831,$GAGSV,36,,24
2026-06-02T21:13:11.329513,$GAGSV,05,,43
2026-06-02T21:13:11.329513,$GAGSV,16,,46
2026-06-02T21:13:11.329513,$GAGSV,25,,44
2026-06-02T21:13:11.329513,$GAGSV,34,,42
2026-06-02T21:13:11.330802,$GBGSV,06,,44
2026-06-02T21:13:11.330802,$GBGSV,07,,44
2026-06-02T21:13:11.330802,$GBGSV,09,,47
2026-06-02T21:13:11.330802,$GBGSV,10,,46
2026-06-02T21:13:11.331615,$GBGSV,23,,48
2026-06-02T21:13:11.331615,$GBGSV,24,,32
2026-06-02T21:13:11.331615,$GBGSV,25,,50
2026-06-02T21:13:11.331615,$GBGSV,33,,51
2026-06-02T21:13:11.332107,$GBGSV,09,,48
2026-06-02T21:13:11.332107,$GBGSV,10,,48
2026-06-02T21:13:12.318983,$GPGSV,02,,20
2026-06-02T21:13:12.318983,$GPGSV,10,,29
2026-06-02T21:13:12.318983,$GPGSV,25,,26
2026-06-02T21:13:12.318983,$GPGSV,26,,44
2026-06-02T21:13:12.319714,$GPGSV,28,,45
2026-06-02T21:13:12.319714,$GPGSV,31,,39
2026-06-02T21:13:12.319714,$GPGSV,32,,44
2026-06-02T21:13:12.319714,$GPGSV,40,,41
2026-06-02T21:13:12.320209,$GPGSV,41,,47
2026-06-02T21:13:12.320209,$GPGSV,42,,45
2026-06-02T21:13:12.320884,$GPGSV,01,,28
2026-06-02T21:13:12.320884,$GPGSV,10,,22
2026-06-02T21:13:12.320884,$GPGSV,23,,16
2026-06-02T21:13:12.320884,$GPGSV,25,,24
2026-06-02T21:13:12.321565,$GPGSV,26,,43
2026-06-02T21:13:12.321565,$GPGSV,28,,45
2026-06-02T21:13:12.321565,$GPGSV,31,,33
2026-06-02T21:13:12.321565,$GPGSV,32,,41
2026-06-02T21:13:12.323200,$GLGSV,66,,27
2026-06-02T21:13:12.323200,$GLGSV,67,,48
2026-06-02T21:13:12.323200,$GLGSV,68,,32
2026-06-02T21:13:12.323200,$GLGSV,77,,41
2026-06-02T21:13:12.323691,$GLGSV,78,,49
2026-06-02T21:13:12.323691,$GLGSV,79,,23
2026-06-02T21:13:12.324386,$GLGSV,66,,33
2026-06-02T21:13:12.324386,$GLGSV,67,,47
2026-06-02T21:13:12.324386,$GLGSV,68,,40
2026-06-02T21:13:12.324386,$GLGSV,78,,49
2026-06-02T21:13:12.325039,$GLGSV,79,,23
2026-06-02T21:13:12.326239,$GAGSV,05,,49
2026-06-02T21:13:12.326239,$GAGSV,06,,25
2026-06-02T21:13:12.326239,$GAGSV,09,,30
2026-06-02T21:13:12.326239,$GAGSV,16,,50
2026-06-02T21:13:12.327020,$GAGSV,25,,48
2026-06-02T21:13:12.327020,$GAGSV,31,,31
2026-06-02T21:13:12.327020,$GAGSV,34,,44
2026-06-02T21:13:12.327020,$GAGSV,36,,25
2026-06-02T21:13:12.327728,$GAGSV,05,,44
2026-06-02T21:13:12.327728,$GAGSV,09,,27
2026-06-02T21:13:12.327728,$GAGSV,16,,45
2026-06-02T21:13:12.327728,$GAGSV,25,,41
2026-06-02T21:13:12.328128,$GAGSV,34,,41
2026-06-02T21:13:12.329357,$GBGSV,06,,45
2026-06-02T21:13:12.329357,$GBGSV,07,,44
2026-06-02T21:13:12.329357,$GBGSV,09,,47
2026-06-02T21:13:12.329357,$GBGSV,10,,46
2026-06-02T21:13:12.330083,$GBGSV,23,,44
2026-06-02T21:13:12.330083,$GBGSV,24,,26
2026-06-02T21:13:12.330083,$GBGSV,25,,49
2026-06-02T21:13:12.330083,$GBGSV,33,,50
2026-06-02T21:13:12.330616,$GBGSV,09,,47
2026-06-02T21:13:12.330616,$GBGSV,10,,48
2026-06-02T21:13:13.313813,$GPGSV,02,,19
2026-06-02T21:13:13.313813,$GPGSV,10,,34
2026-06-02T21:13:13.313813,$GPGSV,25,,25
2026-06-02T21:13:13.313813,$GPGSV,26,,46
2026-06-02T21:13:13.314532,$GPGSV,28,,45
2026-06-02T21:13:13.314532,$GPGSV,31,,27
2026-06-02T21:13:13.314532,$GPGSV,32,,43
2026-06-02T21:13:13.314532,$GPGSV,40,,41
2026-06-02T21:13:13.315042,$GPGSV,41,,48
2026-06-02T21:13:13.315042,$GPGSV,42,,46
2026-06-02T21:13:13.315761,$GPGSV,01,,40
2026-06-02T21:13:13.315761,$GPGSV,10,,33
2026-06-02T21:13:13.315761,$GPGSV,23,,15
2026-06-02T21:13:13.315761,$GPGSV,25,,25
2026-06-02T21:13:13.316464,$GPGSV,26,,45
2026-06-02T21:13:13.316464,$GPGSV,28,,47
2026-06-02T21:13:13.316464,$GPGSV,31,,38
2026-06-02T21:13:13.316464,$GPGSV,32,,43
2026-06-02T21:13:13.318132,$GLGSV,66,,33
2026-06-02T21:13:13.318132,$GLGSV,67,,50
2026-06-02T21:13:13.318132,$GLGSV,68,,30
2026-06-02T21:13:13.318132,$GLGSV,77,,41
2026-06-02T21:13:13.318616,$GLGSV,78,,49
2026-06-02T21:13:13.318616,$GLGSV,79,,24
2026-06-02T21:13:13.319285,$GLGSV,66,,30
2026-06-02T21:13:13.319285,$GLGSV,67,,48
2026-06-02T21:13:13.319285,$GLGSV,68,,39
2026-06-02T21:13:13.319285,$GLGSV,78,,49
2026-06-02T21:13:13.319702,$GLGSV,79,,25
2026-06-02T21:13:13.320844,$GAGSV,05,,47
2026-06-02T21:13:13.320844,$GAGSV,06,,26
2026-06-02T21:13:13.320844,$GAGSV,09,,23
2026-06-02T21:13:13.320844,$GAGSV,16,,52
2026-06-02T21:13:13.321489,$GAGSV,25,,49
2026-06-02T21:13:13.321489,$GAGSV,31,,22
2026-06-02T21:13:13.321489,$GAGSV,34,,42
2026-06-02T21:13:13.321489,$GAGSV,36,,32
2026-06-02T21:13:13.322146,$GAGSV,05,,43
2026-06-02T21:13:13.322146,$GAGSV,16,,45
2026-06-02T21:13:13.322146,$GAGSV,25,,42
2026-06-02T21:13:13.322146,$GAGSV,34,,39
2026-06-02T21:13:13.323260,$GBGSV,06,,46
2026-06-02T21:13:13.323260,$GBGSV,07,,45
2026-06-02T21:13:13.323260,$GBGSV,09,,47
2026-06-02T21:13:13.323260,$GBGSV,10,,45
2026-06-02T21:13:13.323955,$GBGSV,23,,46
2026-06-02T21:13:13.323955,$GBGSV,24,,32
2026-06-02T21:13:13.323955,$GBGSV,25,,48
2026-06-02T21:13:13.323955,$GBGSV,33,,49
2026-06-02T21:13:13.324411,$GBGSV,09,,49
2026-06-02T21:13:13.324411,$GBGSV,10,,47
2026-06-02T21:13:14.317722,$GPGSV,02,,20
2026-06-02T21:13:14.317722,$GPGSV,10,,29
2026-06-02T21:13:14.317722,$GPGSV,25,,25
2026-06-02T21:13:14.317722,$GPGSV,26,,45
2026-06-02T21:13:14.318477,$GPGSV,28,,44
2026-06-02T21:13:14.318477,$GPGSV,31,,34
2026-06-02T21:13:14.318477,$GPGSV,32,,44
2026-06-02T21:13:14.318477,$GPGSV,40,,36
2026-06-02T21:13:14.318993,$GPGSV,41,,48
2026-06-02T21:13:14.318993,$GPGSV,42,,47
2026-06-02T21:13:14.319714,$GPGSV,01,,28
2026-06-02T21:13:14.319714,$GPGSV,10,,27
2026-06-02T21:13:14.319714,$GPGSV,23,,14
2026-06-02T21:13:14.319714,$GPGSV,25,,30
2026-06-02T21:13:14.320418,$GPGSV,26,,47
2026-06-02T21:13:14.320418,$GPGSV,28,,47
2026-06-02T21:13:14.320418,$GPGSV,31,,33
2026-06-02T21:13:14.320418,$GPGSV,32,,46
2026-06-02T21:13:14.322106,$GLGSV,66,,28
2026-06-02T21:13:14.322106,$GLGSV,67,,46
2026-06-02T21:13:14.322106,$GLGSV,68,,24
2026-06-02T21:13:14.322106,$GLGSV,77,,42
2026-06-02T21:13:14.322614,$GLGSV,78,,48
2026-06-02T21:13:14.322614,$GLGSV,79,,27
2026-06-02T21:13:14.323303,$GLGSV,66,,29
2026-06-02T21:13:14.323303,$GLGSV,67,,46
2026-06-02T21:13:14.323303,$GLGSV,68,,31
2026-06-02T21:13:14.323303,$GLGSV,78,,49
2026-06-02T21:13:14.323738,$GLGSV,79,,25
2026-06-02T21:13:14.324975,$GAGSV,05,,48
2026-06-02T21:13:14.324975,$GAGSV,06,,25
2026-06-02T21:13:14.324975,$GAGSV,09,,34
2026-06-02T21:13:14.324975,$GAGSV,16,,52
2026-06-02T21:13:14.325669,$GAGSV,25,,47
2026-06-02T21:13:14.325669,$GAGSV,31,,22
2026-06-02T21:13:14.325669,$GAGSV,34,,43
2026-06-02T21:13:14.325669,$GAGSV,36,,30
2026-06-02T21:13:14.326365,$GAGSV,05,,40
2026-06-02T21:13:14.326365,$GAGSV,16,,46
2026-06-02T21:13:14.326365,$GAGSV,25,,45
2026-06-02T21:13:14.326365,$GAGSV,34,,39
2026-06-02T21:13:14.327618,$GBGSV,06,,49
2026-06-02T21:13:14.327618,$GBGSV,07,,45
2026-06-02T21:13:14.327618,$GBGSV,09,,47
2026-06-02T21:13:14.327618,$GBGSV,10,,45
2026-06-02T21:13:14.328330,$GBGSV,23,,49
2026-06-02T21:13:14.328330,$GBGSV,24,,26
2026-06-02T21:13:14.328330,$GBGSV,25,,49
2026-06-02T21:13:14.328330,$GBGSV,33,,48
2026-06-02T21:13:14.328819,$GBGSV,09,,50
2026-06-02T21:13:14.328819,$GBGSV,10,,46
2026-06-02T21:13:15.309032,$GPGSV,02,,22
2026-06-02T21:13:15.309032,$GPGSV,10,,28
2026-06-02T21:13:15.309032,$GPGSV,25,,25
2026-06-02T21:13:15.309032,$GPGSV,26,,45
2026-06-02T21:13:15.309737,$GPGSV,28,,44
2026-06-02T21:13:15.309737,$GPGSV,31,,30
2026-06-02T21:13:15.309737,$GPGSV,32,,47
2026-06-02T21:13:15.309737,$GPGSV,40,,43
2026-06-02T21:13:15.310225,$GPGSV,41,,46
2026-06-02T21:13:15.310225,$GPGSV,42,,47
2026-06-02T21:13:15.310893,$GPGSV,01,,38
2026-06-02T21:13:15.310893,$GPGSV,10,,28
2026-06-02T21:13:15.310893,$GPGSV,23,,16
2026-06-02T21:13:15.310893,$GPGSV,25,,23
2026-06-02T21:13:15.311584,$GPGSV,26,,45
2026-06-02T21:13:15.311584,$GPGSV,28,,45
2026-06-02T21:13:15.311584,$GPGSV,31,,32
2026-06-02T21:13:15.311584,$GPGSV,32,,47
2026-06-02T21:13:15.313222,$GLGSV,66,,26
2026-06-02T21:13:15.313222,$GLGSV,67,,46
2026-06-02T21:13:15.313222,$GLGSV,68,,30
2026-06-02T21:13:15.313222,$GLGSV,77,,42
2026-06-02T21:13:15.313879,$GLGSV,78,,47
2026-06-02T21:13:15.313879,$GLGSV,79,,32
2026-06-02T21:13:15.314554,$GLGSV,66,,29
2026-06-02T21:13:15.314554,$GLGSV,67,,48
2026-06-02T21:13:15.314554,$GLGSV,68,,26
2026-06-02T21:13:15.314554,$GLGSV,78,,49
2026-06-02T21:13:15.314948,$GLGSV,79,,24
2026-06-02T21:13:15.316237,$GAGSV,05,,48
2026-06-02T21:13:15.316237,$GAGSV,06,,24
2026-06-02T21:13:15.316237,$GAGSV,09,,30
2026-06-02T21:13:15.316237,$GAGSV,16,,52
2026-06-02T21:13:15.316897,$GAGSV,25,,46
2026-06-02T21:13:15.316897,$GAGSV,31,,31
2026-06-02T21:13:15.316897,$GAGSV,34,,41
2026-06-02T21:13:15.316897,$GAGSV,36,,29
2026-06-02T21:13:15.317560,$GAGSV,05,,42
2026-06-02T21:13:15.317560,$GAGSV,16,,46
2026-06-02T21:13:15.317560,$GAGSV,25,,45
2026-06-02T21:13:15.317560,$GAGSV,34,,38
2026-06-02T21:13:15.318708,$GBGSV,06,,49
2026-06-02T21:13:15.318708,$GBGSV,07,,46
2026-06-02T21:13:15.318708,$GBGSV,09,,47
2026-06-02T21:13:15.318708,$GBGSV,10,,46
2026-06-02T21:13:15.319377,$GBGSV,23,,47
2026-06-02T21:13:15.319377,$GBGSV,24,,25
2026-06-02T21:13:15.319377,$GBGSV,25,,49
2026-06-02T21:13:15.319377,$GBGSV,33,,49
2026-06-02T21:13:15.319834,$GBGSV,09,,48
2026-06-02T21:13:15.319834,$GBGSV,10,,48
2026-06-02T21:13:16.317750,$GPGSV,10,,28
2026-06-02T21:13:16.317750,$GPGSV,25,,24
2026-06-02T21:13:16.317750,$GPGSV,26,,47
2026-06-02T21:13:16.317750,$GPGSV,28,,44
2026-06-02T21:13:16.318485,$GPGSV,31,,40
2026-06-02T21:13:16.318485,$GPGSV,32,,46
2026-06-02T21:13:16.318485,$GPGSV,40,,40
2026-06-02T21:13:16.318485,$GPGSV,41,,46
2026-06-02T21:13:16.318900,$GPGSV,42,,46
2026-06-02T21:13:16.319618,$GPGSV,01,,31
2026-06-02T21:13:16.319618,$GPGSV,10,,35
2026-06-02T21:13:16.319618,$GPGSV,23,,18
2026-06-02T21:13:16.319618,$GPGSV,25,,30
2026-06-02T21:13:16.320347,$GPGSV,26,,45
2026-06-02T21:13:16.320347,$GPGSV,28,,48
2026-06-02T21:13:16.320347,$GPGSV,31,,36
2026-06-02T21:13:16.320347,$GPGSV,32,,46
2026-06-02T21:13:16.322549,$GLGSV,66,,26
2026-06-02T21:13:16.322549,$GLGSV,67,,47
2026-06-02T21:13:16.322549,$GLGSV,68,,20
2026-06-02T21:13:16.322549,$GLGSV,77,,43
2026-06-02T21:13:16.323392,$GLGSV,78,,49
2026-06-02T21:13:16.323392,$GLGSV,79,,27
2026-06-02T21:13:16.324146,$GLGSV,66,,21
2026-06-02T21:13:16.324146,$GLGSV,67,,47
2026-06-02T21:13:16.324146,$GLGSV,68,,39
2026-06-02T21:13:16.324146,$GLGSV,78,,49
2026-06-02T21:13:16.324542,$GLGSV,79,,23
2026-06-02T21:13:16.325740,$GAGSV,05,,48
2026-06-02T21:13:16.325740,$GAGSV,06,,23
2026-06-02T21:13:16.325740,$GAGSV,09,,34
2026-06-02T21:13:16.325740,$GAGSV,16,,52
2026-06-02T21:13:16.326422,$GAGSV,25,,45
2026-06-02T21:13:16.326422,$GAGSV,31,,31
2026-06-02T21:13:16.326422,$GAGSV,34,,38
2026-06-02T21:13:16.326422,$GAGSV,36,,33
2026-06-02T21:13:16.327099,$GAGSV,05,,44
2026-06-02T21:13:16.327099,$GAGSV,16,,45
2026-06-02T21:13:16.327099,$GAGSV,25,,45
2026-06-02T21:13:16.327099,$GAGSV,34,,38
2026-06-02T21:13:16.328309,$GBGSV,06,,48
2026-06-02T21:13:16.328309,$GBGSV,07,,48
2026-06-02T21:13:16.328309,$GBGSV,09,,47
2026-06-02T21:13:16.328309,$GBGSV,10,,46
2026-06-02T21:13:16.328988,$GBGSV,23,,45
2026-06-02T21:13:16.328988,$GBGSV,24,,31
2026-06-02T21:13:16.328988,$GBGSV,25,,49
2026-06-02T21:13:16.328988,$GBGSV,33,,51
2026-06-02T21:13:16.329473,$GBGSV,09,,49
2026-06-02T21:13:16.329473,$GBGSV,10,,47
2026-06-02T21:13:17.319575,$GPGSV,02,,26
2026-06-02T21:13:17.319575,$GPGSV,10,,34
2026-06-02T21:13:17.319575,$GPGSV,25,,24
2026-06-02T21:13:17.319575,$GPGSV,26,,47
2026-06-02T21:13:17.320387,$GPGSV,28,,45
2026-06-02T21:13:17.320387,$GPGSV,31,,39
2026-06-02T21:13:17.320387,$GPGSV,32,,42
2026-06-02T21:13:17.320387,$GPGSV,40,,43
2026-06-02T21:13:17.320925,$GPGSV,41,,46
2026-06-02T21:13:17.320925,$GPGSV,42,,46
2026-06-02T21:13:17.321656,$GPGSV,01,,32
2026-06-02T21:13:17.321656,$GPGSV,10,,30
2026-06-02T21:13:17.321656,$GPGSV,23,,17
2026-06-02T21:13:17.321656,$GPGSV,25,,24
2026-06-02T21:13:17.322386,$GPGSV,26,,46
2026-06-02T21:13:17.322386,$GPGSV,28,,46
2026-06-02T21:13:17.322386,$GPGSV,31,,36
2026-06-02T21:13:17.322386,$GPGSV,32,,46
2026-06-02T21:13:17.324184,$GLGSV,66,,28
2026-06-02T21:13:17.324184,$GLGSV,67,,48
2026-06-02T21:13:17.324184,$GLGSV,68,,36
2026-06-02T21:13:17.324184,$GLGSV,77,,39
2026-06-02T21:13:17.324719,$GLGSV,78,,48
2026-06-02T21:13:17.324719,$GLGSV,79,,33
2026-06-02T21:13:17.325445,$GLGSV,66,,33
2026-06-02T21:13:17.325445,$GLGSV,67,,48
2026-06-02T21:13:17.325445,$GLGSV,68,,37
2026-06-02T21:13:17.325445,$GLGSV,78,,48
2026-06-02T21:13:17.325876,$GLGSV,79,,28
2026-06-02T21:13:17.327178,$GAGSV,05,,46
2026-06-02T21:13:17.327178,$GAGSV,06,,23
2026-06-02T21:13:17.327178,$GAGSV,09,,37
2026-06-02T21:13:17.327178,$GAGSV,16,,52
2026-06-02T21:13:17.327971,$GAGSV,25,,47
2026-06-02T21:13:17.327971,$GAGSV,31,,32
2026-06-02T21:13:17.327971,$GAGSV,34,,38
2026-06-02T21:13:17.327971,$GAGSV,36,,36
2026-06-02T21:13:17.328676,$GAGSV,05,,41
2026-06-02T21:13:17.328676,$GAGSV,16,,46
2026-06-02T21:13:17.328676,$GAGSV,25,,45
2026-06-02T21:13:17.328676,$GAGSV,31,,19
2026-06-02T21:13:17.329094,$GAGSV,34,,28
2026-06-02T21:13:17.330323,$GBGSV,06,,48
2026-06-02T21:13:17.330323,$GBGSV,07,,47
2026-06-02T21:13:17.330323,$GBGSV,09,,48
2026-06-02T21:13:17.330323,$GBGSV,10,,45
2026-06-02T21:13:17.331027,$GBGSV,23,,44
2026-06-02T21:13:17.331027,$GBGSV,24,,31
2026-06-02T21:13:17.331027,$GBGSV,25,,48
2026-06-02T21:13:17.331027,$GBGSV,33,,48
2026-06-02T21:13:17.331676,$GBGSV,09,,50
2026-06-02T21:13:17.331676,$GBGSV,10,,48
2026-06-02T21:13:18.328042,$GPGSV,02,,24
2026-06-02T21:13:18.328042,$GPGSV,10,,30
2026-06-02T21:13:18.328042,$GPGSV,25,,24
2026-06-02T21:13:18.328042,$GPGSV,26,,44
2026-06-02T21:13:18.328945,$GPGSV,28,,44
2026-06-02T21:13:18.328945,$GPGSV,31,,35
2026-06-02T21:13:18.328945,$GPGSV,32,,44
2026-06-02T21:13:18.328945,$GPGSV,40,,36
2026-06-02T21:13:18.329623,$GPGSV,41,,47
2026-06-02T21:13:18.329623,$GPGSV,42,,47
2026-06-02T21:13:18.330490,$GPGSV,01,,35
2026-06-02T21:13:18.330490,$GPGSV,10,,29
2026-06-02T21:13:18.330490,$GPGSV,23,,18
2026-06-02T21:13:18.330490,$GPGSV,25,,25
2026-06-02T21:13:18.331356,$GPGSV,26,,46
2026-06-02T21:13:18.331356,$GPGSV,28,,46
2026-06-02T21:13:18.331356,$GPGSV,31,,28
2026-06-02T21:13:18.331356,$GPGSV,32,,45
2026-06-02T21:13:18.333388,$GLGSV,66,,32
2026-06-02T21:13:18.333388,$GLGSV,67,,47
2026-06-02T21:13:18.333388,$GLGSV,68,,30
2026-06-02T21:13:18.333388,$GLGSV,77,,41
2026-06-02T21:13:18.334063,$GLGSV,78,,47
2026-06-02T21:13:18.334063,$GLGSV,79,,31
2026-06-02T21:13:18.334924,$GLGSV,66,,28
2026-06-02T21:13:18.334924,$GLGSV,67,,47
2026-06-02T21:13:18.334924,$GLGSV,68,,39
2026-06-02T21:13:18.334924,$GLGSV,78,,49
2026-06-02T21:13:18.335500,$GLGSV,79,,28
2026-06-02T21:13:18.336996,$GAGSV,05,,47
2026-06-02T21:13:18.336996,$GAGSV,06,,21
2026-06-02T21:13:18.336996,$GAGSV,09,,25
2026-06-02T21:13:18.336996,$GAGSV,16,,52
2026-06-02T21:13:18.337864,$GAGSV,25,,49
2026-06-02T21:13:18.337864,$GAGSV,31,,27
2026-06-02T21:13:18.337864,$GAGSV,34,,36
2026-06-02T21:13:18.337864,$GAGSV,36,,33
2026-06-02T21:13:18.338725,$GAGSV,05,,41
2026-06-02T21:13:18.338725,$GAGSV,16,,46
2026-06-02T21:13:18.338725,$GAGSV,25,,45
2026-06-02T21:13:18.338725,$GAGSV,34,,28
2026-06-02T21:13:18.339300,$GAGSV,36,,28
2026-06-02T21:13:18.340785,$GBGSV,06,,47
2026-06-02T21:13:18.340785,$GBGSV,07,,46
2026-06-02T21:13:18.340785,$GBGSV,09,,47
2026-06-02T21:13:18.340785,$GBGSV,10,,45
2026-06-02T21:13:18.341678,$GBGSV,23,,47
2026-06-02T21:13:18.341678,$GBGSV,24,,31
2026-06-02T21:13:18.341678,$GBGSV,25,,48
2026-06-02T21:13:18.341678,$GBGSV,33,,48
2026-06-02T21:13:18.342337,$GBGSV,09,,49
2026-06-02T21:13:18.342337,$GBGSV,10,,48
2026-06-02T21:13:19.319845,$GPGSV,02,,22
2026-06-02T21:13:19.319845,$GPGSV,10,,25
2026-06-02T21:13:19.319845,$GPGSV,25,,31
2026-06-02T21:13:19.319845,$GPGSV,26,,47
2026-06-02T21:13:19.320747,$GPGSV,28,,46
2026-06-02T21:13:19.320747,$GPGSV,29,,28
2026-06-02T21:13:19.320747,$GPGSV,31,,35
2026-06-02T21:13:19.320747,$GPGSV,32,,43
2026-06-02T21:13:19.321516,$GPGSV,40,,40
2026-06-02T21:13:19.321516,$GPGSV,41,,46
2026-06-02T21:13:19.321516,$GPGSV,42,,46
2026-06-02T21:13:19.322385,$GPGSV,01,,31
2026-06-02T21:13:19.322385,$GPGSV,10,,33
2026-06-02T21:13:19.322385,$GPGSV,23,,17
2026-06-02T21:13:19.322385,$GPGSV,25,,30
2026-06-02T21:13:19.323245,$GPGSV,26,,45
2026-06-02T21:13:19.323245,$GPGSV,28,,46
2026-06-02T21:13:19.323245,$GPGSV,31,,37
2026-06-02T21:13:19.323245,$GPGSV,32,,45
2026-06-02T21:13:19.324816,$GLGSV,66,,25
2026-06-02T21:13:19.324816,$GLGSV,67,,49
2026-06-02T21:13:19.324816,$GLGSV,68,,39
2026-06-02T21:13:19.324816,$GLGSV,77,,41
2026-06-02T21:13:19.325488,$GLGSV,78,,49
2026-06-02T21:13:19.325488,$GLGSV,79,,32
2026-06-02T21:13:19.326362,$GLGSV,66,,32
2026-06-02T21:13:19.326362,$GLGSV,67,,47
2026-06-02T21:13:19.326362,$GLGSV,68,,35
2026-06-02T21:13:19.326362,$GLGSV,78,,48
2026-06-02T21:13:19.326938,$GLGSV,79,,24
2026-06-02T21:13:19.328441,$GAGSV,05,,49
2026-06-02T21:13:19.328441,$GAGSV,06,,21
2026-06-02T21:13:19.328441,$GAGSV,09,,31
2026-06-02T21:13:19.328441,$GAGSV,16,,51
2026-06-02T21:13:19.329307,$GAGSV,25,,48
2026-06-02T21:13:19.329307,$GAGSV,31,,27
2026-06-02T21:13:19.329307,$GAGSV,34,,35
2026-06-02T21:13:19.329307,$GAGSV,36,,32
2026-06-02T21:13:19.330170,$GAGSV,05,,42
2026-06-02T21:13:19.330170,$GAGSV,16,,47
2026-06-02T21:13:19.330170,$GAGSV,25,,44
2026-06-02T21:13:19.330170,$GAGSV,34,,36
2026-06-02T21:13:19.331680,$GBGSV,06,,48
2026-06-02T21:13:19.331680,$GBGSV,07,,45
2026-06-02T21:13:19.331680,$GBGSV,09,,47
2026-06-02T21:13:19.331680,$GBGSV,10,,46
2026-06-02T21:13:19.332648,$GBGSV,23,,44
2026-06-02T21:13:19.332648,$GBGSV,24,,31
2026-06-02T21:13:19.332648,$GBGSV,25,,49
2026-06-02T21:13:19.332648,$GBGSV,33,,48
2026-06-02T21:13:19.333352,$GBGSV,09,,49
2026-06-02T21:13:19.333352,$GBGSV,10,,47
2026-06-02T21:13:20.323653,$GPGSV,02,,24
2026-06-02T21:13:20.323653,$GPGSV,10,,30
2026-06-02T21:13:20.323653,$GPGSV,25,,31
2026-06-02T21:13:20.323653,$GPGSV,26,,46
2026-06-02T21:13:20.324654,$GPGSV,28,,45
2026-06-02T21:13:20.324654,$GPGSV,29,,24
2026-06-02T21:13:20.324654,$GPGSV,31,,42
2026-06-02T21:13:20.324654,$GPGSV,32,,44
2026-06-02T21:13:20.325498,$GPGSV,40,,35
2026-06-02T21:13:20.325498,$GPGSV,41,,47
2026-06-02T21:13:20.325498,$GPGSV,42,,46
2026-06-02T21:13:20.326456,$GPGSV,01,,23
2026-06-02T21:13:20.326456,$GPGSV,10,,28
2026-06-02T21:13:20.326456,$GPGSV,23,,17
2026-06-02T21:13:20.326456,$GPGSV,25,,30
2026-06-02T21:13:20.327355,$GPGSV,26,,46
2026-06-02T21:13:20.327355,$GPGSV,28,,45
2026-06-02T21:13:20.327355,$GPGSV,31,,40
2026-06-02T21:13:20.327355,$GPGSV,32,,44
2026-06-02T21:13:20.328999,$GLGSV,66,,25
2026-06-02T21:13:20.328999,$GLGSV,67,,49
2026-06-02T21:13:20.328999,$GLGSV,68,,36
2026-06-02T21:13:20.328999,$GLGSV,77,,41
2026-06-02T21:13:20.329706,$GLGSV,78,,48
2026-06-02T21:13:20.329706,$GLGSV,79,,31
2026-06-02T21:13:20.330605,$GLGSV,66,,22
2026-06-02T21:13:20.330605,$GLGSV,67,,48
2026-06-02T21:13:20.330605,$GLGSV,68,,26
2026-06-02T21:13:20.330605,$GLGSV,78,,48
2026-06-02T21:13:20.331208,$GLGSV,79,,29
2026-06-02T21:13:20.332777,$GAGSV,05,,49
2026-06-02T21:13:20.332777,$GAGSV,06,,20
2026-06-02T21:13:20.332777,$GAGSV,09,,39
2026-06-02T21:13:20.332777,$GAGSV,16,,51
2026-06-02T21:13:20.333692,$GAGSV,25,,48
2026-06-02T21:13:20.333692,$GAGSV,31,,27
2026-06-02T21:13:20.333692,$GAGSV,34,,28
2026-06-02T21:13:20.333692,$GAGSV,36,,24
2026-06-02T21:13:20.334563,$GAGSV,05,,44
2026-06-02T21:13:20.334563,$GAGSV,16,,47
2026-06-02T21:13:20.334563,$GAGSV,25,,44
2026-06-02T21:13:20.334563,$GAGSV,34,,28
2026-06-02T21:13:20.336162,$GBGSV,06,,46
2026-06-02T21:13:20.336162,$GBGSV,07,,46
2026-06-02T21:13:20.336162,$GBGSV,09,,47
2026-06-02T21:13:20.336162,$GBGSV,10,,45
2026-06-02T21:13:20.337023,$GBGSV,23,,48
2026-06-02T21:13:20.337023,$GBGSV,24,,31
2026-06-02T21:13:20.337023,$GBGSV,25,,49
2026-06-02T21:13:20.337023,$GBGSV,33,,47
2026-06-02T21:13:20.337692,$GBGSV,09,,47
2026-06-02T21:13:20.337692,$GBGSV,10,,45
2026-06-02T21:13:21.315207,$GPGSV,10,,30
2026-06-02T21:13:21.315207,$GPGSV,16,,23
2026-06-02T21:13:21.315207,$GPGSV,25,,25
2026-06-02T21:13:21.315207,$GPGSV,26,,47
2026-06-02T21:13:21.316211,$GPGSV,28,,43
2026-06-02T21:13:21.316211,$GPGSV,29,,22
2026-06-02T21:13:21.316211,$GPGSV,31,,42
2026-06-02T21:13:21.316211,$GPGSV,32,,41
2026-06-02T21:13:21.317052,$GPGSV,40,,40
2026-06-02T21:13:21.317052,$GPGSV,41,,47
2026-06-02T21:13:21.317052,$GPGSV,42,,44
2026-06-02T21:13:21.317993,$GPGSV,01,,24
2026-06-02T21:13:21.317993,$GPGSV,10,,26
2026-06-02T21:13:21.317993,$GPGSV,23,,18
2026-06-02T21:13:21.317993,$GPGSV,25,,29
2026-06-02T21:13:21.318936,$GPGSV,26,,48
2026-06-02T21:13:21.318936,$GPGSV,28,,44
2026-06-02T21:13:21.318936,$GPGSV,31,,42
2026-06-02T21:13:21.318936,$GPGSV,32,,45
2026-06-02T21:13:21.320757,$GLGSV,66,,26
2026-06-02T21:13:21.320757,$GLGSV,67,,50
2026-06-02T21:13:21.320757,$GLGSV,68,,36
2026-06-02T21:13:21.320757,$GLGSV,77,,43
2026-06-02T21:13:21.321493,$GLGSV,78,,49
2026-06-02T21:13:21.321493,$GLGSV,79,,31
2026-06-02T21:13:21.322430,$GLGSV,66,,29
2026-06-02T21:13:21.322430,$GLGSV,67,,47
2026-06-02T21:13:21.322430,$GLGSV,68,,32
2026-06-02T21:13:21.322430,$GLGSV,78,,48
2026-06-02T21:13:21.323060,$GLGSV,79,,20
2026-06-02T21:13:21.324741,$GAGSV,05,,48
2026-06-02T21:13:21.324741,$GAGSV,06,,24
2026-06-02T21:13:21.324741,$GAGSV,09,,39
2026-06-02T21:13:21.324741,$GAGSV,16,,51
2026-06-02T21:13:21.325695,$GAGSV,25,,49
2026-06-02T21:13:21.325695,$GAGSV,31,,28
2026-06-02T21:13:21.325695,$GAGSV,34,,41
2026-06-02T21:13:21.325695,$GAGSV,36,,30
2026-06-02T21:13:21.326738,$GAGSV,05,,43
2026-06-02T21:13:21.326738,$GAGSV,16,,47
2026-06-02T21:13:21.326738,$GAGSV,25,,45
2026-06-02T21:13:21.326738,$GAGSV,34,,33
2026-06-02T21:13:21.328357,$GBGSV,06,,48
2026-06-02T21:13:21.328357,$GBGSV,07,,44
2026-06-02T21:13:21.328357,$GBGSV,09,,47
2026-06-02T21:13:21.328357,$GBGSV,10,,46
2026-06-02T21:13:21.329314,$GBGSV,23,,50
2026-06-02T21:13:21.329314,$GBGSV,24,,25
2026-06-02T21:13:21.329314,$GBGSV,25,,49
2026-06-02T21:13:21.329314,$GBGSV,33,,46
2026-06-02T21:13:21.330047,$GBGSV,09,,48
2026-06-02T21:13:21.330047,$GBGSV,10,,47
2026-06-02T21:13:22.316848,$GPGSV,10,,29
2026-06-02T21:13:22.316848,$GPGSV,25,,25
2026-06-02T21:13:22.316848,$GPGSV,26,,46
2026-06-02T21:13:22.316848,$GPGSV,28,,43
2026-06-02T21:13:22.317768,$GPGSV,29,,19
2026-06-02T21:13:22.317768,$GPGSV,31,,45
2026-06-02T21:13:22.317768,$GPGSV,32,,45
2026-06-02T21:13:22.317768,$GPGSV,40,,35
2026-06-02T21:13:22.318645,$GPGSV,41,,47
2026-06-02T21:13:22.318645,$GPGSV,42,,45
2026-06-02T21:13:22.319843,$GPGSV,01,,39
2026-06-02T21:13:22.319843,$GPGSV,10,,26
2026-06-02T21:13:22.319843,$GPGSV,23,,17
2026-06-02T21:13:22.319843,$GPGSV,25,,27
2026-06-02T21:13:22.321042,$GPGSV,26,,45
2026-06-02T21:13:22.321042,$GPGSV,28,,44
2026-06-02T21:13:22.321042,$GPGSV,31,,42
2026-06-02T21:13:22.321042,$GPGSV,32,,44
2026-06-02T21:13:22.323054,$GLGSV,66,,34
2026-06-02T21:13:22.323054,$GLGSV,67,,49
2026-06-02T21:13:22.323054,$GLGSV,68,,32
2026-06-02T21:13:22.323054,$GLGSV,77,,42
2026-06-02T21:13:22.323792,$GLGSV,78,,49
2026-06-02T21:13:22.323792,$GLGSV,79,,31
2026-06-02T21:13:22.324663,$GLGSV,66,,23
2026-06-02T21:13:22.324663,$GLGSV,67,,47
2026-06-02T21:13:22.324663,$GLGSV,68,,40
2026-06-02T21:13:22.324663,$GLGSV,78,,48
2026-06-02T21:13:22.325236,$GLGSV,79,,30
2026-06-02T21:13:22.326724,$GAGSV,05,,48
2026-06-02T21:13:22.326724,$GAGSV,06,,31
2026-06-02T21:13:22.326724,$GAGSV,09,,40
2026-06-02T21:13:22.326724,$GAGSV,16,,52
2026-06-02T21:13:22.327600,$GAGSV,25,,50
2026-06-02T21:13:22.327600,$GAGSV,31,,20
2026-06-02T21:13:22.327600,$GAGSV,34,,38
2026-06-02T21:13:22.327600,$GAGSV,36,,34
2026-06-02T21:13:22.328485,$GAGSV,05,,44
2026-06-02T21:13:22.328485,$GAGSV,16,,48
2026-06-02T21:13:22.328485,$GAGSV,25,,46
2026-06-02T21:13:22.328485,$GAGSV,34,,28
2026-06-02T21:13:22.329038,$GAGSV,36,,34
2026-06-02T21:13:22.330459,$GBGSV,06,,47
2026-06-02T21:13:22.330459,$GBGSV,07,,45
2026-06-02T21:13:22.330459,$GBGSV,09,,46
2026-06-02T21:13:22.330459,$GBGSV,10,,46
2026-06-02T21:13:22.331259,$GBGSV,23,,49
2026-06-02T21:13:22.331259,$GBGSV,24,,29
2026-06-02T21:13:22.331259,$GBGSV,25,,50
2026-06-02T21:13:22.331259,$GBGSV,33,,48
2026-06-02T21:13:22.331885,$GBGSV,09,,48
2026-06-02T21:13:22.331885,$GBGSV,10,,45
2026-06-02T21:13:23.319208,$GPGSV,10,,21
2026-06-02T21:13:23.319208,$GPGSV,16,,26
2026-06-02T21:13:23.319208,$GPGSV,25,,26
2026-06-02T21:13:23.319208,$GPGSV,26,,46
2026-06-02T21:13:23.320500,$GPGSV,28,,44
2026-06-02T21:13:23.320500,$GPGSV,29,,15
2026-06-02T21:13:23.320500,$GPGSV,31,,47
2026-06-02T21:13:23.320500,$GPGSV,32,,43
2026-06-02T21:13:23.321520,$GPGSV,40,,31
2026-06-02T21:13:23.321520,$GPGSV,41,,46
2026-06-02T21:13:23.321520,$GPGSV,42,,47
2026-06-02T21:13:23.322705,$GPGSV,01,,37
2026-06-02T21:13:23.322705,$GPGSV,10,,35
2026-06-02T21:13:23.322705,$GPGSV,23,,18
2026-06-02T21:13:23.322705,$GPGSV,25,,28
2026-06-02T21:13:23.323585,$GPGSV,26,,45
2026-06-02T21:13:23.323585,$GPGSV,28,,46
2026-06-02T21:13:23.323585,$GPGSV,31,,45
2026-06-02T21:13:23.323585,$GPGSV,32,,43
2026-06-02T21:13:23.325159,$GLGSV,66,,22
2026-06-02T21:13:23.325159,$GLGSV,67,,51
2026-06-02T21:13:23.325159,$GLGSV,68,,27
2026-06-02T21:13:23.325159,$GLGSV,77,,42
2026-06-02T21:13:23.325829,$GLGSV,78,,49
2026-06-02T21:13:23.325829,$GLGSV,79,,30
2026-06-02T21:13:23.326688,$GLGSV,66,,25
2026-06-02T21:13:23.326688,$GLGSV,67,,47
2026-06-02T21:13:23.326688,$GLGSV,68,,37
2026-06-02T21:13:23.326688,$GLGSV,78,,49
2026-06-02T21:13:23.327264,$GLGSV,79,,31
2026-06-02T21:13:23.328754,$GAGSV,05,,46
2026-06-02T21:13:23.328754,$GAGSV,06,,25
2026-06-02T21:13:23.328754,$GAGSV,09,,41
2026-06-02T21:13:23.328754,$GAGSV,16,,53
2026-06-02T21:13:23.329626,$GAGSV,25,,49
2026-06-02T21:13:23.329626,$GAGSV,31,,33
2026-06-02T21:13:23.329626,$GAGSV,34,,28
2026-06-02T21:13:23.329626,$GAGSV,36,,31
2026-06-02T21:13:23.330491,$GAGSV,05,,43
2026-06-02T21:13:23.330491,$GAGSV,16,,47
2026-06-02T21:13:23.330491,$GAGSV,25,,42
2026-06-02T21:13:23.330491,$GAGSV,34,,36
2026-06-02T21:13:23.331063,$GAGSV,36,,33
2026-06-02T21:13:23.332561,$GBGSV,06,,47
2026-06-02T21:13:23.332561,$GBGSV,07,,45
2026-06-02T21:13:23.332561,$GBGSV,09,,47
2026-06-02T21:13:23.332561,$GBGSV,10,,44
2026-06-02T21:13:23.333393,$GBGSV,23,,49
2026-06-02T21:13:23.333393,$GBGSV,24,,27
2026-06-02T21:13:23.333393,$GBGSV,25,,50
2026-06-02T21:13:23.333393,$GBGSV,33,,48
2026-06-02T21:13:23.334039,$GBGSV,09,,48
2026-06-02T21:13:23.334039,$GBGSV,10,,47
2026-06-02T21:13:24.310529,$GPGSV,10,,23
2026-06-02T21:13:24.310529,$GPGSV,16,,25
2026-06-02T21:13:24.310529,$GPGSV,25,,25
2026-06-02T21:13:24.310529,$GPGSV,26,,46
2026-06-02T21:13:24.311406,$GPGSV,28,,44
2026-06-02T21:13:24.311406,$GPGSV,29,,10
2026-06-02T21:13:24.311406,$GPGSV,31,,45
2026-06-02T21:13:24.311406,$GPGSV,32,,43
2026-06-02T21:13:24.312191,$GPGSV,40,,34
2026-06-02T21:13:24.312191,$GPGSV,41,,47
2026-06-02T21:13:24.312191,$GPGSV,42,,46
2026-06-02T21:13:24.313384,$GPGSV,01,,37
2026-06-02T21:13:24.313384,$GPGSV,10,,27
2026-06-02T21:13:24.313384,$GPGSV,23,,18
2026-06-02T21:13:24.313384,$GPGSV,25,,27
2026-06-02T21:13:24.314571,$GPGSV,26,,46
2026-06-02T21:13:24.314571,$GPGSV,28,,45
2026-06-02T21:13:24.314571,$GPGSV,31,,46
2026-06-02T21:13:24.314571,$GPGSV,32,,45
2026-06-02T21:13:24.316150,$GLGSV,66,,29
2026-06-02T21:13:24.316150,$GLGSV,67,,49
2026-06-02T21:13:24.316150,$GLGSV,68,,27
2026-06-02T21:13:24.316150,$GLGSV,77,,42
2026-06-02T21:13:24.317051,$GLGSV,78,,49
2026-06-02T21:13:24.317051,$GLGSV,79,,30
2026-06-02T21:13:24.317741,$GLGSV,66,,24
2026-06-02T21:13:24.317741,$GLGSV,67,,47
2026-06-02T21:13:24.317741,$GLGSV,68,,37
2026-06-02T21:13:24.317741,$GLGSV,78,,47
2026-06-02T21:13:24.318137,$GLGSV,79,,31
2026-06-02T21:13:24.319494,$GAGSV,05,,46
2026-06-02T21:13:24.319494,$GAGSV,06,,25
2026-06-02T21:13:24.319494,$GAGSV,09,,37
2026-06-02T21:13:24.319494,$GAGSV,16,,51
2026-06-02T21:13:24.320360,$GAGSV,25,,48
2026-06-02T21:13:24.320360,$GAGSV,31,,33
2026-06-02T21:13:24.320360,$GAGSV,34,,27
2026-06-02T21:13:24.320360,$GAGSV,36,,31
2026-06-02T21:13:24.321186,$GAGSV,05,,42
2026-06-02T21:13:24.321186,$GAGSV,16,,47
2026-06-02T21:13:24.321186,$GAGSV,25,,43
2026-06-02T21:13:24.321186,$GAGSV,34,,32
2026-06-02T21:13:24.322614,$GBGSV,06,,48
2026-06-02T21:13:24.322614,$GBGSV,07,,45
2026-06-02T21:13:24.322614,$GBGSV,09,,47
2026-06-02T21:13:24.322614,$GBGSV,10,,44
2026-06-02T21:13:24.323406,$GBGSV,23,,48
2026-06-02T21:13:24.323406,$GBGSV,24,,28
2026-06-02T21:13:24.323406,$GBGSV,25,,49
2026-06-02T21:13:24.323406,$GBGSV,33,,46
2026-06-02T21:13:24.324060,$GBGSV,09,,48
2026-06-02T21:13:24.324060,$GBGSV,10,,47
2026-06-02T21:13:25.316000,$GPGSV,10,,24
2026-06-02T21:13:25.316000,$GPGSV,25,,25
2026-06-02T21:13:25.316000,$GPGSV,26,,47
2026-06-02T21:13:25.316000,$GPGSV,28,,43
2026-06-02T21:13:25.316704,$GPGSV,29,,08
2026-06-02T21:13:25.316704,$GPGSV,31,,45
2026-06-02T21:13:25.316704,$GPGSV,32,,47
2026-06-02T21:13:25.316704,$GPGSV,40,,29
2026-06-02T21:13:25.317210,$GPGSV,41,,45
2026-06-02T21:13:25.317210,$GPGSV,42,,45
2026-06-02T21:13:25.317886,$GPGSV,01,,37
2026-06-02T21:13:25.317886,$GPGSV,10,,25
2026-06-02T21:13:25.317886,$GPGSV,23,,18
2026-06-02T21:13:25.317886,$GPGSV,25,,32
2026-06-02T21:13:25.318562,$GPGSV,26,,46
2026-06-02T21:13:25.318562,$GPGSV,28,,45
2026-06-02T21:13:25.318562,$GPGSV,31,,43
2026-06-02T21:13:25.318562,$GPGSV,32,,45
2026-06-02T21:13:25.320202,$GLGSV,66,,30
2026-06-02T21:13:25.320202,$GLGSV,67,,49
2026-06-02T21:13:25.320202,$GLGSV,68,,33
2026-06-02T21:13:25.320202,$GLGSV,77,,42
2026-06-02T21:13:25.320686,$GLGSV,78,,48
2026-06-02T21:13:25.320686,$GLGSV,79,,29
2026-06-02T21:13:25.321361,$GLGSV,66,,22
2026-06-02T21:13:25.321361,$GLGSV,67,,47
2026-06-02T21:13:25.321361,$GLGSV,68,,26
2026-06-02T21:13:25.321361,$GLGSV,78,,49
2026-06-02T21:13:25.321749,$GLGSV,79,,27
2026-06-02T21:13:25.322956,$GAGSV,05,,46
2026-06-02T21:13:25.322956,$GAGSV,06,,24
2026-06-02T21:13:25.322956,$GAGSV,09,,39
2026-06-02T21:13:25.322956,$GAGSV,16,,52
2026-06-02T21:13:25.323919,$GAGSV,25,,48
2026-06-02T21:13:25.323919,$GAGSV,31,,29
2026-06-02T21:13:25.323919,$GAGSV,34,,32
2026-06-02T21:13:25.323919,$GAGSV,36,,26
2026-06-02T21:13:25.324751,$GAGSV,05,,43
2026-06-02T21:13:25.324751,$GAGSV,16,,47
2026-06-02T21:13:25.324751,$GAGSV,25,,42
2026-06-02T21:13:25.324751,$GAGSV,34,,35
2026-06-02T21:13:25.325306,$GAGSV,36,,37
2026-06-02T21:13:25.326738,$GBGSV,06,,48
2026-06-02T21:13:25.326738,$GBGSV,07,,45
2026-06-02T21:13:25.326738,$GBGSV,09,,46
2026-06-02T21:13:25.326738,$GBGSV,10,,46
2026-06-02T21:13:25.327534,$GBGSV,23,,45
2026-06-02T21:13:25.327534,$GBGSV,24,,27
2026-06-02T21:13:25.327534,$GBGSV,25,,49
2026-06-02T21:13:25.327534,$GBGSV,33,,47
2026-06-02T21:13:25.328167,$GBGSV,09,,49
2026-06-02T21:13:25.328167,$GBGSV,10,,46
2026-06-02T21:13:26.314442,$GPGSV,10,,25
2026-06-02T21:13:26.314442,$GPGSV,25,,25
2026-06-02T21:13:26.314442,$GPGSV,26,,47
2026-06-02T21:13:26.314442,$GPGSV,28,,43
2026-06-02T21:13:26.315369,$GPGSV,29,,08
2026-06-02T21:13:26.315369,$GPGSV,31,,48
2026-06-02T21:13:26.315369,$GPGSV,32,,47
2026-06-02T21:13:26.315369,$GPGSV,40,,33
2026-06-02T21:13:26.316203,$GPGSV,41,,46
2026-06-02T21:13:26.316203,$GPGSV,42,,46
2026-06-02T21:13:26.317253,$GPGSV,01,,40
2026-06-02T21:13:26.317253,$GPGSV,10,,24
2026-06-02T21:13:26.317253,$GPGSV,23,,19
2026-06-02T21:13:26.317253,$GPGSV,25,,27
2026-06-02T21:13:26.318297,$GPGSV,26,,47
2026-06-02T21:13:26.318297,$GPGSV,28,,45
2026-06-02T21:13:26.318297,$GPGSV,31,,46
2026-06-02T21:13:26.318297,$GPGSV,32,,47
2026-06-02T21:13:26.320752,$GLGSV,66,,28
2026-06-02T21:13:26.320752,$GLGSV,67,,48
2026-06-02T21:13:26.320752,$GLGSV,68,,28
2026-06-02T21:13:26.320752,$GLGSV,77,,41
2026-06-02T21:13:26.321563,$GLGSV,78,,46
2026-06-02T21:13:26.321563,$GLGSV,79,,33
2026-06-02T21:13:26.322598,$GLGSV,66,,26
2026-06-02T21:13:26.322598,$GLGSV,67,,46
2026-06-02T21:13:26.322598,$GLGSV,68,,27
2026-06-02T21:13:26.322598,$GLGSV,78,,48
2026-06-02T21:13:26.323295,$GLGSV,79,,27
2026-06-02T21:13:26.325092,$GAGSV,05,,48
2026-06-02T21:13:26.325092,$GAGSV,06,,23
2026-06-02T21:13:26.325092,$GAGSV,09,,33
2026-06-02T21:13:26.325092,$GAGSV,16,,53
2026-06-02T21:13:26.326131,$GAGSV,25,,48
2026-06-02T21:13:26.326131,$GAGSV,31,,33
2026-06-02T21:13:26.326131,$GAGSV,34,,38
2026-06-02T21:13:26.326131,$GAGSV,36,,25
2026-06-02T21:13:26.327203,$GAGSV,05,,43
2026-06-02T21:13:26.327203,$GAGSV,16,,47
2026-06-02T21:13:26.327203,$GAGSV,25,,42
2026-06-02T21:13:26.327203,$GAGSV,34,,37
2026-06-02T21:13:26.329059,$GBGSV,06,,47
2026-06-02T21:13:26.329059,$GBGSV,07,,43
2026-06-02T21:13:26.329059,$GBGSV,09,,48
2026-06-02T21:13:26.329059,$GBGSV,10,,45
2026-06-02T21:13:26.330093,$GBGSV,23,,47
2026-06-02T21:13:26.330093,$GBGSV,24,,27
2026-06-02T21:13:26.330093,$GBGSV,25,,49
2026-06-02T21:13:26.330093,$GBGSV,33,,49
2026-06-02T21:13:26.330901,$GBGSV,09,,49
2026-06-02T21:13:26.330901,$GBGSV,10,,45
2026-06-02T21:13:27.317578,$GPGSV,02,,27
2026-06-02T21:13:27.317578,$GPGSV,10,,32
2026-06-02T21:13:27.317578,$GPGSV,25,,25
2026-06-02T21:13:27.317578,$GPGSV,26,,47
2026-06-02T21:13:27.318641,$GPGSV,28,,43
2026-06-02T21:13:27.318641,$GPGSV,29,,09
2026-06-02T21:13:27.318641,$GPGSV,31,,46
2026-06-02T21:13:27.318641,$GPGSV,32,,43
2026-06-02T21:13:27.319525,$GPGSV,40,,34
2026-06-02T21:13:27.319525,$GPGSV,41,,44
2026-06-02T21:13:27.319525,$GPGSV,42,,48
2026-06-02T21:13:27.320543,$GPGSV,01,,34
2026-06-02T21:13:27.320543,$GPGSV,10,,29
2026-06-02T21:13:27.320543,$GPGSV,23,,19
2026-06-02T21:13:27.320543,$GPGSV,25,,27
2026-06-02T21:13:27.321510,$GPGSV,26,,44
2026-06-02T21:13:27.321510,$GPGSV,28,,44
2026-06-02T21:13:27.321510,$GPGSV,31,,47
2026-06-02T21:13:27.321510,$GPGSV,32,,45
2026-06-02T21:13:27.323142,$GLGSV,66,,28
2026-06-02T21:13:27.323142,$GLGSV,67,,47
2026-06-02T21:13:27.323142,$GLGSV,68,,37
2026-06-02T21:13:27.323142,$GLGSV,77,,40
2026-06-02T21:13:27.323851,$GLGSV,78,,49
2026-06-02T21:13:27.323851,$GLGSV,79,,27
2026-06-02T21:13:27.324754,$GLGSV,66,,26
2026-06-02T21:13:27.324754,$GLGSV,67,,47
2026-06-02T21:13:27.324754,$GLGSV,68,,36
2026-06-02T21:13:27.324754,$GLGSV,78,,48
2026-06-02T21:13:27.325354,$GLGSV,79,,26
2026-06-02T21:13:27.326906,$GAGSV,05,,49
2026-06-02T21:13:27.326906,$GAGSV,06,,30
2026-06-02T21:13:27.326906,$GAGSV,09,,40
2026-06-02T21:13:27.326906,$GAGSV,16,,52
2026-06-02T21:13:27.327831,$GAGSV,25,,50
2026-06-02T21:13:27.327831,$GAGSV,31,,29
2026-06-02T21:13:27.327831,$GAGSV,34,,36
2026-06-02T21:13:27.327831,$GAGSV,36,,34
2026-06-02T21:13:27.328819,$GAGSV,05,,40
2026-06-02T21:13:27.328819,$GAGSV,16,,46
2026-06-02T21:13:27.328819,$GAGSV,25,,43
2026-06-02T21:13:27.328819,$GAGSV,34,,31
2026-06-02T21:13:27.330392,$GBGSV,06,,48
2026-06-02T21:13:27.330392,$GBGSV,07,,45
2026-06-02T21:13:27.330392,$GBGSV,09,,47
2026-06-02T21:13:27.330392,$GBGSV,10,,46
2026-06-02T21:13:27.331272,$GBGSV,23,,44
2026-06-02T21:13:27.331272,$GBGSV,24,,25
2026-06-02T21:13:27.331272,$GBGSV,25,,49
2026-06-02T21:13:27.331272,$GBGSV,33,,51
2026-06-02T21:13:27.331956,$GBGSV,09,,50
2026-06-02T21:13:27.331956,$GBGSV,10,,47
2026-06-02T21:13:28.317907,$GPGSV,10,,34
2026-06-02T21:13:28.317907,$GPGSV,25,,23
2026-06-02T21:13:28.317907,$GPGSV,26,,47
2026-06-02T21:13:28.317907,$GPGSV,28,,43
2026-06-02T21:13:28.318916,$GPGSV,29,,09
2026-06-02T21:13:28.318916,$GPGSV,31,,49
2026-06-02T21:13:28.318916,$GPGSV,32,,45
2026-06-02T21:13:28.318916,$GPGSV,40,,30
2026-06-02T21:13:28.319803,$GPGSV,41,,44
2026-06-02T21:13:28.319803,$GPGSV,42,,46
2026-06-02T21:13:28.320754,$GPGSV,01,,39
2026-06-02T21:13:28.320754,$GPGSV,10,,33
2026-06-02T21:13:28.320754,$GPGSV,23,,20
2026-06-02T21:13:28.320754,$GPGSV,25,,27
2026-06-02T21:13:28.321662,$GPGSV,26,,45
2026-06-02T21:13:28.321662,$GPGSV,28,,44
2026-06-02T21:13:28.321662,$GPGSV,31,,45
2026-06-02T21:13:28.321662,$GPGSV,32,,44
2026-06-02T21:13:28.323784,$GLGSV,66,,28
2026-06-02T21:13:28.323784,$GLGSV,67,,46
2026-06-02T21:13:28.323784,$GLGSV,68,,34
2026-06-02T21:13:28.323784,$GLGSV,77,,41
2026-06-02T21:13:28.324489,$GLGSV,78,,48
2026-06-02T21:13:28.324489,$GLGSV,79,,34
2026-06-02T21:13:28.325391,$GLGSV,66,,30
2026-06-02T21:13:28.325391,$GLGSV,67,,48
2026-06-02T21:13:28.325391,$GLGSV,68,,39
2026-06-02T21:13:28.325391,$GLGSV,78,,48
2026-06-02T21:13:28.325994,$GLGSV,79,,26
2026-06-02T21:13:28.327535,$GAGSV,05,,45
2026-06-02T21:13:28.327535,$GAGSV,06,,22
2026-06-02T21:13:28.327535,$GAGSV,09,,38
2026-06-02T21:13:28.327535,$GAGSV,16,,52
2026-06-02T21:13:28.328448,$GAGSV,25,,48
2026-06-02T21:13:28.328448,$GAGSV,31,,33
2026-06-02T21:13:28.328448,$GAGSV,34,,44
2026-06-02T21:13:28.328448,$GAGSV,36,,31
2026-06-02T21:13:28.329315,$GAGSV,05,,42
2026-06-02T21:13:28.329315,$GAGSV,09,,31
2026-06-02T21:13:28.329315,$GAGSV,16,,45
2026-06-02T21:13:28.329315,$GAGSV,25,,43
2026-06-02T21:13:28.329890,$GAGSV,34,,34
2026-06-02T21:13:28.331450,$GBGSV,06,,49
2026-06-02T21:13:28.331450,$GBGSV,07,,45
2026-06-02T21:13:28.331450,$GBGSV,09,,47
2026-06-02T21:13:28.331450,$GBGSV,10,,46
2026-06-02T21:13:28.332346,$GBGSV,23,,43
2026-06-02T21:13:28.332346,$GBGSV,24,,25
2026-06-02T21:13:28.332346,$GBGSV,25,,48
2026-06-02T21:13:28.332346,$GBGSV,33,,48
2026-06-02T21:13:28.333021,$GBGSV,09,,49
2026-06-02T21:13:28.333021,$GBGSV,10,,48
2026-06-02T21:13:29.324462,$GPGSV,10,,36
2026-06-02T21:13:29.324462,$GPGSV,25,,24
2026-06-02T21:13:29.324462,$GPGSV,26,,47
2026-06-02T21:13:29.324462,$GPGSV,28,,43
2026-06-02T21:13:29.326633,$GPGSV,29,,09
2026-06-02T21:13:29.326633,$GPGSV,31,,46
2026-06-02T21:13:29.326633,$GPGSV,32,,45
2026-06-02T21:13:29.326633,$GPGSV,40,,29
2026-06-02T21:13:29.328334,$GPGSV,41,,45
2026-06-02T21:13:29.328334,$GPGSV,42,,43
2026-06-02T21:13:29.330440,$GPGSV,01,,40
2026-06-02T21:13:29.330440,$GPGSV,10,,32
2026-06-02T21:13:29.330440,$GPGSV,23,,20
2026-06-02T21:13:29.330440,$GPGSV,25,,27
2026-06-02T21:13:29.332669,$GPGSV,26,,48
2026-06-02T21:13:29.332669,$GPGSV,28,,46
2026-06-02T21:13:29.332669,$GPGSV,31,,44
2026-06-02T21:13:29.332669,$GPGSV,32,,44
2026-06-02T21:13:29.337697,$GLGSV,66,,26
2026-06-02T21:13:29.337697,$GLGSV,67,,49
2026-06-02T21:13:29.337697,$GLGSV,68,,28
2026-06-02T21:13:29.337697,$GLGSV,77,,41
2026-06-02T21:13:29.339370,$GLGSV,78,,47
2026-06-02T21:13:29.339370,$GLGSV,79,,24
2026-06-02T21:13:29.341501,$GLGSV,66,,23
2026-06-02T21:13:29.341501,$GLGSV,67,,48
2026-06-02T21:13:29.341501,$GLGSV,68,,39
2026-06-02T21:13:29.341501,$GLGSV,78,,48
2026-06-02T21:13:29.342915,$GLGSV,79,,25
2026-06-02T21:13:29.346265,$GAGSV,05,,46
2026-06-02T21:13:29.346265,$GAGSV,06,,30
2026-06-02T21:13:29.346265,$GAGSV,09,,37
2026-06-02T21:13:29.346265,$GAGSV,16,,50
2026-06-02T21:13:29.347808,$GAGSV,25,,50
2026-06-02T21:13:29.347808,$GAGSV,31,,36
2026-06-02T21:13:29.347808,$GAGSV,34,,42
2026-06-02T21:13:29.347808,$GAGSV,36,,29
2026-06-02T21:13:29.349312,$GAGSV,05,,43
2026-06-02T21:13:29.349312,$GAGSV,16,,44
2026-06-02T21:13:29.349312,$GAGSV,25,,44
2026-06-02T21:13:29.349312,$GAGSV,34,,34
2026-06-02T21:13:29.350309,$GAGSV,36,,33
2026-06-02T21:13:29.352371,$GBGSV,06,,48
2026-06-02T21:13:29.352371,$GBGSV,07,,46
2026-06-02T21:13:29.352371,$GBGSV,09,,47
2026-06-02T21:13:29.352371,$GBGSV,10,,46
2026-06-02T21:13:29.353525,$GBGSV,23,,37
2026-06-02T21:13:29.353525,$GBGSV,24,,26
2026-06-02T21:13:29.353525,$GBGSV,25,,49
2026-06-02T21:13:29.353525,$GBGSV,33,,49
2026-06-02T21:13:29.354470,$GBGSV,09,,49
2026-06-02T21:13:29.354470,$GBGSV,10,,48
2026-06-02T21:13:30.319785,$GPGSV,10,,33
2026-06-02T21:13:30.319785,$GPGSV,25,,23
2026-06-02T21:13:30.319785,$GPGSV,26,,46
2026-06-02T21:13:30.319785,$GPGSV,28,,46
2026-06-02T21:13:30.320663,$GPGSV,29,,08
2026-06-02T21:13:30.320663,$GPGSV,31,,45
2026-06-02T21:13:30.320663,$GPGSV,32,,45
2026-06-02T21:13:30.320663,$GPGSV,40,,40
2026-06-02T21:13:30.321340,$GPGSV,41,,40
2026-06-02T21:13:30.321340,$GPGSV,42,,45
2026-06-02T21:13:30.322208,$GPGSV,01,,36
2026-06-02T21:13:30.322208,$GPGSV,10,,32
2026-06-02T21:13:30.322208,$GPGSV,23,,18
2026-06-02T21:13:30.322208,$GPGSV,25,,26
2026-06-02T21:13:30.323069,$GPGSV,26,,47
2026-06-02T21:13:30.323069,$GPGSV,28,,46
2026-06-02T21:13:30.323069,$GPGSV,31,,42
2026-06-02T21:13:30.323069,$GPGSV,32,,46
2026-06-02T21:13:30.325148,$GLGSV,66,,26
2026-06-02T21:13:30.325148,$GLGSV,67,,47
2026-06-02T21:13:30.325148,$GLGSV,68,,28
2026-06-02T21:13:30.325148,$GLGSV,77,,39
2026-06-02T21:13:30.325821,$GLGSV,78,,47
2026-06-02T21:13:30.325821,$GLGSV,79,,26
2026-06-02T21:13:30.326690,$GLGSV,66,,29
2026-06-02T21:13:30.326690,$GLGSV,67,,45
2026-06-02T21:13:30.326690,$GLGSV,68,,36
2026-06-02T21:13:30.326690,$GLGSV,78,,49
2026-06-02T21:13:30.327266,$GLGSV,79,,25
2026-06-02T21:13:30.328732,$GAGSV,05,,45
2026-06-02T21:13:30.328732,$GAGSV,06,,23
2026-06-02T21:13:30.328732,$GAGSV,09,,41
2026-06-02T21:13:30.328732,$GAGSV,16,,52
2026-06-02T21:13:30.329572,$GAGSV,25,,49
2026-06-02T21:13:30.329572,$GAGSV,31,,29
2026-06-02T21:13:30.329572,$GAGSV,34,,40
2026-06-02T21:13:30.329572,$GAGSV,36,,40
2026-06-02T21:13:30.330410,$GAGSV,05,,42
2026-06-02T21:13:30.330410,$GAGSV,09,,33
2026-06-02T21:13:30.330410,$GAGSV,16,,44
2026-06-02T21:13:30.330410,$GAGSV,25,,43
2026-06-02T21:13:30.331067,$GAGSV,34,,29
2026-06-02T21:13:30.331067,$GAGSV,36,,30
2026-06-02T21:13:30.332604,$GBGSV,06,,47
2026-06-02T21:13:30.332604,$GBGSV,07,,47
2026-06-02T21:13:30.332604,$GBGSV,09,,47
2026-06-02T21:13:30.332604,$GBGSV,10,,44
2026-06-02T21:13:30.333404,$GBGSV,23,,43
2026-06-02T21:13:30.333404,$GBGSV,24,,26
2026-06-02T21:13:30.333404,$GBGSV,25,,50
2026-06-02T21:13:30.333404,$GBGSV,33,,49
2026-06-02T21:13:30.334021,$GBGSV,09,,49
2026-06-02T21:13:30.334021,$GBGSV,10,,48
2026-06-02T21:13:31.314921,$GPGSV,10,,29
2026-06-02T21:13:31.314921,$GPGSV,25,,23
2026-06-02T21:13:31.314921,$GPGSV,26,,47
2026-06-02T21:13:31.314921,$GPGSV,28,,45
2026-06-02T21:13:31.315812,$GPGSV,29,,07
2026-06-02T21:13:31.315812,$GPGSV,31,,44
2026-06-02T21:13:31.315812,$GPGSV,32,,45
2026-06-02T21:13:31.315812,$GPGSV,40,,29
2026-06-02T21:13:31.316491,$GPGSV,41,,43
2026-06-02T21:13:31.316491,$GPGSV,42,,44
2026-06-02T21:13:31.317354,$GPGSV,01,,36
2026-06-02T21:13:31.317354,$GPGSV,10,,35
2026-06-02T21:13:31.317354,$GPGSV,23,,15
2026-06-02T21:13:31.317354,$GPGSV,25,,26
2026-06-02T21:13:31.318220,$GPGSV,26,,45
2026-06-02T21:13:31.318220,$GPGSV,28,,44
2026-06-02T21:13:31.318220,$GPGSV,31,,41
2026-06-02T21:13:31.318220,$GPGSV,32,,44
2026-06-02T21:13:31.320249,$GLGSV,66,,30
2026-06-02T21:13:31.320249,$GLGSV,67,,48
2026-06-02T21:13:31.320249,$GLGSV,68,,28
2026-06-02T21:13:31.320249,$GLGSV,77,,39
2026-06-02T21:13:31.320919,$GLGSV,78,,49
2026-06-02T21:13:31.320919,$GLGSV,79,,27
2026-06-02T21:13:31.321785,$GLGSV,66,,22
2026-06-02T21:13:31.321785,$GLGSV,67,,46
2026-06-02T21:13:31.321785,$GLGSV,68,,33
2026-06-02T21:13:31.321785,$GLGSV,78,,48
2026-06-02T21:13:31.322360,$GLGSV,79,,25
2026-06-02T21:13:31.323862,$GAGSV,05,,46
2026-06-02T21:13:31.323862,$GAGSV,06,,26
2026-06-02T21:13:31.323862,$GAGSV,09,,26
2026-06-02T21:13:31.323862,$GAGSV,16,,52
2026-06-02T21:13:31.324735,$GAGSV,25,,47
2026-06-02T21:13:31.324735,$GAGSV,31,,29
2026-06-02T21:13:31.324735,$GAGSV,34,,40
2026-06-02T21:13:31.324735,$GAGSV,36,,29
2026-06-02T21:13:31.325603,$GAGSV,05,,41
2026-06-02T21:13:31.325603,$GAGSV,16,,44
2026-06-02T21:13:31.325603,$GAGSV,25,,43
2026-06-02T21:13:31.325603,$GAGSV,34,,33
2026-06-02T21:13:31.327051,$GBGSV,06,,46
2026-06-02T21:13:31.327051,$GBGSV,07,,45
2026-06-02T21:13:31.327051,$GBGSV,09,,46
2026-06-02T21:13:31.327051,$GBGSV,10,,45
2026-06-02T21:13:31.327950,$GBGSV,23,,39
2026-06-02T21:13:31.327950,$GBGSV,24,,26
2026-06-02T21:13:31.327950,$GBGSV,25,,49
2026-06-02T21:13:31.327950,$GBGSV,33,,50
2026-06-02T21:13:31.328570,$GBGSV,09,,50
2026-06-02T21:13:31.328570,$GBGSV,10,,47
2026-06-02T21:13:32.317408,$GPGSV,10,,22
2026-06-02T21:13:32.317408,$GPGSV,25,,21
2026-06-02T21:13:32.317408,$GPGSV,26,,46
2026-06-02T21:13:32.317408,$GPGSV,28,,46
2026-06-02T21:13:32.318322,$GPGSV,31,,46
2026-06-02T21:13:32.318322,$GPGSV,32,,46
2026-06-02T21:13:32.318322,$GPGSV,40,,30
2026-06-02T21:13:32.318322,$GPGSV,41,,43
2026-06-02T21:13:32.318924,$GPGSV,42,,44
2026-06-02T21:13:32.319844,$GPGSV,01,,29
2026-06-02T21:13:32.319844,$GPGSV,10,,31
2026-06-02T21:13:32.319844,$GPGSV,23,,11
2026-06-02T21:13:32.319844,$GPGSV,25,,24
2026-06-02T21:13:32.320748,$GPGSV,26,,46
2026-06-02T21:13:32.320748,$GPGSV,28,,44
2026-06-02T21:13:32.320748,$GPGSV,31,,43
2026-06-02T21:13:32.320748,$GPGSV,32,,45
2026-06-02T21:13:32.322947,$GLGSV,66,,26
2026-06-02T21:13:32.322947,$GLGSV,67,,49
2026-06-02T21:13:32.322947,$GLGSV,68,,35
2026-06-02T21:13:32.322947,$GLGSV,77,,40
2026-06-02T21:13:32.323755,$GLGSV,78,,49
2026-06-02T21:13:32.323755,$GLGSV,79,,25
2026-06-02T21:13:32.324660,$GLGSV,66,,21
2026-06-02T21:13:32.324660,$GLGSV,67,,47
2026-06-02T21:13:32.324660,$GLGSV,68,,35
2026-06-02T21:13:32.324660,$GLGSV,78,,48
2026-06-02T21:13:32.325263,$GLGSV,79,,25
2026-06-02T21:13:32.326737,$GAGSV,05,,47
2026-06-02T21:13:32.326737,$GAGSV,06,,31
2026-06-02T21:13:32.326737,$GAGSV,09,,33
2026-06-02T21:13:32.326737,$GAGSV,16,,52
2026-06-02T21:13:32.327627,$GAGSV,25,,47
2026-06-02T21:13:32.327627,$GAGSV,31,,34
2026-06-02T21:13:32.327627,$GAGSV,34,,44
2026-06-02T21:13:32.327627,$GAGSV,36,,31
2026-06-02T21:13:32.328497,$GAGSV,05,,40
2026-06-02T21:13:32.328497,$GAGSV,09,,34
2026-06-02T21:13:32.328497,$GAGSV,16,,45
2026-06-02T21:13:32.328497,$GAGSV,25,,43
2026-06-02T21:13:32.329074,$GAGSV,34,,39
2026-06-02T21:13:32.330621,$GBGSV,06,,47
2026-06-02T21:13:32.330621,$GBGSV,07,,46
2026-06-02T21:13:32.330621,$GBGSV,09,,47
2026-06-02T21:13:32.330621,$GBGSV,10,,47
2026-06-02T21:13:32.331487,$GBGSV,23,,39
2026-06-02T21:13:32.331487,$GBGSV,24,,27
2026-06-02T21:13:32.331487,$GBGSV,25,,49
2026-06-02T21:13:32.331487,$GBGSV,33,,50
2026-06-02T21:13:32.332176,$GBGSV,09,,49
2026-06-02T21:13:32.332176,$GBGSV,10,,48
2026-06-02T21:13:33.313194,$GPGSV,03,,27
2026-06-02T21:13:33.313194,$GPGSV,10,,23
2026-06-02T21:13:33.313194,$GPGSV,25,,19
2026-06-02T21:13:33.313194,$GPGSV,26,,45
2026-06-02T21:13:33.314068,$GPGSV,28,,44
2026-06-02T21:13:33.314068,$GPGSV,31,,45
2026-06-02T21:13:33.314068,$GPGSV,32,,46
2026-06-02T21:13:33.314068,$GPGSV,40,,30
2026-06-02T21:13:33.314742,$GPGSV,41,,42
2026-06-02T21:13:33.314742,$GPGSV,42,,45
2026-06-02T21:13:33.315610,$GPGSV,01,,36
2026-06-02T21:13:33.315610,$GPGSV,10,,25
2026-06-02T21:13:33.315610,$GPGSV,23,,11
2026-06-02T21:13:33.315610,$GPGSV,25,,25
2026-06-02T21:13:33.316474,$GPGSV,26,,44
2026-06-02T21:13:33.316474,$GPGSV,28,,44
2026-06-02T21:13:33.316474,$GPGSV,31,,43
2026-06-02T21:13:33.316474,$GPGSV,32,,45
2026-06-02T21:13:33.318497,$GLGSV,66,,26
2026-06-02T21:13:33.318497,$GLGSV,67,,47
2026-06-02T21:13:33.318497,$GLGSV,68,,41
2026-06-02T21:13:33.318497,$GLGSV,77,,38
2026-06-02T21:13:33.319166,$GLGSV,78,,47
2026-06-02T21:13:33.319166,$GLGSV,79,,25
2026-06-02T21:13:33.320038,$GLGSV,66,,29
2026-06-02T21:13:33.320038,$GLGSV,67,,47
2026-06-02T21:13:33.320038,$GLGSV,68,,32
2026-06-02T21:13:33.320038,$GLGSV,78,,49
2026-06-02T21:13:33.320612,$GLGSV,79,,31
2026-06-02T21:13:33.322104,$GAGSV,05,,46
2026-06-02T21:13:33.322104,$GAGSV,06,,30
2026-06-02T21:13:33.322104,$GAGSV,09,,35
2026-06-02T21:13:33.322104,$GAGSV,16,,52
2026-06-02T21:13:33.322967,$GAGSV,25,,47
2026-06-02T21:13:33.322967,$GAGSV,31,,30
2026-06-02T21:13:33.322967,$GAGSV,34,,39
2026-06-02T21:13:33.322967,$GAGSV,36,,35
2026-06-02T21:13:33.324031,$GAGSV,05,,36
2026-06-02T21:13:33.324031,$GAGSV,09,,34
2026-06-02T21:13:33.324031,$GAGSV,16,,46
2026-06-02T21:13:33.324031,$GAGSV,25,,43
2026-06-02T21:13:33.324683,$GAGSV,34,,37
2026-06-02T21:13:33.324683,$GAGSV,36,,33
2026-06-02T21:13:33.326096,$GBGSV,06,,47
2026-06-02T21:13:33.326096,$GBGSV,07,,46
2026-06-02T21:13:33.326096,$GBGSV,09,,48
2026-06-02T21:13:33.326096,$GBGSV,10,,46
2026-06-02T21:13:33.326892,$GBGSV,23,,39
2026-06-02T21:13:33.326892,$GBGSV,24,,27
2026-06-02T21:13:33.326892,$GBGSV,25,,50
2026-06-02T21:13:33.326892,$GBGSV,33,,48
2026-06-02T21:13:33.327509,$GBGSV,09,,50
2026-06-02T21:13:33.327509,$GBGSV,10,,46
2026-06-02T21:13:34.317884,$GPGSV,10,,22
2026-06-02T21:13:34.317884,$GPGSV,25,,19
2026-06-02T21:13:34.317884,$GPGSV,26,,47
2026-06-02T21:13:34.317884,$GPGSV,28,,44
2026-06-02T21:13:34.318762,$GPGSV,31,,46
2026-06-02T21:13:34.318762,$GPGSV,32,,46
2026-06-02T21:13:34.318762,$GPGSV,40,,37
2026-06-02T21:13:34.318762,$GPGSV,41,,41
2026-06-02T21:13:34.319341,$GPGSV,42,,47
2026-06-02T21:13:34.320217,$GPGSV,01,,38
2026-06-02T21:13:34.320217,$GPGSV,10,,24
2026-06-02T21:13:34.320217,$GPGSV,23,,13
2026-06-02T21:13:34.320217,$GPGSV,25,,26
2026-06-02T21:13:34.321080,$GPGSV,26,,45
2026-06-02T21:13:34.321080,$GPGSV,28,,45
2026-06-02T21:13:34.321080,$GPGSV,31,,42
2026-06-02T21:13:34.321080,$GPGSV,32,,42
2026-06-02T21:13:34.323175,$GLGSV,66,,28
2026-06-02T21:13:34.323175,$GLGSV,67,,48
2026-06-02T21:13:34.323175,$GLGSV,68,,35
2026-06-02T21:13:34.323175,$GLGSV,77,,42
2026-06-02T21:13:34.323858,$GLGSV,78,,48
2026-06-02T21:13:34.323858,$GLGSV,79,,30
2026-06-02T21:13:34.324723,$GLGSV,66,,22
2026-06-02T21:13:34.324723,$GLGSV,67,,45
2026-06-02T21:13:34.324723,$GLGSV,68,,32
2026-06-02T21:13:34.324723,$GLGSV,78,,46
2026-06-02T21:13:34.325306,$GLGSV,79,,28
2026-06-02T21:13:34.326780,$GAGSV,05,,46
2026-06-02T21:13:34.326780,$GAGSV,06,,29
2026-06-02T21:13:34.326780,$GAGSV,09,,32
2026-06-02T21:13:34.326780,$GAGSV,16,,51
2026-06-02T21:13:34.327660,$GAGSV,25,,49
2026-06-02T21:13:34.327660,$GAGSV,31,,23
2026-06-02T21:13:34.327660,$GAGSV,34,,42
2026-06-02T21:13:34.327660,$GAGSV,36,,38
2026-06-02T21:13:34.328521,$GAGSV,05,,38
2026-06-02T21:13:34.328521,$GAGSV,09,,33
2026-06-02T21:13:34.328521,$GAGSV,16,,45
2026-06-02T21:13:34.328521,$GAGSV,25,,44
2026-06-02T21:13:34.329074,$GAGSV,34,,39
2026-06-02T21:13:34.330553,$GBGSV,06,,48
2026-06-02T21:13:34.330553,$GBGSV,07,,47
2026-06-02T21:13:34.330553,$GBGSV,09,,47
2026-06-02T21:13:34.330553,$GBGSV,10,,46
2026-06-02T21:13:34.331445,$GBGSV,23,,38
2026-06-02T21:13:34.331445,$GBGSV,24,,32
2026-06-02T21:13:34.331445,$GBGSV,25,,50
2026-06-02T21:13:34.331445,$GBGSV,33,,51
2026-06-02T21:13:34.332102,$GBGSV,09,,49
2026-06-02T21:13:34.332102,$GBGSV,10,,47
2026-06-02T21:13:35.322085,$GPGSV,10,,29
2026-06-02T21:13:35.322085,$GPGSV,25,,26
2026-06-02T21:13:35.322085,$GPGSV,26,,47
2026-06-02T21:13:35.322085,$GPGSV,28,,43
2026-06-02T21:13:35.323044,$GPGSV,31,,44
2026-06-02T21:13:35.323044,$GPGSV,32,,47
2026-06-02T21:13:35.323044,$GPGSV,40,,37
2026-06-02T21:13:35.323044,$GPGSV,41,,45
2026-06-02T21:13:35.323708,$GPGSV,42,,46
2026-06-02T21:13:35.324613,$GPGSV,01,,33
2026-06-02T21:13:35.324613,$GPGSV,10,,21
2026-06-02T21:13:35.324613,$GPGSV,23,,14
2026-06-02T21:13:35.324613,$GPGSV,25,,25
2026-06-02T21:13:35.325513,$GPGSV,26,,45
2026-06-02T21:13:35.325513,$GPGSV,28,,45
2026-06-02T21:13:35.325513,$GPGSV,31,,41
2026-06-02T21:13:35.325513,$GPGSV,32,,43
2026-06-02T21:13:35.327721,$GLGSV,66,,29
2026-06-02T21:13:35.327721,$GLGSV,67,,48
2026-06-02T21:13:35.327721,$GLGSV,68,,32
2026-06-02T21:13:35.327721,$GLGSV,77,,39
2026-06-02T21:13:35.328422,$GLGSV,78,,47
2026-06-02T21:13:35.328422,$GLGSV,79,,29
2026-06-02T21:13:35.329323,$GLGSV,66,,33
2026-06-02T21:13:35.329323,$GLGSV,67,,45
2026-06-02T21:13:35.329323,$GLGSV,68,,35
2026-06-02T21:13:35.329323,$GLGSV,78,,48
2026-06-02T21:13:35.329937,$GLGSV,79,,27
2026-06-02T21:13:35.331420,$GAGSV,05,,44
2026-06-02T21:13:35.331420,$GAGSV,06,,29
2026-06-02T21:13:35.331420,$GAGSV,09,,35
2026-06-02T21:13:35.331420,$GAGSV,16,,50
2026-06-02T21:13:35.332300,$GAGSV,25,,49
2026-06-02T21:13:35.332300,$GAGSV,31,,24
2026-06-02T21:13:35.332300,$GAGSV,34,,36
2026-06-02T21:13:35.332300,$GAGSV,36,,39
2026-06-02T21:13:35.333166,$GAGSV,05,,42
2026-06-02T21:13:35.333166,$GAGSV,09,,33
2026-06-02T21:13:35.333166,$GAGSV,16,,46
2026-06-02T21:13:35.333166,$GAGSV,25,,44
2026-06-02T21:13:35.333838,$GAGSV,34,,35
2026-06-02T21:13:35.333838,$GAGSV,36,,33
2026-06-02T21:13:35.335312,$GBGSV,06,,47
2026-06-02T21:13:35.335312,$GBGSV,07,,45
2026-06-02T21:13:35.335312,$GBGSV,09,,46
2026-06-02T21:13:35.335312,$GBGSV,10,,46
2026-06-02T21:13:35.336184,$GBGSV,23,,27
2026-06-02T21:13:35.336184,$GBGSV,24,,26
2026-06-02T21:13:35.336184,$GBGSV,25,,50
2026-06-02T21:13:35.336184,$GBGSV,33,,49
2026-06-02T21:13:35.336856,$GBGSV,09,,49
2026-06-02T21:13:35.336856,$GBGSV,10,,47
2026-06-02T21:13:36.316628,$GPGSV,10,,35
2026-06-02T21:13:36.316628,$GPGSV,25,,22
2026-06-02T21:13:36.316628,$GPGSV,26,,46
2026-06-02T21:13:36.316628,$GPGSV,28,,43
2026-06-02T21:13:36.317378,$GPGSV,31,,42
2026-06-02T21:13:36.317378,$GPGSV,32,,45
2026-06-02T21:13:36.317378,$GPGSV,41,,45
2026-06-02T21:13:36.317378,$GPGSV,42,,47
2026-06-02T21:13:36.318125,$GPGSV,01,,33
2026-06-02T21:13:36.318125,$GPGSV,10,,24
2026-06-02T21:13:36.318125,$GPGSV,23,,16
2026-06-02T21:13:36.318125,$GPGSV,25,,30
2026-06-02T21:13:36.319112,$GPGSV,26,,46
2026-06-02T21:13:36.319112,$GPGSV,28,,44
2026-06-02T21:13:36.319112,$GPGSV,31,,41
2026-06-02T21:13:36.319112,$GPGSV,32,,45
2026-06-02T21:13:36.321151,$GLGSV,66,,29
2026-06-02T21:13:36.321151,$GLGSV,67,,47
2026-06-02T21:13:36.321151,$GLGSV,68,,33
2026-06-02T21:13:36.321151,$GLGSV,77,,41
2026-06-02T21:13:36.321716,$GLGSV,78,,48
2026-06-02T21:13:36.321716,$GLGSV,79,,21
2026-06-02T21:13:36.322429,$GLGSV,66,,28
2026-06-02T21:13:36.322429,$GLGSV,67,,47
2026-06-02T21:13:36.322429,$GLGSV,68,,26
2026-06-02T21:13:36.322429,$GLGSV,78,,49
2026-06-02T21:13:36.322902,$GLGSV,79,,27
2026-06-02T21:13:36.324138,$GAGSV,05,,45
2026-06-02T21:13:36.324138,$GAGSV,06,,30
2026-06-02T21:13:36.324138,$GAGSV,09,,37
2026-06-02T21:13:36.324138,$GAGSV,16,,50
2026-06-02T21:13:36.324854,$GAGSV,25,,50
2026-06-02T21:13:36.324854,$GAGSV,31,,31
2026-06-02T21:13:36.324854,$GAGSV,34,,43
2026-06-02T21:13:36.324854,$GAGSV,36,,32
2026-06-02T21:13:36.325567,$GAGSV,05,,41
2026-06-02T21:13:36.325567,$GAGSV,09,,40
2026-06-02T21:13:36.325567,$GAGSV,16,,45
2026-06-02T21:13:36.325567,$GAGSV,25,,45
2026-06-02T21:13:36.326123,$GAGSV,34,,39
2026-06-02T21:13:36.326123,$GAGSV,36,,33
2026-06-02T21:13:36.327341,$GBGSV,06,,47
2026-06-02T21:13:36.327341,$GBGSV,07,,47
2026-06-02T21:13:36.327341,$GBGSV,09,,46
2026-06-02T21:13:36.327341,$GBGSV,10,,45
2026-06-02T21:13:36.328068,$GBGSV,23,,39
2026-06-02T21:13:36.328068,$GBGSV,24,,37
2026-06-02T21:13:36.328068,$GBGSV,25,,50
2026-06-02T21:13:36.328068,$GBGSV,33,,50
2026-06-02T21:13:36.328624,$GBGSV,09,,48
2026-06-02T21:13:36.328624,$GBGSV,10,,47
2026-06-02T21:13:37.317711,$GPGSV,10,,37
2026-06-02T21:13:37.317711,$GPGSV,25,,23
2026-06-02T21:13:37.317711,$GPGSV,26,,47
2026-06-02T21:13:37.317711,$GPGSV,28,,43
2026-06-02T21:13:37.318627,$GPGSV,31,,43
2026-06-02T21:13:37.318627,$GPGSV,32,,45
2026-06-02T21:13:37.318627,$GPGSV,41,,46
2026-06-02T21:13:37.318627,$GPGSV,42,,46
2026-06-02T21:13:37.319538,$GPGSV,01,,35
2026-06-02T21:13:37.319538,$GPGSV,10,,31
2026-06-02T21:13:37.319538,$GPGSV,23,,14
2026-06-02T21:13:37.319538,$GPGSV,25,,25
2026-06-02T21:13:37.320454,$GPGSV,26,,46
2026-06-02T21:13:37.320454,$GPGSV,28,,46
2026-06-02T21:13:37.320454,$GPGSV,31,,41
2026-06-02T21:13:37.320454,$GPGSV,32,,45
2026-06-02T21:13:37.322728,$GLGSV,66,,28
2026-06-02T21:13:37.322728,$GLGSV,67,,48
2026-06-02T21:13:37.322728,$GLGSV,68,,38
2026-06-02T21:13:37.322728,$GLGSV,77,,41
2026-06-02T21:13:37.323402,$GLGSV,78,,48
2026-06-02T21:13:37.323402,$GLGSV,79,,22
2026-06-02T21:13:37.324287,$GLGSV,66,,28
2026-06-02T21:13:37.324287,$GLGSV,67,,46
2026-06-02T21:13:37.324287,$GLGSV,68,,31
2026-06-02T21:13:37.324287,$GLGSV,78,,50
2026-06-02T21:13:37.324866,$GLGSV,79,,26
2026-06-02T21:13:37.326348,$GAGSV,05,,46
2026-06-02T21:13:37.326348,$GAGSV,06,,22
2026-06-02T21:13:37.326348,$GAGSV,09,,25
2026-06-02T21:13:37.326348,$GAGSV,16,,52
2026-06-02T21:13:37.327214,$GAGSV,25,,48
2026-06-02T21:13:37.327214,$GAGSV,31,,26
2026-06-02T21:13:37.327214,$GAGSV,34,,45
2026-06-02T21:13:37.327214,$GAGSV,36,,29
2026-06-02T21:13:37.328096,$GAGSV,05,,39
2026-06-02T21:13:37.328096,$GAGSV,09,,33
2026-06-02T21:13:37.328096,$GAGSV,16,,45
2026-06-02T21:13:37.328096,$GAGSV,25,,43
2026-06-02T21:13:37.328674,$GAGSV,34,,43
2026-06-02T21:13:37.330160,$GBGSV,06,,47
2026-06-02T21:13:37.330160,$GBGSV,07,,44
2026-06-02T21:13:37.330160,$GBGSV,09,,46
2026-06-02T21:13:37.330160,$GBGSV,10,,45
2026-06-02T21:13:37.331028,$GBGSV,23,,38
2026-06-02T21:13:37.331028,$GBGSV,24,,30
2026-06-02T21:13:37.331028,$GBGSV,25,,49
2026-06-02T21:13:37.331028,$GBGSV,33,,50
2026-06-02T21:13:37.331826,$GBGSV,09,,48
2026-06-02T21:13:37.331826,$GBGSV,10,,49
2026-06-02T21:13:38.321195,$GPGSV,02,,24
2026-06-02T21:13:38.321195,$GPGSV,10,,34
2026-06-02T21:13:38.321195,$GPGSV,16,,28
2026-06-02T21:13:38.321195,$GPGSV,25,,23
2026-06-02T21:13:38.322419,$GPGSV,26,,45
2026-06-02T21:13:38.322419,$GPGSV,28,,42
2026-06-02T21:13:38.322419,$GPGSV,31,,40
2026-06-02T21:13:38.322419,$GPGSV,32,,47
2026-06-02T21:13:38.323258,$GPGSV,41,,46
2026-06-02T21:13:38.323258,$GPGSV,42,,46
2026-06-02T21:13:38.324132,$GPGSV,01,,39
2026-06-02T21:13:38.324132,$GPGSV,10,,34
2026-06-02T21:13:38.324132,$GPGSV,23,,12
2026-06-02T21:13:38.324132,$GPGSV,25,,25
2026-06-02T21:13:38.325331,$GPGSV,26,,44
2026-06-02T21:13:38.325331,$GPGSV,28,,46
2026-06-02T21:13:38.325331,$GPGSV,31,,40
2026-06-02T21:13:38.325331,$GPGSV,32,,44
2026-06-02T21:13:38.327501,$GLGSV,66,,36
2026-06-02T21:13:38.327501,$GLGSV,67,,50
2026-06-02T21:13:38.327501,$GLGSV,68,,28
2026-06-02T21:13:38.327501,$GLGSV,77,,43
2026-06-02T21:13:38.328113,$GLGSV,78,,46
2026-06-02T21:13:38.328113,$GLGSV,79,,29
2026-06-02T21:13:38.328796,$GLGSV,66,,33
2026-06-02T21:13:38.328796,$GLGSV,67,,46
2026-06-02T21:13:38.328796,$GLGSV,68,,34
2026-06-02T21:13:38.328796,$GLGSV,78,,49
2026-06-02T21:13:38.329188,$GLGSV,79,,25
2026-06-02T21:13:38.330455,$GAGSV,05,,44
2026-06-02T21:13:38.330455,$GAGSV,06,,29
2026-06-02T21:13:38.330455,$GAGSV,09,,35
2026-06-02T21:13:38.330455,$GAGSV,16,,51
2026-06-02T21:13:38.331139,$GAGSV,25,,48
2026-06-02T21:13:38.331139,$GAGSV,31,,25
2026-06-02T21:13:38.331139,$GAGSV,34,,45
2026-06-02T21:13:38.331139,$GAGSV,36,,34
2026-06-02T21:13:38.331845,$GAGSV,05,,39
2026-06-02T21:13:38.331845,$GAGSV,09,,27
2026-06-02T21:13:38.331845,$GAGSV,16,,45
2026-06-02T21:13:38.331845,$GAGSV,25,,44
2026-06-02T21:13:38.332242,$GAGSV,34,,43
2026-06-02T21:13:38.333486,$GBGSV,06,,48
2026-06-02T21:13:38.333486,$GBGSV,07,,45
2026-06-02T21:13:38.333486,$GBGSV,09,,46
2026-06-02T21:13:38.333486,$GBGSV,10,,44
2026-06-02T21:13:38.334135,$GBGSV,23,,41
2026-06-02T21:13:38.334135,$GBGSV,24,,30
2026-06-02T21:13:38.334135,$GBGSV,25,,49
2026-06-02T21:13:38.334135,$GBGSV,33,,49
2026-06-02T21:13:38.334581,$GBGSV,09,,48
2026-06-02T21:13:38.334581,$GBGSV,10,,48
2026-06-02T21:13:39.321308,$GPGSV,01,,34
2026-06-02T21:13:39.321308,$GPGSV,10,,39
2026-06-02T21:13:39.321308,$GPGSV,25,,22
2026-06-02T21:13:39.321308,$GPGSV,26,,45
2026-06-02T21:13:39.322119,$GPGSV,28,,43
2026-06-02T21:13:39.322119,$GPGSV,31,,43
2026-06-02T21:13:39.322119,$GPGSV,32,,46
2026-06-02T21:13:39.322119,$GPGSV,41,,46
2026-06-02T21:13:39.322657,$GPGSV,42,,46
2026-06-02T21:13:39.323454,$GPGSV,01,,40
2026-06-02T21:13:39.323454,$GPGSV,10,,32
2026-06-02T21:13:39.323454,$GPGSV,23,,13
2026-06-02T21:13:39.323454,$GPGSV,25,,23
2026-06-02T21:13:39.324264,$GPGSV,26,,46
2026-06-02T21:13:39.324264,$GPGSV,28,,44
2026-06-02T21:13:39.324264,$GPGSV,31,,41
2026-06-02T21:13:39.324264,$GPGSV,32,,42
2026-06-02T21:13:39.326206,$GLGSV,66,,40
2026-06-02T21:13:39.326206,$GLGSV,67,,48
2026-06-02T21:13:39.326206,$GLGSV,68,,32
2026-06-02T21:13:39.326206,$GLGSV,77,,42
2026-06-02T21:13:39.326784,$GLGSV,78,,48
2026-06-02T21:13:39.326784,$GLGSV,79,,28
2026-06-02T21:13:39.327523,$GLGSV,66,,32
2026-06-02T21:13:39.327523,$GLGSV,67,,45
2026-06-02T21:13:39.327523,$GLGSV,68,,34
2026-06-02T21:13:39.327523,$GLGSV,78,,48
2026-06-02T21:13:39.328026,$GLGSV,79,,26
2026-06-02T21:13:39.329298,$GAGSV,05,,42
2026-06-02T21:13:39.329298,$GAGSV,06,,28
2026-06-02T21:13:39.329298,$GAGSV,09,,33
2026-06-02T21:13:39.329298,$GAGSV,16,,52
2026-06-02T21:13:39.330034,$GAGSV,25,,48
2026-06-02T21:13:39.330034,$GAGSV,31,,23
2026-06-02T21:13:39.330034,$GAGSV,34,,46
2026-06-02T21:13:39.330034,$GAGSV,36,,34
2026-06-02T21:13:39.330776,$GAGSV,05,,41
2026-06-02T21:13:39.330776,$GAGSV,09,,33
2026-06-02T21:13:39.330776,$GAGSV,16,,46
2026-06-02T21:13:39.330776,$GAGSV,25,,41
2026-06-02T21:13:39.331271,$GAGSV,34,,45
2026-06-02T21:13:39.332617,$GBGSV,06,,48
2026-06-02T21:13:39.332617,$GBGSV,07,,44
2026-06-02T21:13:39.332617,$GBGSV,09,,47
2026-06-02T21:13:39.332617,$GBGSV,10,,45
2026-06-02T21:13:39.333410,$GBGSV,23,,43
2026-06-02T21:13:39.333410,$GBGSV,24,,29
2026-06-02T21:13:39.333410,$GBGSV,25,,50
2026-06-02T21:13:39.333410,$GBGSV,33,,49
2026-06-02T21:13:39.333982,$GBGSV,09,,48
2026-06-02T21:13:39.333982,$GBGSV,10,,47
2026-06-02T21:13:40.319512,$GPGSV,01,,37
2026-06-02T21:13:40.319512,$GPGSV,10,,34
2026-06-02T21:13:40.319512,$GPGSV,25,,22
2026-06-02T21:13:40.319512,$GPGSV,26,,47
2026-06-02T21:13:40.320457,$GPGSV,28,,44
2026-06-02T21:13:40.320457,$GPGSV,31,,43
2026-06-02T21:13:40.320457,$GPGSV,32,,45
2026-06-02T21:13:40.320457,$GPGSV,41,,46
2026-06-02T21:13:40.321140,$GPGSV,42,,45
2026-06-02T21:13:40.322365,$GPGSV,01,,40
2026-06-02T21:13:40.322365,$GPGSV,10,,36
2026-06-02T21:13:40.322365,$GPGSV,23,,14
2026-06-02T21:13:40.322365,$GPGSV,25,,22
2026-06-02T21:13:40.323565,$GPGSV,26,,45
2026-06-02T21:13:40.323565,$GPGSV,28,,45
2026-06-02T21:13:40.323565,$GPGSV,31,,40
2026-06-02T21:13:40.323565,$GPGSV,32,,44
2026-06-02T21:13:40.326038,$GLGSV,66,,30
2026-06-02T21:13:40.326038,$GLGSV,67,,49
2026-06-02T21:13:40.326038,$GLGSV,68,,29
2026-06-02T21:13:40.326038,$GLGSV,77,,41
2026-06-02T21:13:40.326710,$GLGSV,78,,48
2026-06-02T21:13:40.326710,$GLGSV,79,,32
2026-06-02T21:13:40.327584,$GLGSV,66,,36
2026-06-02T21:13:40.327584,$GLGSV,67,,47
2026-06-02T21:13:40.327584,$GLGSV,68,,32
2026-06-02T21:13:40.327584,$GLGSV,78,,49
2026-06-02T21:13:40.328160,$GLGSV,79,,25
2026-06-02T21:13:40.329635,$GAGSV,05,,45
2026-06-02T21:13:40.329635,$GAGSV,06,,29
2026-06-02T21:13:40.329635,$GAGSV,09,,34
2026-06-02T21:13:40.329635,$GAGSV,16,,53
2026-06-02T21:13:40.330498,$GAGSV,25,,49
2026-06-02T21:13:40.330498,$GAGSV,31,,23
2026-06-02T21:13:40.330498,$GAGSV,34,,46
2026-06-02T21:13:40.330498,$GAGSV,36,,41
2026-06-02T21:13:40.331369,$GAGSV,05,,41
2026-06-02T21:13:40.331369,$GAGSV,09,,36
2026-06-02T21:13:40.331369,$GAGSV,16,,45
2026-06-02T21:13:40.331369,$GAGSV,25,,44
2026-06-02T21:13:40.332057,$GAGSV,34,,43
2026-06-02T21:13:40.332057,$GAGSV,36,,33
2026-06-02T21:13:40.333615,$GBGSV,06,,46
2026-06-02T21:13:40.333615,$GBGSV,07,,43
2026-06-02T21:13:40.333615,$GBGSV,09,,47
2026-06-02T21:13:40.333615,$GBGSV,10,,46
2026-06-02T21:13:40.334473,$GBGSV,23,,39
2026-06-02T21:13:40.334473,$GBGSV,24,,29
2026-06-02T21:13:40.334473,$GBGSV,25,,50
2026-06-02T21:13:40.334473,$GBGSV,33,,49
2026-06-02T21:13:40.335115,$GBGSV,09,,48
2026-06-02T21:13:40.335115,$GBGSV,10,,47
2026-06-02T21:13:41.321393,$GPGSV,01,,37
2026-06-02T21:13:41.321393,$GPGSV,10,,36
2026-06-02T21:13:41.321393,$GPGSV,25,,21
2026-06-02T21:13:41.321393,$GPGSV,26,,46
2026-06-02T21:13:41.322139,$GPGSV,28,,45
2026-06-02T21:13:41.322139,$GPGSV,31,,40
2026-06-02T21:13:41.322139,$GPGSV,32,,45
2026-06-02T21:13:41.322139,$GPGSV,41,,46
2026-06-02T21:13:41.322698,$GPGSV,42,,46
2026-06-02T21:13:41.323727,$GPGSV,01,,40
2026-06-02T21:13:41.323727,$GPGSV,10,,37
2026-06-02T21:13:41.323727,$GPGSV,23,,13
2026-06-02T21:13:41.323727,$GPGSV,25,,22
2026-06-02T21:13:41.324474,$GPGSV,26,,45
2026-06-02T21:13:41.324474,$GPGSV,28,,44
2026-06-02T21:13:41.324474,$GPGSV,31,,37
2026-06-02T21:13:41.324474,$GPGSV,32,,46
2026-06-02T21:13:41.326339,$GLGSV,66,,33
2026-06-02T21:13:41.326339,$GLGSV,67,,45
2026-06-02T21:13:41.326339,$GLGSV,68,,34
2026-06-02T21:13:41.326339,$GLGSV,77,,43
2026-06-02T21:13:41.326895,$GLGSV,78,,48
2026-06-02T21:13:41.326895,$GLGSV,79,,28
2026-06-02T21:13:41.327615,$GLGSV,66,,32
2026-06-02T21:13:41.327615,$GLGSV,67,,44
2026-06-02T21:13:41.327615,$GLGSV,68,,37
2026-06-02T21:13:41.327615,$GLGSV,78,,47
2026-06-02T21:13:41.328093,$GLGSV,79,,26
2026-06-02T21:13:41.329316,$GAGSV,05,,45
2026-06-02T21:13:41.329316,$GAGSV,06,,30
2026-06-02T21:13:41.329316,$GAGSV,09,,31
2026-06-02T21:13:41.329316,$GAGSV,16,,51
2026-06-02T21:13:41.330030,$GAGSV,25,,48
2026-06-02T21:13:41.330030,$GAGSV,31,,22
2026-06-02T21:13:41.330030,$GAGSV,34,,43
2026-06-02T21:13:41.330030,$GAGSV,36,,36
2026-06-02T21:13:41.330744,$GAGSV,05,,43
2026-06-02T21:13:41.330744,$GAGSV,09,,34
2026-06-02T21:13:41.330744,$GAGSV,16,,45
2026-06-02T21:13:41.330744,$GAGSV,25,,45
2026-06-02T21:13:41.331300,$GAGSV,34,,42
2026-06-02T21:13:41.331300,$GAGSV,36,,35
2026-06-02T21:13:41.332551,$GBGSV,06,,48
2026-06-02T21:13:41.332551,$GBGSV,07,,44
2026-06-02T21:13:41.332551,$GBGSV,09,,47
2026-06-02T21:13:41.332551,$GBGSV,10,,45
2026-06-02T21:13:41.333372,$GBGSV,23,,39
2026-06-02T21:13:41.333372,$GBGSV,24,,32
2026-06-02T21:13:41.333372,$GBGSV,25,,50
2026-06-02T21:13:41.333372,$GBGSV,33,,48
2026-06-02T21:13:41.333927,$GBGSV,09,,49
2026-06-02T21:13:41.333927,$GBGSV,10,,47
2026-06-02T21:13:42.312069,$GPGSV,01,,37
2026-06-02T21:13:42.312069,$GPGSV,10,,40
2026-06-02T21:13:42.312069,$GPGSV,25,,24
2026-06-02T21:13:42.312069,$GPGSV,26,,48
2026-06-02T21:13:42.312941,$GPGSV,28,,46
2026-06-02T21:13:42.312941,$GPGSV,31,,41
2026-06-02T21:13:42.312941,$GPGSV,32,,43
2026-06-02T21:13:42.312941,$GPGSV,41,,45
2026-06-02T21:13:42.313793,$GPGSV,42,,46
2026-06-02T21:13:42.313793,$GPGSV,50,,41
2026-06-02T21:13:42.314990,$GPGSV,01,,34
2026-06-02T21:13:42.314990,$GPGSV,10,,36
2026-06-02T21:13:42.314990,$GPGSV,23,,16
2026-06-02T21:13:42.314990,$GPGSV,25,,22
2026-06-02T21:13:42.315950,$GPGSV,26,,44
2026-06-02T21:13:42.315950,$GPGSV,28,,45
2026-06-02T21:13:42.315950,$GPGSV,31,,33
2026-06-02T21:13:42.315950,$GPGSV,32,,45
2026-06-02T21:13:42.318130,$GLGSV,66,,23
2026-06-02T21:13:42.318130,$GLGSV,67,,50
2026-06-02T21:13:42.318130,$GLGSV,68,,34
2026-06-02T21:13:42.318130,$GLGSV,77,,43
2026-06-02T21:13:42.318831,$GLGSV,78,,48
2026-06-02T21:13:42.318831,$GLGSV,79,,26
2026-06-02T21:13:42.319711,$GLGSV,66,,37
2026-06-02T21:13:42.319711,$GLGSV,67,,47
2026-06-02T21:13:42.319711,$GLGSV,68,,38
2026-06-02T21:13:42.319711,$GLGSV,78,,47
2026-06-02T21:13:42.320292,$GLGSV,79,,30
2026-06-02T21:13:42.321774,$GAGSV,05,,44
2026-06-02T21:13:42.321774,$GAGSV,06,,30
2026-06-02T21:13:42.321774,$GAGSV,09,,35
2026-06-02T21:13:42.321774,$GAGSV,16,,50
2026-06-02T21:13:42.322640,$GAGSV,25,,47
2026-06-02T21:13:42.322640,$GAGSV,31,,30
2026-06-02T21:13:42.322640,$GAGSV,34,,46
2026-06-02T21:13:42.322640,$GAGSV,36,,33
2026-06-02T21:13:42.323514,$GAGSV,05,,43
2026-06-02T21:13:42.323514,$GAGSV,09,,36
2026-06-02T21:13:42.323514,$GAGSV,16,,46
2026-06-02T21:13:42.323514,$GAGSV,25,,45
2026-06-02T21:13:42.324174,$GAGSV,34,,42
2026-06-02T21:13:42.324174,$GAGSV,36,,36
2026-06-02T21:13:42.325601,$GBGSV,06,,46
2026-06-02T21:13:42.325601,$GBGSV,07,,45
2026-06-02T21:13:42.325601,$GBGSV,09,,46
2026-06-02T21:13:42.325601,$GBGSV,10,,46
2026-06-02T21:13:42.326501,$GBGSV,23,,35
2026-06-02T21:13:42.326501,$GBGSV,24,,28
2026-06-02T21:13:42.326501,$GBGSV,25,,49
2026-06-02T21:13:42.326501,$GBGSV,33,,49
2026-06-02T21:13:42.327120,$GBGSV,09,,49
2026-06-02T21:13:42.327120,$GBGSV,10,,47
2026-06-02T21:13:43.321314,$GPGSV,01,,39
2026-06-02T21:13:43.321314,$GPGSV,10,,40
2026-06-02T21:13:43.321314,$GPGSV,25,,22
2026-06-02T21:13:43.321314,$GPGSV,26,,45
2026-06-02T21:13:43.322192,$GPGSV,28,,44
2026-06-02T21:13:43.322192,$GPGSV,31,,34
2026-06-02T21:13:43.322192,$GPGSV,32,,47
2026-06-02T21:13:43.322192,$GPGSV,41,,47
2026-06-02T21:13:43.322868,$GPGSV,42,,45
2026-06-02T21:13:43.322868,$GPGSV,50,,43
2026-06-02T21:13:43.323740,$GPGSV,01,,35
2026-06-02T21:13:43.323740,$GPGSV,10,,37
2026-06-02T21:13:43.323740,$GPGSV,23,,18
2026-06-02T21:13:43.323740,$GPGSV,25,,24
2026-06-02T21:13:43.324607,$GPGSV,26,,44
2026-06-02T21:13:43.324607,$GPGSV,28,,46
2026-06-02T21:13:43.324607,$GPGSV,31,,38
2026-06-02T21:13:43.324607,$GPGSV,32,,45
2026-06-02T21:13:43.326709,$GLGSV,66,,26
2026-06-02T21:13:43.326709,$GLGSV,67,,48
2026-06-02T21:13:43.326709,$GLGSV,68,,31
2026-06-02T21:13:43.326709,$GLGSV,77,,42
2026-06-02T21:13:43.327379,$GLGSV,78,,47
2026-06-02T21:13:43.327379,$GLGSV,79,,31
2026-06-02T21:13:43.328258,$GLGSV,66,,39
2026-06-02T21:13:43.328258,$GLGSV,67,,47
2026-06-02T21:13:43.328258,$GLGSV,68,,30
2026-06-02T21:13:43.328258,$GLGSV,78,,48
2026-06-02T21:13:43.328835,$GLGSV,79,,24
2026-06-02T21:13:43.330322,$GAGSV,05,,48
2026-06-02T21:13:43.330322,$GAGSV,06,,30
2026-06-02T21:13:43.330322,$GAGSV,09,,30
2026-06-02T21:13:43.330322,$GAGSV,16,,50
2026-06-02T21:13:43.331203,$GAGSV,25,,47
2026-06-02T21:13:43.331203,$GAGSV,31,,30
2026-06-02T21:13:43.331203,$GAGSV,34,,47
2026-06-02T21:13:43.331203,$GAGSV,36,,33
2026-06-02T21:13:43.332048,$GAGSV,05,,43
2026-06-02T21:13:43.332048,$GAGSV,09,,33
2026-06-02T21:13:43.332048,$GAGSV,16,,45
2026-06-02T21:13:43.332048,$GAGSV,25,,43
2026-06-02T21:13:43.332696,$GAGSV,34,,40
2026-06-02T21:13:43.332696,$GAGSV,36,,33
2026-06-02T21:13:43.334219,$GBGSV,06,,48
2026-06-02T21:13:43.334219,$GBGSV,07,,46
2026-06-02T21:13:43.334219,$GBGSV,09,,47
2026-06-02T21:13:43.334219,$GBGSV,10,,45
2026-06-02T21:13:43.335012,$GBGSV,23,,32
2026-06-02T21:13:43.335012,$GBGSV,24,,29
2026-06-02T21:13:43.335012,$GBGSV,25,,50
2026-06-02T21:13:43.335012,$GBGSV,33,,49
2026-06-02T21:13:43.335744,$GBGSV,09,,48
2026-06-02T21:13:43.335744,$GBGSV,10,,48
2026-06-02T21:13:44.325910,$GPGSV,01,,34
2026-06-02T21:13:44.325910,$GPGSV,10,,42
2026-06-02T21:13:44.325910,$GPGSV,25,,22
2026-06-02T21:13:44.325910,$GPGSV,26,,46
2026-06-02T21:13:44.326844,$GPGSV,28,,44
2026-06-02T21:13:44.326844,$GPGSV,31,,37
2026-06-02T21:13:44.326844,$GPGSV,32,,47
2026-06-02T21:13:44.326844,$GPGSV,41,,46
2026-06-02T21:13:44.327550,$GPGSV,42,,47
2026-06-02T21:13:44.327550,$GPGSV,50,,43
2026-06-02T21:13:44.328802,$GPGSV,01,,37
2026-06-02T21:13:44.328802,$GPGSV,10,,39
2026-06-02T21:13:44.328802,$GPGSV,23,,18
2026-06-02T21:13:44.328802,$GPGSV,25,,26
2026-06-02T21:13:44.330051,$GPGSV,26,,45
2026-06-02T21:13:44.330051,$GPGSV,28,,46
2026-06-02T21:13:44.330051,$GPGSV,31,,36
2026-06-02T21:13:44.330051,$GPGSV,32,,43
2026-06-02T21:13:44.332541,$GLGSV,66,,36
2026-06-02T21:13:44.332541,$GLGSV,67,,47
2026-06-02T21:13:44.332541,$GLGSV,68,,39
2026-06-02T21:13:44.332541,$GLGSV,77,,41
2026-06-02T21:13:44.333219,$GLGSV,78,,50
2026-06-02T21:13:44.333219,$GLGSV,79,,31
2026-06-02T21:13:44.334082,$GLGSV,66,,36
2026-06-02T21:13:44.334082,$GLGSV,67,,46
2026-06-02T21:13:44.334082,$GLGSV,68,,25
2026-06-02T21:13:44.334082,$GLGSV,78,,50
2026-06-02T21:13:44.334658,$GLGSV,79,,30
2026-06-02T21:13:44.336155,$GAGSV,05,,47
2026-06-02T21:13:44.336155,$GAGSV,06,,28
2026-06-02T21:13:44.336155,$GAGSV,09,,35
2026-06-02T21:13:44.336155,$GAGSV,16,,49
2026-06-02T21:13:44.337018,$GAGSV,25,,47
2026-06-02T21:13:44.337018,$GAGSV,31,,34
2026-06-02T21:13:44.337018,$GAGSV,34,,45
2026-06-02T21:13:44.337018,$GAGSV,36,,33
2026-06-02T21:13:44.337880,$GAGSV,05,,43
2026-06-02T21:13:44.337880,$GAGSV,09,,28
2026-06-02T21:13:44.337880,$GAGSV,16,,45
2026-06-02T21:13:44.337880,$GAGSV,25,,43
2026-06-02T21:13:44.338580,$GAGSV,34,,42
2026-06-02T21:13:44.338580,$GAGSV,36,,28
2026-06-02T21:13:44.340072,$GBGSV,06,,47
2026-06-02T21:13:44.340072,$GBGSV,07,,48
2026-06-02T21:13:44.340072,$GBGSV,09,,48
2026-06-02T21:13:44.340072,$GBGSV,10,,46
2026-06-02T21:13:44.340939,$GBGSV,23,,38
2026-06-02T21:13:44.340939,$GBGSV,24,,23
2026-06-02T21:13:44.340939,$GBGSV,25,,49
2026-06-02T21:13:44.340939,$GBGSV,33,,48
2026-06-02T21:13:44.341606,$GBGSV,09,,49
2026-06-02T21:13:44.341606,$GBGSV,10,,48
2026-06-02T21:13:45.316552,$GPGSV,01,,38
2026-06-02T21:13:45.316552,$GPGSV,10,,44
2026-06-02T21:13:45.316552,$GPGSV,25,,21
2026-06-02T21:13:45.316552,$GPGSV,26,,46
2026-06-02T21:13:45.317464,$GPGSV,28,,44
2026-06-02T21:13:45.317464,$GPGSV,31,,38
2026-06-02T21:13:45.317464,$GPGSV,32,,48
2026-06-02T21:13:45.317464,$GPGSV,41,,47
2026-06-02T21:13:45.318341,$GPGSV,42,,47
2026-06-02T21:13:45.318341,$GPGSV,50,,43
2026-06-02T21:13:45.319578,$GPGSV,01,,35
2026-06-02T21:13:45.319578,$GPGSV,10,,41
2026-06-02T21:13:45.319578,$GPGSV,23,,18
2026-06-02T21:13:45.319578,$GPGSV,25,,26
2026-06-02T21:13:45.320779,$GPGSV,26,,44
2026-06-02T21:13:45.320779,$GPGSV,28,,46
2026-06-02T21:13:45.320779,$GPGSV,31,,29
2026-06-02T21:13:45.320779,$GPGSV,32,,44
2026-06-02T21:13:45.322889,$GLGSV,66,,33
2026-06-02T21:13:45.322889,$GLGSV,67,,48
2026-06-02T21:13:45.322889,$GLGSV,68,,39
2026-06-02T21:13:45.322889,$GLGSV,77,,40
2026-06-02T21:13:45.323562,$GLGSV,78,,48
2026-06-02T21:13:45.323562,$GLGSV,79,,31
2026-06-02T21:13:45.324446,$GLGSV,66,,38
2026-06-02T21:13:45.324446,$GLGSV,67,,47
2026-06-02T21:13:45.324446,$GLGSV,68,,30
2026-06-02T21:13:45.324446,$GLGSV,78,,48
2026-06-02T21:13:45.325029,$GLGSV,79,,30
2026-06-02T21:13:45.326515,$GAGSV,05,,51
2026-06-02T21:13:45.326515,$GAGSV,06,,27
2026-06-02T21:13:45.326515,$GAGSV,09,,40
2026-06-02T21:13:45.326515,$GAGSV,16,,50
2026-06-02T21:13:45.327475,$GAGSV,25,,48
2026-06-02T21:13:45.327475,$GAGSV,31,,28
2026-06-02T21:13:45.327475,$GAGSV,34,,45
2026-06-02T21:13:45.327475,$GAGSV,36,,38
2026-06-02T21:13:45.328365,$GAGSV,05,,42
2026-06-02T21:13:45.328365,$GAGSV,09,,33
2026-06-02T21:13:45.328365,$GAGSV,16,,45
2026-06-02T21:13:45.328365,$GAGSV,25,,42
2026-06-02T21:13:45.328950,$GAGSV,34,,37
2026-06-02T21:13:45.330431,$GBGSV,06,,48
2026-06-02T21:13:45.330431,$GBGSV,07,,47
2026-06-02T21:13:45.330431,$GBGSV,09,,47
2026-06-02T21:13:45.330431,$GBGSV,10,,44
2026-06-02T21:13:45.331307,$GBGSV,23,,40
2026-06-02T21:13:45.331307,$GBGSV,24,,25
2026-06-02T21:13:45.331307,$GBGSV,25,,49
2026-06-02T21:13:45.331307,$GBGSV,33,,49
2026-06-02T21:13:45.331961,$GBGSV,09,,50
2026-06-02T21:13:45.331961,$GBGSV,10,,47
2026-06-02T21:13:46.322964,$GPGSV,01,,40
2026-06-02T21:13:46.322964,$GPGSV,10,,44
2026-06-02T21:13:46.322964,$GPGSV,25,,22
2026-06-02T21:13:46.322964,$GPGSV,26,,46
2026-06-02T21:13:46.323887,$GPGSV,28,,44
2026-06-02T21:13:46.323887,$GPGSV,31,,32
2026-06-02T21:13:46.323887,$GPGSV,32,,46
2026-06-02T21:13:46.323887,$GPGSV,41,,46
2026-06-02T21:13:46.324586,$GPGSV,42,,47
2026-06-02T21:13:46.324586,$GPGSV,50,,41
2026-06-02T21:13:46.325450,$GPGSV,01,,33
2026-06-02T21:13:46.325450,$GPGSV,10,,42
2026-06-02T21:13:46.325450,$GPGSV,23,,19
2026-06-02T21:13:46.325450,$GPGSV,25,,24
2026-06-02T21:13:46.326315,$GPGSV,26,,45
2026-06-02T21:13:46.326315,$GPGSV,28,,44
2026-06-02T21:13:46.326315,$GPGSV,31,,30
2026-06-02T21:13:46.326315,$GPGSV,32,,43
2026-06-02T21:13:46.328428,$GLGSV,66,,36
2026-06-02T21:13:46.328428,$GLGSV,67,,47
2026-06-02T21:13:46.328428,$GLGSV,68,,42
2026-06-02T21:13:46.328428,$GLGSV,77,,37
2026-06-02T21:13:46.329103,$GLGSV,78,,48
2026-06-02T21:13:46.329103,$GLGSV,79,,26
2026-06-02T21:13:46.329969,$GLGSV,66,,38
2026-06-02T21:13:46.329969,$GLGSV,67,,47
2026-06-02T21:13:46.329969,$GLGSV,68,,37
2026-06-02T21:13:46.329969,$GLGSV,78,,48
2026-06-02T21:13:46.330543,$GLGSV,79,,30
2026-06-02T21:13:46.332040,$GAGSV,05,,48
2026-06-02T21:13:46.332040,$GAGSV,06,,27
2026-06-02T21:13:46.332040,$GAGSV,09,,37
2026-06-02T21:13:46.332040,$GAGSV,16,,52
2026-06-02T21:13:46.332912,$GAGSV,25,,47
2026-06-02T21:13:46.332912,$GAGSV,31,,27
2026-06-02T21:13:46.332912,$GAGSV,34,,44
2026-06-02T21:13:46.332912,$GAGSV,36,,38
2026-06-02T21:13:46.333776,$GAGSV,05,,42
2026-06-02T21:13:46.333776,$GAGSV,16,,45
2026-06-02T21:13:46.333776,$GAGSV,25,,42
2026-06-02T21:13:46.333776,$GAGSV,34,,38
2026-06-02T21:13:46.334376,$GAGSV,36,,35
2026-06-02T21:13:46.335905,$GBGSV,06,,46
2026-06-02T21:13:46.335905,$GBGSV,07,,44
2026-06-02T21:13:46.335905,$GBGSV,09,,48
2026-06-02T21:13:46.335905,$GBGSV,10,,44
2026-06-02T21:13:46.336796,$GBGSV,23,,41
2026-06-02T21:13:46.336796,$GBGSV,24,,24
2026-06-02T21:13:46.336796,$GBGSV,25,,50
2026-06-02T21:13:46.336796,$GBGSV,33,,50
2026-06-02T21:13:46.337439,$GBGSV,09,,51
2026-06-02T21:13:46.337439,$GBGSV,10,,48
2026-06-02T21:13:47.318356,$GPGSV,01,,18
2026-06-02T21:13:47.318356,$GPGSV,10,,45
2026-06-02T21:13:47.318356,$GPGSV,25,,20
2026-06-02T21:13:47.318356,$GPGSV,26,,48
2026-06-02T21:13:47.319639,$GPGSV,28,,44
2026-06-02T21:13:47.319639,$GPGSV,32,,45
2026-06-02T21:13:47.319639,$GPGSV,41,,45
2026-06-02T21:13:47.319639,$GPGSV,42,,45
2026-06-02T21:13:47.320248,$GPGSV,50,,41
2026-06-02T21:13:47.321148,$GPGSV,01,,37
2026-06-02T21:13:47.321148,$GPGSV,10,,41
2026-06-02T21:13:47.321148,$GPGSV,23,,20
2026-06-02T21:13:47.321148,$GPGSV,25,,25
2026-06-02T21:13:47.322053,$GPGSV,26,,44
2026-06-02T21:13:47.322053,$GPGSV,28,,44
2026-06-02T21:13:47.322053,$GPGSV,31,,33
2026-06-02T21:13:47.322053,$GPGSV,32,,44
2026-06-02T21:13:47.324184,$GLGSV,66,,36
2026-06-02T21:13:47.324184,$GLGSV,67,,48
2026-06-02T21:13:47.324184,$GLGSV,68,,40
2026-06-02T21:13:47.324184,$GLGSV,77,,42
2026-06-02T21:13:47.324864,$GLGSV,78,,48
2026-06-02T21:13:47.324864,$GLGSV,79,,32
2026-06-02T21:13:47.325739,$GLGSV,66,,38
2026-06-02T21:13:47.325739,$GLGSV,67,,45
2026-06-02T21:13:47.325739,$GLGSV,68,,39
2026-06-02T21:13:47.325739,$GLGSV,78,,47
2026-06-02T21:13:47.326319,$GLGSV,79,,23
2026-06-02T21:13:47.327830,$GAGSV,05,,48
2026-06-02T21:13:47.327830,$GAGSV,06,,27
2026-06-02T21:13:47.327830,$GAGSV,09,,32
2026-06-02T21:13:47.327830,$GAGSV,16,,52
2026-06-02T21:13:47.328705,$GAGSV,25,,48
2026-06-02T21:13:47.328705,$GAGSV,31,,27
2026-06-02T21:13:47.328705,$GAGSV,34,,46
2026-06-02T21:13:47.328705,$GAGSV,36,,41
2026-06-02T21:13:47.329590,$GAGSV,05,,43
2026-06-02T21:13:47.329590,$GAGSV,16,,47
2026-06-02T21:13:47.329590,$GAGSV,25,,43
2026-06-02T21:13:47.329590,$GAGSV,34,,40
2026-06-02T21:13:47.330228,$GAGSV,36,,39
2026-06-02T21:13:47.331729,$GBGSV,06,,48
2026-06-02T21:13:47.331729,$GBGSV,07,,45
2026-06-02T21:13:47.331729,$GBGSV,09,,47
2026-06-02T21:13:47.331729,$GBGSV,10,,44
2026-06-02T21:13:47.332594,$GBGSV,23,,36
2026-06-02T21:13:47.332594,$GBGSV,24,,24
2026-06-02T21:13:47.332594,$GBGSV,25,,49
2026-06-02T21:13:47.332594,$GBGSV,33,,48
2026-06-02T21:13:47.333278,$GBGSV,09,,49
2026-06-02T21:13:47.333278,$GBGSV,10,,46
2026-06-02T21:13:48.318968,$GPGSV,01,,38
2026-06-02T21:13:48.318968,$GPGSV,02,,31
2026-06-02T21:13:48.318968,$GPGSV,10,,47
2026-06-02T21:13:48.318968,$GPGSV,16,,30
2026-06-02T21:13:48.319891,$GPGSV,25,,21
2026-06-02T21:13:48.319891,$GPGSV,26,,46
2026-06-02T21:13:48.319891,$GPGSV,28,,43
2026-06-02T21:13:48.319891,$GPGSV,31,,32
2026-06-02T21:13:48.320794,$GPGSV,32,,44
2026-06-02T21:13:48.320794,$GPGSV,41,,45
2026-06-02T21:13:48.320794,$GPGSV,42,,45
2026-06-02T21:13:48.320794,$GPGSV,50,,41
2026-06-02T21:13:48.321694,$GPGSV,01,,34
2026-06-02T21:13:48.321694,$GPGSV,10,,43
2026-06-02T21:13:48.321694,$GPGSV,23,,19
2026-06-02T21:13:48.321694,$GPGSV,25,,23
2026-06-02T21:13:48.322594,$GPGSV,26,,45
2026-06-02T21:13:48.322594,$GPGSV,28,,46
2026-06-02T21:13:48.322594,$GPGSV,31,,22
2026-06-02T21:13:48.322594,$GPGSV,32,,41
2026-06-02T21:13:48.324243,$GLGSV,66,,29
2026-06-02T21:13:48.324243,$GLGSV,67,,48
2026-06-02T21:13:48.324243,$GLGSV,68,,35
2026-06-02T21:13:48.324243,$GLGSV,77,,42
2026-06-02T21:13:48.324919,$GLGSV,78,,47
2026-06-02T21:13:48.324919,$GLGSV,79,,38
2026-06-02T21:13:48.325784,$GLGSV,66,,36
2026-06-02T21:13:48.325784,$GLGSV,67,,47
2026-06-02T21:13:48.325784,$GLGSV,68,,35
2026-06-02T21:13:48.325784,$GLGSV,78,,48
2026-06-02T21:13:48.326360,$GLGSV,79,,30
2026-06-02T21:13:48.327847,$GAGSV,05,,49
2026-06-02T21:13:48.327847,$GAGSV,06,,27
2026-06-02T21:13:48.327847,$GAGSV,09,,35
2026-06-02T21:13:48.327847,$GAGSV,16,,52
2026-06-02T21:13:48.328720,$GAGSV,25,,47
2026-06-02T21:13:48.328720,$GAGSV,31,,26
2026-06-02T21:13:48.328720,$GAGSV,34,,40
2026-06-02T21:13:48.328720,$GAGSV,36,,27
2026-06-02T21:13:48.329587,$GAGSV,05,,43
2026-06-02T21:13:48.329587,$GAGSV,16,,46
2026-06-02T21:13:48.329587,$GAGSV,25,,41
2026-06-02T21:13:48.329587,$GAGSV,34,,35
2026-06-02T21:13:48.330164,$GAGSV,36,,33
2026-06-02T21:13:48.331743,$GBGSV,06,,47
2026-06-02T21:13:48.331743,$GBGSV,07,,45
2026-06-02T21:13:48.331743,$GBGSV,09,,46
2026-06-02T21:13:48.331743,$GBGSV,10,,46
2026-06-02T21:13:48.332611,$GBGSV,23,,43
2026-06-02T21:13:48.332611,$GBGSV,24,,23
2026-06-02T21:13:48.332611,$GBGSV,25,,49
2026-06-02T21:13:48.332611,$GBGSV,33,,49
2026-06-02T21:13:48.333278,$GBGSV,09,,49
2026-06-02T21:13:48.333278,$GBGSV,10,,46
2026-06-02T21:13:49.325493,$GPGSV,01,,36
2026-06-02T21:13:49.325493,$GPGSV,02,,25
2026-06-02T21:13:49.325493,$GPGSV,10,,46
2026-06-02T21:13:49.325493,$GPGSV,16,,34
2026-06-02T21:13:49.326404,$GPGSV,25,,21
2026-06-02T21:13:49.326404,$GPGSV,26,,47
2026-06-02T21:13:49.326404,$GPGSV,28,,44
2026-06-02T21:13:49.326404,$GPGSV,31,,28
2026-06-02T21:13:49.327661,$GPGSV,32,,44
2026-06-02T21:13:49.327661,$GPGSV,41,,44
2026-06-02T21:13:49.327661,$GPGSV,42,,47
2026-06-02T21:13:49.327661,$GPGSV,50,,42
2026-06-02T21:13:49.328569,$GPGSV,01,,39
2026-06-02T21:13:49.328569,$GPGSV,10,,43
2026-06-02T21:13:49.328569,$GPGSV,23,,19
2026-06-02T21:13:49.328569,$GPGSV,25,,22
2026-06-02T21:13:49.329448,$GPGSV,26,,47
2026-06-02T21:13:49.329448,$GPGSV,28,,45
2026-06-02T21:13:49.329448,$GPGSV,31,,23
2026-06-02T21:13:49.329448,$GPGSV,32,,38
2026-06-02T21:13:49.331008,$GLGSV,66,,36
2026-06-02T21:13:49.331008,$GLGSV,67,,45
2026-06-02T21:13:49.331008,$GLGSV,68,,41
2026-06-02T21:13:49.331008,$GLGSV,77,,41
2026-06-02T21:13:49.331698,$GLGSV,78,,48
2026-06-02T21:13:49.331698,$GLGSV,79,,39
2026-06-02T21:13:49.332563,$GLGSV,66,,38
2026-06-02T21:13:49.332563,$GLGSV,67,,45
2026-06-02T21:13:49.332563,$GLGSV,68,,37
2026-06-02T21:13:49.332563,$GLGSV,78,,49
2026-06-02T21:13:49.333144,$GLGSV,79,,34
2026-06-02T21:13:49.334623,$GAGSV,05,,50
2026-06-02T21:13:49.334623,$GAGSV,06,,26
2026-06-02T21:13:49.334623,$GAGSV,09,,29
2026-06-02T21:13:49.334623,$GAGSV,16,,49
2026-06-02T21:13:49.335487,$GAGSV,25,,47
2026-06-02T21:13:49.335487,$GAGSV,31,,27
2026-06-02T21:13:49.335487,$GAGSV,34,,38
2026-06-02T21:13:49.335487,$GAGSV,36,,33
2026-06-02T21:13:49.336371,$GAGSV,05,,42
2026-06-02T21:13:49.336371,$GAGSV,16,,45
2026-06-02T21:13:49.336371,$GAGSV,25,,43
2026-06-02T21:13:49.336371,$GAGSV,34,,35
2026-06-02T21:13:49.337987,$GBGSV,06,,47
2026-06-02T21:13:49.337987,$GBGSV,07,,45
2026-06-02T21:13:49.337987,$GBGSV,09,,46
2026-06-02T21:13:49.337987,$GBGSV,10,,46
2026-06-02T21:13:49.338849,$GBGSV,23,,45
2026-06-02T21:13:49.338849,$GBGSV,24,,33
2026-06-02T21:13:49.338849,$GBGSV,25,,49
2026-06-02T21:13:49.338849,$GBGSV,33,,50
2026-06-02T21:13:49.339520,$GBGSV,09,,49
2026-06-02T21:13:49.339520,$GBGSV,10,,48
2026-06-02T21:13:50.321747,$GPGSV,01,,36
2026-06-02T21:13:50.321747,$GPGSV,02,,25
2026-06-02T21:13:50.321747,$GPGSV,10,,47
2026-06-02T21:13:50.321747,$GPGSV,25,,23
2026-06-02T21:13:50.322618,$GPGSV,26,,48
2026-06-02T21:13:50.322618,$GPGSV,28,,44
2026-06-02T21:13:50.322618,$GPGSV,31,,28
2026-06-02T21:13:50.322618,$GPGSV,32,,45
2026-06-02T21:13:50.323392,$GPGSV,41,,49
2026-06-02T21:13:50.323392,$GPGSV,42,,47
2026-06-02T21:13:50.323392,$GPGSV,50,,41
2026-06-02T21:13:50.324595,$GPGSV,01,,37
2026-06-02T21:13:50.324595,$GPGSV,10,,45
2026-06-02T21:13:50.324595,$GPGSV,23,,21
2026-06-02T21:13:50.324595,$GPGSV,25,,20
2026-06-02T21:13:50.325786,$GPGSV,26,,47
2026-06-02T21:13:50.325786,$GPGSV,28,,46
2026-06-02T21:13:50.325786,$GPGSV,31,,34
2026-06-02T21:13:50.325786,$GPGSV,32,,37
2026-06-02T21:13:50.328094,$GLGSV,66,,36
2026-06-02T21:13:50.328094,$GLGSV,67,,46
2026-06-02T21:13:50.328094,$GLGSV,68,,40
2026-06-02T21:13:50.328094,$GLGSV,77,,42
2026-06-02T21:13:50.328771,$GLGSV,78,,49
2026-06-02T21:13:50.328771,$GLGSV,79,,40
2026-06-02T21:13:50.329636,$GLGSV,66,,38
2026-06-02T21:13:50.329636,$GLGSV,67,,44
2026-06-02T21:13:50.329636,$GLGSV,68,,39
2026-06-02T21:13:50.329636,$GLGSV,78,,49
2026-06-02T21:13:50.330212,$GLGSV,79,,27
2026-06-02T21:13:50.331671,$GAGSV,05,,48
2026-06-02T21:13:50.331671,$GAGSV,06,,32
2026-06-02T21:13:50.331671,$GAGSV,09,,33
2026-06-02T21:13:50.331671,$GAGSV,16,,50
2026-06-02T21:13:50.332515,$GAGSV,25,,48
2026-06-02T21:13:50.332515,$GAGSV,31,,26
2026-06-02T21:13:50.332515,$GAGSV,34,,41
2026-06-02T21:13:50.332515,$GAGSV,36,,27
2026-06-02T21:13:50.333329,$GAGSV,05,,42
2026-06-02T21:13:50.333329,$GAGSV,16,,46
2026-06-02T21:13:50.333329,$GAGSV,25,,44
2026-06-02T21:13:50.333329,$GAGSV,34,,35
2026-06-02T21:13:50.334641,$GBGSV,06,,48
2026-06-02T21:13:50.334641,$GBGSV,07,,45
2026-06-02T21:13:50.334641,$GBGSV,09,,46
2026-06-02T21:13:50.334641,$GBGSV,10,,45
2026-06-02T21:13:50.335409,$GBGSV,23,,45
2026-06-02T21:13:50.335409,$GBGSV,24,,27
2026-06-02T21:13:50.335409,$GBGSV,25,,49
2026-06-02T21:13:50.335409,$GBGSV,33,,49
2026-06-02T21:13:50.336017,$GBGSV,09,,49
2026-06-02T21:13:50.336017,$GBGSV,10,,48
2026-06-02T21:13:51.317225,$GPGSV,01,,35
2026-06-02T21:13:51.317225,$GPGSV,02,,31
2026-06-02T21:13:51.317225,$GPGSV,10,,47
2026-06-02T21:13:51.317225,$GPGSV,16,,27
2026-06-02T21:13:51.318100,$GPGSV,25,,29
2026-06-02T21:13:51.318100,$GPGSV,26,,46
2026-06-02T21:13:51.318100,$GPGSV,28,,43
2026-06-02T21:13:51.318100,$GPGSV,32,,39
2026-06-02T21:13:51.319116,$GPGSV,41,,49
2026-06-02T21:13:51.319116,$GPGSV,42,,46
2026-06-02T21:13:51.319116,$GPGSV,50,,43
2026-06-02T21:13:51.320316,$GPGSV,01,,35
2026-06-02T21:13:51.320316,$GPGSV,10,,44
2026-06-02T21:13:51.320316,$GPGSV,23,,23
2026-06-02T21:13:51.320316,$GPGSV,25,,19
2026-06-02T21:13:51.321187,$GPGSV,26,,45
2026-06-02T21:13:51.321187,$GPGSV,28,,46
2026-06-02T21:13:51.321187,$GPGSV,31,,26
2026-06-02T21:13:51.321187,$GPGSV,32,,36
2026-06-02T21:13:51.322726,$GLGSV,66,,35
2026-06-02T21:13:51.322726,$GLGSV,67,,44
2026-06-02T21:13:51.322726,$GLGSV,68,,37
2026-06-02T21:13:51.322726,$GLGSV,77,,41
2026-06-02T21:13:51.323372,$GLGSV,78,,47
2026-06-02T21:13:51.323372,$GLGSV,79,,35
2026-06-02T21:13:51.324211,$GLGSV,66,,36
2026-06-02T21:13:51.324211,$GLGSV,67,,45
2026-06-02T21:13:51.324211,$GLGSV,68,,42
2026-06-02T21:13:51.324211,$GLGSV,78,,48
2026-06-02T21:13:51.324763,$GLGSV,79,,31
2026-06-02T21:13:51.326128,$GAGSV,05,,48
2026-06-02T21:13:51.326128,$GAGSV,06,,31
2026-06-02T21:13:51.326128,$GAGSV,09,,29
2026-06-02T21:13:51.326128,$GAGSV,16,,51
2026-06-02T21:13:51.326939,$GAGSV,25,,49
2026-06-02T21:13:51.326939,$GAGSV,31,,26
2026-06-02T21:13:51.326939,$GAGSV,34,,42
2026-06-02T21:13:51.326939,$GAGSV,36,,29
2026-06-02T21:13:51.327774,$GAGSV,05,,43
2026-06-02T21:13:51.327774,$GAGSV,06,,21
2026-06-02T21:13:51.327774,$GAGSV,16,,47
2026-06-02T21:13:51.327774,$GAGSV,25,,44
2026-06-02T21:13:51.328292,$GAGSV,34,,39
2026-06-02T21:13:51.329957,$GBGSV,06,,47
2026-06-02T21:13:51.329957,$GBGSV,07,,45
2026-06-02T21:13:51.329957,$GBGSV,09,,46
2026-06-02T21:13:51.329957,$GBGSV,10,,46
2026-06-02T21:13:51.330764,$GBGSV,23,,47
2026-06-02T21:13:51.330764,$GBGSV,24,,36
2026-06-02T21:13:51.330764,$GBGSV,25,,48
2026-06-02T21:13:51.330764,$GBGSV,33,,49
2026-06-02T21:13:51.331347,$GBGSV,09,,49
2026-06-02T21:13:51.331347,$GBGSV,10,,47
2026-06-02T21:13:52.320719,$GPGSV,01,,32
2026-06-02T21:13:52.320719,$GPGSV,02,,27
2026-06-02T21:13:52.320719,$GPGSV,10,,48
2026-06-02T21:13:52.320719,$GPGSV,16,,31
2026-06-02T21:13:52.321676,$GPGSV,25,,28
2026-06-02T21:13:52.321676,$GPGSV,26,,46
2026-06-02T21:13:52.321676,$GPGSV,28,,45
2026-06-02T21:13:52.321676,$GPGSV,31,,35
2026-06-02T21:13:52.322588,$GPGSV,32,,42
2026-06-02T21:13:52.322588,$GPGSV,41,,48
2026-06-02T21:13:52.322588,$GPGSV,42,,46
2026-06-02T21:13:52.322588,$GPGSV,50,,42
2026-06-02T21:13:52.323492,$GPGSV,01,,34
2026-06-02T21:13:52.323492,$GPGSV,10,,45
2026-06-02T21:13:52.323492,$GPGSV,25,,20
2026-06-02T21:13:52.323492,$GPGSV,26,,43
2026-06-02T21:13:52.324305,$GPGSV,28,,45
2026-06-02T21:13:52.324305,$GPGSV,31,,37
2026-06-02T21:13:52.324305,$GPGSV,32,,36
2026-06-02T21:13:52.326413,$GLGSV,66,,27
2026-06-02T21:13:52.326413,$GLGSV,67,,43
2026-06-02T21:13:52.326413,$GLGSV,68,,36
2026-06-02T21:13:52.326413,$GLGSV,77,,44
2026-06-02T21:13:52.327115,$GLGSV,78,,48
2026-06-02T21:13:52.327115,$GLGSV,79,,35
2026-06-02T21:13:52.328037,$GLGSV,66,,32
2026-06-02T21:13:52.328037,$GLGSV,67,,41
2026-06-02T21:13:52.328037,$GLGSV,68,,43
2026-06-02T21:13:52.328037,$GLGSV,78,,47
2026-06-02T21:13:52.328641,$GLGSV,79,,29
2026-06-02T21:13:52.330125,$GAGSV,05,,48
2026-06-02T21:13:52.330125,$GAGSV,06,,35
2026-06-02T21:13:52.330125,$GAGSV,09,,30
2026-06-02T21:13:52.330125,$GAGSV,16,,50
2026-06-02T21:13:52.330990,$GAGSV,25,,47
2026-06-02T21:13:52.330990,$GAGSV,31,,24
2026-06-02T21:13:52.330990,$GAGSV,34,,39
2026-06-02T21:13:52.330990,$GAGSV,36,,36
2026-06-02T21:13:52.332025,$GAGSV,05,,44
2026-06-02T21:13:52.332025,$GAGSV,06,,25
2026-06-02T21:13:52.332025,$GAGSV,16,,46
2026-06-02T21:13:52.332025,$GAGSV,25,,42
2026-06-02T21:13:52.332632,$GAGSV,34,,31
2026-06-02T21:13:52.334106,$GBGSV,06,,46
2026-06-02T21:13:52.334106,$GBGSV,07,,45
2026-06-02T21:13:52.334106,$GBGSV,09,,47
2026-06-02T21:13:52.334106,$GBGSV,10,,46
2026-06-02T21:13:52.334968,$GBGSV,23,,45
2026-06-02T21:13:52.334968,$GBGSV,24,,26
2026-06-02T21:13:52.334968,$GBGSV,25,,51
2026-06-02T21:13:52.334968,$GBGSV,33,,49
2026-06-02T21:13:52.335743,$GBGSV,09,,49
2026-06-02T21:13:52.335743,$GBGSV,10,,46
2026-06-02T21:13:53.322240,$GPGSV,01,,32
2026-06-02T21:13:53.322240,$GPGSV,02,,31
2026-06-02T21:13:53.322240,$GPGSV,10,,48
2026-06-02T21:13:53.322240,$GPGSV,16,,28
2026-06-02T21:13:53.323155,$GPGSV,25,,28
2026-06-02T21:13:53.323155,$GPGSV,26,,46
2026-06-02T21:13:53.323155,$GPGSV,28,,44
2026-06-02T21:13:53.323155,$GPGSV,31,,32
2026-06-02T21:13:53.324080,$GPGSV,32,,43
2026-06-02T21:13:53.324080,$GPGSV,41,,45
2026-06-02T21:13:53.324080,$GPGSV,42,,46
2026-06-02T21:13:53.324080,$GPGSV,50,,42
2026-06-02T21:13:53.324996,$GPGSV,01,,31
2026-06-02T21:13:53.324996,$GPGSV,10,,46
2026-06-02T21:13:53.324996,$GPGSV,25,,20
2026-06-02T21:13:53.324996,$GPGSV,26,,44
2026-06-02T21:13:53.325802,$GPGSV,28,,44
2026-06-02T21:13:53.325802,$GPGSV,31,,26
2026-06-02T21:13:53.325802,$GPGSV,32,,35
2026-06-02T21:13:53.328043,$GLGSV,66,,31
2026-06-02T21:13:53.328043,$GLGSV,67,,47
2026-06-02T21:13:53.328043,$GLGSV,68,,40
2026-06-02T21:13:53.328043,$GLGSV,77,,43
2026-06-02T21:13:53.328734,$GLGSV,78,,48
2026-06-02T21:13:53.328734,$GLGSV,79,,36
2026-06-02T21:13:53.329603,$GLGSV,66,,28
2026-06-02T21:13:53.329603,$GLGSV,67,,43
2026-06-02T21:13:53.329603,$GLGSV,68,,44
2026-06-02T21:13:53.329603,$GLGSV,78,,48
2026-06-02T21:13:53.330183,$GLGSV,79,,33
2026-06-02T21:13:53.331687,$GAGSV,05,,49
2026-06-02T21:13:53.331687,$GAGSV,06,,26
2026-06-02T21:13:53.331687,$GAGSV,09,,37
2026-06-02T21:13:53.331687,$GAGSV,16,,49
2026-06-02T21:13:53.332559,$GAGSV,25,,47
2026-06-02T21:13:53.332559,$GAGSV,31,,31
2026-06-02T21:13:53.332559,$GAGSV,34,,39
2026-06-02T21:13:53.332559,$GAGSV,36,,29
2026-06-02T21:13:53.333427,$GAGSV,05,,43
2026-06-02T21:13:53.333427,$GAGSV,06,,25
2026-06-02T21:13:53.333427,$GAGSV,16,,46
2026-06-02T21:13:53.333427,$GAGSV,25,,44
2026-06-02T21:13:53.334101,$GAGSV,34,,37
2026-06-02T21:13:53.334101,$GAGSV,36,,35
2026-06-02T21:13:53.335598,$GBGSV,06,,47
2026-06-02T21:13:53.335598,$GBGSV,07,,44
2026-06-02T21:13:53.335598,$GBGSV,09,,47
2026-06-02T21:13:53.335598,$GBGSV,10,,46
2026-06-02T21:13:53.336460,$GBGSV,23,,47
2026-06-02T21:13:53.336460,$GBGSV,24,,25
2026-06-02T21:13:53.336460,$GBGSV,25,,49
2026-06-02T21:13:53.336460,$GBGSV,33,,49
2026-06-02T21:13:53.337130,$GBGSV,09,,48
2026-06-02T21:13:53.337130,$GBGSV,10,,48
2026-06-02T21:13:54.318438,$GPGSV,01,,36
2026-06-02T21:13:54.318438,$GPGSV,02,,24
2026-06-02T21:13:54.318438,$GPGSV,10,,48
2026-06-02T21:13:54.318438,$GPGSV,25,,27
2026-06-02T21:13:54.319352,$GPGSV,26,,47
2026-06-02T21:13:54.319352,$GPGSV,28,,43
2026-06-02T21:13:54.319352,$GPGSV,31,,38
2026-06-02T21:13:54.319352,$GPGSV,32,,42
2026-06-02T21:13:54.320173,$GPGSV,41,,44
2026-06-02T21:13:54.320173,$GPGSV,42,,46
2026-06-02T21:13:54.320173,$GPGSV,50,,42
2026-06-02T21:13:54.320771,$GPGSV,23,,19
2026-06-02T21:13:54.321633,$GPGSV,01,,31
2026-06-02T21:13:54.321633,$GPGSV,10,,46
2026-06-02T21:13:54.321633,$GPGSV,25,,22
2026-06-02T21:13:54.321633,$GPGSV,26,,46
2026-06-02T21:13:54.322400,$GPGSV,28,,44
2026-06-02T21:13:54.322400,$GPGSV,31,,34
2026-06-02T21:13:54.322400,$GPGSV,32,,39
2026-06-02T21:13:54.324516,$GLGSV,66,,25
2026-06-02T21:13:54.324516,$GLGSV,67,,45
2026-06-02T21:13:54.324516,$GLGSV,68,,39
2026-06-02T21:13:54.324516,$GLGSV,77,,41
2026-06-02T21:13:54.325188,$GLGSV,78,,47
2026-06-02T21:13:54.325188,$GLGSV,79,,40
2026-06-02T21:13:54.326054,$GLGSV,66,,33
2026-06-02T21:13:54.326054,$GLGSV,67,,43
2026-06-02T21:13:54.326054,$GLGSV,68,,40
2026-06-02T21:13:54.326054,$GLGSV,78,,47
2026-06-02T21:13:54.326629,$GLGSV,79,,36
2026-06-02T21:13:54.328135,$GAGSV,05,,47
2026-06-02T21:13:54.328135,$GAGSV,06,,26
2026-06-02T21:13:54.328135,$GAGSV,09,,34
2026-06-02T21:13:54.328135,$GAGSV,16,,50
2026-06-02T21:13:54.329002,$GAGSV,25,,47
2026-06-02T21:13:54.329002,$GAGSV,31,,25
2026-06-02T21:13:54.329002,$GAGSV,34,,31
2026-06-02T21:13:54.329002,$GAGSV,36,,29
2026-06-02T21:13:54.329876,$GAGSV,05,,44
2026-06-02T21:13:54.329876,$GAGSV,16,,46
2026-06-02T21:13:54.329876,$GAGSV,25,,44
2026-06-02T21:13:54.329876,$GAGSV,34,,33
2026-06-02T21:13:54.331445,$GBGSV,06,,46
2026-06-02T21:13:54.331445,$GBGSV,07,,45
2026-06-02T21:13:54.331445,$GBGSV,09,,47
2026-06-02T21:13:54.331445,$GBGSV,10,,44
2026-06-02T21:13:54.332306,$GBGSV,23,,46
2026-06-02T21:13:54.332306,$GBGSV,24,,25
2026-06-02T21:13:54.332306,$GBGSV,25,,50
2026-06-02T21:13:54.332306,$GBGSV,33,,50
2026-06-02T21:13:54.332949,$GBGSV,09,,49
2026-06-02T21:13:54.332949,$GBGSV,10,,48
2026-06-02T21:13:55.322251,$GPGSV,01,,33
2026-06-02T21:13:55.322251,$GPGSV,02,,24
2026-06-02T21:13:55.322251,$GPGSV,10,,48
2026-06-02T21:13:55.322251,$GPGSV,16,,31
2026-06-02T21:13:55.323058,$GPGSV,25,,25
2026-06-02T21:13:55.323058,$GPGSV,26,,46
2026-06-02T21:13:55.323058,$GPGSV,28,,42
2026-06-02T21:13:55.323058,$GPGSV,31,,38
2026-06-02T21:13:55.324138,$GPGSV,32,,41
2026-06-02T21:13:55.324138,$GPGSV,41,,48
2026-06-02T21:13:55.324138,$GPGSV,42,,44
2026-06-02T21:13:55.324138,$GPGSV,50,,43
2026-06-02T21:13:55.325196,$GPGSV,01,,34
2026-06-02T21:13:55.325196,$GPGSV,10,,45
2026-06-02T21:13:55.325196,$GPGSV,23,,23
2026-06-02T21:13:55.325196,$GPGSV,25,,25
2026-06-02T21:13:55.325938,$GPGSV,26,,47
2026-06-02T21:13:55.325938,$GPGSV,28,,44
2026-06-02T21:13:55.325938,$GPGSV,31,,39
2026-06-02T21:13:55.325938,$GPGSV,32,,41
2026-06-02T21:13:55.327281,$GLGSV,66,,34
2026-06-02T21:13:55.327281,$GLGSV,67,,45
2026-06-02T21:13:55.327281,$GLGSV,68,,42
2026-06-02T21:13:55.327281,$GLGSV,77,,41
2026-06-02T21:13:55.327866,$GLGSV,78,,48
2026-06-02T21:13:55.327866,$GLGSV,79,,39
2026-06-02T21:13:55.328607,$GLGSV,66,,35
2026-06-02T21:13:55.328607,$GLGSV,67,,45
2026-06-02T21:13:55.328607,$GLGSV,68,,39
2026-06-02T21:13:55.328607,$GLGSV,78,,48
2026-06-02T21:13:55.329098,$GLGSV,79,,36
2026-06-02T21:13:55.330372,$GAGSV,05,,50
2026-06-02T21:13:55.330372,$GAGSV,06,,24
2026-06-02T21:13:55.330372,$GAGSV,09,,32
2026-06-02T21:13:55.330372,$GAGSV,16,,51
2026-06-02T21:13:55.331117,$GAGSV,25,,47
2026-06-02T21:13:55.331117,$GAGSV,31,,26
2026-06-02T21:13:55.331117,$GAGSV,34,,26
2026-06-02T21:13:55.331117,$GAGSV,36,,23
2026-06-02T21:13:55.331921,$GAGSV,05,,43
2026-06-02T21:13:55.331921,$GAGSV,06,,26
2026-06-02T21:13:55.331921,$GAGSV,16,,45
2026-06-02T21:13:55.331921,$GAGSV,25,,43
2026-06-02T21:13:55.332572,$GAGSV,34,,38
2026-06-02T21:13:55.332572,$GAGSV,36,,34
2026-06-02T21:13:55.333877,$GBGSV,06,,47
2026-06-02T21:13:55.333877,$GBGSV,07,,46
2026-06-02T21:13:55.333877,$GBGSV,09,,48
2026-06-02T21:13:55.333877,$GBGSV,10,,45
2026-06-02T21:13:55.334614,$GBGSV,23,,44
2026-06-02T21:13:55.334614,$GBGSV,24,,25
2026-06-02T21:13:55.334614,$GBGSV,25,,50
2026-06-02T21:13:55.334614,$GBGSV,33,,50
2026-06-02T21:13:55.335185,$GBGSV,09,,49
2026-06-02T21:13:55.335185,$GBGSV,10,,46
2026-06-02T21:13:56.327984,$GPGSV,01,,35
2026-06-02T21:13:56.327984,$GPGSV,02,,31
2026-06-02T21:13:56.327984,$GPGSV,10,,46
2026-06-02T21:13:56.327984,$GPGSV,16,,32
2026-06-02T21:13:56.328740,$GPGSV,25,,24
2026-06-02T21:13:56.328740,$GPGSV,26,,47
2026-06-02T21:13:56.328740,$GPGSV,28,,44
2026-06-02T21:13:56.328740,$GPGSV,31,,41
2026-06-02T21:13:56.329763,$GPGSV,32,,42
2026-06-02T21:13:56.329763,$GPGSV,41,,46
2026-06-02T21:13:56.329763,$GPGSV,42,,48
2026-06-02T21:13:56.329763,$GPGSV,50,,42
2026-06-02T21:13:56.330786,$GPGSV,01,,37
2026-06-02T21:13:56.330786,$GPGSV,10,,45
2026-06-02T21:13:56.330786,$GPGSV,23,,22
2026-06-02T21:13:56.330786,$GPGSV,25,,23
2026-06-02T21:13:56.331528,$GPGSV,26,,45
2026-06-02T21:13:56.331528,$GPGSV,28,,45
2026-06-02T21:13:56.331528,$GPGSV,31,,39
2026-06-02T21:13:56.331528,$GPGSV,32,,37
2026-06-02T21:13:56.332881,$GLGSV,66,,34
2026-06-02T21:13:56.332881,$GLGSV,67,,44
2026-06-02T21:13:56.332881,$GLGSV,68,,41
2026-06-02T21:13:56.332881,$GLGSV,77,,41
2026-06-02T21:13:56.333456,$GLGSV,78,,48
2026-06-02T21:13:56.333456,$GLGSV,79,,42
2026-06-02T21:13:56.334194,$GLGSV,66,,25
2026-06-02T21:13:56.334194,$GLGSV,67,,41
2026-06-02T21:13:56.334194,$GLGSV,68,,38
2026-06-02T21:13:56.334194,$GLGSV,78,,49
2026-06-02T21:13:56.334687,$GLGSV,79,,33
2026-06-02T21:13:56.336014,$GAGSV,05,,49
2026-06-02T21:13:56.336014,$GAGSV,06,,30
2026-06-02T21:13:56.336014,$GAGSV,09,,32
2026-06-02T21:13:56.336014,$GAGSV,16,,52
2026-06-02T21:13:56.336764,$GAGSV,25,,48
2026-06-02T21:13:56.336764,$GAGSV,31,,30
2026-06-02T21:13:56.336764,$GAGSV,34,,32
2026-06-02T21:13:56.336764,$GAGSV,36,,38
2026-06-02T21:13:56.337484,$GAGSV,05,,41
2026-06-02T21:13:56.337484,$GAGSV,06,,25
2026-06-02T21:13:56.337484,$GAGSV,16,,46
2026-06-02T21:13:56.337484,$GAGSV,25,,43
2026-06-02T21:13:56.338048,$GAGSV,34,,31
2026-06-02T21:13:56.338048,$GAGSV,36,,35
2026-06-02T21:13:56.339315,$GBGSV,06,,48
2026-06-02T21:13:56.339315,$GBGSV,07,,45
2026-06-02T21:13:56.339315,$GBGSV,09,,46
2026-06-02T21:13:56.339315,$GBGSV,10,,46
2026-06-02T21:13:56.340180,$GBGSV,23,,47
2026-06-02T21:13:56.340180,$GBGSV,24,,24
2026-06-02T21:13:56.340180,$GBGSV,25,,50
2026-06-02T21:13:56.340180,$GBGSV,33,,50
2026-06-02T21:13:56.340735,$GBGSV,09,,49
2026-06-02T21:13:56.340735,$GBGSV,10,,46
2026-06-02T21:13:57.326489,$GPGSV,01,,32
2026-06-02T21:13:57.326489,$GPGSV,02,,35
2026-06-02T21:13:57.326489,$GPGSV,10,,44
2026-06-02T21:13:57.326489,$GPGSV,16,,36
2026-06-02T21:13:57.327403,$GPGSV,25,,23
2026-06-02T21:13:57.327403,$GPGSV,26,,45
2026-06-02T21:13:57.327403,$GPGSV,28,,44
2026-06-02T21:13:57.327403,$GPGSV,31,,44
2026-06-02T21:13:57.328321,$GPGSV,32,,41
2026-06-02T21:13:57.328321,$GPGSV,41,,42
2026-06-02T21:13:57.328321,$GPGSV,42,,49
2026-06-02T21:13:57.328321,$GPGSV,50,,44
2026-06-02T21:13:57.329229,$GPGSV,01,,32
2026-06-02T21:13:57.329229,$GPGSV,10,,44
2026-06-02T21:13:57.329229,$GPGSV,23,,22
2026-06-02T21:13:57.329229,$GPGSV,25,,22
2026-06-02T21:13:57.330133,$GPGSV,26,,48
2026-06-02T21:13:57.330133,$GPGSV,28,,45
2026-06-02T21:13:57.330133,$GPGSV,31,,40
2026-06-02T21:13:57.330133,$GPGSV,32,,38
2026-06-02T21:13:57.331784,$GLGSV,66,,37
2026-06-02T21:13:57.331784,$GLGSV,67,,42
2026-06-02T21:13:57.331784,$GLGSV,68,,35
2026-06-02T21:13:57.331784,$GLGSV,77,,39
2026-06-02T21:13:57.332491,$GLGSV,78,,48
2026-06-02T21:13:57.332491,$GLGSV,79,,42
2026-06-02T21:13:57.333397,$GLGSV,66,,37
2026-06-02T21:13:57.333397,$GLGSV,67,,43
2026-06-02T21:13:57.333397,$GLGSV,68,,41
2026-06-02T21:13:57.333397,$GLGSV,78,,50
2026-06-02T21:13:57.333996,$GLGSV,79,,34
2026-06-02T21:13:57.335518,$GAGSV,05,,48
2026-06-02T21:13:57.335518,$GAGSV,06,,26
2026-06-02T21:13:57.335518,$GAGSV,09,,35
2026-06-02T21:13:57.335518,$GAGSV,16,,52
2026-06-02T21:13:57.336392,$GAGSV,25,,48
2026-06-02T21:13:57.336392,$GAGSV,31,,29
2026-06-02T21:13:57.336392,$GAGSV,34,,32
2026-06-02T21:13:57.336392,$GAGSV,36,,45
2026-06-02T21:13:57.337259,$GAGSV,05,,44
2026-06-02T21:13:57.337259,$GAGSV,09,,33
2026-06-02T21:13:57.337259,$GAGSV,16,,47
2026-06-02T21:13:57.337259,$GAGSV,25,,43
2026-06-02T21:13:57.337928,$GAGSV,34,,39
2026-06-02T21:13:57.337928,$GAGSV,36,,32
2026-06-02T21:13:57.339401,$GBGSV,06,,47
2026-06-02T21:13:57.339401,$GBGSV,07,,45
2026-06-02T21:13:57.339401,$GBGSV,09,,46
2026-06-02T21:13:57.339401,$GBGSV,10,,46
2026-06-02T21:13:57.340359,$GBGSV,23,,35
2026-06-02T21:13:57.340359,$GBGSV,24,,29
2026-06-02T21:13:57.340359,$GBGSV,25,,50
2026-06-02T21:13:57.340359,$GBGSV,33,,49
2026-06-02T21:13:57.341029,$GBGSV,09,,49
2026-06-02T21:13:57.341029,$GBGSV,10,,47
2026-06-02T21:13:58.325248,$GPGSV,01,,37
2026-06-02T21:13:58.325248,$GPGSV,02,,37
2026-06-02T21:13:58.325248,$GPGSV,10,,46
2026-06-02T21:13:58.325248,$GPGSV,16,,38
2026-06-02T21:13:58.325939,$GPGSV,25,,21
2026-06-02T21:13:58.325939,$GPGSV,26,,47
2026-06-02T21:13:58.325939,$GPGSV,28,,46
2026-06-02T21:13:58.325939,$GPGSV,31,,39
2026-06-02T21:13:58.326620,$GPGSV,32,,43
2026-06-02T21:13:58.326620,$GPGSV,41,,45
2026-06-02T21:13:58.326620,$GPGSV,42,,46
2026-06-02T21:13:58.326620,$GPGSV,50,,43
2026-06-02T21:13:58.327295,$GPGSV,01,,42
2026-06-02T21:13:58.327295,$GPGSV,10,,44
2026-06-02T21:13:58.327295,$GPGSV,23,,24
2026-06-02T21:13:58.327295,$GPGSV,25,,23
2026-06-02T21:13:58.327998,$GPGSV,26,,43
2026-06-02T21:13:58.327998,$GPGSV,28,,43
2026-06-02T21:13:58.327998,$GPGSV,31,,39
2026-06-02T21:13:58.327998,$GPGSV,32,,39
2026-06-02T21:13:58.329280,$GLGSV,66,,35
2026-06-02T21:13:58.329280,$GLGSV,67,,42
2026-06-02T21:13:58.329280,$GLGSV,68,,38
2026-06-02T21:13:58.329280,$GLGSV,77,,38
2026-06-02T21:13:58.329771,$GLGSV,78,,47
2026-06-02T21:13:58.329771,$GLGSV,79,,40
2026-06-02T21:13:58.330420,$GLGSV,66,,38
2026-06-02T21:13:58.330420,$GLGSV,67,,46
2026-06-02T21:13:58.330420,$GLGSV,68,,41
2026-06-02T21:13:58.330420,$GLGSV,78,,49
2026-06-02T21:13:58.330801,$GLGSV,79,,32
2026-06-02T21:13:58.332360,$GAGSV,05,,48
2026-06-02T21:13:58.332360,$GAGSV,06,,24
2026-06-02T21:13:58.332360,$GAGSV,09,,28
2026-06-02T21:13:58.332360,$GAGSV,16,,51
2026-06-02T21:13:58.332942,$GAGSV,25,,48
2026-06-02T21:13:58.332942,$GAGSV,34,,33
2026-06-02T21:13:58.332942,$GAGSV,36,,44
2026-06-02T21:13:58.333694,$GAGSV,05,,43
2026-06-02T21:13:58.333694,$GAGSV,16,,44
2026-06-02T21:13:58.333694,$GAGSV,25,,45
2026-06-02T21:13:58.333694,$GAGSV,34,,31
2026-06-02T21:13:58.334057,$GAGSV,36,,35
2026-06-02T21:13:58.335230,$GBGSV,06,,46
2026-06-02T21:13:58.335230,$GBGSV,07,,46
2026-06-02T21:13:58.335230,$GBGSV,09,,46
2026-06-02T21:13:58.335230,$GBGSV,10,,46
2026-06-02T21:13:58.335932,$GBGSV,23,,44
2026-06-02T21:13:58.335932,$GBGSV,24,,29
2026-06-02T21:13:58.335932,$GBGSV,25,,48
2026-06-02T21:13:58.335932,$GBGSV,33,,49
2026-06-02T21:13:58.336473,$GBGSV,09,,49
2026-06-02T21:13:58.336473,$GBGSV,10,,49
2026-06-02T21:13:59.333152,$GPGSV,01,,41
2026-06-02T21:13:59.333152,$GPGSV,02,,34
2026-06-02T21:13:59.333152,$GPGSV,10,,48
2026-06-02T21:13:59.333152,$GPGSV,16,,33
2026-06-02T21:13:59.335294,$GPGSV,25,,20
2026-06-02T21:13:59.335294,$GPGSV,26,,42
2026-06-02T21:13:59.335294,$GPGSV,28,,45
2026-06-02T21:13:59.335294,$GPGSV,31,,42
2026-06-02T21:13:59.337441,$GPGSV,32,,44
2026-06-02T21:13:59.337441,$GPGSV,41,,44
2026-06-02T21:13:59.337441,$GPGSV,42,,41
2026-06-02T21:13:59.337441,$GPGSV,50,,41
2026-06-02T21:13:59.339549,$GPGSV,01,,44
2026-06-02T21:13:59.339549,$GPGSV,10,,43
2026-06-02T21:13:59.339549,$GPGSV,25,,25
2026-06-02T21:13:59.339549,$GPGSV,26,,45
2026-06-02T21:13:59.341358,$GPGSV,28,,44
2026-06-02T21:13:59.341358,$GPGSV,31,,38
2026-06-02T21:13:59.341358,$GPGSV,32,,40
2026-06-02T21:13:59.346617,$GLGSV,66,,39
2026-06-02T21:13:59.346617,$GLGSV,67,,47
2026-06-02T21:13:59.346617,$GLGSV,68,,33
2026-06-02T21:13:59.346617,$GLGSV,77,,38
2026-06-02T21:13:59.348398,$GLGSV,78,,46
2026-06-02T21:13:59.348398,$GLGSV,79,,42
2026-06-02T21:13:59.350702,$GLGSV,66,,36
2026-06-02T21:13:59.350702,$GLGSV,67,,44
2026-06-02T21:13:59.350702,$GLGSV,68,,38
2026-06-02T21:13:59.350702,$GLGSV,78,,48
2026-06-02T21:13:59.351514,$GLGSV,79,,31
2026-06-02T21:13:59.354001,$GAGSV,05,,49
2026-06-02T21:13:59.354001,$GAGSV,06,,25
2026-06-02T21:13:59.354001,$GAGSV,09,,36
2026-06-02T21:13:59.354001,$GAGSV,16,,51
2026-06-02T21:13:59.355403,$GAGSV,25,,50
2026-06-02T21:13:59.355403,$GAGSV,31,,32
2026-06-02T21:13:59.355403,$GAGSV,34,,36
2026-06-02T21:13:59.355403,$GAGSV,36,,43
2026-06-02T21:13:59.356529,$GAGSV,05,,42
2026-06-02T21:13:59.356529,$GAGSV,09,,28
2026-06-02T21:13:59.356529,$GAGSV,16,,45
2026-06-02T21:13:59.356529,$GAGSV,25,,44
2026-06-02T21:13:59.357121,$GAGSV,34,,31
2026-06-02T21:13:59.358947,$GBGSV,06,,47
2026-06-02T21:13:59.358947,$GBGSV,07,,46
2026-06-02T21:13:59.358947,$GBGSV,09,,46
2026-06-02T21:13:59.358947,$GBGSV,10,,46
2026-06-02T21:13:59.360000,$GBGSV,23,,40
2026-06-02T21:13:59.360000,$GBGSV,24,,34
2026-06-02T21:13:59.360000,$GBGSV,25,,48
2026-06-02T21:13:59.360000,$GBGSV,33,,49
2026-06-02T21:13:59.360723,$GBGSV,09,,48
2026-06-02T21:13:59.360723,$GBGSV,10,,46
2026-06-02T21:14:00.314915,$GPGSV,01,,37
2026-06-02T21:14:00.314915,$GPGSV,02,,34
2026-06-02T21:14:00.314915,$GPGSV,10,,48
2026-06-02T21:14:00.314915,$GPGSV,16,,36
2026-06-02T21:14:00.315662,$GPGSV,25,,21
2026-06-02T21:14:00.315662,$GPGSV,26,,45
2026-06-02T21:14:00.315662,$GPGSV,28,,45
2026-06-02T21:14:00.315662,$GPGSV,31,,38
2026-06-02T21:14:00.316382,$GPGSV,32,,43
2026-06-02T21:14:00.316382,$GPGSV,41,,44
2026-06-02T21:14:00.316382,$GPGSV,42,,46
2026-06-02T21:14:00.316382,$GPGSV,50,,42
2026-06-02T21:14:00.317098,$GPGSV,01,,44
2026-06-02T21:14:00.317098,$GPGSV,10,,42
2026-06-02T21:14:00.317098,$GPGSV,25,,22
2026-06-02T21:14:00.317098,$GPGSV,26,,47
2026-06-02T21:14:00.317701,$GPGSV,28,,41
2026-06-02T21:14:00.317701,$GPGSV,31,,38
2026-06-02T21:14:00.317701,$GPGSV,32,,38
2026-06-02T21:14:00.319419,$GLGSV,66,,40
2026-06-02T21:14:00.319419,$GLGSV,67,,47
2026-06-02T21:14:00.319419,$GLGSV,68,,36
2026-06-02T21:14:00.319419,$GLGSV,77,,42
2026-06-02T21:14:00.319937,$GLGSV,78,,45
2026-06-02T21:14:00.319937,$GLGSV,79,,37
2026-06-02T21:14:00.320665,$GLGSV,66,,36
2026-06-02T21:14:00.320665,$GLGSV,67,,47
2026-06-02T21:14:00.320665,$GLGSV,68,,38
2026-06-02T21:14:00.320665,$GLGSV,78,,47
2026-06-02T21:14:00.321058,$GLGSV,79,,38
2026-06-02T21:14:00.322272,$GAGSV,05,,47
2026-06-02T21:14:00.322272,$GAGSV,06,,24
2026-06-02T21:14:00.322272,$GAGSV,09,,29
2026-06-02T21:14:00.322272,$GAGSV,16,,50
2026-06-02T21:14:00.323145,$GAGSV,25,,48
2026-06-02T21:14:00.323145,$GAGSV,31,,28
2026-06-02T21:14:00.323145,$GAGSV,34,,30
2026-06-02T21:14:00.323145,$GAGSV,36,,40
2026-06-02T21:14:00.324031,$GAGSV,05,,41
2026-06-02T21:14:00.324031,$GAGSV,16,,44
2026-06-02T21:14:00.324031,$GAGSV,25,,44
2026-06-02T21:14:00.324031,$GAGSV,34,,30
2026-06-02T21:14:00.324609,$GAGSV,36,,36
2026-06-02T21:14:00.325820,$GBGSV,06,,46
2026-06-02T21:14:00.325820,$GBGSV,07,,46
2026-06-02T21:14:00.325820,$GBGSV,09,,46
2026-06-02T21:14:00.325820,$GBGSV,10,,45
2026-06-02T21:14:00.326501,$GBGSV,23,,44
2026-06-02T21:14:00.326501,$GBGSV,24,,21
2026-06-02T21:14:00.326501,$GBGSV,25,,50
2026-06-02T21:14:00.326501,$GBGSV,33,,49
2026-06-02T21:14:00.326983,$GBGSV,09,,49
2026-06-02T21:14:00.326983,$GBGSV,10,,48
2026-06-02T21:14:01.329140,$GPGSV,01,,41
2026-06-02T21:14:01.329140,$GPGSV,02,,37
2026-06-02T21:14:01.329140,$GPGSV,10,,47
2026-06-02T21:14:01.329140,$GPGSV,16,,38
2026-06-02T21:14:01.329844,$GPGSV,25,,19
2026-06-02T21:14:01.329844,$GPGSV,26,,46
2026-06-02T21:14:01.329844,$GPGSV,28,,46
2026-06-02T21:14:01.329844,$GPGSV,31,,40
2026-06-02T21:14:01.330526,$GPGSV,32,,41
2026-06-02T21:14:01.330526,$GPGSV,41,,41
2026-06-02T21:14:01.330526,$GPGSV,42,,42
2026-06-02T21:14:01.330526,$GPGSV,50,,42
2026-06-02T21:14:01.330916,$GPGSV,23,,22
2026-06-02T21:14:01.331595,$GPGSV,01,,42
2026-06-02T21:14:01.331595,$GPGSV,10,,42
2026-06-02T21:14:01.331595,$GPGSV,25,,23
2026-06-02T21:14:01.331595,$GPGSV,26,,47
2026-06-02T21:14:01.332181,$GPGSV,28,,45
2026-06-02T21:14:01.332181,$GPGSV,31,,42
2026-06-02T21:14:01.332181,$GPGSV,32,,39
2026-06-02T21:14:01.333458,$GLGSV,66,,39
2026-06-02T21:14:01.333458,$GLGSV,67,,44
2026-06-02T21:14:01.333458,$GLGSV,68,,33
2026-06-02T21:14:01.333458,$GLGSV,77,,43
2026-06-02T21:14:01.333943,$GLGSV,78,,48
2026-06-02T21:14:01.333943,$GLGSV,79,,37
2026-06-02T21:14:01.334755,$GLGSV,66,,42
2026-06-02T21:14:01.334755,$GLGSV,67,,47
2026-06-02T21:14:01.334755,$GLGSV,68,,38
2026-06-02T21:14:01.334755,$GLGSV,78,,48
2026-06-02T21:14:01.335176,$GLGSV,79,,42
2026-06-02T21:14:01.336402,$GAGSV,05,,47
2026-06-02T21:14:01.336402,$GAGSV,06,,31
2026-06-02T21:14:01.336402,$GAGSV,09,,36
2026-06-02T21:14:01.336402,$GAGSV,16,,50
2026-06-02T21:14:01.337087,$GAGSV,25,,49
2026-06-02T21:14:01.337087,$GAGSV,31,,33
2026-06-02T21:14:01.337087,$GAGSV,34,,38
2026-06-02T21:14:01.337087,$GAGSV,36,,45
2026-06-02T21:14:01.337768,$GAGSV,05,,43
2026-06-02T21:14:01.337768,$GAGSV,06,,27
2026-06-02T21:14:01.337768,$GAGSV,16,,44
2026-06-02T21:14:01.337768,$GAGSV,25,,44
2026-06-02T21:14:01.338351,$GAGSV,31,,26
2026-06-02T21:14:01.338351,$GAGSV,34,,30
2026-06-02T21:14:01.338351,$GAGSV,36,,38
2026-06-02T21:14:01.339528,$GBGSV,06,,48
2026-06-02T21:14:01.339528,$GBGSV,07,,46
2026-06-02T21:14:01.339528,$GBGSV,09,,47
2026-06-02T21:14:01.339528,$GBGSV,10,,45
2026-06-02T21:14:01.340207,$GBGSV,23,,48
2026-06-02T21:14:01.340207,$GBGSV,24,,29
2026-06-02T21:14:01.340207,$GBGSV,25,,49
2026-06-02T21:14:01.340207,$GBGSV,33,,49
2026-06-02T21:14:01.340675,$GBGSV,09,,49
2026-06-02T21:14:01.340675,$GBGSV,10,,48
2026-06-02T21:14:02.325440,$GPGSV,01,,40
2026-06-02T21:14:02.325440,$GPGSV,02,,36
2026-06-02T21:14:02.325440,$GPGSV,10,,46
2026-06-02T21:14:02.325440,$GPGSV,16,,34
2026-06-02T21:14:02.326184,$GPGSV,25,,20
2026-06-02T21:14:02.326184,$GPGSV,26,,47
2026-06-02T21:14:02.326184,$GPGSV,28,,45
2026-06-02T21:14:02.326184,$GPGSV,31,,40
2026-06-02T21:14:02.326902,$GPGSV,32,,40
2026-06-02T21:14:02.326902,$GPGSV,41,,44
2026-06-02T21:14:02.326902,$GPGSV,42,,46
2026-06-02T21:14:02.326902,$GPGSV,50,,43
2026-06-02T21:14:02.327625,$GPGSV,01,,42
2026-06-02T21:14:02.327625,$GPGSV,10,,44
2026-06-02T21:14:02.327625,$GPGSV,23,,24
2026-06-02T21:14:02.327625,$GPGSV,25,,29
2026-06-02T21:14:02.328339,$GPGSV,26,,45
2026-06-02T21:14:02.328339,$GPGSV,28,,46
2026-06-02T21:14:02.328339,$GPGSV,31,,43
2026-06-02T21:14:02.328339,$GPGSV,32,,39
2026-06-02T21:14:02.329681,$GLGSV,66,,35
2026-06-02T21:14:02.329681,$GLGSV,67,,41
2026-06-02T21:14:02.329681,$GLGSV,68,,39
2026-06-02T21:14:02.329681,$GLGSV,77,,39
2026-06-02T21:14:02.330192,$GLGSV,78,,49
2026-06-02T21:14:02.330192,$GLGSV,79,,37
2026-06-02T21:14:02.330900,$GLGSV,66,,42
2026-06-02T21:14:02.330900,$GLGSV,67,,43
2026-06-02T21:14:02.330900,$GLGSV,68,,35
2026-06-02T21:14:02.330900,$GLGSV,78,,48
2026-06-02T21:14:02.331287,$GLGSV,79,,39
2026-06-02T21:14:02.332781,$GAGSV,05,,47
2026-06-02T21:14:02.332781,$GAGSV,06,,24
2026-06-02T21:14:02.332781,$GAGSV,09,,32
2026-06-02T21:14:02.332781,$GAGSV,16,,52
2026-06-02T21:14:02.333469,$GAGSV,25,,49
2026-06-02T21:14:02.333469,$GAGSV,31,,29
2026-06-02T21:14:02.333469,$GAGSV,34,,30
2026-06-02T21:14:02.333469,$GAGSV,36,,39
2026-06-02T21:14:02.334145,$GAGSV,05,,42
2026-06-02T21:14:02.334145,$GAGSV,06,,23
2026-06-02T21:14:02.334145,$GAGSV,16,,46
2026-06-02T21:14:02.334145,$GAGSV,25,,42
2026-06-02T21:14:02.334702,$GAGSV,34,,38
2026-06-02T21:14:02.334702,$GAGSV,36,,38
2026-06-02T21:14:02.335929,$GBGSV,06,,47
2026-06-02T21:14:02.335929,$GBGSV,07,,47
2026-06-02T21:14:02.335929,$GBGSV,09,,46
2026-06-02T21:14:02.335929,$GBGSV,10,,46
2026-06-02T21:14:02.336616,$GBGSV,23,,46
2026-06-02T21:14:02.336616,$GBGSV,24,,23
2026-06-02T21:14:02.336616,$GBGSV,25,,48
2026-06-02T21:14:02.336616,$GBGSV,33,,47
2026-06-02T21:14:02.337103,$GBGSV,09,,48
2026-06-02T21:14:02.337103,$GBGSV,10,,47
2026-06-02T21:14:03.324848,$GPGSV,01,,41
2026-06-02T21:14:03.324848,$GPGSV,02,,36
2026-06-02T21:14:03.324848,$GPGSV,10,,46
2026-06-02T21:14:03.324848,$GPGSV,16,,34
2026-06-02T21:14:03.325657,$GPGSV,25,,21
2026-06-02T21:14:03.325657,$GPGSV,26,,47
2026-06-02T21:14:03.325657,$GPGSV,28,,45
2026-06-02T21:14:03.325657,$GPGSV,31,,40
2026-06-02T21:14:03.326412,$GPGSV,32,,39
2026-06-02T21:14:03.326412,$GPGSV,41,,44
2026-06-02T21:14:03.326412,$GPGSV,42,,46
2026-06-02T21:14:03.326412,$GPGSV,50,,45
2026-06-02T21:14:03.327144,$GPGSV,01,,42
2026-06-02T21:14:03.327144,$GPGSV,10,,44
2026-06-02T21:14:03.327144,$GPGSV,23,,26
2026-06-02T21:14:03.327144,$GPGSV,25,,28
2026-06-02T21:14:03.327866,$GPGSV,26,,45
2026-06-02T21:14:03.327866,$GPGSV,28,,47
2026-06-02T21:14:03.327866,$GPGSV,31,,43
2026-06-02T21:14:03.327866,$GPGSV,32,,39
2026-06-02T21:14:03.329209,$GLGSV,66,,34
2026-06-02T21:14:03.329209,$GLGSV,67,,41
2026-06-02T21:14:03.329209,$GLGSV,68,,39
2026-06-02T21:14:03.329209,$GLGSV,77,,40
2026-06-02T21:14:03.329718,$GLGSV,78,,49
2026-06-02T21:14:03.329718,$GLGSV,79,,37
2026-06-02T21:14:03.330422,$GLGSV,66,,42
2026-06-02T21:14:03.330422,$GLGSV,67,,44
2026-06-02T21:14:03.330422,$GLGSV,68,,35
2026-06-02T21:14:03.330422,$GLGSV,78,,48
2026-06-02T21:14:03.330826,$GLGSV,79,,39
2026-06-02T21:14:03.332100,$GAGSV,05,,47
2026-06-02T21:14:03.332100,$GAGSV,06,,24
2026-06-02T21:14:03.332100,$GAGSV,09,,30
2026-06-02T21:14:03.332100,$GAGSV,16,,52
2026-06-02T21:14:03.333351,$GAGSV,25,,49
2026-06-02T21:14:03.333351,$GAGSV,31,,30
2026-06-02T21:14:03.333351,$GAGSV,34,,31
2026-06-02T21:14:03.333351,$GAGSV,36,,38
2026-06-02T21:14:03.334259,$GAGSV,05,,42
2026-06-02T21:14:03.334259,$GAGSV,16,,46
2026-06-02T21:14:03.334259,$GAGSV,25,,42
2026-06-02T21:14:03.334259,$GAGSV,34,,38
2026-06-02T21:14:03.334866,$GAGSV,36,,37
2026-06-02T21:14:03.336360,$GBGSV,06,,47
2026-06-02T21:14:03.336360,$GBGSV,07,,47
2026-06-02T21:14:03.336360,$GBGSV,09,,46
2026-06-02T21:14:03.336360,$GBGSV,10,,46
2026-06-02T21:14:03.337225,$GBGSV,23,,45
2026-06-02T21:14:03.337225,$GBGSV,24,,25
2026-06-02T21:14:03.337225,$GBGSV,25,,47
2026-06-02T21:14:03.337225,$GBGSV,33,,47
2026-06-02T21:14:03.337897,$GBGSV,09,,48
2026-06-02T21:14:03.337897,$GBGSV,10,,47
2026-06-02T21:14:04.334560,$GPGSV,01,,41
2026-06-02T21:14:04.334560,$GPGSV,02,,36
2026-06-02T21:14:04.334560,$GPGSV,10,,46
2026-06-02T21:14:04.334560,$GPGSV,16,,34
2026-06-02T21:14:04.337310,$GPGSV,25,,21
2026-06-02T21:14:04.337310,$GPGSV,26,,47
2026-06-02T21:14:04.337310,$GPGSV,28,,45
2026-06-02T21:14:04.337310,$GPGSV,31,,40
2026-06-02T21:14:04.338517,$GPGSV,32,,40
2026-06-02T21:14:04.338517,$GPGSV,41,,44
2026-06-02T21:14:04.338517,$GPGSV,42,,45
2026-06-02T21:14:04.338517,$GPGSV,50,,44
2026-06-02T21:14:04.339369,$GPGSV,01,,43
2026-06-02T21:14:04.339369,$GPGSV,10,,44
2026-06-02T21:14:04.339369,$GPGSV,23,,27
2026-06-02T21:14:04.339369,$GPGSV,25,,27
2026-06-02T21:14:04.340219,$GPGSV,26,,44
2026-06-02T21:14:04.340219,$GPGSV,28,,46
2026-06-02T21:14:04.340219,$GPGSV,31,,42
2026-06-02T21:14:04.340219,$GPGSV,32,,39
2026-06-02T21:14:04.341722,$GLGSV,66,,33
2026-06-02T21:14:04.341722,$GLGSV,67,,42
2026-06-02T21:14:04.341722,$GLGSV,68,,39
2026-06-02T21:14:04.341722,$GLGSV,77,,41
2026-06-02T21:14:04.342394,$GLGSV,78,,49
2026-06-02T21:14:04.342394,$GLGSV,79,,38
2026-06-02T21:14:04.343309,$GLGSV,66,,42
2026-06-02T21:14:04.343309,$GLGSV,67,,43
2026-06-02T21:14:04.343309,$GLGSV,68,,36
2026-06-02T21:14:04.343309,$GLGSV,78,,48
2026-06-02T21:14:04.343872,$GLGSV,79,,39
2026-06-02T21:14:04.345290,$GAGSV,05,,47
2026-06-02T21:14:04.345290,$GAGSV,06,,24
2026-06-02T21:14:04.345290,$GAGSV,09,,30
2026-06-02T21:14:04.345290,$GAGSV,16,,52
2026-06-02T21:14:04.346114,$GAGSV,25,,48
2026-06-02T21:14:04.346114,$GAGSV,31,,31
2026-06-02T21:14:04.346114,$GAGSV,34,,31
2026-06-02T21:14:04.346114,$GAGSV,36,,35
2026-06-02T21:14:04.346939,$GAGSV,05,,42
2026-06-02T21:14:04.346939,$GAGSV,06,,22
2026-06-02T21:14:04.346939,$GAGSV,16,,46
2026-06-02T21:14:04.346939,$GAGSV,25,,42
2026-06-02T21:14:04.347591,$GAGSV,34,,38
2026-06-02T21:14:04.347591,$GAGSV,36,,34
2026-06-02T21:14:04.349006,$GBGSV,06,,47
2026-06-02T21:14:04.349006,$GBGSV,07,,47
2026-06-02T21:14:04.349006,$GBGSV,09,,46
2026-06-02T21:14:04.349006,$GBGSV,10,,46
2026-06-02T21:14:04.349832,$GBGSV,23,,45
2026-06-02T21:14:04.349832,$GBGSV,24,,27
2026-06-02T21:14:04.349832,$GBGSV,25,,48
2026-06-02T21:14:04.349832,$GBGSV,33,,48
2026-06-02T21:14:04.350473,$GBGSV,09,,48
2026-06-02T21:14:04.350473,$GBGSV,10,,47
2026-06-02T21:14:05.324611,$GPGSV,01,,40
2026-06-02T21:14:05.324611,$GPGSV,02,,35
2026-06-02T21:14:05.324611,$GPGSV,10,,45
2026-06-02T21:14:05.324611,$GPGSV,16,,38
2026-06-02T21:14:05.325490,$GPGSV,25,,22
2026-06-02T21:14:05.325490,$GPGSV,26,,47
2026-06-02T21:14:05.325490,$GPGSV,28,,45
2026-06-02T21:14:05.325490,$GPGSV,31,,40
2026-06-02T21:14:05.326361,$GPGSV,32,,38
2026-06-02T21:14:05.326361,$GPGSV,41,,43
2026-06-02T21:14:05.326361,$GPGSV,42,,45
2026-06-02T21:14:05.326361,$GPGSV,50,,42
2026-06-02T21:14:05.327230,$GPGSV,01,,42
2026-06-02T21:14:05.327230,$GPGSV,10,,44
2026-06-02T21:14:05.327230,$GPGSV,23,,27
2026-06-02T21:14:05.327230,$GPGSV,25,,27
2026-06-02T21:14:05.328106,$GPGSV,26,,43
2026-06-02T21:14:05.328106,$GPGSV,28,,47
2026-06-02T21:14:05.328106,$GPGSV,31,,42
2026-06-02T21:14:05.328106,$GPGSV,32,,39
2026-06-02T21:14:05.329928,$GLGSV,66,,32
2026-06-02T21:14:05.329928,$GLGSV,67,,41
2026-06-02T21:14:05.329928,$GLGSV,68,,39
2026-06-02T21:14:05.329928,$GLGSV,77,,42
2026-06-02T21:14:05.330430,$GLGSV,78,,49
2026-06-02T21:14:05.330430,$GLGSV,79,,37
2026-06-02T21:14:05.331106,$GLGSV,66,,42
2026-06-02T21:14:05.331106,$GLGSV,67,,43
2026-06-02T21:14:05.331106,$GLGSV,68,,37
2026-06-02T21:14:05.331106,$GLGSV,78,,48
2026-06-02T21:14:05.331477,$GLGSV,79,,39
2026-06-02T21:14:05.332769,$GAGSV,05,,48
2026-06-02T21:14:05.332769,$GAGSV,06,,23
2026-06-02T21:14:05.332769,$GAGSV,09,,30
2026-06-02T21:14:05.332769,$GAGSV,16,,52
2026-06-02T21:14:05.333569,$GAGSV,25,,48
2026-06-02T21:14:05.333569,$GAGSV,31,,30
2026-06-02T21:14:05.333569,$GAGSV,34,,32
2026-06-02T21:14:05.333569,$GAGSV,36,,34
2026-06-02T21:14:05.334371,$GAGSV,05,,43
2026-06-02T21:14:05.334371,$GAGSV,06,,20
2026-06-02T21:14:05.334371,$GAGSV,16,,46
2026-06-02T21:14:05.334371,$GAGSV,25,,41
2026-06-02T21:14:05.335103,$GAGSV,34,,38
2026-06-02T21:14:05.335103,$GAGSV,36,,35
2026-06-02T21:14:05.336637,$GBGSV,06,,47
2026-06-02T21:14:05.336637,$GBGSV,07,,47
2026-06-02T21:14:05.336637,$GBGSV,09,,46
2026-06-02T21:14:05.336637,$GBGSV,10,,47
2026-06-02T21:14:05.337403,$GBGSV,23,,44
2026-06-02T21:14:05.337403,$GBGSV,24,,27
2026-06-02T21:14:05.337403,$GBGSV,25,,48
2026-06-02T21:14:05.337403,$GBGSV,33,,48
2026-06-02T21:14:05.338000,$GBGSV,09,,48
2026-06-02T21:14:05.338000,$GBGSV,10,,47
