1776369986.201,$GNRMC,200626.00,A,1339.06008,N,10029.58100,E,0.006,,160426,0.53,W,R,V*49
1776369986.203,$GNVTG,,T,,M,0.006,N,0.012,K,D*3D
1776369986.205,$GNGGA,200626.00,1339.06008,N,10029.58100,E,4,12,0.65,-0.9,M,-27.8,M,,0499*47
1776369986.208,$GNGSA,A,3,16,26,27,40,04,31,32,03,08,,,,1.37,0.65,1.21,1*0B
1776369986.209,$GNGSA,A,3,70,73,80,69,68,,,,,,,,1.37,0.65,1.21,2*0C
1776369986.211,$GNGSA,A,3,08,02,03,05,25,30,,,,,,,1.37,0.65,1.21,3*0F
1776369986.213,$GNGSA,A,3,24,08,09,21,12,10,14,16,13,,,,1.37,0.65,1.21,4*06
1776369986.215,$GPGSV,3,1,11,03,42,263,25,04,30,332,41,08,31,186,44,16,65,354,46,1*62
1776369986.219,$GPGSV,3,2,11,26,36,025,42,27,51,149,36,31,30,042,34,32,18,132,22,1*65
1776369986.222,$GPGSV,3,3,11,40,36,259,38,41,64,233,48,42,70,217,48,1*50
1776369986.227,$GPGSV,2,1,08,03,42,263,20,04,30,332,43,08,31,186,38,26,36,025,42,6*64
1776369986.230,$GPGSV,2,2,08,27,51,149,34,28,16,066,15,31,30,042,33,32,18,132,26,6*63
1776369986.233,$GPGSV,1,1,04,01,02,223,,02,05,196,,09,01,323,,50,56,115,,0*61
1776369986.235,$GLGSV,2,1,07,68,26,152,41,69,78,138,48,70,45,336,51,73,26,267,37,1*70
1776369986.237,$GLGSV,2,2,07,79,13,025,22,80,42,334,48,,,,39,1*78
1776369986.239,$GLGSV,2,1,06,68,26,152,32,69,78,138,44,70,45,336,49,73,26,267,33,3*76
1776369986.241,$GLGSV,2,2,06,79,13,025,15,80,42,334,46,3*7B
1776369986.242,$GLGSV,1,1,03,81,02,076,,82,08,119,,83,03,166,,0*42
1776369986.243,$GAGSV,2,1,07,02,76,327,51,03,65,053,50,05,29,118,42,08,34,336,43,2*7E
1776369986.244,$GAGSV,2,2,07,25,29,031,34,30,36,232,38,32,55,355,51,2*40
1776369986.244,$GAGSV,2,1,07,02,76,327,47,03,65,053,44,05,29,118,33,08,34,336,42,7*7E
1776369986.245,$GAGSV,2,2,07,25,29,031,33,30,36,232,26,32,55,355,47,7*4A
1776369986.246,$GAGSV,1,1,02,15,05,226,,34,07,178,,0*7F
1776369986.247,$GBGSV,2,1,08,08,39,191,38,09,43,341,42,10,48,174,33,13,47,206,44,1*79
1776369986.248,$GBGSV,2,2,08,14,59,306,45,16,41,013,45,21,33,157,41,24,47,326,48,1*79
1776369986.249,$GBGSV,2,1,07,08,39,191,38,09,43,341,45,10,48,174,34,12,20,154,44,3*70
1776369986.250,$GBGSV,2,2,07,13,47,206,42,14,59,306,51,16,41,013,45,3*49
1776369986.250,$GBGSV,3,1,10,01,37,105,,02,66,235,,03,70,144,,04,21,101,,0*71
1776369986.251,$GBGSV,3,2,10,04,21,101,,05,41,259,,06,31,181,,07,54,160,,0*73
1776369986.252,$GBGSV,3,3,10,07,54,160,,11,02,199,,0*74
1776369986.252,$GNGLL,1339.06008,N,10029.58100,E,200626.00,A,D*72
1776369987.202,$GNRMC,200627.00,A,1339.06008,N,10029.58100,E,0.007,,160426,0.53,W,R,V*49
1776369987.204,$GNVTG,,T,,M,0.007,N,0.013,K,D*3D
1776369987.207,$GNGGA,200627.00,1339.06008,N,10029.58100,E,4,12,0.65,-0.9,M,-27.8,M,,0499*46
1776369987.209,$GNGSA,A,3,16,26,27,40,04,31,32,03,08,,,,1.37,0.65,1.21,1*0B
1776369987.211,$GNGSA,A,3,70,73,80,69,68,,,,,,,,1.37,0.65,1.21,2*0C
1776369987.213,$GNGSA,A,3,08,02,03,05,25,30,,,,,,,1.37,0.65,1.21,3*0F
1776369987.216,$GNGSA,A,3,24,08,09,21,12,10,14,16,13,,,,1.37,0.65,1.21,4*06
1776369987.218,$GPGSV,3,1,11,03,42,263,25,04,30,332,41,08,31,186,44,16,65,354,46,1*62
1776369987.220,$GPGSV,3,2,11,26,36,025,43,27,51,149,36,31,30,042,35,32,18,132,21,1*66
1776369987.222,$GPGSV,3,3,11,40,36,259,38,41,64,233,48,42,70,217,48,1*50
1776369987.224,$GPGSV,2,1,08,03,42,263,19,04,30,332,43,08,31,186,38,26,36,025,42,6*6E
1776369987.226,$GPGSV,2,2,08,27,51,149,34,28,16,066,16,31,30,042,33,32,18,132,27,6*61
1776369987.228,$GPGSV,1,1,04,01,02,223,,02,05,196,,09,01,323,,50,56,115,,0*61
1776369987.230,$GLGSV,2,1,07,68,26,152,41,69,78,138,48,70,45,336,51,73,26,267,38,1*7F
1776369987.231,$GLGSV,2,2,07,79,13,025,21,80,42,334,48,,,,39,1*7B
1776369987.232,$GLGSV,2,1,06,68,26,152,31,69,78,138,44,70,45,336,49,73,26,267,33,3*75
1776369987.233,$GLGSV,2,2,06,79,13,025,16,80,42,334,46,3*78
1776369987.234,$GLGSV,1,1,03,81,02,076,,82,08,119,,83,03,166,,0*42
1776369987.235,$GAGSV,2,1,07,02,76,327,51,03,65,053,50,05,29,118,42,08,34,336,43,2*7E
1776369987.235,$GAGSV,2,2,07,25,29,031,34,30,36,232,38,32,55,355,51,2*40
1776369987.236,$GAGSV,2,1,07,02,76,327,47,03,65,053,44,05,29,118,33,08,34,336,42,7*7E
1776369987.237,$GAGSV,2,2,07,25,29,031,34,30,36,232,25,32,55,355,47,7*4E
1776369987.238,$GAGSV,1,1,02,15,05,226,,34,07,178,,0*7F
1776369987.238,$GBGSV,2,1,08,08,39,191,38,09,43,341,42,10,48,174,34,13,47,206,44,1*7E
1776369987.239,$GBGSV,2,2,08,14,59,306,45,16,41,013,45,21,33,157,41,24,47,326,48,1*79
1776369987.240,$GBGSV,2,1,07,08,39,191,38,09,43,341,45,10,48,174,33,12,20,154,44,3*77
1776369987.240,$GBGSV,2,2,07,13,47,206,42,14,59,306,51,16,41,013,45,3*49
1776369987.241,$GBGSV,3,1,10,01,37,105,,02,66,235,,03,70,144,,04,21,101,,0*71
1776369987.242,$GBGSV,3,2,10,04,21,101,,05,41,259,,06,31,181,,07,54,160,,0*73
1776369987.242,$GBGSV,3,3,10,07,54,160,,11,02,199,,0*74
1776369987.243,$GNGLL,1339.06008,N,10029.58100,E,200627.00,A,D*73
1776369988.199,$GNRMC,200628.00,A,1339.06008,N,10029.58100,E,0.001,,160426,0.53,W,R,V*40
1776369988.201,$GNVTG,,T,,M,0.001,N,0.002,K,D*3B
1776369988.203,$GNGGA,200628.00,1339.06008,N,10029.58100,E,4,12,0.65,-0.9,M,-27.8,M,,0499*49
1776369988.203,$GNGSA,A,3,16,26,27,40,04,31,32,03,08,,,,1.37,0.65,1.21,1*0B
1776369988.204,$GNGSA,A,3,70,73,80,69,68,,,,,,,,1.37,0.65,1.21,2*0C
1776369988.204,$GNGSA,A,3,08,02,03,05,25,30,,,,,,,1.37,0.65,1.21,3*0F
1776369988.205,$GNGSA,A,3,24,08,09,21,12,10,14,16,13,,,,1.37,0.65,1.21,4*06
1776369988.206,$GPGSV,3,1,11,03,42,263,23,04,30,332,41,08,31,186,44,16,65,354,46,1*64
1776369988.207,$GPGSV,3,2,11,26,36,025,43,27,51,149,36,31,30,042,35,32,18,132,21,1*66
1776369988.207,$GPGSV,3,3,11,40,36,259,38,41,64,233,48,42,70,217,48,1*50
1776369988.208,$GPGSV,2,1,08,03,42,263,19,04,30,332,43,08,31,186,38,26,36,025,42,6*6E
1776369988.209,$GPGSV,2,2,08,27,51,149,34,28,16,066,17,31,30,042,33,32,18,132,27,6*60
1776369988.210,$GPGSV,1,1,04,01,02,223,,02,05,196,,09,01,323,,50,56,115,,0*61
1776369988.210,$GLGSV,2,1,07,68,26,152,41,69,78,138,48,70,45,336,51,73,26,267,38,1*7F
1776369988.211,$GLGSV,2,2,07,79,13,025,21,80,42,334,48,,,,39,1*7B
1776369988.212,$GLGSV,2,1,06,68,26,152,30,69,78,138,44,70,45,336,49,73,26,267,32,3*75
1776369988.212,$GLGSV,2,2,06,79,13,025,17,80,42,334,46,3*79
1776369988.213,$GLGSV,1,1,03,81,02,076,,82,08,119,,83,03,166,,0*42
1776369988.213,$GAGSV,2,1,07,02,76,327,51,03,65,053,50,05,29,118,42,08,34,336,43,2*7E
1776369988.214,$GAGSV,2,2,07,25,29,031,34,30,36,232,38,32,55,355,51,2*40
1776369988.215,$GAGSV,2,1,07,02,76,327,47,03,65,053,44,05,29,118,33,08,34,336,42,7*7E
1776369988.215,$GAGSV,2,2,07,25,29,031,34,30,36,232,24,32,55,355,46,7*4E
1776369988.216,$GAGSV,1,1,02,15,05,226,,34,07,178,,0*7F
1776369988.216,$GBGSV,2,1,08,08,39,191,38,09,43,341,42,10,48,174,33,13,47,206,44,1*79
1776369988.217,$GBGSV,2,2,08,14,59,306,45,16,41,013,45,21,33,157,41,24,47,326,48,1*79
1776369988.218,$GBGSV,2,1,07,08,39,191,38,09,43,341,45,10,48,174,33,12,20,154,44,3*77
1776369988.219,$GBGSV,2,2,07,13,47,206,42,14,59,306,51,16,41,013,45,3*49
1776369988.219,$GBGSV,3,1,10,01,37,105,,02,66,235,,03,70,144,,04,21,101,,0*71
1776369988.220,$GBGSV,3,2,10,04,21,101,,05,41,259,,06,31,181,,07,54,160,,0*73
1776369988.221,$GBGSV,3,3,10,07,54,160,,11,02,199,,0*74
1776369988.221,$GNGLL,1339.06008,N,10029.58100,E,200628.00,A,D*7C
1776369989.202,$GNRMC,200629.00,A,1339.06008,N,10029.58100,E,0.008,,160426,0.53,W,R,V*48
1776369989.205,$GNVTG,,T,,M,0.008,N,0.014,K,D*35
1776369989.207,$GNGGA,200629.00,1339.06008,N,10029.58100,E,4,12,0.65,-0.9,M,-27.8,M,,0499*48
1776369989.209,$GNGSA,A,3,16,26,27,40,04,31,32,03,08,,,,1.37,0.65,1.21,1*0B
1776369989.209,$GNGSA,A,3,70,73,80,69,68,,,,,,,,1.37,0.65,1.21,2*0C
1776369989.210,$GNGSA,A,3,08,02,03,05,25,30,,,,,,,1.37,0.65,1.21,3*0F
1776369989.210,$GNGSA,A,3,24,08,09,21,12,10,14,16,13,,,,1.37,0.65,1.21,4*06
1776369989.211,$GPGSV,3,1,11,03,42,263,25,04,30,332,41,08,31,186,44,16,65,354,46,1*62
1776369989.211,$GPGSV,3,2,11,26,36,025,43,27,51,149,36,31,30,042,35,32,18,132,20,1*67
1776369989.212,$GPGSV,3,3,11,40,36,259,38,41,64,233,48,42,70,217,48,1*50
1776369989.212,$GPGSV,2,1,08,03,42,263,22,04,30,332,43,08,31,186,38,26,36,025,42,6*66
1776369989.213,$GPGSV,2,2,08,27,51,149,33,28,16,066,16,31,30,042,33,32,18,132,27,6*66
1776369989.213,$GPGSV,1,1,04,01,02,223,,02,05,196,,09,01,323,,50,56,115,,0*61
1776369989.214,$GLGSV,2,1,07,68,26,152,41,69,78,138,48,70,45,336,51,73,26,267,38,1*7F
1776369989.214,$GLGSV,2,2,07,79,13,025,22,80,42,334,48,,,,39,1*78
1776369989.215,$GLGSV,2,1,06,68,26,152,29,69,78,138,44,70,45,336,49,73,26,267,33,3*7C
1776369989.215,$GLGSV,2,2,06,79,13,025,17,80,42,334,46,3*79
1776369989.216,$GLGSV,1,1,03,81,02,076,,82,08,119,,83,03,166,,0*42
1776369989.216,$GAGSV,2,1,07,02,76,327,51,03,65,053,50,05,29,118,41,08,34,336,43,2*7D
1776369989.217,$GAGSV,2,2,07,25,29,031,34,30,36,232,38,32,55,355,51,2*40
1776369989.217,$GAGSV,2,1,07,02,76,327,47,03,65,053,44,05,29,118,34,08,34,336,42,7*79
1776369989.218,$GAGSV,2,2,07,25,29,031,34,30,36,232,24,32,55,355,47,7*4F
1776369989.218,$GAGSV,1,1,02,15,05,226,,34,07,178,,0*7F
1776369989.219,$GBGSV,2,1,08,08,39,191,38,09,43,341,42,10,48,174,33,13,47,206,44,1*79
1776369989.220,$GBGSV,2,2,08,14,59,306,45,16,41,013,45,21,33,157,41,24,47,327,48,1*78
1776369989.220,$GBGSV,2,1,07,08,39,191,37,09,43,341,45,10,48,174,33,12,20,154,44,3*78
1776369989.221,$GBGSV,2,2,07,13,47,206,42,14,59,306,51,16,41,013,45,3*49
1776369989.221,$GBGSV,3,1,10,01,37,105,,02,66,235,,03,70,144,,04,21,101,,0*71
1776369989.222,$GBGSV,3,2,10,04,21,101,,05,41,259,,06,31,181,,07,54,160,,0*73
1776369989.222,$GBGSV,3,3,10,07,54,160,,11,02,199,,0*74
1776369989.223,$GNGLL,1339.06008,N,10029.58100,E,200629.00,A,D*7D
1776369990.202,$GNRMC,200630.00,A,1339.06008,N,10029.58101,E,0.009,,160426,0.53,W,R,V*40
1776369990.203,$GNVTG,,T,,M,0.009,N,0.017,K,D*37
1776369990.205,$GNGGA,200630.00,1339.06008,N,10029.58101,E,4,12,0.65,-0.9,M,-27.8,M,,0499*41
1776369990.205,$GNGSA,A,3,16,26,27,40,04,31,32,03,08,,,,1.37,0.65,1.21,1*0B
1776369990.206,$GNGSA,A,3,70,73,80,69,68,,,,,,,,1.37,0.65,1.21,2*0C
1776369990.206,$GNGSA,A,3,08,02,03,05,25,30,,,,,,,1.37,0.65,1.21,3*0F
1776369990.207,$GNGSA,A,3,24,08,09,21,12,10,14,16,13,,,,1.37,0.65,1.21,4*06
1776369990.208,$GPGSV,3,1,11,03,42,263,25,04,30,332,41,08,31,186,44,16,65,354,46,1*62
1776369990.208,$GPGSV,3,2,11,26,36,025,42,27,51,149,37,31,30,042,35,32,18,132,18,1*6C
1776369990.209,$GPGSV,3,3,11,40,36,259,38,41,64,233,48,42,70,217,48,1*50
1776369990.210,$GPGSV,2,1,08,03,42,263,23,04,30,332,43,08,31,186,38,26,36,025,42,6*67
1776369990.210,$GPGSV,2,2,08,27,51,149,33,28,16,066,15,31,30,042,33,32,18,132,27,6*65
1776369990.211,$GPGSV,1,1,04,01,02,223,,02,05,196,,09,01,323,,50,56,115,,0*61
1776369990.212,$GLGSV,2,1,07,68,26,152,41,69,78,138,48,70,45,336,51,73,26,267,38,1*7F
1776369990.212,$GLGSV,2,2,07,79,13,025,23,80,42,334,49,,,,39,1*78
1776369990.213,$GLGSV,2,1,06,68,26,152,28,69,78,138,44,70,45,336,49,73,26,267,33,3*7D
1776369990.213,$GLGSV,2,2,06,79,13,025,17,80,42,334,46,3*79
1776369990.214,$GLGSV,1,1,03,81,02,076,,82,08,119,,83,03,166,,0*42
1776369990.215,$GAGSV,2,1,07,02,76,327,51,03,65,053,50,05,29,118,42,08,34,336,43,2*7E
1776369990.216,$GAGSV,2,2,07,25,29,031,34,30,36,232,38,32,55,355,51,2*40
1776369990.217,$GAGSV,2,1,07,02,76,327,47,03,65,053,44,05,29,118,34,08,34,336,42,7*79
1776369990.218,$GAGSV,2,2,07,25,29,031,34,30,36,232,23,32,55,355,47,7*48
1776369990.218,$GAGSV,1,1,02,15,05,226,,34,07,178,,0*7F
1776369990.219,$GBGSV,2,1,08,08,39,191,38,09,43,341,42,10,48,174,34,13,47,206,44,1*7E
1776369990.220,$GBGSV,2,2,08,14,59,306,45,16,41,013,45,21,33,157,41,24,47,327,49,1*79
1776369990.220,$GBGSV,2,1,07,08,39,191,38,09,43,341,45,10,48,174,33,12,20,154,44,3*77
1776369990.221,$GBGSV,2,2,07,13,47,206,42,14,59,306,51,16,41,013,45,3*49
1776369990.221,$GBGSV,3,1,10,01,37,105,,02,66,235,,03,70,144,,04,21,101,,0*71
1776369990.222,$GBGSV,3,2,10,04,21,101,,05,41,259,,06,31,181,,07,54,160,,0*73
1776369990.222,$GBGSV,3,3,10,07,54,160,,11,02,199,,0*74
1776369990.223,$GNGLL,1339.06008,N,10029.58101,E,200630.00,A,D*74
1776369991.202,$GNRMC,200631.00,A,1339.06008,N,10029.58100,E,0.002,,160426,0.53,W,R,V*4B
1776369991.204,$GNVTG,,T,,M,0.002,N,0.004,K,D*3E
1776369991.207,$GNGGA,200631.00,1339.06008,N,10029.58100,E,4,12,0.65,-0.9,M,-27.8,M,,0499*41
1776369991.209,$GNGSA,A,3,16,26,27,40,04,31,32,03,08,,,,1.37,0.65,1.21,1*0B
1776369991.210,$GNGSA,A,3,70,73,80,69,68,,,,,,,,1.37,0.65,1.21,2*0C
1776369991.212,$GNGSA,A,3,08,02,03,05,25,30,,,,,,,1.37,0.65,1.21,3*0F
1776369991.214,$GNGSA,A,3,24,08,09,21,12,10,14,16,13,,,,1.37,0.65,1.21,4*06
1776369991.217,$GPGSV,3,1,11,03,42,263,25,04,30,332,41,08,31,186,44,16,65,354,46,1*62
1776369991.221,$GPGSV,3,2,11,26,36,025,42,27,51,149,37,31,30,042,35,32,18,132,16,1*62
1776369991.223,$GPGSV,3,3,11,40,36,259,38,41,64,233,48,42,70,217,48,1*50
1776369991.226,$GPGSV,2,1,08,03,42,263,24,04,30,332,43,08,31,186,38,26,36,025,42,6*60
1776369991.228,$GPGSV,2,2,08,27,51,149,33,28,16,066,14,31,30,042,33,32,18,132,26,6*65
1776369991.229,$GPGSV,1,1,04,01,02,223,,02,05,196,,09,01,323,,50,56,115,,0*61
1776369991.231,$GLGSV,2,1,07,68,26,152,41,69,78,138,48,70,45,336,51,73,26,267,38,1*7F
1776369991.232,$GLGSV,2,2,07,79,13,025,24,80,42,334,49,,,,40,1*71
1776369991.233,$GLGSV,2,1,06,68,26,152,27,69,78,138,43,70,45,336,49,73,26,267,33,3*75
1776369991.235,$GLGSV,2,2,06,79,13,025,18,80,42,334,46,3*76
1776369991.236,$GLGSV,1,1,03,81,02,076,,82,08,119,,83,03,166,,0*42
1776369991.237,$GAGSV,2,1,07,02,76,327,51,03,65,053,50,05,29,118,41,08,34,336,43,2*7D
1776369991.238,$GAGSV,2,2,07,25,29,031,34,30,36,232,38,32,55,355,51,2*40
1776369991.239,$GAGSV,2,1,07,02,76,327,47,03,65,053,44,05,29,118,33,08,34,336,42,7*7E
1776369991.240,$GAGSV,2,2,07,25,29,031,33,30,36,232,21,32,55,355,47,7*4D
1776369991.241,$GAGSV,1,1,02,15,05,226,,34,07,178,,0*7F
1776369991.241,$GBGSV,2,1,08,08,39,191,38,09,43,341,42,10,48,174,34,13,47,206,44,1*7E
1776369991.242,$GBGSV,2,2,08,14,59,306,45,16,41,013,45,21,33,157,41,24,47,327,49,1*79
1776369991.243,$GBGSV,2,1,07,08,39,191,38,09,43,341,45,10,48,174,33,12,20,154,44,3*77
1776369991.244,$GBGSV,2,2,07,13,47,206,42,14,59,306,51,16,41,013,45,3*49
1776369991.244,$GBGSV,3,1,10,01,37,105,,02,66,235,,03,70,144,,04,21,101,,0*71
1776369991.245,$GBGSV,3,2,10,04,21,101,,05,41,259,,06,31,181,,07,54,160,,0*73
1776369991.245,$GBGSV,3,3,10,07,54,160,,11,02,199,,0*74
1776369991.246,$GNGLL,1339.06008,N,10029.58100,E,200631.00,A,D*74
1776369992.205,$GNRMC,200632.00,A,1339.06008,N,10029.58101,E,0.014,,160426,0.53,W,R,V*4E
1776369992.205,$GNVTG,,T,,M,0.014,N,0.026,K,D*39
1776369992.206,$GNGGA,200632.00,1339.06008,N,10029.58101,E,4,12,0.65,-0.9,M,-27.8,M,,0499*43
1776369992.207,$GNGSA,A,3,16,26,27,40,04,31,32,03,08,,,,1.37,0.65,1.21,1*0B
1776369992.207,$GNGSA,A,3,79,70,73,80,69,68,,,,,,,1.37,0.65,1.21,2*02
1776369992.208,$GNGSA,A,3,08,02,03,05,25,30,,,,,,,1.37,0.65,1.21,3*0F
1776369992.209,$GNGSA,A,3,24,08,09,21,12,10,14,16,13,,,,1.37,0.65,1.21,4*06
1776369992.209,$GPGSV,3,1,11,03,42,263,23,04,30,332,40,08,31,186,44,16,65,354,46,1*65
1776369992.210,$GPGSV,3,2,11,26,36,025,43,27,51,149,37,31,30,042,35,32,18,132,18,1*6D
1776369992.211,$GPGSV,3,3,11,40,36,259,38,41,64,233,49,42,70,217,48,1*51
1776369992.212,$GPGSV,2,1,08,03,42,263,24,04,30,332,43,08,31,186,38,26,36,025,42,6*60
1776369992.212,$GPGSV,2,2,08,27,51,149,33,28,16,066,12,31,30,042,33,32,18,132,26,6*63
1776369992.213,$GPGSV,1,1,04,01,02,223,,02,05,196,,09,01,323,,50,56,115,,0*61
1776369992.213,$GLGSV,2,1,07,68,26,152,42,69,78,138,48,70,45,336,51,73,26,267,38,1*7C
1776369992.214,$GLGSV,2,2,07,79,13,025,25,80,42,334,49,,,,40,1*70
1776369992.215,$GLGSV,2,1,06,68,26,152,26,69,78,138,43,70,45,336,49,73,26,267,33,3*74
1776369992.215,$GLGSV,2,2,06,79,13,025,17,80,42,334,46,3*79
1776369992.216,$GLGSV,1,1,03,81,02,076,,82,08,119,,83,03,166,,0*42
1776369992.217,$GAGSV,2,1,07,02,76,327,51,03,65,053,50,05,29,118,41,08,34,336,43,2*7D
1776369992.217,$GAGSV,2,2,07,25,29,031,33,30,36,232,38,32,55,355,51,2*47
1776369992.219,$GAGSV,2,1,07,02,76,327,47,03,65,053,44,05,29,118,34,08,34,336,42,7*79
1776369992.220,$GAGSV,2,2,07,25,29,031,34,30,36,232,19,32,55,355,47,7*41
1776369992.220,$GAGSV,1,1,02,15,05,226,,34,07,178,,0*7F
1776369992.221,$GBGSV,2,1,08,08,39,191,38,09,43,341,42,10,48,174,34,13,47,206,43,1*79
1776369992.222,$GBGSV,2,2,08,14,59,306,45,16,41,013,45,21,33,157,42,24,47,327,49,1*7A
1776369992.223,$GBGSV,2,1,07,08,39,191,38,09,43,341,45,10,48,174,33,12,20,154,44,3*77
1776369992.223,$GBGSV,2,2,07,13,47,206,42,14,59,306,51,16,41,013,45,3*49
1776369992.224,$GBGSV,3,1,10,01,37,105,,02,66,235,,03,70,144,,04,21,101,,0*71
1776369992.225,$GBGSV,3,2,10,04,21,101,,05,41,259,,06,31,181,,07,54,160,,0*73
1776369992.225,$GBGSV,3,3,10,07,54,160,,11,02,199,,0*74
1776369992.226,$GNGLL,1339.06008,N,10029.58101,E,200632.00,A,D*76
1776369993.205,$GNRMC,200633.00,A,1339.06008,N,10029.58101,E,0.004,,160426,0.53,W,R,V*4E
1776369993.207,$GNVTG,,T,,M,0.004,N,0.008,K,D*34
1776369993.209,$GNGGA,200633.00,1339.06008,N,10029.58101,E,4,12,0.65,-0.9,M,-27.8,M,,0499*42
1776369993.211,$GNGSA,A,3,16,26,27,40,04,31,32,03,08,,,,1.37,0.65,1.21,1*0B
1776369993.212,$GNGSA,A,3,79,70,73,80,69,68,,,,,,,1.37,0.65,1.21,2*02
1776369993.214,$GNGSA,A,3,08,02,03,05,25,30,,,,,,,1.37,0.65,1.21,3*0F
1776369993.215,$GNGSA,A,3,24,08,09,21,12,10,14,16,13,,,,1.37,0.65,1.21,4*06
1776369993.217,$GPGSV,3,1,11,03,42,263,25,04,30,332,40,08,31,186,44,16,65,354,46,1*63
1776369993.219,$GPGSV,3,2,11,26,36,025,43,27,51,149,36,31,30,042,35,32,18,132,19,1*6D
1776369993.222,$GPGSV,3,3,11,40,36,259,38,41,64,233,49,42,70,217,48,1*51
1776369993.224,$GPGSV,2,1,08,03,42,263,24,04,30,332,43,08,31,186,38,26,36,025,42,6*60
1776369993.226,$GPGSV,2,2,08,27,51,149,33,28,16,066,08,31,30,042,33,32,18,132,26,6*68
1776369993.228,$GPGSV,1,1,04,01,02,223,,02,05,196,,09,01,323,,50,56,115,,0*61
1776369993.231,$GLGSV,2,1,07,68,26,152,42,69,78,138,48,70,45,336,51,73,26,267,38,1*7C
1776369993.232,$GLGSV,2,2,07,79,13,025,26,80,42,334,49,,,,40,1*73
1776369993.234,$GLGSV,2,1,06,68,26,152,26,69,78,138,43,70,45,336,49,73,26,267,34,3*73
1776369993.235,$GLGSV,2,2,06,79,13,025,16,80,42,334,46,3*78
1776369993.236,$GLGSV,1,1,03,81,02,076,,82,08,119,,83,03,166,,0*42
1776369993.237,$GAGSV,2,1,07,02,76,327,51,03,65,053,50,05,29,118,41,08,34,336,43,2*7D
1776369993.238,$GAGSV,2,2,07,25,29,031,33,30,36,232,38,32,55,355,51,2*47
1776369993.239,$GAGSV,2,1,07,02,76,327,48,03,65,053,44,05,29,118,34,08,34,336,42,7*76
1776369993.240,$GAGSV,2,2,07,25,29,031,34,30,36,232,16,32,55,355,47,7*4E
1776369993.241,$GAGSV,1,1,02,15,05,226,,34,07,178,,0*7F
1776369993.242,$GBGSV,2,1,08,08,39,191,38,09,43,341,42,10,48,174,34,13,47,206,44,1*7E
1776369993.243,$GBGSV,2,2,08,14,59,306,46,16,41,013,45,21,33,157,42,24,47,327,49,1*79
1776369993.244,$GBGSV,2,1,07,08,39,191,37,09,43,341,45,10,48,174,33,12,20,154,44,3*78
1776369993.244,$GBGSV,2,2,07,13,47,206,42,14,59,306,51,16,41,013,45,3*49
1776369993.245,$GBGSV,3,1,10,01,37,105,,02,66,235,,03,70,144,,04,21,101,,0*71
1776369993.246,$GBGSV,3,2,10,04,21,101,,05,41,259,,06,31,181,,07,54,160,,0*73
1776369993.246,$GBGSV,3,3,10,07,54,160,,11,02,199,,0*74
1776369993.247,$GNGLL,1339.06008,N,10029.58101,E,200633.00,A,D*77
1776369994.196,$GNRMC,200634.00,A,1339.06008,N,10029.58100,E,0.004,,160426,0.53,W,R,V*48
1776369994.198,$GNVTG,,T,,M,0.004,N,0.007,K,D*3B
1776369994.200,$GNGGA,200634.00,1339.06008,N,10029.58100,E,4,12,0.65,-0.9,M,-27.8,M,,0499*44
1776369994.201,$GNGSA,A,3,16,26,27,40,04,31,32,03,08,,,,1.37,0.65,1.21,1*0B
1776369994.201,$GNGSA,A,3,79,70,73,80,69,68,,,,,,,1.37,0.65,1.21,2*02
1776369994.201,$GNGSA,A,3,08,02,03,05,25,30,,,,,,,1.37,0.65,1.21,3*0F
1776369994.202,$GNGSA,A,3,24,08,09,21,12,10,14,16,13,,,,1.37,0.65,1.21,4*06
1776369994.202,$GPGSV,3,1,11,03,42,263,23,04,30,332,40,08,31,186,44,16,65,354,46,1*65
1776369994.204,$GPGSV,3,2,11,26,36,025,42,27,51,149,36,31,30,042,35,32,18,132,20,1*66
1776369994.204,$GPGSV,3,3,11,40,36,259,38,41,64,233,48,42,70,217,48,1*50
1776369994.205,$GPGSV,2,1,07,03,42,263,25,04,30,332,43,08,31,186,38,26,36,025,42,6*6E
1776369994.205,$GPGSV,2,2,07,27,51,149,33,31,30,042,33,32,18,132,25,6*51
1776369994.205,$GPGSV,2,1,05,01,02,223,,02,05,196,,09,01,323,,28,16,066,,0*6D
1776369994.206,$GPGSV,2,2,05,28,16,066,,0*5D
1776369994.206,$GLGSV,2,1,07,68,26,152,42,69,78,138,48,70,45,336,51,73,26,267,38,1*7C
1776369994.207,$GLGSV,2,2,07,79,13,025,26,80,42,334,49,,,,40,1*73
1776369994.207,$GLGSV,2,1,06,68,26,152,26,69,78,138,43,70,45,336,49,73,26,267,35,3*72
1776369994.207,$GLGSV,2,2,06,79,13,025,18,80,42,334,46,3*76
1776369994.208,$GLGSV,1,1,03,81,02,076,,82,08,119,,83,03,166,,0*42
1776369994.208,$GAGSV,2,1,07,02,76,327,51,03,65,053,50,05,29,118,41,08,34,336,43,2*7D
1776369994.209,$GAGSV,2,2,07,25,29,031,33,30,36,232,38,32,55,355,51,2*47
1776369994.209,$GAGSV,2,1,07,02,76,327,48,03,65,053,44,05,29,118,34,08,34,336,41,7*75
1776369994.210,$GAGSV,2,2,07,25,29,031,35,30,36,232,14,32,55,355,47,7*4D
1776369994.210,$GAGSV,1,1,02,15,05,226,,34,07,178,,0*7F
1776369994.210,$GBGSV,2,1,08,08,39,191,38,09,43,341,42,10,48,174,34,13,47,206,44,1*7E
1776369994.211,$GBGSV,2,2,08,14,59,306,45,16,41,013,45,21,33,157,42,24,47,327,49,1*7A
1776369994.212,$GBGSV,2,1,07,08,39,191,37,09,43,341,45,10,48,174,33,12,20,154,44,3*78
1776369994.212,$GBGSV,2,2,07,13,47,206,42,14,59,306,51,16,41,013,45,3*49
1776369994.212,$GBGSV,3,1,10,01,37,105,,02,66,235,,03,70,144,,04,21,101,,0*71
1776369994.213,$GBGSV,3,2,10,04,21,101,,05,41,259,,06,31,181,,07,54,160,,0*73
1776369994.213,$GBGSV,3,3,10,07,54,160,,11,02,199,,0*74
1776369994.214,$GNGLL,1339.06008,N,10029.58100,E,200634.00,A,D*71
1776369995.203,$GNRMC,200635.00,A,1339.06008,N,10029.58100,E,0.009,,160426,0.53,W,R,V*44
1776369995.204,$GNVTG,,T,,M,0.009,N,0.016,K,D*36
1776369995.205,$GNGGA,200635.00,1339.06008,N,10029.58100,E,4,12,0.65,-0.9,M,-27.8,M,,0499*45
1776369995.206,$GNGSA,A,3,16,26,27,40,04,31,32,03,08,,,,1.37,0.65,1.21,1*0B
1776369995.207,$GNGSA,A,3,79,70,73,80,69,68,,,,,,,1.37,0.65,1.21,2*02
1776369995.208,$GNGSA,A,3,08,02,03,05,25,30,,,,,,,1.37,0.65,1.21,3*0F
1776369995.209,$GNGSA,A,3,24,08,09,21,12,10,14,16,13,,,,1.37,0.65,1.21,4*06
1776369995.210,$GPGSV,3,1,11,03,42,263,22,04,30,332,40,08,31,186,44,16,65,354,46,1*64
1776369995.211,$GPGSV,3,2,11,26,36,025,43,27,51,149,36,31,30,042,36,32,18,132,19,1*6E
1776369995.212,$GPGSV,3,3,11,40,36,259,38,41,64,233,48,42,70,217,48,1*50
1776369995.213,$GPGSV,2,1,07,03,42,263,24,04,30,332,43,08,31,186,37,26,36,025,42,6*60
1776369995.213,$GPGSV,2,2,07,27,51,149,33,31,30,042,33,32,18,132,25,6*51
1776369995.214,$GPGSV,2,1,05,01,02,223,,02,05,196,,09,01,323,,28,16,066,,0*6D
1776369995.214,$GPGSV,2,2,05,28,16,066,,0*5D
1776369995.215,$GLGSV,2,1,07,68,26,152,42,69,78,138,47,70,45,336,51,73,26,267,38,1*73
1776369995.215,$GLGSV,2,2,07,79,13,025,26,80,42,334,49,,,,40,1*73
1776369995.216,$GLGSV,2,1,06,68,26,152,26,69,78,138,43,70,45,336,49,73,26,267,34,3*73
1776369995.216,$GLGSV,2,2,06,79,13,025,19,80,42,334,46,3*77
1776369995.217,$GLGSV,1,1,03,81,02,076,,82,08,119,,83,03,166,,0*42
1776369995.218,$GAGSV,2,1,07,02,76,327,51,03,65,053,50,05,29,118,41,08,34,336,43,2*7D
1776369995.218,$GAGSV,2,2,07,25,29,031,33,30,36,232,38,32,55,355,51,2*47
1776369995.219,$GAGSV,2,1,07,02,76,327,48,03,65,053,44,05,29,118,34,08,34,336,41,7*75
1776369995.219,$GAGSV,2,2,07,25,29,031,34,30,36,232,12,32,55,355,47,7*4A
1776369995.220,$GAGSV,1,1,02,15,05,226,,34,07,178,,0*7F
1776369995.220,$GBGSV,2,1,08,08,39,191,37,09,43,341,42,10,48,174,34,13,47,206,44,1*71
1776369995.221,$GBGSV,2,2,08,14,59,306,46,16,41,013,45,21,33,157,42,24,47,327,49,1*79
1776369995.223,$GBGSV,2,1,07,08,39,191,37,09,43,341,45,10,48,174,34,12,20,154,44,3*7F
1776369995.224,$GBGSV,2,2,07,13,47,206,42,14,59,306,51,16,41,013,45,3*49
1776369995.226,$GBGSV,3,1,10,01,37,105,,02,66,235,,03,70,144,,04,21,101,,0*71
1776369995.226,$GBGSV,3,2,10,04,21,101,,05,41,259,,06,31,181,,07,54,160,,0*73
1776369995.227,$GBGSV,3,3,10,07,54,160,,11,02,199,,0*74
1776369995.227,$GNGLL,1339.06008,N,10029.58100,E,200635.00,A,D*70
1776369996.204,$GNRMC,200636.00,A,1339.06008,N,10029.58100,E,0.007,,160426,0.53,W,R,V*49
1776369996.206,$GNVTG,,T,,M,0.007,N,0.013,K,D*3D
1776369996.209,$GNGGA,200636.00,1339.06008,N,10029.58100,E,4,12,0.65,-0.9,M,-27.8,M,,0499*46
1776369996.211,$GNGSA,A,3,16,26,27,40,04,31,32,08,,,,,1.37,0.65,1.21,1*08
1776369996.213,$GNGSA,A,3,79,70,73,80,69,68,,,,,,,1.37,0.65,1.21,2*02
1776369996.215,$GNGSA,A,3,08,02,03,05,25,30,,,,,,,1.37,0.65,1.21,3*0F
1776369996.216,$GNGSA,A,3,24,08,09,21,12,10,14,16,13,,,,1.37,0.65,1.21,4*06
1776369996.217,$GPGSV,3,1,10,03,42,263,22,04,30,332,40,08,31,186,44,16,65,354,46,1*65
1776369996.219,$GPGSV,3,2,10,26,36,025,43,27,51,149,36,31,30,042,36,40,36,259,38,1*6B
1776369996.219,$GPGSV,3,3,10,41,64,233,48,42,70,217,48,1*65
1776369996.220,$GPGSV,2,1,07,03,42,263,22,04,30,332,43,08,31,186,38,26,36,025,42,6*69
1776369996.221,$GPGSV,2,2,07,27,51,149,33,31,30,042,33,32,18,132,24,6*50
1776369996.222,$GPGSV,2,1,05,01,02,223,,02,05,196,,09,01,323,,28,16,066,,0*6D
1776369996.223,$GPGSV,2,2,05,28,16,066,,0*5D
1776369996.224,$GLGSV,2,1,07,68,26,152,43,69,78,138,47,70,45,336,51,73,26,267,37,1*7D
1776369996.225,$GLGSV,2,2,07,79,13,025,26,80,42,334,49,,,,40,1*73
1776369996.226,$GLGSV,2,1,06,68,26,152,25,69,78,138,42,70,45,336,49,73,26,267,34,3*71
1776369996.226,$GLGSV,2,2,06,79,13,025,21,80,42,334,46,3*7C
1776369996.227,$GLGSV,1,1,03,81,02,076,,82,08,119,,83,03,166,,0*42
1776369996.228,$GAGSV,2,1,07,02,76,327,51,03,65,053,50,05,29,118,41,08,34,336,43,2*7D
1776369996.229,$GAGSV,2,2,07,25,29,031,34,30,36,232,38,32,55,355,51,2*40
1776369996.230,$GAGSV,2,1,07,02,76,327,47,03,65,053,44,05,29,118,33,08,34,336,41,7*7D
1776369996.230,$GAGSV,2,2,07,25,29,031,35,30,36,232,13,32,55,355,47,7*4A
1776369996.231,$GAGSV,1,1,02,15,05,226,,34,07,178,,0*7F
1776369996.231,$GBGSV,2,1,08,08,39,191,37,09,43,341,42,10,48,174,34,13,47,206,44,1*71
1776369996.232,$GBGSV,2,2,08,14,59,306,45,16,41,013,45,21,33,157,42,24,47,327,49,1*7A
1776369996.233,$GBGSV,2,1,07,08,39,191,37,09,43,341,45,10,48,174,34,12,20,154,44,3*7F
1776369996.233,$GBGSV,2,2,07,13,47,206,42,14,59,306,51,16,41,013,45,3*49
1776369996.234,$GBGSV,3,1,10,01,37,105,,02,66,235,,03,70,144,,04,21,101,,0*71
1776369996.234,$GBGSV,3,2,10,04,21,101,,05,41,259,,06,31,181,,07,54,160,,0*73
1776369996.235,$GBGSV,3,3,10,07,54,160,,11,02,199,,0*74
1776369996.235,$GNGLL,1339.06008,N,10029.58100,E,200636.00,A,D*73
1776369997.204,$GNRMC,200637.00,A,1339.06008,N,10029.58100,E,0.017,,160426,0.53,W,R,V*49
1776369997.207,$GNVTG,,T,,M,0.017,N,0.032,K,D*3F
1776369997.210,$GNGGA,200637.00,1339.06008,N,10029.58100,E,4,12,0.65,-0.9,M,-27.8,M,,0499*47
1776369997.212,$GNGSA,A,3,16,26,27,40,04,31,32,08,,,,,1.37,0.65,1.21,1*08
1776369997.213,$GNGSA,A,3,79,70,73,80,69,68,,,,,,,1.37,0.65,1.21,2*02
1776369997.215,$GNGSA,A,3,08,02,03,05,25,30,,,,,,,1.37,0.65,1.21,3*0F
1776369997.216,$GNGSA,A,3,24,08,09,21,12,10,14,16,13,,,,1.37,0.65,1.21,4*06
1776369997.218,$GPGSV,3,1,10,03,42,263,24,04,30,332,40,08,31,186,43,16,65,354,45,1*67
1776369997.220,$GPGSV,3,2,10,26,36,025,42,27,51,149,36,31,30,042,36,40,36,259,38,1*6A
1776369997.222,$GPGSV,3,3,10,41,64,233,48,42,70,217,48,1*65
1776369997.224,$GPGSV,1,1,01,28,16,066,19,5*54
1776369997.226,$GPGSV,2,1,07,03,42,263,24,04,30,332,43,08,31,186,37,26,36,025,42,6*60
1776369997.228,$GPGSV,2,2,07,27,51,149,33,31,30,042,34,32,18,132,23,6*50
1776369997.230,$GPGSV,1,1,04,01,02,223,,02,05,196,,09,01,323,,50,56,115,,0*61
1776369997.231,$GLGSV,2,1,07,68,26,152,42,69,78,138,47,70,45,336,51,73,26,267,38,1*73
1776369997.232,$GLGSV,2,2,07,79,13,025,26,80,42,334,50,,,,40,1*7B
1776369997.233,$GLGSV,2,1,06,68,26,152,23,69,78,138,42,70,45,336,49,73,26,267,34,3*77
1776369997.234,$GLGSV,2,2,06,79,13,025,22,80,42,334,46,3*7F
1776369997.235,$GLGSV,1,1,03,81,02,076,,82,08,119,,83,03,166,,0*42
1776369997.235,$GAGSV,2,1,07,02,76,327,51,03,65,053,50,05,29,118,41,08,34,336,43,2*7D
1776369997.236,$GAGSV,2,2,07,25,29,031,33,30,36,232,37,32,55,355,51,2*48
1776369997.237,$GAGSV,2,1,07,02,76,327,47,03,65,053,45,05,29,118,33,08,34,336,41,7*7C
1776369997.238,$GAGSV,2,2,07,25,29,031,34,30,36,232,16,32,55,355,47,7*4E
1776369997.238,$GAGSV,1,1,02,15,05,226,,34,07,178,,0*7F
1776369997.239,$GBGSV,2,1,08,08,39,191,37,09,43,341,42,10,48,174,34,13,47,206,44,1*71
1776369997.240,$GBGSV,2,2,08,14,59,306,45,16,41,013,45,21,33,157,42,24,47,327,49,1*7A
1776369997.242,$GBGSV,2,1,07,08,39,191,37,09,43,341,45,10,48,174,34,12,20,154,44,3*7F
1776369997.243,$GBGSV,2,2,07,13,47,206,42,14,59,306,51,16,41,013,45,3*49
1776369997.244,$GBGSV,3,1,10,01,37,105,,02,66,235,,03,70,144,,04,21,101,,0*71
1776369997.245,$GBGSV,3,2,10,04,21,101,,05,41,259,,06,31,181,,07,54,160,,0*73
1776369997.245,$GBGSV,3,3,10,07,54,160,,11,02,199,,0*74
1776369997.246,$GNGLL,1339.06008,N,10029.58100,E,200637.00,A,D*72
1776369998.207,$GNRMC,200638.00,A,1339.06008,N,10029.58100,E,0.015,,160426,0.53,W,R,V*44
1776369998.209,$GNVTG,,T,,M,0.015,N,0.028,K,D*36
1776369998.212,$GNGGA,200638.00,1339.06008,N,10029.58100,E,4,12,0.65,-0.9,M,-27.8,M,,0499*48
1776369998.214,$GNGSA,A,3,16,26,27,40,04,31,03,08,,,,,1.37,0.65,1.21,1*0A
1776369998.215,$GNGSA,A,3,79,70,73,80,69,68,,,,,,,1.37,0.65,1.21,2*02
1776369998.217,$GNGSA,A,3,08,02,03,05,25,30,,,,,,,1.37,0.65,1.21,3*0F
1776369998.219,$GNGSA,A,3,24,08,09,21,12,10,14,16,13,,,,1.37,0.65,1.21,4*06
1776369998.221,$GPGSV,3,1,10,03,42,263,23,04,30,332,39,08,31,186,43,16,65,354,45,1*6E
1776369998.224,$GPGSV,3,2,10,26,36,025,42,27,51,149,35,31,30,042,35,40,36,259,37,1*65
1776369998.228,$GPGSV,3,3,10,41,64,233,48,42,70,217,48,1*65
1776369998.232,$GPGSV,2,1,08,03,42,263,25,04,30,332,43,08,31,186,37,26,36,025,42,6*6E
1776369998.234,$GPGSV,2,2,08,27,51,149,32,28,16,066,20,31,30,042,34,32,18,132,23,6*61
1776369998.236,$GPGSV,1,1,04,01,02,223,,02,05,196,,09,01,323,,50,56,115,,0*61
1776369998.238,$GLGSV,2,1,07,68,26,152,43,69,78,138,47,70,45,336,51,73,26,267,38,1*72
1776369998.239,$GLGSV,2,2,07,79,13,025,27,80,42,334,50,,,,40,1*7A
1776369998.241,$GLGSV,2,1,06,68,26,152,24,69,78,138,42,70,45,336,49,73,26,267,35,3*71
1776369998.242,$GLGSV,2,2,06,79,13,025,22,80,42,334,46,3*7F
1776369998.243,$GLGSV,1,1,03,81,02,076,,82,08,119,,83,03,166,,0*42
1776369998.244,$GAGSV,2,1,07,02,76,327,51,03,65,053,50,05,29,118,41,08,34,336,43,2*7D
1776369998.245,$GAGSV,2,2,07,25,29,031,34,30,36,232,38,32,55,355,51,2*40
1776369998.246,$GAGSV,2,1,07,02,76,327,47,03,65,053,44,05,29,118,34,08,34,336,41,7*7A
1776369998.247,$GAGSV,2,2,07,25,29,031,34,30,36,232,19,32,55,355,47,7*41
1776369998.247,$GAGSV,1,1,02,15,05,226,,34,07,178,,0*7F
1776369998.248,$GBGSV,2,1,08,08,39,191,37,09,43,341,42,10,48,174,34,13,47,206,43,1*76
1776369998.249,$GBGSV,2,2,08,14,59,306,45,16,41,013,45,21,33,157,42,24,47,327,49,1*7A
1776369998.249,$GBGSV,2,1,07,08,39,191,38,09,43,341,45,10,48,174,33,12,20,154,44,3*77
1776369998.250,$GBGSV,2,2,07,13,47,206,42,14,59,306,51,16,41,013,45,3*49
1776369998.251,$GBGSV,3,1,10,01,37,105,,02,66,235,,03,70,144,,04,21,101,,0*71
1776369998.251,$GBGSV,3,2,10,04,21,101,,05,41,259,,06,31,181,,07,54,160,,0*73
1776369998.251,$GBGSV,3,3,10,07,54,160,,11,02,199,,0*74
1776369998.252,$GNGLL,1339.06008,N,10029.58100,E,200638.00,A,D*7D
1776369999.206,$GNRMC,200639.00,A,1339.06008,N,10029.58100,E,0.008,,160426,0.53,W,R,V*49
1776369999.207,$GNVTG,,T,,M,0.008,N,0.016,K,D*37
1776369999.209,$GNGGA,200639.00,1339.06008,N,10029.58100,E,4,12,0.65,-0.9,M,-27.8,M,,0499*49
1776369999.211,$GNGSA,A,3,16,26,27,40,04,31,03,08,,,,,1.37,0.65,1.21,1*0A
1776369999.212,$GNGSA,A,3,79,70,73,80,69,68,,,,,,,1.37,0.65,1.21,2*02
1776369999.214,$GNGSA,A,3,08,02,03,05,25,30,,,,,,,1.37,0.65,1.21,3*0F
1776369999.215,$GNGSA,A,3,24,08,09,21,12,10,14,16,13,,,,1.37,0.65,1.21,4*06
1776369999.217,$GPGSV,3,1,10,03,42,263,25,04,30,332,39,08,31,186,43,16,65,354,46,1*6B
1776369999.219,$GPGSV,3,2,10,26,36,025,42,27,51,149,36,31,30,042,36,40,36,259,38,1*6A
1776369999.221,$GPGSV,3,3,10,41,64,233,48,42,70,217,48,1*65
1776369999.223,$GPGSV,2,1,08,03,42,263,25,04,30,332,43,08,31,186,38,26,36,025,42,6*61
1776369999.225,$GPGSV,2,2,08,27,51,149,33,28,16,066,19,31,30,042,33,32,18,132,24,6*6A
1776369999.227,$GPGSV,1,1,04,01,02,223,,02,05,196,,09,01,323,,50,56,115,,0*61
1776369999.229,$GLGSV,2,1,06,68,26,152,43,69,78,138,47,70,45,336,51,73,26,267,38,1*73
1776369999.231,$GLGSV,2,2,06,79,13,025,27,80,42,334,50,1*7F
1776369999.233,$GLGSV,2,1,06,68,26,152,25,69,78,138,42,70,45,336,49,73,26,267,34,3*71
1776369999.234,$GLGSV,2,2,06,79,13,025,22,80,42,334,46,3*7F
1776369999.236,$GLGSV,1,1,03,81,02,076,,82,08,119,,83,03,166,,0*42
1776369999.237,$GAGSV,2,1,07,02,76,327,51,03,65,053,50,05,29,118,41,08,34,336,43,2*7D
1776369999.239,$GAGSV,2,2,07,25,29,031,34,30,36,232,38,32,55,355,51,2*40
1776369999.240,$GAGSV,2,1,07,02,76,327,47,03,65,053,44,05,29,118,33,08,34,336,41,7*7D
1776369999.241,$GAGSV,2,2,07,25,29,031,35,30,36,232,21,32,55,355,47,7*4B
1776369999.242,$GAGSV,1,1,02,15,05,226,,34,07,178,,0*7F
1776369999.243,$GBGSV,2,1,08,08,39,191,37,09,43,341,42,10,48,174,34,13,47,206,43,1*76
1776369999.244,$GBGSV,2,2,08,14,59,306,45,16,41,013,45,21,33,157,43,24,47,327,49,1*7B
1776369999.245,$GBGSV,2,1,07,08,39,191,37,09,43,341,45,10,48,174,32,12,20,154,44,3*79
1776369999.246,$GBGSV,2,2,07,13,47,206,41,14,59,306,51,16,41,013,45,3*4A
1776369999.247,$GBGSV,3,1,10,01,37,105,,02,66,235,,03,70,144,,04,21,101,,0*71
1776369999.247,$GBGSV,3,2,10,04,21,101,,05,41,259,,06,31,181,,07,54,160,,0*73
1776369999.248,$GBGSV,3,3,10,07,54,160,,11,02,199,,0*74
1776369999.249,$GNGLL,1339.06008,N,10029.58100,E,200639.00,A,D*7C
1776370000.206,$GNRMC,200640.00,A,1339.06008,N,10029.58101,E,0.010,,160426,0.53,W,R,V*4F
1776370000.208,$GNVTG,,T,,M,0.010,N,0.018,K,D*30
1776370000.211,$GNGGA,200640.00,1339.06008,N,10029.58101,E,4,12,0.65,-0.9,M,-27.8,M,,0499*46
1776370000.215,$GNGSA,A,3,32,16,26,27,40,04,31,03,08,,,,1.37,0.65,1.21,1*0B
1776370000.218,$GNGSA,A,3,70,73,80,69,68,,,,,,,,1.37,0.65,1.21,2*0C
1776370000.220,$GNGSA,A,3,08,02,03,05,25,30,,,,,,,1.37,0.65,1.21,3*0F
1776370000.223,$GNGSA,A,3,24,08,09,21,12,10,14,16,13,,,,1.37,0.65,1.21,4*06
1776370000.225,$GPGSV,3,1,10,03,42,263,26,04,30,332,39,08,31,186,43,16,65,354,46,1*68
1776370000.228,$GPGSV,3,2,10,26,36,025,42,27,51,149,36,31,30,042,36,40,36,259,38,1*6A
1776370000.230,$GPGSV,3,3,10,41,64,233,48,42,70,217,48,1*65
1776370000.233,$GPGSV,2,1,08,03,42,263,25,04,30,332,43,08,31,186,38,26,36,025,42,6*61
1776370000.236,$GPGSV,2,2,08,27,51,149,33,28,16,066,19,31,30,042,33,32,18,132,25,6*6B
1776370000.239,$GPGSV,1,1,04,01,02,223,,02,05,196,,09,01,323,,50,56,115,,0*61
1776370000.241,$GLGSV,2,1,07,68,26,152,43,69,78,138,47,70,45,336,51,73,26,267,38,1*72
1776370000.242,$GLGSV,2,2,07,79,13,025,26,80,42,334,50,,,,40,1*7B
1776370000.245,$GLGSV,2,1,06,68,26,152,26,69,78,138,42,70,45,336,49,73,26,267,35,3*73
1776370000.248,$GLGSV,2,2,06,79,13,025,23,80,42,334,46,3*7E
1776370000.251,$GLGSV,1,1,03,81,02,076,,82,08,119,,83,03,166,,0*42
1776370000.255,$GAGSV,2,1,07,02,76,327,51,03,65,053,50,05,29,118,41,08,34,336,44,2*7A
1776370000.258,$GAGSV,2,2,07,25,29,031,34,30,36,232,38,32,55,355,51,2*40
1776370000.260,$GAGSV,2,1,07,02,76,327,47,03,65,053,45,05,29,118,33,08,34,336,41,7*7C
1776370000.262,$GAGSV,2,2,07,25,29,031,35,30,36,232,23,32,55,355,47,7*49
1776370000.263,$GAGSV,1,1,02,15,05,226,,34,07,178,,0*7F
1776370000.265,$GBGSV,2,1,08,08,39,191,37,09,43,341,42,10,48,174,33,13,47,206,43,1*71
1776370000.266,$GBGSV,2,2,08,14,59,306,46,16,41,013,45,21,33,157,43,24,47,327,49,1*78
1776370000.267,$GBGSV,2,1,07,08,39,191,38,09,43,341,45,10,48,174,33,12,20,154,44,3*77
1776370000.268,$GBGSV,2,2,07,13,47,206,41,14,59,306,51,16,41,013,45,3*4A
1776370000.269,$GBGSV,3,1,10,01,37,105,,02,66,235,,03,70,144,,04,21,101,,0*71
1776370000.270,$GBGSV,3,2,10,04,21,101,,05,41,259,,06,31,181,,07,54,160,,0*73
1776370000.271,$GBGSV,3,3,10,07,54,160,,11,02,199,,0*74
1776370000.272,$GNGLL,1339.06008,N,10029.58101,E,200640.00,A,D*73
1776370001.213,$GNRMC,200641.00,A,1339.06008,N,10029.58101,E,0.000,,160426,0.53,W,R,V*4F
1776370001.215,$GNVTG,,T,,M,0.000,N,0.001,K,D*39
1776370001.217,$GNGGA,200641.00,1339.06008,N,10029.58101,E,4,12,0.62,-0.9,M,-27.8,M,,0499*40
1776370001.219,$GNGSA,A,3,32,16,26,27,40,04,31,03,08,,,,1.36,0.62,1.21,1*0D
1776370001.221,$GNGSA,A,3,70,73,80,69,68,,,,,,,,1.36,0.62,1.21,2*0A
1776370001.222,$GNGSA,A,3,08,02,03,05,25,30,,,,,,,1.36,0.62,1.21,3*09
1776370001.224,$GNGSA,A,3,24,08,09,21,12,10,14,16,13,,,,1.36,0.62,1.21,4*00
1776370001.226,$GPGSV,3,1,10,03,42,263,27,04,30,332,39,08,31,186,43,16,65,354,46,1*69
1776370001.228,$GPGSV,3,2,10,26,36,025,41,27,51,149,36,31,30,042,35,40,36,259,38,1*6A
1776370001.231,$GPGSV,3,3,10,41,64,233,48,42,70,217,48,1*65
1776370001.234,$GPGSV,2,1,08,03,42,263,27,04,30,332,43,08,31,186,38,26,36,025,42,6*63
1776370001.236,$GPGSV,2,2,08,27,51,149,32,28,16,066,18,31,30,042,34,32,18,132,25,6*6C
1776370001.237,$GPGSV,1,1,04,01,02,223,,02,05,196,,09,01,323,,50,56,115,,0*61
1776370001.238,$GLGSV,2,1,07,68,26,152,42,69,78,138,47,70,45,336,51,73,26,267,38,1*73
1776370001.240,$GLGSV,2,2,07,79,13,025,25,80,42,334,50,,,,40,1*78
1776370001.241,$GLGSV,2,1,06,68,26,152,27,69,78,138,42,70,45,336,49,73,26,267,36,3*71
1776370001.242,$GLGSV,2,2,06,79,13,025,23,80,42,334,46,3*7E
1776370001.243,$GLGSV,1,1,03,81,02,076,,82,08,119,,83,03,166,,0*42
1776370001.244,$GAGSV,2,1,07,02,76,327,51,03,65,053,50,05,29,118,40,08,34,336,44,2*7B
1776370001.245,$GAGSV,2,2,07,25,29,031,33,30,36,232,38,32,55,355,51,2*47
1776370001.246,$GAGSV,2,1,07,02,76,327,47,03,65,053,45,05,29,118,32,08,34,336,41,7*7D
1776370001.247,$GAGSV,2,2,07,25,29,031,35,30,36,232,25,32,55,355,47,7*4F
1776370001.248,$GAGSV,1,1,02,15,05,226,,34,07,178,,0*7F
1776370001.249,$GBGSV,2,1,08,08,39,191,37,09,43,341,42,10,48,174,34,13,47,206,43,1*76
1776370001.250,$GBGSV,2,2,08,14,59,306,46,16,41,013,45,21,33,157,43,24,47,327,49,1*78
1776370001.250,$GBGSV,2,1,07,08,39,191,38,09,43,341,45,10,48,174,34,12,20,154,44,3*70
1776370001.251,$GBGSV,2,2,07,13,47,206,41,14,59,306,51,16,41,013,45,3*4A
1776370001.252,$GBGSV,3,1,10,01,37,105,,02,66,235,,03,70,144,,04,21,101,,0*71
1776370001.252,$GBGSV,3,2,10,04,21,101,,05,41,259,,06,31,181,,07,54,160,,0*73
1776370001.253,$GBGSV,3,3,10,07,54,160,,11,02,199,,0*74
1776370001.253,$GNGLL,1339.06008,N,10029.58101,E,200641.00,A,D*72
1776370002.211,$GNRMC,200642.00,A,1339.06009,N,10029.58101,E,0.091,,160426,0.53,W,R,V*45
1776370002.214,$GNVTG,,T,,M,0.091,N,0.168,K,D*3F
1776370002.217,$GNGGA,200642.00,1339.06009,N,10029.58101,E,4,12,0.62,-0.9,M,-27.8,M,,0499*42
1776370002.219,$GNGSA,A,3,32,16,26,27,40,04,31,03,08,,,,1.36,0.62,1.21,1*0D
1776370002.221,$GNGSA,A,3,70,73,80,69,68,,,,,,,,1.36,0.62,1.21,2*0A
1776370002.222,$GNGSA,A,3,08,02,03,05,25,30,,,,,,,1.36,0.62,1.21,3*09
1776370002.224,$GNGSA,A,3,24,08,09,21,12,10,14,16,13,,,,1.36,0.62,1.21,4*00
1776370002.226,$GPGSV,3,1,10,03,42,263,31,04,30,332,39,08,31,186,43,16,65,354,46,1*6E
1776370002.228,$GPGSV,3,2,10,26,36,025,42,27,51,149,36,31,30,042,35,40,36,259,38,1*69
1776370002.230,$GPGSV,3,3,10,41,64,233,48,42,70,217,48,1*65
1776370002.233,$GPGSV,2,1,08,03,42,263,28,04,30,332,43,08,31,186,37,26,36,025,42,6*63
1776370002.235,$GPGSV,2,2,08,27,51,149,33,28,16,066,19,31,30,042,34,32,18,132,24,6*6D
1776370002.237,$GPGSV,1,1,04,01,02,223,,02,05,196,,09,01,323,,50,56,115,,0*61
1776370002.239,$GLGSV,2,1,07,68,26,152,41,69,78,138,47,70,45,336,51,73,26,267,37,1*7F
1776370002.240,$GLGSV,2,2,07,79,13,025,24,80,42,334,51,,,,40,1*78
1776370002.242,$GLGSV,2,1,06,68,26,152,28,69,78,138,42,70,45,336,49,73,26,267,36,3*7E
1776370002.242,$GLGSV,2,2,06,79,13,025,23,80,42,334,47,3*7F
1776370002.243,$GLGSV,1,1,03,81,02,076,,82,08,119,,83,03,166,,0*42
1776370002.244,$GAGSV,2,1,07,02,76,327,51,03,65,053,50,05,29,118,40,08,34,336,44,2*7B
1776370002.245,$GAGSV,2,2,07,25,29,031,34,30,36,232,38,32,55,355,51,2*40
1776370002.247,$GAGSV,2,1,07,02,76,327,47,03,65,053,45,05,29,118,32,08,34,336,41,7*7D
1776370002.248,$GAGSV,2,2,07,25,29,031,35,30,36,232,24,32,55,355,47,7*4E
1776370002.249,$GAGSV,1,1,02,15,05,226,,34,07,178,,0*7F
1776370002.250,$GBGSV,2,1,08,08,39,191,37,09,43,341,42,10,48,174,33,13,47,206,43,1*71
1776370002.251,$GBGSV,2,2,08,14,59,306,46,16,41,013,45,21,33,157,43,24,47,327,50,1*70
1776370002.251,$GBGSV,2,1,07,08,39,191,37,09,43,341,45,10,48,174,34,12,20,154,44,3*7F
1776370002.252,$GBGSV,2,2,07,13,47,206,41,14,59,306,51,16,41,013,45,3*4A
1776370002.253,$GBGSV,3,1,10,01,37,105,,02,66,235,,03,70,144,,04,21,101,,0*71
1776370002.253,$GBGSV,3,2,10,04,21,101,,05,41,259,,06,31,181,,07,54,160,,0*73
1776370002.254,$GBGSV,3,3,10,07,54,160,,11,02,199,,0*74
1776370002.254,$GNGLL,1339.06009,N,10029.58101,E,200642.00,A,D*70
1776370003.211,$GNRMC,200643.00,A,1339.06023,N,10029.58100,E,0.993,359.16,160426,0.53,W,F,V*44
1776370003.213,$GNVTG,359.16,T,359.69,M,0.993,N,1.840,K,D*3E
1776370003.216,$GNGGA,200643.00,1339.06023,N,10029.58100,E,5,12,0.62,-0.9,M,-27.8,M,,0499*4B
1776370003.218,$GNGSA,A,3,32,16,26,27,40,04,31,03,08,,,,1.36,0.62,1.21,1*0D
1776370003.220,$GNGSA,A,3,70,73,80,69,68,,,,,,,,1.36,0.62,1.21,2*0A
1776370003.221,$GNGSA,A,3,08,02,03,05,25,30,,,,,,,1.36,0.62,1.21,3*09
1776370003.224,$GNGSA,A,3,24,08,09,21,12,10,14,16,13,,,,1.36,0.62,1.21,4*00
1776370003.227,$GPGSV,3,1,11,03,42,263,25,04,30,332,40,08,31,186,39,16,65,354,47,1*68
1776370003.230,$GPGSV,3,2,11,26,36,025,39,27,51,149,35,31,30,042,35,32,18,132,25,1*6C
1776370003.233,$GPGSV,3,3,11,40,36,259,33,41,64,233,48,42,70,217,47,1*54
1776370003.235,$GPGSV,2,1,08,03,42,263,27,04,30,332,40,08,31,186,32,26,36,025,44,6*6C
1776370003.237,$GPGSV,2,2,08,27,51,149,38,28,16,066,20,31,30,042,31,32,18,132,21,6*6C
1776370003.239,$GPGSV,1,1,04,01,02,223,,02,05,196,,09,01,323,,50,56,115,,0*61
1776370003.240,$GLGSV,2,1,07,68,26,152,38,69,78,138,48,70,45,336,50,73,26,267,34,1*7C
1776370003.241,$GLGSV,2,2,07,79,13,025,24,80,42,334,51,,,,37,1*78
1776370003.242,$GLGSV,2,1,06,68,26,152,38,69,78,138,43,70,45,336,48,73,26,267,40,3*7E
1776370003.242,$GLGSV,2,2,06,79,13,025,23,80,42,334,45,3*7D
1776370003.243,$GLGSV,1,1,03,81,02,076,,82,08,119,,83,03,166,,0*42
1776370003.244,$GAGSV,2,1,07,02,76,327,51,03,65,053,50,05,29,118,42,08,34,336,44,2*79
1776370003.245,$GAGSV,2,2,07,25,29,031,29,30,36,232,38,32,55,355,50,2*4D
1776370003.246,$GAGSV,2,1,07,02,76,327,48,03,65,053,46,05,29,118,40,08,34,336,37,7*75
1776370003.246,$GAGSV,2,2,07,25,29,031,35,30,36,232,31,32,55,355,48,7*45
1776370003.247,$GAGSV,1,1,02,15,05,226,,34,07,178,,0*7F
1776370003.248,$GBGSV,2,1,08,08,39,191,35,09,43,341,43,10,48,174,30,13,47,206,45,1*77
1776370003.249,$GBGSV,2,2,08,14,59,306,47,16,41,013,45,21,33,157,42,24,47,327,49,1*78
1776370003.250,$GBGSV,2,1,07,08,39,191,43,09,43,341,47,10,48,174,39,12,20,154,40,3*77
1776370003.250,$GBGSV,2,2,07,13,47,206,45,14,59,306,49,16,41,013,45,3*47
1776370003.251,$GBGSV,3,1,10,01,37,105,,02,66,235,,03,70,144,,04,21,101,,0*71
1776370003.252,$GBGSV,3,2,10,04,21,101,,05,41,259,,06,31,181,,07,54,160,,0*73
1776370003.252,$GBGSV,3,3,10,07,54,160,,11,02,199,,0*74
1776370003.253,$GNGLL,1339.06023,N,10029.58100,E,200643.00,A,D*78
1776370004.220,$GNRMC,200644.00,A,1339.06058,N,10029.58103,E,1.380,0.53,160426,0.53,W,F,V*4B
1776370004.222,$GNVTG,0.53,T,1.06,M,1.380,N,2.557,K,D*36
1776370004.224,$GNGGA,200644.00,1339.06058,N,10029.58103,E,5,12,0.65,-0.9,M,-27.8,M,,0499*44
1776370004.226,$GNGSA,A,3,32,16,26,27,40,04,31,03,08,,,,1.37,0.65,1.21,1*0B
1776370004.227,$GNGSA,A,3,70,73,80,69,68,,,,,,,,1.37,0.65,1.21,2*0C
1776370004.229,$GNGSA,A,3,08,02,03,05,25,30,,,,,,,1.37,0.65,1.21,3*0F
1776370004.231,$GNGSA,A,3,24,08,09,21,12,10,14,16,13,,,,1.37,0.65,1.21,4*06
1776370004.235,$GPGSV,3,1,11,03,42,263,40,04,30,332,36,08,31,186,41,16,65,354,47,1*65
1776370004.239,$GPGSV,3,2,11,26,36,025,37,27,51,149,37,31,30,042,33,32,18,132,24,1*67
1776370004.241,$GPGSV,3,3,11,40,36,259,33,41,64,233,48,42,70,217,48,1*5B
1776370004.243,$GPGSV,2,1,08,03,42,263,38,04,30,332,39,08,31,186,35,26,36,025,43,6*6C
1776370004.245,$GPGSV,2,2,08,27,51,149,33,28,16,066,20,31,30,042,24,32,18,132,21,6*63
1776370004.246,$GPGSV,1,1,04,01,02,223,,02,05,196,,09,01,323,,50,56,115,,0*61
1776370004.247,$GLGSV,2,1,07,68,25,153,39,69,78,138,49,70,45,336,51,73,26,267,44,1*78
1776370004.249,$GLGSV,2,2,07,79,13,025,22,80,42,334,49,,,,35,1*75
1776370004.251,$GLGSV,2,1,06,68,25,153,40,69,78,138,43,70,45,336,49,73,26,267,42,3*70
1776370004.252,$GLGSV,2,2,06,79,13,025,21,80,42,334,44,3*7E
1776370004.253,$GLGSV,1,1,03,81,02,076,,82,08,119,,83,03,166,,0*42
1776370004.255,$GAGSV,2,1,07,02,76,327,50,03,65,053,51,05,29,118,44,08,34,336,40,2*7B
1776370004.256,$GAGSV,2,2,07,25,29,031,30,30,36,232,41,32,55,355,50,2*4B
1776370004.257,$GAGSV,2,1,07,02,76,327,48,03,65,053,46,05,29,118,41,08,34,336,38,7*7B
1776370004.258,$GAGSV,2,2,07,25,29,031,34,30,36,232,26,32,55,355,46,7*4C
1776370004.259,$GAGSV,1,1,02,15,05,226,,34,07,178,,0*7F
1776370004.260,$GBGSV,2,1,08,08,39,191,39,09,43,341,43,10,48,174,37,13,47,206,45,1*7C
1776370004.262,$GBGSV,2,2,08,14,59,306,47,16,41,013,44,21,33,157,41,24,47,327,49,1*7A
1776370004.262,$GBGSV,2,1,07,08,39,191,39,09,43,341,46,10,48,174,32,12,20,154,42,3*72
1776370004.263,$GBGSV,2,2,07,13,47,206,44,14,59,306,51,16,41,013,45,3*4F
1776370004.264,$GBGSV,3,1,10,01,37,105,,02,66,235,,03,70,144,,04,21,101,,0*71
1776370004.264,$GBGSV,3,2,10,04,21,101,,05,41,259,,06,31,181,,07,54,160,,0*73
1776370004.264,$GBGSV,3,3,10,07,54,160,,11,02,199,,0*74
1776370004.265,$GNGLL,1339.06058,N,10029.58103,E,200644.00,A,D*70
1776370005.216,$GNRMC,200645.00,A,1339.06101,N,10029.58106,E,1.636,0.39,160426,0.53,W,F,V*46
1776370005.218,$GNVTG,0.39,T,0.92,M,1.636,N,3.030,K,D*3B
1776370005.219,$GNGGA,200645.00,1339.06101,N,10029.58106,E,5,12,0.62,-0.9,M,-27.8,M,,0499*4A
1776370005.220,$GNGSA,A,3,32,16,26,27,40,04,31,03,08,,,,1.36,0.62,1.21,1*0D
1776370005.221,$GNGSA,A,3,70,73,80,69,68,,,,,,,,1.36,0.62,1.21,2*0A
1776370005.222,$GNGSA,A,3,08,02,03,05,25,30,,,,,,,1.36,0.62,1.21,3*09
1776370005.223,$GNGSA,A,3,24,08,09,21,12,10,14,16,13,,,,1.36,0.62,1.21,4*00
1776370005.224,$GPGSV,3,1,11,03,42,263,40,04,30,332,42,08,31,186,40,16,65,354,47,1*67
1776370005.225,$GPGSV,3,2,11,26,36,025,42,27,51,149,35,31,30,042,29,32,18,132,23,1*6B
1776370005.226,$GPGSV,3,3,11,40,36,259,40,41,64,233,48,42,70,217,47,1*50
1776370005.227,$GPGSV,2,1,08,03,42,263,45,04,30,332,42,08,31,186,36,26,36,025,40,6*6A
1776370005.228,$GPGSV,2,2,08,27,51,149,33,28,16,066,21,31,30,042,30,32,18,132,19,6*6C
1776370005.229,$GPGSV,1,1,04,01,02,223,,02,05,196,,09,01,323,,50,56,115,,0*61
1776370005.230,$GLGSV,2,1,07,68,25,153,43,69,77,142,49,70,45,336,48,73,26,267,34,1*78
1776370005.231,$GLGSV,2,2,07,79,13,025,23,80,42,334,48,,,,35,1*75
1776370005.232,$GLGSV,2,1,06,68,25,153,28,69,77,142,44,70,45,336,48,73,26,267,44,3*7C
1776370005.233,$GLGSV,2,2,06,79,13,025,19,80,42,334,45,3*74
1776370005.235,$GLGSV,1,1,03,81,02,076,,82,08,119,,83,03,166,,0*42
1776370005.236,$GAGSV,2,1,07,02,76,327,51,03,65,053,50,05,29,118,40,08,34,336,40,2*7F
1776370005.237,$GAGSV,2,2,07,25,29,031,30,30,36,232,43,32,55,355,49,2*41
1776370005.238,$GAGSV,2,1,07,02,76,327,48,03,65,053,48,05,29,118,38,08,34,336,34,7*77
1776370005.240,$GAGSV,2,2,07,25,29,031,29,30,36,232,43,32,55,355,45,7*40
1776370005.241,$GAGSV,1,1,02,15,05,226,,34,07,178,,0*7F
1776370005.242,$GBGSV,2,1,08,08,39,191,39,09,43,341,42,10,48,174,36,13,47,206,46,1*7F
1776370005.243,$GBGSV,2,2,08,14,59,306,46,16,41,013,42,21,33,157,39,24,47,327,47,1*7C
1776370005.244,$GBGSV,2,1,07,08,39,191,42,09,43,341,48,10,48,174,40,12,20,154,36,3*76
1776370005.245,$GBGSV,2,2,07,13,47,206,44,14,59,306,51,16,41,013,44,3*4E
1776370005.245,$GBGSV,3,1,10,01,37,105,,02,66,235,,03,70,144,,04,21,101,,0*71
1776370005.246,$GBGSV,3,2,10,04,21,101,,05,41,259,,06,31,181,,07,54,160,,0*73
1776370005.247,$GBGSV,3,3,10,07,54,160,,11,02,199,,0*74
1776370005.247,$GNGLL,1339.06101,N,10029.58106,E,200645.00,A,D*79
1776370006.216,$GNRMC,200646.00,A,1339.06148,N,10029.58106,E,1.788,358.71,160426,0.53,W,F,V*4E
1776370006.219,$GNVTG,358.71,T,359.24,M,1.788,N,3.312,K,D*3C
1776370006.221,$GNGGA,200646.00,1339.06148,N,10029.58106,E,5,12,0.62,-0.9,M,-27.8,M,,0499*44
1776370006.224,$GNGSA,A,3,32,16,26,27,28,04,31,03,08,,,,1.36,0.62,1.21,1*03
1776370006.226,$GNGSA,A,3,70,73,80,69,68,,,,,,,,1.36,0.62,1.21,2*0A
1776370006.227,$GNGSA,A,3,08,02,03,05,25,30,,,,,,,1.36,0.62,1.21,3*09
1776370006.229,$GNGSA,A,3,24,08,09,21,12,10,14,16,13,,,,1.36,0.62,1.21,4*00
1776370006.231,$GPGSV,3,1,10,03,42,263,37,04,30,332,40,08,31,186,41,16,65,354,46,1*64
1776370006.235,$GPGSV,3,2,10,26,36,025,37,27,51,149,35,31,30,042,29,32,18,132,23,1*68
1776370006.237,$GPGSV,3,3,10,41,64,233,48,42,70,217,48,1*65
1776370006.240,$GPGSV,2,1,08,03,42,263,29,04,30,332,42,08,31,186,37,26,36,025,38,6*6E
1776370006.243,$GPGSV,2,2,08,27,51,149,33,28,16,066,20,31,30,042,30,32,18,132,20,6*67
1776370006.245,$GPGSV,2,1,05,01,02,223,,02,05,196,,09,01,323,,40,36,259,,0*6F
1776370006.245,$GPGSV,2,2,05,40,36,259,,0*5F
1776370006.246,$GLGSV,2,1,07,68,25,153,42,69,77,142,50,70,46,336,50,73,26,267,37,1*78
1776370006.247,$GLGSV,2,2,07,79,13,025,23,80,42,334,48,,,,37,1*77
1776370006.248,$GLGSV,2,1,06,68,25,153,33,69,77,142,46,70,46,336,47,73,26,267,38,3*73
1776370006.249,$GLGSV,2,2,06,79,13,025,18,80,42,334,48,3*78
1776370006.249,$GLGSV,1,1,03,81,02,076,,82,08,119,,83,03,166,,0*42
1776370006.250,$GAGSV,2,1,07,02,76,327,50,03,65,053,50,05,29,118,46,08,34,336,43,2*7B
1776370006.252,$GAGSV,2,2,07,25,29,031,26,30,36,232,34,32,55,355,51,2*4F
1776370006.253,$GAGSV,2,1,06,02,76,327,48,03,65,053,47,05,29,118,38,08,34,336,39,7*74
1776370006.254,$GAGSV,2,2,06,30,36,232,34,32,55,355,47,7*76
1776370006.255,$GAGSV,1,1,02,15,05,226,,34,07,178,,0*7F
1776370006.256,$GBGSV,2,1,08,08,39,191,39,09,43,341,41,10,48,174,37,13,47,206,45,1*7E
1776370006.257,$GBGSV,2,2,08,14,59,306,45,16,41,013,40,21,33,157,39,24,47,327,49,1*73
1776370006.258,$GBGSV,2,1,07,08,39,191,44,09,43,341,47,10,48,174,41,12,20,154,38,3*70
1776370006.258,$GBGSV,2,2,07,13,47,206,44,14,59,306,51,16,41,013,43,3*49
1776370006.259,$GBGSV,3,1,10,01,37,105,,02,66,235,,03,70,144,,04,21,101,,0*71
1776370006.260,$GBGSV,3,2,10,04,21,101,,05,41,259,,06,31,181,,07,54,160,,0*73
1776370006.260,$GBGSV,3,3,10,07,54,160,,11,02,199,,0*74
1776370006.260,$GNGLL,1339.06148,N,10029.58106,E,200646.00,A,D*77
1776370007.221,$GNRMC,200647.00,A,1339.06199,N,10029.58106,E,1.798,359.53,160426,0.53,W,F,V*43
1776370007.224,$GNVTG,359.53,T,0.06,M,1.798,N,3.329,K,D*3B
1776370007.227,$GNGGA,200647.00,1339.06199,N,10029.58106,E,5,12,0.65,-0.8,M,-27.8,M,,0499*4F
1776370007.229,$GNGSA,A,3,32,16,26,27,28,04,31,03,08,,,,1.37,0.65,1.21,1*05
1776370007.230,$GNGSA,A,3,70,73,80,69,68,,,,,,,,1.37,0.65,1.21,2*0C
1776370007.231,$GNGSA,A,3,08,02,03,05,25,30,,,,,,,1.37,0.65,1.21,3*0F
1776370007.232,$GNGSA,A,3,24,08,09,21,12,10,14,16,13,,,,1.37,0.65,1.21,4*06
1776370007.233,$GPGSV,3,1,10,03,42,263,42,04,30,332,37,08,31,186,39,16,65,354,47,1*68
1776370007.235,$GPGSV,3,2,10,26,36,025,39,27,51,149,39,31,30,042,20,32,18,132,24,1*64
1776370007.236,$GPGSV,3,3,10,41,64,233,47,42,70,217,48,1*6A
1776370007.238,$GPGSV,2,1,08,03,42,263,40,04,30,332,40,08,31,186,38,26,36,025,36,6*62
1776370007.239,$GPGSV,2,2,08,27,51,149,36,28,16,066,20,31,30,042,25,32,18,132,20,6*66
1776370007.241,$GPGSV,2,1,05,01,02,223,,02,05,196,,09,01,323,,40,36,259,,0*6F
1776370007.241,$GPGSV,2,2,05,40,36,259,,0*5F
1776370007.244,$GLGSV,2,1,07,68,25,153,31,69,77,142,50,70,46,336,50,73,26,267,44,1*78
1776370007.245,$GLGSV,2,2,07,79,13,025,23,80,42,334,50,,,,33,1*7A
1776370007.246,$GLGSV,2,1,06,68,25,153,28,69,77,142,47,70,46,336,48,73,26,267,38,3*77
1776370007.247,$GLGSV,2,2,06,79,13,025,17,80,42,334,46,3*79
1776370007.248,$GLGSV,1,1,03,81,02,076,,82,08,119,,83,03,166,,0*42
1776370007.249,$GAGSV,2,1,07,02,76,327,51,03,65,053,50,05,29,118,46,08,34,336,43,2*7A
1776370007.250,$GAGSV,2,2,07,25,29,031,26,30,36,232,42,32,55,355,51,2*4E
1776370007.251,$GAGSV,2,1,06,02,76,327,47,03,65,053,47,05,29,118,41,08,34,336,42,7*79
1776370007.251,$GAGSV,2,2,06,30,36,232,36,32,55,355,47,7*74
1776370007.252,$GAGSV,1,1,02,15,05,226,,34,07,178,,0*7F
1776370007.253,$GBGSV,2,1,08,08,39,191,39,09,43,341,42,10,48,174,39,13,47,206,46,1*70
1776370007.255,$GBGSV,2,2,08,14,59,306,46,16,41,013,43,21,33,157,31,24,47,327,49,1*7B
1776370007.256,$GBGSV,2,1,07,08,39,191,42,09,43,341,47,10,48,174,41,12,20,154,33,3*7D
1776370007.257,$GBGSV,2,2,07,13,47,206,43,14,59,306,51,16,41,013,43,3*4E
1776370007.258,$GBGSV,3,1,10,01,37,105,,02,66,235,,03,70,144,,04,21,101,,0*71
1776370007.259,$GBGSV,3,2,10,04,21,101,,05,41,259,,06,31,181,,07,54,160,,0*73
1776370007.260,$GBGSV,3,3,10,07,54,160,,11,02,199,,0*74
1776370007.261,$GNGLL,1339.06199,N,10029.58106,E,200647.00,A,D*7A
1776370008.212,$GNRMC,200648.00,A,1339.06252,N,10029.58106,E,1.910,359.37,160426,0.53,W,F,V*44
1776370008.213,$GNVTG,359.37,T,359.90,M,1.910,N,3.538,K,D*31
1776370008.214,$GNGGA,200648.00,1339.06252,N,10029.58106,E,5,12,0.63,-0.9,M,-27.8,M,,0499*43
1776370008.215,$GNGSA,A,3,32,16,26,27,28,04,31,03,08,,,,1.41,0.63,1.26,1*05
1776370008.216,$GNGSA,A,3,70,73,80,79,69,68,,,,,,,1.41,0.63,1.26,2*02
1776370008.217,$GNGSA,A,3,08,02,03,05,25,30,,,,,,,1.41,0.63,1.26,3*0F
1776370008.218,$GNGSA,A,3,24,08,09,21,10,14,16,13,,,,,1.41,0.63,1.26,4*05
1776370008.220,$GPGSV,3,1,10,03,42,263,43,04,30,332,41,08,31,186,42,16,65,354,46,1*65
1776370008.223,$GPGSV,3,2,10,26,36,025,24,27,51,149,36,31,30,042,29,32,18,132,23,1*69
1776370008.225,$GPGSV,3,3,10,41,64,233,47,42,70,217,47,1*65
1776370008.226,$GPGSV,2,1,08,03,42,263,37,04,30,332,38,08,31,186,40,26,36,025,32,6*66
1776370008.227,$GPGSV,2,2,08,27,51,149,39,28,16,066,20,31,30,042,24,32,18,132,20,6*68
1776370008.228,$GPGSV,2,1,05,01,02,223,,02,05,196,,09,01,323,,40,36,259,,0*6F
1776370008.228,$GPGSV,2,2,05,40,36,259,,0*5F
1776370008.229,$GLGSV,2,1,07,68,25,153,32,69,77,142,50,70,46,336,50,73,26,267,29,1*70
1776370008.231,$GLGSV,2,2,07,79,13,025,24,80,42,334,50,,,,35,1*7B
1776370008.231,$GLGSV,2,1,06,68,25,153,27,69,77,142,47,70,46,336,47,73,26,267,31,3*7E
1776370008.232,$GLGSV,2,2,06,79,13,025,19,80,42,334,46,3*77
1776370008.232,$GLGSV,1,1,03,81,02,076,,82,08,119,,83,03,166,,0*42
1776370008.233,$GAGSV,2,1,07,02,76,327,50,03,65,053,51,05,29,118,46,08,34,336,45,2*7C
1776370008.234,$GAGSV,2,2,07,25,29,031,25,30,36,232,42,32,55,355,50,2*4C
1776370008.234,$GAGSV,2,1,06,02,76,327,48,03,65,053,47,05,29,118,42,08,34,336,39,7*79
1776370008.235,$GAGSV,2,2,06,30,36,232,42,32,55,355,47,7*77
1776370008.236,$GAGSV,1,1,02,15,05,226,,34,07,178,,0*7F
1776370008.236,$GBGSV,2,1,08,08,39,191,41,09,43,341,41,10,48,174,40,13,47,206,44,1*70
1776370008.238,$GBGSV,2,2,08,14,59,306,45,16,41,013,44,21,33,157,35,24,47,327,49,1*7B
1776370008.239,$GBGSV,2,1,06,08,39,191,43,09,43,341,46,10,48,174,45,13,47,206,42,3*7A
1776370008.240,$GBGSV,2,2,06,14,59,306,51,16,41,013,42,3*7C
1776370008.241,$GBGSV,3,1,11,01,37,105,,02,66,235,,03,70,144,,04,21,101,,0*70
1776370008.241,$GBGSV,3,2,11,04,21,101,,05,41,259,,06,31,181,,07,54,160,,0*72
1776370008.242,$GBGSV,3,3,11,07,54,160,,11,02,199,,12,20,154,,0*44
1776370008.242,$GNGLL,1339.06252,N,10029.58106,E,200648.00,A,D*71
1776370009.214,$GNRMC,200649.00,A,1339.06307,N,10029.58107,E,1.969,1.78,160426,0.53,W,F,V*4E
1776370009.216,$GNVTG,1.78,T,2.31,M,1.969,N,3.646,K,D*36
1776370009.218,$GNGGA,200649.00,1339.06307,N,10029.58107,E,5,12,0.65,-0.9,M,-27.8,M,,0499*44
1776370009.219,$GNGSA,A,3,32,16,26,27,04,40,31,03,08,,,,1.42,0.65,1.26,1*0E
1776370009.222,$GNGSA,A,3,70,73,80,79,69,68,,,,,,,1.42,0.65,1.26,2*07
1776370009.224,$GNGSA,A,3,08,02,03,05,25,30,,,,,,,1.42,0.65,1.26,3*0A
1776370009.227,$GNGSA,A,3,24,08,09,10,14,16,13,,,,,,1.42,0.65,1.26,4*03
1776370009.228,$GPGSV,3,1,09,03,42,263,39,04,30,332,41,08,31,186,42,16,65,354,47,1*61
1776370009.229,$GPGSV,3,2,09,26,36,025,39,27,51,149,40,40,36,259,30,41,64,233,47,1*63
1776370009.230,$GPGSV,3,3,09,42,70,217,47,1*5B
1776370009.232,$GPGSV,2,1,08,03,42,263,34,04,30,332,40,08,31,186,38,26,36,025,40,6*60
1776370009.233,$GPGSV,2,2,08,27,51,149,43,28,16,066,18,31,30,042,23,32,18,132,21,6*68
1776370009.234,$GPGSV,1,1,04,01,02,223,,02,05,196,,09,01,323,,50,56,115,,0*61
1776370009.235,$GLGSV,2,1,07,68,25,153,39,69,77,142,50,70,46,336,51,73,26,268,44,1*7E
1776370009.235,$GLGSV,2,2,07,79,13,025,25,80,42,334,52,,,,35,1*78
1776370009.237,$GLGSV,2,1,06,68,25,153,27,69,77,142,47,70,46,336,48,73,26,268,44,3*7C
1776370009.237,$GLGSV,2,2,06,79,13,025,17,80,42,334,46,3*79
1776370009.239,$GLGSV,1,1,03,81,02,076,,82,08,119,,83,03,166,,0*42
1776370009.240,$GAGSV,2,1,07,02,76,327,50,03,65,053,49,05,29,118,44,08,34,336,39,2*7C
1776370009.241,$GAGSV,2,2,07,25,29,031,26,30,36,232,42,32,55,355,49,2*47
1776370009.242,$GAGSV,2,1,06,02,76,327,47,03,65,053,45,05,29,118,41,08,34,336,31,7*7F
1776370009.242,$GAGSV,2,2,06,30,36,232,37,32,55,355,45,7*77
1776370009.243,$GAGSV,1,1,02,15,05,226,,34,07,178,,0*7F
1776370009.243,$GBGSV,2,1,07,08,39,191,40,09,43,341,42,10,48,174,38,13,47,206,45,1*73
1776370009.244,$GBGSV,2,2,07,14,59,306,45,16,41,013,40,24,47,327,51,1*4F
1776370009.245,$GBGSV,2,1,07,08,39,191,42,09,43,341,46,10,48,174,43,12,20,154,30,3*7D
1776370009.245,$GBGSV,2,2,07,13,47,206,43,14,59,306,51,16,41,013,43,3*4E
1776370009.246,$GBGSV,3,1,11,01,37,105,,02,66,235,,03,70,144,,04,21,101,,0*70
1776370009.247,$GBGSV,3,2,11,04,21,101,,05,41,259,,06,31,181,,07,54,160,,0*72
1776370009.247,$GBGSV,3,3,11,07,54,160,,11,02,199,,21,33,157,,0*45
1776370009.247,$GNGLL,1339.06307,N,10029.58107,E,200649.00,A,D*70
1776370010.216,$GNRMC,200650.00,A,1339.06362,N,10029.58108,E,1.990,359.84,160426,0.53,W,F,V*41
1776370010.219,$GNVTG,359.84,T,0.37,M,1.990,N,3.686,K,D*35
1776370010.221,$GNGGA,200650.00,1339.06362,N,10029.58108,E,5,12,0.65,-0.9,M,-27.8,M,,0499*40
1776370010.223,$GNGSA,A,3,32,16,26,27,04,40,31,03,08,,,,1.42,0.65,1.26,1*0E
1776370010.225,$GNGSA,A,3,70,73,80,79,69,68,,,,,,,1.42,0.65,1.26,2*07
1776370010.227,$GNGSA,A,3,08,02,03,05,25,30,,,,,,,1.42,0.65,1.26,3*0A
1776370010.227,$GNGSA,A,3,24,08,09,10,14,16,13,,,,,,1.42,0.65,1.26,4*03
1776370010.228,$GPGSV,3,1,10,03,42,263,42,04,30,332,39,08,31,186,39,16,65,354,47,1*66
1776370010.230,$GPGSV,3,2,10,26,36,025,40,27,51,149,45,32,18,132,29,40,36,259,38,1*6D
1776370010.230,$GPGSV,3,3,10,41,64,233,49,42,70,217,46,1*6A
1776370010.231,$GPGSV,2,1,08,03,42,263,42,04,30,332,37,08,31,186,41,26,36,025,38,6*60
1776370010.232,$GPGSV,2,2,08,27,51,149,43,28,16,066,18,31,30,042,24,32,18,132,23,6*6D
1776370010.233,$GPGSV,1,1,04,01,02,223,,02,05,196,,09,01,323,,50,56,115,,0*61
1776370010.234,$GLGSV,2,1,07,68,25,153,37,69,77,142,50,70,46,336,49,73,26,268,42,1*7F
1776370010.235,$GLGSV,2,2,07,79,13,025,24,80,42,334,47,,,,39,1*71
1776370010.236,$GLGSV,2,1,06,68,25,153,28,69,77,142,47,70,46,336,49,73,26,268,44,3*72
1776370010.236,$GLGSV,2,2,06,79,13,025,18,80,42,334,46,3*76
1776370010.237,$GLGSV,1,1,03,81,02,076,,82,08,119,,83,03,166,,0*42
1776370010.238,$GAGSV,2,1,07,02,76,327,50,03,65,053,44,05,29,118,46,08,34,336,39,2*73
1776370010.239,$GAGSV,2,2,07,25,29,031,37,30,36,232,41,32,55,355,50,2*4C
1776370010.240,$GAGSV,2,1,06,02,76,327,47,03,65,053,42,05,29,118,40,08,34,336,39,7*71
1776370010.241,$GAGSV,2,2,06,30,36,232,38,32,55,355,44,7*79
1776370010.242,$GAGSV,1,1,02,15,05,226,,34,07,178,,0*7F
1776370010.243,$GBGSV,2,1,08,08,39,191,40,09,43,341,42,10,48,174,41,13,47,206,46,1*71
1776370010.244,$GBGSV,2,2,08,14,59,306,46,16,41,013,43,21,33,157,33,24,47,327,48,1*78
1776370010.245,$GBGSV,2,1,06,08,39,191,42,09,43,341,48,10,48,174,41,13,47,206,44,3*77
1776370010.246,$GBGSV,2,2,06,14,59,306,52,16,41,013,43,3*7E
1776370010.247,$GBGSV,3,1,11,01,37,105,,02,66,235,,03,70,144,,04,21,101,,0*70
1776370010.247,$GBGSV,3,2,11,04,21,101,,05,41,259,,06,31,181,,07,54,160,,0*72
1776370010.248,$GBGSV,3,3,11,07,54,160,,11,02,199,,12,20,154,,0*44
1776370010.248,$GNGLL,1339.06362,N,10029.58108,E,200650.00,A,D*74
1776370011.213,$GNRMC,200651.00,A,1339.06418,N,10029.58109,E,1.963,1.95,160426,0.53,W,F,V*49
1776370011.216,$GNVTG,1.95,T,2.48,M,1.963,N,3.636,K,D*36
1776370011.220,$GNGGA,200651.00,1339.06418,N,10029.58109,E,5,12,0.63,-0.9,M,-27.8,M,,0499*4C
1776370011.221,$GNGSA,A,3,32,16,26,27,04,40,31,03,08,,,,1.41,0.63,1.26,1*0B
1776370011.224,$GNGSA,A,3,70,73,80,69,68,,,,,,,,1.41,0.63,1.26,2*0C
1776370011.225,$GNGSA,A,3,08,02,03,05,25,30,,,,,,,1.41,0.63,1.26,3*0F
1776370011.226,$GNGSA,A,3,24,08,09,21,10,14,16,13,,,,,1.41,0.63,1.26,4*05
1776370011.228,$GPGSV,3,1,09,03,42,263,37,04,30,332,40,08,31,186,42,16,65,354,46,1*6F
1776370011.230,$GPGSV,3,2,09,26,36,025,42,27,51,149,45,40,36,259,42,41,64,233,46,1*6E
1776370011.231,$GPGSV,3,3,09,42,70,217,47,1*5B
1776370011.233,$GPGSV,2,1,08,03,42,263,41,04,30,332,42,08,31,186,41,26,36,025,42,6*6C
1776370011.234,$GPGSV,2,2,08,27,51,149,46,28,16,066,17,31,30,042,22,32,18,132,23,6*61
1776370011.235,$GPGSV,1,1,04,01,02,223,,02,05,196,,09,01,323,,50,56,115,,0*61
1776370011.236,$GLGSV,2,1,07,68,25,153,39,69,77,142,50,70,46,336,51,73,26,268,47,1*7D
1776370011.237,$GLGSV,2,2,07,79,13,025,24,80,42,334,48,,,,37,1*70
1776370011.238,$GLGSV,2,1,06,68,25,153,31,69,77,142,47,70,46,336,48,73,26,268,44,3*7B
1776370011.238,$GLGSV,2,2,06,79,13,025,17,80,42,334,46,3*79
1776370011.239,$GLGSV,1,1,03,81,02,076,,82,08,119,,83,03,166,,0*42
1776370011.240,$GAGSV,2,1,07,02,76,327,51,03,65,053,39,05,29,118,46,08,34,336,42,2*74
1776370011.241,$GAGSV,2,2,07,25,29,031,35,30,36,232,41,32,55,355,49,2*46
1776370011.242,$GAGSV,2,1,06,02,76,327,47,03,65,053,42,05,29,118,41,08,34,336,41,7*7F
1776370011.243,$GAGSV,2,2,06,30,36,232,33,32,55,355,44,7*72
1776370011.243,$GAGSV,1,1,02,15,05,226,,34,07,178,,0*7F
1776370011.244,$GBGSV,2,1,08,08,39,191,40,09,43,341,40,10,48,174,41,13,47,206,44,1*71
1776370011.244,$GBGSV,2,2,08,14,59,306,47,16,41,013,44,21,33,157,33,24,47,327,48,1*7E
1776370011.246,$GBGSV,2,1,06,08,39,191,45,09,43,341,46,10,48,174,44,13,47,206,44,3*7B
1776370011.246,$GBGSV,2,2,06,14,59,306,51,16,41,013,44,3*7A
1776370011.247,$GBGSV,3,1,11,01,37,105,,02,66,235,,03,70,144,,04,21,101,,0*70
1776370011.248,$GBGSV,3,2,11,04,21,101,,05,41,259,,06,31,181,,07,54,160,,0*72
1776370011.249,$GBGSV,3,3,11,07,54,160,,11,02,199,,12,20,154,,0*44
1776370011.250,$GNGLL,1339.06418,N,10029.58109,E,200651.00,A,D*7E
1776370012.210,$GNRMC,200652.00,A,1339.06469,N,10029.58109,E,1.884,2.29,160426,0.53,W,F,V*40
1776370012.213,$GNVTG,2.29,T,2.82,M,1.884,N,3.489,K,D*3A
1776370012.216,$GNGGA,200652.00,1339.06469,N,10029.58109,E,5,12,0.65,-0.9,M,-27.8,M,,0499*4F
1776370012.219,$GNGSA,A,3,32,16,26,27,04,40,31,03,08,,,,1.42,0.65,1.26,1*0E
1776370012.222,$GNGSA,A,3,79,70,73,80,69,68,,,,,,,1.42,0.65,1.26,2*07
1776370012.224,$GNGSA,A,3,08,02,03,05,25,30,,,,,,,1.42,0.65,1.26,3*0A
1776370012.225,$GNGSA,A,3,24,08,09,10,14,16,13,,,,,,1.42,0.65,1.26,4*03
1776370012.227,$GPGSV,3,1,09,03,42,263,43,04,30,332,39,08,31,186,43,16,65,354,46,1*63
1776370012.229,$GPGSV,3,2,09,26,36,025,44,27,51,149,46,40,36,259,42,41,64,233,47,1*6A
1776370012.229,$GPGSV,3,3,09,42,70,217,46,1*5A
1776370012.230,$GPGSV,2,1,08,03,42,263,43,04,30,332,38,08,31,186,39,26,36,025,42,6*6C
1776370012.232,$GPGSV,2,2,08,27,51,149,45,28,16,066,15,31,30,042,22,32,18,132,23,6*60
1776370012.233,$GPGSV,1,1,04,01,02,223,,02,05,196,,09,01,323,,50,56,115,,0*61
1776370012.233,$GLGSV,2,1,07,68,25,153,36,69,77,142,49,70,46,336,49,73,26,268,45,1*71
1776370012.234,$GLGSV,2,2,07,79,13,025,25,80,42,334,47,,,,41,1*7F
1776370012.235,$GLGSV,2,1,06,68,25,153,38,69,77,142,47,70,46,336,48,73,26,268,46,3*70
1776370012.236,$GLGSV,2,2,06,79,13,025,17,80,42,334,45,3*7A
1776370012.236,$GLGSV,1,1,03,81,02,076,,82,08,119,,83,03,166,,0*42
1776370012.237,$GAGSV,2,1,07,02,76,327,50,03,65,053,48,05,29,118,46,08,34,336,45,2*74
1776370012.238,$GAGSV,2,2,07,25,29,031,35,30,36,232,39,32,55,355,46,2*46
1776370012.239,$GAGSV,2,1,07,02,76,327,46,03,65,053,45,05,29,118,40,08,34,336,41,7*79
1776370012.239,$GAGSV,2,2,07,25,29,031,31,30,36,232,22,32,55,355,47,7*4C
1776370012.240,$GAGSV,1,1,02,15,05,226,,34,07,178,,0*7F
1776370012.241,$GBGSV,2,1,08,08,39,191,38,09,43,341,40,10,48,174,42,13,47,206,45,1*7C
1776370012.242,$GBGSV,2,2,08,14,60,306,46,16,41,013,43,21,33,157,31,24,47,327,48,1*70
1776370012.243,$GBGSV,2,1,06,08,39,191,43,09,43,341,47,10,48,174,45,13,47,206,45,3*7C
1776370012.244,$GBGSV,2,2,06,14,60,306,50,16,41,013,45,3*70
1776370012.244,$GBGSV,3,1,11,01,37,105,,02,66,235,,03,70,144,,04,21,101,,0*70
1776370012.245,$GBGSV,3,2,11,04,21,101,,05,41,259,,06,31,181,,07,54,160,,0*72
1776370012.245,$GBGSV,3,3,11,07,54,160,,11,02,199,,12,20,154,,0*44
1776370012.246,$GNGLL,1339.06469,N,10029.58109,E,200652.00,A,D*7B
1776370013.216,$GNRMC,200653.00,A,1339.06523,N,10029.58109,E,1.890,358.09,160426,0.53,W,F,V*45
1776370013.219,$GNVTG,358.09,T,358.62,M,1.890,N,3.501,K,D*32
1776370013.221,$GNGGA,200653.00,1339.06523,N,10029.58109,E,5,12,0.65,-0.9,M,-27.8,M,,0499*41
1776370013.223,$GNGSA,A,3,32,16,26,27,04,40,31,03,08,,,,1.42,0.65,1.26,1*0E
1776370013.225,$GNGSA,A,3,70,73,80,69,68,,,,,,,,1.42,0.65,1.26,2*09
1776370013.227,$GNGSA,A,3,08,02,03,05,25,30,,,,,,,1.42,0.65,1.26,3*0A
1776370013.229,$GNGSA,A,3,24,08,09,06,10,14,16,13,,,,,1.42,0.65,1.26,4*05
1776370013.231,$GPGSV,3,1,09,03,42,263,42,04,30,332,42,08,31,186,41,16,65,354,45,1*6F
1776370013.233,$GPGSV,3,2,09,26,36,025,42,27,51,149,43,40,36,259,38,41,64,233,46,1*65
1776370013.235,$GPGSV,3,3,09,42,70,217,46,1*5A
1776370013.237,$GPGSV,2,1,08,03,42,263,44,04,30,332,42,08,31,186,40,26,36,025,40,6*6A
1776370013.239,$GPGSV,2,2,08,27,51,149,42,28,16,066,15,31,30,042,23,32,18,132,24,6*61
1776370013.241,$GPGSV,1,1,04,01,02,223,,02,05,196,,09,01,323,,50,56,115,,0*61
1776370013.243,$GLGSV,2,1,07,68,25,153,42,69,77,142,47,70,46,336,50,73,26,268,45,1*74
1776370013.245,$GLGSV,2,2,07,79,13,025,22,80,42,334,46,,,,35,1*7A
1776370013.247,$GLGSV,2,1,06,68,25,153,31,69,77,142,42,70,46,336,48,73,26,268,47,3*7D
1776370013.248,$GLGSV,2,2,06,79,13,025,17,80,42,334,44,3*7B
1776370013.249,$GLGSV,1,1,03,81,02,076,,82,08,119,,83,03,166,,0*42
1776370013.250,$GAGSV,2,1,07,02,76,327,51,03,65,053,48,05,29,118,42,08,34,336,44,2*70
1776370013.251,$GAGSV,2,2,07,25,29,031,35,30,36,232,43,32,55,355,49,2*44
1776370013.252,$GAGSV,2,1,07,02,76,327,46,03,65,053,45,05,29,118,36,08,34,336,45,7*7C
1776370013.253,$GAGSV,2,2,07,25,29,031,32,30,36,232,38,32,55,355,46,7*45
1776370013.254,$GAGSV,1,1,02,15,05,226,,34,07,178,,0*7F
1776370013.255,$GBGSV,2,1,08,06,31,181,41,08,39,191,39,09,43,341,40,10,48,174,43,1*71
1776370013.256,$GBGSV,2,2,08,13,47,206,45,14,60,306,45,16,41,013,44,24,47,327,48,1*72
1776370013.257,$GBGSV,2,1,07,07,54,160,47,08,39,191,43,09,43,341,47,10,48,174,45,3*7B
1776370013.257,$GBGSV,2,2,07,13,47,206,43,14,60,306,51,16,41,013,45,3*42
1776370013.258,$GBGSV,3,1,10,01,37,105,,02,66,235,,03,70,144,,04,21,101,,0*71
1776370013.260,$GBGSV,3,2,10,04,21,101,,05,41,259,,11,02,199,,12,20,154,,0*7C
1776370013.260,$GBGSV,3,3,10,12,20,154,,21,33,157,,0*77
1776370013.261,$GNGLL,1339.06523,N,10029.58109,E,200653.00,A,D*75
1776370014.223,$GNRMC,200654.00,A,1339.06575,N,10029.58110,E,1.891,359.10,160426,0.53,W,F,V*41
1776370014.224,$GNVTG,359.10,T,359.64,M,1.891,N,3.502,K,D*3E
1776370014.227,$GNGGA,200654.00,1339.06575,N,10029.58110,E,5,12,0.65,-0.9,M,-27.8,M,,0499*4D
1776370014.229,$GNGSA,A,3,32,16,26,27,04,40,31,03,08,,,,1.42,0.65,1.26,1*0E
1776370014.231,$GNGSA,A,3,70,73,80,69,68,,,,,,,,1.42,0.65,1.26,2*09
1776370014.232,$GNGSA,A,3,08,02,03,05,25,30,,,,,,,1.42,0.65,1.26,3*0A
1776370014.234,$GNGSA,A,3,24,08,09,06,10,14,16,13,,,,,1.42,0.65,1.26,4*05
1776370014.236,$GPGSV,3,1,10,03,42,263,43,04,30,332,40,08,31,186,40,16,65,354,45,1*65
1776370014.239,$GPGSV,3,2,10,26,36,025,42,27,51,149,43,31,30,042,28,40,36,259,37,1*68
1776370014.240,$GPGSV,3,3,10,41,64,233,48,42,70,217,48,1*65
1776370014.241,$GPGSV,2,1,08,03,42,263,46,04,30,332,41,08,31,186,39,26,36,025,41,6*64
1776370014.243,$GPGSV,2,2,08,27,51,149,44,28,16,066,16,31,30,042,23,32,18,132,23,6*63
1776370014.245,$GPGSV,1,1,04,01,02,223,,02,05,196,,09,01,323,,50,56,115,,0*61
1776370014.246,$GLGSV,2,1,07,68,25,153,37,69,77,142,47,70,46,336,49,73,26,268,46,1*7D
1776370014.247,$GLGSV,2,2,07,79,13,025,21,80,42,334,46,,,,35,1*79
1776370014.248,$GLGSV,2,1,06,68,25,153,35,69,77,142,44,70,46,336,47,73,26,268,47,3*70
1776370014.249,$GLGSV,2,2,06,79,13,025,18,80,42,334,43,3*73
1776370014.250,$GLGSV,1,1,03,81,02,076,,82,08,119,,83,03,166,,0*42
1776370014.251,$GAGSV,2,1,07,02,76,327,50,03,65,053,51,05,29,118,38,08,34,336,47,2*77
1776370014.252,$GAGSV,2,2,07,25,29,031,40,30,36,232,34,32,55,355,50,2*4E
1776370014.253,$GAGSV,2,1,07,02,76,327,46,03,65,053,45,05,29,118,30,08,34,336,44,7*7B
1776370014.253,$GAGSV,2,2,07,25,29,031,32,30,36,232,33,32,55,355,46,7*4E
1776370014.254,$GAGSV,1,1,02,15,05,226,,34,07,178,,0*7F
1776370014.255,$GBGSV,2,1,08,06,31,181,42,08,39,191,40,09,43,341,41,10,48,174,41,1*7F
1776370014.255,$GBGSV,2,2,08,13,47,206,45,14,60,306,45,16,41,013,44,24,47,327,47,1*7D
1776370014.256,$GBGSV,2,1,07,07,54,160,45,08,39,191,41,09,43,341,47,10,48,174,45,3*7B
1776370014.257,$GBGSV,2,2,07,13,47,206,45,14,60,306,51,16,41,013,46,3*47
1776370014.257,$GBGSV,3,1,10,01,37,105,,02,66,235,,03,70,144,,04,21,101,,0*71
1776370014.258,$GBGSV,3,2,10,04,21,101,,05,41,259,,11,02,199,,12,20,154,,0*7C
1776370014.259,$GBGSV,3,3,10,12,20,154,,21,33,157,,0*77
1776370014.259,$GNGLL,1339.06575,N,10029.58110,E,200654.00,A,D*79
1776370015.218,$GNRMC,200655.00,A,1339.06630,N,10029.58108,E,2.072,357.84,160426,0.53,W,F,V*4E
1776370015.220,$GNVTG,357.84,T,358.37,M,2.072,N,3.837,K,D*37
1776370015.222,$GNGGA,200655.00,1339.06630,N,10029.58108,E,5,12,0.65,-0.8,M,-27.8,M,,0499*46
1776370015.223,$GNGSA,A,3,32,16,26,27,04,40,31,03,08,,,,1.42,0.65,1.26,1*0E
1776370015.224,$GNGSA,A,3,70,73,80,69,68,,,,,,,,1.42,0.65,1.26,2*09
1776370015.225,$GNGSA,A,3,08,02,03,05,25,30,,,,,,,1.42,0.65,1.26,3*0A
1776370015.226,$GNGSA,A,3,24,08,09,06,10,14,16,13,,,,,1.42,0.65,1.26,4*05
1776370015.228,$GPGSV,3,1,11,03,42,263,41,04,30,332,38,08,31,186,41,16,65,354,45,1*68
1776370015.231,$GPGSV,3,2,11,26,36,025,43,27,51,149,36,31,30,042,29,32,18,132,27,1*6D
1776370015.233,$GPGSV,3,3,11,40,36,259,44,41,64,233,47,42,70,217,45,1*59
1776370015.236,$GPGSV,2,1,08,03,42,263,45,04,30,332,40,08,31,186,40,26,36,025,40,6*69
1776370015.238,$GPGSV,2,2,08,27,51,149,38,28,16,066,17,31,30,042,25,32,18,132,23,6*6F
1776370015.239,$GPGSV,1,1,04,01,02,223,,02,05,196,,09,01,323,,50,56,115,,0*61
1776370015.240,$GLGSV,2,1,07,68,25,153,45,69,77,142,50,70,46,336,49,73,26,268,44,1*7C
1776370015.241,$GLGSV,2,2,07,79,12,026,21,80,42,334,48,,,,37,1*77
1776370015.242,$GLGSV,2,1,06,68,25,153,35,69,77,142,47,70,46,336,47,73,26,268,48,3*7C
1776370015.243,$GLGSV,2,2,06,79,12,026,18,80,42,334,46,3*74
1776370015.245,$GLGSV,1,1,03,81,02,076,,82,08,119,,83,03,166,,0*42
1776370015.246,$GAGSV,2,1,07,02,76,327,50,03,65,053,50,05,29,118,44,08,34,336,47,2*7D
1776370015.248,$GAGSV,2,2,07,25,29,031,36,30,36,232,46,32,55,355,50,2*4A
1776370015.249,$GAGSV,2,1,07,02,76,327,46,03,65,053,47,05,29,118,41,08,34,336,45,7*7E
1776370015.249,$GAGSV,2,2,07,25,29,031,32,30,36,232,41,32,55,355,46,7*4B
1776370015.250,$GAGSV,1,1,02,15,05,226,,34,07,178,,0*7F
1776370015.251,$GBGSV,2,1,08,06,31,181,41,08,39,191,41,09,43,341,42,10,48,174,42,1*7D
1776370015.252,$GBGSV,2,2,08,13,47,206,44,14,60,306,45,16,41,013,44,24,47,327,48,1*73
1776370015.252,$GBGSV,2,1,07,07,54,160,44,08,39,191,42,09,43,341,47,10,48,174,43,3*7F
1776370015.253,$GBGSV,2,2,07,13,47,206,45,14,60,306,51,16,41,013,44,3*45
1776370015.253,$GBGSV,3,1,10,01,37,105,,02,66,235,,03,70,144,,04,21,101,,0*71
1776370015.254,$GBGSV,3,2,10,04,21,101,,05,41,259,,11,02,199,,12,20,154,,0*7C
1776370015.255,$GBGSV,3,3,10,12,20,154,,21,33,157,,0*77
1776370015.255,$GNGLL,1339.06630,N,10029.58108,E,200655.00,A,D*73
1776370016.221,$GNRMC,200656.00,A,1339.06689,N,10029.58107,E,2.112,0.01,160426,0.53,W,F,V*4B
1776370016.223,$GNVTG,0.01,T,0.54,M,2.112,N,3.911,K,D*32
1776370016.225,$GNGGA,200656.00,1339.06689,N,10029.58107,E,5,12,0.65,-0.9,M,-27.8,M,,0499*49
1776370016.227,$GNGSA,A,3,32,16,26,27,04,40,31,03,08,,,,1.42,0.65,1.26,1*0E
1776370016.229,$GNGSA,A,3,70,73,80,69,68,,,,,,,,1.42,0.65,1.26,2*09
1776370016.231,$GNGSA,A,3,08,02,03,05,25,30,,,,,,,1.42,0.65,1.26,3*0A
1776370016.234,$GNGSA,A,3,24,08,09,06,10,14,16,13,,,,,1.42,0.65,1.26,4*05
1776370016.236,$GPGSV,3,1,11,03,42,263,45,04,30,332,39,08,31,186,40,16,65,354,46,1*6F
1776370016.238,$GPGSV,3,2,11,26,36,025,41,27,51,149,41,31,30,042,28,32,18,132,32,1*6A
1776370016.240,$GPGSV,3,3,11,40,36,259,43,41,64,233,47,42,70,217,47,1*5C
1776370016.242,$GPGSV,2,1,08,03,42,263,44,04,30,332,32,08,31,186,38,26,36,025,39,6*6C
1776370016.243,$GPGSV,2,2,08,27,51,149,38,28,16,066,17,31,30,042,23,32,18,132,25,6*6F
1776370016.245,$GPGSV,1,1,04,01,02,223,,02,05,196,,09,01,323,,50,56,115,,0*61
1776370016.246,$GLGSV,2,1,07,68,25,153,42,69,77,142,51,70,46,336,50,73,26,268,45,1*73
1776370016.247,$GLGSV,2,2,07,79,12,026,22,80,41,335,49,,,,41,1*76
1776370016.249,$GLGSV,2,1,06,68,25,153,31,69,77,142,47,70,46,336,47,73,26,268,45,3*75
1776370016.249,$GLGSV,2,2,06,79,12,026,17,80,41,335,47,3*78
1776370016.250,$GLGSV,1,1,03,81,02,076,,82,08,119,,83,03,166,,0*42
1776370016.251,$GAGSV,2,1,07,02,76,327,51,03,65,053,50,05,29,118,42,08,34,336,48,2*75
1776370016.252,$GAGSV,2,2,07,25,29,031,35,30,36,232,46,32,55,355,50,2*49
1776370016.253,$GAGSV,2,1,06,02,76,327,47,03,65,053,46,05,29,118,39,08,34,336,45,7*70
1776370016.253,$GAGSV,2,2,06,30,36,232,39,32,55,355,46,7*7A
1776370016.254,$GAGSV,1,1,02,15,05,226,,34,07,178,,0*7F
1776370016.255,$GBGSV,2,1,08,06,31,181,41,08,39,191,39,09,43,341,41,10,48,174,42,1*71
1776370016.256,$GBGSV,2,2,08,13,47,206,45,14,60,306,46,16,41,013,44,24,47,327,50,1*78
1776370016.256,$GBGSV,2,1,07,07,54,160,44,08,39,191,42,09,43,341,46,10,48,174,44,3*79
1776370016.257,$GBGSV,2,2,07,13,47,206,44,14,60,306,52,16,41,013,43,3*40
1776370016.258,$GBGSV,3,1,10,01,37,105,,02,66,235,,03,70,144,,04,21,101,,0*71
1776370016.258,$GBGSV,3,2,10,04,21,101,,05,41,259,,11,02,199,,12,20,154,,0*7C
1776370016.259,$GBGSV,3,3,10,12,20,154,,21,33,157,,0*77
1776370016.259,$GNGLL,1339.06689,N,10029.58107,E,200656.00,A,D*7D
1776370017.233,$GNRMC,200657.00,A,1339.06749,N,10029.58107,E,2.194,359.82,160426,0.53,W,F,V*4D
1776370017.236,$GNVTG,359.82,T,0.35,M,2.194,N,4.063,K,D*34
1776370017.238,$GNGGA,200657.00,1339.06749,N,10029.58107,E,5,12,0.65,-0.8,M,-27.8,M,,0499*44
1776370017.240,$GNGSA,A,3,32,16,26,27,04,40,31,03,08,,,,1.42,0.65,1.26,1*0E
1776370017.242,$GNGSA,A,3,70,73,80,69,68,,,,,,,,1.42,0.65,1.26,2*09
1776370017.243,$GNGSA,A,3,08,02,03,05,25,30,,,,,,,1.42,0.65,1.26,3*0A
1776370017.246,$GNGSA,A,3,24,08,09,06,10,14,16,13,,,,,1.42,0.65,1.26,4*05
1776370017.249,$GPGSV,3,1,11,03,42,263,42,04,30,332,39,08,31,186,42,16,65,354,46,1*6A
1776370017.253,$GPGSV,3,2,11,26,36,025,43,27,51,149,45,31,30,042,27,32,18,132,27,1*67
1776370017.257,$GPGSV,3,3,11,40,36,259,42,41,64,233,47,42,70,217,47,1*5D
1776370017.261,$GPGSV,2,1,08,03,42,263,43,04,30,332,42,08,31,186,41,26,36,025,42,6*6E
1776370017.264,$GPGSV,2,2,08,27,51,149,43,28,16,066,17,31,30,042,22,32,18,132,24,6*63
1776370017.266,$GPGSV,1,1,04,01,02,223,,02,05,196,,09,01,323,,50,56,115,,0*61
1776370017.268,$GLGSV,2,1,07,68,25,153,35,69,77,142,51,70,46,336,49,73,26,268,43,1*7D
1776370017.269,$GLGSV,2,2,07,79,12,026,21,80,41,335,48,,,,41,1*74
1776370017.270,$GLGSV,2,1,05,68,25,153,31,69,77,142,47,70,46,336,48,73,26,268,43,3*7F
1776370017.271,$GLGSV,2,2,05,80,41,335,49,3*4A
1776370017.272,$GLGSV,1,1,03,81,02,075,,82,08,119,,83,03,166,,0*41
1776370017.273,$GAGSV,2,1,07,02,76,327,50,03,65,053,50,05,29,118,44,08,34,336,48,2*72
1776370017.273,$GAGSV,2,2,07,25,29,031,39,30,36,232,46,32,55,355,50,2*45
1776370017.274,$GAGSV,2,1,07,02,76,327,47,03,65,053,46,05,29,118,39,08,34,336,41,7*75
1776370017.275,$GAGSV,2,2,07,25,29,031,33,30,36,232,41,32,55,355,46,7*4A
1776370017.276,$GAGSV,1,1,02,15,05,226,,34,07,178,,0*7F
1776370017.276,$GBGSV,2,1,08,06,31,181,40,08,39,191,39,09,43,341,41,10,48,174,42,1*70
1776370017.277,$GBGSV,2,2,08,13,47,206,46,14,60,306,45,16,41,013,41,24,47,327,48,1*74
1776370017.278,$GBGSV,2,1,07,07,54,160,47,08,39,191,44,09,43,341,48,10,48,174,44,3*72
1776370017.279,$GBGSV,2,2,07,13,47,206,46,14,60,306,51,16,41,013,44,3*46
1776370017.280,$GBGSV,3,1,10,01,37,105,,02,66,235,,03,70,144,,04,21,101,,0*71
1776370017.281,$GBGSV,3,2,10,04,21,101,,05,41,259,,11,02,199,,12,20,154,,0*7C
1776370017.281,$GBGSV,3,3,10,12,20,154,,21,33,157,,0*77
1776370017.282,$GNGLL,1339.06749,N,10029.58107,E,200657.00,A,D*71
1776370018.221,$GNRMC,200658.00,A,1339.06811,N,10029.58109,E,2.266,0.97,160426,0.53,W,F,V*4B
1776370018.223,$GNVTG,0.97,T,1.50,M,2.266,N,4.196,K,D*38
1776370018.225,$GNGGA,200658.00,1339.06811,N,10029.58109,E,5,12,0.65,-0.9,M,-27.8,M,,0499*46
1776370018.227,$GNGSA,A,3,32,16,26,27,04,40,31,03,08,,,,1.42,0.65,1.26,1*0E
1776370018.228,$GNGSA,A,3,70,73,80,69,68,,,,,,,,1.42,0.65,1.26,2*09
1776370018.230,$GNGSA,A,3,08,02,03,05,25,30,,,,,,,1.42,0.65,1.26,3*0A
1776370018.233,$GNGSA,A,3,24,08,09,06,10,14,16,13,,,,,1.42,0.65,1.26,4*05
1776370018.235,$GPGSV,3,1,10,03,42,263,39,04,30,332,41,08,31,186,39,16,65,354,46,1*64
1776370018.237,$GPGSV,3,2,10,26,36,025,36,27,51,149,43,32,18,132,26,40,36,259,43,1*69
1776370018.239,$GPGSV,3,3,10,41,64,233,47,42,70,217,45,1*67
1776370018.241,$GPGSV,2,1,08,03,42,263,41,04,30,332,40,08,31,186,41,26,36,025,34,6*6F
1776370018.244,$GPGSV,2,2,08,27,51,149,46,28,16,066,18,31,30,042,21,32,18,132,25,6*6B
1776370018.246,$GPGSV,1,1,04,01,02,223,,02,05,196,,09,01,323,,50,56,115,,0*61
1776370018.250,$GLGSV,2,1,07,68,25,153,39,69,77,142,50,70,46,336,50,73,26,268,43,1*78
1776370018.252,$GLGSV,2,2,07,79,12,026,21,80,41,335,49,,,,42,1*76
1776370018.253,$GLGSV,2,1,05,68,25,153,36,69,77,142,46,70,46,336,49,73,26,268,42,3*79
1776370018.254,$GLGSV,2,2,05,80,41,335,45,3*46
1776370018.256,$GLGSV,1,1,03,81,02,075,,82,08,118,,83,03,166,,0*40
1776370018.257,$GAGSV,2,1,07,02,76,327,50,03,65,053,50,05,29,118,41,08,34,336,45,2*7A
1776370018.258,$GAGSV,2,2,07,25,29,031,34,30,36,232,45,32,55,355,49,2*43
1776370018.259,$GAGSV,2,1,07,02,76,327,47,03,65,053,46,05,29,118,38,08,34,336,43,7*76
1776370018.260,$GAGSV,2,2,07,25,29,031,36,30,36,232,43,32,55,355,45,7*4E
1776370018.260,$GAGSV,1,1,02,15,05,226,,34,07,178,,0*7F
1776370018.261,$GBGSV,2,1,08,06,31,181,44,08,39,191,40,09,43,341,41,10,48,174,39,1*76
1776370018.263,$GBGSV,2,2,08,13,47,206,44,14,60,306,46,16,41,013,44,24,47,327,49,1*71
1776370018.264,$GBGSV,2,1,07,07,54,160,46,08,39,191,44,09,43,341,47,10,48,174,44,3*7C
1776370018.265,$GBGSV,2,2,07,13,47,206,44,14,60,306,51,16,41,013,44,3*44
1776370018.267,$GBGSV,3,1,10,01,37,105,,02,66,235,,03,70,144,,04,21,101,,0*71
1776370018.268,$GBGSV,3,2,10,04,21,101,,05,41,259,,11,02,199,,12,20,154,,0*7C
1776370018.269,$GBGSV,3,3,10,12,20,154,,21,33,157,,0*77
1776370018.270,$GNGLL,1339.06811,N,10029.58109,E,200658.00,A,D*72
1776370019.224,$GNRMC,200659.00,A,1339.06874,N,10029.58109,E,2.244,1.22,160426,0.53,W,F,V*46
1776370019.226,$GNVTG,1.22,T,1.75,M,2.244,N,4.157,K,D*3D
1776370019.228,$GNGGA,200659.00,1339.06874,N,10029.58109,E,5,12,0.65,-0.9,M,-27.8,M,,0499*44
1776370019.229,$GNGSA,A,3,32,16,26,27,04,40,31,03,08,,,,1.42,0.65,1.26,1*0E
1776370019.232,$GNGSA,A,3,70,73,80,69,68,,,,,,,,1.42,0.65,1.26,2*09
1776370019.234,$GNGSA,A,3,08,02,03,05,25,30,,,,,,,1.42,0.65,1.26,3*0A
1776370019.236,$GNGSA,A,3,24,08,09,06,10,14,16,13,,,,,1.42,0.65,1.26,4*05
1776370019.239,$GPGSV,3,1,11,03,42,263,39,04,30,332,43,08,31,186,43,16,65,354,46,1*6A
1776370019.243,$GPGSV,3,2,11,26,36,025,42,27,51,149,45,31,30,042,27,32,18,132,34,1*64
1776370019.245,$GPGSV,3,3,11,40,36,259,35,41,64,233,47,42,70,217,46,1*5C
1776370019.247,$GPGSV,2,1,08,03,42,263,38,04,30,332,44,08,31,186,40,26,36,025,41,6*66
1776370019.248,$GPGSV,2,2,08,27,51,149,45,28,16,066,18,31,30,042,21,32,18,132,30,6*6C
1776370019.250,$GPGSV,1,1,04,01,02,223,,02,05,196,,09,01,323,,50,56,115,,0*61
1776370019.252,$GLGSV,2,1,07,68,25,153,46,69,77,142,50,70,46,336,48,73,26,268,37,1*7A
1776370019.253,$GLGSV,2,2,07,79,12,026,20,80,41,335,49,,,,34,1*76
1776370019.254,$GLGSV,2,1,05,68,25,153,36,69,77,142,47,70,46,336,48,73,26,268,41,3*7A
1776370019.255,$GLGSV,2,2,05,80,41,335,46,3*45
1776370019.256,$GLGSV,1,1,03,81,02,075,,82,08,118,,83,03,165,,0*43
1776370019.257,$GAGSV,2,1,07,02,76,327,50,03,65,053,51,05,29,118,43,08,34,336,47,2*7B
1776370019.258,$GAGSV,2,2,07,25,29,031,41,30,36,232,43,32,55,355,49,2*47
1776370019.258,$GAGSV,2,1,07,02,76,327,47,03,65,053,47,05,29,118,36,08,34,336,44,7*7E
1776370019.259,$GAGSV,2,2,07,25,29,031,38,30,36,232,42,32,55,355,45,7*41
1776370019.260,$GAGSV,1,1,02,15,05,226,,34,07,178,,0*7F
1776370019.261,$GBGSV,2,1,08,06,31,181,43,08,39,191,40,09,43,341,42,10,48,174,42,1*7E
1776370019.262,$GBGSV,2,2,08,13,47,206,45,14,60,306,45,16,41,013,44,24,47,327,47,1*7D
1776370019.263,$GBGSV,2,1,07,07,54,160,46,08,39,191,44,09,43,341,48,10,48,174,46,3*71
1776370019.263,$GBGSV,2,2,07,13,47,206,43,14,60,306,51,16,41,013,45,3*42
1776370019.264,$GBGSV,3,1,10,01,37,105,,02,66,235,,03,70,144,,04,21,101,,0*71
1776370019.265,$GBGSV,3,2,10,04,21,101,,05,41,259,,11,02,199,,12,20,154,,0*7C
1776370019.265,$GBGSV,3,3,10,12,20,154,,21,33,157,,0*77
1776370019.266,$GNGLL,1339.06874,N,10029.58109,E,200659.00,A,D*70
1776370020.220,$GNRMC,200700.00,A,1339.06936,N,10029.58109,E,2.242,1.60,160426,0.53,W,F,V*4C
1776370020.221,$GNVTG,1.60,T,2.13,M,2.242,N,4.152,K,D*3B
1776370020.223,$GNGGA,200700.00,1339.06936,N,10029.58109,E,5,12,0.65,-0.9,M,-27.8,M,,0499*4E
1776370020.225,$GNGSA,A,3,32,16,26,27,04,40,31,03,08,,,,1.42,0.65,1.26,1*0E
1776370020.227,$GNGSA,A,3,70,73,80,69,68,,,,,,,,1.42,0.65,1.26,2*09
1776370020.228,$GNGSA,A,3,08,02,03,05,25,30,,,,,,,1.42,0.65,1.26,3*0A
1776370020.229,$GNGSA,A,3,24,08,09,06,10,14,16,13,,,,,1.42,0.65,1.26,4*05
1776370020.232,$GPGSV,3,1,10,03,42,263,34,04,30,332,41,08,31,186,42,16,65,354,45,1*66
1776370020.236,$GPGSV,3,2,10,26,36,025,44,27,51,149,44,32,18,132,31,40,36,259,39,1*60
1776370020.238,$GPGSV,3,3,10,41,64,233,47,42,70,217,46,1*64
1776370020.241,$GPGSV,2,1,08,03,42,263,35,04,30,332,41,08,31,186,40,26,36,025,43,6*6C
1776370020.243,$GPGSV,2,2,08,27,51,149,46,28,16,066,18,31,30,042,22,32,18,132,25,6*68
1776370020.245,$GPGSV,1,1,04,01,02,223,,02,05,196,,09,01,323,,50,56,115,,0*61
1776370020.247,$GLGSV,2,1,07,68,25,153,45,69,77,142,50,70,46,336,50,73,26,268,43,1*73
1776370020.248,$GLGSV,2,2,07,79,12,026,21,80,41,335,49,,,,41,1*75
1776370020.250,$GLGSV,2,1,05,68,25,153,37,69,77,142,46,70,46,336,48,73,26,268,40,3*7B
1776370020.251,$GLGSV,2,2,05,80,41,335,47,3*44
1776370020.252,$GLGSV,1,1,03,81,02,075,,82,08,118,,83,03,165,,0*43
1776370020.253,$GAGSV,2,1,07,02,76,327,50,03,65,053,50,05,29,118,41,08,34,336,46,2*79
1776370020.254,$GAGSV,2,2,07,25,29,031,37,30,36,232,46,32,55,355,48,2*42
1776370020.255,$GAGSV,2,1,07,02,76,327,47,03,65,053,45,05,29,118,33,08,34,336,45,7*78
1776370020.256,$GAGSV,2,2,07,25,29,031,36,30,36,232,43,32,55,355,45,7*4E
1776370020.257,$GAGSV,1,1,02,15,05,226,,34,07,178,,0*7F
1776370020.258,$GBGSV,2,1,08,06,31,181,43,08,39,191,41,09,43,341,41,10,48,174,41,1*7F
1776370020.259,$GBGSV,2,2,08,13,47,206,44,14,60,306,47,16,41,013,43,24,47,327,43,1*7D
1776370020.259,$GBGSV,2,1,07,07,54,160,48,08,39,191,43,09,43,341,48,10,48,174,45,3*7B
1776370020.260,$GBGSV,2,2,07,13,47,206,46,14,60,306,51,16,41,013,45,3*47
1776370020.261,$GBGSV,3,1,10,01,37,105,,02,66,235,,03,70,144,,04,21,101,,0*71
1776370020.262,$GBGSV,3,2,10,04,21,101,,05,41,259,,11,02,199,,12,20,154,,0*7C
1776370020.262,$GBGSV,3,3,10,12,20,154,,21,33,157,,0*77
1776370020.263,$GNGLL,1339.06936,N,10029.58109,E,200700.00,A,D*7A
1776370021.211,$GNRMC,200701.00,A,1339.06997,N,10029.58111,E,2.154,3.42,160426,0.53,W,F,V*49
1776370021.213,$GNVTG,3.42,T,3.95,M,2.154,N,3.989,K,D*3B
1776370021.216,$GNGGA,200701.00,1339.06997,N,10029.58111,E,5,12,0.65,-0.9,M,-27.8,M,,0499*4D
1776370021.219,$GNGSA,A,3,32,16,26,27,04,40,31,03,08,,,,1.42,0.65,1.26,1*0E
1776370021.220,$GNGSA,A,3,70,73,80,69,68,,,,,,,,1.42,0.65,1.26,2*09
1776370021.222,$GNGSA,A,3,08,02,03,05,25,30,,,,,,,1.42,0.65,1.26,3*0A
1776370021.225,$GNGSA,A,3,24,08,09,06,10,14,16,13,,,,,1.42,0.65,1.26,4*05
1776370021.227,$GPGSV,3,1,09,03,42,263,37,04,30,332,44,08,31,186,42,16,65,354,46,1*6B
1776370021.229,$GPGSV,3,2,09,26,36,025,43,27,51,149,45,40,36,259,36,41,64,233,47,1*6D
1776370021.232,$GPGSV,3,3,09,42,70,217,45,1*59
1776370021.234,$GPGSV,2,1,08,03,42,263,32,04,30,332,40,08,31,186,38,26,36,025,41,6*67
1776370021.236,$GPGSV,2,2,08,27,51,149,45,28,16,066,17,31,30,042,30,32,18,132,24,6*66
1776370021.238,$GPGSV,1,1,04,01,02,223,,02,05,196,,09,01,323,,50,56,115,,0*61
1776370021.239,$GLGSV,2,1,07,68,25,153,46,69,77,142,50,70,46,336,49,73,26,268,43,1*78
1776370021.240,$GLGSV,2,2,07,79,12,026,20,80,41,335,47,,,,39,1*75
1776370021.242,$GLGSV,2,1,06,68,25,153,41,69,77,142,47,70,46,336,46,73,26,268,39,3*78
1776370021.243,$GLGSV,2,2,06,79,12,026,08,80,41,335,46,3*77
1776370021.244,$GLGSV,1,1,03,81,02,075,,82,08,118,,83,03,165,,0*43
1776370021.245,$GAGSV,2,1,07,02,76,327,50,03,65,053,51,05,29,118,41,08,34,336,47,2*79
1776370021.246,$GAGSV,2,2,07,25,29,031,41,30,36,232,46,32,55,355,49,2*42
1776370021.247,$GAGSV,2,1,07,02,76,327,47,03,65,053,44,05,29,118,32,08,34,336,43,7*7E
1776370021.248,$GAGSV,2,2,07,25,29,031,38,30,36,232,41,32,55,355,45,7*42
1776370021.249,$GAGSV,1,1,02,15,05,226,,34,07,178,,0*7F
1776370021.250,$GBGSV,2,1,08,06,31,181,43,08,39,191,39,09,43,341,42,10,48,174,41,1*73
1776370021.250,$GBGSV,2,2,08,13,47,206,45,14,60,306,45,16,41,013,44,24,47,327,45,1*7F
1776370021.251,$GBGSV,2,1,07,07,54,160,47,08,39,191,44,09,43,341,47,10,48,174,47,3*7E
1776370021.252,$GBGSV,2,2,07,13,47,206,45,14,60,306,50,16,41,013,45,3*45
1776370021.253,$GBGSV,3,1,10,01,37,105,,02,66,235,,03,70,144,,04,21,101,,0*71
1776370021.254,$GBGSV,3,2,10,04,21,101,,05,41,259,,11,02,199,,12,20,154,,0*7C
1776370021.254,$GBGSV,3,3,10,12,20,154,,21,33,157,,0*77
1776370021.255,$GNGLL,1339.06997,N,10029.58111,E,200701.00,A,D*79
1776370022.223,$GNRMC,200702.00,A,1339.07057,N,10029.58112,E,2.126,1.02,160426,0.53,W,F,V*4E
1776370022.225,$GNVTG,1.02,T,1.55,M,2.126,N,3.937,K,D*33
1776370022.227,$GNGGA,200702.00,1339.07057,N,10029.58112,E,5,12,0.65,-0.9,M,-27.8,M,,0499*49
1776370022.229,$GNGSA,A,3,32,16,26,27,04,40,31,03,08,,,,1.42,0.65,1.26,1*0E
1776370022.231,$GNGSA,A,3,70,73,80,69,68,,,,,,,,1.42,0.65,1.26,2*09
1776370022.233,$GNGSA,A,3,08,02,03,05,25,30,,,,,,,1.42,0.65,1.26,3*0A
1776370022.234,$GNGSA,A,3,24,08,09,06,10,14,16,13,,,,,1.42,0.65,1.26,4*05
1776370022.237,$GPGSV,3,1,10,03,42,263,32,04,30,332,42,08,31,186,44,16,65,354,46,1*66
1776370022.239,$GPGSV,3,2,10,26,36,025,42,27,51,149,46,32,18,132,33,40,36,259,42,1*6A
1776370022.241,$GPGSV,3,3,10,41,64,233,49,42,70,217,47,1*6B
1776370022.244,$GPGSV,2,1,08,03,42,263,40,04,30,332,39,08,31,186,42,26,36,025,43,6*63
1776370022.247,$GPGSV,2,2,08,27,51,149,45,28,16,066,17,31,30,042,21,32,18,132,22,6*60
1776370022.249,$GPGSV,1,1,04,01,02,223,,02,05,196,,09,01,323,,50,56,115,,0*61
1776370022.252,$GLGSV,2,1,07,68,25,153,46,69,77,142,50,70,46,336,50,73,26,268,45,1*76
1776370022.253,$GLGSV,2,2,07,79,12,026,20,80,41,335,50,,,,40,1*7D
1776370022.255,$GLGSV,2,1,06,68,25,153,42,69,77,142,47,70,46,336,46,73,26,268,36,3*74
1776370022.256,$GLGSV,2,2,06,79,12,026,12,80,41,335,46,3*7C
1776370022.258,$GLGSV,1,1,03,81,02,075,,82,08,118,,83,03,165,,0*43
1776370022.259,$GAGSV,2,1,07,02,76,327,51,03,65,053,49,05,29,118,32,08,34,336,47,2*75
1776370022.260,$GAGSV,2,2,07,25,29,031,37,30,36,232,47,32,55,355,50,2*4A
1776370022.261,$GAGSV,2,1,06,02,76,327,47,03,65,053,44,08,34,336,40,25,29,031,38,7*7E
1776370022.262,$GAGSV,2,2,06,30,36,232,37,32,55,355,45,7*77
1776370022.263,$GAGSV,1,1,02,15,05,226,,34,07,178,,0*7F
1776370022.264,$GBGSV,2,1,08,06,31,181,43,08,39,191,41,09,43,341,42,10,48,174,43,1*7E
1776370022.265,$GBGSV,2,2,08,13,47,206,45,14,60,306,46,16,41,013,44,24,47,327,48,1*71
1776370022.266,$GBGSV,2,1,07,07,54,160,47,08,39,191,43,09,43,341,45,10,48,174,44,3*78
1776370022.267,$GBGSV,2,2,07,13,47,206,44,14,60,306,51,16,41,013,45,3*45
1776370022.268,$GBGSV,3,1,10,01,37,105,,02,66,235,,03,70,144,,04,21,101,,0*71
1776370022.269,$GBGSV,3,2,10,04,21,101,,05,41,259,,11,02,199,,12,20,154,,0*7C
1776370022.269,$GBGSV,3,3,10,12,20,154,,21,33,157,,0*77
1776370022.270,$GNGLL,1339.07057,N,10029.58112,E,200702.00,A,D*7D
1776370023.223,$GNRMC,200703.00,A,1339.07118,N,10029.58114,E,2.183,1.84,160426,0.53,W,F,V*42
1776370023.225,$GNVTG,1.84,T,2.37,M,2.183,N,4.044,K,D*3F
1776370023.225,$GNGGA,200703.00,1339.07118,N,10029.58114,E,5,12,0.65,-0.8,M,-27.8,M,,0499*45
1776370023.226,$GNGSA,A,3,32,16,26,27,04,40,31,03,08,,,,1.42,0.65,1.26,1*0E
1776370023.227,$GNGSA,A,3,70,73,80,69,68,,,,,,,,1.42,0.65,1.26,2*09
1776370023.227,$GNGSA,A,3,08,02,03,05,25,30,,,,,,,1.42,0.65,1.26,3*0A
1776370023.228,$GNGSA,A,3,24,08,09,06,10,14,16,13,,,,,1.42,0.65,1.26,4*05
1776370023.228,$GPGSV,3,1,11,03,42,263,39,04,30,332,43,08,31,186,42,16,65,354,46,1*6B
1776370023.229,$GPGSV,3,2,11,26,36,025,44,27,51,149,47,31,30,042,30,32,18,132,32,1*60
1776370023.230,$GPGSV,3,3,11,40,36,259,37,41,64,233,49,42,70,217,47,1*51
1776370023.230,$GPGSV,2,1,08,03,42,263,43,04,30,332,44,08,31,186,42,26,36,025,43,6*6A
1776370023.231,$GPGSV,2,2,08,27,51,149,45,28,16,066,19,31,30,042,22,32,18,132,24,6*6B
1776370023.232,$GPGSV,1,1,04,01,02,223,,02,05,196,,09,01,323,,50,56,115,,0*61
1776370023.232,$GLGSV,2,1,07,68,25,153,47,69,77,142,51,70,46,336,51,73,26,268,36,1*73
1776370023.233,$GLGSV,2,2,07,79,12,026,21,80,41,335,50,,,,39,1*72
1776370023.234,$GLGSV,2,1,06,68,25,153,41,69,77,142,48,70,46,336,48,73,26,268,31,3*71
1776370023.235,$GLGSV,2,2,06,79,12,026,15,80,41,335,47,3*7A
1776370023.236,$GLGSV,1,1,03,81,02,075,,82,08,118,,83,03,165,,0*43
1776370023.238,$GAGSV,2,1,07,02,76,327,49,03,65,053,51,05,29,118,32,08,34,336,44,2*76
1776370023.239,$GAGSV,2,2,07,25,29,031,39,30,36,232,41,32,55,355,50,2*42
1776370023.241,$GAGSV,2,1,06,02,76,327,47,03,65,053,43,08,34,336,41,25,29,031,39,7*79
1776370023.242,$GAGSV,2,2,06,30,36,232,37,32,55,355,45,7*77
1776370023.243,$GAGSV,1,1,02,15,05,226,,34,07,178,,0*7F
1776370023.243,$GBGSV,2,1,08,06,31,181,43,08,39,191,41,09,43,341,42,10,48,174,42,1*7F
1776370023.244,$GBGSV,2,2,08,13,47,206,43,14,60,306,46,16,41,013,42,24,47,327,48,1*71
1776370023.245,$GBGSV,2,1,07,07,54,160,45,08,39,191,43,09,43,341,46,10,48,174,45,3*78
1776370023.245,$GBGSV,2,2,07,13,47,206,44,14,60,306,51,16,41,013,45,3*45
1776370023.246,$GBGSV,3,1,10,01,37,105,,02,66,235,,03,70,144,,04,21,101,,0*71
1776370023.247,$GBGSV,3,2,10,04,21,101,,05,41,259,,11,02,199,,12,20,154,,0*7C
1776370023.247,$GBGSV,3,3,10,12,20,154,,21,33,157,,0*77
1776370023.248,$GNGLL,1339.07118,N,10029.58114,E,200703.00,A,D*70
1776370024.219,$GNRMC,200704.00,A,1339.07180,N,10029.58114,E,2.298,0.50,160426,0.53,W,F,V*45
1776370024.220,$GNVTG,0.50,T,1.03,M,2.298,N,4.255,K,D*38
1776370024.222,$GNGGA,200704.00,1339.07180,N,10029.58114,E,5,12,0.65,-0.8,M,-27.8,M,,0499*43
1776370024.224,$GNGSA,A,3,32,16,26,27,04,31,03,08,,,,,1.42,0.65,1.26,1*0A
1776370024.225,$GNGSA,A,3,79,70,73,80,69,68,,,,,,,1.42,0.65,1.26,2*07
1776370024.227,$GNGSA,A,3,08,02,03,05,25,30,,,,,,,1.42,0.65,1.26,3*0A
1776370024.228,$GNGSA,A,3,24,08,09,06,10,14,16,13,,,,,1.42,0.65,1.26,4*05
1776370024.230,$GPGSV,3,1,09,03,42,263,41,04,30,332,43,08,31,186,43,16,65,354,46,1*6C
1776370024.232,$GPGSV,3,2,09,26,36,025,43,27,51,149,45,40,36,259,29,41,64,233,47,1*63
1776370024.234,$GPGSV,3,3,09,42,70,217,48,1*54
1776370024.236,$GPGSV,2,1,08,03,42,263,41,04,30,332,43,08,31,186,42,26,36,025,43,6*6F
1776370024.238,$GPGSV,2,2,08,27,51,149,46,28,16,066,19,31,30,042,24,32,18,132,31,6*6A
1776370024.240,$GPGSV,1,1,04,01,02,223,,02,05,196,,09,01,323,,50,56,115,,0*61
1776370024.242,$GLGSV,2,1,07,68,25,153,48,69,77,142,51,70,46,336,50,73,26,268,45,1*79
1776370024.244,$GLGSV,2,2,07,79,12,026,21,80,41,335,48,,,,40,1*75
1776370024.246,$GLGSV,2,1,06,68,25,153,41,69,77,142,47,70,46,336,47,73,26,268,41,3*76
1776370024.248,$GLGSV,2,2,06,79,12,026,17,80,41,335,47,3*78
1776370024.249,$GLGSV,1,1,03,81,02,075,,82,08,118,,83,03,165,,0*43
1776370024.250,$GAGSV,2,1,07,02,76,327,50,03,65,053,49,05,29,118,25,08,34,336,47,2*72
1776370024.252,$GAGSV,2,2,07,25,29,031,39,30,36,232,44,32,55,355,49,2*4F
1776370024.253,$GAGSV,2,1,06,02,76,327,46,03,65,053,45,08,34,336,42,25,29,031,38,7*7C
1776370024.254,$GAGSV,2,2,06,30,36,232,35,32,55,355,44,7*74
1776370024.255,$GAGSV,1,1,02,15,05,226,,34,07,178,,0*7F
1776370024.256,$GBGSV,2,1,08,06,31,181,42,08,39,191,39,09,43,341,43,10,48,174,42,1*70
1776370024.257,$GBGSV,2,2,08,13,47,206,45,14,60,306,45,16,41,013,45,24,47,327,47,1*7C
1776370024.258,$GBGSV,2,1,07,07,54,160,46,08,39,191,42,09,43,341,43,10,48,174,44,3*7E
1776370024.259,$GBGSV,2,2,07,13,47,206,45,14,60,306,51,16,41,013,43,3*42
1776370024.259,$GBGSV,3,1,10,01,37,105,,02,66,235,,03,70,144,,04,21,101,,0*71
1776370024.260,$GBGSV,3,2,10,04,21,101,,05,41,259,,11,02,199,,12,20,154,,0*7C
1776370024.261,$GBGSV,3,3,10,12,20,154,,21,33,157,,0*77
1776370024.261,$GNGLL,1339.07180,N,10029.58114,E,200704.00,A,D*76
1776370025.221,$GNRMC,200705.00,A,1339.07246,N,10029.58116,E,2.446,0.15,160426,0.53,W,F,V*4B
1776370025.224,$GNVTG,0.15,T,0.68,M,2.446,N,4.531,K,D*35
1776370025.227,$GNGGA,200705.00,1339.07246,N,10029.58116,E,5,12,0.65,-0.8,M,-27.8,M,,0499*49
1776370025.230,$GNGSA,A,3,32,16,26,27,04,40,31,03,08,,,,1.42,0.65,1.26,1*0E
1776370025.233,$GNGSA,A,3,70,73,80,69,68,,,,,,,,1.42,0.65,1.26,2*09
1776370025.234,$GNGSA,A,3,08,02,03,05,25,30,,,,,,,1.42,0.65,1.26,3*0A
1776370025.236,$GNGSA,A,3,24,08,09,06,10,14,16,13,,,,,1.42,0.65,1.26,4*05
1776370025.238,$GPGSV,3,1,09,03,42,263,40,04,30,332,44,08,31,186,42,16,65,354,47,1*6A
1776370025.240,$GPGSV,3,2,09,26,36,025,44,27,51,149,47,40,36,259,33,41,64,233,47,1*6D
1776370025.242,$GPGSV,3,3,09,42,70,217,46,1*5A
1776370025.244,$GPGSV,2,1,08,03,42,263,41,04,30,332,42,08,31,186,40,26,36,025,43,6*6C
1776370025.246,$GPGSV,2,2,08,27,51,149,46,28,16,066,19,31,30,042,24,32,18,132,24,6*6E
1776370025.249,$GPGSV,1,1,04,01,02,223,,02,05,196,,09,01,323,,50,56,115,,0*61
1776370025.250,$GLGSV,2,1,07,68,25,153,47,69,77,142,49,70,46,336,50,73,26,268,42,1*78
1776370025.251,$GLGSV,2,2,07,79,12,026,20,80,41,335,49,,,,41,1*74
1776370025.253,$GLGSV,2,1,06,68,25,153,38,69,77,142,47,70,46,336,50,73,26,268,35,3*7D
1776370025.254,$GLGSV,2,2,06,79,12,026,16,80,41,335,46,3*78
1776370025.255,$GLGSV,1,1,03,81,02,075,,82,08,118,,83,03,165,,0*43
1776370025.256,$GAGSV,2,1,07,02,76,327,51,03,65,053,48,05,29,118,25,08,34,336,48,2*7D
1776370025.257,$GAGSV,2,2,07,25,29,031,39,30,36,232,38,32,55,355,50,2*4C
1776370025.258,$GAGSV,2,1,06,02,76,327,47,03,65,053,46,08,34,336,46,25,29,031,36,7*74
1776370025.259,$GAGSV,2,2,06,30,36,232,35,32,55,355,46,7*76
1776370025.259,$GAGSV,1,1,02,15,05,226,,34,07,178,,0*7F
1776370025.260,$GBGSV,2,1,08,06,31,181,43,08,39,191,40,09,43,341,42,10,48,174,41,1*7D
1776370025.261,$GBGSV,2,2,08,13,47,206,43,14,60,306,46,16,41,013,44,24,47,327,49,1*76
1776370025.262,$GBGSV,2,1,07,07,54,160,47,08,39,191,42,09,43,341,45,10,48,174,44,3*79
1776370025.263,$GBGSV,2,2,07,13,47,206,45,14,60,306,51,16,41,013,45,3*44
1776370025.263,$GBGSV,3,1,10,01,37,105,,02,66,235,,03,70,144,,04,21,101,,0*71
1776370025.264,$GBGSV,3,2,10,04,21,101,,05,41,259,,11,02,199,,12,20,154,,0*7C
1776370025.265,$GBGSV,3,3,10,12,20,154,,21,33,157,,0*77
1776370025.265,$GNGLL,1339.07246,N,10029.58116,E,200705.00,A,D*7C
1776370026.223,$GNRMC,200706.00,A,1339.07313,N,10029.58117,E,2.485,1.91,160426,0.53,W,F,V*4A
1776370026.224,$GNVTG,1.91,T,2.44,M,2.485,N,4.602,K,D*38
1776370026.226,$GNGGA,200706.00,1339.07313,N,10029.58117,E,5,12,0.65,-0.9,M,-27.8,M,,0499*4B
1776370026.228,$GNGSA,A,3,32,16,26,27,04,40,31,03,08,,,,1.42,0.65,1.26,1*0E
1776370026.230,$GNGSA,A,3,70,73,80,69,68,,,,,,,,1.42,0.65,1.26,2*09
1776370026.231,$GNGSA,A,3,08,02,03,05,25,30,,,,,,,1.42,0.65,1.26,3*0A
1776370026.233,$GNGSA,A,3,24,08,09,06,10,14,16,13,,,,,1.42,0.65,1.26,4*05
1776370026.235,$GPGSV,3,1,09,03,42,263,42,04,30,332,42,08,31,186,43,16,65,354,47,1*6F
1776370026.237,$GPGSV,3,2,09,26,36,025,43,27,51,149,47,40,36,259,44,41,64,233,49,1*64
1776370026.239,$GPGSV,3,3,09,42,70,217,46,1*5A
1776370026.241,$GPGSV,2,1,08,03,42,263,38,04,30,332,42,08,31,186,41,26,36,025,41,6*61
1776370026.243,$GPGSV,2,2,08,27,51,149,45,28,16,066,18,31,30,042,22,32,18,132,26,6*68
1776370026.245,$GPGSV,1,1,04,01,02,222,,02,05,196,,09,01,323,,50,56,115,,0*60
1776370026.247,$GLGSV,2,1,07,68,25,153,47,69,77,142,49,70,46,336,50,73,26,268,38,1*75
1776370026.249,$GLGSV,2,2,07,79,12,026,21,80,41,335,50,,,,36,1*7D
1776370026.251,$GLGSV,2,1,06,68,25,153,41,69,77,142,45,70,46,336,49,73,26,268,42,3*79
1776370026.252,$GLGSV,2,2,06,79,12,026,14,80,41,335,47,3*7B
1776370026.253,$GLGSV,1,1,03,81,02,075,,82,08,118,,83,03,165,,0*43
1776370026.254,$GAGSV,2,1,07,02,76,327,51,03,65,053,49,05,29,118,26,08,34,336,45,2*72
1776370026.255,$GAGSV,2,2,07,25,29,031,35,30,36,232,43,32,55,355,50,2*4C
1776370026.256,$GAGSV,2,1,06,02,76,327,47,03,65,053,44,08,34,336,42,25,29,031,33,7*77
1776370026.257,$GAGSV,2,2,06,30,36,232,35,32,55,355,46,7*76
1776370026.258,$GAGSV,1,1,02,15,05,226,,34,07,178,,0*7F
1776370026.259,$GBGSV,2,1,08,06,31,181,43,08,39,191,40,09,43,341,42,10,48,174,42,1*7E
1776370026.260,$GBGSV,2,2,08,13,47,206,45,14,60,306,47,16,41,013,44,24,47,327,47,1*7F
1776370026.261,$GBGSV,2,1,07,07,54,160,47,08,39,191,45,09,43,341,46,10,48,174,45,3*7C
1776370026.262,$GBGSV,2,2,07,13,47,206,44,14,60,306,50,16,41,013,45,3*44
1776370026.262,$GBGSV,3,1,10,01,37,105,,02,66,235,,03,70,144,,04,21,101,,0*71
1776370026.263,$GBGSV,3,2,10,04,21,101,,05,41,259,,11,02,199,,12,20,154,,0*7C
1776370026.264,$GBGSV,3,3,10,12,20,154,,21,33,157,,0*77
1776370026.264,$GNGLL,1339.07313,N,10029.58117,E,200706.00,A,D*7F
1776370027.223,$GNRMC,200707.00,A,1339.07381,N,10029.58116,E,2.496,359.81,160426,0.53,W,F,V*4C
1776370027.224,$GNVTG,359.81,T,0.34,M,2.496,N,4.622,K,D*32
1776370027.226,$GNGGA,200707.00,1339.07381,N,10029.58116,E,5,12,0.65,-0.8,M,-27.8,M,,0499*41
1776370027.227,$GNGSA,A,3,32,16,26,27,04,40,31,03,08,,,,1.42,0.65,1.26,1*0E
1776370027.228,$GNGSA,A,3,70,73,80,69,68,,,,,,,,1.42,0.65,1.26,2*09
1776370027.229,$GNGSA,A,3,08,02,03,05,25,30,,,,,,,1.42,0.65,1.26,3*0A
1776370027.229,$GNGSA,A,3,24,08,09,06,10,14,16,13,,,,,1.42,0.65,1.26,4*05
1776370027.230,$GPGSV,3,1,09,03,42,263,40,04,30,332,39,08,31,186,44,16,65,354,46,1*67
1776370027.231,$GPGSV,3,2,09,26,36,025,43,27,51,149,46,40,36,259,44,41,64,233,48,1*64
1776370027.231,$GPGSV,3,3,09,42,70,217,47,1*5B
1776370027.232,$GPGSV,2,1,08,03,42,263,41,04,30,332,41,08,31,186,39,26,36,025,43,6*61
1776370027.233,$GPGSV,2,2,08,27,51,149,45,28,16,066,18,31,30,042,22,32,18,132,26,6*68
1776370027.234,$GPGSV,1,1,04,01,02,222,,02,05,195,,09,01,323,,50,56,115,,0*63
1776370027.235,$GLGSV,2,1,07,68,25,153,46,69,77,142,51,70,46,336,50,73,26,268,34,1*71
1776370027.235,$GLGSV,2,2,07,79,12,026,20,80,41,335,49,,,,36,1*74
1776370027.236,$GLGSV,2,1,06,68,25,153,39,69,77,142,48,70,46,336,49,73,26,268,39,3*77
1776370027.236,$GLGSV,2,2,06,79,12,026,13,80,41,335,48,3*73
1776370027.237,$GLGSV,1,1,03,81,02,075,,82,08,118,,83,03,165,,0*43
1776370027.238,$GAGSV,2,1,07,02,76,327,51,03,65,053,50,05,29,118,25,08,34,336,44,2*78
1776370027.239,$GAGSV,2,2,07,25,29,031,32,30,36,232,43,32,55,355,50,2*4B
1776370027.240,$GAGSV,2,1,06,02,76,327,47,03,65,053,47,08,34,336,42,25,29,031,29,7*7F
1776370027.240,$GAGSV,2,2,06,30,36,232,32,32,55,355,45,7*72
1776370027.241,$GAGSV,1,1,02,15,05,226,,34,07,178,,0*7F
1776370027.242,$GBGSV,2,1,08,06,31,181,42,08,39,191,42,09,43,341,42,10,48,174,42,1*7D
1776370027.242,$GBGSV,2,2,08,13,47,206,45,14,60,306,46,16,41,013,45,24,47,327,49,1*71
1776370027.243,$GBGSV,2,1,07,07,54,160,46,08,39,191,42,09,43,341,46,10,48,174,43,3*7C
1776370027.244,$GBGSV,2,2,07,13,47,206,42,14,60,306,51,16,41,013,44,3*42
1776370027.245,$GBGSV,3,1,10,01,37,105,,02,66,235,,03,70,144,,04,21,101,,0*71
1776370027.246,$GBGSV,3,2,10,04,21,101,,05,41,259,,11,02,199,,12,20,154,,0*7C
1776370027.246,$GBGSV,3,3,10,12,20,154,,21,33,157,,0*77
1776370027.247,$GNGLL,1339.07381,N,10029.58116,E,200707.00,A,D*74
1776370028.232,$GNRMC,200708.00,A,1339.07449,N,10029.58115,E,2.420,358.55,160426,0.53,W,F,V*46
1776370028.233,$GNVTG,358.55,T,359.09,M,2.420,N,4.482,K,D*3E
1776370028.234,$GNGGA,200708.00,1339.07449,N,10029.58115,E,5,12,0.65,-0.9,M,-27.8,M,,0499*4F
1776370028.235,$GNGSA,A,3,32,16,26,27,04,40,31,03,08,,,,1.42,0.65,1.26,1*0E
1776370028.235,$GNGSA,A,3,70,73,80,69,68,,,,,,,,1.42,0.65,1.26,2*09
1776370028.236,$GNGSA,A,3,08,02,03,05,25,30,,,,,,,1.42,0.65,1.26,3*0A
1776370028.237,$GNGSA,A,3,24,08,09,06,10,14,16,13,,,,,1.42,0.65,1.26,4*05
1776370028.238,$GPGSV,3,1,09,03,42,262,43,04,30,332,39,08,31,186,43,16,65,354,46,1*62
1776370028.241,$GPGSV,3,2,09,26,36,025,45,27,51,149,44,40,36,259,41,41,64,233,48,1*65
1776370028.242,$GPGSV,3,3,09,42,70,217,47,1*5B
1776370028.243,$GPGSV,2,1,08,03,42,262,41,04,30,332,39,08,31,186,40,26,36,025,41,6*63
1776370028.244,$GPGSV,2,2,08,27,51,149,43,28,16,066,18,31,30,042,23,32,18,132,31,6*69
1776370028.246,$GPGSV,1,1,04,01,02,222,,02,05,195,,09,01,323,,50,56,115,,0*63
1776370028.247,$GLGSV,2,1,07,68,25,153,42,69,77,142,50,70,46,336,51,73,26,268,45,1*73
1776370028.248,$GLGSV,2,2,07,79,12,026,20,80,41,335,49,,,,36,1*74
1776370028.250,$GLGSV,2,1,06,68,25,153,38,69,77,142,47,70,46,336,48,73,26,268,46,3*70
1776370028.250,$GLGSV,2,2,06,79,12,026,13,80,41,335,47,3*7C
1776370028.251,$GLGSV,1,1,03,81,02,075,,82,08,118,,83,03,165,,0*43
1776370028.251,$GAGSV,2,1,07,02,76,327,50,03,65,053,50,05,29,118,26,08,34,336,44,2*7A
1776370028.252,$GAGSV,2,2,07,25,29,031,32,30,36,232,46,32,55,355,50,2*4E
1776370028.253,$GAGSV,2,1,06,02,76,327,47,03,65,053,47,08,34,336,41,25,29,031,29,7*7C
1776370028.253,$GAGSV,2,2,06,30,36,232,35,32,55,355,45,7*75
1776370028.254,$GAGSV,1,1,02,15,05,226,,34,07,178,,0*7F
1776370028.255,$GBGSV,2,1,08,06,31,181,42,08,39,191,42,09,43,341,42,10,48,174,42,1*7D
1776370028.258,$GBGSV,2,2,08,13,47,206,41,14,60,306,45,16,41,013,45,24,47,327,50,1*7E
1776370028.259,$GBGSV,2,1,07,07,54,160,46,08,39,191,44,09,43,341,48,10,48,174,45,3*72
1776370028.261,$GBGSV,2,2,07,13,47,206,47,14,60,306,50,16,41,013,46,3*44
1776370028.262,$GBGSV,3,1,10,01,37,105,,02,66,235,,03,70,144,,04,21,101,,0*71
1776370028.263,$GBGSV,3,2,10,04,21,101,,05,41,259,,11,02,199,,12,20,154,,0*7C
1776370028.263,$GBGSV,3,3,10,12,20,154,,21,33,157,,0*77
1776370028.264,$GNGLL,1339.07449,N,10029.58115,E,200708.00,A,D*7B
1776370029.221,$GNRMC,200709.00,A,1339.07517,N,10029.58113,E,2.419,359.21,160426,0.53,W,F,V*43
1776370029.224,$GNVTG,359.21,T,359.74,M,2.419,N,4.480,K,D*3E
1776370029.228,$GNGGA,200709.00,1339.07517,N,10029.58113,E,5,12,0.65,-0.9,M,-27.8,M,,0499*42
1776370029.229,$GNGSA,A,3,32,16,26,27,04,40,31,03,08,,,,1.42,0.65,1.26,1*0E
1776370029.231,$GNGSA,A,3,70,73,80,69,68,,,,,,,,1.42,0.65,1.26,2*09
1776370029.233,$GNGSA,A,3,08,02,03,05,25,30,,,,,,,1.42,0.65,1.26,3*0A
1776370029.234,$GNGSA,A,3,24,08,09,06,10,14,16,13,,,,,1.42,0.65,1.26,4*05
1776370029.236,$GPGSV,3,1,09,03,42,262,43,04,31,332,38,08,31,186,43,16,65,354,46,1*62
1776370029.239,$GPGSV,3,2,09,26,36,025,45,27,51,149,45,40,36,259,44,41,64,233,48,1*61
1776370029.240,$GPGSV,3,3,09,42,70,217,47,1*5B
1776370029.242,$GPGSV,2,1,08,03,42,262,45,04,31,332,31,08,31,186,41,26,36,025,42,6*6C
1776370029.245,$GPGSV,2,2,08,27,51,149,45,28,16,066,17,31,30,042,22,32,18,132,29,6*68
1776370029.247,$GPGSV,1,1,04,01,02,222,,02,05,195,,09,01,323,,50,56,115,,0*63
1776370029.249,$GLGSV,2,1,06,68,25,153,41,69,77,142,51,70,46,336,50,73,26,268,43,1*77
1776370029.250,$GLGSV,2,2,06,79,12,026,20,80,41,335,47,1*7E
1776370029.252,$GLGSV,2,1,06,68,25,153,33,69,77,142,47,70,46,336,48,73,26,268,44,3*79
1776370029.253,$GLGSV,2,2,06,79,12,026,14,80,41,335,47,3*7B
1776370029.254,$GLGSV,1,1,03,81,02,075,,82,08,118,,83,03,165,,0*43
1776370029.255,$GAGSV,2,1,07,02,76,327,51,03,65,053,50,05,29,118,25,08,34,336,45,2*79
1776370029.256,$GAGSV,2,2,07,25,29,031,27,30,36,232,45,32,55,355,50,2*49
1776370029.257,$GAGSV,2,1,05,02,76,327,47,03,65,053,46,08,34,336,43,30,36,232,39,7*76
1776370029.258,$GAGSV,2,2,05,32,55,355,45,7*45
1776370029.259,$GAGSV,1,1,02,15,05,226,,34,07,178,,0*7F
1776370029.260,$GBGSV,2,1,08,06,31,181,43,08,39,191,40,09,43,341,42,10,48,174,42,1*7E
1776370029.261,$GBGSV,2,2,08,13,47,206,44,14,60,306,45,16,41,013,44,24,47,327,48,1*73
1776370029.262,$GBGSV,2,1,07,07,54,160,47,08,39,191,43,09,43,341,46,10,48,174,44,3*7B
1776370029.263,$GBGSV,2,2,07,13,47,206,46,14,60,306,50,16,41,013,44,3*47
1776370029.263,$GBGSV,3,1,10,01,37,105,,02,66,235,,03,70,144,,04,21,101,,0*71
1776370029.264,$GBGSV,3,2,10,04,21,101,,05,41,259,,11,02,199,,12,20,154,,0*7C
1776370029.265,$GBGSV,3,3,10,12,20,154,,21,33,157,,0*77
1776370029.266,$GNGLL,1339.07517,N,10029.58113,E,200709.00,A,D*76
1776370030.217,$GNRMC,200710.00,A,1339.07586,N,10029.58113,E,2.454,0.10,160426,0.53,W,F,V*47
1776370030.219,$GNVTG,0.10,T,0.63,M,2.454,N,4.545,K,D*3B
1776370030.221,$GNGGA,200710.00,1339.07586,N,10029.58113,E,5,12,0.65,-0.9,M,-27.8,M,,0499*42
1776370030.224,$GNGSA,A,3,32,16,26,27,04,40,31,03,08,,,,1.42,0.65,1.26,1*0E
1776370030.226,$GNGSA,A,3,70,73,80,69,68,,,,,,,,1.42,0.65,1.26,2*09
1776370030.227,$GNGSA,A,3,08,02,03,05,25,30,,,,,,,1.42,0.65,1.26,3*0A
1776370030.230,$GNGSA,A,3,24,08,09,06,10,14,16,13,,,,,1.42,0.65,1.26,4*05
1776370030.232,$GPGSV,3,1,10,03,42,262,42,04,31,332,38,08,31,186,42,16,65,354,46,1*6A
1776370030.235,$GPGSV,3,2,10,26,36,025,42,27,51,149,43,31,30,042,26,40,36,259,43,1*65
1776370030.236,$GPGSV,3,3,10,41,64,233,47,42,70,217,48,1*6A
1776370030.237,$GPGSV,2,1,08,03,42,262,42,04,31,332,43,08,31,186,40,26,36,025,41,6*6C
1776370030.238,$GPGSV,2,2,08,27,51,149,45,28,16,066,18,31,30,042,23,32,18,132,21,6*6E
1776370030.238,$GPGSV,1,1,04,01,02,222,,02,05,195,,09,01,323,,50,56,115,,0*63
1776370030.239,$GLGSV,2,1,06,68,25,153,43,69,77,142,51,70,46,336,50,73,26,268,40,1*76
1776370030.239,$GLGSV,2,2,06,79,12,026,20,80,41,335,47,1*7E
1776370030.240,$GLGSV,2,1,06,68,25,153,37,69,77,142,47,70,46,336,46,73,26,268,43,3*74
1776370030.240,$GLGSV,2,2,06,79,12,026,15,80,41,335,45,3*78
1776370030.241,$GLGSV,1,1,03,81,02,075,,82,08,118,,83,03,165,,0*43
1776370030.241,$GAGSV,2,1,07,02,76,327,50,03,65,053,50,05,29,118,24,08,34,336,47,2*7B
1776370030.242,$GAGSV,2,2,07,25,29,031,27,30,36,232,42,32,55,355,49,2*46
1776370030.243,$GAGSV,2,1,05,02,76,327,47,03,65,053,46,08,34,336,44,30,36,232,38,7*70
1776370030.243,$GAGSV,2,2,05,32,55,355,46,7*46
1776370030.244,$GAGSV,1,1,02,15,05,226,,34,07,178,,0*7F
1776370030.244,$GBGSV,2,1,08,06,31,181,44,08,39,191,40,09,43,341,42,10,48,174,41,1*7A
1776370030.245,$GBGSV,2,2,08,13,47,206,43,14,60,306,46,16,41,013,45,24,47,327,47,1*79
1776370030.246,$GBGSV,2,1,07,07,54,160,45,08,39,191,43,09,43,341,46,10,48,174,45,3*78
1776370030.246,$GBGSV,2,2,07,13,47,206,45,14,60,306,50,16,41,013,43,3*43
1776370030.247,$GBGSV,3,1,10,01,37,105,,02,66,235,,03,70,144,,04,21,101,,0*71
1776370030.247,$GBGSV,3,2,10,04,21,101,,05,41,259,,11,02,199,,12,20,154,,0*7C
1776370030.248,$GBGSV,3,3,10,12,20,154,,21,33,157,,0*77
1776370030.248,$GNGLL,1339.07586,N,10029.58113,E,200710.00,A,D*76
1776370031.226,$GNRMC,200711.00,A,1339.07656,N,10029.58112,E,2.494,0.54,160426,0.53,W,F,V*45
1776370031.229,$GNVTG,0.54,T,1.07,M,2.494,N,4.620,K,D*34
1776370031.232,$GNGGA,200711.00,1339.07656,N,10029.58112,E,5,12,0.65,-0.9,M,-27.8,M,,0499*4C
1776370031.234,$GNGSA,A,3,32,16,26,27,04,40,31,03,08,,,,1.42,0.65,1.26,1*0E
1776370031.236,$GNGSA,A,3,70,73,80,69,68,,,,,,,,1.42,0.65,1.26,2*09
1776370031.238,$GNGSA,A,3,08,02,03,05,25,30,,,,,,,1.42,0.65,1.26,3*0A
1776370031.240,$GNGSA,A,3,24,08,09,06,10,14,16,13,,,,,1.42,0.65,1.26,4*05
1776370031.243,$GPGSV,3,1,10,03,42,262,42,04,31,332,34,08,31,186,43,16,65,354,47,1*66
1776370031.246,$GPGSV,3,2,10,26,36,025,42,27,51,149,45,31,30,042,26,40,36,259,41,1*61
1776370031.248,$GPGSV,3,3,10,41,64,233,48,42,70,217,47,1*6A
1776370031.251,$GPGSV,2,1,08,03,42,262,43,04,31,332,40,08,31,186,41,26,36,025,40,6*6E
1776370031.253,$GPGSV,2,2,08,27,51,149,43,28,16,066,17,31,30,042,23,32,18,132,21,6*67
1776370031.255,$GPGSV,1,1,04,01,02,222,,02,05,195,,09,01,323,,50,56,115,,0*63
1776370031.257,$GLGSV,2,1,06,68,25,153,42,69,77,142,51,70,46,336,50,73,26,268,44,1*73
1776370031.258,$GLGSV,2,2,06,79,12,026,21,80,41,335,50,1*79
1776370031.259,$GLGSV,2,1,06,68,25,153,39,69,77,142,47,70,46,336,47,73,26,268,44,3*7C
1776370031.260,$GLGSV,2,2,06,79,12,026,16,80,41,335,47,3*79
1776370031.261,$GLGSV,1,1,03,81,02,075,,82,08,118,,83,03,165,,0*43
1776370031.263,$GAGSV,2,1,07,02,76,327,51,03,65,053,50,05,29,118,22,08,34,336,45,2*7E
1776370031.264,$GAGSV,2,2,07,25,29,031,26,30,36,232,41,32,55,355,49,2*44
1776370031.265,$GAGSV,2,1,05,02,76,327,47,03,65,053,46,08,34,336,44,30,36,232,39,7*71
1776370031.266,$GAGSV,2,2,05,32,55,355,46,7*46
1776370031.266,$GAGSV,1,1,02,15,05,226,,34,07,178,,0*7F
1776370031.267,$GBGSV,2,1,08,06,31,181,44,08,39,191,38,09,43,341,41,10,48,174,43,1*74
1776370031.268,$GBGSV,2,2,08,13,47,206,43,14,60,306,46,16,41,013,45,24,47,327,46,1*78
1776370031.269,$GBGSV,2,1,07,07,54,160,47,08,39,191,44,09,43,341,47,10,48,174,46,3*7F
1776370031.270,$GBGSV,2,2,07,13,47,206,46,14,60,306,51,16,41,013,46,3*44
1776370031.271,$GBGSV,3,1,10,01,37,105,,02,66,235,,03,70,144,,04,21,101,,0*71
1776370031.272,$GBGSV,3,2,10,04,21,101,,05,41,259,,11,02,199,,12,20,154,,0*7C
1776370031.272,$GBGSV,3,3,10,12,20,154,,21,33,157,,0*77
1776370031.273,$GNGLL,1339.07656,N,10029.58112,E,200711.00,A,D*78
1776370032.226,$GNRMC,200712.00,A,1339.07726,N,10029.58111,E,2.489,0.37,160426,0.53,W,F,V*4A
1776370032.229,$GNVTG,0.37,T,0.90,M,2.489,N,4.609,K,D*39
1776370032.231,$GNGGA,200712.00,1339.07726,N,10029.58111,E,5,12,0.69,-0.9,M,-27.8,M,,0499*46
1776370032.233,$GNGSA,A,3,32,16,26,27,04,40,31,03,08,,,,1.47,0.69,1.29,1*08
1776370032.235,$GNGSA,A,3,70,73,80,69,68,,,,,,,,1.47,0.69,1.29,2*0F
1776370032.237,$GNGSA,A,3,08,02,03,05,25,30,,,,,,,1.47,0.69,1.29,3*0C
1776370032.239,$GNGSA,A,3,24,08,09,06,10,14,16,13,,,,,1.47,0.69,1.29,4*03
1776370032.242,$GPGSV,3,1,10,03,42,262,43,04,31,332,43,08,31,186,42,16,65,354,45,1*64
1776370032.244,$GPGSV,3,2,10,26,36,025,39,27,51,149,45,31,30,042,26,40,36,259,42,1*6E
1776370032.247,$GPGSV,3,3,10,41,64,233,48,42,70,217,48,1*65
1776370032.250,$GPGSV,2,1,08,03,42,262,45,04,31,332,40,08,31,186,39,26,36,025,36,6*66
1776370032.252,$GPGSV,2,2,08,27,51,149,45,28,16,066,16,31,30,042,22,32,18,132,21,6*61
1776370032.255,$GPGSV,1,1,04,01,02,222,,02,05,195,,09,01,323,,50,56,115,,0*63
1776370032.256,$GLGSV,2,1,06,68,25,153,39,69,77,142,51,70,46,336,49,73,26,268,45,1*76
1776370032.257,$GLGSV,2,2,06,79,12,026,22,80,41,335,48,1*73
1776370032.259,$GLGSV,2,1,06,68,25,153,36,69,77,142,46,70,46,336,49,73,26,268,44,3*7C
1776370032.260,$GLGSV,2,2,06,79,12,026,14,80,41,335,47,3*7B
1776370032.261,$GLGSV,1,1,03,81,02,075,,82,08,118,,83,03,165,,0*43
1776370032.262,$GAGSV,2,1,07,02,76,327,51,03,65,053,50,05,29,118,22,08,34,336,45,2*7E
1776370032.263,$GAGSV,2,2,07,25,29,031,26,30,36,232,45,32,55,355,47,2*4E
1776370032.264,$GAGSV,2,1,06,02,76,327,47,03,65,053,46,08,34,336,41,25,29,031,32,7*77
1776370032.265,$GAGSV,2,2,06,30,36,232,43,32,55,355,45,7*74
1776370032.266,$GAGSV,1,1,02,15,05,226,,34,07,178,,0*7F
1776370032.267,$GBGSV,2,1,08,06,31,181,43,08,39,191,41,09,43,341,42,10,48,174,43,1*7E
1776370032.268,$GBGSV,2,2,08,13,47,206,44,14,60,306,45,16,41,013,44,24,47,327,48,1*73
1776370032.268,$GBGSV,2,1,07,07,54,160,46,08,39,191,44,09,43,341,45,10,48,174,44,3*7E
1776370032.269,$GBGSV,2,2,07,13,47,206,45,14,60,306,52,16,41,013,43,3*41
1776370032.270,$GBGSV,3,1,10,01,37,105,,02,66,235,,03,70,144,,04,21,101,,0*71
1776370032.270,$GBGSV,3,2,10,04,21,101,,05,41,259,,11,02,199,,12,20,154,,0*7C
1776370032.271,$GBGSV,3,3,10,12,20,154,,21,33,157,,0*77
1776370032.271,$GNGLL,1339.07726,N,10029.58111,E,200712.00,A,D*7E
1776370033.225,$GNRMC,200713.00,A,1339.07794,N,10029.58111,E,2.423,1.91,160426,0.53,W,F,V*4F
1776370033.226,$GNVTG,1.91,T,2.44,M,2.423,N,4.487,K,D*3B
1776370033.229,$GNGGA,200713.00,1339.07794,N,10029.58111,E,5,12,0.65,-0.9,M,-27.8,M,,0499*42
1776370033.230,$GNGSA,A,3,32,16,26,27,04,40,31,03,08,,,,1.42,0.65,1.26,1*0E
1776370033.232,$GNGSA,A,3,70,73,80,69,68,,,,,,,,1.42,0.65,1.26,2*09
1776370033.233,$GNGSA,A,3,08,02,03,05,25,30,,,,,,,1.42,0.65,1.26,3*0A
1776370033.235,$GNGSA,A,3,24,08,09,06,10,14,16,13,,,,,1.42,0.65,1.26,4*05
1776370033.236,$GPGSV,3,1,10,03,42,262,42,04,31,332,41,08,32,185,44,16,65,354,46,1*62
1776370033.239,$GPGSV,3,2,10,26,36,025,37,27,51,149,45,31,30,042,27,40,36,259,42,1*61
1776370033.240,$GPGSV,3,3,10,41,64,233,47,42,70,217,46,1*64
1776370033.243,$GPGSV,2,1,08,03,42,262,44,04,31,332,38,08,32,185,42,26,36,025,35,6*67
1776370033.245,$GPGSV,2,2,08,27,51,149,46,28,16,066,17,31,30,042,21,32,18,132,21,6*60
1776370033.247,$GPGSV,1,1,04,01,02,222,,02,05,195,,09,01,323,,50,56,115,,0*63
1776370033.249,$GLGSV,2,1,06,68,25,153,47,69,77,142,50,70,46,336,49,73,26,268,45,1*7E
1776370033.251,$GLGSV,2,2,06,79,12,026,20,80,41,335,48,1*71
1776370033.253,$GLGSV,2,1,06,68,25,153,34,69,77,142,47,70,46,336,47,73,26,268,44,3*71
1776370033.254,$GLGSV,2,2,06,79,12,026,13,80,41,335,45,3*7E
1776370033.255,$GLGSV,1,1,03,81,02,075,,82,08,118,,83,03,165,,0*43
1776370033.257,$GAGSV,2,1,07,02,76,327,50,03,65,053,51,05,29,118,21,08,34,336,48,2*70
1776370033.258,$GAGSV,2,2,07,25,29,031,26,30,36,232,46,32,55,355,50,2*4B
1776370033.259,$GAGSV,2,1,05,02,76,327,47,03,65,053,46,08,34,336,43,30,36,232,42,7*7A
1776370033.260,$GAGSV,2,2,05,32,55,355,45,7*45
1776370033.260,$GAGSV,1,1,02,15,05,226,,34,07,178,,0*7F
1776370033.261,$GBGSV,2,1,08,06,31,181,44,08,39,191,41,09,43,341,39,10,48,174,42,1*74
1776370033.262,$GBGSV,2,2,08,13,47,206,44,14,60,306,46,16,41,013,45,24,47,327,48,1*71
1776370033.263,$GBGSV,2,1,07,07,54,160,47,08,39,191,44,09,43,341,44,10,48,174,45,3*7F
1776370033.264,$GBGSV,2,2,07,13,47,206,44,14,60,306,51,16,41,013,44,3*44
1776370033.265,$GBGSV,3,1,10,01,37,105,,02,66,235,,03,70,144,,04,21,101,,0*71
1776370033.266,$GBGSV,3,2,10,04,21,101,,05,41,259,,11,02,199,,12,20,154,,0*7C
1776370033.266,$GBGSV,3,3,10,12,20,154,,21,33,157,,0*77
1776370033.267,$GNGLL,1339.07794,N,10029.58111,E,200713.00,A,D*76
1776370034.229,$GNRMC,200714.00,A,1339.07828,N,10029.58158,E,2.354,357.61,160426,0.53,W,D,V*47
1776370034.231,$GNVTG,357.61,T,358.14,M,2.354,N,4.359,K,D*3E
1776370034.233,$GNGGA,200714.00,1339.07828,N,10029.58158,E,2,12,0.52,-1.3,M,-27.8,M,,0499*48
1776370034.235,$GNGSA,A,3,32,16,26,27,04,40,31,03,08,,,,1.23,0.52,1.11,1*09
1776370034.237,$GNGSA,A,3,70,73,80,69,68,,,,,,,,1.23,0.52,1.11,2*0E
1776370034.239,$GNGSA,A,3,08,02,03,05,25,30,,,,,,,1.23,0.52,1.11,3*0D
1776370034.240,$GNGSA,A,3,24,08,09,06,10,14,16,13,,,,,1.23,0.52,1.11,4*02
1776370034.242,$GPGSV,3,1,09,03,42,262,42,04,31,332,43,08,32,185,42,16,65,354,44,1*6C
1776370034.246,$GPGSV,3,2,09,26,36,025,39,27,51,149,47,40,36,259,42,41,64,233,47,1*61
1776370034.248,$GPGSV,3,3,09,42,70,217,47,1*5B
1776370034.252,$GPGSV,2,1,08,03,42,262,42,04,31,332,39,08,32,185,40,26,36,025,33,6*64
1776370034.255,$GPGSV,2,2,08,27,51,149,47,28,16,066,17,31,30,042,20,32,18,132,23,6*62
1776370034.257,$GPGSV,1,1,04,01,02,222,,02,05,195,,09,02,323,,50,56,115,,0*60
1776370034.259,$GLGSV,2,1,06,68,25,153,41,69,77,142,50,70,46,336,51,73,26,268,45,1*71
1776370034.261,$GLGSV,2,2,06,79,12,026,21,80,41,335,48,1*70
1776370034.263,$GLGSV,2,1,06,68,25,153,37,69,77,142,45,70,46,336,48,73,26,268,39,3*75
1776370034.264,$GLGSV,2,2,06,79,12,026,13,80,41,335,46,3*7D
1776370034.265,$GLGSV,1,1,03,81,02,075,,82,08,118,,83,03,165,,0*43
1776370034.266,$GAGSV,2,1,07,02,76,327,50,03,65,053,51,05,29,118,22,08,34,336,47,2*7C
1776370034.267,$GAGSV,2,2,07,25,29,031,26,30,36,232,46,32,55,355,47,2*4D
1776370034.267,$GAGSV,2,1,05,02,76,327,46,03,65,053,44,08,34,336,42,30,36,232,41,7*7B
1776370034.268,$GAGSV,2,2,05,32,55,355,45,7*45
1776370034.268,$GAGSV,1,1,02,15,05,226,,34,07,178,,0*7F
1776370034.269,$GBGSV,2,1,08,06,31,181,44,08,39,191,41,09,43,341,43,10,48,174,42,1*79
1776370034.270,$GBGSV,2,2,08,13,47,206,45,14,60,306,44,16,41,013,43,24,47,327,50,1*7D
1776370034.271,$GBGSV,2,1,07,07,54,160,46,08,39,191,43,09,43,341,47,10,48,174,45,3*7A
1776370034.271,$GBGSV,2,2,07,13,47,206,45,14,60,306,50,16,41,013,45,3*45
1776370034.272,$GBGSV,3,1,10,01,37,105,,02,66,235,,03,70,144,,04,21,101,,0*71
1776370034.273,$GBGSV,3,2,10,04,21,101,,05,41,259,,11,02,199,,12,20,154,,0*7C
1776370034.273,$GBGSV,3,3,10,12,20,154,,21,33,157,,0*77
1776370034.274,$GNGLL,1339.07828,N,10029.58158,E,200714.00,A,D*74
1776370035.226,$GNRMC,200715.00,A,1339.07888,N,10029.58174,E,2.167,3.62,160426,0.53,W,D,V*41
1776370035.227,$GNVTG,3.62,T,4.15,M,2.167,N,4.013,K,D*3B
1776370035.229,$GNGGA,200715.00,1339.07888,N,10029.58174,E,2,12,0.52,-1.2,M,-27.8,M,,0499*4C
1776370035.230,$GNGSA,A,3,32,16,26,27,04,40,31,03,08,,,,1.23,0.52,1.11,1*09
1776370035.230,$GNGSA,A,3,70,73,80,69,68,,,,,,,,1.23,0.52,1.11,2*0E
1776370035.231,$GNGSA,A,3,08,02,03,05,25,30,,,,,,,1.23,0.52,1.11,3*0D
1776370035.231,$GNGSA,A,3,24,08,09,06,10,14,16,13,,,,,1.23,0.52,1.11,4*02
1776370035.232,$GPGSV,3,1,09,03,42,262,42,04,31,332,41,08,32,185,42,16,65,354,46,1*6C
1776370035.233,$GPGSV,3,2,09,26,36,025,32,27,51,149,46,40,36,259,42,41,64,233,47,1*6B
1776370035.233,$GPGSV,3,3,09,42,70,217,47,1*5B
1776370035.234,$GPGSV,2,1,08,03,42,262,42,04,31,332,42,08,32,185,40,26,36,025,36,6*6D
1776370035.234,$GPGSV,2,2,08,27,51,149,46,28,16,066,18,31,30,042,20,32,18,132,20,6*6F
1776370035.235,$GPGSV,1,1,04,01,02,222,,02,05,195,,09,02,323,,50,56,115,,0*60
1776370035.236,$GLGSV,2,1,06,68,25,153,41,69,77,142,50,70,46,336,50,73,26,268,47,1*72
1776370035.236,$GLGSV,2,2,06,79,12,026,18,80,41,335,49,1*7B
1776370035.237,$GLGSV,2,1,06,68,25,153,34,69,77,142,45,70,46,336,48,73,26,268,42,3*7A
1776370035.238,$GLGSV,2,2,06,79,12,026,13,80,41,335,47,3*7C
1776370035.238,$GLGSV,1,1,03,81,02,075,,82,08,118,,83,03,165,,0*43
1776370035.239,$GAGSV,2,1,07,02,76,327,49,03,65,053,50,05,29,118,24,08,34,336,45,2*71
1776370035.240,$GAGSV,2,2,07,25,29,031,24,30,36,232,47,32,55,355,50,2*48
1776370035.240,$GAGSV,2,1,05,02,76,327,45,03,65,053,44,08,34,336,41,30,36,232,41,7*7B
1776370035.241,$GAGSV,2,2,05,32,55,355,44,7*44
1776370035.241,$GAGSV,1,1,02,15,05,226,,34,07,178,,0*7F
1776370035.242,$GBGSV,2,1,08,06,31,181,43,08,39,191,42,09,43,341,41,10,48,174,42,1*7F
1776370035.243,$GBGSV,2,2,08,13,47,206,45,14,60,306,44,16,41,013,42,24,47,327,50,1*7C
1776370035.243,$GBGSV,2,1,07,07,54,160,47,08,39,191,43,09,43,341,46,10,48,174,45,3*7A
1776370035.244,$GBGSV,2,2,07,13,47,206,44,14,60,306,47,16,41,013,44,3*43
1776370035.245,$GBGSV,3,1,10,01,37,105,,02,66,235,,03,70,144,,04,21,101,,0*71
1776370035.245,$GBGSV,3,2,10,04,21,101,,05,41,259,,11,02,199,,12,20,154,,0*7C
1776370035.246,$GBGSV,3,3,10,12,20,154,,21,33,157,,0*77
1776370035.246,$GNGLL,1339.07888,N,10029.58174,E,200715.00,A,D*71
1776370036.219,$GNRMC,200716.00,A,1339.07948,N,10029.58179,E,2.200,357.16,160426,0.53,W,D,V*41
1776370036.222,$GNVTG,357.16,T,357.69,M,2.200,N,4.074,K,D*37
1776370036.224,$GNGGA,200716.00,1339.07948,N,10029.58179,E,2,12,0.55,-1.2,M,-27.8,M,,0499*48
1776370036.226,$GNGSA,A,3,16,26,27,04,40,03,08,,,,,,1.35,0.55,1.23,1*0B
1776370036.228,$GNGSA,A,3,70,73,80,69,68,,,,,,,,1.35,0.55,1.23,2*0F
1776370036.230,$GNGSA,A,3,08,02,03,05,25,30,,,,,,,1.35,0.55,1.23,3*0C
1776370036.232,$GNGSA,A,3,24,08,09,06,10,14,16,13,,,,,1.35,0.55,1.23,4*03
1776370036.234,$GPGSV,3,1,09,03,42,262,43,04,31,332,43,08,32,185,42,16,65,354,47,1*6E
1776370036.237,$GPGSV,3,2,09,26,36,025,36,27,51,149,46,40,36,259,43,41,64,233,49,1*60
1776370036.238,$GPGSV,3,3,09,42,70,217,47,1*5B
1776370036.240,$GPGSV,2,1,08,03,42,262,36,04,31,332,44,08,32,185,40,26,36,025,29,6*66
1776370036.241,$GPGSV,2,2,08,27,51,149,45,28,16,066,16,31,30,042,19,32,18,132,20,6*68
1776370036.243,$GPGSV,1,1,04,01,02,222,,02,05,195,,09,02,323,,50,56,115,,0*60
1776370036.244,$GLGSV,2,1,06,68,25,153,38,69,77,142,51,70,46,336,49,73,26,268,42,1*70
1776370036.245,$GLGSV,2,2,06,79,12,026,19,80,41,335,50,1*72
1776370036.247,$GLGSV,2,1,06,68,25,153,39,69,77,142,47,70,46,336,48,73,26,268,24,3*75
1776370036.249,$GLGSV,2,2,06,79,12,026,15,80,41,335,49,3*74
1776370036.250,$GLGSV,1,1,03,81,02,075,,82,08,118,,83,03,165,,0*43
1776370036.251,$GAGSV,2,1,07,02,76,327,51,03,65,053,50,05,29,118,24,08,34,336,47,2*7A
1776370036.251,$GAGSV,2,2,07,25,29,031,22,30,36,232,47,32,55,355,50,2*4E
1776370036.252,$GAGSV,2,1,05,02,76,327,47,03,65,053,47,08,34,336,42,30,36,232,43,7*7B
1776370036.253,$GAGSV,2,2,05,32,55,355,46,7*46
1776370036.253,$GAGSV,1,1,02,15,05,226,,34,07,178,,0*7F
1776370036.254,$GBGSV,2,1,08,06,31,181,44,08,39,191,42,09,43,341,44,10,48,174,42,1*7D
1776370036.255,$GBGSV,2,2,08,13,47,206,44,14,60,306,45,16,41,013,39,24,47,327,48,1*79
1776370036.256,$GBGSV,2,1,07,07,54,160,47,08,39,191,43,09,43,341,46,10,48,174,45,3*7A
1776370036.256,$GBGSV,2,2,07,13,47,206,44,14,60,306,52,16,41,013,42,3*41
1776370036.257,$GBGSV,3,1,10,01,37,105,,02,66,235,,03,70,144,,04,21,101,,0*71
1776370036.257,$GBGSV,3,2,10,04,21,101,,05,41,259,,11,02,199,,12,20,154,,0*7C
1776370036.258,$GBGSV,3,3,10,12,20,154,,21,33,157,,0*77
1776370036.258,$GNGLL,1339.07948,N,10029.58179,E,200716.00,A,D*72
1776370037.223,$GNRMC,200717.00,A,1339.08012,N,10029.58182,E,2.327,1.73,160426,0.53,W,D,V*4A
1776370037.225,$GNVTG,1.73,T,2.26,M,2.327,N,4.309,K,D*31
1776370037.227,$GNGGA,200717.00,1339.08012,N,10029.58182,E,2,12,0.55,-1.2,M,-27.8,M,,0499*44
1776370037.229,$GNGSA,A,3,16,26,27,04,40,03,08,,,,,,1.35,0.55,1.23,1*0B
1776370037.231,$GNGSA,A,3,70,73,80,69,68,,,,,,,,1.35,0.55,1.23,2*0F
1776370037.233,$GNGSA,A,3,08,02,03,05,25,30,,,,,,,1.35,0.55,1.23,3*0C
1776370037.234,$GNGSA,A,3,24,08,09,06,10,14,16,13,,,,,1.35,0.55,1.23,4*03
1776370037.237,$GPGSV,3,1,09,03,42,262,45,04,31,332,43,08,32,185,44,16,65,354,47,1*6E
1776370037.240,$GPGSV,3,2,09,26,36,025,28,27,51,149,45,40,36,259,40,41,64,233,45,1*63
1776370037.242,$GPGSV,3,3,09,42,70,217,46,1*5A
1776370037.245,$GPGSV,2,1,08,03,42,262,36,04,31,332,42,08,32,185,40,26,36,025,29,6*60
1776370037.247,$GPGSV,2,2,08,27,51,149,45,28,16,066,15,31,30,042,18,32,18,132,16,6*6F
1776370037.250,$GPGSV,1,1,04,01,02,222,,02,05,195,,09,02,323,,50,56,115,,0*60
1776370037.252,$GLGSV,2,1,06,68,25,153,42,69,77,142,49,70,46,336,51,73,26,268,47,1*78
1776370037.254,$GLGSV,2,2,06,79,12,026,19,80,41,335,50,1*72
1776370037.255,$GLGSV,2,1,06,68,25,153,34,69,77,142,47,70,46,336,47,73,26,268,45,3*70
1776370037.256,$GLGSV,2,2,06,79,12,026,14,80,41,335,47,3*7B
1776370037.258,$GLGSV,1,1,03,81,02,075,,82,08,118,,83,03,165,,0*43
1776370037.259,$GAGSV,2,1,07,02,76,327,51,03,65,053,49,05,29,118,24,08,34,336,48,2*7D
1776370037.260,$GAGSV,2,2,07,25,29,031,22,30,36,232,48,32,55,355,52,2*43
1776370037.261,$GAGSV,2,1,05,02,76,327,46,03,65,053,46,08,34,336,42,30,36,232,44,7*7C
1776370037.262,$GAGSV,2,2,05,32,55,355,46,7*46
1776370037.262,$GAGSV,1,1,02,15,05,226,,34,07,178,,0*7F
1776370037.263,$GBGSV,2,1,08,06,31,181,43,08,39,191,41,09,43,341,44,10,48,174,41,1*7A
1776370037.264,$GBGSV,2,2,08,13,47,206,46,14,60,306,47,16,41,013,40,24,47,327,48,1*77
1776370037.265,$GBGSV,2,1,07,07,54,160,47,08,39,191,43,09,43,341,46,10,48,174,45,3*7A
1776370037.266,$GBGSV,2,2,07,13,47,206,44,14,60,306,53,16,41,013,38,3*4D
1776370037.267,$GBGSV,3,1,10,01,37,105,,02,66,235,,03,70,144,,04,21,101,,0*71
1776370037.268,$GBGSV,3,2,10,04,21,101,,05,41,259,,11,02,199,,12,20,154,,0*7C
1776370037.268,$GBGSV,3,3,10,12,20,154,,21,33,157,,0*77
1776370037.269,$GNGLL,1339.08012,N,10029.58182,E,200717.00,A,D*7E
1776370038.224,$GNRMC,200718.00,A,1339.08079,N,10029.58187,E,2.414,359.13,160426,0.53,W,D,V*42
1776370038.226,$GNVTG,359.13,T,359.66,M,2.414,N,4.470,K,D*3E
1776370038.228,$GNGGA,200718.00,1339.08079,N,10029.58187,E,2,12,0.53,-1.2,M,-27.8,M,,0499*45
1776370038.230,$GNGSA,A,3,16,26,27,04,40,31,03,08,,,,,1.31,0.53,1.20,1*08
1776370038.232,$GNGSA,A,3,70,73,80,69,68,,,,,,,,1.31,0.53,1.20,2*0E
1776370038.235,$GNGSA,A,3,08,02,03,05,25,30,,,,,,,1.31,0.53,1.20,3*0D
1776370038.236,$GNGSA,A,3,24,08,09,06,10,14,16,13,,,,,1.31,0.53,1.20,4*02
1776370038.238,$GPGSV,3,1,09,03,42,262,46,04,31,332,41,08,32,185,43,16,65,354,46,1*69
1776370038.241,$GPGSV,3,2,09,26,36,025,32,27,51,149,45,40,36,259,45,41,64,233,47,1*6F
1776370038.242,$GPGSV,3,3,09,42,70,217,47,1*5B
1776370038.244,$GPGSV,2,1,08,03,42,262,45,04,31,332,42,08,32,185,39,26,36,025,28,6*6B
1776370038.246,$GPGSV,2,2,08,27,51,149,44,28,16,066,15,31,30,042,20,32,18,132,16,6*65
1776370038.247,$GPGSV,1,1,04,01,02,222,,02,05,195,,09,02,323,,50,56,115,,0*60
1776370038.250,$GLGSV,2,1,06,68,25,153,42,69,77,142,50,70,46,336,51,73,26,268,39,1*79
1776370038.251,$GLGSV,2,2,06,79,12,026,19,80,41,335,49,1*7A
1776370038.252,$GLGSV,2,1,06,68,25,153,37,69,77,142,47,70,46,336,47,73,26,268,42,3*74
1776370038.253,$GLGSV,2,2,06,79,12,026,15,80,41,335,47,3*7A
1776370038.254,$GLGSV,1,1,03,81,02,075,,82,08,118,,83,03,165,,0*43
1776370038.255,$GAGSV,2,1,07,02,76,327,50,03,65,053,49,05,29,118,25,08,34,336,44,2*71
1776370038.256,$GAGSV,2,2,07,25,29,031,22,30,36,232,50,32,55,355,51,2*49
1776370038.256,$GAGSV,2,1,05,02,76,327,47,03,65,053,45,08,34,336,44,30,36,232,46,7*7A
1776370038.257,$GAGSV,2,2,05,32,55,355,45,7*45
1776370038.258,$GAGSV,1,1,02,15,05,226,,34,07,178,,0*7F
1776370038.258,$GBGSV,2,1,08,06,31,181,44,08,39,191,41,09,43,341,42,10,48,174,43,1*79
1776370038.259,$GBGSV,2,2,08,13,47,206,45,14,60,306,46,16,41,013,35,24,47,327,47,1*78
1776370038.260,$GBGSV,2,1,07,07,54,160,46,08,39,191,44,09,43,341,48,10,48,174,43,3*74
1776370038.261,$GBGSV,2,2,07,13,47,206,45,14,60,306,51,16,41,013,34,3*42
1776370038.261,$GBGSV,3,1,10,01,37,105,,02,66,235,,03,70,144,,04,21,101,,0*71
1776370038.262,$GBGSV,3,2,10,04,21,101,,05,41,259,,11,02,199,,12,20,154,,0*7C
1776370038.262,$GBGSV,3,3,10,12,20,154,,21,33,157,,0*77
1776370038.263,$GNGLL,1339.08079,N,10029.58187,E,200718.00,A,D*79
1776370039.216,$GNRMC,200719.00,A,1339.08148,N,10029.58190,E,2.448,357.19,160426,0.53,W,D,V*4B
1776370039.219,$GNVTG,357.19,T,357.72,M,2.448,N,4.534,K,D*39
1776370039.222,$GNGGA,200719.00,1339.08148,N,10029.58190,E,2,12,0.53,-1.2,M,-27.8,M,,0499*41
1776370039.224,$GNGSA,A,3,16,26,27,04,40,31,03,08,,,,,1.31,0.53,1.20,1*08
1776370039.226,$GNGSA,A,3,70,73,80,69,68,,,,,,,,1.31,0.53,1.20,2*0E
1776370039.227,$GNGSA,A,3,08,02,03,05,25,30,,,,,,,1.31,0.53,1.20,3*0D
1776370039.229,$GNGSA,A,3,24,08,09,06,10,14,16,13,,,,,1.31,0.53,1.20,4*02
1776370039.233,$GPGSV,3,1,09,03,42,262,42,04,31,332,41,08,32,185,42,16,65,354,46,1*6C
1776370039.236,$GPGSV,3,2,09,26,36,025,27,27,51,149,44,40,36,259,43,41,64,233,47,1*6C
1776370039.237,$GPGSV,3,3,09,42,70,217,47,1*5B
1776370039.238,$GPGSV,2,1,08,03,42,262,43,04,31,332,42,08,32,185,42,26,36,025,33,6*6B
1776370039.240,$GPGSV,2,2,08,27,51,149,46,28,16,066,16,31,30,042,22,32,18,132,15,6*65
1776370039.241,$GPGSV,1,1,04,01,02,222,,02,05,195,,09,02,323,,50,56,115,,0*60
1776370039.243,$GLGSV,2,1,07,68,25,153,42,69,77,142,50,70,46,336,49,73,26,268,43,1*7C
1776370039.243,$GLGSV,2,2,07,79,12,026,20,80,41,335,49,,,,40,1*75
1776370039.245,$GLGSV,2,1,06,68,25,153,38,69,77,142,46,70,46,336,47,73,26,268,32,3*7D
1776370039.245,$GLGSV,2,2,06,79,12,026,14,80,41,335,49,3*75
1776370039.246,$GLGSV,1,1,03,81,02,075,,82,08,118,,83,03,165,,0*43
1776370039.247,$GAGSV,2,1,07,02,76,327,51,03,65,053,51,05,29,118,23,08,34,336,48,2*73
1776370039.248,$GAGSV,2,2,07,25,29,031,22,30,36,232,40,32,55,355,49,2*41
1776370039.248,$GAGSV,2,1,05,02,76,327,46,03,65,053,46,08,34,336,43,30,36,232,36,7*78
1776370039.249,$GAGSV,2,2,05,32,55,355,46,7*46
1776370039.250,$GAGSV,1,1,02,15,05,226,,34,07,178,,0*7F
1776370039.251,$GBGSV,2,1,08,06,31,181,40,08,39,191,41,09,43,341,42,10,48,174,42,1*7C
1776370039.252,$GBGSV,2,2,08,13,47,206,43,14,60,306,46,16,41,013,35,24,47,327,49,1*70
1776370039.252,$GBGSV,2,1,07,07,54,160,46,08,39,191,44,09,43,341,48,10,48,174,43,3*74
1776370039.253,$GBGSV,2,2,07,13,47,206,43,14,60,306,50,16,41,013,36,3*47
1776370039.254,$GBGSV,3,1,10,01,37,105,,02,66,235,,03,70,144,,04,21,101,,0*71
1776370039.254,$GBGSV,3,2,10,04,21,101,,05,41,259,,11,02,199,,12,20,154,,0*7C
1776370039.255,$GBGSV,3,3,10,12,20,154,,21,33,157,,0*77
1776370039.255,$GNGLL,1339.08148,N,10029.58190,E,200719.00,A,D*7D
1776370040.227,$GNRMC,200720.00,A,1339.08215,N,10029.58190,E,2.417,358.71,160426,0.53,W,D,V*41
1776370040.229,$GNVTG,358.71,T,359.24,M,2.417,N,4.477,K,D*39
1776370040.231,$GNGGA,200720.00,1339.08215,N,10029.58190,E,2,12,0.53,-1.1,M,-27.8,M,,0499*43
1776370040.233,$GNGSA,A,3,16,26,27,04,40,31,03,08,,,,,1.31,0.53,1.20,1*08
1776370040.236,$GNGSA,A,3,70,73,80,69,68,,,,,,,,1.31,0.53,1.20,2*0E
1776370040.239,$GNGSA,A,3,08,02,03,05,25,30,,,,,,,1.31,0.53,1.20,3*0D
1776370040.241,$GNGSA,A,3,24,08,09,06,10,14,16,13,,,,,1.31,0.53,1.20,4*02
1776370040.243,$GPGSV,3,1,10,03,42,262,39,04,31,332,43,08,32,185,41,16,65,354,46,1*69
1776370040.245,$GPGSV,3,2,10,26,36,025,28,27,51,149,45,32,18,132,27,40,36,259,39,1*6C
1776370040.246,$GPGSV,3,3,10,41,64,233,46,42,70,217,47,1*64
1776370040.247,$GPGSV,2,1,08,03,42,262,40,04,31,332,42,08,32,185,39,26,36,025,28,6*6E
1776370040.249,$GPGSV,2,2,08,27,51,149,44,28,16,066,18,31,30,042,22,32,18,132,17,6*6B
1776370040.250,$GPGSV,1,1,04,01,02,222,,02,05,195,,09,02,323,,50,56,115,,0*60
1776370040.252,$GLGSV,2,1,07,68,25,153,45,69,77,142,50,70,46,336,50,73,26,268,48,1*78
1776370040.252,$GLGSV,2,2,07,79,12,026,20,80,41,335,47,,,,39,1*75
1776370040.254,$GLGSV,2,1,06,68,25,153,40,69,77,142,46,70,46,336,48,73,26,268,45,3*7D
1776370040.254,$GLGSV,2,2,06,79,12,026,15,80,41,335,48,3*75
1776370040.255,$GLGSV,1,1,03,81,02,075,,82,08,118,,83,03,165,,0*43
1776370040.256,$GAGSV,2,1,07,02,76,327,50,03,65,053,51,05,29,118,22,08,34,336,47,2*7C
1776370040.257,$GAGSV,2,2,07,25,29,031,22,30,36,232,39,32,55,355,47,2*41
1776370040.257,$GAGSV,2,1,05,02,76,327,46,03,65,053,46,08,34,336,41,30,36,232,41,7*7A
1776370040.258,$GAGSV,2,2,05,32,55,355,42,7*42
1776370040.258,$GAGSV,1,1,02,15,05,226,,34,07,178,,0*7F
1776370040.259,$GBGSV,2,1,08,06,31,181,45,08,39,191,37,09,43,341,41,10,48,174,43,1*7A
1776370040.260,$GBGSV,2,2,08,13,47,206,44,14,60,306,46,16,41,013,39,24,47,327,50,1*73
1776370040.260,$GBGSV,2,1,07,07,54,160,45,08,39,191,42,09,43,341,47,10,48,174,46,3*7B
1776370040.261,$GBGSV,2,2,07,13,47,206,46,14,60,306,50,16,41,013,39,3*4D
1776370040.261,$GBGSV,3,1,10,01,37,105,,02,66,235,,03,70,144,,04,21,101,,0*71
1776370040.262,$GBGSV,3,2,10,04,21,101,,05,41,259,,11,02,199,,12,20,154,,0*7C
1776370040.262,$GBGSV,3,3,10,12,20,154,,21,33,157,,0*77
1776370040.263,$GNGLL,1339.08215,N,10029.58190,E,200720.00,A,D*7C
1776370041.224,$GNRMC,200721.00,A,1339.08281,N,10029.58191,E,2.317,0.04,160426,0.53,W,D,V*47
1776370041.226,$GNVTG,0.04,T,0.57,M,2.317,N,4.292,K,D*34
1776370041.228,$GNGGA,200721.00,1339.08281,N,10029.58191,E,2,12,0.53,-1.1,M,-27.8,M,,0499*4E
1776370041.230,$GNGSA,A,3,16,26,27,04,40,31,03,08,,,,,1.31,0.53,1.20,1*08
1776370041.231,$GNGSA,A,3,70,73,80,69,68,,,,,,,,1.31,0.53,1.20,2*0E
1776370041.233,$GNGSA,A,3,08,02,03,05,25,30,,,,,,,1.31,0.53,1.20,3*0D
1776370041.235,$GNGSA,A,3,24,08,09,06,10,14,16,13,,,,,1.31,0.53,1.20,4*02
1776370041.237,$GPGSV,3,1,10,03,42,262,36,04,31,332,42,08,32,185,42,16,64,355,45,1*67
1776370041.240,$GPGSV,3,2,10,26,36,025,27,27,51,149,44,32,18,132,25,40,36,259,42,1*6C
1776370041.241,$GPGSV,3,3,10,41,64,233,47,42,70,217,46,1*64
1776370041.244,$GPGSV,2,1,08,03,42,262,38,04,31,332,42,08,32,185,40,26,36,025,27,6*60
1776370041.246,$GPGSV,2,2,08,27,51,149,45,28,16,066,17,31,30,042,21,32,18,132,18,6*69
1776370041.247,$GPGSV,1,1,04,01,02,222,,02,05,195,,09,02,323,,50,56,115,,0*60
1776370041.249,$GLGSV,2,1,07,68,25,153,48,69,77,142,49,70,46,336,49,73,26,268,46,1*7B
1776370041.250,$GLGSV,2,2,07,79,12,026,21,80,41,335,48,,,,36,1*74
1776370041.252,$GLGSV,2,1,06,68,25,153,41,69,77,142,43,70,46,336,48,73,26,268,44,3*78
1776370041.253,$GLGSV,2,2,06,79,12,026,15,80,41,335,47,3*7A
1776370041.254,$GLGSV,1,1,03,81,02,075,,82,08,118,,83,03,165,,0*43
1776370041.255,$GAGSV,2,1,07,02,76,327,49,03,65,053,50,05,29,118,20,08,34,336,45,2*75
1776370041.256,$GAGSV,2,2,07,25,29,031,23,30,36,232,46,32,55,355,50,2*4E
1776370041.257,$GAGSV,2,1,05,02,76,327,46,03,65,053,44,08,34,336,43,30,36,232,43,7*78
1776370041.257,$GAGSV,2,2,05,32,55,355,46,7*46
1776370041.258,$GAGSV,1,1,02,15,05,226,,34,07,178,,0*7F
1776370041.259,$GBGSV,2,1,08,06,31,181,40,08,39,191,40,09,43,341,42,10,48,174,43,1*7C
1776370041.260,$GBGSV,2,2,08,13,47,206,44,14,60,306,45,16,41,013,39,24,47,327,47,1*76
1776370041.260,$GBGSV,2,1,07,07,54,160,46,08,39,191,42,09,43,341,48,10,48,174,45,3*74
1776370041.261,$GBGSV,2,2,07,13,47,206,41,14,60,306,50,16,41,013,40,3*44
1776370041.262,$GBGSV,3,1,10,01,37,105,,02,66,235,,03,70,144,,04,21,101,,0*71
1776370041.262,$GBGSV,3,2,10,04,21,101,,05,41,259,,11,02,199,,12,20,154,,0*7C
1776370041.263,$GBGSV,3,3,10,12,20,154,,21,33,157,,0*77
1776370041.263,$GNGLL,1339.08281,N,10029.58191,E,200721.00,A,D*71
1776370042.222,$GNRMC,200722.00,A,1339.08346,N,10029.58197,E,2.220,1.48,160426,0.53,W,D,V*44
1776370042.224,$GNVTG,1.48,T,2.01,M,2.220,N,4.112,K,D*32
1776370042.227,$GNGGA,200722.00,1339.08346,N,10029.58197,E,2,12,0.55,-1.1,M,-27.8,M,,0499*47
1776370042.228,$GNGSA,A,3,32,16,26,27,04,40,03,08,,,,,1.35,0.55,1.23,1*0A
1776370042.230,$GNGSA,A,3,70,73,80,69,68,,,,,,,,1.35,0.55,1.23,2*0F
1776370042.231,$GNGSA,A,3,08,02,03,05,25,30,,,,,,,1.35,0.55,1.23,3*0C
1776370042.233,$GNGSA,A,3,24,08,09,06,10,14,16,13,,,,,1.35,0.55,1.23,4*03
1776370042.236,$GPGSV,3,1,10,03,42,262,45,04,31,332,39,08,32,185,43,16,64,355,45,1*6E
1776370042.238,$GPGSV,3,2,10,26,36,025,32,27,51,149,43,32,18,132,22,40,36,259,43,1*69
1776370042.240,$GPGSV,3,3,10,41,64,233,48,42,70,217,47,1*6A
1776370042.241,$GPGSV,2,1,08,03,42,262,44,04,31,332,39,08,32,185,41,26,36,025,25,6*64
1776370042.242,$GPGSV,2,2,08,27,51,149,44,28,16,066,15,31,30,042,19,32,18,132,19,6*60
1776370042.243,$GPGSV,1,1,04,01,02,222,,02,05,195,,09,02,323,,50,56,115,,0*60
1776370042.244,$GLGSV,2,1,07,68,25,153,43,69,77,142,50,70,46,336,50,73,26,268,47,1*71
1776370042.245,$GLGSV,2,2,07,79,12,026,22,80,41,335,50,,,,39,1*71
1776370042.246,$GLGSV,2,1,06,68,25,153,39,69,77,142,45,70,46,336,48,73,26,268,45,3*70
1776370042.247,$GLGSV,2,2,06,79,12,026,16,80,41,335,48,3*76
1776370042.248,$GLGSV,1,1,03,81,02,075,,82,08,118,,83,03,165,,0*43
1776370042.249,$GAGSV,2,1,07,02,76,327,49,03,65,053,46,05,28,119,20,08,34,336,44,2*73
1776370042.249,$GAGSV,2,2,07,25,29,031,22,30,36,232,47,32,55,355,46,2*49
1776370042.250,$GAGSV,2,1,05,02,76,327,46,03,65,053,42,08,34,336,41,30,36,232,42,7*7D
1776370042.251,$GAGSV,2,2,05,32,55,355,38,7*4F
1776370042.253,$GAGSV,1,1,02,15,05,226,,34,07,178,,0*7F
1776370042.253,$GBGSV,2,1,08,06,31,181,44,08,39,191,42,09,43,341,39,10,48,174,42,1*77
1776370042.254,$GBGSV,2,2,08,13,47,206,44,14,60,306,45,16,41,013,32,24,47,327,49,1*73
1776370042.255,$GBGSV,2,1,07,07,54,160,46,08,39,191,44,09,43,341,45,10,48,174,46,3*7C
1776370042.256,$GBGSV,2,2,07,13,47,206,41,14,60,306,49,16,41,013,41,3*4D
1776370042.256,$GBGSV,3,1,10,01,37,105,,02,66,235,,03,70,144,,04,21,101,,0*71
1776370042.257,$GBGSV,3,2,10,04,21,101,,05,41,259,,11,02,199,,12,20,154,,0*7C
1776370042.257,$GBGSV,3,3,10,12,20,154,,21,33,157,,0*77
1776370042.258,$GNGLL,1339.08346,N,10029.58197,E,200722.00,A,D*7E
1776370043.225,$GNRMC,200723.00,A,1339.08406,N,10029.58201,E,2.160,358.50,160426,0.53,W,D,V*4B
1776370043.227,$GNVTG,358.50,T,359.03,M,2.160,N,4.001,K,D*3F
1776370043.228,$GNGGA,200723.00,1339.08406,N,10029.58201,E,2,12,0.55,-1.1,M,-27.8,M,,0499*49
1776370043.229,$GNGSA,A,3,32,16,26,27,04,40,03,08,,,,,1.35,0.55,1.23,1*0A
1776370043.230,$GNGSA,A,3,70,73,80,69,68,,,,,,,,1.35,0.55,1.23,2*0F
1776370043.231,$GNGSA,A,3,08,02,03,05,25,30,,,,,,,1.35,0.55,1.23,3*0C
1776370043.232,$GNGSA,A,3,24,08,09,06,10,14,16,13,,,,,1.35,0.55,1.23,4*03
1776370043.233,$GPGSV,3,1,10,03,42,262,44,04,31,332,43,08,32,185,42,16,64,355,42,1*64
1776370043.235,$GPGSV,3,2,10,26,36,025,27,27,51,149,43,32,18,132,21,40,36,259,44,1*69
1776370043.237,$GPGSV,3,3,10,41,64,233,47,42,70,217,47,1*65
1776370043.239,$GPGSV,2,1,08,03,42,262,42,04,31,332,40,08,32,185,40,26,36,025,25,6*6D
1776370043.242,$GPGSV,2,2,08,27,51,149,46,28,16,066,14,31,30,042,18,32,18,132,19,6*62
1776370043.244,$GPGSV,1,1,04,01,02,222,,02,05,195,,09,02,323,,50,56,115,,0*60
1776370043.247,$GLGSV,2,1,07,68,25,153,45,69,77,142,50,70,46,336,50,73,26,268,45,1*75
1776370043.249,$GLGSV,2,2,07,79,12,026,21,80,41,335,47,,,,38,1*75
1776370043.252,$GLGSV,2,1,06,68,25,153,41,69,77,142,46,70,46,336,46,73,26,268,41,3*76
1776370043.253,$GLGSV,2,2,06,79,12,026,14,80,41,335,46,3*7A
1776370043.254,$GLGSV,1,1,03,81,02,075,,82,08,118,,83,03,165,,0*43
1776370043.255,$GAGSV,2,1,07,02,76,327,50,03,65,053,45,05,28,119,20,08,34,336,42,2*7E
1776370043.256,$GAGSV,2,2,07,25,29,031,21,30,36,232,48,32,55,355,46,2*45
1776370043.258,$GAGSV,2,1,05,02,76,327,44,03,65,053,42,08,34,336,42,30,36,232,41,7*7F
1776370043.258,$GAGSV,2,2,05,32,55,355,42,7*42
1776370043.259,$GAGSV,1,1,02,15,05,226,,34,07,178,,0*7F
1776370043.259,$GBGSV,2,1,08,06,31,181,44,08,39,191,42,09,43,341,41,10,48,174,43,1*79
1776370043.260,$GBGSV,2,2,08,13,47,206,44,14,60,306,44,16,41,013,33,24,47,327,51,1*7A
1776370043.261,$GBGSV,2,1,07,07,54,160,47,08,39,191,42,09,43,341,44,10,48,174,46,3*7A
1776370043.262,$GBGSV,2,2,07,13,47,206,44,14,60,306,50,16,41,013,36,3*40
1776370043.263,$GBGSV,3,1,10,01,37,105,,02,66,235,,03,70,144,,04,21,101,,0*71
1776370043.263,$GBGSV,3,2,10,04,21,101,,05,41,259,,11,02,199,,12,20,154,,0*7C
1776370043.264,$GBGSV,3,3,10,12,20,154,,21,33,157,,0*77
1776370043.264,$GNGLL,1339.08406,N,10029.58201,E,200723.00,A,D*70
1776370044.228,$GNRMC,200724.00,A,1339.08465,N,10029.58203,E,2.054,358.42,160426,0.53,W,D,V*4E
1776370044.230,$GNVTG,358.42,T,358.95,M,2.054,N,3.805,K,D*3F
1776370044.232,$GNGGA,200724.00,1339.08465,N,10029.58203,E,2,12,0.55,-1.1,M,-27.8,M,,0499*49
1776370044.234,$GNGSA,A,3,32,16,26,27,04,40,03,08,,,,,1.35,0.55,1.23,1*0A
1776370044.236,$GNGSA,A,3,70,73,80,69,68,,,,,,,,1.35,0.55,1.23,2*0F
1776370044.238,$GNGSA,A,3,08,02,03,05,25,30,,,,,,,1.35,0.55,1.23,3*0C
1776370044.240,$GNGSA,A,3,24,08,09,06,10,14,16,13,,,,,1.35,0.55,1.23,4*03
1776370044.243,$GPGSV,3,1,10,03,42,262,44,04,31,332,41,08,32,185,43,16,64,355,43,1*66
1776370044.245,$GPGSV,3,2,10,26,36,025,26,27,51,149,46,32,18,132,22,40,36,259,40,1*6A
1776370044.247,$GPGSV,3,3,10,41,64,233,45,42,70,217,47,1*67
1776370044.249,$GPGSV,2,1,08,03,42,262,44,04,31,332,36,08,32,185,40,26,36,025,25,6*6A
1776370044.250,$GPGSV,2,2,08,27,51,149,46,28,16,066,17,31,30,042,19,32,18,132,18,6*61
1776370044.251,$GPGSV,1,1,04,01,02,222,,02,05,195,,09,02,323,,50,56,115,,0*60
1776370044.253,$GLGSV,2,1,07,68,25,153,42,69,77,142,49,70,46,336,48,73,26,268,42,1*74
1776370044.255,$GLGSV,2,2,07,79,12,026,22,80,41,335,48,,,,30,1*71
1776370044.257,$GLGSV,2,1,06,68,25,153,39,69,77,142,44,70,46,336,45,73,26,268,40,3*79
1776370044.257,$GLGSV,2,2,06,79,12,026,14,80,41,335,49,3*75
1776370044.258,$GLGSV,1,1,03,81,02,075,,82,08,118,,83,03,165,,0*43
1776370044.259,$GAGSV,2,1,07,02,76,327,47,03,65,053,35,05,28,119,20,08,34,336,45,2*78
1776370044.260,$GAGSV,2,2,07,25,29,031,20,30,36,232,49,32,55,355,43,2*40
1776370044.261,$GAGSV,2,1,05,02,76,327,42,03,65,053,34,08,34,336,41,30,36,232,42,7*78
1776370044.261,$GAGSV,2,2,05,32,55,355,36,7*41
1776370044.262,$GAGSV,1,1,02,15,05,226,,34,07,178,,0*7F
1776370044.262,$GBGSV,2,1,08,06,31,181,45,08,39,191,41,09,43,341,40,10,48,174,42,1*7B
1776370044.263,$GBGSV,2,2,08,13,47,206,44,14,60,306,46,16,41,013,30,24,47,327,47,1*7C
1776370044.264,$GBGSV,2,1,07,07,54,160,47,08,39,191,45,09,43,341,43,10,48,174,45,3*79
1776370044.264,$GBGSV,2,2,07,13,47,206,44,14,60,306,50,16,41,013,33,3*45
1776370044.265,$GBGSV,3,1,10,01,37,105,,02,66,235,,03,70,144,,04,21,101,,0*71
1776370044.266,$GBGSV,3,2,10,04,21,101,,05,41,259,,11,02,199,,12,20,154,,0*7C
1776370044.266,$GBGSV,3,3,10,12,20,154,,21,33,157,,0*77
1776370044.267,$GNGLL,1339.08465,N,10029.58203,E,200724.00,A,D*70
1776370045.221,$GNRMC,200725.00,A,1339.08523,N,10029.58204,E,2.153,1.33,160426,0.53,W,D,V*44
1776370045.223,$GNVTG,1.33,T,1.86,M,2.153,N,3.988,K,D*39
1776370045.225,$GNGGA,200725.00,1339.08523,N,10029.58204,E,2,12,0.58,-1.1,M,-27.8,M,,0499*41
1776370045.228,$GNGSA,A,3,32,16,26,27,04,40,03,08,,,,,1.43,0.58,1.30,1*04
1776370045.229,$GNGSA,A,3,70,73,80,69,68,,,,,,,,1.43,0.58,1.30,2*01
1776370045.231,$GNGSA,A,3,08,02,03,05,30,,,,,,,,1.43,0.58,1.30,3*05
1776370045.232,$GNGSA,A,3,24,08,09,06,10,14,16,13,,,,,1.43,0.58,1.30,4*0D
1776370045.234,$GPGSV,3,1,10,03,42,262,45,04,31,332,41,08,32,185,45,16,64,355,42,1*60
1776370045.235,$GPGSV,3,2,10,26,36,025,26,27,51,149,48,32,18,132,22,40,36,259,44,1*60
1776370045.236,$GPGSV,3,3,10,41,64,233,46,42,70,217,47,1*64
1776370045.238,$GPGSV,2,1,08,03,42,262,43,04,31,332,38,08,32,185,40,26,36,025,24,6*62
1776370045.239,$GPGSV,2,2,08,27,51,149,45,28,16,066,17,31,30,042,19,32,18,132,17,6*6D
1776370045.241,$GPGSV,1,1,04,01,02,222,,02,05,195,,09,02,323,,50,56,115,,0*60
1776370045.242,$GLGSV,2,1,07,68,25,153,45,69,77,142,47,70,46,336,51,73,26,268,39,1*79
1776370045.243,$GLGSV,2,2,07,79,12,026,21,80,41,335,48,,,,40,1*75
1776370045.245,$GLGSV,2,1,06,68,25,153,44,69,77,142,43,70,46,336,46,73,26,268,40,3*77
1776370045.246,$GLGSV,2,2,06,79,12,026,13,80,41,335,45,3*7E
1776370045.248,$GLGSV,1,1,03,81,02,075,,82,08,118,,83,03,165,,0*43
1776370045.249,$GAGSV,2,1,07,02,76,327,47,03,65,053,43,05,28,119,21,08,34,336,44,2*79
1776370045.250,$GAGSV,2,2,07,25,29,031,19,30,36,232,44,32,55,355,46,2*42
1776370045.251,$GAGSV,2,1,05,02,76,327,41,03,65,053,36,08,34,336,44,30,36,232,43,7*7D
1776370045.251,$GAGSV,2,2,05,32,55,355,42,7*42
1776370045.252,$GAGSV,1,1,02,15,05,226,,34,07,178,,0*7F
1776370045.253,$GBGSV,2,1,08,06,31,181,43,08,39,191,42,09,43,341,40,10,48,174,42,1*7E
1776370045.255,$GBGSV,2,2,08,13,47,206,46,14,60,306,46,16,41,013,32,24,47,327,47,1*7C
1776370045.256,$GBGSV,2,1,07,07,54,160,47,08,39,191,45,09,43,341,46,10,48,174,44,3*7D
1776370045.257,$GBGSV,2,2,07,13,47,206,44,14,60,306,50,16,41,013,36,3*40
1776370045.258,$GBGSV,3,1,10,01,37,105,,02,66,235,,03,70,144,,04,21,101,,0*71
1776370045.259,$GBGSV,3,2,10,04,21,101,,05,41,259,,11,02,199,,12,20,154,,0*7C
1776370045.259,$GBGSV,3,3,10,12,20,154,,21,33,157,,0*77
1776370045.260,$GNGLL,1339.08523,N,10029.58204,E,200725.00,A,D*75
1776370046.226,$GNRMC,200726.00,A,1339.08585,N,10029.58206,E,2.340,0.31,160426,0.53,W,D,V*4A
1776370046.228,$GNVTG,0.31,T,0.84,M,2.340,N,4.333,K,D*34
1776370046.231,$GNGGA,200726.00,1339.08585,N,10029.58206,E,2,12,0.58,-1.0,M,-27.8,M,,0499*4D
1776370046.233,$GNGSA,A,3,32,16,26,27,04,40,03,08,,,,,1.43,0.58,1.30,1*04
1776370046.234,$GNGSA,A,3,70,73,80,69,68,,,,,,,,1.43,0.58,1.30,2*01
1776370046.235,$GNGSA,A,3,08,02,03,05,30,,,,,,,,1.43,0.58,1.30,3*05
1776370046.238,$GNGSA,A,3,24,08,09,06,10,14,16,13,,,,,1.43,0.58,1.30,4*0D
1776370046.241,$GPGSV,3,1,10,03,42,262,41,04,31,332,46,08,32,185,42,16,64,355,45,1*63
1776370046.244,$GPGSV,3,2,10,26,36,025,25,27,51,149,46,32,18,132,22,40,36,259,43,1*6A
1776370046.246,$GPGSV,3,3,10,41,64,233,46,42,70,217,44,1*67
1776370046.249,$GPGSV,2,1,08,03,42,262,43,04,31,332,40,08,32,185,39,26,36,025,24,6*63
1776370046.251,$GPGSV,2,2,08,27,51,149,44,28,16,066,17,31,30,042,18,32,18,132,17,6*6D
1776370046.253,$GPGSV,1,1,04,01,02,222,,02,05,195,,09,02,323,,50,56,115,,0*60
1776370046.254,$GLGSV,2,1,07,68,25,153,48,69,77,142,37,70,46,336,49,73,26,268,43,1*77
1776370046.255,$GLGSV,2,2,07,79,12,026,22,80,41,335,49,,,,37,1*77
1776370046.257,$GLGSV,2,1,06,68,25,153,44,69,77,142,34,70,46,336,49,73,26,268,38,3*77
1776370046.258,$GLGSV,2,2,06,79,12,026,12,80,41,335,47,3*7D
1776370046.258,$GLGSV,1,1,03,81,02,075,,82,08,118,,83,03,165,,0*43
1776370046.259,$GAGSV,2,1,07,02,76,327,49,03,65,053,33,05,28,119,21,08,34,336,49,2*7D
1776370046.260,$GAGSV,2,2,07,25,29,031,18,30,36,232,48,32,55,355,46,2*4F
1776370046.261,$GAGSV,2,1,06,02,76,327,45,03,65,053,29,05,28,119,23,08,34,336,42,7*77
1776370046.262,$GAGSV,2,2,06,30,36,232,44,32,55,355,45,7*73
1776370046.263,$GAGSV,1,1,02,15,05,226,,34,07,178,,0*7F
1776370046.264,$GBGSV,2,1,08,06,31,181,42,08,39,191,37,09,43,341,43,10,48,174,44,1*78
1776370046.265,$GBGSV,2,2,08,13,47,206,43,14,60,306,45,16,41,013,35,24,47,327,48,1*72
1776370046.266,$GBGSV,2,1,07,07,54,160,47,08,39,191,40,09,43,341,46,10,48,174,44,3*78
1776370046.266,$GBGSV,2,2,07,13,47,206,45,14,60,306,50,16,41,013,36,3*41
1776370046.267,$GBGSV,3,1,10,01,37,105,,02,66,235,,03,70,144,,04,21,101,,0*71
1776370046.267,$GBGSV,3,2,10,04,21,101,,05,41,259,,11,02,199,,12,20,154,,0*7C
1776370046.267,$GBGSV,3,3,10,12,20,154,,21,33,157,,0*77
1776370046.268,$GNGLL,1339.08585,N,10029.58206,E,200726.00,A,D*78
1776370047.229,$GNRMC,200727.00,A,1339.08650,N,10029.58206,E,2.297,359.38,160426,0.53,W,D,V*4D
1776370047.231,$GNVTG,359.38,T,359.91,M,2.297,N,4.253,K,D*35
1776370047.233,$GNGGA,200727.00,1339.08650,N,10029.58206,E,2,12,0.63,-0.9,M,-27.8,M,,0499*47
1776370047.234,$GNGSA,A,3,32,16,26,27,04,40,03,08,,,,,1.52,0.63,1.39,1*05
1776370047.236,$GNGSA,A,3,70,73,80,69,68,,,,,,,,1.52,0.63,1.39,2*00
1776370047.237,$GNGSA,A,3,08,02,03,05,30,,,,,,,,1.52,0.63,1.39,3*04
1776370047.240,$GNGSA,A,3,24,08,09,06,10,14,16,13,,,,,1.52,0.63,1.39,4*0C
1776370047.243,$GPGSV,3,1,10,03,42,262,45,04,31,332,43,08,32,185,43,16,64,355,45,1*63
1776370047.245,$GPGSV,3,2,10,26,36,025,26,27,51,149,43,32,18,132,22,40,36,259,41,1*6E
1776370047.246,$GPGSV,3,3,10,41,64,233,46,42,70,217,46,1*65
1776370047.248,$GPGSV,2,1,08,03,42,262,43,04,31,332,39,08,32,185,37,26,36,025,23,6*64
1776370047.249,$GPGSV,2,2,08,27,51,149,41,28,16,066,17,31,30,042,18,32,18,132,16,6*69
1776370047.250,$GPGSV,1,1,04,01,02,222,,02,05,195,,09,02,323,,50,56,115,,0*60
1776370047.251,$GLGSV,2,1,07,68,25,153,45,69,77,142,32,70,46,336,50,73,26,268,35,1*76
1776370047.252,$GLGSV,2,2,07,79,12,026,21,80,41,335,48,,,,41,1*74
1776370047.253,$GLGSV,2,1,06,68,25,153,35,69,77,142,33,70,46,336,46,73,26,268,42,3*74
1776370047.254,$GLGSV,2,2,06,79,12,026,10,80,41,335,49,3*71
1776370047.255,$GLGSV,1,1,03,81,02,075,,82,08,118,,83,03,165,,0*43
1776370047.256,$GAGSV,2,1,07,02,76,327,50,03,65,053,39,05,28,119,22,08,34,336,48,2*7D
1776370047.257,$GAGSV,2,2,07,25,29,031,18,30,36,232,43,32,55,355,49,2*4B
1776370047.258,$GAGSV,2,1,06,02,76,327,49,03,65,053,26,05,28,119,21,08,34,336,42,7*76
1776370047.259,$GAGSV,2,2,06,30,36,232,44,32,55,355,45,7*73
1776370047.259,$GAGSV,1,1,02,15,05,226,,34,07,178,,0*7F
1776370047.260,$GBGSV,2,1,08,06,31,181,41,08,39,191,40,09,43,341,44,10,48,174,42,1*7A
1776370047.261,$GBGSV,2,2,08,13,47,206,44,14,60,306,45,16,41,013,38,24,47,327,50,1*71
1776370047.261,$GBGSV,2,1,07,07,54,160,45,08,39,191,41,09,43,341,47,10,48,174,41,3*7F
1776370047.262,$GBGSV,2,2,07,13,47,206,40,14,60,306,51,16,41,013,37,3*44
1776370047.262,$GBGSV,3,1,10,01,37,105,,02,66,235,,03,70,144,,04,21,101,,0*71
1776370047.263,$GBGSV,3,2,10,04,21,101,,05,41,259,,11,02,199,,12,20,154,,0*7C
1776370047.264,$GBGSV,3,3,10,12,20,154,,21,33,157,,0*77
1776370047.264,$GNGLL,1339.08650,N,10029.58206,E,200727.00,A,D*72
1776370048.220,$GNRMC,200728.00,A,1339.08716,N,10029.58209,E,2.405,3.23,160426,0.53,W,D,V*45
1776370048.222,$GNVTG,3.23,T,3.76,M,2.405,N,4.455,K,D*3B
1776370048.225,$GNGGA,200728.00,1339.08716,N,10029.58209,E,2,12,0.63,-0.9,M,-27.8,M,,0499*44
1776370048.227,$GNGSA,A,3,16,26,27,04,40,03,08,,,,,,1.52,0.63,1.39,1*04
1776370048.229,$GNGSA,A,3,70,73,80,69,68,,,,,,,,1.52,0.63,1.39,2*00
1776370048.230,$GNGSA,A,3,08,02,03,05,30,,,,,,,,1.52,0.63,1.39,3*04
1776370048.231,$GNGSA,A,3,24,08,09,06,10,14,16,13,,,,,1.52,0.63,1.39,4*0C
1776370048.232,$GPGSV,3,1,09,03,42,262,43,04,31,332,45,08,32,185,44,16,64,355,47,1*6E
1776370048.234,$GPGSV,3,2,09,26,36,025,25,27,51,149,43,40,36,259,38,41,64,233,48,1*6A
1776370048.235,$GPGSV,3,3,09,42,70,217,47,1*5B
1776370048.236,$GPGSV,2,1,08,03,42,262,41,04,31,332,41,08,32,185,42,26,36,025,24,6*6C
1776370048.237,$GPGSV,2,2,08,27,51,149,42,28,16,066,15,31,30,042,18,32,18,132,15,6*6B
1776370048.238,$GPGSV,1,1,04,01,02,222,,02,05,195,,09,02,323,,50,56,115,,0*60
1776370048.239,$GLGSV,2,1,07,68,25,153,41,69,77,142,41,70,46,336,50,73,26,268,42,1*76
1776370048.240,$GLGSV,2,2,07,79,12,026,20,80,41,335,49,,,,39,1*7B
1776370048.241,$GLGSV,2,1,06,68,25,153,32,69,77,142,41,70,46,336,47,73,26,268,41,3*74
1776370048.242,$GLGSV,2,2,06,79,12,026,14,80,41,335,45,3*79
1776370048.243,$GLGSV,1,1,03,81,02,075,,82,08,118,,83,03,165,,0*43
1776370048.244,$GAGSV,2,1,07,02,76,327,51,03,65,053,47,05,28,119,23,08,34,336,46,2*7A
1776370048.244,$GAGSV,2,2,07,25,29,031,19,30,36,232,44,32,55,355,50,2*45
1776370048.245,$GAGSV,2,1,06,02,76,327,46,03,65,053,44,05,28,119,20,08,34,336,43,7*7D
1776370048.246,$GAGSV,2,2,06,30,36,232,40,32,55,355,46,7*74
1776370048.246,$GAGSV,1,1,02,15,05,226,,34,07,178,,0*7F
1776370048.247,$GBGSV,2,1,08,06,31,181,42,08,39,191,29,09,43,341,41,10,48,174,38,1*7E
1776370048.248,$GBGSV,2,2,08,13,47,206,46,14,60,306,47,16,41,013,36,24,47,327,50,1*7F
1776370048.248,$GBGSV,2,1,07,07,54,160,37,08,39,191,42,09,43,341,45,10,48,174,38,3*75
1776370048.249,$GBGSV,2,2,07,13,47,206,43,14,60,306,52,16,41,013,35,3*46
1776370048.250,$GBGSV,3,1,10,01,37,105,,02,66,235,,03,70,144,,04,21,101,,0*71
1776370048.250,$GBGSV,3,2,10,04,21,101,,05,41,259,,11,02,199,,12,20,154,,0*7C
1776370048.251,$GBGSV,3,3,10,12,20,154,,21,33,157,,0*77
1776370048.251,$GNGLL,1339.08716,N,10029.58209,E,200728.00,A,D*71
1776370049.231,$GNRMC,200729.00,A,1339.08785,N,10029.58214,E,2.440,2.87,160426,0.53,W,D,V*4C
1776370049.232,$GNVTG,2.87,T,3.40,M,2.440,N,4.519,K,D*39
1776370049.234,$GNGGA,200729.00,1339.08785,N,10029.58214,E,2,12,0.65,-1.0,M,-27.8,M,,0499*4D
1776370049.236,$GNGSA,A,3,16,26,27,04,03,08,,,,,,,1.53,0.65,1.39,1*07
1776370049.237,$GNGSA,A,3,79,70,73,80,69,68,,,,,,,1.53,0.65,1.39,2*09
1776370049.239,$GNGSA,A,3,08,02,03,05,25,30,,,,,,,1.53,0.65,1.39,3*04
1776370049.241,$GNGSA,A,3,24,08,09,06,10,14,16,13,,,,,1.53,0.65,1.39,4*0B
1776370049.244,$GPGSV,3,1,09,03,42,262,42,04,31,332,44,08,32,185,37,16,64,355,47,1*6A
1776370049.247,$GPGSV,3,2,09,26,36,025,25,27,51,149,38,40,36,259,35,41,64,233,49,1*6A
1776370049.249,$GPGSV,3,3,09,42,70,217,48,1*54
1776370049.251,$GPGSV,2,1,08,03,42,262,44,04,31,332,40,08,32,185,37,26,36,025,25,6*6B
1776370049.254,$GPGSV,2,2,08,27,51,149,37,28,16,066,13,31,30,042,18,32,18,132,15,6*6F
1776370049.256,$GPGSV,1,1,04,01,02,222,,02,05,195,,09,02,323,,50,56,115,,0*60
1776370049.259,$GLGSV,2,1,07,68,25,153,38,69,77,142,46,70,46,336,48,73,26,268,35,1*76
1776370049.260,$GLGSV,2,2,07,79,12,026,20,80,41,335,51,,,,40,1*7C
1776370049.261,$GLGSV,2,1,06,68,25,153,26,69,77,142,41,70,46,336,48,73,26,268,33,3*7B
1776370049.262,$GLGSV,2,2,06,79,12,026,14,80,41,335,48,3*74
1776370049.263,$GLGSV,1,1,03,81,02,075,,82,08,118,,83,03,165,,0*43
1776370049.264,$GAGSV,2,1,07,02,76,327,51,03,65,053,49,05,28,119,25,08,34,336,46,2*72
1776370049.265,$GAGSV,2,2,07,25,29,031,20,30,36,232,45,32,55,355,51,2*4F
1776370049.265,$GAGSV,2,1,06,02,76,327,47,03,65,053,46,05,28,119,21,08,34,336,44,7*78
1776370049.266,$GAGSV,2,2,06,30,36,232,40,32,55,355,46,7*74
1776370049.267,$GAGSV,1,1,02,15,05,226,,34,07,178,,0*7F
1776370049.268,$GBGSV,2,1,08,06,31,181,37,08,39,191,41,09,43,341,42,10,48,174,37,1*7E
1776370049.269,$GBGSV,2,2,08,13,47,206,48,14,60,306,46,16,41,013,29,24,47,327,51,1*7F
1776370049.270,$GBGSV,2,1,07,07,54,160,38,08,39,191,43,09,43,341,47,10,48,174,41,3*77
1776370049.271,$GBGSV,2,2,07,13,47,206,44,14,60,306,52,16,41,013,33,3*47
1776370049.271,$GBGSV,3,1,10,01,37,105,,02,66,235,,03,70,144,,04,21,101,,0*71
1776370049.272,$GBGSV,3,2,10,04,21,101,,05,41,259,,11,02,199,,12,20,154,,0*7C
1776370049.273,$GBGSV,3,3,10,12,20,154,,21,33,157,,0*77
1776370049.275,$GNGLL,1339.08785,N,10029.58214,E,200729.00,A,D*76
1776370050.223,$GNRMC,200730.00,A,1339.08851,N,10029.58217,E,2.303,1.29,160426,0.53,W,D,V*46
1776370050.226,$GNVTG,1.29,T,1.82,M,2.303,N,4.265,K,D*3E
1776370050.230,$GNGGA,200730.00,1339.08851,N,10029.58217,E,2,12,0.63,-1.1,M,-27.8,M,,0499*47
1776370050.232,$GNGSA,A,3,16,26,27,04,40,03,08,,,,,,1.52,0.63,1.39,1*04
1776370050.234,$GNGSA,A,3,70,73,80,69,68,,,,,,,,1.52,0.63,1.39,2*00
1776370050.236,$GNGSA,A,3,08,02,03,05,25,30,,,,,,,1.52,0.63,1.39,3*03
1776370050.239,$GNGSA,A,3,24,08,09,06,10,14,16,13,,,,,1.52,0.63,1.39,4*0C
1776370050.241,$GPGSV,3,1,10,03,42,262,41,04,31,332,41,08,32,185,43,09,02,323,06,1*6D
1776370050.243,$GPGSV,3,2,10,16,64,355,48,26,36,025,27,27,51,149,33,40,36,259,41,1*6A
1776370050.244,$GPGSV,3,3,10,41,64,233,48,42,70,217,48,1*65
1776370050.245,$GPGSV,2,1,08,03,42,262,40,04,31,332,43,08,32,185,40,26,36,025,24,6*6D
1776370050.247,$GPGSV,2,2,08,27,51,149,30,28,16,066,13,31,30,042,18,32,18,132,17,6*6A
1776370050.248,$GPGSV,1,1,03,01,02,222,,02,05,195,,50,56,115,,0*5E
1776370050.250,$GLGSV,2,1,07,68,25,153,35,69,77,142,49,70,46,336,49,73,26,268,38,1*78
1776370050.251,$GLGSV,2,2,07,79,12,026,22,80,41,335,49,,,,42,1*75
1776370050.252,$GLGSV,2,1,06,68,25,153,31,69,77,142,41,70,46,336,47,73,26,268,40,3*76
1776370050.252,$GLGSV,2,2,06,79,12,026,14,80,41,335,46,3*7A
1776370050.253,$GLGSV,1,1,03,81,02,075,,82,08,118,,83,03,165,,0*43
1776370050.254,$GAGSV,2,1,07,02,76,327,51,03,65,053,50,05,28,119,25,08,34,336,49,2*75
1776370050.255,$GAGSV,2,2,07,25,29,031,21,30,36,232,44,32,55,355,50,2*4E
1776370050.256,$GAGSV,2,1,06,02,76,327,47,03,65,053,47,05,28,119,21,08,34,336,40,7*7D
1776370050.257,$GAGSV,2,2,06,30,36,232,41,32,55,355,47,7*74
1776370050.257,$GAGSV,1,1,02,15,05,226,,34,07,178,,0*7F
1776370050.258,$GBGSV,2,1,08,06,31,181,39,08,39,191,39,09,43,341,43,10,48,174,35,1*7C
1776370050.259,$GBGSV,2,2,08,13,47,206,44,14,60,306,47,16,41,013,34,24,47,327,51,1*7E
1776370050.260,$GBGSV,2,1,07,07,54,160,34,08,39,191,43,09,43,341,46,10,48,174,39,3*75
1776370050.260,$GBGSV,2,2,07,13,47,206,42,14,60,306,51,16,41,013,29,3*49
1776370050.261,$GBGSV,3,1,10,01,37,105,,02,66,235,,03,70,144,,04,21,101,,0*71
1776370050.262,$GBGSV,3,2,10,04,21,101,,05,41,259,,11,02,199,,12,20,154,,0*7C
1776370050.262,$GBGSV,3,3,10,12,20,154,,21,33,157,,0*77
1776370050.262,$GNGLL,1339.08851,N,10029.58217,E,200730.00,A,D*7B
1776370051.227,$GNRMC,200731.00,A,1339.08917,N,10029.58218,E,2.391,359.44,160426,0.53,W,D,V*45
1776370051.230,$GNVTG,359.44,T,359.97,M,2.391,N,4.428,K,D*35
1776370051.234,$GNGGA,200731.00,1339.08917,N,10029.58218,E,2,12,0.60,-1.1,M,-27.8,M,,0499*49
1776370051.237,$GNGSA,A,3,16,26,27,04,40,03,08,,,,,,1.52,0.60,1.39,1*07
1776370051.239,$GNGSA,A,3,70,73,80,69,68,,,,,,,,1.52,0.60,1.39,2*03
1776370051.241,$GNGSA,A,3,08,02,03,05,25,30,,,,,,,1.52,0.60,1.39,3*00
1776370051.244,$GNGSA,A,3,24,08,09,06,10,14,16,13,,,,,1.52,0.60,1.39,4*0F
1776370051.246,$GPGSV,3,1,10,03,42,262,40,04,31,332,44,08,32,185,39,16,64,355,48,1*61
1776370051.247,$GPGSV,3,2,10,26,35,025,26,27,51,149,34,31,30,042,24,40,36,259,42,1*67
1776370051.249,$GPGSV,3,3,10,41,64,233,47,42,70,217,48,1*6A
1776370051.250,$GPGSV,2,1,08,03,42,262,44,04,31,332,42,08,32,185,41,26,35,025,23,6*6D
1776370051.251,$GPGSV,2,2,08,27,51,149,38,28,16,066,15,31,30,042,18,32,18,132,18,6*6B
1776370051.252,$GPGSV,1,1,04,01,02,222,,02,05,195,,09,02,323,,50,56,115,,0*60
1776370051.253,$GLGSV,2,1,07,68,25,153,37,69,77,142,50,70,46,336,48,73,26,268,38,1*73
1776370051.254,$GLGSV,2,2,07,79,12,026,22,80,41,335,50,,,,41,1*7E
1776370051.255,$GLGSV,2,1,06,68,25,153,37,69,77,142,47,70,46,336,48,73,26,268,28,3*77
1776370051.256,$GLGSV,2,2,06,79,12,026,13,80,41,335,48,3*73
1776370051.257,$GLGSV,1,1,03,81,02,075,,82,08,118,,83,03,165,,0*43
1776370051.258,$GAGSV,2,1,07,02,76,327,51,03,65,053,50,05,28,119,24,08,34,336,49,2*74
1776370051.259,$GAGSV,2,2,07,25,29,031,20,30,36,232,49,32,55,355,50,2*42
1776370051.260,$GAGSV,2,1,06,02,76,327,48,03,65,053,47,05,28,119,21,08,34,336,46,7*74
1776370051.261,$GAGSV,2,2,06,30,36,232,45,32,55,355,47,7*70
1776370051.262,$GAGSV,1,1,02,15,05,226,,34,07,178,,0*7F
1776370051.263,$GBGSV,2,1,08,06,31,181,38,08,39,191,38,09,43,341,42,10,48,174,39,1*71
1776370051.264,$GBGSV,2,2,08,13,47,206,44,14,60,306,47,16,41,013,34,24,47,327,49,1*77
1776370051.265,$GBGSV,2,1,07,07,54,160,42,08,39,191,42,09,43,341,45,10,48,174,40,3*78
1776370051.266,$GBGSV,2,2,07,13,47,206,46,14,60,306,50,16,41,013,33,3*47
1776370051.266,$GBGSV,3,1,10,01,37,105,,02,66,235,,03,70,144,,04,21,101,,0*71
1776370051.267,$GBGSV,3,2,10,04,21,101,,05,41,259,,11,02,199,,12,20,154,,0*7C
1776370051.267,$GBGSV,3,3,10,12,20,154,,21,33,157,,0*77
1776370051.268,$GNGLL,1339.08917,N,10029.58218,E,200731.00,A,D*76
1776370052.224,$GNRMC,200732.00,A,1339.08984,N,10029.58221,E,2.314,5.81,160426,0.53,W,D,V*48
1776370052.226,$GNVTG,5.81,T,6.35,M,2.314,N,4.286,K,D*38
1776370052.230,$GNGGA,200732.00,1339.08984,N,10029.58221,E,2,12,0.58,-1.1,M,-27.8,M,,0499*41
1776370052.233,$GNGSA,A,3,16,26,27,04,40,03,08,,,,,,1.43,0.58,1.30,1*05
1776370052.236,$GNGSA,A,3,70,73,80,69,68,,,,,,,,1.43,0.58,1.30,2*01
1776370052.238,$GNGSA,A,3,08,02,03,05,30,,,,,,,,1.43,0.58,1.30,3*05
1776370052.241,$GNGSA,A,3,24,08,09,06,10,14,16,13,,,,,1.43,0.58,1.30,4*0D
1776370052.243,$GPGSV,3,1,10,03,42,262,43,04,31,332,46,08,32,185,41,16,64,355,48,1*6F
1776370052.245,$GPGSV,3,2,10,26,35,025,25,27,52,147,36,31,30,042,23,40,36,259,38,1*61
1776370052.247,$GPGSV,3,3,10,41,64,233,48,42,70,217,47,1*6A
1776370052.248,$GPGSV,2,1,08,03,42,262,31,04,31,332,42,08,32,185,37,26,35,025,22,6*6F
1776370052.250,$GPGSV,2,2,08,27,52,147,35,28,16,066,13,31,30,042,18,32,18,132,19,6*6C
1776370052.251,$GPGSV,1,1,04,01,02,222,,02,05,195,,09,02,323,,50,56,115,,0*60
1776370052.253,$GLGSV,2,1,07,68,25,153,32,69,77,142,51,70,46,336,52,73,26,268,35,1*71
1776370052.253,$GLGSV,2,2,07,79,12,026,22,80,41,335,48,,,,38,1*79
1776370052.254,$GLGSV,2,1,06,68,25,153,31,69,77,142,45,70,46,336,47,73,26,268,30,3*75
1776370052.255,$GLGSV,2,2,06,79,12,026,14,80,41,335,49,3*75
1776370052.256,$GLGSV,1,1,03,81,02,075,,82,08,118,,83,03,165,,0*43
1776370052.257,$GAGSV,2,1,07,02,76,327,51,03,65,053,50,05,28,119,23,08,34,336,47,2*7D
1776370052.258,$GAGSV,2,2,07,25,29,031,19,30,36,232,48,32,55,355,51,2*48
1776370052.259,$GAGSV,2,1,06,02,76,327,47,03,65,053,47,05,28,119,22,08,34,336,44,7*7A
1776370052.259,$GAGSV,2,2,06,30,36,232,39,32,55,355,46,7*7A
1776370052.260,$GAGSV,1,1,02,15,05,226,,34,07,178,,0*7F
1776370052.262,$GBGSV,2,1,08,06,31,181,33,08,39,191,38,09,43,341,42,10,48,174,39,1*7A
1776370052.263,$GBGSV,2,2,08,13,47,206,47,14,60,306,45,16,41,013,34,24,47,327,49,1*76
1776370052.264,$GBGSV,2,1,07,07,54,160,43,08,39,191,43,09,43,341,44,10,48,174,42,3*7B
1776370052.265,$GBGSV,2,2,07,13,47,206,43,14,60,306,52,16,41,013,33,3*40
1776370052.266,$GBGSV,3,1,10,01,37,105,,02,66,235,,03,70,144,,04,21,101,,0*71
1776370052.266,$GBGSV,3,2,10,04,21,101,,05,41,259,,11,02,199,,12,20,154,,0*7C
1776370052.267,$GBGSV,3,3,10,12,20,154,,21,33,157,,0*77
1776370052.267,$GNGLL,1339.08984,N,10029.58221,E,200732.00,A,D*75
1776370053.229,$GNRMC,200733.00,A,1339.09049,N,10029.58221,E,2.360,359.60,160426,0.53,W,D,V*46
1776370053.230,$GNVTG,359.60,T,0.13,M,2.360,N,4.370,K,D*34
1776370053.231,$GNGGA,200733.00,1339.09049,N,10029.58221,E,2,12,0.65,-1.1,M,-27.8,M,,0499*47
1776370053.232,$GNGSA,A,3,16,26,27,04,03,08,,,,,,,1.53,0.65,1.39,1*07
1776370053.233,$GNGSA,A,3,79,70,73,80,69,68,,,,,,,1.53,0.65,1.39,2*09
1776370053.234,$GNGSA,A,3,08,02,03,05,30,,,,,,,,1.53,0.65,1.39,3*03
1776370053.235,$GNGSA,A,3,24,08,09,06,10,14,16,13,,,,,1.53,0.65,1.39,4*0B
1776370053.237,$GPGSV,3,1,09,03,42,262,41,04,31,332,47,08,32,185,41,16,64,355,47,1*6B
1776370053.238,$GPGSV,3,2,09,26,35,025,25,27,52,147,42,40,36,259,38,41,64,233,48,1*65
1776370053.239,$GPGSV,3,3,09,42,70,217,48,1*54
1776370053.240,$GPGSV,2,1,08,03,42,262,40,04,31,332,45,08,32,185,40,26,35,025,30,6*6D
1776370053.242,$GPGSV,2,2,08,27,52,147,41,28,16,067,16,31,30,042,18,32,18,132,18,6*6A
1776370053.243,$GPGSV,1,1,04,01,02,222,,02,05,195,,09,02,323,,50,56,115,,0*60
1776370053.246,$GLGSV,2,1,07,68,25,153,31,69,77,142,50,70,46,336,49,73,26,268,37,1*7B
1776370053.247,$GLGSV,2,2,07,79,12,026,22,80,41,335,49,,,,37,1*77
1776370053.248,$GLGSV,2,1,06,68,25,153,25,69,77,142,46,70,46,336,49,73,26,268,30,3*7D
1776370053.249,$GLGSV,2,2,06,79,12,026,16,80,41,335,46,3*78
1776370053.250,$GLGSV,1,1,03,81,02,075,,82,08,118,,83,03,165,,0*43
1776370053.252,$GAGSV,2,1,07,02,76,327,51,03,65,053,49,05,28,119,23,08,34,336,48,2*7A
1776370053.253,$GAGSV,2,2,07,25,29,031,18,30,36,232,46,32,55,355,50,2*46
1776370053.255,$GAGSV,2,1,06,02,76,327,46,03,65,053,46,05,28,119,21,08,34,336,43,7*7E
1776370053.256,$GAGSV,2,2,06,30,36,232,44,32,55,355,46,7*70
1776370053.257,$GAGSV,1,1,02,15,05,226,,34,07,178,,0*7F
1776370053.258,$GBGSV,2,1,08,06,31,181,38,08,39,191,40,09,43,341,43,10,48,174,40,1*71
1776370053.259,$GBGSV,2,2,08,13,47,206,46,14,60,306,47,16,41,013,34,24,47,327,49,1*75
1776370053.260,$GBGSV,2,1,07,07,54,160,43,08,39,191,41,09,43,341,47,10,48,174,44,3*7C
1776370053.261,$GBGSV,2,2,07,13,47,206,44,14,60,306,50,16,41,013,30,3*46
1776370053.262,$GBGSV,3,1,10,01,37,105,,02,66,235,,03,70,144,,04,21,101,,0*71
1776370053.262,$GBGSV,3,2,10,04,21,101,,05,41,259,,11,02,199,,12,20,154,,0*7C
1776370053.263,$GBGSV,3,3,10,12,20,154,,21,33,157,,0*77
1776370053.264,$GNGLL,1339.09049,N,10029.58221,E,200733.00,A,D*7D
1776370054.221,$GNRMC,200734.00,A,1339.09113,N,10029.58226,E,2.417,4.15,160426,0.53,W,D,V*46
1776370054.223,$GNVTG,4.15,T,4.68,M,2.417,N,4.476,K,D*33
1776370054.225,$GNGGA,200734.00,1339.09113,N,10029.58226,E,2,12,0.65,-1.2,M,-27.8,M,,0499*4A
1776370054.226,$GNGSA,A,3,16,26,27,04,40,03,08,,,,,,1.53,0.65,1.39,1*03
1776370054.229,$GNGSA,A,3,70,73,80,69,68,,,,,,,,1.53,0.65,1.39,2*07
1776370054.231,$GNGSA,A,3,08,02,03,05,30,,,,,,,,1.53,0.65,1.39,3*03
1776370054.234,$GNGSA,A,3,24,08,09,06,10,14,16,13,,,,,1.53,0.65,1.39,4*0B
1776370054.237,$GPGSV,3,1,09,03,42,262,45,04,31,332,44,08,32,185,38,16,64,355,46,1*63
1776370054.239,$GPGSV,3,2,09,26,35,025,25,27,52,147,42,40,36,259,38,41,64,233,49,1*64
1776370054.240,$GPGSV,3,3,09,42,70,217,48,1*54
1776370054.241,$GPGSV,2,1,08,03,42,262,43,04,31,332,43,08,32,185,39,26,35,025,22,6*65
1776370054.243,$GPGSV,2,2,08,27,52,147,45,28,16,067,15,31,30,042,18,32,18,132,18,6*6D
1776370054.244,$GPGSV,1,1,04,01,02,222,,02,05,195,,09,02,323,,50,56,115,,0*60
1776370054.246,$GLGSV,2,1,07,68,25,153,30,69,77,142,51,70,46,336,48,73,26,268,34,1*79
1776370054.247,$GLGSV,2,2,07,79,12,026,23,80,41,335,48,,,,40,1*77
1776370054.248,$GLGSV,2,1,06,68,25,153,30,69,77,142,46,70,46,336,47,73,26,268,37,3*70
1776370054.248,$GLGSV,2,2,06,79,12,026,16,80,41,335,47,3*79
1776370054.249,$GLGSV,1,1,03,81,02,075,,82,08,118,,83,03,165,,0*43
1776370054.250,$GAGSV,2,1,07,02,76,327,50,03,65,053,51,05,28,119,23,08,34,336,49,2*73
1776370054.251,$GAGSV,2,2,07,25,29,031,18,30,36,232,39,32,55,355,51,2*4F
1776370054.252,$GAGSV,2,1,06,02,76,327,46,03,65,053,46,05,28,119,19,08,34,336,42,7*74
1776370054.252,$GAGSV,2,2,06,30,36,232,43,32,55,355,47,7*76
1776370054.253,$GAGSV,1,1,02,15,05,226,,34,07,178,,0*7F
1776370054.253,$GBGSV,2,1,08,06,31,181,39,08,39,191,41,09,43,341,41,10,48,174,41,1*72
1776370054.254,$GBGSV,2,2,08,13,47,206,45,14,60,306,47,16,41,013,33,24,47,327,48,1*70
1776370054.255,$GBGSV,2,1,07,07,54,160,45,08,39,191,43,09,43,341,48,10,48,174,41,3*72
1776370054.255,$GBGSV,2,2,07,13,47,206,46,14,60,306,51,16,41,013,34,3*41
1776370054.256,$GBGSV,3,1,10,01,37,105,,02,66,235,,03,70,144,,04,21,101,,0*71
1776370054.256,$GBGSV,3,2,10,04,21,101,,05,41,259,,11,02,199,,12,20,154,,0*7C
1776370054.257,$GBGSV,3,3,10,12,20,154,,21,33,157,,0*77
1776370054.257,$GNGLL,1339.09113,N,10029.58226,E,200734.00,A,D*73
1776370055.224,$GNRMC,200735.00,A,1339.09181,N,10029.58229,E,2.423,0.49,160426,0.53,W,D,V*49
1776370055.226,$GNVTG,0.49,T,1.02,M,2.423,N,4.488,K,D*31
1776370055.229,$GNGGA,200735.00,1339.09181,N,10029.58229,E,2,12,0.65,-1.2,M,-27.8,M,,0499*4F
1776370055.232,$GNGSA,A,3,16,26,27,04,40,03,08,,,,,,1.53,0.65,1.39,1*03
1776370055.234,$GNGSA,A,3,70,73,80,69,68,,,,,,,,1.53,0.65,1.39,2*07
1776370055.236,$GNGSA,A,3,08,02,03,05,30,,,,,,,,1.53,0.65,1.39,3*03
1776370055.237,$GNGSA,A,3,24,08,09,06,10,14,16,13,,,,,1.53,0.65,1.39,4*0B
1776370055.239,$GPGSV,3,1,09,03,42,262,38,04,31,332,44,08,32,185,41,16,64,355,47,1*66
1776370055.241,$GPGSV,3,2,09,26,35,025,24,27,52,147,48,40,36,259,42,41,64,233,47,1*6C
1776370055.243,$GPGSV,3,3,09,42,70,217,46,1*5A
1776370055.245,$GPGSV,2,1,08,03,42,262,34,04,31,332,46,08,32,185,39,26,35,025,21,6*63
1776370055.248,$GPGSV,2,2,08,27,52,147,46,28,16,067,15,31,30,042,17,32,18,132,18,6*61
1776370055.249,$GPGSV,1,1,04,01,02,222,,02,05,195,,09,02,323,,50,56,115,,0*60
1776370055.251,$GLGSV,2,1,07,68,25,153,39,69,77,142,51,70,46,336,49,73,26,268,32,1*77
1776370055.253,$GLGSV,2,2,07,79,12,026,23,80,41,335,49,,,,37,1*76
1776370055.255,$GLGSV,2,1,06,68,25,153,31,69,77,142,46,70,46,336,49,73,26,268,40,3*7F
1776370055.257,$GLGSV,2,2,06,79,12,026,17,80,41,335,46,3*79
1776370055.258,$GLGSV,1,1,03,81,02,075,,82,08,118,,83,03,165,,0*43
1776370055.259,$GAGSV,2,1,07,02,76,327,51,03,65,053,51,05,28,119,22,08,34,336,45,2*7F
1776370055.260,$GAGSV,2,2,07,25,29,031,18,30,36,232,45,32,55,355,50,2*45
1776370055.262,$GAGSV,2,1,06,02,76,327,47,03,65,053,46,05,28,119,20,08,34,336,45,7*78
1776370055.263,$GAGSV,2,2,06,30,36,232,44,32,55,355,47,7*71
1776370055.264,$GAGSV,1,1,02,15,05,226,,34,07,178,,0*7F
1776370055.265,$GBGSV,2,1,08,06,31,181,39,08,39,191,41,09,43,341,42,10,48,174,43,1*73
1776370055.266,$GBGSV,2,2,08,13,47,206,44,14,60,306,47,16,41,013,29,24,47,327,48,1*7A
1776370055.268,$GBGSV,2,1,07,07,54,160,46,08,39,191,44,09,43,341,48,10,48,174,44,3*73
1776370055.269,$GBGSV,2,2,07,13,47,206,47,14,60,306,51,16,41,013,34,3*40
1776370055.269,$GBGSV,3,1,10,01,37,105,,02,66,235,,03,70,144,,04,21,101,,0*71
1776370055.270,$GBGSV,3,2,10,04,21,101,,05,41,259,,11,02,199,,12,20,154,,0*7C
1776370055.270,$GBGSV,3,3,10,12,20,154,,21,33,157,,0*77
1776370055.271,$GNGLL,1339.09181,N,10029.58229,E,200735.00,A,D*76
1776370056.231,$GNRMC,200736.00,A,1339.09248,N,10029.58234,E,2.403,2.11,160426,0.53,W,D,V*4D
1776370056.233,$GNVTG,2.11,T,2.64,M,2.403,N,4.450,K,D*3A
1776370056.236,$GNGGA,200736.00,1339.09248,N,10029.58234,E,2,12,0.58,-1.3,M,-27.8,M,,0499*49
1776370056.237,$GNGSA,A,3,16,26,27,04,40,03,08,,,,,,1.43,0.58,1.30,1*05
1776370056.239,$GNGSA,A,3,70,73,80,69,68,,,,,,,,1.43,0.58,1.30,2*01
1776370056.240,$GNGSA,A,3,08,02,03,05,30,,,,,,,,1.43,0.58,1.30,3*05
1776370056.242,$GNGSA,A,3,24,08,09,06,10,14,16,13,,,,,1.43,0.58,1.30,4*0D
1776370056.245,$GPGSV,3,1,09,03,42,262,42,04,31,332,45,08,32,185,41,16,64,355,47,1*6A
1776370056.249,$GPGSV,3,2,09,26,35,025,23,27,52,147,45,40,36,259,34,41,64,233,47,1*67
1776370056.251,$GPGSV,3,3,09,42,70,217,47,1*5B
1776370056.253,$GPGSV,2,1,08,03,42,262,41,04,31,332,39,08,32,185,41,26,35,025,22,6*65
1776370056.254,$GPGSV,2,2,08,27,52,147,48,28,16,067,19,31,30,043,18,32,18,132,17,6*62
1776370056.256,$GPGSV,1,1,04,01,02,222,,02,05,195,,09,02,323,,50,56,115,,0*60
1776370056.257,$GLGSV,2,1,07,68,25,153,35,69,77,142,51,70,46,336,50,73,26,268,41,1*77
1776370056.258,$GLGSV,2,2,07,79,12,026,24,80,41,335,51,,,,38,1*77
1776370056.259,$GLGSV,2,1,06,68,25,153,31,69,77,142,47,70,46,336,48,73,26,268,42,3*7D
1776370056.260,$GLGSV,2,2,06,79,12,026,19,80,41,335,46,3*77
1776370056.261,$GLGSV,1,1,03,81,02,075,,82,08,118,,83,03,165,,0*43
1776370056.262,$GAGSV,2,1,07,02,76,327,50,03,65,053,51,05,28,119,22,08,34,336,47,2*7C
1776370056.263,$GAGSV,2,2,07,25,29,031,18,30,36,232,45,32,55,355,49,2*4D
1776370056.264,$GAGSV,2,1,06,02,76,327,47,03,65,053,46,05,28,119,21,08,34,336,43,7*7F
1776370056.265,$GAGSV,2,2,06,30,36,232,30,32,55,355,46,7*73
1776370056.266,$GAGSV,1,1,02,15,05,226,,34,07,178,,0*7F
1776370056.266,$GBGSV,2,1,08,06,31,181,43,08,39,191,39,09,43,341,40,10,48,174,43,1*73
1776370056.267,$GBGSV,2,2,08,13,47,206,44,14,60,306,46,16,41,013,28,24,47,327,48,1*7A
1776370056.268,$GBGSV,2,1,07,07,54,160,47,08,39,191,45,09,43,341,47,10,48,174,46,3*7E
1776370056.269,$GBGSV,2,2,07,13,47,206,46,14,60,306,52,16,41,013,30,3*46
1776370056.269,$GBGSV,3,1,10,01,37,105,,02,66,235,,03,70,144,,04,21,101,,0*71
1776370056.270,$GBGSV,3,2,10,04,21,101,,05,41,259,,11,02,199,,12,20,154,,0*7C
1776370056.270,$GBGSV,3,3,10,12,20,154,,21,33,157,,0*77
1776370056.271,$GNGLL,1339.09248,N,10029.58234,E,200736.00,A,D*7F
1776370057.224,$GNRMC,200737.00,A,1339.09314,N,10029.58241,E,2.255,1.05,160426,0.53,W,D,V*45
1776370057.226,$GNVTG,1.05,T,1.58,M,2.255,N,4.177,K,D*35
1776370057.228,$GNGGA,200737.00,1339.09314,N,10029.58241,E,2,12,0.58,-1.4,M,-27.8,M,,0499*45
1776370057.231,$GNGSA,A,3,16,26,27,04,40,03,08,,,,,,1.43,0.58,1.30,1*05
1776370057.234,$GNGSA,A,3,70,73,80,79,69,68,,,,,,,1.43,0.58,1.30,2*0F
1776370057.237,$GNGSA,A,3,08,02,03,05,30,,,,,,,,1.43,0.58,1.30,3*05
1776370057.239,$GNGSA,A,3,24,08,09,06,10,14,16,13,,,,,1.43,0.58,1.30,4*0D
1776370057.243,$GPGSV,3,1,10,03,42,262,43,04,31,332,44,08,32,185,43,16,64,355,46,1*61
1776370057.246,$GPGSV,3,2,10,26,35,025,25,27,52,147,46,28,16,067,20,40,36,259,43,1*62
1776370057.248,$GPGSV,3,3,10,41,64,233,48,42,70,217,47,1*6A
1776370057.250,$GPGSV,2,1,08,03,42,262,47,04,31,332,43,08,32,185,41,26,35,025,22,6*6E
1776370057.253,$GPGSV,2,2,08,27,52,147,47,28,16,067,21,31,30,043,18,32,17,133,17,6*68
1776370057.255,$GPGSV,1,1,04,01,02,222,,02,05,195,,09,02,323,,50,56,115,,0*60
1776370057.257,$GLGSV,2,1,07,68,25,153,27,69,77,142,49,70,46,336,49,73,26,268,43,1*77
1776370057.258,$GLGSV,2,2,07,79,12,026,30,80,41,335,49,,,,36,1*75
1776370057.259,$GLGSV,2,1,06,68,25,153,32,69,77,142,47,70,46,336,47,73,26,268,39,3*7D
1776370057.260,$GLGSV,2,2,06,79,12,026,18,80,41,335,48,3*78
1776370057.260,$GLGSV,1,1,03,81,02,075,,82,08,118,,83,03,165,,0*43
1776370057.261,$GAGSV,2,1,07,02,76,327,50,03,65,053,52,05,28,119,24,08,34,336,45,2*7B
1776370057.262,$GAGSV,2,2,07,25,29,031,16,30,36,232,45,32,55,355,49,2*43
1776370057.263,$GAGSV,2,1,06,02,76,327,48,03,65,053,46,05,28,119,23,08,34,336,45,7*74
1776370057.264,$GAGSV,2,2,06,30,36,232,45,32,55,355,44,7*73
1776370057.265,$GAGSV,1,1,02,15,05,226,,34,07,178,,0*7F
1776370057.266,$GBGSV,2,1,08,06,31,181,40,08,39,191,40,09,43,341,42,10,48,174,44,1*7B
1776370057.267,$GBGSV,2,2,08,13,47,206,45,14,60,306,47,16,41,013,33,24,47,327,50,1*79
1776370057.268,$GBGSV,2,1,07,07,54,160,47,08,39,191,44,09,43,341,48,10,48,174,44,3*72
1776370057.269,$GBGSV,2,2,07,13,47,206,43,14,60,306,52,16,41,013,33,3*40
1776370057.270,$GBGSV,3,1,10,01,37,105,,02,66,235,,03,70,144,,04,21,101,,0*71
1776370057.270,$GBGSV,3,2,10,04,21,101,,05,41,259,,11,02,199,,12,20,154,,0*7C
1776370057.271,$GBGSV,3,3,10,12,20,154,,21,33,157,,0*77
1776370057.271,$GNGLL,1339.09314,N,10029.58241,E,200737.00,A,D*74
1776370058.232,$GNRMC,200738.00,A,1339.09376,N,10029.58244,E,2.188,0.70,160426,0.53,W,D,V*4B
1776370058.234,$GNVTG,0.70,T,1.23,M,2.188,N,4.053,K,D*3E
1776370058.237,$GNGGA,200738.00,1339.09376,N,10029.58244,E,2,12,0.58,-1.4,M,-27.8,M,,0499*4B
1776370058.239,$GNGSA,A,3,16,26,27,04,40,03,08,,,,,,1.26,0.58,1.11,1*05
1776370058.240,$GNGSA,A,3,70,73,80,79,69,68,,,,,,,1.26,0.58,1.11,2*0F
1776370058.241,$GNGSA,A,3,08,02,03,05,30,,,,,,,,1.26,0.58,1.11,3*05
1776370058.243,$GNGSA,A,3,24,08,09,06,10,14,16,13,,,,,1.26,0.58,1.11,4*0D
1776370058.246,$GPGSV,3,1,10,03,42,262,41,04,31,332,42,08,32,185,43,16,64,355,47,1*64
1776370058.251,$GPGSV,3,2,10,26,35,025,24,27,52,147,46,28,16,067,17,40,36,259,43,1*67
1776370058.253,$GPGSV,3,3,10,41,64,233,48,42,70,217,47,1*6A
1776370058.254,$GPGSV,2,1,08,03,42,262,45,04,31,332,43,08,32,185,40,26,35,025,21,6*6E
1776370058.256,$GPGSV,2,2,08,27,52,147,46,28,16,067,19,31,30,043,17,32,17,133,17,6*6D
1776370058.257,$GPGSV,1,1,04,01,02,222,,02,05,195,,09,02,323,,50,56,115,,0*60
1776370058.259,$GLGSV,2,1,07,68,25,153,28,69,77,142,50,70,46,336,50,73,26,268,44,1*7F
1776370058.259,$GLGSV,2,2,07,79,12,026,31,80,41,335,48,,,,41,1*75
1776370058.261,$GLGSV,2,1,06,68,25,153,27,69,77,142,47,70,46,336,47,73,26,268,32,3*72
1776370058.261,$GLGSV,2,2,06,79,12,026,21,80,41,335,48,3*72
1776370058.263,$GLGSV,1,1,03,81,02,075,,82,08,118,,83,03,165,,0*43
1776370058.264,$GAGSV,2,1,07,02,76,327,50,03,65,053,51,05,28,119,23,08,34,336,48,2*72
1776370058.265,$GAGSV,2,2,07,25,29,031,16,30,36,232,44,32,55,355,49,2*42
1776370058.266,$GAGSV,2,1,06,02,76,327,48,03,65,053,47,05,28,119,25,08,34,336,43,7*75
1776370058.267,$GAGSV,2,2,06,30,36,232,42,32,55,355,46,7*76
1776370058.267,$GAGSV,1,1,02,15,05,226,,34,07,178,,0*7F
1776370058.268,$GBGSV,2,1,08,06,31,181,43,08,39,191,41,09,43,341,43,10,48,174,44,1*78
1776370058.269,$GBGSV,2,2,08,13,47,206,45,14,60,306,45,16,41,013,36,24,47,327,49,1*76
1776370058.270,$GBGSV,2,1,07,07,54,160,48,08,39,191,44,09,43,341,45,10,48,174,46,3*72
1776370058.270,$GBGSV,2,2,07,13,47,206,43,14,60,306,52,16,41,013,30,3*43
1776370058.271,$GBGSV,3,1,10,01,37,105,,02,66,235,,03,70,144,,04,21,101,,0*71
1776370058.272,$GBGSV,3,2,10,04,21,101,,05,41,259,,11,02,199,,12,20,154,,0*7C
1776370058.272,$GBGSV,3,3,10,12,20,154,,21,33,157,,0*77
1776370058.273,$GNGLL,1339.09376,N,10029.58244,E,200738.00,A,D*7A
1776370059.233,$GNRMC,200739.00,A,1339.09436,N,10029.58243,E,2.133,0.03,160426,0.53,W,D,V*4A
1776370059.235,$GNVTG,0.03,T,0.56,M,2.133,N,3.951,K,D*35
1776370059.237,$GNGGA,200739.00,1339.09436,N,10029.58243,E,2,12,0.63,-1.4,M,-27.8,M,,0499*46
1776370059.239,$GNGSA,A,3,16,26,27,04,40,03,08,,,,,,1.52,0.63,1.39,1*04
1776370059.241,$GNGSA,A,3,70,73,80,69,68,,,,,,,,1.52,0.63,1.39,2*00
1776370059.242,$GNGSA,A,3,08,02,03,05,30,,,,,,,,1.52,0.63,1.39,3*04
1776370059.244,$GNGSA,A,3,24,08,09,06,10,14,16,13,,,,,1.52,0.63,1.39,4*0C
1776370059.247,$GPGSV,3,1,10,03,42,262,43,04,31,332,44,08,32,185,41,16,64,355,47,1*62
1776370059.252,$GPGSV,3,2,10,26,35,025,23,27,52,147,46,28,16,067,16,40,36,259,38,1*6D
1776370059.253,$GPGSV,3,3,10,41,64,233,48,42,70,217,48,1*65
1776370059.256,$GPGSV,2,1,08,03,42,262,36,04,31,332,44,08,32,185,41,26,35,025,22,6*6F
1776370059.258,$GPGSV,2,2,08,27,52,147,45,28,16,067,16,31,30,043,19,32,17,133,18,6*60
1776370059.259,$GPGSV,1,1,04,01,02,222,,02,05,195,,09,02,323,,50,56,115,,0*60
1776370059.261,$GLGSV,2,1,07,68,25,153,32,69,77,142,50,70,46,336,51,73,26,268,45,1*74
1776370059.262,$GLGSV,2,2,07,79,12,026,24,80,41,335,50,,,,41,1*78
1776370059.264,$GLGSV,2,1,06,68,25,153,28,69,77,142,46,70,46,336,49,73,26,268,38,3*78
1776370059.265,$GLGSV,2,2,06,79,12,026,22,80,41,335,47,3*7E
1776370059.266,$GLGSV,1,1,03,81,02,075,,82,08,118,,83,03,165,,0*43
1776370059.267,$GAGSV,2,1,07,02,76,327,49,03,65,053,52,05,28,119,23,08,34,336,46,2*77
1776370059.268,$GAGSV,2,2,07,25,29,031,17,30,36,232,44,32,55,355,48,2*42
1776370059.269,$GAGSV,2,1,06,02,76,327,48,03,65,053,45,05,28,119,25,08,34,336,41,7*75
1776370059.270,$GAGSV,2,2,06,30,36,232,45,32,55,355,44,7*73
1776370059.270,$GAGSV,1,1,02,15,05,226,,34,07,178,,0*7F
1776370059.271,$GBGSV,2,1,08,06,31,181,40,08,39,191,39,09,43,341,44,10,48,174,44,1*73
1776370059.272,$GBGSV,2,2,08,13,47,206,45,14,60,306,46,16,41,013,31,24,47,327,50,1*7A
1776370059.273,$GBGSV,2,1,07,07,54,160,46,08,39,191,44,09,43,341,48,10,48,174,46,3*71
1776370059.274,$GBGSV,2,2,07,13,47,206,45,14,60,306,50,16,41,013,33,3*44
1776370059.274,$GBGSV,3,1,10,01,37,105,,02,66,235,,03,70,144,,04,21,101,,0*71
1776370059.275,$GBGSV,3,2,10,04,21,101,,05,41,259,,11,02,199,,12,20,154,,0*7C
1776370059.275,$GBGSV,3,3,10,12,20,154,,21,33,157,,0*77
1776370059.276,$GNGLL,1339.09436,N,10029.58243,E,200739.00,A,D*7F
1776370060.234,$GNRMC,200740.00,A,1339.09495,N,10029.58242,E,2.135,1.24,160426,0.53,W,D,V*4E
1776370060.237,$GNVTG,1.24,T,1.77,M,2.135,N,3.955,K,D*31
1776370060.239,$GNGGA,200740.00,1339.09495,N,10029.58242,E,2,12,0.58,-1.5,M,-27.8,M,,0499*49
1776370060.241,$GNGSA,A,3,16,26,27,04,40,03,08,,,,,,1.26,0.58,1.11,1*05
1776370060.243,$GNGSA,A,3,70,73,80,79,69,68,,,,,,,1.26,0.58,1.11,2*0F
1776370060.244,$GNGSA,A,3,08,02,03,05,30,,,,,,,,1.26,0.58,1.11,3*05
1776370060.246,$GNGSA,A,3,24,08,09,06,10,14,16,13,,,,,1.26,0.58,1.11,4*0D
1776370060.249,$GPGSV,3,1,10,03,42,262,47,04,31,332,44,08,32,185,43,16,64,355,46,1*65
1776370060.254,$GPGSV,3,2,10,26,35,025,24,27,52,147,46,28,16,067,13,40,36,259,42,1*62
1776370060.255,$GPGSV,3,3,10,41,64,233,47,42,70,217,47,1*65
1776370060.256,$GPGSV,2,1,08,03,42,262,45,04,31,332,44,08,32,185,42,26,35,025,21,6*6B
1776370060.258,$GPGSV,2,2,08,27,52,147,48,28,16,067,13,31,30,043,19,32,17,133,18,6*68
1776370060.259,$GPGSV,1,1,04,01,02,222,,02,05,195,,09,02,323,,50,56,115,,0*60
1776370060.260,$GLGSV,2,1,07,68,25,153,26,69,77,142,50,70,46,336,48,73,26,268,44,1*78
1776370060.261,$GLGSV,2,2,07,79,12,026,23,80,41,335,51,,,,42,1*7D
1776370060.263,$GLGSV,2,1,06,68,25,153,27,69,77,142,47,70,46,336,48,73,26,268,42,3*7A
1776370060.264,$GLGSV,2,2,06,79,12,026,22,80,41,335,46,3*7F
1776370060.265,$GLGSV,1,1,03,81,02,075,,82,08,118,,83,03,165,,0*43
1776370060.265,$GAGSV,2,1,07,02,76,327,50,03,65,053,52,05,28,119,21,08,34,336,46,2*7D
1776370060.267,$GAGSV,2,2,07,25,29,031,18,30,36,232,45,32,55,355,50,2*45
1776370060.268,$GAGSV,2,1,06,02,76,327,47,03,65,053,46,05,28,119,24,08,34,336,47,7*7E
1776370060.268,$GAGSV,2,2,06,30,36,232,43,32,55,355,45,7*74
1776370060.269,$GAGSV,1,1,02,15,05,226,,34,07,178,,0*7F
1776370060.270,$GBGSV,2,1,08,06,31,181,44,08,39,191,39,09,43,341,44,10,48,174,44,1*77
1776370060.270,$GBGSV,2,2,08,13,47,206,46,14,60,306,47,16,41,013,34,24,47,327,50,1*7D
1776370060.271,$GBGSV,2,1,07,07,54,160,49,08,39,191,44,09,43,341,44,10,48,174,45,3*71
1776370060.272,$GBGSV,2,2,07,13,47,206,44,14,60,306,50,16,41,013,34,3*42
1776370060.272,$GBGSV,3,1,10,01,37,105,,02,66,235,,03,70,144,,04,21,101,,0*71
1776370060.273,$GBGSV,3,2,10,04,21,101,,05,41,259,,11,02,199,,12,20,154,,0*7C
1776370060.273,$GBGSV,3,3,10,12,20,154,,21,33,157,,0*77
1776370060.274,$GNGLL,1339.09495,N,10029.58242,E,200740.00,A,D*79
1776370061.234,$GNRMC,200741.00,A,1339.09553,N,10029.58243,E,2.020,0.32,160426,0.53,W,D,V*46
1776370061.236,$GNVTG,0.32,T,0.85,M,2.020,N,3.741,K,D*35
1776370061.240,$GNGGA,200741.00,1339.09553,N,10029.58243,E,2,12,0.58,-1.5,M,-27.8,M,,0499*42
1776370061.242,$GNGSA,A,3,16,26,27,04,40,31,03,08,,,,,1.43,0.58,1.30,1*07
1776370061.244,$GNGSA,A,3,70,73,80,79,69,68,,,,,,,1.43,0.58,1.30,2*0F
1776370061.245,$GNGSA,A,3,08,02,03,05,30,,,,,,,,1.43,0.58,1.30,3*05
1776370061.248,$GNGSA,A,3,24,08,09,06,10,14,16,13,,,,,1.43,0.58,1.30,4*0D
1776370061.252,$GPGSV,3,1,09,03,42,262,46,04,31,332,46,08,32,185,40,16,64,355,46,1*6D
1776370061.255,$GPGSV,3,2,09,27,52,147,49,28,16,067,08,40,36,259,43,41,64,233,47,1*6B
1776370061.255,$GPGSV,3,3,09,42,70,217,48,1*54
1776370061.257,$GPGSV,2,1,08,03,42,262,38,04,31,332,43,08,32,185,41,26,35,025,21,6*65
1776370061.259,$GPGSV,2,2,08,27,52,147,45,28,16,067,11,31,30,043,20,32,17,133,17,6*62
1776370061.260,$GPGSV,1,1,04,01,02,222,,02,05,195,,09,02,323,,50,56,115,,0*60
1776370061.262,$GLGSV,2,1,07,68,25,153,27,69,77,142,50,70,46,336,51,73,26,268,46,1*73
1776370061.264,$GLGSV,2,2,07,79,12,026,24,80,41,335,47,,,,34,1*7C
1776370061.265,$GLGSV,2,1,06,68,25,153,32,69,77,142,47,70,46,336,48,73,26,268,48,3*74
1776370061.267,$GLGSV,2,2,06,79,12,026,20,80,41,335,46,3*7D
1776370061.268,$GLGSV,1,1,03,81,02,075,,82,08,118,,83,03,165,,0*43
1776370061.269,$GAGSV,2,1,07,02,76,327,50,03,65,053,52,05,28,119,22,08,34,336,44,2*7C
1776370061.269,$GAGSV,2,2,07,25,29,031,18,30,36,232,47,32,55,355,47,2*41
1776370061.270,$GAGSV,2,1,06,02,76,327,47,03,65,053,45,05,28,119,24,08,34,336,46,7*7C
1776370061.271,$GAGSV,2,2,06,30,36,232,44,32,55,355,45,7*73
1776370061.271,$GAGSV,1,1,02,15,05,226,,34,07,178,,0*7F
1776370061.272,$GBGSV,2,1,08,06,31,181,43,08,39,191,39,09,43,341,43,10,48,174,42,1*71
1776370061.273,$GBGSV,2,2,08,13,47,206,46,14,60,306,45,16,41,013,33,24,47,327,49,1*70
1776370061.273,$GBGSV,2,1,07,07,54,160,47,08,39,191,43,09,43,341,44,10,48,174,46,3*7B
1776370061.274,$GBGSV,2,2,07,13,47,206,44,14,60,306,51,16,41,013,36,3*41
1776370061.275,$GBGSV,3,1,10,01,37,105,,02,66,235,,03,70,144,,04,21,101,,0*71
1776370061.275,$GBGSV,3,2,10,04,21,101,,05,41,259,,11,02,199,,12,20,154,,0*7C
1776370061.275,$GBGSV,3,3,10,12,20,154,,21,33,157,,0*77
1776370061.276,$GNGLL,1339.09553,N,10029.58243,E,200741.00,A,D*72
1776370062.233,$GNRMC,200742.00,A,1339.09608,N,10029.58236,E,1.940,354.48,160426,0.53,W,D,V*49
1776370062.236,$GNVTG,354.48,T,355.01,M,1.940,N,3.593,K,D*34
1776370062.238,$GNGGA,200742.00,1339.09608,N,10029.58236,E,2,12,0.61,-1.5,M,-27.8,M,,0499*44
1776370062.240,$GNGSA,A,3,16,26,27,04,40,03,08,,,,,,1.48,0.61,1.35,1*01
1776370062.241,$GNGSA,A,3,70,73,80,79,69,68,,,,,,,1.48,0.61,1.35,2*0B
1776370062.242,$GNGSA,A,3,08,02,03,05,30,,,,,,,,1.48,0.61,1.35,3*01
1776370062.244,$GNGSA,A,3,24,08,09,06,10,14,16,13,,,,,1.48,0.61,1.35,4*09
1776370062.246,$GPGSV,3,1,10,03,42,262,47,04,31,332,39,08,32,185,42,16,64,355,46,1*6E
1776370062.248,$GPGSV,3,2,10,26,35,025,23,27,52,147,45,28,16,067,08,40,36,259,42,1*6C
1776370062.251,$GPGSV,3,3,10,41,64,233,48,42,70,217,46,1*6B
1776370062.253,$GPGSV,2,1,08,03,42,262,47,04,31,332,40,08,32,185,40,26,35,025,21,6*6F
1776370062.255,$GPGSV,2,2,08,27,52,147,46,28,16,067,13,31,30,043,18,32,17,133,17,6*68
1776370062.256,$GPGSV,1,1,04,01,02,222,,02,05,195,,09,02,323,,50,56,115,,0*60
1776370062.259,$GLGSV,2,1,07,68,25,153,28,69,77,142,50,70,46,336,52,73,26,268,44,1*7D
1776370062.260,$GLGSV,2,2,07,79,12,026,24,80,41,335,51,,,,41,1*79
1776370062.261,$GLGSV,2,1,06,68,25,153,30,69,77,142,47,70,46,336,49,73,26,268,42,3*7D
1776370062.262,$GLGSV,2,2,06,79,12,026,21,80,41,335,45,3*7F
1776370062.263,$GLGSV,1,1,03,81,02,075,,82,08,118,,83,03,165,,0*43
1776370062.264,$GAGSV,2,1,07,02,76,327,51,03,65,053,51,05,28,119,22,08,34,336,43,2*79
1776370062.265,$GAGSV,2,2,07,25,29,031,17,30,36,232,45,32,55,355,49,2*42
1776370062.266,$GAGSV,2,1,06,02,76,327,48,03,65,053,45,05,28,119,26,08,34,336,41,7*76
1776370062.266,$GAGSV,2,2,06,30,36,232,40,32,55,355,45,7*77
1776370062.268,$GAGSV,1,1,02,15,05,226,,34,07,178,,0*7F
1776370062.269,$GBGSV,2,1,08,06,31,181,41,08,39,191,41,09,43,341,44,10,48,174,41,1*78
1776370062.270,$GBGSV,2,2,08,13,47,206,43,14,60,306,46,16,41,013,39,24,47,327,47,1*72
1776370062.271,$GBGSV,2,1,07,07,54,160,47,08,39,191,41,09,43,341,48,10,48,174,45,3*76
1776370062.272,$GBGSV,2,2,07,13,47,206,42,14,60,306,50,16,41,013,36,3*46
1776370062.272,$GBGSV,3,1,10,01,37,105,,02,66,235,,03,70,144,,04,21,101,,0*71
1776370062.273,$GBGSV,3,2,10,04,21,101,,05,41,259,,11,02,199,,12,20,154,,0*7C
1776370062.273,$GBGSV,3,3,10,12,20,154,,21,33,157,,0*77
1776370062.274,$GNGLL,1339.09608,N,10029.58236,E,200742.00,A,D*7E
1776370063.237,$GNRMC,200743.00,A,1339.09661,N,10029.58221,E,2.066,342.37,160426,0.53,W,D,V*40
1776370063.241,$GNVTG,342.37,T,342.90,M,2.066,N,3.827,K,D*39
1776370063.244,$GNGGA,200743.00,1339.09661,N,10029.58221,E,2,12,0.56,-1.4,M,-27.8,M,,0499*49
1776370063.246,$GNGSA,A,3,16,26,27,04,40,03,08,,,,,,1.23,0.56,1.09,1*07
1776370063.247,$GNGSA,A,3,70,73,80,79,69,68,,,,,,,1.23,0.56,1.09,2*0D
1776370063.249,$GNGSA,A,3,08,02,03,05,30,,,,,,,,1.23,0.56,1.09,3*07
1776370063.251,$GNGSA,A,3,24,08,09,06,10,14,16,13,,,,,1.23,0.56,1.09,4*0F
1776370063.254,$GPGSV,3,1,10,03,42,262,44,04,31,332,40,08,32,185,43,16,64,355,46,1*62
1776370063.257,$GPGSV,3,2,10,26,35,025,21,27,52,147,47,28,16,067,10,40,36,259,46,1*61
1776370063.259,$GPGSV,3,3,10,41,64,233,49,42,70,217,48,1*64
1776370063.261,$GPGSV,2,1,08,03,42,262,45,04,31,332,36,08,32,185,39,26,35,025,23,6*60
1776370063.262,$GPGSV,2,2,08,27,52,147,47,28,16,067,15,31,30,043,18,32,17,133,18,6*60
1776370063.264,$GPGSV,1,1,04,01,02,222,,02,05,195,,09,02,323,,50,56,115,,0*60
1776370063.265,$GLGSV,2,1,07,68,25,153,36,69,77,142,50,70,46,336,48,73,26,268,44,1*79
1776370063.266,$GLGSV,2,2,07,79,12,026,30,80,41,335,51,,,,38,1*72
1776370063.268,$GLGSV,2,1,06,68,25,153,29,69,77,142,46,70,46,336,47,73,26,268,44,3*7C
1776370063.270,$GLGSV,2,2,06,79,12,026,21,80,41,335,47,3*7D
1776370063.271,$GLGSV,1,1,03,81,02,075,,82,08,118,,83,03,165,,0*43
1776370063.273,$GAGSV,2,1,07,02,76,327,50,03,65,053,50,05,28,119,25,08,34,336,47,2*7A
1776370063.274,$GAGSV,2,2,07,25,29,031,17,30,36,232,49,32,55,355,49,2*4E
1776370063.275,$GAGSV,2,1,06,02,76,327,47,03,65,053,46,05,28,119,27,08,34,336,40,7*7A
1776370063.275,$GAGSV,2,2,06,30,36,232,34,32,55,355,46,7*77
1776370063.276,$GAGSV,1,1,02,15,05,226,,34,07,178,,0*7F
1776370063.276,$GBGSV,2,1,08,06,31,181,43,08,39,191,41,09,43,341,39,10,48,174,44,1*75
1776370063.277,$GBGSV,2,2,08,13,47,206,43,14,60,306,47,16,41,013,36,24,47,327,49,1*72
1776370063.278,$GBGSV,2,1,07,07,54,160,45,08,39,191,44,09,43,341,45,10,48,174,45,3*7C
1776370063.278,$GBGSV,2,2,07,13,47,206,47,14,60,306,52,16,41,013,37,3*40
1776370063.279,$GBGSV,3,1,10,01,37,105,,02,66,235,,03,70,144,,04,21,101,,0*71
1776370063.280,$GBGSV,3,2,10,04,21,101,,05,41,259,,11,02,199,,12,20,154,,0*7C
1776370063.280,$GBGSV,3,3,10,12,20,154,,21,33,157,,0*77
1776370063.281,$GNGLL,1339.09661,N,10029.58221,E,200743.00,A,D*76
1776370064.234,$GNRMC,200744.00,A,1339.09714,N,10029.58199,E,2.087,336.30,160426,0.53,W,D,V*4F
1776370064.237,$GNVTG,336.30,T,336.83,M,2.087,N,3.866,K,D*36
1776370064.239,$GNGGA,200744.00,1339.09714,N,10029.58199,E,2,12,0.57,-1.3,M,-27.8,M,,0499*4B
1776370064.241,$GNGSA,A,3,16,26,27,04,40,03,08,,,,,,1.23,0.57,1.09,1*06
1776370064.242,$GNGSA,A,3,70,73,80,79,69,68,,,,,,,1.23,0.57,1.09,2*0C
1776370064.244,$GNGSA,A,3,08,02,03,05,30,,,,,,,,1.23,0.57,1.09,3*06
1776370064.245,$GNGSA,A,3,24,08,09,06,10,14,16,13,,,,,1.23,0.57,1.09,4*0E
1776370064.248,$GPGSV,3,1,10,03,42,262,47,04,31,332,41,08,32,185,44,16,64,355,47,1*66
1776370064.253,$GPGSV,3,2,10,26,35,025,29,27,52,147,46,28,16,067,08,40,36,259,48,1*6F
1776370064.255,$GPGSV,3,3,10,41,64,233,47,42,70,217,45,1*67
1776370064.257,$GPGSV,2,1,08,03,42,262,45,04,31,332,41,08,32,185,41,26,35,025,25,6*69
1776370064.258,$GPGSV,2,2,08,27,52,147,42,28,16,067,18,31,30,043,18,32,17,133,18,6*68
1776370064.260,$GPGSV,1,1,04,01,02,222,,02,05,195,,09,02,323,,50,56,115,,0*60
1776370064.261,$GLGSV,2,1,07,68,25,153,27,69,77,142,50,70,46,336,46,73,26,268,43,1*70
1776370064.263,$GLGSV,2,2,07,79,12,026,23,80,41,335,51,,,,38,1*70
1776370064.265,$GLGSV,2,1,06,68,25,153,22,69,77,142,47,70,46,336,46,73,26,268,43,3*70
1776370064.266,$GLGSV,2,2,06,79,12,026,20,80,41,335,45,3*7E
1776370064.267,$GLGSV,1,1,03,81,02,075,,82,08,118,,83,03,165,,0*43
1776370064.269,$GAGSV,2,1,07,02,76,327,51,03,65,053,51,05,28,119,25,08,34,336,41,2*7C
1776370064.270,$GAGSV,2,2,07,25,29,031,17,30,36,232,47,32,55,355,50,2*48
1776370064.271,$GAGSV,2,1,06,02,76,327,47,03,65,053,47,05,28,119,25,08,34,336,38,7*76
1776370064.271,$GAGSV,2,2,06,30,36,232,41,32,55,355,47,7*74
1776370064.272,$GAGSV,1,1,02,15,05,226,,34,07,178,,0*7F
1776370064.272,$GBGSV,2,1,08,06,31,181,41,08,39,191,39,09,43,341,40,10,48,174,42,1*70
1776370064.273,$GBGSV,2,2,08,13,47,206,45,14,60,306,47,16,41,013,38,24,47,327,49,1*7A
1776370064.274,$GBGSV,2,1,07,07,54,160,48,08,39,191,43,09,43,341,47,10,48,174,44,3*75
1776370064.274,$GBGSV,2,2,07,13,47,206,45,14,60,306,51,16,41,013,39,3*4F
1776370064.275,$GBGSV,3,1,10,01,37,105,,02,66,235,,03,70,144,,04,21,101,,0*71
1776370064.276,$GBGSV,3,2,10,04,21,101,,05,41,259,,11,02,199,,12,20,154,,0*7C
1776370064.276,$GBGSV,3,3,10,12,20,154,,21,33,157,,0*77
1776370064.276,$GNGLL,1339.09714,N,10029.58199,E,200744.00,A,D*72
1776370065.228,$GNRMC,200745.00,A,1339.09765,N,10029.58172,E,1.991,327.86,160426,0.53,W,D,V*4D
1776370065.229,$GNVTG,327.86,T,328.39,M,1.991,N,3.688,K,D*36
1776370065.231,$GNGGA,200745.00,1339.09765,N,10029.58172,E,2,12,0.59,-1.4,M,-27.8,M,,0499*40
1776370065.232,$GNGSA,A,3,16,26,27,04,40,03,28,08,,,,,1.28,0.59,1.14,1*05
1776370065.233,$GNGSA,A,3,70,73,80,79,69,68,,,,,,,1.28,0.59,1.14,2*05
1776370065.234,$GNGSA,A,3,08,02,03,05,30,,,,,,,,1.28,0.59,1.14,3*0F
1776370065.235,$GNGSA,A,3,24,08,09,06,10,14,16,13,,,,,1.28,0.59,1.14,4*07
1776370065.237,$GPGSV,3,1,10,03,42,262,44,04,31,332,39,08,32,185,43,16,64,355,44,1*6E
1776370065.239,$GPGSV,3,2,10,27,52,147,47,28,16,067,10,32,17,133,24,40,36,259,45,1*64
1776370065.241,$GPGSV,3,3,10,41,64,233,48,42,70,217,47,1*6A
1776370065.244,$GPGSV,2,1,08,03,42,262,45,04,31,332,40,08,32,185,42,26,35,025,26,6*68
1776370065.245,$GPGSV,2,2,08,27,52,147,45,28,16,067,20,31,30,043,18,32,17,133,18,6*64
1776370065.246,$GPGSV,1,1,04,01,02,222,,02,05,195,,09,02,323,,50,56,115,,0*60
1776370065.248,$GLGSV,2,1,07,68,25,153,36,69,77,142,49,70,46,336,52,73,26,268,48,1*76
1776370065.249,$GLGSV,2,2,07,79,12,026,24,80,41,335,44,,,,34,1*7F
1776370065.250,$GLGSV,2,1,06,68,25,153,28,69,77,142,46,70,46,336,49,73,26,268,49,3*7E
1776370065.251,$GLGSV,2,2,06,79,12,026,20,80,41,335,45,3*7E
1776370065.252,$GLGSV,1,1,03,81,02,075,,82,08,118,,83,03,165,,0*43
1776370065.253,$GAGSV,2,1,06,02,76,327,50,03,65,053,50,05,28,119,35,08,34,336,42,2*7F
1776370065.254,$GAGSV,2,2,06,30,36,232,48,32,55,355,49,2*76
1776370065.255,$GAGSV,2,1,06,02,76,327,47,03,65,053,46,05,28,119,24,08,34,336,41,7*78
1776370065.256,$GAGSV,2,2,06,30,36,232,43,32,55,355,46,7*77
1776370065.257,$GAGSV,1,1,03,15,05,226,,25,29,031,,34,07,178,,0*40
1776370065.258,$GBGSV,2,1,08,06,31,181,41,08,39,191,39,09,43,341,45,10,48,174,44,1*73
1776370065.259,$GBGSV,2,2,08,13,47,206,42,14,60,306,46,16,41,013,43,24,47,327,50,1*78
1776370065.259,$GBGSV,2,1,07,07,54,160,47,08,39,191,45,09,43,341,45,10,48,174,45,3*7F
1776370065.260,$GBGSV,2,2,07,13,47,206,45,14,60,306,50,16,41,013,43,3*43
1776370065.261,$GBGSV,3,1,10,01,37,105,,02,66,235,,03,70,144,,04,21,101,,0*71
1776370065.261,$GBGSV,3,2,10,04,21,101,,05,41,259,,11,02,199,,12,20,154,,0*7C
1776370065.262,$GBGSV,3,3,10,12,20,154,,21,33,157,,0*77
1776370065.262,$GNGLL,1339.09765,N,10029.58172,E,200745.00,A,D*70
1776370066.229,$GNRMC,200746.00,A,1339.09808,N,10029.58138,E,1.937,319.68,160426,0.53,W,D,V*45
1776370066.231,$GNVTG,319.68,T,320.21,M,1.937,N,3.588,K,D*35
1776370066.233,$GNGGA,200746.00,1339.09808,N,10029.58138,E,2,12,0.58,-1.4,M,-27.8,M,,0499*48
1776370066.235,$GNGSA,A,3,32,16,26,27,04,40,03,08,,,,,1.43,0.58,1.30,1*04
1776370066.237,$GNGSA,A,3,70,73,80,79,69,68,,,,,,,1.43,0.58,1.30,2*0F
1776370066.240,$GNGSA,A,3,08,02,03,05,30,,,,,,,,1.43,0.58,1.30,3*05
1776370066.243,$GNGSA,A,3,24,08,09,06,10,14,16,13,,,,,1.43,0.58,1.30,4*0D
1776370066.246,$GPGSV,3,1,10,03,42,262,45,04,31,332,45,08,32,185,41,16,64,355,46,1*64
1776370066.248,$GPGSV,3,2,10,26,35,025,27,27,52,147,48,28,16,067,09,40,36,259,43,1*65
1776370066.249,$GPGSV,3,3,10,41,64,233,47,42,70,217,47,1*65
1776370066.251,$GPGSV,2,1,08,03,42,262,41,04,31,332,43,08,32,185,42,26,35,025,24,6*6D
1776370066.253,$GPGSV,2,2,08,27,52,147,45,28,16,067,19,31,30,043,18,32,17,133,22,6*67
1776370066.254,$GPGSV,1,1,04,01,02,222,,02,05,195,,09,02,323,,50,56,115,,0*60
1776370066.255,$GLGSV,2,1,07,68,25,153,33,69,77,142,51,70,46,336,51,73,26,268,41,1*70
1776370066.256,$GLGSV,2,2,07,79,12,026,34,80,41,335,43,,,,40,1*7A
1776370066.257,$GLGSV,2,1,06,68,25,153,27,69,77,142,47,70,46,336,50,73,26,268,46,3*77
1776370066.258,$GLGSV,2,2,06,79,12,026,19,80,41,335,46,3*77
1776370066.258,$GLGSV,1,1,03,81,02,075,,82,08,118,,83,03,165,,0*43
1776370066.259,$GAGSV,2,1,06,02,76,327,50,03,65,053,51,05,28,119,32,08,34,336,44,2*7F
1776370066.260,$GAGSV,2,2,06,30,36,232,48,32,55,355,49,2*76
1776370066.261,$GAGSV,2,1,06,02,76,327,47,03,65,053,45,05,28,119,37,08,34,336,41,7*79
1776370066.261,$GAGSV,2,2,06,30,36,232,45,32,55,355,45,7*72
1776370066.262,$GAGSV,1,1,03,15,05,226,,25,29,031,,34,07,178,,0*40
1776370066.263,$GBGSV,2,1,08,06,31,181,43,08,39,191,39,09,43,341,41,10,48,174,42,1*73
1776370066.263,$GBGSV,2,2,08,13,47,206,43,14,60,306,47,16,41,013,45,24,47,327,47,1*78
1776370066.264,$GBGSV,2,1,07,07,54,160,48,08,39,191,44,09,43,341,43,10,48,174,45,3*77
1776370066.265,$GBGSV,2,2,07,13,47,206,44,14,60,306,50,16,41,013,43,3*42
1776370066.265,$GBGSV,3,1,10,01,37,105,,02,66,235,,03,70,144,,04,21,101,,0*71
1776370066.266,$GBGSV,3,2,10,04,21,101,,05,41,259,,11,02,199,,12,20,154,,0*7C
1776370066.266,$GBGSV,3,3,10,12,20,154,,21,33,157,,0*77
1776370066.267,$GNGLL,1339.09808,N,10029.58138,E,200746.00,A,D*79
1776370067.244,$GNRMC,200747.00,A,1339.09848,N,10029.58099,E,1.859,314.36,160426,0.53,W,D,V*45
1776370067.246,$GNVTG,314.36,T,314.89,M,1.859,N,3.442,K,D*38
1776370067.248,$GNGGA,200747.00,1339.09848,N,10029.58099,E,2,12,0.55,-1.4,M,-27.8,M,,0499*4A
1776370067.250,$GNGSA,A,3,32,16,26,27,04,40,03,28,08,,,,1.21,0.55,1.08,1*0C
1776370067.252,$GNGSA,A,3,70,73,80,79,69,68,,,,,,,1.21,0.55,1.08,2*0D
1776370067.254,$GNGSA,A,3,08,02,03,05,30,,,,,,,,1.21,0.55,1.08,3*07
1776370067.257,$GNGSA,A,3,24,08,09,06,10,14,16,13,,,,,1.21,0.55,1.08,4*0F
1776370067.259,$GPGSV,3,1,10,03,42,262,43,04,31,332,39,08,32,185,43,16,64,355,47,1*6A
1776370067.261,$GPGSV,3,2,10,26,35,025,32,27,52,147,46,28,16,067,08,40,36,259,42,1*6F
1776370067.263,$GPGSV,3,3,10,41,64,233,47,42,70,217,47,1*65
1776370067.264,$GPGSV,2,1,08,03,42,262,40,04,31,332,43,08,32,185,42,26,35,025,24,6*6C
1776370067.265,$GPGSV,2,2,08,27,52,147,45,28,16,067,20,31,30,043,16,32,17,133,22,6*63
1776370067.267,$GPGSV,1,1,04,01,02,222,,02,05,195,,09,02,323,,50,56,115,,0*60
1776370067.268,$GLGSV,2,1,07,68,25,153,37,69,77,142,49,70,46,336,47,73,26,268,50,1*7A
1776370067.269,$GLGSV,2,2,07,79,12,026,23,80,41,335,42,,,,37,1*7D
1776370067.270,$GLGSV,2,1,06,68,25,153,31,69,77,142,47,70,46,336,45,73,26,268,46,3*74
1776370067.271,$GLGSV,2,2,06,79,12,026,21,80,41,335,44,3*7E
1776370067.272,$GLGSV,1,1,03,81,02,075,,82,08,118,,83,03,165,,0*43
1776370067.273,$GAGSV,2,1,06,02,76,327,50,03,65,053,48,05,28,119,40,08,34,336,38,2*79
1776370067.274,$GAGSV,2,2,06,30,36,232,43,32,55,355,50,2*75
1776370067.275,$GAGSV,2,1,06,02,76,327,46,03,65,053,46,05,28,119,40,08,34,336,42,7*78
1776370067.275,$GAGSV,2,2,06,30,36,232,35,32,55,355,47,7*77
1776370067.276,$GAGSV,1,1,03,15,05,226,,25,29,031,,34,07,178,,0*40
1776370067.277,$GBGSV,2,1,08,06,31,181,41,08,39,191,42,09,43,341,37,10,48,174,42,1*7C
1776370067.277,$GBGSV,2,2,08,13,47,206,43,14,60,306,47,16,41,013,45,24,47,327,45,1*7A
1776370067.278,$GBGSV,2,1,07,07,54,160,45,08,39,191,44,09,43,341,42,10,48,174,45,3*7B
1776370067.279,$GBGSV,2,2,07,13,47,206,46,14,60,306,50,16,41,013,45,3*46
1776370067.279,$GBGSV,3,1,10,01,37,105,,02,66,235,,03,70,144,,04,21,101,,0*71
1776370067.280,$GBGSV,3,2,10,04,21,101,,05,41,259,,11,02,199,,12,20,154,,0*7C
1776370067.280,$GBGSV,3,3,10,12,20,154,,21,33,157,,0*77
1776370067.281,$GNGLL,1339.09848,N,10029.58099,E,200747.00,A,D*76
1776370068.243,$GNRMC,200748.00,A,1339.09882,N,10029.58060,E,1.865,309.16,160426,0.53,W,D,V*4B
1776370068.245,$GNVTG,309.16,T,309.69,M,1.865,N,3.455,K,D*3D
1776370068.247,$GNGGA,200748.00,1339.09882,N,10029.58060,E,2,12,0.55,-1.4,M,-27.8,M,,0499*45
1776370068.249,$GNGSA,A,3,32,16,26,27,04,40,03,28,08,,,,1.21,0.55,1.08,1*0C
1776370068.251,$GNGSA,A,3,70,73,80,79,69,68,,,,,,,1.21,0.55,1.08,2*0D
1776370068.252,$GNGSA,A,3,08,02,03,05,30,,,,,,,,1.21,0.55,1.08,3*07
1776370068.254,$GNGSA,A,3,24,08,09,06,10,14,16,13,,,,,1.21,0.55,1.08,4*0F
1776370068.257,$GPGSV,3,1,10,03,42,262,43,04,31,332,41,08,32,185,43,16,64,355,46,1*64
1776370068.262,$GPGSV,3,2,10,26,35,025,28,27,52,147,45,28,16,067,07,40,36,259,45,1*6F
1776370068.263,$GPGSV,3,3,10,41,64,233,47,42,70,217,46,1*64
1776370068.265,$GPGSV,2,1,08,03,42,262,42,04,31,332,44,08,32,185,40,26,35,025,30,6*6E
1776370068.267,$GPGSV,2,2,08,27,52,147,45,28,16,067,21,31,30,043,17,32,17,133,21,6*60
1776370068.268,$GPGSV,1,1,04,01,02,222,,02,05,195,,09,02,323,,50,56,115,,0*60
1776370068.270,$GLGSV,2,1,07,68,25,153,38,69,77,142,50,70,46,336,47,73,26,268,48,1*74
1776370068.271,$GLGSV,2,2,07,79,12,026,31,80,41,335,46,,,,39,1*74
1776370068.272,$GLGSV,2,1,06,68,25,153,31,69,77,142,46,70,46,336,47,73,26,268,43,3*72
1776370068.273,$GLGSV,2,2,06,79,12,026,23,80,41,335,42,3*7A
1776370068.274,$GLGSV,1,1,03,81,02,075,,82,08,118,,83,03,165,,0*43
1776370068.275,$GAGSV,2,1,06,02,76,327,50,03,65,053,48,05,28,119,40,08,34,336,44,2*72
1776370068.276,$GAGSV,2,2,06,30,36,232,45,32,55,355,50,2*73
1776370068.277,$GAGSV,2,1,06,02,76,327,47,03,65,053,44,05,28,119,33,08,34,336,36,7*7C
1776370068.277,$GAGSV,2,2,06,30,36,232,39,32,55,355,45,7*79
1776370068.278,$GAGSV,1,1,03,15,05,226,,25,29,031,,34,07,178,,0*40
1776370068.279,$GBGSV,2,1,08,06,31,181,42,08,39,191,40,09,43,341,34,10,48,174,42,1*7E
1776370068.280,$GBGSV,2,2,08,13,47,206,44,14,60,306,48,16,41,013,42,24,47,327,43,1*73
1776370068.281,$GBGSV,2,1,07,07,54,160,47,08,39,191,45,09,43,341,38,10,48,174,44,3*74
1776370068.281,$GBGSV,2,2,07,13,47,206,46,14,60,306,50,16,41,013,43,3*40
1776370068.282,$GBGSV,3,1,10,01,37,105,,02,66,235,,03,70,144,,04,21,101,,0*71
1776370068.283,$GBGSV,3,2,10,04,21,101,,05,41,259,,11,02,199,,12,20,154,,0*7C
1776370068.283,$GBGSV,3,3,10,12,20,154,,21,33,157,,0*77
1776370068.284,$GNGLL,1339.09882,N,10029.58060,E,200748.00,A,D*79
1776370069.237,$GNRMC,200749.00,A,1339.09911,N,10029.58012,E,1.985,298.39,160426,0.53,W,D,V*4F
1776370069.240,$GNVTG,298.39,T,298.92,M,1.985,N,3.676,K,D*38
1776370069.244,$GNGGA,200749.00,1339.09911,N,10029.58012,E,2,12,0.55,-1.3,M,-27.8,M,,0499*4D
1776370069.247,$GNGSA,A,3,32,16,26,27,04,40,03,28,08,,,,1.21,0.55,1.08,1*0C
1776370069.249,$GNGSA,A,3,70,73,80,79,69,68,,,,,,,1.21,0.55,1.08,2*0D
1776370069.252,$GNGSA,A,3,08,02,03,05,30,,,,,,,,1.21,0.55,1.08,3*07
1776370069.254,$GNGSA,A,3,24,08,09,06,10,14,16,13,,,,,1.21,0.55,1.08,4*0F
1776370069.256,$GPGSV,3,1,10,03,42,262,44,04,31,332,44,08,32,185,43,16,64,355,45,1*65
1776370069.258,$GPGSV,3,2,10,26,35,025,28,27,52,147,46,28,16,067,09,40,36,259,45,1*62
1776370069.259,$GPGSV,3,3,10,41,64,233,45,42,70,217,47,1*67
1776370069.261,$GPGSV,2,1,08,03,42,262,43,04,31,332,42,08,32,185,42,26,35,025,30,6*6B
1776370069.263,$GPGSV,2,2,08,27,52,147,46,28,16,067,23,31,30,043,17,32,17,133,21,6*61
1776370069.264,$GPGSV,1,1,04,01,02,222,,02,05,195,,09,02,323,,50,56,115,,0*60
1776370069.265,$GLGSV,2,1,07,68,25,153,38,69,77,142,51,70,46,336,51,73,26,268,45,1*7F
1776370069.266,$GLGSV,2,2,07,79,12,026,32,80,41,335,47,,,,39,1*76
1776370069.267,$GLGSV,2,1,06,68,25,153,31,69,77,142,47,70,46,336,48,73,26,268,46,3*79
1776370069.267,$GLGSV,2,2,06,79,12,026,24,80,41,335,49,3*76
1776370069.268,$GLGSV,1,1,03,81,02,075,,82,08,118,,83,03,165,,0*43
1776370069.269,$GAGSV,2,1,06,02,76,327,51,03,65,053,50,05,28,119,34,08,34,336,47,2*7A
1776370069.269,$GAGSV,2,2,06,30,36,232,46,32,55,355,49,2*78
1776370069.270,$GAGSV,2,1,06,02,76,327,48,03,65,053,46,05,28,119,28,08,34,336,43,7*79
1776370069.271,$GAGSV,2,2,06,30,36,232,40,32,55,355,42,7*70
1776370069.272,$GAGSV,1,1,03,15,05,226,,25,29,031,,34,07,178,,0*40
1776370069.273,$GBGSV,2,1,08,06,31,181,44,08,39,191,39,09,43,341,39,10,48,174,42,1*7B
1776370069.274,$GBGSV,2,2,08,13,47,206,42,14,60,306,45,16,41,013,42,24,47,327,47,1*7C
1776370069.275,$GBGSV,2,1,07,07,54,160,46,08,39,191,44,09,43,341,41,10,48,174,45,3*7B
1776370069.276,$GBGSV,2,2,07,13,47,206,46,14,60,306,49,16,41,013,46,3*4D
1776370069.276,$GBGSV,3,1,10,01,37,105,,02,66,235,,03,70,144,,04,21,101,,0*71
1776370069.277,$GBGSV,3,2,10,04,21,101,,05,41,259,,11,02,199,,12,20,154,,0*7C
1776370069.277,$GBGSV,3,3,10,12,20,154,,21,33,157,,0*77
1776370069.278,$GNGLL,1339.09911,N,10029.58012,E,200749.00,A,D*76
1776370070.245,$GNRMC,200750.00,A,1339.09935,N,10029.57959,E,2.006,292.24,160426,0.53,W,D,V*4F
1776370070.246,$GNVTG,292.24,T,292.77,M,2.006,N,3.715,K,D*3A
1776370070.247,$GNGGA,200750.00,1339.09935,N,10029.57959,E,2,12,0.55,-1.3,M,-27.8,M,,0499*4A
1776370070.248,$GNGSA,A,3,32,16,26,27,04,40,03,28,08,,,,1.21,0.55,1.08,1*0C
1776370070.249,$GNGSA,A,3,70,73,80,79,69,68,,,,,,,1.21,0.55,1.08,2*0D
1776370070.250,$GNGSA,A,3,08,02,03,05,30,,,,,,,,1.21,0.55,1.08,3*07
1776370070.251,$GNGSA,A,3,24,08,09,06,10,14,16,13,,,,,1.21,0.55,1.08,4*0F
1776370070.252,$GPGSV,3,1,09,03,42,262,45,04,31,332,43,08,32,185,40,16,64,355,45,1*68
1776370070.254,$GPGSV,3,2,09,26,35,025,40,27,52,147,46,40,36,259,45,41,64,233,48,1*68
1776370070.255,$GPGSV,3,3,09,42,70,217,44,1*58
1776370070.257,$GPGSV,2,1,08,03,42,262,45,04,31,332,44,08,32,185,40,26,35,025,35,6*6C
1776370070.259,$GPGSV,2,2,08,27,52,147,46,28,16,067,30,31,30,043,17,32,17,133,20,6*62
1776370070.260,$GPGSV,1,1,04,01,02,222,,02,05,195,,09,02,323,,50,56,115,,0*60
1776370070.262,$GLGSV,2,1,07,68,25,153,39,69,77,142,50,70,46,336,51,73,26,268,47,1*7D
1776370070.263,$GLGSV,2,2,07,79,12,026,32,80,41,335,49,,,,40,1*76
1776370070.264,$GLGSV,2,1,06,68,25,153,37,69,77,142,48,70,46,336,48,73,26,268,42,3*74
1776370070.265,$GLGSV,2,2,06,79,12,026,24,80,41,335,47,3*78
1776370070.267,$GLGSV,1,1,03,81,02,075,,82,08,118,,83,03,165,,0*43
1776370070.268,$GAGSV,2,1,06,02,75,329,49,03,65,053,49,05,28,119,23,08,34,336,47,2*70
1776370070.269,$GAGSV,2,2,06,30,36,232,47,32,55,355,48,2*78
1776370070.271,$GAGSV,2,1,06,02,75,329,45,03,65,053,45,05,28,119,30,08,34,336,46,7*76
1776370070.272,$GAGSV,2,2,06,30,36,232,40,32,55,355,43,7*71
1776370070.274,$GAGSV,1,1,03,15,05,226,,25,29,031,,34,07,178,,0*40
1776370070.275,$GBGSV,2,1,08,06,31,181,42,08,39,191,39,09,43,341,43,10,48,174,41,1*73
1776370070.276,$GBGSV,2,2,08,13,47,206,42,14,60,306,45,16,41,013,44,24,47,327,50,1*7C
1776370070.277,$GBGSV,2,1,07,07,54,160,48,08,39,191,44,09,43,341,46,10,48,174,44,3*73
1776370070.278,$GBGSV,2,2,07,13,47,206,47,14,60,306,51,16,41,013,43,3*40
1776370070.279,$GBGSV,3,1,10,01,37,105,,02,66,235,,03,70,144,,04,21,101,,0*71
1776370070.280,$GBGSV,3,2,10,04,21,101,,05,41,259,,11,02,199,,12,20,154,,0*7C
1776370070.280,$GBGSV,3,3,10,12,20,154,,21,33,157,,0*77
1776370070.281,$GNGLL,1339.09935,N,10029.57959,E,200750.00,A,D*71
1776370071.233,$GNRMC,200751.00,A,1339.09953,N,10029.57906,E,1.977,284.47,160426,0.53,W,D,V*4A
1776370071.235,$GNVTG,284.47,T,285.00,M,1.977,N,3.661,K,D*30
1776370071.237,$GNGGA,200751.00,1339.09953,N,10029.57906,E,2,12,0.57,-1.4,M,-27.8,M,,0499*44
1776370071.239,$GNGSA,A,3,32,16,26,27,04,40,03,28,08,,,,1.23,0.57,1.09,1*0D
1776370071.242,$GNGSA,A,3,70,73,80,79,69,68,,,,,,,1.23,0.57,1.09,2*0C
1776370071.244,$GNGSA,A,3,08,02,03,05,30,,,,,,,,1.23,0.57,1.09,3*06
1776370071.245,$GNGSA,A,3,24,08,09,06,10,14,16,13,,,,,1.23,0.57,1.09,4*0E
1776370071.247,$GPGSV,3,1,09,03,42,262,45,04,31,332,43,08,32,185,44,16,64,355,48,1*61
1776370071.249,$GPGSV,3,2,09,26,35,025,41,27,52,147,46,40,36,259,43,41,64,233,48,1*6F
1776370071.249,$GPGSV,3,3,09,42,70,217,48,1*54
1776370071.250,$GPGSV,2,1,08,03,42,262,42,04,31,332,44,08,32,185,42,26,35,025,41,6*6A
1776370071.251,$GPGSV,2,2,08,27,52,147,43,28,16,067,22,31,30,043,17,32,17,133,20,6*64
1776370071.253,$GPGSV,1,1,04,01,02,222,,02,05,195,,09,02,323,,50,56,115,,0*60
1776370071.254,$GLGSV,2,1,07,68,25,153,42,69,77,142,49,70,46,336,51,73,26,268,48,1*76
1776370071.255,$GLGSV,2,2,07,79,12,026,33,80,41,335,47,,,,39,1*77
1776370071.256,$GLGSV,2,1,06,68,25,153,39,69,77,142,46,70,46,336,45,73,26,268,47,3*7C
1776370071.257,$GLGSV,2,2,06,79,12,026,24,80,41,335,46,3*79
1776370071.258,$GLGSV,1,1,03,81,02,075,,82,08,118,,83,03,165,,0*43
1776370071.259,$GAGSV,2,1,07,02,75,329,50,03,65,055,48,05,28,119,31,08,34,336,47,2*7D
1776370071.260,$GAGSV,2,2,07,25,29,031,31,30,36,232,47,32,55,355,51,2*4D
1776370071.261,$GAGSV,2,1,06,02,75,329,46,03,65,055,45,05,28,119,37,08,34,336,43,7*71
1776370071.262,$GAGSV,2,2,06,30,36,232,39,32,55,355,46,7*7A
1776370071.262,$GAGSV,1,1,02,15,05,226,,34,07,178,,0*7F
1776370071.263,$GBGSV,2,1,08,06,31,181,43,08,39,191,40,09,43,341,41,10,48,174,41,1*7E
1776370071.264,$GBGSV,2,2,08,13,47,206,41,14,60,306,48,16,41,013,39,24,47,327,48,1*71
1776370071.264,$GBGSV,2,1,07,07,54,160,46,08,39,191,46,09,43,341,47,10,48,174,44,3*7E
1776370071.265,$GBGSV,2,2,07,13,47,206,44,14,60,306,51,16,41,013,37,3*40
1776370071.265,$GBGSV,3,1,10,01,37,105,,02,66,235,,03,70,144,,04,21,101,,0*71
1776370071.266,$GBGSV,3,2,10,04,21,101,,05,41,259,,11,02,199,,12,20,154,,0*7C
1776370071.266,$GBGSV,3,3,10,12,20,154,,21,33,157,,0*77
1776370071.267,$GNGLL,1339.09953,N,10029.57906,E,200751.00,A,D*7A
1776370072.241,$GNRMC,200752.00,A,1339.09967,N,10029.57852,E,1.807,283.57,160426,0.53,W,D,V*4E
1776370072.244,$GNVTG,283.57,T,284.11,M,1.807,N,3.346,K,D*31
1776370072.246,$GNGGA,200752.00,1339.09967,N,10029.57852,E,2,12,0.53,-1.4,M,-27.8,M,,0499*44
1776370072.248,$GNGSA,A,3,32,16,26,27,04,40,03,08,,,,,1.19,0.53,1.06,1*05
1776370072.250,$GNGSA,A,3,70,73,80,79,69,68,,,,,,,1.19,0.53,1.06,2*0E
1776370072.252,$GNGSA,A,3,08,02,03,05,25,30,,,,,,,1.19,0.53,1.06,3*03
1776370072.253,$GNGSA,A,3,24,08,09,06,10,14,16,13,,,,,1.19,0.53,1.06,4*0C
1776370072.256,$GPGSV,3,1,09,03,42,262,45,04,31,332,42,08,32,185,42,16,64,355,47,1*69
1776370072.260,$GPGSV,3,2,09,26,35,025,36,27,52,147,44,40,36,259,45,41,64,233,48,1*6B
1776370072.262,$GPGSV,3,3,09,42,70,217,47,1*5B
1776370072.266,$GPGSV,2,1,08,03,42,262,44,04,31,332,44,08,32,185,42,26,35,025,30,6*6A
1776370072.268,$GPGSV,2,2,08,27,52,147,44,28,16,067,22,31,30,043,18,32,17,133,21,6*6D
1776370072.270,$GPGSV,1,1,04,01,02,222,,02,05,195,,09,02,323,,50,56,115,,0*60
1776370072.272,$GLGSV,2,1,07,68,25,153,46,69,77,142,50,70,46,336,51,73,26,268,48,1*7A
1776370072.273,$GLGSV,2,2,07,79,12,026,35,80,41,335,48,,,,39,1*7E
1776370072.274,$GLGSV,2,1,06,68,25,153,40,69,77,142,46,70,46,336,49,73,26,268,45,3*7C
1776370072.275,$GLGSV,2,2,06,79,12,026,22,80,41,335,46,3*7F
1776370072.276,$GLGSV,1,1,03,81,02,075,,82,08,118,,83,03,165,,0*43
1776370072.278,$GAGSV,2,1,07,02,75,329,51,03,65,055,49,05,28,119,37,08,34,336,47,2*7B
1776370072.278,$GAGSV,2,2,07,25,29,031,31,30,36,232,47,32,55,355,50,2*4C
1776370072.279,$GAGSV,2,1,06,02,75,329,47,03,65,055,45,05,28,119,37,08,34,336,42,7*71
1776370072.279,$GAGSV,2,2,06,30,36,232,44,32,55,355,46,7*70
1776370072.280,$GAGSV,1,1,02,15,05,226,,34,07,178,,0*7F
1776370072.281,$GBGSV,2,1,08,06,31,181,45,08,39,191,41,09,43,341,43,10,48,174,41,1*7B
1776370072.281,$GBGSV,2,2,08,13,47,206,44,14,60,306,47,16,41,013,42,24,47,327,49,1*76
1776370072.282,$GBGSV,2,1,07,07,54,160,48,08,39,191,46,09,43,341,48,10,48,174,46,3*7D
1776370072.283,$GBGSV,2,2,07,13,47,206,45,14,60,306,50,16,41,013,45,3*45
1776370072.283,$GBGSV,3,1,10,01,37,105,,02,66,235,,03,70,144,,04,21,101,,0*71
1776370072.284,$GBGSV,3,2,10,04,21,101,,05,41,259,,11,02,199,,12,20,154,,0*7C
1776370072.284,$GBGSV,3,3,10,12,20,154,,21,33,157,,0*77
1776370072.284,$GNGLL,1339.09967,N,10029.57852,E,200752.00,A,D*7E
1776370073.246,$GNRMC,200753.00,A,1339.09976,N,10029.57799,E,1.646,278.73,160426,0.53,W,D,V*4E
1776370073.248,$GNVTG,278.73,T,279.26,M,1.646,N,3.048,K,D*33
1776370073.250,$GNGGA,200753.00,1339.09976,N,10029.57799,E,2,12,0.53,-1.3,M,-27.8,M,,0499*4A
1776370073.251,$GNGSA,A,3,32,16,26,27,04,40,03,08,,,,,1.19,0.53,1.06,1*05
1776370073.252,$GNGSA,A,3,70,73,80,79,69,68,,,,,,,1.19,0.53,1.06,2*0E
1776370073.253,$GNGSA,A,3,08,02,03,05,25,30,,,,,,,1.19,0.53,1.06,3*03
1776370073.254,$GNGSA,A,3,24,08,09,06,10,14,16,13,,,,,1.19,0.53,1.06,4*0C
1776370073.255,$GPGSV,3,1,09,03,42,262,44,04,31,332,42,08,32,185,43,16,64,355,45,1*6B
1776370073.257,$GPGSV,3,2,09,26,35,025,36,27,52,147,46,40,36,259,46,41,64,233,46,1*64
1776370073.258,$GPGSV,3,3,09,42,70,217,46,1*5A
1776370073.260,$GPGSV,2,1,08,03,42,262,43,04,31,332,44,08,32,185,42,26,35,025,38,6*65
1776370073.262,$GPGSV,2,2,08,27,52,147,44,28,16,067,21,31,30,043,18,32,17,133,21,6*6E
1776370073.265,$GPGSV,1,1,04,01,02,222,,02,05,195,,09,02,323,,50,56,115,,0*60
1776370073.267,$GLGSV,2,1,07,68,25,153,45,69,77,142,52,70,46,336,50,73,26,268,47,1*75
1776370073.269,$GLGSV,2,2,07,79,12,026,25,80,41,335,47,,,,39,1*70
1776370073.272,$GLGSV,2,1,06,68,25,153,42,69,77,142,47,70,46,336,47,73,26,268,46,3*72
1776370073.273,$GLGSV,2,2,06,79,12,026,23,80,41,335,46,3*7E
1776370073.274,$GLGSV,1,1,03,81,02,075,,82,08,118,,83,03,165,,0*43
1776370073.275,$GAGSV,2,1,07,02,75,329,50,03,65,055,51,05,28,119,39,08,34,336,46,2*7C
1776370073.276,$GAGSV,2,2,07,25,28,031,37,30,36,232,48,32,55,355,50,2*44
1776370073.277,$GAGSV,2,1,06,02,75,329,47,03,65,055,46,05,28,119,40,08,34,336,43,7*73
1776370073.278,$GAGSV,2,2,06,30,36,232,40,32,55,355,45,7*77
1776370073.279,$GAGSV,1,1,02,15,05,226,,34,07,178,,0*7F
1776370073.279,$GBGSV,2,1,08,06,31,181,42,08,39,191,41,09,43,341,42,10,48,174,42,1*7E
1776370073.281,$GBGSV,2,2,08,13,47,206,45,14,60,306,47,16,41,013,43,24,47,327,48,1*77
1776370073.282,$GBGSV,2,1,07,07,54,160,47,08,39,191,45,09,43,341,46,10,48,174,45,3*7C
1776370073.283,$GBGSV,2,2,07,13,47,206,45,14,60,306,51,16,41,013,48,3*49
1776370073.284,$GBGSV,3,1,10,01,37,105,,02,66,235,,03,70,144,,04,21,101,,0*71
1776370073.285,$GBGSV,3,2,10,04,21,101,,05,41,259,,11,02,199,,12,20,154,,0*7C
1776370073.286,$GBGSV,3,3,10,12,20,154,,21,33,157,,0*77
1776370073.286,$GNGLL,1339.09976,N,10029.57799,E,200753.00,A,D*77
1776370074.245,$GNRMC,200754.00,A,1339.09984,N,10029.57750,E,1.735,279.42,160426,0.53,W,D,V*47
1776370074.248,$GNVTG,279.42,T,279.95,M,1.735,N,3.213,K,D*31
1776370074.252,$GNGGA,200754.00,1339.09984,N,10029.57750,E,2,12,0.53,-1.3,M,-27.8,M,,0499*45
1776370074.255,$GNGSA,A,3,16,26,27,04,40,03,08,,,,,,1.19,0.53,1.06,1*04
1776370074.256,$GNGSA,A,3,70,73,80,79,69,68,,,,,,,1.19,0.53,1.06,2*0E
1776370074.257,$GNGSA,A,3,08,02,03,05,25,30,,,,,,,1.19,0.53,1.06,3*03
1776370074.259,$GNGSA,A,3,24,08,09,06,10,14,16,13,,,,,1.19,0.53,1.06,4*0C
1776370074.261,$GPGSV,3,1,09,03,42,262,45,04,31,332,44,08,32,185,42,16,64,355,46,1*6E
1776370074.264,$GPGSV,3,2,09,26,35,025,43,27,52,147,45,40,36,259,46,41,64,233,47,1*64
1776370074.265,$GPGSV,3,3,09,42,70,217,46,1*5A
1776370074.266,$GPGSV,2,1,08,03,42,262,43,04,31,332,45,08,32,185,44,26,35,025,43,6*6E
1776370074.268,$GPGSV,2,2,08,27,52,147,44,28,16,067,22,31,30,043,18,32,17,133,19,6*66
1776370074.269,$GPGSV,1,1,04,01,02,222,,02,05,195,,09,02,323,,50,56,115,,0*60
1776370074.269,$GLGSV,2,1,07,68,25,153,45,69,77,142,51,70,46,336,49,73,26,268,48,1*71
1776370074.270,$GLGSV,2,2,07,79,12,026,35,80,41,335,47,,,,39,1*71
1776370074.271,$GLGSV,2,1,06,68,25,153,39,69,77,142,47,70,46,336,48,73,26,268,45,3*72
1776370074.271,$GLGSV,2,2,06,79,12,026,31,80,41,335,47,3*7C
1776370074.272,$GLGSV,1,1,03,81,02,075,,82,08,118,,83,03,165,,0*43
1776370074.273,$GAGSV,2,1,07,02,75,329,50,03,65,055,50,05,28,119,36,08,34,336,48,2*7C
1776370074.273,$GAGSV,2,2,07,25,28,031,40,30,36,232,46,32,55,355,51,2*4B
1776370074.274,$GAGSV,2,1,06,02,75,329,47,03,65,055,45,05,28,119,34,08,34,336,43,7*73
1776370074.275,$GAGSV,2,2,06,30,36,232,40,32,55,355,46,7*74
1776370074.276,$GAGSV,1,1,02,15,05,226,,34,07,178,,0*7F
1776370074.277,$GBGSV,2,1,08,06,31,181,43,08,39,191,39,09,43,341,40,10,48,174,41,1*71
1776370074.278,$GBGSV,2,2,08,13,47,206,44,14,60,306,46,16,41,013,42,24,47,327,48,1*76
1776370074.279,$GBGSV,2,1,07,07,54,160,48,08,39,191,43,09,43,341,48,10,48,174,45,3*7B
1776370074.280,$GBGSV,2,2,07,13,47,206,45,14,60,306,51,16,41,013,44,3*45
1776370074.280,$GBGSV,3,1,10,01,37,105,,02,66,235,,03,70,144,,04,21,101,,0*71
1776370074.281,$GBGSV,3,2,10,04,21,101,,05,41,259,,11,02,199,,12,20,154,,0*7C
1776370074.282,$GBGSV,3,3,10,12,20,154,,21,33,157,,0*77
1776370074.283,$GNGLL,1339.09984,N,10029.57750,E,200754.00,A,D*78
1776370075.241,$GNRMC,200755.00,A,1339.09991,N,10029.57702,E,1.761,274.46,160426,0.53,W,D,V*4D
1776370075.243,$GNVTG,274.46,T,274.99,M,1.761,N,3.262,K,D*3E
1776370075.245,$GNGGA,200755.00,1339.09991,N,10029.57702,E,2,12,0.53,-1.4,M,-27.8,M,,0499*40
1776370075.246,$GNGSA,A,3,28,16,26,27,04,40,31,03,08,,,,1.19,0.53,1.06,1*0C
1776370075.247,$GNGSA,A,3,70,73,80,79,69,68,,,,,,,1.19,0.53,1.06,2*0E
1776370075.248,$GNGSA,A,3,08,02,03,05,25,30,,,,,,,1.19,0.53,1.06,3*03
1776370075.249,$GNGSA,A,3,24,08,09,06,10,14,16,13,,,,,1.19,0.53,1.06,4*0C
1776370075.250,$GPGSV,3,1,10,03,42,262,45,04,31,332,45,08,32,185,44,16,64,355,45,1*62
1776370075.251,$GPGSV,3,2,10,26,35,025,45,27,52,147,46,32,17,133,25,40,36,259,43,1*6B
1776370075.252,$GPGSV,3,3,10,41,64,233,47,42,70,217,47,1*65
1776370075.253,$GPGSV,2,1,08,03,42,262,44,04,31,332,45,08,32,185,42,26,35,025,42,6*6E
1776370075.255,$GPGSV,2,2,08,27,52,147,45,28,16,067,28,31,30,043,20,32,17,133,18,6*67
1776370075.256,$GPGSV,1,1,04,01,02,222,,02,05,195,,09,02,323,,50,56,115,,0*60
1776370075.257,$GLGSV,2,1,07,68,25,153,48,69,77,142,51,70,46,336,50,73,26,268,47,1*7B
1776370075.257,$GLGSV,2,2,07,79,12,026,31,80,41,335,50,,,,40,1*7D
1776370075.258,$GLGSV,2,1,06,68,25,153,41,69,77,142,47,70,46,336,48,73,26,268,46,3*7E
1776370075.259,$GLGSV,2,2,06,79,12,026,24,80,41,335,47,3*78
1776370075.260,$GLGSV,1,1,03,81,02,075,,82,08,118,,83,03,165,,0*43
1776370075.261,$GAGSV,2,1,07,02,75,329,50,03,65,055,49,05,28,119,34,08,34,336,47,2*79
1776370075.262,$GAGSV,2,2,07,25,28,031,44,30,36,232,48,32,55,355,50,2*40
1776370075.263,$GAGSV,2,1,07,02,75,329,46,03,65,055,46,05,28,119,33,08,34,336,42,7*76
1776370075.264,$GAGSV,2,2,07,25,28,031,39,30,36,232,42,32,55,355,45,7*41
1776370075.264,$GAGSV,1,1,02,15,05,226,,34,07,178,,0*7F
1776370075.265,$GBGSV,2,1,08,06,31,181,41,08,39,191,39,09,43,341,41,10,48,174,41,1*72
1776370075.266,$GBGSV,2,2,08,13,47,206,43,14,60,306,46,16,41,013,44,24,47,327,49,1*76
1776370075.267,$GBGSV,2,1,07,07,54,160,47,08,39,191,42,09,43,341,46,10,48,174,45,3*7B
1776370075.267,$GBGSV,2,2,07,13,47,206,45,14,60,306,50,16,41,013,45,3*45
1776370075.268,$GBGSV,3,1,10,01,37,105,,02,66,235,,03,70,144,,04,21,101,,0*71
1776370075.269,$GBGSV,3,2,10,04,21,101,,05,41,259,,11,02,199,,12,20,154,,0*7C
1776370075.270,$GBGSV,3,3,10,12,20,154,,21,33,157,,0*77
1776370075.271,$GNGLL,1339.09991,N,10029.57702,E,200755.00,A,D*7A
1776370076.248,$GNRMC,200756.00,A,1339.09996,N,10029.57651,E,1.791,278.14,160426,0.53,W,D,V*4A
1776370076.251,$GNVTG,278.14,T,278.67,M,1.791,N,3.317,K,D*34
1776370076.255,$GNGGA,200756.00,1339.09996,N,10029.57651,E,2,12,0.53,-1.4,M,-27.8,M,,0499*43
1776370076.257,$GNGSA,A,3,16,26,27,04,40,31,03,08,,,,,1.19,0.53,1.06,1*06
1776370076.259,$GNGSA,A,3,70,73,80,79,69,68,,,,,,,1.19,0.53,1.06,2*0E
1776370076.261,$GNGSA,A,3,08,02,03,05,25,30,,,,,,,1.19,0.53,1.06,3*03
1776370076.263,$GNGSA,A,3,24,08,09,06,10,14,16,13,,,,,1.19,0.53,1.06,4*0C
1776370076.265,$GPGSV,3,1,10,03,42,262,44,04,31,332,43,08,32,185,37,16,64,355,46,1*62
1776370076.269,$GPGSV,3,2,10,26,35,025,41,27,52,147,45,32,17,133,23,40,36,259,45,1*6C
1776370076.272,$GPGSV,3,3,10,41,64,233,48,42,70,217,47,1*6A
1776370076.275,$GPGSV,2,1,08,03,42,262,44,04,31,332,45,08,32,185,42,26,35,025,41,6*6D
1776370076.277,$GPGSV,2,2,08,27,52,147,46,28,16,067,21,31,30,043,20,32,17,133,17,6*62
1776370076.279,$GPGSV,1,1,04,01,02,222,,02,05,195,,09,02,323,,50,56,115,,0*60
1776370076.281,$GLGSV,2,1,07,68,25,153,46,69,77,142,51,70,46,336,48,73,26,268,48,1*73
1776370076.282,$GLGSV,2,2,07,79,12,026,37,80,41,335,49,,,,41,1*72
1776370076.284,$GLGSV,2,1,06,68,25,153,42,69,77,142,47,70,46,336,48,73,26,268,47,3*7C
1776370076.285,$GLGSV,2,2,06,79,12,026,34,80,41,335,45,3*7B
1776370076.286,$GLGSV,1,1,03,81,02,075,,82,08,118,,83,03,165,,0*43
1776370076.287,$GAGSV,2,1,07,02,75,329,50,03,65,055,51,05,28,119,30,08,34,336,47,2*74
1776370076.288,$GAGSV,2,2,07,25,28,031,46,30,36,232,47,32,55,355,51,2*4C
1776370076.289,$GAGSV,2,1,07,02,75,329,47,03,65,055,46,05,28,119,27,08,34,336,43,7*73
1776370076.290,$GAGSV,2,2,07,25,28,031,42,30,36,232,43,32,55,355,45,7*4C
1776370076.290,$GAGSV,1,1,02,15,05,226,,34,07,178,,0*7F
1776370076.291,$GBGSV,2,1,08,06,31,181,43,08,39,191,37,09,43,341,43,10,48,174,41,1*7C
1776370076.292,$GBGSV,2,2,08,13,47,206,44,14,60,306,47,16,41,013,42,24,47,327,48,1*77
1776370076.293,$GBGSV,2,1,07,07,54,160,47,08,39,191,43,09,43,341,45,10,48,174,46,3*7A
1776370076.294,$GBGSV,2,2,07,13,47,206,44,14,60,306,50,16,41,013,45,3*44
1776370076.295,$GBGSV,3,1,10,01,37,105,,02,66,235,,03,70,144,,04,21,101,,0*71
1776370076.295,$GBGSV,3,2,10,04,21,101,,05,41,259,,11,02,199,,12,20,154,,0*7C
1776370076.296,$GBGSV,3,3,10,12,20,154,,21,33,157,,0*77
1776370076.296,$GNGLL,1339.09996,N,10029.57651,E,200756.00,A,D*79
1776370077.249,$GNRMC,200757.00,A,1339.10002,N,10029.57601,E,1.667,276.56,160426,0.53,W,D,V*42
1776370077.251,$GNVTG,276.56,T,277.09,M,1.667,N,3.088,K,D*36
1776370077.253,$GNGGA,200757.00,1339.10002,N,10029.57601,E,2,12,0.53,-1.3,M,-27.8,M,,0499*4C
1776370077.256,$GNGSA,A,3,32,16,26,27,04,40,31,03,08,,,,1.19,0.53,1.06,1*07
1776370077.257,$GNGSA,A,3,70,73,80,79,69,68,,,,,,,1.19,0.53,1.06,2*0E
1776370077.259,$GNGSA,A,3,08,02,03,05,25,30,,,,,,,1.19,0.53,1.06,3*03
1776370077.260,$GNGSA,A,3,24,08,09,06,10,14,16,13,,,,,1.19,0.53,1.06,4*0C
1776370077.262,$GPGSV,3,1,10,03,42,262,44,04,31,332,42,08,32,185,40,16,64,355,46,1*63
1776370077.266,$GPGSV,3,2,10,26,35,025,42,27,52,147,45,32,17,133,23,40,36,259,44,1*6E
1776370077.269,$GPGSV,3,3,10,41,64,233,48,42,70,217,46,1*6B
1776370077.273,$GPGSV,2,1,08,03,42,262,42,04,31,332,42,08,32,185,41,26,35,025,44,6*6A
1776370077.277,$GPGSV,2,2,08,27,52,147,45,28,16,067,21,31,30,043,27,32,17,133,18,6*69
1776370077.279,$GPGSV,1,1,04,01,02,222,,02,05,195,,09,02,323,,50,56,115,,0*60
1776370077.281,$GLGSV,2,1,07,68,25,153,47,69,77,142,50,70,46,336,49,73,26,268,46,1*7C
1776370077.283,$GLGSV,2,2,07,79,12,026,34,80,41,335,48,,,,40,1*71
1776370077.285,$GLGSV,2,1,06,68,25,153,42,69,77,142,46,70,46,336,48,73,26,268,46,3*7C
1776370077.286,$GLGSV,2,2,06,79,12,026,29,80,41,335,46,3*74
1776370077.287,$GLGSV,1,1,03,81,02,075,,82,08,118,,83,03,165,,0*43
1776370077.288,$GAGSV,2,1,07,02,75,329,50,03,65,055,50,05,28,119,31,08,34,336,47,2*74
1776370077.289,$GAGSV,2,2,07,25,28,031,47,30,36,232,45,32,55,355,50,2*4E
1776370077.290,$GAGSV,2,1,07,02,75,329,47,03,65,055,45,05,28,119,26,08,34,336,44,7*76
1776370077.291,$GAGSV,2,2,07,25,28,031,41,30,36,232,40,32,55,355,45,7*4C
1776370077.291,$GAGSV,1,1,02,15,05,226,,34,07,178,,0*7F
1776370077.292,$GBGSV,2,1,08,06,31,181,41,08,39,191,37,09,43,341,41,10,48,174,42,1*7F
1776370077.293,$GBGSV,2,2,08,13,47,206,44,14,60,306,48,16,41,013,41,24,47,327,47,1*74
1776370077.293,$GBGSV,2,1,07,07,54,160,47,08,39,191,44,09,43,341,46,10,48,174,46,3*7E
1776370077.294,$GBGSV,2,2,07,13,47,206,45,14,60,306,50,16,41,013,46,3*46
1776370077.294,$GBGSV,3,1,10,01,37,105,,02,66,235,,03,70,144,,04,21,101,,0*71
1776370077.295,$GBGSV,3,2,10,04,21,101,,05,41,259,,11,02,199,,12,20,154,,0*7C
1776370077.296,$GBGSV,3,3,10,12,20,154,,21,33,157,,0*77
1776370077.296,$GNGLL,1339.10002,N,10029.57601,E,200757.00,A,D*71
1776370078.243,$GNRMC,200758.00,A,1339.10005,N,10029.57554,E,1.627,273.85,160426,0.53,W,D,V*46
1776370078.244,$GNVTG,273.85,T,274.38,M,1.627,N,3.013,K,D*3A
1776370078.245,$GNGGA,200758.00,1339.10005,N,10029.57554,E,2,12,0.53,-1.3,M,-27.8,M,,0499*47
1776370078.246,$GNGSA,A,3,32,16,26,27,04,40,31,03,08,,,,1.19,0.53,1.06,1*07
1776370078.247,$GNGSA,A,3,70,73,80,79,69,68,,,,,,,1.19,0.53,1.06,2*0E
1776370078.248,$GNGSA,A,3,08,02,03,05,25,30,,,,,,,1.19,0.53,1.06,3*03
1776370078.249,$GNGSA,A,3,24,08,09,06,10,14,16,13,,,,,1.19,0.53,1.06,4*0C
1776370078.250,$GPGSV,3,1,10,03,42,262,45,04,31,332,42,08,32,185,35,16,64,355,45,1*63
1776370078.251,$GPGSV,3,2,10,26,35,025,44,27,52,147,46,32,17,133,22,40,36,259,45,1*6B
1776370078.252,$GPGSV,3,3,10,41,64,233,47,42,70,217,45,1*67
1776370078.252,$GPGSV,2,1,08,03,42,262,43,04,31,332,42,08,32,185,40,26,35,025,42,6*6C
1776370078.253,$GPGSV,2,2,08,27,52,147,44,28,16,067,21,31,30,043,25,32,17,133,19,6*6B
1776370078.254,$GPGSV,1,1,04,01,02,222,,02,05,195,,09,02,323,,50,56,115,,0*60
1776370078.255,$GLGSV,2,1,07,68,25,153,45,69,77,142,51,70,46,336,51,73,26,268,49,1*79
1776370078.255,$GLGSV,2,2,07,79,12,026,34,80,41,335,49,,,,39,1*7E
1776370078.256,$GLGSV,2,1,06,68,25,153,39,69,77,142,47,70,46,336,47,73,26,268,45,3*7D
1776370078.256,$GLGSV,2,2,06,79,12,026,28,80,41,335,47,3*74
1776370078.257,$GLGSV,1,1,03,81,02,075,,82,08,118,,83,03,165,,0*43
1776370078.258,$GAGSV,2,1,07,02,75,329,49,03,65,055,50,05,28,119,35,08,34,336,47,2*78
1776370078.258,$GAGSV,2,2,07,25,28,031,43,30,36,232,45,32,55,355,51,2*4B
1776370078.259,$GAGSV,2,1,07,02,75,329,48,03,65,055,45,05,28,119,24,08,34,336,42,7*7D
1776370078.259,$GAGSV,2,2,07,25,28,031,40,30,36,232,42,32,55,355,44,7*4E
1776370078.260,$GAGSV,1,1,02,15,05,226,,34,07,178,,0*7F
1776370078.261,$GBGSV,2,1,08,06,31,181,45,08,39,191,38,09,43,341,41,10,48,174,41,1*77
1776370078.262,$GBGSV,2,2,08,13,47,206,42,14,60,306,47,16,41,013,41,24,47,327,47,1*7D
1776370078.263,$GBGSV,2,1,07,07,54,160,47,08,39,191,44,09,43,341,45,10,48,174,46,3*7D
1776370078.263,$GBGSV,2,2,07,13,47,206,44,14,60,306,51,16,41,013,45,3*45
1776370078.264,$GBGSV,3,1,10,01,37,105,,02,66,235,,03,70,144,,04,21,101,,0*71
1776370078.265,$GBGSV,3,2,10,04,21,101,,05,41,259,,11,02,199,,12,20,154,,0*7C
1776370078.265,$GBGSV,3,3,10,12,20,154,,21,33,157,,0*77
1776370078.266,$GNGLL,1339.10005,N,10029.57554,E,200758.00,A,D*7A
1776370079.243,$GNRMC,200759.00,A,1339.10008,N,10029.57507,E,1.612,273.90,160426,0.53,W,D,V*4E
1776370079.246,$GNVTG,273.90,T,274.43,M,1.612,N,2.986,K,D*30
1776370079.250,$GNGGA,200759.00,1339.10008,N,10029.57507,E,2,12,0.53,-1.2,M,-27.8,M,,0499*4C
1776370079.253,$GNGSA,A,3,32,16,26,27,04,40,31,03,08,,,,1.19,0.53,1.06,1*07
1776370079.255,$GNGSA,A,3,70,73,80,79,69,68,,,,,,,1.19,0.53,1.06,2*0E
1776370079.258,$GNGSA,A,3,08,02,03,05,25,30,,,,,,,1.19,0.53,1.06,3*03
1776370079.259,$GNGSA,A,3,24,08,09,06,10,14,16,13,,,,,1.19,0.53,1.06,4*0C
1776370079.261,$GPGSV,3,1,10,03,42,262,44,04,31,332,42,08,32,185,41,16,64,355,45,1*61
1776370079.263,$GPGSV,3,2,10,26,35,025,43,27,52,147,46,32,17,133,25,40,36,259,45,1*6B
1776370079.264,$GPGSV,3,3,10,41,64,233,48,42,70,217,46,1*6B
1776370079.265,$GPGSV,2,1,08,03,42,262,42,04,31,332,44,08,32,185,37,26,35,025,43,6*6A
1776370079.266,$GPGSV,2,2,08,27,52,147,45,28,16,067,20,31,30,043,24,32,17,133,21,6*61
1776370079.267,$GPGSV,1,1,04,01,02,222,,02,05,195,,09,02,323,,50,56,115,,0*60
1776370079.268,$GLGSV,2,1,07,68,25,153,44,69,77,142,51,70,46,336,50,73,26,268,46,1*76
1776370079.269,$GLGSV,2,2,07,79,12,026,23,80,41,335,48,,,,39,1*79
1776370079.270,$GLGSV,2,1,06,68,25,153,37,69,77,142,46,70,46,336,48,73,26,268,45,3*7D
1776370079.271,$GLGSV,2,2,06,79,12,026,30,80,41,335,47,3*7D
1776370079.271,$GLGSV,1,1,03,81,02,075,,82,08,118,,83,03,165,,0*43
1776370079.272,$GAGSV,2,1,07,02,75,329,49,03,65,055,50,05,28,119,33,08,34,336,47,2*7E
1776370079.273,$GAGSV,2,2,07,25,28,031,43,30,36,232,47,32,55,355,50,2*48
1776370079.273,$GAGSV,2,1,07,02,75,329,47,03,65,055,45,05,28,119,22,08,34,336,43,7*75
1776370079.274,$GAGSV,2,2,07,25,28,031,40,30,36,232,42,32,55,355,44,7*4E
1776370079.274,$GAGSV,1,1,02,15,05,226,,34,07,178,,0*7F
1776370079.275,$GBGSV,2,1,08,06,31,181,43,08,39,191,39,09,43,341,41,10,48,174,42,1*73
1776370079.276,$GBGSV,2,2,08,13,47,206,42,14,60,306,48,16,41,013,40,24,47,327,48,1*7C
1776370079.276,$GBGSV,2,1,07,07,54,160,47,08,39,191,45,09,43,341,46,10,48,174,46,3*7F
1776370079.277,$GBGSV,2,2,07,13,47,206,44,14,60,306,51,16,41,013,45,3*45
1776370079.278,$GBGSV,3,1,10,01,37,105,,02,66,235,,03,70,144,,04,21,101,,0*71
1776370079.278,$GBGSV,3,2,10,04,21,101,,05,41,259,,11,02,199,,12,20,154,,0*7C
1776370079.279,$GBGSV,3,3,10,12,20,154,,21,33,157,,0*77
1776370079.280,$GNGLL,1339.10008,N,10029.57507,E,200759.00,A,D*70
1776370080.244,$GNRMC,200800.00,A,1339.10011,N,10029.57459,E,1.666,273.11,160426,0.53,W,D,V*45
1776370080.246,$GNVTG,273.11,T,273.64,M,1.666,N,3.086,K,D*30
1776370080.249,$GNGGA,200800.00,1339.10011,N,10029.57459,E,2,12,0.53,-1.1,M,-27.8,M,,0499*4E
1776370080.251,$GNGSA,A,3,32,16,26,27,04,40,31,03,08,,,,1.19,0.53,1.06,1*07
1776370080.252,$GNGSA,A,3,70,73,80,79,69,68,,,,,,,1.19,0.53,1.06,2*0E
1776370080.254,$GNGSA,A,3,08,02,03,05,25,30,,,,,,,1.19,0.53,1.06,3*03
1776370080.255,$GNGSA,A,3,24,08,09,06,10,14,16,13,,,,,1.19,0.53,1.06,4*0C
1776370080.257,$GPGSV,3,1,11,03,42,262,45,04,31,332,43,08,32,185,37,16,64,355,44,1*60
1776370080.261,$GPGSV,3,2,11,26,35,025,43,27,52,147,46,31,30,043,28,32,17,133,25,1*68
1776370080.264,$GPGSV,3,3,11,40,36,259,43,41,64,233,48,42,70,217,46,1*52
1776370080.268,$GPGSV,2,1,08,03,42,262,43,04,31,332,43,08,32,185,40,26,35,025,43,6*6C
1776370080.272,$GPGSV,2,2,08,27,52,147,45,28,16,067,20,31,30,043,23,32,17,133,22,6*65
1776370080.276,$GPGSV,1,1,04,01,02,222,,02,05,195,,09,02,323,,50,56,115,,0*60
1776370080.278,$GLGSV,2,1,07,68,25,153,45,69,77,142,50,70,46,336,49,73,26,268,46,1*7E
1776370080.279,$GLGSV,2,2,07,79,12,026,23,80,41,335,50,,,,38,1*71
1776370080.280,$GLGSV,2,1,06,68,25,153,42,69,77,142,47,70,46,336,48,73,26,268,45,3*7E
1776370080.281,$GLGSV,2,2,06,79,12,026,23,80,41,335,46,3*7E
1776370080.282,$GLGSV,1,1,03,81,02,075,,82,08,118,,83,03,165,,0*43
1776370080.284,$GAGSV,2,1,07,02,75,329,50,03,65,055,50,05,28,119,34,08,34,336,47,2*71
1776370080.285,$GAGSV,2,2,07,25,28,031,42,30,36,232,46,32,55,355,50,2*48
1776370080.287,$GAGSV,2,1,07,02,75,329,47,03,65,055,45,05,28,119,30,08,34,336,42,7*77
1776370080.288,$GAGSV,2,2,07,25,28,031,40,30,36,232,43,32,55,355,45,7*4E
1776370080.289,$GAGSV,1,1,02,15,05,226,,34,07,178,,0*7F
1776370080.291,$GBGSV,2,1,08,06,31,181,42,08,39,191,39,09,43,341,39,10,48,174,42,1*7D
1776370080.292,$GBGSV,2,2,08,13,47,206,41,14,60,306,47,16,41,013,41,24,47,327,47,1*7E
1776370080.292,$GBGSV,2,1,07,07,54,160,47,08,39,191,45,09,43,341,46,10,48,174,46,3*7F
1776370080.293,$GBGSV,2,2,07,13,47,206,42,14,60,306,51,16,41,013,45,3*43
1776370080.294,$GBGSV,3,1,10,01,37,105,,02,66,235,,03,70,144,,04,21,101,,0*71
1776370080.294,$GBGSV,3,2,10,04,21,101,,05,41,259,,11,02,199,,12,20,154,,0*7C
1776370080.295,$GBGSV,3,3,10,12,20,154,,21,33,157,,0*77
1776370080.295,$GNGLL,1339.10011,N,10029.57459,E,200800.00,A,D*71
1776370081.241,$GNRMC,200801.00,A,1339.10014,N,10029.57409,E,1.708,273.37,160426,0.53,W,D,V*49
1776370081.242,$GNVTG,273.37,T,273.90,M,1.708,N,3.164,K,D*3B
1776370081.243,$GNGGA,200801.00,1339.10014,N,10029.57409,E,2,12,0.52,-1.1,M,-27.8,M,,0499*4E
1776370081.243,$GNGSA,A,3,28,16,26,27,04,40,31,03,08,,,,1.17,0.52,1.05,1*00
1776370081.244,$GNGSA,A,3,70,73,80,79,69,68,,,,,,,1.17,0.52,1.05,2*02
1776370081.244,$GNGSA,A,3,08,02,03,05,25,30,,,,,,,1.17,0.52,1.05,3*0F
1776370081.245,$GNGSA,A,3,24,08,09,06,10,14,16,13,,,,,1.17,0.52,1.05,4*00
1776370081.245,$GPGSV,3,1,10,03,42,262,45,04,31,332,41,08,32,185,42,16,64,355,44,1*61
1776370081.246,$GPGSV,3,2,10,26,35,025,42,27,52,147,46,31,30,043,28,40,36,259,44,1*66
1776370081.247,$GPGSV,3,3,10,41,64,233,47,42,70,217,46,1*64
1776370081.247,$GPGSV,2,1,08,03,42,262,42,04,31,332,43,08,32,185,42,26,35,025,43,6*6F
1776370081.248,$GPGSV,2,2,08,27,52,147,45,28,16,067,29,31,30,043,25,32,17,133,23,6*6B
1776370081.249,$GPGSV,1,1,04,01,02,222,,02,05,195,,09,02,323,,50,56,115,,0*60
1776370081.249,$GLGSV,2,1,07,68,25,153,45,69,77,142,51,70,46,336,49,73,26,268,47,1*7E
1776370081.250,$GLGSV,2,2,07,79,12,026,30,80,41,335,49,,,,39,1*7A
1776370081.251,$GLGSV,2,1,06,68,25,153,41,69,77,142,47,70,46,336,48,73,26,268,46,3*7E
1776370081.251,$GLGSV,2,2,06,79,12,026,26,80,41,335,46,3*7B
1776370081.252,$GLGSV,1,1,03,81,02,075,,82,08,118,,83,03,165,,0*43
1776370081.252,$GAGSV,2,1,07,02,75,329,50,03,65,055,50,05,28,119,36,08,34,336,48,2*7C
1776370081.253,$GAGSV,2,2,07,25,28,031,41,30,36,232,43,32,55,355,50,2*4E
1776370081.254,$GAGSV,2,1,07,02,75,329,47,03,65,055,45,05,28,119,26,08,34,336,42,7*70
1776370081.254,$GAGSV,2,2,07,25,28,031,40,30,36,232,40,32,55,355,46,7*4E
1776370081.255,$GAGSV,1,1,02,15,05,226,,34,07,178,,0*7F
1776370081.256,$GBGSV,2,1,08,06,31,181,42,08,39,191,39,09,43,341,41,10,48,174,41,1*71
1776370081.256,$GBGSV,2,2,08,13,47,206,42,14,60,306,48,16,41,013,41,24,47,327,47,1*72
1776370081.257,$GBGSV,2,1,07,07,54,160,47,08,39,191,46,09,43,341,47,10,48,174,46,3*7D
1776370081.258,$GBGSV,2,2,07,13,47,206,43,14,60,306,51,16,41,013,44,3*43
1776370081.259,$GBGSV,3,1,10,01,37,105,,02,66,235,,03,70,144,,04,21,101,,0*71
1776370081.260,$GBGSV,3,2,10,04,21,101,,05,41,259,,11,02,199,,12,20,154,,0*7C
1776370081.260,$GBGSV,3,3,10,12,20,154,,21,33,157,,0*77
1776370081.261,$GNGLL,1339.10014,N,10029.57409,E,200801.00,A,D*70
1776370082.245,$GNRMC,200802.00,A,1339.10017,N,10029.57359,E,1.696,275.33,160426,0.53,W,D,V*4F
1776370082.248,$GNVTG,275.33,T,275.87,M,1.696,N,3.141,K,D*38
1776370082.249,$GNGGA,200802.00,1339.10017,N,10029.57359,E,2,12,0.52,-1.0,M,-27.8,M,,0499*4D
1776370082.249,$GNGSA,A,3,32,16,26,27,04,40,31,03,08,,,,1.17,0.52,1.05,1*0B
1776370082.250,$GNGSA,A,3,70,73,80,79,69,68,,,,,,,1.17,0.52,1.05,2*02
1776370082.251,$GNGSA,A,3,08,02,03,05,25,30,,,,,,,1.17,0.52,1.05,3*0F
1776370082.251,$GNGSA,A,3,24,08,09,06,10,14,16,13,,,,,1.17,0.52,1.05,4*00
1776370082.252,$GPGSV,3,1,11,03,42,262,45,04,31,332,42,08,32,185,42,16,64,355,45,1*62
1776370082.253,$GPGSV,3,2,11,26,35,025,43,27,52,147,46,31,30,043,32,32,17,133,28,1*6E
1776370082.253,$GPGSV,3,3,11,40,36,259,44,41,64,233,47,42,70,217,46,1*5A
1776370082.254,$GPGSV,2,1,08,03,42,262,44,04,31,332,43,08,32,185,42,26,35,025,44,6*6E
1776370082.255,$GPGSV,2,2,08,27,52,147,45,28,16,067,18,31,30,043,35,32,17,133,22,6*69
1776370082.256,$GPGSV,1,1,04,01,02,222,,02,05,195,,09,02,323,,50,56,115,,0*60
1776370082.257,$GLGSV,2,1,07,68,25,153,45,69,77,142,51,70,46,336,49,73,26,268,47,1*7E
1776370082.257,$GLGSV,2,2,07,79,12,026,30,80,41,335,49,,,,40,1*74
1776370082.258,$GLGSV,2,1,06,68,25,153,40,69,77,142,47,70,46,336,49,73,26,268,46,3*7E
1776370082.258,$GLGSV,2,2,06,79,12,026,30,80,41,335,47,3*7D
1776370082.259,$GLGSV,1,1,03,81,02,075,,82,08,118,,83,03,165,,0*43
1776370082.260,$GAGSV,2,1,07,02,75,329,50,03,65,055,50,05,28,119,34,08,34,336,48,2*7E
1776370082.260,$GAGSV,2,2,07,25,28,031,45,30,36,232,43,32,55,355,50,2*4A
1776370082.261,$GAGSV,2,1,07,02,75,329,47,03,65,055,45,05,28,119,32,08,34,336,42,7*75
1776370082.262,$GAGSV,2,2,07,25,28,031,40,30,36,232,39,32,55,355,45,7*43
1776370082.262,$GAGSV,1,1,02,15,05,225,,34,07,178,,0*7C
1776370082.263,$GBGSV,2,1,08,06,31,181,44,08,39,191,40,09,43,341,41,10,48,174,41,1*79
1776370082.264,$GBGSV,2,2,08,13,47,206,39,14,60,306,47,16,41,013,44,24,47,327,48,1*7B
1776370082.264,$GBGSV,2,1,07,07,54,160,47,08,39,191,44,09,43,341,46,10,48,174,46,3*7E
1776370082.265,$GBGSV,2,2,07,13,47,206,43,14,60,306,50,16,41,013,43,3*45
1776370082.267,$GBGSV,3,1,10,01,37,105,,02,66,235,,03,70,144,,04,21,101,,0*71
1776370082.268,$GBGSV,3,2,10,04,21,101,,05,41,259,,11,02,199,,12,20,154,,0*7C
1776370082.268,$GBGSV,3,3,10,12,20,154,,21,33,157,,0*77
1776370082.269,$GNGLL,1339.10017,N,10029.57359,E,200802.00,A,D*72
1776370083.248,$GNRMC,200803.00,A,1339.10021,N,10029.57310,E,1.660,274.88,160426,0.53,W,D,V*4E
1776370083.250,$GNVTG,274.88,T,275.41,M,1.660,N,3.073,K,D*3A
1776370083.251,$GNGGA,200803.00,1339.10021,N,10029.57310,E,2,12,0.51,-1.0,M,-27.8,M,,0499*47
1776370083.251,$GNGSA,A,3,32,16,26,27,04,40,31,03,08,,,,1.12,0.51,0.99,1*09
1776370083.252,$GNGSA,A,3,70,73,80,79,69,68,,,,,,,1.12,0.51,0.99,2*00
1776370083.252,$GNGSA,A,3,08,02,03,05,25,30,,,,,,,1.12,0.51,0.99,3*0D
1776370083.253,$GNGSA,A,3,24,08,09,06,10,14,16,13,,,,,1.12,0.51,0.99,4*02
1776370083.253,$GPGSV,3,1,11,03,42,262,45,04,31,332,42,08,32,185,39,16,64,355,46,1*6D
1776370083.254,$GPGSV,3,2,11,26,35,025,44,27,52,147,45,31,30,043,33,32,17,133,27,1*64
1776370083.255,$GPGSV,3,3,11,40,36,259,46,41,64,233,47,42,70,217,46,1*58
1776370083.255,$GPGSV,2,1,08,03,42,262,43,04,31,332,43,08,32,185,41,26,35,025,42,6*6C
1776370083.256,$GPGSV,2,2,08,27,52,147,45,28,16,067,17,31,30,043,35,32,17,133,20,6*64
1776370083.257,$GPGSV,1,1,04,01,02,222,,02,05,195,,09,02,323,,50,56,115,,0*60
1776370083.257,$GLGSV,2,1,07,68,25,153,46,69,77,142,51,70,46,336,49,73,26,268,48,1*72
1776370083.258,$GLGSV,2,2,07,79,12,026,30,80,41,335,48,,,,39,1*7B
1776370083.259,$GLGSV,2,1,06,68,25,153,39,69,77,142,47,70,46,336,48,73,26,268,42,3*75
1776370083.260,$GLGSV,2,2,06,79,12,026,23,80,41,335,47,3*7F
1776370083.260,$GLGSV,1,1,03,81,02,075,,82,08,118,,83,03,165,,0*43
1776370083.261,$GAGSV,2,1,07,02,75,329,50,03,65,055,50,05,28,119,37,08,34,336,47,2*72
1776370083.262,$GAGSV,2,2,07,25,28,031,46,30,36,232,45,32,55,355,50,2*4F
1776370083.263,$GAGSV,2,1,07,02,75,329,46,03,65,055,45,05,28,119,31,08,34,336,42,7*77
1776370083.263,$GAGSV,2,2,07,25,28,031,40,30,36,232,37,32,55,355,44,7*4C
1776370083.264,$GAGSV,1,1,02,15,05,225,,34,07,178,,0*7C
1776370083.265,$GBGSV,2,1,08,06,31,181,43,08,39,191,38,09,43,341,40,10,48,174,41,1*70
1776370083.265,$GBGSV,2,2,08,13,47,206,44,14,60,306,46,16,41,013,43,24,47,327,47,1*78
1776370083.266,$GBGSV,2,1,07,07,54,160,47,08,39,191,44,09,43,341,46,10,48,174,46,3*7E
1776370083.267,$GBGSV,2,2,07,13,47,206,43,14,60,306,51,16,41,013,44,3*43
1776370083.267,$GBGSV,3,1,10,01,37,105,,02,66,235,,03,70,144,,04,21,101,,0*71
1776370083.268,$GBGSV,3,2,10,04,21,101,,05,41,259,,11,02,199,,12,20,154,,0*7C
1776370083.268,$GBGSV,3,3,10,12,20,154,,21,33,157,,0*77
1776370083.269,$GNGLL,1339.10021,N,10029.57310,E,200803.00,A,D*7B
1776370084.235,$GNRMC,200804.00,A,1339.10026,N,10029.57257,E,1.838,276.46,160426,0.53,W,D,V*4F
1776370084.238,$GNVTG,276.46,T,276.99,M,1.838,N,3.403,K,D*3C
1776370084.240,$GNGGA,200804.00,1339.10026,N,10029.57257,E,2,12,0.52,-0.9,M,-27.8,M,,0499*4E
1776370084.242,$GNGSA,A,3,32,16,26,27,04,40,31,03,08,,,,1.17,0.52,1.05,1*0B
1776370084.243,$GNGSA,A,3,70,73,80,79,69,68,,,,,,,1.17,0.52,1.05,2*02
1776370084.244,$GNGSA,A,3,08,02,03,05,25,30,,,,,,,1.17,0.52,1.05,3*0F
1776370084.245,$GNGSA,A,3,24,08,09,06,10,14,16,13,,,,,1.17,0.52,1.05,4*00
1776370084.246,$GPGSV,3,1,10,03,42,262,44,04,31,332,42,08,32,185,41,16,64,355,46,1*62
1776370084.247,$GPGSV,3,2,10,26,35,025,43,27,52,147,46,31,30,043,40,40,36,259,45,1*68
1776370084.248,$GPGSV,3,3,10,41,64,233,47,42,70,217,46,1*64
1776370084.249,$GPGSV,2,1,08,03,42,262,41,04,31,332,44,08,32,185,40,26,35,025,40,6*6A
1776370084.249,$GPGSV,2,2,08,27,52,147,45,28,16,067,18,31,30,043,38,32,17,133,21,6*67
1776370084.250,$GPGSV,1,1,04,01,02,222,,02,05,195,,09,02,323,,50,56,115,,0*60
1776370084.251,$GLGSV,2,1,07,68,25,153,46,69,77,142,51,70,46,336,48,73,26,268,47,1*7C
1776370084.251,$GLGSV,2,2,07,79,12,026,24,80,41,335,48,,,,39,1*7E
1776370084.252,$GLGSV,2,1,06,68,25,153,42,69,77,142,47,70,46,336,49,73,26,268,45,3*7F
1776370084.253,$GLGSV,2,2,06,79,12,026,25,80,41,335,47,3*79
1776370084.253,$GLGSV,1,1,03,81,02,075,,82,08,118,,83,03,165,,0*43
1776370084.254,$GAGSV,2,1,07,02,75,329,49,03,65,055,50,05,28,119,37,08,34,336,46,2*7B
1776370084.255,$GAGSV,2,2,07,25,28,031,47,30,36,232,45,32,55,355,50,2*4E
1776370084.255,$GAGSV,2,1,07,02,75,329,46,03,65,055,46,05,28,119,30,08,34,336,44,7*73
1776370084.256,$GAGSV,2,2,07,25,28,031,40,30,36,232,41,32,55,355,44,7*4D
1776370084.256,$GAGSV,1,1,02,15,05,225,,34,07,178,,0*7C
1776370084.257,$GBGSV,2,1,08,06,31,181,39,08,39,191,36,09,43,341,42,10,48,174,41,1*71
1776370084.258,$GBGSV,2,2,08,13,47,206,43,14,60,306,46,16,41,013,41,24,47,327,48,1*72
1776370084.259,$GBGSV,2,1,07,07,54,160,48,08,39,191,42,09,43,341,46,10,48,174,46,3*77
1776370084.259,$GBGSV,2,2,07,13,47,206,43,14,60,306,51,16,41,013,45,3*42
1776370084.260,$GBGSV,3,1,10,01,37,105,,02,66,235,,03,70,144,,04,21,101,,0*71
1776370084.261,$GBGSV,3,2,10,04,21,101,,05,41,259,,11,02,199,,12,20,154,,0*7C
1776370084.261,$GBGSV,3,3,10,12,20,154,,21,33,157,,0*77
1776370084.262,$GNGLL,1339.10026,N,10029.57257,E,200804.00,A,D*79
1776370085.243,$GNRMC,200805.00,A,1339.10031,N,10029.57204,E,1.781,274.83,160426,0.53,W,D,V*48
1776370085.244,$GNVTG,274.83,T,275.36,M,1.781,N,3.298,K,D*38
1776370085.246,$GNGGA,200805.00,1339.10031,N,10029.57204,E,2,12,0.52,-0.9,M,-27.8,M,,0499*4F
1776370085.247,$GNGSA,A,3,32,16,26,27,04,40,31,03,08,,,,1.17,0.52,1.05,1*0B
1776370085.248,$GNGSA,A,3,70,73,80,79,69,68,,,,,,,1.17,0.52,1.05,2*02
1776370085.250,$GNGSA,A,3,08,02,03,05,25,30,,,,,,,1.17,0.52,1.05,3*0F
1776370085.251,$GNGSA,A,3,24,08,09,06,10,14,16,13,,,,,1.17,0.52,1.05,4*00
1776370085.252,$GPGSV,3,1,10,03,42,262,45,04,31,332,42,08,32,185,34,16,64,355,46,1*61
1776370085.253,$GPGSV,3,2,10,26,35,025,40,27,52,147,46,31,30,043,43,40,36,259,45,1*68
1776370085.254,$GPGSV,3,3,10,41,64,233,48,42,70,217,48,1*65
1776370085.255,$GPGSV,2,1,08,03,42,262,41,04,31,332,43,08,32,185,38,26,35,025,38,6*6D
1776370085.255,$GPGSV,2,2,08,27,52,147,45,28,16,067,21,31,30,043,40,32,17,133,22,6*61
1776370085.256,$GPGSV,1,1,04,01,02,222,,02,05,195,,09,02,323,,50,56,115,,0*60
1776370085.257,$GLGSV,2,1,07,68,25,153,44,69,77,142,50,70,46,336,49,73,26,268,48,1*71
1776370085.258,$GLGSV,2,2,07,79,12,026,29,80,41,335,48,,,,38,1*72
1776370085.259,$GLGSV,2,1,06,68,25,153,39,69,77,142,47,70,46,336,49,73,26,268,46,3*70
1776370085.259,$GLGSV,2,2,06,79,12,026,24,80,41,335,47,3*78
1776370085.260,$GLGSV,1,1,03,81,02,075,,82,08,118,,83,03,165,,0*43
1776370085.260,$GAGSV,2,1,07,02,75,329,49,03,65,055,50,05,28,119,37,08,34,336,47,2*7A
1776370085.261,$GAGSV,2,2,07,25,28,031,47,30,36,232,41,32,55,355,50,2*4A
1776370085.261,$GAGSV,2,1,07,02,75,329,46,03,65,055,46,05,28,119,32,08,34,336,43,7*76
1776370085.262,$GAGSV,2,2,07,25,28,031,41,30,36,232,32,32,55,355,45,7*49
1776370085.263,$GAGSV,1,1,02,15,05,225,,34,07,178,,0*7C
1776370085.263,$GBGSV,2,1,08,06,31,181,45,08,39,191,35,09,43,341,42,10,48,174,40,1*78
1776370085.264,$GBGSV,2,2,08,13,47,206,42,14,60,306,47,16,41,013,41,24,47,327,46,1*7C
1776370085.264,$GBGSV,2,1,07,07,54,160,48,08,39,191,42,09,43,341,46,10,48,174,46,3*77
1776370085.265,$GBGSV,2,2,07,13,47,206,44,14,60,306,51,16,41,013,45,3*45
1776370085.267,$GBGSV,3,1,10,01,37,105,,02,66,235,,03,70,144,,04,21,101,,0*71
1776370085.267,$GBGSV,3,2,10,04,21,101,,05,41,259,,11,02,199,,12,20,154,,0*7C
1776370085.268,$GBGSV,3,3,10,12,20,154,,21,33,157,,0*77
1776370085.268,$GNGLL,1339.10031,N,10029.57204,E,200805.00,A,D*78
1776370086.249,$GNRMC,200806.00,A,1339.10035,N,10029.57150,E,1.856,274.98,160426,0.53,W,D,V*42
1776370086.252,$GNVTG,274.98,T,275.51,M,1.856,N,3.437,K,D*35
1776370086.254,$GNGGA,200806.00,1339.10035,N,10029.57150,E,2,12,0.52,-0.9,M,-27.8,M,,0499*4A
1776370086.256,$GNGSA,A,3,32,16,26,27,04,40,31,03,08,,,,1.17,0.52,1.05,1*0B
1776370086.258,$GNGSA,A,3,70,73,80,79,69,68,,,,,,,1.17,0.52,1.05,2*02
1776370086.259,$GNGSA,A,3,08,02,03,05,25,30,,,,,,,1.17,0.52,1.05,3*0F
1776370086.261,$GNGSA,A,3,24,08,09,06,10,14,16,13,,,,,1.17,0.52,1.05,4*00
1776370086.264,$GPGSV,3,1,10,03,42,262,45,04,31,332,43,08,32,185,31,16,64,355,44,1*67
1776370086.268,$GPGSV,3,2,10,26,35,025,38,27,52,147,44,31,30,043,43,40,36,259,46,1*66
1776370086.270,$GPGSV,3,3,10,41,64,233,48,42,70,217,46,1*6B
1776370086.272,$GPGSV,2,1,08,03,42,262,41,04,31,332,42,08,32,185,40,26,35,025,38,6*63
1776370086.274,$GPGSV,2,2,08,27,52,147,45,28,16,067,20,31,30,043,41,32,17,133,21,6*62
1776370086.275,$GPGSV,1,1,04,01,02,222,,02,05,195,,09,02,323,,50,56,115,,0*60
1776370086.277,$GLGSV,2,1,07,68,25,153,47,69,77,142,50,70,46,336,48,73,26,268,48,1*73
1776370086.278,$GLGSV,2,2,07,79,12,026,30,80,41,335,47,,,,40,1*7A
1776370086.280,$GLGSV,2,1,06,68,25,153,42,69,77,142,48,70,46,336,49,73,26,268,45,3*70
1776370086.280,$GLGSV,2,2,06,79,12,026,26,80,41,335,47,3*7A
1776370086.281,$GLGSV,1,1,03,81,02,075,,82,08,118,,83,03,165,,0*43
1776370086.283,$GAGSV,2,1,07,02,75,329,50,03,65,055,50,05,28,119,39,08,34,336,47,2*7C
1776370086.284,$GAGSV,2,2,07,25,28,031,45,30,36,232,42,32,55,355,50,2*4B
1776370086.285,$GAGSV,2,1,07,02,75,329,46,03,65,055,46,05,28,119,36,08,34,336,43,7*72
1776370086.286,$GAGSV,2,2,07,25,28,031,41,30,36,232,35,32,55,355,45,7*4E
1776370086.287,$GAGSV,1,1,02,15,05,225,,34,07,178,,0*7C
1776370086.288,$GBGSV,2,1,08,06,31,181,39,08,39,191,36,09,43,341,41,10,48,174,41,1*72
1776370086.289,$GBGSV,2,2,08,13,47,206,44,14,60,306,47,16,41,013,43,24,47,327,48,1*76
1776370086.289,$GBGSV,2,1,07,07,54,160,48,08,39,191,41,09,43,341,45,10,48,174,46,3*77
1776370086.290,$GBGSV,2,2,07,13,47,206,45,14,60,306,51,16,41,013,44,3*45
1776370086.291,$GBGSV,3,1,10,01,37,105,,02,66,235,,03,70,144,,04,21,101,,0*71
1776370086.291,$GBGSV,3,2,10,04,21,101,,05,41,259,,11,02,199,,12,20,154,,0*7C
1776370086.292,$GBGSV,3,3,10,12,20,154,,21,33,157,,0*77
1776370086.292,$GNGLL,1339.10035,N,10029.57150,E,200806.00,A,D*7D
1776370087.242,$GNRMC,200807.00,A,1339.10040,N,10029.57096,E,1.845,275.06,160426,0.53,W,D,V*4E
1776370087.245,$GNVTG,275.06,T,275.59,M,1.845,N,3.418,K,D*34
1776370087.248,$GNGGA,200807.00,1339.10040,N,10029.57096,E,2,12,0.52,-0.8,M,-27.8,M,,0499*43
1776370087.250,$GNGSA,A,3,32,16,26,27,04,40,31,03,08,,,,1.17,0.52,1.05,1*0B
1776370087.251,$GNGSA,A,3,70,73,80,79,69,68,,,,,,,1.17,0.52,1.05,2*02
1776370087.252,$GNGSA,A,3,08,02,03,05,25,30,,,,,,,1.17,0.52,1.05,3*0F
1776370087.253,$GNGSA,A,3,24,08,09,06,10,14,16,13,,,,,1.17,0.52,1.05,4*00
1776370087.255,$GPGSV,3,1,11,03,42,262,46,04,31,332,43,08,32,185,39,16,64,355,45,1*6C
1776370087.256,$GPGSV,3,2,11,26,35,025,37,27,52,147,45,31,30,043,40,32,17,133,26,1*65
1776370087.257,$GPGSV,3,3,11,40,36,259,45,41,64,233,48,42,70,217,47,1*55
1776370087.258,$GPGSV,2,1,08,03,42,262,42,04,31,332,43,08,32,185,39,26,35,025,38,6*6F
1776370087.259,$GPGSV,2,2,08,27,52,147,45,28,16,067,21,31,30,043,40,32,17,133,22,6*61
1776370087.260,$GPGSV,1,1,04,01,02,222,,02,05,195,,09,02,323,,50,56,115,,0*60
1776370087.260,$GLGSV,2,1,07,68,25,153,43,69,77,142,50,70,46,336,51,73,26,268,48,1*7F
1776370087.261,$GLGSV,2,2,07,79,12,026,29,80,41,335,48,,,,41,1*7C
1776370087.262,$GLGSV,2,1,06,68,25,153,43,69,77,142,47,70,46,336,47,73,26,268,45,3*70
1776370087.262,$GLGSV,2,2,06,79,12,026,26,80,41,335,47,3*7A
1776370087.263,$GLGSV,1,1,03,81,02,075,,82,08,118,,83,03,165,,0*43
1776370087.264,$GAGSV,2,1,07,02,75,329,50,03,65,055,50,05,28,119,39,08,34,336,47,2*7C
1776370087.265,$GAGSV,2,2,07,25,28,031,44,30,36,232,43,32,55,355,50,2*4B
1776370087.265,$GAGSV,2,1,07,02,75,329,47,03,65,055,45,05,28,119,37,08,34,336,43,7*71
1776370087.266,$GAGSV,2,2,07,25,28,031,39,30,36,232,39,32,55,355,45,7*4D
1776370087.267,$GAGSV,1,1,02,15,05,225,,34,07,178,,0*7C
1776370087.269,$GBGSV,2,1,08,06,31,181,39,08,39,191,37,09,43,341,39,10,48,174,41,1*7C
1776370087.270,$GBGSV,2,2,08,13,47,206,41,14,60,306,48,16,41,013,43,24,47,327,47,1*73
1776370087.271,$GBGSV,2,1,07,07,54,160,46,08,39,191,42,09,43,341,46,10,48,174,45,3*7A
1776370087.272,$GBGSV,2,2,07,13,47,206,45,14,60,306,50,16,41,013,43,3*43
1776370087.273,$GBGSV,3,1,10,01,37,105,,02,66,235,,03,70,144,,04,21,101,,0*71
1776370087.274,$GBGSV,3,2,10,04,21,101,,05,41,259,,11,02,199,,12,20,154,,0*7C
1776370087.274,$GBGSV,3,3,10,12,20,154,,21,33,157,,0*77
1776370087.275,$GNGLL,1339.10040,N,10029.57096,E,200807.00,A,D*75
1776370088.244,$GNRMC,200808.00,A,1339.10045,N,10029.57043,E,1.822,275.42,160426,0.53,W,D,V*4D
1776370088.246,$GNVTG,275.42,T,275.95,M,1.822,N,3.375,K,D*39
1776370088.248,$GNGGA,200808.00,1339.10045,N,10029.57043,E,2,12,0.52,-0.7,M,-27.8,M,,0499*4E
1776370088.250,$GNGSA,A,3,32,16,26,27,04,40,31,03,08,,,,1.17,0.52,1.05,1*0B
1776370088.253,$GNGSA,A,3,70,73,80,79,69,68,,,,,,,1.17,0.52,1.05,2*02
1776370088.255,$GNGSA,A,3,08,02,03,05,25,30,,,,,,,1.17,0.52,1.05,3*0F
1776370088.257,$GNGSA,A,3,24,08,09,06,10,14,16,13,,,,,1.17,0.52,1.05,4*00
1776370088.259,$GPGSV,3,1,10,03,42,262,44,04,31,332,42,08,32,185,35,16,64,355,45,1*62
1776370088.260,$GPGSV,3,2,10,26,35,025,38,27,52,147,45,31,30,043,43,40,36,259,44,1*65
1776370088.261,$GPGSV,3,3,10,41,64,233,48,42,70,217,46,1*6B
1776370088.263,$GPGSV,2,1,08,03,42,262,43,04,31,332,43,08,32,185,39,26,35,025,39,6*6F
1776370088.264,$GPGSV,2,2,08,27,52,147,45,28,16,067,19,31,30,043,41,32,17,133,23,6*6A
1776370088.265,$GPGSV,1,1,04,01,02,222,,02,05,195,,09,02,323,,50,56,115,,0*60
1776370088.266,$GLGSV,2,1,07,68,25,153,44,69,77,142,51,70,46,336,49,73,26,268,48,1*70
1776370088.267,$GLGSV,2,2,07,79,12,026,22,80,41,335,48,,,,41,1*77
1776370088.269,$GLGSV,2,1,06,68,25,153,40,69,77,142,48,70,46,336,48,73,26,268,45,3*73
1776370088.271,$GLGSV,2,2,06,79,12,026,26,80,41,335,46,3*7B
1776370088.272,$GLGSV,1,1,03,81,02,075,,82,08,118,,83,03,165,,0*43
1776370088.274,$GAGSV,2,1,07,02,75,329,50,03,65,055,50,05,28,119,41,08,34,336,48,2*7C
1776370088.275,$GAGSV,2,2,07,25,28,031,41,30,36,232,47,32,55,355,50,2*4A
1776370088.276,$GAGSV,2,1,07,02,75,329,47,03,65,055,45,05,28,119,39,08,34,336,43,7*7F
1776370088.277,$GAGSV,2,2,07,25,28,031,37,30,36,232,42,32,55,355,46,7*4C
1776370088.278,$GAGSV,1,1,02,15,05,225,,34,07,178,,0*7C
1776370088.279,$GBGSV,2,1,08,06,31,181,34,08,39,191,36,09,43,341,41,10,48,174,43,1*7D
1776370088.280,$GBGSV,2,2,08,13,47,206,40,14,60,306,48,16,41,013,42,24,47,327,47,1*73
1776370088.281,$GBGSV,2,1,07,07,54,160,48,08,39,191,43,09,43,341,44,10,48,174,45,3*77
1776370088.282,$GBGSV,2,2,07,13,47,206,45,14,60,306,51,16,41,013,45,3*44
1776370088.283,$GBGSV,3,1,10,01,37,105,,02,66,235,,03,70,144,,04,21,101,,0*71
1776370088.284,$GBGSV,3,2,10,04,21,101,,05,41,259,,11,02,199,,12,20,154,,0*7C
1776370088.285,$GBGSV,3,3,10,12,20,154,,21,33,157,,0*77
1776370088.286,$GNGLL,1339.10045,N,10029.57043,E,200808.00,A,D*77
1776370089.246,$GNRMC,200809.00,A,1339.10049,N,10029.56990,E,1.795,274.86,160426,0.53,W,D,V*4C
1776370089.247,$GNVTG,274.86,T,275.39,M,1.795,N,3.324,K,D*31
1776370089.250,$GNGGA,200809.00,1339.10049,N,10029.56990,E,2,12,0.52,-0.7,M,-27.8,M,,0499*45
1776370089.252,$GNGSA,A,3,32,16,26,27,04,40,31,03,08,,,,1.17,0.52,1.05,1*0B
1776370089.254,$GNGSA,A,3,70,73,80,79,69,68,,,,,,,1.17,0.52,1.05,2*02
1776370089.255,$GNGSA,A,3,08,02,03,05,25,30,,,,,,,1.17,0.52,1.05,3*0F
1776370089.257,$GNGSA,A,3,24,08,09,06,10,14,16,13,,,,,1.17,0.52,1.05,4*00
1776370089.260,$GPGSV,3,1,10,03,42,262,45,04,31,332,44,08,32,185,36,16,64,355,46,1*65
1776370089.264,$GPGSV,3,2,10,26,35,025,38,27,52,147,46,31,30,043,42,40,36,259,43,1*60
1776370089.266,$GPGSV,3,3,10,41,64,233,47,42,70,217,46,1*64
1776370089.268,$GPGSV,2,1,08,03,42,262,42,04,31,332,45,08,32,185,35,26,35,025,36,6*6B
1776370089.270,$GPGSV,2,2,08,27,52,147,45,28,16,067,18,31,30,043,41,32,17,133,24,6*6C
1776370089.272,$GPGSV,1,1,04,01,02,222,,02,05,195,,09,02,323,,50,56,115,,0*60
1776370089.274,$GLGSV,2,1,07,68,25,153,44,69,77,142,50,70,46,336,49,73,26,268,48,1*71
1776370089.275,$GLGSV,2,2,07,79,12,026,29,80,41,335,46,,,,39,1*7D
1776370089.276,$GLGSV,2,1,06,68,25,153,39,69,77,142,46,70,46,336,48,73,26,268,43,3*75
1776370089.277,$GLGSV,2,2,06,79,12,026,25,80,41,335,47,3*79
1776370089.278,$GLGSV,1,1,03,81,02,075,,82,08,118,,83,03,165,,0*43
1776370089.279,$GAGSV,2,1,07,02,75,329,50,03,65,055,50,05,28,119,43,08,34,336,48,2*7E
1776370089.279,$GAGSV,2,2,07,25,28,031,38,30,36,232,47,32,55,355,50,2*44
1776370089.280,$GAGSV,2,1,07,02,75,329,47,03,65,055,45,05,28,119,40,08,34,336,44,7*76
1776370089.281,$GAGSV,2,2,07,25,28,031,34,30,36,232,39,32,55,355,45,7*40
1776370089.281,$GAGSV,1,1,02,15,05,225,,34,07,178,,0*7C
1776370089.282,$GBGSV,2,1,08,06,31,181,37,08,39,191,34,09,43,341,42,10,48,174,42,1*7E
1776370089.283,$GBGSV,2,2,08,13,47,206,40,14,60,306,47,16,41,013,44,24,47,327,46,1*7B
1776370089.284,$GBGSV,2,1,07,07,54,160,47,08,39,191,39,09,43,341,45,10,48,174,45,3*74
1776370089.285,$GBGSV,2,2,07,13,47,206,42,14,60,306,50,16,41,013,46,3*41
1776370089.286,$GBGSV,3,1,10,01,37,105,,02,66,235,,03,70,144,,04,21,101,,0*71
1776370089.287,$GBGSV,3,2,10,04,21,101,,05,41,259,,11,02,199,,12,20,154,,0*7C
1776370089.287,$GBGSV,3,3,10,12,20,154,,21,33,157,,0*77
1776370089.288,$GNGLL,1339.10049,N,10029.56990,E,200809.00,A,D*7C
1776370090.246,$GNRMC,200810.00,A,1339.10053,N,10029.56939,E,1.765,275.41,160426,0.53,W,D,V*49
1776370090.248,$GNVTG,275.41,T,275.94,M,1.765,N,3.270,K,D*33
1776370090.250,$GNGGA,200810.00,1339.10053,N,10029.56939,E,2,12,0.52,-0.6,M,-27.8,M,,0499*44
1776370090.253,$GNGSA,A,3,32,16,26,27,04,40,31,03,08,,,,1.17,0.52,1.05,1*0B
1776370090.255,$GNGSA,A,3,70,73,80,79,69,68,,,,,,,1.17,0.52,1.05,2*02
1776370090.257,$GNGSA,A,3,08,02,03,05,25,30,,,,,,,1.17,0.52,1.05,3*0F
1776370090.259,$GNGSA,A,3,24,08,09,06,10,14,16,13,,,,,1.17,0.52,1.05,4*00
1776370090.260,$GPGSV,3,1,10,03,42,262,45,04,31,332,43,08,32,185,33,16,64,355,46,1*67
1776370090.261,$GPGSV,3,2,10,26,35,025,40,27,52,147,44,31,30,043,41,40,36,259,44,1*69
1776370090.262,$GPGSV,3,3,10,41,64,233,47,42,70,217,46,1*64
1776370090.263,$GPGSV,2,1,08,03,42,262,40,04,31,332,45,08,32,185,38,26,35,025,38,6*6A
1776370090.265,$GPGSV,2,2,08,27,52,147,43,28,16,067,18,31,30,043,41,32,17,133,22,6*6C
1776370090.266,$GPGSV,1,1,04,01,02,222,,02,05,195,,09,02,323,,50,56,115,,0*60
1776370090.267,$GLGSV,2,1,07,68,25,153,46,69,77,142,50,70,46,336,49,73,26,268,48,1*73
1776370090.268,$GLGSV,2,2,07,79,12,026,27,80,41,335,49,,,,38,1*7D
1776370090.269,$GLGSV,2,1,06,68,25,153,42,69,77,142,47,70,46,336,46,73,26,268,45,3*70
1776370090.269,$GLGSV,2,2,06,79,12,026,25,80,41,335,47,3*79
1776370090.270,$GLGSV,1,1,03,81,02,075,,82,08,118,,83,03,165,,0*43
1776370090.271,$GAGSV,2,1,07,02,75,329,50,03,65,055,50,05,28,119,43,08,34,336,46,2*70
1776370090.272,$GAGSV,2,2,07,25,28,031,33,30,36,232,44,32,55,355,50,2*4C
1776370090.273,$GAGSV,2,1,07,02,75,329,45,03,65,055,46,05,28,119,39,08,34,336,42,7*7F
1776370090.273,$GAGSV,2,2,07,25,28,031,30,30,36,232,43,32,55,355,44,7*48
1776370090.274,$GAGSV,1,1,02,15,05,225,,34,07,178,,0*7C
1776370090.274,$GBGSV,2,1,08,06,31,181,35,08,39,191,37,09,43,341,42,10,48,174,41,1*7C
1776370090.275,$GBGSV,2,2,08,13,47,206,40,14,60,306,47,16,41,013,42,24,47,327,47,1*7C
1776370090.276,$GBGSV,2,1,07,07,54,160,47,08,39,191,41,09,43,341,46,10,48,174,44,3*79
1776370090.276,$GBGSV,2,2,07,13,47,206,41,14,60,306,51,16,41,013,46,3*43
1776370090.277,$GBGSV,3,1,10,01,37,105,,02,66,235,,03,70,144,,04,21,101,,0*71
1776370090.277,$GBGSV,3,2,10,04,21,101,,05,41,259,,11,02,199,,12,20,154,,0*7C
1776370090.277,$GBGSV,3,3,10,12,20,154,,21,33,157,,0*77
1776370090.278,$GNGLL,1339.10053,N,10029.56939,E,200810.00,A,D*7C
1776370091.244,$GNRMC,200811.00,A,1339.10058,N,10029.56888,E,1.767,275.39,160426,0.53,W,D,V*45
1776370091.246,$GNVTG,275.39,T,275.92,M,1.767,N,3.273,K,D*3B
1776370091.247,$GNGGA,200811.00,1339.10058,N,10029.56888,E,2,12,0.52,-0.6,M,-27.8,M,,0499*45
1776370091.248,$GNGSA,A,3,32,16,26,27,04,40,31,03,08,,,,1.17,0.52,1.05,1*0B
1776370091.248,$GNGSA,A,3,70,73,80,79,69,68,,,,,,,1.17,0.52,1.05,2*02
1776370091.249,$GNGSA,A,3,08,02,03,05,25,30,,,,,,,1.17,0.52,1.05,3*0F
1776370091.249,$GNGSA,A,3,24,08,09,06,10,14,16,13,,,,,1.17,0.52,1.05,4*00
1776370091.250,$GPGSV,3,1,10,03,42,262,44,04,31,332,42,08,32,185,38,16,64,355,45,1*6F
1776370091.251,$GPGSV,3,2,10,26,35,025,42,27,52,147,44,31,30,043,42,40,36,259,42,1*6E
1776370091.251,$GPGSV,3,3,10,41,64,233,47,42,70,217,46,1*64
1776370091.252,$GPGSV,2,1,08,03,42,262,42,04,31,332,44,08,32,185,39,26,35,025,40,6*67
1776370091.253,$GPGSV,2,2,08,27,52,147,46,28,16,067,18,31,30,043,38,32,17,133,24,6*61
1776370091.253,$GPGSV,1,1,04,01,02,222,,02,05,195,,09,02,323,,50,56,115,,0*60
1776370091.254,$GLGSV,2,1,07,68,25,153,42,69,77,142,50,70,46,336,50,73,26,268,46,1*71
1776370091.255,$GLGSV,2,2,07,79,12,026,28,80,41,335,48,,,,41,1*7D
1776370091.255,$GLGSV,2,1,06,68,25,153,42,69,77,142,47,70,46,336,48,73,26,268,45,3*7E
1776370091.256,$GLGSV,2,2,06,79,12,026,23,80,41,335,47,3*7F
1776370091.256,$GLGSV,1,1,03,81,02,075,,82,08,118,,83,03,165,,0*43
1776370091.257,$GAGSV,2,1,07,02,75,329,50,03,65,055,50,05,28,119,45,08,34,336,47,2*77
1776370091.258,$GAGSV,2,2,07,25,28,031,33,30,36,232,46,32,55,355,50,2*4E
1776370091.258,$GAGSV,2,1,07,02,75,329,46,03,65,055,45,05,28,119,40,08,34,336,42,7*71
1776370091.259,$GAGSV,2,2,07,25,28,031,28,30,36,232,41,32,55,355,44,7*43
1776370091.259,$GAGSV,1,1,02,15,05,225,,34,07,178,,0*7C
1776370091.260,$GBGSV,2,1,08,06,31,181,39,08,39,191,37,09,43,341,41,10,48,174,42,1*70
1776370091.261,$GBGSV,2,2,08,13,47,206,40,14,60,306,46,16,41,013,40,24,47,327,47,1*7F
1776370091.261,$GBGSV,2,1,07,07,54,160,46,08,39,191,41,09,43,341,44,10,48,174,43,3*7D
1776370091.262,$GBGSV,2,2,07,13,47,206,43,14,60,306,51,16,41,013,44,3*43
1776370091.263,$GBGSV,3,1,10,01,37,105,,02,66,235,,03,70,144,,04,21,101,,0*71
1776370091.263,$GBGSV,3,2,10,04,21,101,,05,41,259,,11,02,199,,12,20,154,,0*7C
1776370091.264,$GBGSV,3,3,10,12,20,154,,21,33,157,,0*77
1776370091.264,$GNGLL,1339.10058,N,10029.56888,E,200811.00,A,D*7D
1776370092.247,$GNRMC,200812.00,A,1339.10062,N,10029.56837,E,1.785,274.46,160426,0.53,W,D,V*4E
1776370092.249,$GNVTG,274.46,T,274.99,M,1.785,N,3.306,K,D*37
1776370092.251,$GNGGA,200812.00,1339.10062,N,10029.56837,E,2,12,0.52,-0.6,M,-27.8,M,,0499*4B
1776370092.251,$GNGSA,A,3,32,16,26,27,04,40,31,03,08,,,,1.17,0.52,1.05,1*0B
1776370092.252,$GNGSA,A,3,70,73,80,79,69,68,,,,,,,1.17,0.52,1.05,2*02
1776370092.252,$GNGSA,A,3,08,02,03,05,25,30,,,,,,,1.17,0.52,1.05,3*0F
1776370092.253,$GNGSA,A,3,24,08,09,06,10,14,16,13,,,,,1.17,0.52,1.05,4*00
1776370092.253,$GPGSV,3,1,10,03,42,262,44,04,31,332,41,08,32,185,36,16,64,355,45,1*62
1776370092.254,$GPGSV,3,2,10,26,35,025,40,27,52,147,47,31,30,043,45,40,36,259,42,1*68
1776370092.255,$GPGSV,3,3,10,41,64,233,48,42,70,217,46,1*6B
1776370092.255,$GPGSV,2,1,08,03,42,262,42,04,31,332,41,08,32,185,37,26,35,025,41,6*6D
1776370092.256,$GPGSV,2,2,08,27,52,147,44,28,16,067,17,31,30,043,42,32,17,133,24,6*61
1776370092.257,$GPGSV,1,1,04,01,02,222,,02,05,195,,09,02,323,,50,56,115,,0*60
1776370092.257,$GLGSV,2,1,07,68,25,153,45,69,77,142,51,70,46,336,50,73,26,268,48,1*79
1776370092.258,$GLGSV,2,2,07,79,12,026,26,80,41,335,48,,,,41,1*73
1776370092.259,$GLGSV,2,1,06,68,25,153,41,69,77,142,46,70,46,336,47,73,26,268,44,3*72
1776370092.259,$GLGSV,2,2,06,79,12,026,23,80,41,335,48,3*70
1776370092.260,$GLGSV,1,1,03,81,02,075,,82,08,118,,83,03,165,,0*43
1776370092.260,$GAGSV,2,1,07,02,75,329,49,03,65,055,50,05,28,119,45,08,34,336,47,2*7F
1776370092.261,$GAGSV,2,2,07,25,28,031,36,30,37,232,46,32,55,355,51,2*4B
1776370092.262,$GAGSV,2,1,07,02,75,329,46,03,65,055,46,05,28,119,41,08,34,336,41,7*70
1776370092.262,$GAGSV,2,2,07,25,28,031,28,30,37,232,40,32,55,355,45,7*42
1776370092.263,$GAGSV,1,1,02,15,05,225,,34,07,178,,0*7C
1776370092.263,$GBGSV,2,1,08,06,31,181,33,08,39,191,37,09,43,341,41,10,48,174,40,1*78
1776370092.264,$GBGSV,2,2,08,13,47,206,41,14,60,306,47,16,41,013,42,24,47,327,47,1*7D
1776370092.265,$GBGSV,2,1,07,07,54,160,47,08,39,191,39,09,43,341,47,10,48,174,42,3*71
1776370092.265,$GBGSV,2,2,07,13,47,206,43,14,60,306,50,16,41,013,45,3*43
1776370092.266,$GBGSV,3,1,10,01,37,105,,02,66,235,,03,70,144,,04,21,101,,0*71
1776370092.267,$GBGSV,3,2,10,04,21,101,,05,41,259,,11,02,199,,12,20,154,,0*7C
1776370092.267,$GBGSV,3,3,10,12,20,154,,21,33,157,,0*77
1776370092.268,$GNGLL,1339.10062,N,10029.56837,E,200812.00,A,D*73
1776370093.241,$GNRMC,200813.00,A,1339.10067,N,10029.56785,E,1.825,275.30,160426,0.53,W,D,V*49
1776370093.244,$GNVTG,275.30,T,275.84,M,1.825,N,3.379,K,D*37
1776370093.246,$GNGGA,200813.00,1339.10067,N,10029.56785,E,2,12,0.53,-0.6,M,-27.8,M,,0499*48
1776370093.248,$GNGSA,A,3,32,16,26,27,04,40,31,03,08,,,,1.31,0.53,1.19,1*03
1776370093.250,$GNGSA,A,3,70,73,80,69,68,,,,,,,,1.31,0.53,1.19,2*04
1776370093.251,$GNGSA,A,3,08,02,03,05,25,30,,,,,,,1.31,0.53,1.19,3*07
1776370093.252,$GNGSA,A,3,24,08,09,06,10,14,16,13,,,,,1.31,0.53,1.19,4*08
1776370093.253,$GPGSV,3,1,10,03,42,262,43,04,31,332,38,08,32,185,37,16,64,355,45,1*6A
1776370093.254,$GPGSV,3,2,10,26,35,025,42,27,52,147,46,31,30,043,42,40,36,259,44,1*6A
1776370093.255,$GPGSV,3,3,10,41,64,233,48,42,70,217,46,1*6B
1776370093.256,$GPGSV,2,1,08,03,42,262,42,04,31,332,38,08,32,185,30,26,35,025,41,6*64
1776370093.257,$GPGSV,2,2,08,27,52,147,45,28,16,067,18,31,30,043,41,32,17,133,25,6*6D
1776370093.258,$GPGSV,1,1,04,01,02,222,,02,05,195,,09,02,323,,50,56,115,,0*60
1776370093.258,$GLGSV,2,1,07,68,25,153,44,69,77,142,50,70,46,336,51,73,26,268,48,1*78
1776370093.259,$GLGSV,2,2,07,79,12,026,26,80,41,335,50,,,,38,1*74
1776370093.260,$GLGSV,2,1,06,68,25,153,35,69,77,142,47,70,46,336,49,73,26,268,44,3*7E
1776370093.261,$GLGSV,2,2,06,79,12,026,21,80,41,335,48,3*72
1776370093.261,$GLGSV,1,1,03,81,02,075,,82,08,118,,83,03,165,,0*43
1776370093.262,$GAGSV,2,1,07,02,75,329,49,03,65,055,50,05,28,119,45,08,34,336,47,2*7F
1776370093.263,$GAGSV,2,2,07,25,28,031,36,30,37,232,45,32,55,355,50,2*49
1776370093.263,$GAGSV,2,1,07,02,75,329,46,03,65,055,45,05,28,119,41,08,34,336,43,7*71
1776370093.264,$GAGSV,2,2,07,25,28,031,31,30,37,232,39,32,55,355,45,7*44
1776370093.265,$GAGSV,1,1,02,15,05,225,,34,07,178,,0*7C
1776370093.265,$GBGSV,2,1,08,06,31,181,38,08,39,191,31,09,43,341,40,10,48,174,39,1*7A
1776370093.266,$GBGSV,2,2,08,13,47,206,35,14,60,306,47,16,41,013,43,24,47,327,45,1*7D
1776370093.267,$GBGSV,2,1,07,07,54,160,46,08,39,191,43,09,43,341,47,10,48,174,44,3*7B
1776370093.268,$GBGSV,2,2,07,13,47,206,40,14,60,306,51,16,41,013,44,3*40
1776370093.269,$GBGSV,3,1,10,01,37,105,,02,66,235,,03,70,144,,04,21,101,,0*71
1776370093.270,$GBGSV,3,2,10,04,21,101,,05,41,259,,11,02,199,,12,20,154,,0*7C
1776370093.271,$GBGSV,3,3,10,12,20,154,,21,33,157,,0*77
1776370093.271,$GNGLL,1339.10067,N,10029.56785,E,200813.00,A,D*71
1776370094.248,$GNRMC,200814.00,A,1339.10072,N,10029.56733,E,1.843,276.73,160426,0.53,W,D,V*43
1776370094.250,$GNVTG,276.73,T,277.26,M,1.843,N,3.412,K,D*33
1776370094.252,$GNGGA,200814.00,1339.10072,N,10029.56733,E,2,12,0.51,-0.5,M,-27.8,M,,0499*47
1776370094.253,$GNGSA,A,3,32,16,26,27,04,40,28,31,03,08,,,1.21,0.51,1.09,1*0B
1776370094.255,$GNGSA,A,3,70,73,80,69,68,,,,,,,,1.21,0.51,1.09,2*06
1776370094.256,$GNGSA,A,3,08,02,03,05,25,30,,,,,,,1.21,0.51,1.09,3*05
1776370094.258,$GNGSA,A,3,24,08,09,06,10,14,16,13,,,,,1.21,0.51,1.09,4*0A
1776370094.260,$GPGSV,3,1,11,03,42,262,44,04,31,332,38,08,32,185,36,16,64,355,46,1*6E
1776370094.262,$GPGSV,3,2,11,26,35,025,44,27,52,147,45,31,30,043,44,32,17,133,30,1*62
1776370094.264,$GPGSV,3,3,11,40,36,259,44,41,64,233,46,42,70,217,46,1*5B
1776370094.267,$GPGSV,2,1,08,03,42,262,43,04,31,332,35,08,32,185,40,26,35,025,42,6*6C
1776370094.269,$GPGSV,2,2,08,27,52,147,45,28,16,067,21,31,30,043,41,32,17,133,26,6*64
1776370094.273,$GPGSV,1,1,04,01,02,222,,02,05,195,,09,02,323,,50,56,115,,0*60
1776370094.275,$GLGSV,2,1,07,68,25,153,44,69,77,142,51,70,46,336,50,73,26,268,47,1*77
1776370094.277,$GLGSV,2,2,07,79,12,026,25,80,41,335,47,,,,35,1*7C
1776370094.280,$GLGSV,2,1,06,68,25,153,41,69,77,142,47,70,46,336,48,73,26,268,45,3*7D
1776370094.282,$GLGSV,2,2,06,79,12,026,22,80,41,335,46,3*7F
1776370094.284,$GLGSV,1,1,03,81,02,075,,82,08,118,,83,03,165,,0*43
1776370094.286,$GAGSV,2,1,07,02,75,329,49,03,65,055,50,05,28,119,45,08,34,336,46,2*7E
1776370094.288,$GAGSV,2,2,07,25,28,031,28,30,37,232,46,32,55,356,50,2*46
1776370094.289,$GAGSV,2,1,07,02,75,329,47,03,65,055,45,05,28,119,39,08,34,336,43,7*7F
1776370094.290,$GAGSV,2,2,07,25,28,031,27,30,37,232,39,32,55,356,44,7*41
1776370094.291,$GAGSV,1,1,02,15,05,225,,34,07,178,,0*7C
1776370094.292,$GBGSV,2,1,08,06,31,181,33,08,39,191,37,09,43,341,40,10,48,174,41,1*78
1776370094.293,$GBGSV,2,2,08,13,47,206,43,14,60,306,47,16,41,013,43,24,47,327,46,1*7F
1776370094.294,$GBGSV,2,1,07,07,54,160,48,08,39,191,42,09,43,341,47,10,48,174,45,3*75
1776370094.295,$GBGSV,2,2,07,13,47,206,41,14,60,306,51,16,41,013,44,3*41
1776370094.295,$GBGSV,3,1,10,01,37,105,,02,66,235,,03,70,144,,04,21,101,,0*71
1776370094.296,$GBGSV,3,2,10,04,21,101,,05,41,259,,11,02,199,,12,20,154,,0*7C
1776370094.296,$GBGSV,3,3,10,12,20,154,,21,33,157,,0*77
1776370094.297,$GNGLL,1339.10072,N,10029.56733,E,200814.00,A,D*7F
1776370095.244,$GNRMC,200815.00,A,1339.10078,N,10029.56681,E,1.809,274.22,160426,0.53,W,D,V*48
1776370095.246,$GNVTG,274.22,T,274.75,M,1.809,N,3.350,K,D*3F
1776370095.249,$GNGGA,200815.00,1339.10078,N,10029.56681,E,2,12,0.50,-0.5,M,-27.8,M,,0499*45
1776370095.251,$GNGSA,A,3,32,16,26,27,04,40,28,31,03,08,,,1.15,0.50,1.04,1*00
1776370095.252,$GNGSA,A,3,70,73,80,69,68,,,,,,,,1.15,0.50,1.04,2*0D
1776370095.254,$GNGSA,A,3,08,02,03,05,25,30,,,,,,,1.15,0.50,1.04,3*0E
1776370095.256,$GNGSA,A,3,24,08,09,06,10,14,16,13,,,,,1.15,0.50,1.04,4*01
1776370095.260,$GPGSV,3,1,11,03,42,262,43,04,31,332,27,08,32,185,40,16,64,355,46,1*66
1776370095.264,$GPGSV,3,2,11,26,35,025,43,27,52,147,44,31,30,043,40,32,17,133,31,1*61
1776370095.266,$GPGSV,3,3,11,40,36,259,44,41,64,233,46,42,70,217,46,1*5B
1776370095.268,$GPGSV,2,1,08,03,42,262,44,04,31,332,32,08,32,185,39,26,35,025,43,6*63
1776370095.269,$GPGSV,2,2,08,27,52,147,44,28,16,067,25,31,30,043,41,32,17,133,31,6*67
1776370095.272,$GPGSV,1,1,04,01,02,222,,02,05,195,,09,02,323,,50,56,115,,0*60
1776370095.274,$GLGSV,2,1,07,68,25,153,42,69,77,142,51,70,46,336,48,73,26,268,44,1*7B
1776370095.275,$GLGSV,2,2,07,79,12,026,24,80,41,335,49,,,,32,1*74
1776370095.276,$GLGSV,2,1,06,68,25,153,40,69,77,142,47,70,46,336,49,73,26,268,46,3*7E
1776370095.277,$GLGSV,2,2,06,79,12,026,21,80,41,335,48,3*72
1776370095.277,$GLGSV,1,1,03,81,02,075,,82,08,118,,83,03,165,,0*43
1776370095.278,$GAGSV,2,1,07,02,75,329,49,03,65,055,51,05,28,119,45,08,34,336,44,2*7D
1776370095.279,$GAGSV,2,2,07,25,28,031,35,30,37,232,45,32,55,356,50,2*49
1776370095.280,$GAGSV,2,1,07,02,75,329,48,03,65,055,45,05,28,119,39,08,34,336,41,7*72
1776370095.280,$GAGSV,2,2,07,25,28,031,27,30,37,232,41,32,55,356,45,7*4F
1776370095.281,$GAGSV,1,1,02,15,05,225,,34,07,178,,0*7C
1776370095.282,$GBGSV,2,1,08,06,31,181,36,08,39,191,28,09,43,341,43,10,48,174,41,1*70
1776370095.282,$GBGSV,2,2,08,13,47,206,40,14,60,306,48,16,41,013,42,24,47,327,48,1*7C
1776370095.283,$GBGSV,2,1,07,07,54,160,48,08,39,191,41,09,43,341,46,10,48,174,43,3*71
1776370095.284,$GBGSV,2,2,07,13,47,206,42,14,60,306,50,16,41,013,45,3*42
1776370095.284,$GBGSV,3,1,10,01,37,105,,02,66,235,,03,70,144,,04,21,101,,0*71
1776370095.285,$GBGSV,3,2,10,04,21,101,,05,41,259,,11,02,199,,12,20,154,,0*7C
1776370095.285,$GBGSV,3,3,10,12,20,154,,21,33,157,,0*77
1776370095.286,$GNGLL,1339.10078,N,10029.56681,E,200815.00,A,D*7C
1776370096.246,$GNRMC,200816.00,A,1339.10082,N,10029.56629,E,1.778,274.60,160426,0.53,W,D,V*43
1776370096.249,$GNVTG,274.60,T,275.13,M,1.778,N,3.294,K,D*38
1776370096.250,$GNGGA,200816.00,1339.10082,N,10029.56629,E,2,12,0.50,-0.5,M,-27.8,M,,0499*41
1776370096.251,$GNGSA,A,3,32,16,26,27,04,40,28,31,03,08,,,1.15,0.50,1.04,1*00
1776370096.252,$GNGSA,A,3,70,73,80,69,68,,,,,,,,1.15,0.50,1.04,2*0D
1776370096.253,$GNGSA,A,3,08,02,03,05,25,30,,,,,,,1.15,0.50,1.04,3*0E
1776370096.254,$GNGSA,A,3,24,08,09,06,10,14,16,13,,,,,1.15,0.50,1.04,4*01
1776370096.255,$GPGSV,3,1,11,03,42,262,44,04,31,332,29,08,32,185,35,16,64,355,46,1*6D
1776370096.257,$GPGSV,3,2,11,26,35,025,44,27,52,147,45,31,30,043,42,32,17,133,37,1*63
1776370096.258,$GPGSV,3,3,11,40,36,259,44,41,64,233,46,42,70,217,46,1*5B
1776370096.260,$GPGSV,2,1,08,03,42,262,42,04,31,332,26,08,32,185,33,26,35,025,44,6*6D
1776370096.261,$GPGSV,2,2,08,27,52,147,45,28,16,067,26,31,30,043,41,32,17,133,37,6*63
1776370096.262,$GPGSV,1,1,04,01,02,222,,02,05,195,,09,02,323,,50,56,115,,0*60
1776370096.262,$GLGSV,2,1,07,68,25,153,45,69,77,142,52,70,46,336,50,73,26,268,47,1*75
1776370096.263,$GLGSV,2,2,07,79,12,026,22,80,41,335,50,,,,26,1*7F
1776370096.264,$GLGSV,2,1,06,68,25,153,39,69,77,142,47,70,46,336,47,73,26,268,46,3*7E
1776370096.265,$GLGSV,2,2,06,79,12,026,20,80,41,335,47,3*7C
1776370096.265,$GLGSV,1,1,03,81,02,075,,82,08,118,,83,03,165,,0*43
1776370096.266,$GAGSV,2,1,07,02,75,329,50,03,65,055,50,05,28,119,44,08,34,336,40,2*71
1776370096.267,$GAGSV,2,2,07,25,28,031,32,30,37,232,43,32,55,356,50,2*48
1776370096.267,$GAGSV,2,1,07,02,75,329,47,03,65,055,45,05,28,119,41,08,34,336,35,7*71
1776370096.268,$GAGSV,2,2,07,25,28,031,26,30,37,232,39,32,55,356,45,7*41
1776370096.268,$GAGSV,1,1,02,15,05,225,,34,07,178,,0*7C
1776370096.269,$GBGSV,2,1,08,06,31,181,36,08,39,191,35,09,43,341,40,10,48,174,38,1*71
1776370096.269,$GBGSV,2,2,08,13,47,206,41,14,60,306,47,16,41,013,41,24,47,327,47,1*7E
1776370096.270,$GBGSV,2,1,07,07,54,160,47,08,39,191,38,09,43,341,46,10,48,174,44,3*77
1776370096.271,$GBGSV,2,2,07,13,47,206,42,14,60,306,51,16,41,013,45,3*43
1776370096.271,$GBGSV,3,1,10,01,37,105,,02,66,235,,03,70,144,,04,21,101,,0*71
1776370096.272,$GBGSV,3,2,10,04,21,101,,05,41,259,,11,02,199,,12,20,154,,0*7C
1776370096.273,$GBGSV,3,3,10,12,20,154,,21,33,157,,0*77
1776370096.273,$GNGLL,1339.10082,N,10029.56629,E,200816.00,A,D*78
1776370097.251,$GNRMC,200817.00,A,1339.10087,N,10029.56578,E,1.852,275.86,160426,0.53,W,D,V*4E
1776370097.252,$GNVTG,275.86,T,276.40,M,1.852,N,3.429,K,D*33
1776370097.253,$GNGGA,200817.00,1339.10087,N,10029.56578,E,2,12,0.50,-0.5,M,-27.8,M,,0499*42
1776370097.254,$GNGSA,A,3,32,16,26,27,04,40,28,31,03,08,,,1.15,0.50,1.04,1*00
1776370097.255,$GNGSA,A,3,70,73,80,69,68,,,,,,,,1.15,0.50,1.04,2*0D
1776370097.255,$GNGSA,A,3,08,02,03,05,25,30,,,,,,,1.15,0.50,1.04,3*0E
1776370097.257,$GNGSA,A,3,24,08,09,06,10,14,16,13,,,,,1.15,0.50,1.04,4*01
1776370097.258,$GPGSV,3,1,10,03,42,262,44,08,32,185,39,16,64,355,46,26,35,025,43,1*6D
1776370097.259,$GPGSV,3,2,10,27,52,147,45,31,30,043,44,32,17,133,36,40,36,259,43,1*68
1776370097.260,$GPGSV,3,3,10,41,64,233,47,42,70,217,46,1*64
1776370097.261,$GPGSV,2,1,08,03,42,262,43,04,31,332,27,08,32,185,38,26,35,025,43,6*61
1776370097.262,$GPGSV,2,2,08,27,52,147,45,28,16,067,25,31,30,043,41,32,17,133,26,6*60
1776370097.263,$GPGSV,1,1,04,01,02,222,,02,05,195,,09,02,323,,50,56,115,,0*60
1776370097.264,$GLGSV,2,1,07,68,25,153,34,69,77,142,51,70,46,336,49,73,26,268,49,1*76
1776370097.264,$GLGSV,2,2,07,79,12,026,23,80,41,335,46,,,,28,1*77
1776370097.265,$GLGSV,2,1,06,68,25,153,38,69,77,142,47,70,46,336,49,73,26,268,45,3*72
1776370097.266,$GLGSV,2,2,06,79,12,026,18,80,41,335,45,3*75
1776370097.266,$GLGSV,1,1,03,81,02,075,,82,08,118,,83,03,165,,0*43
1776370097.267,$GAGSV,2,1,07,02,75,329,50,03,65,055,50,05,28,119,45,08,34,336,38,2*7F
1776370097.268,$GAGSV,2,2,07,25,28,031,20,30,37,232,46,32,55,356,50,2*4E
1776370097.269,$GAGSV,2,1,07,02,75,329,47,03,65,055,45,05,28,119,41,08,34,336,35,7*71
1776370097.269,$GAGSV,2,2,07,25,28,031,31,30,37,232,40,32,55,356,44,7*48
1776370097.270,$GAGSV,1,1,02,15,05,225,,34,07,178,,0*7C
1776370097.270,$GBGSV,2,1,08,06,31,181,37,08,39,191,38,09,43,341,42,10,48,174,38,1*7F
1776370097.271,$GBGSV,2,2,08,13,47,206,42,14,60,306,47,16,41,013,42,24,47,327,47,1*7E
1776370097.272,$GBGSV,2,1,07,07,54,160,47,08,39,191,40,09,43,341,47,10,48,174,43,3*7E
1776370097.272,$GBGSV,2,2,07,13,47,206,45,14,60,306,51,16,41,013,44,3*45
1776370097.274,$GBGSV,3,1,10,01,37,105,,02,66,235,,03,70,144,,04,21,101,,0*71
1776370097.275,$GBGSV,3,2,10,04,21,101,,05,41,259,,11,02,199,,12,20,154,,0*7C
1776370097.276,$GBGSV,3,3,10,12,20,154,,21,33,157,,0*77
1776370097.277,$GNGLL,1339.10087,N,10029.56578,E,200817.00,A,D*7B
1776370098.247,$GNRMC,200818.00,A,1339.10092,N,10029.56526,E,1.804,276.37,160426,0.53,W,D,V*44
1776370098.248,$GNVTG,276.37,T,276.90,M,1.804,N,3.340,K,D*3C
1776370098.249,$GNGGA,200818.00,1339.10092,N,10029.56526,E,2,12,0.50,-0.5,M,-27.8,M,,0499*42
1776370098.250,$GNGSA,A,3,32,16,26,27,04,40,28,31,03,08,,,1.15,0.50,1.04,1*00
1776370098.251,$GNGSA,A,3,70,73,80,69,68,,,,,,,,1.15,0.50,1.04,2*0D
1776370098.252,$GNGSA,A,3,08,02,03,05,25,30,,,,,,,1.15,0.50,1.04,3*0E
1776370098.252,$GNGSA,A,3,24,08,09,06,10,14,16,13,,,,,1.15,0.50,1.04,4*01
1776370098.253,$GPGSV,3,1,12,01,02,222,27,03,42,262,44,04,31,332,21,08,32,185,34,1*67
1776370098.255,$GPGSV,3,2,12,16,64,355,45,26,35,025,43,27,52,147,45,31,30,043,42,1*62
1776370098.256,$GPGSV,3,3,12,32,17,133,34,40,36,259,44,41,64,233,47,42,70,217,46,1*68
1776370098.257,$GPGSV,2,1,08,03,42,262,43,04,31,332,27,08,32,185,33,26,35,025,43,6*6A
1776370098.259,$GPGSV,2,2,08,27,52,147,44,28,16,067,23,31,30,043,41,32,17,133,32,6*62
1776370098.260,$GPGSV,1,1,03,02,05,195,,09,02,323,,50,56,115,,0*56
1776370098.261,$GLGSV,2,1,07,68,25,153,40,69,77,142,51,70,46,336,51,73,26,268,47,1*72
1776370098.262,$GLGSV,2,2,07,79,12,026,23,80,41,335,41,,,,26,1*7E
1776370098.263,$GLGSV,2,1,06,68,25,153,35,69,77,142,47,70,46,336,49,73,26,268,45,3*7F
1776370098.264,$GLGSV,2,2,06,79,12,026,18,80,41,335,40,3*70
1776370098.265,$GLGSV,1,1,03,81,02,075,,82,08,118,,83,03,165,,0*43
1776370098.266,$GAGSV,2,1,07,02,75,329,50,03,65,055,50,05,28,119,45,08,34,336,36,2*71
1776370098.267,$GAGSV,2,2,07,25,28,031,34,30,37,232,47,32,55,356,50,2*4A
1776370098.268,$GAGSV,2,1,06,02,75,329,47,03,65,055,45,05,28,119,41,25,28,031,21,7*73
1776370098.268,$GAGSV,2,2,06,30,37,232,37,32,55,356,45,7*75
1776370098.269,$GAGSV,1,1,02,15,05,225,,34,07,178,,0*7C
1776370098.270,$GBGSV,2,1,08,06,31,181,32,08,39,191,40,09,43,341,40,10,48,174,39,1*76
1776370098.271,$GBGSV,2,2,08,13,47,206,42,14,60,306,47,16,41,013,42,24,47,327,48,1*71
1776370098.272,$GBGSV,2,1,07,07,54,160,47,08,39,191,43,09,43,341,44,10,48,174,41,3*7C
1776370098.273,$GBGSV,2,2,07,13,47,206,43,14,60,306,51,16,41,013,44,3*43
1776370098.274,$GBGSV,3,1,10,01,37,105,,02,66,235,,03,70,144,,04,21,101,,0*71
1776370098.275,$GBGSV,3,2,10,04,21,101,,05,41,259,,11,02,199,,12,20,154,,0*7C
1776370098.276,$GBGSV,3,3,10,12,20,154,,21,33,157,,0*77
1776370098.277,$GNGLL,1339.10092,N,10029.56526,E,200818.00,A,D*7B
1776370099.250,$GNRMC,200819.00,A,1339.10097,N,10029.56474,E,1.848,274.40,160426,0.53,W,D,V*4C
1776370099.252,$GNVTG,274.40,T,274.93,M,1.848,N,3.422,K,D*34
1776370099.254,$GNGGA,200819.00,1339.10097,N,10029.56474,E,2,12,0.51,-0.5,M,-27.8,M,,0499*41
1776370099.256,$GNGSA,A,3,32,16,26,27,40,28,31,03,04,08,,,1.17,0.51,1.06,1*01
1776370099.259,$GNGSA,A,3,79,70,73,80,69,68,,,,,,,1.17,0.51,1.06,2*02
1776370099.261,$GNGSA,A,3,08,02,03,05,30,,,,,,,,1.17,0.51,1.06,3*08
1776370099.263,$GNGSA,A,3,24,08,09,06,10,14,16,13,,,,,1.17,0.51,1.06,4*00
1776370099.265,$GPGSV,3,1,11,03,42,262,44,04,31,332,23,08,32,185,38,16,64,355,45,1*69
1776370099.267,$GPGSV,3,2,11,26,35,025,42,27,52,147,44,31,30,043,44,32,17,133,32,1*67
1776370099.268,$GPGSV,3,3,11,40,36,259,42,41,64,233,48,42,70,217,47,1*52
1776370099.270,$GPGSV,2,1,08,03,42,262,42,04,31,332,33,08,32,185,39,26,35,025,42,6*65
1776370099.271,$GPGSV,2,2,08,27,52,147,45,28,16,067,22,31,30,043,41,32,17,133,31,6*61
1776370099.272,$GPGSV,1,1,04,01,02,222,,02,05,195,,09,02,323,,50,56,115,,0*60
1776370099.274,$GLGSV,2,1,07,68,25,153,44,69,77,142,50,70,46,336,49,73,26,268,46,1*7F
1776370099.275,$GLGSV,2,2,07,79,12,026,24,80,41,335,40,,,,25,1*7B
1776370099.276,$GLGSV,2,1,06,68,25,153,32,69,77,142,48,70,46,336,47,73,26,268,42,3*7E
1776370099.277,$GLGSV,2,2,06,79,12,026,22,80,41,335,39,3*77
1776370099.278,$GLGSV,1,1,03,81,02,075,,82,08,118,,83,03,165,,0*43
1776370099.279,$GAGSV,2,1,07,02,75,329,50,03,65,055,50,05,28,119,46,08,34,336,32,2*76
1776370099.280,$GAGSV,2,2,07,25,28,031,23,30,37,232,46,32,55,356,50,2*4D
1776370099.280,$GAGSV,2,1,06,02,75,329,46,03,65,055,44,05,28,119,41,25,28,031,30,7*73
1776370099.281,$GAGSV,2,2,06,30,37,232,43,32,55,356,44,7*77
1776370099.282,$GAGSV,1,1,02,15,05,225,,34,07,178,,0*7C
1776370099.282,$GBGSV,2,1,08,06,31,181,33,08,39,191,38,09,43,341,36,10,48,174,41,1*76
1776370099.283,$GBGSV,2,2,08,13,47,206,43,14,60,306,47,16,41,013,41,24,47,327,45,1*7E
1776370099.284,$GBGSV,2,1,07,07,54,160,47,08,39,191,41,09,43,341,40,10,48,174,45,3*7E
1776370099.284,$GBGSV,2,2,07,13,47,206,44,14,60,306,51,16,41,013,45,3*45
1776370099.285,$GBGSV,3,1,10,01,37,105,,02,66,235,,03,70,144,,04,21,101,,0*71
1776370099.286,$GBGSV,3,2,10,04,21,101,,05,41,259,,11,02,199,,12,20,154,,0*7C
1776370099.286,$GBGSV,3,3,10,12,20,154,,21,33,157,,0*77
1776370099.287,$GNGLL,1339.10097,N,10029.56474,E,200819.00,A,D*79
1776370100.248,$GNRMC,200820.00,A,1339.10100,N,10029.56422,E,1.822,274.48,160426,0.53,W,D,V*4E
1776370100.250,$GNVTG,274.48,T,275.01,M,1.822,N,3.374,K,D*3E
1776370100.252,$GNGGA,200820.00,1339.10100,N,10029.56422,E,2,12,0.52,-0.5,M,-27.8,M,,0499*44
1776370100.254,$GNGSA,A,3,32,16,26,27,40,31,03,04,08,,,,1.22,0.52,1.11,1*08
1776370100.255,$GNGSA,A,3,79,70,73,80,69,68,,,,,,,1.22,0.52,1.11,2*01
1776370100.257,$GNGSA,A,3,08,25,02,03,05,30,,,,,,,1.22,0.52,1.11,3*0C
1776370100.259,$GNGSA,A,3,24,08,09,06,10,14,16,13,,,,,1.22,0.52,1.11,4*03
1776370100.262,$GPGSV,3,1,11,03,42,262,44,04,31,332,28,08,32,185,33,16,64,355,44,1*68
1776370100.266,$GPGSV,3,2,11,26,35,025,42,27,52,147,45,31,30,043,44,32,17,133,29,1*6C
1776370100.268,$GPGSV,3,3,11,40,36,259,44,41,64,233,47,42,70,217,46,1*5A
1776370100.270,$GPGSV,2,1,08,03,42,262,43,04,31,332,28,08,32,185,34,26,35,025,42,6*63
1776370100.272,$GPGSV,2,2,08,27,52,147,44,28,16,067,29,31,30,043,41,32,17,133,25,6*6E
1776370100.274,$GPGSV,1,1,04,01,02,222,,02,05,195,,09,02,323,,50,56,115,,0*60
1776370100.275,$GLGSV,2,1,07,68,25,153,35,69,77,142,51,70,46,336,46,73,26,268,48,1*79
1776370100.277,$GLGSV,2,2,07,79,12,026,25,80,41,335,34,,,,24,1*78
1776370100.278,$GLGSV,2,1,06,68,25,153,34,69,77,142,46,70,46,336,44,73,26,268,44,3*73
1776370100.279,$GLGSV,2,2,06,79,12,026,23,80,41,335,36,3*79
1776370100.280,$GLGSV,1,1,03,81,02,075,,82,08,118,,83,03,165,,0*43
1776370100.281,$GAGSV,2,1,07,02,75,329,50,03,65,055,50,05,28,119,46,08,34,336,31,2*75
1776370100.282,$GAGSV,2,2,07,25,28,031,34,30,37,232,47,32,55,356,51,2*4B
1776370100.283,$GAGSV,2,1,06,02,75,329,47,03,65,055,45,05,28,119,42,25,28,031,24,7*75
1776370100.284,$GAGSV,2,2,06,30,37,232,41,32,55,356,44,7*75
1776370100.284,$GAGSV,1,1,02,15,05,225,,34,07,178,,0*7C
1776370100.285,$GBGSV,2,1,08,06,31,181,43,08,39,191,38,09,43,341,33,10,48,174,38,1*7A
1776370100.286,$GBGSV,2,2,08,13,47,206,43,14,60,306,46,16,41,013,43,24,47,327,41,1*79
1776370100.287,$GBGSV,2,1,07,07,54,160,44,08,39,191,41,09,43,341,38,10,48,174,42,3*75
1776370100.287,$GBGSV,2,2,07,13,47,206,46,14,60,306,51,16,41,013,45,3*47
1776370100.288,$GBGSV,3,1,10,01,37,105,,02,66,235,,03,70,144,,04,21,101,,0*71
1776370100.289,$GBGSV,3,2,10,04,21,101,,05,41,259,,11,02,199,,12,20,154,,0*7C
1776370100.289,$GBGSV,3,3,10,12,20,154,,21,33,157,,0*77
1776370100.290,$GNGLL,1339.10100,N,10029.56422,E,200820.00,A,D*7F
1776370101.254,$GNRMC,200821.00,A,1339.10104,N,10029.56371,E,1.838,274.03,160426,0.53,W,D,V*4E
1776370101.257,$GNVTG,274.03,T,274.56,M,1.838,N,3.404,K,D*39
1776370101.260,$GNGGA,200821.00,1339.10104,N,10029.56371,E,2,12,0.50,-0.5,M,-27.8,M,,0499*42
1776370101.262,$GNGSA,A,3,32,16,26,27,28,40,31,03,04,08,,,1.15,0.50,1.04,1*00
1776370101.264,$GNGSA,A,3,70,73,80,69,68,,,,,,,,1.15,0.50,1.04,2*0D
1776370101.266,$GNGSA,A,3,08,25,02,03,05,30,,,,,,,1.15,0.50,1.04,3*0E
1776370101.268,$GNGSA,A,3,24,08,09,06,10,14,16,13,,,,,1.15,0.50,1.04,4*01
1776370101.270,$GPGSV,3,1,11,03,42,262,43,04,31,332,25,08,32,185,39,16,64,355,44,1*68
1776370101.273,$GPGSV,3,2,11,26,35,025,44,27,52,147,45,31,30,043,42,32,17,133,30,1*64
1776370101.275,$GPGSV,3,3,11,40,36,259,44,41,64,233,47,42,70,217,46,1*5A
1776370101.278,$GPGSV,2,1,08,03,42,262,43,04,31,332,22,08,32,185,38,26,35,025,41,6*66
1776370101.280,$GPGSV,2,2,08,27,52,147,46,28,16,067,22,31,30,043,39,32,17,133,30,6*6C
1776370101.281,$GPGSV,1,1,04,01,02,222,,02,05,195,,09,02,323,,50,56,115,,0*60
1776370101.283,$GLGSV,2,1,07,68,25,153,37,69,77,142,52,70,46,336,41,73,26,268,47,1*70
1776370101.284,$GLGSV,2,2,07,79,12,026,25,80,41,335,40,,,,23,1*7C
1776370101.285,$GLGSV,2,1,06,68,25,153,32,69,77,142,47,70,46,336,38,73,26,268,43,3*78
1776370101.286,$GLGSV,2,2,06,79,12,026,22,80,41,335,30,3*7E
1776370101.287,$GLGSV,1,1,03,81,02,075,,82,08,118,,83,03,165,,0*43
1776370101.288,$GAGSV,2,1,07,02,75,329,51,03,65,055,50,05,28,119,45,08,34,336,32,2*74
1776370101.289,$GAGSV,2,2,07,25,28,031,29,30,37,232,45,32,55,356,50,2*44
1776370101.290,$GAGSV,2,1,06,02,75,329,46,03,65,055,46,05,28,119,41,25,28,031,30,7*71
1776370101.291,$GAGSV,2,2,06,30,37,232,41,32,55,356,44,7*75
1776370101.292,$GAGSV,1,1,02,15,05,225,,34,07,178,,0*7C
1776370101.293,$GBGSV,2,1,08,06,31,181,36,08,39,191,39,09,43,341,28,10,48,174,42,1*7E
1776370101.294,$GBGSV,2,2,08,13,47,206,43,14,60,306,48,16,41,013,43,24,47,327,36,1*77
1776370101.295,$GBGSV,2,1,07,07,54,160,46,08,39,191,40,09,43,341,33,10,48,174,42,3*7D
1776370101.296,$GBGSV,2,2,07,13,47,206,43,14,60,306,50,16,41,013,46,3*40
1776370101.297,$GBGSV,3,1,10,01,37,105,,02,66,235,,03,70,144,,04,21,101,,0*71
1776370101.297,$GBGSV,3,2,10,04,21,101,,05,41,259,,11,02,199,,12,20,154,,0*7C
1776370101.298,$GBGSV,3,3,10,12,20,154,,21,33,157,,0*77
1776370101.298,$GNGLL,1339.10104,N,10029.56371,E,200821.00,A,D*7B
1776370102.242,$GNRMC,200822.00,A,1339.10106,N,10029.56319,E,1.843,272.59,160426,0.53,W,D,V*44
1776370102.245,$GNVTG,272.59,T,273.12,M,1.843,N,3.414,K,D*3A
1776370102.247,$GNGGA,200822.00,1339.10106,N,10029.56319,E,2,12,0.50,-0.5,M,-27.8,M,,0499*4D
1776370102.251,$GNGSA,A,3,32,16,26,27,28,40,31,03,04,08,,,1.15,0.50,1.04,1*00
1776370102.252,$GNGSA,A,3,70,73,80,69,68,,,,,,,,1.15,0.50,1.04,2*0D
1776370102.253,$GNGSA,A,3,08,25,02,03,05,30,,,,,,,1.15,0.50,1.04,3*0E
1776370102.254,$GNGSA,A,3,24,08,09,06,10,14,16,13,,,,,1.15,0.50,1.04,4*01
1776370102.256,$GPGSV,3,1,11,03,42,262,44,04,31,332,25,08,32,185,37,16,64,355,45,1*60
1776370102.257,$GPGSV,3,2,11,26,35,025,43,27,52,147,46,31,30,043,39,32,17,133,30,1*6C
1776370102.259,$GPGSV,3,3,11,40,36,259,45,41,64,233,48,42,70,217,46,1*54
1776370102.261,$GPGSV,2,1,08,03,42,262,43,04,31,332,25,08,32,185,41,26,35,025,41,6*6F
1776370102.262,$GPGSV,2,2,08,27,52,147,44,28,16,067,20,31,30,043,40,32,17,133,30,6*62
1776370102.265,$GPGSV,1,1,04,01,02,222,,02,05,195,,09,02,323,,50,56,115,,0*60
1776370102.267,$GLGSV,2,1,07,68,25,153,37,69,77,142,50,70,46,336,37,73,26,268,48,1*7C
1776370102.268,$GLGSV,2,2,07,79,12,026,25,80,41,335,37,,,,23,1*7C
1776370102.269,$GLGSV,2,1,06,68,25,153,29,69,77,142,46,70,46,336,36,73,26,268,45,3*7B
1776370102.270,$GLGSV,2,2,06,79,12,026,21,80,41,335,26,3*7A
1776370102.271,$GLGSV,1,1,03,81,02,075,,82,08,118,,83,03,165,,0*43
1776370102.272,$GAGSV,2,1,07,02,75,329,50,03,65,055,50,05,28,119,46,08,34,336,31,2*75
1776370102.273,$GAGSV,2,2,07,25,28,031,34,30,37,232,44,32,55,356,52,2*4B
1776370102.274,$GAGSV,2,1,06,02,75,329,46,03,65,055,45,05,28,119,37,25,28,031,29,7*7B
1776370102.274,$GAGSV,2,2,06,30,37,232,40,32,55,356,46,7*76
1776370102.275,$GAGSV,1,1,02,15,05,225,,34,07,178,,0*7C
1776370102.277,$GBGSV,2,1,08,06,31,181,34,08,39,191,35,09,43,341,31,10,48,174,42,1*78
1776370102.278,$GBGSV,2,2,08,13,47,206,39,14,60,306,46,16,41,013,45,24,47,327,33,1*77
1776370102.279,$GBGSV,2,1,07,07,54,160,47,08,39,191,41,09,43,341,33,10,48,174,44,3*7B
1776370102.280,$GBGSV,2,2,07,13,47,206,43,14,60,306,51,16,41,013,45,3*42
1776370102.282,$GBGSV,3,1,10,01,37,105,,02,66,235,,03,70,144,,04,21,101,,0*71
1776370102.283,$GBGSV,3,2,10,04,21,101,,05,41,259,,11,02,199,,12,20,154,,0*7C
1776370102.283,$GBGSV,3,3,10,12,20,154,,21,33,157,,0*77
1776370102.284,$GNGLL,1339.10106,N,10029.56319,E,200822.00,A,D*74
1776370103.249,$GNRMC,200823.00,A,1339.10108,N,10029.56268,E,1.824,274.60,160426,0.53,W,D,V*41
1776370103.251,$GNVTG,274.60,T,275.13,M,1.824,N,3.379,K,D*3C
1776370103.254,$GNGGA,200823.00,1339.10108,N,10029.56268,E,2,12,0.52,-0.5,M,-27.8,M,,0499*47
1776370103.256,$GNGSA,A,3,32,16,26,27,40,31,03,04,08,,,,1.22,0.52,1.11,1*08
1776370103.257,$GNGSA,A,3,70,73,80,69,68,,,,,,,,1.22,0.52,1.11,2*0F
1776370103.260,$GNGSA,A,3,08,25,02,03,05,30,,,,,,,1.22,0.52,1.11,3*0C
1776370103.262,$GNGSA,A,3,24,08,09,06,10,14,16,13,,,,,1.22,0.52,1.11,4*03
1776370103.265,$GPGSV,3,1,11,03,42,262,44,04,31,332,23,08,32,185,28,16,64,355,45,1*68
1776370103.268,$GPGSV,3,2,11,26,35,025,44,27,52,147,45,31,30,043,40,32,17,133,32,1*64
1776370103.270,$GPGSV,3,3,11,40,36,259,44,41,64,233,47,42,70,217,46,1*5A
1776370103.271,$GPGSV,2,1,08,03,42,262,42,04,31,332,25,08,32,185,38,26,35,025,43,6*62
1776370103.274,$GPGSV,2,2,08,27,52,147,46,28,16,067,18,31,30,043,36,32,17,133,26,6*6D
1776370103.276,$GPGSV,1,1,04,01,02,222,,02,05,195,,09,02,323,,50,56,115,,0*60
1776370103.277,$GLGSV,2,1,07,68,25,153,39,69,77,142,51,70,46,336,35,73,26,268,48,1*71
1776370103.278,$GLGSV,2,2,07,79,12,026,25,80,41,335,31,,,,23,1*7A
1776370103.279,$GLGSV,2,1,06,68,25,153,28,69,77,142,46,70,46,336,24,73,26,268,43,3*7F
1776370103.280,$GLGSV,2,2,06,79,12,026,20,80,41,335,32,3*7E
1776370103.281,$GLGSV,1,1,03,81,02,075,,82,08,118,,83,03,165,,0*43
1776370103.283,$GAGSV,2,1,07,02,75,329,49,03,65,055,50,05,28,119,46,08,34,336,30,2*7C
1776370103.284,$GAGSV,2,2,07,25,28,031,33,30,37,232,44,32,55,356,50,2*4E
1776370103.285,$GAGSV,2,1,06,02,75,329,47,03,65,055,45,05,28,119,40,25,28,031,28,7*7B
1776370103.286,$GAGSV,2,2,06,30,37,232,40,32,55,356,46,7*76
1776370103.287,$GAGSV,1,1,02,15,05,225,,34,07,178,,0*7C
1776370103.288,$GBGSV,2,1,08,06,31,181,40,08,39,191,37,09,43,341,25,10,48,174,41,1*7F
1776370103.289,$GBGSV,2,2,08,13,47,206,42,14,60,306,48,16,41,013,40,24,47,327,34,1*77
1776370103.290,$GBGSV,2,1,07,07,54,160,49,08,39,191,43,09,43,341,30,10,48,174,45,3*75
1776370103.291,$GBGSV,2,2,07,13,47,206,43,14,60,306,51,16,41,013,41,3*46
1776370103.292,$GBGSV,3,1,10,01,37,105,,02,66,235,,03,70,144,,04,21,101,,0*71
1776370103.293,$GBGSV,3,2,10,04,21,101,,05,41,259,,11,02,199,,12,20,154,,0*7C
1776370103.293,$GBGSV,3,3,10,12,20,154,,21,33,157,,0*77
1776370103.294,$GNGLL,1339.10108,N,10029.56268,E,200823.00,A,D*7C
1776370104.251,$GNRMC,200824.00,A,1339.10111,N,10029.56216,E,1.840,273.27,160426,0.53,W,D,V*41
1776370104.252,$GNVTG,273.27,T,273.80,M,1.840,N,3.407,K,D*38
1776370104.253,$GNGGA,200824.00,1339.10111,N,10029.56216,E,2,12,0.52,-0.4,M,-27.8,M,,0499*40
1776370104.253,$GNGSA,A,3,32,16,26,27,40,31,03,04,08,,,,1.22,0.52,1.11,1*08
1776370104.254,$GNGSA,A,3,70,73,80,69,68,,,,,,,,1.22,0.52,1.11,2*0F
1776370104.255,$GNGSA,A,3,08,25,02,03,05,30,,,,,,,1.22,0.52,1.11,3*0C
1776370104.256,$GNGSA,A,3,24,08,09,06,10,14,16,13,,,,,1.22,0.52,1.11,4*03
1776370104.257,$GPGSV,3,1,11,03,42,262,44,04,31,332,23,08,32,185,43,16,64,355,45,1*65
1776370104.258,$GPGSV,3,2,11,26,35,025,42,27,52,147,44,31,30,043,41,32,17,133,31,1*61
1776370104.259,$GPGSV,3,3,11,40,36,259,45,41,64,233,47,42,70,217,46,1*5B
1776370104.259,$GPGSV,2,1,08,03,42,262,42,04,31,332,25,08,32,185,41,26,35,025,40,6*6F
1776370104.260,$GPGSV,2,2,08,27,52,147,45,28,16,067,18,31,30,043,37,32,17,133,27,6*6E
1776370104.261,$GPGSV,1,1,04,01,02,222,,02,05,195,,09,02,323,,50,56,115,,0*60
1776370104.262,$GLGSV,2,1,07,68,25,153,30,69,77,142,52,70,46,336,35,73,26,268,46,1*75
1776370104.263,$GLGSV,2,2,07,79,12,026,23,80,41,335,28,,,,23,1*74
1776370104.265,$GLGSV,2,1,06,68,25,153,29,69,77,142,46,70,46,336,39,73,26,268,45,3*74
1776370104.265,$GLGSV,2,2,06,79,12,026,20,80,41,335,29,3*74
1776370104.266,$GLGSV,1,1,03,81,02,075,,82,08,118,,83,03,165,,0*43
1776370104.267,$GAGSV,2,1,07,02,75,329,49,03,65,055,50,05,28,119,45,08,34,336,29,2*77
1776370104.268,$GAGSV,2,2,07,25,28,031,36,30,37,232,46,32,55,356,48,2*40
1776370104.269,$GAGSV,2,1,06,02,75,329,46,03,65,055,45,05,28,119,42,25,28,031,29,7*79
1776370104.270,$GAGSV,2,2,06,30,37,232,39,32,55,356,43,7*7D
1776370104.271,$GAGSV,1,1,02,15,05,225,,34,07,178,,0*7C
1776370104.272,$GBGSV,2,1,08,06,31,181,38,08,39,191,35,09,43,341,25,10,48,174,40,1*73
1776370104.272,$GBGSV,2,2,08,13,47,206,43,14,60,306,46,16,41,013,31,24,47,327,36,1*7C
1776370104.273,$GBGSV,2,1,06,07,54,160,49,08,39,191,42,10,48,174,48,13,47,206,43,3*71
1776370104.273,$GBGSV,2,2,06,14,60,306,47,16,41,013,37,3*73
1776370104.274,$GBGSV,3,1,10,01,37,105,,02,66,235,,03,70,144,,04,21,101,,0*71
1776370104.275,$GBGSV,3,2,10,04,21,101,,05,41,259,,11,02,199,,12,20,154,,0*7C
1776370104.275,$GBGSV,3,3,10,12,20,154,,21,33,157,,0*77
1776370104.276,$GNGLL,1339.10111,N,10029.56216,E,200824.00,A,D*7A
1776370105.248,$GNRMC,200825.00,A,1339.10111,N,10029.56165,E,1.801,270.71,160426,0.53,W,D,V*42
1776370105.250,$GNVTG,270.71,T,271.24,M,1.801,N,3.335,K,D*37
1776370105.252,$GNGGA,200825.00,1339.10111,N,10029.56165,E,2,12,0.52,-0.4,M,-27.8,M,,0499*46
1776370105.253,$GNGSA,A,3,32,16,26,27,40,31,03,04,08,,,,1.22,0.52,1.11,1*08
1776370105.255,$GNGSA,A,3,79,70,73,80,69,68,,,,,,,1.22,0.52,1.11,2*01
1776370105.256,$GNGSA,A,3,08,25,02,03,05,30,,,,,,,1.22,0.52,1.11,3*0C
1776370105.257,$GNGSA,A,3,24,08,09,06,10,14,16,13,,,,,1.22,0.52,1.11,4*03
1776370105.259,$GPGSV,3,1,11,03,42,262,45,04,31,332,22,08,32,185,39,16,64,355,46,1*6B
1776370105.262,$GPGSV,3,2,11,26,35,025,35,27,52,147,45,31,30,043,40,32,17,133,33,1*63
1776370105.264,$GPGSV,3,3,11,40,36,259,44,41,64,233,48,42,70,217,46,1*55
1776370105.266,$GPGSV,2,1,08,03,42,262,42,04,31,332,25,08,32,185,40,26,35,025,38,6*61
1776370105.268,$GPGSV,2,2,08,27,52,147,45,28,16,067,17,31,30,043,37,32,17,133,29,6*6F
1776370105.270,$GPGSV,1,1,04,01,02,222,,02,05,195,,09,02,323,,50,56,115,,0*60
1776370105.271,$GLGSV,2,1,07,68,25,153,32,69,77,142,50,70,46,336,32,73,26,268,46,1*72
1776370105.272,$GLGSV,2,2,07,79,12,026,25,80,41,335,32,,,,23,1*79
1776370105.274,$GLGSV,2,1,06,68,25,153,29,69,77,142,46,70,46,336,32,73,26,268,43,3*79
1776370105.275,$GLGSV,2,2,06,79,12,026,20,80,41,335,27,3*7A
1776370105.276,$GLGSV,1,1,03,81,02,075,,82,08,118,,83,03,165,,0*43
1776370105.277,$GAGSV,2,1,07,02,75,329,51,03,65,055,50,05,28,119,44,08,34,336,21,2*77
1776370105.278,$GAGSV,2,2,07,25,28,031,33,30,37,232,45,32,55,356,44,2*4A
1776370105.279,$GAGSV,2,1,06,02,75,329,46,03,65,055,46,05,28,119,40,25,28,031,33,7*73
1776370105.280,$GAGSV,2,2,06,30,37,232,38,32,55,356,37,7*7F
1776370105.281,$GAGSV,1,1,02,15,05,225,,34,07,178,,0*7C
1776370105.281,$GBGSV,2,1,08,06,31,181,40,08,38,191,38,09,43,341,25,10,48,174,38,1*7F
1776370105.282,$GBGSV,2,2,08,13,47,206,42,14,60,306,43,16,41,013,30,24,47,327,33,1*7C
1776370105.283,$GBGSV,2,1,06,07,54,160,46,08,38,191,43,10,48,174,44,13,47,206,45,3*74
1776370105.284,$GBGSV,2,2,06,14,60,306,44,16,41,013,35,3*72
1776370105.284,$GBGSV,3,1,10,01,37,105,,02,66,235,,03,70,144,,04,21,101,,0*71
1776370105.285,$GBGSV,3,2,10,04,21,101,,05,41,259,,11,02,199,,12,20,154,,0*7C
1776370105.286,$GBGSV,3,3,10,12,20,154,,21,33,157,,0*77
1776370105.286,$GNGLL,1339.10111,N,10029.56165,E,200825.00,A,D*7C
1776370106.248,$GNRMC,200826.00,A,1339.10113,N,10029.56114,E,1.830,274.54,160426,0.53,W,D,V*44
1776370106.250,$GNVTG,274.54,T,275.07,M,1.830,N,3.388,K,D*35
1776370106.253,$GNGGA,200826.00,1339.10113,N,10029.56114,E,2,12,0.52,-0.4,M,-27.8,M,,0499*41
1776370106.255,$GNGSA,A,3,32,16,26,27,40,31,03,04,08,,,,1.22,0.52,1.11,1*08
1776370106.256,$GNGSA,A,3,70,73,80,69,68,,,,,,,,1.22,0.52,1.11,2*0F
1776370106.256,$GNGSA,A,3,08,25,02,03,05,30,,,,,,,1.22,0.52,1.11,3*0C
1776370106.257,$GNGSA,A,3,24,08,09,06,10,14,16,13,,,,,1.22,0.52,1.11,4*03
1776370106.258,$GPGSV,3,1,10,03,42,262,45,08,32,185,42,16,64,355,43,26,35,025,30,1*61
1776370106.260,$GPGSV,3,2,10,27,52,147,45,31,30,043,38,32,17,133,32,40,36,259,46,1*62
1776370106.260,$GPGSV,3,3,10,41,64,233,47,42,70,217,46,1*64
1776370106.262,$GPGSV,2,1,08,03,42,262,42,04,31,332,30,08,32,185,38,26,35,025,34,6*66
1776370106.263,$GPGSV,2,2,08,27,52,147,45,28,16,067,18,31,30,043,37,32,17,133,27,6*6E
1776370106.264,$GPGSV,1,1,04,01,02,222,,02,05,195,,09,02,323,,50,56,115,,0*60
1776370106.265,$GLGSV,2,1,07,68,25,153,38,69,77,142,52,70,46,336,27,73,26,268,45,1*7D
1776370106.266,$GLGSV,2,2,07,79,12,026,24,80,41,335,30,,,,22,1*7B
1776370106.267,$GLGSV,2,1,06,68,25,153,36,69,77,142,46,70,46,336,35,73,26,268,45,3*76
1776370106.267,$GLGSV,2,2,06,79,12,026,20,80,41,335,26,3*7B
1776370106.268,$GLGSV,1,1,03,81,02,075,,82,08,118,,83,03,165,,0*43
1776370106.269,$GAGSV,2,1,07,02,75,329,50,03,65,055,50,05,28,119,46,08,34,336,29,2*7C
1776370106.270,$GAGSV,2,2,07,25,28,031,28,30,37,232,38,32,55,356,40,2*4E
1776370106.272,$GAGSV,2,1,06,02,75,329,45,03,65,055,45,05,28,119,41,25,28,031,29,7*79
1776370106.272,$GAGSV,2,2,06,30,37,232,38,32,55,356,33,7*7B
1776370106.273,$GAGSV,1,1,02,15,05,225,,34,07,178,,0*7C
1776370106.274,$GBGSV,2,1,08,06,31,181,40,08,38,191,41,09,43,341,26,10,48,174,41,1*7C
1776370106.275,$GBGSV,2,2,08,13,47,206,41,14,60,306,39,16,41,013,34,24,47,327,30,1*75
1776370106.275,$GBGSV,2,1,06,07,54,160,48,08,38,191,42,10,48,174,42,13,47,206,44,3*7C
1776370106.276,$GBGSV,2,2,06,14,60,306,44,16,41,013,30,3*77
1776370106.276,$GBGSV,3,1,10,01,37,105,,02,66,235,,03,70,144,,04,21,101,,0*71
1776370106.277,$GBGSV,3,2,10,04,21,101,,05,41,259,,11,02,199,,12,20,154,,0*7C
1776370106.277,$GBGSV,3,3,10,12,20,154,,21,33,157,,0*77
1776370106.278,$GNGLL,1339.10113,N,10029.56114,E,200826.00,A,D*7B
1776370107.245,$GNRMC,200827.00,A,1339.10115,N,10029.56065,E,1.679,270.63,160426,0.53,W,D,V*47
1776370107.247,$GNVTG,270.63,T,271.16,M,1.679,N,3.109,K,D*39
1776370107.249,$GNGGA,200827.00,1339.10115,N,10029.56065,E,2,12,0.53,-0.3,M,-27.8,M,,0499*47
1776370107.250,$GNGSA,A,3,32,16,26,27,40,31,03,04,08,,,,1.25,0.53,1.13,1*0C
1776370107.251,$GNGSA,A,3,70,73,80,69,68,,,,,,,,1.25,0.53,1.13,2*0B
1776370107.251,$GNGSA,A,3,08,25,02,03,05,30,,,,,,,1.25,0.53,1.13,3*08
1776370107.252,$GNGSA,A,3,24,08,09,06,10,14,16,13,,,,,1.25,0.53,1.13,4*07
1776370107.253,$GPGSV,3,1,10,03,42,262,46,04,31,332,25,08,32,185,40,16,64,355,40,1*66
1776370107.255,$GPGSV,3,2,10,26,35,025,30,27,52,147,43,31,30,043,36,40,36,259,45,1*68
1776370107.256,$GPGSV,3,3,10,41,64,233,47,42,70,217,47,1*65
1776370107.257,$GPGSV,2,1,08,03,42,262,43,04,31,332,26,08,32,185,40,26,35,025,30,6*6B
1776370107.258,$GPGSV,2,2,08,27,52,147,44,28,16,067,18,31,30,043,36,32,17,133,27,6*6E
1776370107.258,$GPGSV,1,1,04,01,02,222,,02,05,195,,09,02,323,,50,56,115,,0*60
1776370107.259,$GLGSV,2,1,07,68,25,153,38,69,77,142,51,70,46,336,35,73,26,268,48,1*70
1776370107.259,$GLGSV,2,2,07,79,12,026,24,80,41,335,34,,,,21,1*7C
1776370107.260,$GLGSV,2,1,06,68,25,153,35,69,77,142,46,70,46,336,32,73,26,268,41,3*76
1776370107.261,$GLGSV,2,2,06,79,12,026,20,80,41,335,28,3*75
1776370107.261,$GLGSV,1,1,03,81,02,075,,82,08,118,,83,03,165,,0*43
1776370107.262,$GAGSV,2,1,07,02,75,329,51,03,65,055,50,05,28,119,42,08,34,336,30,2*71
1776370107.263,$GAGSV,2,2,07,25,28,031,27,30,37,232,40,32,55,356,36,2*4F
1776370107.264,$GAGSV,2,1,06,02,75,329,48,03,65,055,46,05,28,119,40,25,28,031,26,7*79
1776370107.264,$GAGSV,2,2,06,30,37,232,29,32,55,356,29,7*70
1776370107.265,$GAGSV,1,1,02,15,05,225,,34,07,178,,0*7C
1776370107.266,$GBGSV,2,1,08,06,31,181,41,08,38,191,42,09,43,341,25,10,49,174,41,1*7C
1776370107.267,$GBGSV,2,2,08,13,47,206,44,14,60,306,32,16,41,013,23,24,47,327,29,1*75
1776370107.268,$GBGSV,2,1,06,07,54,160,47,08,38,191,44,10,49,174,43,13,47,206,45,3*74
1776370107.268,$GBGSV,2,2,06,14,60,306,39,16,41,013,30,3*7D
1776370107.269,$GBGSV,3,1,10,01,37,105,,02,66,235,,03,70,144,,04,21,101,,0*71
1776370107.269,$GBGSV,3,2,10,04,21,101,,05,41,259,,11,02,199,,12,20,154,,0*7C
1776370107.270,$GBGSV,3,3,10,12,20,154,,21,33,157,,0*77
1776370107.270,$GNGLL,1339.10115,N,10029.56065,E,200827.00,A,D*7B
1776370108.244,$GNRMC,200828.00,A,1339.10117,N,10029.56016,E,1.743,271.41,160426,0.53,W,D,V*47
1776370108.246,$GNVTG,271.41,T,271.94,M,1.743,N,3.227,K,D*35
1776370108.249,$GNGGA,200828.00,1339.10117,N,10029.56016,E,2,12,0.52,-0.3,M,-27.8,M,,0499*4F
1776370108.251,$GNGSA,A,3,32,16,26,27,28,40,31,03,04,08,,,1.18,0.52,1.06,1*0D
1776370108.253,$GNGSA,A,3,79,70,73,80,69,68,,,,,,,1.18,0.52,1.06,2*0E
1776370108.254,$GNGSA,A,3,08,25,02,03,05,30,,,,,,,1.18,0.52,1.06,3*03
1776370108.256,$GNGSA,A,3,24,08,06,10,14,16,13,,,,,,1.18,0.52,1.06,4*05
1776370108.259,$GPGSV,3,1,11,03,42,262,44,04,31,332,26,08,32,185,41,16,64,355,35,1*65
1776370108.263,$GPGSV,3,2,11,26,35,025,33,27,52,147,46,31,30,043,40,32,17,133,35,1*60
1776370108.265,$GPGSV,3,3,11,40,36,259,43,41,64,233,47,42,70,217,46,1*5D
1776370108.267,$GPGSV,2,1,08,03,42,262,43,04,31,332,25,08,32,185,41,26,35,025,30,6*69
1776370108.270,$GPGSV,2,2,08,27,52,147,45,28,16,067,21,31,30,043,36,32,17,133,27,6*65
1776370108.272,$GPGSV,1,1,04,01,02,222,,02,05,195,,09,02,323,,50,56,115,,0*60
1776370108.274,$GLGSV,2,1,07,68,25,153,39,69,77,142,51,70,46,336,28,73,26,268,48,1*7D
1776370108.276,$GLGSV,2,2,07,79,12,026,30,80,41,335,31,,,,21,1*7C
1776370108.277,$GLGSV,2,1,06,68,25,153,29,69,77,142,47,70,46,336,34,73,26,268,40,3*7D
1776370108.277,$GLGSV,2,2,06,79,12,026,20,80,41,335,28,3*75
1776370108.278,$GLGSV,1,1,03,81,02,075,,82,08,118,,83,03,165,,0*43
1776370108.280,$GAGSV,2,1,07,02,75,329,46,03,65,055,50,05,28,119,45,08,34,336,26,2*77
1776370108.281,$GAGSV,2,2,07,25,28,031,27,30,37,232,40,32,55,356,34,2*4D
1776370108.282,$GAGSV,2,1,06,02,75,329,45,03,65,055,47,05,28,119,42,25,28,031,25,7*74
1776370108.283,$GAGSV,2,2,06,30,37,232,30,32,55,356,30,7*70
1776370108.283,$GAGSV,1,1,02,15,05,225,,34,07,178,,0*7C
1776370108.284,$GBGSV,2,1,08,06,31,181,38,08,38,191,39,09,43,341,23,10,49,174,39,1*77
1776370108.285,$GBGSV,2,2,08,13,47,206,41,14,60,306,25,16,41,013,23,24,47,327,29,1*76
1776370108.286,$GBGSV,2,1,06,07,54,160,48,08,38,191,44,10,49,174,45,13,47,206,45,3*7D
1776370108.286,$GBGSV,2,2,06,14,60,306,37,16,41,013,30,3*73
1776370108.287,$GBGSV,3,1,10,01,37,105,,02,66,235,,03,70,144,,04,21,101,,0*71
1776370108.287,$GBGSV,3,2,10,04,21,101,,05,41,259,,11,02,199,,12,20,154,,0*7C
1776370108.288,$GBGSV,3,3,10,12,20,154,,21,33,157,,0*77
1776370108.288,$GNGLL,1339.10117,N,10029.56016,E,200828.00,A,D*72
1776370109.243,$GNRMC,200829.00,A,1339.10119,N,10029.55967,E,1.733,273.54,160426,0.53,W,D,V*45
1776370109.245,$GNVTG,273.54,T,274.07,M,1.733,N,3.210,K,D*3F
1776370109.248,$GNGGA,200829.00,1339.10119,N,10029.55967,E,2,12,0.52,-0.4,M,-27.8,M,,0499*4B
1776370109.250,$GNGSA,A,3,32,16,26,27,40,31,03,04,08,,,,1.22,0.52,1.11,1*08
1776370109.252,$GNGSA,A,3,79,70,73,80,69,68,,,,,,,1.22,0.52,1.11,2*01
1776370109.253,$GNGSA,A,3,08,25,02,03,05,30,,,,,,,1.22,0.52,1.11,3*0C
1776370109.255,$GNGSA,A,3,24,08,06,10,14,16,13,,,,,,1.22,0.52,1.11,4*0A
1776370109.257,$GPGSV,3,1,11,03,42,262,44,04,31,332,31,08,32,185,36,16,64,355,27,1*60
1776370109.259,$GPGSV,3,2,11,26,35,025,28,27,52,147,46,31,30,043,40,32,17,133,33,1*6C
1776370109.261,$GPGSV,3,3,11,40,36,259,46,41,64,233,48,42,70,217,46,1*57
1776370109.263,$GPGSV,2,1,08,03,42,262,42,04,31,332,26,08,32,185,41,26,35,025,28,6*62
1776370109.266,$GPGSV,2,2,08,27,52,147,46,28,16,067,19,31,30,043,36,32,17,133,28,6*62
1776370109.269,$GPGSV,1,1,04,01,02,222,,02,05,195,,09,02,323,,50,56,115,,0*60
1776370109.271,$GLGSV,2,1,07,68,25,153,37,69,77,142,51,70,46,336,34,73,26,268,45,1*73
1776370109.272,$GLGSV,2,2,07,79,12,026,30,80,41,335,31,,,,24,1*79
1776370109.274,$GLGSV,2,1,06,68,25,153,33,69,77,142,47,70,46,336,25,73,26,268,46,3*70
1776370109.275,$GLGSV,2,2,06,79,12,026,22,80,41,335,32,3*7C
1776370109.276,$GLGSV,1,1,03,81,02,075,,82,08,118,,83,03,165,,0*43
1776370109.277,$GAGSV,2,1,07,02,75,329,42,03,65,055,50,05,28,119,46,08,34,336,25,2*73
1776370109.278,$GAGSV,2,2,07,25,28,031,27,30,37,232,40,32,55,356,34,2*4D
1776370109.279,$GAGSV,2,1,06,02,75,329,39,03,65,055,47,05,28,119,42,25,28,031,26,7*7C
1776370109.280,$GAGSV,2,2,06,30,37,232,34,32,55,356,24,7*71
1776370109.281,$GAGSV,1,1,02,15,05,225,,34,07,178,,0*7C
1776370109.282,$GBGSV,2,1,08,06,31,181,37,08,38,191,39,09,43,341,23,10,49,174,41,1*77
1776370109.283,$GBGSV,2,2,08,13,47,206,41,14,60,306,41,16,41,013,24,24,47,327,32,1*79
1776370109.284,$GBGSV,2,1,06,07,54,160,48,08,38,191,41,10,49,174,44,13,47,206,42,3*7E
1776370109.284,$GBGSV,2,2,06,14,60,306,44,16,41,013,28,3*7E
1776370109.285,$GBGSV,3,1,10,01,37,105,,02,66,235,,03,70,144,,04,21,101,,0*71
1776370109.286,$GBGSV,3,2,10,04,21,101,,05,41,259,,11,02,199,,12,21,153,,0*7A
1776370109.286,$GBGSV,3,3,10,12,21,153,,21,33,157,,0*71
1776370109.287,$GNGLL,1339.10119,N,10029.55967,E,200829.00,A,D*71
1776370110.246,$GNRMC,200830.00,A,1339.10120,N,10029.55916,E,1.903,271.43,160426,0.53,W,D,V*48
1776370110.249,$GNVTG,271.43,T,271.96,M,1.903,N,3.524,K,D*3B
1776370110.251,$GNGGA,200830.00,1339.10120,N,10029.55916,E,2,12,0.52,-0.3,M,-27.8,M,,0499*48
1776370110.253,$GNGSA,A,3,32,16,26,27,40,31,03,04,08,,,,1.22,0.52,1.11,1*08
1776370110.255,$GNGSA,A,3,79,70,73,80,69,68,,,,,,,1.22,0.52,1.11,2*01
1776370110.256,$GNGSA,A,3,08,25,02,03,05,30,,,,,,,1.22,0.52,1.11,3*0C
1776370110.258,$GNGSA,A,3,09,24,08,06,10,14,16,13,,,,,1.22,0.52,1.11,4*03
1776370110.259,$GPGSV,3,1,11,03,42,262,45,04,31,332,26,08,32,185,38,16,64,355,27,1*69
1776370110.262,$GPGSV,3,2,11,26,35,025,26,27,52,147,45,31,30,043,35,32,17,133,37,1*67
1776370110.264,$GPGSV,3,3,11,40,36,259,46,41,64,233,48,42,70,217,47,1*56
1776370110.267,$GPGSV,2,1,08,03,42,262,44,04,31,332,25,08,32,185,39,26,35,025,27,6*67
1776370110.269,$GPGSV,2,2,08,27,52,147,45,28,16,067,19,31,30,043,33,32,17,133,30,6*6D
1776370110.271,$GPGSV,1,1,04,01,02,222,,02,05,195,,09,02,323,,50,56,115,,0*60
1776370110.273,$GLGSV,2,1,07,68,25,153,43,69,77,142,50,70,46,336,40,73,26,268,48,1*7F
1776370110.274,$GLGSV,2,2,07,79,12,026,25,80,41,335,33,,,,25,1*7E
1776370110.276,$GLGSV,2,1,06,68,25,153,37,69,77,142,47,70,46,336,30,73,26,268,43,3*75
1776370110.277,$GLGSV,2,2,06,79,12,026,21,80,41,335,36,3*7B
1776370110.277,$GLGSV,1,1,03,81,02,075,,82,08,118,,83,03,165,,0*43
1776370110.278,$GAGSV,2,1,07,02,75,329,43,03,65,055,52,05,28,119,46,08,34,336,24,2*71
1776370110.279,$GAGSV,2,2,07,25,28,031,24,30,37,232,40,32,55,356,33,2*49
1776370110.281,$GAGSV,2,1,06,02,75,329,39,03,65,055,46,05,28,119,42,25,28,031,26,7*7D
1776370110.282,$GAGSV,2,2,06,30,37,232,36,32,55,356,30,7*76
1776370110.283,$GAGSV,1,1,02,15,05,225,,34,07,178,,0*7C
1776370110.284,$GBGSV,2,1,07,06,31,181,41,08,38,191,36,09,43,341,24,10,49,174,43,1*73
1776370110.284,$GBGSV,2,2,07,13,46,206,38,14,60,306,45,24,47,327,35,1*4C
1776370110.285,$GBGSV,2,1,06,07,54,160,48,08,38,191,41,10,49,174,47,13,46,206,41,3*7F
1776370110.286,$GBGSV,2,2,06,14,60,306,49,16,41,013,27,3*7C
1776370110.286,$GBGSV,3,1,10,01,37,105,,02,66,235,,03,70,144,,04,21,101,,0*71
1776370110.287,$GBGSV,3,2,10,04,21,101,,05,41,259,,11,02,199,,12,21,153,,0*7A
1776370110.288,$GBGSV,3,3,10,12,21,153,,21,33,157,,0*71
1776370110.288,$GNGLL,1339.10120,N,10029.55916,E,200830.00,A,D*75
1776370111.237,$GNRMC,200831.00,A,1339.10121,N,10029.55863,E,1.902,273.58,160426,0.53,W,D,V*42
1776370111.240,$GNVTG,273.58,T,274.11,M,1.902,N,3.523,K,D*3F
1776370111.242,$GNGGA,200831.00,1339.10121,N,10029.55863,E,2,12,0.52,-0.3,M,-27.8,M,,0499*4B
1776370111.244,$GNGSA,A,3,32,16,26,27,40,31,03,04,08,,,,1.22,0.52,1.11,1*08
1776370111.245,$GNGSA,A,3,79,70,73,80,69,68,,,,,,,1.22,0.52,1.11,2*01
1776370111.248,$GNGSA,A,3,08,25,02,03,05,30,,,,,,,1.22,0.52,1.11,3*0C
1776370111.251,$GNGSA,A,3,09,24,08,06,10,14,16,13,,,,,1.22,0.52,1.11,4*03
1776370111.254,$GPGSV,3,1,10,03,42,262,44,04,31,332,26,08,32,185,40,16,64,355,32,1*62
1776370111.257,$GPGSV,3,2,10,27,52,147,45,31,30,043,35,32,17,133,30,40,36,259,45,1*6E
1776370111.258,$GPGSV,3,3,10,41,64,233,49,42,70,217,46,1*6A
1776370111.260,$GPGSV,2,1,08,03,42,262,39,04,31,332,25,08,32,185,27,26,35,025,27,6*62
1776370111.261,$GPGSV,2,2,08,27,52,147,45,28,16,067,19,31,30,043,29,32,17,133,29,6*6E
1776370111.262,$GPGSV,1,1,04,01,02,222,,02,05,195,,09,02,323,,50,56,115,,0*60
1776370111.263,$GLGSV,2,1,07,68,25,153,34,69,77,142,50,70,46,336,32,73,26,268,48,1*7A
1776370111.264,$GLGSV,2,2,07,79,12,026,32,80,41,335,38,,,,23,1*75
1776370111.266,$GLGSV,2,1,06,68,25,153,41,69,77,142,46,70,46,336,35,73,26,268,44,3*77
1776370111.267,$GLGSV,2,2,06,79,12,026,22,80,41,335,32,3*7C
1776370111.267,$GLGSV,1,1,03,81,02,075,,82,08,118,,83,03,165,,0*43
1776370111.268,$GAGSV,2,1,07,02,75,329,42,03,65,055,50,05,28,119,43,08,34,336,30,2*72
1776370111.269,$GAGSV,2,2,07,25,28,031,25,30,37,232,39,32,55,356,33,2*46
1776370111.270,$GAGSV,2,1,07,02,75,329,43,03,65,055,46,05,28,119,40,08,34,336,35,7*77
1776370111.271,$GAGSV,2,2,07,25,28,031,26,30,37,232,37,32,55,356,30,7*4D
1776370111.271,$GAGSV,1,1,02,15,05,225,,34,07,178,,0*7C
1776370111.272,$GBGSV,2,1,08,06,31,181,40,07,54,160,43,08,38,191,39,09,43,341,30,1*78
1776370111.273,$GBGSV,2,2,08,10,49,174,42,13,46,206,30,14,60,304,49,24,47,327,36,1*7E
1776370111.273,$GBGSV,2,1,06,07,54,160,47,08,38,191,39,10,49,174,45,13,46,206,38,3*73
1776370111.274,$GBGSV,2,2,06,14,60,304,52,16,41,013,28,3*7B
1776370111.275,$GBGSV,3,1,10,01,37,105,,02,66,235,,03,70,144,,04,21,101,,0*71
1776370111.275,$GBGSV,3,2,10,04,21,101,,05,41,259,,11,02,199,,12,21,153,,0*7A
1776370111.276,$GBGSV,3,3,10,12,21,153,,21,33,157,,0*71
1776370111.276,$GNGLL,1339.10121,N,10029.55863,E,200831.00,A,D*76
1776370112.244,$GNRMC,200832.00,A,1339.10124,N,10029.55809,E,1.946,272.14,160426,0.53,W,D,V*41
1776370112.248,$GNVTG,272.14,T,272.67,M,1.946,N,3.603,K,D*30
1776370112.250,$GNGGA,200832.00,1339.10124,N,10029.55809,E,2,12,0.52,-0.3,M,-27.8,M,,0499*41
1776370112.252,$GNGSA,A,3,32,16,26,27,40,31,03,04,08,,,,1.22,0.52,1.11,1*08
1776370112.254,$GNGSA,A,3,79,70,73,80,69,68,,,,,,,1.22,0.52,1.11,2*01
1776370112.256,$GNGSA,A,3,08,25,02,03,05,30,,,,,,,1.22,0.52,1.11,3*0C
1776370112.258,$GNGSA,A,3,09,24,08,06,10,14,16,13,,,,,1.22,0.52,1.11,4*03
1776370112.261,$GPGSV,3,1,11,03,42,262,45,04,31,332,24,08,32,185,37,16,64,355,35,1*67
1776370112.264,$GPGSV,3,2,11,26,35,025,28,27,52,147,45,31,30,043,27,32,17,133,30,1*6D
1776370112.266,$GPGSV,3,3,11,40,36,259,46,41,64,233,48,42,70,217,47,1*56
1776370112.268,$GPGSV,2,1,08,03,42,262,41,04,31,332,24,08,32,185,38,26,35,025,26,6*63
1776370112.270,$GPGSV,2,2,08,27,52,147,44,28,16,067,18,31,30,043,29,32,17,133,23,6*64
1776370112.272,$GPGSV,1,1,04,01,02,222,,02,05,195,,09,02,323,,50,56,115,,0*60
1776370112.273,$GLGSV,2,1,07,68,25,153,39,69,77,142,51,70,46,336,31,73,26,268,44,1*79
1776370112.274,$GLGSV,2,2,07,79,12,026,31,80,41,335,39,,,,23,1*77
1776370112.275,$GLGSV,2,1,06,68,25,153,35,69,77,142,45,70,46,336,35,73,26,268,43,3*70
1776370112.276,$GLGSV,2,2,06,79,12,026,24,80,41,335,38,3*70
1776370112.277,$GLGSV,1,1,03,81,02,075,,82,08,118,,83,03,165,,0*43
1776370112.277,$GAGSV,2,1,07,02,75,329,49,03,65,055,47,05,28,119,45,08,34,336,30,2*79
1776370112.278,$GAGSV,2,2,07,25,28,031,31,30,37,232,47,32,55,356,32,2*4B
1776370112.279,$GAGSV,2,1,06,02,75,329,46,03,65,055,40,05,28,119,39,25,28,031,25,7*7C
1776370112.280,$GAGSV,2,2,06,30,37,232,40,32,55,356,33,7*74
1776370112.280,$GAGSV,1,1,02,15,05,225,,34,07,178,,0*7C
1776370112.281,$GBGSV,2,1,08,06,31,181,35,07,54,160,41,08,38,191,29,09,43,341,30,1*79
1776370112.282,$GBGSV,2,2,08,10,49,174,43,13,46,206,41,14,60,304,47,24,47,327,40,1*76
1776370112.284,$GBGSV,2,1,06,07,54,160,49,08,38,191,38,10,49,174,47,13,46,206,38,3*7E
1776370112.284,$GBGSV,2,2,06,14,60,304,51,16,41,013,28,3*78
1776370112.285,$GBGSV,3,1,10,01,37,105,,02,66,235,,03,70,144,,04,21,101,,0*71
1776370112.286,$GBGSV,3,2,10,04,21,101,,05,41,259,,11,02,199,,12,21,153,,0*7A
1776370112.286,$GBGSV,3,3,10,12,21,153,,21,33,157,,0*71
1776370112.287,$GNGLL,1339.10124,N,10029.55809,E,200832.00,A,D*7C
1776370113.251,$GNRMC,200833.00,A,1339.10126,N,10029.55754,E,1.950,273.82,160426,0.53,W,D,V*4C
1776370113.254,$GNVTG,273.82,T,274.35,M,1.950,N,3.611,K,D*3B
1776370113.257,$GNGGA,200833.00,1339.10126,N,10029.55754,E,2,12,0.52,-0.4,M,-27.8,M,,0499*42
1776370113.259,$GNGSA,A,3,32,16,26,27,40,31,03,04,08,,,,1.22,0.52,1.11,1*08
1776370113.261,$GNGSA,A,3,79,70,73,80,69,68,,,,,,,1.22,0.52,1.11,2*01
1776370113.262,$GNGSA,A,3,08,25,02,03,05,30,,,,,,,1.22,0.52,1.11,3*0C
1776370113.264,$GNGSA,A,3,09,24,08,06,10,14,16,13,,,,,1.22,0.52,1.11,4*03
1776370113.267,$GPGSV,3,1,10,03,42,262,45,04,31,332,30,08,32,185,40,16,64,355,32,1*64
1776370113.269,$GPGSV,3,2,10,26,35,025,27,27,52,147,42,31,30,043,29,40,36,259,44,1*60
1776370113.270,$GPGSV,3,3,10,41,64,233,47,42,70,217,46,1*64
1776370113.271,$GPGSV,2,1,08,03,42,262,42,04,31,332,25,08,32,185,36,26,35,025,31,6*69
1776370113.273,$GPGSV,2,2,08,27,52,147,45,28,16,067,18,31,30,043,29,32,17,133,25,6*63
1776370113.274,$GPGSV,1,1,04,01,02,222,,02,05,195,,09,02,323,,50,56,115,,0*60
1776370113.275,$GLGSV,2,1,07,68,25,153,41,69,77,142,51,70,46,336,44,73,26,268,49,1*79
1776370113.276,$GLGSV,2,2,07,79,12,026,30,80,41,335,39,,,,23,1*76
1776370113.277,$GLGSV,2,1,06,68,25,153,27,69,77,142,46,70,46,336,41,73,26,268,46,3*76
1776370113.277,$GLGSV,2,2,06,79,12,026,24,80,41,335,33,3*7B
1776370113.278,$GLGSV,1,1,03,81,02,075,,82,08,118,,83,03,165,,0*43
1776370113.279,$GAGSV,2,1,07,02,75,329,51,03,65,055,38,05,28,119,43,08,34,336,29,2*76
1776370113.280,$GAGSV,2,2,07,25,28,031,34,30,37,232,46,32,55,356,32,2*4F
1776370113.281,$GAGSV,2,1,06,02,75,329,47,03,65,055,33,05,28,119,39,25,28,031,24,7*78
1776370113.281,$GAGSV,2,2,06,30,37,232,39,32,55,356,35,7*7C
1776370113.282,$GAGSV,1,1,02,15,05,225,,34,07,178,,0*7C
1776370113.283,$GBGSV,2,1,08,06,31,181,38,07,54,160,41,08,38,191,32,09,43,341,30,1*7E
1776370113.284,$GBGSV,2,2,08,10,49,174,41,13,46,206,33,14,60,304,47,24,47,327,47,1*76
1776370113.285,$GBGSV,2,1,06,07,54,160,47,08,38,191,39,10,49,174,45,13,46,206,39,3*72
1776370113.286,$GBGSV,2,2,06,14,60,304,51,16,41,013,27,3*77
1776370113.286,$GBGSV,3,1,10,01,37,105,,02,66,235,,03,70,144,,04,21,101,,0*71
1776370113.287,$GBGSV,3,2,10,04,21,101,,05,41,259,,11,02,199,,12,21,153,,0*7A
1776370113.287,$GBGSV,3,3,10,12,21,153,,21,33,157,,0*71
1776370113.288,$GNGLL,1339.10126,N,10029.55754,E,200833.00,A,D*78
1776370114.247,$GNRMC,200834.00,A,1339.10132,N,10029.55700,E,1.936,274.85,160426,0.53,W,D,V*4F
1776370114.250,$GNVTG,274.85,T,275.38,M,1.936,N,3.585,K,D*39
1776370114.252,$GNGGA,200834.00,1339.10132,N,10029.55700,E,2,12,0.52,-0.4,M,-27.8,M,,0499*41
1776370114.254,$GNGSA,A,3,32,16,26,27,40,31,03,04,08,,,,1.22,0.52,1.11,1*08
1776370114.256,$GNGSA,A,3,79,70,73,80,69,68,,,,,,,1.22,0.52,1.11,2*01
1776370114.257,$GNGSA,A,3,08,25,02,03,05,30,,,,,,,1.22,0.52,1.11,3*0C
1776370114.259,$GNGSA,A,3,09,24,08,06,10,14,16,13,,,,,1.22,0.52,1.11,4*03
1776370114.260,$GPGSV,3,1,09,03,42,262,45,04,31,332,25,08,32,185,34,16,64,355,41,1*6F
1776370114.262,$GPGSV,3,2,09,27,52,147,45,31,30,043,28,40,36,259,45,41,64,233,48,1*66
1776370114.263,$GPGSV,3,3,09,42,70,217,47,1*5B
1776370114.265,$GPGSV,2,1,08,03,42,262,42,04,31,332,26,08,32,185,35,26,35,025,26,6*6F
1776370114.267,$GPGSV,2,2,08,27,52,147,44,28,16,067,18,31,30,043,21,32,17,133,26,6*69
1776370114.270,$GPGSV,1,1,04,01,02,222,,02,05,195,,09,02,323,,50,56,115,,0*60
1776370114.272,$GLGSV,2,1,07,68,25,153,36,69,77,142,50,70,46,336,47,73,26,268,47,1*75
1776370114.274,$GLGSV,2,2,07,79,12,026,34,80,41,335,39,,,,29,1*78
1776370114.276,$GLGSV,2,1,06,68,25,153,37,69,77,142,46,70,46,336,46,73,26,268,43,3*75
1776370114.277,$GLGSV,2,2,06,79,12,026,25,80,41,335,38,3*71
1776370114.278,$GLGSV,1,1,03,81,02,075,,82,08,118,,83,03,165,,0*43
1776370114.280,$GAGSV,2,1,07,02,75,329,49,03,65,055,34,05,28,119,45,08,34,336,36,2*7B
1776370114.281,$GAGSV,2,2,07,25,28,031,29,30,37,232,44,32,55,356,42,2*46
1776370114.283,$GAGSV,2,1,07,02,75,329,47,03,65,055,29,05,28,119,41,08,34,336,34,7*7A
1776370114.284,$GAGSV,2,2,07,25,28,031,25,30,37,232,41,32,55,356,38,7*47
1776370114.285,$GAGSV,1,1,02,15,05,225,,34,07,178,,0*7C
1776370114.287,$GBGSV,2,1,08,06,31,181,30,07,54,160,42,08,38,191,26,09,43,341,34,1*74
1776370114.288,$GBGSV,2,2,08,10,49,174,30,13,46,206,39,14,60,304,47,24,47,327,46,1*7B
1776370114.289,$GBGSV,2,1,06,07,54,160,47,08,38,191,34,10,49,174,44,13,46,206,42,3*72
1776370114.289,$GBGSV,2,2,06,14,60,304,49,16,41,013,28,3*71
1776370114.290,$GBGSV,3,1,10,01,37,105,,02,66,235,,03,70,144,,04,21,101,,0*71
1776370114.291,$GBGSV,3,2,10,04,21,101,,05,41,259,,11,02,199,,12,21,153,,0*7A
1776370114.292,$GBGSV,3,3,10,12,21,153,,21,33,157,,0*71
1776370114.292,$GNGLL,1339.10132,N,10029.55700,E,200834.00,A,D*7B
1776370115.246,$GNRMC,200835.00,A,1339.10137,N,10029.55646,E,1.943,272.62,160426,0.53,W,D,V*45
1776370115.249,$GNVTG,272.62,T,273.15,M,1.943,N,3.598,K,D*31
1776370115.252,$GNGGA,200835.00,1339.10137,N,10029.55646,E,2,12,0.52,-0.4,M,-27.8,M,,0499*46
1776370115.254,$GNGSA,A,3,32,16,26,27,40,31,03,04,08,,,,1.22,0.52,1.11,1*08
1776370115.256,$GNGSA,A,3,79,70,73,80,69,68,,,,,,,1.22,0.52,1.11,2*01
1776370115.258,$GNGSA,A,3,08,25,02,03,05,30,,,,,,,1.22,0.52,1.11,3*0C
1776370115.260,$GNGSA,A,3,09,24,08,06,10,14,16,13,,,,,1.22,0.52,1.11,4*03
1776370115.262,$GPGSV,3,1,09,03,42,262,45,04,31,332,26,08,32,185,35,16,64,355,47,1*6B
1776370115.264,$GPGSV,3,2,09,27,52,147,45,31,30,043,27,40,36,259,46,41,64,233,49,1*6B
1776370115.265,$GPGSV,3,3,09,42,70,217,46,1*5A
1776370115.267,$GPGSV,2,1,08,03,42,262,42,04,31,332,33,08,32,185,32,26,35,025,24,6*6E
1776370115.268,$GPGSV,2,2,08,27,52,147,44,28,16,067,18,31,30,043,24,32,17,133,30,6*6B
1776370115.270,$GPGSV,1,1,04,01,02,222,,02,05,195,,09,02,323,,50,56,115,,0*60
1776370115.271,$GLGSV,2,1,07,68,25,153,43,69,77,142,50,70,46,336,50,73,26,268,44,1*72
1776370115.272,$GLGSV,2,2,07,79,12,026,25,80,41,335,44,,,,34,1*7E
1776370115.274,$GLGSV,2,1,06,68,25,153,31,69,77,142,47,70,46,336,47,73,26,268,45,3*75
1776370115.275,$GLGSV,2,2,06,79,12,026,23,80,41,335,41,3*79
1776370115.275,$GLGSV,1,1,03,81,02,075,,82,08,118,,83,03,165,,0*43
1776370115.276,$GAGSV,2,1,07,02,75,329,49,03,65,055,43,05,28,119,43,08,34,336,39,2*72
1776370115.277,$GAGSV,2,2,07,25,28,031,29,30,37,232,43,32,55,356,47,2*44
1776370115.278,$GAGSV,2,1,07,02,75,329,47,03,65,055,41,05,28,119,40,08,34,336,39,7*78
1776370115.279,$GAGSV,2,2,07,25,28,031,26,30,37,232,40,32,55,356,40,7*4A
1776370115.280,$GAGSV,1,1,02,15,05,225,,34,07,178,,0*7C
1776370115.280,$GBGSV,2,1,08,06,31,181,30,07,54,160,38,08,38,191,38,09,43,341,37,1*75
1776370115.281,$GBGSV,2,2,08,10,49,174,30,13,46,206,42,14,60,304,46,24,47,327,44,1*74
1776370115.282,$GBGSV,2,1,07,07,54,160,47,08,38,191,31,09,43,341,34,10,49,174,36,3*7E
1776370115.283,$GBGSV,2,2,07,13,46,206,46,14,60,304,48,16,41,013,29,3*46
1776370115.284,$GBGSV,3,1,10,01,37,105,,02,66,235,,03,70,144,,04,21,101,,0*71
1776370115.285,$GBGSV,3,2,10,04,21,101,,05,41,259,,11,02,199,,12,21,153,,0*7A
1776370115.286,$GBGSV,3,3,10,12,21,153,,21,33,157,,0*71
1776370115.286,$GNGLL,1339.10137,N,10029.55646,E,200835.00,A,D*7C
1776370116.249,$GNRMC,200836.00,A,1339.10141,N,10029.55590,E,2.068,275.85,160426,0.53,W,D,V*42
1776370116.252,$GNVTG,275.85,T,276.39,M,2.068,N,3.830,K,D*38
1776370116.255,$GNGGA,200836.00,1339.10141,N,10029.55590,E,2,12,0.52,-0.5,M,-27.8,M,,0499*4D
1776370116.256,$GNGSA,A,3,32,16,26,27,40,31,03,04,08,,,,1.22,0.52,1.11,1*08
1776370116.258,$GNGSA,A,3,79,70,73,80,69,68,,,,,,,1.22,0.52,1.11,2*01
1776370116.259,$GNGSA,A,3,08,25,02,03,05,30,,,,,,,1.22,0.52,1.11,3*0C
1776370116.260,$GNGSA,A,3,09,24,08,06,10,14,16,13,,,,,1.22,0.52,1.11,4*03
1776370116.261,$GPGSV,3,1,10,03,42,262,46,04,31,332,39,08,32,185,34,16,64,355,45,1*6D
1776370116.263,$GPGSV,3,2,10,26,35,025,29,27,52,147,46,31,30,043,27,40,36,259,44,1*64
1776370116.263,$GPGSV,3,3,10,41,64,233,47,42,70,217,46,1*64
1776370116.264,$GPGSV,2,1,08,03,42,262,43,04,31,332,39,08,32,185,27,26,35,025,25,6*60
1776370116.265,$GPGSV,2,2,08,27,52,147,43,28,16,067,17,31,30,043,26,32,17,133,24,6*64
1776370116.266,$GPGSV,1,1,04,01,02,222,,02,05,195,,09,02,323,,50,56,115,,0*60
1776370116.267,$GLGSV,2,1,07,68,25,153,36,69,77,142,51,70,46,336,48,73,26,268,47,1*7B
1776370116.268,$GLGSV,2,2,07,79,12,026,26,80,41,335,46,,,,34,1*7F
1776370116.269,$GLGSV,2,1,06,68,25,153,35,69,77,142,46,70,46,336,45,73,26,268,45,3*72
1776370116.271,$GLGSV,2,2,06,79,12,026,34,80,41,335,42,3*7C
1776370116.272,$GLGSV,1,1,03,81,02,075,,82,08,118,,83,03,165,,0*43
1776370116.273,$GAGSV,2,1,07,02,75,329,51,03,65,055,49,05,28,119,43,08,34,336,40,2*7F
1776370116.275,$GAGSV,2,2,07,25,28,031,28,30,37,232,45,32,55,356,50,2*45
1776370116.276,$GAGSV,2,1,07,02,75,329,48,03,65,055,46,05,28,119,38,08,34,336,41,7*70
1776370116.276,$GAGSV,2,2,07,25,28,031,25,30,37,232,41,32,55,356,47,7*4F
1776370116.277,$GAGSV,1,1,02,15,05,225,,34,07,178,,0*7C
1776370116.277,$GBGSV,2,1,08,06,31,181,31,07,54,160,38,08,38,191,32,09,43,341,39,1*70
1776370116.278,$GBGSV,2,2,08,10,49,174,35,13,46,206,43,14,60,304,46,24,47,327,41,1*75
1776370116.279,$GBGSV,2,1,07,07,54,160,42,08,38,191,41,09,43,341,43,10,49,174,42,3*7F
1776370116.279,$GBGSV,2,2,07,13,46,206,45,14,60,304,48,16,41,013,28,3*44
1776370116.280,$GBGSV,3,1,10,01,37,105,,02,66,235,,03,70,144,,04,21,101,,0*71
1776370116.280,$GBGSV,3,2,10,04,21,101,,05,41,259,,11,02,199,,12,21,153,,0*7A
1776370116.281,$GBGSV,3,3,10,12,21,153,,21,33,157,,0*71
1776370116.281,$GNGLL,1339.10141,N,10029.55590,E,200836.00,A,D*76
1776370117.245,$GNRMC,200837.00,A,1339.10148,N,10029.55531,E,2.106,272.22,160426,0.53,W,D,V*42
1776370117.248,$GNVTG,272.22,T,272.75,M,2.106,N,3.901,K,D*34
1776370117.251,$GNGGA,200837.00,1339.10148,N,10029.55531,E,2,12,0.51,-0.4,M,-27.8,M,,0499*4C
1776370117.253,$GNGSA,A,3,32,16,26,27,40,31,03,04,08,,,,1.11,0.51,0.99,1*0A
1776370117.256,$GNGSA,A,3,79,70,73,80,69,68,,,,,,,1.11,0.51,0.99,2*03
1776370117.259,$GNGSA,A,3,08,25,02,03,05,30,,,,,,,1.11,0.51,0.99,3*0E
1776370117.260,$GNGSA,A,3,09,24,08,06,10,14,16,13,,,,,1.11,0.51,0.99,4*01
1776370117.262,$GPGSV,3,1,11,03,42,262,45,04,31,332,38,08,32,185,34,16,64,355,46,1*6D
1776370117.264,$GPGSV,3,2,11,26,35,025,28,27,52,147,41,31,30,043,32,32,17,133,31,1*6C
1776370117.265,$GPGSV,3,3,11,40,36,259,45,41,64,233,49,42,70,217,46,1*55
1776370117.266,$GPGSV,2,1,08,03,42,262,42,04,31,332,37,08,32,185,35,26,35,025,26,6*6F
1776370117.268,$GPGSV,2,2,08,27,52,147,43,28,16,067,17,31,30,043,24,32,17,133,29,6*6B
1776370117.270,$GPGSV,1,1,04,01,02,222,,02,05,195,,09,02,323,,50,56,115,,0*60
1776370117.272,$GLGSV,2,1,07,68,25,153,32,69,77,142,51,70,46,336,45,73,26,268,44,1*71
1776370117.274,$GLGSV,2,2,07,79,12,026,26,80,41,335,35,,,,32,1*7D
1776370117.275,$GLGSV,2,1,06,68,25,153,36,69,77,142,48,70,46,336,42,73,26,268,46,3*7B
1776370117.276,$GLGSV,2,2,06,79,12,026,29,80,41,335,41,3*73
1776370117.277,$GLGSV,1,1,03,81,02,075,,82,08,118,,83,03,165,,0*43
1776370117.277,$GAGSV,2,1,07,02,75,329,50,03,65,055,51,05,28,119,42,08,34,336,41,2*77
1776370117.278,$GAGSV,2,2,07,25,28,031,28,30,37,232,46,32,55,356,52,2*44
1776370117.279,$GAGSV,2,1,07,02,75,329,46,03,65,055,45,05,28,119,38,08,34,336,40,7*7C
1776370117.279,$GAGSV,2,2,07,25,28,031,24,30,37,232,39,32,55,356,43,7*45
1776370117.280,$GAGSV,1,1,02,15,05,225,,34,07,178,,0*7C
1776370117.281,$GBGSV,2,1,08,06,31,181,36,07,54,160,39,08,38,191,38,09,43,341,41,1*73
1776370117.281,$GBGSV,2,2,08,10,49,174,39,13,46,206,38,14,60,304,44,24,47,327,36,1*77
1776370117.282,$GBGSV,2,1,07,07,54,160,46,08,38,191,39,09,43,341,46,10,49,174,42,3*71
1776370117.283,$GBGSV,2,2,07,13,46,206,39,14,60,304,48,16,41,013,28,3*4F
1776370117.283,$GBGSV,3,1,10,01,37,105,,02,66,235,,03,70,144,,04,21,101,,0*71
1776370117.284,$GBGSV,3,2,10,04,21,101,,05,41,259,,11,02,199,,12,21,153,,0*7A
1776370117.285,$GBGSV,3,3,10,12,21,153,,21,33,157,,0*71
1776370117.286,$GNGLL,1339.10148,N,10029.55531,E,200837.00,A,D*75
1776370118.252,$GNRMC,200838.00,A,1339.10154,N,10029.55471,E,2.170,271.93,160426,0.53,W,D,V*4D
1776370118.255,$GNVTG,271.93,T,272.46,M,2.170,N,4.020,K,D*31
1776370118.259,$GNGGA,200838.00,1339.10154,N,10029.55471,E,2,12,0.51,-0.3,M,-27.8,M,,0499*4C
1776370118.261,$GNGSA,A,3,32,16,26,27,40,31,03,04,08,,,,1.11,0.51,0.99,1*0A
1776370118.262,$GNGSA,A,3,79,70,73,80,69,68,,,,,,,1.11,0.51,0.99,2*03
1776370118.264,$GNGSA,A,3,08,25,02,03,05,30,,,,,,,1.11,0.51,0.99,3*0E
1776370118.265,$GNGSA,A,3,09,24,08,06,10,14,16,13,,,,,1.11,0.51,0.99,4*01
1776370118.267,$GPGSV,3,1,11,03,42,262,45,04,31,332,27,08,32,185,39,16,64,355,41,1*69
1776370118.269,$GPGSV,3,2,11,26,35,025,27,27,52,147,44,31,30,043,27,32,17,133,31,1*62
1776370118.271,$GPGSV,3,3,11,40,36,259,46,41,64,233,46,42,70,217,48,1*57
1776370118.274,$GPGSV,2,1,08,03,42,262,41,04,31,332,40,08,32,185,43,26,35,025,27,6*6C
1776370118.277,$GPGSV,2,2,08,27,52,147,43,28,16,067,18,31,30,043,25,32,17,133,29,6*65
1776370118.279,$GPGSV,1,1,04,01,02,222,,02,05,195,,09,02,323,,50,56,115,,0*60
1776370118.280,$GLGSV,2,1,07,68,25,153,38,69,77,142,51,70,46,336,45,73,26,268,45,1*7A
1776370118.282,$GLGSV,2,2,07,79,12,026,27,80,41,335,43,,,,31,1*7E
1776370118.284,$GLGSV,2,1,06,68,25,153,32,69,77,142,47,70,46,336,41,73,26,268,45,3*70
1776370118.285,$GLGSV,2,2,06,79,12,026,23,80,41,335,31,3*7E
1776370118.286,$GLGSV,1,1,03,81,02,075,,82,08,118,,83,03,165,,0*43
1776370118.288,$GAGSV,2,1,07,02,75,329,50,03,65,055,50,05,28,119,43,08,34,336,41,2*77
1776370118.288,$GAGSV,2,2,07,25,28,031,28,30,37,232,42,32,55,356,47,2*44
1776370118.289,$GAGSV,2,1,07,02,75,329,47,03,65,055,46,05,28,119,39,08,34,336,31,7*79
1776370118.290,$GAGSV,2,2,07,25,28,031,25,30,37,232,39,32,55,356,43,7*44
1776370118.291,$GAGSV,1,1,02,15,05,225,,34,07,178,,0*7C
1776370118.293,$GBGSV,2,1,08,06,31,181,33,07,54,160,41,08,38,191,39,09,43,341,35,1*7B
1776370118.294,$GBGSV,2,2,08,10,49,174,40,13,46,206,34,14,60,304,45,24,46,329,43,1*79
1776370118.294,$GBGSV,2,1,07,07,54,160,46,08,38,191,43,09,43,341,36,10,49,174,44,3*7D
1776370118.295,$GBGSV,2,2,07,13,46,206,41,14,60,304,47,16,41,013,39,3*4F
1776370118.296,$GBGSV,3,1,10,01,37,105,,02,66,235,,03,70,144,,04,21,101,,0*71
1776370118.297,$GBGSV,3,2,10,04,21,101,,05,41,259,,11,02,199,,12,21,153,,0*7A
1776370118.297,$GBGSV,3,3,10,12,21,153,,21,33,157,,0*71
1776370118.298,$GNGLL,1339.10154,N,10029.55471,E,200838.00,A,D*72
1776370119.258,$GNRMC,200839.00,A,1339.10157,N,10029.55410,E,2.130,274.16,160426,0.53,W,D,V*44
1776370119.260,$GNVTG,274.16,T,274.69,M,2.130,N,3.944,K,D*3A
1776370119.260,$GNGGA,200839.00,1339.10157,N,10029.55410,E,2,12,0.51,-0.4,M,-27.8,M,,0499*4E
1776370119.261,$GNGSA,A,3,32,16,26,27,40,31,03,04,08,,,,1.11,0.51,0.99,1*0A
1776370119.262,$GNGSA,A,3,79,70,73,80,69,68,,,,,,,1.11,0.51,0.99,2*03
1776370119.263,$GNGSA,A,3,08,25,02,03,05,30,,,,,,,1.11,0.51,0.99,3*0E
1776370119.263,$GNGSA,A,3,09,24,08,06,10,14,16,13,,,,,1.11,0.51,0.99,4*01
1776370119.264,$GPGSV,3,1,11,03,42,262,47,04,31,332,27,08,32,185,41,16,64,355,35,1*67
1776370119.265,$GPGSV,3,2,11,26,35,025,28,27,52,147,41,31,30,043,26,32,17,133,34,1*6C
1776370119.266,$GPGSV,3,3,11,40,36,259,46,41,64,233,48,42,70,217,47,1*56
1776370119.267,$GPGSV,2,1,08,03,42,262,41,04,31,332,29,08,32,185,39,26,35,025,26,6*6F
1776370119.268,$GPGSV,2,2,08,27,52,147,43,28,16,067,17,31,30,043,25,32,17,133,29,6*6A
1776370119.269,$GPGSV,1,1,04,01,02,222,,02,05,195,,09,02,323,,50,56,115,,0*60
1776370119.269,$GLGSV,2,1,07,68,25,153,33,69,77,142,51,70,46,336,43,73,26,268,48,1*7A
1776370119.270,$GLGSV,2,2,07,79,12,026,28,80,41,335,43,,,,30,1*70
1776370119.271,$GLGSV,2,1,06,68,25,153,38,69,77,142,47,70,46,336,44,73,26,268,46,3*7C
1776370119.272,$GLGSV,2,2,06,79,12,026,22,80,41,335,41,3*78
1776370119.272,$GLGSV,1,1,03,81,02,075,,82,08,118,,83,03,165,,0*43
1776370119.273,$GAGSV,2,1,07,02,75,329,49,03,65,055,49,05,28,119,41,08,34,336,39,2*7A
1776370119.274,$GAGSV,2,2,07,25,28,031,27,30,37,232,47,32,55,356,46,2*4F
1776370119.275,$GAGSV,2,1,07,02,75,329,47,03,65,055,44,05,28,119,40,08,34,336,34,7*70
1776370119.276,$GAGSV,2,2,07,25,28,031,23,30,37,232,42,32,55,356,38,7*42
1776370119.276,$GAGSV,1,1,02,15,05,225,,34,07,178,,0*7C
1776370119.277,$GBGSV,2,1,08,06,31,181,42,07,54,160,43,08,38,191,36,09,43,341,30,1*75
1776370119.278,$GBGSV,2,2,08,10,49,174,43,13,46,206,40,14,60,304,42,24,46,329,37,1*7D
1776370119.279,$GBGSV,2,1,07,07,54,160,48,08,38,191,38,09,43,341,42,10,49,174,43,3*7B
1776370119.280,$GBGSV,2,2,07,13,46,206,42,14,60,304,48,16,41,013,35,3*4F
1776370119.280,$GBGSV,3,1,10,01,37,105,,02,66,235,,03,70,144,,04,21,101,,0*71
1776370119.281,$GBGSV,3,2,10,04,21,101,,05,41,259,,11,02,199,,12,21,153,,0*7A
1776370119.282,$GBGSV,3,3,10,12,21,153,,21,33,157,,0*71
1776370119.282,$GNGLL,1339.10157,N,10029.55410,E,200839.00,A,D*77
1776370120.241,$GNRMC,200840.00,A,1339.10161,N,10029.55350,E,2.084,272.28,160426,0.53,W,D,V*49
1776370120.243,$GNVTG,272.28,T,272.81,M,2.084,N,3.859,K,D*32
1776370120.244,$GNGGA,200840.00,1339.10161,N,10029.55350,E,2,12,0.51,-0.5,M,-27.8,M,,0499*47
1776370120.245,$GNGSA,A,3,32,16,26,27,40,31,03,04,08,,,,1.11,0.51,0.99,1*0A
1776370120.246,$GNGSA,A,3,79,70,73,80,69,68,,,,,,,1.11,0.51,0.99,2*03
1776370120.247,$GNGSA,A,3,08,25,02,03,05,30,,,,,,,1.11,0.51,0.99,3*0E
1776370120.247,$GNGSA,A,3,09,24,08,06,10,14,16,13,,,,,1.11,0.51,0.99,4*01
1776370120.248,$GPGSV,3,1,10,03,42,262,46,08,32,185,37,16,64,355,36,26,35,025,28,1*6B
1776370120.249,$GPGSV,3,2,10,27,52,147,44,31,30,043,27,32,17,133,30,40,36,259,45,1*6C
1776370120.250,$GPGSV,3,3,10,41,64,233,49,42,70,217,47,1*6B
1776370120.251,$GPGSV,2,1,08,03,42,262,43,04,31,332,29,08,32,185,37,26,35,025,31,6*65
1776370120.252,$GPGSV,2,2,08,27,52,147,44,28,16,067,17,31,30,043,31,32,17,133,28,6*69
1776370120.253,$GPGSV,1,1,04,01,02,222,,02,05,195,,09,02,323,,50,56,115,,0*60
1776370120.254,$GLGSV,2,1,07,68,25,153,35,69,77,142,52,70,46,336,41,73,26,268,49,1*7C
1776370120.254,$GLGSV,2,2,07,79,12,026,29,80,41,335,41,,,,25,1*77
1776370120.255,$GLGSV,2,1,06,68,25,153,34,69,77,142,47,70,46,336,41,73,26,268,45,3*76
1776370120.256,$GLGSV,2,2,06,79,12,026,25,80,41,335,39,3*70
1776370120.257,$GLGSV,1,1,03,81,02,075,,82,08,118,,83,03,165,,0*43
1776370120.258,$GAGSV,2,1,07,02,75,329,48,03,65,055,50,05,28,119,42,08,34,336,39,2*70
1776370120.258,$GAGSV,2,2,07,25,28,031,28,30,37,232,45,32,55,356,43,2*47
1776370120.259,$GAGSV,2,1,07,02,75,329,46,03,65,055,46,05,28,119,39,08,34,336,30,7*79
1776370120.260,$GAGSV,2,2,07,25,28,031,30,30,37,232,40,32,55,356,32,7*48
1776370120.261,$GAGSV,1,1,02,15,05,225,,34,07,178,,0*7C
1776370120.261,$GBGSV,2,1,08,06,31,181,43,07,54,160,42,08,38,191,28,09,43,341,36,1*7C
1776370120.262,$GBGSV,2,2,08,10,49,174,43,13,46,206,38,14,60,304,45,24,46,329,45,1*70
1776370120.263,$GBGSV,2,1,07,07,54,160,49,08,38,191,28,09,43,341,40,10,49,174,46,3*7C
1776370120.264,$GBGSV,2,2,07,13,46,206,44,14,60,304,47,16,41,013,38,3*4B
1776370120.265,$GBGSV,3,1,10,01,37,105,,02,66,235,,03,70,144,,04,21,101,,0*71
1776370120.265,$GBGSV,3,2,10,04,21,101,,05,41,259,,11,02,199,,12,21,153,,0*7A
1776370120.266,$GBGSV,3,3,10,12,21,153,,21,33,157,,0*71
1776370120.267,$GNGLL,1339.10161,N,10029.55350,E,200840.00,A,D*7F
1776370121.258,$GNRMC,200841.00,A,1339.10165,N,10029.55291,E,2.007,273.56,160426,0.53,W,D,V*43
1776370121.260,$GNVTG,273.56,T,274.09,M,2.007,N,3.718,K,D*3D
1776370121.261,$GNGGA,200841.00,1339.10165,N,10029.55291,E,2,12,0.51,-0.5,M,-27.8,M,,0499*4E
1776370121.262,$GNGSA,A,3,32,16,26,27,40,31,03,04,08,,,,1.11,0.51,0.99,1*0A
1776370121.263,$GNGSA,A,3,79,70,73,80,69,68,,,,,,,1.11,0.51,0.99,2*03
1776370121.263,$GNGSA,A,3,08,25,02,03,05,30,,,,,,,1.11,0.51,0.99,3*0E
1776370121.264,$GNGSA,A,3,09,24,08,06,10,14,16,13,,,,,1.11,0.51,0.99,4*01
1776370121.265,$GPGSV,3,1,11,03,42,262,42,04,31,332,31,08,32,185,29,16,64,355,38,1*66
1776370121.266,$GPGSV,3,2,11,26,35,025,27,27,52,147,45,31,30,043,26,32,17,133,29,1*6B
1776370121.266,$GPGSV,3,3,11,40,36,259,44,41,64,233,48,42,70,217,46,1*55
1776370121.267,$GPGSV,2,1,08,03,42,262,43,04,31,332,34,08,32,185,38,26,35,025,34,6*63
1776370121.268,$GPGSV,2,2,08,27,52,147,46,28,16,067,17,31,30,043,31,32,17,133,28,6*6B
1776370121.269,$GPGSV,1,1,04,01,02,222,,02,05,195,,09,02,323,,50,56,115,,0*60
1776370121.270,$GLGSV,2,1,07,68,25,153,34,69,77,142,51,70,46,336,43,73,26,268,48,1*7D
1776370121.271,$GLGSV,2,2,07,79,12,026,30,80,41,335,41,,,,35,1*7E
1776370121.272,$GLGSV,2,1,06,68,25,153,36,69,77,142,46,70,46,336,42,73,26,268,45,3*76
1776370121.273,$GLGSV,2,2,06,79,12,026,26,80,41,335,42,3*7F
1776370121.273,$GLGSV,1,1,03,81,02,075,,82,08,118,,83,03,165,,0*43
1776370121.274,$GAGSV,2,1,07,02,75,329,47,03,65,055,50,05,28,119,41,08,34,336,23,2*77
1776370121.275,$GAGSV,2,2,07,25,28,031,29,30,37,232,46,32,55,356,46,2*40
1776370121.275,$GAGSV,2,1,07,02,75,329,47,03,65,055,45,05,28,119,40,08,34,336,33,7*76
1776370121.276,$GAGSV,2,2,07,25,28,031,24,30,37,232,41,32,55,356,45,7*4C
1776370121.277,$GAGSV,1,1,02,15,05,225,,34,07,178,,0*7C
1776370121.277,$GBGSV,2,1,08,06,31,181,43,07,54,160,43,08,38,191,36,09,43,341,35,1*71
1776370121.278,$GBGSV,2,2,08,10,49,174,40,13,46,206,43,14,60,304,45,24,46,329,41,1*7B
1776370121.279,$GBGSV,2,1,07,07,54,160,48,08,38,191,30,09,43,341,29,10,49,174,44,3*79
1776370121.279,$GBGSV,2,2,07,13,46,206,44,14,60,304,50,16,41,013,42,3*40
1776370121.280,$GBGSV,3,1,10,01,37,105,,02,66,235,,03,70,144,,04,21,101,,0*71
1776370121.281,$GBGSV,3,2,10,04,21,101,,05,41,259,,11,02,199,,12,21,153,,0*7A
1776370121.281,$GBGSV,3,3,10,12,21,153,,21,33,157,,0*71
1776370121.282,$GNGLL,1339.10165,N,10029.55291,E,200841.00,A,D*76
1776370122.259,$GNRMC,200842.00,A,1339.10173,N,10029.55237,E,1.845,273.06,160426,0.53,W,D,V*43
1776370122.261,$GNVTG,273.06,T,273.59,M,1.845,N,3.416,K,D*3A
1776370122.263,$GNGGA,200842.00,1339.10173,N,10029.55237,E,2,12,0.51,-0.4,M,-27.8,M,,0499*47
1776370122.265,$GNGSA,A,3,32,16,26,27,40,31,03,04,08,,,,1.11,0.51,0.99,1*0A
1776370122.266,$GNGSA,A,3,79,70,73,80,69,68,,,,,,,1.11,0.51,0.99,2*03
1776370122.267,$GNGSA,A,3,08,25,02,03,05,30,,,,,,,1.11,0.51,0.99,3*0E
1776370122.268,$GNGSA,A,3,09,24,08,06,10,14,16,13,,,,,1.11,0.51,0.99,4*01
1776370122.269,$GPGSV,3,1,11,03,42,262,44,04,31,332,31,08,32,185,36,16,64,355,42,1*63
1776370122.272,$GPGSV,3,2,11,26,35,025,37,27,52,147,45,31,30,043,26,32,17,133,33,1*61
1776370122.275,$GPGSV,3,3,11,40,36,259,44,41,64,233,49,42,70,217,46,1*54
1776370122.278,$GPGSV,2,1,08,03,42,262,41,04,31,332,31,08,32,185,34,26,35,025,34,6*68
1776370122.280,$GPGSV,2,2,08,27,52,147,45,28,16,067,19,31,30,043,31,32,17,133,32,6*6D
1776370122.281,$GPGSV,1,1,04,01,02,222,,02,05,195,,09,02,323,,50,56,115,,0*60
1776370122.283,$GLGSV,2,1,07,68,25,153,41,69,77,142,51,70,46,336,42,73,26,268,46,1*70
1776370122.283,$GLGSV,2,2,07,79,12,026,25,80,41,335,39,,,,35,1*75
1776370122.284,$GLGSV,2,1,06,68,25,153,33,69,77,142,47,70,46,336,46,73,26,268,42,3*71
1776370122.285,$GLGSV,2,2,06,79,12,026,31,80,41,335,39,3*75
1776370122.286,$GLGSV,1,1,03,81,02,075,,82,08,118,,83,03,165,,0*43
1776370122.287,$GAGSV,2,1,07,02,75,329,50,03,65,055,49,05,28,119,39,08,34,336,29,2*7C
1776370122.288,$GAGSV,2,2,07,25,28,031,31,30,37,232,43,32,55,356,47,2*4D
1776370122.289,$GAGSV,2,1,07,02,75,329,46,03,65,055,43,05,28,119,38,08,34,336,34,7*79
1776370122.290,$GAGSV,2,2,07,25,28,031,26,30,37,232,40,32,55,356,39,7*44
1776370122.291,$GAGSV,1,1,02,15,05,225,,34,07,178,,0*7C
1776370122.292,$GBGSV,2,1,08,06,31,181,33,07,54,160,43,08,38,191,28,09,43,341,34,1*78
1776370122.294,$GBGSV,2,2,08,10,49,174,39,13,46,206,45,14,60,304,48,24,46,329,42,1*7D
1776370122.295,$GBGSV,2,1,07,07,54,160,49,08,38,191,41,09,43,341,37,10,49,174,45,3*70
1776370122.295,$GBGSV,2,2,07,13,46,206,45,14,60,304,50,16,41,013,40,3*43
1776370122.296,$GBGSV,3,1,10,01,37,105,,02,66,235,,03,70,144,,04,21,101,,0*71
1776370122.296,$GBGSV,3,2,10,04,21,101,,05,41,259,,11,02,199,,12,21,153,,0*7A
1776370122.297,$GBGSV,3,3,10,12,21,153,,21,33,157,,0*71
1776370122.297,$GNGLL,1339.10173,N,10029.55237,E,200842.00,A,D*7E
1776370123.248,$GNRMC,200843.00,A,1339.10180,N,10029.55186,E,1.807,275.99,160426,0.53,W,D,V*41
1776370123.250,$GNVTG,275.99,T,276.52,M,1.807,N,3.346,K,D*30
1776370123.251,$GNGGA,200843.00,1339.10180,N,10029.55186,E,2,12,0.51,-0.4,M,-27.8,M,,0499*43
1776370123.252,$GNGSA,A,3,32,16,26,27,40,31,03,04,08,,,,1.11,0.51,0.99,1*0A
1776370123.254,$GNGSA,A,3,79,70,73,80,69,68,,,,,,,1.11,0.51,0.99,2*03
1776370123.255,$GNGSA,A,3,08,25,02,03,05,30,,,,,,,1.11,0.51,0.99,3*0E
1776370123.256,$GNGSA,A,3,09,24,08,06,10,14,16,13,,,,,1.11,0.51,0.99,4*01
1776370123.258,$GPGSV,3,1,10,03,42,262,45,04,31,332,25,08,32,185,33,16,64,355,44,1*65
1776370123.259,$GPGSV,3,2,10,26,35,025,33,27,52,147,46,31,30,043,28,40,36,259,45,1*61
1776370123.261,$GPGSV,3,3,10,41,64,233,47,42,70,217,46,1*64
1776370123.263,$GPGSV,2,1,08,03,42,262,41,04,31,332,27,08,32,185,34,26,35,025,28,6*62
1776370123.264,$GPGSV,2,2,08,27,52,147,45,28,16,067,19,31,30,043,31,32,17,133,31,6*6E
1776370123.265,$GPGSV,1,1,04,01,02,222,,02,05,195,,09,02,323,,50,56,115,,0*60
1776370123.267,$GLGSV,2,1,07,68,25,153,40,69,77,142,51,70,46,336,48,73,26,268,44,1*79
1776370123.268,$GLGSV,2,2,07,79,12,026,25,80,41,335,48,,,,27,1*70
1776370123.270,$GLGSV,2,1,06,68,25,153,29,69,77,142,47,70,46,336,46,73,26,268,42,3*7A
1776370123.271,$GLGSV,2,2,06,79,12,026,25,80,41,335,42,3*7C
1776370123.273,$GLGSV,1,1,03,81,02,075,,82,08,118,,83,03,165,,0*43
1776370123.275,$GAGSV,2,1,07,02,75,329,48,03,65,055,50,05,28,119,42,08,34,336,31,2*78
1776370123.276,$GAGSV,2,2,07,25,28,031,36,30,37,232,42,32,55,356,37,2*4C
1776370123.277,$GAGSV,2,1,07,02,75,329,45,03,65,055,42,05,28,119,36,08,34,336,31,7*70
1776370123.278,$GAGSV,2,2,07,25,28,031,32,30,37,232,41,32,55,356,31,7*48
1776370123.278,$GAGSV,1,1,02,15,05,225,,34,07,178,,0*7C
1776370123.279,$GBGSV,2,1,08,06,31,181,38,07,54,160,41,08,38,191,40,09,43,341,34,1*7F
1776370123.280,$GBGSV,2,2,08,10,49,174,36,13,46,206,42,14,60,304,47,24,46,329,45,1*7D
1776370123.281,$GBGSV,2,1,07,07,54,160,48,08,38,191,46,09,43,341,40,10,49,174,40,3*73
1776370123.282,$GBGSV,2,2,07,13,46,206,42,14,60,304,51,16,41,013,34,3*46
1776370123.283,$GBGSV,3,1,10,01,37,105,,02,66,235,,03,70,144,,04,21,101,,0*71
1776370123.284,$GBGSV,3,2,10,04,21,101,,05,41,259,,11,02,199,,12,21,153,,0*7A
1776370123.284,$GBGSV,3,3,10,12,21,153,,21,33,157,,0*71
1776370123.285,$GNGLL,1339.10180,N,10029.55186,E,200843.00,A,D*7A
1776370124.258,$GNRMC,200844.00,A,1339.10186,N,10029.55134,E,1.925,272.46,160426,0.53,W,D,V*4D
1776370124.260,$GNVTG,272.46,T,272.99,M,1.925,N,3.566,K,D*33
1776370124.263,$GNGGA,200844.00,1339.10186,N,10029.55134,E,2,12,0.51,-0.4,M,-27.8,M,,0499*4B
1776370124.264,$GNGSA,A,3,32,16,26,27,40,31,03,04,08,,,,1.11,0.51,0.99,1*0A
1776370124.266,$GNGSA,A,3,79,70,73,80,69,68,,,,,,,1.11,0.51,0.99,2*03
1776370124.268,$GNGSA,A,3,08,25,02,03,05,30,,,,,,,1.11,0.51,0.99,3*0E
1776370124.269,$GNGSA,A,3,09,24,08,06,10,14,16,13,,,,,1.11,0.51,0.99,4*01
1776370124.273,$GPGSV,3,1,10,03,42,262,45,04,31,332,31,08,32,185,38,16,64,355,43,1*6C
1776370124.277,$GPGSV,3,2,10,27,52,147,45,31,30,043,33,32,17,133,28,40,36,259,44,1*60
1776370124.279,$GPGSV,3,3,10,41,64,233,47,42,70,217,47,1*65
1776370124.282,$GPGSV,2,1,08,03,42,262,42,04,31,332,35,08,32,185,37,26,35,025,33,6*6B
1776370124.284,$GPGSV,2,2,08,27,52,147,44,28,16,067,17,31,30,043,26,32,17,133,27,6*60
1776370124.286,$GPGSV,1,1,04,01,02,222,,02,05,195,,09,02,323,,50,56,115,,0*60
1776370124.287,$GLGSV,2,1,07,68,25,153,34,69,77,142,52,70,46,336,45,73,26,268,46,1*76
1776370124.288,$GLGSV,2,2,07,79,12,026,32,80,41,335,44,,,,26,1*7B
1776370124.290,$GLGSV,2,1,06,68,25,153,29,69,77,142,47,70,46,336,46,73,26,268,41,3*79
1776370124.291,$GLGSV,2,2,06,79,12,026,26,80,41,335,43,3*7E
1776370124.292,$GLGSV,1,1,03,81,02,075,,82,08,118,,83,03,165,,0*43
1776370124.293,$GAGSV,2,1,07,02,75,329,49,03,65,055,50,05,28,119,40,08,34,336,41,2*7C
1776370124.294,$GAGSV,2,2,07,25,28,031,36,30,37,232,48,32,55,356,46,2*40
1776370124.295,$GAGSV,2,1,06,02,75,329,46,03,65,055,43,05,28,119,36,25,28,031,26,7*73
1776370124.296,$GAGSV,2,2,06,30,37,232,41,32,55,356,34,7*72
1776370124.296,$GAGSV,1,1,02,15,05,225,,34,07,178,,0*7C
1776370124.297,$GBGSV,2,1,08,06,31,181,37,07,54,160,43,08,38,191,41,09,43,341,35,1*72
1776370124.298,$GBGSV,2,2,08,10,49,174,37,13,46,206,43,14,60,304,44,24,46,329,46,1*7D
1776370124.299,$GBGSV,2,1,07,07,54,160,47,08,38,191,41,09,43,341,45,10,49,174,43,3*7D
1776370124.300,$GBGSV,2,2,07,13,46,206,41,14,60,304,47,16,41,013,36,3*40
1776370124.300,$GBGSV,3,1,10,01,37,105,,02,66,235,,03,70,144,,04,21,101,,0*71
1776370124.301,$GBGSV,3,2,10,04,21,101,,05,41,259,,11,02,199,,12,21,153,,0*7A
1776370124.301,$GBGSV,3,3,10,12,21,153,,21,33,157,,0*71
1776370124.302,$GNGLL,1339.10186,N,10029.55134,E,200844.00,A,D*72
1776370125.248,$GNRMC,200845.00,A,1339.10189,N,10029.55077,E,2.158,272.49,160426,0.53,W,D,V*4B
1776370125.250,$GNVTG,272.49,T,273.02,M,2.158,N,3.997,K,D*3C
1776370125.253,$GNGGA,200845.00,1339.10189,N,10029.55077,E,2,12,0.51,-0.4,M,-27.8,M,,0499*43
1776370125.256,$GNGSA,A,3,32,16,26,27,40,31,03,04,08,,,,1.11,0.51,0.99,1*0A
1776370125.259,$GNGSA,A,3,79,70,73,80,69,68,,,,,,,1.11,0.51,0.99,2*03
1776370125.261,$GNGSA,A,3,08,25,02,03,05,30,,,,,,,1.11,0.51,0.99,3*0E
1776370125.263,$GNGSA,A,3,09,24,08,06,10,14,16,13,,,,,1.11,0.51,0.99,4*01
1776370125.265,$GPGSV,3,1,09,03,42,262,44,04,31,332,30,08,32,185,42,16,64,355,42,1*68
1776370125.266,$GPGSV,3,2,09,27,52,147,45,31,30,043,29,40,36,259,44,41,64,233,48,1*66
1776370125.267,$GPGSV,3,3,09,42,70,217,47,1*5B
1776370125.269,$GPGSV,2,1,08,03,42,262,43,04,31,332,37,08,32,185,41,26,35,025,30,6*6A
1776370125.270,$GPGSV,2,2,08,27,52,147,44,28,16,067,17,31,30,043,28,32,17,133,26,6*6F
1776370125.270,$GPGSV,1,1,04,01,02,222,,02,05,195,,09,02,323,,50,56,115,,0*60
1776370125.271,$GLGSV,2,1,07,68,25,153,42,69,77,142,51,70,46,336,41,73,26,268,42,1*74
1776370125.272,$GLGSV,2,2,07,79,12,026,27,80,41,335,45,,,,32,1*7B
1776370125.274,$GLGSV,2,1,06,68,25,153,32,69,77,142,46,70,46,336,48,73,26,268,41,3*7C
1776370125.275,$GLGSV,2,2,06,79,12,026,25,80,41,335,45,3*7B
1776370125.276,$GLGSV,1,1,03,81,02,075,,82,08,118,,83,03,165,,0*43
1776370125.277,$GAGSV,2,1,07,02,75,329,50,03,65,055,45,05,28,119,39,08,34,336,39,2*71
1776370125.277,$GAGSV,2,2,07,25,28,031,29,30,37,232,48,32,55,356,41,2*49
1776370125.278,$GAGSV,2,1,07,02,75,329,48,03,65,055,45,05,28,119,36,08,34,336,34,7*7F
1776370125.279,$GAGSV,2,2,07,25,28,031,25,30,37,232,44,32,55,356,40,7*4D
1776370125.280,$GAGSV,1,1,02,15,05,225,,34,07,178,,0*7C
1776370125.280,$GBGSV,2,1,08,06,31,181,42,07,54,160,42,08,38,191,39,09,43,341,41,1*7D
1776370125.281,$GBGSV,2,2,08,10,49,174,34,13,46,206,41,14,60,304,45,24,46,329,46,1*7D
1776370125.282,$GBGSV,2,1,07,07,54,160,47,08,38,191,43,09,43,341,48,10,49,174,40,3*71
1776370125.283,$GBGSV,2,2,07,13,46,206,43,14,60,304,49,16,41,013,35,3*4F
1776370125.283,$GBGSV,3,1,10,01,37,105,,02,66,235,,03,70,144,,04,21,101,,0*71
1776370125.284,$GBGSV,3,2,10,04,21,101,,05,41,259,,11,02,199,,12,21,153,,0*7A
1776370125.284,$GBGSV,3,3,10,12,21,153,,21,33,157,,0*71
1776370125.285,$GNGLL,1339.10189,N,10029.55077,E,200845.00,A,D*7A
1776370126.252,$GNRMC,200846.00,A,1339.10190,N,10029.55013,E,2.387,271.52,160426,0.53,W,D,V*4B
1776370126.254,$GNVTG,271.52,T,272.05,M,2.387,N,4.421,K,D*34
1776370126.257,$GNGGA,200846.00,1339.10190,N,10029.55013,E,2,12,0.51,-0.5,M,-27.8,M,,0499*4B
1776370126.259,$GNGSA,A,3,32,16,26,27,40,31,03,04,08,,,,1.11,0.51,0.99,1*0A
1776370126.260,$GNGSA,A,3,79,70,73,80,69,68,,,,,,,1.11,0.51,0.99,2*03
1776370126.261,$GNGSA,A,3,08,25,02,03,05,30,,,,,,,1.11,0.51,0.99,3*0E
1776370126.262,$GNGSA,A,3,09,24,08,06,10,14,16,13,,,,,1.11,0.51,0.99,4*01
1776370126.263,$GPGSV,3,1,10,03,42,262,45,04,31,332,29,08,32,185,42,16,64,355,40,1*6B
1776370126.265,$GPGSV,3,2,10,26,35,025,35,27,52,147,45,31,30,043,29,40,36,259,43,1*63
1776370126.266,$GPGSV,3,3,10,41,64,233,49,42,70,217,47,1*6B
1776370126.267,$GPGSV,2,1,08,03,42,262,44,04,31,332,41,08,32,185,40,26,35,025,28,6*64
1776370126.268,$GPGSV,2,2,08,27,52,147,46,28,16,067,19,31,30,043,28,32,17,133,30,6*64
1776370126.269,$GPGSV,1,1,04,01,02,222,,02,05,195,,09,02,323,,50,56,115,,0*60
1776370126.270,$GLGSV,2,1,07,68,25,153,39,69,77,142,50,70,46,336,51,73,26,268,45,1*7F
1776370126.270,$GLGSV,2,2,07,79,12,026,32,80,41,335,49,,,,34,1*75
1776370126.271,$GLGSV,2,1,06,68,25,153,35,69,77,142,46,70,46,336,49,73,26,268,43,3*78
1776370126.272,$GLGSV,2,2,06,79,12,026,25,80,41,335,45,3*7B
1776370126.273,$GLGSV,1,1,03,81,02,075,,82,08,118,,83,03,165,,0*43
1776370126.275,$GAGSV,2,1,07,02,75,329,50,03,65,055,50,05,28,119,36,08,34,336,38,2*7B
1776370126.276,$GAGSV,2,2,07,25,28,031,34,30,37,232,49,32,55,356,45,2*40
1776370126.277,$GAGSV,2,1,06,02,75,329,49,03,65,055,43,05,28,119,29,25,28,031,24,7*70
1776370126.277,$GAGSV,2,2,06,30,37,232,46,32,55,356,43,7*75
1776370126.278,$GAGSV,1,1,02,15,05,225,,34,07,178,,0*7C
1776370126.279,$GBGSV,2,1,08,06,31,181,40,07,54,160,39,08,38,191,39,09,43,341,41,1*73
1776370126.279,$GBGSV,2,2,08,10,49,174,43,13,46,206,37,14,60,304,47,24,46,329,48,1*70
1776370126.280,$GBGSV,2,1,07,07,54,160,44,08,38,191,42,09,43,341,44,10,49,174,46,3*79
1776370126.281,$GBGSV,2,2,07,13,46,206,44,14,60,304,47,16,41,013,44,3*40
1776370126.281,$GBGSV,3,1,10,01,37,105,,02,66,235,,03,70,144,,04,21,101,,0*71
1776370126.282,$GBGSV,3,2,10,04,21,101,,05,41,259,,11,02,199,,12,21,153,,0*7A
1776370126.283,$GBGSV,3,3,10,12,21,153,,21,33,157,,0*71
1776370126.283,$GNGLL,1339.10190,N,10029.55013,E,200846.00,A,D*73
1776370127.252,$GNRMC,200847.00,A,1339.10189,N,10029.54945,E,2.420,267.53,160426,0.53,W,D,V*45
1776370127.256,$GNVTG,267.53,T,268.06,M,2.420,N,4.481,K,D*3A
1776370127.259,$GNGGA,200847.00,1339.10189,N,10029.54945,E,2,12,0.49,-0.5,M,-27.8,M,,0499*40
1776370127.262,$GNGSA,A,3,32,16,26,27,28,40,31,03,04,08,,,1.08,0.49,0.96,1*0E
1776370127.264,$GNGSA,A,3,79,70,73,80,69,68,,,,,,,1.08,0.49,0.96,2*0D
1776370127.265,$GNGSA,A,3,08,25,02,03,05,30,,,,,,,1.08,0.49,0.96,3*00
1776370127.266,$GNGSA,A,3,09,24,08,06,10,14,16,13,,,,,1.08,0.49,0.96,4*0F
1776370127.268,$GPGSV,3,1,11,03,42,262,45,04,31,332,30,08,32,185,39,16,64,355,44,1*6A
1776370127.270,$GPGSV,3,2,11,26,35,025,34,27,52,147,44,31,30,043,26,32,17,133,33,1*63
1776370127.271,$GPGSV,3,3,11,40,36,259,45,41,64,233,48,42,70,217,45,1*57
1776370127.272,$GPGSV,2,1,08,03,42,262,44,04,31,332,31,08,32,185,42,26,35,025,39,6*61
1776370127.273,$GPGSV,2,2,08,27,52,147,43,28,16,067,20,31,30,043,32,32,17,133,31,6*61
1776370127.275,$GPGSV,1,1,04,01,02,222,,02,05,195,,09,02,323,,50,56,115,,0*60
1776370127.276,$GLGSV,2,1,07,68,25,153,37,69,77,142,52,70,46,336,49,73,26,268,45,1*7A
1776370127.276,$GLGSV,2,2,07,79,12,026,28,80,41,335,46,,,,22,1*76
1776370127.278,$GLGSV,2,1,06,68,25,153,35,69,77,142,46,70,46,336,49,73,26,268,44,3*7F
1776370127.279,$GLGSV,2,2,06,79,12,026,24,80,41,335,43,3*7C
1776370127.280,$GLGSV,1,1,03,81,02,075,,82,08,118,,83,03,165,,0*43
1776370127.281,$GAGSV,2,1,07,02,75,329,46,03,65,055,49,05,28,119,41,08,34,336,32,2*7E
1776370127.281,$GAGSV,2,2,07,25,28,031,36,30,37,232,47,32,55,356,48,2*41
1776370127.282,$GAGSV,2,1,07,02,75,329,44,03,65,055,44,05,28,119,36,08,34,336,33,7*75
1776370127.283,$GAGSV,2,2,07,25,28,031,25,30,37,232,44,32,55,356,44,7*49
1776370127.284,$GAGSV,1,1,02,15,05,225,,34,07,178,,0*7C
1776370127.285,$GBGSV,2,1,08,06,31,181,42,07,54,160,40,08,38,191,35,09,43,341,35,1*70
1776370127.286,$GBGSV,2,2,08,10,49,174,40,13,46,206,38,14,60,304,45,24,46,329,47,1*71
1776370127.286,$GBGSV,2,1,07,07,54,160,45,08,38,191,43,09,43,341,45,10,49,174,46,3*78
1776370127.287,$GBGSV,2,2,07,13,46,206,40,14,60,304,51,16,41,013,37,3*47
1776370127.288,$GBGSV,3,1,10,01,37,105,,02,66,235,,03,70,144,,04,21,101,,0*71
1776370127.289,$GBGSV,3,2,10,04,21,101,,05,41,259,,11,02,199,,12,21,153,,0*7A
1776370127.289,$GBGSV,3,3,10,12,21,153,,21,33,157,,0*71
1776370127.290,$GNGLL,1339.10189,N,10029.54945,E,200847.00,A,D*71
1776370128.256,$GNRMC,200848.00,A,1339.10187,N,10029.54877,E,2.375,267.66,160426,0.53,W,D,V*45
1776370128.259,$GNVTG,267.66,T,268.19,M,2.375,N,4.399,K,D*3B
1776370128.261,$GNGGA,200848.00,1339.10187,N,10029.54877,E,2,12,0.49,-0.6,M,-27.8,M,,0499*42
1776370128.264,$GNGSA,A,3,32,16,26,27,28,40,31,03,04,08,,,1.08,0.49,0.96,1*0E
1776370128.266,$GNGSA,A,3,79,70,73,80,69,68,,,,,,,1.08,0.49,0.96,2*0D
1776370128.267,$GNGSA,A,3,08,25,02,03,05,30,,,,,,,1.08,0.49,0.96,3*00
1776370128.269,$GNGSA,A,3,09,24,08,06,10,14,16,13,,,,,1.08,0.49,0.96,4*0F
1776370128.272,$GPGSV,3,1,11,03,42,262,46,04,31,332,40,08,32,185,29,16,64,355,41,1*6A
1776370128.274,$GPGSV,3,2,11,26,35,025,32,27,52,147,45,31,30,043,36,32,17,133,31,1*67
1776370128.277,$GPGSV,3,3,11,40,36,259,43,41,64,233,49,42,70,217,48,1*5D
1776370128.279,$GPGSV,2,1,08,03,42,262,44,04,31,332,33,08,32,185,39,26,35,025,38,6*6E
1776370128.282,$GPGSV,2,2,08,27,52,147,44,28,16,067,21,31,30,043,29,32,17,133,32,6*6E
1776370128.284,$GPGSV,1,1,04,01,02,222,,02,05,195,,09,02,323,,50,56,115,,0*60
1776370128.285,$GLGSV,2,1,07,68,25,153,39,69,77,142,49,70,46,336,51,73,26,268,42,1*70
1776370128.287,$GLGSV,2,2,07,79,12,026,33,80,41,335,45,,,,34,1*78
1776370128.288,$GLGSV,2,1,06,68,25,153,31,69,77,142,46,70,46,336,49,73,26,268,36,3*7E
1776370128.289,$GLGSV,2,2,06,79,12,026,31,80,41,335,45,3*7E
1776370128.290,$GLGSV,1,1,03,81,02,075,,82,08,118,,83,03,165,,0*43
1776370128.291,$GAGSV,2,1,07,02,75,329,50,03,65,055,50,05,28,119,42,08,34,336,40,2*77
1776370128.293,$GAGSV,2,2,07,25,28,031,32,30,37,232,48,32,55,356,49,2*4B
1776370128.294,$GAGSV,2,1,07,02,75,329,48,03,65,055,45,05,28,119,41,08,34,336,33,7*78
1776370128.294,$GAGSV,2,2,07,25,28,031,27,30,37,232,45,32,55,356,43,7*4D
1776370128.295,$GAGSV,1,1,02,15,05,225,,34,07,178,,0*7C
1776370128.296,$GBGSV,2,1,08,06,31,181,38,07,54,160,38,08,38,191,39,09,43,341,41,1*7D
1776370128.296,$GBGSV,2,2,08,10,49,174,40,13,46,206,42,14,60,304,48,24,46,329,50,1*77
1776370128.297,$GBGSV,2,1,07,07,54,160,45,08,38,191,39,09,43,341,46,10,49,174,45,3*75
1776370128.298,$GBGSV,2,2,07,13,46,206,42,14,60,304,50,16,41,013,42,3*46
1776370128.298,$GBGSV,3,1,10,01,37,105,,02,66,235,,03,70,144,,04,21,101,,0*71
1776370128.299,$GBGSV,3,2,10,04,21,101,,05,41,259,,11,02,199,,12,21,153,,0*7A
1776370128.299,$GBGSV,3,3,10,12,21,153,,21,33,157,,0*71
1776370128.300,$GNGLL,1339.10187,N,10029.54877,E,200848.00,A,D*70
1776370129.247,$GNRMC,200849.00,A,1339.10182,N,10029.54807,E,2.424,265.29,160426,0.53,W,D,V*4C
1776370129.249,$GNVTG,265.29,T,265.82,M,2.424,N,4.489,K,D*38
1776370129.251,$GNGGA,200849.00,1339.10182,N,10029.54807,E,2,12,0.49,-0.6,M,-27.8,M,,0499*41
1776370129.253,$GNGSA,A,3,32,16,26,27,28,40,31,03,04,08,,,1.08,0.49,0.96,1*0E
1776370129.254,$GNGSA,A,3,79,70,73,80,69,68,,,,,,,1.08,0.49,0.96,2*0D
1776370129.256,$GNGSA,A,3,08,25,02,03,05,30,,,,,,,1.08,0.49,0.96,3*00
1776370129.259,$GNGSA,A,3,09,24,08,06,10,14,16,13,,,,,1.08,0.49,0.96,4*0F
1776370129.262,$GPGSV,3,1,11,03,42,262,40,04,31,332,39,08,32,185,38,16,64,355,46,1*65
1776370129.267,$GPGSV,3,2,11,26,35,025,35,27,52,147,42,31,30,043,34,32,17,133,32,1*66
1776370129.269,$GPGSV,3,3,11,40,36,259,41,41,64,233,49,42,70,217,48,1*5F
1776370129.271,$GPGSV,2,1,08,03,42,262,43,04,31,332,36,08,32,185,37,26,35,025,36,6*6C
1776370129.273,$GPGSV,2,2,08,27,52,147,42,28,16,067,21,31,30,043,33,32,17,133,29,6*69
1776370129.275,$GPGSV,1,1,04,01,02,222,,02,05,195,,09,02,323,,50,56,115,,0*60
1776370129.276,$GLGSV,2,1,07,68,25,153,39,69,77,142,51,70,46,336,51,73,26,268,46,1*7D
1776370129.277,$GLGSV,2,2,07,79,12,026,28,80,41,335,46,,,,31,1*74
1776370129.278,$GLGSV,2,1,06,68,25,153,37,69,77,142,46,70,46,336,49,73,26,268,44,3*7D
1776370129.279,$GLGSV,2,2,06,79,12,026,25,80,41,335,37,3*7E
1776370129.280,$GLGSV,1,1,03,81,02,075,,82,08,118,,83,03,165,,0*43
1776370129.281,$GAGSV,2,1,07,02,75,329,49,03,65,055,49,05,28,119,38,08,34,336,35,2*78
1776370129.282,$GAGSV,2,2,07,25,28,031,33,30,37,232,47,32,55,356,51,2*4C
1776370129.282,$GAGSV,2,1,07,02,75,329,47,03,65,055,46,05,28,119,39,08,34,336,39,7*71
1776370129.283,$GAGSV,2,2,07,25,28,031,31,30,37,232,44,32,55,356,44,7*4C
1776370129.284,$GAGSV,1,1,02,15,05,225,,34,07,178,,0*7C
1776370129.284,$GBGSV,2,1,08,06,31,181,39,07,54,160,44,08,38,191,34,09,43,341,40,1*7B
1776370129.285,$GBGSV,2,2,08,10,49,174,39,13,46,206,43,14,60,304,47,24,46,329,47,1*71
1776370129.286,$GBGSV,2,1,07,07,54,160,49,08,38,191,37,09,43,341,46,10,49,174,44,3*76
1776370129.286,$GBGSV,2,2,07,13,46,206,43,14,60,304,51,16,41,013,42,3*46
1776370129.287,$GBGSV,3,1,10,01,37,105,,02,66,235,,03,70,144,,04,21,101,,0*71
1776370129.288,$GBGSV,3,2,10,04,21,101,,05,41,259,,11,02,199,,12,21,153,,0*7A
1776370129.288,$GBGSV,3,3,10,12,21,153,,21,33,157,,0*71
1776370129.289,$GNGLL,1339.10182,N,10029.54807,E,200849.00,A,D*73
1776370130.257,$GNRMC,200850.00,A,1339.10172,N,10029.54733,E,2.302,263.55,160426,0.53,W,D,V*4D
1776370130.260,$GNVTG,263.55,T,264.08,M,2.302,N,4.263,K,D*37
1776370130.262,$GNGGA,200850.00,1339.10172,N,10029.54733,E,2,12,0.49,-0.3,M,-27.8,M,,0499*4B
1776370130.265,$GNGSA,A,3,32,16,26,27,28,40,31,03,04,08,,,1.08,0.49,0.96,1*0E
1776370130.267,$GNGSA,A,3,79,70,73,80,69,68,,,,,,,1.08,0.49,0.96,2*0D
1776370130.269,$GNGSA,A,3,08,25,02,03,05,30,,,,,,,1.08,0.49,0.96,3*00
1776370130.270,$GNGSA,A,3,09,24,08,06,10,14,16,13,,,,,1.08,0.49,0.96,4*0F
1776370130.273,$GPGSV,3,1,11,03,42,262,43,04,31,332,35,08,32,185,38,16,64,355,46,1*6A
1776370130.278,$GPGSV,3,2,11,26,35,025,35,27,52,147,42,31,30,043,41,32,17,133,28,1*6F
1776370130.281,$GPGSV,3,3,11,40,36,259,44,41,64,233,47,42,70,217,47,1*5B
1776370130.283,$GPGSV,2,1,08,03,42,262,42,04,31,332,40,08,32,185,38,26,35,025,35,6*60
1776370130.286,$GPGSV,2,2,08,27,52,147,45,28,16,067,21,31,30,043,34,32,17,133,30,6*61
1776370130.287,$GPGSV,1,1,04,01,02,222,,02,05,195,,09,02,323,,50,56,115,,0*60
1776370130.289,$GLGSV,2,1,07,68,25,153,46,69,77,142,50,70,46,336,50,73,26,268,45,1*76
1776370130.290,$GLGSV,2,2,07,79,12,026,32,80,41,335,48,,,,34,1*74
1776370130.291,$GLGSV,2,1,06,68,25,153,43,69,77,142,44,70,46,336,47,73,26,268,42,3*74
1776370130.291,$GLGSV,2,2,06,79,12,026,35,80,41,335,44,3*7B
1776370130.292,$GLGSV,1,1,03,81,02,075,,82,08,118,,83,03,165,,0*43
1776370130.293,$GAGSV,2,1,07,02,75,329,49,03,65,055,48,05,28,119,39,08,34,336,41,2*7B
1776370130.295,$GAGSV,2,2,07,25,28,031,36,30,37,232,48,32,55,356,50,2*47
1776370130.296,$GAGSV,2,1,07,02,75,329,47,03,65,055,44,05,28,119,38,08,34,336,34,7*7F
1776370130.296,$GAGSV,2,2,07,25,28,031,29,30,37,232,45,32,55,356,44,7*44
1776370130.297,$GAGSV,1,1,02,15,05,225,,34,07,178,,0*7C
1776370130.297,$GBGSV,2,1,08,06,31,181,33,07,54,160,44,08,38,191,34,09,43,341,37,1*71
1776370130.298,$GBGSV,2,2,08,10,49,174,27,13,46,206,44,14,60,304,45,24,46,329,47,1*7B
1776370130.299,$GBGSV,2,1,07,07,54,160,44,08,38,191,43,09,43,341,42,10,49,174,38,3*77
1776370130.299,$GBGSV,2,2,07,13,46,206,45,14,60,304,51,16,41,013,44,3*46
1776370130.300,$GBGSV,3,1,10,01,37,105,,02,66,235,,03,70,144,,04,21,101,,0*71
1776370130.300,$GBGSV,3,2,10,04,21,101,,05,41,259,,11,02,199,,12,21,153,,0*7A
1776370130.301,$GBGSV,3,3,10,12,21,153,,21,33,157,,0*71
1776370130.301,$GNGLL,1339.10172,N,10029.54733,E,200850.00,A,D*7C
1776370131.263,$GNRMC,200851.00,A,1339.10165,N,10029.54673,E,1.853,261.46,160426,0.53,W,D,V*43
1776370131.266,$GNVTG,261.46,T,261.99,M,1.853,N,3.432,K,D*33
1776370131.268,$GNGGA,200851.00,1339.10165,N,10029.54673,E,2,12,0.49,-0.2,M,-27.8,M,,0499*48
1776370131.269,$GNGSA,A,3,32,16,26,27,28,40,31,03,04,08,,,1.08,0.49,0.96,1*0E
1776370131.271,$GNGSA,A,3,79,70,73,80,69,68,,,,,,,1.08,0.49,0.96,2*0D
1776370131.272,$GNGSA,A,3,08,25,02,03,05,30,,,,,,,1.08,0.49,0.96,3*00
1776370131.274,$GNGSA,A,3,09,24,08,06,10,14,16,13,,,,,1.08,0.49,0.96,4*0F
1776370131.276,$GPGSV,3,1,12,01,02,222,19,03,42,262,44,04,31,332,36,08,32,185,37,1*6F
1776370131.280,$GPGSV,3,2,12,16,64,355,47,26,35,025,38,27,52,147,42,31,30,043,27,1*68
1776370131.282,$GPGSV,3,3,12,32,17,133,33,40,36,259,43,41,64,233,48,42,70,217,47,1*66
1776370131.284,$GPGSV,2,1,08,03,42,262,42,04,31,332,38,08,32,185,41,26,35,025,41,6*62
1776370131.286,$GPGSV,2,2,08,27,52,147,44,28,16,067,28,31,30,043,35,32,17,133,30,6*68
1776370131.287,$GPGSV,1,1,03,02,05,195,,09,02,323,,50,56,115,,0*56
1776370131.289,$GLGSV,2,1,07,68,25,153,42,69,77,142,51,70,46,336,50,73,26,268,40,1*76
1776370131.290,$GLGSV,2,2,07,79,12,026,37,80,41,335,41,,,,31,1*7D
1776370131.291,$GLGSV,2,1,06,68,25,153,43,69,77,142,47,70,46,336,47,73,26,268,44,3*71
1776370131.291,$GLGSV,2,2,06,79,12,026,28,80,41,335,41,3*72
1776370131.292,$GLGSV,1,1,03,81,02,075,,82,08,118,,83,03,165,,0*43
1776370131.294,$GAGSV,2,1,07,02,75,329,51,03,65,055,49,05,28,119,42,08,34,336,39,2*70
1776370131.295,$GAGSV,2,2,07,25,28,031,35,30,37,232,48,32,55,356,50,2*44
1776370131.296,$GAGSV,2,1,07,02,75,329,48,03,65,055,45,05,28,119,38,08,34,336,29,7*7D
1776370131.297,$GAGSV,2,2,07,25,28,031,29,30,37,232,43,32,55,356,44,7*42
1776370131.298,$GAGSV,1,1,02,15,05,225,,34,07,178,,0*7C
1776370131.299,$GBGSV,2,1,08,06,31,181,34,07,54,160,40,08,38,191,38,09,43,341,39,1*70
1776370131.300,$GBGSV,2,2,08,10,49,174,27,13,46,206,46,14,60,304,46,24,46,329,41,1*7C
1776370131.300,$GBGSV,2,1,07,07,54,160,48,08,38,191,44,09,43,341,43,10,49,174,40,3*72
1776370131.301,$GBGSV,2,2,07,13,46,206,46,14,60,304,50,16,41,013,44,3*44
1776370131.302,$GBGSV,3,1,10,01,37,105,,02,66,235,,03,70,144,,04,21,101,,0*71
1776370131.302,$GBGSV,3,2,10,04,21,101,,05,41,259,,11,02,199,,12,21,153,,0*7A
1776370131.303,$GBGSV,3,3,10,12,21,153,,21,33,157,,0*71
1776370131.303,$GNGLL,1339.10165,N,10029.54673,E,200851.00,A,D*7E
1776370132.253,$GNRMC,200852.00,A,1339.10159,N,10029.54625,E,1.494,260.42,160426,0.53,W,D,V*4E
1776370132.255,$GNVTG,260.42,T,260.95,M,1.494,N,2.768,K,D*31
1776370132.257,$GNGGA,200852.00,1339.10159,N,10029.54625,E,2,12,0.49,-0.1,M,-27.8,M,,0499*44
1776370132.260,$GNGSA,A,3,32,16,26,27,28,40,31,03,04,08,,,1.08,0.49,0.96,1*0E
1776370132.262,$GNGSA,A,3,79,70,73,80,69,68,,,,,,,1.08,0.49,0.96,2*0D
1776370132.264,$GNGSA,A,3,08,25,02,03,05,30,,,,,,,1.08,0.49,0.96,3*00
1776370132.266,$GNGSA,A,3,09,24,08,06,10,14,16,13,,,,,1.08,0.49,0.96,4*0F
1776370132.269,$GPGSV,3,1,11,03,42,262,45,04,31,332,34,08,32,185,34,16,64,355,46,1*61
1776370132.272,$GPGSV,3,2,11,26,35,025,38,27,52,147,47,31,30,043,39,32,17,133,41,1*67
1776370132.275,$GPGSV,3,3,11,40,36,259,44,41,64,233,48,42,70,217,47,1*54
1776370132.277,$GPGSV,2,1,08,03,42,262,41,04,31,332,27,08,32,185,40,26,35,025,39,6*61
1776370132.279,$GPGSV,2,2,08,27,52,147,45,28,16,067,27,31,30,043,32,32,17,133,29,6*69
1776370132.281,$GPGSV,1,1,04,01,02,222,,02,05,195,,09,02,323,,50,56,115,,0*60
1776370132.283,$GLGSV,2,1,07,68,25,153,47,69,77,142,50,70,46,336,45,73,26,268,46,1*70
1776370132.283,$GLGSV,2,2,07,79,12,026,28,80,41,335,37,,,,30,1*73
1776370132.284,$GLGSV,2,1,06,68,25,153,43,69,77,142,44,70,46,336,47,73,26,268,42,3*74
1776370132.285,$GLGSV,2,2,06,79,12,026,26,80,41,335,39,3*73
1776370132.286,$GLGSV,1,1,03,81,02,075,,82,08,118,,83,03,165,,0*43
1776370132.286,$GAGSV,2,1,07,02,75,329,51,03,65,055,52,05,28,119,41,08,34,336,39,2*79
1776370132.287,$GAGSV,2,2,07,25,28,031,42,30,37,232,48,32,55,356,51,2*45
1776370132.288,$GAGSV,2,1,07,02,75,329,46,03,65,055,46,05,28,119,39,08,34,336,30,7*79
1776370132.288,$GAGSV,2,2,07,25,28,031,37,30,37,232,43,32,55,356,46,7*4F
1776370132.289,$GAGSV,1,1,02,15,05,225,,34,07,178,,0*7C
1776370132.289,$GBGSV,2,1,08,06,31,181,42,07,54,160,41,08,38,191,41,09,43,341,36,1*71
1776370132.290,$GBGSV,2,2,08,10,49,174,37,13,46,206,42,14,60,304,47,24,46,329,43,1*7A
1776370132.291,$GBGSV,2,1,07,07,54,160,44,08,38,191,44,09,43,341,42,10,49,174,42,3*7D
1776370132.291,$GBGSV,2,2,07,13,46,206,46,14,60,304,46,16,41,013,45,3*42
1776370132.292,$GBGSV,3,1,10,01,37,105,,02,66,235,,03,70,144,,04,21,101,,0*71
1776370132.293,$GBGSV,3,2,10,04,21,101,,05,41,259,,11,02,199,,12,21,153,,0*7A
1776370132.293,$GBGSV,3,3,10,12,21,153,,21,33,157,,0*71
1776370132.294,$GNGLL,1339.10159,N,10029.54625,E,200852.00,A,D*71
1776370133.262,$GNRMC,200853.00,A,1339.10155,N,10029.54591,E,1.074,260.13,160426,0.53,W,D,V*41
1776370133.264,$GNVTG,260.13,T,260.66,M,1.074,N,1.989,K,D*31
1776370133.266,$GNGGA,200853.00,1339.10155,N,10029.54591,E,2,12,0.49,-0.3,M,-27.8,M,,0499*47
1776370133.268,$GNGSA,A,3,32,16,26,27,28,40,31,03,04,08,,,1.08,0.49,0.96,1*0E
1776370133.270,$GNGSA,A,3,79,70,73,80,69,68,,,,,,,1.08,0.49,0.96,2*0D
1776370133.271,$GNGSA,A,3,08,25,02,03,05,30,,,,,,,1.08,0.49,0.96,3*00
1776370133.273,$GNGSA,A,3,09,24,08,06,10,14,16,13,,,,,1.08,0.49,0.96,4*0F
1776370133.275,$GPGSV,3,1,11,03,42,262,44,04,31,332,33,08,32,185,41,16,64,355,46,1*65
1776370133.280,$GPGSV,3,2,11,26,35,025,39,27,52,147,45,31,30,043,43,32,17,133,34,1*6B
1776370133.283,$GPGSV,3,3,11,40,36,259,44,41,64,233,49,42,70,217,48,1*5A
1776370133.287,$GPGSV,2,1,08,03,42,262,41,04,31,332,32,08,32,185,37,26,35,025,41,6*6A
1776370133.289,$GPGSV,2,2,08,27,52,147,46,28,16,067,25,31,30,043,37,32,17,133,28,6*6C
1776370133.291,$GPGSV,1,1,04,01,02,222,,02,05,195,,09,02,323,,50,56,115,,0*60
1776370133.292,$GLGSV,2,1,07,68,24,153,40,69,77,142,51,70,46,336,44,73,26,268,48,1*78
1776370133.293,$GLGSV,2,2,07,79,12,026,29,80,41,335,36,,,,33,1*70
1776370133.295,$GLGSV,2,1,06,68,24,153,41,69,77,142,46,70,46,336,46,73,26,268,44,3*72
1776370133.295,$GLGSV,2,2,06,79,12,026,31,80,41,335,35,3*79
1776370133.296,$GLGSV,1,1,03,81,02,075,,82,08,118,,83,03,165,,0*43
1776370133.297,$GAGSV,2,1,07,02,75,329,51,03,65,055,48,05,28,119,44,08,34,336,29,2*76
1776370133.298,$GAGSV,2,2,07,25,28,031,41,30,37,232,48,32,55,356,49,2*4F
1776370133.299,$GAGSV,2,1,06,02,75,329,46,03,65,055,46,05,28,119,40,25,28,031,38,7*78
1776370133.299,$GAGSV,2,2,06,30,37,232,44,32,55,356,43,7*77
1776370133.300,$GAGSV,1,1,02,15,05,225,,34,07,178,,0*7C
1776370133.301,$GBGSV,2,1,08,06,31,181,43,07,54,160,41,08,38,191,39,09,43,341,35,1*7C
1776370133.301,$GBGSV,2,2,08,10,49,174,39,13,46,206,42,14,60,304,43,24,46,329,32,1*76
1776370133.302,$GBGSV,2,1,07,07,54,160,46,08,38,191,43,09,43,341,39,10,49,174,42,3*74
1776370133.302,$GBGSV,2,2,07,13,46,206,45,14,60,304,48,16,41,013,43,3*49
1776370133.303,$GBGSV,3,1,10,01,37,105,,02,66,235,,03,70,144,,04,21,101,,0*71
1776370133.304,$GBGSV,3,2,10,04,21,101,,05,41,259,,11,02,199,,12,21,153,,0*7A
1776370133.304,$GBGSV,3,3,10,12,21,153,,21,33,157,,0*71
1776370133.305,$GNGLL,1339.10155,N,10029.54591,E,200853.00,A,D*70
1776370134.254,$GNRMC,200854.00,A,1339.10146,N,10029.54552,E,1.662,257.90,160426,0.53,W,D,V*45
1776370134.255,$GNVTG,257.90,T,258.43,M,1.662,N,3.078,K,D*36
1776370134.257,$GNGGA,200854.00,1339.10146,N,10029.54552,E,2,12,0.49,-0.3,M,-27.8,M,,0499*4D
1776370134.260,$GNGSA,A,3,32,16,26,27,28,40,31,03,04,08,,,1.08,0.49,0.96,1*0E
1776370134.263,$GNGSA,A,3,79,70,73,80,69,68,,,,,,,1.08,0.49,0.96,2*0D
1776370134.265,$GNGSA,A,3,08,25,02,03,05,30,,,,,,,1.08,0.49,0.96,3*00
1776370134.267,$GNGSA,A,3,09,24,08,06,10,14,16,13,,,,,1.08,0.49,0.96,4*0F
1776370134.269,$GPGSV,3,1,11,03,42,262,44,04,31,332,29,08,32,185,40,16,64,355,46,1*6F
1776370134.272,$GPGSV,3,2,11,26,35,025,39,27,52,147,40,31,30,043,44,32,17,133,24,1*68
1776370134.273,$GPGSV,3,3,11,40,36,259,42,41,64,233,49,42,70,217,47,1*53
1776370134.275,$GPGSV,2,1,08,03,42,262,43,04,31,332,28,08,32,185,43,26,35,025,42,6*63
1776370134.276,$GPGSV,2,2,08,27,52,147,44,28,16,067,23,31,30,043,35,32,17,133,28,6*6A
1776370134.277,$GPGSV,1,1,04,01,02,222,,02,05,195,,09,02,323,,50,56,115,,0*60
1776370134.279,$GLGSV,2,1,07,68,24,153,46,69,76,146,49,70,46,336,43,73,26,268,43,1*7E
1776370134.280,$GLGSV,2,2,07,79,12,026,36,80,41,335,36,,,,30,1*7D
1776370134.281,$GLGSV,2,1,06,68,24,153,39,69,76,146,45,70,46,336,41,73,26,268,41,3*79
1776370134.282,$GLGSV,2,2,06,79,12,026,25,80,41,335,32,3*7B
1776370134.283,$GLGSV,1,1,03,81,02,075,,82,08,118,,83,03,165,,0*43
1776370134.284,$GAGSV,2,1,07,02,75,329,49,03,65,055,52,05,28,119,40,08,34,336,29,2*70
1776370134.284,$GAGSV,2,2,07,25,28,031,36,30,37,232,47,32,55,356,48,2*41
1776370134.285,$GAGSV,2,1,07,02,75,329,46,03,65,055,45,05,28,119,38,08,34,336,28,7*72
1776370134.286,$GAGSV,2,2,07,25,28,031,33,30,37,232,43,32,55,356,45,7*48
1776370134.286,$GAGSV,1,1,02,15,05,225,,34,07,178,,0*7C
1776370134.287,$GBGSV,2,1,08,06,31,181,44,07,54,160,38,08,38,191,39,09,43,341,37,1*77
1776370134.288,$GBGSV,2,2,08,10,49,174,38,13,46,206,43,14,60,304,44,24,46,329,29,1*7B
1776370134.288,$GBGSV,2,1,07,07,54,160,46,08,38,191,46,09,43,341,39,10,49,174,43,3*70
1776370134.289,$GBGSV,2,2,07,13,46,206,45,14,60,304,44,16,41,013,43,3*45
1776370134.290,$GBGSV,3,1,10,01,37,105,,02,66,235,,03,70,144,,04,21,101,,0*71
1776370134.290,$GBGSV,3,2,10,04,21,101,,05,41,259,,11,02,199,,12,21,153,,0*7A
1776370134.291,$GBGSV,3,3,10,12,21,153,,21,33,157,,0*71
1776370134.291,$GNGLL,1339.10146,N,10029.54552,E,200854.00,A,D*7A
1776370135.250,$GNRMC,200855.00,A,1339.10133,N,10029.54502,E,1.821,258.97,160426,0.53,W,D,V*42
1776370135.252,$GNVTG,258.97,T,259.50,M,1.821,N,3.372,K,D*3D
1776370135.253,$GNGGA,200855.00,1339.10133,N,10029.54502,E,2,12,0.49,-0.1,M,-27.8,M,,0499*49
1776370135.254,$GNGSA,A,3,32,16,26,27,28,40,31,03,04,08,,,1.07,0.49,0.96,1*01
1776370135.254,$GNGSA,A,3,79,70,73,80,69,68,,,,,,,1.07,0.49,0.96,2*02
1776370135.255,$GNGSA,A,3,08,25,02,03,05,30,,,,,,,1.07,0.49,0.96,3*0F
1776370135.256,$GNGSA,A,3,09,24,08,06,10,14,16,13,,,,,1.07,0.49,0.96,4*00
1776370135.257,$GPGSV,3,1,12,03,42,262,46,04,31,332,30,08,32,185,41,16,64,355,44,1*65
1776370135.258,$GPGSV,3,2,12,26,35,025,42,27,52,147,41,28,16,067,21,31,30,043,41,1*6C
1776370135.259,$GPGSV,3,3,12,32,17,133,33,40,36,259,41,41,64,233,48,42,70,217,48,1*6B
1776370135.260,$GPGSV,2,1,08,03,42,262,41,04,31,332,29,08,32,185,44,26,35,025,38,6*6A
1776370135.261,$GPGSV,2,2,08,27,52,147,43,28,16,067,22,31,30,043,36,32,17,133,33,6*65
1776370135.264,$GPGSV,1,1,04,01,02,222,,02,05,195,,09,02,323,,50,56,115,,0*60
1776370135.266,$GLGSV,2,1,07,68,24,153,39,69,76,146,51,70,47,335,41,73,26,268,44,1*78
1776370135.267,$GLGSV,2,2,07,79,12,026,28,80,41,335,36,,,,24,1*77
1776370135.268,$GLGSV,2,1,06,68,24,153,37,69,76,146,47,70,47,335,40,73,26,268,40,3*77
1776370135.268,$GLGSV,2,2,06,79,12,026,31,80,41,335,31,3*7D
1776370135.269,$GLGSV,1,1,03,81,02,075,,82,08,118,,83,03,165,,0*43
1776370135.271,$GAGSV,2,1,07,02,75,329,49,03,65,055,51,05,28,119,39,08,34,336,27,2*73
1776370135.271,$GAGSV,2,2,07,25,28,031,42,30,37,232,48,32,55,356,48,2*4D
1776370135.272,$GAGSV,2,1,07,02,75,329,47,03,65,055,46,05,28,119,34,08,34,336,29,7*7D
1776370135.273,$GAGSV,2,2,07,25,28,031,41,30,37,232,43,32,55,356,40,7*48
1776370135.273,$GAGSV,1,1,02,15,05,225,,34,07,178,,0*7C
1776370135.274,$GBGSV,2,1,08,06,31,181,43,07,54,160,41,08,38,191,39,09,43,341,24,1*7C
1776370135.274,$GBGSV,2,2,08,10,49,174,42,13,46,206,44,14,60,304,41,24,46,329,31,1*7D
1776370135.275,$GBGSV,2,1,07,07,54,160,46,08,38,191,44,09,43,341,31,10,49,174,46,3*7F
1776370135.276,$GBGSV,2,2,07,13,46,206,43,14,60,304,47,16,41,013,45,3*46
1776370135.276,$GBGSV,3,1,10,01,37,105,,02,66,235,,03,70,144,,04,21,101,,0*71
1776370135.277,$GBGSV,3,2,10,04,21,101,,05,41,259,,11,02,199,,12,21,153,,0*7A
1776370135.277,$GBGSV,3,3,10,12,21,153,,21,33,157,,0*71
1776370135.278,$GNGLL,1339.10133,N,10029.54502,E,200855.00,A,D*7C
1776370136.255,$GNRMC,200856.00,A,1339.10126,N,10029.54455,E,1.678,259.72,160426,0.53,W,D,V*4E
1776370136.257,$GNVTG,259.72,T,260.25,M,1.678,N,3.107,K,D*3D
1776370136.258,$GNGGA,200856.00,1339.10126,N,10029.54455,E,2,12,0.49,-0.2,M,-27.8,M,,0499*4E
1776370136.259,$GNGSA,A,3,32,16,26,27,28,40,31,03,04,08,,,1.07,0.49,0.96,1*01
1776370136.261,$GNGSA,A,3,79,70,73,80,69,68,,,,,,,1.07,0.49,0.96,2*02
1776370136.261,$GNGSA,A,3,08,25,02,03,05,30,,,,,,,1.07,0.49,0.96,3*0F
1776370136.263,$GNGSA,A,3,09,24,08,06,10,14,16,13,,,,,1.07,0.49,0.96,4*00
1776370136.264,$GPGSV,3,1,12,03,42,262,44,04,31,332,27,08,32,185,42,16,64,355,41,1*67
1776370136.266,$GPGSV,3,2,12,26,35,025,42,27,52,147,38,28,16,067,17,31,30,043,42,1*64
1776370136.268,$GPGSV,3,3,12,32,17,133,38,40,36,259,43,41,64,233,48,42,70,217,47,1*6D
1776370136.269,$GPGSV,2,1,08,03,42,262,44,04,31,332,34,08,32,185,43,26,35,025,42,6*69
1776370136.270,$GPGSV,2,2,08,27,52,147,41,28,16,067,22,31,30,043,36,32,17,133,28,6*6D
1776370136.271,$GPGSV,1,1,04,01,02,222,,02,05,195,,09,02,323,,50,56,115,,0*60
1776370136.271,$GLGSV,2,1,07,68,24,153,43,69,76,146,50,70,47,335,42,73,26,268,46,1*75
1776370136.272,$GLGSV,2,2,07,79,12,026,36,80,41,335,33,,,,23,1*7A
1776370136.273,$GLGSV,2,1,06,68,24,153,39,69,76,146,47,70,47,335,39,73,26,268,40,3*77
1776370136.273,$GLGSV,2,2,06,79,12,026,23,80,41,335,26,3*78
1776370136.274,$GLGSV,1,1,03,81,02,075,,82,08,118,,83,03,165,,0*43
1776370136.274,$GAGSV,2,1,07,02,75,329,45,03,65,055,50,05,28,119,37,08,34,336,28,2*7F
1776370136.275,$GAGSV,2,2,07,25,28,031,46,30,37,232,48,32,55,356,47,2*46
1776370136.276,$GAGSV,2,1,06,02,75,329,45,03,65,055,47,05,28,119,33,25,28,031,41,7*70
1776370136.276,$GAGSV,2,2,06,30,37,232,44,32,55,356,42,7*76
1776370136.277,$GAGSV,1,1,02,15,05,225,,34,07,178,,0*7C
1776370136.277,$GBGSV,2,1,08,06,31,181,42,07,54,160,40,08,38,191,37,09,43,341,30,1*77
1776370136.278,$GBGSV,2,2,08,10,49,174,39,13,46,206,45,14,60,304,38,24,46,329,41,1*79
1776370136.279,$GBGSV,2,1,07,07,54,160,44,08,38,191,42,09,43,341,35,10,49,174,46,3*7F
1776370136.280,$GBGSV,2,2,07,13,46,206,47,14,60,304,47,16,41,013,43,3*44
1776370136.281,$GBGSV,3,1,10,01,37,105,,02,66,235,,03,70,144,,04,21,101,,0*71
1776370136.282,$GBGSV,3,2,10,04,21,101,,05,41,259,,11,02,199,,12,21,153,,0*7A
1776370136.282,$GBGSV,3,3,10,12,21,153,,21,33,157,,0*71
1776370136.283,$GNGLL,1339.10126,N,10029.54455,E,200856.00,A,D*78
1776370137.251,$GNRMC,200857.00,A,1339.10117,N,10029.54409,E,1.616,261.27,160426,0.53,W,D,V*47
1776370137.253,$GNVTG,261.27,T,261.80,M,1.616,N,2.992,K,D*35
1776370137.255,$GNGGA,200857.00,1339.10117,N,10029.54409,E,2,12,0.49,-0.2,M,-27.8,M,,0499*44
1776370137.257,$GNGSA,A,3,32,16,26,27,28,40,31,03,04,08,,,1.07,0.49,0.96,1*01
1776370137.258,$GNGSA,A,3,79,70,73,80,69,68,,,,,,,1.07,0.49,0.96,2*02
1776370137.260,$GNGSA,A,3,08,25,02,03,05,30,,,,,,,1.07,0.49,0.96,3*0F
1776370137.262,$GNGSA,A,3,09,24,08,06,10,14,16,13,,,,,1.07,0.49,0.96,4*00
1776370137.264,$GPGSV,3,1,12,03,42,262,45,04,31,332,32,08,32,185,40,16,64,355,40,1*61
1776370137.268,$GPGSV,3,2,12,26,35,025,40,27,52,147,41,28,16,067,14,31,30,043,41,1*68
1776370137.272,$GPGSV,3,3,12,32,17,133,42,40,36,259,41,41,64,233,49,42,70,217,49,1*6D
1776370137.275,$GPGSV,2,1,08,03,42,262,42,04,31,332,30,08,32,185,41,26,35,025,40,6*6B
1776370137.277,$GPGSV,2,2,08,27,52,147,44,28,16,067,22,31,30,043,36,32,17,133,33,6*62
1776370137.279,$GPGSV,1,1,04,01,02,222,,02,05,195,,09,02,323,,50,56,115,,0*60
1776370137.281,$GLGSV,2,1,07,68,24,153,39,69,76,146,50,70,47,335,44,73,26,268,47,1*7F
1776370137.282,$GLGSV,2,2,07,79,12,026,31,80,41,335,35,,,,25,1*7D
1776370137.283,$GLGSV,2,1,06,68,24,153,39,69,76,146,44,70,47,335,43,73,26,268,44,3*7D
1776370137.284,$GLGSV,2,2,06,79,12,026,32,80,41,335,34,3*7B
1776370137.285,$GLGSV,1,1,03,81,02,075,,82,08,118,,83,03,165,,0*43
1776370137.285,$GAGSV,2,1,07,02,75,329,45,03,65,055,49,05,28,119,41,08,34,336,29,2*77
1776370137.286,$GAGSV,2,2,07,25,28,031,42,30,37,232,46,32,55,356,43,2*48
1776370137.287,$GAGSV,2,1,07,02,75,329,39,03,65,055,44,05,28,119,36,08,34,336,37,7*7B
1776370137.288,$GAGSV,2,2,07,25,28,031,40,30,37,232,44,32,55,356,38,7*41
1776370137.288,$GAGSV,1,1,02,15,05,225,,34,07,178,,0*7C
1776370137.289,$GBGSV,2,1,08,06,31,181,42,07,54,160,43,08,38,191,35,09,43,341,26,1*71
1776370137.289,$GBGSV,2,2,08,10,49,174,43,13,46,206,44,14,60,304,38,24,46,329,35,1*76
1776370137.290,$GBGSV,2,1,07,07,54,160,47,08,38,191,40,09,43,341,28,10,49,174,47,3*73
1776370137.291,$GBGSV,2,2,07,13,46,206,46,14,60,304,46,16,41,013,44,3*43
1776370137.291,$GBGSV,3,1,10,01,37,105,,02,66,235,,03,70,144,,04,21,101,,0*71
1776370137.292,$GBGSV,3,2,10,04,21,101,,05,41,259,,11,02,199,,12,21,153,,0*7A
1776370137.292,$GBGSV,3,3,10,12,21,153,,21,33,157,,0*71
1776370137.293,$GNGLL,1339.10117,N,10029.54409,E,200857.00,A,D*72
1776370138.249,$GNRMC,200858.00,A,1339.10109,N,10029.54362,E,1.644,260.50,160426,0.53,W,D,V*4B
1776370138.251,$GNVTG,260.50,T,261.03,M,1.644,N,3.045,K,D*3A
1776370138.253,$GNGGA,200858.00,1339.10109,N,10029.54362,E,2,12,0.49,-0.1,M,-27.8,M,,0499*4D
1776370138.255,$GNGSA,A,3,32,16,26,27,28,40,31,03,04,08,,,1.07,0.49,0.96,1*01
1776370138.257,$GNGSA,A,3,79,70,73,80,69,68,,,,,,,1.07,0.49,0.96,2*02
1776370138.259,$GNGSA,A,3,08,25,02,03,05,30,,,,,,,1.07,0.49,0.96,3*0F
1776370138.260,$GNGSA,A,3,09,24,08,06,10,14,16,13,,,,,1.07,0.49,0.96,4*00
1776370138.262,$GPGSV,3,1,11,03,42,262,46,04,31,332,27,08,32,185,36,16,64,355,40,1*64
1776370138.267,$GPGSV,3,2,11,26,35,025,40,27,52,147,45,31,30,043,42,32,17,133,40,1*67
1776370138.271,$GPGSV,3,3,11,40,36,259,41,41,64,233,49,42,70,217,48,1*5F
1776370138.274,$GPGSV,2,1,08,03,42,262,43,04,31,332,33,08,32,185,38,26,35,025,36,6*66
1776370138.276,$GPGSV,2,2,08,27,52,147,41,28,16,067,22,31,30,043,38,32,17,133,36,6*6C
1776370138.278,$GPGSV,1,1,04,01,02,222,,02,05,195,,09,02,323,,50,56,115,,0*60
1776370138.280,$GLGSV,2,1,07,68,24,153,47,69,76,146,49,70,47,335,42,73,27,269,45,1*7A
1776370138.282,$GLGSV,2,2,07,79,12,026,28,80,41,335,38,,,,25,1*78
1776370138.283,$GLGSV,2,1,06,68,24,153,44,69,76,146,47,70,47,335,44,73,27,269,44,3*73
1776370138.283,$GLGSV,2,2,06,79,12,026,27,80,41,335,36,3*7D
1776370138.284,$GLGSV,1,1,03,81,02,075,,82,08,118,,83,03,165,,0*43
1776370138.285,$GAGSV,2,1,07,02,75,329,50,03,65,055,51,05,28,119,40,08,34,336,33,2*70
1776370138.286,$GAGSV,2,2,07,25,28,031,42,30,37,232,48,32,55,356,43,2*46
1776370138.287,$GAGSV,2,1,06,02,75,329,46,03,65,055,44,05,28,119,38,25,28,031,37,7*7A
1776370138.287,$GAGSV,2,2,06,30,37,232,43,32,55,356,28,7*7D
1776370138.288,$GAGSV,1,1,02,15,05,225,,34,07,178,,0*7C
1776370138.288,$GBGSV,2,1,08,06,31,181,39,07,54,160,42,08,38,191,36,09,43,341,27,1*7E
1776370138.289,$GBGSV,2,2,08,10,49,174,42,13,46,206,45,14,60,304,40,24,46,329,38,1*74
1776370138.290,$GBGSV,2,1,07,07,54,160,48,08,38,191,43,09,43,341,39,10,49,174,46,3*7E
1776370138.290,$GBGSV,2,2,07,13,46,206,45,14,60,304,44,16,41,013,43,3*45
1776370138.291,$GBGSV,3,1,10,01,37,105,,02,66,235,,03,70,144,,04,21,101,,0*71
1776370138.292,$GBGSV,3,2,10,04,21,101,,05,41,259,,11,02,199,,12,21,153,,0*7A
1776370138.292,$GBGSV,3,3,10,12,21,153,,21,33,157,,0*71
1776370138.292,$GNGLL,1339.10109,N,10029.54362,E,200858.00,A,D*78
1776370139.261,$GNRMC,200859.00,A,1339.10098,N,10029.54315,E,1.738,257.62,160426,0.53,W,D,V*4C
1776370139.264,$GNVTG,257.62,T,258.15,M,1.738,N,3.218,K,D*32
1776370139.267,$GNGGA,200859.00,1339.10098,N,10029.54315,E,2,12,0.49,0.0,M,-27.8,M,,0499*69
1776370139.270,$GNGSA,A,3,32,16,26,27,28,40,31,03,04,08,,,1.07,0.49,0.95,1*02
1776370139.271,$GNGSA,A,3,79,70,73,80,69,68,,,,,,,1.07,0.49,0.95,2*01
1776370139.273,$GNGSA,A,3,08,25,02,03,05,30,,,,,,,1.07,0.49,0.95,3*0C
1776370139.275,$GNGSA,A,3,09,24,08,06,10,14,16,13,,,,,1.07,0.49,0.95,4*03
1776370139.279,$GPGSV,3,1,11,03,42,262,45,04,31,332,36,08,32,185,36,16,64,355,26,1*67
1776370139.283,$GPGSV,3,2,11,26,35,025,37,27,52,147,45,31,30,043,42,32,17,133,37,1*67
1776370139.287,$GPGSV,3,3,11,40,36,259,43,41,64,233,49,42,70,217,48,1*5D
1776370139.290,$GPGSV,2,1,08,03,42,262,41,04,31,332,27,08,32,185,36,26,35,025,37,6*6E
1776370139.292,$GPGSV,2,2,08,27,52,147,45,28,16,067,21,31,30,043,40,32,17,133,34,6*66
1776370139.293,$GPGSV,1,1,04,01,02,222,,02,05,195,,09,02,323,,50,56,115,,0*60
1776370139.295,$GLGSV,2,1,07,68,24,153,46,69,76,146,51,70,47,335,35,73,27,269,45,1*72
1776370139.296,$GLGSV,2,2,07,79,12,026,32,80,41,335,37,,,,35,1*7D
1776370139.297,$GLGSV,2,1,06,68,24,153,42,69,76,146,48,70,47,335,39,73,27,269,41,3*75
1776370139.298,$GLGSV,2,2,06,79,12,026,27,80,41,335,30,3*7B
1776370139.299,$GLGSV,1,1,03,81,02,075,,82,08,118,,83,03,165,,0*43
1776370139.300,$GAGSV,2,1,07,02,75,329,44,03,65,055,48,05,28,119,30,08,34,336,38,2*71
1776370139.300,$GAGSV,2,2,07,25,28,031,39,30,37,232,48,32,55,356,47,2*4E
1776370139.301,$GAGSV,2,1,06,02,75,329,44,03,65,055,41,05,28,119,38,25,28,031,40,7*7D
1776370139.302,$GAGSV,2,2,06,30,37,232,46,32,55,356,32,7*73
1776370139.303,$GAGSV,1,1,02,15,05,225,,34,07,178,,0*7C
1776370139.304,$GBGSV,2,1,08,06,31,181,39,07,54,160,42,08,38,191,36,09,43,341,32,1*7A
1776370139.304,$GBGSV,2,2,08,10,49,174,39,13,46,206,43,14,60,304,26,24,46,329,33,1*75
1776370139.305,$GBGSV,2,1,07,07,54,160,48,08,38,191,43,09,43,341,38,10,49,174,46,3*7F
1776370139.306,$GBGSV,2,2,07,13,46,206,45,14,60,304,46,16,41,013,37,3*44
1776370139.306,$GBGSV,3,1,10,01,37,105,,02,66,235,,03,70,144,,04,21,101,,0*71
1776370139.307,$GBGSV,3,2,10,04,21,101,,05,41,259,,11,02,199,,12,21,153,,0*7A
1776370139.307,$GBGSV,3,3,10,12,21,153,,21,33,157,,0*71
1776370139.308,$GNGLL,1339.10098,N,10029.54315,E,200859.00,A,D*70
1776370140.256,$GNRMC,200900.00,A,1339.10087,N,10029.54266,E,1.827,255.36,160426,0.53,W,D,V*48
1776370140.257,$GNVTG,255.36,T,255.89,M,1.827,N,3.384,K,D*3C
1776370140.257,$GNGGA,200900.00,1339.10087,N,10029.54266,E,2,12,0.49,0.2,M,-27.8,M,,0499*6D
1776370140.258,$GNGSA,A,3,32,16,26,27,28,40,31,03,04,08,,,1.07,0.49,0.95,1*02
1776370140.259,$GNGSA,A,3,79,70,73,80,69,68,,,,,,,1.07,0.49,0.95,2*01
1776370140.260,$GNGSA,A,3,08,25,02,03,05,30,,,,,,,1.07,0.49,0.95,3*0C
1776370140.260,$GNGSA,A,3,09,24,08,06,10,14,16,13,,,,,1.07,0.49,0.95,4*03
1776370140.261,$GPGSV,3,1,11,03,42,262,46,04,31,332,41,08,32,185,36,16,64,355,44,1*60
1776370140.263,$GPGSV,3,2,11,26,35,025,30,27,52,147,45,31,30,043,46,32,17,133,36,1*65
1776370140.264,$GPGSV,3,3,11,40,36,259,44,41,64,233,47,42,70,217,47,1*5B
1776370140.266,$GPGSV,2,1,08,03,42,262,41,04,31,332,41,08,32,185,38,26,35,025,37,6*60
1776370140.268,$GPGSV,2,2,08,27,52,147,46,28,16,067,22,31,30,043,38,32,17,133,30,6*6D
1776370140.270,$GPGSV,1,1,04,01,02,222,,02,05,195,,09,02,323,,50,56,115,,0*60
1776370140.271,$GLGSV,2,1,07,68,24,153,44,69,76,146,51,70,47,335,43,73,27,269,44,1*70
1776370140.272,$GLGSV,2,2,07,79,12,026,35,80,41,335,41,,,,36,1*78
1776370140.273,$GLGSV,2,1,06,68,24,153,42,69,76,146,46,70,47,335,28,73,27,269,43,3*79
1776370140.274,$GLGSV,2,2,06,79,12,026,27,80,41,335,34,3*7F
1776370140.276,$GLGSV,1,1,03,81,02,075,,82,08,118,,83,03,165,,0*43
1776370140.277,$GAGSV,2,1,07,02,75,329,48,03,65,055,46,05,28,119,40,08,34,336,42,2*79
1776370140.279,$GAGSV,2,2,07,25,28,031,40,30,37,232,47,32,55,356,42,2*4A
1776370140.280,$GAGSV,2,1,06,02,75,329,44,03,65,055,42,05,28,119,30,25,28,031,30,7*71
1776370140.281,$GAGSV,2,2,06,30,37,232,43,32,55,356,41,7*72
1776370140.282,$GAGSV,1,1,02,15,05,225,,34,07,178,,0*7C
1776370140.283,$GBGSV,2,1,08,06,31,181,39,07,54,160,43,08,38,191,38,09,43,341,26,1*70
1776370140.284,$GBGSV,2,2,08,10,49,174,40,13,46,206,44,14,60,304,38,24,46,329,42,1*75
1776370140.285,$GBGSV,2,1,07,07,54,160,47,08,38,191,42,09,43,341,39,10,49,174,48,3*7E
1776370140.286,$GBGSV,2,2,07,13,46,206,46,14,60,304,48,16,41,013,39,3*47
1776370140.286,$GBGSV,3,1,10,01,37,105,,02,66,235,,03,70,144,,04,21,101,,0*71
1776370140.287,$GBGSV,3,2,10,04,21,101,,05,41,259,,11,02,199,,12,21,153,,0*7A
1776370140.288,$GBGSV,3,3,10,12,21,153,,21,33,157,,0*71
1776370140.288,$GNGLL,1339.10087,N,10029.54266,E,200900.00,A,D*76
1776370141.254,$GNRMC,200901.00,A,1339.10075,N,10029.54214,E,1.868,256.16,160426,0.53,W,D,V*4B
1776370141.256,$GNVTG,256.16,T,256.69,M,1.868,N,3.459,K,D*3C
1776370141.258,$GNGGA,200901.00,1339.10075,N,10029.54214,E,2,12,0.49,0.2,M,-27.8,M,,0499*64
1776370141.259,$GNGSA,A,3,32,16,26,27,28,40,31,03,04,08,,,1.07,0.49,0.95,1*02
1776370141.260,$GNGSA,A,3,79,70,73,80,69,68,,,,,,,1.07,0.49,0.95,2*01
1776370141.261,$GNGSA,A,3,08,25,02,03,05,30,,,,,,,1.07,0.49,0.95,3*0C
1776370141.262,$GNGSA,A,3,09,24,08,06,10,14,16,13,,,,,1.07,0.49,0.95,4*03
1776370141.263,$GPGSV,3,1,11,03,42,262,46,04,31,332,43,08,32,185,41,16,64,355,36,1*67
1776370141.266,$GPGSV,3,2,11,26,35,025,37,27,52,147,46,31,30,043,45,32,17,133,37,1*63
1776370141.267,$GPGSV,3,3,11,40,36,259,43,41,64,233,48,42,70,217,47,1*53
1776370141.269,$GPGSV,2,1,08,03,42,262,43,04,31,332,41,08,32,185,40,26,35,025,25,6*6E
1776370141.270,$GPGSV,2,2,08,27,52,147,44,28,16,067,22,31,30,043,41,32,17,133,36,6*67
1776370141.271,$GPGSV,1,1,04,01,02,222,,02,05,195,,09,02,323,,50,56,115,,0*60
1776370141.272,$GLGSV,2,1,07,68,24,153,44,69,76,146,50,70,47,335,37,73,27,269,44,1*72
1776370141.273,$GLGSV,2,2,07,79,12,026,26,80,41,335,42,,,,40,1*78
1776370141.274,$GLGSV,2,1,06,68,24,153,44,69,76,146,46,70,47,335,45,73,27,269,39,3*79
1776370141.274,$GLGSV,2,2,06,79,12,026,31,80,41,335,40,3*7B
1776370141.275,$GLGSV,1,1,03,81,02,075,,82,08,118,,83,03,165,,0*43
1776370141.276,$GAGSV,2,1,07,02,75,329,47,03,65,055,50,05,28,119,38,08,34,336,47,2*7B
1776370141.276,$GAGSV,2,2,07,25,28,031,36,30,37,232,47,32,55,356,47,2*4E
1776370141.277,$GAGSV,2,1,07,02,75,329,44,03,65,055,43,05,28,119,34,08,34,336,39,7*7A
1776370141.278,$GAGSV,2,2,07,25,28,031,39,30,37,232,44,32,55,356,41,7*41
1776370141.278,$GAGSV,1,1,02,15,05,225,,34,07,178,,0*7C
1776370141.279,$GBGSV,2,1,08,06,31,181,35,07,54,160,41,08,38,191,38,09,43,341,31,1*78
1776370141.280,$GBGSV,2,2,08,10,49,174,39,13,46,206,44,14,60,304,47,24,46,329,45,1*74
1776370141.280,$GBGSV,2,1,07,07,54,160,49,08,38,191,43,09,43,341,34,10,49,174,45,3*71
1776370141.282,$GBGSV,2,2,07,13,46,206,46,14,60,304,48,16,41,013,32,3*4C
1776370141.283,$GBGSV,3,1,10,01,37,105,,02,66,235,,03,70,144,,04,21,101,,0*71
1776370141.283,$GBGSV,3,2,10,04,21,101,,05,41,259,,11,02,199,,12,21,153,,0*7A
1776370141.284,$GBGSV,3,3,10,12,21,153,,21,33,157,,0*71
1776370141.284,$GNGLL,1339.10075,N,10029.54214,E,200901.00,A,D*7F
1776370142.255,$GNRMC,200902.00,A,1339.10059,N,10029.54162,E,1.899,250.96,160426,0.53,W,D,V*44
1776370142.257,$GNVTG,250.96,T,251.49,M,1.899,N,3.517,K,D*32
1776370142.260,$GNGGA,200902.00,1339.10059,N,10029.54162,E,2,12,0.49,0.2,M,-27.8,M,,0499*6B
1776370142.261,$GNGSA,A,3,32,16,26,27,28,40,31,03,04,08,,,1.07,0.49,0.95,1*02
1776370142.263,$GNGSA,A,3,79,70,73,80,69,68,,,,,,,1.07,0.49,0.95,2*01
1776370142.265,$GNGSA,A,3,08,25,02,03,05,30,,,,,,,1.07,0.49,0.95,3*0C
1776370142.268,$GNGSA,A,3,09,24,08,06,10,14,16,13,,,,,1.07,0.49,0.95,4*03
1776370142.270,$GPGSV,3,1,11,03,42,262,45,04,31,332,41,08,32,185,40,16,64,355,36,1*67
1776370142.272,$GPGSV,3,2,11,26,35,025,36,27,52,147,46,31,30,043,44,32,17,133,37,1*63
1776370142.274,$GPGSV,3,3,11,40,36,259,43,41,64,233,47,42,70,217,48,1*53
1776370142.277,$GPGSV,2,1,08,03,42,262,43,04,31,332,37,08,32,185,41,26,35,025,31,6*6B
1776370142.278,$GPGSV,2,2,08,27,52,147,45,28,16,067,22,31,30,043,39,32,17,133,34,6*6B
1776370142.280,$GPGSV,1,1,04,01,02,222,,02,05,195,,09,02,323,,50,56,115,,0*60
1776370142.282,$GLGSV,2,1,07,68,24,153,46,69,76,146,50,70,47,335,40,73,27,269,42,1*76
1776370142.284,$GLGSV,2,2,07,79,12,026,35,80,41,335,46,,,,37,1*7E
1776370142.285,$GLGSV,2,1,06,68,24,153,42,69,76,146,47,70,47,335,42,73,27,269,38,3*78
1776370142.286,$GLGSV,2,2,06,79,12,026,26,80,41,335,42,3*7F
1776370142.287,$GLGSV,1,1,03,81,02,075,,82,08,118,,83,03,165,,0*43
1776370142.288,$GAGSV,2,1,07,02,75,329,48,03,65,055,49,05,28,119,38,08,34,336,44,2*7F
1776370142.288,$GAGSV,2,2,07,25,28,031,39,30,37,232,46,32,55,356,42,2*45
1776370142.289,$GAGSV,2,1,07,02,75,329,45,03,65,055,42,05,28,119,31,08,34,336,40,7*71
1776370142.290,$GAGSV,2,2,07,25,28,031,34,30,37,232,44,32,55,356,35,7*4F
1776370142.290,$GAGSV,1,1,02,15,05,225,,34,07,178,,0*7C
1776370142.291,$GBGSV,2,1,08,06,31,181,41,07,54,160,43,08,38,191,39,09,43,341,34,1*7D
1776370142.292,$GBGSV,2,2,08,10,49,174,42,13,46,206,44,14,60,304,43,24,46,329,42,1*7B
1776370142.293,$GBGSV,2,1,07,07,54,160,47,08,38,191,45,09,43,341,42,10,49,174,45,3*78
1776370142.293,$GBGSV,2,2,07,13,46,206,45,14,60,304,51,16,41,013,35,3*40
1776370142.294,$GBGSV,3,1,10,01,37,105,,02,66,235,,03,70,144,,04,21,101,,0*71
1776370142.295,$GBGSV,3,2,10,04,21,101,,05,41,259,,11,02,199,,12,21,153,,0*7A
1776370142.295,$GBGSV,3,3,10,12,21,153,,21,33,157,,0*71
1776370142.296,$GNGLL,1339.10059,N,10029.54162,E,200902.00,A,D*70
1776370143.264,$GNRMC,200903.00,A,1339.10040,N,10029.54109,E,2.060,250.25,160426,0.53,W,D,V*45
1776370143.267,$GNVTG,250.25,T,250.78,M,2.060,N,3.816,K,D*38
1776370143.269,$GNGGA,200903.00,1339.10040,N,10029.54109,E,2,12,0.50,0.1,M,-27.8,M,,0499*64
1776370143.272,$GNGSA,A,3,32,16,26,27,40,31,03,04,08,,,,1.10,0.50,0.97,1*04
1776370143.274,$GNGSA,A,3,79,70,73,80,69,68,,,,,,,1.10,0.50,0.97,2*0D
1776370143.275,$GNGSA,A,3,08,25,02,03,05,30,,,,,,,1.10,0.50,0.97,3*00
1776370143.277,$GNGSA,A,3,09,24,08,06,07,10,14,16,13,,,,1.10,0.50,0.97,4*08
1776370143.279,$GPGSV,3,1,11,03,42,262,46,04,31,332,40,08,32,185,41,16,64,355,39,1*6B
1776370143.282,$GPGSV,3,2,11,26,35,025,35,27,52,147,43,31,30,043,38,32,17,133,37,1*6E
1776370143.283,$GPGSV,3,3,11,40,36,259,44,41,64,233,48,42,70,217,46,1*55
1776370143.285,$GPGSV,2,1,08,03,42,262,44,04,31,332,37,08,32,185,43,26,35,025,31,6*6E
1776370143.286,$GPGSV,2,2,08,27,52,147,46,28,16,067,24,31,30,043,34,32,17,133,39,6*6E
1776370143.288,$GPGSV,1,1,04,01,02,222,,02,05,195,,09,02,323,,50,56,115,,0*60
1776370143.291,$GLGSV,2,1,07,68,24,153,42,69,76,146,50,70,47,335,47,73,27,269,44,1*73
1776370143.292,$GLGSV,2,2,07,79,12,026,27,80,41,335,42,,,,38,1*76
1776370143.294,$GLGSV,2,1,06,68,24,153,44,69,76,146,47,70,47,335,44,73,27,269,39,3*79
1776370143.295,$GLGSV,2,2,06,79,12,026,26,80,41,335,44,3*79
1776370143.295,$GLGSV,1,1,03,81,02,075,,82,08,118,,83,03,165,,0*43
1776370143.296,$GAGSV,2,1,07,02,75,329,48,03,65,055,49,05,28,119,38,08,34,336,46,2*7D
1776370143.297,$GAGSV,2,2,07,25,28,031,25,30,37,232,45,32,55,356,32,2*4C
1776370143.298,$GAGSV,2,1,07,02,75,329,47,03,65,055,41,05,28,119,34,08,34,336,38,7*7A
1776370143.299,$GAGSV,2,2,07,25,28,031,31,30,37,232,44,32,55,356,36,7*49
1776370143.300,$GAGSV,1,1,02,15,05,225,,34,07,178,,0*7C
1776370143.301,$GBGSV,2,1,08,06,31,181,38,07,54,160,43,08,38,191,39,09,43,341,35,1*72
1776370143.302,$GBGSV,2,2,08,10,49,174,41,13,46,206,45,14,60,304,48,24,46,329,41,1*71
1776370143.303,$GBGSV,2,1,07,07,54,160,46,08,38,191,45,09,43,341,43,10,49,174,46,3*7B
1776370143.304,$GBGSV,2,2,07,13,46,206,45,14,60,304,50,16,41,013,29,3*4C
1776370143.305,$GBGSV,3,1,10,01,37,105,,02,66,235,,03,70,144,,04,21,101,,0*71
1776370143.306,$GBGSV,3,2,10,04,21,101,,05,41,259,,11,02,199,,12,21,153,,0*7A
1776370143.307,$GBGSV,3,3,10,12,21,153,,21,33,157,,0*71
1776370143.308,$GNGLL,1339.10040,N,10029.54109,E,200903.00,A,D*74
1776370144.257,$GNRMC,200904.00,A,1339.10022,N,10029.54053,E,2.049,248.54,160426,0.53,W,D,V*4C
1776370144.260,$GNVTG,248.54,T,249.07,M,2.049,N,3.795,K,D*38
1776370144.262,$GNGGA,200904.00,1339.10022,N,10029.54053,E,2,12,0.50,0.0,M,-27.8,M,,0499*68
1776370144.264,$GNGSA,A,3,32,16,26,27,40,31,03,04,08,,,,1.10,0.50,0.97,1*04
1776370144.267,$GNGSA,A,3,79,70,73,80,69,68,,,,,,,1.10,0.50,0.97,2*0D
1776370144.269,$GNGSA,A,3,08,25,02,03,05,30,,,,,,,1.10,0.50,0.97,3*00
1776370144.272,$GNGSA,A,3,09,24,08,06,07,10,14,16,13,,,,1.10,0.50,0.97,4*08
1776370144.275,$GPGSV,3,1,11,03,42,262,43,04,31,332,44,08,32,185,42,16,64,355,41,1*66
1776370144.277,$GPGSV,3,2,11,26,35,025,35,27,52,147,44,31,30,043,35,32,17,133,40,1*64
1776370144.279,$GPGSV,3,3,11,40,36,259,43,41,64,233,48,42,70,217,47,1*53
1776370144.281,$GPGSV,2,1,08,03,42,262,43,04,31,332,39,08,32,185,41,26,35,025,23,6*66
1776370144.284,$GPGSV,2,2,08,27,52,147,46,28,16,067,25,31,30,043,30,32,17,133,36,6*64
1776370144.286,$GPGSV,1,1,04,01,02,222,,02,05,195,,09,02,323,,50,56,115,,0*60
1776370144.288,$GLGSV,2,1,07,68,24,153,46,69,76,146,51,70,47,335,47,73,27,269,39,1*7C
1776370144.289,$GLGSV,2,2,07,79,11,027,35,80,41,335,43,,,,39,1*77
1776370144.291,$GLGSV,2,1,06,68,24,153,38,69,76,146,47,70,47,335,46,73,27,269,38,3*71
1776370144.293,$GLGSV,2,2,06,79,11,027,26,80,41,335,45,3*7A
1776370144.294,$GLGSV,1,1,03,81,02,075,,82,08,118,,83,03,165,,0*43
1776370144.295,$GAGSV,2,1,07,02,75,329,50,03,65,055,50,05,28,119,34,08,34,336,46,2*70
1776370144.296,$GAGSV,2,2,07,25,28,031,32,30,37,232,47,32,55,356,44,2*49
1776370144.298,$GAGSV,2,1,07,02,75,329,47,03,65,055,45,05,28,119,35,08,34,336,42,7*72
1776370144.298,$GAGSV,2,2,07,25,28,031,26,30,37,232,44,32,55,356,41,7*4F
1776370144.299,$GAGSV,1,1,02,15,05,225,,34,07,178,,0*7C
1776370144.300,$GBGSV,2,1,08,06,31,181,40,07,54,160,43,08,38,191,40,09,43,341,39,1*7F
1776370144.301,$GBGSV,2,2,08,10,49,174,42,13,46,206,45,14,60,304,47,24,46,329,47,1*7B
1776370144.302,$GBGSV,2,1,07,07,54,160,48,08,38,191,45,09,43,341,41,10,49,174,46,3*77
1776370144.303,$GBGSV,2,2,07,13,46,206,45,14,60,304,51,16,41,013,33,3*46
1776370144.303,$GBGSV,3,1,10,01,37,105,,02,66,235,,03,70,144,,04,21,101,,0*71
1776370144.304,$GBGSV,3,2,10,04,21,101,,05,41,259,,11,02,199,,12,21,153,,0*7A
1776370144.304,$GBGSV,3,3,10,12,21,153,,21,33,157,,0*71
1776370144.305,$GNGLL,1339.10022,N,10029.54053,E,200904.00,A,D*79
1776370145.260,$GNRMC,200905.00,A,1339.10005,N,10029.53998,E,2.026,248.58,160426,0.53,W,D,V*44
1776370145.261,$GNVTG,248.58,T,249.11,M,2.026,N,3.752,K,D*31
1776370145.263,$GNGGA,200905.00,1339.10005,N,10029.53998,E,2,12,0.50,-0.1,M,-27.8,M,,0499*49
1776370145.263,$GNGSA,A,3,32,16,26,27,40,31,03,04,08,,,,1.10,0.50,0.97,1*04
1776370145.264,$GNGSA,A,3,79,70,73,80,69,68,,,,,,,1.10,0.50,0.97,2*0D
1776370145.264,$GNGSA,A,3,08,25,02,03,05,30,,,,,,,1.10,0.50,0.97,3*00
1776370145.265,$GNGSA,A,3,09,24,08,06,07,10,14,16,13,,,,1.10,0.50,0.97,4*08
1776370145.265,$GPGSV,3,1,11,03,42,262,42,04,31,332,40,08,32,185,42,16,64,355,44,1*66
1776370145.266,$GPGSV,3,2,11,26,35,025,32,27,52,147,45,31,30,043,42,32,17,133,41,1*63
1776370145.268,$GPGSV,3,3,11,40,36,259,41,41,64,233,47,42,70,217,47,1*5E
1776370145.269,$GPGSV,2,1,08,03,42,262,42,04,31,332,42,08,32,185,41,26,35,025,25,6*6D
1776370145.270,$GPGSV,2,2,08,27,52,147,43,28,16,067,24,31,30,043,33,32,17,133,36,6*63
1776370145.271,$GPGSV,1,1,04,01,02,222,,02,05,195,,09,02,323,,50,56,115,,0*60
1776370145.272,$GLGSV,2,1,07,68,24,153,39,69,76,146,50,70,47,335,48,73,27,269,38,1*7B
1776370145.272,$GLGSV,2,2,07,79,11,027,36,80,40,336,48,,,,38,1*7C
1776370145.273,$GLGSV,2,1,06,68,24,153,28,69,76,146,47,70,47,335,47,73,27,269,38,3*71
1776370145.273,$GLGSV,2,2,06,79,11,027,26,80,40,336,47,3*7A
1776370145.274,$GLGSV,1,1,03,81,02,075,,82,08,118,,83,03,165,,0*43
1776370145.274,$GAGSV,2,1,07,02,75,329,50,03,65,055,50,05,28,119,39,08,34,336,47,2*7C
1776370145.275,$GAGSV,2,2,07,25,28,031,31,30,37,232,48,32,55,356,44,2*45
1776370145.275,$GAGSV,2,1,07,02,75,329,47,03,65,055,45,05,28,119,35,08,34,336,41,7*71
1776370145.276,$GAGSV,2,2,07,25,28,031,37,30,37,232,44,32,55,356,41,7*4F
1776370145.276,$GAGSV,1,1,02,15,05,225,,34,07,178,,0*7C
1776370145.277,$GBGSV,2,1,08,06,31,181,40,07,54,160,43,08,38,191,40,09,43,341,40,1*71
1776370145.277,$GBGSV,2,2,08,10,49,174,44,13,46,206,45,14,60,304,47,24,46,329,48,1*72
1776370145.278,$GBGSV,2,1,07,07,54,160,49,08,38,191,46,09,43,341,43,10,49,174,45,3*74
1776370145.278,$GBGSV,2,2,07,13,46,206,45,14,60,304,52,16,41,013,35,3*43
1776370145.279,$GBGSV,3,1,10,01,37,105,,02,66,235,,03,70,144,,04,21,101,,0*71
1776370145.279,$GBGSV,3,2,10,04,21,101,,05,41,259,,11,02,199,,12,21,153,,0*7A
1776370145.280,$GBGSV,3,3,10,12,21,153,,21,33,157,,0*71
1776370145.280,$GNGLL,1339.10005,N,10029.53998,E,200905.00,A,D*74
1776370146.257,$GNRMC,200906.00,A,1339.09984,N,10029.53944,E,2.061,245.77,160426,0.53,W,D,V*4D
1776370146.261,$GNVTG,245.77,T,246.30,M,2.061,N,3.817,K,D*30
1776370146.263,$GNGGA,200906.00,1339.09984,N,10029.53944,E,2,12,0.50,-0.1,M,-27.8,M,,0499*43
1776370146.265,$GNGSA,A,3,32,16,26,27,40,31,03,04,08,,,,1.10,0.50,0.97,1*04
1776370146.268,$GNGSA,A,3,79,70,73,80,69,68,,,,,,,1.10,0.50,0.97,2*0D
1776370146.270,$GNGSA,A,3,08,25,02,03,05,30,,,,,,,1.10,0.50,0.97,3*00
1776370146.273,$GNGSA,A,3,09,24,08,06,07,10,14,16,13,,,,1.10,0.50,0.97,4*08
1776370146.276,$GPGSV,3,1,11,03,42,262,46,04,31,332,42,08,32,185,41,16,64,355,45,1*62
1776370146.280,$GPGSV,3,2,11,26,35,025,28,27,52,147,45,31,30,043,37,32,17,133,42,1*69
1776370146.282,$GPGSV,3,3,11,40,36,259,41,41,64,233,47,42,70,217,46,1*5F
1776370146.285,$GPGSV,2,1,08,03,42,262,41,04,31,332,42,08,32,185,42,26,35,025,31,6*68
1776370146.287,$GPGSV,2,2,08,27,52,147,45,28,16,067,23,31,30,043,34,32,17,133,38,6*6B
1776370146.288,$GPGSV,1,1,04,01,02,222,,02,05,195,,09,02,323,,50,56,115,,0*60
1776370146.290,$GLGSV,2,1,07,68,24,153,40,69,76,146,50,70,47,335,49,73,27,269,39,1*75
1776370146.291,$GLGSV,2,2,07,79,11,027,29,80,40,336,51,,,,39,1*7B
1776370146.292,$GLGSV,2,1,06,68,24,153,39,69,76,146,47,70,47,335,48,73,27,269,36,3*70
1776370146.292,$GLGSV,2,2,06,79,11,027,32,80,40,336,47,3*7F
1776370146.293,$GLGSV,1,1,03,81,02,074,,82,08,118,,83,03,165,,0*42
1776370146.294,$GAGSV,2,1,07,02,75,329,50,03,65,055,49,05,28,119,41,08,34,336,45,2*79
1776370146.294,$GAGSV,2,2,07,25,28,031,34,30,37,232,47,32,55,356,50,2*4A
1776370146.295,$GAGSV,2,1,07,02,75,329,46,03,65,055,45,05,28,119,37,08,34,336,43,7*70
1776370146.295,$GAGSV,2,2,07,25,28,031,31,30,37,232,44,32,55,356,42,7*4A
1776370146.296,$GAGSV,1,1,02,15,05,225,,34,07,178,,0*7C
1776370146.297,$GBGSV,2,1,08,06,31,181,42,07,54,160,43,08,38,191,41,09,43,341,41,1*73
1776370146.297,$GBGSV,2,2,08,10,49,174,42,13,46,206,44,14,60,304,47,24,46,329,45,1*78
1776370146.298,$GBGSV,2,1,07,07,54,160,47,08,38,191,45,09,43,341,47,10,49,174,46,3*7E
1776370146.299,$GBGSV,2,2,07,13,46,206,45,14,60,304,51,16,41,013,30,3*45
1776370146.299,$GBGSV,3,1,10,01,37,105,,02,66,235,,03,70,144,,04,21,101,,0*71
1776370146.300,$GBGSV,3,2,10,04,21,101,,05,41,259,,11,02,199,,12,21,153,,0*7A
1776370146.301,$GBGSV,3,3,10,12,21,153,,21,33,157,,0*71
1776370146.303,$GNGLL,1339.09984,N,10029.53944,E,200906.00,A,D*7E
1776370147.249,$GNRMC,200907.00,A,1339.09961,N,10029.53889,E,2.202,245.60,160426,0.53,W,D,V*46
1776370147.253,$GNVTG,245.60,T,246.13,M,2.202,N,4.077,K,D*39
1776370147.255,$GNGGA,200907.00,1339.09961,N,10029.53889,E,2,12,0.50,-0.2,M,-27.8,M,,0499*4A
1776370147.258,$GNGSA,A,3,32,16,26,27,40,31,03,04,08,,,,1.10,0.50,0.97,1*04
1776370147.259,$GNGSA,A,3,79,70,73,80,69,68,,,,,,,1.10,0.50,0.97,2*0D
1776370147.261,$GNGSA,A,3,08,25,02,03,05,30,,,,,,,1.10,0.50,0.97,3*00
1776370147.263,$GNGSA,A,3,09,24,08,06,07,10,14,16,13,,,,1.10,0.50,0.97,4*08
1776370147.265,$GPGSV,3,1,11,03,42,262,43,04,31,332,42,08,32,185,41,16,64,355,46,1*64
1776370147.267,$GPGSV,3,2,11,26,35,025,27,27,52,147,45,31,30,043,35,32,17,133,39,1*68
1776370147.269,$GPGSV,3,3,11,40,36,259,43,41,64,233,47,42,70,217,46,1*5D
1776370147.271,$GPGSV,2,1,08,03,42,262,41,04,31,332,43,08,32,185,41,26,35,025,31,6*6A
1776370147.273,$GPGSV,2,2,08,27,52,147,45,28,16,067,23,31,30,043,29,32,17,133,36,6*69
1776370147.275,$GPGSV,1,1,04,01,02,222,,02,05,195,,09,02,323,,50,56,115,,0*60
1776370147.276,$GLGSV,2,1,07,68,24,153,45,69,76,146,50,70,47,335,47,73,27,269,36,1*71
1776370147.277,$GLGSV,2,2,07,79,11,027,40,80,40,336,49,,,,38,1*7C
1776370147.278,$GLGSV,2,1,06,68,24,153,41,69,76,146,47,70,47,335,48,73,27,269,38,3*71
1776370147.279,$GLGSV,2,2,06,79,11,027,27,80,40,336,46,3*7A
1776370147.279,$GLGSV,1,1,03,81,02,074,,82,09,117,,83,03,165,,0*4C
1776370147.280,$GAGSV,2,1,07,02,75,329,50,03,65,055,50,05,28,119,44,08,34,336,47,2*76
1776370147.281,$GAGSV,2,2,07,25,28,031,29,30,37,232,45,32,55,356,50,2*44
1776370147.281,$GAGSV,2,1,07,02,75,329,46,03,65,055,46,05,28,119,39,08,34,336,42,7*7C
1776370147.282,$GAGSV,2,2,07,25,28,031,26,30,37,232,43,32,55,356,46,7*4F
1776370147.283,$GAGSV,1,1,02,15,05,225,,34,07,178,,0*7C
1776370147.283,$GBGSV,2,1,08,06,31,181,41,07,54,160,43,08,38,191,40,09,43,341,42,1*72
1776370147.284,$GBGSV,2,2,08,10,49,174,42,13,46,206,45,14,60,304,46,24,46,329,47,1*7A
1776370147.285,$GBGSV,2,1,07,07,54,160,48,08,38,191,46,09,43,341,48,10,49,174,47,3*7C
1776370147.286,$GBGSV,2,2,07,13,46,206,45,14,60,304,52,16,41,013,28,3*4F
1776370147.287,$GBGSV,3,1,10,01,37,105,,02,66,235,,03,70,144,,04,21,101,,0*71
1776370147.288,$GBGSV,3,2,10,04,21,101,,05,41,259,,11,02,199,,12,21,153,,0*7A
1776370147.289,$GBGSV,3,3,10,12,21,153,,21,33,157,,0*71
1776370147.290,$GNGLL,1339.09961,N,10029.53889,E,200907.00,A,D*74
1776370148.258,$GNRMC,200908.00,A,1339.09936,N,10029.53831,E,2.235,246.37,160426,0.53,W,D,V*4D
1776370148.260,$GNVTG,246.37,T,246.90,M,2.235,N,4.140,K,D*32
1776370148.262,$GNGGA,200908.00,1339.09936,N,10029.53831,E,2,12,0.50,-0.1,M,-27.8,M,,0499*47
1776370148.264,$GNGSA,A,3,32,16,26,27,40,31,03,04,08,,,,1.10,0.50,0.97,1*04
1776370148.265,$GNGSA,A,3,79,70,73,80,69,68,,,,,,,1.10,0.50,0.97,2*0D
1776370148.267,$GNGSA,A,3,08,25,02,03,05,30,,,,,,,1.10,0.50,0.97,3*00
1776370148.269,$GNGSA,A,3,09,24,08,06,07,10,14,16,13,,,,1.10,0.50,0.97,4*08
1776370148.272,$GPGSV,3,1,11,03,42,262,42,04,31,332,39,08,32,185,43,16,64,355,46,1*6B
1776370148.275,$GPGSV,3,2,11,26,35,025,27,27,52,147,46,31,30,043,28,32,17,133,39,1*67
1776370148.277,$GPGSV,3,3,11,40,36,259,38,41,64,233,47,42,70,217,47,1*50
1776370148.279,$GPGSV,2,1,08,03,42,262,41,04,31,332,41,08,32,185,42,26,35,025,31,6*6B
1776370148.281,$GPGSV,2,2,08,27,52,147,45,28,16,067,23,31,30,043,21,32,17,133,33,6*64
1776370148.283,$GPGSV,1,1,04,01,02,222,,02,05,195,,09,02,323,,50,56,115,,0*60
1776370148.285,$GLGSV,2,1,07,68,24,153,43,69,76,146,51,70,47,335,50,73,27,269,45,1*74
1776370148.287,$GLGSV,2,2,07,79,11,027,39,80,40,336,48,,,,40,1*7C
1776370148.289,$GLGSV,2,1,06,68,24,153,42,69,76,146,46,70,47,335,47,73,27,269,30,3*74
1776370148.291,$GLGSV,2,2,06,79,11,027,36,80,40,336,44,3*78
1776370148.291,$GLGSV,1,1,03,81,02,074,,82,09,117,,83,04,165,,0*4B
1776370148.292,$GAGSV,2,1,07,02,75,329,50,03,65,055,50,05,28,119,41,08,34,336,47,2*73
1776370148.293,$GAGSV,2,2,07,25,28,031,28,30,37,232,46,32,55,356,50,2*46
1776370148.294,$GAGSV,2,1,07,02,75,329,46,03,65,055,45,05,28,119,38,08,34,336,41,7*7D
1776370148.295,$GAGSV,2,2,07,25,28,031,26,30,37,232,44,32,55,356,45,7*4B
1776370148.295,$GAGSV,1,1,02,15,05,225,,34,07,178,,0*7C
1776370148.296,$GBGSV,2,1,08,06,31,181,41,07,54,160,43,08,38,191,40,09,43,341,40,1*70
1776370148.297,$GBGSV,2,2,08,10,49,174,42,13,46,206,44,14,60,304,47,24,46,329,47,1*7A
1776370148.298,$GBGSV,2,1,07,07,54,160,48,08,38,191,44,09,43,341,46,10,49,174,44,3*73
1776370148.299,$GBGSV,2,2,07,13,46,206,45,14,60,304,51,16,41,013,28,3*4C
1776370148.299,$GBGSV,3,1,10,01,37,105,,02,66,235,,03,70,144,,04,21,101,,0*71
1776370148.300,$GBGSV,3,2,10,04,21,101,,05,41,259,,11,02,199,,12,21,153,,0*7A
1776370148.300,$GBGSV,3,3,10,12,21,153,,21,33,157,,0*71
1776370148.301,$GNGLL,1339.09936,N,10029.53831,E,200908.00,A,D*7A
1776370149.262,$GNRMC,200909.00,A,1339.09910,N,10029.53773,E,2.266,243.88,160426,0.53,W,D,V*46
1776370149.264,$GNVTG,243.88,T,244.41,M,2.266,N,4.197,K,D*31
1776370149.266,$GNGGA,200909.00,1339.09910,N,10029.53773,E,2,12,0.50,-0.1,M,-27.8,M,,0499*4B
1776370149.268,$GNGSA,A,3,32,16,26,27,40,31,03,04,08,,,,1.10,0.50,0.97,1*04
1776370149.270,$GNGSA,A,3,79,70,73,80,69,68,,,,,,,1.10,0.50,0.97,2*0D
1776370149.272,$GNGSA,A,3,08,25,02,03,05,30,,,,,,,1.10,0.50,0.97,3*00
1776370149.274,$GNGSA,A,3,09,24,08,06,07,10,14,16,13,,,,1.10,0.50,0.97,4*08
1776370149.276,$GPGSV,3,1,11,03,42,262,38,04,31,332,40,08,32,185,43,16,64,355,46,1*68
1776370149.278,$GPGSV,3,2,11,26,35,025,27,27,52,147,45,31,30,043,35,32,17,133,34,1*65
1776370149.279,$GPGSV,3,3,11,40,36,259,43,41,64,233,48,42,70,217,46,1*52
1776370149.281,$GPGSV,2,1,08,03,42,262,36,04,31,332,41,08,32,185,40,26,35,025,26,6*6F
1776370149.283,$GPGSV,2,2,08,27,52,147,46,28,16,067,26,31,30,043,34,32,17,133,33,6*66
1776370149.285,$GPGSV,1,1,04,01,02,222,,02,05,195,,09,02,323,,50,56,115,,0*60
1776370149.286,$GLGSV,2,1,06,68,24,153,46,69,76,146,51,70,47,335,49,73,27,269,42,1*7F
1776370149.287,$GLGSV,2,2,06,79,11,027,36,80,40,336,48,1*76
1776370149.289,$GLGSV,2,1,06,68,24,153,42,69,76,146,46,70,47,335,49,73,27,269,32,3*78
1776370149.290,$GLGSV,2,2,06,79,11,027,29,80,40,336,46,3*74
1776370149.291,$GLGSV,1,1,03,81,02,074,,82,09,117,,83,04,165,,0*4B
1776370149.292,$GAGSV,2,1,07,02,75,329,50,03,65,055,50,05,28,119,42,08,34,336,46,2*71
1776370149.293,$GAGSV,2,2,07,25,28,031,29,30,37,232,45,32,55,356,50,2*44
1776370149.294,$GAGSV,2,1,07,02,75,329,48,03,65,055,45,05,28,119,38,08,34,336,43,7*71
1776370149.295,$GAGSV,2,2,07,25,28,031,31,30,37,232,43,32,55,356,46,7*49
1776370149.295,$GAGSV,1,1,02,15,05,225,,34,07,178,,0*7C
1776370149.296,$GBGSV,2,1,08,06,31,181,41,07,54,160,42,08,38,191,40,09,43,341,40,1*71
1776370149.297,$GBGSV,2,2,08,10,49,174,42,13,46,206,44,14,60,304,47,24,46,329,50,1*7C
1776370149.298,$GBGSV,2,1,07,07,54,160,48,08,38,191,45,09,43,341,46,10,49,174,46,3*70
1776370149.298,$GBGSV,2,2,07,13,46,206,45,14,60,304,50,16,41,013,42,3*41
1776370149.299,$GBGSV,3,1,10,01,37,105,,02,66,235,,03,70,144,,04,21,101,,0*71
1776370149.300,$GBGSV,3,2,10,04,21,101,,05,41,259,,11,02,199,,12,21,153,,0*7A
1776370149.300,$GBGSV,3,3,10,12,21,153,,21,33,157,,0*71
1776370149.300,$GNGLL,1339.09910,N,10029.53773,E,200909.00,A,D*76
1776370150.259,$GNRMC,200910.00,A,1339.09883,N,10029.53715,E,2.302,245.10,160426,0.53,W,D,V*41
1776370150.261,$GNVTG,245.10,T,245.64,M,2.302,N,4.264,K,D*3C
1776370150.262,$GNGGA,200910.00,1339.09883,N,10029.53715,E,2,12,0.50,-0.2,M,-27.8,M,,0499*4B
1776370150.263,$GNGSA,A,3,32,16,26,27,40,31,03,04,08,,,,1.10,0.50,0.97,1*04
1776370150.264,$GNGSA,A,3,79,70,73,80,69,68,,,,,,,1.10,0.50,0.97,2*0D
1776370150.265,$GNGSA,A,3,08,25,02,03,05,30,,,,,,,1.10,0.50,0.97,3*00
1776370150.266,$GNGSA,A,3,09,24,08,06,07,10,14,16,13,,,,1.10,0.50,0.97,4*08
1776370150.267,$GPGSV,3,1,11,03,42,262,44,04,31,332,36,08,32,185,41,16,64,355,45,1*63
1776370150.269,$GPGSV,3,2,11,26,35,025,32,27,52,147,45,31,30,043,35,32,17,133,39,1*6C
1776370150.271,$GPGSV,3,3,11,40,36,259,42,41,64,233,47,42,70,217,46,1*5C
1776370150.273,$GPGSV,2,1,08,03,42,262,41,04,31,332,39,08,32,185,41,26,35,025,35,6*63
1776370150.276,$GPGSV,2,2,08,27,52,147,45,28,16,067,25,31,30,043,29,32,17,133,35,6*6C
1776370150.278,$GPGSV,1,1,04,01,02,222,,02,05,195,,09,02,323,,50,56,115,,0*60
1776370150.281,$GLGSV,2,1,06,68,24,153,48,69,76,146,50,70,47,335,48,73,27,269,42,1*71
1776370150.283,$GLGSV,2,2,06,79,11,027,41,80,40,336,48,1*76
1776370150.285,$GLGSV,2,1,06,68,24,153,41,69,76,146,47,70,47,335,49,73,27,269,41,3*7E
1776370150.286,$GLGSV,2,2,06,79,11,027,38,80,40,336,46,3*74
1776370150.287,$GLGSV,1,1,03,81,02,074,,82,09,117,,83,04,165,,0*4B
1776370150.288,$GAGSV,2,1,07,02,75,329,50,03,65,055,50,05,28,119,40,08,34,336,47,2*72
1776370150.289,$GAGSV,2,2,07,25,28,031,33,30,37,232,46,32,55,356,49,2*44
1776370150.290,$GAGSV,2,1,07,02,75,329,47,03,65,055,45,05,28,119,36,08,34,336,44,7*77
1776370150.291,$GAGSV,2,2,07,25,28,031,22,30,37,232,46,32,55,356,45,7*4D
1776370150.292,$GAGSV,1,1,02,15,05,225,,34,07,178,,0*7C
1776370150.293,$GBGSV,2,1,08,06,31,181,41,07,54,160,43,08,38,191,40,09,43,341,41,1*71
1776370150.294,$GBGSV,2,2,08,10,49,174,42,13,46,206,45,14,60,304,45,24,46,329,47,1*79
1776370150.294,$GBGSV,2,1,07,07,54,160,48,08,38,191,45,09,43,341,47,10,49,174,46,3*71
1776370150.295,$GBGSV,2,2,07,13,46,206,46,14,60,304,51,16,41,013,43,3*42
1776370150.296,$GBGSV,3,1,10,01,37,105,,02,66,235,,03,70,144,,04,21,101,,0*71
1776370150.296,$GBGSV,3,2,10,04,21,101,,05,41,259,,11,02,199,,12,21,153,,0*7A
1776370150.297,$GBGSV,3,3,10,12,21,153,,21,33,157,,0*71
1776370150.297,$GNGLL,1339.09883,N,10029.53715,E,200910.00,A,D*75
1776370151.258,$GNRMC,200911.00,A,1339.09855,N,10029.53656,E,2.283,242.70,160426,0.53,W,D,V*44
1776370151.261,$GNVTG,242.70,T,243.23,M,2.283,N,4.228,K,D*38
1776370151.264,$GNGGA,200911.00,1339.09855,N,10029.53656,E,2,12,0.50,-0.2,M,-27.8,M,,0499*47
1776370151.267,$GNGSA,A,3,32,16,26,27,40,31,03,04,08,,,,1.10,0.50,0.97,1*04
1776370151.269,$GNGSA,A,3,79,70,73,80,69,68,,,,,,,1.10,0.50,0.97,2*0D
1776370151.271,$GNGSA,A,3,08,25,02,03,05,30,,,,,,,1.10,0.50,0.97,3*00
1776370151.273,$GNGSA,A,3,09,24,08,06,07,10,14,16,13,,,,1.10,0.50,0.97,4*08
1776370151.275,$GPGSV,3,1,11,03,42,262,45,04,31,332,35,08,32,185,42,16,64,355,45,1*62
1776370151.277,$GPGSV,3,2,11,26,35,025,36,27,52,147,45,31,30,043,31,32,17,133,38,1*6D
1776370151.278,$GPGSV,3,3,11,40,36,259,43,41,64,233,47,42,70,217,46,1*5D
1776370151.279,$GPGSV,2,1,08,03,42,262,41,04,31,332,39,08,32,185,42,26,35,025,32,6*67
1776370151.280,$GPGSV,2,2,08,27,52,147,46,28,16,067,25,31,30,043,32,32,17,133,37,6*67
1776370151.281,$GPGSV,1,1,04,01,02,222,,02,05,195,,09,02,323,,50,56,115,,0*60
1776370151.282,$GLGSV,2,1,06,68,24,153,46,69,76,146,50,70,47,335,50,73,27,269,42,1*76
1776370151.283,$GLGSV,2,2,06,79,11,027,39,80,40,336,49,1*78
1776370151.284,$GLGSV,2,1,06,68,24,153,45,69,76,146,46,70,47,335,49,73,27,269,39,3*74
1776370151.285,$GLGSV,2,2,06,79,11,027,36,80,40,336,47,3*7B
1776370151.285,$GLGSV,1,1,03,81,02,074,,82,09,117,,83,04,165,,0*4B
1776370151.287,$GAGSV,2,1,07,02,75,329,50,03,65,055,50,05,28,119,37,08,34,336,46,2*73
1776370151.288,$GAGSV,2,2,07,25,28,031,29,30,37,232,46,32,55,356,50,2*47
1776370151.289,$GAGSV,2,1,07,02,75,329,47,03,65,055,44,05,28,119,34,08,34,336,42,7*72
1776370151.291,$GAGSV,2,2,07,25,28,031,29,30,37,232,44,32,55,356,45,7*44
1776370151.291,$GAGSV,1,1,02,15,05,225,,34,07,178,,0*7C
1776370151.293,$GBGSV,2,1,08,06,31,181,42,07,54,160,43,08,38,191,42,09,43,341,41,1*70
1776370151.293,$GBGSV,2,2,08,10,49,174,43,13,46,206,45,14,60,304,46,24,46,329,48,1*74
1776370151.294,$GBGSV,2,1,07,07,54,160,47,08,38,191,46,09,43,341,46,10,49,174,46,3*7C
1776370151.295,$GBGSV,2,2,07,13,46,206,45,14,60,304,51,16,41,013,43,3*41
1776370151.295,$GBGSV,3,1,10,01,37,105,,02,66,235,,03,70,144,,04,21,101,,0*71
1776370151.296,$GBGSV,3,2,10,04,21,101,,05,41,259,,11,02,199,,12,21,153,,0*7A
1776370151.296,$GBGSV,3,3,10,12,21,153,,21,33,157,,0*71
1776370151.297,$GNGLL,1339.09855,N,10029.53656,E,200911.00,A,D*79
1776370152.257,$GNRMC,200912.00,A,1339.09827,N,10029.53600,E,2.144,242.74,160426,0.53,W,D,V*4D
1776370152.259,$GNVTG,242.74,T,243.27,M,2.144,N,3.972,K,D*33
1776370152.261,$GNGGA,200912.00,1339.09827,N,10029.53600,E,2,12,0.50,-0.2,M,-27.8,M,,0499*42
1776370152.263,$GNGSA,A,3,32,16,26,27,40,31,03,04,08,,,,1.09,0.50,0.97,1*0C
1776370152.264,$GNGSA,A,3,79,70,73,80,69,68,,,,,,,1.09,0.50,0.97,2*05
1776370152.265,$GNGSA,A,3,08,25,02,03,05,30,,,,,,,1.09,0.50,0.97,3*08
1776370152.266,$GNGSA,A,3,09,24,08,06,07,10,14,16,13,,,,1.09,0.50,0.97,4*00
1776370152.268,$GPGSV,3,1,11,03,42,262,44,04,31,332,40,08,32,185,42,16,64,355,46,1*62
1776370152.269,$GPGSV,3,2,11,26,35,025,28,27,52,147,45,31,30,043,27,32,17,133,40,1*6A
1776370152.271,$GPGSV,3,3,11,40,36,259,42,41,64,233,48,42,70,217,46,1*53
1776370152.272,$GPGSV,2,1,08,03,42,262,43,04,31,332,39,08,32,185,42,26,35,025,31,6*66
1776370152.274,$GPGSV,2,2,08,27,52,147,45,28,16,067,31,31,30,043,32,32,17,133,31,6*67
1776370152.274,$GPGSV,1,1,04,01,02,222,,02,05,195,,09,02,323,,50,56,115,,0*60
1776370152.275,$GLGSV,2,1,06,68,24,153,47,69,76,146,49,70,47,335,49,73,27,269,45,1*70
1776370152.276,$GLGSV,2,2,06,79,11,027,39,80,40,336,50,1*70
1776370152.278,$GLGSV,2,1,06,68,24,153,43,69,76,146,47,70,47,335,44,73,27,269,41,3*71
1776370152.279,$GLGSV,2,2,06,79,11,027,32,80,40,336,45,3*7D
1776370152.280,$GLGSV,1,1,03,81,02,074,,82,09,117,,83,04,165,,0*4B
1776370152.281,$GAGSV,2,1,07,02,75,329,51,03,65,055,50,05,28,119,42,08,34,336,46,2*70
1776370152.282,$GAGSV,2,2,07,25,28,031,34,30,37,232,46,32,55,356,49,2*43
1776370152.283,$GAGSV,2,1,07,02,75,329,46,03,65,055,44,05,28,119,38,08,34,336,42,7*7F
1776370152.284,$GAGSV,2,2,07,25,28,031,36,30,37,232,45,32,55,356,45,7*4B
1776370152.284,$GAGSV,1,1,02,15,05,225,,34,07,178,,0*7C
1776370152.285,$GBGSV,2,1,08,06,31,181,42,07,54,160,42,08,38,191,40,09,43,341,41,1*73
1776370152.285,$GBGSV,2,2,08,10,49,174,44,13,46,206,43,14,60,304,46,24,46,329,43,1*7E
1776370152.286,$GBGSV,2,1,07,07,54,160,48,08,38,191,46,09,43,341,45,10,49,174,45,3*73
1776370152.287,$GBGSV,2,2,07,13,46,206,46,14,60,304,51,16,41,013,44,3*45
1776370152.287,$GBGSV,3,1,10,01,37,105,,02,66,235,,03,70,144,,04,21,101,,0*71
1776370152.288,$GBGSV,3,2,10,04,21,101,,05,41,259,,11,02,199,,12,21,153,,0*7A
1776370152.288,$GBGSV,3,3,10,12,21,153,,21,33,157,,0*71
1776370152.289,$GNGLL,1339.09827,N,10029.53600,E,200912.00,A,D*7C
1776370153.252,$GNRMC,200913.00,A,1339.09799,N,10029.53546,E,2.110,240.24,160426,0.53,W,D,V*41
1776370153.255,$GNVTG,240.24,T,240.77,M,2.110,N,3.909,K,D*3F
1776370153.259,$GNGGA,200913.00,1339.09799,N,10029.53546,E,2,12,0.50,-0.3,M,-27.8,M,,0499*49
1776370153.262,$GNGSA,A,3,32,16,26,27,40,28,31,03,04,08,,,1.07,0.50,0.94,1*0B
1776370153.265,$GNGSA,A,3,79,70,73,80,69,68,,,,,,,1.07,0.50,0.94,2*08
1776370153.267,$GNGSA,A,3,08,02,03,05,30,,,,,,,,1.07,0.50,0.94,3*02
1776370153.271,$GNGSA,A,3,09,24,08,06,07,10,14,16,13,,,,1.07,0.50,0.94,4*0D
1776370153.272,$GPGSV,3,1,12,03,42,262,45,04,31,332,32,08,32,185,42,16,64,355,46,1*65
1776370153.275,$GPGSV,3,2,12,26,35,025,33,27,52,147,46,28,16,067,28,31,30,043,35,1*67
1776370153.276,$GPGSV,3,3,12,32,17,133,40,40,36,259,42,41,64,233,48,42,70,217,47,1*63
1776370153.278,$GPGSV,2,1,08,03,42,262,44,04,31,332,39,08,32,185,42,26,35,025,38,6*68
1776370153.280,$GPGSV,2,2,08,27,52,147,45,28,16,067,24,31,30,043,35,32,17,133,36,6*63
1776370153.281,$GPGSV,1,1,04,01,02,222,,02,05,195,,09,02,323,,50,56,115,,0*60
1776370153.282,$GLGSV,2,1,06,68,24,153,46,69,76,146,50,70,47,335,48,73,27,269,44,1*79
1776370153.283,$GLGSV,2,2,06,79,11,027,33,80,40,336,49,1*72
1776370153.284,$GLGSV,2,1,06,68,24,153,45,69,76,146,47,70,47,335,46,73,27,269,41,3*75
1776370153.284,$GLGSV,2,2,06,79,11,027,33,80,40,336,42,3*7B
1776370153.285,$GLGSV,1,1,03,81,02,074,,82,09,117,,83,04,165,,0*4B
1776370153.286,$GAGSV,2,1,07,02,75,329,51,03,65,055,51,05,28,119,42,08,34,336,44,2*73
1776370153.287,$GAGSV,2,2,07,25,28,031,30,30,37,232,47,32,55,356,49,2*46
1776370153.289,$GAGSV,2,1,07,02,75,329,45,03,65,055,45,05,28,119,40,08,34,336,41,7*71
1776370153.290,$GAGSV,2,2,07,25,28,031,28,30,37,232,44,32,55,356,44,7*44
1776370153.290,$GAGSV,1,1,02,15,05,225,,34,07,178,,0*7C
1776370153.291,$GBGSV,2,1,08,06,31,181,42,07,54,160,42,08,38,191,41,09,43,341,40,1*73
1776370153.292,$GBGSV,2,2,08,10,49,174,43,13,46,206,45,14,60,304,37,24,46,329,39,1*74
1776370153.293,$GBGSV,2,1,07,07,54,160,47,08,38,191,46,09,43,341,42,10,49,174,46,3*78
1776370153.294,$GBGSV,2,2,07,13,46,206,45,14,60,304,37,16,41,013,45,3*47
1776370153.294,$GBGSV,3,1,10,01,37,105,,02,66,235,,03,70,144,,04,21,101,,0*71
1776370153.295,$GBGSV,3,2,10,04,21,101,,05,41,259,,11,02,199,,12,21,153,,0*7A
1776370153.295,$GBGSV,3,3,10,12,21,153,,21,33,157,,0*71
1776370153.296,$GNGLL,1339.09799,N,10029.53546,E,200913.00,A,D*76
1776370154.259,$GNRMC,200914.00,A,1339.09771,N,10029.53495,E,2.028,241.72,160426,0.53,W,D,V*47
1776370154.262,$GNVTG,241.72,T,242.25,M,2.028,N,3.756,K,D*36
1776370154.266,$GNGGA,200914.00,1339.09771,N,10029.53495,E,2,12,0.50,-0.3,M,-27.8,M,,0499*47
1776370154.268,$GNGSA,A,3,32,16,26,27,40,28,31,03,04,08,,,1.13,0.50,1.02,1*00
1776370154.269,$GNGSA,A,3,70,73,80,69,68,,,,,,,,1.13,0.50,1.02,2*0D
1776370154.271,$GNGSA,A,3,08,25,02,03,05,30,,,,,,,1.13,0.50,1.02,3*0E
1776370154.274,$GNGSA,A,3,09,24,08,06,07,10,14,16,13,,,,1.13,0.50,1.02,4*06
1776370154.276,$GPGSV,3,1,12,03,42,262,43,04,31,332,37,08,32,185,42,16,64,355,45,1*65
1776370154.278,$GPGSV,3,2,12,26,35,025,36,27,52,147,44,28,16,067,30,31,30,043,40,1*6B
1776370154.280,$GPGSV,3,3,12,32,17,133,39,40,36,259,43,41,64,233,49,42,70,217,46,1*6C
1776370154.281,$GPGSV,2,1,08,03,42,262,43,04,31,332,38,08,32,185,42,26,35,025,36,6*60
1776370154.283,$GPGSV,2,2,08,27,52,147,45,28,16,067,25,31,30,043,35,32,17,133,36,6*62
1776370154.284,$GPGSV,1,1,04,01,02,222,,02,05,195,,09,02,323,,50,56,115,,0*60
1776370154.285,$GLGSV,2,1,06,68,24,153,48,69,76,146,50,70,47,335,42,73,27,269,39,1*77
1776370154.286,$GLGSV,2,2,06,79,11,027,34,80,40,336,44,1*78
1776370154.287,$GLGSV,2,1,06,68,24,153,45,69,76,146,47,70,47,335,41,73,27,269,40,3*73
1776370154.289,$GLGSV,2,2,06,79,11,027,34,80,40,336,42,3*7C
1776370154.290,$GLGSV,1,1,03,81,02,074,,82,09,117,,83,04,165,,0*4B
1776370154.291,$GAGSV,2,1,07,02,75,329,47,03,65,055,50,05,28,119,41,08,34,336,41,2*73
1776370154.291,$GAGSV,2,2,07,25,28,031,37,30,37,232,49,32,55,356,48,2*4E
1776370154.292,$GAGSV,2,1,07,02,75,329,44,03,65,055,44,05,28,119,41,08,34,336,35,7*73
1776370154.293,$GAGSV,2,2,07,25,28,031,28,30,37,232,44,32,55,356,42,7*42
1776370154.294,$GAGSV,1,1,02,15,05,225,,34,07,178,,0*7C
1776370154.294,$GBGSV,2,1,08,06,31,181,43,07,54,160,42,08,38,191,42,09,43,341,38,1*7E
1776370154.295,$GBGSV,2,2,08,10,49,174,42,13,46,206,45,14,60,304,38,24,46,329,30,1*73
1776370154.296,$GBGSV,2,1,07,07,54,160,47,08,38,191,46,09,43,341,44,10,49,174,46,3*7E
1776370154.297,$GBGSV,2,2,07,13,46,206,45,14,60,304,45,16,41,013,45,3*42
1776370154.297,$GBGSV,3,1,10,01,37,105,,02,66,235,,03,70,144,,04,21,101,,0*71
1776370154.298,$GBGSV,3,2,10,04,21,101,,05,41,259,,11,02,199,,12,21,153,,0*7A
1776370154.298,$GBGSV,3,3,10,12,21,153,,21,33,157,,0*71
1776370154.299,$GNGLL,1339.09771,N,10029.53495,E,200914.00,A,D*78
1776370155.260,$GNRMC,200915.00,A,1339.09742,N,10029.53443,E,2.055,239.33,160426,0.53,W,D,V*4D
1776370155.262,$GNVTG,239.33,T,239.86,M,2.055,N,3.806,K,D*39
1776370155.264,$GNGGA,200915.00,1339.09742,N,10029.53443,E,2,12,0.49,-0.3,M,-27.8,M,,0499*45
1776370155.266,$GNGSA,A,3,32,16,26,27,40,28,31,03,04,08,,,1.06,0.49,0.94,1*02
1776370155.268,$GNGSA,A,3,79,70,73,80,69,68,,,,,,,1.06,0.49,0.94,2*01
1776370155.269,$GNGSA,A,3,08,25,02,03,05,30,,,,,,,1.06,0.49,0.94,3*0C
1776370155.272,$GNGSA,A,3,09,08,06,07,10,14,16,13,,,,,1.06,0.49,0.94,4*02
1776370155.274,$GPGSV,3,1,12,03,42,262,42,04,31,332,33,08,32,185,41,16,64,355,43,1*65
1776370155.278,$GPGSV,3,2,12,26,35,025,42,27,52,147,45,28,16,067,35,31,30,043,40,1*6C
1776370155.283,$GPGSV,3,3,12,32,17,133,39,40,36,259,41,41,64,233,48,42,70,217,47,1*6E
1776370155.286,$GPGSV,2,1,08,03,42,262,42,04,31,332,38,08,32,185,45,26,35,025,35,6*65
1776370155.289,$GPGSV,2,2,08,27,52,147,45,28,16,067,27,31,30,043,37,32,17,133,36,6*62
1776370155.291,$GPGSV,1,1,04,01,02,221,,02,05,195,,09,02,323,,50,56,115,,0*63
1776370155.292,$GLGSV,2,1,06,68,24,153,45,69,76,146,50,70,47,335,39,73,27,269,40,1*78
1776370155.293,$GLGSV,2,2,06,79,11,027,37,80,40,336,36,1*7E
1776370155.295,$GLGSV,2,1,06,68,24,153,43,69,76,146,47,70,47,335,37,73,27,269,38,3*7B
1776370155.295,$GLGSV,2,2,06,79,11,027,34,80,40,336,39,3*70
1776370155.296,$GLGSV,1,1,03,81,02,074,,82,09,117,,83,04,165,,0*4B
1776370155.298,$GAGSV,2,1,07,02,75,329,47,03,65,055,50,05,28,119,45,08,34,336,36,2*77
1776370155.299,$GAGSV,2,2,07,25,28,031,32,30,37,232,48,32,55,356,46,2*44
1776370155.299,$GAGSV,2,1,07,02,75,329,43,03,65,055,45,05,28,119,40,08,34,336,32,7*73
1776370155.300,$GAGSV,2,2,07,25,28,031,36,30,37,232,45,32,55,356,45,7*4B
1776370155.301,$GAGSV,1,1,02,15,05,225,,34,07,178,,0*7C
1776370155.301,$GBGSV,2,1,08,06,31,181,44,07,54,160,43,08,38,191,41,09,43,341,34,1*77
1776370155.302,$GBGSV,2,2,08,10,49,174,42,13,46,206,45,14,60,304,45,24,46,329,35,1*7C
1776370155.303,$GBGSV,2,1,07,07,54,160,47,08,38,191,44,09,43,341,33,10,49,174,46,3*7C
1776370155.303,$GBGSV,2,2,07,13,46,206,46,14,60,304,51,16,41,013,46,3*47
1776370155.304,$GBGSV,3,1,10,01,37,105,,02,66,235,,03,70,144,,04,21,101,,0*71
1776370155.305,$GBGSV,3,2,10,04,21,101,,05,41,259,,11,02,199,,12,21,153,,0*7A
1776370155.305,$GBGSV,3,3,10,12,21,153,,21,33,157,,0*71
1776370155.306,$GNGLL,1339.09742,N,10029.53443,E,200915.00,A,D*72
1776370156.252,$GNRMC,200916.00,A,1339.09712,N,10029.53394,E,2.006,235.59,160426,0.53,W,D,V*40
1776370156.253,$GNVTG,235.59,T,236.12,M,2.006,N,3.714,K,D*31
1776370156.254,$GNGGA,200916.00,1339.09712,N,10029.53394,E,2,12,0.49,-0.4,M,-27.8,M,,0499*49
1776370156.257,$GNGSA,A,3,32,16,26,27,40,28,31,03,04,08,,,1.06,0.49,0.94,1*02
1776370156.258,$GNGSA,A,3,79,70,73,80,69,68,,,,,,,1.06,0.49,0.94,2*01
1776370156.260,$GNGSA,A,3,08,25,02,03,05,30,,,,,,,1.06,0.49,0.94,3*0C
1776370156.261,$GNGSA,A,3,09,08,06,07,10,14,16,13,,,,,1.06,0.49,0.94,4*02
1776370156.262,$GPGSV,3,1,12,03,42,262,40,04,31,332,33,08,32,185,42,16,64,355,34,1*64
1776370156.263,$GPGSV,3,2,12,26,35,025,42,27,52,147,44,28,16,067,35,31,30,043,43,1*6E
1776370156.265,$GPGSV,3,3,12,32,17,133,39,40,36,259,36,41,64,233,46,42,70,217,46,1*61
1776370156.266,$GPGSV,2,1,08,03,42,262,40,04,31,332,35,08,32,185,44,26,35,025,35,6*6B
1776370156.269,$GPGSV,2,2,08,27,52,147,45,28,16,067,29,31,30,043,37,32,17,133,36,6*6C
1776370156.270,$GPGSV,1,1,04,01,02,221,,02,05,194,,09,02,323,,50,56,115,,0*62
1776370156.271,$GLGSV,2,1,06,68,24,153,45,69,76,146,50,70,47,335,34,73,27,269,33,1*71
1776370156.273,$GLGSV,2,2,06,79,11,027,37,80,40,336,40,1*7F
1776370156.274,$GLGSV,2,1,06,68,24,153,45,69,76,146,48,70,47,335,42,73,27,269,35,3*7D
1776370156.276,$GLGSV,2,2,06,79,11,027,36,80,40,336,36,3*7D
1776370156.277,$GLGSV,1,1,03,81,02,074,,82,09,117,,83,04,165,,0*4B
1776370156.279,$GAGSV,2,1,07,02,75,329,51,03,65,055,50,05,28,119,43,08,34,336,33,2*73
1776370156.281,$GAGSV,2,2,07,25,28,031,36,30,37,232,48,32,55,356,43,2*45
1776370156.283,$GAGSV,2,1,07,02,75,329,48,03,65,055,43,05,28,119,42,08,34,336,34,7*7A
1776370156.284,$GAGSV,2,2,07,25,28,031,29,30,37,232,45,32,55,356,40,7*40
1776370156.285,$GAGSV,1,1,02,15,05,225,,34,07,178,,0*7C
1776370156.286,$GBGSV,2,1,08,06,31,181,43,07,54,160,42,08,38,191,41,09,43,341,31,1*74
1776370156.287,$GBGSV,2,2,08,10,49,174,42,13,46,206,46,14,60,304,46,24,46,329,39,1*70
1776370156.288,$GBGSV,2,1,07,07,54,160,48,08,38,191,43,09,43,341,37,10,49,174,46,3*70
1776370156.289,$GBGSV,2,2,07,13,46,206,44,14,60,304,50,16,41,013,45,3*47
1776370156.290,$GBGSV,3,1,10,01,37,105,,02,66,235,,03,70,144,,04,21,101,,0*71
1776370156.291,$GBGSV,3,2,10,04,21,101,,05,41,259,,11,02,199,,12,21,153,,0*7A
1776370156.292,$GBGSV,3,3,10,12,21,153,,21,33,157,,0*71
1776370156.293,$GNGLL,1339.09712,N,10029.53394,E,200916.00,A,D*79
1776370157.264,$GNRMC,200917.00,A,1339.09679,N,10029.53345,E,2.066,236.59,160426,0.53,W,D,V*44
1776370157.267,$GNVTG,236.59,T,237.12,M,2.066,N,3.825,K,D*38
1776370157.270,$GNGGA,200917.00,1339.09679,N,10029.53345,E,2,12,0.49,-0.4,M,-27.8,M,,0499*48
1776370157.271,$GNGSA,A,3,32,16,26,27,40,28,31,03,04,08,,,1.06,0.49,0.94,1*02
1776370157.272,$GNGSA,A,3,79,70,73,80,69,68,,,,,,,1.06,0.49,0.94,2*01
1776370157.273,$GNGSA,A,3,08,25,02,03,05,30,,,,,,,1.06,0.49,0.94,3*0C
1776370157.275,$GNGSA,A,3,09,08,06,07,10,14,16,13,,,,,1.06,0.49,0.94,4*02
1776370157.277,$GPGSV,3,1,12,03,41,261,43,04,31,332,37,08,32,185,43,16,64,355,39,1*6F
1776370157.279,$GPGSV,3,2,12,26,35,025,42,27,52,147,46,28,16,067,35,31,30,043,41,1*6E
1776370157.280,$GPGSV,3,3,12,32,17,133,39,40,36,259,36,41,64,233,48,42,70,217,45,1*6C
1776370157.281,$GPGSV,2,1,08,03,41,261,40,04,31,332,29,08,32,185,43,26,35,025,41,6*62
1776370157.282,$GPGSV,2,2,08,27,52,147,45,28,16,067,32,31,30,043,38,32,17,133,36,6*69
1776370157.282,$GPGSV,1,1,04,01,02,221,,02,05,194,,09,02,323,,50,56,115,,0*62
1776370157.284,$GLGSV,2,1,06,68,24,153,46,69,76,146,51,70,47,335,35,73,27,269,39,1*78
1776370157.284,$GLGSV,2,2,06,79,11,027,40,80,40,336,42,1*7D
1776370157.285,$GLGSV,2,1,06,68,24,153,44,69,76,146,48,70,47,335,41,73,27,269,37,3*7D
1776370157.286,$GLGSV,2,2,06,79,11,027,27,80,40,336,36,3*7D
1776370157.286,$GLGSV,1,1,03,81,02,074,,82,09,117,,83,04,165,,0*4B
1776370157.287,$GAGSV,2,1,07,02,75,329,50,03,65,055,50,05,28,119,44,08,34,336,43,2*72
1776370157.288,$GAGSV,2,2,07,25,28,031,31,30,37,232,49,32,55,356,38,2*4F
1776370157.288,$GAGSV,2,1,07,02,75,329,46,03,65,055,44,05,28,119,40,08,34,336,34,7*71
1776370157.289,$GAGSV,2,2,07,25,28,031,29,30,37,232,43,32,55,356,40,7*46
1776370157.290,$GAGSV,1,1,02,15,05,225,,34,07,178,,0*7C
1776370157.291,$GBGSV,2,1,08,06,31,181,42,07,54,160,43,08,38,191,40,09,43,341,31,1*75
1776370157.292,$GBGSV,2,2,08,10,49,174,42,13,46,206,46,14,60,304,45,24,46,329,35,1*7F
1776370157.293,$GBGSV,2,1,07,07,54,160,47,08,38,191,43,09,43,341,41,10,49,174,45,3*7D
1776370157.294,$GBGSV,2,2,07,13,46,206,45,14,60,304,50,16,41,013,41,3*42
1776370157.295,$GBGSV,3,1,10,01,37,105,,02,66,235,,03,70,144,,04,21,101,,0*71
1776370157.296,$GBGSV,3,2,10,04,21,101,,05,41,259,,11,02,199,,12,21,153,,0*7A
1776370157.296,$GBGSV,3,3,10,12,21,153,,21,33,157,,0*71
1776370157.297,$GNGLL,1339.09679,N,10029.53345,E,200917.00,A,D*78
1776370158.255,$GNRMC,200918.00,A,1339.09647,N,10029.53294,E,2.107,237.37,160426,0.53,W,D,V*44
1776370158.258,$GNVTG,237.37,T,237.90,M,2.107,N,3.902,K,D*39
1776370158.261,$GNGGA,200918.00,1339.09647,N,10029.53294,E,2,12,0.50,-0.4,M,-27.8,M,,0499*4F
1776370158.263,$GNGSA,A,3,32,16,26,27,40,28,31,03,04,08,,,1.13,0.50,1.02,1*00
1776370158.265,$GNGSA,A,3,70,73,80,69,68,,,,,,,,1.13,0.50,1.02,2*0D
1776370158.266,$GNGSA,A,3,08,25,02,03,05,30,,,,,,,1.13,0.50,1.02,3*0E
1776370158.269,$GNGSA,A,3,09,24,08,06,07,10,14,16,13,,,,1.13,0.50,1.02,4*06
1776370158.272,$GPGSV,3,1,12,03,41,261,36,04,32,332,34,08,32,185,44,16,64,355,45,1*61
1776370158.275,$GPGSV,3,2,12,26,35,025,36,27,52,147,46,28,16,067,34,31,30,043,41,1*6C
1776370158.278,$GPGSV,3,3,12,32,17,133,40,40,36,259,40,41,64,233,48,42,70,217,46,1*60
1776370158.280,$GPGSV,2,1,08,03,41,261,35,04,32,332,37,08,32,185,41,26,35,025,35,6*6D
1776370158.283,$GPGSV,2,2,08,27,52,147,45,28,16,067,35,31,30,043,40,32,17,133,36,6*61
1776370158.285,$GPGSV,1,1,04,01,02,221,,02,05,194,,09,02,323,,50,56,115,,0*62
1776370158.286,$GLGSV,2,1,06,68,24,153,46,69,76,146,52,70,47,335,46,73,27,269,39,1*7F
1776370158.287,$GLGSV,2,2,06,79,11,027,34,80,40,336,45,1*79
1776370158.288,$GLGSV,2,1,06,68,24,153,43,69,76,146,47,70,47,335,43,73,27,269,39,3*79
1776370158.289,$GLGSV,2,2,06,79,11,027,32,80,40,336,38,3*77
1776370158.290,$GLGSV,1,1,03,81,02,074,,82,09,117,,83,04,165,,0*4B
1776370158.291,$GAGSV,2,1,07,02,75,329,50,03,65,055,51,05,28,119,45,08,34,336,42,2*73
1776370158.292,$GAGSV,2,2,07,25,28,031,31,30,37,232,48,32,55,356,41,2*40
1776370158.293,$GAGSV,2,1,07,02,75,329,46,03,65,055,44,05,28,119,40,08,34,336,37,7*72
1776370158.294,$GAGSV,2,2,07,25,28,031,28,30,37,232,43,32,55,356,43,7*44
1776370158.295,$GAGSV,1,1,02,15,05,225,,34,07,178,,0*7C
1776370158.295,$GBGSV,2,1,08,06,31,181,43,07,54,160,43,08,38,191,41,09,43,341,35,1*71
1776370158.296,$GBGSV,2,2,08,10,49,174,43,13,46,206,45,14,60,304,48,24,46,329,45,1*77
1776370158.297,$GBGSV,2,1,06,07,54,160,47,08,38,191,44,10,49,174,46,13,46,206,44,3*71
1776370158.297,$GBGSV,2,2,06,14,60,304,52,16,41,013,39,3*7B
1776370158.298,$GBGSV,3,1,10,01,37,105,,02,66,235,,03,70,144,,04,21,101,,0*71
1776370158.299,$GBGSV,3,2,10,04,21,101,,05,41,259,,11,02,199,,12,21,153,,0*7A
1776370158.299,$GBGSV,3,3,10,12,21,153,,21,33,157,,0*71
1776370158.300,$GNGLL,1339.09647,N,10029.53294,E,200918.00,A,D*77
1776370159.260,$GNRMC,200919.00,A,1339.09612,N,10029.53243,E,2.161,232.73,160426,0.53,W,D,V*4A
1776370159.263,$GNVTG,232.73,T,233.26,M,2.161,N,4.001,K,D*38
1776370159.267,$GNGGA,200919.00,1339.09612,N,10029.53243,E,2,12,0.50,-0.5,M,-27.8,M,,0499*45
1776370159.270,$GNGSA,A,3,32,16,26,27,40,28,31,03,04,08,,,1.07,0.50,0.94,1*0B
1776370159.271,$GNGSA,A,3,79,70,73,80,69,68,,,,,,,1.07,0.50,0.94,2*08
1776370159.273,$GNGSA,A,3,08,02,03,05,30,,,,,,,,1.07,0.50,0.94,3*02
1776370159.274,$GNGSA,A,3,09,24,08,06,07,10,14,16,13,,,,1.07,0.50,0.94,4*0D
1776370159.276,$GPGSV,3,1,12,03,41,261,44,04,32,332,39,08,32,185,44,16,64,355,42,1*6E
1776370159.277,$GPGSV,3,2,12,26,35,025,39,27,52,147,45,28,16,067,33,31,30,043,41,1*67
1776370159.278,$GPGSV,3,3,12,32,17,133,38,40,36,259,38,41,64,233,47,42,70,217,47,1*6E
1776370159.280,$GPGSV,2,1,08,03,41,261,39,04,32,332,38,08,32,185,43,26,35,025,32,6*6B
1776370159.281,$GPGSV,2,2,08,27,52,147,46,28,16,067,37,31,30,043,39,32,17,133,35,6*6D
1776370159.282,$GPGSV,1,1,04,01,02,221,,02,05,194,,09,02,323,,50,56,115,,0*62
1776370159.282,$GLGSV,2,1,06,68,24,153,45,69,76,146,50,70,47,335,46,73,27,269,39,1*7E
1776370159.283,$GLGSV,2,2,06,79,11,027,42,80,40,336,46,1*7B
1776370159.284,$GLGSV,2,1,06,68,24,153,43,69,76,146,47,70,47,335,47,73,27,269,37,3*73
1776370159.284,$GLGSV,2,2,06,79,11,027,33,80,40,336,46,3*7F
1776370159.285,$GLGSV,1,1,03,81,02,074,,82,09,117,,83,04,165,,0*4B
1776370159.286,$GAGSV,2,1,07,02,75,329,50,03,65,055,51,05,28,119,44,08,34,336,43,2*73
1776370159.286,$GAGSV,2,2,07,25,28,031,31,30,37,232,48,32,55,356,48,2*49
1776370159.287,$GAGSV,2,1,07,02,75,329,46,03,65,055,45,05,28,119,40,08,34,336,37,7*73
1776370159.288,$GAGSV,2,2,07,25,28,031,32,30,37,232,44,32,55,356,42,7*49
1776370159.288,$GAGSV,1,1,02,15,05,225,,34,07,178,,0*7C
1776370159.289,$GBGSV,2,1,08,06,31,181,42,07,54,160,42,08,38,191,39,09,43,341,39,1*72
1776370159.289,$GBGSV,2,2,08,10,49,174,42,13,46,206,46,14,60,304,47,24,46,329,48,1*77
1776370159.290,$GBGSV,2,1,07,07,54,160,47,08,38,191,46,09,43,341,43,10,49,174,46,3*79
1776370159.291,$GBGSV,2,2,07,13,46,206,44,14,60,304,51,16,41,013,34,3*40
1776370159.292,$GBGSV,3,1,10,01,37,105,,02,66,235,,03,70,144,,04,21,101,,0*71
1776370159.293,$GBGSV,3,2,10,04,21,101,,05,41,259,,11,02,199,,12,21,153,,0*7A
1776370159.293,$GBGSV,3,3,10,12,21,153,,21,33,157,,0*71
1776370159.294,$GNGLL,1339.09612,N,10029.53243,E,200919.00,A,D*7C
1776370160.283,$GNRMC,200920.00,A,1339.09574,N,10029.53194,E,2.164,231.85,160426,0.53,W,D,V*45
1776370160.286,$GNVTG,231.85,T,232.38,M,2.164,N,4.008,K,D*30
1776370160.288,$GNGGA,200920.00,1339.09574,N,10029.53194,E,2,12,0.51,-0.5,M,-27.8,M,,0499*44
1776370160.290,$GNGSA,A,3,32,16,26,27,40,28,31,03,04,08,,,1.14,0.51,1.02,1*06
1776370160.291,$GNGSA,A,3,70,73,80,69,68,,,,,,,,1.14,0.51,1.02,2*0B
1776370160.293,$GNGSA,A,3,08,25,02,03,05,30,,,,,,,1.14,0.51,1.02,3*08
1776370160.294,$GNGSA,A,3,09,24,08,06,07,10,14,16,13,,,,1.14,0.51,1.02,4*00
1776370160.295,$GPGSV,3,1,12,03,41,261,38,04,32,332,41,08,32,185,43,16,64,355,44,1*6B
1776370160.296,$GPGSV,3,2,12,26,35,025,39,27,52,147,45,28,16,067,36,31,30,043,44,1*67
1776370160.297,$GPGSV,3,3,12,32,17,133,41,40,36,259,32,41,64,233,47,42,70,217,47,1*6A
1776370160.299,$GPGSV,2,1,08,03,41,261,38,04,32,332,39,08,32,185,40,26,35,025,30,6*6A
1776370160.300,$GPGSV,2,2,08,27,52,147,45,28,16,067,39,31,30,043,39,32,17,133,34,6*61
1776370160.300,$GPGSV,1,1,04,01,02,221,,02,05,194,,09,02,323,,50,56,115,,0*62
1776370160.301,$GLGSV,2,1,06,68,24,153,42,69,76,146,50,70,47,335,50,73,27,269,45,1*75
1776370160.302,$GLGSV,2,2,06,79,11,027,40,80,40,336,48,1*77
1776370160.303,$GLGSV,2,1,06,68,24,153,44,69,76,146,47,70,47,335,49,73,27,269,32,3*7F
1776370160.303,$GLGSV,2,2,06,79,11,027,35,80,40,336,45,3*7A
1776370160.304,$GLGSV,1,1,03,81,02,074,,82,09,117,,83,04,165,,0*4B
1776370160.305,$GAGSV,2,1,07,02,75,329,49,03,65,055,50,05,28,119,44,08,34,336,46,2*7F
1776370160.305,$GAGSV,2,2,07,25,28,031,28,30,37,232,48,32,55,356,48,2*41
1776370160.306,$GAGSV,2,1,07,02,75,329,45,03,65,055,45,05,28,119,42,08,34,336,40,7*72
1776370160.307,$GAGSV,2,2,07,25,28,031,28,30,37,232,45,32,55,356,44,7*45
1776370160.307,$GAGSV,1,1,02,15,05,225,,34,07,178,,0*7C
1776370160.308,$GBGSV,2,1,08,06,31,181,44,07,54,160,43,08,38,191,42,09,43,341,40,1*77
1776370160.309,$GBGSV,2,2,08,10,49,174,43,13,46,206,46,14,60,304,46,24,46,329,46,1*79
1776370160.310,$GBGSV,2,1,07,07,54,160,49,08,38,191,47,09,43,341,45,10,49,174,46,3*70
1776370160.310,$GBGSV,2,2,07,13,46,206,45,14,60,304,51,16,41,013,34,3*41
1776370160.311,$GBGSV,3,1,10,01,37,105,,02,66,235,,03,70,144,,04,21,101,,0*71
1776370160.312,$GBGSV,3,2,10,04,21,101,,05,41,259,,11,02,199,,12,21,153,,0*7A
1776370160.312,$GBGSV,3,3,10,12,21,153,,21,33,157,,0*71
1776370160.312,$GNGLL,1339.09574,N,10029.53194,E,200920.00,A,D*7C
1776370161.257,$GNRMC,200921.00,A,1339.09538,N,10029.53146,E,2.093,232.22,160426,0.53,W,D,V*44
1776370161.260,$GNVTG,232.22,T,232.75,M,2.093,N,3.876,K,D*38
1776370161.264,$GNGGA,200921.00,1339.09538,N,10029.53146,E,2,12,0.50,-0.5,M,-27.8,M,,0499*43
1776370161.267,$GNGSA,A,3,32,16,26,27,40,28,31,03,04,08,,,1.07,0.50,0.94,1*0B
1776370161.270,$GNGSA,A,3,79,70,73,80,69,68,,,,,,,1.07,0.50,0.94,2*08
1776370161.272,$GNGSA,A,3,08,02,03,05,30,,,,,,,,1.07,0.50,0.94,3*02
1776370161.274,$GNGSA,A,3,09,24,08,06,07,10,14,16,13,,,,1.07,0.50,0.94,4*0D
1776370161.276,$GPGSV,3,1,12,03,41,261,40,04,32,332,39,08,32,185,38,16,64,355,46,1*65
1776370161.279,$GPGSV,3,2,12,26,35,025,28,27,52,147,45,28,16,067,37,31,30,043,41,1*63
1776370161.281,$GPGSV,3,3,12,32,17,133,38,40,36,259,38,41,64,233,47,42,70,217,47,1*6E
1776370161.283,$GPGSV,2,1,08,03,41,261,35,04,32,332,40,08,32,185,42,26,35,025,34,6*6F
1776370161.285,$GPGSV,2,2,08,27,52,147,45,28,16,067,39,31,30,043,37,32,17,133,37,6*6C
1776370161.286,$GPGSV,1,1,04,01,02,221,,02,05,194,,09,02,323,,50,56,115,,0*62
1776370161.287,$GLGSV,2,1,06,68,24,153,44,69,76,146,51,70,47,335,49,73,27,269,36,1*7E
1776370161.288,$GLGSV,2,2,06,79,11,027,38,80,40,336,51,1*70
1776370161.289,$GLGSV,2,1,06,68,24,153,44,69,76,146,47,70,47,335,49,73,27,269,38,3*75
1776370161.290,$GLGSV,2,2,06,79,11,027,35,80,40,336,47,3*78
1776370161.290,$GLGSV,1,1,03,81,02,074,,82,09,117,,83,04,165,,0*4B
1776370161.292,$GAGSV,2,1,07,02,75,329,50,03,65,055,50,05,28,119,44,08,34,336,46,2*77
1776370161.294,$GAGSV,2,2,07,25,28,031,38,30,37,232,47,32,55,356,50,2*46
1776370161.295,$GAGSV,2,1,07,02,75,329,45,03,65,055,45,05,28,119,41,08,34,336,42,7*73
1776370161.296,$GAGSV,2,2,07,25,28,031,28,30,37,232,44,32,55,356,46,7*46
1776370161.297,$GAGSV,1,1,02,15,05,225,,34,07,178,,0*7C
1776370161.298,$GBGSV,2,1,08,06,31,181,42,07,54,160,42,08,38,191,41,09,43,341,41,1*72
1776370161.299,$GBGSV,2,2,08,10,49,174,42,13,46,206,45,14,60,304,45,24,46,329,46,1*78
1776370161.300,$GBGSV,2,1,07,07,54,160,48,08,38,191,46,09,43,341,45,10,49,174,45,3*73
1776370161.301,$GBGSV,2,2,07,13,46,206,46,14,60,304,51,16,41,013,37,3*41
1776370161.301,$GBGSV,3,1,10,01,37,105,,02,66,235,,03,70,144,,04,21,101,,0*71
1776370161.302,$GBGSV,3,2,10,04,21,101,,05,41,259,,11,02,199,,12,21,153,,0*7A
1776370161.302,$GBGSV,3,3,10,12,21,153,,21,33,157,,0*71
1776370161.303,$GNGLL,1339.09538,N,10029.53146,E,200921.00,A,D*7A
1776370162.259,$GNRMC,200922.00,A,1339.09500,N,10029.53095,E,2.274,232.44,160426,0.53,W,D,V*48
1776370162.262,$GNVTG,232.44,T,232.97,M,2.274,N,4.211,K,D*33
1776370162.266,$GNGGA,200922.00,1339.09500,N,10029.53095,E,2,12,0.49,-0.5,M,-27.8,M,,0499*4C
1776370162.269,$GNGSA,A,3,32,16,27,40,28,31,03,04,08,,,,1.06,0.49,0.94,1*06
1776370162.272,$GNGSA,A,3,79,70,73,80,69,68,,,,,,,1.06,0.49,0.94,2*01
1776370162.274,$GNGSA,A,3,25,08,02,03,05,30,,,,,,,1.06,0.49,0.94,3*0C
1776370162.276,$GNGSA,A,3,09,24,08,06,07,10,14,16,13,,,,1.06,0.49,0.94,4*04
1776370162.278,$GPGSV,3,1,12,03,41,261,40,04,32,332,39,08,33,185,42,16,64,355,45,1*6A
1776370162.280,$GPGSV,3,2,12,26,35,025,31,27,52,147,45,28,16,067,38,31,30,043,41,1*64
1776370162.283,$GPGSV,3,3,12,32,17,133,37,40,36,259,35,41,64,233,47,42,70,217,45,1*6E
1776370162.286,$GPGSV,2,1,08,03,41,261,40,04,32,332,38,08,33,185,39,26,35,025,31,6*6A
1776370162.287,$GPGSV,2,2,08,27,52,147,45,28,16,067,39,31,30,043,37,32,17,133,31,6*6A
1776370162.289,$GPGSV,1,1,04,01,02,221,,02,05,194,,09,02,323,,50,56,115,,0*62
1776370162.290,$GLGSV,2,1,06,68,24,153,42,69,76,146,50,70,47,335,51,73,27,269,40,1*71
1776370162.291,$GLGSV,2,2,06,79,11,027,35,80,40,336,50,1*7C
1776370162.292,$GLGSV,2,1,06,68,24,153,44,69,76,146,46,70,47,335,49,73,27,269,33,3*7F
1776370162.293,$GLGSV,2,2,06,79,11,027,31,80,40,336,47,3*7C
1776370162.295,$GLGSV,1,1,03,81,02,074,,82,09,117,,83,04,165,,0*4B
1776370162.297,$GAGSV,2,1,07,02,75,329,50,03,65,055,50,05,28,119,44,08,34,336,45,2*74
1776370162.298,$GAGSV,2,2,07,25,28,031,33,30,37,232,47,32,55,356,51,2*4C
1776370162.299,$GAGSV,2,1,07,02,75,329,45,03,65,055,44,05,28,119,43,08,34,336,41,7*73
1776370162.301,$GAGSV,2,2,07,25,28,031,33,30,37,232,44,32,55,356,45,7*4F
1776370162.301,$GAGSV,1,1,02,15,05,225,,34,07,178,,0*7C
1776370162.303,$GBGSV,2,1,08,06,31,181,43,07,54,160,42,08,38,191,39,09,43,341,38,1*72
1776370162.304,$GBGSV,2,2,08,10,49,174,43,13,46,206,45,14,60,304,42,24,46,329,43,1*7B
1776370162.305,$GBGSV,2,1,07,07,54,160,49,08,38,191,44,09,43,341,46,10,49,174,45,3*73
1776370162.306,$GBGSV,2,2,07,13,46,206,45,14,60,304,49,16,41,013,37,3*4B
1776370162.306,$GBGSV,3,1,10,01,37,105,,02,66,235,,03,70,144,,04,21,101,,0*71
1776370162.307,$GBGSV,3,2,10,04,21,101,,05,41,259,,11,02,199,,12,21,153,,0*7A
1776370162.307,$GBGSV,3,3,10,12,21,153,,21,33,157,,0*71
1776370162.308,$GNGLL,1339.09500,N,10029.53095,E,200922.00,A,D*7D
1776370163.261,$GNRMC,200923.00,A,1339.09459,N,10029.53044,E,2.286,229.80,160426,0.53,W,D,V*47
1776370163.264,$GNVTG,229.80,T,230.33,M,2.286,N,4.233,K,D*30
1776370163.266,$GNGGA,200923.00,1339.09459,N,10029.53044,E,2,12,0.51,-0.5,M,-27.8,M,,0499*45
1776370163.268,$GNGSA,A,3,32,16,27,26,28,31,03,04,08,,,,1.07,0.51,0.95,1*0F
1776370163.270,$GNGSA,A,3,79,70,73,80,69,68,,,,,,,1.07,0.51,0.95,2*08
1776370163.271,$GNGSA,A,3,25,08,02,03,05,30,,,,,,,1.07,0.51,0.95,3*05
1776370163.273,$GNGSA,A,3,09,24,08,06,07,10,14,16,13,,,,1.07,0.51,0.95,4*0D
1776370163.276,$GPGSV,3,1,11,03,41,261,36,04,32,332,40,08,33,185,40,16,64,355,45,1*64
1776370163.281,$GPGSV,3,2,11,26,35,025,32,27,52,147,45,28,16,067,40,31,30,043,41,1*6B
1776370163.283,$GPGSV,3,3,11,32,17,133,38,41,64,233,47,42,70,217,47,1*59
1776370163.285,$GPGSV,2,1,08,03,41,261,32,04,32,332,32,08,33,185,41,26,35,025,31,6*6A
1776370163.287,$GPGSV,2,2,08,27,52,147,45,28,16,067,41,31,30,043,35,32,17,133,35,6*63
1776370163.290,$GPGSV,2,1,05,01,02,221,,02,05,194,,09,03,323,,40,36,259,,0*6D
1776370163.291,$GPGSV,2,2,05,40,36,259,,0*5F
1776370163.292,$GLGSV,2,1,06,68,24,153,43,69,76,146,50,70,47,335,48,73,27,269,39,1*76
1776370163.293,$GLGSV,2,2,06,79,11,027,39,80,40,336,46,1*77
1776370163.295,$GLGSV,2,1,06,68,24,153,44,69,76,146,48,70,47,335,46,73,27,269,28,3*74
1776370163.296,$GLGSV,2,2,06,79,11,027,32,80,40,336,47,3*7F
1776370163.297,$GLGSV,1,1,03,81,02,074,,82,09,117,,83,04,165,,0*4B
1776370163.298,$GAGSV,2,1,07,02,75,329,49,03,65,055,50,05,28,119,44,08,34,336,42,2*7B
1776370163.299,$GAGSV,2,2,07,25,28,031,33,30,37,233,48,32,55,356,51,2*42
1776370163.300,$GAGSV,2,1,07,02,75,329,46,03,65,055,44,05,28,119,43,08,34,336,43,7*72
1776370163.301,$GAGSV,2,2,07,25,28,031,28,30,37,233,44,32,55,356,45,7*44
1776370163.302,$GAGSV,1,1,02,15,05,225,,34,07,178,,0*7C
1776370163.303,$GBGSV,2,1,08,06,31,181,44,07,54,160,43,08,38,191,39,09,43,341,40,1*7B
1776370163.303,$GBGSV,2,2,08,10,49,174,41,13,46,206,44,14,60,304,42,24,46,329,45,1*7E
1776370163.304,$GBGSV,2,1,07,07,54,160,48,08,38,191,42,09,43,341,46,10,49,174,45,3*74
1776370163.305,$GBGSV,2,2,07,13,46,206,45,14,60,304,48,16,41,013,44,3*4E
1776370163.306,$GBGSV,3,1,10,01,37,105,,02,66,235,,03,70,144,,04,21,101,,0*71
1776370163.306,$GBGSV,3,2,10,04,21,101,,05,41,259,,11,02,199,,12,21,153,,0*7A
1776370163.307,$GBGSV,3,3,10,12,21,153,,21,33,157,,0*71
1776370163.307,$GNGLL,1339.09459,N,10029.53044,E,200923.00,A,D*7D
1776370164.259,$GNRMC,200924.00,A,1339.09417,N,10029.52995,E,2.273,228.13,160426,0.53,W,D,V*4F
1776370164.262,$GNVTG,228.13,T,228.66,M,2.273,N,4.209,K,D*31
1776370164.265,$GNGGA,200924.00,1339.09417,N,10029.52995,E,2,12,0.51,-0.5,M,-27.8,M,,0499*4C
1776370164.268,$GNGSA,A,3,32,16,27,26,28,31,03,04,08,,,,1.07,0.51,0.94,1*0E
1776370164.269,$GNGSA,A,3,79,70,73,80,69,68,,,,,,,1.07,0.51,0.94,2*09
1776370164.271,$GNGSA,A,3,25,08,02,03,05,30,,,,,,,1.07,0.51,0.94,3*04
1776370164.272,$GNGSA,A,3,09,24,08,06,07,10,14,16,13,,,,1.07,0.51,0.94,4*0C
1776370164.273,$GPGSV,3,1,12,03,41,261,39,04,32,332,42,08,33,185,43,16,64,355,41,1*6D
1776370164.274,$GPGSV,3,2,12,26,35,025,39,27,52,147,45,28,16,067,41,31,30,043,41,1*62
1776370164.275,$GPGSV,3,3,12,32,17,133,34,41,64,233,48,42,70,217,47,50,56,115,42,1*6C
1776370164.276,$GPGSV,2,1,08,03,41,261,36,04,32,332,38,08,33,185,43,26,35,025,39,6*6E
1776370164.277,$GPGSV,2,2,08,27,52,147,45,28,16,067,40,31,30,043,38,32,17,133,34,6*6E
1776370164.278,$GPGSV,1,1,04,01,02,221,,02,05,194,,09,03,323,,40,36,259,,0*6F
1776370164.280,$GLGSV,2,1,06,68,24,153,45,69,76,146,50,70,47,335,41,73,27,269,45,1*72
1776370164.281,$GLGSV,2,2,06,79,11,027,38,80,40,336,41,1*71
1776370164.282,$GLGSV,2,1,06,68,24,153,44,69,76,146,48,70,47,335,43,73,27,269,34,3*7C
1776370164.284,$GLGSV,2,2,06,79,11,027,27,80,40,336,39,3*72
1776370164.285,$GLGSV,1,1,03,81,02,074,,82,09,117,,83,04,165,,0*4B
1776370164.286,$GAGSV,2,1,07,02,75,329,50,03,65,055,51,05,28,119,43,08,34,336,43,2*74
1776370164.287,$GAGSV,2,2,07,25,28,031,29,30,37,233,47,32,55,356,50,2*47
1776370164.287,$GAGSV,2,1,07,02,75,329,46,03,65,055,43,05,28,119,40,08,34,336,38,7*7A
1776370164.288,$GAGSV,2,2,07,25,28,031,29,30,37,233,45,32,55,356,42,7*43
1776370164.288,$GAGSV,1,1,02,15,05,225,,34,07,178,,0*7C
1776370164.289,$GBGSV,2,1,08,06,31,181,43,07,54,160,43,08,38,191,39,09,43,341,36,1*7D
1776370164.290,$GBGSV,2,2,08,10,49,174,41,13,46,206,44,14,60,304,40,24,46,329,39,1*77
1776370164.290,$GBGSV,2,1,07,07,54,160,48,08,38,191,43,09,43,341,46,10,49,174,46,3*76
1776370164.291,$GBGSV,2,2,07,13,46,206,44,14,60,304,46,16,41,013,44,3*41
1776370164.291,$GBGSV,3,1,10,01,37,105,,02,66,235,,03,70,144,,04,21,101,,0*71
1776370164.292,$GBGSV,3,2,10,04,21,101,,05,41,259,,11,02,199,,12,21,153,,0*7A
1776370164.292,$GBGSV,3,3,10,12,21,153,,21,33,157,,0*71
1776370164.293,$GNGLL,1339.09417,N,10029.52995,E,200924.00,A,D*74
1776370165.251,$GNRMC,200925.00,A,1339.09375,N,10029.52949,E,2.074,224.25,160426,0.53,W,D,V*40
1776370165.253,$GNVTG,224.25,T,224.78,M,2.074,N,3.841,K,D*3F
1776370165.255,$GNGGA,200925.00,1339.09375,N,10029.52949,E,2,12,0.51,-0.5,M,-27.8,M,,0499*4F
1776370165.257,$GNGSA,A,3,32,16,27,26,28,31,03,04,08,,,,1.07,0.51,0.94,1*0E
1776370165.259,$GNGSA,A,3,79,70,73,80,69,68,,,,,,,1.07,0.51,0.94,2*09
1776370165.261,$GNGSA,A,3,25,08,02,03,05,30,,,,,,,1.07,0.51,0.94,3*04
1776370165.264,$GNGSA,A,3,09,24,08,06,07,10,14,16,13,,,,1.07,0.51,0.94,4*0C
1776370165.266,$GPGSV,3,1,12,03,41,261,38,04,32,332,35,08,33,185,44,16,64,355,46,1*6C
1776370165.268,$GPGSV,3,2,12,26,35,025,37,27,52,147,45,28,16,067,40,31,30,043,41,1*6D
1776370165.270,$GPGSV,3,3,12,32,17,133,39,41,64,233,47,42,70,217,47,50,56,115,42,1*6E
1776370165.273,$GPGSV,2,1,08,03,41,261,38,04,32,332,31,08,33,185,41,26,35,025,37,6*65
1776370165.275,$GPGSV,2,2,08,27,52,147,45,28,16,067,40,31,30,043,32,32,17,133,31,6*61
1776370165.277,$GPGSV,1,1,04,01,02,221,,02,05,194,,09,03,323,,40,36,259,,0*6F
1776370165.279,$GLGSV,2,1,06,68,24,153,45,69,76,146,51,70,47,335,41,73,27,269,44,1*72
1776370165.281,$GLGSV,2,2,06,79,11,027,39,80,40,336,39,1*7F
1776370165.282,$GLGSV,2,1,06,68,24,153,43,69,76,146,47,70,47,335,39,73,27,269,43,3*79
1776370165.283,$GLGSV,2,2,06,79,11,027,33,80,40,336,43,3*7A
1776370165.283,$GLGSV,1,1,03,81,02,074,,82,09,117,,83,04,165,,0*4B
1776370165.284,$GAGSV,2,1,07,02,75,329,49,03,65,055,50,05,28,119,44,08,34,336,40,2*79
1776370165.285,$GAGSV,2,2,07,25,28,031,36,30,37,233,47,32,55,356,49,2*41
1776370165.286,$GAGSV,2,1,07,02,75,329,46,03,65,055,44,05,28,119,41,08,34,336,35,7*71
1776370165.287,$GAGSV,2,2,07,25,28,031,32,30,37,233,44,32,55,356,42,7*48
1776370165.287,$GAGSV,1,1,02,15,05,225,,34,07,178,,0*7C
1776370165.288,$GBGSV,2,1,08,06,31,181,43,07,54,160,43,08,38,191,40,09,43,341,38,1*7D
1776370165.289,$GBGSV,2,2,08,10,49,174,42,13,46,206,44,14,60,304,45,24,46,329,35,1*7D
1776370165.290,$GBGSV,2,1,07,07,54,160,47,08,38,191,43,09,43,341,42,10,49,174,46,3*7D
1776370165.291,$GBGSV,2,2,07,13,46,206,45,14,60,304,47,16,41,013,43,3*46
1776370165.291,$GBGSV,3,1,10,01,37,105,,02,66,235,,03,70,144,,04,21,101,,0*71
1776370165.292,$GBGSV,3,2,10,04,21,101,,05,41,259,,11,02,199,,12,21,153,,0*7A
1776370165.292,$GBGSV,3,3,10,12,21,153,,21,33,157,,0*71
1776370165.293,$GNGLL,1339.09375,N,10029.52949,E,200925.00,A,D*77
1776370166.259,$GNRMC,200926.00,A,1339.09332,N,10029.52907,E,2.181,222.93,160426,0.53,W,D,V*4A
1776370166.262,$GNVTG,222.93,T,223.46,M,2.181,N,4.040,K,D*3B
1776370166.265,$GNGGA,200926.00,1339.09332,N,10029.52907,E,2,12,0.51,-0.5,M,-27.8,M,,0499*45
1776370166.267,$GNGSA,A,3,32,16,27,26,28,31,03,04,08,,,,1.07,0.51,0.94,1*0E
1776370166.269,$GNGSA,A,3,79,70,73,80,69,68,,,,,,,1.07,0.51,0.94,2*09
1776370166.271,$GNGSA,A,3,25,08,02,03,05,30,,,,,,,1.07,0.51,0.94,3*04
1776370166.272,$GNGSA,A,3,09,24,08,06,07,10,14,16,13,,,,1.07,0.51,0.94,4*0C
1776370166.275,$GPGSV,3,1,12,03,41,261,42,04,32,332,32,08,33,185,41,16,64,355,42,1*67
1776370166.280,$GPGSV,3,2,12,26,35,025,38,27,52,147,45,28,16,067,42,31,30,043,39,1*6F
1776370166.283,$GPGSV,3,3,12,32,17,133,42,41,64,233,47,42,70,217,47,50,56,115,41,1*61
1776370166.286,$GPGSV,2,1,08,03,41,261,41,04,32,332,39,08,33,185,41,26,35,025,37,6*63
1776370166.288,$GPGSV,2,2,08,27,52,147,46,28,16,067,40,31,30,043,39,32,17,133,35,6*6D
1776370166.289,$GPGSV,1,1,04,01,02,221,,02,05,194,,09,03,323,,40,36,259,,0*6F
1776370166.291,$GLGSV,2,1,06,68,24,153,45,69,76,146,50,70,47,335,46,73,27,269,45,1*75
1776370166.291,$GLGSV,2,2,06,79,11,027,36,80,40,336,39,1*70
1776370166.292,$GLGSV,2,1,06,68,24,153,45,69,76,146,48,70,47,335,44,73,27,269,44,3*7D
1776370166.293,$GLGSV,2,2,06,79,11,027,29,80,40,336,42,3*70
1776370166.294,$GLGSV,1,1,03,81,02,074,,82,09,117,,83,04,165,,0*4B
1776370166.295,$GAGSV,2,1,07,02,75,329,50,03,65,055,51,05,28,119,45,08,34,336,33,2*75
1776370166.297,$GAGSV,2,2,07,25,28,031,34,30,37,233,48,32,55,356,41,2*44
1776370166.297,$GAGSV,2,1,07,02,75,329,46,03,65,055,45,05,28,119,42,08,34,336,39,7*7F
1776370166.298,$GAGSV,2,2,07,25,28,031,27,30,37,233,45,32,55,356,40,7*4F
1776370166.299,$GAGSV,1,1,02,15,05,225,,34,07,178,,0*7C
1776370166.300,$GBGSV,2,1,08,06,31,181,42,07,54,160,44,08,38,191,40,09,43,341,34,1*77
1776370166.301,$GBGSV,2,2,08,10,49,174,42,13,46,206,45,14,60,304,43,24,46,329,40,1*78
1776370166.302,$GBGSV,2,1,07,07,54,160,47,08,38,191,43,09,43,341,41,10,49,174,46,3*7E
1776370166.303,$GBGSV,2,2,07,13,46,206,45,14,60,304,48,16,41,013,44,3*4E
1776370166.304,$GBGSV,3,1,10,01,37,105,,02,66,235,,03,70,144,,04,21,101,,0*71
1776370166.304,$GBGSV,3,2,10,04,21,101,,05,41,259,,11,02,199,,12,21,153,,0*7A
1776370166.305,$GBGSV,3,3,10,12,21,153,,21,33,157,,0*71
1776370166.305,$GNGLL,1339.09332,N,10029.52907,E,200926.00,A,D*7D
1776370167.261,$GNRMC,200927.00,A,1339.09285,N,10029.52863,E,2.206,221.31,160426,0.53,W,D,V*42
1776370167.263,$GNVTG,221.31,T,221.84,M,2.206,N,4.085,K,D*39
1776370167.265,$GNGGA,200927.00,1339.09285,N,10029.52863,E,2,12,0.51,-0.5,M,-27.8,M,,0499*4A
1776370167.267,$GNGSA,A,3,32,16,27,26,28,31,03,04,08,,,,1.07,0.51,0.94,1*0E
1776370167.269,$GNGSA,A,3,79,70,73,80,69,68,,,,,,,1.07,0.51,0.94,2*09
1776370167.270,$GNGSA,A,3,25,08,02,03,05,30,,,,,,,1.07,0.51,0.94,3*04
1776370167.272,$GNGSA,A,3,09,24,08,06,07,10,14,16,13,,,,1.07,0.51,0.94,4*0C
1776370167.274,$GPGSV,3,1,12,03,41,261,43,04,32,332,32,08,33,185,42,16,64,355,44,1*63
1776370167.276,$GPGSV,3,2,12,26,35,025,43,27,52,147,46,28,16,067,39,31,30,043,41,1*63
1776370167.278,$GPGSV,3,3,12,32,17,133,40,41,64,233,47,42,70,217,46,50,56,115,41,1*62
1776370167.281,$GPGSV,2,1,08,03,41,261,44,04,32,332,31,08,33,185,38,26,35,025,35,6*62
1776370167.283,$GPGSV,2,2,08,27,52,147,45,28,16,067,37,31,30,043,38,32,17,133,35,6*6F
1776370167.286,$GPGSV,1,1,04,01,02,221,,02,05,194,,09,03,323,,40,36,259,,0*6F
1776370167.287,$GLGSV,2,1,06,68,24,153,42,69,76,146,50,70,47,335,47,73,27,269,37,1*76
1776370167.288,$GLGSV,2,2,06,79,11,027,36,80,40,336,39,1*70
1776370167.290,$GLGSV,2,1,06,68,24,153,45,69,76,146,47,70,47,335,46,73,27,269,35,3*76
1776370167.291,$GLGSV,2,2,06,79,11,027,32,80,40,336,45,3*7D
1776370167.292,$GLGSV,1,1,03,81,02,074,,82,09,117,,83,04,165,,0*4B
1776370167.293,$GAGSV,2,1,07,02,75,329,50,03,65,055,50,05,28,119,45,08,34,336,36,2*71
1776370167.294,$GAGSV,2,2,07,25,28,031,40,30,37,233,48,32,55,356,47,2*41
1776370167.295,$GAGSV,2,1,07,02,75,329,46,03,65,055,45,05,28,119,40,08,34,336,34,7*70
1776370167.296,$GAGSV,2,2,07,25,28,031,32,30,37,233,45,32,55,356,44,7*4F
1776370167.297,$GAGSV,1,1,02,15,05,225,,34,07,178,,0*7C
1776370167.298,$GBGSV,2,1,08,06,31,181,46,07,54,160,43,08,38,191,39,09,43,341,36,1*78
1776370167.299,$GBGSV,2,2,08,10,49,174,42,13,46,206,44,14,60,304,46,24,46,329,39,1*72
1776370167.300,$GBGSV,2,1,07,07,54,160,48,08,38,191,43,09,43,341,44,10,49,174,46,3*74
1776370167.301,$GBGSV,2,2,07,13,46,206,44,14,60,304,47,16,41,013,42,3*46
1776370167.301,$GBGSV,3,1,10,01,37,105,,02,66,235,,03,70,144,,04,21,101,,0*71
1776370167.302,$GBGSV,3,2,10,04,21,101,,05,41,259,,11,02,199,,12,21,153,,0*7A
1776370167.302,$GBGSV,3,3,10,12,21,153,,21,33,157,,0*71
1776370167.303,$GNGLL,1339.09285,N,10029.52863,E,200927.00,A,D*72
1776370168.265,$GNRMC,200928.00,A,1339.09239,N,10029.52819,E,2.255,223.17,160426,0.53,W,D,V*47
1776370168.267,$GNVTG,223.17,T,223.70,M,2.255,N,4.175,K,D*3E
1776370168.268,$GNGGA,200928.00,1339.09239,N,10029.52819,E,2,12,0.51,-0.5,M,-27.8,M,,0499*4F
1776370168.269,$GNGSA,A,3,32,16,27,26,28,31,03,04,08,,,,1.07,0.51,0.94,1*0E
1776370168.270,$GNGSA,A,3,79,70,73,80,69,68,,,,,,,1.07,0.51,0.94,2*09
1776370168.271,$GNGSA,A,3,25,08,02,03,05,30,,,,,,,1.07,0.51,0.94,3*04
1776370168.272,$GNGSA,A,3,09,24,08,06,07,10,14,16,13,,,,1.07,0.51,0.94,4*0C
1776370168.274,$GPGSV,3,1,12,03,41,261,40,04,32,332,32,08,33,185,41,16,64,355,45,1*62
1776370168.275,$GPGSV,3,2,12,26,35,025,44,27,52,147,44,28,16,067,39,31,30,043,40,1*67
1776370168.277,$GPGSV,3,3,12,32,17,133,37,41,64,233,48,42,70,217,47,50,56,115,41,1*6C
1776370168.278,$GPGSV,2,1,08,03,41,261,37,04,32,332,36,08,33,185,40,26,35,025,38,6*63
1776370168.281,$GPGSV,2,2,08,27,52,147,45,28,16,067,36,31,30,043,39,32,17,133,36,6*6C
1776370168.283,$GPGSV,1,1,04,01,02,221,,02,05,194,,09,03,323,,40,36,259,,0*6F
1776370168.284,$GLGSV,2,1,06,68,24,153,45,69,76,146,50,70,47,335,40,73,27,269,38,1*79
1776370168.285,$GLGSV,2,2,06,79,11,027,33,80,40,336,41,1*7A
1776370168.287,$GLGSV,2,1,06,68,24,153,42,69,76,146,47,70,47,335,40,73,27,269,35,3*77
1776370168.288,$GLGSV,2,2,06,79,11,027,29,80,40,336,41,3*73
1776370168.289,$GLGSV,1,1,03,81,02,074,,82,09,117,,83,04,165,,0*4B
1776370168.290,$GAGSV,2,1,07,02,75,329,49,03,65,055,50,05,28,119,45,08,34,336,42,2*7A
1776370168.291,$GAGSV,2,2,07,25,28,031,42,30,37,233,45,32,55,356,47,2*4E
1776370168.292,$GAGSV,2,1,07,02,75,329,47,03,65,055,45,05,28,119,41,08,34,336,36,7*72
1776370168.293,$GAGSV,2,2,07,25,28,031,39,30,37,233,41,32,55,356,42,7*46
1776370168.294,$GAGSV,1,1,02,15,05,225,,34,07,178,,0*7C
1776370168.295,$GBGSV,2,1,08,06,31,181,43,07,54,160,43,08,38,191,43,09,43,341,33,1*75
1776370168.296,$GBGSV,2,2,08,10,49,174,42,13,46,206,43,14,60,304,43,24,46,329,37,1*7E
1776370168.297,$GBGSV,2,1,07,07,54,160,47,08,38,191,44,09,43,341,43,10,49,174,47,3*7A
1776370168.298,$GBGSV,2,2,07,13,46,206,46,14,60,304,46,16,41,013,40,3*47
1776370168.299,$GBGSV,3,1,10,01,37,105,,02,66,235,,03,70,144,,04,21,101,,0*71
1776370168.300,$GBGSV,3,2,10,04,21,101,,05,41,259,,11,02,199,,12,21,153,,0*7A
1776370168.300,$GBGSV,3,3,10,12,21,153,,21,33,157,,0*71
1776370168.301,$GNGLL,1339.09239,N,10029.52819,E,200928.00,A,D*77
1776370169.256,$GNRMC,200929.00,A,1339.09193,N,10029.52774,E,2.277,223.23,160426,0.53,W,D,V*46
1776370169.258,$GNVTG,223.23,T,223.76,M,2.277,N,4.216,K,D*39
1776370169.259,$GNGGA,200929.00,1339.09193,N,10029.52774,E,2,12,0.51,-0.4,M,-27.8,M,,0499*48
1776370169.260,$GNGSA,A,3,32,16,27,26,28,31,03,04,08,,,,1.14,0.51,1.02,1*02
1776370169.261,$GNGSA,A,3,79,70,73,80,69,68,,,,,,,1.14,0.51,1.02,2*05
1776370169.263,$GNGSA,A,3,25,08,02,03,05,30,,,,,,,1.14,0.51,1.02,3*08
1776370169.264,$GNGSA,A,3,09,24,08,06,07,10,14,16,13,,,,1.14,0.51,1.02,4*00
1776370169.267,$GPGSV,3,1,12,03,41,261,44,04,32,332,25,08,33,185,39,16,64,355,45,1*6F
1776370169.268,$GPGSV,3,2,12,26,35,025,39,27,52,147,46,28,16,067,35,31,30,043,43,1*60
1776370169.270,$GPGSV,3,3,12,32,17,133,41,41,64,233,48,42,70,217,47,50,56,115,42,1*6E
1776370169.271,$GPGSV,2,1,08,03,41,261,39,04,32,332,33,08,33,185,40,26,35,025,41,6*66
1776370169.272,$GPGSV,2,2,08,27,52,147,45,28,16,067,36,31,30,043,39,32,17,133,36,6*6C
1776370169.273,$GPGSV,1,1,04,01,02,221,,02,05,194,,09,03,323,,40,36,259,,0*6F
1776370169.274,$GLGSV,2,1,06,68,24,153,45,69,76,146,51,70,47,335,46,73,27,269,33,1*75
1776370169.275,$GLGSV,2,2,06,79,11,027,40,80,40,336,41,1*7E
1776370169.276,$GLGSV,2,1,06,68,24,153,43,69,76,146,47,70,47,335,42,73,27,269,39,3*78
1776370169.277,$GLGSV,2,2,06,79,11,027,18,80,40,336,37,3*70
1776370169.278,$GLGSV,1,1,03,81,02,074,,82,09,117,,83,04,165,,0*4B
1776370169.279,$GAGSV,2,1,07,02,75,329,49,03,65,055,50,05,28,119,46,08,34,336,40,2*7B
1776370169.281,$GAGSV,2,2,07,25,28,031,43,30,37,233,45,32,55,356,48,2*40
1776370169.282,$GAGSV,2,1,07,02,75,329,46,03,65,055,45,05,28,119,41,08,34,336,34,7*71
1776370169.283,$GAGSV,2,2,07,25,28,031,36,30,37,233,42,32,55,356,40,7*48
1776370169.284,$GAGSV,1,1,02,15,05,225,,34,07,178,,0*7C
1776370169.285,$GBGSV,2,1,08,06,31,181,39,07,54,160,43,08,38,191,42,09,43,341,30,1*7A
1776370169.287,$GBGSV,2,2,08,10,49,174,42,13,46,206,45,14,60,304,42,24,46,329,30,1*7E
1776370169.288,$GBGSV,2,1,07,07,54,160,47,08,38,191,46,09,43,341,28,10,49,174,48,3*7A
1776370169.289,$GBGSV,2,2,07,13,46,206,44,14,60,304,46,16,41,013,42,3*47
1776370169.289,$GBGSV,3,1,10,01,37,105,,02,66,235,,03,70,144,,04,21,101,,0*71
1776370169.290,$GBGSV,3,2,10,04,21,101,,05,41,259,,11,02,199,,12,21,153,,0*7A
1776370169.291,$GBGSV,3,3,10,12,21,153,,21,33,157,,0*71
1776370169.291,$GNGLL,1339.09193,N,10029.52774,E,200929.00,A,D*71
1776370170.261,$GNRMC,200930.00,A,1339.09144,N,10029.52727,E,2.427,222.80,160426,0.53,W,D,V*49
1776370170.264,$GNVTG,222.80,T,223.33,M,2.427,N,4.494,K,D*3F
1776370170.267,$GNGGA,200930.00,1339.09144,N,10029.52727,E,2,12,0.51,-0.4,M,-27.8,M,,0499*4C
1776370170.268,$GNGSA,A,3,32,16,27,26,28,31,03,04,08,,,,1.07,0.51,0.94,1*0E
1776370170.270,$GNGSA,A,3,79,70,73,80,69,68,,,,,,,1.07,0.51,0.94,2*09
1776370170.271,$GNGSA,A,3,25,08,02,03,05,30,,,,,,,1.07,0.51,0.94,3*04
1776370170.272,$GNGSA,A,3,09,24,08,06,07,10,14,16,13,,,,1.07,0.51,0.94,4*0C
1776370170.274,$GPGSV,3,1,12,03,41,261,42,04,32,332,31,08,33,185,38,16,63,356,46,1*6A
1776370170.275,$GPGSV,3,2,12,26,35,025,41,27,52,147,46,28,16,067,37,31,30,043,42,1*6C
1776370170.276,$GPGSV,3,3,12,32,17,133,39,41,64,233,47,42,70,217,47,50,56,115,41,1*6D
1776370170.278,$GPGSV,2,1,08,03,41,261,40,04,32,332,39,08,33,185,38,26,35,025,38,6*63
1776370170.279,$GPGSV,2,2,08,27,52,147,46,28,16,067,34,31,30,043,39,32,17,133,38,6*63
1776370170.280,$GPGSV,1,1,04,01,02,221,,02,05,194,,09,03,323,,40,36,259,,0*6F
1776370170.282,$GLGSV,2,1,06,68,24,153,46,69,76,146,50,70,47,335,39,73,27,269,38,1*74
1776370170.283,$GLGSV,2,2,06,79,11,027,33,80,40,336,43,1*78
1776370170.285,$GLGSV,2,1,06,68,24,153,44,69,76,146,47,70,47,335,41,73,27,269,27,3*73
1776370170.286,$GLGSV,2,2,06,79,11,027,27,80,40,336,36,3*7D
1776370170.287,$GLGSV,1,1,03,81,02,074,,82,09,117,,83,04,165,,0*4B
1776370170.288,$GAGSV,2,1,07,02,75,329,49,03,65,055,50,05,28,119,45,08,34,336,40,2*78
1776370170.288,$GAGSV,2,2,07,25,28,031,43,30,37,233,46,32,55,356,50,2*4A
1776370170.289,$GAGSV,2,1,07,02,75,329,45,03,65,055,46,05,28,119,41,08,34,336,31,7*74
1776370170.290,$GAGSV,2,2,07,25,28,031,39,30,37,233,44,32,55,356,41,7*40
1776370170.290,$GAGSV,1,1,02,15,05,225,,34,07,178,,0*7C
1776370170.291,$GBGSV,2,1,08,06,31,181,41,07,54,160,43,08,38,191,39,09,43,341,29,1*71
1776370170.292,$GBGSV,2,2,08,10,49,174,44,13,46,206,44,14,60,304,45,24,46,329,32,1*7C
1776370170.292,$GBGSV,2,1,07,07,54,160,47,08,38,191,44,09,43,341,37,10,49,174,49,3*77
1776370170.293,$GBGSV,2,2,07,13,46,206,43,14,60,304,50,16,41,013,40,3*45
1776370170.293,$GBGSV,3,1,10,01,37,105,,02,66,235,,03,70,144,,04,21,101,,0*71
1776370170.294,$GBGSV,3,2,10,04,21,101,,05,41,259,,11,02,199,,12,21,153,,0*7A
1776370170.294,$GBGSV,3,3,10,12,21,153,,21,33,157,,0*71
1776370170.295,$GNGLL,1339.09144,N,10029.52727,E,200930.00,A,D*75
1776370171.257,$GNRMC,200931.00,A,1339.09092,N,10029.52680,E,2.440,220.04,160426,0.53,W,D,V*41
1776370171.259,$GNVTG,220.04,T,220.57,M,2.440,N,4.519,K,D*35
1776370171.261,$GNGGA,200931.00,1339.09092,N,10029.52680,E,2,12,0.51,-0.3,M,-27.8,M,,0499*4C
1776370171.263,$GNGSA,A,3,32,16,27,26,28,31,03,04,08,,,,1.07,0.51,0.94,1*0E
1776370171.265,$GNGSA,A,3,79,70,73,80,69,68,,,,,,,1.07,0.51,0.94,2*09
1776370171.267,$GNGSA,A,3,25,08,02,03,05,30,,,,,,,1.07,0.51,0.94,3*04
1776370171.269,$GNGSA,A,3,09,24,08,06,07,10,14,16,13,,,,1.07,0.51,0.94,4*0C
1776370171.271,$GPGSV,3,1,12,03,41,261,44,04,32,332,30,08,33,185,44,16,63,356,42,1*62
1776370171.273,$GPGSV,3,2,12,26,35,025,43,27,52,147,47,28,16,068,37,31,30,043,44,1*66
1776370171.275,$GPGSV,3,3,12,32,17,133,39,41,64,233,47,42,70,217,47,50,56,115,41,1*6D
1776370171.277,$GPGSV,2,1,08,03,41,261,41,04,32,332,37,08,33,185,41,26,35,025,40,6*6D
1776370171.278,$GPGSV,2,2,08,27,52,147,46,28,16,068,34,31,30,043,39,32,17,133,37,6*63
1776370171.280,$GPGSV,1,1,04,01,02,221,,02,05,194,,09,03,323,,40,36,259,,0*6F
1776370171.281,$GLGSV,2,1,06,68,24,153,43,69,76,146,51,70,47,335,36,73,27,269,39,1*7E
1776370171.282,$GLGSV,2,2,06,79,11,027,32,80,40,336,42,1*78
1776370171.283,$GLGSV,2,1,06,68,24,153,43,69,76,146,47,70,47,335,38,73,27,269,37,3*7B
1776370171.285,$GLGSV,2,2,06,79,11,027,27,80,40,336,38,3*73
1776370171.286,$GLGSV,1,1,03,81,02,074,,82,09,117,,83,04,165,,0*4B
1776370171.287,$GAGSV,2,1,07,02,75,329,50,03,65,055,50,05,28,119,44,08,34,336,36,2*70
1776370171.287,$GAGSV,2,2,07,25,28,031,40,30,37,233,48,32,55,356,46,2*40
1776370171.288,$GAGSV,2,1,07,02,75,329,46,03,65,055,45,05,28,119,41,08,34,336,34,7*71
1776370171.289,$GAGSV,2,2,07,25,28,031,39,30,37,233,46,32,55,356,41,7*42
1776370171.289,$GAGSV,1,1,02,15,05,225,,34,07,178,,0*7C
1776370171.290,$GBGSV,2,1,08,06,31,181,39,07,54,160,43,08,38,191,42,09,43,341,29,1*72
1776370171.291,$GBGSV,2,2,08,10,49,174,41,13,46,206,44,14,60,304,46,24,46,329,38,1*70
1776370171.292,$GBGSV,2,1,07,07,54,160,47,08,38,191,44,09,43,341,38,10,49,174,46,3*77
1776370171.292,$GBGSV,2,2,07,13,46,206,45,14,60,304,52,16,41,013,41,3*40
1776370171.293,$GBGSV,3,1,10,01,37,105,,02,66,235,,03,70,144,,04,21,101,,0*71
1776370171.294,$GBGSV,3,2,10,04,21,101,,05,41,259,,11,02,199,,12,21,153,,0*7A
1776370171.294,$GBGSV,3,3,10,12,21,153,,21,33,157,,0*71
1776370171.295,$GNGLL,1339.09092,N,10029.52680,E,200931.00,A,D*72
1776370172.255,$GNRMC,200932.00,A,1339.09038,N,10029.52635,E,2.466,219.94,160426,0.53,W,D,V*4B
1776370172.257,$GNVTG,219.94,T,220.48,M,2.466,N,4.568,K,D*3A
1776370172.258,$GNGGA,200932.00,1339.09038,N,10029.52635,E,2,12,0.51,-0.3,M,-27.8,M,,0499*41
1776370172.259,$GNGSA,A,3,32,16,27,26,28,31,03,04,08,,,,1.07,0.51,0.94,1*0E
1776370172.260,$GNGSA,A,3,79,70,73,80,69,68,,,,,,,1.07,0.51,0.94,2*09
1776370172.261,$GNGSA,A,3,25,08,02,03,05,30,,,,,,,1.07,0.51,0.94,3*04
1776370172.261,$GNGSA,A,3,09,24,08,06,07,10,14,16,13,,,,1.07,0.51,0.94,4*0C
1776370172.263,$GPGSV,3,1,12,03,41,261,45,04,32,332,36,08,33,185,42,16,63,356,43,1*62
1776370172.264,$GPGSV,3,2,12,26,35,025,40,27,52,147,47,28,16,068,34,31,30,043,43,1*61
1776370172.267,$GPGSV,3,3,12,32,17,133,42,41,64,233,47,42,70,217,47,50,56,115,42,1*62
1776370172.269,$GPGSV,2,1,08,03,41,261,41,04,32,332,36,08,33,185,42,26,35,025,40,6*6F
1776370172.271,$GPGSV,2,2,08,27,52,147,45,28,16,068,33,31,30,043,38,32,17,133,37,6*66
1776370172.272,$GPGSV,1,1,04,01,02,221,,02,05,194,,09,03,323,,40,36,259,,0*6F
1776370172.273,$GLGSV,2,1,06,68,24,153,45,69,76,146,50,70,47,335,43,73,27,269,42,1*77
1776370172.274,$GLGSV,2,2,06,79,11,027,37,80,40,336,40,1*7F
1776370172.274,$GLGSV,2,1,06,68,24,153,44,69,76,146,48,70,47,335,41,73,27,269,40,3*7D
1776370172.275,$GLGSV,2,2,06,79,11,027,28,80,40,336,38,3*7C
1776370172.276,$GLGSV,1,1,03,81,02,074,,82,09,117,,83,04,165,,0*4B
1776370172.276,$GAGSV,2,1,07,02,75,329,50,03,65,055,50,05,28,119,44,08,34,336,39,2*7F
1776370172.277,$GAGSV,2,2,07,25,28,031,40,30,37,233,48,32,55,356,51,2*46
1776370172.278,$GAGSV,2,1,07,02,75,329,47,03,65,055,45,05,28,119,40,08,34,336,30,7*75
1776370172.279,$GAGSV,2,2,07,25,28,031,39,30,37,233,44,32,55,356,43,7*42
1776370172.279,$GAGSV,1,1,02,15,05,225,,34,07,178,,0*7C
1776370172.280,$GBGSV,2,1,08,06,31,181,43,07,54,160,43,08,38,191,41,09,43,341,24,1*71
1776370172.281,$GBGSV,2,2,08,10,49,174,40,13,46,206,44,14,60,304,46,24,46,329,42,1*7C
1776370172.282,$GBGSV,2,1,07,07,54,160,48,08,38,191,45,09,43,341,36,10,49,174,45,3*74
1776370172.284,$GBGSV,2,2,07,13,46,206,45,14,60,304,49,16,41,013,41,3*4A
1776370172.285,$GBGSV,3,1,10,01,37,105,,02,66,235,,03,70,144,,04,21,101,,0*71
1776370172.286,$GBGSV,3,2,10,04,21,101,,05,41,259,,11,02,199,,12,21,153,,0*7A
1776370172.286,$GBGSV,3,3,10,12,21,153,,21,33,157,,0*71
1776370172.287,$GNGLL,1339.09038,N,10029.52635,E,200932.00,A,D*7F
1776370173.257,$GNRMC,200933.00,A,1339.08985,N,10029.52590,E,2.420,219.94,160426,0.53,W,D,V*4A
1776370173.260,$GNVTG,219.94,T,220.47,M,2.420,N,4.482,K,D*32
1776370173.263,$GNGGA,200933.00,1339.08985,N,10029.52590,E,2,12,0.51,-0.3,M,-27.8,M,,0499*42
1776370173.265,$GNGSA,A,3,32,16,27,26,28,31,03,04,08,,,,1.07,0.51,0.94,1*0E
1776370173.267,$GNGSA,A,3,79,70,73,80,69,68,,,,,,,1.07,0.51,0.94,2*09
1776370173.270,$GNGSA,A,3,25,08,02,03,05,30,,,,,,,1.07,0.51,0.94,3*04
1776370173.273,$GNGSA,A,3,09,24,08,06,07,10,14,16,13,,,,1.07,0.51,0.94,4*0C
1776370173.275,$GPGSV,3,1,12,03,41,261,44,04,32,332,28,08,33,185,44,16,63,356,46,1*6F
1776370173.277,$GPGSV,3,2,12,26,35,025,39,27,52,147,45,28,16,068,29,31,30,043,44,1*66
1776370173.280,$GPGSV,3,3,12,32,17,133,40,41,64,233,47,42,70,217,47,50,56,115,41,1*63
1776370173.282,$GPGSV,2,1,08,03,41,261,41,04,32,332,31,08,33,185,42,26,35,025,37,6*68
1776370173.285,$GPGSV,2,2,08,27,52,147,45,28,16,068,31,31,30,043,38,32,17,133,39,6*6A
1776370173.288,$GPGSV,1,1,04,01,02,221,,02,05,194,,09,03,323,,40,36,259,,0*6F
1776370173.289,$GLGSV,2,1,06,68,24,153,45,69,76,146,51,70,47,335,49,73,27,269,40,1*7E
1776370173.290,$GLGSV,2,2,06,79,11,027,35,80,40,336,39,1*73
1776370173.292,$GLGSV,2,1,06,68,24,153,41,69,76,146,48,70,47,335,46,73,27,269,39,3*71
1776370173.293,$GLGSV,2,2,06,79,11,027,25,80,40,336,25,3*7D
1776370173.294,$GLGSV,1,1,03,81,02,074,,82,09,117,,83,04,165,,0*4B
1776370173.295,$GAGSV,2,1,07,02,75,329,50,03,65,055,50,05,28,119,45,08,34,336,36,2*71
1776370173.296,$GAGSV,2,2,07,25,28,031,42,30,37,233,46,32,55,356,47,2*4D
1776370173.297,$GAGSV,2,1,07,02,75,329,46,03,65,055,46,05,28,119,42,08,34,336,33,7*76
1776370173.298,$GAGSV,2,2,07,25,28,031,40,30,37,233,46,32,55,356,44,7*49
1776370173.299,$GAGSV,1,1,02,15,05,225,,34,07,178,,0*7C
1776370173.300,$GBGSV,2,1,08,06,31,181,45,07,54,160,43,08,38,191,41,09,43,341,34,1*76
1776370173.301,$GBGSV,2,2,08,10,49,174,40,13,46,206,44,14,60,304,45,24,46,329,42,1*7F
1776370173.302,$GBGSV,2,1,07,07,54,160,48,08,38,191,45,09,43,341,38,10,49,174,43,3*7C
1776370173.303,$GBGSV,2,2,07,13,46,206,42,14,60,304,51,16,41,013,41,3*44
1776370173.304,$GBGSV,3,1,10,01,37,105,,02,66,235,,03,70,144,,04,21,101,,0*71
1776370173.305,$GBGSV,3,2,10,04,21,101,,05,41,259,,11,02,199,,12,21,153,,0*7A
1776370173.305,$GBGSV,3,3,10,12,21,153,,21,33,157,,0*71
1776370173.306,$GNGLL,1339.08985,N,10029.52590,E,200933.00,A,D*7C
1776370174.254,$GNRMC,200934.00,A,1339.08932,N,10029.52544,E,2.383,222.19,160426,0.53,W,D,V*4B
1776370174.256,$GNVTG,222.19,T,222.72,M,2.383,N,4.413,K,D*3D
1776370174.258,$GNGGA,200934.00,1339.08932,N,10029.52544,E,2,12,0.51,-0.2,M,-27.8,M,,0499*41
1776370174.260,$GNGSA,A,3,32,16,27,26,28,31,03,04,08,,,,1.07,0.51,0.94,1*0E
1776370174.261,$GNGSA,A,3,79,70,73,80,69,68,,,,,,,1.07,0.51,0.94,2*09
1776370174.262,$GNGSA,A,3,25,08,02,03,05,30,,,,,,,1.07,0.51,0.94,3*04
1776370174.264,$GNGSA,A,3,09,24,08,06,07,10,14,16,13,,,,1.07,0.51,0.94,4*0C
1776370174.267,$GPGSV,3,1,12,03,41,261,41,04,32,332,28,08,33,185,44,16,63,356,45,1*69
1776370174.270,$GPGSV,3,2,12,26,35,025,43,27,52,147,47,28,16,068,29,31,30,043,41,1*6C
1776370174.274,$GPGSV,3,3,12,32,17,133,40,41,64,233,46,42,70,217,47,50,56,115,42,1*61
1776370174.276,$GPGSV,2,1,08,03,41,261,40,04,32,332,26,08,33,185,41,26,35,025,39,6*62
1776370174.278,$GPGSV,2,2,08,27,52,147,45,28,16,068,30,31,30,043,36,32,17,133,36,6*6A
1776370174.280,$GPGSV,1,1,04,01,02,221,,02,05,194,,09,03,323,,40,36,259,,0*6F
1776370174.281,$GLGSV,2,1,06,68,24,153,46,69,76,146,51,70,47,335,47,73,27,269,42,1*71
1776370174.283,$GLGSV,2,2,06,79,11,027,41,80,40,336,44,1*7A
1776370174.284,$GLGSV,2,1,06,68,24,153,40,69,76,146,47,70,47,335,42,73,27,269,33,3*71
1776370174.285,$GLGSV,2,2,06,79,11,027,35,80,40,336,43,3*7C
1776370174.286,$GLGSV,1,1,03,81,02,074,,82,09,117,,83,04,165,,0*4B
1776370174.287,$GAGSV,2,1,07,02,75,329,49,03,65,055,50,05,28,119,46,08,34,336,36,2*7A
1776370174.288,$GAGSV,2,2,07,25,28,031,41,30,37,233,48,32,55,356,53,2*45
1776370174.290,$GAGSV,2,1,07,02,75,329,46,03,65,055,45,05,28,119,41,08,34,336,28,7*7C
1776370174.291,$GAGSV,2,2,07,25,28,031,40,30,37,233,44,32,55,356,46,7*49
1776370174.291,$GAGSV,1,1,02,15,05,225,,34,07,178,,0*7C
1776370174.292,$GBGSV,2,1,08,06,31,181,45,07,54,160,45,08,38,191,43,09,43,341,35,1*73
1776370174.293,$GBGSV,2,2,08,10,49,174,40,13,46,206,45,14,60,304,46,24,46,329,44,1*7B
1776370174.294,$GBGSV,2,1,07,07,54,160,48,08,38,191,45,09,43,341,44,10,49,174,43,3*77
1776370174.294,$GBGSV,2,2,07,13,46,206,45,14,60,304,50,16,41,013,41,3*42
1776370174.295,$GBGSV,3,1,10,01,37,105,,02,66,235,,03,70,144,,04,21,101,,0*71
1776370174.295,$GBGSV,3,2,10,04,21,101,,05,41,259,,11,02,199,,12,21,153,,0*7A
1776370174.296,$GBGSV,3,3,10,12,21,153,,21,33,157,,0*71
1776370174.296,$GNGLL,1339.08932,N,10029.52544,E,200934.00,A,D*7E
1776370175.258,$GNRMC,200935.00,A,1339.08884,N,10029.52500,E,2.169,222.14,160426,0.53,W,D,V*4D
1776370175.259,$GNVTG,222.14,T,222.67,M,2.169,N,4.017,K,D*32
1776370175.260,$GNGGA,200935.00,1339.08884,N,10029.52500,E,2,12,0.51,-0.2,M,-27.8,M,,0499*4C
1776370175.261,$GNGSA,A,3,32,16,27,26,28,31,03,04,08,,,,1.07,0.51,0.94,1*0E
1776370175.262,$GNGSA,A,3,79,70,73,80,69,68,,,,,,,1.07,0.51,0.94,2*09
1776370175.263,$GNGSA,A,3,25,08,02,03,05,30,,,,,,,1.07,0.51,0.94,3*04
1776370175.265,$GNGSA,A,3,09,24,08,06,07,10,14,16,13,,,,1.07,0.51,0.94,4*0C
1776370175.267,$GPGSV,3,1,12,03,41,261,43,04,32,332,37,08,33,185,42,16,63,356,46,1*60
1776370175.270,$GPGSV,3,2,12,26,35,025,40,27,52,147,47,28,16,068,29,31,30,043,42,1*6C
1776370175.273,$GPGSV,3,3,12,32,17,133,43,41,64,233,47,42,70,217,47,50,56,115,41,1*60
1776370175.274,$GPGSV,2,1,08,03,41,261,42,04,32,332,39,08,33,185,43,26,35,025,37,6*62
1776370175.275,$GPGSV,2,2,08,27,52,147,45,28,16,068,34,31,30,043,36,32,17,133,38,6*60
1776370175.276,$GPGSV,1,1,04,01,02,221,,02,05,194,,09,03,323,,40,36,259,,0*6F
1776370175.278,$GLGSV,2,1,06,68,24,153,47,69,76,146,50,70,47,335,49,73,27,269,36,1*7C
1776370175.278,$GLGSV,2,2,06,79,11,027,39,80,40,336,47,1*76
1776370175.279,$GLGSV,2,1,06,68,24,153,44,69,76,146,47,70,47,335,48,73,27,269,33,3*7F
1776370175.280,$GLGSV,2,2,06,79,11,027,31,80,40,336,42,3*79
1776370175.281,$GLGSV,1,1,03,81,02,074,,82,09,117,,83,04,165,,0*4B
1776370175.282,$GAGSV,2,1,07,02,75,329,50,03,65,055,50,05,28,119,45,08,34,336,42,2*72
1776370175.283,$GAGSV,2,2,07,25,28,031,39,30,37,233,48,32,55,356,51,2*48
1776370175.284,$GAGSV,2,1,07,02,75,329,46,03,65,055,45,05,28,119,41,08,34,336,38,7*7D
1776370175.284,$GAGSV,2,2,07,25,28,031,39,30,37,233,44,32,55,356,44,7*45
1776370175.285,$GAGSV,1,1,02,15,05,225,,34,07,178,,0*7C
1776370175.285,$GBGSV,2,1,08,06,31,181,45,07,54,160,43,08,38,191,43,09,43,341,38,1*78
1776370175.286,$GBGSV,2,2,08,10,49,174,44,13,46,206,46,14,60,304,45,24,46,329,48,1*73
1776370175.287,$GBGSV,2,1,07,07,54,160,48,08,38,191,45,09,43,341,43,10,49,174,47,3*74
1776370175.287,$GBGSV,2,2,07,13,46,206,46,14,60,304,50,16,41,013,42,3*42
1776370175.288,$GBGSV,3,1,10,01,37,105,,02,66,235,,03,70,144,,04,21,101,,0*71
1776370175.289,$GBGSV,3,2,10,04,21,101,,05,41,259,,11,02,199,,12,21,153,,0*7A
1776370175.289,$GBGSV,3,3,10,12,21,153,,21,33,157,,0*71
1776370175.289,$GNGLL,1339.08884,N,10029.52500,E,200935.00,A,D*73
1776370176.262,$GNRMC,200936.00,A,1339.08834,N,10029.52455,E,2.534,221.24,160426,0.53,W,D,V*48
1776370176.264,$GNVTG,221.24,T,221.77,M,2.534,N,4.693,K,D*36
1776370176.267,$GNGGA,200936.00,1339.08834,N,10029.52455,E,2,12,0.51,-0.2,M,-27.8,M,,0499*45
1776370176.269,$GNGSA,A,3,32,16,27,26,28,31,03,04,08,,,,1.07,0.51,0.94,1*0E
1776370176.271,$GNGSA,A,3,79,70,73,80,69,68,,,,,,,1.07,0.51,0.94,2*09
1776370176.272,$GNGSA,A,3,25,08,02,03,05,30,,,,,,,1.07,0.51,0.94,3*04
1776370176.274,$GNGSA,A,3,09,24,08,06,07,10,14,16,13,,,,1.07,0.51,0.94,4*0C
1776370176.276,$GPGSV,3,1,12,03,41,261,43,04,32,332,36,08,33,185,45,16,63,356,44,1*64
1776370176.278,$GPGSV,3,2,12,26,35,025,41,27,52,147,47,28,16,068,30,31,30,043,41,1*66
1776370176.280,$GPGSV,3,3,12,32,17,133,40,41,64,233,47,42,70,217,46,50,56,115,41,1*62
1776370176.281,$GPGSV,2,1,08,03,41,261,41,04,32,332,41,08,33,185,42,26,35,025,39,6*61
1776370176.283,$GPGSV,2,2,08,27,52,147,45,28,16,068,33,31,30,043,37,32,17,133,39,6*67
1776370176.284,$GPGSV,1,1,04,01,02,221,,02,05,194,,09,03,323,,40,36,259,,0*6F
1776370176.286,$GLGSV,2,1,06,68,24,153,47,69,76,146,51,70,47,335,50,73,27,269,36,1*75
1776370176.287,$GLGSV,2,2,06,79,11,027,34,80,40,336,49,1*75
1776370176.289,$GLGSV,2,1,06,68,24,153,44,69,76,146,46,70,47,335,49,73,27,269,42,3*79
1776370176.291,$GLGSV,2,2,06,79,11,027,31,80,40,336,47,3*7C
1776370176.292,$GLGSV,1,1,03,81,02,074,,82,09,117,,83,04,165,,0*4B
1776370176.293,$GAGSV,2,1,07,02,75,329,50,03,65,055,50,05,28,119,46,08,34,336,46,2*75
1776370176.294,$GAGSV,2,2,07,25,28,031,42,30,37,233,48,32,55,356,51,2*44
1776370176.295,$GAGSV,2,1,07,02,75,329,45,03,65,055,45,05,28,119,41,08,34,336,39,7*7F
1776370176.296,$GAGSV,2,2,07,25,28,031,37,30,37,233,43,32,55,356,44,7*4C
1776370176.297,$GAGSV,1,1,02,15,05,225,,34,07,178,,0*7C
1776370176.298,$GBGSV,2,1,08,06,31,181,46,07,54,160,41,08,38,191,40,09,43,341,40,1*75
1776370176.299,$GBGSV,2,2,08,10,49,174,41,13,46,206,45,14,60,304,44,24,46,329,48,1*74
1776370176.300,$GBGSV,2,1,07,07,54,160,46,08,38,191,45,09,43,341,46,10,49,174,44,3*7C
1776370176.301,$GBGSV,2,2,07,13,46,206,45,14,60,304,50,16,41,013,40,3*43
1776370176.302,$GBGSV,3,1,10,01,37,105,,02,66,235,,03,70,144,,04,21,101,,0*71
1776370176.303,$GBGSV,3,2,10,04,21,101,,05,41,259,,11,02,199,,12,21,153,,0*7A
1776370176.303,$GBGSV,3,3,10,12,21,153,,21,33,157,,0*71
1776370176.304,$GNGLL,1339.08834,N,10029.52455,E,200936.00,A,D*7A
1776370177.256,$GNRMC,200937.00,A,1339.08779,N,10029.52404,E,2.661,221.91,160426,0.53,W,D,V*46
1776370177.259,$GNVTG,221.91,T,222.44,M,2.661,N,4.928,K,D*37
1776370177.261,$GNGGA,200937.00,1339.08779,N,10029.52404,E,2,12,0.51,-0.2,M,-27.8,M,,0499*46
1776370177.263,$GNGSA,A,3,32,16,27,26,28,31,03,04,08,,,,1.07,0.51,0.94,1*0E
1776370177.264,$GNGSA,A,3,79,70,73,80,69,68,,,,,,,1.07,0.51,0.94,2*09
1776370177.266,$GNGSA,A,3,25,08,02,03,05,30,,,,,,,1.07,0.51,0.94,3*04
1776370177.268,$GNGSA,A,3,09,24,08,06,07,10,14,16,13,,,,1.07,0.51,0.94,4*0C
1776370177.271,$GPGSV,3,1,12,03,41,261,42,04,32,332,39,08,33,185,44,16,63,356,45,1*6A
1776370177.273,$GPGSV,3,2,12,26,35,025,40,27,52,147,48,28,16,068,30,31,30,043,41,1*68
1776370177.276,$GPGSV,3,3,12,32,17,133,42,41,64,233,47,42,70,217,45,50,56,115,40,1*62
1776370177.278,$GPGSV,2,1,08,03,41,261,40,04,32,332,41,08,33,185,43,26,35,025,40,6*6F
1776370177.279,$GPGSV,2,2,08,27,52,147,46,28,16,068,30,31,30,043,38,32,17,133,39,6*68
1776370177.281,$GPGSV,1,1,04,01,02,221,,02,05,194,,09,03,323,,40,36,259,,0*6F
1776370177.282,$GLGSV,2,1,07,68,24,153,44,69,76,146,50,70,47,335,50,73,27,269,32,1*72
1776370177.283,$GLGSV,2,2,07,79,11,027,37,80,40,336,49,,,,38,1*7C
1776370177.285,$GLGSV,2,1,06,68,24,153,38,69,76,146,47,70,47,335,49,73,27,269,31,3*77
1776370177.286,$GLGSV,2,2,06,79,11,027,34,80,40,336,48,3*76
1776370177.287,$GLGSV,1,1,03,81,02,074,,82,09,117,,83,04,165,,0*4B
1776370177.288,$GAGSV,2,1,07,02,75,329,48,03,65,055,51,05,28,119,46,08,34,336,47,2*7C
1776370177.289,$GAGSV,2,2,07,25,28,031,40,30,37,233,46,32,55,356,51,2*48
1776370177.290,$GAGSV,2,1,07,02,75,329,43,03,65,055,44,05,28,119,41,08,34,336,40,7*76
1776370177.290,$GAGSV,2,2,07,25,28,031,39,30,37,233,43,32,55,356,45,7*43
1776370177.291,$GAGSV,1,1,02,15,05,225,,34,07,178,,0*7C
1776370177.292,$GBGSV,2,1,08,06,31,181,42,07,54,160,41,08,38,191,44,09,43,341,40,1*75
1776370177.293,$GBGSV,2,2,08,10,49,174,41,13,46,206,44,14,60,304,44,24,46,329,47,1*7A
1776370177.293,$GBGSV,2,1,07,07,54,160,45,08,38,191,47,09,43,341,45,10,49,174,46,3*7C
1776370177.294,$GBGSV,2,2,07,13,46,206,44,14,60,304,50,16,41,013,42,3*40
1776370177.295,$GBGSV,3,1,10,01,37,105,,02,66,235,,03,70,144,,04,21,101,,0*71
1776370177.295,$GBGSV,3,2,10,04,21,101,,05,41,259,,11,02,199,,12,21,153,,0*7A
1776370177.296,$GBGSV,3,3,10,12,21,153,,21,33,157,,0*71
1776370177.296,$GNGLL,1339.08779,N,10029.52404,E,200937.00,A,D*79
1776370178.260,$GNRMC,200938.00,A,1339.08726,N,10029.52355,E,2.402,221.27,160426,0.53,W,D,V*4A
1776370178.262,$GNVTG,221.27,T,221.80,M,2.402,N,4.448,K,D*3D
1776370178.264,$GNGGA,200938.00,1339.08726,N,10029.52355,E,2,12,0.51,-0.3,M,-27.8,M,,0499*41
1776370178.267,$GNGSA,A,3,32,16,27,26,28,31,03,04,08,,,,1.07,0.51,0.94,1*0E
1776370178.269,$GNGSA,A,3,79,70,73,80,69,68,,,,,,,1.07,0.51,0.94,2*09
1776370178.272,$GNGSA,A,3,25,08,02,03,05,30,,,,,,,1.07,0.51,0.94,3*04
1776370178.274,$GNGSA,A,3,09,24,08,06,07,10,14,16,13,,,,1.07,0.51,0.94,4*0C
1776370178.276,$GPGSV,3,1,12,03,41,261,42,04,32,332,37,08,33,185,42,16,63,356,44,1*63
1776370178.278,$GPGSV,3,2,12,26,35,025,40,27,52,147,43,28,16,068,30,31,30,043,41,1*63
1776370178.279,$GPGSV,3,3,12,32,17,133,42,41,64,233,47,42,70,217,46,50,56,115,42,1*63
1776370178.281,$GPGSV,2,1,08,03,41,261,41,04,32,332,40,08,33,185,42,26,35,025,38,6*61
1776370178.282,$GPGSV,2,2,08,27,52,147,43,28,16,068,28,31,30,043,36,32,17,133,38,6*6B
1776370178.283,$GPGSV,1,1,04,01,02,221,,02,05,194,,09,03,323,,40,36,259,,0*6F
1776370178.284,$GLGSV,2,1,07,68,24,153,37,69,76,146,50,70,47,335,49,73,27,269,33,1*7F
1776370178.285,$GLGSV,2,2,07,79,11,027,40,80,40,336,48,,,,32,1*77
1776370178.286,$GLGSV,2,1,06,68,24,153,41,69,76,146,46,70,47,335,47,73,27,269,35,3*72
1776370178.287,$GLGSV,2,2,06,79,11,027,31,80,40,336,46,3*7D
1776370178.288,$GLGSV,1,1,03,81,02,074,,82,09,117,,83,04,165,,0*4B
1776370178.288,$GAGSV,2,1,07,02,75,329,50,03,65,055,50,05,28,119,45,08,34,336,42,2*72
1776370178.289,$GAGSV,2,2,07,25,28,031,42,30,37,233,46,32,55,356,52,2*49
1776370178.290,$GAGSV,2,1,07,02,75,329,47,03,65,055,45,05,28,119,40,08,34,336,40,7*72
1776370178.290,$GAGSV,2,2,07,25,28,031,38,30,37,233,42,32,55,356,47,7*41
1776370178.291,$GAGSV,1,1,02,15,05,225,,34,07,178,,0*7C
1776370178.292,$GBGSV,2,1,08,06,31,181,45,07,54,160,43,08,38,191,42,09,43,341,38,1*79
1776370178.292,$GBGSV,2,2,08,10,49,174,43,13,46,206,46,14,60,304,46,24,46,329,44,1*7B
1776370178.293,$GBGSV,2,1,07,07,54,160,48,08,38,191,45,09,43,341,45,10,49,174,46,3*73
1776370178.293,$GBGSV,2,2,07,13,46,206,47,14,60,304,51,16,41,013,45,3*45
1776370178.294,$GBGSV,3,1,10,01,37,105,,02,66,235,,03,70,144,,04,21,101,,0*71
1776370178.294,$GBGSV,3,2,10,04,21,101,,05,41,259,,11,02,199,,12,21,153,,0*7A
1776370178.295,$GBGSV,3,3,10,12,21,153,,21,33,157,,0*71
1776370178.295,$GNGLL,1339.08726,N,10029.52355,E,200938.00,A,D*7F
1776370179.261,$GNRMC,200939.00,A,1339.08675,N,10029.52314,E,2.254,214.39,160426,0.53,W,D,V*45
1776370179.262,$GNVTG,214.39,T,214.92,M,2.254,N,4.175,K,D*3F
1776370179.262,$GNGGA,200939.00,1339.08675,N,10029.52314,E,2,12,0.51,-0.3,M,-27.8,M,,0499*42
1776370179.263,$GNGSA,A,3,32,16,27,26,28,31,03,04,08,,,,1.07,0.51,0.94,1*0E
1776370179.264,$GNGSA,A,3,79,70,73,80,69,68,,,,,,,1.07,0.51,0.94,2*09
1776370179.264,$GNGSA,A,3,25,08,02,03,05,30,,,,,,,1.07,0.51,0.94,3*04
1776370179.265,$GNGSA,A,3,09,24,08,06,07,10,14,16,13,,,,1.07,0.51,0.94,4*0C
1776370179.265,$GPGSV,3,1,12,03,41,261,42,04,32,332,36,08,33,185,43,16,63,356,42,1*65
1776370179.266,$GPGSV,3,2,12,26,35,025,43,27,52,147,44,28,16,068,29,31,30,043,43,1*6D
1776370179.266,$GPGSV,3,3,12,32,17,133,41,41,64,233,46,42,70,217,46,50,56,115,42,1*61
1776370179.267,$GPGSV,2,1,08,03,41,261,40,04,32,332,41,08,33,185,44,26,35,025,41,6*69
1776370179.268,$GPGSV,2,2,08,27,52,147,44,28,16,068,27,31,30,043,36,32,17,133,37,6*6C
1776370179.269,$GPGSV,1,1,04,01,02,221,,02,05,194,,09,03,323,,40,36,259,,0*6F
1776370179.270,$GLGSV,2,1,07,68,24,153,47,69,76,146,51,70,47,335,50,73,27,269,39,1*7B
1776370179.270,$GLGSV,2,2,07,79,11,027,35,80,40,336,51,,,,35,1*7A
1776370179.271,$GLGSV,2,1,06,68,24,153,45,69,76,146,48,70,47,335,49,73,27,269,34,3*77
1776370179.271,$GLGSV,2,2,06,79,11,027,30,80,40,336,46,3*7C
1776370179.272,$GLGSV,1,1,03,81,02,074,,82,09,117,,83,04,165,,0*4B
1776370179.273,$GAGSV,2,1,07,02,75,329,49,03,65,055,50,05,28,119,46,08,34,336,44,2*7F
1776370179.273,$GAGSV,2,2,07,25,28,031,41,30,37,233,47,32,55,356,48,2*40
1776370179.274,$GAGSV,2,1,07,02,75,329,45,03,65,055,45,05,28,119,41,08,34,336,43,7*72
1776370179.274,$GAGSV,2,2,07,25,28,031,41,30,37,233,43,32,55,356,40,7*49
1776370179.275,$GAGSV,1,1,02,15,05,225,,34,07,178,,0*7C
1776370179.275,$GBGSV,2,1,08,06,31,181,43,07,54,160,41,08,38,191,39,09,43,341,39,1*70
1776370179.276,$GBGSV,2,2,08,10,49,174,41,13,46,206,45,14,60,304,45,24,46,329,42,1*7F
1776370179.277,$GBGSV,2,1,07,07,54,160,47,08,38,191,41,09,43,341,45,10,49,174,45,3*7B
1776370179.277,$GBGSV,2,2,07,13,46,206,45,14,60,304,51,16,41,013,43,3*41
1776370179.278,$GBGSV,3,1,10,01,37,105,,02,66,235,,03,70,144,,04,21,101,,0*71
1776370179.278,$GBGSV,3,2,10,04,21,101,,05,41,259,,11,02,199,,12,21,153,,0*7A
1776370179.278,$GBGSV,3,3,10,12,21,153,,21,33,157,,0*71
1776370179.279,$GNGLL,1339.08675,N,10029.52314,E,200939.00,A,D*7C
1776370180.258,$GNRMC,200940.00,A,1339.08624,N,10029.52278,E,2.125,213.86,160426,0.53,W,D,V*42
1776370180.259,$GNVTG,213.86,T,214.39,M,2.125,N,3.935,K,D*33
1776370180.262,$GNGGA,200940.00,1339.08624,N,10029.52278,E,2,12,0.51,-0.3,M,-27.8,M,,0499*43
1776370180.263,$GNGSA,A,3,32,16,27,26,28,31,03,04,08,,,,1.07,0.51,0.94,1*0E
1776370180.265,$GNGSA,A,3,79,70,73,80,69,68,,,,,,,1.07,0.51,0.94,2*09
1776370180.266,$GNGSA,A,3,25,08,02,03,05,30,,,,,,,1.07,0.51,0.94,3*04
1776370180.267,$GNGSA,A,3,09,24,08,06,07,10,14,16,13,,,,1.07,0.51,0.94,4*0C
1776370180.269,$GPGSV,3,1,11,03,41,261,42,04,32,332,34,08,33,185,44,16,63,356,46,1*67
1776370180.271,$GPGSV,3,2,11,26,34,025,41,27,52,147,42,31,30,043,42,32,17,133,43,1*63
1776370180.272,$GPGSV,3,3,11,41,64,233,47,42,70,217,46,50,56,115,42,1*50
1776370180.273,$GPGSV,2,1,08,03,41,261,41,04,32,332,39,08,33,185,43,26,34,025,41,6*61
1776370180.275,$GPGSV,2,2,08,27,52,147,42,28,16,068,24,31,30,043,37,32,17,133,39,6*66
1776370180.276,$GPGSV,1,1,04,01,02,221,,02,05,194,,09,03,323,,40,36,259,,0*6F
1776370180.277,$GLGSV,2,1,07,68,24,153,45,69,76,146,51,70,47,335,49,73,27,269,37,1*7F
1776370180.278,$GLGSV,2,2,07,79,11,027,32,80,40,336,48,,,,27,1*76
1776370180.279,$GLGSV,2,1,06,68,24,153,42,69,76,146,47,70,47,335,47,73,27,269,29,3*7D
1776370180.280,$GLGSV,2,2,06,79,11,027,32,80,40,336,44,3*7C
1776370180.281,$GLGSV,1,1,03,81,02,074,,82,09,117,,83,04,165,,0*4B
1776370180.282,$GAGSV,2,1,07,02,75,329,49,03,65,055,51,05,28,119,46,08,34,336,45,2*7F
1776370180.283,$GAGSV,2,2,07,25,28,031,43,30,37,233,49,32,55,356,49,2*4D
1776370180.284,$GAGSV,2,1,07,02,75,329,45,03,65,055,45,05,28,119,41,08,34,336,41,7*70
1776370180.286,$GAGSV,2,2,07,25,28,031,39,30,37,233,46,32,55,356,44,7*47
1776370180.287,$GAGSV,1,1,02,15,05,225,,34,07,178,,0*7C
1776370180.288,$GBGSV,2,1,08,06,31,181,45,07,54,160,41,08,38,191,34,09,43,341,40,1*75
1776370180.289,$GBGSV,2,2,08,10,49,174,42,13,46,206,42,14,60,304,46,24,46,329,48,1*72
1776370180.290,$GBGSV,2,1,07,07,54,160,48,08,38,191,40,09,43,341,48,10,49,174,46,3*7B
1776370180.291,$GBGSV,2,2,07,13,46,206,43,14,60,304,51,16,41,013,42,3*46
1776370180.292,$GBGSV,3,1,10,01,37,105,,02,66,235,,03,70,144,,04,21,101,,0*71
1776370180.293,$GBGSV,3,2,10,04,21,101,,05,41,259,,11,02,199,,12,21,153,,0*7A
1776370180.294,$GBGSV,3,3,10,12,21,153,,21,33,157,,0*71
1776370180.294,$GNGLL,1339.08624,N,10029.52278,E,200940.00,A,D*7D
1776370181.258,$GNRMC,200941.00,A,1339.08576,N,10029.52247,E,1.901,208.59,160426,0.53,W,D,V*4E
1776370181.260,$GNVTG,208.59,T,209.12,M,1.901,N,3.521,K,D*3A
1776370181.262,$GNGGA,200941.00,1339.08576,N,10029.52247,E,2,12,0.51,-0.3,M,-27.8,M,,0499*4A
1776370181.264,$GNGSA,A,3,32,16,27,26,28,31,03,04,08,,,,1.07,0.51,0.94,1*0E
1776370181.265,$GNGSA,A,3,79,70,73,80,69,68,,,,,,,1.07,0.51,0.94,2*09
1776370181.266,$GNGSA,A,3,25,08,02,03,05,30,,,,,,,1.07,0.51,0.94,3*04
1776370181.268,$GNGSA,A,3,09,24,08,06,07,10,14,16,13,,,,1.07,0.51,0.94,4*0C
1776370181.269,$GPGSV,3,1,11,03,41,261,41,04,32,332,33,08,33,185,41,16,63,356,44,1*64
1776370181.271,$GPGSV,3,2,11,26,34,025,43,27,53,146,47,31,30,043,41,32,17,133,36,1*65
1776370181.272,$GPGSV,3,3,11,41,64,233,47,42,70,217,46,50,56,115,42,1*50
1776370181.274,$GPGSV,2,1,08,03,41,261,37,04,32,332,40,08,33,185,40,26,34,025,39,6*62
1776370181.276,$GPGSV,2,2,08,27,53,146,46,28,16,068,20,31,30,043,38,32,17,133,37,6*67
1776370181.278,$GPGSV,1,1,04,01,02,221,,02,05,194,,09,03,323,,40,36,259,,0*6F
1776370181.279,$GLGSV,2,1,07,68,24,153,45,69,76,146,50,70,47,335,48,73,27,269,37,1*7F
1776370181.280,$GLGSV,2,2,07,79,11,027,39,80,40,336,46,,,,32,1*77
1776370181.282,$GLGSV,2,1,06,68,24,153,41,69,76,146,48,70,47,335,49,73,27,269,25,3*73
1776370181.283,$GLGSV,2,2,06,79,11,027,31,80,40,336,45,3*7E
1776370181.284,$GLGSV,1,1,03,81,02,074,,82,09,117,,83,04,165,,0*4B
1776370181.285,$GAGSV,2,1,07,02,75,329,50,03,65,055,51,05,28,119,46,08,34,336,45,2*77
1776370181.286,$GAGSV,2,2,07,25,28,031,41,30,37,233,49,32,55,356,49,2*4F
1776370181.288,$GAGSV,2,1,07,02,75,329,46,03,65,055,45,05,28,119,41,08,34,336,35,7*70
1776370181.289,$GAGSV,2,2,07,25,28,031,40,30,37,233,45,32,55,356,43,7*4D
1776370181.290,$GAGSV,1,1,02,15,05,225,,34,07,178,,0*7C
1776370181.291,$GBGSV,2,1,08,06,31,181,46,07,54,160,42,08,38,191,29,09,43,341,41,1*78
1776370181.292,$GBGSV,2,2,08,10,49,174,43,13,46,206,36,14,60,304,46,24,46,329,43,1*7B
1776370181.293,$GBGSV,2,1,07,07,54,160,48,08,38,191,36,09,43,341,46,10,49,174,46,3*74
1776370181.294,$GBGSV,2,2,07,13,46,206,39,14,60,304,51,16,41,013,43,3*4A
1776370181.295,$GBGSV,3,1,10,01,37,105,,02,66,235,,03,70,144,,04,21,101,,0*71
1776370181.296,$GBGSV,3,2,10,04,21,101,,05,41,259,,11,02,199,,12,21,153,,0*7A
1776370181.297,$GBGSV,3,3,10,12,21,153,,21,33,157,,0*71
1776370181.297,$GNGLL,1339.08576,N,10029.52247,E,200941.00,A,D*74
1776370182.262,$GNRMC,200942.00,A,1339.08531,N,10029.52222,E,1.714,208.94,160426,0.53,W,D,V*46
1776370182.264,$GNVTG,208.94,T,209.47,M,1.714,N,3.174,K,D*35
1776370182.266,$GNGGA,200942.00,1339.08531,N,10029.52222,E,2,12,0.51,-0.4,M,-27.8,M,,0499*4E
1776370182.266,$GNGSA,A,3,32,16,27,26,28,31,03,04,08,,,,1.07,0.51,0.94,1*0E
1776370182.267,$GNGSA,A,3,79,70,73,80,69,68,,,,,,,1.07,0.51,0.94,2*09
1776370182.268,$GNGSA,A,3,25,08,02,03,05,30,,,,,,,1.07,0.51,0.94,3*04
1776370182.269,$GNGSA,A,3,09,24,08,06,07,10,14,16,13,,,,1.07,0.51,0.94,4*0C
1776370182.270,$GPGSV,3,1,11,03,41,261,43,04,32,332,29,08,33,185,39,16,63,356,44,1*62
1776370182.272,$GPGSV,3,2,11,26,34,025,43,27,53,146,43,31,30,043,42,32,17,133,38,1*6C
1776370182.273,$GPGSV,3,3,11,41,64,233,47,42,70,217,46,50,56,115,41,1*53
1776370182.274,$GPGSV,2,1,08,03,41,261,41,04,32,332,37,08,33,185,36,26,34,025,40,6*6C
1776370182.275,$GPGSV,2,2,08,27,53,146,44,28,16,068,21,31,30,043,39,32,17,133,35,6*67
1776370182.276,$GPGSV,1,1,04,01,02,221,,02,05,194,,09,03,323,,40,36,259,,0*6F
1776370182.276,$GLGSV,2,1,07,68,24,153,47,69,76,146,50,70,47,335,49,73,27,269,32,1*79
1776370182.277,$GLGSV,2,2,07,79,11,027,36,80,40,336,46,,,,28,1*73
1776370182.278,$GLGSV,2,1,06,68,24,153,43,69,76,146,48,70,47,335,47,73,27,269,32,3*79
1776370182.278,$GLGSV,2,2,06,79,11,027,25,80,40,336,43,3*7D
1776370182.279,$GLGSV,1,1,03,81,02,074,,82,09,117,,83,04,165,,0*4B
1776370182.280,$GAGSV,2,1,07,02,75,329,50,03,65,055,51,05,28,119,44,08,34,336,45,2*75
1776370182.280,$GAGSV,2,2,07,25,28,031,41,30,37,233,48,32,55,356,50,2*46
1776370182.281,$GAGSV,2,1,07,02,75,329,45,03,65,055,46,05,28,119,39,08,34,336,41,7*7C
1776370182.282,$GAGSV,2,2,07,25,28,031,40,30,37,233,46,32,55,356,45,7*48
1776370182.282,$GAGSV,1,1,02,15,05,225,,34,07,178,,0*7C
1776370182.283,$GBGSV,2,1,08,06,31,181,45,07,54,160,43,08,38,191,30,09,43,341,41,1*72
1776370182.284,$GBGSV,2,2,08,10,49,174,43,13,46,206,37,14,60,304,44,24,46,329,45,1*7E
1776370182.284,$GBGSV,2,1,07,07,54,160,46,08,38,191,33,09,43,341,46,10,49,174,46,3*7F
1776370182.285,$GBGSV,2,2,07,13,46,206,36,14,60,304,52,16,41,013,40,3*45
1776370182.287,$GBGSV,3,1,10,01,37,105,,02,66,235,,03,70,144,,04,21,101,,0*71
1776370182.288,$GBGSV,3,2,10,04,21,101,,05,41,259,,11,02,199,,12,21,153,,0*7A
1776370182.288,$GBGSV,3,3,10,12,21,153,,21,33,157,,0*71
1776370182.289,$GNGLL,1339.08531,N,10029.52222,E,200942.00,A,D*77
1776370183.248,$GNRMC,200943.00,A,1339.08490,N,10029.52201,E,1.523,203.01,160426,0.53,W,D,V*4D
1776370183.249,$GNVTG,203.01,T,203.54,M,1.523,N,2.820,K,D*35
1776370183.250,$GNGGA,200943.00,1339.08490,N,10029.52201,E,2,12,0.51,-0.4,M,-27.8,M,,0499*44
1776370183.251,$GNGSA,A,3,32,16,27,26,28,31,03,04,08,,,,1.07,0.51,0.94,1*0E
1776370183.251,$GNGSA,A,3,79,70,73,80,69,68,,,,,,,1.07,0.51,0.94,2*09
1776370183.252,$GNGSA,A,3,25,08,02,03,05,30,,,,,,,1.07,0.51,0.94,3*04
1776370183.253,$GNGSA,A,3,09,24,08,06,07,10,14,16,13,,,,1.07,0.51,0.94,4*0C
1776370183.255,$GPGSV,3,1,11,03,41,261,44,04,32,332,38,08,33,185,37,16,63,356,45,1*6A
1776370183.256,$GPGSV,3,2,11,26,34,025,40,27,53,146,46,31,30,043,44,32,17,133,39,1*6D
1776370183.258,$GPGSV,3,3,11,41,64,233,47,42,70,217,46,50,56,115,43,1*51
1776370183.258,$GPGSV,2,1,08,03,41,261,42,04,32,332,37,08,33,185,37,26,34,025,38,6*61
1776370183.259,$GPGSV,2,2,08,27,53,146,45,28,16,068,22,31,30,043,39,32,17,133,39,6*69
1776370183.260,$GPGSV,1,1,04,01,02,221,,02,05,194,,09,03,323,,40,36,259,,0*6F
1776370183.261,$GLGSV,2,1,07,68,24,153,44,69,76,146,50,70,47,335,46,73,27,269,32,1*75
1776370183.261,$GLGSV,2,2,07,79,11,027,34,80,40,336,43,,,,29,1*75
1776370183.262,$GLGSV,2,1,06,68,24,153,42,69,76,146,48,70,47,335,47,73,27,269,38,3*72
1776370183.263,$GLGSV,2,2,06,79,11,027,31,80,40,336,47,3*7C
1776370183.263,$GLGSV,1,1,03,81,02,074,,82,09,117,,83,04,165,,0*4B
1776370183.264,$GAGSV,2,1,07,02,75,329,49,03,65,055,51,05,28,119,45,08,34,336,42,2*7B
1776370183.265,$GAGSV,2,2,07,25,28,031,43,30,37,233,47,32,55,356,50,2*4B
1776370183.266,$GAGSV,2,1,07,02,75,329,46,03,65,055,46,05,28,119,43,08,34,336,38,7*7C
1776370183.267,$GAGSV,2,2,07,25,28,031,38,30,37,233,44,32,55,356,45,7*45
1776370183.267,$GAGSV,1,1,02,15,05,225,,34,07,178,,0*7C
1776370183.268,$GBGSV,2,1,08,06,31,181,44,07,54,160,43,08,38,191,35,09,43,341,41,1*76
1776370183.270,$GBGSV,2,2,08,10,49,174,42,13,46,206,29,14,60,304,46,24,46,329,36,1*76
1776370183.271,$GBGSV,2,1,07,07,54,160,46,08,38,191,33,09,43,341,45,10,49,174,46,3*7C
1776370183.272,$GBGSV,2,2,07,13,46,206,36,14,60,304,51,16,41,013,40,3*46
1776370183.274,$GBGSV,3,1,10,01,37,105,,02,66,235,,03,70,144,,04,21,101,,0*71
1776370183.275,$GBGSV,3,2,10,04,21,101,,05,41,259,,11,02,199,,12,21,153,,0*7A
1776370183.275,$GBGSV,3,3,10,12,21,153,,21,33,157,,0*71
1776370183.276,$GNGLL,1339.08490,N,10029.52201,E,200943.00,A,D*7D
1776370184.258,$GNRMC,200944.00,A,1339.08454,N,10029.52184,E,1.250,205.78,160426,0.53,W,D,V*47
1776370184.260,$GNVTG,205.78,T,206.31,M,1.250,N,2.315,K,D*35
1776370184.262,$GNGGA,200944.00,1339.08454,N,10029.52184,E,2,12,0.51,-0.4,M,-27.8,M,,0499*45
1776370184.264,$GNGSA,A,3,32,16,27,26,28,31,03,04,08,,,,1.07,0.51,0.94,1*0E
1776370184.266,$GNGSA,A,3,79,70,73,80,69,68,,,,,,,1.07,0.51,0.94,2*09
1776370184.267,$GNGSA,A,3,25,08,02,03,05,30,,,,,,,1.07,0.51,0.94,3*04
1776370184.269,$GNGSA,A,3,09,24,08,06,07,10,14,16,13,,,,1.07,0.51,0.94,4*0C
1776370184.271,$GPGSV,3,1,11,03,41,261,44,04,32,332,27,08,33,185,36,16,63,356,45,1*65
1776370184.275,$GPGSV,3,2,11,26,34,025,42,27,53,146,48,31,30,043,43,32,17,133,42,1*6A
1776370184.277,$GPGSV,3,3,11,41,64,233,47,42,70,217,46,50,56,115,40,1*52
1776370184.280,$GPGSV,2,1,08,03,41,261,44,04,32,332,34,08,33,185,36,26,34,025,40,6*6A
1776370184.282,$GPGSV,2,2,08,27,53,146,44,28,16,068,25,31,30,043,41,32,17,133,41,6*6F
1776370184.284,$GPGSV,1,1,04,01,02,221,,02,05,194,,09,03,323,,40,36,259,,0*6F
1776370184.285,$GLGSV,2,1,07,68,24,153,47,69,76,146,50,70,47,335,48,73,27,269,38,1*72
1776370184.287,$GLGSV,2,2,07,79,11,027,37,80,40,336,48,,,,28,1*7C
1776370184.288,$GLGSV,2,1,06,68,24,153,42,69,76,146,48,70,47,335,46,73,27,269,32,3*79
1776370184.289,$GLGSV,2,2,06,79,11,027,29,80,40,336,47,3*75
1776370184.291,$GLGSV,1,1,03,81,02,074,,82,09,117,,83,04,165,,0*4B
1776370184.292,$GAGSV,2,1,07,02,75,329,50,03,65,055,51,05,28,119,40,08,34,336,42,2*76
1776370184.293,$GAGSV,2,2,07,25,28,031,43,30,37,233,45,32,55,356,51,2*48
1776370184.294,$GAGSV,2,1,07,02,75,329,45,03,65,055,45,05,28,119,35,08,34,336,38,7*7D
1776370184.294,$GAGSV,2,2,07,25,28,031,38,30,37,233,43,32,55,356,45,7*42
1776370184.295,$GAGSV,1,1,02,15,05,225,,34,07,178,,0*7C
1776370184.295,$GBGSV,2,1,08,06,31,181,43,07,54,160,41,08,38,191,33,09,43,341,41,1*75
1776370184.296,$GBGSV,2,2,08,10,49,174,43,13,46,206,29,14,60,304,46,24,46,329,44,1*72
1776370184.297,$GBGSV,2,1,07,07,54,160,47,08,38,191,36,09,43,341,46,10,49,174,46,3*7B
1776370184.297,$GBGSV,2,2,07,13,46,206,35,14,60,304,51,16,41,013,44,3*41
1776370184.298,$GBGSV,3,1,10,01,37,105,,02,66,235,,03,70,144,,04,21,101,,0*71
1776370184.298,$GBGSV,3,2,10,04,21,101,,05,41,259,,11,02,199,,12,21,153,,0*7A
1776370184.299,$GBGSV,3,3,10,12,21,153,,21,33,157,,0*71
1776370184.299,$GNGLL,1339.08454,N,10029.52184,E,200944.00,A,D*7C
1776370185.259,$GNRMC,200945.00,A,1339.08424,N,10029.52170,E,1.061,205.03,160426,0.53,W,D,V*46
1776370185.262,$GNVTG,205.03,T,205.56,M,1.061,N,1.965,K,D*35
1776370185.264,$GNGGA,200945.00,1339.08424,N,10029.52170,E,2,12,0.51,-0.4,M,-27.8,M,,0499*48
1776370185.265,$GNGSA,A,3,32,16,27,26,28,31,03,04,08,,,,1.07,0.51,0.94,1*0E
1776370185.267,$GNGSA,A,3,79,70,73,80,69,68,,,,,,,1.07,0.51,0.94,2*09
1776370185.268,$GNGSA,A,3,25,08,02,03,05,30,,,,,,,1.07,0.51,0.94,3*04
1776370185.271,$GNGSA,A,3,09,24,08,06,07,10,14,16,13,,,,1.07,0.51,0.94,4*0C
1776370185.274,$GPGSV,3,1,11,03,41,261,45,04,32,332,35,08,33,185,33,16,63,356,44,1*63
1776370185.278,$GPGSV,3,2,11,26,34,025,43,27,53,146,46,31,30,044,42,32,17,133,37,1*61
1776370185.280,$GPGSV,3,3,11,41,64,233,47,42,70,217,45,50,56,115,38,1*5E
1776370185.282,$GPGSV,2,1,08,03,41,261,40,04,32,332,34,08,33,185,34,26,34,025,39,6*62
1776370185.284,$GPGSV,2,2,08,27,53,146,45,28,16,068,25,31,30,044,39,32,17,133,37,6*67
1776370185.285,$GPGSV,1,1,04,01,02,221,,02,05,194,,09,03,323,,40,36,259,,0*6F
1776370185.287,$GLGSV,2,1,07,68,24,153,45,69,76,146,51,70,47,335,46,73,27,269,33,1*74
1776370185.288,$GLGSV,2,2,07,79,11,027,37,80,40,336,48,,,,29,1*7D
1776370185.289,$GLGSV,2,1,06,68,24,153,43,69,76,146,48,70,47,335,47,73,27,269,28,3*72
1776370185.290,$GLGSV,2,2,06,79,11,027,27,80,40,336,47,3*7B
1776370185.291,$GLGSV,1,1,03,81,02,074,,82,09,117,,83,04,165,,0*4B
1776370185.292,$GAGSV,2,1,07,02,75,329,51,03,65,055,51,05,28,119,44,08,34,336,45,2*74
1776370185.293,$GAGSV,2,2,07,25,28,031,43,30,37,233,45,32,55,356,49,2*41
1776370185.293,$GAGSV,2,1,07,02,75,329,45,03,65,055,45,05,28,119,37,08,34,336,36,7*71
1776370185.294,$GAGSV,2,2,07,25,28,031,38,30,37,233,41,32,55,356,44,7*41
1776370185.295,$GAGSV,1,1,02,15,05,225,,34,07,178,,0*7C
1776370185.296,$GBGSV,2,1,08,06,31,181,43,07,54,160,43,08,38,191,23,09,43,341,43,1*74
1776370185.296,$GBGSV,2,2,08,10,49,174,43,13,46,206,34,14,60,304,47,24,46,329,46,1*7D
1776370185.297,$GBGSV,2,1,06,07,54,160,47,08,38,191,32,09,43,341,42,10,49,174,46,3*7A
1776370185.297,$GBGSV,2,2,06,14,60,304,50,16,41,013,42,3*75
1776370185.298,$GBGSV,3,1,10,01,37,105,,02,66,235,,03,70,144,,04,21,101,,0*71
1776370185.299,$GBGSV,3,2,10,04,21,101,,05,41,259,,11,02,199,,12,21,153,,0*7A
1776370185.299,$GBGSV,3,3,10,12,21,153,,21,33,157,,0*71
1776370185.300,$GNGLL,1339.08424,N,10029.52170,E,200945.00,A,D*71
1776370186.257,$GNRMC,200946.00,A,1339.08398,N,10029.52157,E,0.955,204.48,160426,0.53,W,D,V*41
1776370186.259,$GNVTG,204.48,T,205.01,M,0.955,N,1.768,K,D*35
1776370186.261,$GNGGA,200946.00,1339.08398,N,10029.52157,E,2,12,0.51,-0.4,M,-27.8,M,,0499*4E
1776370186.263,$GNGSA,A,3,32,16,27,26,28,31,03,04,08,,,,1.07,0.51,0.94,1*0E
1776370186.265,$GNGSA,A,3,79,70,73,80,69,68,,,,,,,1.07,0.51,0.94,2*09
1776370186.266,$GNGSA,A,3,25,08,02,03,05,30,,,,,,,1.07,0.51,0.94,3*04
1776370186.268,$GNGSA,A,3,09,24,08,06,07,10,14,16,13,,,,1.07,0.51,0.94,4*0C
1776370186.270,$GPGSV,3,1,11,03,41,261,41,04,32,332,40,08,33,185,33,16,63,356,45,1*64
1776370186.273,$GPGSV,3,2,11,26,34,025,40,27,53,146,45,31,30,044,42,32,16,134,37,1*67
1776370186.274,$GPGSV,3,3,11,41,64,233,47,42,70,217,47,50,56,115,38,1*5C
1776370186.276,$GPGSV,2,1,08,03,41,261,43,04,32,332,41,08,33,185,34,26,34,025,41,6*6C
1776370186.277,$GPGSV,2,2,08,27,53,146,44,28,16,068,24,31,30,044,38,32,16,134,37,6*60
1776370186.278,$GPGSV,1,1,04,01,02,221,,02,05,194,,09,03,323,,40,36,259,,0*6F
1776370186.279,$GLGSV,2,1,07,68,24,153,44,69,76,146,51,70,47,335,50,73,27,269,43,1*75
1776370186.280,$GLGSV,2,2,07,79,11,027,27,80,40,336,47,,,,38,1*73
1776370186.281,$GLGSV,2,1,06,68,24,153,43,69,76,146,48,70,47,335,48,73,27,269,37,3*73
1776370186.282,$GLGSV,2,2,06,79,11,027,27,80,40,336,46,3*7A
1776370186.282,$GLGSV,1,1,03,81,02,074,,82,09,117,,83,04,165,,0*4B
1776370186.283,$GAGSV,2,1,07,02,75,329,49,03,65,055,51,05,28,119,43,08,34,336,45,2*7A
1776370186.284,$GAGSV,2,2,07,25,28,031,45,30,37,233,43,32,55,356,50,2*49
1776370186.285,$GAGSV,2,1,07,02,75,329,47,03,65,055,45,05,28,119,36,08,34,336,41,7*72
1776370186.286,$GAGSV,2,2,07,25,28,031,39,30,37,233,40,32,55,356,45,7*40
1776370186.286,$GAGSV,1,1,02,15,05,225,,34,07,178,,0*7C
1776370186.287,$GBGSV,2,1,08,06,31,181,42,07,54,160,43,08,38,191,23,09,43,341,40,1*76
1776370186.288,$GBGSV,2,2,08,10,49,174,43,13,46,206,30,14,60,304,45,24,46,329,45,1*78
1776370186.289,$GBGSV,2,1,06,07,54,160,46,08,38,191,27,09,43,341,45,10,49,174,46,3*78
1776370186.289,$GBGSV,2,2,06,14,60,304,51,16,41,013,41,3*77
1776370186.290,$GBGSV,3,1,10,01,37,105,,02,66,235,,03,70,144,,04,21,101,,0*71
1776370186.291,$GBGSV,3,2,10,04,21,101,,05,41,259,,11,02,199,,12,21,153,,0*7A
1776370186.291,$GBGSV,3,3,10,12,21,153,,21,33,157,,0*71
1776370186.292,$GNGLL,1339.08398,N,10029.52157,E,200946.00,A,D*77
1776370187.256,$GNRMC,200947.00,A,1339.08359,N,10029.52140,E,2.070,200.66,160426,0.53,W,D,V*4F
1776370187.259,$GNVTG,200.66,T,201.20,M,2.070,N,3.834,K,D*32
1776370187.261,$GNGGA,200947.00,1339.08359,N,10029.52140,E,2,12,0.51,-0.4,M,-27.8,M,,0499*44
1776370187.263,$GNGSA,A,3,32,16,27,26,28,31,03,04,08,,,,1.07,0.51,0.94,1*0E
1776370187.264,$GNGSA,A,3,79,70,73,80,69,68,,,,,,,1.07,0.51,0.94,2*09
1776370187.266,$GNGSA,A,3,25,08,02,03,05,30,,,,,,,1.07,0.51,0.94,3*04
1776370187.267,$GNGSA,A,3,09,24,08,06,07,10,14,16,13,,,,1.07,0.51,0.94,4*0C
1776370187.269,$GPGSV,3,1,11,03,41,261,42,04,32,332,31,08,33,185,32,16,63,356,45,1*60
1776370187.273,$GPGSV,3,2,11,26,34,025,41,27,53,146,45,31,30,044,41,32,16,134,34,1*66
1776370187.276,$GPGSV,3,3,11,41,64,233,47,42,70,217,46,50,56,115,39,1*5C
1776370187.278,$GPGSV,2,1,08,03,41,261,43,04,32,332,37,08,33,185,34,26,34,025,40,6*6C
1776370187.281,$GPGSV,2,2,08,27,53,146,44,28,16,068,26,31,30,044,38,32,16,134,35,6*60
1776370187.282,$GPGSV,1,1,04,01,02,221,,02,05,194,,09,03,323,,40,36,259,,0*6F
1776370187.284,$GLGSV,2,1,07,68,24,153,46,69,76,146,50,70,47,335,51,73,27,269,45,1*71
1776370187.285,$GLGSV,2,2,07,79,11,027,33,80,40,336,48,,,,33,1*72
1776370187.286,$GLGSV,2,1,06,68,24,153,42,69,76,146,47,70,47,335,49,73,27,269,39,3*72
1776370187.287,$GLGSV,2,2,06,79,11,027,27,80,40,336,46,3*7A
1776370187.289,$GLGSV,1,1,03,81,02,074,,82,09,117,,83,04,165,,0*4B
1776370187.291,$GAGSV,2,1,07,02,75,329,49,03,65,055,51,05,28,119,44,08,34,336,44,2*7C
1776370187.292,$GAGSV,2,2,07,25,28,031,45,30,37,233,40,32,55,356,50,2*4A
1776370187.293,$GAGSV,2,1,07,02,75,329,46,03,65,055,46,05,28,119,40,08,34,336,37,7*70
1776370187.294,$GAGSV,2,2,07,25,28,031,39,30,37,233,39,32,55,356,44,7*4F
1776370187.295,$GAGSV,1,1,02,15,05,225,,34,07,178,,0*7C
1776370187.295,$GBGSV,2,1,08,06,31,181,39,07,54,160,44,08,38,191,30,09,43,341,43,1*7C
1776370187.296,$GBGSV,2,2,08,10,49,174,44,13,46,206,25,14,60,304,46,24,46,329,44,1*79
1776370187.297,$GBGSV,2,1,06,07,54,160,48,08,38,191,27,09,43,341,46,10,49,174,46,3*75
1776370187.298,$GBGSV,2,2,06,14,60,304,51,16,41,013,42,3*74
1776370187.299,$GBGSV,3,1,10,01,37,105,,02,66,235,,03,70,144,,04,21,101,,0*71
1776370187.299,$GBGSV,3,2,10,04,21,101,,05,41,259,,11,02,199,,12,21,153,,0*7A
1776370187.300,$GBGSV,3,3,10,12,21,153,,21,33,157,,0*71
1776370187.300,$GNGLL,1339.08359,N,10029.52140,E,200947.00,A,D*7D
1776370188.256,$GNRMC,200948.00,A,1339.08300,N,10029.52115,E,2.486,201.22,160426,0.53,W,D,V*40
1776370188.258,$GNVTG,201.22,T,201.75,M,2.486,N,4.604,K,D*34
1776370188.260,$GNGGA,200948.00,1339.08300,N,10029.52115,E,2,12,0.51,-0.4,M,-27.8,M,,0499*47
1776370188.262,$GNGSA,A,3,32,16,27,26,28,31,03,04,08,,,,1.07,0.51,0.94,1*0E
1776370188.263,$GNGSA,A,3,79,70,73,80,69,68,,,,,,,1.07,0.51,0.94,2*09
1776370188.265,$GNGSA,A,3,25,08,02,03,05,30,,,,,,,1.07,0.51,0.94,3*04
1776370188.266,$GNGSA,A,3,09,24,08,06,07,10,14,16,13,,,,1.07,0.51,0.94,4*0C
1776370188.268,$GPGSV,3,1,11,03,41,261,44,04,32,332,42,08,33,185,32,16,63,356,44,1*63
1776370188.271,$GPGSV,3,2,11,26,34,025,40,27,53,146,46,31,30,044,42,32,16,134,34,1*67
1776370188.275,$GPGSV,3,3,11,41,64,233,47,42,70,217,46,50,56,115,41,1*53
1776370188.278,$GPGSV,2,1,08,03,41,261,43,04,32,332,41,08,33,185,30,26,34,025,39,6*67
1776370188.281,$GPGSV,2,2,08,27,53,146,44,28,16,068,25,31,30,044,38,32,16,134,35,6*63
1776370188.283,$GPGSV,1,1,04,01,02,221,,02,05,194,,09,03,323,,40,36,259,,0*6F
1776370188.284,$GLGSV,2,1,07,68,24,153,44,69,76,146,50,70,47,335,48,73,27,269,44,1*7A
1776370188.286,$GLGSV,2,2,07,79,11,027,32,80,40,336,45,,,,36,1*7B
1776370188.288,$GLGSV,2,1,06,68,24,153,41,69,76,146,48,70,47,335,47,73,27,269,40,3*7E
1776370188.289,$GLGSV,2,2,06,79,11,027,26,80,40,336,44,3*79
1776370188.290,$GLGSV,1,1,03,81,02,074,,82,09,117,,83,04,165,,0*4B
1776370188.291,$GAGSV,2,1,07,02,75,329,50,03,65,055,52,05,28,119,46,08,34,336,44,2*75
1776370188.291,$GAGSV,2,2,07,25,28,031,44,30,37,233,36,32,55,356,51,2*4B
1776370188.292,$GAGSV,2,1,07,02,75,329,46,03,65,055,45,05,28,119,40,08,34,336,42,7*71
1776370188.293,$GAGSV,2,2,07,25,28,031,39,30,37,233,34,32,55,356,44,7*42
1776370188.293,$GAGSV,1,1,02,15,05,225,,34,07,178,,0*7C
1776370188.294,$GBGSV,2,1,08,06,31,181,37,07,54,160,44,08,38,191,23,09,43,341,43,1*70
1776370188.294,$GBGSV,2,2,08,10,49,174,43,13,46,206,25,14,60,304,46,24,46,329,44,1*7E
1776370188.295,$GBGSV,2,1,05,07,54,160,47,09,43,341,46,10,49,174,45,14,60,304,48,3*7D
1776370188.296,$GBGSV,2,2,05,16,41,013,43,3*46
1776370188.296,$GBGSV,3,1,10,01,37,105,,02,66,235,,03,70,144,,04,21,101,,0*71
1776370188.297,$GBGSV,3,2,10,04,21,101,,05,41,259,,11,02,199,,12,21,153,,0*7A
1776370188.297,$GBGSV,3,3,10,12,21,153,,21,33,157,,0*71
1776370188.298,$GNGLL,1339.08300,N,10029.52115,E,200948.00,A,D*7E
1776370189.257,$GNRMC,200949.00,A,1339.08235,N,10029.52090,E,2.446,199.60,160426,0.53,W,D,V*42
1776370189.260,$GNVTG,199.60,T,200.13,M,2.446,N,4.531,K,D*38
1776370189.264,$GNGGA,200949.00,1339.08235,N,10029.52090,E,2,12,0.51,-0.4,M,-27.8,M,,0499*4D
1776370189.267,$GNGSA,A,3,32,16,27,26,28,31,03,04,08,,,,1.07,0.51,0.94,1*0E
1776370189.270,$GNGSA,A,3,79,70,73,80,69,68,,,,,,,1.07,0.51,0.94,2*09
1776370189.272,$GNGSA,A,3,25,08,02,03,05,30,,,,,,,1.07,0.51,0.94,3*04
1776370189.274,$GNGSA,A,3,09,24,08,06,07,10,14,16,13,,,,1.07,0.51,0.94,4*0C
1776370189.277,$GPGSV,3,1,11,03,41,261,44,04,32,332,35,08,33,185,27,16,63,356,46,1*65
1776370189.280,$GPGSV,3,2,11,26,34,025,41,27,53,146,44,31,30,044,42,32,16,134,40,1*67
1776370189.282,$GPGSV,3,3,11,41,64,233,48,42,70,217,46,50,56,115,41,1*5C
1776370189.283,$GPGSV,2,1,08,03,41,261,42,04,32,332,31,08,33,185,23,26,34,025,39,6*63
1776370189.285,$GPGSV,2,2,08,27,53,146,45,28,16,068,23,31,30,044,40,32,16,134,40,6*69
1776370189.287,$GPGSV,1,1,04,01,02,221,,02,05,194,,09,03,323,,40,36,259,,0*6F
1776370189.288,$GLGSV,2,1,07,68,24,153,45,69,76,146,50,70,47,335,49,73,27,269,48,1*76
1776370189.289,$GLGSV,2,2,07,79,11,027,27,80,40,336,47,,,,33,1*78
1776370189.290,$GLGSV,2,1,06,68,24,153,41,69,76,146,48,70,47,335,48,73,27,269,46,3*77
1776370189.292,$GLGSV,2,2,06,79,11,027,27,80,40,336,44,3*78
1776370189.293,$GLGSV,1,1,03,81,02,074,,82,09,117,,83,04,165,,0*4B
1776370189.294,$GAGSV,2,1,07,02,75,329,50,03,65,055,51,05,28,119,45,08,34,336,41,2*70
1776370189.296,$GAGSV,2,2,07,25,28,031,45,30,37,233,30,32,55,356,51,2*4C
1776370189.297,$GAGSV,2,1,07,02,75,329,46,03,65,055,46,05,28,119,37,08,34,336,39,7*7E
1776370189.297,$GAGSV,2,2,07,25,28,031,40,30,37,233,29,32,55,356,45,7*41
1776370189.298,$GAGSV,1,1,02,15,05,225,,34,07,178,,0*7C
1776370189.298,$GBGSV,2,1,08,06,31,181,34,07,54,160,43,08,38,191,23,09,43,341,41,1*76
1776370189.299,$GBGSV,2,2,08,10,49,174,42,13,46,206,23,14,60,304,47,24,46,329,44,1*78
1776370189.300,$GBGSV,2,1,05,07,54,160,48,09,43,341,45,10,49,174,48,14,60,304,50,3*75
1776370189.300,$GBGSV,2,2,05,16,41,013,42,3*47
1776370189.301,$GBGSV,3,1,10,01,37,105,,02,66,235,,03,70,144,,04,21,101,,0*71
1776370189.301,$GBGSV,3,2,10,04,21,101,,05,41,259,,11,02,199,,12,21,153,,0*7A
1776370189.302,$GBGSV,3,3,10,12,21,153,,21,33,157,,0*71
1776370189.302,$GNGLL,1339.08235,N,10029.52090,E,200949.00,A,D*74
1776370190.254,$GNRMC,200950.00,A,1339.08172,N,10029.52069,E,2.368,195.23,160426,0.53,W,D,V*4C
1776370190.256,$GNVTG,195.23,T,195.76,M,2.368,N,4.385,K,D*3D
1776370190.258,$GNGGA,200950.00,1339.08172,N,10029.52069,E,2,12,0.51,-0.3,M,-27.8,M,,0499*44
1776370190.261,$GNGSA,A,3,32,16,27,26,28,31,03,04,08,,,,1.07,0.51,0.94,1*0E
1776370190.262,$GNGSA,A,3,79,70,73,80,69,68,,,,,,,1.07,0.51,0.94,2*09
1776370190.264,$GNGSA,A,3,25,08,02,03,05,30,,,,,,,1.07,0.51,0.94,3*04
1776370190.265,$GNGSA,A,3,09,24,08,06,07,10,14,16,13,,,,1.07,0.51,0.94,4*0C
1776370190.267,$GPGSV,3,1,11,03,41,261,44,04,32,332,38,08,33,185,26,16,63,356,45,1*6A
1776370190.268,$GPGSV,3,2,11,26,34,025,42,27,53,146,46,31,30,044,42,32,16,134,41,1*67
1776370190.269,$GPGSV,3,3,11,41,64,233,42,42,70,217,47,50,56,115,41,1*57
1776370190.271,$GPGSV,2,1,08,03,41,261,42,04,32,332,38,08,33,185,24,26,34,025,40,6*63
1776370190.272,$GPGSV,2,2,08,27,53,146,44,28,16,068,21,31,30,044,39,32,16,134,39,6*6A
1776370190.274,$GPGSV,1,1,04,01,02,221,,02,05,194,,09,03,323,,40,36,259,,0*6F
1776370190.276,$GLGSV,2,1,07,68,24,153,42,69,76,146,50,70,47,335,50,73,27,269,46,1*77
1776370190.277,$GLGSV,2,2,07,79,11,027,32,80,40,336,45,,,,32,1*7F
1776370190.279,$GLGSV,2,1,06,68,24,153,38,69,76,146,47,70,47,335,49,73,27,269,39,3*7F
1776370190.280,$GLGSV,2,2,06,79,11,027,31,80,40,336,41,3*7A
1776370190.281,$GLGSV,1,1,03,81,02,074,,82,09,117,,83,04,165,,0*4B
1776370190.283,$GAGSV,2,1,07,02,75,329,50,03,65,055,51,05,28,119,45,08,34,336,35,2*73
1776370190.284,$GAGSV,2,2,07,25,28,031,42,30,37,233,22,32,55,356,50,2*49
1776370190.285,$GAGSV,2,1,07,02,75,329,47,03,65,055,45,05,28,119,39,08,34,336,35,7*7E
1776370190.286,$GAGSV,2,2,07,25,28,031,39,30,37,233,27,32,55,356,44,7*40
1776370190.286,$GAGSV,1,1,02,15,05,225,,34,07,178,,0*7C
1776370190.287,$GBGSV,2,1,08,06,31,181,30,07,54,160,42,08,38,191,22,09,43,341,43,1*70
1776370190.288,$GBGSV,2,2,08,10,49,174,45,13,46,206,21,14,60,304,44,24,46,329,46,1*7C
1776370190.288,$GBGSV,2,1,06,07,54,160,46,08,38,191,19,09,43,341,43,10,49,174,48,3*7D
1776370190.289,$GBGSV,2,2,06,14,60,304,52,16,41,013,41,3*74
1776370190.290,$GBGSV,3,1,10,01,37,105,,02,66,235,,03,70,144,,04,21,101,,0*71
1776370190.292,$GBGSV,3,2,10,04,21,101,,05,41,259,,11,02,199,,12,21,153,,0*7A
1776370190.293,$GBGSV,3,3,10,12,21,153,,21,33,157,,0*71
1776370190.293,$GNGLL,1339.08172,N,10029.52069,E,200950.00,A,D*7A
1776370191.255,$GNRMC,200951.00,A,1339.08107,N,10029.52053,E,2.434,192.74,160426,0.53,W,D,V*4D
1776370191.257,$GNVTG,192.74,T,193.27,M,2.434,N,4.509,K,D*36
1776370191.259,$GNGGA,200951.00,1339.08107,N,10029.52053,E,2,12,0.51,-0.3,M,-27.8,M,,0499*4E
1776370191.260,$GNGSA,A,3,32,16,27,26,28,31,03,04,08,,,,1.07,0.51,0.94,1*0E
1776370191.260,$GNGSA,A,3,79,70,73,80,69,68,,,,,,,1.07,0.51,0.94,2*09
1776370191.261,$GNGSA,A,3,25,08,02,03,05,30,,,,,,,1.07,0.51,0.94,3*04
1776370191.262,$GNGSA,A,3,09,24,08,06,07,10,14,16,13,,,,1.07,0.51,0.94,4*0C
1776370191.263,$GPGSV,3,1,11,03,41,261,41,04,32,332,34,08,33,185,26,16,63,356,46,1*60
1776370191.264,$GPGSV,3,2,11,26,34,025,43,27,53,146,46,31,30,044,42,32,16,134,41,1*66
1776370191.265,$GPGSV,3,3,11,41,64,233,39,42,70,217,44,50,56,115,44,1*5D
1776370191.266,$GPGSV,2,1,08,03,41,261,37,04,32,332,28,08,33,185,23,26,34,025,39,6*69
1776370191.267,$GPGSV,2,2,08,27,53,146,44,28,16,068,24,31,30,044,39,32,16,134,39,6*6F
1776370191.268,$GPGSV,1,1,04,01,02,221,,02,05,194,,09,03,323,,40,36,259,,0*6F
1776370191.269,$GLGSV,2,1,07,68,24,153,40,69,76,146,50,70,47,335,49,73,27,269,35,1*79
1776370191.270,$GLGSV,2,2,07,79,11,027,39,80,40,336,46,,,,32,1*77
1776370191.271,$GLGSV,2,1,06,68,24,153,40,69,76,146,47,70,47,335,48,73,27,269,29,3*70
1776370191.271,$GLGSV,2,2,06,79,11,027,35,80,40,336,44,3*7B
1776370191.272,$GLGSV,1,1,03,81,02,074,,82,09,117,,83,04,165,,0*4B
1776370191.273,$GAGSV,2,1,07,02,75,329,50,03,65,055,51,05,28,119,45,08,34,336,44,2*75
1776370191.273,$GAGSV,2,2,07,25,28,031,45,30,37,233,24,32,55,356,51,2*49
1776370191.274,$GAGSV,2,1,07,02,75,329,46,03,65,055,47,05,28,119,39,08,34,336,38,7*70
1776370191.275,$GAGSV,2,2,07,25,28,031,39,30,37,233,25,32,55,356,44,7*42
1776370191.276,$GAGSV,1,1,02,15,05,225,,34,07,178,,0*7C
1776370191.277,$GBGSV,2,1,08,06,31,181,30,07,54,160,44,08,38,191,22,09,43,341,40,1*75
1776370191.278,$GBGSV,2,2,08,10,49,174,46,13,46,206,22,14,60,304,47,24,46,329,46,1*7F
1776370191.279,$GBGSV,2,1,05,07,54,160,44,09,43,341,45,10,49,174,47,14,60,304,48,3*7F
1776370191.279,$GBGSV,2,2,05,16,41,013,42,3*47
1776370191.280,$GBGSV,3,1,10,01,37,105,,02,66,235,,03,70,144,,04,21,101,,0*71
1776370191.281,$GBGSV,3,2,10,04,21,101,,05,41,259,,11,02,199,,12,21,153,,0*7A
1776370191.282,$GBGSV,3,3,10,12,21,153,,21,33,157,,0*71
1776370191.282,$GNGLL,1339.08107,N,10029.52053,E,200951.00,A,D*70
1776370192.247,$GNRMC,200952.00,A,1339.08038,N,10029.52040,E,2.594,187.72,160426,0.53,W,D,V*48
1776370192.249,$GNVTG,187.72,T,188.25,M,2.594,N,4.805,K,D*36
1776370192.250,$GNGGA,200952.00,1339.08038,N,10029.52040,E,2,12,0.51,-0.3,M,-27.8,M,,0499*42
1776370192.251,$GNGSA,A,3,32,16,27,26,28,31,03,04,08,,,,1.07,0.51,0.94,1*0E
1776370192.252,$GNGSA,A,3,79,70,73,80,69,68,,,,,,,1.07,0.51,0.94,2*09
1776370192.252,$GNGSA,A,3,25,08,02,03,05,30,,,,,,,1.07,0.51,0.94,3*04
1776370192.253,$GNGSA,A,3,09,24,08,06,07,10,14,16,13,,,,1.07,0.51,0.94,4*0C
1776370192.253,$GPGSV,3,1,12,03,41,261,40,04,32,332,28,08,33,185,26,16,63,356,45,1*6C
1776370192.254,$GPGSV,3,2,12,26,34,025,43,27,53,146,47,28,16,068,26,31,30,044,41,1*65
1776370192.255,$GPGSV,3,3,12,32,16,134,39,41,64,233,34,42,70,217,41,50,56,115,40,1*68
1776370192.256,$GPGSV,2,1,08,03,41,261,40,04,32,332,38,08,33,185,24,26,34,025,40,6*61
1776370192.257,$GPGSV,2,2,08,27,53,146,45,28,16,068,23,31,30,044,39,32,16,134,38,6*68
1776370192.258,$GPGSV,1,1,04,01,02,221,,02,05,194,,09,03,323,,40,36,259,,0*6F
1776370192.260,$GLGSV,2,1,07,68,24,153,42,69,76,146,49,70,47,335,50,73,27,269,31,1*7F
1776370192.261,$GLGSV,2,2,07,79,11,027,38,80,40,336,48,,,,31,1*7B
1776370192.262,$GLGSV,2,1,06,68,24,153,34,69,76,146,47,70,47,335,49,73,27,269,23,3*78
1776370192.262,$GLGSV,2,2,06,79,11,027,38,80,40,336,46,3*74
1776370192.263,$GLGSV,1,1,03,81,02,074,,82,09,117,,83,04,165,,0*4B
1776370192.264,$GAGSV,2,1,07,02,75,329,51,03,65,055,52,05,28,119,47,08,34,336,43,2*72
1776370192.265,$GAGSV,2,2,07,25,28,031,44,30,37,233,25,32,55,356,51,2*49
1776370192.266,$GAGSV,2,1,07,02,75,329,45,03,65,055,45,05,28,119,40,08,34,336,39,7*7E
1776370192.266,$GAGSV,2,2,07,25,28,031,40,30,37,233,23,32,55,356,44,7*4A
1776370192.267,$GAGSV,1,1,02,15,05,225,,34,07,178,,0*7C
1776370192.267,$GBGSV,2,1,08,06,31,181,30,07,54,160,42,08,38,191,21,09,43,341,42,1*72
1776370192.268,$GBGSV,2,2,08,10,49,174,44,13,46,206,21,14,60,304,46,24,46,329,47,1*7E
1776370192.269,$GBGSV,2,1,05,07,54,160,50,09,43,341,46,10,49,174,46,14,60,304,50,3*71
1776370192.269,$GBGSV,2,2,05,16,41,013,43,3*46
1776370192.269,$GBGSV,3,1,10,01,37,105,,02,66,235,,03,70,144,,04,21,101,,0*71
1776370192.270,$GBGSV,3,2,10,04,21,101,,05,41,259,,11,02,199,,12,21,153,,0*7A
1776370192.270,$GBGSV,3,3,10,12,21,153,,21,33,157,,0*71
1776370192.271,$GNGLL,1339.08038,N,10029.52040,E,200952.00,A,D*7C
1776370193.257,$GNRMC,200953.00,A,1339.07967,N,10029.52031,E,2.553,185.68,160426,0.53,W,D,V*41
1776370193.259,$GNVTG,185.68,T,186.21,M,2.553,N,4.729,K,D*3F
1776370193.261,$GNGGA,200953.00,1339.07967,N,10029.52031,E,2,12,0.51,-0.3,M,-27.8,M,,0499*49
1776370193.262,$GNGSA,A,3,32,16,27,26,28,31,03,04,08,,,,1.05,0.51,0.92,1*0A
1776370193.262,$GNGSA,A,3,79,70,73,80,69,68,,,,,,,1.05,0.51,0.92,2*0D
1776370193.262,$GNGSA,A,3,25,08,02,03,05,30,,,,,,,1.05,0.51,0.92,3*00
1776370193.263,$GNGSA,A,3,09,24,12,06,07,10,14,16,13,,,,1.05,0.51,0.92,4*03
1776370193.263,$GPGSV,3,1,12,03,41,261,34,04,32,332,38,08,33,185,26,16,63,356,45,1*6E
1776370193.263,$GPGSV,3,2,12,26,34,025,42,27,53,146,48,28,16,068,24,31,30,044,42,1*6A
1776370193.264,$GPGSV,3,3,12,32,16,134,41,41,64,233,30,42,70,217,38,50,56,115,45,1*68
1776370193.264,$GPGSV,2,1,08,03,41,261,35,04,32,332,39,08,33,185,24,26,34,025,42,6*60
1776370193.265,$GPGSV,2,2,08,27,53,146,46,28,16,068,21,31,30,044,39,32,16,134,38,6*69
1776370193.265,$GPGSV,1,1,04,01,02,221,,02,05,194,,09,03,323,,40,36,259,,0*6F
1776370193.266,$GLGSV,2,1,07,68,24,153,42,69,76,146,50,70,47,335,49,73,27,269,28,1*77
1776370193.266,$GLGSV,2,2,07,79,11,027,40,80,40,336,48,,,,34,1*71
1776370193.266,$GLGSV,2,1,06,68,24,153,40,69,76,146,47,70,47,335,47,73,27,269,25,3*73
1776370193.267,$GLGSV,2,2,06,79,11,027,37,80,40,336,46,3*7B
1776370193.267,$GLGSV,1,1,03,81,02,074,,82,09,117,,83,04,165,,0*4B
1776370193.267,$GAGSV,2,1,07,02,75,329,50,03,65,055,50,05,28,119,45,08,34,336,45,2*75
1776370193.268,$GAGSV,2,2,07,25,28,031,45,30,37,233,25,32,55,356,50,2*49
1776370193.268,$GAGSV,2,1,07,02,75,329,46,03,65,055,45,05,28,119,41,08,34,336,39,7*7C
1776370193.269,$GAGSV,2,2,07,25,28,031,42,30,37,233,21,32,55,356,45,7*4B
1776370193.269,$GAGSV,1,1,02,15,05,225,,34,07,178,,0*7C
1776370193.269,$GBGSV,2,1,08,06,31,181,29,07,54,160,43,08,38,191,21,09,43,341,43,1*7A
1776370193.270,$GBGSV,2,2,08,10,49,174,43,13,46,206,22,14,60,304,44,24,46,329,47,1*78
1776370193.270,$GBGSV,2,1,07,07,54,160,48,08,38,191,23,09,43,341,44,10,49,174,43,3*77
1776370193.271,$GBGSV,2,2,07,12,21,153,38,14,60,304,51,16,41,013,42,3*49
1776370193.271,$GBGSV,3,1,09,01,37,105,,02,66,235,,03,70,144,,04,21,101,,0*79
1776370193.272,$GBGSV,3,2,09,04,21,101,,05,41,259,,11,02,199,,21,33,157,,0*75
1776370193.272,$GBGSV,3,3,09,21,33,157,,0*4E
1776370193.273,$GNGLL,1339.07967,N,10029.52031,E,200953.00,A,D*77
1776370194.256,$GNRMC,200954.00,A,1339.07898,N,10029.52025,E,2.484,182.39,160426,0.53,W,D,V*4A
1776370194.258,$GNVTG,182.39,T,182.92,M,2.484,N,4.601,K,D*30
1776370194.260,$GNGGA,200954.00,1339.07898,N,10029.52025,E,2,12,0.51,-0.3,M,-27.8,M,,0499*4A
1776370194.262,$GNGSA,A,3,32,16,27,26,28,31,03,04,08,,,,1.05,0.51,0.92,1*0A
1776370194.263,$GNGSA,A,3,79,70,73,80,69,68,,,,,,,1.05,0.51,0.92,2*0D
1776370194.265,$GNGSA,A,3,25,08,02,03,05,30,,,,,,,1.05,0.51,0.92,3*00
1776370194.266,$GNGSA,A,3,09,24,12,06,07,10,14,16,13,,,,1.05,0.51,0.92,4*03
1776370194.268,$GPGSV,3,1,12,03,41,261,26,04,32,332,40,08,33,185,25,16,63,356,46,1*62
1776370194.271,$GPGSV,3,2,12,26,34,025,43,27,53,146,47,28,16,068,22,31,30,044,43,1*63
1776370194.273,$GPGSV,3,3,12,32,16,134,37,41,64,233,32,42,70,217,32,50,56,115,42,1*66
1776370194.275,$GPGSV,2,1,08,03,41,261,26,04,32,332,39,08,33,185,22,26,34,025,42,6*64
1776370194.275,$GPGSV,2,2,08,27,53,146,44,28,16,068,21,31,30,044,39,32,16,134,40,6*64
1776370194.276,$GPGSV,1,1,04,01,02,221,,02,05,194,,09,03,323,,40,36,259,,0*6F
1776370194.276,$GLGSV,2,1,07,68,24,153,46,69,76,146,52,70,47,335,47,73,27,269,27,1*70
1776370194.277,$GLGSV,2,2,07,79,11,027,43,80,40,336,49,,,,37,1*70
1776370194.277,$GLGSV,2,1,06,68,24,153,43,69,76,146,47,70,47,335,49,73,27,269,26,3*7D
1776370194.278,$GLGSV,2,2,06,79,11,027,37,80,40,336,46,3*7B
1776370194.278,$GLGSV,1,1,03,81,02,074,,82,09,117,,83,04,165,,0*4B
1776370194.279,$GAGSV,2,1,07,02,75,329,50,03,65,055,51,05,28,119,46,08,34,336,44,2*76
1776370194.279,$GAGSV,2,2,07,25,28,031,45,30,37,233,22,32,55,356,52,2*4C
1776370194.280,$GAGSV,2,1,07,02,75,329,46,03,65,055,48,05,28,119,38,08,34,336,43,7*72
1776370194.280,$GAGSV,2,2,07,25,28,031,42,30,37,233,22,32,55,356,48,7*45
1776370194.281,$GAGSV,1,1,02,15,05,225,,34,07,178,,0*7C
1776370194.281,$GBGSV,2,1,08,06,31,181,28,07,54,160,38,08,38,191,20,09,43,341,41,1*74
1776370194.282,$GBGSV,2,2,08,10,49,174,44,13,46,206,21,14,60,304,47,24,46,329,47,1*7F
1776370194.283,$GBGSV,2,1,06,07,54,160,46,09,43,341,43,10,49,174,44,12,21,153,41,3*71
1776370194.283,$GBGSV,2,2,06,14,60,304,52,16,41,013,44,3*71
1776370194.284,$GBGSV,3,1,09,01,37,105,,02,66,235,,03,70,144,,04,21,101,,0*79
1776370194.284,$GBGSV,3,2,09,04,21,101,,05,41,259,,11,02,199,,21,33,157,,0*75
1776370194.285,$GBGSV,3,3,09,21,33,157,,0*4E
1776370194.285,$GNGLL,1339.07898,N,10029.52025,E,200954.00,A,D*74
1776370195.254,$GNRMC,200955.00,A,1339.07828,N,10029.52023,E,2.543,180.00,160426,0.53,W,D,V*44
1776370195.256,$GNVTG,180.00,T,180.53,M,2.543,N,4.709,K,D*34
1776370195.259,$GNGGA,200955.00,1339.07828,N,10029.52023,E,2,12,0.52,-0.2,M,-27.8,M,,0499*44
1776370195.261,$GNGSA,A,3,32,16,27,26,28,31,03,04,08,,,,1.07,0.52,0.93,1*0A
1776370195.263,$GNGSA,A,3,79,70,73,80,69,68,,,,,,,1.07,0.52,0.93,2*0D
1776370195.264,$GNGSA,A,3,25,08,02,03,05,30,,,,,,,1.07,0.52,0.93,3*00
1776370195.266,$GNGSA,A,3,09,24,12,07,10,14,16,13,,,,,1.07,0.52,0.93,4*05
1776370195.269,$GPGSV,3,1,11,04,32,332,37,08,33,185,24,16,63,356,45,26,34,025,42,1*66
1776370195.273,$GPGSV,3,2,11,27,53,146,48,28,16,068,21,31,30,044,43,32,16,134,37,1*6B
1776370195.277,$GPGSV,3,3,11,41,64,233,27,42,70,217,28,50,56,115,43,1*5F
1776370195.281,$GPGSV,2,1,08,03,41,261,24,04,32,332,38,08,33,185,22,26,34,025,41,6*64
1776370195.284,$GPGSV,2,2,08,27,53,146,44,28,16,068,22,31,30,044,40,32,16,134,33,6*6D
1776370195.285,$GPGSV,1,1,04,01,02,221,,02,05,194,,09,03,323,,40,36,259,,0*6F
1776370195.287,$GLGSV,2,1,07,68,24,153,45,69,76,146,50,70,47,335,49,73,27,269,26,1*7E
1776370195.289,$GLGSV,2,2,07,79,11,027,43,80,40,336,50,,,,31,1*7E
1776370195.291,$GLGSV,2,1,06,68,24,153,37,69,76,146,46,70,47,335,46,73,27,269,24,3*72
1776370195.292,$GLGSV,2,2,06,79,11,027,38,80,40,336,46,3*74
1776370195.293,$GLGSV,1,1,03,81,02,074,,82,09,117,,83,04,165,,0*4B
1776370195.293,$GAGSV,2,1,07,02,75,329,53,03,65,055,51,05,28,119,46,08,34,336,42,2*73
1776370195.294,$GAGSV,2,2,07,25,28,031,45,30,37,233,20,32,55,356,49,2*44
1776370195.295,$GAGSV,2,1,07,02,75,329,47,03,65,055,45,05,28,119,42,08,34,336,41,7*71
1776370195.296,$GAGSV,2,2,07,25,28,031,40,30,37,233,21,32,55,356,45,7*49
1776370195.297,$GAGSV,1,1,02,15,05,225,,34,07,178,,0*7C
1776370195.297,$GBGSV,2,1,08,06,31,181,17,07,54,160,41,08,38,191,20,09,43,341,43,1*74
1776370195.298,$GBGSV,2,2,08,10,49,174,40,13,46,206,21,14,60,304,46,24,46,329,49,1*74
1776370195.299,$GBGSV,2,1,06,07,54,160,46,09,43,341,46,10,49,174,42,12,21,153,33,3*77
1776370195.299,$GBGSV,2,2,06,14,60,304,50,16,41,013,45,3*72
1776370195.300,$GBGSV,3,1,09,01,37,105,,02,66,235,,03,70,144,,04,21,101,,0*79
1776370195.300,$GBGSV,3,2,09,04,21,101,,05,41,259,,11,02,199,,21,33,157,,0*75
1776370195.301,$GBGSV,3,3,09,21,33,157,,0*4E
1776370195.301,$GNGLL,1339.07828,N,10029.52023,E,200955.00,A,D*78
1776370196.254,$GNRMC,200956.00,A,1339.07756,N,10029.52023,E,2.655,179.44,160426,0.53,W,D,V*43
1776370196.256,$GNVTG,179.44,T,179.97,M,2.655,N,4.917,K,D*39
1776370196.259,$GNGGA,200956.00,1339.07756,N,10029.52023,E,2,12,0.54,-0.2,M,-27.8,M,,0499*47
1776370196.261,$GNGSA,A,3,32,16,27,26,28,31,03,04,08,,,,1.08,0.54,0.93,1*03
1776370196.262,$GNGSA,A,3,79,70,73,80,69,68,,,,,,,1.08,0.54,0.93,2*04
1776370196.264,$GNGSA,A,3,25,08,02,03,05,,,,,,,,1.08,0.54,0.93,3*0A
1776370196.266,$GNGSA,A,3,09,24,12,06,07,10,14,16,13,,,,1.08,0.54,0.93,4*0A
1776370196.268,$GPGSV,3,1,10,04,32,332,39,08,33,185,23,16,63,356,44,26,34,025,44,1*69
1776370196.271,$GPGSV,3,2,10,27,53,146,46,28,16,068,22,31,30,044,43,32,16,134,37,1*67
1776370196.272,$GPGSV,3,3,10,42,70,217,29,50,56,115,44,1*68
1776370196.274,$GPGSV,2,1,08,03,41,261,22,04,32,332,42,08,33,185,21,26,34,025,41,6*6C
1776370196.276,$GPGSV,2,2,08,27,53,146,45,28,16,068,24,31,30,044,40,32,16,134,33,6*6A
1776370196.278,$GPGSV,2,1,05,01,02,221,,02,05,194,,09,03,323,,40,36,259,,0*6D
1776370196.279,$GPGSV,2,2,05,40,36,259,,0*5F
1776370196.280,$GLGSV,2,1,07,68,24,153,44,69,76,146,54,70,47,335,46,73,27,269,25,1*77
1776370196.281,$GLGSV,2,2,07,79,11,027,40,80,40,336,51,,,,39,1*74
1776370196.282,$GLGSV,2,1,06,68,24,153,33,69,76,146,49,70,47,335,49,73,27,269,26,3*74
1776370196.283,$GLGSV,2,2,06,79,11,027,36,80,40,336,46,3*7A
1776370196.284,$GLGSV,1,1,03,81,02,074,,82,09,117,,83,04,165,,0*4B
1776370196.285,$GAGSV,2,1,07,02,75,329,50,03,65,055,51,05,28,119,44,08,34,336,45,2*75
1776370196.286,$GAGSV,2,2,07,25,28,031,45,30,37,233,19,32,55,356,48,2*4F
1776370196.287,$GAGSV,2,1,07,02,75,329,47,03,65,055,47,05,28,119,41,08,34,336,43,7*72
1776370196.288,$GAGSV,2,2,07,25,28,031,37,30,37,233,19,32,55,356,45,7*42
1776370196.288,$GAGSV,1,1,02,15,05,225,,34,07,178,,0*7C
1776370196.289,$GBGSV,2,1,08,06,31,181,21,07,54,160,43,08,38,191,20,09,43,341,41,1*71
1776370196.290,$GBGSV,2,2,08,10,49,174,36,13,46,206,20,14,60,304,47,24,46,329,47,1*7B
1776370196.291,$GBGSV,2,1,06,07,54,160,46,09,43,341,48,10,49,174,41,12,21,153,26,3*7E
1776370196.291,$GBGSV,2,2,06,14,60,304,49,16,41,013,43,3*7C
1776370196.292,$GBGSV,3,1,09,01,37,105,,02,66,235,,03,70,144,,04,21,101,,0*79
1776370196.293,$GBGSV,3,2,09,04,21,101,,05,41,259,,11,02,199,,21,33,157,,0*75
1776370196.293,$GBGSV,3,3,09,21,33,157,,0*4E
1776370196.293,$GNGLL,1339.07756,N,10029.52023,E,200956.00,A,D*7D
1776370197.251,$GNRMC,200957.00,A,1339.07684,N,10029.52019,E,2.585,182.31,160426,0.53,W,D,V*4D
1776370197.252,$GNVTG,182.31,T,182.84,M,2.585,N,4.787,K,D*30
1776370197.254,$GNGGA,200957.00,1339.07684,N,10029.52019,E,2,12,0.57,-0.3,M,-27.8,M,,0499*43
1776370197.256,$GNGSA,A,3,32,16,27,26,28,31,04,08,,,,,1.11,0.57,0.96,1*0E
1776370197.258,$GNGSA,A,3,79,70,73,80,69,68,,,,,,,1.11,0.57,0.96,2*0A
1776370197.259,$GNGSA,A,3,25,08,02,03,05,,,,,,,,1.11,0.57,0.96,3*04
1776370197.261,$GNGSA,A,3,09,24,06,07,10,14,16,13,,,,,1.11,0.57,0.96,4*07
1776370197.263,$GPGSV,3,1,10,04,32,332,41,08,33,185,21,16,63,356,39,26,34,025,43,1*69
1776370197.266,$GPGSV,3,2,10,27,53,146,46,28,16,068,23,31,30,044,44,32,16,134,31,1*67
1776370197.267,$GPGSV,3,3,10,42,70,217,28,50,56,115,42,1*6F
1776370197.269,$GPGSV,2,1,08,03,41,261,19,04,32,332,41,08,33,185,22,26,34,025,42,6*67
1776370197.272,$GPGSV,2,2,08,27,53,146,45,28,16,068,25,31,30,044,41,32,16,134,29,6*61
1776370197.273,$GPGSV,2,1,05,01,02,221,,02,05,194,,09,03,323,,40,36,259,,0*6D
1776370197.274,$GPGSV,2,2,05,40,36,259,,0*5F
1776370197.275,$GLGSV,2,1,07,68,24,153,49,69,76,146,52,70,47,335,46,73,27,269,25,1*7C
1776370197.276,$GLGSV,2,2,07,79,11,027,39,80,40,336,51,,,,37,1*74
1776370197.277,$GLGSV,2,1,06,68,24,153,36,69,76,146,48,70,47,335,45,73,27,269,25,3*7F
1776370197.278,$GLGSV,2,2,06,79,11,027,38,80,40,336,48,3*7A
1776370197.279,$GLGSV,1,1,03,81,02,074,,82,09,117,,83,04,165,,0*4B
1776370197.280,$GAGSV,2,1,07,02,75,329,48,03,65,055,46,05,28,119,44,08,34,336,47,2*78
1776370197.281,$GAGSV,2,2,07,25,28,031,43,30,37,233,19,32,55,356,51,2*41
1776370197.282,$GAGSV,2,1,07,02,75,329,38,03,65,055,40,05,28,119,37,08,34,336,47,7*78
1776370197.283,$GAGSV,2,2,07,25,28,031,42,30,37,233,18,32,55,356,43,7*47
1776370197.283,$GAGSV,1,1,02,15,05,225,,34,07,178,,0*7C
1776370197.284,$GBGSV,2,1,08,06,31,181,29,07,54,160,44,08,38,191,19,09,43,341,43,1*76
1776370197.285,$GBGSV,2,2,08,10,49,174,38,13,46,206,20,14,60,304,26,24,46,329,42,1*77
1776370197.286,$GBGSV,2,1,05,07,54,160,50,09,43,341,45,10,49,174,38,14,60,304,37,3*7A
1776370197.286,$GBGSV,2,2,05,16,41,013,43,3*46
1776370197.287,$GBGSV,3,1,10,01,37,105,,02,66,235,,03,70,144,,04,21,101,,0*71
1776370197.288,$GBGSV,3,2,10,04,21,101,,05,41,259,,11,02,199,,12,21,153,,0*7A
1776370197.288,$GBGSV,3,3,10,12,21,153,,21,33,157,,0*71
1776370197.289,$GNGLL,1339.07684,N,10029.52019,E,200957.00,A,D*7B
1776370198.251,$GNRMC,200958.00,A,1339.07613,N,10029.52014,E,2.566,184.19,160426,0.53,W,D,V*40
1776370198.251,$GNVTG,184.19,T,184.72,M,2.566,N,4.753,K,D*37
1776370198.252,$GNGGA,200958.00,1339.07613,N,10029.52014,E,2,12,0.67,-0.3,M,-27.8,M,,0499*4C
1776370198.253,$GNGSA,A,3,32,16,27,26,28,31,04,08,,,,,1.21,0.67,1.01,1*01
1776370198.253,$GNGSA,A,3,79,70,73,80,69,68,,,,,,,1.21,0.67,1.01,2*05
1776370198.254,$GNGSA,A,3,25,08,02,03,05,30,,,,,,,1.21,0.67,1.01,3*08
1776370198.255,$GNGSA,A,3,09,24,12,06,07,10,14,16,,,,,1.21,0.67,1.01,4*09
1776370198.256,$GPGSV,3,1,09,04,32,332,40,08,33,185,22,16,63,356,42,26,34,025,43,1*6F
1776370198.257,$GPGSV,3,2,09,27,53,146,49,28,16,068,22,31,30,044,43,42,70,217,28,1*6B
1776370198.257,$GPGSV,3,3,09,50,56,115,41,1*5B
1776370198.258,$GPGSV,2,1,08,03,41,261,16,04,32,332,36,08,33,185,22,26,34,025,39,6*64
1776370198.259,$GPGSV,2,2,08,27,53,146,45,28,16,068,23,31,30,044,42,32,16,134,34,6*68
1776370198.260,$GPGSV,2,1,05,01,02,221,,02,05,194,,09,03,323,,40,36,259,,0*6D
1776370198.261,$GPGSV,2,2,05,40,36,259,,0*5F
1776370198.262,$GLGSV,2,1,07,68,24,153,50,69,76,146,51,70,47,335,30,73,27,269,24,1*77
1776370198.264,$GLGSV,2,2,07,79,11,027,41,80,40,336,49,,,,40,1*72
1776370198.265,$GLGSV,2,1,06,68,24,153,40,69,76,146,46,70,47,335,43,73,27,269,24,3*77
1776370198.266,$GLGSV,2,2,06,79,11,027,36,80,40,336,44,3*78
1776370198.267,$GLGSV,1,1,03,81,02,074,,82,09,117,,83,04,165,,0*4B
1776370198.268,$GAGSV,2,1,07,02,75,329,50,03,65,055,52,05,28,119,41,08,34,336,44,2*72
1776370198.269,$GAGSV,2,2,07,25,28,031,44,30,37,233,21,32,55,356,44,2*49
1776370198.270,$GAGSV,2,1,07,02,75,329,46,03,65,055,47,05,28,119,34,08,34,336,44,7*76
1776370198.271,$GAGSV,2,2,07,25,28,031,42,30,37,233,18,32,55,356,37,7*44
1776370198.272,$GAGSV,1,1,02,15,05,225,,34,07,178,,0*7C
1776370198.273,$GBGSV,2,1,08,06,31,181,27,07,54,160,44,08,38,191,18,09,43,341,41,1*7B
1776370198.274,$GBGSV,2,2,08,10,49,174,38,13,46,206,19,14,60,304,28,24,46,329,48,1*79
1776370198.275,$GBGSV,2,1,06,07,54,160,49,09,43,341,46,10,49,174,38,12,21,153,32,3*74
1776370198.276,$GBGSV,2,2,06,14,60,304,38,16,41,013,41,3*78
1776370198.277,$GBGSV,3,1,09,01,37,105,,02,66,235,,03,70,144,,04,21,101,,0*79
1776370198.278,$GBGSV,3,2,09,04,21,101,,05,41,259,,11,02,199,,21,33,157,,0*75
1776370198.279,$GBGSV,3,3,09,21,33,157,,0*4E
1776370198.280,$GNGLL,1339.07613,N,10029.52014,E,200958.00,A,D*77
1776370199.251,$GNRMC,200959.00,A,1339.07540,N,10029.52008,E,2.681,181.51,160426,0.53,W,D,V*4A
1776370199.254,$GNVTG,181.51,T,182.04,M,2.681,N,4.965,K,D*38
1776370199.256,$GNGGA,200959.00,1339.07540,N,10029.52008,E,2,12,0.67,-0.3,M,-27.8,M,,0499*45
1776370199.258,$GNGSA,A,3,32,16,27,26,28,31,04,08,,,,,1.21,0.67,1.01,1*01
1776370199.260,$GNGSA,A,3,79,70,73,80,69,68,,,,,,,1.21,0.67,1.01,2*05
1776370199.261,$GNGSA,A,3,25,08,02,03,05,30,,,,,,,1.21,0.67,1.01,3*08
1776370199.263,$GNGSA,A,3,09,24,12,06,07,10,14,16,,,,,1.21,0.67,1.01,4*09
1776370199.265,$GPGSV,3,1,10,04,32,332,41,08,33,185,21,16,63,356,48,26,34,025,43,1*6F
1776370199.267,$GPGSV,3,2,10,27,53,146,47,28,16,068,21,31,30,044,42,32,16,134,38,1*6B
1776370199.269,$GPGSV,3,3,10,42,70,217,28,50,56,115,43,1*6E
1776370199.271,$GPGSV,2,1,08,03,41,261,15,04,32,332,38,08,33,185,21,26,34,025,40,6*64
1776370199.271,$GPGSV,2,2,08,27,53,146,43,28,16,068,21,31,30,044,35,32,16,134,30,6*68
1776370199.272,$GPGSV,2,1,05,01,02,221,,02,05,194,,09,03,323,,40,36,259,,0*6D
1776370199.273,$GPGSV,2,2,05,40,36,259,,0*5F
1776370199.273,$GLGSV,2,1,07,68,24,153,44,69,76,146,51,70,47,335,45,73,27,269,22,1*76
1776370199.274,$GLGSV,2,2,07,79,11,027,43,80,40,336,50,,,,37,1*78
1776370199.274,$GLGSV,2,1,06,68,24,153,42,69,76,146,48,70,47,335,44,73,27,269,25,3*7D
1776370199.275,$GLGSV,2,2,06,79,11,027,35,80,40,336,45,3*7A
1776370199.275,$GLGSV,1,1,03,81,02,074,,82,09,117,,83,04,165,,0*4B
1776370199.276,$GAGSV,2,1,07,02,75,331,40,03,65,055,50,05,28,119,40,08,34,336,44,2*79
1776370199.276,$GAGSV,2,2,07,25,28,031,43,30,37,233,21,32,55,356,51,2*4A
1776370199.277,$GAGSV,2,1,07,02,75,331,36,03,65,055,47,05,28,119,31,08,34,336,43,7*7A
1776370199.277,$GAGSV,2,2,07,25,28,031,42,30,37,233,18,32,55,356,44,7*40
1776370199.277,$GAGSV,1,1,02,15,05,225,,34,07,178,,0*7C
1776370199.278,$GBGSV,2,1,08,06,31,181,27,07,54,160,45,08,38,191,18,09,43,341,40,1*7B
1776370199.278,$GBGSV,2,2,08,10,49,174,35,13,46,206,19,14,60,304,27,24,46,329,42,1*71
1776370199.279,$GBGSV,1,1,04,07,54,160,48,10,49,174,30,12,21,153,47,16,41,013,41,3*71
1776370199.280,$GBGSV,3,1,09,01,37,105,,02,66,235,,03,70,144,,04,21,101,,0*79
1776370199.280,$GBGSV,3,2,09,04,21,101,,05,41,259,,11,02,199,,21,33,157,,0*75
1776370199.280,$GBGSV,3,3,09,21,33,157,,0*4E
1776370199.281,$GNGLL,1339.07540,N,10029.52008,E,200959.00,A,D*7E
1776370200.257,$GNRMC,201000.00,A,1339.07466,N,10029.52007,E,2.681,179.91,160426,0.53,W,D,V*4F
1776370200.259,$GNVTG,179.91,T,180.44,M,2.681,N,4.966,K,D*36
1776370200.261,$GNGGA,201000.00,1339.07466,N,10029.52007,E,2,12,0.70,-0.3,M,-27.8,M,,0499*4D
1776370200.264,$GNGSA,A,3,32,16,27,26,28,31,04,08,,,,,1.25,0.70,1.03,1*01
1776370200.266,$GNGSA,A,3,79,70,73,80,69,68,,,,,,,1.25,0.70,1.03,2*05
1776370200.268,$GNGSA,A,3,25,08,02,03,05,30,,,,,,,1.25,0.70,1.03,3*08
1776370200.270,$GNGSA,A,3,09,24,12,07,10,14,16,,,,,,1.25,0.70,1.03,4*0F
1776370200.272,$GPGSV,3,1,10,04,32,332,37,08,33,185,22,16,63,356,38,26,34,025,42,1*6B
1776370200.275,$GPGSV,3,2,10,27,53,146,49,28,16,068,22,31,30,044,35,32,16,134,43,1*6A
1776370200.277,$GPGSV,3,3,10,42,70,217,28,50,56,115,40,1*6D
1776370200.280,$GPGSV,2,1,08,03,41,261,13,04,32,332,27,08,33,185,21,26,34,025,40,6*6C
1776370200.283,$GPGSV,2,2,08,27,53,146,43,28,16,068,20,31,30,044,37,32,16,134,30,6*6B
1776370200.286,$GPGSV,2,1,05,01,02,221,,02,05,194,,09,03,323,,40,36,259,,0*6D
1776370200.287,$GPGSV,2,2,05,40,36,259,,0*5F
1776370200.288,$GLGSV,2,1,07,68,24,153,45,69,76,146,51,70,47,335,41,73,27,269,21,1*70
1776370200.290,$GLGSV,2,2,07,79,11,027,33,80,40,336,36,,,,36,1*7E
1776370200.292,$GLGSV,2,1,06,68,24,153,44,69,76,146,46,70,47,335,45,73,27,269,25,3*74
1776370200.293,$GLGSV,2,2,06,79,11,027,39,80,40,336,26,3*73
1776370200.294,$GLGSV,1,1,03,81,02,074,,82,09,117,,83,04,165,,0*4B
1776370200.295,$GAGSV,2,1,07,02,75,331,34,03,66,057,48,05,28,119,30,08,34,336,36,2*70
1776370200.296,$GAGSV,2,2,07,25,28,031,42,30,37,233,23,32,55,356,49,2*40
1776370200.298,$GAGSV,2,1,07,02,75,331,30,03,66,057,45,05,28,119,26,08,34,336,38,7*75
1776370200.299,$GAGSV,2,2,07,25,28,031,39,30,37,233,17,32,55,356,41,7*46
1776370200.299,$GAGSV,1,1,02,15,05,225,,34,07,178,,0*7C
1776370200.300,$GBGSV,2,1,08,06,31,181,18,07,54,160,45,08,38,191,20,09,43,341,37,1*7C
1776370200.301,$GBGSV,2,2,08,10,49,174,33,13,46,206,19,14,60,304,25,24,46,329,34,1*74
1776370200.302,$GBGSV,2,1,05,07,54,160,49,09,43,341,41,10,49,174,34,12,21,153,47,3*7E
1776370200.303,$GBGSV,2,2,05,16,41,013,44,3*41
1776370200.304,$GBGSV,3,1,09,01,37,105,,02,66,235,,03,70,144,,04,21,101,,0*79
1776370200.305,$GBGSV,3,2,09,04,21,101,,05,41,259,,11,02,199,,21,33,157,,0*75
1776370200.305,$GBGSV,3,3,09,21,33,157,,0*4E
1776370200.306,$GNGLL,1339.07466,N,10029.52007,E,201000.00,A,D*70
1776370201.243,$GNRMC,201001.00,A,1339.07393,N,10029.52008,E,2.520,179.51,160426,0.53,W,D,V*48
1776370201.245,$GNVTG,179.51,T,180.04,M,2.520,N,4.668,K,D*37
1776370201.248,$GNGGA,201001.00,1339.07393,N,10029.52008,E,2,12,0.68,-0.3,M,-27.8,M,,0499*47
1776370201.250,$GNGSA,A,3,32,16,27,26,28,31,04,08,,,,,1.22,0.68,1.01,1*0D
1776370201.252,$GNGSA,A,3,79,70,73,80,69,68,,,,,,,1.22,0.68,1.01,2*09
1776370201.254,$GNGSA,A,3,25,08,02,03,05,30,,,,,,,1.22,0.68,1.01,3*04
1776370201.256,$GNGSA,A,3,09,24,12,06,07,10,16,,,,,,1.22,0.68,1.01,4*00
1776370201.259,$GPGSV,3,1,10,04,32,332,35,08,33,185,22,16,63,356,29,26,34,025,39,1*65
1776370201.262,$GPGSV,3,2,10,27,53,146,47,28,16,068,24,31,30,044,36,32,16,134,40,1*62
1776370201.263,$GPGSV,3,3,10,42,70,217,27,50,56,115,40,1*62
1776370201.266,$GPGSV,2,1,08,03,41,261,13,04,32,332,22,08,33,185,22,26,34,025,41,6*6B
1776370201.268,$GPGSV,2,2,08,27,53,146,42,28,16,068,21,31,30,044,39,32,16,134,35,6*60
1776370201.270,$GPGSV,2,1,05,01,02,221,,02,05,194,,09,03,323,,40,36,259,,0*6D
1776370201.271,$GPGSV,2,2,05,40,36,259,,0*5F
1776370201.273,$GLGSV,2,1,07,68,24,153,46,69,76,146,50,70,47,335,33,73,27,269,21,1*77
1776370201.274,$GLGSV,2,2,07,79,11,027,38,80,40,336,39,,,,28,1*75
1776370201.277,$GLGSV,2,1,06,68,24,153,41,69,76,146,44,70,47,335,27,73,27,269,23,3*71
1776370201.278,$GLGSV,2,2,06,79,11,027,35,80,40,336,35,3*7D
1776370201.279,$GLGSV,1,1,03,81,02,074,,82,09,117,,83,04,165,,0*4B
1776370201.281,$GAGSV,2,1,07,02,75,331,25,03,66,057,50,05,28,119,33,08,34,336,27,2*7A
1776370201.282,$GAGSV,2,2,07,25,28,031,43,30,37,233,23,32,55,356,44,2*4C
1776370201.283,$GAGSV,2,1,07,02,75,331,24,03,66,057,45,05,28,119,29,08,34,336,37,7*70
1776370201.284,$GAGSV,2,2,07,25,28,031,40,30,37,233,17,32,55,356,39,7*47
1776370201.285,$GAGSV,1,1,02,15,05,225,,34,07,178,,0*7C
1776370201.286,$GBGSV,2,1,07,06,31,181,21,07,54,160,44,08,38,191,19,09,43,341,37,1*72
1776370201.287,$GBGSV,2,2,07,10,49,174,29,13,46,206,19,24,46,329,29,1*4F
1776370201.288,$GBGSV,2,1,05,07,54,160,48,09,43,341,40,10,49,174,34,12,21,153,45,3*7C
1776370201.289,$GBGSV,2,2,05,16,41,013,44,3*41
1776370201.290,$GBGSV,3,1,10,01,37,105,,02,66,235,,03,70,144,,04,21,101,,0*71
1776370201.291,$GBGSV,3,2,10,04,21,101,,05,41,259,,11,02,199,,14,60,304,,0*79
1776370201.292,$GBGSV,3,3,10,14,60,304,,21,33,157,,0*72
1776370201.292,$GNGLL,1339.07393,N,10029.52008,E,201001.00,A,D*73
1776370202.249,$GNRMC,201002.00,A,1339.07324,N,10029.52008,E,2.447,180.59,160426,0.53,W,D,V*49
1776370202.252,$GNVTG,180.59,T,181.12,M,2.447,N,4.532,K,D*33
1776370202.254,$GNGGA,201002.00,1339.07324,N,10029.52008,E,2,12,0.68,-0.3,M,-27.8,M,,0499*48
1776370202.256,$GNGSA,A,3,32,16,27,26,28,31,04,08,,,,,1.22,0.68,1.01,1*0D
1776370202.258,$GNGSA,A,3,79,70,73,80,69,68,,,,,,,1.22,0.68,1.01,2*09
1776370202.260,$GNGSA,A,3,25,08,02,03,05,30,,,,,,,1.22,0.68,1.01,3*04
1776370202.261,$GNGSA,A,3,09,24,12,06,07,10,16,,,,,,1.22,0.68,1.01,4*00
1776370202.264,$GPGSV,3,1,10,01,02,221,22,08,33,185,21,09,03,323,26,16,63,356,30,1*6F
1776370202.266,$GPGSV,3,2,10,26,34,025,45,27,53,146,48,28,16,068,23,31,30,044,39,1*64
1776370202.268,$GPGSV,3,3,10,32,16,134,39,50,56,115,39,1*66
1776370202.271,$GPGSV,2,1,08,03,41,261,13,04,32,332,28,08,33,185,21,26,34,025,36,6*62
1776370202.274,$GPGSV,2,2,08,27,53,146,38,28,16,068,23,31,30,044,37,32,16,134,35,6*61
1776370202.276,$GPGSV,1,1,04,02,05,194,,40,36,259,,41,64,233,,42,70,217,,0*65
1776370202.278,$GLGSV,2,1,07,68,24,153,45,69,76,146,48,70,47,335,27,73,27,269,29,1*70
1776370202.279,$GLGSV,2,2,07,79,11,027,41,80,40,336,30,,,,16,1*7F
1776370202.281,$GLGSV,2,1,06,68,24,153,40,69,76,146,45,70,47,335,27,73,27,269,23,3*71
1776370202.282,$GLGSV,2,2,06,79,11,027,26,80,40,336,25,3*7E
1776370202.283,$GLGSV,1,1,03,81,02,074,,82,09,117,,83,04,165,,0*4B
1776370202.284,$GAGSV,2,1,07,02,75,331,23,03,66,057,48,05,28,120,35,08,34,336,27,2*79
1776370202.285,$GAGSV,2,2,07,25,28,031,46,30,37,233,20,32,55,356,40,2*4E
1776370202.286,$GAGSV,2,1,06,02,75,331,23,03,66,057,44,05,28,120,23,25,28,031,40,7*71
1776370202.287,$GAGSV,2,2,06,30,37,233,19,32,55,356,28,7*73
1776370202.288,$GAGSV,1,1,02,15,05,225,,34,07,178,,0*7C
1776370202.289,$GBGSV,2,1,08,06,31,181,22,07,54,160,43,08,38,191,18,09,43,341,26,1*78
1776370202.290,$GBGSV,2,2,08,10,49,174,21,13,46,206,18,16,41,013,41,24,46,329,29,1*7C
1776370202.291,$GBGSV,2,1,05,07,54,160,46,09,43,341,26,10,49,174,28,12,21,153,45,3*7F
1776370202.292,$GBGSV,2,2,05,16,41,013,43,3*46
1776370202.292,$GBGSV,3,1,10,01,37,105,,02,66,235,,03,70,144,,04,21,101,,0*71
1776370202.293,$GBGSV,3,2,10,04,21,101,,05,41,259,,11,02,199,,14,60,304,,0*79
1776370202.294,$GBGSV,3,3,10,14,60,304,,21,33,157,,0*72
1776370202.294,$GNGLL,1339.07324,N,10029.52008,E,201002.00,A,D*7C
1776370203.250,$GNRMC,201003.00,A,1339.07254,N,10029.52010,E,2.555,179.58,160426,0.53,W,D,V*42
1776370203.252,$GNVTG,179.58,T,180.11,M,2.555,N,4.732,K,D*36
1776370203.255,$GNGGA,201003.00,1339.07254,N,10029.52010,E,2,12,0.68,-0.3,M,-27.8,M,,0499*46
1776370203.257,$GNGSA,A,3,32,16,27,26,28,31,04,08,,,,,1.22,0.68,1.01,1*0D
1776370203.258,$GNGSA,A,3,79,70,73,80,69,68,,,,,,,1.22,0.68,1.01,2*09
1776370203.260,$GNGSA,A,3,25,08,02,03,05,,,,,,,,1.22,0.68,1.01,3*07
1776370203.262,$GNGSA,A,3,09,24,12,06,07,10,16,,,,,,1.22,0.68,1.01,4*00
1776370203.265,$GPGSV,3,1,11,01,02,221,23,04,32,332,23,08,33,185,21,09,03,323,22,1*6C
1776370203.267,$GPGSV,3,2,11,16,63,356,30,26,34,025,45,27,53,146,48,28,16,068,22,1*6E
1776370203.270,$GPGSV,3,3,11,31,30,044,41,32,16,134,41,50,56,115,42,1*50
1776370203.272,$GPGSV,2,1,08,03,41,261,12,04,32,332,26,08,33,185,21,26,34,025,41,6*6D
1776370203.274,$GPGSV,2,2,08,27,53,146,42,28,16,068,25,31,30,044,41,32,16,134,34,6*6A
1776370203.276,$GPGSV,1,1,04,02,05,194,,40,36,259,,41,64,233,,42,70,217,,0*65
1776370203.277,$GLGSV,2,1,07,68,24,153,44,69,76,146,49,70,47,335,25,73,27,269,19,1*71
1776370203.278,$GLGSV,2,2,07,79,11,027,41,80,40,336,24,,,,16,1*7A
1776370203.280,$GLGSV,2,1,06,68,24,153,43,69,76,146,45,70,47,335,26,73,27,269,22,3*72
1776370203.281,$GLGSV,2,2,06,79,11,027,35,80,40,336,30,3*78
1776370203.282,$GLGSV,1,1,03,81,02,074,,82,09,117,,83,04,165,,0*4B
1776370203.283,$GAGSV,2,1,07,02,75,331,30,03,66,057,51,05,28,120,43,08,34,336,32,2*76
1776370203.283,$GAGSV,2,2,07,25,28,031,43,30,37,233,18,32,55,356,32,2*45
1776370203.285,$GAGSV,2,1,06,02,75,331,21,03,66,057,43,05,28,120,35,25,28,031,41,7*72
1776370203.286,$GAGSV,2,2,06,30,37,233,19,32,55,356,32,7*78
1776370203.286,$GAGSV,1,1,02,15,05,225,,34,07,178,,0*7C
1776370203.287,$GBGSV,2,1,08,06,31,181,22,07,54,160,43,08,38,191,18,09,43,341,25,1*7B
1776370203.288,$GBGSV,2,2,08,10,49,174,30,13,46,206,17,16,41,013,43,24,46,329,20,1*78
1776370203.289,$GBGSV,1,1,04,07,54,160,46,10,49,174,31,12,21,153,44,16,41,013,46,3*7A
1776370203.290,$GBGSV,3,1,10,01,37,105,,02,66,235,,03,70,144,,04,21,101,,0*71
1776370203.290,$GBGSV,3,2,10,04,21,101,,05,41,259,,11,02,199,,14,60,304,,0*79
1776370203.291,$GBGSV,3,3,10,14,60,304,,21,33,157,,0*72
1776370203.292,$GNGLL,1339.07254,N,10029.52010,E,201003.00,A,D*72
1776370204.247,$GNRMC,201004.00,A,1339.07182,N,10029.52013,E,2.659,179.35,160426,0.53,W,D,V*4A
1776370204.249,$GNVTG,179.35,T,179.88,M,2.659,N,4.924,K,D*3D
1776370204.251,$GNGGA,201004.00,1339.07182,N,10029.52013,E,2,12,0.68,-0.3,M,-27.8,M,,0499*4A
1776370204.252,$GNGSA,A,3,32,16,27,26,28,31,04,08,,,,,1.22,0.68,1.01,1*0D
1776370204.252,$GNGSA,A,3,79,70,73,80,69,68,,,,,,,1.22,0.68,1.01,2*09
1776370204.253,$GNGSA,A,3,25,08,02,03,05,,,,,,,,1.22,0.68,1.01,3*07
1776370204.254,$GNGSA,A,3,09,24,12,06,07,10,16,,,,,,1.22,0.68,1.01,4*00
1776370204.254,$GPGSV,2,1,08,08,33,185,20,16,63,356,25,26,34,025,42,27,53,146,48,1*62
1776370204.255,$GPGSV,2,2,08,28,16,068,24,31,30,044,42,32,16,134,43,50,56,115,42,1*6C
1776370204.257,$GPGSV,2,1,08,03,41,261,12,04,32,332,25,08,33,185,21,26,34,025,41,6*6E
1776370204.258,$GPGSV,2,2,08,27,53,146,43,28,16,068,26,31,30,044,39,32,16,134,36,6*65
1776370204.260,$GPGSV,2,1,06,01,02,221,,02,05,194,,09,03,323,,40,36,259,,0*6E
1776370204.261,$GPGSV,2,2,06,40,36,259,,41,64,233,,0*69
1776370204.262,$GLGSV,2,1,07,68,24,153,44,69,76,146,48,70,47,335,26,73,27,269,24,1*7D
1776370204.263,$GLGSV,2,2,07,79,11,027,44,80,40,336,31,,,,18,1*75
1776370204.264,$GLGSV,2,1,06,68,24,153,40,69,76,146,44,70,47,335,25,73,27,269,22,3*73
1776370204.264,$GLGSV,2,2,06,79,11,027,35,80,40,336,24,3*7D
1776370204.265,$GLGSV,1,1,03,81,02,074,,82,09,117,,83,04,165,,0*4B
1776370204.266,$GAGSV,2,1,07,02,75,331,24,03,66,057,48,05,28,120,46,08,34,336,29,2*74
1776370204.266,$GAGSV,2,2,07,25,28,031,43,30,37,233,17,32,55,356,31,2*49
1776370204.267,$GAGSV,2,1,06,02,75,331,22,03,66,057,48,05,28,120,40,25,28,031,40,7*79
1776370204.267,$GAGSV,2,2,06,30,37,233,19,32,55,356,21,7*7A
1776370204.268,$GAGSV,1,1,02,15,05,225,,34,07,178,,0*7C
1776370204.269,$GBGSV,2,1,08,06,31,181,24,07,54,160,43,08,38,191,19,09,43,341,22,1*7B
1776370204.269,$GBGSV,2,2,08,10,49,174,32,13,46,206,17,16,41,013,45,24,46,329,23,1*7F
1776370204.270,$GBGSV,1,1,04,07,54,160,45,10,49,174,36,12,21,153,46,16,41,013,47,3*7D
1776370204.271,$GBGSV,3,1,10,01,37,105,,02,66,235,,03,70,144,,04,21,101,,0*71
1776370204.271,$GBGSV,3,2,10,04,21,101,,05,41,259,,11,02,199,,14,60,304,,0*79
1776370204.272,$GBGSV,3,3,10,14,60,304,,21,33,157,,0*72
1776370204.272,$GNGLL,1339.07182,N,10029.52013,E,201004.00,A,D*7E
1776370205.249,$GNRMC,201005.00,A,1339.07108,N,10029.52013,E,2.625,180.71,160426,0.53,W,D,V*44
1776370205.251,$GNVTG,180.71,T,181.24,M,2.625,N,4.861,K,D*31
1776370205.253,$GNGGA,201005.00,1339.07108,N,10029.52013,E,2,12,0.68,-0.3,M,-27.8,M,,0499*49
1776370205.255,$GNGSA,A,3,32,16,27,26,28,31,04,08,,,,,1.22,0.68,1.01,1*0D
1776370205.257,$GNGSA,A,3,79,70,73,80,69,68,,,,,,,1.22,0.68,1.01,2*09
1776370205.258,$GNGSA,A,3,25,08,02,03,05,30,,,,,,,1.22,0.68,1.01,3*04
1776370205.260,$GNGSA,A,3,09,24,12,06,07,10,16,,,,,,1.22,0.68,1.01,4*00
1776370205.261,$GPGSV,3,1,09,01,02,221,22,08,33,185,20,16,63,356,25,26,34,025,42,1*6C
1776370205.265,$GPGSV,3,2,09,27,53,146,49,28,16,068,25,31,30,044,43,32,16,134,39,1*69
1776370205.267,$GPGSV,3,3,09,50,56,115,42,1*58
1776370205.270,$GPGSV,2,1,08,03,41,261,13,04,32,332,22,08,33,185,22,26,34,025,42,6*68
1776370205.272,$GPGSV,2,2,08,27,53,146,43,28,16,068,26,31,30,044,38,32,16,134,39,6*6B
1776370205.274,$GPGSV,2,1,05,02,05,194,,09,03,323,,40,36,259,,41,64,233,,0*6A
1776370205.275,$GPGSV,2,2,05,41,64,233,,0*55
1776370205.277,$GLGSV,2,1,07,68,24,153,44,69,76,146,47,70,47,335,26,73,27,269,22,1*74
1776370205.278,$GLGSV,2,2,07,79,11,027,42,80,40,336,26,,,,18,1*75
1776370205.280,$GLGSV,2,1,06,68,24,153,41,69,76,146,42,70,47,335,26,73,27,269,22,3*77
1776370205.282,$GLGSV,2,2,06,79,11,027,37,80,40,336,25,3*7E
1776370205.283,$GLGSV,1,1,03,81,02,074,,82,09,117,,83,04,165,,0*4B
1776370205.284,$GAGSV,2,1,07,02,75,331,24,03,66,057,49,05,28,120,45,08,35,336,21,2*7F
1776370205.285,$GAGSV,2,2,07,25,28,031,40,30,37,233,17,32,55,356,33,2*48
1776370205.286,$GAGSV,2,1,06,02,75,331,21,03,66,057,46,05,28,120,43,25,28,031,33,7*73
1776370205.287,$GAGSV,2,2,06,30,37,233,20,32,55,356,33,7*73
1776370205.287,$GAGSV,1,1,02,15,05,225,,34,07,178,,0*7C
1776370205.288,$GBGSV,2,1,08,06,31,181,24,07,54,160,46,08,38,191,19,09,43,341,22,1*7E
1776370205.289,$GBGSV,2,2,08,10,49,174,31,13,46,206,18,16,41,013,47,24,46,329,25,1*77
1776370205.290,$GBGSV,1,1,04,07,54,160,47,10,49,174,35,12,21,153,48,16,41,013,47,3*72
1776370205.291,$GBGSV,3,1,10,01,37,105,,02,66,235,,03,70,144,,04,21,101,,0*71
1776370205.291,$GBGSV,3,2,10,04,21,101,,05,41,259,,11,02,199,,14,60,304,,0*79
1776370205.292,$GBGSV,3,3,10,14,60,304,,21,33,157,,0*72
1776370205.292,$GNGLL,1339.07108,N,10029.52013,E,201005.00,A,D*7D
1776370206.247,$GNRMC,201006.00,A,1339.07033,N,10029.52015,E,2.702,180.15,160426,0.53,W,D,V*4E
1776370206.250,$GNVTG,180.15,T,180.68,M,2.702,N,5.003,K,D*33
1776370206.254,$GNGGA,201006.00,1339.07033,N,10029.52015,E,2,12,0.68,-0.2,M,-27.8,M,,0499*44
1776370206.257,$GNGSA,A,3,32,16,27,26,28,31,04,08,,,,,1.22,0.68,1.01,1*0D
1776370206.259,$GNGSA,A,3,79,70,73,80,69,68,,,,,,,1.22,0.68,1.01,2*09
1776370206.261,$GNGSA,A,3,25,08,02,03,05,,,,,,,,1.22,0.68,1.01,3*07
1776370206.264,$GNGSA,A,3,09,24,12,06,07,10,16,,,,,,1.22,0.68,1.01,4*00
1776370206.266,$GPGSV,2,1,08,08,33,185,20,16,63,356,26,26,34,025,42,27,53,146,49,1*60
1776370206.269,$GPGSV,2,2,08,28,16,068,30,31,30,044,41,32,16,134,41,50,56,115,42,1*68
1776370206.271,$GPGSV,2,1,08,03,41,261,13,04,32,332,20,08,33,185,22,26,34,025,42,6*6A
1776370206.273,$GPGSV,2,2,08,27,53,146,39,28,16,068,26,31,30,044,40,32,16,134,39,6*69
1776370206.274,$GPGSV,2,1,06,01,02,221,,02,05,194,,09,03,323,,40,36,259,,0*6E
1776370206.275,$GPGSV,2,2,06,40,36,259,,41,64,233,,0*69
1776370206.276,$GLGSV,2,1,07,68,24,153,49,69,76,146,45,70,47,335,31,73,27,269,22,1*7D
1776370206.278,$GLGSV,2,2,07,79,11,027,41,80,40,336,25,,,,17,1*7A
1776370206.279,$GLGSV,2,1,06,68,24,153,45,69,76,146,40,70,47,335,25,73,27,269,21,3*71
1776370206.280,$GLGSV,2,2,06,79,11,027,37,80,40,336,25,3*7E
1776370206.281,$GLGSV,1,1,03,81,02,074,,82,09,117,,83,04,165,,0*4B
1776370206.282,$GAGSV,2,1,07,02,75,331,29,03,66,057,48,05,28,120,46,08,35,336,24,2*75
1776370206.283,$GAGSV,2,2,07,25,28,031,41,30,37,233,18,32,55,356,32,2*47
1776370206.285,$GAGSV,2,1,06,02,75,331,22,03,66,057,47,05,28,120,41,25,28,031,37,7*77
1776370206.286,$GAGSV,2,2,06,30,37,233,18,32,55,356,27,7*7D
1776370206.287,$GAGSV,1,1,02,15,05,225,,34,07,178,,0*7C
1776370206.288,$GBGSV,2,1,08,06,31,181,23,07,54,160,44,08,38,191,19,09,43,341,22,1*7B
1776370206.289,$GBGSV,2,2,08,10,49,174,32,13,46,206,19,16,41,013,47,24,46,329,22,1*72
1776370206.290,$GBGSV,1,1,04,07,54,160,48,10,49,174,35,12,21,153,48,16,41,013,45,3*7F
1776370206.291,$GBGSV,3,1,10,01,37,105,,02,66,235,,03,70,144,,04,21,101,,0*71
1776370206.292,$GBGSV,3,2,10,04,21,101,,05,41,259,,11,02,199,,14,60,304,,0*79
1776370206.293,$GBGSV,3,3,10,14,60,304,,21,33,157,,0*72
1776370206.293,$GNGLL,1339.07033,N,10029.52015,E,201006.00,A,D*71
1776370207.244,$GNRMC,201007.00,A,1339.06957,N,10029.52015,E,2.782,180.95,160426,0.53,W,D,V*45
1776370207.246,$GNVTG,180.95,T,181.48,M,2.782,N,5.152,K,D*35
1776370207.248,$GNGGA,201007.00,1339.06957,N,10029.52015,E,2,12,0.72,-0.3,M,-27.8,M,,0499*45
1776370207.250,$GNGSA,A,3,32,16,27,26,28,31,08,,,,,,1.27,0.72,1.04,1*02
1776370207.252,$GNGSA,A,3,79,70,73,80,69,68,,,,,,,1.27,0.72,1.04,2*02
1776370207.254,$GNGSA,A,3,25,08,02,03,05,30,,,,,,,1.27,0.72,1.04,3*0F
1776370207.255,$GNGSA,A,3,09,24,12,06,07,10,16,,,,,,1.27,0.72,1.04,4*0B
1776370207.257,$GPGSV,2,1,08,08,33,185,21,16,63,356,28,26,34,025,39,27,53,146,49,1*63
1776370207.260,$GPGSV,2,2,08,28,16,068,30,31,30,044,37,32,16,134,41,50,56,115,45,1*6E
1776370207.261,$GPGSV,2,1,08,03,41,261,10,04,32,332,18,08,33,185,20,26,34,025,38,6*6D
1776370207.263,$GPGSV,2,2,08,27,53,146,43,28,16,068,26,31,30,044,38,32,16,134,37,6*65
1776370207.264,$GPGSV,2,1,06,01,02,221,,02,05,194,,09,03,323,,40,36,259,,0*6E
1776370207.265,$GPGSV,2,2,06,40,36,259,,41,64,233,,0*69
1776370207.266,$GLGSV,2,1,07,68,24,153,45,69,76,146,47,70,47,335,29,73,27,269,21,1*79
1776370207.267,$GLGSV,2,2,07,79,11,027,40,80,40,336,26,,,,18,1*77
1776370207.268,$GLGSV,2,1,06,68,24,153,42,69,76,146,41,70,47,335,24,73,27,269,22,3*75
1776370207.269,$GLGSV,2,2,06,79,11,027,31,80,40,336,25,3*78
1776370207.271,$GLGSV,1,1,03,81,02,074,,82,09,117,,83,04,165,,0*4B
1776370207.272,$GAGSV,2,1,07,02,75,331,22,03,66,057,49,05,28,120,46,08,35,336,22,2*79
1776370207.272,$GAGSV,2,2,07,25,28,031,39,30,37,233,20,32,55,356,26,2*46
1776370207.273,$GAGSV,2,1,06,02,75,331,21,03,66,057,47,05,28,120,42,25,28,031,37,7*77
1776370207.274,$GAGSV,2,2,06,30,37,233,17,32,55,356,31,7*75
1776370207.275,$GAGSV,1,1,02,15,05,225,,34,07,178,,0*7C
1776370207.275,$GBGSV,2,1,08,06,31,181,25,07,54,160,44,08,38,191,17,09,43,341,22,1*73
1776370207.276,$GBGSV,2,2,08,10,49,174,31,13,46,206,18,16,41,013,45,24,46,329,23,1*73
1776370207.277,$GBGSV,1,1,04,07,54,160,47,10,49,174,34,12,21,153,49,16,41,013,44,3*71
1776370207.277,$GBGSV,3,1,10,01,37,105,,02,66,235,,03,70,144,,04,21,101,,0*71
1776370207.278,$GBGSV,3,2,10,04,21,101,,05,41,259,,11,02,199,,14,60,304,,0*79
1776370207.278,$GBGSV,3,3,10,14,60,304,,21,33,157,,0*72
1776370207.279,$GNGLL,1339.06957,N,10029.52015,E,201007.00,A,D*7A
1776370208.246,$GNRMC,201008.00,A,1339.06879,N,10029.52015,E,2.804,180.64,160426,0.53,W,D,V*48
1776370208.249,$GNVTG,180.64,T,181.17,M,2.804,N,5.193,K,D*3D
1776370208.252,$GNGGA,201008.00,1339.06879,N,10029.52015,E,2,12,0.76,-0.3,M,-27.8,M,,0499*43
1776370208.253,$GNGSA,A,3,32,16,27,26,28,31,08,,,,,,1.31,0.76,1.06,1*03
1776370208.255,$GNGSA,A,3,79,70,73,80,69,68,,,,,,,1.31,0.76,1.06,2*03
1776370208.256,$GNGSA,A,3,25,08,02,03,05,,,,,,,,1.31,0.76,1.06,3*0D
1776370208.258,$GNGSA,A,3,09,24,12,06,07,10,16,,,,,,1.31,0.76,1.06,4*0A
1776370208.260,$GPGSV,2,1,08,08,33,185,22,16,63,356,28,26,34,025,39,27,53,146,50,1*68
1776370208.262,$GPGSV,2,2,08,28,16,068,33,31,30,044,38,32,16,134,42,50,56,115,45,1*61
1776370208.264,$GPGSV,2,1,08,03,41,261,09,04,32,332,19,08,33,185,19,26,34,025,37,6*61
1776370208.266,$GPGSV,2,2,08,27,53,146,43,28,16,068,31,31,30,044,28,32,16,134,36,6*63
1776370208.267,$GPGSV,2,1,06,01,02,221,,02,05,194,,09,03,323,,40,36,259,,0*6E
1776370208.268,$GPGSV,2,2,06,40,36,259,,41,64,233,,0*69
1776370208.270,$GLGSV,2,1,07,68,24,153,46,69,76,146,44,70,47,335,20,73,27,269,21,1*70
1776370208.271,$GLGSV,2,2,07,79,11,027,38,80,40,336,27,,,,17,1*76
1776370208.272,$GLGSV,2,1,06,68,24,153,43,69,76,146,40,70,47,335,23,73,27,269,20,3*70
1776370208.273,$GLGSV,2,2,06,79,11,027,27,80,40,336,24,3*7E
1776370208.274,$GLGSV,1,1,03,81,02,074,,82,09,117,,83,04,165,,0*4B
1776370208.275,$GAGSV,2,1,07,02,75,331,22,03,66,057,49,05,28,120,47,08,35,336,21,2*7B
1776370208.276,$GAGSV,2,2,07,25,28,031,41,30,37,233,19,32,55,356,31,2*45
1776370208.277,$GAGSV,2,1,06,02,75,331,21,03,66,057,47,05,28,120,43,25,28,031,35,7*74
1776370208.277,$GAGSV,2,2,06,30,37,233,17,32,55,356,24,7*71
1776370208.278,$GAGSV,1,1,02,15,05,225,,34,07,178,,0*7C
1776370208.279,$GBGSV,2,1,08,06,31,181,27,07,54,160,44,08,38,191,17,09,43,341,21,1*72
1776370208.280,$GBGSV,2,2,08,10,49,174,26,13,46,206,17,16,41,013,46,24,46,329,23,1*79
1776370208.280,$GBGSV,1,1,04,07,54,160,47,10,49,174,35,12,21,153,48,16,41,013,46,3*73
1776370208.281,$GBGSV,3,1,10,01,37,105,,02,66,235,,03,70,144,,04,21,101,,0*71
1776370208.282,$GBGSV,3,2,10,04,21,101,,05,41,259,,11,02,199,,14,60,304,,0*79
1776370208.282,$GBGSV,3,3,10,14,60,304,,21,33,157,,0*72
1776370208.283,$GNGLL,1339.06879,N,10029.52015,E,201008.00,A,D*78
1776370209.242,$GNRMC,201009.00,A,1339.06799,N,10029.52016,E,2.929,180.21,160426,0.53,W,D,V*44
1776370209.244,$GNVTG,180.21,T,180.74,M,2.929,N,5.424,K,D*3F
1776370209.246,$GNGGA,201009.00,1339.06799,N,10029.52016,E,2,12,0.76,-0.4,M,-27.8,M,,0499*47
1776370209.248,$GNGSA,A,3,32,16,27,26,28,31,08,,,,,,1.31,0.76,1.06,1*03
1776370209.251,$GNGSA,A,3,79,70,73,80,69,68,,,,,,,1.31,0.76,1.06,2*03
1776370209.253,$GNGSA,A,3,25,08,02,03,05,,,,,,,,1.31,0.76,1.06,3*0D
1776370209.255,$GNGSA,A,3,09,24,12,06,07,10,16,,,,,,1.31,0.76,1.06,4*0A
1776370209.256,$GPGSV,2,1,08,08,33,185,22,16,63,356,29,26,34,025,40,27,53,146,49,1*6F
1776370209.258,$GPGSV,2,2,08,28,16,068,39,31,30,044,31,32,16,134,44,50,56,115,44,1*65
1776370209.259,$GPGSV,2,1,07,04,32,332,18,08,33,185,17,26,34,025,38,27,53,146,42,6*62
1776370209.260,$GPGSV,2,2,07,28,16,068,37,31,30,044,19,32,16,134,37,6*5E
1776370209.261,$GPGSV,2,1,07,01,02,221,,02,05,194,,03,41,261,,09,03,323,,0*63
1776370209.262,$GPGSV,2,2,07,09,03,323,,40,36,259,,41,64,233,,0*50
1776370209.263,$GLGSV,2,1,07,68,24,153,48,69,76,146,45,70,47,335,27,73,27,269,22,1*7B
1776370209.264,$GLGSV,2,2,07,79,11,027,35,80,40,336,27,,,,18,1*74
1776370209.265,$GLGSV,2,1,06,68,24,153,42,69,76,146,40,70,47,335,23,73,27,269,20,3*71
1776370209.266,$GLGSV,2,2,06,79,11,027,28,80,40,336,22,3*77
1776370209.268,$GLGSV,1,1,03,81,02,074,,82,09,117,,83,04,165,,0*4B
1776370209.269,$GAGSV,2,1,07,02,75,331,22,03,66,057,50,05,28,120,48,08,35,336,22,2*7F
1776370209.270,$GAGSV,2,2,07,25,28,031,43,30,37,233,19,32,55,356,27,2*40
1776370209.270,$GAGSV,2,1,06,02,75,331,21,03,66,057,45,05,28,120,43,25,28,031,39,7*7A
1776370209.271,$GAGSV,2,2,06,30,37,233,17,32,55,356,24,7*71
1776370209.271,$GAGSV,1,1,02,15,05,225,,34,07,178,,0*7C
1776370209.272,$GBGSV,2,1,08,06,31,181,26,07,54,160,45,08,38,191,17,09,43,341,20,1*73
1776370209.273,$GBGSV,2,2,08,10,49,174,32,13,46,206,16,16,41,013,46,24,46,329,22,1*7C
1776370209.274,$GBGSV,1,1,04,07,54,160,46,10,49,174,34,12,21,153,49,16,41,013,46,3*72
1776370209.274,$GBGSV,3,1,10,01,37,105,,02,66,235,,03,70,144,,04,21,101,,0*71
1776370209.275,$GBGSV,3,2,10,04,21,101,,05,41,259,,11,02,199,,14,60,304,,0*79
1776370209.275,$GBGSV,3,3,10,14,60,304,,21,33,157,,0*72
1776370209.276,$GNGLL,1339.06799,N,10029.52016,E,201009.00,A,D*7B
1776370210.237,$GNRMC,201010.00,A,1339.06722,N,10029.52016,E,2.647,182.46,160426,0.53,W,D,V*48
1776370210.238,$GNVTG,182.46,T,183.00,M,2.647,N,4.903,K,D*32
1776370210.239,$GNGGA,201010.00,1339.06722,N,10029.52016,E,2,12,0.78,-0.4,M,-27.8,M,,0499*41
1776370210.239,$GNGSA,A,3,32,16,27,26,28,31,08,,,,,,1.32,0.78,1.07,1*0F
1776370210.240,$GNGSA,A,3,79,70,73,80,69,68,,,,,,,1.32,0.78,1.07,2*0F
1776370210.240,$GNGSA,A,3,25,08,02,03,05,,,,,,,,1.32,0.78,1.07,3*01
1776370210.240,$GNGSA,A,3,24,12,06,07,10,16,,,,,,,1.32,0.78,1.07,4*0F
1776370210.241,$GPGSV,2,1,08,08,33,185,21,16,63,356,26,26,34,025,44,27,53,146,50,1*6F
1776370210.241,$GPGSV,2,2,08,28,16,068,38,31,30,044,38,32,16,134,42,50,56,115,43,1*6C
1776370210.242,$GPGSV,2,1,07,04,32,332,18,08,33,185,20,26,34,025,41,27,53,146,44,6*6E
1776370210.243,$GPGSV,2,2,07,28,16,068,38,31,30,044,29,32,16,134,37,6*52
1776370210.243,$GPGSV,2,1,07,01,02,221,,02,05,194,,03,41,261,,09,03,323,,0*63
1776370210.244,$GPGSV,2,2,07,09,03,323,,40,36,259,,41,64,233,,0*50
1776370210.245,$GLGSV,2,1,07,68,24,153,45,69,76,146,43,70,47,335,25,73,27,269,23,1*73
1776370210.245,$GLGSV,2,2,07,79,11,027,39,80,40,336,26,,,,17,1*76
1776370210.246,$GLGSV,2,1,06,68,24,153,40,69,76,146,38,70,47,335,22,73,27,269,19,3*77
1776370210.246,$GLGSV,2,2,06,79,11,027,28,80,40,336,22,3*77
1776370210.247,$GLGSV,1,1,03,81,02,074,,82,09,117,,83,04,165,,0*4B
1776370210.247,$GAGSV,2,1,07,02,75,331,23,03,66,057,50,05,28,120,47,08,35,336,20,2*73
1776370210.248,$GAGSV,2,2,07,25,28,031,41,30,37,233,17,32,55,356,28,2*43
1776370210.248,$GAGSV,2,1,06,02,75,331,20,03,66,057,45,05,28,120,42,25,28,031,41,7*75
1776370210.249,$GAGSV,2,2,06,30,37,233,16,32,55,356,24,7*70
1776370210.251,$GAGSV,1,1,02,15,05,225,,34,07,178,,0*7C
1776370210.251,$GBGSV,2,1,08,06,31,181,26,07,54,160,44,08,38,191,18,09,43,341,18,1*76
1776370210.252,$GBGSV,2,2,08,10,49,174,35,13,46,206,16,16,41,013,47,24,46,329,22,1*7A
1776370210.252,$GBGSV,1,1,04,07,54,160,47,10,49,174,34,12,21,153,49,16,41,013,45,3*70
1776370210.253,$GBGSV,3,1,10,01,37,105,,02,66,235,,03,70,144,,04,21,101,,0*71
1776370210.254,$GBGSV,3,2,10,04,21,101,,05,41,259,,11,02,199,,14,60,304,,0*79
1776370210.255,$GBGSV,3,3,10,14,60,304,,21,33,157,,0*72
1776370210.255,$GNGLL,1339.06722,N,10029.52016,E,201010.00,A,D*73
1776370211.242,$GNRMC,201011.00,A,1339.06647,N,10029.52016,E,2.691,182.33,160426,0.53,W,D,V*42
1776370211.243,$GNVTG,182.33,T,182.86,M,2.691,N,4.983,K,D*3C
1776370211.243,$GNGGA,201011.00,1339.06647,N,10029.52016,E,2,12,0.78,-0.4,M,-27.8,M,,0499*42
1776370211.244,$GNGSA,A,3,32,16,27,26,28,31,08,,,,,,1.32,0.78,1.07,1*0F
1776370211.245,$GNGSA,A,3,79,70,73,80,69,68,,,,,,,1.32,0.78,1.07,2*0F
1776370211.245,$GNGSA,A,3,25,08,02,03,05,,,,,,,,1.32,0.78,1.07,3*01
1776370211.246,$GNGSA,A,3,24,12,06,07,10,16,,,,,,,1.32,0.78,1.07,4*0F
1776370211.246,$GPGSV,2,1,08,08,33,185,21,16,63,356,25,26,34,025,41,27,53,146,49,1*61
1776370211.247,$GPGSV,2,2,08,28,16,068,42,31,30,044,41,32,16,134,42,50,56,115,41,1*6D
1776370211.248,$GPGSV,2,1,07,04,32,332,18,08,33,185,20,26,34,025,39,27,53,146,42,6*67
1776370211.248,$GPGSV,2,2,07,28,16,068,37,31,30,044,34,32,16,134,39,6*5F
1776370211.249,$GPGSV,2,1,07,01,02,221,,02,05,194,,03,41,261,,09,03,323,,0*63
1776370211.250,$GPGSV,2,2,07,09,03,323,,40,36,259,,41,64,233,,0*50
1776370211.251,$GLGSV,2,1,07,68,24,153,49,69,76,146,44,70,47,335,26,73,27,269,25,1*7D
1776370211.251,$GLGSV,2,2,07,79,11,027,24,80,40,336,26,,,,14,1*79
1776370211.252,$GLGSV,2,1,06,68,24,153,40,69,76,146,37,70,47,335,22,73,27,269,19,3*78
1776370211.253,$GLGSV,2,2,06,79,11,027,26,80,40,336,21,3*7A
1776370211.254,$GLGSV,1,1,03,81,02,074,,82,09,117,,83,04,165,,0*4B
1776370211.254,$GAGSV,2,1,07,02,75,331,23,03,66,057,50,05,28,120,47,08,35,336,21,2*72
1776370211.255,$GAGSV,2,2,07,25,28,031,42,30,37,233,13,32,55,356,27,2*4B
1776370211.256,$GAGSV,2,1,06,02,75,331,20,03,66,057,43,05,28,120,41,25,28,031,40,7*71
1776370211.257,$GAGSV,2,2,06,30,37,233,17,32,55,356,23,7*76
1776370211.257,$GAGSV,1,1,02,15,05,224,,34,07,178,,0*7D
1776370211.259,$GBGSV,2,1,08,06,31,181,25,07,54,160,45,08,38,191,18,09,43,341,18,1*74
1776370211.259,$GBGSV,2,2,08,10,49,174,32,13,46,206,17,16,41,013,46,24,46,329,22,1*7D
1776370211.260,$GBGSV,1,1,04,07,54,160,45,10,49,174,34,12,21,153,47,16,41,013,46,3*7F
1776370211.261,$GBGSV,3,1,10,01,37,105,,02,66,235,,03,70,144,,04,21,101,,0*71
1776370211.262,$GBGSV,3,2,10,04,21,101,,05,41,259,,11,02,199,,14,60,304,,0*79
1776370211.262,$GBGSV,3,3,10,14,60,304,,21,33,157,,0*72
1776370211.263,$GNGLL,1339.06647,N,10029.52016,E,201011.00,A,D*70
1776370212.245,$GNRMC,201012.00,A,1339.06571,N,10029.52016,E,2.777,181.29,160426,0.53,W,D,V*46
1776370212.247,$GNVTG,181.29,T,181.82,M,2.777,N,5.144,K,D*38
1776370212.249,$GNGGA,201012.00,1339.06571,N,10029.52016,E,2,12,0.78,-0.4,M,-27.8,M,,0499*47
1776370212.251,$GNGSA,A,3,32,16,27,26,28,31,08,,,,,,1.32,0.78,1.07,1*0F
1776370212.253,$GNGSA,A,3,79,70,73,80,69,68,,,,,,,1.32,0.78,1.07,2*0F
1776370212.256,$GNGSA,A,3,25,08,02,03,05,,,,,,,,1.32,0.78,1.07,3*01
1776370212.257,$GNGSA,A,3,24,12,06,07,10,16,,,,,,,1.32,0.78,1.07,4*0F
1776370212.259,$GPGSV,2,1,08,08,33,185,22,16,63,356,25,26,34,025,42,27,53,146,48,1*60
1776370212.261,$GPGSV,2,2,08,28,16,068,42,31,30,044,41,32,16,134,43,50,56,115,42,1*6F
1776370212.263,$GPGSV,2,1,07,04,32,332,18,08,33,185,21,26,34,025,37,27,53,146,44,6*6E
1776370212.265,$GPGSV,2,2,07,28,16,068,35,31,30,044,36,32,16,134,40,6*51
1776370212.267,$GPGSV,2,1,07,01,02,221,,02,05,194,,03,41,261,,09,03,323,,0*63
1776370212.269,$GPGSV,2,2,07,09,03,323,,40,36,259,,41,64,233,,0*50
1776370212.271,$GLGSV,2,1,07,68,24,153,48,69,76,146,45,70,47,335,24,73,27,269,25,1*7F
1776370212.272,$GLGSV,2,2,07,79,11,027,36,80,40,336,24,,,,13,1*7F
1776370212.273,$GLGSV,2,1,06,68,24,153,42,69,76,146,36,70,47,335,21,73,27,269,21,3*73
1776370212.274,$GLGSV,2,2,06,79,11,027,27,80,40,336,22,3*78
1776370212.275,$GLGSV,1,1,03,81,02,074,,82,09,117,,83,04,165,,0*4B
1776370212.276,$GAGSV,2,1,07,02,75,331,22,03,66,057,49,05,28,120,48,08,35,336,20,2*75
1776370212.276,$GAGSV,2,2,07,25,28,031,41,30,37,233,15,32,55,356,28,2*41
1776370212.277,$GAGSV,2,1,06,02,75,331,19,03,66,057,44,05,28,120,41,25,28,031,38,7*73
1776370212.278,$GAGSV,2,2,06,30,37,233,17,32,55,356,24,7*71
1776370212.278,$GAGSV,1,1,02,15,05,224,,34,07,178,,0*7D
1776370212.279,$GBGSV,2,1,08,06,31,181,25,07,54,160,45,08,38,191,16,09,43,341,17,1*75
1776370212.280,$GBGSV,2,2,08,10,49,174,35,13,46,206,16,16,41,013,46,24,46,329,22,1*7B
1776370212.281,$GBGSV,1,1,04,07,54,160,46,10,49,174,30,12,21,153,48,16,41,013,46,3*77
1776370212.281,$GBGSV,3,1,10,01,37,105,,02,66,235,,03,70,144,,04,21,101,,0*71
1776370212.282,$GBGSV,3,2,10,04,21,101,,05,41,259,,11,02,199,,14,60,304,,0*79
1776370212.282,$GBGSV,3,3,10,14,60,304,,21,33,157,,0*72
1776370212.283,$GNGLL,1339.06571,N,10029.52016,E,201012.00,A,D*75
1776370213.243,$GNRMC,201013.00,A,1339.06492,N,10029.52017,E,2.883,181.07,160426,0.53,W,D,V*42
1776370213.245,$GNVTG,181.07,T,181.60,M,2.883,N,5.339,K,D*34
1776370213.247,$GNGGA,201013.00,1339.06492,N,10029.52017,E,2,12,0.78,-0.4,M,-27.8,M,,0499*4B
1776370213.249,$GNGSA,A,3,32,16,27,26,28,31,08,,,,,,1.32,0.78,1.07,1*0F
1776370213.252,$GNGSA,A,3,79,70,73,80,69,68,,,,,,,1.32,0.78,1.07,2*0F
1776370213.253,$GNGSA,A,3,25,08,02,03,05,,,,,,,,1.32,0.78,1.07,3*01
1776370213.255,$GNGSA,A,3,24,12,06,07,10,16,,,,,,,1.32,0.78,1.07,4*0F
1776370213.258,$GPGSV,2,1,08,08,33,185,22,16,63,356,25,26,34,025,44,27,53,146,47,1*69
1776370213.260,$GPGSV,2,2,08,28,16,068,41,31,30,044,42,32,16,134,44,50,56,115,41,1*6B
1776370213.263,$GPGSV,2,1,07,04,32,332,18,08,33,185,19,26,34,025,37,27,53,146,41,6*60
1776370213.265,$GPGSV,2,2,07,28,16,068,37,31,30,044,41,32,16,134,36,6*52
1776370213.266,$GPGSV,2,1,07,01,02,221,,02,05,194,,03,41,261,,09,03,323,,0*63
1776370213.267,$GPGSV,2,2,07,09,03,323,,40,36,259,,41,64,233,,0*50
1776370213.269,$GLGSV,2,1,07,68,24,153,47,69,76,146,41,70,47,335,22,73,27,269,31,1*77
1776370213.271,$GLGSV,2,2,07,79,11,027,40,80,40,336,25,,,,14,1*78
1776370213.273,$GLGSV,2,1,06,68,24,153,37,69,76,146,37,70,47,335,20,73,27,269,21,3*71
1776370213.274,$GLGSV,2,2,06,79,11,027,33,80,40,336,21,3*7E
1776370213.275,$GLGSV,1,1,03,81,02,074,,82,09,117,,83,04,165,,0*4B
1776370213.276,$GAGSV,2,1,07,02,75,331,21,03,66,057,50,05,28,120,44,08,35,336,20,2*72
1776370213.277,$GAGSV,2,2,07,25,28,031,40,30,37,233,13,32,55,356,32,2*4D
1776370213.279,$GAGSV,2,1,06,02,75,331,19,03,66,057,45,05,28,120,42,25,28,031,38,7*71
1776370213.280,$GAGSV,2,2,06,30,37,233,16,32,55,356,24,7*70
1776370213.281,$GAGSV,1,1,02,15,05,224,,34,07,178,,0*7D
1776370213.281,$GBGSV,2,1,08,06,31,181,23,07,54,160,43,08,38,191,14,09,43,341,17,1*77
1776370213.282,$GBGSV,2,2,08,10,49,174,27,13,46,206,15,16,41,013,47,24,46,329,23,1*7B
1776370213.283,$GBGSV,1,1,04,07,54,160,45,10,49,174,32,12,21,153,49,16,41,013,46,3*77
1776370213.284,$GBGSV,3,1,10,01,37,105,,02,66,235,,03,70,144,,04,21,101,,0*71
1776370213.286,$GBGSV,3,2,10,04,21,101,,05,41,259,,11,02,199,,14,60,304,,0*79
1776370213.286,$GBGSV,3,3,10,14,60,304,,21,33,157,,0*72
1776370213.287,$GNGLL,1339.06492,N,10029.52017,E,201013.00,A,D*79
1776370214.245,$GNRMC,201014.00,A,1339.06411,N,10029.52017,E,2.934,181.64,160426,0.53,W,D,V*46
1776370214.247,$GNVTG,181.64,T,182.17,M,2.934,N,5.433,K,D*32
1776370214.249,$GNGGA,201014.00,1339.06411,N,10029.52017,E,2,12,0.78,-0.4,M,-27.8,M,,0499*47
1776370214.251,$GNGSA,A,3,32,16,27,26,28,31,08,,,,,,1.32,0.78,1.07,1*0F
1776370214.253,$GNGSA,A,3,79,70,73,80,69,68,,,,,,,1.32,0.78,1.07,2*0F
1776370214.254,$GNGSA,A,3,25,08,02,03,05,,,,,,,,1.32,0.78,1.07,3*01
1776370214.256,$GNGSA,A,3,24,12,06,07,10,16,,,,,,,1.32,0.78,1.07,4*0F
1776370214.257,$GPGSV,2,1,08,08,33,185,21,16,63,356,25,26,34,025,43,27,53,146,49,1*63
1776370214.260,$GPGSV,2,2,08,28,16,068,42,31,30,044,44,32,16,134,44,50,56,115,42,1*6D
1776370214.262,$GPGSV,2,1,07,04,32,332,17,08,33,185,16,26,34,025,36,27,53,146,42,6*62
1776370214.264,$GPGSV,2,2,07,28,16,068,37,31,30,044,41,32,16,134,36,6*52
1776370214.266,$GPGSV,2,1,07,01,02,221,,02,05,194,,03,41,261,,09,03,323,,0*63
1776370214.268,$GPGSV,2,2,07,09,03,323,,40,36,259,,41,64,233,,0*50
1776370214.270,$GLGSV,2,1,07,68,24,153,50,69,76,146,42,70,47,335,23,73,27,269,24,1*77
1776370214.272,$GLGSV,2,2,07,79,11,027,39,80,40,336,24,,,,15,1*76
1776370214.275,$GLGSV,2,1,06,68,24,153,43,69,76,146,40,70,47,335,20,73,27,269,23,3*70
1776370214.277,$GLGSV,2,2,06,79,11,027,35,80,40,336,21,3*78
1776370214.279,$GLGSV,1,1,03,81,02,074,,82,09,117,,83,04,165,,0*4B
1776370214.281,$GAGSV,2,1,07,02,75,331,20,03,66,057,51,05,28,120,47,08,35,336,20,2*71
1776370214.282,$GAGSV,2,2,07,25,28,031,30,30,37,233,09,32,55,356,26,2*44
1776370214.283,$GAGSV,2,1,06,02,75,331,19,03,66,057,46,05,28,120,42,25,28,031,33,7*79
1776370214.284,$GAGSV,2,2,06,30,37,233,14,32,55,356,22,7*74
1776370214.285,$GAGSV,1,1,02,15,05,224,,34,07,178,,0*7D
1776370214.285,$GBGSV,2,1,08,06,31,181,23,07,54,160,44,08,38,191,16,09,43,341,17,1*72
1776370214.286,$GBGSV,2,2,08,10,49,174,32,13,46,206,16,16,41,013,44,24,46,329,21,1*7D
1776370214.287,$GBGSV,1,1,04,07,54,160,47,10,49,174,32,12,21,153,46,16,41,013,42,3*7E
1776370214.288,$GBGSV,3,1,10,01,37,105,,02,66,235,,03,70,144,,04,21,101,,0*71
1776370214.289,$GBGSV,3,2,10,04,21,101,,05,41,259,,11,02,199,,14,60,304,,0*79
1776370214.289,$GBGSV,3,3,10,14,60,304,,21,33,157,,0*72
1776370214.289,$GNGLL,1339.06411,N,10029.52017,E,201014.00,A,D*75
1776370215.245,$GNRMC,201015.00,A,1339.06337,N,10029.52019,E,2.395,178.36,160426,0.53,W,D,V*4A
1776370215.247,$GNVTG,178.36,T,178.89,M,2.395,N,4.435,K,D*37
1776370215.248,$GNGGA,201015.00,1339.06337,N,10029.52019,E,2,12,0.78,-0.4,M,-27.8,M,,0499*4B
1776370215.249,$GNGSA,A,3,32,16,27,26,28,31,,,,,,,1.35,0.78,1.10,1*06
1776370215.249,$GNGSA,A,3,79,70,73,80,69,68,,,,,,,1.35,0.78,1.10,2*0E
1776370215.250,$GNGSA,A,3,25,08,03,05,,,,,,,,,1.35,0.78,1.10,3*02
1776370215.250,$GNGSA,A,3,24,12,06,07,10,16,,,,,,,1.35,0.78,1.10,4*0E
1776370215.251,$GPGSV,2,1,08,08,33,185,18,16,63,356,23,26,34,025,44,27,53,146,48,1*69
1776370215.252,$GPGSV,2,2,08,28,16,068,41,31,30,044,44,32,16,134,44,50,56,115,45,1*69
1776370215.252,$GPGSV,2,1,07,04,32,332,17,08,33,185,17,26,34,025,37,27,53,146,44,6*64
1776370215.253,$GPGSV,2,2,07,28,16,068,41,31,30,044,38,32,16,134,39,6*52
1776370215.254,$GPGSV,2,1,07,01,02,221,,02,05,194,,03,41,261,,09,03,323,,0*63
1776370215.254,$GPGSV,2,2,07,09,03,323,,40,36,259,,41,64,233,,0*50
1776370215.255,$GLGSV,2,1,07,68,24,153,45,69,76,146,44,70,47,335,24,73,27,269,23,1*75
1776370215.256,$GLGSV,2,2,07,79,11,027,36,80,40,336,24,,,,13,1*7F
1776370215.256,$GLGSV,2,1,06,68,24,153,44,69,76,146,39,70,47,335,21,73,27,269,25,3*7E
1776370215.257,$GLGSV,2,2,06,79,11,027,35,80,40,336,19,3*73
1776370215.257,$GLGSV,1,1,03,81,02,074,,82,09,117,,83,04,165,,0*4B
1776370215.258,$GAGSV,2,1,06,02,75,331,19,03,66,057,49,05,28,120,46,08,35,336,20,2*72
1776370215.259,$GAGSV,2,2,06,25,28,031,43,32,55,356,31,2*7B
1776370215.259,$GAGSV,2,1,06,02,75,331,19,03,66,057,45,05,28,120,44,25,28,031,40,7*78
1776370215.260,$GAGSV,2,2,06,30,37,233,12,32,55,356,22,7*72
1776370215.260,$GAGSV,1,1,02,15,05,224,,34,07,178,,0*7D
1776370215.261,$GBGSV,2,1,08,06,31,181,23,07,54,160,44,08,38,191,15,09,43,341,17,1*71
1776370215.262,$GBGSV,2,2,08,10,49,174,31,13,46,206,15,16,41,013,44,24,46,329,21,1*7D
1776370215.262,$GBGSV,1,1,04,07,54,160,45,10,49,174,33,12,21,153,47,16,41,013,42,3*7C
1776370215.263,$GBGSV,3,1,10,01,37,105,,02,66,235,,03,70,144,,04,21,101,,0*71
1776370215.264,$GBGSV,3,2,10,04,21,101,,05,41,259,,11,02,199,,14,60,304,,0*79
1776370215.264,$GBGSV,3,3,10,14,60,304,,21,33,157,,0*72
1776370215.265,$GNGLL,1339.06337,N,10029.52019,E,201015.00,A,D*79
1776370216.244,$GNRMC,201016.00,A,1339.06270,N,10029.52025,E,2.404,176.31,160426,0.53,W,D,V*42
1776370216.246,$GNVTG,176.31,T,176.84,M,2.404,N,4.452,K,D*33
1776370216.247,$GNGGA,201016.00,1339.06270,N,10029.52025,E,2,12,0.83,-0.4,M,-27.8,M,,0499*41
1776370216.248,$GNGSA,A,3,32,16,27,26,28,31,,,,,,,1.40,0.83,1.13,1*03
1776370216.248,$GNGSA,A,3,79,70,73,80,69,68,,,,,,,1.40,0.83,1.13,2*0B
1776370216.249,$GNGSA,A,3,25,03,05,,,,,,,,,,1.40,0.83,1.13,3*0F
1776370216.249,$GNGSA,A,3,24,12,06,07,10,16,,,,,,,1.40,0.83,1.13,4*0B
1776370216.250,$GPGSV,2,1,08,08,33,185,18,16,63,356,23,26,34,025,43,27,53,146,50,1*67
1776370216.251,$GPGSV,2,2,08,28,16,068,44,31,30,044,43,32,16,134,43,50,56,115,45,1*6C
1776370216.251,$GPGSV,2,1,07,04,32,332,17,08,33,185,16,26,34,025,39,27,53,146,44,6*6B
1776370216.252,$GPGSV,2,2,07,28,16,068,37,31,30,044,40,32,16,134,39,6*5C
1776370216.253,$GPGSV,2,1,07,01,02,221,,02,05,194,,03,41,261,,09,03,323,,0*63
1776370216.253,$GPGSV,2,2,07,09,03,323,,40,36,259,,41,64,233,,0*50
1776370216.254,$GLGSV,2,1,07,68,24,153,44,69,76,146,47,70,47,335,23,73,27,269,21,1*72
1776370216.254,$GLGSV,2,2,07,79,11,027,34,80,40,336,25,,,,13,1*7C
1776370216.255,$GLGSV,2,1,06,68,24,153,43,69,76,146,42,70,47,335,21,73,27,269,25,3*75
1776370216.256,$GLGSV,2,2,06,79,11,027,32,80,40,336,18,3*75
1776370216.256,$GLGSV,1,1,03,81,02,074,,82,09,117,,83,04,165,,0*4B
1776370216.257,$GAGSV,2,1,06,02,75,331,19,03,66,057,49,05,28,120,46,08,35,336,19,2*78
1776370216.257,$GAGSV,2,2,06,25,27,031,43,32,55,356,25,2*71
1776370216.258,$GAGSV,2,1,06,02,75,331,17,03,66,057,45,05,28,120,42,25,27,031,40,7*7F
1776370216.259,$GAGSV,2,2,06,30,37,233,12,32,55,356,22,7*72
1776370216.259,$GAGSV,1,1,02,15,05,224,,34,07,178,,0*7D
1776370216.260,$GBGSV,2,1,08,06,31,181,30,07,54,160,44,08,38,191,14,09,43,341,18,1*7D
1776370216.260,$GBGSV,2,2,08,10,49,174,35,13,46,206,14,16,41,013,44,24,46,329,21,1*78
1776370216.261,$GBGSV,1,1,04,07,54,160,46,10,49,174,32,12,21,153,44,16,41,013,44,3*7B
1776370216.262,$GBGSV,3,1,10,01,37,105,,02,66,235,,03,70,144,,04,21,101,,0*71
1776370216.262,$GBGSV,3,2,10,04,21,101,,05,41,259,,11,02,199,,14,60,304,,0*79
1776370216.263,$GBGSV,3,3,10,14,60,304,,21,33,157,,0*72
1776370216.263,$GNGLL,1339.06270,N,10029.52025,E,201016.00,A,D*77
1776370217.242,$GNRMC,201017.00,A,1339.06202,N,10029.52035,E,2.464,171.21,160426,0.53,W,D,V*47
1776370217.244,$GNVTG,171.21,T,171.74,M,2.464,N,4.563,K,D*38
1776370217.246,$GNGGA,201017.00,1339.06202,N,10029.52035,E,2,12,0.90,-0.3,M,-27.8,M,,0499*41
1776370217.246,$GNGSA,A,3,32,16,27,26,28,31,,,,,,,1.46,0.90,1.15,1*01
1776370217.247,$GNGSA,A,3,79,70,73,80,69,68,,,,,,,1.46,0.90,1.15,2*09
1776370217.247,$GNGSA,A,3,25,03,05,,,,,,,,,,1.46,0.90,1.15,3*0D
1776370217.247,$GNGSA,A,3,24,12,06,07,10,16,,,,,,,1.46,0.90,1.15,4*09
1776370217.248,$GPGSV,2,1,08,08,33,185,17,16,63,356,23,26,34,025,43,27,53,146,49,1*60
1776370217.249,$GPGSV,2,2,08,28,16,068,43,31,30,044,43,32,16,134,41,50,56,115,43,1*6F
1776370217.249,$GPGSV,2,1,07,04,32,332,15,08,33,185,17,26,34,025,41,27,53,146,43,6*60
1776370217.250,$GPGSV,2,2,07,28,16,068,34,31,30,044,38,32,16,134,35,6*5C
1776370217.251,$GPGSV,2,1,07,01,02,221,,02,05,194,,03,41,261,,09,03,323,,0*63
1776370217.251,$GPGSV,2,2,07,09,03,323,,40,36,259,,41,64,233,,0*50
1776370217.252,$GLGSV,2,1,07,68,24,153,47,69,76,146,50,70,47,335,22,73,27,269,20,1*77
1776370217.252,$GLGSV,2,2,07,79,11,027,30,80,40,336,24,,,,14,1*7E
1776370217.253,$GLGSV,2,1,06,68,24,153,43,69,76,146,41,70,47,335,21,73,27,269,24,3*77
1776370217.253,$GLGSV,2,2,06,79,11,027,33,80,40,336,16,3*7A
1776370217.254,$GLGSV,1,1,03,81,02,074,,82,09,117,,83,04,165,,0*4B
1776370217.254,$GAGSV,2,1,06,02,75,331,18,03,66,057,48,05,28,120,46,08,35,336,17,2*76
1776370217.255,$GAGSV,2,2,06,25,27,031,45,32,55,356,25,2*77
1776370217.256,$GAGSV,2,1,06,02,75,331,16,03,66,057,47,05,28,120,41,25,27,031,43,7*7C
1776370217.256,$GAGSV,2,2,06,30,37,233,12,32,55,356,22,7*72
1776370217.256,$GAGSV,1,1,02,15,05,224,,34,07,178,,0*7D
1776370217.257,$GBGSV,2,1,08,06,31,181,23,07,54,160,45,08,38,191,15,09,43,341,16,1*71
1776370217.258,$GBGSV,2,2,08,10,49,174,34,13,46,206,14,16,41,013,47,24,46,329,20,1*7B
1776370217.258,$GBGSV,1,1,04,07,54,160,48,10,49,174,35,12,21,153,45,16,41,013,45,3*72
1776370217.259,$GBGSV,3,1,10,01,37,105,,02,66,235,,03,70,144,,04,21,101,,0*71
1776370217.259,$GBGSV,3,2,10,04,21,101,,05,41,259,,11,02,199,,14,60,304,,0*79
1776370217.260,$GBGSV,3,3,10,14,60,304,,21,33,157,,0*72
1776370217.260,$GNGLL,1339.06202,N,10029.52035,E,201017.00,A,D*72
1776370218.242,$GNRMC,201018.00,A,1339.06133,N,10029.52046,E,2.530,174.29,160426,0.53,W,D,V*40
1776370218.244,$GNVTG,174.29,T,174.82,M,2.530,N,4.685,K,D*32
1776370218.246,$GNGGA,201018.00,1339.06133,N,10029.52046,E,2,12,1.01,-0.3,M,-27.8,M,,0499*42
1776370218.247,$GNGSA,A,3,32,16,27,26,28,31,08,,,,,,1.55,1.01,1.17,1*00
1776370218.249,$GNGSA,A,3,79,70,73,80,69,68,,,,,,,1.55,1.01,1.17,2*00
1776370218.250,$GNGSA,A,3,25,03,05,,,,,,,,,,1.55,1.01,1.17,3*04
1776370218.252,$GNGSA,A,3,12,06,07,10,16,,,,,,,,1.55,1.01,1.17,4*06
1776370218.254,$GPGSV,2,1,08,08,33,185,20,16,63,356,25,26,34,025,43,27,53,146,48,1*63
1776370218.256,$GPGSV,2,2,08,28,16,068,38,31,30,044,45,32,16,134,38,50,56,115,43,1*6B
1776370218.258,$GPGSV,2,1,07,04,32,332,17,08,33,185,17,26,34,025,44,27,53,146,45,6*61
1776370218.260,$GPGSV,2,2,07,28,16,068,40,31,30,044,41,32,16,134,32,6*56
1776370218.262,$GPGSV,2,1,07,01,02,221,,02,05,194,,03,41,261,,09,03,323,,0*63
1776370218.264,$GPGSV,2,2,07,09,03,323,,40,36,259,,41,64,233,,0*50
1776370218.266,$GLGSV,2,1,07,68,24,153,48,69,76,146,48,70,47,335,21,73,27,269,20,1*72
1776370218.268,$GLGSV,2,2,07,79,11,027,33,80,40,336,22,,,,14,1*7B
1776370218.271,$GLGSV,2,1,06,68,24,153,41,69,76,146,44,70,47,335,21,73,27,269,22,3*76
1776370218.273,$GLGSV,2,2,06,79,11,027,27,80,40,336,16,3*7F
1776370218.274,$GLGSV,1,1,03,81,02,074,,82,09,117,,83,04,165,,0*4B
1776370218.276,$GAGSV,2,1,06,02,75,331,19,03,66,057,50,05,28,120,48,08,35,336,12,2*75
1776370218.277,$GAGSV,2,2,06,25,27,031,43,32,55,356,25,2*71
1776370218.278,$GAGSV,2,1,06,02,75,331,17,03,66,057,47,05,28,120,41,25,27,031,42,7*7C
1776370218.279,$GAGSV,2,2,06,30,37,233,13,32,55,356,29,7*78
1776370218.280,$GAGSV,1,1,02,15,05,224,,34,07,178,,0*7D
1776370218.281,$GBGSV,2,1,08,06,31,181,31,07,54,160,47,08,38,191,16,09,43,341,16,1*73
1776370218.282,$GBGSV,2,2,08,10,49,174,35,13,46,206,14,16,41,013,45,24,46,329,19,1*72
1776370218.283,$GBGSV,1,1,04,07,54,160,48,10,49,174,38,12,21,153,48,16,41,013,47,3*70
1776370218.284,$GBGSV,3,1,10,01,37,105,,02,66,235,,03,70,144,,04,21,101,,0*71
1776370218.285,$GBGSV,3,2,10,04,21,101,,05,41,259,,11,02,199,,14,60,304,,0*79
1776370218.285,$GBGSV,3,3,10,14,60,304,,21,33,157,,0*72
1776370218.286,$GNGLL,1339.06133,N,10029.52046,E,201018.00,A,D*78
1776370219.237,$GNRMC,201019.00,A,1339.06062,N,10029.52053,E,2.550,178.36,160426,0.53,W,D,V*44
1776370219.239,$GNVTG,178.36,T,178.89,M,2.550,N,4.723,K,D*3C
1776370219.241,$GNGGA,201019.00,1339.06062,N,10029.52053,E,2,12,1.01,-0.2,M,-27.8,M,,0499*43
1776370219.243,$GNGSA,A,3,32,16,27,26,28,31,08,,,,,,1.55,1.01,1.17,1*00
1776370219.244,$GNGSA,A,3,79,70,73,80,69,68,,,,,,,1.55,1.01,1.17,2*00
1776370219.246,$GNGSA,A,3,25,03,05,,,,,,,,,,1.55,1.01,1.17,3*04
1776370219.247,$GNGSA,A,3,12,06,07,10,16,,,,,,,,1.55,1.01,1.17,4*06
1776370219.249,$GPGSV,2,1,08,08,33,185,20,16,63,356,26,26,34,025,44,27,53,146,46,1*69
1776370219.251,$GPGSV,2,2,08,28,16,068,38,31,30,044,45,32,16,134,40,50,56,115,44,1*63
1776370219.254,$GPGSV,2,1,07,04,32,332,17,08,33,185,16,26,34,025,42,27,53,146,45,6*66
1776370219.256,$GPGSV,2,2,07,28,16,068,37,31,30,044,40,32,16,134,36,6*53
1776370219.258,$GPGSV,2,1,07,01,02,221,,02,05,194,,03,41,261,,09,03,323,,0*63
1776370219.259,$GPGSV,2,2,07,09,03,323,,40,36,259,,41,64,233,,0*50
1776370219.262,$GLGSV,2,1,07,68,24,153,48,69,76,146,50,70,47,335,22,73,27,269,20,1*78
1776370219.264,$GLGSV,2,2,07,79,11,027,39,80,40,336,22,,,,13,1*76
1776370219.266,$GLGSV,2,1,06,68,24,153,41,69,76,146,45,70,47,335,20,73,27,269,20,3*74
1776370219.267,$GLGSV,2,2,06,79,11,027,35,80,40,336,19,3*73
1776370219.268,$GLGSV,1,1,03,81,02,074,,82,09,117,,83,04,165,,0*4B
1776370219.270,$GAGSV,2,1,06,02,75,331,19,03,66,057,51,05,28,120,47,08,35,336,13,2*7A
1776370219.271,$GAGSV,2,2,06,25,27,031,42,32,55,356,30,2*74
1776370219.272,$GAGSV,2,1,06,02,75,331,18,03,66,057,48,05,28,120,42,25,27,031,43,7*7E
1776370219.273,$GAGSV,2,2,06,30,37,233,12,32,55,356,23,7*73
1776370219.274,$GAGSV,1,1,02,15,05,224,,34,07,178,,0*7D
1776370219.275,$GBGSV,2,1,08,06,31,181,30,07,54,160,45,08,38,191,15,09,43,341,16,1*73
1776370219.276,$GBGSV,2,2,08,10,49,174,35,13,46,206,14,16,41,013,45,24,46,329,16,1*7D
1776370219.277,$GBGSV,1,1,04,07,54,160,49,10,49,174,37,12,21,153,49,16,41,013,46,3*7E
1776370219.278,$GBGSV,3,1,10,01,37,105,,02,66,235,,03,70,144,,04,21,101,,0*71
1776370219.278,$GBGSV,3,2,10,04,21,101,,05,41,259,,11,02,199,,14,60,304,,0*79
1776370219.279,$GBGSV,3,3,10,14,60,304,,21,33,157,,0*72
1776370219.280,$GNGLL,1339.06062,N,10029.52053,E,201019.00,A,D*78
1776370220.241,$GNRMC,201020.00,A,1339.05992,N,10029.52055,E,2.530,180.43,160426,0.53,W,D,V*4E
1776370220.243,$GNVTG,180.43,T,180.96,M,2.530,N,4.686,K,D*38
1776370220.244,$GNGGA,201020.00,1339.05992,N,10029.52055,E,2,12,1.18,-0.2,M,-27.8,M,,0499*42
1776370220.245,$GNGSA,A,3,32,16,27,26,28,31,08,,,,,,1.68,1.18,1.20,1*02
1776370220.245,$GNGSA,A,3,79,70,80,69,68,,,,,,,,1.68,1.18,1.20,2*06
1776370220.246,$GNGSA,A,3,25,03,05,,,,,,,,,,1.68,1.18,1.20,3*06
1776370220.246,$GNGSA,A,3,12,06,07,10,16,,,,,,,,1.68,1.18,1.20,4*04
1776370220.247,$GPGSV,2,1,08,08,33,185,21,16,63,356,26,26,34,025,45,27,53,146,46,1*69
1776370220.247,$GPGSV,2,2,08,28,16,068,38,31,30,044,44,32,16,134,38,50,56,115,43,1*6A
1776370220.248,$GPGSV,2,1,07,04,32,332,15,08,33,185,17,26,34,025,42,27,53,146,46,6*66
1776370220.249,$GPGSV,2,2,07,28,16,068,39,31,30,044,39,32,16,134,38,6*5D
1776370220.249,$GPGSV,2,1,07,01,02,221,,02,05,194,,03,41,261,,09,03,323,,0*63
1776370220.250,$GPGSV,2,2,07,09,03,323,,40,36,259,,41,64,233,,0*50
1776370220.250,$GLGSV,2,1,07,68,24,153,48,69,76,146,48,70,47,335,23,73,27,269,19,1*7A
1776370220.251,$GLGSV,2,2,07,79,11,027,36,80,40,336,21,,,,10,1*79
1776370220.251,$GLGSV,2,1,06,68,24,153,41,69,76,146,43,70,47,335,19,73,27,269,19,3*72
1776370220.252,$GLGSV,2,2,06,79,11,027,38,80,40,336,18,3*7F
1776370220.252,$GLGSV,1,1,03,81,02,074,,82,09,117,,83,04,165,,0*4B
1776370220.253,$GAGSV,2,1,06,02,75,331,19,03,66,057,51,05,28,120,46,08,35,336,14,2*7C
1776370220.253,$GAGSV,2,2,06,25,27,031,43,32,55,356,30,2*75
1776370220.254,$GAGSV,2,1,06,02,75,331,19,03,66,057,49,05,28,120,43,25,27,031,43,7*7F
1776370220.254,$GAGSV,2,2,06,30,37,233,12,32,55,356,26,7*76
1776370220.255,$GAGSV,1,1,02,15,05,224,,34,07,178,,0*7D
1776370220.255,$GBGSV,2,1,08,06,31,181,29,07,54,160,46,08,38,191,15,09,43,341,17,1*79
1776370220.256,$GBGSV,2,2,08,10,49,174,35,13,46,206,15,16,41,013,45,24,46,329,16,1*7C
1776370220.256,$GBGSV,1,1,04,07,54,160,48,10,49,174,38,12,21,153,48,16,41,013,45,3*72
1776370220.257,$GBGSV,3,1,10,01,37,105,,02,66,235,,03,70,144,,04,21,101,,0*71
1776370220.258,$GBGSV,3,2,10,04,21,101,,05,41,259,,11,02,199,,14,60,304,,0*79
1776370220.258,$GBGSV,3,3,10,14,60,304,,21,33,157,,0*72
1776370220.258,$GNGLL,1339.05992,N,10029.52055,E,201020.00,A,D*71
1776370221.243,$GNRMC,201021.00,A,1339.05925,N,10029.52056,E,2.206,179.32,160426,0.53,W,D,V*42
1776370221.245,$GNVTG,179.32,T,179.85,M,2.206,N,4.085,K,D*3B
1776370221.247,$GNGGA,201021.00,1339.05925,N,10029.52056,E,2,12,1.13,-0.2,M,-27.8,M,,0499*47
1776370221.249,$GNGSA,A,3,32,16,27,26,28,31,08,,,,,,1.64,1.13,1.19,1*0F
1776370221.251,$GNGSA,A,3,79,70,80,69,68,,,,,,,,1.64,1.13,1.19,2*0B
1776370221.252,$GNGSA,A,3,25,02,03,05,,,,,,,,,1.64,1.13,1.19,3*09
1776370221.253,$GNGSA,A,3,12,06,07,10,16,,,,,,,,1.64,1.13,1.19,4*09
1776370221.255,$GPGSV,3,1,09,08,33,185,22,16,63,356,26,26,34,025,45,27,53,146,47,1*6B
1776370221.258,$GPGSV,3,2,09,28,16,068,40,31,30,044,44,32,16,134,38,42,70,217,28,1*6E
1776370221.259,$GPGSV,3,3,09,50,56,115,44,1*5E
1776370221.261,$GPGSV,2,1,07,04,32,332,15,08,33,185,17,26,34,025,43,27,53,146,45,6*64
1776370221.263,$GPGSV,2,2,07,28,16,068,39,31,30,044,40,32,16,134,38,6*53
1776370221.265,$GPGSV,2,1,06,01,02,221,,02,05,194,,03,41,261,,09,03,323,,0*62
1776370221.267,$GPGSV,2,2,06,09,03,323,,40,36,259,,0*64
1776370221.268,$GLGSV,2,1,07,68,24,153,48,69,76,146,50,70,47,335,24,73,27,269,18,1*75
1776370221.269,$GLGSV,2,2,07,79,11,027,39,80,40,336,22,,,,12,1*77
1776370221.271,$GLGSV,2,1,06,68,24,153,41,69,76,146,45,70,47,335,19,73,27,269,18,3*75
1776370221.272,$GLGSV,2,2,06,79,11,027,32,80,40,336,17,3*7A
1776370221.273,$GLGSV,1,1,03,81,02,074,,82,09,117,,83,04,165,,0*4B
1776370221.274,$GAGSV,2,1,06,02,75,331,20,03,66,057,51,05,28,120,46,08,35,336,14,2*76
1776370221.275,$GAGSV,2,2,06,25,27,031,41,32,55,356,23,2*75
1776370221.276,$GAGSV,2,1,06,02,75,331,20,03,66,057,49,05,28,120,42,25,27,031,44,7*73
1776370221.276,$GAGSV,2,2,06,30,37,233,12,32,55,356,26,7*76
1776370221.277,$GAGSV,1,1,02,15,05,224,,34,07,178,,0*7D
1776370221.278,$GBGSV,2,1,08,06,31,181,29,07,54,160,45,08,38,191,15,09,43,341,17,1*7A
1776370221.279,$GBGSV,2,2,08,10,49,174,37,13,46,206,15,16,41,013,46,24,46,329,15,1*7E
1776370221.280,$GBGSV,1,1,04,07,54,160,49,10,49,174,40,12,21,153,48,16,41,013,46,3*7F
1776370221.280,$GBGSV,3,1,10,01,37,105,,02,66,235,,03,70,144,,04,21,101,,0*71
1776370221.281,$GBGSV,3,2,10,04,21,101,,05,41,259,,11,02,199,,14,60,304,,0*79
1776370221.282,$GBGSV,3,3,10,14,60,304,,21,33,157,,0*72
1776370221.282,$GNGLL,1339.05925,N,10029.52056,E,201021.00,A,D*7F
1776370222.239,$GNRMC,201022.00,A,1339.05858,N,10029.52058,E,2.586,181.47,160426,0.53,W,D,V*4E
1776370222.241,$GNVTG,181.47,T,182.00,M,2.586,N,4.789,K,D*33
1776370222.242,$GNGGA,201022.00,1339.05858,N,10029.52058,E,2,12,0.99,-0.1,M,-27.8,M,,0499*41
1776370222.243,$GNGSA,A,3,32,16,27,26,28,31,,,,,,,1.52,0.99,1.16,1*0E
1776370222.244,$GNGSA,A,3,79,70,80,69,68,,,,,,,,1.52,0.99,1.16,2*02
1776370222.245,$GNGSA,A,3,25,02,03,05,,,,,,,,,1.52,0.99,1.16,3*00
1776370222.246,$GNGSA,A,3,12,06,07,10,16,,,,,,,,1.52,0.99,1.16,4*00
1776370222.247,$GPGSV,2,1,08,16,63,356,26,26,34,025,45,27,53,146,45,28,16,068,40,1*6A
1776370222.249,$GPGSV,2,2,08,31,30,044,45,32,16,134,37,42,70,217,29,50,56,115,44,1*65
1776370222.250,$GPGSV,2,1,07,04,32,332,15,08,33,185,18,26,34,025,42,27,53,146,46,6*69
1776370222.251,$GPGSV,2,2,07,28,16,068,37,31,30,044,39,32,16,134,39,6*52
1776370222.253,$GPGSV,2,1,06,01,02,221,,02,05,194,,03,41,261,,09,03,323,,0*62
1776370222.254,$GPGSV,2,2,06,09,03,323,,40,36,259,,0*64
1776370222.255,$GLGSV,2,1,07,68,24,153,47,69,76,146,48,70,47,335,24,73,27,269,18,1*73
1776370222.256,$GLGSV,2,2,07,79,11,027,43,80,40,336,24,,,,14,1*7A
1776370222.258,$GLGSV,2,1,06,68,24,153,41,69,76,146,44,70,47,335,20,73,27,269,18,3*7E
1776370222.259,$GLGSV,2,2,06,79,11,027,34,80,40,336,16,3*7D
1776370222.260,$GLGSV,1,1,03,81,02,074,,82,09,117,,83,04,165,,0*4B
1776370222.262,$GAGSV,2,1,06,02,75,331,21,03,66,057,51,05,28,120,47,08,35,336,15,2*77
1776370222.263,$GAGSV,2,2,06,25,27,031,43,32,55,356,30,2*75
1776370222.264,$GAGSV,2,1,06,02,75,331,19,03,66,057,47,05,28,120,42,25,27,031,42,7*71
1776370222.265,$GAGSV,2,2,06,30,37,233,10,32,55,356,25,7*77
1776370222.266,$GAGSV,1,1,02,15,05,224,,34,07,178,,0*7D
1776370222.267,$GBGSV,2,1,08,06,31,181,27,07,54,160,45,08,38,191,13,09,43,341,17,1*72
1776370222.268,$GBGSV,2,2,08,10,49,174,38,13,46,206,15,16,41,013,46,24,46,329,16,1*72
1776370222.269,$GBGSV,1,1,04,07,54,160,49,10,49,174,41,12,21,153,48,16,41,013,45,3*7D
1776370222.270,$GBGSV,3,1,10,01,37,105,,02,66,235,,03,70,144,,04,21,101,,0*71
1776370222.270,$GBGSV,3,2,10,04,21,101,,05,41,259,,11,02,199,,14,60,304,,0*79
1776370222.271,$GBGSV,3,3,10,14,60,304,,21,32,157,,0*73
1776370222.272,$GNGLL,1339.05858,N,10029.52058,E,201022.00,A,D*79
1776370223.241,$GNRMC,201023.00,A,1339.05788,N,10029.52061,E,2.444,178.32,160426,0.53,W,D,V*4C
1776370223.242,$GNVTG,178.32,T,178.85,M,2.444,N,4.527,K,D*36
1776370223.242,$GNGGA,201023.00,1339.05788,N,10029.52061,E,2,12,0.99,0.0,M,-27.8,M,,0499*64
1776370223.243,$GNGSA,A,3,32,16,27,26,28,31,08,,,,,,1.52,0.99,1.16,1*06
1776370223.243,$GNGSA,A,3,79,70,80,69,68,,,,,,,,1.52,0.99,1.16,2*02
1776370223.244,$GNGSA,A,3,25,02,03,05,,,,,,,,,1.52,0.99,1.16,3*00
1776370223.245,$GNGSA,A,3,12,06,07,10,16,,,,,,,,1.52,0.99,1.16,4*00
1776370223.245,$GPGSV,3,1,09,08,33,185,11,16,63,356,27,26,34,025,44,27,53,146,47,1*6B
1776370223.246,$GPGSV,3,2,09,28,16,068,40,31,30,044,43,32,16,134,40,42,70,217,29,1*67
1776370223.247,$GPGSV,3,3,09,50,56,115,43,1*59
1776370223.248,$GPGSV,2,1,07,04,32,332,16,08,33,185,20,26,34,025,40,27,53,146,45,6*60
1776370223.248,$GPGSV,2,2,07,28,16,068,41,31,30,044,41,32,16,134,38,6*5D
1776370223.249,$GPGSV,2,1,06,01,02,221,,02,05,194,,03,41,261,,09,03,323,,0*62
1776370223.249,$GPGSV,2,2,06,09,03,323,,40,36,259,,0*64
1776370223.250,$GLGSV,2,1,07,68,24,153,47,69,76,146,50,70,47,335,25,73,27,269,19,1*7A
1776370223.251,$GLGSV,2,2,07,79,11,027,43,80,40,336,23,,,,15,1*7C
1776370223.252,$GLGSV,2,1,06,68,24,153,40,69,76,146,46,70,47,335,21,73,27,269,18,3*7C
1776370223.253,$GLGSV,2,2,06,79,11,027,38,80,40,336,16,3*71
1776370223.254,$GLGSV,1,1,03,81,02,074,,82,09,117,,83,04,165,,0*4B
1776370223.255,$GAGSV,2,1,06,02,75,331,22,03,66,057,52,05,28,120,48,08,35,336,16,2*7B
1776370223.256,$GAGSV,2,2,06,25,27,031,43,32,56,356,29,2*7E
1776370223.257,$GAGSV,2,1,06,02,75,331,19,03,66,057,48,05,28,120,42,25,27,031,42,7*7E
1776370223.257,$GAGSV,2,2,06,30,37,233,08,32,56,356,24,7*7C
1776370223.258,$GAGSV,1,1,02,15,05,224,,34,07,178,,0*7D
1776370223.259,$GBGSV,2,1,08,06,31,181,26,07,54,160,46,08,38,191,12,09,43,341,17,1*71
1776370223.259,$GBGSV,2,2,08,10,49,174,36,13,46,206,16,16,41,013,45,24,46,329,16,1*7C
1776370223.260,$GBGSV,1,1,04,07,54,160,48,10,49,174,35,12,21,153,49,16,41,013,45,3*7E
1776370223.261,$GBGSV,3,1,10,01,37,105,,02,66,235,,03,70,144,,04,21,101,,0*71
1776370223.262,$GBGSV,3,2,10,04,21,101,,05,41,259,,11,02,199,,14,60,304,,0*79
1776370223.262,$GBGSV,3,3,10,14,60,304,,21,32,157,,0*73
1776370223.263,$GNGLL,1339.05788,N,10029.52061,E,201023.00,A,D*70
1776370224.244,$GNRMC,201024.00,A,1339.05720,N,10029.52066,E,2.457,174.79,160426,0.53,W,D,V*4F
1776370224.246,$GNVTG,174.79,T,175.32,M,2.457,N,4.550,K,D*36
1776370224.248,$GNGGA,201024.00,1339.05720,N,10029.52066,E,2,12,0.99,0.0,M,-27.8,M,,0499*66
1776370224.250,$GNGSA,A,3,32,16,27,26,28,31,08,,,,,,1.52,0.99,1.16,1*06
1776370224.252,$GNGSA,A,3,79,70,73,80,69,68,,,,,,,1.52,0.99,1.16,2*06
1776370224.254,$GNGSA,A,3,25,02,03,05,,,,,,,,,1.52,0.99,1.16,3*00
1776370224.256,$GNGSA,A,3,12,06,07,10,16,,,,,,,,1.52,0.99,1.16,4*00
1776370224.258,$GPGSV,3,1,10,02,05,194,26,08,33,185,19,16,63,356,26,26,34,025,45,1*67
1776370224.261,$GPGSV,3,2,10,27,53,146,45,28,16,068,42,31,30,044,43,32,16,134,42,1*60
1776370224.263,$GPGSV,3,3,10,42,70,217,28,50,56,115,43,1*6E
1776370224.266,$GPGSV,2,1,07,04,32,332,17,08,33,185,20,26,34,025,43,27,53,146,40,6*67
1776370224.268,$GPGSV,2,2,07,28,16,068,38,31,30,044,41,32,16,134,40,6*5C
1776370224.269,$GPGSV,2,1,05,01,02,221,,03,41,261,,09,03,323,,40,36,259,,0*65
1776370224.270,$GPGSV,2,2,05,40,36,259,,0*5F
1776370224.272,$GLGSV,2,1,07,68,24,153,48,69,76,146,50,70,47,335,25,73,27,269,20,1*7F
1776370224.273,$GLGSV,2,2,07,79,11,027,42,80,40,336,23,,,,14,1*7C
1776370224.274,$GLGSV,2,1,06,68,24,153,41,69,76,146,45,70,47,335,21,73,27,269,18,3*7E
1776370224.275,$GLGSV,2,2,06,79,11,027,38,80,40,336,17,3*70
1776370224.276,$GLGSV,1,1,03,81,02,074,,82,09,117,,83,04,165,,0*4B
1776370224.277,$GAGSV,2,1,06,02,75,331,23,03,66,057,52,05,28,120,45,08,35,336,15,2*74
1776370224.278,$GAGSV,2,2,06,25,27,031,42,32,56,356,30,2*77
1776370224.279,$GAGSV,2,1,06,02,75,331,18,03,66,057,47,05,28,120,44,25,27,031,42,7*76
1776370224.280,$GAGSV,2,2,06,30,37,233,08,32,56,356,25,7*7D
1776370224.281,$GAGSV,1,1,02,15,05,224,,34,07,178,,0*7D
1776370224.282,$GBGSV,2,1,08,06,31,181,31,07,54,160,44,08,38,191,12,09,43,341,18,1*7A
1776370224.283,$GBGSV,2,2,08,10,49,174,37,13,46,206,18,16,41,013,46,24,46,329,17,1*71
1776370224.283,$GBGSV,1,1,04,07,54,160,41,10,49,174,35,12,21,153,47,16,41,013,46,3*7A
1776370224.284,$GBGSV,3,1,10,01,37,105,,02,66,235,,03,70,144,,04,21,101,,0*71
1776370224.285,$GBGSV,3,2,10,04,21,101,,05,41,259,,11,02,199,,14,60,304,,0*79
1776370224.285,$GBGSV,3,3,10,14,60,304,,21,32,157,,0*73
1776370224.286,$GNGLL,1339.05720,N,10029.52066,E,201024.00,A,D*72
1776370225.244,$GNRMC,201025.00,A,1339.05650,N,10029.52070,E,2.579,179.86,160426,0.53,W,D,V*4F
1776370225.247,$GNVTG,179.86,T,180.39,M,2.579,N,4.776,K,D*31
1776370225.249,$GNGGA,201025.00,1339.05650,N,10029.52070,E,2,12,0.99,0.0,M,-27.8,M,,0499*66
1776370225.251,$GNGSA,A,3,32,16,27,26,28,31,08,,,,,,1.52,0.99,1.16,1*06
1776370225.252,$GNGSA,A,3,79,70,80,69,68,,,,,,,,1.52,0.99,1.16,2*02
1776370225.254,$GNGSA,A,3,25,02,03,05,,,,,,,,,1.52,0.99,1.16,3*00
1776370225.256,$GNGSA,A,3,12,06,07,10,16,,,,,,,,1.52,0.99,1.16,4*00
1776370225.259,$GPGSV,3,1,12,01,02,221,25,02,05,194,27,08,33,185,21,16,63,356,26,1*6F
1776370225.261,$GPGSV,3,2,12,26,34,025,44,27,53,146,44,28,16,068,41,31,30,044,43,1*62
1776370225.264,$GPGSV,3,3,12,32,16,134,41,40,36,259,28,42,70,217,29,50,56,115,39,1*60
1776370225.266,$GPGSV,2,1,07,04,32,332,15,08,33,185,20,26,34,025,42,27,53,146,38,6*6B
1776370225.268,$GPGSV,2,2,07,28,16,068,33,31,30,044,40,32,16,134,40,6*56
1776370225.271,$GPGSV,1,1,03,03,41,261,,09,03,323,,41,64,233,,0*58
1776370225.275,$GLGSV,2,1,07,68,24,153,50,69,76,146,47,70,47,335,25,73,27,269,19,1*7A
1776370225.277,$GLGSV,2,2,07,79,11,027,43,80,40,336,22,,,,13,1*7B
1776370225.278,$GLGSV,2,1,06,68,24,153,40,69,76,146,45,70,47,335,21,73,27,269,19,3*7E
1776370225.280,$GLGSV,2,2,06,79,11,027,39,80,40,336,18,3*7E
1776370225.281,$GLGSV,1,1,03,81,02,074,,82,09,117,,83,04,165,,0*4B
1776370225.282,$GAGSV,2,1,06,02,75,331,22,03,66,057,53,05,28,120,44,08,35,336,13,2*73
1776370225.283,$GAGSV,2,2,06,25,27,031,43,32,56,356,29,2*7E
1776370225.284,$GAGSV,2,1,06,02,75,331,20,03,66,057,47,05,28,120,45,25,27,031,43,7*7D
1776370225.284,$GAGSV,2,2,06,30,37,233,08,32,56,356,24,7*7C
1776370225.285,$GAGSV,1,1,02,15,05,224,,34,07,177,,0*72
1776370225.285,$GBGSV,2,1,08,06,31,181,27,07,54,160,42,08,38,191,12,09,43,341,16,1*75
1776370225.286,$GBGSV,2,2,08,10,49,174,36,13,46,206,17,16,41,013,46,24,46,329,19,1*71
1776370225.287,$GBGSV,1,1,04,07,54,160,43,10,49,174,33,12,21,153,47,16,41,013,47,3*7F
1776370225.289,$GBGSV,3,1,10,01,37,105,,02,66,235,,03,70,144,,04,21,101,,0*71
1776370225.290,$GBGSV,3,2,10,04,21,101,,05,41,259,,11,02,199,,14,60,304,,0*79
1776370225.291,$GBGSV,3,3,10,14,60,304,,21,32,157,,0*73
1776370225.292,$GNGLL,1339.05650,N,10029.52070,E,201025.00,A,D*72
1776370226.246,$GNRMC,201026.00,A,1339.05578,N,10029.52072,E,2.552,180.49,160426,0.53,W,D,V*4B
1776370226.249,$GNVTG,180.49,T,181.03,M,2.552,N,4.727,K,D*31
1776370226.251,$GNGGA,201026.00,1339.05578,N,10029.52072,E,2,12,1.04,-0.1,M,-27.8,M,,0499*47
1776370226.253,$GNGSA,A,3,32,16,27,26,28,31,40,08,,,,,1.54,1.04,1.14,1*03
1776370226.255,$GNGSA,A,3,79,70,73,80,69,68,,,,,,,1.54,1.04,1.14,2*07
1776370226.258,$GNGSA,A,3,25,02,03,05,,,,,,,,,1.54,1.04,1.14,3*01
1776370226.261,$GNGSA,A,3,12,06,07,10,16,,,,,,,,1.54,1.04,1.14,4*01
1776370226.263,$GPGSV,4,1,13,01,02,221,22,02,05,194,26,08,33,185,22,09,03,323,26,1*66
1776370226.264,$GPGSV,4,2,13,16,63,356,27,26,34,025,45,27,53,146,40,28,16,068,38,1*6E
1776370226.265,$GPGSV,4,3,13,31,30,044,44,32,16,134,37,40,36,259,27,42,70,217,27,1*6E
1776370226.266,$GPGSV,4,4,13,50,56,115,38,1*5E
1776370226.267,$GPGSV,2,1,07,04,32,332,14,08,33,185,19,26,34,025,40,27,53,146,38,6*62
1776370226.268,$GPGSV,2,2,07,28,16,068,38,31,30,044,37,32,16,134,36,6*5C
1776370226.269,$GPGSV,1,1,02,03,41,261,,41,64,233,,0*61
1776370226.270,$GLGSV,2,1,07,68,24,153,48,69,76,146,48,70,47,335,25,73,27,269,20,1*76
1776370226.270,$GLGSV,2,2,07,79,11,027,46,80,40,336,22,,,,13,1*7E
1776370226.272,$GLGSV,2,1,06,68,24,153,37,69,76,146,44,70,47,335,20,73,27,269,18,3*7F
1776370226.273,$GLGSV,2,2,06,79,11,027,40,80,40,336,18,3*70
1776370226.275,$GLGSV,1,1,03,81,02,074,,82,09,117,,83,04,165,,0*4B
1776370226.276,$GAGSV,2,1,06,02,75,331,21,03,66,057,52,05,28,120,43,08,35,336,10,2*75
1776370226.277,$GAGSV,2,2,06,25,27,031,44,32,56,356,29,2*79
1776370226.278,$GAGSV,2,1,06,02,75,331,21,03,66,057,48,05,28,120,41,25,27,031,45,7*71
1776370226.278,$GAGSV,2,2,06,30,37,233,08,32,56,356,25,7*7D
1776370226.279,$GAGSV,1,1,02,15,05,224,,34,07,177,,0*72
1776370226.279,$GBGSV,2,1,08,06,31,181,21,07,54,160,44,08,38,191,14,09,43,341,17,1*72
1776370226.280,$GBGSV,2,2,08,10,49,174,36,13,46,206,16,16,41,013,45,24,46,329,19,1*73
1776370226.281,$GBGSV,1,1,04,07,54,160,48,10,49,174,28,12,21,153,46,16,41,013,46,3*7E
1776370226.281,$GBGSV,3,1,10,01,37,105,,02,66,235,,03,70,144,,04,21,101,,0*71
1776370226.282,$GBGSV,3,2,10,04,21,101,,05,41,259,,11,02,199,,14,60,304,,0*79
1776370226.283,$GBGSV,3,3,10,14,60,304,,21,32,157,,0*73
1776370226.283,$GNGLL,1339.05578,N,10029.52072,E,201026.00,A,D*7A
1776370227.244,$GNRMC,201027.00,A,1339.05506,N,10029.52072,E,2.634,183.77,160426,0.53,W,D,V*4E
1776370227.246,$GNVTG,183.77,T,184.30,M,2.634,N,4.879,K,D*3D
1776370227.248,$GNGGA,201027.00,1339.05506,N,10029.52072,E,2,12,1.04,-0.2,M,-27.8,M,,0499*4C
1776370227.250,$GNGSA,A,3,32,16,27,26,28,31,08,,,,,,1.54,1.04,1.14,1*07
1776370227.252,$GNGSA,A,3,79,70,73,80,69,68,,,,,,,1.54,1.04,1.14,2*07
1776370227.253,$GNGSA,A,3,25,02,03,05,,,,,,,,,1.54,1.04,1.14,3*01
1776370227.255,$GNGSA,A,3,12,06,07,10,16,,,,,,,,1.54,1.04,1.14,4*01
1776370227.259,$GPGSV,3,1,10,02,05,194,23,08,33,185,22,16,63,356,27,26,34,025,46,1*68
1776370227.263,$GPGSV,3,2,10,27,53,146,48,28,16,068,41,31,30,044,44,32,16,134,45,1*6E
1776370227.264,$GPGSV,3,3,10,42,70,217,28,50,56,115,39,1*63
1776370227.267,$GPGSV,2,1,07,04,32,332,13,08,33,185,20,26,34,025,40,27,53,146,43,6*63
1776370227.269,$GPGSV,2,2,07,28,16,068,38,31,30,044,42,32,16,134,37,6*5F
1776370227.271,$GPGSV,2,1,05,01,02,221,,03,41,261,,09,03,323,,40,36,259,,0*65
1776370227.272,$GPGSV,2,2,05,40,36,259,,0*5F
1776370227.274,$GLGSV,2,1,07,68,24,153,47,69,76,146,40,70,47,335,25,73,27,269,20,1*71
1776370227.275,$GLGSV,2,2,07,79,11,027,43,80,40,336,23,,,,12,1*7B
1776370227.276,$GLGSV,2,1,06,68,24,153,42,69,76,146,38,70,47,335,21,73,27,269,18,3*77
1776370227.277,$GLGSV,2,2,06,79,11,027,41,80,40,336,18,3*71
1776370227.278,$GLGSV,1,1,03,81,02,074,,82,09,117,,83,04,165,,0*4B
1776370227.279,$GAGSV,2,1,06,02,75,331,22,03,66,057,50,05,28,120,46,08,35,336,12,2*73
1776370227.279,$GAGSV,2,2,06,25,27,031,43,32,56,356,28,2*7F
1776370227.280,$GAGSV,2,1,05,02,75,331,21,03,66,057,44,05,28,120,44,25,27,031,43,7*7D
1776370227.281,$GAGSV,2,2,05,32,56,356,27,7*41
1776370227.281,$GAGSV,1,1,03,15,05,224,,30,37,233,,34,07,177,,0*46
1776370227.282,$GBGSV,2,1,08,06,31,181,25,07,54,160,43,08,38,191,14,09,43,341,16,1*70
1776370227.283,$GBGSV,2,2,08,10,49,174,37,13,46,206,15,16,41,013,47,24,46,329,18,1*72
1776370227.284,$GBGSV,1,1,04,07,54,160,40,10,49,174,36,12,21,153,46,16,41,013,46,3*79
1776370227.285,$GBGSV,3,1,10,01,37,105,,02,66,235,,03,70,144,,04,21,101,,0*71
1776370227.285,$GBGSV,3,2,10,04,21,101,,05,41,259,,11,02,199,,14,60,304,,0*79
1776370227.286,$GBGSV,3,3,10,14,60,304,,21,32,157,,0*73
1776370227.286,$GNGLL,1339.05506,N,10029.52072,E,201027.00,A,D*72
1776370228.241,$GNRMC,201028.00,A,1339.05433,N,10029.52071,E,2.556,183.19,160426,0.53,W,D,V*4A
1776370228.244,$GNVTG,183.19,T,183.72,M,2.556,N,4.733,K,D*32
1776370228.247,$GNGGA,201028.00,1339.05433,N,10029.52071,E,2,12,1.04,-0.2,M,-27.8,M,,0499*47
1776370228.249,$GNGSA,A,3,32,16,27,26,28,31,08,,,,,,1.54,1.04,1.14,1*07
1776370228.250,$GNGSA,A,3,79,70,73,80,69,68,,,,,,,1.54,1.04,1.14,2*07
1776370228.252,$GNGSA,A,3,25,02,03,05,,,,,,,,,1.54,1.04,1.14,3*01
1776370228.254,$GNGSA,A,3,12,06,07,10,16,,,,,,,,1.54,1.04,1.14,4*01
1776370228.257,$GPGSV,3,1,10,02,05,194,21,08,33,185,22,16,63,356,28,26,34,025,46,1*65
1776370228.260,$GPGSV,3,2,10,27,53,146,44,28,16,068,42,31,30,044,42,32,16,134,43,1*61
1776370228.261,$GPGSV,3,3,10,42,70,217,28,50,56,115,38,1*62
1776370228.263,$GPGSV,2,1,07,04,32,332,15,08,33,185,20,26,34,025,42,27,53,146,40,6*64
1776370228.264,$GPGSV,2,2,07,28,16,068,39,31,30,044,41,32,16,134,36,6*5C
1776370228.265,$GPGSV,2,1,05,01,02,221,,03,41,261,,09,03,323,,40,36,259,,0*65
1776370228.266,$GPGSV,2,2,05,40,36,259,,0*5F
1776370228.268,$GLGSV,2,1,07,68,24,153,39,69,76,146,46,70,47,335,25,73,27,269,21,1*7F
1776370228.269,$GLGSV,2,2,07,79,11,027,46,80,40,336,25,,,,13,1*79
1776370228.270,$GLGSV,2,1,06,68,24,153,32,69,76,146,44,70,47,335,21,73,27,269,18,3*7B
1776370228.271,$GLGSV,2,2,06,79,11,027,40,80,40,336,19,3*71
1776370228.272,$GLGSV,1,1,03,81,02,074,,82,09,117,,83,04,165,,0*4B
1776370228.274,$GAGSV,2,1,06,02,75,331,25,03,66,057,49,05,28,120,49,08,35,336,13,2*72
1776370228.275,$GAGSV,2,2,06,25,27,031,46,32,56,356,27,2*75
1776370228.276,$GAGSV,2,1,06,02,75,331,23,03,66,057,40,05,28,120,40,25,27,031,43,7*7C
1776370228.277,$GAGSV,2,2,06,30,37,233,19,32,56,356,27,7*7F
1776370228.278,$GAGSV,1,1,02,15,05,224,,34,07,177,,0*72
1776370228.279,$GBGSV,2,1,08,06,31,181,27,07,54,160,44,08,38,191,13,09,43,341,15,1*71
1776370228.280,$GBGSV,2,2,08,10,49,174,32,13,46,206,14,16,41,013,47,24,46,329,19,1*77
1776370228.280,$GBGSV,1,1,04,07,54,160,43,10,49,174,35,12,21,153,45,16,41,013,44,3*78
1776370228.281,$GBGSV,3,1,10,01,37,105,,02,66,235,,03,70,144,,04,21,101,,0*71
1776370228.282,$GBGSV,3,2,10,04,21,101,,05,41,259,,11,02,199,,14,60,304,,0*79
1776370228.282,$GBGSV,3,3,10,14,60,304,,21,32,157,,0*73
1776370228.283,$GNGLL,1339.05433,N,10029.52071,E,201028.00,A,D*79
1776370229.241,$GNRMC,201029.00,A,1339.05366,N,10029.52078,E,2.328,177.66,160426,0.53,W,D,V*49
1776370229.244,$GNVTG,177.66,T,178.19,M,2.328,N,4.312,K,D*30
1776370229.246,$GNGGA,201029.00,1339.05366,N,10029.52078,E,2,12,1.04,-0.1,M,-27.8,M,,0499*4B
1776370229.248,$GNGSA,A,3,32,16,27,26,28,31,08,,,,,,1.54,1.04,1.14,1*07
1776370229.249,$GNGSA,A,3,79,70,73,80,69,68,,,,,,,1.54,1.04,1.14,2*07
1776370229.251,$GNGSA,A,3,25,02,03,05,,,,,,,,,1.54,1.04,1.14,3*01
1776370229.252,$GNGSA,A,3,12,06,07,10,16,,,,,,,,1.54,1.04,1.14,4*01
1776370229.254,$GPGSV,2,1,08,08,33,185,24,16,63,356,26,26,34,025,44,27,53,146,40,1*6B
1776370229.257,$GPGSV,2,2,08,28,16,068,40,31,30,044,43,32,16,134,42,50,56,115,39,1*62
1776370229.260,$GPGSV,2,1,07,04,32,332,15,08,33,185,21,26,34,025,43,27,53,146,41,6*65
1776370229.262,$GPGSV,2,2,07,28,16,068,38,31,30,044,43,32,16,134,34,6*5D
1776370229.264,$GPGSV,2,1,07,01,02,221,,02,05,194,,03,41,261,,09,03,323,,0*63
1776370229.265,$GPGSV,2,2,07,09,03,323,,40,36,259,,41,64,233,,0*50
1776370229.267,$GLGSV,2,1,07,68,24,153,40,69,76,146,40,70,47,335,25,73,27,269,22,1*74
1776370229.268,$GLGSV,2,2,07,79,11,027,48,80,40,336,24,,,,13,1*76
1776370229.269,$GLGSV,2,1,06,68,24,153,35,69,76,146,46,70,47,335,23,73,27,269,19,3*7D
1776370229.270,$GLGSV,2,2,06,79,11,027,36,80,40,336,19,3*70
1776370229.271,$GLGSV,1,1,03,81,02,074,,82,09,117,,83,04,165,,0*4B
1776370229.272,$GAGSV,2,1,06,02,75,331,26,03,66,057,43,05,28,120,48,08,35,336,13,2*7A
1776370229.273,$GAGSV,2,2,06,25,27,031,45,32,56,356,28,2*79
1776370229.275,$GAGSV,2,1,06,02,75,331,24,03,66,057,42,05,28,120,41,25,27,031,46,7*7D
1776370229.276,$GAGSV,2,2,06,30,37,233,17,32,56,356,28,7*7E
1776370229.276,$GAGSV,1,1,02,15,05,224,,34,07,177,,0*72
1776370229.277,$GBGSV,2,1,08,06,31,181,27,07,54,160,44,08,38,191,12,09,43,341,16,1*73
1776370229.278,$GBGSV,2,2,08,10,49,174,28,13,46,206,17,16,41,013,47,24,46,329,19,1*7F
1776370229.279,$GBGSV,1,1,04,07,54,160,46,10,49,174,36,12,21,153,43,16,41,013,46,3*7A
1776370229.279,$GBGSV,3,1,10,01,37,105,,02,66,235,,03,70,144,,04,21,101,,0*71
1776370229.280,$GBGSV,3,2,10,04,21,101,,05,41,259,,11,02,199,,14,60,304,,0*79
1776370229.280,$GBGSV,3,3,10,14,60,304,,21,32,157,,0*73
1776370229.281,$GNGLL,1339.05366,N,10029.52078,E,201029.00,A,D*76
1776370230.242,$GNRMC,201030.00,A,1339.05301,N,10029.52083,E,2.383,178.31,160426,0.53,W,D,V*48
1776370230.244,$GNVTG,178.31,T,178.84,M,2.383,N,4.413,K,D*3E
1776370230.247,$GNGGA,201030.00,1339.05301,N,10029.52083,E,2,12,1.04,0.2,M,-27.8,M,,0499*68
1776370230.250,$GNGSA,A,3,32,16,27,26,28,31,08,,,,,,1.54,1.04,1.14,1*07
1776370230.252,$GNGSA,A,3,79,70,73,80,69,68,,,,,,,1.54,1.04,1.14,2*07
1776370230.254,$GNGSA,A,3,25,02,03,05,,,,,,,,,1.54,1.04,1.14,3*01
1776370230.258,$GNGSA,A,3,24,12,06,07,10,16,,,,,,,1.54,1.04,1.14,4*07
1776370230.260,$GPGSV,2,1,08,08,33,185,24,16,63,356,26,26,34,025,43,27,53,146,44,1*68
1776370230.262,$GPGSV,2,2,08,28,16,068,37,31,30,044,45,32,16,134,44,50,56,115,37,1*6C
1776370230.264,$GPGSV,2,1,07,04,32,332,16,08,33,185,21,26,34,025,41,27,53,146,41,6*64
1776370230.266,$GPGSV,2,2,07,28,16,068,36,31,30,044,44,32,16,134,34,6*54
1776370230.267,$GPGSV,2,1,07,01,02,221,,02,05,194,,03,41,261,,09,03,323,,0*63
1776370230.268,$GPGSV,2,2,07,09,03,323,,40,36,259,,41,64,233,,0*50
1776370230.269,$GLGSV,2,1,07,68,24,153,41,69,76,146,47,70,47,335,25,73,27,269,22,1*72
1776370230.270,$GLGSV,2,2,07,79,11,027,46,80,40,336,24,,,,12,1*79
1776370230.272,$GLGSV,2,1,06,68,24,153,36,69,76,146,36,70,47,335,24,73,27,269,18,3*7F
1776370230.273,$GLGSV,2,2,06,79,11,027,41,80,40,336,19,3*70
1776370230.275,$GLGSV,1,1,03,81,02,074,,82,09,117,,83,04,165,,0*4B
1776370230.277,$GAGSV,2,1,06,02,75,331,27,03,66,057,49,05,28,120,47,08,35,336,14,2*79
1776370230.278,$GAGSV,2,2,06,25,27,031,44,32,56,356,28,2*78
1776370230.278,$GAGSV,2,1,06,02,75,331,22,03,66,057,44,05,28,120,43,25,27,031,42,7*7B
1776370230.279,$GAGSV,2,2,06,30,37,233,16,32,56,356,27,7*70
1776370230.279,$GAGSV,1,1,02,15,05,224,,34,07,177,,0*72
1776370230.280,$GBGSV,2,1,08,06,31,181,27,07,54,160,45,08,38,191,14,09,43,341,16,1*74
1776370230.281,$GBGSV,2,2,08,10,49,174,34,13,46,206,18,16,41,013,42,24,46,329,20,1*72
1776370230.282,$GBGSV,1,1,04,07,54,160,46,10,49,174,28,12,21,153,38,16,41,013,41,3*7E
1776370230.283,$GBGSV,3,1,10,01,37,105,,02,66,235,,03,70,144,,04,21,101,,0*71
1776370230.284,$GBGSV,3,2,10,04,21,101,,05,41,259,,11,02,199,,14,60,304,,0*79
1776370230.284,$GBGSV,3,3,10,14,60,304,,21,32,157,,0*73
1776370230.285,$GNGLL,1339.05301,N,10029.52083,E,201030.00,A,D*7B
1776370231.242,$GNRMC,201031.00,A,1339.05233,N,10029.52078,E,2.425,178.63,160426,0.53,W,D,V*41
1776370231.243,$GNVTG,178.63,T,179.16,M,2.425,N,4.491,K,D*32
1776370231.244,$GNGGA,201031.00,1339.05233,N,10029.52078,E,2,12,1.04,0.1,M,-27.8,M,,0499*6E
1776370231.245,$GNGSA,A,3,32,16,27,26,28,31,08,,,,,,1.54,1.04,1.14,1*07
1776370231.246,$GNGSA,A,3,79,70,73,80,69,68,,,,,,,1.54,1.04,1.14,2*07
1776370231.246,$GNGSA,A,3,25,02,03,05,,,,,,,,,1.54,1.04,1.14,3*01
1776370231.247,$GNGSA,A,3,24,12,06,07,10,16,,,,,,,1.54,1.04,1.14,4*07
1776370231.248,$GPGSV,3,1,09,04,32,332,23,08,33,185,24,16,63,356,25,26,34,025,42,1*6C
1776370231.249,$GPGSV,3,2,09,27,53,146,46,28,16,068,31,31,30,044,48,32,16,134,44,1*62
1776370231.249,$GPGSV,3,3,09,50,56,115,40,1*5A
1776370231.250,$GPGSV,2,1,07,04,32,332,15,08,33,185,20,26,34,025,40,27,53,146,42,6*64
1776370231.251,$GPGSV,2,2,07,28,16,068,41,31,30,044,40,32,16,134,33,6*57
1776370231.252,$GPGSV,2,1,07,01,02,221,,02,05,194,,03,41,261,,09,03,323,,0*63
1776370231.253,$GPGSV,2,2,07,09,03,323,,40,36,259,,41,64,233,,0*50
1776370231.254,$GLGSV,2,1,07,68,24,153,39,69,76,146,45,70,47,335,25,73,27,269,21,1*7C
1776370231.254,$GLGSV,2,2,07,79,11,027,48,80,40,336,22,,,,12,1*71
1776370231.255,$GLGSV,2,1,06,68,24,153,40,69,76,146,35,70,47,335,23,73,27,269,18,3*7A
1776370231.257,$GLGSV,2,2,06,79,11,027,39,80,40,336,21,3*74
1776370231.258,$GLGSV,1,1,03,81,02,074,,82,09,117,,83,04,165,,0*4B
1776370231.259,$GAGSV,2,1,06,02,75,331,25,03,66,057,49,05,28,120,47,08,35,336,14,2*7B
1776370231.260,$GAGSV,2,2,06,25,27,031,45,32,56,356,27,2*76
1776370231.261,$GAGSV,2,1,06,02,75,331,22,03,66,057,48,05,28,120,44,25,27,031,42,7*70
1776370231.261,$GAGSV,2,2,06,30,37,233,15,32,56,356,26,7*72
1776370231.262,$GAGSV,1,1,02,15,05,224,,34,07,177,,0*72
1776370231.263,$GBGSV,2,1,08,06,31,181,29,07,54,160,42,08,38,191,13,09,43,341,16,1*7A
1776370231.264,$GBGSV,2,2,08,10,49,174,34,13,46,206,17,16,41,013,35,24,46,329,20,1*7D
1776370231.265,$GBGSV,1,1,04,07,54,160,43,10,49,174,38,12,21,153,41,16,41,013,39,3*7B
1776370231.266,$GBGSV,3,1,10,01,37,105,,02,66,235,,03,70,144,,04,21,101,,0*71
1776370231.267,$GBGSV,3,2,10,04,21,101,,05,41,258,,11,02,199,,14,60,304,,0*78
1776370231.268,$GBGSV,3,3,10,14,60,304,,21,32,157,,0*73
1776370231.268,$GNGLL,1339.05233,N,10029.52078,E,201031.00,A,D*7E
1776370232.245,$GNRMC,201032.00,A,1339.05172,N,10029.52093,E,2.093,176.21,160426,0.53,W,D,V*40
1776370232.248,$GNVTG,176.21,T,176.75,M,2.093,N,3.876,K,D*3B
1776370232.250,$GNGGA,201032.00,1339.05172,N,10029.52093,E,2,12,1.04,0.5,M,-27.8,M,,0499*6A
1776370232.253,$GNGSA,A,3,32,16,27,26,28,31,08,,,,,,1.54,1.04,1.14,1*07
1776370232.254,$GNGSA,A,3,79,70,73,80,69,68,,,,,,,1.54,1.04,1.14,2*07
1776370232.256,$GNGSA,A,3,25,02,03,05,,,,,,,,,1.54,1.04,1.14,3*01
1776370232.259,$GNGSA,A,3,24,12,06,07,10,16,,,,,,,1.54,1.04,1.14,4*07
1776370232.262,$GPGSV,2,1,08,08,33,185,25,16,63,356,26,26,34,025,41,27,53,146,48,1*67
1776370232.264,$GPGSV,2,2,08,28,16,068,36,31,30,044,47,32,16,134,44,50,56,115,34,1*6C
1776370232.266,$GPGSV,2,1,07,04,32,332,15,08,33,185,19,26,34,025,34,27,53,146,41,6*6E
1776370232.268,$GPGSV,2,2,07,28,16,068,42,31,30,044,43,32,16,134,37,6*53
1776370232.269,$GPGSV,2,1,07,01,02,221,,02,05,194,,03,41,261,,09,03,323,,0*63
1776370232.270,$GPGSV,2,2,07,09,03,323,,40,36,259,,41,64,233,,0*50
1776370232.271,$GLGSV,2,1,07,68,24,153,48,69,76,146,44,70,47,335,25,73,27,269,23,1*79
1776370232.272,$GLGSV,2,2,07,79,11,027,44,80,40,336,22,,,,12,1*7D
1776370232.273,$GLGSV,2,1,06,68,24,153,40,69,76,146,42,70,47,335,23,73,27,269,20,3*71
1776370232.274,$GLGSV,2,2,06,79,11,027,39,80,40,336,22,3*77
1776370232.275,$GLGSV,1,1,03,81,02,074,,82,09,117,,83,04,165,,0*4B
1776370232.275,$GAGSV,2,1,06,02,75,331,24,03,66,057,48,05,28,120,45,08,35,336,15,2*78
1776370232.276,$GAGSV,2,2,06,25,27,031,50,32,56,356,27,2*72
1776370232.277,$GAGSV,2,1,06,02,75,331,23,03,66,057,43,05,28,120,43,25,27,031,43,7*7C
1776370232.277,$GAGSV,2,2,06,30,37,233,15,32,56,356,27,7*73
1776370232.278,$GAGSV,1,1,02,15,05,224,,34,07,177,,0*72
1776370232.279,$GBGSV,2,1,08,06,30,181,29,07,54,160,45,08,38,191,13,09,43,341,18,1*72
1776370232.280,$GBGSV,2,2,08,10,49,174,37,13,46,206,16,16,41,013,43,24,46,329,20,1*7E
1776370232.281,$GBGSV,1,1,04,07,54,160,47,10,49,174,34,12,21,153,32,16,41,013,41,3*78
1776370232.282,$GBGSV,3,1,10,01,37,105,,02,66,235,,03,70,144,,04,21,101,,0*71
1776370232.283,$GBGSV,3,2,10,04,21,101,,05,41,258,,11,02,199,,14,60,304,,0*78
1776370232.284,$GBGSV,3,3,10,14,60,304,,21,32,157,,0*73
1776370232.285,$GNGLL,1339.05172,N,10029.52093,E,201032.00,A,D*7E
1776370233.243,$GNRMC,201033.00,A,1339.05110,N,10029.52092,E,2.332,177.70,160426,0.53,W,D,V*49
1776370233.243,$GNVTG,177.70,T,178.23,M,2.332,N,4.319,K,D*3E
1776370233.244,$GNGGA,201033.00,1339.05110,N,10029.52092,E,2,12,1.04,0.7,M,-27.8,M,,0499*6C
1776370233.245,$GNGSA,A,3,32,16,27,26,28,31,08,,,,,,1.54,1.04,1.14,1*07
1776370233.245,$GNGSA,A,3,79,70,73,80,69,68,,,,,,,1.54,1.04,1.14,2*07
1776370233.246,$GNGSA,A,3,25,02,03,05,,,,,,,,,1.54,1.04,1.14,3*01
1776370233.246,$GNGSA,A,3,24,12,06,07,10,16,,,,,,,1.54,1.04,1.14,4*07
1776370233.247,$GPGSV,2,1,08,08,33,185,24,16,63,356,25,26,34,025,38,27,53,146,51,1*63
1776370233.247,$GPGSV,2,2,08,28,16,068,40,31,30,044,45,32,16,134,41,50,56,115,40,1*69
1776370233.248,$GPGSV,1,1,01,03,41,261,17,5*54
1776370233.249,$GPGSV,2,1,07,04,32,332,16,08,33,185,20,26,34,025,38,27,53,146,45,6*6F
1776370233.249,$GPGSV,2,2,07,28,16,068,41,31,30,044,43,32,16,134,31,6*56
1776370233.250,$GPGSV,2,1,06,01,02,221,,02,05,194,,09,03,323,,40,36,259,,0*6E
1776370233.251,$GPGSV,2,2,06,40,36,259,,41,64,233,,0*69
1776370233.251,$GLGSV,2,1,07,68,24,153,42,69,76,146,43,70,47,335,25,73,27,269,20,1*77
1776370233.252,$GLGSV,2,2,07,79,11,027,47,80,40,336,24,,,,10,1*7A
1776370233.253,$GLGSV,2,1,06,68,24,153,39,69,76,146,42,70,47,335,22,73,27,269,21,3*7F
1776370233.253,$GLGSV,2,2,06,79,11,027,39,80,40,336,21,3*74
1776370233.254,$GLGSV,1,1,03,81,02,074,,82,09,117,,83,04,165,,0*4B
1776370233.255,$GAGSV,2,1,06,02,75,331,25,03,66,057,48,05,28,120,45,08,35,336,17,2*7B
1776370233.256,$GAGSV,2,2,06,25,27,031,45,32,56,356,26,2*77
1776370233.257,$GAGSV,2,1,06,02,75,331,21,03,66,057,43,05,28,120,43,25,27,031,39,7*73
1776370233.258,$GAGSV,2,2,06,30,37,233,14,32,56,356,27,7*72
1776370233.259,$GAGSV,1,1,02,15,05,224,,34,07,177,,0*72
1776370233.261,$GBGSV,2,1,08,06,30,181,29,07,55,160,47,08,38,191,14,09,43,341,18,1*76
1776370233.261,$GBGSV,2,2,08,10,49,174,36,13,46,206,15,16,41,013,42,24,46,329,20,1*7D
1776370233.262,$GBGSV,1,1,04,07,55,160,48,10,49,174,34,12,21,153,41,16,41,013,39,3*7D
1776370233.263,$GBGSV,3,1,10,01,37,105,,02,66,235,,03,70,144,,04,21,101,,0*71
1776370233.264,$GBGSV,3,2,10,04,21,101,,05,41,258,,11,02,199,,14,60,304,,0*78
1776370233.264,$GBGSV,3,3,10,14,60,304,,21,32,157,,0*73
1776370233.265,$GNGLL,1339.05110,N,10029.52092,E,201033.00,A,D*7A
1776370234.242,$GNRMC,201034.00,A,1339.05044,N,10029.52089,E,2.314,178.28,160426,0.53,W,D,V*42
1776370234.245,$GNVTG,178.28,T,178.81,M,2.314,N,4.285,K,D*34
1776370234.246,$GNGGA,201034.00,1339.05044,N,10029.52089,E,2,12,1.05,0.9,M,-27.8,M,,0499*6E
1776370234.247,$GNGSA,A,3,32,16,27,26,28,31,08,,,,,,1.56,1.05,1.16,1*06
1776370234.248,$GNGSA,A,3,79,70,73,80,69,68,,,,,,,1.56,1.05,1.16,2*06
1776370234.248,$GNGSA,A,3,25,02,03,05,,,,,,,,,1.56,1.05,1.16,3*00
1776370234.249,$GNGSA,A,3,24,12,06,07,10,16,,,,,,,1.56,1.05,1.16,4*06
1776370234.249,$GPGSV,3,1,09,01,02,221,24,08,33,185,23,16,63,356,25,26,34,025,40,1*6B
1776370234.250,$GPGSV,3,2,09,27,53,146,48,28,16,068,36,31,30,044,45,32,16,134,37,1*62
1776370234.251,$GPGSV,3,3,09,50,56,115,42,1*58
1776370234.252,$GPGSV,2,1,08,03,41,261,15,04,32,332,16,08,33,185,20,26,34,025,41,6*68
1776370234.252,$GPGSV,2,2,08,27,53,146,43,28,16,068,43,31,30,044,42,32,16,134,34,6*68
1776370234.253,$GPGSV,2,1,05,02,05,194,,09,03,323,,40,36,259,,41,64,233,,0*6A
1776370234.254,$GPGSV,2,2,05,41,64,233,,0*55
1776370234.255,$GLGSV,2,1,07,68,24,153,41,69,76,146,48,70,47,335,25,73,27,269,20,1*7F
1776370234.256,$GLGSV,2,2,07,79,11,027,47,80,40,336,24,,,,10,1*7A
1776370234.257,$GLGSV,2,1,06,68,24,153,36,69,76,146,45,70,47,335,22,73,27,269,21,3*77
1776370234.257,$GLGSV,2,2,06,79,11,027,40,80,40,336,20,3*7B
1776370234.258,$GLGSV,1,1,03,81,02,074,,82,09,117,,83,04,165,,0*4B
1776370234.259,$GAGSV,2,1,06,02,75,331,24,03,66,057,40,05,28,120,48,08,35,336,17,2*7F
1776370234.260,$GAGSV,2,2,06,25,27,031,47,32,56,356,25,2*76
1776370234.261,$GAGSV,2,1,06,02,75,331,21,03,66,057,44,05,28,120,43,25,27,031,41,7*7B
1776370234.261,$GAGSV,2,2,06,30,37,233,14,32,56,356,26,7*73
1776370234.262,$GAGSV,1,1,02,15,05,224,,34,07,177,,0*72
1776370234.263,$GBGSV,2,1,08,06,30,181,28,07,55,160,46,08,38,191,16,09,43,341,18,1*74
1776370234.264,$GBGSV,2,2,08,10,49,174,38,13,46,206,17,16,41,013,37,24,46,329,20,1*73
1776370234.264,$GBGSV,1,1,04,07,55,160,50,10,49,174,35,12,21,153,42,16,41,013,31,3*7E
1776370234.265,$GBGSV,3,1,10,01,37,105,,02,66,235,,03,70,144,,04,21,101,,0*71
1776370234.266,$GBGSV,3,2,10,04,21,101,,05,41,258,,11,02,199,,14,60,304,,0*78
1776370234.266,$GBGSV,3,3,10,14,60,304,,21,32,157,,0*73
1776370234.267,$GNGLL,1339.05044,N,10029.52089,E,201034.00,A,D*77
1776370235.243,$GNRMC,201035.00,A,1339.04982,N,10029.52091,E,2.135,179.67,160426,0.53,W,D,V*43
1776370235.245,$GNVTG,179.67,T,180.20,M,2.135,N,3.954,K,D*33
1776370235.246,$GNGGA,201035.00,1339.04982,N,10029.52091,E,2,12,1.04,1.0,M,-27.8,M,,0499*6D
1776370235.248,$GNGSA,A,3,32,16,27,26,28,31,08,,,,,,1.54,1.04,1.14,1*07
1776370235.249,$GNGSA,A,3,79,70,73,80,69,68,,,,,,,1.54,1.04,1.14,2*07
1776370235.250,$GNGSA,A,3,25,02,03,05,,,,,,,,,1.54,1.04,1.14,3*01
1776370235.251,$GNGSA,A,3,24,12,06,07,10,16,,,,,,,1.54,1.04,1.14,4*07
1776370235.251,$GPGSV,3,1,09,01,02,221,21,08,33,185,24,16,63,356,25,26,34,025,41,1*68
1776370235.252,$GPGSV,3,2,09,27,53,146,48,28,16,068,38,31,30,044,46,32,16,134,30,1*68
1776370235.253,$GPGSV,3,3,09,50,56,115,43,1*59
1776370235.254,$GPGSV,2,1,08,03,41,261,11,04,32,332,16,08,33,185,19,26,34,025,39,6*69
1776370235.254,$GPGSV,2,2,08,27,53,146,44,28,16,068,36,31,30,044,43,32,16,134,30,6*68
1776370235.255,$GPGSV,2,1,05,02,05,194,,09,03,323,,40,36,259,,41,64,233,,0*6A
1776370235.256,$GPGSV,2,2,05,41,64,233,,0*55
1776370235.257,$GLGSV,2,1,07,68,24,153,46,69,76,146,43,70,47,335,24,73,27,269,18,1*79
1776370235.258,$GLGSV,2,2,07,79,11,027,46,80,40,336,23,,,,09,1*74
1776370235.259,$GLGSV,2,1,06,68,24,153,44,69,76,146,46,70,47,335,22,73,27,269,20,3*70
1776370235.260,$GLGSV,2,2,06,79,11,027,38,80,40,336,19,3*7E
1776370235.261,$GLGSV,1,1,03,81,02,074,,82,09,117,,83,04,165,,0*4B
1776370235.261,$GAGSV,2,1,06,02,75,331,25,03,66,057,49,05,28,120,46,08,35,336,15,2*7B
1776370235.262,$GAGSV,2,2,06,25,27,031,42,32,56,356,25,2*73
1776370235.263,$GAGSV,2,1,06,02,75,331,21,03,66,057,47,05,28,120,41,25,27,031,42,7*79
1776370235.263,$GAGSV,2,2,06,30,37,233,13,32,56,356,25,7*77
1776370235.264,$GAGSV,1,1,02,15,05,224,,34,07,177,,0*72
1776370235.264,$GBGSV,2,1,08,06,30,181,28,07,55,160,46,08,38,191,16,09,43,341,17,1*7B
1776370235.265,$GBGSV,2,2,08,10,49,174,37,13,46,206,17,16,41,013,38,24,46,329,21,1*72
1776370235.265,$GBGSV,1,1,04,07,55,160,48,10,49,174,38,12,21,153,41,16,41,013,37,3*7F
1776370235.266,$GBGSV,3,1,10,01,37,105,,02,66,235,,03,70,144,,04,21,101,,0*71
1776370235.267,$GBGSV,3,2,10,04,21,101,,05,41,258,,11,02,199,,14,60,304,,0*78
1776370235.267,$GBGSV,3,3,10,14,60,304,,21,32,157,,0*73
1776370235.267,$GNGLL,1339.04982,N,10029.52091,E,201035.00,A,D*7D
1776370236.241,$GNRMC,201036.00,A,1339.04919,N,10029.52088,E,2.337,179.70,160426,0.53,W,D,V*4C
1776370236.244,$GNVTG,179.70,T,180.23,M,2.337,N,4.327,K,D*3F
1776370236.248,$GNGGA,201036.00,1339.04919,N,10029.52088,E,2,12,1.04,1.0,M,-27.8,M,,0499*64
1776370236.251,$GNGSA,A,3,32,16,27,26,28,31,08,,,,,,1.54,1.04,1.14,1*07
1776370236.252,$GNGSA,A,3,79,70,73,80,69,68,,,,,,,1.54,1.04,1.14,2*07
1776370236.254,$GNGSA,A,3,25,02,03,05,,,,,,,,,1.54,1.04,1.14,3*01
1776370236.257,$GNGSA,A,3,24,12,06,07,10,16,,,,,,,1.54,1.04,1.14,4*07
1776370236.261,$GPGSV,2,1,07,08,33,185,22,16,63,356,26,26,34,025,42,27,53,146,50,1*65
1776370236.263,$GPGSV,2,2,07,28,16,068,38,31,30,044,45,50,56,115,44,1*58
1776370236.265,$GPGSV,2,1,08,03,41,261,10,04,32,332,15,08,33,185,17,26,34,025,39,6*65
1776370236.267,$GPGSV,2,2,08,27,53,146,45,28,16,068,38,31,30,044,43,32,16,134,30,6*67
1776370236.268,$GPGSV,2,1,06,01,02,221,,02,05,194,,09,03,323,,40,36,259,,0*6E
1776370236.268,$GPGSV,2,2,06,40,36,259,,41,64,233,,0*69
1776370236.270,$GLGSV,2,1,07,68,24,153,47,69,76,146,50,70,47,335,24,73,27,269,21,1*70
1776370236.271,$GLGSV,2,2,07,79,11,027,44,80,40,336,22,,,,10,1*7F
1776370236.273,$GLGSV,2,1,06,68,24,153,42,69,76,146,42,70,47,335,22,73,27,269,18,3*79
1776370236.274,$GLGSV,2,2,06,79,11,027,37,80,40,336,19,3*71
1776370236.276,$GLGSV,1,1,03,81,02,074,,82,09,117,,83,04,165,,0*4B
1776370236.277,$GAGSV,2,1,06,02,75,331,24,03,66,057,52,05,28,120,41,08,35,336,14,2*76
1776370236.277,$GAGSV,2,2,06,25,27,031,45,32,56,356,24,2*75
1776370236.279,$GAGSV,2,1,06,02,75,331,21,03,66,057,48,05,28,120,42,25,27,031,40,7*77
1776370236.280,$GAGSV,2,2,06,30,37,233,12,32,56,356,25,7*76
1776370236.280,$GAGSV,1,1,02,15,05,224,,34,07,177,,0*72
1776370236.281,$GBGSV,2,1,08,06,30,181,28,07,55,160,47,08,38,191,15,09,43,341,16,1*78
1776370236.283,$GBGSV,2,2,08,10,49,174,38,13,46,206,16,16,41,013,39,24,46,329,20,1*7C
1776370236.284,$GBGSV,1,1,04,07,55,160,47,10,49,174,35,12,21,153,45,16,41,013,38,3*76
1776370236.285,$GBGSV,3,1,10,01,37,105,,02,66,235,,03,70,144,,04,21,101,,0*71
1776370236.286,$GBGSV,3,2,10,04,21,101,,05,41,258,,11,02,199,,14,60,304,,0*78
1776370236.286,$GBGSV,3,3,10,14,60,304,,21,32,157,,0*73
1776370236.287,$GNGLL,1339.04919,N,10029.52088,E,201036.00,A,D*74
1776370237.237,$GNRMC,201037.00,A,1339.04853,N,10029.52086,E,2.438,180.96,160426,0.53,W,D,V*4A
1776370237.240,$GNVTG,180.96,T,181.49,M,2.438,N,4.516,K,D*30
1776370237.244,$GNGGA,201037.00,1339.04853,N,10029.52086,E,2,12,1.04,0.9,M,-27.8,M,,0499*6C
1776370237.247,$GNGSA,A,3,32,16,27,26,28,31,08,,,,,,1.54,1.04,1.14,1*07
1776370237.249,$GNGSA,A,3,79,70,73,80,69,68,,,,,,,1.54,1.04,1.14,2*07
1776370237.251,$GNGSA,A,3,25,02,03,05,,,,,,,,,1.54,1.04,1.14,3*01
1776370237.252,$GNGSA,A,3,12,06,07,10,16,,,,,,,,1.54,1.04,1.14,4*01
1776370237.254,$GPGSV,3,1,10,01,02,221,29,03,41,261,29,08,33,185,22,16,63,356,26,1*64
1776370237.256,$GPGSV,3,2,10,26,34,025,39,27,53,146,50,28,16,068,36,31,30,044,46,1*6A
1776370237.258,$GPGSV,3,3,10,32,16,134,38,50,56,115,45,1*6C
1776370237.260,$GPGSV,2,1,08,03,41,261,10,04,32,332,12,08,33,185,19,26,34,025,34,6*61
1776370237.262,$GPGSV,2,2,08,27,53,146,45,28,16,068,36,31,30,044,42,32,16,134,33,6*6B
1776370237.263,$GPGSV,2,1,05,02,05,194,,09,03,323,,40,36,259,,41,64,233,,0*6A
1776370237.264,$GPGSV,2,2,05,41,64,233,,0*55
1776370237.265,$GLGSV,2,1,07,68,24,153,50,69,76,146,44,70,47,335,24,73,27,269,21,1*73
1776370237.266,$GLGSV,2,2,07,79,11,027,42,80,40,336,23,,,,09,1*70
1776370237.267,$GLGSV,2,1,06,68,24,153,44,69,76,146,46,70,47,335,21,73,27,269,17,3*77
1776370237.268,$GLGSV,2,2,06,79,11,027,38,80,40,336,19,3*7E
1776370237.269,$GLGSV,1,1,03,81,02,074,,82,09,117,,83,04,165,,0*4B
1776370237.270,$GAGSV,2,1,06,02,75,331,24,03,66,057,50,05,28,120,34,08,35,336,13,2*71
1776370237.271,$GAGSV,2,2,06,25,27,031,44,32,56,356,24,2*74
1776370237.272,$GAGSV,2,1,06,02,75,331,21,03,66,057,48,05,28,120,36,25,27,031,40,7*74
1776370237.273,$GAGSV,2,2,06,30,37,233,12,32,56,356,25,7*76
1776370237.274,$GAGSV,1,1,02,15,05,224,,34,07,177,,0*72
1776370237.276,$GBGSV,2,1,08,06,30,181,29,07,55,160,46,08,38,191,14,09,43,341,17,1*78
1776370237.277,$GBGSV,2,2,08,10,49,174,35,13,46,206,16,16,41,013,40,24,46,329,19,1*75
1776370237.279,$GBGSV,1,1,04,07,55,160,48,10,49,174,35,12,21,153,45,16,41,013,36,3*77
1776370237.279,$GBGSV,3,1,10,01,37,105,,02,66,235,,03,70,144,,04,21,101,,0*71
1776370237.280,$GBGSV,3,2,10,04,21,101,,05,41,258,,11,02,198,,14,60,304,,0*79
1776370237.280,$GBGSV,3,3,10,14,60,304,,21,32,157,,0*73
1776370237.281,$GNGLL,1339.04853,N,10029.52086,E,201037.00,A,D*74
1776370238.245,$GNRMC,201038.00,A,1339.04781,N,10029.52082,E,2.695,183.69,160426,0.53,W,D,V*47
1776370238.249,$GNVTG,183.69,T,184.22,M,2.695,N,4.991,K,D*3D
1776370238.251,$GNGGA,201038.00,1339.04781,N,10029.52082,E,2,12,1.04,0.8,M,-27.8,M,,0499*66
1776370238.253,$GNGSA,A,3,32,16,27,26,28,31,08,,,,,,1.54,1.04,1.14,1*07
1776370238.254,$GNGSA,A,3,79,70,73,80,69,68,,,,,,,1.54,1.04,1.14,2*07
1776370238.256,$GNGSA,A,3,25,02,03,05,,,,,,,,,1.54,1.04,1.14,3*01
1776370238.257,$GNGSA,A,3,24,12,06,07,10,16,,,,,,,1.54,1.04,1.14,4*07
1776370238.260,$GPGSV,3,1,09,01,02,221,29,08,33,185,22,16,63,356,25,26,34,025,39,1*69
1776370238.263,$GPGSV,3,2,09,27,53,146,48,28,16,068,32,31,30,044,46,32,16,134,41,1*64
1776370238.264,$GPGSV,3,3,09,50,56,115,43,1*59
1776370238.267,$GPGSV,2,1,08,03,41,261,08,04,32,332,10,08,33,185,19,26,34,025,36,6*68
1776370238.269,$GPGSV,2,2,08,27,53,146,45,28,16,068,35,31,30,044,40,32,16,134,38,6*61
1776370238.271,$GPGSV,2,1,05,02,05,194,,09,03,323,,40,36,259,,41,64,233,,0*6A
1776370238.272,$GPGSV,2,2,05,41,64,233,,0*55
1776370238.274,$GLGSV,2,1,07,68,24,153,49,69,76,146,46,70,47,335,26,73,27,269,21,1*7B
1776370238.277,$GLGSV,2,2,07,79,11,027,39,80,40,336,23,,,,10,1*74
1776370238.279,$GLGSV,2,1,06,68,24,153,43,69,76,146,45,70,47,335,23,73,27,269,17,3*71
1776370238.280,$GLGSV,2,2,06,79,11,027,36,80,40,336,20,3*7A
1776370238.282,$GLGSV,1,1,03,81,02,074,,82,09,117,,83,04,165,,0*4B
1776370238.284,$GAGSV,2,1,06,02,75,331,26,03,66,057,50,05,28,120,36,08,35,336,15,2*77
1776370238.285,$GAGSV,2,2,06,25,27,031,46,32,56,356,25,2*77
1776370238.286,$GAGSV,2,1,06,02,75,331,21,03,66,057,47,05,28,120,32,25,27,031,40,7*7F
1776370238.287,$GAGSV,2,2,06,30,37,233,14,32,56,356,24,7*71
1776370238.288,$GAGSV,1,1,02,15,05,224,,34,07,177,,0*72
1776370238.289,$GBGSV,2,1,08,06,30,181,28,07,55,160,45,08,38,191,15,09,43,341,18,1*74
1776370238.290,$GBGSV,2,2,08,10,49,174,35,13,46,206,16,16,41,013,40,24,46,329,20,1*7F
1776370238.293,$GBGSV,1,1,04,07,55,160,48,10,49,174,35,12,21,152,47,16,41,013,39,3*7B
1776370238.294,$GBGSV,3,1,10,01,37,105,,02,66,235,,03,70,144,,04,21,101,,0*71
1776370238.295,$GBGSV,3,2,10,04,21,101,,05,41,258,,11,02,198,,14,60,304,,0*79
1776370238.295,$GBGSV,3,3,10,14,60,304,,21,32,157,,0*73
1776370238.296,$GNGLL,1339.04781,N,10029.52082,E,201038.00,A,D*7F
1776370239.246,$GNRMC,201039.00,A,1339.04703,N,10029.52079,E,2.884,182.41,160426,0.53,W,D,V*4D
1776370239.249,$GNVTG,182.41,T,182.94,M,2.884,N,5.341,K,D*35
1776370239.251,$GNGGA,201039.00,1339.04703,N,10029.52079,E,2,12,1.04,0.7,M,-27.8,M,,0499*66
1776370239.253,$GNGSA,A,3,32,16,27,26,28,31,08,,,,,,1.54,1.04,1.14,1*07
1776370239.254,$GNGSA,A,3,79,70,73,80,69,68,,,,,,,1.54,1.04,1.14,2*07
1776370239.255,$GNGSA,A,3,25,02,03,05,,,,,,,,,1.54,1.04,1.14,3*01
1776370239.256,$GNGSA,A,3,24,12,06,07,10,16,,,,,,,1.54,1.04,1.14,4*07
1776370239.257,$GPGSV,2,1,08,08,33,185,22,16,63,356,24,26,34,025,42,27,53,146,49,1*60
1776370239.260,$GPGSV,2,2,08,28,16,068,40,31,30,044,44,32,16,134,40,50,56,115,43,1*6A
1776370239.261,$GPGSV,2,1,08,03,41,261,08,04,32,332,12,08,33,185,19,26,34,025,36,6*6A
1776370239.262,$GPGSV,2,2,08,27,53,146,43,28,16,068,35,31,30,044,39,32,16,134,40,6*66
1776370239.263,$GPGSV,2,1,06,01,02,221,,02,05,194,,09,03,323,,40,36,259,,0*6E
1776370239.264,$GPGSV,2,2,06,40,36,259,,41,64,233,,0*69
1776370239.265,$GLGSV,2,1,07,68,24,153,48,69,76,146,45,70,47,335,25,73,27,269,21,1*7A
1776370239.265,$GLGSV,2,2,07,79,11,027,36,80,40,336,22,,,,09,1*72
1776370239.266,$GLGSV,2,1,06,68,24,153,43,69,76,146,43,70,47,335,22,73,27,269,17,3*76
1776370239.267,$GLGSV,2,2,06,79,11,027,34,80,40,336,21,3*79
1776370239.267,$GLGSV,1,1,03,81,02,074,,82,09,117,,83,04,165,,0*4B
1776370239.268,$GAGSV,2,1,06,02,75,331,25,03,66,057,49,05,28,120,24,08,35,336,15,2*7F
1776370239.269,$GAGSV,2,2,06,25,27,031,45,32,56,356,30,2*70
1776370239.269,$GAGSV,2,1,06,02,75,331,21,03,66,057,46,05,28,120,32,25,27,031,41,7*7F
1776370239.270,$GAGSV,2,2,06,30,37,233,15,32,56,356,24,7*70
1776370239.271,$GAGSV,1,1,02,15,05,224,,34,07,177,,0*72
1776370239.271,$GBGSV,2,1,08,06,30,181,29,07,55,160,45,08,38,191,15,09,43,341,18,1*75
1776370239.272,$GBGSV,2,2,08,10,49,174,37,13,46,206,17,16,41,013,45,24,46,329,20,1*79
1776370239.273,$GBGSV,1,1,04,07,55,160,46,10,49,174,35,12,21,152,46,16,41,013,43,3*79
1776370239.273,$GBGSV,3,1,10,01,37,105,,02,66,235,,03,70,144,,04,21,101,,0*71
1776370239.274,$GBGSV,3,2,10,04,21,101,,05,41,258,,11,02,198,,14,60,304,,0*79
1776370239.274,$GBGSV,3,3,10,14,60,304,,21,32,157,,0*73
1776370239.275,$GNGLL,1339.04703,N,10029.52079,E,201039.00,A,D*70
1776370240.241,$GNRMC,201040.00,A,1339.04620,N,10029.52081,E,2.990,178.73,160426,0.53,W,D,V*44
1776370240.244,$GNVTG,178.73,T,179.26,M,2.990,N,5.537,K,D*3F
1776370240.247,$GNGGA,201040.00,1339.04620,N,10029.52081,E,2,12,1.04,0.7,M,-27.8,M,,0499*6F
1776370240.249,$GNGSA,A,3,32,16,27,26,28,31,08,,,,,,1.54,1.04,1.14,1*07
1776370240.250,$GNGSA,A,3,79,70,73,80,69,68,,,,,,,1.54,1.04,1.14,2*07
1776370240.251,$GNGSA,A,3,25,02,03,05,,,,,,,,,1.54,1.04,1.14,3*01
1776370240.252,$GNGSA,A,3,24,12,06,07,10,16,,,,,,,1.54,1.04,1.14,4*07
1776370240.254,$GPGSV,2,1,08,08,33,185,22,16,63,356,23,26,34,025,43,27,53,146,49,1*66
1776370240.255,$GPGSV,2,2,08,28,16,068,42,31,30,044,44,32,16,134,43,50,56,115,45,1*6D
1776370240.257,$GPGSV,2,1,08,03,41,261,08,04,32,332,12,08,33,185,20,26,34,025,38,6*6E
1776370240.258,$GPGSV,2,2,08,27,53,146,44,28,16,068,37,31,30,044,39,32,16,134,40,6*63
1776370240.260,$GPGSV,2,1,06,01,02,221,,02,05,194,,09,03,323,,40,36,259,,0*6E
1776370240.261,$GPGSV,2,2,06,40,36,259,,41,64,233,,0*69
1776370240.263,$GLGSV,2,1,07,68,24,153,47,69,76,146,48,70,47,335,26,73,27,269,20,1*7A
1776370240.265,$GLGSV,2,2,07,79,11,027,33,80,40,336,22,,,,09,1*77
1776370240.266,$GLGSV,2,1,06,68,24,153,43,69,76,146,41,70,47,335,23,73,27,269,17,3*75
1776370240.267,$GLGSV,2,2,06,79,11,027,38,80,40,336,22,3*76
1776370240.268,$GLGSV,1,1,03,81,02,074,,82,09,117,,83,04,165,,0*4B
1776370240.269,$GAGSV,2,1,06,02,75,331,25,03,66,057,50,05,28,120,42,08,35,336,15,2*77
1776370240.270,$GAGSV,2,2,06,25,27,031,46,32,56,356,22,2*70
1776370240.270,$GAGSV,2,1,06,02,75,331,21,03,66,057,47,05,28,120,38,25,27,031,40,7*75
1776370240.271,$GAGSV,2,2,06,30,37,233,15,32,56,356,23,7*77
1776370240.272,$GAGSV,1,1,02,15,05,224,,34,07,177,,0*72
1776370240.272,$GBGSV,2,1,08,06,30,181,29,07,55,160,45,08,38,191,15,09,43,341,17,1*7A
1776370240.273,$GBGSV,2,2,08,10,49,174,28,13,46,206,17,16,41,013,46,24,46,329,20,1*74
1776370240.274,$GBGSV,1,1,04,07,55,160,47,10,49,174,33,12,21,152,47,16,41,013,44,3*78
1776370240.276,$GBGSV,3,1,10,01,37,105,,02,66,235,,03,70,144,,04,21,101,,0*71
1776370240.278,$GBGSV,3,2,10,04,21,101,,05,41,258,,11,02,198,,14,61,303,,0*7F
1776370240.279,$GBGSV,3,3,10,14,61,303,,21,32,157,,0*75
1776370240.280,$GNGLL,1339.04620,N,10029.52081,E,201040.00,A,D*79
1776370241.241,$GNRMC,201041.00,A,1339.04535,N,10029.52084,E,3.039,179.71,160426,0.53,W,D,V*4F
1776370241.242,$GNVTG,179.71,T,180.24,M,3.039,N,5.627,K,D*31
1776370241.243,$GNGGA,201041.00,1339.04535,N,10029.52084,E,2,12,1.04,0.6,M,-27.8,M,,0499*6D
1776370241.245,$GNGSA,A,3,32,16,27,26,28,31,08,,,,,,1.54,1.04,1.14,1*07
1776370241.246,$GNGSA,A,3,79,70,73,80,69,68,,,,,,,1.54,1.04,1.14,2*07
1776370241.246,$GNGSA,A,3,25,02,03,05,,,,,,,,,1.54,1.04,1.14,3*01
1776370241.247,$GNGSA,A,3,12,06,07,10,16,,,,,,,,1.54,1.04,1.14,4*01
1776370241.248,$GPGSV,2,1,08,08,33,185,22,16,63,356,23,26,34,025,43,27,53,146,49,1*66
1776370241.249,$GPGSV,2,2,08,28,16,068,40,31,30,044,42,32,16,134,45,50,56,115,43,1*69
1776370241.249,$GPGSV,2,1,08,03,41,261,09,04,32,332,12,08,33,185,21,26,34,025,38,6*6E
1776370241.250,$GPGSV,2,2,08,27,53,146,42,28,16,068,40,31,30,044,39,32,16,134,39,6*6B
1776370241.251,$GPGSV,2,1,06,01,02,221,,02,05,194,,09,03,323,,40,36,259,,0*6E
1776370241.252,$GPGSV,2,2,06,40,36,259,,41,64,233,,0*69
1776370241.252,$GLGSV,2,1,07,68,24,153,47,69,76,146,46,70,47,335,25,73,27,269,20,1*77
1776370241.253,$GLGSV,2,2,07,79,11,027,40,80,40,336,24,,,,08,1*74
1776370241.254,$GLGSV,2,1,06,68,24,153,43,69,76,146,43,70,47,335,22,73,27,269,18,3*79
1776370241.255,$GLGSV,2,2,06,79,11,027,33,80,40,336,20,3*7F
1776370241.255,$GLGSV,1,1,03,81,02,074,,82,09,117,,83,04,165,,0*4B
1776370241.256,$GAGSV,2,1,06,02,75,331,26,03,66,057,48,05,28,120,45,08,35,336,17,2*78
1776370241.257,$GAGSV,2,2,06,25,27,031,46,32,56,356,24,2*76
1776370241.257,$GAGSV,2,1,06,02,75,331,22,03,66,057,45,05,28,120,42,25,27,031,41,7*78
1776370241.258,$GAGSV,2,2,06,30,37,233,13,32,56,356,24,7*76
1776370241.259,$GAGSV,1,1,02,15,05,224,,34,07,177,,0*72
1776370241.259,$GBGSV,2,1,08,06,30,181,33,07,55,160,44,08,38,191,16,09,43,341,17,1*73
1776370241.260,$GBGSV,2,2,08,10,49,174,32,13,46,206,16,16,40,014,46,24,46,329,19,1*72
1776370241.261,$GBGSV,1,1,04,07,55,160,47,10,49,174,33,12,21,152,46,16,40,014,43,3*78
1776370241.262,$GBGSV,3,1,10,01,37,105,,02,66,235,,03,70,144,,04,21,101,,0*71
1776370241.263,$GBGSV,3,2,10,04,21,101,,05,41,258,,11,02,198,,14,61,303,,0*7F
1776370241.264,$GBGSV,3,3,10,14,61,303,,21,32,157,,0*75
1776370241.264,$GNGLL,1339.04535,N,10029.52084,E,201041.00,A,D*7A
1776370242.240,$GNRMC,201042.00,A,1339.04450,N,10029.52087,E,3.006,180.28,160426,0.53,W,D,V*4B
1776370242.244,$GNVTG,180.28,T,180.81,M,3.006,N,5.567,K,D*3F
1776370242.246,$GNGGA,201042.00,1339.04450,N,10029.52087,E,2,12,1.04,0.6,M,-27.8,M,,0499*6F
1776370242.248,$GNGSA,A,3,32,16,27,26,28,31,08,,,,,,1.54,1.04,1.14,1*07
1776370242.249,$GNGSA,A,3,79,70,80,69,68,,,,,,,,1.54,1.04,1.14,2*03
1776370242.251,$GNGSA,A,3,25,02,03,05,,,,,,,,,1.54,1.04,1.14,3*01
1776370242.252,$GNGSA,A,3,12,06,07,10,16,,,,,,,,1.54,1.04,1.14,4*01
1776370242.254,$GPGSV,2,1,08,08,33,185,21,16,63,356,22,26,34,025,44,27,53,146,50,1*6B
1776370242.257,$GPGSV,2,2,08,28,16,068,40,31,30,044,42,32,16,134,43,50,56,115,42,1*6E
1776370242.259,$GPGSV,2,1,08,03,41,261,09,04,32,332,12,08,33,185,23,26,34,025,40,6*63
1776370242.261,$GPGSV,2,2,08,27,53,146,43,28,16,068,35,31,30,044,39,32,16,134,40,6*66
1776370242.263,$GPGSV,2,1,06,01,02,221,,02,05,194,,09,03,323,,40,36,259,,0*6E
1776370242.264,$GPGSV,2,2,06,40,36,259,,41,64,233,,0*69
1776370242.265,$GLGSV,2,1,07,68,24,153,45,69,76,146,44,70,47,335,25,73,27,269,18,1*7C
1776370242.266,$GLGSV,2,2,07,79,11,027,38,80,40,336,25,,,,08,1*7A
1776370242.267,$GLGSV,2,1,06,68,24,153,42,69,76,146,42,70,47,335,23,73,27,269,18,3*78
1776370242.268,$GLGSV,2,2,06,79,11,027,35,80,40,336,21,3*78
1776370242.269,$GLGSV,1,1,03,81,02,074,,82,09,117,,83,04,165,,0*4B
1776370242.270,$GAGSV,2,1,06,02,75,331,25,03,66,057,49,05,28,120,46,08,35,336,17,2*79
1776370242.271,$GAGSV,2,2,06,25,27,031,45,32,56,356,23,2*72
1776370242.272,$GAGSV,2,1,06,02,75,331,21,03,66,057,45,05,28,120,42,25,27,031,42,7*78
1776370242.273,$GAGSV,2,2,06,30,37,233,12,32,56,356,24,7*77
1776370242.274,$GAGSV,1,1,02,15,05,224,,34,07,177,,0*72
1776370242.275,$GBGSV,2,1,08,06,30,181,32,07,55,160,45,08,38,191,16,09,43,341,16,1*72
1776370242.276,$GBGSV,2,2,08,10,49,174,35,13,46,206,17,16,40,014,46,24,46,329,19,1*74
1776370242.277,$GBGSV,1,1,04,07,55,160,49,10,49,174,33,12,21,152,47,16,40,014,44,3*70
1776370242.278,$GBGSV,3,1,10,01,37,105,,02,66,235,,03,70,144,,04,21,101,,0*71
1776370242.279,$GBGSV,3,2,10,04,21,101,,05,41,258,,11,02,198,,14,61,303,,0*7F
1776370242.279,$GBGSV,3,3,10,14,61,303,,21,32,157,,0*75
1776370242.280,$GNGLL,1339.04450,N,10029.52087,E,201042.00,A,D*78
1776370243.239,$GNRMC,201043.00,A,1339.04369,N,10029.52090,E,2.731,178.03,160426,0.53,W,D,V*4D
1776370243.241,$GNVTG,178.03,T,178.56,M,2.731,N,5.058,K,D*37
1776370243.243,$GNGGA,201043.00,1339.04369,N,10029.52090,E,2,12,1.04,0.6,M,-27.8,M,,0499*65
1776370243.245,$GNGSA,A,3,32,16,27,26,28,31,08,,,,,,1.54,1.04,1.14,1*07
1776370243.246,$GNGSA,A,3,79,70,80,69,68,,,,,,,,1.54,1.04,1.14,2*03
1776370243.248,$GNGSA,A,3,25,02,03,05,,,,,,,,,1.54,1.04,1.14,3*01
1776370243.249,$GNGSA,A,3,12,06,07,10,16,,,,,,,,1.54,1.04,1.14,4*01
1776370243.251,$GPGSV,2,1,08,08,33,185,25,16,63,356,24,26,34,025,41,27,53,146,49,1*64
1776370243.253,$GPGSV,2,2,08,28,16,068,38,31,30,044,44,32,16,134,44,50,56,115,43,1*61
1776370243.255,$GPGSV,2,1,08,03,41,261,08,04,32,332,13,08,33,185,23,26,34,025,40,6*63
1776370243.257,$GPGSV,2,2,08,27,53,146,43,28,16,068,27,31,30,044,37,32,16,134,41,6*6A
1776370243.259,$GPGSV,2,1,06,01,02,221,,02,05,194,,09,03,323,,40,36,259,,0*6E
1776370243.261,$GPGSV,2,2,06,40,36,259,,41,64,233,,0*69
1776370243.263,$GLGSV,2,1,07,68,24,153,47,69,76,146,49,70,47,335,25,73,27,269,18,1*73
1776370243.265,$GLGSV,2,2,07,79,11,027,39,80,40,336,24,,,,09,1*7B
1776370243.266,$GLGSV,2,1,06,68,24,153,43,69,76,146,41,70,47,335,22,73,27,269,18,3*7B
1776370243.268,$GLGSV,2,2,06,79,11,027,33,80,40,336,21,3*7E
1776370243.268,$GLGSV,1,1,03,81,02,074,,82,09,117,,83,04,165,,0*4B
1776370243.269,$GAGSV,2,1,06,02,75,331,24,03,66,057,49,05,28,120,47,08,35,336,18,2*76
1776370243.270,$GAGSV,2,2,06,25,27,031,44,32,56,356,25,2*75
1776370243.271,$GAGSV,2,1,06,02,75,331,20,03,66,057,46,05,28,120,42,25,27,031,41,7*79
1776370243.272,$GAGSV,2,2,06,30,37,233,11,32,56,356,23,7*73
1776370243.273,$GAGSV,1,1,02,15,05,224,,34,07,177,,0*72
1776370243.273,$GBGSV,2,1,08,06,30,181,29,07,55,160,45,08,38,191,16,09,43,341,18,1*76
1776370243.274,$GBGSV,2,2,08,10,49,174,37,13,46,206,17,16,40,014,46,24,46,329,19,1*76
1776370243.275,$GBGSV,1,1,04,07,55,160,48,10,49,174,36,12,21,152,49,16,40,014,44,3*7A
1776370243.276,$GBGSV,3,1,10,01,37,105,,02,66,235,,03,70,144,,04,21,101,,0*71
1776370243.277,$GBGSV,3,2,10,04,21,101,,05,41,258,,11,02,198,,14,61,303,,0*7F
1776370243.277,$GBGSV,3,3,10,14,61,303,,21,32,157,,0*75
1776370243.278,$GNGLL,1339.04369,N,10029.52090,E,201043.00,A,D*72
1776370244.244,$GNRMC,201044.00,A,1339.04292,N,10029.52097,E,2.705,175.78,160426,0.53,W,D,V*4E
1776370244.246,$GNVTG,175.78,T,176.31,M,2.705,N,5.010,K,D*32
1776370244.247,$GNGGA,201044.00,1339.04292,N,10029.52097,E,2,12,1.04,0.6,M,-27.8,M,,0499*60
1776370244.247,$GNGSA,A,3,32,16,27,26,28,31,08,,,,,,1.54,1.04,1.14,1*07
1776370244.248,$GNGSA,A,3,79,70,73,80,69,68,,,,,,,1.54,1.04,1.14,2*07
1776370244.248,$GNGSA,A,3,25,02,03,05,,,,,,,,,1.54,1.04,1.14,3*01
1776370244.249,$GNGSA,A,3,24,12,06,07,10,16,,,,,,,1.54,1.04,1.14,4*07
1776370244.249,$GPGSV,2,1,08,08,33,185,22,16,63,356,24,26,34,025,43,27,53,146,49,1*61
1776370244.250,$GPGSV,2,2,08,28,16,068,34,31,30,044,41,32,16,134,44,50,56,115,43,1*68
1776370244.251,$GPGSV,2,1,08,03,41,261,10,04,32,332,11,08,33,185,23,26,34,025,41,6*69
1776370244.252,$GPGSV,2,2,08,27,53,146,44,28,16,068,27,31,30,044,38,32,16,134,38,6*6C
1776370244.252,$GPGSV,2,1,06,01,02,221,,02,05,194,,09,03,323,,40,36,259,,0*6E
1776370244.253,$GPGSV,2,2,06,40,36,259,,41,64,233,,0*69
1776370244.253,$GLGSV,2,1,07,68,24,153,46,69,76,146,47,70,47,335,25,73,27,269,19,1*7D
1776370244.254,$GLGSV,2,2,07,79,11,027,44,80,40,336,23,,,,12,1*7C
1776370244.255,$GLGSV,2,1,06,68,24,153,43,69,76,146,42,70,47,335,22,73,27,269,20,3*73
1776370244.255,$GLGSV,2,2,06,79,11,027,33,80,40,336,21,3*7E
1776370244.256,$GLGSV,1,1,03,81,02,074,,82,09,117,,83,04,165,,0*4B
1776370244.256,$GAGSV,2,1,06,02,75,331,23,03,66,057,48,05,28,120,45,08,35,336,17,2*7D
1776370244.257,$GAGSV,2,2,06,25,27,031,46,32,56,356,25,2*77
1776370244.258,$GAGSV,2,1,06,02,75,331,20,03,66,057,46,05,28,120,42,25,27,031,42,7*7A
1776370244.258,$GAGSV,2,2,06,30,37,233,10,32,56,356,23,7*72
1776370244.259,$GAGSV,1,1,02,15,05,224,,34,07,177,,0*72
1776370244.259,$GBGSV,2,1,08,06,30,181,33,07,55,160,45,08,38,191,16,09,43,341,16,1*73
1776370244.260,$GBGSV,2,2,08,10,49,174,34,13,46,206,19,16,40,014,45,24,46,329,20,1*72
1776370244.261,$GBGSV,1,1,04,07,55,160,48,10,49,174,33,12,21,152,48,16,40,014,44,3*7E
1776370244.261,$GBGSV,3,1,10,01,37,105,,02,66,235,,03,70,144,,04,21,101,,0*71
1776370244.262,$GBGSV,3,2,10,04,21,101,,05,41,258,,11,02,198,,14,61,303,,0*7F
1776370244.262,$GBGSV,3,3,10,14,61,303,,21,32,157,,0*75
1776370244.263,$GNGLL,1339.04292,N,10029.52097,E,201044.00,A,D*77
1776370245.244,$GNRMC,201045.00,A,1339.04218,N,10029.52105,E,2.616,173.71,160426,0.53,W,D,V*4B
1776370245.246,$GNVTG,173.71,T,174.24,M,2.616,N,4.844,K,D*30
1776370245.247,$GNGGA,201045.00,1339.04218,N,10029.52105,E,2,12,1.04,0.6,M,-27.8,M,,0499*69
1776370245.248,$GNGSA,A,3,32,16,27,26,28,31,08,,,,,,1.54,1.04,1.14,1*07
1776370245.248,$GNGSA,A,3,79,70,73,80,69,68,,,,,,,1.54,1.04,1.14,2*07
1776370245.249,$GNGSA,A,3,25,02,03,05,,,,,,,,,1.54,1.04,1.14,3*01
1776370245.249,$GNGSA,A,3,12,06,07,10,16,,,,,,,,1.54,1.04,1.14,4*01
1776370245.250,$GPGSV,3,1,09,02,05,194,25,08,33,185,20,16,63,356,30,26,34,025,41,1*65
1776370245.251,$GPGSV,3,2,09,27,53,146,48,28,16,068,40,31,30,044,38,32,16,134,41,1*68
1776370245.251,$GPGSV,3,3,09,50,56,115,42,1*58
1776370245.252,$GPGSV,2,1,08,03,41,261,11,04,32,332,09,08,33,185,23,26,34,025,42,6*62
1776370245.253,$GPGSV,2,2,08,27,53,146,46,28,16,068,38,31,30,044,41,32,16,134,36,6*60
1776370245.253,$GPGSV,2,1,05,01,02,221,,09,03,323,,40,36,259,,41,64,233,,0*63
1776370245.254,$GPGSV,2,2,05,41,64,233,,0*55
1776370245.254,$GLGSV,2,1,07,68,24,153,48,69,76,146,46,70,47,335,25,73,27,269,20,1*78
1776370245.255,$GLGSV,2,2,07,79,11,027,39,80,40,336,23,,,,13,1*77
1776370245.256,$GLGSV,2,1,06,68,24,153,39,69,76,146,45,70,47,335,21,73,27,269,21,3*7B
1776370245.256,$GLGSV,2,2,06,79,11,027,37,80,40,336,19,3*71
1776370245.257,$GLGSV,1,1,03,81,02,074,,82,09,117,,83,04,165,,0*4B
1776370245.257,$GAGSV,2,1,06,02,75,331,22,03,66,057,49,05,28,120,47,08,35,336,15,2*7D
1776370245.258,$GAGSV,2,2,06,25,27,031,46,32,56,356,26,2*74
1776370245.259,$GAGSV,2,1,06,02,75,331,20,03,66,057,48,05,28,120,41,25,27,031,40,7*75
1776370245.259,$GAGSV,2,2,06,30,37,233,10,32,56,356,23,7*72
1776370245.260,$GAGSV,1,1,02,15,05,224,,34,07,177,,0*72
1776370245.260,$GBGSV,2,1,08,06,30,181,33,07,55,160,45,08,38,191,19,09,43,341,18,1*72
1776370245.261,$GBGSV,2,2,08,10,49,174,38,13,46,206,19,16,40,014,47,24,46,329,19,1*76
1776370245.262,$GBGSV,1,1,04,07,55,160,50,10,49,174,36,12,21,152,47,16,40,014,45,3*7C
1776370245.262,$GBGSV,3,1,10,01,37,105,,02,66,235,,03,70,144,,04,21,101,,0*71
1776370245.263,$GBGSV,3,2,10,04,21,101,,05,41,258,,11,02,198,,14,61,303,,0*7F
1776370245.263,$GBGSV,3,3,10,14,61,303,,21,32,157,,0*75
1776370245.264,$GNGLL,1339.04218,N,10029.52105,E,201045.00,A,D*7E
1776370246.238,$GNRMC,201046.00,A,1339.04144,N,10029.52111,E,2.659,176.63,160426,0.53,W,D,V*4A
1776370246.240,$GNVTG,176.63,T,177.16,M,2.659,N,4.925,K,D*39
1776370246.242,$GNGGA,201046.00,1339.04144,N,10029.52111,E,2,12,1.13,0.6,M,-27.8,M,,0499*63
1776370246.242,$GNGSA,A,3,32,16,27,26,28,31,08,,,,,,1.64,1.13,1.19,1*0F
1776370246.243,$GNGSA,A,3,79,70,73,80,69,68,,,,,,,1.64,1.13,1.19,2*0F
1776370246.243,$GNGSA,A,3,25,02,03,05,,,,,,,,,1.64,1.13,1.19,3*09
1776370246.244,$GNGSA,A,3,12,06,07,10,16,,,,,,,,1.64,1.13,1.19,4*09
1776370246.244,$GPGSV,2,1,08,08,33,185,18,16,63,356,28,26,34,025,43,27,53,146,46,1*6B
1776370246.245,$GPGSV,2,2,08,28,16,068,42,31,30,044,31,32,16,134,39,50,56,115,44,1*63
1776370246.246,$GPGSV,2,1,08,03,41,261,11,04,32,332,09,08,33,185,22,26,34,025,40,6*61
1776370246.247,$GPGSV,2,2,08,27,53,146,46,28,16,068,41,31,30,044,37,32,16,134,39,6*60
1776370246.248,$GPGSV,2,1,06,01,02,221,,02,05,194,,09,03,323,,40,36,259,,0*6E
1776370246.248,$GPGSV,2,2,06,40,36,259,,41,64,233,,0*69
1776370246.249,$GLGSV,2,1,07,68,24,153,48,69,76,146,46,70,47,335,25,73,27,269,21,1*79
1776370246.249,$GLGSV,2,2,07,79,11,027,43,80,40,336,23,,,,12,1*7B
1776370246.250,$GLGSV,2,1,06,68,24,153,40,69,76,146,46,70,47,335,20,73,27,269,20,3*76
1776370246.250,$GLGSV,2,2,06,79,11,027,38,80,40,336,20,3*74
1776370246.251,$GLGSV,1,1,03,81,02,074,,82,09,117,,83,04,165,,0*4B
1776370246.252,$GAGSV,2,1,06,02,75,331,20,03,66,057,52,05,28,120,48,08,35,336,13,2*7C
1776370246.252,$GAGSV,2,2,06,25,27,031,41,32,56,356,25,2*70
1776370246.253,$GAGSV,2,1,06,02,75,331,20,03,66,057,46,05,28,120,39,25,27,031,37,7*74
1776370246.253,$GAGSV,2,2,06,30,37,233,10,32,56,356,22,7*73
1776370246.254,$GAGSV,1,1,02,15,05,224,,34,07,177,,0*72
1776370246.255,$GBGSV,2,1,08,06,30,181,34,07,55,160,45,08,38,191,19,09,43,341,17,1*7A
1776370246.255,$GBGSV,2,2,08,10,49,174,38,13,46,206,18,16,40,014,45,24,46,329,19,1*75
1776370246.256,$GBGSV,1,1,04,07,55,160,50,10,49,174,36,12,21,152,47,16,40,014,45,3*7C
1776370246.257,$GBGSV,3,1,10,01,37,105,,02,66,235,,03,70,144,,04,21,101,,0*71
1776370246.257,$GBGSV,3,2,10,04,21,101,,05,41,258,,11,02,198,,14,61,303,,0*7F
1776370246.258,$GBGSV,3,3,10,14,61,303,,21,32,157,,0*75
1776370246.258,$GNGLL,1339.04144,N,10029.52111,E,201046.00,A,D*72
1776370247.242,$GNRMC,201047.00,A,1339.04070,N,10029.52113,E,2.627,179.22,160426,0.53,W,D,V*4C
1776370247.244,$GNVTG,179.22,T,179.75,M,2.627,N,4.864,K,D*35
1776370247.246,$GNGGA,201047.00,1339.04070,N,10029.52113,E,2,12,1.08,0.5,M,-27.8,M,,0499*6F
1776370247.248,$GNGSA,A,3,32,16,27,26,28,31,08,,,,,,1.57,1.08,1.15,1*09
1776370247.250,$GNGSA,A,3,79,70,73,80,69,68,,,,,,,1.57,1.08,1.15,2*09
1776370247.251,$GNGSA,A,3,25,03,05,,,,,,,,,,1.57,1.08,1.15,3*0D
1776370247.253,$GNGSA,A,3,24,12,06,07,10,16,,,,,,,1.57,1.08,1.15,4*09
1776370247.256,$GPGSV,2,1,08,08,33,185,21,16,63,356,27,26,34,025,45,27,53,146,47,1*69
1776370247.260,$GPGSV,2,2,08,28,16,068,39,31,30,044,27,32,16,134,38,50,56,115,45,1*68
1776370247.262,$GPGSV,2,1,08,03,41,261,13,04,32,332,08,08,33,185,22,26,34,025,42,6*60
1776370247.263,$GPGSV,2,2,08,27,53,146,45,28,16,068,38,31,30,044,30,32,16,134,31,6*62
1776370247.263,$GPGSV,2,1,06,01,02,221,,02,05,194,,09,03,323,,40,36,259,,0*6E
1776370247.264,$GPGSV,2,2,06,40,36,259,,41,64,233,,0*69
1776370247.265,$GLGSV,2,1,07,68,24,153,46,69,76,146,46,70,47,335,24,73,27,269,21,1*76
1776370247.265,$GLGSV,2,2,07,79,11,027,39,80,40,336,22,,,,12,1*77
1776370247.266,$GLGSV,2,1,06,68,24,153,42,69,76,146,47,70,47,335,19,73,27,269,21,3*7E
1776370247.266,$GLGSV,2,2,06,79,11,027,36,80,40,336,20,3*7A
1776370247.267,$GLGSV,1,1,03,81,02,074,,82,09,117,,83,04,165,,0*4B
1776370247.268,$GAGSV,2,1,06,02,75,331,18,03,66,057,51,05,28,120,47,08,35,336,12,2*7A
1776370247.268,$GAGSV,2,2,06,25,27,031,44,32,56,356,27,2*77
1776370247.269,$GAGSV,2,1,06,02,75,331,19,03,66,057,47,05,28,120,42,25,27,031,41,7*72
1776370247.270,$GAGSV,2,2,06,30,37,233,09,32,56,356,23,7*7A
1776370247.270,$GAGSV,1,1,02,15,05,224,,34,07,177,,0*72
1776370247.271,$GBGSV,2,1,08,06,30,181,31,07,55,160,46,08,38,191,18,09,43,341,16,1*7C
1776370247.272,$GBGSV,2,2,08,10,49,174,40,13,46,206,19,16,40,014,46,24,46,330,20,1*7A
1776370247.272,$GBGSV,1,1,04,07,55,160,48,10,49,174,42,12,21,152,45,16,40,014,44,3*75
1776370247.273,$GBGSV,3,1,10,01,37,105,,02,66,235,,03,70,144,,04,21,101,,0*71
1776370247.274,$GBGSV,3,2,10,04,21,101,,05,41,258,,11,02,198,,14,61,303,,0*7F
1776370247.274,$GBGSV,3,3,10,14,61,303,,21,32,157,,0*75
1776370247.275,$GNGLL,1339.04070,N,10029.52113,E,201047.00,A,D*77
1776370248.244,$GNRMC,201048.00,A,1339.03996,N,10029.52115,E,2.559,178.17,160426,0.53,W,D,V*4E
1776370248.246,$GNVTG,178.17,T,178.70,M,2.559,N,4.740,K,D*35
1776370248.247,$GNGGA,201048.00,1339.03996,N,10029.52115,E,2,12,1.08,0.5,M,-27.8,M,,0499*60
1776370248.249,$GNGSA,A,3,32,16,27,26,28,31,08,,,,,,1.57,1.08,1.15,1*09
1776370248.250,$GNGSA,A,3,79,70,73,80,69,68,,,,,,,1.57,1.08,1.15,2*09
1776370248.251,$GNGSA,A,3,25,03,05,,,,,,,,,,1.57,1.08,1.15,3*0D
1776370248.252,$GNGSA,A,3,24,12,06,07,10,16,,,,,,,1.57,1.08,1.15,4*09
1776370248.253,$GPGSV,2,1,08,08,33,185,24,16,63,356,26,26,34,025,44,27,53,146,49,1*62
1776370248.255,$GPGSV,2,2,08,28,16,068,41,31,30,044,32,32,16,134,40,50,56,115,45,1*6C
1776370248.258,$GPGSV,2,1,08,03,41,261,13,04,32,332,10,08,33,185,22,26,34,025,39,6*65
1776370248.259,$GPGSV,2,2,08,27,53,146,46,28,16,068,41,31,30,044,22,32,16,134,27,6*6B
1776370248.261,$GPGSV,2,1,06,01,02,221,,02,05,194,,09,03,323,,40,36,259,,0*6E
1776370248.262,$GPGSV,2,2,06,40,36,259,,41,64,233,,0*69
1776370248.263,$GLGSV,2,1,08,68,24,153,44,69,76,146,46,70,47,335,24,73,27,269,21,1*7B
1776370248.265,$GLGSV,2,2,08,79,11,027,36,80,40,336,22,82,09,117,43,,,,10,1*46
1776370248.267,$GLGSV,2,1,06,68,24,153,41,69,76,146,48,70,47,335,20,73,27,269,19,3*73
1776370248.269,$GLGSV,2,2,06,79,11,027,34,80,40,336,19,3*72
1776370248.270,$GLGSV,1,1,02,81,02,074,,83,04,165,,0*7E
1776370248.271,$GAGSV,2,1,06,02,75,331,17,03,66,057,52,05,28,120,45,08,35,336,13,2*75
1776370248.272,$GAGSV,2,2,06,25,27,031,38,32,56,356,32,2*78
1776370248.273,$GAGSV,2,1,06,02,75,331,19,03,66,057,46,05,28,120,42,25,27,031,37,7*72
1776370248.274,$GAGSV,2,2,06,30,37,233,09,32,56,356,27,7*7E
1776370248.275,$GAGSV,1,1,02,15,05,224,,34,07,177,,0*72
1776370248.275,$GBGSV,2,1,08,06,30,181,31,07,55,160,44,09,43,341,15,10,49,174,44,1*70
1776370248.276,$GBGSV,2,2,08,12,21,152,40,13,46,206,19,16,40,014,45,24,46,330,20,1*71
1776370248.277,$GBGSV,1,1,04,07,55,160,47,10,49,174,45,12,21,152,44,16,40,014,44,3*7C
1776370248.279,$GBGSV,3,1,11,01,37,105,,02,66,235,,03,70,144,,04,21,101,,0*70
1776370248.280,$GBGSV,3,2,11,04,21,101,,05,41,258,,08,38,191,,11,02,198,,0*76
1776370248.281,$GBGSV,3,3,11,11,02,198,,14,61,303,,21,32,157,,0*46
1776370248.281,$GNGLL,1339.03996,N,10029.52115,E,201048.00,A,D*78
1776370249.241,$GNRMC,201049.00,A,1339.03924,N,10029.52117,E,2.518,179.11,160426,0.53,W,D,V*46
1776370249.243,$GNVTG,179.11,T,179.64,M,2.518,N,4.664,K,D*34
1776370249.246,$GNGGA,201049.00,1339.03924,N,10029.52117,E,2,12,0.97,0.4,M,-27.8,M,,0499*6C
1776370249.249,$GNGSA,A,3,32,16,27,26,28,31,08,,,,,,1.49,0.97,1.13,1*07
1776370249.251,$GNGSA,A,3,79,70,73,80,69,68,,,,,,,1.49,0.97,1.13,2*07
1776370249.253,$GNGSA,A,3,25,03,05,,,,,,,,,,1.49,0.97,1.13,3*03
1776370249.255,$GNGSA,A,3,12,06,07,10,16,13,,,,,,,1.49,0.97,1.13,4*03
1776370249.258,$GPGSV,3,1,09,08,33,185,25,16,63,356,26,26,34,025,45,27,53,146,47,1*6C
1776370249.261,$GPGSV,3,2,09,28,16,068,39,31,30,044,36,32,16,134,41,42,70,217,29,1*6A
1776370249.263,$GPGSV,3,3,09,50,56,115,45,1*5F
1776370249.265,$GPGSV,2,1,08,03,41,261,11,04,32,332,10,08,33,185,23,26,34,025,40,6*68
1776370249.268,$GPGSV,2,2,08,27,53,146,43,28,16,068,39,31,30,044,34,32,16,134,38,6*68
1776370249.270,$GPGSV,2,1,05,01,02,221,,02,05,194,,09,03,323,,40,36,259,,0*6D
1776370249.271,$GPGSV,2,2,05,40,36,259,,0*5F
1776370249.272,$GLGSV,2,1,08,68,24,153,46,69,76,146,49,70,47,335,23,73,27,269,20,1*70
1776370249.273,$GLGSV,2,2,08,79,11,027,40,80,40,336,21,82,09,117,38,,,,09,1*40
1776370249.275,$GLGSV,2,1,06,68,24,153,41,69,76,146,46,70,47,335,21,73,27,269,18,3*7D
1776370249.276,$GLGSV,2,2,06,79,11,027,35,80,40,336,19,3*73
1776370249.277,$GLGSV,1,1,02,81,02,074,,83,04,165,,0*7E
1776370249.278,$GAGSV,2,1,06,02,75,331,19,03,66,057,51,05,28,120,45,08,35,336,12,2*79
1776370249.278,$GAGSV,2,2,06,25,27,031,39,32,56,356,25,2*7F
1776370249.279,$GAGSV,2,1,06,02,75,331,18,03,66,057,47,05,28,120,41,25,27,031,39,7*7F
1776370249.280,$GAGSV,2,2,06,30,37,233,10,32,56,356,27,7*76
1776370249.280,$GAGSV,1,1,02,15,05,224,,34,07,177,,0*72
1776370249.281,$GBGSV,2,1,08,06,30,181,33,07,55,160,42,09,43,341,16,10,49,174,44,1*77
1776370249.283,$GBGSV,2,2,08,12,21,152,40,13,46,206,20,16,40,014,45,24,46,330,18,1*70
1776370249.284,$GBGSV,1,1,04,07,55,160,48,10,49,174,46,12,21,152,45,16,40,014,45,3*70
1776370249.285,$GBGSV,3,1,11,01,37,105,,02,66,235,,03,70,144,,04,21,101,,0*70
1776370249.286,$GBGSV,3,2,11,04,21,101,,05,41,258,,08,38,191,,11,02,198,,0*76
1776370249.286,$GBGSV,3,3,11,11,02,198,,14,61,303,,21,32,157,,0*46
1776370249.287,$GNGLL,1339.03924,N,10029.52117,E,201049.00,A,D*72
1776370250.240,$GNRMC,201050.00,A,1339.03853,N,10029.52117,E,2.570,180.25,160426,0.53,W,D,V*40
1776370250.241,$GNVTG,180.25,T,180.78,M,2.570,N,4.759,K,D*3F
1776370250.243,$GNGGA,201050.00,1339.03853,N,10029.52117,E,2,12,1.08,0.4,M,-27.8,M,,0499*62
1776370250.245,$GNGSA,A,3,32,16,27,26,28,31,08,,,,,,1.57,1.08,1.15,1*09
1776370250.245,$GNGSA,A,3,79,70,73,80,69,68,,,,,,,1.57,1.08,1.15,2*09
1776370250.246,$GNGSA,A,3,25,03,05,,,,,,,,,,1.57,1.08,1.15,3*0D
1776370250.247,$GNGSA,A,3,12,06,07,10,16,,,,,,,,1.57,1.08,1.15,4*0F
1776370250.248,$GPGSV,2,1,08,08,33,185,26,16,63,356,26,26,34,025,43,27,53,146,49,1*67
1776370250.249,$GPGSV,2,2,08,28,16,068,37,31,30,044,42,32,16,134,39,50,56,115,44,1*65
1776370250.250,$GPGSV,2,1,08,03,41,261,10,04,32,332,12,08,33,185,24,26,34,025,39,6*62
1776370250.252,$GPGSV,2,2,08,27,53,146,43,28,16,068,40,31,30,044,40,32,16,134,38,6*65
1776370250.253,$GPGSV,2,1,06,01,02,221,,02,05,194,,09,03,323,,40,36,259,,0*6E
1776370250.254,$GPGSV,2,2,06,40,36,259,,41,64,233,,0*69
1776370250.255,$GLGSV,2,1,08,68,24,153,44,69,76,146,50,70,47,335,24,73,27,269,20,1*7D
1776370250.256,$GLGSV,2,2,08,79,11,027,41,80,40,336,23,82,09,117,32,,,,09,1*49
1776370250.257,$GLGSV,2,1,06,68,24,153,38,69,76,146,45,70,47,335,20,73,27,269,18,3*71
1776370250.258,$GLGSV,2,2,06,79,11,027,28,80,40,336,19,3*7F
1776370250.258,$GLGSV,1,1,02,81,02,074,,83,04,165,,0*7E
1776370250.259,$GAGSV,2,1,06,02,75,331,19,03,66,057,51,05,28,120,43,08,35,336,12,2*7F
1776370250.259,$GAGSV,2,2,06,25,27,031,37,32,56,356,27,2*73
1776370250.260,$GAGSV,2,1,06,02,75,331,17,03,66,057,46,05,28,120,39,25,27,031,34,7*73
1776370250.260,$GAGSV,2,2,06,30,37,233,11,32,56,356,26,7*76
1776370250.261,$GAGSV,1,1,02,15,05,224,,34,07,177,,0*72
1776370250.262,$GBGSV,2,1,08,06,30,181,27,07,55,160,42,09,43,341,16,10,49,174,44,1*72
1776370250.262,$GBGSV,2,2,08,12,21,152,36,13,46,206,19,16,40,014,45,24,46,330,18,1*7B
1776370250.263,$GBGSV,1,1,04,07,55,160,45,10,49,174,46,12,21,152,47,16,40,014,44,3*7E
1776370250.264,$GBGSV,3,1,11,01,37,105,,02,66,235,,03,70,144,,04,21,101,,0*70
1776370250.264,$GBGSV,3,2,11,04,21,101,,05,41,258,,08,38,191,,11,02,198,,0*76
1776370250.265,$GBGSV,3,3,11,11,02,198,,14,61,303,,21,32,157,,0*46
1776370250.265,$GNGLL,1339.03853,N,10029.52117,E,201050.00,A,D*7B
1776370251.241,$GNRMC,201051.00,A,1339.03780,N,10029.52117,E,2.585,181.73,160426,0.53,W,D,V*48
1776370251.243,$GNVTG,181.73,T,182.26,M,2.585,N,4.787,K,D*3D
1776370251.246,$GNGGA,201051.00,1339.03780,N,10029.52117,E,2,12,1.08,0.4,M,-27.8,M,,0499*62
1776370251.248,$GNGSA,A,3,32,16,27,26,28,31,08,,,,,,1.57,1.08,1.15,1*09
1776370251.249,$GNGSA,A,3,79,70,73,80,69,68,,,,,,,1.57,1.08,1.15,2*09
1776370251.250,$GNGSA,A,3,25,03,05,,,,,,,,,,1.57,1.08,1.15,3*0D
1776370251.251,$GNGSA,A,3,12,06,07,10,16,,,,,,,,1.57,1.08,1.15,4*0F
1776370251.252,$GPGSV,2,1,08,08,33,185,26,16,63,356,25,26,34,025,44,27,53,146,48,1*62
1776370251.253,$GPGSV,2,2,08,28,16,068,39,31,30,044,42,32,16,134,43,50,56,115,44,1*66
1776370251.254,$GPGSV,2,1,08,03,41,261,09,04,32,332,12,08,33,185,23,26,34,025,40,6*63
1776370251.255,$GPGSV,2,2,08,27,53,146,44,28,16,068,41,31,30,044,39,32,16,134,38,6*6D
1776370251.256,$GPGSV,2,1,06,01,02,221,,02,05,194,,09,03,323,,40,36,259,,0*6E
1776370251.257,$GPGSV,2,2,06,40,36,259,,41,64,233,,0*69
1776370251.258,$GLGSV,2,1,08,68,24,153,43,69,76,146,50,70,47,335,24,73,27,269,20,1*7A
1776370251.258,$GLGSV,2,2,08,79,11,027,36,80,40,336,23,82,09,117,26,,,,08,1*4D
1776370251.259,$GLGSV,2,1,06,68,24,153,39,69,76,146,47,70,47,335,21,73,27,269,18,3*73
1776370251.260,$GLGSV,2,2,06,79,11,027,33,80,40,336,21,3*7E
1776370251.260,$GLGSV,1,1,02,81,02,074,,83,04,165,,0*7E
1776370251.261,$GAGSV,2,1,06,02,75,331,19,03,66,057,51,05,28,120,39,08,35,336,13,2*73
1776370251.262,$GAGSV,2,2,06,25,27,031,35,32,56,356,28,2*7E
1776370251.263,$GAGSV,2,1,06,02,75,331,18,03,66,057,46,05,28,120,33,25,27,031,34,7*76
1776370251.264,$GAGSV,2,2,06,30,37,233,10,32,56,356,26,7*77
1776370251.265,$GAGSV,1,1,02,15,05,224,,34,07,177,,0*72
1776370251.265,$GBGSV,2,1,08,06,30,181,28,07,55,160,42,09,43,341,17,10,49,174,45,1*7D
1776370251.266,$GBGSV,2,2,08,12,21,152,36,13,46,206,18,16,40,014,44,24,46,330,18,1*7B
1776370251.267,$GBGSV,1,1,04,07,55,160,47,10,49,174,45,12,21,152,45,16,40,014,43,3*7A
1776370251.267,$GBGSV,3,1,11,01,37,105,,02,66,235,,03,70,144,,04,21,101,,0*70
1776370251.268,$GBGSV,3,2,11,04,21,101,,05,41,258,,08,38,191,,11,02,198,,0*76
1776370251.268,$GBGSV,3,3,11,11,02,198,,14,61,303,,21,32,157,,0*46
1776370251.269,$GNGLL,1339.03780,N,10029.52117,E,201051.00,A,D*7B
1776370252.238,$GNRMC,201052.00,A,1339.03707,N,10029.52115,E,2.603,181.34,160426,0.53,W,D,V*48
1776370252.240,$GNVTG,181.34,T,181.87,M,2.603,N,4.821,K,D*38
1776370252.242,$GNGGA,201052.00,1339.03707,N,10029.52115,E,2,12,1.04,0.3,M,-27.8,M,,0499*67
1776370252.244,$GNGSA,A,3,32,16,27,26,28,31,08,,,,,,1.54,1.04,1.14,1*07
1776370252.246,$GNGSA,A,3,79,70,80,69,68,,,,,,,,1.54,1.04,1.14,2*03
1776370252.248,$GNGSA,A,3,25,02,03,05,,,,,,,,,1.54,1.04,1.14,3*01
1776370252.249,$GNGSA,A,3,12,06,07,10,16,,,,,,,,1.54,1.04,1.14,4*01
1776370252.252,$GPGSV,2,1,08,08,33,185,25,16,63,356,25,26,34,025,43,27,53,146,47,1*69
1776370252.254,$GPGSV,2,2,08,28,16,068,43,31,30,044,44,32,16,134,40,50,56,115,43,1*69
1776370252.256,$GPGSV,2,1,08,03,41,261,10,04,32,332,12,08,33,185,21,26,34,025,41,6*68
1776370252.257,$GPGSV,2,2,08,27,53,146,43,28,16,068,41,31,30,044,38,32,16,134,35,6*66
1776370252.259,$GPGSV,2,1,06,01,02,221,,02,05,194,,09,03,323,,40,36,259,,0*6E
1776370252.259,$GPGSV,2,2,06,40,36,259,,41,64,233,,0*69
1776370252.261,$GLGSV,2,1,08,68,24,153,41,69,76,146,53,70,47,335,24,73,27,269,19,1*71
1776370252.262,$GLGSV,2,2,08,79,11,027,36,80,40,336,23,82,09,117,27,,,,08,1*4C
1776370252.263,$GLGSV,2,1,06,68,24,153,39,69,76,146,50,70,47,335,21,73,27,269,18,3*75
1776370252.264,$GLGSV,2,2,06,79,11,027,28,80,40,336,21,3*74
1776370252.265,$GLGSV,1,1,02,81,02,074,,83,04,165,,0*7E
1776370252.267,$GAGSV,2,1,06,02,75,331,21,03,66,057,52,05,28,120,44,08,35,336,14,2*76
1776370252.268,$GAGSV,2,2,06,25,27,031,39,32,56,356,28,2*72
1776370252.269,$GAGSV,2,1,06,02,75,331,18,03,66,057,46,05,28,120,41,25,27,031,39,7*7E
1776370252.269,$GAGSV,2,2,06,30,37,233,10,32,56,356,25,7*74
1776370252.270,$GAGSV,1,1,02,15,05,224,,34,07,177,,0*72
1776370252.270,$GBGSV,2,1,08,06,30,181,28,07,55,160,41,09,43,341,16,10,49,174,44,1*7E
1776370252.272,$GBGSV,2,2,08,12,21,152,36,13,46,206,18,16,40,014,45,24,46,330,18,1*7A
1776370252.273,$GBGSV,1,1,04,07,55,160,47,10,49,174,45,12,21,152,44,16,40,014,42,3*7A
1776370252.273,$GBGSV,3,1,11,01,37,105,,02,66,235,,03,70,144,,04,21,101,,0*70
1776370252.274,$GBGSV,3,2,11,04,21,101,,05,41,258,,08,38,191,,11,02,198,,0*76
1776370252.275,$GBGSV,3,3,11,11,02,198,,14,61,303,,21,32,157,,0*46
1776370252.275,$GNGLL,1339.03707,N,10029.52115,E,201052.00,A,D*75
1776370253.240,$GNRMC,201053.00,A,1339.03634,N,10029.52115,E,2.531,180.10,160426,0.53,W,D,V*4D
1776370253.240,$GNVTG,180.10,T,180.63,M,2.531,N,4.687,K,D*34
1776370253.241,$GNGGA,201053.00,1339.03634,N,10029.52115,E,2,12,1.04,0.3,M,-27.8,M,,0499*67
1776370253.242,$GNGSA,A,3,32,16,27,26,28,31,08,,,,,,1.54,1.04,1.14,1*07
1776370253.243,$GNGSA,A,3,79,70,80,69,68,,,,,,,,1.54,1.04,1.14,2*03
1776370253.243,$GNGSA,A,3,25,02,03,05,,,,,,,,,1.54,1.04,1.14,3*01
1776370253.244,$GNGSA,A,3,12,06,07,10,16,,,,,,,,1.54,1.04,1.14,4*01
1776370253.245,$GPGSV,2,1,08,08,33,185,24,16,63,356,25,26,34,025,44,27,53,146,47,1*6F
1776370253.247,$GPGSV,2,2,08,28,16,068,41,31,30,044,43,32,16,134,42,50,56,115,44,1*69
1776370253.248,$GPGSV,2,1,08,03,41,261,09,04,32,332,09,08,33,185,20,26,34,025,42,6*68
1776370253.249,$GPGSV,2,2,08,27,53,146,45,28,16,068,41,31,30,044,35,32,16,134,38,6*60
1776370253.250,$GPGSV,2,1,06,01,02,221,,02,05,194,,09,03,323,,40,36,259,,0*6E
1776370253.251,$GPGSV,2,2,06,40,36,259,,41,64,233,,0*69
1776370253.253,$GLGSV,2,1,08,68,24,153,42,69,76,146,53,70,47,335,24,73,27,269,19,1*72
1776370253.254,$GLGSV,2,2,08,79,11,027,28,80,40,336,25,82,09,117,32,,,,11,1*49
1776370253.255,$GLGSV,2,1,06,68,24,153,32,69,76,146,50,70,47,335,22,73,27,269,17,3*72
1776370253.256,$GLGSV,2,2,06,79,11,027,29,80,40,336,20,3*74
1776370253.256,$GLGSV,1,1,02,81,02,074,,83,04,165,,0*7E
1776370253.257,$GAGSV,2,1,06,02,75,331,21,03,66,057,52,05,28,120,46,08,35,336,12,2*72
1776370253.258,$GAGSV,2,2,06,25,27,031,41,32,56,356,27,2*72
1776370253.259,$GAGSV,2,1,06,02,75,331,18,03,66,057,46,05,28,120,42,25,27,031,39,7*7D
1776370253.259,$GAGSV,2,2,06,30,37,233,11,32,56,356,24,7*74
1776370253.260,$GAGSV,1,1,02,15,05,224,,34,07,177,,0*72
1776370253.260,$GBGSV,2,1,08,06,30,181,27,07,55,160,41,09,43,341,15,10,49,174,43,1*75
1776370253.261,$GBGSV,2,2,08,12,21,152,41,13,46,206,17,16,40,014,45,24,46,330,16,1*7B
1776370253.263,$GBGSV,1,1,04,07,55,160,47,10,49,174,45,12,21,152,43,16,40,014,45,3*7A
1776370253.266,$GBGSV,3,1,11,01,37,105,,02,66,235,,03,70,144,,04,21,101,,0*70
1776370253.267,$GBGSV,3,2,11,04,21,101,,05,41,258,,08,38,191,,11,02,198,,0*76
1776370253.268,$GBGSV,3,3,11,11,02,198,,14,61,303,,21,32,157,,0*46
1776370253.269,$GNGLL,1339.03634,N,10029.52115,E,201053.00,A,D*75
1776370254.236,$GNRMC,201054.00,A,1339.03566,N,10029.52115,E,2.317,179.97,160426,0.53,W,D,V*45
1776370254.237,$GNVTG,179.97,T,180.50,M,2.317,N,4.292,K,D*3F
1776370254.237,$GNGGA,201054.00,1339.03566,N,10029.52115,E,2,12,1.04,0.3,M,-27.8,M,,0499*64
1776370254.238,$GNGSA,A,3,32,16,27,26,28,31,08,,,,,,1.54,1.04,1.14,1*07
1776370254.238,$GNGSA,A,3,79,70,80,69,68,,,,,,,,1.54,1.04,1.14,2*03
1776370254.239,$GNGSA,A,3,25,02,03,05,,,,,,,,,1.54,1.04,1.14,3*01
1776370254.239,$GNGSA,A,3,12,06,07,10,16,,,,,,,,1.54,1.04,1.14,4*01
1776370254.240,$GPGSV,2,1,08,08,33,185,25,16,63,356,26,26,34,025,43,27,53,146,47,1*6A
1776370254.240,$GPGSV,2,2,08,28,16,068,39,31,30,044,44,32,16,134,43,50,56,115,43,1*67
1776370254.241,$GPGSV,2,1,08,03,41,261,10,04,32,332,10,08,33,185,20,26,34,025,41,6*6B
1776370254.242,$GPGSV,2,2,08,27,53,146,44,28,16,068,39,31,30,044,39,32,16,134,40,6*6D
1776370254.242,$GPGSV,2,1,06,01,02,221,,02,05,194,,09,03,323,,40,36,259,,0*6E
1776370254.242,$GPGSV,2,2,06,40,36,259,,41,64,233,,0*69
1776370254.243,$GLGSV,2,1,08,68,24,153,27,69,76,146,52,70,47,335,24,73,27,269,19,1*70
1776370254.243,$GLGSV,2,2,08,79,11,027,36,80,40,336,24,82,09,117,25,,,,11,1*41
1776370254.244,$GLGSV,2,1,06,68,24,153,35,69,76,146,50,70,47,335,21,73,27,269,17,3*76
1776370254.245,$GLGSV,2,2,06,79,11,027,29,80,40,336,19,3*7E
1776370254.245,$GLGSV,1,1,02,81,02,074,,83,04,165,,0*7E
1776370254.246,$GAGSV,2,1,06,02,75,331,21,03,66,057,52,05,28,120,48,08,35,336,10,2*7E
1776370254.248,$GAGSV,2,2,06,25,27,031,42,32,56,356,27,2*71
1776370254.249,$GAGSV,2,1,06,02,75,331,19,03,66,057,45,05,28,120,43,25,27,031,41,7*71
1776370254.250,$GAGSV,2,2,06,30,37,233,12,32,56,356,25,7*76
1776370254.251,$GAGSV,1,1,02,15,05,224,,34,07,177,,0*72
1776370254.251,$GBGSV,2,1,08,06,30,181,25,07,55,160,41,09,43,341,16,10,49,174,44,1*73
1776370254.252,$GBGSV,2,2,08,12,21,152,37,13,46,206,16,16,40,014,46,24,46,330,18,1*76
1776370254.253,$GBGSV,1,1,04,07,55,160,47,10,49,174,45,12,21,152,41,16,40,014,42,3*7F
1776370254.254,$GBGSV,3,1,11,01,37,105,,02,66,235,,03,70,144,,04,21,101,,0*70
1776370254.254,$GBGSV,3,2,11,04,21,101,,05,41,258,,08,38,191,,11,02,198,,0*76
1776370254.255,$GBGSV,3,3,11,11,02,198,,14,61,303,,21,32,157,,0*46
1776370254.255,$GNGLL,1339.03566,N,10029.52115,E,201054.00,A,D*76
1776370255.234,$GNRMC,201055.00,A,1339.03501,N,10029.52114,E,2.268,180.72,160426,0.53,W,D,V*40
1776370255.236,$GNVTG,180.72,T,181.25,M,2.268,N,4.200,K,D*33
1776370255.238,$GNGGA,201055.00,1339.03501,N,10029.52114,E,2,12,1.04,0.3,M,-27.8,M,,0499*65
1776370255.240,$GNGSA,A,3,32,16,27,26,28,31,08,,,,,,1.54,1.04,1.14,1*07
1776370255.242,$GNGSA,A,3,79,70,80,69,68,,,,,,,,1.54,1.04,1.14,2*03
1776370255.243,$GNGSA,A,3,25,02,03,05,,,,,,,,,1.54,1.04,1.14,3*01
1776370255.245,$GNGSA,A,3,12,06,07,10,16,,,,,,,,1.54,1.04,1.14,4*01
1776370255.247,$GPGSV,2,1,08,08,33,185,24,16,63,356,26,26,34,025,41,27,53,146,48,1*66
1776370255.250,$GPGSV,2,2,08,28,16,068,38,31,30,044,43,32,16,134,40,50,56,115,44,1*65
1776370255.253,$GPGSV,2,1,08,03,41,261,10,04,32,332,13,08,33,185,20,26,34,025,40,6*69
1776370255.255,$GPGSV,2,2,08,27,53,146,44,28,16,068,32,31,30,044,39,32,16,134,38,6*69
1776370255.258,$GPGSV,2,1,06,01,02,221,,02,05,194,,09,03,323,,40,36,259,,0*6E
1776370255.259,$GPGSV,2,2,06,40,36,259,,41,64,233,,0*69
1776370255.262,$GLGSV,2,1,08,68,24,153,32,69,76,146,52,70,47,335,23,73,27,269,19,1*73
1776370255.264,$GLGSV,2,2,08,79,11,027,38,80,40,336,24,82,09,117,31,,,,12,1*49
1776370255.266,$GLGSV,2,1,06,68,24,153,35,69,76,146,50,70,47,335,22,73,27,269,19,3*7B
1776370255.268,$GLGSV,2,2,06,79,11,027,33,80,40,336,19,3*75
1776370255.269,$GLGSV,1,1,02,81,02,074,,83,04,165,,0*7E
1776370255.271,$GAGSV,2,1,06,02,75,331,22,03,66,057,53,05,28,120,48,08,35,336,09,2*74
1776370255.272,$GAGSV,2,2,06,25,27,031,43,32,56,356,27,2*70
1776370255.273,$GAGSV,2,1,06,02,75,331,19,03,66,057,46,05,28,120,45,25,27,031,43,7*76
1776370255.274,$GAGSV,2,2,06,30,37,233,12,32,56,356,25,7*76
1776370255.275,$GAGSV,1,1,02,15,05,224,,34,07,177,,0*72
1776370255.276,$GBGSV,2,1,08,06,30,181,23,07,55,160,42,09,43,341,17,10,49,174,44,1*77
1776370255.277,$GBGSV,2,2,08,12,21,152,36,13,46,206,17,16,40,014,45,24,46,330,18,1*75
1776370255.278,$GBGSV,1,1,04,07,55,160,47,10,49,174,45,12,21,152,36,16,40,014,45,3*78
1776370255.279,$GBGSV,3,1,11,01,37,105,,02,66,235,,03,70,144,,04,21,101,,0*70
1776370255.280,$GBGSV,3,2,11,04,21,101,,05,41,258,,08,38,191,,11,02,198,,0*76
1776370255.280,$GBGSV,3,3,11,11,02,198,,14,61,303,,21,32,157,,0*46
1776370255.281,$GNGLL,1339.03501,N,10029.52114,E,201055.00,A,D*77
1776370256.241,$GNRMC,201056.00,A,1339.03437,N,10029.52112,E,2.277,181.30,160426,0.53,W,D,V*48
1776370256.244,$GNVTG,181.30,T,181.83,M,2.277,N,4.217,K,D*30
1776370256.245,$GNGGA,201056.00,1339.03437,N,10029.52112,E,2,12,1.04,0.2,M,-27.8,M,,0499*65
1776370256.246,$GNGSA,A,3,32,16,27,26,28,31,08,,,,,,1.54,1.04,1.14,1*07
1776370256.247,$GNGSA,A,3,79,70,73,80,69,68,,,,,,,1.54,1.04,1.14,2*07
1776370256.247,$GNGSA,A,3,25,02,03,05,,,,,,,,,1.54,1.04,1.14,3*01
1776370256.248,$GNGSA,A,3,12,06,07,10,16,,,,,,,,1.54,1.04,1.14,4*01
1776370256.249,$GPGSV,2,1,08,08,33,185,21,16,63,356,26,26,34,025,40,27,53,146,48,1*62
1776370256.250,$GPGSV,2,2,08,28,16,068,38,31,30,044,44,32,16,134,38,50,56,115,43,1*6A
1776370256.251,$GPGSV,2,1,08,03,41,261,10,04,32,332,11,08,33,185,21,26,34,025,42,6*68
1776370256.252,$GPGSV,2,2,08,27,53,146,44,28,16,068,35,31,30,044,38,32,16,134,36,6*61
1776370256.253,$GPGSV,2,1,06,01,02,221,,02,05,194,,09,03,323,,40,36,259,,0*6E
1776370256.253,$GPGSV,2,2,06,40,36,259,,41,64,233,,0*69
1776370256.254,$GLGSV,2,1,08,68,24,153,28,69,76,146,51,70,47,335,22,73,27,269,21,1*71
1776370256.255,$GLGSV,2,2,08,79,11,027,40,80,40,336,25,82,09,117,25,,,,13,1*43
1776370256.256,$GLGSV,2,1,06,68,24,153,38,69,76,146,49,70,47,335,22,73,27,269,18,3*7F
1776370256.256,$GLGSV,2,2,06,79,11,027,36,80,40,336,19,3*70
1776370256.257,$GLGSV,1,1,02,81,02,074,,83,04,165,,0*7E
1776370256.258,$GAGSV,2,1,06,02,75,331,22,03,66,057,53,05,28,120,48,08,35,336,09,2*74
1776370256.258,$GAGSV,2,2,06,25,27,031,44,32,56,356,27,2*77
1776370256.259,$GAGSV,2,1,06,02,75,331,20,03,66,057,46,05,28,120,44,25,27,031,42,7*7C
1776370256.260,$GAGSV,2,2,06,30,37,233,12,32,56,356,25,7*76
1776370256.260,$GAGSV,1,1,02,15,05,224,,34,07,177,,0*72
1776370256.261,$GBGSV,2,1,08,06,30,181,20,07,55,160,43,09,43,341,17,10,49,174,44,1*75
1776370256.262,$GBGSV,2,2,08,12,21,152,38,13,46,206,17,16,40,014,45,24,46,330,18,1*7B
1776370256.262,$GBGSV,1,1,04,07,55,160,47,10,49,174,45,12,21,152,40,16,40,014,45,3*79
1776370256.263,$GBGSV,3,1,11,01,37,105,,02,66,235,,03,70,144,,04,21,101,,0*70
1776370256.264,$GBGSV,3,2,11,04,21,101,,05,41,258,,08,38,191,,11,02,198,,0*76
1776370256.264,$GBGSV,3,3,11,11,02,198,,14,61,303,,21,32,157,,0*46
1776370256.265,$GNGLL,1339.03437,N,10029.52112,E,201056.00,A,D*76
1776370257.239,$GNRMC,201057.00,A,1339.03372,N,10029.52112,E,2.319,179.31,160426,0.53,W,D,V*40
1776370257.241,$GNVTG,179.31,T,179.84,M,2.319,N,4.294,K,D*34
1776370257.243,$GNGGA,201057.00,1339.03372,N,10029.52112,E,2,12,1.12,0.2,M,-27.8,M,,0499*65
1776370257.245,$GNGSA,A,3,32,16,27,26,28,31,08,,,,,,1.64,1.12,1.20,1*04
1776370257.246,$GNGSA,A,3,79,70,73,80,69,68,,,,,,,1.64,1.12,1.20,2*04
1776370257.248,$GNGSA,A,3,25,02,03,05,,,,,,,,,1.64,1.12,1.20,3*02
1776370257.250,$GNGSA,A,3,24,12,07,10,16,,,,,,,,1.64,1.12,1.20,4*02
1776370257.253,$GPGSV,2,1,08,08,33,185,20,16,63,356,26,26,34,025,45,27,53,146,48,1*66
1776370257.255,$GPGSV,2,2,08,28,16,068,36,31,30,044,45,32,16,134,40,50,56,115,43,1*6A
1776370257.257,$GPGSV,2,1,08,03,41,261,11,04,32,332,11,08,33,185,21,26,34,025,42,6*69
1776370257.260,$GPGSV,2,2,08,27,53,146,45,28,16,068,31,31,30,044,40,32,16,134,34,6*69
1776370257.262,$GPGSV,2,1,06,01,02,221,,02,05,194,,09,03,323,,40,36,259,,0*6E
1776370257.264,$GPGSV,2,2,06,40,36,259,,41,64,233,,0*69
1776370257.267,$GLGSV,2,1,08,68,24,153,27,69,76,146,53,70,47,335,23,73,27,269,22,1*7E
1776370257.269,$GLGSV,2,2,08,79,11,027,42,80,40,336,24,82,09,117,26,,,,13,1*43
1776370257.271,$GLGSV,2,1,06,68,24,153,33,69,76,146,51,70,47,335,22,73,27,269,18,3*7D
1776370257.271,$GLGSV,2,2,06,79,11,027,35,80,40,336,18,3*72
1776370257.272,$GLGSV,1,1,02,81,02,074,,83,04,165,,0*7E
1776370257.273,$GAGSV,2,1,06,02,75,331,22,03,66,057,51,05,28,120,47,08,35,336,08,2*78
1776370257.274,$GAGSV,2,2,06,25,27,031,44,32,56,356,28,2*78
1776370257.275,$GAGSV,2,1,06,02,75,331,21,03,66,057,45,05,28,120,44,25,27,031,43,7*7F
1776370257.276,$GAGSV,2,2,06,30,37,233,12,32,56,356,25,7*76
1776370257.276,$GAGSV,1,1,02,15,05,224,,34,07,177,,0*72
1776370257.277,$GBGSV,2,1,08,06,30,181,18,07,55,160,41,09,43,341,16,10,49,174,45,1*7C
1776370257.278,$GBGSV,2,2,08,12,21,152,33,13,46,206,17,16,40,014,46,24,46,330,20,1*78
1776370257.279,$GBGSV,1,1,04,07,55,160,47,10,49,174,46,12,21,152,28,16,40,014,45,3*74
1776370257.280,$GBGSV,3,1,11,01,37,105,,02,66,235,,03,70,144,,04,21,101,,0*70
1776370257.282,$GBGSV,3,2,11,04,21,101,,05,41,258,,08,38,191,,11,02,198,,0*76
1776370257.283,$GBGSV,3,3,11,11,02,198,,14,61,303,,21,32,157,,0*46
1776370257.283,$GNGLL,1339.03372,N,10029.52112,E,201057.00,A,D*71
1776370258.239,$GNRMC,201058.00,A,1339.03308,N,10029.52113,E,2.274,180.40,160426,0.53,W,D,V*49
1776370258.240,$GNVTG,180.40,T,180.93,M,2.274,N,4.211,K,D*33
1776370258.242,$GNGGA,201058.00,1339.03308,N,10029.52113,E,2,12,1.12,0.2,M,-27.8,M,,0499*66
1776370258.244,$GNGSA,A,3,32,16,27,26,28,31,08,,,,,,1.64,1.12,1.20,1*04
1776370258.245,$GNGSA,A,3,79,70,73,80,69,68,,,,,,,1.64,1.12,1.20,2*04
1776370258.248,$GNGSA,A,3,25,02,03,05,,,,,,,,,1.64,1.12,1.20,3*02
1776370258.250,$GNGSA,A,3,24,12,07,10,16,,,,,,,,1.64,1.12,1.20,4*02
1776370258.252,$GPGSV,2,1,08,08,33,185,20,16,63,356,27,26,34,025,43,27,53,146,47,1*6E
1776370258.254,$GPGSV,2,2,08,28,16,068,36,31,30,044,44,32,16,134,40,50,56,115,43,1*6B
1776370258.256,$GPGSV,2,1,08,03,41,261,12,04,32,332,13,08,33,185,19,26,34,025,42,6*63
1776370258.257,$GPGSV,2,2,08,27,53,146,46,28,16,068,34,31,30,044,41,32,16,134,31,6*6B
1776370258.259,$GPGSV,2,1,06,01,02,221,,02,05,194,,09,03,323,,40,36,259,,0*6E
1776370258.260,$GPGSV,2,2,06,40,36,259,,41,64,233,,0*69
1776370258.261,$GLGSV,2,1,08,68,24,153,42,69,76,146,52,70,47,335,25,73,27,269,22,1*7A
1776370258.262,$GLGSV,2,2,08,79,11,027,42,80,40,336,24,82,09,117,25,,,,12,1*41
1776370258.263,$GLGSV,2,1,06,68,24,153,30,69,76,146,50,70,47,335,22,73,27,269,19,3*7E
1776370258.264,$GLGSV,2,2,06,79,11,027,36,80,40,336,20,3*7A
1776370258.265,$GLGSV,1,1,02,81,02,074,,83,04,165,,0*7E
1776370258.266,$GAGSV,2,1,07,02,75,331,23,03,66,057,50,05,28,120,47,08,35,336,08,2*79
1776370258.267,$GAGSV,2,2,07,25,27,031,43,30,37,233,25,32,56,356,28,2*4C
1776370258.268,$GAGSV,2,1,06,02,75,331,22,03,66,057,45,05,28,120,44,25,27,031,43,7*7C
1776370258.268,$GAGSV,2,2,06,30,37,233,12,32,56,356,25,7*76
1776370258.269,$GAGSV,1,1,02,15,05,224,,34,07,177,,0*72
1776370258.270,$GBGSV,2,1,08,06,30,181,18,07,55,160,44,09,43,341,17,10,49,174,45,1*78
1776370258.270,$GBGSV,2,2,08,12,21,152,29,13,46,206,18,16,40,014,46,24,46,330,21,1*7D
1776370258.271,$GBGSV,1,1,04,07,55,160,48,10,49,174,45,12,21,152,33,16,40,014,46,3*71
1776370258.272,$GBGSV,3,1,11,01,37,105,,02,66,235,,03,70,144,,04,21,101,,0*70
1776370258.272,$GBGSV,3,2,11,04,21,101,,05,41,258,,08,38,191,,11,02,198,,0*76
1776370258.273,$GBGSV,3,3,11,11,02,198,,14,61,303,,21,32,157,,0*46
1776370258.273,$GNGLL,1339.03308,N,10029.52113,E,201058.00,A,D*72
1776370259.240,$GNRMC,201059.00,A,1339.03245,N,10029.52113,E,2.262,182.13,160426,0.53,W,D,V*43
1776370259.241,$GNVTG,182.13,T,182.66,M,2.262,N,4.189,K,D*3A
1776370259.242,$GNGGA,201059.00,1339.03245,N,10029.52113,E,2,12,1.12,0.3,M,-27.8,M,,0499*6E
1776370259.243,$GNGSA,A,3,32,16,27,26,28,31,08,,,,,,1.64,1.12,1.20,1*04
1776370259.243,$GNGSA,A,3,79,70,73,80,69,68,,,,,,,1.64,1.12,1.20,2*04
1776370259.244,$GNGSA,A,3,25,02,03,05,,,,,,,,,1.64,1.12,1.20,3*02
1776370259.244,$GNGSA,A,3,24,12,07,10,16,13,,,,,,,1.64,1.12,1.20,4*00
1776370259.245,$GPGSV,2,1,08,08,33,185,21,16,63,356,26,26,34,025,43,27,53,146,47,1*6E
1776370259.246,$GPGSV,2,2,08,28,16,068,42,31,30,044,43,32,16,134,35,50,56,115,43,1*6D
1776370259.247,$GPGSV,2,1,08,03,41,261,14,04,32,332,15,08,33,185,17,26,34,025,41,6*6E
1776370259.249,$GPGSV,2,2,08,27,53,146,45,28,16,068,32,31,30,044,38,32,16,134,34,6*65
1776370259.251,$GPGSV,2,1,06,01,02,221,,02,05,194,,09,03,323,,40,36,259,,0*6E
1776370259.251,$GPGSV,2,2,06,40,36,259,,41,64,233,,0*69
1776370259.252,$GLGSV,2,1,08,68,24,153,43,69,76,146,52,70,47,335,24,73,27,269,21,1*79
1776370259.253,$GLGSV,2,2,08,79,11,027,35,80,40,336,24,82,09,117,23,,,,14,1*41
1776370259.253,$GLGSV,2,1,06,68,24,153,37,69,76,146,50,70,47,335,21,73,27,269,20,3*70
1776370259.254,$GLGSV,2,2,06,79,11,027,33,80,40,336,20,3*7F
1776370259.255,$GLGSV,1,1,02,81,02,074,,83,04,165,,0*7E
1776370259.256,$GAGSV,2,1,07,02,75,331,24,03,66,057,50,05,28,120,43,08,35,336,10,2*73
1776370259.257,$GAGSV,2,2,07,25,27,031,44,30,37,233,23,32,56,356,27,2*42
1776370259.257,$GAGSV,2,1,06,02,75,331,22,03,66,057,46,05,28,120,40,25,27,031,42,7*7A
1776370259.258,$GAGSV,2,2,06,30,37,233,13,32,56,356,27,7*75
1776370259.258,$GAGSV,1,1,02,15,05,224,,34,07,177,,0*72
1776370259.259,$GBGSV,2,1,08,06,30,181,17,07,55,160,44,09,43,341,15,10,49,174,43,1*73
1776370259.260,$GBGSV,2,2,08,12,21,152,23,13,46,206,20,16,40,014,45,24,46,330,20,1*7E
1776370259.261,$GBGSV,1,1,04,07,55,160,48,10,49,174,44,12,21,152,35,16,40,014,46,3*76
1776370259.262,$GBGSV,3,1,11,01,37,105,,02,66,235,,03,70,144,,04,21,101,,0*70
1776370259.262,$GBGSV,3,2,11,04,21,101,,05,41,258,,08,38,191,,11,02,198,,0*76
1776370259.263,$GBGSV,3,3,11,11,02,198,,14,61,303,,21,32,157,,0*46
1776370259.265,$GNGLL,1339.03245,N,10029.52113,E,201059.00,A,D*7B
1776370260.241,$GNRMC,201100.00,A,1339.03180,N,10029.52114,E,2.329,180.48,160426,0.53,W,D,V*41
1776370260.241,$GNVTG,180.48,T,181.01,M,2.329,N,4.313,K,D*3B
1776370260.242,$GNGGA,201100.00,1339.03180,N,10029.52114,E,2,12,1.12,0.3,M,-27.8,M,,0499*6E
1776370260.243,$GNGSA,A,3,32,16,27,26,28,31,08,,,,,,1.64,1.12,1.20,1*04
1776370260.243,$GNGSA,A,3,79,70,73,80,69,68,,,,,,,1.64,1.12,1.20,2*04
1776370260.244,$GNGSA,A,3,25,02,03,05,,,,,,,,,1.64,1.12,1.20,3*02
1776370260.244,$GNGSA,A,3,24,12,07,10,16,,,,,,,,1.64,1.12,1.20,4*02
1776370260.245,$GPGSV,2,1,08,08,33,185,22,16,63,356,32,26,34,025,42,27,53,146,48,1*66
1776370260.246,$GPGSV,2,2,08,28,16,068,37,31,30,044,47,32,16,134,35,50,56,115,43,1*6B
1776370260.248,$GPGSV,2,1,08,03,41,261,15,04,32,332,16,08,33,185,17,26,34,025,41,6*6C
1776370260.250,$GPGSV,2,2,08,27,53,146,43,28,16,068,39,31,30,044,40,32,16,134,31,6*62
1776370260.251,$GPGSV,2,1,06,01,02,221,,02,05,194,,09,03,323,,40,36,259,,0*6E
1776370260.252,$GPGSV,2,2,06,40,36,259,,41,64,233,,0*69
1776370260.253,$GLGSV,2,1,08,68,24,153,37,69,76,146,52,70,47,335,25,73,27,269,22,1*78
1776370260.255,$GLGSV,2,2,08,79,11,027,37,80,40,336,26,82,09,117,23,,,,14,1*41
1776370260.255,$GLGSV,2,1,06,68,24,153,35,69,76,146,49,70,47,335,20,73,27,269,19,3*71
1776370260.256,$GLGSV,2,2,06,79,11,027,39,80,40,336,20,3*75
1776370260.256,$GLGSV,1,1,02,81,02,074,,83,04,165,,0*7E
1776370260.257,$GAGSV,2,1,07,02,75,331,31,03,66,057,50,05,28,120,46,08,35,336,15,2*77
1776370260.258,$GAGSV,2,2,07,25,27,031,43,30,37,233,20,32,56,356,33,2*43
1776370260.259,$GAGSV,2,1,06,02,75,331,21,03,66,057,46,05,28,120,43,25,27,031,44,7*7C
1776370260.259,$GAGSV,2,2,06,30,37,233,11,32,56,356,27,7*77
1776370260.260,$GAGSV,1,1,02,15,05,224,,34,07,177,,0*72
1776370260.261,$GBGSV,2,1,08,06,30,181,17,07,55,160,44,09,43,341,14,10,49,174,44,1*75
1776370260.262,$GBGSV,2,2,08,12,21,152,35,13,46,206,19,16,40,014,46,24,46,330,22,1*72
1776370260.263,$GBGSV,1,1,04,07,55,160,47,10,49,174,43,12,21,152,37,16,40,014,42,3*78
1776370260.264,$GBGSV,3,1,11,01,37,105,,02,66,235,,03,70,144,,04,21,101,,0*70
1776370260.265,$GBGSV,3,2,11,04,21,101,,05,41,258,,08,38,191,,11,02,198,,0*76
1776370260.266,$GBGSV,3,3,11,11,02,198,,14,61,303,,21,32,157,,0*46
1776370260.266,$GNGLL,1339.03180,N,10029.52114,E,201100.00,A,D*7B
1776370261.240,$GNRMC,201101.00,A,1339.03115,N,10029.52113,E,2.338,182.39,160426,0.53,W,D,V*4F
1776370261.242,$GNVTG,182.39,T,182.92,M,2.338,N,4.331,K,D*36
1776370261.244,$GNGGA,201101.00,1339.03115,N,10029.52113,E,2,12,0.83,0.3,M,-27.8,M,,0499*6D
1776370261.246,$GNGSA,A,3,32,16,27,26,28,31,08,,,,,,1.36,0.83,1.07,1*0F
1776370261.248,$GNGSA,A,3,79,70,73,80,69,68,,,,,,,1.36,0.83,1.07,2*0F
1776370261.251,$GNGSA,A,3,25,30,02,03,05,,,,,,,,1.36,0.83,1.07,3*0A
1776370261.253,$GNGSA,A,3,24,12,07,10,16,13,,,,,,,1.36,0.83,1.07,4*0B
1776370261.255,$GPGSV,2,1,08,08,33,185,21,16,63,356,28,26,34,025,43,27,53,146,46,1*61
1776370261.257,$GPGSV,2,2,08,28,16,068,38,31,30,044,45,42,70,217,27,50,56,115,42,1*61
1776370261.258,$GPGSV,2,1,08,03,41,261,16,04,32,332,17,08,33,185,19,26,34,025,40,6*61
1776370261.259,$GPGSV,2,2,08,27,53,146,45,28,16,068,36,31,30,044,40,32,16,134,32,6*68
1776370261.260,$GPGSV,2,1,05,01,02,221,,02,05,194,,09,03,323,,40,36,259,,0*6D
1776370261.261,$GPGSV,2,2,05,40,36,259,,0*5F
1776370261.262,$GLGSV,2,1,08,68,24,153,42,69,76,146,52,70,47,335,24,73,27,269,23,1*7A
1776370261.263,$GLGSV,2,2,08,79,11,027,32,80,40,336,25,82,09,117,22,,,,15,1*47
1776370261.264,$GLGSV,2,1,06,68,24,153,35,69,76,146,49,70,47,335,20,73,27,269,21,3*7A
1776370261.265,$GLGSV,2,2,06,79,11,027,35,80,40,336,21,3*78
1776370261.266,$GLGSV,1,1,02,81,02,074,,83,04,165,,0*7E
1776370261.267,$GAGSV,2,1,07,02,75,331,26,03,66,057,52,05,28,120,45,08,35,336,18,2*7D
1776370261.268,$GAGSV,2,2,07,25,27,031,43,30,37,233,21,32,56,356,29,2*49
1776370261.269,$GAGSV,2,1,06,02,75,331,20,03,66,057,45,05,28,120,42,25,27,031,42,7*79
1776370261.269,$GAGSV,2,2,06,30,37,233,12,32,56,356,26,7*75
1776370261.270,$GAGSV,1,1,02,15,05,224,,34,07,177,,0*72
1776370261.271,$GBGSV,2,1,08,06,30,181,19,07,55,160,42,09,43,341,15,10,49,174,44,1*7C
1776370261.271,$GBGSV,2,2,08,12,21,152,34,13,46,206,20,16,40,014,45,24,46,330,22,1*7A
1776370261.272,$GBGSV,1,1,04,07,55,160,48,10,49,174,44,12,21,152,37,16,40,014,45,3*77
1776370261.273,$GBGSV,3,1,11,01,37,105,,02,66,235,,03,70,144,,04,21,101,,0*70
1776370261.273,$GBGSV,3,2,11,04,21,101,,05,41,258,,08,38,191,,11,02,198,,0*76
1776370261.274,$GBGSV,3,3,11,11,02,198,,14,61,303,,21,32,157,,0*46
1776370261.274,$GNGLL,1339.03115,N,10029.52113,E,201101.00,A,D*71
1776370262.242,$GNRMC,201102.00,A,1339.03049,N,10029.52110,E,2.388,181.82,160426,0.53,W,D,V*4F
1776370262.244,$GNVTG,181.82,T,182.35,M,2.388,N,4.422,K,D*36
1776370262.247,$GNGGA,201102.00,1339.03049,N,10029.52110,E,2,12,1.04,0.3,M,-27.8,M,,0499*6B
1776370262.248,$GNGSA,A,3,32,16,27,26,28,31,08,,,,,,1.54,1.04,1.14,1*07
1776370262.250,$GNGSA,A,3,79,70,73,80,69,68,,,,,,,1.54,1.04,1.14,2*07
1776370262.252,$GNGSA,A,3,25,02,03,05,,,,,,,,,1.54,1.04,1.14,3*01
1776370262.253,$GNGSA,A,3,24,12,06,07,10,16,13,,,,,,1.54,1.04,1.14,4*05
1776370262.255,$GPGSV,3,1,09,08,33,185,20,16,63,356,28,26,34,025,42,27,53,146,40,1*67
1776370262.257,$GPGSV,3,2,09,28,16,068,43,31,30,044,43,32,16,134,34,42,70,217,28,1*66
1776370262.259,$GPGSV,3,3,09,50,56,115,43,1*59
1776370262.261,$GPGSV,2,1,08,03,41,261,15,04,32,332,17,08,33,185,20,26,34,025,40,6*68
1776370262.263,$GPGSV,2,2,08,27,53,146,42,28,16,068,38,31,30,044,40,32,16,134,23,6*61
1776370262.265,$GPGSV,2,1,05,01,02,221,,02,05,194,,09,03,323,,40,36,259,,0*6D
1776370262.266,$GPGSV,2,2,05,40,36,259,,0*5F
1776370262.267,$GLGSV,2,1,08,68,23,154,41,69,76,146,52,70,47,335,24,73,27,269,23,1*79
1776370262.269,$GLGSV,2,2,08,79,11,027,38,80,40,336,25,82,09,117,22,,,,14,1*4C
1776370262.270,$GLGSV,2,1,06,68,23,154,34,69,76,146,50,70,47,335,21,73,27,269,21,3*72
1776370262.271,$GLGSV,2,2,06,79,11,027,36,80,40,336,20,3*7A
1776370262.272,$GLGSV,1,1,02,81,02,074,,83,04,165,,0*7E
1776370262.273,$GAGSV,2,1,07,02,75,331,26,03,66,057,52,05,28,120,46,08,35,336,19,2*7F
1776370262.274,$GAGSV,2,2,07,25,27,031,43,30,37,233,19,32,56,356,33,2*49
1776370262.275,$GAGSV,2,1,06,02,75,331,20,03,66,057,45,05,28,120,42,25,27,031,42,7*79
1776370262.275,$GAGSV,2,2,06,30,37,233,15,32,56,356,32,7*77
1776370262.276,$GAGSV,1,1,02,15,05,224,,34,07,177,,0*72
1776370262.277,$GBGSV,2,1,08,06,30,181,20,07,55,160,42,09,43,341,17,10,49,174,43,1*73
1776370262.278,$GBGSV,2,2,08,12,21,152,37,13,46,206,20,16,40,014,44,24,46,330,24,1*7E
1776370262.278,$GBGSV,1,1,04,07,55,160,47,10,49,174,43,12,21,152,38,16,40,014,45,3*70
1776370262.279,$GBGSV,3,1,11,01,37,105,,02,66,235,,03,70,144,,04,21,101,,0*70
1776370262.280,$GBGSV,3,2,11,04,21,101,,05,41,258,,08,38,191,,11,02,198,,0*76
1776370262.280,$GBGSV,3,3,11,11,02,198,,14,61,303,,21,32,157,,0*46
1776370262.281,$GNGLL,1339.03049,N,10029.52110,E,201102.00,A,D*79
1776370263.241,$GNRMC,201103.00,A,1339.02982,N,10029.52112,E,2.331,180.09,160426,0.53,W,D,V*43
1776370263.243,$GNVTG,180.09,T,180.62,M,2.331,N,4.316,K,D*36
1776370263.245,$GNGGA,201103.00,1339.02982,N,10029.52112,E,2,12,0.72,0.4,M,-27.8,M,,0499*60
1776370263.247,$GNGSA,A,3,32,16,27,26,28,31,08,,,,,,1.26,0.72,1.03,1*04
1776370263.248,$GNGSA,A,3,79,70,73,80,69,68,,,,,,,1.26,0.72,1.03,2*04
1776370263.250,$GNGSA,A,3,25,08,30,02,03,05,,,,,,,1.26,0.72,1.03,3*09
1776370263.251,$GNGSA,A,3,24,12,07,10,16,13,,,,,,,1.26,0.72,1.03,4*00
1776370263.253,$GPGSV,3,1,09,08,33,185,19,16,63,356,33,26,34,025,40,27,53,146,41,1*64
1776370263.255,$GPGSV,3,2,09,28,16,068,40,31,30,044,44,32,16,134,29,42,70,217,28,1*6E
1776370263.257,$GPGSV,3,3,09,50,56,115,44,1*5E
1776370263.259,$GPGSV,2,1,08,03,41,261,13,04,32,332,17,08,33,185,20,26,34,025,39,6*60
1776370263.261,$GPGSV,2,2,08,27,53,146,42,28,16,068,35,31,30,044,36,32,16,134,22,6*6C
1776370263.263,$GPGSV,2,1,05,01,02,221,,02,05,194,,09,03,323,,40,36,259,,0*6D
1776370263.264,$GPGSV,2,2,05,40,36,259,,0*5F
1776370263.267,$GLGSV,2,1,08,68,23,154,40,69,74,149,51,70,47,335,22,73,27,269,25,1*76
1776370263.269,$GLGSV,2,2,08,79,11,027,42,80,40,336,25,82,09,117,23,,,,16,1*42
1776370263.270,$GLGSV,2,1,06,68,23,154,31,69,74,149,49,70,47,335,22,73,27,269,21,3*71
1776370263.272,$GLGSV,2,2,06,79,11,027,37,80,40,336,23,3*78
1776370263.272,$GLGSV,1,1,02,81,02,074,,83,04,165,,0*7E
1776370263.274,$GAGSV,2,1,07,02,75,331,27,03,66,057,52,05,28,120,47,08,35,336,20,2*75
1776370263.275,$GAGSV,2,2,07,25,27,031,43,30,37,233,20,32,56,356,33,2*43
1776370263.276,$GAGSV,2,1,06,02,75,331,21,03,66,057,45,05,28,120,42,25,27,031,40,7*7A
1776370263.277,$GAGSV,2,2,06,30,37,233,18,32,56,356,28,7*71
1776370263.278,$GAGSV,1,1,02,15,05,224,,34,07,177,,0*72
1776370263.279,$GBGSV,2,1,08,06,30,181,19,07,55,160,44,09,43,341,18,10,49,174,42,1*71
1776370263.280,$GBGSV,2,2,08,12,21,152,30,13,46,206,21,16,40,014,43,24,46,330,24,1*7F
1776370263.281,$GBGSV,1,1,04,07,55,160,49,10,49,174,45,12,21,152,39,16,40,014,45,3*79
1776370263.281,$GBGSV,3,1,11,01,37,105,,02,66,235,,03,70,144,,04,21,101,,0*70
1776370263.282,$GBGSV,3,2,11,04,21,101,,05,41,258,,08,38,191,,11,02,198,,0*76
1776370263.283,$GBGSV,3,3,11,11,02,198,,14,61,303,,21,32,157,,0*46
1776370263.283,$GNGLL,1339.02982,N,10029.52112,E,201103.00,A,D*75
1776370264.236,$GNRMC,201104.00,A,1339.02914,N,10029.52112,E,2.561,178.52,160426,0.53,W,D,V*41
1776370264.238,$GNVTG,178.52,T,179.05,M,2.561,N,4.744,K,D*38
1776370264.241,$GNGGA,201104.00,1339.02914,N,10029.52112,E,2,12,0.80,0.4,M,-27.8,M,,0499*65
1776370264.243,$GNGSA,A,3,32,16,27,26,28,31,08,,,,,,1.33,0.80,1.06,1*08
1776370264.244,$GNGSA,A,3,79,70,73,80,69,68,,,,,,,1.33,0.80,1.06,2*08
1776370264.246,$GNGSA,A,3,25,30,02,03,05,,,,,,,,1.33,0.80,1.06,3*0D
1776370264.248,$GNGSA,A,3,24,12,07,10,16,13,,,,,,,1.33,0.80,1.06,4*0C
1776370264.249,$GPGSV,3,1,09,08,33,185,19,16,63,356,34,26,34,025,43,27,53,146,39,1*6F
1776370264.252,$GPGSV,3,2,09,28,16,068,39,31,30,044,45,32,16,134,29,42,70,217,28,1*61
1776370264.253,$GPGSV,3,3,09,50,56,115,42,1*58
1776370264.256,$GPGSV,2,1,08,03,41,261,14,04,32,332,18,08,33,185,20,26,34,025,41,6*67
1776370264.259,$GPGSV,2,2,08,27,53,146,40,28,16,068,36,31,30,044,41,32,16,134,21,6*6E
1776370264.260,$GPGSV,2,1,05,01,02,221,,02,05,194,,09,03,323,,40,36,259,,0*6D
1776370264.261,$GPGSV,2,2,05,40,36,259,,0*5F
1776370264.262,$GLGSV,2,1,08,68,23,154,35,69,74,149,52,70,49,334,30,73,27,269,24,1*7A
1776370264.264,$GLGSV,2,2,08,79,11,027,43,80,40,336,25,82,09,117,23,,,,16,1*43
1776370264.265,$GLGSV,2,1,06,68,23,154,30,69,74,149,48,70,49,334,23,73,27,269,21,3*7F
1776370264.267,$GLGSV,2,2,06,79,11,027,37,80,40,336,23,3*78
1776370264.268,$GLGSV,1,1,02,81,02,074,,83,04,165,,0*7E
1776370264.269,$GAGSV,2,1,07,02,75,331,27,03,66,057,53,05,28,120,46,08,35,336,19,2*7F
1776370264.271,$GAGSV,2,2,07,25,27,031,45,30,37,233,21,32,56,356,29,2*4F
1776370264.272,$GAGSV,2,1,06,02,75,331,21,03,66,057,45,05,28,120,39,25,27,031,40,7*76
1776370264.273,$GAGSV,2,2,06,30,37,233,17,32,56,356,27,7*71
1776370264.273,$GAGSV,1,1,02,15,05,224,,34,07,177,,0*72
1776370264.274,$GBGSV,2,1,08,06,30,181,18,07,55,160,43,09,43,341,18,10,49,174,43,1*76
1776370264.275,$GBGSV,2,2,08,12,21,152,30,13,46,206,20,16,40,014,42,24,46,330,24,1*7F
1776370264.276,$GBGSV,1,1,04,07,55,160,48,10,49,174,43,12,21,152,30,16,40,014,45,3*77
1776370264.277,$GBGSV,3,1,11,01,37,105,,02,66,235,,03,70,144,,04,21,101,,0*70
1776370264.278,$GBGSV,3,2,11,04,21,101,,05,41,258,,08,38,191,,11,02,198,,0*76
1776370264.278,$GBGSV,3,3,11,11,02,198,,14,61,303,,21,32,157,,0*46
1776370264.279,$GNGLL,1339.02914,N,10029.52112,E,201104.00,A,D*7D
1776370265.240,$GNRMC,201105.00,A,1339.02839,N,10029.52112,E,2.751,181.30,160426,0.53,W,D,V*4D
1776370265.242,$GNVTG,181.30,T,181.83,M,2.751,N,5.095,K,D*38
1776370265.245,$GNGGA,201105.00,1339.02839,N,10029.52112,E,2,12,0.74,0.4,M,-27.8,M,,0499*61
1776370265.246,$GNGSA,A,3,32,16,27,26,28,31,,,,,,,1.28,0.74,1.05,1*02
1776370265.247,$GNGSA,A,3,79,70,73,80,69,68,,,,,,,1.28,0.74,1.05,2*0A
1776370265.248,$GNGSA,A,3,25,08,30,02,03,05,,,,,,,1.28,0.74,1.05,3*07
1776370265.249,$GNGSA,A,3,24,12,07,10,16,13,,,,,,,1.28,0.74,1.05,4*0E
1776370265.250,$GPGSV,2,1,08,08,33,185,18,16,63,356,34,26,34,025,42,27,53,146,47,1*66
1776370265.252,$GPGSV,2,2,08,28,16,068,41,31,30,044,45,42,70,217,28,50,56,115,42,1*60
1776370265.253,$GPGSV,2,1,08,03,41,261,13,04,32,332,19,08,33,185,18,26,34,025,40,6*6B
1776370265.255,$GPGSV,2,2,08,27,53,146,42,28,16,068,37,31,30,044,39,32,16,134,21,6*62
1776370265.256,$GPGSV,2,1,05,01,02,221,,02,05,194,,09,03,323,,40,36,259,,0*6D
1776370265.257,$GPGSV,2,2,05,40,36,259,,0*5F
1776370265.259,$GLGSV,2,1,08,68,23,154,37,69,74,149,52,70,49,334,23,73,27,269,22,1*7C
1776370265.260,$GLGSV,2,2,08,79,11,027,40,80,40,336,25,82,09,117,24,,,,17,1*46
1776370265.261,$GLGSV,2,1,06,68,23,154,25,69,74,149,48,70,49,334,23,73,27,269,21,3*7B
1776370265.261,$GLGSV,2,2,06,79,11,027,34,80,40,336,23,3*7B
1776370265.262,$GLGSV,1,1,02,81,02,074,,83,04,165,,0*7E
1776370265.262,$GAGSV,2,1,07,02,75,331,28,03,66,057,52,05,28,120,39,08,35,336,21,2*72
1776370265.263,$GAGSV,2,2,07,25,27,031,45,30,37,233,22,32,56,356,31,2*45
1776370265.263,$GAGSV,2,1,06,02,75,331,21,03,66,057,46,05,28,120,31,25,27,031,42,7*7F
1776370265.264,$GAGSV,2,2,06,30,37,233,17,32,56,356,33,7*74
1776370265.265,$GAGSV,1,1,02,15,05,224,,34,07,177,,0*72
1776370265.265,$GBGSV,2,1,08,06,30,181,17,07,55,160,41,09,43,341,19,10,49,174,43,1*7A
1776370265.268,$GBGSV,2,2,08,12,21,152,22,13,46,206,21,16,40,014,44,24,46,330,25,1*7A
1776370265.269,$GBGSV,1,1,04,07,55,160,49,10,49,174,46,12,21,152,28,16,40,014,44,3*7B
1776370265.270,$GBGSV,3,1,11,01,37,105,,02,66,235,,03,70,144,,04,21,101,,0*70
1776370265.271,$GBGSV,3,2,11,04,21,101,,05,41,258,,08,38,191,,11,02,198,,0*76
1776370265.272,$GBGSV,3,3,11,11,02,198,,14,61,303,,21,32,157,,0*46
1776370265.273,$GNGLL,1339.02839,N,10029.52112,E,201105.00,A,D*72
1776370266.243,$GNRMC,201106.00,A,1339.02765,N,10029.52106,E,2.577,185.66,160426,0.53,W,D,V*4C
1776370266.245,$GNVTG,185.66,T,186.19,M,2.577,N,4.773,K,D*33
1776370266.247,$GNGGA,201106.00,1339.02765,N,10029.52106,E,2,12,0.66,0.4,M,-27.8,M,,0499*62
1776370266.249,$GNGSA,A,3,32,16,27,26,28,31,04,,,,,,1.22,0.66,1.02,1*08
1776370266.250,$GNGSA,A,3,79,70,73,80,69,68,,,,,,,1.22,0.66,1.02,2*04
1776370266.252,$GNGSA,A,3,25,08,30,02,03,05,,,,,,,1.22,0.66,1.02,3*09
1776370266.253,$GNGSA,A,3,09,24,12,07,10,16,13,,,,,,1.22,0.66,1.02,4*09
1776370266.255,$GPGSV,2,1,08,08,33,185,19,16,63,356,34,26,34,025,42,27,53,146,50,1*61
1776370266.258,$GPGSV,2,2,08,28,16,068,40,31,30,044,44,42,70,217,27,50,56,115,41,1*6C
1776370266.260,$GPGSV,2,1,08,03,41,261,12,04,32,332,21,08,33,185,17,26,34,025,42,6*6C
1776370266.262,$GPGSV,2,2,08,27,53,146,47,28,16,068,40,31,30,044,37,32,16,134,22,6*6A
1776370266.264,$GPGSV,2,1,05,01,02,221,,02,05,194,,09,03,323,,40,36,259,,0*6D
1776370266.266,$GPGSV,2,2,05,40,36,259,,0*5F
1776370266.268,$GLGSV,2,1,08,68,23,154,37,69,74,149,52,70,49,334,25,73,27,269,22,1*7A
1776370266.270,$GLGSV,2,2,08,79,11,027,36,80,40,336,24,82,09,117,23,,,,16,1*40
1776370266.271,$GLGSV,2,1,06,68,23,154,30,69,74,149,49,70,49,334,24,73,27,269,21,3*79
1776370266.272,$GLGSV,2,2,06,79,11,027,28,80,40,336,23,3*76
1776370266.273,$GLGSV,1,1,02,81,02,074,,83,04,165,,0*7E
1776370266.275,$GAGSV,2,1,07,02,75,331,27,03,66,057,51,05,28,120,39,08,35,336,21,2*7E
1776370266.275,$GAGSV,2,2,07,25,27,031,42,30,37,233,23,32,56,356,37,2*45
1776370266.277,$GAGSV,2,1,06,02,75,331,24,03,66,057,45,05,28,120,32,25,27,031,42,7*7A
1776370266.277,$GAGSV,2,2,06,30,37,233,16,32,56,356,32,7*74
1776370266.278,$GAGSV,1,1,02,15,05,224,,34,07,177,,0*72
1776370266.279,$GBGSV,2,1,08,06,30,181,19,07,55,160,44,09,43,341,20,10,49,174,44,1*7C
1776370266.280,$GBGSV,2,2,08,12,21,152,24,13,46,206,21,16,40,014,43,24,46,330,29,1*77
1776370266.281,$GBGSV,1,1,04,07,55,160,49,10,49,174,43,12,21,152,22,16,40,014,43,3*73
1776370266.282,$GBGSV,3,1,11,01,37,105,,02,66,235,,03,70,144,,04,21,101,,0*70
1776370266.282,$GBGSV,3,2,11,04,21,101,,05,41,258,,08,38,191,,11,02,198,,0*76
1776370266.283,$GBGSV,3,3,11,11,02,198,,14,61,303,,21,32,157,,0*46
1776370266.284,$GNGLL,1339.02765,N,10029.52106,E,201106.00,A,D*72
1776370267.242,$GNRMC,201107.00,A,1339.02692,N,10029.52102,E,2.618,181.64,160426,0.53,W,D,V*4C
1776370267.244,$GNVTG,181.64,T,182.17,M,2.618,N,4.849,K,D*33
1776370267.246,$GNGGA,201107.00,1339.02692,N,10029.52102,E,2,12,0.67,0.4,M,-27.8,M,,0499*6F
1776370267.248,$GNGSA,A,3,32,16,27,26,28,31,04,08,,,,,1.21,0.67,1.01,1*01
1776370267.249,$GNGSA,A,3,79,70,73,80,69,68,,,,,,,1.21,0.67,1.01,2*05
1776370267.251,$GNGSA,A,3,25,08,30,02,03,05,,,,,,,1.21,0.67,1.01,3*08
1776370267.253,$GNGSA,A,3,09,12,07,10,16,13,,,,,,,1.21,0.67,1.01,4*0E
1776370267.256,$GPGSV,2,1,08,08,33,185,20,16,63,356,35,26,34,025,43,27,53,146,49,1*63
1776370267.260,$GPGSV,2,2,08,28,16,068,41,31,30,044,43,42,70,217,28,50,56,115,40,1*64
1776370267.262,$GPGSV,2,1,08,03,41,261,12,04,32,332,21,08,33,185,15,26,34,025,41,6*6D
1776370267.264,$GPGSV,2,2,08,27,53,146,47,28,16,068,41,31,30,044,38,32,16,134,22,6*64
1776370267.266,$GPGSV,2,1,05,01,02,221,,02,05,194,,09,03,323,,40,36,259,,0*6D
1776370267.267,$GPGSV,2,2,05,40,36,259,,0*5F
1776370267.268,$GLGSV,2,1,08,68,23,154,31,69,74,149,52,70,49,334,26,73,27,271,22,1*76
1776370267.270,$GLGSV,2,2,08,79,11,027,42,80,40,336,24,82,09,117,22,,,,15,1*41
1776370267.272,$GLGSV,2,1,06,68,23,154,22,69,74,149,49,70,49,334,24,73,27,271,20,3*72
1776370267.272,$GLGSV,2,2,06,79,11,027,33,80,40,336,24,3*7B
1776370267.273,$GLGSV,1,1,02,81,02,074,,83,04,165,,0*7E
1776370267.274,$GAGSV,2,1,07,02,75,331,27,03,66,057,51,05,28,120,43,08,35,336,23,2*71
1776370267.275,$GAGSV,2,2,07,25,27,031,44,30,37,233,25,32,56,356,34,2*46
1776370267.276,$GAGSV,2,1,06,02,75,331,23,03,66,057,46,05,28,120,39,25,27,031,42,7*75
1776370267.276,$GAGSV,2,2,06,30,37,233,14,32,56,356,32,7*76
1776370267.277,$GAGSV,1,1,02,15,05,224,,34,07,177,,0*72
1776370267.278,$GBGSV,2,1,08,06,30,181,18,07,55,160,42,09,43,341,20,10,49,174,44,1*7B
1776370267.279,$GBGSV,2,2,08,12,21,152,22,13,46,206,20,16,40,014,45,24,46,330,15,1*79
1776370267.280,$GBGSV,1,1,04,07,55,160,48,10,49,174,44,12,21,152,22,16,40,014,43,3*75
1776370267.280,$GBGSV,3,1,11,01,37,105,,02,66,235,,03,70,144,,04,21,101,,0*70
1776370267.281,$GBGSV,3,2,11,04,21,101,,05,41,258,,08,38,191,,11,02,198,,0*76
1776370267.281,$GBGSV,3,3,11,11,02,198,,14,61,303,,21,32,157,,0*46
1776370267.282,$GNGLL,1339.02692,N,10029.52102,E,201107.00,A,D*7E
1776370268.244,$GNRMC,201108.00,A,1339.02620,N,10029.52101,E,2.551,181.43,160426,0.53,W,D,V*42
1776370268.245,$GNVTG,181.43,T,181.96,M,2.551,N,4.725,K,D*37
1776370268.247,$GNGGA,201108.00,1339.02620,N,10029.52101,E,2,12,0.65,0.5,M,-27.8,M,,0499*69
1776370268.250,$GNGSA,A,3,32,16,27,26,28,31,04,08,,,,,1.21,0.65,1.02,1*00
1776370268.251,$GNGSA,A,3,79,70,73,80,69,68,,,,,,,1.21,0.65,1.02,2*04
1776370268.253,$GNGSA,A,3,25,08,30,02,03,05,,,,,,,1.21,0.65,1.02,3*09
1776370268.255,$GNGSA,A,3,09,24,12,07,10,16,13,,,,,,1.21,0.65,1.02,4*09
1776370268.258,$GPGSV,2,1,08,08,33,185,20,16,63,356,31,26,34,025,43,27,53,146,49,1*67
1776370268.262,$GPGSV,2,2,08,28,16,068,41,31,30,044,45,42,70,217,29,50,56,115,37,1*63
1776370268.264,$GPGSV,2,1,08,03,41,261,13,04,32,332,20,08,33,185,16,26,34,025,38,6*60
1776370268.267,$GPGSV,2,2,08,27,53,146,44,28,16,068,35,31,30,044,36,32,16,134,21,6*69
1776370268.269,$GPGSV,2,1,05,01,02,221,,02,05,194,,09,03,323,,40,36,259,,0*6D
1776370268.270,$GPGSV,2,2,05,40,36,259,,0*5F
1776370268.273,$GLGSV,2,1,08,68,23,154,30,69,74,149,53,70,49,334,28,73,27,271,23,1*79
1776370268.274,$GLGSV,2,2,08,79,11,027,39,80,40,336,24,82,09,117,21,,,,16,1*4D
1776370268.275,$GLGSV,2,1,06,68,23,154,29,69,74,149,49,70,49,334,25,73,27,271,21,3*79
1776370268.276,$GLGSV,2,2,06,79,11,027,32,80,40,336,24,3*7A
1776370268.277,$GLGSV,1,1,02,81,02,074,,83,04,165,,0*7E
1776370268.278,$GAGSV,2,1,07,02,75,331,27,03,66,057,52,05,28,120,47,08,35,336,22,2*77
1776370268.279,$GAGSV,2,2,07,25,27,031,45,30,37,233,24,32,56,356,35,2*47
1776370268.280,$GAGSV,2,1,06,02,75,331,22,03,66,057,45,05,28,120,41,25,27,031,42,7*78
1776370268.281,$GAGSV,2,2,06,30,37,233,14,32,56,356,32,7*76
1776370268.281,$GAGSV,1,1,02,15,05,224,,34,07,177,,0*72
1776370268.282,$GBGSV,2,1,08,06,30,181,19,07,55,160,41,09,43,341,20,10,49,174,44,1*79
1776370268.283,$GBGSV,2,2,08,12,21,152,22,13,46,206,21,16,40,014,45,24,46,330,28,1*76
1776370268.284,$GBGSV,1,1,04,07,55,160,48,10,49,174,45,12,21,152,31,16,40,014,42,3*77
1776370268.285,$GBGSV,3,1,11,01,37,105,,02,66,235,,03,70,144,,04,21,101,,0*70
1776370268.285,$GBGSV,3,2,11,04,21,101,,05,41,258,,08,38,191,,11,02,198,,0*76
1776370268.286,$GBGSV,3,3,11,11,02,198,,14,61,303,,21,32,157,,0*46
1776370268.286,$GNGLL,1339.02620,N,10029.52101,E,201108.00,A,D*7B
1776370269.241,$GNRMC,201109.00,A,1339.02547,N,10029.52098,E,2.572,183.59,160426,0.53,W,D,V*48
1776370269.244,$GNVTG,183.59,T,184.12,M,2.572,N,4.763,K,D*34
1776370269.247,$GNGGA,201109.00,1339.02547,N,10029.52098,E,2,12,0.65,0.5,M,-27.8,M,,0499*6B
1776370269.249,$GNGSA,A,3,32,16,27,26,28,31,04,,,,,,1.21,0.65,1.02,1*08
1776370269.251,$GNGSA,A,3,79,70,73,80,69,68,,,,,,,1.21,0.65,1.02,2*04
1776370269.253,$GNGSA,A,3,25,08,30,02,03,05,,,,,,,1.21,0.65,1.02,3*09
1776370269.255,$GNGSA,A,3,09,24,12,07,10,16,13,,,,,,1.21,0.65,1.02,4*09
1776370269.257,$GPGSV,2,1,07,08,33,185,19,16,63,356,32,26,34,025,43,27,53,146,48,1*60
1776370269.260,$GPGSV,2,2,07,28,16,068,44,31,30,044,43,50,56,115,42,1*53
1776370269.262,$GPGSV,2,1,08,03,41,261,13,04,32,332,20,08,33,185,19,26,34,025,40,6*60
1776370269.264,$GPGSV,2,2,08,27,53,146,46,28,16,068,33,31,30,044,40,32,16,134,20,6*6D
1776370269.265,$GPGSV,2,1,06,01,02,221,,02,05,194,,09,03,323,,40,36,259,,0*6E
1776370269.266,$GPGSV,2,2,06,40,36,259,,41,64,233,,0*69
1776370269.268,$GLGSV,2,1,08,68,23,154,28,69,74,149,52,70,49,334,29,73,27,271,24,1*77
1776370269.269,$GLGSV,2,2,08,79,11,027,42,80,40,336,30,82,09,117,20,,,,15,1*46
1776370269.270,$GLGSV,2,1,06,68,23,154,29,69,74,149,48,70,49,334,25,73,27,271,20,3*79
1776370269.271,$GLGSV,2,2,06,79,11,027,35,80,40,336,31,3*79
1776370269.272,$GLGSV,1,1,02,81,02,074,,83,04,165,,0*7E
1776370269.273,$GAGSV,2,1,07,02,75,331,27,03,66,057,52,05,28,120,45,08,35,336,23,2*74
1776370269.273,$GAGSV,2,2,07,25,27,031,43,30,37,233,31,32,56,356,31,2*41
1776370269.274,$GAGSV,2,1,06,02,75,331,22,03,66,057,47,05,28,120,39,25,27,031,41,7*76
1776370269.275,$GAGSV,2,2,06,30,37,233,14,32,56,356,35,7*71
1776370269.275,$GAGSV,1,1,02,15,05,224,,34,07,177,,0*72
1776370269.276,$GBGSV,2,1,08,06,30,181,19,07,55,160,43,09,43,341,20,10,49,174,43,1*7C
1776370269.277,$GBGSV,2,2,08,12,21,152,22,13,46,206,29,16,40,014,43,24,46,330,26,1*76
1776370269.277,$GBGSV,1,1,04,07,55,160,48,10,49,174,44,12,21,152,32,16,40,014,43,3*74
1776370269.278,$GBGSV,3,1,11,01,37,105,,02,66,235,,03,70,144,,04,21,101,,0*70
1776370269.278,$GBGSV,3,2,11,04,21,101,,05,41,258,,08,38,191,,11,02,198,,0*76
1776370269.279,$GBGSV,3,3,11,11,02,198,,14,61,303,,21,32,157,,0*46
1776370269.279,$GNGLL,1339.02547,N,10029.52098,E,201109.00,A,D*79
1776370270.240,$GNRMC,201110.00,A,1339.02474,N,10029.52097,E,2.692,183.26,160426,0.53,W,D,V*4B
1776370270.243,$GNVTG,183.26,T,183.79,M,2.692,N,4.985,K,D*3D
1776370270.245,$GNGGA,201110.00,1339.02474,N,10029.52097,E,2,12,0.64,0.5,M,-27.8,M,,0499*6C
1776370270.247,$GNGSA,A,3,16,27,26,28,31,04,08,,,,,,1.23,0.64,1.05,1*05
1776370270.249,$GNGSA,A,3,79,70,73,80,69,68,,,,,,,1.23,0.64,1.05,2*00
1776370270.252,$GNGSA,A,3,25,08,30,02,03,05,,,,,,,1.23,0.64,1.05,3*0D
1776370270.254,$GNGSA,A,3,09,24,12,07,10,16,13,,,,,,1.23,0.64,1.05,4*0D
1776370270.257,$GPGSV,2,1,07,08,33,185,20,16,63,356,34,26,34,025,41,27,53,146,49,1*6F
1776370270.261,$GPGSV,2,2,07,28,16,068,40,31,30,044,46,50,56,115,46,1*56
1776370270.263,$GPGSV,2,1,08,03,41,261,12,04,32,332,20,08,33,185,21,26,34,025,38,6*65
1776370270.266,$GPGSV,2,2,08,27,53,146,46,28,16,068,40,31,30,044,37,32,16,134,19,6*63
1776370270.268,$GPGSV,2,1,06,01,02,221,,02,05,194,,09,03,323,,40,36,259,,0*6E
1776370270.269,$GPGSV,2,2,06,40,36,259,,41,64,233,,0*69
1776370270.271,$GLGSV,2,1,08,68,23,154,17,69,74,149,51,70,49,334,28,73,27,271,30,1*7C
1776370270.272,$GLGSV,2,2,08,79,11,027,41,80,40,336,24,82,09,117,22,,,,17,1*40
1776370270.272,$GLGSV,2,1,06,68,23,154,22,69,74,149,48,70,49,334,31,73,27,271,23,3*74
1776370270.273,$GLGSV,2,2,06,79,11,027,34,80,40,336,26,3*7E
1776370270.274,$GLGSV,1,1,02,81,02,074,,83,04,165,,0*7E
1776370270.274,$GAGSV,2,1,07,02,75,331,31,03,66,057,52,05,28,120,43,08,35,336,23,2*75
1776370270.275,$GAGSV,2,2,07,25,27,031,44,30,37,233,25,32,56,356,34,2*46
1776370270.276,$GAGSV,2,1,06,02,75,331,24,03,66,057,46,05,28,120,35,25,27,031,40,7*7C
1776370270.276,$GAGSV,2,2,06,30,37,233,12,32,56,356,34,7*76
1776370270.277,$GAGSV,1,1,02,15,05,224,,34,07,177,,0*72
1776370270.277,$GBGSV,2,1,08,06,30,181,19,07,55,160,44,09,43,341,20,10,49,174,38,1*77
1776370270.278,$GBGSV,2,2,08,12,21,152,20,13,46,206,23,16,40,014,43,24,46,330,25,1*7D
1776370270.279,$GBGSV,1,1,04,07,55,160,50,10,49,174,40,12,21,152,24,16,40,014,45,3*78
1776370270.279,$GBGSV,3,1,11,01,37,105,,02,66,235,,03,70,144,,04,21,101,,0*70
1776370270.280,$GBGSV,3,2,11,04,21,101,,05,41,258,,08,38,191,,11,02,198,,0*76
1776370270.280,$GBGSV,3,3,11,11,02,198,,14,61,303,,21,32,157,,0*46
1776370270.281,$GNGLL,1339.02474,N,10029.52097,E,201110.00,A,D*7F
1776370271.242,$GNRMC,201111.00,A,1339.02402,N,10029.52089,E,2.481,189.56,160426,0.53,W,D,V*49
1776370271.245,$GNVTG,189.56,T,190.09,M,2.481,N,4.594,K,D*39
1776370271.246,$GNGGA,201111.00,1339.02402,N,10029.52089,E,2,12,0.63,0.4,M,-27.8,M,,0499*65
1776370271.247,$GNGSA,A,3,32,16,27,26,28,31,04,08,,,,,1.19,0.63,1.00,1*0F
1776370271.248,$GNGSA,A,3,79,70,73,80,69,68,,,,,,,1.19,0.63,1.00,2*0B
1776370271.249,$GNGSA,A,3,25,08,30,02,03,05,,,,,,,1.19,0.63,1.00,3*06
1776370271.251,$GNGSA,A,3,09,24,12,07,10,16,13,,,,,,1.19,0.63,1.00,4*06
1776370271.252,$GPGSV,2,1,07,08,33,185,20,16,63,356,31,26,34,025,41,27,53,146,46,1*65
1776370271.253,$GPGSV,2,2,07,28,16,068,39,31,30,044,44,50,56,115,39,1*52
1776370271.255,$GPGSV,2,1,08,03,41,261,10,04,32,332,21,08,33,185,24,26,34,025,41,6*6D
1776370271.257,$GPGSV,2,2,08,27,53,146,46,28,16,068,40,31,30,044,36,32,16,134,20,6*68
1776370271.259,$GPGSV,2,1,06,01,02,221,,02,05,194,,09,03,323,,40,36,259,,0*6E
1776370271.261,$GPGSV,2,2,06,40,36,259,,41,64,233,,0*69
1776370271.263,$GLGSV,2,1,08,68,23,154,27,69,74,149,52,70,49,334,29,73,27,271,25,1*79
1776370271.265,$GLGSV,2,2,08,79,11,027,44,80,40,336,35,82,09,117,22,,,,18,1*4A
1776370271.268,$GLGSV,2,1,06,68,23,154,24,69,74,149,48,70,49,334,26,73,27,271,23,3*74
1776370271.269,$GLGSV,2,2,06,79,11,027,37,80,40,336,27,3*7C
1776370271.270,$GLGSV,1,1,02,81,02,074,,83,04,165,,0*7E
1776370271.271,$GAGSV,2,1,07,02,75,331,26,03,66,057,53,05,28,120,39,08,35,336,24,2*78
1776370271.272,$GAGSV,2,2,07,25,27,031,42,30,37,233,30,32,56,356,30,2*40
1776370271.273,$GAGSV,2,1,07,02,75,331,25,03,66,057,46,05,28,120,36,08,35,336,26,7*77
1776370271.274,$GAGSV,2,2,07,25,27,031,41,30,37,233,12,32,56,356,33,7*45
1776370271.275,$GAGSV,1,1,02,15,05,224,,34,07,177,,0*72
1776370271.276,$GBGSV,2,1,08,06,30,181,19,07,55,160,44,09,43,341,21,10,49,174,38,1*76
1776370271.276,$GBGSV,2,2,08,12,21,152,19,13,46,206,34,16,40,014,43,24,46,330,26,1*72
1776370271.277,$GBGSV,1,1,04,07,55,160,48,10,49,174,38,12,21,152,24,16,40,014,45,3*7E
1776370271.278,$GBGSV,3,1,11,01,37,105,,02,66,235,,03,70,144,,04,21,101,,0*70
1776370271.278,$GBGSV,3,2,11,04,21,101,,05,41,258,,08,38,191,,11,02,198,,0*76
1776370271.279,$GBGSV,3,3,11,11,02,198,,14,61,303,,21,32,157,,0*46
1776370271.279,$GNGLL,1339.02402,N,10029.52089,E,201111.00,A,D*70
1776370272.240,$GNRMC,201112.00,A,1339.02333,N,10029.52080,E,2.550,191.86,160426,0.53,W,D,V*4F
1776370272.240,$GNVTG,191.86,T,192.39,M,2.550,N,4.722,K,D*3E
1776370272.241,$GNGGA,201112.00,1339.02333,N,10029.52080,E,2,12,0.65,0.4,M,-27.8,M,,0499*6C
1776370272.242,$GNGSA,A,3,32,16,27,26,28,31,04,08,,,,,1.20,0.65,1.01,1*02
1776370272.243,$GNGSA,A,3,79,70,73,80,69,68,,,,,,,1.20,0.65,1.01,2*06
1776370272.244,$GNGSA,A,3,25,08,30,02,03,05,,,,,,,1.20,0.65,1.01,3*0B
1776370272.245,$GNGSA,A,3,09,24,12,07,10,16,13,,,,,,1.20,0.65,1.01,4*0B
1776370272.246,$GPGSV,2,1,07,08,33,185,21,16,63,356,31,26,34,025,43,27,53,146,48,1*68
1776370272.247,$GPGSV,2,2,07,28,16,068,36,31,30,044,43,50,56,115,39,1*5A
1776370272.248,$GPGSV,2,1,08,03,41,261,14,04,32,332,23,08,33,185,22,26,34,025,40,6*6C
1776370272.249,$GPGSV,2,2,08,27,53,146,43,28,16,068,26,31,30,044,39,32,16,134,20,6*62
1776370272.250,$GPGSV,2,1,06,01,02,221,,02,05,194,,09,03,323,,40,36,259,,0*6E
1776370272.251,$GPGSV,2,2,06,40,36,259,,41,64,233,,0*69
1776370272.252,$GLGSV,2,1,08,68,23,154,27,69,74,149,53,70,49,334,33,73,27,271,26,1*70
1776370272.253,$GLGSV,2,2,08,79,11,027,41,80,40,336,30,82,09,117,21,,,,18,1*49
1776370272.256,$GLGSV,2,1,06,68,23,154,22,69,74,149,49,70,49,334,24,73,27,271,25,3*77
1776370272.257,$GLGSV,2,2,06,79,11,027,32,80,40,336,25,3*7B
1776370272.258,$GLGSV,1,1,02,81,02,074,,83,04,165,,0*7E
1776370272.259,$GAGSV,2,1,07,02,75,331,27,03,66,057,51,05,28,120,42,08,35,336,25,2*76
1776370272.260,$GAGSV,2,2,07,25,27,031,41,30,37,233,29,32,56,356,34,2*4F
1776370272.262,$GAGSV,2,1,07,02,75,331,24,03,66,057,45,05,28,120,41,08,35,336,24,7*77
1776370272.263,$GAGSV,2,2,07,25,27,031,42,30,37,233,16,32,56,356,33,7*42
1776370272.263,$GAGSV,1,1,02,15,05,224,,34,07,177,,0*72
1776370272.265,$GBGSV,2,1,08,06,30,181,17,07,55,160,44,09,43,341,30,10,49,174,35,1*75
1776370272.266,$GBGSV,2,2,08,12,21,152,19,13,46,206,31,16,40,014,43,24,46,330,30,1*70
1776370272.267,$GBGSV,1,1,04,07,55,160,47,10,49,174,29,12,21,152,24,16,40,014,45,3*71
1776370272.268,$GBGSV,3,1,11,01,37,105,,02,66,235,,03,70,144,,04,21,101,,0*70
1776370272.271,$GBGSV,3,2,11,04,21,101,,05,41,258,,08,38,191,,11,02,198,,0*76
1776370272.271,$GBGSV,3,3,11,11,02,198,,14,61,303,,21,32,157,,0*46
1776370272.273,$GNGLL,1339.02333,N,10029.52080,E,201112.00,A,D*7F
1776370273.235,$GNRMC,201113.00,A,1339.02267,N,10029.52082,E,2.214,170.12,160426,0.53,W,D,V*49
1776370273.237,$GNVTG,170.12,T,170.65,M,2.214,N,4.101,K,D*39
1776370273.238,$GNGGA,201113.00,1339.02267,N,10029.52082,E,2,12,0.58,0.5,M,-27.8,M,,0499*60
1776370273.239,$GNGSA,A,3,32,16,27,26,28,31,04,08,,,,,1.11,0.58,0.95,1*02
1776370273.239,$GNGSA,A,3,79,70,73,80,69,68,,,,,,,1.11,0.58,0.95,2*06
1776370273.239,$GNGSA,A,3,25,08,30,02,03,05,,,,,,,1.11,0.58,0.95,3*0B
1776370273.240,$GNGSA,A,3,09,24,12,07,10,16,13,,,,,,1.11,0.58,0.95,4*0B
1776370273.240,$GPGSV,2,1,08,03,41,261,28,08,33,185,20,16,63,356,35,26,34,025,43,1*67
1776370273.241,$GPGSV,2,2,08,27,53,146,50,28,16,068,41,31,30,044,40,50,56,115,44,1*69
1776370273.242,$GPGSV,2,1,08,03,41,261,17,04,32,332,24,08,33,185,19,26,34,025,41,6*61
1776370273.242,$GPGSV,2,2,08,27,53,146,44,28,16,068,38,31,30,044,41,32,16,134,20,6*65
1776370273.243,$GPGSV,2,1,06,01,02,221,,02,05,194,,09,03,323,,40,36,259,,0*6E
1776370273.243,$GPGSV,2,2,06,40,36,259,,41,64,233,,0*69
1776370273.244,$GLGSV,2,1,08,68,23,154,26,69,74,149,50,70,49,334,38,73,27,271,32,1*7C
1776370273.244,$GLGSV,2,2,08,79,11,027,42,80,40,336,30,82,09,117,20,,,,19,1*4A
1776370273.245,$GLGSV,2,1,06,68,23,154,23,69,74,149,48,70,49,334,31,73,27,271,25,3*73
1776370273.245,$GLGSV,2,2,06,79,11,027,35,80,40,336,31,3*79
1776370273.246,$GLGSV,1,1,02,81,02,074,,83,04,165,,0*7E
1776370273.246,$GAGSV,2,1,07,02,75,331,32,03,66,057,50,05,28,120,47,08,35,336,25,2*76
1776370273.247,$GAGSV,2,2,07,25,27,031,41,30,37,233,29,32,56,356,34,2*4F
1776370273.247,$GAGSV,2,1,07,02,75,331,23,03,66,057,45,05,28,120,41,08,35,336,22,7*76
1776370273.248,$GAGSV,2,2,07,25,27,031,41,30,37,233,25,32,56,356,32,7*40
1776370273.248,$GAGSV,1,1,02,15,05,224,,34,07,177,,0*72
1776370273.249,$GBGSV,2,1,08,06,30,181,19,07,55,160,44,09,43,341,29,10,49,174,26,1*71
1776370273.249,$GBGSV,2,2,08,12,21,152,19,13,46,206,24,16,40,014,43,24,46,330,24,1*71
1776370273.250,$GBGSV,1,1,04,07,55,160,46,10,49,174,29,12,21,152,23,16,40,014,45,3*77
1776370273.251,$GBGSV,3,1,11,01,37,105,,02,66,235,,03,70,144,,04,21,101,,0*70
1776370273.252,$GBGSV,3,2,11,04,21,101,,05,41,258,,08,38,191,,11,02,198,,0*76
1776370273.253,$GBGSV,3,3,11,11,02,198,,14,61,303,,21,32,157,,0*46
1776370273.253,$GNGLL,1339.02267,N,10029.52082,E,201113.00,A,D*7C
1776370274.244,$GNRMC,201114.00,A,1339.02207,N,10029.52092,E,2.081,181.81,160426,0.53,W,D,V*43
1776370274.246,$GNVTG,181.81,T,182.34,M,2.081,N,3.854,K,D*34
1776370274.248,$GNGGA,201114.00,1339.02207,N,10029.52092,E,2,12,0.61,0.6,M,-27.8,M,,0499*69
1776370274.249,$GNGSA,A,3,16,27,26,28,31,04,03,,,,,,1.21,0.61,1.05,1*09
1776370274.251,$GNGSA,A,3,79,70,73,80,69,68,,,,,,,1.21,0.61,1.05,2*07
1776370274.252,$GNGSA,A,3,25,08,30,02,03,05,,,,,,,1.21,0.61,1.05,3*0A
1776370274.254,$GNGSA,A,3,09,24,12,07,10,16,13,,,,,,1.21,0.61,1.05,4*0A
1776370274.256,$GPGSV,2,1,08,03,41,261,35,16,63,356,37,26,34,025,43,27,53,146,48,1*63
1776370274.258,$GPGSV,2,2,08,28,16,068,40,31,30,044,39,42,70,217,47,50,56,115,43,1*62
1776370274.260,$GPGSV,2,1,08,03,41,261,18,04,32,332,23,08,33,185,17,26,34,025,42,6*64
1776370274.263,$GPGSV,2,2,08,27,53,146,47,28,16,068,39,31,30,044,33,32,16,134,19,6*68
1776370274.265,$GPGSV,2,1,05,01,02,221,,02,05,194,,09,03,323,,40,36,259,,0*6D
1776370274.266,$GPGSV,2,2,05,40,36,259,,0*5F
1776370274.268,$GLGSV,2,1,08,68,23,154,27,69,74,149,49,70,49,334,38,73,27,271,36,1*71
1776370274.270,$GLGSV,2,2,08,79,11,027,46,80,40,338,36,82,09,117,20,,,,20,1*4C
1776370274.272,$GLGSV,2,1,06,68,23,154,22,69,74,149,45,70,49,334,26,73,27,271,31,3*7C
1776370274.273,$GLGSV,2,2,06,79,11,027,36,80,40,338,31,3*74
1776370274.274,$GLGSV,1,1,02,81,02,074,,83,04,165,,0*7E
1776370274.275,$GAGSV,2,1,07,02,75,331,27,03,66,057,51,05,28,120,45,08,35,336,24,2*70
1776370274.276,$GAGSV,2,2,07,25,27,031,45,30,37,233,33,32,56,356,36,2*42
1776370274.277,$GAGSV,2,1,05,03,66,057,45,05,28,120,42,25,27,031,42,30,37,233,25,7*7B
1776370274.278,$GAGSV,2,2,05,32,56,356,31,7*46
1776370274.278,$GAGSV,1,1,02,15,05,224,,34,07,177,,0*72
1776370274.280,$GBGSV,2,1,08,06,30,181,18,07,55,160,42,09,43,341,26,10,49,174,24,1*7B
1776370274.281,$GBGSV,2,2,08,12,21,152,20,13,46,206,25,16,40,014,42,24,46,330,29,1*76
1776370274.281,$GBGSV,2,1,05,07,55,160,46,09,43,341,28,10,49,174,29,12,21,152,22,3*71
1776370274.282,$GBGSV,2,2,05,16,40,014,44,3*47
1776370274.283,$GBGSV,3,1,11,01,37,105,,02,66,235,,03,70,144,,04,21,101,,0*70
1776370274.283,$GBGSV,3,2,11,04,21,101,,05,41,258,,08,38,191,,11,02,198,,0*76
1776370274.284,$GBGSV,3,3,11,11,02,198,,14,61,303,,21,32,157,,0*46
1776370274.285,$GNGLL,1339.02207,N,10029.52092,E,201114.00,A,D*7C
1776370275.244,$GNRMC,201115.00,A,1339.02151,N,10029.52099,E,1.927,176.03,160426,0.53,W,D,V*4D
1776370275.246,$GNVTG,176.03,T,176.56,M,1.927,N,3.569,K,D*3C
1776370275.249,$GNGGA,201115.00,1339.02151,N,10029.52099,E,2,12,0.57,0.7,M,-27.8,M,,0499*67
1776370275.250,$GNGSA,A,3,16,27,26,28,31,04,03,,,,,,1.15,0.57,1.00,1*0E
1776370275.252,$GNGSA,A,3,79,70,73,80,69,68,,,,,,,1.15,0.57,1.00,2*00
1776370275.254,$GNGSA,A,3,25,08,30,02,03,05,,,,,,,1.15,0.57,1.00,3*0D
1776370275.255,$GNGSA,A,3,09,24,12,07,10,16,13,,,,,,1.15,0.57,1.00,4*0D
1776370275.257,$GPGSV,3,1,09,03,41,261,33,08,33,185,18,16,63,356,34,26,34,025,43,1*67
1776370275.259,$GPGSV,3,2,09,27,53,146,46,28,16,068,41,31,30,044,39,42,70,217,46,1*64
1776370275.261,$GPGSV,3,3,09,50,56,115,43,1*59
1776370275.261,$GPGSV,2,1,08,03,41,261,22,04,32,332,22,08,33,185,17,26,34,025,42,6*6C
1776370275.262,$GPGSV,2,2,08,27,53,146,44,28,16,068,42,31,30,044,38,32,16,134,18,6*6D
1776370275.263,$GPGSV,2,1,05,01,02,221,,02,05,194,,09,03,323,,40,36,259,,0*6D
1776370275.263,$GPGSV,2,2,05,40,36,259,,0*5F
1776370275.264,$GLGSV,2,1,08,68,23,154,26,69,74,149,50,70,49,334,30,73,27,271,44,1*75
1776370275.265,$GLGSV,2,2,08,79,11,027,44,80,40,338,28,82,09,117,20,,,,20,1*41
1776370275.265,$GLGSV,2,1,06,68,23,154,22,69,74,149,47,70,49,334,31,73,27,271,41,3*7F
1776370275.266,$GLGSV,2,2,06,79,11,027,35,80,40,338,25,3*72
1776370275.266,$GLGSV,1,1,02,81,03,073,,83,04,165,,0*78
1776370275.267,$GAGSV,2,1,07,02,75,331,32,03,66,057,51,05,28,120,41,08,35,336,23,2*77
1776370275.268,$GAGSV,2,2,07,25,27,031,40,30,37,233,28,32,56,356,36,2*4D
1776370275.268,$GAGSV,2,1,07,02,75,331,24,03,66,057,45,05,28,120,40,08,35,336,25,7*77
1776370275.269,$GAGSV,2,2,07,25,27,031,41,30,37,233,24,32,56,356,35,7*46
1776370275.269,$GAGSV,1,1,02,15,05,224,,34,07,177,,0*72
1776370275.270,$GBGSV,2,1,08,06,30,181,17,07,55,160,41,09,43,341,24,10,49,174,24,1*75
1776370275.271,$GBGSV,2,2,08,12,21,152,20,13,46,206,26,16,40,014,40,24,46,330,32,1*7D
1776370275.271,$GBGSV,1,1,04,07,55,160,45,10,49,174,23,12,21,152,22,16,40,014,45,3*7F
1776370275.272,$GBGSV,3,1,11,01,37,105,,02,66,235,,03,70,144,,04,21,101,,0*70
1776370275.273,$GBGSV,3,2,11,04,21,101,,05,41,258,,08,38,191,,11,02,198,,0*76
1776370275.273,$GBGSV,3,3,11,11,02,198,,14,61,303,,21,32,157,,0*46
1776370275.274,$GNGLL,1339.02151,N,10029.52099,E,201115.00,A,D*76
1776370276.245,$GNRMC,201116.00,A,1339.02096,N,10029.52110,E,2.017,173.93,160426,0.53,W,D,V*41
1776370276.247,$GNVTG,173.93,T,174.46,M,2.017,N,3.735,K,D*31
1776370276.248,$GNGGA,201116.00,1339.02096,N,10029.52110,E,2,12,0.54,0.8,M,-27.8,M,,0499*62
1776370276.249,$GNGSA,A,3,16,27,26,28,31,04,03,08,,,,,1.13,0.54,0.99,1*02
1776370276.249,$GNGSA,A,3,79,70,73,80,69,68,,,,,,,1.13,0.54,0.99,2*04
1776370276.249,$GNGSA,A,3,25,08,30,02,03,05,,,,,,,1.13,0.54,0.99,3*09
1776370276.250,$GNGSA,A,3,09,24,12,07,10,16,13,,,,,,1.13,0.54,0.99,4*09
1776370276.250,$GPGSV,3,1,09,03,41,261,32,08,33,185,16,16,63,356,38,26,34,025,42,1*65
1776370276.251,$GPGSV,3,2,09,27,53,146,47,28,16,068,33,31,30,044,36,42,70,217,49,1*60
1776370276.251,$GPGSV,3,3,09,50,56,115,41,1*5B
1776370276.252,$GPGSV,2,1,08,03,41,261,34,04,32,332,22,08,33,185,20,26,34,025,41,6*6C
1776370276.252,$GPGSV,2,2,08,27,53,146,44,28,16,068,36,31,30,044,34,32,16,134,18,6*62
1776370276.253,$GPGSV,2,1,05,01,02,221,,02,05,194,,09,03,323,,40,36,259,,0*6D
1776370276.253,$GPGSV,2,2,05,40,36,259,,0*5F
1776370276.254,$GLGSV,2,1,08,68,23,154,26,69,74,149,50,70,49,334,28,73,27,271,48,1*70
1776370276.254,$GLGSV,2,2,08,79,11,027,44,80,40,338,33,82,09,115,20,,,,20,1*49
1776370276.255,$GLGSV,2,1,06,68,23,154,21,69,74,149,47,70,49,334,31,73,27,271,44,3*79
1776370276.255,$GLGSV,2,2,06,79,11,027,36,80,40,338,30,3*75
1776370276.256,$GLGSV,1,1,02,81,03,073,,83,04,165,,0*78
1776370276.256,$GAGSV,2,1,07,02,75,331,39,03,66,057,51,05,28,120,43,08,35,336,22,2*7F
1776370276.257,$GAGSV,2,2,07,25,27,031,43,30,37,233,27,32,56,356,38,2*4F
1776370276.257,$GAGSV,2,1,06,02,75,331,31,03,66,057,45,05,28,120,43,25,27,031,42,7*78
1776370276.258,$GAGSV,2,2,06,30,37,233,22,32,56,356,35,7*74
1776370276.258,$GAGSV,1,1,02,15,05,224,,34,07,177,,0*72
1776370276.259,$GBGSV,2,1,08,06,30,181,17,07,55,160,41,09,43,341,25,10,49,174,25,1*75
1776370276.259,$GBGSV,2,2,08,12,21,152,20,13,46,206,25,16,40,014,43,24,46,330,32,1*7D
1776370276.260,$GBGSV,2,1,06,07,55,160,44,09,43,341,28,10,49,174,30,12,21,152,23,3*79
1776370276.260,$GBGSV,2,2,06,13,46,206,27,16,40,014,44,3*75
1776370276.261,$GBGSV,3,1,11,01,37,105,,02,66,235,,03,70,144,,04,21,101,,0*70
1776370276.261,$GBGSV,3,2,11,04,21,101,,05,41,258,,08,38,191,,11,02,198,,0*76
1776370276.262,$GBGSV,3,3,11,11,02,198,,14,61,303,,21,32,157,,0*46
1776370276.262,$GNGLL,1339.02096,N,10029.52110,E,201116.00,A,D*7F
1776370277.246,$GNRMC,201117.00,A,1339.02039,N,10029.52117,E,2.016,174.85,160426,0.53,W,D,V*43
1776370277.249,$GNVTG,174.85,T,175.38,M,2.016,N,3.734,K,D*39
1776370277.250,$GNGGA,201117.00,1339.02039,N,10029.52117,E,2,12,0.55,0.8,M,-27.8,M,,0499*60
1776370277.251,$GNGSA,A,3,16,27,26,28,31,04,03,08,,,,,1.12,0.55,0.98,1*03
1776370277.251,$GNGSA,A,3,79,70,73,80,69,68,,,,,,,1.12,0.55,0.98,2*05
1776370277.252,$GNGSA,A,3,25,08,30,02,03,05,,,,,,,1.12,0.55,0.98,3*08
1776370277.253,$GNGSA,A,3,09,24,12,07,10,16,13,,,,,,1.12,0.55,0.98,4*08
1776370277.254,$GPGSV,3,1,09,03,41,261,33,08,33,185,15,16,63,356,37,26,34,025,42,1*68
1776370277.255,$GPGSV,3,2,09,27,53,146,46,28,16,068,40,31,30,044,35,42,70,217,46,1*69
1776370277.255,$GPGSV,3,3,09,50,56,115,43,1*59
1776370277.256,$GPGSV,2,1,08,03,41,261,33,04,32,332,23,08,33,185,21,26,34,025,41,6*6B
1776370277.257,$GPGSV,2,2,08,27,53,146,46,28,16,068,35,31,30,044,34,32,16,134,17,6*6C
1776370277.258,$GPGSV,2,1,05,01,02,221,,02,05,194,,09,03,323,,40,36,259,,0*6D
1776370277.259,$GPGSV,2,2,05,40,36,259,,0*5F
1776370277.260,$GLGSV,2,1,08,68,23,154,25,69,74,149,51,70,49,334,35,73,27,271,46,1*70
1776370277.260,$GLGSV,2,2,08,79,11,027,43,80,40,338,34,82,09,115,20,,,,21,1*48
1776370277.261,$GLGSV,2,1,06,68,23,154,20,69,74,149,46,70,49,334,30,73,27,271,44,3*78
1776370277.262,$GLGSV,2,2,06,79,11,027,27,80,40,338,31,3*74
1776370277.263,$GLGSV,1,1,02,81,03,073,,83,04,164,,0*79
1776370277.264,$GAGSV,2,1,07,02,75,331,40,03,66,057,51,05,28,120,42,08,35,336,25,2*77
1776370277.264,$GAGSV,2,2,07,25,27,031,43,30,37,233,28,32,56,356,32,2*4A
1776370277.265,$GAGSV,2,1,06,02,75,331,32,03,66,057,46,05,28,120,38,25,27,031,39,7*78
1776370277.266,$GAGSV,2,2,06,30,37,233,19,32,56,356,36,7*7F
1776370277.267,$GAGSV,1,1,02,15,05,224,,34,07,177,,0*72
1776370277.267,$GBGSV,2,1,08,06,30,181,19,07,55,160,35,09,43,341,25,10,49,174,26,1*7B
1776370277.268,$GBGSV,2,2,08,12,21,152,19,13,46,206,26,16,40,014,43,24,46,330,31,1*77
1776370277.269,$GBGSV,2,1,06,07,55,160,42,09,43,341,28,10,49,174,30,12,21,152,23,3*7F
1776370277.270,$GBGSV,2,2,06,13,46,206,27,16,40,014,41,3*70
1776370277.271,$GBGSV,3,1,11,01,37,105,,02,66,235,,03,70,144,,04,21,101,,0*70
1776370277.271,$GBGSV,3,2,11,04,21,101,,05,41,258,,08,38,191,,11,02,198,,0*76
1776370277.272,$GBGSV,3,3,11,11,02,198,,14,61,303,,21,32,157,,0*46
1776370277.273,$GNGLL,1339.02039,N,10029.52117,E,201117.00,A,D*7C
1776370278.244,$GNRMC,201118.00,A,1339.01982,N,10029.52127,E,2.070,169.09,160426,0.53,W,D,V*4D
1776370278.247,$GNVTG,169.09,T,169.62,M,2.070,N,3.834,K,D*3C
1776370278.249,$GNGGA,201118.00,1339.01982,N,10029.52127,E,2,12,0.57,0.9,M,-27.8,M,,0499*65
1776370278.250,$GNGSA,A,3,16,27,26,28,31,04,03,,,,,,1.17,0.57,1.02,1*0E
1776370278.252,$GNGSA,A,3,79,70,73,80,69,68,,,,,,,1.17,0.57,1.02,2*00
1776370278.254,$GNGSA,A,3,25,08,30,02,03,05,,,,,,,1.17,0.57,1.02,3*0D
1776370278.257,$GNGSA,A,3,09,24,06,07,10,16,13,,,,,,1.17,0.57,1.02,4*08
1776370278.259,$GPGSV,3,1,09,03,41,261,33,08,33,185,16,16,63,356,37,26,34,025,39,1*67
1776370278.261,$GPGSV,3,2,09,27,53,146,46,28,16,068,39,31,30,044,37,42,70,217,47,1*64
1776370278.263,$GPGSV,3,3,09,50,56,115,42,1*58
1776370278.265,$GPGSV,2,1,08,03,41,261,38,04,32,332,26,08,33,185,19,26,34,025,42,6*6D
1776370278.267,$GPGSV,2,2,08,27,53,146,45,28,16,068,33,31,30,044,33,32,16,134,17,6*6E
1776370278.269,$GPGSV,2,1,05,01,02,221,,02,05,194,,09,03,323,,40,36,259,,0*6D
1776370278.271,$GPGSV,2,2,05,40,36,259,,0*5F
1776370278.273,$GLGSV,2,1,08,68,23,154,24,69,74,149,48,70,49,334,34,73,27,271,47,1*79
1776370278.275,$GLGSV,2,2,08,79,11,027,41,80,40,338,26,82,09,115,20,,,,21,1*49
1776370278.276,$GLGSV,2,1,06,68,23,154,19,69,74,149,48,70,49,334,34,73,27,271,42,3*7E
1776370278.277,$GLGSV,2,2,06,79,11,027,37,80,40,338,30,3*74
1776370278.278,$GLGSV,1,1,02,81,03,073,,83,04,164,,0*79
1776370278.279,$GAGSV,2,1,07,02,75,331,48,03,66,057,51,05,28,120,34,08,35,336,31,2*7B
1776370278.280,$GAGSV,2,2,07,25,27,031,40,30,37,233,27,32,56,356,42,2*41
1776370278.280,$GAGSV,2,1,06,02,75,331,45,03,66,057,46,05,28,120,39,25,27,031,34,7*74
1776370278.281,$GAGSV,2,2,06,30,37,233,22,32,56,356,40,7*76
1776370278.282,$GAGSV,1,1,02,15,05,224,,34,07,177,,0*72
1776370278.283,$GBGSV,2,1,08,06,30,181,21,07,55,160,34,09,43,341,26,10,49,174,26,1*72
1776370278.283,$GBGSV,2,2,08,12,21,152,19,13,46,206,27,16,40,014,45,24,46,330,27,1*77
1776370278.284,$GBGSV,2,1,05,07,55,160,36,09,43,341,27,10,49,174,28,13,46,206,26,3*7E
1776370278.285,$GBGSV,2,2,05,16,40,014,44,3*47
1776370278.285,$GBGSV,3,1,11,01,37,105,,02,66,235,,03,70,144,,04,21,101,,0*70
1776370278.286,$GBGSV,3,2,11,04,21,101,,05,41,258,,08,38,191,,11,02,198,,0*76
1776370278.287,$GBGSV,3,3,11,11,02,198,,14,61,303,,21,32,157,,0*46
1776370278.289,$GNGLL,1339.01982,N,10029.52127,E,201118.00,A,D*7A
1776370279.243,$GNRMC,201119.00,A,1339.01932,N,10029.52147,E,2.001,152.37,160426,0.53,W,D,V*42
1776370279.244,$GNVTG,152.37,T,152.90,M,2.001,N,3.706,K,D*34
1776370279.244,$GNGGA,201119.00,1339.01932,N,10029.52147,E,2,12,0.61,1.1,M,-27.8,M,,0499*65
1776370279.245,$GNGSA,A,3,16,27,26,28,31,04,03,,,,,,1.20,0.61,1.03,1*0E
1776370279.245,$GNGSA,A,3,79,70,73,80,69,68,,,,,,,1.20,0.61,1.03,2*00
1776370279.246,$GNGSA,A,3,25,08,30,02,03,05,,,,,,,1.20,0.61,1.03,3*0D
1776370279.247,$GNGSA,A,3,09,24,06,07,10,16,13,,,,,,1.20,0.61,1.03,4*08
1776370279.247,$GPGSV,3,1,09,03,41,261,29,08,33,185,14,16,63,356,42,26,34,025,40,1*62
1776370279.248,$GPGSV,3,2,09,27,53,146,47,28,16,068,39,31,30,044,39,42,70,217,48,1*64
1776370279.248,$GPGSV,3,3,09,50,56,115,39,1*54
1776370279.249,$GPGSV,2,1,08,03,41,261,36,04,32,332,32,08,33,185,18,26,34,025,38,6*6A
1776370279.250,$GPGSV,2,2,08,27,53,146,46,28,16,068,40,31,30,044,41,32,16,134,18,6*63
1776370279.251,$GPGSV,2,1,05,01,02,221,,02,05,194,,09,03,323,,40,36,259,,0*6D
1776370279.251,$GPGSV,2,2,05,40,36,259,,0*5F
1776370279.252,$GLGSV,2,1,08,68,23,154,23,69,74,149,50,70,49,334,35,73,27,271,46,1*77
1776370279.253,$GLGSV,2,2,08,79,11,027,45,80,40,338,38,82,09,115,20,,,,21,1*42
1776370279.255,$GLGSV,2,1,06,68,23,154,26,69,74,149,48,70,49,334,26,73,27,271,44,3*77
1776370279.256,$GLGSV,2,2,06,79,11,027,33,80,40,338,30,3*70
1776370279.257,$GLGSV,1,1,02,81,03,073,,83,04,164,,0*79
1776370279.258,$GAGSV,2,1,07,02,75,331,49,03,66,057,49,05,28,120,43,08,35,336,26,2*75
1776370279.259,$GAGSV,2,2,07,25,27,031,38,30,37,233,26,32,56,356,44,2*49
1776370279.260,$GAGSV,2,1,06,02,75,331,47,03,66,057,46,05,28,120,36,25,27,031,36,7*7B
1776370279.261,$GAGSV,2,2,06,30,37,233,21,32,56,356,41,7*74
1776370279.261,$GAGSV,1,1,02,15,05,224,,34,07,177,,0*72
1776370279.262,$GBGSV,2,1,08,06,30,181,21,07,55,160,29,09,43,341,30,10,49,174,25,1*7A
1776370279.263,$GBGSV,2,2,08,12,21,152,17,13,46,206,32,16,40,014,43,24,46,330,32,1*7F
1776370279.265,$GBGSV,2,1,05,07,55,160,33,09,43,341,32,10,49,174,35,13,46,206,32,3*76
1776370279.265,$GBGSV,2,2,05,16,40,014,46,3*45
1776370279.266,$GBGSV,3,1,11,01,37,105,,02,66,235,,03,70,144,,04,21,101,,0*70
1776370279.267,$GBGSV,3,2,11,04,21,101,,05,41,258,,08,38,191,,11,02,198,,0*76
1776370279.268,$GBGSV,3,3,11,11,02,198,,14,61,303,,21,32,157,,0*46
1776370279.269,$GNGLL,1339.01932,N,10029.52147,E,201119.00,A,D*76
1776370280.248,$GNRMC,201120.00,A,1339.01885,N,10029.52165,E,1.528,173.78,160426,0.53,W,D,V*40
1776370280.250,$GNVTG,173.78,T,174.31,M,1.528,N,2.830,K,D*35
1776370280.252,$GNGGA,201120.00,1339.01885,N,10029.52165,E,2,12,0.60,1.2,M,-27.8,M,,0499*60
1776370280.253,$GNGSA,A,3,16,27,26,28,31,04,03,,,,,,1.27,0.60,1.12,1*08
1776370280.255,$GNGSA,A,3,79,70,73,80,69,68,,,,,,,1.27,0.60,1.12,2*06
1776370280.256,$GNGSA,A,3,25,08,30,02,03,05,,,,,,,1.27,0.60,1.12,3*0B
1776370280.258,$GNGSA,A,3,09,24,07,10,16,13,,,,,,,1.27,0.60,1.12,4*08
1776370280.260,$GPGSV,3,1,09,03,41,261,31,16,63,356,42,26,34,025,37,27,53,146,47,1*69
1776370280.262,$GPGSV,3,2,09,28,16,068,31,31,30,044,42,41,64,233,47,42,70,217,48,1*65
1776370280.263,$GPGSV,3,3,09,50,56,115,43,1*59
1776370280.265,$GPGSV,2,1,08,03,41,261,35,04,32,332,27,08,33,185,18,26,34,025,38,6*6D
1776370280.268,$GPGSV,2,2,08,27,53,146,43,28,16,068,39,31,30,044,40,32,16,134,19,6*68
1776370280.270,$GPGSV,1,1,04,01,02,221,,02,05,194,,09,03,323,,40,36,259,,0*6F
1776370280.271,$GLGSV,2,1,08,68,23,154,22,69,74,149,51,70,49,334,39,73,27,271,46,1*7B
1776370280.273,$GLGSV,2,2,08,79,11,027,39,80,40,338,37,82,09,115,20,,,,21,1*46
1776370280.274,$GLGSV,2,1,06,68,23,154,25,69,74,149,48,70,49,334,30,73,27,271,46,3*71
1776370280.275,$GLGSV,2,2,06,79,11,027,35,80,40,338,30,3*76
1776370280.276,$GLGSV,1,1,02,81,03,073,,83,04,164,,0*79
1776370280.277,$GAGSV,2,1,07,02,75,331,51,03,66,057,48,05,28,120,44,08,35,336,27,2*7B
1776370280.278,$GAGSV,2,2,07,25,27,031,40,30,37,233,26,32,56,356,46,2*44
1776370280.279,$GAGSV,2,1,06,02,75,331,46,03,66,057,43,05,28,120,39,25,27,031,36,7*70
1776370280.280,$GAGSV,2,2,06,30,37,233,21,32,56,356,43,7*76
1776370280.281,$GAGSV,1,1,02,15,05,224,,34,07,177,,0*72
1776370280.282,$GBGSV,2,1,08,06,30,181,19,07,55,160,33,09,43,341,31,10,49,174,25,1*7B
1776370280.283,$GBGSV,2,2,08,12,21,152,16,13,46,206,28,16,40,014,43,24,46,330,35,1*72
1776370280.284,$GBGSV,2,1,05,07,55,160,38,09,43,341,31,10,49,174,32,13,46,206,36,3*7D
1776370280.285,$GBGSV,2,2,05,16,40,014,41,3*42
1776370280.286,$GBGSV,3,1,11,01,37,105,,02,66,235,,03,70,144,,04,21,101,,0*70
1776370280.286,$GBGSV,3,2,11,04,21,101,,05,41,258,,08,38,191,,11,02,198,,0*76
1776370280.287,$GBGSV,3,3,11,11,02,198,,14,61,303,,21,32,157,,0*46
1776370280.288,$GNGLL,1339.01885,N,10029.52165,E,201120.00,A,D*71
1776370281.246,$GNRMC,201121.00,A,1339.01838,N,10029.52180,E,1.889,162.30,160426,0.53,W,D,V*46
1776370281.248,$GNVTG,162.30,T,162.83,M,1.889,N,3.499,K,D*3F
1776370281.250,$GNGGA,201121.00,1339.01838,N,10029.52180,E,2,12,0.56,1.3,M,-27.8,M,,0499*68
1776370281.252,$GNGSA,A,3,32,16,27,26,28,31,04,03,,,,,1.16,0.56,1.01,1*0C
1776370281.254,$GNGSA,A,3,79,70,73,80,69,68,,,,,,,1.16,0.56,1.01,2*03
1776370281.256,$GNGSA,A,3,25,08,30,02,03,05,,,,,,,1.16,0.56,1.01,3*0E
1776370281.258,$GNGSA,A,3,09,24,07,10,16,13,,,,,,,1.16,0.56,1.01,4*0D
1776370281.260,$GPGSV,3,1,11,03,41,261,28,04,32,332,29,08,33,185,18,16,63,356,45,1*6D
1776370281.262,$GPGSV,3,2,11,26,34,025,35,27,53,146,47,28,16,068,34,31,30,044,41,1*64
1776370281.264,$GPGSV,3,3,11,41,64,233,49,42,70,217,47,50,56,115,43,1*5E
1776370281.266,$GPGSV,2,1,08,03,41,261,28,04,32,332,27,08,33,185,19,26,34,025,33,6*6B
1776370281.269,$GPGSV,2,2,08,27,53,146,43,28,16,068,40,31,30,044,38,32,16,134,20,6*63
1776370281.271,$GPGSV,1,1,04,01,02,221,,02,05,194,,09,03,323,,40,36,259,,0*6F
1776370281.273,$GLGSV,2,1,08,68,23,154,22,69,74,149,50,70,49,334,37,73,27,271,47,1*75
1776370281.274,$GLGSV,2,2,08,79,11,027,36,80,40,338,37,82,09,115,20,,,,28,1*40
1776370281.275,$GLGSV,2,1,06,68,23,154,21,69,74,149,46,70,49,334,38,73,27,271,47,3*72
1776370281.276,$GLGSV,2,2,06,79,11,027,27,80,40,338,29,3*7D
1776370281.277,$GLGSV,1,1,02,81,03,073,,83,04,164,,0*79
1776370281.278,$GAGSV,2,1,07,02,75,331,51,03,66,057,48,05,28,120,45,08,35,336,31,2*7D
1776370281.279,$GAGSV,2,2,07,25,27,031,38,30,37,233,25,32,56,356,47,2*49
1776370281.280,$GAGSV,2,1,07,02,75,331,48,03,66,057,44,05,28,120,38,08,35,336,28,7*7E
1776370281.281,$GAGSV,2,2,07,25,27,031,27,30,37,233,22,32,56,356,44,7*46
1776370281.281,$GAGSV,1,1,02,15,05,224,,34,07,177,,0*72
1776370281.282,$GBGSV,2,1,08,06,30,181,18,07,55,160,33,09,43,341,31,10,49,174,26,1*79
1776370281.283,$GBGSV,2,2,08,12,21,152,16,13,46,206,28,16,40,014,45,24,46,330,30,1*71
1776370281.284,$GBGSV,2,1,05,07,55,160,33,09,43,341,31,10,49,174,28,13,46,206,28,3*72
1776370281.284,$GBGSV,2,2,05,16,40,014,42,3*41
1776370281.285,$GBGSV,3,1,11,01,37,105,,02,66,235,,03,70,144,,04,21,101,,0*70
1776370281.286,$GBGSV,3,2,11,04,21,101,,05,41,258,,08,38,191,,11,02,198,,0*76
1776370281.286,$GBGSV,3,3,11,11,02,198,,14,61,303,,21,32,157,,0*46
1776370281.287,$GNGLL,1339.01838,N,10029.52180,E,201121.00,A,D*7D
1776370282.238,$GNRMC,201122.00,A,1339.01788,N,10029.52198,E,1.767,167.69,160426,0.53,W,D,V*4E
1776370282.241,$GNVTG,167.69,T,168.22,M,1.767,N,3.272,K,D*3B
1776370282.244,$GNGGA,201122.00,1339.01788,N,10029.52198,E,2,12,0.63,1.4,M,-27.8,M,,0499*67
1776370282.245,$GNGSA,A,3,16,27,26,28,31,04,03,,,,,,1.29,0.63,1.12,1*05
1776370282.247,$GNGSA,A,3,79,70,73,80,69,68,,,,,,,1.29,0.63,1.12,2*0B
1776370282.248,$GNGSA,A,3,25,08,30,02,03,05,,,,,,,1.29,0.63,1.12,3*06
1776370282.250,$GNGSA,A,3,09,24,07,10,16,13,,,,,,,1.29,0.63,1.12,4*05
1776370282.252,$GPGSV,3,1,11,03,41,261,33,04,32,332,29,08,33,185,20,16,63,356,44,1*6D
1776370282.254,$GPGSV,3,2,11,26,34,025,34,27,53,146,46,28,16,068,36,31,30,044,42,1*65
1776370282.256,$GPGSV,3,3,11,41,64,233,48,42,70,217,47,50,56,115,42,1*5E
1776370282.258,$GPGSV,2,1,08,03,41,261,33,04,32,332,27,08,33,185,18,26,34,025,38,6*6B
1776370282.259,$GPGSV,2,2,08,27,53,146,44,28,16,068,39,31,30,044,43,32,16,134,19,6*6C
1776370282.261,$GPGSV,1,1,04,01,02,221,,02,05,194,,09,03,323,,40,36,259,,0*6F
1776370282.262,$GLGSV,2,1,08,68,23,154,23,69,74,149,51,70,49,334,43,73,27,271,48,1*79
1776370282.265,$GLGSV,2,2,08,79,11,027,40,80,40,338,35,82,09,115,20,,,,20,1*4B
1776370282.267,$GLGSV,2,1,06,68,23,154,18,69,74,149,45,70,49,334,34,73,27,271,47,3*77
1776370282.268,$GLGSV,2,2,06,79,11,027,31,80,40,338,33,3*71
1776370282.269,$GLGSV,1,1,02,81,03,073,,83,04,164,,0*79
1776370282.269,$GAGSV,2,1,07,02,75,331,51,03,66,057,48,05,28,120,47,08,35,336,27,2*78
1776370282.270,$GAGSV,2,2,07,25,27,031,39,30,37,233,25,32,56,356,49,2*46
1776370282.271,$GAGSV,2,1,07,02,75,331,45,03,66,057,42,05,28,120,44,08,35,336,26,7*70
1776370282.272,$GAGSV,2,2,07,25,27,031,35,30,37,233,24,32,56,356,44,7*43
1776370282.272,$GAGSV,1,1,02,15,05,224,,34,07,177,,0*72
1776370282.273,$GBGSV,2,1,08,06,30,181,18,07,55,160,32,09,43,341,26,10,49,174,27,1*7F
1776370282.274,$GBGSV,2,2,08,12,21,152,15,13,46,206,35,16,40,014,40,24,46,330,38,1*73
1776370282.275,$GBGSV,2,1,05,07,55,160,34,09,43,341,30,10,49,174,27,13,46,206,31,3*73
1776370282.275,$GBGSV,2,2,05,16,40,014,43,3*40
1776370282.276,$GBGSV,3,1,11,01,37,105,,02,66,235,,03,70,144,,04,21,101,,0*70
1776370282.276,$GBGSV,3,2,11,04,21,101,,05,41,258,,08,38,191,,11,02,198,,0*76
1776370282.277,$GBGSV,3,3,11,11,02,198,,14,61,303,,21,32,157,,0*46
1776370282.277,$GNGLL,1339.01788,N,10029.52198,E,201122.00,A,D*73
1776370283.247,$GNRMC,201123.00,A,1339.01738,N,10029.52210,E,1.885,164.85,160426,0.53,W,D,V*45
1776370283.248,$GNVTG,164.85,T,165.38,M,1.885,N,3.490,K,D*35
1776370283.249,$GNGGA,201123.00,1339.01738,N,10029.52210,E,2,12,0.61,1.6,M,-27.8,M,,0499*6E
1776370283.249,$GNGSA,A,3,16,27,26,28,31,04,03,,,,,,1.28,0.61,1.12,1*06
1776370283.250,$GNGSA,A,3,79,70,73,80,69,68,,,,,,,1.28,0.61,1.12,2*08
1776370283.250,$GNGSA,A,3,25,08,30,02,03,05,,,,,,,1.28,0.61,1.12,3*05
1776370283.251,$GNGSA,A,3,09,24,07,10,16,13,,,,,,,1.28,0.61,1.12,4*06
1776370283.251,$GPGSV,3,1,10,03,41,261,30,08,33,185,20,16,63,356,45,26,34,025,33,1*66
1776370283.252,$GPGSV,3,2,10,27,53,146,46,28,16,068,43,31,30,044,37,41,64,233,49,1*6F
1776370283.253,$GPGSV,3,3,10,42,70,217,47,50,56,115,43,1*67
1776370283.253,$GPGSV,2,1,08,03,41,261,28,04,32,332,32,08,33,185,19,26,34,025,40,6*6B
1776370283.254,$GPGSV,2,2,08,27,53,146,44,28,16,068,42,31,30,044,40,32,16,134,17,6*6D
1776370283.255,$GPGSV,1,1,04,01,02,221,,02,05,194,,09,03,323,,40,36,259,,0*6F
1776370283.256,$GLGSV,2,1,08,68,23,154,23,69,74,149,51,70,49,334,37,73,27,271,49,1*7B
1776370283.257,$GLGSV,2,2,08,79,11,027,34,80,40,338,30,82,09,115,19,,,,29,1*4E
1776370283.258,$GLGSV,2,1,06,68,23,154,17,69,74,149,47,70,49,334,35,73,27,271,47,3*7B
1776370283.259,$GLGSV,2,2,06,79,11,027,35,80,40,338,29,3*7E
1776370283.260,$GLGSV,1,1,02,81,03,073,,83,04,164,,0*79
1776370283.261,$GAGSV,2,1,07,02,75,331,51,03,66,057,44,05,28,120,45,08,35,336,32,2*72
1776370283.262,$GAGSV,2,2,07,25,27,031,39,30,37,233,25,32,56,356,50,2*4E
1776370283.263,$GAGSV,2,1,07,02,75,331,46,03,66,057,40,05,28,120,45,08,35,336,26,7*70
1776370283.264,$GAGSV,2,2,07,25,27,031,39,30,37,233,23,32,56,356,46,7*4A
1776370283.265,$GAGSV,1,1,02,15,05,224,,34,07,177,,0*72
1776370283.265,$GBGSV,2,1,08,06,30,181,18,07,55,160,34,09,43,341,25,10,49,174,26,1*7B
1776370283.266,$GBGSV,2,2,08,12,21,152,17,13,46,206,28,16,40,014,46,24,46,330,40,1*74
1776370283.267,$GBGSV,2,1,05,07,55,160,36,09,43,341,32,10,49,174,32,13,46,206,31,3*77
1776370283.267,$GBGSV,2,2,05,16,40,014,43,3*40
1776370283.268,$GBGSV,3,1,11,01,37,105,,02,66,235,,03,70,144,,04,21,101,,0*70
1776370283.268,$GBGSV,3,2,11,04,21,101,,05,41,258,,08,38,191,,11,02,198,,0*76
1776370283.269,$GBGSV,3,3,11,11,02,198,,14,61,303,,21,32,157,,0*46
1776370283.269,$GNGLL,1339.01738,N,10029.52210,E,201123.00,A,D*7A
1776370284.249,$GNRMC,201124.00,A,1339.01692,N,10029.52226,E,1.561,160.74,160426,0.53,W,D,V*4B
1776370284.251,$GNVTG,160.74,T,161.27,M,1.561,N,2.891,K,D*3E
1776370284.253,$GNGGA,201124.00,1339.01692,N,10029.52226,E,2,12,0.61,1.7,M,-27.8,M,,0499*6C
1776370284.255,$GNGSA,A,3,16,27,26,28,31,04,03,,,,,,1.28,0.61,1.12,1*06
1776370284.256,$GNGSA,A,3,79,70,73,80,69,68,,,,,,,1.28,0.61,1.12,2*08
1776370284.258,$GNGSA,A,3,25,08,30,02,03,05,,,,,,,1.28,0.61,1.12,3*05
1776370284.260,$GNGSA,A,3,09,24,07,10,16,13,,,,,,,1.28,0.61,1.12,4*06
1776370284.261,$GPGSV,3,1,11,03,41,261,36,04,32,332,33,08,33,185,17,16,63,356,44,1*67
1776370284.264,$GPGSV,3,2,11,26,34,025,33,27,53,146,45,28,16,068,40,31,30,044,36,1*63
1776370284.265,$GPGSV,3,3,11,41,64,233,46,42,70,217,47,50,56,115,43,1*51
1776370284.268,$GPGSV,2,1,08,03,41,261,33,04,32,332,31,08,33,185,18,26,34,025,32,6*66
1776370284.270,$GPGSV,2,2,08,27,53,146,44,28,16,068,43,31,30,044,37,32,16,134,15,6*6E
1776370284.272,$GPGSV,1,1,04,01,02,220,,02,05,194,,09,03,323,,40,36,259,,0*6E
1776370284.275,$GLGSV,2,1,08,68,23,154,25,69,74,149,50,70,49,334,37,73,27,271,48,1*7D
1776370284.277,$GLGSV,2,2,08,79,11,027,42,80,40,338,31,82,09,115,18,,,,29,1*4F
1776370284.279,$GLGSV,2,1,06,68,23,154,19,69,74,149,47,70,49,334,34,73,27,271,44,3*77
1776370284.280,$GLGSV,2,2,06,79,11,027,32,80,40,338,33,3*72
1776370284.281,$GLGSV,1,1,02,81,03,073,,83,04,164,,0*79
1776370284.283,$GAGSV,2,1,07,02,75,331,51,03,66,057,45,05,28,120,46,08,35,336,27,2*74
1776370284.284,$GAGSV,2,2,07,25,27,031,42,30,37,233,24,32,56,356,51,2*42
1776370284.285,$GAGSV,2,1,07,02,75,331,46,03,66,057,42,05,28,120,44,08,35,336,32,7*76
1776370284.286,$GAGSV,2,2,07,25,27,031,39,30,37,233,25,32,56,356,46,7*4C
1776370284.286,$GAGSV,1,1,02,15,05,224,,34,07,177,,0*72
1776370284.287,$GBGSV,2,1,08,06,30,181,18,07,55,160,28,09,43,341,36,10,49,174,26,1*74
1776370284.288,$GBGSV,2,2,08,12,21,152,17,13,46,206,33,16,40,014,41,24,46,330,41,1*78
1776370284.289,$GBGSV,2,1,05,07,55,160,36,09,43,341,27,10,49,174,28,13,46,206,36,3*7F
1776370284.290,$GBGSV,2,2,05,16,40,014,42,3*41
1776370284.290,$GBGSV,3,1,11,01,37,105,,02,66,235,,03,70,144,,04,21,101,,0*70
1776370284.291,$GBGSV,3,2,11,04,21,101,,05,41,258,,08,38,191,,11,02,198,,0*76
1776370284.292,$GBGSV,3,3,11,11,02,198,,14,61,303,,21,32,157,,0*46
1776370284.293,$GNGLL,1339.01692,N,10029.52226,E,201124.00,A,D*79
1776370285.247,$GNRMC,201125.00,A,1339.01651,N,10029.52238,E,1.507,163.60,160426,0.53,W,D,V*4C
1776370285.249,$GNVTG,163.60,T,164.13,M,1.507,N,2.791,K,D*35
1776370285.250,$GNGGA,201125.00,1339.01651,N,10029.52238,E,2,12,0.59,1.8,M,-27.8,M,,0499*69
1776370285.251,$GNGSA,A,3,16,27,26,28,31,04,03,,,,,,1.26,0.59,1.11,1*00
1776370285.251,$GNGSA,A,3,79,70,73,80,69,68,,,,,,,1.26,0.59,1.11,2*0E
1776370285.252,$GNGSA,A,3,25,08,30,02,03,05,,,,,,,1.26,0.59,1.11,3*03
1776370285.252,$GNGSA,A,3,09,24,07,10,16,13,,,,,,,1.26,0.59,1.11,4*00
1776370285.253,$GPGSV,3,1,11,03,41,261,30,04,32,332,30,08,33,185,17,16,63,356,44,1*62
1776370285.253,$GPGSV,3,2,11,26,34,025,39,27,53,146,46,28,16,068,38,31,30,044,37,1*64
1776370285.254,$GPGSV,3,3,11,41,64,233,48,42,70,217,46,50,56,115,42,1*5F
1776370285.255,$GPGSV,2,1,08,03,41,261,28,04,32,332,30,08,33,185,17,26,34,025,37,6*67
1776370285.255,$GPGSV,2,2,08,27,53,146,46,28,16,068,39,31,30,044,38,32,16,134,16,6*6D
1776370285.256,$GPGSV,1,1,04,01,02,220,,02,05,193,,09,03,323,,40,36,259,,0*69
1776370285.256,$GLGSV,2,1,08,68,23,154,24,69,74,149,50,70,49,334,36,73,27,271,47,1*72
1776370285.257,$GLGSV,2,2,08,79,11,027,43,80,40,338,31,82,09,115,19,,,,22,1*44
1776370285.257,$GLGSV,2,1,06,68,23,154,21,69,74,149,46,70,49,334,43,73,27,271,46,3*7F
1776370285.258,$GLGSV,2,2,06,79,11,027,32,80,40,338,30,3*71
1776370285.258,$GLGSV,1,1,02,81,03,073,,83,04,164,,0*79
1776370285.259,$GAGSV,2,1,07,02,75,331,51,03,66,057,46,05,28,120,44,08,35,336,31,2*72
1776370285.259,$GAGSV,2,2,07,25,27,031,40,30,37,233,30,32,56,356,49,2*4C
1776370285.260,$GAGSV,2,1,07,02,75,331,46,03,66,057,45,05,28,120,42,08,35,336,26,7*72
1776370285.260,$GAGSV,2,2,07,25,27,031,33,30,37,233,23,32,56,356,46,7*40
1776370285.261,$GAGSV,1,1,02,15,05,224,,34,07,177,,0*72
1776370285.261,$GBGSV,2,1,08,06,30,181,17,07,55,160,30,09,43,341,20,10,49,174,25,1*76
1776370285.262,$GBGSV,2,2,08,12,21,152,17,13,46,206,33,16,40,014,45,24,46,330,39,1*73
1776370285.263,$GBGSV,2,1,05,07,55,160,31,09,43,341,30,10,49,174,27,13,46,206,28,3*7E
1776370285.263,$GBGSV,2,2,05,16,40,014,45,3*46
1776370285.263,$GBGSV,3,1,11,01,37,105,,02,66,235,,03,70,144,,04,21,101,,0*70
1776370285.264,$GBGSV,3,2,11,04,21,101,,05,41,258,,08,38,191,,11,02,198,,0*76
1776370285.264,$GBGSV,3,3,11,11,02,198,,14,61,303,,21,32,157,,0*46
1776370285.265,$GNGLL,1339.01651,N,10029.52238,E,201125.00,A,D*78
1776370286.247,$GNRMC,201126.00,A,1339.01612,N,10029.52252,E,1.337,162.42,160426,0.53,W,D,V*40
1776370286.250,$GNVTG,162.42,T,162.95,M,1.337,N,2.476,K,D*33
1776370286.251,$GNGGA,201126.00,1339.01612,N,10029.52252,E,2,12,0.60,1.9,M,-27.8,M,,0499*6A
1776370286.251,$GNGSA,A,3,16,27,26,28,31,04,03,,,,,,1.25,0.60,1.09,1*00
1776370286.252,$GNGSA,A,3,79,70,73,80,69,68,,,,,,,1.25,0.60,1.09,2*0E
1776370286.252,$GNGSA,A,3,25,08,30,02,03,05,,,,,,,1.25,0.60,1.09,3*03
1776370286.253,$GNGSA,A,3,14,09,24,07,16,13,,,,,,,1.25,0.60,1.09,4*04
1776370286.253,$GPGSV,3,1,10,03,41,259,24,08,33,185,16,16,63,356,45,26,34,025,40,1*69
1776370286.254,$GPGSV,3,2,10,27,53,146,46,28,16,068,40,31,30,044,35,41,64,233,47,1*60
1776370286.255,$GPGSV,3,3,10,42,70,217,47,50,56,115,42,1*66
1776370286.255,$GPGSV,2,1,08,03,41,259,26,04,32,332,29,08,33,185,17,26,34,025,39,6*64
1776370286.256,$GPGSV,2,2,08,27,53,146,45,28,16,068,38,31,30,044,31,32,16,134,16,6*66
1776370286.256,$GPGSV,1,1,04,01,02,220,,02,05,193,,09,03,323,,40,36,259,,0*69
1776370286.257,$GLGSV,2,1,08,68,23,154,23,69,74,149,52,70,49,334,42,73,27,271,46,1*75
1776370286.258,$GLGSV,2,2,08,79,11,027,46,80,40,338,45,82,09,115,20,,,,29,1*43
1776370286.258,$GLGSV,2,1,06,68,23,154,21,69,74,149,47,70,49,334,39,73,27,271,43,3*76
1776370286.259,$GLGSV,2,2,06,79,11,027,36,80,40,338,29,3*7D
1776370286.259,$GLGSV,1,1,02,81,03,073,,83,04,164,,0*79
1776370286.260,$GAGSV,2,1,07,02,75,331,50,03,66,057,49,05,28,120,46,08,35,336,31,2*7E
1776370286.261,$GAGSV,2,2,07,25,27,031,40,30,37,233,31,32,56,356,51,2*44
1776370286.261,$GAGSV,2,1,07,02,75,331,47,03,66,057,46,05,28,120,43,08,35,336,30,7*76
1776370286.262,$GAGSV,2,2,07,25,27,031,43,30,37,233,23,32,56,356,47,7*46
1776370286.262,$GAGSV,1,1,02,15,05,224,,34,07,177,,0*72
1776370286.263,$GBGSV,2,1,08,06,30,181,17,07,55,160,34,09,43,341,33,10,49,174,24,1*71
1776370286.264,$GBGSV,2,2,08,12,21,152,17,13,46,206,27,16,40,014,43,24,46,330,44,1*7A
1776370286.264,$GBGSV,2,1,05,07,55,160,35,09,43,341,30,13,46,206,32,14,61,303,52,3*7F
1776370286.265,$GBGSV,2,2,05,16,40,014,45,3*46
1776370286.265,$GBGSV,3,1,10,01,37,105,,02,66,235,,03,70,144,,04,21,101,,0*71
1776370286.266,$GBGSV,3,2,10,04,21,101,,05,41,258,,08,38,191,,11,02,198,,0*77
1776370286.266,$GBGSV,3,3,10,11,02,198,,21,32,157,,0*75
1776370286.267,$GNGLL,1339.01612,N,10029.52252,E,201126.00,A,D*70
1776370287.248,$GNRMC,201127.00,A,1339.01570,N,10029.52268,E,1.769,161.94,160426,0.53,W,D,V*48
1776370287.251,$GNVTG,161.94,T,162.47,M,1.769,N,3.277,K,D*3D
1776370287.253,$GNGGA,201127.00,1339.01570,N,10029.52268,E,2,12,0.60,1.9,M,-27.8,M,,0499*65
1776370287.254,$GNGSA,A,3,16,27,26,28,31,04,03,,,,,,1.25,0.60,1.09,1*00
1776370287.256,$GNGSA,A,3,79,70,73,80,69,68,,,,,,,1.25,0.60,1.09,2*0E
1776370287.257,$GNGSA,A,3,25,08,30,02,03,05,,,,,,,1.25,0.60,1.09,3*03
1776370287.259,$GNGSA,A,3,14,09,24,07,16,13,,,,,,,1.25,0.60,1.09,4*04
1776370287.261,$GPGSV,3,1,11,03,41,259,29,04,33,332,27,08,33,185,16,16,63,356,45,1*66
1776370287.263,$GPGSV,3,2,11,26,34,025,41,27,53,146,46,28,16,068,37,31,30,044,39,1*6A
1776370287.265,$GPGSV,3,3,11,41,64,233,46,42,70,217,45,50,56,115,42,1*52
1776370287.267,$GPGSV,2,1,08,03,41,259,31,04,33,332,29,08,33,185,17,26,34,025,42,6*6F
1776370287.269,$GPGSV,2,2,08,27,53,146,45,28,16,068,42,31,30,044,35,32,16,134,16,6*6F
1776370287.271,$GPGSV,1,1,04,01,02,220,,02,05,193,,09,03,323,,40,36,259,,0*69
1776370287.273,$GLGSV,2,1,08,68,23,154,22,69,74,149,51,70,49,334,44,73,27,271,44,1*73
1776370287.275,$GLGSV,2,2,08,79,11,027,45,80,40,338,40,82,09,115,21,,,,23,1*4E
1776370287.276,$GLGSV,2,1,06,68,23,154,21,69,74,149,46,70,49,334,41,73,27,271,44,3*7F
1776370287.277,$GLGSV,2,2,06,79,11,027,33,80,40,338,36,3*76
1776370287.278,$GLGSV,1,1,02,81,03,073,,83,04,164,,0*79
1776370287.279,$GAGSV,2,1,07,02,75,331,50,03,66,057,51,05,28,120,45,08,35,336,26,2*72
1776370287.280,$GAGSV,2,2,07,25,27,031,37,30,37,233,26,32,56,356,51,2*42
1776370287.281,$GAGSV,2,1,07,02,75,331,48,03,66,057,47,05,28,120,41,08,35,336,30,7*7A
1776370287.282,$GAGSV,2,2,07,25,27,031,39,30,37,233,24,32,56,356,48,7*43
1776370287.282,$GAGSV,1,1,02,15,05,224,,34,07,177,,0*72
1776370287.283,$GBGSV,2,1,08,06,30,181,17,07,55,160,30,09,43,341,33,10,49,174,24,1*75
1776370287.284,$GBGSV,2,2,08,12,21,152,16,13,46,206,27,16,40,014,45,24,46,330,33,1*7D
1776370287.285,$GBGSV,1,1,04,07,55,160,31,13,46,206,27,14,61,303,52,16,40,014,39,3*7A
1776370287.286,$GBGSV,3,1,10,01,37,105,,02,66,235,,03,70,144,,04,21,101,,0*71
1776370287.287,$GBGSV,3,2,10,04,21,101,,05,41,258,,08,38,191,,11,02,198,,0*77
1776370287.287,$GBGSV,3,3,10,11,02,198,,21,32,157,,0*75
1776370287.288,$GNGLL,1339.01570,N,10029.52268,E,201127.00,A,D*7F
1776370288.248,$GNRMC,201128.00,A,1339.01518,N,10029.52289,E,2.228,157.28,160426,0.53,W,D,V*47
1776370288.251,$GNVTG,157.28,T,157.81,M,2.228,N,4.126,K,D*30
1776370288.252,$GNGGA,201128.00,1339.01518,N,10029.52289,E,2,12,0.62,2.0,M,-27.8,M,,0499*63
1776370288.253,$GNGSA,A,3,16,27,26,28,31,04,03,,,,,,1.28,0.62,1.12,1*05
1776370288.254,$GNGSA,A,3,79,70,73,80,69,68,,,,,,,1.28,0.62,1.12,2*0B
1776370288.255,$GNGSA,A,3,25,08,02,03,05,,,,,,,,1.28,0.62,1.12,3*05
1776370288.256,$GNGSA,A,3,14,09,24,07,10,16,13,,,,,,1.28,0.62,1.12,4*00
1776370288.257,$GPGSV,3,1,11,03,41,259,29,04,33,332,28,08,33,185,15,16,63,356,46,1*69
1776370288.259,$GPGSV,3,2,11,26,34,025,37,27,53,146,45,28,16,068,38,31,30,044,42,1*6B
1776370288.260,$GPGSV,3,3,11,41,64,233,48,42,70,217,49,50,56,115,43,1*51
1776370288.261,$GPGSV,2,1,08,03,41,259,24,04,33,332,29,08,33,185,18,26,34,025,40,6*66
1776370288.263,$GPGSV,2,2,08,27,53,146,43,28,16,068,42,31,30,044,39,32,16,134,15,6*66
1776370288.264,$GPGSV,1,1,04,01,02,220,,02,05,193,,09,03,323,,40,36,259,,0*69
1776370288.265,$GLGSV,2,1,08,68,23,154,23,69,74,149,51,70,49,334,47,73,27,271,46,1*73
1776370288.267,$GLGSV,2,2,08,79,11,027,44,80,40,338,43,82,09,115,21,,,,25,1*4A
1776370288.268,$GLGSV,2,1,06,68,23,154,21,69,74,149,47,70,49,334,42,73,27,271,43,3*7A
1776370288.269,$GLGSV,2,2,06,79,11,027,35,80,40,338,36,3*70
1776370288.270,$GLGSV,1,1,02,81,03,073,,83,04,164,,0*79
1776370288.272,$GAGSV,2,1,07,02,75,331,52,03,66,057,51,05,28,120,46,08,35,336,31,2*75
1776370288.273,$GAGSV,2,2,07,25,27,031,43,30,37,233,24,32,56,356,49,2*4A
1776370288.274,$GAGSV,2,1,07,02,75,331,45,03,66,057,46,05,28,120,41,08,35,336,29,7*7E
1776370288.275,$GAGSV,2,2,07,25,27,031,37,30,37,233,23,32,56,356,46,7*44
1776370288.276,$GAGSV,1,1,02,15,05,224,,34,07,177,,0*72
1776370288.277,$GBGSV,2,1,08,06,30,181,18,07,55,160,31,09,43,341,34,10,49,174,23,1*7B
1776370288.278,$GBGSV,2,2,08,12,21,152,14,13,46,206,36,16,40,014,43,24,46,330,42,1*7F
1776370288.279,$GBGSV,1,1,04,07,55,160,30,13,46,206,32,14,61,303,50,16,40,014,47,3*74
1776370288.280,$GBGSV,3,1,10,01,37,105,,02,66,235,,03,70,144,,04,21,101,,0*71
1776370288.281,$GBGSV,3,2,10,04,21,101,,05,41,258,,08,38,191,,11,02,198,,0*77
1776370288.281,$GBGSV,3,3,10,11,02,198,,21,32,157,,0*75
1776370288.282,$GNGLL,1339.01518,N,10029.52289,E,201128.00,A,D*71
1776370289.246,$GNRMC,201129.00,A,1339.01458,N,10029.52310,E,2.429,156.44,160426,0.53,W,D,V*4E
1776370289.249,$GNVTG,156.44,T,156.97,M,2.429,N,4.499,K,D*3B
1776370289.251,$GNGGA,201129.00,1339.01458,N,10029.52310,E,2,12,0.59,2.0,M,-27.8,M,,0499*6E
1776370289.252,$GNGSA,A,3,16,27,26,28,31,04,03,,,,,,1.24,0.59,1.09,1*0B
1776370289.254,$GNGSA,A,3,79,70,73,80,69,68,,,,,,,1.24,0.59,1.09,2*05
1776370289.255,$GNGSA,A,3,25,08,30,02,03,05,,,,,,,1.24,0.59,1.09,3*08
1776370289.257,$GNGSA,A,3,14,09,24,07,10,16,13,,,,,,1.24,0.59,1.09,4*0E
1776370289.260,$GPGSV,3,1,10,04,33,332,33,08,33,185,15,16,63,356,44,26,34,025,37,1*63
1776370289.264,$GPGSV,3,2,10,27,53,146,38,28,16,068,37,31,30,044,45,41,64,233,45,1*6C
1776370289.267,$GPGSV,3,3,10,42,70,217,44,50,56,115,41,1*66
1776370289.269,$GPGSV,2,1,08,03,41,259,30,04,33,332,29,08,33,185,19,26,34,025,41,6*63
1776370289.271,$GPGSV,2,2,08,27,53,146,37,28,16,068,37,31,30,044,40,32,16,134,15,6*69
1776370289.273,$GPGSV,1,1,04,01,02,220,,02,05,193,,09,03,323,,40,36,259,,0*69
1776370289.275,$GLGSV,2,1,08,68,23,154,23,69,74,149,51,70,49,334,46,73,27,271,44,1*70
1776370289.277,$GLGSV,2,2,08,79,11,027,40,80,40,338,37,82,09,115,20,,,,25,1*4C
1776370289.279,$GLGSV,2,1,06,68,23,154,19,69,74,149,46,70,49,334,47,73,27,271,41,3*77
1776370289.280,$GLGSV,2,2,06,79,11,027,39,80,40,338,34,3*7E
1776370289.281,$GLGSV,1,1,02,81,03,073,,83,04,164,,0*79
1776370289.282,$GAGSV,2,1,07,02,75,331,51,03,66,057,48,05,28,120,46,08,35,336,27,2*79
1776370289.283,$GAGSV,2,2,07,25,27,031,35,30,37,233,25,32,56,356,49,2*4A
1776370289.285,$GAGSV,2,1,07,02,75,331,46,03,66,057,45,05,28,120,43,08,35,336,33,7*77
1776370289.286,$GAGSV,2,2,07,25,27,031,35,30,37,233,30,32,56,356,46,7*44
1776370289.286,$GAGSV,1,1,02,15,05,224,,34,07,177,,0*72
1776370289.287,$GBGSV,2,1,08,06,30,181,19,07,55,160,29,09,43,341,36,10,49,174,22,1*70
1776370289.288,$GBGSV,2,2,08,12,21,152,14,13,46,206,40,16,40,014,42,24,46,330,49,1*74
1776370289.288,$GBGSV,2,1,05,07,55,160,34,09,43,341,34,13,46,206,28,14,61,303,52,3*71
1776370289.289,$GBGSV,2,2,05,16,40,014,43,3*40
1776370289.289,$GBGSV,3,1,10,01,37,105,,02,66,235,,03,70,144,,04,21,101,,0*71
1776370289.290,$GBGSV,3,2,10,04,21,101,,05,41,258,,08,38,191,,11,02,198,,0*77
1776370289.290,$GBGSV,3,3,10,11,02,198,,21,32,157,,0*75
1776370289.291,$GNGLL,1339.01458,N,10029.52310,E,201129.00,A,D*74
1776370290.246,$GNRMC,201130.00,A,1339.01402,N,10029.52332,E,2.103,152.56,160426,0.53,W,D,V*43
1776370290.248,$GNVTG,152.56,T,153.09,M,2.103,N,3.895,K,D*34
1776370290.252,$GNGGA,201130.00,1339.01402,N,10029.52332,E,2,12,0.60,2.0,M,-27.8,M,,0499*63
1776370290.254,$GNGSA,A,3,16,27,26,28,31,04,03,,,,,,1.25,0.60,1.09,1*00
1776370290.256,$GNGSA,A,3,79,70,73,80,69,68,,,,,,,1.25,0.60,1.09,2*0E
1776370290.259,$GNGSA,A,3,25,08,30,02,03,05,,,,,,,1.25,0.60,1.09,3*03
1776370290.261,$GNGSA,A,3,14,09,24,07,10,16,13,,,,,,1.25,0.60,1.09,4*05
1776370290.262,$GPGSV,3,1,11,03,41,259,33,04,33,332,33,08,33,185,16,16,63,356,48,1*65
1776370290.264,$GPGSV,3,2,11,26,34,025,41,27,53,146,33,28,16,068,35,31,30,044,44,1*60
1776370290.265,$GPGSV,3,3,11,41,64,233,42,42,70,217,42,50,56,115,43,1*50
1776370290.266,$GPGSV,2,1,08,03,41,259,33,04,33,332,30,08,33,185,18,26,34,025,41,6*69
1776370290.267,$GPGSV,2,2,08,27,53,146,32,28,16,068,40,31,30,044,33,32,16,134,15,6*68
1776370290.268,$GPGSV,1,1,04,01,02,220,,02,05,193,,09,03,323,,40,36,259,,0*69
1776370290.269,$GLGSV,2,1,08,68,23,154,23,69,74,149,49,70,49,334,52,73,27,271,40,1*78
1776370290.270,$GLGSV,2,2,08,79,11,027,40,80,40,338,40,82,09,115,20,,,,31,1*49
1776370290.270,$GLGSV,2,1,06,68,23,154,19,69,74,149,45,70,49,334,49,73,27,271,38,3*74
1776370290.271,$GLGSV,2,2,06,79,11,027,30,80,40,338,39,3*7A
1776370290.272,$GLGSV,1,1,02,81,03,073,,83,04,164,,0*79
1776370290.273,$GAGSV,2,1,06,02,75,331,50,03,66,057,50,05,28,120,46,25,27,031,32,2*7C
1776370290.273,$GAGSV,2,2,06,30,37,233,25,32,56,356,50,2*75
1776370290.274,$GAGSV,2,1,07,02,75,331,47,03,66,057,47,05,28,120,42,08,35,336,38,7*7E
1776370290.275,$GAGSV,2,2,07,25,27,031,39,30,37,233,23,32,56,356,46,7*4A
1776370290.276,$GAGSV,1,1,02,15,05,224,,34,07,177,,0*72
1776370290.276,$GBGSV,2,1,08,06,30,181,18,07,55,160,28,09,43,341,30,10,49,174,22,1*76
1776370290.277,$GBGSV,2,2,08,12,21,152,14,13,46,206,29,16,40,014,44,24,46,330,46,1*72
1776370290.278,$GBGSV,2,1,05,07,55,160,31,09,43,341,29,13,46,206,30,14,61,303,51,3*72
1776370290.278,$GBGSV,2,2,05,16,40,014,45,3*46
1776370290.279,$GBGSV,3,1,10,01,37,105,,02,66,235,,03,70,144,,04,21,101,,0*71
1776370290.280,$GBGSV,3,2,10,04,21,101,,05,41,258,,08,38,191,,11,02,198,,0*77
1776370290.280,$GBGSV,3,3,10,11,02,198,,21,32,157,,0*75
1776370290.281,$GNGLL,1339.01402,N,10029.52332,E,201130.00,A,D*73
1776370291.236,$GNRMC,201131.00,A,1339.01346,N,10029.52355,E,2.387,153.17,160426,0.53,W,D,V*4E
1776370291.239,$GNVTG,153.17,T,153.70,M,2.387,N,4.421,K,D*34
1776370291.240,$GNGGA,201131.00,1339.01346,N,10029.52355,E,2,12,0.63,2.0,M,-27.8,M,,0499*67
1776370291.240,$GNGSA,A,3,16,27,26,28,31,04,,,,,,,1.27,0.63,1.10,1*0A
1776370291.241,$GNGSA,A,3,79,70,73,80,69,68,,,,,,,1.27,0.63,1.10,2*07
1776370291.242,$GNGSA,A,3,25,08,30,02,03,05,,,,,,,1.27,0.63,1.10,3*0A
1776370291.242,$GNGSA,A,3,14,09,24,07,10,16,13,,,,,,1.27,0.63,1.10,4*0C
1776370291.243,$GPGSV,3,1,11,03,41,259,23,04,33,332,34,08,34,185,16,16,63,356,43,1*6F
1776370291.244,$GPGSV,3,2,11,26,34,025,31,27,53,146,31,28,16,068,37,31,30,044,41,1*62
1776370291.245,$GPGSV,3,3,11,41,64,233,39,42,70,217,37,50,56,115,43,1*5E
1776370291.246,$GPGSV,2,1,08,03,41,259,32,04,33,332,28,08,34,185,17,26,34,025,39,6*66
1776370291.247,$GPGSV,2,2,08,27,53,146,32,28,16,068,43,31,30,044,38,32,16,134,16,6*63
1776370291.247,$GPGSV,1,1,04,01,02,220,,02,05,193,,09,03,323,,40,36,259,,0*69
1776370291.248,$GLGSV,2,1,08,68,23,154,22,69,74,149,47,70,49,334,50,73,27,271,38,1*7A
1776370291.249,$GLGSV,2,2,08,79,11,027,33,80,40,338,40,82,09,115,20,,,,35,1*49
1776370291.250,$GLGSV,2,1,06,68,23,154,19,69,74,149,45,70,49,334,50,73,27,271,36,3*72
1776370291.251,$GLGSV,2,2,06,79,11,027,30,80,40,338,36,3*75
1776370291.251,$GLGSV,1,1,02,81,03,073,,83,04,164,,0*79
1776370291.252,$GAGSV,2,1,07,02,75,331,51,03,66,057,51,05,28,120,47,08,35,336,39,2*7F
1776370291.253,$GAGSV,2,2,07,25,27,031,37,30,37,233,27,32,56,356,52,2*40
1776370291.254,$GAGSV,2,1,07,02,75,331,45,03,66,057,43,05,28,120,43,08,35,336,33,7*72
1776370291.255,$GAGSV,2,2,07,25,27,031,37,30,37,233,23,32,56,356,46,7*44
1776370291.255,$GAGSV,1,1,02,15,05,224,,34,07,177,,0*72
1776370291.256,$GBGSV,2,1,08,06,30,181,17,07,55,160,26,09,43,341,31,10,49,174,21,1*75
1776370291.257,$GBGSV,2,2,08,12,21,152,12,13,46,206,23,16,40,014,44,24,46,330,50,1*79
1776370291.258,$GBGSV,2,1,05,07,55,160,31,09,43,341,42,13,46,206,24,14,61,303,49,3*73
1776370291.258,$GBGSV,2,2,05,16,40,014,45,3*46
1776370291.259,$GBGSV,3,1,10,01,37,105,,02,66,235,,03,70,144,,04,21,101,,0*71
1776370291.260,$GBGSV,3,2,10,04,21,101,,05,41,258,,08,38,191,,11,02,198,,0*77
1776370291.260,$GBGSV,3,3,10,11,02,198,,21,32,157,,0*75
1776370291.261,$GNGLL,1339.01346,N,10029.52355,E,201131.00,A,D*74
1776370292.254,$GNRMC,201132.00,A,1339.01288,N,10029.52383,E,2.442,146.37,160426,0.53,W,D,V*4D
1776370292.256,$GNVTG,146.37,T,146.90,M,2.442,N,4.523,K,D*35
1776370292.257,$GNGGA,201132.00,1339.01288,N,10029.52383,E,2,12,0.60,1.8,M,-27.8,M,,0499*64
1776370292.258,$GNGSA,A,3,16,27,26,28,31,04,03,,,,,,1.25,0.60,1.09,1*00
1776370292.258,$GNGSA,A,3,79,70,73,80,69,68,,,,,,,1.25,0.60,1.09,2*0E
1776370292.259,$GNGSA,A,3,25,08,30,02,03,05,,,,,,,1.25,0.60,1.09,3*03
1776370292.259,$GNGSA,A,3,14,09,24,07,10,16,13,,,,,,1.25,0.60,1.09,4*05
1776370292.260,$GPGSV,3,1,11,03,41,259,26,04,33,332,28,08,34,185,18,16,63,356,45,1*6F
1776370292.261,$GPGSV,3,2,11,26,34,025,38,27,53,146,37,28,16,068,35,31,30,044,35,1*6C
1776370292.262,$GPGSV,3,3,11,41,64,233,34,42,70,217,35,50,56,115,43,1*51
1776370292.263,$GPGSV,2,1,08,03,41,259,32,04,33,332,29,08,34,185,16,26,34,025,41,6*69
1776370292.264,$GPGSV,2,2,08,27,53,146,28,28,16,068,38,31,30,044,34,32,16,134,15,6*6B
1776370292.264,$GPGSV,1,1,04,01,02,220,,02,05,193,,09,04,324,,40,36,259,,0*69
1776370292.265,$GLGSV,2,1,08,68,23,154,21,69,74,149,47,70,49,334,53,73,27,271,35,1*77
1776370292.266,$GLGSV,2,2,08,79,11,027,38,80,40,338,44,82,09,115,21,,,,28,1*4B
1776370292.266,$GLGSV,2,1,06,68,23,154,20,69,74,149,42,70,49,334,49,73,27,271,39,3*78
1776370292.267,$GLGSV,2,2,06,79,11,027,35,80,40,338,36,3*70
1776370292.267,$GLGSV,1,1,02,81,03,073,,83,04,164,,0*79
1776370292.268,$GAGSV,2,1,07,02,75,331,51,03,66,057,51,05,28,120,43,08,35,336,41,2*74
1776370292.269,$GAGSV,2,2,07,25,27,031,44,30,37,233,27,32,56,356,51,2*47
1776370292.269,$GAGSV,2,1,07,02,75,331,43,03,66,057,48,05,28,120,44,08,35,336,35,7*7E
1776370292.270,$GAGSV,2,2,07,25,27,031,42,30,37,233,24,32,56,356,44,7*43
1776370292.271,$GAGSV,1,1,02,15,05,224,,34,07,177,,0*72
1776370292.271,$GBGSV,2,1,08,06,30,181,16,07,55,160,27,09,43,341,41,10,49,174,21,1*72
1776370292.272,$GBGSV,2,2,08,12,21,152,11,13,46,206,22,16,40,014,41,24,46,330,49,1*76
1776370292.273,$GBGSV,2,1,05,07,55,160,24,09,43,341,43,13,46,206,24,14,61,303,53,3*7D
1776370292.273,$GBGSV,2,2,05,16,40,014,45,3*46
1776370292.274,$GBGSV,3,1,10,01,37,105,,02,66,235,,03,70,144,,04,21,101,,0*71
1776370292.274,$GBGSV,3,2,10,04,21,101,,05,41,258,,08,38,191,,11,02,198,,0*77
1776370292.275,$GBGSV,3,3,10,11,02,198,,21,32,157,,0*75
1776370292.275,$GNGLL,1339.01288,N,10029.52383,E,201132.00,A,D*7F
1776370293.245,$GNRMC,201133.00,A,1339.01234,N,10029.52414,E,2.203,145.82,160426,0.53,W,D,V*4C
1776370293.247,$GNVTG,145.82,T,146.35,M,2.203,N,4.080,K,D*38
1776370293.249,$GNGGA,201133.00,1339.01234,N,10029.52414,E,2,12,0.64,1.7,M,-27.8,M,,0499*60
1776370293.251,$GNGSA,A,3,16,27,26,28,31,04,03,,,,,,1.29,0.64,1.12,1*02
1776370293.252,$GNGSA,A,3,79,70,73,80,69,68,,,,,,,1.29,0.64,1.12,2*0C
1776370293.254,$GNGSA,A,3,25,08,30,02,03,05,,,,,,,1.29,0.64,1.12,3*01
1776370293.256,$GNGSA,A,3,14,09,24,07,10,16,13,,,,,,1.29,0.64,1.12,4*07
1776370293.258,$GPGSV,3,1,11,03,41,259,27,04,33,332,36,08,34,185,16,16,63,356,48,1*62
1776370293.262,$GPGSV,3,2,11,26,34,025,37,27,53,146,27,28,16,068,39,31,30,044,41,1*6D
1776370293.265,$GPGSV,3,3,11,41,64,233,30,42,70,217,31,50,56,115,44,1*56
1776370293.267,$GPGSV,2,1,08,03,41,259,28,04,33,332,35,08,34,185,15,26,34,025,38,6*62
1776370293.269,$GPGSV,2,2,08,27,53,146,27,28,16,068,40,31,30,044,40,32,16,134,15,6*68
1776370293.271,$GPGSV,1,1,04,01,02,220,,02,05,193,,09,04,324,,40,36,259,,0*69
1776370293.272,$GLGSV,2,1,08,68,23,154,21,69,74,149,48,70,49,334,51,73,27,271,41,1*79
1776370293.274,$GLGSV,2,2,08,79,11,027,45,80,40,338,45,82,09,115,20,,,,28,1*41
1776370293.276,$GLGSV,2,1,06,68,23,154,19,69,74,149,44,70,49,334,49,73,27,271,37,3*7A
1776370293.278,$GLGSV,2,2,06,79,11,027,32,80,40,338,40,3*76
1776370293.280,$GLGSV,1,1,02,81,03,073,,83,04,164,,0*79
1776370293.281,$GAGSV,2,1,07,02,75,331,52,03,66,057,52,05,28,120,41,08,35,336,41,2*76
1776370293.282,$GAGSV,2,2,07,25,27,031,45,30,37,233,25,32,56,356,52,2*47
1776370293.282,$GAGSV,2,1,07,02,75,331,49,03,66,057,46,05,28,120,43,08,35,336,37,7*7F
1776370293.283,$GAGSV,2,2,07,25,27,031,35,30,37,233,24,32,56,356,47,7*40
1776370293.284,$GAGSV,1,1,02,15,05,224,,34,07,177,,0*72
1776370293.285,$GBGSV,2,1,08,06,30,181,16,07,55,160,26,09,43,341,41,10,49,174,20,1*72
1776370293.285,$GBGSV,2,2,08,12,21,152,08,13,46,206,21,16,40,014,46,24,46,330,50,1*72
1776370293.286,$GBGSV,1,1,04,09,43,341,44,13,46,206,23,14,61,303,53,16,40,014,46,3*7D
1776370293.287,$GBGSV,3,1,10,01,37,105,,02,66,235,,03,70,144,,04,21,101,,0*71
1776370293.288,$GBGSV,3,2,10,04,21,101,,05,41,258,,08,38,191,,11,02,198,,0*77
1776370293.288,$GBGSV,3,3,10,11,02,198,,21,32,157,,0*75
1776370293.288,$GNGLL,1339.01234,N,10029.52414,E,201133.00,A,D*70
1776370294.242,$GNRMC,201134.00,A,1339.01184,N,10029.52445,E,2.232,144.02,160426,0.53,W,D,V*4C
1776370294.244,$GNVTG,144.02,T,144.55,M,2.232,N,4.133,K,D*3E
1776370294.247,$GNGGA,201134.00,1339.01184,N,10029.52445,E,2,12,0.64,1.6,M,-27.8,M,,0499*6A
1776370294.248,$GNGSA,A,3,16,27,26,28,31,04,03,,,,,,1.29,0.64,1.12,1*02
1776370294.250,$GNGSA,A,3,79,70,73,80,69,68,,,,,,,1.29,0.64,1.12,2*0C
1776370294.251,$GNGSA,A,3,25,08,30,02,03,05,,,,,,,1.29,0.64,1.12,3*01
1776370294.253,$GNGSA,A,3,14,09,24,07,16,13,,,,,,,1.29,0.64,1.12,4*06
1776370294.255,$GPGSV,3,1,11,03,41,259,26,04,33,332,36,08,34,185,15,16,63,356,46,1*6E
1776370294.257,$GPGSV,3,2,11,26,34,025,42,27,53,146,32,28,16,068,42,31,30,044,44,1*62
1776370294.259,$GPGSV,3,3,11,41,64,233,30,42,70,217,31,50,56,115,45,1*57
1776370294.261,$GPGSV,2,1,08,03,41,259,27,04,33,332,36,08,34,185,15,26,34,025,43,6*62
1776370294.263,$GPGSV,2,2,08,27,53,146,27,28,16,068,39,31,30,044,39,32,16,134,15,6*68
1776370294.265,$GPGSV,1,1,04,01,02,220,,02,05,193,,09,04,324,,40,36,259,,0*69
1776370294.268,$GLGSV,2,1,08,68,23,154,21,69,74,149,50,70,49,334,50,73,27,271,31,1*76
1776370294.270,$GLGSV,2,2,08,79,11,027,45,80,40,338,47,82,09,115,19,,,,29,1*48
1776370294.272,$GLGSV,2,1,06,68,23,154,20,69,74,149,45,70,49,334,50,73,27,271,28,3*77
1776370294.273,$GLGSV,2,2,06,79,11,027,41,80,40,338,40,3*72
1776370294.275,$GLGSV,1,1,02,81,03,073,,83,04,164,,0*79
1776370294.276,$GAGSV,2,1,07,02,75,331,53,03,66,057,50,05,28,120,45,08,35,336,40,2*70
1776370294.278,$GAGSV,2,2,07,25,27,031,39,30,37,233,24,32,56,356,50,2*4F
1776370294.279,$GAGSV,2,1,07,02,75,331,46,03,66,057,47,05,28,120,45,08,35,336,34,7*74
1776370294.280,$GAGSV,2,2,07,25,27,031,35,30,37,233,22,32,56,356,46,7*47
1776370294.281,$GAGSV,1,1,02,15,05,224,,34,07,177,,0*72
1776370294.282,$GBGSV,2,1,07,06,30,181,17,07,55,160,24,09,43,341,44,10,49,174,19,1*71
1776370294.283,$GBGSV,2,2,07,13,46,206,21,16,40,014,42,24,46,330,48,1*4E
1776370294.284,$GBGSV,1,1,04,09,43,341,45,13,46,206,23,14,61,303,53,16,40,014,44,3*7E
1776370294.285,$GBGSV,3,1,11,01,37,105,,02,66,235,,03,70,144,,04,21,101,,0*70
1776370294.285,$GBGSV,3,2,11,04,21,101,,05,41,258,,08,38,191,,11,02,198,,0*76
1776370294.286,$GBGSV,3,3,11,11,02,198,,12,21,152,,21,32,157,,0*42
1776370294.287,$GNGLL,1339.01184,N,10029.52445,E,201134.00,A,D*7B
1776370295.240,$GNRMC,201135.00,A,1339.01135,N,10029.52477,E,2.114,142.62,160426,0.53,W,D,V*41
1776370295.241,$GNVTG,142.62,T,143.15,M,2.114,N,3.914,K,D*30
1776370295.242,$GNGGA,201135.00,1339.01135,N,10029.52477,E,2,12,0.64,1.5,M,-27.8,M,,0499*63
1776370295.244,$GNGSA,A,3,16,27,26,28,31,04,03,,,,,,1.29,0.64,1.12,1*02
1776370295.244,$GNGSA,A,3,79,70,73,80,69,68,,,,,,,1.29,0.64,1.12,2*0C
1776370295.245,$GNGSA,A,3,25,08,30,02,03,05,,,,,,,1.29,0.64,1.12,3*01
1776370295.246,$GNGSA,A,3,14,09,24,07,16,13,,,,,,,1.29,0.64,1.12,4*06
1776370295.247,$GPGSV,3,1,11,03,41,259,25,04,33,332,33,08,34,185,16,16,63,356,45,1*68
1776370295.248,$GPGSV,3,2,11,26,34,025,41,27,53,146,34,28,16,068,39,31,30,044,43,1*6C
1776370295.249,$GPGSV,3,3,11,41,64,233,29,42,70,217,30,50,56,115,43,1*58
1776370295.250,$GPGSV,2,1,08,03,41,259,26,04,33,332,36,08,34,185,15,26,34,025,38,6*6F
1776370295.251,$GPGSV,2,2,08,27,53,146,31,28,16,068,43,31,30,044,41,32,16,134,16,6*6E
1776370295.252,$GPGSV,1,1,04,01,02,220,,02,05,193,,09,04,324,,40,36,259,,0*69
1776370295.252,$GLGSV,2,1,08,68,23,154,21,69,74,149,51,70,49,334,49,73,27,271,31,1*7F
1776370295.253,$GLGSV,2,2,08,79,11,027,39,80,40,338,48,82,09,115,20,,,,28,1*47
1776370295.253,$GLGSV,2,1,06,68,23,154,19,69,74,149,47,70,49,334,50,73,27,271,29,3*7E
1776370295.254,$GLGSV,2,2,06,79,11,027,42,80,40,338,45,3*74
1776370295.254,$GLGSV,1,1,02,81,03,073,,83,04,164,,0*79
1776370295.255,$GAGSV,2,1,07,02,75,331,50,03,66,057,50,05,28,120,46,08,35,336,36,2*71
1776370295.255,$GAGSV,2,2,07,25,27,031,40,30,37,233,23,32,56,356,51,2*47
1776370295.256,$GAGSV,2,1,07,02,75,331,46,03,66,057,47,05,28,120,45,08,35,336,30,7*70
1776370295.257,$GAGSV,2,2,07,25,27,031,35,30,37,233,22,32,56,356,48,7*49
1776370295.257,$GAGSV,1,1,02,15,05,224,,34,07,177,,0*72
1776370295.259,$GBGSV,2,1,07,06,30,181,18,07,55,160,22,09,43,341,45,13,46,206,25,1*7C
1776370295.260,$GBGSV,2,2,07,14,61,303,46,16,40,014,41,24,46,330,47,1*45
1776370295.261,$GBGSV,1,1,04,09,43,341,48,13,46,206,21,14,61,303,51,16,40,014,43,3*74
1776370295.262,$GBGSV,3,1,12,01,37,105,,02,66,235,,03,70,144,,04,21,101,,0*73
1776370295.263,$GBGSV,3,2,12,04,21,101,,05,41,258,,08,38,191,,10,49,174,,0*79
1776370295.264,$GBGSV,3,3,12,10,49,174,,11,02,198,,12,21,152,,21,32,157,,0*7F
1776370295.265,$GNGLL,1339.01135,N,10029.52477,E,201135.00,A,D*71
1776370296.245,$GNRMC,201136.00,A,1339.01090,N,10029.52513,E,2.144,134.85,160426,0.53,W,D,V*42
1776370296.245,$GNVTG,134.85,T,135.38,M,2.144,N,3.970,K,D*31
1776370296.246,$GNGGA,201136.00,1339.01090,N,10029.52513,E,2,12,0.64,1.4,M,-27.8,M,,0499*6C
1776370296.247,$GNGSA,A,3,16,27,26,28,31,04,03,,,,,,1.29,0.64,1.12,1*02
1776370296.248,$GNGSA,A,3,79,70,73,80,69,68,,,,,,,1.29,0.64,1.12,2*0C
1776370296.248,$GNGSA,A,3,25,08,30,02,03,05,,,,,,,1.29,0.64,1.12,3*01
1776370296.249,$GNGSA,A,3,14,09,24,07,16,13,,,,,,,1.29,0.64,1.12,4*06
1776370296.250,$GPGSV,3,1,11,03,41,259,27,04,33,332,32,08,34,185,17,16,63,356,43,1*6C
1776370296.251,$GPGSV,3,2,11,26,34,025,35,27,53,146,24,28,16,068,40,31,30,044,43,1*60
1776370296.252,$GPGSV,3,3,11,41,64,233,28,42,70,217,29,50,56,115,43,1*51
1776370296.252,$GPGSV,2,1,08,03,41,259,26,04,33,332,35,08,34,185,16,26,34,025,40,6*60
1776370296.253,$GPGSV,2,2,08,27,53,146,31,28,16,068,42,31,30,044,42,32,16,134,16,6*6C
1776370296.254,$GPGSV,1,1,04,01,02,220,,02,05,193,,09,04,324,,40,36,259,,0*69
1776370296.255,$GLGSV,2,1,08,68,23,154,20,69,74,149,52,70,49,334,52,73,27,271,35,1*73
1776370296.256,$GLGSV,2,2,08,79,11,027,38,80,40,338,51,82,09,115,20,,,,33,1*44
1776370296.257,$GLGSV,2,1,06,68,23,154,20,69,74,149,47,70,49,334,48,73,27,271,33,3*76
1776370296.257,$GLGSV,2,2,06,79,11,027,38,80,40,338,45,3*79
1776370296.258,$GLGSV,1,1,02,81,03,073,,83,04,164,,0*79
1776370296.259,$GAGSV,2,1,07,02,75,331,51,03,66,057,51,05,28,120,46,08,35,336,41,2*71
1776370296.260,$GAGSV,2,2,07,25,27,031,40,30,37,233,22,32,56,356,51,2*46
1776370296.261,$GAGSV,2,1,07,02,75,331,48,03,66,057,47,05,28,120,44,08,35,336,35,7*7A
1776370296.266,$GAGSV,2,2,07,25,27,031,43,30,37,233,21,32,56,356,48,7*4B
1776370296.266,$GAGSV,1,1,02,15,05,224,,34,07,177,,0*72
1776370296.267,$GBGSV,2,1,06,07,55,160,20,09,43,341,41,13,46,206,25,14,61,303,48,1*71
1776370296.268,$GBGSV,2,2,06,16,40,014,43,24,46,330,50,1*70
1776370296.269,$GBGSV,1,1,04,09,43,341,43,13,46,206,21,14,61,303,51,16,40,014,39,3*72
1776370296.269,$GBGSV,4,1,13,01,37,105,,02,66,235,,03,70,144,,04,21,101,,0*75
1776370296.272,$GBGSV,4,2,13,04,21,101,,05,41,258,,06,30,181,,08,38,191,,0*7C
1776370296.273,$GBGSV,4,3,13,08,38,191,,10,49,174,,11,02,198,,12,21,152,,0*72
1776370296.273,$GBGSV,4,4,13,12,21,152,,0*43
1776370296.274,$GNGLL,1339.01090,N,10029.52513,E,201136.00,A,D*7F
1776370297.240,$GNRMC,201137.00,A,1339.01051,N,10029.52556,E,2.075,133.47,160426,0.53,W,D,V*45
1776370297.243,$GNVTG,133.47,T,134.00,M,2.075,N,3.843,K,D*30
1776370297.245,$GNGGA,201137.00,1339.01051,N,10029.52556,E,2,12,0.69,1.5,M,-27.8,M,,0499*6D
1776370297.247,$GNGSA,A,3,16,27,26,28,31,04,03,,,,,,1.33,0.69,1.14,1*02
1776370297.249,$GNGSA,A,3,79,70,73,80,69,,,,,,,,1.33,0.69,1.14,2*02
1776370297.250,$GNGSA,A,3,25,08,30,02,03,05,,,,,,,1.33,0.69,1.14,3*01
1776370297.250,$GNGSA,A,3,14,09,24,07,16,13,,,,,,,1.33,0.69,1.14,4*06
1776370297.251,$GPGSV,3,1,10,03,41,259,26,04,33,332,33,08,34,185,16,16,63,356,45,1*6A
1776370297.252,$GPGSV,3,2,10,26,34,025,40,27,53,146,26,28,16,068,36,31,30,044,46,1*65
1776370297.252,$GPGSV,3,3,10,42,70,217,28,50,56,115,45,1*68
1776370297.253,$GPGSV,2,1,08,03,41,259,26,04,33,332,39,08,34,185,15,26,34,025,40,6*6F
1776370297.254,$GPGSV,2,2,08,27,53,146,23,28,16,068,41,31,30,044,42,32,16,134,16,6*6C
1776370297.254,$GPGSV,2,1,05,01,02,220,,02,05,193,,09,04,324,,40,36,259,,0*6B
1776370297.255,$GPGSV,2,2,05,40,36,259,,0*5F
1776370297.256,$GLGSV,2,1,08,68,23,154,19,69,74,149,53,70,49,334,50,73,27,271,37,1*78
1776370297.256,$GLGSV,2,2,08,79,11,027,45,80,40,338,50,82,09,115,21,,,,34,1*49
1776370297.257,$GLGSV,2,1,06,68,23,154,19,69,74,149,49,70,49,334,48,73,27,271,36,3*77
1776370297.257,$GLGSV,2,2,06,79,11,027,38,80,40,338,47,3*7B
1776370297.258,$GLGSV,1,1,02,81,03,073,,83,04,164,,0*79
1776370297.259,$GAGSV,2,1,07,02,74,332,53,03,66,057,51,05,28,120,46,08,35,336,37,2*70
1776370297.259,$GAGSV,2,2,07,25,27,031,42,30,37,233,23,32,56,356,50,2*44
1776370297.261,$GAGSV,2,1,07,02,74,332,51,03,66,057,45,05,28,120,43,08,35,336,41,7*76
1776370297.262,$GAGSV,2,2,07,25,27,031,41,30,37,233,20,32,56,356,46,7*46
1776370297.262,$GAGSV,1,1,02,15,05,224,,34,07,177,,0*72
1776370297.263,$GBGSV,2,1,06,07,55,160,20,09,43,341,43,13,46,206,23,14,61,303,47,1*7A
1776370297.264,$GBGSV,2,2,06,16,40,014,40,24,46,330,49,1*7B
1776370297.264,$GBGSV,1,1,03,09,43,341,45,14,61,303,51,16,40,014,41,3*4B
1776370297.265,$GBGSV,4,1,13,01,37,105,,02,66,235,,03,70,144,,04,21,101,,0*75
1776370297.266,$GBGSV,4,2,13,04,21,101,,05,41,258,,06,30,181,,08,38,191,,0*7C
1776370297.266,$GBGSV,4,3,13,08,38,191,,10,49,174,,11,02,198,,12,21,152,,0*72
1776370297.267,$GBGSV,4,4,13,12,21,152,,0*43
1776370297.267,$GNGLL,1339.01051,N,10029.52556,E,201137.00,A,D*72
1776370298.240,$GNRMC,201138.00,A,1339.01009,N,10029.52598,E,2.241,132.53,160426,0.53,W,D,V*44
1776370298.242,$GNVTG,132.53,T,133.06,M,2.241,N,4.151,K,D*3D
1776370298.244,$GNGGA,201138.00,1339.01009,N,10029.52598,E,2,12,0.69,1.5,M,-27.8,M,,0499*6D
1776370298.244,$GNGSA,A,3,16,27,26,28,31,04,03,,,,,,1.33,0.69,1.14,1*02
1776370298.245,$GNGSA,A,3,79,70,73,80,69,,,,,,,,1.33,0.69,1.14,2*02
1776370298.245,$GNGSA,A,3,25,08,30,02,03,05,,,,,,,1.33,0.69,1.14,3*01
1776370298.246,$GNGSA,A,3,14,09,24,07,16,13,,,,,,,1.33,0.69,1.14,4*06
1776370298.246,$GPGSV,3,1,11,03,41,259,25,04,33,332,42,08,34,185,17,16,63,356,44,1*6E
1776370298.247,$GPGSV,3,2,11,26,34,025,43,27,53,146,27,28,16,068,40,31,30,044,42,1*63
1776370298.248,$GPGSV,3,3,11,32,16,134,25,42,70,217,27,50,56,115,43,1*57
1776370298.248,$GPGSV,2,1,08,03,41,259,26,04,33,332,37,08,34,185,13,26,34,025,39,6*69
1776370298.249,$GPGSV,2,2,08,27,53,146,25,28,16,068,43,31,30,044,42,32,16,134,15,6*6B
1776370298.250,$GPGSV,2,1,05,01,02,220,,02,05,193,,09,04,324,,40,36,259,,0*6B
1776370298.250,$GPGSV,2,2,05,40,36,259,,0*5F
1776370298.251,$GLGSV,2,1,08,68,23,154,19,69,74,149,51,70,49,334,51,73,27,271,25,1*78
1776370298.251,$GLGSV,2,2,08,79,11,027,42,80,40,338,47,82,09,115,20,,,,35,1*48
1776370298.252,$GLGSV,2,1,06,68,23,154,18,69,74,149,49,70,49,334,49,73,27,271,32,3*73
1776370298.253,$GLGSV,2,2,06,79,11,027,41,80,40,338,48,3*7A
1776370298.253,$GLGSV,1,1,02,81,03,073,,83,04,164,,0*79
1776370298.254,$GAGSV,2,1,07,02,74,332,51,03,66,057,50,05,28,120,46,08,35,336,42,2*71
1776370298.254,$GAGSV,2,2,07,25,27,031,44,30,37,233,24,32,56,356,50,2*45
1776370298.255,$GAGSV,2,1,07,02,74,332,48,03,66,057,47,05,28,120,43,08,35,336,41,7*7C
1776370298.256,$GAGSV,2,2,07,25,27,031,41,30,37,233,19,32,56,356,47,7*4D
1776370298.256,$GAGSV,1,1,02,15,05,224,,34,07,177,,0*72
1776370298.257,$GBGSV,2,1,06,07,55,160,20,09,43,341,41,13,46,206,21,14,61,303,43,1*7E
1776370298.257,$GBGSV,2,2,06,16,40,014,41,24,46,330,48,1*7B
1776370298.258,$GBGSV,1,1,03,09,43,341,45,14,61,303,53,16,40,014,41,3*49
1776370298.259,$GBGSV,4,1,13,01,37,105,,02,66,235,,03,70,144,,04,21,101,,0*75
1776370298.259,$GBGSV,4,2,13,04,21,101,,05,41,258,,06,30,181,,08,38,191,,0*7C
1776370298.260,$GBGSV,4,3,13,08,38,191,,10,49,174,,11,02,198,,12,21,152,,0*72
1776370298.260,$GBGSV,4,4,13,12,21,152,,0*43
1776370298.261,$GNGLL,1339.01009,N,10029.52598,E,201138.00,A,D*72
1776370299.239,$GNRMC,201139.00,A,1339.00967,N,10029.52642,E,2.192,134.19,160426,0.53,W,D,V*44
1776370299.239,$GNVTG,134.19,T,134.72,M,2.192,N,4.059,K,D*35
1776370299.240,$GNGGA,201139.00,1339.00967,N,10029.52642,E,2,12,0.72,1.6,M,-27.8,M,,0499*61
1776370299.240,$GNGSA,A,3,16,27,26,28,31,04,03,,,,,,1.35,0.72,1.14,1*0E
1776370299.241,$GNGSA,A,3,79,70,73,80,69,,,,,,,,1.35,0.72,1.14,2*0E
1776370299.241,$GNGSA,A,3,25,08,30,02,03,05,,,,,,,1.35,0.72,1.14,3*0D
1776370299.242,$GNGSA,A,3,14,09,24,16,,,,,,,,,1.35,0.72,1.14,4*0F
1776370299.243,$GPGSV,3,1,10,04,33,332,44,08,34,185,16,16,62,358,47,26,34,025,44,1*6F
1776370299.244,$GPGSV,3,2,10,27,53,146,27,28,16,068,42,31,30,044,45,40,36,259,29,1*60
1776370299.245,$GPGSV,3,3,10,42,70,217,27,50,56,115,45,1*67
1776370299.246,$GPGSV,2,1,08,03,41,259,24,04,33,332,36,08,34,185,12,26,34,025,42,6*67
1776370299.246,$GPGSV,2,2,08,27,53,146,26,28,16,068,33,31,30,044,43,32,16,134,15,6*6E
1776370299.247,$GPGSV,1,1,04,01,02,220,,02,05,193,,09,04,324,,41,64,233,,0*63
1776370299.248,$GLGSV,2,1,08,68,23,154,19,69,74,149,51,70,49,334,49,73,27,271,31,1*74
1776370299.248,$GLGSV,2,2,08,79,11,027,40,80,40,338,50,82,09,115,20,,,,37,1*4E
1776370299.249,$GLGSV,2,1,06,68,23,154,18,69,74,149,45,70,49,334,49,73,27,271,32,3*7F
1776370299.249,$GLGSV,2,2,06,79,11,027,39,80,40,338,46,3*7B
1776370299.250,$GLGSV,1,1,02,81,03,073,,83,04,164,,0*79
1776370299.251,$GAGSV,2,1,07,02,74,332,52,03,66,057,53,05,28,120,44,08,35,336,46,2*77
1776370299.252,$GAGSV,2,2,07,25,27,031,46,30,37,233,23,32,56,356,50,2*40
1776370299.252,$GAGSV,2,1,07,02,74,332,49,03,66,057,45,05,28,120,40,08,35,336,44,7*79
1776370299.253,$GAGSV,2,2,07,25,27,031,41,30,37,233,21,32,56,356,47,7*46
1776370299.253,$GAGSV,1,1,02,15,05,224,,34,07,177,,0*72
1776370299.254,$GBGSV,2,1,06,07,55,160,18,09,43,341,43,13,46,206,19,14,61,303,45,1*7A
1776370299.254,$GBGSV,2,2,06,16,40,014,42,24,46,330,49,1*79
1776370299.255,$GBGSV,1,1,03,09,43,341,45,14,61,303,51,16,40,014,41,3*4B
1776370299.255,$GBGSV,4,1,13,01,37,105,,02,66,235,,03,70,144,,04,21,101,,0*75
1776370299.256,$GBGSV,4,2,13,04,21,101,,05,41,258,,06,30,181,,08,38,191,,0*7C
1776370299.256,$GBGSV,4,3,13,08,38,191,,10,49,174,,11,02,198,,12,21,152,,0*72
1776370299.257,$GBGSV,4,4,13,12,21,152,,0*43
1776370299.257,$GNGLL,1339.00967,N,10029.52642,E,201139.00,A,D*77
1776370300.234,$GNRMC,201140.00,A,1339.00925,N,10029.52686,E,2.189,132.03,160426,0.53,W,D,V*43
1776370300.236,$GNVTG,132.03,T,132.56,M,2.189,N,4.053,K,D*38
1776370300.239,$GNGGA,201140.00,1339.00925,N,10029.52686,E,2,12,0.69,1.6,M,-27.8,M,,0499*6B
1776370300.241,$GNGSA,A,3,16,27,40,26,28,31,04,03,,,,,1.33,0.69,1.14,1*06
1776370300.242,$GNGSA,A,3,79,70,73,80,69,,,,,,,,1.33,0.69,1.14,2*02
1776370300.245,$GNGSA,A,3,25,08,30,02,03,05,,,,,,,1.33,0.69,1.14,3*01
1776370300.247,$GNGSA,A,3,14,09,24,07,16,,,,,,,,1.33,0.69,1.14,4*04
1776370300.250,$GPGSV,3,1,09,04,33,332,44,08,34,185,14,16,62,358,47,26,34,025,42,1*63
1776370300.253,$GPGSV,3,2,09,27,53,146,27,28,16,068,43,31,30,044,44,40,36,259,28,1*69
1776370300.254,$GPGSV,3,3,09,50,56,115,43,1*59
1776370300.256,$GPGSV,2,1,08,03,41,259,21,04,33,332,39,08,34,185,14,26,34,025,42,6*6B
1776370300.257,$GPGSV,2,2,08,27,53,146,24,28,16,068,40,31,30,044,41,32,16,134,15,6*6A
1776370300.259,$GPGSV,2,1,05,01,02,220,,02,05,193,,09,04,324,,41,64,233,,0*61
1776370300.259,$GPGSV,2,2,05,41,64,233,,0*55
1776370300.261,$GLGSV,2,1,08,68,23,154,19,69,74,149,50,70,49,334,50,73,27,271,41,1*7A
1776370300.263,$GLGSV,2,2,08,79,11,027,43,80,40,338,48,82,09,115,20,,,,36,1*45
1776370300.265,$GLGSV,2,1,06,68,23,154,18,69,74,149,48,70,49,334,48,73,27,271,36,3*77
1776370300.265,$GLGSV,2,2,06,79,11,027,37,80,40,338,45,3*76
1776370300.266,$GLGSV,1,1,02,81,03,073,,83,04,164,,0*79
1776370300.267,$GAGSV,2,1,07,02,74,332,52,03,66,057,51,05,28,120,42,08,35,336,47,2*72
1776370300.267,$GAGSV,2,2,07,25,27,031,44,30,37,233,22,32,56,356,51,2*42
1776370300.268,$GAGSV,2,1,07,02,74,332,49,03,66,057,46,05,28,120,40,08,35,336,46,7*78
1776370300.269,$GAGSV,2,2,07,25,27,031,42,30,37,233,21,32,56,356,45,7*47
1776370300.269,$GAGSV,1,1,02,15,05,224,,34,07,177,,0*72
1776370300.270,$GBGSV,2,1,06,07,55,160,20,09,43,341,43,13,46,206,17,14,61,303,46,1*7C
1776370300.271,$GBGSV,2,2,06,16,40,014,43,24,46,330,49,1*78
1776370300.271,$GBGSV,1,1,03,09,43,341,45,14,61,303,50,16,40,014,39,3*45
1776370300.272,$GBGSV,4,1,13,01,37,105,,02,66,235,,03,70,144,,04,21,101,,0*75
1776370300.272,$GBGSV,4,2,13,04,21,101,,05,41,258,,06,30,181,,08,38,191,,0*7C
1776370300.273,$GBGSV,4,3,13,08,38,191,,10,49,174,,11,02,198,,12,21,152,,0*72
1776370300.273,$GBGSV,4,4,13,12,21,152,,0*43
1776370300.274,$GNGLL,1339.00925,N,10029.52686,E,201140.00,A,D*77
1776370301.243,$GNRMC,201141.00,A,1339.00885,N,10029.52731,E,2.160,129.35,160426,0.53,W,D,V*4C
1776370301.246,$GNVTG,129.35,T,129.88,M,2.160,N,4.000,K,D*3F
1776370301.249,$GNGGA,201141.00,1339.00885,N,10029.52731,E,2,12,0.69,1.6,M,-27.8,M,,0499*6C
1776370301.251,$GNGSA,A,3,16,27,40,26,28,31,04,03,,,,,1.33,0.69,1.14,1*06
1776370301.252,$GNGSA,A,3,79,70,73,80,69,,,,,,,,1.33,0.69,1.14,2*02
1776370301.254,$GNGSA,A,3,25,08,30,02,03,05,,,,,,,1.33,0.69,1.14,3*01
1776370301.255,$GNGSA,A,3,14,09,24,07,16,,,,,,,,1.33,0.69,1.14,4*04
1776370301.257,$GPGSV,3,1,10,03,41,259,25,04,33,332,42,08,34,185,16,16,62,358,49,1*6C
1776370301.260,$GPGSV,3,2,10,26,34,025,44,27,53,146,26,28,16,068,39,31,30,044,46,1*6E
1776370301.262,$GPGSV,3,3,10,40,36,259,27,50,56,115,44,1*6C
1776370301.265,$GPGSV,2,1,08,03,41,259,20,04,33,332,39,08,34,185,14,26,34,025,39,6*66
1776370301.267,$GPGSV,2,2,08,27,53,146,25,28,16,068,41,31,30,044,42,32,16,134,15,6*69
1776370301.269,$GPGSV,2,1,05,01,02,220,,02,05,193,,09,04,324,,41,64,233,,0*61
1776370301.270,$GPGSV,2,2,05,41,64,233,,0*55
1776370301.271,$GLGSV,2,1,08,68,23,154,18,69,74,149,54,70,49,334,50,73,27,271,31,1*78
1776370301.272,$GLGSV,2,2,08,79,11,027,41,80,40,338,48,82,09,115,20,,,,40,1*46
1776370301.274,$GLGSV,2,1,06,68,23,154,18,69,74,149,51,70,49,334,48,73,27,271,35,3*7C
1776370301.274,$GLGSV,2,2,06,79,11,027,39,80,40,338,46,3*7B
1776370301.275,$GLGSV,1,1,02,81,03,073,,83,04,164,,0*79
1776370301.276,$GAGSV,2,1,07,02,74,332,51,03,66,057,50,05,28,120,42,08,35,336,47,2*70
1776370301.277,$GAGSV,2,2,07,25,27,031,45,30,37,233,22,32,56,356,50,2*42
1776370301.278,$GAGSV,2,1,07,02,74,332,46,03,66,057,48,05,28,120,38,08,35,336,44,7*74
1776370301.279,$GAGSV,2,2,07,25,27,031,42,30,37,233,21,32,56,356,46,7*44
1776370301.279,$GAGSV,1,1,02,15,05,224,,34,07,177,,0*72
1776370301.280,$GBGSV,2,1,06,07,55,160,23,09,43,341,42,13,46,206,15,14,61,303,47,1*7D
1776370301.281,$GBGSV,2,2,06,16,40,014,45,24,46,330,48,1*7F
1776370301.281,$GBGSV,1,1,03,09,43,341,45,14,61,303,51,16,40,014,42,3*48
1776370301.282,$GBGSV,4,1,13,01,37,105,,02,66,235,,03,70,144,,04,21,101,,0*75
1776370301.283,$GBGSV,4,2,13,04,21,101,,05,41,258,,06,30,181,,08,38,191,,0*7C
1776370301.284,$GBGSV,4,3,13,08,38,191,,10,49,174,,11,02,198,,12,21,152,,0*72
1776370301.284,$GBGSV,4,4,13,12,21,152,,0*43
1776370301.285,$GNGLL,1339.00885,N,10029.52731,E,201141.00,A,D*70
1776370302.239,$GNRMC,201142.00,A,1339.00845,N,10029.52777,E,2.292,127.82,160426,0.53,W,D,V*4D
1776370302.241,$GNVTG,127.82,T,128.35,M,2.292,N,4.245,K,D*37
1776370302.243,$GNGGA,201142.00,1339.00845,N,10029.52777,E,2,12,0.69,1.5,M,-27.8,M,,0499*62
1776370302.245,$GNGSA,A,3,16,27,26,28,31,04,03,,,,,,1.33,0.69,1.14,1*02
1776370302.247,$GNGSA,A,3,79,70,73,80,69,,,,,,,,1.33,0.69,1.14,2*02
1776370302.249,$GNGSA,A,3,25,08,30,02,03,05,,,,,,,1.33,0.69,1.14,3*01
1776370302.250,$GNGSA,A,3,14,09,24,07,16,,,,,,,,1.33,0.69,1.14,4*04
1776370302.252,$GPGSV,2,1,08,04,33,332,42,08,34,185,15,16,62,358,49,26,34,025,43,1*6B
1776370302.255,$GPGSV,2,2,08,27,53,146,30,28,16,068,40,31,30,044,40,50,56,115,45,1*6F
1776370302.257,$GPGSV,2,1,08,03,41,259,20,04,33,332,42,08,34,185,13,26,34,025,41,6*62
1776370302.259,$GPGSV,2,2,08,27,53,146,24,28,16,068,40,31,30,044,40,32,16,134,14,6*6A
1776370302.261,$GPGSV,2,1,06,01,02,220,,02,05,193,,09,04,324,,40,36,259,,0*68
1776370302.263,$GPGSV,2,2,06,40,36,259,,41,64,233,,0*69
1776370302.267,$GLGSV,2,1,08,68,23,154,19,69,74,149,54,70,49,334,49,73,27,271,31,1*71
1776370302.269,$GLGSV,2,2,08,79,11,027,38,80,40,338,48,82,09,115,20,,,,39,1*46
1776370302.271,$GLGSV,2,1,06,68,23,154,16,69,74,149,51,70,49,334,49,73,27,271,27,3*70
1776370302.272,$GLGSV,2,2,06,79,11,027,40,80,40,338,45,3*76
1776370302.272,$GLGSV,1,1,02,81,03,073,,83,04,164,,0*79
1776370302.273,$GAGSV,2,1,07,02,74,332,48,03,66,057,50,05,28,120,40,08,35,336,46,2*7B
1776370302.274,$GAGSV,2,2,07,25,27,031,45,30,37,233,21,32,56,356,52,2*43
1776370302.275,$GAGSV,2,1,07,02,74,332,49,03,66,057,47,05,28,120,36,08,35,336,44,7*7A
1776370302.276,$GAGSV,2,2,07,25,27,031,40,30,37,233,21,32,56,356,48,7*48
1776370302.277,$GAGSV,1,1,02,15,05,224,,34,07,177,,0*72
1776370302.278,$GBGSV,2,1,06,07,55,160,24,09,43,341,43,13,46,206,17,14,61,303,45,1*7B
1776370302.279,$GBGSV,2,2,06,16,40,014,45,24,46,330,48,1*7F
1776370302.280,$GBGSV,1,1,03,09,43,341,43,14,61,303,52,16,40,014,46,3*49
1776370302.281,$GBGSV,4,1,13,01,37,105,,02,66,235,,03,70,144,,04,21,101,,0*75
1776370302.282,$GBGSV,4,2,13,04,21,101,,05,41,258,,06,30,181,,08,38,191,,0*7C
1776370302.283,$GBGSV,4,3,13,08,38,191,,10,49,174,,11,02,198,,12,21,152,,0*72
1776370302.283,$GBGSV,4,4,13,12,21,152,,0*43
1776370302.284,$GNGLL,1339.00845,N,10029.52777,E,201142.00,A,D*7D
1776370303.233,$GNRMC,201143.00,A,1339.00805,N,10029.52826,E,2.321,126.60,160426,0.53,W,D,V*47
1776370303.234,$GNVTG,126.60,T,127.13,M,2.321,N,4.298,K,D*38
1776370303.234,$GNGGA,201143.00,1339.00805,N,10029.52826,E,2,12,0.75,1.3,M,-27.8,M,,0499*67
1776370303.235,$GNGSA,A,3,16,27,26,28,31,04,,,,,,,1.40,0.75,1.18,1*04
1776370303.236,$GNGSA,A,3,79,70,73,80,69,,,,,,,,1.40,0.75,1.18,2*07
1776370303.237,$GNGSA,A,3,25,08,02,03,05,,,,,,,,1.40,0.75,1.18,3*07
1776370303.238,$GNGSA,A,3,14,09,24,07,16,,,,,,,,1.40,0.75,1.18,4*01
1776370303.238,$GPGSV,2,1,07,04,33,332,43,08,34,185,14,16,62,358,47,26,34,025,42,1*6B
1776370303.239,$GPGSV,2,2,07,28,16,068,38,31,30,044,45,50,56,115,43,1*5F
1776370303.239,$GPGSV,2,1,08,03,41,259,19,04,33,332,43,08,34,185,13,26,34,025,43,6*6B
1776370303.240,$GPGSV,2,2,08,27,53,146,23,28,16,068,42,31,30,044,40,32,16,134,13,6*68
1776370303.241,$GPGSV,2,1,06,01,02,220,,02,05,193,,09,04,324,,40,36,259,,0*68
1776370303.241,$GPGSV,2,2,06,40,36,259,,41,64,233,,0*69
1776370303.243,$GLGSV,2,1,08,68,23,154,19,69,74,149,42,70,49,334,49,73,27,271,26,1*70
1776370303.244,$GLGSV,2,2,08,79,11,027,42,80,40,338,48,82,09,115,20,,,,39,1*4B
1776370303.245,$GLGSV,2,1,06,68,23,154,16,69,74,149,48,70,49,334,48,73,27,271,26,3*78
1776370303.247,$GLGSV,2,2,06,79,11,027,42,80,40,338,46,3*77
1776370303.248,$GLGSV,1,1,02,81,03,073,,83,04,164,,0*79
1776370303.249,$GAGSV,2,1,07,02,74,332,48,03,66,057,51,05,28,120,37,08,35,336,45,2*79
1776370303.250,$GAGSV,2,2,07,25,27,031,45,30,37,233,18,32,56,356,48,2*42
1776370303.251,$GAGSV,2,1,07,02,74,332,50,03,66,057,47,05,28,120,36,08,35,336,43,7*75
1776370303.252,$GAGSV,2,2,07,25,27,031,40,30,37,233,19,32,56,356,47,7*4C
1776370303.253,$GAGSV,1,1,02,15,05,224,,34,07,177,,0*72
1776370303.254,$GBGSV,2,1,06,07,55,160,25,09,43,341,43,13,46,206,17,14,61,303,46,1*79
1776370303.254,$GBGSV,2,2,06,16,40,014,41,24,46,330,48,1*7B
1776370303.255,$GBGSV,1,1,03,09,43,341,45,14,61,303,54,16,40,014,46,3*49
1776370303.256,$GBGSV,4,1,13,01,37,105,,02,66,235,,03,70,144,,04,21,101,,0*75
1776370303.256,$GBGSV,4,2,13,04,21,101,,05,41,258,,06,30,181,,08,38,191,,0*7C
1776370303.257,$GBGSV,4,3,13,08,38,191,,10,49,174,,11,02,198,,12,21,152,,0*72
1776370303.258,$GBGSV,4,4,13,12,21,152,,0*43
1776370303.259,$GNGLL,1339.00805,N,10029.52826,E,201143.00,A,D*73
1776370304.237,$GNRMC,201144.00,A,1339.00767,N,10029.52876,E,2.315,125.16,160426,0.53,W,D,V*4B
1776370304.239,$GNVTG,125.16,T,125.69,M,2.315,N,4.287,K,D*3C
1776370304.241,$GNGGA,201144.00,1339.00767,N,10029.52876,E,2,12,0.75,1.2,M,-27.8,M,,0499*6F
1776370304.241,$GNGSA,A,3,16,27,26,28,31,04,,,,,,,1.40,0.75,1.18,1*04
1776370304.242,$GNGSA,A,3,79,70,73,80,69,,,,,,,,1.40,0.75,1.18,2*07
1776370304.242,$GNGSA,A,3,25,08,02,03,05,,,,,,,,1.40,0.75,1.18,3*07
1776370304.243,$GNGSA,A,3,14,09,24,07,16,,,,,,,,1.40,0.75,1.18,4*01
1776370304.244,$GPGSV,2,1,07,04,33,332,43,08,34,185,13,16,62,358,46,26,34,025,45,1*6A
1776370304.244,$GPGSV,2,2,07,28,16,068,38,31,30,044,41,50,56,115,44,1*5C
1776370304.246,$GPGSV,2,1,08,03,41,259,18,04,33,332,43,08,34,185,13,26,34,025,44,6*6D
1776370304.247,$GPGSV,2,2,08,27,53,146,25,28,16,068,39,31,30,044,40,32,16,134,10,6*61
1776370304.248,$GPGSV,2,1,06,01,02,220,,02,05,193,,09,04,324,,40,36,259,,0*68
1776370304.248,$GPGSV,2,2,06,40,36,259,,41,64,233,,0*69
1776370304.249,$GLGSV,2,1,08,68,23,154,19,69,74,149,43,70,49,334,50,73,27,271,26,1*79
1776370304.250,$GLGSV,2,2,08,79,11,027,44,80,40,338,49,82,09,115,20,,,,37,1*42
1776370304.251,$GLGSV,2,1,06,68,23,154,16,69,74,149,45,70,49,334,49,73,27,271,25,3*77
1776370304.251,$GLGSV,2,2,06,79,11,027,39,80,40,338,46,3*7B
1776370304.252,$GLGSV,1,1,02,81,03,073,,83,04,164,,0*79
1776370304.253,$GAGSV,2,1,07,02,74,332,49,03,66,057,49,05,28,120,34,08,35,336,46,2*71
1776370304.253,$GAGSV,2,2,07,25,27,031,45,30,37,233,18,32,56,356,52,2*49
1776370304.254,$GAGSV,2,1,07,02,74,332,50,03,66,057,46,05,28,120,36,08,35,336,44,7*73
1776370304.255,$GAGSV,2,2,07,25,27,031,40,30,37,233,18,32,56,356,46,7*4C
1776370304.256,$GAGSV,1,1,02,15,05,224,,34,07,177,,0*72
1776370304.256,$GBGSV,2,1,06,07,55,160,25,09,43,341,42,13,46,206,17,14,61,303,48,1*76
1776370304.257,$GBGSV,2,2,06,16,40,014,45,24,46,330,49,1*7E
1776370304.257,$GBGSV,1,1,03,09,43,341,46,14,61,303,53,16,40,014,43,3*48
1776370304.258,$GBGSV,4,1,13,01,37,105,,02,66,235,,03,70,144,,04,21,101,,0*75
1776370304.258,$GBGSV,4,2,13,04,21,101,,05,41,258,,06,30,181,,08,38,191,,0*7C
1776370304.259,$GBGSV,4,3,13,08,38,191,,10,49,174,,11,02,198,,12,21,152,,0*72
1776370304.259,$GBGSV,4,4,13,12,21,152,,0*43
1776370304.260,$GNGLL,1339.00767,N,10029.52876,E,201144.00,A,D*7A
1776370305.237,$GNRMC,201145.00,A,1339.00729,N,10029.52928,E,2.387,124.18,160426,0.53,W,D,V*4E
1776370305.239,$GNVTG,124.18,T,124.71,M,2.387,N,4.421,K,D*3A
1776370305.241,$GNGGA,201145.00,1339.00729,N,10029.52928,E,2,12,0.75,1.1,M,-27.8,M,,0499*6D
1776370305.243,$GNGSA,A,3,16,27,26,28,31,04,,,,,,,1.40,0.75,1.18,1*04
1776370305.244,$GNGSA,A,3,79,70,73,80,69,,,,,,,,1.40,0.75,1.18,2*07
1776370305.247,$GNGSA,A,3,25,08,02,03,05,,,,,,,,1.40,0.75,1.18,3*07
1776370305.248,$GNGSA,A,3,14,09,24,07,16,,,,,,,,1.40,0.75,1.18,4*01
1776370305.251,$GPGSV,2,1,07,04,33,332,44,08,34,185,14,16,62,358,46,26,34,025,46,1*69
1776370305.255,$GPGSV,2,2,07,28,16,068,39,31,30,044,43,50,56,115,43,1*58
1776370305.258,$GPGSV,2,1,08,03,41,259,18,04,33,332,41,08,34,185,12,26,34,025,42,6*68
1776370305.260,$GPGSV,2,2,08,27,53,146,30,28,16,068,40,31,30,044,43,32,16,134,12,6*6A
1776370305.262,$GPGSV,2,1,06,01,02,220,,02,05,193,,09,04,324,,40,36,259,,0*68
1776370305.264,$GPGSV,2,2,06,40,36,259,,41,64,233,,0*69
1776370305.267,$GLGSV,2,1,08,68,23,154,19,69,74,149,42,70,49,334,50,73,27,271,26,1*78
1776370305.269,$GLGSV,2,2,08,79,11,027,41,80,40,338,46,82,09,115,20,,,,39,1*46
1776370305.271,$GLGSV,2,1,06,68,23,154,16,69,74,149,40,70,49,334,49,73,27,271,24,3*73
1776370305.272,$GLGSV,2,2,06,79,11,027,38,80,40,338,46,3*7A
1776370305.272,$GLGSV,1,1,02,81,03,073,,83,04,164,,0*79
1776370305.273,$GAGSV,2,1,07,02,74,332,49,03,66,057,52,05,28,120,37,08,35,336,46,2*78
1776370305.274,$GAGSV,2,2,07,25,27,031,47,30,37,233,19,32,56,356,52,2*4A
1776370305.276,$GAGSV,2,1,07,02,74,332,48,03,66,057,48,05,28,120,31,08,35,336,44,7*73
1776370305.277,$GAGSV,2,2,07,25,27,031,41,30,37,233,18,32,56,356,46,7*4D
1776370305.278,$GAGSV,1,1,02,15,05,224,,34,07,177,,0*72
1776370305.279,$GBGSV,2,1,06,07,55,160,24,09,43,341,45,13,46,206,17,14,61,303,48,1*70
1776370305.280,$GBGSV,2,2,06,16,40,014,43,24,46,330,50,1*70
1776370305.282,$GBGSV,1,1,03,09,43,341,45,14,61,303,53,16,40,014,45,3*4D
1776370305.283,$GBGSV,4,1,13,01,37,105,,02,66,235,,03,70,144,,04,21,101,,0*75
1776370305.285,$GBGSV,4,2,13,04,21,101,,05,41,258,,06,30,181,,08,38,191,,0*7C
1776370305.286,$GBGSV,4,3,13,08,38,191,,10,49,174,,11,02,198,,12,21,152,,0*72
1776370305.287,$GBGSV,4,4,13,12,21,152,,0*43
1776370305.288,$GNGLL,1339.00729,N,10029.52928,E,201145.00,A,D*7B
1776370306.236,$GNRMC,201146.00,A,1339.00695,N,10029.52982,E,2.273,121.23,160426,0.53,W,D,V*4C
1776370306.238,$GNVTG,121.23,T,121.76,M,2.273,N,4.210,K,D*3B
1776370306.240,$GNGGA,201146.00,1339.00695,N,10029.52982,E,2,12,0.75,1.0,M,-27.8,M,,0499*69
1776370306.242,$GNGSA,A,3,16,27,26,28,31,04,,,,,,,1.40,0.75,1.18,1*04
1776370306.243,$GNGSA,A,3,79,70,73,80,69,,,,,,,,1.40,0.75,1.18,2*07
1776370306.245,$GNGSA,A,3,25,08,30,02,03,05,,,,,,,1.40,0.75,1.18,3*04
1776370306.247,$GNGSA,A,3,14,09,24,07,16,,,,,,,,1.40,0.75,1.18,4*01
1776370306.249,$GPGSV,2,1,08,04,33,332,39,08,34,185,14,16,62,358,47,26,34,025,44,1*6F
1776370306.252,$GPGSV,2,2,08,27,53,146,28,28,16,068,35,31,30,044,34,50,56,115,44,1*66
1776370306.255,$GPGSV,2,1,08,03,41,259,18,04,33,332,43,08,34,185,11,26,34,025,42,6*69
1776370306.258,$GPGSV,2,2,08,27,53,146,29,28,16,068,37,31,30,044,35,32,16,134,12,6*63
1776370306.260,$GPGSV,2,1,06,01,02,220,,02,05,193,,09,04,324,,40,36,259,,0*68
1776370306.261,$GPGSV,2,2,06,40,36,259,,41,64,233,,0*69
1776370306.264,$GLGSV,2,1,08,68,23,154,18,69,74,149,38,70,49,334,50,73,27,271,24,1*76
1776370306.265,$GLGSV,2,2,08,79,11,027,42,80,40,338,50,82,09,115,21,,,,39,1*43
1776370306.267,$GLGSV,2,1,06,68,23,154,16,69,74,149,34,70,49,334,46,73,27,271,22,3*79
1776370306.268,$GLGSV,2,2,06,79,11,027,41,80,40,338,47,3*75
1776370306.269,$GLGSV,1,1,02,81,03,073,,83,04,164,,0*79
1776370306.270,$GAGSV,2,1,07,02,74,332,48,03,66,057,51,05,28,120,27,08,35,336,46,2*7B
1776370306.271,$GAGSV,2,2,07,25,27,031,44,30,37,233,20,32,56,356,51,2*40
1776370306.272,$GAGSV,2,1,07,02,74,332,44,03,66,057,46,05,28,120,31,08,35,336,46,7*73
1776370306.273,$GAGSV,2,2,07,25,27,031,42,30,37,233,19,32,56,356,46,7*4F
1776370306.274,$GAGSV,1,1,02,15,05,224,,34,07,177,,0*72
1776370306.275,$GBGSV,2,1,06,07,55,160,23,09,43,341,44,13,46,206,16,14,61,303,48,1*77
1776370306.275,$GBGSV,2,2,06,16,40,014,44,24,46,330,50,1*77
1776370306.276,$GBGSV,1,1,03,09,43,341,47,14,61,303,53,16,40,014,45,3*4F
1776370306.277,$GBGSV,4,1,13,01,37,105,,02,66,235,,03,70,144,,04,21,101,,0*75
1776370306.278,$GBGSV,4,2,13,04,21,101,,05,41,258,,06,30,181,,08,38,191,,0*7C
1776370306.278,$GBGSV,4,3,13,08,38,191,,10,49,174,,11,02,198,,12,21,152,,0*72
1776370306.279,$GBGSV,4,4,13,12,21,152,,0*43
1776370306.280,$GNGLL,1339.00695,N,10029.52982,E,201146.00,A,D*7E
1776370307.240,$GNRMC,201147.00,A,1339.00658,N,10029.53033,E,2.253,126.45,160426,0.53,W,D,V*4B
1776370307.242,$GNVTG,126.45,T,126.98,M,2.253,N,4.172,K,D*3E
1776370307.245,$GNGGA,201147.00,1339.00658,N,10029.53033,E,2,12,0.69,0.9,M,-27.8,M,,0499*6E
1776370307.248,$GNGSA,A,3,16,27,26,28,31,04,03,,,,,,1.33,0.69,1.14,1*02
1776370307.249,$GNGSA,A,3,79,70,73,80,69,,,,,,,,1.33,0.69,1.14,2*02
1776370307.251,$GNGSA,A,3,25,08,30,02,03,05,,,,,,,1.33,0.69,1.14,3*01
1776370307.252,$GNGSA,A,3,14,09,24,07,16,,,,,,,,1.33,0.69,1.14,4*04
1776370307.254,$GPGSV,2,1,08,04,33,332,44,08,34,185,13,16,62,358,47,26,34,025,43,1*65
1776370307.257,$GPGSV,2,2,08,27,53,146,37,28,16,068,38,31,30,044,44,50,56,115,44,1*62
1776370307.260,$GPGSV,2,1,08,03,41,259,20,04,33,332,43,08,34,185,09,26,34,025,42,6*6B
1776370307.261,$GPGSV,2,2,08,27,53,146,28,28,16,068,35,31,30,044,40,32,16,134,13,6*63
1776370307.263,$GPGSV,2,1,06,01,02,220,,02,05,193,,09,04,324,,40,36,259,,0*68
1776370307.265,$GPGSV,2,2,06,40,36,259,,41,64,233,,0*69
1776370307.266,$GLGSV,2,1,08,68,23,154,18,69,74,149,34,70,49,334,50,73,27,271,25,1*7B
1776370307.268,$GLGSV,2,2,08,79,11,027,46,80,40,338,48,82,09,115,21,,,,39,1*4E
1776370307.270,$GLGSV,2,1,06,68,23,154,16,69,74,149,32,70,49,334,49,73,27,271,24,3*76
1776370307.271,$GLGSV,2,2,06,79,11,027,39,80,40,338,46,3*7B
1776370307.271,$GLGSV,1,1,02,81,03,073,,83,04,164,,0*79
1776370307.272,$GAGSV,2,1,07,02,74,332,53,03,66,057,51,05,28,120,29,08,35,336,47,2*7E
1776370307.273,$GAGSV,2,2,07,25,27,031,44,30,37,233,22,32,56,356,49,2*4B
1776370307.274,$GAGSV,2,1,07,02,74,332,49,03,66,057,47,05,28,120,34,08,35,336,43,7*7F
1776370307.275,$GAGSV,2,2,07,25,27,031,41,30,37,233,18,32,56,356,44,7*4F
1776370307.276,$GAGSV,1,1,02,15,05,224,,34,07,177,,0*72
1776370307.277,$GBGSV,2,1,06,07,55,160,21,09,43,341,43,13,46,206,16,14,61,303,47,1*7D
1776370307.277,$GBGSV,2,2,06,16,40,014,42,24,46,330,48,1*78
1776370307.278,$GBGSV,1,1,03,09,43,341,44,14,61,303,52,16,40,014,47,3*4F
1776370307.279,$GBGSV,4,1,13,01,37,105,,02,66,235,,03,70,144,,04,21,101,,0*75
1776370307.281,$GBGSV,4,2,13,04,21,101,,05,41,258,,06,30,181,,08,38,191,,0*7C
1776370307.281,$GBGSV,4,3,13,08,38,191,,10,49,174,,11,02,198,,12,21,152,,0*72
1776370307.282,$GBGSV,4,4,13,12,21,152,,0*43
1776370307.282,$GNGLL,1339.00658,N,10029.53033,E,201147.00,A,D*7C
1776370308.240,$GNRMC,201148.00,A,1339.00625,N,10029.53081,E,2.045,124.60,160426,0.53,W,D,V*47
1776370308.242,$GNVTG,124.60,T,125.13,M,2.045,N,3.787,K,D*35
1776370308.244,$GNGGA,201148.00,1339.00625,N,10029.53081,E,2,12,0.69,1.0,M,-27.8,M,,0499*6A
1776370308.247,$GNGSA,A,3,16,27,26,28,31,04,03,,,,,,1.33,0.69,1.14,1*02
1776370308.249,$GNGSA,A,3,79,70,73,80,69,,,,,,,,1.33,0.69,1.14,2*02
1776370308.251,$GNGSA,A,3,25,08,30,02,03,05,,,,,,,1.33,0.69,1.14,3*01
1776370308.253,$GNGSA,A,3,14,09,24,07,16,,,,,,,,1.33,0.69,1.14,4*04
1776370308.255,$GPGSV,3,1,09,04,33,332,43,08,34,185,11,16,62,358,47,26,34,025,34,1*60
1776370308.258,$GPGSV,3,2,09,27,53,146,25,28,16,068,37,31,30,044,46,32,16,134,26,1*6B
1776370308.260,$GPGSV,3,3,09,50,56,115,44,1*5E
1776370308.263,$GPGSV,2,1,08,03,41,259,21,04,33,332,40,08,34,185,10,26,34,025,34,6*60
1776370308.266,$GPGSV,2,2,08,27,53,146,28,28,16,068,32,31,30,044,40,32,16,134,13,6*64
1776370308.270,$GPGSV,2,1,06,01,02,220,,02,05,193,,09,04,324,,40,36,259,,0*68
1776370308.271,$GPGSV,2,2,06,40,36,259,,41,64,233,,0*69
1776370308.272,$GLGSV,2,1,08,68,23,154,18,69,74,149,37,70,49,334,50,73,27,271,25,1*78
1776370308.273,$GLGSV,2,2,08,79,11,027,46,80,40,338,48,82,09,115,20,,,,39,1*4F
1776370308.274,$GLGSV,2,1,06,68,23,154,16,69,74,149,26,70,49,334,47,73,27,271,24,3*7D
1776370308.275,$GLGSV,2,2,06,79,11,027,34,80,40,338,46,3*76
1776370308.275,$GLGSV,1,1,02,81,03,073,,83,04,164,,0*79
1776370308.276,$GAGSV,2,1,07,02,74,332,53,03,66,057,52,05,28,120,33,08,35,336,46,2*77
1776370308.277,$GAGSV,2,2,07,25,27,031,42,30,37,233,21,32,56,356,51,2*47
1776370308.278,$GAGSV,2,1,07,02,74,332,48,03,66,057,46,05,28,120,29,08,35,336,42,7*72
1776370308.278,$GAGSV,2,2,07,25,27,031,37,30,37,233,18,32,56,356,47,7*4D
1776370308.279,$GAGSV,1,1,02,15,05,224,,34,07,177,,0*72
1776370308.281,$GBGSV,2,1,06,07,55,160,23,09,43,341,42,13,46,206,14,14,61,303,47,1*7C
1776370308.281,$GBGSV,2,2,06,16,40,014,45,24,46,330,50,1*76
1776370308.282,$GBGSV,1,1,03,09,43,341,46,14,61,303,52,16,40,014,43,3*49
1776370308.283,$GBGSV,4,1,13,01,37,105,,02,66,235,,03,70,144,,04,21,101,,0*75
1776370308.284,$GBGSV,4,2,13,04,21,101,,05,41,258,,06,30,181,,08,38,191,,0*7C
1776370308.285,$GBGSV,4,3,13,08,38,191,,10,49,174,,11,02,198,,12,21,152,,0*72
1776370308.285,$GBGSV,4,4,13,12,21,152,,0*43
1776370308.285,$GNGLL,1339.00625,N,10029.53081,E,201148.00,A,D*70
1776370309.235,$GNRMC,201149.00,A,1339.00592,N,10029.53123,E,1.828,124.61,160426,0.53,W,D,V*41
1776370309.238,$GNVTG,124.61,T,125.14,M,1.828,N,3.386,K,D*36
1776370309.240,$GNGGA,201149.00,1339.00592,N,10029.53123,E,2,12,0.69,0.8,M,-27.8,M,,0499*64
1776370309.242,$GNGSA,A,3,16,27,26,28,31,04,03,,,,,,1.33,0.69,1.14,1*02
1776370309.243,$GNGSA,A,3,79,70,73,80,69,,,,,,,,1.33,0.69,1.14,2*02
1776370309.245,$GNGSA,A,3,25,08,30,02,03,05,,,,,,,1.33,0.69,1.14,3*01
1776370309.247,$GNGSA,A,3,14,09,24,07,16,,,,,,,,1.33,0.69,1.14,4*04
1776370309.249,$GPGSV,2,1,08,04,33,332,44,08,34,185,11,16,62,358,46,26,33,026,38,1*6E
1776370309.252,$GPGSV,2,2,08,27,53,146,34,28,16,068,38,31,30,044,45,50,56,115,43,1*67
1776370309.255,$GPGSV,2,1,08,03,41,259,21,04,33,332,43,08,34,185,11,26,33,026,41,6*64
1776370309.257,$GPGSV,2,2,08,27,53,146,32,28,16,068,39,31,30,044,39,32,16,134,12,6*6B
1776370309.258,$GPGSV,2,1,06,01,02,220,,02,05,193,,09,04,324,,40,36,259,,0*68
1776370309.259,$GPGSV,2,2,06,40,36,259,,41,64,233,,0*69
1776370309.261,$GLGSV,2,1,08,68,23,154,19,69,74,149,34,70,49,334,48,73,27,271,24,1*72
1776370309.262,$GLGSV,2,2,08,79,11,027,36,80,40,338,48,82,09,115,20,,,,39,1*48
1776370309.263,$GLGSV,2,1,06,68,23,154,16,69,74,149,35,70,49,334,47,73,27,271,24,3*7F
1776370309.265,$GLGSV,2,2,06,79,11,027,39,80,40,338,46,3*7B
1776370309.266,$GLGSV,1,1,02,81,03,073,,83,04,164,,0*79
1776370309.267,$GAGSV,2,1,07,02,74,332,51,03,66,057,50,05,28,120,33,08,35,336,45,2*74
1776370309.268,$GAGSV,2,2,07,25,27,031,43,30,37,233,20,32,56,356,50,2*46
1776370309.269,$GAGSV,2,1,07,02,74,332,50,03,66,057,46,05,28,120,28,08,35,336,44,7*7C
1776370309.270,$GAGSV,2,2,07,25,27,031,36,30,37,233,19,32,56,356,45,7*4F
1776370309.270,$GAGSV,1,1,02,15,05,224,,34,07,177,,0*72
1776370309.271,$GBGSV,2,1,06,07,55,160,24,09,43,341,42,13,46,206,12,14,61,303,47,1*7D
1776370309.272,$GBGSV,2,2,06,16,40,014,40,24,46,330,49,1*7B
1776370309.273,$GBGSV,1,1,03,09,43,341,45,14,61,303,51,16,40,014,42,3*48
1776370309.273,$GBGSV,4,1,13,01,37,105,,02,66,235,,03,70,144,,04,21,101,,0*75
1776370309.274,$GBGSV,4,2,13,04,21,101,,05,41,258,,06,30,181,,08,38,191,,0*7C
1776370309.275,$GBGSV,4,3,13,08,38,191,,10,49,174,,11,02,198,,12,21,152,,0*72
1776370309.275,$GBGSV,4,4,13,12,21,152,,0*43
1776370309.276,$GNGLL,1339.00592,N,10029.53123,E,201149.00,A,D*77
1776370310.237,$GNRMC,201150.00,A,1339.00561,N,10029.53164,E,1.843,128.46,160426,0.53,W,D,V*42
1776370310.240,$GNVTG,128.46,T,128.99,M,1.843,N,3.413,K,D*31
1776370310.242,$GNGGA,201150.00,1339.00561,N,10029.53164,E,2,12,0.69,0.7,M,-27.8,M,,0499*6C
1776370310.244,$GNGSA,A,3,16,27,26,28,31,04,03,,,,,,1.33,0.69,1.14,1*02
1776370310.245,$GNGSA,A,3,79,70,73,80,69,,,,,,,,1.33,0.69,1.14,2*02
1776370310.248,$GNGSA,A,3,25,08,30,02,03,05,,,,,,,1.33,0.69,1.14,3*01
1776370310.250,$GNGSA,A,3,14,09,24,07,16,,,,,,,,1.33,0.69,1.14,4*04
1776370310.252,$GPGSV,2,1,08,04,33,332,43,08,34,185,10,16,62,358,46,26,33,026,42,1*65
1776370310.255,$GPGSV,2,2,08,27,53,145,35,28,16,068,37,31,30,044,43,50,56,115,44,1*6B
1776370310.257,$GPGSV,2,1,08,03,41,259,20,04,33,332,40,08,34,185,14,26,33,026,39,6*6C
1776370310.260,$GPGSV,2,2,08,27,53,145,29,28,16,068,36,31,30,044,42,32,16,134,11,6*62
1776370310.263,$GPGSV,2,1,06,01,02,220,,02,05,193,,09,04,324,,40,36,259,,0*68
1776370310.265,$GPGSV,2,2,06,40,36,259,,41,64,233,,0*69
1776370310.268,$GLGSV,2,1,08,68,23,154,19,69,74,149,36,70,49,334,51,73,27,271,26,1*7A
1776370310.269,$GLGSV,2,2,08,79,11,027,42,80,40,338,49,82,09,115,19,,,,40,1*4E
1776370310.271,$GLGSV,2,1,06,68,23,154,16,69,74,149,32,70,49,334,50,73,27,271,26,3*7C
1776370310.272,$GLGSV,2,2,06,79,11,027,37,80,40,338,47,3*74
1776370310.273,$GLGSV,1,1,02,81,03,073,,83,04,164,,0*79
1776370310.275,$GAGSV,2,1,07,02,74,332,48,03,66,057,50,05,28,120,34,08,35,336,46,2*78
1776370310.276,$GAGSV,2,2,07,25,27,031,47,30,37,233,20,32,56,356,51,2*43
1776370310.277,$GAGSV,2,1,07,02,74,332,47,03,66,057,48,05,28,120,20,08,35,336,41,7*79
1776370310.278,$GAGSV,2,2,07,25,27,031,42,30,37,233,19,32,56,356,48,7*41
1776370310.279,$GAGSV,1,1,02,15,05,224,,34,07,177,,0*72
1776370310.280,$GBGSV,2,1,06,07,55,160,24,09,43,341,44,13,46,206,11,14,61,303,46,1*79
1776370310.281,$GBGSV,2,2,06,16,40,014,39,24,46,330,48,1*74
1776370310.282,$GBGSV,1,1,03,09,43,341,39,14,61,303,51,16,40,014,38,3*4E
1776370310.283,$GBGSV,4,1,13,01,37,105,,02,66,235,,03,70,144,,04,21,101,,0*75
1776370310.284,$GBGSV,4,2,13,04,21,101,,05,41,258,,06,30,181,,08,38,191,,0*7C
1776370310.285,$GBGSV,4,3,13,08,38,191,,10,49,174,,11,02,198,,12,21,152,,0*72
1776370310.285,$GBGSV,4,4,13,12,21,152,,0*43
1776370310.286,$GNGLL,1339.00561,N,10029.53164,E,201150.00,A,D*70
1776370311.239,$GNRMC,201151.00,A,1339.00530,N,10029.53202,E,1.762,129.73,160426,0.53,W,D,V*4F
1776370311.241,$GNVTG,129.73,T,130.26,M,1.762,N,3.264,K,D*31
1776370311.242,$GNGGA,201151.00,1339.00530,N,10029.53202,E,2,12,0.75,0.7,M,-27.8,M,,0499*67
1776370311.243,$GNGSA,A,3,16,27,26,28,31,04,,,,,,,1.40,0.75,1.18,1*04
1776370311.244,$GNGSA,A,3,79,70,73,80,69,,,,,,,,1.40,0.75,1.18,2*07
1776370311.244,$GNGSA,A,3,25,08,30,02,03,05,,,,,,,1.40,0.75,1.18,3*04
1776370311.245,$GNGSA,A,3,14,09,24,07,16,,,,,,,,1.40,0.75,1.18,4*01
1776370311.245,$GPGSV,3,1,09,03,41,259,23,04,33,332,41,08,34,185,14,16,62,358,46,1*6C
1776370311.246,$GPGSV,3,2,09,26,33,026,42,27,53,145,38,28,16,069,33,31,30,044,35,1*67
1776370311.247,$GPGSV,3,3,09,50,56,115,42,1*58
1776370311.248,$GPGSV,2,1,08,03,41,259,17,04,33,332,41,08,34,185,14,26,33,026,41,6*66
1776370311.249,$GPGSV,2,2,08,27,53,145,34,28,16,069,36,31,30,044,40,32,16,134,13,6*6F
1776370311.250,$GPGSV,2,1,06,01,02,220,,02,05,193,,09,04,324,,40,36,259,,0*68
1776370311.251,$GPGSV,2,2,06,40,36,259,,41,64,233,,0*69
1776370311.251,$GLGSV,2,1,08,68,23,154,18,69,74,149,37,70,49,334,49,73,27,271,24,1*71
1776370311.252,$GLGSV,2,2,08,79,11,027,40,80,40,338,50,82,09,115,20,,,,39,1*40
1776370311.253,$GLGSV,2,1,06,68,23,154,16,69,74,149,32,70,49,334,47,73,27,271,24,3*78
1776370311.254,$GLGSV,2,2,06,79,11,027,41,80,40,338,46,3*74
1776370311.254,$GLGSV,1,1,02,81,03,073,,83,04,164,,0*79
1776370311.255,$GAGSV,2,1,07,02,74,332,50,03,66,057,48,05,28,120,30,08,35,336,47,2*7D
1776370311.256,$GAGSV,2,2,07,25,27,031,44,30,37,233,21,32,56,356,52,2*42
1776370311.256,$GAGSV,2,1,07,02,74,332,49,03,66,057,46,05,28,120,28,08,35,336,42,7*72
1776370311.257,$GAGSV,2,2,07,25,27,031,36,30,37,233,20,32,56,356,45,7*45
1776370311.258,$GAGSV,1,1,02,15,05,224,,34,07,177,,0*72
1776370311.258,$GBGSV,2,1,06,07,55,160,23,09,43,341,42,13,46,206,10,14,61,303,46,1*79
1776370311.259,$GBGSV,2,2,06,16,40,014,37,24,46,330,49,1*7B
1776370311.260,$GBGSV,1,1,03,09,43,341,42,14,61,303,50,16,40,014,39,3*42
1776370311.260,$GBGSV,4,1,13,01,37,105,,02,66,235,,03,70,144,,04,21,101,,0*75
1776370311.261,$GBGSV,4,2,13,04,21,101,,05,41,258,,06,30,181,,08,38,191,,0*7C
1776370311.261,$GBGSV,4,3,13,08,38,191,,10,49,174,,11,02,198,,12,21,152,,0*72
1776370311.262,$GBGSV,4,4,13,12,21,152,,0*43
1776370311.262,$GNGLL,1339.00530,N,10029.53202,E,201151.00,A,D*76
1776370312.240,$GNRMC,201152.00,A,1339.00496,N,10029.53239,E,1.776,129.62,160426,0.53,W,D,V*4C
1776370312.242,$GNVTG,129.62,T,130.15,M,1.776,N,3.289,K,D*37
1776370312.244,$GNGGA,201152.00,1339.00496,N,10029.53239,E,2,12,0.75,0.5,M,-27.8,M,,0499*63
1776370312.246,$GNGSA,A,3,16,27,26,28,31,04,,,,,,,1.40,0.75,1.18,1*04
1776370312.248,$GNGSA,A,3,79,70,73,80,69,,,,,,,,1.40,0.75,1.18,2*07
1776370312.251,$GNGSA,A,3,25,08,30,02,03,05,,,,,,,1.40,0.75,1.18,3*04
1776370312.252,$GNGSA,A,3,14,09,24,07,16,,,,,,,,1.40,0.75,1.18,4*01
1776370312.255,$GPGSV,3,1,09,03,41,259,22,04,33,332,41,08,34,185,15,16,62,358,47,1*6D
1776370312.257,$GPGSV,3,2,09,26,33,026,43,27,53,145,39,28,16,069,30,31,30,044,41,1*67
1776370312.259,$GPGSV,3,3,09,50,56,115,43,1*59
1776370312.262,$GPGSV,2,1,08,03,41,259,16,04,33,332,43,08,34,185,15,26,33,026,42,6*67
1776370312.265,$GPGSV,2,2,08,27,53,145,34,28,16,069,40,31,30,044,38,32,16,134,14,6*66
1776370312.268,$GPGSV,2,1,06,01,02,220,,02,05,193,,09,04,324,,40,36,259,,0*68
1776370312.270,$GPGSV,2,2,06,40,36,259,,41,64,233,,0*69
1776370312.271,$GLGSV,2,1,08,68,23,154,19,69,74,149,40,70,49,334,50,73,27,271,24,1*78
1776370312.273,$GLGSV,2,2,08,79,11,027,44,80,40,338,49,82,09,115,20,,,,40,1*42
1776370312.274,$GLGSV,2,1,06,68,23,154,14,69,74,149,31,70,49,334,50,73,27,271,23,3*78
1776370312.275,$GLGSV,2,2,06,79,11,027,33,80,40,338,41,3*76
1776370312.276,$GLGSV,1,1,02,81,03,073,,83,04,164,,0*79
1776370312.277,$GAGSV,2,1,07,02,74,332,49,03,66,057,50,05,28,120,30,08,35,336,48,2*73
1776370312.278,$GAGSV,2,2,07,25,27,031,47,30,37,233,21,32,56,356,51,2*42
1776370312.279,$GAGSV,2,1,07,02,74,332,46,03,66,057,45,05,28,120,28,08,35,336,46,7*7A
1776370312.280,$GAGSV,2,2,07,25,27,031,40,30,37,233,18,32,56,356,46,7*4C
1776370312.281,$GAGSV,1,1,02,15,05,224,,34,07,177,,0*72
1776370312.282,$GBGSV,2,1,06,07,55,160,25,09,43,341,42,13,46,206,13,14,61,303,45,1*7F
1776370312.283,$GBGSV,2,2,06,16,40,014,43,24,46,330,51,1*71
1776370312.283,$GBGSV,1,1,04,07,55,160,30,09,43,341,40,14,61,303,49,16,40,014,44,3*76
1776370312.284,$GBGSV,4,1,13,01,37,105,,02,66,235,,03,70,144,,04,21,101,,0*75
1776370312.285,$GBGSV,4,2,13,04,21,101,,05,41,258,,06,30,181,,08,38,191,,0*7C
1776370312.285,$GBGSV,4,3,13,08,38,191,,10,49,174,,11,02,198,,12,21,152,,0*72
1776370312.286,$GBGSV,4,4,13,12,21,152,,0*43
1776370312.286,$GNGLL,1339.00496,N,10029.53239,E,201152.00,A,D*70
1776370313.239,$GNRMC,201153.00,A,1339.00464,N,10029.53281,E,2.123,126.52,160426,0.53,W,D,V*4A
1776370313.241,$GNVTG,126.52,T,127.05,M,2.123,N,3.931,K,D*31
1776370313.243,$GNGGA,201153.00,1339.00464,N,10029.53281,E,2,12,0.69,0.5,M,-27.8,M,,0499*61
1776370313.244,$GNGSA,A,3,16,27,26,28,31,04,03,,,,,,1.33,0.69,1.14,1*02
1776370313.246,$GNGSA,A,3,79,70,73,80,69,68,,,,,,,1.33,0.69,1.14,2*0C
1776370313.247,$GNGSA,A,3,25,08,30,02,03,05,,,,,,,1.33,0.69,1.14,3*01
1776370313.249,$GNGSA,A,3,14,09,24,07,16,,,,,,,,1.33,0.69,1.14,4*04
1776370313.252,$GPGSV,3,1,09,03,41,259,21,04,33,332,44,08,34,185,14,16,62,358,45,1*68
1776370313.256,$GPGSV,3,2,09,26,33,026,40,27,53,145,43,28,16,069,31,31,30,044,36,1*68
1776370313.258,$GPGSV,3,3,09,50,56,115,42,1*58
1776370313.260,$GPGSV,2,1,08,03,41,259,15,04,33,332,44,08,34,185,14,26,33,026,41,6*61
1776370313.262,$GPGSV,2,2,08,27,53,145,39,28,16,069,33,31,30,044,32,32,16,134,14,6*65
1776370313.264,$GPGSV,2,1,06,01,02,220,,02,05,193,,09,04,324,,40,36,259,,0*68
1776370313.266,$GPGSV,2,2,06,40,36,259,,41,64,233,,0*69
1776370313.268,$GLGSV,2,1,08,68,23,154,20,69,74,149,42,70,49,334,49,73,27,271,25,1*79
1776370313.270,$GLGSV,2,2,08,79,11,027,38,80,40,338,47,82,09,115,21,,,,39,1*48
1776370313.272,$GLGSV,2,1,06,68,23,154,13,69,74,149,39,70,49,334,49,73,27,271,23,3*7F
1776370313.273,$GLGSV,2,2,06,79,11,027,35,80,40,338,44,3*75
1776370313.273,$GLGSV,1,1,02,81,03,073,,83,04,164,,0*79
1776370313.274,$GAGSV,2,1,07,02,74,332,50,03,66,057,49,05,28,120,30,08,35,336,45,2*7E
1776370313.275,$GAGSV,2,2,07,25,27,031,40,30,37,233,20,32,56,356,48,2*4C
1776370313.276,$GAGSV,2,1,07,02,74,332,49,03,66,057,41,05,28,120,28,08,35,336,46,7*71
1776370313.277,$GAGSV,2,2,07,25,27,031,35,30,37,233,16,32,56,356,44,7*42
1776370313.278,$GAGSV,1,1,02,15,05,224,,34,07,177,,0*72
1776370313.279,$GBGSV,2,1,06,07,55,160,25,09,43,341,41,13,46,206,16,14,61,303,46,1*7A
1776370313.279,$GBGSV,2,2,06,16,40,014,42,24,46,330,49,1*79
1776370313.280,$GBGSV,1,1,03,09,43,341,45,14,61,303,49,16,40,014,41,3*42
1776370313.281,$GBGSV,4,1,13,01,37,105,,02,66,235,,03,70,144,,04,21,101,,0*75
1776370313.282,$GBGSV,4,2,13,04,21,101,,05,41,258,,06,30,181,,08,38,191,,0*7C
1776370313.282,$GBGSV,4,3,13,08,38,191,,10,49,174,,11,02,198,,12,21,152,,0*72
1776370313.283,$GBGSV,4,4,13,12,21,152,,0*43
1776370313.283,$GNGLL,1339.00464,N,10029.53281,E,201153.00,A,D*7F
1776370314.237,$GNRMC,201154.00,A,1339.00422,N,10029.53329,E,2.300,128.59,160426,0.53,W,D,V*4A
1776370314.239,$GNVTG,128.59,T,129.12,M,2.300,N,4.260,K,D*37
1776370314.241,$GNGGA,201154.00,1339.00422,N,10029.53329,E,2,12,0.75,0.3,M,-27.8,M,,0499*6C
1776370314.242,$GNGSA,A,3,16,27,26,28,31,04,,,,,,,1.40,0.75,1.18,1*04
1776370314.242,$GNGSA,A,3,79,70,73,80,69,68,,,,,,,1.40,0.75,1.18,2*09
1776370314.243,$GNGSA,A,3,25,08,30,02,03,05,,,,,,,1.40,0.75,1.18,3*04
1776370314.243,$GNGSA,A,3,14,09,24,07,16,,,,,,,,1.40,0.75,1.18,4*01
1776370314.244,$GPGSV,2,1,08,04,33,332,40,08,34,185,13,16,62,358,49,26,33,026,31,1*6E
1776370314.245,$GPGSV,2,2,08,27,53,145,47,28,16,069,32,31,30,045,37,50,56,115,41,1*6D
1776370314.246,$GPGSV,2,1,08,03,41,259,14,04,33,332,41,08,34,185,14,26,33,026,37,6*64
1776370314.247,$GPGSV,2,2,08,27,53,145,41,28,16,069,29,31,30,045,37,32,16,134,15,6*64
1776370314.247,$GPGSV,2,1,06,01,02,220,,02,05,193,,09,04,324,,40,36,259,,0*68
1776370314.248,$GPGSV,2,2,06,40,36,259,,41,64,233,,0*69
1776370314.249,$GLGSV,2,1,08,68,23,154,20,69,74,149,45,70,49,334,50,73,27,271,25,1*76
1776370314.251,$GLGSV,2,2,08,79,11,027,42,80,40,338,45,82,09,115,21,,,,39,1*47
1776370314.252,$GLGSV,2,1,06,68,23,154,13,69,74,149,39,70,49,334,50,73,27,271,25,3*71
1776370314.252,$GLGSV,2,2,06,79,11,027,40,80,40,338,39,3*7D
1776370314.253,$GLGSV,1,1,02,81,03,073,,83,04,164,,0*79
1776370314.254,$GAGSV,2,1,07,02,74,332,51,03,66,057,49,05,28,120,30,08,35,336,46,2*7C
1776370314.255,$GAGSV,2,2,07,25,27,031,41,30,37,233,20,32,56,356,49,2*4C
1776370314.255,$GAGSV,2,1,07,02,74,332,47,03,66,057,46,05,28,120,27,08,35,336,42,7*73
1776370314.256,$GAGSV,2,2,07,25,27,031,42,30,37,233,12,32,56,356,43,7*41
1776370314.257,$GAGSV,1,1,02,15,05,224,,34,07,177,,0*72
1776370314.257,$GBGSV,2,1,06,07,55,160,24,09,43,341,42,13,46,206,19,14,61,303,43,1*72
1776370314.258,$GBGSV,2,2,06,16,40,014,44,24,46,330,48,1*7E
1776370314.259,$GBGSV,1,1,04,07,55,160,28,09,43,341,40,14,61,303,48,16,40,014,43,3*79
1776370314.260,$GBGSV,4,1,13,01,37,105,,02,66,235,,03,70,144,,04,21,101,,0*75
1776370314.260,$GBGSV,4,2,13,04,21,101,,05,41,258,,06,30,181,,08,38,191,,0*7C
1776370314.261,$GBGSV,4,3,13,08,38,191,,10,49,174,,11,02,198,,12,21,152,,0*72
1776370314.262,$GBGSV,4,4,13,12,21,152,,0*43
1776370314.262,$GNGLL,1339.00422,N,10029.53329,E,201154.00,A,D*79
1776370315.237,$GNRMC,201155.00,A,1339.00377,N,10029.53378,E,2.440,129.33,160426,0.53,W,D,V*46
1776370315.239,$GNVTG,129.33,T,129.86,M,2.440,N,4.518,K,D*3C
1776370315.241,$GNGGA,201155.00,1339.00377,N,10029.53378,E,2,12,1.02,0.1,M,-27.8,M,,0499*6D
1776370315.243,$GNGSA,A,3,16,27,26,28,31,04,,,,,,,1.84,1.02,1.53,1*02
1776370315.244,$GNGSA,A,3,79,70,73,80,69,68,,,,,,,1.84,1.02,1.53,2*0F
1776370315.246,$GNGSA,A,3,25,08,30,02,03,05,,,,,,,1.84,1.02,1.53,3*02
1776370315.248,$GNGSA,A,3,14,09,24,07,16,13,,,,,,,1.84,1.02,1.53,4*05
1776370315.251,$GPGSV,2,1,08,03,41,259,20,04,33,332,42,08,34,185,15,16,62,358,47,1*6C
1776370315.255,$GPGSV,2,2,08,26,33,026,40,27,53,145,49,31,30,045,41,50,56,115,42,1*66
1776370315.259,$GPGSV,2,1,08,03,41,259,15,04,33,332,44,08,34,185,13,26,33,026,41,6*66
1776370315.261,$GPGSV,2,2,08,27,53,145,47,28,16,069,37,31,30,045,37,32,16,134,14,6*6C
1776370315.263,$GPGSV,2,1,06,01,02,220,,02,05,193,,09,04,324,,40,36,259,,0*68
1776370315.264,$GPGSV,2,2,06,40,36,259,,41,64,233,,0*69
1776370315.266,$GLGSV,2,1,08,68,23,154,21,69,74,149,49,70,49,334,50,73,27,271,25,1*7B
1776370315.268,$GLGSV,2,2,08,79,11,027,44,80,40,338,46,82,09,115,20,,,,37,1*4D
1776370315.269,$GLGSV,2,1,06,68,23,154,16,69,74,149,45,70,49,334,49,73,27,271,24,3*76
1776370315.271,$GLGSV,2,2,06,79,11,027,40,80,40,338,39,3*7D
1776370315.272,$GLGSV,1,1,02,81,03,073,,83,04,164,,0*79
1776370315.273,$GAGSV,2,1,07,02,74,332,50,03,66,057,48,05,28,120,29,08,35,336,46,2*74
1776370315.275,$GAGSV,2,2,07,25,27,031,39,30,37,233,20,32,56,356,48,2*42
1776370315.276,$GAGSV,2,1,07,02,74,332,47,03,66,057,43,05,28,120,27,08,35,336,40,7*74
1776370315.277,$GAGSV,2,2,07,25,27,031,40,30,37,233,09,32,56,356,42,7*48
1776370315.277,$GAGSV,1,1,02,15,05,224,,34,07,177,,0*72
1776370315.278,$GBGSV,2,1,06,07,55,160,34,09,43,341,42,13,46,206,22,14,61,303,42,1*7A
1776370315.278,$GBGSV,2,2,06,16,40,014,40,24,46,330,50,1*73
1776370315.279,$GBGSV,1,1,04,07,55,160,36,09,43,341,46,14,61,303,49,16,40,014,46,3*74
1776370315.280,$GBGSV,4,1,13,01,37,105,,02,66,235,,03,70,144,,04,21,101,,0*75
1776370315.281,$GBGSV,4,2,13,04,21,101,,05,41,258,,06,30,181,,08,38,191,,0*7C
1776370315.281,$GBGSV,4,3,13,08,38,191,,10,49,174,,11,02,198,,12,21,152,,0*72
1776370315.282,$GBGSV,4,4,13,12,21,152,,0*43
1776370315.283,$GNGLL,1339.00377,N,10029.53378,E,201155.00,A,D*7B
1776370316.242,$GNRMC,201156.00,A,1339.00334,N,10029.53430,E,2.388,132.15,160426,0.53,W,D,V*44
1776370316.244,$GNVTG,132.15,T,132.68,M,2.388,N,4.423,K,D*32
1776370316.246,$GNGGA,201156.00,1339.00334,N,10029.53430,E,2,12,0.83,0.1,M,-27.8,M,,0499*6A
1776370316.249,$GNGSA,A,3,16,27,26,28,31,04,,,,,,,1.59,0.83,1.36,1*09
1776370316.251,$GNGSA,A,3,79,70,73,80,69,68,,,,,,,1.59,0.83,1.36,2*04
1776370316.253,$GNGSA,A,3,25,08,02,03,05,,,,,,,,1.59,0.83,1.36,3*0A
1776370316.255,$GNGSA,A,3,14,09,24,07,16,13,,,,,,,1.59,0.83,1.36,4*0E
1776370316.259,$GPGSV,2,1,08,04,33,332,44,08,34,185,18,16,62,358,39,26,33,026,36,1*61
1776370316.263,$GPGSV,2,2,08,27,53,145,48,28,16,069,33,31,30,045,32,50,56,115,46,1*61
1776370316.267,$GPGSV,2,1,08,03,41,259,14,04,33,332,41,08,34,185,17,26,33,026,33,6*63
1776370316.271,$GPGSV,2,2,08,27,53,145,46,28,16,069,36,31,30,045,36,32,16,134,14,6*6D
1776370316.273,$GPGSV,2,1,06,01,02,220,,02,05,193,,09,04,324,,40,36,259,,0*68
1776370316.275,$GPGSV,2,2,06,40,36,259,,41,64,233,,0*69
1776370316.276,$GLGSV,2,1,08,68,23,154,29,69,74,149,53,70,49,334,52,73,27,271,24,1*7B
1776370316.277,$GLGSV,2,2,08,79,11,027,40,80,40,338,45,82,09,115,20,,,,38,1*45
1776370316.278,$GLGSV,2,1,06,68,23,154,20,69,74,149,47,70,49,334,48,73,27,271,23,3*77
1776370316.279,$GLGSV,2,2,06,79,11,027,39,80,40,338,44,3*79
1776370316.280,$GLGSV,1,1,02,81,03,073,,83,04,164,,0*79
1776370316.280,$GAGSV,2,1,07,02,74,332,49,03,66,057,45,05,28,120,30,08,35,336,40,2*7F
1776370316.281,$GAGSV,2,2,07,25,27,031,36,30,37,233,19,32,56,356,49,2*46
1776370316.282,$GAGSV,2,1,06,02,74,332,46,03,66,057,38,05,28,120,26,08,35,336,43,7*7A
1776370316.284,$GAGSV,2,2,06,25,27,031,38,32,56,356,42,7*7A
1776370316.284,$GAGSV,1,1,02,15,05,224,,34,07,177,,0*72
1776370316.285,$GBGSV,2,1,07,07,55,160,44,09,43,341,42,10,49,174,28,13,46,206,34,1*7B
1776370316.286,$GBGSV,2,2,07,14,61,303,44,16,40,014,44,24,46,330,51,1*45
1776370316.287,$GBGSV,2,1,05,07,55,160,43,09,43,341,45,13,46,206,33,14,61,303,49,3*77
1776370316.287,$GBGSV,2,2,05,16,40,014,45,3*46
1776370316.288,$GBGSV,3,1,12,01,37,105,,02,66,235,,03,70,144,,04,21,101,,0*73
1776370316.289,$GBGSV,3,2,12,04,21,101,,05,41,258,,06,30,181,,08,38,191,,0*7A
1776370316.290,$GBGSV,3,3,12,08,38,191,,11,02,198,,12,21,152,,21,32,157,,0*7B
1776370316.291,$GNGLL,1339.00334,N,10029.53430,E,201156.00,A,D*74
1776370317.242,$GNRMC,201157.00,A,1339.00292,N,10029.53479,E,2.223,128.14,160426,0.53,W,D,V*4F
1776370317.243,$GNVTG,128.14,T,128.67,M,2.223,N,4.117,K,D*3E
1776370317.244,$GNGGA,201157.00,1339.00292,N,10029.53479,E,2,12,0.79,0.0,M,-27.8,M,,0499*6F
1776370317.245,$GNGSA,A,3,16,27,26,28,31,04,,,,,,,1.56,0.79,1.34,1*01
1776370317.245,$GNGSA,A,3,79,70,73,80,69,68,,,,,,,1.56,0.79,1.34,2*0C
1776370317.246,$GNGSA,A,3,25,08,30,02,03,05,,,,,,,1.56,0.79,1.34,3*01
1776370317.247,$GNGSA,A,3,14,09,24,07,10,16,13,,,,,,1.56,0.79,1.34,4*07
1776370317.248,$GPGSV,3,1,09,03,41,259,22,04,33,332,45,08,34,185,19,16,62,358,45,1*67
1776370317.249,$GPGSV,3,2,09,26,33,026,36,27,53,145,49,28,16,069,35,31,30,045,34,1*64
1776370317.250,$GPGSV,3,3,09,50,56,115,45,1*5F
1776370317.251,$GPGSV,2,1,08,03,41,259,15,04,33,332,44,08,34,185,18,26,33,026,35,6*6E
1776370317.253,$GPGSV,2,2,08,27,53,145,47,28,16,069,26,31,30,045,35,32,16,134,13,6*69
1776370317.254,$GPGSV,2,1,06,01,02,220,,02,05,193,,09,04,324,,40,36,259,,0*68
1776370317.255,$GPGSV,2,2,06,40,36,259,,41,64,233,,0*69
1776370317.256,$GLGSV,2,1,08,68,23,154,21,69,74,149,50,70,49,334,50,73,27,271,22,1*74
1776370317.257,$GLGSV,2,2,08,79,11,027,47,80,40,338,45,82,09,115,19,,,,39,1*49
1776370317.259,$GLGSV,2,1,06,68,23,154,21,69,74,149,50,70,49,334,48,73,27,271,22,3*71
1776370317.260,$GLGSV,2,2,06,79,11,027,39,80,40,338,40,3*7D
1776370317.260,$GLGSV,1,1,02,81,03,073,,83,04,164,,0*79
1776370317.262,$GAGSV,2,1,07,02,74,332,49,03,66,057,47,05,28,120,30,08,35,336,42,2*7F
1776370317.263,$GAGSV,2,2,07,25,27,031,35,30,37,233,20,32,56,356,50,2*47
1776370317.264,$GAGSV,2,1,07,02,74,332,46,03,66,057,45,05,28,120,27,08,35,336,38,7*7C
1776370317.265,$GAGSV,2,2,07,25,27,031,27,30,37,233,19,32,56,356,44,7*4E
1776370317.266,$GAGSV,1,1,02,15,05,224,,34,07,177,,0*72
1776370317.267,$GBGSV,2,1,07,07,55,160,44,09,43,341,42,10,49,174,27,13,46,206,34,1*74
1776370317.268,$GBGSV,2,2,07,14,61,303,41,16,40,014,43,24,46,330,50,1*46
1776370317.269,$GBGSV,2,1,06,07,55,160,48,09,43,341,46,10,49,174,36,13,46,206,31,3*7A
1776370317.270,$GBGSV,2,2,06,14,61,303,48,16,40,014,41,3*7F
1776370317.270,$GBGSV,3,1,12,01,37,105,,02,66,235,,03,70,144,,04,21,101,,0*73
1776370317.271,$GBGSV,3,2,12,04,21,101,,05,41,258,,06,30,181,,08,38,191,,0*7A
1776370317.272,$GBGSV,3,3,12,08,38,191,,11,02,198,,12,21,152,,21,32,157,,0*7B
1776370317.272,$GNGLL,1339.00292,N,10029.53479,E,201157.00,A,D*75
1776370318.240,$GNRMC,201158.00,A,1339.00252,N,10029.53523,E,1.990,130.99,160426,0.53,W,D,V*4E
1776370318.243,$GNVTG,130.99,T,131.52,M,1.990,N,3.686,K,D*34
1776370318.245,$GNGGA,201158.00,1339.00252,N,10029.53523,E,2,12,0.79,-0.2,M,-27.8,M,,0499*4D
1776370318.246,$GNGSA,A,3,16,27,26,28,31,04,08,,,,,,1.56,0.79,1.34,1*09
1776370318.247,$GNGSA,A,3,79,70,73,80,69,68,,,,,,,1.56,0.79,1.34,2*0C
1776370318.248,$GNGSA,A,3,25,08,30,02,03,05,,,,,,,1.56,0.79,1.34,3*01
1776370318.249,$GNGSA,A,3,14,09,24,07,10,16,13,,,,,,1.56,0.79,1.34,4*07
1776370318.251,$GPGSV,2,1,07,04,33,332,42,08,34,185,21,16,62,358,45,26,33,026,39,1*66
1776370318.253,$GPGSV,2,2,07,27,53,145,47,31,30,045,42,50,56,115,45,1*57
1776370318.256,$GPGSV,2,1,08,03,41,259,17,04,33,332,40,08,34,185,18,26,33,026,39,6*64
1776370318.258,$GPGSV,2,2,08,27,53,145,45,28,16,069,35,31,30,045,35,32,16,134,12,6*68
1776370318.259,$GPGSV,2,1,06,01,02,220,,02,05,193,,09,04,324,,40,36,259,,0*68
1776370318.260,$GPGSV,2,2,06,40,36,259,,41,64,233,,0*69
1776370318.261,$GLGSV,2,1,08,68,23,154,29,69,74,149,53,70,49,334,48,73,27,271,21,1*75
1776370318.262,$GLGSV,2,2,08,79,11,027,36,80,40,338,47,82,09,115,19,,,,38,1*4C
1776370318.263,$GLGSV,2,1,06,68,23,154,22,69,74,149,50,70,49,334,47,73,27,271,23,3*7C
1776370318.264,$GLGSV,2,2,06,79,11,027,37,80,40,338,40,3*73
1776370318.265,$GLGSV,1,1,02,81,03,073,,83,04,164,,0*79
1776370318.266,$GAGSV,2,1,07,02,74,332,48,03,66,057,51,05,28,120,26,08,35,336,42,2*7E
1776370318.267,$GAGSV,2,2,07,25,27,031,43,30,37,233,22,32,56,356,48,2*4D
1776370318.269,$GAGSV,2,1,07,02,74,332,47,03,66,057,46,05,28,120,27,08,35,336,43,7*72
1776370318.270,$GAGSV,2,2,07,25,27,031,38,30,37,233,19,32,56,356,44,7*40
1776370318.271,$GAGSV,1,1,02,15,05,224,,34,07,177,,0*72
1776370318.272,$GBGSV,2,1,07,07,55,160,44,09,43,341,39,10,49,174,31,13,46,206,37,1*7C
1776370318.274,$GBGSV,2,2,07,14,61,303,44,16,40,014,34,24,46,330,47,1*45
1776370318.275,$GBGSV,2,1,05,07,55,160,48,09,43,341,40,13,46,206,35,14,61,303,48,3*7E
1776370318.275,$GBGSV,2,2,05,16,40,014,41,3*42
1776370318.276,$GBGSV,3,1,12,01,37,105,,02,66,235,,03,70,144,,04,21,101,,0*73
1776370318.276,$GBGSV,3,2,12,04,21,101,,05,41,258,,06,30,181,,08,38,191,,0*7A
1776370318.277,$GBGSV,3,3,12,08,38,191,,11,02,198,,12,21,152,,21,32,157,,0*7B
1776370318.277,$GNGLL,1339.00252,N,10029.53523,E,201158.00,A,D*78
1776370319.246,$GNRMC,201159.00,A,1339.00215,N,10029.53564,E,1.966,135.85,160426,0.53,W,D,V*4E
1776370319.248,$GNVTG,135.85,T,136.38,M,1.966,N,3.641,K,D*35
1776370319.250,$GNGGA,201159.00,1339.00215,N,10029.53564,E,2,12,0.73,-0.3,M,-27.8,M,,0499*47
1776370319.252,$GNGSA,A,3,16,27,26,28,31,04,08,,,,,,1.43,0.73,1.23,1*01
1776370319.254,$GNGSA,A,3,79,70,73,80,69,68,,,,,,,1.43,0.73,1.23,2*04
1776370319.255,$GNGSA,A,3,25,08,30,02,03,05,,,,,,,1.43,0.73,1.23,3*09
1776370319.257,$GNGSA,A,3,14,09,24,07,16,13,,,,,,,1.43,0.73,1.23,4*0E
1776370319.259,$GPGSV,2,1,08,04,33,332,43,08,34,185,22,16,62,358,30,26,33,026,34,1*64
1776370319.262,$GPGSV,2,2,08,27,53,145,48,28,16,069,37,31,30,045,28,50,56,115,41,1*69
1776370319.264,$GPGSV,2,1,08,03,41,259,16,04,33,332,41,08,34,185,21,26,33,026,41,6*61
1776370319.266,$GPGSV,2,2,08,27,53,145,44,28,16,069,37,31,30,045,32,32,16,134,13,6*6D
1776370319.269,$GPGSV,2,1,06,01,02,220,,02,05,193,,09,04,324,,40,36,259,,0*68
1776370319.271,$GPGSV,2,2,06,40,36,259,,41,64,233,,0*69
1776370319.273,$GLGSV,2,1,08,68,23,154,23,69,74,149,52,70,49,334,39,73,27,271,22,1*7B
1776370319.274,$GLGSV,2,2,08,79,11,027,33,80,40,338,43,82,09,115,18,,,,36,1*42
1776370319.276,$GLGSV,2,1,06,68,23,154,23,69,74,149,46,70,49,334,45,73,27,271,23,3*78
1776370319.277,$GLGSV,2,2,06,79,11,027,36,80,40,338,38,3*7D
1776370319.278,$GLGSV,1,1,02,81,03,073,,83,04,164,,0*79
1776370319.279,$GAGSV,2,1,07,02,74,332,50,03,66,057,51,05,28,120,26,08,35,336,32,2*70
1776370319.280,$GAGSV,2,2,07,25,27,031,41,30,37,233,22,32,56,356,48,2*4F
1776370319.281,$GAGSV,2,1,07,02,74,332,46,03,66,057,46,05,28,120,26,08,35,336,37,7*71
1776370319.282,$GAGSV,2,2,07,25,27,031,33,30,37,233,18,32,56,356,44,7*4A
1776370319.282,$GAGSV,1,1,02,15,05,224,,34,07,177,,0*72
1776370319.284,$GBGSV,2,1,06,07,55,160,45,09,43,341,40,13,46,206,31,14,61,303,47,1*79
1776370319.284,$GBGSV,2,2,06,16,40,014,33,24,46,330,45,1*73
1776370319.285,$GBGSV,2,1,05,07,55,160,46,09,43,341,38,13,46,206,31,14,61,303,50,3*72
1776370319.286,$GBGSV,2,2,05,16,40,014,35,3*41
1776370319.286,$GBGSV,4,1,13,01,37,105,,02,66,235,,03,70,144,,04,21,101,,0*75
1776370319.287,$GBGSV,4,2,13,04,21,101,,05,41,258,,06,30,181,,08,38,191,,0*7C
1776370319.288,$GBGSV,4,3,13,08,38,191,,10,49,174,,11,02,198,,12,21,152,,0*72
1776370319.288,$GBGSV,4,4,13,12,21,152,,0*43
1776370319.289,$GNGLL,1339.00215,N,10029.53564,E,201159.00,A,D*79
1776370320.242,$GNRMC,201200.00,A,1339.00179,N,10029.53603,E,1.833,127.06,160426,0.53,W,D,V*43
1776370320.245,$GNVTG,127.06,T,127.59,M,1.833,N,3.395,K,D*37
1776370320.247,$GNGGA,201200.00,1339.00179,N,10029.53603,E,2,12,0.73,-0.4,M,-27.8,M,,0499*44
1776370320.248,$GNGSA,A,3,16,27,26,28,31,04,08,,,,,,1.43,0.73,1.23,1*01
1776370320.250,$GNGSA,A,3,79,70,73,80,69,68,,,,,,,1.43,0.73,1.23,2*04
1776370320.251,$GNGSA,A,3,25,08,30,02,03,05,,,,,,,1.43,0.73,1.23,3*09
1776370320.253,$GNGSA,A,3,14,09,24,07,16,13,,,,,,,1.43,0.73,1.23,4*0E
1776370320.255,$GPGSV,2,1,08,04,33,332,42,08,34,185,24,16,62,358,39,26,33,026,40,1*69
1776370320.257,$GPGSV,2,2,08,27,53,145,45,28,16,069,33,31,30,045,29,50,56,115,42,1*62
1776370320.260,$GPGSV,2,1,08,03,41,259,15,04,33,332,35,08,34,185,21,26,33,026,38,6*6F
1776370320.262,$GPGSV,2,2,08,27,53,145,40,28,16,069,37,31,30,045,37,32,16,134,13,6*6C
1776370320.264,$GPGSV,2,1,06,01,02,220,,02,05,193,,09,04,324,,40,36,259,,0*68
1776370320.265,$GPGSV,2,2,06,40,36,259,,41,64,233,,0*69
1776370320.267,$GLGSV,2,1,08,68,23,154,29,69,74,149,52,70,49,334,45,73,27,271,23,1*7B
1776370320.269,$GLGSV,2,2,08,79,11,027,45,80,40,338,46,82,09,115,19,,,,37,1*46
1776370320.271,$GLGSV,2,1,06,68,23,154,23,69,74,149,42,70,49,334,43,73,27,271,22,3*7B
1776370320.272,$GLGSV,2,2,06,79,11,027,40,80,40,338,41,3*72
1776370320.273,$GLGSV,1,1,02,81,03,073,,83,04,164,,0*79
1776370320.274,$GAGSV,2,1,07,02,74,332,52,03,66,057,50,05,28,120,24,08,35,336,41,2*75
1776370320.275,$GAGSV,2,2,07,25,27,031,37,30,37,233,23,32,56,356,43,2*44
1776370320.276,$GAGSV,2,1,07,02,74,332,45,03,66,057,43,05,28,120,25,08,35,336,36,7*75
1776370320.277,$GAGSV,2,2,07,25,27,031,38,30,37,233,18,32,56,356,37,7*45
1776370320.277,$GAGSV,1,1,02,15,05,224,,34,07,177,,0*72
1776370320.278,$GBGSV,2,1,06,07,55,160,43,09,43,341,38,13,46,206,27,14,61,303,44,1*74
1776370320.279,$GBGSV,2,2,06,16,40,014,29,24,46,330,42,1*7F
1776370320.280,$GBGSV,2,1,05,07,55,160,47,09,43,341,44,13,46,206,33,14,61,303,46,3*7D
1776370320.280,$GBGSV,2,2,05,16,40,014,42,3*41
1776370320.281,$GBGSV,4,1,13,01,37,105,,02,66,235,,03,70,144,,04,21,101,,0*75
1776370320.282,$GBGSV,4,2,13,04,21,101,,05,41,258,,06,30,181,,08,38,191,,0*7C
1776370320.283,$GBGSV,4,3,13,08,38,191,,10,49,174,,11,02,198,,12,21,152,,0*72
1776370320.283,$GBGSV,4,4,13,12,21,152,,0*43
1776370320.284,$GNGLL,1339.00179,N,10029.53603,E,201200.00,A,D*7D
1776370321.243,$GNRMC,201201.00,A,1339.00144,N,10029.53644,E,2.000,132.96,160426,0.53,W,D,V*49
1776370321.246,$GNVTG,132.96,T,133.49,M,2.000,N,3.705,K,D*38
1776370321.248,$GNGGA,201201.00,1339.00144,N,10029.53644,E,2,12,0.73,-0.4,M,-27.8,M,,0499*48
1776370321.249,$GNGSA,A,3,16,27,26,28,31,04,08,,,,,,1.43,0.73,1.23,1*01
1776370321.251,$GNGSA,A,3,79,70,73,80,69,68,,,,,,,1.43,0.73,1.23,2*04
1776370321.253,$GNGSA,A,3,25,08,30,02,03,05,,,,,,,1.43,0.73,1.23,3*09
1776370321.254,$GNGSA,A,3,14,09,24,07,16,13,,,,,,,1.43,0.73,1.23,4*0E
1776370321.256,$GPGSV,2,1,08,04,33,332,31,08,34,185,22,16,62,358,44,26,33,026,41,1*60
1776370321.258,$GPGSV,2,2,08,27,53,145,44,28,16,069,35,31,30,045,33,50,56,115,43,1*6F
1776370321.260,$GPGSV,2,1,08,03,41,259,13,04,33,332,32,08,34,185,21,26,33,026,38,6*6E
1776370321.262,$GPGSV,2,2,08,27,53,145,40,28,16,069,38,31,30,045,33,32,16,134,14,6*60
1776370321.264,$GPGSV,2,1,06,01,02,220,,02,05,193,,09,04,324,,40,36,259,,0*68
1776370321.266,$GPGSV,2,2,06,40,36,259,,41,64,233,,0*69
1776370321.268,$GLGSV,2,1,08,68,23,154,24,69,74,149,50,70,49,334,48,73,27,271,21,1*7B
1776370321.270,$GLGSV,2,2,08,79,11,027,42,80,40,338,45,82,09,115,19,,,,32,1*47
1776370321.272,$GLGSV,2,1,06,68,23,154,21,69,74,149,49,70,49,334,44,73,27,271,22,3*75
1776370321.273,$GLGSV,2,2,06,79,11,027,42,80,40,338,44,3*75
1776370321.274,$GLGSV,1,1,02,81,03,073,,83,04,164,,0*79
1776370321.276,$GAGSV,2,1,07,02,74,332,53,03,66,057,51,05,28,120,25,08,35,336,45,2*70
1776370321.277,$GAGSV,2,2,07,25,27,031,44,30,37,233,24,32,56,356,45,2*41
1776370321.278,$GAGSV,2,1,07,02,74,332,42,03,66,057,45,05,28,120,25,08,35,336,37,7*75
1776370321.279,$GAGSV,2,2,07,25,27,031,35,30,37,233,16,32,56,356,41,7*47
1776370321.280,$GAGSV,1,1,02,15,05,224,,34,07,177,,0*72
1776370321.281,$GBGSV,2,1,08,06,30,181,21,07,55,160,48,09,43,341,40,10,49,174,27,1*78
1776370321.282,$GBGSV,2,2,08,13,46,206,26,14,61,303,46,16,40,014,37,24,46,330,44,1*78
1776370321.283,$GBGSV,1,1,04,07,55,160,48,09,43,341,38,14,61,303,48,16,40,014,40,3*73
1776370321.284,$GBGSV,3,1,11,01,37,105,,02,66,235,,03,70,144,,04,21,101,,0*70
1776370321.285,$GBGSV,3,2,11,04,21,101,,05,41,258,,08,38,191,,11,02,198,,0*76
1776370321.285,$GBGSV,3,3,11,11,02,198,,12,21,152,,21,32,157,,0*42
1776370321.286,$GNGLL,1339.00144,N,10029.53644,E,201201.00,A,D*71
1776370322.242,$GNRMC,201202.00,A,1339.00105,N,10029.53687,E,2.185,132.09,160426,0.53,W,D,V*4A
1776370322.244,$GNVTG,132.09,T,132.62,M,2.185,N,4.047,K,D*3C
1776370322.247,$GNGGA,201202.00,1339.00105,N,10029.53687,E,2,12,0.69,-0.5,M,-27.8,M,,0499*4B
1776370322.248,$GNGSA,A,3,16,27,26,28,31,04,08,,,,,,1.32,0.69,1.13,1*0F
1776370322.249,$GNGSA,A,3,79,70,73,80,69,68,,,,,,,1.32,0.69,1.13,2*0A
1776370322.250,$GNGSA,A,3,25,08,30,02,03,05,,,,,,,1.32,0.69,1.13,3*07
1776370322.250,$GNGSA,A,3,14,09,24,07,10,16,13,,,,,,1.32,0.69,1.13,4*01
1776370322.253,$GPGSV,2,1,07,04,33,332,42,08,34,185,22,16,62,358,42,26,33,026,36,1*6D
1776370322.254,$GPGSV,2,2,07,27,53,145,48,31,30,045,33,50,56,115,43,1*58
1776370322.255,$GPGSV,2,1,08,03,41,259,14,04,33,332,31,08,34,185,24,26,33,026,31,6*66
1776370322.257,$GPGSV,2,2,08,27,53,145,42,28,16,069,37,31,30,045,36,32,16,134,13,6*6F
1776370322.258,$GPGSV,2,1,06,01,02,220,,02,05,193,,09,04,324,,40,36,259,,0*68
1776370322.259,$GPGSV,2,2,06,40,36,259,,41,64,233,,0*69
1776370322.261,$GLGSV,2,1,08,68,23,154,25,69,74,149,45,70,49,334,43,73,27,271,21,1*75
1776370322.262,$GLGSV,2,2,08,79,11,027,43,80,40,338,44,82,09,115,20,,,,38,1*47
1776370322.262,$GLGSV,2,1,06,68,23,154,20,69,74,149,50,70,49,334,33,73,27,271,23,3*7D
1776370322.263,$GLGSV,2,2,06,79,11,027,42,80,40,338,38,3*7E
1776370322.263,$GLGSV,1,1,02,81,03,073,,83,04,164,,0*79
1776370322.264,$GAGSV,2,1,07,02,74,332,53,03,66,057,51,05,28,120,25,08,35,336,40,2*75
1776370322.264,$GAGSV,2,2,07,25,27,031,40,30,37,233,24,32,56,356,48,2*48
1776370322.265,$GAGSV,2,1,07,02,74,332,45,03,66,057,47,05,28,120,24,08,35,336,37,7*71
1776370322.266,$GAGSV,2,2,07,25,27,031,36,30,37,233,16,32,56,356,43,7*46
1776370322.266,$GAGSV,1,1,02,15,05,224,,34,07,177,,0*72
1776370322.267,$GBGSV,2,1,08,06,30,181,23,07,55,160,42,09,43,341,38,10,49,174,26,1*7E
1776370322.268,$GBGSV,2,2,08,13,46,206,26,14,61,303,40,16,40,014,40,24,46,330,45,1*7F
1776370322.269,$GBGSV,2,1,05,07,55,160,46,09,43,341,39,13,46,206,30,14,61,303,47,3*74
1776370322.270,$GBGSV,2,2,05,16,40,014,42,3*41
1776370322.271,$GBGSV,3,1,11,01,37,105,,02,66,235,,03,70,144,,04,21,101,,0*70
1776370322.271,$GBGSV,3,2,11,04,21,101,,05,41,258,,08,38,191,,11,02,198,,0*76
1776370322.272,$GBGSV,3,3,11,11,02,198,,12,21,152,,21,32,157,,0*42
1776370322.273,$GNGLL,1339.00105,N,10029.53687,E,201202.00,A,D*78
1776370323.242,$GNRMC,201203.00,A,1339.00065,N,10029.53738,E,2.545,125.26,160426,0.53,W,D,V*4A
1776370323.245,$GNVTG,125.26,T,125.79,M,2.545,N,4.714,K,D*32
1776370323.247,$GNGGA,201203.00,1339.00065,N,10029.53738,E,2,12,0.67,-0.6,M,-27.8,M,,0499*45
1776370323.250,$GNGSA,A,3,16,27,26,28,31,04,08,,,,,,1.32,0.67,1.14,1*06
1776370323.252,$GNGSA,A,3,79,70,80,69,68,,,,,,,,1.32,0.67,1.14,2*07
1776370323.255,$GNGSA,A,3,25,08,30,02,03,05,,,,,,,1.32,0.67,1.14,3*0E
1776370323.257,$GNGSA,A,3,14,09,24,07,06,10,16,13,,,,,1.32,0.67,1.14,4*0E
1776370323.259,$GPGSV,2,1,08,04,33,332,36,08,34,185,25,16,62,358,43,26,33,026,35,1*64
1776370323.262,$GPGSV,2,2,08,27,53,145,38,28,16,069,38,31,30,045,40,50,56,115,44,1*6A
1776370323.265,$GPGSV,2,1,08,03,41,259,15,04,33,332,39,08,34,185,24,26,33,026,38,6*66
1776370323.267,$GPGSV,2,2,08,27,53,145,39,28,16,069,37,31,30,045,36,32,16,134,14,6*64
1776370323.270,$GPGSV,2,1,06,01,02,220,,02,05,193,,09,04,324,,40,36,259,,0*68
1776370323.272,$GPGSV,2,2,06,40,36,259,,41,64,233,,0*69
1776370323.274,$GLGSV,2,1,08,68,23,154,24,69,74,149,52,70,49,334,46,73,27,271,22,1*74
1776370323.276,$GLGSV,2,2,08,79,11,027,42,80,40,338,45,82,09,115,20,,,,36,1*49
1776370323.278,$GLGSV,2,1,06,68,23,154,19,69,74,149,48,70,49,334,38,73,27,271,22,3*74
1776370323.278,$GLGSV,2,2,06,79,11,027,41,80,40,338,37,3*72
1776370323.279,$GLGSV,1,1,02,81,03,073,,83,04,164,,0*79
1776370323.280,$GAGSV,2,1,07,02,74,332,52,03,66,057,51,05,28,120,24,08,35,336,42,2*77
1776370323.281,$GAGSV,2,2,07,25,27,031,38,30,37,233,25,32,56,356,51,2*4E
1776370323.282,$GAGSV,2,1,07,02,74,332,44,03,66,057,46,05,28,120,24,08,35,336,39,7*7F
1776370323.283,$GAGSV,2,2,07,25,27,031,38,30,37,233,16,32,56,356,45,7*4E
1776370323.284,$GAGSV,1,1,02,15,05,224,,34,07,177,,0*72
1776370323.286,$GBGSV,2,1,08,06,30,181,23,07,55,160,42,09,43,341,33,10,49,174,32,1*70
1776370323.287,$GBGSV,2,2,08,13,46,206,26,14,61,303,44,16,40,014,39,24,46,330,43,1*73
1776370323.289,$GBGSV,2,1,06,07,55,160,42,09,43,341,36,10,49,174,34,13,46,206,24,3*71
1776370323.290,$GBGSV,2,2,06,14,61,303,47,16,40,014,39,3*7F
1776370323.291,$GBGSV,3,1,11,01,37,105,,02,66,235,,03,70,144,,04,21,101,,0*70
1776370323.293,$GBGSV,3,2,11,04,21,101,,05,41,258,,08,38,191,,11,02,198,,0*76
1776370323.294,$GBGSV,3,3,11,11,02,198,,12,21,152,,21,32,157,,0*42
1776370323.295,$GNGLL,1339.00065,N,10029.53738,E,201203.00,A,D*7B
1776370324.243,$GNRMC,201204.00,A,1339.00024,N,10029.53799,E,2.623,123.52,160426,0.53,W,D,V*45
1776370324.244,$GNVTG,123.52,T,124.05,M,2.623,N,4.858,K,D*39
1776370324.245,$GNGGA,201204.00,1339.00024,N,10029.53799,E,2,12,0.67,-0.7,M,-27.8,M,,0499*4D
1776370324.245,$GNGSA,A,3,16,27,26,28,31,04,08,,,,,,1.32,0.67,1.14,1*06
1776370324.246,$GNGSA,A,3,79,73,70,80,69,68,,,,,,,1.32,0.67,1.14,2*03
1776370324.247,$GNGSA,A,3,25,08,02,03,05,,,,,,,,1.32,0.67,1.14,3*0D
1776370324.247,$GNGSA,A,3,14,09,24,07,06,10,16,13,,,,,1.32,0.67,1.14,4*0E
1776370324.248,$GPGSV,2,1,08,04,33,332,36,08,34,185,25,16,62,358,44,26,33,026,34,1*62
1776370324.248,$GPGSV,2,2,08,27,53,145,40,28,16,069,40,31,30,045,37,50,56,115,42,1*6C
1776370324.249,$GPGSV,2,1,08,03,41,259,18,04,33,332,35,08,34,185,25,26,33,026,35,6*6B
1776370324.250,$GPGSV,2,2,08,27,53,145,37,28,16,069,39,31,30,045,36,32,16,134,13,6*63
1776370324.251,$GPGSV,2,1,06,01,02,220,,02,05,193,,09,04,324,,40,36,259,,0*68
1776370324.251,$GPGSV,2,2,06,40,36,259,,41,64,233,,0*69
1776370324.253,$GLGSV,2,1,08,68,23,154,24,69,74,149,49,70,49,334,45,73,27,271,22,1*7D
1776370324.254,$GLGSV,2,2,08,79,11,027,41,80,40,338,43,82,09,115,19,,,,31,1*41
1776370324.255,$GLGSV,2,1,06,68,23,154,19,69,74,149,46,70,49,334,45,73,27,271,20,3*72
1776370324.256,$GLGSV,2,2,06,79,11,027,38,80,40,338,33,3*78
1776370324.257,$GLGSV,1,1,02,81,03,073,,83,04,164,,0*79
1776370324.258,$GAGSV,2,1,07,02,74,332,51,03,66,057,51,05,28,120,23,08,35,336,39,2*7F
1776370324.259,$GAGSV,2,2,07,25,27,031,40,30,37,233,25,32,56,356,50,2*40
1776370324.260,$GAGSV,2,1,07,02,74,332,47,03,66,057,47,05,28,120,24,08,35,336,37,7*73
1776370324.262,$GAGSV,2,2,07,25,27,031,35,30,37,233,16,32,56,356,44,7*42
1776370324.263,$GAGSV,1,1,02,15,05,224,,34,07,177,,0*72
1776370324.264,$GBGSV,2,1,08,06,30,181,25,07,55,160,32,09,43,341,40,10,49,174,35,1*72
1776370324.265,$GBGSV,2,2,08,13,46,206,25,14,61,303,40,16,40,014,38,24,46,330,44,1*72
1776370324.265,$GBGSV,2,1,05,07,55,160,42,09,43,341,39,10,49,174,39,14,61,303,45,3*71
1776370324.266,$GBGSV,2,2,05,16,40,014,39,3*4D
1776370324.267,$GBGSV,3,1,11,01,37,105,,02,66,235,,03,70,144,,04,21,101,,0*70
1776370324.268,$GBGSV,3,2,11,04,21,101,,05,41,258,,08,38,191,,11,02,198,,0*76
1776370324.268,$GBGSV,3,3,11,11,02,198,,12,21,152,,21,32,157,,0*42
1776370324.269,$GNGLL,1339.00024,N,10029.53799,E,201204.00,A,D*72
1776370325.245,$GNRMC,201205.00,A,1338.99983,N,10029.53859,E,2.550,123.16,160426,0.53,W,D,V*45
1776370325.247,$GNVTG,123.16,T,123.69,M,2.550,N,4.723,K,D*30
1776370325.248,$GNGGA,201205.00,1338.99983,N,10029.53859,E,2,12,0.67,-0.9,M,-27.8,M,,0499*44
1776370325.250,$GNGSA,A,3,16,27,26,28,31,04,08,,,,,,1.32,0.67,1.14,1*06
1776370325.251,$GNGSA,A,3,79,73,70,80,69,68,,,,,,,1.32,0.67,1.14,2*03
1776370325.252,$GNGSA,A,3,25,08,02,03,05,,,,,,,,1.32,0.67,1.14,3*0D
1776370325.253,$GNGSA,A,3,14,09,24,07,06,10,16,13,,,,,1.32,0.67,1.14,4*0E
1776370325.254,$GPGSV,3,1,10,03,41,259,25,04,33,332,38,08,34,185,27,16,62,358,47,1*6D
1776370325.256,$GPGSV,3,2,10,26,33,026,35,27,53,145,41,28,16,069,39,31,30,045,41,1*69
1776370325.257,$GPGSV,3,3,10,40,36,259,29,50,56,115,41,1*67
1776370325.259,$GPGSV,2,1,08,03,41,259,18,04,33,332,35,08,34,185,25,26,33,026,37,6*69
1776370325.260,$GPGSV,2,2,08,27,53,145,35,28,16,069,31,31,30,045,40,32,16,134,10,6*6B
1776370325.261,$GPGSV,2,1,05,01,02,220,,02,05,193,,09,04,324,,41,64,233,,0*61
1776370325.262,$GPGSV,2,2,05,41,64,233,,0*55
1776370325.263,$GLGSV,2,1,08,68,23,154,23,69,74,149,50,70,49,334,49,73,27,271,22,1*7E
1776370325.264,$GLGSV,2,2,08,79,11,027,39,80,40,338,41,82,09,115,19,,,,31,1*4C
1776370325.265,$GLGSV,2,1,06,68,23,154,19,69,74,149,48,70,49,334,43,73,27,271,19,3*70
1776370325.265,$GLGSV,2,2,06,79,11,027,35,80,40,338,40,3*71
1776370325.266,$GLGSV,1,1,02,81,03,073,,83,04,164,,0*79
1776370325.266,$GAGSV,2,1,07,02,74,332,49,03,66,057,50,05,28,120,21,08,35,336,40,2*7B
1776370325.267,$GAGSV,2,2,07,25,27,031,40,30,37,233,23,32,56,356,51,2*47
1776370325.268,$GAGSV,2,1,07,02,74,332,49,03,66,057,47,05,28,120,23,08,35,336,28,7*74
1776370325.268,$GAGSV,2,2,07,25,27,031,39,30,37,233,16,32,56,356,45,7*4F
1776370325.269,$GAGSV,1,1,02,15,05,224,,34,07,177,,0*72
1776370325.271,$GBGSV,2,1,08,06,30,181,33,07,55,160,37,09,43,341,30,10,49,174,40,1*75
1776370325.272,$GBGSV,2,2,08,13,46,206,23,14,61,303,42,16,40,014,39,24,46,330,47,1*74
1776370325.273,$GBGSV,2,1,05,07,55,160,28,09,43,341,43,10,49,174,42,14,61,303,47,3*7E
1776370325.274,$GBGSV,2,2,05,16,40,014,40,3*43
1776370325.275,$GBGSV,3,1,11,01,37,105,,02,66,235,,03,70,144,,04,21,101,,0*70
1776370325.275,$GBGSV,3,2,11,04,21,101,,05,41,258,,08,38,191,,11,02,198,,0*76
1776370325.276,$GBGSV,3,3,11,11,02,198,,12,21,152,,21,32,157,,0*42
1776370325.276,$GNGLL,1338.99983,N,10029.53859,E,201205.00,A,D*75
1776370326.248,$GNRMC,201206.00,A,1338.99945,N,10029.53918,E,2.395,120.61,160426,0.53,W,D,V*44
1776370326.250,$GNVTG,120.61,T,121.14,M,2.395,N,4.435,K,D*30
1776370326.252,$GNGGA,201206.00,1338.99945,N,10029.53918,E,2,12,0.67,-1.0,M,-27.8,M,,0499*41
1776370326.254,$GNGSA,A,3,16,27,26,28,31,04,08,,,,,,1.32,0.67,1.14,1*06
1776370326.256,$GNGSA,A,3,79,73,70,80,69,68,,,,,,,1.32,0.67,1.14,2*03
1776370326.257,$GNGSA,A,3,25,08,30,02,03,05,,,,,,,1.32,0.67,1.14,3*0E
1776370326.259,$GNGSA,A,3,14,09,24,07,06,10,16,13,,,,,1.32,0.67,1.14,4*0E
1776370326.260,$GPGSV,3,1,10,03,41,259,23,04,33,332,35,08,34,185,34,16,62,358,46,1*65
1776370326.263,$GPGSV,3,2,10,26,33,026,38,27,53,145,37,28,16,069,38,31,30,045,42,1*67
1776370326.264,$GPGSV,3,3,10,40,36,259,27,50,56,115,43,1*6B
1776370326.266,$GPGSV,2,1,08,03,41,259,19,04,33,332,35,08,34,185,26,26,33,026,40,6*6B
1776370326.268,$GPGSV,2,2,08,27,53,145,32,28,16,069,32,31,30,045,41,32,16,134,09,6*66
1776370326.270,$GPGSV,2,1,05,01,02,220,,02,05,193,,09,04,324,,41,64,233,,0*61
1776370326.272,$GPGSV,2,2,05,41,64,233,,0*55
1776370326.274,$GLGSV,2,1,08,68,23,154,22,69,74,149,51,70,49,334,47,73,27,271,22,1*70
1776370326.277,$GLGSV,2,2,08,79,11,027,39,80,40,338,45,82,09,115,19,,,,31,1*48
1776370326.279,$GLGSV,2,1,06,68,23,154,21,69,74,149,47,70,49,334,49,73,27,271,19,3*7E
1776370326.280,$GLGSV,2,2,06,79,11,027,35,80,40,338,41,3*70
1776370326.281,$GLGSV,1,1,02,81,03,073,,83,04,164,,0*79
1776370326.282,$GAGSV,2,1,07,02,74,332,50,03,66,057,51,05,28,120,22,08,35,336,42,2*73
1776370326.283,$GAGSV,2,2,07,25,27,031,40,30,37,233,23,32,56,356,49,2*4E
1776370326.284,$GAGSV,2,1,07,02,74,332,48,03,66,057,47,05,28,120,23,08,35,336,38,7*74
1776370326.285,$GAGSV,2,2,07,25,27,031,35,30,37,233,17,32,56,356,46,7*41
1776370326.285,$GAGSV,1,1,02,15,05,224,,34,07,177,,0*72
1776370326.286,$GBGSV,2,1,08,06,30,181,33,07,55,160,31,09,43,341,33,10,49,174,47,1*77
1776370326.287,$GBGSV,2,2,08,13,46,206,23,14,61,303,41,16,40,014,40,24,46,330,47,1*79
1776370326.288,$GBGSV,2,1,05,07,55,160,38,09,43,341,43,10,49,174,49,14,61,303,46,3*75
1776370326.288,$GBGSV,2,2,05,16,40,014,43,3*40
1776370326.289,$GBGSV,3,1,11,01,37,105,,02,66,235,,03,70,144,,04,21,101,,0*70
1776370326.290,$GBGSV,3,2,11,04,21,101,,05,41,258,,08,38,191,,11,02,198,,0*76
1776370326.291,$GBGSV,3,3,11,11,02,198,,12,21,152,,21,32,157,,0*42
1776370326.291,$GNGLL,1338.99945,N,10029.53918,E,201206.00,A,D*78
1776370327.233,$GNRMC,201207.00,A,1338.99909,N,10029.53978,E,2.556,119.75,160426,0.53,W,D,V*4D
1776370327.234,$GNVTG,119.75,T,120.28,M,2.556,N,4.734,K,D*3A
1776370327.235,$GNGGA,201207.00,1338.99909,N,10029.53978,E,2,12,0.72,-1.0,M,-27.8,M,,0499*4A
1776370327.236,$GNGSA,A,3,16,27,26,28,31,04,03,08,,,,,1.42,0.72,1.22,1*03
1776370327.237,$GNGSA,A,3,79,73,70,80,69,68,,,,,,,1.42,0.72,1.22,2*05
1776370327.238,$GNGSA,A,3,25,08,30,02,03,05,,,,,,,1.42,0.72,1.22,3*08
1776370327.239,$GNGSA,A,3,14,09,24,07,06,10,16,13,,,,,1.42,0.72,1.22,4*08
1776370327.239,$GPGSV,3,1,09,04,33,332,35,08,34,185,34,16,62,358,47,26,33,026,38,1*6E
1776370327.240,$GPGSV,3,2,09,27,53,145,34,28,16,069,35,31,30,045,44,39,45,252,27,1*67
1776370327.241,$GPGSV,3,3,09,50,56,115,44,1*5E
1776370327.241,$GPGSV,2,1,08,03,41,259,20,04,33,332,35,08,34,185,30,26,33,026,39,6*68
1776370327.242,$GPGSV,2,2,08,27,53,145,29,28,16,069,33,31,30,045,43,32,16,134,10,6*67
1776370327.243,$GPGSV,2,1,06,01,02,220,,02,05,193,,09,04,324,,40,36,259,,0*68
1776370327.244,$GPGSV,2,2,06,40,36,259,,41,64,233,,0*69
1776370327.245,$GLGSV,2,1,08,68,23,154,24,69,74,149,49,70,49,334,48,73,27,271,22,1*70
1776370327.246,$GLGSV,2,2,08,79,11,027,37,80,40,338,43,82,09,115,18,,,,34,1*44
1776370327.247,$GLGSV,2,1,06,68,23,154,21,69,74,149,48,70,49,334,47,73,27,271,18,3*7E
1776370327.248,$GLGSV,2,2,06,79,11,027,37,80,40,338,42,3*71
1776370327.249,$GLGSV,1,1,02,81,03,073,,83,04,164,,0*79
1776370327.251,$GAGSV,2,1,07,02,74,332,52,03,66,057,50,05,28,120,22,08,35,336,42,2*70
1776370327.252,$GAGSV,2,2,07,25,27,031,40,30,37,233,23,32,56,356,51,2*47
1776370327.253,$GAGSV,2,1,07,02,74,332,47,03,66,057,46,05,28,120,21,08,35,336,38,7*78
1776370327.254,$GAGSV,2,2,07,25,27,031,37,30,37,233,17,32,56,356,46,7*43
1776370327.255,$GAGSV,1,1,02,15,05,224,,34,07,177,,0*72
1776370327.256,$GBGSV,2,1,08,06,30,181,41,07,55,160,25,09,43,341,43,10,49,174,46,1*71
1776370327.257,$GBGSV,2,2,08,13,46,206,26,14,61,303,40,16,40,014,42,24,46,330,46,1*7E
1776370327.258,$GBGSV,2,1,05,07,55,160,27,09,43,341,46,10,49,174,50,14,61,303,47,3*77
1776370327.258,$GBGSV,2,2,05,16,40,014,42,3*41
1776370327.259,$GBGSV,3,1,11,01,37,105,,02,66,235,,03,70,144,,04,21,101,,0*70
1776370327.260,$GBGSV,3,2,11,04,21,101,,05,41,258,,08,38,191,,11,02,198,,0*76
1776370327.261,$GBGSV,3,3,11,11,02,198,,12,21,152,,21,32,157,,0*42
1776370327.262,$GNGLL,1338.99909,N,10029.53978,E,201207.00,A,D*77
1776370328.248,$GNRMC,201208.00,A,1338.99869,N,10029.54032,E,2.172,116.85,160426,0.53,W,D,V*47
1776370328.251,$GNVTG,116.85,T,117.38,M,2.172,N,4.022,K,D*3D
1776370328.253,$GNGGA,201208.00,1338.99869,N,10029.54032,E,2,12,0.67,-1.4,M,-27.8,M,,0499*42
1776370328.255,$GNGSA,A,3,16,27,26,28,31,04,03,08,,,,,1.32,0.67,1.14,1*05
1776370328.256,$GNGSA,A,3,79,73,70,80,69,68,,,,,,,1.32,0.67,1.14,2*03
1776370328.256,$GNGSA,A,3,25,08,30,02,03,05,,,,,,,1.32,0.67,1.14,3*0E
1776370328.257,$GNGSA,A,3,14,09,24,07,06,10,16,13,,,,,1.32,0.67,1.14,4*0E
1776370328.257,$GPGSV,3,1,09,04,33,332,38,08,34,185,30,16,62,358,45,26,33,026,38,1*65
1776370328.258,$GPGSV,3,2,09,27,53,145,30,28,16,069,35,31,30,045,41,39,45,252,28,1*69
1776370328.259,$GPGSV,3,3,09,50,56,115,46,1*5C
1776370328.259,$GPGSV,2,1,08,03,41,259,20,04,33,332,37,08,34,185,36,26,33,026,42,6*60
1776370328.260,$GPGSV,2,2,08,27,53,145,28,28,16,069,34,31,30,045,40,32,16,134,10,6*62
1776370328.261,$GPGSV,2,1,06,01,02,220,,02,05,193,,09,04,324,,40,36,259,,0*68
1776370328.261,$GPGSV,2,2,06,40,36,259,,41,64,233,,0*69
1776370328.262,$GLGSV,2,1,08,68,23,154,23,69,74,149,51,70,49,334,49,73,27,271,22,1*7F
1776370328.263,$GLGSV,2,2,08,79,11,027,43,80,40,338,49,82,09,115,19,,,,34,1*4C
1776370328.263,$GLGSV,2,1,06,68,23,154,23,69,74,149,47,70,49,334,46,73,27,271,19,3*73
1776370328.264,$GLGSV,2,2,06,79,11,027,39,80,40,338,45,3*78
1776370328.264,$GLGSV,1,1,02,81,03,073,,83,04,164,,0*79
1776370328.265,$GAGSV,2,1,07,02,74,333,51,03,66,057,50,05,28,120,23,08,35,336,39,2*7F
1776370328.265,$GAGSV,2,2,07,25,27,031,42,30,37,233,21,32,56,356,51,2*47
1776370328.266,$GAGSV,2,1,07,02,74,333,48,03,66,057,47,05,28,120,19,08,35,336,38,7*7C
1776370328.267,$GAGSV,2,2,07,25,27,031,41,30,37,233,16,32,56,356,47,7*42
1776370328.267,$GAGSV,1,1,02,15,05,224,,34,07,177,,0*72
1776370328.268,$GBGSV,2,1,08,06,30,181,43,07,55,160,26,09,43,341,43,10,49,174,43,1*75
1776370328.269,$GBGSV,2,2,08,13,46,206,25,14,61,303,41,16,40,014,41,24,46,330,49,1*70
1776370328.269,$GBGSV,2,1,05,07,55,160,37,09,43,341,47,10,49,174,39,14,61,303,44,3*7B
1776370328.270,$GBGSV,2,2,05,16,40,014,45,3*46
1776370328.270,$GBGSV,3,1,11,01,37,105,,02,66,235,,03,70,144,,04,21,101,,0*70
1776370328.271,$GBGSV,3,2,11,04,21,101,,05,41,258,,08,38,191,,11,02,198,,0*76
1776370328.272,$GBGSV,3,3,11,11,02,198,,12,21,152,,21,32,157,,0*42
1776370328.272,$GNGLL,1338.99869,N,10029.54032,E,201208.00,A,D*7F
1776370329.247,$GNRMC,201209.00,A,1338.99836,N,10029.54090,E,2.625,112.02,160426,0.53,W,D,V*4A
1776370329.249,$GNVTG,112.02,T,112.55,M,2.625,N,4.861,K,D*32
1776370329.250,$GNGGA,201209.00,1338.99836,N,10029.54090,E,2,12,0.71,-1.6,M,-27.8,M,,0499*44
1776370329.251,$GNGSA,A,3,16,27,26,28,31,04,03,08,,,,,1.35,0.71,1.15,1*04
1776370329.251,$GNGSA,A,3,79,73,70,80,69,68,,,,,,,1.35,0.71,1.15,2*02
1776370329.252,$GNGSA,A,3,25,08,02,03,05,,,,,,,,1.35,0.71,1.15,3*0C
1776370329.252,$GNGSA,A,3,14,09,24,07,06,10,16,,,,,,1.35,0.71,1.15,4*0D
1776370329.253,$GPGSV,3,1,11,03,41,259,27,04,33,332,26,08,34,185,31,09,04,324,17,1*66
1776370329.254,$GPGSV,3,2,11,16,62,358,46,26,33,026,43,27,53,145,23,28,16,069,33,1*6D
1776370329.254,$GPGSV,3,3,11,31,30,045,44,39,45,252,28,50,56,115,41,1*56
1776370329.255,$GPGSV,2,1,08,03,41,259,20,04,33,332,39,08,34,185,37,26,33,026,43,6*6E
1776370329.256,$GPGSV,2,2,08,27,53,145,27,28,16,069,38,31,30,045,44,32,16,134,10,6*65
1776370329.256,$GPGSV,2,1,05,01,02,220,,02,05,193,,40,36,259,,41,64,233,,0*66
1776370329.257,$GPGSV,2,2,05,41,64,233,,0*55
1776370329.258,$GLGSV,2,1,07,68,23,154,21,69,74,149,51,70,49,334,50,73,27,271,23,1*7B
1776370329.258,$GLGSV,2,2,07,79,11,027,43,80,40,338,43,82,09,115,19,1*4E
1776370329.259,$GLGSV,2,1,06,68,23,154,24,69,74,149,47,70,49,334,50,73,27,271,20,3*79
1776370329.259,$GLGSV,2,2,06,79,11,027,38,80,40,338,42,3*7E
1776370329.260,$GLGSV,1,1,02,81,03,073,,83,04,164,,0*79
1776370329.261,$GAGSV,2,1,07,02,74,333,51,03,66,059,51,05,28,120,23,08,35,336,43,2*7D
1776370329.261,$GAGSV,2,2,07,25,27,031,44,30,37,233,18,32,56,356,50,2*4A
1776370329.262,$GAGSV,2,1,07,02,74,333,48,03,66,059,46,05,28,120,19,08,35,336,40,7*7C
1776370329.262,$GAGSV,2,2,07,25,27,031,39,30,37,233,17,32,56,356,46,7*4D
1776370329.263,$GAGSV,1,1,02,15,05,224,,34,07,177,,0*72
1776370329.264,$GBGSV,2,1,07,06,30,181,42,07,55,160,27,09,43,341,42,10,49,174,25,1*7B
1776370329.264,$GBGSV,2,2,07,14,61,303,42,16,40,014,43,24,46,330,48,1*4C
1776370329.265,$GBGSV,2,1,05,07,55,160,27,09,43,341,49,10,49,174,44,14,61,303,47,3*7D
1776370329.265,$GBGSV,2,2,05,16,40,014,43,3*40
1776370329.266,$GBGSV,3,1,12,01,37,105,,02,66,235,,03,70,144,,04,21,101,,0*73
1776370329.266,$GBGSV,3,2,12,04,21,101,,05,41,258,,08,38,191,,11,02,198,,0*75
1776370329.267,$GBGSV,3,3,12,11,02,198,,12,21,152,,13,46,206,,21,32,157,,0*75
1776370329.268,$GNGLL,1338.99836,N,10029.54090,E,201209.00,A,D*7C
1776370330.237,$GNRMC,201210.00,A,1338.99805,N,10029.54157,E,2.654,112.93,160426,0.53,W,D,V*46
1776370330.239,$GNVTG,112.93,T,113.46,M,2.654,N,4.916,K,D*3E
1776370330.240,$GNGGA,201210.00,1338.99805,N,10029.54157,E,2,12,0.71,-1.6,M,-27.8,M,,0499*46
1776370330.241,$GNGSA,A,3,16,27,26,28,31,04,08,,,,,,1.35,0.71,1.15,1*07
1776370330.241,$GNGSA,A,3,79,73,70,80,69,68,,,,,,,1.35,0.71,1.15,2*02
1776370330.242,$GNGSA,A,3,25,08,02,03,05,,,,,,,,1.35,0.71,1.15,3*0C
1776370330.242,$GNGSA,A,3,14,09,24,07,06,10,16,,,,,,1.35,0.71,1.15,4*0D
1776370330.243,$GPGSV,2,1,08,04,33,332,38,08,34,185,38,16,62,358,47,26,33,026,44,1*64
1776370330.244,$GPGSV,2,2,08,28,16,069,33,31,30,045,41,42,70,217,48,50,56,115,43,1*66
1776370330.245,$GPGSV,2,1,08,03,41,259,18,04,33,332,42,08,34,185,38,26,33,026,43,6*66
1776370330.246,$GPGSV,2,2,08,27,53,145,28,28,16,069,31,31,30,045,38,32,16,134,10,6*68
1776370330.246,$GPGSV,2,1,05,01,02,220,,02,05,193,,09,04,324,,40,36,259,,0*6B
1776370330.247,$GPGSV,2,2,05,40,36,259,,0*5F
1776370330.248,$GLGSV,2,1,07,68,23,154,19,69,74,149,51,70,49,334,50,73,27,271,23,1*70
1776370330.248,$GLGSV,2,2,07,79,11,027,42,80,40,338,50,82,09,115,19,1*4D
1776370330.249,$GLGSV,2,1,06,68,23,154,22,69,74,149,47,70,49,334,49,73,27,271,22,3*75
1776370330.249,$GLGSV,2,2,06,79,11,027,38,80,40,338,43,3*7F
1776370330.250,$GLGSV,1,1,02,81,03,073,,83,04,164,,0*79
1776370330.251,$GAGSV,2,1,07,02,74,333,50,03,66,059,51,05,28,120,22,08,35,336,43,2*7D
1776370330.251,$GAGSV,2,2,07,25,27,031,44,30,37,233,14,32,56,356,51,2*47
1776370330.252,$GAGSV,2,1,06,02,74,333,48,03,66,059,47,08,35,336,42,25,27,031,41,7*7F
1776370330.253,$GAGSV,2,2,06,30,37,233,18,32,56,356,46,7*79
1776370330.253,$GAGSV,1,1,02,15,05,224,,34,07,177,,0*72
1776370330.254,$GBGSV,2,1,07,06,30,181,35,07,55,160,28,09,43,341,43,10,49,174,31,1*70
1776370330.254,$GBGSV,2,2,07,14,61,303,42,16,40,014,42,24,46,330,48,1*4D
1776370330.255,$GBGSV,2,1,05,07,55,160,37,09,43,341,46,13,46,206,21,14,61,303,47,3*7A
1776370330.255,$GBGSV,2,2,05,16,40,014,47,3*44
1776370330.256,$GBGSV,3,1,11,01,37,105,,02,66,235,,03,70,144,,04,21,101,,0*70
1776370330.257,$GBGSV,3,2,11,04,21,101,,05,41,258,,08,38,191,,11,02,198,,0*76
1776370330.257,$GBGSV,3,3,11,11,02,198,,12,21,152,,21,32,157,,0*42
1776370330.258,$GNGLL,1338.99805,N,10029.54157,E,201210.00,A,D*7E
1776370331.242,$GNRMC,201211.00,A,1338.99766,N,10029.54221,E,2.711,112.90,160426,0.53,W,D,V*4C
1776370331.244,$GNVTG,112.90,T,113.43,M,2.711,N,5.022,K,D*37
1776370331.245,$GNGGA,201211.00,1338.99766,N,10029.54221,E,2,12,0.71,-1.9,M,-27.8,M,,0499*40
1776370331.246,$GNGSA,A,3,16,27,26,28,31,04,08,,,,,,1.35,0.71,1.15,1*07
1776370331.246,$GNGSA,A,3,79,73,70,80,69,,,,,,,,1.35,0.71,1.15,2*0C
1776370331.247,$GNGSA,A,3,25,08,02,03,05,,,,,,,,1.35,0.71,1.15,3*0C
1776370331.247,$GNGSA,A,3,14,09,24,07,06,10,16,,,,,,1.35,0.71,1.15,4*0D
1776370331.248,$GPGSV,2,1,08,04,33,332,41,08,34,185,42,16,62,358,46,26,33,026,43,1*61
1776370331.249,$GPGSV,2,2,08,28,16,069,34,31,30,045,39,42,70,217,46,50,56,115,44,1*67
1776370331.250,$GPGSV,2,1,08,03,41,259,18,04,33,332,42,08,34,185,43,26,33,026,42,6*6B
1776370331.250,$GPGSV,2,2,08,27,53,145,28,28,16,069,35,31,30,045,37,32,16,134,09,6*6B
1776370331.251,$GPGSV,2,1,05,01,02,220,,02,05,193,,09,04,324,,40,36,259,,0*6B
1776370331.252,$GPGSV,2,2,05,40,36,259,,0*5F
1776370331.252,$GLGSV,2,1,07,68,23,154,18,69,74,149,50,70,49,334,50,73,27,271,22,1*71
1776370331.253,$GLGSV,2,2,07,79,11,027,42,80,40,338,49,82,09,115,19,1*45
1776370331.254,$GLGSV,2,1,06,68,23,154,19,69,74,149,48,70,49,334,47,73,27,271,21,3*7F
1776370331.255,$GLGSV,2,2,06,79,11,027,38,80,40,338,45,3*79
1776370331.256,$GLGSV,1,1,02,81,03,073,,83,04,164,,0*79
1776370331.257,$GAGSV,2,1,07,02,74,333,50,03,66,059,51,05,28,120,23,08,35,336,46,2*79
1776370331.258,$GAGSV,2,2,07,25,27,031,43,30,37,233,14,32,56,356,50,2*41
1776370331.258,$GAGSV,2,1,06,02,74,333,48,03,66,059,46,08,35,336,45,25,27,031,42,7*7A
1776370331.259,$GAGSV,2,2,06,30,37,233,18,32,56,356,46,7*79
1776370331.259,$GAGSV,1,1,02,15,05,224,,34,07,177,,0*72
1776370331.260,$GBGSV,2,1,07,06,30,181,41,07,55,160,36,09,43,341,42,10,49,174,24,1*79
1776370331.261,$GBGSV,2,2,07,14,61,303,43,16,40,014,44,24,46,330,50,1*43
1776370331.261,$GBGSV,2,1,06,07,55,160,41,09,43,341,46,10,49,174,36,13,46,206,23,3*70
1776370331.262,$GBGSV,2,2,06,14,61,303,50,16,40,014,46,3*71
1776370331.262,$GBGSV,3,1,11,01,37,105,,02,66,235,,03,70,144,,04,21,101,,0*70
1776370331.263,$GBGSV,3,2,11,04,21,101,,05,41,258,,08,38,191,,11,02,198,,0*76
1776370331.264,$GBGSV,3,3,11,11,02,198,,12,21,152,,21,32,157,,0*42
1776370331.264,$GNGLL,1338.99766,N,10029.54221,E,201211.00,A,D*77
1776370332.253,$GNRMC,201212.00,A,1338.99737,N,10029.54295,E,2.922,109.00,160426,0.53,W,D,V*49
1776370332.255,$GNVTG,109.00,T,109.53,M,2.922,N,5.412,K,D*37
1776370332.257,$GNGGA,201212.00,1338.99737,N,10029.54295,E,2,12,0.68,-1.9,M,-27.8,M,,0499*40
1776370332.257,$GNGSA,A,3,16,27,26,28,31,04,03,08,,,,,1.33,0.68,1.14,1*0B
1776370332.258,$GNGSA,A,3,79,73,70,80,69,,,,,,,,1.33,0.68,1.14,2*03
1776370332.259,$GNGSA,A,3,25,08,02,03,05,,,,,,,,1.33,0.68,1.14,3*03
1776370332.259,$GNGSA,A,3,14,09,24,07,06,16,13,,,,,,1.33,0.68,1.14,4*01
1776370332.260,$GPGSV,3,1,10,04,33,332,41,08,34,185,33,16,62,358,46,26,33,026,37,1*6C
1776370332.261,$GPGSV,3,2,10,27,53,145,29,28,16,069,33,31,30,045,39,39,45,252,28,1*60
1776370332.261,$GPGSV,3,3,10,42,70,217,46,50,56,115,43,1*66
1776370332.262,$GPGSV,2,1,08,03,41,259,20,04,33,332,43,08,34,185,31,26,33,026,44,6*62
1776370332.263,$GPGSV,2,2,08,27,53,145,21,28,16,069,37,31,30,045,38,32,16,134,10,6*67
1776370332.263,$GPGSV,2,1,05,01,02,220,,02,05,193,,09,04,324,,40,36,259,,0*6B
1776370332.264,$GPGSV,2,2,05,40,36,259,,0*5F
1776370332.264,$GLGSV,2,1,07,68,23,154,19,69,74,149,51,70,49,334,49,73,27,271,22,1*79
1776370332.265,$GLGSV,2,2,07,79,11,027,41,80,40,338,48,82,09,115,18,1*46
1776370332.266,$GLGSV,2,1,06,68,23,154,19,69,74,149,47,70,49,334,46,73,27,271,21,3*71
1776370332.266,$GLGSV,2,2,06,79,11,027,37,80,40,338,47,3*74
1776370332.267,$GLGSV,1,1,02,81,03,073,,83,04,164,,0*79
1776370332.268,$GAGSV,2,1,07,02,74,333,50,03,66,059,52,05,28,120,22,08,35,336,47,2*7A
1776370332.268,$GAGSV,2,2,07,25,27,031,46,30,37,233,15,32,56,356,50,2*45
1776370332.269,$GAGSV,2,1,06,02,74,333,48,03,66,059,46,08,35,336,41,25,27,031,42,7*7E
1776370332.269,$GAGSV,2,2,06,30,37,233,17,32,56,356,46,7*76
1776370332.270,$GAGSV,1,1,02,15,05,224,,34,07,177,,0*72
1776370332.270,$GBGSV,2,1,07,06,30,181,38,07,55,160,36,09,43,341,40,10,49,174,27,1*76
1776370332.271,$GBGSV,2,2,07,14,61,303,44,16,40,014,44,24,46,330,47,1*42
1776370332.272,$GBGSV,2,1,05,07,55,160,42,09,43,341,47,13,46,206,22,14,61,303,50,3*7C
1776370332.272,$GBGSV,2,2,05,16,40,014,47,3*44
1776370332.273,$GBGSV,3,1,11,01,37,105,,02,66,235,,03,70,144,,04,21,101,,0*70
1776370332.273,$GBGSV,3,2,11,04,21,101,,05,41,258,,08,38,191,,11,02,198,,0*76
1776370332.274,$GBGSV,3,3,11,11,02,198,,12,21,152,,21,32,157,,0*42
1776370332.274,$GNGLL,1338.99737,N,10029.54295,E,201212.00,A,D*7F
1776370333.241,$GNRMC,201213.00,A,1338.99713,N,10029.54370,E,2.728,106.63,160426,0.53,W,D,V*4A
1776370333.243,$GNVTG,106.63,T,107.16,M,2.728,N,5.052,K,D*36
1776370333.244,$GNGGA,201213.00,1338.99713,N,10029.54370,E,2,12,0.68,-1.8,M,-27.8,M,,0499*4C
1776370333.245,$GNGSA,A,3,16,27,26,28,31,04,03,08,,,,,1.33,0.68,1.14,1*0B
1776370333.245,$GNGSA,A,3,79,73,70,80,69,68,,,,,,,1.33,0.68,1.14,2*0D
1776370333.246,$GNGSA,A,3,25,08,02,03,05,,,,,,,,1.33,0.68,1.14,3*03
1776370333.246,$GNGSA,A,3,14,09,24,07,06,16,13,,,,,,1.33,0.68,1.14,4*01
1776370333.247,$GPGSV,3,1,10,04,33,332,39,08,34,185,29,16,62,358,46,26,33,026,42,1*6A
1776370333.247,$GPGSV,3,2,10,27,53,145,29,28,16,069,37,31,30,045,43,39,45,252,28,1*69
1776370333.248,$GPGSV,3,3,10,42,70,217,47,50,56,115,42,1*66
1776370333.248,$GPGSV,2,1,08,03,41,259,21,04,33,332,43,08,34,185,29,26,33,026,43,6*6D
1776370333.249,$GPGSV,2,2,08,27,53,145,32,28,16,069,41,31,30,045,41,32,16,134,10,6*6A
1776370333.249,$GPGSV,2,1,05,01,02,220,,02,05,193,,09,04,324,,40,36,259,,0*6B
1776370333.250,$GPGSV,2,2,05,40,36,259,,0*5F
1776370333.250,$GLGSV,2,1,08,68,23,154,20,69,74,149,49,70,49,334,49,73,27,271,22,1*75
1776370333.251,$GLGSV,2,2,08,79,11,027,42,80,40,338,50,82,09,115,17,,,,38,1*47
1776370333.251,$GLGSV,2,1,06,68,23,154,21,69,74,149,47,70,49,334,48,73,27,271,21,3*74
1776370333.252,$GLGSV,2,2,06,79,11,027,37,80,40,338,45,3*76
1776370333.252,$GLGSV,1,1,02,81,03,073,,83,04,164,,0*79
1776370333.253,$GAGSV,2,1,07,02,74,333,50,03,66,059,51,05,28,120,23,08,35,336,47,2*78
1776370333.253,$GAGSV,2,2,07,25,27,031,46,30,37,233,17,32,56,356,52,2*45
1776370333.254,$GAGSV,2,1,06,02,74,333,48,03,66,059,45,08,35,336,44,25,27,031,40,7*7A
1776370333.254,$GAGSV,2,2,06,30,37,233,17,32,56,356,47,7*77
1776370333.255,$GAGSV,1,1,02,15,05,224,,34,07,177,,0*72
1776370333.255,$GBGSV,2,1,06,06,30,181,31,07,55,160,29,09,43,341,41,14,61,303,45,1*79
1776370333.256,$GBGSV,2,2,06,16,40,014,44,24,46,330,48,1*7E
1776370333.256,$GBGSV,2,1,05,07,55,160,34,09,43,341,45,13,46,206,31,14,61,303,51,3*7C
1776370333.257,$GBGSV,2,2,05,16,40,014,46,3*45
1776370333.257,$GBGSV,3,1,12,01,37,105,,02,66,235,,03,70,144,,04,21,101,,0*73
1776370333.258,$GBGSV,3,2,12,04,21,101,,05,41,258,,08,38,191,,10,49,174,,0*79
1776370333.258,$GBGSV,3,3,12,10,49,174,,11,02,198,,12,21,152,,21,32,157,,0*7F
1776370333.259,$GNGLL,1338.99713,N,10029.54370,E,201213.00,A,D*72
1776370334.247,$GNRMC,201214.00,A,1338.99691,N,10029.54443,E,2.763,106.23,160426,0.53,W,D,V*4A
1776370334.248,$GNVTG,106.23,T,106.76,M,2.763,N,5.118,K,D*35
1776370334.249,$GNGGA,201214.00,1338.99691,N,10029.54443,E,2,12,0.67,-1.7,M,-27.8,M,,0499*47
1776370334.249,$GNGSA,A,3,16,27,26,28,31,04,03,08,,,,,1.30,0.67,1.11,1*02
1776370334.250,$GNGSA,A,3,79,73,70,80,69,68,,,,,,,1.30,0.67,1.11,2*04
1776370334.251,$GNGSA,A,3,25,08,02,03,05,,,,,,,,1.30,0.67,1.11,3*0A
1776370334.251,$GNGSA,A,3,14,09,24,07,06,21,16,13,,,,,1.30,0.67,1.11,4*0B
1776370334.252,$GPGSV,3,1,10,04,33,332,42,08,34,185,27,16,62,358,45,26,33,026,39,1*67
1776370334.252,$GPGSV,3,2,10,27,53,145,29,28,16,069,26,31,30,045,40,39,45,252,27,1*65
1776370334.253,$GPGSV,3,3,10,42,70,217,48,50,56,115,37,1*6B
1776370334.254,$GPGSV,2,1,08,03,41,259,21,04,33,332,42,08,34,185,21,26,33,026,43,6*64
1776370334.255,$GPGSV,2,2,08,27,53,145,27,28,16,069,35,31,30,045,39,32,16,134,09,6*6A
1776370334.255,$GPGSV,2,1,05,01,02,220,,02,05,193,,09,04,324,,40,36,259,,0*6B
1776370334.256,$GPGSV,2,2,05,40,36,259,,0*5F
1776370334.257,$GLGSV,2,1,08,68,23,154,20,69,74,149,51,70,49,334,49,73,27,271,29,1*77
1776370334.257,$GLGSV,2,2,08,79,11,027,46,80,40,338,49,82,09,115,18,,,,39,1*45
1776370334.258,$GLGSV,2,1,06,68,23,154,21,69,74,149,47,70,49,334,48,73,27,271,22,3*77
1776370334.259,$GLGSV,2,2,06,79,11,027,39,80,40,338,46,3*7B
1776370334.260,$GLGSV,1,1,02,81,03,073,,83,04,164,,0*79
1776370334.261,$GAGSV,2,1,07,02,74,333,50,03,66,059,51,05,28,120,20,08,36,336,46,2*79
1776370334.261,$GAGSV,2,2,07,25,27,031,43,30,37,233,19,32,56,356,51,2*4D
1776370334.262,$GAGSV,2,1,06,02,74,333,48,03,66,059,47,08,36,336,45,25,27,031,39,7*74
1776370334.263,$GAGSV,2,2,06,30,37,233,18,32,56,356,47,7*78
1776370334.264,$GAGSV,1,1,02,15,05,224,,34,07,177,,0*72
1776370334.264,$GBGSV,2,1,07,06,30,181,24,07,55,160,28,09,43,341,39,14,61,303,46,1*71
1776370334.265,$GBGSV,2,2,07,16,40,014,42,21,32,157,37,24,46,330,49,1*4D
1776370334.266,$GBGSV,2,1,05,07,55,160,30,09,43,341,47,13,46,206,29,14,61,303,51,3*73
1776370334.267,$GBGSV,2,2,05,16,40,014,44,3*47
1776370334.267,$GBGSV,3,1,11,01,37,105,,02,66,235,,03,70,144,,04,21,101,,0*70
1776370334.268,$GBGSV,3,2,11,04,21,101,,05,41,258,,08,38,191,,10,49,174,,0*7A
1776370334.269,$GBGSV,3,3,11,10,49,174,,11,02,198,,12,21,152,,0*4D
1776370334.269,$GNGLL,1338.99691,N,10029.54443,E,201214.00,A,D*79
1776370335.247,$GNRMC,201215.00,A,1338.99676,N,10029.54516,E,2.574,101.19,160426,0.53,W,D,V*49
1776370335.251,$GNVTG,101.19,T,101.72,M,2.574,N,4.767,K,D*33
1776370335.253,$GNGGA,201215.00,1338.99676,N,10029.54516,E,2,12,0.62,-1.6,M,-27.8,M,,0499*4A
1776370335.255,$GNGSA,A,3,16,27,26,28,31,04,03,08,,,,,1.21,0.62,1.04,1*03
1776370335.255,$GNGSA,A,3,79,73,70,80,69,68,,,,,,,1.21,0.62,1.04,2*05
1776370335.256,$GNGSA,A,3,25,08,30,02,03,,,,,,,,1.21,0.62,1.04,3*0D
1776370335.256,$GNGSA,A,3,14,09,24,07,06,21,16,13,,,,,1.21,0.62,1.04,4*0A
1776370335.257,$GPGSV,3,1,11,03,41,259,26,04,33,332,42,08,34,185,26,16,62,358,46,1*62
1776370335.258,$GPGSV,3,2,11,26,33,026,40,27,53,145,36,28,16,069,35,31,30,045,37,1*67
1776370335.259,$GPGSV,3,3,11,39,45,252,27,42,70,217,46,50,56,115,41,1*5E
1776370335.260,$GPGSV,2,1,08,03,41,259,21,04,33,332,43,08,34,185,21,26,33,026,42,6*64
1776370335.261,$GPGSV,2,2,08,27,53,145,33,28,16,069,31,31,30,045,37,32,16,134,09,6*65
1776370335.261,$GPGSV,2,1,05,01,02,220,,02,05,193,,09,04,324,,40,36,259,,0*6B
1776370335.262,$GPGSV,2,2,05,40,36,259,,0*5F
1776370335.263,$GLGSV,2,1,08,68,23,154,28,69,74,149,48,70,49,334,48,73,27,271,28,1*77
1776370335.264,$GLGSV,2,2,08,79,11,027,36,80,40,338,50,82,09,115,17,,,,37,1*4B
1776370335.264,$GLGSV,2,1,06,68,23,154,24,69,74,149,47,70,49,334,48,73,27,271,23,3*73
1776370335.265,$GLGSV,2,2,06,79,11,027,38,80,40,338,45,3*79
1776370335.266,$GLGSV,1,1,02,81,03,073,,83,04,164,,0*79
1776370335.267,$GAGSV,2,1,07,02,74,333,50,03,66,059,52,05,28,120,17,08,36,336,47,2*7F
1776370335.267,$GAGSV,2,2,07,25,27,031,40,30,37,233,28,32,56,356,50,2*4D
1776370335.268,$GAGSV,2,1,06,02,74,333,48,03,66,059,47,08,36,336,45,25,27,031,34,7*79
1776370335.269,$GAGSV,2,2,06,30,37,233,19,32,56,356,44,7*7A
1776370335.270,$GAGSV,1,1,02,15,05,224,,34,07,177,,0*72
1776370335.270,$GBGSV,2,1,07,06,30,181,22,07,55,160,27,09,43,341,42,14,61,303,48,1*7A
1776370335.271,$GBGSV,2,2,07,16,40,014,43,21,32,157,31,24,46,330,47,1*44
1776370335.272,$GBGSV,1,1,04,09,43,341,46,13,46,206,22,14,61,303,52,16,40,014,44,3*7D
1776370335.273,$GBGSV,3,1,11,01,37,105,,02,66,235,,03,70,144,,04,21,101,,0*70
1776370335.274,$GBGSV,3,2,11,04,21,101,,05,41,258,,08,38,191,,10,49,174,,0*7A
1776370335.274,$GBGSV,3,3,11,10,49,174,,11,02,198,,12,21,152,,0*4D
1776370335.275,$GNGLL,1338.99676,N,10029.54516,E,201215.00,A,D*70
1776370336.232,$GNRMC,201216.00,A,1338.99660,N,10029.54586,E,2.552,102.63,160426,0.53,W,D,V*4E
1776370336.235,$GNVTG,102.63,T,103.16,M,2.552,N,4.727,K,D*3D
1776370336.237,$GNGGA,201216.00,1338.99660,N,10029.54586,E,2,12,0.66,-1.5,M,-27.8,M,,0499*40
1776370336.240,$GNGSA,A,3,16,27,26,28,31,04,03,08,,,,,1.30,0.66,1.12,1*00
1776370336.242,$GNGSA,A,3,79,73,70,80,69,68,,,,,,,1.30,0.66,1.12,2*06
1776370336.244,$GNGSA,A,3,25,08,30,02,03,,,,,,,,1.30,0.66,1.12,3*0E
1776370336.246,$GNGSA,A,3,14,09,24,06,16,13,,,,,,,1.30,0.66,1.12,4*0D
1776370336.248,$GPGSV,3,1,10,03,41,259,25,04,33,332,44,08,34,185,25,16,62,358,45,1*66
1776370336.251,$GPGSV,3,2,10,26,33,026,38,27,53,145,34,31,30,045,42,39,45,252,27,1*66
1776370336.253,$GPGSV,3,3,10,42,70,217,47,50,56,115,32,1*61
1776370336.256,$GPGSV,2,1,08,03,41,259,21,04,33,332,43,08,34,185,20,26,33,026,35,6*65
1776370336.258,$GPGSV,2,2,08,27,53,145,28,28,16,069,35,31,30,045,39,32,16,134,08,6*64
1776370336.259,$GPGSV,2,1,05,01,02,220,,02,05,193,,09,04,324,,40,36,259,,0*6B
1776370336.260,$GPGSV,2,2,05,40,36,259,,0*5F
1776370336.260,$GLGSV,2,1,08,68,23,154,21,69,74,149,48,70,49,334,49,73,27,271,26,1*71
1776370336.261,$GLGSV,2,2,08,79,11,027,33,80,40,338,49,82,09,115,17,,,,39,1*48
1776370336.262,$GLGSV,2,1,06,68,23,154,22,69,74,149,44,70,49,334,48,73,27,271,23,3*76
1776370336.262,$GLGSV,2,2,06,79,11,027,39,80,40,338,44,3*79
1776370336.263,$GLGSV,1,1,02,81,03,073,,83,04,164,,0*79
1776370336.263,$GAGSV,2,1,07,02,74,333,51,03,66,059,51,05,28,120,14,08,36,336,45,2*7C
1776370336.264,$GAGSV,2,2,07,25,27,031,35,30,37,233,22,32,56,356,51,2*44
1776370336.265,$GAGSV,2,1,06,02,74,333,47,03,66,059,47,08,36,336,43,25,27,031,34,7*70
1776370336.265,$GAGSV,2,2,06,30,37,233,18,32,56,356,47,7*78
1776370336.266,$GAGSV,1,1,02,15,05,224,,34,07,177,,0*72
1776370336.266,$GBGSV,2,1,06,06,30,181,20,07,55,160,12,09,43,341,40,14,61,303,46,1*73
1776370336.267,$GBGSV,2,2,06,16,40,014,44,24,46,330,46,1*70
1776370336.267,$GBGSV,1,1,04,09,43,341,45,13,46,206,21,14,61,303,52,16,40,014,46,3*7F
1776370336.268,$GBGSV,3,1,12,01,37,105,,02,66,235,,03,70,144,,04,21,101,,0*73
1776370336.268,$GBGSV,3,2,12,04,21,101,,05,41,258,,08,38,191,,10,49,174,,0*79
1776370336.269,$GBGSV,3,3,12,10,49,174,,11,02,198,,12,21,152,,21,32,157,,0*7F
1776370336.270,$GNGLL,1338.99660,N,10029.54586,E,201216.00,A,D*7D
1776370337.239,$GNRMC,201217.00,A,1338.99647,N,10029.54654,E,2.393,98.02,160426,0.53,W,D,V*78
1776370337.242,$GNVTG,98.02,T,98.55,M,2.393,N,4.431,K,D*33
1776370337.245,$GNGGA,201217.00,1338.99647,N,10029.54654,E,2,12,0.70,-1.5,M,-27.8,M,,0499*4F
1776370337.247,$GNGSA,A,3,16,27,26,28,31,04,03,08,,,,,1.37,0.70,1.18,1*0A
1776370337.248,$GNGSA,A,3,79,73,70,80,69,68,,,,,,,1.37,0.70,1.18,2*0C
1776370337.248,$GNGSA,A,3,25,08,30,02,03,,,,,,,,1.37,0.70,1.18,3*04
1776370337.249,$GNGSA,A,3,14,09,24,16,13,,,,,,,,1.37,0.70,1.18,4*01
1776370337.250,$GPGSV,3,1,09,04,33,332,43,08,34,185,22,16,62,358,46,26,33,026,28,1*68
1776370337.251,$GPGSV,3,2,09,27,53,145,29,28,16,069,34,31,30,045,35,42,70,217,44,1*62
1776370337.252,$GPGSV,3,3,09,50,56,115,42,1*58
1776370337.252,$GPGSV,2,1,08,03,41,259,22,04,33,332,41,08,34,185,18,26,33,026,40,6*6D
1776370337.253,$GPGSV,2,2,08,27,53,145,26,28,16,069,37,31,30,045,38,32,16,134,08,6*69
1776370337.254,$GPGSV,2,1,05,01,02,220,,02,05,193,,09,04,324,,40,36,259,,0*6B
1776370337.254,$GPGSV,2,2,05,40,36,259,,0*5F
1776370337.255,$GLGSV,2,1,08,68,23,154,20,69,74,149,44,70,49,334,48,73,27,271,25,1*7E
1776370337.256,$GLGSV,2,2,08,79,11,027,37,80,40,338,47,82,09,115,17,,,,37,1*4C
1776370337.256,$GLGSV,2,1,06,68,23,154,20,69,74,149,41,70,49,334,49,73,27,271,22,3*71
1776370337.257,$GLGSV,2,2,06,79,11,027,32,80,40,338,45,3*73
1776370337.258,$GLGSV,1,1,02,81,03,073,,83,04,164,,0*79
1776370337.258,$GAGSV,2,1,07,02,74,333,50,03,66,059,52,05,28,120,16,08,36,336,45,2*7C
1776370337.259,$GAGSV,2,2,07,25,27,031,41,30,37,233,20,32,56,356,51,2*45
1776370337.260,$GAGSV,2,1,06,02,74,333,47,03,66,059,48,08,36,336,44,25,27,031,34,7*78
1776370337.260,$GAGSV,2,2,06,30,37,233,17,32,56,356,45,7*75
1776370337.260,$GAGSV,1,1,02,15,05,224,,34,07,177,,0*72
1776370337.261,$GBGSV,2,1,06,06,30,181,18,07,55,160,16,09,43,341,40,14,61,303,47,1*7D
1776370337.262,$GBGSV,2,2,06,16,40,014,43,24,46,330,47,1*76
1776370337.262,$GBGSV,1,1,04,09,43,341,46,13,46,206,20,14,61,303,52,16,40,014,45,3*7E
1776370337.263,$GBGSV,3,1,12,01,37,105,,02,66,235,,03,70,144,,04,21,101,,0*73
1776370337.264,$GBGSV,3,2,12,04,21,101,,05,41,258,,08,38,191,,10,49,174,,0*79
1776370337.264,$GBGSV,3,3,12,10,49,174,,11,02,198,,12,21,152,,21,32,157,,0*7F
1776370337.265,$GNGLL,1338.99647,N,10029.54654,E,201217.00,A,D*75
1776370338.235,$GNRMC,201218.00,A,1338.99636,N,10029.54721,E,2.413,100.05,160426,0.53,W,D,V*4A
1776370338.237,$GNVTG,100.05,T,100.58,M,2.413,N,4.468,K,D*3A
1776370338.238,$GNGGA,201218.00,1338.99636,N,10029.54721,E,2,12,0.75,-1.5,M,-27.8,M,,0499*40
1776370338.239,$GNGSA,A,3,16,27,26,28,31,04,03,08,,,,,1.45,0.75,1.24,1*05
1776370338.239,$GNGSA,A,3,79,73,70,80,69,68,,,,,,,1.45,0.75,1.24,2*03
1776370338.240,$GNGSA,A,3,25,08,02,03,,,,,,,,,1.45,0.75,1.24,3*08
1776370338.240,$GNGSA,A,3,14,09,24,16,,,,,,,,,1.45,0.75,1.24,4*0C
1776370338.241,$GPGSV,2,1,08,04,33,332,41,08,34,185,21,16,62,358,46,26,33,026,37,1*67
1776370338.242,$GPGSV,2,2,08,28,16,069,30,31,30,045,42,42,70,217,45,50,56,115,43,1*6B
1776370338.242,$GPGSV,2,1,08,03,41,259,22,04,33,332,42,08,34,185,15,26,33,026,39,6*6D
1776370338.243,$GPGSV,2,2,08,27,53,145,26,28,16,069,34,31,30,045,42,32,16,134,08,6*67
1776370338.244,$GPGSV,2,1,05,01,02,220,,02,05,193,,09,04,324,,40,36,259,,0*6B
1776370338.244,$GPGSV,2,2,05,40,36,259,,0*5F
1776370338.245,$GLGSV,2,1,08,68,23,154,20,69,74,149,44,70,49,334,48,73,27,271,27,1*7C
1776370338.246,$GLGSV,2,2,08,79,11,027,40,80,40,338,47,82,09,115,17,,,,38,1*43
1776370338.246,$GLGSV,2,1,06,68,23,154,16,69,74,149,39,70,49,334,47,73,27,271,23,3*74
1776370338.247,$GLGSV,2,2,06,79,11,027,35,80,40,338,47,3*76
1776370338.247,$GLGSV,1,1,02,81,03,073,,83,04,164,,0*79
1776370338.248,$GAGSV,2,1,07,02,74,333,50,03,66,059,51,05,28,120,18,08,36,336,46,2*72
1776370338.249,$GAGSV,2,2,07,25,27,031,38,30,37,233,18,32,56,356,51,2*40
1776370338.249,$GAGSV,2,1,06,02,74,333,47,03,66,059,48,08,36,336,44,25,27,031,26,7*7B
1776370338.250,$GAGSV,2,2,06,30,37,233,18,32,56,356,46,7*79
1776370338.250,$GAGSV,1,1,02,15,05,224,,34,07,177,,0*72
1776370338.251,$GBGSV,2,1,06,06,30,181,18,07,55,160,19,09,43,341,40,14,61,303,46,1*73
1776370338.252,$GBGSV,2,2,06,16,40,014,44,24,46,330,49,1*7F
1776370338.252,$GBGSV,1,1,04,09,43,341,45,13,46,206,19,14,61,303,51,16,40,014,44,3*75
1776370338.253,$GBGSV,3,1,12,01,37,105,,02,66,235,,03,70,144,,04,21,101,,0*73
1776370338.254,$GBGSV,3,2,12,04,21,101,,05,41,258,,08,38,191,,10,49,174,,0*79
1776370338.254,$GBGSV,3,3,12,10,49,174,,11,02,198,,12,21,152,,21,32,157,,0*7F
1776370338.255,$GNGLL,1338.99636,N,10029.54721,E,201218.00,A,D*7F
1776370339.230,$GNRMC,201219.00,A,1338.99626,N,10029.54789,E,2.479,96.99,160426,0.53,W,D,V*7F
1776370339.231,$GNVTG,96.99,T,97.52,M,2.479,N,4.591,K,D*3F
1776370339.232,$GNGGA,201219.00,1338.99626,N,10029.54789,E,2,12,0.93,-1.4,M,-27.8,M,,0499*4B
1776370339.233,$GNGSA,A,3,16,27,26,28,31,04,03,,,,,,1.71,0.93,1.44,1*04
1776370339.234,$GNGSA,A,3,79,73,70,80,69,,,,,,,,1.71,0.93,1.44,2*04
1776370339.235,$GNGSA,A,3,25,08,02,03,,,,,,,,,1.71,0.93,1.44,3*01
1776370339.235,$GNGSA,A,3,14,09,24,16,,,,,,,,,1.71,0.93,1.44,4*05
1776370339.236,$GPGSV,2,1,08,04,33,332,41,08,34,185,19,16,62,358,48,26,33,026,39,1*6C
1776370339.238,$GPGSV,2,2,08,27,53,145,26,31,30,045,46,42,70,217,39,50,56,115,42,1*63
1776370339.240,$GPGSV,2,1,08,03,41,259,25,04,33,332,41,08,34,185,14,26,33,026,40,6*66
1776370339.241,$GPGSV,2,2,08,27,53,145,24,28,16,069,37,31,30,045,42,32,16,134,08,6*66
1776370339.245,$GPGSV,2,1,05,01,02,220,,02,05,193,,09,04,324,,40,36,259,,0*6B
1776370339.246,$GPGSV,2,2,05,40,36,259,,0*5F
1776370339.248,$GLGSV,2,1,08,68,23,154,19,69,74,149,48,70,49,334,50,73,27,271,24,1*70
1776370339.249,$GLGSV,2,2,08,79,11,027,40,80,40,338,49,82,09,115,17,,,,36,1*43
1776370339.250,$GLGSV,2,1,06,68,23,154,17,69,74,149,46,70,49,334,48,73,27,271,25,3*74
1776370339.251,$GLGSV,2,2,06,79,11,027,37,80,40,338,44,3*77
1776370339.251,$GLGSV,1,1,02,81,03,073,,83,04,164,,0*79
1776370339.252,$GAGSV,2,1,07,02,74,333,51,03,66,059,51,05,28,120,18,08,36,336,46,2*73
1776370339.253,$GAGSV,2,2,07,25,27,031,42,30,37,233,18,32,56,356,50,2*4C
1776370339.254,$GAGSV,2,1,06,02,74,333,48,03,66,059,47,08,36,336,43,25,27,031,27,7*7D
1776370339.254,$GAGSV,2,2,06,30,37,233,18,32,56,356,46,7*79
1776370339.255,$GAGSV,1,1,02,15,05,224,,34,07,177,,0*72
1776370339.256,$GBGSV,2,1,06,06,30,181,19,07,55,160,19,09,43,341,40,14,61,303,46,1*72
1776370339.256,$GBGSV,2,2,06,16,40,014,41,24,46,330,48,1*7B
1776370339.258,$GBGSV,1,1,04,09,43,341,45,13,46,206,16,14,61,303,51,16,40,014,39,3*70
1776370339.259,$GBGSV,3,1,12,01,37,105,,02,66,235,,03,70,144,,04,21,101,,0*73
1776370339.260,$GBGSV,3,2,12,04,21,101,,05,41,258,,08,38,191,,10,49,174,,0*79
1776370339.261,$GBGSV,3,3,12,10,49,174,,11,02,198,,12,21,152,,21,32,157,,0*7F
1776370339.262,$GNGLL,1338.99626,N,10029.54789,E,201219.00,A,D*7D
1776370340.241,$GNRMC,201220.00,A,1338.99618,N,10029.54858,E,2.377,96.04,160426,0.53,W,D,V*76
1776370340.243,$GNVTG,96.04,T,96.57,M,2.377,N,4.402,K,D*3D
1776370340.244,$GNGGA,201220.00,1338.99618,N,10029.54858,E,2,12,0.79,-1.4,M,-27.8,M,,0499*4B
1776370340.245,$GNGSA,A,3,16,27,26,28,31,04,03,,,,,,1.45,0.79,1.21,1*04
1776370340.245,$GNGSA,A,3,79,73,70,80,69,,,,,,,,1.45,0.79,1.21,2*04
1776370340.246,$GNGSA,A,3,25,08,02,03,,,,,,,,,1.45,0.79,1.21,3*01
1776370340.246,$GNGSA,A,3,14,09,24,16,,,,,,,,,1.45,0.79,1.21,4*05
1776370340.247,$GPGSV,3,1,10,03,41,259,32,04,33,332,45,08,34,185,16,16,62,358,46,1*62
1776370340.248,$GPGSV,3,2,10,26,33,026,40,27,53,145,26,28,16,069,36,31,30,045,46,1*62
1776370340.249,$GPGSV,3,3,10,42,70,217,29,50,56,115,40,1*6C
1776370340.250,$GPGSV,2,1,08,03,41,259,31,04,33,332,42,08,34,185,11,26,33,026,40,6*65
1776370340.251,$GPGSV,2,2,08,27,53,145,21,28,16,069,33,31,30,045,43,32,16,134,08,6*66
1776370340.251,$GPGSV,2,1,05,01,02,220,,02,05,193,,09,04,324,,40,36,259,,0*6B
1776370340.252,$GPGSV,2,2,05,40,36,259,,0*5F
1776370340.253,$GLGSV,2,1,08,68,23,154,17,69,74,149,48,70,49,334,50,73,27,271,25,1*7F
1776370340.254,$GLGSV,2,2,08,79,11,027,42,80,40,338,47,82,09,115,17,,,,37,1*4E
1776370340.254,$GLGSV,2,1,06,68,23,154,17,69,74,149,47,70,49,334,49,73,27,271,26,3*77
1776370340.255,$GLGSV,2,2,06,79,11,027,39,80,40,338,43,3*7E
1776370340.256,$GLGSV,1,1,02,81,03,073,,83,04,164,,0*79
1776370340.257,$GAGSV,2,1,07,02,74,333,51,03,66,059,51,05,28,120,18,08,36,336,45,2*70
1776370340.257,$GAGSV,2,2,07,25,27,031,44,30,37,233,19,32,56,356,51,2*4A
1776370340.258,$GAGSV,2,1,06,02,74,333,47,03,66,059,47,08,36,336,40,25,27,031,40,7*70
1776370340.259,$GAGSV,2,2,06,30,37,233,19,32,56,356,46,7*78
1776370340.260,$GAGSV,1,1,02,15,05,224,,34,07,177,,0*72
1776370340.260,$GBGSV,2,1,06,06,30,181,18,07,55,160,18,09,43,341,40,14,61,303,47,1*73
1776370340.261,$GBGSV,2,2,06,16,40,014,40,24,46,330,47,1*75
1776370340.262,$GBGSV,1,1,04,09,43,341,43,13,46,206,17,14,61,303,51,16,40,014,41,3*78
1776370340.263,$GBGSV,3,1,12,01,37,105,,02,66,235,,03,70,144,,04,21,101,,0*73
1776370340.264,$GBGSV,3,2,12,04,21,101,,05,41,258,,08,38,191,,10,49,174,,0*79
1776370340.264,$GBGSV,3,3,12,10,49,174,,11,02,198,,12,21,152,,21,32,157,,0*7F
1776370340.265,$GNGLL,1338.99618,N,10029.54858,E,201220.00,A,D*79
1776370341.235,$GNRMC,201221.00,A,1338.99609,N,10029.54925,E,2.454,95.46,160426,0.53,W,D,V*7F
1776370341.238,$GNVTG,95.46,T,95.99,M,2.454,N,4.545,K,D*3D
1776370341.239,$GNGGA,201221.00,1338.99609,N,10029.54925,E,2,12,1.02,-1.5,M,-27.8,M,,0499*4D
1776370341.240,$GNGSA,A,3,16,27,26,28,31,04,03,,,,,,1.78,1.02,1.46,1*06
1776370341.240,$GNGSA,A,3,79,73,70,80,69,,,,,,,,1.78,1.02,1.46,2*06
1776370341.241,$GNGSA,A,3,25,08,02,03,,,,,,,,,1.78,1.02,1.46,3*03
1776370341.241,$GNGSA,A,3,14,09,24,16,,,,,,,,,1.78,1.02,1.46,4*07
1776370341.242,$GPGSV,3,1,10,03,41,259,29,04,33,332,44,08,34,185,15,16,62,358,47,1*6B
1776370341.243,$GPGSV,3,2,10,26,33,026,43,27,53,145,26,28,16,069,40,31,30,045,46,1*60
1776370341.244,$GPGSV,3,3,10,42,70,217,43,50,56,115,40,1*60
1776370341.244,$GPGSV,2,1,07,03,41,259,29,04,33,332,42,08,34,185,13,26,33,026,43,6*62
1776370341.245,$GPGSV,2,2,07,27,53,145,19,28,16,069,35,31,30,045,43,6*5C
1776370341.246,$GPGSV,2,1,06,01,02,220,,02,05,193,,09,04,324,,32,16,134,,0*67
1776370341.247,$GPGSV,2,2,06,32,16,134,,40,36,259,,0*6C
1776370341.247,$GLGSV,2,1,08,68,23,154,18,69,74,149,46,70,49,334,50,73,27,271,23,1*78
1776370341.248,$GLGSV,2,2,08,79,11,027,44,80,40,338,48,82,09,115,17,,,,38,1*48
1776370341.249,$GLGSV,2,1,06,68,23,154,15,69,74,149,49,70,49,334,48,73,27,271,25,3*79
1776370341.250,$GLGSV,2,2,06,79,11,027,39,80,40,338,47,3*7A
1776370341.250,$GLGSV,1,1,02,81,03,073,,83,04,164,,0*79
1776370341.251,$GAGSV,2,1,07,02,74,333,51,03,66,059,51,05,28,120,18,08,36,336,46,2*73
1776370341.252,$GAGSV,2,2,07,25,27,031,44,30,37,233,19,32,56,356,50,2*4B
1776370341.253,$GAGSV,2,1,06,02,74,333,48,03,66,059,46,08,36,336,43,25,27,031,41,7*7C
1776370341.253,$GAGSV,2,2,06,30,37,233,19,32,56,356,45,7*7B
1776370341.254,$GAGSV,1,1,02,15,05,224,,34,07,177,,0*72
1776370341.255,$GBGSV,2,1,06,06,30,181,18,07,55,160,19,09,43,341,41,14,61,303,47,1*73
1776370341.256,$GBGSV,2,2,06,16,40,014,41,24,46,330,48,1*7B
1776370341.257,$GBGSV,1,1,04,09,43,341,46,13,46,206,17,14,61,303,51,16,40,014,41,3*7D
1776370341.257,$GBGSV,3,1,12,01,37,105,,02,66,235,,03,70,144,,04,21,101,,0*73
1776370341.258,$GBGSV,3,2,12,04,21,101,,05,41,258,,08,38,191,,10,49,174,,0*79
1776370341.259,$GBGSV,3,3,12,10,49,174,,11,02,198,,12,21,152,,21,32,157,,0*7F
1776370341.259,$GNGLL,1338.99609,N,10029.54925,E,201221.00,A,D*73
1776370342.235,$GNRMC,201222.00,A,1338.99603,N,10029.54996,E,2.561,94.45,160426,0.53,W,D,V*7B
1776370342.237,$GNVTG,94.45,T,94.98,M,2.561,N,4.743,K,D*3C
1776370342.238,$GNGGA,201222.00,1338.99603,N,10029.54996,E,2,12,0.86,-1.6,M,-27.8,M,,0499*42
1776370342.238,$GNGSA,A,3,16,27,26,28,31,04,03,,,,,,1.67,0.86,1.42,1*01
1776370342.239,$GNGSA,A,3,79,73,70,80,69,,,,,,,,1.67,0.86,1.42,2*01
1776370342.239,$GNGSA,A,3,25,08,30,02,03,,,,,,,,1.67,0.86,1.42,3*07
1776370342.240,$GNGSA,A,3,14,09,24,07,16,,,,,,,,1.67,0.86,1.42,4*07
1776370342.240,$GPGSV,3,1,09,03,41,259,33,04,33,332,44,08,34,185,15,16,62,358,46,1*69
1776370342.241,$GPGSV,3,2,09,26,33,026,43,28,16,069,37,31,30,045,42,42,70,217,46,1*6C
1776370342.241,$GPGSV,3,3,09,50,56,115,43,1*59
1776370342.242,$GPGSV,2,1,07,03,41,259,28,04,33,332,45,08,34,185,16,26,33,026,41,6*63
1776370342.243,$GPGSV,2,2,07,27,53,145,20,28,16,069,32,31,30,045,41,6*53
1776370342.243,$GPGSV,2,1,06,01,02,220,,02,05,193,,09,04,324,,32,16,134,,0*67
1776370342.244,$GPGSV,2,2,06,32,16,134,,40,36,259,,0*6C
1776370342.244,$GLGSV,2,1,08,68,23,154,17,69,74,149,47,70,49,334,48,73,27,271,24,1*78
1776370342.245,$GLGSV,2,2,08,79,11,027,42,80,40,338,49,82,09,115,16,,,,38,1*4E
1776370342.246,$GLGSV,2,1,06,68,23,154,14,69,74,149,44,70,49,334,48,73,27,271,25,3*75
1776370342.246,$GLGSV,2,2,06,79,11,027,35,80,40,338,46,3*77
1776370342.247,$GLGSV,1,1,02,81,03,073,,83,04,164,,0*79
1776370342.247,$GAGSV,2,1,07,02,74,333,51,03,66,059,51,05,28,120,18,08,36,336,46,2*73
1776370342.248,$GAGSV,2,2,07,25,27,031,45,30,37,233,19,32,56,356,51,2*4B
1776370342.249,$GAGSV,2,1,06,02,74,333,46,03,66,059,48,08,36,336,44,25,27,031,40,7*7A
1776370342.249,$GAGSV,2,2,06,30,37,233,20,32,56,356,47,7*73
1776370342.250,$GAGSV,1,1,02,15,05,224,,34,07,177,,0*72
1776370342.250,$GBGSV,2,1,06,06,30,181,17,07,55,160,20,09,43,341,41,14,61,303,46,1*77
1776370342.251,$GBGSV,2,2,06,16,40,014,46,24,46,330,46,1*72
1776370342.251,$GBGSV,1,1,04,09,43,341,47,13,46,206,17,14,61,303,52,16,40,014,47,3*79
1776370342.252,$GBGSV,3,1,12,01,37,105,,02,66,235,,03,70,144,,04,21,101,,0*73
1776370342.252,$GBGSV,3,2,12,04,21,101,,05,41,258,,08,38,191,,10,49,174,,0*79
1776370342.253,$GBGSV,3,3,12,10,49,174,,11,02,198,,12,21,152,,21,32,157,,0*7F
1776370342.253,$GNGLL,1338.99603,N,10029.54996,E,201222.00,A,D*72
1776370343.238,$GNRMC,201223.00,A,1338.99598,N,10029.55067,E,2.486,93.06,160426,0.53,W,D,V*75
1776370343.241,$GNVTG,93.06,T,93.59,M,2.486,N,4.605,K,D*3D
1776370343.244,$GNGGA,201223.00,1338.99598,N,10029.55067,E,2,12,0.74,-1.6,M,-27.8,M,,0499*49
1776370343.245,$GNGSA,A,3,16,27,26,28,31,04,03,,,,,,1.46,0.74,1.26,1*0D
1776370343.247,$GNGSA,A,3,79,73,70,80,69,,,,,,,,1.46,0.74,1.26,2*0D
1776370343.248,$GNGSA,A,3,25,08,30,02,03,,,,,,,,1.46,0.74,1.26,3*0B
1776370343.249,$GNGSA,A,3,14,09,24,07,16,,,,,,,,1.46,0.74,1.26,4*0B
1776370343.250,$GPGSV,3,1,09,03,41,259,38,04,33,332,42,16,62,358,47,26,33,026,43,1*65
1776370343.251,$GPGSV,3,2,09,28,16,069,33,31,30,045,42,41,64,233,47,42,70,217,48,1*67
1776370343.251,$GPGSV,3,3,09,50,56,115,42,1*58
1776370343.252,$GPGSV,2,1,07,03,41,259,33,04,33,332,40,08,34,185,16,26,33,026,45,6*68
1776370343.253,$GPGSV,2,2,07,27,53,145,21,28,16,069,24,31,30,045,35,6*56
1776370343.254,$GPGSV,2,1,05,01,02,220,,02,05,193,,09,04,324,,32,16,134,,0*64
1776370343.255,$GPGSV,2,2,05,32,16,134,,0*50
1776370343.255,$GLGSV,2,1,08,68,23,154,16,69,74,149,50,70,49,334,48,73,27,271,26,1*7D
1776370343.256,$GLGSV,2,2,08,79,11,027,41,80,40,338,46,82,09,115,16,,,,36,1*4C
1776370343.257,$GLGSV,2,1,06,68,23,154,17,69,74,149,46,70,49,334,49,73,27,271,24,3*74
1776370343.258,$GLGSV,2,2,06,79,11,027,33,80,40,338,45,3*72
1776370343.259,$GLGSV,1,1,02,81,03,073,,83,04,164,,0*79
1776370343.259,$GAGSV,2,1,07,02,74,333,51,03,66,059,50,05,28,120,17,08,36,336,45,2*7E
1776370343.260,$GAGSV,2,2,07,25,27,031,45,30,37,233,20,32,56,356,52,2*42
1776370343.261,$GAGSV,2,1,06,02,74,333,47,03,66,059,48,08,36,336,41,25,27,031,42,7*7C
1776370343.262,$GAGSV,2,2,06,30,37,233,21,32,56,356,47,7*72
1776370343.263,$GAGSV,1,1,02,15,05,224,,34,07,177,,0*72
1776370343.264,$GBGSV,2,1,06,06,30,181,16,07,55,160,20,09,43,341,41,14,61,303,47,1*77
1776370343.264,$GBGSV,2,2,06,16,40,014,42,24,46,330,46,1*76
1776370343.265,$GBGSV,1,1,04,09,43,341,45,13,46,206,17,14,61,303,51,16,40,014,43,3*7C
1776370343.265,$GBGSV,3,1,12,01,37,105,,02,66,235,,03,70,144,,04,21,101,,0*73
1776370343.266,$GBGSV,3,2,12,04,21,101,,05,41,258,,08,38,191,,10,49,174,,0*79
1776370343.267,$GBGSV,3,3,12,10,49,174,,11,02,198,,12,21,152,,21,32,157,,0*7F
1776370343.267,$GNGLL,1338.99598,N,10029.55067,E,201223.00,A,D*74
