1777598301.300,$GNRMC,011821.00,A,1339.01208,N,10029.57916,E,0.020,,010526,0.53,W,F,V*50
1777598301.302,$GNVTG,,T,,M,0.020,N,0.036,K,D*3F
1777598301.304,$GNGGA,011821.00,1339.01208,N,10029.57916,E,5,12,0.68,-1.1,M,-27.8,M,22.0,0499*52
1777598301.305,$GNGSA,A,3,01,07,14,17,06,22,30,03,19,,,,1.40,0.68,1.23,1*01
1777598301.307,$GNGSA,A,3,82,73,80,84,83,,,,,,,,1.40,0.68,1.23,2*08
1777598301.308,$GNGSA,A,3,08,02,30,25,34,36,,,,,,,1.40,0.68,1.23,3*04
1777598301.310,$GNGSA,A,3,07,08,10,23,25,28,13,,,,,,1.40,0.68,1.23,4*0F
1777598301.311,$GPGSV,3,1,11,01,36,041,40,06,34,211,30,07,52,172,46,14,43,353,46,1*60
1777598301.314,$GPGSV,3,2,11,17,44,319,13,19,31,281,33,22,32,339,31,30,70,256,48,1*68
1777598301.316,$GPGSV,3,3,11,40,36,256,34,41,64,233,46,42,70,217,44,1*51
1777598301.318,$GPGSV,2,1,07,01,36,041,37,03,23,104,21,06,34,211,31,07,52,172,44,6*63
1777598301.320,$GPGSV,2,2,07,14,43,353,46,17,44,319,34,30,70,256,44,6*5E
1777598301.321,$GPGSV,1,1,03,02,06,036,,09,07,172,,50,56,115,,0*5E
1777598301.324,$GLGSV,2,1,06,73,35,349,42,79,18,128,17,80,56,075,48,82,13,023,18,1*78
1777598301.326,$GLGSV,2,2,06,83,62,353,49,84,49,233,30,1*79
1777598301.328,$GLGSV,2,1,06,73,35,349,46,79,18,128,11,80,56,075,50,82,13,023,28,3*72
1777598301.330,$GLGSV,2,2,06,83,62,353,48,84,49,233,37,3*7D
1777598301.332,$GLGSV,1,1,01,85,06,216,,0*46
1777598301.335,$GAGSV,2,1,07,02,45,012,48,08,24,250,34,18,42,293,47,25,29,080,34,2*77
1777598301.337,$GAGSV,2,2,07,30,17,319,35,34,65,179,50,36,52,051,51,2*45
1777598301.338,$GAGSV,2,1,07,02,45,012,44,08,24,250,26,18,42,293,45,25,29,080,28,7*72
1777598301.339,$GAGSV,2,2,07,30,17,319,32,34,65,179,46,36,52,051,45,7*45
1777598301.340,$GAGSV,2,1,05,03,20,196,,07,04,296,,11,05,035,,15,16,206,,0*77
1777598301.341,$GAGSV,2,2,05,15,16,206,,0*46
1777598301.342,$GBGSV,2,1,07,07,54,158,45,08,46,004,46,10,66,156,47,13,66,313,47,1*75
1777598301.343,$GBGSV,2,2,07,23,60,346,49,25,60,113,49,28,50,258,45,1*44
1777598301.344,$GBGSV,1,1,02,09,15,171,15,10,66,156,48,3*77
1777598301.344,$GNGLL,1339.01208,N,10029.57916,E,011821.00,A,D*7C
1777598302.302,$GNRMC,011822.00,A,1339.01209,N,10029.57915,E,0.018,,010526,0.53,W,F,V*5A
1777598302.303,$GNVTG,,T,,M,0.018,N,0.033,K,D*31
1777598302.305,$GNGGA,011822.00,1339.01209,N,10029.57915,E,5,12,0.68,-1.0,M,-27.8,M,1.0,0499*63
1777598302.307,$GNGSA,A,3,01,07,14,17,06,22,30,03,19,,,,1.40,0.68,1.23,1*01
1777598302.308,$GNGSA,A,3,82,73,80,84,83,,,,,,,,1.40,0.68,1.23,2*08
1777598302.309,$GNGSA,A,3,08,02,30,25,34,36,,,,,,,1.40,0.68,1.23,3*04
1777598302.310,$GNGSA,A,3,07,08,10,23,25,28,13,,,,,,1.40,0.68,1.23,4*0F
1777598302.311,$GPGSV,3,1,12,01,36,041,40,03,23,104,23,06,34,211,29,07,52,172,46,1*68
1777598302.313,$GPGSV,3,2,12,14,43,353,46,17,44,319,19,19,31,281,32,22,32,339,31,1*6C
1777598302.314,$GPGSV,3,3,12,30,70,256,47,40,36,256,35,41,64,233,46,42,70,217,44,1*65
1777598302.316,$GPGSV,2,1,07,01,36,041,37,03,23,104,21,06,34,211,31,07,52,172,45,6*62
1777598302.317,$GPGSV,2,2,07,14,43,353,46,17,44,319,35,30,70,256,44,6*5F
1777598302.318,$GPGSV,1,1,03,02,06,036,,09,07,172,,50,56,115,,0*5E
1777598302.319,$GLGSV,2,1,06,73,35,349,42,79,18,128,18,80,56,075,48,82,13,023,19,1*76
1777598302.321,$GLGSV,2,2,06,83,62,353,49,84,49,233,31,1*78
1777598302.322,$GLGSV,2,1,06,73,35,349,46,79,18,128,10,80,56,075,50,82,13,023,28,3*73
1777598302.323,$GLGSV,2,2,06,83,62,353,48,84,49,233,37,3*7D
1777598302.324,$GLGSV,1,1,01,85,06,216,,0*46
1777598302.324,$GAGSV,2,1,07,02,45,012,48,08,24,250,34,18,42,293,47,25,29,080,35,2*76
1777598302.325,$GAGSV,2,2,07,30,17,319,34,34,65,179,50,36,52,051,51,2*44
1777598302.326,$GAGSV,2,1,07,02,45,012,44,08,24,250,26,18,42,293,45,25,29,080,28,7*72
1777598302.326,$GAGSV,2,2,07,30,17,319,32,34,65,179,46,36,52,051,45,7*45
1777598302.327,$GAGSV,2,1,05,03,20,196,,07,04,296,,11,05,035,,15,16,206,,0*77
1777598302.327,$GAGSV,2,2,05,15,16,206,,0*46
1777598302.328,$GBGSV,2,1,07,07,54,158,45,08,46,004,46,10,66,156,47,13,66,315,47,1*73
1777598302.328,$GBGSV,2,2,07,23,60,346,49,25,60,113,49,28,50,258,45,1*44
1777598302.329,$GBGSV,1,1,02,09,15,171,15,10,66,156,48,3*77
1777598302.329,$GNGLL,1339.01209,N,10029.57915,E,011822.00,A,D*7D
1777598303.301,$GNRMC,011823.00,A,1339.01210,N,10029.57915,E,0.008,,010526,0.53,W,F,V*52
1777598303.302,$GNVTG,,T,,M,0.008,N,0.016,K,D*37
1777598303.304,$GNGGA,011823.00,1339.01210,N,10029.57915,E,5,12,0.68,-1.0,M,-27.8,M,1.0,0499*6A
1777598303.304,$GNGSA,A,3,01,07,14,17,06,22,30,03,19,,,,1.40,0.68,1.23,1*01
1777598303.305,$GNGSA,A,3,82,73,80,79,84,83,,,,,,,1.40,0.68,1.23,2*06
1777598303.305,$GNGSA,A,3,08,02,30,25,34,36,,,,,,,1.40,0.68,1.23,3*04
1777598303.306,$GNGSA,A,3,07,08,10,23,25,28,13,,,,,,1.40,0.68,1.23,4*0F
1777598303.307,$GPGSV,3,1,12,01,36,041,40,03,23,104,23,06,34,211,29,07,52,172,46,1*68
1777598303.307,$GPGSV,3,2,12,14,43,353,46,17,44,319,21,19,31,281,32,22,32,339,31,1*67
1777598303.308,$GPGSV,3,3,12,30,70,256,47,40,36,256,35,41,64,233,46,42,70,217,44,1*65
1777598303.309,$GPGSV,2,1,07,01,36,041,37,03,23,104,21,06,34,211,32,07,52,172,44,6*60
1777598303.309,$GPGSV,2,2,07,14,43,353,46,17,44,319,35,30,70,256,44,6*5F
1777598303.310,$GPGSV,1,1,03,02,06,036,,09,07,172,,50,56,115,,0*5E
1777598303.310,$GLGSV,2,1,06,73,35,349,42,79,18,128,21,80,56,075,48,82,13,023,19,1*7C
1777598303.311,$GLGSV,2,2,06,83,62,353,49,84,49,233,31,1*78
1777598303.312,$GLGSV,2,1,06,73,35,349,46,79,18,128,09,80,56,075,49,82,13,023,28,3*73
1777598303.312,$GLGSV,2,2,06,83,62,353,48,84,49,233,38,3*72
1777598303.312,$GLGSV,1,1,01,85,06,216,,0*46
1777598303.313,$GAGSV,2,1,07,02,45,012,48,08,24,250,34,18,42,293,47,25,29,080,35,2*76
1777598303.314,$GAGSV,2,2,07,30,17,319,34,34,65,179,50,36,52,051,51,2*44
1777598303.315,$GAGSV,2,1,07,02,45,012,44,08,24,250,26,18,42,293,45,25,29,080,28,7*72
1777598303.315,$GAGSV,2,2,07,30,17,319,32,34,65,179,46,36,52,051,45,7*45
1777598303.316,$GAGSV,2,1,05,03,20,196,,07,04,296,,11,05,035,,15,16,206,,0*77
1777598303.316,$GAGSV,2,2,05,15,16,206,,0*46
1777598303.317,$GBGSV,2,1,07,07,54,158,45,08,46,004,46,10,66,156,47,13,66,315,47,1*73
1777598303.318,$GBGSV,2,2,07,23,60,346,49,25,60,113,49,28,50,258,45,1*44
1777598303.318,$GBGSV,1,1,02,09,15,171,15,10,66,156,48,3*77
1777598303.319,$GNGLL,1339.01210,N,10029.57915,E,011823.00,A,D*74
1777598304.298,$GNRMC,011824.00,A,1339.01209,N,10029.57915,E,0.004,,010526,0.53,W,F,V*51
1777598304.299,$GNVTG,,T,,M,0.004,N,0.008,K,D*34
1777598304.301,$GNGGA,011824.00,1339.01209,N,10029.57915,E,5,12,0.68,-1.0,M,-27.8,M,1.0,0499*65
1777598304.301,$GNGSA,A,3,01,07,14,17,06,22,30,03,19,,,,1.40,0.68,1.23,1*01
1777598304.302,$GNGSA,A,3,82,73,80,79,84,83,,,,,,,1.40,0.68,1.23,2*06
1777598304.302,$GNGSA,A,3,08,02,30,25,34,36,,,,,,,1.40,0.68,1.23,3*04
1777598304.303,$GNGSA,A,3,07,08,10,23,25,28,13,,,,,,1.40,0.68,1.23,4*0F
1777598304.303,$GPGSV,3,1,11,01,36,041,41,06,34,211,28,07,52,172,46,14,43,353,46,1*68
1777598304.304,$GPGSV,3,2,11,17,44,319,23,19,31,281,31,22,32,339,31,30,70,256,47,1*66
1777598304.305,$GPGSV,3,3,11,40,36,256,35,41,64,233,46,42,70,217,44,1*50
1777598304.305,$GPGSV,2,1,07,01,36,041,37,03,23,104,21,06,34,211,32,07,52,172,45,6*61
1777598304.306,$GPGSV,2,2,07,14,43,353,46,17,44,319,35,30,70,256,44,6*5F
1777598304.307,$GPGSV,1,1,03,02,06,036,,09,07,172,,50,56,115,,0*5E
1777598304.307,$GLGSV,2,1,06,73,35,349,42,79,18,128,21,80,56,075,48,82,13,023,20,1*76
1777598304.308,$GLGSV,2,2,06,83,62,353,49,84,49,233,32,1*7B
1777598304.308,$GLGSV,2,1,06,73,35,349,46,79,18,128,10,80,56,075,49,82,13,023,28,3*7B
1777598304.309,$GLGSV,2,2,06,83,62,353,48,84,49,233,38,3*72
1777598304.309,$GLGSV,1,1,01,85,06,216,,0*46
1777598304.310,$GAGSV,2,1,07,02,45,012,48,08,24,250,34,18,42,293,47,25,29,080,35,2*76
1777598304.311,$GAGSV,2,2,07,30,17,319,34,34,65,179,50,36,52,051,51,2*44
1777598304.312,$GAGSV,2,1,07,02,45,012,44,08,24,250,26,18,42,293,45,25,29,080,28,7*72
1777598304.313,$GAGSV,2,2,07,30,17,319,33,34,65,179,46,36,52,051,45,7*44
1777598304.314,$GAGSV,2,1,05,03,20,196,,07,04,296,,11,05,035,,15,16,206,,0*77
1777598304.314,$GAGSV,2,2,05,15,16,206,,0*46
1777598304.315,$GBGSV,2,1,07,07,54,158,45,08,46,004,46,10,66,156,47,13,66,315,47,1*73
1777598304.315,$GBGSV,2,2,07,23,60,346,49,25,60,113,49,28,50,258,45,1*44
1777598304.316,$GBGSV,1,1,02,09,15,171,14,10,66,156,48,3*76
1777598304.316,$GNGLL,1339.01209,N,10029.57915,E,011824.00,A,D*7B
1777598305.302,$GNRMC,011825.00,A,1339.01210,N,10029.57915,E,0.014,,010526,0.53,W,F,V*59
1777598305.303,$GNVTG,,T,,M,0.014,N,0.026,K,D*39
1777598305.305,$GNGGA,011825.00,1339.01210,N,10029.57915,E,5,12,0.68,-0.9,M,-27.8,M,1.0,0499*64
1777598305.306,$GNGSA,A,3,01,07,14,17,06,22,30,03,19,,,,1.40,0.68,1.23,1*01
1777598305.306,$GNGSA,A,3,82,73,80,79,84,83,,,,,,,1.40,0.68,1.23,2*06
1777598305.306,$GNGSA,A,3,08,02,30,25,34,36,,,,,,,1.40,0.68,1.23,3*04
1777598305.307,$GNGSA,A,3,07,08,10,23,25,28,13,,,,,,1.40,0.68,1.23,4*0F
1777598305.307,$GPGSV,3,1,11,01,36,041,41,06,34,211,28,07,52,172,46,14,43,353,46,1*68
1777598305.308,$GPGSV,3,2,11,17,44,319,25,19,31,281,31,22,32,339,32,30,70,256,47,1*63
1777598305.309,$GPGSV,3,3,11,40,36,256,35,41,64,233,46,42,70,217,44,1*50
1777598305.309,$GPGSV,2,1,07,01,36,041,37,03,23,104,22,06,34,211,31,07,52,172,45,6*61
1777598305.310,$GPGSV,2,2,07,14,43,353,46,17,44,319,35,30,70,256,45,6*5E
1777598305.311,$GPGSV,1,1,03,02,06,036,,09,07,172,,50,56,115,,0*5E
1777598305.311,$GLGSV,2,1,06,73,35,349,42,79,18,128,23,80,56,075,48,82,13,023,20,1*74
1777598305.312,$GLGSV,2,2,06,83,62,353,49,84,49,233,32,1*7B
1777598305.312,$GLGSV,2,1,06,73,35,349,46,79,18,128,14,80,56,075,49,82,13,023,28,3*7F
1777598305.313,$GLGSV,2,2,06,83,62,353,48,84,49,233,37,3*7D
1777598305.313,$GLGSV,1,1,01,85,06,216,,0*46
1777598305.314,$GAGSV,2,1,07,02,45,012,48,08,24,250,34,18,42,293,47,25,29,080,35,2*76
1777598305.314,$GAGSV,2,2,07,30,17,319,34,34,66,179,50,36,52,051,51,2*47
1777598305.315,$GAGSV,2,1,07,02,45,012,44,08,24,250,26,18,42,293,45,25,29,080,28,7*72
1777598305.315,$GAGSV,2,2,07,30,17,319,33,34,66,179,46,36,52,051,45,7*47
1777598305.316,$GAGSV,2,1,05,03,20,196,,07,04,296,,11,05,035,,15,16,206,,0*77
1777598305.316,$GAGSV,2,2,05,15,16,206,,0*46
1777598305.317,$GBGSV,2,1,07,07,54,158,45,08,46,004,46,10,66,156,47,13,66,315,47,1*73
1777598305.317,$GBGSV,2,2,07,23,60,346,49,25,60,113,49,28,50,258,45,1*44
1777598305.318,$GBGSV,1,1,02,09,15,171,13,10,66,156,48,3*71
1777598305.318,$GNGLL,1339.01210,N,10029.57915,E,011825.00,A,D*72
1777598306.303,$GNRMC,011826.00,A,1339.01210,N,10029.57915,E,0.002,,010526,0.53,W,F,V*5D
1777598306.304,$GNVTG,,T,,M,0.002,N,0.003,K,D*39
1777598306.306,$GNGGA,011826.00,1339.01210,N,10029.57915,E,5,12,0.68,-1.0,M,-27.8,M,1.0,0499*6F
1777598306.307,$GNGSA,A,3,01,07,14,17,06,22,30,03,19,,,,1.40,0.68,1.23,1*01
1777598306.307,$GNGSA,A,3,82,73,80,79,84,83,,,,,,,1.40,0.68,1.23,2*06
1777598306.308,$GNGSA,A,3,08,02,30,25,34,36,,,,,,,1.40,0.68,1.23,3*04
1777598306.308,$GNGSA,A,3,07,08,10,23,25,28,13,,,,,,1.40,0.68,1.23,4*0F
1777598306.309,$GPGSV,3,1,12,01,36,041,41,03,23,104,24,06,34,211,27,07,52,172,46,1*60
1777598306.309,$GPGSV,3,2,12,14,43,353,46,17,44,319,25,19,31,281,31,22,32,339,32,1*63
1777598306.310,$GPGSV,3,3,12,30,70,256,47,40,36,256,35,41,64,233,46,42,70,217,44,1*65
1777598306.311,$GPGSV,2,1,07,01,36,041,37,03,23,104,22,06,34,211,31,07,52,172,45,6*61
1777598306.311,$GPGSV,2,2,07,14,43,353,46,17,44,319,35,30,70,256,45,6*5E
1777598306.312,$GPGSV,1,1,03,02,06,036,,09,07,172,,50,56,115,,0*5E
1777598306.312,$GLGSV,2,1,06,73,35,349,42,79,18,128,24,80,56,075,48,82,13,023,21,1*72
1777598306.313,$GLGSV,2,2,06,83,62,353,49,84,49,233,33,1*7A
1777598306.314,$GLGSV,2,1,06,73,35,349,46,79,18,128,16,80,56,075,49,82,13,023,28,3*7D
1777598306.314,$GLGSV,2,2,06,83,62,353,47,84,49,233,37,3*72
1777598306.314,$GLGSV,1,1,01,85,06,216,,0*46
1777598306.315,$GAGSV,2,1,07,02,45,012,48,08,24,250,34,18,42,293,47,25,29,080,34,2*77
1777598306.316,$GAGSV,2,2,07,30,17,319,34,34,66,179,50,36,52,050,51,2*46
1777598306.316,$GAGSV,2,1,07,02,45,012,44,08,24,250,26,18,42,293,45,25,29,080,28,7*72
1777598306.317,$GAGSV,2,2,07,30,17,319,33,34,66,179,46,36,52,050,45,7*46
1777598306.317,$GAGSV,2,1,05,03,20,196,,07,04,296,,11,05,035,,15,16,206,,0*77
1777598306.318,$GAGSV,2,2,05,15,16,206,,0*46
1777598306.318,$GBGSV,2,1,07,07,54,158,45,08,46,004,47,10,66,156,47,13,66,315,47,1*72
1777598306.319,$GBGSV,2,2,07,23,60,346,49,25,60,113,49,28,50,258,45,1*44
1777598306.319,$GBGSV,1,1,02,09,15,171,13,10,66,156,48,3*71
1777598306.320,$GNGLL,1339.01210,N,10029.57915,E,011826.00,A,D*71
1777598307.310,$GNRMC,011827.00,A,1339.01210,N,10029.57915,E,0.002,,010526,0.53,W,F,V*5C
1777598307.311,$GNVTG,,T,,M,0.002,N,0.003,K,D*39
1777598307.313,$GNGGA,011827.00,1339.01210,N,10029.57915,E,5,12,0.68,-0.9,M,-27.8,M,1.0,0499*66
1777598307.314,$GNGSA,A,3,01,07,14,17,06,22,30,03,19,,,,1.40,0.68,1.23,1*01
1777598307.314,$GNGSA,A,3,82,73,80,79,84,83,,,,,,,1.40,0.68,1.23,2*06
1777598307.315,$GNGSA,A,3,08,02,30,25,34,36,,,,,,,1.40,0.68,1.23,3*04
1777598307.315,$GNGSA,A,3,07,08,10,23,25,28,13,,,,,,1.40,0.68,1.23,4*0F
1777598307.316,$GPGSV,3,1,12,01,36,041,41,03,23,104,23,06,34,211,27,07,52,172,46,1*67
1777598307.316,$GPGSV,3,2,12,14,43,353,46,17,44,319,26,19,31,281,32,22,32,339,32,1*63
1777598307.317,$GPGSV,3,3,12,30,70,256,47,40,36,256,35,41,64,233,46,42,70,217,44,1*65
1777598307.318,$GPGSV,2,1,07,01,36,041,37,03,23,104,22,06,34,211,31,07,52,172,45,6*61
1777598307.318,$GPGSV,2,2,07,14,43,353,46,17,44,319,35,30,70,256,45,6*5E
1777598307.319,$GPGSV,1,1,03,02,06,036,,09,07,172,,50,56,115,,0*5E
1777598307.319,$GLGSV,2,1,06,73,35,349,42,79,18,128,25,80,56,075,48,82,13,023,21,1*73
1777598307.320,$GLGSV,2,2,06,83,62,353,49,84,49,233,34,1*7D
1777598307.320,$GLGSV,2,1,06,73,35,349,47,79,18,128,18,80,56,075,49,82,13,023,27,3*7D
1777598307.321,$GLGSV,2,2,06,83,62,353,47,84,49,233,37,3*72
1777598307.321,$GLGSV,1,1,01,85,06,216,,0*46
1777598307.322,$GAGSV,2,1,07,02,45,012,48,08,24,250,34,18,42,293,47,25,29,080,35,2*76
1777598307.322,$GAGSV,2,2,07,30,17,319,34,34,66,179,50,36,52,050,51,2*46
1777598307.323,$GAGSV,2,1,07,02,45,012,44,08,24,250,26,18,42,293,45,25,29,080,28,7*72
1777598307.324,$GAGSV,2,2,07,30,17,319,33,34,66,179,46,36,52,050,45,7*46
1777598307.324,$GAGSV,2,1,05,03,20,196,,07,04,296,,11,05,035,,15,16,206,,0*77
1777598307.324,$GAGSV,2,2,05,15,16,206,,0*46
1777598307.325,$GBGSV,2,1,07,07,54,159,45,08,46,004,47,10,66,156,47,13,66,315,47,1*73
1777598307.326,$GBGSV,2,2,07,23,60,346,49,25,60,113,49,28,50,258,45,1*44
1777598307.326,$GBGSV,1,1,02,09,15,171,11,10,66,156,48,3*73
1777598307.326,$GNGLL,1339.01210,N,10029.57915,E,011827.00,A,D*70
1777598308.301,$GNRMC,011828.00,A,1339.01210,N,10029.57915,E,0.006,,010526,0.53,W,F,V*57
1777598308.302,$GNVTG,,T,,M,0.006,N,0.011,K,D*3E
1777598308.303,$GNGGA,011828.00,1339.01210,N,10029.57915,E,5,12,0.68,-0.9,M,-27.8,M,1.0,0499*69
1777598308.304,$GNGSA,A,3,01,07,14,17,06,22,30,03,19,,,,1.40,0.68,1.23,1*01
1777598308.304,$GNGSA,A,3,82,73,80,79,84,83,,,,,,,1.40,0.68,1.23,2*06
1777598308.305,$GNGSA,A,3,08,02,30,25,34,36,,,,,,,1.40,0.68,1.23,3*04
1777598308.306,$GNGSA,A,3,07,08,10,23,25,28,13,,,,,,1.40,0.68,1.23,4*0F
1777598308.306,$GPGSV,3,1,11,01,36,041,41,06,34,211,27,07,52,172,46,14,43,353,46,1*67
1777598308.308,$GPGSV,3,2,11,17,44,319,26,19,31,281,32,22,32,339,32,30,70,256,47,1*63
1777598308.308,$GPGSV,3,3,11,40,36,256,35,41,64,233,46,42,70,217,44,1*50
1777598308.309,$GPGSV,2,1,07,01,36,041,38,03,23,104,21,06,34,211,31,07,52,172,45,6*6D
1777598308.310,$GPGSV,2,2,07,14,43,353,46,17,44,319,35,30,70,256,45,6*5E
1777598308.311,$GPGSV,1,1,03,02,06,036,,09,07,172,,50,56,115,,0*5E
1777598308.312,$GLGSV,2,1,06,73,35,349,41,79,18,128,25,80,56,075,48,82,13,023,20,1*71
1777598308.313,$GLGSV,2,2,06,83,62,353,49,84,49,233,34,1*7D
1777598308.314,$GLGSV,2,1,06,73,35,349,47,79,18,128,19,80,56,075,49,82,13,023,27,3*7C
1777598308.314,$GLGSV,2,2,06,83,62,353,47,84,49,233,37,3*72
1777598308.315,$GLGSV,1,1,01,85,06,216,,0*46
1777598308.316,$GAGSV,2,1,07,02,45,012,48,08,24,250,34,18,42,293,47,25,29,080,35,2*76
1777598308.317,$GAGSV,2,2,07,30,17,319,34,34,66,179,50,36,52,050,51,2*46
1777598308.318,$GAGSV,2,1,07,02,45,012,44,08,24,250,26,18,42,293,45,25,29,080,28,7*72
1777598308.319,$GAGSV,2,2,07,30,17,319,33,34,66,179,46,36,52,050,45,7*46
1777598308.319,$GAGSV,2,1,05,03,20,196,,07,04,296,,11,05,035,,15,16,206,,0*77
1777598308.320,$GAGSV,2,2,05,15,16,206,,0*46
1777598308.321,$GBGSV,2,1,07,07,54,159,45,08,46,005,47,10,66,156,47,13,66,315,47,1*72
1777598308.322,$GBGSV,2,2,07,23,60,346,49,25,60,113,49,28,50,258,45,1*44
1777598308.322,$GBGSV,1,1,02,09,15,171,13,10,66,156,48,3*71
1777598308.323,$GNGLL,1339.01210,N,10029.57915,E,011828.00,A,D*7F
1777598309.302,$GNRMC,011829.00,A,1339.01210,N,10029.57915,E,0.004,,010526,0.53,W,F,V*54
1777598309.303,$GNVTG,,T,,M,0.004,N,0.007,K,D*3B
1777598309.305,$GNGGA,011829.00,1339.01210,N,10029.57915,E,5,12,0.68,-0.9,M,-27.8,M,1.0,0042*6A
1777598309.306,$GNGSA,A,3,01,07,14,17,06,22,30,03,19,,,,1.40,0.68,1.23,1*01
1777598309.307,$GNGSA,A,3,82,73,80,79,84,83,,,,,,,1.40,0.68,1.23,2*06
1777598309.307,$GNGSA,A,3,08,02,30,25,34,36,,,,,,,1.40,0.68,1.23,3*04
1777598309.307,$GNGSA,A,3,07,08,10,23,25,28,13,,,,,,1.40,0.68,1.23,4*0F
1777598309.308,$GPGSV,3,1,12,01,36,041,41,03,23,104,25,06,34,211,27,07,52,172,46,1*61
1777598309.309,$GPGSV,3,2,12,14,43,353,46,17,44,319,26,19,31,281,31,22,32,339,33,1*61
1777598309.309,$GPGSV,3,3,12,30,70,256,47,40,36,256,35,41,64,233,46,42,70,217,44,1*65
1777598309.310,$GPGSV,2,1,07,01,36,041,38,03,23,104,21,06,34,211,31,07,52,172,45,6*6D
1777598309.311,$GPGSV,2,2,07,14,43,353,45,17,44,319,35,30,70,256,45,6*5D
1777598309.311,$GPGSV,1,1,03,02,06,036,,09,07,172,,50,56,115,,0*5E
1777598309.312,$GLGSV,2,1,06,73,35,349,41,79,18,128,25,80,56,075,48,82,13,023,20,1*71
1777598309.312,$GLGSV,2,2,06,83,62,353,49,84,49,233,34,1*7D
1777598309.313,$GLGSV,2,1,06,73,35,349,47,79,18,128,19,80,56,075,49,82,13,023,27,3*7C
1777598309.314,$GLGSV,2,2,06,83,62,353,47,84,49,233,37,3*72
1777598309.314,$GLGSV,1,1,01,85,06,216,,0*46
1777598309.315,$GAGSV,2,1,07,02,45,012,48,08,24,250,34,18,42,293,47,25,29,080,35,2*76
1777598309.315,$GAGSV,2,2,07,30,17,319,33,34,66,179,50,36,52,050,51,2*41
1777598309.316,$GAGSV,2,1,07,02,45,012,44,08,24,250,26,18,42,293,45,25,29,080,28,7*72
1777598309.316,$GAGSV,2,2,07,30,17,319,33,34,66,179,46,36,52,050,45,7*46
1777598309.317,$GAGSV,2,1,05,03,20,196,,07,04,296,,11,05,035,,15,16,206,,0*77
1777598309.317,$GAGSV,2,2,05,15,16,206,,0*46
1777598309.318,$GBGSV,2,1,07,07,54,159,45,08,46,005,47,10,66,156,47,13,66,315,47,1*72
1777598309.319,$GBGSV,2,2,07,23,60,346,49,25,60,113,49,28,50,258,45,1*44
1777598309.319,$GBGSV,1,1,02,09,15,171,15,10,66,156,48,3*77
1777598309.319,$GNGLL,1339.01210,N,10029.57915,E,011829.00,A,D*7E
1777598310.308,$GNRMC,011830.00,A,1339.01211,N,10029.57916,E,0.584,359.86,010526,0.53,W,R,V*58
1777598310.309,$GNVTG,359.86,T,0.39,M,0.584,N,1.082,K,D*31
1777598310.311,$GNGGA,011830.00,1339.01211,N,10029.57916,E,4,12,0.66,-0.8,M,-27.8,M,1.0,0042*6E
1777598310.312,$GNGSA,A,3,01,07,14,17,06,22,30,03,19,,,,1.38,0.66,1.21,1*02
1777598310.312,$GNGSA,A,3,82,73,80,79,84,83,,,,,,,1.38,0.66,1.21,2*05
1777598310.312,$GNGSA,A,3,08,02,30,25,34,36,,,,,,,1.38,0.66,1.21,3*07
1777598310.313,$GNGSA,A,3,07,08,10,23,25,28,13,,,,,,1.38,0.66,1.21,4*0C
1777598310.313,$GPGSV,3,1,10,01,36,041,43,07,52,172,46,14,43,353,46,17,44,319,32,1*6E
1777598310.314,$GPGSV,3,2,10,19,31,281,40,22,32,339,33,30,70,256,48,40,36,256,31,1*62
1777598310.314,$GPGSV,3,3,10,41,64,233,45,42,70,217,44,1*64
1777598310.315,$GPGSV,2,1,07,01,36,041,37,03,23,104,21,06,34,211,35,07,52,172,44,6*67
1777598310.316,$GPGSV,2,2,07,14,43,353,47,17,44,319,25,30,70,256,45,6*5E
1777598310.316,$GPGSV,1,1,03,02,06,036,,09,07,172,,50,56,115,,0*5E
1777598310.317,$GLGSV,2,1,06,73,35,349,43,79,18,128,25,80,56,075,48,82,13,023,19,1*79
1777598310.317,$GLGSV,2,2,06,83,62,353,49,84,49,233,37,1*7E
1777598310.317,$GLGSV,2,1,06,73,35,349,46,79,18,128,19,80,56,075,49,82,13,023,26,3*7C
1777598310.318,$GLGSV,2,2,06,83,62,353,48,84,49,233,42,3*7F
1777598310.318,$GLGSV,1,1,01,85,06,216,,0*46
1777598310.319,$GAGSV,2,1,07,02,45,012,48,08,24,250,34,18,42,293,47,25,29,080,35,2*76
1777598310.319,$GAGSV,2,2,07,30,17,319,34,34,66,179,50,36,52,050,51,2*46
1777598310.320,$GAGSV,2,1,07,02,45,012,43,08,24,250,27,18,42,293,45,25,29,080,28,7*74
1777598310.320,$GAGSV,2,2,07,30,17,319,29,34,66,179,46,36,52,050,44,7*4C
1777598310.321,$GAGSV,2,1,05,03,20,196,,07,04,296,,11,05,035,,15,16,206,,0*77
1777598310.321,$GAGSV,2,2,05,15,16,206,,0*46
1777598310.322,$GBGSV,2,1,07,07,54,159,45,08,46,005,46,10,66,156,47,13,66,315,49,1*7D
1777598310.322,$GBGSV,2,2,07,23,60,346,49,25,60,113,48,28,50,258,47,1*47
1777598310.323,$GBGSV,1,1,02,09,15,171,16,10,66,156,49,3*75
1777598310.323,$GNGLL,1339.01211,N,10029.57916,E,011830.00,A,D*74
1777598311.310,$GNRMC,011831.00,A,1339.01239,N,10029.57913,E,1.284,359.93,010526,0.53,W,R,V*54
1777598311.313,$GNVTG,359.93,T,0.46,M,1.284,N,2.377,K,D*31
1777598311.314,$GNGGA,011831.00,1339.01239,N,10029.57913,E,4,12,0.69,-0.9,M,-27.8,M,1.0,0042*6E
1777598311.314,$GNGSA,A,3,01,07,14,17,06,22,30,03,19,,,,1.42,0.69,1.24,1*05
1777598311.315,$GNGSA,A,3,82,73,80,79,84,83,,,,,,,1.42,0.69,1.24,2*02
1777598311.315,$GNGSA,A,3,08,02,30,25,34,36,,,,,,,1.42,0.69,1.24,3*00
1777598311.316,$GNGSA,A,3,07,08,10,23,25,28,13,,,,,,1.42,0.69,1.24,4*0B
1777598311.316,$GPGSV,3,1,10,01,36,041,35,06,34,211,34,07,52,172,46,14,43,353,45,1*64
1777598311.317,$GPGSV,3,2,10,17,44,319,32,19,31,281,42,22,32,339,33,30,70,256,48,1*6E
1777598311.318,$GPGSV,3,3,10,41,64,233,46,42,70,217,46,1*65
1777598311.318,$GPGSV,2,1,07,01,36,041,37,03,23,104,21,06,34,211,35,07,52,172,44,6*67
1777598311.319,$GPGSV,2,2,07,14,43,353,45,17,44,319,26,30,70,256,46,6*5C
1777598311.319,$GPGSV,1,1,04,02,06,036,,09,07,172,,40,36,256,,50,56,115,,0*69
1777598311.320,$GLGSV,2,1,06,73,35,349,46,79,18,128,22,80,56,075,49,82,13,023,29,1*79
1777598311.321,$GLGSV,2,2,06,83,62,353,48,84,49,233,42,1*7D
1777598311.321,$GLGSV,2,1,06,73,35,349,45,79,18,128,18,80,56,075,50,82,13,023,26,3*76
1777598311.322,$GLGSV,2,2,06,83,62,353,48,84,49,233,32,3*78
1777598311.322,$GLGSV,1,1,01,85,06,216,,0*46
1777598311.323,$GAGSV,2,1,07,02,45,012,49,08,24,250,33,18,42,293,49,25,29,080,35,2*7E
1777598311.323,$GAGSV,2,2,07,30,17,319,33,34,66,179,50,36,52,050,49,2*48
1777598311.324,$GAGSV,2,1,07,02,45,012,42,08,24,250,32,18,42,293,43,25,29,080,29,7*76
1777598311.324,$GAGSV,2,2,07,30,17,319,21,34,66,179,45,36,52,050,44,7*47
1777598311.325,$GAGSV,2,1,05,03,20,196,,07,04,296,,11,05,035,,15,16,206,,0*77
1777598311.325,$GAGSV,2,2,05,15,16,206,,0*46
1777598311.326,$GBGSV,2,1,07,07,54,159,46,08,46,005,47,10,66,156,47,13,66,315,50,1*77
1777598311.326,$GBGSV,2,2,07,23,60,346,48,25,60,113,47,28,50,258,49,1*47
1777598311.327,$GBGSV,1,1,02,09,15,171,14,10,66,156,49,3*77
1777598311.327,$GNGLL,1339.01239,N,10029.57913,E,011831.00,A,D*7A
1777598312.302,$GNRMC,011832.00,A,1339.01278,N,10029.57914,E,1.502,357.48,010526,0.53,W,R,V*54
1777598312.303,$GNVTG,357.48,T,358.01,M,1.502,N,2.781,K,D*30
1777598312.305,$GNGGA,011832.00,1339.01278,N,10029.57914,E,4,12,0.68,-0.8,M,-27.8,M,1.0,0042*6F
1777598312.306,$GNGSA,A,3,01,07,14,17,06,22,30,03,19,,,,1.55,0.68,1.40,1*00
1777598312.307,$GNGSA,A,3,82,73,80,79,84,83,,,,,,,1.55,0.68,1.40,2*07
1777598312.307,$GNGSA,A,3,08,02,30,25,34,36,,,,,,,1.55,0.68,1.40,3*05
1777598312.307,$GNGSA,A,3,07,08,10,23,25,28,13,,,,,,1.55,0.68,1.40,4*0E
1777598312.308,$GPGSV,3,1,11,01,36,041,33,06,34,211,31,07,52,172,45,14,43,353,46,1*66
1777598312.309,$GPGSV,3,2,11,17,44,319,38,19,31,281,42,22,32,339,30,30,70,256,47,1*69
1777598312.309,$GPGSV,3,3,11,41,64,233,46,42,70,217,45,50,56,115,40,1*50
1777598312.310,$GPGSV,2,1,07,01,36,041,41,03,23,104,20,06,34,211,32,07,52,172,44,6*60
1777598312.311,$GPGSV,2,2,07,14,43,353,45,17,44,319,31,30,70,256,45,6*59
1777598312.311,$GPGSV,1,1,03,02,06,036,,09,07,172,,40,36,256,,0*5D
1777598312.312,$GLGSV,2,1,06,73,35,349,46,79,18,128,20,80,56,075,50,82,13,023,20,1*7A
1777598312.312,$GLGSV,2,2,06,83,62,353,49,84,49,233,39,1*70
1777598312.313,$GLGSV,2,1,06,73,35,349,45,79,18,128,19,80,56,075,50,82,13,023,23,3*72
1777598312.314,$GLGSV,2,2,06,83,62,353,47,84,49,233,38,3*7D
1777598312.314,$GLGSV,1,1,01,85,06,216,,0*46
1777598312.315,$GAGSV,2,1,07,02,45,012,48,08,24,250,27,18,42,293,47,25,29,080,35,2*74
1777598312.315,$GAGSV,2,2,07,30,17,319,36,34,66,179,51,36,52,050,49,2*4C
1777598312.316,$GAGSV,2,1,07,02,45,012,42,08,24,250,28,18,42,293,41,25,29,080,22,7*74
1777598312.317,$GAGSV,2,2,07,30,17,319,27,34,66,179,46,36,52,050,43,7*45
1777598312.317,$GAGSV,2,1,05,03,20,196,,07,04,296,,11,05,035,,15,16,206,,0*77
1777598312.318,$GAGSV,2,2,05,15,16,206,,0*46
1777598312.318,$GBGSV,2,1,07,07,54,159,46,08,46,005,45,10,66,156,47,13,66,315,50,1*75
1777598312.319,$GBGSV,2,2,07,23,60,346,48,25,60,113,47,28,50,258,46,1*48
1777598312.319,$GBGSV,1,1,02,09,15,171,12,10,66,156,49,3*71
1777598312.320,$GNGLL,1339.01278,N,10029.57914,E,011832.00,A,D*7B
1777598313.297,$GNRMC,011833.00,A,1339.01323,N,10029.57913,E,1.714,358.28,010526,0.53,W,R,V*51
1777598313.298,$GNVTG,358.28,T,358.81,M,1.714,N,3.175,K,D*38
1777598313.300,$GNGGA,011833.00,1339.01323,N,10029.57913,E,4,12,0.68,-0.8,M,-27.8,M,1.0,0042*66
1777598313.301,$GNGSA,A,3,01,07,14,17,06,22,30,03,19,,,,1.55,0.68,1.40,1*00
1777598313.301,$GNGSA,A,3,82,73,80,79,84,83,,,,,,,1.55,0.68,1.40,2*07
1777598313.302,$GNGSA,A,3,08,02,30,25,34,36,,,,,,,1.55,0.68,1.40,3*05
1777598313.302,$GNGSA,A,3,07,08,10,23,25,28,13,,,,,,1.55,0.68,1.40,4*0E
1777598313.303,$GPGSV,3,1,10,01,36,041,34,07,52,172,46,14,43,353,45,17,44,319,39,1*66
1777598313.303,$GPGSV,3,2,10,19,31,281,40,22,32,339,34,30,70,256,47,41,64,233,46,1*6F
1777598313.304,$GPGSV,3,3,10,42,70,217,45,50,56,115,42,1*64
1777598313.305,$GPGSV,2,1,07,01,36,041,27,03,23,104,22,06,34,211,32,07,52,172,45,6*63
1777598313.305,$GPGSV,2,2,07,14,43,353,45,17,44,319,35,30,70,256,44,6*5C
1777598313.306,$GPGSV,1,1,03,02,06,036,,09,07,172,,40,36,256,,0*5D
1777598313.306,$GLGSV,2,1,06,73,35,349,48,79,18,128,17,80,56,075,50,82,13,023,23,1*73
1777598313.307,$GLGSV,2,2,06,83,62,353,49,84,49,233,46,1*78
1777598313.307,$GLGSV,2,1,06,73,35,349,44,79,18,128,21,80,56,075,50,82,13,023,24,3*7F
1777598313.308,$GLGSV,2,2,06,83,62,353,48,84,49,233,44,3*79
1777598313.308,$GLGSV,1,1,01,85,06,216,,0*46
1777598313.309,$GAGSV,2,1,07,02,45,012,51,08,24,250,36,18,42,293,44,25,29,080,34,2*7E
1777598313.310,$GAGSV,2,2,07,30,17,319,35,34,66,179,50,36,52,050,50,2*46
1777598313.310,$GAGSV,2,1,07,02,45,012,44,08,24,250,27,18,42,293,35,25,29,080,24,7*78
1777598313.311,$GAGSV,2,2,07,30,17,319,33,34,66,179,45,36,52,050,41,7*41
1777598313.311,$GAGSV,2,1,05,03,20,196,,07,04,296,,11,05,035,,15,16,206,,0*77
1777598313.312,$GAGSV,2,2,05,15,16,206,,0*46
1777598313.312,$GBGSV,2,1,07,07,54,159,47,08,46,005,45,10,66,156,47,13,66,315,49,1*7C
1777598313.313,$GBGSV,2,2,07,23,60,346,47,25,60,113,47,28,50,258,47,1*46
1777598313.313,$GBGSV,1,1,03,07,54,159,05,09,15,171,15,10,66,156,48,3*48
1777598313.314,$GNGLL,1339.01323,N,10029.57913,E,011833.00,A,D*72
1777598314.295,$GNRMC,011834.00,A,1339.01372,N,10029.57912,E,1.788,358.50,010526,0.53,W,D,V*4F
1777598314.297,$GNVTG,358.50,T,359.03,M,1.788,N,3.311,K,D*39
1777598314.298,$GNGGA,011834.00,1339.01372,N,10029.57912,E,2,12,0.72,-0.7,M,-27.8,M,1.0,0499*64
1777598314.299,$GNGSA,A,3,01,07,14,17,06,22,30,03,19,,,,1.63,0.72,1.46,1*08
1777598314.299,$GNGSA,A,3,82,73,80,79,84,83,,,,,,,1.63,0.72,1.46,2*0F
1777598314.300,$GNGSA,A,3,08,02,30,25,34,36,,,,,,,1.63,0.72,1.46,3*0D
1777598314.300,$GNGSA,A,3,07,08,10,23,25,28,13,,,,,,1.63,0.72,1.46,4*06
1777598314.301,$GPGSV,3,1,11,01,36,041,25,06,34,211,28,07,52,172,45,14,43,353,44,1*6B
1777598314.302,$GPGSV,3,2,11,17,44,319,31,19,31,281,42,22,32,339,35,30,70,256,48,1*6A
1777598314.302,$GPGSV,3,3,11,41,64,233,46,42,70,217,45,50,56,115,42,1*52
1777598314.303,$GPGSV,2,1,07,01,36,041,35,03,23,104,22,06,34,211,31,07,52,172,44,6*62
1777598314.303,$GPGSV,2,2,07,14,43,353,45,17,44,319,25,30,70,256,45,6*5C
1777598314.304,$GPGSV,1,1,03,02,06,036,,09,07,172,,40,36,256,,0*5D
1777598314.304,$GLGSV,2,1,06,73,35,349,46,79,18,128,18,80,56,075,49,82,13,023,25,1*7C
1777598314.305,$GLGSV,2,2,06,83,62,353,49,84,49,233,47,1*79
1777598314.306,$GLGSV,2,1,06,73,35,349,49,79,18,128,22,80,56,075,49,82,13,023,23,3*7E
1777598314.306,$GLGSV,2,2,06,83,62,353,50,84,49,233,49,3*7D
1777598314.307,$GLGSV,1,1,01,85,06,216,,0*46
1777598314.307,$GAGSV,2,1,07,02,45,012,49,08,24,250,36,18,42,293,43,25,29,080,34,2*70
1777598314.308,$GAGSV,2,2,07,30,17,319,37,34,66,179,50,36,52,050,49,2*4C
1777598314.308,$GAGSV,2,1,07,02,45,012,43,08,24,250,35,18,42,293,39,25,29,080,24,7*70
1777598314.309,$GAGSV,2,2,07,30,17,319,33,34,66,179,45,36,52,050,42,7*42
1777598314.310,$GAGSV,2,1,05,03,20,196,,07,04,296,,11,05,035,,15,16,206,,0*77
1777598314.310,$GAGSV,2,2,05,15,16,206,,0*46
1777598314.311,$GBGSV,2,1,07,07,54,159,46,08,46,005,46,10,66,156,46,13,66,315,48,1*7E
1777598314.311,$GBGSV,2,2,07,23,61,346,50,25,60,113,47,28,50,258,45,1*43
1777598314.312,$GBGSV,1,1,03,07,54,159,06,09,15,171,15,10,66,156,48,3*4B
1777598314.312,$GNGLL,1339.01372,N,10029.57912,E,011834.00,A,D*70
1777598315.303,$GNRMC,011835.00,A,1339.01423,N,10029.57909,E,1.904,358.54,010526,0.53,W,R,V*5F
1777598315.305,$GNVTG,358.54,T,359.07,M,1.904,N,3.527,K,D*30
1777598315.306,$GNGGA,011835.00,1339.01423,N,10029.57909,E,4,12,0.69,-0.8,M,-27.8,M,1.0,0499*6F
1777598315.307,$GNGSA,A,3,01,07,14,17,06,22,30,03,19,,,,1.58,0.69,1.42,1*0E
1777598315.307,$GNGSA,A,3,82,73,80,79,84,83,,,,,,,1.58,0.69,1.42,2*09
1777598315.308,$GNGSA,A,3,08,02,30,25,34,36,,,,,,,1.58,0.69,1.42,3*0B
1777598315.308,$GNGSA,A,3,07,08,10,23,25,28,13,,,,,,1.58,0.69,1.42,4*00
1777598315.309,$GPGSV,3,1,11,01,36,041,28,06,34,211,31,07,52,172,45,14,43,353,44,1*6E
1777598315.310,$GPGSV,3,2,11,17,44,319,38,19,31,281,33,22,32,339,40,30,70,256,47,1*68
1777598315.310,$GPGSV,3,3,11,41,64,233,45,42,70,217,45,50,56,115,40,1*53
1777598315.311,$GPGSV,2,1,07,01,36,041,38,03,23,104,20,06,34,211,32,07,52,172,44,6*6E
1777598315.311,$GPGSV,2,2,07,14,43,353,44,17,44,319,31,30,70,256,43,6*5E
1777598315.312,$GPGSV,1,1,03,02,06,036,,09,07,172,,40,36,256,,0*5D
1777598315.313,$GLGSV,2,1,06,73,35,349,47,79,18,128,18,80,56,075,48,82,13,023,26,1*7F
1777598315.313,$GLGSV,2,2,06,83,62,353,49,84,49,233,47,1*79
1777598315.314,$GLGSV,2,1,06,73,35,349,46,79,18,128,22,80,56,075,48,82,13,023,25,3*76
1777598315.314,$GLGSV,2,2,06,83,62,353,48,84,49,233,47,3*7A
1777598315.315,$GLGSV,1,1,01,85,06,216,,0*46
1777598315.316,$GAGSV,2,1,07,02,45,012,48,08,24,250,43,18,42,293,37,25,29,080,40,2*73
1777598315.316,$GAGSV,2,2,07,30,17,319,35,34,66,179,52,36,52,050,48,2*4D
1777598315.317,$GAGSV,2,1,07,02,45,012,44,08,24,250,39,18,42,293,32,25,29,080,30,7*75
1777598315.317,$GAGSV,2,2,07,30,17,319,36,34,66,179,46,36,52,050,43,7*45
1777598315.318,$GAGSV,2,1,05,03,20,196,,07,04,296,,11,05,035,,15,16,206,,0*77
1777598315.318,$GAGSV,2,2,05,15,16,206,,0*46
1777598315.319,$GBGSV,2,1,07,07,54,159,47,08,46,005,45,10,66,156,46,13,66,315,45,1*71
1777598315.319,$GBGSV,2,2,07,23,61,346,49,25,60,115,49,28,50,258,46,1*40
1777598315.320,$GBGSV,1,1,03,07,54,159,08,09,15,171,15,10,66,156,48,3*45
1777598315.320,$GNGLL,1339.01423,N,10029.57909,E,011835.00,A,D*78
1777598316.303,$GNRMC,011836.00,A,1339.01478,N,10029.57907,E,2.000,357.00,010526,0.53,W,R,V*5C
1777598316.305,$GNVTG,357.00,T,357.53,M,2.000,N,3.703,K,D*3B
1777598316.307,$GNGGA,011836.00,1339.01478,N,10029.57907,E,4,12,0.69,-0.7,M,-27.8,M,1.0,0499*63
1777598316.307,$GNGSA,A,3,01,07,14,17,06,22,30,19,,,,,1.58,0.69,1.42,1*0D
1777598316.308,$GNGSA,A,3,82,73,80,79,84,83,,,,,,,1.58,0.69,1.42,2*09
1777598316.308,$GNGSA,A,3,08,02,30,25,34,36,,,,,,,1.58,0.69,1.42,3*0B
1777598316.309,$GNGSA,A,3,07,08,10,23,25,28,13,,,,,,1.58,0.69,1.42,4*00
1777598316.309,$GPGSV,3,1,11,01,36,041,28,06,34,211,30,07,52,172,45,14,43,353,42,1*69
1777598316.310,$GPGSV,3,2,11,17,44,319,40,19,31,281,32,22,32,339,37,30,70,256,45,1*64
1777598316.311,$GPGSV,3,3,11,41,64,233,45,42,70,217,46,50,56,115,43,1*53
1777598316.311,$GPGSV,2,1,07,01,36,041,28,03,23,104,19,06,34,211,28,07,52,172,44,6*6E
1777598316.312,$GPGSV,2,2,07,14,43,353,43,17,44,319,37,30,70,256,47,6*5B
1777598316.312,$GPGSV,1,1,03,02,06,036,,09,07,172,,40,36,256,,0*5D
1777598316.313,$GLGSV,2,1,06,73,35,349,46,79,18,128,19,80,56,075,47,82,13,023,26,1*70
1777598316.313,$GLGSV,2,2,06,83,62,353,47,84,49,233,48,1*78
1777598316.314,$GLGSV,2,1,06,73,35,349,47,79,18,128,20,80,56,075,49,82,13,023,25,3*74
1777598316.314,$GLGSV,2,2,06,83,62,353,46,84,49,233,49,3*7A
1777598316.315,$GLGSV,1,1,01,85,06,216,,0*46
1777598316.315,$GAGSV,2,1,07,02,45,012,51,08,24,250,39,18,42,293,35,25,29,080,39,2*7A
1777598316.316,$GAGSV,2,2,07,30,17,319,40,34,66,179,52,36,52,050,48,2*4F
1777598316.317,$GAGSV,2,1,07,02,45,012,43,08,24,250,42,18,42,293,35,25,29,080,23,7*7B
1777598316.317,$GAGSV,2,2,07,30,17,319,37,34,66,179,46,36,52,050,43,7*44
1777598316.318,$GAGSV,2,1,05,03,20,196,,07,04,296,,11,05,035,,15,16,206,,0*77
1777598316.318,$GAGSV,2,2,05,15,16,206,,0*46
1777598316.319,$GBGSV,2,1,07,07,54,159,45,08,46,005,45,10,66,156,46,13,66,315,45,1*73
1777598316.319,$GBGSV,2,2,07,23,61,346,48,25,60,115,49,28,50,259,47,1*41
1777598316.320,$GBGSV,1,1,03,07,54,159,07,09,15,171,14,10,66,156,49,3*4A
1777598316.320,$GNGLL,1339.01478,N,10029.57907,E,011836.00,A,D*7B
1777598317.300,$GNRMC,011837.00,A,1339.01535,N,10029.57906,E,2.104,356.11,010526,0.53,W,R,V*50
1777598317.301,$GNVTG,356.11,T,356.64,M,2.104,N,3.896,K,D*39
1777598317.303,$GNGGA,011837.00,1339.01535,N,10029.57906,E,4,12,0.69,-0.6,M,-27.8,M,1.0,0499*6A
1777598317.304,$GNGSA,A,3,01,07,14,17,06,22,30,19,,,,,1.58,0.69,1.42,1*0D
1777598317.304,$GNGSA,A,3,82,73,80,79,84,83,,,,,,,1.58,0.69,1.42,2*09
1777598317.305,$GNGSA,A,3,08,02,30,25,34,36,,,,,,,1.58,0.69,1.42,3*0B
1777598317.305,$GNGSA,A,3,07,08,10,23,25,28,13,,,,,,1.58,0.69,1.42,4*00
1777598317.306,$GPGSV,3,1,10,01,36,041,33,07,52,172,45,14,43,353,42,17,44,319,42,1*69
1777598317.306,$GPGSV,3,2,10,19,31,281,31,22,32,339,41,30,70,256,40,41,64,233,46,1*6C
1777598317.307,$GPGSV,3,3,10,42,70,217,46,50,56,115,42,1*67
1777598317.307,$GPGSV,2,1,07,01,36,041,33,03,23,104,18,06,34,211,28,07,52,172,43,6*62
1777598317.308,$GPGSV,2,2,07,14,43,353,45,17,44,319,39,30,70,256,42,6*56
1777598317.309,$GPGSV,1,1,03,02,06,036,,09,07,172,,40,36,256,,0*5D
1777598317.309,$GLGSV,2,1,06,73,35,349,46,79,18,128,19,80,56,075,49,82,13,023,26,1*7E
1777598317.310,$GLGSV,2,2,06,83,62,353,48,84,49,233,47,1*78
1777598317.310,$GLGSV,2,1,06,73,35,349,46,79,18,128,21,80,56,075,49,82,13,023,25,3*74
1777598317.311,$GLGSV,2,2,06,83,62,353,46,84,49,233,49,3*7A
1777598317.311,$GLGSV,1,1,01,85,06,216,,0*46
1777598317.312,$GAGSV,2,1,07,02,45,012,49,08,24,250,40,18,42,293,43,25,29,080,40,2*72
1777598317.312,$GAGSV,2,2,07,30,17,319,39,34,66,179,52,36,52,050,49,2*40
1777598317.313,$GAGSV,2,1,07,02,45,012,41,08,24,250,34,18,42,293,31,25,29,080,22,7*7D
1777598317.313,$GAGSV,2,2,07,30,17,319,36,34,66,179,45,36,52,050,42,7*47
1777598317.314,$GAGSV,2,1,05,03,20,196,,07,04,296,,11,05,035,,15,16,206,,0*77
1777598317.314,$GAGSV,2,2,05,15,16,206,,0*46
1777598317.315,$GBGSV,2,1,07,07,54,159,46,08,46,005,44,10,66,156,47,13,66,315,47,1*72
1777598317.315,$GBGSV,2,2,07,23,61,346,47,25,60,115,48,28,50,259,41,1*49
1777598317.316,$GBGSV,1,1,03,07,54,159,07,09,15,171,15,10,66,156,49,3*4B
1777598317.316,$GNGLL,1339.01535,N,10029.57906,E,011837.00,A,D*73
1777598318.301,$GNRMC,011838.00,A,1339.01596,N,10029.57906,E,2.204,0.81,010526,0.53,W,R,V*5C
1777598318.303,$GNVTG,0.81,T,1.34,M,2.204,N,4.081,K,D*3E
1777598318.306,$GNGGA,011838.00,1339.01596,N,10029.57906,E,4,12,0.69,-0.7,M,-27.8,M,1.0,0499*6D
1777598318.307,$GNGSA,A,3,01,07,14,17,06,22,30,03,19,,,,1.58,0.69,1.42,1*0E
1777598318.309,$GNGSA,A,3,82,73,80,79,84,83,,,,,,,1.58,0.69,1.42,2*09
1777598318.310,$GNGSA,A,3,08,02,30,25,34,36,,,,,,,1.58,0.69,1.42,3*0B
1777598318.311,$GNGSA,A,3,07,08,10,23,25,28,13,,,,,,1.58,0.69,1.42,4*00
1777598318.313,$GPGSV,3,1,11,01,36,041,41,06,34,211,34,07,52,172,44,14,43,353,45,1*64
1777598318.316,$GPGSV,3,2,11,17,44,319,40,19,31,281,37,22,32,339,40,30,70,256,43,1*67
1777598318.318,$GPGSV,3,3,11,41,64,233,43,42,70,217,45,50,56,115,42,1*57
1777598318.319,$GPGSV,2,1,07,01,36,041,29,03,23,104,20,06,34,211,27,07,52,172,43,6*6D
1777598318.322,$GPGSV,2,2,07,14,43,353,44,17,44,319,40,30,70,256,41,6*5A
1777598318.323,$GPGSV,1,1,03,02,06,036,,09,07,172,,40,36,256,,0*5D
1777598318.325,$GLGSV,2,1,06,73,35,349,46,79,18,128,19,80,56,075,48,82,13,023,25,1*7C
1777598318.327,$GLGSV,2,2,06,83,62,353,49,84,49,233,45,1*7B
1777598318.329,$GLGSV,2,1,06,73,35,349,44,79,18,128,21,80,56,075,48,82,13,023,24,3*76
1777598318.331,$GLGSV,2,2,06,83,62,353,49,84,49,233,46,3*7A
1777598318.333,$GLGSV,1,1,01,85,06,216,,0*46
1777598318.334,$GAGSV,2,1,07,02,45,012,49,08,24,250,39,18,42,293,40,25,29,080,41,2*7E
1777598318.335,$GAGSV,2,2,07,30,17,319,34,34,66,179,52,36,52,050,50,2*45
1777598318.336,$GAGSV,2,1,07,02,45,012,44,08,24,250,30,18,42,293,31,25,29,080,30,7*7F
1777598318.336,$GAGSV,2,2,07,30,17,319,39,34,66,179,46,36,52,050,42,7*4B
1777598318.337,$GAGSV,2,1,05,03,20,196,,07,04,296,,11,05,035,,15,16,206,,0*77
1777598318.337,$GAGSV,2,2,05,15,16,206,,0*46
1777598318.338,$GBGSV,2,1,07,07,54,159,46,08,46,005,44,10,66,156,46,13,66,315,49,1*7D
1777598318.338,$GBGSV,2,2,07,23,61,346,48,25,60,115,49,28,50,259,46,1*40
1777598318.339,$GBGSV,1,1,03,07,54,159,07,09,15,171,15,10,66,156,49,3*4B
1777598318.339,$GNGLL,1339.01596,N,10029.57906,E,011838.00,A,D*75
1777598319.300,$GNRMC,011839.00,A,1339.01658,N,10029.57905,E,2.279,358.46,010526,0.53,W,R,V*50
1777598319.302,$GNVTG,358.46,T,358.99,M,2.279,N,4.220,K,D*30
1777598319.303,$GNGGA,011839.00,1339.01658,N,10029.57905,E,4,12,0.69,-0.7,M,-27.8,M,1.0,0499*6E
1777598319.304,$GNGSA,A,3,01,07,14,17,06,22,30,03,19,,,,1.58,0.69,1.42,1*0E
1777598319.304,$GNGSA,A,3,82,73,80,79,84,83,,,,,,,1.58,0.69,1.42,2*09
1777598319.305,$GNGSA,A,3,08,02,30,25,34,36,,,,,,,1.58,0.69,1.42,3*0B
1777598319.305,$GNGSA,A,3,07,08,10,23,25,28,13,,,,,,1.58,0.69,1.42,4*00
1777598319.306,$GPGSV,3,1,11,01,36,041,38,06,34,211,28,07,52,172,45,14,43,353,44,1*67
1777598319.307,$GPGSV,3,2,11,17,44,319,39,19,31,281,37,22,32,339,42,30,70,256,43,1*6B
1777598319.307,$GPGSV,3,3,11,41,64,233,42,42,70,217,45,50,56,115,42,1*56
1777598319.308,$GPGSV,2,1,07,01,36,041,40,03,23,104,20,06,34,211,32,07,52,172,43,6*66
1777598319.308,$GPGSV,2,2,07,14,43,353,44,17,44,319,38,30,70,256,43,6*57
1777598319.309,$GPGSV,1,1,03,02,06,036,,09,07,172,,40,36,256,,0*5D
1777598319.310,$GLGSV,2,1,06,73,35,349,47,79,18,128,19,80,56,075,46,82,13,023,27,1*71
1777598319.310,$GLGSV,2,2,06,83,62,353,48,84,49,233,47,1*78
1777598319.311,$GLGSV,2,1,06,73,35,349,48,79,18,128,20,80,56,075,49,82,13,023,30,3*7F
1777598319.311,$GLGSV,2,2,06,83,62,353,49,84,49,233,48,3*74
1777598319.311,$GLGSV,1,1,01,85,06,216,,0*46
1777598319.312,$GAGSV,2,1,07,02,45,012,50,08,24,250,37,18,42,293,41,25,29,080,40,2*78
1777598319.313,$GAGSV,2,2,07,30,17,319,39,34,66,179,52,36,52,050,50,2*48
1777598319.313,$GAGSV,2,1,07,02,45,012,41,08,24,250,33,18,42,293,38,25,29,080,34,7*74
1777598319.314,$GAGSV,2,2,07,30,17,319,36,34,66,179,45,36,52,050,44,7*41
1777598319.314,$GAGSV,2,1,05,03,20,196,,07,04,296,,11,05,035,,15,16,206,,0*77
1777598319.315,$GAGSV,2,2,05,15,16,206,,0*46
1777598319.315,$GBGSV,2,1,07,07,54,159,47,08,46,005,44,10,66,156,46,13,66,315,49,1*7C
1777598319.316,$GBGSV,2,2,07,23,61,346,49,25,60,115,49,28,50,259,43,1*44
1777598319.316,$GBGSV,1,1,03,07,54,159,07,09,15,171,15,10,66,156,48,3*4A
1777598319.317,$GNGLL,1339.01658,N,10029.57905,E,011839.00,A,D*76
1777598320.304,$GNRMC,011840.00,A,1339.01721,N,10029.57905,E,2.338,0.68,010526,0.53,W,R,V*57
1777598320.305,$GNVTG,0.68,T,1.21,M,2.338,N,4.329,K,D*32
1777598320.307,$GNGGA,011840.00,1339.01721,N,10029.57905,E,4,12,0.69,-0.7,M,-27.8,M,1.0,0499*6F
1777598320.307,$GNGSA,A,3,01,07,14,17,06,22,30,03,19,,,,1.58,0.69,1.42,1*0E
1777598320.308,$GNGSA,A,3,82,73,80,79,84,83,,,,,,,1.58,0.69,1.42,2*09
1777598320.308,$GNGSA,A,3,08,02,30,25,34,36,,,,,,,1.58,0.69,1.42,3*0B
1777598320.309,$GNGSA,A,3,07,08,10,23,25,28,13,,,,,,1.58,0.69,1.42,4*00
1777598320.309,$GPGSV,3,1,11,01,36,041,38,06,34,211,33,07,52,172,44,14,43,353,43,1*6B
1777598320.310,$GPGSV,3,2,11,17,44,319,38,19,31,281,34,22,32,339,42,30,70,256,47,1*6D
1777598320.311,$GPGSV,3,3,11,41,64,233,46,42,70,217,43,50,56,115,41,1*57
1777598320.311,$GPGSV,2,1,07,01,36,041,37,03,23,104,20,06,34,211,33,07,52,172,44,6*60
1777598320.312,$GPGSV,2,2,07,14,43,353,45,17,44,319,38,30,70,256,46,6*53
1777598320.312,$GPGSV,1,1,03,02,06,036,,09,07,172,,40,36,256,,0*5D
1777598320.313,$GLGSV,2,1,06,73,35,349,46,79,18,128,19,80,56,075,48,82,13,023,25,1*7C
1777598320.314,$GLGSV,2,2,06,83,62,353,49,84,49,233,47,1*79
1777598320.314,$GLGSV,2,1,06,73,35,349,46,79,18,128,28,80,56,075,48,82,13,023,23,3*7A
1777598320.315,$GLGSV,2,2,06,83,62,353,48,84,49,233,47,3*7A
1777598320.315,$GLGSV,1,1,01,85,06,216,,0*46
1777598320.316,$GAGSV,2,1,07,02,45,012,48,08,24,250,34,18,42,293,43,25,29,080,36,2*71
1777598320.316,$GAGSV,2,2,07,30,17,319,39,34,66,179,51,36,52,050,49,2*43
1777598320.317,$GAGSV,2,1,07,02,45,012,45,08,24,250,28,18,42,293,36,25,29,080,26,7*77
1777598320.317,$GAGSV,2,2,07,30,17,319,34,34,66,179,45,36,52,050,42,7*45
1777598320.318,$GAGSV,2,1,05,03,20,196,,07,04,296,,11,05,035,,15,16,206,,0*77
1777598320.318,$GAGSV,2,2,05,15,16,206,,0*46
1777598320.319,$GBGSV,2,1,07,07,54,159,47,08,46,005,44,10,66,156,44,13,66,315,50,1*76
1777598320.319,$GBGSV,2,2,07,23,61,346,49,25,60,115,49,28,50,259,32,1*42
1777598320.320,$GBGSV,1,1,03,07,54,159,07,09,15,171,18,10,66,156,48,3*47
1777598320.320,$GNGLL,1339.01721,N,10029.57905,E,011840.00,A,D*77
1777598321.301,$GNRMC,011841.00,A,1339.01785,N,10029.57904,E,2.207,358.72,010526,0.53,W,R,V*51
1777598321.303,$GNVTG,358.72,T,359.25,M,2.207,N,4.088,K,D*38
1777598321.304,$GNGGA,011841.00,1339.01785,N,10029.57904,E,4,12,0.69,-0.8,M,-27.8,M,1.0,0499*6E
1777598321.305,$GNGSA,A,3,01,07,14,17,06,22,30,19,,,,,1.58,0.69,1.42,1*0D
1777598321.305,$GNGSA,A,3,82,73,80,84,83,,,,,,,,1.58,0.69,1.42,2*07
1777598321.306,$GNGSA,A,3,08,02,30,25,34,36,,,,,,,1.58,0.69,1.42,3*0B
1777598321.306,$GNGSA,A,3,07,08,10,23,25,28,13,,,,,,1.58,0.69,1.42,4*00
1777598321.307,$GPGSV,3,1,12,01,36,041,35,03,23,104,21,06,34,211,39,07,52,172,46,1*69
1777598321.308,$GPGSV,3,2,12,14,43,353,45,17,44,319,38,19,31,281,33,22,32,339,43,1*68
1777598321.309,$GPGSV,3,3,12,30,70,256,44,41,64,233,43,42,70,217,45,50,56,115,41,1*62
1777598321.309,$GPGSV,2,1,07,01,36,041,32,03,23,104,18,06,34,211,39,07,52,172,44,6*64
1777598321.310,$GPGSV,2,2,07,14,43,353,45,17,44,319,42,30,70,256,46,6*5E
1777598321.311,$GPGSV,1,1,03,02,06,036,,09,07,172,,40,36,256,,0*5D
1777598321.311,$GLGSV,2,1,06,73,35,349,46,79,18,128,18,80,56,075,49,82,13,023,24,1*7D
1777598321.312,$GLGSV,2,2,06,83,62,353,48,84,49,233,33,1*7B
1777598321.313,$GLGSV,2,1,06,73,35,349,45,79,18,128,17,80,56,075,48,82,13,023,24,3*72
1777598321.313,$GLGSV,2,2,06,83,62,353,49,84,49,233,39,3*72
1777598321.314,$GLGSV,1,1,01,85,06,216,,0*46
1777598321.314,$GAGSV,2,1,07,02,45,012,48,08,24,250,26,18,42,293,42,25,29,080,33,2*76
1777598321.315,$GAGSV,2,2,07,30,17,319,42,34,66,179,49,36,52,050,50,2*4E
1777598321.316,$GAGSV,2,1,07,02,45,012,38,08,24,250,33,18,42,293,36,25,29,080,25,7*74
1777598321.316,$GAGSV,2,2,07,30,17,319,35,34,66,179,45,36,52,050,43,7*45
1777598321.317,$GAGSV,2,1,05,03,20,196,,07,04,296,,11,05,035,,15,16,206,,0*77
1777598321.318,$GAGSV,2,2,05,15,16,206,,0*46
1777598321.318,$GBGSV,2,1,07,07,54,159,48,08,46,005,46,10,66,156,47,13,66,315,49,1*70
1777598321.319,$GBGSV,2,2,07,23,61,346,49,25,60,115,48,28,50,259,29,1*49
1777598321.320,$GBGSV,1,1,03,07,54,159,07,09,15,171,18,10,66,156,49,3*46
1777598321.320,$GNGLL,1339.01785,N,10029.57904,E,011841.00,A,D*79
1777598322.303,$GNRMC,011842.00,A,1339.01848,N,10029.57903,E,2.236,1.31,010526,0.53,W,R,V*51
1777598322.306,$GNVTG,1.31,T,1.84,M,2.236,N,4.141,K,D*33
1777598322.308,$GNGGA,011842.00,1339.01848,N,10029.57903,E,4,12,0.69,-0.7,M,-27.8,M,1.0,0499*6B
1777598322.308,$GNGSA,A,3,01,07,14,17,06,22,30,19,,,,,1.58,0.69,1.42,1*0D
1777598322.309,$GNGSA,A,3,82,73,80,79,84,83,,,,,,,1.58,0.69,1.42,2*09
1777598322.309,$GNGSA,A,3,08,02,30,25,34,36,,,,,,,1.58,0.69,1.42,3*0B
1777598322.310,$GNGSA,A,3,07,08,10,23,25,28,13,,,,,,1.58,0.69,1.42,4*00
1777598322.310,$GPGSV,3,1,12,01,36,041,36,03,23,104,20,06,34,211,41,07,52,172,46,1*64
1777598322.311,$GPGSV,3,2,12,14,43,353,44,17,44,319,41,19,31,281,27,22,32,339,41,1*60
1777598322.311,$GPGSV,3,3,12,30,70,256,45,41,64,233,44,42,70,217,44,50,56,115,41,1*65
1777598322.312,$GPGSV,2,1,07,01,36,041,35,03,23,104,19,06,34,211,42,07,52,172,43,6*69
1777598322.313,$GPGSV,2,2,07,14,43,353,46,17,44,319,38,30,70,256,44,6*52
1777598322.313,$GPGSV,1,1,03,02,06,036,,09,07,172,,40,36,256,,0*5D
1777598322.314,$GLGSV,2,1,06,73,35,349,46,79,18,128,20,80,56,075,48,82,13,023,25,1*76
1777598322.314,$GLGSV,2,2,06,83,62,353,46,84,49,233,37,1*71
1777598322.315,$GLGSV,2,1,06,73,35,349,46,79,18,128,17,80,56,075,50,82,13,023,24,3*78
1777598322.315,$GLGSV,2,2,06,83,62,353,48,84,49,233,44,3*79
1777598322.316,$GLGSV,1,1,01,85,06,216,,0*46
1777598322.316,$GAGSV,2,1,07,02,45,012,47,08,24,250,27,18,42,293,46,25,29,080,29,2*77
1777598322.317,$GAGSV,2,2,07,30,17,319,42,34,66,179,51,36,52,050,49,2*4F
1777598322.317,$GAGSV,2,1,07,02,45,012,44,08,24,250,23,18,42,293,38,25,29,080,26,7*73
1777598322.318,$GAGSV,2,2,07,30,17,319,41,34,66,179,45,36,52,050,45,7*40
1777598322.318,$GAGSV,2,1,05,03,20,196,,07,04,296,,11,05,035,,15,16,206,,0*77
1777598322.319,$GAGSV,2,2,05,15,16,206,,0*46
1777598322.319,$GBGSV,2,1,07,07,54,159,46,08,46,005,46,10,66,156,46,13,66,315,50,1*77
1777598322.320,$GBGSV,2,2,07,23,61,346,50,25,60,115,49,28,50,259,38,1*40
1777598322.320,$GBGSV,1,1,03,07,54,159,06,09,15,171,18,10,66,156,49,3*47
1777598322.321,$GNGLL,1339.01848,N,10029.57903,E,011842.00,A,D*73
1777598323.303,$GNRMC,011843.00,A,1339.01912,N,10029.57903,E,2.323,358.00,010526,0.53,W,R,V*56
1777598323.304,$GNVTG,358.00,T,358.53,M,2.323,N,4.302,K,D*3B
1777598323.306,$GNGGA,011843.00,1339.01912,N,10029.57903,E,4,12,0.69,-0.7,M,-27.8,M,1.0,0499*64
1777598323.307,$GNGSA,A,3,01,07,14,17,06,22,30,03,19,,,,1.58,0.69,1.42,1*0E
1777598323.307,$GNGSA,A,3,82,73,80,79,84,83,,,,,,,1.58,0.69,1.42,2*09
1777598323.308,$GNGSA,A,3,08,02,30,25,34,36,,,,,,,1.58,0.69,1.42,3*0B
1777598323.308,$GNGSA,A,3,07,08,10,23,25,28,13,,,,,,1.58,0.69,1.42,4*00
1777598323.309,$GPGSV,3,1,12,01,36,041,36,03,23,104,20,06,34,211,43,07,52,172,44,1*64
1777598323.310,$GPGSV,3,2,12,14,43,353,46,17,44,319,42,19,31,281,39,22,32,339,43,1*6C
1777598323.310,$GPGSV,3,3,12,30,70,256,46,41,64,233,44,42,70,217,47,50,56,115,41,1*65
1777598323.311,$GPGSV,2,1,07,01,36,041,40,03,23,104,19,06,34,211,39,07,52,172,44,6*60
1777598323.311,$GPGSV,2,2,07,14,43,353,47,17,44,319,41,30,70,256,46,6*5F
1777598323.312,$GPGSV,1,1,03,02,06,036,,09,07,172,,40,36,256,,0*5D
1777598323.313,$GLGSV,2,1,06,73,35,349,46,79,18,128,20,80,56,075,48,82,13,023,24,1*77
1777598323.313,$GLGSV,2,2,06,83,62,353,49,84,49,233,32,1*7B
1777598323.314,$GLGSV,2,1,06,73,35,349,47,79,18,128,19,80,56,075,48,82,13,023,24,3*7E
1777598323.314,$GLGSV,2,2,06,83,62,353,49,84,49,233,43,3*7F
1777598323.314,$GLGSV,1,1,01,85,06,216,,0*46
1777598323.315,$GAGSV,2,1,07,02,45,012,49,08,24,250,31,18,42,293,48,25,29,080,29,2*70
1777598323.315,$GAGSV,2,2,07,30,17,319,40,34,66,179,51,36,52,050,50,2*45
1777598323.316,$GAGSV,2,1,07,02,45,012,41,08,24,250,34,18,42,293,37,25,29,080,24,7*7D
1777598323.317,$GAGSV,2,2,07,30,17,319,39,34,66,179,46,36,52,050,43,7*4A
1777598323.317,$GAGSV,2,1,05,03,20,196,,07,04,296,,11,05,035,,15,16,206,,0*77
1777598323.317,$GAGSV,2,2,05,15,16,206,,0*46
1777598323.318,$GBGSV,2,1,07,07,54,159,47,08,46,005,46,10,66,156,46,13,66,315,50,1*76
1777598323.319,$GBGSV,2,2,07,23,61,346,49,25,60,115,49,28,50,259,42,1*45
1777598323.319,$GBGSV,1,1,03,07,54,159,06,09,15,171,16,10,66,156,48,3*48
1777598323.320,$GNGLL,1339.01912,N,10029.57903,E,011843.00,A,D*7C
1777598324.306,$GNRMC,011844.00,A,1339.01978,N,10029.57905,E,2.388,359.81,010526,0.53,W,R,V*52
1777598324.307,$GNVTG,359.81,T,0.34,M,2.388,N,4.423,K,D*39
1777598324.309,$GNGGA,011844.00,1339.01978,N,10029.57905,E,4,12,0.69,-0.8,M,-27.8,M,1.0,0499*66
1777598324.310,$GNGSA,A,3,01,07,14,17,06,22,30,03,19,,,,1.58,0.69,1.42,1*0E
1777598324.310,$GNGSA,A,3,82,73,80,79,84,83,,,,,,,1.58,0.69,1.42,2*09
1777598324.311,$GNGSA,A,3,08,02,30,25,34,36,,,,,,,1.58,0.69,1.42,3*0B
1777598324.311,$GNGSA,A,3,07,08,10,23,25,28,13,,,,,,1.58,0.69,1.42,4*00
1777598324.312,$GPGSV,3,1,12,01,36,041,29,03,23,104,20,06,34,211,39,07,52,172,45,1*66
1777598324.312,$GPGSV,3,2,12,14,43,353,46,17,44,319,43,19,31,281,37,22,32,339,43,1*63
1777598324.313,$GPGSV,3,3,12,30,70,256,47,41,64,233,46,42,70,217,46,50,56,115,43,1*65
1777598324.314,$GPGSV,2,1,07,01,36,041,36,03,23,104,22,06,34,211,40,07,52,172,44,6*67
1777598324.314,$GPGSV,2,2,07,14,43,353,45,17,44,319,44,30,70,256,46,6*58
1777598324.315,$GPGSV,1,1,03,02,06,036,,09,07,172,,40,36,256,,0*5D
1777598324.315,$GLGSV,2,1,06,73,35,349,47,79,18,128,19,80,56,075,48,82,13,023,25,1*7D
1777598324.316,$GLGSV,2,2,06,83,62,353,47,84,49,233,39,1*7E
1777598324.316,$GLGSV,2,1,06,73,35,349,48,79,18,128,20,80,56,075,47,82,13,023,25,3*75
1777598324.317,$GLGSV,2,2,06,83,62,353,48,84,49,233,41,3*7C
1777598324.317,$GLGSV,1,1,01,85,06,216,,0*46
1777598324.318,$GAGSV,2,1,07,02,45,012,49,08,24,250,38,18,42,293,39,25,29,080,28,2*7E
1777598324.318,$GAGSV,2,2,07,30,17,319,41,34,66,179,50,36,52,050,46,2*42
1777598324.319,$GAGSV,2,1,06,02,45,012,46,08,24,250,30,25,29,080,24,30,17,319,39,7*78
1777598324.319,$GAGSV,2,2,06,34,66,179,46,36,52,050,41,7*7D
1777598324.320,$GAGSV,2,1,05,03,20,196,,07,04,296,,11,05,035,,15,16,206,,0*77
1777598324.320,$GAGSV,2,2,05,15,16,206,,0*46
1777598324.321,$GBGSV,2,1,07,07,54,159,47,08,46,005,45,10,66,156,46,13,66,315,47,1*73
1777598324.321,$GBGSV,2,2,07,23,61,346,49,25,60,115,49,28,50,259,42,1*45
1777598324.322,$GBGSV,1,1,03,07,54,159,07,09,15,171,16,10,66,156,49,3*48
1777598324.322,$GNGLL,1339.01978,N,10029.57905,E,011844.00,A,D*71
1777598325.309,$GNRMC,011845.00,A,1339.02045,N,10029.57908,E,2.370,2.62,010526,0.53,W,R,V*5D
1777598325.310,$GNVTG,2.62,T,3.15,M,2.370,N,4.390,K,D*31
1777598325.311,$GNGGA,011845.00,1339.02045,N,10029.57908,E,4,12,0.68,-0.8,M,-27.8,M,1.0,0499*6F
1777598325.311,$GNGSA,A,3,01,07,14,17,06,22,30,03,19,,,,1.40,0.68,1.23,1*01
1777598325.312,$GNGSA,A,3,82,73,80,79,84,83,,,,,,,1.40,0.68,1.23,2*06
1777598325.312,$GNGSA,A,3,08,02,30,25,34,36,,,,,,,1.40,0.68,1.23,3*04
1777598325.313,$GNGSA,A,3,07,08,10,23,25,28,13,,,,,,1.40,0.68,1.23,4*0F
1777598325.313,$GPGSV,3,1,12,01,36,041,34,03,23,104,19,06,34,211,41,07,52,172,46,1*6C
1777598325.314,$GPGSV,3,2,12,14,43,353,44,17,44,319,42,19,31,281,41,22,32,339,43,1*61
1777598325.315,$GPGSV,3,3,12,30,70,256,46,41,64,233,47,42,70,217,47,50,56,115,42,1*65
1777598325.315,$GPGSV,2,1,07,01,36,041,33,03,23,104,23,06,34,211,31,07,52,172,45,6*64
1777598325.316,$GPGSV,2,2,07,14,43,353,48,17,44,319,43,30,70,256,46,6*52
1777598325.316,$GPGSV,1,1,03,02,06,036,,09,07,172,,40,36,256,,0*5D
1777598325.317,$GLGSV,2,1,06,73,35,349,46,79,18,128,20,80,56,075,51,82,13,023,25,1*7E
1777598325.318,$GLGSV,2,2,06,83,62,353,49,84,49,233,37,1*7E
1777598325.318,$GLGSV,2,1,06,73,35,349,47,79,18,128,21,80,56,075,49,82,13,023,26,3*76
1777598325.319,$GLGSV,2,2,06,83,62,353,47,84,49,233,40,3*72
1777598325.319,$GLGSV,1,1,01,85,06,216,,0*46
1777598325.320,$GAGSV,2,1,07,02,45,012,50,08,24,250,32,18,42,293,41,25,29,080,20,2*7B
1777598325.320,$GAGSV,2,2,07,30,17,319,38,34,66,179,50,36,52,050,49,2*43
1777598325.321,$GAGSV,2,1,07,02,45,012,44,08,24,250,31,18,42,293,39,25,29,080,23,7*74
1777598325.321,$GAGSV,2,2,07,30,17,319,41,34,66,179,44,36,52,050,41,7*45
1777598325.322,$GAGSV,2,1,05,03,20,196,,07,04,296,,11,05,035,,15,16,206,,0*77
1777598325.322,$GAGSV,2,2,05,15,16,206,,0*46
1777598325.323,$GBGSV,2,1,07,07,54,159,48,08,46,005,46,10,66,156,47,13,66,315,47,1*7E
1777598325.324,$GBGSV,2,2,07,23,61,346,48,25,60,115,48,28,50,259,44,1*43
1777598325.324,$GBGSV,1,1,03,07,54,159,08,09,15,171,17,10,66,156,50,3*4E
1777598325.325,$GNGLL,1339.02045,N,10029.57908,E,011845.00,A,D*79
1777598326.301,$GNRMC,011846.00,A,1339.02111,N,10029.57908,E,2.351,359.83,010526,0.53,W,R,V*5F
1777598326.303,$GNVTG,359.83,T,0.36,M,2.351,N,4.354,K,D*3A
1777598326.305,$GNGGA,011846.00,1339.02111,N,10029.57908,E,4,12,0.69,-0.8,M,-27.8,M,1.0,0499*6D
1777598326.305,$GNGSA,A,3,01,07,14,17,06,22,30,03,19,,,,1.58,0.69,1.42,1*0E
1777598326.306,$GNGSA,A,3,82,73,80,79,84,83,,,,,,,1.58,0.69,1.42,2*09
1777598326.306,$GNGSA,A,3,08,02,30,25,34,36,,,,,,,1.58,0.69,1.42,3*0B
1777598326.307,$GNGSA,A,3,07,08,10,23,25,28,13,,,,,,1.58,0.69,1.42,4*00
1777598326.307,$GPGSV,3,1,11,01,36,041,34,03,23,104,18,07,52,172,46,14,43,353,46,1*6D
1777598326.308,$GPGSV,3,2,11,17,44,319,43,19,31,281,41,22,32,339,43,30,70,256,45,1*60
1777598326.309,$GPGSV,3,3,11,41,64,233,46,42,70,217,47,50,56,115,41,1*53
1777598326.310,$GPGSV,2,1,07,01,36,041,40,03,23,104,22,06,34,211,38,07,52,172,45,6*68
1777598326.310,$GPGSV,2,2,07,14,43,353,46,17,44,319,41,30,70,256,45,6*5D
1777598326.311,$GPGSV,1,1,03,02,06,036,,09,07,172,,40,36,256,,0*5D
1777598326.311,$GLGSV,2,1,06,73,35,349,44,79,18,128,20,80,56,075,51,82,13,023,25,1*7C
1777598326.312,$GLGSV,2,2,06,83,62,353,48,84,49,233,41,1*7E
1777598326.313,$GLGSV,2,1,06,73,35,349,47,79,18,128,22,80,56,075,49,82,13,023,24,3*77
1777598326.313,$GLGSV,2,2,06,83,62,353,48,84,49,233,40,3*7D
1777598326.314,$GLGSV,1,1,01,85,06,216,,0*46
1777598326.315,$GAGSV,2,1,07,02,45,012,47,08,24,250,45,18,42,293,41,25,29,080,33,2*7F
1777598326.315,$GAGSV,2,2,07,30,17,319,42,34,66,179,52,36,52,050,50,2*44
1777598326.316,$GAGSV,2,1,07,02,45,012,43,08,24,250,30,18,42,293,41,25,29,080,23,7*7D
1777598326.317,$GAGSV,2,2,07,30,17,319,38,34,66,179,45,36,52,050,43,7*48
1777598326.317,$GAGSV,2,1,05,03,20,196,,07,04,296,,11,05,035,,15,16,206,,0*77
1777598326.318,$GAGSV,2,2,05,15,16,206,,0*46
1777598326.318,$GBGSV,2,1,07,07,54,159,46,08,46,005,45,10,66,156,46,13,66,315,48,1*7D
1777598326.319,$GBGSV,2,2,07,23,61,346,49,25,60,115,48,28,50,259,40,1*46
1777598326.320,$GBGSV,1,1,02,09,15,171,17,10,66,156,49,3*74
1777598326.320,$GNGLL,1339.02111,N,10029.57908,E,011846.00,A,D*7A
1777598327.304,$GNRMC,011847.00,A,1339.02178,N,10029.57910,E,2.439,1.76,010526,0.53,W,R,V*55
1777598327.305,$GNVTG,1.76,T,2.29,M,2.439,N,4.518,K,D*35
1777598327.307,$GNGGA,011847.00,1339.02178,N,10029.57910,E,4,12,0.69,-0.8,M,-27.8,M,1.0,0499*6A
1777598327.308,$GNGSA,A,3,01,07,14,17,06,22,30,03,19,,,,1.58,0.69,1.42,1*0E
1777598327.308,$GNGSA,A,3,82,73,80,79,84,83,,,,,,,1.58,0.69,1.42,2*09
1777598327.309,$GNGSA,A,3,08,02,30,25,34,36,,,,,,,1.58,0.69,1.42,3*0B
1777598327.309,$GNGSA,A,3,07,08,10,23,25,28,13,,,,,,1.58,0.69,1.42,4*00
1777598327.310,$GPGSV,3,1,12,01,36,041,33,03,23,104,27,06,34,211,33,07,52,172,45,1*60
1777598327.310,$GPGSV,3,2,12,14,43,353,44,17,44,319,41,19,31,281,43,22,32,339,43,1*60
1777598327.311,$GPGSV,3,3,12,30,70,256,48,41,64,233,45,42,70,217,47,50,56,115,42,1*69
1777598327.312,$GPGSV,2,1,07,01,36,041,32,03,23,104,21,06,34,211,41,07,52,172,43,6*66
1777598327.312,$GPGSV,2,2,07,14,43,353,47,17,44,319,43,30,70,256,46,6*5D
1777598327.313,$GPGSV,1,1,03,02,06,036,,09,07,172,,40,36,256,,0*5D
1777598327.313,$GLGSV,2,1,06,73,35,349,45,79,18,128,22,80,56,075,47,82,13,023,26,1*7B
1777598327.314,$GLGSV,2,2,06,83,62,353,49,84,49,233,41,1*7F
1777598327.315,$GLGSV,2,1,06,73,35,349,46,79,18,128,21,80,56,075,49,82,13,023,30,3*70
1777598327.315,$GLGSV,2,2,06,83,62,353,47,84,49,233,42,3*70
1777598327.315,$GLGSV,1,1,01,85,06,216,,0*46
1777598327.316,$GAGSV,2,1,07,02,45,012,47,08,24,250,45,18,42,293,45,25,29,080,35,2*7D
1777598327.317,$GAGSV,2,2,07,30,17,319,42,34,66,179,52,36,52,050,51,2*45
1777598327.317,$GAGSV,2,1,07,02,45,012,44,08,24,250,39,18,42,293,44,25,29,080,23,7*76
1777598327.318,$GAGSV,2,2,07,30,17,319,38,34,66,179,46,36,52,050,43,7*4B
1777598327.318,$GAGSV,2,1,05,03,20,196,,07,04,296,,11,05,035,,15,16,206,,0*77
1777598327.319,$GAGSV,2,2,05,15,16,206,,0*46
1777598327.319,$GBGSV,2,1,07,07,54,159,45,08,46,005,45,10,66,156,46,13,66,315,49,1*7F
1777598327.320,$GBGSV,2,2,07,23,61,346,48,25,60,115,49,28,50,259,44,1*42
1777598327.320,$GBGSV,1,1,02,09,15,171,17,10,66,156,49,3*74
1777598327.321,$GNGLL,1339.02178,N,10029.57910,E,011847.00,A,D*7D
1777598328.304,$GNRMC,011848.00,A,1339.02244,N,10029.57912,E,2.411,4.18,010526,0.53,W,R,V*53
1777598328.305,$GNVTG,4.18,T,4.71,M,2.411,N,4.466,K,D*31
1777598328.307,$GNGGA,011848.00,1339.02244,N,10029.57912,E,4,12,0.69,-0.8,M,-27.8,M,1.0,0499*6B
1777598328.307,$GNGSA,A,3,01,07,14,17,06,22,30,03,19,,,,1.58,0.69,1.42,1*0E
1777598328.308,$GNGSA,A,3,82,73,80,79,84,83,,,,,,,1.58,0.69,1.42,2*09
1777598328.308,$GNGSA,A,3,08,02,30,25,34,36,,,,,,,1.58,0.69,1.42,3*0B
1777598328.309,$GNGSA,A,3,07,08,10,23,25,28,13,,,,,,1.58,0.69,1.42,4*00
1777598328.309,$GPGSV,3,1,12,01,36,041,29,03,23,104,19,06,34,211,35,07,52,172,46,1*63
1777598328.310,$GPGSV,3,2,12,14,43,353,43,17,44,319,42,19,31,281,41,22,32,339,43,1*66
1777598328.311,$GPGSV,3,3,12,30,70,256,48,41,64,233,47,42,70,217,45,50,56,115,39,1*65
1777598328.312,$GPGSV,2,1,07,01,36,041,32,03,23,104,21,06,34,211,38,07,52,172,43,6*68
1777598328.312,$GPGSV,2,2,07,14,43,353,45,17,44,319,41,30,70,256,45,6*5E
1777598328.313,$GPGSV,1,1,03,02,06,036,,09,07,172,,40,36,256,,0*5D
1777598328.313,$GLGSV,2,1,06,73,35,349,46,79,18,128,22,80,56,075,48,82,13,023,23,1*72
1777598328.314,$GLGSV,2,2,06,83,62,353,49,84,49,233,43,1*7D
1777598328.314,$GLGSV,2,1,06,73,35,349,47,79,18,128,21,80,56,075,48,82,13,023,23,3*72
1777598328.315,$GLGSV,2,2,06,83,62,353,48,84,49,233,45,3*78
1777598328.315,$GLGSV,1,1,01,85,06,216,,0*46
1777598328.316,$GAGSV,2,1,07,02,45,012,47,08,24,250,35,18,42,293,45,25,29,080,28,2*76
1777598328.316,$GAGSV,2,2,07,30,17,319,40,34,66,179,51,36,52,050,49,2*4D
1777598328.317,$GAGSV,2,1,07,02,45,012,44,08,24,250,28,18,42,293,42,25,29,080,23,7*70
1777598328.318,$GAGSV,2,2,07,30,17,319,39,34,66,179,46,36,52,050,42,7*4B
1777598328.318,$GAGSV,2,1,05,03,20,196,,07,04,296,,11,05,035,,15,16,206,,0*77
1777598328.318,$GAGSV,2,2,05,15,16,206,,0*46
1777598328.319,$GBGSV,2,1,07,07,54,159,46,08,46,005,46,10,66,156,46,13,66,315,49,1*7F
1777598328.320,$GBGSV,2,2,07,23,61,346,48,25,60,115,48,28,50,259,45,1*42
1777598328.320,$GBGSV,1,1,02,09,15,171,15,10,66,156,50,3*7E
1777598328.320,$GNGLL,1339.02244,N,10029.57912,E,011848.00,A,D*7C
1777598329.304,$GNRMC,011849.00,A,1339.02310,N,10029.57914,E,2.371,2.19,010526,0.53,W,R,V*52
1777598329.307,$GNVTG,2.19,T,2.72,M,2.371,N,4.391,K,D*3D
1777598329.308,$GNGGA,011849.00,1339.02310,N,10029.57914,E,4,12,0.69,-0.8,M,-27.8,M,1.0,0499*6C
1777598329.309,$GNGSA,A,3,01,07,14,17,06,22,30,03,19,,,,1.58,0.69,1.42,1*0E
1777598329.309,$GNGSA,A,3,82,73,80,79,84,83,,,,,,,1.58,0.69,1.42,2*09
1777598329.309,$GNGSA,A,3,08,02,30,25,34,36,,,,,,,1.58,0.69,1.42,3*0B
1777598329.310,$GNGSA,A,3,07,08,10,23,25,28,13,,,,,,1.58,0.69,1.42,4*00
1777598329.311,$GPGSV,3,1,11,01,36,041,38,03,23,104,21,07,52,172,44,14,43,353,43,1*6C
1777598329.311,$GPGSV,3,2,11,17,44,319,42,19,31,281,41,22,32,339,42,30,70,256,48,1*6D
1777598329.312,$GPGSV,3,3,11,41,64,233,45,42,70,217,45,50,56,115,42,1*51
1777598329.313,$GPGSV,2,1,07,01,36,041,38,03,23,104,20,06,34,211,33,07,52,172,43,6*68
1777598329.313,$GPGSV,2,2,07,14,43,353,45,17,44,319,42,30,70,256,46,6*5E
1777598329.314,$GPGSV,1,1,03,02,06,036,,09,07,172,,40,36,256,,0*5D
1777598329.314,$GLGSV,2,1,06,73,35,349,44,79,18,128,23,80,56,075,48,82,13,023,25,1*77
1777598329.315,$GLGSV,2,2,06,83,62,353,48,84,49,233,47,1*78
1777598329.315,$GLGSV,2,1,06,73,35,349,48,79,18,128,23,80,56,075,50,82,13,023,24,3*71
1777598329.316,$GLGSV,2,2,06,83,62,353,48,84,49,233,45,3*78
1777598329.316,$GLGSV,1,1,01,85,06,216,,0*46
1777598329.317,$GAGSV,2,1,07,02,45,012,50,08,24,250,40,18,42,293,47,25,29,080,28,2*70
1777598329.317,$GAGSV,2,2,07,30,17,319,43,34,66,179,51,36,52,050,51,2*47
1777598329.318,$GAGSV,2,1,08,02,45,012,44,03,20,196,18,08,24,250,32,18,42,293,44,7*71
1777598329.319,$GAGSV,2,2,08,25,29,080,24,30,17,319,37,34,66,179,46,36,52,050,43,7*79
1777598329.319,$GAGSV,1,1,04,07,04,296,,11,05,035,,15,16,206,,32,27,224,,0*7A
1777598329.320,$GBGSV,2,1,07,07,54,159,47,08,46,005,45,10,66,156,45,13,66,315,50,1*76
1777598329.320,$GBGSV,2,2,07,23,61,346,48,25,60,115,48,28,50,259,42,1*45
1777598329.321,$GBGSV,1,1,02,09,15,171,15,10,66,156,49,3*76
1777598329.321,$GNGLL,1339.02310,N,10029.57914,E,011849.00,A,D*7B
1777598330.303,$GNRMC,011850.00,A,1339.02377,N,10029.57915,E,2.438,0.15,010526,0.53,W,R,V*5E
1777598330.305,$GNVTG,0.15,T,0.68,M,2.438,N,4.515,K,D*3A
1777598330.307,$GNGGA,011850.00,1339.02377,N,10029.57915,E,4,12,0.64,-0.8,M,-27.8,M,1.0,0499*69
1777598330.307,$GNGSA,A,3,01,07,14,17,06,22,30,03,19,,,,1.41,0.64,1.25,1*0A
1777598330.308,$GNGSA,A,3,82,73,80,79,84,83,,,,,,,1.41,0.64,1.25,2*0D
1777598330.308,$GNGSA,A,3,08,02,30,25,34,36,,,,,,,1.41,0.64,1.25,3*0F
1777598330.308,$GNGSA,A,3,07,08,10,23,25,28,13,,,,,,1.41,0.64,1.25,4*04
1777598330.309,$GPGSV,3,1,11,01,36,041,40,03,23,104,21,07,52,172,45,14,43,353,43,1*62
1777598330.310,$GPGSV,3,2,11,17,44,319,44,19,31,281,41,22,32,339,41,30,70,256,48,1*68
1777598330.310,$GPGSV,3,3,11,41,64,233,47,42,70,217,44,50,56,115,41,1*51
1777598330.311,$GPGSV,2,1,07,01,36,041,43,03,23,104,20,06,34,211,29,07,52,172,44,6*68
1777598330.311,$GPGSV,2,2,07,14,43,353,45,17,44,319,43,30,70,256,45,6*5C
1777598330.312,$GPGSV,1,1,03,02,06,036,,09,07,172,,40,36,256,,0*5D
1777598330.313,$GLGSV,2,1,06,73,36,350,47,79,18,128,24,80,56,075,47,82,13,023,25,1*77
1777598330.313,$GLGSV,2,2,06,83,62,353,48,84,49,233,45,1*7A
1777598330.314,$GLGSV,2,1,06,73,36,350,46,79,18,128,24,80,56,075,47,82,13,023,26,3*77
1777598330.314,$GLGSV,2,2,06,83,62,353,47,84,49,233,46,3*74
1777598330.314,$GLGSV,1,1,01,85,06,216,,0*46
1777598330.315,$GAGSV,2,1,07,02,45,012,49,08,24,250,43,18,42,293,44,25,29,080,27,2*77
1777598330.316,$GAGSV,2,2,07,30,17,319,40,34,66,179,50,36,52,050,50,2*44
1777598330.316,$GAGSV,2,1,08,02,45,012,45,03,20,196,19,08,24,250,41,18,42,293,42,7*73
1777598330.317,$GAGSV,2,2,08,25,29,080,25,30,17,319,34,34,66,179,46,36,52,050,41,7*79
1777598330.317,$GAGSV,1,1,04,07,04,296,,11,05,035,,15,16,206,,32,27,224,,0*7A
1777598330.318,$GBGSV,2,1,07,07,54,159,45,08,46,005,46,10,66,156,46,13,66,315,51,1*75
1777598330.318,$GBGSV,2,2,07,23,61,346,49,25,60,115,45,28,50,259,46,1*4D
1777598330.319,$GBGSV,1,1,02,09,15,171,17,10,66,156,48,3*75
1777598330.319,$GNGLL,1339.02377,N,10029.57915,E,011850.00,A,D*73
1777598331.301,$GNRMC,011851.00,A,1339.02445,N,10029.57915,E,2.407,3.27,010526,0.53,W,R,V*57
1777598331.303,$GNVTG,3.27,T,3.80,M,2.407,N,4.457,K,D*36
1777598331.304,$GNGGA,011851.00,1339.02445,N,10029.57915,E,4,12,0.64,-0.8,M,-27.8,M,1.0,0499*6E
1777598331.305,$GNGSA,A,3,01,07,14,17,06,22,30,03,19,,,,1.41,0.64,1.25,1*0A
1777598331.306,$GNGSA,A,3,82,73,80,79,84,83,,,,,,,1.41,0.64,1.25,2*0D
1777598331.306,$GNGSA,A,3,08,02,30,25,34,36,,,,,,,1.41,0.64,1.25,3*0F
1777598331.306,$GNGSA,A,3,07,08,10,23,25,28,13,,,,,,1.41,0.64,1.25,4*04
1777598331.307,$GPGSV,3,1,11,01,36,041,45,03,23,104,22,07,52,172,45,14,43,353,43,1*64
1777598331.308,$GPGSV,3,2,11,17,44,319,45,19,31,281,41,22,32,339,40,30,70,256,47,1*67
1777598331.309,$GPGSV,3,3,11,41,64,233,47,42,70,217,45,50,56,115,40,1*51
1777598331.309,$GPGSV,2,1,07,01,36,041,47,03,23,104,20,06,34,211,28,07,52,172,43,6*6A
1777598331.310,$GPGSV,2,2,07,14,43,353,45,17,44,319,41,30,70,256,46,6*5D
1777598331.311,$GPGSV,1,1,03,02,06,036,,09,07,172,,40,36,256,,0*5D
1777598331.311,$GLGSV,2,1,06,73,36,350,46,79,18,128,23,80,56,075,50,82,13,023,26,1*74
1777598331.312,$GLGSV,2,2,06,83,62,353,48,84,49,233,45,1*7A
1777598331.313,$GLGSV,2,1,06,73,36,350,46,79,18,128,25,80,56,075,48,82,13,023,24,3*7B
1777598331.314,$GLGSV,2,2,06,83,62,353,49,84,49,233,46,3*7A
1777598331.314,$GLGSV,1,1,01,85,06,216,,0*46
1777598331.315,$GAGSV,2,1,08,02,45,012,49,08,24,250,44,15,16,206,25,18,42,293,40,2*7A
1777598331.316,$GAGSV,2,2,08,25,29,080,27,30,17,319,36,34,66,179,51,36,52,050,49,2*72
1777598331.317,$GAGSV,2,1,08,02,45,012,44,03,20,196,19,08,24,250,38,18,42,293,34,7*7D
1777598331.318,$GAGSV,2,2,08,25,29,080,25,30,17,319,32,34,66,179,45,36,52,050,40,7*7D
1777598331.319,$GAGSV,1,1,03,07,04,296,,11,05,035,,32,27,224,,0*4A
1777598331.319,$GBGSV,2,1,07,07,54,159,47,08,46,005,47,10,66,156,47,13,66,315,50,1*76
1777598331.320,$GBGSV,2,2,07,23,61,346,48,25,60,115,46,28,50,259,46,1*4F
1777598331.321,$GBGSV,1,1,02,09,15,171,17,10,66,156,47,3*7A
1777598331.321,$GNGLL,1339.02445,N,10029.57915,E,011851.00,A,D*74
1777598332.301,$GNRMC,011852.00,A,1339.02514,N,10029.57916,E,2.445,0.85,010526,0.53,W,R,V*5F
1777598332.303,$GNVTG,0.85,T,1.38,M,2.445,N,4.529,K,D*32
1777598332.305,$GNGGA,011852.00,1339.02514,N,10029.57916,E,4,12,0.69,-0.8,M,-27.8,M,1.0,0499*66
1777598332.305,$GNGSA,A,3,01,07,14,17,06,22,30,03,19,,,,1.58,0.69,1.42,1*0E
1777598332.306,$GNGSA,A,3,82,73,80,79,84,83,,,,,,,1.58,0.69,1.42,2*09
1777598332.306,$GNGSA,A,3,08,02,30,25,34,36,,,,,,,1.58,0.69,1.42,3*0B
1777598332.307,$GNGSA,A,3,07,08,10,23,25,28,13,,,,,,1.58,0.69,1.42,4*00
1777598332.307,$GPGSV,3,1,12,01,36,041,45,03,23,104,22,06,34,211,31,07,52,172,45,1*66
1777598332.308,$GPGSV,3,2,12,14,43,353,43,17,44,319,45,19,31,281,36,22,32,339,41,1*63
1777598332.309,$GPGSV,3,3,12,30,70,256,48,41,64,233,44,42,70,217,45,50,56,115,43,1*6B
1777598332.309,$GPGSV,2,1,07,01,36,041,46,03,23,104,21,06,34,211,29,07,52,172,44,6*6C
1777598332.310,$GPGSV,2,2,07,14,43,353,46,17,44,319,40,30,70,256,46,6*5F
1777598332.311,$GPGSV,1,1,03,02,06,036,,09,07,172,,40,36,256,,0*5D
1777598332.311,$GLGSV,2,1,06,73,36,350,46,79,18,128,23,80,56,075,50,82,13,023,26,1*74
1777598332.312,$GLGSV,2,2,06,83,62,353,47,84,49,233,42,1*72
1777598332.312,$GLGSV,2,1,06,73,36,350,47,79,18,128,24,80,56,075,51,82,13,023,24,3*73
1777598332.313,$GLGSV,2,2,06,83,62,353,48,84,49,233,45,3*78
1777598332.313,$GLGSV,1,1,01,85,06,216,,0*46
1777598332.314,$GAGSV,2,1,08,02,45,012,49,08,24,250,49,15,16,206,21,18,42,293,46,2*75
1777598332.315,$GAGSV,2,2,08,25,29,080,27,30,17,319,40,34,66,179,51,36,52,050,50,2*7B
1777598332.315,$GAGSV,2,1,08,02,45,012,44,03,20,196,19,08,24,250,37,18,42,293,41,7*70
1777598332.316,$GAGSV,2,2,08,25,29,080,25,30,17,319,31,34,66,179,45,36,52,050,45,7*7B
1777598332.317,$GAGSV,1,1,03,07,04,296,,11,05,035,,32,27,224,,0*4A
1777598332.317,$GBGSV,2,1,07,07,54,159,46,08,46,005,46,10,66,156,47,13,66,315,50,1*76
1777598332.318,$GBGSV,2,2,07,23,61,346,49,25,60,115,49,28,50,259,45,1*42
1777598332.318,$GBGSV,1,1,02,09,15,171,17,10,66,156,48,3*75
1777598332.319,$GNGLL,1339.02514,N,10029.57916,E,011852.00,A,D*71
1777598333.306,$GNRMC,011853.00,A,1339.02581,N,10029.57917,E,2.424,0.78,010526,0.53,W,R,V*56
1777598333.308,$GNVTG,0.78,T,1.31,M,2.424,N,4.490,K,D*3D
1777598333.309,$GNGGA,011853.00,1339.02581,N,10029.57917,E,4,12,0.64,-0.9,M,-27.8,M,1.0,0499*66
1777598333.310,$GNGSA,A,3,01,07,14,17,06,22,30,03,19,,,,1.41,0.64,1.25,1*0A
1777598333.310,$GNGSA,A,3,82,73,80,79,84,83,,,,,,,1.41,0.64,1.25,2*0D
1777598333.311,$GNGSA,A,3,08,02,30,25,34,36,,,,,,,1.41,0.64,1.25,3*0F
1777598333.311,$GNGSA,A,3,07,08,10,23,25,28,13,,,,,,1.41,0.64,1.25,4*04
1777598333.312,$GPGSV,3,1,11,01,36,041,45,03,23,104,22,07,52,172,46,14,43,353,42,1*66
1777598333.313,$GPGSV,3,2,11,17,44,319,44,19,31,281,40,22,32,339,39,30,70,256,47,1*69
1777598333.313,$GPGSV,3,3,11,41,64,233,44,42,70,217,46,50,56,115,41,1*50
1777598333.314,$GPGSV,2,1,07,01,36,041,45,03,23,104,20,06,34,211,32,07,52,172,43,6*63
1777598333.314,$GPGSV,2,2,07,14,43,353,46,17,44,319,42,30,70,256,45,6*5E
1777598333.315,$GPGSV,1,1,03,02,06,036,,09,07,172,,40,36,256,,0*5D
1777598333.316,$GLGSV,2,1,06,73,36,350,45,79,18,128,23,80,56,075,47,82,13,023,25,1*72
1777598333.316,$GLGSV,2,2,06,83,62,353,47,84,49,233,44,1*74
1777598333.317,$GLGSV,2,1,06,73,36,350,45,79,18,128,30,80,56,075,49,82,13,023,23,3*7A
1777598333.317,$GLGSV,2,2,06,83,62,353,49,84,49,233,46,3*7A
1777598333.318,$GLGSV,1,1,01,85,06,216,,0*46
1777598333.319,$GAGSV,2,1,08,02,45,012,49,08,24,250,43,15,16,206,19,18,42,293,49,2*7B
1777598333.319,$GAGSV,2,2,08,25,29,080,23,30,17,319,31,34,66,179,50,36,52,050,50,2*78
1777598333.320,$GAGSV,2,1,08,02,45,012,45,03,20,196,19,08,24,250,39,18,42,293,45,7*7B
1777598333.320,$GAGSV,2,2,08,25,29,080,23,30,17,319,35,34,66,179,45,36,52,050,46,7*7A
1777598333.321,$GAGSV,1,1,03,07,04,296,,11,05,035,,32,27,224,,0*4A
1777598333.321,$GBGSV,2,1,07,07,54,159,45,08,46,005,46,10,66,156,46,13,66,315,50,1*74
1777598333.322,$GBGSV,2,2,07,23,61,346,49,25,60,115,48,28,50,259,45,1*43
1777598333.322,$GBGSV,1,1,02,09,15,171,16,10,66,156,47,3*7B
1777598333.323,$GNGLL,1339.02581,N,10029.57917,E,011853.00,A,D*7D
1777598334.306,$GNRMC,011854.00,A,1339.02649,N,10029.57919,E,2.396,2.67,010526,0.53,W,R,V*5A
1777598334.308,$GNVTG,2.67,T,3.20,M,2.396,N,4.437,K,D*30
1777598334.310,$GNGGA,011854.00,1339.02649,N,10029.57919,E,4,12,0.64,-0.8,M,-27.8,M,1.0,0499*69
1777598334.310,$GNGSA,A,3,01,07,14,17,06,22,30,03,19,,,,1.41,0.64,1.25,1*0A
1777598334.311,$GNGSA,A,3,82,73,80,79,84,83,,,,,,,1.41,0.64,1.25,2*0D
1777598334.311,$GNGSA,A,3,08,02,30,25,34,36,,,,,,,1.41,0.64,1.25,3*0F
1777598334.312,$GNGSA,A,3,07,08,10,23,25,28,13,,,,,,1.41,0.64,1.25,4*04
1777598334.312,$GPGSV,3,1,12,01,36,041,42,03,23,104,22,06,34,211,38,07,52,172,45,1*68
1777598334.313,$GPGSV,3,2,12,14,43,353,44,17,44,319,44,19,31,281,42,22,32,339,41,1*66
1777598334.314,$GPGSV,3,3,12,30,70,256,47,41,64,233,48,42,70,217,46,50,56,115,42,1*6A
1777598334.314,$GPGSV,2,1,07,01,36,041,44,03,23,104,21,06,34,211,39,07,52,172,43,6*68
1777598334.315,$GPGSV,2,2,07,14,43,353,45,17,44,319,41,30,70,256,46,6*5D
1777598334.315,$GPGSV,1,1,03,02,06,036,,09,07,172,,40,36,256,,0*5D
1777598334.316,$GLGSV,2,1,06,73,36,350,46,79,18,128,23,80,56,075,48,82,13,023,25,1*7E
1777598334.316,$GLGSV,2,2,06,83,62,353,48,84,49,233,48,1*77
1777598334.317,$GLGSV,2,1,06,73,36,350,47,79,18,128,26,80,56,075,49,82,13,023,23,3*7F
1777598334.318,$GLGSV,2,2,06,83,62,353,49,84,49,233,49,3*75
1777598334.318,$GLGSV,1,1,01,85,06,216,,0*46
1777598334.319,$GAGSV,2,1,08,02,45,012,49,08,24,250,46,15,16,206,15,18,42,293,48,2*73
1777598334.320,$GAGSV,2,2,08,25,29,080,25,30,17,319,25,34,66,179,51,36,52,050,51,2*7B
1777598334.320,$GAGSV,2,1,08,02,45,012,44,03,20,196,18,08,24,250,39,18,42,293,43,7*7D
1777598334.321,$GAGSV,2,2,08,25,29,080,25,30,17,319,35,34,66,179,45,36,52,050,47,7*7D
1777598334.321,$GAGSV,1,1,03,07,04,296,,11,05,035,,32,27,224,,0*4A
1777598334.322,$GBGSV,2,1,07,07,54,159,46,08,46,005,46,10,66,156,45,13,66,315,49,1*7C
1777598334.322,$GBGSV,2,2,07,23,61,346,49,25,60,115,47,28,50,259,45,1*4C
1777598334.323,$GBGSV,1,1,02,09,15,171,17,10,66,156,48,3*75
1777598334.323,$GNGLL,1339.02649,N,10029.57919,E,011854.00,A,D*73
1777598335.305,$GNRMC,011855.00,A,1339.02716,N,10029.57922,E,2.430,1.69,010526,0.53,W,R,V*5E
1777598335.307,$GNVTG,1.69,T,2.22,M,2.430,N,4.500,K,D*30
1777598335.309,$GNGGA,011855.00,1339.02716,N,10029.57922,E,4,12,0.69,-0.8,M,-27.8,M,1.0,0499*66
1777598335.310,$GNGSA,A,3,01,07,14,17,06,22,30,03,19,,,,1.58,0.69,1.42,1*0E
1777598335.310,$GNGSA,A,3,82,73,80,79,84,83,,,,,,,1.58,0.69,1.42,2*09
1777598335.311,$GNGSA,A,3,08,02,30,25,34,36,,,,,,,1.58,0.69,1.42,3*0B
1777598335.311,$GNGSA,A,3,07,08,10,23,25,28,13,,,,,,1.58,0.69,1.42,4*00
1777598335.312,$GPGSV,3,1,11,01,36,041,41,06,34,211,41,07,52,172,45,14,43,353,45,1*67
1777598335.312,$GPGSV,3,2,11,17,44,319,45,19,31,281,43,22,32,339,36,30,70,256,48,1*6B
1777598335.313,$GPGSV,3,3,11,41,64,233,47,42,70,217,46,50,56,115,42,1*50
1777598335.314,$GPGSV,2,1,07,01,36,041,45,03,23,104,20,06,34,211,37,07,52,172,44,6*61
1777598335.314,$GPGSV,2,2,07,14,43,353,45,17,44,319,41,30,70,256,46,6*5D
1777598335.315,$GPGSV,1,1,03,02,06,036,,09,07,172,,40,36,256,,0*5D
1777598335.315,$GLGSV,2,1,06,73,36,350,46,79,18,128,24,80,56,075,49,82,13,023,23,1*7E
1777598335.316,$GLGSV,2,2,06,83,62,353,48,84,49,233,48,1*77
1777598335.316,$GLGSV,2,1,06,73,36,350,47,79,18,128,24,80,56,075,48,82,13,023,23,3*7C
1777598335.317,$GLGSV,2,2,06,83,62,353,49,84,49,233,50,3*7D
1777598335.317,$GLGSV,1,1,01,85,06,216,,0*46
1777598335.318,$GAGSV,2,1,08,02,45,012,49,08,24,250,42,15,16,206,15,18,42,293,48,2*77
1777598335.318,$GAGSV,2,2,08,25,29,080,24,30,17,319,33,34,66,179,51,36,52,050,49,2*74
1777598335.319,$GAGSV,2,1,08,02,45,012,44,03,20,196,16,08,24,250,38,18,42,293,42,7*73
1777598335.320,$GAGSV,2,2,08,25,29,080,23,30,17,319,27,34,66,179,45,36,52,050,44,7*7B
1777598335.320,$GAGSV,1,1,03,07,04,296,,11,05,035,,32,27,224,,0*4A
1777598335.321,$GBGSV,2,1,07,07,54,159,45,08,46,005,45,10,66,156,45,13,66,315,49,1*7C
1777598335.321,$GBGSV,2,2,07,23,61,346,49,25,60,115,46,28,50,259,47,1*4F
1777598335.322,$GBGSV,1,1,02,09,15,171,16,10,66,156,49,3*75
1777598335.322,$GNGLL,1339.02716,N,10029.57922,E,011855.00,A,D*71
1777598336.305,$GNRMC,011856.00,A,1339.02784,N,10029.57923,E,2.463,0.65,010526,0.53,W,R,V*5C
1777598336.306,$GNVTG,0.65,T,1.18,M,2.463,N,4.561,K,D*36
1777598336.308,$GNGGA,011856.00,1339.02784,N,10029.57923,E,4,12,0.69,-0.8,M,-27.8,M,1.0,0499*6F
1777598336.309,$GNGSA,A,3,01,07,14,17,06,22,30,03,19,,,,1.58,0.69,1.42,1*0E
1777598336.309,$GNGSA,A,3,82,73,80,79,84,83,,,,,,,1.58,0.69,1.42,2*09
1777598336.310,$GNGSA,A,3,08,02,30,25,34,36,,,,,,,1.58,0.69,1.42,3*0B
1777598336.310,$GNGSA,A,3,07,08,10,23,25,28,13,,,,,,1.58,0.69,1.42,4*00
1777598336.311,$GPGSV,3,1,11,01,36,041,43,06,34,211,38,07,52,172,45,14,43,353,44,1*6A
1777598336.311,$GPGSV,3,2,11,17,44,319,46,19,31,281,39,22,32,339,40,30,70,256,48,1*64
1777598336.312,$GPGSV,3,3,11,41,64,233,48,42,70,217,45,50,56,115,41,1*5F
1777598336.313,$GPGSV,2,1,07,01,36,041,44,03,23,104,22,06,34,211,40,07,52,172,43,6*65
1777598336.313,$GPGSV,2,2,07,14,43,353,44,17,44,319,40,30,70,256,46,6*5D
1777598336.314,$GPGSV,1,1,03,02,06,036,,09,07,172,,40,36,256,,0*5D
1777598336.314,$GLGSV,2,1,06,73,36,350,47,79,17,128,24,80,56,075,49,82,13,023,23,1*70
1777598336.315,$GLGSV,2,2,06,83,62,353,48,84,49,233,46,1*79
1777598336.315,$GLGSV,2,1,06,73,36,350,47,79,17,128,26,80,56,075,50,82,13,023,24,3*7F
1777598336.316,$GLGSV,2,2,06,83,62,353,48,84,49,233,48,3*75
1777598336.316,$GLGSV,1,1,01,85,06,216,,0*46
1777598336.317,$GAGSV,2,1,08,02,45,012,49,08,24,250,40,15,16,206,16,18,42,293,46,2*78
1777598336.318,$GAGSV,2,2,08,25,29,080,24,30,17,319,28,34,66,179,51,36,52,050,50,2*76
1777598336.318,$GAGSV,2,1,08,02,45,012,44,03,20,196,16,08,24,250,35,18,42,293,42,7*7E
1777598336.319,$GAGSV,2,2,08,25,29,080,23,30,17,319,26,34,66,179,46,36,52,050,42,7*7F
1777598336.319,$GAGSV,1,1,03,07,04,296,,11,05,035,,32,27,224,,0*4A
1777598336.320,$GBGSV,2,1,07,07,54,159,47,08,46,005,46,10,66,156,44,13,66,315,49,1*7C
1777598336.321,$GBGSV,2,2,07,23,61,346,48,25,60,115,45,28,50,259,46,1*4C
1777598336.321,$GBGSV,1,1,02,09,15,171,17,10,66,156,50,3*7C
1777598336.321,$GNGLL,1339.02784,N,10029.57923,E,011856.00,A,D*78
1777598337.305,$GNRMC,011857.00,A,1339.02852,N,10029.57925,E,2.465,2.93,010526,0.53,W,R,V*52
1777598337.306,$GNVTG,2.93,T,3.46,M,2.465,N,4.565,K,D*36
1777598337.307,$GNGGA,011857.00,1339.02852,N,10029.57925,E,4,12,0.69,-0.8,M,-27.8,M,1.0,0499*6C
1777598337.307,$GNGSA,A,3,01,07,14,17,06,22,30,03,19,,,,1.58,0.69,1.42,1*0E
1777598337.308,$GNGSA,A,3,82,73,80,79,84,83,,,,,,,1.58,0.69,1.42,2*09
1777598337.308,$GNGSA,A,3,08,02,30,25,34,36,,,,,,,1.58,0.69,1.42,3*0B
1777598337.309,$GNGSA,A,3,07,08,10,23,25,28,13,,,,,,1.58,0.69,1.42,4*00
1777598337.309,$GPGSV,3,1,11,01,36,041,44,06,34,211,36,07,52,172,45,14,43,353,44,1*63
1777598337.310,$GPGSV,3,2,11,17,44,319,42,19,31,281,44,22,32,339,41,30,70,256,47,1*64
1777598337.310,$GPGSV,3,3,11,41,64,233,48,42,70,217,45,50,56,115,41,1*5F
1777598337.311,$GPGSV,2,1,07,01,36,041,45,03,23,104,23,06,34,211,40,07,52,172,43,6*65
1777598337.312,$GPGSV,2,2,07,14,43,353,44,17,44,319,40,30,70,256,45,6*5E
1777598337.312,$GPGSV,1,1,03,02,06,036,,09,07,172,,40,36,256,,0*5D
1777598337.313,$GLGSV,2,1,06,73,36,350,46,79,17,128,24,80,56,077,48,82,13,023,22,1*73
1777598337.313,$GLGSV,2,2,06,83,62,353,48,84,49,233,45,1*7A
1777598337.314,$GLGSV,2,1,06,73,36,350,46,79,17,128,26,80,56,077,49,82,13,023,24,3*74
1777598337.314,$GLGSV,2,2,06,83,62,353,49,84,49,233,47,3*7B
1777598337.315,$GLGSV,1,1,01,85,06,216,,0*46
1777598337.315,$GAGSV,2,1,08,02,45,012,49,08,24,250,41,15,16,206,17,18,42,293,49,2*77
1777598337.316,$GAGSV,2,2,08,25,29,080,37,30,17,319,30,34,66,179,51,36,52,050,51,2*7C
1777598337.317,$GAGSV,2,1,08,02,45,012,43,03,20,196,14,08,24,250,35,18,42,293,40,7*79
1777598337.317,$GAGSV,2,2,08,25,29,080,29,30,17,319,26,34,66,179,46,36,52,050,42,7*75
1777598337.318,$GAGSV,1,1,03,07,04,296,,11,05,035,,32,27,224,,0*4A
1777598337.319,$GBGSV,2,1,07,07,54,159,43,08,46,005,43,10,66,156,47,13,66,315,50,1*76
1777598337.319,$GBGSV,2,2,07,23,61,346,48,25,60,115,47,28,50,259,47,1*4F
1777598337.320,$GBGSV,1,1,02,09,15,171,18,10,66,156,49,3*7B
1777598337.320,$GNGLL,1339.02852,N,10029.57925,E,011857.00,A,D*7B
1777598338.304,$GNRMC,011858.00,A,1339.02921,N,10029.57927,E,2.514,1.41,010526,0.53,W,R,V*51
1777598338.305,$GNVTG,1.41,T,1.94,M,2.514,N,4.657,K,D*32
1777598338.307,$GNGGA,011858.00,1339.02921,N,10029.57927,E,4,12,0.69,-0.8,M,-27.8,M,1.0,0499*64
1777598338.308,$GNGSA,A,3,01,07,14,17,06,22,30,03,19,,,,1.58,0.69,1.42,1*0E
1777598338.308,$GNGSA,A,3,82,73,80,79,84,83,,,,,,,1.58,0.69,1.42,2*09
1777598338.308,$GNGSA,A,3,08,02,30,25,34,36,,,,,,,1.58,0.69,1.42,3*0B
1777598338.309,$GNGSA,A,3,07,08,10,23,25,28,13,,,,,,1.58,0.69,1.42,4*00
1777598338.310,$GPGSV,3,1,11,01,36,041,44,06,34,211,41,07,52,172,45,14,43,353,43,1*64
1777598338.310,$GPGSV,3,2,11,17,44,319,43,19,31,281,44,22,32,339,36,30,70,256,48,1*6A
1777598338.311,$GPGSV,3,3,11,41,64,233,46,42,70,217,47,50,56,115,42,1*50
1777598338.311,$GPGSV,2,1,07,01,36,041,44,03,23,104,21,06,34,211,41,07,52,172,43,6*67
1777598338.312,$GPGSV,2,2,07,14,43,353,45,17,44,319,39,30,70,256,45,6*51
1777598338.313,$GPGSV,1,1,03,02,06,036,,09,07,172,,40,36,256,,0*5D
1777598338.313,$GLGSV,2,1,06,73,36,350,45,79,17,128,23,80,56,077,49,82,13,023,24,1*70
1777598338.314,$GLGSV,2,2,06,83,62,353,48,84,49,233,48,1*77
1777598338.314,$GLGSV,2,1,06,73,36,350,47,79,17,128,25,80,56,077,46,82,13,023,23,3*7E
1777598338.315,$GLGSV,2,2,06,83,62,353,48,84,49,233,46,3*7B
1777598338.315,$GLGSV,1,1,01,85,06,216,,0*46
1777598338.316,$GAGSV,2,1,08,02,45,012,49,08,24,250,44,15,16,206,16,18,42,293,46,2*7C
1777598338.317,$GAGSV,2,2,08,25,29,080,39,30,17,319,36,34,66,179,51,36,52,050,50,2*75
1777598338.317,$GAGSV,2,1,07,02,45,012,44,08,24,250,37,18,42,293,41,25,29,080,30,7*7F
1777598338.318,$GAGSV,2,2,07,30,17,319,35,34,66,179,46,36,52,050,44,7*41
1777598338.318,$GAGSV,1,1,04,03,20,196,,07,04,296,,11,05,035,,32,27,224,,0*72
1777598338.319,$GBGSV,2,1,07,07,54,159,44,08,46,005,46,10,66,156,47,13,66,315,50,1*74
1777598338.320,$GBGSV,2,2,07,23,61,346,49,25,60,115,46,28,50,259,47,1*4F
1777598338.320,$GBGSV,1,1,02,09,15,171,17,10,66,156,49,3*74
1777598338.321,$GNGLL,1339.02921,N,10029.57927,E,011858.00,A,D*73
1777598339.306,$GNRMC,011859.00,A,1339.02992,N,10029.57929,E,2.586,1.33,010526,0.53,W,R,V*58
1777598339.307,$GNVTG,1.33,T,1.86,M,2.586,N,4.789,K,D*3D
1777598339.309,$GNGGA,011859.00,1339.02992,N,10029.57929,E,4,12,0.69,-0.8,M,-27.8,M,1.0,0499*63
1777598339.309,$GNGSA,A,3,01,07,14,17,06,22,30,03,19,,,,1.58,0.69,1.42,1*0E
1777598339.310,$GNGSA,A,3,82,73,80,79,84,83,,,,,,,1.58,0.69,1.42,2*09
1777598339.310,$GNGSA,A,3,08,02,30,25,34,36,,,,,,,1.58,0.69,1.42,3*0B
1777598339.311,$GNGSA,A,3,07,08,10,23,25,28,13,,,,,,1.58,0.69,1.42,4*00
1777598339.311,$GPGSV,3,1,11,01,36,041,41,06,34,211,39,07,52,172,45,14,43,353,43,1*6E
1777598339.312,$GPGSV,3,2,11,17,44,319,40,19,31,281,41,22,32,339,38,30,70,256,47,1*6D
1777598339.312,$GPGSV,3,3,11,41,64,233,47,42,70,217,45,50,56,115,40,1*51
1777598339.313,$GPGSV,2,1,07,01,36,041,45,03,23,104,21,06,34,211,35,07,52,172,43,6*65
1777598339.314,$GPGSV,2,2,07,14,43,353,44,17,44,319,40,30,70,256,45,6*5E
1777598339.314,$GPGSV,1,1,03,02,06,036,,09,07,172,,40,36,256,,0*5D
1777598339.315,$GLGSV,2,1,06,73,36,350,44,79,17,128,22,80,56,077,49,82,12,023,22,1*77
1777598339.315,$GLGSV,2,2,06,83,62,353,48,84,49,233,49,1*76
1777598339.316,$GLGSV,2,1,06,73,36,350,44,79,17,128,24,80,56,077,48,82,12,023,21,3*71
1777598339.316,$GLGSV,2,2,06,83,62,353,49,84,49,233,48,3*74
1777598339.317,$GLGSV,1,1,01,85,06,216,,0*46
1777598339.317,$GAGSV,2,1,08,02,45,012,50,08,24,250,40,15,16,206,17,18,42,293,40,2*77
1777598339.318,$GAGSV,2,2,08,25,29,080,31,30,17,319,33,34,66,179,51,36,52,050,51,2*79
1777598339.319,$GAGSV,2,1,07,02,45,012,44,08,24,250,38,18,42,293,37,25,29,080,28,7*78
1777598339.320,$GAGSV,2,2,07,30,17,319,24,34,66,179,46,36,52,050,44,7*41
1777598339.320,$GAGSV,1,1,04,03,20,196,,07,04,296,,11,05,035,,32,27,224,,0*72
1777598339.321,$GBGSV,2,1,07,07,54,159,44,08,46,005,46,10,66,156,46,13,66,315,49,1*7D
1777598339.322,$GBGSV,2,2,07,23,61,346,48,25,60,115,48,28,50,259,48,1*4F
1777598339.322,$GBGSV,1,1,02,09,15,171,16,10,66,156,49,3*75
1777598339.322,$GNGLL,1339.02992,N,10029.57929,E,011859.00,A,D*74
1777598340.306,$GNRMC,011900.00,A,1339.03062,N,10029.57929,E,2.509,0.30,010526,0.53,W,R,V*57
1777598340.308,$GNVTG,0.30,T,0.83,M,2.509,N,4.646,K,D*3E
1777598340.309,$GNGGA,011900.00,1339.03062,N,10029.57929,E,4,12,0.69,-0.8,M,-27.8,M,1.0,0499*69
1777598340.310,$GNGSA,A,3,01,07,14,17,06,22,30,03,19,,,,1.58,0.69,1.42,1*0E
1777598340.310,$GNGSA,A,3,82,73,80,79,84,83,,,,,,,1.58,0.69,1.42,2*09
1777598340.311,$GNGSA,A,3,08,02,30,25,34,36,,,,,,,1.58,0.69,1.42,3*0B
1777598340.311,$GNGSA,A,3,07,08,10,23,25,28,13,,,,,,1.58,0.69,1.42,4*00
1777598340.312,$GPGSV,3,1,12,01,36,041,41,03,23,104,23,06,34,211,41,07,52,172,46,1*67
1777598340.312,$GPGSV,3,2,12,14,43,353,44,17,44,319,39,19,31,281,37,22,32,339,34,1*6C
1777598340.313,$GPGSV,3,3,12,30,70,256,48,41,64,233,48,42,70,217,46,50,56,115,44,1*63
1777598340.314,$GPGSV,2,1,07,01,36,041,43,03,23,104,22,06,34,211,37,07,52,172,42,6*63
1777598340.314,$GPGSV,2,2,07,14,43,353,45,17,44,319,26,30,70,256,45,6*5F
1777598340.315,$GPGSV,1,1,03,02,06,036,,09,07,172,,40,36,256,,0*5D
1777598340.315,$GLGSV,2,1,06,73,36,350,44,79,17,128,23,80,56,077,48,82,12,023,22,1*77
1777598340.316,$GLGSV,2,2,06,83,61,354,49,84,49,233,47,1*7D
1777598340.316,$GLGSV,2,1,06,73,36,350,48,79,17,128,26,80,56,077,49,82,12,023,24,3*7B
1777598340.317,$GLGSV,2,2,06,83,61,354,49,84,49,233,48,3*70
1777598340.317,$GLGSV,1,1,01,85,06,216,,0*46
1777598340.318,$GAGSV,2,1,08,02,45,012,50,08,24,250,39,15,16,206,17,18,42,293,36,2*78
1777598340.319,$GAGSV,2,2,08,25,29,080,34,30,17,319,33,34,66,179,51,36,52,050,51,2*7C
1777598340.319,$GAGSV,2,1,07,02,45,012,45,08,24,250,32,18,42,293,29,25,29,080,26,7*72
1777598340.320,$GAGSV,2,2,07,30,17,319,35,34,66,179,44,36,52,050,45,7*42
1777598340.320,$GAGSV,1,1,04,03,20,196,,07,04,296,,11,05,035,,32,27,224,,0*72
1777598340.321,$GBGSV,2,1,07,07,54,159,48,08,46,005,46,10,66,156,45,13,66,315,50,1*7A
1777598340.322,$GBGSV,2,2,07,23,61,346,48,25,60,115,49,28,50,259,46,1*40
1777598340.322,$GBGSV,1,1,02,09,15,171,16,10,66,156,48,3*74
1777598340.322,$GNGLL,1339.03062,N,10029.57929,E,011900.00,A,D*7E
1777598341.302,$GNRMC,011901.00,A,1339.03132,N,10029.57930,E,2.505,0.80,010526,0.53,W,R,V*5D
1777598341.304,$GNVTG,0.80,T,1.33,M,2.505,N,4.638,K,D*3A
1777598341.306,$GNGGA,011901.00,1339.03132,N,10029.57930,E,4,12,0.61,-0.8,M,-27.8,M,1.0,0499*6C
1777598341.306,$GNGSA,A,3,01,07,14,17,06,22,30,03,19,,,,1.27,0.61,1.11,1*08
1777598341.307,$GNGSA,A,3,82,73,80,79,84,83,,,,,,,1.27,0.61,1.11,2*0F
1777598341.307,$GNGSA,A,3,08,02,30,25,34,36,,,,,,,1.27,0.61,1.11,3*0D
1777598341.308,$GNGSA,A,3,07,08,10,23,25,28,13,,,,,,1.27,0.61,1.11,4*06
1777598341.308,$GPGSV,3,1,12,01,36,041,41,03,23,104,23,06,34,211,40,07,52,172,46,1*66
1777598341.309,$GPGSV,3,2,12,14,43,353,46,17,44,319,39,19,31,281,38,22,32,339,41,1*63
1777598341.310,$GPGSV,3,3,12,30,70,256,48,41,64,233,48,42,70,217,46,50,56,115,43,1*64
1777598341.310,$GPGSV,2,1,07,01,36,041,41,03,23,104,24,06,34,211,38,07,52,172,45,6*6F
1777598341.311,$GPGSV,2,2,07,14,43,353,45,17,44,319,35,30,70,256,45,6*5D
1777598341.311,$GPGSV,1,1,03,02,06,036,,09,07,172,,40,36,256,,0*5D
1777598341.312,$GLGSV,2,1,06,73,36,350,46,79,17,128,24,80,56,077,49,82,12,023,23,1*72
1777598341.312,$GLGSV,2,2,06,83,61,354,48,84,50,235,48,1*7D
1777598341.313,$GLGSV,2,1,06,73,36,350,46,79,17,128,27,80,56,077,48,82,12,023,24,3*75
1777598341.313,$GLGSV,2,2,06,83,61,354,48,84,50,235,47,3*70
1777598341.314,$GLGSV,1,1,01,85,06,216,,0*46
1777598341.315,$GAGSV,2,1,08,02,45,012,50,08,24,250,44,15,16,206,17,18,42,293,43,2*70
1777598341.315,$GAGSV,2,2,08,25,29,080,32,30,17,319,41,34,66,179,50,36,52,050,50,2*7F
1777598341.316,$GAGSV,2,1,07,02,45,012,45,08,24,250,37,18,42,293,28,25,29,080,25,7*75
1777598341.316,$GAGSV,2,2,07,30,17,319,37,34,66,179,45,36,52,050,44,7*40
1777598341.317,$GAGSV,1,1,04,03,20,196,,07,04,296,,11,05,035,,32,27,224,,0*72
1777598341.318,$GBGSV,2,1,07,07,54,159,42,08,46,005,44,10,66,156,46,13,66,315,49,1*79
1777598341.318,$GBGSV,2,2,07,23,61,346,48,25,60,115,49,28,50,259,44,1*42
1777598341.319,$GBGSV,1,1,02,09,15,171,16,10,66,156,49,3*75
1777598341.319,$GNGLL,1339.03132,N,10029.57930,E,011901.00,A,D*73
1777598342.305,$GNRMC,011902.00,A,1339.03203,N,10029.57931,E,2.542,359.62,010526,0.53,W,R,V*5E
1777598342.306,$GNVTG,359.62,T,0.15,M,2.542,N,4.708,K,D*3D
1777598342.308,$GNGGA,011902.00,1339.03203,N,10029.57931,E,4,12,0.64,-0.8,M,-27.8,M,1.0,0499*6A
1777598342.308,$GNGSA,A,3,01,07,14,17,06,22,30,03,19,,,,1.41,0.64,1.25,1*0A
1777598342.309,$GNGSA,A,3,82,73,80,79,84,83,,,,,,,1.41,0.64,1.25,2*0D
1777598342.309,$GNGSA,A,3,08,02,30,25,34,36,,,,,,,1.41,0.64,1.25,3*0F
1777598342.310,$GNGSA,A,3,07,08,10,23,25,28,13,,,,,,1.41,0.64,1.25,4*04
1777598342.310,$GPGSV,3,1,12,01,36,041,43,03,23,104,23,06,34,211,38,07,52,172,46,1*6B
1777598342.311,$GPGSV,3,2,12,14,43,353,43,17,44,319,41,19,31,281,33,22,32,339,40,1*63
1777598342.312,$GPGSV,3,3,12,30,70,256,48,41,64,233,48,42,70,217,45,50,56,115,42,1*66
1777598342.313,$GPGSV,2,1,07,01,36,041,44,03,23,104,24,06,34,211,40,07,52,172,44,6*64
1777598342.313,$GPGSV,2,2,07,14,43,353,45,17,44,319,41,30,70,256,44,6*5F
1777598342.314,$GPGSV,1,1,03,02,06,036,,09,07,172,,40,36,256,,0*5D
1777598342.314,$GLGSV,2,1,06,73,36,350,47,79,17,128,25,80,56,077,50,82,12,023,23,1*7A
1777598342.315,$GLGSV,2,2,06,83,61,354,48,84,50,235,46,1*73
1777598342.315,$GLGSV,2,1,06,73,36,350,48,79,17,128,25,80,56,077,47,82,12,023,24,3*76
1777598342.316,$GLGSV,2,2,06,83,61,354,48,84,50,235,47,3*70
1777598342.316,$GLGSV,1,1,01,85,07,217,,0*46
1777598342.317,$GAGSV,2,1,08,02,45,012,48,08,24,250,44,15,16,206,19,18,42,293,47,2*73
1777598342.318,$GAGSV,2,2,08,25,29,080,37,30,17,319,43,34,66,179,50,36,52,050,51,2*79
1777598342.319,$GAGSV,2,1,08,02,45,012,43,03,20,196,25,08,24,250,31,18,42,293,36,7*7E
1777598342.320,$GAGSV,2,2,08,25,29,080,26,30,17,319,36,34,66,179,44,36,52,050,44,7*7F
1777598342.320,$GAGSV,1,1,03,07,04,296,,11,05,035,,32,27,224,,0*4A
1777598342.321,$GBGSV,2,1,07,07,54,159,44,08,46,005,44,10,66,156,45,13,66,315,49,1*7C
1777598342.321,$GBGSV,2,2,07,23,61,346,49,25,60,115,48,28,50,259,46,1*40
1777598342.322,$GBGSV,1,1,02,09,15,171,16,10,66,156,50,3*7D
1777598342.322,$GNGLL,1339.03203,N,10029.57931,E,011902.00,A,D*70
1777598343.300,$GNRMC,011903.00,A,1339.03276,N,10029.57932,E,2.642,1.68,010526,0.53,W,D,V*4F
1777598343.302,$GNVTG,1.68,T,2.21,M,2.642,N,4.894,K,D*35
1777598343.304,$GNGGA,011903.00,1339.03276,N,10029.57932,E,2,12,0.62,-0.7,M,-27.8,M,1.0,0042*67
1777598343.304,$GNGSA,A,3,01,07,14,17,06,22,30,03,19,,,,1.37,0.62,1.22,1*0A
1777598343.305,$GNGSA,A,3,82,73,80,79,84,83,,,,,,,1.37,0.62,1.22,2*0D
1777598343.305,$GNGSA,A,3,08,02,30,25,34,36,,,,,,,1.37,0.62,1.22,3*0F
1777598343.306,$GNGSA,A,3,07,08,10,23,25,28,13,,,,,,1.37,0.62,1.22,4*04
1777598343.306,$GPGSV,3,1,12,01,36,041,43,03,23,104,23,06,34,211,38,07,52,172,45,1*68
1777598343.307,$GPGSV,3,2,12,14,43,353,46,17,44,319,39,19,31,281,42,22,32,339,37,1*6F
1777598343.308,$GPGSV,3,3,12,30,70,256,47,41,64,233,47,42,70,217,45,50,56,115,42,1*66
1777598343.308,$GPGSV,2,1,07,01,36,041,45,03,23,104,25,06,34,211,38,07,52,172,45,6*6A
1777598343.309,$GPGSV,2,2,07,14,43,353,44,17,44,319,37,30,70,256,45,6*5E
1777598343.309,$GPGSV,1,1,03,02,06,036,,09,07,172,,40,36,256,,0*5D
1777598343.310,$GLGSV,2,1,06,73,36,350,45,79,17,128,25,80,56,077,48,82,12,023,24,1*76
1777598343.311,$GLGSV,2,2,06,83,61,354,49,84,50,235,47,1*73
1777598343.311,$GLGSV,2,1,06,73,36,350,47,79,17,128,26,80,56,077,47,82,12,023,24,3*7A
1777598343.312,$GLGSV,2,2,06,83,61,354,49,84,50,235,48,3*7E
1777598343.312,$GLGSV,1,1,01,85,07,217,,0*46
1777598343.313,$GAGSV,2,1,08,02,45,012,48,08,24,250,32,15,16,206,20,18,42,293,43,2*7C
1777598343.313,$GAGSV,2,2,08,25,29,080,40,30,17,319,38,34,66,179,50,36,52,050,51,2*75
1777598343.314,$GAGSV,2,1,08,02,45,012,43,03,20,196,24,08,24,250,30,18,42,293,30,7*78
1777598343.315,$GAGSV,2,2,08,25,29,080,25,30,17,319,34,34,66,179,45,36,52,050,43,7*78
1777598343.315,$GAGSV,1,1,03,07,04,296,,11,05,035,,32,27,224,,0*4A
1777598343.316,$GBGSV,2,1,07,07,54,159,45,08,46,005,44,10,66,156,46,13,66,315,49,1*7E
1777598343.316,$GBGSV,2,2,07,23,61,346,49,25,60,115,48,28,50,259,45,1*43
1777598343.317,$GBGSV,1,1,02,09,15,171,17,10,66,156,50,3*7C
1777598343.317,$GNGLL,1339.03276,N,10029.57932,E,011903.00,A,D*70
1777598344.306,$GNRMC,011904.00,A,1339.03344,N,10029.57934,E,2.588,358.79,010526,0.53,W,R,V*52
1777598344.308,$GNVTG,358.79,T,359.32,M,2.588,N,4.793,K,D*38
1777598344.310,$GNGGA,011904.00,1339.03344,N,10029.57934,E,4,12,0.58,-0.8,M,-27.8,M,1.0,0042*66
1777598344.310,$GNGSA,A,3,01,07,14,17,06,22,30,03,19,,,,1.23,0.58,1.08,1*0E
1777598344.311,$GNGSA,A,3,73,80,79,84,83,,,,,,,,1.23,0.58,1.08,2*03
1777598344.311,$GNGSA,A,3,08,03,02,30,25,34,36,,,,,,1.23,0.58,1.08,3*08
1777598344.312,$GNGSA,A,3,07,08,10,23,25,28,13,,,,,,1.23,0.58,1.08,4*00
1777598344.313,$GPGSV,3,1,12,01,36,041,43,03,23,104,22,06,34,211,35,07,52,172,45,1*64
1777598344.313,$GPGSV,3,2,12,14,43,353,44,17,44,319,40,19,31,281,38,22,32,339,36,1*6F
1777598344.315,$GPGSV,3,3,12,30,70,256,47,41,64,233,46,42,70,217,46,50,56,115,42,1*64
1777598344.316,$GPGSV,2,1,07,01,36,041,42,03,23,104,26,06,34,211,40,07,52,172,43,6*67
1777598344.316,$GPGSV,2,2,07,14,43,353,45,17,44,319,38,30,70,256,46,6*53
1777598344.317,$GPGSV,1,1,03,02,06,036,,09,07,172,,40,36,256,,0*5D
1777598344.318,$GLGSV,2,1,06,73,36,350,47,79,17,128,25,80,56,077,50,82,12,023,23,1*7A
1777598344.318,$GLGSV,2,2,06,83,61,354,51,84,50,235,46,1*7B
1777598344.319,$GLGSV,2,1,06,73,36,350,46,79,17,128,26,80,56,077,47,82,12,023,23,3*7C
1777598344.320,$GLGSV,2,2,06,83,61,354,47,84,50,235,48,3*70
1777598344.320,$GLGSV,1,1,01,85,07,217,,0*46
1777598344.321,$GAGSV,2,1,08,02,45,012,48,08,24,250,41,15,16,206,21,18,42,293,46,2*7C
1777598344.321,$GAGSV,2,2,08,25,29,080,36,30,17,319,34,34,66,179,51,36,52,050,50,2*78
1777598344.322,$GAGSV,2,1,08,02,45,012,43,03,20,196,26,08,24,250,31,18,42,293,31,7*7A
1777598344.323,$GAGSV,2,2,08,25,29,080,32,30,17,319,34,34,66,179,45,36,52,050,43,7*7E
1777598344.324,$GAGSV,1,1,03,07,04,296,,11,05,035,,32,27,224,,0*4A
1777598344.324,$GBGSV,2,1,07,07,54,159,45,08,46,005,46,10,66,156,47,13,66,315,46,1*72
1777598344.325,$GBGSV,2,2,07,23,61,346,45,25,60,115,48,28,50,259,46,1*4C
1777598344.325,$GBGSV,1,1,02,09,15,171,18,10,66,156,48,3*7A
1777598344.326,$GNGLL,1339.03344,N,10029.57934,E,011904.00,A,D*71
1777598345.306,$GNRMC,011905.00,A,1339.03418,N,10029.57934,E,2.586,1.86,010526,0.53,W,R,V*5C
1777598345.307,$GNVTG,1.86,T,2.39,M,2.586,N,4.789,K,D*34
1777598345.309,$GNGGA,011905.00,1339.03418,N,10029.57934,E,4,12,0.62,-0.7,M,-27.8,M,1.0,0042*6F
1777598345.310,$GNGSA,A,3,01,07,14,17,06,22,30,03,19,,,,1.37,0.62,1.22,1*0A
1777598345.310,$GNGSA,A,3,82,73,80,79,84,83,,,,,,,1.37,0.62,1.22,2*0D
1777598345.311,$GNGSA,A,3,08,02,30,25,34,36,,,,,,,1.37,0.62,1.22,3*0F
1777598345.311,$GNGSA,A,3,07,08,10,23,25,28,13,,,,,,1.37,0.62,1.22,4*04
1777598345.312,$GPGSV,3,1,12,01,36,041,43,03,23,104,24,06,34,211,39,07,52,172,46,1*6D
1777598345.312,$GPGSV,3,2,12,14,43,353,44,17,44,319,38,19,31,281,36,22,32,339,41,1*6E
1777598345.313,$GPGSV,3,3,12,30,70,256,43,41,64,233,48,42,70,217,45,50,56,115,40,1*6F
1777598345.314,$GPGSV,2,1,07,01,36,041,45,03,23,104,26,06,34,211,41,07,52,172,44,6*66
1777598345.314,$GPGSV,2,2,07,14,43,353,44,17,44,319,40,30,70,256,46,6*5D
1777598345.315,$GPGSV,1,1,03,02,06,036,,09,07,172,,40,36,256,,0*5D
1777598345.315,$GLGSV,2,1,06,73,36,350,45,79,17,128,27,80,56,077,49,82,12,023,22,1*73
1777598345.316,$GLGSV,2,2,06,83,61,354,48,84,50,235,43,1*76
1777598345.316,$GLGSV,2,1,06,73,36,350,47,79,17,128,26,80,56,077,50,82,12,023,24,3*7C
1777598345.317,$GLGSV,2,2,06,83,61,354,48,84,50,235,46,3*71
1777598345.317,$GLGSV,1,1,01,85,07,217,,0*46
1777598345.318,$GAGSV,3,1,09,02,45,012,49,03,20,196,29,08,24,250,38,15,16,206,22,2*71
1777598345.318,$GAGSV,3,2,09,18,42,293,44,25,29,080,45,30,17,319,34,34,66,179,51,2*79
1777598345.319,$GAGSV,3,3,09,36,52,050,49,2*45
1777598345.319,$GAGSV,3,1,09,02,45,012,44,03,20,196,24,08,24,250,31,18,42,293,36,7*78
1777598345.320,$GAGSV,3,2,09,25,29,080,38,30,17,319,32,32,27,224,35,34,66,179,45,7*74
1777598345.320,$GAGSV,3,3,09,36,52,050,44,7*4D
1777598345.321,$GAGSV,1,1,02,07,04,296,,11,05,035,,0*7B
1777598345.321,$GBGSV,2,1,07,07,54,159,44,08,46,005,45,10,66,156,47,13,66,315,46,1*70
1777598345.322,$GBGSV,2,2,07,23,61,346,48,25,60,115,48,28,50,259,48,1*4F
1777598345.322,$GBGSV,1,1,02,09,15,171,19,10,66,156,50,3*72
1777598345.323,$GNGLL,1339.03418,N,10029.57934,E,011905.00,A,D*7E
1777598346.308,$GNRMC,011906.00,A,1339.03491,N,10029.57935,E,2.653,358.54,010526,0.53,W,R,V*54
1777598346.310,$GNVTG,358.54,T,359.07,M,2.653,N,4.913,K,D*32
1777598346.311,$GNGGA,011906.00,1339.03491,N,10029.57935,E,4,12,0.56,-0.7,M,-27.8,M,1.0,0042*6B
1777598346.312,$GNGSA,A,3,01,07,14,17,06,22,30,03,19,,,,1.14,0.56,0.99,1*0D
1777598346.313,$GNGSA,A,3,73,80,79,84,83,,,,,,,,1.14,0.56,0.99,2*00
1777598346.313,$GNGSA,A,3,08,03,02,30,25,34,36,,,,,,1.14,0.56,0.99,3*0B
1777598346.314,$GNGSA,A,3,07,08,10,23,25,28,13,,,,,,1.14,0.56,0.99,4*03
1777598346.315,$GPGSV,3,1,12,01,36,041,43,03,23,104,24,06,34,211,41,07,52,172,44,1*60
1777598346.315,$GPGSV,3,2,12,14,43,353,45,17,44,319,42,19,31,281,38,22,32,339,40,1*6D
1777598346.317,$GPGSV,3,3,12,30,70,256,41,41,64,233,48,42,70,217,46,50,56,115,39,1*60
1777598346.318,$GPGSV,2,1,07,01,36,041,44,03,23,104,26,06,34,211,44,07,52,172,43,6*65
1777598346.319,$GPGSV,2,2,07,14,43,353,45,17,44,319,33,30,70,256,41,6*5F
1777598346.319,$GPGSV,1,1,03,02,06,036,,09,07,172,,40,36,256,,0*5D
1777598346.320,$GLGSV,2,1,06,73,36,350,46,79,17,128,27,80,56,077,49,82,12,023,23,1*71
1777598346.321,$GLGSV,2,2,06,83,61,354,48,84,50,235,44,1*71
1777598346.321,$GLGSV,2,1,06,73,36,350,47,79,17,128,27,80,56,077,49,82,12,023,23,3*72
1777598346.322,$GLGSV,2,2,06,83,61,354,49,84,50,235,46,3*70
1777598346.322,$GLGSV,1,1,01,85,07,217,,0*46
1777598346.323,$GAGSV,3,1,09,02,45,012,49,03,20,196,33,08,24,250,29,15,16,206,22,2*7A
1777598346.324,$GAGSV,3,2,09,18,42,293,41,25,29,080,47,30,17,319,38,34,66,179,51,2*72
1777598346.324,$GAGSV,3,3,09,36,52,050,50,2*4D
1777598346.325,$GAGSV,3,1,09,02,45,012,44,03,20,196,30,08,24,250,30,18,42,293,36,7*7C
1777598346.326,$GAGSV,3,2,09,25,29,080,40,30,17,319,28,32,27,224,37,34,66,179,45,7*72
1777598346.326,$GAGSV,3,3,09,36,52,050,43,7*4A
1777598346.327,$GAGSV,1,1,02,07,04,296,,11,05,035,,0*7B
1777598346.327,$GBGSV,2,1,07,07,54,159,46,08,46,005,44,10,66,156,47,13,66,315,50,1*74
1777598346.328,$GBGSV,2,2,07,23,61,346,48,25,60,115,48,28,50,259,42,1*45
1777598346.329,$GBGSV,1,1,02,09,15,171,18,10,66,156,49,3*7B
1777598346.329,$GNGLL,1339.03491,N,10029.57935,E,011906.00,A,D*7D
1777598347.309,$GNRMC,011907.00,A,1339.03564,N,10029.57933,E,2.588,358.25,010526,0.53,W,R,V*5B
1777598347.311,$GNVTG,358.25,T,358.78,M,2.588,N,4.793,K,D*3E
1777598347.313,$GNGGA,011907.00,1339.03564,N,10029.57933,E,4,12,0.58,-0.7,M,-27.8,M,1.0,0042*69
1777598347.313,$GNGSA,A,3,01,07,14,17,06,22,30,03,19,,,,1.23,0.58,1.08,1*0E
1777598347.314,$GNGSA,A,3,73,80,79,84,83,,,,,,,,1.23,0.58,1.08,2*03
1777598347.314,$GNGSA,A,3,08,03,02,30,25,34,36,,,,,,1.23,0.58,1.08,3*08
1777598347.315,$GNGSA,A,3,07,08,10,23,25,28,13,,,,,,1.23,0.58,1.08,4*00
1777598347.316,$GPGSV,3,1,12,01,35,041,41,03,23,104,25,06,34,211,42,07,52,172,45,1*62
1777598347.317,$GPGSV,3,2,12,14,43,353,44,17,44,319,36,19,31,281,37,22,32,339,39,1*6E
1777598347.318,$GPGSV,3,3,12,30,70,256,47,41,64,233,43,42,70,217,43,50,56,115,42,1*64
1777598347.319,$GPGSV,2,1,07,01,35,041,43,03,23,104,25,06,34,211,46,07,52,172,43,6*60
1777598347.320,$GPGSV,2,2,07,14,43,353,45,17,44,319,38,30,70,256,43,6*56
1777598347.320,$GPGSV,1,1,03,02,06,036,,09,07,172,,40,36,256,,0*5D
1777598347.321,$GLGSV,2,1,06,73,36,350,46,79,17,128,26,80,56,077,48,82,12,023,22,1*70
1777598347.322,$GLGSV,2,2,06,83,61,354,49,84,50,235,35,1*76
1777598347.323,$GLGSV,2,1,06,73,36,350,48,79,17,128,26,80,56,077,48,82,12,023,23,3*7D
1777598347.323,$GLGSV,2,2,06,83,61,354,48,84,50,235,38,3*78
1777598347.324,$GLGSV,1,1,01,85,07,217,,0*46
1777598347.324,$GAGSV,3,1,09,02,45,012,48,03,20,196,32,08,24,250,44,15,16,206,22,2*71
1777598347.325,$GAGSV,3,2,09,18,42,293,43,25,29,080,48,30,17,319,34,34,66,179,52,2*70
1777598347.326,$GAGSV,3,3,09,36,52,050,50,2*4D
1777598347.327,$GAGSV,3,1,09,02,45,012,44,03,20,196,29,08,24,250,37,18,42,293,31,7*74
1777598347.327,$GAGSV,3,2,09,25,29,080,42,30,17,319,35,32,27,224,32,34,66,179,45,7*79
1777598347.328,$GAGSV,3,3,09,36,52,050,43,7*4A
1777598347.328,$GAGSV,1,1,02,07,04,296,,11,05,035,,0*7B
1777598347.329,$GBGSV,2,1,07,07,54,159,48,08,46,005,45,10,66,156,47,13,66,315,49,1*73
1777598347.330,$GBGSV,2,2,07,23,61,346,49,25,60,115,47,28,50,259,41,1*48
1777598347.330,$GBGSV,1,1,02,09,15,171,18,10,66,156,49,3*7B
1777598347.331,$GNGLL,1339.03564,N,10029.57933,E,011907.00,A,D*71
1777598348.305,$GNRMC,011908.00,A,1339.03635,N,10029.57930,E,2.489,358.45,010526,0.53,W,D,V*40
1777598348.306,$GNVTG,358.45,T,358.98,M,2.489,N,4.609,K,D*34
1777598348.308,$GNGGA,011908.00,1339.03635,N,10029.57930,E,2,12,0.60,-0.6,M,-27.8,M,1.0,0499*6C
1777598348.309,$GNGSA,A,3,01,07,14,17,06,22,30,03,19,,,,1.26,0.60,1.11,1*08
1777598348.309,$GNGSA,A,3,73,80,79,84,83,,,,,,,,1.26,0.60,1.11,2*05
1777598348.310,$GNGSA,A,3,08,03,02,30,25,34,36,,,,,,1.26,0.60,1.11,3*0E
1777598348.310,$GNGSA,A,3,07,08,10,23,25,28,13,,,,,,1.26,0.60,1.11,4*06
1777598348.311,$GPGSV,3,1,12,01,35,041,40,03,23,104,31,06,34,211,37,07,52,172,45,1*64
1777598348.311,$GPGSV,3,2,12,14,43,353,43,17,44,319,40,19,31,281,40,22,32,339,37,1*66
1777598348.312,$GPGSV,3,3,12,30,70,256,45,41,64,233,42,42,70,217,46,50,56,115,42,1*62
1777598348.313,$GPGSV,2,1,07,01,35,041,43,03,23,104,27,06,34,211,41,07,52,172,44,6*62
1777598348.313,$GPGSV,2,2,07,14,43,353,45,17,44,319,37,30,70,256,45,6*5F
1777598348.314,$GPGSV,1,1,03,02,06,036,,09,07,172,,40,36,256,,0*5D
1777598348.314,$GLGSV,2,1,06,73,36,350,45,79,17,128,25,80,56,077,50,82,12,023,22,1*79
1777598348.315,$GLGSV,2,2,06,83,61,354,48,84,50,235,42,1*77
1777598348.315,$GLGSV,2,1,06,73,36,350,49,79,17,128,25,80,56,077,48,82,12,023,24,3*78
1777598348.316,$GLGSV,2,2,06,83,61,354,48,84,50,235,47,3*70
1777598348.317,$GLGSV,1,1,01,85,07,217,,0*46
1777598348.317,$GAGSV,3,1,09,02,45,012,47,03,20,196,28,08,24,250,37,15,16,206,22,2*71
1777598348.318,$GAGSV,3,2,09,18,42,293,41,25,29,080,48,30,17,319,35,34,66,179,50,2*71
1777598348.318,$GAGSV,3,3,09,36,52,050,50,2*4D
1777598348.319,$GAGSV,3,1,09,02,45,012,43,03,20,196,29,08,24,250,26,18,42,293,36,7*74
1777598348.319,$GAGSV,3,2,09,25,29,080,36,30,17,319,32,32,27,224,32,34,66,179,46,7*7E
1777598348.320,$GAGSV,3,3,09,36,52,050,44,7*4D
1777598348.320,$GAGSV,1,1,02,07,04,296,,11,05,035,,0*7B
1777598348.321,$GBGSV,2,1,07,07,54,159,47,08,46,005,45,10,66,156,46,13,66,315,49,1*7D
1777598348.322,$GBGSV,2,2,07,23,61,346,49,25,60,115,49,28,50,259,39,1*49
1777598348.322,$GBGSV,1,1,02,09,15,171,17,10,66,156,48,3*75
1777598348.323,$GNGLL,1339.03635,N,10029.57930,E,011908.00,A,D*7A
1777598349.313,$GNRMC,011909.00,A,1339.03707,N,10029.57931,E,2.682,359.45,010526,0.53,W,R,V*5E
1777598349.314,$GNVTG,359.45,T,359.98,M,2.682,N,4.967,K,D*3A
1777598349.316,$GNGGA,011909.00,1339.03707,N,10029.57931,E,4,12,0.60,-0.8,M,-27.8,M,0.0,0499*65
1777598349.316,$GNGSA,A,3,01,07,14,17,06,22,30,03,19,,,,1.26,0.60,1.11,1*08
1777598349.317,$GNGSA,A,3,73,80,79,84,83,,,,,,,,1.26,0.60,1.11,2*05
1777598349.317,$GNGSA,A,3,08,03,02,30,25,34,36,,,,,,1.26,0.60,1.11,3*0E
1777598349.318,$GNGSA,A,3,07,08,10,23,25,28,13,,,,,,1.26,0.60,1.11,4*06
1777598349.318,$GPGSV,3,1,12,01,35,041,36,03,23,103,40,06,34,211,38,07,52,172,46,1*68
1777598349.319,$GPGSV,3,2,12,14,43,353,43,17,44,319,40,19,31,281,36,22,32,339,36,1*66
1777598349.320,$GPGSV,3,3,12,30,70,256,47,41,64,233,46,42,70,217,46,50,56,115,41,1*67
1777598349.320,$GPGSV,2,1,07,01,35,041,44,03,23,103,38,06,34,211,35,07,52,172,40,6*6B
1777598349.321,$GPGSV,2,2,07,14,43,353,46,17,44,319,39,30,70,256,46,6*51
1777598349.321,$GPGSV,1,1,03,02,06,036,,09,07,172,,40,36,256,,0*5D
1777598349.322,$GLGSV,2,1,06,73,36,350,44,79,17,128,27,80,56,077,50,82,12,023,21,1*79
1777598349.322,$GLGSV,2,2,06,83,61,354,47,84,50,235,37,1*7A
1777598349.323,$GLGSV,2,1,06,73,36,350,45,79,17,128,26,80,56,077,48,82,12,023,24,3*77
1777598349.323,$GLGSV,2,2,06,83,61,354,48,84,50,235,45,3*72
1777598349.324,$GLGSV,1,1,01,85,07,217,,0*46
1777598349.324,$GAGSV,3,1,09,02,45,012,47,03,20,196,32,08,24,250,43,15,16,206,21,2*7A
1777598349.325,$GAGSV,3,2,09,18,42,293,38,25,29,080,47,30,17,319,40,34,66,179,50,2*72
1777598349.326,$GAGSV,3,3,09,36,52,050,50,2*4D
1777598349.326,$GAGSV,2,1,08,02,45,012,42,03,20,196,33,08,24,250,35,25,29,080,42,7*7C
1777598349.327,$GAGSV,2,2,08,30,17,319,27,32,27,224,32,34,66,179,47,36,52,050,43,7*7A
1777598349.327,$GAGSV,1,1,02,07,04,296,,11,05,035,,0*7B
1777598349.328,$GBGSV,2,1,07,07,54,159,49,08,46,005,46,10,66,156,46,13,66,315,49,1*70
1777598349.328,$GBGSV,2,2,07,23,61,346,49,25,60,115,48,28,50,259,40,1*46
1777598349.329,$GBGSV,1,1,02,09,15,171,16,10,66,156,49,3*75
1777598349.329,$GNGLL,1339.03707,N,10029.57931,E,011909.00,A,D*7A
1777598350.304,$GNRMC,011910.00,A,1339.03780,N,10029.57930,E,2.669,358.94,010526,0.53,W,R,V*50
1777598350.306,$GNVTG,358.94,T,359.47,M,2.669,N,4.942,K,D*37
1777598350.307,$GNGGA,011910.00,1339.03780,N,10029.57930,E,4,12,0.58,-0.9,M,-27.8,M,1.0,0499*68
1777598350.308,$GNGSA,A,3,01,07,14,17,06,22,30,03,19,,,,1.18,0.58,1.03,1*0D
1777598350.308,$GNGSA,A,3,73,80,79,84,83,,,,,,,,1.18,0.58,1.03,2*00
1777598350.309,$GNGSA,A,3,08,03,02,30,25,34,36,,,,,,1.18,0.58,1.03,3*0B
1777598350.309,$GNGSA,A,3,07,08,10,23,25,28,13,,,,,,1.18,0.58,1.03,4*03
1777598350.310,$GPGSV,3,1,12,01,35,041,42,03,23,103,42,06,34,211,38,07,52,172,45,1*6A
1777598350.311,$GPGSV,3,2,12,14,43,353,45,17,44,319,38,19,31,281,37,22,32,339,38,1*60
1777598350.311,$GPGSV,3,3,12,30,70,256,47,41,64,233,47,42,70,217,46,50,56,115,42,1*65
1777598350.312,$GPGSV,2,1,07,01,35,041,45,03,23,103,37,06,34,211,38,07,52,172,43,6*6B
1777598350.313,$GPGSV,2,2,07,14,43,353,45,17,44,319,37,30,70,256,46,6*5C
1777598350.313,$GPGSV,1,1,03,02,06,036,,09,07,172,,40,36,256,,0*5D
1777598350.314,$GLGSV,2,1,06,73,36,350,46,79,17,128,27,80,56,077,46,82,12,023,21,1*7C
1777598350.314,$GLGSV,2,2,06,83,61,354,48,84,50,235,41,1*74
1777598350.315,$GLGSV,2,1,06,73,36,350,47,79,17,128,26,80,56,077,49,82,12,023,22,3*72
1777598350.315,$GLGSV,2,2,06,83,61,354,49,84,50,235,40,3*76
1777598350.316,$GLGSV,1,1,01,85,07,217,,0*46
1777598350.317,$GAGSV,3,1,09,02,45,012,48,03,20,196,32,08,24,250,39,15,16,206,22,2*7B
1777598350.317,$GAGSV,3,2,09,18,42,293,36,25,29,080,46,30,17,319,40,34,66,179,51,2*7C
1777598350.318,$GAGSV,3,3,09,36,52,050,51,2*4C
1777598350.318,$GAGSV,2,1,08,02,45,012,44,03,20,196,27,08,24,250,32,25,29,080,39,7*74
1777598350.319,$GAGSV,2,2,08,30,17,319,36,32,27,224,32,34,66,179,46,36,52,050,43,7*7B
1777598350.320,$GAGSV,1,1,02,07,04,296,,11,05,035,,0*7B
1777598350.320,$GBGSV,2,1,07,07,54,159,48,08,46,005,46,10,66,156,46,13,66,315,49,1*71
1777598350.321,$GBGSV,2,2,07,23,61,346,50,25,60,115,49,28,50,259,47,1*48
1777598350.321,$GBGSV,1,1,02,09,15,171,15,10,66,156,49,3*76
1777598350.322,$GNGLL,1339.03780,N,10029.57930,E,011910.00,A,D*7C
1777598351.314,$GNRMC,011911.00,A,1339.03851,N,10029.57928,E,2.623,358.13,010526,0.53,W,R,V*5A
1777598351.316,$GNVTG,358.13,T,358.66,M,2.623,N,4.859,K,D*3F
1777598351.318,$GNGGA,011911.00,1339.03851,N,10029.57928,E,4,12,0.58,-0.8,M,-27.8,M,1.0,0499*62
1777598351.318,$GNGSA,A,3,01,07,14,17,06,22,30,03,19,,,,1.18,0.58,1.03,1*0D
1777598351.319,$GNGSA,A,3,73,80,79,84,83,,,,,,,,1.18,0.58,1.03,2*00
1777598351.319,$GNGSA,A,3,08,03,02,30,25,34,36,,,,,,1.18,0.58,1.03,3*0B
1777598351.320,$GNGSA,A,3,07,08,10,23,25,28,13,,,,,,1.18,0.58,1.03,4*03
1777598351.320,$GPGSV,3,1,12,01,35,041,44,03,23,103,42,06,34,211,40,07,52,172,45,1*63
1777598351.321,$GPGSV,3,2,12,14,43,353,44,17,44,319,40,19,31,281,36,22,32,339,34,1*63
1777598351.322,$GPGSV,3,3,12,30,70,256,47,41,64,233,47,42,70,217,45,50,56,115,42,1*66
1777598351.322,$GPGSV,2,1,07,01,35,041,44,03,23,103,41,06,34,211,36,07,52,172,44,6*62
1777598351.323,$GPGSV,2,2,07,14,43,353,45,17,44,319,38,30,70,256,44,6*51
1777598351.323,$GPGSV,1,1,03,02,06,036,,09,07,172,,40,36,256,,0*5D
1777598351.324,$GLGSV,2,1,06,73,36,350,45,79,17,128,27,80,56,077,50,82,12,023,21,1*78
1777598351.324,$GLGSV,2,2,06,83,61,354,48,84,50,235,43,1*76
1777598351.325,$GLGSV,2,1,06,73,36,350,44,79,17,128,25,80,56,077,49,82,12,023,21,3*71
1777598351.326,$GLGSV,2,2,06,83,61,354,48,84,50,235,45,3*72
1777598351.326,$GLGSV,1,1,01,85,07,217,,0*46
1777598351.326,$GAGSV,3,1,09,02,45,012,48,03,20,196,36,08,24,250,43,15,16,206,24,2*74
1777598351.327,$GAGSV,3,2,09,18,42,293,44,25,29,080,47,30,17,319,37,34,66,179,51,2*78
1777598351.327,$GAGSV,3,3,09,36,52,050,50,2*4D
1777598351.328,$GAGSV,3,1,09,02,45,012,43,03,20,196,28,08,24,250,39,18,42,293,33,7*7E
1777598351.329,$GAGSV,3,2,09,25,29,080,40,30,17,319,33,32,27,224,32,34,66,179,46,7*7E
1777598351.329,$GAGSV,3,3,09,36,52,050,44,7*4D
1777598351.329,$GAGSV,1,1,02,07,04,296,,11,05,035,,0*7B
1777598351.330,$GBGSV,2,1,07,07,54,159,47,08,46,005,44,10,66,156,45,13,66,315,50,1*77
1777598351.330,$GBGSV,2,2,07,23,61,346,49,25,60,115,50,28,50,259,42,1*4D
1777598351.331,$GBGSV,1,1,02,09,15,171,15,10,66,156,48,3*77
1777598351.332,$GNGLL,1339.03851,N,10029.57928,E,011911.00,A,D*77
1777598352.308,$GNRMC,011912.00,A,1339.03925,N,10029.57926,E,2.678,358.79,010526,0.53,W,R,V*57
1777598352.310,$GNVTG,358.79,T,359.32,M,2.678,N,4.959,K,D*3C
1777598352.312,$GNGGA,011912.00,1339.03925,N,10029.57926,E,4,12,0.60,-0.8,M,-27.8,M,1.0,0499*66
1777598352.312,$GNGSA,A,3,01,07,14,17,06,22,30,03,19,,,,1.26,0.60,1.11,1*08
1777598352.313,$GNGSA,A,3,73,80,79,84,83,,,,,,,,1.26,0.60,1.11,2*05
1777598352.313,$GNGSA,A,3,08,03,02,30,25,34,36,,,,,,1.26,0.60,1.11,3*0E
1777598352.314,$GNGSA,A,3,07,08,10,23,25,28,13,,,,,,1.26,0.60,1.11,4*06
1777598352.314,$GPGSV,3,1,12,01,35,041,41,03,23,103,41,06,35,211,40,07,52,172,44,1*65
1777598352.315,$GPGSV,3,2,12,14,43,353,43,17,44,319,40,19,31,281,39,22,32,339,36,1*69
1777598352.316,$GPGSV,3,3,12,30,70,256,46,41,64,233,45,42,70,217,44,50,56,115,41,1*67
1777598352.316,$GPGSV,2,1,07,01,35,041,41,03,23,103,38,06,35,211,30,07,52,172,43,6*69
1777598352.317,$GPGSV,2,2,07,14,43,353,45,17,44,319,38,30,70,256,46,6*53
1777598352.317,$GPGSV,1,1,03,02,06,036,,09,07,172,,40,36,256,,0*5D
1777598352.318,$GLGSV,2,1,06,73,36,350,45,79,17,128,26,80,56,077,49,82,12,023,22,1*72
1777598352.318,$GLGSV,2,2,06,83,61,354,47,84,50,235,44,1*7E
1777598352.319,$GLGSV,2,1,06,73,36,350,46,79,17,128,25,80,56,077,48,82,12,023,23,3*70
1777598352.319,$GLGSV,2,2,06,83,61,354,49,84,50,235,46,3*70
1777598352.320,$GLGSV,1,1,01,85,07,217,,0*46
1777598352.320,$GAGSV,3,1,09,02,45,012,48,03,20,196,39,08,24,250,46,15,16,206,23,2*79
1777598352.321,$GAGSV,3,2,09,18,42,293,45,25,29,080,45,30,17,319,34,34,66,179,51,2*78
1777598352.321,$GAGSV,3,3,09,36,52,050,51,2*4C
1777598352.322,$GAGSV,3,1,09,02,45,012,44,03,20,196,27,08,24,250,36,18,42,293,34,7*7E
1777598352.322,$GAGSV,3,2,09,25,29,080,39,30,17,319,28,32,27,224,36,34,66,179,46,7*7E
1777598352.323,$GAGSV,3,3,09,36,52,050,43,7*4A
1777598352.323,$GAGSV,1,1,02,07,04,296,,11,05,035,,0*7B
1777598352.324,$GBGSV,2,1,07,07,54,159,47,08,46,005,45,10,66,156,46,13,66,315,49,1*7D
1777598352.324,$GBGSV,2,2,07,23,61,346,50,25,60,115,49,28,50,259,44,1*4B
1777598352.325,$GBGSV,1,1,02,09,15,171,16,10,66,156,49,3*75
1777598352.325,$GNGLL,1339.03925,N,10029.57926,E,011912.00,A,D*78
1777598353.308,$GNRMC,011913.00,A,1339.03999,N,10029.57924,E,2.673,359.43,010526,0.53,W,R,V*50
1777598353.310,$GNVTG,359.43,T,359.96,M,2.673,N,4.951,K,D*39
1777598353.311,$GNGGA,011913.00,1339.03999,N,10029.57924,E,4,12,0.60,-0.8,M,-27.8,M,1.0,0499*62
1777598353.312,$GNGSA,A,3,01,07,14,17,06,22,30,03,19,,,,1.26,0.60,1.11,1*08
1777598353.312,$GNGSA,A,3,73,80,79,84,83,,,,,,,,1.26,0.60,1.11,2*05
1777598353.313,$GNGSA,A,3,08,03,02,30,25,34,36,,,,,,1.26,0.60,1.11,3*0E
1777598353.314,$GNGSA,A,3,07,08,10,23,25,28,13,,,,,,1.26,0.60,1.11,4*06
1777598353.314,$GPGSV,3,1,12,01,35,041,35,03,23,103,41,06,35,211,38,07,52,172,45,1*68
1777598353.315,$GPGSV,3,2,12,14,43,353,44,17,44,319,39,19,31,281,37,22,32,339,32,1*6A
1777598353.316,$GPGSV,3,3,12,30,70,256,47,41,64,233,46,42,70,217,44,50,56,115,42,1*66
1777598353.317,$GPGSV,2,1,07,01,35,041,40,03,23,103,40,06,35,211,38,07,52,172,43,6*6F
1777598353.318,$GPGSV,2,2,07,14,43,353,44,17,44,319,32,30,70,256,45,6*5B
1777598353.318,$GPGSV,1,1,03,02,06,036,,09,06,171,,40,36,256,,0*5F
1777598353.319,$GLGSV,2,1,06,73,36,350,44,79,17,128,26,80,56,077,49,82,12,023,22,1*73
1777598353.320,$GLGSV,2,2,06,83,61,354,47,84,50,235,44,1*7E
1777598353.320,$GLGSV,2,1,06,73,36,350,46,79,17,128,25,80,56,077,49,82,12,023,22,3*70
1777598353.321,$GLGSV,2,2,06,83,61,354,49,84,50,235,44,3*72
1777598353.322,$GLGSV,1,1,01,85,07,217,,0*46
1777598353.322,$GAGSV,3,1,09,02,45,012,48,03,20,196,33,08,24,250,41,15,16,206,23,2*74
1777598353.323,$GAGSV,3,2,09,18,42,293,45,25,29,080,46,30,17,319,33,34,66,179,51,2*7C
1777598353.324,$GAGSV,3,3,09,36,52,050,50,2*4D
1777598353.324,$GAGSV,3,1,09,02,45,012,45,03,20,196,25,08,24,250,33,18,42,293,37,7*7B
1777598353.325,$GAGSV,3,2,09,25,29,080,38,30,17,319,28,32,27,224,27,34,66,179,46,7*7F
1777598353.326,$GAGSV,3,3,09,36,52,050,43,7*4A
1777598353.326,$GAGSV,1,1,02,07,04,296,,11,05,035,,0*7B
1777598353.327,$GBGSV,2,1,07,07,54,159,47,08,46,005,46,10,66,156,46,13,66,315,49,1*7E
1777598353.328,$GBGSV,2,2,07,23,61,346,50,25,60,115,49,28,50,259,33,1*4B
1777598353.328,$GBGSV,1,1,02,09,15,171,17,10,66,156,49,3*74
1777598353.329,$GNGLL,1339.03999,N,10029.57924,E,011913.00,A,D*7C
1777598354.304,$GNRMC,011914.00,A,1339.04072,N,10029.57922,E,2.660,359.29,010526,0.53,W,R,V*54
1777598354.306,$GNVTG,359.29,T,359.82,M,2.660,N,4.927,K,D*33
1777598354.308,$GNGGA,011914.00,1339.04072,N,10029.57922,E,4,12,0.60,-0.8,M,-27.8,M,1.0,0499*68
1777598354.308,$GNGSA,A,3,01,07,14,17,06,22,30,03,19,,,,1.26,0.60,1.11,1*08
1777598354.309,$GNGSA,A,3,73,80,79,84,83,,,,,,,,1.26,0.60,1.11,2*05
1777598354.310,$GNGSA,A,3,08,03,02,30,25,34,36,,,,,,1.26,0.60,1.11,3*0E
1777598354.310,$GNGSA,A,3,07,08,10,23,25,28,13,,,,,,1.26,0.60,1.11,4*06
1777598354.311,$GPGSV,3,1,12,01,35,041,34,03,23,103,40,06,35,211,30,07,52,172,44,1*61
1777598354.312,$GPGSV,3,2,12,14,43,353,42,17,44,319,39,19,31,281,38,22,32,339,33,1*62
1777598354.313,$GPGSV,3,3,12,30,70,256,48,41,64,233,44,42,70,217,45,50,56,115,41,1*69
1777598354.314,$GPGSV,2,1,07,01,35,041,42,03,23,103,40,06,35,211,30,07,52,172,44,6*62
1777598354.315,$GPGSV,2,2,07,14,43,353,45,17,44,319,37,30,70,256,45,6*5F
1777598354.316,$GPGSV,1,1,03,02,06,036,,09,06,171,,40,36,256,,0*5F
1777598354.316,$GLGSV,2,1,06,73,36,350,39,79,17,128,25,80,56,077,47,82,12,023,21,1*77
1777598354.317,$GLGSV,2,2,06,83,61,354,48,84,50,235,41,1*74
1777598354.318,$GLGSV,2,1,06,73,36,350,44,79,17,128,26,80,56,077,49,82,12,023,21,3*72
1777598354.318,$GLGSV,2,2,06,83,61,354,48,84,50,235,44,3*73
1777598354.319,$GLGSV,1,1,01,85,07,217,,0*46
1777598354.319,$GAGSV,3,1,09,02,45,012,48,03,20,196,28,08,24,250,35,15,16,206,23,2*7D
1777598354.320,$GAGSV,3,2,09,18,42,293,44,25,29,080,45,30,17,319,29,34,66,179,50,2*74
1777598354.321,$GAGSV,3,3,09,36,52,050,49,2*45
1777598354.321,$GAGSV,3,1,09,02,45,012,43,03,20,196,31,08,24,250,32,18,42,293,37,7*79
1777598354.322,$GAGSV,3,2,09,25,29,080,38,30,17,319,27,32,27,224,32,34,66,179,46,7*74
1777598354.323,$GAGSV,3,3,09,36,52,050,43,7*4A
1777598354.323,$GAGSV,1,1,02,07,04,296,,11,05,035,,0*7B
1777598354.324,$GBGSV,2,1,07,07,54,159,46,08,46,005,45,10,66,156,45,13,66,315,49,1*7F
1777598354.325,$GBGSV,2,2,07,23,61,346,48,25,60,115,49,28,50,259,41,1*47
1777598354.325,$GBGSV,1,1,02,09,15,171,18,10,66,156,48,3*7A
1777598354.326,$GNGLL,1339.04072,N,10029.57922,E,011914.00,A,D*76
1777598355.308,$GNRMC,011915.00,A,1339.04144,N,10029.57921,E,2.565,358.18,010526,0.53,W,R,V*57
1777598355.310,$GNVTG,358.18,T,358.71,M,2.565,N,4.751,K,D*34
1777598355.312,$GNGGA,011915.00,1339.04144,N,10029.57921,E,4,12,0.60,-0.8,M,-27.8,M,1.0,0499*6E
1777598355.312,$GNGSA,A,3,01,07,14,17,06,22,30,03,19,,,,1.26,0.60,1.11,1*08
1777598355.313,$GNGSA,A,3,73,80,79,84,83,,,,,,,,1.26,0.60,1.11,2*05
1777598355.314,$GNGSA,A,3,08,03,02,30,25,34,36,,,,,,1.26,0.60,1.11,3*0E
1777598355.314,$GNGSA,A,3,07,08,10,23,25,28,13,,,,,,1.26,0.60,1.11,4*06
1777598355.315,$GPGSV,3,1,11,01,35,041,43,03,23,103,40,07,52,172,45,14,43,353,44,1*65
1777598355.316,$GPGSV,3,2,11,17,44,319,39,19,31,281,41,22,32,339,39,30,70,256,48,1*6D
1777598355.316,$GPGSV,3,3,11,41,64,233,48,42,70,217,45,50,56,115,43,1*5D
1777598355.317,$GPGSV,2,1,07,01,35,041,45,03,23,103,36,06,35,211,34,07,52,172,43,6*67
1777598355.318,$GPGSV,2,2,07,14,43,353,42,17,44,319,31,30,70,256,45,6*5E
1777598355.319,$GPGSV,1,1,03,02,06,036,,09,06,171,,40,36,256,,0*5F
1777598355.319,$GLGSV,2,1,06,73,36,350,42,79,17,128,25,80,56,077,49,82,12,023,22,1*76
1777598355.320,$GLGSV,2,2,06,83,61,354,49,84,50,235,46,1*72
1777598355.321,$GLGSV,2,1,06,73,36,350,43,79,17,128,26,80,56,077,47,82,12,023,22,3*78
1777598355.321,$GLGSV,2,2,06,83,61,354,48,84,50,235,44,3*73
1777598355.322,$GLGSV,1,1,01,85,07,217,,0*46
1777598355.322,$GAGSV,3,1,09,02,45,012,49,03,20,196,29,08,24,250,39,15,16,206,24,2*76
1777598355.323,$GAGSV,3,2,09,18,42,293,42,25,29,080,42,30,17,319,35,34,66,179,52,2*7A
1777598355.324,$GAGSV,3,3,09,36,52,050,50,2*4D
1777598355.324,$GAGSV,3,1,09,02,45,012,43,03,20,196,33,08,24,250,35,18,42,293,34,7*7F
1777598355.325,$GAGSV,3,2,09,25,29,080,37,30,17,319,37,32,27,224,36,34,66,179,46,7*7E
1777598355.326,$GAGSV,3,3,09,36,52,050,44,7*4D
1777598355.326,$GAGSV,1,1,02,07,04,296,,11,05,035,,0*7B
1777598355.327,$GBGSV,2,1,07,07,54,159,47,08,46,005,45,10,66,156,46,13,66,315,48,1*7C
1777598355.327,$GBGSV,2,2,07,23,61,346,50,25,60,115,48,28,50,259,46,1*48
1777598355.328,$GBGSV,1,1,02,09,15,171,19,10,66,156,48,3*7B
1777598355.329,$GNGLL,1339.04144,N,10029.57921,E,011915.00,A,D*70
1777598356.308,$GNRMC,011916.00,A,1339.04216,N,10029.57920,E,2.599,359.01,010526,0.53,W,R,V*5B
1777598356.310,$GNVTG,359.01,T,359.54,M,2.599,N,4.814,K,D*36
1777598356.312,$GNGGA,011916.00,1339.04216,N,10029.57920,E,4,12,0.58,-0.8,M,-27.8,M,1.0,0499*63
1777598356.314,$GNGSA,A,3,01,07,14,17,06,22,30,03,19,,,,1.18,0.58,1.03,1*0D
1777598356.315,$GNGSA,A,3,73,80,79,84,83,,,,,,,,1.18,0.58,1.03,2*00
1777598356.317,$GNGSA,A,3,08,03,02,30,25,34,36,,,,,,1.18,0.58,1.03,3*0B
1777598356.319,$GNGSA,A,3,07,08,10,23,25,28,13,,,,,,1.18,0.58,1.03,4*03
1777598356.321,$GPGSV,3,1,12,01,35,041,41,03,23,103,39,06,35,211,33,07,52,172,45,1*6F
1777598356.323,$GPGSV,3,2,12,14,43,353,42,17,44,319,39,19,31,281,41,22,32,339,37,1*68
1777598356.325,$GPGSV,3,3,12,30,70,256,48,41,64,233,46,42,70,217,46,50,56,115,41,1*68
1777598356.328,$GPGSV,2,1,07,01,35,041,46,03,23,103,36,06,35,211,37,07,52,172,43,6*67
1777598356.330,$GPGSV,2,2,07,14,43,353,41,17,44,319,38,30,70,256,44,6*55
1777598356.332,$GPGSV,1,1,03,02,06,036,,09,06,171,,40,36,256,,0*5F
1777598356.334,$GLGSV,2,1,06,73,36,350,40,79,17,128,25,80,56,077,49,82,12,023,22,1*74
1777598356.336,$GLGSV,2,2,06,83,61,354,49,84,50,235,44,1*70
1777598356.338,$GLGSV,2,1,06,73,36,350,42,79,17,128,31,80,56,077,49,82,12,023,22,3*71
1777598356.340,$GLGSV,2,2,06,83,61,354,50,84,50,235,46,3*78
1777598356.341,$GLGSV,1,1,01,85,07,217,,0*46
1777598356.342,$GAGSV,3,1,09,02,45,012,50,03,20,196,36,08,24,250,39,15,16,206,27,2*73
1777598356.343,$GAGSV,3,2,09,18,42,293,39,25,29,080,41,30,17,319,40,34,66,179,50,2*75
1777598356.343,$GAGSV,3,3,09,36,52,050,50,2*4D
1777598356.344,$GAGSV,3,1,09,02,45,012,44,03,20,196,33,08,24,250,27,18,42,293,34,7*7B
1777598356.345,$GAGSV,3,2,09,25,29,080,34,30,17,319,31,32,27,224,38,34,66,179,45,7*76
1777598356.345,$GAGSV,3,3,09,36,52,050,45,7*4C
1777598356.346,$GAGSV,1,1,02,07,04,296,,11,05,035,,0*7B
1777598356.346,$GBGSV,2,1,07,07,54,159,47,08,46,005,46,10,66,156,45,13,66,315,49,1*7D
1777598356.347,$GBGSV,2,2,07,23,61,346,50,25,60,115,47,28,50,259,45,1*44
1777598356.348,$GBGSV,1,1,02,09,15,171,20,10,66,156,49,3*70
1777598356.348,$GNGLL,1339.04216,N,10029.57920,E,011916.00,A,D*76
1777598357.306,$GNRMC,011917.00,A,1339.04288,N,10029.57918,E,2.556,359.80,010526,0.53,W,R,V*5C
1777598357.308,$GNVTG,359.80,T,0.33,M,2.556,N,4.734,K,D*3F
1777598357.310,$GNGGA,011917.00,1339.04288,N,10029.57918,E,4,12,0.60,-0.8,M,-27.8,M,1.0,0499*65
1777598357.311,$GNGSA,A,3,01,07,14,17,06,22,30,03,19,,,,1.26,0.60,1.11,1*08
1777598357.311,$GNGSA,A,3,73,80,79,84,83,,,,,,,,1.26,0.60,1.11,2*05
1777598357.312,$GNGSA,A,3,08,03,02,30,25,34,36,,,,,,1.26,0.60,1.11,3*0E
1777598357.312,$GNGSA,A,3,07,08,10,23,25,28,13,,,,,,1.26,0.60,1.11,4*06
1777598357.313,$GPGSV,3,1,12,01,35,041,40,03,23,103,41,06,35,211,34,07,52,172,45,1*66
1777598357.314,$GPGSV,3,2,12,14,43,353,43,17,44,319,41,19,31,281,41,22,32,339,41,1*67
1777598357.315,$GPGSV,3,3,12,30,70,256,48,41,64,233,48,42,70,217,44,50,56,115,41,1*64
1777598357.316,$GPGSV,2,1,07,01,35,041,42,03,23,103,38,06,35,211,31,07,52,172,43,6*6B
1777598357.317,$GPGSV,2,2,07,14,43,353,43,17,44,319,38,30,70,256,46,6*55
1777598357.317,$GPGSV,1,1,03,02,06,036,,09,06,171,,40,36,256,,0*5F
1777598357.318,$GLGSV,2,1,06,73,36,350,42,79,17,128,25,80,56,077,49,82,12,023,22,1*76
1777598357.319,$GLGSV,2,2,06,83,61,354,48,84,50,235,40,1*75
1777598357.319,$GLGSV,2,1,06,73,36,350,43,79,17,128,24,80,56,077,49,82,12,023,23,3*75
1777598357.320,$GLGSV,2,2,06,83,61,354,49,84,50,235,46,3*70
1777598357.321,$GLGSV,1,1,01,85,07,217,,0*46
1777598357.321,$GAGSV,3,1,09,02,45,012,47,03,20,196,33,08,24,250,35,15,16,206,26,2*7D
1777598357.322,$GAGSV,3,2,09,18,42,293,44,25,29,080,35,30,17,319,36,34,66,179,50,2*7D
1777598357.322,$GAGSV,3,3,09,36,52,050,50,2*4D
1777598357.323,$GAGSV,3,1,09,02,45,012,44,03,20,196,34,08,24,250,36,18,42,293,35,7*7D
1777598357.324,$GAGSV,3,2,09,25,29,080,34,30,17,319,34,32,27,224,33,34,66,179,45,7*78
1777598357.324,$GAGSV,3,3,09,36,52,050,45,7*4C
1777598357.325,$GAGSV,1,1,02,07,04,296,,11,05,035,,0*7B
1777598357.326,$GBGSV,2,1,07,07,54,159,47,08,46,005,46,10,66,156,46,13,66,315,49,1*7E
1777598357.326,$GBGSV,2,2,07,23,61,346,48,25,60,115,47,28,50,259,48,1*40
1777598357.327,$GBGSV,1,1,03,09,15,171,18,10,66,156,48,13,66,315,05,3*4B
1777598357.328,$GNGLL,1339.04288,N,10029.57918,E,011917.00,A,D*7B
1777598358.306,$GNRMC,011918.00,A,1339.04360,N,10029.57918,E,2.596,359.77,010526,0.53,W,R,V*50
1777598358.308,$GNVTG,359.77,T,0.30,M,2.596,N,4.807,K,D*37
1777598358.310,$GNGGA,011918.00,1339.04360,N,10029.57918,E,4,12,0.60,-0.9,M,-27.8,M,1.0,0499*6C
1777598358.311,$GNGSA,A,3,01,07,14,17,06,22,30,03,19,,,,1.26,0.60,1.11,1*08
1777598358.311,$GNGSA,A,3,73,80,84,83,,,,,,,,,1.26,0.60,1.11,2*0B
1777598358.312,$GNGSA,A,3,08,03,15,02,30,25,34,36,,,,,1.26,0.60,1.11,3*0A
1777598358.312,$GNGSA,A,3,07,08,10,23,25,28,13,,,,,,1.26,0.60,1.11,4*06
1777598358.313,$GPGSV,3,1,12,01,35,041,39,03,23,103,36,06,35,211,38,07,52,172,44,1*65
1777598358.314,$GPGSV,3,2,12,14,43,353,44,17,44,319,37,19,31,281,32,22,32,339,40,1*64
1777598358.315,$GPGSV,3,3,12,30,70,256,43,41,64,233,46,42,70,217,46,50,56,115,42,1*60
1777598358.316,$GPGSV,2,1,07,01,35,041,45,03,23,103,34,06,35,211,37,07,52,172,46,6*63
1777598358.317,$GPGSV,2,2,07,14,43,353,45,17,44,319,39,30,70,256,45,6*51
1777598358.318,$GPGSV,1,1,03,02,06,036,,09,06,171,,40,36,256,,0*5F
1777598358.319,$GLGSV,2,1,06,73,36,350,43,79,17,128,26,80,56,077,48,82,12,023,22,1*75
1777598358.319,$GLGSV,2,2,06,83,61,354,47,84,50,235,49,1*73
1777598358.320,$GLGSV,2,1,06,73,36,350,45,79,17,128,26,80,56,077,49,82,12,023,22,3*70
1777598358.321,$GLGSV,2,2,06,83,61,354,48,84,50,235,47,3*70
1777598358.321,$GLGSV,1,1,01,85,07,217,,0*46
1777598358.322,$GAGSV,3,1,09,02,45,012,48,03,20,196,29,08,24,250,43,15,16,206,32,2*7D
1777598358.322,$GAGSV,3,2,09,18,42,293,43,25,29,080,37,30,17,319,41,34,66,179,51,2*79
1777598358.323,$GAGSV,3,3,09,36,52,050,51,2*4C
1777598358.324,$GAGSV,3,1,09,02,45,012,44,03,20,196,24,08,24,250,32,18,42,293,35,7*78
1777598358.324,$GAGSV,3,2,09,25,29,080,29,30,17,319,35,32,27,224,33,34,66,179,46,7*76
1777598358.325,$GAGSV,3,3,09,36,52,050,42,7*4B
1777598358.326,$GAGSV,1,1,02,07,04,296,,11,05,035,,0*7B
1777598358.326,$GBGSV,2,1,07,07,54,159,47,08,46,005,45,10,66,156,45,13,66,315,48,1*7F
1777598358.327,$GBGSV,2,2,07,23,61,346,48,25,60,115,49,28,50,259,46,1*40
1777598358.327,$GBGSV,1,1,03,09,15,171,19,10,66,156,48,13,66,315,07,3*48
1777598358.328,$GNGLL,1339.04360,N,10029.57918,E,011918.00,A,D*73
1777598359.305,$GNRMC,011919.00,A,1339.04432,N,10029.57919,E,2.592,0.45,010526,0.53,W,R,V*5A
1777598359.307,$GNVTG,0.45,T,0.98,M,2.592,N,4.801,K,D*39
1777598359.309,$GNGGA,011919.00,1339.04432,N,10029.57919,E,4,12,0.60,-0.9,M,-27.8,M,1.0,0499*6C
1777598359.309,$GNGSA,A,3,01,07,14,17,06,22,30,03,19,,,,1.26,0.60,1.11,1*08
1777598359.310,$GNGSA,A,3,73,80,79,84,83,,,,,,,,1.26,0.60,1.11,2*05
1777598359.311,$GNGSA,A,3,08,03,02,30,25,34,36,,,,,,1.26,0.60,1.11,3*0E
1777598359.311,$GNGSA,A,3,07,08,10,23,25,28,13,,,,,,1.26,0.60,1.11,4*06
1777598359.312,$GPGSV,3,1,12,01,35,041,37,03,23,103,33,06,35,211,33,07,52,172,46,1*67
1777598359.313,$GPGSV,3,2,12,14,43,353,43,17,44,319,31,19,31,281,36,22,32,339,38,1*6E
1777598359.314,$GPGSV,3,3,12,30,70,256,45,41,64,233,44,42,70,217,43,50,56,115,40,1*63
1777598359.315,$GPGSV,2,1,07,01,35,041,43,03,23,103,35,06,35,211,36,07,52,172,44,6*67
1777598359.316,$GPGSV,2,2,07,14,43,353,46,17,44,319,36,30,70,256,42,6*5A
1777598359.316,$GPGSV,1,1,03,02,06,036,,09,06,171,,40,36,256,,0*5F
1777598359.317,$GLGSV,2,1,06,73,36,350,43,79,17,128,26,80,56,077,49,82,12,023,21,1*77
1777598359.318,$GLGSV,2,2,06,83,61,354,48,84,50,235,45,1*70
1777598359.318,$GLGSV,2,1,06,73,36,350,43,79,17,128,31,80,56,077,49,82,12,023,23,3*71
1777598359.319,$GLGSV,2,2,06,83,61,354,48,84,50,235,43,3*74
1777598359.320,$GLGSV,1,1,01,85,07,217,,0*46
1777598359.320,$GAGSV,3,1,09,02,45,012,49,03,20,196,29,08,24,250,36,15,16,206,27,2*7A
1777598359.321,$GAGSV,3,2,09,18,42,293,43,25,29,080,33,30,17,319,41,34,66,179,50,2*7C
1777598359.321,$GAGSV,3,3,09,36,52,050,51,2*4C
1777598359.322,$GAGSV,3,1,09,02,45,012,44,03,20,196,26,08,24,250,33,18,42,293,38,7*76
1777598359.323,$GAGSV,3,2,09,25,29,080,37,30,17,319,36,32,27,224,29,34,66,179,46,7*71
1777598359.323,$GAGSV,3,3,09,36,52,050,45,7*4C
1777598359.324,$GAGSV,1,1,02,07,04,296,,11,05,035,,0*7B
1777598359.325,$GBGSV,2,1,07,07,54,159,47,08,46,005,45,10,66,156,47,13,66,315,49,1*7C
1777598359.325,$GBGSV,2,2,07,23,61,346,50,25,60,115,49,28,50,259,43,1*4C
1777598359.326,$GBGSV,1,1,03,09,15,171,20,10,66,156,49,13,66,315,08,3*4C
1777598359.327,$GNGLL,1339.04432,N,10029.57919,E,011919.00,A,D*73
1777598360.304,$GNRMC,011920.00,A,1339.04504,N,10029.57918,E,2.560,0.18,010526,0.53,W,R,V*50
1777598360.306,$GNVTG,0.18,T,0.71,M,2.560,N,4.741,K,D*30
1777598360.307,$GNGGA,011920.00,1339.04504,N,10029.57918,E,4,12,0.61,-0.9,M,-27.8,M,1.0,0499*62
1777598360.308,$GNGSA,A,3,01,07,14,17,06,22,30,03,19,,,,1.27,0.61,1.11,1*08
1777598360.309,$GNGSA,A,3,73,80,79,84,83,,,,,,,,1.27,0.61,1.11,2*05
1777598360.309,$GNGSA,A,3,08,15,02,30,25,34,36,,,,,,1.27,0.61,1.11,3*09
1777598360.310,$GNGSA,A,3,07,08,10,23,25,28,13,,,,,,1.27,0.61,1.11,4*06
1777598360.310,$GPGSV,3,1,12,01,35,041,38,03,23,103,35,06,35,211,38,07,52,172,45,1*66
1777598360.311,$GPGSV,3,2,12,14,43,353,44,17,44,319,43,19,31,281,39,22,32,339,39,1*62
1777598360.312,$GPGSV,3,3,12,30,70,256,45,41,64,233,38,42,70,217,44,50,56,115,40,1*6F
1777598360.313,$GPGSV,2,1,07,01,35,041,41,03,23,103,25,06,35,211,34,07,52,172,45,6*67
1777598360.314,$GPGSV,2,2,07,14,43,353,41,17,44,319,37,30,70,256,44,6*5A
1777598360.315,$GPGSV,1,1,03,02,06,036,,09,06,171,,40,36,256,,0*5F
1777598360.316,$GLGSV,2,1,06,73,36,350,43,79,17,128,26,80,56,077,47,82,12,023,21,1*79
1777598360.316,$GLGSV,2,2,06,83,61,354,48,84,50,235,44,1*71
1777598360.317,$GLGSV,2,1,06,73,36,350,47,79,17,128,31,80,56,077,48,82,12,023,22,3*75
1777598360.317,$GLGSV,2,2,06,83,61,354,49,84,50,235,44,3*72
1777598360.318,$GLGSV,1,1,01,85,07,217,,0*46
1777598360.319,$GAGSV,3,1,09,02,45,012,50,03,20,196,23,08,24,250,40,15,16,206,32,2*7D
1777598360.319,$GAGSV,3,2,09,18,42,293,38,25,29,080,36,30,17,319,43,34,66,179,50,2*77
1777598360.320,$GAGSV,3,3,09,36,52,050,50,2*4D
1777598360.321,$GAGSV,3,1,09,02,45,012,43,03,20,196,30,08,24,250,28,18,42,293,36,7*72
1777598360.321,$GAGSV,3,2,09,25,29,080,34,30,17,319,40,32,27,224,29,34,66,179,47,7*72
1777598360.322,$GAGSV,3,3,09,36,52,050,44,7*4D
1777598360.322,$GAGSV,1,1,02,07,04,296,,11,05,035,,0*7B
1777598360.323,$GBGSV,2,1,07,07,54,159,47,08,46,005,46,10,66,156,45,13,66,315,49,1*7D
1777598360.324,$GBGSV,2,2,07,23,61,346,48,25,60,115,49,28,50,259,38,1*49
1777598360.324,$GBGSV,1,1,03,09,15,171,21,10,66,156,49,13,66,315,08,3*4D
1777598360.325,$GNGLL,1339.04504,N,10029.57918,E,011920.00,A,D*7C
1777598361.312,$GNRMC,011921.00,A,1339.04576,N,10029.57919,E,2.618,1.33,010526,0.53,W,R,V*51
1777598361.314,$GNVTG,1.33,T,1.86,M,2.618,N,4.849,K,D*3A
1777598361.316,$GNGGA,011921.00,1339.04576,N,10029.57919,E,4,12,0.60,-1.0,M,-27.8,M,1.0,0499*6E
1777598361.316,$GNGSA,A,3,01,07,14,17,06,22,30,03,19,,,,1.26,0.60,1.11,1*08
1777598361.317,$GNGSA,A,3,73,80,84,83,,,,,,,,,1.26,0.60,1.11,2*0B
1777598361.317,$GNGSA,A,3,08,15,03,02,30,25,34,36,,,,,1.26,0.60,1.11,3*0A
1777598361.318,$GNGSA,A,3,07,08,10,23,25,28,13,,,,,,1.26,0.60,1.11,4*06
1777598361.319,$GPGSV,3,1,12,01,35,041,32,03,23,103,28,06,35,211,41,07,52,172,45,1*6E
1777598361.319,$GPGSV,3,2,12,14,43,353,41,17,44,319,38,19,31,281,38,22,32,339,39,1*6A
1777598361.321,$GPGSV,3,3,12,30,70,256,45,41,64,233,45,42,70,217,44,50,56,115,40,1*65
1777598361.322,$GPGSV,2,1,07,01,35,041,39,03,23,103,31,06,35,211,39,07,52,172,45,6*60
1777598361.323,$GPGSV,2,2,07,14,43,353,43,17,44,319,36,30,70,256,43,6*5E
1777598361.323,$GPGSV,1,1,03,02,06,036,,09,06,171,,40,36,256,,0*5F
1777598361.324,$GLGSV,2,1,06,73,36,350,46,79,17,128,25,80,56,077,47,82,12,023,21,1*7F
1777598361.325,$GLGSV,2,2,06,83,61,354,47,84,50,235,45,1*7F
1777598361.325,$GLGSV,2,1,06,73,36,350,48,79,17,128,27,80,56,077,50,82,12,023,24,3*72
1777598361.326,$GLGSV,2,2,06,83,61,354,47,84,50,235,43,3*7B
1777598361.326,$GLGSV,1,1,01,85,07,217,,0*46
1777598361.327,$GAGSV,3,1,09,02,45,012,50,03,20,196,34,08,24,250,31,15,16,206,34,2*7B
1777598361.328,$GAGSV,3,2,09,18,42,293,40,25,29,080,38,30,17,319,33,34,66,179,49,2*79
1777598361.328,$GAGSV,3,3,09,36,52,050,50,2*4D
1777598361.329,$GAGSV,3,1,09,02,45,012,45,03,20,196,26,08,24,250,27,18,42,293,36,7*7C
1777598361.330,$GAGSV,3,2,09,25,29,080,36,30,17,319,30,32,27,224,38,34,66,179,45,7*75
1777598361.330,$GAGSV,3,3,09,36,52,050,44,7*4D
1777598361.331,$GAGSV,1,1,02,07,04,296,,11,05,035,,0*7B
1777598361.332,$GBGSV,2,1,07,07,54,159,47,08,46,005,47,10,66,156,46,13,66,315,45,1*73
1777598361.332,$GBGSV,2,2,07,23,61,346,48,25,60,115,49,28,50,259,46,1*40
1777598361.333,$GBGSV,1,1,03,09,15,171,23,10,66,156,48,13,66,315,07,3*41
1777598361.333,$GNGLL,1339.04576,N,10029.57919,E,011921.00,A,D*79
1777598362.309,$GNRMC,011922.00,A,1339.04648,N,10029.57920,E,2.609,0.97,010526,0.53,W,R,V*59
1777598362.311,$GNVTG,0.97,T,1.50,M,2.609,N,4.833,K,D*33
1777598362.312,$GNGGA,011922.00,1339.04648,N,10029.57920,E,4,12,0.60,-1.0,M,-27.8,M,1.0,0499*69
1777598362.313,$GNGSA,A,3,01,07,14,17,06,22,30,03,19,,,,1.26,0.60,1.11,1*08
1777598362.313,$GNGSA,A,3,73,80,84,83,,,,,,,,,1.26,0.60,1.11,2*0B
1777598362.314,$GNGSA,A,3,08,15,03,02,30,25,34,36,,,,,1.26,0.60,1.11,3*0A
1777598362.315,$GNGSA,A,3,07,08,10,23,25,28,13,,,,,,1.26,0.60,1.11,4*06
1777598362.315,$GPGSV,3,1,12,01,35,041,36,03,23,103,35,06,35,211,37,07,52,172,45,1*67
1777598362.316,$GPGSV,3,2,12,14,43,353,44,17,44,319,35,19,31,281,33,22,32,339,37,1*67
1777598362.317,$GPGSV,3,3,12,30,70,256,40,41,64,233,42,42,70,217,45,50,56,115,40,1*66
1777598362.318,$GPGSV,2,1,07,01,35,041,42,03,23,103,34,06,35,211,37,07,52,172,44,6*66
1777598362.319,$GPGSV,2,2,07,14,43,353,44,17,44,319,33,30,70,256,45,6*5A
1777598362.320,$GPGSV,1,1,03,02,06,036,,09,06,171,,40,36,256,,0*5F
1777598362.321,$GLGSV,2,1,06,73,36,350,45,79,17,128,25,80,56,077,46,82,12,023,21,1*7D
1777598362.321,$GLGSV,2,2,06,83,61,354,49,84,50,235,42,1*76
1777598362.322,$GLGSV,2,1,06,73,36,350,44,79,17,128,28,80,56,077,46,82,12,023,24,3*76
1777598362.323,$GLGSV,2,2,06,83,61,354,48,84,50,235,46,3*71
1777598362.323,$GLGSV,1,1,01,85,07,217,,0*46
1777598362.324,$GAGSV,3,1,09,02,45,012,50,03,20,196,31,08,24,250,38,15,16,206,34,2*77
1777598362.325,$GAGSV,3,2,09,18,42,293,43,25,29,080,39,30,17,319,33,34,66,179,50,2*73
1777598362.325,$GAGSV,3,3,09,36,52,050,49,2*45
1777598362.326,$GAGSV,3,1,09,02,45,012,45,03,20,196,25,08,24,250,35,18,42,293,35,7*7F
1777598362.327,$GAGSV,3,2,09,25,29,080,38,30,17,319,34,32,27,224,36,34,66,179,45,7*71
1777598362.327,$GAGSV,3,3,09,36,52,050,43,7*4A
1777598362.328,$GAGSV,1,1,02,07,04,296,,11,05,035,,0*7B
1777598362.328,$GBGSV,2,1,07,07,54,159,47,08,46,005,48,10,66,156,45,13,66,315,48,1*72
1777598362.329,$GBGSV,2,2,07,23,61,346,51,25,60,115,48,28,50,259,38,1*40
1777598362.330,$GBGSV,1,1,03,09,15,171,24,10,66,156,49,13,66,315,07,3*47
1777598362.330,$GNGLL,1339.04648,N,10029.57920,E,011922.00,A,D*7E
1777598363.305,$GNRMC,011923.00,A,1339.04720,N,10029.57920,E,2.592,0.76,010526,0.53,W,R,V*59
1777598363.307,$GNVTG,0.76,T,1.29,M,2.592,N,4.801,K,D*32
1777598363.309,$GNGGA,011923.00,1339.04720,N,10029.57920,E,4,12,0.61,-0.9,M,-27.8,M,1.0,0499*6E
1777598363.310,$GNGSA,A,3,01,07,14,17,06,22,30,03,19,,,,1.27,0.61,1.11,1*08
1777598363.310,$GNGSA,A,3,73,80,79,84,83,,,,,,,,1.27,0.61,1.11,2*05
1777598363.311,$GNGSA,A,3,08,15,02,30,25,34,36,,,,,,1.27,0.61,1.11,3*09
1777598363.311,$GNGSA,A,3,07,08,10,23,25,28,13,,,,,,1.27,0.61,1.11,4*06
1777598363.312,$GPGSV,3,1,12,01,35,041,34,03,23,103,25,06,35,211,38,07,52,172,45,1*6B
1777598363.313,$GPGSV,3,2,12,14,43,353,41,17,44,320,42,19,31,281,38,22,32,339,39,1*6D
1777598363.314,$GPGSV,3,3,12,30,70,256,46,41,64,233,40,42,70,217,41,50,56,115,41,1*67
1777598363.315,$GPGSV,2,1,07,01,35,041,41,03,23,103,30,06,35,211,39,07,52,172,43,6*68
1777598363.316,$GPGSV,2,2,07,14,43,353,44,17,44,320,35,30,70,256,43,6*50
1777598363.316,$GPGSV,1,1,03,02,06,036,,09,06,171,,40,36,256,,0*5F
1777598363.317,$GLGSV,2,1,06,73,36,350,47,79,17,128,25,80,56,077,50,82,12,023,21,1*78
1777598363.318,$GLGSV,2,2,06,83,61,354,48,84,50,235,42,1*77
1777598363.318,$GLGSV,2,1,06,73,36,350,43,79,17,128,29,80,56,077,47,82,12,023,23,3*76
1777598363.319,$GLGSV,2,2,06,83,61,354,50,84,50,235,47,3*79
1777598363.320,$GLGSV,1,1,01,85,07,217,,0*46
1777598363.320,$GAGSV,3,1,09,02,45,012,50,03,20,196,27,08,24,250,42,15,16,206,32,2*7B
1777598363.321,$GAGSV,3,2,09,18,42,293,46,25,29,080,45,30,17,319,37,34,66,179,52,2*7B
1777598363.321,$GAGSV,3,3,09,36,52,050,47,2*4B
1777598363.322,$GAGSV,3,1,09,02,45,012,45,03,20,196,25,08,24,250,35,18,42,293,40,7*7D
1777598363.323,$GAGSV,3,2,09,25,29,080,37,30,17,319,30,32,27,224,41,34,66,179,45,7*7A
1777598363.323,$GAGSV,3,3,09,36,52,050,40,7*49
1777598363.324,$GAGSV,1,1,02,07,04,296,,11,05,035,,0*7B
1777598363.325,$GBGSV,2,1,07,07,54,159,47,08,46,005,46,10,66,156,47,13,66,315,47,1*71
1777598363.325,$GBGSV,2,2,07,23,61,346,48,25,60,115,48,28,50,259,36,1*46
1777598363.326,$GBGSV,1,1,03,09,15,171,23,10,66,156,48,13,66,315,07,3*41
1777598363.327,$GNGLL,1339.04720,N,10029.57920,E,011923.00,A,D*70
1777598364.309,$GNRMC,011924.00,A,1339.04794,N,10029.57920,E,2.635,0.20,010526,0.53,W,R,V*5C
1777598364.310,$GNVTG,0.20,T,0.73,M,2.635,N,4.880,K,D*38
1777598364.312,$GNGGA,011924.00,1339.04794,N,10029.57920,E,4,12,0.64,-0.9,M,-27.8,M,1.0,0499*63
1777598364.313,$GNGSA,A,3,01,07,14,17,06,22,30,03,19,,,,1.41,0.64,1.26,1*09
1777598364.313,$GNGSA,A,3,73,80,79,84,83,,,,,,,,1.41,0.64,1.26,2*04
1777598364.314,$GNGSA,A,3,08,15,02,30,25,34,36,,,,,,1.41,0.64,1.26,3*08
1777598364.314,$GNGSA,A,3,07,08,10,23,25,28,13,,,,,,1.41,0.64,1.26,4*07
1777598364.315,$GPGSV,3,1,12,01,35,041,39,03,23,103,37,06,35,211,33,07,52,172,46,1*6D
1777598364.316,$GPGSV,3,2,12,14,43,353,43,17,44,320,37,19,31,281,37,22,32,339,40,1*6C
1777598364.317,$GPGSV,3,3,12,30,70,256,46,41,64,233,43,42,70,217,43,50,56,115,42,1*65
1777598364.318,$GPGSV,2,1,07,01,35,041,43,03,23,103,39,06,35,211,40,07,52,172,44,6*6A
1777598364.319,$GPGSV,2,2,07,14,43,353,44,17,44,320,30,30,70,256,46,6*50
1777598364.319,$GPGSV,1,1,03,02,06,036,,09,06,171,,40,36,256,,0*5F
1777598364.320,$GLGSV,2,1,06,73,36,350,46,79,17,128,25,80,56,077,48,82,12,023,22,1*73
1777598364.321,$GLGSV,2,2,06,83,61,354,47,84,50,235,41,1*7B
1777598364.321,$GLGSV,2,1,06,73,36,350,48,79,17,128,27,80,56,077,45,82,12,023,23,3*71
1777598364.322,$GLGSV,2,2,06,83,61,354,47,84,50,235,42,3*7A
1777598364.322,$GLGSV,1,1,01,85,07,217,,0*46
1777598364.323,$GAGSV,3,1,09,02,45,012,49,03,20,196,35,08,24,250,42,15,16,206,32,2*70
1777598364.324,$GAGSV,3,2,09,18,42,293,43,25,29,080,35,30,17,319,39,34,66,179,51,2*74
1777598364.324,$GAGSV,3,3,09,36,52,050,46,2*4A
1777598364.325,$GAGSV,3,1,09,02,45,012,44,03,20,196,26,08,24,250,39,18,42,293,38,7*7C
1777598364.326,$GAGSV,3,2,09,25,29,080,37,30,17,319,35,32,27,224,32,34,66,179,45,7*7B
1777598364.326,$GAGSV,3,3,09,36,52,050,38,7*46
1777598364.327,$GAGSV,1,1,02,07,04,296,,11,05,035,,0*7B
1777598364.327,$GBGSV,2,1,07,07,54,159,47,08,46,005,45,10,66,156,45,13,66,315,44,1*73
1777598364.328,$GBGSV,2,2,07,23,61,346,48,25,60,115,50,28,50,259,44,1*4A
1777598364.329,$GBGSV,1,1,03,09,15,171,22,10,66,156,49,13,66,315,07,3*41
1777598364.329,$GNGLL,1339.04794,N,10029.57920,E,011924.00,A,D*78
1777598365.310,$GNRMC,011925.00,A,1339.04868,N,10029.57920,E,2.650,1.32,010526,0.53,W,R,V*50
1777598365.312,$GNVTG,1.32,T,1.85,M,2.650,N,4.907,K,D*3F
1777598365.313,$GNGGA,011925.00,1339.04868,N,10029.57920,E,4,12,0.60,-0.9,M,-27.8,M,1.0,0499*6A
1777598365.314,$GNGSA,A,3,01,07,14,17,06,22,30,03,19,,,,1.26,0.60,1.11,1*08
1777598365.314,$GNGSA,A,3,73,80,84,83,,,,,,,,,1.26,0.60,1.11,2*0B
1777598365.315,$GNGSA,A,3,08,15,03,02,30,25,34,36,,,,,1.26,0.60,1.11,3*0A
1777598365.315,$GNGSA,A,3,07,08,10,23,25,28,13,,,,,,1.26,0.60,1.11,4*06
1777598365.316,$GPGSV,3,1,12,01,35,041,38,03,23,103,39,06,35,211,37,07,52,172,45,1*65
1777598365.317,$GPGSV,3,2,12,14,43,353,42,17,44,320,38,19,31,282,38,22,32,339,38,1*61
1777598365.318,$GPGSV,3,3,12,30,70,256,46,41,64,233,48,42,70,217,47,50,56,115,41,1*69
1777598365.319,$GPGSV,2,1,07,01,35,041,44,03,23,103,35,06,35,211,39,07,52,172,44,6*6F
1777598365.320,$GPGSV,2,2,07,14,43,353,45,17,44,320,36,30,70,256,45,6*54
1777598365.321,$GPGSV,1,1,03,02,06,036,,09,06,171,,40,36,256,,0*5F
1777598365.321,$GLGSV,2,1,06,73,36,350,43,79,17,128,24,80,56,077,45,82,12,023,23,1*7B
1777598365.322,$GLGSV,2,2,06,83,61,354,47,84,50,235,41,1*7B
1777598365.323,$GLGSV,2,1,06,73,36,350,46,79,17,128,27,80,56,077,42,82,12,023,24,3*7F
1777598365.323,$GLGSV,2,2,06,83,61,354,47,84,50,235,45,3*7D
1777598365.324,$GLGSV,1,1,01,85,07,217,,0*46
1777598365.324,$GAGSV,3,1,09,02,45,012,49,03,20,196,38,08,24,250,42,15,16,206,33,2*7C
1777598365.325,$GAGSV,3,2,09,18,42,293,40,25,29,080,42,30,17,319,39,34,66,179,50,2*76
1777598365.326,$GAGSV,3,3,09,36,52,050,50,2*4D
1777598365.326,$GAGSV,3,1,09,02,45,012,45,03,20,196,28,08,24,250,39,18,42,293,36,7*7D
1777598365.327,$GAGSV,3,2,09,25,29,080,38,30,17,319,35,32,27,224,29,34,66,179,45,7*7E
1777598365.328,$GAGSV,3,3,09,36,52,050,43,7*4A
1777598365.328,$GAGSV,1,1,02,07,04,296,,11,05,035,,0*7B
1777598365.329,$GBGSV,2,1,07,07,54,159,47,08,46,005,46,10,66,156,47,13,66,315,50,1*77
1777598365.330,$GBGSV,2,2,07,23,61,346,45,25,60,115,46,28,50,259,43,1*47
1777598365.330,$GBGSV,1,1,03,09,15,171,21,10,66,156,50,13,66,315,07,3*4A
1777598365.331,$GNGLL,1339.04868,N,10029.57920,E,011925.00,A,D*75
1777598366.311,$GNRMC,011926.00,A,1339.04943,N,10029.57920,E,2.677,0.13,010526,0.53,W,R,V*5C
1777598366.312,$GNVTG,0.13,T,0.66,M,2.677,N,4.959,K,D*3F
1777598366.314,$GNGGA,011926.00,1339.04943,N,10029.57920,E,4,12,0.62,-0.9,M,-27.8,M,1.0,0499*63
1777598366.314,$GNGSA,A,3,01,07,14,17,06,22,30,03,19,,,,1.30,0.62,1.14,1*08
1777598366.315,$GNGSA,A,3,79,73,80,84,83,,,,,,,,1.30,0.62,1.14,2*05
1777598366.315,$GNGSA,A,3,08,03,02,30,25,34,36,,,,,,1.30,0.62,1.14,3*0E
1777598366.316,$GNGSA,A,3,07,08,10,23,25,28,13,,,,,,1.30,0.62,1.14,4*06
1777598366.316,$GPGSV,3,1,12,01,35,041,38,03,23,103,31,06,35,211,35,07,52,172,44,1*6E
1777598366.317,$GPGSV,3,2,12,14,43,353,44,17,44,320,38,19,31,282,38,22,32,339,35,1*6A
1777598366.318,$GPGSV,3,3,12,30,70,256,38,41,64,233,46,42,70,217,43,50,56,115,41,1*6A
1777598366.318,$GPGSV,2,1,07,01,35,041,40,03,23,103,33,06,35,211,40,07,52,172,45,6*62
1777598366.319,$GPGSV,2,2,07,14,43,353,43,17,44,320,43,30,70,256,38,6*5A
1777598366.319,$GPGSV,1,1,03,02,06,036,,09,06,171,,40,36,256,,0*5F
1777598366.320,$GLGSV,2,1,06,73,36,350,43,79,17,128,26,80,56,077,45,82,12,023,23,1*79
1777598366.320,$GLGSV,2,2,06,83,61,354,48,84,50,235,43,1*76
1777598366.321,$GLGSV,2,1,06,73,36,350,47,79,17,128,25,80,56,077,44,82,12,023,25,3*7B
1777598366.322,$GLGSV,2,2,06,83,61,354,49,84,50,235,47,3*71
1777598366.322,$GLGSV,1,1,01,85,07,217,,0*46
1777598366.322,$GAGSV,3,1,09,02,45,012,49,03,20,196,36,08,24,250,34,15,16,206,27,2*76
1777598366.323,$GAGSV,3,2,09,18,42,293,44,25,29,080,43,30,17,319,40,34,66,179,49,2*75
1777598366.324,$GAGSV,3,3,09,36,52,050,48,2*44
1777598366.324,$GAGSV,3,1,09,02,45,012,43,03,20,196,36,08,24,250,31,18,42,293,36,7*7C
1777598366.325,$GAGSV,3,2,09,25,29,080,34,30,17,319,34,32,27,224,25,34,66,179,47,7*7D
1777598366.325,$GAGSV,3,3,09,36,52,050,42,7*4B
1777598366.326,$GAGSV,1,1,02,07,04,296,,11,05,035,,0*7B
1777598366.326,$GBGSV,2,1,07,07,54,159,48,08,46,005,46,10,66,156,47,13,66,315,46,1*7F
1777598366.327,$GBGSV,2,2,07,23,61,346,46,25,60,115,46,28,50,259,47,1*40
1777598366.328,$GBGSV,1,1,03,09,15,171,21,10,66,156,49,13,66,315,07,3*42
1777598366.328,$GNGLL,1339.04943,N,10029.57920,E,011926.00,A,D*7E
1777598367.307,$GNRMC,011927.00,A,1339.05020,N,10029.57923,E,2.674,1.12,010526,0.53,W,R,V*50
1777598367.309,$GNVTG,1.12,T,1.65,M,2.674,N,4.953,K,D*34
1777598367.311,$GNGGA,011927.00,1339.05020,N,10029.57923,E,4,12,0.60,-0.9,M,-27.8,M,1.0,0499*6E
1777598367.311,$GNGSA,A,3,01,07,14,17,06,22,30,03,19,,,,1.26,0.60,1.11,1*08
1777598367.312,$GNGSA,A,3,73,80,84,83,,,,,,,,,1.26,0.60,1.11,2*0B
1777598367.312,$GNGSA,A,3,08,15,03,02,30,25,34,36,,,,,1.26,0.60,1.11,3*0A
1777598367.313,$GNGSA,A,3,07,08,10,23,25,28,13,,,,,,1.26,0.60,1.11,4*06
1777598367.313,$GPGSV,3,1,12,01,35,041,37,03,23,103,38,06,35,211,35,07,52,172,44,1*68
1777598367.314,$GPGSV,3,2,12,14,43,353,46,17,44,320,41,19,31,282,38,22,32,339,32,1*61
1777598367.315,$GPGSV,3,3,12,30,70,256,43,41,64,233,40,42,70,217,46,50,56,115,38,1*6B
1777598367.315,$GPGSV,2,1,07,01,35,041,43,03,23,103,36,06,35,211,35,07,52,172,45,6*66
1777598367.316,$GPGSV,2,2,07,14,43,353,47,17,44,320,31,30,70,256,42,6*56
1777598367.317,$GPGSV,1,1,03,02,06,036,,09,06,171,,40,36,256,,0*5F
1777598367.317,$GLGSV,2,1,06,73,36,350,45,79,17,128,24,80,56,077,49,82,12,023,23,1*71
1777598367.318,$GLGSV,2,2,06,83,61,354,49,84,50,235,41,1*75
1777598367.318,$GLGSV,2,1,06,73,36,350,44,79,17,128,26,80,56,077,47,82,12,023,24,3*79
1777598367.319,$GLGSV,2,2,06,83,61,354,47,84,50,235,45,3*7D
1777598367.319,$GLGSV,1,1,01,85,07,217,,0*46
1777598367.320,$GAGSV,3,1,09,02,45,012,50,03,20,196,34,08,24,250,42,15,16,206,38,2*73
1777598367.321,$GAGSV,3,2,09,18,42,293,49,25,29,080,44,30,17,319,37,34,66,179,49,2*7F
1777598367.321,$GAGSV,3,3,09,36,52,050,50,2*4D
1777598367.322,$GAGSV,3,1,09,02,45,012,44,03,20,196,26,08,24,250,35,18,42,293,38,7*70
1777598367.322,$GAGSV,3,2,09,25,29,080,38,30,17,319,19,32,27,224,32,34,66,179,46,7*79
1777598367.323,$GAGSV,3,3,09,36,52,050,43,7*4A
1777598367.323,$GAGSV,1,1,02,07,04,296,,11,05,035,,0*7B
1777598367.324,$GBGSV,2,1,07,07,54,159,48,08,46,005,44,10,66,156,47,13,66,315,48,1*73
1777598367.324,$GBGSV,2,2,07,23,61,346,47,25,60,115,48,28,50,259,39,1*46
1777598367.325,$GBGSV,1,1,03,09,15,171,22,10,66,156,50,13,66,315,08,3*46
1777598367.325,$GNGLL,1339.05020,N,10029.57923,E,011927.00,A,D*71
1777598368.304,$GNRMC,011928.00,A,1339.05095,N,10029.57923,E,2.658,0.86,010526,0.53,W,R,V*53
1777598368.306,$GNVTG,0.86,T,1.39,M,2.658,N,4.923,K,D*38
1777598368.308,$GNGGA,011928.00,1339.05095,N,10029.57923,E,4,12,0.60,-0.8,M,-27.8,M,1.0,0499*6E
1777598368.308,$GNGSA,A,3,01,07,14,17,06,22,30,03,19,,,,1.27,0.60,1.11,1*09
1777598368.309,$GNGSA,A,3,73,80,84,83,,,,,,,,,1.27,0.60,1.11,2*0A
1777598368.309,$GNGSA,A,3,08,15,03,02,30,25,34,36,,,,,1.27,0.60,1.11,3*0B
1777598368.310,$GNGSA,A,3,07,08,10,23,25,28,13,,,,,,1.27,0.60,1.11,4*07
1777598368.310,$GPGSV,3,1,12,01,35,041,41,03,23,103,38,06,35,211,40,07,52,172,45,1*6A
1777598368.311,$GPGSV,3,2,12,14,43,353,42,17,44,320,42,19,31,282,41,22,33,339,34,1*6F
1777598368.311,$GPGSV,3,3,12,30,70,256,43,41,64,233,46,42,70,217,42,50,56,115,39,1*68
1777598368.312,$GPGSV,2,1,07,01,35,041,40,03,23,103,34,06,35,211,35,07,52,172,42,6*60
1777598368.313,$GPGSV,2,2,07,14,43,353,46,17,44,320,35,30,70,256,44,6*55
1777598368.313,$GPGSV,1,1,03,02,06,036,,09,06,171,,40,36,256,,0*5F
1777598368.314,$GLGSV,2,1,06,73,36,350,46,79,17,128,24,80,56,077,48,82,12,023,22,1*72
1777598368.314,$GLGSV,2,2,06,83,61,354,48,84,50,235,43,1*76
1777598368.315,$GLGSV,2,1,06,73,36,350,48,79,17,128,23,80,56,077,46,82,12,023,24,3*71
1777598368.315,$GLGSV,2,2,06,83,61,354,50,84,50,235,41,3*7F
1777598368.316,$GLGSV,1,1,01,85,07,217,,0*46
1777598368.317,$GAGSV,3,1,09,02,45,012,48,03,20,196,38,08,24,250,40,15,16,206,38,2*74
1777598368.317,$GAGSV,3,2,09,18,42,293,48,25,29,080,48,30,17,319,36,34,66,179,51,2*7A
1777598368.318,$GAGSV,3,3,09,36,52,050,49,2*45
1777598368.318,$GAGSV,3,1,10,02,45,012,43,03,20,196,30,08,24,250,31,15,16,206,35,7*71
1777598368.319,$GAGSV,3,2,10,18,42,293,42,25,29,080,38,30,17,319,29,32,27,224,32,7*79
1777598368.319,$GAGSV,3,3,10,34,66,179,46,36,52,050,43,7*78
1777598368.320,$GAGSV,1,1,02,07,04,296,,11,05,035,,0*7B
1777598368.320,$GBGSV,2,1,07,07,54,159,48,08,46,005,45,10,66,156,45,13,66,315,49,1*71
1777598368.321,$GBGSV,2,2,07,23,61,346,49,25,60,115,47,28,50,259,44,1*4D
1777598368.321,$GBGSV,1,1,02,09,15,171,23,10,66,156,49,3*73
1777598368.322,$GNGLL,1339.05095,N,10029.57923,E,011928.00,A,D*70
1777598369.310,$GNRMC,011929.00,A,1339.05170,N,10029.57925,E,2.684,0.86,010526,0.53,W,R,V*5F
1777598369.311,$GNVTG,0.86,T,1.39,M,2.684,N,4.971,K,D*3E
1777598369.313,$GNGGA,011929.00,1339.05170,N,10029.57925,E,4,12,0.60,-0.8,M,-27.8,M,1.0,0499*63
1777598369.313,$GNGSA,A,3,01,07,14,17,06,22,30,03,19,,,,1.27,0.60,1.11,1*09
1777598369.314,$GNGSA,A,3,73,80,84,83,,,,,,,,,1.27,0.60,1.11,2*0A
1777598369.314,$GNGSA,A,3,08,15,03,02,30,25,34,36,,,,,1.27,0.60,1.11,3*0B
1777598369.315,$GNGSA,A,3,07,08,10,23,25,28,13,,,,,,1.27,0.60,1.11,4*07
1777598369.315,$GPGSV,3,1,12,01,35,041,35,03,23,103,41,06,35,211,40,07,52,172,45,1*67
1777598369.316,$GPGSV,3,2,12,14,43,353,45,17,44,320,36,19,31,282,42,22,33,339,37,1*6B
1777598369.317,$GPGSV,3,3,12,30,70,256,39,41,64,233,42,42,70,217,41,50,56,115,38,1*63
1777598369.317,$GPGSV,2,1,07,01,35,041,38,03,23,103,33,06,35,211,31,07,52,172,44,6*6A
1777598369.318,$GPGSV,2,2,07,14,43,353,44,17,44,320,37,30,70,256,36,6*50
1777598369.318,$GPGSV,1,1,03,02,06,036,,09,06,171,,40,36,256,,0*5F
1777598369.319,$GLGSV,2,1,06,73,36,350,46,79,17,128,23,80,56,077,50,82,12,023,22,1*7C
1777598369.319,$GLGSV,2,2,06,83,61,354,47,84,50,235,44,1*7E
1777598369.320,$GLGSV,2,1,06,73,36,350,46,79,17,128,24,80,56,077,48,82,12,023,24,3*76
1777598369.321,$GLGSV,2,2,06,83,61,354,45,84,50,235,39,3*74
1777598369.321,$GLGSV,1,1,01,85,07,217,,0*46
1777598369.322,$GAGSV,3,1,09,02,45,012,46,03,20,196,29,08,24,250,32,15,16,206,37,2*70
1777598369.323,$GAGSV,3,2,09,18,42,293,51,25,29,080,48,30,17,319,32,34,66,179,50,2*77
1777598369.323,$GAGSV,3,3,09,36,52,050,49,2*45
1777598369.324,$GAGSV,3,1,09,02,45,012,43,03,20,196,31,15,16,206,32,18,42,293,40,7*77
1777598369.324,$GAGSV,3,2,09,25,29,080,39,30,17,319,29,32,27,224,37,34,66,179,45,7*7D
1777598369.325,$GAGSV,3,3,09,36,52,050,39,7*47
1777598369.325,$GAGSV,1,1,02,07,04,296,,11,05,035,,0*7B
1777598369.325,$GBGSV,2,1,07,07,54,159,48,08,46,005,43,10,66,156,46,13,66,315,49,1*74
1777598369.326,$GBGSV,2,2,07,23,61,346,49,25,60,115,37,28,50,259,46,1*48
1777598369.326,$GBGSV,1,1,02,09,15,171,23,10,66,156,48,3*72
1777598369.327,$GNGLL,1339.05170,N,10029.57925,E,011929.00,A,D*7D
1777598370.308,$GNRMC,011930.00,A,1339.05244,N,10029.57925,E,2.687,359.33,010526,0.53,W,R,V*51
1777598370.309,$GNVTG,359.33,T,359.86,M,2.687,N,4.977,K,D*30
1777598370.311,$GNGGA,011930.00,1339.05244,N,10029.57925,E,4,12,0.60,-0.8,M,-27.8,M,1.0,0499*6F
1777598370.311,$GNGSA,A,3,01,07,14,17,06,22,30,03,19,,,,1.27,0.60,1.11,1*09
1777598370.312,$GNGSA,A,3,73,80,84,83,,,,,,,,,1.27,0.60,1.11,2*0A
1777598370.312,$GNGSA,A,3,08,15,03,02,30,25,34,36,,,,,1.27,0.60,1.11,3*0B
1777598370.313,$GNGSA,A,3,07,08,10,23,25,28,13,,,,,,1.27,0.60,1.11,4*07
1777598370.313,$GPGSV,3,1,12,01,35,041,26,03,23,103,38,06,35,211,30,07,52,172,46,1*6F
1777598370.314,$GPGSV,3,2,12,14,43,353,42,17,44,320,29,19,31,282,39,22,33,339,37,1*6E
1777598370.315,$GPGSV,3,3,12,30,70,256,46,41,64,233,44,42,70,217,44,50,56,115,36,1*66
1777598370.316,$GPGSV,2,1,07,01,35,041,29,03,23,103,38,06,35,211,39,07,52,172,44,6*69
1777598370.316,$GPGSV,2,2,07,14,43,353,45,17,44,320,29,30,70,256,45,6*5A
1777598370.317,$GPGSV,1,1,03,02,06,036,,09,06,171,,40,36,256,,0*5F
1777598370.317,$GLGSV,2,1,06,73,36,350,47,79,17,128,23,80,56,077,49,82,12,023,23,1*74
1777598370.318,$GLGSV,2,2,06,83,61,354,48,84,50,235,39,1*7B
1777598370.319,$GLGSV,2,1,06,73,36,350,45,79,17,128,24,80,56,077,49,82,12,023,24,3*74
1777598370.319,$GLGSV,2,2,06,83,61,354,49,84,50,235,40,3*76
1777598370.320,$GLGSV,1,1,01,85,07,217,,0*46
1777598370.320,$GAGSV,3,1,09,02,45,012,48,03,20,196,37,08,24,250,33,15,16,206,38,2*7F
1777598370.321,$GAGSV,3,2,09,18,42,293,42,25,29,080,43,30,17,319,35,34,66,179,51,2*78
1777598370.322,$GAGSV,3,3,09,36,52,050,44,2*48
1777598370.322,$GAGSV,3,1,10,02,45,012,40,03,20,196,34,08,24,250,33,15,16,206,27,7*77
1777598370.323,$GAGSV,3,2,10,18,42,293,33,25,29,080,36,30,17,319,28,32,27,224,32,7*70
1777598370.323,$GAGSV,3,3,10,34,66,179,46,36,52,050,42,7*79
1777598370.324,$GAGSV,1,1,02,07,04,296,,11,05,035,,0*7B
1777598370.324,$GBGSV,2,1,07,07,54,159,48,08,46,005,44,10,66,156,46,13,66,315,46,1*7C
1777598370.325,$GBGSV,2,2,07,23,61,346,49,25,60,115,45,28,50,259,43,1*48
1777598370.325,$GBGSV,1,1,02,09,15,171,22,10,66,156,48,3*73
1777598370.326,$GNGLL,1339.05244,N,10029.57925,E,011930.00,A,D*71
1777598371.304,$GNRMC,011931.00,A,1339.05319,N,10029.57924,E,2.695,358.41,010526,0.53,W,R,V*5F
1777598371.307,$GNVTG,358.41,T,358.94,M,2.695,N,4.992,K,D*3E
1777598371.308,$GNGGA,011931.00,1339.05319,N,10029.57924,E,4,12,0.60,-0.8,M,-27.8,M,1.0,0499*66
1777598371.309,$GNGSA,A,3,01,07,14,17,06,22,30,03,19,,,,1.27,0.60,1.11,1*09
1777598371.309,$GNGSA,A,3,73,80,84,83,,,,,,,,,1.27,0.60,1.11,2*0A
1777598371.310,$GNGSA,A,3,08,15,03,02,30,25,34,36,,,,,1.27,0.60,1.11,3*0B
1777598371.310,$GNGSA,A,3,07,08,10,23,25,28,13,,,,,,1.27,0.60,1.11,4*07
1777598371.311,$GPGSV,3,1,12,01,35,041,26,03,23,103,40,06,35,211,36,07,52,172,45,1*65
1777598371.312,$GPGSV,3,2,12,14,43,353,44,17,44,320,29,19,31,282,39,22,33,339,34,1*6B
1777598371.313,$GPGSV,3,3,12,30,70,256,43,41,64,233,40,42,70,217,42,50,56,115,39,1*6E
1777598371.314,$GPGSV,2,1,07,01,35,041,30,03,23,103,37,06,35,211,34,07,52,172,42,6*65
1777598371.315,$GPGSV,2,2,07,14,43,353,44,17,44,320,30,30,70,256,42,6*54
1777598371.316,$GPGSV,1,1,03,02,06,036,,09,06,171,,40,36,256,,0*5F
1777598371.317,$GLGSV,2,1,06,73,36,350,45,79,17,128,23,80,56,077,50,82,12,023,23,1*7E
1777598371.317,$GLGSV,2,2,06,83,61,354,48,84,50,235,34,1*76
1777598371.318,$GLGSV,2,1,06,73,36,350,45,79,17,128,23,80,56,077,49,82,12,023,25,3*72
1777598371.319,$GLGSV,2,2,06,83,61,354,48,84,50,235,41,3*76
1777598371.319,$GLGSV,1,1,01,85,07,217,,0*46
1777598371.320,$GAGSV,3,1,09,02,45,012,50,03,20,196,37,08,24,250,42,15,16,206,38,2*70
1777598371.320,$GAGSV,3,2,09,18,42,293,46,25,29,080,40,30,17,319,34,34,66,179,51,2*7E
1777598371.321,$GAGSV,3,3,09,36,52,050,45,2*49
1777598371.322,$GAGSV,3,1,09,02,45,012,42,03,20,196,34,08,24,250,29,18,42,293,42,7*75
1777598371.322,$GAGSV,3,2,09,25,29,080,35,30,17,319,32,32,27,224,26,34,66,179,46,7*78
1777598371.323,$GAGSV,3,3,09,36,52,050,45,7*4C
1777598371.323,$GAGSV,1,1,02,07,04,296,,11,05,035,,0*7B
1777598371.324,$GBGSV,2,1,07,07,54,159,47,08,46,005,45,10,66,156,46,13,66,315,47,1*73
1777598371.325,$GBGSV,2,2,07,23,61,346,47,25,60,115,46,28,50,259,43,1*45
1777598371.325,$GBGSV,1,1,02,09,15,171,21,10,66,156,49,3*71
1777598371.326,$GNGLL,1339.05319,N,10029.57924,E,011931.00,A,D*78
1777598372.321,$GNRMC,011932.00,A,1339.05394,N,10029.57925,E,2.714,358.15,010526,0.53,W,R,V*51
1777598372.323,$GNVTG,358.15,T,358.68,M,2.714,N,5.026,K,D*33
1777598372.324,$GNGGA,011932.00,1339.05394,N,10029.57925,E,4,12,0.60,-0.7,M,-27.8,M,0.0,0499*6F
1777598372.325,$GNGSA,A,3,01,07,14,17,06,22,30,03,19,,,,1.27,0.60,1.11,1*09
1777598372.326,$GNGSA,A,3,73,80,84,83,,,,,,,,,1.27,0.60,1.11,2*0A
1777598372.326,$GNGSA,A,3,08,15,03,02,30,25,34,36,,,,,1.27,0.60,1.11,3*0B
1777598372.327,$GNGSA,A,3,07,08,10,23,25,28,13,,,,,,1.27,0.60,1.11,4*07
1777598372.328,$GPGSV,3,1,12,01,35,041,31,03,23,103,40,06,35,211,29,07,52,172,46,1*6E
1777598372.328,$GPGSV,3,2,12,14,43,353,45,17,44,320,38,19,31,282,38,22,33,339,38,1*67
1777598372.330,$GPGSV,3,3,12,30,70,256,45,41,64,233,40,42,70,217,42,50,56,115,40,1*66
1777598372.331,$GPGSV,2,1,07,01,35,041,30,03,23,103,37,06,35,211,37,07,52,172,43,6*67
1777598372.332,$GPGSV,2,2,07,14,43,353,45,17,44,320,29,30,70,256,43,6*5C
1777598372.332,$GPGSV,1,1,03,02,06,036,,09,06,171,,40,36,256,,0*5F
1777598372.333,$GLGSV,2,1,06,73,36,350,45,79,17,128,22,80,56,077,45,82,12,023,23,1*7B
1777598372.334,$GLGSV,2,2,06,83,61,354,49,84,50,235,37,1*74
1777598372.335,$GLGSV,2,1,06,73,36,350,47,79,17,128,22,80,56,077,49,82,12,023,24,3*70
1777598372.335,$GLGSV,2,2,06,83,61,354,49,84,50,235,42,3*74
1777598372.336,$GLGSV,1,1,01,85,07,217,,0*46
1777598372.336,$GAGSV,3,1,09,02,45,012,48,03,20,196,37,08,24,250,36,15,16,206,35,2*77
1777598372.337,$GAGSV,3,2,09,18,42,293,36,25,29,080,42,30,17,319,39,34,66,179,50,2*77
1777598372.338,$GAGSV,3,3,09,36,52,050,44,2*48
1777598372.338,$GAGSV,3,1,10,02,45,012,45,03,20,196,34,08,24,250,30,15,16,206,28,7*7E
1777598372.339,$GAGSV,3,2,10,18,42,293,39,25,29,080,33,30,17,319,36,32,27,224,31,7*73
1777598372.340,$GAGSV,3,3,10,34,66,179,45,36,52,050,39,7*76
1777598372.340,$GAGSV,1,1,02,07,04,296,,11,05,035,,0*7B
1777598372.341,$GBGSV,2,1,07,07,54,159,46,08,46,005,46,10,66,156,46,13,66,315,50,1*77
1777598372.342,$GBGSV,2,2,07,23,61,346,50,25,60,115,46,28,50,259,46,1*46
1777598372.342,$GBGSV,1,1,02,09,15,171,24,10,66,156,50,3*7C
1777598372.343,$GNGLL,1339.05394,N,10029.57925,E,011932.00,A,D*7F
1777598373.303,$GNRMC,011933.00,A,1339.05469,N,10029.57924,E,2.682,358.08,010526,0.53,W,R,V*56
1777598373.305,$GNVTG,358.08,T,358.61,M,2.682,N,4.967,K,D*35
1777598373.307,$GNGGA,011933.00,1339.05469,N,10029.57924,E,4,12,0.60,-0.7,M,-27.8,M,1.0,0499*6B
1777598373.307,$GNGSA,A,3,01,07,14,17,06,22,30,03,19,,,,1.27,0.60,1.11,1*09
1777598373.308,$GNGSA,A,3,73,80,84,83,,,,,,,,,1.27,0.60,1.11,2*0A
1777598373.308,$GNGSA,A,3,08,15,03,02,30,25,34,36,,,,,1.27,0.60,1.11,3*0B
1777598373.309,$GNGSA,A,3,07,08,10,23,25,28,13,,,,,,1.27,0.60,1.11,4*07
1777598373.309,$GPGSV,3,1,12,01,35,041,28,03,23,103,35,06,35,211,29,07,52,172,45,1*67
1777598373.310,$GPGSV,3,2,12,14,43,353,44,17,44,320,39,19,31,282,39,22,33,339,34,1*6A
1777598373.311,$GPGSV,3,3,12,30,70,256,46,41,64,233,46,42,70,217,46,50,56,115,42,1*65
1777598373.311,$GPGSV,2,1,07,01,35,041,28,03,23,103,29,06,35,211,32,07,52,172,45,6*62
1777598373.312,$GPGSV,2,2,07,14,43,353,45,17,44,320,42,30,70,256,46,6*54
1777598373.312,$GPGSV,1,1,03,02,06,036,,09,06,171,,40,36,256,,0*5F
1777598373.313,$GLGSV,2,1,06,73,36,350,46,79,17,128,24,80,56,077,42,82,12,023,23,1*79
1777598373.313,$GLGSV,2,2,06,83,61,354,49,84,50,235,46,1*72
1777598373.314,$GLGSV,2,1,06,73,36,350,46,79,17,128,22,80,56,077,46,82,12,023,26,3*7C
1777598373.314,$GLGSV,2,2,06,83,61,354,47,84,50,235,48,3*70
1777598373.315,$GLGSV,1,1,01,85,07,217,,0*46
1777598373.315,$GAGSV,3,1,09,02,45,012,48,03,20,196,40,08,24,250,42,15,16,206,35,2*74
1777598373.316,$GAGSV,3,2,09,18,42,293,43,25,29,080,39,30,17,319,44,34,66,179,49,2*7B
1777598373.317,$GAGSV,3,3,09,36,52,050,42,2*4E
1777598373.317,$GAGSV,3,1,09,02,45,012,44,03,20,196,29,08,24,250,31,18,42,293,37,7*74
1777598373.318,$GAGSV,3,2,09,25,29,080,32,30,17,319,37,32,27,224,32,34,66,179,46,7*7F
1777598373.318,$GAGSV,3,3,09,36,52,050,39,7*47
1777598373.319,$GAGSV,1,1,02,07,04,296,,11,05,035,,0*7B
1777598373.319,$GBGSV,2,1,07,07,54,159,46,08,46,005,45,10,66,156,46,13,66,315,50,1*74
1777598373.320,$GBGSV,2,2,07,23,61,346,49,25,60,115,48,28,50,259,48,1*4E
1777598373.321,$GBGSV,1,1,02,09,15,171,26,10,66,156,48,3*77
1777598373.321,$GNGLL,1339.05469,N,10029.57924,E,011933.00,A,D*7A
1777598374.306,$GNRMC,011934.00,A,1339.05544,N,10029.57923,E,2.725,359.64,010526,0.53,W,R,V*5F
1777598374.307,$GNVTG,359.64,T,0.17,M,2.725,N,5.046,K,D*36
1777598374.308,$GNGGA,011934.00,1339.05544,N,10029.57923,E,4,12,0.61,-0.8,M,-27.8,M,1.0,0499*6B
1777598374.308,$GNGSA,A,3,01,07,14,17,06,22,30,03,19,,,,1.28,0.61,1.13,1*05
1777598374.309,$GNGSA,A,3,73,80,84,83,,,,,,,,,1.28,0.61,1.13,2*06
1777598374.309,$GNGSA,A,3,08,15,03,02,30,25,34,36,,,,,1.28,0.61,1.13,3*07
1777598374.310,$GNGSA,A,3,07,08,10,23,25,28,13,,,,,,1.28,0.61,1.13,4*0B
1777598374.311,$GPGSV,3,1,12,01,35,041,35,03,23,103,38,06,35,211,34,07,52,172,47,1*68
1777598374.312,$GPGSV,3,2,12,14,43,353,44,17,44,320,40,19,31,282,36,22,33,339,41,1*69
1777598374.313,$GPGSV,3,3,12,30,70,256,49,41,64,233,49,42,70,217,44,50,56,115,42,1*67
1777598374.314,$GPGSV,2,1,07,01,35,041,33,03,23,103,36,06,35,211,28,07,52,172,42,6*6A
1777598374.315,$GPGSV,2,2,07,14,43,353,43,17,44,320,40,30,70,256,44,6*52
1777598374.316,$GPGSV,1,1,03,02,06,036,,09,06,171,,40,36,256,,0*5F
1777598374.317,$GLGSV,2,1,06,73,36,350,46,79,17,128,24,80,56,077,32,82,12,023,23,1*7E
1777598374.317,$GLGSV,2,2,06,83,61,354,49,84,50,235,45,1*71
1777598374.318,$GLGSV,2,1,06,73,36,350,43,79,17,128,23,80,56,077,42,82,12,023,26,3*7C
1777598374.319,$GLGSV,2,2,06,83,61,354,49,84,50,235,48,3*7E
1777598374.320,$GLGSV,1,1,01,85,07,217,,0*46
1777598374.321,$GAGSV,3,1,09,02,45,012,47,03,20,196,37,08,24,250,44,15,16,206,32,2*7A
1777598374.322,$GAGSV,3,2,09,18,42,293,41,25,29,080,42,30,17,319,34,34,66,179,50,2*7A
1777598374.322,$GAGSV,3,3,09,36,52,050,44,2*48
1777598374.323,$GAGSV,3,1,09,02,45,012,44,03,20,196,33,08,24,250,30,18,42,293,35,7*7C
1777598374.325,$GAGSV,3,2,09,25,29,080,32,30,17,319,37,32,27,224,38,34,66,179,46,7*75
1777598374.325,$GAGSV,3,3,09,36,52,050,39,7*47
1777598374.326,$GAGSV,1,1,02,07,04,296,,11,05,035,,0*7B
1777598374.327,$GBGSV,2,1,07,07,54,159,48,08,46,005,44,10,66,156,46,13,66,315,46,1*7C
1777598374.328,$GBGSV,2,2,07,23,61,346,49,25,60,115,48,28,50,259,42,1*44
1777598374.329,$GBGSV,1,1,02,09,15,171,24,10,66,156,49,3*74
1777598374.329,$GNGLL,1339.05544,N,10029.57923,E,011934.00,A,D*74
1777598375.302,$GNRMC,011935.00,A,1339.05618,N,10029.57925,E,2.689,359.17,010526,0.53,W,R,V*51
1777598375.304,$GNVTG,359.17,T,359.70,M,2.689,N,4.981,K,D*38
1777598375.306,$GNGGA,011935.00,1339.05618,N,10029.57925,E,4,12,0.60,-0.7,M,-27.8,M,1.0,0499*68
1777598375.306,$GNGSA,A,3,01,07,14,17,06,22,30,03,19,,,,1.27,0.60,1.12,1*0A
1777598375.307,$GNGSA,A,3,73,80,84,83,,,,,,,,,1.27,0.60,1.12,2*09
1777598375.307,$GNGSA,A,3,08,15,03,02,30,25,34,36,,,,,1.27,0.60,1.12,3*08
1777598375.308,$GNGSA,A,3,07,08,10,23,25,28,13,,,,,,1.27,0.60,1.12,4*04
1777598375.308,$GPGSV,3,1,12,01,35,041,38,03,23,103,37,06,35,211,37,07,52,172,46,1*68
1777598375.309,$GPGSV,3,2,12,14,43,353,47,17,44,320,38,19,31,282,32,22,33,339,33,1*64
1777598375.310,$GPGSV,3,3,12,30,70,256,49,41,64,233,48,42,70,217,45,50,56,115,38,1*6A
1777598375.310,$GPGSV,2,1,07,01,35,041,40,03,23,103,38,06,35,211,40,07,52,172,43,6*6F
1777598375.311,$GPGSV,2,2,07,14,43,353,44,17,44,320,40,30,70,256,45,6*54
1777598375.311,$GPGSV,1,1,03,02,06,036,,09,06,171,,40,36,256,,0*5F
1777598375.312,$GLGSV,2,1,06,73,36,350,45,79,17,128,25,80,56,077,38,82,12,023,22,1*77
1777598375.313,$GLGSV,2,2,06,83,61,354,49,84,50,235,44,1*70
1777598375.313,$GLGSV,2,1,06,73,36,350,47,79,17,128,23,80,56,077,37,82,12,023,25,3*79
1777598375.314,$GLGSV,2,2,06,83,61,354,48,84,50,235,47,3*70
1777598375.314,$GLGSV,1,1,01,85,07,217,,0*46
1777598375.315,$GAGSV,3,1,09,02,45,012,49,03,20,196,33,08,24,250,41,15,16,206,34,2*73
1777598375.315,$GAGSV,3,2,09,18,42,293,43,25,29,080,37,30,17,319,44,34,66,179,51,2*7C
1777598375.316,$GAGSV,3,3,09,36,52,050,47,2*4B
1777598375.316,$GAGSV,3,1,09,02,45,012,45,03,20,196,29,08,24,250,37,18,42,293,35,7*71
1777598375.317,$GAGSV,3,2,09,25,29,080,27,30,17,319,38,32,27,224,35,34,66,179,46,7*73
1777598375.317,$GAGSV,3,3,09,36,52,050,42,7*4B
1777598375.318,$GAGSV,1,1,02,07,04,296,,11,05,035,,0*7B
1777598375.318,$GBGSV,2,1,07,07,54,159,47,08,46,005,44,10,66,156,46,13,66,315,46,1*73
1777598375.319,$GBGSV,2,2,07,23,61,346,46,25,60,115,47,28,50,259,39,1*48
1777598375.319,$GBGSV,1,1,02,09,15,171,21,10,66,156,49,3*71
1777598375.320,$GNGLL,1339.05618,N,10029.57925,E,011935.00,A,D*79
1777598376.305,$GNRMC,011936.00,A,1339.05691,N,10029.57924,E,2.665,359.29,010526,0.53,W,R,V*5D
1777598376.307,$GNVTG,359.29,T,359.82,M,2.665,N,4.936,K,D*36
1777598376.308,$GNGGA,011936.00,1339.05691,N,10029.57924,E,4,12,0.60,-0.7,M,-27.8,M,1.0,0499*6B
1777598376.309,$GNGSA,A,3,01,07,14,17,06,22,30,03,19,,,,1.27,0.60,1.12,1*0A
1777598376.309,$GNGSA,A,3,82,73,80,84,83,,,,,,,,1.27,0.60,1.12,2*03
1777598376.310,$GNGSA,A,3,08,03,02,30,25,34,36,,,,,,1.27,0.60,1.12,3*0C
1777598376.310,$GNGSA,A,3,07,08,10,23,25,28,13,,,,,,1.27,0.60,1.12,4*04
1777598376.311,$GPGSV,3,1,12,01,35,041,43,03,23,103,34,06,35,211,37,07,52,172,47,1*66
1777598376.312,$GPGSV,3,2,12,14,43,353,47,17,44,320,40,19,31,282,35,22,33,339,35,1*6A
1777598376.312,$GPGSV,3,3,12,30,70,253,45,41,64,233,47,42,70,217,46,50,56,115,37,1*60
1777598376.313,$GPGSV,2,1,07,01,35,041,44,03,23,103,30,06,35,211,40,07,52,172,44,6*64
1777598376.313,$GPGSV,2,2,07,14,43,353,44,17,44,320,38,30,70,253,45,6*5E
1777598376.314,$GPGSV,1,1,03,02,06,036,,09,06,171,,40,36,256,,0*5F
1777598376.315,$GLGSV,2,1,06,73,36,350,47,79,17,128,25,80,56,077,45,82,12,023,23,1*7E
1777598376.315,$GLGSV,2,2,06,83,61,354,48,84,50,235,48,1*7D
1777598376.316,$GLGSV,2,1,06,73,36,350,47,79,17,128,23,80,56,077,42,82,12,023,27,3*79
1777598376.316,$GLGSV,2,2,06,83,61,354,50,84,50,235,48,3*76
1777598376.316,$GLGSV,1,1,01,85,07,217,,0*46
1777598376.317,$GAGSV,3,1,09,02,45,012,48,03,20,196,30,08,24,250,35,15,16,206,31,2*77
1777598376.318,$GAGSV,3,2,09,18,42,293,39,25,29,080,38,30,17,319,37,34,66,179,50,2*7B
1777598376.318,$GAGSV,3,3,09,36,52,050,49,2*45
1777598376.319,$GAGSV,3,1,09,02,45,012,44,03,20,196,30,08,24,250,35,18,42,293,27,7*79
1777598376.319,$GAGSV,3,2,09,25,29,080,27,30,17,319,36,32,27,224,38,34,66,179,45,7*73
1777598376.320,$GAGSV,3,3,09,36,52,050,40,7*49
1777598376.320,$GAGSV,1,1,02,07,04,296,,11,05,035,,0*7B
1777598376.321,$GBGSV,2,1,07,07,54,159,45,08,46,005,45,10,66,156,47,13,66,315,48,1*7F
1777598376.321,$GBGSV,2,2,07,23,61,346,49,25,60,115,41,28,50,259,42,1*4D
1777598376.322,$GBGSV,1,1,02,09,15,171,20,10,66,156,49,3*70
1777598376.322,$GNGLL,1339.05691,N,10029.57924,E,011936.00,A,D*7A
1777598377.299,$GNRMC,011937.00,A,1339.05765,N,10029.57927,E,2.623,0.21,010526,0.53,W,R,V*50
1777598377.301,$GNVTG,0.21,T,0.74,M,2.623,N,4.859,K,D*3D
1777598377.302,$GNGGA,011937.00,1339.05765,N,10029.57927,E,4,12,0.60,-0.7,M,-27.8,M,1.0,0499*63
1777598377.303,$GNGSA,A,3,01,07,14,17,06,22,30,03,19,,,,1.27,0.60,1.12,1*0A
1777598377.303,$GNGSA,A,3,82,73,80,84,83,,,,,,,,1.27,0.60,1.12,2*03
1777598377.304,$GNGSA,A,3,08,03,02,30,25,34,36,,,,,,1.27,0.60,1.12,3*0C
1777598377.304,$GNGSA,A,3,07,08,10,23,25,28,13,,,,,,1.27,0.60,1.12,4*04
1777598377.305,$GPGSV,3,1,12,01,35,041,43,03,23,103,38,06,35,211,43,07,52,172,46,1*68
1777598377.306,$GPGSV,3,2,12,14,43,353,46,17,44,320,42,19,31,282,39,22,33,339,41,1*66
1777598377.306,$GPGSV,3,3,12,30,70,253,44,41,64,233,44,42,70,217,47,50,56,115,33,1*67
1777598377.307,$GPGSV,2,1,07,01,35,041,40,03,23,103,31,06,35,211,42,07,52,172,43,6*64
1777598377.308,$GPGSV,2,2,07,14,43,353,45,17,44,320,32,30,70,253,44,6*54
1777598377.308,$GPGSV,1,1,03,02,06,036,,09,06,171,,40,36,256,,0*5F
1777598377.309,$GLGSV,2,1,06,73,36,350,45,79,17,128,23,80,56,077,46,82,12,023,23,1*79
1777598377.309,$GLGSV,2,2,06,83,61,354,48,84,50,235,31,1*73
1777598377.310,$GLGSV,2,1,06,73,36,350,45,79,17,128,23,80,56,077,42,82,12,023,28,3*74
1777598377.310,$GLGSV,2,2,06,83,61,354,48,84,50,235,43,3*74
1777598377.311,$GLGSV,1,1,01,85,07,217,,0*46
1777598377.311,$GAGSV,3,1,09,02,45,012,50,03,20,196,29,08,24,250,39,15,16,206,26,2*7C
1777598377.312,$GAGSV,3,2,09,18,42,293,38,25,29,080,35,30,17,319,37,34,66,179,51,2*76
1777598377.312,$GAGSV,3,3,09,36,52,050,46,2*4A
1777598377.313,$GAGSV,3,1,09,02,45,012,45,03,20,196,29,08,24,250,38,18,42,293,39,7*72
1777598377.314,$GAGSV,3,2,09,25,29,080,32,30,17,319,33,32,27,224,41,34,66,179,46,7*7F
1777598377.314,$GAGSV,3,3,09,36,52,050,41,7*48
1777598377.314,$GAGSV,1,1,02,07,04,296,,11,05,035,,0*7B
1777598377.315,$GBGSV,2,1,07,07,54,159,46,08,46,005,45,10,66,156,43,13,66,315,48,1*78
1777598377.315,$GBGSV,2,2,07,23,61,346,48,25,60,115,40,28,50,259,42,1*4D
1777598377.316,$GBGSV,1,1,02,09,15,171,22,10,66,156,48,3*73
1777598377.316,$GNGLL,1339.05765,N,10029.57927,E,011937.00,A,D*72
1777598378.303,$GNRMC,011938.00,A,1339.05839,N,10029.57931,E,2.675,0.26,010526,0.53,W,D,V*4C
1777598378.304,$GNVTG,0.26,T,0.79,M,2.675,N,4.955,K,D*39
1777598378.306,$GNGGA,011938.00,1339.05839,N,10029.57931,E,2,12,0.58,-0.6,M,-27.8,M,1.0,0042*63
1777598378.307,$GNGSA,A,3,01,07,14,17,06,22,30,03,19,,,,1.23,0.58,1.08,1*0E
1777598378.307,$GNGSA,A,3,73,80,84,83,,,,,,,,,1.23,0.58,1.08,2*0D
1777598378.308,$GNGSA,A,3,08,15,03,02,30,25,34,36,,,,,1.23,0.58,1.08,3*0C
1777598378.308,$GNGSA,A,3,07,08,10,23,25,28,13,,,,,,1.23,0.58,1.08,4*00
1777598378.309,$GPGSV,3,1,12,01,35,041,40,03,23,103,34,06,35,211,44,07,52,172,48,1*6E
1777598378.309,$GPGSV,3,2,12,14,43,353,44,17,44,320,30,19,31,282,31,22,33,339,37,1*68
1777598378.310,$GPGSV,3,3,12,30,70,253,46,41,64,233,40,42,70,217,46,50,56,115,36,1*65
1777598378.311,$GPGSV,2,1,07,01,35,041,44,03,23,103,39,06,35,211,40,07,52,172,43,6*6A
1777598378.311,$GPGSV,2,2,07,14,43,353,45,17,44,320,30,30,70,253,43,6*51
1777598378.312,$GPGSV,1,1,03,02,06,036,,09,06,171,,40,36,256,,0*5F
1777598378.312,$GLGSV,2,1,06,73,36,350,44,79,17,128,24,80,56,077,42,82,12,023,23,1*7B
1777598378.313,$GLGSV,2,2,06,83,61,354,46,84,50,235,43,1*78
1777598378.314,$GLGSV,2,1,05,73,36,350,45,79,17,128,24,80,56,077,43,83,61,354,47,3*7E
1777598378.314,$GLGSV,2,2,05,84,50,235,33,3*42
1777598378.314,$GLGSV,1,1,01,85,07,217,,0*46
1777598378.315,$GAGSV,3,1,09,02,45,012,49,03,20,196,35,08,24,250,37,15,16,206,36,2*76
1777598378.316,$GAGSV,3,2,09,18,42,293,36,25,29,080,31,30,17,319,37,34,66,179,51,2*7C
1777598378.316,$GAGSV,3,3,09,36,52,050,49,2*45
1777598378.317,$GAGSV,3,1,09,02,45,012,44,03,20,196,22,08,24,250,37,18,42,293,30,7*7E
1777598378.317,$GAGSV,3,2,09,25,29,080,28,30,17,319,35,32,27,224,40,34,66,179,46,7*73
1777598378.317,$GAGSV,3,3,09,36,52,050,44,7*4D
1777598378.318,$GAGSV,1,1,02,07,04,296,,11,05,035,,0*7B
1777598378.318,$GBGSV,2,1,07,07,54,159,45,08,46,005,46,10,66,156,46,13,66,315,48,1*7D
1777598378.319,$GBGSV,2,2,07,23,61,346,48,25,60,115,43,28,50,259,44,1*48
1777598378.319,$GBGSV,1,1,02,09,15,171,23,10,66,156,46,3*7C
1777598378.320,$GNGLL,1339.05839,N,10029.57931,E,011938.00,A,D*7C
1777598379.306,$GNRMC,011939.00,A,1339.05909,N,10029.57928,E,2.660,359.02,010526,0.53,W,R,V*5C
1777598379.307,$GNVTG,359.02,T,359.55,M,2.660,N,4.926,K,D*31
1777598379.309,$GNGGA,011939.00,1339.05909,N,10029.57928,E,4,12,0.56,-0.9,M,-27.8,M,1.0,0042*6F
1777598379.310,$GNGSA,A,3,01,07,14,17,06,22,30,03,19,,,,1.14,0.56,0.99,1*0D
1777598379.310,$GNGSA,A,3,79,73,80,84,83,,,,,,,,1.14,0.56,0.99,2*00
1777598379.311,$GNGSA,A,3,08,03,02,30,25,34,36,,,,,,1.14,0.56,0.99,3*0B
1777598379.311,$GNGSA,A,3,07,08,10,23,25,28,13,,,,,,1.14,0.56,0.99,4*03
1777598379.312,$GPGSV,3,1,12,01,35,041,41,03,23,103,24,06,35,211,40,07,52,172,46,1*64
1777598379.312,$GPGSV,3,2,12,14,43,353,44,17,44,320,44,19,31,282,39,22,33,339,39,1*6D
1777598379.313,$GPGSV,3,3,12,30,70,253,47,41,64,233,44,42,70,217,46,50,56,115,37,1*61
1777598379.314,$GPGSV,2,1,07,01,35,041,43,03,23,103,27,06,35,211,40,07,52,172,40,6*61
1777598379.314,$GPGSV,2,2,07,14,43,353,47,17,44,320,34,30,70,253,47,6*53
1777598379.315,$GPGSV,1,1,03,02,06,036,,09,06,171,,40,36,256,,0*5F
1777598379.315,$GLGSV,2,1,06,73,36,350,47,79,17,128,30,80,56,077,44,82,12,023,23,1*7B
1777598379.316,$GLGSV,2,2,06,83,61,354,49,84,50,235,42,1*76
1777598379.316,$GLGSV,2,1,06,73,36,350,46,79,17,128,24,80,56,077,46,82,12,023,29,3*75
1777598379.317,$GLGSV,2,2,06,83,61,354,49,84,50,235,46,3*70
1777598379.317,$GLGSV,1,1,01,85,07,217,,0*46
1777598379.318,$GAGSV,3,1,09,02,45,012,49,03,20,196,31,08,24,250,40,15,16,206,28,2*7D
1777598379.318,$GAGSV,3,2,09,18,42,293,37,25,29,080,37,30,17,319,38,34,66,179,51,2*74
1777598379.318,$GAGSV,3,3,09,36,52,050,50,2*4D
1777598379.319,$GAGSV,3,1,09,02,45,012,44,03,20,196,29,08,24,250,34,18,42,293,36,7*70
1777598379.320,$GAGSV,3,2,09,25,29,080,33,30,17,319,35,32,27,224,39,34,66,179,47,7*76
1777598379.320,$GAGSV,3,3,09,36,52,050,44,7*4D
1777598379.320,$GAGSV,1,1,02,07,04,296,,11,05,035,,0*7B
1777598379.321,$GBGSV,2,1,07,07,54,159,47,08,46,005,45,10,66,156,46,13,66,315,48,1*7C
1777598379.321,$GBGSV,2,2,07,23,61,346,50,25,60,115,40,28,50,259,44,1*42
1777598379.322,$GBGSV,1,1,02,09,15,171,25,10,66,156,46,3*7A
1777598379.322,$GNGLL,1339.05909,N,10029.57928,E,011939.00,A,D*77
1777598380.307,$GNRMC,011940.00,A,1339.05984,N,10029.57929,E,2.663,1.62,010526,0.53,W,R,V*5D
1777598380.309,$GNVTG,1.62,T,2.15,M,2.663,N,4.933,K,D*37
1777598380.310,$GNGGA,011940.00,1339.05984,N,10029.57929,E,4,12,0.58,-0.9,M,-27.8,M,1.0,0042*6B
1777598380.311,$GNGSA,A,3,01,07,14,17,06,22,30,03,19,,,,1.23,0.58,1.08,1*0E
1777598380.311,$GNGSA,A,3,73,80,84,83,,,,,,,,,1.23,0.58,1.08,2*0D
1777598380.312,$GNGSA,A,3,08,15,03,02,30,25,34,36,,,,,1.23,0.58,1.08,3*0C
1777598380.313,$GNGSA,A,3,07,08,10,23,25,28,13,,,,,,1.23,0.58,1.08,4*00
1777598380.313,$GPGSV,3,1,12,01,35,041,38,03,23,103,30,06,35,211,42,07,52,172,45,1*6E
1777598380.314,$GPGSV,3,2,12,14,43,353,44,17,44,320,40,19,31,282,39,22,33,339,38,1*68
1777598380.315,$GPGSV,3,3,12,30,70,253,46,41,64,233,46,42,70,217,47,50,56,115,40,1*63
1777598380.317,$GPGSV,2,1,07,01,35,041,43,03,23,103,36,06,35,211,36,07,52,172,43,6*63
1777598380.318,$GPGSV,2,2,07,14,43,353,46,17,44,320,36,30,70,253,46,6*51
1777598380.318,$GPGSV,1,1,03,02,06,036,,09,06,171,,40,36,256,,0*5F
1777598380.319,$GLGSV,2,1,06,73,36,350,47,79,17,128,25,80,56,077,47,82,12,023,22,1*7D
1777598380.320,$GLGSV,2,2,06,83,61,354,47,84,50,235,42,1*78
1777598380.320,$GLGSV,2,1,06,73,36,350,45,79,17,128,30,80,56,077,47,82,12,023,26,3*7D
1777598380.321,$GLGSV,2,2,06,83,61,354,49,84,50,235,36,3*77
1777598380.321,$GLGSV,1,1,01,85,07,217,,0*46
1777598380.322,$GAGSV,3,1,09,02,45,012,49,03,20,196,34,08,24,250,41,15,16,206,39,2*79
1777598380.323,$GAGSV,3,2,09,18,42,293,44,25,29,080,38,30,17,319,32,34,66,179,51,2*75
1777598380.323,$GAGSV,3,3,09,36,52,050,50,2*4D
1777598380.324,$GAGSV,3,1,09,02,45,012,44,03,20,196,29,08,24,250,34,18,42,293,37,7*71
1777598380.325,$GAGSV,3,2,09,25,29,080,27,30,17,319,36,32,27,224,34,34,66,179,46,7*7C
1777598380.325,$GAGSV,3,3,09,36,52,050,45,7*4C
1777598380.326,$GAGSV,1,1,02,07,04,296,,11,05,035,,0*7B
1777598380.326,$GBGSV,2,1,07,07,54,159,43,08,46,005,46,10,66,156,44,13,66,315,45,1*74
1777598380.327,$GBGSV,2,2,07,23,61,346,50,25,60,115,46,28,50,259,40,1*40
1777598380.328,$GBGSV,1,1,02,09,15,171,26,10,66,156,47,3*78
1777598380.328,$GNGLL,1339.05984,N,10029.57929,E,011940.00,A,D*7D
1777598381.311,$GNRMC,011941.00,A,1339.06059,N,10029.57929,E,2.696,0.37,010526,0.53,W,R,V*5D
1777598381.313,$GNVTG,0.37,T,0.90,M,2.696,N,4.992,K,D*38
1777598381.315,$GNGGA,011941.00,1339.06059,N,10029.57929,E,4,12,0.58,-0.8,M,-27.8,M,1.0,0042*61
1777598381.316,$GNGSA,A,3,01,07,14,17,06,22,30,03,19,,,,1.23,0.58,1.08,1*0E
1777598381.316,$GNGSA,A,3,73,80,84,83,,,,,,,,,1.23,0.58,1.08,2*0D
1777598381.317,$GNGSA,A,3,08,15,03,02,30,25,34,36,,,,,1.23,0.58,1.08,3*0C
1777598381.317,$GNGSA,A,3,07,08,10,23,25,28,13,,,,,,1.23,0.58,1.08,4*00
1777598381.318,$GPGSV,3,1,12,01,35,041,41,03,23,103,38,06,35,211,35,07,52,172,45,1*68
1777598381.319,$GPGSV,3,2,12,14,43,353,46,17,44,320,38,19,31,282,37,22,33,339,38,1*6B
1777598381.320,$GPGSV,3,3,12,30,70,253,46,41,64,233,46,42,70,217,45,50,56,115,36,1*60
1777598381.321,$GPGSV,2,1,07,01,35,041,44,03,23,103,36,06,35,211,36,07,52,172,43,6*64
1777598381.322,$GPGSV,2,2,07,14,43,353,45,17,44,320,40,30,70,253,43,6*56
1777598381.323,$GPGSV,1,1,03,02,06,036,,09,06,171,,40,36,256,,0*5F
1777598381.323,$GLGSV,2,1,06,73,36,350,47,79,17,128,25,80,56,077,47,82,12,023,23,1*7C
1777598381.324,$GLGSV,2,2,06,83,61,354,48,84,50,235,42,1*77
1777598381.325,$GLGSV,2,1,06,73,36,350,45,79,17,128,25,80,56,077,49,82,12,023,25,3*74
1777598381.325,$GLGSV,2,2,06,83,61,354,49,84,50,235,44,3*72
1777598381.326,$GLGSV,1,1,01,85,07,217,,0*46
1777598381.327,$GAGSV,3,1,09,02,45,012,49,03,20,196,34,08,24,250,42,15,16,206,38,2*7B
1777598381.327,$GAGSV,3,2,09,18,42,293,38,25,29,080,30,30,17,319,38,34,66,179,50,2*7D
1777598381.328,$GAGSV,3,3,09,36,52,050,50,2*4D
1777598381.329,$GAGSV,3,1,09,02,45,012,45,03,20,196,33,08,24,250,33,18,42,293,40,7*7C
1777598381.329,$GAGSV,3,2,09,25,29,080,27,30,17,319,29,32,27,224,32,34,66,179,45,7*77
1777598381.330,$GAGSV,3,3,09,36,52,050,44,7*4D
1777598381.330,$GAGSV,1,1,02,07,04,296,,11,05,035,,0*7B
1777598381.331,$GBGSV,2,1,07,07,54,159,44,08,46,005,46,10,66,156,45,13,66,315,48,1*7F
1777598381.332,$GBGSV,2,2,07,23,61,346,48,25,60,115,44,28,50,259,35,1*49
1777598381.332,$GBGSV,1,1,02,09,15,171,27,10,66,156,48,3*76
1777598381.333,$GNGLL,1339.06059,N,10029.57929,E,011941.00,A,D*76
1777598382.306,$GNRMC,011942.00,A,1339.06134,N,10029.57930,E,2.772,0.32,010526,0.53,W,R,V*52
1777598382.308,$GNVTG,0.32,T,0.85,M,2.772,N,5.134,K,D*37
1777598382.310,$GNGGA,011942.00,1339.06134,N,10029.57930,E,4,12,0.58,-0.8,M,-27.8,M,1.0,0042*60
1777598382.311,$GNGSA,A,3,01,07,14,17,06,22,30,03,19,,,,1.15,0.58,0.99,1*02
1777598382.311,$GNGSA,A,3,73,80,84,83,79,,,,,,,,1.15,0.58,0.99,2*0F
1777598382.312,$GNGSA,A,3,08,15,03,02,30,25,34,36,,,,,1.15,0.58,0.99,3*00
1777598382.312,$GNGSA,A,3,07,08,10,23,25,13,,,,,,,1.15,0.58,0.99,4*06
1777598382.313,$GPGSV,3,1,12,01,35,041,35,03,23,103,41,06,35,211,36,07,52,172,45,1*66
1777598382.314,$GPGSV,3,2,12,14,43,353,43,17,44,320,45,19,31,282,31,22,33,339,36,1*6C
1777598382.315,$GPGSV,3,3,12,30,70,253,46,41,64,233,45,42,70,217,47,50,56,115,38,1*6F
1777598382.316,$GPGSV,2,1,07,01,35,041,36,03,23,103,41,06,35,211,37,07,52,172,42,6*61
1777598382.317,$GPGSV,2,2,07,14,43,353,46,17,44,320,41,30,70,253,42,6*55
1777598382.318,$GPGSV,1,1,03,02,06,036,,09,06,171,,40,36,256,,0*5F
1777598382.318,$GLGSV,2,1,06,73,36,350,41,79,17,128,25,80,56,077,50,82,12,023,22,1*7D
1777598382.319,$GLGSV,2,2,06,83,61,354,48,84,50,235,38,1*7A
1777598382.320,$GLGSV,2,1,06,73,36,350,44,79,17,128,26,80,56,077,50,82,12,023,30,3*7A
1777598382.320,$GLGSV,2,2,06,83,61,354,48,84,50,235,43,3*74
1777598382.321,$GLGSV,1,1,01,85,07,217,,0*46
1777598382.321,$GAGSV,3,1,09,02,45,012,49,03,20,196,36,08,24,250,42,15,16,206,38,2*79
1777598382.322,$GAGSV,3,2,09,18,42,293,38,25,29,080,32,30,17,319,35,34,66,179,50,2*72
1777598382.322,$GAGSV,3,3,09,36,52,050,50,2*4D
1777598382.323,$GAGSV,3,1,09,02,45,012,43,03,20,196,28,08,24,250,36,18,42,293,36,7*74
1777598382.324,$GAGSV,3,2,09,25,29,080,26,30,17,319,32,32,27,224,32,34,66,179,45,7*7C
1777598382.324,$GAGSV,3,3,09,36,52,050,43,7*4A
1777598382.325,$GAGSV,1,1,02,07,04,296,,11,05,035,,0*7B
1777598382.326,$GBGSV,2,1,07,07,54,159,44,08,46,005,45,10,66,156,46,13,66,315,49,1*7E
1777598382.326,$GBGSV,2,2,07,23,61,346,50,25,60,115,46,28,50,259,37,1*40
1777598382.327,$GBGSV,1,1,02,09,15,171,25,10,66,156,49,3*75
1777598382.327,$GNGLL,1339.06134,N,10029.57930,E,011942.00,A,D*77
1777598383.308,$GNRMC,011943.00,A,1339.06212,N,10029.57931,E,2.748,359.96,010526,0.53,W,R,V*5D
1777598383.310,$GNVTG,359.96,T,0.49,M,2.748,N,5.090,K,D*30
1777598383.311,$GNGGA,011943.00,1339.06212,N,10029.57931,E,4,12,0.58,-0.9,M,-27.8,M,1.0,0499*64
1777598383.312,$GNGSA,A,3,01,07,14,17,06,22,30,03,19,,,,1.23,0.58,1.08,1*0E
1777598383.312,$GNGSA,A,3,73,80,84,83,,,,,,,,,1.23,0.58,1.08,2*0D
1777598383.313,$GNGSA,A,3,08,15,03,02,30,25,34,36,,,,,1.23,0.58,1.08,3*0C
1777598383.313,$GNGSA,A,3,07,08,10,23,25,28,13,,,,,,1.23,0.58,1.08,4*00
1777598383.314,$GPGSV,3,1,12,01,35,041,41,03,23,103,42,06,35,211,36,07,52,172,46,1*65
1777598383.315,$GPGSV,3,2,12,14,43,353,44,17,44,320,44,19,31,282,43,22,33,339,36,1*6F
1777598383.316,$GPGSV,3,3,12,30,70,253,45,41,64,233,47,42,70,217,46,50,56,115,41,1*61
1777598383.317,$GPGSV,2,1,07,01,35,041,39,03,23,103,37,06,35,211,37,07,52,172,43,6*6E
1777598383.318,$GPGSV,2,2,07,14,43,353,45,17,44,320,41,30,70,253,44,6*50
1777598383.319,$GPGSV,1,1,03,02,06,036,,09,06,171,,40,36,256,,0*5F
1777598383.319,$GLGSV,2,1,06,73,36,350,43,79,17,128,26,80,56,077,50,82,12,023,22,1*7C
1777598383.320,$GLGSV,2,2,06,83,61,354,49,84,50,235,38,1*7B
1777598383.321,$GLGSV,2,1,06,73,36,350,44,79,17,128,25,80,56,077,49,82,12,023,19,3*7A
1777598383.321,$GLGSV,2,2,06,83,61,354,49,84,50,235,43,3*75
1777598383.322,$GLGSV,1,1,01,85,07,217,,0*46
1777598383.322,$GAGSV,3,1,09,02,45,012,49,03,20,196,40,08,24,250,44,15,16,206,33,2*75
1777598383.323,$GAGSV,3,2,09,18,42,293,48,25,29,080,27,30,17,319,39,34,66,179,52,2*7F
1777598383.324,$GAGSV,3,3,09,36,52,050,50,2*4D
1777598383.324,$GAGSV,3,1,10,02,45,012,43,03,20,196,34,08,24,250,37,15,16,206,35,7*73
1777598383.325,$GAGSV,3,2,10,18,42,293,42,25,29,080,24,30,17,319,27,32,27,224,36,7*7E
1777598383.326,$GAGSV,3,3,10,34,66,179,44,36,52,050,44,7*7D
1777598383.326,$GAGSV,1,1,02,07,04,296,,11,05,035,,0*7B
1777598383.327,$GBGSV,2,1,07,07,54,159,44,08,46,005,46,10,66,156,45,13,66,315,48,1*7F
1777598383.328,$GBGSV,2,2,07,23,61,346,49,25,60,115,48,28,50,259,46,1*40
1777598383.328,$GBGSV,1,1,02,09,15,171,25,10,66,156,49,3*75
1777598383.329,$GNGLL,1339.06212,N,10029.57931,E,011943.00,A,D*70
1777598384.305,$GNRMC,011944.00,A,1339.06288,N,10029.57932,E,2.827,0.75,010526,0.53,W,R,V*5E
1777598384.307,$GNVTG,0.75,T,1.28,M,2.827,N,5.236,K,D*3C
1777598384.309,$GNGGA,011944.00,1339.06288,N,10029.57932,E,4,12,0.60,-0.8,M,-27.8,M,1.0,0499*69
1777598384.310,$GNGSA,A,3,01,07,14,17,06,22,30,03,19,,,,1.27,0.60,1.12,1*0A
1777598384.310,$GNGSA,A,3,73,80,84,83,,,,,,,,,1.27,0.60,1.12,2*09
1777598384.311,$GNGSA,A,3,08,15,03,02,30,25,34,36,,,,,1.27,0.60,1.12,3*08
1777598384.311,$GNGSA,A,3,07,08,10,23,25,28,13,,,,,,1.27,0.60,1.12,4*04
1777598384.312,$GPGSV,3,1,12,01,35,041,41,03,23,103,42,06,35,211,35,07,52,172,46,1*66
1777598384.312,$GPGSV,3,2,12,14,43,353,45,17,44,320,39,19,31,282,40,22,33,339,36,1*67
1777598384.313,$GPGSV,3,3,12,30,70,253,45,41,64,233,45,42,70,217,48,50,56,115,42,1*6E
1777598384.314,$GPGSV,2,1,07,01,35,041,39,03,23,103,37,06,35,211,38,07,52,172,44,6*66
1777598384.315,$GPGSV,2,2,07,14,43,353,46,17,44,320,37,30,70,253,42,6*54
1777598384.316,$GPGSV,1,1,03,02,06,036,,09,06,171,,40,36,256,,0*5F
1777598384.317,$GLGSV,2,1,06,73,36,350,46,79,17,128,26,80,56,077,49,82,12,023,22,1*71
1777598384.317,$GLGSV,2,2,06,83,61,354,49,84,50,235,40,1*74
1777598384.318,$GLGSV,2,1,06,73,36,350,45,79,17,128,30,80,56,077,49,82,12,023,20,3*75
1777598384.318,$GLGSV,2,2,06,83,61,354,48,84,50,235,44,3*73
1777598384.319,$GLGSV,1,1,01,85,07,217,,0*46
1777598384.320,$GAGSV,3,1,09,02,45,012,49,03,20,196,35,08,24,250,42,15,16,206,36,2*74
1777598384.320,$GAGSV,3,2,09,18,42,293,47,25,29,080,27,30,17,319,32,34,66,179,51,2*78
1777598384.321,$GAGSV,3,3,09,36,52,050,50,2*4D
1777598384.321,$GAGSV,3,1,10,02,45,012,45,03,20,196,33,08,24,250,33,15,16,206,32,7*71
1777598384.322,$GAGSV,3,2,10,18,42,293,42,25,29,080,25,30,17,319,32,32,27,224,36,7*7B
1777598384.323,$GAGSV,3,3,10,34,66,179,45,36,52,050,42,7*7A
1777598384.323,$GAGSV,1,1,02,07,04,296,,11,05,035,,0*7B
1777598384.324,$GBGSV,2,1,07,07,54,159,46,08,46,005,46,10,66,156,46,13,66,315,49,1*7F
1777598384.325,$GBGSV,2,2,07,23,61,346,48,25,60,115,48,28,50,259,44,1*43
1777598384.325,$GBGSV,1,1,02,09,15,171,26,10,66,156,49,3*76
1777598384.326,$GNGLL,1339.06288,N,10029.57932,E,011944.00,A,D*77
1777598385.301,$GNRMC,011945.00,A,1339.06366,N,10029.57934,E,2.718,359.57,010526,0.53,W,R,V*54
1777598385.303,$GNVTG,359.57,T,0.10,M,2.718,N,5.034,K,D*3A
1777598385.305,$GNGGA,011945.00,1339.06366,N,10029.57934,E,4,12,0.60,-0.8,M,-27.8,M,1.0,0499*6F
1777598385.305,$GNGSA,A,3,01,07,14,17,06,22,30,03,19,,,,1.21,0.60,1.05,1*0A
1777598385.306,$GNGSA,A,3,73,80,84,83,79,,,,,,,,1.21,0.60,1.05,2*07
1777598385.306,$GNGSA,A,3,08,15,03,02,30,34,36,,,,,,1.21,0.60,1.05,3*0F
1777598385.307,$GNGSA,A,3,07,08,10,23,25,28,13,,,,,,1.21,0.60,1.05,4*04
1777598385.308,$GPGSV,3,1,12,01,35,041,38,03,23,103,40,06,35,211,37,07,52,172,45,1*6B
1777598385.309,$GPGSV,3,2,12,14,43,353,46,17,44,320,40,19,31,282,41,22,33,339,40,1*6A
1777598385.310,$GPGSV,3,3,12,30,70,253,47,41,64,233,41,42,70,217,46,50,56,115,41,1*65
1777598385.311,$GPGSV,2,1,07,01,35,041,40,03,23,103,36,06,35,211,32,07,52,172,44,6*63
1777598385.312,$GPGSV,2,2,07,14,43,353,45,17,44,320,38,30,70,253,44,6*5E
1777598385.312,$GPGSV,1,1,03,02,06,036,,09,06,171,,40,36,256,,0*5F
1777598385.313,$GLGSV,2,1,06,73,36,350,45,79,17,128,32,80,56,077,47,82,12,023,22,1*79
1777598385.314,$GLGSV,2,2,06,83,61,354,48,84,50,235,40,1*75
1777598385.314,$GLGSV,2,1,06,73,36,350,45,79,17,128,30,80,56,077,46,82,12,023,22,3*78
1777598385.315,$GLGSV,2,2,06,83,61,354,49,84,50,235,36,3*77
1777598385.315,$GLGSV,1,1,01,85,07,217,,0*46
1777598385.316,$GAGSV,3,1,09,02,45,012,48,03,20,196,36,08,24,250,34,15,16,206,33,2*72
1777598385.317,$GAGSV,3,2,09,18,42,293,48,25,29,080,26,30,17,319,35,34,66,179,51,2*71
1777598385.317,$GAGSV,3,3,09,36,52,050,50,2*4D
1777598385.318,$GAGSV,3,1,09,02,45,012,44,03,20,196,28,08,24,250,36,18,42,293,41,7*73
1777598385.319,$GAGSV,3,2,09,25,29,080,23,30,17,319,26,32,27,224,36,34,66,179,46,7*7B
1777598385.319,$GAGSV,3,3,09,36,52,050,43,7*4A
1777598385.320,$GAGSV,1,1,02,07,04,296,,11,05,035,,0*7B
1777598385.320,$GBGSV,2,1,07,07,54,159,47,08,46,005,45,10,66,156,46,13,66,315,49,1*7D
1777598385.321,$GBGSV,2,2,07,23,61,346,49,25,60,115,47,28,50,259,46,1*4F
1777598385.322,$GBGSV,1,1,02,09,15,171,25,10,66,156,48,3*74
1777598385.322,$GNGLL,1339.06366,N,10029.57934,E,011945.00,A,D*71
1777598386.305,$GNRMC,011946.00,A,1339.06442,N,10029.57934,E,2.675,0.60,010526,0.53,W,R,V*57
1777598386.307,$GNVTG,0.60,T,1.13,M,2.675,N,4.954,K,D*37
1777598386.309,$GNGGA,011946.00,1339.06442,N,10029.57934,E,4,12,0.60,-0.8,M,-27.8,M,1.0,0499*6D
1777598386.309,$GNGSA,A,3,01,07,14,17,06,22,30,03,19,,,,1.21,0.60,1.05,1*0A
1777598386.310,$GNGSA,A,3,73,80,84,83,79,,,,,,,,1.21,0.60,1.05,2*07
1777598386.310,$GNGSA,A,3,08,15,03,02,30,34,36,,,,,,1.21,0.60,1.05,3*0F
1777598386.311,$GNGSA,A,3,07,08,10,23,25,28,13,,,,,,1.21,0.60,1.05,4*04
1777598386.311,$GPGSV,3,1,11,01,35,041,38,03,23,103,36,07,52,172,45,14,43,353,46,1*6A
1777598386.312,$GPGSV,3,2,11,17,44,320,40,19,31,282,42,22,33,339,39,30,70,253,48,1*6D
1777598386.313,$GPGSV,3,3,11,41,64,233,45,42,70,217,47,50,56,115,40,1*51
1777598386.313,$GPGSV,2,1,07,01,35,041,36,03,23,103,27,06,35,211,32,07,52,172,44,6*62
1777598386.314,$GPGSV,2,2,07,14,43,353,45,17,44,320,33,30,70,253,45,6*54
1777598386.314,$GPGSV,1,1,03,02,06,036,,09,06,171,,40,36,256,,0*5F
1777598386.315,$GLGSV,2,1,06,73,36,350,47,79,17,128,29,80,56,077,48,82,12,023,23,1*7F
1777598386.315,$GLGSV,2,2,06,83,61,354,48,84,50,235,45,1*70
1777598386.316,$GLGSV,2,1,06,73,36,350,48,79,17,128,32,80,56,077,47,82,12,023,22,3*76
1777598386.317,$GLGSV,2,2,06,83,61,354,49,84,50,235,36,3*77
1777598386.317,$GLGSV,1,1,01,85,07,217,,0*46
1777598386.318,$GAGSV,3,1,09,02,45,012,48,03,20,196,37,08,24,250,36,15,16,206,36,2*74
1777598386.319,$GAGSV,3,2,09,18,42,293,46,25,29,080,26,30,17,319,32,34,66,179,50,2*79
1777598386.319,$GAGSV,3,3,09,36,52,050,50,2*4D
1777598386.320,$GAGSV,3,1,09,02,45,012,43,03,20,196,33,15,16,206,30,18,42,293,41,7*76
1777598386.321,$GAGSV,3,2,09,25,29,080,22,30,17,319,34,32,27,224,28,34,66,179,46,7*76
1777598386.321,$GAGSV,3,3,09,36,52,050,44,7*4D
1777598386.322,$GAGSV,1,1,02,07,04,296,,11,05,035,,0*7B
1777598386.323,$GBGSV,2,1,07,07,54,159,46,08,46,005,44,10,66,156,45,13,66,315,48,1*7F
1777598386.324,$GBGSV,2,2,07,23,61,346,49,25,60,115,47,28,50,259,47,1*4E
1777598386.325,$GBGSV,1,1,02,09,15,171,24,10,66,156,49,3*74
1777598386.325,$GNGLL,1339.06442,N,10029.57934,E,011946.00,A,D*73
1777598387.302,$GNRMC,011947.00,A,1339.06517,N,10029.57932,E,2.652,358.10,010526,0.53,W,R,V*5D
1777598387.304,$GNVTG,358.10,T,358.63,M,2.652,N,4.911,K,D*32
1777598387.306,$GNGGA,011947.00,1339.06517,N,10029.57932,E,4,12,0.60,-0.7,M,-27.8,M,1.0,0499*64
1777598387.307,$GNGSA,A,3,01,07,14,17,06,22,30,03,19,,,,1.21,0.60,1.05,1*0A
1777598387.307,$GNGSA,A,3,73,80,84,83,79,,,,,,,,1.21,0.60,1.05,2*07
1777598387.307,$GNGSA,A,3,08,15,03,02,30,34,36,,,,,,1.21,0.60,1.05,3*0F
1777598387.308,$GNGSA,A,3,07,08,10,23,25,28,13,,,,,,1.21,0.60,1.05,4*04
1777598387.309,$GPGSV,3,1,12,01,35,041,33,03,23,103,33,06,35,211,33,07,52,172,46,1*63
1777598387.309,$GPGSV,3,2,12,14,43,353,44,17,44,320,36,19,31,282,42,22,33,339,40,1*6A
1777598387.310,$GPGSV,3,3,12,30,70,253,46,41,64,233,47,42,70,217,45,50,56,115,41,1*61
1777598387.311,$GPGSV,2,1,07,01,35,041,39,03,23,103,32,06,35,211,31,07,52,172,43,6*6D
1777598387.311,$GPGSV,2,2,07,14,43,353,44,17,44,320,35,30,70,253,44,6*52
1777598387.312,$GPGSV,1,1,03,02,06,036,,09,06,171,,40,36,256,,0*5F
1777598387.312,$GLGSV,2,1,06,73,36,350,47,79,17,128,36,80,56,077,50,82,12,023,22,1*79
1777598387.313,$GLGSV,2,2,06,83,61,354,47,84,50,235,40,1*7A
1777598387.313,$GLGSV,2,1,06,73,36,350,50,79,17,128,35,80,56,077,49,82,12,023,23,3*77
1777598387.314,$GLGSV,2,2,06,83,61,354,48,84,50,235,47,3*70
1777598387.314,$GLGSV,1,1,01,85,07,217,,0*46
1777598387.315,$GAGSV,3,1,09,02,45,012,50,03,20,196,36,08,24,250,36,15,16,206,33,2*79
1777598387.315,$GAGSV,3,2,09,18,42,293,45,25,29,080,25,30,17,319,35,34,66,179,50,2*7E
1777598387.316,$GAGSV,3,3,09,36,52,050,50,2*4D
1777598387.316,$GAGSV,3,1,09,02,45,012,44,03,20,196,30,08,24,250,30,18,42,293,34,7*7E
1777598387.317,$GAGSV,3,2,09,25,29,080,22,30,17,319,34,32,27,224,27,34,66,179,45,7*7A
1777598387.318,$GAGSV,3,3,09,36,52,050,45,7*4C
1777598387.318,$GAGSV,1,1,02,07,04,296,,11,05,035,,0*7B
1777598387.319,$GBGSV,2,1,07,07,54,159,47,08,46,005,46,10,66,156,46,13,66,315,48,1*7F
1777598387.319,$GBGSV,2,2,07,23,61,346,49,25,60,115,48,28,50,259,46,1*40
1777598387.320,$GBGSV,1,1,02,09,15,171,24,10,66,156,49,3*74
1777598387.320,$GNGLL,1339.06517,N,10029.57932,E,011947.00,A,D*75
1777598388.306,$GNRMC,011948.00,A,1339.06592,N,10029.57932,E,2.643,358.91,010526,0.53,W,R,V*56
1777598388.308,$GNVTG,358.91,T,359.44,M,2.643,N,4.894,K,D*33
1777598388.310,$GNGGA,011948.00,1339.06592,N,10029.57932,E,4,12,0.60,-0.7,M,-27.8,M,1.0,0499*66
1777598388.310,$GNGSA,A,3,01,07,14,17,06,22,30,03,19,,,,1.21,0.60,1.05,1*0A
1777598388.311,$GNGSA,A,3,73,80,84,83,79,,,,,,,,1.21,0.60,1.05,2*07
1777598388.311,$GNGSA,A,3,08,15,03,02,30,34,36,,,,,,1.21,0.60,1.05,3*0F
1777598388.312,$GNGSA,A,3,07,08,10,23,25,28,13,,,,,,1.21,0.60,1.05,4*04
1777598388.312,$GPGSV,3,1,12,01,35,041,40,03,23,103,33,06,35,211,28,07,52,172,46,1*6D
1777598388.313,$GPGSV,3,2,12,14,43,353,45,17,44,320,42,19,31,282,41,22,33,339,41,1*6A
1777598388.314,$GPGSV,3,3,12,30,70,253,46,41,64,233,47,42,70,217,45,50,56,115,42,1*62
1777598388.315,$GPGSV,2,1,07,01,35,041,39,03,23,103,28,06,35,211,31,07,52,172,42,6*67
1777598388.315,$GPGSV,2,2,07,14,43,353,47,17,44,320,37,30,70,253,45,6*52
1777598388.316,$GPGSV,1,1,03,02,06,036,,09,06,171,,40,36,256,,0*5F
1777598388.316,$GLGSV,2,1,06,73,36,350,46,79,17,128,35,80,56,077,49,82,12,023,22,1*73
1777598388.317,$GLGSV,2,2,06,83,61,354,47,84,50,235,48,1*72
1777598388.317,$GLGSV,2,1,06,73,36,350,47,79,17,128,37,80,56,077,49,82,12,023,22,3*72
1777598388.318,$GLGSV,2,2,06,83,61,354,48,84,50,235,46,3*71
1777598388.318,$GLGSV,1,1,01,85,07,217,,0*46
1777598388.319,$GAGSV,3,1,09,02,45,012,49,03,20,196,34,08,24,250,42,15,16,206,26,2*74
1777598388.319,$GAGSV,3,2,09,18,42,293,43,25,29,080,25,30,17,319,42,34,66,179,51,2*79
1777598388.320,$GAGSV,3,3,09,36,52,050,50,2*4D
1777598388.320,$GAGSV,2,1,08,02,45,012,44,03,20,196,33,18,42,293,39,25,29,080,21,7*7D
1777598388.321,$GAGSV,2,2,08,30,17,319,29,32,27,224,29,34,66,179,45,36,52,050,44,7*7B
1777598388.321,$GAGSV,1,1,02,07,04,296,,11,05,035,,0*7B
1777598388.322,$GBGSV,2,1,07,07,54,159,46,08,46,005,46,10,66,156,46,13,66,315,46,1*70
1777598388.323,$GBGSV,2,2,07,23,61,346,50,25,60,115,47,28,50,259,46,1*47
1777598388.323,$GBGSV,1,1,02,09,15,171,23,10,66,156,49,3*73
1777598388.324,$GNGLL,1339.06592,N,10029.57932,E,011948.00,A,D*77
1777598389.307,$GNRMC,011949.00,A,1339.06666,N,10029.57933,E,2.673,1.41,010526,0.53,W,R,V*5F
1777598389.309,$GNVTG,1.41,T,1.94,M,2.673,N,4.951,K,D*39
1777598389.311,$GNGGA,011949.00,1339.06666,N,10029.57933,E,4,12,0.60,-0.8,M,-27.8,M,1.0,0499*61
1777598389.312,$GNGSA,A,3,01,07,14,17,06,22,30,03,19,,,,1.21,0.60,1.05,1*0A
1777598389.312,$GNGSA,A,3,73,80,84,83,79,,,,,,,,1.21,0.60,1.05,2*07
1777598389.313,$GNGSA,A,3,08,15,03,02,30,34,36,,,,,,1.21,0.60,1.05,3*0F
1777598389.313,$GNGSA,A,3,07,08,10,23,25,28,13,,,,,,1.21,0.60,1.05,4*04
1777598389.314,$GPGSV,3,1,12,01,35,041,40,03,23,103,28,06,35,211,28,07,52,172,45,1*64
1777598389.314,$GPGSV,3,2,12,14,43,353,45,17,44,320,39,19,31,282,40,22,33,339,44,1*62
1777598389.315,$GPGSV,3,3,12,30,70,253,47,41,64,233,46,42,70,217,45,50,56,115,41,1*61
1777598389.316,$GPGSV,2,1,07,01,35,041,41,03,23,103,32,06,35,211,29,07,52,172,44,6*6C
1777598389.316,$GPGSV,2,2,07,14,43,353,45,17,44,320,39,30,70,253,44,6*5F
1777598389.317,$GPGSV,1,1,03,02,06,036,,09,06,171,,40,36,256,,0*5F
1777598389.318,$GLGSV,2,1,06,73,36,350,39,79,17,128,35,80,56,077,50,82,12,023,21,1*70
1777598389.318,$GLGSV,2,2,06,83,61,354,48,84,50,235,45,1*70
1777598389.319,$GLGSV,2,1,06,73,36,350,44,79,17,128,31,80,56,077,49,82,12,023,22,3*77
1777598389.319,$GLGSV,2,2,06,83,61,354,47,84,50,235,49,3*71
1777598389.320,$GLGSV,1,1,01,85,07,217,,0*46
1777598389.320,$GAGSV,3,1,09,02,45,012,48,03,20,196,39,08,24,250,42,15,16,206,26,2*78
1777598389.321,$GAGSV,3,2,09,18,42,293,37,25,29,080,25,30,17,319,39,34,66,179,51,2*76
1777598389.321,$GAGSV,3,3,09,36,52,050,49,2*45
1777598389.322,$GAGSV,3,1,09,02,45,012,45,03,20,196,27,08,24,250,31,18,42,293,36,7*7A
1777598389.322,$GAGSV,3,2,09,25,29,080,21,30,17,319,38,32,27,224,34,34,66,179,45,7*77
1777598389.323,$GAGSV,3,3,09,36,52,050,44,7*4D
1777598389.323,$GAGSV,1,1,02,07,04,296,,11,05,035,,0*7B
1777598389.324,$GBGSV,2,1,07,07,54,159,46,08,46,005,46,10,66,156,47,13,66,315,47,1*70
1777598389.324,$GBGSV,2,2,07,23,61,346,48,25,60,115,49,28,50,259,47,1*41
1777598389.325,$GBGSV,1,1,02,09,15,171,26,10,66,156,48,3*77
1777598389.325,$GNGLL,1339.06666,N,10029.57933,E,011949.00,A,D*7F
1777598390.303,$GNRMC,011950.00,A,1339.06742,N,10029.57934,E,2.721,0.36,010526,0.53,W,R,V*50
1777598390.305,$GNVTG,0.36,T,0.89,M,2.721,N,5.039,K,D*35
1777598390.306,$GNGGA,011950.00,1339.06742,N,10029.57934,E,4,12,0.60,-0.9,M,-27.8,M,1.0,0499*68
1777598390.307,$GNGSA,A,3,01,07,14,17,06,22,30,03,19,,,,1.21,0.60,1.05,1*0A
1777598390.307,$GNGSA,A,3,73,80,84,83,79,,,,,,,,1.21,0.60,1.05,2*07
1777598390.308,$GNGSA,A,3,08,15,03,02,30,34,36,,,,,,1.21,0.60,1.05,3*0F
1777598390.308,$GNGSA,A,3,07,08,10,23,25,28,13,,,,,,1.21,0.60,1.05,4*04
1777598390.309,$GPGSV,3,1,12,01,35,041,40,03,23,103,27,06,35,211,32,07,52,172,47,1*62
1777598390.309,$GPGSV,3,2,12,14,43,353,45,17,44,320,44,19,31,282,33,22,33,339,44,1*6C
1777598390.310,$GPGSV,3,3,12,30,70,253,47,41,64,233,47,42,70,217,45,50,56,115,42,1*63
1777598390.311,$GPGSV,2,1,07,01,35,041,40,03,23,103,27,06,35,211,31,07,52,172,43,6*67
1777598390.311,$GPGSV,2,2,07,14,43,353,45,17,44,320,41,30,70,253,43,6*57
1777598390.312,$GPGSV,1,1,03,02,06,036,,09,06,171,,40,36,256,,0*5F
1777598390.313,$GLGSV,2,1,06,73,36,350,45,79,17,128,28,80,56,077,49,82,12,023,20,1*7E
1777598390.313,$GLGSV,2,2,06,83,61,354,48,84,50,235,48,1*7D
1777598390.314,$GLGSV,2,1,06,73,36,350,47,79,17,128,34,80,56,077,48,82,12,023,21,3*73
1777598390.314,$GLGSV,2,2,06,83,61,354,47,84,50,235,47,3*7F
1777598390.314,$GLGSV,1,1,01,85,07,217,,0*46
1777598390.315,$GAGSV,3,1,09,02,45,012,48,03,20,196,29,08,24,250,43,15,16,206,39,2*76
1777598390.316,$GAGSV,3,2,09,18,42,293,42,25,29,080,26,30,17,319,39,34,66,179,51,2*77
1777598390.316,$GAGSV,3,3,09,36,52,050,50,2*4D
1777598390.317,$GAGSV,3,1,09,02,45,012,44,03,20,196,26,08,24,250,32,18,42,293,31,7*7E
1777598390.317,$GAGSV,3,2,09,25,29,080,20,30,17,319,36,32,27,224,30,34,66,179,45,7*7C
1777598390.318,$GAGSV,3,3,09,36,52,050,45,7*4C
1777598390.318,$GAGSV,1,1,02,07,04,296,,11,05,035,,0*7B
1777598390.319,$GBGSV,2,1,07,07,54,159,46,08,46,005,45,10,66,156,46,13,66,315,48,1*7D
1777598390.319,$GBGSV,2,2,07,23,61,346,47,25,60,115,48,28,50,259,45,1*4D
1777598390.320,$GBGSV,1,1,02,09,15,171,27,10,66,156,49,3*77
1777598390.320,$GNGLL,1339.06742,N,10029.57934,E,011950.00,A,D*77
1777598391.304,$GNRMC,011951.00,A,1339.06819,N,10029.57935,E,2.729,359.01,010526,0.53,W,R,V*52
1777598391.306,$GNVTG,359.01,T,359.54,M,2.729,N,5.054,K,D*32
1777598391.308,$GNGGA,011951.00,1339.06819,N,10029.57935,E,4,12,0.60,-0.8,M,-27.8,M,1.0,0499*68
1777598391.308,$GNGSA,A,3,01,07,14,17,06,22,30,03,19,,,,1.21,0.60,1.05,1*0A
1777598391.309,$GNGSA,A,3,73,80,84,83,79,,,,,,,,1.21,0.60,1.05,2*07
1777598391.309,$GNGSA,A,3,08,15,03,02,30,34,36,,,,,,1.21,0.60,1.05,3*0F
1777598391.310,$GNGSA,A,3,07,08,10,23,25,28,13,,,,,,1.21,0.60,1.05,4*04
1777598391.310,$GPGSV,3,1,12,01,35,041,42,03,23,103,26,06,35,211,39,07,52,172,46,1*6B
1777598391.311,$GPGSV,3,2,12,14,43,353,45,17,44,320,41,19,31,282,40,22,33,339,42,1*6B
1777598391.312,$GPGSV,3,3,12,30,70,253,45,41,64,233,46,42,70,217,45,50,56,115,42,1*60
1777598391.312,$GPGSV,2,1,07,01,35,041,43,03,23,103,26,06,35,211,41,07,52,172,43,6*62
1777598391.313,$GPGSV,2,2,07,14,43,353,46,17,44,320,42,30,70,253,44,6*50
1777598391.313,$GPGSV,1,1,03,02,06,036,,09,06,171,,40,36,256,,0*5F
1777598391.314,$GLGSV,2,1,06,73,36,350,46,79,17,128,34,80,56,077,50,82,12,023,20,1*78
1777598391.314,$GLGSV,2,2,06,83,61,354,48,84,50,235,48,1*7D
1777598391.315,$GLGSV,2,1,06,73,36,350,46,79,17,128,37,80,56,077,50,82,12,023,19,3*73
1777598391.315,$GLGSV,2,2,06,83,61,354,48,84,50,235,49,3*7E
1777598391.316,$GLGSV,1,1,01,85,07,217,,0*46
1777598391.316,$GAGSV,3,1,09,02,45,013,49,03,20,196,22,08,24,250,43,15,16,206,32,2*76
1777598391.317,$GAGSV,3,2,09,18,42,293,42,25,29,080,25,30,17,319,43,34,66,179,51,2*79
1777598391.317,$GAGSV,3,3,09,36,52,050,48,2*44
1777598391.318,$GAGSV,3,1,09,02,45,013,44,03,20,196,27,08,24,250,32,18,42,293,34,7*7B
1777598391.318,$GAGSV,3,2,09,25,29,080,19,30,17,319,37,32,27,224,40,34,66,179,46,7*73
1777598391.319,$GAGSV,3,3,09,36,52,050,45,7*4C
1777598391.319,$GAGSV,1,1,02,07,04,296,,11,05,035,,0*7B
1777598391.320,$GBGSV,2,1,07,07,54,159,47,08,46,005,47,10,66,156,46,13,66,315,48,1*7E
1777598391.320,$GBGSV,2,2,07,23,61,346,48,25,60,115,49,28,50,259,38,1*49
1777598391.321,$GBGSV,1,1,02,09,15,171,28,10,66,156,48,3*79
1777598391.321,$GNGLL,1339.06819,N,10029.57935,E,011951.00,A,D*76
1777598392.305,$GNRMC,011952.00,A,1339.06895,N,10029.57935,E,2.773,0.71,010526,0.53,W,R,V*52
1777598392.306,$GNVTG,0.71,T,1.24,M,2.773,N,5.135,K,D*3A
1777598392.307,$GNGGA,011952.00,1339.06895,N,10029.57935,E,4,12,0.60,-0.9,M,-27.8,M,2.0,0499*6D
1777598392.308,$GNGSA,A,3,01,07,14,17,06,22,30,03,19,,,,1.21,0.60,1.05,1*0A
1777598392.308,$GNGSA,A,3,73,80,84,83,79,,,,,,,,1.21,0.60,1.05,2*07
1777598392.309,$GNGSA,A,3,08,15,03,02,30,34,36,,,,,,1.21,0.60,1.05,3*0F
1777598392.309,$GNGSA,A,3,07,08,10,23,25,28,13,,,,,,1.21,0.60,1.05,4*04
1777598392.310,$GPGSV,3,1,12,01,35,041,38,03,23,103,24,06,35,211,38,07,52,172,45,1*66
1777598392.310,$GPGSV,3,2,12,14,43,353,45,17,44,320,47,19,31,282,37,22,33,339,38,1*60
1777598392.311,$GPGSV,3,3,12,30,70,253,46,41,64,233,45,42,70,217,44,50,56,115,42,1*61
1777598392.312,$GPGSV,2,1,07,01,35,041,42,03,23,103,25,06,35,211,37,07,52,172,43,6*61
1777598392.312,$GPGSV,2,2,07,14,43,353,44,17,44,320,42,30,70,253,45,6*53
1777598392.313,$GPGSV,1,1,03,02,06,036,,09,06,171,,40,36,256,,0*5F
1777598392.314,$GLGSV,2,1,06,73,36,350,46,79,17,128,37,80,56,077,48,82,12,023,20,1*72
1777598392.314,$GLGSV,2,2,06,83,61,354,48,84,50,235,45,1*70
1777598392.315,$GLGSV,2,1,06,73,36,350,48,79,17,128,41,80,56,077,50,82,12,023,20,3*76
1777598392.315,$GLGSV,2,2,06,83,61,354,47,84,50,235,48,3*70
1777598392.315,$GLGSV,1,1,01,85,07,217,,0*46
1777598392.316,$GAGSV,3,1,09,02,45,013,49,03,20,195,31,08,24,250,43,15,16,206,32,2*77
1777598392.317,$GAGSV,3,2,09,18,42,293,36,25,29,080,25,30,17,319,44,34,66,179,52,2*7E
1777598392.317,$GAGSV,3,3,09,36,52,050,48,2*44
1777598392.318,$GAGSV,3,1,09,02,45,013,44,03,20,195,26,08,24,250,31,18,42,293,34,7*7A
1777598392.318,$GAGSV,3,2,09,25,29,080,20,30,17,319,36,32,27,224,40,34,66,179,46,7*78
1777598392.319,$GAGSV,3,3,09,36,52,050,45,7*4C
1777598392.319,$GAGSV,1,1,02,07,04,296,,11,05,035,,0*7B
1777598392.320,$GBGSV,2,1,07,07,54,159,47,08,46,005,44,10,66,156,46,13,66,315,50,1*74
1777598392.321,$GBGSV,2,2,07,23,61,346,48,25,60,115,48,28,50,259,47,1*40
1777598392.321,$GBGSV,1,1,02,09,15,171,26,10,66,156,49,3*76
1777598392.321,$GNGLL,1339.06895,N,10029.57935,E,011952.00,A,D*71
1777598393.303,$GNRMC,011953.00,A,1339.06971,N,10029.57936,E,2.666,0.93,010526,0.53,W,R,V*52
1777598393.305,$GNVTG,0.93,T,1.46,M,2.666,N,4.938,K,D*33
1777598393.307,$GNGGA,011953.00,1339.06971,N,10029.57936,E,4,12,0.60,-0.9,M,-27.8,M,3.0,0499*65
1777598393.309,$GNGSA,A,3,01,07,14,17,06,22,30,03,19,,,,1.21,0.60,1.05,1*0A
1777598393.310,$GNGSA,A,3,73,80,84,83,79,,,,,,,,1.21,0.60,1.05,2*07
1777598393.312,$GNGSA,A,3,08,15,03,02,30,34,36,,,,,,1.21,0.60,1.05,3*0F
1777598393.314,$GNGSA,A,3,07,08,10,23,25,28,13,,,,,,1.21,0.60,1.05,4*04
1777598393.315,$GPGSV,3,1,12,01,35,041,44,03,23,103,22,06,35,211,40,07,52,172,46,1*67
1777598393.317,$GPGSV,3,2,12,14,43,353,45,17,44,320,42,19,31,282,40,22,33,339,42,1*68
1777598393.319,$GPGSV,3,3,12,30,70,253,45,41,64,233,45,42,70,217,44,50,56,115,44,1*64
1777598393.321,$GPGSV,2,1,07,01,35,041,42,03,23,103,23,06,35,211,39,07,52,172,44,6*6E
1777598393.323,$GPGSV,2,2,07,14,43,353,45,17,44,320,41,30,70,253,42,6*56
1777598393.325,$GPGSV,1,1,03,02,06,036,,09,06,171,,40,36,256,,0*5F
1777598393.326,$GLGSV,2,1,06,73,36,350,46,79,17,128,36,80,56,077,48,82,12,023,19,1*79
1777598393.328,$GLGSV,2,2,06,83,61,354,50,84,50,235,44,1*78
1777598393.330,$GLGSV,2,1,06,73,36,350,45,79,17,128,35,80,56,077,49,82,12,023,20,3*70
1777598393.331,$GLGSV,2,2,06,83,61,354,46,84,50,235,43,3*7A
1777598393.332,$GLGSV,1,1,01,85,07,217,,0*46
1777598393.334,$GAGSV,3,1,09,02,45,013,50,03,20,195,27,08,24,250,32,15,16,206,31,2*7D
1777598393.336,$GAGSV,3,2,09,18,42,293,45,25,29,081,25,30,17,319,36,34,66,179,51,2*7D
1777598393.337,$GAGSV,3,3,09,36,52,050,49,2*45
1777598393.338,$GAGSV,3,1,09,02,45,013,44,03,20,195,26,08,24,250,31,18,42,293,40,7*79
1777598393.340,$GAGSV,3,2,09,25,29,081,21,30,17,319,33,32,27,224,39,34,66,179,46,7*73
1777598393.341,$GAGSV,3,3,09,36,52,050,45,7*4C
1777598393.341,$GAGSV,1,1,02,07,04,296,,11,05,035,,0*7B
1777598393.342,$GBGSV,2,1,07,07,54,159,46,08,46,005,44,10,66,156,46,13,66,315,47,1*73
1777598393.343,$GBGSV,2,2,07,23,61,346,49,25,60,115,49,28,50,259,41,1*46
1777598393.344,$GBGSV,1,1,02,09,15,171,26,10,66,156,48,3*77
1777598393.345,$GNGLL,1339.06971,N,10029.57936,E,011953.00,A,D*78
1777598394.304,$GNRMC,011954.00,A,1339.07046,N,10029.57934,E,2.703,1.09,010526,0.53,W,R,V*5B
1777598394.305,$GNVTG,1.09,T,1.62,M,2.703,N,5.007,K,D*31
1777598394.307,$GNGGA,011954.00,1339.07046,N,10029.57934,E,4,12,0.60,-1.0,M,-27.8,M,4.0,0499*63
1777598394.308,$GNGSA,A,3,01,07,14,17,06,22,30,03,19,,,,1.21,0.60,1.05,1*0A
1777598394.308,$GNGSA,A,3,73,80,84,83,79,,,,,,,,1.21,0.60,1.05,2*07
1777598394.309,$GNGSA,A,3,08,15,03,02,30,34,36,,,,,,1.21,0.60,1.05,3*0F
1777598394.309,$GNGSA,A,3,07,08,10,23,25,28,13,,,,,,1.21,0.60,1.05,4*04
1777598394.310,$GPGSV,3,1,12,01,35,041,42,03,23,103,20,06,35,211,43,07,52,172,47,1*61
1777598394.310,$GPGSV,3,2,12,14,43,353,43,17,44,320,43,19,31,282,37,22,33,339,40,1*6D
1777598394.311,$GPGSV,3,3,12,30,70,253,47,41,64,233,42,42,70,217,45,50,56,115,43,1*67
1777598394.312,$GPGSV,2,1,07,01,35,041,42,03,23,103,22,06,35,211,44,07,52,172,43,6*62
1777598394.312,$GPGSV,2,2,07,14,43,353,46,17,44,320,33,30,70,253,45,6*57
1777598394.313,$GPGSV,1,1,03,02,06,036,,09,06,171,,40,36,256,,0*5F
1777598394.313,$GLGSV,2,1,06,73,36,350,47,79,17,128,38,80,56,077,49,82,12,023,20,1*7D
1777598394.314,$GLGSV,2,2,06,83,61,354,48,84,50,235,39,1*7B
1777598394.314,$GLGSV,2,1,06,73,36,350,48,79,17,128,30,80,56,077,50,82,12,023,21,3*71
1777598394.315,$GLGSV,2,2,06,83,61,354,49,84,50,235,37,3*76
1777598394.315,$GLGSV,1,1,01,85,07,217,,0*46
1777598394.315,$GAGSV,3,1,09,02,45,013,49,03,20,195,35,08,24,250,42,15,16,206,30,2*70
1777598394.316,$GAGSV,3,2,09,18,42,293,46,25,29,081,24,30,17,319,43,34,66,179,50,2*7C
1777598394.316,$GAGSV,3,3,09,36,52,050,50,2*4D
1777598394.317,$GAGSV,3,1,09,02,45,013,43,03,20,195,26,08,24,250,38,18,42,293,40,7*77
1777598394.318,$GAGSV,3,2,09,25,29,081,20,30,17,319,36,32,27,224,39,34,66,179,44,7*75
1777598394.318,$GAGSV,3,3,09,36,52,050,44,7*4D
1777598394.318,$GAGSV,1,1,02,07,04,296,,11,05,035,,0*7B
1777598394.319,$GBGSV,2,1,07,07,54,159,47,08,46,005,45,10,66,156,47,13,66,315,47,1*72
1777598394.319,$GBGSV,2,2,07,23,61,346,50,25,60,115,48,28,50,259,39,1*40
1777598394.320,$GBGSV,1,1,02,09,15,171,26,10,66,156,50,3*7E
1777598394.320,$GNGLL,1339.07046,N,10029.57934,E,011954.00,A,D*71
1777598395.396,$GNRMC,011955.00,A,1339.07123,N,10029.57933,E,2.767,359.92,010526,0.53,W,D,V*47
1777598395.398,$GNVTG,359.92,T,0.45,M,2.767,N,5.125,K,D*3A
1777598395.400,$GNGGA,011955.00,1339.07123,N,10029.57933,E,2,12,0.60,-1.0,M,-27.8,M,5.0,0499*60
1777598395.401,$GNGSA,A,3,01,07,14,17,06,22,30,03,19,,,,1.21,0.60,1.05,1*0A
1777598395.401,$GNGSA,A,3,73,80,84,83,79,,,,,,,,1.21,0.60,1.05,2*07
1777598395.401,$GNGSA,A,3,08,15,03,02,30,34,36,,,,,,1.21,0.60,1.05,3*0F
1777598395.402,$GNGSA,A,3,07,08,10,23,25,28,13,,,,,,1.21,0.60,1.05,4*04
1777598395.403,$GPGSV,3,1,12,01,35,041,43,03,23,103,19,06,35,211,42,07,52,172,45,1*69
1777598395.403,$GPGSV,3,2,12,14,43,353,42,17,44,320,46,19,31,282,35,22,33,339,41,1*6A
1777598395.404,$GPGSV,3,3,12,30,70,253,49,41,64,233,47,42,70,217,45,50,56,115,42,1*6D
1777598395.405,$GPGSV,2,1,07,01,35,041,42,03,23,103,20,06,35,211,40,07,52,172,43,6*64
1777598395.405,$GPGSV,2,2,07,14,43,353,44,17,44,320,42,30,70,253,46,6*50
1777598395.406,$GPGSV,1,1,03,02,06,036,,09,06,171,,40,36,256,,0*5F
1777598395.406,$GLGSV,2,1,06,73,36,350,47,79,17,128,29,80,56,077,48,82,12,023,20,1*7C
1777598395.407,$GLGSV,2,2,06,83,61,354,47,84,50,235,42,1*78
1777598395.407,$GLGSV,2,1,06,73,36,350,49,79,17,128,30,80,56,077,46,82,12,023,21,3*77
1777598395.408,$GLGSV,2,2,06,83,61,354,47,84,50,235,40,3*78
1777598395.408,$GLGSV,1,1,01,85,07,217,,0*46
1777598395.409,$GAGSV,3,1,09,02,45,013,48,03,20,195,30,08,24,250,46,15,16,206,30,2*70
1777598395.409,$GAGSV,3,2,09,18,42,293,40,25,29,081,25,30,17,319,44,34,66,179,52,2*7E
1777598395.410,$GAGSV,3,3,09,36,52,050,49,2*45
1777598395.410,$GAGSV,3,1,09,02,45,013,44,03,20,195,27,08,24,250,37,18,42,293,35,7*7C
1777598395.411,$GAGSV,3,2,09,25,29,081,19,30,17,319,40,32,27,224,32,34,66,179,46,7*77
1777598395.411,$GAGSV,3,3,09,36,52,050,43,7*4A
1777598395.412,$GAGSV,1,1,02,07,04,296,,11,05,035,,0*7B
1777598395.412,$GBGSV,2,1,07,07,54,159,47,08,46,005,46,10,66,156,46,13,66,315,51,1*77
1777598395.413,$GBGSV,2,2,07,23,61,346,49,25,60,115,47,28,50,259,46,1*4F
1777598395.413,$GBGSV,1,1,02,09,15,171,26,10,66,156,49,3*76
1777598395.414,$GNGLL,1339.07123,N,10029.57933,E,011955.00,A,D*75
1777598396.341,$GNRMC,011956.00,A,1339.07200,N,10029.57933,E,2.665,0.68,010526,0.53,W,R,V*59
1777598396.343,$GNVTG,0.68,T,1.21,M,2.665,N,4.936,K,D*3B
1777598396.345,$GNGGA,011956.00,1339.07200,N,10029.57933,E,4,12,0.60,-0.9,M,-27.8,M,6.0,0499*6C
1777598396.345,$GNGSA,A,3,01,07,14,17,06,22,30,03,19,,,,1.21,0.60,1.05,1*0A
1777598396.346,$GNGSA,A,3,73,80,84,83,79,,,,,,,,1.21,0.60,1.05,2*07
1777598396.346,$GNGSA,A,3,08,15,03,02,30,34,36,,,,,,1.21,0.60,1.05,3*0F
1777598396.347,$GNGSA,A,3,07,08,10,23,25,28,13,,,,,,1.21,0.60,1.05,4*04
1777598396.347,$GPGSV,3,1,12,01,35,041,44,03,23,103,20,06,35,211,40,07,52,172,46,1*65
1777598396.348,$GPGSV,3,2,12,14,43,353,44,17,44,320,38,19,31,282,41,22,33,339,45,1*62
1777598396.349,$GPGSV,3,3,12,30,70,253,45,41,64,233,40,42,70,217,44,50,56,115,42,1*67
1777598396.349,$GPGSV,2,1,07,01,35,041,43,03,23,103,20,06,35,211,43,07,52,172,43,6*66
1777598396.350,$GPGSV,2,2,07,14,43,353,45,17,44,320,35,30,70,253,43,6*54
1777598396.350,$GPGSV,1,1,03,02,06,036,,09,06,171,,40,36,256,,0*5F
1777598396.351,$GLGSV,2,1,06,73,36,350,45,79,17,128,29,80,56,077,46,82,12,023,19,1*7A
1777598396.351,$GLGSV,2,2,06,83,61,354,49,84,50,235,39,1*7A
1777598396.352,$GLGSV,2,1,06,73,36,350,47,79,17,128,24,80,56,077,48,82,12,023,20,3*73
1777598396.353,$GLGSV,2,2,06,83,61,354,46,84,50,235,43,3*7A
1777598396.353,$GLGSV,1,1,01,85,07,217,,0*46
1777598396.353,$GAGSV,3,1,09,02,45,013,50,03,20,195,30,08,24,250,33,15,16,206,41,2*7D
1777598396.354,$GAGSV,3,2,09,18,42,293,45,25,29,081,24,30,17,319,42,34,66,179,53,2*7D
1777598396.354,$GAGSV,3,3,09,36,52,050,50,2*4D
1777598396.355,$GAGSV,3,1,10,02,45,013,45,03,20,195,26,08,24,250,32,15,16,206,29,7*7C
1777598396.356,$GAGSV,3,2,10,18,42,293,36,25,29,081,18,30,17,319,33,32,27,224,29,7*78
1777598396.356,$GAGSV,3,3,10,34,66,179,46,36,52,050,43,7*78
1777598396.357,$GAGSV,1,1,02,07,04,296,,11,05,035,,0*7B
1777598396.357,$GBGSV,2,1,07,07,54,159,47,08,46,005,45,10,66,156,46,13,66,315,50,1*75
1777598396.358,$GBGSV,2,2,07,23,61,346,50,25,60,115,48,28,50,259,37,1*4E
1777598396.358,$GBGSV,1,1,02,09,15,171,27,10,66,156,49,3*77
1777598396.358,$GNGLL,1339.07200,N,10029.57933,E,011956.00,A,D*74
1777598397.309,$GNRMC,011957.00,A,1339.07273,N,10029.57933,E,2.631,0.47,010526,0.53,W,R,V*50
1777598397.311,$GNVTG,0.47,T,1.00,M,2.631,N,4.873,K,D*34
1777598397.312,$GNGGA,011957.00,1339.07273,N,10029.57933,E,4,12,0.65,-0.9,M,-27.8,M,7.0,0499*6D
1777598397.313,$GNGSA,A,3,01,07,14,17,06,22,30,03,19,,,,1.28,0.65,1.10,1*02
1777598397.313,$GNGSA,A,3,73,80,84,83,79,,,,,,,,1.28,0.65,1.10,2*0F
1777598397.314,$GNGSA,A,3,08,15,03,02,30,34,36,,,,,,1.28,0.65,1.10,3*07
1777598397.314,$GNGSA,A,3,07,08,10,23,25,28,13,,,,,,1.28,0.65,1.10,4*0C
1777598397.315,$GPGSV,3,1,12,01,35,041,42,03,23,103,20,06,35,211,31,07,52,172,45,1*66
1777598397.316,$GPGSV,3,2,12,14,43,353,45,17,44,320,40,19,31,282,37,22,33,339,42,1*6A
1777598397.316,$GPGSV,3,3,12,30,70,253,47,41,64,233,42,42,70,217,43,50,56,115,43,1*61
1777598397.317,$GPGSV,2,1,07,01,35,041,44,03,23,103,18,06,35,211,36,07,52,172,44,6*6F
1777598397.317,$GPGSV,2,2,07,14,43,353,44,17,44,320,35,30,70,253,43,6*55
1777598397.318,$GPGSV,1,1,03,02,06,036,,09,06,171,,40,36,256,,0*5F
1777598397.319,$GLGSV,2,1,06,73,36,350,48,79,17,128,27,80,56,077,47,82,12,023,18,1*79
1777598397.319,$GLGSV,2,2,06,83,61,354,48,84,50,235,42,1*77
1777598397.320,$GLGSV,2,1,06,73,36,350,47,79,17,128,31,80,56,077,49,82,12,023,19,3*7C
1777598397.320,$GLGSV,2,2,06,83,61,354,49,84,50,235,44,3*72
1777598397.321,$GLGSV,1,1,01,85,07,217,,0*46
1777598397.321,$GAGSV,3,1,09,02,45,013,50,03,20,195,34,08,23,250,41,15,16,206,39,2*74
1777598397.322,$GAGSV,3,2,09,18,42,293,46,25,29,081,22,30,17,319,35,34,66,179,53,2*78
1777598397.322,$GAGSV,3,3,09,36,52,050,50,2*4D
1777598397.323,$GAGSV,3,1,10,02,45,013,45,03,20,195,26,08,23,250,35,15,16,206,36,7*72
1777598397.324,$GAGSV,3,2,10,18,42,293,38,25,29,081,18,30,17,319,29,32,27,224,30,7*75
1777598397.324,$GAGSV,3,3,10,34,66,179,45,36,52,050,44,7*7C
1777598397.324,$GAGSV,1,1,02,07,04,296,,11,05,035,,0*7B
1777598397.325,$GBGSV,2,1,08,06,,,39,07,54,159,47,08,46,005,45,10,66,156,48,1*48
1777598397.326,$GBGSV,2,2,08,13,66,315,48,23,61,346,47,25,60,115,50,28,50,259,41,1*76
1777598397.326,$GBGSV,1,1,02,09,15,171,31,10,66,156,49,3*70
1777598397.327,$GNGLL,1339.07273,N,10029.57933,E,011957.00,A,D*71
1777598398.303,$GNRMC,011958.00,A,1339.07347,N,10029.57933,E,2.634,358.24,010526,0.53,W,R,V*57
1777598398.305,$GNVTG,358.24,T,358.77,M,2.634,N,4.878,K,D*3E
1777598398.307,$GNGGA,011958.00,1339.07347,N,10029.57933,E,4,12,0.65,-0.9,M,-27.8,M,8.0,0499*6B
1777598398.307,$GNGSA,A,3,01,07,14,17,06,22,30,03,19,,,,1.28,0.65,1.10,1*02
1777598398.308,$GNGSA,A,3,73,80,84,83,79,,,,,,,,1.28,0.65,1.10,2*0F
1777598398.308,$GNGSA,A,3,08,15,03,02,30,34,36,,,,,,1.28,0.65,1.10,3*07
1777598398.309,$GNGSA,A,3,07,08,10,23,25,28,13,,,,,,1.28,0.65,1.10,4*0C
1777598398.309,$GPGSV,3,1,12,01,35,041,42,03,23,103,20,06,35,211,27,07,52,172,46,1*62
1777598398.310,$GPGSV,3,2,12,14,43,353,44,17,44,320,42,19,31,282,36,22,33,339,41,1*6B
1777598398.311,$GPGSV,3,3,12,30,70,253,50,41,64,233,46,42,70,217,47,50,56,115,42,1*66
1777598398.311,$GPGSV,2,1,07,01,35,041,43,03,23,103,18,06,35,211,28,07,52,172,43,6*60
1777598398.312,$GPGSV,2,2,07,14,43,353,45,17,44,320,38,30,70,253,45,6*5F
1777598398.312,$GPGSV,1,1,03,02,06,036,,09,06,171,,40,36,256,,0*5F
1777598398.313,$GLGSV,2,1,06,73,36,350,42,79,17,128,32,80,56,077,48,82,12,023,18,1*78
1777598398.314,$GLGSV,2,2,06,83,61,354,49,84,50,235,40,1*74
1777598398.314,$GLGSV,2,1,06,73,36,350,45,79,17,128,34,80,56,077,50,82,12,023,19,3*73
1777598398.315,$GLGSV,2,2,06,83,61,354,48,84,50,235,44,3*73
1777598398.315,$GLGSV,1,1,01,85,07,217,,0*46
1777598398.316,$GAGSV,3,1,09,02,45,013,50,03,20,195,32,08,23,250,41,15,16,206,29,2*73
1777598398.316,$GAGSV,3,2,09,18,42,293,43,25,29,081,21,30,17,319,34,34,66,179,52,2*7E
1777598398.317,$GAGSV,3,3,09,36,52,050,52,2*4F
1777598398.317,$GAGSV,2,1,08,02,45,013,46,03,20,195,25,08,23,250,34,18,42,293,35,7*78
1777598398.318,$GAGSV,2,2,08,25,29,081,19,30,17,319,34,34,66,179,45,36,52,050,43,7*76
1777598398.319,$GAGSV,1,1,03,07,04,296,,11,05,035,,32,27,224,,0*4A
1777598398.319,$GBGSV,2,1,08,06,,,38,07,54,159,46,08,46,005,45,10,66,156,46,1*46
1777598398.320,$GBGSV,2,2,08,13,66,315,49,23,61,346,47,25,60,115,48,28,50,259,44,1*7B
1777598398.320,$GBGSV,1,1,02,09,15,171,27,10,66,156,48,3*76
1777598398.321,$GNGLL,1339.07347,N,10029.57933,E,011958.00,A,D*78
1777598399.303,$GNRMC,011959.00,A,1339.07422,N,10029.57933,E,2.694,358.81,010526,0.53,W,R,V*57
1777598399.304,$GNVTG,358.81,T,359.34,M,2.694,N,4.990,K,D*3A
1777598399.306,$GNGGA,011959.00,1339.07422,N,10029.57933,E,4,12,0.65,-0.9,M,-27.8,M,1.0,0499*67
1777598399.307,$GNGSA,A,3,01,07,14,17,06,22,30,19,,,,,1.28,0.65,1.10,1*01
1777598399.307,$GNGSA,A,3,73,80,84,83,79,,,,,,,,1.28,0.65,1.10,2*0F
1777598399.308,$GNGSA,A,3,08,15,03,02,30,34,36,,,,,,1.28,0.65,1.10,3*07
1777598399.308,$GNGSA,A,3,07,08,10,23,25,28,13,,,,,,1.28,0.65,1.10,4*0C
1777598399.309,$GPGSV,3,1,10,01,35,041,41,07,52,172,44,14,43,353,45,17,44,320,38,1*6E
1777598399.309,$GPGSV,3,2,10,19,31,282,42,22,33,339,42,30,70,253,46,41,64,233,46,1*6A
1777598399.310,$GPGSV,3,3,10,42,70,217,46,50,56,115,41,1*64
1777598399.310,$GPGSV,2,1,07,01,35,041,43,03,23,103,18,06,35,211,32,07,52,172,44,6*6C
1777598399.311,$GPGSV,2,2,07,14,43,353,46,17,44,320,39,30,70,253,43,6*5B
1777598399.311,$GPGSV,1,1,03,02,06,036,,09,06,171,,40,36,256,,0*5F
1777598399.312,$GLGSV,2,1,06,73,36,350,43,79,17,128,36,80,56,077,50,82,12,023,18,1*74
1777598399.312,$GLGSV,2,2,06,83,61,354,49,84,50,235,42,1*76
1777598399.313,$GLGSV,2,1,06,73,36,350,45,79,17,128,31,80,56,077,49,82,12,023,19,3*7E
1777598399.313,$GLGSV,2,2,06,83,61,354,47,84,50,235,44,3*7C
1777598399.314,$GLGSV,1,1,01,85,07,217,,0*46
1777598399.314,$GAGSV,3,1,09,02,45,013,49,03,20,195,40,08,23,250,37,15,16,206,33,2*74
1777598399.315,$GAGSV,3,2,09,18,42,293,49,25,29,081,20,30,17,319,39,34,66,179,53,2*79
1777598399.315,$GAGSV,3,3,09,36,52,050,50,2*4D
1777598399.316,$GAGSV,2,1,08,02,45,013,44,03,20,195,26,08,23,250,32,18,42,293,42,7*7F
1777598399.316,$GAGSV,2,2,08,25,29,081,19,30,17,319,26,34,66,179,45,36,52,050,43,7*75
1777598399.317,$GAGSV,1,1,03,07,04,296,,11,05,035,,32,27,224,,0*4A
1777598399.317,$GBGSV,2,1,08,06,,,41,07,54,159,49,08,46,005,45,10,66,156,45,1*44
1777598399.318,$GBGSV,2,2,08,13,66,315,48,23,61,346,49,25,60,115,46,28,50,259,40,1*7E
1777598399.318,$GBGSV,1,1,02,09,15,171,27,10,66,156,48,3*76
1777598399.319,$GNGLL,1339.07422,N,10029.57933,E,011959.00,A,D*7D
1777598400.310,$GNRMC,012000.00,A,1339.07499,N,10029.57933,E,2.706,359.50,010526,0.53,W,R,V*56
1777598400.312,$GNVTG,359.50,T,0.03,M,2.706,N,5.012,K,D*34
1777598400.314,$GNGGA,012000.00,1339.07499,N,10029.57933,E,4,12,0.65,-0.9,M,-27.8,M,1.0,0499*61
1777598400.314,$GNGSA,A,3,01,07,14,17,06,22,30,19,,,,,1.28,0.65,1.10,1*01
1777598400.315,$GNGSA,A,3,73,80,84,83,79,,,,,,,,1.28,0.65,1.10,2*0F
1777598400.315,$GNGSA,A,3,08,15,03,02,30,34,36,,,,,,1.28,0.65,1.10,3*07
1777598400.316,$GNGSA,A,3,07,08,10,23,25,28,13,,,,,,1.28,0.65,1.10,4*0C
1777598400.316,$GPGSV,3,1,11,01,35,041,43,06,35,211,36,07,52,172,46,14,43,353,42,1*63
1777598400.317,$GPGSV,3,2,11,17,44,320,44,19,31,282,42,22,33,339,42,30,70,253,48,1*65
1777598400.318,$GPGSV,3,3,11,41,64,233,45,42,70,217,46,50,56,115,41,1*51
1777598400.318,$GPGSV,2,1,07,01,35,041,44,03,23,103,18,06,35,211,34,07,52,172,42,6*6B
1777598400.319,$GPGSV,2,2,07,14,43,353,45,17,44,320,42,30,70,253,46,6*51
1777598400.319,$GPGSV,1,1,03,02,06,036,,09,06,171,,40,36,256,,0*5F
1777598400.320,$GLGSV,2,1,06,73,36,350,41,79,17,128,30,80,56,077,50,82,12,023,17,1*7F
1777598400.320,$GLGSV,2,2,06,83,61,354,49,84,50,235,42,1*76
1777598400.321,$GLGSV,2,1,06,73,36,350,44,79,17,128,27,80,56,077,47,82,12,023,19,3*76
1777598400.321,$GLGSV,2,2,06,83,61,354,48,84,50,235,41,3*76
1777598400.322,$GLGSV,1,1,01,85,07,217,,0*46
1777598400.322,$GAGSV,3,1,09,02,45,013,50,03,20,195,32,08,23,250,30,15,16,206,38,2*75
1777598400.323,$GAGSV,3,2,09,18,42,293,46,25,29,081,21,30,17,319,43,34,66,179,52,2*7B
1777598400.323,$GAGSV,3,3,09,36,52,050,50,2*4D
1777598400.324,$GAGSV,2,1,08,02,45,013,43,03,20,195,32,08,23,250,35,18,42,293,42,7*7A
1777598400.324,$GAGSV,2,2,08,25,29,081,19,30,17,319,39,34,66,179,45,36,52,050,43,7*7B
1777598400.325,$GAGSV,1,1,03,07,04,296,,11,05,035,,32,27,224,,0*4A
1777598400.325,$GBGSV,2,1,08,06,,,39,07,54,159,47,08,46,005,45,10,66,156,46,1*46
1777598400.326,$GBGSV,2,2,08,13,66,315,48,23,61,346,48,25,60,115,47,28,50,259,48,1*76
1777598400.326,$GBGSV,1,1,02,09,15,171,32,10,66,156,49,3*73
1777598400.327,$GNGLL,1339.07499,N,10029.57933,E,012000.00,A,D*7B
1777598401.306,$GNRMC,012001.00,A,1339.07575,N,10029.57933,E,2.682,359.72,010526,0.53,W,R,V*59
1777598401.307,$GNVTG,359.72,T,0.25,M,2.682,N,4.967,K,D*37
1777598401.309,$GNGGA,012001.00,1339.07575,N,10029.57933,E,4,12,0.65,-0.9,M,-27.8,M,1.0,0499*63
1777598401.310,$GNGSA,A,3,01,07,14,17,06,22,30,19,,,,,1.28,0.65,1.10,1*01
1777598401.310,$GNGSA,A,3,73,80,84,83,79,,,,,,,,1.28,0.65,1.10,2*0F
1777598401.310,$GNGSA,A,3,08,15,03,02,30,34,36,,,,,,1.28,0.65,1.10,3*07
1777598401.311,$GNGSA,A,3,07,08,10,23,25,28,13,,,,,,1.28,0.65,1.10,4*0C
1777598401.311,$GPGSV,3,1,11,01,35,041,41,06,35,211,35,07,52,172,45,14,43,353,43,1*60
1777598401.312,$GPGSV,3,2,11,17,44,320,43,19,31,282,42,22,33,339,39,30,70,253,47,1*61
1777598401.313,$GPGSV,3,3,11,41,64,233,47,42,70,217,46,50,56,115,40,1*52
1777598401.313,$GPGSV,2,1,07,01,35,041,45,03,23,103,19,06,35,211,36,07,52,172,46,6*6D
1777598401.314,$GPGSV,2,2,07,14,43,353,43,17,44,320,41,30,70,253,45,6*57
1777598401.314,$GPGSV,1,1,03,02,06,036,,09,06,171,,40,36,256,,0*5F
1777598401.315,$GLGSV,2,1,06,73,36,350,46,79,17,128,23,80,56,077,50,82,12,023,16,1*7B
1777598401.315,$GLGSV,2,2,06,83,61,354,49,84,50,235,46,1*72
1777598401.316,$GLGSV,2,1,06,73,36,350,45,79,17,128,32,80,56,077,49,82,12,023,18,3*7C
1777598401.317,$GLGSV,2,2,06,83,61,354,48,84,50,235,46,3*71
1777598401.317,$GLGSV,1,1,01,85,07,217,,0*46
1777598401.317,$GAGSV,3,1,09,02,45,013,50,03,20,195,35,08,23,250,39,15,16,206,22,2*70
1777598401.318,$GAGSV,3,2,09,18,42,293,48,25,29,081,23,30,17,319,41,34,66,179,51,2*76
1777598401.318,$GAGSV,3,3,09,36,52,050,50,2*4D
1777598401.319,$GAGSV,2,1,08,02,45,013,43,03,20,195,31,08,23,250,37,18,42,293,41,7*78
1777598401.320,$GAGSV,2,2,08,25,29,081,20,30,17,319,39,34,66,179,46,36,52,050,44,7*75
1777598401.320,$GAGSV,1,1,03,07,04,296,,11,05,035,,32,27,224,,0*4A
1777598401.321,$GBGSV,2,1,08,06,,,38,07,54,159,47,08,46,005,46,10,66,156,47,1*45
1777598401.321,$GBGSV,2,2,08,13,66,315,50,23,61,346,48,25,60,115,48,28,50,259,47,1*7F
1777598401.322,$GBGSV,1,1,02,09,15,171,35,10,66,156,48,3*75
1777598401.322,$GNGLL,1339.07575,N,10029.57933,E,012001.00,A,D*79
1777598402.303,$GNRMC,012002.00,A,1339.07649,N,10029.57934,E,2.677,0.40,010526,0.53,W,R,V*55
1777598402.305,$GNVTG,0.40,T,0.93,M,2.677,N,4.958,K,D*32
1777598402.306,$GNGGA,012002.00,1339.07649,N,10029.57934,E,4,12,0.65,-0.9,M,-27.8,M,1.0,0499*6B
1777598402.307,$GNGSA,A,3,01,07,14,17,06,22,30,19,,,,,1.28,0.65,1.10,1*01
1777598402.307,$GNGSA,A,3,73,80,84,83,79,,,,,,,,1.28,0.65,1.10,2*0F
1777598402.308,$GNGSA,A,3,08,15,03,02,30,34,36,,,,,,1.28,0.65,1.10,3*07
1777598402.308,$GNGSA,A,3,07,08,10,23,25,28,13,,,,,,1.28,0.65,1.10,4*0C
1777598402.309,$GPGSV,3,1,11,01,35,041,40,06,35,211,29,07,52,172,42,14,43,353,45,1*6D
1777598402.310,$GPGSV,3,2,11,17,44,320,44,19,31,282,40,22,33,339,39,30,70,253,47,1*64
1777598402.310,$GPGSV,3,3,11,41,64,233,47,42,70,217,47,50,56,115,41,1*52
1777598402.311,$GPGSV,2,1,07,01,35,041,44,03,23,103,19,06,35,211,31,07,52,172,41,6*6C
1777598402.312,$GPGSV,2,2,07,14,43,353,45,17,44,320,41,30,70,253,44,6*50
1777598402.312,$GPGSV,1,1,03,02,06,036,,09,06,171,,40,36,256,,0*5F
1777598402.313,$GLGSV,2,1,06,73,36,350,45,79,17,128,30,80,56,077,49,82,12,023,17,1*73
1777598402.313,$GLGSV,2,2,06,83,61,354,48,84,50,235,48,1*7D
1777598402.314,$GLGSV,2,1,06,73,36,350,43,79,17,128,32,80,56,077,49,82,12,023,18,3*7A
1777598402.315,$GLGSV,2,2,06,83,61,354,49,84,50,235,47,3*71
1777598402.315,$GLGSV,1,1,01,85,07,217,,0*46
1777598402.316,$GAGSV,3,1,09,02,45,013,49,03,20,195,38,08,23,250,41,15,16,206,38,2*71
1777598402.316,$GAGSV,3,2,09,18,42,293,45,25,29,081,30,30,17,319,43,34,66,179,51,2*7B
1777598402.317,$GAGSV,3,3,09,36,52,050,50,2*4D
1777598402.317,$GAGSV,3,1,09,02,45,013,43,03,20,195,29,08,23,250,38,15,16,206,31,7*79
1777598402.318,$GAGSV,3,2,09,18,42,293,41,25,29,081,19,30,17,319,38,34,66,179,46,7*7B
1777598402.318,$GAGSV,3,3,09,36,52,050,44,7*4D
1777598402.319,$GAGSV,1,1,03,07,04,296,,11,05,035,,32,27,224,,0*4A
1777598402.319,$GBGSV,2,1,08,06,,,38,07,54,159,46,08,46,005,46,10,66,156,46,1*45
1777598402.320,$GBGSV,2,2,08,13,66,315,49,23,61,346,49,25,60,115,47,28,50,259,48,1*76
1777598402.320,$GBGSV,1,1,02,09,15,171,32,10,66,156,47,3*7D
1777598402.321,$GNGLL,1339.07649,N,10029.57934,E,012002.00,A,D*71
1777598403.305,$GNRMC,012003.00,A,1339.07725,N,10029.57935,E,2.680,0.98,010526,0.53,W,R,V*53
1777598403.306,$GNVTG,0.98,T,1.51,M,2.680,N,4.964,K,D*3F
1777598403.308,$GNGGA,012003.00,1339.07725,N,10029.57935,E,4,12,0.60,-0.9,M,-27.8,M,1.0,0499*65
1777598403.309,$GNGSA,A,3,01,07,14,17,06,22,30,03,19,,,,1.21,0.60,1.05,1*0A
1777598403.309,$GNGSA,A,3,73,80,84,83,79,,,,,,,,1.21,0.60,1.05,2*07
1777598403.310,$GNGSA,A,3,08,15,03,02,30,34,36,,,,,,1.21,0.60,1.05,3*0F
1777598403.310,$GNGSA,A,3,07,08,10,23,25,28,13,,,,,,1.21,0.60,1.05,4*04
1777598403.311,$GPGSV,3,1,11,01,35,041,41,06,35,211,39,07,52,172,45,14,43,353,41,1*6E
1777598403.311,$GPGSV,3,2,11,17,44,320,43,19,31,282,43,22,33,339,39,30,70,253,47,1*60
1777598403.312,$GPGSV,3,3,11,41,64,233,48,42,70,217,47,50,56,115,41,1*5D
1777598403.312,$GPGSV,1,1,01,22,33,339,12,5*5B
1777598403.313,$GPGSV,2,1,07,01,35,041,42,03,23,103,20,06,35,211,40,07,52,172,42,6*65
1777598403.313,$GPGSV,2,2,07,14,43,353,45,17,44,320,43,30,70,253,44,6*52
1777598403.314,$GPGSV,1,1,03,02,06,036,,09,06,171,,40,36,256,,0*5F
1777598403.315,$GLGSV,2,1,06,73,36,350,47,79,17,128,23,80,56,077,50,82,12,023,18,1*74
1777598403.315,$GLGSV,2,2,06,83,61,354,48,84,50,235,48,1*7D
1777598403.316,$GLGSV,2,1,06,73,36,350,49,79,17,128,24,80,56,077,49,82,12,023,18,3*77
1777598403.316,$GLGSV,2,2,06,83,61,354,46,84,50,235,47,3*7E
1777598403.317,$GLGSV,1,1,01,85,07,217,,0*46
1777598403.317,$GAGSV,3,1,09,02,45,013,49,03,20,195,36,08,23,250,40,15,17,206,34,2*73
1777598403.318,$GAGSV,3,2,09,18,42,293,47,25,29,081,27,30,17,319,41,34,66,179,50,2*7C
1777598403.318,$GAGSV,3,3,09,36,52,050,49,2*45
1777598403.319,$GAGSV,3,1,09,02,45,013,44,03,20,195,30,08,23,250,39,15,17,206,32,7*75
1777598403.319,$GAGSV,3,2,09,18,42,293,42,25,29,081,19,30,17,319,36,34,66,179,46,7*76
1777598403.320,$GAGSV,3,3,09,36,52,050,43,7*4A
1777598403.320,$GAGSV,1,1,03,07,04,296,,11,05,035,,32,27,224,,0*4A
1777598403.321,$GBGSV,2,1,08,06,,,38,07,54,159,46,08,46,005,44,10,66,156,47,1*46
1777598403.321,$GBGSV,2,2,08,13,66,315,50,23,61,346,48,25,60,115,48,28,50,259,46,1*7E
1777598403.322,$GBGSV,1,1,02,09,15,171,33,10,66,156,48,3*73
1777598403.322,$GNGLL,1339.07725,N,10029.57935,E,012003.00,A,D*7A
1777598404.305,$GNRMC,012004.00,A,1339.07801,N,10029.57935,E,2.743,0.14,010526,0.53,W,R,V*57
1777598404.306,$GNVTG,0.14,T,0.67,M,2.743,N,5.079,K,D*35
1777598404.307,$GNGGA,012004.00,1339.07801,N,10029.57935,E,4,12,0.60,-0.8,M,-27.8,M,1.0,0499*6A
1777598404.308,$GNGSA,A,3,01,07,14,17,06,22,30,19,,,,,1.23,0.60,1.07,1*09
1777598404.308,$GNGSA,A,3,73,80,84,83,79,,,,,,,,1.23,0.60,1.07,2*07
1777598404.309,$GNGSA,A,3,08,15,03,02,30,25,34,36,,,,,1.23,0.60,1.07,3*08
1777598404.309,$GNGSA,A,3,07,08,10,23,25,28,13,,,,,,1.23,0.60,1.07,4*04
1777598404.310,$GPGSV,3,1,11,01,35,041,35,06,35,211,37,07,52,172,46,14,43,353,44,1*65
1777598404.310,$GPGSV,3,2,11,17,44,320,37,19,31,282,43,22,33,339,43,30,70,253,47,1*6E
1777598404.311,$GPGSV,3,3,11,41,64,233,45,42,70,217,46,50,56,115,41,1*51
1777598404.312,$GPGSV,2,1,08,01,35,041,41,03,23,103,20,06,35,211,38,07,52,172,43,6*67
1777598404.312,$GPGSV,2,2,08,14,43,353,44,17,44,320,39,22,33,339,09,30,70,253,46,6*63
1777598404.313,$GPGSV,1,1,03,02,06,036,,09,06,171,,40,36,256,,0*5F
1777598404.314,$GLGSV,2,1,06,73,36,350,46,79,17,128,25,80,56,077,47,82,12,023,18,1*75
1777598404.314,$GLGSV,2,2,06,83,61,354,47,84,50,235,47,1*7D
1777598404.315,$GLGSV,2,1,06,73,36,350,44,79,17,128,24,80,56,077,49,82,12,023,19,3*7B
1777598404.315,$GLGSV,2,2,06,83,61,354,48,84,50,235,48,3*7F
1777598404.316,$GLGSV,1,1,01,85,07,217,,0*46
1777598404.316,$GAGSV,3,1,09,02,45,013,48,03,20,195,33,08,23,250,40,15,17,206,40,2*74
1777598404.317,$GAGSV,3,2,09,18,42,293,42,25,29,081,31,30,17,319,34,34,66,179,51,2*7D
1777598404.317,$GAGSV,3,3,09,36,52,050,50,2*4D
1777598404.318,$GAGSV,3,1,09,02,45,013,43,03,20,195,31,08,23,250,35,15,17,206,32,7*7F
1777598404.319,$GAGSV,3,2,09,18,42,293,36,25,29,081,33,30,17,319,33,34,66,179,46,7*78
1777598404.319,$GAGSV,3,3,09,36,52,050,44,7*4D
1777598404.319,$GAGSV,1,1,03,07,04,296,,11,05,035,,32,27,224,,0*4A
1777598404.320,$GBGSV,2,1,08,06,,,42,07,54,159,46,08,46,005,44,10,66,156,45,1*49
1777598404.321,$GBGSV,2,2,08,13,66,315,47,23,61,346,48,25,60,115,48,28,50,259,47,1*79
1777598404.321,$GBGSV,1,1,02,09,15,171,35,10,66,156,49,3*74
1777598404.321,$GNGLL,1339.07801,N,10029.57935,E,012004.00,A,D*74
1777598405.305,$GNRMC,012005.00,A,1339.07878,N,10029.57934,E,2.724,0.93,010526,0.53,W,R,V*57
1777598405.307,$GNVTG,0.93,T,1.46,M,2.724,N,5.045,K,D*36
1777598405.308,$GNGGA,012005.00,1339.07878,N,10029.57934,E,4,12,0.60,-0.9,M,-27.8,M,1.0,0499*65
1777598405.309,$GNGSA,A,3,01,07,14,17,06,22,30,19,,,,,1.23,0.60,1.07,1*09
1777598405.309,$GNGSA,A,3,73,80,84,83,79,,,,,,,,1.23,0.60,1.07,2*07
1777598405.310,$GNGSA,A,3,08,15,03,02,30,25,34,36,,,,,1.23,0.60,1.07,3*08
1777598405.310,$GNGSA,A,3,07,08,10,23,25,28,13,,,,,,1.23,0.60,1.07,4*04
1777598405.311,$GPGSV,3,1,11,01,35,041,36,06,35,211,41,07,52,172,46,14,43,353,44,1*67
1777598405.312,$GPGSV,3,2,11,17,44,320,34,19,31,282,43,22,33,339,43,30,70,253,46,1*6C
1777598405.313,$GPGSV,3,3,11,41,64,233,46,42,70,217,45,50,56,115,41,1*51
1777598405.313,$GPGSV,2,1,07,01,35,041,38,03,23,103,19,06,35,211,39,07,52,172,43,6*6D
1777598405.314,$GPGSV,2,2,07,14,43,353,44,17,44,320,35,30,70,253,45,6*53
1777598405.314,$GPGSV,1,1,03,02,06,036,,09,06,171,,40,36,256,,0*5F
1777598405.315,$GLGSV,2,1,06,73,36,350,47,79,17,128,24,80,56,077,49,82,12,023,18,1*7B
1777598405.316,$GLGSV,2,2,06,83,61,354,48,84,50,235,48,1*7D
1777598405.317,$GLGSV,2,1,06,73,36,350,48,79,17,128,24,80,56,077,49,82,12,023,20,3*7D
1777598405.317,$GLGSV,2,2,06,83,61,354,48,84,50,235,48,3*7F
1777598405.318,$GLGSV,1,1,01,85,07,217,,0*46
1777598405.318,$GAGSV,3,1,09,02,45,013,48,03,20,195,39,08,23,250,41,15,17,206,40,2*7F
1777598405.319,$GAGSV,3,2,09,18,42,294,44,25,29,081,27,30,17,319,37,34,66,179,50,2*79
1777598405.319,$GAGSV,3,3,09,36,52,050,51,2*4C
1777598405.320,$GAGSV,2,1,08,02,45,013,45,03,20,195,23,08,23,250,39,18,42,294,39,7*7B
1777598405.321,$GAGSV,2,2,08,25,29,081,28,30,17,319,32,34,66,179,46,36,52,050,41,7*73
1777598405.321,$GAGSV,1,1,03,07,04,296,,11,05,035,,32,27,224,,0*4A
1777598405.322,$GBGSV,2,1,08,06,,,37,07,54,159,46,08,46,005,45,10,66,156,47,1*48
1777598405.323,$GBGSV,2,2,08,13,66,315,33,23,61,346,44,25,60,115,47,28,50,259,47,1*79
1777598405.323,$GBGSV,1,1,02,09,15,171,38,10,66,156,48,3*78
1777598405.324,$GNGLL,1339.07878,N,10029.57934,E,012005.00,A,D*7A
1777598406.304,$GNRMC,012006.00,A,1339.07953,N,10029.57934,E,2.749,358.75,010526,0.53,W,R,V*51
1777598406.306,$GNVTG,358.75,T,359.28,M,2.749,N,5.091,K,D*34
1777598406.307,$GNGGA,012006.00,1339.07953,N,10029.57934,E,4,12,0.65,-0.8,M,-27.8,M,1.0,0499*6A
1777598406.308,$GNGSA,A,3,01,07,14,17,06,22,30,19,,,,,1.28,0.65,1.10,1*01
1777598406.308,$GNGSA,A,3,73,80,84,83,79,,,,,,,,1.28,0.65,1.10,2*0F
1777598406.309,$GNGSA,A,3,08,15,03,02,30,34,36,,,,,,1.28,0.65,1.10,3*07
1777598406.309,$GNGSA,A,3,07,08,10,23,25,28,13,,,,,,1.28,0.65,1.10,4*0C
1777598406.310,$GPGSV,3,1,11,01,35,041,38,06,35,211,39,07,52,172,46,14,43,353,45,1*67
1777598406.311,$GPGSV,3,2,11,17,44,320,43,19,31,282,37,22,33,339,42,30,70,253,44,1*6C
1777598406.311,$GPGSV,3,3,11,41,64,233,47,42,70,217,44,50,56,115,41,1*51
1777598406.312,$GPGSV,2,1,07,01,35,041,37,03,23,103,18,06,35,211,40,07,52,172,43,6*6D
1777598406.313,$GPGSV,2,2,07,14,43,353,45,17,44,320,39,30,70,253,45,6*5E
1777598406.313,$GPGSV,1,1,03,02,06,036,,09,06,171,,40,36,256,,0*5F
1777598406.314,$GLGSV,2,1,06,73,36,350,45,79,17,128,24,80,56,077,47,82,12,023,17,1*78
1777598406.314,$GLGSV,2,2,06,83,61,354,49,84,50,235,47,1*73
1777598406.315,$GLGSV,2,1,06,73,36,350,47,79,17,128,24,80,56,077,47,82,12,023,19,3*76
1777598406.316,$GLGSV,2,2,06,83,61,354,48,84,50,235,47,3*70
1777598406.316,$GLGSV,1,1,01,85,07,217,,0*46
1777598406.317,$GAGSV,3,1,09,02,45,013,49,03,20,195,32,08,23,250,39,15,17,206,27,2*7B
1777598406.317,$GAGSV,3,2,09,18,42,294,44,25,29,081,15,30,17,319,39,34,66,179,52,2*74
1777598406.318,$GAGSV,3,3,09,36,52,050,52,2*4F
1777598406.318,$GAGSV,3,1,09,02,45,013,44,03,20,195,31,08,23,250,41,15,17,206,32,7*7B
1777598406.319,$GAGSV,3,2,09,18,42,294,40,25,29,081,24,30,17,319,35,34,66,179,46,7*7E
1777598406.319,$GAGSV,3,3,09,36,52,050,40,7*49
1777598406.320,$GAGSV,1,1,03,07,04,296,,11,05,035,,32,27,224,,0*4A
1777598406.320,$GBGSV,2,1,08,06,,,36,07,54,159,46,08,46,005,45,10,66,156,47,1*49
1777598406.321,$GBGSV,2,2,08,13,66,315,49,23,61,346,49,25,60,115,48,28,50,259,50,1*70
1777598406.321,$GBGSV,1,1,02,09,15,171,38,10,66,156,51,3*70
1777598406.322,$GNGLL,1339.07953,N,10029.57934,E,012006.00,A,D*71
1777598407.302,$GNRMC,012007.00,A,1339.08027,N,10029.57935,E,2.542,1.49,010526,0.53,W,R,V*5D
1777598407.304,$GNVTG,1.49,T,2.02,M,2.542,N,4.707,K,D*31
1777598407.306,$GNGGA,012007.00,1339.08027,N,10029.57935,E,4,12,0.65,-0.8,M,-27.8,M,1.0,0499*6F
1777598407.306,$GNGSA,A,3,01,07,14,17,06,22,30,19,,,,,1.37,0.65,1.21,1*0D
1777598407.307,$GNGSA,A,3,73,80,84,83,,,,,,,,,1.37,0.65,1.21,2*0D
1777598407.307,$GNGSA,A,3,08,15,03,02,30,25,34,36,,,,,1.37,0.65,1.21,3*0C
1777598407.308,$GNGSA,A,3,07,08,10,23,25,28,13,,,,,,1.37,0.65,1.21,4*00
1777598407.309,$GPGSV,3,1,11,01,35,041,27,06,35,211,39,07,52,172,45,14,43,353,45,1*6A
1777598407.309,$GPGSV,3,2,11,17,44,320,43,19,31,282,40,22,33,339,43,30,70,253,37,1*69
1777598407.310,$GPGSV,3,3,11,41,64,233,42,42,70,217,45,50,56,115,40,1*54
1777598407.311,$GPGSV,2,1,07,01,35,041,31,03,23,103,16,06,35,211,40,07,52,172,42,6*64
1777598407.311,$GPGSV,2,2,07,14,43,353,44,17,44,320,39,30,70,253,35,6*58
1777598407.312,$GPGSV,1,1,03,02,06,036,,09,06,171,,40,36,256,,0*5F
1777598407.312,$GLGSV,2,1,06,73,36,350,47,79,17,128,23,80,56,077,48,82,12,023,18,1*7D
1777598407.313,$GLGSV,2,2,06,83,61,354,48,84,50,235,42,1*77
1777598407.314,$GLGSV,2,1,06,73,36,350,46,79,17,128,30,80,56,077,48,82,12,023,19,3*7D
1777598407.314,$GLGSV,2,2,06,83,61,354,47,84,50,235,45,3*7D
1777598407.315,$GLGSV,1,1,01,85,07,217,,0*46
1777598407.315,$GAGSV,3,1,09,02,45,013,50,03,20,195,38,08,23,250,36,15,17,206,39,2*79
1777598407.316,$GAGSV,3,2,09,18,42,294,47,25,29,081,22,30,17,319,37,34,66,179,53,2*7C
1777598407.316,$GAGSV,3,3,09,36,52,050,50,2*4D
1777598407.317,$GAGSV,3,1,09,02,45,013,43,03,20,195,30,08,23,250,40,15,17,206,28,7*77
1777598407.318,$GAGSV,3,2,09,18,42,294,43,25,29,081,25,30,17,319,37,34,66,179,46,7*7E
1777598407.318,$GAGSV,3,3,09,36,52,050,43,7*4A
1777598407.318,$GAGSV,1,1,03,07,04,296,,11,05,035,,32,27,224,,0*4A
1777598407.319,$GBGSV,2,1,08,06,,,34,07,54,159,46,08,46,005,45,10,66,156,46,1*4A
1777598407.320,$GBGSV,2,2,08,13,66,315,49,23,61,346,49,25,60,115,45,28,50,259,44,1*78
1777598407.320,$GBGSV,1,1,02,09,15,171,39,10,66,156,50,3*70
1777598407.321,$GNGLL,1339.08027,N,10029.57935,E,012007.00,A,D*74
1777598408.302,$GNRMC,012008.00,A,1339.08098,N,10029.57936,E,2.574,2.45,010526,0.53,W,R,V*5F
1777598408.304,$GNVTG,2.45,T,2.98,M,2.574,N,4.767,K,D*3E
1777598408.305,$GNGGA,012008.00,1339.08098,N,10029.57936,E,4,12,0.65,-0.8,M,-27.8,M,1.0,0499*67
1777598408.306,$GNGSA,A,3,01,07,14,17,06,22,30,19,,,,,1.37,0.65,1.21,1*0D
1777598408.307,$GNGSA,A,3,73,80,84,83,,,,,,,,,1.37,0.65,1.21,2*0D
1777598408.307,$GNGSA,A,3,08,15,03,02,30,25,34,36,,,,,1.37,0.65,1.21,3*0C
1777598408.308,$GNGSA,A,3,07,08,10,23,25,28,13,,,,,,1.37,0.65,1.21,4*00
1777598408.308,$GPGSV,3,1,11,01,35,041,27,06,35,211,41,07,52,172,46,14,43,353,43,1*60
1777598408.309,$GPGSV,3,2,11,17,44,320,42,19,31,282,44,22,33,339,44,30,70,253,45,1*6E
1777598408.309,$GPGSV,3,3,11,41,64,233,37,42,70,217,42,50,56,115,40,1*51
1777598408.310,$GPGSV,2,1,07,01,35,041,32,03,23,103,16,06,35,211,39,07,52,172,43,6*68
1777598408.311,$GPGSV,2,2,07,14,43,353,45,17,44,320,40,30,70,253,40,6*55
1777598408.311,$GPGSV,1,1,03,02,06,036,,09,06,171,,40,36,256,,0*5F
1777598408.312,$GLGSV,2,1,06,73,36,350,45,79,17,128,22,80,56,077,49,82,12,023,17,1*70
1777598408.312,$GLGSV,2,2,06,83,61,354,50,84,50,235,40,1*7C
1777598408.313,$GLGSV,2,1,06,73,36,350,47,79,17,128,21,80,56,077,49,82,12,023,17,3*73
1777598408.314,$GLGSV,2,2,06,83,61,354,47,84,50,235,43,3*7B
1777598408.314,$GLGSV,1,1,01,85,07,217,,0*46
1777598408.315,$GAGSV,3,1,09,02,45,013,49,03,20,195,36,08,23,250,34,15,17,206,37,2*73
1777598408.316,$GAGSV,3,2,09,18,42,294,46,25,29,081,23,30,17,319,38,34,66,179,51,2*71
1777598408.316,$GAGSV,3,3,09,36,52,050,49,2*45
1777598408.317,$GAGSV,3,1,09,02,45,013,43,03,20,195,31,08,23,250,40,15,17,206,27,7*79
1777598408.317,$GAGSV,3,2,09,18,42,294,42,25,29,081,22,30,17,319,35,34,66,179,43,7*7F
1777598408.318,$GAGSV,3,3,09,36,52,050,45,7*4C
1777598408.318,$GAGSV,1,1,03,07,04,296,,11,05,035,,32,27,224,,0*4A
1777598408.319,$GBGSV,2,1,08,06,,,39,07,54,159,47,08,46,005,46,10,66,156,45,1*46
1777598408.319,$GBGSV,2,2,08,13,66,315,49,23,61,346,49,25,60,115,47,28,50,259,46,1*78
1777598408.320,$GBGSV,1,1,02,09,15,171,34,10,66,156,46,3*7A
1777598408.320,$GNGLL,1339.08098,N,10029.57936,E,012008.00,A,D*7C
1777598409.307,$GNRMC,012009.00,A,1339.08169,N,10029.57937,E,2.502,1.09,010526,0.53,W,R,V*5A
1777598409.309,$GNVTG,1.09,T,1.62,M,2.502,N,4.633,K,D*32
1777598409.311,$GNGGA,012009.00,1339.08169,N,10029.57937,E,4,12,0.60,-0.8,M,-27.8,M,1.0,0499*6D
1777598409.311,$GNGSA,A,3,01,07,14,17,06,22,30,03,19,,,,1.27,0.60,1.12,1*0A
1777598409.312,$GNGSA,A,3,73,80,84,83,,,,,,,,,1.27,0.60,1.12,2*09
1777598409.312,$GNGSA,A,3,08,15,03,02,30,25,34,36,,,,,1.27,0.60,1.12,3*08
1777598409.313,$GNGSA,A,3,07,08,10,23,25,28,13,,,,,,1.27,0.60,1.12,4*04
1777598409.313,$GPGSV,3,1,11,01,35,041,26,06,35,211,38,07,52,172,44,14,43,353,44,1*6A
1777598409.314,$GPGSV,3,2,11,17,44,320,42,19,31,282,39,22,33,339,43,30,70,253,49,1*6F
1777598409.314,$GPGSV,3,3,11,41,64,233,43,42,70,217,39,50,56,115,43,1*5D
1777598409.315,$GPGSV,2,1,07,01,35,041,28,03,23,103,20,06,35,211,38,07,52,172,43,6*67
1777598409.316,$GPGSV,2,2,07,14,43,353,43,17,44,320,39,30,70,253,45,6*58
1777598409.316,$GPGSV,1,1,03,02,06,036,,09,06,171,,40,36,256,,0*5F
1777598409.317,$GLGSV,2,1,06,73,36,350,47,79,17,128,23,80,56,077,50,82,12,023,17,1*7B
1777598409.317,$GLGSV,2,2,06,83,61,354,49,84,50,235,45,1*71
1777598409.318,$GLGSV,2,1,06,73,36,350,46,79,17,128,22,80,56,077,50,82,12,023,18,3*76
1777598409.318,$GLGSV,2,2,06,83,61,354,48,84,50,235,48,3*7F
1777598409.319,$GLGSV,1,1,01,85,07,217,,0*46
1777598409.319,$GAGSV,3,1,09,02,45,013,47,03,20,195,33,08,23,250,43,15,17,206,35,2*7A
1777598409.320,$GAGSV,3,2,09,18,42,294,47,25,29,081,26,30,17,319,40,34,66,179,52,2*79
1777598409.321,$GAGSV,3,3,09,36,52,050,49,2*45
1777598409.321,$GAGSV,2,1,08,02,45,013,44,03,20,195,28,08,23,250,40,18,42,294,43,7*72
1777598409.322,$GAGSV,2,2,08,25,29,081,24,30,17,319,41,34,66,179,47,36,52,050,46,7*7D
1777598409.322,$GAGSV,1,1,03,07,04,296,,11,05,035,,32,27,224,,0*4A
1777598409.323,$GBGSV,2,1,08,06,,,31,07,54,159,45,08,46,005,45,10,66,156,45,1*4F
1777598409.323,$GBGSV,2,2,08,13,66,315,48,23,61,346,48,25,60,115,46,28,50,259,43,1*7C
1777598409.324,$GBGSV,1,1,02,09,15,171,39,10,66,156,50,3*70
1777598409.324,$GNGLL,1339.08169,N,10029.57937,E,012009.00,A,D*73
1777598410.302,$GNRMC,012010.00,A,1339.08240,N,10029.57938,E,2.546,0.36,010526,0.53,W,R,V*58
1777598410.304,$GNVTG,0.36,T,0.89,M,2.546,N,4.715,K,D*3E
1777598410.306,$GNGGA,012010.00,1339.08240,N,10029.57938,E,4,12,0.65,-0.8,M,-27.8,M,1.0,0499*67
1777598410.306,$GNGSA,A,3,01,07,14,17,06,22,30,19,,,,,1.37,0.65,1.21,1*0D
1777598410.307,$GNGSA,A,3,73,80,84,83,,,,,,,,,1.37,0.65,1.21,2*0D
1777598410.307,$GNGSA,A,3,08,15,03,02,30,25,34,36,,,,,1.37,0.65,1.21,3*0C
1777598410.308,$GNGSA,A,3,07,08,10,23,25,28,13,,,,,,1.37,0.65,1.21,4*00
1777598410.308,$GPGSV,3,1,11,01,35,041,25,06,35,211,39,07,52,172,45,14,43,353,44,1*69
1777598410.309,$GPGSV,3,2,11,17,44,320,43,19,31,282,43,22,33,339,43,30,70,253,48,1*62
1777598410.310,$GPGSV,3,3,11,41,64,233,49,42,70,217,45,50,56,115,42,1*5D
1777598410.310,$GPGSV,2,1,07,01,35,041,32,03,23,103,19,06,35,211,38,07,52,172,43,6*66
1777598410.311,$GPGSV,2,2,07,14,43,353,44,17,44,320,41,30,70,253,44,6*51
1777598410.311,$GPGSV,1,1,03,02,06,036,,09,06,171,,40,36,256,,0*5F
1777598410.312,$GLGSV,2,1,06,73,36,350,47,79,17,128,22,80,56,077,51,82,12,023,19,1*75
1777598410.312,$GLGSV,2,2,06,83,61,354,47,84,50,235,47,1*7D
1777598410.313,$GLGSV,2,1,06,73,36,350,46,79,17,128,21,80,56,077,50,82,12,023,19,3*74
1777598410.314,$GLGSV,2,2,06,83,61,354,48,84,50,235,47,3*70
1777598410.314,$GLGSV,1,1,01,85,07,217,,0*46
1777598410.315,$GAGSV,3,1,09,02,45,013,49,03,20,195,33,08,23,250,45,15,17,206,35,2*72
1777598410.315,$GAGSV,3,2,09,18,42,294,46,25,29,081,24,30,17,319,39,34,66,179,52,2*74
1777598410.316,$GAGSV,3,3,09,36,52,050,44,2*48
1777598410.316,$GAGSV,2,1,08,02,45,013,41,03,20,195,35,08,23,250,40,18,42,294,40,7*78
1777598410.317,$GAGSV,2,2,08,25,29,081,21,30,17,319,42,34,66,179,46,36,52,050,42,7*7E
1777598410.317,$GAGSV,1,1,03,07,04,296,,11,05,035,,32,27,224,,0*4A
1777598410.318,$GBGSV,2,1,08,06,,,39,07,54,159,45,08,46,005,44,10,66,156,45,1*46
1777598410.318,$GBGSV,2,2,08,13,66,315,47,23,61,346,49,25,60,115,48,28,50,259,42,1*7D
1777598410.319,$GBGSV,1,1,02,09,15,171,39,10,66,156,49,3*78
1777598410.319,$GNGLL,1339.08240,N,10029.57938,E,012010.00,A,D*7C
1777598411.303,$GNRMC,012011.00,A,1339.08310,N,10029.57938,E,2.493,0.56,010526,0.53,W,R,V*52
1777598411.305,$GNVTG,0.56,T,1.09,M,2.493,N,4.617,K,D*3B
1777598411.307,$GNGGA,012011.00,1339.08310,N,10029.57938,E,4,12,0.65,-0.8,M,-27.8,M,1.0,0499*62
1777598411.307,$GNGSA,A,3,01,07,14,17,06,22,30,19,,,,,1.37,0.65,1.21,1*0D
1777598411.308,$GNGSA,A,3,73,80,84,83,,,,,,,,,1.37,0.65,1.21,2*0D
1777598411.308,$GNGSA,A,3,08,15,03,02,30,25,34,36,,,,,1.37,0.65,1.21,3*0C
1777598411.309,$GNGSA,A,3,07,08,10,23,25,28,13,,,,,,1.37,0.65,1.21,4*00
1777598411.309,$GPGSV,3,1,11,01,35,041,23,06,35,211,41,07,52,172,46,14,43,353,44,1*63
1777598411.310,$GPGSV,3,2,11,17,44,320,43,19,31,282,40,22,33,339,40,30,70,253,46,1*6C
1777598411.311,$GPGSV,3,3,11,41,64,233,46,42,70,217,46,50,56,115,42,1*51
1777598411.311,$GPGSV,2,1,07,01,35,041,31,03,23,103,19,06,35,211,36,07,52,172,43,6*6B
1777598411.312,$GPGSV,2,2,07,14,43,353,45,17,44,320,42,30,70,253,46,6*51
1777598411.312,$GPGSV,1,1,03,02,06,036,,09,06,171,,40,36,256,,0*5F
1777598411.313,$GLGSV,2,1,06,73,36,350,46,79,17,128,22,80,56,077,51,82,12,023,18,1*75
1777598411.313,$GLGSV,2,2,06,83,61,354,49,84,50,235,49,1*7D
1777598411.314,$GLGSV,2,1,06,73,36,350,45,79,17,128,21,80,56,077,49,82,12,023,20,3*75
1777598411.315,$GLGSV,2,2,06,83,61,354,49,84,50,235,47,3*71
1777598411.315,$GLGSV,1,1,01,85,07,217,,0*46
1777598411.316,$GAGSV,3,1,09,02,45,013,50,03,20,195,36,08,23,250,44,15,17,206,26,2*7C
1777598411.316,$GAGSV,3,2,09,18,42,294,46,25,29,081,22,30,17,319,41,34,66,179,51,2*7E
1777598411.317,$GAGSV,3,3,09,36,52,050,47,2*4B
1777598411.317,$GAGSV,2,1,08,02,45,013,45,03,20,195,33,08,23,250,40,18,42,294,40,7*7A
1777598411.318,$GAGSV,2,2,08,25,29,081,19,30,17,319,39,34,66,179,44,36,52,050,42,7*7B
1777598411.318,$GAGSV,1,1,03,07,04,296,,11,05,035,,32,27,224,,0*4A
1777598411.319,$GBGSV,2,1,08,06,,,40,07,54,159,45,08,46,005,44,10,66,156,46,1*4B
1777598411.320,$GBGSV,2,2,08,13,66,315,48,23,61,346,48,25,60,115,48,28,50,259,41,1*70
1777598411.320,$GBGSV,1,1,02,09,15,171,37,10,66,156,48,3*77
1777598411.321,$GNGLL,1339.08310,N,10029.57938,E,012011.00,A,D*79
1777598412.298,$GNRMC,012012.00,A,1339.08380,N,10029.57940,E,2.506,359.94,010526,0.53,W,R,V*5B
1777598412.300,$GNVTG,359.94,T,0.47,M,2.506,N,4.642,K,D*3C
1777598412.301,$GNGGA,012012.00,1339.08380,N,10029.57940,E,4,12,0.65,-0.8,M,-27.8,M,1.0,0499*67
1777598412.301,$GNGSA,A,3,01,07,14,17,06,22,30,19,,,,,1.37,0.65,1.21,1*0D
1777598412.302,$GNGSA,A,3,73,80,84,83,,,,,,,,,1.37,0.65,1.21,2*0D
1777598412.302,$GNGSA,A,3,08,15,03,02,30,25,34,36,,,,,1.37,0.65,1.21,3*0C
1777598412.303,$GNGSA,A,3,07,08,10,23,25,28,13,,,,,,1.37,0.65,1.21,4*00
1777598412.303,$GPGSV,3,1,11,01,35,041,23,06,35,211,39,07,52,172,44,14,43,353,44,1*6E
1777598412.304,$GPGSV,3,2,11,17,44,320,44,19,31,282,40,22,33,339,43,30,70,253,44,1*6A
1777598412.305,$GPGSV,3,3,11,41,64,233,47,42,70,217,44,50,56,115,41,1*51
1777598412.305,$GPGSV,2,1,07,01,35,041,32,03,23,103,17,06,35,211,44,07,52,172,43,6*63
1777598412.306,$GPGSV,2,2,07,14,43,353,45,17,44,320,41,30,70,253,45,6*51
1777598412.306,$GPGSV,1,1,03,02,06,036,,09,06,171,,40,36,256,,0*5F
1777598412.307,$GLGSV,2,1,06,73,36,350,44,79,17,128,21,80,56,077,49,82,12,023,18,1*7D
1777598412.307,$GLGSV,2,2,06,83,61,354,49,84,50,235,47,1*73
1777598412.308,$GLGSV,2,1,06,73,36,350,42,79,17,128,23,80,56,077,48,82,12,023,20,3*71
1777598412.309,$GLGSV,2,2,06,83,61,354,47,84,50,235,46,3*7E
1777598412.310,$GLGSV,1,1,01,85,07,217,,0*46
1777598412.310,$GAGSV,3,1,09,02,45,013,50,03,20,195,38,08,23,250,43,15,17,206,39,2*7B
1777598412.311,$GAGSV,3,2,09,18,42,294,46,25,29,081,20,30,17,319,42,34,66,179,51,2*7F
1777598412.311,$GAGSV,3,3,09,36,52,050,30,2*4B
1777598412.312,$GAGSV,2,1,08,02,45,013,44,03,20,195,35,08,23,250,37,18,42,294,40,7*7D
1777598412.313,$GAGSV,2,2,08,25,29,081,19,30,17,319,41,34,66,179,45,36,52,050,27,7*76
1777598412.313,$GAGSV,1,1,03,07,04,296,,11,05,035,,32,27,224,,0*4A
1777598412.314,$GBGSV,2,1,08,06,,,36,07,54,159,46,08,46,005,45,10,66,156,46,1*48
1777598412.314,$GBGSV,2,2,08,13,66,315,49,23,61,346,49,25,60,115,47,28,50,259,47,1*79
1777598412.315,$GBGSV,1,1,02,09,15,171,37,10,66,156,47,3*78
1777598412.315,$GNGLL,1339.08380,N,10029.57940,E,012012.00,A,D*7C
1777598413.292,$GNRMC,012013.00,A,1339.08448,N,10029.57941,E,2.326,0.62,010526,0.53,W,D,V*4C
1777598413.294,$GNVTG,0.62,T,1.15,M,2.326,N,4.308,K,D*33
1777598413.294,$GNGGA,012013.00,1339.08448,N,10029.57941,E,2,12,0.63,-0.8,M,-27.8,M,1.0,0042*66
1777598413.295,$GNGSA,A,3,01,07,14,17,06,22,30,19,,,,,1.34,0.63,1.18,1*02
1777598413.295,$GNGSA,A,3,73,80,84,83,,,,,,,,,1.34,0.63,1.18,2*02
1777598413.296,$GNGSA,A,3,08,15,03,02,30,25,34,36,,,,,1.34,0.63,1.18,3*03
1777598413.296,$GNGSA,A,3,07,08,10,23,25,28,13,,,,,,1.34,0.63,1.18,4*0F
1777598413.297,$GPGSV,3,1,11,01,35,041,23,06,35,211,39,07,52,172,46,14,43,353,44,1*6C
1777598413.298,$GPGSV,3,2,11,17,44,320,45,19,31,282,39,22,33,339,42,30,70,253,47,1*67
1777598413.298,$GPGSV,3,3,11,41,64,233,45,42,70,217,45,50,56,115,40,1*53
1777598413.299,$GPGSV,2,1,07,01,35,041,35,03,23,103,16,06,35,211,41,07,52,172,44,6*67
1777598413.300,$GPGSV,2,2,07,14,43,353,44,17,44,320,41,30,70,253,45,6*50
1777598413.300,$GPGSV,1,1,03,02,06,036,,09,06,171,,40,36,256,,0*5F
1777598413.301,$GLGSV,2,1,06,73,36,350,45,79,17,128,22,80,56,077,41,82,12,023,18,1*77
1777598413.301,$GLGSV,2,2,06,83,61,354,48,84,50,235,48,1*7D
1777598413.302,$GLGSV,2,1,06,73,36,350,45,79,17,128,23,80,56,077,46,82,12,023,20,3*78
1777598413.302,$GLGSV,2,2,06,83,61,354,48,84,50,235,50,3*76
1777598413.303,$GLGSV,1,1,01,85,07,217,,0*46
1777598413.303,$GAGSV,3,1,09,02,45,013,50,03,20,195,40,08,23,250,44,15,17,206,38,2*72
1777598413.304,$GAGSV,3,2,09,18,42,294,46,25,29,081,21,30,17,319,43,34,66,179,50,2*7E
1777598413.305,$GAGSV,3,3,09,36,52,050,29,2*43
1777598413.305,$GAGSV,2,1,08,02,45,013,44,03,20,195,33,08,23,250,37,18,42,294,39,7*75
1777598413.306,$GAGSV,2,2,08,25,29,081,21,30,17,319,34,34,66,179,45,36,52,050,25,7*7D
1777598413.307,$GAGSV,1,1,03,07,04,296,,11,05,035,,32,27,224,,0*4A
1777598413.307,$GBGSV,2,1,08,06,,,40,07,54,159,45,08,46,005,45,10,66,156,46,1*4A
1777598413.308,$GBGSV,2,2,08,13,66,315,49,23,61,346,48,25,60,115,46,28,50,259,47,1*79
1777598413.308,$GBGSV,1,1,02,09,15,171,39,10,66,156,47,3*76
1777598413.309,$GNGLL,1339.08448,N,10029.57941,E,012013.00,A,D*7F
1777598414.309,$GNRMC,012014.00,A,1339.08513,N,10029.57943,E,2.312,0.80,010526,0.53,W,R,V*5B
1777598414.311,$GNVTG,0.80,T,1.33,M,2.312,N,4.282,K,D*3F
1777598414.313,$GNGGA,012014.00,1339.08513,N,10029.57943,E,4,12,0.63,-0.7,M,-27.8,M,1.0,0042*65
1777598414.313,$GNGSA,A,3,01,07,14,17,06,22,30,19,,,,,1.34,0.63,1.18,1*02
1777598414.314,$GNGSA,A,3,73,80,84,83,,,,,,,,,1.34,0.63,1.18,2*02
1777598414.314,$GNGSA,A,3,08,15,03,02,30,25,34,36,,,,,1.34,0.63,1.18,3*03
1777598414.315,$GNGSA,A,3,07,08,10,23,25,28,13,,,,,,1.34,0.63,1.18,4*0F
1777598414.315,$GPGSV,3,1,11,01,35,041,24,06,35,211,42,07,52,172,46,14,43,353,45,1*66
1777598414.316,$GPGSV,3,2,11,17,44,320,44,19,31,282,40,22,33,339,41,30,70,253,47,1*6B
1777598414.317,$GPGSV,3,3,11,41,64,233,45,42,70,217,46,50,56,115,42,1*52
1777598414.317,$GPGSV,2,1,07,01,35,041,31,03,23,103,15,06,35,211,42,07,52,172,43,6*64
1777598414.318,$GPGSV,2,2,07,14,43,353,43,17,44,320,41,30,70,253,45,6*57
1777598414.319,$GPGSV,1,1,03,02,06,036,,09,06,171,,40,36,256,,0*5F
1777598414.319,$GLGSV,2,1,06,73,36,350,42,79,17,128,20,80,56,077,32,82,12,023,18,1*76
1777598414.320,$GLGSV,2,2,06,83,61,354,48,84,50,235,47,1*72
1777598414.321,$GLGSV,2,1,06,73,36,350,43,79,17,128,23,80,56,077,33,82,12,023,21,3*7D
1777598414.321,$GLGSV,2,2,06,83,61,354,47,84,50,235,48,3*70
1777598414.322,$GLGSV,1,1,01,85,07,217,,0*46
1777598414.322,$GAGSV,3,1,09,02,45,013,49,03,20,195,38,08,23,250,48,15,17,206,41,2*77
1777598414.323,$GAGSV,3,2,09,18,42,294,45,25,29,081,21,30,17,320,33,34,66,179,51,2*71
1777598414.323,$GAGSV,3,3,09,36,52,050,46,2*4A
1777598414.324,$GAGSV,2,1,08,02,45,013,45,03,20,195,32,08,23,250,38,18,42,294,37,7*74
1777598414.325,$GAGSV,2,2,08,25,29,081,21,30,17,320,38,34,66,179,46,36,52,050,39,7*75
1777598414.325,$GAGSV,1,1,03,07,04,296,,11,05,035,,32,27,224,,0*4A
1777598414.326,$GBGSV,2,1,08,06,,,45,07,54,159,47,08,46,005,44,10,66,156,46,1*4C
1777598414.326,$GBGSV,2,2,08,13,66,315,48,23,61,346,49,25,60,115,48,28,50,259,47,1*77
1777598414.327,$GBGSV,1,1,02,09,15,171,39,10,66,156,48,3*79
1777598414.327,$GNGLL,1339.08513,N,10029.57943,E,012014.00,A,D*75
1777598415.302,$GNRMC,012015.00,A,1339.08576,N,10029.57944,E,2.305,1.24,010526,0.53,W,R,V*57
1777598415.304,$GNVTG,1.24,T,1.77,M,2.305,N,4.268,K,D*32
1777598415.306,$GNGGA,012015.00,1339.08576,N,10029.57944,E,4,12,0.63,-0.9,M,-27.8,M,1.0,0042*6E
1777598415.306,$GNGSA,A,3,01,07,14,17,06,22,30,19,,,,,1.34,0.63,1.18,1*02
1777598415.307,$GNGSA,A,3,73,80,84,83,,,,,,,,,1.34,0.63,1.18,2*02
1777598415.307,$GNGSA,A,3,08,15,03,02,30,25,34,36,,,,,1.34,0.63,1.18,3*03
1777598415.308,$GNGSA,A,3,07,08,10,23,25,28,13,,,,,,1.34,0.63,1.18,4*0F
1777598415.308,$GPGSV,3,1,11,01,35,041,24,06,35,211,41,07,52,172,45,14,43,353,47,1*64
1777598415.309,$GPGSV,3,2,11,17,44,320,44,19,31,282,38,22,33,339,37,30,70,253,48,1*6A
1777598415.309,$GPGSV,3,3,11,41,64,233,46,42,70,217,46,50,56,115,42,1*51
1777598415.310,$GPGSV,2,1,07,01,35,041,31,03,23,103,18,06,35,211,43,07,52,172,44,6*6F
1777598415.311,$GPGSV,2,2,07,14,43,353,46,17,44,320,42,30,70,253,46,6*52
1777598415.311,$GPGSV,1,1,03,02,06,036,,09,06,171,,40,36,256,,0*5F
1777598415.312,$GLGSV,2,1,06,73,36,350,44,79,17,128,20,80,56,077,34,82,12,023,20,1*7D
1777598415.312,$GLGSV,2,2,06,83,61,354,47,84,50,235,45,1*7F
1777598415.313,$GLGSV,2,1,06,73,36,350,45,79,17,128,23,80,56,077,33,82,12,023,21,3*7B
1777598415.313,$GLGSV,2,2,06,83,61,354,48,84,50,235,45,3*72
1777598415.314,$GLGSV,1,1,01,85,07,217,,0*46
1777598415.314,$GAGSV,3,1,09,02,45,013,49,03,20,195,36,08,23,250,46,15,17,206,39,2*78
1777598415.315,$GAGSV,3,2,09,18,42,294,45,25,29,081,20,30,17,320,31,34,66,179,51,2*72
1777598415.315,$GAGSV,3,3,09,36,52,050,46,2*4A
1777598415.316,$GAGSV,3,1,09,02,45,013,44,03,20,195,29,08,23,250,42,15,17,206,33,7*70
1777598415.317,$GAGSV,3,2,09,18,42,294,39,25,29,081,20,30,17,320,36,34,66,179,46,7*7D
1777598415.317,$GAGSV,3,3,09,36,52,050,39,7*47
1777598415.317,$GAGSV,1,1,03,07,04,296,,11,05,035,,32,27,224,,0*4A
1777598415.318,$GBGSV,2,1,08,06,,,42,07,54,159,46,08,46,005,46,10,66,156,47,1*49
1777598415.319,$GBGSV,2,2,08,13,66,315,48,23,61,346,47,25,60,115,46,28,50,259,45,1*75
1777598415.319,$GBGSV,1,1,02,09,15,171,39,10,66,156,49,3*78
1777598415.319,$GNGLL,1339.08576,N,10029.57944,E,012015.00,A,D*70
1777598416.305,$GNRMC,012016.00,A,1339.08639,N,10029.57944,E,2.298,0.97,010526,0.53,W,R,V*50
1777598416.307,$GNVTG,0.97,T,1.50,M,2.298,N,4.256,K,D*36
1777598416.307,$GNGGA,012016.00,1339.08639,N,10029.57944,E,4,12,0.71,-0.8,M,-27.8,M,1.0,0042*67
1777598416.308,$GNGSA,A,3,01,07,14,17,06,22,30,19,,,,,1.48,0.71,1.30,1*00
1777598416.308,$GNGSA,A,3,73,80,84,83,,,,,,,,,1.48,0.71,1.30,2*00
1777598416.308,$GNGSA,A,3,08,15,03,02,30,34,36,,,,,,1.48,0.71,1.30,3*06
1777598416.309,$GNGSA,A,3,07,08,10,23,25,28,13,,,,,,1.48,0.71,1.30,4*0D
1777598416.309,$GPGSV,3,1,11,01,35,041,26,06,35,211,42,07,52,172,45,14,43,353,46,1*64
1777598416.310,$GPGSV,3,2,11,17,44,320,43,19,31,282,36,22,33,339,38,30,70,253,47,1*63
1777598416.310,$GPGSV,3,3,11,41,64,233,48,42,70,217,45,50,56,115,37,1*5E
1777598416.311,$GPGSV,2,1,07,01,35,041,31,03,23,103,18,06,35,211,43,07,52,172,43,6*68
1777598416.311,$GPGSV,2,2,07,14,43,353,47,17,44,320,41,30,70,253,46,6*50
1777598416.312,$GPGSV,1,1,03,02,06,036,,09,06,171,,40,36,256,,0*5F
1777598416.312,$GLGSV,2,1,06,73,36,350,44,79,17,128,18,80,56,077,31,82,12,023,19,1*79
1777598416.313,$GLGSV,2,2,06,83,61,354,49,84,50,235,41,1*75
1777598416.313,$GLGSV,2,1,06,73,36,350,44,79,17,128,20,80,56,077,43,82,12,023,20,3*7F
1777598416.314,$GLGSV,2,2,06,83,61,354,49,84,50,235,46,3*70
1777598416.314,$GLGSV,1,1,01,85,07,217,,0*46
1777598416.315,$GAGSV,3,1,09,02,45,013,49,03,20,195,37,08,23,250,46,15,17,206,37,2*77
1777598416.315,$GAGSV,3,2,09,18,42,294,47,25,29,081,19,30,17,320,38,34,66,179,52,2*70
1777598416.315,$GAGSV,3,3,09,36,52,050,47,2*4B
1777598416.316,$GAGSV,3,1,09,02,45,013,45,03,20,195,36,08,23,250,40,15,17,206,33,7*7D
1777598416.317,$GAGSV,3,2,09,18,42,294,37,25,29,081,18,30,17,320,30,34,66,179,45,7*7D
1777598416.317,$GAGSV,3,3,09,36,52,050,43,7*4A
1777598416.318,$GAGSV,1,1,03,07,04,296,,11,05,035,,32,26,223,,0*4C
1777598416.318,$GBGSV,2,1,08,06,,,38,07,54,159,46,08,46,005,45,10,66,156,47,1*47
1777598416.319,$GBGSV,2,2,08,13,66,315,49,23,61,346,47,25,60,115,40,28,50,259,48,1*7F
1777598416.319,$GBGSV,1,1,02,09,15,171,39,10,66,156,49,3*78
1777598416.320,$GNGLL,1339.08639,N,10029.57944,E,012016.00,A,D*7B
1777598417.300,$GNRMC,012017.00,A,1339.08703,N,10029.57944,E,2.266,359.51,010526,0.53,W,R,V*5D
1777598417.302,$GNVTG,359.51,T,0.04,M,2.266,N,4.197,K,D*3C
1777598417.304,$GNGGA,012017.00,1339.08703,N,10029.57944,E,4,12,0.63,-0.9,M,-27.8,M,1.0,0499*6E
1777598417.304,$GNGSA,A,3,01,07,14,17,06,22,30,19,,,,,1.34,0.63,1.18,1*02
1777598417.305,$GNGSA,A,3,73,80,84,83,,,,,,,,,1.34,0.63,1.18,2*02
1777598417.305,$GNGSA,A,3,08,15,03,02,30,25,34,36,,,,,1.34,0.63,1.18,3*03
1777598417.306,$GNGSA,A,3,07,08,10,23,25,28,13,,,,,,1.34,0.63,1.18,4*0F
1777598417.306,$GPGSV,3,1,11,01,35,041,24,06,35,211,40,07,52,172,47,14,43,353,43,1*63
1777598417.307,$GPGSV,3,2,11,17,44,320,43,19,31,282,40,22,33,339,39,30,70,253,46,1*62
1777598417.307,$GPGSV,3,3,11,41,64,233,46,42,70,217,46,50,56,115,32,1*56
1777598417.308,$GPGSV,1,1,01,22,33,339,16,5*5F
1777598417.309,$GPGSV,2,1,07,01,35,041,33,03,23,103,17,06,35,211,41,07,52,172,42,6*66
1777598417.310,$GPGSV,2,2,07,14,43,353,47,17,44,320,42,30,70,253,46,6*53
1777598417.310,$GPGSV,1,1,03,02,06,036,,09,06,171,,40,36,256,,0*5F
1777598417.311,$GLGSV,2,1,06,73,36,350,44,79,17,128,19,80,56,077,42,82,12,023,18,1*7D
1777598417.312,$GLGSV,2,2,06,83,61,354,48,84,50,235,47,1*72
1777598417.312,$GLGSV,2,1,06,73,36,350,46,79,17,128,21,80,56,077,44,82,12,023,21,3*7A
1777598417.313,$GLGSV,2,2,06,83,61,354,48,84,50,235,46,3*71
1777598417.313,$GLGSV,1,1,01,85,07,217,,0*46
1777598417.314,$GAGSV,3,1,09,02,45,013,49,03,20,195,41,08,23,250,45,15,17,206,37,2*75
1777598417.315,$GAGSV,3,2,09,18,42,294,50,25,29,081,20,30,17,320,41,34,66,179,51,2*71
1777598417.315,$GAGSV,3,3,09,36,52,050,51,2*4C
1777598417.316,$GAGSV,3,1,09,02,45,013,45,03,20,195,36,08,23,250,38,15,17,206,34,7*75
1777598417.316,$GAGSV,3,2,09,18,42,294,38,25,29,081,18,30,17,320,30,34,66,179,46,7*71
1777598417.317,$GAGSV,3,3,09,36,52,050,45,7*4C
1777598417.317,$GAGSV,1,1,03,07,04,296,,11,05,035,,32,26,223,,0*4C
1777598417.318,$GBGSV,2,1,08,06,,,38,07,54,159,47,08,46,005,48,10,66,156,46,1*4A
1777598417.319,$GBGSV,2,2,08,13,66,315,49,23,61,346,47,25,60,115,37,28,50,259,47,1*70
1777598417.319,$GBGSV,1,1,02,09,15,171,39,10,66,156,46,3*77
1777598417.320,$GNGLL,1339.08703,N,10029.57944,E,012017.00,A,D*72
1777598418.299,$GNRMC,012018.00,A,1339.08766,N,10029.57943,E,2.253,358.21,010526,0.53,W,R,V*56
1777598418.300,$GNVTG,358.21,T,358.74,M,2.253,N,4.173,K,D*3F
1777598418.302,$GNGGA,012018.00,1339.08766,N,10029.57943,E,4,12,0.73,-0.8,M,-27.8,M,1.0,0499*65
1777598418.303,$GNGSA,A,3,01,07,14,17,06,22,30,19,,,,,1.52,0.73,1.33,1*0A
1777598418.303,$GNGSA,A,3,73,80,84,83,,,,,,,,,1.52,0.73,1.33,2*0A
1777598418.304,$GNGSA,A,3,08,15,03,02,30,34,36,,,,,,1.52,0.73,1.33,3*0C
1777598418.304,$GNGSA,A,3,07,08,10,23,25,28,13,,,,,,1.52,0.73,1.33,4*07
1777598418.305,$GPGSV,3,1,10,01,35,041,21,06,35,211,41,07,52,172,45,14,43,353,48,1*6F
1777598418.305,$GPGSV,3,2,10,17,44,320,39,19,31,282,42,22,33,339,39,30,70,253,46,1*6C
1777598418.306,$GPGSV,3,3,10,41,64,233,49,42,70,217,46,1*6A
1777598418.306,$GPGSV,1,1,01,22,33,339,14,5*5D
1777598418.307,$GPGSV,2,1,07,01,35,041,17,03,23,103,16,06,35,211,42,07,52,172,42,6*62
1777598418.307,$GPGSV,2,2,07,14,43,353,44,17,44,320,41,30,70,253,45,6*50
1777598418.308,$GPGSV,1,1,04,02,06,036,,09,06,171,,40,36,256,,50,56,115,,0*6B
1777598418.309,$GLGSV,2,1,06,73,36,350,43,79,17,128,19,80,56,077,48,82,12,023,17,1*7F
1777598418.309,$GLGSV,2,2,06,83,61,354,48,84,50,235,51,1*75
1777598418.310,$GLGSV,2,1,06,73,36,350,49,79,17,128,22,80,56,077,46,82,12,023,19,3*7F
1777598418.311,$GLGSV,2,2,06,83,61,354,46,84,50,235,50,3*78
1777598418.311,$GLGSV,1,1,01,85,07,217,,0*46
1777598418.312,$GAGSV,3,1,09,02,45,013,50,03,20,195,42,08,23,250,44,15,17,206,39,2*71
1777598418.312,$GAGSV,3,2,09,18,42,294,47,25,29,081,19,30,17,320,37,34,67,179,52,2*7E
1777598418.313,$GAGSV,3,3,09,36,52,050,50,2*4D
1777598418.313,$GAGSV,3,1,09,02,45,013,45,03,20,195,38,08,23,250,30,15,17,206,34,7*73
1777598418.314,$GAGSV,3,2,09,18,42,294,43,25,29,081,17,30,17,320,30,34,67,179,47,7*72
1777598418.314,$GAGSV,3,3,09,36,52,050,46,7*4F
1777598418.315,$GAGSV,1,1,03,07,04,296,,11,05,035,,32,26,223,,0*4C
1777598418.315,$GBGSV,2,1,08,06,,,38,07,54,159,44,08,46,005,45,10,66,156,47,1*45
1777598418.316,$GBGSV,2,2,08,13,66,315,49,23,61,346,47,25,60,115,44,28,50,259,46,1*75
1777598418.316,$GBGSV,1,1,02,09,15,171,38,10,66,156,49,3*79
1777598418.317,$GNGLL,1339.08766,N,10029.57943,E,012018.00,A,D*79
1777598419.298,$GNRMC,012019.00,A,1339.08826,N,10029.57940,E,2.000,356.61,010526,0.53,W,R,V*51
1777598419.299,$GNVTG,356.61,T,357.14,M,2.000,N,3.704,K,D*39
1777598419.301,$GNGGA,012019.00,1339.08826,N,10029.57940,E,4,12,0.73,-0.8,M,-27.8,M,1.0,0499*6C
1777598419.302,$GNGSA,A,3,01,07,14,17,06,22,30,19,,,,,1.52,0.73,1.33,1*0A
1777598419.302,$GNGSA,A,3,73,80,84,83,,,,,,,,,1.52,0.73,1.33,2*0A
1777598419.302,$GNGSA,A,3,08,15,03,02,30,34,36,,,,,,1.52,0.73,1.33,3*0C
1777598419.303,$GNGSA,A,3,07,08,10,23,25,28,13,,,,,,1.52,0.73,1.33,4*07
1777598419.303,$GPGSV,3,1,11,01,35,041,20,06,35,211,41,07,52,172,46,14,43,353,46,1*62
1777598419.304,$GPGSV,3,2,11,17,44,320,35,19,31,282,43,22,33,339,44,30,70,253,47,1*6B
1777598419.304,$GPGSV,3,3,11,40,36,256,41,41,64,233,47,42,70,217,45,1*53
1777598419.305,$GPGSV,2,1,08,01,35,041,27,03,23,103,17,06,35,211,41,07,52,172,44,6*6A
1777598419.306,$GPGSV,2,2,08,14,43,353,44,17,44,320,42,22,33,339,09,30,70,253,45,6*6C
1777598419.306,$GPGSV,1,1,03,02,06,036,,09,06,171,,50,56,115,,0*5C
1777598419.307,$GLGSV,2,1,06,73,36,350,42,79,17,128,19,80,56,077,45,82,12,023,18,1*7C
1777598419.307,$GLGSV,2,2,06,83,61,354,51,84,50,235,45,1*78
1777598419.308,$GLGSV,2,1,06,73,36,350,46,79,17,128,22,80,56,077,48,82,12,023,19,3*7E
1777598419.308,$GLGSV,2,2,06,83,61,354,46,84,50,235,48,3*71
1777598419.308,$GLGSV,1,1,01,85,07,217,,0*46
1777598419.309,$GAGSV,3,1,09,02,45,013,50,03,20,195,41,08,23,250,42,15,17,206,41,2*7B
1777598419.310,$GAGSV,3,2,09,18,42,294,48,25,29,081,19,30,17,320,42,34,67,179,51,2*70
1777598419.310,$GAGSV,3,3,09,36,51,049,49,2*4E
1777598419.311,$GAGSV,2,1,08,02,45,013,45,03,20,195,40,15,17,206,39,18,42,294,42,7*7A
1777598419.311,$GAGSV,2,2,08,25,29,081,16,30,17,320,22,34,67,179,46,36,51,049,45,7*7B
1777598419.312,$GAGSV,1,1,03,07,04,296,,11,05,035,,32,26,223,,0*4C
1777598419.312,$GBGSV,2,1,08,06,,,32,07,54,159,45,08,46,005,46,10,66,156,47,1*4D
1777598419.313,$GBGSV,2,2,08,13,66,315,47,23,61,346,49,25,60,115,39,28,50,259,45,1*7C
1777598419.313,$GBGSV,1,1,02,09,15,171,39,10,66,156,49,3*78
1777598419.314,$GNGLL,1339.08826,N,10029.57940,E,012019.00,A,D*70
1777598420.298,$GNRMC,012020.00,A,1339.08872,N,10029.57937,E,1.191,357.15,010526,0.53,W,R,V*52
1777598420.300,$GNVTG,357.15,T,357.68,M,1.191,N,2.206,K,D*3C
1777598420.302,$GNGGA,012020.00,1339.08872,N,10029.57937,E,4,12,0.73,-0.7,M,-27.8,M,2.0,0499*6B
1777598420.302,$GNGSA,A,3,01,07,14,17,06,22,30,19,,,,,1.52,0.73,1.33,1*0A
1777598420.303,$GNGSA,A,3,73,80,84,83,,,,,,,,,1.52,0.73,1.33,2*0A
1777598420.303,$GNGSA,A,3,08,15,03,02,30,34,36,,,,,,1.52,0.73,1.33,3*0C
1777598420.304,$GNGSA,A,3,07,08,10,23,25,28,13,,,,,,1.52,0.73,1.33,4*07
1777598420.304,$GPGSV,3,1,11,01,35,041,21,06,35,211,40,07,52,172,44,14,43,353,46,1*60
1777598420.305,$GPGSV,3,2,11,17,44,320,37,19,31,282,42,22,33,339,41,30,70,253,47,1*6D
1777598420.306,$GPGSV,3,3,11,40,36,256,41,41,64,233,47,42,70,217,44,1*52
1777598420.306,$GPGSV,2,1,08,01,35,041,27,03,23,103,16,06,35,211,37,07,52,172,43,6*6D
1777598420.307,$GPGSV,2,2,08,14,43,353,45,17,44,320,42,22,33,339,07,30,70,253,47,6*61
1777598420.308,$GPGSV,1,1,03,02,06,036,,09,06,171,,50,56,115,,0*5C
1777598420.308,$GLGSV,2,1,06,73,36,350,43,79,17,128,19,80,56,077,48,82,12,023,17,1*7F
1777598420.309,$GLGSV,2,2,06,83,61,354,50,84,50,235,48,1*74
1777598420.309,$GLGSV,2,1,06,73,36,350,51,79,17,128,22,80,56,077,48,82,12,023,19,3*78
1777598420.310,$GLGSV,2,2,06,83,61,354,49,84,50,235,47,3*71
1777598420.310,$GLGSV,1,1,01,85,07,217,,0*46
1777598420.311,$GAGSV,3,1,09,02,45,013,51,03,20,195,40,08,23,250,37,15,17,206,38,2*77
1777598420.312,$GAGSV,3,2,09,18,42,294,47,25,29,081,19,30,17,320,37,34,67,179,50,2*7C
1777598420.312,$GAGSV,3,3,09,36,51,049,51,2*47
1777598420.313,$GAGSV,2,1,08,02,45,013,45,03,20,195,39,15,17,206,37,18,42,294,38,7*77
1777598420.313,$GAGSV,2,2,08,25,29,081,15,30,17,320,29,34,67,179,46,36,51,049,42,7*74
1777598420.314,$GAGSV,1,1,03,07,04,296,,11,05,035,,32,26,223,,0*4C
1777598420.314,$GBGSV,2,1,08,06,,,37,07,54,159,43,08,46,005,43,10,66,156,46,1*4A
1777598420.315,$GBGSV,2,2,08,13,66,315,46,23,61,346,47,25,60,115,44,28,50,259,48,1*74
1777598420.315,$GBGSV,1,1,02,09,15,171,39,10,66,156,49,3*78
1777598420.316,$GNGLL,1339.08872,N,10029.57937,E,012020.00,A,D*7B
1777598421.299,$GNRMC,012021.00,A,1339.08894,N,10029.57934,E,0.301,357.09,010526,0.53,W,R,V*5F
1777598421.301,$GNVTG,357.09,T,357.62,M,0.301,N,0.558,K,D*3F
1777598421.303,$GNGGA,012021.00,1339.08894,N,10029.57934,E,4,12,0.73,-0.7,M,-27.8,M,1.0,0499*62
1777598421.303,$GNGSA,A,3,01,07,14,17,06,22,30,19,,,,,1.52,0.73,1.33,1*0A
1777598421.304,$GNGSA,A,3,73,80,84,83,,,,,,,,,1.52,0.73,1.33,2*0A
1777598421.304,$GNGSA,A,3,08,15,03,02,30,34,36,,,,,,1.52,0.73,1.33,3*0C
1777598421.305,$GNGSA,A,3,07,08,10,23,25,28,13,,,,,,1.52,0.73,1.33,4*07
1777598421.305,$GPGSV,3,1,11,01,35,041,22,06,35,211,40,07,52,172,46,14,43,353,45,1*62
1777598421.306,$GPGSV,3,2,11,17,44,320,40,19,31,282,38,22,33,339,42,30,70,253,48,1*6C
1777598421.306,$GPGSV,3,3,11,40,36,256,41,41,64,233,46,42,70,217,45,1*52
1777598421.307,$GPGSV,2,1,08,01,35,041,26,03,23,103,15,06,35,211,37,07,52,172,42,6*6E
1777598421.308,$GPGSV,2,2,08,14,43,353,45,17,44,320,35,22,33,339,07,30,70,253,45,6*63
1777598421.308,$GPGSV,1,1,03,02,06,036,,09,06,171,,50,56,115,,0*5C
1777598421.309,$GLGSV,2,1,06,73,36,350,45,79,17,128,19,80,56,077,48,82,12,023,17,1*79
1777598421.309,$GLGSV,2,2,06,83,61,354,48,84,50,235,45,1*70
1777598421.310,$GLGSV,2,1,06,73,36,350,48,79,17,128,22,80,56,077,48,82,12,023,18,3*71
1777598421.310,$GLGSV,2,2,06,83,61,354,50,84,50,235,49,3*77
1777598421.311,$GLGSV,1,1,01,85,07,217,,0*46
1777598421.311,$GAGSV,3,1,09,02,45,013,50,03,20,195,38,08,23,250,35,15,17,206,42,2*76
1777598421.312,$GAGSV,3,2,09,18,42,294,47,25,29,081,19,30,17,320,41,34,67,179,50,2*7D
1777598421.312,$GAGSV,3,3,09,36,51,049,52,2*44
1777598421.313,$GAGSV,3,1,09,02,45,013,45,03,20,195,38,08,23,250,28,15,17,206,37,7*79
1777598421.314,$GAGSV,3,2,09,18,42,294,42,25,29,081,17,30,17,320,36,34,67,179,45,7*77
1777598421.314,$GAGSV,3,3,09,36,51,049,43,7*41
1777598421.314,$GAGSV,1,1,03,07,04,296,,11,05,035,,32,26,223,,0*4C
1777598421.315,$GBGSV,2,1,08,06,,,38,07,54,159,47,08,46,005,43,10,66,156,46,1*41
1777598421.316,$GBGSV,2,2,08,13,66,315,47,23,61,346,49,25,60,115,44,28,50,259,49,1*7A
1777598421.316,$GBGSV,1,1,02,09,15,171,42,10,66,156,49,3*74
1777598421.316,$GNGLL,1339.08894,N,10029.57934,E,012021.00,A,D*71
1777598422.299,$GNRMC,012022.00,A,1339.08895,N,10029.57933,E,0.030,,010526,0.53,W,R,V*4D
1777598422.300,$GNVTG,,T,,M,0.030,N,0.055,K,D*3B
1777598422.302,$GNGGA,012022.00,1339.08895,N,10029.57933,E,4,12,0.73,-0.8,M,-27.8,M,1.0,0499*68
1777598422.303,$GNGSA,A,3,01,07,14,17,06,22,30,19,,,,,1.52,0.73,1.33,1*0A
1777598422.303,$GNGSA,A,3,73,80,84,83,,,,,,,,,1.52,0.73,1.33,2*0A
1777598422.304,$GNGSA,A,3,08,15,03,02,30,25,34,36,,,,,1.52,0.73,1.33,3*0B
1777598422.304,$GNGSA,A,3,07,08,10,23,25,28,13,,,,,,1.52,0.73,1.33,4*07
1777598422.305,$GPGSV,3,1,11,01,35,041,19,06,35,211,40,07,52,172,45,14,43,353,44,1*68
1777598422.306,$GPGSV,3,2,11,17,44,320,40,19,31,282,38,22,33,339,43,30,70,253,48,1*6D
1777598422.306,$GPGSV,3,3,11,40,36,256,37,41,64,233,44,42,70,217,46,1*52
1777598422.307,$GPGSV,2,1,07,01,35,041,24,03,23,103,12,06,35,211,37,07,52,172,43,6*65
1777598422.307,$GPGSV,2,2,07,14,43,353,44,17,44,320,35,30,70,253,45,6*53
1777598422.308,$GPGSV,1,1,03,02,06,036,,09,06,171,,50,56,115,,0*5C
1777598422.309,$GLGSV,2,1,06,73,36,350,47,79,17,128,17,80,56,077,49,82,12,023,15,1*76
1777598422.309,$GLGSV,2,2,06,83,61,354,47,84,50,235,46,1*7C
1777598422.310,$GLGSV,2,1,06,73,36,350,47,79,17,128,22,80,56,077,47,82,12,023,16,3*7F
1777598422.310,$GLGSV,2,2,06,83,61,354,48,84,50,235,48,3*7F
1777598422.311,$GLGSV,1,1,01,85,07,217,,0*46
1777598422.311,$GAGSV,3,1,09,02,45,013,50,03,20,195,40,08,23,250,36,15,17,206,43,2*7B
1777598422.312,$GAGSV,3,2,09,18,42,294,48,25,29,081,25,30,17,320,40,34,67,179,51,2*7D
1777598422.312,$GAGSV,3,3,09,36,51,049,51,2*47
1777598422.313,$GAGSV,3,1,09,02,45,013,45,03,20,195,36,08,23,250,26,15,17,206,37,7*79
1777598422.314,$GAGSV,3,2,09,18,42,294,43,25,29,081,21,30,17,320,36,34,67,179,45,7*73
1777598422.314,$GAGSV,3,3,09,36,51,049,43,7*41
1777598422.315,$GAGSV,1,1,03,07,04,296,,11,05,035,,32,26,223,,0*4C
1777598422.315,$GBGSV,2,1,08,06,,,38,07,54,159,45,08,46,005,41,10,66,156,47,1*40
1777598422.316,$GBGSV,2,2,08,13,66,315,48,23,61,346,50,25,60,115,44,28,50,259,49,1*7D
1777598422.316,$GBGSV,1,1,02,09,16,171,41,10,66,156,49,3*74
1777598422.317,$GNGLL,1339.08895,N,10029.57933,E,012022.00,A,D*74
1777598423.303,$GNRMC,012023.00,A,1339.08896,N,10029.57931,E,0.014,,010526,0.53,W,R,V*4B
1777598423.304,$GNVTG,,T,,M,0.014,N,0.026,K,D*39
1777598423.306,$GNGGA,012023.00,1339.08896,N,10029.57931,E,4,12,0.65,-0.8,M,-27.8,M,1.0,0499*6F
1777598423.307,$GNGSA,A,3,01,07,14,17,06,22,30,19,,,,,1.37,0.65,1.21,1*0D
1777598423.307,$GNGSA,A,3,73,80,84,83,79,,,,,,,,1.37,0.65,1.21,2*03
1777598423.308,$GNGSA,A,3,08,15,03,02,30,25,34,36,,,,,1.37,0.65,1.21,3*0C
1777598423.308,$GNGSA,A,3,07,08,10,23,25,28,13,,,,,,1.37,0.65,1.21,4*00
1777598423.309,$GPGSV,3,1,11,01,35,041,14,06,35,211,40,07,52,172,46,14,43,353,44,1*66
1777598423.310,$GPGSV,3,2,11,17,44,320,39,19,31,282,39,22,33,339,43,30,70,253,47,1*6D
1777598423.310,$GPGSV,3,3,11,40,36,256,39,41,64,233,43,42,70,217,46,1*5B
1777598423.311,$GPGSV,2,1,07,01,35,041,23,03,23,103,09,06,35,211,36,07,52,172,42,6*68
1777598423.311,$GPGSV,2,2,07,14,43,353,45,17,44,320,35,30,70,253,45,6*52
1777598423.312,$GPGSV,1,1,03,02,06,036,,09,06,171,,50,56,115,,0*5C
1777598423.313,$GLGSV,2,1,06,73,36,350,46,79,17,128,14,80,56,077,49,82,12,023,13,1*72
1777598423.313,$GLGSV,2,2,06,83,61,354,47,84,50,235,46,1*7C
1777598423.314,$GLGSV,2,1,06,73,36,350,47,79,17,128,23,80,56,077,47,82,12,023,17,3*7F
1777598423.314,$GLGSV,2,2,06,83,61,354,48,84,50,235,48,3*7F
1777598423.314,$GLGSV,1,1,01,85,07,217,,0*46
1777598423.315,$GAGSV,3,1,09,02,45,013,50,03,20,195,40,08,23,250,37,15,17,206,43,2*7A
1777598423.316,$GAGSV,3,2,09,18,42,294,47,25,29,081,26,30,17,320,38,34,67,179,51,2*7E
1777598423.316,$GAGSV,3,3,09,36,51,049,51,2*47
1777598423.317,$GAGSV,3,1,09,02,45,013,45,03,20,195,36,08,23,250,25,15,17,206,37,7*7A
1777598423.317,$GAGSV,3,2,09,18,42,294,43,25,29,081,23,30,17,320,36,34,67,179,45,7*71
1777598423.318,$GAGSV,3,3,09,36,51,049,43,7*41
1777598423.318,$GAGSV,1,1,03,07,04,296,,11,05,035,,32,26,223,,0*4C
1777598423.319,$GBGSV,2,1,08,06,,,37,07,54,159,46,08,46,005,42,10,65,157,47,1*4D
1777598423.319,$GBGSV,2,2,08,13,66,315,48,23,61,346,49,25,60,115,45,28,50,259,49,1*74
1777598423.320,$GBGSV,1,1,02,09,16,171,41,10,65,157,49,3*76
1777598423.320,$GNGLL,1339.08896,N,10029.57931,E,012023.00,A,D*74
1777598424.300,$GNRMC,012024.00,A,1339.08896,N,10029.57930,E,0.020,,010526,0.53,W,R,V*4A
1777598424.302,$GNVTG,,T,,M,0.020,N,0.036,K,D*3F
1777598424.303,$GNGGA,012024.00,1339.08896,N,10029.57930,E,4,12,0.65,-0.8,M,-27.8,M,1.0,0499*69
1777598424.304,$GNGSA,A,3,01,07,14,17,06,22,30,19,,,,,1.37,0.65,1.21,1*0D
1777598424.305,$GNGSA,A,3,73,80,84,83,79,,,,,,,,1.37,0.65,1.21,2*03
1777598424.305,$GNGSA,A,3,08,15,03,02,30,25,34,36,,,,,1.37,0.65,1.21,3*0C
1777598424.306,$GNGSA,A,3,07,08,10,23,25,28,13,,,,,,1.37,0.65,1.21,4*00
1777598424.306,$GPGSV,3,1,10,06,35,211,40,07,52,172,46,14,43,353,44,17,44,320,39,1*6D
1777598424.307,$GPGSV,3,2,10,19,31,282,39,22,33,339,43,30,70,253,47,40,36,256,40,1*65
1777598424.307,$GPGSV,3,3,10,41,64,233,44,42,70,217,45,1*64
1777598424.308,$GPGSV,2,1,07,01,35,041,23,03,23,103,10,06,35,211,39,07,52,172,43,6*6E
1777598424.309,$GPGSV,2,2,07,14,43,353,45,17,44,320,36,30,70,253,45,6*51
1777598424.309,$GPGSV,1,1,03,02,06,036,,09,06,171,,50,56,115,,0*5C
1777598424.310,$GLGSV,2,1,05,73,36,350,46,80,56,077,49,82,12,023,13,83,61,354,47,1*7A
1777598424.310,$GLGSV,2,2,05,84,50,235,46,1*42
1777598424.311,$GLGSV,2,1,06,73,36,350,47,79,17,128,23,80,56,077,47,82,12,023,18,3*70
1777598424.311,$GLGSV,2,2,06,83,61,354,48,84,50,235,48,3*7F
1777598424.312,$GLGSV,1,1,01,85,07,217,,0*46
1777598424.312,$GAGSV,3,1,09,02,45,013,51,03,20,195,40,08,23,250,36,15,17,206,42,2*7B
1777598424.313,$GAGSV,3,2,09,18,42,294,47,25,29,081,27,30,17,320,38,34,67,179,51,2*7F
1777598424.313,$GAGSV,3,3,09,36,51,049,51,2*47
1777598424.314,$GAGSV,3,1,09,02,45,013,45,03,20,195,36,08,23,250,27,15,17,206,37,7*78
1777598424.314,$GAGSV,3,2,09,18,42,294,43,25,29,081,25,30,17,320,36,34,67,179,45,7*77
1777598424.315,$GAGSV,3,3,09,36,51,049,43,7*41
1777598424.315,$GAGSV,1,1,03,07,04,296,,11,05,035,,32,26,223,,0*4C
1777598424.316,$GBGSV,2,1,08,06,,,37,07,54,159,46,08,46,005,42,10,65,157,47,1*4D
1777598424.317,$GBGSV,2,2,08,13,66,315,48,23,61,346,49,25,60,115,45,28,50,259,48,1*75
1777598424.317,$GBGSV,1,1,02,09,16,171,41,10,65,157,49,3*76
1777598424.317,$GNGLL,1339.08896,N,10029.57930,E,012024.00,A,D*72
1777598425.300,$GNRMC,012025.00,A,1339.08896,N,10029.57930,E,0.013,,010526,0.53,W,R,V*4B
1777598425.301,$GNVTG,,T,,M,0.013,N,0.024,K,D*3C
1777598425.303,$GNGGA,012025.00,1339.08896,N,10029.57930,E,4,12,0.65,-0.8,M,-27.8,M,1.0,0499*68
1777598425.304,$GNGSA,A,3,01,07,14,17,06,22,30,19,,,,,1.37,0.65,1.21,1*0D
1777598425.304,$GNGSA,A,3,73,80,84,83,,,,,,,,,1.37,0.65,1.21,2*0D
1777598425.305,$GNGSA,A,3,08,15,03,02,30,25,34,36,,,,,1.37,0.65,1.21,3*0C
1777598425.305,$GNGSA,A,3,07,08,10,23,25,28,13,,,,,,1.37,0.65,1.21,4*00
1777598425.306,$GPGSV,3,1,10,06,35,211,40,07,52,172,46,14,43,353,45,17,44,320,39,1*6C
1777598425.307,$GPGSV,3,2,10,19,31,282,39,22,33,339,43,30,70,253,48,40,36,256,40,1*6A
1777598425.307,$GPGSV,3,3,10,41,64,233,44,42,70,217,46,1*67
1777598425.308,$GPGSV,2,1,07,01,35,041,22,03,23,103,11,06,35,211,38,07,52,172,43,6*6F
1777598425.308,$GPGSV,2,2,07,14,43,353,45,17,44,320,36,30,70,253,45,6*51
1777598425.309,$GPGSV,1,1,03,02,06,036,,09,06,171,,50,56,115,,0*5C
1777598425.309,$GLGSV,2,1,05,73,36,350,46,80,56,077,49,82,12,023,10,83,61,354,47,1*79
1777598425.310,$GLGSV,2,2,05,84,50,235,45,1*41
1777598425.310,$GLGSV,2,1,06,73,36,350,47,79,17,128,24,80,56,077,47,82,12,023,19,3*76
1777598425.311,$GLGSV,2,2,06,83,61,354,48,84,50,235,48,3*7F
1777598425.311,$GLGSV,1,1,01,85,07,217,,0*46
1777598425.312,$GAGSV,3,1,09,02,45,013,51,03,20,195,39,08,23,250,38,15,17,206,42,2*7B
1777598425.312,$GAGSV,3,2,09,18,42,294,47,25,29,081,27,30,17,320,39,34,67,179,51,2*7E
1777598425.313,$GAGSV,3,3,09,36,51,049,51,2*47
1777598425.313,$GAGSV,3,1,09,02,45,013,45,03,20,195,36,08,23,250,27,15,17,206,37,7*78
1777598425.314,$GAGSV,3,2,09,18,42,294,43,25,29,081,25,30,17,320,36,34,67,179,45,7*77
1777598425.314,$GAGSV,3,3,09,36,51,049,43,7*41
1777598425.315,$GAGSV,1,1,03,07,04,296,,11,05,035,,32,26,223,,0*4C
1777598425.316,$GBGSV,2,1,08,06,,,37,07,54,159,46,08,46,005,42,10,65,157,47,1*4D
1777598425.316,$GBGSV,2,2,08,13,66,315,48,23,61,346,49,25,60,115,45,28,50,259,48,1*75
1777598425.317,$GBGSV,1,1,02,09,16,171,42,10,65,157,49,3*75
1777598425.317,$GNGLL,1339.08896,N,10029.57930,E,012025.00,A,D*73
1777598426.299,$GNRMC,012026.00,A,1339.08897,N,10029.57929,E,0.007,,010526,0.53,W,R,V*44
1777598426.300,$GNVTG,,T,,M,0.007,N,0.013,K,D*3D
1777598426.302,$GNGGA,012026.00,1339.08897,N,10029.57929,E,4,12,0.65,-0.9,M,-27.8,M,1.0,0499*63
1777598426.303,$GNGSA,A,3,01,07,14,17,06,22,30,19,,,,,1.37,0.65,1.21,1*0D
1777598426.304,$GNGSA,A,3,73,80,84,83,,,,,,,,,1.37,0.65,1.21,2*0D
1777598426.304,$GNGSA,A,3,08,15,03,02,30,25,34,36,,,,,1.37,0.65,1.21,3*0C
1777598426.305,$GNGSA,A,3,07,08,10,23,25,28,13,,,,,,1.37,0.65,1.21,4*00
1777598426.305,$GPGSV,3,1,10,06,35,211,40,07,52,172,46,14,43,353,45,17,44,320,39,1*6C
1777598426.306,$GPGSV,3,2,10,19,31,282,40,22,33,339,43,30,70,253,48,40,36,256,40,1*64
1777598426.306,$GPGSV,3,3,10,41,64,233,44,42,70,217,46,1*67
1777598426.307,$GPGSV,2,1,07,01,35,041,23,03,23,103,12,06,35,211,38,07,52,172,43,6*6D
1777598426.308,$GPGSV,2,2,07,14,43,353,45,17,44,320,37,30,70,253,45,6*50
1777598426.308,$GPGSV,1,1,03,02,06,036,,09,06,171,,50,56,115,,0*5C
1777598426.309,$GLGSV,2,1,05,73,36,350,46,80,56,077,49,82,12,023,09,83,61,354,48,1*7E
1777598426.309,$GLGSV,2,2,05,84,50,235,45,1*41
1777598426.310,$GLGSV,2,1,06,73,36,350,47,79,17,128,24,80,56,077,47,82,12,023,19,3*76
1777598426.310,$GLGSV,2,2,06,83,61,354,48,84,50,235,48,3*7F
1777598426.310,$GLGSV,1,1,01,85,07,217,,0*46
1777598426.311,$GAGSV,3,1,09,02,45,013,51,03,20,195,40,08,23,250,38,15,17,206,42,2*75
1777598426.312,$GAGSV,3,2,09,18,42,294,47,25,29,081,27,30,17,320,39,34,67,179,51,2*7E
1777598426.312,$GAGSV,3,3,09,36,51,049,51,2*47
1777598426.313,$GAGSV,3,1,09,02,45,013,46,03,20,195,36,08,23,250,27,15,17,206,37,7*7B
1777598426.313,$GAGSV,3,2,09,18,42,294,43,25,29,081,25,30,17,320,36,34,67,179,45,7*77
1777598426.314,$GAGSV,3,3,09,36,51,049,43,7*41
1777598426.314,$GAGSV,1,1,03,07,04,296,,11,05,035,,32,26,223,,0*4C
1777598426.315,$GBGSV,2,1,08,06,,,37,07,54,159,46,08,46,005,42,10,65,157,47,1*4D
1777598426.315,$GBGSV,2,2,08,13,66,317,48,23,61,346,49,25,60,115,45,28,50,259,48,1*77
1777598426.316,$GBGSV,1,1,02,09,16,171,41,10,65,157,49,3*76
1777598426.316,$GNGLL,1339.08897,N,10029.57929,E,012026.00,A,D*79
1777598427.302,$GNRMC,012027.00,A,1339.08897,N,10029.57929,E,0.018,,010526,0.53,W,R,V*4B
1777598427.303,$GNVTG,,T,,M,0.018,N,0.033,K,D*31
1777598427.304,$GNGGA,012027.00,1339.08897,N,10029.57929,E,4,12,0.65,-0.9,M,-27.8,M,1.0,0499*62
1777598427.305,$GNGSA,A,3,01,07,14,17,06,22,30,19,,,,,1.37,0.65,1.21,1*0D
1777598427.305,$GNGSA,A,3,73,80,84,83,,,,,,,,,1.37,0.65,1.21,2*0D
1777598427.305,$GNGSA,A,3,08,15,03,02,30,25,34,36,,,,,1.37,0.65,1.21,3*0C
1777598427.306,$GNGSA,A,3,07,08,10,23,25,28,13,,,,,,1.37,0.65,1.21,4*00
1777598427.307,$GPGSV,3,1,11,03,23,103,16,06,35,211,40,07,52,172,46,14,43,353,45,1*67
1777598427.307,$GPGSV,3,2,11,17,44,320,39,19,31,282,40,22,33,339,43,30,70,253,47,1*63
1777598427.308,$GPGSV,3,3,11,40,36,256,40,41,64,233,44,42,70,217,46,1*52
1777598427.309,$GPGSV,2,1,07,01,35,041,23,03,23,103,13,06,35,211,37,07,52,172,43,6*63
1777598427.309,$GPGSV,2,2,07,14,43,353,45,17,44,320,37,30,70,253,45,6*50
1777598427.310,$GPGSV,1,1,03,02,06,036,,09,06,171,,50,56,115,,0*5C
1777598427.311,$GLGSV,2,1,05,73,36,350,46,80,56,077,49,82,12,023,10,83,61,354,48,1*76
1777598427.311,$GLGSV,2,2,05,84,50,235,44,1*40
1777598427.311,$GLGSV,2,1,06,73,36,350,47,79,17,128,24,80,56,077,47,82,12,023,20,3*7C
1777598427.312,$GLGSV,2,2,06,83,61,354,48,84,50,235,48,3*7F
1777598427.312,$GLGSV,1,1,01,85,07,217,,0*46
1777598427.313,$GAGSV,3,1,09,02,45,013,51,03,20,195,40,08,23,250,36,15,17,206,42,2*7B
1777598427.314,$GAGSV,3,2,09,18,42,294,47,25,29,081,27,30,17,320,38,34,67,179,50,2*7E
1777598427.314,$GAGSV,3,3,09,36,51,049,51,2*47
1777598427.315,$GAGSV,3,1,09,02,45,013,46,03,20,195,36,08,23,250,26,15,17,206,37,7*7A
1777598427.315,$GAGSV,3,2,09,18,42,294,42,25,29,081,26,30,17,320,36,34,67,179,45,7*75
1777598427.316,$GAGSV,3,3,09,36,51,049,43,7*41
1777598427.316,$GAGSV,1,1,03,07,04,296,,11,05,035,,32,26,223,,0*4C
1777598427.317,$GBGSV,2,1,08,06,,,37,07,54,159,46,08,46,005,42,10,65,157,47,1*4D
1777598427.318,$GBGSV,2,2,08,13,66,317,48,23,61,346,49,25,60,115,45,28,50,259,48,1*77
1777598427.318,$GBGSV,1,1,02,09,16,171,41,10,65,157,49,3*76
1777598427.319,$GNGLL,1339.08897,N,10029.57929,E,012027.00,A,D*78
1777598428.304,$GNRMC,012028.00,A,1339.08897,N,10029.57928,E,0.011,,010526,0.53,W,R,V*4C
1777598428.305,$GNVTG,,T,,M,0.011,N,0.021,K,D*3B
1777598428.307,$GNGGA,012028.00,1339.08897,N,10029.57928,E,4,12,0.65,-0.9,M,-27.8,M,1.0,0499*6C
1777598428.308,$GNGSA,A,3,01,07,14,17,06,22,30,19,,,,,1.37,0.65,1.21,1*0D
1777598428.308,$GNGSA,A,3,73,80,84,83,,,,,,,,,1.37,0.65,1.21,2*0D
1777598428.309,$GNGSA,A,3,08,15,03,02,30,25,34,36,,,,,1.37,0.65,1.21,3*0C
1777598428.309,$GNGSA,A,3,07,08,10,23,25,28,13,,,,,,1.37,0.65,1.21,4*00
1777598428.310,$GPGSV,3,1,12,03,23,103,17,06,35,211,40,07,52,172,46,09,06,171,28,1*61
1777598428.311,$GPGSV,3,2,12,14,43,353,44,17,44,320,38,19,31,282,40,22,33,339,43,1*65
1777598428.311,$GPGSV,3,3,12,30,70,253,47,40,36,256,39,41,64,233,44,42,70,217,46,1*6C
1777598428.312,$GPGSV,2,1,07,01,35,041,25,03,23,103,14,06,35,211,37,07,52,172,43,6*62
1777598428.312,$GPGSV,2,2,07,14,43,353,45,17,44,320,38,30,70,253,45,6*5F
1777598428.313,$GPGSV,1,1,02,02,06,036,,50,56,115,,0*65
1777598428.313,$GLGSV,2,1,05,73,36,350,45,80,56,077,49,82,12,023,08,83,61,354,48,1*7C
1777598428.314,$GLGSV,2,2,05,84,50,235,45,1*41
1777598428.314,$GLGSV,2,1,06,73,36,350,48,79,17,128,24,80,56,077,49,82,12,023,20,3*7D
1777598428.315,$GLGSV,2,2,06,83,61,354,48,84,50,235,48,3*7F
1777598428.315,$GLGSV,1,1,01,85,07,217,,0*46
1777598428.316,$GAGSV,3,1,09,02,45,013,51,03,20,195,40,08,23,250,37,15,17,206,42,2*7A
1777598428.316,$GAGSV,3,2,09,18,42,294,48,25,29,081,27,30,17,320,39,34,67,179,51,2*71
1777598428.317,$GAGSV,3,3,09,36,51,049,51,2*47
1777598428.317,$GAGSV,3,1,09,02,45,013,46,03,20,195,36,08,23,250,26,15,17,206,37,7*7A
1777598428.318,$GAGSV,3,2,09,18,42,294,43,25,29,081,26,30,17,320,35,34,67,179,45,7*77
1777598428.318,$GAGSV,3,3,09,36,51,049,43,7*41
1777598428.319,$GAGSV,1,1,03,07,04,296,,11,05,035,,32,26,223,,0*4C
1777598428.319,$GBGSV,2,1,08,06,,,37,07,54,159,45,08,46,005,42,10,65,157,47,1*4E
1777598428.320,$GBGSV,2,2,08,13,66,317,48,23,61,346,49,25,60,115,45,28,50,259,48,1*77
1777598428.320,$GBGSV,1,1,02,09,16,171,41,10,65,157,49,3*76
1777598428.321,$GNGLL,1339.08897,N,10029.57928,E,012028.00,A,D*76
1777598429.300,$GNRMC,012029.00,A,1339.08897,N,10029.57928,E,0.016,,010526,0.53,W,R,V*4A
1777598429.301,$GNVTG,,T,,M,0.016,N,0.029,K,D*34
1777598429.303,$GNGGA,012029.00,1339.08897,N,10029.57928,E,4,12,0.65,-0.9,M,-27.8,M,1.0,0499*6D
1777598429.304,$GNGSA,A,3,01,07,14,17,06,22,30,19,,,,,1.37,0.65,1.21,1*0D
1777598429.304,$GNGSA,A,3,73,80,84,83,,,,,,,,,1.37,0.65,1.21,2*0D
1777598429.305,$GNGSA,A,3,08,15,03,02,30,25,34,36,,,,,1.37,0.65,1.21,3*0C
1777598429.305,$GNGSA,A,3,07,08,10,23,25,28,13,,,,,,1.37,0.65,1.21,4*00
1777598429.306,$GPGSV,3,1,11,03,23,103,19,06,35,211,40,07,52,172,46,14,43,353,44,1*69
1777598429.306,$GPGSV,3,2,11,17,44,320,38,19,31,282,40,22,33,339,43,30,70,253,47,1*62
1777598429.307,$GPGSV,3,3,11,40,36,256,39,41,64,233,44,42,70,217,46,1*5C
1777598429.308,$GPGSV,2,1,07,01,35,041,26,03,23,103,16,06,35,211,37,07,52,172,43,6*63
1777598429.308,$GPGSV,2,2,07,14,43,353,45,17,44,320,38,30,70,253,45,6*5F
1777598429.309,$GPGSV,1,1,03,02,06,036,,09,06,171,,50,56,115,,0*5C
1777598429.309,$GLGSV,2,1,05,73,36,350,46,79,17,128,21,80,56,077,49,83,61,354,48,1*7F
1777598429.310,$GLGSV,2,2,05,84,50,235,44,1*40
1777598429.310,$GLGSV,2,1,06,73,36,350,48,79,17,128,24,80,56,077,48,82,12,023,20,3*7C
1777598429.311,$GLGSV,2,2,06,83,61,354,48,84,50,235,49,3*7E
1777598429.311,$GLGSV,1,1,01,85,07,217,,0*46
1777598429.312,$GAGSV,3,1,09,02,45,013,51,03,20,195,40,08,23,250,36,15,17,206,43,2*7A
1777598429.312,$GAGSV,3,2,09,18,42,294,47,25,29,081,27,30,17,320,39,34,67,179,51,2*7E
1777598429.313,$GAGSV,3,3,09,36,51,049,51,2*47
1777598429.313,$GAGSV,3,1,09,02,45,013,46,03,20,195,36,08,23,250,27,15,17,206,37,7*7B
1777598429.314,$GAGSV,3,2,09,18,42,294,42,25,29,081,25,30,17,320,35,34,67,179,45,7*75
1777598429.314,$GAGSV,3,3,09,36,51,049,43,7*41
1777598429.315,$GAGSV,1,1,03,07,04,296,,11,05,035,,32,26,223,,0*4C
1777598429.315,$GBGSV,2,1,08,06,,,37,07,54,159,46,08,46,005,42,10,65,157,47,1*4D
1777598429.316,$GBGSV,2,2,08,13,66,317,48,23,61,346,49,25,59,116,45,28,50,259,48,1*7E
1777598429.316,$GBGSV,1,1,02,09,16,171,40,10,65,157,49,3*77
1777598429.317,$GNGLL,1339.08897,N,10029.57928,E,012029.00,A,D*77
1777598430.303,$GNRMC,012030.00,A,1339.08897,N,10029.57928,E,0.009,,010526,0.53,W,R,V*4C
1777598430.304,$GNVTG,,T,,M,0.009,N,0.016,K,D*36
1777598430.306,$GNGGA,012030.00,1339.08897,N,10029.57928,E,4,12,0.65,-0.9,M,-27.8,M,1.0,0499*65
1777598430.307,$GNGSA,A,3,01,07,14,17,06,22,30,19,,,,,1.37,0.65,1.21,1*0D
1777598430.307,$GNGSA,A,3,73,80,84,83,,,,,,,,,1.37,0.65,1.21,2*0D
1777598430.308,$GNGSA,A,3,08,15,03,02,30,25,34,36,,,,,1.37,0.65,1.21,3*0C
1777598430.308,$GNGSA,A,3,07,08,10,23,25,28,13,,,,,,1.37,0.65,1.21,4*00
1777598430.309,$GPGSV,3,1,11,03,23,103,17,06,35,211,40,07,52,172,46,14,43,353,44,1*67
1777598430.310,$GPGSV,3,2,11,17,44,320,38,19,31,282,40,22,33,339,43,30,70,253,47,1*62
1777598430.310,$GPGSV,3,3,11,40,36,256,39,41,64,233,44,42,70,217,46,1*5C
1777598430.311,$GPGSV,2,1,07,01,35,041,27,03,23,103,17,06,35,211,37,07,52,172,43,6*63
1777598430.312,$GPGSV,2,2,07,14,43,353,45,17,44,320,38,30,70,253,45,6*5F
1777598430.312,$GPGSV,1,1,03,02,06,036,,09,06,171,,50,56,115,,0*5C
1777598430.313,$GLGSV,2,1,05,73,36,350,45,79,17,128,22,80,56,077,49,83,61,354,48,1*7F
1777598430.313,$GLGSV,2,2,05,84,50,235,44,1*40
1777598430.314,$GLGSV,2,1,06,73,36,350,47,79,17,128,25,80,56,077,48,82,12,023,20,3*72
1777598430.314,$GLGSV,2,2,06,83,61,354,48,84,50,235,48,3*7F
1777598430.315,$GLGSV,1,1,01,85,07,217,,0*46
1777598430.315,$GAGSV,3,1,09,02,45,013,51,03,20,195,40,08,23,250,36,15,17,206,42,2*7B
1777598430.316,$GAGSV,3,2,09,18,42,294,47,25,29,081,27,30,17,320,39,34,67,179,51,2*7E
1777598430.316,$GAGSV,3,3,09,36,51,049,51,2*47
1777598430.317,$GAGSV,3,1,09,02,45,013,45,03,20,195,36,08,23,250,27,15,17,206,37,7*78
1777598430.318,$GAGSV,3,2,09,18,42,294,42,25,29,081,26,30,17,320,34,34,67,179,45,7*77
1777598430.318,$GAGSV,3,3,09,36,51,049,43,7*41
1777598430.319,$GAGSV,1,1,03,07,04,296,,11,05,035,,32,26,223,,0*4C
1777598430.319,$GBGSV,2,1,08,06,,,38,07,54,159,46,08,46,005,42,10,65,157,47,1*42
1777598430.320,$GBGSV,2,2,08,13,66,317,48,23,61,346,49,25,59,116,45,28,51,260,47,1*7A
1777598430.320,$GBGSV,1,1,02,09,16,171,40,10,65,157,49,3*77
1777598430.321,$GNGLL,1339.08897,N,10029.57928,E,012030.00,A,D*7F
1777598431.300,$GNRMC,012031.00,A,1339.08898,N,10029.57928,E,0.008,,010526,0.53,W,R,V*43
1777598431.301,$GNVTG,,T,,M,0.008,N,0.016,K,D*37
1777598431.302,$GNGGA,012031.00,1339.08898,N,10029.57928,E,4,12,0.65,-0.9,M,-27.8,M,1.0,0499*6B
1777598431.303,$GNGSA,A,3,01,07,14,17,06,22,30,19,,,,,1.37,0.65,1.21,1*0D
1777598431.303,$GNGSA,A,3,73,80,84,83,,,,,,,,,1.37,0.65,1.21,2*0D
1777598431.304,$GNGSA,A,3,08,15,03,02,30,25,34,36,,,,,1.37,0.65,1.21,3*0C
1777598431.304,$GNGSA,A,3,07,08,10,23,25,28,13,,,,,,1.37,0.65,1.21,4*00
1777598431.305,$GPGSV,3,1,12,01,35,041,18,03,23,103,18,06,35,211,40,07,52,172,46,1*67
1777598431.306,$GPGSV,3,2,12,14,43,353,44,17,44,320,38,19,31,282,40,22,33,339,43,1*65
1777598431.306,$GPGSV,3,3,12,30,70,253,47,40,36,256,39,41,64,233,44,42,70,217,46,1*6C
1777598431.307,$GPGSV,2,1,07,01,35,041,27,03,23,103,18,06,35,211,37,07,52,172,43,6*6C
1777598431.307,$GPGSV,2,2,07,14,43,353,45,17,44,320,39,30,70,253,45,6*5E
1777598431.308,$GPGSV,1,1,03,02,06,036,,09,06,171,,50,56,115,,0*5C
1777598431.309,$GLGSV,2,1,05,73,36,350,46,79,17,128,22,80,56,077,49,83,61,354,48,1*7C
1777598431.309,$GLGSV,2,2,05,84,50,235,44,1*40
1777598431.310,$GLGSV,2,1,06,73,36,350,47,79,17,128,25,80,56,077,48,82,12,023,20,3*72
1777598431.310,$GLGSV,2,2,06,83,61,354,48,84,50,235,49,3*7E
1777598431.310,$GLGSV,1,1,01,85,07,217,,0*46
1777598431.311,$GAGSV,3,1,09,02,45,013,50,03,20,195,40,08,23,250,37,15,17,206,43,2*7A
1777598431.312,$GAGSV,3,2,09,18,42,294,47,25,29,081,26,30,17,320,39,34,67,179,50,2*7E
1777598431.312,$GAGSV,3,3,09,36,51,049,51,2*47
1777598431.313,$GAGSV,3,1,09,02,45,013,46,03,20,195,36,08,23,250,27,15,17,206,37,7*7B
1777598431.313,$GAGSV,3,2,09,18,42,294,42,25,29,081,26,30,17,320,33,34,67,179,45,7*70
1777598431.314,$GAGSV,3,3,09,36,51,049,43,7*41
1777598431.314,$GAGSV,1,1,03,07,04,296,,11,05,035,,32,26,223,,0*4C
1777598431.314,$GBGSV,2,1,08,06,,,38,07,54,159,46,08,46,005,42,10,65,157,47,1*42
1777598431.315,$GBGSV,2,2,08,13,66,317,48,23,61,346,49,25,59,116,45,28,51,260,47,1*7A
1777598431.315,$GBGSV,1,1,02,09,16,171,42,10,65,157,49,3*75
1777598431.316,$GNGLL,1339.08898,N,10029.57928,E,012031.00,A,D*71
1777598432.301,$GNRMC,012032.00,A,1339.08898,N,10029.57928,E,0.004,,010526,0.53,W,R,V*4C
1777598432.302,$GNVTG,,T,,M,0.004,N,0.007,K,D*3B
1777598432.304,$GNGGA,012032.00,1339.08898,N,10029.57928,E,4,12,0.65,-0.9,M,-27.8,M,1.0,0499*68
1777598432.305,$GNGSA,A,3,01,07,14,17,06,22,30,03,19,,,,1.37,0.65,1.21,1*0E
1777598432.306,$GNGSA,A,3,73,80,84,83,,,,,,,,,1.37,0.65,1.21,2*0D
1777598432.306,$GNGSA,A,3,08,15,03,02,30,25,34,36,,,,,1.37,0.65,1.21,3*0C
1777598432.306,$GNGSA,A,3,07,08,10,23,25,28,13,,,,,,1.37,0.65,1.21,4*00
1777598432.307,$GPGSV,3,1,12,01,35,041,16,03,23,103,19,06,35,211,40,07,52,172,46,1*68
1777598432.308,$GPGSV,3,2,12,14,43,353,44,17,44,320,37,19,31,282,40,22,33,339,43,1*6A
1777598432.309,$GPGSV,3,3,12,30,70,253,47,40,36,256,39,41,64,233,44,42,70,217,46,1*6C
1777598432.310,$GPGSV,2,1,07,01,35,041,28,03,23,103,20,06,35,211,38,07,52,172,43,6*67
1777598432.311,$GPGSV,2,2,07,14,43,353,45,17,44,320,39,30,70,253,45,6*5E
1777598432.311,$GPGSV,1,1,03,02,06,036,,09,06,171,,50,56,115,,0*5C
1777598432.312,$GLGSV,2,1,05,73,36,350,45,79,17,128,23,80,56,077,49,83,61,354,48,1*7E
1777598432.313,$GLGSV,2,2,05,84,50,235,44,1*40
1777598432.314,$GLGSV,2,1,06,73,36,350,47,79,17,128,25,80,56,077,48,82,12,023,21,3*73
1777598432.314,$GLGSV,2,2,06,83,61,354,48,84,50,235,49,3*7E
1777598432.314,$GLGSV,1,1,01,85,07,217,,0*46
1777598432.315,$GAGSV,3,1,09,02,45,013,51,03,20,195,40,08,23,250,37,15,17,206,43,2*7B
1777598432.316,$GAGSV,3,2,09,18,42,294,47,25,29,081,26,30,17,320,39,34,67,179,50,2*7E
1777598432.316,$GAGSV,3,3,09,36,51,049,51,2*47
1777598432.317,$GAGSV,3,1,09,02,45,013,46,03,20,195,36,08,23,250,27,15,17,206,37,7*7B
1777598432.318,$GAGSV,3,2,09,18,42,294,42,25,29,081,25,30,17,320,33,34,67,179,45,7*73
1777598432.318,$GAGSV,3,3,09,36,51,049,43,7*41
1777598432.319,$GAGSV,1,1,03,07,04,296,,11,05,035,,32,26,223,,0*4C
1777598432.320,$GBGSV,2,1,08,06,,,37,07,54,159,46,08,46,005,42,10,65,157,47,1*4D
1777598432.320,$GBGSV,2,2,08,13,66,317,48,23,61,346,49,25,59,116,45,28,51,260,47,1*7A
1777598432.321,$GBGSV,1,1,02,09,16,171,40,10,65,157,49,3*77
1777598432.321,$GNGLL,1339.08898,N,10029.57928,E,012032.00,A,D*72
1777598433.303,$GNRMC,012033.00,A,1339.08898,N,10029.57927,E,0.017,,010526,0.53,W,R,V*40
1777598433.304,$GNVTG,,T,,M,0.017,N,0.031,K,D*3C
1777598433.306,$GNGGA,012033.00,1339.08898,N,10029.57927,E,4,12,0.65,-0.9,M,-27.8,M,1.0,0499*66
1777598433.307,$GNGSA,A,3,01,07,14,17,06,22,30,03,19,,,,1.37,0.65,1.21,1*0E
1777598433.307,$GNGSA,A,3,73,80,84,83,,,,,,,,,1.37,0.65,1.21,2*0D
1777598433.308,$GNGSA,A,3,08,15,03,02,30,25,34,36,,,,,1.37,0.65,1.21,3*0C
1777598433.308,$GNGSA,A,3,07,08,10,23,25,28,13,,,,,,1.37,0.65,1.21,4*00
1777598433.309,$GPGSV,3,1,12,01,35,041,12,03,23,103,19,06,35,211,40,07,52,172,47,1*6D
1777598433.310,$GPGSV,3,2,12,14,43,353,44,17,44,320,37,19,31,282,40,22,33,339,43,1*6A
1777598433.310,$GPGSV,3,3,12,30,70,253,47,40,36,256,39,41,64,233,44,42,70,217,46,1*6C
1777598433.311,$GPGSV,2,1,07,01,35,041,28,03,23,103,20,06,35,211,37,07,52,172,43,6*68
1777598433.311,$GPGSV,2,2,07,14,43,353,45,17,44,320,39,30,70,253,45,6*5E
1777598433.312,$GPGSV,1,1,03,02,06,036,,09,06,171,,50,56,115,,0*5C
1777598433.313,$GLGSV,2,1,05,73,36,350,46,79,17,128,21,80,56,077,49,83,61,354,48,1*7F
1777598433.313,$GLGSV,2,2,05,84,50,235,44,1*40
1777598433.314,$GLGSV,2,1,06,73,36,350,47,79,17,128,25,80,56,077,48,82,12,023,21,3*73
1777598433.314,$GLGSV,2,2,06,83,61,354,48,84,50,235,49,3*7E
1777598433.314,$GLGSV,1,1,01,85,07,217,,0*46
1777598433.315,$GAGSV,3,1,09,02,45,013,51,03,20,195,40,08,23,250,37,15,17,206,43,2*7B
1777598433.316,$GAGSV,3,2,09,18,42,294,47,25,29,081,26,30,17,320,39,34,67,179,50,2*7E
1777598433.316,$GAGSV,3,3,09,36,51,049,51,2*47
1777598433.317,$GAGSV,3,1,09,02,45,013,46,03,20,195,36,08,23,250,27,15,17,206,38,7*74
1777598433.317,$GAGSV,3,2,09,18,42,294,42,25,29,081,25,30,17,320,33,34,67,179,45,7*73
1777598433.318,$GAGSV,3,3,09,36,51,049,43,7*41
1777598433.318,$GAGSV,1,1,03,07,04,296,,11,05,035,,32,26,223,,0*4C
1777598433.319,$GBGSV,2,1,08,06,,,37,07,54,159,46,08,46,005,42,10,65,157,47,1*4D
1777598433.320,$GBGSV,2,2,08,13,66,317,48,23,61,346,49,25,59,116,45,28,51,260,47,1*7A
1777598433.320,$GBGSV,1,1,02,09,16,171,40,10,65,157,49,3*77
1777598433.320,$GNGLL,1339.08898,N,10029.57927,E,012033.00,A,D*7C
1777598434.305,$GNRMC,012034.00,A,1339.08898,N,10029.57927,E,0.013,,010526,0.53,W,R,V*43
1777598434.306,$GNVTG,,T,,M,0.013,N,0.023,K,D*3B
1777598434.308,$GNGGA,012034.00,1339.08898,N,10029.57927,E,4,12,0.61,-0.9,M,-27.8,M,1.0,0499*65
1777598434.309,$GNGSA,A,3,01,07,14,17,06,22,30,19,,,,,1.28,0.61,1.12,1*07
1777598434.309,$GNGSA,A,3,73,80,84,83,,,,,,,,,1.28,0.61,1.12,2*07
1777598434.310,$GNGSA,A,3,08,15,03,02,30,25,34,36,,,,,1.28,0.61,1.12,3*06
1777598434.310,$GNGSA,A,3,07,08,10,23,25,28,13,06,,,,,1.28,0.61,1.12,4*0C
1777598434.311,$GPGSV,3,1,12,01,35,041,09,03,23,103,20,06,35,211,40,07,52,172,47,1*6D
1777598434.312,$GPGSV,3,2,12,14,43,353,44,17,44,320,37,19,31,282,40,22,33,339,43,1*6A
1777598434.312,$GPGSV,3,3,12,30,70,253,47,40,36,256,38,41,64,233,44,42,70,217,46,1*6D
1777598434.313,$GPGSV,2,1,07,01,35,041,28,03,23,103,21,06,35,211,37,07,52,172,43,6*69
1777598434.314,$GPGSV,2,2,07,14,43,353,45,17,44,320,39,30,70,253,45,6*5E
1777598434.314,$GPGSV,1,1,03,02,06,036,,09,06,171,,50,56,115,,0*5C
1777598434.315,$GLGSV,2,1,05,73,36,350,46,79,17,128,20,80,56,077,49,83,61,354,48,1*7E
1777598434.315,$GLGSV,2,2,05,84,50,235,44,1*40
1777598434.316,$GLGSV,2,1,06,73,36,350,47,79,17,128,25,80,56,077,48,82,12,023,21,3*73
1777598434.316,$GLGSV,2,2,06,83,61,354,48,84,50,235,49,3*7E
1777598434.317,$GLGSV,1,1,01,85,07,217,,0*46
1777598434.317,$GAGSV,3,1,09,02,45,013,51,03,20,195,40,08,23,250,37,15,17,206,43,2*7B
1777598434.318,$GAGSV,3,2,09,18,42,294,47,25,29,081,26,30,17,320,38,34,67,179,50,2*7F
1777598434.318,$GAGSV,3,3,09,36,51,049,51,2*47
1777598434.319,$GAGSV,3,1,09,02,45,013,46,03,20,195,36,08,23,250,29,15,17,206,38,7*7A
1777598434.320,$GAGSV,3,2,09,18,42,294,42,25,29,081,25,30,17,320,33,34,67,179,45,7*73
1777598434.320,$GAGSV,3,3,09,36,51,049,43,7*41
1777598434.321,$GAGSV,1,1,03,07,04,296,,11,05,035,,32,26,223,,0*4C
1777598434.321,$GBGSV,2,1,08,06,24,148,37,07,54,159,46,08,46,005,42,10,65,157,47,1*76
1777598434.322,$GBGSV,2,2,08,13,66,317,48,23,61,346,49,25,59,116,45,28,51,260,47,1*7A
1777598434.322,$GBGSV,1,1,02,09,16,171,40,10,65,157,49,3*77
1777598434.323,$GNGLL,1339.08898,N,10029.57927,E,012034.00,A,D*7B
1777598435.301,$GNRMC,012035.00,A,1339.08898,N,10029.57927,E,0.013,,010526,0.53,W,R,V*42
1777598435.302,$GNVTG,,T,,M,0.013,N,0.025,K,D*3D
1777598435.304,$GNGGA,012035.00,1339.08898,N,10029.57927,E,4,12,0.61,-0.9,M,-27.8,M,1.0,0499*64
1777598435.305,$GNGSA,A,3,01,07,14,17,06,22,30,19,,,,,1.28,0.61,1.12,1*07
1777598435.306,$GNGSA,A,3,73,80,84,83,,,,,,,,,1.28,0.61,1.12,2*07
1777598435.306,$GNGSA,A,3,08,15,03,02,30,25,34,36,,,,,1.28,0.61,1.12,3*06
1777598435.306,$GNGSA,A,3,07,08,10,23,25,28,13,06,,,,,1.28,0.61,1.12,4*0C
1777598435.307,$GPGSV,3,1,12,01,35,041,08,03,23,103,19,06,35,211,40,07,52,172,47,1*66
1777598435.308,$GPGSV,3,2,12,14,43,353,44,17,44,320,37,19,31,282,41,22,33,339,43,1*6B
1777598435.308,$GPGSV,3,3,12,30,70,253,47,40,36,256,39,41,64,233,44,42,70,217,46,1*6C
1777598435.309,$GPGSV,2,1,07,01,35,041,29,03,23,103,21,06,35,211,37,07,52,172,43,6*68
1777598435.310,$GPGSV,2,2,07,14,43,353,45,17,44,320,39,30,70,253,45,6*5E
1777598435.310,$GPGSV,1,1,03,02,06,036,,09,06,171,,50,56,115,,0*5C
1777598435.311,$GLGSV,2,1,05,73,36,350,46,79,17,128,19,80,56,077,48,83,61,354,48,1*75
1777598435.311,$GLGSV,2,2,05,84,50,235,43,1*47
1777598435.312,$GLGSV,2,1,06,73,36,350,47,79,17,128,25,80,56,077,48,82,12,023,21,3*73
1777598435.313,$GLGSV,2,2,06,83,61,354,48,84,50,235,49,3*7E
1777598435.313,$GLGSV,1,1,01,85,07,217,,0*46
1777598435.314,$GAGSV,3,1,09,02,45,013,50,03,20,195,40,08,23,250,37,15,17,206,43,2*7A
1777598435.314,$GAGSV,3,2,09,18,42,294,47,25,29,081,25,30,17,320,39,34,67,179,51,2*7C
1777598435.315,$GAGSV,3,3,09,36,51,049,51,2*47
1777598435.315,$GAGSV,3,1,09,02,45,013,46,03,20,195,36,08,23,250,29,15,17,206,38,7*7A
1777598435.316,$GAGSV,3,2,09,18,42,294,42,25,29,081,25,30,17,320,32,34,67,179,45,7*72
1777598435.316,$GAGSV,3,3,09,36,51,049,43,7*41
1777598435.317,$GAGSV,1,1,03,07,04,296,,11,05,035,,32,26,223,,0*4C
1777598435.317,$GBGSV,2,1,08,06,24,148,38,07,54,159,46,08,46,005,42,10,65,157,47,1*79
1777598435.318,$GBGSV,2,2,08,13,66,317,48,23,61,346,49,25,59,116,45,28,51,260,47,1*7A
1777598435.318,$GBGSV,1,1,02,09,16,171,40,10,65,157,49,3*77
1777598435.319,$GNGLL,1339.08898,N,10029.57927,E,012035.00,A,D*7A
1777598436.304,$GNRMC,012036.00,A,1339.08898,N,10029.57927,E,0.016,,010526,0.53,W,R,V*44
1777598436.305,$GNVTG,,T,,M,0.016,N,0.030,K,D*3C
1777598436.307,$GNGGA,012036.00,1339.08898,N,10029.57927,E,4,12,0.61,-0.9,M,-27.8,M,1.0,0499*67
1777598436.308,$GNGSA,A,3,01,07,14,17,06,22,30,19,,,,,1.28,0.61,1.12,1*07
1777598436.308,$GNGSA,A,3,73,80,84,83,,,,,,,,,1.28,0.61,1.12,2*07
1777598436.309,$GNGSA,A,3,08,15,03,02,30,25,34,36,,,,,1.28,0.61,1.12,3*06
1777598436.309,$GNGSA,A,3,07,08,10,23,25,28,13,06,,,,,1.28,0.61,1.12,4*0C
1777598436.310,$GPGSV,3,1,12,01,35,041,08,03,23,103,20,06,35,211,40,07,52,172,47,1*6C
1777598436.311,$GPGSV,3,2,12,14,43,353,45,17,44,320,36,19,31,282,41,22,33,339,42,1*6A
1777598436.311,$GPGSV,3,3,12,30,70,253,47,40,36,256,39,41,64,233,44,42,70,217,46,1*6C
1777598436.312,$GPGSV,2,1,07,01,35,041,29,03,23,103,22,06,35,211,37,07,52,172,43,6*6B
1777598436.312,$GPGSV,2,2,07,14,43,353,45,17,44,320,40,30,70,253,45,6*50
1777598436.313,$GPGSV,1,1,03,02,06,036,,09,06,171,,50,56,115,,0*5C
1777598436.314,$GLGSV,2,1,05,73,36,350,46,79,17,128,16,80,56,077,49,83,61,354,48,1*7B
1777598436.314,$GLGSV,2,2,05,84,50,235,43,1*47
1777598436.315,$GLGSV,2,1,06,73,36,350,47,79,17,128,25,80,56,077,48,82,12,023,21,3*73
1777598436.315,$GLGSV,2,2,06,83,61,354,48,84,50,235,49,3*7E
1777598436.315,$GLGSV,1,1,01,85,07,217,,0*46
1777598436.316,$GAGSV,3,1,09,02,45,013,50,03,20,195,40,08,23,250,37,15,17,206,43,2*7A
1777598436.317,$GAGSV,3,2,09,18,42,294,47,25,29,081,25,30,17,320,38,34,67,179,51,2*7D
1777598436.317,$GAGSV,3,3,09,36,51,049,51,2*47
1777598436.318,$GAGSV,3,1,09,02,45,013,46,03,20,195,36,08,23,250,28,15,17,206,38,7*7B
1777598436.319,$GAGSV,3,2,09,18,42,294,41,25,29,081,25,30,17,320,33,34,67,179,46,7*73
1777598436.319,$GAGSV,3,3,09,36,51,049,43,7*41
1777598436.320,$GAGSV,1,1,03,07,04,296,,11,05,035,,32,26,223,,0*4C
1777598436.320,$GBGSV,2,1,08,06,24,148,37,07,54,159,46,08,46,005,42,10,65,157,47,1*76
1777598436.321,$GBGSV,2,2,08,13,66,317,48,23,61,346,50,25,59,116,45,28,51,260,47,1*72
1777598436.321,$GBGSV,1,1,02,09,16,171,41,10,65,157,49,3*76
1777598436.322,$GNGLL,1339.08898,N,10029.57927,E,012036.00,A,D*79
1777598437.305,$GNRMC,012037.00,A,1339.08898,N,10029.57927,E,0.014,,010526,0.53,W,R,V*47
1777598437.306,$GNVTG,,T,,M,0.014,N,0.027,K,D*38
1777598437.306,$GNGGA,012037.00,1339.08898,N,10029.57927,E,4,12,0.61,-0.9,M,-27.8,M,1.0,0499*66
1777598437.307,$GNGSA,A,3,01,07,14,17,06,22,30,19,,,,,1.28,0.61,1.12,1*07
1777598437.307,$GNGSA,A,3,73,80,84,83,,,,,,,,,1.28,0.61,1.12,2*07
1777598437.308,$GNGSA,A,3,08,15,03,02,30,25,34,36,,,,,1.28,0.61,1.12,3*06
1777598437.308,$GNGSA,A,3,07,08,10,23,25,28,13,06,,,,,1.28,0.61,1.12,4*0C
1777598437.309,$GPGSV,3,1,12,01,35,041,08,03,23,103,20,06,35,211,40,07,52,172,47,1*6C
1777598437.310,$GPGSV,3,2,12,14,43,353,44,17,44,320,35,19,31,282,41,22,33,339,42,1*68
1777598437.310,$GPGSV,3,3,12,30,70,253,47,40,36,256,39,41,64,233,44,42,70,217,46,1*6C
1777598437.311,$GPGSV,2,1,07,01,35,041,29,03,23,103,22,06,35,211,37,07,52,172,43,6*6B
1777598437.311,$GPGSV,2,2,07,14,43,353,45,17,44,320,40,30,70,253,45,6*50
1777598437.312,$GPGSV,1,1,03,02,06,036,,09,06,171,,50,56,115,,0*5C
1777598437.312,$GLGSV,2,1,05,73,36,350,46,79,17,128,15,80,56,077,48,83,61,354,47,1*76
1777598437.313,$GLGSV,2,2,05,84,50,235,43,1*47
1777598437.313,$GLGSV,2,1,06,73,36,350,47,79,17,128,25,80,56,077,48,82,12,023,20,3*72
1777598437.314,$GLGSV,2,2,06,83,61,354,48,84,50,235,49,3*7E
1777598437.314,$GLGSV,1,1,01,85,07,217,,0*46
1777598437.315,$GAGSV,3,1,09,02,45,013,50,03,20,195,40,08,23,250,37,15,17,206,43,2*7A
1777598437.316,$GAGSV,3,2,09,18,42,294,47,25,29,081,25,30,17,320,37,34,67,179,51,2*72
1777598437.316,$GAGSV,3,3,09,36,51,049,51,2*47
1777598437.317,$GAGSV,3,1,09,02,45,013,46,03,20,195,37,08,23,250,29,15,17,206,37,7*74
1777598437.317,$GAGSV,3,2,09,18,42,294,41,25,29,081,25,30,17,320,33,34,67,179,45,7*70
1777598437.318,$GAGSV,3,3,09,36,51,049,43,7*41
1777598437.318,$GAGSV,1,1,03,07,04,296,,11,05,035,,32,26,223,,0*4C
1777598437.319,$GBGSV,2,1,08,06,24,148,38,07,54,159,46,08,46,005,42,10,65,157,47,1*79
1777598437.320,$GBGSV,2,2,08,13,66,317,48,23,61,346,50,25,59,116,45,28,51,260,47,1*72
1777598437.320,$GBGSV,1,1,02,09,16,171,39,10,65,157,49,3*79
1777598437.321,$GNGLL,1339.08898,N,10029.57927,E,012037.00,A,D*78
1777598438.300,$GNRMC,012038.00,A,1339.08898,N,10029.57927,E,0.012,,010526,0.53,W,R,V*4E
1777598438.301,$GNVTG,,T,,M,0.012,N,0.022,K,D*3B
1777598438.303,$GNGGA,012038.00,1339.08898,N,10029.57927,E,4,12,0.61,-0.9,M,-27.8,M,1.0,0499*69
1777598438.304,$GNGSA,A,3,01,07,14,17,06,22,30,19,,,,,1.28,0.61,1.12,1*07
1777598438.304,$GNGSA,A,3,73,80,84,83,,,,,,,,,1.28,0.61,1.12,2*07
1777598438.305,$GNGSA,A,3,08,15,03,02,30,25,34,36,,,,,1.28,0.61,1.12,3*06
1777598438.305,$GNGSA,A,3,07,08,10,23,25,28,13,06,,,,,1.28,0.61,1.12,4*0C
1777598438.306,$GPGSV,3,1,12,01,35,041,09,03,23,103,20,06,35,211,40,07,52,172,47,1*6D
1777598438.307,$GPGSV,3,2,12,14,43,353,45,17,44,320,36,19,31,282,41,22,33,339,42,1*6A
1777598438.307,$GPGSV,3,3,12,30,70,253,47,40,36,256,39,41,64,233,44,42,70,217,46,1*6C
1777598438.308,$GPGSV,2,1,07,01,35,041,30,03,23,103,22,06,35,211,37,07,52,172,43,6*63
1777598438.308,$GPGSV,2,2,07,14,43,353,45,17,44,320,40,30,70,253,45,6*50
1777598438.309,$GPGSV,1,1,03,02,06,036,,09,06,171,,50,56,115,,0*5C
1777598438.310,$GLGSV,2,1,05,73,36,350,46,79,17,128,13,80,56,077,48,83,61,354,47,1*70
1777598438.310,$GLGSV,2,2,05,84,50,235,43,1*47
1777598438.311,$GLGSV,2,1,06,73,36,350,46,79,17,128,25,80,56,077,48,82,12,023,20,3*73
1777598438.311,$GLGSV,2,2,06,83,61,354,48,84,50,235,49,3*7E
1777598438.312,$GLGSV,1,1,01,85,07,217,,0*46
1777598438.312,$GAGSV,3,1,09,02,45,013,50,03,20,195,40,08,23,250,37,15,17,206,43,2*7A
1777598438.313,$GAGSV,3,2,09,18,42,294,47,25,29,081,25,30,17,320,39,34,67,179,50,2*7D
1777598438.314,$GAGSV,3,3,09,36,51,049,51,2*47
1777598438.314,$GAGSV,3,1,09,02,45,013,46,03,20,195,37,08,23,250,29,15,17,206,37,7*74
1777598438.315,$GAGSV,3,2,09,18,42,294,41,25,29,081,25,30,17,320,32,34,67,179,46,7*72
1777598438.315,$GAGSV,3,3,09,36,51,049,43,7*41
1777598438.316,$GAGSV,1,1,03,07,04,296,,11,05,035,,32,26,223,,0*4C
1777598438.316,$GBGSV,2,1,08,06,24,148,38,07,54,159,46,08,46,005,42,10,65,157,47,1*79
1777598438.317,$GBGSV,2,2,08,13,66,317,48,23,61,346,50,25,59,116,45,28,51,260,47,1*72
1777598438.317,$GBGSV,1,1,02,09,16,171,40,10,65,157,49,3*77
1777598438.318,$GNGLL,1339.08898,N,10029.57927,E,012038.00,A,D*77
1777598439.300,$GNRMC,012039.00,A,1339.08898,N,10029.57927,E,0.010,,010526,0.53,W,R,V*4D
1777598439.301,$GNVTG,,T,,M,0.010,N,0.018,K,D*30
1777598439.303,$GNGGA,012039.00,1339.08898,N,10029.57927,E,4,12,0.61,-0.9,M,-27.8,M,1.0,0499*68
1777598439.304,$GNGSA,A,3,01,07,14,17,06,22,30,19,,,,,1.28,0.61,1.12,1*07
1777598439.304,$GNGSA,A,3,73,80,84,83,,,,,,,,,1.28,0.61,1.12,2*07
1777598439.305,$GNGSA,A,3,08,15,03,02,30,25,34,36,,,,,1.28,0.61,1.12,3*06
1777598439.305,$GNGSA,A,3,07,08,10,23,25,28,13,06,,,,,1.28,0.61,1.12,4*0C
1777598439.306,$GPGSV,3,1,12,01,35,041,11,03,23,103,19,06,35,211,40,07,52,172,46,1*6F
1777598439.307,$GPGSV,3,2,12,14,43,353,45,17,44,320,35,19,31,282,41,22,33,339,42,1*69
1777598439.307,$GPGSV,3,3,12,30,70,253,48,40,36,256,40,41,64,233,44,42,70,217,46,1*6D
1777598439.308,$GPGSV,2,1,07,01,35,041,29,03,23,103,22,06,35,211,38,07,52,172,43,6*64
1777598439.308,$GPGSV,2,2,07,14,43,353,45,17,44,320,40,30,70,253,45,6*50
1777598439.309,$GPGSV,1,1,03,02,06,036,,09,06,171,,50,56,115,,0*5C
1777598439.310,$GLGSV,2,1,05,73,36,350,45,79,17,128,13,80,56,077,48,83,61,354,48,1*7C
1777598439.310,$GLGSV,2,2,05,84,50,235,43,1*47
1777598439.311,$GLGSV,2,1,06,73,36,350,47,79,17,128,25,80,56,077,48,82,12,023,20,3*72
1777598439.311,$GLGSV,2,2,06,83,61,354,48,84,50,235,49,3*7E
1777598439.311,$GLGSV,1,1,01,85,07,217,,0*46
1777598439.312,$GAGSV,3,1,09,02,45,013,50,03,20,195,40,08,23,250,37,15,17,206,43,2*7A
1777598439.312,$GAGSV,3,2,09,18,42,294,47,25,29,081,25,30,17,320,37,34,67,179,51,2*72
1777598439.313,$GAGSV,3,3,09,36,51,049,51,2*47
1777598439.313,$GAGSV,3,1,09,02,45,013,46,03,20,195,37,08,23,250,28,15,17,206,38,7*7A
1777598439.314,$GAGSV,3,2,09,18,42,294,41,25,29,081,25,30,17,320,32,34,67,179,46,7*72
1777598439.314,$GAGSV,3,3,09,36,51,049,43,7*41
1777598439.315,$GAGSV,1,1,03,07,04,296,,11,05,035,,32,26,223,,0*4C
1777598439.315,$GBGSV,2,1,08,06,24,148,38,07,54,159,46,08,46,005,42,10,65,157,47,1*79
1777598439.316,$GBGSV,2,2,08,13,66,317,48,23,61,346,49,25,59,116,45,28,51,260,48,1*75
1777598439.316,$GBGSV,1,1,02,09,16,171,40,10,65,157,49,3*77
1777598439.317,$GNGLL,1339.08898,N,10029.57927,E,012039.00,A,D*76
1777598440.297,$GNRMC,012040.00,A,1339.08898,N,10029.57927,E,0.013,,010526,0.53,W,R,V*40
1777598440.298,$GNVTG,,T,,M,0.013,N,0.025,K,D*3D
1777598440.300,$GNGGA,012040.00,1339.08898,N,10029.57927,E,4,12,0.61,-0.9,M,-27.8,M,1.0,0499*66
1777598440.301,$GNGSA,A,3,01,07,14,17,06,22,30,19,,,,,1.28,0.61,1.12,1*07
1777598440.301,$GNGSA,A,3,73,80,84,83,,,,,,,,,1.28,0.61,1.12,2*07
1777598440.302,$GNGSA,A,3,08,15,03,02,30,25,34,36,,,,,1.28,0.61,1.12,3*06
1777598440.302,$GNGSA,A,3,07,08,10,23,25,28,13,06,,,,,1.28,0.61,1.12,4*0C
1777598440.303,$GPGSV,3,1,12,01,35,041,08,03,23,103,17,06,35,211,40,07,52,172,46,1*69
1777598440.303,$GPGSV,3,2,12,14,43,353,45,17,44,320,35,19,31,282,40,22,33,339,42,1*68
1777598440.304,$GPGSV,3,3,12,30,70,253,48,40,36,256,39,41,64,233,44,42,70,217,46,1*63
1777598440.305,$GPGSV,2,1,07,01,35,041,29,03,23,103,22,06,35,211,38,07,52,172,43,6*64
1777598440.305,$GPGSV,2,2,07,14,43,353,45,17,44,320,40,30,70,253,45,6*50
1777598440.306,$GPGSV,1,1,03,02,06,036,,09,06,171,,50,56,115,,0*5C
1777598440.306,$GLGSV,2,1,05,73,36,350,45,79,17,128,13,80,56,077,48,83,61,354,48,1*7C
1777598440.307,$GLGSV,2,2,05,84,50,235,42,1*46
1777598440.307,$GLGSV,2,1,06,73,36,350,47,79,17,128,25,80,56,077,48,82,12,023,21,3*73
1777598440.308,$GLGSV,2,2,06,83,61,354,48,84,50,235,49,3*7E
1777598440.308,$GLGSV,1,1,01,85,07,217,,0*46
1777598440.309,$GAGSV,3,1,09,02,45,013,50,03,20,195,40,08,23,250,37,15,17,206,42,2*7B
1777598440.309,$GAGSV,3,2,09,18,42,294,47,25,29,081,24,30,17,320,37,34,67,179,50,2*72
1777598440.310,$GAGSV,3,3,09,36,51,049,51,2*47
1777598440.310,$GAGSV,2,1,08,02,45,013,46,03,20,195,37,15,17,206,38,18,42,294,41,7*7B
1777598440.311,$GAGSV,2,2,08,25,29,081,25,30,17,320,32,34,67,179,46,36,51,049,43,7*7C
1777598440.311,$GAGSV,1,1,03,07,04,296,,11,05,035,,32,26,223,,0*4C
1777598440.312,$GBGSV,2,1,08,06,24,148,38,07,54,159,46,08,46,005,42,10,65,157,47,1*79
1777598440.312,$GBGSV,2,2,08,13,66,317,48,23,61,346,49,25,59,116,45,28,51,260,48,1*75
1777598440.313,$GBGSV,1,1,02,09,16,171,40,10,65,157,49,3*77
1777598440.313,$GNGLL,1339.08898,N,10029.57927,E,012040.00,A,D*78
1777598441.300,$GNRMC,012041.00,A,1339.08898,N,10029.57926,E,0.009,,010526,0.53,W,R,V*4B
1777598441.301,$GNVTG,,T,,M,0.009,N,0.016,K,D*36
1777598441.303,$GNGGA,012041.00,1339.08898,N,10029.57926,E,4,12,0.61,-0.9,M,-27.8,M,1.0,0499*66
1777598441.304,$GNGSA,A,3,01,07,14,17,06,22,30,19,,,,,1.28,0.61,1.12,1*07
1777598441.304,$GNGSA,A,3,73,80,84,83,,,,,,,,,1.28,0.61,1.12,2*07
1777598441.305,$GNGSA,A,3,08,15,03,02,30,25,34,36,,,,,1.28,0.61,1.12,3*06
1777598441.305,$GNGSA,A,3,07,08,10,23,25,28,13,06,,,,,1.28,0.61,1.12,4*0C
1777598441.306,$GPGSV,3,1,12,01,35,041,07,03,23,103,13,06,35,211,40,07,52,172,46,1*62
1777598441.306,$GPGSV,3,2,12,14,43,353,44,17,44,320,35,19,31,282,40,22,33,339,42,1*69
1777598441.307,$GPGSV,3,3,12,30,70,253,48,40,36,256,39,41,64,233,44,42,70,217,46,1*63
1777598441.308,$GPGSV,2,1,07,01,35,041,29,03,23,103,21,06,35,211,37,07,52,172,43,6*68
1777598441.308,$GPGSV,2,2,07,14,43,353,45,17,44,320,40,30,70,253,45,6*50
1777598441.309,$GPGSV,1,1,03,02,06,036,,09,06,171,,50,56,115,,0*5C
1777598441.310,$GLGSV,2,1,05,73,36,350,45,79,17,128,14,80,56,077,48,83,61,354,47,1*74
1777598441.310,$GLGSV,2,2,05,84,50,235,42,1*46
1777598441.311,$GLGSV,2,1,06,73,36,350,47,79,17,128,25,80,56,077,48,82,12,023,21,3*73
1777598441.311,$GLGSV,2,2,06,83,61,354,48,84,50,235,49,3*7E
1777598441.311,$GLGSV,1,1,01,85,07,217,,0*46
1777598441.312,$GAGSV,3,1,09,02,45,013,50,03,20,195,40,08,23,250,37,15,17,206,42,2*7B
1777598441.313,$GAGSV,3,2,09,18,42,294,47,25,29,081,24,30,17,320,37,34,67,179,50,2*72
1777598441.313,$GAGSV,3,3,09,36,51,049,51,2*47
1777598441.314,$GAGSV,2,1,08,02,45,013,46,03,20,195,37,15,17,206,38,18,42,294,41,7*7B
1777598441.314,$GAGSV,2,2,08,25,29,081,25,30,17,320,32,34,67,179,46,36,51,049,43,7*7C
1777598441.315,$GAGSV,1,1,03,07,04,296,,11,05,035,,32,26,223,,0*4C
1777598441.315,$GBGSV,2,1,08,06,24,148,38,07,54,159,46,08,46,005,42,10,65,157,47,1*79
1777598441.316,$GBGSV,2,2,08,13,66,317,48,23,61,346,50,25,59,116,45,28,51,260,47,1*72
1777598441.316,$GBGSV,1,1,02,09,16,171,40,10,65,157,49,3*77
1777598441.317,$GNGLL,1339.08898,N,10029.57926,E,012041.00,A,D*78
1777598442.302,$GNRMC,012042.00,A,1339.08898,N,10029.57926,E,0.011,,010526,0.53,W,R,V*41
1777598442.304,$GNVTG,,T,,M,0.011,N,0.020,K,D*3A
1777598442.306,$GNGGA,012042.00,1339.08898,N,10029.57926,E,4,12,0.61,-0.9,M,-27.8,M,1.0,0499*65
1777598442.307,$GNGSA,A,3,01,07,14,17,06,22,30,19,,,,,1.28,0.61,1.12,1*07
1777598442.307,$GNGSA,A,3,73,80,84,83,,,,,,,,,1.28,0.61,1.12,2*07
1777598442.308,$GNGSA,A,3,08,15,03,02,30,25,34,36,,,,,1.28,0.61,1.12,3*06
1777598442.308,$GNGSA,A,3,07,08,10,23,25,28,13,06,,,,,1.28,0.61,1.12,4*0C
1777598442.309,$GPGSV,3,1,11,03,23,103,09,06,35,211,40,07,52,172,46,14,43,353,44,1*68
1777598442.309,$GPGSV,3,2,11,17,44,320,35,19,31,282,40,22,33,339,41,30,70,253,48,1*62
1777598442.310,$GPGSV,3,3,11,40,36,256,39,41,64,233,44,42,70,217,46,1*5C
1777598442.311,$GPGSV,2,1,07,01,35,041,29,03,23,103,20,06,35,211,37,07,52,172,43,6*69
1777598442.311,$GPGSV,2,2,07,14,43,353,45,17,44,320,40,30,70,253,45,6*50
1777598442.312,$GPGSV,1,1,03,02,06,036,,09,06,171,,50,56,115,,0*5C
1777598442.312,$GLGSV,2,1,05,73,36,350,45,79,17,128,14,80,56,077,48,83,61,354,47,1*74
1777598442.313,$GLGSV,2,2,05,84,50,235,42,1*46
1777598442.313,$GLGSV,2,1,06,73,36,350,47,79,17,128,24,80,56,077,48,82,12,023,20,3*73
1777598442.314,$GLGSV,2,2,06,83,61,354,48,84,50,235,49,3*7E
1777598442.315,$GLGSV,1,1,01,85,07,217,,0*46
1777598442.315,$GAGSV,3,1,09,02,45,013,50,03,20,195,40,08,23,250,37,15,17,206,43,2*7A
1777598442.316,$GAGSV,3,2,09,18,42,294,47,25,29,081,23,30,17,320,36,34,67,179,51,2*75
1777598442.316,$GAGSV,3,3,09,36,51,049,51,2*47
1777598442.317,$GAGSV,2,1,08,02,45,013,46,03,20,195,37,15,17,206,38,18,42,294,41,7*7B
1777598442.317,$GAGSV,2,2,08,25,29,081,25,30,17,320,31,34,67,179,46,36,51,049,43,7*7F
1777598442.318,$GAGSV,1,1,03,07,04,296,,11,05,035,,32,26,223,,0*4C
1777598442.318,$GBGSV,2,1,08,06,24,148,38,07,54,159,46,08,46,005,42,10,65,157,47,1*79
1777598442.319,$GBGSV,2,2,08,13,66,317,48,23,61,346,50,25,59,116,45,28,51,260,47,1*72
1777598442.320,$GBGSV,1,1,02,09,16,171,40,10,65,157,49,3*77
1777598442.320,$GNGLL,1339.08898,N,10029.57926,E,012042.00,A,D*7B
1777598443.299,$GNRMC,012043.00,A,1339.08898,N,10029.57926,E,0.013,,010526,0.53,W,R,V*42
1777598443.301,$GNVTG,,T,,M,0.013,N,0.025,K,D*3D
1777598443.302,$GNGGA,012043.00,1339.08898,N,10029.57926,E,4,12,0.61,-0.9,M,-27.8,M,1.0,0499*64
1777598443.303,$GNGSA,A,3,01,07,14,17,06,22,30,19,,,,,1.28,0.61,1.12,1*07
1777598443.304,$GNGSA,A,3,73,80,84,83,,,,,,,,,1.28,0.61,1.12,2*07
1777598443.304,$GNGSA,A,3,08,15,03,02,30,25,34,36,,,,,1.28,0.61,1.12,3*06
1777598443.305,$GNGSA,A,3,07,08,10,23,25,28,13,06,,,,,1.28,0.61,1.12,4*0C
1777598443.305,$GPGSV,3,1,10,06,35,211,40,07,52,172,46,14,43,353,44,17,44,320,34,1*60
1777598443.306,$GPGSV,3,2,10,19,31,282,40,22,33,339,42,30,70,253,48,40,36,256,39,1*6B
1777598443.306,$GPGSV,3,3,10,41,64,233,44,42,70,217,46,1*67
1777598443.307,$GPGSV,2,1,07,01,35,041,29,03,23,103,19,06,35,211,38,07,52,172,43,6*6C
1777598443.308,$GPGSV,2,2,07,14,43,353,45,17,44,320,40,30,70,253,45,6*50
1777598443.308,$GPGSV,1,1,03,02,06,036,,09,06,171,,50,56,115,,0*5C
1777598443.309,$GLGSV,2,1,05,73,36,350,45,79,17,128,16,80,56,077,48,83,61,354,47,1*76
1777598443.309,$GLGSV,2,2,05,84,50,235,42,1*46
1777598443.310,$GLGSV,2,1,06,73,36,350,47,79,17,128,23,80,56,077,48,82,12,023,20,3*74
1777598443.310,$GLGSV,2,2,06,83,61,354,48,84,50,235,49,3*7E
1777598443.311,$GLGSV,1,1,01,85,07,217,,0*46
1777598443.312,$GAGSV,3,1,09,02,45,013,50,03,20,195,40,08,23,250,37,15,17,206,43,2*7A
1777598443.312,$GAGSV,3,2,09,18,42,294,47,25,29,081,23,30,17,320,36,34,67,179,51,2*75
1777598443.313,$GAGSV,3,3,09,36,51,049,51,2*47
1777598443.313,$GAGSV,2,1,08,02,45,013,46,03,20,195,37,15,17,206,38,18,42,294,41,7*7B
1777598443.314,$GAGSV,2,2,08,25,29,081,26,30,17,320,32,34,67,179,46,36,51,049,43,7*7F
1777598443.315,$GAGSV,1,1,03,07,04,296,,11,05,035,,32,26,223,,0*4C
1777598443.315,$GBGSV,2,1,08,06,24,148,38,07,54,159,46,08,46,005,42,10,65,157,47,1*79
1777598443.316,$GBGSV,2,2,08,13,66,317,48,23,61,346,50,25,59,116,45,28,51,260,47,1*72
1777598443.316,$GBGSV,1,1,02,09,16,171,40,10,65,157,49,3*77
1777598443.317,$GNGLL,1339.08898,N,10029.57926,E,012043.00,A,D*7A
1777598444.302,$GNRMC,012044.00,A,1339.08898,N,10029.57926,E,0.006,,010526,0.53,W,R,V*41
1777598444.303,$GNVTG,,T,,M,0.006,N,0.012,K,D*3D
1777598444.305,$GNGGA,012044.00,1339.08898,N,10029.57926,E,4,12,0.61,-0.9,M,-27.8,M,1.0,0499*63
1777598444.305,$GNGSA,A,3,01,07,14,17,06,22,30,19,,,,,1.28,0.61,1.12,1*07
1777598444.306,$GNGSA,A,3,73,80,84,83,,,,,,,,,1.28,0.61,1.12,2*07
1777598444.306,$GNGSA,A,3,08,15,03,02,30,25,34,36,,,,,1.28,0.61,1.12,3*06
1777598444.307,$GNGSA,A,3,07,08,10,23,25,28,13,06,,,,,1.28,0.61,1.12,4*0C
1777598444.307,$GPGSV,3,1,10,06,35,211,40,07,52,172,46,14,43,353,45,17,44,320,34,1*61
1777598444.308,$GPGSV,3,2,10,19,31,282,40,22,33,339,42,30,70,253,48,40,36,256,39,1*6B
1777598444.309,$GPGSV,3,3,10,41,64,233,44,42,70,217,46,1*67
1777598444.309,$GPGSV,2,1,07,01,35,041,29,03,23,103,17,06,35,211,37,07,52,172,43,6*6D
1777598444.310,$GPGSV,2,2,07,14,43,353,45,17,44,320,41,30,70,253,45,6*51
1777598444.310,$GPGSV,1,1,03,02,06,036,,09,06,171,,50,56,115,,0*5C
1777598444.311,$GLGSV,2,1,05,73,37,350,45,79,17,128,17,80,56,077,48,83,61,354,47,1*76
1777598444.311,$GLGSV,2,2,05,84,50,235,41,1*45
1777598444.312,$GLGSV,2,1,06,73,37,350,46,79,17,128,21,80,56,077,48,82,12,023,20,3*76
1777598444.312,$GLGSV,2,2,06,83,61,354,48,84,50,235,49,3*7E
1777598444.313,$GLGSV,1,1,01,85,07,217,,0*46
1777598444.313,$GAGSV,3,1,09,02,45,013,51,03,20,195,41,08,23,250,37,15,17,206,43,2*7A
1777598444.314,$GAGSV,3,2,09,18,42,294,47,25,29,081,23,30,17,320,36,34,67,179,51,2*75
1777598444.314,$GAGSV,3,3,09,36,51,049,51,2*47
1777598444.315,$GAGSV,2,1,08,02,45,013,46,03,20,195,37,15,17,206,38,18,42,294,41,7*7B
1777598444.315,$GAGSV,2,2,08,25,29,081,26,30,17,320,31,34,67,179,46,36,51,049,43,7*7C
1777598444.316,$GAGSV,1,1,03,07,04,296,,11,05,035,,32,26,223,,0*4C
1777598444.317,$GBGSV,2,1,08,06,24,148,38,07,54,159,46,08,46,005,42,10,65,157,47,1*79
1777598444.317,$GBGSV,2,2,08,13,66,317,48,23,61,346,50,25,59,116,45,28,51,260,47,1*72
1777598444.318,$GBGSV,1,1,02,09,16,171,40,10,65,157,49,3*77
1777598444.318,$GNGLL,1339.08898,N,10029.57926,E,012044.00,A,D*7D
1777598445.303,$GNRMC,012045.00,A,1339.08899,N,10029.57926,E,0.218,357.97,010526,0.53,W,R,V*5D
1777598445.304,$GNVTG,357.97,T,358.50,M,0.218,N,0.403,K,D*30
1777598445.306,$GNGGA,012045.00,1339.08899,N,10029.57926,E,4,12,0.67,-0.9,M,-27.8,M,1.0,0499*65
1777598445.307,$GNGSA,A,3,01,07,14,17,06,22,30,19,,,,,1.36,0.67,1.18,1*04
1777598445.307,$GNGSA,A,3,73,80,84,83,,,,,,,,,1.36,0.67,1.18,2*04
1777598445.308,$GNGSA,A,3,08,15,03,02,30,25,34,36,,,,,1.36,0.67,1.18,3*05
1777598445.308,$GNGSA,A,3,07,08,10,23,25,28,13,06,,,,,1.36,0.67,1.18,4*0F
1777598445.309,$GPGSV,3,1,10,06,35,211,40,07,52,172,47,14,43,353,45,17,44,320,34,1*60
1777598445.309,$GPGSV,3,2,10,19,31,282,40,22,33,339,41,30,70,253,48,40,36,256,39,1*68
1777598445.310,$GPGSV,3,3,10,41,64,233,44,42,70,217,46,1*67
1777598445.311,$GPGSV,2,1,07,01,35,041,29,03,23,103,16,06,35,211,37,07,52,172,44,6*6B
1777598445.311,$GPGSV,2,2,07,14,43,353,45,17,44,320,40,30,70,253,45,6*50
1777598445.312,$GPGSV,1,1,03,02,06,036,,09,06,171,,50,56,115,,0*5C
1777598445.312,$GLGSV,2,1,05,73,37,350,45,79,17,128,18,80,56,077,48,83,61,354,47,1*79
1777598445.313,$GLGSV,2,2,05,84,50,235,41,1*45
1777598445.313,$GLGSV,2,1,06,73,37,350,47,79,17,128,19,80,56,077,48,82,12,023,20,3*7C
1777598445.314,$GLGSV,2,2,06,83,61,354,48,84,50,235,49,3*7E
1777598445.314,$GLGSV,1,1,01,85,07,217,,0*46
1777598445.315,$GAGSV,3,1,09,02,45,013,51,03,20,195,41,08,23,250,37,15,17,206,43,2*7A
1777598445.315,$GAGSV,3,2,09,18,42,294,47,25,29,081,23,30,17,320,36,34,67,179,51,2*75
1777598445.316,$GAGSV,3,3,09,36,51,049,51,2*47
1777598445.316,$GAGSV,2,1,08,02,45,013,46,03,20,195,37,15,17,206,38,18,42,294,41,7*7B
1777598445.317,$GAGSV,2,2,08,25,29,081,25,30,17,320,30,34,67,179,46,36,51,049,43,7*7E
1777598445.318,$GAGSV,1,1,03,07,04,296,,11,05,035,,32,26,223,,0*4C
1777598445.318,$GBGSV,2,1,08,06,24,148,39,07,54,159,46,08,46,005,42,10,65,157,47,1*78
1777598445.319,$GBGSV,2,2,08,13,66,317,48,23,61,346,50,25,59,116,45,28,51,260,47,1*72
1777598445.319,$GBGSV,1,1,02,09,16,171,40,10,65,157,49,3*77
1777598445.320,$GNGLL,1339.08899,N,10029.57926,E,012045.00,A,D*7D
1777598446.302,$GNRMC,012046.00,A,1339.08909,N,10029.57925,E,0.077,,010526,0.53,W,R,V*4F
1777598446.304,$GNVTG,,T,,M,0.077,N,0.142,K,D*3F
1777598446.306,$GNGGA,012046.00,1339.08909,N,10029.57925,E,4,12,0.64,-1.0,M,-27.8,M,1.0,0499*66
1777598446.306,$GNGSA,A,3,01,07,14,17,06,22,30,19,,,,,1.31,0.64,1.14,1*0C
1777598446.307,$GNGSA,A,3,73,80,84,83,,,,,,,,,1.31,0.64,1.14,2*0C
1777598446.307,$GNGSA,A,3,08,15,03,02,30,25,34,36,,,,,1.31,0.64,1.14,3*0D
1777598446.308,$GNGSA,A,3,07,08,10,23,25,28,13,06,,,,,1.31,0.64,1.14,4*07
1777598446.308,$GPGSV,3,1,11,01,35,041,21,06,35,211,37,07,52,172,46,14,43,353,45,1*61
1777598446.309,$GPGSV,3,2,11,17,44,320,37,19,31,282,36,22,33,339,40,30,70,253,47,1*6F
1777598446.310,$GPGSV,3,3,11,40,36,256,41,41,64,233,49,42,70,217,44,1*5C
1777598446.310,$GPGSV,2,1,07,01,35,041,22,03,23,103,16,06,35,211,38,07,52,172,42,6*69
1777598446.311,$GPGSV,2,2,07,14,43,353,45,17,44,320,40,30,70,253,46,6*53
1777598446.311,$GPGSV,1,1,03,02,06,036,,09,06,171,,50,56,115,,0*5C
1777598446.312,$GLGSV,2,1,05,73,37,350,45,79,17,128,21,80,56,077,51,83,61,354,48,1*74
1777598446.312,$GLGSV,2,2,05,84,50,235,45,1*41
1777598446.313,$GLGSV,2,1,06,73,37,350,46,79,17,128,20,80,56,077,48,82,12,023,19,3*7D
1777598446.314,$GLGSV,2,2,06,83,61,354,47,84,50,235,48,3*70
1777598446.314,$GLGSV,1,1,01,85,07,217,,0*46
1777598446.315,$GAGSV,3,1,09,02,45,013,51,03,20,195,41,08,23,250,37,15,17,206,42,2*7B
1777598446.315,$GAGSV,3,2,09,18,42,294,47,25,29,081,25,30,17,320,38,34,67,179,49,2*74
1777598446.316,$GAGSV,3,3,09,36,51,049,50,2*46
1777598446.316,$GAGSV,2,1,08,02,45,013,45,03,20,195,35,15,17,206,36,18,42,294,41,7*74
1777598446.317,$GAGSV,2,2,08,25,29,081,23,30,17,320,24,34,67,179,46,36,51,049,44,7*7A
1777598446.317,$GAGSV,1,1,03,07,04,296,,11,05,035,,32,26,223,,0*4C
1777598446.318,$GBGSV,2,1,08,06,24,148,38,07,54,159,45,08,46,005,42,10,65,157,47,1*7A
1777598446.318,$GBGSV,2,2,08,13,66,317,47,23,61,346,51,25,59,116,44,28,51,260,47,1*7D
1777598446.319,$GBGSV,1,1,02,09,16,171,40,10,65,157,49,3*77
1777598446.319,$GNGLL,1339.08909,N,10029.57925,E,012046.00,A,D*75
1777598447.302,$GNRMC,012047.00,A,1339.08909,N,10029.57925,E,0.020,,010526,0.53,W,R,V*4C
1777598447.303,$GNVTG,,T,,M,0.020,N,0.037,K,D*3E
1777598447.304,$GNGGA,012047.00,1339.08909,N,10029.57925,E,4,12,0.61,-1.0,M,-27.8,M,1.0,0499*62
1777598447.305,$GNGSA,A,3,01,07,14,17,06,22,30,19,,,,,1.28,0.61,1.12,1*07
1777598447.305,$GNGSA,A,3,73,80,84,83,,,,,,,,,1.28,0.61,1.12,2*07
1777598447.306,$GNGSA,A,3,08,15,03,02,30,25,34,36,,,,,1.28,0.61,1.12,3*06
1777598447.306,$GNGSA,A,3,07,08,10,23,25,28,13,06,,,,,1.28,0.61,1.12,4*0C
1777598447.307,$GPGSV,3,1,11,01,35,041,25,06,35,211,38,07,52,172,45,14,43,353,45,1*69
1777598447.308,$GPGSV,3,2,11,17,44,320,38,19,31,282,36,22,33,339,40,30,70,253,47,1*60
1777598447.308,$GPGSV,3,3,11,40,36,256,42,41,64,233,49,42,70,217,45,1*5E
1777598447.309,$GPGSV,2,1,07,01,35,041,25,03,23,103,17,06,35,211,38,07,52,172,42,6*6F
1777598447.310,$GPGSV,2,2,07,14,43,353,45,17,44,320,40,30,70,253,46,6*53
1777598447.310,$GPGSV,1,1,03,02,06,036,,09,06,171,,50,56,115,,0*5C
1777598447.311,$GLGSV,2,1,05,73,37,350,45,79,17,128,24,80,56,077,51,83,61,354,48,1*71
1777598447.311,$GLGSV,2,2,05,84,50,235,45,1*41
1777598447.312,$GLGSV,2,1,06,73,37,350,46,79,17,128,21,80,56,077,48,82,12,023,20,3*76
1777598447.312,$GLGSV,2,2,06,83,61,354,47,84,50,235,48,3*70
1777598447.313,$GLGSV,1,1,01,85,07,217,,0*46
1777598447.314,$GAGSV,3,1,09,02,45,013,50,03,20,195,42,08,23,250,37,15,17,206,42,2*79
1777598447.314,$GAGSV,3,2,09,18,42,294,47,25,29,081,25,30,17,320,38,34,67,179,49,2*74
1777598447.315,$GAGSV,3,3,09,36,51,049,50,2*46
1777598447.315,$GAGSV,3,1,09,02,45,013,45,03,20,195,35,08,23,250,33,15,17,206,36,7*7F
1777598447.316,$GAGSV,3,2,09,18,42,294,40,25,29,081,20,30,17,320,30,34,67,179,46,7*74
1777598447.317,$GAGSV,3,3,09,36,51,049,45,7*47
1777598447.317,$GAGSV,1,1,03,07,04,296,,11,05,035,,32,26,223,,0*4C
1777598447.318,$GBGSV,2,1,08,06,24,148,37,07,54,159,45,08,46,005,43,10,65,157,46,1*75
1777598447.319,$GBGSV,2,2,08,13,66,317,47,23,61,346,51,25,59,116,44,28,51,260,47,1*7D
1777598447.319,$GBGSV,1,1,02,09,16,171,41,10,65,157,50,3*7E
1777598447.320,$GNGLL,1339.08909,N,10029.57925,E,012047.00,A,D*74
1777598448.298,$GNRMC,012048.00,A,1339.08905,N,10029.57926,E,0.017,,010526,0.53,W,D,V*5E
1777598448.298,$GNVTG,,T,,M,0.017,N,0.031,K,D*3C
1777598448.299,$GNGGA,012048.00,1339.08905,N,10029.57926,E,2,12,0.60,-1.0,M,-27.8,M,1.0,0042*67
1777598448.300,$GNGSA,A,3,01,07,14,17,06,22,30,19,,,,,1.24,0.60,1.09,1*00
1777598448.300,$GNGSA,A,3,73,80,84,83,,,,,,,,,1.24,0.60,1.09,2*00
1777598448.301,$GNGSA,A,3,08,15,03,02,30,25,34,36,,,,,1.24,0.60,1.09,3*01
1777598448.301,$GNGSA,A,3,07,08,10,23,25,28,13,06,,,,,1.24,0.60,1.09,4*0B
1777598448.302,$GPGSV,3,1,11,01,35,041,26,06,35,211,38,07,52,172,45,14,43,353,45,1*6A
1777598448.302,$GPGSV,3,2,11,17,44,320,38,19,31,282,36,22,33,339,40,30,70,253,47,1*60
1777598448.303,$GPGSV,3,3,11,40,36,256,42,41,64,233,49,42,70,217,45,1*5E
1777598448.303,$GPGSV,2,1,07,01,35,041,27,03,23,103,18,06,35,211,38,07,52,172,42,6*62
1777598448.304,$GPGSV,2,2,07,14,43,353,45,17,44,320,40,30,70,253,46,6*53
1777598448.305,$GPGSV,1,1,03,02,06,036,,09,06,171,,50,56,115,,0*5C
1777598448.305,$GLGSV,2,1,05,73,37,350,45,79,17,128,25,80,56,077,51,83,61,354,48,1*70
1777598448.305,$GLGSV,2,2,05,84,50,235,45,1*41
1777598448.306,$GLGSV,2,1,06,73,37,350,46,79,17,128,21,80,56,077,48,82,12,023,19,3*7C
1777598448.306,$GLGSV,2,2,06,83,61,354,47,84,50,235,47,3*7F
1777598448.307,$GLGSV,1,1,01,85,07,217,,0*46
1777598448.307,$GAGSV,3,1,09,02,45,013,51,03,20,195,42,08,23,250,38,15,17,206,42,2*77
1777598448.308,$GAGSV,3,2,09,18,42,294,46,25,29,081,25,30,17,320,39,34,67,179,49,2*74
1777598448.308,$GAGSV,3,3,09,36,51,049,50,2*46
1777598448.309,$GAGSV,3,1,09,02,45,013,45,03,20,195,35,08,23,250,33,15,17,206,35,7*7C
1777598448.310,$GAGSV,3,2,09,18,42,294,40,25,29,081,18,30,17,320,30,34,67,179,46,7*7F
1777598448.310,$GAGSV,3,3,09,36,51,049,45,7*47
1777598448.310,$GAGSV,1,1,03,07,04,296,,11,05,035,,32,26,223,,0*4C
1777598448.311,$GBGSV,2,1,08,06,24,148,36,07,54,159,45,08,46,005,43,10,65,157,46,1*74
1777598448.311,$GBGSV,2,2,08,13,66,317,47,23,61,346,51,25,59,116,44,28,51,260,47,1*7D
1777598448.312,$GBGSV,1,1,02,09,16,171,41,10,65,157,50,3*7E
1777598448.312,$GNGLL,1339.08905,N,10029.57926,E,012048.00,A,D*74
1777598449.302,$GNRMC,012049.00,A,1339.08906,N,10029.57928,E,0.015,,010526,0.53,W,R,V*46
1777598449.303,$GNVTG,,T,,M,0.015,N,0.028,K,D*36
1777598449.305,$GNGGA,012049.00,1339.08906,N,10029.57928,E,4,12,0.60,-0.9,M,-27.8,M,1.0,0042*65
1777598449.305,$GNGSA,A,3,01,07,14,17,06,22,30,19,,,,,1.24,0.60,1.09,1*00
1777598449.306,$GNGSA,A,3,73,80,84,83,,,,,,,,,1.24,0.60,1.09,2*00
1777598449.306,$GNGSA,A,3,08,15,03,02,30,25,34,36,,,,,1.24,0.60,1.09,3*01
1777598449.307,$GNGSA,A,3,07,08,10,23,25,28,13,06,,,,,1.24,0.60,1.09,4*0B
1777598449.307,$GPGSV,3,1,11,01,35,041,27,06,35,211,37,07,52,172,46,14,43,353,45,1*67
1777598449.308,$GPGSV,3,2,11,17,44,320,38,19,31,282,35,22,33,339,40,30,70,253,47,1*63
1777598449.309,$GPGSV,3,3,11,40,36,256,42,41,64,233,49,42,70,217,45,1*5E
1777598449.309,$GPGSV,2,1,07,01,35,041,27,03,23,103,19,06,35,211,38,07,52,172,42,6*63
1777598449.310,$GPGSV,2,2,07,14,43,353,45,17,44,320,40,30,70,253,46,6*53
1777598449.310,$GPGSV,1,1,03,02,06,036,,09,06,171,,50,56,115,,0*5C
1777598449.311,$GLGSV,2,1,05,73,37,350,45,79,17,128,24,80,56,077,51,83,61,354,48,1*71
1777598449.311,$GLGSV,2,2,05,84,50,235,45,1*41
1777598449.312,$GLGSV,2,1,06,73,37,350,46,79,17,128,22,80,56,077,48,82,12,023,19,3*7F
1777598449.312,$GLGSV,2,2,06,83,61,354,47,84,50,235,47,3*7F
1777598449.313,$GLGSV,1,1,01,85,07,217,,0*46
1777598449.313,$GAGSV,3,1,09,02,45,013,51,03,20,195,42,08,23,250,38,15,17,206,42,2*77
1777598449.314,$GAGSV,3,2,09,18,42,294,46,25,29,081,25,30,17,320,38,34,67,179,49,2*75
1777598449.314,$GAGSV,3,3,09,36,51,049,50,2*46
1777598449.315,$GAGSV,3,1,09,02,45,013,45,03,20,195,35,08,23,250,33,15,17,206,35,7*7C
1777598449.315,$GAGSV,3,2,09,18,42,294,40,25,29,081,17,30,17,320,30,34,67,179,46,7*70
1777598449.316,$GAGSV,3,3,09,36,51,049,45,7*47
1777598449.316,$GAGSV,1,1,03,07,04,296,,11,05,035,,32,26,223,,0*4C
1777598449.317,$GBGSV,2,1,08,06,24,148,36,07,54,159,45,08,46,005,43,10,65,157,46,1*74
1777598449.318,$GBGSV,2,2,08,13,66,317,47,23,61,346,51,25,59,116,45,28,51,260,47,1*7C
1777598449.318,$GBGSV,1,1,02,09,16,171,41,10,65,157,50,3*7E
1777598449.318,$GNGLL,1339.08906,N,10029.57928,E,012049.00,A,D*78
1777598450.306,$GNRMC,012050.00,A,1339.08906,N,10029.57929,E,0.004,,010526,0.53,W,R,V*4F
1777598450.307,$GNVTG,,T,,M,0.004,N,0.007,K,D*3B
1777598450.309,$GNGGA,012050.00,1339.08906,N,10029.57929,E,4,12,0.60,-0.9,M,-27.8,M,1.0,0042*6C
1777598450.309,$GNGSA,A,3,01,07,14,17,06,22,30,19,,,,,1.24,0.60,1.09,1*00
1777598450.310,$GNGSA,A,3,73,80,84,83,,,,,,,,,1.24,0.60,1.09,2*00
1777598450.310,$GNGSA,A,3,08,15,03,02,30,25,34,36,,,,,1.24,0.60,1.09,3*01
1777598450.311,$GNGSA,A,3,07,08,10,23,25,28,13,06,,,,,1.24,0.60,1.09,4*0B
1777598450.311,$GPGSV,3,1,11,01,35,041,27,06,35,211,37,07,52,172,46,14,43,353,45,1*67
1777598450.312,$GPGSV,3,2,11,17,44,320,38,19,31,282,35,22,33,339,39,30,70,253,47,1*6D
1777598450.313,$GPGSV,3,3,11,40,36,256,42,41,64,233,49,42,70,217,45,1*5E
1777598450.313,$GPGSV,2,1,07,01,35,041,27,03,23,103,19,06,35,211,38,07,52,172,42,6*63
1777598450.314,$GPGSV,2,2,07,14,43,353,45,17,44,320,40,30,70,253,46,6*53
1777598450.314,$GPGSV,1,1,03,02,06,036,,09,06,171,,50,56,115,,0*5C
1777598450.315,$GLGSV,2,1,06,73,37,350,45,79,17,129,23,80,56,077,51,82,12,023,17,1*78
1777598450.316,$GLGSV,2,2,06,83,61,354,48,84,50,235,45,1*70
1777598450.316,$GLGSV,2,1,06,73,37,350,46,79,17,129,21,80,56,077,48,82,12,023,19,3*7D
1777598450.317,$GLGSV,2,2,06,83,61,354,47,84,50,235,47,3*7F
1777598450.317,$GLGSV,1,1,01,85,07,217,,0*46
1777598450.318,$GAGSV,3,1,09,02,45,013,50,03,20,195,42,08,23,250,38,15,17,206,42,2*76
1777598450.318,$GAGSV,3,2,09,18,42,294,47,25,29,081,25,30,17,320,38,34,67,179,49,2*74
1777598450.319,$GAGSV,3,3,09,36,51,049,50,2*46
1777598450.319,$GAGSV,3,1,09,02,45,013,45,03,20,195,35,08,23,250,33,15,17,206,35,7*7C
1777598450.320,$GAGSV,3,2,09,18,42,294,40,25,29,081,16,30,17,320,30,34,67,179,46,7*71
1777598450.320,$GAGSV,3,3,09,36,51,049,45,7*47
1777598450.321,$GAGSV,1,1,03,07,04,296,,11,05,035,,32,26,223,,0*4C
1777598450.321,$GBGSV,2,1,08,06,24,148,36,07,54,159,45,08,46,005,43,10,65,157,46,1*74
1777598450.322,$GBGSV,2,2,08,13,66,317,47,23,61,346,51,25,59,116,44,28,51,260,47,1*7D
1777598450.322,$GBGSV,1,1,02,09,16,171,41,10,65,157,49,3*76
1777598450.323,$GNGLL,1339.08906,N,10029.57929,E,012050.00,A,D*71
1777598451.306,$GNRMC,012051.00,A,1339.08912,N,10029.57928,E,0.617,355.69,010526,0.53,W,R,V*5C
1777598451.308,$GNVTG,355.69,T,356.22,M,0.617,N,1.143,K,D*33
1777598451.309,$GNGGA,012051.00,1339.08912,N,10029.57928,E,4,12,0.62,-0.9,M,-27.8,M,1.0,0042*6B
1777598451.310,$GNGSA,A,3,01,07,14,17,06,22,30,,,,,,1.27,0.62,1.10,1*01
1777598451.310,$GNGSA,A,3,73,80,84,83,79,,,,,,,,1.27,0.62,1.10,2*07
1777598451.311,$GNGSA,A,3,08,15,03,02,30,25,34,36,,,,,1.27,0.62,1.10,3*08
1777598451.311,$GNGSA,A,3,07,08,10,23,25,28,13,06,,,,,1.27,0.62,1.10,4*02
1777598451.312,$GPGSV,3,1,10,01,35,041,26,06,35,211,35,07,52,172,46,14,43,353,45,1*65
1777598451.313,$GPGSV,3,2,10,17,44,320,38,22,33,339,42,30,70,253,47,40,36,256,43,1*63
1777598451.313,$GPGSV,3,3,10,41,64,233,47,42,70,217,47,1*65
1777598451.314,$GPGSV,2,1,07,01,35,041,26,03,23,103,20,06,35,211,40,07,52,172,42,6*67
1777598451.314,$GPGSV,2,2,07,14,43,353,45,17,44,320,40,30,70,253,46,6*53
1777598451.315,$GPGSV,1,1,04,02,06,036,,09,06,171,,19,31,282,,50,56,115,,0*69
1777598451.316,$GLGSV,2,1,06,73,37,350,43,79,17,129,22,80,57,079,50,82,12,023,18,1*7E
1777598451.316,$GLGSV,2,2,06,83,61,354,49,84,50,235,44,1*70
1777598451.317,$GLGSV,2,1,06,73,37,350,49,79,17,129,21,80,57,079,48,82,12,023,21,3*76
1777598451.317,$GLGSV,2,2,06,83,61,354,47,84,50,235,48,3*70
1777598451.317,$GLGSV,1,1,01,85,07,217,,0*46
1777598451.318,$GAGSV,3,1,09,02,45,013,50,03,20,195,42,08,23,250,36,15,17,206,41,2*7B
1777598451.319,$GAGSV,3,2,09,18,42,294,46,25,29,081,24,30,17,320,40,34,67,179,50,2*73
1777598451.319,$GAGSV,3,3,09,36,51,049,50,2*46
1777598451.320,$GAGSV,3,1,09,02,45,013,46,03,20,195,38,08,23,250,34,15,17,206,38,7*78
1777598451.320,$GAGSV,3,2,09,18,42,294,40,25,29,081,16,30,17,320,30,34,67,179,45,7*72
1777598451.321,$GAGSV,3,3,09,36,51,049,45,7*47
1777598451.321,$GAGSV,1,1,03,07,04,296,,11,05,035,,32,26,223,,0*4C
1777598451.322,$GBGSV,2,1,08,06,24,148,38,07,54,159,46,08,46,005,43,10,65,157,46,1*79
1777598451.322,$GBGSV,2,2,08,13,66,317,48,23,61,346,51,25,59,116,45,28,51,260,47,1*73
1777598451.323,$GBGSV,1,1,02,09,16,171,41,10,65,157,50,3*7E
1777598451.323,$GNGLL,1339.08912,N,10029.57928,E,012051.00,A,D*74
1777598452.295,$GNRMC,012052.00,A,1339.08945,N,10029.57927,E,1.893,0.08,010526,0.53,W,D,V*43
1777598452.297,$GNVTG,0.08,T,0.61,M,1.893,N,3.506,K,D*34
1777598452.298,$GNGGA,012052.00,1339.08945,N,10029.57927,E,2,12,0.67,-0.9,M,-27.8,M,1.0,0499*64
1777598452.299,$GNGSA,A,3,01,07,14,17,06,22,30,19,,,,,1.36,0.67,1.18,1*04
1777598452.299,$GNGSA,A,3,73,80,84,83,,,,,,,,,1.36,0.67,1.18,2*04
1777598452.300,$GNGSA,A,3,08,15,03,02,30,25,34,36,,,,,1.36,0.67,1.18,3*05
1777598452.300,$GNGSA,A,3,07,08,10,23,25,28,13,06,,,,,1.36,0.67,1.18,4*0F
1777598452.301,$GPGSV,3,1,11,01,35,041,23,06,35,211,40,07,52,172,44,14,43,353,44,1*60
1777598452.302,$GPGSV,3,2,11,17,44,320,44,19,31,282,41,22,33,339,41,30,70,253,45,1*68
1777598452.302,$GPGSV,3,3,11,40,36,256,42,41,64,233,47,42,70,217,45,1*50
1777598452.303,$GPGSV,2,1,07,01,35,041,24,03,23,103,19,06,35,211,38,07,52,172,41,6*63
1777598452.303,$GPGSV,2,2,07,14,43,353,44,17,44,320,44,30,70,253,45,6*55
1777598452.304,$GPGSV,1,1,03,02,06,036,,09,06,171,,50,56,115,,0*5C
1777598452.305,$GLGSV,2,1,06,73,37,350,46,79,17,129,21,80,57,079,49,82,12,023,20,1*7B
1777598452.305,$GLGSV,2,2,06,83,61,354,49,84,50,235,47,1*73
1777598452.306,$GLGSV,2,1,06,73,37,350,48,79,17,129,19,80,57,079,49,82,12,023,22,3*7E
1777598452.306,$GLGSV,2,2,06,83,61,354,48,84,50,235,45,3*72
1777598452.306,$GLGSV,1,1,01,85,07,217,,0*46
1777598452.307,$GAGSV,3,1,09,02,45,013,50,03,20,195,42,08,23,250,39,15,17,206,39,2*7B
1777598452.308,$GAGSV,3,2,09,18,42,294,43,25,29,081,24,30,17,320,34,34,67,179,50,2*75
1777598452.308,$GAGSV,3,3,09,36,51,049,49,2*4E
1777598452.309,$GAGSV,3,1,09,02,45,013,45,03,20,195,35,08,23,250,30,15,17,206,38,7*72
1777598452.310,$GAGSV,3,2,09,18,42,294,39,25,29,081,18,30,17,320,31,34,67,179,46,7*70
1777598452.310,$GAGSV,3,3,09,36,51,049,46,7*44
1777598452.310,$GAGSV,1,1,03,07,04,296,,11,05,035,,32,26,223,,0*4C
1777598452.311,$GBGSV,2,1,08,06,24,148,38,07,54,159,45,08,46,005,44,10,65,157,46,1*7D
1777598452.311,$GBGSV,2,2,08,13,66,317,49,23,61,346,49,25,59,116,45,28,51,260,48,1*74
1777598452.312,$GBGSV,1,1,02,09,16,171,40,10,65,157,48,3*76
1777598452.312,$GNGLL,1339.08945,N,10029.57927,E,012052.00,A,D*7A
1777598453.299,$GNRMC,012053.00,A,1339.09007,N,10029.57927,E,2.218,358.65,010526,0.53,W,R,V*55
1777598453.300,$GNVTG,358.65,T,359.18,M,2.218,N,4.108,K,D*37
1777598453.302,$GNGGA,012053.00,1339.09007,N,10029.57927,E,4,12,0.67,-0.7,M,-27.8,M,1.0,0499*63
1777598453.303,$GNGSA,A,3,01,07,14,17,06,22,30,19,,,,,1.36,0.67,1.18,1*04
1777598453.303,$GNGSA,A,3,73,80,84,83,,,,,,,,,1.36,0.67,1.18,2*04
1777598453.304,$GNGSA,A,3,08,15,03,02,30,25,34,36,,,,,1.36,0.67,1.18,3*05
1777598453.304,$GNGSA,A,3,07,08,10,23,25,28,13,06,,,,,1.36,0.67,1.18,4*0F
1777598453.305,$GPGSV,3,1,11,01,35,041,20,06,35,211,41,07,52,172,46,14,43,353,45,1*61
1777598453.305,$GPGSV,3,2,11,17,44,320,44,19,31,282,37,22,33,339,44,30,70,253,42,1*6B
1777598453.306,$GPGSV,3,3,11,40,36,256,38,41,64,233,47,42,70,217,46,1*5E
1777598453.307,$GPGSV,2,1,07,01,35,041,21,03,23,103,18,06,35,211,42,07,52,172,45,6*6E
1777598453.307,$GPGSV,2,2,07,14,43,353,45,17,44,320,42,30,70,253,43,6*54
1777598453.308,$GPGSV,1,1,03,02,06,036,,09,06,171,,50,56,115,,0*5C
1777598453.308,$GLGSV,2,1,06,73,37,350,48,79,17,129,20,80,57,079,49,82,11,023,19,1*7D
1777598453.309,$GLGSV,2,2,06,83,61,354,49,84,50,235,45,1*71
1777598453.309,$GLGSV,2,1,06,73,37,350,46,79,17,129,21,80,57,079,51,82,11,023,22,3*71
1777598453.310,$GLGSV,2,2,06,83,61,354,47,84,50,235,49,3*71
1777598453.310,$GLGSV,1,1,01,85,07,217,,0*46
1777598453.311,$GAGSV,3,1,09,02,45,013,50,03,20,195,43,08,23,250,39,15,17,206,42,2*76
1777598453.312,$GAGSV,3,2,09,18,42,294,51,25,29,081,25,30,17,320,29,34,67,179,52,2*79
1777598453.312,$GAGSV,3,3,09,36,51,049,51,2*47
1777598453.312,$GAGSV,2,1,08,02,45,013,47,03,20,195,36,15,17,206,36,18,42,294,44,7*70
1777598453.313,$GAGSV,2,2,08,25,29,081,18,30,17,320,27,34,67,179,46,36,51,049,44,7*71
1777598453.314,$GAGSV,1,1,03,07,04,296,,11,05,035,,32,26,223,,0*4C
1777598453.314,$GBGSV,2,1,08,06,24,148,36,07,54,159,44,08,46,005,44,10,65,157,46,1*72
1777598453.315,$GBGSV,2,2,08,13,66,317,50,23,61,346,49,25,59,116,47,28,51,260,43,1*75
1777598453.315,$GBGSV,1,1,02,09,16,171,37,10,65,157,49,3*77
1777598453.316,$GNGLL,1339.09007,N,10029.57927,E,012053.00,A,D*75
1777598454.303,$GNRMC,012054.00,A,1339.09070,N,10029.57925,E,2.291,358.02,010526,0.53,W,R,V*50
1777598454.305,$GNVTG,358.02,T,358.55,M,2.291,N,4.242,K,D*32
1777598454.307,$GNGGA,012054.00,1339.09070,N,10029.57925,E,4,12,0.67,-0.7,M,-27.8,M,1.0,0499*66
1777598454.307,$GNGSA,A,3,01,07,14,17,06,22,30,19,,,,,1.36,0.67,1.18,1*04
1777598454.308,$GNGSA,A,3,73,80,84,83,,,,,,,,,1.36,0.67,1.18,2*04
1777598454.308,$GNGSA,A,3,08,15,03,02,30,34,36,,,,,,1.36,0.67,1.18,3*02
1777598454.309,$GNGSA,A,3,07,08,10,23,25,28,13,06,,,,,1.36,0.67,1.18,4*0F
1777598454.309,$GPGSV,3,1,11,01,35,041,19,06,35,211,36,07,52,172,46,14,43,353,46,1*68
1777598454.310,$GPGSV,3,2,11,17,44,320,45,19,31,282,36,22,33,339,43,30,70,253,45,1*6B
1777598454.311,$GPGSV,3,3,11,40,36,256,44,41,64,233,43,42,70,217,45,1*52
1777598454.311,$GPGSV,2,1,07,01,35,041,20,03,23,103,17,06,35,211,38,07,52,172,44,6*6C
1777598454.312,$GPGSV,2,2,07,14,43,353,46,17,44,320,39,30,70,253,42,6*5A
1777598454.312,$GPGSV,1,1,03,02,06,036,,09,06,171,,50,56,115,,0*5C
1777598454.313,$GLGSV,2,1,06,73,37,350,47,79,17,129,20,80,57,079,49,82,11,023,20,1*78
1777598454.313,$GLGSV,2,2,06,83,60,354,48,84,50,235,44,1*70
1777598454.314,$GLGSV,2,1,06,73,37,350,48,79,17,129,22,80,57,079,49,82,11,023,20,3*77
1777598454.315,$GLGSV,2,2,06,83,60,354,47,84,50,235,45,3*7C
1777598454.315,$GLGSV,1,1,01,85,07,217,,0*46
1777598454.315,$GAGSV,3,1,09,02,45,013,50,03,20,195,40,08,23,250,39,15,17,206,40,2*77
1777598454.316,$GAGSV,3,2,09,18,42,294,50,25,29,081,23,30,17,320,23,34,67,179,49,2*7E
1777598454.316,$GAGSV,3,3,09,36,51,049,50,2*46
1777598454.317,$GAGSV,3,1,09,02,45,013,45,03,20,195,34,08,23,250,28,15,17,206,38,7*7A
1777598454.318,$GAGSV,3,2,09,18,42,294,43,25,29,081,19,30,17,320,35,34,67,179,45,7*7B
1777598454.318,$GAGSV,3,3,09,36,51,049,44,7*46
1777598454.319,$GAGSV,1,1,03,07,04,296,,11,05,035,,32,26,223,,0*4C
1777598454.319,$GBGSV,2,1,08,06,24,148,31,07,54,159,46,08,46,005,46,10,65,157,45,1*76
1777598454.320,$GBGSV,2,2,08,13,66,317,50,23,61,346,50,25,59,116,47,28,51,260,48,1*76
1777598454.320,$GBGSV,1,1,02,09,16,171,41,10,65,157,49,3*76
1777598454.321,$GNGLL,1339.09070,N,10029.57925,E,012054.00,A,D*70
1777598455.303,$GNRMC,012055.00,A,1339.09136,N,10029.57923,E,2.449,358.47,010526,0.53,W,R,V*56
1777598455.304,$GNVTG,358.47,T,359.00,M,2.449,N,4.535,K,D*36
1777598455.305,$GNGGA,012055.00,1339.09136,N,10029.57923,E,4,12,0.71,-0.8,M,-27.8,M,1.0,0499*6A
1777598455.306,$GNGSA,A,3,01,07,14,17,06,22,30,19,,,,,1.39,0.71,1.19,1*0D
1777598455.307,$GNGSA,A,3,73,80,84,83,,,,,,,,,1.39,0.71,1.19,2*0D
1777598455.307,$GNGSA,A,3,08,15,03,02,30,34,36,,,,,,1.39,0.71,1.19,3*0B
1777598455.307,$GNGSA,A,3,07,08,10,23,25,28,13,06,,,,,1.39,0.71,1.19,4*06
1777598455.308,$GPGSV,3,1,11,01,35,041,20,06,35,211,33,07,52,172,44,14,43,353,46,1*65
1777598455.309,$GPGSV,3,2,11,17,44,320,45,19,31,282,37,22,33,339,43,30,70,253,49,1*66
1777598455.309,$GPGSV,3,3,11,40,36,256,43,41,64,233,47,42,70,217,44,1*50
1777598455.310,$GPGSV,2,1,07,01,35,041,21,03,23,103,17,06,35,211,32,07,52,172,44,6*67
1777598455.310,$GPGSV,2,2,07,14,43,353,46,17,44,320,42,30,70,253,46,6*52
1777598455.311,$GPGSV,1,1,03,02,06,036,,09,06,171,,50,56,115,,0*5C
1777598455.311,$GLGSV,2,1,06,73,37,350,46,79,17,129,20,80,57,079,50,82,11,023,19,1*7B
1777598455.312,$GLGSV,2,2,06,83,60,354,48,84,50,236,46,1*71
1777598455.312,$GLGSV,2,1,06,73,37,350,47,79,17,129,21,80,57,079,50,82,11,023,19,3*79
1777598455.313,$GLGSV,2,2,06,83,60,354,47,84,50,236,46,3*7C
1777598455.313,$GLGSV,1,1,01,85,07,217,,0*46
1777598455.314,$GAGSV,3,1,09,02,45,013,50,03,20,195,44,08,23,250,37,15,17,206,39,2*73
1777598455.314,$GAGSV,3,2,09,18,42,294,48,25,29,081,20,30,17,320,37,34,67,179,51,2*78
1777598455.314,$GAGSV,3,3,09,36,51,049,50,2*46
1777598455.315,$GAGSV,3,1,09,02,45,013,45,03,20,195,39,08,23,250,32,15,17,206,36,7*72
1777598455.316,$GAGSV,3,2,09,18,42,294,44,25,29,081,17,30,17,320,32,34,67,179,46,7*76
1777598455.316,$GAGSV,3,3,09,36,51,049,43,7*41
1777598455.316,$GAGSV,1,1,03,07,04,296,,11,05,035,,32,26,223,,0*4C
1777598455.317,$GBGSV,2,1,08,06,24,148,30,07,54,159,46,08,46,005,45,10,65,157,46,1*77
1777598455.318,$GBGSV,2,2,08,13,66,317,50,23,61,346,50,25,59,116,50,28,51,260,46,1*7E
1777598455.318,$GBGSV,1,1,02,09,16,171,40,10,65,157,48,3*76
1777598455.319,$GNGLL,1339.09136,N,10029.57923,E,012055.00,A,D*74
1777598456.301,$GNRMC,012056.00,A,1339.09206,N,10029.57921,E,2.630,356.72,010526,0.53,W,R,V*53
1777598456.302,$GNVTG,356.72,T,357.25,M,2.630,N,4.870,K,D*37
1777598456.304,$GNGGA,012056.00,1339.09206,N,10029.57921,E,4,12,0.73,-0.8,M,-27.8,M,1.0,0499*69
1777598456.305,$GNGSA,A,3,07,14,17,06,22,30,19,,,,,,1.42,0.73,1.22,1*0A
1777598456.305,$GNGSA,A,3,79,73,80,84,83,,,,,,,,1.42,0.73,1.22,2*05
1777598456.306,$GNGSA,A,3,08,15,03,02,30,34,36,,,,,,1.42,0.73,1.22,3*0D
1777598456.306,$GNGSA,A,3,07,08,10,23,25,28,13,06,,,,,1.42,0.73,1.22,4*00
1777598456.307,$GPGSV,3,1,11,01,35,041,21,06,35,211,38,07,52,172,45,14,43,353,47,1*6F
1777598456.307,$GPGSV,3,2,11,17,44,320,43,19,31,282,41,22,33,339,44,30,70,253,47,1*68
1777598456.308,$GPGSV,3,3,11,40,36,256,42,41,64,233,47,42,70,217,46,1*53
1777598456.309,$GPGSV,2,1,07,01,35,041,22,03,23,103,18,06,35,211,37,07,52,172,43,6*69
1777598456.309,$GPGSV,2,2,07,14,43,353,45,17,44,320,42,30,70,253,46,6*51
1777598456.310,$GPGSV,1,1,03,02,06,036,,09,06,171,,50,56,115,,0*5C
1777598456.310,$GLGSV,2,1,06,73,37,350,47,79,17,129,23,80,57,079,49,82,11,023,19,1*71
1777598456.311,$GLGSV,2,2,06,83,60,354,47,84,50,236,48,1*70
1777598456.311,$GLGSV,2,1,06,73,37,350,49,79,17,129,21,80,57,079,49,82,11,023,19,3*7F
1777598456.312,$GLGSV,2,2,06,83,60,354,48,84,50,236,45,3*70
1777598456.312,$GLGSV,1,1,01,85,08,217,,0*49
1777598456.313,$GAGSV,3,1,09,02,45,013,48,03,20,195,43,08,23,250,33,15,17,206,41,2*76
1777598456.313,$GAGSV,3,2,09,18,42,294,49,25,29,081,17,30,17,320,32,34,67,179,50,2*79
1777598456.314,$GAGSV,3,3,09,36,51,049,50,2*46
1777598456.314,$GAGSV,3,1,09,02,45,013,44,03,20,195,40,08,23,250,32,15,17,206,33,7*78
1777598456.315,$GAGSV,3,2,09,18,42,294,44,25,29,081,16,30,17,320,35,34,67,179,46,7*70
1777598456.315,$GAGSV,3,3,09,36,51,049,44,7*46
1777598456.316,$GAGSV,1,1,03,07,04,296,,11,05,035,,32,26,223,,0*4C
1777598456.316,$GBGSV,2,1,08,06,24,148,31,07,54,159,46,08,46,005,45,10,65,157,48,1*78
1777598456.317,$GBGSV,2,2,08,13,66,317,49,23,61,346,50,25,59,116,49,28,51,260,44,1*7C
1777598456.317,$GBGSV,1,1,02,09,16,171,41,10,65,157,49,3*76
1777598456.318,$GNGLL,1339.09206,N,10029.57921,E,012056.00,A,D*75
1777598457.297,$GNRMC,012057.00,A,1339.09282,N,10029.57918,E,2.712,356.49,010526,0.53,W,R,V*5D
1777598457.299,$GNVTG,356.49,T,357.02,M,2.712,N,5.022,K,D*35
1777598457.301,$GNGGA,012057.00,1339.09282,N,10029.57918,E,4,12,0.73,-0.8,M,-27.8,M,1.0,0499*6E
1777598457.301,$GNGSA,A,3,07,14,17,06,22,30,01,19,,,,,1.51,0.73,1.33,1*09
1777598457.302,$GNGSA,A,3,79,73,80,84,83,,,,,,,,1.51,0.73,1.33,2*07
1777598457.302,$GNGSA,A,3,08,15,03,02,30,34,36,,,,,,1.51,0.73,1.33,3*0F
1777598457.303,$GNGSA,A,3,07,08,10,23,25,28,13,,,,,,1.51,0.73,1.33,4*04
1777598457.303,$GPGSV,3,1,12,01,35,041,22,03,23,103,09,06,35,211,41,07,52,172,46,1*6F
1777598457.304,$GPGSV,3,2,12,14,43,353,45,17,44,320,45,19,31,282,35,22,33,339,45,1*6A
1777598457.305,$GPGSV,3,3,12,30,70,253,47,40,36,256,38,41,64,233,48,42,70,217,43,1*64
1777598457.306,$GPGSV,2,1,07,01,35,041,24,03,23,103,17,06,35,211,41,07,52,172,45,6*67
1777598457.306,$GPGSV,2,2,07,14,43,353,45,17,44,320,42,30,70,253,46,6*51
1777598457.307,$GPGSV,1,1,03,02,06,036,,09,06,171,,50,56,115,,0*5C
1777598457.307,$GLGSV,2,1,06,73,37,350,46,79,17,129,23,80,57,079,49,82,11,023,19,1*70
1777598457.308,$GLGSV,2,2,06,83,60,354,46,84,50,236,44,1*7D
1777598457.309,$GLGSV,2,1,06,73,37,350,47,79,17,129,22,80,57,079,49,82,11,023,20,3*78
1777598457.309,$GLGSV,2,2,06,83,60,354,50,84,50,236,47,3*7B
1777598457.310,$GLGSV,1,1,01,85,08,217,,0*49
1777598457.310,$GAGSV,3,1,09,02,45,013,49,03,20,195,43,08,23,250,38,15,17,206,36,2*7C
1777598457.311,$GAGSV,3,2,09,18,42,294,49,25,29,081,15,30,17,320,34,34,67,179,50,2*7D
1777598457.311,$GAGSV,3,3,09,36,51,049,52,2*44
1777598457.312,$GAGSV,3,1,09,02,45,013,45,03,20,195,35,08,23,250,37,15,17,206,33,7*7E
1777598457.313,$GAGSV,3,2,09,18,42,294,42,25,29,081,16,30,17,320,35,34,67,179,47,7*77
1777598457.313,$GAGSV,3,3,09,36,51,049,45,7*47
1777598457.313,$GAGSV,1,1,03,07,04,296,,11,05,035,,32,26,223,,0*4C
1777598457.314,$GBGSV,2,1,07,07,54,159,47,08,46,005,45,10,65,157,46,13,66,317,49,1*7D
1777598457.315,$GBGSV,2,2,07,23,61,346,50,25,59,116,49,28,51,260,47,1*4A
1777598457.315,$GBGSV,1,1,02,09,16,171,40,10,65,157,49,3*77
1777598457.315,$GBGSV,1,1,01,06,24,148,,0*4B
1777598457.316,$GNGLL,1339.09282,N,10029.57918,E,012057.00,A,D*72
1777598458.303,$GNRMC,012058.00,A,1339.09357,N,10029.57912,E,2.741,354.81,010526,0.53,W,R,V*51
1777598458.305,$GNVTG,354.81,T,355.34,M,2.741,N,5.077,K,D*32
1777598458.306,$GNGGA,012058.00,1339.09357,N,10029.57912,E,4,12,0.73,-0.7,M,-27.8,M,1.0,0499*6D
1777598458.307,$GNGSA,A,3,07,14,17,06,22,30,01,19,,,,,1.51,0.73,1.33,1*09
1777598458.308,$GNGSA,A,3,79,73,80,84,83,,,,,,,,1.51,0.73,1.33,2*07
1777598458.308,$GNGSA,A,3,08,15,03,02,30,34,36,,,,,,1.51,0.73,1.33,3*0F
1777598458.309,$GNGSA,A,3,07,08,10,23,25,28,13,,,,,,1.51,0.73,1.33,4*04
1777598458.309,$GPGSV,3,1,12,01,35,041,22,03,23,103,15,06,35,211,35,07,52,172,44,1*63
1777598458.310,$GPGSV,3,2,12,14,43,353,43,17,44,320,43,19,31,282,38,22,33,339,42,1*60
1777598458.311,$GPGSV,3,3,12,30,70,253,47,40,36,256,38,41,64,233,46,42,70,217,45,1*6C
1777598458.311,$GPGSV,2,1,07,01,35,041,25,03,23,103,18,06,35,211,40,07,52,172,46,6*6B
1777598458.312,$GPGSV,2,2,07,14,43,353,45,17,44,320,40,30,70,253,45,6*50
1777598458.312,$GPGSV,1,1,03,02,06,036,,09,06,171,,50,56,115,,0*5C
1777598458.313,$GLGSV,2,1,06,73,37,350,46,79,17,129,23,80,57,079,50,82,11,023,19,1*78
1777598458.314,$GLGSV,2,2,06,83,60,354,50,84,50,236,46,1*78
1777598458.315,$GLGSV,2,1,06,73,37,350,49,79,17,129,23,80,57,079,49,82,11,023,21,3*76
1777598458.315,$GLGSV,2,2,06,83,60,354,48,84,50,236,47,3*72
1777598458.316,$GLGSV,1,1,01,85,08,217,,0*49
1777598458.316,$GAGSV,3,1,09,02,45,013,51,03,20,195,44,08,23,250,40,15,17,206,32,2*79
1777598458.317,$GAGSV,3,2,09,18,42,294,50,25,29,081,14,30,17,320,38,34,67,179,50,2*78
1777598458.317,$GAGSV,3,3,09,36,51,049,48,2*4F
1777598458.318,$GAGSV,3,1,09,02,45,013,46,03,20,195,36,08,23,250,37,15,17,206,38,7*75
1777598458.318,$GAGSV,3,2,09,18,42,294,45,25,29,081,16,30,17,320,26,34,67,179,46,7*73
1777598458.319,$GAGSV,3,3,09,36,51,049,43,7*41
1777598458.319,$GAGSV,1,1,03,07,04,296,,11,05,035,,32,26,223,,0*4C
1777598458.320,$GBGSV,2,1,08,06,24,148,27,07,54,159,46,08,46,005,44,10,65,157,45,1*73
1777598458.321,$GBGSV,2,2,08,13,66,317,50,23,61,346,47,25,59,116,48,28,51,260,43,1*74
1777598458.321,$GBGSV,1,1,02,09,16,171,39,10,65,157,48,3*78
1777598458.322,$GNGLL,1339.09357,N,10029.57912,E,012058.00,A,D*7E
1777598459.301,$GNRMC,012059.00,A,1339.09431,N,10029.57904,E,2.646,355.56,010526,0.53,W,R,V*5D
1777598459.302,$GNVTG,355.56,T,356.09,M,2.646,N,4.901,K,D*3B
1777598459.304,$GNGGA,012059.00,1339.09431,N,10029.57904,E,4,12,0.77,-0.8,M,-27.8,M,1.0,0499*67
1777598459.305,$GNGSA,A,3,07,14,17,06,22,30,01,19,,,,,1.54,0.77,1.33,1*08
1777598459.305,$GNGSA,A,3,79,73,80,84,83,,,,,,,,1.54,0.77,1.33,2*06
1777598459.305,$GNGSA,A,3,08,15,03,02,30,34,36,,,,,,1.54,0.77,1.33,3*0E
1777598459.306,$GNGSA,A,3,07,08,10,23,25,28,13,,,,,,1.54,0.77,1.33,4*05
1777598459.307,$GPGSV,3,1,12,01,35,041,21,03,23,103,19,06,35,211,40,07,52,172,46,1*6C
1777598459.307,$GPGSV,3,2,12,14,43,353,44,17,44,320,44,19,31,282,41,22,33,339,41,1*6D
1777598459.308,$GPGSV,3,3,12,30,70,253,46,40,36,256,42,41,64,233,46,42,70,217,45,1*60
1777598459.308,$GPGSV,2,1,07,01,35,041,23,03,23,103,17,06,35,211,41,07,52,172,43,6*66
1777598459.309,$GPGSV,2,2,07,14,43,353,46,17,44,320,40,30,70,253,45,6*53
1777598459.310,$GPGSV,1,1,03,02,06,036,,09,06,171,,50,56,115,,0*5C
1777598459.310,$GLGSV,2,1,06,73,37,350,46,79,17,129,23,80,57,079,50,82,11,023,20,1*72
1777598459.311,$GLGSV,2,2,06,83,60,354,49,84,50,236,46,1*70
1777598459.311,$GLGSV,2,1,06,73,37,350,47,79,17,129,29,80,57,079,49,82,11,023,21,3*72
1777598459.312,$GLGSV,2,2,06,83,60,354,45,84,50,236,45,3*7D
1777598459.312,$GLGSV,1,1,01,85,08,217,,0*49
1777598459.313,$GAGSV,3,1,09,02,45,013,50,03,20,195,38,08,23,250,39,15,17,206,38,2*77
1777598459.313,$GAGSV,3,2,09,18,42,294,48,25,29,081,15,30,17,320,38,34,67,179,51,2*71
1777598459.314,$GAGSV,3,3,09,36,51,049,50,2*46
1777598459.314,$GAGSV,2,1,08,02,45,013,45,03,20,195,40,15,17,206,34,18,42,294,46,7*73
1777598459.315,$GAGSV,2,2,08,25,29,081,14,30,17,320,35,34,67,179,44,36,51,049,43,7*7B
1777598459.315,$GAGSV,1,1,03,07,04,296,,11,05,035,,32,26,223,,0*4C
1777598459.316,$GBGSV,2,1,07,07,54,159,45,08,46,005,44,10,65,157,46,13,66,317,48,1*7F
1777598459.316,$GBGSV,2,2,07,23,61,346,48,25,59,116,48,28,51,260,46,1*43
1777598459.317,$GBGSV,1,1,02,09,16,171,38,10,65,157,49,3*78
1777598459.317,$GBGSV,1,1,01,06,24,148,,0*4B
1777598459.318,$GNGLL,1339.09431,N,10029.57904,E,012059.00,A,D*7F
1777598460.304,$GNRMC,012100.00,A,1339.09505,N,10029.57893,E,2.674,351.53,010526,0.53,W,R,V*59
1777598460.306,$GNVTG,351.53,T,352.06,M,2.674,N,4.953,K,D*37
1777598460.308,$GNGGA,012100.00,1339.09505,N,10029.57893,E,4,12,0.73,-0.8,M,-27.8,M,1.0,0499*67
1777598460.309,$GNGSA,A,3,07,14,17,06,22,30,01,19,,,,,1.51,0.73,1.33,1*09
1777598460.310,$GNGSA,A,3,79,73,80,84,83,,,,,,,,1.51,0.73,1.33,2*07
1777598460.312,$GNGSA,A,3,08,15,03,02,30,34,36,,,,,,1.51,0.73,1.33,3*0F
1777598460.313,$GNGSA,A,3,07,08,10,23,25,28,13,,,,,,1.51,0.73,1.33,4*04
1777598460.315,$GPGSV,3,1,11,01,35,041,21,06,35,211,43,07,52,172,46,14,43,353,44,1*63
1777598460.316,$GPGSV,3,2,11,17,44,320,43,19,31,282,35,22,33,339,42,30,70,253,45,1*6F
1777598460.319,$GPGSV,3,3,11,40,36,256,42,41,64,233,45,42,70,217,47,1*50
1777598460.322,$GPGSV,2,1,07,01,35,041,23,03,23,103,16,06,35,211,43,07,52,172,44,6*62
1777598460.325,$GPGSV,2,2,07,14,43,353,45,17,44,320,42,30,70,253,44,6*53
1777598460.327,$GPGSV,1,1,03,02,06,036,,09,06,171,,50,56,115,,0*5C
1777598460.329,$GLGSV,2,1,06,73,37,350,45,79,17,129,23,80,57,079,50,82,11,023,20,1*71
1777598460.331,$GLGSV,2,2,06,83,60,354,48,84,50,236,47,1*70
1777598460.333,$GLGSV,2,1,06,73,37,350,46,79,17,129,23,80,57,079,49,82,11,023,21,3*79
1777598460.334,$GLGSV,2,2,06,83,60,354,48,84,50,236,48,3*7D
1777598460.335,$GLGSV,1,1,01,85,08,217,,0*49
1777598460.336,$GAGSV,3,1,09,02,45,013,50,03,20,195,40,08,23,250,36,15,17,206,28,2*76
1777598460.337,$GAGSV,3,2,09,18,42,294,49,25,29,081,17,30,17,320,46,34,67,179,49,2*72
1777598460.338,$GAGSV,3,3,09,36,51,049,51,2*47
1777598460.338,$GAGSV,3,1,09,02,45,013,46,03,20,195,37,08,23,250,39,15,17,206,33,7*71
1777598460.339,$GAGSV,3,2,09,18,42,294,45,25,29,081,15,30,17,320,38,34,67,179,46,7*7F
1777598460.339,$GAGSV,3,3,09,36,51,049,43,7*41
1777598460.340,$GAGSV,1,1,03,07,04,296,,11,05,035,,32,26,223,,0*4C
1777598460.340,$GBGSV,2,1,08,06,24,148,26,07,54,159,45,08,46,005,45,10,65,157,45,1*70
1777598460.341,$GBGSV,2,2,08,13,66,317,47,23,61,346,50,25,59,116,46,28,51,260,48,1*71
1777598460.341,$GBGSV,1,1,02,09,16,171,38,10,65,157,48,3*79
1777598460.342,$GNGLL,1339.09505,N,10029.57893,E,012100.00,A,D*7B
1777598461.302,$GNRMC,012101.00,A,1339.09576,N,10029.57874,E,2.582,342.53,010526,0.53,W,R,V*5D
1777598461.304,$GNVTG,342.53,T,343.06,M,2.582,N,4.781,K,D*3E
1777598461.306,$GNGGA,012101.00,1339.09576,N,10029.57874,E,4,12,0.73,-0.7,M,-27.8,M,1.0,0499*64
1777598461.306,$GNGSA,A,3,07,14,17,06,22,30,01,19,,,,,1.51,0.73,1.33,1*09
1777598461.307,$GNGSA,A,3,79,73,80,84,83,,,,,,,,1.51,0.73,1.33,2*07
1777598461.307,$GNGSA,A,3,08,15,03,02,30,34,36,,,,,,1.51,0.73,1.33,3*0F
1777598461.308,$GNGSA,A,3,07,08,10,23,25,28,13,,,,,,1.51,0.73,1.33,4*04
1777598461.308,$GPGSV,3,1,11,01,35,040,21,06,35,211,41,07,52,172,45,14,43,353,44,1*63
1777598461.309,$GPGSV,3,2,11,17,44,320,44,19,31,282,38,22,33,339,45,30,70,253,45,1*62
1777598461.310,$GPGSV,3,3,11,40,36,256,37,41,64,233,46,42,70,217,45,1*53
1777598461.310,$GPGSV,2,1,07,01,35,040,22,03,23,103,17,06,35,211,42,07,52,172,43,6*65
1777598461.311,$GPGSV,2,2,07,14,43,353,46,17,44,320,43,30,70,253,43,6*56
1777598461.311,$GPGSV,1,1,03,02,06,036,,09,06,171,,50,56,115,,0*5C
1777598461.312,$GLGSV,2,1,06,73,37,350,43,79,17,129,25,80,57,079,50,82,11,023,21,1*70
1777598461.312,$GLGSV,2,2,06,83,60,354,49,84,50,236,48,1*7E
1777598461.313,$GLGSV,2,1,06,73,37,350,45,79,17,129,30,80,57,079,49,82,11,023,28,3*71
1777598461.314,$GLGSV,2,2,06,83,60,354,48,84,50,236,50,3*74
1777598461.314,$GLGSV,1,1,01,85,08,217,,0*49
1777598461.315,$GAGSV,3,1,09,02,45,013,50,03,20,195,37,08,23,250,40,15,17,206,29,2*76
1777598461.315,$GAGSV,3,2,09,18,42,294,48,25,29,081,18,30,17,320,43,34,67,179,51,2*70
1777598461.316,$GAGSV,3,3,09,36,51,049,50,2*46
1777598461.316,$GAGSV,3,1,09,02,45,013,46,03,20,195,37,08,23,250,33,15,17,206,28,7*71
1777598461.317,$GAGSV,3,2,09,18,42,294,41,25,29,081,16,30,17,320,35,34,67,179,45,7*76
1777598461.317,$GAGSV,3,3,09,36,51,049,45,7*47
1777598461.318,$GAGSV,1,1,03,07,04,296,,11,05,035,,32,26,223,,0*4C
1777598461.319,$GBGSV,2,1,07,07,54,159,46,08,46,005,44,10,65,157,46,13,66,317,46,1*72
1777598461.319,$GBGSV,2,2,07,23,61,346,49,25,59,116,50,28,51,260,48,1*45
1777598461.320,$GBGSV,1,1,02,09,16,171,41,10,65,157,48,3*77
1777598461.321,$GBGSV,1,1,01,06,24,148,,0*4B
1777598461.321,$GNGLL,1339.09576,N,10029.57874,E,012101.00,A,D*77
1777598462.303,$GNRMC,012102.00,A,1339.09643,N,10029.57845,E,2.746,333.43,010526,0.53,W,R,V*54
1777598462.305,$GNVTG,333.43,T,333.96,M,2.746,N,5.086,K,D*3C
1777598462.307,$GNGGA,012102.00,1339.09643,N,10029.57845,E,4,12,0.81,-0.7,M,-27.8,M,1.0,0499*6D
1777598462.307,$GNGSA,A,3,07,14,17,06,22,30,19,,,,,,1.63,0.81,1.41,1*01
1777598462.308,$GNGSA,A,3,79,73,80,84,83,82,,,,,,,1.63,0.81,1.41,2*04
1777598462.308,$GNGSA,A,3,08,15,03,02,30,34,36,,,,,,1.63,0.81,1.41,3*06
1777598462.309,$GNGSA,A,3,07,08,10,23,25,28,13,06,,,,,1.63,0.81,1.41,4*0B
1777598462.309,$GPGSV,3,1,12,01,35,040,20,03,23,103,21,06,35,211,38,07,52,172,45,1*6B
1777598462.310,$GPGSV,3,2,12,14,43,353,42,17,44,320,45,19,31,282,43,22,33,339,44,1*6D
1777598462.311,$GPGSV,3,3,12,30,70,253,46,40,36,256,35,41,64,233,47,42,70,217,44,1*60
1777598462.311,$GPGSV,2,1,07,01,35,040,24,03,23,103,17,06,35,211,40,07,52,172,45,6*67
1777598462.312,$GPGSV,2,2,07,14,43,353,45,17,44,320,44,30,70,253,44,6*55
1777598462.313,$GPGSV,1,1,03,02,05,036,,09,06,171,,50,56,115,,0*5F
1777598462.313,$GLGSV,2,1,06,73,37,350,43,79,17,129,25,80,57,079,49,82,11,023,22,1*7B
1777598462.314,$GLGSV,2,2,06,83,60,354,46,84,50,236,46,1*7F
1777598462.314,$GLGSV,2,1,06,73,37,350,44,79,17,129,29,80,57,079,48,82,11,023,28,3*79
1777598462.315,$GLGSV,2,2,06,83,60,354,45,84,50,236,49,3*71
1777598462.315,$GLGSV,1,1,01,85,08,217,,0*49
1777598462.316,$GAGSV,3,1,09,02,45,013,49,03,20,195,38,08,23,250,29,15,17,206,30,2*76
1777598462.316,$GAGSV,3,2,09,18,42,294,48,25,29,081,20,30,17,320,41,34,67,179,49,2*70
1777598462.317,$GAGSV,3,3,09,36,51,049,45,2*42
1777598462.317,$GAGSV,3,1,09,02,45,013,44,03,20,195,35,08,23,250,37,15,17,206,27,7*7A
1777598462.318,$GAGSV,3,2,09,18,42,294,45,25,29,081,17,30,17,320,36,34,67,179,44,7*71
1777598462.319,$GAGSV,3,3,09,36,51,049,40,7*42
1777598462.319,$GAGSV,1,1,03,07,04,296,,11,05,035,,32,26,223,,0*4C
1777598462.320,$GBGSV,2,1,08,06,24,148,32,07,54,159,46,08,46,005,45,10,65,157,46,1*75
1777598462.320,$GBGSV,2,2,08,13,66,317,46,23,61,346,47,25,59,116,49,28,51,260,47,1*76
1777598462.321,$GBGSV,1,1,02,09,16,171,41,10,65,157,49,3*76
1777598462.321,$GNGLL,1339.09643,N,10029.57845,E,012102.00,A,D*73
1777598463.303,$GNRMC,012103.00,A,1339.09709,N,10029.57802,E,2.828,321.84,010526,0.53,W,R,V*56
1777598463.305,$GNVTG,321.84,T,322.37,M,2.828,N,5.237,K,D*30
1777598463.306,$GNGGA,012103.00,1339.09709,N,10029.57802,E,4,12,0.73,-0.7,M,-27.8,M,1.0,0499*6D
1777598463.307,$GNGSA,A,3,07,14,17,06,22,30,19,,,,,,1.43,0.73,1.22,1*0B
1777598463.307,$GNGSA,A,3,79,73,80,84,83,82,,,,,,,1.43,0.73,1.22,2*0E
1777598463.308,$GNGSA,A,3,08,15,03,02,30,34,36,,,,,,1.43,0.73,1.22,3*0C
1777598463.308,$GNGSA,A,3,07,08,10,23,25,28,13,06,,,,,1.43,0.73,1.22,4*01
1777598463.309,$GPGSV,3,1,12,01,35,040,20,03,24,102,20,06,35,211,41,07,52,172,45,1*62
1777598463.310,$GPGSV,3,2,12,14,43,353,46,17,44,320,46,19,31,282,40,22,33,339,44,1*69
1777598463.310,$GPGSV,3,3,12,30,70,253,48,40,36,256,43,41,64,233,48,42,70,217,47,1*63
1777598463.311,$GPGSV,2,1,07,01,35,040,24,03,24,102,19,06,35,211,40,07,52,172,42,6*68
1777598463.311,$GPGSV,2,2,07,14,43,353,46,17,44,320,44,30,70,253,44,6*56
1777598463.312,$GPGSV,1,1,03,02,05,036,,09,06,171,,50,56,115,,0*5F
1777598463.313,$GLGSV,2,1,06,73,37,350,47,79,17,129,26,80,57,079,49,82,11,023,23,1*7D
1777598463.313,$GLGSV,2,2,06,83,60,354,48,84,50,236,47,1*70
1777598463.314,$GLGSV,2,1,06,73,37,350,48,79,17,129,29,80,57,079,49,82,11,023,28,3*74
1777598463.314,$GLGSV,2,2,06,83,60,354,46,84,50,236,49,3*72
1777598463.315,$GLGSV,1,1,01,85,08,217,,0*49
1777598463.315,$GAGSV,3,1,09,02,45,013,48,03,20,195,36,08,23,250,34,15,17,206,26,2*72
1777598463.316,$GAGSV,3,2,09,18,42,294,46,25,29,081,20,30,17,320,41,34,67,179,50,2*76
1777598463.316,$GAGSV,3,3,09,36,51,049,41,2*46
1777598463.317,$GAGSV,2,1,08,02,45,013,41,03,20,195,31,15,17,206,26,18,42,294,43,7*77
1777598463.318,$GAGSV,2,2,08,25,29,081,18,30,17,320,36,34,67,179,44,36,51,049,33,7*73
1777598463.318,$GAGSV,1,1,03,07,04,296,,11,05,035,,32,26,223,,0*4C
1777598463.319,$GBGSV,2,1,08,06,24,148,33,07,54,159,45,08,46,005,43,10,65,157,44,1*73
1777598463.319,$GBGSV,2,2,08,13,66,317,49,23,61,346,50,25,59,116,50,28,51,260,47,1*77
1777598463.320,$GBGSV,1,1,02,09,16,171,40,10,65,157,46,3*78
1777598463.320,$GNGLL,1339.09709,N,10029.57802,E,012103.00,A,D*7E
1777598464.299,$GNRMC,012104.00,A,1339.09766,N,10029.57747,E,2.918,312.59,010526,0.53,W,R,V*54
1777598464.301,$GNVTG,312.59,T,313.12,M,2.918,N,5.404,K,D*31
1777598464.303,$GNGGA,012104.00,1339.09766,N,10029.57747,E,4,12,0.64,-0.7,M,-27.8,M,1.0,0499*6B
1777598464.303,$GNGSA,A,3,07,14,17,06,22,30,19,,,,,,1.31,0.64,1.14,1*0D
1777598464.304,$GNGSA,A,3,73,80,84,83,82,,,,,,,,1.31,0.64,1.14,2*06
1777598464.304,$GNGSA,A,3,25,08,15,03,02,30,34,36,,,,,1.31,0.64,1.14,3*0D
1777598464.305,$GNGSA,A,3,07,08,10,23,25,28,13,06,,,,,1.31,0.64,1.14,4*07
1777598464.305,$GPGSV,3,1,12,01,35,040,19,03,24,102,18,06,35,211,37,07,52,172,45,1*62
1777598464.306,$GPGSV,3,2,12,14,43,353,42,17,44,320,46,19,31,282,42,22,33,339,44,1*6F
1777598464.306,$GPGSV,3,3,12,30,70,253,47,40,36,256,44,41,64,233,48,42,70,217,46,1*6A
1777598464.307,$GPGSV,2,1,07,01,35,040,22,03,24,102,21,06,35,211,42,07,52,172,44,6*61
1777598464.308,$GPGSV,2,2,07,14,43,353,45,17,44,320,43,30,70,253,45,6*53
1777598464.308,$GPGSV,1,1,03,02,05,036,,09,06,171,,50,56,115,,0*5F
1777598464.309,$GLGSV,2,1,06,73,37,350,44,79,17,129,24,80,57,079,48,82,11,023,30,1*7F
1777598464.309,$GLGSV,2,2,06,83,60,354,49,84,50,236,47,1*71
1777598464.310,$GLGSV,2,1,06,73,37,350,48,79,17,129,22,80,57,079,47,82,11,023,28,3*71
1777598464.310,$GLGSV,2,2,06,83,60,354,49,84,50,236,46,3*72
1777598464.310,$GLGSV,1,1,01,85,08,217,,0*49
1777598464.311,$GAGSV,3,1,09,02,45,013,48,03,20,195,25,08,23,250,39,15,17,206,27,2*7C
1777598464.312,$GAGSV,3,2,09,18,42,294,47,25,29,081,24,30,17,320,36,34,67,179,51,2*72
1777598464.312,$GAGSV,3,3,09,36,51,049,38,2*48
1777598464.312,$GAGSV,2,1,07,02,45,013,45,03,20,195,31,18,42,294,42,25,29,081,21,7*79
1777598464.313,$GAGSV,2,2,07,30,17,320,33,34,67,179,45,36,51,049,32,7*45
1777598464.314,$GAGSV,1,1,03,07,04,296,,11,05,035,,32,26,223,,0*4C
1777598464.314,$GBGSV,2,1,08,06,24,148,33,07,54,159,46,08,46,005,45,10,65,157,47,1*75
1777598464.315,$GBGSV,2,2,08,13,66,317,49,23,61,346,48,25,59,116,46,28,51,260,47,1*79
1777598464.315,$GBGSV,1,1,02,09,16,171,35,10,65,157,50,3*7D
1777598464.316,$GNGLL,1339.09766,N,10029.57747,E,012104.00,A,D*7E
1777598465.304,$GNRMC,012105.00,A,1339.09814,N,10029.57680,E,2.980,300.51,010526,0.53,W,R,V*5F
1777598465.306,$GNVTG,300.51,T,301.04,M,2.980,N,5.519,K,D*32
1777598465.307,$GNGGA,012105.00,1339.09814,N,10029.57680,E,4,12,0.68,-0.7,M,-27.8,M,1.0,0499*66
1777598465.308,$GNGSA,A,3,07,14,17,06,22,30,19,,,,,,1.41,0.68,1.24,1*05
1777598465.308,$GNGSA,A,3,73,80,84,83,79,82,,,,,,,1.41,0.68,1.24,2*00
1777598465.309,$GNGSA,A,3,25,08,15,03,02,30,34,36,,,,,1.41,0.68,1.24,3*05
1777598465.309,$GNGSA,A,3,07,08,10,23,25,28,13,,,,,,1.41,0.68,1.24,4*09
1777598465.310,$GPGSV,3,1,12,01,35,040,18,03,24,102,29,06,35,211,41,07,52,172,43,1*66
1777598465.311,$GPGSV,3,2,12,14,43,353,43,17,44,320,42,19,31,282,43,22,33,339,42,1*6D
1777598465.311,$GPGSV,3,3,12,30,70,253,47,40,36,256,42,41,64,233,46,42,70,217,45,1*61
1777598465.312,$GPGSV,2,1,07,01,35,040,22,03,24,102,22,06,35,211,41,07,52,172,45,6*60
1777598465.312,$GPGSV,2,2,07,14,43,353,44,17,44,320,42,30,70,253,46,6*50
1777598465.313,$GPGSV,1,1,03,02,05,036,,09,06,171,,50,56,115,,0*5F
1777598465.314,$GLGSV,2,1,06,73,37,350,45,79,17,129,29,80,57,079,49,82,11,023,37,1*75
1777598465.314,$GLGSV,2,2,06,83,60,354,49,84,50,236,47,1*71
1777598465.315,$GLGSV,2,1,06,73,37,350,47,79,17,129,25,80,57,079,48,82,11,023,36,3*79
1777598465.315,$GLGSV,2,2,06,83,60,354,48,84,50,236,48,3*7D
1777598465.316,$GLGSV,1,1,01,85,08,217,,0*49
1777598465.316,$GAGSV,3,1,09,02,45,013,50,03,20,195,30,08,23,250,41,15,17,206,35,2*7D
1777598465.317,$GAGSV,3,2,09,18,42,294,48,25,29,081,40,30,17,320,37,34,67,179,51,2*7E
1777598465.317,$GAGSV,3,3,09,36,51,049,39,2*49
1777598465.318,$GAGSV,2,1,08,02,45,013,44,03,20,195,25,08,23,250,32,18,42,294,42,7*7B
1777598465.319,$GAGSV,2,2,08,25,29,081,34,30,17,320,30,34,67,179,45,36,51,049,28,7*70
1777598465.319,$GAGSV,1,1,03,07,04,296,,11,05,035,,32,26,223,,0*4C
1777598465.320,$GBGSV,2,1,08,06,24,148,32,07,54,159,46,08,46,005,45,10,65,157,45,1*76
1777598465.320,$GBGSV,2,2,08,13,66,317,50,23,61,346,48,25,59,116,48,28,51,260,49,1*71
1777598465.321,$GBGSV,1,1,02,09,16,171,26,10,65,157,49,3*77
1777598465.321,$GNGLL,1339.09814,N,10029.57680,E,012105.00,A,D*7F
1777598466.301,$GNRMC,012106.00,A,1339.09851,N,10029.57603,E,3.005,294.48,010526,0.53,W,R,V*57
1777598466.303,$GNVTG,294.48,T,295.01,M,3.005,N,5.566,K,D*32
1777598466.305,$GNGGA,012106.00,1339.09851,N,10029.57603,E,4,12,0.62,-0.7,M,-27.8,M,1.0,0499*65
1777598466.306,$GNGSA,A,3,07,14,17,06,03,22,30,19,,,,,1.20,0.62,1.03,1*0E
1777598466.306,$GNGSA,A,3,73,80,84,83,79,82,,,,,,,1.20,0.62,1.03,2*08
1777598466.306,$GNGSA,A,3,25,08,15,02,30,34,36,,,,,,1.20,0.62,1.03,3*0E
1777598466.307,$GNGSA,A,3,07,08,10,23,25,28,13,,,,,,1.20,0.62,1.03,4*01
1777598466.308,$GPGSV,3,1,12,01,35,040,19,03,24,102,31,06,36,212,42,07,52,172,45,1*6B
1777598466.308,$GPGSV,3,2,12,14,43,353,44,17,44,320,44,19,31,282,44,22,33,339,42,1*6B
1777598466.309,$GPGSV,3,3,12,30,70,253,47,40,36,256,43,41,64,233,48,42,70,217,46,1*6D
1777598466.310,$GPGSV,2,1,07,01,35,040,22,03,24,102,28,06,36,212,41,07,52,172,43,6*6C
1777598466.310,$GPGSV,2,2,07,14,43,353,44,17,44,320,43,30,70,253,45,6*52
1777598466.311,$GPGSV,1,1,03,02,05,036,,09,06,171,,50,56,115,,0*5F
1777598466.311,$GLGSV,2,1,06,73,37,350,46,79,17,129,24,80,57,079,48,82,11,023,35,1*78
1777598466.312,$GLGSV,2,2,06,83,60,354,48,84,50,236,48,1*7F
1777598466.312,$GLGSV,2,1,06,73,37,350,47,79,17,129,26,80,57,079,48,82,11,023,38,3*74
1777598466.313,$GLGSV,2,2,06,83,60,354,48,84,50,236,48,3*7D
1777598466.313,$GLGSV,1,1,01,85,08,217,,0*49
1777598466.314,$GAGSV,3,1,09,02,45,013,48,03,20,195,34,08,23,250,42,15,17,206,35,2*73
1777598466.314,$GAGSV,3,2,09,18,42,294,48,25,29,081,45,30,17,320,38,34,67,179,51,2*74
1777598466.315,$GAGSV,3,3,09,36,51,049,38,2*48
1777598466.315,$GAGSV,2,1,08,02,45,013,45,03,20,195,24,08,23,250,36,18,42,294,43,7*7E
1777598466.316,$GAGSV,2,2,08,25,29,081,41,30,17,320,34,34,67,179,45,36,51,049,26,7*78
1777598466.317,$GAGSV,1,1,03,07,04,296,,11,05,035,,32,26,223,,0*4C
1777598466.317,$GBGSV,2,1,08,06,24,148,33,07,54,159,46,08,46,005,44,10,65,157,46,1*75
1777598466.318,$GBGSV,2,2,08,13,66,317,49,23,61,346,49,25,59,116,49,28,51,260,48,1*78
1777598466.318,$GBGSV,1,1,02,09,16,171,26,10,65,157,49,3*77
1777598466.319,$GNGLL,1339.09851,N,10029.57603,E,012106.00,A,D*76
1777598467.306,$GNRMC,012107.00,A,1339.09880,N,10029.57524,E,2.960,288.17,010526,0.53,W,R,V*50
1777598467.308,$GNVTG,288.17,T,288.70,M,2.960,N,5.481,K,D*3C
1777598467.308,$GNGGA,012107.00,1339.09880,N,10029.57524,E,4,12,0.62,-0.7,M,-27.8,M,1.0,0499*6E
1777598467.309,$GNGSA,A,3,07,14,17,06,03,22,30,19,,,,,1.23,0.62,1.06,1*08
1777598467.309,$GNGSA,A,3,73,80,84,83,82,,,,,,,,1.23,0.62,1.06,2*00
1777598467.310,$GNGSA,A,3,25,08,15,02,30,34,36,,,,,,1.23,0.62,1.06,3*08
1777598467.310,$GNGSA,A,3,07,08,10,23,25,28,13,06,,,,,1.23,0.62,1.06,4*01
1777598467.311,$GPGSV,3,1,12,01,35,040,20,03,24,102,31,06,36,212,42,07,51,172,45,1*62
1777598467.312,$GPGSV,3,2,12,14,43,353,45,17,44,320,45,19,31,282,42,22,33,339,43,1*6C
1777598467.312,$GPGSV,3,3,12,30,70,253,47,40,36,256,41,41,64,233,48,42,70,217,46,1*6F
1777598467.313,$GPGSV,2,1,07,01,35,040,22,03,24,102,26,06,36,212,41,07,51,172,43,6*61
1777598467.313,$GPGSV,2,2,07,14,43,353,44,17,44,320,42,30,70,253,45,6*53
1777598467.314,$GPGSV,1,1,03,02,05,036,,09,06,171,,50,56,115,,0*5F
1777598467.315,$GLGSV,2,1,06,73,37,350,46,79,17,129,23,80,57,079,50,82,11,023,37,1*74
1777598467.315,$GLGSV,2,2,06,83,60,354,48,84,50,236,47,1*70
1777598467.316,$GLGSV,2,1,06,73,37,350,46,79,17,129,25,80,57,079,49,82,11,023,34,3*7B
1777598467.316,$GLGSV,2,2,06,83,60,354,47,84,50,236,49,3*73
1777598467.317,$GLGSV,1,1,01,85,08,217,,0*49
1777598467.317,$GAGSV,3,1,09,02,45,013,50,03,20,195,32,08,23,250,45,15,17,206,28,2*77
1777598467.318,$GAGSV,3,2,09,18,42,294,48,25,29,081,47,30,17,320,41,34,67,179,52,2*7B
1777598467.318,$GAGSV,3,3,09,36,51,049,36,2*46
1777598467.319,$GAGSV,2,1,08,02,45,013,43,03,20,195,25,08,23,250,43,18,42,294,44,7*7C
1777598467.319,$GAGSV,2,2,08,25,29,081,42,30,17,320,32,34,67,179,46,36,51,049,26,7*7E
1777598467.320,$GAGSV,1,1,03,07,04,296,,11,05,035,,32,26,223,,0*4C
1777598467.320,$GBGSV,2,1,08,06,24,148,38,07,54,159,46,08,46,005,45,10,65,157,46,1*7F
1777598467.321,$GBGSV,2,2,08,13,66,317,48,23,61,346,49,25,59,116,48,28,51,260,48,1*78
1777598467.321,$GBGSV,1,1,02,09,16,171,27,10,65,157,48,3*77
1777598467.322,$GNGLL,1339.09880,N,10029.57524,E,012107.00,A,D*7D
1777598468.309,$GNRMC,012108.00,A,1339.09903,N,10029.57441,E,3.045,284.85,010526,0.53,W,R,V*5F
1777598468.311,$GNVTG,284.85,T,285.38,M,3.045,N,5.640,K,D*3A
1777598468.313,$GNGGA,012108.00,1339.09903,N,10029.57441,E,4,12,0.61,-0.7,M,-27.8,M,1.0,0499*6A
1777598468.313,$GNGSA,A,3,07,14,17,06,22,30,19,,,,,,1.17,0.61,1.00,1*09
1777598468.314,$GNGSA,A,3,73,80,84,83,82,,,,,,,,1.17,0.61,1.00,2*02
1777598468.314,$GNGSA,A,3,25,08,15,03,02,30,34,36,,,,,1.17,0.61,1.00,3*09
1777598468.315,$GNGSA,A,3,07,08,10,23,25,28,13,06,,,,,1.17,0.61,1.00,4*03
1777598468.315,$GPGSV,3,1,12,01,35,040,21,03,24,102,31,06,36,212,43,07,51,172,44,1*63
1777598468.316,$GPGSV,3,2,12,14,43,353,44,17,44,320,44,19,31,282,42,22,33,339,44,1*6B
1777598468.317,$GPGSV,3,3,12,30,70,253,47,40,36,256,43,41,64,233,48,42,70,217,45,1*6E
1777598468.318,$GPGSV,2,1,07,01,35,040,31,03,24,102,26,06,36,212,43,07,51,172,42,6*60
1777598468.318,$GPGSV,2,2,07,14,43,353,45,17,44,320,42,30,70,253,44,6*53
1777598468.319,$GPGSV,1,1,03,02,05,036,,09,06,171,,50,56,115,,0*5F
1777598468.319,$GLGSV,2,1,06,73,37,350,47,79,17,129,23,80,57,079,48,82,11,023,32,1*79
1777598468.320,$GLGSV,2,2,06,83,60,354,48,84,50,236,47,1*70
1777598468.320,$GLGSV,2,1,06,73,37,350,47,79,17,129,24,80,57,079,47,82,11,023,34,3*75
1777598468.321,$GLGSV,2,2,06,83,60,354,48,84,50,236,48,3*7D
1777598468.321,$GLGSV,1,1,01,85,08,217,,0*49
1777598468.322,$GAGSV,3,1,09,02,45,013,50,03,20,195,35,08,23,250,47,15,17,206,33,2*78
1777598468.322,$GAGSV,3,2,09,18,42,294,48,25,29,081,47,30,17,320,39,34,67,179,51,2*77
1777598468.323,$GAGSV,3,3,09,36,51,049,39,2*49
1777598468.324,$GAGSV,2,1,08,02,45,013,44,03,20,195,31,08,23,250,43,18,42,294,42,7*78
1777598468.324,$GAGSV,2,2,08,25,29,081,41,30,17,320,32,34,67,179,46,36,51,049,32,7*78
1777598468.325,$GAGSV,1,1,03,07,04,296,,11,05,035,,32,26,223,,0*4C
1777598468.325,$GBGSV,2,1,08,06,24,148,40,07,54,159,45,08,46,005,46,10,65,157,46,1*70
1777598468.326,$GBGSV,2,2,08,13,66,317,48,23,61,346,49,25,59,116,48,28,51,260,48,1*78
1777598468.326,$GBGSV,1,1,02,09,16,171,32,10,65,157,49,3*72
1777598468.327,$GNGLL,1339.09903,N,10029.57441,E,012108.00,A,D*7A
1777598469.305,$GNRMC,012109.00,A,1339.09923,N,10029.57358,E,3.033,283.38,010526,0.53,W,R,V*53
1777598469.307,$GNVTG,283.38,T,283.91,M,3.033,N,5.616,K,D*3C
1777598469.308,$GNGGA,012109.00,1339.09923,N,10029.57358,E,4,12,0.58,-0.7,M,-27.8,M,1.0,0499*6C
1777598469.309,$GNGSA,A,3,07,14,17,06,22,30,01,19,03,,,,1.22,0.58,1.07,1*00
1777598469.309,$GNGSA,A,3,73,80,84,83,,,,,,,,,1.22,0.58,1.07,2*03
1777598469.310,$GNGSA,A,3,25,08,15,03,02,30,34,36,,,,,1.22,0.58,1.07,3*02
1777598469.310,$GNGSA,A,3,07,08,10,23,25,28,13,06,,,,,1.22,0.58,1.07,4*08
1777598469.311,$GPGSV,3,1,12,01,35,040,28,03,24,102,29,06,36,212,42,07,51,172,44,1*62
1777598469.311,$GPGSV,3,2,12,14,43,353,44,17,44,320,44,19,31,282,43,22,33,339,43,1*6D
1777598469.312,$GPGSV,3,3,12,30,70,253,47,40,36,256,42,41,64,233,48,42,70,217,46,1*6C
1777598469.313,$GPGSV,2,1,07,01,35,040,35,03,24,102,33,06,36,212,44,07,51,172,43,6*66
1777598469.313,$GPGSV,2,2,07,14,43,353,44,17,44,320,42,30,70,253,45,6*53
1777598469.314,$GPGSV,1,1,03,02,05,036,,09,06,170,,50,56,115,,0*5E
1777598469.314,$GLGSV,2,1,06,73,37,350,46,79,17,129,23,80,57,079,50,82,11,023,24,1*76
1777598469.315,$GLGSV,2,2,06,83,60,354,49,84,50,236,48,1*7E
1777598469.315,$GLGSV,2,1,06,73,37,350,47,79,17,129,24,80,57,079,48,82,11,023,22,3*7D
1777598469.316,$GLGSV,2,2,06,83,60,354,48,84,50,236,49,3*7C
1777598469.316,$GLGSV,1,1,01,85,08,217,,0*49
1777598469.317,$GAGSV,3,1,09,02,45,013,50,03,20,195,37,08,23,250,45,15,17,206,32,2*79
1777598469.317,$GAGSV,3,2,09,18,42,294,47,25,29,081,47,30,17,320,39,34,67,179,51,2*78
1777598469.318,$GAGSV,3,3,09,36,51,049,43,2*44
1777598469.318,$GAGSV,2,1,08,02,45,013,43,03,20,195,23,08,23,250,41,18,42,294,43,7*7F
1777598469.319,$GAGSV,2,2,08,25,29,081,37,30,17,320,33,34,67,179,46,36,51,049,38,7*72
1777598469.319,$GAGSV,1,1,03,07,04,296,,11,05,035,,32,26,223,,0*4C
1777598469.320,$GBGSV,2,1,08,06,24,148,38,07,54,159,45,08,46,005,45,10,65,157,46,1*7C
1777598469.320,$GBGSV,2,2,08,13,66,317,49,23,61,346,49,25,59,116,48,28,51,260,48,1*79
1777598469.321,$GBGSV,1,1,02,09,16,171,25,10,65,157,49,3*74
1777598469.321,$GNGLL,1339.09923,N,10029.57358,E,012109.00,A,D*76
1777598470.309,$GNRMC,012110.00,A,1339.09943,N,10029.57274,E,3.035,283.15,010526,0.53,W,R,V*5B
1777598470.311,$GNVTG,283.15,T,283.68,M,3.035,N,5.622,K,D*34
1777598470.312,$GNGGA,012110.00,1339.09943,N,10029.57274,E,4,12,0.58,-0.7,M,-27.8,M,1.0,0499*6D
1777598470.313,$GNGSA,A,3,07,14,17,06,22,30,01,19,03,,,,1.22,0.58,1.07,1*00
1777598470.313,$GNGSA,A,3,73,80,84,83,,,,,,,,,1.22,0.58,1.07,2*03
1777598470.314,$GNGSA,A,3,25,08,15,03,02,30,34,36,,,,,1.22,0.58,1.07,3*02
1777598470.314,$GNGSA,A,3,07,08,10,23,25,28,13,06,,,,,1.22,0.58,1.07,4*08
1777598470.315,$GPGSV,3,1,12,01,35,040,36,03,24,102,32,06,36,212,41,07,51,172,44,1*64
1777598470.315,$GPGSV,3,2,12,14,43,353,44,17,44,320,45,19,31,282,42,22,33,339,43,1*6D
1777598470.316,$GPGSV,3,3,12,30,70,253,47,40,36,256,41,41,64,233,47,42,70,217,46,1*60
1777598470.317,$GPGSV,2,1,07,01,35,040,37,03,24,102,35,06,36,212,43,07,51,172,42,6*64
1777598470.317,$GPGSV,2,2,07,14,43,353,43,17,44,320,42,30,70,253,45,6*54
1777598470.318,$GPGSV,1,1,03,02,05,036,,09,06,170,,50,56,115,,0*5E
1777598470.318,$GLGSV,2,1,06,73,37,350,47,79,17,129,23,80,57,079,50,82,11,023,21,1*72
1777598470.319,$GLGSV,2,2,06,83,60,354,48,84,50,236,48,1*7F
1777598470.319,$GLGSV,2,1,06,73,37,350,48,79,17,129,25,80,57,079,48,82,11,023,21,3*70
1777598470.320,$GLGSV,2,2,06,83,60,354,48,84,50,236,48,3*7D
1777598470.320,$GLGSV,1,1,01,85,08,217,,0*49
1777598470.321,$GAGSV,3,1,09,02,45,013,50,03,20,195,36,08,23,250,46,15,17,206,32,2*7B
1777598470.321,$GAGSV,3,2,09,18,42,294,47,25,29,081,45,30,17,320,39,34,67,179,51,2*7A
1777598470.322,$GAGSV,3,3,09,36,51,049,48,2*4F
1777598470.322,$GAGSV,2,1,08,02,45,013,43,03,20,195,31,08,23,250,40,18,42,294,44,7*7A
1777598470.323,$GAGSV,2,2,08,25,29,081,42,30,17,320,32,34,67,179,45,36,51,049,42,7*7F
1777598470.323,$GAGSV,1,1,03,07,04,296,,11,05,035,,32,26,223,,0*4C
1777598470.324,$GBGSV,2,1,08,06,24,148,40,07,54,159,45,08,46,005,45,10,65,157,46,1*73
1777598470.324,$GBGSV,2,2,08,13,66,317,49,23,61,346,49,25,59,116,48,28,51,260,48,1*79
1777598470.325,$GBGSV,1,1,02,09,16,171,31,10,65,157,49,3*71
1777598470.325,$GNGLL,1339.09943,N,10029.57274,E,012110.00,A,D*77
1777598471.313,$GNRMC,012111.00,A,1339.09961,N,10029.57189,E,3.004,282.01,010526,0.53,W,R,V*5D
1777598471.314,$GNVTG,282.01,T,282.54,M,3.004,N,5.563,K,D*3A
1777598471.316,$GNGGA,012111.00,1339.09961,N,10029.57189,E,4,12,0.58,-0.7,M,-27.8,M,1.0,0499*6D
1777598471.317,$GNGSA,A,3,07,14,17,06,22,30,01,19,03,,,,1.22,0.58,1.07,1*00
1777598471.317,$GNGSA,A,3,73,80,84,83,,,,,,,,,1.22,0.58,1.07,2*03
1777598471.318,$GNGSA,A,3,25,08,15,03,02,30,34,36,,,,,1.22,0.58,1.07,3*02
1777598471.318,$GNGSA,A,3,07,08,10,23,25,28,13,06,,,,,1.22,0.58,1.07,4*08
1777598471.319,$GPGSV,3,1,12,01,35,040,42,03,24,102,35,06,36,212,39,07,51,172,44,1*6F
1777598471.320,$GPGSV,3,2,12,14,43,353,43,17,44,320,44,19,31,282,41,22,33,339,43,1*68
1777598471.320,$GPGSV,3,3,12,30,70,253,47,40,36,256,41,41,64,233,46,42,70,217,46,1*61
1777598471.321,$GPGSV,2,1,07,01,35,040,43,03,24,102,33,06,36,212,43,07,51,172,43,6*60
1777598471.322,$GPGSV,2,2,07,14,43,353,45,17,44,320,42,30,70,253,45,6*52
1777598471.322,$GPGSV,1,1,03,02,05,036,,09,06,170,,50,56,115,,0*5E
1777598471.323,$GLGSV,2,1,06,73,37,350,46,79,17,129,30,80,57,079,49,82,11,023,19,1*72
1777598471.323,$GLGSV,2,2,06,83,60,354,48,84,50,236,48,1*7F
1777598471.324,$GLGSV,2,1,06,73,37,350,47,79,17,129,25,80,57,079,48,82,11,023,22,3*7C
1777598471.324,$GLGSV,2,2,06,83,60,354,48,84,50,236,49,3*7C
1777598471.325,$GLGSV,1,1,01,85,08,217,,0*49
1777598471.325,$GAGSV,3,1,09,02,45,013,49,03,20,195,36,08,23,250,45,15,17,206,33,2*71
1777598471.326,$GAGSV,3,2,09,18,42,294,47,25,29,081,47,30,17,320,34,34,67,179,51,2*75
1777598471.326,$GAGSV,3,3,09,36,51,049,51,2*47
1777598471.327,$GAGSV,3,1,09,02,45,013,43,03,20,195,30,08,23,250,41,15,17,206,29,7*77
1777598471.328,$GAGSV,3,2,09,18,42,294,44,25,29,081,42,30,17,320,26,34,67,179,45,7*70
1777598471.328,$GAGSV,3,3,09,36,51,049,45,7*47
1777598471.328,$GAGSV,1,1,03,07,04,296,,11,05,035,,32,26,223,,0*4C
1777598471.329,$GBGSV,2,1,08,06,24,148,40,07,54,159,45,08,46,005,45,10,65,157,46,1*73
1777598471.329,$GBGSV,2,2,08,13,66,317,49,23,61,346,49,25,59,116,48,28,51,260,47,1*76
1777598471.330,$GBGSV,1,1,02,09,16,171,31,10,65,157,49,3*71
1777598471.330,$GNGLL,1339.09961,N,10029.57189,E,012111.00,A,D*77
1777598472.308,$GNRMC,012112.00,A,1339.09979,N,10029.57104,E,3.087,280.88,010526,0.53,W,R,V*5A
1777598472.310,$GNVTG,280.88,T,281.41,M,3.087,N,5.717,K,D*34
1777598472.312,$GNGGA,012112.00,1339.09979,N,10029.57104,E,4,12,0.58,-0.7,M,-27.8,M,1.0,0499*62
1777598472.312,$GNGSA,A,3,07,14,17,06,22,30,01,19,03,,,,1.22,0.58,1.07,1*00
1777598472.313,$GNGSA,A,3,73,80,84,83,,,,,,,,,1.22,0.58,1.07,2*03
1777598472.313,$GNGSA,A,3,25,08,15,03,02,30,34,36,,,,,1.22,0.58,1.07,3*02
1777598472.314,$GNGSA,A,3,07,08,10,23,25,28,13,06,,,,,1.22,0.58,1.07,4*08
1777598472.314,$GPGSV,3,1,12,01,35,040,43,03,24,102,36,06,36,212,41,07,51,172,43,1*65
1777598472.315,$GPGSV,3,2,12,14,43,353,44,17,44,320,45,19,31,282,42,22,33,339,42,1*6C
1777598472.316,$GPGSV,3,3,12,30,70,253,47,40,36,256,39,41,64,233,47,42,70,217,45,1*6C
1777598472.316,$GPGSV,2,1,07,01,35,040,45,03,24,102,31,06,36,212,43,07,51,172,44,6*63
1777598472.317,$GPGSV,2,2,07,14,43,353,44,17,44,320,43,30,70,253,45,6*52
1777598472.317,$GPGSV,1,1,03,02,05,036,,09,06,170,,50,56,115,,0*5E
1777598472.318,$GLGSV,2,1,06,73,37,350,46,79,17,129,27,80,57,079,49,82,11,023,21,1*7F
1777598472.319,$GLGSV,2,2,06,83,60,354,48,84,50,236,48,1*7F
1777598472.319,$GLGSV,2,1,06,73,37,350,46,79,17,129,26,80,57,079,49,82,11,023,22,3*7F
1777598472.320,$GLGSV,2,2,06,83,60,354,48,84,50,236,47,3*72
1777598472.320,$GLGSV,1,1,01,85,08,217,,0*49
1777598472.321,$GAGSV,3,1,09,02,45,013,50,03,20,195,38,08,23,250,44,15,17,206,31,2*74
1777598472.322,$GAGSV,3,2,09,18,42,294,47,25,29,081,48,30,17,320,30,34,67,179,51,2*7E
1777598472.322,$GAGSV,3,3,09,36,51,049,50,2*46
1777598472.322,$GAGSV,3,1,09,02,45,013,44,03,20,195,25,08,23,250,39,15,17,206,30,7*73
1777598472.323,$GAGSV,3,2,09,18,42,294,43,25,29,081,42,30,17,320,26,34,67,179,45,7*77
1777598472.323,$GAGSV,3,3,09,36,51,049,42,7*40
1777598472.324,$GAGSV,1,1,03,07,04,296,,11,05,035,,32,26,223,,0*4C
1777598472.325,$GBGSV,2,1,08,06,24,148,41,07,54,159,46,08,46,005,45,10,65,157,47,1*70
1777598472.325,$GBGSV,2,2,08,13,66,317,49,23,61,346,48,25,59,116,48,28,51,260,48,1*78
1777598472.326,$GBGSV,1,1,02,09,16,171,30,10,65,157,48,3*71
1777598472.326,$GNGLL,1339.09979,N,10029.57104,E,012112.00,A,D*78
1777598473.309,$GNRMC,012113.00,A,1339.09996,N,10029.57016,E,3.168,281.20,010526,0.53,W,R,V*5B
1777598473.311,$GNVTG,281.20,T,281.73,M,3.168,N,5.868,K,D*31
1777598473.313,$GNGGA,012113.00,1339.09996,N,10029.57016,E,4,12,0.58,-0.7,M,-27.8,M,1.0,0499*60
1777598473.314,$GNGSA,A,3,07,14,17,06,22,30,01,19,03,,,,1.22,0.58,1.07,1*00
1777598473.314,$GNGSA,A,3,73,80,84,83,,,,,,,,,1.22,0.58,1.07,2*03
1777598473.314,$GNGSA,A,3,25,08,15,03,02,30,34,36,,,,,1.22,0.58,1.07,3*02
1777598473.315,$GNGSA,A,3,07,08,10,23,25,28,13,06,,,,,1.22,0.58,1.07,4*08
1777598473.316,$GPGSV,3,1,12,01,35,040,43,03,24,102,31,06,36,212,43,07,51,172,44,1*67
1777598473.316,$GPGSV,3,2,12,14,43,353,43,17,44,320,43,19,31,282,42,22,33,339,42,1*6D
1777598473.317,$GPGSV,3,3,12,30,70,253,46,40,36,256,41,41,64,233,46,42,70,217,45,1*63
1777598473.318,$GPGSV,2,1,07,01,35,040,42,03,24,102,31,06,36,212,41,07,51,172,43,6*61
1777598473.318,$GPGSV,2,2,07,14,43,353,44,17,44,320,43,30,70,253,45,6*52
1777598473.319,$GPGSV,1,1,03,02,05,036,,09,06,170,,50,56,115,,0*5E
1777598473.319,$GLGSV,2,1,06,73,37,350,46,79,17,129,26,80,57,079,49,82,11,023,22,1*7D
1777598473.320,$GLGSV,2,2,06,83,60,354,48,84,50,236,48,1*7F
1777598473.320,$GLGSV,2,1,06,73,37,350,48,79,17,129,26,80,57,079,48,82,11,023,21,3*73
1777598473.321,$GLGSV,2,2,06,83,60,354,48,84,50,236,48,3*7D
1777598473.321,$GLGSV,1,1,01,85,08,217,,0*49
1777598473.322,$GAGSV,3,1,09,02,45,013,49,03,20,195,38,08,23,250,42,15,17,206,32,2*79
1777598473.322,$GAGSV,3,2,09,18,42,294,47,25,29,081,47,30,17,320,29,34,67,179,51,2*79
1777598473.323,$GAGSV,3,3,09,36,51,049,50,2*46
1777598473.323,$GAGSV,3,1,09,02,45,013,44,03,20,195,31,08,23,250,41,15,17,206,29,7*71
1777598473.324,$GAGSV,3,2,09,18,42,294,43,25,29,081,42,30,17,320,25,34,67,179,45,7*74
1777598473.324,$GAGSV,3,3,09,36,51,049,45,7*47
1777598473.325,$GAGSV,1,1,03,07,04,296,,11,05,035,,32,26,223,,0*4C
1777598473.325,$GBGSV,2,1,08,06,24,148,42,07,54,159,45,08,46,005,45,10,65,157,46,1*71
1777598473.326,$GBGSV,2,2,08,13,66,317,50,23,61,346,49,25,59,116,48,28,51,260,48,1*71
1777598473.326,$GBGSV,1,1,01,10,65,157,50,3*41
1777598473.327,$GBGSV,1,1,01,09,16,171,,0*4F
1777598473.327,$GNGLL,1339.09996,N,10029.57016,E,012113.00,A,D*7A
1777598474.309,$GNRMC,012114.00,A,1339.10012,N,10029.56929,E,3.044,280.99,010526,0.53,W,R,V*59
1777598474.311,$GNVTG,280.99,T,281.52,M,3.044,N,5.637,K,D*3A
1777598474.312,$GNGGA,012114.00,1339.10012,N,10029.56929,E,4,12,0.58,-0.7,M,-27.8,M,1.0,0499*6E
1777598474.312,$GNGSA,A,3,07,14,17,06,22,30,01,19,03,,,,1.22,0.58,1.07,1*00
1777598474.313,$GNGSA,A,3,73,80,84,83,,,,,,,,,1.22,0.58,1.07,2*03
1777598474.313,$GNGSA,A,3,25,08,15,03,02,30,34,36,,,,,1.22,0.58,1.07,3*02
1777598474.314,$GNGSA,A,3,07,08,10,23,25,28,13,06,,,,,1.22,0.58,1.07,4*08
1777598474.314,$GPGSV,3,1,12,01,35,040,41,03,24,102,31,06,36,212,41,07,51,172,45,1*66
1777598474.315,$GPGSV,3,2,12,14,44,354,44,17,44,320,44,19,31,282,42,22,33,339,43,1*6C
1777598474.315,$GPGSV,3,3,12,30,70,253,47,40,36,256,40,41,64,233,47,42,70,217,47,1*60
1777598474.316,$GPGSV,2,1,07,01,35,040,45,03,24,102,30,06,36,212,44,07,51,172,42,6*63
1777598474.316,$GPGSV,2,2,07,14,44,354,44,17,44,320,43,30,70,253,45,6*52
1777598474.317,$GPGSV,1,1,03,02,05,036,,09,06,170,,50,56,115,,0*5E
1777598474.317,$GLGSV,2,1,06,73,37,350,46,79,17,129,26,80,57,079,48,82,11,023,22,1*7C
1777598474.318,$GLGSV,2,2,06,83,60,354,49,84,50,236,48,1*7E
1777598474.318,$GLGSV,2,1,06,73,37,350,47,79,17,129,32,80,57,079,49,82,11,023,20,3*79
1777598474.319,$GLGSV,2,2,06,83,60,354,47,84,50,236,48,3*72
1777598474.319,$GLGSV,1,1,01,85,08,217,,0*49
1777598474.320,$GAGSV,3,1,09,02,45,013,49,03,20,195,41,08,23,250,42,15,17,206,28,2*7C
1777598474.320,$GAGSV,3,2,09,18,42,294,47,25,29,081,46,30,17,320,30,34,67,179,51,2*70
1777598474.321,$GAGSV,3,3,09,36,51,049,49,2*4E
1777598474.321,$GAGSV,3,1,09,02,45,013,44,03,20,195,30,08,23,250,39,15,17,206,28,7*7E
1777598474.322,$GAGSV,3,2,09,18,42,294,43,25,29,081,42,30,17,320,23,34,67,179,44,7*73
1777598474.322,$GAGSV,3,3,09,36,51,049,44,7*46
1777598474.323,$GAGSV,1,1,03,07,04,296,,11,05,035,,32,26,223,,0*4C
1777598474.323,$GBGSV,2,1,08,06,24,148,42,07,54,159,46,08,46,005,44,10,65,157,46,1*73
1777598474.324,$GBGSV,2,2,08,13,66,317,49,23,61,346,48,25,59,116,48,28,51,260,47,1*77
1777598474.324,$GBGSV,1,1,01,10,65,157,49,3*49
1777598474.325,$GBGSV,1,1,01,09,16,171,,0*4F
1777598474.325,$GNGLL,1339.10012,N,10029.56929,E,012114.00,A,D*74
1777598475.304,$GNRMC,012115.00,A,1339.10025,N,10029.56843,E,3.106,279.30,010526,0.53,W,R,V*53
1777598475.306,$GNVTG,279.30,T,279.83,M,3.106,N,5.753,K,D*30
1777598475.308,$GNGGA,012115.00,1339.10025,N,10029.56843,E,4,12,0.60,-0.8,M,-27.8,M,1.0,0499*62
1777598475.309,$GNGSA,A,3,07,14,17,06,22,30,01,19,03,,,,1.35,0.60,1.21,1*09
1777598475.309,$GNGSA,A,3,73,80,84,83,,,,,,,,,1.35,0.60,1.21,2*0A
1777598475.309,$GNGSA,A,3,25,08,15,03,02,34,36,,,,,,1.35,0.60,1.21,3*08
1777598475.310,$GNGSA,A,3,07,08,10,23,25,28,13,06,,,,,1.35,0.60,1.21,4*01
1777598475.311,$GPGSV,3,1,12,01,35,040,41,03,24,102,31,06,36,212,43,07,51,172,45,1*64
1777598475.311,$GPGSV,3,2,12,14,44,354,42,17,44,320,44,19,31,282,42,22,33,339,42,1*6B
1777598475.312,$GPGSV,3,3,12,30,70,253,46,40,36,256,38,41,64,233,47,42,70,217,45,1*6C
1777598475.313,$GPGSV,2,1,07,01,35,040,45,03,24,102,36,06,36,212,43,07,51,172,43,6*63
1777598475.313,$GPGSV,2,2,07,14,44,354,43,17,44,320,42,30,70,253,45,6*54
1777598475.314,$GPGSV,1,1,03,02,05,036,,09,06,170,,50,56,115,,0*5E
1777598475.314,$GLGSV,2,1,06,73,37,350,47,79,17,129,26,80,57,079,49,82,11,023,22,1*7C
1777598475.315,$GLGSV,2,2,06,83,60,354,48,84,50,236,48,1*7F
1777598475.315,$GLGSV,2,1,06,73,37,350,48,79,17,129,27,80,57,079,49,82,11,023,23,3*71
1777598475.316,$GLGSV,2,2,06,83,60,354,47,84,50,236,47,3*7D
1777598475.316,$GLGSV,1,1,01,85,08,217,,0*49
1777598475.317,$GAGSV,3,1,09,02,45,013,50,03,20,195,38,08,23,250,43,15,17,206,33,2*71
1777598475.317,$GAGSV,3,2,09,18,42,294,47,25,29,081,46,30,17,320,30,34,67,179,51,2*70
1777598475.318,$GAGSV,3,3,09,36,51,049,51,2*47
1777598475.318,$GAGSV,3,1,09,02,45,013,44,03,20,195,31,08,23,250,38,15,17,206,35,7*72
1777598475.319,$GAGSV,3,2,09,18,42,294,42,25,29,081,41,30,17,320,21,34,67,179,45,7*72
1777598475.319,$GAGSV,3,3,09,36,51,049,44,7*46
1777598475.320,$GAGSV,1,1,03,07,04,296,,11,05,035,,32,26,223,,0*4C
1777598475.320,$GBGSV,2,1,08,06,24,148,43,07,54,159,45,08,46,005,44,10,65,157,47,1*70
1777598475.321,$GBGSV,2,2,08,13,66,317,49,23,61,346,49,25,59,116,48,28,51,260,48,1*79
1777598475.321,$GBGSV,1,1,01,10,65,157,49,3*49
1777598475.322,$GBGSV,1,1,01,09,16,171,,0*4F
1777598475.322,$GNGLL,1339.10025,N,10029.56843,E,012115.00,A,D*7C
1777598476.306,$GNRMC,012116.00,A,1339.10038,N,10029.56755,E,3.150,277.90,010526,0.53,W,R,V*53
1777598476.308,$GNVTG,277.90,T,278.43,M,3.150,N,5.834,K,D*34
1777598476.308,$GNGGA,012116.00,1339.10038,N,10029.56755,E,4,12,0.60,-0.8,M,-27.8,M,2.0,0499*66
1777598476.309,$GNGSA,A,3,07,14,17,06,22,30,01,19,03,,,,1.35,0.60,1.21,1*09
1777598476.309,$GNGSA,A,3,73,80,84,83,,,,,,,,,1.35,0.60,1.21,2*0A
1777598476.310,$GNGSA,A,3,25,08,15,03,02,34,36,,,,,,1.35,0.60,1.21,3*08
1777598476.310,$GNGSA,A,3,07,08,10,23,25,28,13,06,,,,,1.35,0.60,1.21,4*01
1777598476.311,$GPGSV,3,1,12,01,35,040,43,03,24,102,35,06,36,212,41,07,51,172,45,1*60
1777598476.311,$GPGSV,3,2,12,14,44,354,42,17,44,320,44,19,31,282,42,22,33,339,41,1*68
1777598476.312,$GPGSV,3,3,12,30,70,253,46,40,36,256,40,41,64,233,46,42,70,217,46,1*61
1777598476.313,$GPGSV,2,1,07,01,35,040,43,03,24,102,32,06,36,212,44,07,51,172,44,6*61
1777598476.313,$GPGSV,2,2,07,14,44,354,46,17,44,320,41,30,70,253,44,6*53
1777598476.314,$GPGSV,1,1,03,02,05,036,,09,06,170,,50,56,115,,0*5E
1777598476.314,$GLGSV,2,1,06,73,37,350,45,79,17,129,26,80,57,079,49,82,11,023,21,1*7D
1777598476.315,$GLGSV,2,2,06,83,60,354,48,84,50,236,48,1*7F
1777598476.315,$GLGSV,2,1,06,73,37,350,48,79,17,129,33,80,57,079,49,82,11,023,23,3*74
1777598476.316,$GLGSV,2,2,06,83,60,354,47,84,50,236,48,3*72
1777598476.316,$GLGSV,1,1,01,85,08,217,,0*49
1777598476.316,$GAGSV,3,1,09,02,45,013,50,03,20,195,40,08,23,250,42,15,17,206,32,2*7E
1777598476.317,$GAGSV,3,2,09,18,42,294,49,25,29,081,46,30,17,320,30,34,67,179,51,2*7E
1777598476.317,$GAGSV,3,3,09,36,51,049,50,2*46
1777598476.318,$GAGSV,3,1,09,02,45,013,44,03,20,195,26,08,23,250,38,15,17,206,31,7*70
1777598476.319,$GAGSV,3,2,09,18,42,294,42,25,29,081,41,30,17,320,20,34,67,179,45,7*73
1777598476.319,$GAGSV,3,3,09,36,51,049,44,7*46
1777598476.320,$GAGSV,1,1,03,07,04,296,,11,05,035,,32,26,223,,0*4C
1777598476.320,$GBGSV,2,1,08,06,24,148,42,07,54,159,46,08,46,005,44,10,65,157,47,1*72
1777598476.321,$GBGSV,2,2,08,13,66,317,49,23,61,346,49,25,59,116,48,28,51,260,48,1*79
1777598476.321,$GBGSV,1,1,01,10,65,157,49,3*49
1777598476.321,$GBGSV,1,1,01,09,16,171,,0*4F
1777598476.322,$GNGLL,1339.10038,N,10029.56755,E,012116.00,A,D*7B
1777598477.306,$GNRMC,012117.00,A,1339.10047,N,10029.56666,E,3.137,275.92,010526,0.53,W,R,V*5A
1777598477.308,$GNVTG,275.92,T,276.45,M,3.137,N,5.809,K,D*33
1777598477.310,$GNGGA,012117.00,1339.10047,N,10029.56666,E,4,12,0.60,-0.8,M,-27.8,M,1.0,0499*6D
1777598477.311,$GNGSA,A,3,07,14,17,06,22,30,01,19,03,,,,1.35,0.60,1.21,1*09
1777598477.311,$GNGSA,A,3,73,80,84,83,,,,,,,,,1.35,0.60,1.21,2*0A
1777598477.312,$GNGSA,A,3,25,08,15,03,02,34,36,,,,,,1.35,0.60,1.21,3*08
1777598477.312,$GNGSA,A,3,07,08,10,23,25,28,13,06,,,,,1.35,0.60,1.21,4*01
1777598477.313,$GPGSV,3,1,12,01,35,040,42,03,24,102,35,06,36,212,43,07,51,172,45,1*63
1777598477.313,$GPGSV,3,2,12,14,44,354,43,17,44,321,44,19,31,282,42,22,33,339,43,1*6A
1777598477.314,$GPGSV,3,3,12,30,70,253,47,40,36,256,41,41,64,233,46,42,70,217,46,1*61
1777598477.315,$GPGSV,2,1,07,01,35,040,44,03,24,102,27,06,36,212,42,07,51,172,43,6*63
1777598477.315,$GPGSV,2,2,07,14,44,354,45,17,44,321,42,30,70,253,45,6*53
1777598477.316,$GPGSV,1,1,03,02,05,036,,09,06,170,,50,56,115,,0*5E
1777598477.317,$GLGSV,2,1,06,73,37,350,45,79,17,129,32,80,57,079,48,82,11,023,21,1*79
1777598477.317,$GLGSV,2,2,06,83,60,354,48,84,50,236,48,1*7F
1777598477.318,$GLGSV,2,1,06,73,37,350,49,79,17,129,29,80,57,079,48,82,11,023,22,3*7E
1777598477.318,$GLGSV,2,2,06,83,60,354,47,84,50,236,48,3*72
1777598477.319,$GLGSV,1,1,01,85,08,217,,0*49
1777598477.319,$GAGSV,3,1,09,02,45,013,50,03,20,195,40,08,23,250,39,15,17,206,31,2*71
1777598477.320,$GAGSV,3,2,09,18,42,294,48,25,29,081,45,30,17,320,28,34,67,179,51,2*75
1777598477.320,$GAGSV,3,3,09,36,51,049,50,2*46
1777598477.321,$GAGSV,3,1,09,02,45,013,44,03,20,195,32,08,23,250,35,15,17,206,31,7*78
1777598477.322,$GAGSV,3,2,09,18,42,294,42,25,29,081,41,30,17,320,19,34,67,179,45,7*79
1777598477.322,$GAGSV,3,3,09,36,51,049,44,7*46
1777598477.322,$GAGSV,1,1,03,07,04,296,,11,05,035,,32,26,223,,0*4C
1777598477.323,$GBGSV,2,1,08,06,24,148,44,07,54,159,46,08,46,005,44,10,65,157,46,1*75
1777598477.324,$GBGSV,2,2,08,13,66,317,49,23,61,346,49,25,59,116,48,28,51,260,47,1*76
1777598477.324,$GBGSV,1,1,01,10,65,157,49,3*49
1777598477.324,$GBGSV,1,1,01,09,16,171,,0*4F
1777598477.325,$GNGLL,1339.10047,N,10029.56666,E,012117.00,A,D*73
1777598478.308,$GNRMC,012118.00,A,1339.10055,N,10029.56577,E,3.166,274.15,010526,0.53,W,R,V*5F
1777598478.310,$GNVTG,274.15,T,274.68,M,3.166,N,5.864,K,D*3F
1777598478.312,$GNGGA,012118.00,1339.10055,N,10029.56577,E,4,12,0.60,-0.8,M,-27.8,M,1.0,0499*62
1777598478.312,$GNGSA,A,3,07,14,17,06,22,30,01,19,03,,,,1.35,0.60,1.21,1*09
1777598478.313,$GNGSA,A,3,73,80,84,83,,,,,,,,,1.35,0.60,1.21,2*0A
1777598478.313,$GNGSA,A,3,25,08,15,03,02,34,36,,,,,,1.35,0.60,1.21,3*08
1777598478.314,$GNGSA,A,3,07,08,10,23,25,28,13,06,,,,,1.35,0.60,1.21,4*01
1777598478.314,$GPGSV,3,1,12,01,35,040,42,03,24,102,35,06,36,212,40,07,51,172,45,1*60
1777598478.315,$GPGSV,3,2,12,14,44,354,44,17,44,321,44,19,31,282,42,22,33,339,39,1*60
1777598478.316,$GPGSV,3,3,12,30,70,253,47,40,36,256,43,41,64,233,47,42,70,217,45,1*61
1777598478.316,$GPGSV,2,1,07,01,35,040,44,03,24,102,32,06,36,212,44,07,51,172,44,6*66
1777598478.317,$GPGSV,2,2,07,14,44,354,45,17,44,321,42,30,70,253,45,6*53
1777598478.318,$GPGSV,1,1,03,02,05,036,,09,06,170,,50,56,115,,0*5E
1777598478.318,$GLGSV,2,1,06,73,37,350,44,79,17,129,37,80,57,079,49,82,11,023,21,1*7C
1777598478.319,$GLGSV,2,2,06,83,60,354,48,84,50,236,49,1*7E
1777598478.320,$GLGSV,2,1,06,73,37,350,45,79,17,129,29,80,57,079,48,82,11,023,21,3*71
1777598478.320,$GLGSV,2,2,06,83,60,354,47,84,50,236,48,3*72
1777598478.320,$GLGSV,1,1,01,85,08,217,,0*49
1777598478.321,$GAGSV,3,1,09,02,45,013,50,03,20,195,39,08,23,250,38,15,17,206,37,2*78
1777598478.322,$GAGSV,3,2,09,18,42,294,47,25,29,081,43,30,17,320,28,34,67,179,51,2*7C
1777598478.322,$GAGSV,3,3,09,36,51,049,50,2*46
1777598478.323,$GAGSV,3,1,09,02,45,013,44,03,20,195,25,08,23,250,31,15,17,206,31,7*7A
1777598478.323,$GAGSV,3,2,09,18,42,294,43,25,29,081,40,30,17,320,18,34,67,179,45,7*78
1777598478.324,$GAGSV,3,3,09,36,51,049,44,7*46
1777598478.324,$GAGSV,1,1,03,07,04,296,,11,05,035,,32,26,223,,0*4C
1777598478.325,$GBGSV,2,1,08,06,24,148,42,07,54,159,46,08,46,005,46,10,65,157,46,1*71
1777598478.325,$GBGSV,2,2,08,13,66,317,48,23,61,346,48,25,59,116,48,28,51,260,48,1*79
1777598478.326,$GBGSV,1,1,01,10,65,157,49,3*49
1777598478.326,$GBGSV,1,1,01,09,16,171,,0*4F
1777598478.326,$GNGLL,1339.10055,N,10029.56577,E,012118.00,A,D*7C
1777598479.316,$GNRMC,012119.00,A,1339.10062,N,10029.56487,E,3.239,274.80,010526,0.53,W,R,V*51
1777598479.318,$GNVTG,274.80,T,275.33,M,3.239,N,5.998,K,D*37
1777598479.320,$GNGGA,012119.00,1339.10062,N,10029.56487,E,4,12,0.60,-0.8,M,-27.8,M,1.0,0499*69
1777598479.320,$GNGSA,A,3,07,14,17,06,22,30,01,19,03,,,,1.35,0.60,1.21,1*09
1777598479.321,$GNGSA,A,3,73,80,84,83,,,,,,,,,1.35,0.60,1.21,2*0A
1777598479.321,$GNGSA,A,3,25,08,15,03,02,34,36,,,,,,1.35,0.60,1.21,3*08
1777598479.322,$GNGSA,A,3,07,08,10,23,25,28,13,06,,,,,1.35,0.60,1.21,4*01
1777598479.322,$GPGSV,3,1,12,01,35,040,41,03,24,102,32,06,36,212,41,07,51,172,44,1*64
1777598479.323,$GPGSV,3,2,12,14,44,354,43,17,44,321,45,19,31,283,40,22,33,339,31,1*6D
1777598479.324,$GPGSV,3,3,12,30,70,253,47,40,36,256,44,41,64,233,46,42,70,217,45,1*67
1777598479.324,$GPGSV,2,1,07,01,35,040,44,03,24,102,35,06,36,212,43,07,51,172,44,6*66
1777598479.325,$GPGSV,2,2,07,14,44,354,45,17,44,321,43,30,70,253,45,6*52
1777598479.325,$GPGSV,1,1,03,02,05,036,,09,06,170,,50,56,115,,0*5E
1777598479.326,$GLGSV,2,1,06,73,37,350,47,79,17,129,37,80,57,079,49,82,11,023,20,1*7E
1777598479.327,$GLGSV,2,2,06,83,60,354,48,84,50,236,49,1*7E
1777598479.327,$GLGSV,2,1,06,73,37,350,48,79,17,129,33,80,57,079,49,82,11,023,21,3*76
1777598479.328,$GLGSV,2,2,06,83,60,354,47,84,50,236,48,3*72
1777598479.328,$GLGSV,1,1,01,85,08,217,,0*49
1777598479.329,$GAGSV,3,1,09,02,45,013,49,03,20,195,39,08,23,250,32,15,17,206,35,2*78
1777598479.329,$GAGSV,3,2,09,18,42,294,48,25,29,081,44,30,17,320,27,34,67,179,51,2*7B
1777598479.329,$GAGSV,3,3,09,36,51,049,50,2*46
1777598479.330,$GAGSV,3,1,09,02,45,013,44,03,20,195,26,08,23,250,29,15,17,206,34,7*75
1777598479.331,$GAGSV,3,2,09,18,42,294,42,25,29,081,40,30,17,320,18,34,67,179,45,7*79
1777598479.331,$GAGSV,3,3,09,36,51,049,44,7*46
1777598479.331,$GAGSV,1,1,03,07,04,296,,11,05,035,,32,26,223,,0*4C
1777598479.332,$GBGSV,2,1,08,06,24,148,43,07,54,159,46,08,46,005,45,10,65,157,46,1*73
1777598479.333,$GBGSV,2,2,08,13,66,317,49,23,61,346,49,25,59,116,47,28,51,260,48,1*76
1777598479.333,$GBGSV,1,1,01,10,65,157,49,3*49
1777598479.333,$GBGSV,1,1,01,09,16,171,,0*4F
1777598479.334,$GNGLL,1339.10062,N,10029.56487,E,012119.00,A,D*77
1777598480.303,$GNRMC,012120.00,A,1339.10069,N,10029.56396,E,3.176,273.84,010526,0.53,W,R,V*5C
1777598480.305,$GNVTG,273.84,T,274.37,M,3.176,N,5.882,K,D*33
1777598480.307,$GNGGA,012120.00,1339.10069,N,10029.56396,E,4,12,0.60,-0.8,M,-27.8,M,1.0,0499*6F
1777598480.307,$GNGSA,A,3,07,14,17,06,22,30,01,19,03,,,,1.35,0.60,1.21,1*09
1777598480.307,$GNGSA,A,3,73,80,84,83,,,,,,,,,1.35,0.60,1.21,2*0A
1777598480.308,$GNGSA,A,3,25,08,15,03,02,34,36,,,,,,1.35,0.60,1.21,3*08
1777598480.308,$GNGSA,A,3,07,08,10,23,25,28,13,06,,,,,1.35,0.60,1.21,4*01
1777598480.309,$GPGSV,3,1,12,01,35,040,42,03,24,102,28,06,36,212,41,07,51,172,45,1*6D
1777598480.310,$GPGSV,3,2,12,14,44,354,43,17,44,321,41,19,31,283,37,22,33,339,31,1*69
1777598480.310,$GPGSV,3,3,12,30,70,253,48,40,36,256,42,41,64,233,45,42,70,217,45,1*6D
1777598480.311,$GPGSV,2,1,07,01,35,040,45,03,24,102,35,06,36,212,43,07,51,172,44,6*67
1777598480.311,$GPGSV,2,2,07,14,44,354,44,17,44,321,39,30,70,253,45,6*5E
1777598480.312,$GPGSV,1,1,03,02,05,036,,09,06,170,,50,56,115,,0*5E
1777598480.313,$GLGSV,2,1,06,73,37,350,44,79,17,129,39,80,57,079,49,82,11,023,20,1*73
1777598480.313,$GLGSV,2,2,06,83,60,354,48,84,50,236,48,1*7F
1777598480.314,$GLGSV,2,1,06,73,37,350,44,79,17,129,34,80,57,079,48,82,11,023,21,3*7C
1777598480.314,$GLGSV,2,2,06,83,60,354,48,84,50,236,48,3*7D
1777598480.314,$GLGSV,1,1,01,85,08,217,,0*49
1777598480.315,$GAGSV,3,1,09,02,45,013,50,03,20,195,39,08,23,250,32,15,17,206,38,2*7D
1777598480.316,$GAGSV,3,2,09,18,42,294,49,25,29,081,43,30,17,320,26,34,67,179,51,2*7C
1777598480.316,$GAGSV,3,3,09,36,51,049,50,2*46
1777598480.317,$GAGSV,3,1,09,02,45,013,44,03,20,195,30,08,23,250,28,15,17,206,31,7*76
1777598480.317,$GAGSV,3,2,09,18,42,294,43,25,29,081,39,30,17,320,18,34,67,179,45,7*76
1777598480.318,$GAGSV,3,3,09,36,51,049,44,7*46
1777598480.318,$GAGSV,1,1,03,07,04,296,,11,05,035,,32,26,223,,0*4C
1777598480.319,$GBGSV,2,1,08,06,24,148,42,07,54,159,46,08,46,005,45,10,65,157,46,1*72
1777598480.319,$GBGSV,2,2,08,13,66,317,48,23,61,346,48,25,59,116,47,28,51,260,48,1*76
1777598480.320,$GBGSV,1,1,01,10,65,157,49,3*49
1777598480.320,$GBGSV,1,1,01,09,16,171,,0*4F
1777598480.321,$GNGLL,1339.10069,N,10029.56396,E,012120.00,A,D*71
1777598481.307,$GNRMC,012121.00,A,1339.10074,N,10029.56305,E,3.211,273.62,010526,0.53,W,R,V*51
1777598481.309,$GNVTG,273.62,T,274.15,M,3.211,N,5.947,K,D*31
1777598481.310,$GNGGA,012121.00,1339.10074,N,10029.56305,E,4,12,0.60,-0.8,M,-27.8,M,1.0,0499*68
1777598481.311,$GNGSA,A,3,07,14,17,06,22,30,01,19,03,,,,1.35,0.60,1.21,1*09
1777598481.311,$GNGSA,A,3,73,80,84,83,,,,,,,,,1.35,0.60,1.21,2*0A
1777598481.312,$GNGSA,A,3,25,08,15,03,02,34,36,,,,,,1.35,0.60,1.21,3*08
1777598481.312,$GNGSA,A,3,07,08,10,23,25,28,13,06,,,,,1.35,0.60,1.21,4*01
1777598481.313,$GPGSV,3,1,12,01,35,040,42,03,24,102,26,06,36,212,42,07,51,172,45,1*60
1777598481.313,$GPGSV,3,2,12,14,44,354,45,17,44,321,38,19,31,283,42,22,33,339,29,1*6A
1777598481.314,$GPGSV,3,3,12,30,70,253,46,40,36,256,41,41,64,233,46,42,70,217,45,1*63
1777598481.315,$GPGSV,2,1,07,01,35,040,45,03,24,102,36,06,36,212,42,07,51,172,43,6*62
1777598481.315,$GPGSV,2,2,07,14,44,354,45,17,44,321,35,30,70,253,45,6*53
1777598481.316,$GPGSV,1,1,03,02,05,036,,09,06,170,,50,56,115,,0*5E
1777598481.316,$GLGSV,2,1,06,73,37,350,38,79,17,129,31,80,57,079,49,82,11,023,20,1*70
1777598481.317,$GLGSV,2,2,06,83,60,354,49,84,50,236,48,1*7E
1777598481.317,$GLGSV,2,1,06,73,37,350,37,79,17,129,34,80,57,079,48,82,11,023,22,3*7B
1777598481.318,$GLGSV,2,2,06,83,60,354,48,84,50,236,49,3*7C
1777598481.318,$GLGSV,1,1,01,85,08,217,,0*49
1777598481.319,$GAGSV,3,1,09,02,45,013,49,03,20,195,38,08,23,250,31,15,17,206,38,2*77
1777598481.320,$GAGSV,3,2,09,18,42,294,46,25,29,081,43,30,17,320,25,34,67,179,51,2*70
1777598481.320,$GAGSV,3,3,09,36,51,049,50,2*46
1777598481.320,$GAGSV,3,1,09,02,45,013,44,03,20,195,36,08,23,250,27,15,17,206,34,7*7A
1777598481.321,$GAGSV,3,2,09,18,42,294,42,25,29,081,39,30,17,320,20,34,67,179,45,7*7C
1777598481.321,$GAGSV,3,3,09,36,51,049,44,7*46
1777598481.322,$GAGSV,1,1,03,07,04,296,,11,05,035,,32,26,223,,0*4C
1777598481.323,$GBGSV,2,1,08,06,24,148,42,07,54,159,47,08,46,005,45,10,65,157,46,1*73
1777598481.323,$GBGSV,2,2,08,13,66,317,49,23,61,346,49,25,59,116,48,28,51,260,48,1*79
1777598481.323,$GBGSV,1,1,01,10,65,157,48,3*48
1777598481.324,$GBGSV,1,1,01,09,16,171,,0*4F
1777598481.324,$GNGLL,1339.10074,N,10029.56305,E,012121.00,A,D*76
1777598482.305,$GNRMC,012122.00,A,1339.10079,N,10029.56215,E,3.120,273.43,010526,0.53,W,D,V*4B
1777598482.306,$GNVTG,273.43,T,273.96,M,3.120,N,5.778,K,D*3D
1777598482.308,$GNGGA,012122.00,1339.10079,N,10029.56215,E,2,12,0.59,-0.8,M,-27.8,M,1.0,0042*68
1777598482.309,$GNGSA,A,3,07,14,17,06,30,01,19,03,,,,,1.27,0.59,1.12,1*00
1777598482.309,$GNGSA,A,3,73,80,84,83,79,,,,,,,,1.27,0.59,1.12,2*0D
1777598482.310,$GNGSA,A,3,25,08,15,03,02,34,36,,,,,,1.27,0.59,1.12,3*01
1777598482.310,$GNGSA,A,3,07,08,10,23,25,28,13,06,,,,,1.27,0.59,1.12,4*08
1777598482.311,$GPGSV,3,1,12,01,35,040,42,03,24,102,34,06,36,212,41,07,51,172,44,1*61
1777598482.311,$GPGSV,3,2,12,14,44,354,38,17,44,321,33,19,31,283,43,22,33,340,27,1*6A
1777598482.312,$GPGSV,3,3,12,30,70,253,46,40,36,256,42,41,64,233,46,42,70,217,46,1*63
1777598482.313,$GPGSV,2,1,07,01,35,040,44,03,24,102,35,06,36,212,41,07,51,172,44,6*64
1777598482.313,$GPGSV,2,2,07,14,44,354,39,17,44,321,29,30,70,253,46,6*56
1777598482.314,$GPGSV,1,1,03,02,05,036,,09,06,170,,50,56,115,,0*5E
1777598482.315,$GLGSV,2,1,06,73,37,350,35,79,17,129,35,80,57,079,49,82,11,023,20,1*79
1777598482.315,$GLGSV,2,2,06,83,60,354,48,84,50,236,47,1*70
1777598482.316,$GLGSV,2,1,06,73,37,350,38,79,17,129,33,80,57,079,48,82,11,023,23,3*72
1777598482.317,$GLGSV,2,2,06,83,60,354,48,84,50,236,47,3*72
1777598482.317,$GLGSV,1,1,01,85,08,217,,0*49
1777598482.318,$GAGSV,3,1,09,02,45,013,49,03,20,195,41,08,23,250,28,15,17,206,32,2*7B
1777598482.318,$GAGSV,3,2,09,18,42,294,40,25,29,081,41,30,17,320,24,34,67,179,51,2*75
1777598482.319,$GAGSV,3,3,09,36,51,049,50,2*46
1777598482.319,$GAGSV,3,1,09,02,45,013,44,03,20,195,34,08,23,250,29,15,17,206,29,7*7A
1777598482.320,$GAGSV,3,2,09,18,42,294,36,25,29,081,38,30,17,320,20,34,67,179,45,7*7E
1777598482.320,$GAGSV,3,3,09,36,51,049,44,7*46
1777598482.321,$GAGSV,1,1,03,07,04,296,,11,04,035,,32,26,223,,0*4D
1777598482.321,$GBGSV,2,1,08,06,24,148,43,07,54,159,46,08,46,005,46,10,65,157,46,1*70
1777598482.322,$GBGSV,2,2,08,13,66,317,49,23,61,346,48,25,59,116,47,28,51,260,49,1*76
1777598482.322,$GBGSV,1,1,01,10,65,157,49,3*49
1777598482.323,$GBGSV,1,1,01,09,16,171,,0*4F
1777598482.323,$GNGLL,1339.10079,N,10029.56215,E,012122.00,A,D*78
1777598483.304,$GNRMC,012123.00,A,1339.10082,N,10029.56123,E,3.165,270.27,010526,0.53,W,R,V*5E
1777598483.305,$GNVTG,270.27,T,270.80,M,3.165,N,5.862,K,D*3D
1777598483.307,$GNGGA,012123.00,1339.10082,N,10029.56123,E,4,12,0.59,-0.8,M,-27.8,M,1.0,0042*6D
1777598483.308,$GNGSA,A,3,07,14,17,06,30,01,19,03,,,,,1.27,0.59,1.12,1*00
1777598483.308,$GNGSA,A,3,73,80,84,83,79,,,,,,,,1.27,0.59,1.12,2*0D
1777598483.309,$GNGSA,A,3,25,08,15,03,02,34,36,,,,,,1.27,0.59,1.12,3*01
1777598483.309,$GNGSA,A,3,07,08,10,23,25,28,13,06,,,,,1.27,0.59,1.12,4*08
1777598483.310,$GPGSV,3,1,12,01,35,040,42,03,24,102,38,06,36,212,40,07,51,172,45,1*6D
1777598483.311,$GPGSV,3,2,12,14,44,354,33,17,44,321,33,19,31,283,43,22,33,340,25,1*63
1777598483.311,$GPGSV,3,3,12,30,70,253,47,40,36,256,42,41,64,233,46,42,70,217,46,1*62
1777598483.312,$GPGSV,2,1,07,01,35,040,45,03,24,102,37,06,36,212,41,07,51,172,44,6*67
1777598483.312,$GPGSV,2,2,07,14,44,354,32,17,44,321,28,30,70,253,45,6*5F
1777598483.313,$GPGSV,1,1,03,02,05,036,,09,06,170,,50,56,115,,0*5E
1777598483.314,$GLGSV,2,1,06,73,37,350,26,79,17,129,32,80,57,079,49,82,11,023,20,1*7C
1777598483.314,$GLGSV,2,2,06,83,60,354,47,84,50,236,47,1*7F
1777598483.315,$GLGSV,2,1,06,73,37,350,27,79,17,129,36,80,57,079,48,82,11,023,22,3*78
1777598483.315,$GLGSV,2,2,06,83,60,354,47,84,50,236,45,3*7F
1777598483.316,$GLGSV,1,1,01,85,08,217,,0*49
1777598483.316,$GAGSV,3,1,09,02,45,013,51,03,20,195,38,08,23,250,32,15,17,206,33,2*76
1777598483.317,$GAGSV,3,2,09,18,42,294,42,25,29,081,42,30,17,320,23,34,67,179,52,2*70
1777598483.317,$GAGSV,3,3,09,36,51,049,50,2*46
1777598483.318,$GAGSV,3,1,09,02,45,013,45,03,20,195,30,08,23,250,29,15,17,206,30,7*77
1777598483.319,$GAGSV,3,2,09,18,42,294,33,25,29,081,38,30,17,320,20,34,67,179,45,7*7B
1777598483.319,$GAGSV,3,3,09,36,51,049,44,7*46
1777598483.319,$GAGSV,1,1,03,07,04,296,,11,04,035,,32,26,223,,0*4D
1777598483.320,$GBGSV,2,1,08,06,24,148,40,07,54,159,45,08,46,005,41,10,65,157,45,1*74
1777598483.321,$GBGSV,2,2,08,13,66,317,49,23,61,346,48,25,59,116,48,28,51,260,48,1*78
1777598483.321,$GBGSV,1,1,01,10,65,157,49,3*49
1777598483.321,$GBGSV,1,1,01,09,16,171,,0*4F
1777598483.322,$GNGLL,1339.10082,N,10029.56123,E,012123.00,A,D*7B
1777598484.298,$GNRMC,012124.00,A,1339.10079,N,10029.56032,E,3.065,263.39,010526,0.53,W,R,V*50
1777598484.300,$GNVTG,263.39,T,263.92,M,3.065,N,5.676,K,D*3B
1777598484.302,$GNGGA,012124.00,1339.10079,N,10029.56032,E,4,12,0.60,-0.9,M,-27.8,M,1.0,0042*64
1777598484.302,$GNGSA,A,3,07,14,17,06,30,01,19,03,,,,,1.34,0.60,1.19,1*03
1777598484.303,$GNGSA,A,3,73,80,84,83,79,,,,,,,,1.34,0.60,1.19,2*0E
1777598484.303,$GNGSA,A,3,25,08,15,03,02,34,36,,,,,,1.34,0.60,1.19,3*02
1777598484.304,$GNGSA,A,3,07,08,10,23,25,28,13,06,,,,,1.34,0.60,1.19,4*0B
1777598484.304,$GPGSV,3,1,12,01,35,040,43,03,24,102,40,06,36,212,37,07,51,172,43,1*65
1777598484.305,$GPGSV,3,2,12,14,44,354,29,17,44,321,27,19,31,283,41,22,33,340,25,1*6F
1777598484.305,$GPGSV,3,3,12,30,70,253,47,40,36,256,38,41,64,233,47,42,70,217,46,1*6E
1777598484.306,$GPGSV,2,1,07,01,35,040,43,03,24,102,39,06,36,212,40,07,51,172,45,6*6F
1777598484.306,$GPGSV,2,2,07,14,44,354,34,17,44,321,29,30,70,253,44,6*59
1777598484.307,$GPGSV,1,1,03,02,05,036,,09,06,170,,50,56,115,,0*5E
1777598484.308,$GLGSV,2,1,06,73,37,350,31,79,17,129,33,80,57,079,49,82,11,023,20,1*7B
1777598484.308,$GLGSV,2,2,06,83,60,354,49,84,50,236,42,1*74
1777598484.309,$GLGSV,2,1,06,73,37,350,32,79,17,129,35,80,57,079,47,82,11,023,23,3*71
1777598484.309,$GLGSV,2,2,06,83,60,354,49,84,50,236,41,3*75
1777598484.310,$GLGSV,1,1,01,85,08,217,,0*49
1777598484.310,$GAGSV,3,1,09,02,45,013,45,03,20,195,38,08,23,250,29,15,17,206,28,2*73
1777598484.311,$GAGSV,3,2,09,18,42,294,49,25,29,081,43,30,17,320,23,34,67,179,51,2*79
1777598484.311,$GAGSV,3,3,09,36,51,049,50,2*46
1777598484.312,$GAGSV,3,1,09,02,45,013,40,03,20,195,22,08,23,250,29,15,17,206,30,7*71
1777598484.312,$GAGSV,3,2,09,18,42,294,42,25,29,081,38,30,17,320,19,34,67,179,45,7*77
1777598484.313,$GAGSV,3,3,09,36,51,049,44,7*46
1777598484.313,$GAGSV,1,1,03,07,04,296,,11,04,035,,32,26,223,,0*4D
1777598484.314,$GBGSV,2,1,08,06,24,148,37,07,54,159,45,08,46,005,37,10,65,157,46,1*76
1777598484.314,$GBGSV,2,2,08,13,66,317,50,23,61,346,48,25,59,116,48,28,51,260,49,1*71
1777598484.315,$GBGSV,1,1,01,10,65,157,49,3*49
1777598484.315,$GBGSV,1,1,01,09,16,171,,0*4F
1777598484.315,$GNGLL,1339.10079,N,10029.56032,E,012124.00,A,D*79
1777598485.296,$GNRMC,012125.00,A,1339.10068,N,10029.55946,E,2.971,259.69,010526,0.53,W,R,V*59
1777598485.298,$GNVTG,259.69,T,260.22,M,2.971,N,5.501,K,D*31
1777598485.300,$GNGGA,012125.00,1339.10068,N,10029.55946,E,4,12,0.59,-0.9,M,-27.8,M,1.0,0042*66
1777598485.300,$GNGSA,A,3,07,14,17,06,30,01,19,03,,,,,1.27,0.59,1.12,1*00
1777598485.301,$GNGSA,A,3,73,80,84,83,79,,,,,,,,1.27,0.59,1.12,2*0D
1777598485.301,$GNGSA,A,3,25,08,15,03,02,34,36,,,,,,1.27,0.59,1.12,3*01
1777598485.302,$GNGSA,A,3,07,08,10,23,25,28,13,06,,,,,1.27,0.59,1.12,4*08
1777598485.302,$GPGSV,3,1,12,01,35,040,43,03,24,102,38,06,36,212,30,07,51,172,45,1*6B
1777598485.303,$GPGSV,3,2,12,14,44,354,29,17,44,321,26,19,31,283,42,22,33,340,24,1*6C
1777598485.303,$GPGSV,3,3,12,30,70,253,47,40,36,256,38,41,64,233,47,42,70,217,46,1*6E
1777598485.304,$GPGSV,2,1,07,01,35,040,45,03,24,102,40,06,36,212,29,07,51,172,44,6*69
1777598485.305,$GPGSV,2,2,07,14,44,354,29,17,44,321,31,30,70,253,45,6*5D
1777598485.305,$GPGSV,1,1,03,02,05,036,,09,06,170,,50,56,115,,0*5E
1777598485.306,$GLGSV,2,1,06,73,37,350,27,79,17,129,32,80,57,079,49,82,11,023,20,1*7D
1777598485.306,$GLGSV,2,2,06,83,60,354,46,84,50,236,42,1*7B
1777598485.307,$GLGSV,2,1,06,73,37,350,29,79,17,129,29,80,57,079,48,82,11,023,20,3*7A
1777598485.308,$GLGSV,2,2,06,83,60,354,44,84,50,236,43,3*7A
1777598485.308,$GLGSV,1,1,01,85,08,217,,0*49
1777598485.308,$GAGSV,3,1,09,02,45,013,42,03,20,195,38,08,23,250,30,15,17,206,27,2*73
1777598485.309,$GAGSV,3,2,09,18,42,294,49,25,29,081,43,30,17,320,31,34,67,179,51,2*7A
1777598485.309,$GAGSV,3,3,09,36,51,049,49,2*4E
1777598485.310,$GAGSV,3,1,09,02,45,013,35,03,20,195,29,08,23,250,27,15,17,206,31,7*77
1777598485.311,$GAGSV,3,2,09,18,42,294,42,25,29,081,39,30,17,320,21,34,67,179,46,7*7E
1777598485.311,$GAGSV,3,3,09,36,51,049,43,7*41
1777598485.311,$GAGSV,1,1,03,07,04,296,,11,04,035,,32,26,223,,0*4D
1777598485.312,$GBGSV,2,1,08,06,24,148,36,07,54,159,47,08,46,005,29,10,65,157,47,1*7B
1777598485.313,$GBGSV,2,2,08,13,66,317,47,23,61,346,45,25,59,116,48,28,51,260,49,1*7A
1777598485.313,$GBGSV,1,1,01,10,65,157,48,3*48
1777598485.313,$GBGSV,1,1,01,09,16,171,,0*4F
1777598485.314,$GNGLL,1339.10068,N,10029.55946,E,012125.00,A,D*71
1777598486.300,$GNRMC,012126.00,A,1339.10052,N,10029.55864,E,2.869,257.61,010526,0.53,W,R,V*5C
1777598486.302,$GNVTG,257.61,T,258.14,M,2.869,N,5.314,K,D*33
1777598486.304,$GNGGA,012126.00,1339.10052,N,10029.55864,E,4,12,0.56,-0.9,M,-27.8,M,1.0,0042*62
1777598486.304,$GNGSA,A,3,07,14,17,06,30,01,19,03,,,,,1.13,0.56,0.98,1*0B
1777598486.305,$GNGSA,A,3,73,80,84,83,79,,,,,,,,1.13,0.56,0.98,2*06
1777598486.305,$GNGSA,A,3,25,30,15,03,02,34,36,,,,,,1.13,0.56,0.98,3*01
1777598486.306,$GNGSA,A,3,07,08,10,23,25,28,13,06,,,,,1.13,0.56,0.98,4*03
1777598486.306,$GPGSV,3,1,12,01,35,040,44,03,24,102,39,06,36,212,30,07,51,172,42,1*6A
1777598486.307,$GPGSV,3,2,12,14,44,354,28,17,44,321,38,19,31,283,41,22,33,340,24,1*61
1777598486.308,$GPGSV,3,3,12,30,70,253,48,40,36,256,42,41,64,233,46,42,70,217,45,1*6E
1777598486.309,$GPGSV,2,1,07,01,35,040,46,03,24,102,41,06,36,212,38,07,51,172,43,6*6C
1777598486.309,$GPGSV,2,2,07,14,44,354,30,17,44,321,34,30,70,253,45,6*50
1777598486.310,$GPGSV,1,1,03,02,05,036,,09,06,170,,50,56,115,,0*5E
1777598486.310,$GLGSV,2,1,06,73,37,350,28,79,17,129,34,80,57,079,49,82,11,023,22,1*76
1777598486.311,$GLGSV,2,2,06,83,60,354,41,84,50,236,40,1*7E
1777598486.311,$GLGSV,2,1,06,73,37,350,29,79,17,129,32,80,57,079,48,82,11,023,21,3*71
1777598486.312,$GLGSV,2,2,06,83,60,354,39,84,50,236,39,3*7D
1777598486.313,$GLGSV,1,1,01,85,08,217,,0*49
1777598486.313,$GAGSV,3,1,09,02,45,013,38,03,20,195,29,08,23,250,37,15,17,206,25,2*7B
1777598486.314,$GAGSV,3,2,09,18,42,294,49,25,29,081,45,30,17,320,37,34,67,179,50,2*7B
1777598486.314,$GAGSV,3,3,09,36,51,049,49,2*4E
1777598486.315,$GAGSV,2,1,08,02,45,013,27,08,23,250,27,15,17,206,31,18,42,294,42,7*75
1777598486.315,$GAGSV,2,2,08,25,29,081,40,30,17,320,23,34,67,179,45,36,51,049,44,7*7B
1777598486.316,$GAGSV,1,1,03,07,04,296,,11,04,035,,32,26,223,,0*4D
1777598486.317,$GBGSV,2,1,08,06,24,148,41,07,54,159,47,08,46,005,30,10,65,157,47,1*73
1777598486.317,$GBGSV,2,2,08,13,66,317,49,23,61,346,39,25,59,116,47,28,51,260,46,1*7F
1777598486.318,$GBGSV,1,1,01,10,65,157,50,3*41
1777598486.318,$GBGSV,1,1,01,09,16,171,,0*4F
1777598486.318,$GNGLL,1339.10052,N,10029.55864,E,012126.00,A,D*7A
1777598487.308,$GNRMC,012127.00,A,1339.10037,N,10029.55787,E,2.584,257.64,010526,0.53,W,R,V*57
1777598487.310,$GNVTG,257.64,T,258.17,M,2.584,N,4.785,K,D*36
1777598487.312,$GNGGA,012127.00,1339.10037,N,10029.55787,E,4,12,0.57,-0.9,M,-27.8,M,1.0,0499*61
1777598487.312,$GNGSA,A,3,07,14,17,06,30,01,19,03,,,,,1.14,0.57,0.98,1*0D
1777598487.313,$GNGSA,A,3,73,80,84,83,79,,,,,,,,1.14,0.57,0.98,2*00
1777598487.313,$GNGSA,A,3,25,30,08,15,03,02,34,36,,,,,1.14,0.57,0.98,3*0F
1777598487.314,$GNGSA,A,3,07,10,23,25,28,13,06,,,,,,1.14,0.57,0.98,4*0D
1777598487.314,$GPGSV,3,1,12,01,35,040,43,03,24,102,36,06,36,212,37,07,51,172,43,1*64
1777598487.315,$GPGSV,3,2,12,14,44,354,28,17,44,321,45,19,31,283,43,22,33,340,31,1*6D
1777598487.316,$GPGSV,3,3,12,30,70,253,46,40,36,256,43,41,64,233,47,42,70,217,47,1*62
1777598487.316,$GPGSV,2,1,07,01,35,040,43,03,24,102,42,06,36,212,33,07,51,172,41,6*63
1777598487.317,$GPGSV,2,2,07,14,44,354,34,17,44,321,43,30,70,253,45,6*54
1777598487.317,$GPGSV,1,1,03,02,05,036,,09,06,170,,50,56,115,,0*5E
1777598487.318,$GLGSV,2,1,06,73,37,350,28,79,17,129,30,80,57,079,49,82,11,023,23,1*73
1777598487.318,$GLGSV,2,2,06,83,60,354,41,84,50,236,38,1*71
1777598487.319,$GLGSV,2,1,06,73,37,350,29,79,17,129,33,80,57,079,49,82,11,023,22,3*72
1777598487.320,$GLGSV,2,2,06,83,60,354,42,84,50,236,41,3*7E
1777598487.320,$GLGSV,1,1,01,85,08,217,,0*49
1777598487.321,$GAGSV,3,1,09,02,45,013,38,03,20,195,32,08,23,250,43,15,17,206,34,2*72
1777598487.321,$GAGSV,3,2,09,18,42,294,47,25,29,081,44,30,17,320,42,34,67,179,51,2*77
1777598487.322,$GAGSV,3,3,09,36,51,049,49,2*4E
1777598487.322,$GAGSV,3,1,09,02,45,013,27,03,20,195,27,08,23,250,28,15,17,206,31,7*75
1777598487.323,$GAGSV,3,2,09,18,42,294,42,25,29,081,40,30,17,320,26,34,67,179,45,7*74
1777598487.323,$GAGSV,3,3,09,36,51,049,44,7*46
1777598487.324,$GAGSV,1,1,03,07,04,296,,11,04,035,,32,26,223,,0*4D
1777598487.324,$GBGSV,2,1,08,06,24,148,39,07,54,159,45,08,46,005,33,10,65,157,46,1*7C
1777598487.325,$GBGSV,2,2,08,13,66,317,49,23,61,346,42,25,59,116,49,28,51,260,48,1*73
1777598487.325,$GBGSV,1,1,01,10,65,157,49,3*49
1777598487.326,$GBGSV,1,1,01,09,16,171,,0*4F
1777598487.326,$GNGLL,1339.10037,N,10029.55787,E,012127.00,A,D*7A
1777598488.303,$GNRMC,012128.00,A,1339.10024,N,10029.55723,E,2.230,260.49,010526,0.53,W,R,V*57
1777598488.305,$GNVTG,260.49,T,261.02,M,2.230,N,4.129,K,D*3B
1777598488.307,$GNGGA,012128.00,1339.10024,N,10029.55723,E,4,12,0.58,-1.0,M,-27.8,M,2.0,0499*66
1777598488.308,$GNGSA,A,3,07,14,17,06,22,30,01,19,03,,,,1.17,0.58,1.02,1*03
1777598488.308,$GNGSA,A,3,80,84,83,79,,,,,,,,,1.17,0.58,1.02,2*0A
1777598488.308,$GNGSA,A,3,25,30,08,15,03,02,34,36,,,,,1.17,0.58,1.02,3*01
1777598488.309,$GNGSA,A,3,07,10,23,25,28,13,06,,,,,,1.17,0.58,1.02,4*03
1777598488.309,$GPGSV,3,1,12,01,35,040,37,03,24,102,40,06,36,212,36,07,51,172,41,1*65
1777598488.310,$GPGSV,3,2,12,14,44,354,38,17,44,321,42,19,31,283,39,22,33,340,29,1*6F
1777598488.311,$GPGSV,3,3,12,30,70,253,47,40,36,256,41,41,64,233,40,42,70,217,44,1*65
1777598488.311,$GPGSV,2,1,07,01,35,040,38,03,24,102,39,06,36,212,34,07,51,172,43,6*66
1777598488.312,$GPGSV,2,2,07,14,44,354,35,17,44,321,40,30,70,253,44,6*57
1777598488.312,$GPGSV,1,1,03,02,05,036,,09,06,170,,50,56,115,,0*5E
1777598488.313,$GLGSV,2,1,06,73,37,350,32,79,17,129,31,80,57,079,49,82,11,023,23,1*79
1777598488.313,$GLGSV,2,2,06,83,60,354,46,84,50,236,36,1*78
1777598488.314,$GLGSV,2,1,06,73,37,350,37,79,17,129,27,80,57,079,49,82,11,023,22,3*78
1777598488.314,$GLGSV,2,2,06,83,60,354,47,84,50,236,41,3*7B
1777598488.315,$GLGSV,1,1,01,85,08,217,,0*49
1777598488.315,$GAGSV,3,1,09,02,45,013,31,03,20,195,35,08,23,250,41,15,17,206,28,2*73
1777598488.316,$GAGSV,3,2,09,18,42,294,48,25,29,081,44,30,17,320,38,34,67,179,51,2*75
1777598488.317,$GAGSV,3,3,09,36,51,049,48,2*4F
1777598488.317,$GAGSV,3,1,09,02,45,013,32,03,20,195,32,08,23,250,27,15,17,206,25,7*7F
1777598488.318,$GAGSV,3,2,09,18,42,294,41,25,29,081,41,30,17,320,28,34,67,179,47,7*7A
1777598488.318,$GAGSV,3,3,09,36,51,049,44,7*46
1777598488.318,$GAGSV,1,1,03,07,04,296,,11,04,035,,32,26,223,,0*4D
1777598488.319,$GBGSV,2,1,08,06,24,148,34,07,54,159,46,08,46,005,29,10,65,157,46,1*79
1777598488.320,$GBGSV,2,2,08,13,66,317,48,23,61,346,48,25,59,116,48,28,51,260,49,1*78
1777598488.320,$GBGSV,1,1,01,10,65,157,48,3*48
1777598488.320,$GBGSV,1,1,01,09,16,171,,0*4F
1777598488.321,$GNGLL,1339.10024,N,10029.55723,E,012128.00,A,D*79
1777598489.309,$GNRMC,012129.00,A,1339.10019,N,10029.55674,E,1.156,268.14,010526,0.53,W,R,V*5B
1777598489.310,$GNVTG,268.14,T,268.67,M,1.156,N,2.141,K,D*39
1777598489.312,$GNGGA,012129.00,1339.10019,N,10029.55674,E,4,12,0.59,-1.0,M,-27.8,M,1.0,0499*68
1777598489.312,$GNGSA,A,3,07,14,17,06,30,01,19,03,,,,,1.18,0.59,1.03,1*0C
1777598489.313,$GNGSA,A,3,73,80,84,83,79,,,,,,,,1.18,0.59,1.03,2*01
1777598489.313,$GNGSA,A,3,25,30,08,15,03,02,34,36,,,,,1.18,0.59,1.03,3*0E
1777598489.314,$GNGSA,A,3,07,10,23,25,28,13,06,,,,,,1.18,0.59,1.03,4*0C
1777598489.314,$GPGSV,3,1,12,01,35,040,38,03,24,102,40,06,36,212,28,07,51,172,36,1*65
1777598489.315,$GPGSV,3,2,12,14,44,354,33,17,44,321,41,19,31,283,43,22,33,340,21,1*62
1777598489.316,$GPGSV,3,3,12,30,70,253,46,40,36,256,42,41,64,233,40,42,70,217,43,1*60
1777598489.316,$GPGSV,2,1,07,01,35,040,38,03,24,102,35,06,36,212,25,07,51,172,35,6*6B
1777598489.317,$GPGSV,2,2,07,14,44,354,30,17,44,321,34,30,70,253,43,6*56
1777598489.317,$GPGSV,1,1,03,02,05,036,,09,06,170,,50,56,115,,0*5E
1777598489.318,$GLGSV,2,1,06,73,37,350,30,79,17,129,31,80,57,079,50,82,11,023,22,1*72
1777598489.318,$GLGSV,2,2,06,83,60,354,51,84,50,236,45,1*7A
1777598489.319,$GLGSV,2,1,06,73,37,350,38,79,17,129,35,80,57,079,48,82,11,023,23,3*74
1777598489.319,$GLGSV,2,2,06,83,60,354,51,84,50,236,46,3*7B
1777598489.320,$GLGSV,1,1,01,85,08,217,,0*49
1777598489.321,$GAGSV,3,1,09,02,45,013,32,03,20,195,39,08,23,250,34,15,17,206,30,2*77
1777598489.321,$GAGSV,3,2,09,18,42,294,48,25,29,081,45,30,17,320,38,34,67,179,49,2*7D
1777598489.322,$GAGSV,3,3,09,36,51,049,51,2*47
1777598489.322,$GAGSV,3,1,09,02,45,013,35,03,20,195,33,08,23,250,27,15,17,206,24,7*78
1777598489.323,$GAGSV,3,2,09,18,42,294,42,25,29,081,41,30,17,320,29,34,67,179,44,7*7B
1777598489.323,$GAGSV,3,3,09,36,51,049,45,7*47
1777598489.324,$GAGSV,1,1,03,07,04,296,,11,04,035,,32,26,223,,0*4D
1777598489.324,$GBGSV,2,1,08,06,24,148,37,07,54,159,44,08,46,005,27,10,65,157,46,1*76
1777598489.325,$GBGSV,2,2,08,13,66,317,48,23,61,346,46,25,59,116,49,28,51,260,48,1*76
1777598489.325,$GBGSV,1,1,01,10,65,157,50,3*41
1777598489.325,$GBGSV,1,1,01,09,16,171,,0*4F
1777598489.326,$GNGLL,1339.10019,N,10029.55674,E,012129.00,A,D*75
1777598490.313,$GNRMC,012130.00,A,1339.10020,N,10029.55655,E,0.278,266.28,010526,0.53,W,R,V*55
1777598490.314,$GNVTG,266.28,T,266.81,M,0.278,N,0.514,K,D*36
1777598490.316,$GNGGA,012130.00,1339.10020,N,10029.55655,E,4,12,0.57,-1.0,M,-27.8,M,1.0,0499*67
1777598490.316,$GNGSA,A,3,07,14,17,22,06,30,01,19,03,,,,1.16,0.57,1.01,1*0E
1777598490.317,$GNGSA,A,3,73,80,84,83,79,,,,,,,,1.16,0.57,1.01,2*03
1777598490.317,$GNGSA,A,3,25,30,15,03,02,34,36,,,,,,1.16,0.57,1.01,3*04
1777598490.318,$GNGSA,A,3,07,10,23,25,28,13,06,,,,,,1.16,0.57,1.01,4*0E
1777598490.318,$GPGSV,3,1,12,01,35,040,34,03,24,102,39,06,36,212,34,07,51,172,37,1*6B
1777598490.319,$GPGSV,3,2,12,14,44,354,34,17,44,321,39,19,31,283,44,22,33,340,34,1*69
1777598490.320,$GPGSV,3,3,12,30,70,250,49,40,36,256,41,41,64,233,40,42,70,217,41,1*6D
1777598490.321,$GPGSV,2,1,07,01,35,040,34,03,24,102,38,06,36,212,37,07,51,172,38,6*64
1777598490.321,$GPGSV,2,2,07,14,44,354,36,17,44,321,35,30,70,250,44,6*55
1777598490.322,$GPGSV,1,1,03,02,05,036,,09,06,170,,50,56,115,,0*5E
1777598490.322,$GLGSV,2,1,06,73,37,350,37,79,17,129,34,80,57,079,47,82,11,023,31,1*74
1777598490.323,$GLGSV,2,2,06,83,60,354,49,84,50,236,41,1*77
1777598490.324,$GLGSV,2,1,06,73,37,350,39,79,17,129,27,80,57,079,48,82,11,023,23,3*76
1777598490.324,$GLGSV,2,2,06,83,60,354,50,84,50,236,41,3*7D
1777598490.325,$GLGSV,1,1,01,85,08,217,,0*49
1777598490.326,$GAGSV,3,1,09,02,45,013,41,03,20,195,37,08,23,250,31,15,17,206,18,2*72
1777598490.326,$GAGSV,3,2,09,18,42,294,49,25,29,081,45,30,17,320,32,34,67,179,48,2*77
1777598490.327,$GAGSV,3,3,09,36,51,049,50,2*46
1777598490.327,$GAGSV,3,1,09,02,45,013,26,03,20,195,28,08,23,250,26,15,17,206,25,7*70
1777598490.328,$GAGSV,3,2,09,18,42,294,44,25,29,081,41,30,17,320,33,34,67,179,43,7*71
1777598490.328,$GAGSV,3,3,09,36,51,049,45,7*47
1777598490.329,$GAGSV,1,1,03,07,04,296,,11,04,035,,32,26,223,,0*4D
1777598490.329,$GBGSV,2,1,08,06,24,148,39,07,54,159,46,08,46,005,36,10,65,157,47,1*7B
1777598490.330,$GBGSV,2,2,08,13,66,317,47,23,61,346,50,25,59,116,48,28,51,260,48,1*7F
1777598490.331,$GBGSV,1,1,01,10,65,157,48,3*48
1777598490.331,$GBGSV,1,1,01,09,16,171,,0*4F
1777598490.332,$GNGLL,1339.10020,N,10029.55655,E,012130.00,A,D*74
1777598491.304,$GNRMC,012131.00,A,1339.10020,N,10029.55654,E,0.008,,010526,0.53,W,R,V*46
1777598491.306,$GNVTG,,T,,M,0.008,N,0.014,K,D*35
1777598491.308,$GNGGA,012131.00,1339.10020,N,10029.55654,E,4,12,0.57,-0.9,M,-27.8,M,1.0,0499*6F
1777598491.308,$GNGSA,A,3,07,14,17,22,06,30,01,19,03,,,,1.16,0.57,1.01,1*0E
1777598491.309,$GNGSA,A,3,73,80,84,83,79,,,,,,,,1.16,0.57,1.01,2*03
1777598491.309,$GNGSA,A,3,25,30,03,02,34,36,,,,,,,1.16,0.57,1.01,3*00
1777598491.310,$GNGSA,A,3,07,10,23,08,25,28,13,06,,,,,1.16,0.57,1.01,4*06
1777598491.310,$GPGSV,3,1,12,01,35,040,33,03,24,102,41,06,36,212,37,07,51,172,37,1*60
1777598491.311,$GPGSV,3,2,12,14,44,354,35,17,44,321,37,19,31,283,44,22,33,340,33,1*61
1777598491.312,$GPGSV,3,3,12,30,70,250,47,40,36,256,41,41,64,233,39,42,70,217,42,1*6E
1777598491.312,$GPGSV,2,1,07,01,35,040,36,03,24,102,40,06,36,212,35,07,51,172,39,6*6A
1777598491.313,$GPGSV,2,2,07,14,44,354,37,17,44,321,38,30,70,250,45,6*58
1777598491.314,$GPGSV,1,1,03,02,05,036,,09,06,170,,50,56,115,,0*5E
1777598491.314,$GLGSV,2,1,06,73,37,350,34,79,17,129,33,80,57,079,48,82,11,023,29,1*76
1777598491.315,$GLGSV,2,2,06,83,60,354,49,84,50,236,38,1*79
1777598491.315,$GLGSV,2,1,06,73,37,350,37,79,17,129,32,80,57,079,48,82,11,023,22,3*7D
1777598491.316,$GLGSV,2,2,06,83,60,354,50,84,50,236,41,3*7D
1777598491.316,$GLGSV,1,1,01,85,08,217,,0*49
1777598491.317,$GAGSV,3,1,09,02,45,013,38,03,20,195,35,08,23,250,30,15,17,206,20,2*74
1777598491.318,$GAGSV,3,2,09,18,42,294,50,25,29,081,45,30,17,320,30,34,67,179,48,2*7D
1777598491.318,$GAGSV,3,3,09,36,51,049,51,2*47
1777598491.319,$GAGSV,3,1,09,02,45,013,29,03,20,195,25,08,23,250,27,15,17,206,24,7*72
1777598491.319,$GAGSV,3,2,09,18,42,294,44,25,29,081,40,30,17,320,31,34,67,179,42,7*73
1777598491.319,$GAGSV,3,3,09,36,51,049,44,7*46
1777598491.320,$GAGSV,1,1,03,07,04,296,,11,04,035,,32,26,223,,0*4D
1777598491.320,$GBGSV,2,1,08,06,24,148,38,07,54,159,46,08,46,005,36,10,65,157,47,1*7A
1777598491.321,$GBGSV,2,2,08,13,66,317,47,23,61,346,49,25,59,116,48,28,51,260,48,1*77
1777598491.321,$GBGSV,1,1,01,10,65,157,47,3*47
1777598491.322,$GBGSV,1,1,01,09,16,171,,0*4F
1777598491.322,$GNGLL,1339.10020,N,10029.55654,E,012131.00,A,D*74
1777598492.343,$GNRMC,012132.00,A,1339.10020,N,10029.55653,E,0.001,,010526,0.53,W,R,V*4B
1777598492.345,$GNVTG,,T,,M,0.001,N,0.001,K,D*38
1777598492.347,$GNGGA,012132.00,1339.10020,N,10029.55653,E,4,12,0.57,-0.9,M,-27.8,M,1.0,0499*6B
1777598492.348,$GNGSA,A,3,07,14,17,22,06,41,30,01,19,03,,,1.16,0.57,1.01,1*0B
1777598492.348,$GNGSA,A,3,73,80,84,83,79,,,,,,,,1.16,0.57,1.01,2*03
1777598492.348,$GNGSA,A,3,25,30,03,02,34,36,,,,,,,1.16,0.57,1.01,3*00
1777598492.349,$GNGSA,A,3,07,10,23,08,25,28,13,06,,,,,1.16,0.57,1.01,4*06
1777598492.350,$GPGSV,3,1,12,01,35,040,32,03,24,102,41,06,36,212,37,07,51,172,38,1*6E
1777598492.350,$GPGSV,3,2,12,14,44,354,34,17,44,321,38,19,31,283,43,22,33,340,34,1*6F
1777598492.351,$GPGSV,3,3,12,30,70,250,47,40,36,256,41,41,64,233,39,42,70,217,42,1*6E
1777598492.351,$GPGSV,2,1,07,01,35,040,38,03,24,102,40,06,36,212,36,07,51,172,40,6*69
1777598492.352,$GPGSV,2,2,07,14,44,354,38,17,44,321,38,30,70,250,45,6*57
1777598492.353,$GPGSV,1,1,03,02,05,036,,09,06,170,,50,56,115,,0*5E
1777598492.353,$GLGSV,2,1,06,73,37,350,35,79,17,129,33,80,57,079,47,82,11,023,28,1*79
1777598492.354,$GLGSV,2,2,06,83,60,354,49,84,50,236,38,1*79
1777598492.354,$GLGSV,2,1,06,73,37,350,34,79,17,129,30,80,57,079,48,82,11,023,22,3*7C
1777598492.355,$GLGSV,2,2,06,83,60,354,50,84,50,236,41,3*7D
1777598492.355,$GLGSV,1,1,01,85,08,217,,0*49
1777598492.356,$GAGSV,3,1,09,02,45,013,39,03,20,195,35,08,23,250,31,15,17,206,22,2*76
1777598492.356,$GAGSV,3,2,09,18,42,294,49,25,29,081,45,30,17,320,30,34,67,179,49,2*74
1777598492.357,$GAGSV,3,3,09,36,51,049,51,2*47
1777598492.357,$GAGSV,3,1,09,02,45,013,31,03,20,195,24,08,23,250,27,15,17,206,22,7*7C
1777598492.358,$GAGSV,3,2,09,18,42,294,44,25,29,081,40,30,17,320,31,34,67,179,42,7*73
1777598492.358,$GAGSV,3,3,09,36,51,049,44,7*46
1777598492.359,$GAGSV,1,1,03,07,04,296,,11,04,035,,32,26,223,,0*4D
1777598492.359,$GBGSV,2,1,08,06,24,148,39,07,54,159,46,08,46,005,37,10,65,157,47,1*7A
1777598492.360,$GBGSV,2,2,08,13,66,317,47,23,61,346,49,25,59,116,48,28,51,260,48,1*77
1777598492.360,$GBGSV,1,1,01,10,65,157,47,3*47
1777598492.361,$GBGSV,1,1,01,09,16,171,,0*4F
1777598492.361,$GNGLL,1339.10020,N,10029.55653,E,012132.00,A,D*70
1777598493.305,$GNRMC,012133.00,A,1339.10020,N,10029.55654,E,0.015,,010526,0.53,W,R,V*48
1777598493.306,$GNVTG,,T,,M,0.015,N,0.027,K,D*39
1777598493.308,$GNGGA,012133.00,1339.10020,N,10029.55654,E,4,12,0.57,-0.9,M,-27.8,M,1.0,0499*6D
1777598493.309,$GNGSA,A,3,07,14,17,22,06,41,30,01,19,03,,,1.16,0.57,1.01,1*0B
1777598493.309,$GNGSA,A,3,73,80,84,83,79,,,,,,,,1.16,0.57,1.01,2*03
1777598493.310,$GNGSA,A,3,25,30,03,02,34,36,,,,,,,1.16,0.57,1.01,3*00
1777598493.310,$GNGSA,A,3,07,10,23,08,25,28,13,06,,,,,1.16,0.57,1.01,4*06
1777598493.311,$GPGSV,3,1,12,01,35,040,32,03,24,102,41,06,36,212,36,07,51,172,37,1*60
1777598493.311,$GPGSV,3,2,12,14,44,354,33,17,44,321,37,19,31,283,43,22,33,340,34,1*67
1777598493.312,$GPGSV,3,3,12,30,70,250,47,40,36,256,41,41,64,233,40,42,70,217,42,1*60
1777598493.313,$GPGSV,2,1,07,01,35,040,38,03,24,102,40,06,36,212,36,07,51,172,40,6*69
1777598493.313,$GPGSV,2,2,07,14,44,354,38,17,44,321,38,30,70,250,45,6*57
1777598493.314,$GPGSV,1,1,03,02,05,036,,09,06,170,,50,56,115,,0*5E
1777598493.315,$GLGSV,2,1,06,73,37,350,36,79,17,129,32,80,57,079,47,82,11,023,26,1*75
1777598493.315,$GLGSV,2,2,06,83,60,354,48,84,50,236,39,1*79
1777598493.316,$GLGSV,2,1,06,73,37,350,35,79,17,129,30,80,57,079,48,82,11,023,21,3*7E
1777598493.317,$GLGSV,2,2,06,83,60,354,50,84,50,236,41,3*7D
1777598493.317,$GLGSV,1,1,01,85,08,217,,0*49
1777598493.317,$GAGSV,3,1,09,02,45,013,39,03,20,195,36,08,23,250,31,15,17,206,20,2*77
1777598493.318,$GAGSV,3,2,09,18,42,294,49,25,29,081,45,30,17,320,30,34,67,179,49,2*74
1777598493.318,$GAGSV,3,3,09,36,51,049,50,2*46
1777598493.319,$GAGSV,3,1,09,02,45,013,32,03,20,195,23,08,23,250,27,15,17,206,22,7*78
1777598493.320,$GAGSV,3,2,09,18,42,294,44,25,29,081,40,30,17,320,31,34,67,179,42,7*73
1777598493.320,$GAGSV,3,3,09,36,51,049,44,7*46
1777598493.321,$GAGSV,1,1,03,07,04,296,,11,04,035,,32,26,223,,0*4D
1777598493.321,$GBGSV,2,1,08,06,24,148,39,07,54,159,46,08,46,005,37,10,65,157,47,1*7A
1777598493.322,$GBGSV,2,2,08,13,66,317,47,23,61,346,49,25,59,116,48,28,51,260,48,1*77
1777598493.322,$GBGSV,1,1,01,10,65,157,47,3*47
1777598493.322,$GBGSV,1,1,01,09,16,171,,0*4F
1777598493.323,$GNGLL,1339.10020,N,10029.55654,E,012133.00,A,D*76
1777598494.303,$GNRMC,012134.00,A,1339.10020,N,10029.55654,E,0.014,,010526,0.53,W,R,V*4E
1777598494.305,$GNVTG,,T,,M,0.014,N,0.026,K,D*39
1777598494.307,$GNGGA,012134.00,1339.10020,N,10029.55654,E,4,12,0.57,-0.9,M,-27.8,M,1.0,0499*6A
1777598494.307,$GNGSA,A,3,07,14,17,22,06,30,01,19,03,,,,1.16,0.57,1.01,1*0E
1777598494.308,$GNGSA,A,3,73,80,84,83,79,,,,,,,,1.16,0.57,1.01,2*03
1777598494.308,$GNGSA,A,3,25,30,03,08,02,34,36,,,,,,1.16,0.57,1.01,3*08
1777598494.309,$GNGSA,A,3,07,10,23,08,25,28,13,06,,,,,1.16,0.57,1.01,4*06
1777598494.309,$GPGSV,3,1,12,01,35,040,32,03,24,102,41,06,36,212,37,07,51,172,38,1*6E
1777598494.310,$GPGSV,3,2,12,14,44,354,33,17,44,321,38,19,31,283,43,22,33,340,34,1*68
1777598494.311,$GPGSV,3,3,12,30,70,250,47,40,36,256,41,41,64,233,39,42,70,217,42,1*6E
1777598494.311,$GPGSV,2,1,07,01,35,040,37,03,24,102,40,06,36,212,36,07,51,172,40,6*66
1777598494.312,$GPGSV,2,2,07,14,44,354,38,17,44,321,38,30,70,250,45,6*57
1777598494.312,$GPGSV,1,1,03,02,05,036,,09,06,170,,50,56,115,,0*5E
1777598494.313,$GLGSV,2,1,06,73,37,350,35,79,17,129,32,80,57,079,48,82,11,023,27,1*78
1777598494.314,$GLGSV,2,2,06,83,60,354,49,84,50,236,39,1*78
1777598494.314,$GLGSV,2,1,06,73,37,350,35,79,17,129,31,80,57,079,48,82,11,023,23,3*7D
1777598494.315,$GLGSV,2,2,06,83,60,354,50,84,50,236,41,3*7D
1777598494.315,$GLGSV,1,1,01,85,08,217,,0*49
1777598494.316,$GAGSV,3,1,09,02,45,013,39,03,20,195,35,08,23,250,31,15,17,206,22,2*76
1777598494.317,$GAGSV,3,2,09,18,42,294,49,25,29,081,45,30,17,320,30,34,67,179,48,2*75
1777598494.317,$GAGSV,3,3,09,36,51,049,50,2*46
1777598494.318,$GAGSV,3,1,09,02,45,013,31,03,20,195,23,08,23,250,27,15,17,206,22,7*7B
1777598494.318,$GAGSV,3,2,09,18,42,294,44,25,29,081,40,30,17,320,31,34,67,179,43,7*72
1777598494.319,$GAGSV,3,3,09,36,51,049,44,7*46
1777598494.319,$GAGSV,1,1,03,07,04,296,,11,04,035,,32,26,223,,0*4D
1777598494.320,$GBGSV,2,1,08,06,24,148,38,07,54,159,46,08,46,005,36,10,65,157,47,1*7A
1777598494.320,$GBGSV,2,2,08,13,66,317,47,23,61,346,49,25,59,116,48,28,51,260,48,1*77
1777598494.321,$GBGSV,1,1,01,10,65,157,47,3*47
1777598494.321,$GBGSV,1,1,01,09,16,171,,0*4F
1777598494.321,$GNGLL,1339.10020,N,10029.55654,E,012134.00,A,D*71
1777598495.306,$GNRMC,012135.00,A,1339.10020,N,10029.55654,E,0.024,,010526,0.53,W,R,V*4C
1777598495.307,$GNVTG,,T,,M,0.024,N,0.045,K,D*3F
1777598495.309,$GNGGA,012135.00,1339.10020,N,10029.55654,E,4,12,0.57,-0.9,M,-27.8,M,1.0,0499*6B
1777598495.310,$GNGSA,A,3,07,14,17,22,06,30,01,19,03,,,,1.16,0.57,1.01,1*0E
1777598495.310,$GNGSA,A,3,73,80,84,83,79,,,,,,,,1.16,0.57,1.01,2*03
1777598495.311,$GNGSA,A,3,25,30,03,08,02,34,36,,,,,,1.16,0.57,1.01,3*08
1777598495.311,$GNGSA,A,3,07,10,23,08,25,28,13,06,,,,,1.16,0.57,1.01,4*06
1777598495.312,$GPGSV,3,1,12,01,35,040,32,03,24,102,41,06,36,212,37,07,51,172,38,1*6E
1777598495.312,$GPGSV,3,2,12,14,44,354,34,17,44,321,37,19,31,283,44,22,33,340,34,1*67
1777598495.313,$GPGSV,3,3,12,30,70,250,48,40,36,256,40,41,64,233,39,42,70,217,42,1*60
1777598495.314,$GPGSV,2,1,07,01,35,040,38,03,24,102,40,06,36,212,36,07,51,172,40,6*69
1777598495.314,$GPGSV,2,2,07,14,44,354,38,17,44,321,38,30,70,250,45,6*57
1777598495.315,$GPGSV,1,1,03,02,05,036,,09,06,170,,50,56,115,,0*5E
1777598495.315,$GLGSV,2,1,06,73,37,350,35,79,17,129,32,80,57,079,48,82,11,023,25,1*7A
1777598495.316,$GLGSV,2,2,06,83,60,354,48,84,50,236,39,1*79
1777598495.317,$GLGSV,2,1,06,73,37,350,36,79,17,129,30,80,57,079,48,82,11,023,22,3*7E
1777598495.317,$GLGSV,2,2,06,83,60,354,50,84,50,236,41,3*7D
1777598495.318,$GLGSV,1,1,01,85,08,217,,0*49
1777598495.318,$GAGSV,3,1,09,02,45,013,39,03,20,195,36,08,23,250,31,15,17,206,29,2*7E
1777598495.319,$GAGSV,3,2,09,18,42,294,49,25,29,081,45,30,17,320,31,34,67,179,48,2*74
1777598495.319,$GAGSV,3,3,09,36,51,049,50,2*46
1777598495.320,$GAGSV,3,1,09,02,45,013,32,03,20,195,23,08,23,250,27,15,17,206,22,7*78
1777598495.321,$GAGSV,3,2,09,18,42,294,44,25,29,081,40,30,17,320,31,34,67,179,42,7*73
1777598495.321,$GAGSV,3,3,09,36,51,049,44,7*46
1777598495.321,$GAGSV,1,1,03,07,04,296,,11,04,035,,32,26,223,,0*4D
1777598495.322,$GBGSV,2,1,08,06,24,148,39,07,54,159,46,08,46,005,37,10,65,157,47,1*7A
1777598495.322,$GBGSV,2,2,08,13,66,317,47,23,61,346,49,25,59,116,48,28,51,260,48,1*77
1777598495.323,$GBGSV,1,1,01,10,65,157,47,3*47
1777598495.323,$GBGSV,1,1,01,09,16,171,,0*4F
1777598495.324,$GNGLL,1339.10020,N,10029.55654,E,012135.00,A,D*70
1777598496.343,$GNRMC,012136.00,A,1339.10020,N,10029.55654,E,0.025,,010526,0.53,W,R,V*4E
1777598496.344,$GNVTG,,T,,M,0.025,N,0.046,K,D*3D
1777598496.346,$GNGGA,012136.00,1339.10020,N,10029.55654,E,4,12,0.57,-0.9,M,-27.8,M,1.0,0499*68
1777598496.347,$GNGSA,A,3,07,14,17,22,06,30,01,19,03,,,,1.16,0.57,1.01,1*0E
1777598496.347,$GNGSA,A,3,73,80,84,83,79,,,,,,,,1.16,0.57,1.01,2*03
1777598496.348,$GNGSA,A,3,25,30,03,08,02,34,36,,,,,,1.16,0.57,1.01,3*08
1777598496.348,$GNGSA,A,3,07,10,23,08,25,28,13,06,,,,,1.16,0.57,1.01,4*06
1777598496.349,$GPGSV,3,1,12,01,35,040,33,03,24,102,42,06,36,212,37,07,51,172,37,1*63
1777598496.350,$GPGSV,3,2,12,14,44,354,34,17,44,321,37,19,31,283,44,22,33,340,35,1*66
1777598496.350,$GPGSV,3,3,12,30,70,250,48,40,36,256,41,41,64,233,39,42,70,217,42,1*61
1777598496.351,$GPGSV,2,1,07,01,35,040,39,03,24,102,41,06,36,212,36,07,51,172,40,6*69
1777598496.352,$GPGSV,2,2,07,14,44,354,38,17,44,321,38,30,70,250,45,6*57
1777598496.352,$GPGSV,1,1,03,02,05,036,,09,06,170,,50,56,115,,0*5E
1777598496.353,$GLGSV,2,1,06,73,37,350,36,79,17,129,31,80,57,079,48,82,11,023,25,1*7A
1777598496.353,$GLGSV,2,2,06,83,60,354,48,84,50,236,39,1*79
1777598496.354,$GLGSV,2,1,06,73,37,350,36,79,17,129,30,80,57,079,48,82,11,023,22,3*7E
1777598496.355,$GLGSV,2,2,06,83,60,354,50,84,50,236,41,3*7D
1777598496.355,$GLGSV,1,1,01,85,08,217,,0*49
1777598496.355,$GAGSV,3,1,09,02,45,013,39,03,20,195,36,08,23,250,30,15,17,206,29,2*7F
1777598496.356,$GAGSV,3,2,09,18,42,294,49,25,29,081,45,30,17,320,30,34,67,179,48,2*75
1777598496.356,$GAGSV,3,3,09,36,51,049,50,2*46
1777598496.357,$GAGSV,3,1,09,02,45,013,32,03,20,195,24,08,23,250,27,15,17,206,22,7*7F
1777598496.358,$GAGSV,3,2,09,18,42,294,44,25,29,081,40,30,17,320,31,34,67,179,43,7*72
1777598496.358,$GAGSV,3,3,09,36,51,049,44,7*46
1777598496.358,$GAGSV,1,1,03,07,04,296,,11,04,035,,32,26,223,,0*4D
1777598496.359,$GBGSV,2,1,08,06,24,148,39,07,54,159,45,08,46,005,37,10,65,157,47,1*79
1777598496.360,$GBGSV,2,2,08,13,66,317,47,23,61,346,49,25,59,116,48,28,51,260,48,1*77
1777598496.360,$GBGSV,1,1,01,10,65,157,47,3*47
1777598496.360,$GBGSV,1,1,01,09,16,171,,0*4F
1777598496.361,$GNGLL,1339.10020,N,10029.55654,E,012136.00,A,D*73
1777598497.307,$GNRMC,012137.00,A,1339.10021,N,10029.55654,E,0.032,,010526,0.53,W,R,V*48
1777598497.308,$GNVTG,,T,,M,0.032,N,0.060,K,D*3F
1777598497.310,$GNGGA,012137.00,1339.10021,N,10029.55654,E,4,12,0.57,-0.9,M,-27.8,M,1.0,0499*68
1777598497.311,$GNGSA,A,3,07,14,17,22,06,30,01,19,03,,,,1.16,0.57,1.01,1*0E
1777598497.311,$GNGSA,A,3,73,80,84,83,79,,,,,,,,1.16,0.57,1.01,2*03
1777598497.312,$GNGSA,A,3,25,30,03,08,02,34,36,,,,,,1.16,0.57,1.01,3*08
1777598497.312,$GNGSA,A,3,07,10,23,08,25,28,13,06,,,,,1.16,0.57,1.01,4*06
1777598497.313,$GPGSV,3,1,12,01,35,040,33,03,24,102,41,06,36,212,36,07,51,172,37,1*61
1777598497.313,$GPGSV,3,2,12,14,44,354,34,17,44,321,37,19,31,283,44,22,33,340,35,1*66
1777598497.314,$GPGSV,3,3,12,30,70,250,47,40,36,256,41,41,64,233,39,42,70,217,42,1*6E
1777598497.315,$GPGSV,2,1,07,01,35,040,39,03,24,102,41,06,36,212,36,07,51,172,40,6*69
1777598497.315,$GPGSV,2,2,07,14,44,354,38,17,44,321,38,30,70,250,45,6*57
1777598497.316,$GPGSV,1,1,03,02,05,036,,09,06,170,,50,56,115,,0*5E
1777598497.316,$GLGSV,2,1,06,73,37,350,36,79,17,129,31,80,57,079,48,82,11,023,24,1*7B
1777598497.317,$GLGSV,2,2,06,83,60,354,48,84,50,236,39,1*79
1777598497.318,$GLGSV,2,1,06,73,37,350,36,79,17,129,31,80,57,079,48,82,11,023,21,3*7C
1777598497.318,$GLGSV,2,2,06,83,60,354,50,84,50,236,41,3*7D
1777598497.319,$GLGSV,1,1,01,85,08,217,,0*49
1777598497.319,$GAGSV,3,1,09,02,45,013,39,03,20,195,35,08,23,250,30,15,17,206,29,2*7C
1777598497.320,$GAGSV,3,2,09,18,42,294,49,25,29,081,44,30,17,320,30,34,67,179,49,2*75
1777598497.320,$GAGSV,3,3,09,36,51,049,50,2*46
1777598497.321,$GAGSV,3,1,09,02,45,013,33,03,20,195,25,08,23,250,27,15,17,206,21,7*7C
1777598497.321,$GAGSV,3,2,09,18,42,294,44,25,29,081,40,30,17,320,31,34,67,179,42,7*73
1777598497.322,$GAGSV,3,3,09,36,51,049,44,7*46
1777598497.322,$GAGSV,1,1,03,07,04,296,,11,04,035,,32,26,223,,0*4D
1777598497.323,$GBGSV,2,1,08,06,24,148,38,07,54,159,45,08,46,005,37,10,65,157,47,1*78
1777598497.323,$GBGSV,2,2,08,13,66,317,47,23,61,346,49,25,59,116,48,28,51,260,48,1*77
1777598497.324,$GBGSV,1,1,01,10,65,157,47,3*47
1777598497.324,$GBGSV,1,1,01,09,16,171,,0*4F
1777598497.324,$GNGLL,1339.10021,N,10029.55654,E,012137.00,A,D*73
1777598498.309,$GNRMC,012138.00,A,1339.10021,N,10029.55654,E,0.036,,010526,0.53,W,R,V*43
1777598498.311,$GNVTG,,T,,M,0.036,N,0.066,K,D*3D
1777598498.312,$GNGGA,012138.00,1339.10021,N,10029.55654,E,4,12,0.57,-0.9,M,-27.8,M,1.0,0499*67
1777598498.313,$GNGSA,A,3,07,14,17,22,06,30,01,19,03,,,,1.16,0.57,1.01,1*0E
1777598498.314,$GNGSA,A,3,73,80,84,83,79,,,,,,,,1.16,0.57,1.01,2*03
1777598498.314,$GNGSA,A,3,25,30,03,08,02,34,36,,,,,,1.16,0.57,1.01,3*08
1777598498.315,$GNGSA,A,3,07,10,23,08,25,28,13,06,,,,,1.16,0.57,1.01,4*06
1777598498.315,$GPGSV,4,1,14,01,35,040,33,02,05,036,25,03,24,102,42,06,36,212,36,1*65
1777598498.316,$GPGSV,4,2,14,07,51,172,37,09,06,170,24,14,44,354,33,17,44,321,37,1*6E
1777598498.317,$GPGSV,4,3,14,19,31,283,44,22,33,340,35,30,70,250,47,40,36,256,41,1*61
1777598498.317,$GPGSV,4,4,14,41,64,233,39,42,70,217,42,1*6D
1777598498.318,$GPGSV,2,1,07,01,35,040,40,03,24,102,41,06,36,212,36,07,51,172,40,6*67
1777598498.318,$GPGSV,2,2,07,14,44,354,38,17,44,321,37,30,70,250,45,6*58
1777598498.319,$GPGSV,1,1,01,50,56,115,,0*57
1777598498.319,$GLGSV,2,1,06,73,37,350,35,79,17,129,30,80,57,079,48,82,11,023,23,1*7E
1777598498.320,$GLGSV,2,2,06,83,60,354,49,84,50,236,40,1*76
1777598498.321,$GLGSV,2,1,06,73,37,350,36,79,17,129,29,80,57,079,48,82,11,023,22,3*76
1777598498.321,$GLGSV,2,2,06,83,60,354,50,84,50,236,41,3*7D
1777598498.322,$GLGSV,1,1,01,85,08,217,,0*49
1777598498.322,$GAGSV,3,1,09,02,45,013,39,03,20,195,36,08,23,250,30,15,17,206,29,2*7F
1777598498.323,$GAGSV,3,2,09,18,42,294,49,25,29,081,44,30,17,320,30,34,67,179,49,2*75
1777598498.323,$GAGSV,3,3,09,36,51,049,50,2*46
1777598498.324,$GAGSV,3,1,09,02,45,013,33,03,20,195,26,08,23,250,27,15,17,206,20,7*7E
1777598498.324,$GAGSV,3,2,09,18,42,294,44,25,29,081,40,30,17,320,32,34,67,179,43,7*71
1777598498.325,$GAGSV,3,3,09,36,51,049,44,7*46
1777598498.325,$GAGSV,1,1,03,07,04,296,,11,04,035,,32,26,223,,0*4D
1777598498.326,$GBGSV,2,1,08,06,24,148,38,07,54,159,45,08,46,005,37,10,65,157,47,1*78
1777598498.326,$GBGSV,2,2,08,13,66,317,47,23,61,346,49,25,59,116,48,28,51,260,48,1*77
1777598498.327,$GBGSV,1,1,01,10,65,157,47,3*47
1777598498.327,$GBGSV,1,1,01,09,16,171,,0*4F
1777598498.327,$GNGLL,1339.10021,N,10029.55654,E,012138.00,A,D*7C
1777598499.308,$GNRMC,012139.00,A,1339.10021,N,10029.55654,E,0.037,,010526,0.53,W,R,V*43
1777598499.309,$GNVTG,,T,,M,0.037,N,0.068,K,D*32
1777598499.311,$GNGGA,012139.00,1339.10021,N,10029.55654,E,4,12,0.57,-0.9,M,-27.8,M,1.0,0499*66
1777598499.312,$GNGSA,A,3,07,14,17,22,06,30,01,19,03,,,,1.16,0.57,1.01,1*0E
1777598499.313,$GNGSA,A,3,73,80,84,83,79,,,,,,,,1.16,0.57,1.01,2*03
1777598499.313,$GNGSA,A,3,25,30,03,08,02,34,36,,,,,,1.16,0.57,1.01,3*08
1777598499.314,$GNGSA,A,3,07,10,23,08,25,28,13,06,,,,,1.16,0.57,1.01,4*06
1777598499.314,$GPGSV,4,1,13,01,35,040,32,02,05,036,23,03,24,102,42,06,36,212,36,1*65
1777598499.315,$GPGSV,4,2,13,07,51,172,38,14,44,354,33,17,44,321,38,19,31,283,44,1*65
1777598499.315,$GPGSV,4,3,13,22,33,340,35,30,70,250,47,40,36,256,41,41,64,233,38,1*6B
1777598499.316,$GPGSV,4,4,13,42,70,217,42,1*55
1777598499.316,$GPGSV,2,1,07,01,35,040,40,03,24,102,41,06,36,212,35,07,51,172,40,6*64
1777598499.317,$GPGSV,2,2,07,14,44,354,38,17,44,321,37,30,70,250,45,6*58
1777598499.317,$GPGSV,1,1,02,09,06,170,,50,56,115,,0*6D
1777598499.318,$GLGSV,2,1,06,73,37,350,36,79,17,129,29,80,57,079,48,82,11,023,20,1*76
1777598499.318,$GLGSV,2,2,06,83,60,354,49,84,50,236,41,1*77
1777598499.319,$GLGSV,2,1,06,73,37,350,36,79,17,129,28,80,57,079,48,82,11,023,22,3*77
1777598499.320,$GLGSV,2,2,06,83,60,354,50,84,50,236,41,3*7D
1777598499.320,$GLGSV,1,1,01,85,08,217,,0*49
1777598499.321,$GAGSV,3,1,09,02,45,013,39,03,20,195,36,08,23,250,31,15,17,206,29,2*7E
1777598499.321,$GAGSV,3,2,09,18,42,294,49,25,29,081,44,30,17,320,30,34,67,179,49,2*75
1777598499.322,$GAGSV,3,3,09,36,51,049,50,2*46
1777598499.322,$GAGSV,3,1,09,02,45,013,33,03,20,195,26,08,23,250,27,15,17,206,19,7*74
1777598499.323,$GAGSV,3,2,09,18,42,294,44,25,29,081,40,30,17,320,32,34,67,179,43,7*71
1777598499.323,$GAGSV,3,3,09,36,51,049,44,7*46
1777598499.324,$GAGSV,1,1,03,07,04,296,,11,04,035,,32,26,223,,0*4D
1777598499.324,$GBGSV,2,1,08,06,24,148,38,07,54,159,46,08,46,005,37,10,65,157,47,1*7B
1777598499.325,$GBGSV,2,2,08,13,66,317,47,23,61,346,49,25,59,116,47,28,51,260,48,1*78
1777598499.325,$GBGSV,1,1,01,10,65,157,47,3*47
1777598499.325,$GBGSV,1,1,01,09,16,171,,0*4F
1777598499.326,$GNGLL,1339.10021,N,10029.55654,E,012139.00,A,D*7D
1777598500.349,$GNRMC,012140.00,A,1339.10020,N,10029.55654,E,0.028,,010526,0.53,W,R,V*42
1777598500.350,$GNVTG,,T,,M,0.028,N,0.051,K,D*36
1777598500.352,$GNGGA,012140.00,1339.10020,N,10029.55654,E,4,12,0.57,-0.9,M,-27.8,M,1.0,0499*69
1777598500.353,$GNGSA,A,3,07,14,17,22,06,30,01,19,03,,,,1.16,0.57,1.01,1*0E
1777598500.353,$GNGSA,A,3,73,80,84,83,79,,,,,,,,1.16,0.57,1.01,2*03
1777598500.354,$GNGSA,A,3,25,30,03,08,02,34,36,,,,,,1.16,0.57,1.01,3*08
1777598500.354,$GNGSA,A,3,07,10,23,08,25,28,13,06,,,,,1.16,0.57,1.01,4*06
1777598500.355,$GPGSV,3,1,12,01,35,040,32,03,24,102,42,06,36,212,36,07,51,172,38,1*6C
1777598500.355,$GPGSV,3,2,12,14,44,354,33,17,44,321,37,19,31,283,44,22,33,340,35,1*61
1777598500.356,$GPGSV,3,3,12,30,70,250,48,40,36,256,41,41,64,233,38,42,70,217,42,1*60
1777598500.357,$GPGSV,2,1,07,01,35,040,40,03,24,102,41,06,36,212,35,07,51,172,40,6*64
1777598500.357,$GPGSV,2,2,07,14,44,354,38,17,44,321,37,30,70,250,45,6*58
1777598500.358,$GPGSV,1,1,03,02,05,036,,09,06,170,,50,56,115,,0*5E
1777598500.358,$GLGSV,2,1,06,73,37,350,35,79,17,129,29,80,57,079,48,82,11,023,18,1*7E
1777598500.359,$GLGSV,2,2,06,83,60,354,49,84,50,236,41,1*77
1777598500.360,$GLGSV,2,1,06,73,37,350,35,79,17,129,28,80,57,079,48,82,11,023,21,3*77
1777598500.360,$GLGSV,2,2,06,83,60,354,50,84,50,236,41,3*7D
1777598500.361,$GLGSV,1,1,01,85,08,217,,0*49
1777598500.361,$GAGSV,3,1,09,02,45,013,39,03,20,195,35,08,23,250,31,15,17,206,29,2*7D
1777598500.362,$GAGSV,3,2,09,18,42,294,49,25,29,081,45,30,17,320,30,34,67,179,49,2*74
1777598500.362,$GAGSV,3,3,09,36,51,049,50,2*46
1777598500.363,$GAGSV,3,1,09,02,45,013,33,03,20,195,26,08,23,250,27,15,17,206,19,7*74
1777598500.364,$GAGSV,3,2,09,18,42,294,44,25,29,081,40,30,17,320,33,34,67,179,43,7*70
1777598500.364,$GAGSV,3,3,09,36,51,049,45,7*47
1777598500.364,$GAGSV,1,1,03,07,04,296,,11,04,035,,32,26,223,,0*4D
1777598500.365,$GBGSV,2,1,08,06,24,148,38,07,54,159,46,08,46,005,37,10,65,157,47,1*7B
1777598500.366,$GBGSV,2,2,08,13,66,317,47,23,61,346,49,25,59,116,47,28,51,260,48,1*78
1777598500.366,$GBGSV,1,1,01,10,65,157,47,3*47
1777598500.366,$GBGSV,1,1,01,09,16,171,,0*4F
1777598500.367,$GNGLL,1339.10020,N,10029.55654,E,012140.00,A,D*72
1777598501.306,$GNRMC,012141.00,A,1339.10021,N,10029.55654,E,0.038,,010526,0.53,W,R,V*43
1777598501.307,$GNVTG,,T,,M,0.038,N,0.070,K,D*34
1777598501.309,$GNGGA,012141.00,1339.10021,N,10029.55654,E,4,12,0.57,-0.9,M,-27.8,M,1.0,0499*69
1777598501.311,$GNGSA,A,3,07,14,17,22,06,30,01,19,03,,,,1.16,0.57,1.01,1*0E
1777598501.311,$GNGSA,A,3,73,80,84,83,79,,,,,,,,1.16,0.57,1.01,2*03
1777598501.312,$GNGSA,A,3,25,30,03,08,02,34,36,,,,,,1.16,0.57,1.01,3*08
1777598501.312,$GNGSA,A,3,07,10,23,08,25,28,13,06,,,,,1.16,0.57,1.01,4*06
1777598501.313,$GPGSV,4,1,13,01,35,040,33,02,05,036,27,03,24,102,42,06,36,212,36,1*60
1777598501.313,$GPGSV,4,2,13,07,51,172,38,14,44,354,31,17,44,321,38,19,31,283,44,1*67
1777598501.314,$GPGSV,4,3,13,22,33,340,35,30,70,250,48,40,36,256,41,41,64,233,38,1*64
1777598501.314,$GPGSV,4,4,13,42,70,217,42,1*55
1777598501.315,$GPGSV,2,1,07,01,35,040,40,03,24,102,41,06,36,212,34,07,51,172,40,6*65
1777598501.316,$GPGSV,2,2,07,14,44,354,38,17,44,321,37,30,70,250,45,6*58
1777598501.316,$GPGSV,1,1,02,09,06,170,,50,56,115,,0*6D
1777598501.317,$GLGSV,2,1,06,73,37,350,35,79,17,129,28,80,57,079,48,82,11,023,14,1*73
1777598501.317,$GLGSV,2,2,06,83,60,354,49,84,50,236,41,1*77
1777598501.318,$GLGSV,2,1,06,73,37,350,35,79,17,129,28,80,57,079,48,82,11,023,21,3*77
1777598501.319,$GLGSV,2,2,06,83,60,354,50,84,50,236,41,3*7D
1777598501.319,$GLGSV,1,1,01,85,08,217,,0*49
1777598501.320,$GAGSV,3,1,09,02,45,013,39,03,20,195,35,08,23,250,30,15,17,206,28,2*7D
1777598501.320,$GAGSV,3,2,09,18,42,294,49,25,29,081,45,30,17,320,30,34,67,179,49,2*74
1777598501.321,$GAGSV,3,3,09,36,51,049,50,2*46
1777598501.321,$GAGSV,3,1,09,02,45,013,33,03,20,195,26,08,23,250,27,15,17,206,20,7*7E
1777598501.322,$GAGSV,3,2,09,18,42,294,43,25,29,081,40,30,17,320,32,34,67,179,43,7*76
1777598501.322,$GAGSV,3,3,09,36,51,049,45,7*47
1777598501.323,$GAGSV,1,1,03,07,04,296,,11,04,035,,32,26,223,,0*4D
1777598501.323,$GBGSV,2,1,08,06,24,148,38,07,54,159,46,08,46,005,37,10,65,157,47,1*7B
1777598501.324,$GBGSV,2,2,08,13,66,317,47,23,61,346,49,25,59,116,47,28,51,260,48,1*78
1777598501.324,$GBGSV,1,1,01,10,65,157,47,3*47
1777598501.325,$GBGSV,1,1,01,09,16,171,,0*4F
1777598501.325,$GNGLL,1339.10021,N,10029.55654,E,012141.00,A,D*72
1777598502.304,$GNRMC,012142.00,A,1339.10021,N,10029.55654,E,0.029,,010526,0.53,W,R,V*40
1777598502.306,$GNVTG,,T,,M,0.029,N,0.054,K,D*32
1777598502.307,$GNGGA,012142.00,1339.10021,N,10029.55654,E,4,12,0.57,-0.9,M,-27.8,M,1.0,0499*6A
1777598502.308,$GNGSA,A,3,07,14,17,22,06,30,01,19,03,,,,1.16,0.57,1.01,1*0E
1777598502.308,$GNGSA,A,3,73,80,84,83,79,,,,,,,,1.16,0.57,1.01,2*03
1777598502.309,$GNGSA,A,3,25,30,03,08,02,34,36,,,,,,1.16,0.57,1.01,3*08
1777598502.309,$GNGSA,A,3,07,10,23,08,25,28,13,06,,,,,1.16,0.57,1.01,4*06
1777598502.310,$GPGSV,4,1,13,01,35,040,33,02,05,036,25,03,24,102,42,06,36,212,37,1*63
1777598502.311,$GPGSV,4,2,13,07,51,172,39,14,44,354,32,17,44,321,39,19,31,283,44,1*64
1777598502.311,$GPGSV,4,3,13,22,33,340,35,30,70,250,47,40,36,256,41,41,64,233,38,1*6B
1777598502.312,$GPGSV,4,4,13,42,70,217,42,1*55
1777598502.312,$GPGSV,2,1,07,01,35,040,40,03,24,102,42,06,36,212,34,07,51,172,40,6*66
1777598502.313,$GPGSV,2,2,07,14,44,354,38,17,44,321,37,30,70,250,45,6*58
1777598502.313,$GPGSV,1,1,02,09,06,170,,50,56,115,,0*6D
1777598502.314,$GLGSV,2,1,06,73,37,350,35,79,17,129,28,80,57,079,47,82,11,023,17,1*7F
1777598502.314,$GLGSV,2,2,06,83,60,354,49,84,50,236,41,1*77
1777598502.315,$GLGSV,2,1,06,73,37,350,34,79,17,129,29,80,57,079,48,82,11,023,21,3*77
1777598502.315,$GLGSV,2,2,06,83,60,354,50,84,50,236,42,3*7E
1777598502.316,$GLGSV,1,1,01,85,08,217,,0*49
1777598502.317,$GAGSV,3,1,09,02,45,013,39,03,20,195,36,08,23,250,30,15,17,206,28,2*7E
1777598502.317,$GAGSV,3,2,09,18,42,294,49,25,29,081,46,30,17,320,30,34,67,179,49,2*77
1777598502.318,$GAGSV,3,3,09,36,51,049,50,2*46
1777598502.318,$GAGSV,3,1,09,02,45,013,32,03,20,195,25,08,23,250,26,15,17,206,21,7*7C
1777598502.319,$GAGSV,3,2,09,18,42,294,43,25,29,081,40,30,17,320,33,34,67,179,43,7*77
1777598502.319,$GAGSV,3,3,09,36,51,049,44,7*46
1777598502.320,$GAGSV,1,1,03,07,04,296,,11,04,035,,32,26,223,,0*4D
1777598502.320,$GBGSV,2,1,08,06,24,148,38,07,54,159,45,08,46,005,37,10,65,157,46,1*79
1777598502.321,$GBGSV,2,2,08,13,66,317,47,23,61,346,49,25,59,116,47,28,51,260,48,1*78
1777598502.321,$GBGSV,1,1,01,10,65,157,47,3*47
1777598502.322,$GBGSV,1,1,01,09,16,171,,0*4F
1777598502.322,$GNGLL,1339.10021,N,10029.55654,E,012142.00,A,D*71
1777598503.303,$GNRMC,012143.00,A,1339.10020,N,10029.55654,E,0.026,,010526,0.53,W,R,V*4F
1777598503.304,$GNVTG,,T,,M,0.026,N,0.049,K,D*31
1777598503.306,$GNGGA,012143.00,1339.10020,N,10029.55654,E,4,12,0.57,-0.9,M,-27.8,M,1.0,0499*6A
1777598503.307,$GNGSA,A,3,07,14,17,22,06,30,01,19,03,,,,1.16,0.57,1.01,1*0E
1777598503.307,$GNGSA,A,3,73,80,84,83,79,,,,,,,,1.16,0.57,1.01,2*03
1777598503.307,$GNGSA,A,3,25,30,03,08,02,34,36,,,,,,1.16,0.57,1.01,3*08
1777598503.308,$GNGSA,A,3,07,10,23,08,25,28,13,06,,,,,1.16,0.57,1.01,4*06
1777598503.309,$GPGSV,4,1,13,01,35,040,33,02,05,036,24,03,24,102,42,06,36,212,37,1*62
1777598503.309,$GPGSV,4,2,13,07,51,172,39,14,44,354,32,17,44,321,39,19,31,283,44,1*64
1777598503.310,$GPGSV,4,3,13,22,33,340,35,30,70,250,47,40,36,256,41,41,64,233,38,1*6B
1777598503.310,$GPGSV,4,4,13,42,70,217,42,1*55
1777598503.311,$GPGSV,2,1,07,01,35,040,41,03,24,102,42,06,36,212,34,07,51,172,40,6*67
1777598503.311,$GPGSV,2,2,07,14,44,354,38,17,44,321,37,30,70,250,45,6*58
1777598503.312,$GPGSV,1,1,02,09,06,170,,50,56,115,,0*6D
1777598503.313,$GLGSV,2,1,06,73,37,350,34,79,17,129,27,80,57,079,47,82,11,023,19,1*7F
1777598503.313,$GLGSV,2,2,06,83,60,354,49,84,50,236,41,1*77
1777598503.314,$GLGSV,2,1,06,73,37,350,33,79,17,129,29,80,57,079,48,82,11,023,22,3*73
1777598503.314,$GLGSV,2,2,06,83,60,354,49,84,50,236,41,3*75
1777598503.314,$GLGSV,1,1,01,85,08,217,,0*49
1777598503.315,$GAGSV,3,1,09,02,45,013,39,03,20,195,36,08,23,250,30,15,17,206,29,2*7F
1777598503.316,$GAGSV,3,2,09,18,42,294,49,25,29,081,45,30,17,320,29,34,67,179,48,2*7D
1777598503.316,$GAGSV,3,3,09,36,51,049,50,2*46
1777598503.317,$GAGSV,3,1,09,02,45,013,32,03,20,195,24,08,23,250,26,15,17,206,22,7*7E
1777598503.318,$GAGSV,3,2,09,18,42,294,43,25,29,081,41,30,17,320,33,34,67,179,43,7*76
1777598503.318,$GAGSV,3,3,09,36,51,049,44,7*46
1777598503.318,$GAGSV,1,1,03,07,04,296,,11,04,035,,32,26,223,,0*4D
1777598503.319,$GBGSV,2,1,08,06,24,148,39,07,54,159,46,08,46,005,37,10,65,157,46,1*7B
1777598503.320,$GBGSV,2,2,08,13,66,317,47,23,61,346,49,25,59,116,47,28,51,260,48,1*78
1777598503.320,$GBGSV,1,1,01,10,65,157,47,3*47
1777598503.320,$GBGSV,1,1,01,09,16,171,,0*4F
1777598503.321,$GNGLL,1339.10020,N,10029.55654,E,012143.00,A,D*71
1777598504.307,$GNRMC,012144.00,A,1339.10020,N,10029.55654,E,0.024,,010526,0.53,W,R,V*4A
1777598504.308,$GNVTG,,T,,M,0.024,N,0.045,K,D*3F
1777598504.310,$GNGGA,012144.00,1339.10020,N,10029.55654,E,4,12,0.57,-0.9,M,-27.8,M,1.0,0499*6D
1777598504.310,$GNGSA,A,3,07,14,17,22,06,30,01,19,03,,,,1.16,0.57,1.01,1*0E
1777598504.311,$GNGSA,A,3,73,80,84,83,79,,,,,,,,1.16,0.57,1.01,2*03
1777598504.311,$GNGSA,A,3,25,30,03,08,02,34,36,,,,,,1.16,0.57,1.01,3*08
1777598504.312,$GNGSA,A,3,07,10,23,08,25,28,13,06,,,,,1.16,0.57,1.01,4*06
1777598504.312,$GPGSV,4,1,13,01,35,040,33,02,05,036,25,03,24,102,42,06,36,212,37,1*63
1777598504.313,$GPGSV,4,2,13,07,51,172,41,14,44,354,32,17,44,321,40,19,31,283,44,1*65
1777598504.313,$GPGSV,4,3,13,22,33,340,35,30,70,250,48,40,36,256,41,41,64,233,36,1*6A
1777598504.314,$GPGSV,4,4,13,42,70,217,42,1*55
1777598504.314,$GPGSV,2,1,07,01,35,040,41,03,24,102,42,06,36,212,34,07,51,172,40,6*67
1777598504.315,$GPGSV,2,2,07,14,44,354,38,17,44,321,37,30,70,250,45,6*58
1777598504.315,$GPGSV,1,1,02,09,06,170,,50,56,115,,0*6D
1777598504.316,$GLGSV,2,1,06,73,37,350,35,79,17,129,27,80,57,079,47,82,11,023,18,1*7F
1777598504.316,$GLGSV,2,2,06,83,60,354,48,84,50,236,41,1*76
1777598504.317,$GLGSV,2,1,06,73,37,350,33,79,17,129,27,80,57,079,48,82,11,023,21,3*7E
1777598504.317,$GLGSV,2,2,06,83,60,354,49,84,50,236,42,3*76
1777598504.318,$GLGSV,1,1,01,85,08,217,,0*49
1777598504.318,$GAGSV,3,1,09,02,45,013,39,03,20,195,35,08,23,250,29,15,17,206,29,2*74
1777598504.319,$GAGSV,3,2,09,18,42,294,49,25,29,081,45,30,17,320,29,34,67,179,49,2*7C
1777598504.319,$GAGSV,3,3,09,36,51,049,50,2*46
1777598504.320,$GAGSV,2,1,08,02,45,013,32,08,23,250,26,15,17,206,25,18,42,294,43,7*74
1777598504.321,$GAGSV,2,2,08,25,29,081,41,30,17,320,33,34,67,179,43,36,51,049,45,7*7C
1777598504.321,$GAGSV,1,1,03,07,04,296,,11,04,035,,32,26,223,,0*4D
1777598504.322,$GBGSV,2,1,08,06,24,148,39,07,54,159,46,08,46,005,37,10,65,157,47,1*7A
1777598504.323,$GBGSV,2,2,08,13,66,317,47,23,61,346,49,25,59,116,47,28,51,260,48,1*78
1777598504.323,$GBGSV,1,1,01,10,65,157,46,3*46
1777598504.323,$GBGSV,1,1,01,09,16,171,,0*4F
1777598504.324,$GNGLL,1339.10020,N,10029.55654,E,012144.00,A,D*76
1777598505.309,$GNRMC,012145.00,A,1339.10020,N,10029.55654,E,0.032,,010526,0.53,W,R,V*4C
1777598505.310,$GNVTG,,T,,M,0.032,N,0.060,K,D*3F
1777598505.311,$GNGGA,012145.00,1339.10020,N,10029.55654,E,4,12,0.57,-0.9,M,-27.8,M,1.0,0499*6C
1777598505.312,$GNGSA,A,3,07,14,17,22,06,30,01,19,03,,,,1.16,0.57,1.01,1*0E
1777598505.313,$GNGSA,A,3,73,80,84,83,79,,,,,,,,1.16,0.57,1.01,2*03
1777598505.313,$GNGSA,A,3,25,30,03,08,02,34,36,,,,,,1.16,0.57,1.01,3*08
1777598505.314,$GNGSA,A,3,07,10,23,08,25,28,13,06,,,,,1.16,0.57,1.01,4*06
1777598505.314,$GPGSV,4,1,13,01,35,040,34,02,05,036,25,03,24,102,42,06,36,212,37,1*64
1777598505.315,$GPGSV,4,2,13,07,51,172,41,14,44,354,33,17,44,321,40,19,31,283,44,1*64
1777598505.316,$GPGSV,4,3,13,22,33,340,35,30,70,250,48,40,36,256,41,41,64,233,38,1*64
1777598505.316,$GPGSV,4,4,13,42,70,217,42,1*55
1777598505.317,$GPGSV,2,1,07,01,35,040,41,03,24,102,42,06,36,212,33,07,51,172,40,6*60
1777598505.317,$GPGSV,2,2,07,14,44,354,37,17,44,321,37,30,70,250,45,6*57
1777598505.318,$GPGSV,1,1,02,09,06,170,,50,56,115,,0*6D
1777598505.318,$GLGSV,2,1,06,73,37,350,35,79,17,129,28,80,57,079,47,82,11,023,17,1*7F
1777598505.319,$GLGSV,2,2,06,83,60,354,49,84,50,236,42,1*74
1777598505.320,$GLGSV,2,1,06,73,37,350,32,79,17,129,27,80,57,079,48,82,11,023,20,3*7E
1777598505.320,$GLGSV,2,2,06,83,60,354,49,84,50,236,43,3*77
1777598505.320,$GLGSV,1,1,01,85,08,217,,0*49
1777598505.321,$GAGSV,3,1,09,02,45,014,38,03,20,195,36,08,23,250,29,15,17,206,29,2*71
1777598505.322,$GAGSV,3,2,09,18,42,294,50,25,29,081,45,30,17,320,27,34,67,179,49,2*7A
1777598505.322,$GAGSV,3,3,09,36,51,049,50,2*46
1777598505.323,$GAGSV,2,1,08,02,45,014,33,08,23,250,26,15,17,206,25,18,42,294,43,7*72
1777598505.324,$GAGSV,2,2,08,25,29,081,41,30,17,320,32,34,67,179,43,36,51,049,45,7*7D
1777598505.324,$GAGSV,1,1,03,07,04,296,,11,04,035,,32,26,223,,0*4D
1777598505.325,$GBGSV,2,1,08,06,24,148,38,07,54,159,46,08,46,005,38,10,65,157,47,1*74
1777598505.325,$GBGSV,2,2,08,13,66,317,48,23,61,346,49,25,59,116,47,28,51,260,48,1*77
1777598505.326,$GBGSV,1,1,01,10,65,157,46,3*46
1777598505.326,$GBGSV,1,1,01,09,16,171,,0*4F
1777598505.326,$GNGLL,1339.10020,N,10029.55654,E,012145.00,A,D*77
1777598506.306,$GNRMC,012146.00,A,1339.10020,N,10029.55654,E,0.018,,010526,0.53,W,R,V*47
1777598506.308,$GNVTG,,T,,M,0.018,N,0.033,K,D*31
1777598506.310,$GNGGA,012146.00,1339.10020,N,10029.55654,E,4,12,0.57,-0.9,M,-27.8,M,1.0,0499*6F
1777598506.310,$GNGSA,A,3,07,14,17,22,06,30,01,19,03,,,,1.16,0.57,1.01,1*0E
1777598506.311,$GNGSA,A,3,73,80,84,83,79,,,,,,,,1.16,0.57,1.01,2*03
1777598506.311,$GNGSA,A,3,25,30,03,08,02,34,36,,,,,,1.16,0.57,1.01,3*08
1777598506.312,$GNGSA,A,3,07,10,23,08,25,28,13,06,,,,,1.16,0.57,1.01,4*06
1777598506.312,$GPGSV,4,1,13,01,35,040,33,02,05,036,23,03,24,102,42,06,36,212,38,1*6A
1777598506.313,$GPGSV,4,2,13,07,51,172,40,14,44,354,33,17,44,321,40,19,31,283,44,1*65
1777598506.314,$GPGSV,4,3,13,22,33,340,35,30,70,250,48,40,36,256,40,41,64,233,38,1*65
1777598506.314,$GPGSV,4,4,13,42,70,217,42,1*55
1777598506.315,$GPGSV,2,1,07,01,35,040,41,03,24,102,43,06,36,212,32,07,51,172,40,6*60
1777598506.315,$GPGSV,2,2,07,14,44,354,38,17,44,321,37,30,70,250,45,6*58
1777598506.316,$GPGSV,1,1,02,09,06,170,,50,56,115,,0*6D
1777598506.316,$GLGSV,2,1,06,73,37,350,35,79,17,129,29,80,57,079,47,82,11,023,16,1*7F
1777598506.317,$GLGSV,2,2,06,83,60,354,48,84,50,236,42,1*75
1777598506.317,$GLGSV,2,1,06,73,37,350,32,79,17,129,26,80,57,079,48,82,11,023,21,3*7E
1777598506.318,$GLGSV,2,2,06,83,60,354,49,84,50,236,42,3*76
1777598506.318,$GLGSV,1,1,01,85,08,217,,0*49
1777598506.319,$GAGSV,3,1,09,02,45,014,40,03,19,195,35,08,23,250,30,15,17,206,29,2*7F
1777598506.319,$GAGSV,3,2,09,18,42,294,50,25,29,081,46,30,17,320,28,34,67,179,49,2*76
1777598506.320,$GAGSV,3,3,09,36,51,049,50,2*46
1777598506.320,$GAGSV,2,1,08,02,45,014,33,08,23,250,27,15,17,206,25,18,42,294,43,7*73
1777598506.321,$GAGSV,2,2,08,25,29,081,41,30,17,320,33,34,67,179,43,36,51,049,45,7*7C
1777598506.321,$GAGSV,1,1,03,07,04,296,,11,04,035,,32,26,223,,0*4D
1777598506.322,$GBGSV,2,1,08,06,24,148,38,07,54,159,46,08,46,005,38,10,65,157,46,1*75
1777598506.322,$GBGSV,2,2,08,13,66,317,48,23,61,346,49,25,59,116,46,28,51,260,48,1*76
1777598506.323,$GBGSV,1,1,01,10,65,157,46,3*46
1777598506.323,$GBGSV,1,1,01,09,16,171,,0*4F
1777598506.323,$GNGLL,1339.10020,N,10029.55654,E,012146.00,A,D*74
1777598507.304,$GNRMC,012147.00,A,1339.10020,N,10029.55654,E,0.011,,010526,0.53,W,R,V*4F
1777598507.305,$GNVTG,,T,,M,0.011,N,0.021,K,D*3B
1777598507.307,$GNGGA,012147.00,1339.10020,N,10029.55654,E,4,12,0.57,-0.9,M,-27.8,M,1.0,0499*6E
1777598507.307,$GNGSA,A,3,07,14,17,22,06,30,01,19,03,,,,1.16,0.57,1.01,1*0E
1777598507.308,$GNGSA,A,3,73,80,84,83,79,,,,,,,,1.16,0.57,1.01,2*03
1777598507.308,$GNGSA,A,3,25,30,03,08,02,34,36,,,,,,1.16,0.57,1.01,3*08
1777598507.309,$GNGSA,A,3,07,10,23,08,25,28,13,06,,,,,1.16,0.57,1.01,4*06
1777598507.310,$GPGSV,3,1,12,01,35,040,33,03,24,102,42,06,36,212,38,07,51,172,39,1*62
1777598507.310,$GPGSV,3,2,12,14,44,354,32,17,44,321,40,19,31,283,44,22,33,340,35,1*60
1777598507.311,$GPGSV,3,3,12,30,70,250,47,40,36,256,41,41,64,233,40,42,70,217,42,1*60
1777598507.312,$GPGSV,2,1,07,01,35,040,40,03,24,102,43,06,36,212,33,07,51,172,40,6*60
1777598507.312,$GPGSV,2,2,07,14,44,354,37,17,44,321,37,30,70,250,45,6*57
1777598507.313,$GPGSV,1,1,03,02,05,036,,09,06,170,,50,56,115,,0*5E
1777598507.313,$GLGSV,2,1,06,73,37,350,35,79,17,129,28,80,57,079,47,82,11,023,17,1*7F
1777598507.314,$GLGSV,2,2,06,83,60,354,48,84,50,236,42,1*75
1777598507.314,$GLGSV,2,1,06,73,37,350,33,79,17,129,28,80,57,079,48,82,11,023,23,3*73
1777598507.315,$GLGSV,2,2,06,83,60,354,49,84,50,236,41,3*75
1777598507.315,$GLGSV,1,1,01,85,08,217,,0*49
1777598507.316,$GAGSV,3,1,09,02,45,014,40,03,19,195,35,08,23,250,29,15,17,206,28,2*76
1777598507.317,$GAGSV,3,2,09,18,42,294,50,25,29,081,46,30,17,320,28,34,67,179,49,2*76
1777598507.317,$GAGSV,3,3,09,36,51,049,51,2*47
1777598507.318,$GAGSV,2,1,08,02,45,014,32,08,23,250,28,15,17,206,26,18,42,294,43,7*7E
1777598507.318,$GAGSV,2,2,08,25,29,081,41,30,17,320,33,34,67,179,44,36,51,049,44,7*7A
1777598507.319,$GAGSV,1,1,03,07,04,296,,11,04,035,,32,26,223,,0*4D
1777598507.319,$GBGSV,2,1,08,06,24,148,38,07,54,159,46,08,46,005,38,10,65,157,46,1*75
1777598507.320,$GBGSV,2,2,08,13,66,317,48,23,61,346,49,25,59,116,46,28,51,260,48,1*76
1777598507.320,$GBGSV,1,1,01,10,65,157,46,3*46
1777598507.321,$GBGSV,1,1,01,09,16,171,,0*4F
1777598507.321,$GNGLL,1339.10020,N,10029.55654,E,012147.00,A,D*75
1777598508.307,$GNRMC,012148.00,A,1339.10021,N,10029.55655,E,0.002,,010526,0.53,W,R,V*42
1777598508.309,$GNVTG,,T,,M,0.002,N,0.004,K,D*3E
1777598508.311,$GNGGA,012148.00,1339.10021,N,10029.55655,E,4,12,0.57,-0.9,M,-27.8,M,1.0,0499*61
1777598508.311,$GNGSA,A,3,07,14,17,22,06,30,01,19,03,,,,1.16,0.57,1.01,1*0E
1777598508.312,$GNGSA,A,3,73,80,84,83,79,,,,,,,,1.16,0.57,1.01,2*03
1777598508.312,$GNGSA,A,3,25,30,03,08,02,34,36,,,,,,1.16,0.57,1.01,3*08
1777598508.313,$GNGSA,A,3,07,10,23,08,25,28,13,06,,,,,1.16,0.57,1.01,4*06
1777598508.313,$GPGSV,4,1,13,01,35,040,33,02,05,036,23,03,24,102,42,06,36,212,38,1*6A
1777598508.314,$GPGSV,4,2,13,07,51,172,39,14,44,354,32,17,44,321,40,19,31,283,44,1*6A
1777598508.315,$GPGSV,4,3,13,22,33,340,35,30,70,250,47,40,36,256,41,41,64,233,40,1*64
1777598508.315,$GPGSV,4,4,13,42,70,217,42,1*55
1777598508.316,$GPGSV,2,1,07,01,35,040,40,03,24,102,43,06,36,212,33,07,51,172,40,6*60
1777598508.316,$GPGSV,2,2,07,14,44,354,36,17,44,321,37,30,70,250,45,6*56
1777598508.317,$GPGSV,1,1,02,09,06,170,,50,56,115,,0*6D
1777598508.318,$GLGSV,2,1,06,73,37,350,36,79,17,129,27,80,57,079,47,82,11,023,20,1*77
1777598508.318,$GLGSV,2,2,06,83,60,354,48,84,50,236,42,1*75
1777598508.319,$GLGSV,2,1,06,73,37,350,35,79,17,129,29,80,57,079,48,82,11,023,23,3*74
1777598508.319,$GLGSV,2,2,06,83,60,354,49,84,50,236,42,3*76
1777598508.319,$GLGSV,1,1,01,85,08,217,,0*49
1777598508.320,$GAGSV,3,1,09,02,45,014,40,03,19,195,35,08,23,250,27,15,17,206,28,2*78
1777598508.321,$GAGSV,3,2,09,18,42,294,50,25,29,081,46,30,17,320,30,34,67,179,49,2*7F
1777598508.321,$GAGSV,3,3,09,36,51,049,51,2*47
1777598508.322,$GAGSV,3,1,09,02,45,014,31,03,19,195,27,08,23,250,27,15,17,206,27,7*77
1777598508.322,$GAGSV,3,2,09,18,42,294,43,25,29,081,41,30,17,320,33,34,67,179,44,7*71
1777598508.323,$GAGSV,3,3,09,36,51,049,44,7*46
1777598508.323,$GAGSV,1,1,03,07,04,296,,11,04,035,,32,26,223,,0*4D
1777598508.324,$GBGSV,2,1,08,06,24,148,38,07,54,159,46,08,46,005,38,10,65,157,46,1*75
1777598508.324,$GBGSV,2,2,08,13,66,317,48,23,61,346,49,25,59,116,46,28,51,260,48,1*76
1777598508.325,$GBGSV,1,1,01,10,65,157,46,3*46
1777598508.325,$GBGSV,1,1,01,09,16,171,,0*4F
1777598508.326,$GNGLL,1339.10021,N,10029.55655,E,012148.00,A,D*7A
1777598509.306,$GNRMC,012149.00,A,1339.10020,N,10029.55654,E,0.005,,010526,0.53,W,R,V*44
1777598509.307,$GNVTG,,T,,M,0.005,N,0.008,K,D*35
1777598509.309,$GNGGA,012149.00,1339.10020,N,10029.55654,E,4,12,0.57,-0.9,M,-27.8,M,1.0,0499*60
1777598509.310,$GNGSA,A,3,07,14,17,22,06,30,01,19,03,,,,1.16,0.57,1.01,1*0E
1777598509.310,$GNGSA,A,3,73,80,84,83,79,,,,,,,,1.16,0.57,1.01,2*03
1777598509.311,$GNGSA,A,3,25,30,03,08,02,34,36,,,,,,1.16,0.57,1.01,3*08
1777598509.311,$GNGSA,A,3,07,10,23,08,25,28,13,06,,,,,1.16,0.57,1.01,4*06
1777598509.312,$GPGSV,3,1,12,01,35,040,33,03,24,102,42,06,36,212,38,07,51,172,38,1*63
1777598509.313,$GPGSV,3,2,12,14,44,354,32,17,44,321,40,19,31,283,44,22,33,340,35,1*60
1777598509.313,$GPGSV,3,3,12,30,70,250,47,40,36,256,41,41,64,233,40,42,70,217,42,1*60
1777598509.314,$GPGSV,2,1,07,01,35,040,40,03,24,102,43,06,36,212,32,07,51,172,40,6*61
1777598509.314,$GPGSV,2,2,07,14,44,354,36,17,44,321,37,30,70,250,45,6*56
1777598509.315,$GPGSV,1,1,03,02,05,036,,09,06,170,,50,56,115,,0*5E
1777598509.316,$GLGSV,2,1,06,73,37,350,36,79,17,129,27,80,57,079,47,82,11,023,21,1*76
1777598509.316,$GLGSV,2,2,06,83,60,354,48,84,50,236,42,1*75
1777598509.317,$GLGSV,2,1,06,73,37,350,35,79,17,129,28,80,57,079,48,82,11,023,24,3*72
1777598509.317,$GLGSV,2,2,06,83,60,354,49,84,50,236,42,3*76
1777598509.317,$GLGSV,1,1,01,85,08,217,,0*49
1777598509.318,$GAGSV,3,1,09,02,45,014,40,03,19,195,35,08,23,250,29,15,17,206,28,2*76
1777598509.319,$GAGSV,3,2,09,18,42,294,50,25,29,081,46,30,17,320,30,34,67,179,49,2*7F
1777598509.319,$GAGSV,3,3,09,36,51,049,50,2*46
1777598509.319,$GAGSV,3,1,09,02,45,014,30,03,19,195,25,08,23,250,27,15,17,206,26,7*75
1777598509.320,$GAGSV,3,2,09,18,42,294,43,25,29,081,41,30,17,320,33,34,67,179,44,7*71
1777598509.320,$GAGSV,3,3,09,36,51,049,44,7*46
1777598509.321,$GAGSV,1,1,03,07,04,296,,11,04,035,,32,26,223,,0*4D
1777598509.322,$GBGSV,2,1,08,06,24,148,39,07,54,159,46,08,46,005,38,10,65,157,47,1*75
1777598509.322,$GBGSV,2,2,08,13,66,317,47,23,61,346,49,25,59,116,47,28,51,260,48,1*78
1777598509.322,$GBGSV,1,1,01,10,65,157,46,3*46
1777598509.323,$GBGSV,1,1,01,09,16,171,,0*4F
1777598509.323,$GNGLL,1339.10020,N,10029.55654,E,012149.00,A,D*7B
1777598510.314,$GNRMC,012150.00,A,1339.10020,N,10029.55654,E,0.009,,010526,0.53,W,R,V*40
1777598510.315,$GNVTG,,T,,M,0.009,N,0.017,K,D*37
1777598510.317,$GNGGA,012150.00,1339.10020,N,10029.55654,E,4,12,0.57,-0.9,M,-27.8,M,1.0,0499*68
1777598510.318,$GNGSA,A,3,07,14,17,22,06,30,01,19,03,,,,1.16,0.57,1.01,1*0E
1777598510.319,$GNGSA,A,3,73,80,84,83,79,,,,,,,,1.16,0.57,1.01,2*03
1777598510.319,$GNGSA,A,3,25,30,03,08,02,34,36,,,,,,1.16,0.57,1.01,3*08
1777598510.320,$GNGSA,A,3,07,10,23,08,25,28,13,06,,,,,1.16,0.57,1.01,4*06
1777598510.320,$GPGSV,3,1,12,01,35,040,33,03,24,102,42,06,36,212,38,07,51,172,38,1*63
1777598510.321,$GPGSV,3,2,12,14,44,354,32,17,44,321,40,19,31,283,43,22,33,340,35,1*67
1777598510.322,$GPGSV,3,3,12,30,70,250,47,40,36,256,41,41,64,233,40,42,70,217,42,1*60
1777598510.323,$GPGSV,2,1,07,01,35,040,41,03,24,102,43,06,36,212,33,07,51,172,40,6*61
1777598510.323,$GPGSV,2,2,07,14,44,354,37,17,44,321,37,30,70,250,45,6*57
1777598510.324,$GPGSV,1,1,03,02,05,036,,09,06,170,,50,56,115,,0*5E
1777598510.324,$GLGSV,2,1,06,73,37,350,36,79,17,129,26,80,57,079,47,82,11,023,19,1*7C
1777598510.325,$GLGSV,2,2,06,83,60,354,49,84,50,236,43,1*75
1777598510.325,$GLGSV,2,1,06,73,37,350,35,79,17,129,27,80,57,079,48,82,11,023,23,3*7A
1777598510.326,$GLGSV,2,2,06,83,60,354,49,84,50,236,42,3*76
1777598510.326,$GLGSV,1,1,01,85,08,217,,0*49
1777598510.327,$GAGSV,3,1,09,02,45,014,40,03,19,195,35,08,23,250,30,15,17,206,28,2*7E
1777598510.327,$GAGSV,3,2,09,18,42,294,50,25,29,081,46,30,17,320,30,34,67,179,49,2*7F
1777598510.328,$GAGSV,3,3,09,36,51,049,50,2*46
1777598510.328,$GAGSV,3,1,09,02,45,014,30,03,19,195,25,08,23,250,28,15,17,206,26,7*7A
1777598510.329,$GAGSV,3,2,09,18,42,294,43,25,29,081,41,30,17,320,33,34,67,179,43,7*76
1777598510.329,$GAGSV,3,3,09,36,51,049,44,7*46
1777598510.330,$GAGSV,1,1,03,07,04,295,,11,04,035,,32,26,223,,0*4E
1777598510.331,$GBGSV,2,1,08,06,24,148,39,07,54,159,45,08,46,005,37,10,65,157,47,1*79
1777598510.331,$GBGSV,2,2,08,13,66,317,47,23,61,346,49,25,59,116,47,28,51,260,48,1*78
1777598510.332,$GBGSV,1,1,01,10,65,157,46,3*46
1777598510.332,$GBGSV,1,1,01,09,16,171,,0*4F
1777598510.332,$GNGLL,1339.10020,N,10029.55654,E,012150.00,A,D*73
1777598511.302,$GNRMC,012151.00,A,1339.10020,N,10029.55655,E,0.020,,010526,0.53,W,R,V*4B
1777598511.303,$GNVTG,,T,,M,0.020,N,0.037,K,D*3E
1777598511.304,$GNGGA,012151.00,1339.10020,N,10029.55655,E,4,12,0.57,-0.9,M,-27.8,M,1.0,0499*68
1777598511.305,$GNGSA,A,3,07,14,17,22,06,30,01,19,03,,,,1.16,0.57,1.01,1*0E
1777598511.305,$GNGSA,A,3,73,80,84,83,79,,,,,,,,1.16,0.57,1.01,2*03
1777598511.306,$GNGSA,A,3,25,30,03,08,02,34,36,,,,,,1.16,0.57,1.01,3*08
1777598511.306,$GNGSA,A,3,07,10,23,08,25,28,13,06,,,,,1.16,0.57,1.01,4*06
1777598511.307,$GPGSV,3,1,12,01,35,040,33,03,24,102,42,06,36,212,37,07,51,172,39,1*6D
1777598511.308,$GPGSV,3,2,12,14,44,354,31,17,44,321,40,19,31,283,44,22,33,340,34,1*62
1777598511.308,$GPGSV,3,3,12,30,70,250,47,40,36,256,41,41,64,233,40,42,70,217,42,1*60
1777598511.309,$GPGSV,2,1,07,01,35,040,41,03,24,102,43,06,36,212,33,07,51,172,40,6*61
1777598511.310,$GPGSV,2,2,07,14,44,354,37,17,44,321,37,30,70,250,45,6*57
1777598511.310,$GPGSV,1,1,03,02,05,036,,09,06,170,,50,56,115,,0*5E
1777598511.311,$GLGSV,2,1,06,73,37,350,36,79,17,129,24,80,57,079,47,82,11,023,17,1*70
1777598511.311,$GLGSV,2,2,06,83,60,354,48,84,50,236,43,1*74
1777598511.312,$GLGSV,2,1,06,73,37,350,34,79,17,129,27,80,57,079,48,82,11,023,22,3*7A
1777598511.312,$GLGSV,2,2,06,83,60,354,49,84,50,236,43,3*77
1777598511.313,$GLGSV,1,1,01,85,08,217,,0*49
1777598511.313,$GAGSV,3,1,09,02,45,014,40,03,19,195,35,08,23,249,31,15,17,206,29,2*76
1777598511.314,$GAGSV,3,2,09,18,42,294,49,25,29,081,46,30,17,320,29,34,67,179,49,2*7F
1777598511.314,$GAGSV,3,3,09,36,51,049,50,2*46
1777598511.315,$GAGSV,3,1,09,02,45,014,31,03,19,195,25,08,23,249,28,15,17,206,26,7*73
1777598511.315,$GAGSV,3,2,09,18,42,294,43,25,29,081,42,30,17,320,32,34,67,179,43,7*74
1777598511.316,$GAGSV,3,3,09,36,51,049,44,7*46
1777598511.316,$GAGSV,1,1,03,07,04,295,,11,04,035,,32,26,223,,0*4E
1777598511.317,$GBGSV,2,1,08,06,24,148,39,07,54,159,45,08,46,005,37,10,65,157,47,1*79
1777598511.317,$GBGSV,2,2,08,13,66,317,47,23,61,346,49,25,59,116,47,28,51,260,48,1*78
1777598511.318,$GBGSV,1,1,01,10,65,157,46,3*46
1777598511.318,$GBGSV,1,1,01,09,16,171,,0*4F
1777598511.319,$GNGLL,1339.10020,N,10029.55655,E,012151.00,A,D*73
1777598512.303,$GNRMC,012152.00,A,1339.10020,N,10029.55655,E,0.019,,010526,0.53,W,R,V*42
1777598512.304,$GNVTG,,T,,M,0.019,N,0.035,K,D*36
1777598512.306,$GNGGA,012152.00,1339.10020,N,10029.55655,E,4,12,0.57,-1.0,M,-27.8,M,1.0,0499*63
1777598512.307,$GNGSA,A,3,07,14,17,22,06,30,01,19,03,,,,1.16,0.57,1.01,1*0E
1777598512.307,$GNGSA,A,3,73,80,84,83,79,,,,,,,,1.16,0.57,1.01,2*03
1777598512.308,$GNGSA,A,3,25,30,03,08,02,34,36,,,,,,1.16,0.57,1.01,3*08
1777598512.308,$GNGSA,A,3,07,10,23,08,25,28,13,06,,,,,1.16,0.57,1.01,4*06
1777598512.309,$GPGSV,3,1,12,01,35,040,33,03,24,102,42,06,36,212,38,07,51,172,38,1*63
1777598512.310,$GPGSV,3,2,12,14,44,354,31,17,44,321,40,19,31,283,43,22,33,340,35,1*64
1777598512.310,$GPGSV,3,3,12,30,70,250,47,40,36,256,42,41,64,233,40,42,70,217,42,1*63
1777598512.311,$GPGSV,2,1,07,01,35,040,41,03,24,102,43,06,36,212,32,07,51,172,40,6*60
1777598512.312,$GPGSV,2,2,07,14,44,354,37,17,44,321,37,30,70,250,45,6*57
1777598512.312,$GPGSV,1,1,03,02,05,036,,09,06,170,,50,56,115,,0*5E
1777598512.313,$GLGSV,2,1,06,73,37,350,36,79,17,129,24,80,57,079,47,82,11,023,15,1*72
1777598512.313,$GLGSV,2,2,06,83,60,354,48,84,50,236,43,1*74
1777598512.314,$GLGSV,2,1,06,73,37,350,35,79,17,129,26,80,57,079,48,82,11,023,23,3*7B
1777598512.315,$GLGSV,2,2,06,83,60,354,49,84,50,236,43,3*77
1777598512.315,$GLGSV,1,1,01,85,08,217,,0*49
1777598512.316,$GAGSV,3,1,09,02,45,014,40,03,19,195,35,08,23,249,30,15,17,206,29,2*77
1777598512.316,$GAGSV,3,2,09,18,42,294,50,25,29,081,46,30,17,320,30,34,67,179,49,2*7F
1777598512.317,$GAGSV,3,3,09,36,51,049,50,2*46
1777598512.317,$GAGSV,3,1,09,02,45,014,31,03,19,195,26,08,23,249,29,15,17,206,26,7*71
1777598512.318,$GAGSV,3,2,09,18,42,294,43,25,29,081,42,30,17,320,33,34,67,179,43,7*75
1777598512.318,$GAGSV,3,3,09,36,51,049,44,7*46
1777598512.319,$GAGSV,1,1,03,07,04,295,,11,04,035,,32,26,223,,0*4E
1777598512.319,$GBGSV,2,1,08,06,24,148,39,07,54,159,45,08,46,005,38,10,65,157,47,1*76
1777598512.320,$GBGSV,2,2,08,13,66,317,47,23,61,346,49,25,59,116,47,28,51,260,49,1*79
1777598512.320,$GBGSV,1,1,01,10,65,157,46,3*46
1777598512.321,$GBGSV,1,1,01,09,16,171,,0*4F
1777598512.321,$GNGLL,1339.10020,N,10029.55655,E,012152.00,A,D*70
1777598513.305,$GNRMC,012153.00,A,1339.10020,N,10029.55654,E,0.181,,010526,0.53,W,R,V*42
1777598513.306,$GNVTG,,T,,M,0.181,N,0.335,K,D*35
1777598513.308,$GNGGA,012153.00,1339.10020,N,10029.55654,E,4,12,0.57,-0.9,M,-27.8,M,1.0,0499*6B
1777598513.309,$GNGSA,A,3,07,14,17,22,06,30,01,19,03,,,,1.16,0.57,1.01,1*0E
1777598513.309,$GNGSA,A,3,73,80,84,83,79,,,,,,,,1.16,0.57,1.01,2*03
1777598513.310,$GNGSA,A,3,25,30,03,08,02,34,36,,,,,,1.16,0.57,1.01,3*08
1777598513.310,$GNGSA,A,3,07,10,23,08,25,28,13,06,,,,,1.16,0.57,1.01,4*06
1777598513.311,$GPGSV,3,1,12,01,35,040,32,03,24,102,42,06,36,212,38,07,51,172,38,1*62
1777598513.311,$GPGSV,3,2,12,14,44,354,32,17,44,321,40,19,31,283,44,22,33,340,35,1*60
1777598513.312,$GPGSV,3,3,12,30,70,250,48,40,36,256,41,41,64,233,39,42,70,217,42,1*61
1777598513.313,$GPGSV,2,1,07,01,35,040,40,03,24,102,43,06,36,212,33,07,51,172,40,6*60
1777598513.313,$GPGSV,2,2,07,14,44,354,37,17,44,321,37,30,70,250,45,6*57
1777598513.314,$GPGSV,1,1,03,02,05,036,,09,06,170,,50,56,115,,0*5E
1777598513.314,$GLGSV,2,1,06,73,37,350,37,79,17,129,23,80,57,079,48,82,11,023,11,1*7F
1777598513.315,$GLGSV,2,2,06,83,60,354,48,84,50,236,42,1*75
1777598513.316,$GLGSV,2,1,06,73,37,350,36,79,17,129,26,80,57,079,48,82,11,023,23,3*78
1777598513.316,$GLGSV,2,2,06,83,60,354,49,84,50,236,43,3*77
1777598513.316,$GLGSV,1,1,01,85,08,217,,0*49
1777598513.317,$GAGSV,3,1,09,02,45,014,40,03,19,195,35,08,23,249,30,15,17,206,29,2*77
1777598513.318,$GAGSV,3,2,09,18,42,294,50,25,29,081,46,30,17,320,30,34,67,179,49,2*7F
1777598513.318,$GAGSV,3,3,09,36,51,049,50,2*46
1777598513.318,$GAGSV,3,1,09,02,45,014,30,03,19,195,25,08,23,249,29,15,17,206,27,7*72
1777598513.319,$GAGSV,3,2,09,18,42,294,43,25,29,081,42,30,17,320,33,34,67,179,43,7*75
1777598513.320,$GAGSV,3,3,09,36,51,049,44,7*46
1777598513.320,$GAGSV,1,1,03,07,04,295,,11,04,035,,32,26,223,,0*4E
1777598513.321,$GBGSV,2,1,08,06,24,148,38,07,54,159,46,08,46,005,38,10,65,157,47,1*74
1777598513.321,$GBGSV,2,2,08,13,66,317,47,23,61,346,49,25,59,116,47,28,51,260,49,1*79
1777598513.322,$GBGSV,1,1,01,10,65,157,46,3*46
1777598513.322,$GBGSV,1,1,01,09,16,171,,0*4F
1777598513.322,$GNGLL,1339.10020,N,10029.55654,E,012153.00,A,D*70
1777598514.306,$GNRMC,012154.00,A,1339.10022,N,10029.55633,E,1.204,272.55,010526,0.53,W,R,V*50
1777598514.308,$GNVTG,272.55,T,273.09,M,1.204,N,2.231,K,D*35
1777598514.310,$GNGGA,012154.00,1339.10022,N,10029.55633,E,4,12,0.58,-0.9,M,-27.8,M,1.0,0499*60
1777598514.310,$GNGSA,A,3,07,14,17,22,06,41,30,01,19,03,,,1.22,0.58,1.08,1*0A
1777598514.311,$GNGSA,A,3,73,80,84,83,,,,,,,,,1.22,0.58,1.08,2*0C
1777598514.311,$GNGSA,A,3,25,30,03,08,02,34,36,,,,,,1.22,0.58,1.08,3*09
1777598514.312,$GNGSA,A,3,07,10,23,08,25,28,13,06,,,,,1.22,0.58,1.08,4*07
1777598514.312,$GPGSV,3,1,12,01,35,040,29,03,24,102,44,06,36,212,35,07,51,172,42,1*6E
1777598514.313,$GPGSV,3,2,12,14,44,354,35,17,44,321,38,19,31,283,42,22,33,340,38,1*63
1777598514.313,$GPGSV,3,3,12,30,70,250,44,40,36,256,39,41,64,233,41,42,70,217,42,1*6D
1777598514.314,$GPGSV,2,1,07,01,35,040,37,03,24,102,43,06,36,212,36,07,51,172,39,6*6B
1777598514.315,$GPGSV,2,2,07,14,44,354,40,17,44,321,40,30,70,250,43,6*51
1777598514.315,$GPGSV,1,1,03,02,05,036,,09,06,170,,50,56,115,,0*5E
1777598514.316,$GLGSV,2,1,06,73,37,350,35,79,17,129,29,80,57,079,50,82,11,023,12,1*7D
1777598514.316,$GLGSV,2,2,06,83,60,354,48,84,50,236,47,1*70
1777598514.317,$GLGSV,2,1,06,73,37,350,41,79,17,129,25,80,57,079,49,82,11,023,25,3*7C
1777598514.317,$GLGSV,2,2,06,83,60,354,45,84,50,236,43,3*7B
1777598514.318,$GLGSV,1,1,01,85,08,217,,0*49
1777598514.318,$GAGSV,3,1,09,02,45,014,36,03,19,195,31,08,23,249,24,15,17,206,36,2*79
1777598514.319,$GAGSV,3,2,09,18,42,294,49,25,29,081,45,30,17,320,30,34,67,179,51,2*7D
1777598514.319,$GAGSV,3,3,09,36,51,049,48,2*4F
1777598514.320,$GAGSV,2,1,07,02,45,014,37,15,17,206,26,18,42,294,42,25,29,081,42,7*72
1777598514.320,$GAGSV,2,2,07,30,17,320,27,34,67,179,43,36,51,049,44,7*47
1777598514.321,$GAGSV,1,1,03,07,04,295,,11,04,035,,32,26,223,,0*4E
1777598514.322,$GBGSV,2,1,08,06,24,148,29,07,54,159,45,08,46,005,35,10,65,157,44,1*79
1777598514.322,$GBGSV,2,2,08,13,66,317,49,23,61,346,49,25,59,116,48,28,51,260,45,1*74
1777598514.322,$GBGSV,1,1,01,10,65,157,48,3*48
1777598514.323,$GBGSV,1,1,01,09,16,171,,0*4F
1777598514.323,$GNGLL,1339.10022,N,10029.55633,E,012154.00,A,D*74
1777598515.347,$GNRMC,012155.00,A,1339.10025,N,10029.55596,E,1.348,282.15,010526,0.53,W,R,V*58
1777598515.349,$GNVTG,282.15,T,282.68,M,1.348,N,2.497,K,D*34
1777598515.350,$GNGGA,012155.00,1339.10025,N,10029.55596,E,4,12,0.60,-1.0,M,-27.8,M,1.0,0499*69
1777598515.350,$GNGSA,A,3,07,14,17,22,06,41,30,01,19,03,,,1.27,0.60,1.13,1*0E
1777598515.351,$GNGSA,A,3,73,80,84,83,79,82,,,,,,,1.27,0.60,1.13,2*0C
1777598515.351,$GNGSA,A,3,25,30,03,02,34,36,,,,,,,1.27,0.60,1.13,3*05
1777598515.352,$GNGSA,A,3,07,10,23,08,25,28,13,,,,,,1.27,0.60,1.13,4*05
1777598515.352,$GPGSV,3,1,12,01,35,040,29,03,24,102,41,06,36,212,31,07,51,172,38,1*62
1777598515.353,$GPGSV,3,2,12,14,44,354,39,17,44,321,37,19,31,283,44,22,33,340,38,1*66
1777598515.354,$GPGSV,3,3,12,30,70,250,45,40,36,256,40,41,64,233,43,42,70,217,42,1*60
1777598515.354,$GPGSV,2,1,07,01,35,040,32,03,24,102,38,06,36,212,30,07,51,172,35,6*68
1777598515.355,$GPGSV,2,2,07,14,44,354,41,17,44,321,36,30,70,250,46,6*54
1777598515.355,$GPGSV,1,1,03,02,05,036,,09,06,170,,50,56,115,,0*5E
1777598515.356,$GLGSV,2,1,06,73,37,350,38,79,17,129,29,80,57,079,48,82,11,023,28,1*70
1777598515.357,$GLGSV,2,2,06,83,60,354,48,84,50,236,49,1*7E
1777598515.357,$GLGSV,2,1,06,73,37,350,42,79,17,129,30,80,57,079,47,82,11,023,25,3*75
1777598515.358,$GLGSV,2,2,06,83,60,354,47,84,50,236,49,3*73
1777598515.358,$GLGSV,1,1,01,85,08,217,,0*49
1777598515.358,$GAGSV,3,1,09,02,45,014,39,03,19,195,29,08,23,249,37,15,17,206,29,2*73
1777598515.359,$GAGSV,3,2,09,18,42,294,48,25,29,081,46,30,17,320,31,34,67,179,43,2*7D
1777598515.359,$GAGSV,3,3,09,36,51,049,46,2*41
1777598515.360,$GAGSV,2,1,08,02,45,014,37,08,23,249,27,15,17,206,27,18,42,294,43,7*7D
1777598515.361,$GAGSV,2,2,08,25,29,081,41,30,17,320,28,34,67,179,37,36,51,049,38,7*7F
1777598515.361,$GAGSV,1,1,03,07,04,295,,11,04,035,,32,26,223,,0*4E
1777598515.362,$GBGSV,2,1,08,06,24,148,35,07,54,159,42,08,46,005,35,10,65,157,44,1*73
1777598515.362,$GBGSV,2,2,08,13,66,317,49,23,61,346,49,25,59,116,49,28,51,260,49,1*79
1777598515.363,$GBGSV,1,1,01,10,65,157,47,3*47
1777598515.363,$GBGSV,1,1,01,09,16,171,,0*4F
1777598515.364,$GNGLL,1339.10025,N,10029.55596,E,012155.00,A,D*7E
1777598516.309,$GNRMC,012156.00,A,1339.10037,N,10029.55555,E,1.581,290.18,010526,0.53,W,R,V*5A
1777598516.310,$GNVTG,290.18,T,290.71,M,1.581,N,2.927,K,D*34
1777598516.312,$GNGGA,012156.00,1339.10037,N,10029.55555,E,4,12,0.58,-1.1,M,-27.8,M,1.0,0499*6C
1777598516.313,$GNGSA,A,3,07,14,17,22,06,41,30,01,19,03,,,1.19,0.58,1.04,1*0E
1777598516.313,$GNGSA,A,3,73,80,84,83,79,,,,,,,,1.19,0.58,1.04,2*06
1777598516.314,$GNGSA,A,3,25,30,03,02,08,34,36,,,,,,1.19,0.58,1.04,3*0D
1777598516.314,$GNGSA,A,3,07,10,23,08,25,28,13,,,,,,1.19,0.58,1.04,4*05
1777598516.315,$GPGSV,3,1,11,03,24,102,39,06,36,212,39,07,51,172,28,14,44,354,43,1*6F
1777598516.315,$GPGSV,3,2,11,17,44,321,40,19,31,283,40,22,33,340,38,30,70,250,47,1*6C
1777598516.316,$GPGSV,3,3,11,40,36,256,40,41,64,233,47,42,70,217,46,1*51
1777598516.317,$GPGSV,2,1,07,01,35,040,32,03,24,102,39,06,36,212,36,07,51,172,37,6*6D
1777598516.317,$GPGSV,2,2,07,14,44,354,41,17,44,321,33,30,70,250,42,6*55
1777598516.318,$GPGSV,1,1,03,02,05,036,,09,06,170,,50,56,115,,0*5E
1777598516.318,$GLGSV,2,1,06,73,37,350,41,79,17,129,29,80,57,079,50,82,11,023,19,1*75
1777598516.319,$GLGSV,2,2,06,83,60,354,49,84,50,236,45,1*73
1777598516.319,$GLGSV,2,1,06,73,37,350,41,79,17,129,34,80,57,079,48,82,11,023,25,3*7D
1777598516.320,$GLGSV,2,2,06,83,60,354,48,84,50,236,49,3*7C
1777598516.320,$GLGSV,1,1,01,85,08,217,,0*49
1777598516.321,$GAGSV,3,1,09,02,45,014,38,03,19,195,34,08,23,249,37,15,17,206,34,2*72
1777598516.321,$GAGSV,3,2,09,18,42,294,48,25,29,081,46,30,17,320,31,34,67,179,44,2*7A
1777598516.322,$GAGSV,3,3,09,36,51,049,46,2*41
1777598516.322,$GAGSV,2,1,08,02,45,014,31,08,23,249,27,15,17,206,26,18,42,294,43,7*7A
1777598516.323,$GAGSV,2,2,08,25,29,081,42,30,17,320,27,34,67,179,36,36,51,049,37,7*7D
1777598516.323,$GAGSV,1,1,03,07,04,295,,11,04,035,,32,26,223,,0*4E
1777598516.324,$GBGSV,2,1,07,07,54,159,42,08,46,005,37,10,65,157,43,13,66,317,49,1*78
1777598516.325,$GBGSV,2,2,07,23,61,346,48,25,59,116,49,28,51,260,49,1*4D
1777598516.325,$GBGSV,1,1,01,10,65,157,45,3*45
1777598516.325,$GBGSV,1,1,02,06,24,148,,09,16,171,,0*71
1777598516.326,$GNGLL,1339.10037,N,10029.55555,E,012156.00,A,D*71
1777598517.302,$GNRMC,012157.00,A,1339.10057,N,10029.55509,E,1.813,294.73,010526,0.53,W,D,V*4D
1777598517.304,$GNVTG,294.73,T,295.26,M,1.813,N,3.358,K,D*3F
1777598517.306,$GNGGA,012157.00,1339.10057,N,10029.55509,E,2,12,0.58,-1.1,M,-27.8,M,1.0,0042*66
1777598517.306,$GNGSA,A,3,07,14,17,22,06,41,30,19,03,,,,1.16,0.58,1.00,1*04
1777598517.307,$GNGSA,A,3,73,80,84,83,79,,,,,,,,1.16,0.58,1.00,2*0D
1777598517.307,$GNGSA,A,3,25,30,03,02,08,15,34,36,,,,,1.16,0.58,1.00,3*02
1777598517.308,$GNGSA,A,3,07,10,23,08,25,28,13,,,,,,1.16,0.58,1.00,4*0E
1777598517.308,$GPGSV,3,1,12,01,35,040,29,03,24,102,41,06,36,212,38,07,51,172,40,1*64
1777598517.309,$GPGSV,3,2,12,14,44,354,43,17,44,321,29,19,31,283,43,22,33,340,38,1*63
1777598517.310,$GPGSV,3,3,12,30,70,250,47,40,36,256,41,41,64,233,47,42,70,217,46,1*63
1777598517.310,$GPGSV,2,1,07,01,35,040,26,03,24,102,37,06,36,212,38,07,51,172,35,6*6A
1777598517.311,$GPGSV,2,2,07,14,44,354,44,17,44,321,30,30,70,250,45,6*54
1777598517.311,$GPGSV,1,1,03,02,05,036,,09,06,170,,50,56,115,,0*5E
1777598517.312,$GLGSV,2,1,06,73,37,350,44,79,17,129,34,80,57,079,49,82,11,023,19,1*74
1777598517.313,$GLGSV,2,2,06,83,60,354,49,84,50,236,47,1*71
1777598517.313,$GLGSV,2,1,06,73,37,350,40,79,17,129,31,80,57,079,48,82,11,023,23,3*7F
1777598517.314,$GLGSV,2,2,06,83,60,354,47,84,50,236,47,3*7D
1777598517.314,$GLGSV,1,1,01,85,08,217,,0*49
1777598517.315,$GAGSV,3,1,09,02,45,014,44,03,19,195,39,08,23,249,38,15,18,206,34,2*74
1777598517.315,$GAGSV,3,2,09,18,42,294,48,25,29,081,44,30,17,320,24,34,67,179,47,2*7F
1777598517.316,$GAGSV,3,3,09,36,51,049,41,2*46
1777598517.316,$GAGSV,3,1,09,02,45,014,32,03,19,195,34,08,23,249,29,15,18,206,25,7*7D
1777598517.317,$GAGSV,3,2,09,18,42,294,41,25,29,081,40,30,17,320,25,34,67,179,44,7*75
1777598517.317,$GAGSV,3,3,09,36,51,049,37,7*42
1777598517.318,$GAGSV,1,1,03,07,04,295,,11,04,035,,32,26,223,,0*4E
1777598517.318,$GBGSV,2,1,08,06,24,148,34,07,54,159,35,08,46,005,42,10,65,157,37,1*76
1777598517.319,$GBGSV,2,2,08,13,66,317,50,23,61,346,49,25,59,116,48,28,51,260,47,1*7E
1777598517.319,$GBGSV,1,1,01,10,65,157,43,3*43
1777598517.320,$GBGSV,1,1,01,09,16,171,,0*4F
1777598517.320,$GNGLL,1339.10057,N,10029.55509,E,012157.00,A,D*7F
1777598518.310,$GNRMC,012158.00,A,1339.10078,N,10029.55461,E,1.937,293.47,010526,0.53,W,R,V*51
1777598518.312,$GNVTG,293.47,T,294.00,M,1.937,N,3.587,K,D*39
1777598518.313,$GNGGA,012158.00,1339.10078,N,10029.55461,E,4,12,0.58,-0.9,M,-27.8,M,1.0,0042*64
1777598518.314,$GNGSA,A,3,07,14,17,22,06,41,30,19,03,,,,1.16,0.58,1.00,1*04
1777598518.314,$GNGSA,A,3,73,80,84,83,79,,,,,,,,1.16,0.58,1.00,2*0D
1777598518.315,$GNGSA,A,3,25,30,03,02,08,15,34,36,,,,,1.16,0.58,1.00,3*02
1777598518.315,$GNGSA,A,3,07,10,23,08,25,28,13,,,,,,1.16,0.58,1.00,4*0E
1777598518.316,$GPGSV,3,1,12,01,35,040,28,03,24,102,40,06,36,212,33,07,51,172,32,1*6A
1777598518.317,$GPGSV,3,2,12,14,44,354,43,17,44,321,38,19,31,283,45,22,33,340,40,1*6A
1777598518.317,$GPGSV,3,3,12,30,70,250,46,40,36,256,41,41,64,233,47,42,70,217,47,1*63
1777598518.318,$GPGSV,2,1,07,01,35,040,27,03,24,102,38,06,36,212,27,07,51,172,35,6*6A
1777598518.319,$GPGSV,2,2,07,14,44,354,42,17,44,321,39,30,70,250,44,6*5A
1777598518.319,$GPGSV,1,1,03,02,05,036,,09,06,170,,50,56,115,,0*5E
1777598518.320,$GLGSV,2,1,06,73,37,350,42,79,17,129,33,80,57,079,47,82,11,023,23,1*72
1777598518.321,$GLGSV,2,2,06,83,60,354,48,84,50,236,45,1*72
1777598518.321,$GLGSV,2,1,06,73,37,350,41,79,17,129,42,80,57,079,49,82,11,023,30,3*79
1777598518.322,$GLGSV,2,2,06,83,60,354,46,84,50,236,46,3*7D
1777598518.322,$GLGSV,1,1,01,85,08,217,,0*49
1777598518.323,$GAGSV,3,1,09,02,45,014,41,03,19,195,28,08,23,249,36,15,18,206,38,2*73
1777598518.323,$GAGSV,3,2,09,18,42,294,45,25,29,081,43,30,17,320,25,34,67,179,48,2*7B
1777598518.324,$GAGSV,3,3,09,36,51,049,45,2*42
1777598518.324,$GAGSV,3,1,09,02,45,014,40,03,19,195,26,08,23,249,34,15,18,206,34,7*77
1777598518.325,$GAGSV,3,2,09,18,42,294,44,25,29,081,38,30,17,320,25,34,67,179,41,7*7A
1777598518.325,$GAGSV,3,3,09,36,51,049,40,7*42
1777598518.326,$GAGSV,1,1,03,07,04,295,,11,04,035,,32,26,223,,0*4E
1777598518.327,$GBGSV,2,1,08,06,24,148,36,07,54,159,41,08,46,005,43,10,65,157,38,1*79
1777598518.327,$GBGSV,2,2,08,13,66,317,49,23,61,346,48,25,59,116,47,28,51,260,49,1*76
1777598518.328,$GBGSV,1,1,01,10,65,157,44,3*44
1777598518.328,$GBGSV,1,1,01,09,16,171,,0*4F
1777598518.329,$GNGLL,1339.10078,N,10029.55461,E,012158.00,A,D*72
1777598519.305,$GNRMC,012159.00,A,1339.10096,N,10029.55407,E,2.097,289.32,010526,0.53,W,R,V*59
1777598519.307,$GNVTG,289.32,T,289.85,M,2.097,N,3.884,K,D*3F
1777598519.308,$GNGGA,012159.00,1339.10096,N,10029.55407,E,4,12,0.58,-0.8,M,-27.8,M,1.0,0042*64
1777598519.309,$GNGSA,A,3,07,14,17,22,06,41,30,19,03,,,,1.16,0.58,1.00,1*04
1777598519.310,$GNGSA,A,3,73,80,84,83,79,,,,,,,,1.16,0.58,1.00,2*0D
1777598519.310,$GNGSA,A,3,25,30,03,02,08,15,34,36,,,,,1.16,0.58,1.00,3*02
1777598519.311,$GNGSA,A,3,07,10,23,08,25,28,13,,,,,,1.16,0.58,1.00,4*0E
1777598519.311,$GPGSV,3,1,12,01,35,040,27,03,24,102,39,06,36,212,36,07,51,172,36,1*6A
1777598519.312,$GPGSV,3,2,12,14,44,354,44,17,44,321,43,19,31,283,42,22,33,340,36,1*67
1777598519.313,$GPGSV,3,3,12,30,70,250,48,40,36,256,43,41,64,233,47,42,70,217,47,1*6F
1777598519.313,$GPGSV,2,1,07,01,35,040,27,03,24,102,40,06,36,212,34,07,51,172,39,6*6B
1777598519.314,$GPGSV,2,2,07,14,44,354,45,17,44,321,40,30,70,250,44,6*53
1777598519.314,$GPGSV,1,1,03,02,05,036,,09,06,170,,50,56,115,,0*5E
1777598519.315,$GLGSV,2,1,06,73,37,350,44,79,17,129,38,80,57,079,49,82,11,023,22,1*70
1777598519.316,$GLGSV,2,2,06,83,60,354,50,84,50,236,49,1*77
1777598519.316,$GLGSV,2,1,06,73,37,350,47,79,17,129,33,80,57,079,49,82,11,023,24,3*7C
1777598519.317,$GLGSV,2,2,06,83,60,354,45,84,50,236,47,3*7F
1777598519.317,$GLGSV,1,1,01,85,08,217,,0*49
1777598519.318,$GAGSV,3,1,09,02,45,014,46,03,19,195,38,08,23,249,43,15,18,206,33,2*7C
1777598519.318,$GAGSV,3,2,09,18,42,294,47,25,29,081,40,30,17,320,27,34,67,179,51,2*70
1777598519.319,$GAGSV,3,3,09,36,51,049,48,2*4F
1777598519.319,$GAGSV,3,1,09,02,45,014,41,03,19,195,31,08,23,249,36,15,18,206,34,7*72
1777598519.320,$GAGSV,3,2,09,18,42,294,46,25,29,081,37,30,17,320,25,34,67,179,45,7*73
1777598519.320,$GAGSV,3,3,09,36,51,049,42,7*40
1777598519.321,$GAGSV,1,1,03,07,04,295,,11,04,035,,32,26,223,,0*4E
1777598519.322,$GBGSV,2,1,07,07,54,159,37,08,46,005,46,10,65,157,43,13,66,317,48,1*7D
1777598519.322,$GBGSV,2,2,07,23,61,346,48,25,59,116,47,28,51,260,49,1*43
1777598519.322,$GBGSV,1,1,01,10,65,157,46,3*46
1777598519.323,$GBGSV,1,1,02,06,24,148,,09,16,171,,0*71
1777598519.323,$GNGLL,1339.10096,N,10029.55407,E,012159.00,A,D*73
1777598520.317,$GNRMC,012200.00,A,1339.10114,N,10029.55346,E,2.330,285.16,010526,0.53,W,R,V*5B
1777598520.319,$GNVTG,285.16,T,285.69,M,2.330,N,4.316,K,D*32
1777598520.321,$GNGGA,012200.00,1339.10114,N,10029.55346,E,4,12,0.59,-0.8,M,-27.8,M,1.0,0042*63
1777598520.321,$GNGSA,A,3,01,07,14,17,22,06,41,30,19,03,,,1.26,0.59,1.11,1*07
1777598520.322,$GNGSA,A,3,73,80,84,83,79,,,,,,,,1.26,0.59,1.11,2*0F
1777598520.322,$GNGSA,A,3,25,03,02,08,15,34,36,,,,,,1.26,0.59,1.11,3*03
1777598520.323,$GNGSA,A,3,07,10,23,08,25,28,13,,,,,,1.26,0.59,1.11,4*0C
1777598520.323,$GPGSV,3,1,12,01,35,040,28,03,24,102,41,06,36,212,36,07,51,172,41,1*6A
1777598520.324,$GPGSV,3,2,12,14,44,354,41,17,44,321,42,19,31,283,42,22,33,340,33,1*66
1777598520.325,$GPGSV,3,3,12,30,70,250,47,40,36,256,43,41,64,233,48,42,70,217,47,1*6F
1777598520.325,$GPGSV,2,1,07,01,35,040,29,03,24,102,41,06,36,212,37,07,51,172,40,6*69
1777598520.326,$GPGSV,2,2,07,14,44,354,40,17,44,321,40,30,70,250,45,6*57
1777598520.326,$GPGSV,1,1,03,02,05,036,,09,06,170,,50,56,115,,0*5E
1777598520.327,$GLGSV,2,1,06,73,37,350,47,79,17,129,35,80,57,079,49,82,11,023,28,1*74
1777598520.327,$GLGSV,2,2,06,83,60,354,45,84,50,236,48,1*72
1777598520.328,$GLGSV,2,1,06,73,37,350,46,79,17,129,32,80,57,079,49,82,11,023,25,3*7D
1777598520.328,$GLGSV,2,2,06,83,60,354,45,84,50,236,49,3*71
1777598520.329,$GLGSV,1,1,01,85,08,217,,0*49
1777598520.329,$GAGSV,3,1,09,02,45,014,47,03,19,195,38,08,23,249,39,15,18,206,36,2*75
1777598520.330,$GAGSV,3,2,09,18,42,294,46,25,29,081,39,30,17,320,37,34,67,179,51,2*7E
1777598520.330,$GAGSV,3,3,09,36,51,049,49,2*4E
1777598520.331,$GAGSV,3,1,09,02,45,014,42,03,19,195,34,08,23,249,36,15,18,206,29,7*78
1777598520.331,$GAGSV,3,2,09,18,42,294,43,25,29,081,34,30,17,320,25,34,67,179,47,7*77
1777598520.332,$GAGSV,3,3,09,36,51,049,44,7*46
1777598520.332,$GAGSV,1,1,03,07,04,295,,11,04,035,,32,26,223,,0*4E
1777598520.333,$GBGSV,2,1,08,06,24,148,35,07,54,159,45,08,46,005,45,10,65,157,45,1*72
1777598520.334,$GBGSV,2,2,08,13,66,317,45,23,61,346,46,25,59,116,47,28,51,260,48,1*75
1777598520.334,$GBGSV,1,1,01,10,65,157,46,3*46
1777598520.334,$GBGSV,1,1,01,09,16,171,,0*4F
1777598520.335,$GNGLL,1339.10114,N,10029.55346,E,012200.00,A,D*75
1777598521.309,$GNRMC,012201.00,A,1339.10129,N,10029.55279,E,2.354,283.55,010526,0.53,W,R,V*5A
1777598521.311,$GNVTG,283.55,T,284.08,M,2.354,N,4.359,K,D*3C
1777598521.313,$GNGGA,012201.00,1339.10129,N,10029.55279,E,4,12,0.59,-0.9,M,-27.8,M,1.0,0499*62
1777598521.313,$GNGSA,A,3,01,07,14,17,22,06,41,30,19,03,,,1.29,0.59,1.14,1*0D
1777598521.314,$GNGSA,A,3,73,80,84,83,79,,,,,,,,1.29,0.59,1.14,2*05
1777598521.314,$GNGSA,A,3,25,03,02,08,34,36,,,,,,,1.29,0.59,1.14,3*0D
1777598521.315,$GNGSA,A,3,07,10,23,08,25,28,13,06,,,,,1.29,0.59,1.14,4*00
1777598521.315,$GPGSV,3,1,12,01,35,040,32,03,24,102,39,06,36,212,35,07,51,172,41,1*6D
1777598521.316,$GPGSV,3,2,12,14,44,354,36,17,44,321,40,19,31,283,42,22,33,340,28,1*6E
1777598521.317,$GPGSV,3,3,12,30,70,250,47,40,36,256,43,41,64,233,46,42,70,217,46,1*60
1777598521.317,$GPGSV,2,1,07,01,35,040,34,03,24,102,38,06,36,212,38,07,51,172,42,6*66
1777598521.318,$GPGSV,2,2,07,14,44,354,42,17,44,321,41,30,70,250,45,6*54
1777598521.319,$GPGSV,1,1,03,02,05,036,,09,06,170,,50,56,115,,0*5E
1777598521.319,$GLGSV,2,1,06,73,37,350,34,79,17,129,31,80,57,079,50,82,11,023,28,1*7C
1777598521.320,$GLGSV,2,2,06,83,60,354,46,84,50,236,48,1*71
1777598521.320,$GLGSV,2,1,06,73,37,350,36,79,17,129,32,80,57,079,48,82,11,023,26,3*78
1777598521.321,$GLGSV,2,2,06,83,60,354,47,84,50,236,50,3*7B
1777598521.321,$GLGSV,1,1,01,85,08,217,,0*49
1777598521.322,$GAGSV,3,1,09,02,45,014,49,03,19,195,33,08,23,249,44,15,18,206,28,2*75
1777598521.322,$GAGSV,3,2,09,18,42,294,46,25,29,081,40,30,17,320,35,34,67,179,52,2*71
1777598521.323,$GAGSV,3,3,09,36,51,049,51,2*47
1777598521.324,$GAGSV,3,1,09,02,45,014,44,03,19,195,33,08,23,249,38,15,18,206,30,7*7F
1777598521.324,$GAGSV,3,2,09,18,42,294,44,25,29,081,37,30,17,320,25,34,67,179,47,7*73
1777598521.325,$GAGSV,3,3,09,36,51,049,44,7*46
1777598521.325,$GAGSV,1,1,03,07,04,295,,11,04,035,,32,26,223,,0*4E
1777598521.326,$GBGSV,2,1,08,06,24,148,33,07,54,159,44,08,46,005,42,10,65,157,46,1*71
1777598521.326,$GBGSV,2,2,08,13,66,317,50,23,61,346,45,25,59,116,47,28,51,260,48,1*72
1777598521.327,$GBGSV,1,1,01,10,65,157,50,3*41
1777598521.327,$GBGSV,1,1,01,09,16,171,,0*4F
1777598521.328,$GNGLL,1339.10129,N,10029.55279,E,012201.00,A,D*77
1777598522.305,$GNRMC,012202.00,A,1339.10142,N,10029.55213,E,2.358,281.77,010526,0.53,W,R,V*56
1777598522.307,$GNVTG,281.77,T,282.30,M,2.358,N,4.367,K,D*32
1777598522.309,$GNGGA,012202.00,1339.10142,N,10029.55213,E,4,12,0.60,-0.9,M,-27.8,M,1.0,0499*6A
1777598522.309,$GNGSA,A,3,01,07,14,17,22,06,41,30,19,03,,,1.28,0.60,1.13,1*01
1777598522.310,$GNGSA,A,3,73,80,84,83,,,,,,,,,1.28,0.60,1.13,2*07
1777598522.310,$GNGSA,A,3,25,03,30,02,08,15,34,36,,,,,1.28,0.60,1.13,3*06
1777598522.311,$GNGSA,A,3,07,10,23,08,25,28,13,,,,,,1.28,0.60,1.13,4*0A
1777598522.311,$GPGSV,3,1,12,01,35,040,28,03,24,102,43,06,36,212,35,07,51,172,44,1*6E
1777598522.312,$GPGSV,3,2,12,14,44,354,38,17,44,321,40,19,31,283,43,22,33,340,33,1*6B
1777598522.313,$GPGSV,3,3,12,30,70,250,46,40,36,256,43,41,64,233,47,42,70,217,45,1*63
1777598522.313,$GPGSV,2,1,07,01,35,040,34,03,24,102,39,06,36,212,41,07,51,172,42,6*69
1777598522.314,$GPGSV,2,2,07,14,44,354,36,17,44,321,40,30,70,250,46,6*55
1777598522.315,$GPGSV,1,1,03,02,05,036,,09,06,170,,50,56,115,,0*5E
1777598522.315,$GLGSV,2,1,06,73,37,350,30,79,17,129,31,80,57,079,49,82,11,023,19,1*72
1777598522.316,$GLGSV,2,2,06,83,60,354,40,84,50,236,48,1*77
1777598522.316,$GLGSV,2,1,06,73,37,350,40,79,17,129,26,80,57,079,48,82,11,023,25,3*7F
1777598522.317,$GLGSV,2,2,06,83,60,354,43,84,50,236,50,3*7F
1777598522.317,$GLGSV,1,1,01,85,08,217,,0*49
1777598522.318,$GAGSV,3,1,09,02,45,014,47,03,19,195,35,08,23,249,42,15,18,206,36,2*74
1777598522.318,$GAGSV,3,2,09,18,42,294,46,25,29,081,41,30,17,320,27,34,67,179,50,2*71
1777598522.319,$GAGSV,3,3,09,36,51,049,50,2*46
1777598522.319,$GAGSV,3,1,09,02,45,014,41,03,19,195,28,08,23,249,38,15,18,206,34,7*74
1777598522.320,$GAGSV,3,2,09,18,42,294,41,25,29,081,37,30,17,320,24,34,67,179,45,7*75
1777598522.320,$GAGSV,3,3,09,36,51,049,44,7*46
1777598522.321,$GAGSV,1,1,03,07,04,295,,11,04,035,,32,26,223,,0*4E
1777598522.321,$GBGSV,2,1,08,06,24,148,29,07,54,159,46,08,46,005,33,10,65,157,45,1*7D
1777598522.322,$GBGSV,2,2,08,13,66,317,46,23,61,346,46,25,59,116,48,28,51,260,48,1*79
1777598522.322,$GBGSV,1,1,01,10,65,157,49,3*49
1777598522.323,$GBGSV,1,1,01,09,16,171,,0*4F
1777598522.323,$GNGLL,1339.10142,N,10029.55213,E,012202.00,A,D*75
1777598523.313,$GNRMC,012203.00,A,1339.10158,N,10029.55144,E,2.471,280.11,010526,0.53,W,R,V*50
1777598523.315,$GNVTG,280.11,T,280.64,M,2.471,N,4.576,K,D*3A
1777598523.315,$GNGGA,012203.00,1339.10158,N,10029.55144,E,4,12,0.59,-1.0,M,-27.8,M,1.0,0499*63
1777598523.316,$GNGSA,A,3,01,07,14,17,06,41,30,19,03,,,,1.20,0.59,1.05,1*04
1777598523.316,$GNGSA,A,3,79,73,80,84,83,,,,,,,,1.20,0.59,1.05,2*0C
1777598523.317,$GNGSA,A,3,25,03,30,02,08,15,34,36,,,,,1.20,0.59,1.05,3*03
1777598523.317,$GNGSA,A,3,07,10,23,08,25,28,13,,,,,,1.20,0.59,1.05,4*0F
1777598523.318,$GPGSV,3,1,12,01,35,040,31,03,24,102,40,06,36,212,35,07,51,172,45,1*64
1777598523.319,$GPGSV,3,2,12,14,44,354,39,17,44,321,42,19,31,283,44,22,33,340,30,1*6C
1777598523.319,$GPGSV,3,3,12,30,70,250,48,40,36,256,42,41,64,233,48,42,70,217,47,1*61
1777598523.320,$GPGSV,2,1,07,01,35,040,32,03,24,102,40,06,36,212,45,07,51,172,40,6*67
1777598523.321,$GPGSV,2,2,07,14,44,354,35,17,44,321,43,30,70,250,45,6*56
1777598523.321,$GPGSV,1,1,03,02,05,036,,09,06,170,,50,56,115,,0*5E
1777598523.322,$GLGSV,2,1,06,73,37,350,29,79,17,129,31,80,57,079,50,82,11,023,28,1*70
1777598523.322,$GLGSV,2,2,06,83,60,354,45,84,50,236,49,1*73
1777598523.323,$GLGSV,2,1,06,73,37,350,34,79,17,129,32,80,57,079,49,82,11,023,26,3*7B
1777598523.323,$GLGSV,2,2,06,83,60,354,48,84,50,236,48,3*7D
1777598523.324,$GLGSV,1,1,01,85,08,217,,0*49
1777598523.324,$GAGSV,3,1,09,02,45,014,46,03,19,195,32,08,23,249,45,15,18,206,35,2*76
1777598523.325,$GAGSV,3,2,09,18,42,294,45,25,29,082,38,30,17,320,40,34,67,179,47,2*78
1777598523.326,$GAGSV,3,3,09,36,51,049,50,2*46
1777598523.326,$GAGSV,3,1,09,02,45,014,32,03,19,195,33,08,23,249,39,15,18,206,29,7*77
1777598523.327,$GAGSV,3,2,09,18,42,294,41,25,29,082,33,30,17,320,33,34,67,179,44,7*75
1777598523.327,$GAGSV,3,3,09,36,51,049,45,7*47
1777598523.328,$GAGSV,1,1,03,07,04,295,,11,04,035,,32,26,223,,0*4E
1777598523.328,$GBGSV,2,1,08,06,24,148,35,07,54,159,47,08,46,005,38,10,65,157,46,1*79
1777598523.329,$GBGSV,2,2,08,13,66,317,47,23,61,346,42,25,59,116,48,28,51,260,47,1*73
1777598523.329,$GBGSV,1,1,01,10,65,157,50,3*41
1777598523.330,$GBGSV,1,1,01,09,16,171,,0*4F
1777598523.330,$GNGLL,1339.10158,N,10029.55144,E,012203.00,A,D*7E
1777598524.317,$GNRMC,012204.00,A,1339.10169,N,10029.55073,E,2.558,277.09,010526,0.53,W,R,V*5B
1777598524.319,$GNVTG,277.09,T,277.62,M,2.558,N,4.737,K,D*38
1777598524.320,$GNGGA,012204.00,1339.10169,N,10029.55073,E,4,12,0.61,-1.0,M,-27.8,M,1.0,0499*68
1777598524.321,$GNGSA,A,3,01,07,14,17,06,41,30,19,03,,,,1.29,0.61,1.14,1*06
1777598524.322,$GNGSA,A,3,82,73,80,84,83,,,,,,,,1.29,0.61,1.14,2*0A
1777598524.322,$GNGSA,A,3,25,03,30,02,08,15,34,36,,,,,1.29,0.61,1.14,3*01
1777598524.323,$GNGSA,A,3,07,10,23,08,25,28,13,,,,,,1.29,0.61,1.14,4*0D
1777598524.323,$GPGSV,3,1,12,01,35,040,31,03,24,102,38,06,36,212,36,07,51,172,40,1*6D
1777598524.324,$GPGSV,3,2,12,14,44,354,29,17,44,321,44,19,31,283,44,22,33,340,34,1*6F
1777598524.324,$GPGSV,3,3,12,30,70,250,47,40,36,256,41,41,64,233,47,42,70,217,46,1*63
1777598524.325,$GPGSV,2,1,07,01,35,040,39,03,24,102,38,06,36,212,40,07,51,172,40,6*66
1777598524.326,$GPGSV,2,2,07,14,44,354,37,17,44,321,42,30,70,250,45,6*55
1777598524.326,$GPGSV,1,1,03,02,05,036,,09,06,170,,50,56,115,,0*5E
1777598524.327,$GLGSV,2,1,06,73,37,350,36,79,17,129,31,80,57,079,49,82,11,023,26,1*78
1777598524.327,$GLGSV,2,2,06,83,60,354,43,84,50,236,49,1*75
1777598524.328,$GLGSV,2,1,06,73,37,350,45,79,17,129,29,80,57,079,50,82,11,023,27,3*7E
1777598524.328,$GLGSV,2,2,06,83,60,354,47,84,50,236,48,3*72
1777598524.329,$GLGSV,1,1,01,85,08,217,,0*49
1777598524.329,$GAGSV,3,1,09,02,45,014,50,03,19,195,38,08,23,249,45,15,18,206,35,2*7B
1777598524.330,$GAGSV,3,2,09,18,42,294,47,25,29,082,41,30,17,320,34,34,67,179,48,2*78
1777598524.330,$GAGSV,3,3,09,36,51,049,46,2*41
1777598524.331,$GAGSV,3,1,09,02,45,014,43,03,19,195,36,08,23,249,39,15,18,206,34,7*78
1777598524.332,$GAGSV,3,2,09,18,42,294,41,25,29,082,38,30,17,320,34,34,67,179,41,7*7C
1777598524.332,$GAGSV,3,3,09,36,51,049,42,7*40
1777598524.332,$GAGSV,1,1,03,07,04,295,,11,04,035,,32,26,223,,0*4E
1777598524.333,$GBGSV,2,1,08,06,24,148,32,07,54,159,46,08,46,005,31,10,65,157,46,1*76
1777598524.334,$GBGSV,2,2,08,13,66,317,45,23,61,346,46,25,59,116,48,28,51,260,48,1*7A
1777598524.334,$GBGSV,1,1,01,10,65,157,50,3*41
1777598524.334,$GBGSV,1,1,01,09,16,171,,0*4F
1777598524.335,$GNGLL,1339.10169,N,10029.55073,E,012204.00,A,D*7E
1777598525.310,$GNRMC,012205.00,A,1339.10176,N,10029.55001,E,2.527,275.63,010526,0.53,W,R,V*57
1777598525.312,$GNVTG,275.63,T,276.16,M,2.527,N,4.680,K,D*31
1777598525.313,$GNGGA,012205.00,1339.10176,N,10029.55001,E,4,12,0.59,-1.0,M,-27.8,M,1.0,0499*69
1777598525.314,$GNGSA,A,3,01,07,14,17,22,06,41,30,19,03,,,1.17,0.59,1.01,1*04
1777598525.314,$GNGSA,A,3,82,73,80,84,83,,,,,,,,1.17,0.59,1.01,2*08
1777598525.315,$GNGSA,A,3,25,03,30,02,08,15,34,36,,,,,1.17,0.59,1.01,3*03
1777598525.315,$GNGSA,A,3,07,10,23,25,28,13,,,,,,,1.17,0.59,1.01,4*07
1777598525.316,$GPGSV,3,1,12,01,35,040,31,03,24,102,41,06,36,212,40,07,51,172,38,1*6D
1777598525.317,$GPGSV,3,2,12,14,44,354,39,17,44,321,44,19,31,283,41,22,33,340,36,1*69
1777598525.317,$GPGSV,3,3,12,30,70,250,47,40,36,256,44,41,64,233,48,42,70,217,46,1*69
1777598525.318,$GPGSV,2,1,07,01,35,040,35,03,24,102,38,06,36,212,35,07,51,172,40,6*68
1777598525.319,$GPGSV,2,2,07,14,44,354,43,17,44,321,45,30,70,250,45,6*51
1777598525.319,$GPGSV,1,1,03,02,05,036,,09,06,170,,50,56,115,,0*5E
1777598525.320,$GLGSV,2,1,06,73,37,350,43,79,17,129,28,80,57,079,49,82,11,023,26,1*72
1777598525.320,$GLGSV,2,2,06,83,60,354,44,84,50,236,49,1*72
1777598525.321,$GLGSV,2,1,06,73,37,350,44,79,17,129,33,80,57,079,49,82,11,023,27,3*7C
1777598525.321,$GLGSV,2,2,06,83,60,354,42,84,50,236,50,3*7E
1777598525.322,$GLGSV,1,1,01,85,08,217,,0*49
1777598525.322,$GAGSV,3,1,09,02,45,014,35,03,19,195,42,08,23,249,42,15,18,206,36,2*71
1777598525.323,$GAGSV,3,2,09,18,42,294,47,25,29,082,42,30,17,320,41,34,67,179,46,2*77
1777598525.323,$GAGSV,3,3,09,36,51,049,47,2*40
1777598525.324,$GAGSV,3,1,09,02,45,014,35,03,19,195,38,08,23,249,38,15,18,206,34,7*76
1777598525.324,$GAGSV,3,2,09,18,42,294,44,25,29,082,36,30,17,320,34,34,67,179,43,7*75
1777598525.325,$GAGSV,3,3,09,36,51,049,38,7*4D
1777598525.325,$GAGSV,1,1,03,07,04,295,,11,04,035,,32,26,223,,0*4E
1777598525.326,$GBGSV,2,1,08,06,24,148,36,07,54,159,43,08,46,005,36,10,65,157,47,1*71
1777598525.327,$GBGSV,2,2,08,13,66,317,50,23,61,346,45,25,59,116,48,28,51,260,49,1*7C
1777598525.327,$GBGSV,1,1,01,10,65,157,49,3*49
1777598525.327,$GBGSV,1,1,01,09,16,171,,0*4F
1777598525.328,$GNGLL,1339.10176,N,10029.55001,E,012205.00,A,D*74
1777598526.319,$GNRMC,012206.00,A,1339.10181,N,10029.54930,E,2.488,271.60,010526,0.53,W,R,V*55
1777598526.321,$GNVTG,271.60,T,272.13,M,2.488,N,4.608,K,D*33
1777598526.323,$GNGGA,012206.00,1339.10181,N,10029.54930,E,4,12,0.59,-1.0,M,-27.8,M,1.0,0499*68
1777598526.324,$GNGSA,A,3,01,07,14,17,22,06,41,30,19,03,,,1.17,0.59,1.01,1*04
1777598526.324,$GNGSA,A,3,82,73,80,84,83,,,,,,,,1.17,0.59,1.01,2*08
1777598526.325,$GNGSA,A,3,25,03,30,02,08,15,34,36,,,,,1.17,0.59,1.01,3*03
1777598526.325,$GNGSA,A,3,07,10,23,25,28,13,,,,,,,1.17,0.59,1.01,4*07
1777598526.326,$GPGSV,3,1,12,01,35,040,39,03,24,102,40,06,36,212,40,07,51,172,36,1*6A
1777598526.327,$GPGSV,3,2,12,14,44,354,41,17,44,321,42,19,31,283,39,22,33,340,31,1*68
1777598526.327,$GPGSV,3,3,12,30,70,250,47,40,36,256,40,41,64,233,47,42,70,217,46,1*62
1777598526.328,$GPGSV,2,1,07,01,35,040,41,03,24,102,38,06,36,212,30,07,51,172,40,6*6E
1777598526.329,$GPGSV,2,2,07,14,44,354,42,17,44,321,40,30,70,250,44,6*54
1777598526.329,$GPGSV,1,1,03,02,05,036,,09,06,170,,50,56,115,,0*5E
1777598526.330,$GLGSV,2,1,06,73,37,350,43,79,17,129,32,80,57,079,48,82,11,023,25,1*7B
1777598526.330,$GLGSV,2,2,06,83,60,354,40,84,50,236,49,1*76
1777598526.331,$GLGSV,2,1,06,73,37,350,48,79,17,129,29,80,57,079,50,82,11,023,30,3*75
1777598526.331,$GLGSV,2,2,06,83,60,354,40,84,50,236,48,3*75
1777598526.332,$GLGSV,1,1,01,85,08,217,,0*49
1777598526.332,$GAGSV,3,1,09,02,45,014,33,03,19,195,38,08,23,249,42,15,18,206,34,2*78
1777598526.333,$GAGSV,3,2,09,18,42,294,46,25,29,082,42,30,17,320,40,34,67,179,51,2*71
1777598526.333,$GAGSV,3,3,09,36,51,049,45,2*42
1777598526.334,$GAGSV,3,1,09,02,45,014,32,03,19,195,36,08,23,249,38,15,18,206,31,7*7A
1777598526.335,$GAGSV,3,2,09,18,42,294,42,25,29,082,38,30,17,320,34,34,67,179,44,7*7A
1777598526.335,$GAGSV,3,3,09,36,51,049,42,7*40
1777598526.336,$GAGSV,1,1,03,07,04,295,,11,04,035,,32,26,223,,0*4E
1777598526.336,$GBGSV,2,1,08,06,24,148,34,07,54,159,42,08,46,005,40,10,65,157,46,1*72
1777598526.337,$GBGSV,2,2,08,13,66,317,48,23,61,346,41,25,59,116,47,28,51,260,48,1*7F
1777598526.337,$GBGSV,1,1,01,10,65,157,48,3*48
1777598526.337,$GBGSV,1,1,01,09,16,171,,0*4F
1777598526.338,$GNGLL,1339.10181,N,10029.54930,E,012206.00,A,D*75
1777598527.313,$GNRMC,012207.00,A,1339.10182,N,10029.54856,E,2.630,271.79,010526,0.53,W,R,V*5F
1777598527.314,$GNVTG,271.79,T,272.33,M,2.630,N,4.871,K,D*38
1777598527.315,$GNGGA,012207.00,1339.10182,N,10029.54856,E,4,12,0.60,-0.9,M,-27.8,M,1.0,0499*69
1777598527.316,$GNGSA,A,3,07,14,17,22,06,41,30,19,03,,,,1.17,0.60,1.01,1*0F
1777598527.316,$GNGSA,A,3,82,73,80,84,83,,,,,,,,1.17,0.60,1.01,2*02
1777598527.317,$GNGSA,A,3,25,03,30,02,08,15,34,36,,,,,1.17,0.60,1.01,3*09
1777598527.317,$GNGSA,A,3,08,07,10,23,25,28,13,,,,,,1.17,0.60,1.01,4*05
1777598527.318,$GPGSV,3,1,12,01,35,040,30,03,24,102,39,06,36,212,34,07,51,172,47,1*68
1777598527.318,$GPGSV,3,2,12,14,44,354,45,17,44,321,42,19,31,283,40,22,33,340,35,1*66
1777598527.319,$GPGSV,3,3,12,30,70,250,48,40,36,256,41,41,64,233,48,42,70,217,47,1*62
1777598527.320,$GPGSV,2,1,07,01,35,040,38,03,24,102,37,06,36,212,33,07,51,172,45,6*69
1777598527.320,$GPGSV,2,2,07,14,44,354,42,17,44,321,41,30,70,250,43,6*52
1777598527.321,$GPGSV,1,1,03,02,05,036,,09,06,170,,50,56,115,,0*5E
1777598527.322,$GLGSV,2,1,06,73,37,350,45,79,17,129,31,80,57,079,49,82,11,023,26,1*7C
1777598527.322,$GLGSV,2,2,06,83,60,354,46,84,50,236,48,1*71
1777598527.323,$GLGSV,2,1,06,73,37,350,44,79,17,129,29,80,57,079,48,82,11,023,25,3*74
1777598527.323,$GLGSV,2,2,06,83,60,354,48,84,50,236,48,3*7D
1777598527.324,$GLGSV,1,1,01,85,08,217,,0*49
1777598527.324,$GAGSV,3,1,09,02,45,014,33,03,19,195,40,08,23,249,44,15,18,206,41,2*73
1777598527.325,$GAGSV,3,2,09,18,42,294,47,25,29,082,43,30,17,320,35,34,67,179,53,2*71
1777598527.325,$GAGSV,3,3,09,36,51,049,49,2*4E
1777598527.326,$GAGSV,3,1,10,02,45,014,41,03,19,195,36,08,23,249,40,15,18,206,32,7*7A
1777598527.326,$GAGSV,3,2,10,18,42,294,44,25,29,082,43,30,17,320,34,32,26,223,40,7*73
1777598527.327,$GAGSV,3,3,10,34,67,179,46,36,51,049,38,7*7E
1777598527.327,$GAGSV,1,1,02,07,04,295,,11,04,035,,0*79
1777598527.328,$GBGSV,2,1,08,06,24,148,34,07,54,159,41,08,46,005,42,10,65,157,43,1*76
1777598527.329,$GBGSV,2,2,08,13,66,317,42,23,61,346,44,25,59,116,48,28,51,260,49,1*7E
1777598527.329,$GBGSV,1,1,01,10,65,157,45,3*45
1777598527.329,$GBGSV,1,1,01,09,16,171,,0*4F
1777598527.330,$GNGLL,1339.10182,N,10029.54856,E,012207.00,A,D*76
1777598528.318,$GNRMC,012208.00,A,1339.10182,N,10029.54782,E,2.625,268.81,010526,0.53,W,R,V*5D
1777598528.320,$GNVTG,268.81,T,269.34,M,2.625,N,4.862,K,D*3C
1777598528.320,$GNGGA,012208.00,1339.10182,N,10029.54782,E,4,12,0.60,-0.9,M,-27.8,M,1.0,0499*60
1777598528.321,$GNGSA,A,3,07,14,17,01,22,06,41,30,19,03,,,1.28,0.60,1.13,1*01
1777598528.321,$GNGSA,A,3,73,80,84,83,,,,,,,,,1.28,0.60,1.13,2*07
1777598528.322,$GNGSA,A,3,25,03,30,02,08,15,34,36,,,,,1.28,0.60,1.13,3*06
1777598528.322,$GNGSA,A,3,08,07,10,23,25,28,13,,,,,,1.28,0.60,1.13,4*0A
1777598528.323,$GPGSV,3,1,12,01,35,040,31,03,24,102,39,06,36,212,44,07,51,172,44,1*6D
1777598528.324,$GPGSV,3,2,12,14,44,354,42,17,44,321,45,19,31,283,35,22,33,340,29,1*69
1777598528.324,$GPGSV,3,3,12,30,70,250,47,40,36,256,43,41,64,233,47,42,70,217,45,1*62
1777598528.325,$GPGSV,2,1,07,01,35,040,32,03,24,102,39,06,36,212,41,07,51,172,41,6*6C
1777598528.325,$GPGSV,2,2,07,14,44,354,44,17,44,321,41,30,70,250,45,6*52
1777598528.326,$GPGSV,1,1,03,02,05,036,,09,06,170,,50,56,115,,0*5E
1777598528.327,$GLGSV,2,1,06,73,37,350,41,79,17,129,26,80,57,079,50,82,11,023,27,1*77
1777598528.327,$GLGSV,2,2,06,83,60,354,41,84,50,236,46,1*78
1777598528.328,$GLGSV,2,1,06,73,37,350,45,79,17,129,29,80,57,079,49,82,11,023,27,3*76
1777598528.328,$GLGSV,2,2,06,83,60,354,41,84,50,236,49,3*75
1777598528.328,$GLGSV,1,1,01,85,08,217,,0*49
1777598528.329,$GAGSV,3,1,09,02,45,014,48,03,19,195,36,08,23,249,46,15,18,206,40,2*7D
1777598528.330,$GAGSV,3,2,09,18,42,294,47,25,29,082,47,30,17,320,32,34,67,179,50,2*71
1777598528.330,$GAGSV,3,3,09,36,51,049,44,2*43
1777598528.331,$GAGSV,3,1,10,02,45,014,42,03,19,195,38,08,23,249,41,15,18,206,35,7*71
1777598528.331,$GAGSV,3,2,10,18,42,294,44,25,29,082,43,30,17,320,30,32,26,223,30,7*70
1777598528.332,$GAGSV,3,3,10,34,67,179,47,36,51,049,38,7*7F
1777598528.332,$GAGSV,1,1,02,07,04,295,,11,04,035,,0*79
1777598528.333,$GBGSV,2,1,08,06,24,148,34,07,54,159,40,08,46,005,42,10,65,157,40,1*74
1777598528.333,$GBGSV,2,2,08,13,66,317,50,23,61,346,43,25,59,116,48,28,51,260,47,1*74
1777598528.334,$GBGSV,1,1,01,10,65,157,45,3*45
1777598528.334,$GBGSV,1,1,01,09,16,171,,0*4F
1777598528.334,$GNGLL,1339.10182,N,10029.54782,E,012208.00,A,D*7F
1777598529.306,$GNRMC,012209.00,A,1339.10180,N,10029.54709,E,2.623,269.24,010526,0.53,W,R,V*55
1777598529.308,$GNVTG,269.24,T,269.78,M,2.623,N,4.858,K,D*35
1777598529.309,$GNGGA,012209.00,1339.10180,N,10029.54709,E,4,12,0.61,-0.9,M,-27.8,M,1.0,0499*61
1777598529.310,$GNGSA,A,3,07,14,17,01,06,41,30,19,03,,,,1.33,0.61,1.18,1*01
1777598529.310,$GNGSA,A,3,73,80,84,83,79,,,,,,,,1.33,0.61,1.18,2*09
1777598529.311,$GNGSA,A,3,25,03,02,08,15,34,36,,,,,,1.33,0.61,1.18,3*05
1777598529.311,$GNGSA,A,3,08,07,10,23,06,25,28,13,,,,,1.33,0.61,1.18,4*0C
1777598529.312,$GPGSV,3,1,12,01,35,040,31,03,24,102,37,06,36,212,39,07,51,172,40,1*6D
1777598529.313,$GPGSV,3,2,12,14,44,354,44,17,44,321,40,19,31,283,32,22,33,340,31,1*64
1777598529.313,$GPGSV,3,3,12,30,70,250,47,40,36,256,41,41,64,233,47,42,70,217,44,1*61
1777598529.314,$GPGSV,2,1,07,01,35,040,28,03,24,102,34,06,36,212,40,07,51,172,40,6*6A
1777598529.315,$GPGSV,2,2,07,14,44,354,46,17,44,321,42,30,70,250,43,6*55
1777598529.315,$GPGSV,1,1,03,02,05,036,,09,06,170,,50,56,115,,0*5E
1777598529.316,$GLGSV,2,1,06,73,37,350,40,79,17,129,35,80,57,079,49,82,11,023,26,1*7D
1777598529.316,$GLGSV,2,2,06,83,60,354,48,84,50,236,48,1*7F
1777598529.317,$GLGSV,2,1,06,73,37,350,43,79,17,129,29,80,57,079,50,82,11,023,32,3*7C
1777598529.317,$GLGSV,2,2,06,83,60,354,48,84,50,236,49,3*7C
1777598529.318,$GLGSV,1,1,01,85,08,217,,0*49
1777598529.318,$GAGSV,3,1,09,02,45,014,47,03,19,195,41,08,23,249,42,15,18,206,39,2*78
1777598529.319,$GAGSV,3,2,09,18,42,294,44,25,29,082,44,30,17,320,31,34,67,179,51,2*73
1777598529.319,$GAGSV,3,3,09,36,51,049,49,2*4E
1777598529.320,$GAGSV,3,1,10,02,45,014,37,03,19,195,33,08,23,249,40,15,18,206,38,7*74
1777598529.321,$GAGSV,3,2,10,18,42,294,37,25,29,082,42,30,17,320,29,32,26,223,34,7*79
1777598529.321,$GAGSV,3,3,10,34,67,179,46,36,51,049,36,7*70
1777598529.321,$GAGSV,1,1,02,07,04,295,,11,04,035,,0*79
1777598529.322,$GBGSV,2,1,08,06,24,148,36,07,54,159,48,08,46,005,42,10,65,157,44,1*7A
1777598529.323,$GBGSV,2,2,08,13,66,317,48,23,61,346,47,25,59,116,47,28,51,260,51,1*71
1777598529.323,$GBGSV,1,1,01,10,65,157,47,3*47
1777598529.323,$GBGSV,1,1,01,09,16,171,,0*4F
1777598529.324,$GNGLL,1339.10180,N,10029.54709,E,012209.00,A,D*7F
1777598530.310,$GNRMC,012210.00,A,1339.10176,N,10029.54635,E,2.628,267.99,010526,0.53,W,R,V*59
1777598530.312,$GNVTG,267.99,T,268.52,M,2.628,N,4.867,K,D*33
1777598530.314,$GNGGA,012210.00,1339.10176,N,10029.54635,E,4,12,0.60,-0.8,M,-27.8,M,1.0,0499*6E
1777598530.314,$GNGSA,A,3,07,14,17,01,06,41,30,19,03,,,,1.23,0.60,1.07,1*0F
1777598530.315,$GNGSA,A,3,73,80,84,83,82,,,,,,,,1.23,0.60,1.07,2*03
1777598530.315,$GNGSA,A,3,25,03,02,08,15,34,36,,,,,,1.23,0.60,1.07,3*0B
1777598530.316,$GNGSA,A,3,08,07,10,23,06,25,28,13,,,,,1.23,0.60,1.07,4*02
1777598530.316,$GPGSV,3,1,12,01,35,040,40,03,24,102,36,06,36,212,33,07,51,172,38,1*6F
1777598530.317,$GPGSV,3,2,12,14,44,354,43,17,44,321,37,19,31,283,32,22,33,340,25,1*66
1777598530.318,$GPGSV,3,3,12,30,70,250,47,40,36,256,42,41,64,233,47,42,70,217,46,1*60
1777598530.318,$GPGSV,2,1,07,01,35,040,36,03,24,102,36,06,36,212,42,07,51,172,42,6*67
1777598530.319,$GPGSV,2,2,07,14,44,354,47,17,44,321,39,30,70,250,45,6*5E
1777598530.320,$GPGSV,1,1,03,02,05,036,,09,06,170,,50,56,115,,0*5E
1777598530.320,$GLGSV,2,1,06,73,37,350,29,79,17,129,32,80,57,079,49,82,11,023,27,1*74
1777598530.321,$GLGSV,2,2,06,83,60,354,49,84,50,236,49,1*7F
1777598530.322,$GLGSV,2,1,06,73,37,350,41,79,17,129,28,80,57,079,49,82,11,023,30,3*75
1777598530.322,$GLGSV,2,2,06,83,60,354,48,84,50,236,47,3*72
1777598530.322,$GLGSV,1,1,01,85,08,217,,0*49
1777598530.323,$GAGSV,3,1,09,02,45,014,52,03,19,195,38,08,23,249,43,15,18,206,38,2*72
1777598530.324,$GAGSV,3,2,09,18,42,294,43,25,29,082,45,30,17,320,33,34,67,179,51,2*77
1777598530.324,$GAGSV,3,3,09,36,51,049,47,2*40
1777598530.325,$GAGSV,3,1,10,02,45,014,44,03,19,195,38,08,23,249,39,15,18,206,35,7*78
1777598530.326,$GAGSV,3,2,10,18,42,294,34,25,29,082,40,30,17,320,28,32,26,223,34,7*79
1777598530.326,$GAGSV,3,3,10,34,67,179,45,36,51,049,42,7*70
1777598530.326,$GAGSV,1,1,02,07,04,295,,11,04,035,,0*79
1777598530.327,$GBGSV,2,1,08,06,24,148,35,07,54,159,43,08,46,005,45,10,65,157,46,1*77
1777598530.328,$GBGSV,2,2,08,13,66,317,50,23,61,346,47,25,59,116,49,28,51,260,46,1*70
1777598530.328,$GBGSV,1,1,01,10,65,157,49,3*49
1777598530.329,$GBGSV,1,1,01,09,16,171,,0*4F
1777598530.329,$GNGLL,1339.10176,N,10029.54635,E,012210.00,A,D*70
1777598531.314,$GNRMC,012211.00,A,1339.10170,N,10029.54560,E,2.656,266.95,010526,0.53,W,R,V*59
1777598531.316,$GNVTG,266.95,T,267.48,M,2.656,N,4.919,K,D*3B
1777598531.317,$GNGGA,012211.00,1339.10170,N,10029.54560,E,4,12,0.61,-0.9,M,-27.8,M,1.0,0499*6A
1777598531.318,$GNGSA,A,3,07,14,17,01,06,22,41,30,19,03,,,1.36,0.61,1.22,1*0D
1777598531.318,$GNGSA,A,3,73,80,84,83,,,,,,,,,1.36,0.61,1.22,2*0B
1777598531.319,$GNGSA,A,3,25,03,02,08,15,34,36,,,,,,1.36,0.61,1.22,3*09
1777598531.319,$GNGSA,A,3,08,07,10,23,06,25,28,13,,,,,1.36,0.61,1.22,4*00
1777598531.320,$GPGSV,3,1,12,01,35,040,35,03,24,102,39,06,36,212,37,07,51,172,33,1*6D
1777598531.321,$GPGSV,3,2,12,14,44,354,39,17,44,321,29,19,31,283,27,22,33,340,26,1*63
1777598531.321,$GPGSV,3,3,12,30,70,250,47,40,36,256,41,41,64,233,48,42,70,217,46,1*6C
1777598531.322,$GPGSV,2,1,07,01,35,040,41,03,24,102,39,06,36,212,42,07,51,172,30,6*6D
1777598531.323,$GPGSV,2,2,07,14,44,354,46,17,44,321,37,30,70,250,45,6*51
1777598531.323,$GPGSV,1,1,03,02,05,036,,09,06,170,,50,56,115,,0*5E
1777598531.324,$GLGSV,2,1,06,73,37,350,41,79,17,129,28,80,57,079,50,82,11,023,26,1*78
1777598531.324,$GLGSV,2,2,06,83,60,354,48,84,50,236,48,1*7F
1777598531.325,$GLGSV,2,1,06,73,37,350,43,79,17,129,28,80,57,079,49,82,11,023,34,3*73
1777598531.326,$GLGSV,2,2,06,83,60,354,46,84,50,236,48,3*73
1777598531.326,$GLGSV,1,1,01,85,08,217,,0*49
1777598531.327,$GAGSV,3,1,09,02,45,014,50,03,19,195,41,08,23,249,43,15,18,206,40,2*71
1777598531.327,$GAGSV,3,2,09,18,42,294,36,25,29,082,46,30,17,320,36,34,67,179,51,2*73
1777598531.328,$GAGSV,3,3,09,36,51,049,46,2*41
1777598531.328,$GAGSV,3,1,10,02,45,014,45,03,19,195,39,08,23,249,39,15,18,206,36,7*7B
1777598531.329,$GAGSV,3,2,10,18,42,294,32,25,29,082,42,30,17,320,27,32,26,223,36,7*70
1777598531.329,$GAGSV,3,3,10,34,67,179,46,36,51,049,32,7*74
1777598531.330,$GAGSV,1,1,02,07,04,295,,11,04,035,,0*79
1777598531.330,$GBGSV,2,1,08,06,24,148,42,07,54,159,43,08,46,005,41,10,65,157,46,1*73
1777598531.331,$GBGSV,2,2,08,13,66,317,48,23,61,346,45,25,59,116,46,28,51,260,49,1*7B
1777598531.331,$GBGSV,1,1,01,10,65,157,50,3*41
1777598531.332,$GBGSV,1,1,01,09,16,171,,0*4F
1777598531.332,$GNGLL,1339.10170,N,10029.54560,E,012211.00,A,D*74
1777598532.309,$GNRMC,012212.00,A,1339.10162,N,10029.54484,E,2.727,262.61,010526,0.53,W,R,V*5A
1777598532.311,$GNVTG,262.61,T,263.14,M,2.727,N,5.050,K,D*3B
1777598532.312,$GNGGA,012212.00,1339.10162,N,10029.54484,E,4,12,0.59,-0.9,M,-27.8,M,1.0,0499*6A
1777598532.313,$GNGSA,A,3,07,14,01,06,22,41,30,19,03,,,,1.23,0.59,1.08,1*0C
1777598532.313,$GNGSA,A,3,73,80,84,83,,,,,,,,,1.23,0.59,1.08,2*0C
1777598532.314,$GNGSA,A,3,25,30,03,02,08,15,34,36,,,,,1.23,0.59,1.08,3*0D
1777598532.314,$GNGSA,A,3,08,07,10,23,06,25,28,13,,,,,1.23,0.59,1.08,4*07
1777598532.315,$GPGSV,3,1,12,01,35,040,43,03,24,102,37,06,36,212,40,07,51,172,41,1*67
1777598532.316,$GPGSV,3,2,12,14,44,354,39,17,44,321,30,19,31,283,31,22,33,340,32,1*69
1777598532.317,$GPGSV,3,3,12,30,70,250,47,40,36,256,40,41,64,233,44,42,70,217,46,1*61
1777598532.317,$GPGSV,2,1,07,01,35,040,44,03,24,102,37,06,36,212,41,07,51,172,39,6*6C
1777598532.318,$GPGSV,2,2,07,14,44,354,43,17,44,321,33,30,70,250,45,6*50
1777598532.318,$GPGSV,1,1,03,02,05,036,,09,06,170,,50,56,115,,0*5E
1777598532.319,$GLGSV,2,1,06,73,37,350,37,79,17,129,33,80,57,079,49,82,11,023,31,1*7D
1777598532.319,$GLGSV,2,2,06,83,60,354,48,84,50,236,48,1*7F
1777598532.320,$GLGSV,2,1,06,73,37,350,38,79,17,129,35,80,57,079,47,82,11,023,28,3*70
1777598532.321,$GLGSV,2,2,06,83,60,354,47,84,50,236,48,3*72
1777598532.321,$GLGSV,1,1,01,85,08,217,,0*49
1777598532.322,$GAGSV,3,1,09,02,45,014,51,03,19,195,42,08,23,249,42,15,18,206,34,2*71
1777598532.322,$GAGSV,3,2,09,18,42,294,42,25,29,082,46,30,17,320,40,34,67,179,51,2*71
1777598532.322,$GAGSV,3,3,09,36,51,049,46,2*41
1777598532.323,$GAGSV,3,1,10,02,45,014,44,03,19,195,32,08,23,249,42,15,18,206,33,7*78
1777598532.324,$GAGSV,3,2,10,18,42,294,32,25,29,082,37,30,17,320,27,32,26,223,38,7*7C
1777598532.324,$GAGSV,3,3,10,34,67,179,46,36,51,049,41,7*70
1777598532.325,$GAGSV,1,1,02,07,04,295,,11,04,035,,0*79
1777598532.325,$GBGSV,2,1,08,06,24,148,35,07,54,159,44,08,46,005,41,10,65,157,45,1*77
1777598532.326,$GBGSV,2,2,08,13,66,317,46,23,61,346,48,25,59,116,48,28,51,260,48,1*77
1777598532.327,$GBGSV,1,1,02,10,65,157,49,23,61,346,15,3*79
1777598532.327,$GBGSV,1,1,01,09,16,171,,0*4F
1777598532.327,$GNGLL,1339.10162,N,10029.54484,E,012212.00,A,D*7F
1777598533.309,$GNRMC,012213.00,A,1339.10149,N,10029.54406,E,2.759,259.78,010526,0.53,W,R,V*51
1777598533.311,$GNVTG,259.78,T,260.31,M,2.759,N,5.110,K,D*33
1777598533.312,$GNGGA,012213.00,1339.10149,N,10029.54406,E,4,12,0.59,-0.9,M,-27.8,M,1.0,0499*68
1777598533.313,$GNGSA,A,3,07,14,01,06,17,41,30,19,03,,,,1.24,0.59,1.09,1*0C
1777598533.313,$GNGSA,A,3,73,80,84,83,,,,,,,,,1.24,0.59,1.09,2*0A
1777598533.314,$GNGSA,A,3,25,30,03,02,08,15,34,36,,,,,1.24,0.59,1.09,3*0B
1777598533.314,$GNGSA,A,3,08,07,10,23,06,25,28,13,,,,,1.24,0.59,1.09,4*01
1777598533.315,$GPGSV,3,1,12,01,35,040,39,03,24,102,38,06,36,212,38,07,51,172,43,1*68
1777598533.316,$GPGSV,3,2,12,14,44,354,40,17,44,321,37,19,31,283,42,22,33,340,27,1*60
1777598533.317,$GPGSV,3,3,12,30,70,250,46,40,36,256,43,41,64,233,46,42,70,217,46,1*61
1777598533.318,$GPGSV,2,1,07,01,35,040,42,03,24,102,37,06,36,212,40,07,51,172,41,6*64
1777598533.319,$GPGSV,2,2,07,14,44,354,43,17,44,321,36,30,70,250,45,6*55
1777598533.319,$GPGSV,1,1,03,02,05,036,,09,06,170,,50,56,115,,0*5E
1777598533.320,$GLGSV,2,1,06,73,37,350,32,79,17,129,31,80,57,079,50,82,11,023,31,1*72
1777598533.321,$GLGSV,2,2,06,83,60,354,46,84,50,236,46,1*7F
1777598533.322,$GLGSV,2,1,06,73,37,350,38,79,17,129,32,80,57,079,49,82,11,023,28,3*79
1777598533.322,$GLGSV,2,2,06,83,60,354,45,84,50,236,47,3*7F
1777598533.323,$GLGSV,1,1,01,85,08,217,,0*49
1777598533.323,$GAGSV,3,1,09,02,45,014,48,03,19,195,43,08,23,249,45,15,18,206,39,2*72
1777598533.324,$GAGSV,3,2,09,18,42,294,40,25,29,082,43,30,17,320,45,34,67,179,52,2*70
1777598533.324,$GAGSV,3,3,09,36,51,048,48,2*4E
1777598533.325,$GAGSV,3,1,09,02,45,014,47,03,19,195,39,08,23,249,39,15,18,206,32,7*75
1777598533.326,$GAGSV,3,2,09,25,29,082,42,30,17,320,32,32,26,223,38,34,67,179,46,7*78
1777598533.326,$GAGSV,3,3,09,36,51,048,42,7*41
1777598533.327,$GAGSV,1,1,02,07,04,295,,11,04,035,,0*79
1777598533.328,$GBGSV,2,1,08,06,24,148,39,07,54,159,41,08,46,005,40,10,65,157,47,1*7D
1777598533.328,$GBGSV,2,2,08,13,66,317,43,23,61,346,47,25,59,116,47,28,51,260,47,1*7D
1777598533.329,$GBGSV,1,1,02,10,65,157,49,23,61,346,13,3*7F
1777598533.329,$GBGSV,1,1,01,09,16,171,,0*4F
1777598533.330,$GNGLL,1339.10149,N,10029.54406,E,012213.00,A,D*7D
1777598534.312,$GNRMC,012214.00,A,1339.10135,N,10029.54330,E,2.775,260.56,010526,0.53,W,R,V*57
1777598534.313,$GNVTG,260.56,T,261.09,M,2.775,N,5.139,K,D*3A
1777598534.315,$GNGGA,012214.00,1339.10135,N,10029.54330,E,4,12,0.58,-0.9,M,-27.8,M,1.0,0499*67
1777598534.316,$GNGSA,A,3,07,14,01,06,17,30,19,03,,,,,1.18,0.58,1.03,1*0D
1777598534.316,$GNGSA,A,3,73,80,84,83,79,,,,,,,,1.18,0.58,1.03,2*00
1777598534.317,$GNGSA,A,3,25,30,03,02,08,15,34,36,,,,,1.18,0.58,1.03,3*0F
1777598534.317,$GNGSA,A,3,08,07,10,23,06,25,28,13,,,,,1.18,0.58,1.03,4*05
1777598534.318,$GPGSV,3,1,12,01,35,040,43,03,24,102,36,06,36,212,42,07,51,172,42,1*67
1777598534.319,$GPGSV,3,2,12,14,44,354,30,17,44,321,35,19,31,283,37,22,33,340,28,1*68
1777598534.319,$GPGSV,3,3,12,30,70,250,48,40,36,256,42,41,64,233,47,42,70,217,45,1*6C
1777598534.320,$GPGSV,2,1,07,01,35,040,38,03,24,102,40,06,36,212,43,07,51,172,43,6*68
1777598534.320,$GPGSV,2,2,07,14,44,354,28,17,44,321,37,30,70,250,45,6*59
1777598534.321,$GPGSV,1,1,03,02,05,036,,09,06,170,,50,56,115,,0*5E
1777598534.322,$GLGSV,2,1,06,73,37,350,29,79,17,129,26,80,57,079,48,82,11,023,27,1*70
1777598534.322,$GLGSV,2,2,06,83,60,354,43,84,50,236,47,1*7B
1777598534.323,$GLGSV,2,1,06,73,37,350,33,79,17,129,34,80,57,079,49,82,11,023,33,3*7E
1777598534.323,$GLGSV,2,2,06,83,60,354,44,84,50,236,49,3*70
1777598534.323,$GLGSV,1,1,01,85,08,217,,0*49
1777598534.324,$GAGSV,3,1,09,02,45,014,48,03,19,195,33,08,23,249,43,15,18,206,40,2*7D
1777598534.325,$GAGSV,3,2,09,18,42,294,45,25,29,082,43,30,17,320,40,34,67,179,52,2*70
1777598534.325,$GAGSV,3,3,09,36,51,048,49,2*4F
1777598534.326,$GAGSV,3,1,10,02,45,014,41,03,19,195,31,08,23,249,39,15,18,206,39,7*78
1777598534.326,$GAGSV,3,2,10,18,42,294,34,25,29,082,42,30,17,320,27,32,26,223,35,7*75
1777598534.327,$GAGSV,3,3,10,34,67,179,46,36,51,048,44,7*74
1777598534.327,$GAGSV,1,1,02,07,04,295,,11,04,035,,0*79
1777598534.328,$GBGSV,2,1,08,06,24,148,39,07,54,159,42,08,46,005,41,10,65,157,47,1*7F
1777598534.328,$GBGSV,2,2,08,13,66,317,43,23,61,346,46,25,59,116,49,28,51,260,48,1*7D
1777598534.329,$GBGSV,1,1,02,10,65,157,49,23,61,346,10,3*7C
1777598534.329,$GBGSV,1,1,01,09,16,171,,0*4F
1777598534.330,$GNGLL,1339.10135,N,10029.54330,E,012214.00,A,D*73
1777598535.309,$GNRMC,012215.00,A,1339.10116,N,10029.54250,E,2.869,256.46,010526,0.53,W,R,V*56
1777598535.311,$GNVTG,256.46,T,256.99,M,2.869,N,5.313,K,D*3B
1777598535.313,$GNGGA,012215.00,1339.10116,N,10029.54250,E,4,12,0.59,-0.9,M,-27.8,M,1.0,0499*61
1777598535.313,$GNGSA,A,3,07,14,01,41,06,17,30,19,03,,,,1.19,0.59,1.03,1*08
1777598535.314,$GNGSA,A,3,80,84,83,79,,,,,,,,,1.19,0.59,1.03,2*04
1777598535.314,$GNGSA,A,3,25,30,03,02,08,15,34,36,,,,,1.19,0.59,1.03,3*0F
1777598535.315,$GNGSA,A,3,08,07,10,23,06,25,28,13,,,,,1.19,0.59,1.03,4*05
1777598535.315,$GPGSV,3,1,12,01,35,040,43,03,24,102,39,06,36,212,44,07,51,172,44,1*68
1777598535.316,$GPGSV,3,2,12,14,44,354,36,17,44,321,32,19,31,283,42,22,33,340,29,1*6A
1777598535.317,$GPGSV,3,3,12,30,70,250,47,40,36,256,42,41,64,233,47,42,70,217,43,1*65
1777598535.317,$GPGSV,2,1,07,01,35,040,44,03,24,102,38,06,36,212,43,07,51,172,43,6*6C
1777598535.318,$GPGSV,2,2,07,14,44,354,40,17,44,321,34,30,70,250,44,6*55
1777598535.319,$GPGSV,1,1,03,02,05,036,,09,06,170,,50,56,115,,0*5E
1777598535.319,$GLGSV,2,1,06,73,37,350,30,79,17,129,36,80,57,079,49,82,11,023,27,1*78
1777598535.320,$GLGSV,2,2,06,83,60,354,41,84,50,236,47,1*79
1777598535.320,$GLGSV,2,1,06,73,37,350,31,79,17,129,38,80,57,079,46,82,11,023,27,3*7A
1777598535.321,$GLGSV,2,2,06,83,60,354,34,84,50,236,49,3*77
1777598535.321,$GLGSV,1,1,01,85,08,217,,0*49
1777598535.322,$GAGSV,3,1,09,02,45,014,38,03,19,195,36,08,23,249,46,15,18,206,43,2*79
1777598535.322,$GAGSV,3,2,09,18,42,294,43,25,29,082,47,30,17,320,42,34,67,179,51,2*73
1777598535.323,$GAGSV,3,3,09,36,51,048,48,2*4E
1777598535.323,$GAGSV,3,1,10,02,45,014,40,03,19,195,37,08,23,249,39,15,18,206,39,7*7F
1777598535.324,$GAGSV,3,2,10,18,42,294,30,25,29,082,42,30,17,320,35,32,26,223,44,7*74
1777598535.325,$GAGSV,3,3,10,34,67,179,46,36,51,048,42,7*72
1777598535.325,$GAGSV,1,1,02,07,04,295,,11,04,035,,0*79
1777598535.326,$GBGSV,2,1,08,06,24,148,35,07,53,160,46,08,46,005,35,10,65,157,47,1*79
1777598535.326,$GBGSV,2,2,08,13,66,317,42,23,61,346,38,25,59,116,49,28,51,260,49,1*74
1777598535.327,$GBGSV,1,1,02,10,65,157,48,23,61,346,08,3*74
1777598535.327,$GBGSV,1,1,01,09,16,171,,0*4F
1777598535.328,$GNGLL,1339.10116,N,10029.54250,E,012215.00,A,D*74
1777598536.310,$GNRMC,012216.00,A,1339.10097,N,10029.54171,E,2.883,254.36,010526,0.53,W,R,V*5C
1777598536.312,$GNVTG,254.36,T,254.89,M,2.883,N,5.339,K,D*31
1777598536.313,$GNGGA,012216.00,1339.10097,N,10029.54171,E,4,12,0.58,-0.9,M,-27.8,M,1.0,0499*6B
1777598536.314,$GNGSA,A,3,07,14,01,41,22,06,17,30,19,03,,,1.19,0.58,1.04,1*0E
1777598536.314,$GNGSA,A,3,80,84,83,79,,,,,,,,,1.19,0.58,1.04,2*02
1777598536.314,$GNGSA,A,3,25,30,03,02,08,15,34,36,,,,,1.19,0.58,1.04,3*09
1777598536.315,$GNGSA,A,3,08,07,10,06,25,28,13,,,,,,1.19,0.58,1.04,4*02
1777598536.315,$GPGSV,3,1,12,01,35,040,37,03,24,102,34,06,36,212,43,07,51,172,43,1*66
1777598536.316,$GPGSV,3,2,12,14,44,354,31,17,44,321,40,19,31,283,40,22,33,340,32,1*60
1777598536.317,$GPGSV,3,3,12,30,70,250,48,40,36,256,42,41,64,233,47,42,70,217,45,1*6C
1777598536.317,$GPGSV,2,1,07,01,35,040,43,03,24,102,40,06,36,212,43,07,51,172,43,6*64
1777598536.318,$GPGSV,2,2,07,14,44,354,36,17,44,321,38,30,70,250,46,6*5A
1777598536.318,$GPGSV,1,1,03,02,05,036,,09,06,170,,50,56,115,,0*5E
1777598536.319,$GLGSV,2,1,06,73,37,350,33,79,17,129,29,80,57,079,48,82,11,023,28,1*7B
1777598536.319,$GLGSV,2,2,06,83,60,354,43,84,50,236,47,1*7B
1777598536.320,$GLGSV,2,1,06,73,37,350,31,79,17,129,41,80,57,079,49,82,11,023,27,3*7B
1777598536.320,$GLGSV,2,2,06,83,60,354,39,84,50,236,49,3*7A
1777598536.321,$GLGSV,1,1,01,85,08,217,,0*49
1777598536.321,$GAGSV,3,1,09,02,45,014,41,03,19,195,44,08,23,249,46,15,18,206,46,2*77
1777598536.322,$GAGSV,3,2,09,18,42,294,47,25,29,082,43,30,17,320,44,34,67,179,51,2*75
1777598536.322,$GAGSV,3,3,09,36,51,048,46,2*40
1777598536.323,$GAGSV,3,1,10,02,45,014,37,03,19,195,38,08,23,249,41,15,18,206,39,7*7F
1777598536.324,$GAGSV,3,2,10,18,42,294,39,25,29,082,39,30,17,320,29,32,26,223,43,7*7B
1777598536.324,$GAGSV,3,3,10,34,67,179,45,36,51,048,42,7*71
1777598536.324,$GAGSV,1,1,02,07,04,295,,11,04,035,,0*79
1777598536.325,$GBGSV,2,1,08,06,24,148,40,07,53,160,48,08,45,005,36,10,65,157,46,1*74
1777598536.326,$GBGSV,2,2,08,13,66,317,42,23,61,346,41,25,59,116,50,28,51,260,48,1*73
1777598536.326,$GBGSV,1,1,02,10,65,157,49,23,61,346,08,3*75
1777598536.326,$GBGSV,1,1,01,09,16,171,,0*4F
1777598536.327,$GNGLL,1339.10097,N,10029.54171,E,012216.00,A,D*7F
1777598537.312,$GNRMC,012217.00,A,1339.10073,N,10029.54092,E,2.959,251.83,010526,0.53,W,R,V*56
1777598537.314,$GNVTG,251.83,T,252.36,M,2.959,N,5.481,K,D*3A
1777598537.316,$GNGGA,012217.00,1339.10073,N,10029.54092,E,4,12,0.59,-0.9,M,-27.8,M,1.0,0499*6D
1777598537.316,$GNGSA,A,3,07,14,01,41,22,06,17,30,19,03,,,1.23,0.59,1.08,1*0A
1777598537.317,$GNGSA,A,3,80,84,83,,,,,,,,,,1.23,0.59,1.08,2*08
1777598537.317,$GNGSA,A,3,25,30,03,02,08,15,34,36,,,,,1.23,0.59,1.08,3*0D
1777598537.318,$GNGSA,A,3,08,07,10,06,23,25,28,13,,,,,1.23,0.59,1.08,4*07
1777598537.318,$GPGSV,3,1,12,01,35,040,35,03,24,102,38,06,36,212,42,07,51,172,45,1*6F
1777598537.319,$GPGSV,3,2,12,14,44,354,27,17,44,321,39,19,31,283,42,22,33,340,36,1*6F
1777598537.320,$GPGSV,3,3,12,30,70,250,47,40,36,256,42,41,64,233,45,42,70,217,46,1*62
1777598537.320,$GPGSV,2,1,07,01,35,040,37,03,24,102,36,06,36,212,45,07,51,172,43,6*60
1777598537.321,$GPGSV,2,2,07,14,44,354,30,17,44,321,36,30,70,250,46,6*52
1777598537.321,$GPGSV,1,1,03,02,05,036,,09,06,170,,50,56,115,,0*5E
1777598537.322,$GLGSV,2,1,06,73,37,350,28,79,17,129,39,80,57,079,46,82,11,023,32,1*75
1777598537.322,$GLGSV,2,2,06,83,60,354,39,84,50,236,49,1*78
1777598537.323,$GLGSV,2,1,06,73,37,350,35,79,17,129,34,80,57,079,46,82,11,023,31,3*75
1777598537.324,$GLGSV,2,2,06,83,60,354,40,84,50,236,48,3*75
1777598537.324,$GLGSV,1,1,01,85,08,217,,0*49
1777598537.325,$GAGSV,3,1,09,02,45,014,43,03,19,195,43,08,23,249,45,15,18,206,43,2*74
1777598537.325,$GAGSV,3,2,09,18,42,294,47,25,29,082,43,30,17,320,44,34,67,179,52,2*76
1777598537.326,$GAGSV,3,3,09,36,51,048,47,2*41
1777598537.326,$GAGSV,3,1,10,02,45,014,34,03,19,195,40,08,23,249,38,15,18,206,40,7*73
1777598537.327,$GAGSV,3,2,10,18,42,294,44,25,29,082,42,30,17,320,32,32,26,223,42,7*76
1777598537.327,$GAGSV,3,3,10,34,67,179,47,36,51,048,44,7*75
1777598537.328,$GAGSV,1,1,02,07,04,295,,11,04,035,,0*79
1777598537.328,$GBGSV,2,1,08,06,24,148,42,07,53,160,44,08,45,005,39,10,65,157,47,1*74
1777598537.329,$GBGSV,2,2,08,13,66,317,46,23,61,346,35,25,59,116,50,28,51,260,48,1*74
1777598537.329,$GBGSV,1,1,02,10,65,157,50,23,61,346,08,3*7D
1777598537.330,$GBGSV,1,1,01,09,16,170,,0*4E
1777598537.330,$GNGLL,1339.10073,N,10029.54092,E,012217.00,A,D*78
1777598538.308,$GNRMC,012218.00,A,1339.10047,N,10029.54016,E,2.930,250.08,010526,0.53,W,R,V*5F
1777598538.310,$GNVTG,250.08,T,250.61,M,2.930,N,5.427,K,D*3B
1777598538.312,$GNGGA,012218.00,1339.10047,N,10029.54016,E,4,12,0.58,-0.9,M,-27.8,M,1.0,0499*68
1777598538.312,$GNGSA,A,3,07,01,41,22,06,17,30,19,03,,,,1.19,0.58,1.04,1*0B
1777598538.313,$GNGSA,A,3,79,80,84,83,73,,,,,,,,1.19,0.58,1.04,2*06
1777598538.313,$GNGSA,A,3,25,30,03,02,08,15,34,36,,,,,1.19,0.58,1.04,3*09
1777598538.314,$GNGSA,A,3,08,07,10,06,25,28,13,,,,,,1.19,0.58,1.04,4*02
1777598538.315,$GPGSV,3,1,12,01,35,040,36,03,24,102,40,06,36,212,42,07,51,172,44,1*62
1777598538.315,$GPGSV,3,2,12,14,44,354,32,17,44,321,40,19,31,283,41,22,33,340,39,1*69
1777598538.316,$GPGSV,3,3,12,30,70,250,47,40,36,256,44,41,64,233,47,42,70,217,46,1*66
1777598538.317,$GPGSV,2,1,07,01,35,040,42,03,24,102,36,06,36,212,43,07,51,172,42,6*65
1777598538.318,$GPGSV,2,2,07,14,44,354,29,17,44,321,39,30,70,250,45,6*56
1777598538.318,$GPGSV,1,1,03,02,05,036,,09,06,170,,50,56,115,,0*5E
1777598538.319,$GLGSV,2,1,06,73,37,350,37,79,17,129,38,80,57,079,49,82,11,023,27,1*71
1777598538.319,$GLGSV,2,2,06,83,60,354,36,84,50,236,48,1*76
1777598538.320,$GLGSV,2,1,06,73,37,350,37,79,17,129,36,80,57,079,49,82,11,023,28,3*72
1777598538.320,$GLGSV,2,2,06,83,60,354,40,84,50,236,48,3*75
1777598538.321,$GLGSV,1,1,01,85,08,217,,0*49
1777598538.321,$GAGSV,3,1,09,02,45,014,43,03,19,195,45,08,23,249,45,15,18,206,43,2*72
1777598538.322,$GAGSV,3,2,09,18,42,294,48,25,29,082,45,30,17,320,39,34,67,179,51,2*76
1777598538.322,$GAGSV,3,3,09,36,51,048,48,2*4E
1777598538.323,$GAGSV,3,1,10,02,45,014,39,03,19,195,40,08,23,249,38,15,18,206,38,7*71
1777598538.324,$GAGSV,3,2,10,18,42,294,42,25,29,082,39,30,17,320,28,32,26,223,40,7*75
1777598538.324,$GAGSV,3,3,10,34,67,179,45,36,51,048,43,7*70
1777598538.324,$GAGSV,1,1,02,07,04,295,,11,04,035,,0*79
1777598538.325,$GBGSV,2,1,08,06,24,148,43,07,53,160,44,08,45,005,35,10,65,158,46,1*77
1777598538.326,$GBGSV,2,2,08,13,66,317,50,23,61,346,45,25,59,116,48,28,51,260,48,1*7D
1777598538.326,$GBGSV,1,1,02,10,65,158,48,23,61,346,07,3*74
1777598538.326,$GBGSV,1,1,01,09,16,170,,0*4E
1777598538.327,$GNGLL,1339.10047,N,10029.54016,E,012218.00,A,D*7C
1777598539.314,$GNRMC,012219.00,A,1339.10022,N,10029.53938,E,2.839,249.50,010526,0.53,W,R,V*52
1777598539.316,$GNVTG,249.50,T,250.03,M,2.839,N,5.257,K,D*33
1777598539.318,$GNGGA,012219.00,1339.10022,N,10029.53938,E,4,12,0.59,-0.9,M,-27.8,M,1.0,0499*69
1777598539.318,$GNGSA,A,3,07,01,41,22,06,17,14,30,19,03,,,1.23,0.59,1.08,1*0A
1777598539.319,$GNGSA,A,3,80,84,83,,,,,,,,,,1.23,0.59,1.08,2*08
1777598539.319,$GNGSA,A,3,25,30,03,02,08,15,34,36,,,,,1.23,0.59,1.08,3*0D
1777598539.320,$GNGSA,A,3,08,23,07,10,06,25,28,13,,,,,1.23,0.59,1.08,4*07
1777598539.320,$GPGSV,3,1,12,01,35,040,29,03,24,102,36,06,36,212,41,07,51,172,45,1*6F
1777598539.321,$GPGSV,3,2,12,14,44,354,35,17,44,321,43,19,31,283,40,22,33,340,43,1*61
1777598539.322,$GPGSV,3,3,12,30,70,250,47,40,36,256,39,41,64,233,48,42,70,217,46,1*63
1777598539.322,$GPGSV,2,1,07,01,35,040,38,03,24,102,36,06,36,212,43,07,51,172,42,6*68
1777598539.323,$GPGSV,2,2,07,14,44,354,41,17,44,321,42,30,70,250,44,6*55
1777598539.323,$GPGSV,1,1,03,02,05,036,,09,06,170,,50,56,115,,0*5E
1777598539.324,$GLGSV,2,1,06,73,37,350,43,79,17,129,40,80,57,079,48,82,11,023,26,1*7D
1777598539.324,$GLGSV,2,2,06,83,60,354,44,84,50,236,48,1*73
1777598539.325,$GLGSV,2,1,06,73,37,350,45,79,17,129,36,80,57,079,48,82,11,023,28,3*76
1777598539.325,$GLGSV,2,2,06,83,60,354,46,84,50,236,48,3*73
1777598539.326,$GLGSV,1,1,01,85,08,217,,0*49
1777598539.326,$GAGSV,3,1,09,02,45,014,34,03,19,195,44,08,23,249,42,15,18,206,45,2*72
1777598539.327,$GAGSV,3,2,09,18,42,294,48,25,29,082,45,30,17,320,41,34,67,179,51,2*79
1777598539.327,$GAGSV,3,3,09,36,51,048,47,2*41
1777598539.328,$GAGSV,3,1,10,02,45,014,34,03,19,195,40,08,23,249,37,15,18,206,40,7*7C
1777598539.329,$GAGSV,3,2,10,18,42,294,43,25,29,082,40,30,17,320,29,32,26,223,41,7*7A
1777598539.329,$GAGSV,3,3,10,34,67,179,44,36,51,048,41,7*73
1777598539.329,$GAGSV,1,1,02,07,04,295,,11,04,035,,0*79
1777598539.330,$GBGSV,2,1,08,06,24,148,41,07,53,160,45,08,45,005,32,10,65,158,46,1*73
1777598539.331,$GBGSV,2,2,08,13,66,317,50,23,61,346,47,25,59,116,48,28,51,260,47,1*70
1777598539.331,$GBGSV,1,1,02,10,65,158,48,23,61,346,08,3*7B
1777598539.331,$GBGSV,1,1,01,09,16,170,,0*4E
1777598539.332,$GNGLL,1339.10022,N,10029.53938,E,012219.00,A,D*7C
1777598540.309,$GNRMC,012220.00,A,1339.09994,N,10029.53863,E,2.846,248.06,010526,0.53,W,R,V*51
1777598540.311,$GNVTG,248.06,T,248.59,M,2.846,N,5.271,K,D*3B
1777598540.313,$GNGGA,012220.00,1339.09994,N,10029.53863,E,4,12,0.60,-0.9,M,-27.8,M,1.0,0499*6A
1777598540.314,$GNGSA,A,3,07,41,22,06,17,14,30,19,03,,,,1.18,0.60,1.02,1*03
1777598540.314,$GNGSA,A,3,73,80,84,83,79,,,,,,,,1.18,0.60,1.02,2*0A
1777598540.314,$GNGSA,A,3,25,30,03,08,15,34,36,,,,,,1.18,0.60,1.02,3*07
1777598540.315,$GNGSA,A,3,08,23,07,10,06,25,28,13,,,,,1.18,0.60,1.02,4*0F
1777598540.315,$GPGSV,3,1,12,01,35,040,28,03,24,102,36,06,36,212,42,07,51,172,44,1*6C
1777598540.316,$GPGSV,3,2,12,14,44,354,38,17,44,321,44,19,31,283,36,22,33,340,37,1*69
1777598540.317,$GPGSV,3,3,12,30,70,250,47,40,36,256,40,41,64,233,47,42,70,217,46,1*62
1777598540.317,$GPGSV,2,1,07,01,35,040,37,03,24,102,36,06,36,212,43,07,51,172,43,6*66
1777598540.318,$GPGSV,2,2,07,14,44,354,42,17,44,321,42,30,70,250,44,6*56
1777598540.318,$GPGSV,1,1,03,02,05,036,,09,06,170,,50,56,115,,0*5E
1777598540.319,$GLGSV,2,1,06,73,37,350,41,79,17,129,32,80,57,079,47,82,11,023,27,1*74
1777598540.319,$GLGSV,2,2,06,83,60,354,48,84,50,236,48,1*7F
1777598540.320,$GLGSV,2,1,06,73,37,350,45,79,17,129,41,80,57,079,48,82,11,023,23,3*7D
1777598540.321,$GLGSV,2,2,06,83,60,354,49,84,50,236,48,3*7C
1777598540.321,$GLGSV,1,1,01,85,08,217,,0*49
1777598540.322,$GAGSV,3,1,09,02,45,014,45,03,19,195,44,08,23,249,44,15,18,206,45,2*72
1777598540.322,$GAGSV,3,2,09,18,42,294,49,25,29,082,45,30,17,320,39,34,67,179,51,2*77
1777598540.323,$GAGSV,3,3,09,36,51,048,49,2*4F
1777598540.323,$GAGSV,3,1,09,03,19,195,39,08,23,249,38,15,18,206,40,18,42,294,43,7*73
1777598540.324,$GAGSV,3,2,09,25,29,082,42,30,17,320,22,32,26,223,40,34,67,179,46,7*76
1777598540.324,$GAGSV,3,3,09,36,51,048,41,7*42
1777598540.325,$GAGSV,1,1,02,07,04,295,,11,04,035,,0*79
1777598540.325,$GBGSV,2,1,08,06,24,148,38,07,53,160,44,08,45,005,38,10,65,158,47,1*77
1777598540.326,$GBGSV,2,2,08,13,66,317,50,23,61,346,49,25,59,116,49,28,51,260,48,1*70
1777598540.326,$GBGSV,1,1,02,10,65,158,48,23,61,346,08,3*7B
1777598540.327,$GBGSV,1,1,01,09,16,170,,0*4E
1777598540.327,$GNGLL,1339.09994,N,10029.53863,E,012220.00,A,D*75
1777598541.309,$GNRMC,012221.00,A,1339.09963,N,10029.53786,E,2.937,246.32,010526,0.53,W,R,V*52
1777598541.311,$GNVTG,246.32,T,246.85,M,2.937,N,5.440,K,D*3E
1777598541.313,$GNGGA,012221.00,1339.09963,N,10029.53786,E,4,12,0.59,-0.9,M,-27.8,M,1.0,0499*6D
1777598541.313,$GNGSA,A,3,07,22,06,17,14,30,19,03,,,,,1.18,0.59,1.02,1*0C
1777598541.314,$GNGSA,A,3,73,80,84,83,79,,,,,,,,1.18,0.59,1.02,2*00
1777598541.314,$GNGSA,A,3,25,30,02,03,08,15,34,36,,,,,1.18,0.59,1.02,3*0F
1777598541.315,$GNGSA,A,3,08,23,07,10,06,25,28,13,,,,,1.18,0.59,1.02,4*05
1777598541.315,$GPGSV,3,1,12,01,35,040,34,03,24,102,36,06,36,212,42,07,51,172,45,1*60
1777598541.316,$GPGSV,3,2,12,14,44,354,42,17,44,321,44,19,31,283,36,22,33,340,41,1*65
1777598541.317,$GPGSV,3,3,12,30,70,250,48,40,36,256,43,41,64,233,47,42,70,217,46,1*6E
1777598541.317,$GPGSV,2,1,07,01,35,040,22,03,24,102,36,06,36,212,42,07,51,172,43,6*63
1777598541.318,$GPGSV,2,2,07,14,44,354,44,17,44,321,43,30,70,250,45,6*50
1777598541.319,$GPGSV,1,1,03,02,05,036,,09,06,170,,50,56,115,,0*5E
1777598541.319,$GLGSV,2,1,06,73,37,350,47,79,17,129,37,80,57,079,48,82,11,023,37,1*79
1777598541.320,$GLGSV,2,2,06,83,60,354,47,84,50,236,47,1*7F
1777598541.320,$GLGSV,2,1,06,73,37,350,49,79,17,129,40,80,57,079,48,82,11,023,37,3*75
1777598541.321,$GLGSV,2,2,06,83,60,354,49,84,50,236,48,3*7C
1777598541.321,$GLGSV,1,1,01,85,08,217,,0*49
1777598541.322,$GAGSV,3,1,09,02,45,014,44,03,19,195,44,08,23,249,44,15,18,206,45,2*73
1777598541.323,$GAGSV,3,2,09,18,42,294,47,25,29,082,45,30,17,320,37,34,67,179,50,2*76
1777598541.323,$GAGSV,3,3,09,36,51,048,48,2*4E
1777598541.323,$GAGSV,3,1,10,02,45,014,39,03,19,195,40,08,23,249,38,15,18,206,41,7*7F
1777598541.324,$GAGSV,3,2,10,18,42,294,41,25,29,082,42,30,17,320,25,32,26,223,41,7*76
1777598541.325,$GAGSV,3,3,10,34,67,179,46,36,51,048,41,7*71
1777598541.325,$GAGSV,1,1,02,07,04,295,,11,04,035,,0*79
1777598541.326,$GBGSV,2,1,08,06,24,148,38,07,53,160,45,08,45,005,42,10,65,158,47,1*7B
1777598541.326,$GBGSV,2,2,08,13,65,319,49,23,61,346,49,25,59,116,49,28,51,260,48,1*75
1777598541.327,$GBGSV,1,1,02,10,65,158,49,23,61,346,07,3*75
1777598541.327,$GBGSV,1,1,01,09,16,170,,0*4E
1777598541.328,$GNGLL,1339.09963,N,10029.53786,E,012221.00,A,D*78
1777598542.309,$GNRMC,012222.00,A,1339.09930,N,10029.53710,E,2.933,245.79,010526,0.53,W,R,V*50
1777598542.311,$GNVTG,245.79,T,246.32,M,2.933,N,5.431,K,D*3C
1777598542.312,$GNGGA,012222.00,1339.09930,N,10029.53710,E,4,12,0.59,-0.9,M,-27.8,M,1.0,0499*67
1777598542.313,$GNGSA,A,3,07,22,06,17,14,30,19,03,,,,,1.18,0.59,1.02,1*0C
1777598542.313,$GNGSA,A,3,73,80,84,83,79,,,,,,,,1.18,0.59,1.02,2*00
1777598542.314,$GNGSA,A,3,25,30,02,03,08,15,34,36,,,,,1.18,0.59,1.02,3*0F
1777598542.314,$GNGSA,A,3,08,23,07,10,06,25,28,13,,,,,1.18,0.59,1.02,4*05
1777598542.315,$GPGSV,3,1,12,01,35,040,36,03,24,102,33,06,36,212,39,07,51,172,44,1*6A
1777598542.315,$GPGSV,3,2,12,14,44,354,44,17,44,321,44,19,31,283,33,22,33,340,41,1*66
1777598542.316,$GPGSV,3,3,12,30,70,250,48,40,36,256,43,41,64,233,46,42,70,217,46,1*6F
1777598542.317,$GPGSV,2,1,07,01,35,040,35,03,24,102,28,06,36,212,41,07,51,172,45,6*6F
1777598542.317,$GPGSV,2,2,07,14,44,354,47,17,44,321,43,30,70,250,45,6*53
1777598542.318,$GPGSV,1,1,03,02,05,036,,09,06,170,,50,56,115,,0*5E
1777598542.318,$GLGSV,2,1,06,73,37,350,46,79,17,129,36,80,57,079,47,82,11,023,37,1*76
1777598542.319,$GLGSV,2,2,06,83,60,354,49,84,50,236,47,1*71
1777598542.320,$GLGSV,2,1,06,73,37,350,50,79,17,129,39,80,57,079,47,82,11,023,38,3*73
1777598542.320,$GLGSV,2,2,06,83,60,354,49,84,50,236,47,3*73
1777598542.320,$GLGSV,1,1,01,85,08,217,,0*49
1777598542.321,$GAGSV,3,1,09,02,45,014,47,03,19,195,44,08,23,249,42,15,18,206,45,2*76
1777598542.322,$GAGSV,3,2,09,18,42,294,46,25,29,082,45,30,17,320,26,34,67,179,51,2*76
1777598542.322,$GAGSV,3,3,09,36,51,048,49,2*4F
1777598542.323,$GAGSV,3,1,10,02,45,014,41,03,19,195,39,08,23,249,37,15,18,206,39,7*7E
1777598542.323,$GAGSV,3,2,10,18,42,294,38,25,29,082,41,30,17,320,25,32,26,223,42,7*78
1777598542.324,$GAGSV,3,3,10,34,67,179,45,36,51,048,46,7*75
1777598542.324,$GAGSV,1,1,02,07,04,295,,11,04,035,,0*79
1777598542.325,$GBGSV,2,1,08,06,24,148,41,07,53,160,45,08,45,005,44,10,65,158,46,1*72
1777598542.325,$GBGSV,2,2,08,13,65,319,50,23,61,346,48,25,59,116,49,28,51,260,47,1*73
1777598542.326,$GBGSV,1,1,02,10,65,158,49,23,61,346,08,3*7A
1777598542.326,$GBGSV,1,1,01,09,16,170,,0*4E
1777598542.326,$GNGLL,1339.09930,N,10029.53710,E,012222.00,A,D*72
1777598543.308,$GNRMC,012223.00,A,1339.09895,N,10029.53635,E,3.013,243.52,010526,0.53,W,R,V*5C
1777598543.310,$GNVTG,243.52,T,244.05,M,3.013,N,5.580,K,D*34
1777598543.311,$GNGGA,012223.00,1339.09895,N,10029.53635,E,4,12,0.59,-0.9,M,-27.8,M,1.0,0499*6E
1777598543.312,$GNGSA,A,3,07,22,06,17,14,30,19,03,,,,,1.17,0.59,1.01,1*00
1777598543.312,$GNGSA,A,3,82,73,80,84,83,79,,,,,,,1.17,0.59,1.01,2*06
1777598543.313,$GNGSA,A,3,25,02,03,08,15,34,36,,,,,,1.17,0.59,1.01,3*00
1777598543.313,$GNGSA,A,3,08,23,07,10,06,25,28,13,,,,,1.17,0.59,1.01,4*09
1777598543.314,$GPGSV,3,1,12,01,35,040,22,03,24,102,33,06,36,212,39,07,51,172,44,1*6F
1777598543.314,$GPGSV,3,2,12,14,44,354,44,17,44,321,45,19,31,283,30,22,33,340,43,1*66
1777598543.315,$GPGSV,3,3,12,30,70,250,47,40,36,256,42,41,64,233,47,42,70,217,47,1*61
1777598543.316,$GPGSV,2,1,07,01,35,040,32,03,24,102,27,06,36,212,38,07,51,172,43,6*6F
1777598543.317,$GPGSV,2,2,07,14,44,354,44,17,44,321,42,30,70,250,45,6*51
1777598543.317,$GPGSV,1,1,03,02,05,036,,09,06,170,,50,56,115,,0*5E
1777598543.318,$GLGSV,2,1,06,73,37,350,47,79,17,129,31,80,57,079,48,82,11,023,38,1*70
1777598543.319,$GLGSV,2,2,06,83,60,354,49,84,50,236,47,1*71
1777598543.319,$GLGSV,2,1,06,73,37,350,49,79,17,129,32,80,57,079,49,82,11,023,38,3*7E
1777598543.320,$GLGSV,2,2,06,83,60,354,49,84,50,236,48,3*7C
1777598543.320,$GLGSV,1,1,01,85,08,217,,0*49
1777598543.321,$GAGSV,3,1,09,02,45,014,50,03,19,195,42,08,23,249,41,15,18,206,42,2*72
1777598543.322,$GAGSV,3,2,09,18,42,294,39,25,29,082,45,30,17,320,25,34,67,179,51,2*7D
1777598543.322,$GAGSV,3,3,09,36,51,048,49,2*4F
1777598543.323,$GAGSV,3,1,10,02,45,014,43,03,19,195,40,08,23,249,31,15,18,206,38,7*75
1777598543.323,$GAGSV,3,2,10,18,42,294,36,25,29,082,42,30,17,320,26,32,26,223,39,7*7A
1777598543.324,$GAGSV,3,3,10,34,67,179,45,36,51,048,44,7*77
1777598543.324,$GAGSV,1,1,02,07,04,295,,11,04,035,,0*79
1777598543.325,$GBGSV,2,1,08,06,24,148,43,07,53,160,45,08,45,005,46,10,65,158,46,1*72
1777598543.326,$GBGSV,2,2,08,13,65,319,49,23,61,346,48,25,59,116,48,28,51,260,45,1*78
1777598543.326,$GBGSV,1,1,01,10,65,158,49,3*46
1777598543.327,$GBGSV,1,1,01,09,16,170,,0*4E
1777598543.327,$GNGLL,1339.09895,N,10029.53635,E,012223.00,A,D*7B
1777598544.318,$GNRMC,012224.00,A,1339.09855,N,10029.53559,E,2.977,241.13,010526,0.53,W,R,V*53
1777598544.319,$GNVTG,241.13,T,241.66,M,2.977,N,5.513,K,D*33
1777598544.321,$GNGGA,012224.00,1339.09855,N,10029.53559,E,4,12,0.61,-0.9,M,-27.8,M,1.0,0499*67
1777598544.322,$GNGSA,A,3,07,22,06,17,14,30,41,19,03,,,,1.22,0.61,1.06,1*0F
1777598544.322,$GNGSA,A,3,82,73,80,84,83,,,,,,,,1.22,0.61,1.06,2*02
1777598544.323,$GNGSA,A,3,25,02,03,08,15,34,36,,,,,,1.22,0.61,1.06,3*0A
1777598544.323,$GNGSA,A,3,08,23,07,10,06,25,28,13,,,,,1.22,0.61,1.06,4*03
1777598544.324,$GPGSV,3,1,12,01,35,040,37,03,24,102,34,06,36,212,42,07,51,172,44,1*60
1777598544.324,$GPGSV,3,2,12,14,44,354,44,17,44,321,43,19,31,283,28,22,33,340,42,1*68
1777598544.325,$GPGSV,3,3,12,30,70,250,47,40,36,256,44,41,64,233,46,42,70,217,46,1*67
1777598544.325,$GPGSV,2,1,07,01,35,040,36,03,24,102,31,06,36,212,40,07,51,172,43,6*63
1777598544.326,$GPGSV,2,2,07,14,44,354,45,17,44,321,43,30,70,250,46,6*52
1777598544.326,$GPGSV,1,1,03,02,05,036,,09,06,170,,50,56,115,,0*5E
1777598544.327,$GLGSV,2,1,06,73,37,350,45,79,17,129,33,80,57,079,48,82,11,023,29,1*70
1777598544.327,$GLGSV,2,2,06,83,60,354,49,84,50,236,49,1*7F
1777598544.328,$GLGSV,2,1,06,73,37,350,49,79,17,129,33,80,57,079,48,82,11,023,39,3*7F
1777598544.329,$GLGSV,2,2,06,83,60,354,48,84,50,236,47,3*72
1777598544.329,$GLGSV,1,1,01,85,08,217,,0*49
1777598544.329,$GAGSV,3,1,09,02,45,014,50,03,19,195,44,08,23,249,37,15,18,206,40,2*77
1777598544.330,$GAGSV,3,2,09,18,42,294,37,25,29,082,45,30,17,320,37,34,67,179,51,2*70
1777598544.330,$GAGSV,3,3,09,36,51,048,51,2*46
1777598544.331,$GAGSV,3,1,10,02,45,014,45,03,19,195,39,08,23,249,37,15,18,206,36,7*75
1777598544.331,$GAGSV,3,2,10,18,42,294,30,25,29,082,42,30,17,320,27,32,26,223,38,7*7C
1777598544.332,$GAGSV,3,3,10,34,67,179,46,36,51,048,45,7*75
1777598544.332,$GAGSV,1,1,02,07,04,295,,11,04,035,,0*79
1777598544.333,$GBGSV,2,1,08,06,24,148,44,07,53,160,46,08,45,005,45,10,65,158,47,1*74
1777598544.333,$GBGSV,2,2,08,13,65,319,49,23,61,346,48,25,59,116,48,28,51,260,49,1*74
1777598544.334,$GBGSV,1,1,01,10,65,158,49,3*46
1777598544.334,$GBGSV,1,1,01,09,16,170,,0*4E
1777598544.334,$GNGLL,1339.09855,N,10029.53559,E,012224.00,A,D*79
1777598545.307,$GNRMC,012225.00,A,1339.09815,N,10029.53485,E,2.993,240.16,010526,0.53,W,R,V*58
1777598545.309,$GNVTG,240.16,T,240.69,M,2.993,N,5.543,K,D*36
1777598545.309,$GNGGA,012225.00,1339.09815,N,10029.53485,E,4,12,0.60,-0.9,M,-27.8,M,1.0,0499*63
1777598545.310,$GNGSA,A,3,07,22,06,17,14,30,01,19,,,,,1.16,0.60,1.00,1*08
1777598545.310,$GNGSA,A,3,82,73,80,84,83,,,,,,,,1.16,0.60,1.00,2*02
1777598545.311,$GNGSA,A,3,25,02,03,08,15,34,36,30,,,,,1.16,0.60,1.00,3*09
1777598545.311,$GNGSA,A,3,08,23,07,10,06,25,28,13,,,,,1.16,0.60,1.00,4*03
1777598545.312,$GPGSV,3,1,12,01,35,040,39,03,24,102,28,06,36,212,42,07,51,172,43,1*64
1777598545.313,$GPGSV,3,2,12,14,44,354,43,17,44,321,39,19,31,283,38,22,33,340,41,1*60
1777598545.313,$GPGSV,3,3,12,30,70,250,47,40,36,256,37,41,64,233,46,42,70,217,46,1*63
1777598545.314,$GPGSV,2,1,07,01,35,040,38,03,24,102,31,06,36,212,44,07,51,172,44,6*6E
1777598545.315,$GPGSV,2,2,07,14,44,354,46,17,44,321,41,30,70,250,44,6*51
1777598545.315,$GPGSV,1,1,03,02,05,036,,09,06,170,,50,56,115,,0*5E
1777598545.316,$GLGSV,2,1,06,73,37,350,46,79,17,129,37,80,57,079,48,82,11,023,28,1*76
1777598545.316,$GLGSV,2,2,06,83,60,354,48,84,50,236,45,1*72
1777598545.317,$GLGSV,2,1,06,73,37,350,47,79,17,129,38,80,57,079,48,82,11,023,31,3*72
1777598545.317,$GLGSV,2,2,06,83,60,354,48,84,50,236,47,3*72
1777598545.318,$GLGSV,1,1,01,85,08,217,,0*49
1777598545.318,$GAGSV,3,1,09,02,45,014,49,03,19,195,44,08,23,249,40,15,18,206,35,2*7D
1777598545.319,$GAGSV,3,2,09,18,42,294,31,25,29,082,45,30,17,320,34,34,67,179,51,2*75
1777598545.319,$GAGSV,3,3,09,36,51,048,51,2*46
1777598545.320,$GAGSV,3,1,09,02,45,014,43,03,19,195,37,08,23,249,32,15,18,206,32,7*74
1777598545.321,$GAGSV,3,2,09,25,29,082,41,30,17,320,27,32,26,223,42,34,67,179,45,7*71
1777598545.321,$GAGSV,3,3,09,36,51,048,44,7*47
1777598545.321,$GAGSV,1,1,02,07,04,295,,11,04,035,,0*79
1777598545.322,$GBGSV,2,1,08,06,24,148,44,07,53,160,47,08,45,005,46,10,65,158,47,1*76
1777598545.323,$GBGSV,2,2,08,13,65,319,46,23,61,346,49,25,59,116,49,28,51,260,50,1*73
1777598545.323,$GBGSV,1,1,01,10,65,158,49,3*46
1777598545.323,$GBGSV,1,1,01,09,16,170,,0*4E
1777598545.324,$GNGLL,1339.09815,N,10029.53485,E,012225.00,A,D*7C
1777598546.307,$GNRMC,012226.00,A,1339.09772,N,10029.53412,E,3.002,238.26,010526,0.53,W,R,V*57
1777598546.309,$GNVTG,238.26,T,238.79,M,3.002,N,5.559,K,D*3F
1777598546.310,$GNGGA,012226.00,1339.09772,N,10029.53412,E,4,12,0.60,-0.9,M,-27.8,M,1.0,0499*60
1777598546.310,$GNGSA,A,3,07,22,06,17,14,30,01,19,03,,,,1.29,0.60,1.15,1*03
1777598546.311,$GNGSA,A,3,79,73,80,84,83,,,,,,,,1.29,0.60,1.15,2*0E
1777598546.311,$GNGSA,A,3,25,02,03,08,15,34,36,,,,,,1.29,0.60,1.15,3*02
1777598546.312,$GNGSA,A,3,08,23,07,10,06,25,28,13,,,,,1.29,0.60,1.15,4*0B
1777598546.312,$GPGSV,3,1,12,01,35,040,41,03,24,102,33,06,36,212,44,07,51,172,45,1*61
1777598546.313,$GPGSV,3,2,12,14,44,354,42,17,44,321,32,19,31,283,42,22,33,340,41,1*67
1777598546.314,$GPGSV,3,3,12,30,70,250,48,40,36,256,42,41,64,233,47,42,70,217,46,1*6F
1777598546.314,$GPGSV,2,1,07,01,35,040,43,03,24,102,36,06,36,212,44,07,51,172,43,6*62
1777598546.315,$GPGSV,2,2,07,14,44,354,46,17,44,321,35,30,70,250,45,6*53
1777598546.316,$GPGSV,1,1,03,02,05,036,,09,06,170,,50,56,115,,0*5E
1777598546.316,$GLGSV,2,1,06,73,37,350,46,79,17,129,35,80,57,079,49,82,11,023,36,1*7A
1777598546.317,$GLGSV,2,2,06,83,60,354,47,84,50,236,48,1*70
1777598546.317,$GLGSV,2,1,06,73,37,350,51,79,17,129,38,80,57,079,49,82,11,023,31,3*74
1777598546.318,$GLGSV,2,2,06,83,60,354,48,84,50,236,47,3*72
1777598546.318,$GLGSV,1,1,01,85,08,217,,0*49
1777598546.319,$GAGSV,3,1,09,02,45,014,51,03,19,195,45,08,23,249,40,15,18,206,33,2*73
1777598546.319,$GAGSV,3,2,09,18,42,294,40,25,29,082,46,30,17,320,34,34,67,179,51,2*70
1777598546.320,$GAGSV,3,3,09,36,51,048,50,2*47
1777598546.320,$GAGSV,3,1,10,02,45,014,44,03,19,195,39,08,23,249,35,15,18,206,30,7*70
1777598546.321,$GAGSV,3,2,10,18,42,294,32,25,29,082,41,30,17,320,26,32,26,223,39,7*7D
1777598546.322,$GAGSV,3,3,10,34,67,179,45,36,51,048,45,7*76
1777598546.322,$GAGSV,1,1,02,07,04,295,,11,04,035,,0*79
1777598546.323,$GBGSV,2,1,08,06,24,148,44,07,53,160,46,08,45,005,46,10,65,158,47,1*77
1777598546.323,$GBGSV,2,2,08,13,65,319,43,23,62,346,47,25,59,116,48,28,51,260,49,1*72
1777598546.324,$GBGSV,1,1,01,10,65,158,48,3*47
1777598546.324,$GBGSV,1,1,01,09,16,170,,0*4E
1777598546.325,$GNGLL,1339.09772,N,10029.53412,E,012226.00,A,D*7F
1777598547.305,$GNRMC,012227.00,A,1339.09726,N,10029.53339,E,3.036,236.61,010526,0.53,W,R,V*53
1777598547.306,$GNVTG,236.61,T,237.14,M,3.036,N,5.622,K,D*3E
1777598547.308,$GNGGA,012227.00,1339.09726,N,10029.53339,E,4,12,0.62,-0.9,M,-27.8,M,1.0,0499*6C
1777598547.309,$GNGSA,A,3,07,22,06,17,14,30,01,19,41,,,,1.32,0.62,1.17,1*0F
1777598547.309,$GNGSA,A,3,79,73,80,84,83,,,,,,,,1.32,0.62,1.17,2*04
1777598547.310,$GNGSA,A,3,25,02,03,08,15,34,36,,,,,,1.32,0.62,1.17,3*08
1777598547.310,$GNGSA,A,3,08,23,07,10,06,25,28,13,,,,,1.32,0.62,1.17,4*01
1777598547.311,$GPGSV,3,1,12,01,35,040,43,03,24,102,29,06,36,212,42,07,51,172,44,1*6F
1777598547.311,$GPGSV,3,2,12,14,44,354,40,17,44,321,35,19,31,283,42,22,33,340,32,1*66
1777598547.312,$GPGSV,3,3,12,30,70,250,47,40,36,256,42,41,64,233,47,42,70,217,47,1*61
1777598547.313,$GPGSV,2,1,07,01,35,040,45,03,24,102,29,06,36,212,44,07,51,172,44,6*6D
1777598547.313,$GPGSV,2,2,07,14,44,354,42,17,44,321,40,30,70,250,46,6*56
1777598547.314,$GPGSV,1,1,03,02,05,036,,09,06,170,,50,56,115,,0*5E
1777598547.314,$GLGSV,2,1,06,73,37,350,43,79,17,129,36,80,57,079,47,82,11,023,36,1*72
1777598547.315,$GLGSV,2,2,06,83,60,354,47,84,50,236,49,1*71
1777598547.315,$GLGSV,2,1,06,73,37,350,47,79,17,129,39,80,57,079,49,82,11,023,38,3*7B
1777598547.316,$GLGSV,2,2,06,83,60,354,47,84,50,236,48,3*72
1777598547.316,$GLGSV,1,1,01,85,08,217,,0*49
1777598547.317,$GAGSV,3,1,09,02,45,014,48,03,19,195,44,08,23,249,38,15,18,206,33,2*75
1777598547.317,$GAGSV,3,2,09,18,42,294,44,25,29,082,47,30,17,320,24,34,67,179,51,2*74
1777598547.318,$GAGSV,3,3,09,36,51,048,50,2*47
1777598547.318,$GAGSV,3,1,10,02,45,014,44,03,19,195,41,08,23,249,32,15,18,206,22,7*7B
1777598547.319,$GAGSV,3,2,10,18,42,294,39,25,29,082,41,30,17,320,24,32,26,223,40,7*7A
1777598547.319,$GAGSV,3,3,10,34,67,179,45,36,51,048,45,7*76
1777598547.320,$GAGSV,1,1,02,07,04,295,,11,04,035,,0*79
1777598547.320,$GBGSV,2,1,08,06,24,148,42,07,53,160,46,08,45,005,46,10,65,158,47,1*71
1777598547.321,$GBGSV,2,2,08,13,65,319,45,23,62,346,39,25,59,118,48,28,51,260,48,1*72
1777598547.321,$GBGSV,1,1,01,10,65,158,49,3*46
1777598547.322,$GBGSV,1,1,01,09,16,170,,0*4E
1777598547.322,$GNGLL,1339.09726,N,10029.53339,E,012227.00,A,D*71
1777598548.313,$GNRMC,012228.00,A,1339.09678,N,10029.53267,E,3.009,236.62,010526,0.53,W,R,V*53
1777598548.315,$GNVTG,236.62,T,237.15,M,3.009,N,5.572,K,D*36
1777598548.316,$GNGGA,012228.00,1339.09678,N,10029.53267,E,4,12,0.62,-0.9,M,-27.8,M,1.0,0499*63
1777598548.317,$GNGSA,A,3,07,22,06,17,14,30,01,19,41,,,,1.32,0.62,1.17,1*0F
1777598548.317,$GNGSA,A,3,79,73,80,84,83,,,,,,,,1.32,0.62,1.17,2*04
1777598548.318,$GNGSA,A,3,25,02,03,08,15,34,36,,,,,,1.32,0.62,1.17,3*08
1777598548.318,$GNGSA,A,3,08,23,07,10,06,25,28,13,,,,,1.32,0.62,1.17,4*01
1777598548.319,$GPGSV,3,1,12,01,35,040,44,03,24,102,33,06,36,212,40,07,51,172,45,1*60
1777598548.319,$GPGSV,3,2,12,14,44,354,36,17,44,321,42,19,31,283,41,22,33,340,35,1*63
1777598548.320,$GPGSV,3,3,12,30,70,250,47,40,36,256,38,41,64,233,46,42,70,217,46,1*6C
1777598548.321,$GPGSV,2,1,07,01,35,040,43,03,24,102,33,06,36,212,43,07,51,172,44,6*67
1777598548.321,$GPGSV,2,2,07,14,44,354,32,17,44,321,40,30,70,250,44,6*53
1777598548.322,$GPGSV,1,1,03,02,05,036,,09,06,170,,50,56,115,,0*5E
1777598548.322,$GLGSV,2,1,06,73,37,350,33,79,17,129,38,80,57,079,49,82,11,023,34,1*77
1777598548.323,$GLGSV,2,2,06,83,60,354,40,84,50,236,48,1*77
1777598548.323,$GLGSV,2,1,06,73,37,350,29,79,17,129,37,80,57,079,49,82,11,023,34,3*71
1777598548.324,$GLGSV,2,2,06,83,60,354,43,84,50,236,48,3*76
1777598548.324,$GLGSV,1,1,01,85,08,217,,0*49
1777598548.325,$GAGSV,3,1,09,02,45,014,50,03,19,195,45,08,23,249,35,15,18,206,27,2*75
1777598548.325,$GAGSV,3,2,09,18,42,294,47,25,29,082,46,30,17,320,37,34,67,179,51,2*74
1777598548.326,$GAGSV,3,3,09,36,51,048,49,2*4F
1777598548.326,$GAGSV,3,1,10,02,45,014,43,03,19,195,40,08,23,249,31,15,18,206,23,7*7F
1777598548.327,$GAGSV,3,2,10,18,42,294,42,25,29,082,40,30,17,320,35,32,26,223,41,7*76
1777598548.327,$GAGSV,3,3,10,34,67,179,45,36,51,048,45,7*76
1777598548.328,$GAGSV,1,1,02,07,04,295,,11,04,035,,0*79
1777598548.328,$GBGSV,2,1,08,06,24,148,43,07,53,160,46,08,45,005,41,10,65,158,46,1*76
1777598548.329,$GBGSV,2,2,08,13,65,319,48,23,62,346,41,25,59,118,47,28,51,262,49,1*7C
1777598548.329,$GBGSV,1,1,01,10,65,158,49,3*46
1777598548.329,$GBGSV,1,1,01,09,16,170,,0*4E
1777598548.330,$GNGLL,1339.09678,N,10029.53267,E,012228.00,A,D*7E
1777598549.309,$GNRMC,012229.00,A,1339.09628,N,10029.53196,E,3.085,233.09,010526,0.53,W,R,V*56
1777598549.311,$GNVTG,233.09,T,233.62,M,3.085,N,5.713,K,D*3B
1777598549.312,$GNGGA,012229.00,1339.09628,N,10029.53196,E,4,12,0.57,-0.9,M,-27.8,M,1.0,0499*6C
1777598549.313,$GNGSA,A,3,07,06,17,30,01,03,19,41,,,,,1.09,0.57,0.93,1*0A
1777598549.313,$GNGSA,A,3,79,73,82,80,84,83,,,,,,,1.09,0.57,0.93,2*0D
1777598549.314,$GNGSA,A,3,25,02,03,30,15,34,36,,,,,,1.09,0.57,0.93,3*00
1777598549.314,$GNGSA,A,3,08,23,07,10,06,25,28,13,,,,,1.09,0.57,0.93,4*02
1777598549.315,$GPGSV,3,1,12,01,35,040,41,03,24,102,33,06,36,212,43,07,51,172,45,1*66
1777598549.316,$GPGSV,3,2,12,14,44,354,34,17,44,321,41,19,31,283,31,22,33,340,34,1*64
1777598549.316,$GPGSV,3,3,12,30,70,250,47,40,36,256,39,41,64,233,48,42,70,217,46,1*63
1777598549.317,$GPGSV,2,1,07,01,35,040,45,03,24,102,38,06,36,212,42,07,51,172,44,6*6B
1777598549.317,$GPGSV,2,2,07,14,44,354,32,17,44,321,41,30,70,250,45,6*53
1777598549.318,$GPGSV,1,1,03,02,05,036,,09,06,170,,50,56,115,,0*5E
1777598549.319,$GLGSV,2,1,06,73,37,350,38,79,17,129,35,80,57,079,49,82,11,023,35,1*70
1777598549.319,$GLGSV,2,2,06,83,60,354,44,84,50,236,47,1*7C
1777598549.320,$GLGSV,2,1,06,73,37,350,41,79,17,129,34,80,57,079,49,82,11,023,30,3*78
1777598549.320,$GLGSV,2,2,06,83,60,354,46,84,50,236,48,3*73
1777598549.321,$GLGSV,1,1,01,85,08,217,,0*49
1777598549.321,$GAGSV,3,1,09,02,45,014,47,03,19,195,45,08,23,249,38,15,18,206,19,2*73
1777598549.322,$GAGSV,3,2,09,18,42,294,44,25,29,082,45,30,17,320,38,34,67,179,51,2*7B
1777598549.322,$GAGSV,3,3,09,36,51,048,49,2*4F
1777598549.323,$GAGSV,3,1,09,02,45,014,43,03,19,195,38,15,18,206,24,18,42,294,42,7*7D
1777598549.324,$GAGSV,3,2,09,25,29,082,42,30,17,320,27,32,26,223,41,34,67,179,45,7*71
1777598549.324,$GAGSV,3,3,09,36,51,048,45,7*46
1777598549.324,$GAGSV,1,1,02,07,04,295,,11,04,035,,0*79
1777598549.325,$GBGSV,2,1,08,06,24,148,42,07,53,160,46,08,45,005,35,10,65,158,46,1*74
1777598549.326,$GBGSV,2,2,08,13,65,319,49,23,62,346,48,25,59,118,48,28,51,262,44,1*76
1777598549.326,$GBGSV,1,1,01,10,65,158,49,3*46
1777598549.326,$GBGSV,1,1,01,09,16,170,,0*4E
1777598549.327,$GNGLL,1339.09628,N,10029.53196,E,012229.00,A,D*77
1777598550.314,$GNRMC,012230.00,A,1339.09575,N,10029.53127,E,3.074,230.86,010526,0.53,W,R,V*55
1777598550.316,$GNVTG,230.86,T,231.39,M,3.074,N,5.693,K,D*34
1777598550.318,$GNGGA,012230.00,1339.09575,N,10029.53127,E,4,12,0.57,-0.9,M,-27.8,M,1.0,0499*65
1777598550.319,$GNGSA,A,3,07,22,06,17,30,01,03,14,19,,,,1.16,0.57,1.01,1*0E
1777598550.319,$GNGSA,A,3,79,73,80,84,83,,,,,,,,1.16,0.57,1.01,2*03
1777598550.319,$GNGSA,A,3,25,02,03,30,34,36,08,,,,,,1.16,0.57,1.01,3*08
1777598550.320,$GNGSA,A,3,08,23,07,10,06,25,28,13,,,,,1.16,0.57,1.01,4*06
1777598550.321,$GPGSV,3,1,12,01,35,040,41,03,24,102,39,06,36,212,45,07,51,172,45,1*6A
1777598550.321,$GPGSV,3,2,12,14,44,354,37,17,44,321,44,19,31,283,26,22,33,340,34,1*64
1777598550.322,$GPGSV,3,3,12,30,70,250,47,40,36,256,41,41,64,233,47,42,70,217,47,1*62
1777598550.323,$GPGSV,2,1,07,01,35,040,44,03,24,102,37,06,36,212,41,07,51,172,43,6*61
1777598550.323,$GPGSV,2,2,07,14,44,354,39,17,44,321,42,30,70,250,45,6*5B
1777598550.324,$GPGSV,1,1,03,02,05,036,,09,06,170,,50,56,115,,0*5E
1777598550.324,$GLGSV,2,1,06,73,37,350,39,79,17,129,34,80,57,079,48,82,11,023,34,1*70
1777598550.325,$GLGSV,2,2,06,83,60,354,46,84,50,236,48,1*71
1777598550.325,$GLGSV,2,1,06,73,37,350,33,79,17,129,35,80,57,079,49,82,11,023,34,3*78
1777598550.326,$GLGSV,2,2,06,83,60,354,48,84,50,236,48,3*7D
1777598550.326,$GLGSV,1,1,01,85,08,217,,0*49
1777598550.327,$GAGSV,3,1,09,02,45,014,43,03,19,195,45,08,23,249,43,15,18,206,27,2*76
1777598550.327,$GAGSV,3,2,09,18,42,294,46,25,29,082,46,30,17,320,39,34,67,179,51,2*7B
1777598550.328,$GAGSV,3,3,09,36,51,048,50,2*47
1777598550.328,$GAGSV,3,1,10,02,45,014,38,03,19,195,40,08,23,249,37,15,18,206,25,7*73
1777598550.329,$GAGSV,3,2,10,18,42,294,36,25,29,082,39,30,17,320,28,32,26,223,41,7*77
1777598550.329,$GAGSV,3,3,10,34,67,179,46,36,51,048,45,7*75
1777598550.330,$GAGSV,1,1,02,07,04,295,,11,04,035,,0*79
1777598550.330,$GBGSV,2,1,08,06,24,148,42,07,53,160,45,08,45,005,37,10,65,158,47,1*74
1777598550.331,$GBGSV,2,2,08,13,65,319,50,23,62,346,49,25,59,118,48,28,51,262,48,1*73
1777598550.331,$GBGSV,1,1,01,10,65,158,48,3*47
1777598550.332,$GBGSV,1,1,01,09,16,170,,0*4E
1777598550.332,$GNGLL,1339.09575,N,10029.53127,E,012230.00,A,D*7E
1777598551.309,$GNRMC,012231.00,A,1339.09520,N,10029.53060,E,3.046,229.91,010526,0.53,W,R,V*59
1777598551.311,$GNVTG,229.91,T,230.44,M,3.046,N,5.642,K,D*3C
1777598551.312,$GNGGA,012231.00,1339.09520,N,10029.53060,E,4,12,0.60,-1.0,M,-27.8,M,1.0,0499*6A
1777598551.313,$GNGSA,A,3,07,22,06,17,30,01,03,14,41,,,,1.20,0.60,1.04,1*07
1777598551.313,$GNGSA,A,3,79,73,80,84,83,,,,,,,,1.20,0.60,1.04,2*07
1777598551.314,$GNGSA,A,3,25,02,03,30,34,36,08,,,,,,1.20,0.60,1.04,3*0C
1777598551.314,$GNGSA,A,3,08,23,07,10,06,25,28,13,,,,,1.20,0.60,1.04,4*02
1777598551.315,$GPGSV,3,1,12,01,35,040,39,03,24,102,37,06,36,212,42,07,51,172,45,1*6C
1777598551.316,$GPGSV,3,2,12,14,44,354,39,17,44,321,46,19,31,283,38,22,33,340,42,1*66
1777598551.316,$GPGSV,3,3,12,30,70,250,47,40,36,256,39,41,64,233,48,42,70,217,45,1*60
1777598551.317,$GPGSV,2,1,07,01,35,040,44,03,24,102,39,06,36,212,43,07,51,172,43,6*6D
1777598551.318,$GPGSV,2,2,07,14,44,354,41,17,44,321,43,30,70,250,44,6*54
1777598551.318,$GPGSV,1,1,03,02,05,036,,09,06,170,,50,56,115,,0*5E
1777598551.319,$GLGSV,2,1,06,73,37,350,44,79,17,129,37,80,57,079,48,82,11,023,35,1*78
1777598551.319,$GLGSV,2,2,06,83,60,354,48,84,50,236,48,1*7F
1777598551.320,$GLGSV,2,1,06,73,37,350,46,79,17,129,38,80,57,079,47,82,11,023,33,3*7E
1777598551.320,$GLGSV,2,2,06,83,60,354,49,84,50,236,48,3*7C
1777598551.321,$GLGSV,1,1,01,85,08,217,,0*49
1777598551.321,$GAGSV,3,1,09,02,45,014,46,03,19,195,43,08,23,249,43,15,18,206,28,2*7A
1777598551.322,$GAGSV,3,2,09,18,42,294,38,25,29,082,44,30,17,320,32,34,67,179,51,2*7B
1777598551.322,$GAGSV,3,3,09,36,51,048,49,2*4F
1777598551.323,$GAGSV,3,1,09,02,45,014,36,03,19,195,39,08,23,249,36,18,42,294,36,7*71
1777598551.324,$GAGSV,3,2,09,25,29,082,39,30,17,320,30,32,26,223,39,34,67,179,46,7*77
1777598551.324,$GAGSV,3,3,09,36,51,048,43,7*40
1777598551.324,$GAGSV,1,1,02,07,04,295,,11,04,035,,0*79
1777598551.325,$GBGSV,2,1,08,06,24,148,35,07,53,160,45,08,45,005,40,10,65,158,47,1*74
1777598551.326,$GBGSV,2,2,08,13,65,319,49,23,62,346,49,25,59,118,48,28,51,262,49,1*7A
1777598551.326,$GBGSV,1,1,01,10,65,158,48,3*47
1777598551.326,$GBGSV,1,1,01,09,16,170,,0*4E
1777598551.327,$GNGLL,1339.09520,N,10029.53060,E,012231.00,A,D*7D
1777598552.305,$GNRMC,012232.00,A,1339.09464,N,10029.52995,E,3.086,227.55,010526,0.53,W,D,V*45
1777598552.307,$GNVTG,227.55,T,228.08,M,3.086,N,5.715,K,D*34
1777598552.308,$GNGGA,012232.00,1339.09464,N,10029.52995,E,2,12,0.55,-1.0,M,-27.8,M,1.0,0042*68
1777598552.309,$GNGSA,A,3,07,22,06,17,30,01,03,14,19,,,,1.12,0.55,0.97,1*06
1777598552.309,$GNGSA,A,3,79,73,80,84,83,,,,,,,,1.12,0.55,0.97,2*0B
1777598552.310,$GNGSA,A,3,25,02,03,30,34,36,08,,,,,,1.12,0.55,0.97,3*00
1777598552.310,$GNGSA,A,3,08,23,07,10,06,25,28,13,,,,,1.12,0.55,0.97,4*0E
1777598552.311,$GPGSV,3,1,12,01,35,040,41,03,24,102,40,06,36,212,41,07,51,172,44,1*61
1777598552.311,$GPGSV,3,2,12,14,44,354,43,17,44,321,40,19,31,283,38,22,33,340,39,1*61
1777598552.312,$GPGSV,3,3,12,30,70,250,47,40,36,256,36,41,64,233,47,42,70,217,46,1*63
1777598552.313,$GPGSV,2,1,07,01,35,040,42,03,24,102,37,06,36,212,44,07,51,172,43,6*62
1777598552.313,$GPGSV,2,2,07,14,44,354,44,17,44,321,39,30,70,250,44,6*5C
1777598552.314,$GPGSV,1,1,03,02,05,036,,09,06,170,,50,56,115,,0*5E
1777598552.314,$GLGSV,2,1,06,73,37,350,47,79,17,129,36,80,57,079,49,82,11,023,37,1*79
1777598552.315,$GLGSV,2,2,06,83,60,354,47,84,50,236,47,1*7F
1777598552.316,$GLGSV,2,1,06,73,37,350,48,79,17,129,32,80,57,079,48,82,11,023,36,3*70
1777598552.316,$GLGSV,2,2,06,83,60,354,49,84,50,236,48,3*7C
1777598552.316,$GLGSV,1,1,01,85,08,217,,0*49
1777598552.317,$GAGSV,3,1,09,02,45,014,48,03,19,195,43,08,23,249,42,15,18,206,26,2*7B
1777598552.318,$GAGSV,3,2,09,18,42,294,47,25,29,082,46,30,17,320,40,34,67,179,51,2*74
1777598552.318,$GAGSV,3,3,09,36,51,048,50,2*47
1777598552.319,$GAGSV,3,1,09,02,45,014,44,03,19,195,37,08,23,249,36,18,42,294,38,7*74
1777598552.319,$GAGSV,3,2,09,25,29,082,39,30,17,320,34,32,26,223,37,34,67,179,46,7*7D
1777598552.320,$GAGSV,3,3,09,36,51,048,44,7*47
1777598552.320,$GAGSV,1,1,02,07,04,295,,11,04,035,,0*79
1777598552.321,$GBGSV,2,1,08,06,24,148,43,07,53,160,45,08,45,005,45,10,65,158,46,1*71
1777598552.321,$GBGSV,2,2,08,13,65,319,48,23,62,346,49,25,59,118,48,28,51,262,49,1*7B
1777598552.321,$GBGSV,1,1,01,10,65,158,48,3*47
1777598552.322,$GBGSV,1,1,01,09,16,170,,0*4E
1777598552.322,$GNGLL,1339.09464,N,10029.52995,E,012232.00,A,D*7D
1777598553.310,$GNRMC,012233.00,A,1339.09404,N,10029.52931,E,2.994,226.59,010526,0.53,W,R,V*5C
1777598553.311,$GNVTG,226.59,T,227.12,M,2.994,N,5.546,K,D*32
1777598553.312,$GNGGA,012233.00,1339.09404,N,10029.52931,E,4,12,0.55,-0.9,M,-27.8,M,1.0,0042*6F
1777598553.313,$GNGSA,A,3,07,22,06,17,30,01,03,14,19,,,,1.12,0.55,0.97,1*06
1777598553.313,$GNGSA,A,3,79,73,80,84,83,,,,,,,,1.12,0.55,0.97,2*0B
1777598553.314,$GNGSA,A,3,25,02,03,30,34,36,08,,,,,,1.12,0.55,0.97,3*00
1777598553.314,$GNGSA,A,3,08,23,07,10,06,25,28,13,,,,,1.12,0.55,0.97,4*0E
1777598553.315,$GPGSV,3,1,12,01,35,040,42,03,24,102,40,06,36,212,43,07,51,172,45,1*61
1777598553.315,$GPGSV,3,2,12,14,44,354,43,17,44,321,38,19,31,283,26,22,33,340,37,1*6F
1777598553.316,$GPGSV,3,3,12,30,70,250,47,40,36,256,39,41,64,233,48,42,70,217,46,1*63
1777598553.317,$GPGSV,2,1,07,01,35,040,43,03,24,102,39,06,36,212,44,07,51,172,42,6*6C
1777598553.318,$GPGSV,2,2,07,14,44,354,46,17,44,321,38,30,70,250,44,6*5F
1777598553.318,$GPGSV,1,1,03,02,05,036,,09,06,170,,50,56,115,,0*5E
1777598553.319,$GLGSV,2,1,06,73,37,350,45,79,17,129,34,80,57,079,48,82,11,023,34,1*7B
1777598553.319,$GLGSV,2,2,06,83,60,354,49,84,50,236,48,1*7E
1777598553.320,$GLGSV,2,1,06,73,37,350,50,79,17,129,36,80,57,079,48,82,11,023,38,3*73
1777598553.320,$GLGSV,2,2,06,83,60,354,48,84,50,236,47,3*72
1777598553.321,$GLGSV,1,1,01,85,08,217,,0*49
1777598553.321,$GAGSV,3,1,09,02,45,014,48,03,19,195,42,08,23,249,36,15,18,206,25,2*7A
1777598553.322,$GAGSV,3,2,09,18,42,294,47,25,29,082,45,30,17,320,31,34,67,179,51,2*71
1777598553.322,$GAGSV,3,3,09,36,51,048,50,2*47
1777598553.323,$GAGSV,3,1,09,02,45,014,44,03,19,195,36,08,23,249,36,18,42,294,37,7*7A
1777598553.324,$GAGSV,3,2,09,25,29,082,40,30,17,320,30,32,26,223,36,34,67,179,46,7*76
1777598553.324,$GAGSV,3,3,09,36,51,048,43,7*40
1777598553.325,$GAGSV,1,1,02,07,04,295,,11,04,035,,0*79
1777598553.325,$GBGSV,2,1,08,06,24,148,43,07,53,160,46,08,45,005,46,10,65,158,46,1*71
1777598553.326,$GBGSV,2,2,08,13,65,319,46,23,62,346,47,25,59,118,48,28,51,262,47,1*75
1777598553.327,$GBGSV,1,1,01,10,65,158,48,3*47
1777598553.327,$GBGSV,1,1,01,09,16,170,,0*4E
1777598553.328,$GNGLL,1339.09404,N,10029.52931,E,012233.00,A,D*74
1777598554.306,$GNRMC,012234.00,A,1339.09343,N,10029.52870,E,3.020,225.03,010526,0.53,W,R,V*50
1777598554.308,$GNVTG,225.03,T,225.56,M,3.020,N,5.594,K,D*34
1777598554.309,$GNGGA,012234.00,1339.09343,N,10029.52870,E,4,12,0.58,-0.9,M,-27.8,M,1.0,0042*65
1777598554.310,$GNGSA,A,3,07,22,06,17,30,01,03,14,41,,,,1.15,0.58,1.00,1*0E
1777598554.310,$GNGSA,A,3,79,73,80,84,83,,,,,,,,1.15,0.58,1.00,2*0E
1777598554.311,$GNGSA,A,3,25,02,03,30,34,36,08,,,,,,1.15,0.58,1.00,3*05
1777598554.311,$GNGSA,A,3,08,23,07,10,06,25,28,13,,,,,1.15,0.58,1.00,4*0B
1777598554.312,$GPGSV,3,1,12,01,35,040,41,03,24,102,41,06,36,212,42,07,51,172,45,1*62
1777598554.313,$GPGSV,3,2,12,14,44,354,43,17,44,321,42,19,31,283,32,22,33,340,38,1*68
1777598554.313,$GPGSV,3,3,12,30,70,250,46,40,36,256,40,41,64,233,49,42,70,217,46,1*6D
1777598554.314,$GPGSV,2,1,07,01,35,040,43,03,24,102,39,06,36,212,43,07,51,172,43,6*6A
1777598554.315,$GPGSV,2,2,07,14,44,354,43,17,44,321,36,30,70,250,43,6*53
1777598554.315,$GPGSV,1,1,03,02,05,036,,09,06,170,,50,56,115,,0*5E
1777598554.316,$GLGSV,2,1,06,73,37,350,44,79,17,129,38,80,57,079,48,82,11,023,34,1*76
1777598554.316,$GLGSV,2,2,06,83,60,354,47,84,50,236,48,1*70
1777598554.317,$GLGSV,2,1,06,73,37,350,47,79,17,129,36,80,57,079,49,82,11,023,29,3*74
1777598554.317,$GLGSV,2,2,06,83,60,354,48,84,50,236,47,3*72
1777598554.318,$GLGSV,1,1,01,85,08,217,,0*49
1777598554.318,$GAGSV,3,1,09,02,45,014,49,03,19,195,35,08,23,249,41,15,18,206,23,2*7D
1777598554.319,$GAGSV,3,2,09,18,42,294,38,25,29,082,41,30,17,320,25,34,67,179,51,2*78
1777598554.319,$GAGSV,3,3,09,36,51,048,49,2*4F
1777598554.320,$GAGSV,2,1,08,02,45,014,45,03,19,195,30,18,42,294,33,25,29,082,39,7*76
1777598554.320,$GAGSV,2,2,08,30,17,320,30,32,26,223,33,34,67,179,46,36,51,048,43,7*7B
1777598554.321,$GAGSV,1,1,02,07,04,295,,11,04,035,,0*79
1777598554.321,$GBGSV,2,1,08,06,24,148,42,07,53,160,46,08,45,005,45,10,65,158,46,1*73
1777598554.322,$GBGSV,2,2,08,13,65,319,48,23,62,346,48,25,59,118,48,28,51,262,47,1*74
1777598554.323,$GBGSV,1,1,02,07,53,160,13,10,65,158,48,3*70
1777598554.323,$GBGSV,1,1,01,09,16,170,,0*4E
1777598554.323,$GNGLL,1339.09343,N,10029.52870,E,012234.00,A,D*73
1777598555.310,$GNRMC,012235.00,A,1339.09281,N,10029.52809,E,3.071,223.66,010526,0.53,W,R,V*51
1777598555.312,$GNVTG,223.66,T,224.19,M,3.071,N,5.688,K,D*31
1777598555.313,$GNGGA,012235.00,1339.09281,N,10029.52809,E,4,12,0.58,-0.9,M,-27.8,M,1.0,0042*65
1777598555.314,$GNGSA,A,3,07,22,06,17,19,30,01,03,14,41,,,1.23,0.58,1.09,1*0A
1777598555.314,$GNGSA,A,3,79,73,80,84,83,,,,,,,,1.23,0.58,1.09,2*02
1777598555.315,$GNGSA,A,3,25,02,03,34,36,08,,,,,,,1.23,0.58,1.09,3*0A
1777598555.315,$GNGSA,A,3,08,23,07,10,06,25,28,13,,,,,1.23,0.58,1.09,4*07
1777598555.316,$GPGSV,3,1,12,01,35,040,43,03,24,102,39,06,36,212,42,07,51,172,45,1*6F
1777598555.316,$GPGSV,3,2,12,14,44,354,37,17,44,321,38,19,31,283,39,22,33,340,27,1*63
1777598555.317,$GPGSV,3,3,12,30,70,250,45,40,36,256,41,41,64,233,48,42,70,217,46,1*6E
1777598555.318,$GPGSV,2,1,07,01,35,040,44,03,24,102,40,06,36,212,43,07,51,172,44,6*64
1777598555.318,$GPGSV,2,2,07,14,44,354,40,17,44,321,34,30,70,250,43,6*52
1777598555.319,$GPGSV,1,1,03,02,05,036,,09,06,170,,50,56,115,,0*5E
1777598555.319,$GLGSV,2,1,06,73,37,350,39,79,17,129,35,80,57,079,48,82,11,023,26,1*72
1777598555.320,$GLGSV,2,2,06,83,60,354,46,84,50,236,47,1*7E
1777598555.320,$GLGSV,2,1,06,73,37,350,45,79,17,129,34,80,57,079,48,82,11,023,28,3*74
1777598555.321,$GLGSV,2,2,06,83,60,354,48,84,50,236,47,3*72
1777598555.321,$GLGSV,1,1,01,85,08,217,,0*49
1777598555.322,$GAGSV,3,1,09,02,45,014,49,03,19,195,34,08,23,249,38,15,18,206,21,2*70
1777598555.322,$GAGSV,3,2,09,18,42,294,39,25,29,082,42,30,17,320,32,34,67,179,51,2*7C
1777598555.323,$GAGSV,3,3,09,36,51,048,50,2*47
1777598555.323,$GAGSV,3,1,09,02,45,014,43,03,19,195,31,08,23,249,36,18,42,294,34,7*79
1777598555.324,$GAGSV,3,2,09,25,29,082,39,30,17,320,22,32,26,223,33,34,67,179,46,7*7E
1777598555.324,$GAGSV,3,3,09,36,51,048,44,7*47
1777598555.325,$GAGSV,1,1,02,07,04,295,,11,04,035,,0*79
1777598555.325,$GBGSV,2,1,08,06,24,148,42,07,53,160,46,08,45,005,43,10,65,158,46,1*75
1777598555.326,$GBGSV,2,2,08,13,65,319,49,23,62,346,46,25,59,118,47,28,51,262,49,1*7A
1777598555.326,$GBGSV,1,1,02,07,53,160,10,10,65,158,47,3*7C
1777598555.327,$GBGSV,1,1,01,09,16,170,,0*4E
1777598555.327,$GNGLL,1339.09281,N,10029.52809,E,012235.00,A,D*73
1777598556.303,$GNRMC,012236.00,A,1339.09219,N,10029.52749,E,3.057,222.41,010526,0.53,W,D,V*4E
1777598556.305,$GNVTG,222.41,T,222.94,M,3.057,N,5.661,K,D*35
1777598556.306,$GNGGA,012236.00,1339.09219,N,10029.52749,E,2,12,0.60,-0.9,M,-27.8,M,1.0,0499*63
1777598556.307,$GNGSA,A,3,07,22,06,17,19,30,01,03,14,41,,,1.29,0.60,1.15,1*06
1777598556.307,$GNGSA,A,3,79,73,80,84,83,,,,,,,,1.29,0.60,1.15,2*0E
1777598556.308,$GNGSA,A,3,25,02,03,34,36,08,,,,,,,1.29,0.60,1.15,3*06
1777598556.308,$GNGSA,A,3,08,23,07,10,06,25,28,13,,,,,1.29,0.60,1.15,4*0B
1777598556.309,$GPGSV,3,1,12,01,35,040,43,03,24,102,37,06,36,212,43,07,51,172,46,1*63
1777598556.309,$GPGSV,3,2,12,14,44,354,37,17,44,321,34,19,31,283,36,22,33,340,32,1*64
1777598556.310,$GPGSV,3,3,12,30,70,250,46,40,36,256,38,41,64,233,47,42,70,217,46,1*6C
1777598556.311,$GPGSV,2,1,07,01,35,040,44,03,24,102,37,06,36,212,43,07,51,172,43,6*63
1777598556.311,$GPGSV,2,2,07,14,44,354,42,17,44,321,36,30,70,250,44,6*55
1777598556.312,$GPGSV,1,1,03,02,05,036,,09,06,170,,50,56,115,,0*5E
1777598556.312,$GLGSV,2,1,06,73,37,350,40,79,17,129,35,80,57,079,48,82,11,023,31,1*7A
1777598556.313,$GLGSV,2,2,06,83,60,354,47,84,50,236,47,1*7F
1777598556.313,$GLGSV,2,1,06,73,37,350,43,79,17,129,37,80,57,079,49,82,11,023,28,3*70
1777598556.314,$GLGSV,2,2,06,83,60,354,48,84,50,236,48,3*7D
1777598556.314,$GLGSV,1,1,01,85,08,217,,0*49
1777598556.315,$GAGSV,3,1,09,02,45,014,48,03,19,195,37,08,23,249,38,15,18,206,20,2*73
1777598556.316,$GAGSV,3,2,09,18,42,294,45,25,29,082,45,30,17,320,32,34,67,179,50,2*71
1777598556.316,$GAGSV,3,3,09,36,51,048,50,2*47
1777598556.317,$GAGSV,3,1,09,02,45,014,43,03,19,195,34,08,23,249,30,18,42,294,40,7*79
1777598556.317,$GAGSV,3,2,09,25,29,082,37,30,17,320,30,32,26,223,32,34,67,179,46,7*72
1777598556.317,$GAGSV,3,3,09,36,51,048,44,7*47
1777598556.318,$GAGSV,1,1,02,07,04,295,,11,04,035,,0*79
1777598556.319,$GBGSV,2,1,08,06,24,148,41,07,53,160,46,08,45,005,40,10,65,158,46,1*75
1777598556.319,$GBGSV,2,2,08,13,65,319,48,23,62,346,48,25,59,118,48,28,51,262,47,1*74
1777598556.320,$GBGSV,1,1,02,07,53,160,09,10,65,158,49,3*7A
1777598556.320,$GBGSV,1,1,01,09,16,170,,0*4E
1777598556.320,$GNGLL,1339.09219,N,10029.52749,E,012236.00,A,D*7A
1777598557.307,$GNRMC,012237.00,A,1339.09157,N,10029.52691,E,3.041,221.71,010526,0.53,W,R,V*53
1777598557.309,$GNVTG,221.71,T,222.24,M,3.041,N,5.632,K,D*3F
1777598557.311,$GNGGA,012237.00,1339.09157,N,10029.52691,E,4,12,0.58,-0.7,M,-27.8,M,1.0,0499*6C
1777598557.312,$GNGSA,A,3,07,06,17,19,30,01,03,14,41,,,,1.18,0.58,1.03,1*08
1777598557.312,$GNGSA,A,3,79,73,80,84,83,,,,,,,,1.18,0.58,1.03,2*00
1777598557.313,$GNGSA,A,3,25,02,30,03,34,36,08,,,,,,1.18,0.58,1.03,3*0B
1777598557.313,$GNGSA,A,3,08,23,07,10,06,25,28,13,,,,,1.18,0.58,1.03,4*05
1777598557.314,$GPGSV,3,1,12,01,35,040,43,03,24,102,42,06,36,212,40,07,51,172,44,1*60
1777598557.314,$GPGSV,3,2,12,14,44,354,36,17,44,321,32,19,31,283,29,22,33,340,33,1*6C
1777598557.315,$GPGSV,3,3,12,30,70,250,47,40,36,256,41,41,64,233,47,42,70,217,47,1*62
1777598557.316,$GPGSV,2,1,07,01,35,040,43,03,24,102,39,06,36,212,42,07,51,172,42,6*6A
1777598557.316,$GPGSV,2,2,07,14,44,354,40,17,44,321,29,30,70,250,44,6*59
1777598557.317,$GPGSV,1,1,03,02,05,036,,09,06,170,,50,56,115,,0*5E
1777598557.318,$GLGSV,2,1,06,73,37,350,44,79,17,129,37,80,57,079,48,82,11,023,26,1*7A
1777598557.318,$GLGSV,2,2,06,83,60,354,47,84,50,236,48,1*70
1777598557.319,$GLGSV,2,1,06,73,37,350,45,79,17,129,37,80,57,079,49,82,11,023,24,3*7A
1777598557.319,$GLGSV,2,2,06,83,60,354,48,84,50,236,47,3*72
1777598557.320,$GLGSV,1,1,01,85,08,217,,0*49
1777598557.320,$GAGSV,3,1,09,02,45,014,49,03,19,195,33,08,23,249,38,15,18,206,19,2*7C
1777598557.321,$GAGSV,3,2,09,18,42,294,45,25,29,082,41,30,17,320,35,34,67,179,50,2*72
1777598557.321,$GAGSV,3,3,09,36,51,048,49,2*4F
1777598557.322,$GAGSV,2,1,07,02,45,014,43,18,42,294,41,25,29,082,37,30,17,320,24,7*73
1777598557.322,$GAGSV,2,2,07,32,26,223,28,34,67,179,46,36,51,048,45,7*4F
1777598557.323,$GAGSV,1,1,02,07,04,295,,11,04,035,,0*79
1777598557.323,$GBGSV,2,1,08,06,24,148,41,07,53,160,45,08,45,005,44,10,65,158,47,1*73
1777598557.324,$GBGSV,2,2,08,13,65,319,45,23,62,346,47,25,59,118,47,28,51,262,49,1*77
1777598557.325,$GBGSV,1,1,02,07,53,160,07,10,65,158,48,3*75
1777598557.325,$GBGSV,1,1,01,09,16,170,,0*4E
1777598557.325,$GNGLL,1339.09157,N,10029.52691,E,012237.00,A,D*76
1777598558.309,$GNRMC,012238.00,A,1339.09091,N,10029.52632,E,3.048,220.55,010526,0.53,W,R,V*50
1777598558.311,$GNVTG,220.55,T,221.08,M,3.048,N,5.645,K,D*3C
1777598558.312,$GNGGA,012238.00,1339.09091,N,10029.52632,E,4,12,0.59,-0.6,M,-27.8,M,1.0,0499*61
1777598558.313,$GNGSA,A,3,07,06,17,30,01,03,14,41,,,,,1.12,0.59,0.95,1*05
1777598558.314,$GNGSA,A,3,79,73,80,84,83,82,,,,,,,1.12,0.59,0.95,2*0F
1777598558.314,$GNGSA,A,3,25,02,30,03,34,36,08,,,,,,1.12,0.59,0.95,3*0E
1777598558.315,$GNGSA,A,3,08,23,07,10,06,25,28,13,,,,,1.12,0.59,0.95,4*00
1777598558.315,$GPGSV,3,1,12,01,35,040,42,03,24,102,39,06,36,212,43,07,51,172,42,1*68
1777598558.316,$GPGSV,3,2,12,14,44,354,38,17,44,321,39,19,31,283,29,22,33,340,30,1*6A
1777598558.317,$GPGSV,3,3,12,30,70,250,46,40,36,256,41,41,64,233,47,42,70,217,47,1*63
1777598558.318,$GPGSV,2,1,07,01,35,040,41,03,24,102,39,06,36,212,44,07,51,172,42,6*6E
1777598558.318,$GPGSV,2,2,07,14,44,354,41,17,44,321,40,30,70,250,44,6*57
1777598558.319,$GPGSV,1,1,03,02,05,036,,09,06,170,,50,56,115,,0*5E
1777598558.320,$GLGSV,2,1,06,73,37,350,38,79,17,129,38,80,57,079,48,82,11,023,35,1*7C
1777598558.320,$GLGSV,2,2,06,83,60,354,47,84,50,236,47,1*7F
1777598558.321,$GLGSV,2,1,06,73,37,350,40,79,17,129,37,80,57,079,49,82,11,023,31,3*7B
1777598558.322,$GLGSV,2,2,06,83,60,354,49,84,50,236,47,3*73
1777598558.322,$GLGSV,1,1,01,85,08,217,,0*49
1777598558.323,$GAGSV,3,1,09,02,45,014,49,03,19,195,34,08,23,249,32,15,18,206,19,2*71
1777598558.324,$GAGSV,3,2,09,18,42,294,42,25,29,082,42,30,17,320,37,34,67,179,51,2*75
1777598558.324,$GAGSV,3,3,09,36,51,048,50,2*47
1777598558.325,$GAGSV,2,1,08,02,45,014,43,03,19,195,25,18,42,294,36,25,29,082,36,7*7E
1777598558.326,$GAGSV,2,2,08,30,17,320,30,32,26,223,28,34,67,179,46,36,51,048,44,7*76
1777598558.326,$GAGSV,1,1,02,07,04,295,,11,04,035,,0*79
1777598558.327,$GBGSV,2,1,08,06,24,148,41,07,53,160,46,08,45,005,43,10,65,158,46,1*76
1777598558.328,$GBGSV,2,2,08,13,65,319,49,23,62,346,46,25,59,118,48,28,51,262,50,1*7D
1777598558.328,$GBGSV,1,1,02,07,53,160,08,10,65,158,49,3*7B
1777598558.329,$GBGSV,1,1,01,09,16,170,,0*4E
1777598558.329,$GNGLL,1339.09091,N,10029.52632,E,012238.00,A,D*7B
1777598559.310,$GNRMC,012239.00,A,1339.09027,N,10029.52576,E,3.023,220.55,010526,0.53,W,R,V*52
1777598559.312,$GNVTG,220.55,T,221.08,M,3.023,N,5.598,K,D*32
1777598559.313,$GNGGA,012239.00,1339.09027,N,10029.52576,E,4,12,0.61,-0.6,M,-27.8,M,1.0,0499*65
1777598559.314,$GNGSA,A,3,07,22,06,19,17,30,01,03,14,41,,,1.26,0.61,1.10,1*0D
1777598559.314,$GNGSA,A,3,79,73,80,84,83,82,,,,,,,1.26,0.61,1.10,2*0F
1777598559.315,$GNGSA,A,3,25,02,34,36,08,,,,,,,,1.26,0.61,1.10,3*0E
1777598559.315,$GNGSA,A,3,08,23,07,10,06,25,28,13,,,,,1.26,0.61,1.10,4*00
1777598559.316,$GPGSV,3,1,12,01,35,040,42,03,24,102,41,06,36,212,44,07,51,172,45,1*67
1777598559.317,$GPGSV,3,2,12,14,44,354,40,17,44,321,41,19,31,283,38,22,33,340,26,1*6D
1777598559.317,$GPGSV,3,3,12,30,70,250,46,40,36,256,40,41,64,233,46,42,70,217,45,1*61
1777598559.318,$GPGSV,2,1,07,01,35,040,44,03,24,102,39,06,36,212,43,07,51,172,43,6*6D
1777598559.319,$GPGSV,2,2,07,14,44,354,41,17,44,321,40,30,70,250,45,6*56
1777598559.319,$GPGSV,1,1,03,02,05,036,,09,06,170,,50,56,115,,0*5E
1777598559.320,$GLGSV,2,1,06,73,37,350,41,79,17,129,39,80,57,079,49,82,11,023,31,1*76
1777598559.320,$GLGSV,2,2,06,83,60,354,47,84,50,236,47,1*7F
1777598559.321,$GLGSV,2,1,06,73,37,350,44,79,17,129,38,80,57,079,49,82,11,023,35,3*74
1777598559.322,$GLGSV,2,2,06,83,60,354,48,84,50,236,48,3*7D
1777598559.322,$GLGSV,1,1,01,85,08,217,,0*49
1777598559.323,$GAGSV,3,1,09,02,45,014,50,03,19,195,21,08,23,249,36,15,18,206,19,2*79
1777598559.323,$GAGSV,3,2,09,18,42,294,45,25,29,082,45,30,17,320,26,34,67,179,51,2*75
1777598559.324,$GAGSV,3,3,09,36,51,048,49,2*4F
1777598559.324,$GAGSV,2,1,08,02,45,014,43,03,19,195,25,18,42,294,38,25,29,082,40,7*71
1777598559.325,$GAGSV,2,2,08,30,17,320,21,32,26,223,26,34,67,179,45,36,51,048,44,7*7B
1777598559.325,$GAGSV,1,1,02,07,04,295,,11,04,035,,0*79
1777598559.326,$GBGSV,2,1,08,06,24,148,42,07,53,160,47,08,45,005,42,10,65,158,47,1*74
1777598559.326,$GBGSV,2,2,08,13,65,319,49,23,62,346,48,25,59,118,49,28,51,262,48,1*7B
1777598559.327,$GBGSV,1,1,02,07,53,160,08,10,65,158,48,3*7A
1777598559.327,$GBGSV,1,1,01,09,16,170,,0*4E
1777598559.328,$GNGLL,1339.09027,N,10029.52576,E,012239.00,A,D*74
1777598560.313,$GNRMC,012240.00,A,1339.08963,N,10029.52518,E,3.073,221.33,010526,0.53,W,R,V*58
1777598560.315,$GNVTG,221.33,T,221.86,M,3.073,N,5.692,K,D*39
1777598560.316,$GNGGA,012240.00,1339.08963,N,10029.52518,E,4,12,0.61,-0.5,M,-27.8,M,1.0,0499*68
1777598560.317,$GNGSA,A,3,07,22,06,19,17,30,01,03,14,41,,,1.26,0.61,1.10,1*0D
1777598560.317,$GNGSA,A,3,79,73,80,84,83,82,,,,,,,1.26,0.61,1.10,2*0F
1777598560.318,$GNGSA,A,3,25,02,34,36,08,,,,,,,,1.26,0.61,1.10,3*0E
1777598560.318,$GNGSA,A,3,08,23,07,10,06,25,28,13,,,,,1.26,0.61,1.10,4*00
1777598560.319,$GPGSV,3,1,12,01,35,040,42,03,24,102,40,06,36,212,42,07,51,172,42,1*67
1777598560.320,$GPGSV,3,2,12,14,44,354,39,17,44,321,40,19,31,283,36,22,33,340,30,1*6B
1777598560.320,$GPGSV,3,3,12,30,70,250,46,40,36,256,40,41,64,233,47,42,70,217,46,1*63
1777598560.321,$GPGSV,2,1,07,01,35,040,45,03,24,102,38,06,36,212,40,07,51,172,41,6*6C
1777598560.322,$GPGSV,2,2,07,14,44,354,41,17,44,321,40,30,70,250,45,6*56
1777598560.322,$GPGSV,1,1,03,02,05,036,,09,06,170,,50,56,115,,0*5E
1777598560.323,$GLGSV,2,1,06,73,37,350,38,79,17,129,39,80,57,079,49,82,11,023,36,1*7F
1777598560.323,$GLGSV,2,2,06,83,60,354,49,84,50,236,47,1*71
1777598560.324,$GLGSV,2,1,06,73,37,350,35,79,17,129,39,80,57,079,49,82,11,023,26,3*71
1777598560.324,$GLGSV,2,2,06,83,60,354,49,84,50,236,48,3*7C
1777598560.325,$GLGSV,1,1,01,85,08,217,,0*49
1777598560.325,$GAGSV,3,1,09,02,45,014,50,03,19,195,24,08,23,249,36,15,18,206,17,2*72
1777598560.326,$GAGSV,3,2,09,18,42,294,48,25,29,082,46,30,17,320,35,34,67,179,51,2*79
1777598560.326,$GAGSV,3,3,09,36,51,048,50,2*47
1777598560.327,$GAGSV,2,1,07,02,45,014,43,18,42,294,41,25,29,082,41,30,17,320,23,7*75
1777598560.327,$GAGSV,2,2,07,32,26,223,24,34,67,179,45,36,51,048,44,7*41
1777598560.328,$GAGSV,1,1,02,07,04,295,,11,04,035,,0*79
1777598560.328,$GBGSV,2,1,08,06,24,148,42,07,53,160,46,08,45,005,42,10,65,158,47,1*75
1777598560.329,$GBGSV,2,2,08,13,65,319,49,23,62,346,48,25,59,118,48,28,51,262,47,1*75
1777598560.329,$GBGSV,1,1,02,07,53,160,08,10,65,158,49,3*7B
1777598560.330,$GBGSV,1,1,01,09,16,170,,0*4E
1777598560.330,$GNGLL,1339.08963,N,10029.52518,E,012240.00,A,D*7A
1777598561.307,$GNRMC,012241.00,A,1339.08899,N,10029.52458,E,3.169,222.28,010526,0.53,W,R,V*5B
1777598561.309,$GNVTG,222.28,T,222.81,M,3.169,N,5.869,K,D*34
1777598561.310,$GNGGA,012241.00,1339.08899,N,10029.52458,E,4,12,0.60,-0.5,M,-27.8,M,1.0,0499*69
1777598561.311,$GNGSA,A,3,07,22,06,19,17,30,01,03,14,41,,,1.24,0.60,1.09,1*06
1777598561.312,$GNGSA,A,3,79,73,80,84,83,,,,,,,,1.24,0.60,1.09,2*0E
1777598561.312,$GNGSA,A,3,25,02,30,34,36,08,,,,,,,1.24,0.60,1.09,3*06
1777598561.313,$GNGSA,A,3,08,23,07,10,06,25,28,13,,,,,1.24,0.60,1.09,4*0B
1777598561.313,$GPGSV,3,1,12,01,35,040,43,03,24,102,41,06,36,212,37,07,51,172,43,1*64
1777598561.314,$GPGSV,3,2,12,14,44,354,43,17,44,321,43,19,31,283,38,22,33,340,33,1*68
1777598561.315,$GPGSV,3,3,12,30,70,250,46,40,36,256,36,41,64,233,47,42,70,217,45,1*61
1777598561.315,$GPGSV,2,1,07,01,35,040,44,03,24,102,41,06,36,212,36,07,51,172,39,6*6D
1777598561.316,$GPGSV,2,2,07,14,44,354,43,17,44,321,42,30,70,250,44,6*57
1777598561.316,$GPGSV,1,1,03,02,05,036,,09,06,170,,50,56,115,,0*5E
1777598561.317,$GLGSV,2,1,06,73,37,350,40,79,17,129,35,80,57,079,48,82,11,023,27,1*7D
1777598561.318,$GLGSV,2,2,06,83,60,354,48,84,50,236,48,1*7F
1777598561.318,$GLGSV,2,1,06,73,37,350,41,79,17,129,37,80,57,079,49,82,11,023,36,3*7D
1777598561.319,$GLGSV,2,2,06,83,60,354,50,84,50,236,49,3*75
1777598561.319,$GLGSV,1,1,01,85,08,217,,0*49
1777598561.320,$GAGSV,3,1,09,02,45,014,48,03,19,195,24,08,23,249,40,15,18,206,16,2*7B
1777598561.320,$GAGSV,3,2,09,18,42,294,50,25,29,082,46,30,17,320,32,34,67,179,51,2*77
1777598561.321,$GAGSV,3,3,09,36,51,048,50,2*47
1777598561.321,$GAGSV,2,1,06,02,45,014,42,18,42,294,41,25,29,082,41,30,17,320,23,7*75
1777598561.322,$GAGSV,2,2,06,34,67,179,46,36,51,048,43,7*74
1777598561.322,$GAGSV,1,1,03,07,04,295,,11,04,035,,32,26,223,,0*4E
1777598561.323,$GBGSV,2,1,08,06,24,148,42,07,53,160,47,08,45,005,40,10,65,158,47,1*76
1777598561.324,$GBGSV,2,2,08,13,65,319,48,23,62,346,48,25,59,118,47,28,51,262,50,1*7D
1777598561.324,$GBGSV,1,1,02,07,53,160,08,10,65,158,47,3*75
1777598561.324,$GBGSV,1,1,01,09,16,170,,0*4E
1777598561.325,$GNGLL,1339.08899,N,10029.52458,E,012241.00,A,D*7A
1777598562.311,$GNRMC,012242.00,A,1339.08833,N,10029.52397,E,3.175,221.26,010526,0.53,W,R,V*5C
1777598562.313,$GNVTG,221.26,T,221.79,M,3.175,N,5.879,K,D*31
1777598562.313,$GNGGA,012242.00,1339.08833,N,10029.52397,E,4,12,0.63,-0.5,M,-27.8,M,1.0,0499*6D
1777598562.314,$GNGSA,A,3,07,22,06,17,30,01,03,14,41,,,,1.21,0.63,1.03,1*02
1777598562.314,$GNGSA,A,3,79,73,80,82,84,83,,,,,,,1.21,0.63,1.03,2*08
1777598562.315,$GNGSA,A,3,25,02,30,34,36,08,,,,,,,1.21,0.63,1.03,3*0A
1777598562.315,$GNGSA,A,3,08,23,07,10,06,25,28,13,,,,,1.21,0.63,1.03,4*07
1777598562.316,$GPGSV,3,1,12,01,35,040,42,03,24,102,39,06,36,212,34,07,51,172,44,1*6E
1777598562.317,$GPGSV,3,2,12,14,44,354,43,17,44,321,43,19,31,283,29,22,33,340,38,1*63
1777598562.317,$GPGSV,3,3,12,30,70,250,46,40,36,256,38,41,64,233,47,42,70,217,47,1*6D
1777598562.318,$GPGSV,2,1,07,01,35,040,42,03,24,102,40,06,36,212,36,07,51,172,45,6*61
1777598562.319,$GPGSV,2,2,07,14,44,354,46,17,44,321,44,30,70,250,44,6*54
1777598562.319,$GPGSV,1,1,03,02,05,036,,09,06,170,,50,56,115,,0*5E
1777598562.320,$GLGSV,2,1,06,73,38,351,43,79,17,129,39,80,57,079,48,82,11,023,38,1*72
1777598562.320,$GLGSV,2,2,06,83,60,354,47,84,50,236,48,1*70
1777598562.321,$GLGSV,2,1,06,73,38,351,47,79,17,129,38,80,57,079,48,82,11,023,35,3*78
1777598562.322,$GLGSV,2,2,06,83,60,354,49,84,50,236,49,3*7D
1777598562.322,$GLGSV,1,1,01,85,08,217,,0*49
1777598562.323,$GAGSV,3,1,09,02,45,014,49,03,19,195,23,08,23,249,40,15,18,206,16,2*7D
1777598562.323,$GAGSV,3,2,09,18,42,294,46,25,29,082,44,30,17,320,38,34,67,179,50,2*79
1777598562.324,$GAGSV,3,3,09,36,51,048,50,2*47
1777598562.324,$GAGSV,2,1,06,02,45,014,43,18,42,294,41,25,29,082,39,30,17,320,35,7*7C
1777598562.325,$GAGSV,2,2,06,34,67,179,45,36,51,048,44,7*70
1777598562.326,$GAGSV,1,1,03,07,04,295,,11,04,035,,32,26,223,,0*4E
1777598562.326,$GBGSV,2,1,08,06,24,148,40,07,53,160,44,08,45,005,46,10,65,158,43,1*75
1777598562.327,$GBGSV,2,2,08,13,65,319,49,23,62,346,48,25,59,118,48,28,51,262,47,1*75
1777598562.327,$GBGSV,1,1,02,07,53,160,07,10,65,158,47,3*7A
1777598562.328,$GBGSV,1,1,01,09,16,170,,0*4E
1777598562.328,$GNGLL,1339.08833,N,10029.52397,E,012242.00,A,D*7D
1777598563.308,$GNRMC,012243.00,A,1339.08764,N,10029.52337,E,3.311,219.62,010526,0.53,W,R,V*51
1777598563.310,$GNVTG,219.62,T,220.15,M,3.311,N,6.133,K,D*35
1777598563.312,$GNGGA,012243.00,1339.08764,N,10029.52337,E,4,12,0.63,-0.5,M,-27.8,M,1.0,0499*6B
1777598563.312,$GNGSA,A,3,07,22,06,17,30,01,03,14,41,,,,1.21,0.63,1.03,1*02
1777598563.313,$GNGSA,A,3,79,73,80,82,84,83,,,,,,,1.21,0.63,1.03,2*08
1777598563.313,$GNGSA,A,3,25,02,30,34,36,08,,,,,,,1.21,0.63,1.03,3*0A
1777598563.314,$GNGSA,A,3,08,23,07,10,06,25,28,13,,,,,1.21,0.63,1.03,4*07
1777598563.314,$GPGSV,3,1,12,01,35,040,43,03,24,102,38,06,36,212,30,07,51,172,45,1*6B
1777598563.315,$GPGSV,3,2,12,14,44,354,44,17,44,321,42,19,31,283,39,22,33,340,42,1*69
1777598563.316,$GPGSV,3,3,12,30,70,250,47,40,36,256,40,41,64,233,47,42,70,217,47,1*63
1777598563.317,$GPGSV,2,1,07,01,35,040,42,03,24,102,39,06,36,212,32,07,51,172,41,6*6F
1777598563.318,$GPGSV,2,2,07,14,44,354,45,17,44,321,41,30,70,250,45,6*53
1777598563.318,$GPGSV,1,1,03,02,05,036,,09,06,170,,50,56,115,,0*5E
1777598563.319,$GLGSV,2,1,06,73,38,351,47,79,17,129,41,80,57,079,48,82,11,023,30,1*71
1777598563.319,$GLGSV,2,2,06,83,60,354,48,84,50,236,49,1*7E
1777598563.320,$GLGSV,2,1,06,73,38,351,48,79,17,129,39,80,57,079,49,82,11,023,36,3*74
1777598563.321,$GLGSV,2,2,06,83,60,354,48,84,50,236,48,3*7D
1777598563.321,$GLGSV,1,1,01,85,08,217,,0*49
1777598563.322,$GAGSV,3,1,09,02,45,014,50,03,19,195,22,08,23,249,42,15,18,206,16,2*76
1777598563.322,$GAGSV,3,2,09,18,42,294,47,25,29,082,44,30,17,320,35,34,67,179,50,2*75
1777598563.323,$GAGSV,3,3,09,36,51,048,50,2*47
1777598563.323,$GAGSV,2,1,06,02,45,014,45,18,42,294,39,25,29,082,41,30,17,320,31,7*7E
1777598563.324,$GAGSV,2,2,06,34,67,179,45,36,51,048,43,7*77
1777598563.325,$GAGSV,1,1,03,07,04,295,,11,04,035,,32,26,223,,0*4E
1777598563.325,$GBGSV,2,1,08,06,24,148,43,07,53,160,43,08,45,005,45,10,65,158,39,1*7F
1777598563.326,$GBGSV,2,2,08,13,65,319,46,23,62,346,48,25,59,118,48,28,51,262,49,1*74
1777598563.326,$GBGSV,1,1,02,07,53,160,08,10,65,158,42,3*70
1777598563.327,$GBGSV,1,1,01,09,16,170,,0*4E
1777598563.327,$GNGLL,1339.08764,N,10029.52337,E,012243.00,A,D*7B
1777598564.312,$GNRMC,012244.00,A,1339.08693,N,10029.52277,E,3.142,218.35,010526,0.53,W,R,V*5D
1777598564.314,$GNVTG,218.35,T,218.88,M,3.142,N,5.818,K,D*3E
1777598564.315,$GNGGA,012244.00,1339.08693,N,10029.52277,E,4,12,0.63,-0.5,M,-27.8,M,1.0,0499*60
1777598564.316,$GNGSA,A,3,07,22,06,17,30,01,03,14,41,,,,1.21,0.63,1.03,1*02
1777598564.316,$GNGSA,A,3,79,73,80,82,84,83,,,,,,,1.21,0.63,1.03,2*08
1777598564.317,$GNGSA,A,3,25,02,30,34,36,08,,,,,,,1.21,0.63,1.03,3*0A
1777598564.317,$GNGSA,A,3,08,23,07,10,06,25,28,13,,,,,1.21,0.63,1.03,4*07
1777598564.318,$GPGSV,3,1,12,01,35,040,42,03,24,102,38,06,36,212,34,07,51,172,44,1*6F
1777598564.319,$GPGSV,3,2,12,14,44,354,45,17,44,321,44,19,31,283,34,22,33,340,41,1*60
1777598564.319,$GPGSV,3,3,12,30,70,250,46,40,36,256,38,41,64,233,48,42,70,217,46,1*63
1777598564.320,$GPGSV,2,1,07,01,35,040,41,03,24,102,39,06,36,212,32,07,51,172,42,6*6F
1777598564.320,$GPGSV,2,2,07,14,44,354,46,17,44,321,44,30,70,250,44,6*54
1777598564.321,$GPGSV,1,1,03,02,05,036,,09,06,170,,50,56,115,,0*5E
1777598564.321,$GLGSV,2,1,06,73,38,351,47,79,17,129,41,80,57,079,49,82,11,023,34,1*74
1777598564.322,$GLGSV,2,2,06,83,60,354,47,84,50,236,48,1*70
1777598564.322,$GLGSV,2,1,06,73,38,351,49,79,17,129,40,80,57,079,49,82,11,023,36,3*7B
1777598564.323,$GLGSV,2,2,06,83,60,354,47,84,50,236,48,3*72
1777598564.323,$GLGSV,1,1,01,85,08,217,,0*49
1777598564.324,$GAGSV,3,1,09,02,45,014,50,03,19,195,20,08,23,249,44,15,18,206,18,2*7C
1777598564.324,$GAGSV,3,2,09,18,42,294,49,25,29,082,44,30,17,320,36,34,67,179,51,2*79
1777598564.325,$GAGSV,3,3,09,36,51,048,50,2*47
1777598564.325,$GAGSV,2,1,07,02,45,014,43,08,23,249,37,18,42,294,44,25,29,082,40,7*76
1777598564.326,$GAGSV,2,2,07,30,17,320,30,34,67,179,45,36,51,048,44,7*46
1777598564.326,$GAGSV,1,1,03,07,04,295,,11,04,035,,32,26,223,,0*4E
1777598564.327,$GBGSV,2,1,08,06,24,148,36,07,53,160,48,08,45,005,46,10,65,158,44,1*7F
1777598564.327,$GBGSV,2,2,08,13,65,319,49,23,62,346,46,25,59,118,47,28,51,262,47,1*74
1777598564.328,$GBGSV,1,1,01,10,65,158,47,3*48
1777598564.328,$GBGSV,1,1,01,09,16,170,,0*4E
1777598564.329,$GNGLL,1339.08693,N,10029.52277,E,012244.00,A,D*70
1777598565.305,$GNRMC,012245.00,A,1339.08622,N,10029.52223,E,3.202,215.75,010526,0.53,W,R,V*59
1777598565.308,$GNVTG,215.75,T,216.28,M,3.202,N,5.930,K,D*3F
1777598565.309,$GNGGA,012245.00,1339.08622,N,10029.52223,E,4,12,0.63,-0.5,M,-27.8,M,1.0,0499*6A
1777598565.309,$GNGSA,A,3,07,22,06,17,30,01,03,14,41,,,,1.21,0.63,1.03,1*02
1777598565.310,$GNGSA,A,3,79,73,80,82,84,83,,,,,,,1.21,0.63,1.03,2*08
1777598565.310,$GNGSA,A,3,25,02,30,34,36,08,,,,,,,1.21,0.63,1.03,3*0A
1777598565.311,$GNGSA,A,3,08,23,07,10,06,25,28,13,,,,,1.21,0.63,1.03,4*07
1777598565.311,$GPGSV,3,1,11,01,35,040,42,03,24,102,38,06,36,212,30,07,51,172,44,1*68
1777598565.312,$GPGSV,3,2,11,14,44,354,43,17,44,321,42,22,33,340,41,30,70,250,46,1*66
1777598565.313,$GPGSV,3,3,11,40,36,256,38,41,64,233,47,42,70,217,47,1*5F
1777598565.313,$GPGSV,2,1,07,01,35,040,43,03,24,102,39,06,36,212,31,07,51,172,43,6*6F
1777598565.314,$GPGSV,2,2,07,14,44,354,43,17,44,321,40,30,70,250,44,6*55
1777598565.315,$GPGSV,1,1,04,02,05,036,,09,06,170,,19,31,283,,50,56,115,,0*6A
1777598565.315,$GLGSV,2,1,06,73,38,351,48,79,17,129,40,80,57,079,48,82,11,023,28,1*76
1777598565.316,$GLGSV,2,2,06,83,60,354,44,84,50,236,48,1*73
1777598565.317,$GLGSV,2,1,06,73,38,351,47,79,17,129,39,80,57,079,49,82,11,023,33,3*7E
1777598565.317,$GLGSV,2,2,06,83,60,354,45,84,50,236,49,3*71
1777598565.317,$GLGSV,1,1,01,85,08,217,,0*49
1777598565.318,$GAGSV,3,1,09,02,45,014,48,03,19,195,21,08,23,249,44,15,18,206,19,2*75
1777598565.319,$GAGSV,3,2,09,18,42,294,45,25,29,082,44,30,17,320,30,34,67,179,51,2*73
1777598565.319,$GAGSV,3,3,09,36,51,048,50,2*47
1777598565.320,$GAGSV,2,1,07,02,45,014,44,08,23,249,37,18,42,294,40,25,29,082,40,7*75
1777598565.320,$GAGSV,2,2,07,30,17,320,29,34,67,179,46,36,51,048,44,7*4D
1777598565.321,$GAGSV,1,1,03,07,04,295,,11,04,035,,32,26,223,,0*4E
1777598565.321,$GBGSV,2,1,08,06,24,148,41,07,53,160,47,08,45,005,46,10,65,158,45,1*71
1777598565.322,$GBGSV,2,2,08,13,65,319,48,23,62,346,49,25,59,118,48,28,51,262,49,1*7B
1777598565.322,$GBGSV,1,1,01,10,65,158,47,3*48
1777598565.323,$GBGSV,1,1,01,09,16,170,,0*4E
1777598565.323,$GNGLL,1339.08622,N,10029.52223,E,012245.00,A,D*7A
1777598566.314,$GNRMC,012246.00,A,1339.08547,N,10029.52172,E,3.216,210.87,010526,0.53,W,R,V*50
1777598566.316,$GNVTG,210.87,T,211.40,M,3.216,N,5.956,K,D*3B
1777598566.317,$GNGGA,012246.00,1339.08547,N,10029.52172,E,4,12,0.63,-0.5,M,-27.8,M,1.0,0499*6E
1777598566.318,$GNGSA,A,3,07,22,06,17,30,01,03,14,41,,,,1.21,0.63,1.03,1*02
1777598566.318,$GNGSA,A,3,79,73,80,82,84,83,,,,,,,1.21,0.63,1.03,2*08
1777598566.319,$GNGSA,A,3,25,02,30,34,36,08,,,,,,,1.21,0.63,1.03,3*0A
1777598566.319,$GNGSA,A,3,08,23,07,10,06,25,28,13,,,,,1.21,0.63,1.03,4*07
1777598566.320,$GPGSV,3,1,11,01,35,040,43,03,24,102,38,06,36,212,30,07,51,172,44,1*69
1777598566.321,$GPGSV,3,2,11,14,44,354,43,17,44,321,43,22,33,340,43,30,70,250,46,1*65
1777598566.321,$GPGSV,3,3,11,40,36,256,41,41,64,233,47,42,70,217,46,1*50
1777598566.322,$GPGSV,2,1,07,01,35,040,43,03,24,102,39,06,36,212,30,07,51,172,43,6*6E
1777598566.322,$GPGSV,2,2,07,14,44,354,44,17,44,321,44,30,70,250,44,6*56
1777598566.323,$GPGSV,1,1,04,02,05,036,,09,06,170,,19,31,283,,50,56,115,,0*6A
1777598566.324,$GLGSV,2,1,06,73,38,351,48,79,17,129,35,80,57,079,49,82,11,023,29,1*74
1777598566.324,$GLGSV,2,2,06,83,60,354,46,84,50,236,48,1*71
1777598566.325,$GLGSV,2,1,06,73,38,351,47,79,17,129,37,80,57,079,49,82,11,023,33,3*70
1777598566.325,$GLGSV,2,2,06,83,60,354,47,84,50,236,48,3*72
1777598566.326,$GLGSV,1,1,01,85,08,217,,0*49
1777598566.326,$GAGSV,3,1,09,02,45,014,49,03,19,195,19,08,23,249,45,15,18,206,19,2*7E
1777598566.327,$GAGSV,3,2,09,18,42,294,45,25,29,082,46,30,17,320,33,34,67,179,51,2*72
1777598566.327,$GAGSV,3,3,09,36,51,048,49,2*4F
1777598566.328,$GAGSV,2,1,07,02,45,014,43,08,23,249,37,18,42,294,39,25,29,082,40,7*7C
1777598566.328,$GAGSV,2,2,07,30,17,320,24,34,67,179,46,36,51,048,44,7*40
1777598566.329,$GAGSV,1,1,03,07,04,295,,11,04,035,,32,26,223,,0*4E
1777598566.330,$GBGSV,2,1,08,06,24,148,43,07,53,160,46,08,45,005,43,10,65,158,46,1*74
1777598566.330,$GBGSV,2,2,08,13,65,319,48,23,62,346,48,25,59,118,47,28,51,262,48,1*74
1777598566.331,$GBGSV,1,1,01,10,65,158,50,3*4E
1777598566.331,$GBGSV,1,1,01,09,16,170,,0*4E
1777598566.331,$GNGLL,1339.08547,N,10029.52172,E,012246.00,A,D*7E
1777598567.306,$GNRMC,012247.00,A,1339.08470,N,10029.52127,E,3.214,207.30,010526,0.53,W,R,V*5C
1777598567.308,$GNVTG,207.30,T,207.83,M,3.214,N,5.952,K,D*3F
1777598567.309,$GNGGA,012247.00,1339.08470,N,10029.52127,E,4,12,0.63,-0.5,M,-27.8,M,1.0,0499*6A
1777598567.310,$GNGSA,A,3,07,22,06,17,30,01,03,14,41,,,,1.21,0.63,1.03,1*02
1777598567.310,$GNGSA,A,3,79,73,80,82,84,83,,,,,,,1.21,0.63,1.03,2*08
1777598567.311,$GNGSA,A,3,25,02,30,34,36,08,,,,,,,1.21,0.63,1.03,3*0A
1777598567.311,$GNGSA,A,3,08,23,07,10,06,25,28,13,,,,,1.21,0.63,1.03,4*07
1777598567.312,$GPGSV,3,1,11,01,35,040,42,03,24,102,38,07,51,172,44,14,44,354,44,1*6E
1777598567.313,$GPGSV,3,2,11,17,44,321,42,19,31,283,27,22,33,340,40,30,70,250,46,1*61
1777598567.313,$GPGSV,3,3,11,40,36,256,44,41,64,233,47,42,70,217,46,1*55
1777598567.314,$GPGSV,2,1,07,01,35,040,43,03,24,102,39,06,36,212,23,07,51,172,43,6*6C
1777598567.314,$GPGSV,2,2,07,14,44,354,45,17,44,321,42,30,70,250,44,6*51
1777598567.315,$GPGSV,1,1,03,02,05,036,,09,06,170,,50,56,115,,0*5E
1777598567.316,$GLGSV,2,1,06,73,38,351,47,79,17,129,38,80,57,079,48,82,11,023,33,1*7C
1777598567.316,$GLGSV,2,2,06,83,60,354,49,84,50,236,48,1*7E
1777598567.317,$GLGSV,2,1,06,73,38,351,47,79,17,129,39,80,57,079,50,82,11,023,29,3*7D
1777598567.317,$GLGSV,2,2,06,83,60,354,48,84,50,236,48,3*7D
1777598567.318,$GLGSV,1,1,01,85,08,217,,0*49
1777598567.318,$GAGSV,3,1,09,02,45,014,48,03,19,195,20,08,23,249,44,15,18,206,18,2*75
1777598567.319,$GAGSV,3,2,09,18,42,294,43,25,29,082,45,30,17,320,32,34,67,179,51,2*76
1777598567.319,$GAGSV,3,3,09,36,51,048,50,2*47
1777598567.320,$GAGSV,2,1,07,02,45,014,43,08,23,249,41,18,42,294,31,25,29,082,40,7*75
1777598567.321,$GAGSV,2,2,07,30,17,320,26,34,67,179,46,36,51,048,44,7*42
1777598567.321,$GAGSV,1,1,03,07,04,295,,11,04,035,,32,26,223,,0*4E
1777598567.322,$GBGSV,2,1,08,06,24,148,42,07,53,160,46,08,45,005,45,10,65,158,45,1*70
1777598567.322,$GBGSV,2,2,08,13,65,319,49,23,62,346,49,25,59,118,45,28,51,262,48,1*76
1777598567.323,$GBGSV,1,1,02,07,53,160,13,10,65,158,49,3*71
1777598567.323,$GBGSV,1,1,01,09,16,170,,0*4E
1777598567.324,$GNGLL,1339.08470,N,10029.52127,E,012247.00,A,D*7A
1777598568.309,$GNRMC,012248.00,A,1339.08389,N,10029.52085,E,3.210,205.28,010526,0.53,W,R,V*54
1777598568.311,$GNVTG,205.28,T,205.81,M,3.210,N,5.945,K,D*36
1777598568.313,$GNGGA,012248.00,1339.08389,N,10029.52085,E,4,12,0.63,-0.5,M,-27.8,M,1.0,0499*6D
1777598568.313,$GNGSA,A,3,07,22,19,17,30,01,03,14,41,,,,1.19,0.63,1.01,1*05
1777598568.314,$GNGSA,A,3,79,73,80,82,84,83,,,,,,,1.19,0.63,1.01,2*01
1777598568.314,$GNGSA,A,3,25,02,30,34,36,08,,,,,,,1.19,0.63,1.01,3*03
1777598568.315,$GNGSA,A,3,08,23,07,10,06,25,28,13,,,,,1.19,0.63,1.01,4*0E
1777598568.315,$GPGSV,3,1,11,01,35,040,42,03,24,102,40,07,51,172,45,14,44,354,43,1*67
1777598568.316,$GPGSV,3,2,11,17,44,321,44,19,31,283,32,22,33,340,42,30,70,250,47,1*60
1777598568.317,$GPGSV,3,3,11,40,36,256,41,41,64,233,46,42,70,217,46,1*51
1777598568.318,$GPGSV,2,1,07,01,35,040,45,03,24,102,37,06,36,212,22,07,51,172,42,6*64
1777598568.318,$GPGSV,2,2,07,14,44,354,45,17,44,321,40,30,70,250,45,6*52
1777598568.319,$GPGSV,1,1,03,02,05,036,,09,06,170,,50,56,115,,0*5E
1777598568.320,$GLGSV,2,1,06,73,38,351,45,79,16,130,38,80,57,079,49,82,11,023,29,1*7D
1777598568.320,$GLGSV,2,2,06,83,60,354,48,84,50,236,50,1*76
1777598568.321,$GLGSV,2,1,06,73,38,351,47,79,16,130,36,80,57,079,50,82,11,023,28,3*7A
1777598568.322,$GLGSV,2,2,06,83,60,354,47,84,50,236,48,3*72
1777598568.322,$GLGSV,1,1,01,85,08,217,,0*49
1777598568.323,$GAGSV,3,1,09,02,45,014,50,03,19,195,18,08,23,249,42,15,18,206,16,2*7F
1777598568.324,$GAGSV,3,2,09,18,42,294,46,25,29,082,46,30,17,320,36,34,67,179,51,2*74
1777598568.324,$GAGSV,3,3,09,36,51,048,49,2*4F
1777598568.325,$GAGSV,2,1,07,02,45,014,44,08,23,249,39,18,42,294,39,25,29,082,40,7*75
1777598568.326,$GAGSV,2,2,07,30,17,320,24,34,67,179,45,36,51,048,45,7*42
1777598568.326,$GAGSV,1,1,03,07,04,295,,11,04,035,,32,26,223,,0*4E
1777598568.327,$GBGSV,2,1,08,06,24,148,42,07,53,160,46,08,45,005,45,10,65,158,46,1*73
1777598568.328,$GBGSV,2,2,08,13,65,319,49,23,62,346,47,25,59,118,44,28,51,262,48,1*79
1777598568.328,$GBGSV,1,1,02,07,53,160,11,10,65,158,49,3*73
1777598568.329,$GBGSV,1,1,01,09,16,170,,0*4E
1777598568.329,$GNGLL,1339.08389,N,10029.52085,E,012248.00,A,D*7D
1777598569.311,$GNRMC,012249.00,A,1339.08308,N,10029.52048,E,3.118,203.25,010526,0.53,W,R,V*5D
1777598569.313,$GNVTG,203.25,T,203.78,M,3.118,N,5.774,K,D*3A
1777598569.314,$GNGGA,012249.00,1339.08308,N,10029.52048,E,4,12,0.63,-0.6,M,-27.8,M,1.0,0499*67
1777598569.315,$GNGSA,A,3,07,22,19,17,30,01,03,14,41,,,,1.19,0.63,1.01,1*05
1777598569.315,$GNGSA,A,3,79,73,80,82,84,83,,,,,,,1.19,0.63,1.01,2*01
1777598569.316,$GNGSA,A,3,25,02,30,34,36,08,,,,,,,1.19,0.63,1.01,3*03
1777598569.316,$GNGSA,A,3,08,23,07,10,06,25,28,13,,,,,1.19,0.63,1.01,4*0E
1777598569.317,$GPGSV,3,1,11,01,35,040,42,03,24,102,35,07,51,172,43,14,44,354,44,1*64
1777598569.318,$GPGSV,3,2,11,17,44,321,40,19,31,283,32,22,33,340,40,30,70,250,47,1*66
1777598569.318,$GPGSV,3,3,11,40,36,256,42,41,64,233,47,42,70,217,46,1*53
1777598569.319,$GPGSV,2,1,07,01,35,040,44,03,24,102,36,06,36,212,23,07,51,172,43,6*64
1777598569.319,$GPGSV,2,2,07,14,44,354,44,17,44,321,40,30,70,250,44,6*52
1777598569.320,$GPGSV,1,1,03,02,05,036,,09,06,170,,50,56,115,,0*5E
1777598569.321,$GLGSV,2,1,06,73,38,351,46,79,16,130,32,80,57,081,48,82,11,023,29,1*72
1777598569.322,$GLGSV,2,2,06,83,60,354,48,84,50,236,45,1*72
1777598569.323,$GLGSV,2,1,06,73,38,351,45,79,16,130,32,80,57,081,49,82,11,023,27,3*7C
1777598569.323,$GLGSV,2,2,06,83,60,354,48,84,50,236,44,3*71
1777598569.323,$GLGSV,1,1,01,85,08,217,,0*49
1777598569.324,$GAGSV,3,1,09,02,45,014,48,03,19,195,19,08,23,249,37,15,18,206,15,2*76
1777598569.325,$GAGSV,3,2,09,18,42,294,46,25,29,082,45,30,17,320,35,34,67,179,50,2*75
1777598569.325,$GAGSV,3,3,09,36,51,048,50,2*47
1777598569.326,$GAGSV,2,1,07,02,45,014,45,08,23,249,31,18,42,294,40,25,29,082,39,7*7C
1777598569.326,$GAGSV,2,2,07,30,17,320,30,34,67,179,46,36,51,048,44,7*45
1777598569.327,$GAGSV,1,1,03,07,04,295,,11,04,035,,32,26,223,,0*4E
1777598569.327,$GBGSV,2,1,08,06,24,148,42,07,53,160,46,08,45,005,46,10,65,158,47,1*71
1777598569.328,$GBGSV,2,2,08,13,65,319,49,23,62,346,48,25,59,118,50,28,51,262,48,1*73
1777598569.329,$GBGSV,1,1,02,07,53,160,09,10,65,158,49,3*7A
1777598569.329,$GBGSV,1,1,01,09,16,170,,0*4E
1777598569.329,$GNGLL,1339.08308,N,10029.52048,E,012249.00,A,D*74
1777598570.309,$GNRMC,012250.00,A,1339.08230,N,10029.52018,E,2.961,197.09,010526,0.53,W,R,V*5D
1777598570.311,$GNVTG,197.09,T,197.62,M,2.961,N,5.484,K,D*34
1777598570.312,$GNGGA,012250.00,1339.08230,N,10029.52018,E,4,12,0.63,-0.6,M,-27.8,M,1.0,0499*60
1777598570.312,$GNGSA,A,3,07,22,19,17,30,01,03,14,41,,,,1.19,0.63,1.01,1*05
1777598570.313,$GNGSA,A,3,79,73,80,82,84,83,,,,,,,1.19,0.63,1.01,2*01
1777598570.313,$GNGSA,A,3,25,02,30,34,36,08,,,,,,,1.19,0.63,1.01,3*03
1777598570.314,$GNGSA,A,3,08,23,07,10,06,25,28,13,,,,,1.19,0.63,1.01,4*0E
1777598570.314,$GPGSV,3,1,11,01,35,040,41,03,24,102,36,07,51,172,47,14,44,354,44,1*60
1777598570.315,$GPGSV,3,2,11,17,44,321,43,19,31,283,32,22,33,340,42,30,70,250,46,1*66
1777598570.316,$GPGSV,3,3,11,40,36,256,40,41,64,233,47,42,70,217,45,1*52
1777598570.316,$GPGSV,2,1,07,01,35,040,42,03,24,102,36,06,36,212,23,07,51,172,42,6*63
1777598570.317,$GPGSV,2,2,07,14,44,354,46,17,44,321,40,30,70,250,45,6*51
1777598570.317,$GPGSV,1,1,03,02,05,036,,09,06,170,,50,56,115,,0*5E
1777598570.318,$GLGSV,2,1,06,73,38,351,46,79,16,130,37,80,57,081,49,82,11,023,34,1*7A
1777598570.319,$GLGSV,2,2,06,83,60,354,49,84,50,236,37,1*76
1777598570.319,$GLGSV,2,1,06,73,38,351,47,79,16,130,41,80,57,081,48,82,11,023,26,3*7A
1777598570.320,$GLGSV,2,2,06,83,60,354,49,84,50,236,33,3*70
1777598570.320,$GLGSV,1,1,01,85,08,217,,0*49
1777598570.321,$GAGSV,3,1,09,02,45,014,48,03,19,195,18,08,23,249,36,15,18,206,14,2*77
1777598570.321,$GAGSV,3,2,09,18,42,294,47,25,29,082,44,30,17,320,37,34,67,179,50,2*77
1777598570.322,$GAGSV,3,3,09,36,51,048,49,2*4F
1777598570.322,$GAGSV,2,1,06,02,45,014,44,18,42,294,42,25,29,082,39,30,17,320,30,7*7D
1777598570.323,$GAGSV,2,2,06,34,67,179,46,36,51,048,43,7*74
1777598570.323,$GAGSV,1,1,03,07,04,295,,11,04,035,,32,26,223,,0*4E
1777598570.324,$GBGSV,2,1,08,06,24,148,43,07,53,160,45,08,45,005,45,10,65,158,47,1*70
1777598570.324,$GBGSV,2,2,08,13,65,319,49,23,62,346,49,25,59,118,49,28,51,262,47,1*75
1777598570.325,$GBGSV,1,1,02,07,53,160,08,10,65,158,47,3*75
1777598570.325,$GBGSV,1,1,01,09,16,170,,0*4E
1777598570.326,$GNGLL,1339.08230,N,10029.52018,E,012250.00,A,D*73
1777598571.309,$GNRMC,012251.00,A,1339.08148,N,10029.51992,E,3.112,189.17,010526,0.53,W,R,V*55
1777598571.311,$GNVTG,189.17,T,189.70,M,3.112,N,5.764,K,D*38
1777598571.313,$GNGGA,012251.00,1339.08148,N,10029.51992,E,4,12,0.63,-0.6,M,-27.8,M,1.0,0499*65
1777598571.313,$GNGSA,A,3,07,22,19,17,30,01,03,14,41,,,,1.19,0.63,1.01,1*05
1777598571.314,$GNGSA,A,3,79,73,80,82,84,83,,,,,,,1.19,0.63,1.01,2*01
1777598571.314,$GNGSA,A,3,25,02,30,34,36,08,,,,,,,1.19,0.63,1.01,3*03
1777598571.315,$GNGSA,A,3,08,23,07,10,06,25,28,13,,,,,1.19,0.63,1.01,4*0E
1777598571.315,$GPGSV,3,1,11,01,35,040,42,03,24,102,36,07,51,172,41,14,44,354,44,1*65
1777598571.316,$GPGSV,3,2,11,17,44,321,44,19,31,283,36,22,33,340,38,30,70,250,46,1*68
1777598571.317,$GPGSV,3,3,11,40,36,256,34,41,64,233,39,42,70,217,46,1*5B
1777598571.317,$GPGSV,2,1,07,01,35,040,43,03,24,102,38,06,36,212,21,07,51,172,42,6*6E
1777598571.318,$GPGSV,2,2,07,14,44,354,46,17,44,321,42,30,70,250,45,6*53
1777598571.318,$GPGSV,1,1,03,02,05,036,,09,06,170,,50,56,115,,0*5E
1777598571.319,$GLGSV,2,1,06,73,38,351,48,79,16,130,42,80,57,081,48,82,10,024,30,1*75
1777598571.320,$GLGSV,2,2,06,83,60,354,48,84,50,236,26,1*77
1777598571.320,$GLGSV,2,1,06,73,38,351,47,79,16,130,42,80,57,081,47,82,10,024,26,3*70
1777598571.321,$GLGSV,2,2,06,83,60,354,49,84,50,236,27,3*75
1777598571.321,$GLGSV,1,1,01,85,08,217,,0*49
1777598571.322,$GAGSV,3,1,09,02,45,014,49,03,19,195,19,08,23,249,27,15,18,206,13,2*70
1777598571.322,$GAGSV,3,2,09,18,42,294,46,25,29,082,46,30,17,320,32,34,67,179,51,2*70
1777598571.323,$GAGSV,3,3,09,36,51,048,50,2*47
1777598571.323,$GAGSV,2,1,06,02,45,014,43,18,42,294,41,25,29,082,42,30,17,320,26,7*72
1777598571.324,$GAGSV,2,2,06,34,67,179,45,36,51,048,45,7*71
1777598571.324,$GAGSV,1,1,03,07,04,295,,11,04,035,,32,26,223,,0*4E
1777598571.325,$GBGSV,2,1,08,06,24,148,40,07,53,160,47,08,45,005,46,10,65,158,47,1*72
1777598571.325,$GBGSV,2,2,08,13,65,319,48,23,62,346,48,25,59,118,47,28,51,262,47,1*7B
1777598571.326,$GBGSV,1,1,02,07,53,160,07,10,65,158,47,3*7A
1777598571.326,$GBGSV,1,1,01,09,16,170,,0*4E
1777598571.327,$GNGLL,1339.08148,N,10029.51992,E,012251.00,A,D*76
1777598572.308,$GNRMC,012252.00,A,1339.08064,N,10029.51974,E,3.110,189.93,010526,0.53,W,R,V*5F
1777598572.310,$GNVTG,189.93,T,190.46,M,3.110,N,5.760,K,D*3F
1777598572.312,$GNGGA,012252.00,1339.08064,N,10029.51974,E,4,12,0.59,-0.5,M,-27.8,M,1.0,0499*6B
1777598572.312,$GNGSA,A,3,07,22,19,17,30,01,03,14,41,06,,,1.15,0.59,0.99,1*06
1777598572.313,$GNGSA,A,3,79,73,80,82,84,83,,,,,,,1.15,0.59,0.99,2*04
1777598572.313,$GNGSA,A,3,25,02,30,34,36,,,,,,,,1.15,0.59,0.99,3*0E
1777598572.314,$GNGSA,A,3,08,23,07,10,06,25,28,13,,,,,1.15,0.59,0.99,4*0B
1777598572.314,$GPGSV,3,1,11,01,35,040,42,03,24,102,36,07,51,172,42,14,44,354,43,1*61
1777598572.315,$GPGSV,3,2,11,17,44,321,43,19,31,283,30,22,33,340,38,30,70,250,45,1*6A
1777598572.315,$GPGSV,3,3,11,40,36,256,30,41,64,233,33,42,70,217,39,1*5D
1777598572.316,$GPGSV,2,1,07,01,35,040,42,03,24,102,36,06,36,212,23,07,51,172,44,6*65
1777598572.317,$GPGSV,2,2,07,14,44,354,46,17,44,321,42,30,70,250,44,6*52
1777598572.317,$GPGSV,1,1,03,02,05,036,,09,06,170,,50,56,115,,0*5E
1777598572.318,$GLGSV,2,1,06,73,38,351,48,79,16,130,41,80,57,081,47,82,10,024,30,1*79
1777598572.318,$GLGSV,2,2,06,83,59,355,49,84,50,236,26,1*7D
1777598572.319,$GLGSV,2,1,06,73,38,351,47,79,16,130,40,80,57,081,46,82,10,024,26,3*73
1777598572.319,$GLGSV,2,2,06,83,59,355,49,84,50,236,27,3*7E
1777598572.319,$GLGSV,1,1,01,85,08,217,,0*49
1777598572.320,$GAGSV,3,1,09,02,45,014,49,03,19,195,19,08,23,249,25,15,18,206,14,2*75
1777598572.321,$GAGSV,3,2,09,18,42,294,48,25,29,082,42,30,17,320,36,34,67,179,50,2*7F
1777598572.321,$GAGSV,3,3,09,36,51,048,50,2*47
1777598572.322,$GAGSV,2,1,06,02,45,014,43,18,42,294,43,25,29,082,35,30,17,320,32,7*75
1777598572.322,$GAGSV,2,2,06,34,67,179,46,36,51,048,43,7*74
1777598572.322,$GAGSV,1,1,03,07,04,295,,11,04,035,,32,26,223,,0*4E
1777598572.323,$GBGSV,2,1,08,06,24,148,39,07,53,160,47,08,45,005,44,10,65,158,46,1*7F
1777598572.324,$GBGSV,2,2,08,13,65,319,50,23,62,346,49,25,59,118,49,28,51,262,49,1*73
1777598572.324,$GBGSV,1,1,02,07,53,160,07,10,65,158,50,3*7C
1777598572.324,$GBGSV,1,1,01,09,16,170,,0*4E
1777598572.325,$GNGLL,1339.08064,N,10029.51974,E,012252.00,A,D*72
1777598573.299,$GNRMC,012253.00,A,1339.07980,N,10029.51963,E,3.098,186.57,010526,0.53,W,R,V*52
1777598573.302,$GNVTG,186.57,T,187.10,M,3.098,N,5.737,K,D*3E
1777598573.303,$GNGGA,012253.00,1339.07980,N,10029.51963,E,4,12,0.59,-0.5,M,-27.8,M,1.0,0499*60
1777598573.303,$GNGSA,A,3,07,22,19,17,30,01,03,14,41,06,,,1.15,0.59,0.99,1*06
1777598573.304,$GNGSA,A,3,79,73,80,82,84,83,,,,,,,1.15,0.59,0.99,2*04
1777598573.304,$GNGSA,A,3,25,02,30,34,36,,,,,,,,1.15,0.59,0.99,3*0E
1777598573.305,$GNGSA,A,3,08,23,07,10,06,25,28,13,,,,,1.15,0.59,0.99,4*0B
1777598573.306,$GPGSV,3,1,10,01,35,040,42,03,24,102,33,07,51,172,46,14,44,354,45,1*67
1777598573.306,$GPGSV,3,2,10,17,44,321,45,19,31,283,31,22,33,340,40,30,70,250,36,1*67
1777598573.307,$GPGSV,3,3,10,41,64,233,29,42,70,217,37,1*6A
1777598573.307,$GPGSV,2,1,07,01,35,040,43,03,24,102,36,06,36,212,22,07,51,172,45,6*64
1777598573.308,$GPGSV,2,2,07,14,44,354,45,17,44,321,44,30,70,250,35,6*51
1777598573.309,$GPGSV,1,1,04,02,05,036,,09,06,170,,40,36,256,,50,56,115,,0*69
1777598573.309,$GLGSV,2,1,06,73,38,351,48,79,16,130,42,80,57,081,47,82,10,024,23,1*78
1777598573.310,$GLGSV,2,2,06,83,59,355,49,84,51,238,26,1*72
1777598573.311,$GLGSV,2,1,06,73,38,351,48,79,16,130,41,80,57,081,47,82,10,024,25,3*7F
1777598573.311,$GLGSV,2,2,06,83,59,355,50,84,51,238,25,3*7B
1777598573.312,$GLGSV,1,1,01,85,08,217,,0*49
1777598573.312,$GAGSV,3,1,09,02,45,014,49,03,19,195,18,08,23,249,24,15,18,206,14,2*75
1777598573.313,$GAGSV,3,2,09,18,42,294,48,25,29,082,45,30,17,320,37,34,68,179,47,2*70
1777598573.313,$GAGSV,3,3,09,36,51,048,50,2*47
1777598573.314,$GAGSV,2,1,06,02,45,014,43,18,42,294,40,25,29,082,39,30,17,320,25,7*7C
1777598573.314,$GAGSV,2,2,06,34,68,179,43,36,51,048,44,7*79
1777598573.315,$GAGSV,1,1,03,07,04,295,,11,04,035,,32,26,223,,0*4E
1777598573.316,$GBGSV,2,1,08,06,24,148,38,07,53,160,46,08,45,005,44,10,65,158,47,1*7E
1777598573.317,$GBGSV,2,2,08,13,65,319,49,23,62,346,46,25,59,118,49,28,51,262,40,1*7D
1777598573.317,$GBGSV,1,1,02,07,53,160,07,10,65,158,48,3*75
1777598573.318,$GBGSV,1,1,01,09,16,170,,0*4E
1777598573.318,$GNGLL,1339.07980,N,10029.51963,E,012253.00,A,D*79
1777598574.299,$GNRMC,012254.00,A,1339.07891,N,10029.51954,E,3.149,184.16,010526,0.53,W,R,V*5A
1777598574.301,$GNVTG,184.16,T,184.69,M,3.149,N,5.833,K,D*32
1777598574.303,$GNGGA,012254.00,1339.07891,N,10029.51954,E,4,12,0.63,-0.6,M,-27.8,M,1.0,0499*68
1777598574.303,$GNGSA,A,3,07,22,17,30,01,03,14,06,,,,,1.21,0.63,1.03,1*07
1777598574.304,$GNGSA,A,3,79,73,80,82,84,83,,,,,,,1.21,0.63,1.03,2*08
1777598574.304,$GNGSA,A,3,25,02,08,30,03,34,36,,,,,,1.21,0.63,1.03,3*09
1777598574.305,$GNGSA,A,3,08,23,07,10,06,25,28,13,,,,,1.21,0.63,1.03,4*07
1777598574.305,$GPGSV,3,1,09,01,35,040,43,03,24,102,40,07,51,172,48,14,44,354,44,1*65
1777598574.306,$GPGSV,3,2,09,17,44,321,43,22,33,340,42,30,70,250,32,42,70,217,30,1*68
1777598574.306,$GPGSV,3,3,09,50,56,115,43,1*59
1777598574.307,$GPGSV,2,1,07,01,35,040,43,03,24,102,38,06,36,212,21,07,51,172,44,6*68
1777598574.307,$GPGSV,2,2,07,14,44,354,45,17,44,321,41,30,70,250,27,6*57
1777598574.308,$GPGSV,2,1,05,02,05,036,,09,06,170,,19,31,283,,40,36,256,,0*6B
1777598574.308,$GPGSV,2,2,05,40,36,256,,0*50
1777598574.309,$GLGSV,2,1,06,73,38,351,47,79,16,130,40,80,57,081,46,82,10,024,36,1*70
1777598574.309,$GLGSV,2,2,06,83,59,355,48,84,51,238,26,1*73
1777598574.310,$GLGSV,2,1,06,73,38,351,49,79,16,130,41,80,57,081,50,82,10,024,37,3*7B
1777598574.311,$GLGSV,2,2,06,83,59,355,50,84,51,238,25,3*7B
1777598574.311,$GLGSV,1,1,01,85,08,218,,0*46
1777598574.311,$GAGSV,3,1,09,02,45,014,50,03,19,195,20,08,23,249,20,15,18,206,13,2*75
1777598574.312,$GAGSV,3,2,09,18,42,294,47,25,29,082,44,30,17,320,26,34,68,179,40,2*79
1777598574.312,$GAGSV,3,3,09,36,51,048,50,2*47
1777598574.313,$GAGSV,2,1,06,02,45,014,43,18,42,294,41,25,29,082,41,30,17,320,25,7*72
1777598574.313,$GAGSV,2,2,06,34,68,179,39,36,51,048,45,7*75
1777598574.314,$GAGSV,1,1,03,07,04,295,,11,04,035,,32,26,223,,0*4E
1777598574.314,$GBGSV,2,1,08,06,24,148,35,07,53,160,45,08,45,005,44,10,65,158,46,1*71
1777598574.315,$GBGSV,2,2,08,13,65,319,50,23,62,346,50,25,59,118,49,28,51,262,30,1*75
1777598574.316,$GBGSV,1,1,02,07,53,160,08,10,65,158,47,3*75
1777598574.316,$GBGSV,1,1,01,09,16,170,,0*4E
1777598574.316,$GNGLL,1339.07891,N,10029.51954,E,012254.00,A,D*7B
1777598575.305,$GNRMC,012255.00,A,1339.07804,N,10029.51948,E,3.044,181.04,010526,0.53,W,R,V*50
1777598575.307,$GNVTG,181.04,T,181.57,M,3.044,N,5.637,K,D*3A
1777598575.308,$GNGGA,012255.00,1339.07804,N,10029.51948,E,4,12,0.59,-0.6,M,-27.8,M,1.0,0499*61
1777598575.309,$GNGSA,A,3,07,22,17,30,01,03,14,19,06,,,,1.15,0.59,1.00,1*02
1777598575.309,$GNGSA,A,3,79,73,80,82,84,83,,,,,,,1.15,0.59,1.00,2*05
1777598575.310,$GNGSA,A,3,25,02,30,34,36,,,,,,,,1.15,0.59,1.00,3*0F
1777598575.310,$GNGSA,A,3,08,23,07,10,06,25,28,13,,,,,1.15,0.59,1.00,4*0A
1777598575.311,$GPGSV,3,1,10,01,35,040,43,03,24,102,38,07,51,172,47,14,44,354,45,1*6C
1777598575.312,$GPGSV,3,2,10,17,44,321,46,19,31,283,31,22,33,340,43,30,70,250,24,1*64
1777598575.312,$GPGSV,3,3,10,42,70,217,28,50,56,115,42,1*6F
1777598575.313,$GPGSV,2,1,07,01,35,040,43,03,24,102,39,06,36,212,21,07,51,172,44,6*69
1777598575.313,$GPGSV,2,2,07,14,44,354,44,17,44,321,45,30,70,250,26,6*53
1777598575.314,$GPGSV,1,1,04,02,05,036,,09,06,170,,40,36,256,,41,64,233,,0*6F
1777598575.315,$GLGSV,2,1,06,73,38,351,48,79,16,130,39,80,57,081,46,82,10,024,38,1*7F
1777598575.315,$GLGSV,2,2,06,83,59,355,47,84,51,238,26,1*7C
1777598575.316,$GLGSV,2,1,06,73,38,351,48,79,16,130,33,80,57,081,50,82,10,024,34,3*7C
1777598575.316,$GLGSV,2,2,06,83,59,355,48,84,51,238,24,3*73
1777598575.317,$GLGSV,1,1,01,85,08,218,,0*46
1777598575.317,$GAGSV,3,1,09,02,45,014,50,03,19,195,20,08,23,249,18,15,18,206,17,2*7A
1777598575.318,$GAGSV,3,2,09,18,42,294,49,25,29,082,42,30,17,320,26,34,68,179,44,2*75
1777598575.318,$GAGSV,3,3,09,36,51,048,49,2*4F
1777598575.319,$GAGSV,2,1,06,02,45,014,44,18,42,294,44,25,29,082,38,30,17,320,24,7*7F
1777598575.319,$GAGSV,2,2,06,34,68,179,36,36,51,048,44,7*7B
1777598575.320,$GAGSV,1,1,03,07,04,295,,11,04,035,,32,26,223,,0*4E
1777598575.320,$GBGSV,2,1,08,06,24,148,39,07,53,160,45,08,45,005,45,10,65,158,43,1*79
1777598575.321,$GBGSV,2,2,08,13,65,319,48,23,62,346,49,25,59,118,49,28,51,262,21,1*74
1777598575.321,$GBGSV,1,1,02,07,53,160,07,10,65,158,46,3*7B
1777598575.322,$GBGSV,1,1,01,09,16,170,,0*4E
1777598575.322,$GNGLL,1339.07804,N,10029.51948,E,012255.00,A,D*7B
1777598576.296,$GNRMC,012256.00,A,1339.07720,N,10029.51948,E,3.133,183.83,010526,0.53,W,R,V*56
1777598576.298,$GNVTG,183.83,T,184.36,M,3.133,N,5.803,K,D*3D
1777598576.300,$GNGGA,012256.00,1339.07720,N,10029.51948,E,4,12,0.68,-0.6,M,-27.8,M,1.0,0499*69
1777598576.300,$GNGSA,A,3,07,22,17,30,01,03,14,06,,,,,1.26,0.68,1.07,1*0F
1777598576.301,$GNGSA,A,3,79,73,80,82,84,83,,,,,,,1.26,0.68,1.07,2*00
1777598576.301,$GNGSA,A,3,25,02,30,03,34,36,,,,,,,1.26,0.68,1.07,3*09
1777598576.302,$GNGSA,A,3,08,23,07,10,06,25,28,13,,,,,1.26,0.68,1.07,4*0F
1777598576.302,$GPGSV,2,1,08,01,35,040,44,03,24,102,41,07,51,172,47,14,44,354,47,1*6F
1777598576.303,$GPGSV,2,2,08,17,44,321,43,22,33,340,43,30,70,250,27,50,56,115,40,1*6C
1777598576.303,$GPGSV,2,1,07,01,35,040,44,03,24,102,39,06,36,212,20,07,51,172,44,6*6F
1777598576.304,$GPGSV,2,2,07,14,44,354,44,17,44,321,43,30,70,250,25,6*56
1777598576.305,$GPGSV,2,1,06,02,05,036,,09,06,170,,19,31,283,,40,36,256,,0*68
1777598576.305,$GPGSV,2,2,06,40,36,256,,41,64,233,,0*66
1777598576.306,$GLGSV,2,1,06,73,38,351,46,79,16,130,31,80,57,081,49,82,10,024,37,1*79
1777598576.306,$GLGSV,2,2,06,83,59,355,50,84,51,238,24,1*78
1777598576.307,$GLGSV,2,1,06,73,38,351,48,79,16,130,39,80,57,081,49,82,10,024,35,3*7F
1777598576.307,$GLGSV,2,2,06,83,59,355,49,84,51,238,24,3*72
1777598576.307,$GLGSV,1,1,01,85,08,218,,0*46
1777598576.308,$GAGSV,3,1,09,02,45,014,49,03,19,195,21,08,23,249,17,15,18,206,17,2*7C
1777598576.308,$GAGSV,3,2,09,18,42,294,36,25,29,082,47,30,17,320,32,34,68,179,44,2*7D
1777598576.309,$GAGSV,3,3,09,36,51,048,50,2*47
1777598576.309,$GAGSV,2,1,05,02,45,014,43,25,29,082,42,30,17,320,23,34,68,179,39,7*7D
1777598576.310,$GAGSV,2,2,05,36,51,048,45,7*4A
1777598576.310,$GAGSV,1,1,03,07,04,295,,11,04,035,,32,26,223,,0*4E
1777598576.311,$GBGSV,2,1,08,06,24,148,35,07,53,160,45,08,45,005,46,10,65,158,45,1*70
1777598576.311,$GBGSV,2,2,08,13,65,319,48,23,62,346,46,25,59,118,48,28,51,262,23,1*78
1777598576.312,$GBGSV,1,1,02,07,53,160,07,10,65,158,48,3*75
1777598576.312,$GBGSV,1,1,01,09,16,170,,0*4E
1777598576.313,$GNGLL,1339.07720,N,10029.51948,E,012256.00,A,D*71
1777598577.300,$GNRMC,012257.00,A,1339.07633,N,10029.51946,E,3.240,182.99,010526,0.53,W,R,V*57
1777598577.302,$GNVTG,182.99,T,183.52,M,3.240,N,6.000,K,D*3D
1777598577.303,$GNGGA,012257.00,1339.07633,N,10029.51946,E,4,12,0.71,-0.6,M,-27.8,M,1.0,0499*6D
1777598577.304,$GNGSA,A,3,07,22,17,30,01,03,14,,,,,,1.33,0.71,1.12,1*01
1777598577.304,$GNGSA,A,3,79,73,80,82,84,83,,,,,,,1.33,0.71,1.12,2*08
1777598577.305,$GNGSA,A,3,25,02,30,03,34,36,,,,,,,1.33,0.71,1.12,3*01
1777598577.305,$GNGSA,A,3,08,23,07,10,25,28,13,,,,,,1.33,0.71,1.12,4*01
1777598577.306,$GPGSV,3,1,09,01,35,040,44,03,24,102,39,06,36,212,25,07,51,172,46,1*60
1777598577.307,$GPGSV,3,2,09,14,44,354,41,17,44,321,44,22,33,340,43,30,70,250,24,1*6D
1777598577.307,$GPGSV,3,3,09,50,56,115,43,1*59
1777598577.308,$GPGSV,2,1,07,01,35,040,43,03,24,102,40,06,36,212,19,07,51,172,44,6*6C
1777598577.308,$GPGSV,2,2,07,14,44,354,46,17,44,321,40,30,70,250,23,6*51
1777598577.309,$GPGSV,2,1,06,02,05,036,,09,06,170,,19,31,283,,40,36,256,,0*68
1777598577.309,$GPGSV,2,2,06,40,36,256,,41,64,233,,0*66
1777598577.310,$GLGSV,2,1,06,73,38,351,44,79,16,130,30,80,57,081,49,82,10,024,36,1*7B
1777598577.310,$GLGSV,2,2,06,83,59,355,42,84,51,238,22,1*7D
1777598577.311,$GLGSV,2,1,06,73,38,351,50,79,16,130,39,80,57,081,49,82,10,024,39,3*7A
1777598577.311,$GLGSV,2,2,06,83,59,355,46,84,51,238,23,3*7A
1777598577.311,$GLGSV,1,1,01,85,08,218,,0*46
1777598577.312,$GAGSV,3,1,09,02,45,014,48,03,19,195,20,08,23,249,17,15,18,206,17,2*7C
1777598577.312,$GAGSV,3,2,09,18,42,294,25,25,29,082,47,30,17,320,23,34,68,179,42,2*79
1777598577.313,$GAGSV,3,3,09,36,51,048,47,2*41
1777598577.313,$GAGSV,2,1,06,02,45,014,43,18,42,294,28,25,29,082,40,30,17,320,21,7*78
1777598577.314,$GAGSV,2,2,06,34,68,179,39,36,51,048,45,7*75
1777598577.314,$GAGSV,1,1,03,07,04,295,,11,04,035,,32,26,223,,0*4E
1777598577.315,$GBGSV,2,1,07,07,53,160,47,08,45,005,45,10,65,158,45,13,65,319,44,1*7F
1777598577.315,$GBGSV,2,2,07,23,62,346,46,25,59,118,49,28,51,262,25,1*46
1777598577.316,$GBGSV,1,1,01,10,65,158,50,3*4E
1777598577.316,$GBGSV,1,1,02,06,24,148,,09,16,170,,0*70
1777598577.317,$GNGLL,1339.07633,N,10029.51946,E,012257.00,A,D*7D
1777598578.295,$GNRMC,012258.00,A,1339.07543,N,10029.51945,E,3.211,178.14,010526,0.53,W,R,V*5B
1777598578.297,$GNVTG,178.14,T,178.67,M,3.211,N,5.946,K,D*33
1777598578.299,$GNGGA,012258.00,1339.07543,N,10029.51945,E,4,12,0.73,-0.5,M,-27.8,M,1.0,0499*64
1777598578.299,$GNGSA,A,3,07,22,17,30,01,03,14,,,,,,1.30,0.73,1.07,1*04
1777598578.300,$GNGSA,A,3,79,73,80,82,84,83,,,,,,,1.30,0.73,1.07,2*0D
1777598578.300,$GNGSA,A,3,25,02,30,34,36,,,,,,,,1.30,0.73,1.07,3*07
1777598578.300,$GNGSA,A,3,08,23,07,10,06,25,28,13,,,,,1.30,0.73,1.07,4*02
1777598578.301,$GPGSV,3,1,09,01,35,040,44,03,24,102,42,06,36,212,22,07,51,172,44,1*69
1777598578.301,$GPGSV,3,2,09,14,44,354,33,17,44,321,38,22,33,340,39,30,70,250,22,1*68
1777598578.302,$GPGSV,3,3,09,50,56,115,40,1*5A
1777598578.302,$GPGSV,2,1,07,01,35,040,43,03,24,102,36,06,36,212,16,07,51,172,41,6*67
1777598578.303,$GPGSV,2,2,07,14,44,354,39,17,44,321,32,30,70,250,20,6*5F
1777598578.303,$GPGSV,2,1,06,02,05,036,,09,06,170,,19,31,283,,40,36,256,,0*68
1777598578.304,$GPGSV,2,2,06,40,36,256,,41,64,233,,0*66
1777598578.304,$GLGSV,2,1,06,73,38,351,43,79,16,130,40,80,57,081,47,82,10,024,39,1*7A
1777598578.305,$GLGSV,2,2,06,83,59,355,47,84,51,238,19,1*70
1777598578.305,$GLGSV,2,1,06,73,38,351,47,79,16,130,36,80,57,081,49,82,10,024,35,3*7F
1777598578.306,$GLGSV,2,2,06,83,59,355,49,84,51,238,24,3*72
1777598578.306,$GLGSV,1,1,01,85,08,218,,0*46
1777598578.307,$GAGSV,3,1,09,02,45,014,50,03,19,195,18,08,23,249,16,15,18,206,15,2*7D
1777598578.307,$GAGSV,3,2,09,18,42,294,23,25,29,082,44,30,17,320,24,34,68,179,41,2*78
1777598578.308,$GAGSV,3,3,09,36,51,048,47,2*41
1777598578.308,$GAGSV,2,1,06,02,45,014,43,18,42,294,25,25,29,082,43,30,17,320,19,7*7D
1777598578.309,$GAGSV,2,2,06,34,68,179,38,36,51,048,41,7*70
1777598578.309,$GAGSV,1,1,03,07,04,295,,11,04,035,,32,26,223,,0*4E
1777598578.310,$GBGSV,2,1,08,06,24,148,34,07,53,160,47,08,45,005,44,10,65,158,47,1*73
1777598578.310,$GBGSV,2,2,08,13,65,319,37,23,62,346,47,25,59,118,50,28,51,262,25,1*7E
1777598578.311,$GBGSV,1,1,01,10,65,158,50,3*4E
1777598578.311,$GBGSV,1,1,01,09,16,170,,0*4E
1777598578.312,$GNGLL,1339.07543,N,10029.51945,E,012258.00,A,D*75
1777598579.294,$GNRMC,012259.00,A,1339.07454,N,10029.51946,E,3.144,178.87,010526,0.53,W,R,V*57
1777598579.296,$GNVTG,178.87,T,179.40,M,3.144,N,5.823,K,D*3C
1777598579.298,$GNGGA,012259.00,1339.07454,N,10029.51946,E,4,12,0.72,-0.4,M,-27.8,M,1.0,0499*61
1777598579.298,$GNGSA,A,3,07,22,17,30,01,03,14,,,,,,1.29,0.72,1.07,1*0D
1777598579.299,$GNGSA,A,3,79,73,80,82,84,83,,,,,,,1.29,0.72,1.07,2*04
1777598579.299,$GNGSA,A,3,25,02,30,34,36,,,,,,,,1.29,0.72,1.07,3*0E
1777598579.300,$GNGSA,A,3,08,23,07,10,06,25,28,13,,,,,1.29,0.72,1.07,4*0B
1777598579.300,$GPGSV,3,1,09,01,34,040,35,03,24,102,37,06,36,212,21,07,51,172,42,1*69
1777598579.301,$GPGSV,3,2,09,14,44,354,47,17,44,321,27,22,33,340,38,30,70,250,21,1*67
1777598579.302,$GPGSV,3,3,09,50,56,115,39,1*54
1777598579.302,$GPGSV,2,1,07,01,34,040,38,03,24,102,34,06,36,212,16,07,51,172,37,6*69
1777598579.303,$GPGSV,2,2,07,14,44,354,41,17,44,321,26,30,70,250,17,6*51
1777598579.303,$GPGSV,2,1,06,02,05,036,,09,06,170,,19,31,283,,40,36,256,,0*68
1777598579.304,$GPGSV,2,2,06,40,36,256,,41,64,233,,0*66
1777598579.305,$GLGSV,2,1,06,73,38,351,41,79,16,130,42,80,57,081,44,82,10,024,36,1*76
1777598579.305,$GLGSV,2,2,06,83,59,355,45,84,51,238,20,1*78
1777598579.306,$GLGSV,2,1,06,73,38,351,41,79,16,130,35,80,57,081,47,82,10,024,36,3*77
1777598579.306,$GLGSV,2,2,06,83,59,355,42,84,51,238,23,3*7E
1777598579.306,$GLGSV,1,1,01,85,08,218,,0*46
1777598579.307,$GAGSV,3,1,09,02,45,014,50,03,19,195,17,08,23,249,17,15,18,206,14,2*72
1777598579.308,$GAGSV,3,2,09,18,42,294,21,25,29,082,39,30,17,320,23,34,68,179,37,2*76
1777598579.308,$GAGSV,3,3,09,36,51,048,47,2*41
1777598579.309,$GAGSV,2,1,06,02,45,014,46,18,42,294,23,25,29,082,40,30,17,320,20,7*77
1777598579.309,$GAGSV,2,2,06,34,68,179,34,36,51,048,42,7*7F
1777598579.310,$GAGSV,1,1,03,07,04,295,,11,04,035,,32,26,223,,0*4E
1777598579.310,$GBGSV,2,1,08,06,24,148,40,07,53,160,44,08,45,005,40,10,65,158,46,1*76
1777598579.311,$GBGSV,2,2,08,13,65,319,28,23,62,346,40,25,59,118,48,28,51,262,23,1*78
1777598579.311,$GBGSV,1,1,01,10,65,158,48,3*47
1777598579.312,$GBGSV,1,1,01,09,16,170,,0*4E
1777598579.312,$GNGLL,1339.07454,N,10029.51946,E,012259.00,A,D*70
1777598580.293,$GNRMC,012300.00,A,1339.07364,N,10029.51948,E,3.334,181.49,010526,0.53,W,R,V*51
1777598580.295,$GNVTG,181.49,T,182.03,M,3.334,N,6.175,K,D*37
1777598580.297,$GNGGA,012300.00,1339.07364,N,10029.51948,E,4,12,0.72,-0.3,M,-27.8,M,1.0,0499*61
1777598580.297,$GNGSA,A,3,07,22,17,30,01,03,14,,,,,,1.29,0.72,1.07,1*0D
1777598580.298,$GNGSA,A,3,79,73,80,82,84,83,,,,,,,1.29,0.72,1.07,2*04
1777598580.298,$GNGSA,A,3,25,02,30,34,36,,,,,,,,1.29,0.72,1.07,3*0E
1777598580.299,$GNGSA,A,3,08,23,07,10,06,25,28,13,,,,,1.29,0.72,1.07,4*0B
1777598580.299,$GPGSV,2,1,08,01,34,040,39,03,24,102,32,07,51,172,40,14,44,354,39,1*6E
1777598580.300,$GPGSV,2,2,08,17,44,321,26,22,33,340,36,30,70,250,20,50,56,115,42,1*68
1777598580.301,$GPGSV,2,1,07,01,34,040,42,03,24,102,32,06,36,212,16,07,51,172,35,6*60
1777598580.301,$GPGSV,2,2,07,14,44,354,38,17,44,321,24,30,70,250,16,6*5C
1777598580.302,$GPGSV,2,1,06,02,04,036,,09,06,170,,19,31,283,,40,36,256,,0*69
1777598580.302,$GPGSV,2,2,06,40,36,256,,41,64,233,,0*66
1777598580.303,$GLGSV,2,1,06,73,38,351,45,79,16,130,43,80,57,081,44,82,10,024,41,1*73
1777598580.303,$GLGSV,2,2,06,83,59,355,40,84,51,238,21,1*7C
1777598580.304,$GLGSV,2,1,06,73,38,351,43,79,16,130,37,80,57,081,45,82,10,024,37,3*74
1777598580.304,$GLGSV,2,2,06,83,59,355,36,84,51,238,22,3*7C
1777598580.305,$GLGSV,1,1,01,85,08,218,,0*46
1777598580.305,$GAGSV,3,1,09,02,45,014,45,03,19,195,19,08,23,249,17,15,18,206,14,2*78
1777598580.306,$GAGSV,3,2,09,18,42,294,19,25,29,082,45,30,17,320,25,34,68,179,39,2*7E
1777598580.306,$GAGSV,3,3,09,36,51,048,48,2*4E
1777598580.307,$GAGSV,2,1,05,02,45,014,45,25,29,082,36,30,17,320,20,34,68,179,36,7*74
1777598580.307,$GAGSV,2,2,05,36,51,048,44,7*4B
1777598580.308,$GAGSV,1,1,03,07,04,295,,11,04,035,,32,26,223,,0*4E
1777598580.308,$GBGSV,2,1,08,06,24,148,41,07,53,160,44,08,45,005,46,10,65,158,47,1*70
1777598580.309,$GBGSV,2,2,08,13,65,319,27,23,62,346,32,25,59,118,48,28,51,262,22,1*73
1777598580.309,$GBGSV,1,1,01,10,65,158,49,3*46
1777598580.310,$GBGSV,1,1,01,09,16,170,,0*4E
1777598580.310,$GNGLL,1339.07364,N,10029.51948,E,012300.00,A,D*77
1777598581.291,$GNRMC,012301.00,A,1339.07272,N,10029.51950,E,3.303,180.52,010526,0.53,W,R,V*50
1777598581.293,$GNVTG,180.52,T,181.05,M,3.303,N,6.116,K,D*38
1777598581.295,$GNGGA,012301.00,1339.07272,N,10029.51950,E,4,12,0.72,-0.3,M,-27.8,M,1.0,0499*6F
1777598581.295,$GNGSA,A,3,07,22,17,30,01,03,14,,,,,,1.29,0.72,1.07,1*0D
1777598581.296,$GNGSA,A,3,79,73,80,82,84,83,,,,,,,1.29,0.72,1.07,2*04
1777598581.296,$GNGSA,A,3,25,02,30,34,36,,,,,,,,1.29,0.72,1.07,3*0E
1777598581.297,$GNGSA,A,3,08,23,07,10,06,25,28,13,,,,,1.29,0.72,1.07,4*0B
1777598581.297,$GPGSV,2,1,08,01,34,040,39,03,24,101,38,07,51,172,43,14,44,354,38,1*65
1777598581.298,$GPGSV,2,2,08,17,44,321,25,22,33,340,31,30,70,250,20,50,56,115,45,1*6B
1777598581.299,$GPGSV,2,1,07,01,34,040,39,03,24,101,29,06,36,212,16,07,51,172,37,6*67
1777598581.299,$GPGSV,2,2,07,14,44,354,35,17,44,321,22,30,70,250,17,6*56
1777598581.300,$GPGSV,2,1,06,02,04,036,,09,06,170,,19,31,283,,40,36,256,,0*69
1777598581.300,$GPGSV,2,2,06,40,36,256,,41,64,233,,0*66
1777598581.301,$GLGSV,2,1,06,73,38,351,39,79,16,130,41,80,57,081,46,82,10,024,41,1*78
1777598581.302,$GLGSV,2,2,06,83,59,355,37,84,51,238,20,1*7D
1777598581.302,$GLGSV,2,1,06,73,38,351,32,79,16,130,37,80,57,081,46,82,10,024,40,3*71
1777598581.303,$GLGSV,2,2,06,83,59,355,36,84,51,238,21,3*7F
1777598581.303,$GLGSV,1,1,01,85,08,218,,0*46
1777598581.304,$GAGSV,3,1,09,02,45,014,48,03,19,195,19,08,23,249,18,15,18,206,15,2*7B
1777598581.304,$GAGSV,3,2,09,18,42,294,21,25,29,082,39,30,17,320,24,34,68,179,34,2*72
1777598581.305,$GAGSV,3,3,09,36,51,048,48,2*4E
1777598581.305,$GAGSV,2,1,05,02,45,014,43,25,29,082,28,30,17,320,21,34,68,179,31,7*7B
1777598581.306,$GAGSV,2,2,05,36,51,048,46,7*49
1777598581.306,$GAGSV,1,1,03,07,04,295,,11,04,035,,32,26,223,,0*4E
1777598581.307,$GBGSV,2,1,08,06,24,148,40,07,53,160,46,08,45,005,42,10,65,158,47,1*77
1777598581.307,$GBGSV,2,2,08,13,65,319,25,23,62,346,33,25,59,118,47,28,51,262,20,1*7D
1777598581.308,$GBGSV,1,1,01,10,65,158,49,3*46
1777598581.308,$GBGSV,1,1,01,09,16,170,,0*4E
1777598581.308,$GNGLL,1339.07272,N,10029.51950,E,012301.00,A,D*79
1777598582.292,$GNRMC,012302.00,A,1339.07180,N,10029.51951,E,3.344,177.36,010526,0.53,W,F,V*41
1777598582.294,$GNVTG,177.36,T,177.89,M,3.344,N,6.192,K,D*30
1777598582.295,$GNGGA,012302.00,1339.07180,N,10029.51951,E,5,12,0.79,-0.3,M,-27.8,M,1.0,0499*69
1777598582.296,$GNGSA,A,3,07,22,17,30,01,03,14,,,,,,1.34,0.79,1.08,1*05
1777598582.296,$GNGSA,A,3,79,73,80,82,84,83,,,,,,,1.34,0.79,1.08,2*0C
1777598582.297,$GNGSA,A,3,25,02,30,03,34,36,,,,,,,1.34,0.79,1.08,3*05
1777598582.297,$GNGSA,A,3,08,23,07,10,06,25,13,,,,,,1.34,0.79,1.08,4*09
1777598582.298,$GPGSV,2,1,08,01,34,040,42,03,24,101,37,07,51,172,43,14,44,354,33,1*6D
1777598582.299,$GPGSV,2,2,08,17,44,321,24,22,33,340,27,30,70,250,20,50,56,115,43,1*6B
1777598582.299,$GPGSV,2,1,07,01,34,040,44,03,24,101,36,06,36,212,17,07,51,172,40,6*62
1777598582.300,$GPGSV,2,2,07,14,44,354,33,17,44,321,20,30,70,250,18,6*5D
1777598582.301,$GPGSV,2,1,06,02,04,036,,09,06,170,,19,31,283,,40,36,256,,0*69
1777598582.301,$GPGSV,2,2,06,40,36,256,,41,64,233,,0*66
1777598582.302,$GLGSV,2,1,06,73,38,351,35,79,16,130,42,80,57,081,46,82,10,024,37,1*76
1777598582.302,$GLGSV,2,2,06,83,59,355,36,84,51,238,22,1*7E
1777598582.303,$GLGSV,2,1,06,73,38,351,42,79,16,130,42,80,57,081,48,82,10,024,38,3*75
1777598582.303,$GLGSV,2,2,06,83,59,355,36,84,51,238,20,3*7E
1777598582.304,$GLGSV,1,1,01,85,08,218,,0*46
1777598582.305,$GAGSV,3,1,09,02,45,014,49,03,19,195,21,08,23,249,17,15,18,206,17,2*7C
1777598582.305,$GAGSV,3,2,09,18,42,294,22,25,29,082,32,30,17,320,23,34,68,179,36,2*7F
1777598582.306,$GAGSV,3,3,09,36,51,048,46,2*40
1777598582.306,$GAGSV,2,1,05,02,45,014,43,25,29,082,27,30,17,320,21,34,68,179,29,7*7D
1777598582.307,$GAGSV,2,2,05,36,51,048,44,7*4B
1777598582.307,$GAGSV,1,1,03,07,04,295,,11,04,035,,32,26,223,,0*4E
1777598582.308,$GBGSV,2,1,08,06,24,148,41,07,53,160,47,08,45,005,46,10,65,158,45,1*71
1777598582.308,$GBGSV,2,2,08,13,65,319,25,23,62,346,29,25,59,118,48,28,51,262,19,1*73
1777598582.309,$GBGSV,1,1,01,10,65,158,46,3*49
1777598582.309,$GBGSV,1,1,01,09,16,170,,0*4E
1777598582.310,$GNGLL,1339.07180,N,10029.51951,E,012302.00,A,D*75
1777598583.289,$GNRMC,012303.00,A,1339.07088,N,10029.51955,E,3.249,177.31,010526,0.53,W,F,V*46
1777598583.291,$GNVTG,177.31,T,177.84,M,3.249,N,6.018,K,D*35
1777598583.293,$GNGGA,012303.00,1339.07088,N,10029.51955,E,5,12,0.80,-0.3,M,-27.8,M,1.0,0499*63
1777598583.293,$GNGSA,A,3,07,22,17,30,01,03,14,,,,,,1.36,0.80,1.11,1*09
1777598583.294,$GNGSA,A,3,79,73,80,82,84,83,,,,,,,1.36,0.80,1.11,2*00
1777598583.294,$GNGSA,A,3,25,02,30,03,34,36,,,,,,,1.36,0.80,1.11,3*09
1777598583.294,$GNGSA,A,3,08,07,10,06,25,28,13,,,,,,1.36,0.80,1.11,4*0E
1777598583.295,$GPGSV,2,1,08,01,34,040,41,03,24,101,41,07,51,172,46,14,44,354,34,1*6D
1777598583.296,$GPGSV,2,2,08,17,44,321,24,22,33,340,27,30,70,250,21,50,56,115,43,1*6A
1777598583.296,$GPGSV,2,1,07,01,34,040,43,03,24,101,39,06,36,212,15,07,51,172,40,6*68
1777598583.297,$GPGSV,2,2,07,14,44,354,33,17,44,321,20,30,70,250,18,6*5D
1777598583.298,$GPGSV,2,1,06,02,04,036,,09,06,170,,19,31,283,,40,36,256,,0*69
1777598583.298,$GPGSV,2,2,06,40,36,256,,41,64,233,,0*66
1777598583.299,$GLGSV,2,1,06,73,38,351,30,79,16,130,40,80,57,081,48,82,10,024,31,1*79
1777598583.299,$GLGSV,2,2,06,83,59,355,38,84,51,238,23,1*71
1777598583.300,$GLGSV,2,1,06,73,38,351,37,79,16,130,41,80,57,081,48,82,10,024,32,3*7E
1777598583.300,$GLGSV,2,2,06,83,59,355,34,84,51,238,20,3*7C
1777598583.300,$GLGSV,1,1,01,85,08,218,,0*46
1777598583.301,$GAGSV,3,1,09,02,45,014,47,03,19,195,20,08,23,249,15,15,18,206,17,2*71
1777598583.302,$GAGSV,3,2,09,18,42,294,21,25,29,082,38,30,17,320,23,34,68,179,28,2*79
1777598583.302,$GAGSV,3,3,09,36,51,048,51,2*46
1777598583.303,$GAGSV,2,1,05,02,45,014,43,25,29,082,33,30,17,320,19,34,68,179,29,7*73
1777598583.303,$GAGSV,2,2,05,36,51,048,47,7*48
1777598583.303,$GAGSV,1,1,03,07,04,295,,11,04,035,,32,26,223,,0*4E
1777598583.304,$GBGSV,2,1,07,06,24,148,44,07,53,160,48,08,45,005,45,10,65,158,48,1*7A
1777598583.304,$GBGSV,2,2,07,13,65,319,26,25,59,118,48,28,51,262,20,1*4A
1777598583.305,$GBGSV,1,1,01,10,65,158,45,3*4A
1777598583.305,$GBGSV,1,1,02,09,16,170,,23,62,346,,0*79
1777598583.306,$GNGLL,1339.07088,N,10029.51955,E,012303.00,A,D*79
1777598584.290,$GNRMC,012304.00,A,1339.06997,N,10029.51957,E,3.245,177.60,010526,0.53,W,F,V*4D
1777598584.291,$GNVTG,177.60,T,178.13,M,3.245,N,6.010,K,D*34
1777598584.292,$GNGGA,012304.00,1339.06997,N,10029.51957,E,5,12,0.82,-0.3,M,-27.8,M,1.0,0499*62
1777598584.292,$GNGSA,A,3,07,22,17,30,01,03,14,,,,,,1.39,0.82,1.12,1*07
1777598584.293,$GNGSA,A,3,79,73,80,82,84,83,,,,,,,1.39,0.82,1.12,2*0E
1777598584.293,$GNGSA,A,3,25,02,30,34,36,,,,,,,,1.39,0.82,1.12,3*04
1777598584.293,$GNGSA,A,3,08,07,10,06,25,13,,,,,,,1.39,0.82,1.12,4*0A
1777598584.294,$GPGSV,3,1,09,01,34,040,43,03,24,101,43,06,37,212,14,07,51,172,42,1*6F
1777598584.295,$GPGSV,3,2,09,14,44,354,34,17,44,321,23,22,33,340,26,30,70,250,20,1*69
1777598584.295,$GPGSV,3,3,09,50,56,115,42,1*58
1777598584.296,$GPGSV,2,1,07,01,34,040,41,03,24,101,40,06,37,212,16,07,51,172,40,6*66
1777598584.296,$GPGSV,2,2,07,14,44,354,30,17,44,321,21,30,70,250,19,6*5E
1777598584.297,$GPGSV,2,1,06,02,04,036,,09,06,170,,19,31,283,,40,36,256,,0*69
1777598584.297,$GPGSV,2,2,06,40,36,256,,41,64,233,,0*66
1777598584.298,$GLGSV,2,1,06,73,38,351,31,79,16,130,43,80,57,081,49,82,10,024,39,1*72
1777598584.298,$GLGSV,2,2,06,83,59,355,37,84,51,238,21,1*7C
1777598584.299,$GLGSV,2,1,06,73,38,351,31,79,16,130,40,80,57,081,47,82,10,024,39,3*7D
1777598584.299,$GLGSV,2,2,06,83,59,355,36,84,51,238,20,3*7E
1777598584.299,$GLGSV,1,1,01,85,08,218,,0*46
1777598584.300,$GAGSV,3,1,09,02,45,014,47,03,19,195,18,08,23,249,17,15,18,206,16,2*79
1777598584.301,$GAGSV,3,2,09,18,42,294,20,25,29,082,45,30,17,320,21,34,68,179,36,2*7F
1777598584.301,$GAGSV,3,3,09,36,51,048,49,2*4F
1777598584.302,$GAGSV,2,1,07,02,45,014,44,15,18,206,04,18,42,294,22,25,29,082,36,7*7F
1777598584.302,$GAGSV,2,2,07,30,17,320,18,34,68,179,34,36,51,048,47,7*46
1777598584.302,$GAGSV,1,1,03,07,04,295,,11,04,035,,32,26,223,,0*4E
1777598584.303,$GBGSV,2,1,08,06,24,148,43,07,53,160,46,08,45,005,46,10,65,158,47,1*70
1777598584.304,$GBGSV,2,2,08,13,65,319,24,23,62,346,29,25,59,118,48,28,51,262,18,1*73
1777598584.304,$GBGSV,1,1,01,10,65,158,47,3*48
1777598584.304,$GBGSV,1,1,01,09,16,170,,0*4E
1777598584.305,$GNGLL,1339.06997,N,10029.51957,E,012304.00,A,D*7A
