1780394838.172,$GNRMC,100718.00,A,1339.00825,N,10029.57945,E,1.223,0.59,020626,0.53,W,A,V*43
1780394838.174,$GNVTG,0.59,T,1.12,M,1.223,N,2.266,K,A*31
1780394838.176,$GNGGA,100718.00,1339.00825,N,10029.57945,E,1,12,0.80,7.6,M,-27.8,M,,*60
1780394838.178,$GNGSA,A,3,10,18,23,24,32,,,,,,,,1.50,0.80,1.27,1*07
1780394838.180,$GNGSA,A,3,66,75,65,88,81,,,,,,,,1.50,0.80,1.27,2*02
1780394838.181,$GNGSA,A,3,04,06,09,10,11,36,,,,,,,1.50,0.80,1.27,3*04
1780394838.183,$GNGSA,A,3,06,07,09,10,13,14,,,,,,,1.50,0.80,1.27,4*02
1780394838.186,$GPGSV,2,1,07,10,20,325,27,18,88,175,40,23,39,001,37,24,43,048,38,1*64
1780394838.189,$GPGSV,2,2,07,32,30,267,34,41,64,233,39,42,70,217,42,1*59
1780394838.192,$GPGSV,2,1,05,10,20,325,21,18,88,175,43,23,39,001,37,24,43,048,37,6*6B
1780394838.194,$GPGSV,2,2,05,32,30,267,27,6*52
1780394838.196,$GPGSV,3,1,10,05,06,101,,12,12,124,,13,17,122,,15,13,043,,0*66
1780394838.198,$GPGSV,3,2,10,15,13,043,,25,16,161,,27,05,296,,28,12,207,,0*63
1780394838.200,$GPGSV,3,3,10,28,12,207,,29,18,184,,0*67
1780394838.202,$GLGSV,2,1,05,65,24,008,27,66,29,312,31,75,21,079,20,81,21,327,25,1*79
1780394838.203,$GLGSV,2,2,05,88,68,276,30,1*43
1780394838.205,$GLGSV,1,1,04,66,29,312,31,75,21,079,22,81,21,327,26,88,68,276,29,3*76
1780394838.206,$GLGSV,1,1,04,67,03,263,,76,24,138,,77,04,180,,87,29,169,,0*72
1780394838.207,$GAGSV,3,1,09,04,38,019,35,05,21,244,19,06,57,349,39,09,59,298,31,2*74
1780394838.208,$GAGSV,3,2,09,10,71,111,40,11,72,356,35,12,47,131,23,28,18,035,19,2*70
1780394838.209,$GAGSV,3,3,09,36,23,329,16,2*44
1780394838.210,$GAGSV,3,1,09,04,38,019,36,05,21,244,25,06,57,349,40,09,59,298,29,7*7A
1780394838.211,$GAGSV,3,2,09,10,71,111,39,11,72,356,36,12,47,131,17,28,18,035,16,7*70
1780394838.211,$GAGSV,3,3,09,36,23,329,20,7*44
1780394838.212,$GAGSV,1,1,02,16,07,190,,31,10,139,,0*76
1780394838.213,$GBGSV,2,1,08,06,39,034,40,07,66,119,40,08,24,178,12,09,37,000,36,1*73
1780394838.215,$GBGSV,2,2,08,10,60,143,41,13,27,306,25,14,30,028,40,24,35,157,19,1*7C
1780394838.215,$GBGSV,1,1,02,09,37,000,34,10,60,143,37,3*79
1780394838.216,$GBGSV,3,1,10,01,42,106,,02,63,244,,03,72,138,,04,22,095,,0*75
1780394838.217,$GBGSV,3,2,10,04,22,095,,21,16,049,,25,01,204,,26,37,097,,0*78
1780394838.217,$GBGSV,3,3,10,26,37,097,,28,03,319,,0*7A
1780394838.218,$GNGLL,1339.00825,N,10029.57945,E,100718.00,A,A*7F
1780394839.148,$GNRMC,100719.00,A,1339.00897,N,10029.57933,E,1.135,359.94,020626,0.53,W,D,V*45
1780394839.150,$GNVTG,359.94,T,0.47,M,1.135,N,2.102,K,D*3E
1780394839.152,$GNGGA,100719.00,1339.00897,N,10029.57933,E,2,12,1.30,6.0,M,-27.8,M,1.0,0499*4C
1780394839.152,$GNGSA,A,3,10,18,23,24,32,,,,,,,,2.08,1.30,1.62,1*02
1780394839.153,$GNGSA,A,3,66,75,65,88,81,,,,,,,,2.08,1.30,1.62,2*07
1780394839.154,$GNGSA,A,3,04,06,09,10,11,36,,,,,,,2.08,1.30,1.62,3*01
1780394839.154,$GNGSA,A,3,06,07,09,10,13,14,,,,,,,2.08,1.30,1.62,4*07
1780394839.155,$GPGSV,2,1,08,10,20,325,33,18,88,175,43,23,39,001,38,24,43,048,37,1*6D
1780394839.155,$GPGSV,2,2,08,32,30,267,33,40,36,258,28,41,64,233,37,42,70,217,39,1*67
1780394839.156,$GPGSV,2,1,05,10,20,325,23,18,88,175,43,23,39,001,36,24,43,048,36,6*69
1780394839.157,$GPGSV,2,2,05,32,30,267,30,6*54
1780394839.157,$GPGSV,3,1,09,05,06,101,,12,12,124,,13,17,122,,15,13,043,,0*6E
1780394839.158,$GPGSV,3,2,09,15,13,043,,25,16,161,,27,05,296,,28,12,207,,0*6B
1780394839.158,$GPGSV,3,3,09,28,12,207,,0*50
1780394839.159,$GLGSV,2,1,05,65,24,008,33,66,29,312,31,75,21,079,18,81,21,327,25,1*77
1780394839.159,$GLGSV,2,2,05,88,68,276,24,1*46
1780394839.160,$GLGSV,1,1,04,66,29,312,37,75,21,079,23,81,21,327,26,88,68,276,34,3*7D
1780394839.161,$GLGSV,1,1,04,67,03,263,,76,24,138,,77,04,180,,87,29,169,,0*72
1780394839.162,$GAGSV,3,1,09,04,38,019,35,05,21,244,19,06,57,349,37,09,59,298,38,2*73
1780394839.164,$GAGSV,3,2,09,10,71,111,41,11,72,356,36,12,47,131,22,28,18,035,17,2*7D
1780394839.164,$GAGSV,3,3,09,36,23,329,17,2*45
1780394839.166,$GAGSV,3,1,09,04,38,019,36,05,21,244,22,06,57,349,38,09,59,298,35,7*7F
1780394839.167,$GAGSV,3,2,09,10,71,111,39,11,72,356,36,12,47,131,18,28,18,035,17,7*7E
1780394839.167,$GAGSV,3,3,09,36,23,329,21,7*45
1780394839.168,$GAGSV,1,1,02,16,07,190,,31,10,139,,0*76
1780394839.169,$GBGSV,2,1,08,06,39,034,40,07,66,119,41,08,24,178,12,09,37,000,38,1*7C
1780394839.170,$GBGSV,2,2,08,10,60,143,41,13,27,306,36,14,30,028,38,24,35,157,19,1*71
1780394839.170,$GBGSV,1,1,02,09,37,000,34,10,60,143,37,3*79
1780394839.171,$GBGSV,3,1,10,01,42,106,,02,63,244,,03,72,138,,04,22,095,,0*75
1780394839.172,$GBGSV,3,2,10,04,22,095,,21,16,049,,25,01,204,,26,37,097,,0*78
1780394839.172,$GBGSV,3,3,10,26,37,097,,28,03,319,,0*7A
1780394839.172,$GNGLL,1339.00897,N,10029.57933,E,100719.00,A,D*73
1780394840.173,$GNRMC,100720.00,A,1339.00975,N,10029.57958,E,1.004,358.29,020626,0.53,W,F,V*49
1780394840.176,$GNVTG,358.29,T,358.82,M,1.004,N,1.859,K,D*39
1780394840.178,$GNGGA,100720.00,1339.00975,N,10029.57958,E,5,12,1.24,5.4,M,-27.8,M,1.0,0499*43
1780394840.180,$GNGSA,A,3,10,18,23,24,32,,,,,,,,1.97,1.24,1.53,1*00
1780394840.182,$GNGSA,A,3,66,75,65,88,81,,,,,,,,1.97,1.24,1.53,2*05
1780394840.184,$GNGSA,A,3,04,06,09,10,11,36,,,,,,,1.97,1.24,1.53,3*03
1780394840.185,$GNGSA,A,3,06,07,09,10,13,14,,,,,,,1.97,1.24,1.53,4*05
1780394840.188,$GPGSV,2,1,08,10,20,325,32,18,88,175,40,23,39,001,37,24,43,048,40,1*60
1780394840.191,$GPGSV,2,2,08,32,30,267,28,40,36,258,29,41,64,233,41,42,70,217,39,1*6D
1780394840.193,$GPGSV,2,1,05,10,20,325,24,18,88,175,42,23,39,001,36,24,43,048,35,6*6C
1780394840.194,$GPGSV,2,2,05,32,30,267,28,6*5D
1780394840.196,$GPGSV,3,1,09,05,06,101,,12,12,124,,13,17,122,,15,13,043,,0*6E
1780394840.198,$GPGSV,3,2,09,15,13,043,,25,16,161,,27,05,296,,28,12,207,,0*6B
1780394840.199,$GPGSV,3,3,09,28,12,207,,0*50
1780394840.201,$GLGSV,2,1,05,65,24,008,30,66,29,312,34,75,21,079,18,81,21,327,23,1*77
1780394840.203,$GLGSV,2,2,05,88,68,276,32,1*41
1780394840.205,$GLGSV,1,1,04,66,29,312,31,75,21,079,21,81,21,327,25,88,68,276,33,3*7D
1780394840.208,$GLGSV,1,1,04,67,03,263,,76,24,138,,77,04,180,,87,29,169,,0*72
1780394840.209,$GAGSV,3,1,09,04,38,019,35,05,21,244,18,06,57,349,40,09,59,298,35,2*7F
1780394840.211,$GAGSV,3,2,09,10,71,111,41,11,72,356,36,12,47,131,20,28,18,035,18,2*70
1780394840.211,$GAGSV,3,3,09,36,23,329,18,2*4A
1780394840.212,$GAGSV,3,1,09,04,38,019,36,05,21,244,19,06,57,349,38,09,59,298,34,7*76
1780394840.213,$GAGSV,3,2,09,10,71,111,39,11,72,356,36,12,47,131,18,28,18,035,18,7*71
1780394840.214,$GAGSV,3,3,09,36,23,329,28,7*4C
1780394840.215,$GAGSV,1,1,02,16,07,190,,31,10,139,,0*76
1780394840.216,$GBGSV,2,1,07,06,39,034,41,07,66,119,40,09,37,000,37,10,60,143,41,1*7B
1780394840.217,$GBGSV,2,2,07,13,27,306,40,14,30,028,40,24,35,157,20,1*4E
1780394840.217,$GBGSV,1,1,02,09,37,000,35,10,60,143,39,3*76
1780394840.218,$GBGSV,3,1,11,01,42,106,,02,63,244,,03,72,138,,04,22,095,,0*74
1780394840.219,$GBGSV,3,2,11,04,22,095,,08,24,178,,21,16,049,,25,01,204,,0*77
1780394840.220,$GBGSV,3,3,11,25,01,204,,26,37,097,,28,03,319,,0*4B
1780394840.221,$GNGLL,1339.00975,N,10029.57958,E,100720.00,A,D*79
1780394841.152,$GNRMC,100721.00,A,1339.01038,N,10029.57976,E,0.957,7.44,020626,0.53,W,F,V*49
1780394841.154,$GNVTG,7.44,T,7.97,M,0.957,N,1.772,K,D*3E
1780394841.155,$GNGGA,100721.00,1339.01038,N,10029.57976,E,5,12,1.15,6.0,M,-27.8,M,1.0,0499*4A
1780394841.155,$GNGSA,A,3,10,18,23,24,32,,,,,,,,2.06,1.15,1.71,1*09
1780394841.156,$GNGSA,A,3,66,75,65,88,81,,,,,,,,2.06,1.15,1.71,2*0C
1780394841.156,$GNGSA,A,3,12,04,06,09,10,11,36,,,,,,2.06,1.15,1.71,3*09
1780394841.157,$GNGSA,A,3,06,07,09,10,13,14,,,,,,,2.06,1.15,1.71,4*0C
1780394841.158,$GPGSV,2,1,08,10,20,325,25,18,88,175,41,23,39,001,38,24,43,048,39,1*66
1780394841.158,$GPGSV,2,2,08,32,30,267,31,40,36,258,28,41,64,233,38,42,70,217,40,1*64
1780394841.159,$GPGSV,2,1,05,10,20,325,26,18,88,175,43,23,39,001,36,24,43,048,33,6*69
1780394841.159,$GPGSV,2,2,05,32,30,267,29,6*5C
1780394841.160,$GPGSV,3,1,09,05,06,101,,12,12,124,,13,17,122,,15,13,043,,0*6E
1780394841.161,$GPGSV,3,2,09,15,13,043,,25,16,161,,27,05,296,,28,12,207,,0*6B
1780394841.161,$GPGSV,3,3,09,28,12,207,,0*50
1780394841.162,$GLGSV,2,1,05,65,24,008,30,66,29,312,34,75,21,079,18,81,21,327,24,1*70
1780394841.163,$GLGSV,2,2,05,88,68,276,35,1*46
1780394841.164,$GLGSV,1,1,04,66,29,312,34,75,21,079,29,81,21,327,31,88,68,276,37,3*71
1780394841.165,$GLGSV,1,1,04,67,03,263,,76,24,138,,77,04,180,,87,29,169,,0*72
1780394841.165,$GAGSV,3,1,09,04,38,019,36,05,21,244,19,06,57,349,40,09,59,298,36,2*7E
1780394841.166,$GAGSV,3,2,09,10,71,111,41,11,72,356,37,12,47,131,21,28,18,035,18,2*70
1780394841.167,$GAGSV,3,3,09,36,23,329,23,2*42
1780394841.167,$GAGSV,3,1,09,04,38,019,37,05,21,244,19,06,57,349,39,09,59,298,35,7*77
1780394841.168,$GAGSV,3,2,09,10,71,111,39,11,72,356,36,12,47,131,20,28,18,035,18,7*7A
1780394841.168,$GAGSV,3,3,09,36,23,329,27,7*43
1780394841.169,$GAGSV,1,1,02,16,07,190,,31,10,139,,0*76
1780394841.169,$GBGSV,2,1,07,06,39,034,40,07,66,119,41,09,37,000,38,10,60,143,41,1*74
1780394841.170,$GBGSV,2,2,07,13,27,306,37,14,30,028,38,24,35,157,20,1*41
1780394841.171,$GBGSV,1,1,02,09,37,000,34,10,60,143,39,3*77
1780394841.171,$GBGSV,3,1,11,01,42,106,,02,63,244,,03,72,138,,04,22,095,,0*74
1780394841.172,$GBGSV,3,2,11,04,22,095,,08,24,178,,21,16,049,,25,01,204,,0*77
1780394841.173,$GBGSV,3,3,11,25,01,204,,26,37,097,,28,03,319,,0*4B
1780394841.174,$GNGLL,1339.01038,N,10029.57976,E,100721.00,A,D*75
1780394842.173,$GNRMC,100722.00,A,1339.01071,N,10029.57988,E,1.074,6.83,020626,0.53,W,F,V*45
1780394842.175,$GNVTG,6.83,T,7.36,M,1.074,N,1.989,K,D*3C
1780394842.176,$GNGGA,100722.00,1339.01071,N,10029.57988,E,5,12,1.11,6.1,M,-27.8,M,1.0,0499*40
1780394842.177,$GNGSA,A,3,10,18,23,24,32,,,,,,,,2.04,1.11,1.71,1*0F
1780394842.177,$GNGSA,A,3,66,75,65,88,81,,,,,,,,2.04,1.11,1.71,2*0A
1780394842.178,$GNGSA,A,3,05,12,04,06,09,10,11,36,,,,,2.04,1.11,1.71,3*0A
1780394842.178,$GNGSA,A,3,06,07,09,10,13,14,,,,,,,2.04,1.11,1.71,4*0A
1780394842.179,$GPGSV,2,1,07,10,20,325,25,18,88,175,41,23,39,001,39,24,43,048,36,1*67
1780394842.179,$GPGSV,2,2,07,32,30,267,26,41,64,233,33,42,70,217,40,1*52
1780394842.180,$GPGSV,2,1,05,10,20,325,23,18,88,175,42,23,39,001,37,24,43,048,34,6*6B
1780394842.181,$GPGSV,2,2,05,32,30,267,27,6*52
1780394842.181,$GPGSV,3,1,10,05,06,101,,12,12,124,,13,17,122,,15,13,043,,0*66
1780394842.182,$GPGSV,3,2,10,15,13,043,,25,16,161,,27,05,296,,28,12,207,,0*63
1780394842.182,$GPGSV,3,3,10,28,12,207,,29,18,184,,0*67
1780394842.183,$GLGSV,2,1,05,65,24,008,29,66,29,312,33,75,21,079,18,81,21,327,31,1*7B
1780394842.183,$GLGSV,2,2,05,88,68,276,37,1*44
1780394842.184,$GLGSV,1,1,04,66,29,312,39,75,21,079,27,81,21,327,23,88,68,276,36,3*70
1780394842.185,$GLGSV,1,1,04,67,03,263,,76,24,138,,77,04,180,,87,29,169,,0*72
1780394842.186,$GAGSV,3,1,09,04,38,019,36,05,21,244,18,06,57,349,39,09,59,298,37,2*70
1780394842.186,$GAGSV,3,2,09,10,71,111,41,11,72,356,36,12,47,131,23,28,18,035,16,2*7D
1780394842.187,$GAGSV,3,3,09,36,23,329,23,2*42
1780394842.187,$GAGSV,3,1,09,04,38,019,34,05,21,244,20,06,57,349,39,09,59,298,37,7*7C
1780394842.188,$GAGSV,3,2,09,10,71,111,39,11,72,356,37,12,47,131,21,28,18,035,17,7*75
1780394842.189,$GAGSV,3,3,09,36,23,329,25,7*41
1780394842.189,$GAGSV,1,1,02,16,07,190,,31,10,139,,0*76
1780394842.190,$GBGSV,2,1,07,06,39,034,40,07,66,119,41,09,37,000,37,10,60,143,40,1*7A
1780394842.191,$GBGSV,2,2,07,13,27,306,33,14,30,028,37,24,35,157,18,1*41
1780394842.191,$GBGSV,1,1,02,09,37,000,33,10,60,143,36,3*7F
1780394842.192,$GBGSV,3,1,11,01,42,106,,02,63,244,,03,72,138,,04,22,095,,0*74
1780394842.193,$GBGSV,3,2,11,04,22,095,,08,24,178,,21,16,049,,25,01,204,,0*77
1780394842.193,$GBGSV,3,3,11,25,01,204,,26,37,097,,28,03,319,,0*4B
1780394842.194,$GNGLL,1339.01071,N,10029.57988,E,100722.00,A,D*7A
1780394843.152,$GNRMC,100723.00,A,1339.01102,N,10029.57992,E,1.168,5.28,020626,0.53,W,F,V*44
1780394843.154,$GNVTG,5.28,T,5.81,M,1.168,N,2.164,K,D*34
1780394843.155,$GNGGA,100723.00,1339.01102,N,10029.57992,E,5,12,1.11,5.8,M,-27.8,M,1.0,0499*45
1780394843.156,$GNGSA,A,3,10,18,23,24,32,,,,,,,,2.04,1.11,1.71,1*0F
1780394843.157,$GNGSA,A,3,66,75,65,88,81,,,,,,,,2.04,1.11,1.71,2*0A
1780394843.157,$GNGSA,A,3,05,12,04,06,09,10,11,36,,,,,2.04,1.11,1.71,3*0A
1780394843.158,$GNGSA,A,3,06,07,09,10,13,14,,,,,,,2.04,1.11,1.71,4*0A
1780394843.158,$GPGSV,2,1,07,10,20,325,26,18,88,175,41,23,39,001,40,24,43,047,38,1*6B
1780394843.159,$GPGSV,2,2,07,32,30,267,32,41,64,233,29,42,70,217,38,1*53
1780394843.160,$GPGSV,2,1,05,10,20,325,22,18,88,175,43,23,39,001,36,24,43,047,36,6*67
1780394843.160,$GPGSV,2,2,05,32,30,267,28,6*5D
1780394843.161,$GPGSV,3,1,10,05,06,101,,12,12,124,,13,17,122,,15,13,043,,0*66
1780394843.161,$GPGSV,3,2,10,15,13,043,,25,16,161,,27,05,296,,28,12,207,,0*63
1780394843.162,$GPGSV,3,3,10,28,12,207,,29,18,184,,0*67
1780394843.163,$GLGSV,2,1,05,65,24,008,33,66,29,312,33,75,21,079,19,81,21,327,24,1*75
1780394843.163,$GLGSV,2,2,05,88,68,276,36,1*45
1780394843.164,$GLGSV,1,1,04,66,29,312,30,75,21,079,26,81,21,327,24,88,68,276,39,3*70
1780394843.164,$GLGSV,1,1,04,67,03,263,,76,24,138,,77,04,180,,87,29,169,,0*72
1780394843.165,$GAGSV,3,1,09,04,38,019,35,05,21,244,19,06,57,349,39,09,59,298,38,2*7D
1780394843.166,$GAGSV,3,2,09,10,71,111,41,11,72,356,36,12,47,131,23,28,18,035,17,2*7C
1780394843.167,$GAGSV,3,3,09,36,23,329,25,2*44
1780394843.167,$GAGSV,3,1,09,04,38,019,37,05,21,244,20,06,57,349,39,09,59,298,39,7*71
1780394843.168,$GAGSV,3,2,09,10,71,111,39,11,72,356,37,12,47,131,22,28,18,035,17,7*76
1780394843.168,$GAGSV,3,3,09,36,23,329,25,7*41
1780394843.169,$GAGSV,1,1,02,16,07,190,,31,10,139,,0*76
1780394843.169,$GBGSV,2,1,07,06,39,034,40,07,66,119,42,09,37,000,39,10,60,143,41,1*76
1780394843.170,$GBGSV,2,2,07,13,27,306,37,14,30,028,33,24,35,157,14,1*4D
1780394843.170,$GBGSV,1,1,02,09,37,000,34,10,60,143,36,3*78
1780394843.171,$GBGSV,3,1,11,01,42,106,,02,63,244,,03,72,138,,04,22,095,,0*74
1780394843.172,$GBGSV,3,2,11,04,22,095,,08,24,178,,21,16,049,,25,01,204,,0*77
1780394843.173,$GBGSV,3,3,11,25,01,204,,26,37,097,,28,03,319,,0*4B
1780394843.174,$GNGLL,1339.01102,N,10029.57992,E,100723.00,A,D*75
1780394844.181,$GNRMC,100724.00,A,1339.01150,N,10029.57992,E,1.179,8.64,020626,0.53,W,F,V*41
1780394844.183,$GNVTG,8.64,T,9.17,M,1.179,N,2.184,K,D*3C
1780394844.185,$GNGGA,100724.00,1339.01150,N,10029.57992,E,5,12,1.01,6.3,M,-27.8,M,1.0,0499*4C
1780394844.187,$GNGSA,A,3,10,18,23,24,32,,,,,,,,1.72,1.01,1.39,1*00
1780394844.188,$GNGSA,A,3,66,75,65,88,81,,,,,,,,1.72,1.01,1.39,2*05
1780394844.189,$GNGSA,A,3,05,12,04,06,09,10,11,36,,,,,1.72,1.01,1.39,3*05
1780394844.191,$GNGSA,A,3,06,07,09,10,13,14,,,,,,,1.72,1.01,1.39,4*05
1780394844.193,$GPGSV,2,1,07,10,20,325,26,18,88,175,41,23,39,001,39,24,43,047,36,1*6B
1780394844.196,$GPGSV,2,2,07,32,30,267,28,41,64,233,30,42,70,217,38,1*50
1780394844.200,$GPGSV,2,1,05,10,20,325,22,18,88,175,43,23,39,001,37,24,43,047,36,6*66
1780394844.202,$GPGSV,2,2,05,32,30,267,28,6*5D
1780394844.204,$GPGSV,3,1,10,05,06,101,,12,12,124,,13,17,122,,15,13,043,,0*66
1780394844.206,$GPGSV,3,2,10,15,13,043,,25,16,160,,27,05,296,,28,12,207,,0*62
1780394844.207,$GPGSV,3,3,10,28,12,207,,29,18,184,,0*67
1780394844.209,$GLGSV,2,1,06,65,24,008,32,66,29,312,28,75,21,079,17,81,21,327,30,1*76
1780394844.211,$GLGSV,2,2,06,87,29,169,07,88,68,276,38,1*75
1780394844.212,$GLGSV,1,1,04,66,29,312,33,75,21,079,25,81,21,327,26,88,68,276,39,3*72
1780394844.213,$GLGSV,1,1,03,67,03,263,,76,24,138,,77,04,180,,0*4F
1780394844.215,$GAGSV,3,1,09,04,38,019,36,05,21,244,21,06,56,349,39,09,59,298,40,2*7B
1780394844.216,$GAGSV,3,2,09,10,71,111,41,11,72,356,36,12,47,131,24,28,18,035,17,2*7B
1780394844.217,$GAGSV,3,3,09,36,23,329,22,2*43
1780394844.217,$GAGSV,3,1,09,04,38,019,37,05,21,244,20,06,56,349,39,09,59,298,39,7*70
1780394844.218,$GAGSV,3,2,09,10,71,111,39,11,72,356,37,12,47,131,24,28,18,035,19,7*7E
1780394844.218,$GAGSV,3,3,09,36,23,329,23,7*47
1780394844.218,$GAGSV,1,1,02,16,07,190,,31,10,139,,0*76
1780394844.219,$GBGSV,2,1,07,06,39,034,38,07,66,119,41,09,37,000,38,10,60,143,41,1*7B
1780394844.219,$GBGSV,2,2,07,13,27,306,34,14,30,028,30,24,35,157,13,1*4A
1780394844.220,$GBGSV,1,1,02,09,37,000,34,10,60,143,37,3*79
1780394844.220,$GBGSV,3,1,11,01,42,106,,02,63,244,,03,72,138,,04,22,095,,0*74
1780394844.221,$GBGSV,3,2,11,04,22,095,,08,24,178,,21,16,049,,25,01,204,,0*77
1780394844.221,$GBGSV,3,3,11,25,01,204,,26,37,097,,28,03,319,,0*4B
1780394844.222,$GNGLL,1339.01150,N,10029.57992,E,100724.00,A,D*75
1780394845.152,$GNRMC,100725.00,A,1339.01187,N,10029.57989,E,1.222,8.18,020626,0.53,W,F,V*46
1780394845.153,$GNVTG,8.18,T,8.71,M,1.222,N,2.264,K,D*36
1780394845.155,$GNGGA,100725.00,1339.01187,N,10029.57989,E,5,12,0.99,6.3,M,-27.8,M,1.0,0499*4D
1780394845.156,$GNGSA,A,3,10,18,23,24,32,,,,,,,,1.68,0.99,1.35,1*07
1780394845.156,$GNGSA,A,3,66,75,65,88,81,,,,,,,,1.68,0.99,1.35,2*02
1780394845.157,$GNGSA,A,3,05,12,04,06,09,10,11,28,36,,,,1.68,0.99,1.35,3*08
1780394845.157,$GNGSA,A,3,06,07,09,10,13,14,,,,,,,1.68,0.99,1.35,4*02
1780394845.158,$GPGSV,2,1,07,10,20,325,25,18,88,175,40,23,39,001,36,24,43,047,37,1*67
1780394845.158,$GPGSV,2,2,07,32,30,267,28,41,64,233,35,42,70,217,39,1*54
1780394845.159,$GPGSV,2,1,05,10,20,325,21,18,88,175,43,23,39,001,38,24,43,047,36,6*6A
1780394845.159,$GPGSV,2,2,05,32,30,267,30,6*54
1780394845.160,$GPGSV,3,1,10,05,06,101,,12,12,124,,13,17,122,,15,13,043,,0*66
1780394845.161,$GPGSV,3,2,10,15,13,043,,25,16,160,,27,05,296,,28,12,207,,0*62
1780394845.161,$GPGSV,3,3,10,28,12,207,,29,18,184,,0*67
1780394845.162,$GLGSV,2,1,06,65,24,008,32,66,29,312,33,75,21,079,19,81,21,327,30,1*72
1780394845.162,$GLGSV,2,2,06,87,29,169,09,88,68,276,40,1*74
1780394845.163,$GLGSV,1,1,04,66,29,312,38,75,21,079,24,81,21,327,18,88,68,276,40,3*7B
1780394845.164,$GLGSV,1,1,03,67,03,263,,76,24,138,,77,04,180,,0*4F
1780394845.165,$GAGSV,3,1,09,04,38,019,36,05,21,244,21,06,56,349,38,09,59,298,40,2*7A
1780394845.166,$GAGSV,3,2,09,10,71,111,41,11,72,356,36,12,47,131,25,28,18,035,20,2*7E
1780394845.166,$GAGSV,3,3,09,36,23,329,28,2*49
1780394845.167,$GAGSV,3,1,09,04,38,019,35,05,21,244,19,06,56,349,40,09,59,298,39,7*76
1780394845.168,$GAGSV,3,2,09,10,71,111,40,11,72,356,37,12,47,131,26,28,18,035,18,7*73
1780394845.168,$GAGSV,3,3,09,36,23,329,23,7*47
1780394845.169,$GAGSV,1,1,02,16,07,190,,31,10,139,,0*76
1780394845.169,$GBGSV,2,1,07,06,39,034,38,07,66,119,41,09,37,000,38,10,60,143,39,1*74
1780394845.170,$GBGSV,2,2,07,13,27,306,40,14,30,028,33,24,35,157,17,1*4E
1780394845.171,$GBGSV,1,1,02,09,37,000,35,10,60,143,37,3*78
1780394845.171,$GBGSV,3,1,11,01,42,106,,02,63,244,,03,72,138,,04,22,095,,0*74
1780394845.172,$GBGSV,3,2,11,04,22,095,,08,24,178,,21,16,049,,25,01,204,,0*77
1780394845.172,$GBGSV,3,3,11,25,01,204,,26,37,097,,28,03,319,,0*4B
1780394845.173,$GNGLL,1339.01187,N,10029.57989,E,100725.00,A,D*74
1780394846.173,$GNRMC,100726.00,A,1339.01226,N,10029.57986,E,1.172,4.51,020626,0.53,W,F,V*45
1780394846.176,$GNVTG,4.51,T,5.04,M,1.172,N,2.170,K,D*38
1780394846.178,$GNGGA,100726.00,1339.01226,N,10029.57986,E,5,12,1.08,6.3,M,-27.8,M,1.0,0499*40
1780394846.180,$GNGSA,A,3,10,18,23,24,32,,,,,,,,1.91,1.08,1.58,1*03
1780394846.181,$GNGSA,A,3,66,75,65,88,81,,,,,,,,1.91,1.08,1.58,2*06
1780394846.182,$GNGSA,A,3,05,12,04,06,09,10,11,28,36,,,,1.91,1.08,1.58,3*0C
1780394846.183,$GNGSA,A,3,06,07,09,10,13,14,,,,,,,1.91,1.08,1.58,4*06
1780394846.184,$GPGSV,2,1,07,10,20,325,23,18,88,175,41,23,39,001,37,24,43,047,36,1*60
1780394846.185,$GPGSV,2,2,07,32,30,267,18,41,64,233,38,42,70,217,39,1*5A
1780394846.186,$GPGSV,2,1,05,10,20,325,21,18,88,175,43,23,39,001,38,24,43,047,34,6*68
1780394846.187,$GPGSV,2,2,05,32,30,267,29,6*5C
1780394846.188,$GPGSV,3,1,10,05,06,101,,12,12,124,,13,17,122,,15,13,043,,0*66
1780394846.189,$GPGSV,3,2,10,15,13,043,,25,16,160,,27,05,296,,28,12,207,,0*62
1780394846.189,$GPGSV,3,3,10,28,12,207,,29,18,184,,0*67
1780394846.190,$GLGSV,2,1,06,65,24,008,31,66,29,312,30,75,21,079,22,81,21,327,21,1*7A
1780394846.190,$GLGSV,2,2,06,87,29,169,12,88,68,276,40,1*7E
1780394846.191,$GLGSV,1,1,04,66,29,312,19,75,21,079,29,81,21,327,29,88,68,276,43,3*74
1780394846.192,$GLGSV,1,1,03,67,03,263,,76,24,138,,77,04,180,,0*4F
1780394846.192,$GAGSV,3,1,09,04,38,019,35,05,21,244,20,06,56,349,39,09,59,298,39,2*77
1780394846.193,$GAGSV,3,2,09,10,71,111,41,11,72,356,36,12,47,131,27,28,18,035,20,2*7C
1780394846.193,$GAGSV,3,3,09,36,23,329,23,2*42
1780394846.194,$GAGSV,3,1,09,04,38,019,35,05,21,244,20,06,56,349,40,09,59,298,38,7*7D
1780394846.195,$GAGSV,3,2,09,10,71,111,40,11,72,356,37,12,47,131,27,28,18,035,17,7*7D
1780394846.195,$GAGSV,3,3,09,36,23,329,23,7*47
1780394846.196,$GAGSV,1,1,02,16,07,190,,31,10,139,,0*76
1780394846.196,$GBGSV,2,1,07,06,39,034,36,07,66,119,41,09,37,000,38,10,60,143,41,1*75
1780394846.197,$GBGSV,2,2,07,13,27,306,35,14,30,028,33,24,35,157,20,1*48
1780394846.197,$GBGSV,1,1,02,09,37,000,35,10,60,143,37,3*78
1780394846.198,$GBGSV,3,1,11,01,42,106,,02,63,244,,03,72,138,,04,22,095,,0*74
1780394846.199,$GBGSV,3,2,11,04,22,095,,08,24,178,,21,16,049,,25,01,204,,0*77
1780394846.200,$GBGSV,3,3,11,25,01,204,,26,37,097,,28,03,319,,0*4B
1780394846.201,$GNGLL,1339.01226,N,10029.57986,E,100726.00,A,D*70
1780394847.154,$GNRMC,100727.00,A,1339.01272,N,10029.57987,E,1.247,1.71,020626,0.53,W,F,V*46
1780394847.157,$GNVTG,1.71,T,2.24,M,1.247,N,2.310,K,D*3B
1780394847.158,$GNGGA,100727.00,1339.01272,N,10029.57987,E,5,12,1.08,6.5,M,-27.8,M,1.0,0499*47
1780394847.159,$GNGSA,A,3,10,18,23,24,32,,,,,,,,1.91,1.08,1.58,1*03
1780394847.159,$GNGSA,A,3,66,75,65,88,81,,,,,,,,1.91,1.08,1.58,2*06
1780394847.160,$GNGSA,A,3,05,12,04,06,09,10,11,28,36,,,,1.91,1.08,1.58,3*0C
1780394847.160,$GNGSA,A,3,06,07,09,10,13,14,,,,,,,1.91,1.08,1.58,4*06
1780394847.161,$GPGSV,2,1,07,10,20,325,24,18,88,175,40,23,39,001,37,24,43,047,36,1*66
1780394847.161,$GPGSV,2,2,07,32,30,267,33,41,64,233,39,42,70,217,40,1*5C
1780394847.162,$GPGSV,2,1,05,10,20,325,20,18,88,175,43,23,39,001,38,24,43,047,34,6*69
1780394847.163,$GPGSV,2,2,05,32,30,267,29,6*5C
1780394847.163,$GPGSV,3,1,10,05,06,101,,12,12,124,,13,17,122,,15,13,043,,0*66
1780394847.164,$GPGSV,3,2,10,15,13,043,,25,16,160,,27,05,296,,28,13,207,,0*63
1780394847.164,$GPGSV,3,3,10,28,13,207,,29,18,184,,0*66
1780394847.165,$GLGSV,2,1,06,65,24,008,32,66,29,312,25,75,21,079,23,81,21,327,33,1*7F
1780394847.166,$GLGSV,2,2,06,87,29,169,13,88,68,276,40,1*7F
1780394847.167,$GLGSV,1,1,04,66,29,312,21,75,21,079,29,81,21,327,29,88,68,276,43,3*7F
1780394847.167,$GLGSV,1,1,03,67,03,263,,76,24,138,,77,04,180,,0*4F
1780394847.168,$GAGSV,3,1,09,04,38,019,34,05,21,244,21,06,56,349,39,09,59,298,38,2*76
1780394847.169,$GAGSV,3,2,09,10,71,111,41,11,72,356,36,12,47,131,29,28,18,035,22,2*70
1780394847.169,$GAGSV,3,3,09,36,23,329,23,2*42
1780394847.170,$GAGSV,3,1,09,04,38,019,37,05,21,244,19,06,56,349,37,09,59,298,38,7*75
1780394847.171,$GAGSV,3,2,09,10,71,111,40,11,72,356,37,12,47,131,28,28,18,035,17,7*72
1780394847.171,$GAGSV,3,3,09,36,23,329,23,7*47
1780394847.171,$GAGSV,1,1,02,16,07,190,,31,10,139,,0*76
1780394847.172,$GBGSV,2,1,08,06,39,034,37,07,66,119,41,08,24,178,19,09,37,000,35,1*7A
1780394847.173,$GBGSV,2,2,08,10,60,143,42,13,27,306,31,14,30,028,33,24,35,157,21,1*75
1780394847.173,$GBGSV,1,1,02,09,37,000,35,10,60,143,35,3*7A
1780394847.174,$GBGSV,3,1,10,01,42,106,,02,63,244,,03,72,138,,04,22,095,,0*75
1780394847.175,$GBGSV,3,2,10,04,22,095,,21,16,049,,25,01,204,,26,37,097,,0*78
1780394847.176,$GBGSV,3,3,10,26,37,097,,28,03,319,,0*7A
1780394847.176,$GNGLL,1339.01272,N,10029.57987,E,100727.00,A,D*71
1780394848.179,$GNRMC,100728.00,A,1339.01313,N,10029.57986,E,1.156,359.97,020626,0.53,W,F,V*4B
1780394848.181,$GNVTG,359.97,T,0.49,M,1.156,N,2.142,K,D*32
1780394848.183,$GNGGA,100728.00,1339.01313,N,10029.57986,E,5,12,0.99,6.6,M,-27.8,M,1.0,0499*45
1780394848.183,$GNGSA,A,3,10,18,23,24,32,,,,,,,,1.68,0.99,1.35,1*07
1780394848.184,$GNGSA,A,3,66,75,65,88,81,,,,,,,,1.68,0.99,1.35,2*02
1780394848.184,$GNGSA,A,3,05,12,04,06,09,10,11,28,36,,,,1.68,0.99,1.35,3*08
1780394848.185,$GNGSA,A,3,06,07,09,10,13,14,,,,,,,1.68,0.99,1.35,4*02
1780394848.186,$GPGSV,2,1,07,10,20,325,24,18,88,175,41,23,39,001,37,24,43,047,34,1*65
1780394848.186,$GPGSV,2,2,07,32,30,267,23,41,64,233,39,42,70,217,40,1*5D
1780394848.187,$GPGSV,2,1,05,10,20,325,20,18,88,175,43,23,39,001,34,24,43,047,35,6*64
1780394848.187,$GPGSV,2,2,05,32,30,267,27,6*52
1780394848.188,$GPGSV,3,1,10,05,06,101,,12,12,124,,13,17,122,,15,13,043,,0*66
1780394848.189,$GPGSV,3,2,10,15,13,043,,25,16,160,,27,05,296,,28,13,207,,0*63
1780394848.189,$GPGSV,3,3,10,28,13,207,,29,18,184,,0*66
1780394848.190,$GLGSV,2,1,06,65,24,008,31,66,29,312,25,75,21,079,22,81,21,327,29,1*76
1780394848.190,$GLGSV,2,2,06,87,29,169,16,88,68,276,39,1*74
1780394848.191,$GLGSV,1,1,04,66,29,312,30,75,21,079,24,81,21,327,23,88,68,276,41,3*7A
1780394848.192,$GLGSV,1,1,03,67,03,263,,76,24,138,,77,04,180,,0*4F
1780394848.193,$GAGSV,3,1,09,04,38,019,34,05,21,244,23,06,56,349,40,09,59,298,38,2*7A
1780394848.194,$GAGSV,3,2,09,10,71,111,41,11,72,356,36,12,47,131,34,28,18,035,22,2*7C
1780394848.194,$GAGSV,3,3,09,36,23,329,23,2*42
1780394848.195,$GAGSV,3,1,09,04,38,019,35,05,21,244,21,06,56,349,38,09,59,298,39,7*72
1780394848.195,$GAGSV,3,2,09,10,71,111,39,11,72,356,36,12,47,131,30,28,18,035,17,7*74
1780394848.196,$GAGSV,3,3,09,36,23,329,23,7*47
1780394848.196,$GAGSV,1,1,02,16,07,190,,31,10,139,,0*76
1780394848.197,$GBGSV,2,1,08,06,39,034,38,07,66,119,41,08,24,178,20,09,37,000,35,1*7F
1780394848.198,$GBGSV,2,2,08,10,60,143,40,13,27,306,37,14,30,028,32,24,35,157,20,1*71
1780394848.198,$GBGSV,1,1,02,09,37,000,32,10,60,143,36,3*7E
1780394848.199,$GBGSV,3,1,10,01,42,106,,02,63,244,,03,72,138,,04,22,095,,0*75
1780394848.200,$GBGSV,3,2,10,04,22,095,,21,16,049,,25,01,204,,26,37,097,,0*78
1780394848.200,$GBGSV,3,3,10,26,37,097,,28,03,319,,0*7A
1780394848.201,$GNGLL,1339.01313,N,10029.57986,E,100728.00,A,D*79
1780394849.149,$GNRMC,100729.00,A,1339.01352,N,10029.57984,E,1.281,3.53,020626,0.53,W,F,V*40
1780394849.151,$GNVTG,3.53,T,4.06,M,1.281,N,2.373,K,D*30
1780394849.152,$GNGGA,100729.00,1339.01352,N,10029.57984,E,5,12,0.99,6.7,M,-27.8,M,1.0,0499*42
1780394849.153,$GNGSA,A,3,10,18,23,24,32,,,,,,,,1.68,0.99,1.35,1*07
1780394849.153,$GNGSA,A,3,66,75,65,88,81,,,,,,,,1.68,0.99,1.35,2*02
1780394849.154,$GNGSA,A,3,05,12,04,06,09,10,11,28,36,,,,1.68,0.99,1.35,3*08
1780394849.154,$GNGSA,A,3,06,07,09,10,13,14,,,,,,,1.68,0.99,1.35,4*02
1780394849.155,$GPGSV,2,1,07,10,20,325,25,18,88,175,42,23,39,001,39,24,43,047,37,1*6A
1780394849.155,$GPGSV,2,2,07,32,30,267,30,41,64,233,39,42,70,217,40,1*5F
1780394849.156,$GPGSV,2,1,05,10,20,325,30,18,88,175,43,23,39,001,35,24,43,047,36,6*67
1780394849.156,$GPGSV,2,2,05,32,30,267,27,6*52
1780394849.157,$GPGSV,3,1,10,05,06,101,,12,12,124,,13,17,122,,15,13,043,,0*66
1780394849.158,$GPGSV,3,2,10,15,13,043,,25,16,160,,27,05,296,,28,13,207,,0*63
1780394849.158,$GPGSV,3,3,10,28,13,207,,29,18,184,,0*66
1780394849.159,$GLGSV,2,1,06,65,24,008,30,66,29,312,25,75,21,079,20,81,21,327,20,1*7C
1780394849.160,$GLGSV,2,2,06,87,29,169,17,88,68,276,41,1*7A
1780394849.161,$GLGSV,1,1,04,66,29,312,29,75,21,079,25,81,21,327,22,88,68,276,42,3*71
1780394849.161,$GLGSV,1,1,03,67,03,263,,76,24,138,,77,04,180,,0*4F
1780394849.162,$GAGSV,3,1,09,04,38,019,34,05,21,244,23,06,56,349,38,09,59,298,38,2*75
1780394849.163,$GAGSV,3,2,09,10,71,111,41,11,72,356,35,12,47,131,32,28,18,035,22,2*79
1780394849.163,$GAGSV,3,3,09,36,23,329,22,2*43
1780394849.164,$GAGSV,3,1,09,04,38,019,34,05,21,244,21,06,56,349,38,09,59,298,38,7*72
1780394849.165,$GAGSV,3,2,09,10,71,111,40,11,72,356,36,12,47,131,34,28,18,035,17,7*7E
1780394849.165,$GAGSV,3,3,09,36,23,329,30,7*45
1780394849.166,$GAGSV,1,1,02,16,07,190,,31,10,139,,0*76
1780394849.167,$GBGSV,2,1,08,06,39,034,40,07,66,119,40,08,24,178,19,09,37,000,37,1*79
1780394849.168,$GBGSV,2,2,08,10,60,143,41,13,27,306,31,14,30,028,32,24,35,157,17,1*72
1780394849.168,$GBGSV,1,1,02,09,37,000,32,10,60,143,37,3*7F
1780394849.169,$GBGSV,3,1,10,01,42,106,,02,63,244,,03,72,138,,04,22,095,,0*75
1780394849.169,$GBGSV,3,2,10,04,22,095,,21,16,049,,25,01,204,,26,37,097,,0*78
1780394849.170,$GBGSV,3,3,10,26,37,097,,28,03,319,,0*7A
1780394849.170,$GNGLL,1339.01352,N,10029.57984,E,100729.00,A,D*7F
1780394850.175,$GNRMC,100730.00,A,1339.01219,N,10029.57926,E,1.190,359.02,020626,0.53,W,R,V*51
1780394850.177,$GNVTG,359.02,T,359.55,M,1.190,N,2.203,K,D*30
1780394850.178,$GNGGA,100730.00,1339.01219,N,10029.57926,E,4,12,1.01,-0.9,M,-27.8,M,1.0,0499*68
1780394850.179,$GNGSA,A,3,10,18,23,24,32,,,,,,,,1.72,1.01,1.39,1*00
1780394850.179,$GNGSA,A,3,66,75,65,88,81,,,,,,,,1.72,1.01,1.39,2*05
1780394850.180,$GNGSA,A,3,05,12,04,06,09,10,11,36,,,,,1.72,1.01,1.39,3*05
1780394850.180,$GNGSA,A,3,06,07,09,10,13,14,,,,,,,1.72,1.01,1.39,4*05
1780394850.181,$GPGSV,2,1,07,10,20,325,25,18,88,175,41,23,39,001,38,24,43,047,36,1*69
1780394850.181,$GPGSV,2,2,07,32,30,267,33,41,64,233,40,42,70,217,40,1*52
1780394850.182,$GPGSV,2,1,05,10,20,325,28,18,88,175,44,23,39,001,38,24,43,047,37,6*65
1780394850.183,$GPGSV,2,2,05,32,30,267,32,6*56
1780394850.183,$GPGSV,3,1,10,05,06,101,,12,12,124,,13,17,122,,15,13,043,,0*66
1780394850.184,$GPGSV,3,2,10,15,13,043,,25,16,160,,27,05,296,,28,13,207,,0*63
1780394850.184,$GPGSV,3,3,10,28,13,207,,29,18,184,,0*66
1780394850.185,$GLGSV,2,1,06,65,24,008,31,66,29,312,25,75,21,079,18,81,21,327,23,1*75
1780394850.186,$GLGSV,2,2,06,87,29,169,17,88,68,276,40,1*7B
1780394850.187,$GLGSV,1,1,04,66,29,312,29,75,21,079,24,81,21,327,22,88,68,276,41,3*73
1780394850.187,$GLGSV,1,1,03,67,03,263,,76,24,138,,77,04,180,,0*4F
1780394850.188,$GAGSV,3,1,09,04,38,019,34,05,21,244,25,06,56,349,38,09,59,298,38,2*73
1780394850.189,$GAGSV,3,2,09,10,71,111,41,11,72,356,36,12,47,131,33,28,18,035,19,2*73
1780394850.189,$GAGSV,3,3,09,36,23,329,22,2*43
1780394850.190,$GAGSV,3,1,09,04,38,019,35,05,21,244,22,06,56,349,38,09,59,298,39,7*71
1780394850.191,$GAGSV,3,2,09,10,71,111,40,11,72,356,36,12,47,131,34,28,18,035,16,7*7F
1780394850.191,$GAGSV,3,3,09,36,23,329,33,7*46
1780394850.192,$GAGSV,1,1,02,16,07,190,,31,10,139,,0*76
1780394850.193,$GBGSV,2,1,08,06,39,034,40,07,66,119,40,08,24,178,19,09,37,000,37,1*79
1780394850.194,$GBGSV,2,2,08,10,60,143,40,13,27,306,32,14,30,028,27,24,35,157,19,1*7A
1780394850.194,$GBGSV,1,1,02,09,37,000,34,10,60,143,36,3*78
1780394850.195,$GBGSV,3,1,10,01,42,106,,02,63,244,,03,72,138,,04,22,095,,0*75
1780394850.196,$GBGSV,3,2,10,04,22,095,,21,16,049,,25,01,204,,26,37,097,,0*78
1780394850.196,$GBGSV,3,3,10,26,37,097,,28,03,319,,0*7A
1780394850.197,$GNGLL,1339.01219,N,10029.57926,E,100730.00,A,D*71
1780394851.154,$GNRMC,100731.00,A,1339.01251,N,10029.57924,E,1.135,356.90,020626,0.53,W,R,V*55
1780394851.157,$GNVTG,356.90,T,357.43,M,1.135,N,2.101,K,D*33
1780394851.157,$GNGGA,100731.00,1339.01251,N,10029.57924,E,4,12,1.11,-1.0,M,-27.8,M,1.0,0499*6E
1780394851.158,$GNGSA,A,3,10,18,23,24,32,,,,,,,,2.04,1.11,1.71,1*0F
1780394851.158,$GNGSA,A,3,66,75,65,88,81,,,,,,,,2.04,1.11,1.71,2*0A
1780394851.159,$GNGSA,A,3,05,12,04,06,09,10,11,36,,,,,2.04,1.11,1.71,3*0A
1780394851.159,$GNGSA,A,3,06,07,08,09,10,13,14,,,,,,2.04,1.11,1.71,4*02
1780394851.160,$GPGSV,2,1,07,10,20,325,25,18,88,175,41,23,39,001,37,24,43,047,37,1*67
1780394851.161,$GPGSV,2,2,07,32,30,267,35,41,64,233,41,42,70,217,40,1*55
1780394851.161,$GPGSV,2,1,05,10,20,325,25,18,88,175,43,23,39,001,36,24,43,047,34,6*62
1780394851.162,$GPGSV,2,2,05,32,30,267,27,6*52
1780394851.162,$GPGSV,3,1,10,05,06,101,,12,12,124,,13,17,122,,15,13,043,,0*66
1780394851.163,$GPGSV,3,2,10,15,13,043,,25,16,160,,27,05,296,,28,13,207,,0*63
1780394851.164,$GPGSV,3,3,10,28,13,207,,29,18,184,,0*66
1780394851.164,$GLGSV,2,1,06,65,24,008,31,66,29,312,25,75,21,079,18,81,21,327,24,1*72
1780394851.165,$GLGSV,2,2,06,87,29,169,18,88,68,276,41,1*75
1780394851.165,$GLGSV,1,1,04,66,29,312,22,75,21,079,24,81,21,327,23,88,68,276,43,3*7B
1780394851.166,$GLGSV,1,1,03,67,03,263,,76,24,138,,77,04,180,,0*4F
1780394851.167,$GAGSV,3,1,09,04,38,019,35,05,21,244,24,06,56,349,39,09,59,298,38,2*72
1780394851.168,$GAGSV,3,2,09,10,71,111,41,11,72,356,36,12,47,131,34,28,18,035,17,2*7A
1780394851.169,$GAGSV,3,3,09,36,23,329,23,2*42
1780394851.169,$GAGSV,3,1,09,04,38,019,31,05,21,244,20,06,56,349,38,09,59,298,39,7*77
1780394851.170,$GAGSV,3,2,09,10,71,111,40,11,72,356,36,12,47,131,35,28,18,035,15,7*7D
1780394851.171,$GAGSV,3,3,09,36,23,329,29,7*4D
1780394851.171,$GAGSV,1,1,02,16,07,190,,31,10,139,,0*76
1780394851.172,$GBGSV,2,1,08,06,39,034,40,07,66,119,41,08,24,178,20,09,37,000,38,1*7D
1780394851.172,$GBGSV,2,2,08,10,60,143,40,13,27,306,33,14,30,028,32,24,35,157,18,1*7E
1780394851.173,$GBGSV,1,1,02,09,37,000,30,10,60,143,36,3*7C
1780394851.173,$GBGSV,3,1,10,01,42,106,,02,63,244,,03,72,138,,04,22,095,,0*75
1780394851.174,$GBGSV,3,2,10,04,22,095,,21,16,049,,25,01,204,,26,37,097,,0*78
1780394851.175,$GBGSV,3,3,10,26,37,097,,28,03,319,,0*7A
1780394851.176,$GNGLL,1339.01251,N,10029.57924,E,100731.00,A,D*7E
1780394852.179,$GNRMC,100732.00,A,1339.01285,N,10029.57922,E,1.232,354.58,020626,0.53,W,R,V*5B
1780394852.181,$GNVTG,354.58,T,355.11,M,1.232,N,2.282,K,D*3C
1780394852.183,$GNGGA,100732.00,1339.01285,N,10029.57922,E,4,12,1.11,-0.9,M,-27.8,M,1.0,0499*6A
1780394852.184,$GNGSA,A,3,10,18,23,24,32,,,,,,,,2.04,1.11,1.71,1*0F
1780394852.184,$GNGSA,A,3,66,75,65,88,81,,,,,,,,2.04,1.11,1.71,2*0A
1780394852.185,$GNGSA,A,3,05,12,04,06,09,10,11,36,,,,,2.04,1.11,1.71,3*0A
1780394852.186,$GNGSA,A,3,06,07,08,09,10,13,14,,,,,,2.04,1.11,1.71,4*02
1780394852.186,$GPGSV,2,1,07,10,20,325,30,18,88,175,41,23,39,001,38,24,43,047,37,1*6C
1780394852.187,$GPGSV,2,2,07,32,30,267,37,41,64,233,40,42,70,217,41,1*57
1780394852.188,$GPGSV,2,1,05,10,20,325,24,18,88,175,43,23,39,001,38,24,43,047,34,6*6D
1780394852.188,$GPGSV,2,2,05,32,30,267,30,6*54
1780394852.189,$GPGSV,3,1,10,05,06,101,,12,12,124,,13,17,122,,15,13,043,,0*66
1780394852.190,$GPGSV,3,2,10,15,13,043,,25,16,160,,27,05,296,,28,13,207,,0*63
1780394852.190,$GPGSV,3,3,10,28,13,207,,29,18,184,,0*66
1780394852.191,$GLGSV,2,1,06,65,24,008,33,66,29,312,24,75,21,079,21,81,21,327,34,1*7A
1780394852.192,$GLGSV,2,2,06,87,29,169,18,88,68,276,40,1*74
1780394852.192,$GLGSV,1,1,04,66,29,312,30,75,21,079,31,81,21,327,24,88,68,276,42,3*7A
1780394852.193,$GLGSV,1,1,03,67,03,263,,76,24,138,,77,04,180,,0*4F
1780394852.194,$GAGSV,3,1,09,04,38,019,34,05,21,244,21,06,56,349,38,09,59,298,38,2*77
1780394852.195,$GAGSV,3,2,09,10,71,111,41,11,72,356,36,12,47,131,35,28,18,035,18,2*74
1780394852.195,$GAGSV,3,3,09,36,23,329,22,2*43
1780394852.196,$GAGSV,3,1,09,04,38,019,30,05,21,244,20,06,56,349,39,09,59,298,37,7*79
1780394852.196,$GAGSV,3,2,09,10,71,111,40,11,72,356,36,12,47,131,35,28,18,035,16,7*7E
1780394852.197,$GAGSV,3,3,09,36,23,329,20,7*44
1780394852.197,$GAGSV,1,1,02,16,07,190,,31,10,139,,0*76
1780394852.198,$GBGSV,2,1,08,06,39,034,38,07,66,119,41,08,24,178,22,09,37,000,37,1*7F
1780394852.199,$GBGSV,2,2,08,10,60,143,40,13,27,306,30,14,30,028,35,24,35,157,18,1*7A
1780394852.199,$GBGSV,1,1,02,09,37,000,34,10,60,143,37,3*79
1780394852.200,$GBGSV,3,1,10,01,42,106,,02,63,244,,03,72,138,,04,22,095,,0*75
1780394852.201,$GBGSV,3,2,10,04,22,095,,21,16,049,,25,01,204,,26,37,097,,0*78
1780394852.202,$GBGSV,3,3,10,26,37,097,,28,03,319,,0*7A
1780394852.202,$GNGLL,1339.01285,N,10029.57922,E,100732.00,A,D*72
1780394853.154,$GNRMC,100733.00,A,1339.01320,N,10029.57921,E,1.270,357.81,020626,0.53,W,R,V*56
1780394853.156,$GNVTG,357.81,T,358.34,M,1.270,N,2.353,K,D*3A
1780394853.157,$GNGGA,100733.00,1339.01320,N,10029.57921,E,4,12,1.11,-0.9,M,-27.8,M,1.0,0499*66
1780394853.158,$GNGSA,A,3,10,18,23,24,32,,,,,,,,2.04,1.11,1.71,1*0F
1780394853.158,$GNGSA,A,3,66,75,65,88,81,,,,,,,,2.04,1.11,1.71,2*0A
1780394853.159,$GNGSA,A,3,05,12,04,06,09,10,11,36,,,,,2.04,1.11,1.71,3*0A
1780394853.159,$GNGSA,A,3,06,07,08,09,10,13,14,,,,,,2.04,1.11,1.71,4*02
1780394853.160,$GPGSV,2,1,07,10,20,325,31,18,88,175,41,23,39,001,40,24,43,047,37,1*62
1780394853.161,$GPGSV,2,2,07,32,30,267,37,41,64,233,42,42,70,217,41,1*55
1780394853.161,$GPGSV,2,1,05,10,20,325,24,18,88,175,44,23,39,001,39,24,43,047,37,6*68
1780394853.162,$GPGSV,2,2,05,32,30,267,32,6*56
1780394853.162,$GPGSV,3,1,10,05,06,101,,12,12,124,,13,17,122,,15,13,043,,0*66
1780394853.163,$GPGSV,3,2,10,15,13,043,,25,16,160,,27,05,296,,28,13,207,,0*63
1780394853.163,$GPGSV,3,3,10,28,13,207,,29,18,184,,0*66
1780394853.164,$GLGSV,2,1,06,65,24,008,33,66,29,312,25,75,21,079,21,81,21,327,30,1*7F
1780394853.165,$GLGSV,2,2,06,87,29,169,18,88,68,276,40,1*74
1780394853.165,$GLGSV,1,1,04,66,29,312,31,75,21,079,23,81,21,327,31,88,68,276,43,3*7D
1780394853.166,$GLGSV,1,1,03,67,03,263,,76,24,138,,77,04,180,,0*4F
1780394853.167,$GAGSV,3,1,09,04,38,019,31,05,21,244,19,06,56,349,38,09,59,298,38,2*79
1780394853.168,$GAGSV,3,2,09,10,71,111,42,11,72,356,36,12,47,131,36,28,18,035,19,2*75
1780394853.169,$GAGSV,3,3,09,36,23,329,25,2*44
1780394853.169,$GAGSV,3,1,09,04,38,019,30,05,21,244,21,06,56,349,39,09,59,298,39,7*76
1780394853.170,$GAGSV,3,2,09,10,71,111,40,11,72,356,36,12,47,131,35,28,18,035,15,7*7D
1780394853.170,$GAGSV,3,3,09,36,23,329,20,7*44
1780394853.171,$GAGSV,1,1,02,16,07,190,,31,10,139,,0*76
1780394853.171,$GBGSV,2,1,08,06,39,034,38,07,66,119,39,08,24,178,23,09,37,000,36,1*70
1780394853.172,$GBGSV,2,2,08,10,60,143,40,13,27,306,29,14,30,028,32,24,35,157,18,1*75
1780394853.173,$GBGSV,1,1,02,09,37,000,34,10,60,143,36,3*78
1780394853.173,$GBGSV,3,1,10,01,42,106,,02,63,244,,03,72,138,,04,22,095,,0*75
1780394853.174,$GBGSV,3,2,10,04,22,095,,21,16,049,,25,01,204,,26,37,097,,0*78
1780394853.174,$GBGSV,3,3,10,26,37,097,,28,03,319,,0*7A
1780394853.175,$GNGLL,1339.01320,N,10029.57921,E,100733.00,A,D*7E
1780394854.177,$GNRMC,100734.00,A,1339.01355,N,10029.57918,E,1.258,355.41,020626,0.53,W,R,V*5D
1780394854.179,$GNVTG,355.41,T,355.94,M,1.258,N,2.329,K,D*34
1780394854.181,$GNGGA,100734.00,1339.01355,N,10029.57918,E,4,12,1.11,-1.0,M,-27.8,M,1.0,0499*61
1780394854.181,$GNGSA,A,3,10,18,23,24,32,,,,,,,,2.04,1.11,1.71,1*0F
1780394854.182,$GNGSA,A,3,66,75,65,88,81,,,,,,,,2.04,1.11,1.71,2*0A
1780394854.182,$GNGSA,A,3,05,12,04,06,09,10,11,36,,,,,2.04,1.11,1.71,3*0A
1780394854.183,$GNGSA,A,3,06,07,08,09,10,13,14,,,,,,2.04,1.11,1.71,4*02
1780394854.183,$GPGSV,2,1,08,10,20,325,30,18,88,175,41,23,39,001,37,24,43,047,39,1*62
1780394854.184,$GPGSV,2,2,08,32,30,267,38,40,36,258,36,41,64,233,41,42,70,217,39,1*62
1780394854.185,$GPGSV,2,1,05,10,20,325,24,18,88,175,44,23,39,001,37,24,43,047,37,6*66
1780394854.185,$GPGSV,2,2,05,32,30,267,36,6*52
1780394854.186,$GPGSV,3,1,09,05,06,101,,12,12,124,,13,17,122,,15,13,043,,0*6E
1780394854.186,$GPGSV,3,2,09,15,13,043,,25,16,160,,27,05,296,,28,13,207,,0*6B
1780394854.187,$GPGSV,3,3,09,28,13,207,,0*51
1780394854.187,$GLGSV,2,1,06,65,24,008,33,66,29,312,26,75,21,079,20,81,21,327,35,1*78
1780394854.188,$GLGSV,2,2,06,87,29,169,17,88,68,276,40,1*7B
1780394854.188,$GLGSV,1,1,04,66,29,312,26,75,21,079,21,81,21,327,32,88,68,276,42,3*7B
1780394854.189,$GLGSV,1,1,03,67,03,263,,76,24,138,,77,04,180,,0*4F
1780394854.189,$GAGSV,3,1,09,04,38,019,35,05,21,244,19,06,56,349,42,09,59,298,36,2*7E
1780394854.190,$GAGSV,3,2,09,10,71,111,41,11,72,356,35,12,47,131,35,28,18,035,17,2*78
1780394854.190,$GAGSV,3,3,09,36,23,329,28,2*49
1780394854.191,$GAGSV,3,1,09,04,38,019,29,05,21,244,23,06,56,349,41,09,59,298,40,7*7D
1780394854.192,$GAGSV,3,2,09,10,71,111,40,11,72,356,36,12,47,131,35,28,18,035,15,7*7D
1780394854.192,$GAGSV,3,3,09,36,23,329,20,7*44
1780394854.193,$GAGSV,1,1,02,16,07,190,,31,10,139,,0*76
1780394854.194,$GBGSV,2,1,08,06,39,034,38,07,66,119,42,08,24,178,25,09,37,000,39,1*75
1780394854.194,$GBGSV,2,2,08,10,60,143,40,13,27,306,22,14,30,028,33,24,35,157,19,1*7E
1780394854.195,$GBGSV,1,1,02,09,37,000,35,10,60,143,38,3*77
1780394854.195,$GBGSV,3,1,10,01,42,106,,02,63,244,,03,72,138,,04,22,095,,0*75
1780394854.196,$GBGSV,3,2,10,04,22,095,,21,16,049,,25,01,204,,26,37,097,,0*78
1780394854.196,$GBGSV,3,3,10,26,37,097,,28,03,319,,0*7A
1780394854.197,$GNGLL,1339.01355,N,10029.57918,E,100734.00,A,D*71
1780394855.156,$GNRMC,100735.00,A,1339.01392,N,10029.57915,E,1.245,356.49,020626,0.53,W,R,V*5D
1780394855.158,$GNVTG,356.49,T,357.02,M,1.245,N,2.305,K,D*30
1780394855.159,$GNGGA,100735.00,1339.01392,N,10029.57915,E,4,12,1.11,-1.0,M,-27.8,M,1.0,0499*66
1780394855.160,$GNGSA,A,3,10,18,23,24,32,,,,,,,,2.04,1.11,1.71,1*0F
1780394855.160,$GNGSA,A,3,66,75,65,88,81,,,,,,,,2.04,1.11,1.71,2*0A
1780394855.161,$GNGSA,A,3,05,12,04,06,09,10,11,36,,,,,2.04,1.11,1.71,3*0A
1780394855.161,$GNGSA,A,3,06,07,08,09,10,13,14,,,,,,2.04,1.11,1.71,4*02
1780394855.162,$GPGSV,2,1,08,10,20,325,28,18,88,175,41,23,39,001,39,24,43,047,39,1*65
1780394855.162,$GPGSV,2,2,08,32,30,267,40,40,36,258,35,41,64,233,39,42,70,217,39,1*61
1780394855.163,$GPGSV,2,1,05,10,20,325,26,18,88,175,43,23,39,001,36,24,43,047,35,6*60
1780394855.164,$GPGSV,2,2,05,32,30,267,31,6*55
1780394855.164,$GPGSV,3,1,09,05,06,101,,12,12,124,,13,17,122,,15,13,043,,0*6E
1780394855.165,$GPGSV,3,2,09,15,13,043,,25,16,160,,27,05,296,,28,13,207,,0*6B
1780394855.165,$GPGSV,3,3,09,28,13,207,,0*51
1780394855.166,$GLGSV,2,1,06,65,24,008,31,66,29,312,25,75,21,079,19,81,21,327,30,1*76
1780394855.166,$GLGSV,2,2,06,87,29,169,17,88,68,276,37,1*7B
1780394855.167,$GLGSV,1,1,04,66,29,312,26,75,21,079,20,81,21,327,27,88,68,276,41,3*7D
1780394855.168,$GLGSV,1,1,03,67,03,263,,76,24,138,,77,04,180,,0*4F
1780394855.169,$GAGSV,3,1,09,04,38,019,35,05,21,244,21,06,56,349,40,09,59,298,38,2*79
1780394855.170,$GAGSV,3,2,09,10,71,111,41,11,72,356,36,12,47,131,34,28,18,035,16,2*7B
1780394855.171,$GAGSV,3,3,09,36,23,329,31,2*41
1780394855.172,$GAGSV,3,1,09,04,38,019,34,05,21,244,21,06,56,349,39,09,59,298,36,7*7D
1780394855.174,$GAGSV,3,2,09,10,71,111,39,11,72,356,36,12,47,131,35,28,18,035,14,7*72
1780394855.174,$GAGSV,3,3,09,36,23,329,30,7*45
1780394855.174,$GAGSV,1,1,02,16,07,190,,31,10,139,,0*76
1780394855.175,$GBGSV,2,1,08,06,39,034,38,07,66,119,41,08,24,178,25,09,37,000,37,1*78
1780394855.176,$GBGSV,2,2,08,10,60,143,40,13,27,306,23,14,30,028,32,24,35,157,19,1*7E
1780394855.176,$GBGSV,1,1,02,09,37,000,35,10,60,143,37,3*78
1780394855.177,$GBGSV,3,1,10,01,42,106,,02,63,244,,03,72,138,,04,22,095,,0*75
1780394855.178,$GBGSV,3,2,10,04,22,095,,21,16,049,,25,01,204,,26,37,097,,0*78
1780394855.178,$GBGSV,3,3,10,26,37,097,,28,03,319,,0*7A
1780394855.179,$GNGLL,1339.01392,N,10029.57915,E,100735.00,A,D*76
1780394856.179,$GNRMC,100736.00,A,1339.01424,N,10029.57912,E,1.128,359.94,020626,0.53,W,R,V*54
1780394856.183,$GNVTG,359.94,T,0.47,M,1.128,N,2.090,K,D*38
1780394856.186,$GNGGA,100736.00,1339.01424,N,10029.57912,E,4,12,1.11,-1.0,M,-27.8,M,1.0,0499*68
1780394856.188,$GNGSA,A,3,10,18,23,24,32,,,,,,,,2.04,1.11,1.71,1*0F
1780394856.189,$GNGSA,A,3,66,75,65,88,81,,,,,,,,2.04,1.11,1.71,2*0A
1780394856.192,$GNGSA,A,3,05,12,04,06,09,10,11,36,,,,,2.04,1.11,1.71,3*0A
1780394856.195,$GNGSA,A,3,06,07,08,09,10,13,14,,,,,,2.04,1.11,1.71,4*02
1780394856.197,$GPGSV,2,1,08,10,20,325,26,18,88,175,41,23,39,001,39,24,43,047,37,1*65
1780394856.199,$GPGSV,2,2,08,32,30,267,34,40,36,258,35,41,64,233,40,42,70,217,41,1*63
1780394856.201,$GPGSV,2,1,05,10,20,325,25,18,88,175,43,23,39,001,36,24,43,047,34,6*62
1780394856.203,$GPGSV,2,2,05,32,30,267,34,6*50
1780394856.207,$GPGSV,3,1,09,05,06,101,,12,12,124,,13,17,122,,15,13,043,,0*6E
1780394856.209,$GPGSV,3,2,09,15,13,043,,25,16,160,,27,05,296,,28,13,207,,0*6B
1780394856.210,$GPGSV,3,3,09,28,13,207,,0*51
1780394856.211,$GLGSV,2,1,06,65,24,008,32,66,29,312,25,75,21,079,19,81,21,327,29,1*7D
1780394856.212,$GLGSV,2,2,06,87,29,169,17,88,68,276,39,1*75
1780394856.214,$GLGSV,1,1,04,66,29,312,26,75,21,079,20,81,21,327,30,88,68,276,39,3*74
1780394856.214,$GLGSV,1,1,03,67,03,263,,76,24,138,,77,04,180,,0*4F
1780394856.215,$GAGSV,3,1,09,04,38,019,35,05,21,244,21,06,56,349,38,09,59,298,33,2*7D
1780394856.215,$GAGSV,3,2,09,10,71,111,40,11,72,356,37,12,47,131,34,28,18,035,14,2*79
1780394856.216,$GAGSV,3,3,09,36,23,329,29,2*48
1780394856.216,$GAGSV,3,1,09,04,38,019,36,05,21,244,20,06,56,349,35,09,59,298,36,7*72
1780394856.217,$GAGSV,3,2,09,10,71,111,39,11,72,356,35,12,47,131,34,28,18,035,14,7*70
1780394856.217,$GAGSV,3,3,09,36,23,329,28,7*4C
1780394856.218,$GAGSV,1,1,02,16,07,190,,31,10,139,,0*76
1780394856.218,$GBGSV,2,1,08,06,39,034,39,07,66,119,41,08,24,178,26,09,37,000,39,1*74
1780394856.219,$GBGSV,2,2,08,10,60,143,40,13,27,306,24,14,30,028,33,24,35,157,19,1*78
1780394856.220,$GBGSV,1,1,02,09,37,000,34,10,60,143,37,3*79
1780394856.220,$GBGSV,3,1,10,01,42,106,,02,63,244,,03,72,138,,04,22,095,,0*75
1780394856.221,$GBGSV,3,2,10,04,22,095,,21,16,049,,25,01,204,,26,37,097,,0*78
1780394856.221,$GBGSV,3,3,10,26,37,097,,28,03,319,,0*7A
1780394856.222,$GNGLL,1339.01424,N,10029.57912,E,100736.00,A,D*78
1780394857.153,$GNRMC,100737.00,A,1339.01453,N,10029.57910,E,0.942,351.01,020626,0.53,W,R,V*56
1780394857.155,$GNVTG,351.01,T,351.54,M,0.942,N,1.744,K,D*31
1780394857.156,$GNGGA,100737.00,1339.01453,N,10029.57910,E,4,12,1.11,-1.0,M,-27.8,M,1.0,0499*6B
1780394857.157,$GNGSA,A,3,10,18,23,24,32,,,,,,,,2.04,1.11,1.71,1*0F
1780394857.157,$GNGSA,A,3,66,75,65,88,81,,,,,,,,2.04,1.11,1.71,2*0A
1780394857.158,$GNGSA,A,3,05,12,04,06,09,10,11,36,,,,,2.04,1.11,1.71,3*0A
1780394857.158,$GNGSA,A,3,06,07,08,09,10,13,14,,,,,,2.04,1.11,1.71,4*02
1780394857.159,$GPGSV,2,1,08,10,20,325,34,18,88,175,41,23,39,001,39,24,43,047,36,1*67
1780394857.160,$GPGSV,2,2,08,32,30,267,31,40,36,258,34,41,64,233,41,42,70,217,41,1*66
1780394857.160,$GPGSV,2,1,05,10,20,325,25,18,88,175,42,23,39,001,36,24,43,047,30,6*67
1780394857.161,$GPGSV,2,2,05,32,30,267,34,6*50
1780394857.162,$GPGSV,3,1,09,05,06,101,,12,12,124,,13,17,122,,15,13,043,,0*6E
1780394857.162,$GPGSV,3,2,09,15,13,043,,25,16,160,,27,05,296,,28,13,207,,0*6B
1780394857.163,$GPGSV,3,3,09,28,13,207,,0*51
1780394857.163,$GLGSV,2,1,06,65,24,008,36,66,29,312,26,75,21,079,21,81,21,327,33,1*7A
1780394857.164,$GLGSV,2,2,06,87,29,169,16,88,68,276,42,1*78
1780394857.165,$GLGSV,1,1,04,66,29,312,25,75,21,079,22,81,21,327,29,88,68,276,44,3*77
1780394857.166,$GLGSV,1,1,03,67,03,263,,76,24,138,,77,04,180,,0*4F
1780394857.166,$GAGSV,3,1,09,04,38,019,35,05,21,244,23,06,56,349,38,09,59,298,26,2*7B
1780394857.167,$GAGSV,3,2,09,10,71,111,41,11,72,356,36,12,47,131,34,28,18,035,17,2*7A
1780394857.168,$GAGSV,3,3,09,36,23,329,24,2*45
1780394857.169,$GAGSV,3,1,09,04,38,019,33,05,21,244,22,06,56,349,37,09,59,298,30,7*71
1780394857.170,$GAGSV,3,2,09,10,71,111,39,11,72,356,35,12,47,131,36,28,18,035,14,7*72
1780394857.170,$GAGSV,3,3,09,36,23,329,25,7*41
1780394857.171,$GAGSV,1,1,02,16,07,190,,31,10,139,,0*76
1780394857.171,$GBGSV,2,1,08,06,39,034,39,07,66,119,40,08,24,178,27,09,37,000,39,1*74
1780394857.172,$GBGSV,2,2,08,10,60,143,40,13,27,306,25,14,30,028,31,24,35,157,18,1*7A
1780394857.173,$GBGSV,1,1,02,09,37,000,35,10,60,143,37,3*78
1780394857.173,$GBGSV,3,1,10,01,42,106,,02,63,244,,03,72,138,,04,22,095,,0*75
1780394857.174,$GBGSV,3,2,10,04,22,095,,21,16,049,,25,01,204,,26,37,097,,0*78
1780394857.174,$GBGSV,3,3,10,26,37,097,,28,03,319,,0*7A
1780394857.175,$GNGLL,1339.01453,N,10029.57910,E,100737.00,A,D*7B
1780394858.170,$GNRMC,100738.00,A,1339.01478,N,10029.57910,E,0.587,353.81,020626,0.53,W,R,V*5F
1780394858.172,$GNVTG,353.81,T,354.34,M,0.587,N,1.087,K,D*35
1780394858.174,$GNGGA,100738.00,1339.01478,N,10029.57910,E,4,12,1.11,-0.9,M,-27.8,M,1.0,0499*65
1780394858.174,$GNGSA,A,3,10,18,23,24,32,,,,,,,,2.04,1.11,1.71,1*0F
1780394858.175,$GNGSA,A,3,66,75,65,88,81,,,,,,,,2.04,1.11,1.71,2*0A
1780394858.175,$GNGSA,A,3,05,12,04,06,09,10,11,36,,,,,2.04,1.11,1.71,3*0A
1780394858.176,$GNGSA,A,3,06,07,08,09,10,13,14,,,,,,2.04,1.11,1.71,4*02
1780394858.176,$GPGSV,2,1,08,10,20,325,29,18,88,175,41,23,39,001,40,24,43,047,35,1*66
1780394858.177,$GPGSV,2,2,08,32,30,267,24,40,36,258,34,41,64,233,41,42,70,217,39,1*6D
1780394858.178,$GPGSV,2,1,05,10,20,325,26,18,88,175,42,23,39,001,38,24,43,047,30,6*6A
1780394858.178,$GPGSV,2,2,05,32,30,267,21,6*54
1780394858.179,$GPGSV,3,1,09,05,06,101,,12,12,124,,13,17,122,,15,13,043,,0*6E
1780394858.179,$GPGSV,3,2,09,15,13,043,,25,16,160,,27,05,296,,28,13,207,,0*6B
1780394858.180,$GPGSV,3,3,09,28,13,207,,0*51
1780394858.181,$GLGSV,2,1,06,65,24,008,34,66,29,312,24,75,21,079,20,81,21,327,30,1*78
1780394858.181,$GLGSV,2,2,06,87,29,169,16,88,68,276,38,1*75
1780394858.182,$GLGSV,1,1,04,66,29,312,26,75,21,079,23,81,21,327,36,88,68,276,39,3*71
1780394858.183,$GLGSV,1,1,03,67,03,263,,76,24,138,,77,04,180,,0*4F
1780394858.184,$GAGSV,3,1,09,04,38,019,35,05,21,244,22,06,56,349,37,09,59,298,27,2*74
1780394858.184,$GAGSV,3,2,09,10,71,111,39,11,72,356,35,12,47,131,34,28,18,035,15,2*74
1780394858.185,$GAGSV,3,3,09,36,23,329,25,2*44
1780394858.186,$GAGSV,3,1,09,04,38,019,35,05,21,244,29,06,56,349,37,09,59,298,29,7*74
1780394858.187,$GAGSV,3,2,09,10,71,111,39,11,72,356,36,12,47,131,36,28,18,035,15,7*70
1780394858.187,$GAGSV,3,3,09,36,23,329,25,7*41
1780394858.188,$GAGSV,1,1,02,16,07,190,,31,10,139,,0*76
1780394858.188,$GBGSV,2,1,08,06,39,034,37,07,66,119,40,08,24,178,27,09,37,000,37,1*74
1780394858.189,$GBGSV,2,2,08,10,60,143,39,13,27,306,26,14,30,028,37,24,35,157,18,1*71
1780394858.190,$GBGSV,1,1,02,09,37,000,34,10,60,143,37,3*79
1780394858.190,$GBGSV,3,1,10,01,42,106,,02,63,244,,03,72,138,,04,22,095,,0*75
1780394858.191,$GBGSV,3,2,10,04,22,095,,21,16,049,,25,01,204,,26,37,097,,0*78
1780394858.191,$GBGSV,3,3,10,26,37,097,,28,03,319,,0*7A
1780394858.192,$GNGLL,1339.01478,N,10029.57910,E,100738.00,A,D*7D
1780394859.154,$GNRMC,100739.00,A,1339.01483,N,10029.57909,E,0.043,,020626,0.53,W,R,V*4D
1780394859.155,$GNVTG,,T,,M,0.043,N,0.080,K,D*37
1780394859.157,$GNGGA,100739.00,1339.01483,N,10029.57909,E,4,12,1.11,-0.9,M,-27.8,M,1.0,0499*68
1780394859.158,$GNGSA,A,3,10,18,23,24,32,,,,,,,,2.04,1.11,1.71,1*0F
1780394859.158,$GNGSA,A,3,66,75,65,88,81,,,,,,,,2.04,1.11,1.71,2*0A
1780394859.159,$GNGSA,A,3,05,12,04,06,09,10,11,36,,,,,2.04,1.11,1.71,3*0A
1780394859.159,$GNGSA,A,3,06,07,08,09,10,13,14,,,,,,2.04,1.11,1.71,4*02
1780394859.160,$GPGSV,2,1,08,10,20,325,32,18,88,175,41,23,39,001,39,24,43,047,32,1*65
1780394859.161,$GPGSV,2,2,08,32,30,267,32,40,36,258,36,41,64,233,39,42,70,217,40,1*69
1780394859.162,$GPGSV,2,1,05,10,20,325,25,18,88,175,43,23,39,001,38,24,43,047,29,6*60
1780394859.162,$GPGSV,2,2,05,32,30,267,29,6*5C
1780394859.163,$GPGSV,3,1,09,05,06,101,,12,12,124,,13,17,122,,15,13,043,,0*6E
1780394859.164,$GPGSV,3,2,09,15,13,043,,25,16,160,,27,05,296,,28,13,207,,0*6B
1780394859.164,$GPGSV,3,3,09,28,13,207,,0*51
1780394859.165,$GLGSV,2,1,06,65,24,008,35,66,29,312,22,75,21,079,20,81,21,327,25,1*7B
1780394859.166,$GLGSV,2,2,06,87,29,169,18,88,68,276,36,1*75
1780394859.166,$GLGSV,2,1,05,66,29,312,32,75,21,079,23,76,24,138,20,81,21,327,30,3*78
1780394859.167,$GLGSV,2,2,05,88,68,276,35,3*44
1780394859.167,$GLGSV,1,1,02,67,03,263,,77,04,180,,0*73
1780394859.168,$GAGSV,3,1,09,04,38,019,35,05,21,244,30,06,56,349,36,09,59,298,29,2*78
1780394859.169,$GAGSV,3,2,09,10,71,111,40,11,72,356,35,12,47,131,35,28,18,035,15,2*7B
1780394859.169,$GAGSV,3,3,09,36,23,329,27,2*46
1780394859.170,$GAGSV,3,1,09,04,38,019,35,05,21,244,27,06,56,349,37,09,59,298,25,7*76
1780394859.171,$GAGSV,3,2,09,10,71,111,39,11,72,356,36,12,47,131,35,28,18,035,16,7*70
1780394859.171,$GAGSV,3,3,09,36,23,329,26,7*42
1780394859.172,$GAGSV,1,1,02,16,07,190,,31,10,139,,0*76
1780394859.172,$GBGSV,2,1,08,06,39,034,36,07,66,119,40,08,24,178,27,09,37,000,37,1*75
1780394859.173,$GBGSV,2,2,08,10,60,143,41,13,27,306,27,14,30,028,37,24,35,157,21,1*75
1780394859.173,$GBGSV,1,1,02,09,37,000,30,10,60,143,36,3*7C
1780394859.174,$GBGSV,3,1,10,01,42,106,,02,63,244,,03,72,138,,04,22,095,,0*75
1780394859.175,$GBGSV,3,2,10,04,22,095,,21,16,049,,25,01,204,,26,37,097,,0*78
1780394859.175,$GBGSV,3,3,10,26,37,097,,28,03,319,,0*7A
1780394859.176,$GNGLL,1339.01483,N,10029.57909,E,100739.00,A,D*70
1780394860.187,$GNRMC,100740.00,A,1339.01482,N,10029.57909,E,0.006,,020626,0.53,W,R,V*43
1780394860.189,$GNVTG,,T,,M,0.006,N,0.011,K,D*3E
1780394860.190,$GNGGA,100740.00,1339.01482,N,10029.57909,E,4,12,1.11,-0.9,M,-27.8,M,1.0,0499*67
1780394860.191,$GNGSA,A,3,10,18,23,24,32,,,,,,,,2.04,1.11,1.71,1*0F
1780394860.191,$GNGSA,A,3,66,75,65,88,81,,,,,,,,2.04,1.11,1.71,2*0A
1780394860.192,$GNGSA,A,3,05,12,04,06,09,10,11,36,,,,,2.04,1.11,1.71,3*0A
1780394860.192,$GNGSA,A,3,06,07,08,09,10,13,14,,,,,,2.04,1.11,1.71,4*02
1780394860.193,$GPGSV,2,1,08,10,20,325,33,18,88,175,41,23,39,001,39,24,43,047,32,1*64
1780394860.194,$GPGSV,2,2,08,32,30,267,33,40,36,258,36,41,64,233,39,42,70,217,40,1*68
1780394860.194,$GPGSV,2,1,05,10,20,325,25,18,88,175,43,23,39,001,39,24,43,047,29,6*61
1780394860.195,$GPGSV,2,2,05,32,30,267,30,6*54
1780394860.195,$GPGSV,3,1,09,05,06,101,,12,12,124,,13,17,122,,15,13,043,,0*6E
1780394860.196,$GPGSV,3,2,09,15,13,043,,25,16,160,,27,05,296,,28,13,207,,0*6B
1780394860.196,$GPGSV,3,3,09,28,13,207,,0*51
1780394860.197,$GLGSV,2,1,06,65,24,008,35,66,29,312,19,75,21,079,22,81,21,327,26,1*72
1780394860.198,$GLGSV,2,2,06,87,29,169,19,88,68,276,36,1*74
1780394860.198,$GLGSV,2,1,05,66,29,312,32,75,21,079,23,76,24,138,20,81,21,327,29,3*70
1780394860.199,$GLGSV,2,2,05,88,68,276,35,3*44
1780394860.200,$GLGSV,1,1,02,67,03,263,,77,04,180,,0*73
1780394860.200,$GAGSV,3,1,09,04,38,019,35,05,21,244,30,06,56,349,37,09,59,298,30,2*71
1780394860.201,$GAGSV,3,2,09,10,71,111,41,11,72,356,35,12,47,131,36,28,18,035,13,2*7F
1780394860.202,$GAGSV,3,3,09,36,23,329,29,2*48
1780394860.202,$GAGSV,3,1,09,04,38,019,35,05,21,244,26,06,56,349,37,09,59,298,26,7*74
1780394860.203,$GAGSV,3,2,09,10,71,111,40,11,72,356,37,12,47,131,34,28,18,035,19,7*71
1780394860.203,$GAGSV,3,3,09,36,23,329,27,7*43
1780394860.204,$GAGSV,1,1,02,16,07,190,,31,10,139,,0*76
1780394860.204,$GBGSV,2,1,08,06,39,034,35,07,66,119,40,08,24,178,26,09,37,000,36,1*76
1780394860.205,$GBGSV,2,2,08,10,60,143,40,13,27,306,28,14,30,028,37,24,35,157,22,1*78
1780394860.206,$GBGSV,1,1,02,09,37,000,31,10,60,143,37,3*7C
1780394860.206,$GBGSV,3,1,10,01,42,106,,02,63,244,,03,72,138,,04,22,095,,0*75
1780394860.207,$GBGSV,3,2,10,04,22,095,,21,16,049,,25,01,204,,26,37,097,,0*78
1780394860.207,$GBGSV,3,3,10,26,37,097,,28,03,319,,0*7A
1780394860.208,$GNGLL,1339.01482,N,10029.57909,E,100740.00,A,D*7F
1780394861.154,$GNRMC,100741.00,A,1339.01481,N,10029.57908,E,0.035,,020626,0.53,W,R,V*40
1780394861.155,$GNVTG,,T,,M,0.035,N,0.064,K,D*3C
1780394861.157,$GNGGA,100741.00,1339.01481,N,10029.57908,E,4,12,1.11,-0.9,M,-27.8,M,1.0,0499*64
1780394861.158,$GNGSA,A,3,10,18,23,24,32,,,,,,,,2.04,1.11,1.71,1*0F
1780394861.158,$GNGSA,A,3,66,75,65,88,81,87,,,,,,,2.04,1.11,1.71,2*05
1780394861.159,$GNGSA,A,3,05,12,04,06,09,10,11,36,,,,,2.04,1.11,1.71,3*0A
1780394861.159,$GNGSA,A,3,06,07,08,09,10,13,14,,,,,,2.04,1.11,1.71,4*02
1780394861.160,$GPGSV,2,1,08,10,20,325,33,18,88,175,41,23,39,001,39,24,43,047,32,1*64
1780394861.161,$GPGSV,2,2,08,32,30,267,33,40,36,258,36,41,64,233,39,42,70,217,40,1*68
1780394861.161,$GPGSV,2,1,05,10,20,325,24,18,88,175,43,23,39,001,39,24,43,047,29,6*60
1780394861.162,$GPGSV,2,2,05,32,30,267,29,6*5C
1780394861.162,$GPGSV,3,1,09,05,06,101,,12,12,124,,13,17,122,,15,13,043,,0*6E
1780394861.163,$GPGSV,3,2,09,15,13,043,,25,16,160,,27,05,296,,28,13,207,,0*6B
1780394861.163,$GPGSV,3,3,09,28,13,207,,0*51
1780394861.164,$GLGSV,2,1,06,65,24,008,35,66,29,312,21,75,21,079,23,81,21,327,26,1*78
1780394861.165,$GLGSV,2,2,06,87,29,169,20,88,68,276,36,1*7E
1780394861.165,$GLGSV,2,1,05,66,29,312,32,75,21,079,23,76,24,138,21,81,21,327,29,3*71
1780394861.166,$GLGSV,2,2,05,88,68,276,35,3*44
1780394861.167,$GLGSV,1,1,02,67,03,263,,77,04,180,,0*73
1780394861.167,$GAGSV,3,1,09,04,38,019,35,05,21,244,29,06,56,349,36,09,59,298,29,2*70
1780394861.168,$GAGSV,3,2,09,10,71,111,40,11,72,356,35,12,47,131,35,28,18,035,11,2*7F
1780394861.169,$GAGSV,3,3,09,36,23,329,28,2*49
1780394861.169,$GAGSV,3,1,09,04,38,019,34,05,21,244,26,06,56,349,37,09,59,298,26,7*75
1780394861.170,$GAGSV,3,2,09,10,71,111,40,11,72,356,37,12,47,131,34,28,18,035,19,7*71
1780394861.170,$GAGSV,3,3,09,36,23,329,27,7*43
1780394861.171,$GAGSV,1,1,02,16,07,190,,31,10,139,,0*76
1780394861.172,$GBGSV,2,1,08,06,39,034,35,07,66,119,40,08,24,178,25,09,37,000,36,1*75
1780394861.172,$GBGSV,2,2,08,10,60,143,40,13,27,306,28,14,30,028,37,24,35,157,23,1*79
1780394861.173,$GBGSV,1,1,02,09,37,000,31,10,60,143,37,3*7C
1780394861.173,$GBGSV,3,1,10,01,42,106,,02,63,244,,03,72,138,,04,22,095,,0*75
1780394861.174,$GBGSV,3,2,10,04,22,095,,21,16,049,,25,01,204,,26,37,097,,0*78
1780394861.174,$GBGSV,3,3,10,26,37,097,,28,03,319,,0*7A
1780394861.175,$GNGLL,1339.01481,N,10029.57908,E,100741.00,A,D*7C
1780394862.183,$GNRMC,100742.00,A,1339.01481,N,10029.57908,E,0.018,,020626,0.53,W,R,V*4C
1780394862.184,$GNVTG,,T,,M,0.018,N,0.033,K,D*31
1780394862.186,$GNGGA,100742.00,1339.01481,N,10029.57908,E,4,12,1.11,-0.9,M,-27.8,M,1.0,0499*67
1780394862.187,$GNGSA,A,3,10,18,23,24,32,,,,,,,,2.04,1.11,1.71,1*0F
1780394862.187,$GNGSA,A,3,66,75,65,88,76,81,87,,,,,,2.04,1.11,1.71,2*04
1780394862.188,$GNGSA,A,3,05,12,04,06,09,10,11,28,36,,,,2.04,1.11,1.71,3*00
1780394862.188,$GNGSA,A,3,06,07,08,09,10,13,14,,,,,,2.04,1.11,1.71,4*02
1780394862.189,$GPGSV,2,1,08,10,20,325,33,18,88,175,41,23,39,001,39,24,43,047,32,1*64
1780394862.190,$GPGSV,2,2,08,32,30,267,34,40,36,258,36,41,64,233,39,42,70,217,40,1*6F
1780394862.190,$GPGSV,2,1,05,10,20,325,24,18,88,175,43,23,39,001,39,24,43,047,30,6*68
1780394862.191,$GPGSV,2,2,05,32,30,267,30,6*54
1780394862.192,$GPGSV,3,1,09,05,06,101,,12,12,124,,13,17,122,,15,13,043,,0*6E
1780394862.192,$GPGSV,3,2,09,15,13,043,,25,16,160,,27,05,296,,28,13,207,,0*6B
1780394862.193,$GPGSV,3,3,09,28,13,207,,0*51
1780394862.193,$GLGSV,2,1,06,65,24,008,35,66,29,312,22,75,21,079,24,81,21,327,26,1*7C
1780394862.194,$GLGSV,2,2,06,87,29,169,20,88,68,276,36,1*7E
1780394862.195,$GLGSV,2,1,05,66,29,312,32,75,21,079,23,76,24,138,21,81,21,327,28,3*70
1780394862.195,$GLGSV,2,2,05,88,68,276,35,3*44
1780394862.196,$GLGSV,1,1,02,67,03,263,,77,04,180,,0*73
1780394862.197,$GAGSV,3,1,09,04,38,019,36,05,21,244,30,06,56,349,37,09,59,298,30,2*72
1780394862.197,$GAGSV,3,2,09,10,71,111,41,11,72,356,36,12,47,131,36,28,18,035,09,2*77
1780394862.198,$GAGSV,3,3,09,36,23,329,29,2*48
1780394862.199,$GAGSV,3,1,09,04,38,019,35,05,21,244,26,06,56,349,37,09,59,298,26,7*74
1780394862.199,$GAGSV,3,2,09,10,71,111,40,11,72,356,37,12,47,131,34,28,18,035,20,7*7B
1780394862.200,$GAGSV,3,3,09,36,23,329,27,7*43
1780394862.200,$GAGSV,1,1,02,16,07,190,,31,10,139,,0*76
1780394862.201,$GBGSV,2,1,08,06,39,034,35,07,66,119,40,08,24,178,25,09,37,000,36,1*75
1780394862.201,$GBGSV,2,2,08,10,60,143,40,13,27,306,28,14,30,028,37,24,35,157,24,1*7E
1780394862.202,$GBGSV,1,1,02,09,37,000,31,10,60,143,37,3*7C
1780394862.203,$GBGSV,3,1,10,01,42,106,,02,63,244,,03,72,138,,04,22,095,,0*75
1780394862.203,$GBGSV,3,2,10,04,22,095,,21,16,049,,25,01,204,,26,37,097,,0*78
1780394862.204,$GBGSV,3,3,10,26,37,097,,28,03,319,,0*7A
1780394862.204,$GNGLL,1339.01481,N,10029.57908,E,100742.00,A,D*7F
1780394863.154,$GNRMC,100743.00,A,1339.01481,N,10029.57908,E,0.027,,020626,0.53,W,R,V*41
1780394863.156,$GNVTG,,T,,M,0.027,N,0.050,K,D*38
1780394863.157,$GNGGA,100743.00,1339.01481,N,10029.57908,E,4,12,1.11,-0.9,M,-27.8,M,1.0,0499*66
1780394863.158,$GNGSA,A,3,10,18,23,24,32,,,,,,,,2.04,1.11,1.71,1*0F
1780394863.158,$GNGSA,A,3,66,75,65,88,76,81,87,,,,,,2.04,1.11,1.71,2*04
1780394863.159,$GNGSA,A,3,05,12,04,06,09,10,11,28,36,,,,2.04,1.11,1.71,3*00
1780394863.159,$GNGSA,A,3,06,07,08,09,10,13,14,,,,,,2.04,1.11,1.71,4*02
1780394863.160,$GPGSV,2,1,08,10,20,325,33,18,88,175,41,23,39,001,39,24,43,047,32,1*64
1780394863.161,$GPGSV,2,2,08,32,30,267,34,40,36,258,35,41,64,233,39,42,70,217,40,1*6C
1780394863.161,$GPGSV,2,1,05,10,20,325,25,18,88,175,44,23,39,001,40,24,43,047,31,6*61
1780394863.162,$GPGSV,2,2,05,32,30,267,30,6*54
1780394863.162,$GPGSV,3,1,09,05,06,101,,12,12,124,,13,17,122,,15,13,043,,0*6E
1780394863.163,$GPGSV,3,2,09,15,13,043,,25,16,160,,27,05,296,,28,13,207,,0*6B
1780394863.164,$GPGSV,3,3,09,28,13,207,,0*51
1780394863.164,$GLGSV,2,1,06,65,24,008,35,66,29,312,23,75,21,079,24,81,21,327,25,1*7E
1780394863.165,$GLGSV,2,2,06,87,29,169,20,88,68,276,36,1*7E
1780394863.165,$GLGSV,2,1,05,66,29,312,32,75,21,079,23,76,24,138,21,81,21,327,27,3*7F
1780394863.166,$GLGSV,2,2,05,88,68,276,35,3*44
1780394863.167,$GLGSV,1,1,02,67,03,263,,77,04,180,,0*73
1780394863.167,$GAGSV,3,1,09,04,38,019,36,05,21,244,30,06,56,349,37,09,59,298,30,2*72
1780394863.168,$GAGSV,3,2,09,10,71,111,41,11,72,356,36,12,47,131,36,28,18,035,10,2*7F
1780394863.168,$GAGSV,3,3,09,36,23,329,29,2*48
1780394863.169,$GAGSV,3,1,09,04,38,019,34,05,21,244,26,06,56,349,37,09,59,298,26,7*75
1780394863.170,$GAGSV,3,2,09,10,71,111,40,11,72,356,37,12,47,131,34,28,18,035,20,7*7B
1780394863.170,$GAGSV,3,3,09,36,23,329,27,7*43
1780394863.171,$GAGSV,1,1,02,16,07,190,,31,10,139,,0*76
1780394863.171,$GBGSV,2,1,08,06,39,034,35,07,66,119,40,08,24,178,25,09,37,000,36,1*75
1780394863.172,$GBGSV,2,2,08,10,60,143,40,13,27,306,27,14,30,028,37,24,35,157,23,1*76
1780394863.173,$GBGSV,1,1,02,09,37,000,32,10,60,143,38,3*70
1780394863.173,$GBGSV,3,1,10,01,42,106,,02,63,244,,03,72,138,,04,22,095,,0*75
1780394863.174,$GBGSV,3,2,10,04,22,095,,21,16,049,,25,01,204,,26,37,097,,0*78
1780394863.174,$GBGSV,3,3,10,26,37,097,,28,03,319,,0*7A
1780394863.175,$GNGLL,1339.01481,N,10029.57908,E,100743.00,A,D*7E
1780394864.182,$GNRMC,100744.00,A,1339.01481,N,10029.57907,E,0.013,,020626,0.53,W,R,V*4E
1780394864.183,$GNVTG,,T,,M,0.013,N,0.024,K,D*3C
1780394864.184,$GNGGA,100744.00,1339.01481,N,10029.57907,E,4,12,1.11,-1.0,M,-27.8,M,1.0,0499*66
1780394864.185,$GNGSA,A,3,10,18,23,24,32,,,,,,,,2.04,1.11,1.71,1*0F
1780394864.186,$GNGSA,A,3,66,75,65,88,76,81,,,,,,,2.04,1.11,1.71,2*0B
1780394864.186,$GNGSA,A,3,05,12,04,06,09,10,11,28,36,,,,2.04,1.11,1.71,3*00
1780394864.187,$GNGSA,A,3,06,07,08,09,10,13,14,,,,,,2.04,1.11,1.71,4*02
1780394864.187,$GPGSV,2,1,08,10,20,325,33,18,88,175,41,23,39,001,39,24,43,047,32,1*64
1780394864.188,$GPGSV,2,2,08,32,30,267,34,40,36,258,36,41,64,233,39,42,70,217,40,1*6F
1780394864.189,$GPGSV,2,1,05,10,20,325,25,18,88,175,44,23,39,001,40,24,43,047,31,6*61
1780394864.190,$GPGSV,2,2,05,32,30,267,30,6*54
1780394864.191,$GPGSV,3,1,09,05,06,101,,12,12,124,,13,17,122,,15,13,043,,0*6E
1780394864.193,$GPGSV,3,2,09,15,13,043,,25,16,160,,27,05,296,,28,13,207,,0*6B
1780394864.193,$GPGSV,3,3,09,28,13,207,,0*51
1780394864.195,$GLGSV,2,1,06,65,24,008,35,66,29,312,25,75,21,079,24,81,21,327,25,1*78
1780394864.196,$GLGSV,2,2,06,87,29,169,19,88,68,276,36,1*74
1780394864.197,$GLGSV,2,1,05,66,29,312,32,75,21,079,23,76,24,138,20,81,21,327,27,3*7E
1780394864.198,$GLGSV,2,2,05,88,68,276,36,3*47
1780394864.199,$GLGSV,1,1,02,67,03,263,,77,04,180,,0*73
1780394864.200,$GAGSV,3,1,09,04,38,019,36,05,21,244,30,06,56,349,37,09,59,298,30,2*72
1780394864.201,$GAGSV,3,2,09,10,71,111,41,11,72,356,36,12,47,131,36,28,18,035,09,2*77
1780394864.202,$GAGSV,3,3,09,36,23,329,30,2*40
1780394864.202,$GAGSV,3,1,09,04,38,019,34,05,21,244,26,06,56,349,37,09,59,298,26,7*75
1780394864.204,$GAGSV,3,2,09,10,71,111,40,11,72,356,37,12,47,131,34,28,18,035,20,7*7B
1780394864.204,$GAGSV,3,3,09,36,23,329,27,7*43
1780394864.205,$GAGSV,1,1,02,16,07,190,,31,10,139,,0*76
1780394864.206,$GBGSV,2,1,08,06,39,034,35,07,66,119,40,08,24,178,25,09,37,000,36,1*75
1780394864.207,$GBGSV,2,2,08,10,60,143,40,13,27,306,27,14,30,028,37,24,35,157,23,1*76
1780394864.208,$GBGSV,1,1,02,09,37,000,32,10,60,143,38,3*70
1780394864.209,$GBGSV,3,1,10,01,42,106,,02,63,244,,03,72,138,,04,22,095,,0*75
1780394864.210,$GBGSV,3,2,10,04,22,095,,21,16,049,,25,01,204,,26,37,097,,0*78
1780394864.210,$GBGSV,3,3,10,26,37,097,,28,03,319,,0*7A
1780394864.211,$GNGLL,1339.01481,N,10029.57907,E,100744.00,A,D*76
1780394865.154,$GNRMC,100745.00,A,1339.01481,N,10029.57906,E,0.006,,020626,0.53,W,R,V*4A
1780394865.156,$GNVTG,,T,,M,0.006,N,0.011,K,D*3E
1780394865.160,$GNGGA,100745.00,1339.01481,N,10029.57906,E,4,12,1.11,-1.0,M,-27.8,M,1.0,0499*66
1780394865.162,$GNGSA,A,3,10,18,23,24,32,,,,,,,,2.04,1.11,1.71,1*0F
1780394865.163,$GNGSA,A,3,66,75,65,88,76,81,,,,,,,2.04,1.11,1.71,2*0B
1780394865.165,$GNGSA,A,3,05,12,04,06,09,10,11,28,36,,,,2.04,1.11,1.71,3*00
1780394865.166,$GNGSA,A,3,06,07,08,09,10,13,14,,,,,,2.04,1.11,1.71,4*02
1780394865.168,$GPGSV,2,1,08,10,20,325,33,18,88,175,41,23,39,001,39,24,43,047,32,1*64
1780394865.170,$GPGSV,2,2,08,32,30,267,35,40,36,258,35,41,64,233,39,42,70,217,40,1*6D
1780394865.175,$GPGSV,2,1,05,10,20,325,25,18,88,175,44,23,39,001,40,24,43,047,31,6*61
1780394865.178,$GPGSV,2,2,05,32,30,267,30,6*54
1780394865.180,$GPGSV,3,1,09,05,06,101,,12,12,124,,13,17,122,,15,13,043,,0*6E
1780394865.184,$GPGSV,3,2,09,15,13,043,,25,16,160,,27,05,296,,28,13,207,,0*6B
1780394865.185,$GPGSV,3,3,09,28,13,207,,0*51
1780394865.188,$GLGSV,2,1,06,65,24,008,35,66,29,312,25,75,21,079,25,81,21,327,25,1*79
1780394865.188,$GLGSV,2,2,06,87,29,169,18,88,68,276,36,1*75
1780394865.189,$GLGSV,2,1,05,66,29,312,32,75,21,079,23,76,24,138,20,81,21,327,27,3*7E
1780394865.190,$GLGSV,2,2,05,88,68,276,36,3*47
1780394865.190,$GLGSV,1,1,02,67,03,263,,77,04,180,,0*73
1780394865.191,$GAGSV,3,1,09,04,38,019,36,05,21,244,30,06,56,349,37,09,59,298,30,2*72
1780394865.192,$GAGSV,3,2,09,10,71,111,41,11,72,356,35,12,47,131,36,28,18,035,08,2*75
1780394865.192,$GAGSV,3,3,09,36,23,329,29,2*48
1780394865.193,$GAGSV,3,1,09,04,38,019,34,05,21,244,26,06,56,349,37,09,59,298,26,7*75
1780394865.193,$GAGSV,3,2,09,10,71,111,40,11,72,356,37,12,47,131,34,28,18,035,20,7*7B
1780394865.194,$GAGSV,3,3,09,36,23,329,27,7*43
1780394865.194,$GAGSV,1,1,02,16,07,190,,31,10,139,,0*76
1780394865.195,$GBGSV,2,1,08,06,39,034,35,07,66,119,40,08,24,178,25,09,37,000,36,1*75
1780394865.195,$GBGSV,2,2,08,10,60,143,41,13,27,306,26,14,30,028,37,24,35,157,23,1*76
1780394865.196,$GBGSV,1,1,02,09,37,000,32,10,60,143,38,3*70
1780394865.196,$GBGSV,3,1,10,01,42,106,,02,63,244,,03,72,138,,04,22,095,,0*75
1780394865.197,$GBGSV,3,2,10,04,22,095,,21,16,049,,25,01,204,,26,37,097,,0*78
1780394865.197,$GBGSV,3,3,10,26,37,097,,28,03,319,,0*7A
1780394865.198,$GNGLL,1339.01481,N,10029.57906,E,100745.00,A,D*76
1780394866.182,$GNRMC,100746.00,A,1339.01480,N,10029.57906,E,0.007,,020626,0.53,W,R,V*49
1780394866.184,$GNVTG,,T,,M,0.007,N,0.013,K,D*3D
1780394866.185,$GNGGA,100746.00,1339.01480,N,10029.57906,E,4,12,1.10,-1.0,M,-27.8,M,1.0,0499*65
1780394866.186,$GNGSA,A,3,10,18,23,24,32,,,,,,,,2.04,1.10,1.71,1*0E
1780394866.186,$GNGSA,A,3,66,75,65,88,81,,,,,,,,2.04,1.10,1.71,2*0B
1780394866.187,$GNGSA,A,3,05,12,04,06,09,10,11,28,36,,,,2.04,1.10,1.71,3*01
1780394866.187,$GNGSA,A,3,06,07,08,09,10,13,14,,,,,,2.04,1.10,1.71,4*03
1780394866.188,$GPGSV,2,1,08,10,20,325,33,18,88,175,41,23,39,001,40,24,43,047,32,1*6A
1780394866.189,$GPGSV,2,2,08,32,30,267,35,40,36,258,36,41,64,233,39,42,70,217,40,1*6E
1780394866.190,$GPGSV,2,1,05,10,20,325,25,18,88,175,43,23,39,001,39,24,43,047,31,6*68
1780394866.190,$GPGSV,2,2,05,32,30,267,30,6*54
1780394866.191,$GPGSV,3,1,09,05,06,101,,12,12,124,,13,17,122,,15,13,043,,0*6E
1780394866.191,$GPGSV,3,2,09,15,13,043,,25,16,160,,27,05,296,,28,13,207,,0*6B
1780394866.192,$GPGSV,3,3,09,28,13,207,,0*51
1780394866.192,$GLGSV,2,1,06,65,24,008,35,66,29,312,25,75,21,079,24,81,21,327,25,1*78
1780394866.193,$GLGSV,2,2,06,87,29,169,18,88,68,276,36,1*75
1780394866.194,$GLGSV,2,1,05,66,29,312,30,75,21,079,23,76,24,138,19,81,21,327,27,3*76
1780394866.194,$GLGSV,2,2,05,88,68,276,37,3*46
1780394866.195,$GLGSV,1,1,02,67,03,263,,77,04,180,,0*73
1780394866.195,$GAGSV,3,1,09,04,38,019,35,05,21,244,29,06,56,349,37,09,59,298,29,2*71
1780394866.196,$GAGSV,3,2,09,10,71,111,40,11,72,356,35,12,47,131,35,28,18,035,07,2*78
1780394866.197,$GAGSV,3,3,09,36,23,329,29,2*48
1780394866.198,$GAGSV,3,1,09,04,38,019,34,05,21,244,26,06,56,349,37,09,59,298,26,7*75
1780394866.199,$GAGSV,3,2,09,10,71,111,40,11,72,356,37,12,47,131,34,28,18,035,20,7*7B
1780394866.199,$GAGSV,3,3,09,36,23,329,27,7*43
1780394866.200,$GAGSV,1,1,02,16,07,190,,31,10,139,,0*76
1780394866.200,$GBGSV,2,1,08,06,39,034,35,07,66,119,40,08,24,178,25,09,37,000,36,1*75
1780394866.201,$GBGSV,2,2,08,10,60,143,41,13,27,306,26,14,30,028,37,24,35,157,22,1*77
1780394866.202,$GBGSV,1,1,02,09,37,000,32,10,60,143,37,3*7F
1780394866.202,$GBGSV,3,1,10,01,42,106,,02,63,244,,03,72,138,,04,22,095,,0*75
1780394866.203,$GBGSV,3,2,10,04,22,095,,21,16,049,,25,01,204,,26,37,097,,0*78
1780394866.203,$GBGSV,3,3,10,26,37,097,,28,03,319,,0*7A
1780394866.204,$GNGLL,1339.01480,N,10029.57906,E,100746.00,A,D*74
1780394867.149,$GNRMC,100747.00,A,1339.01480,N,10029.57906,E,0.007,,020626,0.53,W,R,V*48
1780394867.151,$GNVTG,,T,,M,0.007,N,0.012,K,D*3C
1780394867.153,$GNGGA,100747.00,1339.01480,N,10029.57906,E,4,12,1.10,-1.0,M,-27.8,M,1.0,0499*64
1780394867.153,$GNGSA,A,3,10,18,23,24,32,,,,,,,,2.04,1.10,1.71,1*0E
1780394867.154,$GNGSA,A,3,66,75,65,88,81,,,,,,,,2.04,1.10,1.71,2*0B
1780394867.154,$GNGSA,A,3,05,12,04,06,09,10,11,28,36,,,,2.04,1.10,1.71,3*01
1780394867.154,$GNGSA,A,3,06,07,08,09,10,13,14,,,,,,2.04,1.10,1.71,4*03
1780394867.155,$GPGSV,2,1,08,10,20,325,33,18,88,175,41,23,39,001,40,24,43,047,32,1*6A
1780394867.156,$GPGSV,2,2,08,32,30,267,35,40,36,258,36,41,64,233,39,42,70,217,40,1*6E
1780394867.156,$GPGSV,2,1,05,10,20,325,25,18,88,175,43,23,39,001,39,24,43,047,31,6*68
1780394867.157,$GPGSV,2,2,05,32,30,267,30,6*54
1780394867.157,$GPGSV,3,1,09,05,06,101,,12,12,124,,13,17,122,,15,13,043,,0*6E
1780394867.158,$GPGSV,3,2,09,15,13,043,,25,16,160,,27,05,296,,28,13,207,,0*6B
1780394867.158,$GPGSV,3,3,09,28,13,207,,0*51
1780394867.159,$GLGSV,2,1,06,65,24,008,35,66,29,312,25,75,21,079,25,81,21,327,24,1*78
1780394867.159,$GLGSV,2,2,06,87,29,169,18,88,68,276,36,1*75
1780394867.160,$GLGSV,2,1,05,66,29,312,29,75,21,079,24,76,24,138,17,81,21,327,27,3*77
1780394867.160,$GLGSV,2,2,05,88,68,276,37,3*46
1780394867.161,$GLGSV,1,1,02,67,03,263,,77,04,180,,0*73
1780394867.161,$GAGSV,3,1,09,04,38,019,35,05,21,244,29,06,56,349,37,09,59,298,29,2*71
1780394867.162,$GAGSV,3,2,09,10,71,111,40,11,72,356,35,12,47,131,35,28,18,035,08,2*77
1780394867.162,$GAGSV,3,3,09,36,23,329,28,2*49
1780394867.163,$GAGSV,3,1,09,04,38,019,34,05,21,244,26,06,56,349,37,09,59,298,26,7*75
1780394867.164,$GAGSV,3,2,09,10,71,111,40,11,72,356,37,12,47,131,34,28,18,035,20,7*7B
1780394867.164,$GAGSV,3,3,09,36,23,329,27,7*43
1780394867.165,$GAGSV,1,1,02,16,07,190,,31,10,139,,0*76
1780394867.166,$GBGSV,2,1,08,06,39,034,36,07,66,119,40,08,24,178,25,09,37,000,36,1*76
1780394867.166,$GBGSV,2,2,08,10,60,143,41,13,27,306,26,14,30,028,37,24,35,157,22,1*77
1780394867.167,$GBGSV,1,1,02,09,37,000,31,10,60,143,37,3*7C
1780394867.167,$GBGSV,3,1,10,01,42,106,,02,63,244,,03,72,138,,04,22,095,,0*75
1780394867.168,$GBGSV,3,2,10,04,22,095,,21,16,049,,25,01,204,,26,37,097,,0*78
1780394867.168,$GBGSV,3,3,10,26,37,097,,28,03,319,,0*7A
1780394867.169,$GNGLL,1339.01480,N,10029.57906,E,100747.00,A,D*75
1780394868.180,$GNRMC,100748.00,A,1339.01480,N,10029.57906,E,0.014,,020626,0.53,W,R,V*45
1780394868.182,$GNVTG,,T,,M,0.014,N,0.026,K,D*39
1780394868.184,$GNGGA,100748.00,1339.01480,N,10029.57906,E,4,12,1.10,-1.0,M,-27.8,M,1.0,0499*6B
1780394868.184,$GNGSA,A,3,10,18,23,24,32,,,,,,,,2.04,1.10,1.71,1*0E
1780394868.185,$GNGSA,A,3,66,75,65,88,81,,,,,,,,2.04,1.10,1.71,2*0B
1780394868.185,$GNGSA,A,3,05,12,04,06,09,10,11,28,36,,,,2.04,1.10,1.71,3*01
1780394868.186,$GNGSA,A,3,06,07,08,09,10,13,14,,,,,,2.04,1.10,1.71,4*03
1780394868.186,$GPGSV,2,1,08,10,20,325,34,18,88,175,41,23,39,001,40,24,43,047,33,1*6C
1780394868.187,$GPGSV,2,2,08,32,30,267,36,40,36,258,36,41,64,233,39,42,70,217,40,1*6D
1780394868.188,$GPGSV,2,1,05,10,20,325,25,18,88,175,43,23,39,001,39,24,43,047,31,6*68
1780394868.188,$GPGSV,2,2,05,32,30,267,29,6*5C
1780394868.189,$GPGSV,3,1,09,05,06,101,,12,12,124,,13,17,122,,15,13,043,,0*6E
1780394868.190,$GPGSV,3,2,09,15,13,043,,25,16,160,,27,05,296,,28,13,207,,0*6B
1780394868.190,$GPGSV,3,3,09,28,13,207,,0*51
1780394868.191,$GLGSV,2,1,06,65,24,008,35,66,29,312,25,75,21,079,25,81,21,327,25,1*79
1780394868.191,$GLGSV,2,2,06,87,29,169,16,88,68,276,36,1*7B
1780394868.192,$GLGSV,2,1,05,66,29,312,28,75,21,079,25,76,24,138,16,81,21,327,27,3*76
1780394868.193,$GLGSV,2,2,05,88,68,276,37,3*46
1780394868.193,$GLGSV,1,1,02,67,03,263,,77,04,180,,0*73
1780394868.194,$GAGSV,3,1,09,04,38,019,35,05,21,244,29,06,56,350,37,09,59,298,29,2*79
1780394868.195,$GAGSV,3,2,09,10,71,111,40,11,72,356,35,12,47,131,35,28,18,035,08,2*77
1780394868.195,$GAGSV,3,3,09,36,23,329,28,2*49
1780394868.196,$GAGSV,3,1,09,04,38,019,34,05,21,244,26,06,56,350,37,09,59,298,26,7*7D
1780394868.197,$GAGSV,3,2,09,10,71,111,40,11,72,356,37,12,47,131,35,28,18,035,20,7*7A
1780394868.198,$GAGSV,3,3,09,36,23,329,27,7*43
1780394868.198,$GAGSV,1,1,02,16,07,190,,31,10,139,,0*76
1780394868.200,$GBGSV,2,1,08,06,39,034,36,07,66,119,40,08,24,178,25,09,37,000,36,1*76
1780394868.200,$GBGSV,2,2,08,10,60,143,41,13,27,306,25,14,30,028,37,24,35,157,22,1*74
1780394868.201,$GBGSV,1,1,02,09,37,000,31,10,60,143,37,3*7C
1780394868.202,$GBGSV,3,1,10,01,42,106,,02,63,244,,03,72,138,,04,22,095,,0*75
1780394868.202,$GBGSV,3,2,10,04,22,095,,21,16,049,,25,01,204,,26,37,097,,0*78
1780394868.203,$GBGSV,3,3,10,26,37,097,,28,03,319,,0*7A
1780394868.203,$GNGLL,1339.01480,N,10029.57906,E,100748.00,A,D*7A
1780394869.154,$GNRMC,100749.00,A,1339.01479,N,10029.57906,E,0.021,,020626,0.53,W,R,V*44
1780394869.155,$GNVTG,,T,,M,0.021,N,0.039,K,D*31
1780394869.157,$GNGGA,100749.00,1339.01479,N,10029.57906,E,4,12,1.10,-1.0,M,-27.8,M,1.0,0499*6C
1780394869.157,$GNGSA,A,3,10,18,23,24,32,,,,,,,,2.04,1.10,1.71,1*0E
1780394869.158,$GNGSA,A,3,66,75,65,88,81,,,,,,,,2.04,1.10,1.71,2*0B
1780394869.158,$GNGSA,A,3,05,12,04,06,09,10,11,28,36,,,,2.04,1.10,1.71,3*01
1780394869.159,$GNGSA,A,3,06,07,08,09,10,13,14,,,,,,2.04,1.10,1.71,4*03
1780394869.160,$GPGSV,2,1,08,10,20,325,33,18,88,175,41,23,39,001,40,24,43,047,33,1*6B
1780394869.160,$GPGSV,2,2,08,32,30,267,36,40,36,258,36,41,64,233,39,42,70,217,40,1*6D
1780394869.161,$GPGSV,2,1,05,10,20,325,25,18,88,175,43,23,39,001,40,24,43,047,32,6*65
1780394869.162,$GPGSV,2,2,05,32,30,267,29,6*5C
1780394869.162,$GPGSV,3,1,09,05,06,101,,12,12,124,,13,17,122,,15,13,043,,0*6E
1780394869.163,$GPGSV,3,2,09,15,13,043,,25,16,160,,27,05,296,,28,13,207,,0*6B
1780394869.163,$GPGSV,3,3,09,28,13,207,,0*51
1780394869.164,$GLGSV,2,1,06,65,24,008,35,66,29,312,24,75,21,079,26,81,21,327,25,1*7B
1780394869.165,$GLGSV,2,2,06,87,29,169,16,88,68,276,36,1*7B
1780394869.165,$GLGSV,2,1,05,66,29,312,27,75,21,079,25,76,24,138,15,81,21,327,27,3*7A
1780394869.166,$GLGSV,2,2,05,88,68,276,37,3*46
1780394869.166,$GLGSV,1,1,02,67,03,263,,77,04,180,,0*73
1780394869.167,$GAGSV,3,1,09,04,38,019,35,05,21,244,29,06,56,350,37,09,59,298,29,2*79
1780394869.168,$GAGSV,3,2,09,10,71,111,40,11,72,356,35,12,47,131,35,28,18,035,11,2*7F
1780394869.168,$GAGSV,3,3,09,36,23,329,28,2*49
1780394869.169,$GAGSV,3,1,09,04,38,019,34,05,21,244,26,06,56,350,37,09,59,298,26,7*7D
1780394869.169,$GAGSV,3,2,09,10,71,111,40,11,72,356,37,12,47,131,35,28,18,035,21,7*7B
1780394869.170,$GAGSV,3,3,09,36,23,329,27,7*43
1780394869.170,$GAGSV,1,1,02,16,07,190,,31,10,139,,0*76
1780394869.171,$GBGSV,2,1,08,06,39,034,36,07,66,119,40,08,24,178,26,09,37,000,36,1*75
1780394869.172,$GBGSV,2,2,08,10,60,143,41,13,27,306,25,14,30,028,37,24,35,157,22,1*74
1780394869.172,$GBGSV,1,1,02,09,37,000,31,10,60,143,37,3*7C
1780394869.173,$GBGSV,3,1,10,01,42,106,,02,63,244,,03,72,138,,04,22,095,,0*75
1780394869.174,$GBGSV,3,2,10,04,22,095,,21,16,049,,25,01,204,,26,37,097,,0*78
1780394869.174,$GBGSV,3,3,10,26,37,097,,28,03,319,,0*7A
1780394869.175,$GNGLL,1339.01479,N,10029.57906,E,100749.00,A,D*7D
1780394870.179,$GNRMC,100750.00,A,1339.01479,N,10029.57905,E,0.012,,020626,0.53,W,R,V*4F
1780394870.180,$GNVTG,,T,,M,0.012,N,0.022,K,D*3B
1780394870.181,$GNGGA,100750.00,1339.01479,N,10029.57905,E,4,12,1.10,-1.0,M,-27.8,M,1.0,0499*67
1780394870.182,$GNGSA,A,3,10,18,23,24,32,,,,,,,,2.04,1.10,1.71,1*0E
1780394870.182,$GNGSA,A,3,66,75,65,88,81,,,,,,,,2.04,1.10,1.71,2*0B
1780394870.183,$GNGSA,A,3,05,12,04,06,09,10,11,28,36,,,,2.04,1.10,1.71,3*01
1780394870.183,$GNGSA,A,3,06,07,08,09,10,13,14,,,,,,2.04,1.10,1.71,4*03
1780394870.184,$GPGSV,2,1,08,10,20,325,33,18,88,175,41,23,39,001,40,24,43,047,33,1*6B
1780394870.185,$GPGSV,2,2,08,32,30,267,36,40,36,258,36,41,64,233,39,42,70,217,40,1*6D
1780394870.186,$GPGSV,2,1,05,10,20,325,25,18,88,175,43,23,39,001,39,24,43,047,32,6*6B
1780394870.186,$GPGSV,2,2,05,32,30,267,29,6*5C
1780394870.187,$GPGSV,3,1,09,05,06,101,,12,12,124,,13,17,122,,15,13,043,,0*6E
1780394870.188,$GPGSV,3,2,09,15,13,043,,25,16,160,,27,05,296,,28,13,207,,0*6B
1780394870.188,$GPGSV,3,3,09,28,13,207,,0*51
1780394870.189,$GLGSV,2,1,06,65,24,008,35,66,29,312,24,75,21,079,27,81,21,327,25,1*7A
1780394870.189,$GLGSV,2,2,06,87,29,169,14,88,68,276,35,1*7A
1780394870.190,$GLGSV,2,1,05,66,29,312,26,75,21,079,26,76,24,138,15,81,21,327,28,3*77
1780394870.191,$GLGSV,2,2,05,88,68,276,37,3*46
1780394870.191,$GLGSV,1,1,02,67,03,263,,77,04,180,,0*73
1780394870.192,$GAGSV,3,1,09,04,38,019,35,05,21,244,29,06,56,350,36,09,59,298,29,2*78
1780394870.193,$GAGSV,3,2,09,10,71,111,40,11,72,356,35,12,47,131,35,28,18,035,14,2*7A
1780394870.193,$GAGSV,3,3,09,36,23,329,28,2*49
1780394870.194,$GAGSV,3,1,09,04,38,019,34,05,21,244,26,06,56,350,37,09,59,298,26,7*7D
1780394870.195,$GAGSV,3,2,09,10,71,111,40,11,72,356,37,12,47,131,35,28,18,035,21,7*7B
1780394870.195,$GAGSV,3,3,09,36,23,329,27,7*43
1780394870.196,$GAGSV,1,1,02,16,07,190,,31,10,139,,0*76
1780394870.196,$GBGSV,2,1,08,06,39,034,36,07,66,119,40,08,24,178,25,09,37,000,36,1*76
1780394870.197,$GBGSV,2,2,08,10,60,143,41,13,27,306,25,14,30,028,37,24,35,157,22,1*74
1780394870.198,$GBGSV,1,1,02,09,37,000,31,10,60,143,37,3*7C
1780394870.199,$GBGSV,3,1,10,01,42,106,,02,63,244,,03,72,138,,04,22,095,,0*75
1780394870.199,$GBGSV,3,2,10,04,22,095,,21,16,049,,25,01,204,,26,37,097,,0*78
1780394870.200,$GBGSV,3,3,10,26,37,097,,28,03,319,,0*7A
1780394870.200,$GNGLL,1339.01479,N,10029.57905,E,100750.00,A,D*76
1780394871.154,$GNRMC,100751.00,A,1339.01480,N,10029.57905,E,0.027,,020626,0.53,W,R,V*4E
1780394871.156,$GNVTG,,T,,M,0.027,N,0.050,K,D*38
1780394871.158,$GNGGA,100751.00,1339.01480,N,10029.57905,E,4,12,0.99,-1.0,M,-27.8,M,1.0,0499*60
1780394871.158,$GNGSA,A,3,10,18,23,24,32,,,,,,,,1.68,0.99,1.36,1*04
1780394871.159,$GNGSA,A,3,66,75,65,88,81,,,,,,,,1.68,0.99,1.36,2*01
1780394871.159,$GNGSA,A,3,05,12,04,06,09,10,11,28,36,,,,1.68,0.99,1.36,3*0B
1780394871.160,$GNGSA,A,3,06,07,08,09,10,13,14,,,,,,1.68,0.99,1.36,4*09
1780394871.160,$GPGSV,2,1,08,10,20,325,33,18,88,175,41,23,39,001,40,24,43,047,33,1*6B
1780394871.161,$GPGSV,2,2,08,32,30,267,36,40,36,258,36,41,64,233,39,42,70,217,40,1*6D
1780394871.162,$GPGSV,2,1,05,10,20,325,24,18,88,175,43,23,39,001,39,24,43,047,31,6*69
1780394871.162,$GPGSV,2,2,05,32,30,267,30,6*54
1780394871.163,$GPGSV,3,1,09,05,06,101,,12,12,124,,13,17,122,,15,13,043,,0*6E
1780394871.164,$GPGSV,3,2,09,15,13,043,,25,16,160,,27,05,296,,28,13,207,,0*6B
1780394871.164,$GPGSV,3,3,09,28,13,207,,0*51
1780394871.165,$GLGSV,2,1,06,65,24,008,35,66,29,312,23,75,21,079,28,81,21,327,25,1*72
1780394871.166,$GLGSV,2,2,06,87,29,169,15,88,68,276,35,1*7B
1780394871.166,$GLGSV,2,1,05,66,29,312,24,75,21,079,26,76,24,138,16,81,21,327,28,3*76
1780394871.167,$GLGSV,2,2,05,88,68,276,37,3*46
1780394871.167,$GLGSV,1,1,02,67,03,263,,77,04,180,,0*73
1780394871.168,$GAGSV,3,1,09,04,38,019,35,05,21,244,29,06,56,350,36,09,59,298,29,2*78
1780394871.169,$GAGSV,3,2,09,10,71,111,40,11,72,356,35,12,47,131,35,28,18,035,15,2*7B
1780394871.169,$GAGSV,3,3,09,36,23,329,28,2*49
1780394871.170,$GAGSV,3,1,09,04,38,019,34,05,21,244,26,06,56,350,37,09,59,298,26,7*7D
1780394871.171,$GAGSV,3,2,09,10,71,111,40,11,72,356,37,12,47,131,34,28,18,035,21,7*7A
1780394871.171,$GAGSV,3,3,09,36,23,329,26,7*42
1780394871.172,$GAGSV,1,1,02,16,07,190,,31,10,139,,0*76
1780394871.172,$GBGSV,2,1,08,06,39,034,36,07,66,119,40,08,24,178,25,09,37,000,36,1*76
1780394871.173,$GBGSV,2,2,08,10,60,143,41,13,27,306,24,14,30,028,37,24,35,157,22,1*75
1780394871.174,$GBGSV,1,1,02,09,37,000,31,10,60,143,37,3*7C
1780394871.174,$GBGSV,3,1,10,01,42,106,,02,63,244,,03,72,138,,04,22,095,,0*75
1780394871.175,$GBGSV,3,2,10,04,22,095,,21,16,049,,25,01,204,,26,37,097,,0*78
1780394871.175,$GBGSV,3,3,10,26,37,097,,28,03,319,,0*7A
1780394871.176,$GNGLL,1339.01480,N,10029.57905,E,100751.00,A,D*71
1780394872.191,$GNRMC,100752.00,A,1339.01480,N,10029.57905,E,0.048,,020626,0.53,W,R,V*44
1780394872.193,$GNVTG,,T,,M,0.048,N,0.089,K,D*35
1780394872.194,$GNGGA,100752.00,1339.01480,N,10029.57905,E,4,12,1.04,-1.0,M,-27.8,M,0.0,0499*67
1780394872.194,$GNGSA,A,3,10,18,23,24,32,,,,,,,,1.77,1.04,1.43,1*0D
1780394872.195,$GNGSA,A,3,66,75,65,88,81,,,,,,,,1.77,1.04,1.43,2*08
1780394872.195,$GNGSA,A,3,05,12,04,06,09,10,11,28,36,,,,1.77,1.04,1.43,3*02
1780394872.196,$GNGSA,A,3,06,07,08,09,10,13,14,,,,,,1.77,1.04,1.43,4*00
1780394872.196,$GPGSV,2,1,08,10,20,325,33,18,88,175,41,23,39,001,40,24,43,047,33,1*6B
1780394872.197,$GPGSV,2,2,08,32,30,267,36,40,36,258,36,41,64,233,39,42,70,217,40,1*6D
1780394872.198,$GPGSV,2,1,05,10,20,325,24,18,88,175,44,23,39,001,39,24,43,047,32,6*6D
1780394872.198,$GPGSV,2,2,05,32,30,267,30,6*54
1780394872.199,$GPGSV,3,1,09,05,06,101,,12,12,124,,13,17,122,,15,13,043,,0*6E
1780394872.199,$GPGSV,3,2,09,15,13,043,,25,16,160,,27,05,296,,28,13,207,,0*6B
1780394872.200,$GPGSV,3,3,09,28,13,207,,0*51
1780394872.200,$GLGSV,2,1,06,65,24,008,35,66,29,312,22,75,21,079,28,81,21,327,24,1*72
1780394872.201,$GLGSV,2,2,06,87,29,169,15,88,68,276,35,1*7B
1780394872.202,$GLGSV,2,1,05,66,29,312,23,75,21,079,26,76,24,138,16,81,21,327,28,3*71
1780394872.202,$GLGSV,2,2,05,88,68,276,36,3*47
1780394872.202,$GLGSV,1,1,02,67,03,263,,77,04,180,,0*73
1780394872.203,$GAGSV,3,1,09,04,38,019,35,05,21,244,29,06,56,350,37,09,59,298,29,2*79
1780394872.204,$GAGSV,3,2,09,10,71,112,40,11,72,356,35,12,47,131,35,28,18,035,15,2*78
1780394872.204,$GAGSV,3,3,09,36,23,329,28,2*49
1780394872.205,$GAGSV,3,1,09,04,38,019,34,05,21,244,26,06,56,350,37,09,59,298,26,7*7D
1780394872.205,$GAGSV,3,2,09,10,71,112,40,11,72,356,37,12,47,131,35,28,18,035,22,7*7B
1780394872.206,$GAGSV,3,3,09,36,23,329,27,7*43
1780394872.206,$GAGSV,1,1,02,16,07,190,,31,10,139,,0*76
1780394872.207,$GBGSV,2,1,08,06,39,034,36,07,66,119,40,08,24,178,25,09,37,000,36,1*76
1780394872.207,$GBGSV,2,2,08,10,60,143,41,13,27,306,23,14,30,028,37,24,35,157,23,1*73
1780394872.208,$GBGSV,1,1,02,09,37,000,31,10,60,143,37,3*7C
1780394872.209,$GBGSV,3,1,10,01,42,106,,02,63,244,,03,72,138,,04,22,095,,0*75
1780394872.209,$GBGSV,3,2,10,04,22,095,,21,16,049,,25,01,204,,26,37,097,,0*78
1780394872.209,$GBGSV,3,3,10,26,37,097,,28,03,319,,0*7A
1780394872.210,$GNGLL,1339.01480,N,10029.57905,E,100752.00,A,D*72
1780394873.154,$GNRMC,100753.00,A,1339.01480,N,10029.57905,E,0.007,,020626,0.53,W,R,V*4E
1780394873.156,$GNVTG,,T,,M,0.007,N,0.013,K,D*3D
1780394873.158,$GNGGA,100753.00,1339.01480,N,10029.57905,E,4,12,1.04,-1.0,M,-27.8,M,1.0,0499*67
1780394873.158,$GNGSA,A,3,10,18,23,24,32,,,,,,,,1.77,1.04,1.43,1*0D
1780394873.159,$GNGSA,A,3,66,75,65,88,81,,,,,,,,1.77,1.04,1.43,2*08
1780394873.159,$GNGSA,A,3,05,12,04,06,09,10,11,28,36,,,,1.77,1.04,1.43,3*02
1780394873.160,$GNGSA,A,3,06,07,08,09,10,13,14,,,,,,1.77,1.04,1.43,4*00
1780394873.160,$GPGSV,2,1,08,10,20,325,32,18,88,175,41,23,39,001,40,24,43,047,34,1*6D
1780394873.161,$GPGSV,2,2,08,32,30,267,36,40,36,258,36,41,64,233,39,42,70,217,40,1*6D
1780394873.162,$GPGSV,2,1,05,10,20,325,24,18,88,175,44,23,39,001,39,24,43,047,32,6*6D
1780394873.162,$GPGSV,2,2,05,32,30,267,30,6*54
1780394873.163,$GPGSV,3,1,09,05,06,101,,12,12,124,,13,17,122,,15,13,043,,0*6E
1780394873.163,$GPGSV,3,2,09,15,13,043,,25,16,160,,27,05,296,,28,13,207,,0*6B
1780394873.164,$GPGSV,3,3,09,28,13,207,,0*51
1780394873.165,$GLGSV,2,1,06,65,24,008,35,66,29,312,22,75,21,079,28,81,21,327,24,1*72
1780394873.165,$GLGSV,2,2,06,87,29,169,13,88,68,276,35,1*7D
1780394873.166,$GLGSV,2,1,05,66,29,312,22,75,21,079,27,76,24,138,16,81,21,327,28,3*71
1780394873.166,$GLGSV,2,2,05,88,68,276,36,3*47
1780394873.167,$GLGSV,1,1,02,67,03,263,,77,04,180,,0*73
1780394873.167,$GAGSV,3,1,09,04,38,019,35,05,21,244,29,06,56,350,37,09,59,298,29,2*79
1780394873.168,$GAGSV,3,2,09,10,71,112,40,11,72,356,35,12,47,131,35,28,18,035,16,2*7B
1780394873.168,$GAGSV,3,3,09,36,23,329,28,2*49
1780394873.169,$GAGSV,3,1,09,04,38,019,34,05,21,244,26,06,56,350,37,09,59,298,25,7*7E
1780394873.170,$GAGSV,3,2,09,10,71,112,40,11,72,356,37,12,47,131,35,28,18,035,22,7*7B
1780394873.170,$GAGSV,3,3,09,36,23,329,27,7*43
1780394873.170,$GAGSV,1,1,02,16,07,190,,31,10,139,,0*76
1780394873.171,$GBGSV,2,1,08,06,39,034,36,07,66,119,40,08,24,178,26,09,37,000,37,1*74
1780394873.172,$GBGSV,2,2,08,10,60,143,41,13,27,306,23,14,30,028,37,24,35,157,23,1*73
1780394873.172,$GBGSV,1,1,02,09,37,000,31,10,60,143,37,3*7C
1780394873.173,$GBGSV,3,1,10,01,42,106,,02,63,244,,03,72,138,,04,22,095,,0*75
1780394873.173,$GBGSV,3,2,10,04,22,095,,21,16,049,,25,01,204,,26,37,097,,0*78
1780394873.174,$GBGSV,3,3,10,26,37,097,,28,03,319,,0*7A
1780394873.174,$GNGLL,1339.01480,N,10029.57905,E,100753.00,A,D*73
1780394874.181,$GNRMC,100754.00,A,1339.01480,N,10029.57905,E,0.013,,020626,0.53,W,R,V*4C
1780394874.183,$GNVTG,,T,,M,0.013,N,0.023,K,D*3B
1780394874.185,$GNGGA,100754.00,1339.01480,N,10029.57905,E,4,12,1.08,-1.0,M,-27.8,M,1.0,0499*6C
1780394874.185,$GNGSA,A,3,10,18,23,24,32,,,,,,,,1.81,1.08,1.45,1*0E
1780394874.186,$GNGSA,A,3,66,75,65,88,81,,,,,,,,1.81,1.08,1.45,2*0B
1780394874.186,$GNGSA,A,3,05,12,04,06,09,10,11,28,36,,,,1.81,1.08,1.45,3*01
1780394874.187,$GNGSA,A,3,06,07,08,09,10,13,14,,,,,,1.81,1.08,1.45,4*03
1780394874.187,$GPGSV,2,1,08,10,20,325,32,18,88,175,41,23,39,001,40,24,43,047,33,1*6A
1780394874.188,$GPGSV,2,2,08,32,30,267,36,40,36,258,36,41,64,233,39,42,70,217,40,1*6D
1780394874.189,$GPGSV,2,1,05,10,20,325,24,18,88,175,44,23,39,001,39,24,43,047,32,6*6D
1780394874.189,$GPGSV,2,2,05,32,30,267,30,6*54
1780394874.190,$GPGSV,3,1,09,05,06,101,,12,12,124,,13,17,122,,15,13,043,,0*6E
1780394874.191,$GPGSV,3,2,09,15,13,043,,25,16,160,,27,05,296,,28,13,207,,0*6B
1780394874.191,$GPGSV,3,3,09,28,13,207,,0*51
1780394874.192,$GLGSV,2,1,06,65,24,008,35,66,29,312,23,75,21,079,28,81,21,327,23,1*74
1780394874.192,$GLGSV,2,2,06,87,29,169,12,88,68,276,35,1*7C
1780394874.193,$GLGSV,2,1,05,66,29,312,22,75,21,079,27,76,24,138,16,81,21,327,28,3*71
1780394874.193,$GLGSV,2,2,05,88,68,276,36,3*47
1780394874.194,$GLGSV,1,1,02,67,03,263,,77,04,180,,0*73
1780394874.194,$GAGSV,3,1,09,04,38,019,35,05,21,244,29,06,56,350,37,09,59,298,29,2*79
1780394874.195,$GAGSV,3,2,09,10,71,112,41,11,72,356,35,12,47,132,35,28,18,035,16,2*79
1780394874.195,$GAGSV,3,3,09,36,23,329,28,2*49
1780394874.196,$GAGSV,3,1,09,04,38,019,33,05,21,244,26,06,56,350,37,09,59,298,26,7*7A
1780394874.197,$GAGSV,3,2,09,10,71,112,40,11,72,356,37,12,47,132,35,28,18,035,22,7*78
1780394874.197,$GAGSV,3,3,09,36,23,329,27,7*43
1780394874.197,$GAGSV,1,1,02,16,07,190,,31,10,139,,0*76
1780394874.198,$GBGSV,2,1,08,06,39,034,37,07,66,119,41,08,24,178,26,09,37,000,37,1*74
1780394874.199,$GBGSV,2,2,08,10,60,143,41,13,27,306,22,14,30,028,37,24,35,157,23,1*72
1780394874.199,$GBGSV,1,1,02,09,37,000,31,10,60,143,37,3*7C
1780394874.200,$GBGSV,3,1,10,01,42,106,,02,63,244,,03,72,138,,04,22,095,,0*75
1780394874.200,$GBGSV,3,2,10,04,22,095,,21,16,049,,25,01,204,,26,37,097,,0*78
1780394874.201,$GBGSV,3,3,10,26,37,097,,28,03,319,,0*7A
1780394874.201,$GNGLL,1339.01480,N,10029.57905,E,100754.00,A,D*74
1780394875.154,$GNRMC,100755.00,A,1339.01480,N,10029.57905,E,0.008,,020626,0.53,W,R,V*47
1780394875.155,$GNVTG,,T,,M,0.008,N,0.015,K,D*34
1780394875.157,$GNGGA,100755.00,1339.01480,N,10029.57905,E,4,12,1.08,-1.0,M,-27.8,M,1.0,0499*6D
1780394875.157,$GNGSA,A,3,10,18,23,24,32,,,,,,,,1.81,1.08,1.45,1*0E
1780394875.158,$GNGSA,A,3,66,75,65,88,81,,,,,,,,1.81,1.08,1.45,2*0B
1780394875.158,$GNGSA,A,3,05,12,04,06,09,10,11,28,36,,,,1.81,1.08,1.45,3*01
1780394875.159,$GNGSA,A,3,06,07,08,09,10,13,14,,,,,,1.81,1.08,1.45,4*03
1780394875.160,$GPGSV,2,1,08,10,20,325,31,18,88,175,41,23,39,001,40,24,43,047,34,1*6E
1780394875.162,$GPGSV,2,2,08,32,30,267,36,40,36,258,36,41,64,233,39,42,70,217,40,1*6D
1780394875.163,$GPGSV,2,1,05,10,20,325,23,18,88,175,44,23,39,001,39,24,43,047,32,6*6A
1780394875.164,$GPGSV,2,2,05,32,30,267,30,6*54
1780394875.165,$GPGSV,3,1,09,05,06,101,,12,12,124,,13,17,122,,15,13,043,,0*6E
1780394875.166,$GPGSV,3,2,09,15,13,043,,25,16,160,,27,05,296,,28,13,207,,0*6B
1780394875.166,$GPGSV,3,3,09,28,13,207,,0*51
1780394875.167,$GLGSV,2,1,06,65,24,008,35,66,29,312,24,75,21,079,28,81,21,327,23,1*73
1780394875.167,$GLGSV,2,2,06,87,29,169,13,88,68,276,34,1*7C
1780394875.168,$GLGSV,2,1,05,66,29,312,23,75,21,079,28,76,24,138,15,81,21,327,29,3*7D
1780394875.168,$GLGSV,2,2,05,88,68,276,36,3*47
1780394875.169,$GLGSV,1,1,02,67,03,263,,77,04,180,,0*73
1780394875.170,$GAGSV,3,1,09,04,38,019,35,05,21,244,29,06,56,350,37,09,59,298,29,2*79
1780394875.170,$GAGSV,3,2,09,10,71,112,41,11,72,356,35,12,47,132,35,28,18,035,15,2*7A
1780394875.171,$GAGSV,3,3,09,36,23,329,28,2*49
1780394875.171,$GAGSV,3,1,09,04,38,019,34,05,21,244,26,06,56,350,37,09,59,298,25,7*7E
1780394875.172,$GAGSV,3,2,09,10,71,112,40,11,72,356,37,12,47,132,35,28,18,035,23,7*79
1780394875.172,$GAGSV,3,3,09,36,23,329,27,7*43
1780394875.173,$GAGSV,1,1,02,16,07,190,,31,10,139,,0*76
1780394875.173,$GBGSV,2,1,08,06,39,034,37,07,66,119,40,08,24,178,26,09,37,000,37,1*75
1780394875.174,$GBGSV,2,2,08,10,60,143,41,13,27,306,22,14,30,028,37,24,35,157,23,1*72
1780394875.175,$GBGSV,1,1,02,09,37,000,31,10,60,143,37,3*7C
1780394875.175,$GBGSV,3,1,10,01,42,106,,02,63,244,,03,72,138,,04,22,095,,0*75
1780394875.176,$GBGSV,3,2,10,04,22,095,,21,16,049,,25,01,204,,26,37,097,,0*78
1780394875.176,$GBGSV,3,3,10,26,37,097,,28,03,319,,0*7A
1780394875.177,$GNGLL,1339.01480,N,10029.57905,E,100755.00,A,D*75
1780394876.172,$GNRMC,100756.00,A,1339.01479,N,10029.57904,E,0.002,,020626,0.53,W,R,V*49
1780394876.174,$GNVTG,,T,,M,0.002,N,0.004,K,D*3E
1780394876.176,$GNGGA,100756.00,1339.01479,N,10029.57904,E,4,12,1.02,-1.0,M,-27.8,M,1.0,0499*63
1780394876.176,$GNGSA,A,3,10,18,23,24,32,,,,,,,,1.72,1.02,1.38,1*02
1780394876.177,$GNGSA,A,3,66,75,65,88,81,,,,,,,,1.72,1.02,1.38,2*07
1780394876.177,$GNGSA,A,3,05,12,04,06,09,10,11,28,36,,,,1.72,1.02,1.38,3*0D
1780394876.178,$GNGSA,A,3,06,07,08,09,10,13,14,,,,,,1.72,1.02,1.38,4*0F
1780394876.178,$GPGSV,2,1,08,10,20,325,31,18,88,175,41,23,39,001,41,24,43,047,34,1*6F
1780394876.179,$GPGSV,2,2,08,32,30,267,36,40,36,258,36,41,64,233,39,42,70,217,40,1*6D
1780394876.180,$GPGSV,2,1,05,10,20,325,24,18,88,175,44,23,39,001,39,24,43,047,32,6*6D
1780394876.180,$GPGSV,2,2,05,32,30,267,29,6*5C
1780394876.181,$GPGSV,3,1,09,05,06,101,,12,12,124,,13,17,122,,15,13,043,,0*6E
1780394876.181,$GPGSV,3,2,09,15,13,043,,25,16,160,,27,05,296,,28,13,207,,0*6B
1780394876.182,$GPGSV,3,3,09,28,13,207,,0*51
1780394876.183,$GLGSV,2,1,06,65,24,008,35,66,29,312,25,75,21,079,28,81,21,327,22,1*73
1780394876.183,$GLGSV,2,2,06,87,29,169,13,88,68,276,35,1*7D
1780394876.184,$GLGSV,2,1,05,66,29,312,23,75,21,079,27,76,24,138,15,81,21,327,29,3*72
1780394876.184,$GLGSV,2,2,05,88,68,276,36,3*47
1780394876.185,$GLGSV,1,1,02,67,03,263,,77,04,180,,0*73
1780394876.185,$GAGSV,3,1,09,04,38,019,35,05,21,244,29,06,56,350,37,09,59,298,29,2*79
1780394876.186,$GAGSV,3,2,09,10,71,112,41,11,72,356,35,12,47,132,35,28,18,035,15,2*7A
1780394876.186,$GAGSV,3,3,09,36,23,329,29,2*48
1780394876.187,$GAGSV,3,1,09,04,38,019,33,05,21,244,26,06,56,350,37,09,59,298,25,7*79
1780394876.188,$GAGSV,3,2,09,10,71,112,40,11,72,356,37,12,47,132,35,28,18,035,22,7*78
1780394876.188,$GAGSV,3,3,09,36,23,329,27,7*43
1780394876.189,$GAGSV,1,1,02,16,07,190,,31,10,139,,0*76
1780394876.189,$GBGSV,2,1,08,06,39,034,37,07,66,119,41,08,24,178,26,09,37,000,37,1*74
1780394876.190,$GBGSV,2,2,08,10,60,143,41,13,27,306,22,14,30,028,37,24,35,157,23,1*72
1780394876.190,$GBGSV,1,1,02,09,37,000,31,10,60,143,37,3*7C
1780394876.191,$GBGSV,3,1,10,01,42,106,,02,63,244,,03,72,138,,04,22,095,,0*75
1780394876.192,$GBGSV,3,2,10,04,22,095,,21,16,049,,25,01,204,,26,37,097,,0*78
1780394876.192,$GBGSV,3,3,10,26,37,097,,28,03,319,,0*7A
1780394876.192,$GNGLL,1339.01479,N,10029.57904,E,100756.00,A,D*71
1780394877.155,$GNRMC,100757.00,A,1339.01480,N,10029.57905,E,0.016,,020626,0.53,W,R,V*4A
1780394877.157,$GNVTG,,T,,M,0.016,N,0.030,K,D*3C
1780394877.159,$GNGGA,100757.00,1339.01480,N,10029.57905,E,4,12,1.02,-1.0,M,-27.8,M,1.0,0499*65
1780394877.159,$GNGSA,A,3,10,18,23,24,32,,,,,,,,1.72,1.02,1.38,1*02
1780394877.160,$GNGSA,A,3,66,75,65,88,81,,,,,,,,1.72,1.02,1.38,2*07
1780394877.161,$GNGSA,A,3,05,12,04,06,09,10,11,28,36,,,,1.72,1.02,1.38,3*0D
1780394877.162,$GNGSA,A,3,06,07,08,09,10,13,14,,,,,,1.72,1.02,1.38,4*0F
1780394877.162,$GPGSV,2,1,08,10,20,325,30,18,88,175,42,23,39,001,41,24,43,047,34,1*6D
1780394877.163,$GPGSV,2,2,08,32,30,267,36,40,36,258,36,41,64,233,39,42,70,217,40,1*6D
1780394877.164,$GPGSV,2,1,05,10,20,325,24,18,88,175,44,23,39,001,39,24,43,047,32,6*6D
1780394877.164,$GPGSV,2,2,05,32,30,267,29,6*5C
1780394877.165,$GPGSV,3,1,09,05,06,101,,12,12,124,,13,17,122,,15,13,043,,0*6E
1780394877.165,$GPGSV,3,2,09,15,13,043,,25,16,160,,27,05,296,,28,13,207,,0*6B
1780394877.166,$GPGSV,3,3,09,28,13,207,,0*51
1780394877.166,$GLGSV,2,1,06,65,24,008,35,66,29,312,27,75,21,079,28,81,21,327,22,1*71
1780394877.167,$GLGSV,2,2,06,87,29,169,13,88,68,276,35,1*7D
1780394877.167,$GLGSV,2,1,05,66,29,312,24,75,21,079,28,76,24,138,14,81,21,327,28,3*7A
1780394877.168,$GLGSV,2,2,05,88,68,276,36,3*47
1780394877.168,$GLGSV,1,1,02,67,03,263,,77,04,180,,0*73
1780394877.169,$GAGSV,3,1,09,04,38,019,36,05,21,244,29,06,56,350,37,09,59,298,29,2*7A
1780394877.169,$GAGSV,3,2,09,10,71,112,41,11,72,356,35,12,47,132,36,28,18,035,15,2*79
1780394877.170,$GAGSV,3,3,09,36,23,329,29,2*48
1780394877.170,$GAGSV,3,1,09,04,38,019,33,05,21,244,26,06,56,350,37,09,59,298,26,7*7A
1780394877.171,$GAGSV,3,2,09,10,71,112,40,11,72,356,37,12,47,132,35,28,18,035,22,7*78
1780394877.171,$GAGSV,3,3,09,36,23,329,27,7*43
1780394877.172,$GAGSV,1,1,02,16,07,190,,31,10,139,,0*76
1780394877.172,$GBGSV,2,1,08,06,39,034,37,07,66,119,40,08,24,178,26,09,37,000,37,1*75
1780394877.173,$GBGSV,2,2,08,10,60,143,41,13,27,306,23,14,30,028,37,24,35,157,23,1*73
1780394877.173,$GBGSV,1,1,02,09,37,000,31,10,60,143,38,3*73
1780394877.174,$GBGSV,3,1,10,01,42,106,,02,63,244,,03,72,138,,04,22,095,,0*75
1780394877.174,$GBGSV,3,2,10,04,22,095,,21,16,049,,25,01,204,,26,37,097,,0*78
1780394877.175,$GBGSV,3,3,10,26,37,097,,28,03,319,,0*7A
1780394877.175,$GNGLL,1339.01480,N,10029.57905,E,100757.00,A,D*77
1780394878.180,$GNRMC,100758.00,A,1339.01479,N,10029.57904,E,0.024,,020626,0.53,W,R,V*43
1780394878.182,$GNVTG,,T,,M,0.024,N,0.044,K,D*3E
1780394878.186,$GNGGA,100758.00,1339.01479,N,10029.57904,E,4,12,1.02,-1.0,M,-27.8,M,1.0,0499*6D
1780394878.188,$GNGSA,A,3,10,18,23,24,32,,,,,,,,1.72,1.02,1.38,1*02
1780394878.189,$GNGSA,A,3,66,75,65,88,81,,,,,,,,1.72,1.02,1.38,2*07
1780394878.191,$GNGSA,A,3,05,12,04,06,09,10,11,28,36,,,,1.72,1.02,1.38,3*0D
1780394878.192,$GNGSA,A,3,06,07,08,09,10,13,14,,,,,,1.72,1.02,1.38,4*0F
1780394878.194,$GPGSV,2,1,08,10,20,325,30,18,88,175,42,23,39,001,41,24,43,047,34,1*6D
1780394878.197,$GPGSV,2,2,08,32,30,267,36,40,36,258,36,41,64,233,39,42,70,217,40,1*6D
1780394878.199,$GPGSV,2,1,05,10,20,325,24,18,88,175,45,23,39,001,40,24,43,047,33,6*63
1780394878.200,$GPGSV,2,2,05,32,30,267,30,6*54
1780394878.203,$GPGSV,3,1,09,05,06,101,,12,12,124,,13,17,122,,15,13,043,,0*6E
1780394878.205,$GPGSV,3,2,09,15,13,043,,25,16,160,,27,05,296,,28,13,207,,0*6B
1780394878.206,$GPGSV,3,3,09,28,13,207,,0*51
1780394878.208,$GLGSV,2,1,06,65,24,008,35,66,29,312,28,75,21,079,28,81,21,327,21,1*7D
1780394878.209,$GLGSV,2,2,06,87,29,169,14,88,68,276,35,1*7A
1780394878.211,$GLGSV,2,1,05,66,29,312,25,75,21,079,28,76,24,138,15,81,21,327,28,3*7A
1780394878.211,$GLGSV,2,2,05,88,68,276,36,3*47
1780394878.212,$GLGSV,1,1,02,67,03,263,,77,04,180,,0*73
1780394878.213,$GAGSV,3,1,09,04,38,019,36,05,21,244,30,06,56,350,38,09,59,298,30,2*75
1780394878.215,$GAGSV,3,2,09,10,71,112,41,11,72,356,36,12,47,132,36,28,18,035,15,2*7A
1780394878.215,$GAGSV,3,3,09,36,23,329,29,2*48
1780394878.216,$GAGSV,3,1,09,04,38,019,33,05,21,244,26,06,56,350,37,09,59,298,26,7*7A
1780394878.217,$GAGSV,3,2,09,10,71,112,40,11,72,356,37,12,47,132,35,28,18,035,22,7*78
1780394878.218,$GAGSV,3,3,09,36,23,329,27,7*43
1780394878.218,$GAGSV,1,1,02,16,07,190,,31,10,139,,0*76
1780394878.219,$GBGSV,2,1,08,06,39,034,37,07,66,119,40,08,24,178,26,09,37,000,37,1*75
1780394878.220,$GBGSV,2,2,08,10,60,143,41,13,27,306,23,14,30,028,37,24,35,157,23,1*73
1780394878.221,$GBGSV,1,1,02,09,37,000,32,10,60,143,38,3*70
1780394878.221,$GBGSV,3,1,10,01,42,106,,02,63,244,,03,72,138,,04,22,095,,0*75
1780394878.222,$GBGSV,3,2,10,04,22,095,,21,16,049,,25,01,204,,26,37,097,,0*78
1780394878.223,$GBGSV,3,3,10,26,37,097,,28,03,319,,0*7A
1780394878.223,$GNGLL,1339.01479,N,10029.57904,E,100758.00,A,D*7F
1780394879.152,$GNRMC,100759.00,A,1339.01479,N,10029.57905,E,0.004,,020626,0.53,W,R,V*41
1780394879.154,$GNVTG,,T,,M,0.004,N,0.008,K,D*34
1780394879.156,$GNGGA,100759.00,1339.01479,N,10029.57905,E,4,12,1.02,-1.0,M,-27.8,M,1.0,0499*6D
1780394879.158,$GNGSA,A,3,10,18,23,24,32,,,,,,,,1.72,1.02,1.38,1*02
1780394879.160,$GNGSA,A,3,66,75,65,88,81,,,,,,,,1.72,1.02,1.38,2*07
1780394879.162,$GNGSA,A,3,05,12,04,06,09,10,11,28,36,,,,1.72,1.02,1.38,3*0D
1780394879.164,$GNGSA,A,3,06,07,08,09,10,13,14,,,,,,1.72,1.02,1.38,4*0F
1780394879.166,$GPGSV,2,1,08,10,20,325,29,18,88,175,42,23,39,001,41,24,43,047,34,1*65
1780394879.169,$GPGSV,2,2,08,32,30,267,36,40,36,258,36,41,64,233,40,42,70,217,40,1*63
1780394879.171,$GPGSV,2,1,05,10,20,325,25,18,88,175,45,23,39,001,40,24,43,047,33,6*62
1780394879.173,$GPGSV,2,2,05,32,30,267,31,6*55
1780394879.176,$GPGSV,3,1,09,05,06,101,,12,12,124,,13,17,122,,15,13,043,,0*6E
1780394879.178,$GPGSV,3,2,09,15,13,043,,25,16,160,,27,05,296,,28,13,207,,0*6B
1780394879.179,$GPGSV,3,3,09,28,13,207,,0*51
1780394879.180,$GLGSV,2,1,06,65,24,008,35,66,29,312,28,75,21,079,28,81,21,327,20,1*7C
1780394879.182,$GLGSV,2,2,06,87,29,169,13,88,68,276,35,1*7D
1780394879.183,$GLGSV,2,1,05,66,29,312,26,75,21,079,28,76,24,138,14,81,21,327,29,3*79
1780394879.184,$GLGSV,2,2,05,88,68,276,37,3*46
1780394879.185,$GLGSV,1,1,02,67,03,263,,77,04,180,,0*73
1780394879.186,$GAGSV,3,1,09,04,38,019,37,05,21,244,30,06,56,350,38,09,59,298,30,2*74
1780394879.188,$GAGSV,3,2,09,10,71,112,42,11,72,356,36,12,47,132,36,28,18,035,16,2*7A
1780394879.189,$GAGSV,3,3,09,36,23,329,29,2*48
1780394879.190,$GAGSV,3,1,09,04,38,019,33,05,21,244,26,06,56,350,37,09,59,298,26,7*7A
1780394879.191,$GAGSV,3,2,09,10,71,112,40,11,72,356,37,12,47,132,35,28,18,035,22,7*78
1780394879.191,$GAGSV,3,3,09,36,23,329,27,7*43
1780394879.192,$GAGSV,1,1,02,16,07,190,,31,10,139,,0*76
1780394879.193,$GBGSV,2,1,08,06,39,034,37,07,66,119,40,08,24,178,26,09,37,000,37,1*75
1780394879.194,$GBGSV,2,2,08,10,60,143,41,13,27,306,25,14,30,028,37,24,35,157,22,1*74
1780394879.195,$GBGSV,1,1,02,09,37,000,32,10,60,143,38,3*70
1780394879.195,$GBGSV,3,1,10,01,42,106,,02,63,244,,03,72,138,,04,22,095,,0*75
1780394879.196,$GBGSV,3,2,10,04,22,095,,21,16,049,,25,01,204,,26,37,097,,0*78
1780394879.197,$GBGSV,3,3,10,26,37,097,,28,03,319,,0*7A
1780394879.197,$GNGLL,1339.01479,N,10029.57905,E,100759.00,A,D*7F
1780394880.180,$GNRMC,100800.00,A,1339.01479,N,10029.57904,E,0.014,,020626,0.53,W,R,V*42
1780394880.182,$GNVTG,,T,,M,0.014,N,0.026,K,D*39
1780394880.184,$GNGGA,100800.00,1339.01479,N,10029.57904,E,4,12,0.99,-1.0,M,-27.8,M,1.0,0499*6C
1780394880.185,$GNGSA,A,3,10,18,23,24,32,,,,,,,,1.68,0.99,1.36,1*04
1780394880.185,$GNGSA,A,3,66,75,65,88,81,,,,,,,,1.68,0.99,1.36,2*01
1780394880.186,$GNGSA,A,3,05,12,04,06,09,10,11,28,36,,,,1.68,0.99,1.36,3*0B
1780394880.187,$GNGSA,A,3,06,07,08,09,10,13,14,,,,,,1.68,0.99,1.36,4*09
1780394880.187,$GPGSV,2,1,08,10,20,325,28,18,88,175,42,23,39,001,41,24,43,047,34,1*64
1780394880.188,$GPGSV,2,2,08,32,30,267,37,40,36,258,36,41,64,233,40,42,70,217,40,1*62
1780394880.189,$GPGSV,2,1,05,10,20,325,25,18,88,175,45,23,39,001,40,24,43,047,34,6*65
1780394880.190,$GPGSV,2,2,05,32,30,267,31,6*55
1780394880.191,$GPGSV,3,1,09,05,06,101,,12,12,124,,13,17,122,,15,13,043,,0*6E
1780394880.192,$GPGSV,3,2,09,15,13,043,,25,16,160,,27,05,296,,28,13,207,,0*6B
1780394880.193,$GPGSV,3,3,09,28,13,207,,0*51
1780394880.194,$GLGSV,2,1,06,65,24,008,35,66,29,312,29,75,21,079,28,81,21,327,18,1*76
1780394880.194,$GLGSV,2,2,06,87,29,169,12,88,68,276,35,1*7C
1780394880.195,$GLGSV,2,1,05,66,29,312,27,75,21,079,28,76,24,138,13,81,21,327,29,3*7F
1780394880.196,$GLGSV,2,2,05,88,68,276,37,3*46
1780394880.196,$GLGSV,1,1,02,67,03,263,,77,04,180,,0*73
1780394880.197,$GAGSV,3,1,09,04,38,019,37,05,21,244,30,06,56,350,38,09,59,298,30,2*74
1780394880.198,$GAGSV,3,2,09,10,71,112,41,11,72,356,36,12,47,132,36,28,18,035,16,2*79
1780394880.199,$GAGSV,3,3,09,36,23,329,29,2*48
1780394880.199,$GAGSV,3,1,09,04,38,019,34,05,21,244,26,06,56,350,37,09,59,298,26,7*7D
1780394880.200,$GAGSV,3,2,09,10,71,112,40,11,72,356,37,12,47,132,35,28,18,035,22,7*78
1780394880.201,$GAGSV,3,3,09,36,23,329,27,7*43
1780394880.202,$GAGSV,1,1,02,16,07,190,,31,10,139,,0*76
1780394880.202,$GBGSV,2,1,08,06,39,034,37,07,66,119,41,08,24,178,26,09,37,000,37,1*74
1780394880.203,$GBGSV,2,2,08,10,60,143,41,13,27,306,25,14,30,028,37,24,35,157,22,1*74
1780394880.204,$GBGSV,1,1,02,09,37,000,32,10,60,143,38,3*70
1780394880.205,$GBGSV,3,1,10,01,42,106,,02,63,244,,03,72,138,,04,22,095,,0*75
1780394880.205,$GBGSV,3,2,10,04,22,095,,21,16,049,,25,01,204,,26,37,097,,0*78
1780394880.206,$GBGSV,3,3,10,26,37,097,,28,03,319,,0*7A
1780394880.207,$GNGLL,1339.01479,N,10029.57904,E,100800.00,A,D*7D
1780394881.153,$GNRMC,100801.00,A,1339.01479,N,10029.57904,E,0.013,,020626,0.53,W,R,V*44
1780394881.156,$GNVTG,,T,,M,0.013,N,0.025,K,D*3D
1780394881.157,$GNGGA,100801.00,1339.01479,N,10029.57904,E,4,12,0.99,-1.0,M,-27.8,M,1.0,0499*6D
1780394881.157,$GNGSA,A,3,10,18,23,24,32,,,,,,,,1.68,0.99,1.36,1*04
1780394881.158,$GNGSA,A,3,66,75,65,88,81,,,,,,,,1.68,0.99,1.36,2*01
1780394881.159,$GNGSA,A,3,05,12,04,06,09,10,11,28,36,,,,1.68,0.99,1.36,3*0B
1780394881.160,$GNGSA,A,3,06,07,08,09,10,13,14,,,,,,1.68,0.99,1.36,4*09
1780394881.160,$GPGSV,2,1,08,10,20,325,27,18,88,175,42,23,39,001,41,24,43,047,33,1*6C
1780394881.161,$GPGSV,2,2,08,32,30,267,37,40,36,258,36,41,64,233,39,42,70,217,40,1*6C
1780394881.162,$GPGSV,2,1,05,10,20,325,26,18,88,175,45,23,39,001,40,24,43,047,34,6*66
1780394881.163,$GPGSV,2,2,05,32,30,267,31,6*55
1780394881.164,$GPGSV,3,1,09,05,06,101,,12,12,124,,13,17,122,,15,13,043,,0*6E
1780394881.165,$GPGSV,3,2,09,15,13,043,,25,16,160,,27,05,296,,28,13,207,,0*6B
1780394881.165,$GPGSV,3,3,09,28,13,207,,0*51
1780394881.166,$GLGSV,2,1,06,65,24,008,35,66,29,312,29,75,21,079,28,81,21,327,18,1*76
1780394881.167,$GLGSV,2,2,06,87,29,169,11,88,68,276,35,1*7F
1780394881.168,$GLGSV,2,1,05,66,29,312,27,75,21,079,29,76,24,138,13,81,21,327,29,3*7E
1780394881.168,$GLGSV,2,2,05,88,68,276,37,3*46
1780394881.168,$GLGSV,1,1,02,67,03,263,,77,04,180,,0*73
1780394881.169,$GAGSV,3,1,09,04,38,019,37,05,21,244,30,06,56,350,38,09,59,298,30,2*74
1780394881.170,$GAGSV,3,2,09,10,71,112,42,11,72,356,36,12,47,132,36,28,18,035,16,2*7A
1780394881.171,$GAGSV,3,3,09,36,23,329,29,2*48
1780394881.171,$GAGSV,3,1,09,04,38,019,34,05,21,244,26,06,56,350,37,09,59,298,26,7*7D
1780394881.172,$GAGSV,3,2,09,10,71,112,40,11,72,356,37,12,47,132,35,28,18,035,22,7*78
1780394881.172,$GAGSV,3,3,09,36,23,329,27,7*43
1780394881.173,$GAGSV,1,1,02,16,07,190,,31,10,139,,0*76
1780394881.174,$GBGSV,2,1,08,06,39,034,37,07,66,119,41,08,24,178,26,09,37,000,37,1*74
1780394881.174,$GBGSV,2,2,08,10,60,143,41,13,27,306,26,14,30,028,37,24,35,157,23,1*76
1780394881.175,$GBGSV,1,1,02,09,37,000,32,10,60,143,38,3*70
1780394881.176,$GBGSV,3,1,10,01,42,106,,02,63,244,,03,72,138,,04,22,095,,0*75
1780394881.176,$GBGSV,3,2,10,04,22,095,,21,16,049,,25,01,204,,26,37,097,,0*78
1780394881.177,$GBGSV,3,3,10,26,37,097,,28,03,319,,0*7A
1780394881.177,$GNGLL,1339.01479,N,10029.57904,E,100801.00,A,D*7C
1780394882.179,$GNRMC,100802.00,A,1339.01479,N,10029.57903,E,0.032,,020626,0.53,W,R,V*43
1780394882.181,$GNVTG,,T,,M,0.032,N,0.060,K,D*3F
1780394882.184,$GNGGA,100802.00,1339.01479,N,10029.57903,E,4,12,0.99,-1.0,M,-27.8,M,1.0,0499*69
1780394882.185,$GNGSA,A,3,10,18,23,24,32,,,,,,,,1.68,0.99,1.36,1*04
1780394882.187,$GNGSA,A,3,66,75,65,88,81,,,,,,,,1.68,0.99,1.36,2*01
1780394882.188,$GNGSA,A,3,05,12,04,06,09,10,11,28,36,,,,1.68,0.99,1.36,3*0B
1780394882.190,$GNGSA,A,3,06,07,08,09,10,13,14,,,,,,1.68,0.99,1.36,4*09
1780394882.192,$GPGSV,2,1,08,10,20,325,26,18,88,175,42,23,39,001,41,24,43,047,33,1*6D
1780394882.194,$GPGSV,2,2,08,32,30,267,37,40,36,258,36,41,64,233,39,42,70,217,41,1*6D
1780394882.197,$GPGSV,2,1,05,10,20,325,26,18,88,175,45,23,39,001,40,24,43,047,34,6*66
1780394882.198,$GPGSV,2,2,05,32,30,267,31,6*55
1780394882.201,$GPGSV,3,1,09,05,06,101,,12,12,124,,13,17,122,,15,13,043,,0*6E
1780394882.203,$GPGSV,3,2,09,15,13,043,,25,16,160,,27,05,296,,28,13,207,,0*6B
1780394882.204,$GPGSV,3,3,09,28,13,207,,0*51
1780394882.207,$GLGSV,2,1,06,65,24,008,35,66,29,312,29,75,21,079,27,81,21,327,17,1*76
1780394882.208,$GLGSV,2,2,06,87,29,169,09,88,68,276,35,1*76
1780394882.210,$GLGSV,2,1,05,66,29,312,27,75,21,079,29,76,24,138,12,81,21,327,29,3*7F
1780394882.211,$GLGSV,2,2,05,88,68,276,38,3*49
1780394882.212,$GLGSV,1,1,02,67,03,263,,77,04,180,,0*73
1780394882.213,$GAGSV,3,1,09,04,38,019,36,05,21,244,30,06,56,350,37,09,59,298,29,2*72
1780394882.214,$GAGSV,3,2,09,10,71,112,41,11,72,356,36,12,47,132,36,28,18,035,16,2*79
1780394882.215,$GAGSV,3,3,09,36,23,329,29,2*48
1780394882.216,$GAGSV,3,1,09,04,38,019,33,05,21,244,26,06,56,350,37,09,59,298,27,7*7B
1780394882.217,$GAGSV,3,2,09,10,71,112,40,11,72,356,37,12,47,132,35,28,18,035,22,7*78
1780394882.218,$GAGSV,3,3,09,36,23,329,27,7*43
1780394882.218,$GAGSV,1,1,02,16,07,190,,31,10,139,,0*76
1780394882.219,$GBGSV,2,1,08,06,39,034,37,07,66,119,40,08,24,178,25,09,37,000,37,1*76
1780394882.220,$GBGSV,2,2,08,10,60,143,41,13,27,306,26,14,30,028,37,24,35,157,22,1*77
1780394882.221,$GBGSV,1,1,02,09,37,000,32,10,60,143,38,3*70
1780394882.222,$GBGSV,3,1,10,01,42,106,,02,63,244,,03,72,138,,04,22,095,,0*75
1780394882.222,$GBGSV,3,2,10,04,22,095,,21,16,049,,25,01,204,,26,37,097,,0*78
1780394882.223,$GBGSV,3,3,10,26,37,097,,28,03,319,,0*7A
1780394882.224,$GNGLL,1339.01479,N,10029.57903,E,100802.00,A,D*78
1780394883.153,$GNRMC,100803.00,A,1339.01479,N,10029.57904,E,0.010,,020626,0.53,W,R,V*45
1780394883.155,$GNVTG,,T,,M,0.010,N,0.018,K,D*30
1780394883.156,$GNGGA,100803.00,1339.01479,N,10029.57904,E,4,12,0.99,-1.0,M,-27.8,M,1.0,0499*6F
1780394883.157,$GNGSA,A,3,10,18,23,24,32,,,,,,,,1.68,0.99,1.36,1*04
1780394883.157,$GNGSA,A,3,66,75,65,88,81,,,,,,,,1.68,0.99,1.36,2*01
1780394883.158,$GNGSA,A,3,05,12,04,06,09,10,11,28,36,,,,1.68,0.99,1.36,3*0B
1780394883.159,$GNGSA,A,3,06,07,08,09,10,13,14,,,,,,1.68,0.99,1.36,4*09
1780394883.159,$GPGSV,2,1,08,10,20,325,24,18,88,175,42,23,39,001,41,24,43,047,33,1*6F
1780394883.160,$GPGSV,2,2,08,32,30,267,36,40,36,258,36,41,64,233,39,42,70,217,40,1*6D
1780394883.161,$GPGSV,2,1,05,10,20,325,25,18,88,175,45,23,39,001,40,24,43,047,34,6*65
1780394883.161,$GPGSV,2,2,05,32,30,267,31,6*55
1780394883.162,$GPGSV,3,1,09,05,06,101,,12,12,124,,13,17,122,,15,13,043,,0*6E
1780394883.162,$GPGSV,3,2,09,15,13,043,,25,16,160,,27,05,296,,28,13,207,,0*6B
1780394883.163,$GPGSV,3,3,09,28,13,207,,0*51
1780394883.163,$GLGSV,2,1,06,65,24,008,35,66,29,312,29,75,21,079,27,81,21,327,17,1*76
1780394883.164,$GLGSV,2,2,06,87,29,169,08,88,68,276,34,1*76
1780394883.165,$GLGSV,2,1,05,66,29,312,27,75,21,079,29,76,24,138,10,81,21,327,29,3*7D
1780394883.165,$GLGSV,2,2,05,88,68,276,38,3*49
1780394883.165,$GLGSV,1,1,02,67,03,263,,77,04,180,,0*73
1780394883.166,$GAGSV,3,1,09,04,38,019,36,05,21,244,29,06,56,350,37,09,59,298,30,2*72
1780394883.167,$GAGSV,3,2,09,10,71,112,41,11,72,356,36,12,47,132,36,28,18,035,16,2*79
1780394883.167,$GAGSV,3,3,09,36,23,329,29,2*48
1780394883.168,$GAGSV,3,1,09,04,38,019,33,05,21,244,27,06,56,350,37,09,59,298,27,7*7A
1780394883.169,$GAGSV,3,2,09,10,71,112,40,11,72,356,37,12,47,132,35,28,18,035,21,7*7B
1780394883.169,$GAGSV,3,3,09,36,23,329,27,7*43
1780394883.169,$GAGSV,1,1,02,16,07,190,,31,10,139,,0*76
1780394883.170,$GBGSV,2,1,08,06,39,034,37,07,66,119,40,08,24,178,25,09,37,000,36,1*77
1780394883.171,$GBGSV,2,2,08,10,60,143,40,13,27,306,25,14,30,028,36,24,35,157,21,1*77
1780394883.172,$GBGSV,1,1,02,09,37,000,32,10,60,143,38,3*70
1780394883.172,$GBGSV,3,1,10,01,42,106,,02,63,244,,03,72,138,,04,22,095,,0*75
1780394883.173,$GBGSV,3,2,10,04,22,095,,21,16,049,,25,01,204,,26,37,097,,0*78
1780394883.173,$GBGSV,3,3,10,26,37,097,,28,03,319,,0*7A
1780394883.174,$GNGLL,1339.01479,N,10029.57904,E,100803.00,A,D*7E
1780394884.177,$GNRMC,100804.00,A,1339.01477,N,10029.57903,E,0.013,,020626,0.53,W,R,V*48
1780394884.179,$GNVTG,,T,,M,0.013,N,0.024,K,D*3C
1780394884.180,$GNGGA,100804.00,1339.01477,N,10029.57903,E,4,12,0.91,-1.0,M,-27.8,M,1.0,0499*69
1780394884.181,$GNGSA,A,3,10,18,23,24,32,,,,,,,,1.62,0.91,1.34,1*04
1780394884.181,$GNGSA,A,3,66,75,65,88,81,,,,,,,,1.62,0.91,1.34,2*01
1780394884.182,$GNGSA,A,3,05,12,04,06,09,10,11,28,36,,,,1.62,0.91,1.34,3*0B
1780394884.182,$GNGSA,A,3,06,07,08,09,10,13,14,,,,,,1.62,0.91,1.34,4*09
1780394884.183,$GPGSV,2,1,08,10,20,325,24,18,88,175,42,23,39,001,41,24,43,047,32,1*6E
1780394884.183,$GPGSV,2,2,08,32,30,267,36,40,36,258,35,41,64,233,39,42,70,217,40,1*6E
1780394884.184,$GPGSV,2,1,05,10,20,325,25,18,88,175,45,23,39,001,40,24,43,047,33,6*62
1780394884.185,$GPGSV,2,2,05,32,30,267,30,6*54
1780394884.185,$GPGSV,3,1,09,05,06,101,,12,12,124,,13,17,122,,15,13,043,,0*6E
1780394884.186,$GPGSV,3,2,09,15,13,043,,25,16,160,,27,05,296,,28,13,207,,0*6B
1780394884.186,$GPGSV,3,3,09,28,13,207,,0*51
1780394884.187,$GLGSV,2,1,05,65,24,008,35,66,29,312,29,75,21,079,27,81,21,327,16,1*74
1780394884.187,$GLGSV,2,2,05,88,68,276,34,1*47
1780394884.188,$GLGSV,2,1,05,66,29,312,27,75,21,079,29,76,24,138,12,81,21,327,30,3*77
1780394884.188,$GLGSV,2,2,05,88,68,276,38,3*49
1780394884.189,$GLGSV,1,1,03,67,03,263,,77,04,180,,87,29,169,,0*48
1780394884.189,$GAGSV,3,1,09,04,38,019,36,05,21,244,28,06,56,350,37,09,59,298,29,2*7B
1780394884.190,$GAGSV,3,2,09,10,71,112,41,11,72,356,35,12,47,132,35,28,18,035,16,2*79
1780394884.190,$GAGSV,3,3,09,36,23,329,28,2*49
1780394884.191,$GAGSV,3,1,09,04,38,019,33,05,21,244,26,06,56,350,37,09,59,298,27,7*7B
1780394884.191,$GAGSV,3,2,09,10,71,112,39,11,72,356,37,12,47,132,34,28,18,035,21,7*74
1780394884.192,$GAGSV,3,3,09,36,23,329,27,7*43
1780394884.192,$GAGSV,1,1,02,16,07,190,,31,10,139,,0*76
1780394884.193,$GBGSV,2,1,08,06,39,034,37,07,66,119,40,08,24,178,25,09,37,000,36,1*77
1780394884.193,$GBGSV,2,2,08,10,60,143,40,13,27,306,25,14,30,028,36,24,35,157,22,1*74
1780394884.194,$GBGSV,1,1,02,09,37,000,32,10,60,143,38,3*70
1780394884.194,$GBGSV,3,1,10,01,42,106,,02,63,244,,03,72,138,,04,22,095,,0*75
1780394884.195,$GBGSV,3,2,10,04,22,095,,21,16,049,,25,01,204,,26,37,097,,0*78
1780394884.195,$GBGSV,3,3,10,26,37,097,,28,03,319,,0*7A
1780394884.196,$GNGLL,1339.01477,N,10029.57903,E,100804.00,A,D*70
1780394885.147,$GNRMC,100805.00,A,1339.01477,N,10029.57903,E,0.018,,020626,0.53,W,R,V*42
1780394885.149,$GNVTG,,T,,M,0.018,N,0.033,K,D*31
1780394885.150,$GNGGA,100805.00,1339.01477,N,10029.57903,E,4,12,0.91,-1.0,M,-27.8,M,1.0,0499*68
1780394885.151,$GNGSA,A,3,10,18,23,24,32,,,,,,,,1.62,0.91,1.34,1*04
1780394885.151,$GNGSA,A,3,66,75,65,88,81,,,,,,,,1.62,0.91,1.34,2*01
1780394885.151,$GNGSA,A,3,05,12,04,06,09,10,11,28,36,,,,1.62,0.91,1.34,3*0B
1780394885.152,$GNGSA,A,3,06,07,08,09,10,13,14,,,,,,1.62,0.91,1.34,4*09
1780394885.152,$GPGSV,2,1,08,10,20,325,22,18,88,175,42,23,39,001,41,24,43,047,32,1*68
1780394885.153,$GPGSV,2,2,08,32,30,267,36,40,36,258,35,41,64,233,39,42,70,217,40,1*6E
1780394885.153,$GPGSV,2,1,05,10,20,325,25,18,88,175,44,23,39,001,39,24,43,047,33,6*6D
1780394885.154,$GPGSV,2,2,05,32,30,267,30,6*54
1780394885.154,$GPGSV,3,1,09,05,06,101,,12,12,124,,13,17,122,,15,13,043,,0*6E
1780394885.155,$GPGSV,3,2,09,15,13,043,,25,16,160,,27,05,296,,28,13,207,,0*6B
1780394885.155,$GPGSV,3,3,09,28,13,207,,0*51
1780394885.156,$GLGSV,2,1,05,65,24,008,35,66,29,312,28,75,21,079,27,81,21,327,16,1*75
1780394885.156,$GLGSV,2,2,05,88,68,276,35,1*46
1780394885.157,$GLGSV,2,1,05,66,29,312,27,75,21,079,28,76,24,138,14,81,21,327,30,3*70
1780394885.157,$GLGSV,2,2,05,88,68,276,38,3*49
1780394885.157,$GLGSV,1,1,03,67,03,263,,77,04,180,,87,29,169,,0*48
1780394885.158,$GAGSV,3,1,09,04,38,019,36,05,21,244,29,06,56,350,37,09,59,298,29,2*7A
1780394885.159,$GAGSV,3,2,09,10,71,112,41,11,72,356,36,12,47,132,35,28,18,035,16,2*7A
1780394885.159,$GAGSV,3,3,09,36,23,329,29,2*48
1780394885.159,$GAGSV,3,1,09,04,38,019,33,05,21,244,27,06,56,350,37,09,59,298,27,7*7A
1780394885.160,$GAGSV,3,2,09,10,71,112,39,11,72,356,37,12,47,132,34,28,18,035,20,7*75
1780394885.160,$GAGSV,3,3,09,36,23,329,28,7*4C
1780394885.161,$GAGSV,1,1,02,16,07,190,,31,10,139,,0*76
1780394885.161,$GBGSV,2,1,08,06,39,034,37,07,66,119,40,08,24,178,25,09,37,000,36,1*77
1780394885.162,$GBGSV,2,2,08,10,60,143,40,13,27,306,27,14,30,028,36,24,35,157,22,1*76
1780394885.162,$GBGSV,1,1,02,09,37,000,32,10,60,143,38,3*70
1780394885.163,$GBGSV,3,1,10,01,42,106,,02,63,244,,03,72,138,,04,22,095,,0*75
1780394885.163,$GBGSV,3,2,10,04,22,095,,21,16,049,,25,01,204,,26,37,097,,0*78
1780394885.164,$GBGSV,3,3,10,26,37,097,,28,03,319,,0*7A
1780394885.164,$GNGLL,1339.01477,N,10029.57903,E,100805.00,A,D*71
1780394886.179,$GNRMC,100806.00,A,1339.01477,N,10029.57904,E,0.017,,020626,0.53,W,R,V*49
1780394886.181,$GNVTG,,T,,M,0.017,N,0.032,K,D*3F
1780394886.182,$GNGGA,100806.00,1339.01477,N,10029.57904,E,4,12,0.93,-1.0,M,-27.8,M,1.0,0499*6E
1780394886.183,$GNGSA,A,3,10,18,23,24,32,,,,,,,,1.68,0.93,1.40,1*0F
1780394886.183,$GNGSA,A,3,66,75,65,88,81,,,,,,,,1.68,0.93,1.40,2*0A
1780394886.184,$GNGSA,A,3,05,12,04,06,09,10,11,28,36,,,,1.68,0.93,1.40,3*00
1780394886.184,$GNGSA,A,3,06,07,08,09,10,13,14,,,,,,1.68,0.93,1.40,4*02
1780394886.185,$GPGSV,2,1,08,10,20,325,19,18,88,175,41,23,39,001,41,24,43,047,32,1*63
1780394886.186,$GPGSV,2,2,08,32,30,267,36,40,36,258,33,41,64,233,39,42,70,217,40,1*68
1780394886.186,$GPGSV,2,1,05,10,20,325,25,18,88,175,44,23,39,001,39,24,43,047,32,6*6C
1780394886.187,$GPGSV,2,2,05,32,30,267,29,6*5C
1780394886.187,$GPGSV,3,1,09,05,06,101,,12,12,124,,13,17,122,,15,13,043,,0*6E
1780394886.188,$GPGSV,3,2,09,15,13,043,,25,16,160,,27,05,296,,28,13,207,,0*6B
1780394886.188,$GPGSV,3,3,09,28,13,207,,0*51
1780394886.189,$GLGSV,2,1,05,65,24,008,36,66,29,312,28,75,21,079,26,81,21,327,15,1*74
1780394886.189,$GLGSV,2,2,05,88,68,276,35,1*46
1780394886.190,$GLGSV,2,1,05,66,29,312,27,75,21,079,29,76,24,138,15,81,21,327,29,3*78
1780394886.191,$GLGSV,2,2,05,88,68,276,39,3*48
1780394886.191,$GLGSV,1,1,03,67,03,263,,77,04,180,,87,29,169,,0*48
1780394886.192,$GAGSV,3,1,09,04,38,019,36,05,21,244,28,06,56,350,37,09,59,298,29,2*7B
1780394886.192,$GAGSV,3,2,09,10,71,112,40,11,72,356,35,12,47,132,35,28,18,035,16,2*78
1780394886.193,$GAGSV,3,3,09,36,23,329,29,2*48
1780394886.193,$GAGSV,3,1,09,04,38,019,33,05,21,244,26,06,56,350,37,09,59,298,28,7*74
1780394886.194,$GAGSV,3,2,09,10,71,112,39,11,72,356,37,12,47,132,34,28,18,035,21,7*74
1780394886.195,$GAGSV,3,3,09,36,23,329,28,7*4C
1780394886.195,$GAGSV,1,1,02,16,07,190,,31,10,139,,0*76
1780394886.196,$GBGSV,2,1,08,06,39,034,37,07,66,119,40,08,24,178,25,09,37,000,36,1*77
1780394886.196,$GBGSV,2,2,08,10,60,143,41,13,27,306,27,14,30,028,36,24,35,157,22,1*77
1780394886.197,$GBGSV,1,1,02,09,37,000,32,10,60,143,37,3*7F
1780394886.198,$GBGSV,3,1,10,01,42,106,,02,63,244,,03,72,138,,04,22,095,,0*75
1780394886.198,$GBGSV,3,2,10,04,22,095,,21,16,049,,25,01,204,,26,37,097,,0*78
1780394886.199,$GBGSV,3,3,10,26,37,097,,28,03,319,,0*7A
1780394886.199,$GNGLL,1339.01477,N,10029.57904,E,100806.00,A,D*75
1780394887.152,$GNRMC,100807.00,A,1339.01477,N,10029.57903,E,0.013,,020626,0.53,W,R,V*4B
1780394887.154,$GNVTG,,T,,M,0.013,N,0.023,K,D*3B
1780394887.156,$GNGGA,100807.00,1339.01477,N,10029.57903,E,4,12,0.93,-1.0,M,-27.8,M,1.0,0499*68
1780394887.157,$GNGSA,A,3,10,18,23,24,32,,,,,,,,1.68,0.93,1.40,1*0F
1780394887.158,$GNGSA,A,3,66,75,65,88,81,,,,,,,,1.68,0.93,1.40,2*0A
1780394887.159,$GNGSA,A,3,05,12,04,06,09,10,11,28,36,,,,1.68,0.93,1.40,3*00
1780394887.159,$GNGSA,A,3,06,07,08,09,10,13,14,,,,,,1.68,0.93,1.40,4*02
1780394887.160,$GPGSV,2,1,08,10,20,325,18,18,88,175,42,23,39,001,41,24,43,047,32,1*61
1780394887.161,$GPGSV,2,2,08,32,30,267,37,40,36,258,34,41,64,233,39,42,70,217,41,1*6F
1780394887.162,$GPGSV,2,1,05,10,20,325,26,18,88,175,43,23,39,001,39,24,43,047,32,6*68
1780394887.162,$GPGSV,2,2,05,32,30,267,29,6*5C
1780394887.163,$GPGSV,3,1,09,05,06,101,,12,12,124,,13,17,122,,15,13,043,,0*6E
1780394887.164,$GPGSV,3,2,09,15,13,043,,25,16,160,,27,05,296,,28,13,207,,0*6B
1780394887.164,$GPGSV,3,3,09,28,13,207,,0*51
1780394887.164,$GLGSV,2,1,05,65,24,008,35,66,29,312,27,75,21,079,26,81,21,327,11,1*7C
1780394887.165,$GLGSV,2,2,05,88,68,276,35,1*46
1780394887.165,$GLGSV,2,1,05,66,29,312,27,75,21,079,28,76,24,138,17,81,21,327,29,3*7B
1780394887.166,$GLGSV,2,2,05,88,68,276,37,3*46
1780394887.166,$GLGSV,1,1,03,67,03,263,,77,04,180,,87,29,169,,0*48
1780394887.167,$GAGSV,3,1,09,04,38,019,36,05,21,245,28,06,56,350,37,09,59,298,29,2*7A
1780394887.167,$GAGSV,3,2,09,10,71,112,40,11,72,356,35,12,47,132,35,28,18,035,14,2*7A
1780394887.168,$GAGSV,3,3,09,36,23,329,29,2*48
1780394887.168,$GAGSV,3,1,09,04,38,019,33,05,21,245,27,06,56,350,37,09,59,298,28,7*74
1780394887.169,$GAGSV,3,2,09,10,71,112,39,11,72,356,37,12,47,132,35,28,18,035,21,7*75
1780394887.169,$GAGSV,3,3,09,36,23,329,28,7*4C
1780394887.170,$GAGSV,1,1,02,16,07,190,,31,11,139,,0*77
1780394887.170,$GBGSV,2,1,08,06,39,034,37,07,66,119,40,08,24,178,25,09,37,000,36,1*77
1780394887.171,$GBGSV,2,2,08,10,60,143,41,13,27,306,27,14,30,028,36,24,35,157,23,1*76
1780394887.171,$GBGSV,1,1,02,09,37,000,32,10,60,143,38,3*70
1780394887.172,$GBGSV,3,1,10,01,42,106,,02,63,244,,03,72,138,,04,22,095,,0*75
1780394887.172,$GBGSV,3,2,10,04,22,095,,21,16,049,,25,01,204,,26,37,097,,0*78
1780394887.173,$GBGSV,3,3,10,26,37,097,,28,03,319,,0*7A
1780394887.173,$GNGLL,1339.01477,N,10029.57903,E,100807.00,A,D*73
1780394888.178,$GNRMC,100808.00,A,1339.01477,N,10029.57903,E,0.016,,020626,0.53,W,R,V*41
1780394888.179,$GNVTG,,T,,M,0.016,N,0.030,K,D*3C
1780394888.181,$GNGGA,100808.00,1339.01477,N,10029.57903,E,4,12,0.94,-1.0,M,-27.8,M,1.0,0499*60
1780394888.181,$GNGSA,A,3,10,18,23,24,32,,,,,,,,1.73,0.94,1.45,1*07
1780394888.181,$GNGSA,A,3,66,75,65,88,81,,,,,,,,1.73,0.94,1.45,2*02
1780394888.182,$GNGSA,A,3,05,12,04,06,09,10,11,28,36,,,,1.73,0.94,1.45,3*08
1780394888.183,$GNGSA,A,3,06,07,08,09,10,13,14,,,,,,1.73,0.94,1.45,4*0A
1780394888.183,$GPGSV,2,1,08,10,20,325,19,18,88,175,42,23,39,001,41,24,43,047,32,1*60
1780394888.184,$GPGSV,2,2,08,32,30,267,36,40,36,258,34,41,64,233,39,42,70,217,41,1*6E
1780394888.185,$GPGSV,2,1,05,10,20,325,25,18,88,175,43,23,39,001,39,24,43,047,32,6*6B
1780394888.185,$GPGSV,2,2,05,32,30,267,29,6*5C
1780394888.186,$GPGSV,3,1,09,05,06,101,,12,12,124,,13,17,122,,15,13,043,,0*6E
1780394888.186,$GPGSV,3,2,09,15,13,043,,25,16,160,,27,05,296,,28,13,207,,0*6B
1780394888.187,$GPGSV,3,3,09,28,13,207,,0*51
1780394888.187,$GLGSV,2,1,05,65,24,008,36,66,29,312,28,75,21,079,25,81,21,327,12,1*70
1780394888.188,$GLGSV,2,2,05,88,68,276,35,1*46
1780394888.189,$GLGSV,2,1,05,66,29,312,26,75,21,079,28,76,24,138,18,81,21,327,32,3*7F
1780394888.189,$GLGSV,2,2,05,88,68,276,39,3*48
1780394888.190,$GLGSV,1,1,03,67,03,263,,77,04,180,,87,29,169,,0*48
1780394888.190,$GAGSV,3,1,09,04,38,019,36,05,21,245,28,06,56,350,37,09,59,298,29,2*7A
1780394888.191,$GAGSV,3,2,09,10,71,112,40,11,72,356,35,12,47,132,35,28,18,035,14,2*7A
1780394888.192,$GAGSV,3,3,09,36,23,329,29,2*48
1780394888.192,$GAGSV,3,1,09,04,38,019,33,05,21,245,27,06,56,350,37,09,59,298,29,7*75
1780394888.193,$GAGSV,3,2,09,10,71,112,40,11,72,356,37,12,47,132,35,28,18,035,21,7*7B
1780394888.193,$GAGSV,3,3,09,36,23,329,28,7*4C
1780394888.194,$GAGSV,1,1,02,16,07,190,,31,11,139,,0*77
1780394888.194,$GBGSV,2,1,08,06,39,034,37,07,66,119,40,08,24,178,25,09,37,000,37,1*76
1780394888.195,$GBGSV,2,2,08,10,60,143,41,13,27,306,26,14,30,028,36,24,35,157,23,1*77
1780394888.196,$GBGSV,1,1,02,09,37,000,32,10,60,143,37,3*7F
1780394888.196,$GBGSV,3,1,10,01,42,106,,02,63,244,,03,72,138,,04,22,095,,0*75
1780394888.197,$GBGSV,3,2,10,04,22,095,,21,16,049,,25,01,204,,26,37,097,,0*78
1780394888.198,$GBGSV,3,3,10,26,37,097,,28,03,319,,0*7A
1780394888.198,$GNGLL,1339.01477,N,10029.57903,E,100808.00,A,D*7C
1780394889.153,$GNRMC,100809.00,A,1339.01478,N,10029.57904,E,0.006,,020626,0.53,W,R,V*49
1780394889.156,$GNVTG,,T,,M,0.006,N,0.012,K,D*3D
1780394889.160,$GNGGA,100809.00,1339.01478,N,10029.57904,E,4,12,0.93,-1.0,M,-27.8,M,2.0,0499*6D
1780394889.162,$GNGSA,A,3,10,18,23,24,32,,,,,,,,1.66,0.93,1.38,1*0E
1780394889.163,$GNGSA,A,3,66,75,65,88,76,81,,,,,,,1.66,0.93,1.38,2*0A
1780394889.165,$GNGSA,A,3,05,12,04,06,09,10,11,28,36,,,,1.66,0.93,1.38,3*01
1780394889.167,$GNGSA,A,3,06,07,08,09,10,13,14,,,,,,1.66,0.93,1.38,4*03
1780394889.169,$GPGSV,2,1,08,10,20,325,21,18,88,175,42,23,39,001,41,24,43,047,32,1*6B
1780394889.171,$GPGSV,2,2,08,32,30,267,36,40,36,258,35,41,64,233,39,42,70,217,41,1*6F
1780394889.173,$GPGSV,2,1,05,10,20,325,25,18,88,175,43,23,39,001,38,24,43,047,31,6*69
1780394889.175,$GPGSV,2,2,05,32,30,267,29,6*5C
1780394889.177,$GPGSV,3,1,09,05,06,101,,12,12,124,,13,17,122,,15,13,043,,0*6E
1780394889.179,$GPGSV,3,2,09,15,13,043,,25,16,160,,27,05,296,,28,13,207,,0*6B
1780394889.180,$GPGSV,3,3,09,28,13,207,,0*51
1780394889.183,$GLGSV,2,1,05,65,24,008,36,66,29,312,28,75,21,079,25,81,21,327,17,1*75
1780394889.183,$GLGSV,2,2,05,88,68,276,36,1*45
1780394889.185,$GLGSV,2,1,05,66,29,312,25,75,21,079,28,76,24,138,20,81,21,327,30,3*75
1780394889.185,$GLGSV,2,2,05,88,68,276,39,3*48
1780394889.186,$GLGSV,1,1,03,67,03,263,,77,04,180,,87,29,169,,0*48
1780394889.187,$GAGSV,3,1,09,04,38,019,35,05,21,245,28,06,56,350,37,09,59,298,28,2*78
1780394889.187,$GAGSV,3,2,09,10,71,112,40,11,72,356,35,12,47,132,35,28,18,035,14,2*7A
1780394889.188,$GAGSV,3,3,09,36,23,329,29,2*48
1780394889.188,$GAGSV,3,1,09,04,38,019,33,05,21,245,27,06,56,350,37,09,59,298,29,7*75
1780394889.189,$GAGSV,3,2,09,10,71,112,40,11,72,356,37,12,47,132,35,28,18,035,21,7*7B
1780394889.190,$GAGSV,3,3,09,36,23,329,27,7*43
1780394889.190,$GAGSV,1,1,02,16,07,190,,31,11,139,,0*77
1780394889.191,$GBGSV,2,1,08,06,39,034,37,07,66,119,40,08,24,178,25,09,37,000,37,1*76
1780394889.191,$GBGSV,2,2,08,10,60,143,41,13,27,306,26,14,30,028,36,24,35,157,23,1*77
1780394889.192,$GBGSV,1,1,02,09,37,000,31,10,60,143,37,3*7C
1780394889.192,$GBGSV,3,1,10,01,42,106,,02,63,244,,03,72,138,,04,22,095,,0*75
1780394889.193,$GBGSV,3,2,10,04,22,095,,21,16,049,,25,01,204,,26,37,097,,0*78
1780394889.193,$GBGSV,3,3,10,26,37,097,,28,03,319,,0*7A
1780394889.194,$GNGLL,1339.01478,N,10029.57904,E,100809.00,A,D*75
1780394890.178,$GNRMC,100810.00,A,1339.01478,N,10029.57904,E,0.014,,020626,0.53,W,R,V*42
1780394890.180,$GNVTG,,T,,M,0.014,N,0.026,K,D*39
1780394890.181,$GNGGA,100810.00,1339.01478,N,10029.57904,E,4,12,0.93,-1.0,M,-27.8,M,1.0,0499*66
1780394890.181,$GNGSA,A,3,10,18,23,24,32,,,,,,,,1.66,0.93,1.38,1*0E
1780394890.182,$GNGSA,A,3,66,75,65,88,76,81,,,,,,,1.66,0.93,1.38,2*0A
1780394890.182,$GNGSA,A,3,05,12,04,06,09,10,11,28,36,,,,1.66,0.93,1.38,3*01
1780394890.183,$GNGSA,A,3,06,07,08,09,10,13,14,,,,,,1.66,0.93,1.38,4*03
1780394890.183,$GPGSV,2,1,08,10,20,325,21,18,88,175,43,23,39,001,41,24,43,047,33,1*6B
1780394890.184,$GPGSV,2,2,08,32,30,267,38,40,36,258,36,41,64,233,40,42,70,217,41,1*6C
1780394890.185,$GPGSV,2,1,05,10,20,325,25,18,88,175,43,23,39,001,38,24,43,047,31,6*69
1780394890.185,$GPGSV,2,2,05,32,30,267,28,6*5D
1780394890.186,$GPGSV,3,1,09,05,06,101,,12,12,124,,13,17,122,,15,13,043,,0*6E
1780394890.187,$GPGSV,3,2,09,15,13,043,,25,16,160,,27,05,296,,28,13,207,,0*6B
1780394890.187,$GPGSV,3,3,09,28,13,207,,0*51
1780394890.188,$GLGSV,2,1,05,65,24,008,36,66,29,312,28,75,21,079,25,81,21,327,19,1*7B
1780394890.188,$GLGSV,2,2,05,88,68,276,36,1*45
1780394890.189,$GLGSV,2,1,05,66,29,312,23,75,21,079,27,76,24,138,20,81,21,327,30,3*7C
1780394890.189,$GLGSV,2,2,05,88,68,276,39,3*48
1780394890.190,$GLGSV,1,1,03,67,03,263,,77,04,180,,87,29,169,,0*48
1780394890.190,$GAGSV,3,1,09,04,38,019,34,05,21,245,27,06,56,350,36,09,59,298,28,2*77
1780394890.191,$GAGSV,3,2,09,10,71,112,39,11,72,356,34,12,47,132,34,28,18,035,14,2*74
1780394890.191,$GAGSV,3,3,09,36,23,329,28,2*49
1780394890.192,$GAGSV,3,1,09,04,38,019,33,05,21,245,27,06,56,350,37,09,59,298,30,7*7D
1780394890.193,$GAGSV,3,2,09,10,71,112,41,11,72,356,38,12,47,132,36,28,18,035,22,7*75
1780394890.193,$GAGSV,3,3,09,36,23,329,27,7*43
1780394890.194,$GAGSV,1,1,02,16,07,190,,31,11,139,,0*77
1780394890.194,$GBGSV,2,1,08,06,39,034,37,07,66,119,40,08,24,178,25,09,37,000,36,1*77
1780394890.195,$GBGSV,2,2,08,10,60,143,41,13,27,306,26,14,30,028,36,24,35,157,23,1*77
1780394890.196,$GBGSV,1,1,02,09,37,000,30,10,60,143,37,3*7D
1780394890.196,$GBGSV,3,1,10,01,42,106,,02,63,244,,03,72,138,,04,22,095,,0*75
1780394890.197,$GBGSV,3,2,10,04,22,095,,21,16,049,,25,01,204,,26,37,097,,0*78
1780394890.197,$GBGSV,3,3,10,26,37,097,,28,03,319,,0*7A
1780394890.198,$GNGLL,1339.01478,N,10029.57904,E,100810.00,A,D*7D
1780394891.151,$GNRMC,100811.00,A,1339.01478,N,10029.57903,E,0.039,,020626,0.53,W,R,V*4B
1780394891.153,$GNVTG,,T,,M,0.039,N,0.073,K,D*36
1780394891.154,$GNGGA,100811.00,1339.01478,N,10029.57903,E,4,12,0.93,-1.1,M,-27.8,M,1.0,0499*61
1780394891.155,$GNGSA,A,3,10,18,23,24,32,,,,,,,,1.66,0.93,1.38,1*0E
1780394891.155,$GNGSA,A,3,66,75,65,88,76,81,,,,,,,1.66,0.93,1.38,2*0A
1780394891.156,$GNGSA,A,3,05,12,04,06,09,10,11,28,36,,,,1.66,0.93,1.38,3*01
1780394891.156,$GNGSA,A,3,06,07,08,09,10,13,14,,,,,,1.66,0.93,1.38,4*03
1780394891.157,$GPGSV,2,1,08,10,20,325,21,18,88,175,43,23,39,001,42,24,43,047,33,1*68
1780394891.157,$GPGSV,2,2,08,32,30,267,37,40,36,258,36,41,64,233,40,42,70,217,42,1*60
1780394891.158,$GPGSV,2,1,05,10,20,325,24,18,88,175,40,23,39,001,36,24,43,047,30,6*64
1780394891.159,$GPGSV,2,2,05,32,30,267,27,6*52
1780394891.159,$GPGSV,3,1,09,05,06,101,,12,12,124,,13,17,122,,15,13,043,,0*6E
1780394891.160,$GPGSV,3,2,09,15,13,043,,25,16,160,,27,05,296,,28,13,207,,0*6B
1780394891.160,$GPGSV,3,3,09,28,13,207,,0*51
1780394891.161,$GLGSV,2,1,05,65,24,008,36,66,29,312,28,75,21,079,25,81,21,327,19,1*7B
1780394891.161,$GLGSV,2,2,05,88,68,276,37,1*44
1780394891.162,$GLGSV,2,1,05,66,29,312,21,75,21,079,27,76,24,138,20,81,21,327,29,3*76
1780394891.162,$GLGSV,2,2,05,88,68,276,36,3*47
1780394891.162,$GLGSV,1,1,03,67,03,263,,77,04,180,,87,29,169,,0*48
1780394891.163,$GAGSV,3,1,09,04,38,019,34,05,21,245,27,06,56,350,36,09,59,298,28,2*77
1780394891.164,$GAGSV,3,2,09,10,71,112,39,11,72,356,34,12,47,132,34,28,18,035,14,2*74
1780394891.164,$GAGSV,3,3,09,36,23,329,28,2*49
1780394891.165,$GAGSV,3,1,09,04,38,019,33,05,21,245,28,06,56,350,38,09,59,298,30,7*7D
1780394891.165,$GAGSV,3,2,09,10,71,112,40,11,72,356,38,12,47,132,36,28,18,035,22,7*74
1780394891.166,$GAGSV,3,3,09,36,23,329,27,7*43
1780394891.166,$GAGSV,1,1,02,16,07,190,,31,11,139,,0*77
1780394891.167,$GBGSV,2,1,08,06,39,034,38,07,66,119,41,08,24,178,25,09,37,000,37,1*78
1780394891.167,$GBGSV,2,2,08,10,60,143,41,13,27,306,25,14,30,028,36,24,35,157,24,1*73
1780394891.168,$GBGSV,1,1,02,09,37,000,30,10,60,143,34,3*7E
1780394891.168,$GBGSV,3,1,10,01,42,106,,02,63,244,,03,72,138,,04,22,095,,0*75
1780394891.169,$GBGSV,3,2,10,04,22,095,,21,16,049,,25,01,204,,26,37,097,,0*78
1780394891.169,$GBGSV,3,3,10,26,37,097,,28,03,319,,0*7A
1780394891.170,$GNGLL,1339.01478,N,10029.57903,E,100811.00,A,D*7B
1780394892.181,$GNRMC,100812.00,A,1339.01478,N,10029.57904,E,0.010,,020626,0.53,W,R,V*44
1780394892.183,$GNVTG,,T,,M,0.010,N,0.019,K,D*31
1780394892.184,$GNGGA,100812.00,1339.01478,N,10029.57904,E,4,12,0.91,-1.1,M,-27.8,M,1.0,0499*67
1780394892.185,$GNGSA,A,3,10,18,23,24,32,,,,,,,,1.62,0.91,1.34,1*04
1780394892.186,$GNGSA,A,3,66,75,65,88,76,81,,,,,,,1.62,0.91,1.34,2*00
1780394892.187,$GNGSA,A,3,05,12,04,06,09,10,11,28,36,,,,1.62,0.91,1.34,3*0B
1780394892.187,$GNGSA,A,3,06,07,08,09,10,13,14,,,,,,1.62,0.91,1.34,4*09
1780394892.188,$GPGSV,2,1,08,10,20,325,20,18,88,175,43,23,39,001,42,24,43,047,33,1*69
1780394892.188,$GPGSV,2,2,08,32,30,267,37,40,36,258,36,41,64,233,40,42,70,217,42,1*60
1780394892.189,$GPGSV,2,1,05,10,20,325,23,18,88,175,42,23,39,001,38,24,43,047,30,6*6F
1780394892.190,$GPGSV,2,2,05,32,30,267,27,6*52
1780394892.190,$GPGSV,3,1,09,05,06,101,,12,12,124,,13,17,122,,15,13,043,,0*6E
1780394892.191,$GPGSV,3,2,09,15,13,043,,25,16,160,,27,05,296,,28,13,207,,0*6B
1780394892.191,$GPGSV,3,3,09,28,13,207,,0*51
1780394892.192,$GLGSV,2,1,05,65,24,008,36,66,29,312,28,75,21,079,25,81,21,327,18,1*7A
1780394892.192,$GLGSV,2,2,05,88,68,276,37,1*44
1780394892.193,$GLGSV,2,1,05,66,29,312,21,75,21,079,27,76,24,138,20,81,21,327,29,3*76
1780394892.193,$GLGSV,2,2,05,88,68,276,37,3*46
1780394892.194,$GLGSV,1,1,03,67,03,263,,77,04,180,,87,29,169,,0*48
1780394892.195,$GAGSV,3,1,09,04,38,019,34,05,21,245,26,06,56,350,35,09,59,298,28,2*75
1780394892.195,$GAGSV,3,2,09,10,71,112,39,11,72,356,34,12,47,132,34,28,18,035,14,2*74
1780394892.196,$GAGSV,3,3,09,36,23,329,28,2*49
1780394892.196,$GAGSV,3,1,09,04,38,019,34,05,21,245,28,06,56,350,38,09,59,298,31,7*7B
1780394892.197,$GAGSV,3,2,09,10,71,112,40,11,72,356,38,12,47,132,36,28,18,035,22,7*74
1780394892.198,$GAGSV,3,3,09,36,23,329,27,7*43
1780394892.198,$GAGSV,1,1,02,16,07,190,,31,11,139,,0*77
1780394892.199,$GBGSV,2,1,08,06,39,034,38,07,66,119,40,08,24,178,25,09,37,000,37,1*79
1780394892.199,$GBGSV,2,2,08,10,60,143,41,13,27,306,25,14,30,028,35,24,35,157,23,1*77
1780394892.200,$GBGSV,1,1,02,09,37,000,30,10,60,143,36,3*7C
1780394892.201,$GBGSV,3,1,10,01,42,106,,02,63,244,,03,72,138,,04,22,095,,0*75
1780394892.201,$GBGSV,3,2,10,04,22,095,,21,16,049,,25,01,204,,26,37,097,,0*78
1780394892.202,$GBGSV,3,3,10,26,37,097,,28,03,319,,0*7A
1780394892.202,$GNGLL,1339.01478,N,10029.57904,E,100812.00,A,D*7F
1780394893.153,$GNRMC,100813.00,A,1339.01478,N,10029.57904,E,0.018,,020626,0.53,W,R,V*4D
1780394893.154,$GNVTG,,T,,M,0.018,N,0.032,K,D*30
1780394893.156,$GNGGA,100813.00,1339.01478,N,10029.57904,E,4,12,0.93,-1.1,M,-27.8,M,1.0,0499*64
1780394893.156,$GNGSA,A,3,10,18,23,24,32,,,,,,,,1.68,0.93,1.40,1*0F
1780394893.157,$GNGSA,A,3,66,75,65,88,76,81,,,,,,,1.68,0.93,1.40,2*0B
1780394893.157,$GNGSA,A,3,05,12,04,06,09,10,11,28,36,,,,1.68,0.93,1.40,3*00
1780394893.158,$GNGSA,A,3,06,07,08,09,10,13,14,,,,,,1.68,0.93,1.40,4*02
1780394893.158,$GPGSV,2,1,08,10,20,325,19,18,88,175,43,23,39,001,42,24,43,047,34,1*64
1780394893.159,$GPGSV,2,2,08,32,30,267,37,40,36,258,37,41,64,233,40,42,70,217,42,1*61
1780394893.160,$GPGSV,2,1,05,10,20,325,24,18,88,175,42,23,39,001,38,24,43,047,30,6*68
1780394893.160,$GPGSV,2,2,05,32,30,267,28,6*5D
1780394893.161,$GPGSV,3,1,09,05,06,101,,12,12,124,,13,17,122,,15,13,043,,0*6E
1780394893.162,$GPGSV,3,2,09,15,13,043,,25,16,160,,27,05,296,,28,13,207,,0*6B
1780394893.162,$GPGSV,3,3,09,28,13,207,,0*51
1780394893.163,$GLGSV,2,1,05,65,24,008,36,66,29,312,29,75,21,079,25,81,21,327,19,1*7A
1780394893.163,$GLGSV,2,2,05,88,68,276,37,1*44
1780394893.164,$GLGSV,2,1,05,66,29,312,21,75,21,079,27,76,24,138,20,81,21,327,29,3*76
1780394893.164,$GLGSV,2,2,05,88,68,276,38,3*49
1780394893.165,$GLGSV,1,1,03,67,03,263,,77,04,180,,87,29,169,,0*48
1780394893.166,$GAGSV,3,1,09,04,38,019,34,05,21,245,26,06,56,350,36,09,59,298,28,2*76
1780394893.166,$GAGSV,3,2,09,10,71,112,39,11,72,356,34,12,47,132,33,28,18,035,14,2*73
1780394893.167,$GAGSV,3,3,09,36,23,329,28,2*49
1780394893.167,$GAGSV,3,1,09,04,38,019,34,05,21,245,28,06,56,350,38,09,59,298,31,7*7B
1780394893.168,$GAGSV,3,2,09,10,71,112,40,11,72,356,38,12,47,132,36,28,18,035,22,7*74
1780394893.168,$GAGSV,3,3,09,36,23,329,27,7*43
1780394893.169,$GAGSV,1,1,02,16,07,190,,31,11,139,,0*77
1780394893.170,$GBGSV,2,1,08,06,39,034,38,07,66,119,41,08,24,178,26,09,37,000,37,1*7B
1780394893.170,$GBGSV,2,2,08,10,60,143,42,13,27,306,25,14,30,028,36,24,35,157,24,1*70
1780394893.171,$GBGSV,1,1,02,09,37,000,30,10,60,143,36,3*7C
1780394893.171,$GBGSV,3,1,10,01,42,106,,02,63,244,,03,72,138,,04,22,095,,0*75
1780394893.173,$GBGSV,3,2,10,04,22,095,,21,16,049,,25,01,204,,26,37,097,,0*78
1780394893.173,$GBGSV,3,3,10,26,37,097,,28,03,319,,0*7A
1780394893.174,$GNGLL,1339.01478,N,10029.57904,E,100813.00,A,D*7E
1780394894.170,$GNRMC,100814.00,A,1339.01478,N,10029.57903,E,0.014,,020626,0.53,W,R,V*41
1780394894.172,$GNVTG,,T,,M,0.014,N,0.026,K,D*39
1780394894.174,$GNGGA,100814.00,1339.01478,N,10029.57903,E,4,12,0.93,-1.1,M,-27.8,M,1.0,0499*64
1780394894.174,$GNGSA,A,3,10,18,23,24,32,,,,,,,,1.68,0.93,1.40,1*0F
1780394894.175,$GNGSA,A,3,66,75,65,88,76,81,,,,,,,1.68,0.93,1.40,2*0B
1780394894.175,$GNGSA,A,3,05,12,04,06,09,10,11,28,36,,,,1.68,0.93,1.40,3*00
1780394894.176,$GNGSA,A,3,06,07,08,09,10,13,14,,,,,,1.68,0.93,1.40,4*02
1780394894.176,$GPGSV,2,1,08,10,20,325,19,18,88,175,43,23,39,001,42,24,43,047,33,1*63
1780394894.177,$GPGSV,2,2,08,32,30,267,37,40,36,258,37,41,64,233,41,42,70,217,42,1*60
1780394894.178,$GPGSV,2,1,05,10,20,325,24,18,88,175,42,23,39,001,38,24,43,047,30,6*68
1780394894.180,$GPGSV,2,2,05,32,30,267,27,6*52
1780394894.180,$GPGSV,3,1,09,05,06,101,,12,12,124,,13,17,122,,15,13,043,,0*6E
1780394894.181,$GPGSV,3,2,09,15,13,043,,25,16,160,,27,05,296,,28,13,207,,0*6B
1780394894.181,$GPGSV,3,3,09,28,13,207,,0*51
1780394894.182,$GLGSV,2,1,05,65,24,008,36,66,29,312,28,75,21,079,25,81,21,327,18,1*7A
1780394894.183,$GLGSV,2,2,05,88,68,276,37,1*44
1780394894.183,$GLGSV,2,1,05,66,29,312,21,75,21,079,26,76,24,138,20,81,21,327,29,3*77
1780394894.184,$GLGSV,2,2,05,88,68,276,38,3*49
1780394894.184,$GLGSV,1,1,03,67,03,263,,77,04,180,,87,29,169,,0*48
1780394894.185,$GAGSV,3,1,09,04,38,019,34,05,21,245,26,06,56,350,35,09,59,298,27,2*7A
1780394894.186,$GAGSV,3,2,09,10,71,112,39,11,72,356,34,12,47,132,33,28,18,035,13,2*74
1780394894.186,$GAGSV,3,3,09,36,23,329,27,2*46
1780394894.187,$GAGSV,3,1,09,04,38,019,34,05,21,245,28,06,56,350,38,09,59,298,31,7*7B
1780394894.187,$GAGSV,3,2,09,10,71,112,40,11,72,356,38,12,47,132,36,28,18,035,23,7*75
1780394894.188,$GAGSV,3,3,09,36,23,329,27,7*43
1780394894.188,$GAGSV,1,1,02,16,07,190,,31,11,139,,0*77
1780394894.189,$GBGSV,2,1,08,06,39,034,39,07,66,119,42,08,24,178,26,09,37,000,38,1*76
1780394894.190,$GBGSV,2,2,08,10,60,143,42,13,27,306,25,14,30,028,37,24,35,157,24,1*71
1780394894.190,$GBGSV,1,1,03,09,37,000,31,10,60,143,37,14,30,028,18,3*48
1780394894.191,$GBGSV,3,1,10,01,42,106,,02,63,244,,03,72,138,,04,22,095,,0*75
1780394894.192,$GBGSV,3,2,10,04,22,095,,21,16,049,,25,01,204,,26,37,097,,0*78
1780394894.192,$GBGSV,3,3,10,26,37,097,,28,03,319,,0*7A
1780394894.193,$GNGLL,1339.01478,N,10029.57903,E,100814.00,A,D*7E
1780394895.154,$GNRMC,100815.00,A,1339.01478,N,10029.57903,E,0.004,,020626,0.53,W,R,V*41
1780394895.156,$GNVTG,,T,,M,0.004,N,0.008,K,D*34
1780394895.158,$GNGGA,100815.00,1339.01478,N,10029.57903,E,4,12,0.93,-1.1,M,-27.8,M,1.0,0499*65
1780394895.158,$GNGSA,A,3,10,18,23,24,32,,,,,,,,1.68,0.93,1.40,1*0F
1780394895.159,$GNGSA,A,3,66,75,65,88,81,,,,,,,,1.68,0.93,1.40,2*0A
1780394895.160,$GNGSA,A,3,05,12,04,06,09,10,11,28,36,,,,1.68,0.93,1.40,3*00
1780394895.161,$GNGSA,A,3,06,07,08,09,10,13,14,,,,,,1.68,0.93,1.40,4*02
1780394895.162,$GPGSV,2,1,08,10,20,325,18,18,88,175,42,23,39,001,41,24,43,047,32,1*61
1780394895.162,$GPGSV,2,2,08,32,30,267,37,40,36,258,36,41,64,233,40,42,70,217,41,1*63
1780394895.163,$GPGSV,2,1,05,10,20,325,25,18,88,175,43,23,39,001,39,24,43,047,31,6*68
1780394895.164,$GPGSV,2,2,05,32,30,267,27,6*52
1780394895.164,$GPGSV,3,1,09,05,06,101,,12,12,124,,13,17,122,,15,13,043,,0*6E
1780394895.165,$GPGSV,3,2,09,15,13,043,,25,16,160,,27,05,296,,28,13,207,,0*6B
1780394895.165,$GPGSV,3,3,09,28,13,207,,0*51
1780394895.166,$GLGSV,2,1,05,65,24,008,37,66,29,312,28,75,21,079,26,81,21,327,15,1*75
1780394895.166,$GLGSV,2,2,05,88,68,276,37,1*44
1780394895.167,$GLGSV,2,1,05,66,29,312,23,75,21,079,26,76,24,138,19,81,21,327,30,3*77
1780394895.167,$GLGSV,2,2,05,88,68,276,38,3*49
1780394895.168,$GLGSV,1,1,03,67,03,263,,77,04,180,,87,29,169,,0*48
1780394895.169,$GAGSV,3,1,09,04,38,019,34,05,21,245,27,06,56,350,36,09,59,298,28,2*77
1780394895.169,$GAGSV,3,2,09,10,71,112,39,11,72,356,34,12,47,132,33,28,18,035,12,2*75
1780394895.170,$GAGSV,3,3,09,36,23,329,27,2*46
1780394895.170,$GAGSV,3,1,09,04,38,019,34,05,21,245,29,06,56,350,38,09,59,298,30,7*7B
1780394895.171,$GAGSV,3,2,09,10,71,112,40,11,72,356,38,12,47,132,36,28,18,035,23,7*75
1780394895.171,$GAGSV,3,3,09,36,23,329,27,7*43
1780394895.172,$GAGSV,1,1,02,16,07,190,,31,11,139,,0*77
1780394895.173,$GBGSV,2,1,08,06,39,034,39,07,66,119,42,08,24,178,26,09,37,000,38,1*76
1780394895.173,$GBGSV,2,2,08,10,60,143,42,13,27,306,25,14,30,028,37,24,35,157,24,1*71
1780394895.174,$GBGSV,1,1,04,08,24,178,15,09,37,000,31,10,60,143,37,14,30,028,16,3*75
1780394895.175,$GBGSV,3,1,10,01,42,106,,02,63,244,,03,72,138,,04,22,095,,0*75
1780394895.175,$GBGSV,3,2,10,04,22,095,,21,16,049,,25,01,204,,26,37,097,,0*78
1780394895.176,$GBGSV,3,3,10,26,37,097,,28,03,319,,0*7A
1780394895.176,$GNGLL,1339.01478,N,10029.57903,E,100815.00,A,D*7F
1780394896.185,$GNRMC,100816.00,A,1339.01478,N,10029.57903,E,0.009,,020626,0.53,W,R,V*4F
1780394896.187,$GNVTG,,T,,M,0.009,N,0.016,K,D*36
1780394896.188,$GNGGA,100816.00,1339.01478,N,10029.57903,E,4,12,0.93,-1.1,M,-27.8,M,1.0,0499*66
1780394896.189,$GNGSA,A,3,10,18,23,24,32,,,,,,,,1.68,0.93,1.40,1*0F
1780394896.190,$GNGSA,A,3,66,75,65,88,81,,,,,,,,1.68,0.93,1.40,2*0A
1780394896.190,$GNGSA,A,3,05,12,04,06,09,10,11,28,36,,,,1.68,0.93,1.40,3*00
1780394896.191,$GNGSA,A,3,06,07,08,09,10,13,14,,,,,,1.68,0.93,1.40,4*02
1780394896.191,$GPGSV,2,1,08,10,20,325,18,18,88,175,42,23,39,001,41,24,43,047,32,1*61
1780394896.192,$GPGSV,2,2,08,32,30,267,36,40,36,258,36,41,64,233,40,42,70,217,41,1*62
1780394896.193,$GPGSV,2,1,05,10,20,325,24,18,88,175,43,23,39,001,39,24,43,047,31,6*69
1780394896.193,$GPGSV,2,2,05,32,30,267,27,6*52
1780394896.194,$GPGSV,3,1,09,05,06,101,,12,12,124,,13,17,122,,15,13,043,,0*6E
1780394896.195,$GPGSV,3,2,09,15,13,043,,25,16,160,,27,05,296,,28,13,207,,0*6B
1780394896.195,$GPGSV,3,3,09,28,13,207,,0*51
1780394896.196,$GLGSV,2,1,06,65,24,008,37,66,29,312,28,75,21,079,26,76,24,138,16,1*74
1780394896.196,$GLGSV,2,2,06,81,21,327,12,88,68,276,37,1*78
1780394896.197,$GLGSV,2,1,05,66,29,312,26,75,21,079,26,76,24,138,18,81,21,327,30,3*73
1780394896.197,$GLGSV,2,2,05,88,68,276,38,3*49
1780394896.198,$GLGSV,1,1,03,67,03,263,,77,04,180,,87,29,169,,0*48
1780394896.198,$GAGSV,3,1,09,04,38,019,34,05,21,245,26,06,56,350,36,09,59,298,28,2*76
1780394896.199,$GAGSV,3,2,09,10,71,112,39,11,72,356,34,12,47,132,33,28,18,035,11,2*76
1780394896.200,$GAGSV,3,3,09,36,23,329,27,2*46
1780394896.200,$GAGSV,3,1,09,04,38,019,34,05,21,245,29,06,56,350,38,09,59,298,31,7*7A
1780394896.201,$GAGSV,3,2,09,10,71,112,40,11,72,356,38,12,47,132,36,28,18,035,23,7*75
1780394896.201,$GAGSV,3,3,09,36,23,329,27,7*43
1780394896.202,$GAGSV,1,1,02,16,07,190,,31,11,139,,0*77
1780394896.202,$GBGSV,2,1,08,06,40,034,39,07,66,119,42,08,24,178,26,09,37,000,38,1*78
1780394896.203,$GBGSV,2,2,08,10,60,143,42,13,27,306,25,14,30,028,36,24,35,157,25,1*71
1780394896.204,$GBGSV,2,1,05,08,24,178,11,09,37,000,30,10,60,143,37,13,27,306,04,3*7F
1780394896.204,$GBGSV,2,2,05,14,30,028,13,3*4F
1780394896.205,$GBGSV,3,1,10,01,42,106,,02,63,244,,03,72,138,,04,22,095,,0*75
1780394896.205,$GBGSV,3,2,10,04,22,095,,21,16,049,,25,01,204,,26,37,097,,0*78
1780394896.206,$GBGSV,3,3,10,26,37,097,,28,03,319,,0*7A
1780394896.206,$GNGLL,1339.01478,N,10029.57903,E,100816.00,A,D*7C
1780394897.156,$GNRMC,100817.00,A,1339.01478,N,10029.57903,E,0.012,,020626,0.53,W,R,V*44
1780394897.158,$GNVTG,,T,,M,0.012,N,0.023,K,D*3A
1780394897.159,$GNGGA,100817.00,1339.01478,N,10029.57903,E,4,12,0.93,-1.0,M,-27.8,M,1.0,0499*66
1780394897.160,$GNGSA,A,3,10,18,23,24,32,,,,,,,,1.68,0.93,1.40,1*0F
1780394897.160,$GNGSA,A,3,66,75,65,88,81,,,,,,,,1.68,0.93,1.40,2*0A
1780394897.161,$GNGSA,A,3,05,12,04,06,09,10,11,28,36,,,,1.68,0.93,1.40,3*00
1780394897.161,$GNGSA,A,3,06,07,08,09,10,13,14,,,,,,1.68,0.93,1.40,4*02
1780394897.162,$GPGSV,2,1,08,10,20,325,19,18,88,175,42,23,39,001,41,24,43,047,32,1*60
1780394897.163,$GPGSV,2,2,08,32,30,267,36,40,36,258,36,41,64,233,40,42,70,217,41,1*62
1780394897.163,$GPGSV,2,1,05,10,20,325,24,18,88,175,43,23,39,001,39,24,43,047,32,6*6A
1780394897.164,$GPGSV,2,2,05,32,30,267,27,6*52
1780394897.164,$GPGSV,3,1,09,05,06,101,,12,12,124,,13,17,122,,15,13,043,,0*6E
1780394897.165,$GPGSV,3,2,09,15,13,043,,25,16,160,,27,05,296,,28,13,207,,0*6B
1780394897.165,$GPGSV,3,3,09,28,13,207,,0*51
1780394897.166,$GLGSV,2,1,06,65,24,008,37,66,29,312,28,75,21,079,26,76,24,138,15,1*77
1780394897.166,$GLGSV,2,2,06,81,21,327,10,88,68,276,37,1*7A
1780394897.167,$GLGSV,2,1,05,66,29,312,28,75,21,079,27,76,24,138,19,81,21,327,30,3*7D
1780394897.168,$GLGSV,2,2,05,88,68,276,39,3*48
1780394897.168,$GLGSV,1,1,03,67,03,263,,77,04,180,,87,29,169,,0*48
1780394897.169,$GAGSV,3,1,09,04,38,019,34,05,21,245,26,06,56,350,36,09,59,298,28,2*76
1780394897.169,$GAGSV,3,2,09,10,71,112,39,11,72,356,34,12,47,132,33,28,18,035,09,2*7F
1780394897.170,$GAGSV,3,3,09,36,23,329,27,2*46
1780394897.171,$GAGSV,3,1,09,04,38,019,33,05,21,245,29,06,56,350,38,09,59,298,30,7*7C
1780394897.171,$GAGSV,3,2,09,10,71,112,40,11,72,356,38,12,47,132,36,28,18,035,22,7*74
1780394897.172,$GAGSV,3,3,09,36,23,329,27,7*43
1780394897.172,$GAGSV,1,1,02,16,07,190,,31,11,139,,0*77
1780394897.173,$GBGSV,2,1,08,06,40,034,38,07,66,118,41,08,24,178,26,09,37,000,37,1*74
1780394897.173,$GBGSV,2,2,08,10,60,143,42,13,27,306,25,14,30,028,36,24,35,157,25,1*71
1780394897.174,$GBGSV,2,1,05,08,24,178,08,09,37,000,31,10,60,143,36,13,27,306,06,3*75
1780394897.174,$GBGSV,2,2,05,14,30,028,09,3*44
1780394897.175,$GBGSV,3,1,10,01,42,106,,02,63,244,,03,72,138,,04,22,095,,0*75
1780394897.176,$GBGSV,3,2,10,04,22,095,,21,16,049,,25,01,204,,26,37,097,,0*78
1780394897.176,$GBGSV,3,3,10,26,37,097,,28,03,319,,0*7A
1780394897.177,$GNGLL,1339.01478,N,10029.57903,E,100817.00,A,D*7D
1780394898.184,$GNRMC,100818.00,A,1339.01478,N,10029.57903,E,0.029,,020626,0.53,W,R,V*43
1780394898.187,$GNVTG,,T,,M,0.029,N,0.054,K,D*32
1780394898.190,$GNGGA,100818.00,1339.01478,N,10029.57903,E,4,12,0.93,-1.0,M,-27.8,M,1.0,0499*69
1780394898.192,$GNGSA,A,3,10,18,23,24,32,,,,,,,,1.68,0.93,1.40,1*0F
1780394898.193,$GNGSA,A,3,66,75,65,88,76,81,,,,,,,1.68,0.93,1.40,2*0B
1780394898.195,$GNGSA,A,3,05,12,04,06,09,10,11,28,36,,,,1.68,0.93,1.40,3*00
1780394898.196,$GNGSA,A,3,06,07,08,09,10,13,14,,,,,,1.68,0.93,1.40,4*02
1780394898.198,$GPGSV,2,1,08,10,20,325,20,18,88,175,42,23,39,001,41,24,43,047,33,1*6B
1780394898.200,$GPGSV,2,2,08,32,30,267,36,40,36,258,36,41,64,233,40,42,70,217,41,1*62
1780394898.203,$GPGSV,2,1,05,10,20,325,24,18,88,175,44,23,39,001,40,24,43,047,32,6*63
1780394898.204,$GPGSV,2,2,05,32,30,267,28,6*5D
1780394898.206,$GPGSV,3,1,09,05,06,101,,12,12,124,,13,17,122,,15,13,043,,0*6E
1780394898.208,$GPGSV,3,2,09,15,13,043,,25,16,160,,27,05,296,,28,13,207,,0*6B
1780394898.209,$GPGSV,3,3,09,28,13,207,,0*51
1780394898.212,$GLGSV,2,1,06,65,24,008,37,66,29,312,28,75,21,079,26,76,24,138,15,1*77
1780394898.213,$GLGSV,2,2,06,81,21,327,09,88,68,276,37,1*72
1780394898.215,$GLGSV,2,1,05,66,29,312,33,75,21,079,32,76,24,138,20,81,21,327,31,3*78
1780394898.216,$GLGSV,2,2,05,88,68,276,40,3*46
1780394898.217,$GLGSV,1,1,03,67,03,263,,77,04,180,,87,29,169,,0*48
1780394898.218,$GAGSV,3,1,09,04,38,019,34,05,21,245,26,06,56,350,36,09,59,298,27,2*79
1780394898.219,$GAGSV,3,2,09,10,71,112,40,11,72,356,34,12,47,132,34,28,18,035,08,2*77
1780394898.220,$GAGSV,3,3,09,36,23,329,27,2*46
1780394898.221,$GAGSV,3,1,09,04,38,019,33,05,21,245,29,06,56,350,38,09,59,298,31,7*7D
1780394898.222,$GAGSV,3,2,09,10,71,112,40,11,72,356,38,12,47,132,36,28,18,035,22,7*74
1780394898.222,$GAGSV,3,3,09,36,23,329,27,7*43
1780394898.223,$GAGSV,1,1,02,16,07,190,,31,11,139,,0*77
1780394898.224,$GBGSV,2,1,08,06,40,034,38,07,66,118,42,08,23,178,26,09,37,000,37,1*70
1780394898.224,$GBGSV,2,2,08,10,60,143,42,13,27,306,26,14,30,028,36,24,35,157,25,1*72
1780394898.225,$GBGSV,2,1,05,08,23,178,07,09,37,000,31,10,60,143,39,13,27,306,08,3*7C
1780394898.226,$GBGSV,2,2,05,14,30,028,08,3*45
1780394898.227,$GBGSV,3,1,10,01,42,106,,02,63,244,,03,72,138,,04,22,095,,0*75
1780394898.227,$GBGSV,3,2,10,04,22,095,,21,16,049,,25,01,204,,26,37,097,,0*78
1780394898.228,$GBGSV,3,3,10,26,37,097,,28,03,319,,0*7A
1780394898.228,$GNGLL,1339.01478,N,10029.57903,E,100818.00,A,D*72
1780394899.165,$GNRMC,100819.00,A,1339.01478,N,10029.57903,E,0.027,,020626,0.53,W,R,V*4C
1780394899.168,$GNVTG,,T,,M,0.027,N,0.051,K,D*39
1780394899.170,$GNGGA,100819.00,1339.01478,N,10029.57903,E,4,12,0.93,-1.0,M,-27.8,M,1.0,0499*68
1780394899.172,$GNGSA,A,3,10,18,23,24,32,,,,,,,,1.68,0.93,1.40,1*0F
1780394899.173,$GNGSA,A,3,66,75,65,88,81,,,,,,,,1.68,0.93,1.40,2*0A
1780394899.175,$GNGSA,A,3,05,12,04,06,09,10,11,28,36,,,,1.68,0.93,1.40,3*00
1780394899.176,$GNGSA,A,3,06,07,08,09,10,13,14,,,,,,1.68,0.93,1.40,4*02
1780394899.178,$GPGSV,2,1,08,10,20,325,22,18,88,175,42,23,39,001,41,24,43,047,33,1*69
1780394899.181,$GPGSV,2,2,08,32,30,267,36,40,36,258,37,41,64,233,40,42,70,217,41,1*63
1780394899.184,$GPGSV,2,1,05,10,20,325,25,18,88,175,44,23,39,001,40,24,43,047,32,6*62
1780394899.185,$GPGSV,2,2,05,32,30,267,28,6*5D
1780394899.188,$GPGSV,3,1,09,05,06,101,,12,12,124,,13,17,122,,15,13,043,,0*6E
1780394899.190,$GPGSV,3,2,09,15,13,043,,25,16,160,,27,05,296,,28,13,207,,0*6B
1780394899.191,$GPGSV,3,3,09,28,13,207,,0*51
1780394899.193,$GLGSV,2,1,05,65,24,008,37,66,29,312,29,75,21,079,26,76,24,138,14,1*74
1780394899.194,$GLGSV,2,2,05,88,68,276,36,1*45
1780394899.195,$GLGSV,2,1,05,66,29,312,33,75,21,079,30,76,24,138,19,81,21,327,32,3*73
1780394899.196,$GLGSV,2,2,05,88,68,276,40,3*46
1780394899.197,$GLGSV,1,1,03,67,03,263,,77,04,180,,87,29,169,,0*48
1780394899.198,$GAGSV,3,1,09,04,38,019,34,05,21,245,26,06,56,350,36,09,59,298,28,2*76
1780394899.199,$GAGSV,3,2,09,10,71,112,40,11,72,356,34,12,47,132,34,28,18,035,09,2*76
1780394899.200,$GAGSV,3,3,09,36,23,329,28,2*49
1780394899.201,$GAGSV,3,1,09,04,38,019,34,05,21,245,29,06,56,350,37,09,59,298,30,7*74
1780394899.202,$GAGSV,3,2,09,10,71,112,40,11,72,356,38,12,47,132,36,28,18,035,23,7*75
1780394899.202,$GAGSV,3,3,09,36,23,329,27,7*43
1780394899.203,$GAGSV,1,1,02,16,07,190,,31,11,139,,0*77
1780394899.204,$GBGSV,2,1,08,06,40,034,38,07,66,118,41,08,23,178,26,09,37,000,37,1*73
1780394899.205,$GBGSV,2,2,08,10,60,143,42,13,27,306,26,14,30,028,36,24,35,157,25,1*72
1780394899.206,$GBGSV,2,1,05,08,23,178,08,09,37,000,31,10,60,143,38,13,27,306,08,3*72
1780394899.206,$GBGSV,2,2,05,14,30,028,08,3*45
1780394899.207,$GBGSV,3,1,10,01,42,106,,02,63,244,,03,72,138,,04,22,095,,0*75
1780394899.208,$GBGSV,3,2,10,04,22,095,,21,16,049,,25,01,204,,26,37,097,,0*78
1780394899.208,$GBGSV,3,3,10,26,37,097,,28,03,319,,0*7A
1780394899.208,$GNGLL,1339.01478,N,10029.57903,E,100819.00,A,D*73
1780394900.183,$GNRMC,100820.00,A,1339.01478,N,10029.57904,E,0.019,,020626,0.53,W,R,V*4C
1780394900.185,$GNVTG,,T,,M,0.019,N,0.035,K,D*36
1780394900.187,$GNGGA,100820.00,1339.01478,N,10029.57904,E,4,12,0.93,-1.0,M,-27.8,M,1.0,0499*65
1780394900.189,$GNGSA,A,3,10,18,23,24,32,,,,,,,,1.68,0.93,1.40,1*0F
1780394900.191,$GNGSA,A,3,66,75,65,88,81,,,,,,,,1.68,0.93,1.40,2*0A
1780394900.192,$GNGSA,A,3,05,12,04,06,09,10,11,28,36,,,,1.68,0.93,1.40,3*00
1780394900.194,$GNGSA,A,3,06,07,08,09,10,13,14,,,,,,1.68,0.93,1.40,4*02
1780394900.196,$GPGSV,2,1,08,10,20,325,22,18,88,175,42,23,39,001,41,24,43,047,33,1*69
1780394900.198,$GPGSV,2,2,08,32,30,267,36,40,36,258,36,41,64,233,40,42,70,217,41,1*62
1780394900.200,$GPGSV,2,1,05,10,20,325,24,18,88,175,43,23,39,001,39,24,43,047,32,6*6A
1780394900.201,$GPGSV,2,2,05,32,30,267,27,6*52
1780394900.204,$GPGSV,3,1,09,05,06,101,,12,12,124,,13,17,122,,15,13,043,,0*6E
1780394900.205,$GPGSV,3,2,09,15,13,043,,25,16,160,,27,05,296,,28,13,207,,0*6B
1780394900.207,$GPGSV,3,3,09,28,13,207,,0*51
1780394900.209,$GLGSV,2,1,05,65,24,008,37,66,29,312,29,75,21,079,25,76,24,138,14,1*77
1780394900.210,$GLGSV,2,2,05,88,68,276,36,1*45
1780394900.212,$GLGSV,2,1,05,66,29,312,32,75,21,079,30,76,24,138,18,81,21,327,32,3*73
1780394900.213,$GLGSV,2,2,05,88,68,276,40,3*46
1780394900.214,$GLGSV,1,1,03,67,03,263,,77,04,180,,87,29,169,,0*48
1780394900.215,$GAGSV,3,1,09,04,38,019,34,05,21,245,26,06,56,350,36,09,59,298,28,2*76
1780394900.217,$GAGSV,3,2,09,10,71,112,40,11,72,356,34,12,47,132,34,28,18,035,11,2*7F
1780394900.217,$GAGSV,3,3,09,36,23,329,27,2*46
1780394900.218,$GAGSV,3,1,09,04,38,019,34,05,21,245,29,06,56,350,37,09,59,298,30,7*74
1780394900.220,$GAGSV,3,2,09,10,71,112,40,11,72,356,38,12,47,132,35,28,18,035,22,7*77
1780394900.220,$GAGSV,3,3,09,36,23,329,27,7*43
1780394900.221,$GAGSV,1,1,02,16,07,190,,31,11,139,,0*77
1780394900.222,$GBGSV,2,1,08,06,40,034,39,07,66,118,42,08,23,178,26,09,37,000,37,1*71
1780394900.223,$GBGSV,2,2,08,10,61,143,42,13,27,306,26,14,30,028,36,24,35,157,25,1*73
1780394900.224,$GBGSV,2,1,05,08,23,178,09,09,37,000,31,10,61,143,37,13,27,306,08,3*7D
1780394900.224,$GBGSV,2,2,05,14,30,028,08,3*45
1780394900.225,$GBGSV,3,1,10,01,42,106,,02,63,244,,03,72,138,,04,22,095,,0*75
1780394900.226,$GBGSV,3,2,10,04,22,095,,21,16,049,,25,01,204,,26,37,097,,0*78
1780394900.226,$GBGSV,3,3,10,26,37,097,,28,03,319,,0*7A
1780394900.227,$GNGLL,1339.01478,N,10029.57904,E,100820.00,A,D*7E
1780394901.156,$GNRMC,100821.00,A,1339.01478,N,10029.57904,E,0.021,,020626,0.53,W,R,V*46
1780394901.159,$GNVTG,,T,,M,0.021,N,0.039,K,D*31
1780394901.160,$GNGGA,100821.00,1339.01478,N,10029.57904,E,4,12,0.93,-1.0,M,-27.8,M,1.0,0499*64
1780394901.161,$GNGSA,A,3,10,18,23,24,32,,,,,,,,1.68,0.93,1.40,1*0F
1780394901.162,$GNGSA,A,3,66,75,65,88,81,,,,,,,,1.68,0.93,1.40,2*0A
1780394901.162,$GNGSA,A,3,05,12,04,06,09,10,11,28,36,,,,1.68,0.93,1.40,3*00
1780394901.163,$GNGSA,A,3,06,07,08,09,10,13,14,,,,,,1.68,0.93,1.40,4*02
1780394901.163,$GPGSV,2,1,08,10,20,325,23,18,88,175,42,23,39,001,41,24,43,047,32,1*69
1780394901.164,$GPGSV,2,2,08,32,30,267,36,40,36,258,36,41,64,233,40,42,70,217,41,1*62
1780394901.165,$GPGSV,2,1,05,10,20,325,24,18,88,175,43,23,39,001,39,24,43,047,32,6*6A
1780394901.165,$GPGSV,2,2,05,32,30,267,27,6*52
1780394901.166,$GPGSV,3,1,09,05,06,101,,12,12,124,,13,17,122,,15,13,043,,0*6E
1780394901.166,$GPGSV,3,2,09,15,13,043,,25,16,160,,27,05,296,,28,13,207,,0*6B
1780394901.167,$GPGSV,3,3,09,28,13,207,,0*51
1780394901.167,$GLGSV,2,1,05,65,24,008,37,66,29,312,30,75,21,079,25,76,24,138,15,1*7E
1780394901.168,$GLGSV,2,2,05,88,68,276,36,1*45
1780394901.168,$GLGSV,2,1,05,66,29,312,33,75,21,079,31,76,24,138,15,81,21,327,32,3*7E
1780394901.169,$GLGSV,2,2,05,88,68,276,39,3*48
1780394901.169,$GLGSV,1,1,03,67,03,263,,77,04,180,,87,29,169,,0*48
1780394901.170,$GAGSV,3,1,09,04,38,019,34,05,21,245,26,06,56,350,36,09,59,298,28,2*76
1780394901.171,$GAGSV,3,2,09,10,71,112,40,11,72,356,34,12,47,132,34,28,18,035,11,2*7F
1780394901.171,$GAGSV,3,3,09,36,23,329,27,2*46
1780394901.171,$GAGSV,3,1,09,04,38,019,34,05,21,245,29,06,56,350,37,09,59,298,30,7*74
1780394901.172,$GAGSV,3,2,09,10,71,112,40,11,72,356,38,12,47,132,35,28,18,035,22,7*77
1780394901.172,$GAGSV,3,3,09,36,23,329,26,7*42
1780394901.173,$GAGSV,1,1,02,16,07,190,,31,11,139,,0*77
1780394901.173,$GBGSV,2,1,08,06,40,034,38,07,66,118,42,08,23,178,26,09,37,000,37,1*70
1780394901.174,$GBGSV,2,2,08,10,61,143,42,13,27,306,27,14,30,028,36,24,35,157,25,1*72
1780394901.175,$GBGSV,2,1,05,08,23,178,09,09,37,000,31,10,61,143,37,13,27,306,09,3*7C
1780394901.175,$GBGSV,2,2,05,14,30,028,08,3*45
1780394901.176,$GBGSV,3,1,10,01,42,106,,02,63,244,,03,72,138,,04,22,095,,0*75
1780394901.177,$GBGSV,3,2,10,04,22,095,,21,16,049,,25,01,204,,26,37,097,,0*78
1780394901.177,$GBGSV,3,3,10,26,37,097,,28,03,319,,0*7A
1780394901.177,$GNGLL,1339.01478,N,10029.57904,E,100821.00,A,D*7F
1780394902.185,$GNRMC,100822.00,A,1339.01479,N,10029.57904,E,0.017,,020626,0.53,W,R,V*41
1780394902.187,$GNVTG,,T,,M,0.017,N,0.032,K,D*3F
1780394902.190,$GNGGA,100822.00,1339.01479,N,10029.57904,E,4,12,0.93,-1.0,M,-27.8,M,1.0,0499*66
1780394902.192,$GNGSA,A,3,10,18,23,24,32,,,,,,,,1.68,0.93,1.40,1*0F
1780394902.193,$GNGSA,A,3,66,75,65,88,81,,,,,,,,1.68,0.93,1.40,2*0A
1780394902.195,$GNGSA,A,3,05,12,04,06,09,10,11,28,36,,,,1.68,0.93,1.40,3*00
1780394902.197,$GNGSA,A,3,06,07,08,09,10,13,14,,,,,,1.68,0.93,1.40,4*02
1780394902.200,$GPGSV,2,1,08,10,20,325,24,18,88,175,42,23,39,001,40,24,43,047,32,1*6F
1780394902.202,$GPGSV,2,2,08,32,30,267,36,40,36,258,37,41,64,233,40,42,70,217,41,1*63
1780394902.204,$GPGSV,2,1,05,10,20,325,25,18,88,175,43,23,39,001,40,24,43,047,32,6*65
1780394902.205,$GPGSV,2,2,05,32,30,267,27,6*52
1780394902.206,$GPGSV,3,1,09,05,06,101,,12,12,124,,13,17,122,,15,13,043,,0*6E
1780394902.207,$GPGSV,3,2,09,15,13,043,,25,16,160,,27,05,296,,28,13,207,,0*6B
1780394902.208,$GPGSV,3,3,09,28,13,207,,0*51
1780394902.209,$GLGSV,2,1,05,65,24,008,37,66,29,312,31,75,21,079,25,76,24,138,14,1*7E
1780394902.210,$GLGSV,2,2,05,88,68,276,36,1*45
1780394902.211,$GLGSV,2,1,05,66,29,312,32,75,21,079,31,76,24,138,16,81,21,327,32,3*7C
1780394902.212,$GLGSV,2,2,05,88,68,276,40,3*46
1780394902.212,$GLGSV,1,1,03,67,03,263,,77,04,180,,87,29,169,,0*48
1780394902.213,$GAGSV,3,1,09,04,38,019,35,05,21,245,26,06,56,350,35,09,59,298,28,2*74
1780394902.214,$GAGSV,3,2,09,10,71,112,40,11,72,356,34,12,47,132,33,28,18,035,12,2*7B
1780394902.215,$GAGSV,3,3,09,36,23,329,28,2*49
1780394902.216,$GAGSV,3,1,09,04,38,019,34,05,21,245,29,06,56,350,37,09,59,298,30,7*74
1780394902.217,$GAGSV,3,2,09,10,71,112,40,11,72,356,38,12,47,132,35,28,18,035,22,7*77
1780394902.217,$GAGSV,3,3,09,36,23,329,27,7*43
1780394902.218,$GAGSV,1,1,02,16,07,190,,31,11,139,,0*77
1780394902.219,$GBGSV,2,1,08,06,40,034,38,07,66,118,42,08,23,178,26,09,37,000,37,1*70
1780394902.220,$GBGSV,2,2,08,10,61,143,42,13,27,306,29,14,30,028,36,24,35,157,25,1*7C
1780394902.221,$GBGSV,2,1,05,08,23,178,09,09,37,000,31,10,61,143,37,13,27,306,07,3*72
1780394902.222,$GBGSV,2,2,05,14,30,028,08,3*45
1780394902.223,$GBGSV,3,1,10,01,42,106,,02,63,244,,03,72,138,,04,22,095,,0*75
1780394902.224,$GBGSV,3,2,10,04,22,095,,21,16,049,,25,01,204,,26,37,097,,0*78
1780394902.224,$GBGSV,3,3,10,26,37,097,,28,03,319,,0*7A
1780394902.225,$GNGLL,1339.01479,N,10029.57904,E,100822.00,A,D*7D
1780394903.155,$GNRMC,100823.00,A,1339.01478,N,10029.57904,E,0.006,,020626,0.53,W,R,V*41
1780394903.157,$GNVTG,,T,,M,0.006,N,0.011,K,D*3E
1780394903.159,$GNGGA,100823.00,1339.01478,N,10029.57904,E,4,12,0.93,-1.0,M,-27.8,M,0.0,0499*67
1780394903.161,$GNGSA,A,3,10,18,23,24,32,,,,,,,,1.68,0.93,1.40,1*0F
1780394903.163,$GNGSA,A,3,66,75,65,88,81,,,,,,,,1.68,0.93,1.40,2*0A
1780394903.165,$GNGSA,A,3,05,12,04,06,09,10,11,28,36,,,,1.68,0.93,1.40,3*00
1780394903.167,$GNGSA,A,3,06,07,08,09,10,13,14,,,,,,1.68,0.93,1.40,4*02
1780394903.169,$GPGSV,2,1,08,10,20,325,25,18,88,175,42,23,39,001,40,24,43,047,32,1*6E
1780394903.172,$GPGSV,2,2,08,32,30,267,36,40,36,258,37,41,64,233,40,42,70,217,41,1*63
1780394903.175,$GPGSV,2,1,05,10,20,325,24,18,88,175,43,23,39,001,39,24,43,047,32,6*6A
1780394903.177,$GPGSV,2,2,05,32,30,267,27,6*52
1780394903.180,$GPGSV,3,1,09,05,06,101,,12,12,124,,13,17,122,,15,13,043,,0*6E
1780394903.182,$GPGSV,3,2,09,15,13,043,,25,16,160,,27,05,296,,28,13,207,,0*6B
1780394903.183,$GPGSV,3,3,09,28,13,207,,0*51
1780394903.184,$GLGSV,2,1,05,65,24,008,37,66,29,312,30,75,21,079,24,76,24,138,13,1*79
1780394903.186,$GLGSV,2,2,05,88,68,276,36,1*45
1780394903.187,$GLGSV,2,1,05,66,29,312,30,75,21,079,31,76,24,138,16,81,21,327,33,3*7F
1780394903.188,$GLGSV,2,2,05,88,68,276,40,3*46
1780394903.189,$GLGSV,1,1,03,67,03,263,,77,04,180,,87,29,169,,0*48
1780394903.190,$GAGSV,3,1,09,04,38,019,34,05,21,245,26,06,56,350,35,09,59,298,27,2*7A
1780394903.192,$GAGSV,3,2,09,10,71,112,39,11,72,356,34,12,47,132,33,28,18,035,11,2*76
1780394903.192,$GAGSV,3,3,09,36,23,329,27,2*46
1780394903.193,$GAGSV,3,1,09,04,38,019,34,05,21,245,29,06,56,350,37,09,59,298,30,7*74
1780394903.194,$GAGSV,3,2,09,10,71,112,40,11,72,356,38,12,47,132,35,28,18,035,22,7*77
1780394903.195,$GAGSV,3,3,09,36,23,329,27,7*43
1780394903.196,$GAGSV,1,1,02,16,07,190,,31,11,139,,0*77
1780394903.197,$GBGSV,2,1,08,06,40,034,38,07,66,118,41,08,23,178,26,09,37,000,37,1*73
1780394903.198,$GBGSV,2,2,08,10,61,143,41,13,27,305,29,14,30,028,35,24,35,157,25,1*7F
1780394903.199,$GBGSV,2,1,05,08,23,178,08,09,37,000,31,10,61,143,37,13,27,305,08,3*7F
1780394903.199,$GBGSV,2,2,05,14,30,028,08,3*45
1780394903.200,$GBGSV,3,1,10,01,42,106,,02,63,244,,03,72,138,,04,22,095,,0*75
1780394903.201,$GBGSV,3,2,10,04,22,095,,21,16,049,,25,01,204,,26,37,097,,0*78
1780394903.201,$GBGSV,3,3,10,26,37,097,,28,03,319,,0*7A
1780394903.202,$GNGLL,1339.01478,N,10029.57904,E,100823.00,A,D*7D
1780394904.179,$GNRMC,100824.00,A,1339.01478,N,10029.57903,E,0.015,,020626,0.53,W,R,V*43
1780394904.181,$GNVTG,,T,,M,0.015,N,0.029,K,D*37
1780394904.183,$GNGGA,100824.00,1339.01478,N,10029.57903,E,4,12,0.99,-1.0,M,-27.8,M,1.0,0499*6C
1780394904.183,$GNGSA,A,3,10,18,23,24,32,,,,,,,,1.74,0.99,1.43,1*0B
1780394904.183,$GNGSA,A,3,66,75,65,88,81,,,,,,,,1.74,0.99,1.43,2*0E
1780394904.184,$GNGSA,A,3,05,12,04,06,09,10,11,28,36,,,,1.74,0.99,1.43,3*04
1780394904.184,$GNGSA,A,3,06,07,08,09,10,13,14,,,,,,1.74,0.99,1.43,4*06
1780394904.185,$GPGSV,2,1,08,10,20,325,26,18,88,175,42,23,39,001,40,24,43,047,32,1*6D
1780394904.185,$GPGSV,2,2,08,32,30,267,36,40,36,258,37,41,64,233,40,42,70,217,41,1*63
1780394904.186,$GPGSV,2,1,05,10,20,325,24,18,88,175,43,23,39,001,39,24,43,047,32,6*6A
1780394904.186,$GPGSV,2,2,05,32,30,267,27,6*52
1780394904.187,$GPGSV,3,1,09,05,06,101,,12,12,124,,13,17,122,,15,13,043,,0*6E
1780394904.188,$GPGSV,3,2,09,15,13,043,,25,16,160,,27,05,296,,28,13,207,,0*6B
1780394904.188,$GPGSV,3,3,09,28,13,207,,0*51
1780394904.189,$GLGSV,2,1,05,65,24,008,37,66,29,312,30,75,21,079,23,76,24,138,10,1*7D
1780394904.189,$GLGSV,2,2,05,88,68,276,36,1*45
1780394904.190,$GLGSV,2,1,05,66,29,312,30,75,21,079,31,76,24,138,18,81,21,327,32,3*70
1780394904.191,$GLGSV,2,2,05,88,68,276,40,3*46
1780394904.191,$GLGSV,1,1,03,67,03,263,,77,04,180,,87,29,169,,0*48
1780394904.192,$GAGSV,3,1,09,04,38,019,34,05,21,245,26,06,56,350,35,09,59,299,28,2*74
1780394904.192,$GAGSV,3,2,09,10,71,112,39,11,72,356,34,12,47,132,33,28,18,035,09,2*7F
1780394904.193,$GAGSV,3,3,09,36,23,329,27,2*46
1780394904.193,$GAGSV,3,1,09,04,38,019,34,05,21,245,30,06,56,350,37,09,59,299,30,7*7D
1780394904.194,$GAGSV,3,2,09,10,71,112,40,11,72,356,38,12,47,132,35,28,18,035,22,7*77
1780394904.194,$GAGSV,3,3,09,36,23,329,27,7*43
1780394904.195,$GAGSV,1,1,02,16,07,190,,31,11,139,,0*77
1780394904.195,$GBGSV,2,1,08,06,40,034,38,07,66,118,41,08,23,178,26,09,37,000,37,1*73
1780394904.196,$GBGSV,2,2,08,10,61,143,41,13,27,305,28,14,30,029,36,24,35,157,25,1*7C
1780394904.196,$GBGSV,2,1,05,08,23,178,08,09,37,000,31,10,61,143,37,13,27,305,07,3*70
1780394904.197,$GBGSV,2,2,05,14,30,029,08,3*44
1780394904.197,$GBGSV,3,1,10,01,42,106,,02,63,244,,03,72,138,,04,22,095,,0*75
1780394904.198,$GBGSV,3,2,10,04,22,095,,21,16,049,,25,01,204,,26,37,097,,0*78
1780394904.198,$GBGSV,3,3,10,26,37,097,,28,03,319,,0*7A
1780394904.199,$GNGLL,1339.01478,N,10029.57903,E,100824.00,A,D*7D
1780394905.150,$GNRMC,100825.00,A,1339.01478,N,10029.57903,E,0.008,,020626,0.53,W,R,V*4E
1780394905.151,$GNVTG,,T,,M,0.008,N,0.014,K,D*35
1780394905.153,$GNGGA,100825.00,1339.01478,N,10029.57903,E,4,12,0.99,-1.0,M,-27.8,M,1.0,0499*6D
1780394905.154,$GNGSA,A,3,10,18,23,24,32,,,,,,,,1.74,0.99,1.43,1*0B
1780394905.154,$GNGSA,A,3,66,75,65,88,81,,,,,,,,1.74,0.99,1.43,2*0E
1780394905.155,$GNGSA,A,3,05,12,04,06,09,10,11,28,36,,,,1.74,0.99,1.43,3*04
1780394905.155,$GNGSA,A,3,06,07,08,09,10,13,14,,,,,,1.74,0.99,1.43,4*06
1780394905.156,$GPGSV,2,1,08,10,20,325,26,18,88,175,43,23,39,001,40,24,43,047,32,1*6C
1780394905.156,$GPGSV,2,2,08,32,30,267,36,40,36,258,37,41,64,233,40,42,70,217,41,1*63
1780394905.157,$GPGSV,2,1,05,10,20,325,23,18,88,175,43,23,39,001,39,24,43,047,32,6*6D
1780394905.157,$GPGSV,2,2,05,32,30,267,27,6*52
1780394905.158,$GPGSV,3,1,09,05,06,101,,12,12,124,,13,17,122,,15,13,043,,0*6E
1780394905.158,$GPGSV,3,2,09,15,13,043,,25,16,160,,27,05,296,,28,13,207,,0*6B
1780394905.159,$GPGSV,3,3,09,28,13,207,,0*51
1780394905.159,$GLGSV,2,1,05,65,24,008,37,66,29,312,31,75,21,079,21,76,24,138,08,1*77
1780394905.160,$GLGSV,2,2,05,88,68,276,36,1*45
1780394905.160,$GLGSV,2,1,05,66,29,312,29,75,21,079,31,76,24,138,19,81,21,327,31,3*7A
1780394905.161,$GLGSV,2,2,05,88,68,276,40,3*46
1780394905.161,$GLGSV,1,1,03,67,03,263,,77,04,180,,87,29,169,,0*48
1780394905.162,$GAGSV,3,1,09,04,38,019,34,05,21,245,26,06,56,350,35,09,59,299,27,2*7B
1780394905.163,$GAGSV,3,2,09,10,71,112,39,11,72,356,34,12,47,132,33,28,18,035,08,2*7E
1780394905.163,$GAGSV,3,3,09,36,23,329,27,2*46
1780394905.164,$GAGSV,3,1,09,04,38,019,35,05,21,245,30,06,56,350,37,09,59,299,30,7*7C
1780394905.164,$GAGSV,3,2,09,10,71,112,40,11,72,356,38,12,47,132,35,28,18,035,22,7*77
1780394905.165,$GAGSV,3,3,09,36,23,329,27,7*43
1780394905.165,$GAGSV,1,1,02,16,07,190,,31,11,139,,0*77
1780394905.165,$GBGSV,2,1,08,06,40,034,38,07,66,118,41,08,23,178,25,09,37,000,36,1*71
1780394905.166,$GBGSV,2,2,08,10,61,143,41,13,27,305,28,14,30,029,36,24,35,157,24,1*7D
1780394905.167,$GBGSV,1,1,03,09,37,000,31,10,61,143,37,13,27,305,07,3*4A
1780394905.167,$GBGSV,3,1,10,01,42,106,,02,63,244,,03,72,138,,04,22,095,,0*75
1780394905.168,$GBGSV,3,2,10,04,22,095,,21,16,049,,25,01,204,,26,37,097,,0*78
1780394905.168,$GBGSV,3,3,10,26,37,097,,28,03,319,,0*7A
1780394905.169,$GNGLL,1339.01478,N,10029.57903,E,100825.00,A,D*7C
1780394906.176,$GNRMC,100826.00,A,1339.01478,N,10029.57903,E,0.031,,020626,0.53,W,R,V*47
1780394906.177,$GNVTG,,T,,M,0.031,N,0.058,K,D*37
1780394906.179,$GNGGA,100826.00,1339.01478,N,10029.57903,E,4,12,0.99,-1.0,M,-27.8,M,1.0,0499*6E
1780394906.180,$GNGSA,A,3,10,18,23,24,32,,,,,,,,1.74,0.99,1.43,1*0B
1780394906.180,$GNGSA,A,3,66,75,65,88,81,,,,,,,,1.74,0.99,1.43,2*0E
1780394906.181,$GNGSA,A,3,05,12,04,06,09,10,11,28,36,,,,1.74,0.99,1.43,3*04
1780394906.181,$GNGSA,A,3,06,07,08,09,10,13,14,,,,,,1.74,0.99,1.43,4*06
1780394906.182,$GPGSV,2,1,08,10,20,325,26,18,88,175,43,23,39,001,40,24,43,047,31,1*6F
1780394906.182,$GPGSV,2,2,08,32,30,267,36,40,36,258,36,41,64,233,40,42,70,217,41,1*62
1780394906.183,$GPGSV,2,1,05,10,20,325,21,18,88,175,40,23,39,001,37,24,43,047,30,6*60
1780394906.183,$GPGSV,2,2,05,32,30,267,27,6*52
1780394906.184,$GPGSV,3,1,09,05,06,101,,12,12,124,,13,17,122,,15,13,043,,0*6E
1780394906.184,$GPGSV,3,2,09,15,13,043,,25,16,160,,27,05,296,,28,13,207,,0*6B
1780394906.184,$GPGSV,3,3,09,28,13,207,,0*51
1780394906.185,$GLGSV,2,1,05,65,24,008,37,66,29,312,31,75,21,079,21,76,24,138,09,1*76
1780394906.185,$GLGSV,2,2,05,88,68,276,36,1*45
1780394906.186,$GLGSV,2,1,05,66,29,312,27,75,21,079,31,76,24,138,18,81,21,327,30,3*74
1780394906.186,$GLGSV,2,2,05,88,68,276,38,3*49
1780394906.187,$GLGSV,1,1,03,67,03,263,,77,04,180,,87,29,169,,0*48
1780394906.188,$GAGSV,3,1,09,04,38,019,35,05,21,245,27,06,56,350,35,09,59,299,28,2*74
1780394906.188,$GAGSV,3,2,09,10,71,112,38,11,72,356,34,12,47,132,33,28,18,035,10,2*76
1780394906.188,$GAGSV,3,3,09,36,23,329,27,2*46
1780394906.189,$GAGSV,3,1,09,04,38,019,35,05,21,245,30,06,56,350,37,09,59,299,30,7*7C
1780394906.190,$GAGSV,3,2,09,10,71,112,40,11,72,356,38,12,47,132,35,28,18,035,22,7*77
1780394906.190,$GAGSV,3,3,09,36,23,329,27,7*43
1780394906.190,$GAGSV,1,1,02,16,07,190,,31,11,139,,0*77
1780394906.191,$GBGSV,2,1,08,06,40,034,38,07,66,118,41,08,23,178,25,09,37,000,36,1*71
1780394906.191,$GBGSV,2,2,08,10,61,143,40,13,27,305,28,14,30,029,35,24,35,157,23,1*78
1780394906.192,$GBGSV,1,1,03,09,37,000,29,10,61,143,36,13,27,305,07,3*42
1780394906.192,$GBGSV,3,1,10,01,42,106,,02,63,244,,03,72,138,,04,22,095,,0*75
1780394906.193,$GBGSV,3,2,10,04,22,095,,21,16,049,,25,01,204,,26,37,097,,0*78
1780394906.193,$GBGSV,3,3,10,26,37,097,,28,03,319,,0*7A
1780394906.194,$GNGLL,1339.01478,N,10029.57903,E,100826.00,A,D*7F
1780394907.150,$GNRMC,100827.00,A,1339.01478,N,10029.57903,E,0.026,,020626,0.53,W,R,V*40
1780394907.151,$GNVTG,,T,,M,0.026,N,0.048,K,D*30
1780394907.153,$GNGGA,100827.00,1339.01478,N,10029.57903,E,4,12,0.99,-1.0,M,-27.8,M,1.0,0499*6F
1780394907.154,$GNGSA,A,3,10,18,23,24,32,,,,,,,,1.74,0.99,1.43,1*0B
1780394907.156,$GNGSA,A,3,66,75,65,88,81,,,,,,,,1.74,0.99,1.43,2*0E
1780394907.158,$GNGSA,A,3,05,12,04,06,09,10,11,28,36,,,,1.74,0.99,1.43,3*04
1780394907.159,$GNGSA,A,3,06,07,08,09,10,13,14,,,,,,1.74,0.99,1.43,4*06
1780394907.161,$GPGSV,2,1,08,10,20,325,26,18,88,175,43,23,39,001,40,24,43,047,32,1*6C
1780394907.162,$GPGSV,2,2,08,32,30,267,35,40,36,258,37,41,64,233,40,42,70,217,41,1*60
1780394907.164,$GPGSV,2,1,05,10,20,325,20,18,88,175,41,23,39,001,38,24,43,047,30,6*6F
1780394907.166,$GPGSV,2,2,05,32,30,267,26,6*53
1780394907.168,$GPGSV,3,1,09,05,06,101,,12,12,124,,13,17,122,,15,13,043,,0*6E
1780394907.171,$GPGSV,3,2,09,15,13,043,,25,16,160,,27,05,296,,28,13,207,,0*6B
1780394907.172,$GPGSV,3,3,09,28,13,207,,0*51
1780394907.175,$GLGSV,2,1,05,65,24,008,37,66,29,312,31,75,21,079,20,76,24,138,09,1*77
1780394907.176,$GLGSV,2,2,05,88,68,276,36,1*45
1780394907.179,$GLGSV,2,1,05,66,29,312,25,75,21,079,30,76,24,138,17,81,21,327,28,3*71
1780394907.180,$GLGSV,2,2,05,88,68,276,38,3*49
1780394907.181,$GLGSV,1,1,03,67,03,263,,77,04,180,,87,29,169,,0*48
1780394907.183,$GAGSV,3,1,09,04,38,019,34,05,21,245,25,06,56,350,34,09,59,299,27,2*79
1780394907.184,$GAGSV,3,2,09,10,71,112,38,11,72,356,33,12,47,132,32,28,18,035,12,2*72
1780394907.184,$GAGSV,3,3,09,36,23,329,26,2*47
1780394907.186,$GAGSV,3,1,09,04,38,019,34,05,21,245,30,06,56,350,37,09,59,299,29,7*75
1780394907.187,$GAGSV,3,2,09,10,71,112,40,11,72,356,38,12,47,132,35,28,18,035,21,7*74
1780394907.187,$GAGSV,3,3,09,36,23,329,27,7*43
1780394907.188,$GAGSV,1,1,02,16,07,190,,31,11,139,,0*77
1780394907.189,$GBGSV,2,1,08,06,40,034,37,07,66,118,40,08,23,178,25,09,37,000,36,1*7F
1780394907.190,$GBGSV,2,2,08,10,61,143,40,13,27,305,27,14,30,029,35,24,35,157,24,1*70
1780394907.191,$GBGSV,1,1,02,09,37,000,30,10,61,143,36,3*7D
1780394907.192,$GBGSV,3,1,10,01,42,106,,02,63,244,,03,72,138,,04,22,095,,0*75
1780394907.193,$GBGSV,3,2,10,04,22,095,,21,16,050,,25,01,204,,26,37,097,,0*70
1780394907.194,$GBGSV,3,3,10,26,37,097,,28,03,319,,0*7A
1780394907.195,$GNGLL,1339.01478,N,10029.57903,E,100827.00,A,D*7E
1780394908.175,$GNRMC,100828.00,A,1339.01479,N,10029.57903,E,0.005,,020626,0.53,W,R,V*4F
1780394908.175,$GNVTG,,T,,M,0.005,N,0.009,K,D*34
1780394908.176,$GNGGA,100828.00,1339.01479,N,10029.57903,E,4,12,0.94,-1.0,M,-27.8,M,1.0,0499*6C
1780394908.176,$GNGSA,A,3,10,18,23,24,32,,,,,,,,1.65,0.94,1.35,1*07
1780394908.177,$GNGSA,A,3,66,75,65,88,81,,,,,,,,1.65,0.94,1.35,2*02
1780394908.177,$GNGSA,A,3,05,12,04,06,09,10,11,28,36,,,,1.65,0.94,1.35,3*08
1780394908.178,$GNGSA,A,3,06,07,08,09,10,13,14,,,,,,1.65,0.94,1.35,4*0A
1780394908.178,$GPGSV,2,1,08,10,20,325,26,18,88,175,43,23,39,001,40,24,43,047,31,1*6F
1780394908.179,$GPGSV,2,2,08,32,30,267,35,40,36,258,37,41,64,233,41,42,70,217,43,1*63
1780394908.179,$GPGSV,2,1,05,10,20,325,18,18,88,175,42,23,39,001,38,24,43,047,30,6*67
1780394908.180,$GPGSV,2,2,05,32,30,267,26,6*53
1780394908.180,$GPGSV,3,1,09,05,06,101,,12,12,124,,13,17,122,,15,13,043,,0*6E
1780394908.181,$GPGSV,3,2,09,15,13,043,,25,16,160,,27,05,296,,28,13,207,,0*6B
1780394908.181,$GPGSV,3,3,09,28,13,207,,0*51
1780394908.182,$GLGSV,2,1,05,65,24,008,37,66,29,312,31,75,21,079,20,76,24,138,09,1*77
1780394908.182,$GLGSV,2,2,05,88,68,276,36,1*45
1780394908.183,$GLGSV,2,1,05,66,29,312,22,75,21,079,29,76,24,138,15,81,21,327,27,3*73
1780394908.185,$GLGSV,2,2,05,88,68,276,38,3*49
1780394908.185,$GLGSV,1,1,03,67,03,263,,77,04,180,,87,29,169,,0*48
1780394908.186,$GAGSV,3,1,09,04,38,019,34,05,21,245,25,06,56,350,35,09,59,299,27,2*78
1780394908.187,$GAGSV,3,2,09,10,71,112,38,11,72,356,33,12,47,132,32,28,18,035,11,2*71
1780394908.188,$GAGSV,3,3,09,36,23,329,26,2*47
1780394908.188,$GAGSV,3,1,09,04,38,019,34,05,21,245,30,06,56,350,37,09,59,299,29,7*75
1780394908.189,$GAGSV,3,2,09,10,71,112,40,11,72,356,38,12,47,132,35,28,18,035,21,7*74
1780394908.190,$GAGSV,3,3,09,36,23,329,27,7*43
1780394908.191,$GAGSV,1,1,02,16,07,190,,31,11,139,,0*77
1780394908.192,$GBGSV,2,1,08,06,40,034,37,07,66,118,40,08,23,178,25,09,37,000,35,1*7C
1780394908.193,$GBGSV,2,2,08,10,61,143,40,13,27,305,27,14,30,029,35,24,35,157,24,1*70
1780394908.193,$GBGSV,1,1,02,09,37,000,30,10,61,143,36,3*7D
1780394908.194,$GBGSV,3,1,10,01,42,106,,02,63,244,,03,72,138,,04,22,095,,0*75
1780394908.195,$GBGSV,3,2,10,04,22,095,,21,16,050,,25,01,204,,26,37,097,,0*70
1780394908.196,$GBGSV,3,3,10,26,37,097,,28,03,319,,0*7A
1780394908.197,$GNGLL,1339.01479,N,10029.57903,E,100828.00,A,D*70
1780394909.148,$GNRMC,100829.00,A,1339.01478,N,10029.57903,E,0.026,,020626,0.53,W,R,V*4E
1780394909.149,$GNVTG,,T,,M,0.026,N,0.049,K,D*31
1780394909.150,$GNGGA,100829.00,1339.01478,N,10029.57903,E,4,12,0.93,-1.0,M,-27.8,M,1.0,0499*6B
1780394909.151,$GNGSA,A,3,10,18,23,24,32,,,,,,,,1.68,0.93,1.40,1*0F
1780394909.151,$GNGSA,A,3,66,75,65,88,81,,,,,,,,1.68,0.93,1.40,2*0A
1780394909.152,$GNGSA,A,3,05,12,04,06,09,10,11,28,36,,,,1.68,0.93,1.40,3*00
1780394909.153,$GNGSA,A,3,06,07,08,09,10,13,14,,,,,,1.68,0.93,1.40,4*02
1780394909.154,$GPGSV,2,1,08,10,20,325,26,18,88,175,43,23,39,001,40,24,43,047,32,1*6C
1780394909.154,$GPGSV,2,2,08,32,30,267,34,40,36,258,37,41,64,233,40,42,70,217,42,1*62
1780394909.155,$GPGSV,2,1,05,10,20,325,18,18,88,175,42,23,39,001,38,24,43,047,30,6*67
1780394909.155,$GPGSV,2,2,05,32,30,267,25,6*50
1780394909.157,$GPGSV,3,1,09,05,06,101,,12,12,124,,13,17,122,,15,13,043,,0*6E
1780394909.157,$GPGSV,3,2,09,15,13,043,,25,16,160,,27,05,296,,28,13,207,,0*6B
1780394909.157,$GPGSV,3,3,09,28,13,207,,0*51
1780394909.158,$GLGSV,2,1,05,65,24,008,37,66,29,312,30,75,21,079,19,76,24,138,07,1*72
1780394909.158,$GLGSV,2,2,05,88,68,276,36,1*45
1780394909.159,$GLGSV,2,1,05,66,29,312,18,75,21,079,29,76,24,138,17,81,21,327,28,3*77
1780394909.159,$GLGSV,2,2,05,88,68,276,38,3*49
1780394909.160,$GLGSV,1,1,03,67,03,263,,77,04,180,,87,29,169,,0*48
1780394909.161,$GAGSV,3,1,09,04,38,019,34,05,21,245,25,06,56,350,35,09,59,299,27,2*78
1780394909.162,$GAGSV,3,2,09,10,71,112,38,11,72,356,33,12,47,132,32,28,18,035,09,2*78
1780394909.162,$GAGSV,3,3,09,36,23,329,26,2*47
1780394909.163,$GAGSV,3,1,09,04,38,019,34,05,21,245,30,06,56,350,36,09,59,299,29,7*74
1780394909.163,$GAGSV,3,2,09,10,71,112,40,11,72,356,38,12,47,132,35,28,18,035,21,7*74
1780394909.164,$GAGSV,3,3,09,36,23,329,27,7*43
1780394909.164,$GAGSV,1,1,02,16,07,190,,31,11,139,,0*77
1780394909.165,$GBGSV,2,1,08,06,40,034,38,07,66,118,41,08,23,178,25,09,37,000,36,1*71
1780394909.165,$GBGSV,2,2,08,10,61,143,41,13,27,305,28,14,30,029,36,24,35,157,25,1*7C
1780394909.166,$GBGSV,1,1,02,09,37,000,30,10,61,143,36,3*7D
1780394909.167,$GBGSV,3,1,10,01,42,106,,02,63,244,,03,72,138,,04,22,095,,0*75
1780394909.168,$GBGSV,3,2,10,04,22,095,,21,16,050,,25,01,204,,26,37,097,,0*70
1780394909.168,$GBGSV,3,3,10,26,37,097,,28,03,319,,0*7A
1780394909.169,$GNGLL,1339.01478,N,10029.57903,E,100829.00,A,D*70
1780394910.177,$GNRMC,100830.00,A,1339.01479,N,10029.57903,E,0.019,,020626,0.53,W,R,V*4B
1780394910.179,$GNVTG,,T,,M,0.019,N,0.036,K,D*35
1780394910.181,$GNGGA,100830.00,1339.01479,N,10029.57903,E,4,12,0.91,-1.0,M,-27.8,M,1.0,0499*60
1780394910.183,$GNGSA,A,3,10,18,23,24,32,,,,,,,,1.62,0.91,1.34,1*04
1780394910.184,$GNGSA,A,3,66,75,65,88,81,,,,,,,,1.62,0.91,1.34,2*01
1780394910.187,$GNGSA,A,3,05,12,04,06,09,10,11,28,36,,,,1.62,0.91,1.34,3*0B
1780394910.188,$GNGSA,A,3,06,07,08,09,10,13,14,,,,,,1.62,0.91,1.34,4*09
1780394910.190,$GPGSV,2,1,08,10,20,325,27,18,88,175,43,23,39,001,40,24,43,047,32,1*6D
1780394910.192,$GPGSV,2,2,08,32,30,267,35,40,36,258,36,41,64,233,40,42,70,217,42,1*62
1780394910.193,$GPGSV,2,1,05,10,20,325,20,18,88,175,42,23,39,001,38,24,43,047,29,6*64
1780394910.194,$GPGSV,2,2,05,32,30,267,25,6*50
1780394910.195,$GPGSV,3,1,09,05,06,101,,12,12,124,,13,17,122,,15,13,043,,0*6E
1780394910.196,$GPGSV,3,2,09,15,13,043,,25,16,160,,27,05,296,,28,13,207,,0*6B
1780394910.196,$GPGSV,3,3,09,28,13,207,,0*51
1780394910.197,$GLGSV,2,1,05,65,24,008,37,66,29,312,29,75,21,079,17,76,24,138,07,1*74
1780394910.198,$GLGSV,2,2,05,88,68,276,36,1*45
1780394910.199,$GLGSV,2,1,05,66,29,312,13,75,21,079,29,76,24,138,17,81,21,327,27,3*73
1780394910.199,$GLGSV,2,2,05,88,68,276,39,3*48
1780394910.200,$GLGSV,1,1,03,67,03,263,,77,04,180,,87,29,169,,0*48
1780394910.201,$GAGSV,3,1,09,04,38,019,34,05,21,245,25,06,56,350,35,09,59,299,27,2*78
1780394910.202,$GAGSV,3,2,09,10,71,112,38,11,72,356,33,12,47,132,32,28,18,035,09,2*78
1780394910.202,$GAGSV,3,3,09,36,23,329,26,2*47
1780394910.203,$GAGSV,3,1,09,04,38,019,34,05,21,245,30,06,56,350,37,09,59,299,29,7*75
1780394910.205,$GAGSV,3,2,09,10,71,112,39,11,72,356,38,12,47,132,35,28,18,035,21,7*7A
1780394910.205,$GAGSV,3,3,09,36,23,329,27,7*43
1780394910.206,$GAGSV,1,1,02,16,07,190,,31,11,139,,0*77
1780394910.207,$GBGSV,2,1,08,06,40,034,38,07,66,118,41,08,23,178,25,09,37,000,36,1*71
1780394910.208,$GBGSV,2,2,08,10,61,143,41,13,27,305,27,14,30,029,36,24,35,157,25,1*73
1780394910.209,$GBGSV,1,1,02,09,37,000,29,10,61,143,36,3*75
1780394910.209,$GBGSV,3,1,10,01,42,106,,02,63,244,,03,72,138,,04,22,095,,0*75
1780394910.210,$GBGSV,3,2,10,04,22,095,,21,16,050,,25,01,204,,26,37,097,,0*70
1780394910.210,$GBGSV,3,3,10,26,37,097,,28,03,319,,0*7A
1780394910.211,$GNGLL,1339.01479,N,10029.57903,E,100830.00,A,D*79
1780394911.149,$GNRMC,100831.00,A,1339.01479,N,10029.57903,E,0.006,,020626,0.53,W,R,V*44
1780394911.150,$GNVTG,,T,,M,0.006,N,0.012,K,D*3D
1780394911.150,$GNGGA,100831.00,1339.01479,N,10029.57903,E,4,12,0.91,-1.0,M,-27.8,M,1.0,0499*61
1780394911.151,$GNGSA,A,3,10,18,23,24,32,,,,,,,,1.62,0.91,1.34,1*04
1780394911.151,$GNGSA,A,3,66,75,65,88,81,,,,,,,,1.62,0.91,1.34,2*01
1780394911.152,$GNGSA,A,3,05,12,04,06,09,10,11,28,36,,,,1.62,0.91,1.34,3*0B
1780394911.152,$GNGSA,A,3,06,07,08,09,10,13,14,,,,,,1.62,0.91,1.34,4*09
1780394911.153,$GPGSV,2,1,08,10,20,325,27,18,88,175,43,23,39,001,40,24,43,047,32,1*6D
1780394911.153,$GPGSV,2,2,08,32,30,267,34,40,36,258,35,41,64,233,41,42,70,217,41,1*62
1780394911.154,$GPGSV,2,1,05,10,20,325,19,18,88,175,42,23,39,001,38,24,43,047,29,6*6E
1780394911.154,$GPGSV,2,2,05,32,30,267,25,6*50
1780394911.155,$GPGSV,3,1,09,05,06,101,,12,12,124,,13,17,122,,15,13,043,,0*6E
1780394911.156,$GPGSV,3,2,09,15,13,043,,25,16,160,,27,05,296,,28,13,207,,0*6B
1780394911.156,$GPGSV,3,3,09,28,13,207,,0*51
1780394911.156,$GLGSV,2,1,06,65,24,008,37,66,29,312,28,75,21,079,16,76,24,138,08,1*78
1780394911.157,$GLGSV,2,2,06,81,21,327,21,88,68,276,36,1*79
1780394911.158,$GLGSV,2,1,05,66,29,312,13,75,21,079,30,76,24,138,18,81,21,327,26,3*75
1780394911.158,$GLGSV,2,2,05,88,68,276,39,3*48
1780394911.158,$GLGSV,1,1,03,67,03,263,,77,04,180,,87,29,169,,0*48
1780394911.159,$GAGSV,3,1,09,04,38,019,34,05,21,245,24,06,56,350,35,09,59,299,26,2*78
1780394911.160,$GAGSV,3,2,09,10,71,112,38,11,72,356,33,12,47,132,32,28,18,035,10,2*70
1780394911.160,$GAGSV,3,3,09,36,23,329,26,2*47
1780394911.161,$GAGSV,3,1,09,04,38,019,35,05,21,245,30,06,56,350,37,09,59,299,29,7*74
1780394911.161,$GAGSV,3,2,09,10,71,112,39,11,72,356,38,12,47,132,35,28,18,035,20,7*7B
1780394911.162,$GAGSV,3,3,09,36,23,329,27,7*43
1780394911.162,$GAGSV,1,1,02,16,07,190,,31,11,139,,0*77
1780394911.163,$GBGSV,2,1,08,06,40,034,38,07,66,118,41,08,23,178,26,09,37,000,36,1*72
1780394911.163,$GBGSV,2,2,08,10,61,143,41,13,27,305,27,14,30,029,36,24,35,157,25,1*73
1780394911.164,$GBGSV,1,1,02,09,37,000,30,10,61,143,36,3*7D
1780394911.164,$GBGSV,3,1,10,01,42,106,,02,63,244,,03,72,138,,04,22,095,,0*75
1780394911.165,$GBGSV,3,2,10,04,22,095,,21,16,050,,25,01,203,,26,37,097,,0*77
1780394911.165,$GBGSV,3,3,10,26,37,097,,28,03,319,,0*7A
1780394911.166,$GNGLL,1339.01479,N,10029.57903,E,100831.00,A,D*78
1780394912.168,$GNRMC,100832.00,A,1339.01479,N,10029.57904,E,0.025,,020626,0.53,W,R,V*41
1780394912.169,$GNVTG,,T,,M,0.025,N,0.046,K,D*3D
1780394912.171,$GNGGA,100832.00,1339.01479,N,10029.57904,E,4,12,0.91,-1.0,M,-27.8,M,1.0,0499*65
1780394912.173,$GNGSA,A,3,10,18,23,24,32,,,,,,,,1.62,0.91,1.34,1*04
1780394912.174,$GNGSA,A,3,66,75,65,88,81,,,,,,,,1.62,0.91,1.34,2*01
1780394912.176,$GNGSA,A,3,05,12,04,06,09,10,11,28,36,,,,1.62,0.91,1.34,3*0B
1780394912.178,$GNGSA,A,3,06,07,08,09,10,13,14,,,,,,1.62,0.91,1.34,4*09
1780394912.180,$GPGSV,2,1,08,10,20,325,27,18,88,175,43,23,39,001,40,24,43,047,32,1*6D
1780394912.182,$GPGSV,2,2,08,32,30,267,34,40,36,258,33,41,64,233,40,42,70,217,41,1*65
1780394912.184,$GPGSV,2,1,05,10,20,325,19,18,88,175,42,23,39,001,38,24,43,047,29,6*6E
1780394912.185,$GPGSV,2,2,05,32,30,267,25,6*50
1780394912.187,$GPGSV,3,1,09,05,06,101,,12,12,124,,13,17,122,,15,13,043,,0*6E
1780394912.189,$GPGSV,3,2,09,15,13,043,,25,16,160,,27,05,296,,28,13,207,,0*6B
1780394912.190,$GPGSV,3,3,09,28,13,207,,0*51
1780394912.192,$GLGSV,2,1,06,65,24,008,37,66,29,312,28,75,21,079,17,76,24,138,07,1*76
1780394912.193,$GLGSV,2,2,06,81,21,327,22,88,68,276,36,1*7A
1780394912.194,$GLGSV,2,1,05,66,29,312,16,75,21,079,30,76,24,138,19,81,21,327,25,3*72
1780394912.195,$GLGSV,2,2,05,88,68,276,39,3*48
1780394912.196,$GLGSV,1,1,03,67,03,263,,77,04,180,,87,29,169,,0*48
1780394912.197,$GAGSV,3,1,09,04,38,019,34,05,21,245,25,06,56,350,34,09,59,299,26,2*78
1780394912.198,$GAGSV,3,2,09,10,71,112,38,11,72,356,33,12,47,132,32,28,18,035,11,2*71
1780394912.198,$GAGSV,3,3,09,36,23,329,26,2*47
1780394912.199,$GAGSV,3,1,09,04,38,019,35,05,21,245,30,06,56,350,37,09,59,299,30,7*7C
1780394912.200,$GAGSV,3,2,09,10,71,112,39,11,72,356,38,12,47,132,35,28,18,035,20,7*7B
1780394912.201,$GAGSV,3,3,09,36,23,329,27,7*43
1780394912.201,$GAGSV,1,1,02,16,07,190,,31,11,139,,0*77
1780394912.202,$GBGSV,2,1,08,06,40,034,38,07,66,118,41,08,23,178,25,09,37,000,36,1*71
1780394912.203,$GBGSV,2,2,08,10,61,143,41,13,27,305,26,14,30,029,36,24,35,157,25,1*72
1780394912.204,$GBGSV,1,1,02,09,37,000,30,10,61,143,36,3*7D
1780394912.204,$GBGSV,3,1,10,01,42,106,,02,63,244,,03,72,138,,04,22,095,,0*75
1780394912.205,$GBGSV,3,2,10,04,22,095,,21,16,050,,25,01,203,,26,37,096,,0*76
1780394912.206,$GBGSV,3,3,10,26,37,096,,28,03,319,,0*7B
1780394912.206,$GNGLL,1339.01479,N,10029.57904,E,100832.00,A,D*7C
1780394913.150,$GNRMC,100833.00,A,1339.01479,N,10029.57903,E,0.011,,020626,0.53,W,R,V*40
1780394913.152,$GNVTG,,T,,M,0.011,N,0.020,K,D*3A
1780394913.154,$GNGGA,100833.00,1339.01479,N,10029.57903,E,4,12,0.93,-1.0,M,-27.8,M,1.0,0499*61
1780394913.156,$GNGSA,A,3,10,18,23,24,32,,,,,,,,1.67,0.93,1.39,1*0E
1780394913.157,$GNGSA,A,3,66,75,65,88,81,,,,,,,,1.67,0.93,1.39,2*0B
1780394913.159,$GNGSA,A,3,05,12,04,06,09,10,11,28,36,,,,1.67,0.93,1.39,3*01
1780394913.161,$GNGSA,A,3,06,07,08,09,10,13,14,,,,,,1.67,0.93,1.39,4*03
1780394913.163,$GPGSV,2,1,08,10,20,325,27,18,88,175,42,23,39,001,40,24,43,047,32,1*6C
1780394913.165,$GPGSV,2,2,08,32,30,267,34,40,36,258,33,41,64,233,40,42,70,217,41,1*65
1780394913.168,$GPGSV,2,1,05,10,20,325,19,18,88,175,42,23,39,001,38,24,43,047,29,6*6E
1780394913.169,$GPGSV,2,2,05,32,30,267,25,6*50
1780394913.171,$GPGSV,3,1,09,05,06,101,,12,12,124,,13,17,122,,15,13,043,,0*6E
1780394913.173,$GPGSV,3,2,09,15,13,043,,25,16,160,,27,05,296,,28,13,207,,0*6B
1780394913.174,$GPGSV,3,3,09,28,13,207,,0*51
1780394913.177,$GLGSV,2,1,05,65,24,008,37,66,29,312,27,75,21,079,17,81,21,327,22,1*7C
1780394913.178,$GLGSV,2,2,05,88,68,276,37,1*44
1780394913.181,$GLGSV,2,1,05,66,29,312,20,75,21,079,30,76,24,138,19,81,21,327,25,3*77
1780394913.182,$GLGSV,2,2,05,88,68,276,40,3*46
1780394913.184,$GLGSV,1,1,03,67,03,263,,77,04,180,,87,29,169,,0*48
1780394913.185,$GAGSV,3,1,09,04,38,019,33,05,21,245,25,06,56,350,34,09,59,299,26,2*7F
1780394913.186,$GAGSV,3,2,09,10,71,112,38,11,72,356,33,12,47,132,32,28,18,035,09,2*78
1780394913.187,$GAGSV,3,3,09,36,23,329,26,2*47
1780394913.188,$GAGSV,3,1,09,04,38,019,35,05,21,245,30,06,56,350,37,09,59,299,30,7*7C
1780394913.188,$GAGSV,3,2,09,10,71,112,40,11,72,356,38,12,47,132,35,28,18,035,20,7*75
1780394913.188,$GAGSV,3,3,09,36,23,329,27,7*43
1780394913.189,$GAGSV,1,1,02,16,07,190,,31,11,139,,0*77
1780394913.189,$GBGSV,2,1,08,06,40,034,38,07,66,118,41,08,23,178,25,09,37,000,36,1*71
1780394913.190,$GBGSV,2,2,08,10,61,143,41,13,27,305,25,14,30,029,36,24,35,157,25,1*71
1780394913.191,$GBGSV,1,1,02,09,37,000,30,10,61,143,36,3*7D
1780394913.191,$GBGSV,3,1,10,01,42,106,,02,63,244,,03,72,138,,04,22,095,,0*75
1780394913.192,$GBGSV,3,2,10,04,22,095,,21,16,050,,25,01,203,,26,37,096,,0*76
1780394913.192,$GBGSV,3,3,10,26,37,096,,28,03,319,,0*7B
1780394913.193,$GNGLL,1339.01479,N,10029.57903,E,100833.00,A,D*7A
1780394914.181,$GNRMC,100834.00,A,1339.01479,N,10029.57904,E,0.011,,020626,0.53,W,R,V*40
1780394914.183,$GNVTG,,T,,M,0.011,N,0.020,K,D*3A
1780394914.185,$GNGGA,100834.00,1339.01479,N,10029.57904,E,4,12,0.93,-1.0,M,-27.8,M,1.0,0499*61
1780394914.186,$GNGSA,A,3,10,18,23,24,32,,,,,,,,1.67,0.93,1.39,1*0E
1780394914.187,$GNGSA,A,3,66,75,65,88,76,81,,,,,,,1.67,0.93,1.39,2*0A
1780394914.188,$GNGSA,A,3,05,12,04,06,09,10,11,28,36,,,,1.67,0.93,1.39,3*01
1780394914.188,$GNGSA,A,3,06,07,08,09,10,13,14,,,,,,1.67,0.93,1.39,4*03
1780394914.189,$GPGSV,2,1,08,10,20,325,28,18,88,175,42,23,39,001,40,24,43,047,32,1*63
1780394914.191,$GPGSV,2,2,08,32,30,267,34,40,36,258,34,41,64,233,40,42,70,217,41,1*62
1780394914.192,$GPGSV,2,1,05,10,20,325,19,18,88,175,42,23,39,001,38,24,43,047,29,6*6E
1780394914.192,$GPGSV,2,2,05,32,30,267,25,6*50
1780394914.193,$GPGSV,3,1,09,05,06,101,,12,12,124,,13,17,122,,15,13,043,,0*6E
1780394914.194,$GPGSV,3,2,09,15,13,043,,25,16,160,,27,05,296,,28,13,207,,0*6B
1780394914.194,$GPGSV,3,3,09,28,13,207,,0*51
1780394914.195,$GLGSV,2,1,05,65,24,008,38,66,29,312,26,75,21,079,17,81,21,327,22,1*72
1780394914.195,$GLGSV,2,2,05,88,68,276,37,1*44
1780394914.196,$GLGSV,2,1,05,66,29,312,22,75,21,079,30,76,24,138,20,81,21,327,25,3*7F
1780394914.196,$GLGSV,2,2,05,88,68,276,40,3*46
1780394914.196,$GLGSV,1,1,03,67,03,263,,77,04,180,,87,29,169,,0*48
1780394914.197,$GAGSV,3,1,09,04,38,019,33,05,21,245,25,06,56,350,35,09,59,299,26,2*7E
1780394914.198,$GAGSV,3,2,09,10,71,112,38,11,72,356,33,12,47,132,32,28,18,035,09,2*78
1780394914.198,$GAGSV,3,3,09,36,23,329,26,2*47
1780394914.198,$GAGSV,3,1,09,04,38,019,35,05,21,245,30,06,56,350,37,09,59,299,30,7*7C
1780394914.199,$GAGSV,3,2,09,10,71,112,40,11,72,356,38,12,47,132,35,28,18,035,20,7*75
1780394914.199,$GAGSV,3,3,09,36,23,329,27,7*43
1780394914.200,$GAGSV,1,1,02,16,07,190,,31,11,139,,0*77
1780394914.200,$GBGSV,2,1,08,06,40,034,38,07,66,118,41,08,23,178,25,09,37,000,36,1*71
1780394914.201,$GBGSV,2,2,08,10,61,143,41,13,27,305,25,14,30,029,36,24,35,157,24,1*70
1780394914.201,$GBGSV,1,1,02,09,37,000,30,10,61,143,36,3*7D
1780394914.202,$GBGSV,3,1,10,01,42,106,,02,63,244,,03,72,138,,04,22,095,,0*75
1780394914.203,$GBGSV,3,2,10,04,22,095,,21,16,050,,25,01,203,,26,37,096,,0*76
1780394914.204,$GBGSV,3,3,10,26,37,096,,28,03,319,,0*7B
1780394914.204,$GNGLL,1339.01479,N,10029.57904,E,100834.00,A,D*7A
1780394915.154,$GNRMC,100835.00,A,1339.01479,N,10029.57904,E,0.014,,020626,0.53,W,R,V*44
1780394915.155,$GNVTG,,T,,M,0.014,N,0.025,K,D*3A
1780394915.158,$GNGGA,100835.00,1339.01479,N,10029.57904,E,4,12,0.93,-1.0,M,-27.8,M,1.0,0499*60
1780394915.159,$GNGSA,A,3,10,18,23,24,32,,,,,,,,1.67,0.93,1.39,1*0E
1780394915.161,$GNGSA,A,3,66,75,65,88,76,81,,,,,,,1.67,0.93,1.39,2*0A
1780394915.163,$GNGSA,A,3,05,12,04,06,09,10,11,36,,,,,1.67,0.93,1.39,3*0B
1780394915.164,$GNGSA,A,3,06,07,08,09,10,13,14,,,,,,1.67,0.93,1.39,4*03
1780394915.167,$GPGSV,2,1,08,10,20,325,28,18,88,175,42,23,39,001,40,24,43,047,32,1*63
1780394915.169,$GPGSV,2,2,08,32,30,267,34,40,36,258,35,41,64,233,40,42,70,217,41,1*63
1780394915.172,$GPGSV,2,1,05,10,20,325,19,18,88,175,42,23,39,001,38,24,43,047,29,6*6E
1780394915.173,$GPGSV,2,2,05,32,30,267,25,6*50
1780394915.175,$GPGSV,3,1,09,05,06,101,,12,12,124,,13,17,122,,15,13,043,,0*6E
1780394915.177,$GPGSV,3,2,09,15,13,043,,25,16,160,,27,05,296,,28,13,207,,0*6B
1780394915.178,$GPGSV,3,3,09,28,13,207,,0*51
1780394915.180,$GLGSV,2,1,05,65,24,008,37,66,29,312,25,75,21,079,17,81,21,327,22,1*7E
1780394915.182,$GLGSV,2,2,05,88,68,276,37,1*44
1780394915.184,$GLGSV,2,1,05,66,29,312,24,75,21,079,30,76,24,138,20,81,21,327,24,3*78
1780394915.185,$GLGSV,2,2,05,88,68,276,40,3*46
1780394915.186,$GLGSV,1,1,03,67,03,263,,77,04,180,,87,29,169,,0*48
1780394915.187,$GAGSV,3,1,09,04,38,019,33,05,21,245,24,06,56,350,34,09,59,299,26,2*7E
1780394915.188,$GAGSV,3,2,09,10,71,112,38,11,72,356,34,12,47,132,32,28,18,035,11,2*76
1780394915.188,$GAGSV,3,3,09,36,23,329,26,2*47
1780394915.189,$GAGSV,3,1,09,04,38,019,35,05,21,245,30,06,56,350,37,09,59,299,30,7*7C
1780394915.191,$GAGSV,3,2,09,10,71,112,40,11,72,356,38,12,47,132,35,28,18,035,19,7*7F
1780394915.191,$GAGSV,3,3,09,36,23,329,27,7*43
1780394915.192,$GAGSV,1,1,02,16,07,190,,31,11,139,,0*77
1780394915.193,$GBGSV,2,1,08,06,40,034,38,07,66,118,41,08,23,178,25,09,37,000,36,1*71
1780394915.193,$GBGSV,2,2,08,10,61,143,41,13,27,305,24,14,30,029,36,24,35,157,24,1*71
1780394915.194,$GBGSV,1,1,02,09,37,000,29,10,61,143,36,3*75
1780394915.195,$GBGSV,3,1,10,01,42,106,,02,63,244,,03,72,138,,04,22,095,,0*75
1780394915.196,$GBGSV,3,2,10,04,22,095,,21,16,050,,25,01,203,,26,37,096,,0*76
1780394915.196,$GBGSV,3,3,10,26,37,096,,28,03,319,,0*7B
1780394915.197,$GNGLL,1339.01479,N,10029.57904,E,100835.00,A,D*7B
1780394916.180,$GNRMC,100836.00,A,1339.01479,N,10029.57904,E,0.018,,020626,0.53,W,R,V*4B
1780394916.181,$GNVTG,,T,,M,0.018,N,0.034,K,D*36
1780394916.184,$GNGGA,100836.00,1339.01479,N,10029.57904,E,4,12,0.93,-1.0,M,-27.8,M,1.0,0499*63
1780394916.184,$GNGSA,A,3,10,18,23,24,32,,,,,,,,1.67,0.93,1.39,1*0E
1780394916.185,$GNGSA,A,3,66,75,65,88,76,81,,,,,,,1.67,0.93,1.39,2*0A
1780394916.185,$GNGSA,A,3,05,12,04,06,09,10,11,36,,,,,1.67,0.93,1.39,3*0B
1780394916.186,$GNGSA,A,3,06,07,08,09,10,13,14,,,,,,1.67,0.93,1.39,4*03
1780394916.186,$GPGSV,2,1,08,10,20,325,29,18,88,175,42,23,39,001,40,24,43,047,32,1*62
1780394916.187,$GPGSV,2,2,08,32,30,267,34,40,36,258,36,41,64,233,40,42,70,217,41,1*60
1780394916.188,$GPGSV,2,1,05,10,20,325,18,18,88,175,41,23,39,001,38,24,43,047,29,6*6C
1780394916.188,$GPGSV,2,2,05,32,30,267,25,6*50
1780394916.189,$GPGSV,3,1,09,05,06,101,,12,12,124,,13,17,122,,15,13,043,,0*6E
1780394916.189,$GPGSV,3,2,09,15,13,043,,25,16,160,,27,05,296,,28,13,207,,0*6B
1780394916.190,$GPGSV,3,3,09,28,13,207,,0*51
1780394916.190,$GLGSV,2,1,05,65,24,008,38,66,29,312,24,75,21,079,18,81,21,327,21,1*7C
1780394916.191,$GLGSV,2,2,05,88,68,276,37,1*44
1780394916.192,$GLGSV,2,1,05,66,29,312,25,75,21,079,30,76,24,138,21,81,21,327,24,3*78
1780394916.192,$GLGSV,2,2,05,88,68,276,40,3*46
1780394916.193,$GLGSV,1,1,03,67,03,263,,77,04,180,,87,29,169,,0*48
1780394916.193,$GAGSV,3,1,09,04,38,019,33,05,21,245,25,06,56,350,34,09,59,299,26,2*7F
1780394916.194,$GAGSV,3,2,09,10,71,112,38,11,72,356,33,12,47,132,32,28,18,035,12,2*72
1780394916.194,$GAGSV,3,3,09,36,23,329,26,2*47
1780394916.195,$GAGSV,3,1,09,04,38,019,35,05,21,245,30,06,56,350,37,09,59,299,30,7*7C
1780394916.196,$GAGSV,3,2,09,10,71,112,40,11,72,356,38,12,47,132,35,28,18,035,19,7*7F
1780394916.196,$GAGSV,3,3,09,36,23,329,27,7*43
1780394916.196,$GAGSV,1,1,02,16,07,190,,31,11,139,,0*77
1780394916.197,$GBGSV,2,1,08,06,40,034,37,07,66,118,41,08,23,178,25,09,37,000,36,1*7E
1780394916.197,$GBGSV,2,2,08,10,61,143,41,13,27,305,24,14,30,029,37,24,35,157,24,1*70
1780394916.198,$GBGSV,1,1,02,09,37,000,30,10,61,143,36,3*7D
1780394916.198,$GBGSV,3,1,10,01,42,106,,02,63,244,,03,72,138,,04,22,095,,0*75
1780394916.199,$GBGSV,3,2,10,04,22,095,,21,16,050,,25,01,203,,26,37,096,,0*76
1780394916.199,$GBGSV,3,3,10,26,37,096,,28,03,319,,0*7B
1780394916.200,$GNGLL,1339.01479,N,10029.57904,E,100836.00,A,D*78
1780394917.152,$GNRMC,100837.00,A,1339.01479,N,10029.57903,E,0.018,,020626,0.53,W,R,V*4D
1780394917.154,$GNVTG,,T,,M,0.018,N,0.033,K,D*31
1780394917.158,$GNGGA,100837.00,1339.01479,N,10029.57903,E,4,12,0.93,-1.0,M,-27.8,M,1.0,0499*65
1780394917.160,$GNGSA,A,3,10,18,23,24,32,,,,,,,,1.67,0.93,1.39,1*0E
1780394917.162,$GNGSA,A,3,66,75,65,88,76,81,,,,,,,1.67,0.93,1.39,2*0A
1780394917.163,$GNGSA,A,3,05,12,04,06,09,10,11,36,,,,,1.67,0.93,1.39,3*0B
1780394917.165,$GNGSA,A,3,06,07,08,09,10,13,14,,,,,,1.67,0.93,1.39,4*03
1780394917.167,$GPGSV,2,1,08,10,20,325,30,18,88,175,42,23,39,001,40,24,43,047,32,1*6A
1780394917.170,$GPGSV,2,2,08,32,30,267,34,40,36,258,36,41,64,233,40,42,70,217,41,1*60
1780394917.174,$GPGSV,2,1,05,10,20,325,19,18,88,175,41,23,39,001,38,24,43,047,29,6*6D
1780394917.176,$GPGSV,2,2,05,32,30,267,25,6*50
1780394917.178,$GPGSV,3,1,09,05,06,101,,12,12,124,,13,17,122,,15,13,043,,0*6E
1780394917.180,$GPGSV,3,2,09,15,13,043,,25,16,160,,27,05,296,,28,13,207,,0*6B
1780394917.181,$GPGSV,3,3,09,28,13,207,,0*51
1780394917.183,$GLGSV,2,1,05,65,24,008,38,66,29,312,23,75,21,079,19,81,21,327,20,1*7B
1780394917.183,$GLGSV,2,2,05,88,68,276,37,1*44
1780394917.184,$GLGSV,2,1,05,66,29,312,25,75,21,079,29,76,24,138,21,81,21,327,24,3*70
1780394917.185,$GLGSV,2,2,05,88,68,276,40,3*46
1780394917.186,$GLGSV,1,1,03,67,03,263,,77,04,180,,87,29,169,,0*48
1780394917.187,$GAGSV,3,1,09,04,38,019,33,05,21,245,25,06,56,350,35,09,59,299,26,2*7E
1780394917.188,$GAGSV,3,2,09,10,71,112,38,11,72,356,33,12,47,132,32,28,18,035,10,2*70
1780394917.189,$GAGSV,3,3,09,36,23,329,26,2*47
1780394917.191,$GAGSV,3,1,09,04,38,019,35,05,21,245,30,06,56,350,37,09,59,299,30,7*7C
1780394917.192,$GAGSV,3,2,09,10,71,112,40,11,72,356,38,12,47,132,35,28,18,035,19,7*7F
1780394917.193,$GAGSV,3,3,09,36,23,329,27,7*43
1780394917.193,$GAGSV,1,1,02,16,07,190,,31,11,139,,0*77
1780394917.194,$GBGSV,2,1,08,06,40,034,37,07,66,118,41,08,23,178,25,09,37,000,36,1*7E
1780394917.195,$GBGSV,2,2,08,10,61,143,41,13,27,305,23,14,30,029,37,24,35,157,25,1*76
1780394917.196,$GBGSV,1,1,02,09,37,000,30,10,61,143,36,3*7D
1780394917.196,$GBGSV,3,1,10,01,42,106,,02,63,244,,03,72,138,,04,22,095,,0*75
1780394917.197,$GBGSV,3,2,10,04,22,095,,21,16,050,,25,01,203,,26,37,096,,0*76
1780394917.197,$GBGSV,3,3,10,26,37,096,,28,03,319,,0*7B
1780394917.198,$GNGLL,1339.01479,N,10029.57903,E,100837.00,A,D*7E
1780394918.178,$GNRMC,100838.00,A,1339.01479,N,10029.57904,E,0.014,,020626,0.53,W,R,V*49
1780394918.179,$GNVTG,,T,,M,0.014,N,0.026,K,D*39
1780394918.180,$GNGGA,100838.00,1339.01479,N,10029.57904,E,4,12,0.93,-1.0,M,-27.8,M,1.0,0499*6D
1780394918.180,$GNGSA,A,3,10,18,23,24,32,,,,,,,,1.67,0.93,1.39,1*0E
1780394918.181,$GNGSA,A,3,66,75,65,88,76,81,,,,,,,1.67,0.93,1.39,2*0A
1780394918.182,$GNGSA,A,3,05,12,04,06,09,10,11,36,,,,,1.67,0.93,1.39,3*0B
1780394918.182,$GNGSA,A,3,06,07,08,09,10,13,14,,,,,,1.67,0.93,1.39,4*03
1780394918.183,$GPGSV,2,1,08,10,20,325,31,18,88,175,42,23,39,001,40,24,43,047,32,1*6B
1780394918.184,$GPGSV,2,2,08,32,30,267,34,40,36,258,36,41,64,233,40,42,70,217,41,1*60
1780394918.185,$GPGSV,2,1,05,10,20,325,19,18,88,175,41,23,39,001,38,24,43,047,28,6*6C
1780394918.185,$GPGSV,2,2,05,32,30,267,25,6*50
1780394918.186,$GPGSV,3,1,09,05,06,101,,12,12,124,,13,17,122,,15,13,043,,0*6E
1780394918.187,$GPGSV,3,2,09,15,13,043,,25,16,160,,27,05,296,,28,13,207,,0*6B
1780394918.188,$GPGSV,3,3,09,28,13,207,,0*51
1780394918.189,$GLGSV,2,1,05,65,24,008,38,66,29,312,23,75,21,079,20,81,21,327,18,1*7A
1780394918.190,$GLGSV,2,2,05,88,68,276,38,1*4B
1780394918.191,$GLGSV,2,1,05,66,29,312,26,75,21,079,29,76,24,138,21,81,21,327,25,3*72
1780394918.192,$GLGSV,2,2,05,88,68,276,40,3*46
1780394918.193,$GLGSV,1,1,03,67,03,263,,77,04,180,,87,29,169,,0*48
1780394918.194,$GAGSV,3,1,09,04,38,019,33,05,21,245,24,06,56,350,35,09,59,299,26,2*7F
1780394918.195,$GAGSV,3,2,09,10,71,112,38,11,72,356,33,12,47,132,32,28,18,035,09,2*78
1780394918.195,$GAGSV,3,3,09,36,23,329,26,2*47
1780394918.196,$GAGSV,3,1,09,04,38,019,35,05,21,245,30,06,56,350,37,09,59,299,30,7*7C
1780394918.196,$GAGSV,3,2,09,10,71,112,40,11,72,356,38,12,47,132,35,28,18,035,19,7*7F
1780394918.197,$GAGSV,3,3,09,36,23,329,26,7*42
1780394918.197,$GAGSV,1,1,02,16,07,190,,31,11,139,,0*77
1780394918.198,$GBGSV,2,1,08,06,40,034,37,07,66,118,41,08,23,178,25,09,37,000,36,1*7E
1780394918.198,$GBGSV,2,2,08,10,61,143,41,13,27,305,23,14,30,029,37,24,35,157,24,1*77
1780394918.199,$GBGSV,1,1,02,09,37,000,30,10,61,143,36,3*7D
1780394918.199,$GBGSV,3,1,10,01,42,106,,02,63,244,,03,72,138,,04,22,095,,0*75
1780394918.200,$GBGSV,3,2,10,04,22,095,,21,16,050,,25,01,203,,26,37,096,,0*76
1780394918.200,$GBGSV,3,3,10,26,37,096,,28,03,319,,0*7B
1780394918.201,$GNGLL,1339.01479,N,10029.57904,E,100838.00,A,D*76
1780394919.155,$GNRMC,100839.00,A,1339.01479,N,10029.57903,E,0.027,,020626,0.53,W,R,V*4F
1780394919.156,$GNVTG,,T,,M,0.027,N,0.050,K,D*38
1780394919.157,$GNGGA,100839.00,1339.01479,N,10029.57903,E,4,12,0.93,-1.0,M,-27.8,M,1.0,0499*6B
1780394919.157,$GNGSA,A,3,10,18,23,24,32,,,,,,,,1.67,0.93,1.39,1*0E
1780394919.158,$GNGSA,A,3,66,75,65,88,76,81,,,,,,,1.67,0.93,1.39,2*0A
1780394919.158,$GNGSA,A,3,05,12,04,06,09,10,11,36,,,,,1.67,0.93,1.39,3*0B
1780394919.159,$GNGSA,A,3,06,07,08,09,10,13,14,,,,,,1.67,0.93,1.39,4*03
1780394919.159,$GPGSV,2,1,08,10,20,325,31,18,88,175,42,23,39,001,40,24,43,047,32,1*6B
1780394919.160,$GPGSV,2,2,08,32,30,267,34,40,36,258,36,41,64,233,40,42,70,217,41,1*60
1780394919.161,$GPGSV,2,1,05,10,20,325,19,18,88,175,41,23,39,001,38,24,43,047,28,6*6C
1780394919.161,$GPGSV,2,2,05,32,30,267,25,6*50
1780394919.162,$GPGSV,3,1,09,05,06,101,,12,12,124,,13,17,122,,15,13,043,,0*6E
1780394919.162,$GPGSV,3,2,09,15,13,043,,25,16,160,,27,05,296,,28,13,207,,0*6B
1780394919.163,$GPGSV,3,3,09,28,13,207,,0*51
1780394919.163,$GLGSV,2,1,05,65,24,008,38,66,29,312,23,75,21,079,21,81,21,327,16,1*75
1780394919.164,$GLGSV,2,2,05,88,68,276,38,1*4B
1780394919.165,$GLGSV,2,1,05,66,29,312,26,75,21,079,28,76,24,138,21,81,21,327,25,3*73
1780394919.165,$GLGSV,2,2,05,88,68,276,40,3*46
1780394919.165,$GLGSV,1,1,03,67,03,263,,77,04,180,,87,29,169,,0*48
1780394919.166,$GAGSV,3,1,09,04,38,019,33,05,21,245,24,06,56,350,35,09,59,299,26,2*7F
1780394919.167,$GAGSV,3,2,09,10,71,112,38,11,72,356,33,12,47,132,32,28,18,035,10,2*70
1780394919.167,$GAGSV,3,3,09,36,23,329,26,2*47
1780394919.168,$GAGSV,3,1,09,04,38,019,35,05,21,245,30,06,56,350,37,09,59,299,30,7*7C
1780394919.169,$GAGSV,3,2,09,10,71,112,40,11,72,356,38,12,47,132,35,28,18,035,19,7*7F
1780394919.169,$GAGSV,3,3,09,36,23,329,26,7*42
1780394919.170,$GAGSV,1,1,02,16,07,190,,31,11,139,,0*77
1780394919.170,$GBGSV,2,1,08,06,40,034,37,07,66,118,41,08,23,178,25,09,37,000,36,1*7E
1780394919.171,$GBGSV,2,2,08,10,61,143,41,13,27,305,24,14,30,029,37,24,35,157,24,1*70
1780394919.172,$GBGSV,1,1,02,09,37,000,30,10,61,143,36,3*7D
1780394919.172,$GBGSV,3,1,10,01,42,106,,02,63,244,,03,72,138,,04,22,095,,0*75
1780394919.173,$GBGSV,3,2,10,04,22,095,,21,16,050,,25,01,203,,26,37,096,,0*76
1780394919.173,$GBGSV,3,3,10,26,37,096,,28,03,319,,0*7B
1780394919.174,$GNGLL,1339.01479,N,10029.57903,E,100839.00,A,D*70
1780394920.177,$GNRMC,100840.00,A,1339.01479,N,10029.57904,E,0.030,,020626,0.53,W,R,V*40
1780394920.179,$GNVTG,,T,,M,0.030,N,0.056,K,D*38
1780394920.181,$GNGGA,100840.00,1339.01479,N,10029.57904,E,4,12,0.93,-1.0,M,-27.8,M,1.0,0499*62
1780394920.183,$GNGSA,A,3,10,18,23,24,32,,,,,,,,1.67,0.93,1.39,1*0E
1780394920.184,$GNGSA,A,3,66,75,65,88,76,81,,,,,,,1.67,0.93,1.39,2*0A
1780394920.186,$GNGSA,A,3,05,12,04,06,09,10,11,36,,,,,1.67,0.93,1.39,3*0B
1780394920.188,$GNGSA,A,3,06,07,08,09,10,13,14,,,,,,1.67,0.93,1.39,4*03
1780394920.191,$GPGSV,2,1,08,10,20,325,31,18,88,175,42,23,39,001,40,24,43,047,32,1*6B
1780394920.192,$GPGSV,2,2,08,32,30,267,34,40,36,258,36,41,64,233,40,42,70,217,41,1*60
1780394920.194,$GPGSV,2,1,05,10,20,325,19,18,88,175,41,23,39,001,38,24,43,047,28,6*6C
1780394920.194,$GPGSV,2,2,05,32,30,267,26,6*53
1780394920.196,$GPGSV,3,1,09,05,06,101,,12,12,124,,13,17,122,,15,13,043,,0*6E
1780394920.197,$GPGSV,3,2,09,15,13,043,,25,16,160,,27,05,296,,28,13,207,,0*6B
1780394920.197,$GPGSV,3,3,09,28,13,207,,0*51
1780394920.198,$GLGSV,2,1,06,65,24,008,38,66,29,312,23,75,21,079,22,76,24,138,18,1*7A
1780394920.199,$GLGSV,2,2,06,81,21,327,17,88,68,276,38,1*72
1780394920.200,$GLGSV,2,1,05,66,29,312,25,75,21,079,27,76,24,138,21,81,21,327,26,3*7C
1780394920.201,$GLGSV,2,2,05,88,68,276,40,3*46
1780394920.201,$GLGSV,1,1,03,67,03,263,,77,04,180,,87,29,169,,0*48
1780394920.202,$GAGSV,3,1,09,04,38,019,33,05,21,245,23,06,56,350,35,09,59,299,25,2*7B
1780394920.203,$GAGSV,3,2,09,10,71,112,38,11,72,356,33,12,47,132,32,28,18,035,11,2*71
1780394920.203,$GAGSV,3,3,09,36,23,329,26,2*47
1780394920.204,$GAGSV,3,1,09,04,38,019,35,05,21,245,31,06,56,350,37,09,59,299,30,7*7D
1780394920.205,$GAGSV,3,2,09,10,71,112,40,11,72,356,38,12,47,132,35,28,18,035,19,7*7F
1780394920.206,$GAGSV,3,3,09,36,23,329,27,7*43
1780394920.206,$GAGSV,1,1,02,16,07,190,,31,11,139,,0*77
1780394920.207,$GBGSV,2,1,08,06,40,034,37,07,66,118,41,08,23,178,25,09,37,000,36,1*7E
1780394920.207,$GBGSV,2,2,08,10,61,143,41,13,27,305,25,14,30,029,37,24,35,157,24,1*71
1780394920.208,$GBGSV,1,1,02,09,37,000,30,10,61,143,36,3*7D
1780394920.209,$GBGSV,3,1,10,01,42,106,,02,63,244,,03,72,138,,04,22,095,,0*75
1780394920.210,$GBGSV,3,2,10,04,22,095,,21,16,050,,25,01,203,,26,37,096,,0*76
1780394920.210,$GBGSV,3,3,10,26,37,096,,28,03,319,,0*7B
1780394920.211,$GNGLL,1339.01479,N,10029.57904,E,100840.00,A,D*79
1780394921.146,$GNRMC,100841.00,A,1339.01479,N,10029.57903,E,0.004,,020626,0.53,W,R,V*41
1780394921.148,$GNVTG,,T,,M,0.004,N,0.008,K,D*34
1780394921.149,$GNGGA,100841.00,1339.01479,N,10029.57903,E,4,12,0.93,-1.0,M,-27.8,M,1.0,0499*64
1780394921.150,$GNGSA,A,3,10,18,23,24,32,,,,,,,,1.67,0.93,1.39,1*0E
1780394921.150,$GNGSA,A,3,66,75,65,88,76,81,,,,,,,1.67,0.93,1.39,2*0A
1780394921.151,$GNGSA,A,3,05,12,04,06,09,10,11,28,36,,,,1.67,0.93,1.39,3*01
1780394921.151,$GNGSA,A,3,06,07,08,09,10,13,14,,,,,,1.67,0.93,1.39,4*03
1780394921.152,$GPGSV,2,1,08,10,20,325,32,18,88,175,42,23,39,001,40,24,43,047,32,1*68
1780394921.153,$GPGSV,2,2,08,32,30,267,33,40,36,258,36,41,64,233,40,42,70,217,42,1*64
1780394921.153,$GPGSV,2,1,05,10,20,325,18,18,88,175,41,23,39,001,38,24,43,047,28,6*6D
1780394921.154,$GPGSV,2,2,05,32,30,267,26,6*53
1780394921.155,$GPGSV,3,1,09,05,06,101,,12,12,124,,13,17,122,,15,13,043,,0*6E
1780394921.155,$GPGSV,3,2,09,15,13,043,,25,16,160,,27,05,296,,28,13,207,,0*6B
1780394921.155,$GPGSV,3,3,09,28,13,207,,0*51
1780394921.156,$GLGSV,2,1,06,65,24,008,38,66,29,312,25,75,21,079,21,76,24,138,19,1*7E
1780394921.157,$GLGSV,2,2,06,81,21,327,19,88,68,276,38,1*7C
1780394921.157,$GLGSV,2,1,05,66,29,312,25,75,21,079,27,76,24,138,21,81,21,327,26,3*7C
1780394921.158,$GLGSV,2,2,05,88,68,276,40,3*46
1780394921.158,$GLGSV,1,1,03,67,03,263,,77,04,180,,87,29,169,,0*48
1780394921.159,$GAGSV,3,1,09,04,38,019,34,05,21,245,24,06,56,350,35,09,59,299,25,2*7B
1780394921.160,$GAGSV,3,2,09,10,71,112,38,11,72,356,33,12,47,132,32,28,18,035,12,2*72
1780394921.160,$GAGSV,3,3,09,36,23,329,26,2*47
1780394921.161,$GAGSV,3,1,09,04,38,019,35,05,21,245,31,06,56,350,37,09,59,299,30,7*7D
1780394921.161,$GAGSV,3,2,09,10,71,112,39,11,72,356,38,12,47,132,35,28,18,035,20,7*7B
1780394921.162,$GAGSV,3,3,09,36,23,329,27,7*43
1780394921.162,$GAGSV,1,1,02,16,07,190,,31,11,139,,0*77
1780394921.163,$GBGSV,2,1,08,06,40,034,37,07,66,118,41,08,23,178,25,09,37,000,36,1*7E
1780394921.163,$GBGSV,2,2,08,10,61,143,41,13,27,305,25,14,30,029,37,24,35,157,22,1*77
1780394921.164,$GBGSV,1,1,02,09,37,000,30,10,61,143,36,3*7D
1780394921.164,$GBGSV,3,1,10,01,42,106,,02,63,244,,03,72,138,,04,22,095,,0*75
1780394921.165,$GBGSV,3,2,10,04,22,095,,21,16,050,,25,01,203,,26,37,096,,0*76
1780394921.165,$GBGSV,3,3,10,26,37,096,,28,03,319,,0*7B
1780394921.166,$GNGLL,1339.01479,N,10029.57903,E,100841.00,A,D*7F
1780394922.177,$GNRMC,100842.00,A,1339.01479,N,10029.57904,E,0.017,,020626,0.53,W,R,V*47
1780394922.178,$GNVTG,,T,,M,0.017,N,0.032,K,D*3F
1780394922.179,$GNGGA,100842.00,1339.01479,N,10029.57904,E,4,12,0.93,-1.0,M,-27.8,M,1.0,0499*60
1780394922.179,$GNGSA,A,3,10,18,23,24,32,,,,,,,,1.67,0.93,1.39,1*0E
1780394922.180,$GNGSA,A,3,66,75,65,88,76,81,,,,,,,1.67,0.93,1.39,2*0A
1780394922.181,$GNGSA,A,3,05,12,04,06,09,10,11,36,,,,,1.67,0.93,1.39,3*0B
1780394922.181,$GNGSA,A,3,06,07,08,09,10,13,14,,,,,,1.67,0.93,1.39,4*03
1780394922.182,$GPGSV,2,1,08,10,20,325,33,18,88,175,42,23,39,001,40,24,43,047,32,1*69
1780394922.183,$GPGSV,2,2,08,32,30,267,33,40,36,258,36,41,64,233,40,42,70,217,41,1*67
1780394922.183,$GPGSV,2,1,05,10,20,325,18,18,88,175,41,23,39,001,38,24,43,047,27,6*62
1780394922.184,$GPGSV,2,2,05,32,30,267,26,6*53
1780394922.184,$GPGSV,3,1,09,05,06,101,,12,12,124,,13,17,122,,15,13,043,,0*6E
1780394922.185,$GPGSV,3,2,09,15,13,043,,25,16,160,,27,05,296,,28,13,207,,0*6B
1780394922.185,$GPGSV,3,3,09,28,13,207,,0*51
1780394922.186,$GLGSV,2,1,06,65,24,008,38,66,29,312,26,75,21,079,19,76,24,138,18,1*77
1780394922.186,$GLGSV,2,2,06,81,21,327,20,88,68,276,38,1*76
1780394922.187,$GLGSV,2,1,05,66,29,312,25,75,21,079,27,76,24,138,21,81,21,327,27,3*7D
1780394922.187,$GLGSV,2,2,05,88,68,276,40,3*46
1780394922.188,$GLGSV,1,1,03,67,03,263,,77,04,180,,87,29,169,,0*48
1780394922.189,$GAGSV,3,1,09,04,38,019,34,05,21,245,24,06,56,350,35,09,59,299,26,2*78
1780394922.189,$GAGSV,3,2,09,10,71,112,38,11,72,356,33,12,47,132,32,28,18,035,11,2*71
1780394922.190,$GAGSV,3,3,09,36,23,329,26,2*47
1780394922.190,$GAGSV,3,1,09,04,38,019,35,05,21,245,31,06,56,350,37,09,59,299,30,7*7D
1780394922.191,$GAGSV,3,2,09,10,71,112,39,11,72,356,38,12,47,132,35,28,18,035,19,7*71
1780394922.191,$GAGSV,3,3,09,36,23,329,26,7*42
1780394922.192,$GAGSV,1,1,02,16,07,190,,31,11,139,,0*77
1780394922.192,$GBGSV,2,1,08,06,40,034,37,07,66,118,41,08,23,178,25,09,37,000,36,1*7E
1780394922.193,$GBGSV,2,2,08,10,61,143,41,13,27,305,25,14,30,029,37,24,35,157,22,1*77
1780394922.193,$GBGSV,1,1,02,09,37,000,30,10,61,143,36,3*7D
1780394922.194,$GBGSV,3,1,10,01,42,106,,02,63,244,,03,72,138,,04,22,095,,0*75
1780394922.195,$GBGSV,3,2,10,04,22,095,,21,16,050,,25,01,203,,26,37,096,,0*76
1780394922.195,$GBGSV,3,3,10,26,37,096,,28,03,319,,0*7B
1780394922.195,$GNGLL,1339.01479,N,10029.57904,E,100842.00,A,D*7B
1780394923.154,$GNRMC,100843.00,A,1339.01479,N,10029.57904,E,0.017,,020626,0.53,W,R,V*46
1780394923.156,$GNVTG,,T,,M,0.017,N,0.031,K,D*3C
1780394923.160,$GNGGA,100843.00,1339.01479,N,10029.57904,E,4,12,0.93,-1.0,M,-27.8,M,2.0,0499*62
1780394923.162,$GNGSA,A,3,10,18,23,24,32,,,,,,,,1.67,0.93,1.39,1*0E
1780394923.164,$GNGSA,A,3,66,75,65,88,76,81,,,,,,,1.67,0.93,1.39,2*0A
1780394923.165,$GNGSA,A,3,05,12,04,06,09,10,11,36,,,,,1.67,0.93,1.39,3*0B
1780394923.167,$GNGSA,A,3,06,07,08,09,10,13,14,,,,,,1.67,0.93,1.39,4*03
1780394923.170,$GPGSV,2,1,08,10,20,325,33,18,88,175,42,23,39,001,40,24,43,047,32,1*69
1780394923.172,$GPGSV,2,2,08,32,30,267,33,40,36,258,36,41,64,233,40,42,70,217,41,1*67
1780394923.176,$GPGSV,2,1,05,10,20,325,18,18,88,175,41,23,39,001,38,24,43,047,27,6*62
1780394923.177,$GPGSV,2,2,05,32,30,267,26,6*53
1780394923.179,$GPGSV,3,1,09,05,06,101,,12,12,124,,13,17,122,,15,13,043,,0*6E
1780394923.181,$GPGSV,3,2,09,15,13,043,,25,16,160,,27,05,296,,28,13,207,,0*6B
1780394923.182,$GPGSV,3,3,09,28,13,207,,0*51
1780394923.183,$GLGSV,2,1,06,65,24,008,38,66,29,312,26,75,21,079,18,76,24,138,17,1*79
1780394923.184,$GLGSV,2,2,06,81,21,327,21,88,68,276,38,1*77
1780394923.185,$GLGSV,2,1,05,66,29,312,25,75,21,079,27,76,24,138,22,81,21,327,27,3*7E
1780394923.186,$GLGSV,2,2,05,88,68,276,40,3*46
1780394923.186,$GLGSV,1,1,03,67,03,263,,77,04,180,,87,29,169,,0*48
1780394923.187,$GAGSV,3,1,09,04,38,019,34,05,21,245,25,06,56,350,35,09,59,299,26,2*79
1780394923.188,$GAGSV,3,2,09,10,71,112,38,11,72,356,33,12,47,132,32,28,18,035,09,2*78
1780394923.189,$GAGSV,3,3,09,36,23,329,26,2*47
1780394923.190,$GAGSV,3,1,09,04,38,019,36,05,21,245,31,06,56,350,37,09,59,299,29,7*76
1780394923.191,$GAGSV,3,2,09,10,71,112,39,11,72,356,38,12,47,132,35,28,18,035,18,7*70
1780394923.192,$GAGSV,3,3,09,36,23,329,26,7*42
1780394923.192,$GAGSV,1,1,02,16,07,190,,31,11,139,,0*77
1780394923.194,$GBGSV,2,1,08,06,40,034,37,07,66,118,41,08,23,178,25,09,37,000,36,1*7E
1780394923.195,$GBGSV,2,2,08,10,61,143,41,13,27,305,25,14,30,029,37,24,35,157,22,1*77
1780394923.196,$GBGSV,1,1,02,09,37,000,30,10,61,143,36,3*7D
1780394923.196,$GBGSV,3,1,10,01,42,106,,02,63,244,,03,72,138,,04,22,095,,0*75
1780394923.197,$GBGSV,3,2,10,04,22,095,,21,16,050,,25,01,203,,26,37,096,,0*76
1780394923.197,$GBGSV,3,3,10,26,37,096,,28,03,319,,0*7B
1780394923.198,$GNGLL,1339.01479,N,10029.57904,E,100843.00,A,D*7A
1780394924.176,$GNRMC,100844.00,A,1339.01480,N,10029.57904,E,0.019,,020626,0.53,W,R,V*49
1780394924.178,$GNVTG,,T,,M,0.019,N,0.035,K,D*36
1780394924.180,$GNGGA,100844.00,1339.01480,N,10029.57904,E,4,12,0.99,-1.0,M,-27.8,M,1.0,0499*6A
1780394924.180,$GNGSA,A,3,10,18,23,24,32,,,,,,,,1.72,0.99,1.41,1*0F
1780394924.181,$GNGSA,A,3,66,75,65,88,76,81,,,,,,,1.72,0.99,1.41,2*0B
1780394924.181,$GNGSA,A,3,05,12,04,06,09,10,11,36,,,,,1.72,0.99,1.41,3*0A
1780394924.182,$GNGSA,A,3,06,07,08,09,10,13,14,,,,,,1.72,0.99,1.41,4*02
1780394924.182,$GPGSV,2,1,08,10,20,325,33,18,88,175,43,23,39,001,39,24,43,047,32,1*66
1780394924.183,$GPGSV,2,2,08,32,30,267,33,40,36,258,36,41,64,233,40,42,70,217,42,1*64
1780394924.183,$GPGSV,2,1,05,10,20,325,18,18,88,175,41,23,39,001,38,24,43,047,27,6*62
1780394924.184,$GPGSV,2,2,05,32,30,267,26,6*53
1780394924.184,$GPGSV,3,1,09,05,06,101,,12,12,124,,13,17,122,,15,13,043,,0*6E
1780394924.185,$GPGSV,3,2,09,15,13,043,,25,16,160,,27,05,296,,28,13,207,,0*6B
1780394924.185,$GPGSV,3,3,09,28,13,207,,0*51
1780394924.186,$GLGSV,2,1,06,65,24,009,38,66,29,312,27,75,21,079,19,76,24,138,17,1*78
1780394924.186,$GLGSV,2,2,06,81,21,327,21,88,68,276,38,1*77
1780394924.187,$GLGSV,2,1,05,66,29,312,25,75,21,079,27,76,24,138,22,81,21,327,28,3*71
1780394924.187,$GLGSV,2,2,05,88,68,276,39,3*48
1780394924.188,$GLGSV,1,1,03,67,03,263,,77,04,180,,87,29,169,,0*48
1780394924.188,$GAGSV,3,1,09,04,38,019,34,05,21,245,24,06,56,350,35,09,59,299,26,2*78
1780394924.189,$GAGSV,3,2,09,10,71,112,38,11,72,356,34,12,47,132,32,28,18,035,08,2*7E
1780394924.189,$GAGSV,3,3,09,36,23,329,26,2*47
1780394924.190,$GAGSV,3,1,09,04,38,019,36,05,21,245,31,06,56,350,37,09,59,299,29,7*76
1780394924.191,$GAGSV,3,2,09,10,71,112,39,11,72,356,38,12,47,132,35,28,18,035,18,7*70
1780394924.191,$GAGSV,3,3,09,36,23,329,26,7*42
1780394924.191,$GAGSV,1,1,02,16,07,190,,31,11,139,,0*77
1780394924.192,$GBGSV,2,1,08,06,40,034,37,07,66,118,41,08,23,178,25,09,37,000,36,1*7E
1780394924.193,$GBGSV,2,2,08,10,61,143,40,13,27,305,25,14,30,029,37,24,35,157,20,1*74
1780394924.193,$GBGSV,1,1,02,09,37,000,30,10,61,143,36,3*7D
1780394924.194,$GBGSV,3,1,10,01,42,106,,02,63,244,,03,72,138,,04,22,095,,0*75
1780394924.194,$GBGSV,3,2,10,04,22,095,,21,16,050,,25,01,203,,26,37,096,,0*76
1780394924.195,$GBGSV,3,3,10,26,37,096,,28,03,319,,0*7B
1780394924.195,$GNGLL,1339.01480,N,10029.57904,E,100844.00,A,D*7B
1780394925.153,$GNRMC,100845.00,A,1339.01480,N,10029.57903,E,0.028,,020626,0.53,W,R,V*4D
1780394925.154,$GNVTG,,T,,M,0.028,N,0.051,K,D*36
1780394925.157,$GNGGA,100845.00,1339.01480,N,10029.57903,E,4,12,0.99,-1.0,M,-27.8,M,1.0,0499*6C
1780394925.160,$GNGSA,A,3,10,18,23,24,32,,,,,,,,1.72,0.99,1.41,1*0F
1780394925.162,$GNGSA,A,3,66,75,65,88,76,81,,,,,,,1.72,0.99,1.41,2*0B
1780394925.164,$GNGSA,A,3,05,12,04,06,09,10,11,36,,,,,1.72,0.99,1.41,3*0A
1780394925.166,$GNGSA,A,3,06,07,08,09,10,13,14,,,,,,1.72,0.99,1.41,4*02
1780394925.168,$GPGSV,2,1,08,10,20,325,34,18,88,175,43,23,39,001,40,24,43,047,32,1*6F
1780394925.170,$GPGSV,2,2,08,32,30,267,33,40,36,258,36,41,64,233,40,42,70,217,41,1*67
1780394925.173,$GPGSV,2,1,05,10,20,325,17,18,88,175,41,23,39,001,38,24,43,047,27,6*6D
1780394925.174,$GPGSV,2,2,05,32,30,267,26,6*53
1780394925.177,$GPGSV,3,1,09,05,06,101,,12,12,124,,13,17,122,,15,13,043,,0*6E
1780394925.179,$GPGSV,3,2,09,15,13,043,,25,16,160,,27,05,296,,28,13,207,,0*6B
1780394925.181,$GPGSV,3,3,09,28,13,207,,0*51
1780394925.182,$GLGSV,2,1,06,65,24,009,38,66,29,313,27,75,21,078,20,76,24,138,17,1*72
1780394925.184,$GLGSV,2,2,06,81,21,327,22,88,68,276,38,1*74
1780394925.185,$GLGSV,2,1,05,66,29,313,24,75,21,078,26,76,24,138,22,81,21,327,28,3*71
1780394925.186,$GLGSV,2,2,05,88,68,276,39,3*48
1780394925.186,$GLGSV,1,1,03,67,03,263,,77,04,180,,87,29,169,,0*48
1780394925.187,$GAGSV,2,1,08,04,38,019,34,05,21,245,23,06,56,350,35,09,59,299,26,2*7F
1780394925.188,$GAGSV,2,2,08,10,71,112,38,11,72,356,33,12,47,132,32,36,23,329,26,2*7C
1780394925.189,$GAGSV,3,1,09,04,38,019,36,05,21,245,32,06,56,350,37,09,59,299,29,7*75
1780394925.190,$GAGSV,3,2,09,10,71,112,39,11,72,356,38,12,47,132,35,28,18,035,19,7*71
1780394925.191,$GAGSV,3,3,09,36,23,329,26,7*42
1780394925.192,$GAGSV,1,1,02,16,07,190,,31,11,139,,0*77
1780394925.193,$GBGSV,2,1,08,06,40,034,37,07,66,118,41,08,23,178,26,09,37,000,36,1*7D
1780394925.194,$GBGSV,2,2,08,10,61,143,41,13,27,305,25,14,30,029,37,24,35,157,20,1*75
1780394925.195,$GBGSV,1,1,02,09,37,000,30,10,61,143,36,3*7D
1780394925.196,$GBGSV,3,1,10,01,42,106,,02,63,244,,03,72,138,,04,22,095,,0*75
1780394925.196,$GBGSV,3,2,10,04,22,095,,21,16,050,,25,01,203,,26,37,096,,0*76
1780394925.197,$GBGSV,3,3,10,26,37,096,,28,03,319,,0*7B
1780394925.197,$GNGLL,1339.01480,N,10029.57903,E,100845.00,A,D*7D
1780394926.179,$GNRMC,100846.00,A,1339.01479,N,10029.57904,E,0.024,,020626,0.53,W,R,V*43
1780394926.181,$GNVTG,,T,,M,0.024,N,0.044,K,D*3E
1780394926.185,$GNGGA,100846.00,1339.01479,N,10029.57904,E,4,12,0.99,-1.0,M,-27.8,M,1.0,0499*6E
1780394926.186,$GNGSA,A,3,10,18,23,24,32,,,,,,,,1.72,0.99,1.41,1*0F
1780394926.188,$GNGSA,A,3,66,75,65,88,76,81,,,,,,,1.72,0.99,1.41,2*0B
1780394926.189,$GNGSA,A,3,05,12,04,06,09,10,11,36,,,,,1.72,0.99,1.41,3*0A
1780394926.191,$GNGSA,A,3,06,07,08,09,10,13,14,,,,,,1.72,0.99,1.41,4*02
1780394926.193,$GPGSV,2,1,08,10,20,325,34,18,88,175,43,23,39,001,39,24,43,047,32,1*61
1780394926.195,$GPGSV,2,2,08,32,30,267,33,40,36,258,36,41,64,233,40,42,70,217,41,1*67
1780394926.197,$GPGSV,2,1,05,10,20,325,16,18,88,175,41,23,39,001,37,24,43,047,26,6*62
1780394926.197,$GPGSV,2,2,05,32,30,267,26,6*53
1780394926.198,$GPGSV,3,1,09,05,06,101,,12,12,124,,13,17,122,,15,13,043,,0*6E
1780394926.199,$GPGSV,3,2,09,15,13,043,,25,16,160,,27,05,296,,28,13,207,,0*6B
1780394926.200,$GPGSV,3,3,09,28,13,207,,0*51
1780394926.201,$GLGSV,2,1,06,65,24,009,38,66,29,313,27,75,21,078,20,76,24,138,18,1*7D
1780394926.201,$GLGSV,2,2,06,81,21,327,23,88,68,276,38,1*75
1780394926.202,$GLGSV,2,1,05,66,29,313,25,75,21,078,25,76,24,138,22,81,21,327,28,3*73
1780394926.203,$GLGSV,2,2,05,88,68,276,39,3*48
1780394926.203,$GLGSV,1,1,03,67,04,264,,77,04,180,,87,29,169,,0*48
1780394926.204,$GAGSV,2,1,08,04,38,019,34,05,21,245,23,06,56,350,35,09,59,299,25,2*7C
1780394926.205,$GAGSV,2,2,08,10,71,112,38,11,72,356,33,12,47,132,32,36,23,329,26,2*7C
1780394926.206,$GAGSV,3,1,09,04,38,019,36,05,21,245,32,06,56,350,37,09,59,299,29,7*75
1780394926.206,$GAGSV,3,2,09,10,71,112,39,11,72,356,38,12,47,132,35,28,18,035,19,7*71
1780394926.207,$GAGSV,3,3,09,36,23,329,26,7*42
1780394926.207,$GAGSV,1,1,02,16,07,190,,31,11,139,,0*77
1780394926.209,$GBGSV,2,1,08,06,40,034,37,07,66,118,41,08,23,178,25,09,37,000,36,1*7E
1780394926.210,$GBGSV,2,2,08,10,61,143,41,13,27,305,26,14,30,029,37,24,35,157,20,1*76
1780394926.211,$GBGSV,1,1,02,09,37,000,30,10,61,143,36,3*7D
1780394926.211,$GBGSV,3,1,10,01,42,106,,02,63,244,,03,72,138,,04,22,095,,0*75
1780394926.212,$GBGSV,3,2,10,04,22,095,,21,16,050,,25,01,203,,26,37,096,,0*76
1780394926.213,$GBGSV,3,3,10,26,37,096,,28,03,319,,0*7B
1780394926.213,$GNGLL,1339.01479,N,10029.57904,E,100846.00,A,D*7F
1780394927.152,$GNRMC,100847.00,A,1339.01479,N,10029.57904,E,0.016,,020626,0.53,W,R,V*43
1780394927.153,$GNVTG,,T,,M,0.016,N,0.030,K,D*3C
1780394927.155,$GNGGA,100847.00,1339.01479,N,10029.57904,E,4,12,0.99,-1.0,M,-27.8,M,1.0,0499*6F
1780394927.156,$GNGSA,A,3,10,18,23,24,32,,,,,,,,1.72,0.99,1.41,1*0F
1780394927.156,$GNGSA,A,3,66,75,65,88,76,81,,,,,,,1.72,0.99,1.41,2*0B
1780394927.157,$GNGSA,A,3,05,12,04,06,09,10,11,36,,,,,1.72,0.99,1.41,3*0A
1780394927.158,$GNGSA,A,3,06,07,08,09,10,13,14,,,,,,1.72,0.99,1.41,4*02
1780394927.158,$GPGSV,2,1,08,10,20,325,34,18,88,175,43,23,39,001,39,24,43,047,31,1*62
1780394927.159,$GPGSV,2,2,08,32,30,267,33,40,36,258,36,41,64,233,40,42,70,217,42,1*64
1780394927.160,$GPGSV,2,1,05,10,20,325,15,18,88,175,41,23,39,001,37,24,43,047,25,6*62
1780394927.160,$GPGSV,2,2,05,32,30,267,26,6*53
1780394927.161,$GPGSV,3,1,09,05,06,101,,12,12,124,,13,17,122,,15,13,043,,0*6E
1780394927.162,$GPGSV,3,2,09,15,13,043,,25,16,160,,27,05,296,,28,13,207,,0*6B
1780394927.162,$GPGSV,3,3,09,28,13,207,,0*51
1780394927.163,$GLGSV,2,1,06,65,24,009,38,66,29,313,27,75,21,078,19,76,24,138,19,1*76
1780394927.163,$GLGSV,2,2,06,81,21,327,23,88,68,276,38,1*75
1780394927.164,$GLGSV,2,1,05,66,29,313,24,75,21,078,25,76,24,138,22,81,21,327,27,3*7D
1780394927.165,$GLGSV,2,2,05,88,68,276,39,3*48
1780394927.165,$GLGSV,1,1,03,67,04,264,,77,04,180,,87,29,169,,0*48
1780394927.166,$GAGSV,2,1,08,04,38,019,34,05,21,245,23,06,56,350,35,09,59,299,25,2*7C
1780394927.167,$GAGSV,2,2,08,10,71,112,38,11,72,356,33,12,47,132,32,36,23,329,26,2*7C
1780394927.168,$GAGSV,3,1,09,04,38,019,36,05,21,245,32,06,56,350,37,09,59,299,29,7*75
1780394927.169,$GAGSV,3,2,09,10,71,112,39,11,72,356,38,12,47,132,35,28,18,035,18,7*70
1780394927.170,$GAGSV,3,3,09,36,23,329,25,7*41
1780394927.171,$GAGSV,1,1,02,16,07,190,,31,11,139,,0*77
1780394927.171,$GBGSV,2,1,08,06,40,034,37,07,66,118,41,08,23,178,25,09,37,000,36,1*7E
1780394927.172,$GBGSV,2,2,08,10,61,143,41,13,27,305,26,14,30,029,36,24,35,157,21,1*76
1780394927.173,$GBGSV,1,1,02,09,37,000,30,10,61,143,36,3*7D
1780394927.173,$GBGSV,3,1,10,01,42,106,,02,63,244,,03,72,138,,04,22,095,,0*75
1780394927.174,$GBGSV,3,2,10,04,22,095,,21,16,050,,25,01,203,,26,37,096,,0*76
1780394927.174,$GBGSV,3,3,10,26,37,096,,28,03,319,,0*7B
1780394927.175,$GNGLL,1339.01479,N,10029.57904,E,100847.00,A,D*7E
1780394928.173,$GNRMC,100848.00,A,1339.01479,N,10029.57904,E,0.032,,020626,0.53,W,R,V*4A
1780394928.173,$GNVTG,,T,,M,0.032,N,0.060,K,D*3F
1780394928.174,$GNGGA,100848.00,1339.01479,N,10029.57904,E,4,12,0.99,-1.0,M,-27.8,M,1.0,0499*60
1780394928.174,$GNGSA,A,3,10,18,23,24,32,,,,,,,,1.72,0.99,1.41,1*0F
1780394928.175,$GNGSA,A,3,66,75,65,88,76,81,,,,,,,1.72,0.99,1.41,2*0B
1780394928.175,$GNGSA,A,3,05,12,04,06,09,10,11,36,,,,,1.72,0.99,1.41,3*0A
1780394928.175,$GNGSA,A,3,06,07,08,09,10,13,14,,,,,,1.72,0.99,1.41,4*02
1780394928.176,$GPGSV,2,1,08,10,20,325,35,18,88,175,43,23,39,001,39,24,43,047,31,1*63
1780394928.176,$GPGSV,2,2,08,32,30,267,33,40,36,258,37,41,64,233,40,42,70,217,42,1*65
1780394928.177,$GPGSV,2,1,05,10,20,325,14,18,88,175,41,23,39,001,37,24,43,047,25,6*63
1780394928.177,$GPGSV,2,2,05,32,30,267,26,6*53
1780394928.178,$GPGSV,3,1,09,05,06,101,,12,12,124,,13,17,122,,15,13,043,,0*6E
1780394928.179,$GPGSV,3,2,09,15,13,043,,25,16,160,,27,05,296,,28,13,207,,0*6B
1780394928.179,$GPGSV,3,3,09,28,13,207,,0*51
1780394928.179,$GLGSV,2,1,07,65,24,009,38,66,29,313,27,75,21,078,18,76,24,138,19,1*76
1780394928.180,$GLGSV,2,2,07,81,21,327,24,87,29,169,06,88,68,276,38,1*4F
1780394928.181,$GLGSV,2,1,05,66,29,313,22,75,21,078,24,76,24,138,22,81,21,327,27,3*7A
1780394928.181,$GLGSV,2,2,05,88,68,276,39,3*48
1780394928.181,$GLGSV,1,1,02,67,04,264,,77,04,180,,0*73
1780394928.182,$GAGSV,2,1,08,04,38,019,34,05,21,245,23,06,56,350,34,09,59,299,26,2*7E
1780394928.182,$GAGSV,2,2,08,10,71,112,37,11,72,356,33,12,47,132,32,36,23,329,25,2*70
1780394928.183,$GAGSV,3,1,09,04,38,019,36,05,21,245,32,06,56,350,37,09,59,299,29,7*75
1780394928.184,$GAGSV,3,2,09,10,71,112,39,11,72,356,38,12,47,132,35,28,18,035,18,7*70
1780394928.184,$GAGSV,3,3,09,36,23,329,25,7*41
1780394928.184,$GAGSV,1,1,02,16,07,190,,31,11,139,,0*77
1780394928.185,$GBGSV,2,1,08,06,40,034,37,07,66,118,41,08,23,178,26,09,37,000,36,1*7D
1780394928.186,$GBGSV,2,2,08,10,61,143,41,13,27,305,25,14,30,029,37,24,35,157,20,1*75
1780394928.186,$GBGSV,1,1,02,09,37,000,29,10,61,143,36,3*75
1780394928.187,$GBGSV,3,1,10,01,42,106,,02,63,244,,03,72,138,,04,22,095,,0*75
1780394928.187,$GBGSV,3,2,10,04,22,095,,21,16,050,,25,01,203,,26,37,096,,0*76
1780394928.187,$GBGSV,3,3,10,26,37,096,,28,03,319,,0*7B
1780394928.188,$GNGLL,1339.01479,N,10029.57904,E,100848.00,A,D*71
1780394929.150,$GNRMC,100849.00,A,1339.01480,N,10029.57905,E,0.030,,020626,0.53,W,R,V*4E
1780394929.150,$GNVTG,,T,,M,0.030,N,0.055,K,D*3B
1780394929.151,$GNGGA,100849.00,1339.01480,N,10029.57905,E,4,12,0.99,-1.0,M,-27.8,M,1.0,0499*66
1780394929.152,$GNGSA,A,3,10,18,23,24,32,,,,,,,,1.72,0.99,1.41,1*0F
1780394929.153,$GNGSA,A,3,66,75,65,88,76,81,,,,,,,1.72,0.99,1.41,2*0B
1780394929.153,$GNGSA,A,3,05,12,04,06,09,10,11,36,,,,,1.72,0.99,1.41,3*0A
1780394929.154,$GNGSA,A,3,06,07,08,09,10,13,14,,,,,,1.72,0.99,1.41,4*02
1780394929.155,$GPGSV,2,1,08,10,20,325,34,18,88,175,43,23,39,001,39,24,43,047,31,1*62
1780394929.156,$GPGSV,2,2,08,32,30,267,33,40,36,258,37,41,64,233,40,42,70,217,42,1*65
1780394929.157,$GPGSV,2,1,05,10,20,325,14,18,88,175,41,23,39,001,37,24,43,047,25,6*63
1780394929.157,$GPGSV,2,2,05,32,30,267,26,6*53
1780394929.158,$GPGSV,3,1,09,05,06,101,,12,12,124,,13,17,122,,15,13,043,,0*6E
1780394929.159,$GPGSV,3,2,09,15,13,043,,25,16,160,,27,05,296,,28,13,207,,0*6B
1780394929.160,$GPGSV,3,3,09,28,13,207,,0*51
1780394929.161,$GLGSV,2,1,07,65,24,009,38,66,29,313,26,75,21,078,16,76,24,138,19,1*79
1780394929.161,$GLGSV,2,2,07,81,21,327,25,87,29,169,08,88,68,276,38,1*40
1780394929.162,$GLGSV,2,1,05,66,29,313,21,75,21,078,23,76,24,138,22,81,21,327,27,3*7E
1780394929.163,$GLGSV,2,2,05,88,68,276,39,3*48
1780394929.164,$GLGSV,1,1,02,67,04,264,,77,04,180,,0*73
1780394929.165,$GAGSV,2,1,08,04,38,019,34,05,21,245,23,06,56,350,34,09,59,299,26,2*7E
1780394929.166,$GAGSV,2,2,08,10,71,112,37,11,72,356,33,12,47,132,31,36,23,329,25,2*73
1780394929.167,$GAGSV,3,1,09,04,38,019,36,05,21,245,32,06,56,350,38,09,59,299,29,7*7A
1780394929.168,$GAGSV,3,2,09,10,71,112,39,11,72,356,38,12,47,132,35,28,18,035,19,7*71
1780394929.169,$GAGSV,3,3,09,36,23,329,25,7*41
1780394929.169,$GAGSV,1,1,02,16,07,190,,31,11,139,,0*77
1780394929.170,$GBGSV,2,1,08,06,40,034,37,07,66,118,41,08,23,178,25,09,37,000,36,1*7E
1780394929.171,$GBGSV,2,2,08,10,61,143,41,13,27,305,25,14,30,029,36,24,35,157,19,1*7E
1780394929.172,$GBGSV,1,1,02,09,37,000,29,10,61,143,36,3*75
1780394929.173,$GBGSV,3,1,10,01,42,106,,02,63,244,,03,72,138,,04,22,095,,0*75
1780394929.174,$GBGSV,3,2,10,04,22,095,,21,16,050,,25,01,203,,26,37,096,,0*76
1780394929.175,$GBGSV,3,3,10,26,37,096,,28,03,319,,0*7B
1780394929.176,$GNGLL,1339.01480,N,10029.57905,E,100849.00,A,D*77
1780394930.169,$GNRMC,100850.00,A,1339.01479,N,10029.57904,E,0.024,,020626,0.53,W,R,V*44
1780394930.171,$GNVTG,,T,,M,0.024,N,0.044,K,D*3E
1780394930.173,$GNGGA,100850.00,1339.01479,N,10029.57904,E,4,12,0.99,-1.0,M,-27.8,M,1.0,0499*69
1780394930.175,$GNGSA,A,3,10,18,23,24,32,,,,,,,,1.72,0.99,1.41,1*0F
1780394930.176,$GNGSA,A,3,66,75,65,88,76,81,,,,,,,1.72,0.99,1.41,2*0B
1780394930.178,$GNGSA,A,3,05,12,04,06,09,10,11,36,,,,,1.72,0.99,1.41,3*0A
1780394930.180,$GNGSA,A,3,06,07,08,09,10,13,14,,,,,,1.72,0.99,1.41,4*02
1780394930.182,$GPGSV,2,1,08,10,20,325,34,18,88,175,43,23,39,001,39,24,43,047,31,1*62
1780394930.184,$GPGSV,2,2,08,32,30,267,33,40,36,258,37,41,64,233,40,42,70,217,42,1*65
1780394930.186,$GPGSV,2,1,05,10,20,325,13,18,88,175,41,23,39,001,37,24,43,047,25,6*64
1780394930.188,$GPGSV,2,2,05,32,30,267,26,6*53
1780394930.190,$GPGSV,3,1,09,05,06,101,,12,12,124,,13,17,122,,15,13,043,,0*6E
1780394930.192,$GPGSV,3,2,09,15,13,043,,25,16,160,,27,05,296,,28,13,207,,0*6B
1780394930.193,$GPGSV,3,3,09,28,13,207,,0*51
1780394930.195,$GLGSV,2,1,07,65,24,009,38,66,29,313,24,75,21,078,16,76,24,138,19,1*7B
1780394930.196,$GLGSV,2,2,07,81,21,327,25,87,29,169,12,88,68,276,38,1*4B
1780394930.198,$GLGSV,2,1,05,66,29,313,19,75,21,078,23,76,24,138,22,81,21,327,27,3*75
1780394930.199,$GLGSV,2,2,05,88,68,276,39,3*48
1780394930.200,$GLGSV,1,1,02,67,04,264,,77,04,180,,0*73
1780394930.201,$GAGSV,2,1,08,04,38,019,34,05,21,245,23,06,56,350,34,09,59,299,25,2*7D
1780394930.202,$GAGSV,2,2,08,10,71,112,37,11,72,356,33,12,47,132,32,36,23,329,26,2*73
1780394930.203,$GAGSV,3,1,09,04,38,019,36,05,21,245,33,06,56,350,37,09,59,299,29,7*74
1780394930.204,$GAGSV,3,2,09,10,71,112,39,11,72,356,38,12,47,132,35,28,18,035,19,7*71
1780394930.205,$GAGSV,3,3,09,36,23,329,25,7*41
1780394930.205,$GAGSV,1,1,02,16,07,190,,31,11,139,,0*77
1780394930.206,$GBGSV,2,1,08,06,40,034,37,07,66,118,41,08,23,178,25,09,37,000,36,1*7E
1780394930.207,$GBGSV,2,2,08,10,61,143,41,13,27,305,25,14,30,029,37,24,35,157,19,1*7F
1780394930.208,$GBGSV,1,1,02,09,37,000,29,10,61,143,36,3*75
1780394930.209,$GBGSV,3,1,10,01,42,106,,02,63,244,,03,72,138,,04,22,095,,0*75
1780394930.209,$GBGSV,3,2,10,04,22,095,,21,16,050,,25,01,203,,26,37,096,,0*76
1780394930.210,$GBGSV,3,3,10,26,37,096,,28,03,319,,0*7B
1780394930.211,$GNGLL,1339.01479,N,10029.57904,E,100850.00,A,D*78
1780394931.155,$GNRMC,100851.00,A,1339.01479,N,10029.57904,E,0.039,,020626,0.53,W,R,V*49
1780394931.156,$GNVTG,,T,,M,0.039,N,0.072,K,D*37
1780394931.159,$GNGGA,100851.00,1339.01479,N,10029.57904,E,4,12,0.99,-1.0,M,-27.8,M,1.0,0499*68
1780394931.160,$GNGSA,A,3,10,18,23,24,32,,,,,,,,1.72,0.99,1.41,1*0F
1780394931.162,$GNGSA,A,3,66,75,65,88,76,81,,,,,,,1.72,0.99,1.41,2*0B
1780394931.164,$GNGSA,A,3,05,12,04,06,09,10,11,36,,,,,1.72,0.99,1.41,3*0A
1780394931.165,$GNGSA,A,3,06,07,08,09,10,13,14,,,,,,1.72,0.99,1.41,4*02
1780394931.167,$GPGSV,2,1,08,10,20,325,34,18,88,175,43,23,39,001,39,24,43,047,31,1*62
1780394931.170,$GPGSV,2,2,08,32,30,267,33,40,36,258,37,41,64,233,40,42,70,217,42,1*65
1780394931.172,$GPGSV,2,1,05,10,20,325,09,18,88,175,41,23,39,001,37,24,43,047,25,6*6F
1780394931.174,$GPGSV,2,2,05,32,30,267,25,6*50
1780394931.176,$GPGSV,3,1,09,05,06,101,,12,12,124,,13,17,122,,15,13,043,,0*6E
1780394931.178,$GPGSV,3,2,09,15,13,043,,25,16,160,,27,05,296,,28,13,207,,0*6B
1780394931.179,$GPGSV,3,3,09,28,13,207,,0*51
1780394931.181,$GLGSV,2,1,07,65,24,009,38,66,29,313,21,75,21,078,16,76,24,138,19,1*7E
1780394931.182,$GLGSV,2,2,07,81,21,327,25,87,29,169,14,88,68,276,38,1*4D
1780394931.184,$GLGSV,2,1,05,66,29,313,16,75,21,078,22,76,24,138,22,81,21,327,27,3*7B
1780394931.185,$GLGSV,2,2,05,88,68,276,39,3*48
1780394931.185,$GLGSV,1,1,02,67,04,264,,77,04,180,,0*73
1780394931.186,$GAGSV,2,1,08,04,38,019,34,05,21,245,23,06,56,350,34,09,59,299,25,2*7D
1780394931.188,$GAGSV,2,2,08,10,71,112,37,11,72,356,33,12,47,132,32,36,23,329,25,2*70
1780394931.189,$GAGSV,3,1,09,04,38,019,36,05,21,245,33,06,56,350,38,09,59,299,29,7*7B
1780394931.190,$GAGSV,3,2,09,10,71,112,40,11,72,356,38,12,47,132,35,28,18,035,19,7*7F
1780394931.191,$GAGSV,3,3,09,36,23,329,25,7*41
1780394931.191,$GAGSV,1,1,02,16,07,190,,31,11,139,,0*77
1780394931.192,$GBGSV,2,1,08,06,40,034,37,07,66,118,41,08,23,178,26,09,37,000,36,1*7D
1780394931.193,$GBGSV,2,2,08,10,61,143,41,13,27,305,25,14,30,029,37,24,35,157,19,1*7F
1780394931.193,$GBGSV,1,1,02,09,37,000,29,10,61,143,36,3*75
1780394931.194,$GBGSV,3,1,10,01,42,106,,02,63,244,,03,72,138,,04,22,095,,0*75
1780394931.195,$GBGSV,3,2,10,04,22,095,,21,16,050,,25,01,203,,26,37,096,,0*76
1780394931.196,$GBGSV,3,3,10,26,37,096,,28,03,319,,0*7B
1780394931.197,$GNGLL,1339.01479,N,10029.57904,E,100851.00,A,D*79
1780394932.179,$GNRMC,100852.00,A,1339.01479,N,10029.57904,E,0.012,,020626,0.53,W,R,V*43
1780394932.181,$GNVTG,,T,,M,0.012,N,0.023,K,D*3A
1780394932.184,$GNGGA,100852.00,1339.01479,N,10029.57904,E,4,12,0.98,-1.0,M,-27.8,M,1.0,0499*6A
1780394932.184,$GNGSA,A,3,10,18,23,24,32,,,,,,,,1.73,0.98,1.43,1*0D
1780394932.185,$GNGSA,A,3,75,65,88,76,81,,,,,,,,1.73,0.98,1.43,2*09
1780394932.185,$GNGSA,A,3,05,12,04,06,09,10,11,28,36,,,,1.73,0.98,1.43,3*02
1780394932.186,$GNGSA,A,3,06,07,08,09,10,13,14,,,,,,1.73,0.98,1.43,4*00
1780394932.186,$GPGSV,2,1,08,10,20,325,35,18,88,175,43,23,39,001,39,24,43,047,31,1*63
1780394932.187,$GPGSV,2,2,08,32,30,267,33,40,36,258,37,41,64,233,40,42,70,217,42,1*65
1780394932.188,$GPGSV,2,1,05,10,20,325,08,18,88,175,41,23,39,001,37,24,43,047,25,6*6E
1780394932.188,$GPGSV,2,2,05,32,30,267,25,6*50
1780394932.189,$GPGSV,3,1,09,05,06,101,,12,12,124,,13,17,122,,15,13,043,,0*6E
1780394932.189,$GPGSV,3,2,09,15,13,043,,25,16,160,,27,05,296,,28,13,207,,0*6B
1780394932.190,$GPGSV,3,3,09,28,13,207,,0*51
1780394932.190,$GLGSV,2,1,07,65,24,009,38,66,29,313,19,75,21,078,15,76,24,138,18,1*77
1780394932.191,$GLGSV,2,2,07,81,21,327,24,87,29,169,15,88,68,276,38,1*4D
1780394932.192,$GLGSV,2,1,05,66,29,313,15,75,21,078,21,76,24,138,21,81,21,327,27,3*78
1780394932.193,$GLGSV,2,2,05,88,68,276,39,3*48
1780394932.193,$GLGSV,1,1,02,67,04,264,,77,04,180,,0*73
1780394932.194,$GAGSV,2,1,08,04,38,019,34,05,21,245,24,06,56,350,35,09,59,299,25,2*7B
1780394932.195,$GAGSV,2,2,08,10,71,112,37,11,72,356,33,12,47,132,32,36,23,329,25,2*70
1780394932.196,$GAGSV,3,1,09,04,38,019,36,05,21,245,32,06,56,350,38,09,59,299,29,7*7A
1780394932.196,$GAGSV,3,2,09,10,71,112,40,11,72,356,38,12,47,132,35,28,18,035,20,7*75
1780394932.197,$GAGSV,3,3,09,36,23,329,24,7*40
1780394932.197,$GAGSV,1,1,02,16,07,190,,31,11,139,,0*77
1780394932.198,$GBGSV,2,1,08,06,40,034,37,07,66,118,41,08,23,178,26,09,37,000,36,1*7D
1780394932.198,$GBGSV,2,2,08,10,61,143,41,13,27,305,24,14,30,029,36,24,35,157,19,1*7F
1780394932.199,$GBGSV,1,1,02,09,37,000,29,10,61,143,36,3*75
1780394932.199,$GBGSV,3,1,10,01,42,106,,02,63,244,,03,72,138,,04,22,095,,0*75
1780394932.200,$GBGSV,3,2,10,04,22,095,,21,16,050,,25,01,203,,26,37,096,,0*76
1780394932.200,$GBGSV,3,3,10,26,37,096,,28,03,319,,0*7B
1780394932.201,$GNGLL,1339.01479,N,10029.57904,E,100852.00,A,D*7A
1780394933.152,$GNRMC,100853.00,A,1339.01479,N,10029.57904,E,0.011,,020626,0.53,W,R,V*41
1780394933.154,$GNVTG,,T,,M,0.011,N,0.021,K,D*3B
1780394933.156,$GNGGA,100853.00,1339.01479,N,10029.57904,E,4,12,0.95,-1.0,M,-27.8,M,1.0,0499*66
1780394933.159,$GNGSA,A,3,10,18,23,24,32,,,,,,,,1.71,0.95,1.42,1*03
1780394933.161,$GNGSA,A,3,75,65,88,76,81,,,,,,,,1.71,0.95,1.42,2*07
1780394933.164,$GNGSA,A,3,05,12,04,06,09,10,11,36,,,,,1.71,0.95,1.42,3*06
1780394933.165,$GNGSA,A,3,06,07,08,09,10,13,14,,,,,,1.71,0.95,1.42,4*0E
1780394933.168,$GPGSV,2,1,08,10,20,325,34,18,88,175,43,23,39,001,39,24,43,047,31,1*62
1780394933.171,$GPGSV,2,2,08,32,30,267,33,40,36,258,37,41,64,233,41,42,70,217,42,1*64
1780394933.172,$GPGSV,2,1,05,10,20,325,08,18,88,175,41,23,39,001,37,24,43,047,25,6*6E
1780394933.174,$GPGSV,2,2,05,32,30,267,25,6*50
1780394933.176,$GPGSV,3,1,09,05,06,101,,12,12,124,,13,17,122,,15,13,043,,0*6E
1780394933.177,$GPGSV,3,2,09,15,13,043,,25,16,160,,27,05,296,,28,13,207,,0*6B
1780394933.178,$GPGSV,3,3,09,28,13,207,,0*51
1780394933.180,$GLGSV,2,1,07,65,24,009,38,66,29,313,17,75,21,078,14,76,24,138,18,1*78
1780394933.181,$GLGSV,2,2,07,81,21,327,24,87,29,169,16,88,68,276,38,1*4E
1780394933.182,$GLGSV,2,1,05,66,29,313,16,75,21,078,21,76,24,138,21,81,21,327,26,3*7A
1780394933.182,$GLGSV,2,2,05,88,68,276,39,3*48
1780394933.183,$GLGSV,1,1,02,67,04,264,,77,04,180,,0*73
1780394933.184,$GAGSV,2,1,08,04,38,019,34,05,21,245,23,06,56,350,35,09,59,299,25,2*7C
1780394933.184,$GAGSV,2,2,08,10,71,112,37,11,72,356,33,12,47,132,31,36,23,329,25,2*73
1780394933.185,$GAGSV,3,1,09,04,38,019,36,05,21,245,32,06,56,350,38,09,59,299,28,7*7B
1780394933.186,$GAGSV,3,2,09,10,71,112,40,11,72,356,38,12,47,132,35,28,18,035,19,7*7F
1780394933.186,$GAGSV,3,3,09,36,23,329,24,7*40
1780394933.187,$GAGSV,1,1,02,16,07,190,,31,11,139,,0*77
1780394933.187,$GBGSV,2,1,08,06,40,034,37,07,66,118,41,08,23,178,26,09,37,000,36,1*7D
1780394933.188,$GBGSV,2,2,08,10,61,143,41,13,27,305,24,14,30,029,36,24,35,157,18,1*7E
1780394933.189,$GBGSV,1,1,03,08,23,178,21,09,37,000,29,10,61,143,36,3*40
1780394933.189,$GBGSV,3,1,10,01,42,106,,02,63,244,,03,72,138,,04,22,095,,0*75
1780394933.190,$GBGSV,3,2,10,04,22,095,,21,16,050,,25,01,203,,26,37,096,,0*76
1780394933.190,$GBGSV,3,3,10,26,37,096,,28,03,319,,0*7B
1780394933.191,$GNGLL,1339.01479,N,10029.57904,E,100853.00,A,D*7B
