timestamp,sentence,sat_id,elevation,snr_db
2026-06-01T18:02:10.301906,$GPGSV,10,,40
2026-06-01T18:02:10.301906,$GPGSV,18,,44
2026-06-01T18:02:10.301906,$GPGSV,23,,46
2026-06-01T18:02:10.301906,$GPGSV,24,,32
2026-06-01T18:02:10.304636,$GPGSV,25,,14
2026-06-01T18:02:10.304636,$GPGSV,28,,33
2026-06-01T18:02:10.304636,$GPGSV,32,,41
2026-06-01T18:02:10.304636,$GPGSV,41,,46
2026-06-01T18:02:10.307020,$GPGSV,42,,44
2026-06-01T18:02:10.307020,$GPGSV,50,,42
2026-06-01T18:02:10.310070,$GPGSV,10,,38
2026-06-01T18:02:10.310070,$GPGSV,18,,45
2026-06-01T18:02:10.310070,$GPGSV,23,,43
2026-06-01T18:02:10.310070,$GPGSV,24,,28
2026-06-01T18:02:10.312084,$GPGSV,25,,21
2026-06-01T18:02:10.312084,$GPGSV,28,,27
2026-06-01T18:02:10.312084,$GPGSV,32,,38
2026-06-01T18:02:10.318709,$GLGSV,65,,26
2026-06-01T18:02:10.318709,$GLGSV,72,,13
2026-06-01T18:02:10.318709,$GLGSV,74,,08
2026-06-01T18:02:10.318709,$GLGSV,75,,37
2026-06-01T18:02:10.319670,$GLGSV,86,,19
2026-06-01T18:02:10.319670,$GLGSV,87,,44
2026-06-01T18:02:10.319670,$GLGSV,88,,43
2026-06-01T18:02:10.320644,$GLGSV,72,,24
2026-06-01T18:02:10.320644,$GLGSV,75,,21
2026-06-01T18:02:10.320644,$GLGSV,88,,44
2026-06-01T18:02:10.323586,$GAGSV,03,,44
2026-06-01T18:02:10.323586,$GAGSV,05,,11
2026-06-01T18:02:10.323586,$GAGSV,08,,43
2026-06-01T18:02:10.323586,$GAGSV,15,,47
2026-06-01T18:02:10.324612,$GAGSV,32,,46
2026-06-01T18:02:10.324612,$GAGSV,34,,45
2026-06-01T18:02:10.325474,$GAGSV,03,,43
2026-06-01T18:02:10.325474,$GAGSV,08,,38
2026-06-01T18:02:10.325474,$GAGSV,15,,44
2026-06-01T18:02:10.325474,$GAGSV,32,,44
2026-06-01T18:02:10.325950,$GAGSV,34,,44
2026-06-01T18:02:10.328046,$GBGSV,06,,47
2026-06-01T18:02:10.328046,$GBGSV,07,,46
2026-06-01T18:02:10.328046,$GBGSV,09,,42
2026-06-01T18:02:10.328046,$GBGSV,10,,47
2026-06-01T18:02:10.328748,$GBGSV,13,,43
2026-06-01T18:02:10.328748,$GBGSV,25,,46
2026-06-01T18:02:10.328748,$GBGSV,28,,47
2026-06-01T18:02:10.328748,$GBGSV,33,,41
2026-06-01T18:02:10.329279,$GBGSV,09,,41
2026-06-01T18:02:10.329279,$GBGSV,10,,45
2026-06-01T18:02:11.303710,$GPGSV,10,,40
2026-06-01T18:02:11.303710,$GPGSV,18,,44
2026-06-01T18:02:11.303710,$GPGSV,23,,46
2026-06-01T18:02:11.303710,$GPGSV,24,,32
2026-06-01T18:02:11.306410,$GPGSV,25,,13
2026-06-01T18:02:11.306410,$GPGSV,28,,33
2026-06-01T18:02:11.306410,$GPGSV,32,,41
2026-06-01T18:02:11.306410,$GPGSV,41,,46
2026-06-01T18:02:11.308172,$GPGSV,42,,44
2026-06-01T18:02:11.308172,$GPGSV,50,,42
2026-06-01T18:02:11.310113,$GPGSV,10,,38
2026-06-01T18:02:11.310113,$GPGSV,18,,45
2026-06-01T18:02:11.310113,$GPGSV,23,,43
2026-06-01T18:02:11.310113,$GPGSV,24,,27
2026-06-01T18:02:11.311938,$GPGSV,25,,22
2026-06-01T18:02:11.311938,$GPGSV,28,,28
2026-06-01T18:02:11.311938,$GPGSV,32,,38
2026-06-01T18:02:11.315424,$GLGSV,65,,25
2026-06-01T18:02:11.315424,$GLGSV,72,,10
2026-06-01T18:02:11.315424,$GLGSV,74,,09
2026-06-01T18:02:11.315424,$GLGSV,75,,35
2026-06-01T18:02:11.318804,$GLGSV,86,,19
2026-06-01T18:02:11.318804,$GLGSV,87,,44
2026-06-01T18:02:11.318804,$GLGSV,88,,43
2026-06-01T18:02:11.320549,$GLGSV,72,,25
2026-06-01T18:02:11.320549,$GLGSV,75,,22
2026-06-01T18:02:11.320549,$GLGSV,88,,44
2026-06-01T18:02:11.323080,$GAGSV,03,,45
2026-06-01T18:02:11.323080,$GAGSV,05,,09
2026-06-01T18:02:11.323080,$GAGSV,08,,43
2026-06-01T18:02:11.323080,$GAGSV,15,,47
2026-06-01T18:02:11.324073,$GAGSV,32,,46
2026-06-01T18:02:11.324073,$GAGSV,34,,46
2026-06-01T18:02:11.325698,$GAGSV,03,,43
2026-06-01T18:02:11.325698,$GAGSV,08,,38
2026-06-01T18:02:11.325698,$GAGSV,15,,44
2026-06-01T18:02:11.325698,$GAGSV,32,,44
2026-06-01T18:02:11.326571,$GAGSV,34,,44
2026-06-01T18:02:11.330400,$GBGSV,06,,47
2026-06-01T18:02:11.330400,$GBGSV,07,,46
2026-06-01T18:02:11.330400,$GBGSV,09,,41
2026-06-01T18:02:11.330400,$GBGSV,10,,47
2026-06-01T18:02:11.331162,$GBGSV,13,,43
2026-06-01T18:02:11.331162,$GBGSV,25,,47
2026-06-01T18:02:11.331162,$GBGSV,28,,47
2026-06-01T18:02:11.331162,$GBGSV,33,,41
2026-06-01T18:02:11.331677,$GBGSV,09,,41
2026-06-01T18:02:11.331677,$GBGSV,10,,45
2026-06-01T18:02:12.298435,$GPGSV,10,,40
2026-06-01T18:02:12.298435,$GPGSV,18,,45
2026-06-01T18:02:12.298435,$GPGSV,23,,46
2026-06-01T18:02:12.298435,$GPGSV,24,,33
2026-06-01T18:02:12.301290,$GPGSV,25,,14
2026-06-01T18:02:12.301290,$GPGSV,28,,33
2026-06-01T18:02:12.301290,$GPGSV,32,,42
2026-06-01T18:02:12.301290,$GPGSV,41,,46
2026-06-01T18:02:12.302947,$GPGSV,42,,44
2026-06-01T18:02:12.302947,$GPGSV,50,,41
2026-06-01T18:02:12.305277,$GPGSV,10,,38
2026-06-01T18:02:12.305277,$GPGSV,18,,45
2026-06-01T18:02:12.305277,$GPGSV,23,,43
2026-06-01T18:02:12.305277,$GPGSV,24,,26
2026-06-01T18:02:12.307293,$GPGSV,25,,23
2026-06-01T18:02:12.307293,$GPGSV,28,,29
2026-06-01T18:02:12.307293,$GPGSV,32,,38
2026-06-01T18:02:12.315955,$GLGSV,65,,23
2026-06-01T18:02:12.315955,$GLGSV,72,,13
2026-06-01T18:02:12.315955,$GLGSV,74,,11
2026-06-01T18:02:12.315955,$GLGSV,75,,34
2026-06-01T18:02:12.318139,$GLGSV,86,,19
2026-06-01T18:02:12.318139,$GLGSV,87,,44
2026-06-01T18:02:12.318139,$GLGSV,88,,44
2026-06-01T18:02:12.320109,$GLGSV,72,,25
2026-06-01T18:02:12.320109,$GLGSV,75,,25
2026-06-01T18:02:12.320109,$GLGSV,86,,21
2026-06-01T18:02:12.320109,$GLGSV,88,,44
2026-06-01T18:02:12.322401,$GAGSV,03,,45
2026-06-01T18:02:12.322401,$GAGSV,05,,14
2026-06-01T18:02:12.322401,$GAGSV,08,,43
2026-06-01T18:02:12.322401,$GAGSV,15,,47
2026-06-01T18:02:12.324052,$GAGSV,32,,46
2026-06-01T18:02:12.324052,$GAGSV,34,,46
2026-06-01T18:02:12.325377,$GAGSV,03,,43
2026-06-01T18:02:12.325377,$GAGSV,08,,38
2026-06-01T18:02:12.325377,$GAGSV,15,,44
2026-06-01T18:02:12.325377,$GAGSV,32,,44
2026-06-01T18:02:12.325918,$GAGSV,34,,44
2026-06-01T18:02:12.328032,$GBGSV,06,,47
2026-06-01T18:02:12.328032,$GBGSV,07,,46
2026-06-01T18:02:12.328032,$GBGSV,09,,41
2026-06-01T18:02:12.328032,$GBGSV,10,,47
2026-06-01T18:02:12.328822,$GBGSV,13,,43
2026-06-01T18:02:12.328822,$GBGSV,25,,47
2026-06-01T18:02:12.328822,$GBGSV,28,,47
2026-06-01T18:02:12.328822,$GBGSV,33,,41
2026-06-01T18:02:12.329450,$GBGSV,09,,41
2026-06-01T18:02:12.329450,$GBGSV,10,,45
2026-06-01T18:02:13.297979,$GPGSV,10,,41
2026-06-01T18:02:13.297979,$GPGSV,18,,44
2026-06-01T18:02:13.297979,$GPGSV,23,,46
2026-06-01T18:02:13.297979,$GPGSV,24,,32
2026-06-01T18:02:13.301036,$GPGSV,25,,14
2026-06-01T18:02:13.301036,$GPGSV,28,,33
2026-06-01T18:02:13.301036,$GPGSV,32,,41
2026-06-01T18:02:13.301036,$GPGSV,41,,46
2026-06-01T18:02:13.302747,$GPGSV,42,,43
2026-06-01T18:02:13.302747,$GPGSV,50,,42
2026-06-01T18:02:13.305245,$GPGSV,10,,38
2026-06-01T18:02:13.305245,$GPGSV,18,,45
2026-06-01T18:02:13.305245,$GPGSV,23,,43
2026-06-01T18:02:13.305245,$GPGSV,24,,26
2026-06-01T18:02:13.307697,$GPGSV,25,,24
2026-06-01T18:02:13.307697,$GPGSV,28,,28
2026-06-01T18:02:13.307697,$GPGSV,32,,37
2026-06-01T18:02:13.314241,$GLGSV,65,,22
2026-06-01T18:02:13.314241,$GLGSV,72,,13
2026-06-01T18:02:13.314241,$GLGSV,74,,13
2026-06-01T18:02:13.314241,$GLGSV,75,,34
2026-06-01T18:02:13.315908,$GLGSV,86,,20
2026-06-01T18:02:13.315908,$GLGSV,87,,44
2026-06-01T18:02:13.315908,$GLGSV,88,,42
2026-06-01T18:02:13.318398,$GLGSV,72,,24
2026-06-01T18:02:13.318398,$GLGSV,75,,26
2026-06-01T18:02:13.318398,$GLGSV,86,,21
2026-06-01T18:02:13.318398,$GLGSV,88,,44
2026-06-01T18:02:13.320693,$GAGSV,03,,45
2026-06-01T18:02:13.320693,$GAGSV,05,,17
2026-06-01T18:02:13.320693,$GAGSV,08,,43
2026-06-01T18:02:13.320693,$GAGSV,15,,46
2026-06-01T18:02:13.321699,$GAGSV,32,,45
2026-06-01T18:02:13.321699,$GAGSV,34,,46
2026-06-01T18:02:13.324170,$GAGSV,03,,43
2026-06-01T18:02:13.324170,$GAGSV,08,,38
2026-06-01T18:02:13.324170,$GAGSV,15,,44
2026-06-01T18:02:13.324170,$GAGSV,32,,44
2026-06-01T18:02:13.324766,$GAGSV,34,,45
2026-06-01T18:02:13.327038,$GBGSV,06,,47
2026-06-01T18:02:13.327038,$GBGSV,07,,47
2026-06-01T18:02:13.327038,$GBGSV,09,,41
2026-06-01T18:02:13.327038,$GBGSV,10,,47
2026-06-01T18:02:13.327877,$GBGSV,13,,43
2026-06-01T18:02:13.327877,$GBGSV,25,,47
2026-06-01T18:02:13.327877,$GBGSV,28,,47
2026-06-01T18:02:13.327877,$GBGSV,33,,41
2026-06-01T18:02:13.328474,$GBGSV,09,,41
2026-06-01T18:02:13.328474,$GBGSV,10,,45
2026-06-01T18:02:14.289627,$GPGSV,10,,41
2026-06-01T18:02:14.289627,$GPGSV,18,,44
2026-06-01T18:02:14.289627,$GPGSV,23,,45
2026-06-01T18:02:14.289627,$GPGSV,24,,33
2026-06-01T18:02:14.291135,$GPGSV,25,,13
2026-06-01T18:02:14.291135,$GPGSV,28,,33
2026-06-01T18:02:14.291135,$GPGSV,32,,41
2026-06-01T18:02:14.291135,$GPGSV,41,,45
2026-06-01T18:02:14.291670,$GPGSV,42,,43
2026-06-01T18:02:14.291670,$GPGSV,50,,40
2026-06-01T18:02:14.292365,$GPGSV,10,,38
2026-06-01T18:02:14.292365,$GPGSV,18,,44
2026-06-01T18:02:14.292365,$GPGSV,23,,43
2026-06-01T18:02:14.292365,$GPGSV,24,,27
2026-06-01T18:02:14.292955,$GPGSV,25,,23
2026-06-01T18:02:14.292955,$GPGSV,28,,27
2026-06-01T18:02:14.292955,$GPGSV,32,,37
2026-06-01T18:02:14.294873,$GLGSV,65,,23
2026-06-01T18:02:14.294873,$GLGSV,72,,14
2026-06-01T18:02:14.294873,$GLGSV,74,,14
2026-06-01T18:02:14.294873,$GLGSV,75,,33
2026-06-01T18:02:14.295366,$GLGSV,87,,44
2026-06-01T18:02:14.295366,$GLGSV,88,,41
2026-06-01T18:02:14.296050,$GLGSV,72,,25
2026-06-01T18:02:14.296050,$GLGSV,75,,25
2026-06-01T18:02:14.296050,$GLGSV,86,,22
2026-06-01T18:02:14.296050,$GLGSV,88,,44
2026-06-01T18:02:14.297369,$GAGSV,03,,45
2026-06-01T18:02:14.297369,$GAGSV,05,,19
2026-06-01T18:02:14.297369,$GAGSV,08,,43
2026-06-01T18:02:14.297369,$GAGSV,15,,46
2026-06-01T18:02:14.297874,$GAGSV,32,,45
2026-06-01T18:02:14.297874,$GAGSV,34,,46
2026-06-01T18:02:14.298537,$GAGSV,03,,42
2026-06-01T18:02:14.298537,$GAGSV,08,,37
2026-06-01T18:02:14.298537,$GAGSV,15,,43
2026-06-01T18:02:14.298537,$GAGSV,32,,43
2026-06-01T18:02:14.298915,$GAGSV,34,,44
2026-06-01T18:02:14.300633,$GBGSV,06,,46
2026-06-01T18:02:14.300633,$GBGSV,07,,46
2026-06-01T18:02:14.300633,$GBGSV,09,,41
2026-06-01T18:02:14.300633,$GBGSV,10,,46
2026-06-01T18:02:14.301301,$GBGSV,13,,42
2026-06-01T18:02:14.301301,$GBGSV,25,,46
2026-06-01T18:02:14.301301,$GBGSV,28,,45
2026-06-01T18:02:14.301301,$GBGSV,33,,41
2026-06-01T18:02:14.301834,$GBGSV,09,,41
2026-06-01T18:02:14.301834,$GBGSV,10,,45
2026-06-01T18:02:15.293298,$GPGSV,10,,39
2026-06-01T18:02:15.293298,$GPGSV,18,,43
2026-06-01T18:02:15.293298,$GPGSV,23,,45
2026-06-01T18:02:15.293298,$GPGSV,24,,32
2026-06-01T18:02:15.296888,$GPGSV,25,,11
2026-06-01T18:02:15.296888,$GPGSV,28,,33
2026-06-01T18:02:15.296888,$GPGSV,32,,40
2026-06-01T18:02:15.296888,$GPGSV,41,,44
2026-06-01T18:02:15.298593,$GPGSV,42,,42
2026-06-01T18:02:15.298593,$GPGSV,50,,40
2026-06-01T18:02:15.301148,$GPGSV,10,,35
2026-06-01T18:02:15.301148,$GPGSV,18,,43
2026-06-01T18:02:15.301148,$GPGSV,23,,41
2026-06-01T18:02:15.301148,$GPGSV,24,,26
2026-06-01T18:02:15.303532,$GPGSV,25,,22
2026-06-01T18:02:15.303532,$GPGSV,28,,27
2026-06-01T18:02:15.303532,$GPGSV,32,,36
2026-06-01T18:02:15.311236,$GLGSV,65,,23
2026-06-01T18:02:15.311236,$GLGSV,72,,17
2026-06-01T18:02:15.311236,$GLGSV,74,,14
2026-06-01T18:02:15.311236,$GLGSV,75,,31
2026-06-01T18:02:15.312468,$GLGSV,87,,42
2026-06-01T18:02:15.312468,$GLGSV,88,,39
2026-06-01T18:02:15.313775,$GLGSV,72,,24
2026-06-01T18:02:15.313775,$GLGSV,75,,26
2026-06-01T18:02:15.313775,$GLGSV,88,,43
2026-06-01T18:02:15.316576,$GAGSV,03,,43
2026-06-01T18:02:15.316576,$GAGSV,05,,18
2026-06-01T18:02:15.316576,$GAGSV,08,,41
2026-06-01T18:02:15.316576,$GAGSV,15,,45
2026-06-01T18:02:15.317756,$GAGSV,32,,44
2026-06-01T18:02:15.317756,$GAGSV,34,,44
2026-06-01T18:02:15.318849,$GAGSV,03,,41
2026-06-01T18:02:15.318849,$GAGSV,08,,37
2026-06-01T18:02:15.318849,$GAGSV,15,,42
2026-06-01T18:02:15.318849,$GAGSV,32,,43
2026-06-01T18:02:15.319520,$GAGSV,34,,43
2026-06-01T18:02:15.322791,$GBGSV,06,,45
2026-06-01T18:02:15.322791,$GBGSV,07,,45
2026-06-01T18:02:15.322791,$GBGSV,09,,38
2026-06-01T18:02:15.322791,$GBGSV,10,,45
2026-06-01T18:02:15.323660,$GBGSV,13,,40
2026-06-01T18:02:15.323660,$GBGSV,25,,44
2026-06-01T18:02:15.323660,$GBGSV,28,,44
2026-06-01T18:02:15.323660,$GBGSV,33,,40
2026-06-01T18:02:15.324265,$GBGSV,09,,40
2026-06-01T18:02:15.324265,$GBGSV,10,,44
2026-06-01T18:02:16.299819,$GPGSV,10,,37
2026-06-01T18:02:16.299819,$GPGSV,18,,40
2026-06-01T18:02:16.299819,$GPGSV,23,,41
2026-06-01T18:02:16.299819,$GPGSV,24,,30
2026-06-01T18:02:16.303183,$GPGSV,25,,09
2026-06-01T18:02:16.303183,$GPGSV,28,,28
2026-06-01T18:02:16.303183,$GPGSV,32,,35
2026-06-01T18:02:16.303183,$GPGSV,41,,41
2026-06-01T18:02:16.304839,$GPGSV,42,,38
2026-06-01T18:02:16.304839,$GPGSV,50,,37
2026-06-01T18:02:16.307498,$GPGSV,10,,33
2026-06-01T18:02:16.307498,$GPGSV,18,,40
2026-06-01T18:02:16.307498,$GPGSV,23,,37
2026-06-01T18:02:16.307498,$GPGSV,24,,24
2026-06-01T18:02:16.309656,$GPGSV,25,,21
2026-06-01T18:02:16.309656,$GPGSV,28,,25
2026-06-01T18:02:16.309656,$GPGSV,32,,32
2026-06-01T18:02:16.315537,$GLGSV,65,,22
2026-06-01T18:02:16.315537,$GLGSV,72,,17
2026-06-01T18:02:16.315537,$GLGSV,74,,12
2026-06-01T18:02:16.315537,$GLGSV,75,,28
2026-06-01T18:02:16.316701,$GLGSV,87,,37
2026-06-01T18:02:16.316701,$GLGSV,88,,36
2026-06-01T18:02:16.318455,$GLGSV,72,,20
2026-06-01T18:02:16.318455,$GLGSV,75,,26
2026-06-01T18:02:16.318455,$GLGSV,88,,40
2026-06-01T18:02:16.321293,$GAGSV,03,,38
2026-06-01T18:02:16.321293,$GAGSV,05,,16
2026-06-01T18:02:16.321293,$GAGSV,08,,37
2026-06-01T18:02:16.321293,$GAGSV,15,,40
2026-06-01T18:02:16.322970,$GAGSV,32,,39
2026-06-01T18:02:16.322970,$GAGSV,34,,39
2026-06-01T18:02:16.324449,$GAGSV,03,,39
2026-06-01T18:02:16.324449,$GAGSV,08,,35
2026-06-01T18:02:16.324449,$GAGSV,15,,40
2026-06-01T18:02:16.324449,$GAGSV,32,,40
2026-06-01T18:02:16.324971,$GAGSV,34,,40
2026-06-01T18:02:16.327080,$GBGSV,06,,43
2026-06-01T18:02:16.327080,$GBGSV,07,,42
2026-06-01T18:02:16.327080,$GBGSV,09,,36
2026-06-01T18:02:16.327080,$GBGSV,10,,43
2026-06-01T18:02:16.327895,$GBGSV,13,,38
2026-06-01T18:02:16.327895,$GBGSV,25,,41
2026-06-01T18:02:16.327895,$GBGSV,28,,42
2026-06-01T18:02:16.327895,$GBGSV,33,,38
2026-06-01T18:02:16.328421,$GBGSV,09,,36
2026-06-01T18:02:16.328421,$GBGSV,10,,39
2026-06-01T18:02:17.297875,$GPGSV,10,,37
2026-06-01T18:02:17.297875,$GPGSV,18,,41
2026-06-01T18:02:17.297875,$GPGSV,23,,42
2026-06-01T18:02:17.297875,$GPGSV,24,,30
2026-06-01T18:02:17.302296,$GPGSV,25,,08
2026-06-01T18:02:17.302296,$GPGSV,28,,29
2026-06-01T18:02:17.302296,$GPGSV,32,,37
2026-06-01T18:02:17.302296,$GPGSV,41,,42
2026-06-01T18:02:17.305158,$GPGSV,42,,40
2026-06-01T18:02:17.305158,$GPGSV,50,,38
2026-06-01T18:02:17.308700,$GPGSV,10,,32
2026-06-01T18:02:17.308700,$GPGSV,18,,39
2026-06-01T18:02:17.308700,$GPGSV,23,,38
2026-06-01T18:02:17.308700,$GPGSV,24,,22
2026-06-01T18:02:17.310711,$GPGSV,25,,19
2026-06-01T18:02:17.310711,$GPGSV,28,,23
2026-06-01T18:02:17.310711,$GPGSV,32,,32
2026-06-01T18:02:17.316107,$GLGSV,65,,20
2026-06-01T18:02:17.316107,$GLGSV,72,,16
2026-06-01T18:02:17.316107,$GLGSV,74,,09
2026-06-01T18:02:17.316107,$GLGSV,75,,27
2026-06-01T18:02:17.317469,$GLGSV,87,,37
2026-06-01T18:02:17.317469,$GLGSV,88,,36
2026-06-01T18:02:17.318767,$GLGSV,72,,18
2026-06-01T18:02:17.318767,$GLGSV,75,,25
2026-06-01T18:02:17.318767,$GLGSV,88,,40
2026-06-01T18:02:17.322556,$GAGSV,03,,39
2026-06-01T18:02:17.322556,$GAGSV,05,,13
2026-06-01T18:02:17.322556,$GAGSV,08,,37
2026-06-01T18:02:17.322556,$GAGSV,15,,41
2026-06-01T18:02:17.323797,$GAGSV,32,,40
2026-06-01T18:02:17.323797,$GAGSV,34,,40
2026-06-01T18:02:17.325350,$GAGSV,03,,38
2026-06-01T18:02:17.325350,$GAGSV,08,,34
2026-06-01T18:02:17.325350,$GAGSV,15,,40
2026-06-01T18:02:17.325350,$GAGSV,32,,39
2026-06-01T18:02:17.326027,$GAGSV,34,,40
2026-06-01T18:02:17.328484,$GBGSV,06,,43
2026-06-01T18:02:17.328484,$GBGSV,07,,43
2026-06-01T18:02:17.328484,$GBGSV,09,,37
2026-06-01T18:02:17.328484,$GBGSV,10,,43
2026-06-01T18:02:17.329099,$GBGSV,13,,39
2026-06-01T18:02:17.329099,$GBGSV,25,,42
2026-06-01T18:02:17.329099,$GBGSV,28,,42
2026-06-01T18:02:17.329099,$GBGSV,33,,38
2026-06-01T18:02:17.329570,$GBGSV,09,,35
2026-06-01T18:02:17.329570,$GBGSV,10,,38
2026-06-01T18:02:18.297929,$GPGSV,10,,37
2026-06-01T18:02:18.297929,$GPGSV,18,,41
2026-06-01T18:02:18.297929,$GPGSV,23,,41
2026-06-01T18:02:18.297929,$GPGSV,24,,30
2026-06-01T18:02:18.302265,$GPGSV,28,,29
2026-06-01T18:02:18.302265,$GPGSV,32,,37
2026-06-01T18:02:18.302265,$GPGSV,41,,41
2026-06-01T18:02:18.302265,$GPGSV,42,,40
2026-06-01T18:02:18.304096,$GPGSV,50,,37
2026-06-01T18:02:18.306925,$GPGSV,10,,32
2026-06-01T18:02:18.306925,$GPGSV,18,,39
2026-06-01T18:02:18.306925,$GPGSV,23,,37
2026-06-01T18:02:18.306925,$GPGSV,24,,19
2026-06-01T18:02:18.308641,$GPGSV,25,,17
2026-06-01T18:02:18.308641,$GPGSV,28,,21
2026-06-01T18:02:18.308641,$GPGSV,32,,32
2026-06-01T18:02:18.311903,$GLGSV,65,,21
2026-06-01T18:02:18.311903,$GLGSV,72,,13
2026-06-01T18:02:18.311903,$GLGSV,75,,27
2026-06-01T18:02:18.311903,$GLGSV,87,,37
2026-06-01T18:02:18.312499,$GLGSV,88,,34
2026-06-01T18:02:18.314302,$GLGSV,72,,15
2026-06-01T18:02:18.314302,$GLGSV,75,,24
2026-06-01T18:02:18.314302,$GLGSV,86,,18
2026-06-01T18:02:18.314302,$GLGSV,88,,40
2026-06-01T18:02:18.316353,$GAGSV,03,,39
2026-06-01T18:02:18.316353,$GAGSV,05,,12
2026-06-01T18:02:18.316353,$GAGSV,08,,37
2026-06-01T18:02:18.316353,$GAGSV,15,,40
2026-06-01T18:02:18.317384,$GAGSV,32,,40
2026-06-01T18:02:18.317384,$GAGSV,34,,40
2026-06-01T18:02:18.318811,$GAGSV,03,,38
2026-06-01T18:02:18.318811,$GAGSV,08,,33
2026-06-01T18:02:18.318811,$GAGSV,15,,40
2026-06-01T18:02:18.318811,$GAGSV,32,,39
2026-06-01T18:02:18.319580,$GAGSV,34,,40
2026-06-01T18:02:18.324182,$GBGSV,06,,43
2026-06-01T18:02:18.324182,$GBGSV,07,,43
2026-06-01T18:02:18.324182,$GBGSV,09,,38
2026-06-01T18:02:18.324182,$GBGSV,10,,43
2026-06-01T18:02:18.325542,$GBGSV,13,,39
2026-06-01T18:02:18.325542,$GBGSV,25,,43
2026-06-01T18:02:18.325542,$GBGSV,28,,42
2026-06-01T18:02:18.325542,$GBGSV,33,,38
2026-06-01T18:02:18.326015,$GBGSV,09,,35
2026-06-01T18:02:18.326015,$GBGSV,10,,38
2026-06-01T18:02:19.293216,$GPGSV,10,,38
2026-06-01T18:02:19.293216,$GPGSV,18,,41
2026-06-01T18:02:19.293216,$GPGSV,23,,42
2026-06-01T18:02:19.293216,$GPGSV,24,,30
2026-06-01T18:02:19.295610,$GPGSV,25,,19
2026-06-01T18:02:19.295610,$GPGSV,28,,29
2026-06-01T18:02:19.295610,$GPGSV,32,,38
2026-06-01T18:02:19.295610,$GPGSV,41,,42
2026-06-01T18:02:19.297299,$GPGSV,42,,40
2026-06-01T18:02:19.297299,$GPGSV,50,,38
2026-06-01T18:02:19.299937,$GPGSV,10,,31
2026-06-01T18:02:19.299937,$GPGSV,18,,39
2026-06-01T18:02:19.299937,$GPGSV,23,,36
2026-06-01T18:02:19.299937,$GPGSV,24,,19
2026-06-01T18:02:19.301954,$GPGSV,25,,15
2026-06-01T18:02:19.301954,$GPGSV,28,,20
2026-06-01T18:02:19.301954,$GPGSV,32,,32
2026-06-01T18:02:19.308469,$GLGSV,65,,22
2026-06-01T18:02:19.308469,$GLGSV,75,,28
2026-06-01T18:02:19.308469,$GLGSV,87,,38
2026-06-01T18:02:19.308469,$GLGSV,88,,34
2026-06-01T18:02:19.311016,$GLGSV,72,,12
2026-06-01T18:02:19.311016,$GLGSV,75,,25
2026-06-01T18:02:19.311016,$GLGSV,86,,17
2026-06-01T18:02:19.311016,$GLGSV,88,,38
2026-06-01T18:02:19.313840,$GAGSV,03,,39
2026-06-01T18:02:19.313840,$GAGSV,05,,10
2026-06-01T18:02:19.313840,$GAGSV,08,,37
2026-06-01T18:02:19.313840,$GAGSV,15,,41
2026-06-01T18:02:19.314854,$GAGSV,32,,39
2026-06-01T18:02:19.314854,$GAGSV,34,,40
2026-06-01T18:02:19.316368,$GAGSV,03,,38
2026-06-01T18:02:19.316368,$GAGSV,08,,34
2026-06-01T18:02:19.316368,$GAGSV,15,,40
2026-06-01T18:02:19.316368,$GAGSV,32,,39
2026-06-01T18:02:19.317210,$GAGSV,34,,41
2026-06-01T18:02:19.321281,$GBGSV,06,,43
2026-06-01T18:02:19.321281,$GBGSV,07,,43
2026-06-01T18:02:19.321281,$GBGSV,09,,37
2026-06-01T18:02:19.321281,$GBGSV,10,,42
2026-06-01T18:02:19.322309,$GBGSV,13,,39
2026-06-01T18:02:19.322309,$GBGSV,25,,42
2026-06-01T18:02:19.322309,$GBGSV,28,,42
2026-06-01T18:02:19.322309,$GBGSV,33,,38
2026-06-01T18:02:19.322913,$GBGSV,09,,35
2026-06-01T18:02:19.322913,$GBGSV,10,,38
2026-06-01T18:02:20.294249,$GPGSV,10,,38
2026-06-01T18:02:20.294249,$GPGSV,18,,41
2026-06-01T18:02:20.294249,$GPGSV,23,,42
2026-06-01T18:02:20.294249,$GPGSV,24,,30
2026-06-01T18:02:20.296724,$GPGSV,25,,18
2026-06-01T18:02:20.296724,$GPGSV,28,,29
2026-06-01T18:02:20.296724,$GPGSV,32,,38
2026-06-01T18:02:20.296724,$GPGSV,41,,42
2026-06-01T18:02:20.298339,$GPGSV,42,,40
2026-06-01T18:02:20.298339,$GPGSV,50,,38
2026-06-01T18:02:20.300443,$GPGSV,10,,31
2026-06-01T18:02:20.300443,$GPGSV,18,,39
2026-06-01T18:02:20.300443,$GPGSV,23,,36
2026-06-01T18:02:20.300443,$GPGSV,24,,18
2026-06-01T18:02:20.302639,$GPGSV,25,,14
2026-06-01T18:02:20.302639,$GPGSV,28,,19
2026-06-01T18:02:20.302639,$GPGSV,32,,33
2026-06-01T18:02:20.308693,$GLGSV,65,,23
2026-06-01T18:02:20.308693,$GLGSV,75,,29
2026-06-01T18:02:20.308693,$GLGSV,87,,39
2026-06-01T18:02:20.308693,$GLGSV,88,,34
2026-06-01T18:02:20.310332,$GLGSV,72,,11
2026-06-01T18:02:20.310332,$GLGSV,75,,25
2026-06-01T18:02:20.310332,$GLGSV,86,,16
2026-06-01T18:02:20.310332,$GLGSV,88,,39
2026-06-01T18:02:20.313222,$GAGSV,03,,39
2026-06-01T18:02:20.313222,$GAGSV,05,,11
2026-06-01T18:02:20.313222,$GAGSV,08,,37
2026-06-01T18:02:20.313222,$GAGSV,15,,41
2026-06-01T18:02:20.314035,$GAGSV,32,,39
2026-06-01T18:02:20.314035,$GAGSV,34,,40
2026-06-01T18:02:20.315134,$GAGSV,03,,39
2026-06-01T18:02:20.315134,$GAGSV,08,,33
2026-06-01T18:02:20.315134,$GAGSV,15,,40
2026-06-01T18:02:20.315134,$GAGSV,32,,39
2026-06-01T18:02:20.315808,$GAGSV,34,,40
2026-06-01T18:02:20.318923,$GBGSV,06,,43
2026-06-01T18:02:20.318923,$GBGSV,07,,43
2026-06-01T18:02:20.318923,$GBGSV,09,,37
2026-06-01T18:02:20.318923,$GBGSV,10,,42
2026-06-01T18:02:20.319780,$GBGSV,13,,39
2026-06-01T18:02:20.319780,$GBGSV,25,,42
2026-06-01T18:02:20.319780,$GBGSV,28,,42
2026-06-01T18:02:20.319780,$GBGSV,33,,39
2026-06-01T18:02:20.320413,$GBGSV,09,,36
2026-06-01T18:02:20.320413,$GBGSV,10,,38
2026-06-01T18:02:21.297438,$GPGSV,10,,38
2026-06-01T18:02:21.297438,$GPGSV,18,,41
2026-06-01T18:02:21.297438,$GPGSV,23,,42
2026-06-01T18:02:21.297438,$GPGSV,24,,29
2026-06-01T18:02:21.301601,$GPGSV,25,,16
2026-06-01T18:02:21.301601,$GPGSV,28,,29
2026-06-01T18:02:21.301601,$GPGSV,32,,37
2026-06-01T18:02:21.301601,$GPGSV,41,,42
2026-06-01T18:02:21.304442,$GPGSV,42,,41
2026-06-01T18:02:21.304442,$GPGSV,50,,38
2026-06-01T18:02:21.308842,$GPGSV,10,,31
2026-06-01T18:02:21.308842,$GPGSV,18,,39
2026-06-01T18:02:21.308842,$GPGSV,23,,37
2026-06-01T18:02:21.308842,$GPGSV,24,,18
2026-06-01T18:02:21.311253,$GPGSV,25,,14
2026-06-01T18:02:21.311253,$GPGSV,28,,18
2026-06-01T18:02:21.311253,$GPGSV,32,,32
2026-06-01T18:02:21.315783,$GLGSV,65,,25
2026-06-01T18:02:21.315783,$GLGSV,75,,28
2026-06-01T18:02:21.315783,$GLGSV,87,,38
2026-06-01T18:02:21.315783,$GLGSV,88,,35
2026-06-01T18:02:21.317175,$GLGSV,75,,24
2026-06-01T18:02:21.317175,$GLGSV,86,,16
2026-06-01T18:02:21.317175,$GLGSV,88,,39
2026-06-01T18:02:21.319187,$GAGSV,03,,39
2026-06-01T18:02:21.319187,$GAGSV,05,,09
2026-06-01T18:02:21.319187,$GAGSV,08,,36
2026-06-01T18:02:21.319187,$GAGSV,15,,40
2026-06-01T18:02:21.319838,$GAGSV,32,,39
2026-06-01T18:02:21.319838,$GAGSV,34,,40
2026-06-01T18:02:21.321014,$GAGSV,03,,39
2026-06-01T18:02:21.321014,$GAGSV,08,,33
2026-06-01T18:02:21.321014,$GAGSV,15,,40
2026-06-01T18:02:21.321014,$GAGSV,32,,39
2026-06-01T18:02:21.322432,$GAGSV,34,,40
2026-06-01T18:02:21.325581,$GBGSV,06,,43
2026-06-01T18:02:21.325581,$GBGSV,07,,43
2026-06-01T18:02:21.325581,$GBGSV,09,,37
2026-06-01T18:02:21.325581,$GBGSV,10,,42
2026-06-01T18:02:21.326281,$GBGSV,13,,39
2026-06-01T18:02:21.326281,$GBGSV,25,,42
2026-06-01T18:02:21.326281,$GBGSV,28,,42
2026-06-01T18:02:21.326281,$GBGSV,33,,39
2026-06-01T18:02:21.326867,$GBGSV,09,,36
2026-06-01T18:02:21.326867,$GBGSV,10,,38
2026-06-01T18:02:22.293200,$GPGSV,10,,37
2026-06-01T18:02:22.293200,$GPGSV,18,,41
2026-06-01T18:02:22.293200,$GPGSV,23,,42
2026-06-01T18:02:22.293200,$GPGSV,24,,29
2026-06-01T18:02:22.295973,$GPGSV,25,,18
2026-06-01T18:02:22.295973,$GPGSV,28,,29
2026-06-01T18:02:22.295973,$GPGSV,32,,37
2026-06-01T18:02:22.295973,$GPGSV,41,,42
2026-06-01T18:02:22.297607,$GPGSV,42,,40
2026-06-01T18:02:22.297607,$GPGSV,50,,38
2026-06-01T18:02:22.299751,$GPGSV,10,,30
2026-06-01T18:02:22.299751,$GPGSV,18,,39
2026-06-01T18:02:22.299751,$GPGSV,23,,37
2026-06-01T18:02:22.299751,$GPGSV,24,,18
2026-06-01T18:02:22.301806,$GPGSV,25,,14
2026-06-01T18:02:22.301806,$GPGSV,28,,17
2026-06-01T18:02:22.301806,$GPGSV,32,,33
2026-06-01T18:02:22.308575,$GLGSV,65,,25
2026-06-01T18:02:22.308575,$GLGSV,75,,30
2026-06-01T18:02:22.308575,$GLGSV,87,,39
2026-06-01T18:02:22.308575,$GLGSV,88,,34
2026-06-01T18:02:22.310575,$GLGSV,75,,25
2026-06-01T18:02:22.310575,$GLGSV,86,,15
2026-06-01T18:02:22.310575,$GLGSV,88,,39
2026-06-01T18:02:22.313011,$GAGSV,03,,39
2026-06-01T18:02:22.313011,$GAGSV,05,,08
2026-06-01T18:02:22.313011,$GAGSV,08,,36
2026-06-01T18:02:22.313011,$GAGSV,15,,40
2026-06-01T18:02:22.313848,$GAGSV,32,,39
2026-06-01T18:02:22.313848,$GAGSV,34,,39
2026-06-01T18:02:22.314907,$GAGSV,03,,39
2026-06-01T18:02:22.314907,$GAGSV,08,,33
2026-06-01T18:02:22.314907,$GAGSV,15,,40
2026-06-01T18:02:22.314907,$GAGSV,32,,39
2026-06-01T18:02:22.315513,$GAGSV,34,,40
2026-06-01T18:02:22.318150,$GBGSV,06,,43
2026-06-01T18:02:22.318150,$GBGSV,07,,43
2026-06-01T18:02:22.318150,$GBGSV,09,,37
2026-06-01T18:02:22.318150,$GBGSV,10,,42
2026-06-01T18:02:22.319097,$GBGSV,13,,39
2026-06-01T18:02:22.319097,$GBGSV,25,,41
2026-06-01T18:02:22.319097,$GBGSV,28,,42
2026-06-01T18:02:22.319097,$GBGSV,33,,40
2026-06-01T18:02:22.319822,$GBGSV,09,,35
2026-06-01T18:02:22.319822,$GBGSV,10,,38
2026-06-01T18:02:23.297416,$GPGSV,10,,37
2026-06-01T18:02:23.297416,$GPGSV,18,,41
2026-06-01T18:02:23.297416,$GPGSV,23,,42
2026-06-01T18:02:23.297416,$GPGSV,24,,30
2026-06-01T18:02:23.301550,$GPGSV,25,,18
2026-06-01T18:02:23.301550,$GPGSV,28,,29
2026-06-01T18:02:23.301550,$GPGSV,32,,38
2026-06-01T18:02:23.301550,$GPGSV,41,,42
2026-06-01T18:02:23.304508,$GPGSV,42,,40
2026-06-01T18:02:23.304508,$GPGSV,50,,38
2026-06-01T18:02:23.307712,$GPGSV,10,,30
2026-06-01T18:02:23.307712,$GPGSV,18,,39
2026-06-01T18:02:23.307712,$GPGSV,23,,37
2026-06-01T18:02:23.307712,$GPGSV,24,,20
2026-06-01T18:02:23.309350,$GPGSV,25,,13
2026-06-01T18:02:23.309350,$GPGSV,28,,17
2026-06-01T18:02:23.309350,$GPGSV,32,,32
2026-06-01T18:02:23.314389,$GLGSV,65,,25
2026-06-01T18:02:23.314389,$GLGSV,75,,30
2026-06-01T18:02:23.314389,$GLGSV,87,,38
2026-06-01T18:02:23.314389,$GLGSV,88,,35
2026-06-01T18:02:23.315989,$GLGSV,75,,25
2026-06-01T18:02:23.315989,$GLGSV,86,,16
2026-06-01T18:02:23.315989,$GLGSV,88,,39
2026-06-01T18:02:23.319069,$GAGSV,03,,39
2026-06-01T18:02:23.319069,$GAGSV,05,,08
2026-06-01T18:02:23.319069,$GAGSV,08,,36
2026-06-01T18:02:23.319069,$GAGSV,15,,40
2026-06-01T18:02:23.320298,$GAGSV,32,,39
2026-06-01T18:02:23.320298,$GAGSV,34,,39
2026-06-01T18:02:23.321798,$GAGSV,03,,39
2026-06-01T18:02:23.321798,$GAGSV,08,,33
2026-06-01T18:02:23.321798,$GAGSV,15,,40
2026-06-01T18:02:23.321798,$GAGSV,32,,39
2026-06-01T18:02:23.322310,$GAGSV,34,,40
2026-06-01T18:02:23.324673,$GBGSV,06,,43
2026-06-01T18:02:23.324673,$GBGSV,07,,43
2026-06-01T18:02:23.324673,$GBGSV,09,,37
2026-06-01T18:02:23.324673,$GBGSV,10,,42
2026-06-01T18:02:23.325830,$GBGSV,13,,39
2026-06-01T18:02:23.325830,$GBGSV,25,,43
2026-06-01T18:02:23.325830,$GBGSV,28,,42
2026-06-01T18:02:23.325830,$GBGSV,33,,39
2026-06-01T18:02:23.326336,$GBGSV,09,,35
2026-06-01T18:02:23.326336,$GBGSV,10,,38
2026-06-01T18:02:24.291098,$GPGSV,10,,37
2026-06-01T18:02:24.291098,$GPGSV,18,,41
2026-06-01T18:02:24.291098,$GPGSV,23,,42
2026-06-01T18:02:24.291098,$GPGSV,24,,29
2026-06-01T18:02:24.293356,$GPGSV,25,,15
2026-06-01T18:02:24.293356,$GPGSV,28,,30
2026-06-01T18:02:24.293356,$GPGSV,32,,38
2026-06-01T18:02:24.293356,$GPGSV,41,,41
2026-06-01T18:02:24.294932,$GPGSV,42,,40
2026-06-01T18:02:24.294932,$GPGSV,50,,38
2026-06-01T18:02:24.297110,$GPGSV,10,,30
2026-06-01T18:02:24.297110,$GPGSV,18,,39
2026-06-01T18:02:24.297110,$GPGSV,23,,36
2026-06-01T18:02:24.297110,$GPGSV,24,,20
2026-06-01T18:02:24.299292,$GPGSV,25,,13
2026-06-01T18:02:24.299292,$GPGSV,28,,15
2026-06-01T18:02:24.299292,$GPGSV,32,,33
2026-06-01T18:02:24.304625,$GLGSV,65,,25
2026-06-01T18:02:24.304625,$GLGSV,75,,30
2026-06-01T18:02:24.304625,$GLGSV,87,,38
2026-06-01T18:02:24.304625,$GLGSV,88,,36
2026-06-01T18:02:24.305851,$GLGSV,75,,27
2026-06-01T18:02:24.305851,$GLGSV,86,,16
2026-06-01T18:02:24.305851,$GLGSV,88,,39
2026-06-01T18:02:24.308484,$GAGSV,03,,38
2026-06-01T18:02:24.308484,$GAGSV,05,,08
2026-06-01T18:02:24.308484,$GAGSV,08,,37
2026-06-01T18:02:24.308484,$GAGSV,15,,40
2026-06-01T18:02:24.309512,$GAGSV,32,,39
2026-06-01T18:02:24.309512,$GAGSV,34,,39
2026-06-01T18:02:24.310748,$GAGSV,03,,39
2026-06-01T18:02:24.310748,$GAGSV,08,,33
2026-06-01T18:02:24.310748,$GAGSV,15,,40
2026-06-01T18:02:24.310748,$GAGSV,32,,40
2026-06-01T18:02:24.311346,$GAGSV,34,,40
2026-06-01T18:02:24.313948,$GBGSV,06,,43
2026-06-01T18:02:24.313948,$GBGSV,07,,43
2026-06-01T18:02:24.313948,$GBGSV,09,,37
2026-06-01T18:02:24.313948,$GBGSV,10,,42
2026-06-01T18:02:24.314796,$GBGSV,13,,39
2026-06-01T18:02:24.314796,$GBGSV,25,,42
2026-06-01T18:02:24.314796,$GBGSV,28,,42
2026-06-01T18:02:24.314796,$GBGSV,33,,40
2026-06-01T18:02:24.315467,$GBGSV,09,,35
2026-06-01T18:02:24.315467,$GBGSV,10,,38
2026-06-01T18:02:25.295019,$GPGSV,10,,37
2026-06-01T18:02:25.295019,$GPGSV,18,,41
2026-06-01T18:02:25.295019,$GPGSV,23,,42
2026-06-01T18:02:25.295019,$GPGSV,24,,29
2026-06-01T18:02:25.297339,$GPGSV,25,,12
2026-06-01T18:02:25.297339,$GPGSV,28,,30
2026-06-01T18:02:25.297339,$GPGSV,32,,38
2026-06-01T18:02:25.297339,$GPGSV,41,,41
2026-06-01T18:02:25.299454,$GPGSV,42,,41
2026-06-01T18:02:25.299454,$GPGSV,50,,38
2026-06-01T18:02:25.302265,$GPGSV,10,,30
2026-06-01T18:02:25.302265,$GPGSV,18,,39
2026-06-01T18:02:25.302265,$GPGSV,23,,37
2026-06-01T18:02:25.302265,$GPGSV,24,,20
2026-06-01T18:02:25.304644,$GPGSV,25,,12
2026-06-01T18:02:25.304644,$GPGSV,28,,15
2026-06-01T18:02:25.304644,$GPGSV,32,,33
2026-06-01T18:02:25.310416,$GLGSV,65,,25
2026-06-01T18:02:25.310416,$GLGSV,75,,31
2026-06-01T18:02:25.310416,$GLGSV,87,,38
2026-06-01T18:02:25.310416,$GLGSV,88,,36
2026-06-01T18:02:25.311909,$GLGSV,75,,27
2026-06-01T18:02:25.311909,$GLGSV,86,,17
2026-06-01T18:02:25.311909,$GLGSV,88,,39
2026-06-01T18:02:25.314386,$GAGSV,03,,38
2026-06-01T18:02:25.314386,$GAGSV,05,,09
2026-06-01T18:02:25.314386,$GAGSV,08,,36
2026-06-01T18:02:25.314386,$GAGSV,15,,40
2026-06-01T18:02:25.315969,$GAGSV,32,,38
2026-06-01T18:02:25.315969,$GAGSV,34,,39
2026-06-01T18:02:25.317357,$GAGSV,03,,39
2026-06-01T18:02:25.317357,$GAGSV,08,,33
2026-06-01T18:02:25.317357,$GAGSV,15,,40
2026-06-01T18:02:25.317357,$GAGSV,32,,40
2026-06-01T18:02:25.317968,$GAGSV,34,,40
2026-06-01T18:02:25.320550,$GBGSV,06,,43
2026-06-01T18:02:25.320550,$GBGSV,07,,43
2026-06-01T18:02:25.320550,$GBGSV,09,,37
2026-06-01T18:02:25.320550,$GBGSV,10,,43
2026-06-01T18:02:25.321865,$GBGSV,13,,39
2026-06-01T18:02:25.321865,$GBGSV,25,,42
2026-06-01T18:02:25.321865,$GBGSV,28,,42
2026-06-01T18:02:25.321865,$GBGSV,33,,40
2026-06-01T18:02:25.322619,$GBGSV,09,,35
2026-06-01T18:02:25.322619,$GBGSV,10,,38
2026-06-01T18:02:26.295647,$GPGSV,10,,38
2026-06-01T18:02:26.295647,$GPGSV,18,,41
2026-06-01T18:02:26.295647,$GPGSV,23,,42
2026-06-01T18:02:26.295647,$GPGSV,24,,29
2026-06-01T18:02:26.298519,$GPGSV,25,,11
2026-06-01T18:02:26.298519,$GPGSV,28,,31
2026-06-01T18:02:26.298519,$GPGSV,32,,38
2026-06-01T18:02:26.298519,$GPGSV,41,,42
2026-06-01T18:02:26.300663,$GPGSV,42,,41
2026-06-01T18:02:26.300663,$GPGSV,50,,39
2026-06-01T18:02:26.303455,$GPGSV,10,,30
2026-06-01T18:02:26.303455,$GPGSV,18,,39
2026-06-01T18:02:26.303455,$GPGSV,23,,37
2026-06-01T18:02:26.303455,$GPGSV,24,,20
2026-06-01T18:02:26.306015,$GPGSV,25,,11
2026-06-01T18:02:26.306015,$GPGSV,28,,15
2026-06-01T18:02:26.306015,$GPGSV,32,,33
2026-06-01T18:02:26.312778,$GLGSV,65,,24
2026-06-01T18:02:26.312778,$GLGSV,75,,31
2026-06-01T18:02:26.312778,$GLGSV,87,,38
2026-06-01T18:02:26.312778,$GLGSV,88,,36
2026-06-01T18:02:26.314585,$GLGSV,75,,28
2026-06-01T18:02:26.314585,$GLGSV,86,,16
2026-06-01T18:02:26.314585,$GLGSV,88,,39
2026-06-01T18:02:26.317544,$GAGSV,03,,38
2026-06-01T18:02:26.317544,$GAGSV,05,,12
2026-06-01T18:02:26.317544,$GAGSV,08,,36
2026-06-01T18:02:26.317544,$GAGSV,15,,40
2026-06-01T18:02:26.318568,$GAGSV,32,,38
2026-06-01T18:02:26.318568,$GAGSV,34,,39
2026-06-01T18:02:26.320114,$GAGSV,03,,39
2026-06-01T18:02:26.320114,$GAGSV,08,,33
2026-06-01T18:02:26.320114,$GAGSV,15,,40
2026-06-01T18:02:26.320114,$GAGSV,32,,39
2026-06-01T18:02:26.321133,$GAGSV,34,,40
2026-06-01T18:02:26.325017,$GBGSV,06,,43
2026-06-01T18:02:26.325017,$GBGSV,07,,43
2026-06-01T18:02:26.325017,$GBGSV,09,,37
2026-06-01T18:02:26.325017,$GBGSV,10,,43
2026-06-01T18:02:26.326230,$GBGSV,13,,39
2026-06-01T18:02:26.326230,$GBGSV,25,,42
2026-06-01T18:02:26.326230,$GBGSV,28,,42
2026-06-01T18:02:26.326230,$GBGSV,33,,39
2026-06-01T18:02:26.326972,$GBGSV,09,,35
2026-06-01T18:02:26.326972,$GBGSV,10,,38
2026-06-01T18:02:27.295546,$GPGSV,10,,38
2026-06-01T18:02:27.295546,$GPGSV,18,,41
2026-06-01T18:02:27.295546,$GPGSV,23,,42
2026-06-01T18:02:27.295546,$GPGSV,24,,29
2026-06-01T18:02:27.299340,$GPGSV,25,,11
2026-06-01T18:02:27.299340,$GPGSV,28,,31
2026-06-01T18:02:27.299340,$GPGSV,32,,39
2026-06-01T18:02:27.299340,$GPGSV,41,,42
2026-06-01T18:02:27.302773,$GPGSV,42,,40
2026-06-01T18:02:27.302773,$GPGSV,50,,38
2026-06-01T18:02:27.306786,$GPGSV,10,,30
2026-06-01T18:02:27.306786,$GPGSV,18,,39
2026-06-01T18:02:27.306786,$GPGSV,23,,37
2026-06-01T18:02:27.306786,$GPGSV,24,,21
2026-06-01T18:02:27.309645,$GPGSV,25,,10
2026-06-01T18:02:27.309645,$GPGSV,28,,16
2026-06-01T18:02:27.309645,$GPGSV,32,,32
2026-06-01T18:02:27.314830,$GLGSV,65,,25
2026-06-01T18:02:27.314830,$GLGSV,75,,32
2026-06-01T18:02:27.314830,$GLGSV,87,,38
2026-06-01T18:02:27.314830,$GLGSV,88,,36
2026-06-01T18:02:27.315923,$GLGSV,75,,28
2026-06-01T18:02:27.315923,$GLGSV,86,,14
2026-06-01T18:02:27.315923,$GLGSV,88,,39
2026-06-01T18:02:27.318700,$GAGSV,03,,38
2026-06-01T18:02:27.318700,$GAGSV,05,,12
2026-06-01T18:02:27.318700,$GAGSV,08,,36
2026-06-01T18:02:27.318700,$GAGSV,15,,40
2026-06-01T18:02:27.319668,$GAGSV,32,,38
2026-06-01T18:02:27.319668,$GAGSV,34,,39
2026-06-01T18:02:27.322041,$GAGSV,03,,39
2026-06-01T18:02:27.322041,$GAGSV,08,,32
2026-06-01T18:02:27.322041,$GAGSV,15,,41
2026-06-01T18:02:27.322041,$GAGSV,32,,39
2026-06-01T18:02:27.323396,$GAGSV,34,,40
2026-06-01T18:02:27.326611,$GBGSV,06,,43
2026-06-01T18:02:27.326611,$GBGSV,07,,43
2026-06-01T18:02:27.326611,$GBGSV,09,,37
2026-06-01T18:02:27.326611,$GBGSV,10,,43
2026-06-01T18:02:27.327314,$GBGSV,13,,38
2026-06-01T18:02:27.327314,$GBGSV,25,,42
2026-06-01T18:02:27.327314,$GBGSV,28,,42
2026-06-01T18:02:27.327314,$GBGSV,33,,40
2026-06-01T18:02:27.327809,$GBGSV,09,,35
2026-06-01T18:02:27.327809,$GBGSV,10,,38
2026-06-01T18:02:28.294625,$GPGSV,10,,38
2026-06-01T18:02:28.294625,$GPGSV,18,,41
2026-06-01T18:02:28.294625,$GPGSV,23,,42
2026-06-01T18:02:28.294625,$GPGSV,24,,29
2026-06-01T18:02:28.296881,$GPGSV,25,,16
2026-06-01T18:02:28.296881,$GPGSV,28,,32
2026-06-01T18:02:28.296881,$GPGSV,32,,39
2026-06-01T18:02:28.296881,$GPGSV,41,,41
2026-06-01T18:02:28.298603,$GPGSV,42,,40
2026-06-01T18:02:28.298603,$GPGSV,50,,38
2026-06-01T18:02:28.300737,$GPGSV,10,,30
2026-06-01T18:02:28.300737,$GPGSV,18,,39
2026-06-01T18:02:28.300737,$GPGSV,23,,37
2026-06-01T18:02:28.300737,$GPGSV,24,,21
2026-06-01T18:02:28.302725,$GPGSV,25,,09
2026-06-01T18:02:28.302725,$GPGSV,28,,17
2026-06-01T18:02:28.302725,$GPGSV,32,,32
2026-06-01T18:02:28.308508,$GLGSV,65,,24
2026-06-01T18:02:28.308508,$GLGSV,75,,31
2026-06-01T18:02:28.308508,$GLGSV,87,,38
2026-06-01T18:02:28.308508,$GLGSV,88,,36
2026-06-01T18:02:28.310020,$GLGSV,75,,27
2026-06-01T18:02:28.310020,$GLGSV,86,,15
2026-06-01T18:02:28.310020,$GLGSV,88,,39
2026-06-01T18:02:28.313603,$GAGSV,03,,39
2026-06-01T18:02:28.313603,$GAGSV,05,,09
2026-06-01T18:02:28.313603,$GAGSV,08,,36
2026-06-01T18:02:28.313603,$GAGSV,15,,40
2026-06-01T18:02:28.315138,$GAGSV,32,,38
2026-06-01T18:02:28.315138,$GAGSV,34,,39
2026-06-01T18:02:28.316621,$GAGSV,03,,39
2026-06-01T18:02:28.316621,$GAGSV,08,,32
2026-06-01T18:02:28.316621,$GAGSV,15,,41
2026-06-01T18:02:28.316621,$GAGSV,32,,39
2026-06-01T18:02:28.317669,$GAGSV,34,,40
2026-06-01T18:02:28.322126,$GBGSV,06,,42
2026-06-01T18:02:28.322126,$GBGSV,07,,43
2026-06-01T18:02:28.322126,$GBGSV,09,,38
2026-06-01T18:02:28.322126,$GBGSV,10,,43
2026-06-01T18:02:28.323953,$GBGSV,13,,38
2026-06-01T18:02:28.323953,$GBGSV,25,,43
2026-06-01T18:02:28.323953,$GBGSV,28,,41
2026-06-01T18:02:28.323953,$GBGSV,33,,40
2026-06-01T18:02:28.324494,$GBGSV,09,,35
2026-06-01T18:02:28.324494,$GBGSV,10,,38
2026-06-01T18:02:29.296583,$GPGSV,10,,38
2026-06-01T18:02:29.296583,$GPGSV,18,,41
2026-06-01T18:02:29.296583,$GPGSV,23,,42
2026-06-01T18:02:29.296583,$GPGSV,24,,29
2026-06-01T18:02:29.300670,$GPGSV,25,,18
2026-06-01T18:02:29.300670,$GPGSV,28,,31
2026-06-01T18:02:29.300670,$GPGSV,32,,39
2026-06-01T18:02:29.300670,$GPGSV,41,,42
2026-06-01T18:02:29.303603,$GPGSV,42,,40
2026-06-01T18:02:29.303603,$GPGSV,50,,38
2026-06-01T18:02:29.306107,$GPGSV,10,,31
2026-06-01T18:02:29.306107,$GPGSV,18,,39
2026-06-01T18:02:29.306107,$GPGSV,23,,37
2026-06-01T18:02:29.306107,$GPGSV,24,,22
2026-06-01T18:02:29.307626,$GPGSV,25,,09
2026-06-01T18:02:29.307626,$GPGSV,28,,18
2026-06-01T18:02:29.307626,$GPGSV,32,,32
2026-06-01T18:02:29.311517,$GLGSV,65,,25
2026-06-01T18:02:29.311517,$GLGSV,75,,31
2026-06-01T18:02:29.311517,$GLGSV,87,,38
2026-06-01T18:02:29.311517,$GLGSV,88,,36
2026-06-01T18:02:29.312997,$GLGSV,75,,27
2026-06-01T18:02:29.312997,$GLGSV,86,,16
2026-06-01T18:02:29.312997,$GLGSV,88,,39
2026-06-01T18:02:29.315325,$GAGSV,03,,38
2026-06-01T18:02:29.315325,$GAGSV,05,,07
2026-06-01T18:02:29.315325,$GAGSV,08,,36
2026-06-01T18:02:29.315325,$GAGSV,15,,40
2026-06-01T18:02:29.316172,$GAGSV,32,,38
2026-06-01T18:02:29.316172,$GAGSV,34,,39
2026-06-01T18:02:29.317384,$GAGSV,03,,39
2026-06-01T18:02:29.317384,$GAGSV,08,,32
2026-06-01T18:02:29.317384,$GAGSV,15,,41
2026-06-01T18:02:29.317384,$GAGSV,32,,39
2026-06-01T18:02:29.318007,$GAGSV,34,,40
2026-06-01T18:02:29.320537,$GBGSV,06,,43
2026-06-01T18:02:29.320537,$GBGSV,07,,43
2026-06-01T18:02:29.320537,$GBGSV,09,,38
2026-06-01T18:02:29.320537,$GBGSV,10,,43
2026-06-01T18:02:29.322102,$GBGSV,13,,38
2026-06-01T18:02:29.322102,$GBGSV,25,,42
2026-06-01T18:02:29.322102,$GBGSV,28,,42
2026-06-01T18:02:29.322102,$GBGSV,33,,40
2026-06-01T18:02:29.323227,$GBGSV,09,,35
2026-06-01T18:02:29.323227,$GBGSV,10,,39
2026-06-01T18:02:30.293171,$GPGSV,10,,39
2026-06-01T18:02:30.293171,$GPGSV,18,,41
2026-06-01T18:02:30.293171,$GPGSV,23,,42
2026-06-01T18:02:30.293171,$GPGSV,24,,29
2026-06-01T18:02:30.295419,$GPGSV,25,,18
2026-06-01T18:02:30.295419,$GPGSV,28,,31
2026-06-01T18:02:30.295419,$GPGSV,32,,38
2026-06-01T18:02:30.295419,$GPGSV,41,,42
2026-06-01T18:02:30.297404,$GPGSV,42,,40
2026-06-01T18:02:30.297404,$GPGSV,50,,38
2026-06-01T18:02:30.299796,$GPGSV,10,,31
2026-06-01T18:02:30.299796,$GPGSV,18,,39
2026-06-01T18:02:30.299796,$GPGSV,23,,37
2026-06-01T18:02:30.299796,$GPGSV,24,,21
2026-06-01T18:02:30.301790,$GPGSV,25,,10
2026-06-01T18:02:30.301790,$GPGSV,28,,18
2026-06-01T18:02:30.301790,$GPGSV,32,,32
2026-06-01T18:02:30.308083,$GLGSV,65,,24
2026-06-01T18:02:30.308083,$GLGSV,75,,31
2026-06-01T18:02:30.308083,$GLGSV,87,,38
2026-06-01T18:02:30.308083,$GLGSV,88,,37
2026-06-01T18:02:30.310047,$GLGSV,75,,26
2026-06-01T18:02:30.310047,$GLGSV,86,,17
2026-06-01T18:02:30.310047,$GLGSV,88,,39
2026-06-01T18:02:30.312993,$GAGSV,03,,38
2026-06-01T18:02:30.312993,$GAGSV,08,,35
2026-06-01T18:02:30.312993,$GAGSV,15,,40
2026-06-01T18:02:30.312993,$GAGSV,32,,38
2026-06-01T18:02:30.313726,$GAGSV,34,,39
2026-06-01T18:02:30.314785,$GAGSV,03,,39
2026-06-01T18:02:30.314785,$GAGSV,08,,31
2026-06-01T18:02:30.314785,$GAGSV,15,,41
2026-06-01T18:02:30.314785,$GAGSV,32,,39
2026-06-01T18:02:30.315400,$GAGSV,34,,40
2026-06-01T18:02:30.318145,$GBGSV,06,,43
2026-06-01T18:02:30.318145,$GBGSV,07,,43
2026-06-01T18:02:30.318145,$GBGSV,09,,38
2026-06-01T18:02:30.318145,$GBGSV,10,,43
2026-06-01T18:02:30.318995,$GBGSV,13,,38
2026-06-01T18:02:30.318995,$GBGSV,25,,42
2026-06-01T18:02:30.318995,$GBGSV,28,,42
2026-06-01T18:02:30.318995,$GBGSV,33,,39
2026-06-01T18:02:30.319636,$GBGSV,09,,35
2026-06-01T18:02:30.319636,$GBGSV,10,,38
2026-06-01T18:02:31.295634,$GPGSV,10,,39
2026-06-01T18:02:31.295634,$GPGSV,18,,41
2026-06-01T18:02:31.295634,$GPGSV,23,,42
2026-06-01T18:02:31.295634,$GPGSV,24,,29
2026-06-01T18:02:31.299533,$GPGSV,25,,19
2026-06-01T18:02:31.299533,$GPGSV,28,,32
2026-06-01T18:02:31.299533,$GPGSV,32,,38
2026-06-01T18:02:31.299533,$GPGSV,41,,42
2026-06-01T18:02:31.301281,$GPGSV,42,,40
2026-06-01T18:02:31.301281,$GPGSV,50,,38
2026-06-01T18:02:31.303791,$GPGSV,10,,30
2026-06-01T18:02:31.303791,$GPGSV,18,,39
2026-06-01T18:02:31.303791,$GPGSV,23,,37
2026-06-01T18:02:31.303791,$GPGSV,24,,21
2026-06-01T18:02:31.305698,$GPGSV,25,,08
2026-06-01T18:02:31.305698,$GPGSV,28,,18
2026-06-01T18:02:31.305698,$GPGSV,32,,32
2026-06-01T18:02:31.309957,$GLGSV,65,,24
2026-06-01T18:02:31.309957,$GLGSV,75,,31
2026-06-01T18:02:31.309957,$GLGSV,87,,38
2026-06-01T18:02:31.309957,$GLGSV,88,,37
2026-06-01T18:02:31.311177,$GLGSV,72,,21
2026-06-01T18:02:31.311177,$GLGSV,75,,25
2026-06-01T18:02:31.311177,$GLGSV,86,,16
2026-06-01T18:02:31.311177,$GLGSV,88,,39
2026-06-01T18:02:31.313239,$GAGSV,03,,38
2026-06-01T18:02:31.313239,$GAGSV,08,,35
2026-06-01T18:02:31.313239,$GAGSV,15,,40
2026-06-01T18:02:31.313239,$GAGSV,32,,38
2026-06-01T18:02:31.314060,$GAGSV,34,,39
2026-06-01T18:02:31.315119,$GAGSV,03,,39
2026-06-01T18:02:31.315119,$GAGSV,08,,31
2026-06-01T18:02:31.315119,$GAGSV,15,,41
2026-06-01T18:02:31.315119,$GAGSV,32,,39
2026-06-01T18:02:31.315744,$GAGSV,34,,40
2026-06-01T18:02:31.318773,$GBGSV,06,,43
2026-06-01T18:02:31.318773,$GBGSV,07,,43
2026-06-01T18:02:31.318773,$GBGSV,09,,38
2026-06-01T18:02:31.318773,$GBGSV,10,,43
2026-06-01T18:02:31.320011,$GBGSV,13,,38
2026-06-01T18:02:31.320011,$GBGSV,25,,42
2026-06-01T18:02:31.320011,$GBGSV,28,,42
2026-06-01T18:02:31.320011,$GBGSV,33,,39
2026-06-01T18:02:31.321003,$GBGSV,09,,35
2026-06-01T18:02:31.321003,$GBGSV,10,,38
2026-06-01T18:02:32.297587,$GPGSV,10,,39
2026-06-01T18:02:32.297587,$GPGSV,18,,41
2026-06-01T18:02:32.297587,$GPGSV,23,,42
2026-06-01T18:02:32.297587,$GPGSV,24,,28
2026-06-01T18:02:32.300345,$GPGSV,25,,20
2026-06-01T18:02:32.300345,$GPGSV,28,,32
2026-06-01T18:02:32.300345,$GPGSV,32,,38
2026-06-01T18:02:32.300345,$GPGSV,41,,42
2026-06-01T18:02:32.302576,$GPGSV,42,,41
2026-06-01T18:02:32.302576,$GPGSV,50,,38
2026-06-01T18:02:32.305345,$GPGSV,10,,30
2026-06-01T18:02:32.305345,$GPGSV,18,,39
2026-06-01T18:02:32.305345,$GPGSV,23,,37
2026-06-01T18:02:32.305345,$GPGSV,24,,21
2026-06-01T18:02:32.307745,$GPGSV,25,,08
2026-06-01T18:02:32.307745,$GPGSV,28,,18
2026-06-01T18:02:32.307745,$GPGSV,32,,32
2026-06-01T18:02:32.312569,$GLGSV,65,,23
2026-06-01T18:02:32.312569,$GLGSV,75,,31
2026-06-01T18:02:32.312569,$GLGSV,87,,38
2026-06-01T18:02:32.312569,$GLGSV,88,,37
2026-06-01T18:02:32.314293,$GLGSV,72,,22
2026-06-01T18:02:32.314293,$GLGSV,75,,26
2026-06-01T18:02:32.314293,$GLGSV,86,,16
2026-06-01T18:02:32.314293,$GLGSV,88,,39
2026-06-01T18:02:32.316787,$GAGSV,03,,39
2026-06-01T18:02:32.316787,$GAGSV,08,,35
2026-06-01T18:02:32.316787,$GAGSV,15,,40
2026-06-01T18:02:32.316787,$GAGSV,32,,38
2026-06-01T18:02:32.317682,$GAGSV,34,,39
2026-06-01T18:02:32.318878,$GAGSV,03,,39
2026-06-01T18:02:32.318878,$GAGSV,08,,30
2026-06-01T18:02:32.318878,$GAGSV,15,,41
2026-06-01T18:02:32.318878,$GAGSV,32,,39
2026-06-01T18:02:32.319628,$GAGSV,34,,40
2026-06-01T18:02:32.323156,$GBGSV,06,,43
2026-06-01T18:02:32.323156,$GBGSV,07,,42
2026-06-01T18:02:32.323156,$GBGSV,09,,38
2026-06-01T18:02:32.323156,$GBGSV,10,,43
2026-06-01T18:02:32.324268,$GBGSV,13,,39
2026-06-01T18:02:32.324268,$GBGSV,25,,42
2026-06-01T18:02:32.324268,$GBGSV,28,,42
2026-06-01T18:02:32.324268,$GBGSV,33,,39
2026-06-01T18:02:32.324942,$GBGSV,09,,35
2026-06-01T18:02:32.324942,$GBGSV,10,,39
2026-06-01T18:02:33.292249,$GPGSV,10,,38
2026-06-01T18:02:33.292249,$GPGSV,18,,41
2026-06-01T18:02:33.292249,$GPGSV,23,,42
2026-06-01T18:02:33.292249,$GPGSV,24,,27
2026-06-01T18:02:33.294950,$GPGSV,25,,20
2026-06-01T18:02:33.294950,$GPGSV,28,,32
2026-06-01T18:02:33.294950,$GPGSV,32,,38
2026-06-01T18:02:33.294950,$GPGSV,41,,42
2026-06-01T18:02:33.296553,$GPGSV,42,,41
2026-06-01T18:02:33.296553,$GPGSV,50,,38
2026-06-01T18:02:33.299752,$GPGSV,10,,30
2026-06-01T18:02:33.299752,$GPGSV,18,,39
2026-06-01T18:02:33.299752,$GPGSV,23,,37
2026-06-01T18:02:33.299752,$GPGSV,24,,22
2026-06-01T18:02:33.301344,$GPGSV,25,,08
2026-06-01T18:02:33.301344,$GPGSV,28,,19
2026-06-01T18:02:33.301344,$GPGSV,32,,31
2026-06-01T18:02:33.305866,$GLGSV,65,,23
2026-06-01T18:02:33.305866,$GLGSV,75,,32
2026-06-01T18:02:33.305866,$GLGSV,87,,38
2026-06-01T18:02:33.305866,$GLGSV,88,,37
2026-06-01T18:02:33.307202,$GLGSV,72,,23
2026-06-01T18:02:33.307202,$GLGSV,75,,26
2026-06-01T18:02:33.307202,$GLGSV,86,,15
2026-06-01T18:02:33.307202,$GLGSV,88,,39
2026-06-01T18:02:33.309841,$GAGSV,03,,39
2026-06-01T18:02:33.309841,$GAGSV,08,,36
2026-06-01T18:02:33.309841,$GAGSV,15,,40
2026-06-01T18:02:33.309841,$GAGSV,32,,38
2026-06-01T18:02:33.310788,$GAGSV,34,,39
2026-06-01T18:02:33.311954,$GAGSV,03,,39
2026-06-01T18:02:33.311954,$GAGSV,08,,31
2026-06-01T18:02:33.311954,$GAGSV,15,,41
2026-06-01T18:02:33.311954,$GAGSV,32,,39
2026-06-01T18:02:33.312789,$GAGSV,34,,40
2026-06-01T18:02:33.315842,$GBGSV,06,,43
2026-06-01T18:02:33.315842,$GBGSV,07,,43
2026-06-01T18:02:33.315842,$GBGSV,09,,38
2026-06-01T18:02:33.315842,$GBGSV,10,,43
2026-06-01T18:02:33.316782,$GBGSV,13,,38
2026-06-01T18:02:33.316782,$GBGSV,25,,42
2026-06-01T18:02:33.316782,$GBGSV,28,,42
2026-06-01T18:02:33.316782,$GBGSV,33,,39
2026-06-01T18:02:33.317604,$GBGSV,09,,35
2026-06-01T18:02:33.317604,$GBGSV,10,,39
2026-06-01T18:02:34.296013,$GPGSV,10,,38
2026-06-01T18:02:34.296013,$GPGSV,18,,41
2026-06-01T18:02:34.296013,$GPGSV,23,,43
2026-06-01T18:02:34.296013,$GPGSV,24,,26
2026-06-01T18:02:34.298486,$GPGSV,25,,20
2026-06-01T18:02:34.298486,$GPGSV,28,,32
2026-06-01T18:02:34.298486,$GPGSV,32,,38
2026-06-01T18:02:34.298486,$GPGSV,41,,42
2026-06-01T18:02:34.300083,$GPGSV,42,,41
2026-06-01T18:02:34.300083,$GPGSV,50,,38
2026-06-01T18:02:34.302344,$GPGSV,10,,30
2026-06-01T18:02:34.302344,$GPGSV,18,,39
2026-06-01T18:02:34.302344,$GPGSV,23,,37
2026-06-01T18:02:34.302344,$GPGSV,24,,22
2026-06-01T18:02:34.304180,$GPGSV,25,,09
2026-06-01T18:02:34.304180,$GPGSV,28,,20
2026-06-01T18:02:34.304180,$GPGSV,32,,31
2026-06-01T18:02:34.308799,$GLGSV,65,,22
2026-06-01T18:02:34.308799,$GLGSV,75,,32
2026-06-01T18:02:34.308799,$GLGSV,87,,38
2026-06-01T18:02:34.308799,$GLGSV,88,,37
2026-06-01T18:02:34.310344,$GLGSV,72,,23
2026-06-01T18:02:34.310344,$GLGSV,75,,26
2026-06-01T18:02:34.310344,$GLGSV,86,,14
2026-06-01T18:02:34.310344,$GLGSV,88,,39
2026-06-01T18:02:34.312485,$GAGSV,03,,38
2026-06-01T18:02:34.312485,$GAGSV,08,,36
2026-06-01T18:02:34.312485,$GAGSV,15,,40
2026-06-01T18:02:34.312485,$GAGSV,32,,38
2026-06-01T18:02:34.313190,$GAGSV,34,,39
2026-06-01T18:02:34.314439,$GAGSV,03,,39
2026-06-01T18:02:34.314439,$GAGSV,08,,30
2026-06-01T18:02:34.314439,$GAGSV,15,,41
2026-06-01T18:02:34.314439,$GAGSV,32,,39
2026-06-01T18:02:34.315719,$GAGSV,34,,40
2026-06-01T18:02:34.318938,$GBGSV,06,,43
2026-06-01T18:02:34.318938,$GBGSV,07,,42
2026-06-01T18:02:34.318938,$GBGSV,09,,38
2026-06-01T18:02:34.318938,$GBGSV,10,,43
2026-06-01T18:02:34.319833,$GBGSV,13,,39
2026-06-01T18:02:34.319833,$GBGSV,25,,42
2026-06-01T18:02:34.319833,$GBGSV,28,,42
2026-06-01T18:02:34.319833,$GBGSV,33,,39
2026-06-01T18:02:34.320493,$GBGSV,09,,35
2026-06-01T18:02:34.320493,$GBGSV,10,,38
2026-06-01T18:02:35.297177,$GPGSV,10,,38
2026-06-01T18:02:35.297177,$GPGSV,18,,41
2026-06-01T18:02:35.297177,$GPGSV,23,,42
2026-06-01T18:02:35.297177,$GPGSV,24,,26
2026-06-01T18:02:35.299389,$GPGSV,25,,19
2026-06-01T18:02:35.299389,$GPGSV,28,,32
2026-06-01T18:02:35.299389,$GPGSV,32,,38
2026-06-01T18:02:35.299389,$GPGSV,41,,42
2026-06-01T18:02:35.300979,$GPGSV,42,,41
2026-06-01T18:02:35.300979,$GPGSV,50,,37
2026-06-01T18:02:35.303164,$GPGSV,10,,30
2026-06-01T18:02:35.303164,$GPGSV,18,,39
2026-06-01T18:02:35.303164,$GPGSV,23,,36
2026-06-01T18:02:35.303164,$GPGSV,24,,22
2026-06-01T18:02:35.304961,$GPGSV,25,,08
2026-06-01T18:02:35.304961,$GPGSV,28,,21
2026-06-01T18:02:35.304961,$GPGSV,32,,31
2026-06-01T18:02:35.310184,$GLGSV,65,,21
2026-06-01T18:02:35.310184,$GLGSV,75,,31
2026-06-01T18:02:35.310184,$GLGSV,87,,38
2026-06-01T18:02:35.310184,$GLGSV,88,,37
2026-06-01T18:02:35.311754,$GLGSV,72,,24
2026-06-01T18:02:35.311754,$GLGSV,75,,26
2026-06-01T18:02:35.311754,$GLGSV,86,,15
2026-06-01T18:02:35.311754,$GLGSV,88,,39
2026-06-01T18:02:35.314415,$GAGSV,03,,39
2026-06-01T18:02:35.314415,$GAGSV,08,,36
2026-06-01T18:02:35.314415,$GAGSV,15,,40
2026-06-01T18:02:35.314415,$GAGSV,32,,38
2026-06-01T18:02:35.315669,$GAGSV,34,,39
2026-06-01T18:02:35.317856,$GAGSV,03,,39
2026-06-01T18:02:35.317856,$GAGSV,08,,30
2026-06-01T18:02:35.317856,$GAGSV,15,,41
2026-06-01T18:02:35.317856,$GAGSV,32,,39
2026-06-01T18:02:35.318500,$GAGSV,34,,40
2026-06-01T18:02:35.320860,$GBGSV,06,,43
2026-06-01T18:02:35.320860,$GBGSV,07,,42
2026-06-01T18:02:35.320860,$GBGSV,09,,38
2026-06-01T18:02:35.320860,$GBGSV,10,,43
2026-06-01T18:02:35.322515,$GBGSV,13,,39
2026-06-01T18:02:35.322515,$GBGSV,25,,42
2026-06-01T18:02:35.322515,$GBGSV,28,,42
2026-06-01T18:02:35.322515,$GBGSV,33,,40
2026-06-01T18:02:35.323141,$GBGSV,09,,35
2026-06-01T18:02:35.323141,$GBGSV,10,,38
2026-06-01T18:02:36.294607,$GPGSV,10,,38
2026-06-01T18:02:36.294607,$GPGSV,18,,41
2026-06-01T18:02:36.294607,$GPGSV,23,,42
2026-06-01T18:02:36.294607,$GPGSV,24,,26
2026-06-01T18:02:36.298319,$GPGSV,25,,18
2026-06-01T18:02:36.298319,$GPGSV,28,,32
2026-06-01T18:02:36.298319,$GPGSV,32,,38
2026-06-01T18:02:36.298319,$GPGSV,41,,42
2026-06-01T18:02:36.301340,$GPGSV,42,,41
2026-06-01T18:02:36.301340,$GPGSV,50,,38
2026-06-01T18:02:36.305415,$GPGSV,10,,30
2026-06-01T18:02:36.305415,$GPGSV,18,,39
2026-06-01T18:02:36.305415,$GPGSV,23,,37
2026-06-01T18:02:36.305415,$GPGSV,24,,22
2026-06-01T18:02:36.308805,$GPGSV,25,,08
2026-06-01T18:02:36.308805,$GPGSV,28,,21
2026-06-01T18:02:36.308805,$GPGSV,32,,31
2026-06-01T18:02:36.316072,$GLGSV,65,,20
2026-06-01T18:02:36.316072,$GLGSV,75,,32
2026-06-01T18:02:36.316072,$GLGSV,87,,38
2026-06-01T18:02:36.316072,$GLGSV,88,,38
2026-06-01T18:02:36.318075,$GLGSV,72,,24
2026-06-01T18:02:36.318075,$GLGSV,75,,26
2026-06-01T18:02:36.318075,$GLGSV,86,,14
2026-06-01T18:02:36.318075,$GLGSV,88,,39
2026-06-01T18:02:36.321650,$GAGSV,03,,39
2026-06-01T18:02:36.321650,$GAGSV,08,,36
2026-06-01T18:02:36.321650,$GAGSV,15,,40
2026-06-01T18:02:36.321650,$GAGSV,32,,38
2026-06-01T18:02:36.323552,$GAGSV,34,,39
2026-06-01T18:02:36.325406,$GAGSV,03,,39
2026-06-01T18:02:36.325406,$GAGSV,08,,30
2026-06-01T18:02:36.325406,$GAGSV,15,,41
2026-06-01T18:02:36.325406,$GAGSV,32,,39
2026-06-01T18:02:36.326078,$GAGSV,34,,40
2026-06-01T18:02:36.328169,$GBGSV,06,,43
2026-06-01T18:02:36.328169,$GBGSV,07,,42
2026-06-01T18:02:36.328169,$GBGSV,09,,38
2026-06-01T18:02:36.328169,$GBGSV,10,,43
2026-06-01T18:02:36.328865,$GBGSV,13,,39
2026-06-01T18:02:36.328865,$GBGSV,25,,42
2026-06-01T18:02:36.328865,$GBGSV,28,,42
2026-06-01T18:02:36.328865,$GBGSV,33,,39
2026-06-01T18:02:36.329455,$GBGSV,09,,35
2026-06-01T18:02:36.329455,$GBGSV,10,,38
2026-06-01T18:02:37.296426,$GPGSV,10,,38
2026-06-01T18:02:37.296426,$GPGSV,18,,42
2026-06-01T18:02:37.296426,$GPGSV,23,,42
2026-06-01T18:02:37.296426,$GPGSV,24,,26
2026-06-01T18:02:37.299852,$GPGSV,25,,18
2026-06-01T18:02:37.299852,$GPGSV,28,,32
2026-06-01T18:02:37.299852,$GPGSV,32,,38
2026-06-01T18:02:37.299852,$GPGSV,41,,42
2026-06-01T18:02:37.302789,$GPGSV,42,,41
2026-06-01T18:02:37.302789,$GPGSV,50,,38
2026-06-01T18:02:37.305381,$GPGSV,10,,31
2026-06-01T18:02:37.305381,$GPGSV,18,,39
2026-06-01T18:02:37.305381,$GPGSV,23,,37
2026-06-01T18:02:37.305381,$GPGSV,24,,23
2026-06-01T18:02:37.307230,$GPGSV,28,,22
2026-06-01T18:02:37.307230,$GPGSV,32,,31
2026-06-01T18:02:37.311510,$GLGSV,65,,18
2026-06-01T18:02:37.311510,$GLGSV,75,,32
2026-06-01T18:02:37.311510,$GLGSV,87,,38
2026-06-01T18:02:37.311510,$GLGSV,88,,38
2026-06-01T18:02:37.313980,$GLGSV,72,,23
2026-06-01T18:02:37.313980,$GLGSV,75,,25
2026-06-01T18:02:37.313980,$GLGSV,86,,14
2026-06-01T18:02:37.313980,$GLGSV,88,,39
2026-06-01T18:02:37.316243,$GAGSV,03,,39
2026-06-01T18:02:37.316243,$GAGSV,08,,36
2026-06-01T18:02:37.316243,$GAGSV,15,,40
2026-06-01T18:02:37.316243,$GAGSV,32,,38
2026-06-01T18:02:37.317183,$GAGSV,34,,40
2026-06-01T18:02:37.318601,$GAGSV,03,,39
2026-06-01T18:02:37.318601,$GAGSV,08,,30
2026-06-01T18:02:37.318601,$GAGSV,15,,41
2026-06-01T18:02:37.318601,$GAGSV,32,,39
2026-06-01T18:02:37.319337,$GAGSV,34,,40
2026-06-01T18:02:37.323971,$GBGSV,06,,43
2026-06-01T18:02:37.323971,$GBGSV,07,,42
2026-06-01T18:02:37.323971,$GBGSV,09,,38
2026-06-01T18:02:37.323971,$GBGSV,10,,43
2026-06-01T18:02:37.325653,$GBGSV,13,,39
2026-06-01T18:02:37.325653,$GBGSV,25,,42
2026-06-01T18:02:37.325653,$GBGSV,28,,42
2026-06-01T18:02:37.325653,$GBGSV,33,,39
2026-06-01T18:02:37.326413,$GBGSV,09,,35
2026-06-01T18:02:37.326413,$GBGSV,10,,39
2026-06-01T18:02:38.302237,$GPGSV,10,,38
2026-06-01T18:02:38.302237,$GPGSV,18,,41
2026-06-01T18:02:38.302237,$GPGSV,23,,42
2026-06-01T18:02:38.302237,$GPGSV,24,,25
2026-06-01T18:02:38.304865,$GPGSV,25,,18
2026-06-01T18:02:38.304865,$GPGSV,28,,32
2026-06-01T18:02:38.304865,$GPGSV,32,,38
2026-06-01T18:02:38.304865,$GPGSV,41,,42
2026-06-01T18:02:38.307708,$GPGSV,42,,41
2026-06-01T18:02:38.307708,$GPGSV,50,,38
2026-06-01T18:02:38.311683,$GPGSV,10,,32
2026-06-01T18:02:38.311683,$GPGSV,18,,41
2026-06-01T18:02:38.311683,$GPGSV,23,,38
2026-06-01T18:02:38.311683,$GPGSV,24,,25
2026-06-01T18:02:38.314715,$GPGSV,28,,23
2026-06-01T18:02:38.314715,$GPGSV,32,,32
2026-06-01T18:02:38.322488,$GLGSV,65,,17
2026-06-01T18:02:38.322488,$GLGSV,75,,31
2026-06-01T18:02:38.322488,$GLGSV,87,,38
2026-06-01T18:02:38.322488,$GLGSV,88,,38
2026-06-01T18:02:38.324058,$GLGSV,72,,21
2026-06-01T18:02:38.324058,$GLGSV,75,,26
2026-06-01T18:02:38.324058,$GLGSV,86,,14
2026-06-01T18:02:38.324058,$GLGSV,88,,39
2026-06-01T18:02:38.326973,$GAGSV,03,,39
2026-06-01T18:02:38.326973,$GAGSV,08,,36
2026-06-01T18:02:38.326973,$GAGSV,15,,41
2026-06-01T18:02:38.326973,$GAGSV,32,,38
2026-06-01T18:02:38.328094,$GAGSV,34,,40
2026-06-01T18:02:38.330333,$GAGSV,03,,39
2026-06-01T18:02:38.330333,$GAGSV,08,,31
2026-06-01T18:02:38.330333,$GAGSV,15,,41
2026-06-01T18:02:38.330333,$GAGSV,32,,39
2026-06-01T18:02:38.331243,$GAGSV,34,,40
2026-06-01T18:02:38.333350,$GBGSV,06,,43
2026-06-01T18:02:38.333350,$GBGSV,07,,42
2026-06-01T18:02:38.333350,$GBGSV,09,,38
2026-06-01T18:02:38.333350,$GBGSV,10,,43
2026-06-01T18:02:38.334034,$GBGSV,13,,39
2026-06-01T18:02:38.334034,$GBGSV,25,,42
2026-06-01T18:02:38.334034,$GBGSV,28,,42
2026-06-01T18:02:38.334034,$GBGSV,33,,39
2026-06-01T18:02:38.334511,$GBGSV,09,,35
2026-06-01T18:02:38.334511,$GBGSV,10,,39
2026-06-01T18:02:39.295875,$GPGSV,10,,38
2026-06-01T18:02:39.295875,$GPGSV,18,,42
2026-06-01T18:02:39.295875,$GPGSV,23,,42
2026-06-01T18:02:39.295875,$GPGSV,24,,25
2026-06-01T18:02:39.299946,$GPGSV,25,,18
2026-06-01T18:02:39.299946,$GPGSV,28,,32
2026-06-01T18:02:39.299946,$GPGSV,32,,38
2026-06-01T18:02:39.299946,$GPGSV,41,,42
2026-06-01T18:02:39.302943,$GPGSV,42,,41
2026-06-01T18:02:39.302943,$GPGSV,50,,38
2026-06-01T18:02:39.307016,$GPGSV,10,,33
2026-06-01T18:02:39.307016,$GPGSV,18,,41
2026-06-01T18:02:39.307016,$GPGSV,23,,38
2026-06-01T18:02:39.307016,$GPGSV,24,,25
2026-06-01T18:02:39.308993,$GPGSV,28,,25
2026-06-01T18:02:39.308993,$GPGSV,32,,33
2026-06-01T18:02:39.314410,$GLGSV,65,,15
2026-06-01T18:02:39.314410,$GLGSV,75,,31
2026-06-01T18:02:39.314410,$GLGSV,87,,38
2026-06-01T18:02:39.314410,$GLGSV,88,,38
2026-06-01T18:02:39.315765,$GLGSV,72,,20
2026-06-01T18:02:39.315765,$GLGSV,75,,25
2026-06-01T18:02:39.315765,$GLGSV,86,,16
2026-06-01T18:02:39.315765,$GLGSV,88,,39
2026-06-01T18:02:39.318342,$GAGSV,03,,39
2026-06-01T18:02:39.318342,$GAGSV,08,,36
2026-06-01T18:02:39.318342,$GAGSV,15,,41
2026-06-01T18:02:39.318342,$GAGSV,32,,38
2026-06-01T18:02:39.319182,$GAGSV,34,,40
2026-06-01T18:02:39.320658,$GAGSV,03,,39
2026-06-01T18:02:39.320658,$GAGSV,08,,31
2026-06-01T18:02:39.320658,$GAGSV,15,,41
2026-06-01T18:02:39.320658,$GAGSV,32,,39
2026-06-01T18:02:39.321677,$GAGSV,34,,40
2026-06-01T18:02:39.324901,$GBGSV,06,,43
2026-06-01T18:02:39.324901,$GBGSV,07,,42
2026-06-01T18:02:39.324901,$GBGSV,09,,38
2026-06-01T18:02:39.324901,$GBGSV,10,,42
2026-06-01T18:02:39.325637,$GBGSV,13,,39
2026-06-01T18:02:39.325637,$GBGSV,25,,42
2026-06-01T18:02:39.325637,$GBGSV,28,,42
2026-06-01T18:02:39.325637,$GBGSV,33,,39
2026-06-01T18:02:39.326133,$GBGSV,09,,36
2026-06-01T18:02:39.326133,$GBGSV,10,,39
2026-06-01T18:02:40.296401,$GPGSV,10,,38
2026-06-01T18:02:40.296401,$GPGSV,18,,41
2026-06-01T18:02:40.296401,$GPGSV,23,,42
2026-06-01T18:02:40.296401,$GPGSV,24,,25
2026-06-01T18:02:40.300452,$GPGSV,25,,18
2026-06-01T18:02:40.300452,$GPGSV,28,,33
2026-06-01T18:02:40.300452,$GPGSV,32,,37
2026-06-01T18:02:40.300452,$GPGSV,41,,42
2026-06-01T18:02:40.303510,$GPGSV,42,,41
2026-06-01T18:02:40.303510,$GPGSV,50,,38
2026-06-01T18:02:40.307518,$GPGSV,10,,33
2026-06-01T18:02:40.307518,$GPGSV,18,,41
2026-06-01T18:02:40.307518,$GPGSV,23,,39
2026-06-01T18:02:40.307518,$GPGSV,24,,25
2026-06-01T18:02:40.309365,$GPGSV,28,,25
2026-06-01T18:02:40.309365,$GPGSV,32,,33
2026-06-01T18:02:40.313744,$GLGSV,65,,14
2026-06-01T18:02:40.313744,$GLGSV,75,,31
2026-06-01T18:02:40.313744,$GLGSV,87,,38
2026-06-01T18:02:40.313744,$GLGSV,88,,38
2026-06-01T18:02:40.315269,$GLGSV,72,,20
2026-06-01T18:02:40.315269,$GLGSV,75,,26
2026-06-01T18:02:40.315269,$GLGSV,86,,17
2026-06-01T18:02:40.315269,$GLGSV,88,,40
2026-06-01T18:02:40.317993,$GAGSV,03,,39
2026-06-01T18:02:40.317993,$GAGSV,08,,36
2026-06-01T18:02:40.317993,$GAGSV,15,,41
2026-06-01T18:02:40.317993,$GAGSV,32,,38
2026-06-01T18:02:40.318839,$GAGSV,34,,40
2026-06-01T18:02:40.320288,$GAGSV,03,,39
2026-06-01T18:02:40.320288,$GAGSV,08,,30
2026-06-01T18:02:40.320288,$GAGSV,15,,41
2026-06-01T18:02:40.320288,$GAGSV,32,,39
2026-06-01T18:02:40.321136,$GAGSV,34,,40
2026-06-01T18:02:40.325605,$GBGSV,06,,43
2026-06-01T18:02:40.325605,$GBGSV,07,,42
2026-06-01T18:02:40.325605,$GBGSV,09,,38
2026-06-01T18:02:40.325605,$GBGSV,10,,43
2026-06-01T18:02:40.326787,$GBGSV,13,,39
2026-06-01T18:02:40.326787,$GBGSV,25,,42
2026-06-01T18:02:40.326787,$GBGSV,28,,42
2026-06-01T18:02:40.326787,$GBGSV,33,,39
2026-06-01T18:02:40.327594,$GBGSV,09,,36
2026-06-01T18:02:40.327594,$GBGSV,10,,39
2026-06-01T18:02:41.293729,$GPGSV,10,,38
2026-06-01T18:02:41.293729,$GPGSV,18,,41
2026-06-01T18:02:41.293729,$GPGSV,23,,42
2026-06-01T18:02:41.293729,$GPGSV,24,,25
2026-06-01T18:02:41.295951,$GPGSV,25,,17
2026-06-01T18:02:41.295951,$GPGSV,28,,32
2026-06-01T18:02:41.295951,$GPGSV,32,,37
2026-06-01T18:02:41.295951,$GPGSV,41,,42
2026-06-01T18:02:41.297586,$GPGSV,42,,41
2026-06-01T18:02:41.297586,$GPGSV,50,,38
2026-06-01T18:02:41.299699,$GPGSV,10,,32
2026-06-01T18:02:41.299699,$GPGSV,18,,40
2026-06-01T18:02:41.299699,$GPGSV,23,,38
2026-06-01T18:02:41.299699,$GPGSV,24,,24
2026-06-01T18:02:41.301304,$GPGSV,28,,25
2026-06-01T18:02:41.301304,$GPGSV,32,,32
2026-06-01T18:02:41.307043,$GLGSV,65,,14
2026-06-01T18:02:41.307043,$GLGSV,75,,31
2026-06-01T18:02:41.307043,$GLGSV,87,,38
2026-06-01T18:02:41.307043,$GLGSV,88,,38
2026-06-01T18:02:41.308681,$GLGSV,72,,18
2026-06-01T18:02:41.308681,$GLGSV,75,,25
2026-06-01T18:02:41.308681,$GLGSV,86,,17
2026-06-01T18:02:41.308681,$GLGSV,88,,40
2026-06-01T18:02:41.311565,$GAGSV,03,,39
2026-06-01T18:02:41.311565,$GAGSV,08,,36
2026-06-01T18:02:41.311565,$GAGSV,15,,41
2026-06-01T18:02:41.311565,$GAGSV,32,,38
2026-06-01T18:02:41.312412,$GAGSV,34,,40
2026-06-01T18:02:41.313640,$GAGSV,03,,39
2026-06-01T18:02:41.313640,$GAGSV,08,,30
2026-06-01T18:02:41.313640,$GAGSV,15,,41
2026-06-01T18:02:41.313640,$GAGSV,32,,39
2026-06-01T18:02:41.314246,$GAGSV,34,,40
2026-06-01T18:02:41.317349,$GBGSV,06,,43
2026-06-01T18:02:41.317349,$GBGSV,07,,42
2026-06-01T18:02:41.317349,$GBGSV,09,,38
2026-06-01T18:02:41.317349,$GBGSV,10,,43
2026-06-01T18:02:41.318589,$GBGSV,13,,39
2026-06-01T18:02:41.318589,$GBGSV,25,,42
2026-06-01T18:02:41.318589,$GBGSV,28,,42
2026-06-01T18:02:41.318589,$GBGSV,33,,39
2026-06-01T18:02:41.319259,$GBGSV,09,,36
2026-06-01T18:02:41.319259,$GBGSV,10,,39
2026-06-01T18:02:42.287748,$GPGSV,10,,38
2026-06-01T18:02:42.287748,$GPGSV,18,,41
2026-06-01T18:02:42.287748,$GPGSV,23,,42
2026-06-01T18:02:42.287748,$GPGSV,24,,25
2026-06-01T18:02:42.290854,$GPGSV,25,,16
2026-06-01T18:02:42.290854,$GPGSV,28,,32
2026-06-01T18:02:42.290854,$GPGSV,32,,37
2026-06-01T18:02:42.290854,$GPGSV,41,,42
2026-06-01T18:02:42.292666,$GPGSV,42,,41
2026-06-01T18:02:42.292666,$GPGSV,50,,38
2026-06-01T18:02:42.294910,$GPGSV,10,,32
2026-06-01T18:02:42.294910,$GPGSV,18,,40
2026-06-01T18:02:42.294910,$GPGSV,23,,38
2026-06-01T18:02:42.294910,$GPGSV,24,,24
2026-06-01T18:02:42.296669,$GPGSV,28,,25
2026-06-01T18:02:42.296669,$GPGSV,32,,32
2026-06-01T18:02:42.302915,$GLGSV,65,,16
2026-06-01T18:02:42.302915,$GLGSV,75,,30
2026-06-01T18:02:42.302915,$GLGSV,87,,38
2026-06-01T18:02:42.302915,$GLGSV,88,,38
2026-06-01T18:02:42.304642,$GLGSV,72,,16
2026-06-01T18:02:42.304642,$GLGSV,75,,25
2026-06-01T18:02:42.304642,$GLGSV,86,,16
2026-06-01T18:02:42.304642,$GLGSV,88,,39
2026-06-01T18:02:42.307785,$GAGSV,03,,39
2026-06-01T18:02:42.307785,$GAGSV,08,,35
2026-06-01T18:02:42.307785,$GAGSV,15,,40
2026-06-01T18:02:42.307785,$GAGSV,32,,38
2026-06-01T18:02:42.309174,$GAGSV,34,,39
2026-06-01T18:02:42.310533,$GAGSV,03,,38
2026-06-01T18:02:42.310533,$GAGSV,08,,30
2026-06-01T18:02:42.310533,$GAGSV,15,,40
2026-06-01T18:02:42.310533,$GAGSV,32,,39
2026-06-01T18:02:42.311123,$GAGSV,34,,40
2026-06-01T18:02:42.313965,$GBGSV,06,,43
2026-06-01T18:02:42.313965,$GBGSV,07,,42
2026-06-01T18:02:42.313965,$GBGSV,09,,38
2026-06-01T18:02:42.313965,$GBGSV,10,,43
2026-06-01T18:02:42.315027,$GBGSV,13,,38
2026-06-01T18:02:42.315027,$GBGSV,25,,42
2026-06-01T18:02:42.315027,$GBGSV,28,,42
2026-06-01T18:02:42.315027,$GBGSV,33,,39
2026-06-01T18:02:42.315770,$GBGSV,09,,36
2026-06-01T18:02:42.315770,$GBGSV,10,,39
2026-06-01T18:02:43.295685,$GPGSV,10,,39
2026-06-01T18:02:43.295685,$GPGSV,18,,41
2026-06-01T18:02:43.295685,$GPGSV,23,,41
2026-06-01T18:02:43.295685,$GPGSV,24,,25
2026-06-01T18:02:43.299717,$GPGSV,25,,13
2026-06-01T18:02:43.299717,$GPGSV,28,,32
2026-06-01T18:02:43.299717,$GPGSV,32,,37
2026-06-01T18:02:43.299717,$GPGSV,41,,42
2026-06-01T18:02:43.302591,$GPGSV,42,,41
2026-06-01T18:02:43.302591,$GPGSV,50,,38
2026-06-01T18:02:43.306759,$GPGSV,10,,32
2026-06-01T18:02:43.306759,$GPGSV,18,,40
2026-06-01T18:02:43.306759,$GPGSV,23,,38
2026-06-01T18:02:43.306759,$GPGSV,24,,23
2026-06-01T18:02:43.309232,$GPGSV,28,,26
2026-06-01T18:02:43.309232,$GPGSV,32,,31
2026-06-01T18:02:43.315649,$GLGSV,65,,16
2026-06-01T18:02:43.315649,$GLGSV,74,,08
2026-06-01T18:02:43.315649,$GLGSV,75,,29
2026-06-01T18:02:43.315649,$GLGSV,87,,38
2026-06-01T18:02:43.316432,$GLGSV,88,,38
2026-06-01T18:02:43.317725,$GLGSV,72,,12
2026-06-01T18:02:43.317725,$GLGSV,75,,25
2026-06-01T18:02:43.317725,$GLGSV,86,,12
2026-06-01T18:02:43.317725,$GLGSV,88,,40
2026-06-01T18:02:43.320485,$GAGSV,03,,39
2026-06-01T18:02:43.320485,$GAGSV,08,,35
2026-06-01T18:02:43.320485,$GAGSV,15,,41
2026-06-01T18:02:43.320485,$GAGSV,32,,38
2026-06-01T18:02:43.321443,$GAGSV,34,,40
2026-06-01T18:02:43.322820,$GAGSV,03,,38
2026-06-01T18:02:43.322820,$GAGSV,08,,30
2026-06-01T18:02:43.322820,$GAGSV,15,,40
2026-06-01T18:02:43.322820,$GAGSV,32,,39
2026-06-01T18:02:43.324183,$GAGSV,34,,40
2026-06-01T18:02:43.327243,$GBGSV,06,,43
2026-06-01T18:02:43.327243,$GBGSV,07,,42
2026-06-01T18:02:43.327243,$GBGSV,09,,38
2026-06-01T18:02:43.327243,$GBGSV,10,,43
2026-06-01T18:02:43.327948,$GBGSV,13,,38
2026-06-01T18:02:43.327948,$GBGSV,25,,42
2026-06-01T18:02:43.327948,$GBGSV,28,,42
2026-06-01T18:02:43.327948,$GBGSV,33,,39
2026-06-01T18:02:43.328448,$GBGSV,09,,36
2026-06-01T18:02:43.328448,$GBGSV,10,,39
2026-06-01T18:02:44.296673,$GPGSV,10,,38
2026-06-01T18:02:44.296673,$GPGSV,18,,41
2026-06-01T18:02:44.296673,$GPGSV,23,,41
2026-06-01T18:02:44.296673,$GPGSV,24,,24
2026-06-01T18:02:44.299685,$GPGSV,25,,08
2026-06-01T18:02:44.299685,$GPGSV,28,,33
2026-06-01T18:02:44.299685,$GPGSV,32,,37
2026-06-01T18:02:44.299685,$GPGSV,41,,42
2026-06-01T18:02:44.302577,$GPGSV,42,,41
2026-06-01T18:02:44.302577,$GPGSV,50,,39
2026-06-01T18:02:44.306660,$GPGSV,10,,33
2026-06-01T18:02:44.306660,$GPGSV,18,,40
2026-06-01T18:02:44.306660,$GPGSV,23,,38
2026-06-01T18:02:44.306660,$GPGSV,24,,23
2026-06-01T18:02:44.309753,$GPGSV,28,,26
2026-06-01T18:02:44.309753,$GPGSV,32,,31
2026-06-01T18:02:44.315801,$GLGSV,65,,18
2026-06-01T18:02:44.315801,$GLGSV,74,,12
2026-06-01T18:02:44.315801,$GLGSV,75,,29
2026-06-01T18:02:44.315801,$GLGSV,87,,38
2026-06-01T18:02:44.317167,$GLGSV,88,,39
2026-06-01T18:02:44.318338,$GLGSV,72,,10
2026-06-01T18:02:44.318338,$GLGSV,75,,26
2026-06-01T18:02:44.318338,$GLGSV,86,,13
2026-06-01T18:02:44.318338,$GLGSV,88,,40
2026-06-01T18:02:44.321329,$GAGSV,03,,39
2026-06-01T18:02:44.321329,$GAGSV,08,,35
2026-06-01T18:02:44.321329,$GAGSV,15,,41
2026-06-01T18:02:44.321329,$GAGSV,32,,38
2026-06-01T18:02:44.321846,$GAGSV,34,,40
2026-06-01T18:02:44.322771,$GAGSV,03,,38
2026-06-01T18:02:44.322771,$GAGSV,08,,30
2026-06-01T18:02:44.322771,$GAGSV,15,,40
2026-06-01T18:02:44.322771,$GAGSV,32,,39
2026-06-01T18:02:44.323784,$GAGSV,34,,41
2026-06-01T18:02:44.326599,$GBGSV,06,,42
2026-06-01T18:02:44.326599,$GBGSV,07,,42
2026-06-01T18:02:44.326599,$GBGSV,09,,38
2026-06-01T18:02:44.326599,$GBGSV,10,,43
2026-06-01T18:02:44.327287,$GBGSV,13,,38
2026-06-01T18:02:44.327287,$GBGSV,25,,42
2026-06-01T18:02:44.327287,$GBGSV,28,,42
2026-06-01T18:02:44.327287,$GBGSV,33,,38
2026-06-01T18:02:44.327785,$GBGSV,09,,36
2026-06-01T18:02:44.327785,$GBGSV,10,,39
2026-06-01T18:02:45.292886,$GPGSV,10,,38
2026-06-01T18:02:45.292886,$GPGSV,18,,41
2026-06-01T18:02:45.292886,$GPGSV,23,,41
2026-06-01T18:02:45.292886,$GPGSV,24,,23
2026-06-01T18:02:45.295395,$GPGSV,28,,33
2026-06-01T18:02:45.295395,$GPGSV,32,,37
2026-06-01T18:02:45.295395,$GPGSV,41,,42
2026-06-01T18:02:45.295395,$GPGSV,42,,41
2026-06-01T18:02:45.296693,$GPGSV,50,,38
2026-06-01T18:02:45.299503,$GPGSV,10,,33
2026-06-01T18:02:45.299503,$GPGSV,18,,40
2026-06-01T18:02:45.299503,$GPGSV,23,,38
2026-06-01T18:02:45.299503,$GPGSV,24,,22
2026-06-01T18:02:45.301103,$GPGSV,28,,24
2026-06-01T18:02:45.301103,$GPGSV,32,,32
2026-06-01T18:02:45.307013,$GLGSV,65,,20
2026-06-01T18:02:45.307013,$GLGSV,74,,16
2026-06-01T18:02:45.307013,$GLGSV,75,,28
2026-06-01T18:02:45.307013,$GLGSV,87,,38
2026-06-01T18:02:45.308332,$GLGSV,88,,38
2026-06-01T18:02:45.310611,$GLGSV,72,,12
2026-06-01T18:02:45.310611,$GLGSV,75,,25
2026-06-01T18:02:45.310611,$GLGSV,86,,15
2026-06-01T18:02:45.310611,$GLGSV,88,,39
2026-06-01T18:02:45.312402,$GAGSV,03,,39
2026-06-01T18:02:45.312402,$GAGSV,08,,35
2026-06-01T18:02:45.312402,$GAGSV,15,,41
2026-06-01T18:02:45.312402,$GAGSV,32,,38
2026-06-01T18:02:45.313445,$GAGSV,34,,39
2026-06-01T18:02:45.314597,$GAGSV,03,,38
2026-06-01T18:02:45.314597,$GAGSV,08,,30
2026-06-01T18:02:45.314597,$GAGSV,15,,40
2026-06-01T18:02:45.314597,$GAGSV,32,,39
2026-06-01T18:02:45.315435,$GAGSV,34,,40
2026-06-01T18:02:45.317808,$GBGSV,06,,43
2026-06-01T18:02:45.317808,$GBGSV,07,,42
2026-06-01T18:02:45.317808,$GBGSV,09,,38
2026-06-01T18:02:45.317808,$GBGSV,10,,44
2026-06-01T18:02:45.318728,$GBGSV,13,,38
2026-06-01T18:02:45.318728,$GBGSV,25,,42
2026-06-01T18:02:45.318728,$GBGSV,28,,42
2026-06-01T18:02:45.318728,$GBGSV,33,,38
2026-06-01T18:02:45.319382,$GBGSV,09,,36
2026-06-01T18:02:45.319382,$GBGSV,10,,39
2026-06-01T18:02:46.295241,$GPGSV,10,,38
2026-06-01T18:02:46.295241,$GPGSV,18,,41
2026-06-01T18:02:46.295241,$GPGSV,23,,41
2026-06-01T18:02:46.295241,$GPGSV,24,,23
2026-06-01T18:02:46.298063,$GPGSV,28,,33
2026-06-01T18:02:46.298063,$GPGSV,32,,36
2026-06-01T18:02:46.298063,$GPGSV,41,,42
2026-06-01T18:02:46.298063,$GPGSV,42,,41
2026-06-01T18:02:46.299365,$GPGSV,50,,38
2026-06-01T18:02:46.301796,$GPGSV,10,,32
2026-06-01T18:02:46.301796,$GPGSV,18,,39
2026-06-01T18:02:46.301796,$GPGSV,23,,38
2026-06-01T18:02:46.301796,$GPGSV,24,,22
2026-06-01T18:02:46.303350,$GPGSV,28,,23
2026-06-01T18:02:46.303350,$GPGSV,32,,32
2026-06-01T18:02:46.310423,$GLGSV,65,,22
2026-06-01T18:02:46.310423,$GLGSV,74,,18
2026-06-01T18:02:46.310423,$GLGSV,75,,27
2026-06-01T18:02:46.310423,$GLGSV,87,,38
2026-06-01T18:02:46.311536,$GLGSV,88,,38
2026-06-01T18:02:46.312978,$GLGSV,72,,15
2026-06-01T18:02:46.312978,$GLGSV,75,,25
2026-06-01T18:02:46.312978,$GLGSV,86,,15
2026-06-01T18:02:46.312978,$GLGSV,88,,39
2026-06-01T18:02:46.315324,$GAGSV,03,,38
2026-06-01T18:02:46.315324,$GAGSV,08,,35
2026-06-01T18:02:46.315324,$GAGSV,15,,41
2026-06-01T18:02:46.315324,$GAGSV,32,,38
2026-06-01T18:02:46.315947,$GAGSV,34,,39
2026-06-01T18:02:46.316995,$GAGSV,03,,38
2026-06-01T18:02:46.316995,$GAGSV,08,,31
2026-06-01T18:02:46.316995,$GAGSV,15,,40
2026-06-01T18:02:46.316995,$GAGSV,32,,39
2026-06-01T18:02:46.317682,$GAGSV,34,,40
2026-06-01T18:02:46.320161,$GBGSV,06,,42
2026-06-01T18:02:46.320161,$GBGSV,07,,42
2026-06-01T18:02:46.320161,$GBGSV,09,,38
2026-06-01T18:02:46.320161,$GBGSV,10,,44
2026-06-01T18:02:46.321104,$GBGSV,13,,38
2026-06-01T18:02:46.321104,$GBGSV,25,,42
2026-06-01T18:02:46.321104,$GBGSV,28,,42
2026-06-01T18:02:46.321104,$GBGSV,33,,38
2026-06-01T18:02:46.322086,$GBGSV,09,,36
2026-06-01T18:02:46.322086,$GBGSV,10,,40
2026-06-01T18:02:47.297666,$GPGSV,10,,38
2026-06-01T18:02:47.297666,$GPGSV,18,,41
2026-06-01T18:02:47.297666,$GPGSV,23,,41
2026-06-01T18:02:47.297666,$GPGSV,24,,23
2026-06-01T18:02:47.299890,$GPGSV,28,,33
2026-06-01T18:02:47.299890,$GPGSV,32,,36
2026-06-01T18:02:47.299890,$GPGSV,41,,42
2026-06-01T18:02:47.299890,$GPGSV,42,,42
2026-06-01T18:02:47.301220,$GPGSV,50,,38
2026-06-01T18:02:47.303477,$GPGSV,10,,32
2026-06-01T18:02:47.303477,$GPGSV,18,,38
2026-06-01T18:02:47.303477,$GPGSV,23,,37
2026-06-01T18:02:47.303477,$GPGSV,24,,21
2026-06-01T18:02:47.305528,$GPGSV,28,,23
2026-06-01T18:02:47.305528,$GPGSV,32,,31
2026-06-01T18:02:47.312033,$GLGSV,65,,22
2026-06-01T18:02:47.312033,$GLGSV,74,,19
2026-06-01T18:02:47.312033,$GLGSV,75,,27
2026-06-01T18:02:47.312033,$GLGSV,87,,38
2026-06-01T18:02:47.312866,$GLGSV,88,,38
2026-06-01T18:02:47.314622,$GLGSV,72,,17
2026-06-01T18:02:47.314622,$GLGSV,75,,23
2026-06-01T18:02:47.314622,$GLGSV,86,,14
2026-06-01T18:02:47.314622,$GLGSV,88,,39
2026-06-01T18:02:47.317803,$GAGSV,03,,38
2026-06-01T18:02:47.317803,$GAGSV,08,,35
2026-06-01T18:02:47.317803,$GAGSV,15,,41
2026-06-01T18:02:47.317803,$GAGSV,32,,38
2026-06-01T18:02:47.318413,$GAGSV,34,,39
2026-06-01T18:02:47.319474,$GAGSV,03,,38
2026-06-01T18:02:47.319474,$GAGSV,08,,31
2026-06-01T18:02:47.319474,$GAGSV,15,,40
2026-06-01T18:02:47.319474,$GAGSV,32,,39
2026-06-01T18:02:47.320013,$GAGSV,34,,40
2026-06-01T18:02:47.323138,$GBGSV,06,,42
2026-06-01T18:02:47.323138,$GBGSV,07,,42
2026-06-01T18:02:47.323138,$GBGSV,09,,38
2026-06-01T18:02:47.323138,$GBGSV,10,,44
2026-06-01T18:02:47.324195,$GBGSV,13,,38
2026-06-01T18:02:47.324195,$GBGSV,25,,42
2026-06-01T18:02:47.324195,$GBGSV,28,,42
2026-06-01T18:02:47.324195,$GBGSV,33,,37
2026-06-01T18:02:47.324753,$GBGSV,09,,35
2026-06-01T18:02:47.324753,$GBGSV,10,,39
2026-06-01T18:02:48.293736,$GPGSV,10,,38
2026-06-01T18:02:48.293736,$GPGSV,18,,40
2026-06-01T18:02:48.293736,$GPGSV,23,,41
2026-06-01T18:02:48.293736,$GPGSV,24,,25
2026-06-01T18:02:48.296234,$GPGSV,28,,31
2026-06-01T18:02:48.296234,$GPGSV,32,,38
2026-06-01T18:02:48.296234,$GPGSV,41,,40
2026-06-01T18:02:48.296234,$GPGSV,42,,42
2026-06-01T18:02:48.297560,$GPGSV,50,,36
2026-06-01T18:02:48.299692,$GPGSV,10,,32
2026-06-01T18:02:48.299692,$GPGSV,18,,39
2026-06-01T18:02:48.299692,$GPGSV,23,,35
2026-06-01T18:02:48.299692,$GPGSV,24,,21
2026-06-01T18:02:48.301548,$GPGSV,28,,24
2026-06-01T18:02:48.301548,$GPGSV,32,,33
2026-06-01T18:02:48.307871,$GLGSV,65,,23
2026-06-01T18:02:48.307871,$GLGSV,74,,17
2026-06-01T18:02:48.307871,$GLGSV,75,,26
2026-06-01T18:02:48.307871,$GLGSV,87,,36
2026-06-01T18:02:48.308881,$GLGSV,88,,37
2026-06-01T18:02:48.311405,$GLGSV,72,,17
2026-06-01T18:02:48.311405,$GLGSV,75,,23
2026-06-01T18:02:48.311405,$GLGSV,86,,14
2026-06-01T18:02:48.311405,$GLGSV,88,,33
2026-06-01T18:02:48.313782,$GAGSV,03,,39
2026-06-01T18:02:48.313782,$GAGSV,08,,34
2026-06-01T18:02:48.313782,$GAGSV,15,,41
2026-06-01T18:02:48.313782,$GAGSV,32,,38
2026-06-01T18:02:48.314501,$GAGSV,34,,39
2026-06-01T18:02:48.315726,$GAGSV,03,,39
2026-06-01T18:02:48.315726,$GAGSV,08,,31
2026-06-01T18:02:48.315726,$GAGSV,15,,40
2026-06-01T18:02:48.315726,$GAGSV,32,,40
2026-06-01T18:02:48.316355,$GAGSV,34,,41
2026-06-01T18:02:48.318915,$GBGSV,06,,40
2026-06-01T18:02:48.318915,$GBGSV,07,,41
2026-06-01T18:02:48.318915,$GBGSV,09,,38
2026-06-01T18:02:48.318915,$GBGSV,10,,43
2026-06-01T18:02:48.319989,$GBGSV,13,,34
2026-06-01T18:02:48.319989,$GBGSV,25,,41
2026-06-01T18:02:48.319989,$GBGSV,28,,41
2026-06-01T18:02:48.319989,$GBGSV,33,,38
2026-06-01T18:02:48.321117,$GBGSV,09,,36
2026-06-01T18:02:48.321117,$GBGSV,10,,39
2026-06-01T18:02:49.295017,$GPGSV,10,,38
2026-06-01T18:02:49.295017,$GPGSV,12,,22
2026-06-01T18:02:49.295017,$GPGSV,18,,40
2026-06-01T18:02:49.295017,$GPGSV,23,,40
2026-06-01T18:02:49.297385,$GPGSV,24,,26
2026-06-01T18:02:49.297385,$GPGSV,25,,16
2026-06-01T18:02:49.297385,$GPGSV,28,,23
2026-06-01T18:02:49.297385,$GPGSV,32,,37
2026-06-01T18:02:49.299184,$GPGSV,41,,40
2026-06-01T18:02:49.299184,$GPGSV,42,,40
2026-06-01T18:02:49.299184,$GPGSV,50,,40
2026-06-01T18:02:49.301492,$GPGSV,10,,32
2026-06-01T18:02:49.301492,$GPGSV,18,,39
2026-06-01T18:02:49.301492,$GPGSV,23,,37
2026-06-01T18:02:49.301492,$GPGSV,24,,20
2026-06-01T18:02:49.302978,$GPGSV,28,,23
2026-06-01T18:02:49.302978,$GPGSV,32,,26
2026-06-01T18:02:49.308619,$GLGSV,65,,24
2026-06-01T18:02:49.308619,$GLGSV,74,,15
2026-06-01T18:02:49.308619,$GLGSV,75,,25
2026-06-01T18:02:49.308619,$GLGSV,87,,38
2026-06-01T18:02:49.309462,$GLGSV,88,,39
2026-06-01T18:02:49.311880,$GLGSV,72,,18
2026-06-01T18:02:49.311880,$GLGSV,75,,24
2026-06-01T18:02:49.311880,$GLGSV,86,,15
2026-06-01T18:02:49.311880,$GLGSV,88,,37
2026-06-01T18:02:49.314277,$GAGSV,03,,40
2026-06-01T18:02:49.314277,$GAGSV,08,,31
2026-06-01T18:02:49.314277,$GAGSV,15,,41
2026-06-01T18:02:49.314277,$GAGSV,32,,41
2026-06-01T18:02:49.315233,$GAGSV,34,,39
2026-06-01T18:02:49.316801,$GAGSV,03,,38
2026-06-01T18:02:49.316801,$GAGSV,08,,24
2026-06-01T18:02:49.316801,$GAGSV,15,,39
2026-06-01T18:02:49.316801,$GAGSV,32,,38
2026-06-01T18:02:49.317427,$GAGSV,34,,40
2026-06-01T18:02:49.320250,$GBGSV,06,,40
2026-06-01T18:02:49.320250,$GBGSV,07,,43
2026-06-01T18:02:49.320250,$GBGSV,09,,39
2026-06-01T18:02:49.320250,$GBGSV,10,,44
2026-06-01T18:02:49.321754,$GBGSV,13,,39
2026-06-01T18:02:49.321754,$GBGSV,25,,43
2026-06-01T18:02:49.321754,$GBGSV,28,,45
2026-06-01T18:02:49.321754,$GBGSV,33,,40
2026-06-01T18:02:49.322484,$GBGSV,09,,35
2026-06-01T18:02:49.322484,$GBGSV,10,,39
2026-06-01T18:02:50.292578,$GPGSV,10,,38
2026-06-01T18:02:50.292578,$GPGSV,18,,41
2026-06-01T18:02:50.292578,$GPGSV,23,,40
2026-06-01T18:02:50.292578,$GPGSV,24,,24
2026-06-01T18:02:50.295095,$GPGSV,25,,13
2026-06-01T18:02:50.295095,$GPGSV,28,,25
2026-06-01T18:02:50.295095,$GPGSV,32,,37
2026-06-01T18:02:50.295095,$GPGSV,41,,40
2026-06-01T18:02:50.296660,$GPGSV,42,,42
2026-06-01T18:02:50.296660,$GPGSV,50,,38
2026-06-01T18:02:50.298882,$GPGSV,10,,32
2026-06-01T18:02:50.298882,$GPGSV,18,,40
2026-06-01T18:02:50.298882,$GPGSV,23,,35
2026-06-01T18:02:50.298882,$GPGSV,24,,21
2026-06-01T18:02:50.300580,$GPGSV,28,,29
2026-06-01T18:02:50.300580,$GPGSV,32,,29
2026-06-01T18:02:50.306964,$GLGSV,65,,23
2026-06-01T18:02:50.306964,$GLGSV,74,,12
2026-06-01T18:02:50.306964,$GLGSV,75,,25
2026-06-01T18:02:50.306964,$GLGSV,87,,37
2026-06-01T18:02:50.307795,$GLGSV,88,,39
2026-06-01T18:02:50.309718,$GLGSV,72,,17
2026-06-01T18:02:50.309718,$GLGSV,75,,25
2026-06-01T18:02:50.309718,$GLGSV,86,,13
2026-06-01T18:02:50.309718,$GLGSV,88,,38
2026-06-01T18:02:50.313039,$GAGSV,03,,39
2026-06-01T18:02:50.313039,$GAGSV,08,,34
2026-06-01T18:02:50.313039,$GAGSV,15,,39
2026-06-01T18:02:50.313039,$GAGSV,32,,40
2026-06-01T18:02:50.314217,$GAGSV,34,,38
2026-06-01T18:02:50.315588,$GAGSV,03,,38
2026-06-01T18:02:50.315588,$GAGSV,08,,32
2026-06-01T18:02:50.315588,$GAGSV,15,,40
2026-06-01T18:02:50.315588,$GAGSV,32,,38
2026-06-01T18:02:50.316426,$GAGSV,34,,40
2026-06-01T18:02:50.319208,$GBGSV,06,,42
2026-06-01T18:02:50.319208,$GBGSV,07,,42
2026-06-01T18:02:50.319208,$GBGSV,09,,40
2026-06-01T18:02:50.319208,$GBGSV,10,,43
2026-06-01T18:02:50.320351,$GBGSV,13,,40
2026-06-01T18:02:50.320351,$GBGSV,25,,40
2026-06-01T18:02:50.320351,$GBGSV,28,,42
2026-06-01T18:02:50.320351,$GBGSV,33,,40
2026-06-01T18:02:50.321017,$GBGSV,09,,35
2026-06-01T18:02:50.321017,$GBGSV,10,,39
2026-06-01T18:02:51.290413,$GPGSV,10,,37
2026-06-01T18:02:51.290413,$GPGSV,12,,22
2026-06-01T18:02:51.290413,$GPGSV,18,,40
2026-06-01T18:02:51.290413,$GPGSV,23,,39
2026-06-01T18:02:51.293292,$GPGSV,24,,22
2026-06-01T18:02:51.293292,$GPGSV,25,,14
2026-06-01T18:02:51.293292,$GPGSV,28,,30
2026-06-01T18:02:51.293292,$GPGSV,32,,37
2026-06-01T18:02:51.295339,$GPGSV,41,,38
2026-06-01T18:02:51.295339,$GPGSV,42,,42
2026-06-01T18:02:51.295339,$GPGSV,50,,37
2026-06-01T18:02:51.297664,$GPGSV,10,,33
2026-06-01T18:02:51.297664,$GPGSV,18,,39
2026-06-01T18:02:51.297664,$GPGSV,23,,36
2026-06-01T18:02:51.297664,$GPGSV,24,,21
2026-06-01T18:02:51.299350,$GPGSV,28,,22
2026-06-01T18:02:51.299350,$GPGSV,32,,33
2026-06-01T18:02:51.307138,$GLGSV,65,,30
2026-06-01T18:02:51.307138,$GLGSV,74,,14
2026-06-01T18:02:51.307138,$GLGSV,75,,25
2026-06-01T18:02:51.307138,$GLGSV,87,,38
2026-06-01T18:02:51.308392,$GLGSV,88,,38
2026-06-01T18:02:51.309907,$GLGSV,72,,17
2026-06-01T18:02:51.309907,$GLGSV,75,,25
2026-06-01T18:02:51.309907,$GLGSV,86,,13
2026-06-01T18:02:51.309907,$GLGSV,88,,41
2026-06-01T18:02:51.312409,$GAGSV,03,,39
2026-06-01T18:02:51.312409,$GAGSV,08,,34
2026-06-01T18:02:51.312409,$GAGSV,15,,40
2026-06-01T18:02:51.312409,$GAGSV,32,,40
2026-06-01T18:02:51.313266,$GAGSV,34,,39
2026-06-01T18:02:51.314626,$GAGSV,03,,35
2026-06-01T18:02:51.314626,$GAGSV,08,,37
2026-06-01T18:02:51.314626,$GAGSV,15,,41
2026-06-01T18:02:51.314626,$GAGSV,32,,39
2026-06-01T18:02:51.315373,$GAGSV,34,,38
2026-06-01T18:02:51.318548,$GBGSV,06,,43
2026-06-01T18:02:51.318548,$GBGSV,07,,43
2026-06-01T18:02:51.318548,$GBGSV,09,,40
2026-06-01T18:02:51.318548,$GBGSV,10,,41
2026-06-01T18:02:51.319852,$GBGSV,13,,39
2026-06-01T18:02:51.319852,$GBGSV,25,,45
2026-06-01T18:02:51.319852,$GBGSV,28,,38
2026-06-01T18:02:51.319852,$GBGSV,33,,40
2026-06-01T18:02:51.320710,$GBGSV,09,,35
2026-06-01T18:02:51.320710,$GBGSV,10,,38
2026-06-01T18:02:52.294066,$GPGSV,10,,37
2026-06-01T18:02:52.294066,$GPGSV,18,,40
2026-06-01T18:02:52.294066,$GPGSV,23,,40
2026-06-01T18:02:52.294066,$GPGSV,24,,20
2026-06-01T18:02:52.296467,$GPGSV,25,,15
2026-06-01T18:02:52.296467,$GPGSV,28,,29
2026-06-01T18:02:52.296467,$GPGSV,32,,36
2026-06-01T18:02:52.296467,$GPGSV,41,,42
2026-06-01T18:02:52.298670,$GPGSV,42,,40
2026-06-01T18:02:52.298670,$GPGSV,50,,35
2026-06-01T18:02:52.301009,$GPGSV,10,,33
2026-06-01T18:02:52.301009,$GPGSV,18,,39
2026-06-01T18:02:52.301009,$GPGSV,23,,39
2026-06-01T18:02:52.301009,$GPGSV,24,,19
2026-06-01T18:02:52.303083,$GPGSV,28,,26
2026-06-01T18:02:52.303083,$GPGSV,32,,33
2026-06-01T18:02:52.312333,$GLGSV,65,,31
2026-06-01T18:02:52.312333,$GLGSV,74,,14
2026-06-01T18:02:52.312333,$GLGSV,75,,22
2026-06-01T18:02:52.312333,$GLGSV,87,,37
2026-06-01T18:02:52.313666,$GLGSV,88,,35
2026-06-01T18:02:52.315164,$GLGSV,72,,16
2026-06-01T18:02:52.315164,$GLGSV,75,,25
2026-06-01T18:02:52.315164,$GLGSV,86,,14
2026-06-01T18:02:52.315164,$GLGSV,88,,39
2026-06-01T18:02:52.317932,$GAGSV,03,,38
2026-06-01T18:02:52.317932,$GAGSV,08,,38
2026-06-01T18:02:52.317932,$GAGSV,15,,38
2026-06-01T18:02:52.317932,$GAGSV,32,,39
2026-06-01T18:02:52.318985,$GAGSV,34,,39
2026-06-01T18:02:52.320655,$GAGSV,03,,37
2026-06-01T18:02:52.320655,$GAGSV,08,,35
2026-06-01T18:02:52.320655,$GAGSV,15,,41
2026-06-01T18:02:52.320655,$GAGSV,32,,40
2026-06-01T18:02:52.321447,$GAGSV,34,,40
2026-06-01T18:02:52.324244,$GBGSV,06,,41
2026-06-01T18:02:52.324244,$GBGSV,07,,44
2026-06-01T18:02:52.324244,$GBGSV,09,,39
2026-06-01T18:02:52.324244,$GBGSV,10,,41
2026-06-01T18:02:52.326048,$GBGSV,13,,41
2026-06-01T18:02:52.326048,$GBGSV,25,,42
2026-06-01T18:02:52.326048,$GBGSV,28,,43
2026-06-01T18:02:52.326048,$GBGSV,33,,41
2026-06-01T18:02:52.327405,$GBGSV,09,,34
2026-06-01T18:02:52.327405,$GBGSV,10,,38
2026-06-01T18:02:53.294022,$GPGSV,10,,39
2026-06-01T18:02:53.294022,$GPGSV,18,,40
2026-06-01T18:02:53.294022,$GPGSV,23,,41
2026-06-01T18:02:53.294022,$GPGSV,24,,20
2026-06-01T18:02:53.296557,$GPGSV,25,,15
2026-06-01T18:02:53.296557,$GPGSV,32,,38
2026-06-01T18:02:53.296557,$GPGSV,41,,41
2026-06-01T18:02:53.296557,$GPGSV,42,,40
2026-06-01T18:02:53.297861,$GPGSV,50,,38
2026-06-01T18:02:53.300430,$GPGSV,10,,32
2026-06-01T18:02:53.300430,$GPGSV,18,,39
2026-06-01T18:02:53.300430,$GPGSV,23,,36
2026-06-01T18:02:53.300430,$GPGSV,24,,18
2026-06-01T18:02:53.302269,$GPGSV,28,,26
2026-06-01T18:02:53.302269,$GPGSV,32,,30
2026-06-01T18:02:53.310001,$GLGSV,65,,25
2026-06-01T18:02:53.310001,$GLGSV,74,,14
2026-06-01T18:02:53.310001,$GLGSV,75,,22
2026-06-01T18:02:53.310001,$GLGSV,87,,37
2026-06-01T18:02:53.311014,$GLGSV,88,,38
2026-06-01T18:02:53.312488,$GLGSV,72,,17
2026-06-01T18:02:53.312488,$GLGSV,75,,30
2026-06-01T18:02:53.312488,$GLGSV,86,,11
2026-06-01T18:02:53.312488,$GLGSV,88,,37
2026-06-01T18:02:53.315051,$GAGSV,03,,38
2026-06-01T18:02:53.315051,$GAGSV,08,,38
2026-06-01T18:02:53.315051,$GAGSV,15,,38
2026-06-01T18:02:53.315051,$GAGSV,32,,39
2026-06-01T18:02:53.315809,$GAGSV,34,,39
2026-06-01T18:02:53.317495,$GAGSV,03,,39
2026-06-01T18:02:53.317495,$GAGSV,08,,37
2026-06-01T18:02:53.317495,$GAGSV,15,,39
2026-06-01T18:02:53.317495,$GAGSV,32,,40
2026-06-01T18:02:53.318201,$GAGSV,34,,40
2026-06-01T18:02:53.322364,$GBGSV,06,,40
2026-06-01T18:02:53.322364,$GBGSV,07,,41
2026-06-01T18:02:53.322364,$GBGSV,09,,39
2026-06-01T18:02:53.322364,$GBGSV,10,,41
2026-06-01T18:02:53.323230,$GBGSV,13,,39
2026-06-01T18:02:53.323230,$GBGSV,25,,40
2026-06-01T18:02:53.323230,$GBGSV,28,,38
2026-06-01T18:02:53.323230,$GBGSV,33,,39
2026-06-01T18:02:53.323839,$GBGSV,09,,35
2026-06-01T18:02:53.323839,$GBGSV,10,,38
2026-06-01T18:02:54.296508,$GPGSV,10,,37
2026-06-01T18:02:54.296508,$GPGSV,18,,40
2026-06-01T18:02:54.296508,$GPGSV,23,,40
2026-06-01T18:02:54.296508,$GPGSV,24,,20
2026-06-01T18:02:54.298927,$GPGSV,25,,16
2026-06-01T18:02:54.298927,$GPGSV,28,,30
2026-06-01T18:02:54.298927,$GPGSV,32,,38
2026-06-01T18:02:54.298927,$GPGSV,41,,41
2026-06-01T18:02:54.300615,$GPGSV,42,,40
2026-06-01T18:02:54.300615,$GPGSV,50,,32
2026-06-01T18:02:54.302838,$GPGSV,10,,32
2026-06-01T18:02:54.302838,$GPGSV,18,,40
2026-06-01T18:02:54.302838,$GPGSV,23,,37
2026-06-01T18:02:54.302838,$GPGSV,24,,19
2026-06-01T18:02:54.304658,$GPGSV,28,,27
2026-06-01T18:02:54.304658,$GPGSV,32,,34
2026-06-01T18:02:54.310741,$GLGSV,65,,25
2026-06-01T18:02:54.310741,$GLGSV,74,,13
2026-06-01T18:02:54.310741,$GLGSV,75,,24
2026-06-01T18:02:54.310741,$GLGSV,87,,34
2026-06-01T18:02:54.311623,$GLGSV,88,,41
2026-06-01T18:02:54.313232,$GLGSV,72,,18
2026-06-01T18:02:54.313232,$GLGSV,75,,25
2026-06-01T18:02:54.313232,$GLGSV,86,,10
2026-06-01T18:02:54.313232,$GLGSV,88,,37
2026-06-01T18:02:54.315648,$GAGSV,03,,38
2026-06-01T18:02:54.315648,$GAGSV,08,,35
2026-06-01T18:02:54.315648,$GAGSV,15,,39
2026-06-01T18:02:54.315648,$GAGSV,32,,39
2026-06-01T18:02:54.316556,$GAGSV,34,,39
2026-06-01T18:02:54.317683,$GAGSV,03,,38
2026-06-01T18:02:54.317683,$GAGSV,08,,37
2026-06-01T18:02:54.317683,$GAGSV,15,,39
2026-06-01T18:02:54.317683,$GAGSV,32,,40
2026-06-01T18:02:54.318269,$GAGSV,34,,38
2026-06-01T18:02:54.320819,$GBGSV,06,,40
2026-06-01T18:02:54.320819,$GBGSV,07,,43
2026-06-01T18:02:54.320819,$GBGSV,09,,39
2026-06-01T18:02:54.320819,$GBGSV,10,,41
2026-06-01T18:02:54.322160,$GBGSV,13,,41
2026-06-01T18:02:54.322160,$GBGSV,25,,44
2026-06-01T18:02:54.322160,$GBGSV,28,,39
2026-06-01T18:02:54.322160,$GBGSV,33,,41
2026-06-01T18:02:54.322901,$GBGSV,09,,37
2026-06-01T18:02:54.322901,$GBGSV,10,,36
2026-06-01T18:02:55.293423,$GPGSV,10,,38
2026-06-01T18:02:55.293423,$GPGSV,18,,37
2026-06-01T18:02:55.293423,$GPGSV,23,,42
2026-06-01T18:02:55.293423,$GPGSV,24,,30
2026-06-01T18:02:55.296074,$GPGSV,25,,17
2026-06-01T18:02:55.296074,$GPGSV,28,,31
2026-06-01T18:02:55.296074,$GPGSV,32,,40
2026-06-01T18:02:55.296074,$GPGSV,41,,42
2026-06-01T18:02:55.297752,$GPGSV,42,,41
2026-06-01T18:02:55.297752,$GPGSV,50,,38
2026-06-01T18:02:55.299930,$GPGSV,10,,32
2026-06-01T18:02:55.299930,$GPGSV,18,,40
2026-06-01T18:02:55.299930,$GPGSV,23,,36
2026-06-01T18:02:55.299930,$GPGSV,24,,22
2026-06-01T18:02:55.301734,$GPGSV,28,,25
2026-06-01T18:02:55.301734,$GPGSV,32,,30
2026-06-01T18:02:55.307696,$GLGSV,65,,25
2026-06-01T18:02:55.307696,$GLGSV,74,,13
2026-06-01T18:02:55.307696,$GLGSV,75,,22
2026-06-01T18:02:55.307696,$GLGSV,87,,34
2026-06-01T18:02:55.308951,$GLGSV,88,,39
2026-06-01T18:02:55.310839,$GLGSV,72,,18
2026-06-01T18:02:55.310839,$GLGSV,75,,27
2026-06-01T18:02:55.310839,$GLGSV,88,,37
2026-06-01T18:02:55.313720,$GAGSV,03,,38
2026-06-01T18:02:55.313720,$GAGSV,08,,37
2026-06-01T18:02:55.313720,$GAGSV,15,,39
2026-06-01T18:02:55.313720,$GAGSV,32,,37
2026-06-01T18:02:55.314660,$GAGSV,34,,37
2026-06-01T18:02:55.316600,$GAGSV,03,,38
2026-06-01T18:02:55.316600,$GAGSV,08,,35
2026-06-01T18:02:55.316600,$GAGSV,15,,40
2026-06-01T18:02:55.316600,$GAGSV,32,,40
2026-06-01T18:02:55.317614,$GAGSV,34,,40
2026-06-01T18:02:55.320656,$GBGSV,06,,42
2026-06-01T18:02:55.320656,$GBGSV,07,,42
2026-06-01T18:02:55.320656,$GBGSV,09,,38
2026-06-01T18:02:55.320656,$GBGSV,10,,41
2026-06-01T18:02:55.321798,$GBGSV,13,,38
2026-06-01T18:02:55.321798,$GBGSV,25,,45
2026-06-01T18:02:55.321798,$GBGSV,28,,41
2026-06-01T18:02:55.321798,$GBGSV,33,,41
2026-06-01T18:02:55.323582,$GBGSV,09,,35
2026-06-01T18:02:55.323582,$GBGSV,10,,38
2026-06-01T18:02:56.295577,$GPGSV,10,,38
2026-06-01T18:02:56.295577,$GPGSV,18,,40
2026-06-01T18:02:56.295577,$GPGSV,23,,40
2026-06-01T18:02:56.295577,$GPGSV,24,,28
2026-06-01T18:02:56.298043,$GPGSV,25,,17
2026-06-01T18:02:56.298043,$GPGSV,28,,26
2026-06-01T18:02:56.298043,$GPGSV,32,,40
2026-06-01T18:02:56.298043,$GPGSV,41,,42
2026-06-01T18:02:56.299609,$GPGSV,42,,42
2026-06-01T18:02:56.299609,$GPGSV,50,,35
2026-06-01T18:02:56.301882,$GPGSV,10,,32
2026-06-01T18:02:56.301882,$GPGSV,18,,39
2026-06-01T18:02:56.301882,$GPGSV,23,,36
2026-06-01T18:02:56.301882,$GPGSV,24,,24
2026-06-01T18:02:56.303394,$GPGSV,28,,26
2026-06-01T18:02:56.303394,$GPGSV,32,,34
2026-06-01T18:02:56.309171,$GLGSV,65,,27
2026-06-01T18:02:56.309171,$GLGSV,74,,12
2026-06-01T18:02:56.309171,$GLGSV,75,,24
2026-06-01T18:02:56.309171,$GLGSV,87,,36
2026-06-01T18:02:56.310417,$GLGSV,88,,36
2026-06-01T18:02:56.312191,$GLGSV,72,,20
2026-06-01T18:02:56.312191,$GLGSV,75,,24
2026-06-01T18:02:56.312191,$GLGSV,88,,35
2026-06-01T18:02:56.315581,$GAGSV,03,,38
2026-06-01T18:02:56.315581,$GAGSV,08,,34
2026-06-01T18:02:56.315581,$GAGSV,15,,39
2026-06-01T18:02:56.315581,$GAGSV,32,,37
2026-06-01T18:02:56.316590,$GAGSV,34,,40
2026-06-01T18:02:56.318030,$GAGSV,03,,36
2026-06-01T18:02:56.318030,$GAGSV,08,,37
2026-06-01T18:02:56.318030,$GAGSV,15,,41
2026-06-01T18:02:56.318030,$GAGSV,32,,38
2026-06-01T18:02:56.318773,$GAGSV,34,,41
2026-06-01T18:02:56.322826,$GBGSV,06,,39
2026-06-01T18:02:56.322826,$GBGSV,07,,43
2026-06-01T18:02:56.322826,$GBGSV,09,,39
2026-06-01T18:02:56.322826,$GBGSV,10,,41
2026-06-01T18:02:56.324278,$GBGSV,13,,40
2026-06-01T18:02:56.324278,$GBGSV,25,,43
2026-06-01T18:02:56.324278,$GBGSV,28,,36
2026-06-01T18:02:56.324278,$GBGSV,33,,40
2026-06-01T18:02:56.325036,$GBGSV,09,,34
2026-06-01T18:02:56.325036,$GBGSV,10,,38
2026-06-01T18:02:57.294854,$GPGSV,10,,36
2026-06-01T18:02:57.294854,$GPGSV,18,,41
2026-06-01T18:02:57.294854,$GPGSV,23,,40
2026-06-01T18:02:57.294854,$GPGSV,24,,27
2026-06-01T18:02:57.297153,$GPGSV,25,,17
2026-06-01T18:02:57.297153,$GPGSV,28,,35
2026-06-01T18:02:57.297153,$GPGSV,32,,40
2026-06-01T18:02:57.297153,$GPGSV,41,,43
2026-06-01T18:02:57.298705,$GPGSV,42,,41
2026-06-01T18:02:57.298705,$GPGSV,50,,35
2026-06-01T18:02:57.300849,$GPGSV,10,,30
2026-06-01T18:02:57.300849,$GPGSV,18,,37
2026-06-01T18:02:57.300849,$GPGSV,23,,37
2026-06-01T18:02:57.300849,$GPGSV,24,,24
2026-06-01T18:02:57.302427,$GPGSV,28,,31
2026-06-01T18:02:57.302427,$GPGSV,32,,33
2026-06-01T18:02:57.308240,$GLGSV,65,,27
2026-06-01T18:02:57.308240,$GLGSV,74,,14
2026-06-01T18:02:57.308240,$GLGSV,75,,21
2026-06-01T18:02:57.308240,$GLGSV,87,,39
2026-06-01T18:02:57.309261,$GLGSV,88,,38
2026-06-01T18:02:57.310451,$GLGSV,72,,20
2026-06-01T18:02:57.310451,$GLGSV,75,,24
2026-06-01T18:02:57.310451,$GLGSV,88,,36
2026-06-01T18:02:57.313138,$GAGSV,03,,38
2026-06-01T18:02:57.313138,$GAGSV,08,,37
2026-06-01T18:02:57.313138,$GAGSV,15,,39
2026-06-01T18:02:57.313138,$GAGSV,32,,37
2026-06-01T18:02:57.314069,$GAGSV,34,,40
2026-06-01T18:02:57.315128,$GAGSV,03,,39
2026-06-01T18:02:57.315128,$GAGSV,08,,37
2026-06-01T18:02:57.315128,$GAGSV,15,,39
2026-06-01T18:02:57.315128,$GAGSV,32,,36
2026-06-01T18:02:57.315736,$GAGSV,34,,41
2026-06-01T18:02:57.318633,$GBGSV,06,,42
2026-06-01T18:02:57.318633,$GBGSV,07,,43
2026-06-01T18:02:57.318633,$GBGSV,09,,39
2026-06-01T18:02:57.318633,$GBGSV,10,,41
2026-06-01T18:02:57.319554,$GBGSV,13,,40
2026-06-01T18:02:57.319554,$GBGSV,25,,41
2026-06-01T18:02:57.319554,$GBGSV,28,,36
2026-06-01T18:02:57.319554,$GBGSV,33,,41
2026-06-01T18:02:57.320149,$GBGSV,09,,34
2026-06-01T18:02:57.320149,$GBGSV,10,,37
2026-06-01T18:02:58.294657,$GPGSV,10,,38
2026-06-01T18:02:58.294657,$GPGSV,18,,40
2026-06-01T18:02:58.294657,$GPGSV,23,,40
2026-06-01T18:02:58.294657,$GPGSV,24,,27
2026-06-01T18:02:58.297614,$GPGSV,25,,16
2026-06-01T18:02:58.297614,$GPGSV,28,,33
2026-06-01T18:02:58.297614,$GPGSV,32,,39
2026-06-01T18:02:58.297614,$GPGSV,41,,40
2026-06-01T18:02:58.299223,$GPGSV,42,,41
2026-06-01T18:02:58.299223,$GPGSV,50,,34
2026-06-01T18:02:58.301420,$GPGSV,10,,29
2026-06-01T18:02:58.301420,$GPGSV,18,,38
2026-06-01T18:02:58.301420,$GPGSV,23,,34
2026-06-01T18:02:58.301420,$GPGSV,24,,25
2026-06-01T18:02:58.303000,$GPGSV,28,,30
2026-06-01T18:02:58.303000,$GPGSV,32,,34
2026-06-01T18:02:58.310058,$GLGSV,65,,27
2026-06-01T18:02:58.310058,$GLGSV,74,,13
2026-06-01T18:02:58.310058,$GLGSV,75,,20
2026-06-01T18:02:58.310058,$GLGSV,87,,35
2026-06-01T18:02:58.311529,$GLGSV,88,,39
2026-06-01T18:02:58.313455,$GLGSV,72,,21
2026-06-01T18:02:58.313455,$GLGSV,75,,31
2026-06-01T18:02:58.313455,$GLGSV,88,,35
2026-06-01T18:02:58.315959,$GAGSV,03,,38
2026-06-01T18:02:58.315959,$GAGSV,08,,35
2026-06-01T18:02:58.315959,$GAGSV,15,,39
2026-06-01T18:02:58.315959,$GAGSV,32,,37
2026-06-01T18:02:58.316639,$GAGSV,34,,40
2026-06-01T18:02:58.318539,$GAGSV,03,,38
2026-06-01T18:02:58.318539,$GAGSV,08,,38
2026-06-01T18:02:58.318539,$GAGSV,15,,39
2026-06-01T18:02:58.318539,$GAGSV,32,,37
2026-06-01T18:02:58.319496,$GAGSV,34,,40
2026-06-01T18:02:58.323138,$GBGSV,06,,41
2026-06-01T18:02:58.323138,$GBGSV,07,,42
2026-06-01T18:02:58.323138,$GBGSV,09,,39
2026-06-01T18:02:58.323138,$GBGSV,10,,42
2026-06-01T18:02:58.324676,$GBGSV,13,,41
2026-06-01T18:02:58.324676,$GBGSV,25,,40
2026-06-01T18:02:58.324676,$GBGSV,28,,36
2026-06-01T18:02:58.324676,$GBGSV,33,,39
2026-06-01T18:02:58.326147,$GBGSV,09,,34
2026-06-01T18:02:58.326147,$GBGSV,10,,37
2026-06-01T18:02:59.286982,$GPGSV,10,,37
2026-06-01T18:02:59.286982,$GPGSV,18,,40
2026-06-01T18:02:59.286982,$GPGSV,23,,40
2026-06-01T18:02:59.286982,$GPGSV,24,,33
2026-06-01T18:02:59.287789,$GPGSV,25,,17
2026-06-01T18:02:59.287789,$GPGSV,28,,35
2026-06-01T18:02:59.287789,$GPGSV,32,,37
2026-06-01T18:02:59.287789,$GPGSV,41,,43
2026-06-01T18:02:59.288288,$GPGSV,42,,41
2026-06-01T18:02:59.288288,$GPGSV,50,,33
2026-06-01T18:02:59.289754,$GPGSV,10,,29
2026-06-01T18:02:59.289754,$GPGSV,18,,39
2026-06-01T18:02:59.289754,$GPGSV,23,,35
2026-06-01T18:02:59.289754,$GPGSV,24,,32
2026-06-01T18:02:59.290566,$GPGSV,28,,28
2026-06-01T18:02:59.290566,$GPGSV,32,,30
2026-06-01T18:02:59.292407,$GLGSV,65,,27
2026-06-01T18:02:59.292407,$GLGSV,74,,15
2026-06-01T18:02:59.292407,$GLGSV,75,,29
2026-06-01T18:02:59.292407,$GLGSV,87,,36
2026-06-01T18:02:59.292795,$GLGSV,88,,36
2026-06-01T18:02:59.293427,$GLGSV,72,,20
2026-06-01T18:02:59.293427,$GLGSV,75,,30
2026-06-01T18:02:59.293427,$GLGSV,88,,32
2026-06-01T18:02:59.294682,$GAGSV,03,,38
2026-06-01T18:02:59.294682,$GAGSV,08,,37
2026-06-01T18:02:59.294682,$GAGSV,15,,37
2026-06-01T18:02:59.294682,$GAGSV,32,,36
2026-06-01T18:02:59.295093,$GAGSV,34,,39
2026-06-01T18:02:59.295908,$GAGSV,03,,38
2026-06-01T18:02:59.295908,$GAGSV,08,,39
2026-06-01T18:02:59.295908,$GAGSV,15,,40
2026-06-01T18:02:59.295908,$GAGSV,32,,36
2026-06-01T18:02:59.296320,$GAGSV,34,,39
2026-06-01T18:02:59.298175,$GBGSV,06,,41
2026-06-01T18:02:59.298175,$GBGSV,07,,44
2026-06-01T18:02:59.298175,$GBGSV,09,,38
2026-06-01T18:02:59.298175,$GBGSV,10,,41
2026-06-01T18:02:59.298883,$GBGSV,13,,33
2026-06-01T18:02:59.298883,$GBGSV,25,,39
2026-06-01T18:02:59.298883,$GBGSV,28,,37
2026-06-01T18:02:59.298883,$GBGSV,33,,38
2026-06-01T18:02:59.299382,$GBGSV,09,,34
2026-06-01T18:02:59.299382,$GBGSV,10,,38
2026-06-01T18:03:00.297014,$GPGSV,10,,36
2026-06-01T18:03:00.297014,$GPGSV,12,,24
2026-06-01T18:03:00.297014,$GPGSV,18,,40
2026-06-01T18:03:00.297014,$GPGSV,23,,42
2026-06-01T18:03:00.299711,$GPGSV,24,,33
2026-06-01T18:03:00.299711,$GPGSV,25,,19
2026-06-01T18:03:00.299711,$GPGSV,28,,29
2026-06-01T18:03:00.299711,$GPGSV,32,,40
2026-06-01T18:03:00.301690,$GPGSV,41,,41
2026-06-01T18:03:00.301690,$GPGSV,42,,41
2026-06-01T18:03:00.301690,$GPGSV,50,,36
2026-06-01T18:03:00.304315,$GPGSV,10,,28
2026-06-01T18:03:00.304315,$GPGSV,18,,40
2026-06-01T18:03:00.304315,$GPGSV,23,,36
2026-06-01T18:03:00.304315,$GPGSV,24,,31
2026-06-01T18:03:00.306826,$GPGSV,28,,33
2026-06-01T18:03:00.306826,$GPGSV,32,,33
2026-06-01T18:03:00.312550,$GLGSV,65,,28
2026-06-01T18:03:00.312550,$GLGSV,74,,17
2026-06-01T18:03:00.312550,$GLGSV,75,,23
2026-06-01T18:03:00.312550,$GLGSV,87,,37
2026-06-01T18:03:00.313304,$GLGSV,88,,36
2026-06-01T18:03:00.314263,$GLGSV,72,,19
2026-06-01T18:03:00.314263,$GLGSV,75,,30
2026-06-01T18:03:00.314263,$GLGSV,88,,37
2026-06-01T18:03:00.316142,$GAGSV,03,,38
2026-06-01T18:03:00.316142,$GAGSV,08,,40
2026-06-01T18:03:00.316142,$GAGSV,15,,38
2026-06-01T18:03:00.316142,$GAGSV,32,,35
2026-06-01T18:03:00.316703,$GAGSV,34,,40
2026-06-01T18:03:00.317766,$GAGSV,03,,38
2026-06-01T18:03:00.317766,$GAGSV,08,,37
2026-06-01T18:03:00.317766,$GAGSV,15,,40
2026-06-01T18:03:00.317766,$GAGSV,32,,38
2026-06-01T18:03:00.318291,$GAGSV,34,,41
2026-06-01T18:03:00.321884,$GBGSV,06,,41
2026-06-01T18:03:00.321884,$GBGSV,07,,43
2026-06-01T18:03:00.321884,$GBGSV,09,,39
2026-06-01T18:03:00.321884,$GBGSV,10,,41
2026-06-01T18:03:00.323780,$GBGSV,13,,33
2026-06-01T18:03:00.323780,$GBGSV,25,,39
2026-06-01T18:03:00.323780,$GBGSV,28,,40
2026-06-01T18:03:00.323780,$GBGSV,33,,38
2026-06-01T18:03:00.324800,$GBGSV,09,,34
2026-06-01T18:03:00.324800,$GBGSV,10,,37
2026-06-01T18:03:01.295822,$GPGSV,10,,36
2026-06-01T18:03:01.295822,$GPGSV,12,,22
2026-06-01T18:03:01.295822,$GPGSV,18,,40
2026-06-01T18:03:01.295822,$GPGSV,23,,42
2026-06-01T18:03:01.298133,$GPGSV,24,,35
2026-06-01T18:03:01.298133,$GPGSV,25,,22
2026-06-01T18:03:01.298133,$GPGSV,28,,28
2026-06-01T18:03:01.298133,$GPGSV,32,,39
2026-06-01T18:03:01.300180,$GPGSV,41,,41
2026-06-01T18:03:01.300180,$GPGSV,42,,41
2026-06-01T18:03:01.300180,$GPGSV,50,,34
2026-06-01T18:03:01.302470,$GPGSV,10,,28
2026-06-01T18:03:01.302470,$GPGSV,18,,40
2026-06-01T18:03:01.302470,$GPGSV,23,,36
2026-06-01T18:03:01.302470,$GPGSV,24,,30
2026-06-01T18:03:01.303958,$GPGSV,28,,32
2026-06-01T18:03:01.303958,$GPGSV,32,,31
2026-06-01T18:03:01.310013,$GLGSV,65,,28
2026-06-01T18:03:01.310013,$GLGSV,74,,17
2026-06-01T18:03:01.310013,$GLGSV,75,,26
2026-06-01T18:03:01.310013,$GLGSV,87,,37
2026-06-01T18:03:01.311271,$GLGSV,88,,35
2026-06-01T18:03:01.312576,$GLGSV,72,,17
2026-06-01T18:03:01.312576,$GLGSV,75,,29
2026-06-01T18:03:01.312576,$GLGSV,88,,37
2026-06-01T18:03:01.315198,$GAGSV,03,,38
2026-06-01T18:03:01.315198,$GAGSV,08,,40
2026-06-01T18:03:01.315198,$GAGSV,15,,38
2026-06-01T18:03:01.315198,$GAGSV,32,,34
2026-06-01T18:03:01.316188,$GAGSV,34,,40
2026-06-01T18:03:01.317437,$GAGSV,03,,38
2026-06-01T18:03:01.317437,$GAGSV,08,,36
2026-06-01T18:03:01.317437,$GAGSV,15,,40
2026-06-01T18:03:01.317437,$GAGSV,32,,39
2026-06-01T18:03:01.318177,$GAGSV,34,,41
2026-06-01T18:03:01.321817,$GBGSV,06,,41
2026-06-01T18:03:01.321817,$GBGSV,07,,42
2026-06-01T18:03:01.321817,$GBGSV,09,,38
2026-06-01T18:03:01.321817,$GBGSV,10,,42
2026-06-01T18:03:01.322985,$GBGSV,13,,33
2026-06-01T18:03:01.322985,$GBGSV,25,,38
2026-06-01T18:03:01.322985,$GBGSV,28,,40
2026-06-01T18:03:01.322985,$GBGSV,33,,38
2026-06-01T18:03:01.323756,$GBGSV,09,,34
2026-06-01T18:03:01.323756,$GBGSV,10,,37
2026-06-01T18:03:02.295602,$GPGSV,10,,36
2026-06-01T18:03:02.295602,$GPGSV,18,,40
2026-06-01T18:03:02.295602,$GPGSV,23,,42
2026-06-01T18:03:02.295602,$GPGSV,24,,35
2026-06-01T18:03:02.298195,$GPGSV,25,,22
2026-06-01T18:03:02.298195,$GPGSV,28,,28
2026-06-01T18:03:02.298195,$GPGSV,32,,38
2026-06-01T18:03:02.298195,$GPGSV,41,,41
2026-06-01T18:03:02.299802,$GPGSV,42,,41
2026-06-01T18:03:02.299802,$GPGSV,50,,34
2026-06-01T18:03:02.302242,$GPGSV,10,,28
2026-06-01T18:03:02.302242,$GPGSV,18,,39
2026-06-01T18:03:02.302242,$GPGSV,23,,36
2026-06-01T18:03:02.302242,$GPGSV,24,,29
2026-06-01T18:03:02.303002,$GPGSV,28,,32
2026-06-01T18:03:02.303002,$GPGSV,32,,31
2026-06-01T18:03:02.304932,$GLGSV,65,,28
2026-06-01T18:03:02.304932,$GLGSV,74,,17
2026-06-01T18:03:02.304932,$GLGSV,75,,26
2026-06-01T18:03:02.304932,$GLGSV,87,,37
2026-06-01T18:03:02.305322,$GLGSV,88,,35
2026-06-01T18:03:02.305863,$GLGSV,72,,17
2026-06-01T18:03:02.305863,$GLGSV,75,,29
2026-06-01T18:03:02.305863,$GLGSV,88,,37
2026-06-01T18:03:02.306978,$GAGSV,03,,38
2026-06-01T18:03:02.306978,$GAGSV,08,,40
2026-06-01T18:03:02.306978,$GAGSV,15,,38
2026-06-01T18:03:02.306978,$GAGSV,32,,34
2026-06-01T18:03:02.307323,$GAGSV,34,,40
2026-06-01T18:03:02.308309,$GAGSV,03,,38
2026-06-01T18:03:02.308309,$GAGSV,08,,36
2026-06-01T18:03:02.308309,$GAGSV,15,,40
2026-06-01T18:03:02.308309,$GAGSV,32,,39
2026-06-01T18:03:02.308912,$GAGSV,34,,41
2026-06-01T18:03:02.310832,$GBGSV,06,,41
2026-06-01T18:03:02.310832,$GBGSV,07,,42
2026-06-01T18:03:02.310832,$GBGSV,09,,38
2026-06-01T18:03:02.310832,$GBGSV,10,,42
2026-06-01T18:03:02.311889,$GBGSV,13,,33
2026-06-01T18:03:02.311889,$GBGSV,25,,38
2026-06-01T18:03:02.311889,$GBGSV,28,,41
2026-06-01T18:03:02.311889,$GBGSV,33,,38
2026-06-01T18:03:02.312648,$GBGSV,09,,34
2026-06-01T18:03:02.312648,$GBGSV,10,,37
2026-06-01T18:03:03.302744,$GPGSV,10,,35
2026-06-01T18:03:03.302744,$GPGSV,18,,40
2026-06-01T18:03:03.302744,$GPGSV,23,,42
2026-06-01T18:03:03.302744,$GPGSV,24,,35
2026-06-01T18:03:03.304986,$GPGSV,25,,23
2026-06-01T18:03:03.304986,$GPGSV,28,,27
2026-06-01T18:03:03.304986,$GPGSV,32,,38
2026-06-01T18:03:03.304986,$GPGSV,41,,41
2026-06-01T18:03:03.307231,$GPGSV,42,,41
2026-06-01T18:03:03.307231,$GPGSV,50,,34
2026-06-01T18:03:03.309452,$GPGSV,10,,27
2026-06-01T18:03:03.309452,$GPGSV,18,,39
2026-06-01T18:03:03.309452,$GPGSV,23,,36
2026-06-01T18:03:03.309452,$GPGSV,24,,29
2026-06-01T18:03:03.311224,$GPGSV,28,,32
2026-06-01T18:03:03.311224,$GPGSV,32,,31
2026-06-01T18:03:03.315641,$GLGSV,65,,29
2026-06-01T18:03:03.315641,$GLGSV,74,,16
2026-06-01T18:03:03.315641,$GLGSV,75,,26
2026-06-01T18:03:03.315641,$GLGSV,87,,37
2026-06-01T18:03:03.316370,$GLGSV,88,,34
2026-06-01T18:03:03.317405,$GLGSV,72,,17
2026-06-01T18:03:03.317405,$GLGSV,75,,28
2026-06-01T18:03:03.317405,$GLGSV,88,,38
2026-06-01T18:03:03.319222,$GAGSV,03,,39
2026-06-01T18:03:03.319222,$GAGSV,08,,40
2026-06-01T18:03:03.319222,$GAGSV,15,,38
2026-06-01T18:03:03.319222,$GAGSV,32,,34
2026-06-01T18:03:03.319731,$GAGSV,34,,40
2026-06-01T18:03:03.320942,$GAGSV,03,,38
2026-06-01T18:03:03.320942,$GAGSV,08,,36
2026-06-01T18:03:03.320942,$GAGSV,15,,40
2026-06-01T18:03:03.320942,$GAGSV,32,,39
2026-06-01T18:03:03.321740,$GAGSV,34,,41
2026-06-01T18:03:03.324222,$GBGSV,06,,40
2026-06-01T18:03:03.324222,$GBGSV,07,,42
2026-06-01T18:03:03.324222,$GBGSV,09,,38
2026-06-01T18:03:03.324222,$GBGSV,10,,42
2026-06-01T18:03:03.325118,$GBGSV,13,,33
2026-06-01T18:03:03.325118,$GBGSV,25,,38
2026-06-01T18:03:03.325118,$GBGSV,28,,41
2026-06-01T18:03:03.325118,$GBGSV,33,,38
2026-06-01T18:03:03.326022,$GBGSV,09,,34
2026-06-01T18:03:03.326022,$GBGSV,10,,37
2026-06-01T18:03:04.297434,$GPGSV,10,,35
2026-06-01T18:03:04.297434,$GPGSV,18,,40
2026-06-01T18:03:04.297434,$GPGSV,23,,43
2026-06-01T18:03:04.297434,$GPGSV,24,,35
2026-06-01T18:03:04.301204,$GPGSV,25,,22
2026-06-01T18:03:04.301204,$GPGSV,28,,28
2026-06-01T18:03:04.301204,$GPGSV,32,,38
2026-06-01T18:03:04.301204,$GPGSV,41,,41
2026-06-01T18:03:04.302874,$GPGSV,42,,41
2026-06-01T18:03:04.302874,$GPGSV,50,,34
2026-06-01T18:03:04.305603,$GPGSV,10,,27
2026-06-01T18:03:04.305603,$GPGSV,18,,39
2026-06-01T18:03:04.305603,$GPGSV,23,,36
2026-06-01T18:03:04.305603,$GPGSV,24,,29
2026-06-01T18:03:04.307875,$GPGSV,28,,31
2026-06-01T18:03:04.307875,$GPGSV,32,,31
2026-06-01T18:03:04.312639,$GLGSV,65,,29
2026-06-01T18:03:04.312639,$GLGSV,74,,13
2026-06-01T18:03:04.312639,$GLGSV,75,,25
2026-06-01T18:03:04.312639,$GLGSV,87,,37
2026-06-01T18:03:04.313840,$GLGSV,88,,34
2026-06-01T18:03:04.314902,$GLGSV,72,,19
2026-06-01T18:03:04.314902,$GLGSV,75,,28
2026-06-01T18:03:04.314902,$GLGSV,88,,38
2026-06-01T18:03:04.317525,$GAGSV,03,,39
2026-06-01T18:03:04.317525,$GAGSV,08,,40
2026-06-01T18:03:04.317525,$GAGSV,15,,38
2026-06-01T18:03:04.317525,$GAGSV,32,,34
2026-06-01T18:03:04.318126,$GAGSV,34,,40
2026-06-01T18:03:04.319082,$GAGSV,03,,38
2026-06-01T18:03:04.319082,$GAGSV,08,,36
2026-06-01T18:03:04.319082,$GAGSV,15,,40
2026-06-01T18:03:04.319082,$GAGSV,32,,38
2026-06-01T18:03:04.319597,$GAGSV,34,,41
2026-06-01T18:03:04.323823,$GBGSV,06,,40
2026-06-01T18:03:04.323823,$GBGSV,07,,42
2026-06-01T18:03:04.323823,$GBGSV,09,,38
2026-06-01T18:03:04.323823,$GBGSV,10,,42
2026-06-01T18:03:04.324615,$GBGSV,13,,33
2026-06-01T18:03:04.324615,$GBGSV,25,,38
2026-06-01T18:03:04.324615,$GBGSV,28,,41
2026-06-01T18:03:04.324615,$GBGSV,33,,38
2026-06-01T18:03:04.325348,$GBGSV,09,,34
2026-06-01T18:03:04.325348,$GBGSV,10,,37
2026-06-01T18:03:05.290889,$GPGSV,10,,35
2026-06-01T18:03:05.290889,$GPGSV,18,,40
2026-06-01T18:03:05.290889,$GPGSV,23,,43
2026-06-01T18:03:05.290889,$GPGSV,24,,35
2026-06-01T18:03:05.292311,$GPGSV,25,,22
2026-06-01T18:03:05.292311,$GPGSV,28,,28
2026-06-01T18:03:05.292311,$GPGSV,32,,39
2026-06-01T18:03:05.292311,$GPGSV,41,,41
2026-06-01T18:03:05.293203,$GPGSV,42,,41
2026-06-01T18:03:05.293203,$GPGSV,50,,34
2026-06-01T18:03:05.294477,$GPGSV,10,,27
2026-06-01T18:03:05.294477,$GPGSV,18,,39
2026-06-01T18:03:05.294477,$GPGSV,23,,36
2026-06-01T18:03:05.294477,$GPGSV,24,,29
2026-06-01T18:03:05.295366,$GPGSV,28,,32
2026-06-01T18:03:05.295366,$GPGSV,32,,31
2026-06-01T18:03:05.298978,$GLGSV,65,,29
2026-06-01T18:03:05.298978,$GLGSV,72,,06
2026-06-01T18:03:05.298978,$GLGSV,74,,11
2026-06-01T18:03:05.298978,$GLGSV,75,,25
2026-06-01T18:03:05.300401,$GLGSV,87,,38
2026-06-01T18:03:05.300401,$GLGSV,88,,34
2026-06-01T18:03:05.301857,$GLGSV,72,,21
2026-06-01T18:03:05.301857,$GLGSV,75,,29
2026-06-01T18:03:05.301857,$GLGSV,88,,39
2026-06-01T18:03:05.304817,$GAGSV,03,,39
2026-06-01T18:03:05.304817,$GAGSV,08,,40
2026-06-01T18:03:05.304817,$GAGSV,15,,39
2026-06-01T18:03:05.304817,$GAGSV,32,,35
2026-06-01T18:03:05.305594,$GAGSV,34,,40
2026-06-01T18:03:05.306865,$GAGSV,03,,38
2026-06-01T18:03:05.306865,$GAGSV,08,,36
2026-06-01T18:03:05.306865,$GAGSV,15,,40
2026-06-01T18:03:05.306865,$GAGSV,32,,39
2026-06-01T18:03:05.307557,$GAGSV,34,,41
2026-06-01T18:03:05.310833,$GBGSV,06,,40
2026-06-01T18:03:05.310833,$GBGSV,07,,42
2026-06-01T18:03:05.310833,$GBGSV,09,,38
2026-06-01T18:03:05.310833,$GBGSV,10,,42
2026-06-01T18:03:05.312002,$GBGSV,13,,33
2026-06-01T18:03:05.312002,$GBGSV,25,,38
2026-06-01T18:03:05.312002,$GBGSV,28,,41
2026-06-01T18:03:05.312002,$GBGSV,33,,38
2026-06-01T18:03:05.313046,$GBGSV,09,,35
2026-06-01T18:03:05.313046,$GBGSV,10,,37
2026-06-01T18:03:06.298158,$GPGSV,10,,35
2026-06-01T18:03:06.298158,$GPGSV,18,,40
2026-06-01T18:03:06.298158,$GPGSV,23,,42
2026-06-01T18:03:06.298158,$GPGSV,24,,35
2026-06-01T18:03:06.301382,$GPGSV,25,,22
2026-06-01T18:03:06.301382,$GPGSV,28,,28
2026-06-01T18:03:06.301382,$GPGSV,32,,39
2026-06-01T18:03:06.301382,$GPGSV,41,,41
2026-06-01T18:03:06.303069,$GPGSV,42,,41
2026-06-01T18:03:06.303069,$GPGSV,50,,34
2026-06-01T18:03:06.305579,$GPGSV,10,,27
2026-06-01T18:03:06.305579,$GPGSV,18,,39
2026-06-01T18:03:06.305579,$GPGSV,23,,36
2026-06-01T18:03:06.305579,$GPGSV,24,,29
2026-06-01T18:03:06.307980,$GPGSV,28,,32
2026-06-01T18:03:06.307980,$GPGSV,32,,31
2026-06-01T18:03:06.315581,$GLGSV,65,,29
2026-06-01T18:03:06.315581,$GLGSV,72,,08
2026-06-01T18:03:06.315581,$GLGSV,74,,10
2026-06-01T18:03:06.315581,$GLGSV,75,,25
2026-06-01T18:03:06.316719,$GLGSV,87,,38
2026-06-01T18:03:06.316719,$GLGSV,88,,33
2026-06-01T18:03:06.317972,$GLGSV,72,,22
2026-06-01T18:03:06.317972,$GLGSV,75,,29
2026-06-01T18:03:06.317972,$GLGSV,88,,39
2026-06-01T18:03:06.319886,$GAGSV,03,,39
2026-06-01T18:03:06.319886,$GAGSV,08,,40
2026-06-01T18:03:06.319886,$GAGSV,15,,39
2026-06-01T18:03:06.319886,$GAGSV,32,,35
2026-06-01T18:03:06.320502,$GAGSV,34,,40
2026-06-01T18:03:06.321618,$GAGSV,03,,38
2026-06-01T18:03:06.321618,$GAGSV,08,,36
2026-06-01T18:03:06.321618,$GAGSV,15,,40
2026-06-01T18:03:06.321618,$GAGSV,32,,39
2026-06-01T18:03:06.322308,$GAGSV,34,,41
2026-06-01T18:03:06.325491,$GBGSV,06,,40
2026-06-01T18:03:06.325491,$GBGSV,07,,42
2026-06-01T18:03:06.325491,$GBGSV,09,,38
2026-06-01T18:03:06.325491,$GBGSV,10,,42
2026-06-01T18:03:06.326662,$GBGSV,13,,32
2026-06-01T18:03:06.326662,$GBGSV,25,,38
2026-06-01T18:03:06.326662,$GBGSV,28,,41
2026-06-01T18:03:06.326662,$GBGSV,33,,38
2026-06-01T18:03:06.327557,$GBGSV,09,,35
2026-06-01T18:03:06.327557,$GBGSV,10,,38
2026-06-01T18:03:07.297302,$GPGSV,10,,35
2026-06-01T18:03:07.297302,$GPGSV,18,,40
2026-06-01T18:03:07.297302,$GPGSV,23,,42
2026-06-01T18:03:07.297302,$GPGSV,24,,34
2026-06-01T18:03:07.301271,$GPGSV,25,,22
2026-06-01T18:03:07.301271,$GPGSV,28,,28
2026-06-01T18:03:07.301271,$GPGSV,32,,38
2026-06-01T18:03:07.301271,$GPGSV,41,,41
2026-06-01T18:03:07.302965,$GPGSV,42,,41
2026-06-01T18:03:07.302965,$GPGSV,50,,35
2026-06-01T18:03:07.305157,$GPGSV,10,,27
2026-06-01T18:03:07.305157,$GPGSV,18,,39
2026-06-01T18:03:07.305157,$GPGSV,23,,37
2026-06-01T18:03:07.305157,$GPGSV,24,,29
2026-06-01T18:03:07.307103,$GPGSV,28,,32
2026-06-01T18:03:07.307103,$GPGSV,32,,31
2026-06-01T18:03:07.312952,$GLGSV,65,,29
2026-06-01T18:03:07.312952,$GLGSV,72,,08
2026-06-01T18:03:07.312952,$GLGSV,74,,13
2026-06-01T18:03:07.312952,$GLGSV,75,,25
2026-06-01T18:03:07.314707,$GLGSV,87,,38
2026-06-01T18:03:07.314707,$GLGSV,88,,33
2026-06-01T18:03:07.316070,$GLGSV,72,,22
2026-06-01T18:03:07.316070,$GLGSV,75,,30
2026-06-01T18:03:07.316070,$GLGSV,88,,40
2026-06-01T18:03:07.318732,$GAGSV,03,,39
2026-06-01T18:03:07.318732,$GAGSV,08,,40
2026-06-01T18:03:07.318732,$GAGSV,15,,39
2026-06-01T18:03:07.318732,$GAGSV,32,,35
2026-06-01T18:03:07.319346,$GAGSV,34,,40
2026-06-01T18:03:07.320412,$GAGSV,03,,38
2026-06-01T18:03:07.320412,$GAGSV,08,,36
2026-06-01T18:03:07.320412,$GAGSV,15,,40
2026-06-01T18:03:07.320412,$GAGSV,32,,38
2026-06-01T18:03:07.321027,$GAGSV,34,,41
2026-06-01T18:03:07.324579,$GBGSV,06,,40
2026-06-01T18:03:07.324579,$GBGSV,07,,42
2026-06-01T18:03:07.324579,$GBGSV,09,,39
2026-06-01T18:03:07.324579,$GBGSV,10,,42
2026-06-01T18:03:07.325475,$GBGSV,13,,32
2026-06-01T18:03:07.325475,$GBGSV,25,,38
2026-06-01T18:03:07.325475,$GBGSV,28,,41
2026-06-01T18:03:07.325475,$GBGSV,33,,38
2026-06-01T18:03:07.326080,$GBGSV,09,,35
2026-06-01T18:03:07.326080,$GBGSV,10,,38
2026-06-01T18:03:08.302257,$GPGSV,10,,35
2026-06-01T18:03:08.302257,$GPGSV,18,,40
2026-06-01T18:03:08.302257,$GPGSV,23,,43
2026-06-01T18:03:08.302257,$GPGSV,24,,34
2026-06-01T18:03:08.304526,$GPGSV,25,,21
2026-06-01T18:03:08.304526,$GPGSV,28,,28
2026-06-01T18:03:08.304526,$GPGSV,32,,38
2026-06-01T18:03:08.304526,$GPGSV,41,,41
2026-06-01T18:03:08.306221,$GPGSV,42,,41
2026-06-01T18:03:08.306221,$GPGSV,50,,35
2026-06-01T18:03:08.309010,$GPGSV,10,,27
2026-06-01T18:03:08.309010,$GPGSV,18,,39
2026-06-01T18:03:08.309010,$GPGSV,23,,37
2026-06-01T18:03:08.309010,$GPGSV,24,,29
2026-06-01T18:03:08.311128,$GPGSV,28,,32
2026-06-01T18:03:08.311128,$GPGSV,32,,31
2026-06-01T18:03:08.315789,$GLGSV,65,,29
2026-06-01T18:03:08.315789,$GLGSV,72,,11
2026-06-01T18:03:08.315789,$GLGSV,74,,14
2026-06-01T18:03:08.315789,$GLGSV,75,,25
2026-06-01T18:03:08.317431,$GLGSV,87,,38
2026-06-01T18:03:08.317431,$GLGSV,88,,34
2026-06-01T18:03:08.318738,$GLGSV,72,,24
2026-06-01T18:03:08.318738,$GLGSV,75,,32
2026-06-01T18:03:08.318738,$GLGSV,88,,40
2026-06-01T18:03:08.320892,$GAGSV,03,,39
2026-06-01T18:03:08.320892,$GAGSV,08,,40
2026-06-01T18:03:08.320892,$GAGSV,15,,39
2026-06-01T18:03:08.320892,$GAGSV,32,,35
2026-06-01T18:03:08.321577,$GAGSV,34,,40
2026-06-01T18:03:08.322949,$GAGSV,03,,38
2026-06-01T18:03:08.322949,$GAGSV,08,,35
2026-06-01T18:03:08.322949,$GAGSV,15,,40
2026-06-01T18:03:08.322949,$GAGSV,32,,38
2026-06-01T18:03:08.323457,$GAGSV,34,,41
2026-06-01T18:03:08.325881,$GBGSV,06,,40
2026-06-01T18:03:08.325881,$GBGSV,07,,42
2026-06-01T18:03:08.325881,$GBGSV,09,,39
2026-06-01T18:03:08.325881,$GBGSV,10,,42
2026-06-01T18:03:08.326809,$GBGSV,13,,32
2026-06-01T18:03:08.326809,$GBGSV,25,,38
2026-06-01T18:03:08.326809,$GBGSV,28,,41
2026-06-01T18:03:08.326809,$GBGSV,33,,39
2026-06-01T18:03:08.327427,$GBGSV,09,,35
2026-06-01T18:03:08.327427,$GBGSV,10,,38
2026-06-01T18:03:09.293006,$GPGSV,10,,39
2026-06-01T18:03:09.293006,$GPGSV,18,,44
2026-06-01T18:03:09.293006,$GPGSV,23,,48
2026-06-01T18:03:09.293006,$GPGSV,24,,38
2026-06-01T18:03:09.296970,$GPGSV,25,,22
2026-06-01T18:03:09.296970,$GPGSV,28,,33
2026-06-01T18:03:09.296970,$GPGSV,32,,43
2026-06-01T18:03:09.296970,$GPGSV,41,,46
2026-06-01T18:03:09.298798,$GPGSV,42,,46
2026-06-01T18:03:09.298798,$GPGSV,50,,39
2026-06-01T18:03:09.300960,$GPGSV,10,,29
2026-06-01T18:03:09.300960,$GPGSV,18,,43
2026-06-01T18:03:09.300960,$GPGSV,23,,40
2026-06-01T18:03:09.300960,$GPGSV,24,,32
2026-06-01T18:03:09.302610,$GPGSV,28,,34
2026-06-01T18:03:09.302610,$GPGSV,32,,34
2026-06-01T18:03:09.309210,$GLGSV,65,,34
2026-06-01T18:03:09.309210,$GLGSV,72,,15
2026-06-01T18:03:09.309210,$GLGSV,74,,16
2026-06-01T18:03:09.309210,$GLGSV,75,,26
2026-06-01T18:03:09.310242,$GLGSV,87,,42
2026-06-01T18:03:09.310242,$GLGSV,88,,37
2026-06-01T18:03:09.311611,$GLGSV,72,,24
2026-06-01T18:03:09.311611,$GLGSV,75,,33
2026-06-01T18:03:09.311611,$GLGSV,88,,40
2026-06-01T18:03:09.314015,$GAGSV,03,,45
2026-06-01T18:03:09.314015,$GAGSV,08,,45
2026-06-01T18:03:09.314015,$GAGSV,15,,44
2026-06-01T18:03:09.314015,$GAGSV,32,,40
2026-06-01T18:03:09.314699,$GAGSV,34,,45
2026-06-01T18:03:09.316623,$GAGSV,03,,44
2026-06-01T18:03:09.316623,$GAGSV,08,,42
2026-06-01T18:03:09.316623,$GAGSV,15,,46
2026-06-01T18:03:09.316623,$GAGSV,32,,45
2026-06-01T18:03:09.317301,$GAGSV,34,,47
2026-06-01T18:03:09.320103,$GBGSV,06,,46
2026-06-01T18:03:09.320103,$GBGSV,07,,47
2026-06-01T18:03:09.320103,$GBGSV,09,,44
2026-06-01T18:03:09.320103,$GBGSV,10,,47
2026-06-01T18:03:09.321529,$GBGSV,13,,37
2026-06-01T18:03:09.321529,$GBGSV,25,,43
2026-06-01T18:03:09.321529,$GBGSV,28,,46
2026-06-01T18:03:09.321529,$GBGSV,33,,44
2026-06-01T18:03:09.322234,$GBGSV,09,,37
2026-06-01T18:03:09.322234,$GBGSV,10,,41
2026-06-01T18:03:10.300069,$GPGSV,10,,40
2026-06-01T18:03:10.300069,$GPGSV,12,,28
2026-06-01T18:03:10.300069,$GPGSV,18,,46
2026-06-01T18:03:10.300069,$GPGSV,23,,48
2026-06-01T18:03:10.302412,$GPGSV,24,,39
2026-06-01T18:03:10.302412,$GPGSV,25,,25
2026-06-01T18:03:10.302412,$GPGSV,28,,33
2026-06-01T18:03:10.302412,$GPGSV,32,,44
2026-06-01T18:03:10.304310,$GPGSV,41,,47
2026-06-01T18:03:10.304310,$GPGSV,42,,47
2026-06-01T18:03:10.304310,$GPGSV,50,,40
2026-06-01T18:03:10.305635,$GPGSV,25,,23
2026-06-01T18:03:10.308925,$GPGSV,10,,35
2026-06-01T18:03:10.308925,$GPGSV,18,,47
2026-06-01T18:03:10.308925,$GPGSV,23,,45
2026-06-01T18:03:10.308925,$GPGSV,24,,36
2026-06-01T18:03:10.310082,$GPGSV,28,,39
2026-06-01T18:03:10.310082,$GPGSV,32,,39
2026-06-01T18:03:10.314713,$GLGSV,65,,35
2026-06-01T18:03:10.314713,$GLGSV,72,,18
2026-06-01T18:03:10.314713,$GLGSV,74,,20
2026-06-01T18:03:10.314713,$GLGSV,75,,31
2026-06-01T18:03:10.315636,$GLGSV,87,,43
2026-06-01T18:03:10.315636,$GLGSV,88,,39
2026-06-01T18:03:10.316566,$GLGSV,72,,27
2026-06-01T18:03:10.316566,$GLGSV,75,,36
2026-06-01T18:03:10.316566,$GLGSV,88,,43
2026-06-01T18:03:10.319394,$GAGSV,03,,45
2026-06-01T18:03:10.319394,$GAGSV,08,,46
2026-06-01T18:03:10.319394,$GAGSV,15,,45
2026-06-01T18:03:10.319394,$GAGSV,32,,41
2026-06-01T18:03:10.319921,$GAGSV,34,,46
2026-06-01T18:03:10.320765,$GAGSV,03,,43
2026-06-01T18:03:10.320765,$GAGSV,08,,41
2026-06-01T18:03:10.320765,$GAGSV,15,,45
2026-06-01T18:03:10.320765,$GAGSV,32,,44
2026-06-01T18:03:10.321390,$GAGSV,34,,47
2026-06-01T18:03:10.324110,$GBGSV,06,,45
2026-06-01T18:03:10.324110,$GBGSV,07,,47
2026-06-01T18:03:10.324110,$GBGSV,09,,43
2026-06-01T18:03:10.324110,$GBGSV,10,,46
2026-06-01T18:03:10.325147,$GBGSV,13,,37
2026-06-01T18:03:10.325147,$GBGSV,25,,42
2026-06-01T18:03:10.325147,$GBGSV,28,,45
2026-06-01T18:03:10.325147,$GBGSV,33,,44
2026-06-01T18:03:10.326213,$GBGSV,09,,42
2026-06-01T18:03:10.326213,$GBGSV,10,,45
2026-06-01T18:03:11.293574,$GPGSV,10,,41
2026-06-01T18:03:11.293574,$GPGSV,18,,46
2026-06-01T18:03:11.293574,$GPGSV,23,,48
2026-06-01T18:03:11.293574,$GPGSV,24,,40
2026-06-01T18:03:11.294297,$GPGSV,25,,25
2026-06-01T18:03:11.294297,$GPGSV,28,,33
2026-06-01T18:03:11.294297,$GPGSV,32,,43
2026-06-01T18:03:11.294297,$GPGSV,41,,46
2026-06-01T18:03:11.294791,$GPGSV,42,,47
2026-06-01T18:03:11.294791,$GPGSV,50,,40
2026-06-01T18:03:11.295474,$GPGSV,10,,34
2026-06-01T18:03:11.295474,$GPGSV,18,,47
2026-06-01T18:03:11.295474,$GPGSV,23,,45
2026-06-01T18:03:11.295474,$GPGSV,24,,36
2026-06-01T18:03:11.295968,$GPGSV,28,,39
2026-06-01T18:03:11.295968,$GPGSV,32,,39
2026-06-01T18:03:11.298469,$GLGSV,65,,38
2026-06-01T18:03:11.298469,$GLGSV,72,,22
2026-06-01T18:03:11.298469,$GLGSV,74,,23
2026-06-01T18:03:11.298469,$GLGSV,75,,34
2026-06-01T18:03:11.299146,$GLGSV,87,,45
2026-06-01T18:03:11.299146,$GLGSV,88,,41
2026-06-01T18:03:11.299796,$GLGSV,72,,28
2026-06-01T18:03:11.299796,$GLGSV,75,,36
2026-06-01T18:03:11.299796,$GLGSV,86,,18
2026-06-01T18:03:11.299796,$GLGSV,88,,43
2026-06-01T18:03:11.300940,$GAGSV,03,,46
2026-06-01T18:03:11.300940,$GAGSV,08,,47
2026-06-01T18:03:11.300940,$GAGSV,15,,46
2026-06-01T18:03:11.300940,$GAGSV,32,,41
2026-06-01T18:03:11.301628,$GAGSV,34,,47
2026-06-01T18:03:11.303359,$GAGSV,03,,44
2026-06-01T18:03:11.303359,$GAGSV,08,,41
2026-06-01T18:03:11.303359,$GAGSV,15,,45
2026-06-01T18:03:11.303359,$GAGSV,32,,44
2026-06-01T18:03:11.303732,$GAGSV,34,,47
2026-06-01T18:03:11.305448,$GBGSV,06,,45
2026-06-01T18:03:11.305448,$GBGSV,07,,47
2026-06-01T18:03:11.305448,$GBGSV,09,,44
2026-06-01T18:03:11.305448,$GBGSV,10,,47
2026-06-01T18:03:11.306070,$GBGSV,13,,38
2026-06-01T18:03:11.306070,$GBGSV,25,,43
2026-06-01T18:03:11.306070,$GBGSV,28,,46
2026-06-01T18:03:11.306070,$GBGSV,33,,44
2026-06-01T18:03:11.306715,$GBGSV,07,,15
2026-06-01T18:03:11.306715,$GBGSV,09,,41
2026-06-01T18:03:11.306715,$GBGSV,10,,45
2026-06-01T18:03:11.306715,$GBGSV,28,,14
2026-06-01T18:03:12.302170,$GPGSV,10,,39
2026-06-01T18:03:12.302170,$GPGSV,12,,27
2026-06-01T18:03:12.302170,$GPGSV,18,,45
2026-06-01T18:03:12.302170,$GPGSV,23,,47
2026-06-01T18:03:12.305813,$GPGSV,24,,38
2026-06-01T18:03:12.305813,$GPGSV,25,,25
2026-06-01T18:03:12.305813,$GPGSV,28,,32
2026-06-01T18:03:12.305813,$GPGSV,32,,43
2026-06-01T18:03:12.307732,$GPGSV,41,,46
2026-06-01T18:03:12.307732,$GPGSV,42,,46
2026-06-01T18:03:12.307732,$GPGSV,50,,38
2026-06-01T18:03:12.309936,$GPGSV,10,,34
2026-06-01T18:03:12.309936,$GPGSV,18,,47
2026-06-01T18:03:12.309936,$GPGSV,23,,44
2026-06-01T18:03:12.309936,$GPGSV,24,,36
2026-06-01T18:03:12.311989,$GPGSV,28,,39
2026-06-01T18:03:12.311989,$GPGSV,32,,39
2026-06-01T18:03:12.317194,$GLGSV,65,,37
2026-06-01T18:03:12.317194,$GLGSV,72,,22
2026-06-01T18:03:12.317194,$GLGSV,74,,25
2026-06-01T18:03:12.317194,$GLGSV,75,,34
2026-06-01T18:03:12.318310,$GLGSV,86,,19
2026-06-01T18:03:12.318310,$GLGSV,87,,45
2026-06-01T18:03:12.318310,$GLGSV,88,,42
2026-06-01T18:03:12.320383,$GLGSV,72,,28
2026-06-01T18:03:12.320383,$GLGSV,75,,36
2026-06-01T18:03:12.320383,$GLGSV,86,,17
2026-06-01T18:03:12.320383,$GLGSV,88,,42
2026-06-01T18:03:12.322321,$GAGSV,03,,45
2026-06-01T18:03:12.322321,$GAGSV,08,,46
2026-06-01T18:03:12.322321,$GAGSV,15,,45
2026-06-01T18:03:12.322321,$GAGSV,32,,41
2026-06-01T18:03:12.323595,$GAGSV,34,,46
2026-06-01T18:03:12.325201,$GAGSV,03,,43
2026-06-01T18:03:12.325201,$GAGSV,08,,41
2026-06-01T18:03:12.325201,$GAGSV,15,,45
2026-06-01T18:03:12.325201,$GAGSV,32,,44
2026-06-01T18:03:12.325774,$GAGSV,34,,46
2026-06-01T18:03:12.327877,$GBGSV,06,,45
2026-06-01T18:03:12.327877,$GBGSV,07,,46
2026-06-01T18:03:12.327877,$GBGSV,09,,43
2026-06-01T18:03:12.327877,$GBGSV,10,,46
2026-06-01T18:03:12.328904,$GBGSV,13,,37
2026-06-01T18:03:12.328904,$GBGSV,25,,42
2026-06-01T18:03:12.328904,$GBGSV,28,,45
2026-06-01T18:03:12.328904,$GBGSV,33,,43
2026-06-01T18:03:12.329797,$GBGSV,07,,13
2026-06-01T18:03:12.329797,$GBGSV,09,,41
2026-06-01T18:03:12.329797,$GBGSV,10,,44
2026-06-01T18:03:12.329797,$GBGSV,28,,11
2026-06-01T18:03:13.300536,$GPGSV,10,,39
2026-06-01T18:03:13.300536,$GPGSV,12,,28
2026-06-01T18:03:13.300536,$GPGSV,18,,45
2026-06-01T18:03:13.300536,$GPGSV,23,,47
2026-06-01T18:03:13.302856,$GPGSV,24,,38
2026-06-01T18:03:13.302856,$GPGSV,25,,25
2026-06-01T18:03:13.302856,$GPGSV,28,,32
2026-06-01T18:03:13.302856,$GPGSV,32,,42
2026-06-01T18:03:13.304742,$GPGSV,41,,46
2026-06-01T18:03:13.304742,$GPGSV,42,,46
2026-06-01T18:03:13.304742,$GPGSV,50,,38
2026-06-01T18:03:13.306096,$GPGSV,25,,17
2026-06-01T18:03:13.308472,$GPGSV,10,,34
2026-06-01T18:03:13.308472,$GPGSV,18,,47
2026-06-01T18:03:13.308472,$GPGSV,23,,45
2026-06-01T18:03:13.308472,$GPGSV,24,,36
2026-06-01T18:03:13.310236,$GPGSV,28,,40
2026-06-01T18:03:13.310236,$GPGSV,32,,40
2026-06-01T18:03:13.315999,$GLGSV,65,,37
2026-06-01T18:03:13.315999,$GLGSV,72,,22
2026-06-01T18:03:13.315999,$GLGSV,74,,24
2026-06-01T18:03:13.315999,$GLGSV,75,,34
2026-06-01T18:03:13.318265,$GLGSV,86,,20
2026-06-01T18:03:13.318265,$GLGSV,87,,45
2026-06-01T18:03:13.318265,$GLGSV,88,,42
2026-06-01T18:03:13.319921,$GLGSV,72,,28
2026-06-01T18:03:13.319921,$GLGSV,75,,38
2026-06-01T18:03:13.319921,$GLGSV,86,,16
2026-06-01T18:03:13.319921,$GLGSV,88,,42
2026-06-01T18:03:13.322317,$GAGSV,03,,45
2026-06-01T18:03:13.322317,$GAGSV,08,,47
2026-06-01T18:03:13.322317,$GAGSV,15,,45
2026-06-01T18:03:13.322317,$GAGSV,32,,41
2026-06-01T18:03:13.323854,$GAGSV,34,,46
2026-06-01T18:03:13.325190,$GAGSV,03,,43
2026-06-01T18:03:13.325190,$GAGSV,08,,41
2026-06-01T18:03:13.325190,$GAGSV,15,,45
2026-06-01T18:03:13.325190,$GAGSV,32,,44
2026-06-01T18:03:13.325877,$GAGSV,34,,46
2026-06-01T18:03:13.329260,$GBGSV,06,,45
2026-06-01T18:03:13.329260,$GBGSV,07,,46
2026-06-01T18:03:13.329260,$GBGSV,09,,43
2026-06-01T18:03:13.329260,$GBGSV,10,,46
2026-06-01T18:03:13.330232,$GBGSV,13,,37
2026-06-01T18:03:13.330232,$GBGSV,25,,42
2026-06-01T18:03:13.330232,$GBGSV,28,,45
2026-06-01T18:03:13.330232,$GBGSV,33,,43
2026-06-01T18:03:13.331053,$GBGSV,07,,09
2026-06-01T18:03:13.331053,$GBGSV,09,,42
2026-06-01T18:03:13.331053,$GBGSV,10,,45
2026-06-01T18:03:13.331053,$GBGSV,28,,09
2026-06-01T18:03:14.294649,$GPGSV,10,,39
2026-06-01T18:03:14.294649,$GPGSV,12,,28
2026-06-01T18:03:14.294649,$GPGSV,18,,45
2026-06-01T18:03:14.294649,$GPGSV,23,,47
2026-06-01T18:03:14.295370,$GPGSV,24,,38
2026-06-01T18:03:14.295370,$GPGSV,25,,24
2026-06-01T18:03:14.295370,$GPGSV,28,,32
2026-06-01T18:03:14.295370,$GPGSV,32,,43
2026-06-01T18:03:14.295965,$GPGSV,41,,46
2026-06-01T18:03:14.295965,$GPGSV,42,,46
2026-06-01T18:03:14.295965,$GPGSV,50,,39
2026-06-01T18:03:14.296664,$GPGSV,10,,34
2026-06-01T18:03:14.296664,$GPGSV,18,,46
2026-06-01T18:03:14.296664,$GPGSV,23,,44
2026-06-01T18:03:14.296664,$GPGSV,24,,36
2026-06-01T18:03:14.297332,$GPGSV,25,,17
2026-06-01T18:03:14.297332,$GPGSV,28,,39
2026-06-01T18:03:14.297332,$GPGSV,32,,39
2026-06-01T18:03:14.299103,$GLGSV,65,,36
2026-06-01T18:03:14.299103,$GLGSV,72,,22
2026-06-01T18:03:14.299103,$GLGSV,74,,24
2026-06-01T18:03:14.299103,$GLGSV,75,,33
2026-06-01T18:03:14.299706,$GLGSV,86,,19
2026-06-01T18:03:14.299706,$GLGSV,87,,44
2026-06-01T18:03:14.299706,$GLGSV,88,,42
2026-06-01T18:03:14.300401,$GLGSV,72,,29
2026-06-01T18:03:14.300401,$GLGSV,75,,37
2026-06-01T18:03:14.300401,$GLGSV,86,,16
2026-06-01T18:03:14.300401,$GLGSV,88,,42
2026-06-01T18:03:14.301583,$GAGSV,03,,45
2026-06-01T18:03:14.301583,$GAGSV,08,,46
2026-06-01T18:03:14.301583,$GAGSV,15,,44
2026-06-01T18:03:14.301583,$GAGSV,32,,41
2026-06-01T18:03:14.301976,$GAGSV,34,,46
2026-06-01T18:03:14.302627,$GAGSV,03,,43
2026-06-01T18:03:14.302627,$GAGSV,08,,41
2026-06-01T18:03:14.302627,$GAGSV,15,,45
2026-06-01T18:03:14.302627,$GAGSV,32,,43
2026-06-01T18:03:14.303002,$GAGSV,34,,46
2026-06-01T18:03:14.306318,$GBGSV,06,,45
2026-06-01T18:03:14.306318,$GBGSV,07,,46
2026-06-01T18:03:14.306318,$GBGSV,09,,43
2026-06-01T18:03:14.306318,$GBGSV,10,,46
2026-06-01T18:03:14.306999,$GBGSV,13,,38
2026-06-01T18:03:14.306999,$GBGSV,25,,42
2026-06-01T18:03:14.306999,$GBGSV,28,,45
2026-06-01T18:03:14.306999,$GBGSV,33,,43
2026-06-01T18:03:14.307681,$GBGSV,07,,08
2026-06-01T18:03:14.307681,$GBGSV,09,,41
2026-06-01T18:03:14.307681,$GBGSV,10,,44
2026-06-01T18:03:14.307681,$GBGSV,28,,09
2026-06-01T18:03:15.301541,$GPGSV,10,,39
2026-06-01T18:03:15.301541,$GPGSV,12,,28
2026-06-01T18:03:15.301541,$GPGSV,18,,45
2026-06-01T18:03:15.301541,$GPGSV,23,,47
2026-06-01T18:03:15.303896,$GPGSV,24,,38
2026-06-01T18:03:15.303896,$GPGSV,25,,23
2026-06-01T18:03:15.303896,$GPGSV,28,,32
2026-06-01T18:03:15.303896,$GPGSV,32,,43
2026-06-01T18:03:15.305902,$GPGSV,41,,46
2026-06-01T18:03:15.305902,$GPGSV,42,,46
2026-06-01T18:03:15.305902,$GPGSV,50,,39
2026-06-01T18:03:15.307610,$GPGSV,10,,34
2026-06-01T18:03:15.307610,$GPGSV,18,,46
2026-06-01T18:03:15.307610,$GPGSV,23,,44
2026-06-01T18:03:15.307610,$GPGSV,24,,36
2026-06-01T18:03:15.308316,$GPGSV,25,,17
2026-06-01T18:03:15.308316,$GPGSV,28,,39
2026-06-01T18:03:15.308316,$GPGSV,32,,39
2026-06-01T18:03:15.310232,$GLGSV,65,,36
2026-06-01T18:03:15.310232,$GLGSV,72,,22
2026-06-01T18:03:15.310232,$GLGSV,74,,23
2026-06-01T18:03:15.310232,$GLGSV,75,,33
2026-06-01T18:03:15.310759,$GLGSV,86,,20
2026-06-01T18:03:15.310759,$GLGSV,87,,44
2026-06-01T18:03:15.310759,$GLGSV,88,,42
2026-06-01T18:03:15.311426,$GLGSV,72,,28
2026-06-01T18:03:15.311426,$GLGSV,75,,36
2026-06-01T18:03:15.311426,$GLGSV,86,,17
2026-06-01T18:03:15.311426,$GLGSV,88,,41
2026-06-01T18:03:15.312689,$GAGSV,03,,45
2026-06-01T18:03:15.312689,$GAGSV,08,,46
2026-06-01T18:03:15.312689,$GAGSV,15,,45
2026-06-01T18:03:15.312689,$GAGSV,32,,41
2026-06-01T18:03:15.313380,$GAGSV,34,,46
2026-06-01T18:03:15.314210,$GAGSV,03,,43
2026-06-01T18:03:15.314210,$GAGSV,08,,41
2026-06-01T18:03:15.314210,$GAGSV,15,,45
2026-06-01T18:03:15.314210,$GAGSV,32,,43
2026-06-01T18:03:15.314599,$GAGSV,34,,46
2026-06-01T18:03:15.317471,$GBGSV,06,,45
2026-06-01T18:03:15.317471,$GBGSV,07,,46
2026-06-01T18:03:15.317471,$GBGSV,09,,43
2026-06-01T18:03:15.317471,$GBGSV,10,,46
2026-06-01T18:03:15.318356,$GBGSV,13,,38
2026-06-01T18:03:15.318356,$GBGSV,25,,42
2026-06-01T18:03:15.318356,$GBGSV,28,,45
2026-06-01T18:03:15.318356,$GBGSV,33,,44
2026-06-01T18:03:15.319071,$GBGSV,07,,07
2026-06-01T18:03:15.319071,$GBGSV,09,,41
2026-06-01T18:03:15.319071,$GBGSV,10,,43
2026-06-01T18:03:15.319071,$GBGSV,28,,08
2026-06-01T18:03:16.302915,$GPGSV,10,,39
2026-06-01T18:03:16.302915,$GPGSV,12,,28
2026-06-01T18:03:16.302915,$GPGSV,18,,45
2026-06-01T18:03:16.302915,$GPGSV,23,,47
2026-06-01T18:03:16.307022,$GPGSV,24,,38
2026-06-01T18:03:16.307022,$GPGSV,25,,23
2026-06-01T18:03:16.307022,$GPGSV,28,,32
2026-06-01T18:03:16.307022,$GPGSV,32,,42
2026-06-01T18:03:16.310391,$GPGSV,41,,46
2026-06-01T18:03:16.310391,$GPGSV,42,,46
2026-06-01T18:03:16.310391,$GPGSV,50,,39
2026-06-01T18:03:16.313747,$GPGSV,10,,34
2026-06-01T18:03:16.313747,$GPGSV,18,,46
2026-06-01T18:03:16.313747,$GPGSV,23,,43
2026-06-01T18:03:16.313747,$GPGSV,24,,36
2026-06-01T18:03:16.314890,$GPGSV,25,,17
2026-06-01T18:03:16.314890,$GPGSV,28,,38
2026-06-01T18:03:16.314890,$GPGSV,32,,39
2026-06-01T18:03:16.320073,$GLGSV,65,,36
2026-06-01T18:03:16.320073,$GLGSV,72,,22
2026-06-01T18:03:16.320073,$GLGSV,74,,23
2026-06-01T18:03:16.320073,$GLGSV,75,,33
2026-06-01T18:03:16.321823,$GLGSV,86,,20
2026-06-01T18:03:16.321823,$GLGSV,87,,44
2026-06-01T18:03:16.321823,$GLGSV,88,,42
2026-06-01T18:03:16.323851,$GLGSV,72,,26
2026-06-01T18:03:16.323851,$GLGSV,75,,35
2026-06-01T18:03:16.323851,$GLGSV,86,,17
2026-06-01T18:03:16.323851,$GLGSV,88,,41
2026-06-01T18:03:16.327110,$GAGSV,03,,45
2026-06-01T18:03:16.327110,$GAGSV,08,,46
2026-06-01T18:03:16.327110,$GAGSV,15,,45
2026-06-01T18:03:16.327110,$GAGSV,32,,41
2026-06-01T18:03:16.328001,$GAGSV,34,,46
2026-06-01T18:03:16.329711,$GAGSV,03,,43
2026-06-01T18:03:16.329711,$GAGSV,08,,41
2026-06-01T18:03:16.329711,$GAGSV,15,,45
2026-06-01T18:03:16.329711,$GAGSV,32,,43
2026-06-01T18:03:16.330157,$GAGSV,34,,46
2026-06-01T18:03:16.331933,$GBGSV,06,,45
2026-06-01T18:03:16.331933,$GBGSV,07,,46
2026-06-01T18:03:16.331933,$GBGSV,09,,43
2026-06-01T18:03:16.331933,$GBGSV,10,,46
2026-06-01T18:03:16.332611,$GBGSV,13,,37
2026-06-01T18:03:16.332611,$GBGSV,25,,42
2026-06-01T18:03:16.332611,$GBGSV,28,,45
2026-06-01T18:03:16.332611,$GBGSV,33,,43
2026-06-01T18:03:16.333212,$GBGSV,07,,07
2026-06-01T18:03:16.333212,$GBGSV,09,,41
2026-06-01T18:03:16.333212,$GBGSV,10,,43
2026-06-01T18:03:16.333212,$GBGSV,28,,08
2026-06-01T18:03:17.300244,$GPGSV,10,,39
2026-06-01T18:03:17.300244,$GPGSV,12,,27
2026-06-01T18:03:17.300244,$GPGSV,18,,45
2026-06-01T18:03:17.300244,$GPGSV,23,,47
2026-06-01T18:03:17.303750,$GPGSV,24,,38
2026-06-01T18:03:17.303750,$GPGSV,25,,22
2026-06-01T18:03:17.303750,$GPGSV,28,,33
2026-06-01T18:03:17.303750,$GPGSV,32,,43
2026-06-01T18:03:17.305505,$GPGSV,41,,46
2026-06-01T18:03:17.305505,$GPGSV,42,,46
2026-06-01T18:03:17.305505,$GPGSV,50,,39
2026-06-01T18:03:17.307411,$GPGSV,10,,34
2026-06-01T18:03:17.307411,$GPGSV,18,,46
2026-06-01T18:03:17.307411,$GPGSV,23,,43
2026-06-01T18:03:17.307411,$GPGSV,24,,36
2026-06-01T18:03:17.309284,$GPGSV,25,,18
2026-06-01T18:03:17.309284,$GPGSV,28,,38
2026-06-01T18:03:17.309284,$GPGSV,32,,39
2026-06-01T18:03:17.313203,$GLGSV,65,,36
2026-06-01T18:03:17.313203,$GLGSV,72,,21
2026-06-01T18:03:17.313203,$GLGSV,74,,23
2026-06-01T18:03:17.313203,$GLGSV,75,,33
2026-06-01T18:03:17.315261,$GLGSV,86,,19
2026-06-01T18:03:17.315261,$GLGSV,87,,44
2026-06-01T18:03:17.315261,$GLGSV,88,,43
2026-06-01T18:03:17.316338,$GLGSV,72,,25
2026-06-01T18:03:17.316338,$GLGSV,75,,35
2026-06-01T18:03:17.316338,$GLGSV,86,,15
2026-06-01T18:03:17.316338,$GLGSV,88,,41
2026-06-01T18:03:17.319119,$GAGSV,03,,45
2026-06-01T18:03:17.319119,$GAGSV,08,,46
2026-06-01T18:03:17.319119,$GAGSV,15,,45
2026-06-01T18:03:17.319119,$GAGSV,32,,41
2026-06-01T18:03:17.320127,$GAGSV,34,,46
2026-06-01T18:03:17.322633,$GAGSV,03,,43
2026-06-01T18:03:17.322633,$GAGSV,08,,41
2026-06-01T18:03:17.322633,$GAGSV,15,,45
2026-06-01T18:03:17.322633,$GAGSV,32,,43
2026-06-01T18:03:17.323728,$GAGSV,34,,46
2026-06-01T18:03:17.325945,$GBGSV,06,,45
2026-06-01T18:03:17.325945,$GBGSV,07,,46
2026-06-01T18:03:17.325945,$GBGSV,09,,43
2026-06-01T18:03:17.325945,$GBGSV,10,,46
2026-06-01T18:03:17.326633,$GBGSV,13,,37
2026-06-01T18:03:17.326633,$GBGSV,25,,42
2026-06-01T18:03:17.326633,$GBGSV,28,,45
2026-06-01T18:03:17.326633,$GBGSV,33,,43
2026-06-01T18:03:17.327301,$GBGSV,07,,07
2026-06-01T18:03:17.327301,$GBGSV,09,,41
2026-06-01T18:03:17.327301,$GBGSV,10,,43
2026-06-01T18:03:17.327301,$GBGSV,28,,08
2026-06-01T18:03:18.300495,$GPGSV,10,,39
2026-06-01T18:03:18.300495,$GPGSV,12,,26
2026-06-01T18:03:18.300495,$GPGSV,18,,45
2026-06-01T18:03:18.300495,$GPGSV,23,,47
2026-06-01T18:03:18.304302,$GPGSV,24,,38
2026-06-01T18:03:18.304302,$GPGSV,25,,21
2026-06-01T18:03:18.304302,$GPGSV,28,,34
2026-06-01T18:03:18.304302,$GPGSV,32,,42
2026-06-01T18:03:18.307479,$GPGSV,41,,45
2026-06-01T18:03:18.307479,$GPGSV,42,,46
2026-06-01T18:03:18.307479,$GPGSV,50,,40
2026-06-01T18:03:18.310132,$GPGSV,10,,34
2026-06-01T18:03:18.310132,$GPGSV,18,,46
2026-06-01T18:03:18.310132,$GPGSV,23,,43
2026-06-01T18:03:18.310132,$GPGSV,24,,36
2026-06-01T18:03:18.311686,$GPGSV,25,,18
2026-06-01T18:03:18.311686,$GPGSV,28,,38
2026-06-01T18:03:18.311686,$GPGSV,32,,39
2026-06-01T18:03:18.315787,$GLGSV,65,,36
2026-06-01T18:03:18.315787,$GLGSV,72,,23
2026-06-01T18:03:18.315787,$GLGSV,74,,24
2026-06-01T18:03:18.315787,$GLGSV,75,,32
2026-06-01T18:03:18.316794,$GLGSV,86,,20
2026-06-01T18:03:18.316794,$GLGSV,87,,44
2026-06-01T18:03:18.316794,$GLGSV,88,,43
2026-06-01T18:03:18.318441,$GLGSV,72,,24
2026-06-01T18:03:18.318441,$GLGSV,75,,35
2026-06-01T18:03:18.318441,$GLGSV,86,,14
2026-06-01T18:03:18.318441,$GLGSV,88,,41
2026-06-01T18:03:18.321352,$GAGSV,03,,45
2026-06-01T18:03:18.321352,$GAGSV,08,,46
2026-06-01T18:03:18.321352,$GAGSV,15,,45
2026-06-01T18:03:18.321352,$GAGSV,32,,42
2026-06-01T18:03:18.323178,$GAGSV,34,,46
2026-06-01T18:03:18.324618,$GAGSV,03,,43
2026-06-01T18:03:18.324618,$GAGSV,08,,41
2026-06-01T18:03:18.324618,$GAGSV,15,,45
2026-06-01T18:03:18.324618,$GAGSV,32,,43
2026-06-01T18:03:18.325320,$GAGSV,34,,46
2026-06-01T18:03:18.328397,$GBGSV,06,,45
2026-06-01T18:03:18.328397,$GBGSV,07,,46
2026-06-01T18:03:18.328397,$GBGSV,09,,43
2026-06-01T18:03:18.328397,$GBGSV,10,,46
2026-06-01T18:03:18.329298,$GBGSV,13,,37
2026-06-01T18:03:18.329298,$GBGSV,25,,42
2026-06-01T18:03:18.329298,$GBGSV,28,,45
2026-06-01T18:03:18.329298,$GBGSV,33,,43
2026-06-01T18:03:18.329937,$GBGSV,07,,08
2026-06-01T18:03:18.329937,$GBGSV,09,,41
2026-06-01T18:03:18.329937,$GBGSV,10,,43
2026-06-01T18:03:18.329937,$GBGSV,28,,08
2026-06-01T18:03:19.297467,$GPGSV,10,,39
2026-06-01T18:03:19.297467,$GPGSV,18,,45
2026-06-01T18:03:19.297467,$GPGSV,23,,47
2026-06-01T18:03:19.297467,$GPGSV,24,,38
2026-06-01T18:03:19.299392,$GPGSV,25,,20
2026-06-01T18:03:19.299392,$GPGSV,28,,33
2026-06-01T18:03:19.299392,$GPGSV,32,,42
2026-06-01T18:03:19.299392,$GPGSV,41,,46
2026-06-01T18:03:19.300765,$GPGSV,42,,46
2026-06-01T18:03:19.300765,$GPGSV,50,,39
2026-06-01T18:03:19.302755,$GPGSV,10,,34
2026-06-01T18:03:19.302755,$GPGSV,18,,46
2026-06-01T18:03:19.302755,$GPGSV,23,,43
2026-06-01T18:03:19.302755,$GPGSV,24,,35
2026-06-01T18:03:19.304368,$GPGSV,25,,18
2026-06-01T18:03:19.304368,$GPGSV,28,,38
2026-06-01T18:03:19.304368,$GPGSV,32,,39
2026-06-01T18:03:19.309555,$GLGSV,65,,36
2026-06-01T18:03:19.309555,$GLGSV,72,,23
2026-06-01T18:03:19.309555,$GLGSV,74,,24
2026-06-01T18:03:19.309555,$GLGSV,75,,33
2026-06-01T18:03:19.311376,$GLGSV,86,,19
2026-06-01T18:03:19.311376,$GLGSV,87,,44
2026-06-01T18:03:19.311376,$GLGSV,88,,42
2026-06-01T18:03:19.314487,$GLGSV,72,,22
2026-06-01T18:03:19.314487,$GLGSV,75,,35
2026-06-01T18:03:19.314487,$GLGSV,86,,10
2026-06-01T18:03:19.314487,$GLGSV,88,,41
2026-06-01T18:03:19.317841,$GAGSV,03,,45
2026-06-01T18:03:19.317841,$GAGSV,08,,46
2026-06-01T18:03:19.317841,$GAGSV,15,,45
2026-06-01T18:03:19.317841,$GAGSV,32,,42
2026-06-01T18:03:19.319062,$GAGSV,34,,46
2026-06-01T18:03:19.320799,$GAGSV,03,,43
2026-06-01T18:03:19.320799,$GAGSV,08,,41
2026-06-01T18:03:19.320799,$GAGSV,15,,45
2026-06-01T18:03:19.320799,$GAGSV,32,,43
2026-06-01T18:03:19.321838,$GAGSV,34,,46
2026-06-01T18:03:19.326488,$GBGSV,06,,45
2026-06-01T18:03:19.326488,$GBGSV,07,,46
2026-06-01T18:03:19.326488,$GBGSV,09,,43
2026-06-01T18:03:19.326488,$GBGSV,10,,46
2026-06-01T18:03:19.327438,$GBGSV,13,,38
2026-06-01T18:03:19.327438,$GBGSV,25,,42
2026-06-01T18:03:19.327438,$GBGSV,28,,45
2026-06-01T18:03:19.327438,$GBGSV,33,,43
2026-06-01T18:03:19.328242,$GBGSV,07,,07
2026-06-01T18:03:19.328242,$GBGSV,09,,41
2026-06-01T18:03:19.328242,$GBGSV,10,,43
2026-06-01T18:03:19.328242,$GBGSV,28,,08
2026-06-01T18:03:20.307124,$GPGSV,10,,39
2026-06-01T18:03:20.307124,$GPGSV,18,,45
2026-06-01T18:03:20.307124,$GPGSV,23,,47
2026-06-01T18:03:20.307124,$GPGSV,24,,38
2026-06-01T18:03:20.309093,$GPGSV,25,,20
2026-06-01T18:03:20.309093,$GPGSV,28,,33
2026-06-01T18:03:20.309093,$GPGSV,32,,42
2026-06-01T18:03:20.309093,$GPGSV,41,,46
2026-06-01T18:03:20.311370,$GPGSV,42,,46
2026-06-01T18:03:20.311370,$GPGSV,50,,39
2026-06-01T18:03:20.315018,$GPGSV,10,,34
2026-06-01T18:03:20.315018,$GPGSV,18,,46
2026-06-01T18:03:20.315018,$GPGSV,23,,43
2026-06-01T18:03:20.315018,$GPGSV,24,,36
2026-06-01T18:03:20.316965,$GPGSV,25,,18
2026-06-01T18:03:20.316965,$GPGSV,28,,38
2026-06-01T18:03:20.316965,$GPGSV,32,,39
2026-06-01T18:03:20.325695,$GLGSV,65,,36
2026-06-01T18:03:20.325695,$GLGSV,72,,22
2026-06-01T18:03:20.325695,$GLGSV,74,,25
2026-06-01T18:03:20.325695,$GLGSV,75,,33
2026-06-01T18:03:20.327918,$GLGSV,86,,18
2026-06-01T18:03:20.327918,$GLGSV,87,,45
2026-06-01T18:03:20.327918,$GLGSV,88,,42
2026-06-01T18:03:20.329426,$GLGSV,72,,21
2026-06-01T18:03:20.329426,$GLGSV,75,,35
2026-06-01T18:03:20.329426,$GLGSV,86,,09
2026-06-01T18:03:20.329426,$GLGSV,88,,41
2026-06-01T18:03:20.331172,$GAGSV,03,,45
2026-06-01T18:03:20.331172,$GAGSV,08,,46
2026-06-01T18:03:20.331172,$GAGSV,15,,45
2026-06-01T18:03:20.331172,$GAGSV,32,,41
2026-06-01T18:03:20.331874,$GAGSV,34,,46
2026-06-01T18:03:20.333136,$GAGSV,03,,43
2026-06-01T18:03:20.333136,$GAGSV,08,,41
2026-06-01T18:03:20.333136,$GAGSV,15,,45
2026-06-01T18:03:20.333136,$GAGSV,32,,43
2026-06-01T18:03:20.333953,$GAGSV,34,,46
2026-06-01T18:03:20.337552,$GBGSV,06,,45
2026-06-01T18:03:20.337552,$GBGSV,07,,46
2026-06-01T18:03:20.337552,$GBGSV,09,,43
2026-06-01T18:03:20.337552,$GBGSV,10,,46
2026-06-01T18:03:20.338282,$GBGSV,13,,38
2026-06-01T18:03:20.338282,$GBGSV,25,,42
2026-06-01T18:03:20.338282,$GBGSV,28,,45
2026-06-01T18:03:20.338282,$GBGSV,33,,43
2026-06-01T18:03:20.338987,$GBGSV,07,,07
2026-06-01T18:03:20.338987,$GBGSV,09,,41
2026-06-01T18:03:20.338987,$GBGSV,10,,43
2026-06-01T18:03:20.338987,$GBGSV,28,,08
2026-06-01T18:03:21.298035,$GPGSV,10,,39
2026-06-01T18:03:21.298035,$GPGSV,18,,45
2026-06-01T18:03:21.298035,$GPGSV,23,,47
2026-06-01T18:03:21.298035,$GPGSV,24,,38
2026-06-01T18:03:21.300016,$GPGSV,25,,21
2026-06-01T18:03:21.300016,$GPGSV,28,,33
2026-06-01T18:03:21.300016,$GPGSV,32,,43
2026-06-01T18:03:21.300016,$GPGSV,41,,45
2026-06-01T18:03:21.301478,$GPGSV,42,,46
2026-06-01T18:03:21.301478,$GPGSV,50,,39
2026-06-01T18:03:21.303548,$GPGSV,10,,34
2026-06-01T18:03:21.303548,$GPGSV,18,,46
2026-06-01T18:03:21.303548,$GPGSV,23,,43
2026-06-01T18:03:21.303548,$GPGSV,24,,36
2026-06-01T18:03:21.305204,$GPGSV,25,,18
2026-06-01T18:03:21.305204,$GPGSV,28,,38
2026-06-01T18:03:21.305204,$GPGSV,32,,39
2026-06-01T18:03:21.310447,$GLGSV,65,,36
2026-06-01T18:03:21.310447,$GLGSV,72,,21
2026-06-01T18:03:21.310447,$GLGSV,74,,26
2026-06-01T18:03:21.310447,$GLGSV,75,,33
2026-06-01T18:03:21.312177,$GLGSV,86,,17
2026-06-01T18:03:21.312177,$GLGSV,87,,44
2026-06-01T18:03:21.312177,$GLGSV,88,,42
2026-06-01T18:03:21.313787,$GLGSV,72,,22
2026-06-01T18:03:21.313787,$GLGSV,75,,35
2026-06-01T18:03:21.313787,$GLGSV,86,,08
2026-06-01T18:03:21.313787,$GLGSV,88,,41
2026-06-01T18:03:21.316090,$GAGSV,03,,45
2026-06-01T18:03:21.316090,$GAGSV,08,,46
2026-06-01T18:03:21.316090,$GAGSV,15,,45
2026-06-01T18:03:21.316090,$GAGSV,32,,41
2026-06-01T18:03:21.316969,$GAGSV,34,,46
2026-06-01T18:03:21.318189,$GAGSV,03,,43
2026-06-01T18:03:21.318189,$GAGSV,08,,41
2026-06-01T18:03:21.318189,$GAGSV,15,,45
2026-06-01T18:03:21.318189,$GAGSV,32,,43
2026-06-01T18:03:21.318748,$GAGSV,34,,46
2026-06-01T18:03:21.321504,$GBGSV,06,,45
2026-06-01T18:03:21.321504,$GBGSV,07,,46
2026-06-01T18:03:21.321504,$GBGSV,09,,43
2026-06-01T18:03:21.321504,$GBGSV,10,,46
2026-06-01T18:03:21.322554,$GBGSV,13,,39
2026-06-01T18:03:21.322554,$GBGSV,25,,42
2026-06-01T18:03:21.322554,$GBGSV,28,,45
2026-06-01T18:03:21.322554,$GBGSV,33,,43
2026-06-01T18:03:21.323414,$GBGSV,07,,08
2026-06-01T18:03:21.323414,$GBGSV,09,,41
2026-06-01T18:03:21.323414,$GBGSV,10,,43
2026-06-01T18:03:21.323414,$GBGSV,28,,07
2026-06-01T18:03:22.299152,$GPGSV,10,,39
2026-06-01T18:03:22.299152,$GPGSV,18,,45
2026-06-01T18:03:22.299152,$GPGSV,23,,47
2026-06-01T18:03:22.299152,$GPGSV,24,,38
2026-06-01T18:03:22.301482,$GPGSV,25,,20
2026-06-01T18:03:22.301482,$GPGSV,28,,33
2026-06-01T18:03:22.301482,$GPGSV,32,,43
2026-06-01T18:03:22.301482,$GPGSV,41,,45
2026-06-01T18:03:22.303082,$GPGSV,42,,46
2026-06-01T18:03:22.303082,$GPGSV,50,,39
2026-06-01T18:03:22.305313,$GPGSV,10,,34
2026-06-01T18:03:22.305313,$GPGSV,18,,46
2026-06-01T18:03:22.305313,$GPGSV,23,,43
2026-06-01T18:03:22.305313,$GPGSV,24,,36
2026-06-01T18:03:22.307276,$GPGSV,25,,19
2026-06-01T18:03:22.307276,$GPGSV,28,,38
2026-06-01T18:03:22.307276,$GPGSV,32,,39
2026-06-01T18:03:22.311787,$GLGSV,65,,36
2026-06-01T18:03:22.311787,$GLGSV,72,,20
2026-06-01T18:03:22.311787,$GLGSV,74,,26
2026-06-01T18:03:22.311787,$GLGSV,75,,34
2026-06-01T18:03:22.313020,$GLGSV,86,,16
2026-06-01T18:03:22.313020,$GLGSV,87,,44
2026-06-01T18:03:22.313020,$GLGSV,88,,42
2026-06-01T18:03:22.314505,$GLGSV,72,,21
2026-06-01T18:03:22.314505,$GLGSV,75,,35
2026-06-01T18:03:22.314505,$GLGSV,86,,07
2026-06-01T18:03:22.314505,$GLGSV,88,,41
2026-06-01T18:03:22.317926,$GAGSV,03,,45
2026-06-01T18:03:22.317926,$GAGSV,08,,46
2026-06-01T18:03:22.317926,$GAGSV,15,,45
2026-06-01T18:03:22.317926,$GAGSV,32,,41
2026-06-01T18:03:22.318554,$GAGSV,34,,46
2026-06-01T18:03:22.319406,$GAGSV,03,,43
2026-06-01T18:03:22.319406,$GAGSV,08,,41
2026-06-01T18:03:22.319406,$GAGSV,15,,44
2026-06-01T18:03:22.319406,$GAGSV,32,,43
2026-06-01T18:03:22.319897,$GAGSV,34,,46
2026-06-01T18:03:22.322462,$GBGSV,06,,45
2026-06-01T18:03:22.322462,$GBGSV,07,,46
2026-06-01T18:03:22.322462,$GBGSV,09,,43
2026-06-01T18:03:22.322462,$GBGSV,10,,46
2026-06-01T18:03:22.323605,$GBGSV,13,,39
2026-06-01T18:03:22.323605,$GBGSV,25,,42
2026-06-01T18:03:22.323605,$GBGSV,28,,45
2026-06-01T18:03:22.323605,$GBGSV,33,,43
2026-06-01T18:03:22.324319,$GBGSV,07,,07
2026-06-01T18:03:22.324319,$GBGSV,09,,41
2026-06-01T18:03:22.324319,$GBGSV,10,,43
2026-06-01T18:03:22.324319,$GBGSV,28,,07
2026-06-01T18:03:23.301597,$GPGSV,10,,39
2026-06-01T18:03:23.301597,$GPGSV,18,,45
2026-06-01T18:03:23.301597,$GPGSV,23,,47
2026-06-01T18:03:23.301597,$GPGSV,24,,38
2026-06-01T18:03:23.304051,$GPGSV,25,,21
2026-06-01T18:03:23.304051,$GPGSV,28,,33
2026-06-01T18:03:23.304051,$GPGSV,32,,42
2026-06-01T18:03:23.304051,$GPGSV,41,,46
2026-06-01T18:03:23.306235,$GPGSV,42,,46
2026-06-01T18:03:23.306235,$GPGSV,50,,39
2026-06-01T18:03:23.308571,$GPGSV,10,,34
2026-06-01T18:03:23.308571,$GPGSV,18,,46
2026-06-01T18:03:23.308571,$GPGSV,23,,42
2026-06-01T18:03:23.308571,$GPGSV,24,,36
2026-06-01T18:03:23.310651,$GPGSV,25,,20
2026-06-01T18:03:23.310651,$GPGSV,28,,38
2026-06-01T18:03:23.310651,$GPGSV,32,,39
2026-06-01T18:03:23.318314,$GLGSV,65,,36
2026-06-01T18:03:23.318314,$GLGSV,72,,19
2026-06-01T18:03:23.318314,$GLGSV,74,,25
2026-06-01T18:03:23.318314,$GLGSV,75,,34
2026-06-01T18:03:23.319482,$GLGSV,86,,16
2026-06-01T18:03:23.319482,$GLGSV,87,,44
2026-06-01T18:03:23.319482,$GLGSV,88,,42
2026-06-01T18:03:23.320592,$GLGSV,72,,20
2026-06-01T18:03:23.320592,$GLGSV,75,,36
2026-06-01T18:03:23.320592,$GLGSV,86,,08
2026-06-01T18:03:23.320592,$GLGSV,88,,41
2026-06-01T18:03:23.323281,$GAGSV,03,,45
2026-06-01T18:03:23.323281,$GAGSV,08,,46
2026-06-01T18:03:23.323281,$GAGSV,15,,45
2026-06-01T18:03:23.323281,$GAGSV,32,,41
2026-06-01T18:03:23.324499,$GAGSV,34,,46
2026-06-01T18:03:23.325380,$GAGSV,03,,43
2026-06-01T18:03:23.325380,$GAGSV,08,,40
2026-06-01T18:03:23.325380,$GAGSV,15,,45
2026-06-01T18:03:23.325380,$GAGSV,32,,43
2026-06-01T18:03:23.325862,$GAGSV,34,,46
2026-06-01T18:03:23.328057,$GBGSV,06,,45
2026-06-01T18:03:23.328057,$GBGSV,07,,46
2026-06-01T18:03:23.328057,$GBGSV,09,,43
2026-06-01T18:03:23.328057,$GBGSV,10,,46
2026-06-01T18:03:23.328867,$GBGSV,13,,39
2026-06-01T18:03:23.328867,$GBGSV,25,,42
2026-06-01T18:03:23.328867,$GBGSV,28,,44
2026-06-01T18:03:23.328867,$GBGSV,33,,43
2026-06-01T18:03:23.329634,$GBGSV,07,,07
2026-06-01T18:03:23.329634,$GBGSV,09,,41
2026-06-01T18:03:23.329634,$GBGSV,10,,44
2026-06-01T18:03:23.329634,$GBGSV,28,,07
2026-06-01T18:03:24.299738,$GPGSV,10,,39
2026-06-01T18:03:24.299738,$GPGSV,18,,45
2026-06-01T18:03:24.299738,$GPGSV,23,,47
2026-06-01T18:03:24.299738,$GPGSV,24,,38
2026-06-01T18:03:24.303875,$GPGSV,25,,21
2026-06-01T18:03:24.303875,$GPGSV,28,,33
2026-06-01T18:03:24.303875,$GPGSV,32,,42
2026-06-01T18:03:24.303875,$GPGSV,41,,45
2026-06-01T18:03:24.306702,$GPGSV,42,,45
2026-06-01T18:03:24.306702,$GPGSV,50,,39
2026-06-01T18:03:24.310821,$GPGSV,10,,34
2026-06-01T18:03:24.310821,$GPGSV,18,,46
2026-06-01T18:03:24.310821,$GPGSV,23,,42
2026-06-01T18:03:24.310821,$GPGSV,24,,35
2026-06-01T18:03:24.313824,$GPGSV,25,,21
2026-06-01T18:03:24.313824,$GPGSV,28,,38
2026-06-01T18:03:24.313824,$GPGSV,32,,39
2026-06-01T18:03:24.319030,$GLGSV,65,,36
2026-06-01T18:03:24.319030,$GLGSV,72,,18
2026-06-01T18:03:24.319030,$GLGSV,74,,25
2026-06-01T18:03:24.319030,$GLGSV,75,,34
2026-06-01T18:03:24.320748,$GLGSV,86,,13
2026-06-01T18:03:24.320748,$GLGSV,87,,44
2026-06-01T18:03:24.320748,$GLGSV,88,,42
2026-06-01T18:03:24.322665,$GLGSV,72,,19
2026-06-01T18:03:24.322665,$GLGSV,75,,36
2026-06-01T18:03:24.322665,$GLGSV,86,,08
2026-06-01T18:03:24.322665,$GLGSV,88,,41
2026-06-01T18:03:24.326194,$GAGSV,03,,45
2026-06-01T18:03:24.326194,$GAGSV,08,,46
2026-06-01T18:03:24.326194,$GAGSV,15,,44
2026-06-01T18:03:24.326194,$GAGSV,32,,42
2026-06-01T18:03:24.326927,$GAGSV,34,,46
2026-06-01T18:03:24.327755,$GAGSV,03,,43
2026-06-01T18:03:24.327755,$GAGSV,08,,41
2026-06-01T18:03:24.327755,$GAGSV,15,,45
2026-06-01T18:03:24.327755,$GAGSV,32,,43
2026-06-01T18:03:24.328156,$GAGSV,34,,46
2026-06-01T18:03:24.330373,$GBGSV,06,,45
2026-06-01T18:03:24.330373,$GBGSV,07,,46
2026-06-01T18:03:24.330373,$GBGSV,09,,43
2026-06-01T18:03:24.330373,$GBGSV,10,,46
2026-06-01T18:03:24.331083,$GBGSV,13,,39
2026-06-01T18:03:24.331083,$GBGSV,25,,42
2026-06-01T18:03:24.331083,$GBGSV,28,,44
2026-06-01T18:03:24.331083,$GBGSV,33,,43
2026-06-01T18:03:24.331807,$GBGSV,09,,41
2026-06-01T18:03:24.331807,$GBGSV,10,,44
2026-06-01T18:03:24.331807,$GBGSV,28,,07
2026-06-01T18:03:25.299864,$GPGSV,10,,39
2026-06-01T18:03:25.299864,$GPGSV,18,,45
2026-06-01T18:03:25.299864,$GPGSV,23,,47
2026-06-01T18:03:25.299864,$GPGSV,24,,38
2026-06-01T18:03:25.302239,$GPGSV,25,,22
2026-06-01T18:03:25.302239,$GPGSV,28,,33
2026-06-01T18:03:25.302239,$GPGSV,32,,42
2026-06-01T18:03:25.302239,$GPGSV,41,,45
2026-06-01T18:03:25.303825,$GPGSV,42,,46
2026-06-01T18:03:25.303825,$GPGSV,50,,39
2026-06-01T18:03:25.306012,$GPGSV,10,,34
2026-06-01T18:03:25.306012,$GPGSV,18,,46
2026-06-01T18:03:25.306012,$GPGSV,23,,42
2026-06-01T18:03:25.306012,$GPGSV,24,,35
2026-06-01T18:03:25.307877,$GPGSV,25,,21
2026-06-01T18:03:25.307877,$GPGSV,28,,37
2026-06-01T18:03:25.307877,$GPGSV,32,,39
2026-06-01T18:03:25.313325,$GLGSV,65,,36
2026-06-01T18:03:25.313325,$GLGSV,72,,17
2026-06-01T18:03:25.313325,$GLGSV,74,,25
2026-06-01T18:03:25.313325,$GLGSV,75,,35
2026-06-01T18:03:25.314752,$GLGSV,86,,11
2026-06-01T18:03:25.314752,$GLGSV,87,,44
2026-06-01T18:03:25.314752,$GLGSV,88,,42
2026-06-01T18:03:25.316010,$GLGSV,72,,17
2026-06-01T18:03:25.316010,$GLGSV,75,,37
2026-06-01T18:03:25.316010,$GLGSV,88,,41
2026-06-01T18:03:25.318661,$GAGSV,03,,45
2026-06-01T18:03:25.318661,$GAGSV,08,,46
2026-06-01T18:03:25.318661,$GAGSV,15,,45
2026-06-01T18:03:25.318661,$GAGSV,32,,42
2026-06-01T18:03:25.319732,$GAGSV,34,,46
2026-06-01T18:03:25.321995,$GAGSV,03,,43
2026-06-01T18:03:25.321995,$GAGSV,08,,41
2026-06-01T18:03:25.321995,$GAGSV,15,,45
2026-06-01T18:03:25.321995,$GAGSV,32,,43
2026-06-01T18:03:25.323639,$GAGSV,34,,46
2026-06-01T18:03:25.326337,$GBGSV,06,,45
2026-06-01T18:03:25.326337,$GBGSV,07,,46
2026-06-01T18:03:25.326337,$GBGSV,09,,43
2026-06-01T18:03:25.326337,$GBGSV,10,,46
2026-06-01T18:03:25.327035,$GBGSV,13,,39
2026-06-01T18:03:25.327035,$GBGSV,25,,42
2026-06-01T18:03:25.327035,$GBGSV,28,,44
2026-06-01T18:03:25.327035,$GBGSV,33,,43
2026-06-01T18:03:25.327585,$GBGSV,09,,41
2026-06-01T18:03:25.327585,$GBGSV,10,,44
2026-06-01T18:03:26.298231,$GPGSV,10,,39
2026-06-01T18:03:26.298231,$GPGSV,18,,45
2026-06-01T18:03:26.298231,$GPGSV,23,,47
2026-06-01T18:03:26.298231,$GPGSV,24,,38
2026-06-01T18:03:26.301510,$GPGSV,25,,22
2026-06-01T18:03:26.301510,$GPGSV,28,,33
2026-06-01T18:03:26.301510,$GPGSV,32,,42
2026-06-01T18:03:26.301510,$GPGSV,41,,45
2026-06-01T18:03:26.304088,$GPGSV,42,,46
2026-06-01T18:03:26.304088,$GPGSV,50,,39
2026-06-01T18:03:26.307537,$GPGSV,10,,34
2026-06-01T18:03:26.307537,$GPGSV,18,,46
2026-06-01T18:03:26.307537,$GPGSV,23,,42
2026-06-01T18:03:26.307537,$GPGSV,24,,35
2026-06-01T18:03:26.310681,$GPGSV,25,,20
2026-06-01T18:03:26.310681,$GPGSV,28,,38
2026-06-01T18:03:26.310681,$GPGSV,32,,39
2026-06-01T18:03:26.317813,$GLGSV,65,,36
2026-06-01T18:03:26.317813,$GLGSV,72,,16
2026-06-01T18:03:26.317813,$GLGSV,74,,25
2026-06-01T18:03:26.317813,$GLGSV,75,,34
2026-06-01T18:03:26.318828,$GLGSV,86,,10
2026-06-01T18:03:26.318828,$GLGSV,87,,44
2026-06-01T18:03:26.318828,$GLGSV,88,,43
2026-06-01T18:03:26.320371,$GLGSV,72,,16
2026-06-01T18:03:26.320371,$GLGSV,75,,37
2026-06-01T18:03:26.320371,$GLGSV,88,,41
2026-06-01T18:03:26.323152,$GAGSV,03,,45
2026-06-01T18:03:26.323152,$GAGSV,08,,46
2026-06-01T18:03:26.323152,$GAGSV,15,,45
2026-06-01T18:03:26.323152,$GAGSV,32,,42
2026-06-01T18:03:26.324608,$GAGSV,34,,46
2026-06-01T18:03:26.326743,$GAGSV,03,,43
2026-06-01T18:03:26.326743,$GAGSV,08,,41
2026-06-01T18:03:26.326743,$GAGSV,15,,45
2026-06-01T18:03:26.326743,$GAGSV,32,,43
2026-06-01T18:03:26.327538,$GAGSV,34,,46
2026-06-01T18:03:26.330815,$GBGSV,06,,45
2026-06-01T18:03:26.330815,$GBGSV,07,,46
2026-06-01T18:03:26.330815,$GBGSV,09,,43
2026-06-01T18:03:26.330815,$GBGSV,10,,46
2026-06-01T18:03:26.331987,$GBGSV,13,,39
2026-06-01T18:03:26.331987,$GBGSV,25,,42
2026-06-01T18:03:26.331987,$GBGSV,28,,44
2026-06-01T18:03:26.331987,$GBGSV,33,,43
2026-06-01T18:03:26.332795,$GBGSV,09,,41
2026-06-01T18:03:26.332795,$GBGSV,10,,44
2026-06-01T18:03:27.292903,$GPGSV,10,,39
2026-06-01T18:03:27.292903,$GPGSV,18,,45
2026-06-01T18:03:27.292903,$GPGSV,23,,47
2026-06-01T18:03:27.292903,$GPGSV,24,,38
2026-06-01T18:03:27.295308,$GPGSV,25,,23
2026-06-01T18:03:27.295308,$GPGSV,28,,34
2026-06-01T18:03:27.295308,$GPGSV,32,,42
2026-06-01T18:03:27.295308,$GPGSV,41,,45
2026-06-01T18:03:27.297527,$GPGSV,42,,46
2026-06-01T18:03:27.297527,$GPGSV,50,,39
2026-06-01T18:03:27.299787,$GPGSV,10,,34
2026-06-01T18:03:27.299787,$GPGSV,18,,46
2026-06-01T18:03:27.299787,$GPGSV,23,,43
2026-06-01T18:03:27.299787,$GPGSV,24,,35
2026-06-01T18:03:27.301815,$GPGSV,25,,20
2026-06-01T18:03:27.301815,$GPGSV,28,,38
2026-06-01T18:03:27.301815,$GPGSV,32,,39
2026-06-01T18:03:27.306542,$GLGSV,65,,36
2026-06-01T18:03:27.306542,$GLGSV,72,,15
2026-06-01T18:03:27.306542,$GLGSV,74,,25
2026-06-01T18:03:27.306542,$GLGSV,75,,34
2026-06-01T18:03:27.307950,$GLGSV,86,,11
2026-06-01T18:03:27.307950,$GLGSV,87,,44
2026-06-01T18:03:27.307950,$GLGSV,88,,43
2026-06-01T18:03:27.309104,$GLGSV,72,,19
2026-06-01T18:03:27.309104,$GLGSV,75,,38
2026-06-01T18:03:27.309104,$GLGSV,88,,41
2026-06-01T18:03:27.311086,$GAGSV,03,,45
2026-06-01T18:03:27.311086,$GAGSV,08,,46
2026-06-01T18:03:27.311086,$GAGSV,15,,45
2026-06-01T18:03:27.311086,$GAGSV,32,,42
2026-06-01T18:03:27.311731,$GAGSV,34,,46
2026-06-01T18:03:27.312925,$GAGSV,03,,43
2026-06-01T18:03:27.312925,$GAGSV,08,,41
2026-06-01T18:03:27.312925,$GAGSV,15,,45
2026-06-01T18:03:27.312925,$GAGSV,32,,43
2026-06-01T18:03:27.313907,$GAGSV,34,,46
2026-06-01T18:03:27.316471,$GBGSV,06,,45
2026-06-01T18:03:27.316471,$GBGSV,07,,46
2026-06-01T18:03:27.316471,$GBGSV,09,,43
2026-06-01T18:03:27.316471,$GBGSV,10,,46
2026-06-01T18:03:27.317536,$GBGSV,13,,39
2026-06-01T18:03:27.317536,$GBGSV,25,,42
2026-06-01T18:03:27.317536,$GBGSV,28,,44
2026-06-01T18:03:27.317536,$GBGSV,33,,43
2026-06-01T18:03:27.318137,$GBGSV,09,,41
2026-06-01T18:03:27.318137,$GBGSV,10,,44
2026-06-01T18:03:28.297949,$GPGSV,10,,39
2026-06-01T18:03:28.297949,$GPGSV,18,,45
2026-06-01T18:03:28.297949,$GPGSV,23,,47
2026-06-01T18:03:28.297949,$GPGSV,24,,38
2026-06-01T18:03:28.300409,$GPGSV,25,,23
2026-06-01T18:03:28.300409,$GPGSV,28,,34
2026-06-01T18:03:28.300409,$GPGSV,32,,42
2026-06-01T18:03:28.300409,$GPGSV,41,,45
2026-06-01T18:03:28.302432,$GPGSV,42,,46
2026-06-01T18:03:28.302432,$GPGSV,50,,39
2026-06-01T18:03:28.304713,$GPGSV,10,,34
2026-06-01T18:03:28.304713,$GPGSV,18,,46
2026-06-01T18:03:28.304713,$GPGSV,23,,43
2026-06-01T18:03:28.304713,$GPGSV,24,,35
2026-06-01T18:03:28.306693,$GPGSV,25,,19
2026-06-01T18:03:28.306693,$GPGSV,28,,38
2026-06-01T18:03:28.306693,$GPGSV,32,,39
2026-06-01T18:03:28.313568,$GLGSV,65,,37
2026-06-01T18:03:28.313568,$GLGSV,72,,16
2026-06-01T18:03:28.313568,$GLGSV,74,,24
2026-06-01T18:03:28.313568,$GLGSV,75,,34
2026-06-01T18:03:28.314856,$GLGSV,86,,09
2026-06-01T18:03:28.314856,$GLGSV,87,,44
2026-06-01T18:03:28.314856,$GLGSV,88,,43
2026-06-01T18:03:28.316243,$GLGSV,72,,23
2026-06-01T18:03:28.316243,$GLGSV,75,,38
2026-06-01T18:03:28.316243,$GLGSV,88,,41
2026-06-01T18:03:28.318807,$GAGSV,03,,45
2026-06-01T18:03:28.318807,$GAGSV,08,,46
2026-06-01T18:03:28.318807,$GAGSV,15,,45
2026-06-01T18:03:28.318807,$GAGSV,32,,42
2026-06-01T18:03:28.319481,$GAGSV,34,,46
2026-06-01T18:03:28.320669,$GAGSV,03,,43
2026-06-01T18:03:28.320669,$GAGSV,08,,41
2026-06-01T18:03:28.320669,$GAGSV,15,,45
2026-06-01T18:03:28.320669,$GAGSV,32,,43
2026-06-01T18:03:28.321486,$GAGSV,34,,46
2026-06-01T18:03:28.324042,$GBGSV,06,,45
2026-06-01T18:03:28.324042,$GBGSV,07,,46
2026-06-01T18:03:28.324042,$GBGSV,09,,43
2026-06-01T18:03:28.324042,$GBGSV,10,,46
2026-06-01T18:03:28.324898,$GBGSV,13,,39
2026-06-01T18:03:28.324898,$GBGSV,25,,42
2026-06-01T18:03:28.324898,$GBGSV,28,,44
2026-06-01T18:03:28.324898,$GBGSV,33,,43
2026-06-01T18:03:28.325551,$GBGSV,09,,41
2026-06-01T18:03:28.325551,$GBGSV,10,,44
2026-06-01T18:03:29.299454,$GPGSV,10,,39
2026-06-01T18:03:29.299454,$GPGSV,18,,45
2026-06-01T18:03:29.299454,$GPGSV,23,,47
2026-06-01T18:03:29.299454,$GPGSV,24,,38
2026-06-01T18:03:29.301805,$GPGSV,25,,23
2026-06-01T18:03:29.301805,$GPGSV,28,,33
2026-06-01T18:03:29.301805,$GPGSV,32,,42
2026-06-01T18:03:29.301805,$GPGSV,41,,45
2026-06-01T18:03:29.303414,$GPGSV,42,,46
2026-06-01T18:03:29.303414,$GPGSV,50,,39
2026-06-01T18:03:29.305647,$GPGSV,10,,34
2026-06-01T18:03:29.305647,$GPGSV,18,,46
2026-06-01T18:03:29.305647,$GPGSV,23,,43
2026-06-01T18:03:29.305647,$GPGSV,24,,35
2026-06-01T18:03:29.308038,$GPGSV,25,,18
2026-06-01T18:03:29.308038,$GPGSV,28,,38
2026-06-01T18:03:29.308038,$GPGSV,32,,39
2026-06-01T18:03:29.312998,$GLGSV,65,,37
2026-06-01T18:03:29.312998,$GLGSV,72,,17
2026-06-01T18:03:29.312998,$GLGSV,74,,23
2026-06-01T18:03:29.312998,$GLGSV,75,,34
2026-06-01T18:03:29.314959,$GLGSV,86,,07
2026-06-01T18:03:29.314959,$GLGSV,87,,44
2026-06-01T18:03:29.314959,$GLGSV,88,,43
2026-06-01T18:03:29.316186,$GLGSV,72,,25
2026-06-01T18:03:29.316186,$GLGSV,75,,38
2026-06-01T18:03:29.316186,$GLGSV,88,,40
2026-06-01T18:03:29.318231,$GAGSV,03,,45
2026-06-01T18:03:29.318231,$GAGSV,08,,46
2026-06-01T18:03:29.318231,$GAGSV,15,,45
2026-06-01T18:03:29.318231,$GAGSV,32,,42
2026-06-01T18:03:29.318863,$GAGSV,34,,46
2026-06-01T18:03:29.319967,$GAGSV,03,,43
2026-06-01T18:03:29.319967,$GAGSV,08,,41
2026-06-01T18:03:29.319967,$GAGSV,15,,45
2026-06-01T18:03:29.319967,$GAGSV,32,,43
2026-06-01T18:03:29.320600,$GAGSV,34,,46
2026-06-01T18:03:29.323783,$GBGSV,06,,45
2026-06-01T18:03:29.323783,$GBGSV,07,,46
2026-06-01T18:03:29.323783,$GBGSV,09,,43
2026-06-01T18:03:29.323783,$GBGSV,10,,46
2026-06-01T18:03:29.324649,$GBGSV,13,,39
2026-06-01T18:03:29.324649,$GBGSV,25,,42
2026-06-01T18:03:29.324649,$GBGSV,28,,44
2026-06-01T18:03:29.324649,$GBGSV,33,,44
2026-06-01T18:03:29.325349,$GBGSV,09,,41
2026-06-01T18:03:29.325349,$GBGSV,10,,44
2026-06-01T18:03:30.296459,$GPGSV,10,,40
2026-06-01T18:03:30.296459,$GPGSV,18,,45
2026-06-01T18:03:30.296459,$GPGSV,23,,47
2026-06-01T18:03:30.296459,$GPGSV,24,,38
2026-06-01T18:03:30.298741,$GPGSV,25,,23
2026-06-01T18:03:30.298741,$GPGSV,28,,33
2026-06-01T18:03:30.298741,$GPGSV,32,,42
2026-06-01T18:03:30.298741,$GPGSV,41,,45
2026-06-01T18:03:30.300716,$GPGSV,42,,45
2026-06-01T18:03:30.300716,$GPGSV,50,,39
2026-06-01T18:03:30.303047,$GPGSV,10,,34
2026-06-01T18:03:30.303047,$GPGSV,18,,46
2026-06-01T18:03:30.303047,$GPGSV,23,,43
2026-06-01T18:03:30.303047,$GPGSV,24,,34
2026-06-01T18:03:30.304949,$GPGSV,25,,18
2026-06-01T18:03:30.304949,$GPGSV,28,,38
2026-06-01T18:03:30.304949,$GPGSV,32,,39
2026-06-01T18:03:30.312053,$GLGSV,65,,37
2026-06-01T18:03:30.312053,$GLGSV,72,,17
2026-06-01T18:03:30.312053,$GLGSV,74,,24
2026-06-01T18:03:30.312053,$GLGSV,75,,34
2026-06-01T18:03:30.314208,$GLGSV,86,,08
2026-06-01T18:03:30.314208,$GLGSV,87,,44
2026-06-01T18:03:30.314208,$GLGSV,88,,44
2026-06-01T18:03:30.315758,$GLGSV,72,,26
2026-06-01T18:03:30.315758,$GLGSV,75,,38
2026-06-01T18:03:30.315758,$GLGSV,88,,40
2026-06-01T18:03:30.318725,$GAGSV,03,,45
2026-06-01T18:03:30.318725,$GAGSV,08,,46
2026-06-01T18:03:30.318725,$GAGSV,15,,45
2026-06-01T18:03:30.318725,$GAGSV,32,,42
2026-06-01T18:03:30.319349,$GAGSV,34,,46
2026-06-01T18:03:30.320402,$GAGSV,03,,43
2026-06-01T18:03:30.320402,$GAGSV,08,,40
2026-06-01T18:03:30.320402,$GAGSV,15,,45
2026-06-01T18:03:30.320402,$GAGSV,32,,43
2026-06-01T18:03:30.320999,$GAGSV,34,,46
2026-06-01T18:03:30.325038,$GBGSV,06,,45
2026-06-01T18:03:30.325038,$GBGSV,07,,46
2026-06-01T18:03:30.325038,$GBGSV,09,,43
2026-06-01T18:03:30.325038,$GBGSV,10,,46
2026-06-01T18:03:30.325948,$GBGSV,13,,39
2026-06-01T18:03:30.325948,$GBGSV,25,,42
2026-06-01T18:03:30.325948,$GBGSV,28,,44
2026-06-01T18:03:30.325948,$GBGSV,33,,43
2026-06-01T18:03:30.326549,$GBGSV,09,,41
2026-06-01T18:03:30.326549,$GBGSV,10,,44
2026-06-01T18:03:31.299926,$GPGSV,10,,40
2026-06-01T18:03:31.299926,$GPGSV,18,,45
2026-06-01T18:03:31.299926,$GPGSV,23,,47
2026-06-01T18:03:31.299926,$GPGSV,24,,38
2026-06-01T18:03:31.302267,$GPGSV,25,,22
2026-06-01T18:03:31.302267,$GPGSV,28,,33
2026-06-01T18:03:31.302267,$GPGSV,32,,42
2026-06-01T18:03:31.302267,$GPGSV,41,,45
2026-06-01T18:03:31.303846,$GPGSV,42,,46
2026-06-01T18:03:31.303846,$GPGSV,50,,39
2026-06-01T18:03:31.306048,$GPGSV,10,,34
2026-06-01T18:03:31.306048,$GPGSV,18,,46
2026-06-01T18:03:31.306048,$GPGSV,23,,43
2026-06-01T18:03:31.306048,$GPGSV,24,,34
2026-06-01T18:03:31.307875,$GPGSV,25,,19
2026-06-01T18:03:31.307875,$GPGSV,28,,38
2026-06-01T18:03:31.307875,$GPGSV,32,,39
2026-06-01T18:03:31.313972,$GLGSV,65,,37
2026-06-01T18:03:31.313972,$GLGSV,72,,18
2026-06-01T18:03:31.313972,$GLGSV,74,,23
2026-06-01T18:03:31.313972,$GLGSV,75,,34
2026-06-01T18:03:31.315840,$GLGSV,86,,09
2026-06-01T18:03:31.315840,$GLGSV,87,,44
2026-06-01T18:03:31.315840,$GLGSV,88,,44
2026-06-01T18:03:31.318380,$GLGSV,72,,27
2026-06-01T18:03:31.318380,$GLGSV,75,,38
2026-06-01T18:03:31.318380,$GLGSV,88,,40
2026-06-01T18:03:31.320153,$GAGSV,03,,45
2026-06-01T18:03:31.320153,$GAGSV,08,,46
2026-06-01T18:03:31.320153,$GAGSV,15,,45
2026-06-01T18:03:31.320153,$GAGSV,32,,42
2026-06-01T18:03:31.320755,$GAGSV,34,,46
2026-06-01T18:03:31.322416,$GAGSV,03,,42
2026-06-01T18:03:31.322416,$GAGSV,08,,40
2026-06-01T18:03:31.322416,$GAGSV,15,,45
2026-06-01T18:03:31.322416,$GAGSV,32,,43
2026-06-01T18:03:31.323133,$GAGSV,34,,46
2026-06-01T18:03:31.325840,$GBGSV,06,,45
2026-06-01T18:03:31.325840,$GBGSV,07,,46
2026-06-01T18:03:31.325840,$GBGSV,09,,43
2026-06-01T18:03:31.325840,$GBGSV,10,,46
2026-06-01T18:03:31.326674,$GBGSV,13,,39
2026-06-01T18:03:31.326674,$GBGSV,25,,42
2026-06-01T18:03:31.326674,$GBGSV,28,,44
2026-06-01T18:03:31.326674,$GBGSV,33,,44
2026-06-01T18:03:31.327265,$GBGSV,09,,41
2026-06-01T18:03:31.327265,$GBGSV,10,,44
2026-06-01T18:03:32.300089,$GPGSV,10,,40
2026-06-01T18:03:32.300089,$GPGSV,18,,45
2026-06-01T18:03:32.300089,$GPGSV,23,,47
2026-06-01T18:03:32.300089,$GPGSV,24,,38
2026-06-01T18:03:32.302465,$GPGSV,25,,22
2026-06-01T18:03:32.302465,$GPGSV,28,,33
2026-06-01T18:03:32.302465,$GPGSV,32,,42
2026-06-01T18:03:32.302465,$GPGSV,41,,45
2026-06-01T18:03:32.304042,$GPGSV,42,,46
2026-06-01T18:03:32.304042,$GPGSV,50,,40
2026-06-01T18:03:32.305335,$GPGSV,12,,17
2026-06-01T18:03:32.307449,$GPGSV,10,,34
2026-06-01T18:03:32.307449,$GPGSV,18,,46
2026-06-01T18:03:32.307449,$GPGSV,23,,43
2026-06-01T18:03:32.307449,$GPGSV,24,,35
2026-06-01T18:03:32.309359,$GPGSV,25,,19
2026-06-01T18:03:32.309359,$GPGSV,28,,38
2026-06-01T18:03:32.309359,$GPGSV,32,,38
2026-06-01T18:03:32.315333,$GLGSV,65,,37
2026-06-01T18:03:32.315333,$GLGSV,72,,19
2026-06-01T18:03:32.315333,$GLGSV,74,,23
2026-06-01T18:03:32.315333,$GLGSV,75,,34
2026-06-01T18:03:32.318153,$GLGSV,86,,09
2026-06-01T18:03:32.318153,$GLGSV,87,,44
2026-06-01T18:03:32.318153,$GLGSV,88,,44
2026-06-01T18:03:32.319509,$GLGSV,72,,27
2026-06-01T18:03:32.319509,$GLGSV,75,,38
2026-06-01T18:03:32.319509,$GLGSV,88,,40
2026-06-01T18:03:32.321873,$GAGSV,03,,45
2026-06-01T18:03:32.321873,$GAGSV,08,,46
2026-06-01T18:03:32.321873,$GAGSV,15,,45
2026-06-01T18:03:32.321873,$GAGSV,32,,42
2026-06-01T18:03:32.323077,$GAGSV,34,,46
2026-06-01T18:03:32.324744,$GAGSV,03,,43
2026-06-01T18:03:32.324744,$GAGSV,08,,40
2026-06-01T18:03:32.324744,$GAGSV,15,,44
2026-06-01T18:03:32.324744,$GAGSV,32,,43
2026-06-01T18:03:32.326072,$GAGSV,34,,46
2026-06-01T18:03:32.328610,$GBGSV,06,,45
2026-06-01T18:03:32.328610,$GBGSV,07,,46
2026-06-01T18:03:32.328610,$GBGSV,09,,43
2026-06-01T18:03:32.328610,$GBGSV,10,,46
2026-06-01T18:03:32.329479,$GBGSV,13,,39
2026-06-01T18:03:32.329479,$GBGSV,25,,42
2026-06-01T18:03:32.329479,$GBGSV,28,,43
2026-06-01T18:03:32.329479,$GBGSV,33,,43
2026-06-01T18:03:32.330116,$GBGSV,09,,41
2026-06-01T18:03:32.330116,$GBGSV,10,,44
2026-06-01T18:03:33.299844,$GPGSV,10,,40
2026-06-01T18:03:33.299844,$GPGSV,18,,45
2026-06-01T18:03:33.299844,$GPGSV,23,,47
2026-06-01T18:03:33.299844,$GPGSV,24,,38
2026-06-01T18:03:33.303334,$GPGSV,25,,23
2026-06-01T18:03:33.303334,$GPGSV,28,,34
2026-06-01T18:03:33.303334,$GPGSV,32,,42
2026-06-01T18:03:33.303334,$GPGSV,41,,45
2026-06-01T18:03:33.306373,$GPGSV,42,,46
2026-06-01T18:03:33.306373,$GPGSV,50,,40
2026-06-01T18:03:33.308533,$GPGSV,12,,15
2026-06-01T18:03:33.312099,$GPGSV,10,,35
2026-06-01T18:03:33.312099,$GPGSV,18,,46
2026-06-01T18:03:33.312099,$GPGSV,23,,43
2026-06-01T18:03:33.312099,$GPGSV,24,,35
2026-06-01T18:03:33.314552,$GPGSV,25,,19
2026-06-01T18:03:33.314552,$GPGSV,28,,38
2026-06-01T18:03:33.314552,$GPGSV,32,,39
2026-06-01T18:03:33.319289,$GLGSV,65,,37
2026-06-01T18:03:33.319289,$GLGSV,72,,19
2026-06-01T18:03:33.319289,$GLGSV,74,,23
2026-06-01T18:03:33.319289,$GLGSV,75,,34
2026-06-01T18:03:33.320469,$GLGSV,86,,08
2026-06-01T18:03:33.320469,$GLGSV,87,,44
2026-06-01T18:03:33.320469,$GLGSV,88,,44
2026-06-01T18:03:33.322703,$GLGSV,72,,26
2026-06-01T18:03:33.322703,$GLGSV,75,,39
2026-06-01T18:03:33.322703,$GLGSV,86,,18
2026-06-01T18:03:33.322703,$GLGSV,88,,40
2026-06-01T18:03:33.325647,$GAGSV,03,,45
2026-06-01T18:03:33.325647,$GAGSV,08,,46
2026-06-01T18:03:33.325647,$GAGSV,15,,45
2026-06-01T18:03:33.325647,$GAGSV,32,,42
2026-06-01T18:03:33.326357,$GAGSV,34,,46
2026-06-01T18:03:33.327683,$GAGSV,03,,43
2026-06-01T18:03:33.327683,$GAGSV,08,,40
2026-06-01T18:03:33.327683,$GAGSV,15,,44
2026-06-01T18:03:33.327683,$GAGSV,32,,42
2026-06-01T18:03:33.328145,$GAGSV,34,,46
2026-06-01T18:03:33.330165,$GBGSV,06,,45
2026-06-01T18:03:33.330165,$GBGSV,07,,46
2026-06-01T18:03:33.330165,$GBGSV,09,,43
2026-06-01T18:03:33.330165,$GBGSV,10,,46
2026-06-01T18:03:33.330865,$GBGSV,13,,39
2026-06-01T18:03:33.330865,$GBGSV,25,,42
2026-06-01T18:03:33.330865,$GBGSV,28,,43
2026-06-01T18:03:33.330865,$GBGSV,33,,43
2026-06-01T18:03:33.331285,$GBGSV,09,,41
2026-06-01T18:03:33.331285,$GBGSV,10,,44
2026-06-01T18:03:34.298815,$GPGSV,10,,39
2026-06-01T18:03:34.298815,$GPGSV,18,,45
2026-06-01T18:03:34.298815,$GPGSV,23,,47
2026-06-01T18:03:34.298815,$GPGSV,24,,38
2026-06-01T18:03:34.301143,$GPGSV,25,,25
2026-06-01T18:03:34.301143,$GPGSV,28,,34
2026-06-01T18:03:34.301143,$GPGSV,32,,42
2026-06-01T18:03:34.301143,$GPGSV,41,,45
2026-06-01T18:03:34.302824,$GPGSV,42,,46
2026-06-01T18:03:34.302824,$GPGSV,50,,40
2026-06-01T18:03:34.305237,$GPGSV,10,,35
2026-06-01T18:03:34.305237,$GPGSV,12,,11
2026-06-01T18:03:34.305237,$GPGSV,18,,46
2026-06-01T18:03:34.305237,$GPGSV,23,,43
2026-06-01T18:03:34.307528,$GPGSV,24,,35
2026-06-01T18:03:34.307528,$GPGSV,25,,18
2026-06-01T18:03:34.307528,$GPGSV,28,,38
2026-06-01T18:03:34.307528,$GPGSV,32,,39
2026-06-01T18:03:34.313571,$GLGSV,65,,37
2026-06-01T18:03:34.313571,$GLGSV,72,,18
2026-06-01T18:03:34.313571,$GLGSV,74,,23
2026-06-01T18:03:34.313571,$GLGSV,75,,33
2026-06-01T18:03:34.315043,$GLGSV,86,,10
2026-06-01T18:03:34.315043,$GLGSV,87,,44
2026-06-01T18:03:34.315043,$GLGSV,88,,44
2026-06-01T18:03:34.316483,$GLGSV,72,,25
2026-06-01T18:03:34.316483,$GLGSV,75,,39
2026-06-01T18:03:34.316483,$GLGSV,86,,18
2026-06-01T18:03:34.316483,$GLGSV,88,,40
2026-06-01T18:03:34.319367,$GAGSV,03,,45
2026-06-01T18:03:34.319367,$GAGSV,08,,46
2026-06-01T18:03:34.319367,$GAGSV,15,,45
2026-06-01T18:03:34.319367,$GAGSV,32,,42
2026-06-01T18:03:34.320040,$GAGSV,34,,46
2026-06-01T18:03:34.321120,$GAGSV,03,,43
2026-06-01T18:03:34.321120,$GAGSV,08,,40
2026-06-01T18:03:34.321120,$GAGSV,15,,44
2026-06-01T18:03:34.321120,$GAGSV,32,,43
2026-06-01T18:03:34.322229,$GAGSV,34,,46
2026-06-01T18:03:34.324895,$GBGSV,06,,45
2026-06-01T18:03:34.324895,$GBGSV,07,,46
2026-06-01T18:03:34.324895,$GBGSV,09,,43
2026-06-01T18:03:34.324895,$GBGSV,10,,46
2026-06-01T18:03:34.325730,$GBGSV,13,,39
2026-06-01T18:03:34.325730,$GBGSV,25,,42
2026-06-01T18:03:34.325730,$GBGSV,28,,42
2026-06-01T18:03:34.325730,$GBGSV,33,,43
2026-06-01T18:03:34.326313,$GBGSV,09,,41
2026-06-01T18:03:34.326313,$GBGSV,10,,44
2026-06-01T18:03:35.300242,$GPGSV,10,,39
2026-06-01T18:03:35.300242,$GPGSV,12,,27
2026-06-01T18:03:35.300242,$GPGSV,18,,45
2026-06-01T18:03:35.300242,$GPGSV,23,,47
2026-06-01T18:03:35.303980,$GPGSV,24,,38
2026-06-01T18:03:35.303980,$GPGSV,25,,25
2026-06-01T18:03:35.303980,$GPGSV,28,,34
2026-06-01T18:03:35.303980,$GPGSV,32,,42
2026-06-01T18:03:35.305954,$GPGSV,41,,45
2026-06-01T18:03:35.305954,$GPGSV,42,,46
2026-06-01T18:03:35.305954,$GPGSV,50,,40
2026-06-01T18:03:35.308113,$GPGSV,10,,35
2026-06-01T18:03:35.308113,$GPGSV,18,,46
2026-06-01T18:03:35.308113,$GPGSV,23,,43
2026-06-01T18:03:35.308113,$GPGSV,24,,35
2026-06-01T18:03:35.310502,$GPGSV,25,,17
2026-06-01T18:03:35.310502,$GPGSV,28,,38
2026-06-01T18:03:35.310502,$GPGSV,32,,39
2026-06-01T18:03:35.316129,$GLGSV,65,,38
2026-06-01T18:03:35.316129,$GLGSV,72,,18
2026-06-01T18:03:35.316129,$GLGSV,74,,24
2026-06-01T18:03:35.316129,$GLGSV,75,,33
2026-06-01T18:03:35.317753,$GLGSV,86,,13
2026-06-01T18:03:35.317753,$GLGSV,87,,44
2026-06-01T18:03:35.317753,$GLGSV,88,,44
2026-06-01T18:03:35.319273,$GLGSV,72,,25
2026-06-01T18:03:35.319273,$GLGSV,75,,40
2026-06-01T18:03:35.319273,$GLGSV,86,,19
2026-06-01T18:03:35.319273,$GLGSV,88,,41
2026-06-01T18:03:35.321100,$GAGSV,03,,45
2026-06-01T18:03:35.321100,$GAGSV,08,,46
2026-06-01T18:03:35.321100,$GAGSV,15,,45
2026-06-01T18:03:35.321100,$GAGSV,32,,42
2026-06-01T18:03:35.321776,$GAGSV,34,,46
2026-06-01T18:03:35.323326,$GAGSV,03,,43
2026-06-01T18:03:35.323326,$GAGSV,08,,40
2026-06-01T18:03:35.323326,$GAGSV,15,,44
2026-06-01T18:03:35.323326,$GAGSV,32,,42
2026-06-01T18:03:35.324510,$GAGSV,34,,46
2026-06-01T18:03:35.326845,$GBGSV,06,,45
2026-06-01T18:03:35.326845,$GBGSV,07,,46
2026-06-01T18:03:35.326845,$GBGSV,09,,43
2026-06-01T18:03:35.326845,$GBGSV,10,,46
2026-06-01T18:03:35.327697,$GBGSV,13,,39
2026-06-01T18:03:35.327697,$GBGSV,25,,42
2026-06-01T18:03:35.327697,$GBGSV,28,,43
2026-06-01T18:03:35.327697,$GBGSV,33,,44
2026-06-01T18:03:35.328310,$GBGSV,09,,41
2026-06-01T18:03:35.328310,$GBGSV,10,,44
2026-06-01T18:03:36.299890,$GPGSV,10,,39
2026-06-01T18:03:36.299890,$GPGSV,12,,26
2026-06-01T18:03:36.299890,$GPGSV,18,,45
2026-06-01T18:03:36.299890,$GPGSV,23,,47
2026-06-01T18:03:36.302289,$GPGSV,24,,38
2026-06-01T18:03:36.302289,$GPGSV,25,,26
2026-06-01T18:03:36.302289,$GPGSV,28,,34
2026-06-01T18:03:36.302289,$GPGSV,32,,42
2026-06-01T18:03:36.304209,$GPGSV,41,,45
2026-06-01T18:03:36.304209,$GPGSV,42,,46
2026-06-01T18:03:36.304209,$GPGSV,50,,40
2026-06-01T18:03:36.306559,$GPGSV,10,,34
2026-06-01T18:03:36.306559,$GPGSV,18,,46
2026-06-01T18:03:36.306559,$GPGSV,23,,43
2026-06-01T18:03:36.306559,$GPGSV,24,,35
2026-06-01T18:03:36.308648,$GPGSV,25,,17
2026-06-01T18:03:36.308648,$GPGSV,28,,38
2026-06-01T18:03:36.308648,$GPGSV,32,,39
2026-06-01T18:03:36.314701,$GLGSV,65,,37
2026-06-01T18:03:36.314701,$GLGSV,72,,18
2026-06-01T18:03:36.314701,$GLGSV,74,,24
2026-06-01T18:03:36.314701,$GLGSV,75,,33
2026-06-01T18:03:36.316617,$GLGSV,86,,16
2026-06-01T18:03:36.316617,$GLGSV,87,,44
2026-06-01T18:03:36.316617,$GLGSV,88,,44
2026-06-01T18:03:36.318678,$GLGSV,72,,23
2026-06-01T18:03:36.318678,$GLGSV,75,,40
2026-06-01T18:03:36.318678,$GLGSV,86,,20
2026-06-01T18:03:36.318678,$GLGSV,88,,41
2026-06-01T18:03:36.321247,$GAGSV,03,,45
2026-06-01T18:03:36.321247,$GAGSV,08,,46
2026-06-01T18:03:36.321247,$GAGSV,15,,45
2026-06-01T18:03:36.321247,$GAGSV,32,,42
2026-06-01T18:03:36.322050,$GAGSV,34,,46
2026-06-01T18:03:36.323989,$GAGSV,03,,43
2026-06-01T18:03:36.323989,$GAGSV,08,,40
2026-06-01T18:03:36.323989,$GAGSV,15,,44
2026-06-01T18:03:36.323989,$GAGSV,32,,42
2026-06-01T18:03:36.324983,$GAGSV,34,,46
2026-06-01T18:03:36.327989,$GBGSV,06,,45
2026-06-01T18:03:36.327989,$GBGSV,07,,46
2026-06-01T18:03:36.327989,$GBGSV,09,,43
2026-06-01T18:03:36.327989,$GBGSV,10,,46
2026-06-01T18:03:36.328817,$GBGSV,13,,39
2026-06-01T18:03:36.328817,$GBGSV,25,,43
2026-06-01T18:03:36.328817,$GBGSV,28,,43
2026-06-01T18:03:36.328817,$GBGSV,33,,44
2026-06-01T18:03:36.329429,$GBGSV,09,,41
2026-06-01T18:03:36.329429,$GBGSV,10,,44
2026-06-01T18:03:37.301671,$GPGSV,10,,39
2026-06-01T18:03:37.301671,$GPGSV,12,,26
2026-06-01T18:03:37.301671,$GPGSV,18,,45
2026-06-01T18:03:37.301671,$GPGSV,23,,47
2026-06-01T18:03:37.304916,$GPGSV,24,,38
2026-06-01T18:03:37.304916,$GPGSV,25,,26
2026-06-01T18:03:37.304916,$GPGSV,28,,34
2026-06-01T18:03:37.304916,$GPGSV,32,,41
2026-06-01T18:03:37.306875,$GPGSV,41,,45
2026-06-01T18:03:37.306875,$GPGSV,42,,45
2026-06-01T18:03:37.306875,$GPGSV,50,,40
2026-06-01T18:03:37.309016,$GPGSV,10,,34
2026-06-01T18:03:37.309016,$GPGSV,18,,46
2026-06-01T18:03:37.309016,$GPGSV,23,,43
2026-06-01T18:03:37.309016,$GPGSV,24,,35
2026-06-01T18:03:37.311357,$GPGSV,25,,16
2026-06-01T18:03:37.311357,$GPGSV,28,,38
2026-06-01T18:03:37.311357,$GPGSV,32,,39
2026-06-01T18:03:37.317350,$GLGSV,65,,38
2026-06-01T18:03:37.317350,$GLGSV,72,,19
2026-06-01T18:03:37.317350,$GLGSV,74,,24
2026-06-01T18:03:37.317350,$GLGSV,75,,33
2026-06-01T18:03:37.318559,$GLGSV,86,,16
2026-06-01T18:03:37.318559,$GLGSV,87,,44
2026-06-01T18:03:37.318559,$GLGSV,88,,44
2026-06-01T18:03:37.319704,$GLGSV,72,,20
2026-06-01T18:03:37.319704,$GLGSV,75,,40
2026-06-01T18:03:37.319704,$GLGSV,86,,21
2026-06-01T18:03:37.319704,$GLGSV,88,,41
2026-06-01T18:03:37.321588,$GAGSV,03,,45
2026-06-01T18:03:37.321588,$GAGSV,08,,46
2026-06-01T18:03:37.321588,$GAGSV,15,,44
2026-06-01T18:03:37.321588,$GAGSV,32,,42
2026-06-01T18:03:37.323410,$GAGSV,34,,45
2026-06-01T18:03:37.324366,$GAGSV,03,,43
2026-06-01T18:03:37.324366,$GAGSV,08,,40
2026-06-01T18:03:37.324366,$GAGSV,15,,44
2026-06-01T18:03:37.324366,$GAGSV,32,,42
2026-06-01T18:03:37.324854,$GAGSV,34,,46
2026-06-01T18:03:37.327134,$GBGSV,06,,45
2026-06-01T18:03:37.327134,$GBGSV,07,,46
2026-06-01T18:03:37.327134,$GBGSV,09,,43
2026-06-01T18:03:37.327134,$GBGSV,10,,46
2026-06-01T18:03:37.327916,$GBGSV,13,,39
2026-06-01T18:03:37.327916,$GBGSV,25,,43
2026-06-01T18:03:37.327916,$GBGSV,28,,43
2026-06-01T18:03:37.327916,$GBGSV,33,,44
2026-06-01T18:03:37.328407,$GBGSV,09,,41
2026-06-01T18:03:37.328407,$GBGSV,10,,44
2026-06-01T18:03:38.302097,$GPGSV,10,,39
2026-06-01T18:03:38.302097,$GPGSV,12,,26
2026-06-01T18:03:38.302097,$GPGSV,18,,45
2026-06-01T18:03:38.302097,$GPGSV,23,,47
2026-06-01T18:03:38.304391,$GPGSV,24,,38
2026-06-01T18:03:38.304391,$GPGSV,25,,26
2026-06-01T18:03:38.304391,$GPGSV,28,,34
2026-06-01T18:03:38.304391,$GPGSV,32,,41
2026-06-01T18:03:38.307748,$GPGSV,41,,45
2026-06-01T18:03:38.307748,$GPGSV,42,,46
2026-06-01T18:03:38.307748,$GPGSV,50,,40
2026-06-01T18:03:38.310940,$GPGSV,10,,34
2026-06-01T18:03:38.310940,$GPGSV,18,,46
2026-06-01T18:03:38.310940,$GPGSV,23,,43
2026-06-01T18:03:38.310940,$GPGSV,24,,34
2026-06-01T18:03:38.313152,$GPGSV,25,,15
2026-06-01T18:03:38.313152,$GPGSV,28,,38
2026-06-01T18:03:38.313152,$GPGSV,32,,39
2026-06-01T18:03:38.317043,$GLGSV,65,,38
2026-06-01T18:03:38.317043,$GLGSV,72,,20
2026-06-01T18:03:38.317043,$GLGSV,74,,24
2026-06-01T18:03:38.317043,$GLGSV,75,,34
2026-06-01T18:03:38.319219,$GLGSV,86,,15
2026-06-01T18:03:38.319219,$GLGSV,87,,44
2026-06-01T18:03:38.319219,$GLGSV,88,,44
2026-06-01T18:03:38.320761,$GLGSV,72,,16
2026-06-01T18:03:38.320761,$GLGSV,75,,40
2026-06-01T18:03:38.320761,$GLGSV,86,,22
2026-06-01T18:03:38.320761,$GLGSV,88,,41
2026-06-01T18:03:38.322974,$GAGSV,03,,45
2026-06-01T18:03:38.322974,$GAGSV,08,,46
2026-06-01T18:03:38.322974,$GAGSV,15,,44
2026-06-01T18:03:38.322974,$GAGSV,32,,41
2026-06-01T18:03:38.323875,$GAGSV,34,,45
2026-06-01T18:03:38.325551,$GAGSV,03,,43
2026-06-01T18:03:38.325551,$GAGSV,08,,40
2026-06-01T18:03:38.325551,$GAGSV,15,,44
2026-06-01T18:03:38.325551,$GAGSV,32,,42
2026-06-01T18:03:38.327175,$GAGSV,34,,46
2026-06-01T18:03:38.330014,$GBGSV,06,,45
2026-06-01T18:03:38.330014,$GBGSV,07,,46
2026-06-01T18:03:38.330014,$GBGSV,09,,43
2026-06-01T18:03:38.330014,$GBGSV,10,,46
2026-06-01T18:03:38.330658,$GBGSV,13,,39
2026-06-01T18:03:38.330658,$GBGSV,25,,42
2026-06-01T18:03:38.330658,$GBGSV,28,,43
2026-06-01T18:03:38.330658,$GBGSV,33,,44
2026-06-01T18:03:38.331084,$GBGSV,09,,40
2026-06-01T18:03:38.331084,$GBGSV,10,,43
2026-06-01T18:03:39.302110,$GPGSV,10,,39
2026-06-01T18:03:39.302110,$GPGSV,12,,25
2026-06-01T18:03:39.302110,$GPGSV,18,,45
2026-06-01T18:03:39.302110,$GPGSV,23,,46
2026-06-01T18:03:39.304512,$GPGSV,24,,38
2026-06-01T18:03:39.304512,$GPGSV,25,,25
2026-06-01T18:03:39.304512,$GPGSV,28,,34
2026-06-01T18:03:39.304512,$GPGSV,32,,41
2026-06-01T18:03:39.306492,$GPGSV,41,,45
2026-06-01T18:03:39.306492,$GPGSV,42,,46
2026-06-01T18:03:39.306492,$GPGSV,50,,40
2026-06-01T18:03:39.308806,$GPGSV,10,,34
2026-06-01T18:03:39.308806,$GPGSV,18,,46
2026-06-01T18:03:39.308806,$GPGSV,23,,43
2026-06-01T18:03:39.308806,$GPGSV,24,,34
2026-06-01T18:03:39.310823,$GPGSV,25,,14
2026-06-01T18:03:39.310823,$GPGSV,28,,38
2026-06-01T18:03:39.310823,$GPGSV,32,,39
2026-06-01T18:03:39.315389,$GLGSV,65,,38
2026-06-01T18:03:39.315389,$GLGSV,72,,20
2026-06-01T18:03:39.315389,$GLGSV,74,,24
2026-06-01T18:03:39.315389,$GLGSV,75,,34
2026-06-01T18:03:39.317506,$GLGSV,86,,16
2026-06-01T18:03:39.317506,$GLGSV,87,,44
2026-06-01T18:03:39.317506,$GLGSV,88,,44
2026-06-01T18:03:39.319094,$GLGSV,72,,16
2026-06-01T18:03:39.319094,$GLGSV,75,,40
2026-06-01T18:03:39.319094,$GLGSV,86,,22
2026-06-01T18:03:39.319094,$GLGSV,88,,41
2026-06-01T18:03:39.320887,$GAGSV,03,,44
2026-06-01T18:03:39.320887,$GAGSV,08,,46
2026-06-01T18:03:39.320887,$GAGSV,15,,44
2026-06-01T18:03:39.320887,$GAGSV,32,,41
2026-06-01T18:03:39.321746,$GAGSV,34,,45
2026-06-01T18:03:39.323841,$GAGSV,03,,43
2026-06-01T18:03:39.323841,$GAGSV,08,,40
2026-06-01T18:03:39.323841,$GAGSV,15,,44
2026-06-01T18:03:39.323841,$GAGSV,32,,42
2026-06-01T18:03:39.324762,$GAGSV,34,,46
2026-06-01T18:03:39.326905,$GBGSV,06,,45
2026-06-01T18:03:39.326905,$GBGSV,07,,47
2026-06-01T18:03:39.326905,$GBGSV,09,,42
2026-06-01T18:03:39.326905,$GBGSV,10,,46
2026-06-01T18:03:39.327616,$GBGSV,13,,39
2026-06-01T18:03:39.327616,$GBGSV,25,,42
2026-06-01T18:03:39.327616,$GBGSV,28,,43
2026-06-01T18:03:39.327616,$GBGSV,33,,44
2026-06-01T18:03:39.328114,$GBGSV,09,,40
2026-06-01T18:03:39.328114,$GBGSV,10,,43
2026-06-01T18:03:40.293261,$GPGSV,10,,39
2026-06-01T18:03:40.293261,$GPGSV,18,,45
2026-06-01T18:03:40.293261,$GPGSV,23,,46
2026-06-01T18:03:40.293261,$GPGSV,24,,38
2026-06-01T18:03:40.294067,$GPGSV,25,,24
2026-06-01T18:03:40.294067,$GPGSV,28,,34
2026-06-01T18:03:40.294067,$GPGSV,32,,41
2026-06-01T18:03:40.294067,$GPGSV,41,,45
2026-06-01T18:03:40.294572,$GPGSV,42,,46
2026-06-01T18:03:40.294572,$GPGSV,50,,40
2026-06-01T18:03:40.295264,$GPGSV,10,,34
2026-06-01T18:03:40.295264,$GPGSV,18,,46
2026-06-01T18:03:40.295264,$GPGSV,23,,43
2026-06-01T18:03:40.295264,$GPGSV,24,,34
2026-06-01T18:03:40.295855,$GPGSV,25,,14
2026-06-01T18:03:40.295855,$GPGSV,28,,38
2026-06-01T18:03:40.295855,$GPGSV,32,,39
2026-06-01T18:03:40.297740,$GLGSV,65,,38
2026-06-01T18:03:40.297740,$GLGSV,72,,21
2026-06-01T18:03:40.297740,$GLGSV,74,,24
2026-06-01T18:03:40.297740,$GLGSV,75,,34
2026-06-01T18:03:40.298308,$GLGSV,86,,17
2026-06-01T18:03:40.298308,$GLGSV,87,,44
2026-06-01T18:03:40.298308,$GLGSV,88,,43
2026-06-01T18:03:40.299034,$GLGSV,72,,19
2026-06-01T18:03:40.299034,$GLGSV,75,,40
2026-06-01T18:03:40.299034,$GLGSV,86,,22
2026-06-01T18:03:40.299034,$GLGSV,88,,41
2026-06-01T18:03:40.300127,$GAGSV,03,,44
2026-06-01T18:03:40.300127,$GAGSV,08,,46
2026-06-01T18:03:40.300127,$GAGSV,15,,44
2026-06-01T18:03:40.300127,$GAGSV,32,,41
2026-06-01T18:03:40.300490,$GAGSV,34,,46
2026-06-01T18:03:40.301604,$GAGSV,03,,43
2026-06-01T18:03:40.301604,$GAGSV,08,,40
2026-06-01T18:03:40.301604,$GAGSV,15,,44
2026-06-01T18:03:40.301604,$GAGSV,32,,42
2026-06-01T18:03:40.302154,$GAGSV,34,,46
2026-06-01T18:03:40.303950,$GBGSV,06,,45
2026-06-01T18:03:40.303950,$GBGSV,07,,47
2026-06-01T18:03:40.303950,$GBGSV,09,,43
2026-06-01T18:03:40.303950,$GBGSV,10,,46
2026-06-01T18:03:40.304686,$GBGSV,13,,39
2026-06-01T18:03:40.304686,$GBGSV,25,,43
2026-06-01T18:03:40.304686,$GBGSV,28,,43
2026-06-01T18:03:40.304686,$GBGSV,33,,44
2026-06-01T18:03:40.305429,$GBGSV,09,,40
2026-06-01T18:03:40.305429,$GBGSV,10,,43
2026-06-01T18:03:41.299289,$GPGSV,10,,39
2026-06-01T18:03:41.299289,$GPGSV,18,,45
2026-06-01T18:03:41.299289,$GPGSV,23,,47
2026-06-01T18:03:41.299289,$GPGSV,24,,38
2026-06-01T18:03:41.301326,$GPGSV,25,,23
2026-06-01T18:03:41.301326,$GPGSV,28,,35
2026-06-01T18:03:41.301326,$GPGSV,32,,41
2026-06-01T18:03:41.301326,$GPGSV,41,,45
2026-06-01T18:03:41.302708,$GPGSV,42,,46
2026-06-01T18:03:41.302708,$GPGSV,50,,40
2026-06-01T18:03:41.304606,$GPGSV,10,,33
2026-06-01T18:03:41.304606,$GPGSV,18,,46
2026-06-01T18:03:41.304606,$GPGSV,23,,42
2026-06-01T18:03:41.304606,$GPGSV,24,,34
2026-06-01T18:03:41.306275,$GPGSV,25,,16
2026-06-01T18:03:41.306275,$GPGSV,28,,38
2026-06-01T18:03:41.306275,$GPGSV,32,,39
2026-06-01T18:03:41.311447,$GLGSV,65,,38
2026-06-01T18:03:41.311447,$GLGSV,72,,22
2026-06-01T18:03:41.311447,$GLGSV,74,,24
2026-06-01T18:03:41.311447,$GLGSV,75,,34
2026-06-01T18:03:41.313572,$GLGSV,86,,18
2026-06-01T18:03:41.313572,$GLGSV,87,,44
2026-06-01T18:03:41.313572,$GLGSV,88,,44
2026-06-01T18:03:41.315793,$GLGSV,72,,22
2026-06-01T18:03:41.315793,$GLGSV,75,,40
2026-06-01T18:03:41.315793,$GLGSV,86,,22
2026-06-01T18:03:41.315793,$GLGSV,88,,41
2026-06-01T18:03:41.318758,$GAGSV,03,,45
2026-06-01T18:03:41.318758,$GAGSV,08,,46
2026-06-01T18:03:41.318758,$GAGSV,15,,44
2026-06-01T18:03:41.318758,$GAGSV,32,,41
2026-06-01T18:03:41.319505,$GAGSV,34,,46
2026-06-01T18:03:41.320851,$GAGSV,03,,43
2026-06-01T18:03:41.320851,$GAGSV,08,,40
2026-06-01T18:03:41.320851,$GAGSV,15,,44
2026-06-01T18:03:41.320851,$GAGSV,32,,42
2026-06-01T18:03:41.321712,$GAGSV,34,,46
2026-06-01T18:03:41.325711,$GBGSV,06,,45
2026-06-01T18:03:41.325711,$GBGSV,07,,46
2026-06-01T18:03:41.325711,$GBGSV,09,,43
2026-06-01T18:03:41.325711,$GBGSV,10,,46
2026-06-01T18:03:41.326705,$GBGSV,13,,39
2026-06-01T18:03:41.326705,$GBGSV,25,,42
2026-06-01T18:03:41.326705,$GBGSV,28,,43
2026-06-01T18:03:41.326705,$GBGSV,33,,44
2026-06-01T18:03:41.327406,$GBGSV,09,,40
2026-06-01T18:03:41.327406,$GBGSV,10,,43
2026-06-01T18:03:42.301211,$GPGSV,10,,39
2026-06-01T18:03:42.301211,$GPGSV,18,,45
2026-06-01T18:03:42.301211,$GPGSV,23,,46
2026-06-01T18:03:42.301211,$GPGSV,24,,38
2026-06-01T18:03:42.303228,$GPGSV,25,,22
2026-06-01T18:03:42.303228,$GPGSV,28,,35
2026-06-01T18:03:42.303228,$GPGSV,32,,41
2026-06-01T18:03:42.303228,$GPGSV,41,,45
2026-06-01T18:03:42.304959,$GPGSV,42,,47
2026-06-01T18:03:42.304959,$GPGSV,50,,40
2026-06-01T18:03:42.306146,$GPGSV,12,,16
2026-06-01T18:03:42.308106,$GPGSV,10,,34
2026-06-01T18:03:42.308106,$GPGSV,18,,46
2026-06-01T18:03:42.308106,$GPGSV,23,,43
2026-06-01T18:03:42.308106,$GPGSV,24,,34
2026-06-01T18:03:42.310219,$GPGSV,25,,15
2026-06-01T18:03:42.310219,$GPGSV,28,,38
2026-06-01T18:03:42.310219,$GPGSV,32,,39
2026-06-01T18:03:42.315327,$GLGSV,65,,39
2026-06-01T18:03:42.315327,$GLGSV,72,,21
2026-06-01T18:03:42.315327,$GLGSV,74,,23
2026-06-01T18:03:42.315327,$GLGSV,75,,34
2026-06-01T18:03:42.317006,$GLGSV,86,,18
2026-06-01T18:03:42.317006,$GLGSV,87,,44
2026-06-01T18:03:42.317006,$GLGSV,88,,44
2026-06-01T18:03:42.318853,$GLGSV,72,,23
2026-06-01T18:03:42.318853,$GLGSV,75,,40
2026-06-01T18:03:42.318853,$GLGSV,86,,22
2026-06-01T18:03:42.318853,$GLGSV,88,,41
2026-06-01T18:03:42.321629,$GAGSV,03,,45
2026-06-01T18:03:42.321629,$GAGSV,08,,46
2026-06-01T18:03:42.321629,$GAGSV,15,,44
2026-06-01T18:03:42.321629,$GAGSV,32,,41
2026-06-01T18:03:42.322700,$GAGSV,34,,46
2026-06-01T18:03:42.324747,$GAGSV,03,,43
2026-06-01T18:03:42.324747,$GAGSV,08,,40
2026-06-01T18:03:42.324747,$GAGSV,15,,44
2026-06-01T18:03:42.324747,$GAGSV,32,,42
2026-06-01T18:03:42.325774,$GAGSV,34,,46
2026-06-01T18:03:42.328359,$GBGSV,06,,45
2026-06-01T18:03:42.328359,$GBGSV,07,,47
2026-06-01T18:03:42.328359,$GBGSV,09,,43
2026-06-01T18:03:42.328359,$GBGSV,10,,45
2026-06-01T18:03:42.329166,$GBGSV,13,,39
2026-06-01T18:03:42.329166,$GBGSV,25,,42
2026-06-01T18:03:42.329166,$GBGSV,28,,42
2026-06-01T18:03:42.329166,$GBGSV,33,,44
2026-06-01T18:03:42.329735,$GBGSV,09,,40
2026-06-01T18:03:42.329735,$GBGSV,10,,43
2026-06-01T18:03:43.299614,$GPGSV,10,,39
2026-06-01T18:03:43.299614,$GPGSV,18,,45
2026-06-01T18:03:43.299614,$GPGSV,23,,46
2026-06-01T18:03:43.299614,$GPGSV,24,,38
2026-06-01T18:03:43.302011,$GPGSV,25,,23
2026-06-01T18:03:43.302011,$GPGSV,28,,35
2026-06-01T18:03:43.302011,$GPGSV,32,,40
2026-06-01T18:03:43.302011,$GPGSV,41,,45
2026-06-01T18:03:43.303647,$GPGSV,42,,46
2026-06-01T18:03:43.303647,$GPGSV,50,,40
2026-06-01T18:03:43.305931,$GPGSV,10,,34
2026-06-01T18:03:43.305931,$GPGSV,12,,15
2026-06-01T18:03:43.305931,$GPGSV,18,,46
2026-06-01T18:03:43.305931,$GPGSV,23,,42
2026-06-01T18:03:43.308102,$GPGSV,24,,35
2026-06-01T18:03:43.308102,$GPGSV,25,,13
2026-06-01T18:03:43.308102,$GPGSV,28,,38
2026-06-01T18:03:43.308102,$GPGSV,32,,39
2026-06-01T18:03:43.313903,$GLGSV,65,,38
2026-06-01T18:03:43.313903,$GLGSV,72,,21
2026-06-01T18:03:43.313903,$GLGSV,74,,22
2026-06-01T18:03:43.313903,$GLGSV,75,,35
2026-06-01T18:03:43.315384,$GLGSV,86,,18
2026-06-01T18:03:43.315384,$GLGSV,87,,44
2026-06-01T18:03:43.315384,$GLGSV,88,,43
2026-06-01T18:03:43.316832,$GLGSV,72,,26
2026-06-01T18:03:43.316832,$GLGSV,75,,40
2026-06-01T18:03:43.316832,$GLGSV,86,,22
2026-06-01T18:03:43.316832,$GLGSV,88,,41
2026-06-01T18:03:43.319351,$GAGSV,03,,45
2026-06-01T18:03:43.319351,$GAGSV,08,,46
2026-06-01T18:03:43.319351,$GAGSV,15,,44
2026-06-01T18:03:43.319351,$GAGSV,32,,41
2026-06-01T18:03:43.320081,$GAGSV,34,,46
2026-06-01T18:03:43.321199,$GAGSV,03,,43
2026-06-01T18:03:43.321199,$GAGSV,08,,40
2026-06-01T18:03:43.321199,$GAGSV,15,,44
2026-06-01T18:03:43.321199,$GAGSV,32,,42
2026-06-01T18:03:43.321818,$GAGSV,34,,46
2026-06-01T18:03:43.324613,$GBGSV,06,,45
2026-06-01T18:03:43.324613,$GBGSV,07,,47
2026-06-01T18:03:43.324613,$GBGSV,09,,43
2026-06-01T18:03:43.324613,$GBGSV,10,,46
2026-06-01T18:03:43.326196,$GBGSV,13,,40
2026-06-01T18:03:43.326196,$GBGSV,25,,43
2026-06-01T18:03:43.326196,$GBGSV,28,,42
2026-06-01T18:03:43.326196,$GBGSV,33,,44
2026-06-01T18:03:43.327185,$GBGSV,09,,40
2026-06-01T18:03:43.327185,$GBGSV,10,,43
2026-06-01T18:03:44.301315,$GPGSV,10,,40
2026-06-01T18:03:44.301315,$GPGSV,18,,45
2026-06-01T18:03:44.301315,$GPGSV,23,,47
2026-06-01T18:03:44.301315,$GPGSV,24,,39
2026-06-01T18:03:44.303628,$GPGSV,25,,23
2026-06-01T18:03:44.303628,$GPGSV,28,,35
2026-06-01T18:03:44.303628,$GPGSV,32,,41
2026-06-01T18:03:44.303628,$GPGSV,41,,45
2026-06-01T18:03:44.305288,$GPGSV,42,,46
2026-06-01T18:03:44.305288,$GPGSV,50,,40
2026-06-01T18:03:44.307516,$GPGSV,10,,34
2026-06-01T18:03:44.307516,$GPGSV,12,,15
2026-06-01T18:03:44.307516,$GPGSV,18,,46
2026-06-01T18:03:44.307516,$GPGSV,23,,42
2026-06-01T18:03:44.309852,$GPGSV,24,,35
2026-06-01T18:03:44.309852,$GPGSV,25,,11
2026-06-01T18:03:44.309852,$GPGSV,28,,38
2026-06-01T18:03:44.309852,$GPGSV,32,,39
2026-06-01T18:03:44.315940,$GLGSV,65,,38
2026-06-01T18:03:44.315940,$GLGSV,72,,19
2026-06-01T18:03:44.315940,$GLGSV,74,,21
2026-06-01T18:03:44.315940,$GLGSV,75,,35
2026-06-01T18:03:44.317817,$GLGSV,86,,19
2026-06-01T18:03:44.317817,$GLGSV,87,,44
2026-06-01T18:03:44.317817,$GLGSV,88,,43
2026-06-01T18:03:44.319370,$GLGSV,72,,27
2026-06-01T18:03:44.319370,$GLGSV,75,,40
2026-06-01T18:03:44.319370,$GLGSV,86,,22
2026-06-01T18:03:44.319370,$GLGSV,88,,41
2026-06-01T18:03:44.321899,$GAGSV,03,,45
2026-06-01T18:03:44.321899,$GAGSV,08,,46
2026-06-01T18:03:44.321899,$GAGSV,15,,44
2026-06-01T18:03:44.321899,$GAGSV,32,,41
2026-06-01T18:03:44.322726,$GAGSV,34,,46
2026-06-01T18:03:44.323796,$GAGSV,03,,43
2026-06-01T18:03:44.323796,$GAGSV,08,,40
2026-06-01T18:03:44.323796,$GAGSV,15,,44
2026-06-01T18:03:44.323796,$GAGSV,32,,42
2026-06-01T18:03:44.324433,$GAGSV,34,,46
2026-06-01T18:03:44.327360,$GBGSV,06,,45
2026-06-01T18:03:44.327360,$GBGSV,07,,47
2026-06-01T18:03:44.327360,$GBGSV,09,,43
2026-06-01T18:03:44.327360,$GBGSV,10,,46
2026-06-01T18:03:44.328267,$GBGSV,13,,39
2026-06-01T18:03:44.328267,$GBGSV,25,,43
2026-06-01T18:03:44.328267,$GBGSV,28,,42
2026-06-01T18:03:44.328267,$GBGSV,33,,44
2026-06-01T18:03:44.328881,$GBGSV,09,,40
2026-06-01T18:03:44.328881,$GBGSV,10,,43
2026-06-01T18:03:45.295773,$GPGSV,10,,39
2026-06-01T18:03:45.295773,$GPGSV,18,,44
2026-06-01T18:03:45.295773,$GPGSV,23,,47
2026-06-01T18:03:45.295773,$GPGSV,24,,39
2026-06-01T18:03:45.299831,$GPGSV,25,,24
2026-06-01T18:03:45.299831,$GPGSV,28,,34
2026-06-01T18:03:45.299831,$GPGSV,32,,41
2026-06-01T18:03:45.299831,$GPGSV,41,,45
2026-06-01T18:03:45.301487,$GPGSV,42,,46
2026-06-01T18:03:45.301487,$GPGSV,50,,39
2026-06-01T18:03:45.303641,$GPGSV,10,,34
2026-06-01T18:03:45.303641,$GPGSV,12,,14
2026-06-01T18:03:45.303641,$GPGSV,18,,46
2026-06-01T18:03:45.303641,$GPGSV,23,,42
2026-06-01T18:03:45.306207,$GPGSV,24,,35
2026-06-01T18:03:45.306207,$GPGSV,25,,10
2026-06-01T18:03:45.306207,$GPGSV,28,,38
2026-06-01T18:03:45.306207,$GPGSV,32,,39
2026-06-01T18:03:45.312523,$GLGSV,65,,38
2026-06-01T18:03:45.312523,$GLGSV,72,,18
2026-06-01T18:03:45.312523,$GLGSV,74,,21
2026-06-01T18:03:45.312523,$GLGSV,75,,34
2026-06-01T18:03:45.314101,$GLGSV,86,,20
2026-06-01T18:03:45.314101,$GLGSV,87,,44
2026-06-01T18:03:45.314101,$GLGSV,88,,43
2026-06-01T18:03:45.315576,$GLGSV,72,,28
2026-06-01T18:03:45.315576,$GLGSV,75,,39
2026-06-01T18:03:45.315576,$GLGSV,86,,22
2026-06-01T18:03:45.315576,$GLGSV,88,,41
2026-06-01T18:03:45.317583,$GAGSV,03,,45
2026-06-01T18:03:45.317583,$GAGSV,08,,46
2026-06-01T18:03:45.317583,$GAGSV,15,,44
2026-06-01T18:03:45.317583,$GAGSV,32,,41
2026-06-01T18:03:45.318193,$GAGSV,34,,46
2026-06-01T18:03:45.319272,$GAGSV,03,,43
2026-06-01T18:03:45.319272,$GAGSV,08,,41
2026-06-01T18:03:45.319272,$GAGSV,15,,44
2026-06-01T18:03:45.319272,$GAGSV,32,,42
2026-06-01T18:03:45.319892,$GAGSV,34,,46
2026-06-01T18:03:45.324592,$GBGSV,06,,45
2026-06-01T18:03:45.324592,$GBGSV,07,,47
2026-06-01T18:03:45.324592,$GBGSV,09,,43
2026-06-01T18:03:45.324592,$GBGSV,10,,46
2026-06-01T18:03:45.326329,$GBGSV,13,,39
2026-06-01T18:03:45.326329,$GBGSV,25,,43
2026-06-01T18:03:45.326329,$GBGSV,28,,42
2026-06-01T18:03:45.326329,$GBGSV,33,,44
2026-06-01T18:03:45.327177,$GBGSV,09,,40
2026-06-01T18:03:45.327177,$GBGSV,10,,43
2026-06-01T18:03:46.300322,$GPGSV,10,,39
2026-06-01T18:03:46.300322,$GPGSV,18,,44
2026-06-01T18:03:46.300322,$GPGSV,23,,47
2026-06-01T18:03:46.300322,$GPGSV,24,,39
2026-06-01T18:03:46.302773,$GPGSV,25,,24
2026-06-01T18:03:46.302773,$GPGSV,28,,35
2026-06-01T18:03:46.302773,$GPGSV,32,,41
2026-06-01T18:03:46.302773,$GPGSV,41,,45
2026-06-01T18:03:46.304437,$GPGSV,42,,45
2026-06-01T18:03:46.304437,$GPGSV,50,,39
2026-06-01T18:03:46.306715,$GPGSV,10,,34
2026-06-01T18:03:46.306715,$GPGSV,12,,14
2026-06-01T18:03:46.306715,$GPGSV,18,,46
2026-06-01T18:03:46.306715,$GPGSV,23,,42
2026-06-01T18:03:46.309373,$GPGSV,24,,35
2026-06-01T18:03:46.309373,$GPGSV,25,,13
2026-06-01T18:03:46.309373,$GPGSV,28,,38
2026-06-01T18:03:46.309373,$GPGSV,32,,39
2026-06-01T18:03:46.315025,$GLGSV,65,,38
2026-06-01T18:03:46.315025,$GLGSV,72,,17
2026-06-01T18:03:46.315025,$GLGSV,74,,21
2026-06-01T18:03:46.315025,$GLGSV,75,,33
2026-06-01T18:03:46.316328,$GLGSV,86,,20
2026-06-01T18:03:46.316328,$GLGSV,87,,44
2026-06-01T18:03:46.316328,$GLGSV,88,,43
2026-06-01T18:03:46.317872,$GLGSV,72,,29
2026-06-01T18:03:46.317872,$GLGSV,75,,39
2026-06-01T18:03:46.317872,$GLGSV,86,,21
2026-06-01T18:03:46.317872,$GLGSV,88,,41
2026-06-01T18:03:46.320075,$GAGSV,03,,45
2026-06-01T18:03:46.320075,$GAGSV,08,,46
2026-06-01T18:03:46.320075,$GAGSV,15,,44
2026-06-01T18:03:46.320075,$GAGSV,32,,41
2026-06-01T18:03:46.320670,$GAGSV,34,,46
2026-06-01T18:03:46.321873,$GAGSV,03,,43
2026-06-01T18:03:46.321873,$GAGSV,08,,41
2026-06-01T18:03:46.321873,$GAGSV,15,,44
2026-06-01T18:03:46.321873,$GAGSV,32,,42
2026-06-01T18:03:46.323315,$GAGSV,34,,46
2026-06-01T18:03:46.325932,$GBGSV,06,,45
2026-06-01T18:03:46.325932,$GBGSV,07,,47
2026-06-01T18:03:46.325932,$GBGSV,09,,42
2026-06-01T18:03:46.325932,$GBGSV,10,,46
2026-06-01T18:03:46.326798,$GBGSV,13,,39
2026-06-01T18:03:46.326798,$GBGSV,25,,43
2026-06-01T18:03:46.326798,$GBGSV,28,,42
2026-06-01T18:03:46.326798,$GBGSV,33,,44
2026-06-01T18:03:46.327415,$GBGSV,09,,40
2026-06-01T18:03:46.327415,$GBGSV,10,,43
2026-06-01T18:03:47.299919,$GPGSV,10,,39
2026-06-01T18:03:47.299919,$GPGSV,18,,44
2026-06-01T18:03:47.299919,$GPGSV,23,,47
2026-06-01T18:03:47.299919,$GPGSV,24,,39
2026-06-01T18:03:47.302354,$GPGSV,25,,25
2026-06-01T18:03:47.302354,$GPGSV,28,,34
2026-06-01T18:03:47.302354,$GPGSV,32,,41
2026-06-01T18:03:47.302354,$GPGSV,41,,45
2026-06-01T18:03:47.304257,$GPGSV,42,,46
2026-06-01T18:03:47.304257,$GPGSV,50,,39
2026-06-01T18:03:47.306656,$GPGSV,10,,34
2026-06-01T18:03:47.306656,$GPGSV,12,,14
2026-06-01T18:03:47.306656,$GPGSV,18,,46
2026-06-01T18:03:47.306656,$GPGSV,23,,42
2026-06-01T18:03:47.308818,$GPGSV,24,,35
2026-06-01T18:03:47.308818,$GPGSV,25,,16
2026-06-01T18:03:47.308818,$GPGSV,28,,38
2026-06-01T18:03:47.308818,$GPGSV,32,,39
2026-06-01T18:03:47.315222,$GLGSV,65,,38
2026-06-01T18:03:47.315222,$GLGSV,72,,17
2026-06-01T18:03:47.315222,$GLGSV,74,,20
2026-06-01T18:03:47.315222,$GLGSV,75,,34
2026-06-01T18:03:47.317293,$GLGSV,86,,20
2026-06-01T18:03:47.317293,$GLGSV,87,,44
2026-06-01T18:03:47.317293,$GLGSV,88,,43
2026-06-01T18:03:47.319262,$GLGSV,72,,29
2026-06-01T18:03:47.319262,$GLGSV,75,,38
2026-06-01T18:03:47.319262,$GLGSV,86,,21
2026-06-01T18:03:47.319262,$GLGSV,88,,41
2026-06-01T18:03:47.322593,$GAGSV,03,,45
2026-06-01T18:03:47.322593,$GAGSV,08,,46
2026-06-01T18:03:47.322593,$GAGSV,15,,44
2026-06-01T18:03:47.322593,$GAGSV,32,,41
2026-06-01T18:03:47.323632,$GAGSV,34,,46
2026-06-01T18:03:47.325590,$GAGSV,03,,43
2026-06-01T18:03:47.325590,$GAGSV,08,,41
2026-06-01T18:03:47.325590,$GAGSV,15,,44
2026-06-01T18:03:47.325590,$GAGSV,32,,42
2026-06-01T18:03:47.326509,$GAGSV,34,,46
2026-06-01T18:03:47.329461,$GBGSV,06,,46
2026-06-01T18:03:47.329461,$GBGSV,07,,47
2026-06-01T18:03:47.329461,$GBGSV,09,,42
2026-06-01T18:03:47.329461,$GBGSV,10,,45
2026-06-01T18:03:47.330516,$GBGSV,13,,39
2026-06-01T18:03:47.330516,$GBGSV,25,,43
2026-06-01T18:03:47.330516,$GBGSV,28,,43
2026-06-01T18:03:47.330516,$GBGSV,33,,44
2026-06-01T18:03:47.331330,$GBGSV,09,,40
2026-06-01T18:03:47.331330,$GBGSV,10,,43
2026-06-01T18:03:48.302348,$GPGSV,10,,39
2026-06-01T18:03:48.302348,$GPGSV,18,,44
2026-06-01T18:03:48.302348,$GPGSV,23,,47
2026-06-01T18:03:48.302348,$GPGSV,24,,38
2026-06-01T18:03:48.305096,$GPGSV,25,,26
2026-06-01T18:03:48.305096,$GPGSV,28,,34
2026-06-01T18:03:48.305096,$GPGSV,32,,41
2026-06-01T18:03:48.305096,$GPGSV,41,,45
2026-06-01T18:03:48.307228,$GPGSV,42,,46
2026-06-01T18:03:48.307228,$GPGSV,50,,39
2026-06-01T18:03:48.310183,$GPGSV,10,,34
2026-06-01T18:03:48.310183,$GPGSV,12,,12
2026-06-01T18:03:48.310183,$GPGSV,18,,45
2026-06-01T18:03:48.310183,$GPGSV,23,,42
2026-06-01T18:03:48.312600,$GPGSV,24,,34
2026-06-01T18:03:48.312600,$GPGSV,25,,17
2026-06-01T18:03:48.312600,$GPGSV,28,,38
2026-06-01T18:03:48.312600,$GPGSV,32,,39
2026-06-01T18:03:48.318621,$GLGSV,65,,38
2026-06-01T18:03:48.318621,$GLGSV,72,,18
2026-06-01T18:03:48.318621,$GLGSV,74,,21
2026-06-01T18:03:48.318621,$GLGSV,75,,33
2026-06-01T18:03:48.319704,$GLGSV,86,,22
2026-06-01T18:03:48.319704,$GLGSV,87,,44
2026-06-01T18:03:48.319704,$GLGSV,88,,43
2026-06-01T18:03:48.320951,$GLGSV,72,,30
2026-06-01T18:03:48.320951,$GLGSV,75,,38
2026-06-01T18:03:48.320951,$GLGSV,86,,21
2026-06-01T18:03:48.320951,$GLGSV,88,,41
2026-06-01T18:03:48.324150,$GAGSV,03,,44
2026-06-01T18:03:48.324150,$GAGSV,08,,46
2026-06-01T18:03:48.324150,$GAGSV,15,,44
2026-06-01T18:03:48.324150,$GAGSV,32,,41
2026-06-01T18:03:48.324739,$GAGSV,34,,46
2026-06-01T18:03:48.325608,$GAGSV,03,,43
2026-06-01T18:03:48.325608,$GAGSV,08,,41
2026-06-01T18:03:48.325608,$GAGSV,15,,44
2026-06-01T18:03:48.325608,$GAGSV,32,,42
2026-06-01T18:03:48.326102,$GAGSV,34,,46
2026-06-01T18:03:48.328435,$GBGSV,06,,46
2026-06-01T18:03:48.328435,$GBGSV,07,,47
2026-06-01T18:03:48.328435,$GBGSV,09,,42
2026-06-01T18:03:48.328435,$GBGSV,10,,46
2026-06-01T18:03:48.329249,$GBGSV,13,,39
2026-06-01T18:03:48.329249,$GBGSV,25,,43
2026-06-01T18:03:48.329249,$GBGSV,28,,43
2026-06-01T18:03:48.329249,$GBGSV,33,,44
2026-06-01T18:03:48.329786,$GBGSV,09,,40
2026-06-01T18:03:48.329786,$GBGSV,10,,43
2026-06-01T18:03:49.301020,$GPGSV,10,,39
2026-06-01T18:03:49.301020,$GPGSV,18,,44
2026-06-01T18:03:49.301020,$GPGSV,23,,47
2026-06-01T18:03:49.301020,$GPGSV,24,,38
2026-06-01T18:03:49.303239,$GPGSV,25,,25
2026-06-01T18:03:49.303239,$GPGSV,28,,34
2026-06-01T18:03:49.303239,$GPGSV,32,,41
2026-06-01T18:03:49.303239,$GPGSV,41,,45
2026-06-01T18:03:49.304817,$GPGSV,42,,45
2026-06-01T18:03:49.304817,$GPGSV,50,,39
2026-06-01T18:03:49.307041,$GPGSV,10,,33
2026-06-01T18:03:49.307041,$GPGSV,12,,11
2026-06-01T18:03:49.307041,$GPGSV,18,,45
2026-06-01T18:03:49.307041,$GPGSV,23,,41
2026-06-01T18:03:49.309238,$GPGSV,24,,34
2026-06-01T18:03:49.309238,$GPGSV,25,,17
2026-06-01T18:03:49.309238,$GPGSV,28,,37
2026-06-01T18:03:49.309238,$GPGSV,32,,38
2026-06-01T18:03:49.314485,$GLGSV,65,,37
2026-06-01T18:03:49.314485,$GLGSV,72,,20
2026-06-01T18:03:49.314485,$GLGSV,74,,22
2026-06-01T18:03:49.314485,$GLGSV,75,,34
2026-06-01T18:03:49.315871,$GLGSV,86,,22
2026-06-01T18:03:49.315871,$GLGSV,87,,44
2026-06-01T18:03:49.315871,$GLGSV,88,,44
2026-06-01T18:03:49.318465,$GLGSV,72,,30
2026-06-01T18:03:49.318465,$GLGSV,75,,38
2026-06-01T18:03:49.318465,$GLGSV,86,,21
2026-06-01T18:03:49.318465,$GLGSV,88,,41
2026-06-01T18:03:49.320523,$GAGSV,03,,44
2026-06-01T18:03:49.320523,$GAGSV,08,,46
2026-06-01T18:03:49.320523,$GAGSV,15,,44
2026-06-01T18:03:49.320523,$GAGSV,32,,41
2026-06-01T18:03:49.321235,$GAGSV,34,,46
2026-06-01T18:03:49.322437,$GAGSV,03,,43
2026-06-01T18:03:49.322437,$GAGSV,08,,41
2026-06-01T18:03:49.322437,$GAGSV,15,,44
2026-06-01T18:03:49.322437,$GAGSV,32,,42
2026-06-01T18:03:49.324081,$GAGSV,34,,46
2026-06-01T18:03:49.326787,$GBGSV,06,,46
2026-06-01T18:03:49.326787,$GBGSV,07,,47
2026-06-01T18:03:49.326787,$GBGSV,09,,43
2026-06-01T18:03:49.326787,$GBGSV,10,,46
2026-06-01T18:03:49.327627,$GBGSV,13,,39
2026-06-01T18:03:49.327627,$GBGSV,25,,42
2026-06-01T18:03:49.327627,$GBGSV,28,,43
2026-06-01T18:03:49.327627,$GBGSV,33,,44
2026-06-01T18:03:49.328120,$GBGSV,09,,40
2026-06-01T18:03:49.328120,$GBGSV,10,,43
2026-06-01T18:03:50.306045,$GPGSV,10,,36
2026-06-01T18:03:50.306045,$GPGSV,18,,43
2026-06-01T18:03:50.306045,$GPGSV,23,,46
2026-06-01T18:03:50.306045,$GPGSV,24,,38
2026-06-01T18:03:50.308288,$GPGSV,25,,26
2026-06-01T18:03:50.308288,$GPGSV,28,,34
2026-06-01T18:03:50.308288,$GPGSV,32,,39
2026-06-01T18:03:50.308288,$GPGSV,41,,45
2026-06-01T18:03:50.309995,$GPGSV,42,,45
2026-06-01T18:03:50.309995,$GPGSV,50,,37
2026-06-01T18:03:50.312238,$GPGSV,10,,33
2026-06-01T18:03:50.312238,$GPGSV,12,,08
2026-06-01T18:03:50.312238,$GPGSV,18,,44
2026-06-01T18:03:50.312238,$GPGSV,23,,39
2026-06-01T18:03:50.316046,$GPGSV,24,,33
2026-06-01T18:03:50.316046,$GPGSV,25,,17
2026-06-01T18:03:50.316046,$GPGSV,28,,37
2026-06-01T18:03:50.316046,$GPGSV,32,,37
2026-06-01T18:03:50.319721,$GLGSV,65,,37
2026-06-01T18:03:50.319721,$GLGSV,72,,20
2026-06-01T18:03:50.319721,$GLGSV,74,,23
2026-06-01T18:03:50.319721,$GLGSV,75,,34
2026-06-01T18:03:50.320660,$GLGSV,86,,22
2026-06-01T18:03:50.320660,$GLGSV,87,,43
2026-06-01T18:03:50.320660,$GLGSV,88,,43
2026-06-01T18:03:50.321766,$GLGSV,72,,29
2026-06-01T18:03:50.321766,$GLGSV,75,,38
2026-06-01T18:03:50.321766,$GLGSV,86,,21
2026-06-01T18:03:50.321766,$GLGSV,88,,41
2026-06-01T18:03:50.323423,$GAGSV,03,,44
2026-06-01T18:03:50.323423,$GAGSV,08,,45
2026-06-01T18:03:50.323423,$GAGSV,15,,44
2026-06-01T18:03:50.323423,$GAGSV,32,,41
2026-06-01T18:03:50.324570,$GAGSV,34,,46
2026-06-01T18:03:50.325795,$GAGSV,03,,42
2026-06-01T18:03:50.325795,$GAGSV,08,,39
2026-06-01T18:03:50.325795,$GAGSV,15,,43
2026-06-01T18:03:50.325795,$GAGSV,32,,42
2026-06-01T18:03:50.326272,$GAGSV,34,,45
2026-06-01T18:03:50.328313,$GBGSV,06,,45
2026-06-01T18:03:50.328313,$GBGSV,07,,45
2026-06-01T18:03:50.328313,$GBGSV,09,,41
2026-06-01T18:03:50.328313,$GBGSV,10,,45
2026-06-01T18:03:50.328998,$GBGSV,13,,39
2026-06-01T18:03:50.328998,$GBGSV,25,,42
2026-06-01T18:03:50.328998,$GBGSV,28,,42
2026-06-01T18:03:50.328998,$GBGSV,33,,43
2026-06-01T18:03:50.329852,$GBGSV,09,,40
2026-06-01T18:03:50.329852,$GBGSV,10,,43
2026-06-01T18:03:51.302134,$GPGSV,10,,36
2026-06-01T18:03:51.302134,$GPGSV,18,,42
2026-06-01T18:03:51.302134,$GPGSV,23,,45
2026-06-01T18:03:51.302134,$GPGSV,24,,37
2026-06-01T18:03:51.305261,$GPGSV,25,,26
2026-06-01T18:03:51.305261,$GPGSV,28,,33
2026-06-01T18:03:51.305261,$GPGSV,32,,38
2026-06-01T18:03:51.305261,$GPGSV,41,,44
2026-06-01T18:03:51.306731,$GPGSV,42,,44
2026-06-01T18:03:51.306731,$GPGSV,50,,37
2026-06-01T18:03:51.308638,$GPGSV,10,,32
2026-06-01T18:03:51.308638,$GPGSV,12,,08
2026-06-01T18:03:51.308638,$GPGSV,18,,42
2026-06-01T18:03:51.308638,$GPGSV,23,,38
2026-06-01T18:03:51.310657,$GPGSV,24,,32
2026-06-01T18:03:51.310657,$GPGSV,25,,16
2026-06-01T18:03:51.310657,$GPGSV,28,,35
2026-06-01T18:03:51.310657,$GPGSV,32,,36
2026-06-01T18:03:51.316570,$GLGSV,65,,34
2026-06-01T18:03:51.316570,$GLGSV,72,,19
2026-06-01T18:03:51.316570,$GLGSV,74,,22
2026-06-01T18:03:51.316570,$GLGSV,75,,34
2026-06-01T18:03:51.318109,$GLGSV,86,,20
2026-06-01T18:03:51.318109,$GLGSV,87,,41
2026-06-01T18:03:51.318109,$GLGSV,88,,41
2026-06-01T18:03:51.319504,$GLGSV,72,,28
2026-06-01T18:03:51.319504,$GLGSV,75,,36
2026-06-01T18:03:51.319504,$GLGSV,86,,20
2026-06-01T18:03:51.319504,$GLGSV,88,,39
2026-06-01T18:03:51.322647,$GAGSV,03,,43
2026-06-01T18:03:51.322647,$GAGSV,08,,44
2026-06-01T18:03:51.322647,$GAGSV,15,,43
2026-06-01T18:03:51.322647,$GAGSV,32,,40
2026-06-01T18:03:51.324096,$GAGSV,34,,45
2026-06-01T18:03:51.325420,$GAGSV,03,,41
2026-06-01T18:03:51.325420,$GAGSV,08,,39
2026-06-01T18:03:51.325420,$GAGSV,15,,42
2026-06-01T18:03:51.325420,$GAGSV,32,,40
2026-06-01T18:03:51.325990,$GAGSV,34,,44
2026-06-01T18:03:51.328510,$GBGSV,06,,43
2026-06-01T18:03:51.328510,$GBGSV,07,,43
2026-06-01T18:03:51.328510,$GBGSV,09,,40
2026-06-01T18:03:51.328510,$GBGSV,10,,43
2026-06-01T18:03:51.329393,$GBGSV,13,,37
2026-06-01T18:03:51.329393,$GBGSV,25,,40
2026-06-01T18:03:51.329393,$GBGSV,28,,41
2026-06-01T18:03:51.329393,$GBGSV,33,,41
2026-06-01T18:03:51.329961,$GBGSV,09,,40
2026-06-01T18:03:51.329961,$GBGSV,10,,43
2026-06-01T18:03:52.300589,$GPGSV,10,,33
2026-06-01T18:03:52.300589,$GPGSV,12,,21
2026-06-01T18:03:52.300589,$GPGSV,18,,38
2026-06-01T18:03:52.300589,$GPGSV,23,,40
2026-06-01T18:03:52.303805,$GPGSV,24,,33
2026-06-01T18:03:52.303805,$GPGSV,25,,23
2026-06-01T18:03:52.303805,$GPGSV,28,,29
2026-06-01T18:03:52.303805,$GPGSV,32,,34
2026-06-01T18:03:52.305699,$GPGSV,41,,40
2026-06-01T18:03:52.305699,$GPGSV,42,,40
2026-06-01T18:03:52.305699,$GPGSV,50,,33
2026-06-01T18:03:52.307647,$GPGSV,10,,30
2026-06-01T18:03:52.307647,$GPGSV,12,,08
2026-06-01T18:03:52.307647,$GPGSV,18,,39
2026-06-01T18:03:52.307647,$GPGSV,23,,35
2026-06-01T18:03:52.309921,$GPGSV,24,,29
2026-06-01T18:03:52.309921,$GPGSV,25,,14
2026-06-01T18:03:52.309921,$GPGSV,28,,31
2026-06-01T18:03:52.309921,$GPGSV,32,,32
2026-06-01T18:03:52.314907,$GLGSV,65,,30
2026-06-01T18:03:52.314907,$GLGSV,72,,18
2026-06-01T18:03:52.314907,$GLGSV,74,,20
2026-06-01T18:03:52.314907,$GLGSV,75,,29
2026-06-01T18:03:52.316185,$GLGSV,86,,19
2026-06-01T18:03:52.316185,$GLGSV,87,,37
2026-06-01T18:03:52.316185,$GLGSV,88,,38
2026-06-01T18:03:52.318285,$GLGSV,72,,26
2026-06-01T18:03:52.318285,$GLGSV,75,,33
2026-06-01T18:03:52.318285,$GLGSV,86,,18
2026-06-01T18:03:52.318285,$GLGSV,88,,36
2026-06-01T18:03:52.320034,$GAGSV,03,,39
2026-06-01T18:03:52.320034,$GAGSV,08,,40
2026-06-01T18:03:52.320034,$GAGSV,15,,39
2026-06-01T18:03:52.320034,$GAGSV,32,,35
2026-06-01T18:03:52.320606,$GAGSV,34,,41
2026-06-01T18:03:52.322322,$GAGSV,03,,38
2026-06-01T18:03:52.322322,$GAGSV,08,,34
2026-06-01T18:03:52.322322,$GAGSV,15,,39
2026-06-01T18:03:52.322322,$GAGSV,32,,36
2026-06-01T18:03:52.323061,$GAGSV,34,,40
2026-06-01T18:03:52.325665,$GBGSV,06,,41
2026-06-01T18:03:52.325665,$GBGSV,07,,42
2026-06-01T18:03:52.325665,$GBGSV,09,,37
2026-06-01T18:03:52.325665,$GBGSV,10,,41
2026-06-01T18:03:52.326459,$GBGSV,13,,35
2026-06-01T18:03:52.326459,$GBGSV,25,,37
2026-06-01T18:03:52.326459,$GBGSV,28,,38
2026-06-01T18:03:52.326459,$GBGSV,33,,39
2026-06-01T18:03:52.327018,$GBGSV,09,,35
2026-06-01T18:03:52.327018,$GBGSV,10,,38
2026-06-01T18:03:53.298536,$GPGSV,10,,33
2026-06-01T18:03:53.298536,$GPGSV,12,,18
2026-06-01T18:03:53.298536,$GPGSV,18,,39
2026-06-01T18:03:53.298536,$GPGSV,23,,41
2026-06-01T18:03:53.302487,$GPGSV,24,,33
2026-06-01T18:03:53.302487,$GPGSV,25,,22
2026-06-01T18:03:53.302487,$GPGSV,28,,29
2026-06-01T18:03:53.302487,$GPGSV,32,,35
2026-06-01T18:03:53.306082,$GPGSV,41,,40
2026-06-01T18:03:53.306082,$GPGSV,42,,40
2026-06-01T18:03:53.306082,$GPGSV,50,,34
2026-06-01T18:03:53.309539,$GPGSV,10,,29
2026-06-01T18:03:53.309539,$GPGSV,12,,08
2026-06-01T18:03:53.309539,$GPGSV,18,,38
2026-06-01T18:03:53.309539,$GPGSV,23,,35
2026-06-01T18:03:53.312367,$GPGSV,24,,28
2026-06-01T18:03:53.312367,$GPGSV,25,,10
2026-06-01T18:03:53.312367,$GPGSV,28,,30
2026-06-01T18:03:53.312367,$GPGSV,32,,31
2026-06-01T18:03:53.317356,$GLGSV,65,,29
2026-06-01T18:03:53.317356,$GLGSV,72,,18
2026-06-01T18:03:53.317356,$GLGSV,74,,18
2026-06-01T18:03:53.317356,$GLGSV,75,,29
2026-06-01T18:03:53.318650,$GLGSV,86,,17
2026-06-01T18:03:53.318650,$GLGSV,87,,37
2026-06-01T18:03:53.318650,$GLGSV,88,,37
2026-06-01T18:03:53.320187,$GLGSV,72,,25
2026-06-01T18:03:53.320187,$GLGSV,75,,33
2026-06-01T18:03:53.320187,$GLGSV,86,,17
2026-06-01T18:03:53.320187,$GLGSV,88,,36
2026-06-01T18:03:53.323118,$GAGSV,03,,39
2026-06-01T18:03:53.323118,$GAGSV,08,,40
2026-06-01T18:03:53.323118,$GAGSV,15,,39
2026-06-01T18:03:53.323118,$GAGSV,32,,35
2026-06-01T18:03:53.324227,$GAGSV,34,,40
2026-06-01T18:03:53.325656,$GAGSV,03,,38
2026-06-01T18:03:53.325656,$GAGSV,08,,35
2026-06-01T18:03:53.325656,$GAGSV,15,,39
2026-06-01T18:03:53.325656,$GAGSV,32,,37
2026-06-01T18:03:53.326066,$GAGSV,34,,41
2026-06-01T18:03:53.328780,$GBGSV,06,,41
2026-06-01T18:03:53.328780,$GBGSV,07,,42
2026-06-01T18:03:53.328780,$GBGSV,09,,38
2026-06-01T18:03:53.328780,$GBGSV,10,,41
2026-06-01T18:03:53.329577,$GBGSV,13,,35
2026-06-01T18:03:53.329577,$GBGSV,25,,37
2026-06-01T18:03:53.329577,$GBGSV,28,,38
2026-06-01T18:03:53.329577,$GBGSV,33,,39
2026-06-01T18:03:53.330152,$GBGSV,06,,18
2026-06-01T18:03:53.330152,$GBGSV,09,,35
2026-06-01T18:03:53.330152,$GBGSV,10,,38
2026-06-01T18:03:54.294502,$GPGSV,10,,33
2026-06-01T18:03:54.294502,$GPGSV,12,,17
2026-06-01T18:03:54.294502,$GPGSV,18,,38
2026-06-01T18:03:54.294502,$GPGSV,23,,40
2026-06-01T18:03:54.298176,$GPGSV,24,,33
2026-06-01T18:03:54.298176,$GPGSV,25,,21
2026-06-01T18:03:54.298176,$GPGSV,28,,30
2026-06-01T18:03:54.298176,$GPGSV,32,,35
2026-06-01T18:03:54.301652,$GPGSV,41,,39
2026-06-01T18:03:54.301652,$GPGSV,42,,40
2026-06-01T18:03:54.301652,$GPGSV,50,,34
2026-06-01T18:03:54.305717,$GPGSV,10,,28
2026-06-01T18:03:54.305717,$GPGSV,18,,38
2026-06-01T18:03:54.305717,$GPGSV,23,,34
2026-06-01T18:03:54.305717,$GPGSV,24,,28
2026-06-01T18:03:54.308478,$GPGSV,28,,30
2026-06-01T18:03:54.308478,$GPGSV,32,,30
2026-06-01T18:03:54.315460,$GLGSV,65,,29
2026-06-01T18:03:54.315460,$GLGSV,72,,18
2026-06-01T18:03:54.315460,$GLGSV,74,,15
2026-06-01T18:03:54.315460,$GLGSV,75,,29
2026-06-01T18:03:54.316881,$GLGSV,86,,15
2026-06-01T18:03:54.316881,$GLGSV,87,,36
2026-06-01T18:03:54.316881,$GLGSV,88,,36
2026-06-01T18:03:54.317981,$GLGSV,72,,23
2026-06-01T18:03:54.317981,$GLGSV,75,,33
2026-06-01T18:03:54.317981,$GLGSV,86,,14
2026-06-01T18:03:54.317981,$GLGSV,88,,34
2026-06-01T18:03:54.319773,$GAGSV,03,,38
2026-06-01T18:03:54.319773,$GAGSV,08,,39
2026-06-01T18:03:54.319773,$GAGSV,15,,38
2026-06-01T18:03:54.319773,$GAGSV,32,,35
2026-06-01T18:03:54.320386,$GAGSV,34,,39
2026-06-01T18:03:54.322168,$GAGSV,03,,37
2026-06-01T18:03:54.322168,$GAGSV,08,,35
2026-06-01T18:03:54.322168,$GAGSV,15,,38
2026-06-01T18:03:54.322168,$GAGSV,32,,36
2026-06-01T18:03:54.323298,$GAGSV,34,,40
2026-06-01T18:03:54.326167,$GBGSV,06,,41
2026-06-01T18:03:54.326167,$GBGSV,07,,42
2026-06-01T18:03:54.326167,$GBGSV,09,,37
2026-06-01T18:03:54.326167,$GBGSV,10,,41
2026-06-01T18:03:54.326924,$GBGSV,13,,35
2026-06-01T18:03:54.326924,$GBGSV,25,,36
2026-06-01T18:03:54.326924,$GBGSV,28,,38
2026-06-01T18:03:54.326924,$GBGSV,33,,39
2026-06-01T18:03:54.327526,$GBGSV,06,,14
2026-06-01T18:03:54.327526,$GBGSV,09,,34
2026-06-01T18:03:54.327526,$GBGSV,10,,37
2026-06-01T18:03:55.298956,$GPGSV,10,,33
2026-06-01T18:03:55.298956,$GPGSV,18,,39
2026-06-01T18:03:55.298956,$GPGSV,23,,41
2026-06-01T18:03:55.298956,$GPGSV,24,,33
2026-06-01T18:03:55.301411,$GPGSV,25,,21
2026-06-01T18:03:55.301411,$GPGSV,28,,30
2026-06-01T18:03:55.301411,$GPGSV,32,,35
2026-06-01T18:03:55.301411,$GPGSV,41,,41
2026-06-01T18:03:55.303000,$GPGSV,42,,41
2026-06-01T18:03:55.303000,$GPGSV,50,,35
2026-06-01T18:03:55.305234,$GPGSV,10,,27
2026-06-01T18:03:55.305234,$GPGSV,18,,38
2026-06-01T18:03:55.305234,$GPGSV,23,,35
2026-06-01T18:03:55.305234,$GPGSV,24,,28
2026-06-01T18:03:55.306941,$GPGSV,28,,30
2026-06-01T18:03:55.306941,$GPGSV,32,,30
2026-06-01T18:03:55.313726,$GLGSV,65,,29
2026-06-01T18:03:55.313726,$GLGSV,72,,18
2026-06-01T18:03:55.313726,$GLGSV,74,,15
2026-06-01T18:03:55.313726,$GLGSV,75,,28
2026-06-01T18:03:55.315531,$GLGSV,86,,15
2026-06-01T18:03:55.315531,$GLGSV,87,,36
2026-06-01T18:03:55.315531,$GLGSV,88,,36
2026-06-01T18:03:55.318359,$GLGSV,72,,21
2026-06-01T18:03:55.318359,$GLGSV,75,,34
2026-06-01T18:03:55.318359,$GLGSV,86,,14
2026-06-01T18:03:55.318359,$GLGSV,88,,35
2026-06-01T18:03:55.320317,$GAGSV,03,,38
2026-06-01T18:03:55.320317,$GAGSV,08,,40
2026-06-01T18:03:55.320317,$GAGSV,15,,38
2026-06-01T18:03:55.320317,$GAGSV,32,,35
2026-06-01T18:03:55.320927,$GAGSV,34,,40
2026-06-01T18:03:55.322099,$GAGSV,03,,38
2026-06-01T18:03:55.322099,$GAGSV,08,,35
2026-06-01T18:03:55.322099,$GAGSV,15,,39
2026-06-01T18:03:55.322099,$GAGSV,32,,37
2026-06-01T18:03:55.323519,$GAGSV,34,,41
2026-06-01T18:03:55.326293,$GBGSV,06,,41
2026-06-01T18:03:55.326293,$GBGSV,07,,42
2026-06-01T18:03:55.326293,$GBGSV,09,,38
2026-06-01T18:03:55.326293,$GBGSV,10,,41
2026-06-01T18:03:55.327132,$GBGSV,13,,36
2026-06-01T18:03:55.327132,$GBGSV,25,,37
2026-06-01T18:03:55.327132,$GBGSV,28,,38
2026-06-01T18:03:55.327132,$GBGSV,33,,39
2026-06-01T18:03:55.327836,$GBGSV,06,,09
2026-06-01T18:03:55.327836,$GBGSV,09,,34
2026-06-01T18:03:55.327836,$GBGSV,10,,37
2026-06-01T18:03:56.299520,$GPGSV,10,,34
2026-06-01T18:03:56.299520,$GPGSV,18,,39
2026-06-01T18:03:56.299520,$GPGSV,23,,41
2026-06-01T18:03:56.299520,$GPGSV,24,,33
2026-06-01T18:03:56.302046,$GPGSV,25,,21
2026-06-01T18:03:56.302046,$GPGSV,28,,30
2026-06-01T18:03:56.302046,$GPGSV,32,,35
2026-06-01T18:03:56.302046,$GPGSV,41,,40
2026-06-01T18:03:56.303630,$GPGSV,42,,41
2026-06-01T18:03:56.303630,$GPGSV,50,,34
2026-06-01T18:03:56.305820,$GPGSV,10,,27
2026-06-01T18:03:56.305820,$GPGSV,18,,38
2026-06-01T18:03:56.305820,$GPGSV,23,,35
2026-06-01T18:03:56.305820,$GPGSV,24,,28
2026-06-01T18:03:56.307457,$GPGSV,28,,30
2026-06-01T18:03:56.307457,$GPGSV,32,,30
2026-06-01T18:03:56.314245,$GLGSV,65,,29
2026-06-01T18:03:56.314245,$GLGSV,72,,17
2026-06-01T18:03:56.314245,$GLGSV,74,,15
2026-06-01T18:03:56.314245,$GLGSV,75,,28
2026-06-01T18:03:56.316395,$GLGSV,86,,14
2026-06-01T18:03:56.316395,$GLGSV,87,,36
2026-06-01T18:03:56.316395,$GLGSV,88,,35
2026-06-01T18:03:56.318719,$GLGSV,72,,20
2026-06-01T18:03:56.318719,$GLGSV,75,,34
2026-06-01T18:03:56.318719,$GLGSV,86,,12
2026-06-01T18:03:56.318719,$GLGSV,88,,37
2026-06-01T18:03:56.320506,$GAGSV,03,,38
2026-06-01T18:03:56.320506,$GAGSV,08,,39
2026-06-01T18:03:56.320506,$GAGSV,15,,38
2026-06-01T18:03:56.320506,$GAGSV,32,,35
2026-06-01T18:03:56.321148,$GAGSV,34,,40
2026-06-01T18:03:56.323268,$GAGSV,03,,38
2026-06-01T18:03:56.323268,$GAGSV,08,,36
2026-06-01T18:03:56.323268,$GAGSV,15,,39
2026-06-01T18:03:56.323268,$GAGSV,32,,37
2026-06-01T18:03:56.323932,$GAGSV,34,,41
2026-06-01T18:03:56.326424,$GBGSV,06,,41
2026-06-01T18:03:56.326424,$GBGSV,07,,42
2026-06-01T18:03:56.326424,$GBGSV,09,,38
2026-06-01T18:03:56.326424,$GBGSV,10,,41
2026-06-01T18:03:56.327489,$GBGSV,13,,36
2026-06-01T18:03:56.327489,$GBGSV,25,,37
2026-06-01T18:03:56.327489,$GBGSV,28,,38
2026-06-01T18:03:56.327489,$GBGSV,33,,39
2026-06-01T18:03:56.328288,$GBGSV,06,,08
2026-06-01T18:03:56.328288,$GBGSV,09,,34
2026-06-01T18:03:56.328288,$GBGSV,10,,37
2026-06-01T18:03:57.297671,$GPGSV,10,,34
2026-06-01T18:03:57.297671,$GPGSV,18,,39
2026-06-01T18:03:57.297671,$GPGSV,23,,41
2026-06-01T18:03:57.297671,$GPGSV,24,,32
2026-06-01T18:03:57.299893,$GPGSV,25,,20
2026-06-01T18:03:57.299893,$GPGSV,28,,30
2026-06-01T18:03:57.299893,$GPGSV,32,,35
2026-06-01T18:03:57.299893,$GPGSV,41,,40
2026-06-01T18:03:57.301533,$GPGSV,42,,41
2026-06-01T18:03:57.301533,$GPGSV,50,,35
2026-06-01T18:03:57.303708,$GPGSV,10,,28
2026-06-01T18:03:57.303708,$GPGSV,18,,39
2026-06-01T18:03:57.303708,$GPGSV,23,,36
2026-06-01T18:03:57.303708,$GPGSV,24,,28
2026-06-01T18:03:57.305287,$GPGSV,28,,31
2026-06-01T18:03:57.305287,$GPGSV,32,,31
2026-06-01T18:03:57.310278,$GLGSV,65,,29
2026-06-01T18:03:57.310278,$GLGSV,72,,18
2026-06-01T18:03:57.310278,$GLGSV,74,,15
2026-06-01T18:03:57.310278,$GLGSV,75,,27
2026-06-01T18:03:57.311621,$GLGSV,86,,14
2026-06-01T18:03:57.311621,$GLGSV,87,,36
2026-06-01T18:03:57.311621,$GLGSV,88,,35
2026-06-01T18:03:57.313328,$GLGSV,72,,18
2026-06-01T18:03:57.313328,$GLGSV,75,,34
2026-06-01T18:03:57.313328,$GLGSV,86,,11
2026-06-01T18:03:57.313328,$GLGSV,88,,37
2026-06-01T18:03:57.316324,$GAGSV,03,,38
2026-06-01T18:03:57.316324,$GAGSV,08,,39
2026-06-01T18:03:57.316324,$GAGSV,15,,38
2026-06-01T18:03:57.316324,$GAGSV,32,,35
2026-06-01T18:03:57.317577,$GAGSV,34,,39
2026-06-01T18:03:57.318689,$GAGSV,03,,38
2026-06-01T18:03:57.318689,$GAGSV,08,,36
2026-06-01T18:03:57.318689,$GAGSV,15,,39
2026-06-01T18:03:57.318689,$GAGSV,32,,36
2026-06-01T18:03:57.319214,$GAGSV,34,,41
2026-06-01T18:03:57.322534,$GBGSV,06,,41
2026-06-01T18:03:57.322534,$GBGSV,07,,42
2026-06-01T18:03:57.322534,$GBGSV,09,,38
2026-06-01T18:03:57.322534,$GBGSV,10,,41
2026-06-01T18:03:57.323690,$GBGSV,13,,35
2026-06-01T18:03:57.323690,$GBGSV,25,,37
2026-06-01T18:03:57.323690,$GBGSV,28,,39
2026-06-01T18:03:57.323690,$GBGSV,33,,39
2026-06-01T18:03:57.324386,$GBGSV,06,,08
2026-06-01T18:03:57.324386,$GBGSV,09,,34
2026-06-01T18:03:57.324386,$GBGSV,10,,37
2026-06-01T18:03:58.298704,$GPGSV,10,,34
2026-06-01T18:03:58.298704,$GPGSV,18,,39
2026-06-01T18:03:58.298704,$GPGSV,23,,41
2026-06-01T18:03:58.298704,$GPGSV,24,,32
2026-06-01T18:03:58.302805,$GPGSV,25,,20
2026-06-01T18:03:58.302805,$GPGSV,28,,31
2026-06-01T18:03:58.302805,$GPGSV,32,,35
2026-06-01T18:03:58.302805,$GPGSV,41,,41
2026-06-01T18:03:58.304435,$GPGSV,42,,41
2026-06-01T18:03:58.304435,$GPGSV,50,,34
2026-06-01T18:03:58.306817,$GPGSV,10,,28
2026-06-01T18:03:58.306817,$GPGSV,18,,39
2026-06-01T18:03:58.306817,$GPGSV,23,,36
2026-06-01T18:03:58.306817,$GPGSV,24,,28
2026-06-01T18:03:58.308413,$GPGSV,28,,31
2026-06-01T18:03:58.308413,$GPGSV,32,,30
2026-06-01T18:03:58.314075,$GLGSV,65,,29
2026-06-01T18:03:58.314075,$GLGSV,72,,18
2026-06-01T18:03:58.314075,$GLGSV,74,,15
2026-06-01T18:03:58.314075,$GLGSV,75,,26
2026-06-01T18:03:58.315354,$GLGSV,86,,12
2026-06-01T18:03:58.315354,$GLGSV,87,,36
2026-06-01T18:03:58.315354,$GLGSV,88,,35
2026-06-01T18:03:58.316819,$GLGSV,72,,16
2026-06-01T18:03:58.316819,$GLGSV,75,,34
2026-06-01T18:03:58.316819,$GLGSV,86,,11
2026-06-01T18:03:58.316819,$GLGSV,88,,37
2026-06-01T18:03:58.318973,$GAGSV,03,,38
2026-06-01T18:03:58.318973,$GAGSV,08,,39
2026-06-01T18:03:58.318973,$GAGSV,15,,38
2026-06-01T18:03:58.318973,$GAGSV,32,,34
2026-06-01T18:03:58.319583,$GAGSV,34,,39
2026-06-01T18:03:58.320613,$GAGSV,03,,38
2026-06-01T18:03:58.320613,$GAGSV,08,,36
2026-06-01T18:03:58.320613,$GAGSV,15,,39
2026-06-01T18:03:58.320613,$GAGSV,32,,36
2026-06-01T18:03:58.321469,$GAGSV,34,,41
2026-06-01T18:03:58.324130,$GBGSV,06,,41
2026-06-01T18:03:58.324130,$GBGSV,07,,42
2026-06-01T18:03:58.324130,$GBGSV,09,,38
2026-06-01T18:03:58.324130,$GBGSV,10,,41
2026-06-01T18:03:58.325016,$GBGSV,13,,35
2026-06-01T18:03:58.325016,$GBGSV,25,,37
2026-06-01T18:03:58.325016,$GBGSV,28,,39
2026-06-01T18:03:58.325016,$GBGSV,33,,39
2026-06-01T18:03:58.325789,$GBGSV,06,,07
2026-06-01T18:03:58.325789,$GBGSV,09,,33
2026-06-01T18:03:58.325789,$GBGSV,10,,37
2026-06-01T18:03:59.292286,$GPGSV,10,,34
2026-06-01T18:03:59.292286,$GPGSV,18,,39
2026-06-01T18:03:59.292286,$GPGSV,23,,40
2026-06-01T18:03:59.292286,$GPGSV,24,,31
2026-06-01T18:03:59.293138,$GPGSV,25,,19
2026-06-01T18:03:59.293138,$GPGSV,28,,31
2026-06-01T18:03:59.293138,$GPGSV,32,,34
2026-06-01T18:03:59.293138,$GPGSV,41,,41
2026-06-01T18:03:59.293762,$GPGSV,42,,41
2026-06-01T18:03:59.293762,$GPGSV,50,,34
2026-06-01T18:03:59.294551,$GPGSV,10,,28
2026-06-01T18:03:59.294551,$GPGSV,18,,39
2026-06-01T18:03:59.294551,$GPGSV,23,,36
2026-06-01T18:03:59.294551,$GPGSV,24,,28
2026-06-01T18:03:59.295116,$GPGSV,28,,31
2026-06-01T18:03:59.295116,$GPGSV,32,,31
2026-06-01T18:03:59.297221,$GLGSV,65,,29
2026-06-01T18:03:59.297221,$GLGSV,72,,18
2026-06-01T18:03:59.297221,$GLGSV,74,,15
2026-06-01T18:03:59.297221,$GLGSV,75,,25
2026-06-01T18:03:59.297899,$GLGSV,86,,12
2026-06-01T18:03:59.297899,$GLGSV,87,,36
2026-06-01T18:03:59.297899,$GLGSV,88,,35
2026-06-01T18:03:59.298685,$GLGSV,72,,16
2026-06-01T18:03:59.298685,$GLGSV,75,,33
2026-06-01T18:03:59.298685,$GLGSV,86,,12
2026-06-01T18:03:59.298685,$GLGSV,88,,38
2026-06-01T18:03:59.299987,$GAGSV,03,,38
2026-06-01T18:03:59.299987,$GAGSV,08,,39
2026-06-01T18:03:59.299987,$GAGSV,15,,38
2026-06-01T18:03:59.299987,$GAGSV,32,,34
2026-06-01T18:03:59.300471,$GAGSV,34,,39
2026-06-01T18:03:59.301635,$GAGSV,03,,38
2026-06-01T18:03:59.301635,$GAGSV,08,,36
2026-06-01T18:03:59.301635,$GAGSV,15,,39
2026-06-01T18:03:59.301635,$GAGSV,32,,36
2026-06-01T18:03:59.302098,$GAGSV,34,,41
2026-06-01T18:03:59.304182,$GBGSV,06,,41
2026-06-01T18:03:59.304182,$GBGSV,07,,42
2026-06-01T18:03:59.304182,$GBGSV,09,,38
2026-06-01T18:03:59.304182,$GBGSV,10,,41
2026-06-01T18:03:59.304995,$GBGSV,13,,35
2026-06-01T18:03:59.304995,$GBGSV,25,,37
2026-06-01T18:03:59.304995,$GBGSV,28,,39
2026-06-01T18:03:59.304995,$GBGSV,33,,39
2026-06-01T18:03:59.306425,$GBGSV,06,,08
2026-06-01T18:03:59.306425,$GBGSV,09,,34
2026-06-01T18:03:59.306425,$GBGSV,10,,37
2026-06-01T18:04:00.287311,$GPGSV,10,,34
2026-06-01T18:04:00.287311,$GPGSV,18,,39
2026-06-01T18:04:00.287311,$GPGSV,23,,40
2026-06-01T18:04:00.287311,$GPGSV,24,,32
2026-06-01T18:04:00.288357,$GPGSV,25,,19
2026-06-01T18:04:00.288357,$GPGSV,28,,31
2026-06-01T18:04:00.288357,$GPGSV,32,,35
2026-06-01T18:04:00.288357,$GPGSV,41,,41
2026-06-01T18:04:00.289625,$GPGSV,42,,41
2026-06-01T18:04:00.289625,$GPGSV,50,,35
2026-06-01T18:04:00.290725,$GPGSV,10,,28
2026-06-01T18:04:00.290725,$GPGSV,18,,39
2026-06-01T18:04:00.290725,$GPGSV,23,,36
2026-06-01T18:04:00.290725,$GPGSV,24,,29
2026-06-01T18:04:00.291258,$GPGSV,28,,31
2026-06-01T18:04:00.291258,$GPGSV,32,,31
2026-06-01T18:04:00.293105,$GLGSV,65,,29
2026-06-01T18:04:00.293105,$GLGSV,72,,16
2026-06-01T18:04:00.293105,$GLGSV,74,,15
2026-06-01T18:04:00.293105,$GLGSV,75,,25
2026-06-01T18:04:00.293700,$GLGSV,86,,10
2026-06-01T18:04:00.293700,$GLGSV,87,,36
2026-06-01T18:04:00.293700,$GLGSV,88,,36
2026-06-01T18:04:00.294387,$GLGSV,72,,17
2026-06-01T18:04:00.294387,$GLGSV,75,,33
2026-06-01T18:04:00.294387,$GLGSV,86,,10
2026-06-01T18:04:00.294387,$GLGSV,88,,38
2026-06-01T18:04:00.295607,$GAGSV,03,,38
2026-06-01T18:04:00.295607,$GAGSV,08,,39
2026-06-01T18:04:00.295607,$GAGSV,15,,38
2026-06-01T18:04:00.295607,$GAGSV,32,,34
2026-06-01T18:04:00.296000,$GAGSV,34,,39
2026-06-01T18:04:00.296683,$GAGSV,03,,38
2026-06-01T18:04:00.296683,$GAGSV,08,,35
2026-06-01T18:04:00.296683,$GAGSV,15,,39
2026-06-01T18:04:00.296683,$GAGSV,32,,36
2026-06-01T18:04:00.297105,$GAGSV,34,,41
2026-06-01T18:04:00.299182,$GBGSV,06,,41
2026-06-01T18:04:00.299182,$GBGSV,07,,42
2026-06-01T18:04:00.299182,$GBGSV,09,,38
2026-06-01T18:04:00.299182,$GBGSV,10,,41
2026-06-01T18:04:00.300042,$GBGSV,13,,35
2026-06-01T18:04:00.300042,$GBGSV,25,,37
2026-06-01T18:04:00.300042,$GBGSV,28,,39
2026-06-01T18:04:00.300042,$GBGSV,33,,39
2026-06-01T18:04:00.300798,$GBGSV,06,,08
2026-06-01T18:04:00.300798,$GBGSV,09,,34
2026-06-01T18:04:00.300798,$GBGSV,10,,37
2026-06-01T18:04:01.297876,$GPGSV,10,,35
2026-06-01T18:04:01.297876,$GPGSV,18,,39
2026-06-01T18:04:01.297876,$GPGSV,23,,40
2026-06-01T18:04:01.297876,$GPGSV,24,,31
2026-06-01T18:04:01.300650,$GPGSV,25,,18
2026-06-01T18:04:01.300650,$GPGSV,28,,30
2026-06-01T18:04:01.300650,$GPGSV,32,,35
2026-06-01T18:04:01.300650,$GPGSV,41,,41
2026-06-01T18:04:01.302989,$GPGSV,42,,41
2026-06-01T18:04:01.302989,$GPGSV,50,,34
2026-06-01T18:04:01.305805,$GPGSV,10,,28
2026-06-01T18:04:01.305805,$GPGSV,18,,39
2026-06-01T18:04:01.305805,$GPGSV,23,,36
2026-06-01T18:04:01.305805,$GPGSV,24,,29
2026-06-01T18:04:01.308109,$GPGSV,28,,31
2026-06-01T18:04:01.308109,$GPGSV,32,,31
2026-06-01T18:04:01.315216,$GLGSV,65,,29
2026-06-01T18:04:01.315216,$GLGSV,72,,16
2026-06-01T18:04:01.315216,$GLGSV,74,,15
2026-06-01T18:04:01.315216,$GLGSV,75,,25
2026-06-01T18:04:01.317439,$GLGSV,86,,10
2026-06-01T18:04:01.317439,$GLGSV,87,,35
2026-06-01T18:04:01.317439,$GLGSV,88,,35
2026-06-01T18:04:01.318821,$GLGSV,72,,17
2026-06-01T18:04:01.318821,$GLGSV,75,,34
2026-06-01T18:04:01.318821,$GLGSV,86,,11
2026-06-01T18:04:01.318821,$GLGSV,88,,38
2026-06-01T18:04:01.320602,$GAGSV,03,,38
2026-06-01T18:04:01.320602,$GAGSV,08,,39
2026-06-01T18:04:01.320602,$GAGSV,15,,38
2026-06-01T18:04:01.320602,$GAGSV,32,,35
2026-06-01T18:04:01.321248,$GAGSV,34,,39
2026-06-01T18:04:01.323440,$GAGSV,03,,38
2026-06-01T18:04:01.323440,$GAGSV,08,,36
2026-06-01T18:04:01.323440,$GAGSV,15,,39
2026-06-01T18:04:01.323440,$GAGSV,32,,36
2026-06-01T18:04:01.324113,$GAGSV,34,,41
2026-06-01T18:04:01.326377,$GBGSV,06,,41
2026-06-01T18:04:01.326377,$GBGSV,07,,42
2026-06-01T18:04:01.326377,$GBGSV,09,,38
2026-06-01T18:04:01.326377,$GBGSV,10,,41
2026-06-01T18:04:01.327374,$GBGSV,13,,35
2026-06-01T18:04:01.327374,$GBGSV,25,,37
2026-06-01T18:04:01.327374,$GBGSV,28,,39
2026-06-01T18:04:01.327374,$GBGSV,33,,39
2026-06-01T18:04:01.328129,$GBGSV,06,,08
2026-06-01T18:04:01.328129,$GBGSV,09,,34
2026-06-01T18:04:01.328129,$GBGSV,10,,37
2026-06-01T18:04:02.300144,$GPGSV,10,,35
2026-06-01T18:04:02.300144,$GPGSV,18,,40
2026-06-01T18:04:02.300144,$GPGSV,23,,42
2026-06-01T18:04:02.300144,$GPGSV,24,,32
2026-06-01T18:04:02.303471,$GPGSV,25,,18
2026-06-01T18:04:02.303471,$GPGSV,28,,35
2026-06-01T18:04:02.303471,$GPGSV,32,,36
2026-06-01T18:04:02.303471,$GPGSV,41,,40
2026-06-01T18:04:02.305209,$GPGSV,42,,41
2026-06-01T18:04:02.305209,$GPGSV,50,,35
2026-06-01T18:04:02.307389,$GPGSV,10,,28
2026-06-01T18:04:02.307389,$GPGSV,18,,38
2026-06-01T18:04:02.307389,$GPGSV,23,,36
2026-06-01T18:04:02.307389,$GPGSV,24,,29
2026-06-01T18:04:02.309183,$GPGSV,28,,31
2026-06-01T18:04:02.309183,$GPGSV,32,,31
2026-06-01T18:04:02.314551,$GLGSV,65,,29
2026-06-01T18:04:02.314551,$GLGSV,72,,14
2026-06-01T18:04:02.314551,$GLGSV,74,,15
2026-06-01T18:04:02.314551,$GLGSV,75,,26
2026-06-01T18:04:02.315783,$GLGSV,86,,12
2026-06-01T18:04:02.315783,$GLGSV,87,,37
2026-06-01T18:04:02.315783,$GLGSV,88,,36
2026-06-01T18:04:02.316860,$GLGSV,72,,20
2026-06-01T18:04:02.316860,$GLGSV,75,,33
2026-06-01T18:04:02.316860,$GLGSV,86,,10
2026-06-01T18:04:02.316860,$GLGSV,88,,39
2026-06-01T18:04:02.319396,$GAGSV,03,,38
2026-06-01T18:04:02.319396,$GAGSV,08,,39
2026-06-01T18:04:02.319396,$GAGSV,15,,36
2026-06-01T18:04:02.319396,$GAGSV,32,,34
2026-06-01T18:04:02.320018,$GAGSV,34,,39
2026-06-01T18:04:02.321186,$GAGSV,03,,38
2026-06-01T18:04:02.321186,$GAGSV,08,,38
2026-06-01T18:04:02.321186,$GAGSV,15,,37
2026-06-01T18:04:02.321186,$GAGSV,32,,35
2026-06-01T18:04:02.322485,$GAGSV,34,,41
2026-06-01T18:04:02.325430,$GBGSV,06,,39
2026-06-01T18:04:02.325430,$GBGSV,07,,42
2026-06-01T18:04:02.325430,$GBGSV,09,,38
2026-06-01T18:04:02.325430,$GBGSV,10,,43
2026-06-01T18:04:02.326168,$GBGSV,13,,38
2026-06-01T18:04:02.326168,$GBGSV,25,,36
2026-06-01T18:04:02.326168,$GBGSV,28,,39
2026-06-01T18:04:02.326168,$GBGSV,33,,40
2026-06-01T18:04:02.326762,$GBGSV,06,,08
2026-06-01T18:04:02.326762,$GBGSV,09,,34
2026-06-01T18:04:02.326762,$GBGSV,10,,37
2026-06-01T18:04:03.297348,$GPGSV,10,,36
2026-06-01T18:04:03.297348,$GPGSV,18,,40
2026-06-01T18:04:03.297348,$GPGSV,23,,41
2026-06-01T18:04:03.297348,$GPGSV,24,,35
2026-06-01T18:04:03.300285,$GPGSV,25,,20
2026-06-01T18:04:03.300285,$GPGSV,28,,30
2026-06-01T18:04:03.300285,$GPGSV,32,,38
2026-06-01T18:04:03.300285,$GPGSV,41,,38
2026-06-01T18:04:03.302125,$GPGSV,42,,41
2026-06-01T18:04:03.302125,$GPGSV,50,,36
2026-06-01T18:04:03.304230,$GPGSV,10,,28
2026-06-01T18:04:03.304230,$GPGSV,18,,37
2026-06-01T18:04:03.304230,$GPGSV,23,,37
2026-06-01T18:04:03.304230,$GPGSV,24,,29
2026-06-01T18:04:03.306392,$GPGSV,28,,29
2026-06-01T18:04:03.306392,$GPGSV,32,,31
2026-06-01T18:04:03.313367,$GLGSV,65,,26
2026-06-01T18:04:03.313367,$GLGSV,72,,12
2026-06-01T18:04:03.313367,$GLGSV,74,,17
2026-06-01T18:04:03.313367,$GLGSV,75,,27
2026-06-01T18:04:03.314679,$GLGSV,86,,14
2026-06-01T18:04:03.314679,$GLGSV,87,,36
2026-06-01T18:04:03.314679,$GLGSV,88,,38
2026-06-01T18:04:03.316320,$GLGSV,72,,19
2026-06-01T18:04:03.316320,$GLGSV,75,,33
2026-06-01T18:04:03.316320,$GLGSV,86,,09
2026-06-01T18:04:03.316320,$GLGSV,88,,37
2026-06-01T18:04:03.318149,$GAGSV,03,,38
2026-06-01T18:04:03.318149,$GAGSV,08,,37
2026-06-01T18:04:03.318149,$GAGSV,15,,38
2026-06-01T18:04:03.318149,$GAGSV,32,,36
2026-06-01T18:04:03.318798,$GAGSV,34,,40
2026-06-01T18:04:03.319967,$GAGSV,03,,37
2026-06-01T18:04:03.319967,$GAGSV,08,,35
2026-06-01T18:04:03.319967,$GAGSV,15,,37
2026-06-01T18:04:03.319967,$GAGSV,32,,36
2026-06-01T18:04:03.320792,$GAGSV,34,,39
2026-06-01T18:04:03.324012,$GBGSV,06,,41
2026-06-01T18:04:03.324012,$GBGSV,07,,43
2026-06-01T18:04:03.324012,$GBGSV,09,,41
2026-06-01T18:04:03.324012,$GBGSV,10,,43
2026-06-01T18:04:03.324907,$GBGSV,13,,41
2026-06-01T18:04:03.324907,$GBGSV,25,,40
2026-06-01T18:04:03.324907,$GBGSV,28,,42
2026-06-01T18:04:03.324907,$GBGSV,33,,39
2026-06-01T18:04:03.326240,$GBGSV,06,,08
2026-06-01T18:04:03.326240,$GBGSV,09,,34
2026-06-01T18:04:03.326240,$GBGSV,10,,39
2026-06-01T18:04:04.291196,$GPGSV,10,,33
2026-06-01T18:04:04.291196,$GPGSV,18,,40
2026-06-01T18:04:04.291196,$GPGSV,23,,40
2026-06-01T18:04:04.291196,$GPGSV,24,,32
2026-06-01T18:04:04.291981,$GPGSV,25,,20
2026-06-01T18:04:04.291981,$GPGSV,28,,35
2026-06-01T18:04:04.291981,$GPGSV,32,,36
2026-06-01T18:04:04.291981,$GPGSV,41,,40
2026-06-01T18:04:04.292713,$GPGSV,42,,40
2026-06-01T18:04:04.292713,$GPGSV,50,,36
2026-06-01T18:04:04.293504,$GPGSV,10,,28
2026-06-01T18:04:04.293504,$GPGSV,18,,37
2026-06-01T18:04:04.293504,$GPGSV,23,,37
2026-06-01T18:04:04.293504,$GPGSV,24,,29
2026-06-01T18:04:04.294026,$GPGSV,28,,27
2026-06-01T18:04:04.294026,$GPGSV,32,,23
2026-06-01T18:04:04.296972,$GLGSV,65,,26
2026-06-01T18:04:04.296972,$GLGSV,72,,09
2026-06-01T18:04:04.296972,$GLGSV,74,,16
2026-06-01T18:04:04.296972,$GLGSV,75,,27
2026-06-01T18:04:04.297597,$GLGSV,86,,14
2026-06-01T18:04:04.297597,$GLGSV,87,,34
2026-06-01T18:04:04.297597,$GLGSV,88,,38
2026-06-01T18:04:04.298305,$GLGSV,72,,20
2026-06-01T18:04:04.298305,$GLGSV,75,,33
2026-06-01T18:04:04.298305,$GLGSV,86,,08
2026-06-01T18:04:04.298305,$GLGSV,88,,39
2026-06-01T18:04:04.299699,$GAGSV,03,,39
2026-06-01T18:04:04.299699,$GAGSV,08,,37
2026-06-01T18:04:04.299699,$GAGSV,15,,38
2026-06-01T18:04:04.299699,$GAGSV,32,,38
2026-06-01T18:04:04.300245,$GAGSV,34,,38
2026-06-01T18:04:04.301175,$GAGSV,03,,37
2026-06-01T18:04:04.301175,$GAGSV,08,,33
2026-06-01T18:04:04.301175,$GAGSV,15,,39
2026-06-01T18:04:04.301175,$GAGSV,32,,36
2026-06-01T18:04:04.301585,$GAGSV,34,,40
2026-06-01T18:04:04.303581,$GBGSV,06,,41
2026-06-01T18:04:04.303581,$GBGSV,07,,44
2026-06-01T18:04:04.303581,$GBGSV,09,,40
2026-06-01T18:04:04.303581,$GBGSV,10,,41
2026-06-01T18:04:04.304241,$GBGSV,13,,41
2026-06-01T18:04:04.304241,$GBGSV,25,,40
2026-06-01T18:04:04.304241,$GBGSV,28,,41
2026-06-01T18:04:04.304241,$GBGSV,33,,39
2026-06-01T18:04:04.304700,$GBGSV,09,,34
2026-06-01T18:04:04.304700,$GBGSV,10,,39
2026-06-01T18:04:05.309249,$GPGSV,10,,35
2026-06-01T18:04:05.309249,$GPGSV,18,,40
2026-06-01T18:04:05.309249,$GPGSV,23,,41
2026-06-01T18:04:05.309249,$GPGSV,24,,31
2026-06-01T18:04:05.313309,$GPGSV,25,,20
2026-06-01T18:04:05.313309,$GPGSV,28,,35
2026-06-01T18:04:05.313309,$GPGSV,32,,33
2026-06-01T18:04:05.313309,$GPGSV,41,,40
2026-06-01T18:04:05.314931,$GPGSV,42,,40
2026-06-01T18:04:05.314931,$GPGSV,50,,36
2026-06-01T18:04:05.317140,$GPGSV,10,,29
2026-06-01T18:04:05.317140,$GPGSV,18,,38
2026-06-01T18:04:05.317140,$GPGSV,23,,37
2026-06-01T18:04:05.317140,$GPGSV,24,,30
2026-06-01T18:04:05.318394,$GPGSV,28,,28
2026-06-01T18:04:05.318394,$GPGSV,32,,24
2026-06-01T18:04:05.323368,$GLGSV,65,,27
2026-06-01T18:04:05.323368,$GLGSV,72,,08
2026-06-01T18:04:05.323368,$GLGSV,74,,16
2026-06-01T18:04:05.323368,$GLGSV,75,,27
2026-06-01T18:04:05.324317,$GLGSV,86,,12
2026-06-01T18:04:05.324317,$GLGSV,87,,35
2026-06-01T18:04:05.324317,$GLGSV,88,,35
2026-06-01T18:04:05.325417,$GLGSV,72,,18
2026-06-01T18:04:05.325417,$GLGSV,75,,33
2026-06-01T18:04:05.325417,$GLGSV,86,,08
2026-06-01T18:04:05.325417,$GLGSV,88,,37
2026-06-01T18:04:05.327804,$GAGSV,03,,39
2026-06-01T18:04:05.327804,$GAGSV,08,,37
2026-06-01T18:04:05.327804,$GAGSV,15,,37
2026-06-01T18:04:05.327804,$GAGSV,32,,35
2026-06-01T18:04:05.328344,$GAGSV,34,,40
2026-06-01T18:04:05.329302,$GAGSV,03,,37
2026-06-01T18:04:05.329302,$GAGSV,08,,36
2026-06-01T18:04:05.329302,$GAGSV,15,,37
2026-06-01T18:04:05.329302,$GAGSV,32,,39
2026-06-01T18:04:05.330503,$GAGSV,34,,40
2026-06-01T18:04:05.333747,$GBGSV,06,,40
2026-06-01T18:04:05.333747,$GBGSV,07,,43
2026-06-01T18:04:05.333747,$GBGSV,09,,39
2026-06-01T18:04:05.333747,$GBGSV,10,,41
2026-06-01T18:04:05.334445,$GBGSV,13,,42
2026-06-01T18:04:05.334445,$GBGSV,25,,39
2026-06-01T18:04:05.334445,$GBGSV,28,,40
2026-06-01T18:04:05.334445,$GBGSV,33,,40
2026-06-01T18:04:05.334934,$GBGSV,09,,33
2026-06-01T18:04:05.334934,$GBGSV,10,,39
2026-06-01T18:04:06.300925,$GPGSV,10,,37
2026-06-01T18:04:06.300925,$GPGSV,18,,39
2026-06-01T18:04:06.300925,$GPGSV,23,,42
2026-06-01T18:04:06.300925,$GPGSV,24,,32
2026-06-01T18:04:06.305575,$GPGSV,25,,19
2026-06-01T18:04:06.305575,$GPGSV,28,,35
2026-06-01T18:04:06.305575,$GPGSV,32,,35
2026-06-01T18:04:06.305575,$GPGSV,41,,40
2026-06-01T18:04:06.308275,$GPGSV,42,,42
2026-06-01T18:04:06.308275,$GPGSV,50,,38
2026-06-01T18:04:06.310956,$GPGSV,10,,28
2026-06-01T18:04:06.310956,$GPGSV,18,,39
2026-06-01T18:04:06.310956,$GPGSV,23,,37
2026-06-01T18:04:06.310956,$GPGSV,24,,31
2026-06-01T18:04:06.312308,$GPGSV,28,,31
2026-06-01T18:04:06.312308,$GPGSV,32,,26
2026-06-01T18:04:06.316715,$GLGSV,65,,26
2026-06-01T18:04:06.316715,$GLGSV,74,,19
2026-06-01T18:04:06.316715,$GLGSV,75,,31
2026-06-01T18:04:06.316715,$GLGSV,86,,11
2026-06-01T18:04:06.318082,$GLGSV,87,,37
2026-06-01T18:04:06.318082,$GLGSV,88,,32
2026-06-01T18:04:06.319421,$GLGSV,72,,18
2026-06-01T18:04:06.319421,$GLGSV,75,,36
2026-06-01T18:04:06.319421,$GLGSV,88,,37
2026-06-01T18:04:06.322943,$GAGSV,03,,38
2026-06-01T18:04:06.322943,$GAGSV,08,,36
2026-06-01T18:04:06.322943,$GAGSV,15,,37
2026-06-01T18:04:06.322943,$GAGSV,32,,36
2026-06-01T18:04:06.323901,$GAGSV,34,,40
2026-06-01T18:04:06.325217,$GAGSV,03,,40
2026-06-01T18:04:06.325217,$GAGSV,08,,35
2026-06-01T18:04:06.325217,$GAGSV,15,,40
2026-06-01T18:04:06.325217,$GAGSV,32,,36
2026-06-01T18:04:06.326011,$GAGSV,34,,41
2026-06-01T18:04:06.329181,$GBGSV,06,,41
2026-06-01T18:04:06.329181,$GBGSV,07,,43
2026-06-01T18:04:06.329181,$GBGSV,09,,40
2026-06-01T18:04:06.329181,$GBGSV,10,,41
2026-06-01T18:04:06.329975,$GBGSV,13,,39
2026-06-01T18:04:06.329975,$GBGSV,25,,38
2026-06-01T18:04:06.329975,$GBGSV,28,,41
2026-06-01T18:04:06.329975,$GBGSV,33,,39
2026-06-01T18:04:06.330414,$GBGSV,09,,33
2026-06-01T18:04:06.330414,$GBGSV,10,,38
2026-06-01T18:04:07.296161,$GPGSV,10,,33
2026-06-01T18:04:07.296161,$GPGSV,18,,40
2026-06-01T18:04:07.296161,$GPGSV,23,,39
2026-06-01T18:04:07.296161,$GPGSV,24,,33
2026-06-01T18:04:07.298662,$GPGSV,25,,19
2026-06-01T18:04:07.298662,$GPGSV,28,,31
2026-06-01T18:04:07.298662,$GPGSV,32,,25
2026-06-01T18:04:07.298662,$GPGSV,41,,42
2026-06-01T18:04:07.300608,$GPGSV,42,,40
2026-06-01T18:04:07.300608,$GPGSV,50,,38
2026-06-01T18:04:07.301975,$GPGSV,25,,17
2026-06-01T18:04:07.304172,$GPGSV,10,,29
2026-06-01T18:04:07.304172,$GPGSV,18,,38
2026-06-01T18:04:07.304172,$GPGSV,23,,37
2026-06-01T18:04:07.304172,$GPGSV,24,,32
2026-06-01T18:04:07.305840,$GPGSV,28,,30
2026-06-01T18:04:07.305840,$GPGSV,32,,26
2026-06-01T18:04:07.311864,$GLGSV,65,,26
2026-06-01T18:04:07.311864,$GLGSV,74,,20
2026-06-01T18:04:07.311864,$GLGSV,75,,35
2026-06-01T18:04:07.311864,$GLGSV,87,,37
2026-06-01T18:04:07.312727,$GLGSV,88,,20
2026-06-01T18:04:07.314271,$GLGSV,72,,18
2026-06-01T18:04:07.314271,$GLGSV,75,,40
2026-06-01T18:04:07.314271,$GLGSV,88,,33
2026-06-01T18:04:07.317085,$GAGSV,03,,38
2026-06-01T18:04:07.317085,$GAGSV,08,,35
2026-06-01T18:04:07.317085,$GAGSV,15,,38
2026-06-01T18:04:07.317085,$GAGSV,32,,35
2026-06-01T18:04:07.317698,$GAGSV,34,,40
2026-06-01T18:04:07.318857,$GAGSV,03,,39
2026-06-01T18:04:07.318857,$GAGSV,08,,35
2026-06-01T18:04:07.318857,$GAGSV,15,,40
2026-06-01T18:04:07.318857,$GAGSV,32,,35
2026-06-01T18:04:07.319468,$GAGSV,34,,39
2026-06-01T18:04:07.322634,$GBGSV,06,,41
2026-06-01T18:04:07.322634,$GBGSV,07,,43
2026-06-01T18:04:07.322634,$GBGSV,09,,41
2026-06-01T18:04:07.322634,$GBGSV,10,,42
2026-06-01T18:04:07.324065,$GBGSV,13,,42
2026-06-01T18:04:07.324065,$GBGSV,25,,41
2026-06-01T18:04:07.324065,$GBGSV,28,,41
2026-06-01T18:04:07.324065,$GBGSV,33,,41
2026-06-01T18:04:07.324685,$GBGSV,09,,34
2026-06-01T18:04:07.324685,$GBGSV,10,,37
2026-06-01T18:04:08.299612,$GPGSV,10,,28
2026-06-01T18:04:08.299612,$GPGSV,18,,41
2026-06-01T18:04:08.299612,$GPGSV,23,,40
2026-06-01T18:04:08.299612,$GPGSV,24,,33
2026-06-01T18:04:08.303263,$GPGSV,25,,21
2026-06-01T18:04:08.303263,$GPGSV,28,,30
2026-06-01T18:04:08.303263,$GPGSV,32,,31
2026-06-01T18:04:08.303263,$GPGSV,41,,42
2026-06-01T18:04:08.306359,$GPGSV,42,,41
2026-06-01T18:04:08.306359,$GPGSV,50,,38
2026-06-01T18:04:08.309717,$GPGSV,10,,29
2026-06-01T18:04:08.309717,$GPGSV,18,,39
2026-06-01T18:04:08.309717,$GPGSV,23,,38
2026-06-01T18:04:08.309717,$GPGSV,24,,33
2026-06-01T18:04:08.311981,$GPGSV,25,,18
2026-06-01T18:04:08.311981,$GPGSV,28,,32
2026-06-01T18:04:08.311981,$GPGSV,32,,26
2026-06-01T18:04:08.316352,$GLGSV,65,,35
2026-06-01T18:04:08.316352,$GLGSV,74,,20
2026-06-01T18:04:08.316352,$GLGSV,75,,37
2026-06-01T18:04:08.316352,$GLGSV,87,,38
2026-06-01T18:04:08.317445,$GLGSV,88,,36
2026-06-01T18:04:08.318451,$GLGSV,72,,19
2026-06-01T18:04:08.318451,$GLGSV,75,,40
2026-06-01T18:04:08.318451,$GLGSV,88,,36
2026-06-01T18:04:08.321118,$GAGSV,03,,38
2026-06-01T18:04:08.321118,$GAGSV,08,,34
2026-06-01T18:04:08.321118,$GAGSV,15,,39
2026-06-01T18:04:08.321118,$GAGSV,32,,37
2026-06-01T18:04:08.322023,$GAGSV,34,,39
2026-06-01T18:04:08.323964,$GAGSV,03,,39
2026-06-01T18:04:08.323964,$GAGSV,08,,34
2026-06-01T18:04:08.323964,$GAGSV,15,,40
2026-06-01T18:04:08.323964,$GAGSV,32,,37
2026-06-01T18:04:08.325445,$GAGSV,34,,39
2026-06-01T18:04:08.327464,$GBGSV,06,,41
2026-06-01T18:04:08.327464,$GBGSV,07,,44
2026-06-01T18:04:08.327464,$GBGSV,09,,40
2026-06-01T18:04:08.327464,$GBGSV,10,,42
2026-06-01T18:04:08.328153,$GBGSV,13,,43
2026-06-01T18:04:08.328153,$GBGSV,25,,44
2026-06-01T18:04:08.328153,$GBGSV,28,,41
2026-06-01T18:04:08.328153,$GBGSV,33,,39
2026-06-01T18:04:08.328631,$GBGSV,09,,34
2026-06-01T18:04:08.328631,$GBGSV,10,,38
2026-06-01T18:04:09.296665,$GPGSV,10,,36
2026-06-01T18:04:09.296665,$GPGSV,18,,41
2026-06-01T18:04:09.296665,$GPGSV,23,,40
2026-06-01T18:04:09.296665,$GPGSV,24,,34
2026-06-01T18:04:09.299017,$GPGSV,25,,20
2026-06-01T18:04:09.299017,$GPGSV,28,,33
2026-06-01T18:04:09.299017,$GPGSV,32,,27
2026-06-01T18:04:09.299017,$GPGSV,41,,42
2026-06-01T18:04:09.300603,$GPGSV,42,,42
2026-06-01T18:04:09.300603,$GPGSV,50,,36
2026-06-01T18:04:09.302991,$GPGSV,10,,33
2026-06-01T18:04:09.302991,$GPGSV,18,,38
2026-06-01T18:04:09.302991,$GPGSV,23,,38
2026-06-01T18:04:09.302991,$GPGSV,24,,33
2026-06-01T18:04:09.304892,$GPGSV,25,,17
2026-06-01T18:04:09.304892,$GPGSV,28,,28
2026-06-01T18:04:09.304892,$GPGSV,32,,27
2026-06-01T18:04:09.311657,$GLGSV,65,,30
2026-06-01T18:04:09.311657,$GLGSV,74,,22
2026-06-01T18:04:09.311657,$GLGSV,75,,37
2026-06-01T18:04:09.311657,$GLGSV,87,,39
2026-06-01T18:04:09.312892,$GLGSV,88,,33
2026-06-01T18:04:09.314769,$GLGSV,72,,18
2026-06-01T18:04:09.314769,$GLGSV,75,,40
2026-06-01T18:04:09.314769,$GLGSV,88,,28
2026-06-01T18:04:09.317275,$GAGSV,03,,39
2026-06-01T18:04:09.317275,$GAGSV,08,,30
2026-06-01T18:04:09.317275,$GAGSV,15,,40
2026-06-01T18:04:09.317275,$GAGSV,32,,37
2026-06-01T18:04:09.318040,$GAGSV,34,,37
2026-06-01T18:04:09.319195,$GAGSV,03,,37
2026-06-01T18:04:09.319195,$GAGSV,08,,31
2026-06-01T18:04:09.319195,$GAGSV,15,,40
2026-06-01T18:04:09.319195,$GAGSV,32,,37
2026-06-01T18:04:09.319802,$GAGSV,34,,41
2026-06-01T18:04:09.324487,$GBGSV,06,,41
2026-06-01T18:04:09.324487,$GBGSV,07,,44
2026-06-01T18:04:09.324487,$GBGSV,09,,38
2026-06-01T18:04:09.324487,$GBGSV,10,,41
2026-06-01T18:04:09.325649,$GBGSV,13,,42
2026-06-01T18:04:09.325649,$GBGSV,25,,41
2026-06-01T18:04:09.325649,$GBGSV,28,,40
2026-06-01T18:04:09.325649,$GBGSV,33,,42
2026-06-01T18:04:09.326255,$GBGSV,09,,35
2026-06-01T18:04:09.326255,$GBGSV,10,,38
2026-06-01T18:04:10.300087,$GPGSV,10,,33
2026-06-01T18:04:10.300087,$GPGSV,12,,21
2026-06-01T18:04:10.300087,$GPGSV,18,,40
2026-06-01T18:04:10.300087,$GPGSV,23,,39
2026-06-01T18:04:10.302442,$GPGSV,24,,34
2026-06-01T18:04:10.302442,$GPGSV,25,,19
2026-06-01T18:04:10.302442,$GPGSV,28,,33
2026-06-01T18:04:10.302442,$GPGSV,32,,39
2026-06-01T18:04:10.304291,$GPGSV,41,,42
2026-06-01T18:04:10.304291,$GPGSV,42,,41
2026-06-01T18:04:10.304291,$GPGSV,50,,37
2026-06-01T18:04:10.307013,$GPGSV,10,,31
2026-06-01T18:04:10.307013,$GPGSV,18,,40
2026-06-01T18:04:10.307013,$GPGSV,23,,38
2026-06-01T18:04:10.307013,$GPGSV,24,,32
2026-06-01T18:04:10.308908,$GPGSV,25,,18
2026-06-01T18:04:10.308908,$GPGSV,28,,31
2026-06-01T18:04:10.308908,$GPGSV,32,,31
2026-06-01T18:04:10.314359,$GLGSV,65,,22
2026-06-01T18:04:10.314359,$GLGSV,74,,24
2026-06-01T18:04:10.314359,$GLGSV,75,,34
2026-06-01T18:04:10.314359,$GLGSV,87,,39
2026-06-01T18:04:10.315711,$GLGSV,88,,36
2026-06-01T18:04:10.316692,$GLGSV,72,,18
2026-06-01T18:04:10.316692,$GLGSV,75,,35
2026-06-01T18:04:10.316692,$GLGSV,88,,35
2026-06-01T18:04:10.318715,$GAGSV,03,,38
2026-06-01T18:04:10.318715,$GAGSV,08,,29
2026-06-01T18:04:10.318715,$GAGSV,15,,39
2026-06-01T18:04:10.318715,$GAGSV,32,,37
2026-06-01T18:04:10.319315,$GAGSV,34,,39
2026-06-01T18:04:10.320353,$GAGSV,03,,40
2026-06-01T18:04:10.320353,$GAGSV,08,,24
2026-06-01T18:04:10.320353,$GAGSV,15,,40
2026-06-01T18:04:10.320353,$GAGSV,32,,36
2026-06-01T18:04:10.320955,$GAGSV,34,,39
2026-06-01T18:04:10.324358,$GBGSV,06,,41
2026-06-01T18:04:10.324358,$GBGSV,07,,43
2026-06-01T18:04:10.324358,$GBGSV,09,,38
2026-06-01T18:04:10.324358,$GBGSV,10,,42
2026-06-01T18:04:10.325222,$GBGSV,13,,42
2026-06-01T18:04:10.325222,$GBGSV,25,,43
2026-06-01T18:04:10.325222,$GBGSV,28,,41
2026-06-01T18:04:10.325222,$GBGSV,33,,41
2026-06-01T18:04:10.325842,$GBGSV,09,,32
2026-06-01T18:04:10.325842,$GBGSV,10,,38
2026-06-01T18:04:11.298392,$GPGSV,10,,42
2026-06-01T18:04:11.298392,$GPGSV,18,,40
2026-06-01T18:04:11.298392,$GPGSV,23,,40
2026-06-01T18:04:11.298392,$GPGSV,24,,34
2026-06-01T18:04:11.300648,$GPGSV,25,,19
2026-06-01T18:04:11.300648,$GPGSV,28,,33
2026-06-01T18:04:11.300648,$GPGSV,32,,35
2026-06-01T18:04:11.300648,$GPGSV,41,,43
2026-06-01T18:04:11.302447,$GPGSV,42,,41
2026-06-01T18:04:11.302447,$GPGSV,50,,37
2026-06-01T18:04:11.304864,$GPGSV,10,,33
2026-06-01T18:04:11.304864,$GPGSV,18,,38
2026-06-01T18:04:11.304864,$GPGSV,23,,37
2026-06-01T18:04:11.304864,$GPGSV,24,,31
2026-06-01T18:04:11.306892,$GPGSV,25,,17
2026-06-01T18:04:11.306892,$GPGSV,28,,35
2026-06-01T18:04:11.306892,$GPGSV,32,,31
2026-06-01T18:04:11.310753,$GLGSV,65,,23
2026-06-01T18:04:11.310753,$GLGSV,72,,06
2026-06-01T18:04:11.310753,$GLGSV,74,,24
2026-06-01T18:04:11.310753,$GLGSV,75,,34
2026-06-01T18:04:11.312292,$GLGSV,87,,39
2026-06-01T18:04:11.312292,$GLGSV,88,,34
2026-06-01T18:04:11.313238,$GLGSV,72,,17
2026-06-01T18:04:11.313238,$GLGSV,75,,33
2026-06-01T18:04:11.313238,$GLGSV,88,,27
2026-06-01T18:04:11.315670,$GAGSV,03,,40
2026-06-01T18:04:11.315670,$GAGSV,08,,33
2026-06-01T18:04:11.315670,$GAGSV,15,,39
2026-06-01T18:04:11.315670,$GAGSV,32,,39
2026-06-01T18:04:11.316888,$GAGSV,34,,40
2026-06-01T18:04:11.318068,$GAGSV,03,,39
2026-06-01T18:04:11.318068,$GAGSV,08,,25
2026-06-01T18:04:11.318068,$GAGSV,15,,40
2026-06-01T18:04:11.318068,$GAGSV,32,,37
2026-06-01T18:04:11.318567,$GAGSV,34,,39
2026-06-01T18:04:11.321373,$GBGSV,06,,41
2026-06-01T18:04:11.321373,$GBGSV,07,,42
2026-06-01T18:04:11.321373,$GBGSV,09,,40
2026-06-01T18:04:11.321373,$GBGSV,10,,41
2026-06-01T18:04:11.322116,$GBGSV,13,,41
2026-06-01T18:04:11.322116,$GBGSV,25,,43
2026-06-01T18:04:11.322116,$GBGSV,28,,41
2026-06-01T18:04:11.322116,$GBGSV,33,,40
2026-06-01T18:04:11.322742,$GBGSV,09,,35
2026-06-01T18:04:11.322742,$GBGSV,10,,39
2026-06-01T18:04:12.299399,$GPGSV,10,,38
2026-06-01T18:04:12.299399,$GPGSV,12,,20
2026-06-01T18:04:12.299399,$GPGSV,18,,41
2026-06-01T18:04:12.299399,$GPGSV,23,,38
2026-06-01T18:04:12.302057,$GPGSV,24,,35
2026-06-01T18:04:12.302057,$GPGSV,25,,21
2026-06-01T18:04:12.302057,$GPGSV,28,,34
2026-06-01T18:04:12.302057,$GPGSV,32,,30
2026-06-01T18:04:12.304167,$GPGSV,41,,40
2026-06-01T18:04:12.304167,$GPGSV,42,,41
2026-06-01T18:04:12.304167,$GPGSV,50,,39
2026-06-01T18:04:12.306361,$GPGSV,10,,35
2026-06-01T18:04:12.306361,$GPGSV,18,,40
2026-06-01T18:04:12.306361,$GPGSV,23,,38
2026-06-01T18:04:12.306361,$GPGSV,24,,31
2026-06-01T18:04:12.307945,$GPGSV,25,,18
2026-06-01T18:04:12.307945,$GPGSV,28,,32
2026-06-01T18:04:12.307945,$GPGSV,32,,31
2026-06-01T18:04:12.311934,$GLGSV,65,,25
2026-06-01T18:04:12.311934,$GLGSV,72,,08
2026-06-01T18:04:12.311934,$GLGSV,74,,23
2026-06-01T18:04:12.311934,$GLGSV,75,,30
2026-06-01T18:04:12.312761,$GLGSV,87,,38
2026-06-01T18:04:12.312761,$GLGSV,88,,33
2026-06-01T18:04:12.314279,$GLGSV,72,,17
2026-06-01T18:04:12.314279,$GLGSV,75,,35
2026-06-01T18:04:12.314279,$GLGSV,88,,39
2026-06-01T18:04:12.316280,$GAGSV,03,,38
2026-06-01T18:04:12.316280,$GAGSV,08,,36
2026-06-01T18:04:12.316280,$GAGSV,15,,39
2026-06-01T18:04:12.316280,$GAGSV,32,,36
2026-06-01T18:04:12.316911,$GAGSV,34,,38
2026-06-01T18:04:12.317894,$GAGSV,03,,38
2026-06-01T18:04:12.317894,$GAGSV,08,,31
2026-06-01T18:04:12.317894,$GAGSV,15,,40
2026-06-01T18:04:12.317894,$GAGSV,32,,37
2026-06-01T18:04:12.318409,$GAGSV,34,,41
2026-06-01T18:04:12.321173,$GBGSV,06,,39
2026-06-01T18:04:12.321173,$GBGSV,07,,43
2026-06-01T18:04:12.321173,$GBGSV,09,,40
2026-06-01T18:04:12.321173,$GBGSV,10,,43
2026-06-01T18:04:12.322334,$GBGSV,13,,43
2026-06-01T18:04:12.322334,$GBGSV,25,,42
2026-06-01T18:04:12.322334,$GBGSV,28,,38
2026-06-01T18:04:12.322334,$GBGSV,33,,40
2026-06-01T18:04:12.322961,$GBGSV,09,,35
2026-06-01T18:04:12.322961,$GBGSV,10,,38
2026-06-01T18:04:13.301377,$GPGSV,10,,38
2026-06-01T18:04:13.301377,$GPGSV,18,,39
2026-06-01T18:04:13.301377,$GPGSV,23,,40
2026-06-01T18:04:13.301377,$GPGSV,24,,33
2026-06-01T18:04:13.305470,$GPGSV,25,,22
2026-06-01T18:04:13.305470,$GPGSV,28,,33
2026-06-01T18:04:13.305470,$GPGSV,32,,34
2026-06-01T18:04:13.305470,$GPGSV,41,,40
2026-06-01T18:04:13.308442,$GPGSV,42,,41
2026-06-01T18:04:13.308442,$GPGSV,50,,36
2026-06-01T18:04:13.312489,$GPGSV,10,,33
2026-06-01T18:04:13.312489,$GPGSV,18,,39
2026-06-01T18:04:13.312489,$GPGSV,23,,38
2026-06-01T18:04:13.312489,$GPGSV,24,,31
2026-06-01T18:04:13.314496,$GPGSV,25,,18
2026-06-01T18:04:13.314496,$GPGSV,28,,31
2026-06-01T18:04:13.314496,$GPGSV,32,,26
2026-06-01T18:04:13.320184,$GLGSV,65,,24
2026-06-01T18:04:13.320184,$GLGSV,72,,09
2026-06-01T18:04:13.320184,$GLGSV,74,,25
2026-06-01T18:04:13.320184,$GLGSV,75,,34
2026-06-01T18:04:13.321034,$GLGSV,87,,37
2026-06-01T18:04:13.321034,$GLGSV,88,,36
2026-06-01T18:04:13.322733,$GLGSV,72,,19
2026-06-01T18:04:13.322733,$GLGSV,75,,36
2026-06-01T18:04:13.322733,$GLGSV,88,,38
2026-06-01T18:04:13.326385,$GAGSV,03,,38
2026-06-01T18:04:13.326385,$GAGSV,08,,33
2026-06-01T18:04:13.326385,$GAGSV,15,,39
2026-06-01T18:04:13.326385,$GAGSV,32,,36
2026-06-01T18:04:13.327116,$GAGSV,34,,40
2026-06-01T18:04:13.328034,$GAGSV,03,,39
2026-06-01T18:04:13.328034,$GAGSV,08,,25
2026-06-01T18:04:13.328034,$GAGSV,15,,40
2026-06-01T18:04:13.328034,$GAGSV,32,,32
2026-06-01T18:04:13.328615,$GAGSV,34,,41
2026-06-01T18:04:13.330415,$GBGSV,06,,42
2026-06-01T18:04:13.330415,$GBGSV,07,,43
2026-06-01T18:04:13.330415,$GBGSV,09,,40
2026-06-01T18:04:13.330415,$GBGSV,10,,42
2026-06-01T18:04:13.331083,$GBGSV,13,,41
2026-06-01T18:04:13.331083,$GBGSV,25,,42
2026-06-01T18:04:13.331083,$GBGSV,28,,40
2026-06-01T18:04:13.331083,$GBGSV,33,,41
2026-06-01T18:04:13.331558,$GBGSV,09,,36
2026-06-01T18:04:13.331558,$GBGSV,10,,37
2026-06-01T18:04:14.297812,$GPGSV,10,,38
2026-06-01T18:04:14.297812,$GPGSV,18,,41
2026-06-01T18:04:14.297812,$GPGSV,23,,40
2026-06-01T18:04:14.297812,$GPGSV,24,,33
2026-06-01T18:04:14.300057,$GPGSV,25,,21
2026-06-01T18:04:14.300057,$GPGSV,28,,33
2026-06-01T18:04:14.300057,$GPGSV,32,,28
2026-06-01T18:04:14.300057,$GPGSV,41,,43
2026-06-01T18:04:14.301718,$GPGSV,42,,41
2026-06-01T18:04:14.301718,$GPGSV,50,,37
2026-06-01T18:04:14.303894,$GPGSV,10,,34
2026-06-01T18:04:14.303894,$GPGSV,18,,39
2026-06-01T18:04:14.303894,$GPGSV,23,,38
2026-06-01T18:04:14.303894,$GPGSV,24,,30
2026-06-01T18:04:14.306234,$GPGSV,25,,16
2026-06-01T18:04:14.306234,$GPGSV,28,,31
2026-06-01T18:04:14.306234,$GPGSV,32,,26
2026-06-01T18:04:14.310466,$GLGSV,65,,24
2026-06-01T18:04:14.310466,$GLGSV,72,,08
2026-06-01T18:04:14.310466,$GLGSV,74,,25
2026-06-01T18:04:14.310466,$GLGSV,75,,30
2026-06-01T18:04:14.311230,$GLGSV,87,,37
2026-06-01T18:04:14.311230,$GLGSV,88,,37
2026-06-01T18:04:14.312135,$GLGSV,72,,19
2026-06-01T18:04:14.312135,$GLGSV,75,,34
2026-06-01T18:04:14.312135,$GLGSV,88,,34
2026-06-01T18:04:14.314317,$GAGSV,03,,38
2026-06-01T18:04:14.314317,$GAGSV,08,,31
2026-06-01T18:04:14.314317,$GAGSV,15,,37
2026-06-01T18:04:14.314317,$GAGSV,32,,36
2026-06-01T18:04:14.314961,$GAGSV,34,,40
2026-06-01T18:04:14.315829,$GAGSV,03,,39
2026-06-01T18:04:14.315829,$GAGSV,08,,31
2026-06-01T18:04:14.315829,$GAGSV,15,,38
2026-06-01T18:04:14.315829,$GAGSV,32,,35
2026-06-01T18:04:14.316629,$GAGSV,34,,41
2026-06-01T18:04:14.319045,$GBGSV,06,,40
2026-06-01T18:04:14.319045,$GBGSV,07,,42
2026-06-01T18:04:14.319045,$GBGSV,09,,38
2026-06-01T18:04:14.319045,$GBGSV,10,,42
2026-06-01T18:04:14.319975,$GBGSV,13,,42
2026-06-01T18:04:14.319975,$GBGSV,25,,43
2026-06-01T18:04:14.319975,$GBGSV,28,,38
2026-06-01T18:04:14.319975,$GBGSV,33,,41
2026-06-01T18:04:14.320545,$GBGSV,09,,35
2026-06-01T18:04:14.320545,$GBGSV,10,,39
2026-06-01T18:04:15.301082,$GPGSV,10,,38
2026-06-01T18:04:15.301082,$GPGSV,18,,39
2026-06-01T18:04:15.301082,$GPGSV,23,,40
2026-06-01T18:04:15.301082,$GPGSV,24,,31
2026-06-01T18:04:15.303565,$GPGSV,25,,19
2026-06-01T18:04:15.303565,$GPGSV,28,,38
2026-06-01T18:04:15.303565,$GPGSV,32,,31
2026-06-01T18:04:15.303565,$GPGSV,41,,42
2026-06-01T18:04:15.305555,$GPGSV,42,,41
2026-06-01T18:04:15.305555,$GPGSV,50,,37
2026-06-01T18:04:15.307898,$GPGSV,10,,34
2026-06-01T18:04:15.307898,$GPGSV,18,,38
2026-06-01T18:04:15.307898,$GPGSV,23,,37
2026-06-01T18:04:15.307898,$GPGSV,24,,29
2026-06-01T18:04:15.310224,$GPGSV,25,,16
2026-06-01T18:04:15.310224,$GPGSV,28,,34
2026-06-01T18:04:15.310224,$GPGSV,32,,25
2026-06-01T18:04:15.317909,$GLGSV,65,,31
2026-06-01T18:04:15.317909,$GLGSV,72,,10
2026-06-01T18:04:15.317909,$GLGSV,74,,24
2026-06-01T18:04:15.317909,$GLGSV,75,,28
2026-06-01T18:04:15.319109,$GLGSV,87,,40
2026-06-01T18:04:15.319109,$GLGSV,88,,31
2026-06-01T18:04:15.320038,$GLGSV,72,,18
2026-06-01T18:04:15.320038,$GLGSV,75,,22
2026-06-01T18:04:15.320038,$GLGSV,88,,34
2026-06-01T18:04:15.322393,$GAGSV,03,,38
2026-06-01T18:04:15.322393,$GAGSV,08,,31
2026-06-01T18:04:15.322393,$GAGSV,15,,39
2026-06-01T18:04:15.322393,$GAGSV,32,,38
2026-06-01T18:04:15.323119,$GAGSV,34,,39
2026-06-01T18:04:15.324423,$GAGSV,03,,38
2026-06-01T18:04:15.324423,$GAGSV,08,,31
2026-06-01T18:04:15.324423,$GAGSV,15,,40
2026-06-01T18:04:15.324423,$GAGSV,32,,40
2026-06-01T18:04:15.324961,$GAGSV,34,,41
2026-06-01T18:04:15.327158,$GBGSV,06,,41
2026-06-01T18:04:15.327158,$GBGSV,07,,43
2026-06-01T18:04:15.327158,$GBGSV,09,,40
2026-06-01T18:04:15.327158,$GBGSV,10,,42
2026-06-01T18:04:15.328031,$GBGSV,13,,43
2026-06-01T18:04:15.328031,$GBGSV,25,,43
2026-06-01T18:04:15.328031,$GBGSV,28,,35
2026-06-01T18:04:15.328031,$GBGSV,33,,39
2026-06-01T18:04:15.328658,$GBGSV,09,,34
2026-06-01T18:04:15.328658,$GBGSV,10,,39
2026-06-01T18:04:16.290282,$GPGSV,10,,40
2026-06-01T18:04:16.290282,$GPGSV,18,,41
2026-06-01T18:04:16.290282,$GPGSV,23,,40
2026-06-01T18:04:16.290282,$GPGSV,24,,31
2026-06-01T18:04:16.291707,$GPGSV,25,,18
2026-06-01T18:04:16.291707,$GPGSV,28,,39
2026-06-01T18:04:16.291707,$GPGSV,32,,36
2026-06-01T18:04:16.291707,$GPGSV,41,,40
2026-06-01T18:04:16.292354,$GPGSV,42,,42
2026-06-01T18:04:16.292354,$GPGSV,50,,37
2026-06-01T18:04:16.292973,$GPGSV,12,,15
2026-06-01T18:04:16.293870,$GPGSV,10,,34
2026-06-01T18:04:16.293870,$GPGSV,18,,38
2026-06-01T18:04:16.293870,$GPGSV,23,,36
2026-06-01T18:04:16.293870,$GPGSV,24,,28
2026-06-01T18:04:16.294619,$GPGSV,25,,17
2026-06-01T18:04:16.294619,$GPGSV,28,,34
2026-06-01T18:04:16.294619,$GPGSV,32,,27
2026-06-01T18:04:16.296912,$GLGSV,65,,30
2026-06-01T18:04:16.296912,$GLGSV,72,,11
2026-06-01T18:04:16.296912,$GLGSV,74,,23
2026-06-01T18:04:16.296912,$GLGSV,75,,21
2026-06-01T18:04:16.297716,$GLGSV,87,,36
2026-06-01T18:04:16.297716,$GLGSV,88,,35
2026-06-01T18:04:16.298491,$GLGSV,72,,19
2026-06-01T18:04:16.298491,$GLGSV,75,,33
2026-06-01T18:04:16.298491,$GLGSV,88,,37
2026-06-01T18:04:16.300123,$GAGSV,03,,38
2026-06-01T18:04:16.300123,$GAGSV,08,,34
2026-06-01T18:04:16.300123,$GAGSV,15,,39
2026-06-01T18:04:16.300123,$GAGSV,32,,40
2026-06-01T18:04:16.300765,$GAGSV,34,,39
2026-06-01T18:04:16.301755,$GAGSV,03,,38
2026-06-01T18:04:16.301755,$GAGSV,08,,31
2026-06-01T18:04:16.301755,$GAGSV,15,,41
2026-06-01T18:04:16.301755,$GAGSV,32,,41
2026-06-01T18:04:16.302262,$GAGSV,34,,40
2026-06-01T18:04:16.305510,$GBGSV,06,,41
2026-06-01T18:04:16.305510,$GBGSV,07,,43
2026-06-01T18:04:16.305510,$GBGSV,09,,40
2026-06-01T18:04:16.305510,$GBGSV,10,,42
2026-06-01T18:04:16.306697,$GBGSV,13,,43
2026-06-01T18:04:16.306697,$GBGSV,25,,44
2026-06-01T18:04:16.306697,$GBGSV,28,,39
2026-06-01T18:04:16.306697,$GBGSV,33,,39
2026-06-01T18:04:16.307329,$GBGSV,09,,34
2026-06-01T18:04:16.307329,$GBGSV,10,,39
2026-06-01T18:04:17.291356,$GPGSV,10,,38
2026-06-01T18:04:17.291356,$GPGSV,12,,22
2026-06-01T18:04:17.291356,$GPGSV,18,,39
2026-06-01T18:04:17.291356,$GPGSV,23,,40
2026-06-01T18:04:17.292283,$GPGSV,24,,26
2026-06-01T18:04:17.292283,$GPGSV,25,,18
2026-06-01T18:04:17.292283,$GPGSV,28,,37
2026-06-01T18:04:17.292283,$GPGSV,32,,33
2026-06-01T18:04:17.293075,$GPGSV,41,,41
2026-06-01T18:04:17.293075,$GPGSV,42,,41
2026-06-01T18:04:17.293075,$GPGSV,50,,39
2026-06-01T18:04:17.294007,$GPGSV,10,,31
2026-06-01T18:04:17.294007,$GPGSV,12,,16
2026-06-01T18:04:17.294007,$GPGSV,18,,37
2026-06-01T18:04:17.294007,$GPGSV,23,,38
2026-06-01T18:04:17.294881,$GPGSV,24,,26
2026-06-01T18:04:17.294881,$GPGSV,25,,18
2026-06-01T18:04:17.294881,$GPGSV,28,,35
2026-06-01T18:04:17.294881,$GPGSV,32,,31
2026-06-01T18:04:17.297215,$GLGSV,65,,28
2026-06-01T18:04:17.297215,$GLGSV,72,,14
2026-06-01T18:04:17.297215,$GLGSV,74,,21
2026-06-01T18:04:17.297215,$GLGSV,75,,22
2026-06-01T18:04:17.297912,$GLGSV,87,,38
2026-06-01T18:04:17.297912,$GLGSV,88,,30
2026-06-01T18:04:17.298666,$GLGSV,72,,18
2026-06-01T18:04:17.298666,$GLGSV,75,,33
2026-06-01T18:04:17.298666,$GLGSV,88,,28
2026-06-01T18:04:17.300094,$GAGSV,03,,38
2026-06-01T18:04:17.300094,$GAGSV,08,,35
2026-06-01T18:04:17.300094,$GAGSV,15,,39
2026-06-01T18:04:17.300094,$GAGSV,32,,40
2026-06-01T18:04:17.300628,$GAGSV,34,,39
2026-06-01T18:04:17.301504,$GAGSV,03,,38
2026-06-01T18:04:17.301504,$GAGSV,08,,37
2026-06-01T18:04:17.301504,$GAGSV,15,,38
2026-06-01T18:04:17.301504,$GAGSV,32,,41
2026-06-01T18:04:17.302019,$GAGSV,34,,39
2026-06-01T18:04:17.303976,$GBGSV,06,,42
2026-06-01T18:04:17.303976,$GBGSV,07,,43
2026-06-01T18:04:17.303976,$GBGSV,09,,37
2026-06-01T18:04:17.303976,$GBGSV,10,,42
2026-06-01T18:04:17.304756,$GBGSV,13,,42
2026-06-01T18:04:17.304756,$GBGSV,25,,44
2026-06-01T18:04:17.304756,$GBGSV,28,,36
2026-06-01T18:04:17.304756,$GBGSV,33,,39
2026-06-01T18:04:17.305822,$GBGSV,09,,35
2026-06-01T18:04:17.305822,$GBGSV,10,,38
2026-06-01T18:04:18.299914,$GPGSV,10,,34
2026-06-01T18:04:18.299914,$GPGSV,18,,39
2026-06-01T18:04:18.299914,$GPGSV,23,,40
2026-06-01T18:04:18.299914,$GPGSV,24,,27
2026-06-01T18:04:18.302748,$GPGSV,25,,21
2026-06-01T18:04:18.302748,$GPGSV,28,,37
2026-06-01T18:04:18.302748,$GPGSV,32,,30
2026-06-01T18:04:18.302748,$GPGSV,41,,40
2026-06-01T18:04:18.304315,$GPGSV,42,,42
2026-06-01T18:04:18.304315,$GPGSV,50,,37
2026-06-01T18:04:18.307252,$GPGSV,10,,30
2026-06-01T18:04:18.307252,$GPGSV,12,,15
2026-06-01T18:04:18.307252,$GPGSV,18,,38
2026-06-01T18:04:18.307252,$GPGSV,23,,38
2026-06-01T18:04:18.310364,$GPGSV,24,,25
2026-06-01T18:04:18.310364,$GPGSV,25,,18
2026-06-01T18:04:18.310364,$GPGSV,28,,34
2026-06-01T18:04:18.310364,$GPGSV,32,,29
2026-06-01T18:04:18.316143,$GLGSV,65,,22
2026-06-01T18:04:18.316143,$GLGSV,72,,14
2026-06-01T18:04:18.316143,$GLGSV,74,,20
2026-06-01T18:04:18.316143,$GLGSV,75,,30
2026-06-01T18:04:18.317651,$GLGSV,87,,38
2026-06-01T18:04:18.317651,$GLGSV,88,,30
2026-06-01T18:04:18.318855,$GLGSV,72,,17
2026-06-01T18:04:18.318855,$GLGSV,75,,36
2026-06-01T18:04:18.318855,$GLGSV,88,,34
2026-06-01T18:04:18.320978,$GAGSV,03,,38
2026-06-01T18:04:18.320978,$GAGSV,08,,32
2026-06-01T18:04:18.320978,$GAGSV,15,,39
2026-06-01T18:04:18.320978,$GAGSV,32,,39
2026-06-01T18:04:18.322680,$GAGSV,34,,40
2026-06-01T18:04:18.323994,$GAGSV,03,,40
2026-06-01T18:04:18.323994,$GAGSV,08,,35
2026-06-01T18:04:18.323994,$GAGSV,15,,39
2026-06-01T18:04:18.323994,$GAGSV,32,,39
2026-06-01T18:04:18.324489,$GAGSV,34,,39
2026-06-01T18:04:18.326798,$GBGSV,06,,41
2026-06-01T18:04:18.326798,$GBGSV,07,,43
2026-06-01T18:04:18.326798,$GBGSV,09,,39
2026-06-01T18:04:18.326798,$GBGSV,10,,42
2026-06-01T18:04:18.327552,$GBGSV,13,,40
2026-06-01T18:04:18.327552,$GBGSV,25,,44
2026-06-01T18:04:18.327552,$GBGSV,28,,34
2026-06-01T18:04:18.327552,$GBGSV,33,,40
2026-06-01T18:04:18.328146,$GBGSV,09,,37
2026-06-01T18:04:18.328146,$GBGSV,10,,38
2026-06-01T18:04:18.328146,$GBGSV,33,,14
2026-06-01T18:04:19.298069,$GPGSV,10,,37
2026-06-01T18:04:19.298069,$GPGSV,12,,22
2026-06-01T18:04:19.298069,$GPGSV,18,,40
2026-06-01T18:04:19.298069,$GPGSV,23,,40
2026-06-01T18:04:19.300316,$GPGSV,24,,27
2026-06-01T18:04:19.300316,$GPGSV,25,,20
2026-06-01T18:04:19.300316,$GPGSV,28,,36
2026-06-01T18:04:19.300316,$GPGSV,32,,34
2026-06-01T18:04:19.302606,$GPGSV,41,,37
2026-06-01T18:04:19.302606,$GPGSV,42,,41
2026-06-01T18:04:19.302606,$GPGSV,50,,35
2026-06-01T18:04:19.304729,$GPGSV,10,,33
2026-06-01T18:04:19.304729,$GPGSV,12,,17
2026-06-01T18:04:19.304729,$GPGSV,18,,38
2026-06-01T18:04:19.304729,$GPGSV,23,,37
2026-06-01T18:04:19.306984,$GPGSV,24,,24
2026-06-01T18:04:19.306984,$GPGSV,25,,17
2026-06-01T18:04:19.306984,$GPGSV,28,,32
2026-06-01T18:04:19.306984,$GPGSV,32,,23
2026-06-01T18:04:19.312548,$GLGSV,65,,25
2026-06-01T18:04:19.312548,$GLGSV,72,,13
2026-06-01T18:04:19.312548,$GLGSV,74,,17
2026-06-01T18:04:19.312548,$GLGSV,75,,38
2026-06-01T18:04:19.313920,$GLGSV,87,,38
2026-06-01T18:04:19.313920,$GLGSV,88,,30
2026-06-01T18:04:19.315151,$GLGSV,72,,18
2026-06-01T18:04:19.315151,$GLGSV,75,,38
2026-06-01T18:04:19.315151,$GLGSV,88,,30
2026-06-01T18:04:19.317566,$GAGSV,03,,38
2026-06-01T18:04:19.317566,$GAGSV,08,,28
2026-06-01T18:04:19.317566,$GAGSV,15,,38
2026-06-01T18:04:19.317566,$GAGSV,32,,39
2026-06-01T18:04:19.318201,$GAGSV,34,,39
2026-06-01T18:04:19.319282,$GAGSV,03,,37
2026-06-01T18:04:19.319282,$GAGSV,08,,32
2026-06-01T18:04:19.319282,$GAGSV,15,,42
2026-06-01T18:04:19.319282,$GAGSV,32,,39
2026-06-01T18:04:19.319907,$GAGSV,34,,40
2026-06-01T18:04:19.323706,$GBGSV,06,,40
2026-06-01T18:04:19.323706,$GBGSV,07,,42
2026-06-01T18:04:19.323706,$GBGSV,09,,38
2026-06-01T18:04:19.323706,$GBGSV,10,,41
2026-06-01T18:04:19.324602,$GBGSV,13,,42
2026-06-01T18:04:19.324602,$GBGSV,25,,44
2026-06-01T18:04:19.324602,$GBGSV,28,,37
2026-06-01T18:04:19.324602,$GBGSV,33,,40
2026-06-01T18:04:19.325438,$GBGSV,09,,35
2026-06-01T18:04:19.325438,$GBGSV,10,,38
2026-06-01T18:04:19.325438,$GBGSV,33,,10
2026-06-01T18:04:20.299942,$GPGSV,10,,37
2026-06-01T18:04:20.299942,$GPGSV,12,,22
2026-06-01T18:04:20.299942,$GPGSV,18,,40
2026-06-01T18:04:20.299942,$GPGSV,23,,40
2026-06-01T18:04:20.302337,$GPGSV,24,,27
2026-06-01T18:04:20.302337,$GPGSV,25,,22
2026-06-01T18:04:20.302337,$GPGSV,28,,36
2026-06-01T18:04:20.302337,$GPGSV,32,,34
2026-06-01T18:04:20.304231,$GPGSV,41,,39
2026-06-01T18:04:20.304231,$GPGSV,42,,39
2026-06-01T18:04:20.304231,$GPGSV,50,,35
2026-06-01T18:04:20.306780,$GPGSV,10,,32
2026-06-01T18:04:20.306780,$GPGSV,12,,18
2026-06-01T18:04:20.306780,$GPGSV,18,,38
2026-06-01T18:04:20.306780,$GPGSV,23,,37
2026-06-01T18:04:20.308984,$GPGSV,24,,24
2026-06-01T18:04:20.308984,$GPGSV,25,,17
2026-06-01T18:04:20.308984,$GPGSV,28,,32
2026-06-01T18:04:20.308984,$GPGSV,32,,23
2026-06-01T18:04:20.314455,$GLGSV,65,,25
2026-06-01T18:04:20.314455,$GLGSV,72,,13
2026-06-01T18:04:20.314455,$GLGSV,74,,20
2026-06-01T18:04:20.314455,$GLGSV,75,,39
2026-06-01T18:04:20.316272,$GLGSV,87,,37
2026-06-01T18:04:20.316272,$GLGSV,88,,29
2026-06-01T18:04:20.318218,$GLGSV,72,,18
2026-06-01T18:04:20.318218,$GLGSV,75,,42
2026-06-01T18:04:20.318218,$GLGSV,88,,33
2026-06-01T18:04:20.321711,$GAGSV,03,,38
2026-06-01T18:04:20.321711,$GAGSV,08,,33
2026-06-01T18:04:20.321711,$GAGSV,15,,39
2026-06-01T18:04:20.321711,$GAGSV,32,,39
2026-06-01T18:04:20.322330,$GAGSV,34,,39
2026-06-01T18:04:20.323360,$GAGSV,03,,38
2026-06-01T18:04:20.323360,$GAGSV,08,,26
2026-06-01T18:04:20.323360,$GAGSV,15,,40
2026-06-01T18:04:20.323360,$GAGSV,32,,41
2026-06-01T18:04:20.323962,$GAGSV,34,,40
2026-06-01T18:04:20.327177,$GBGSV,06,,42
2026-06-01T18:04:20.327177,$GBGSV,07,,43
2026-06-01T18:04:20.327177,$GBGSV,09,,38
2026-06-01T18:04:20.327177,$GBGSV,10,,41
2026-06-01T18:04:20.328046,$GBGSV,13,,37
2026-06-01T18:04:20.328046,$GBGSV,25,,44
2026-06-01T18:04:20.328046,$GBGSV,28,,34
2026-06-01T18:04:20.328046,$GBGSV,33,,39
2026-06-01T18:04:20.328788,$GBGSV,09,,36
2026-06-01T18:04:20.328788,$GBGSV,10,,39
2026-06-01T18:04:20.328788,$GBGSV,33,,08
2026-06-01T18:04:21.295143,$GPGSV,10,,39
2026-06-01T18:04:21.295143,$GPGSV,12,,24
2026-06-01T18:04:21.295143,$GPGSV,18,,40
2026-06-01T18:04:21.295143,$GPGSV,23,,40
2026-06-01T18:04:21.297670,$GPGSV,24,,26
2026-06-01T18:04:21.297670,$GPGSV,25,,30
2026-06-01T18:04:21.297670,$GPGSV,28,,28
2026-06-01T18:04:21.297670,$GPGSV,32,,29
2026-06-01T18:04:21.299604,$GPGSV,41,,37
2026-06-01T18:04:21.299604,$GPGSV,42,,39
2026-06-01T18:04:21.299604,$GPGSV,50,,35
2026-06-01T18:04:21.301895,$GPGSV,10,,32
2026-06-01T18:04:21.301895,$GPGSV,12,,18
2026-06-01T18:04:21.301895,$GPGSV,18,,39
2026-06-01T18:04:21.301895,$GPGSV,23,,37
2026-06-01T18:04:21.304154,$GPGSV,24,,23
2026-06-01T18:04:21.304154,$GPGSV,25,,18
2026-06-01T18:04:21.304154,$GPGSV,28,,27
2026-06-01T18:04:21.304154,$GPGSV,32,,24
2026-06-01T18:04:21.309925,$GLGSV,65,,26
2026-06-01T18:04:21.309925,$GLGSV,72,,13
2026-06-01T18:04:21.309925,$GLGSV,74,,21
2026-06-01T18:04:21.309925,$GLGSV,75,,37
2026-06-01T18:04:21.311271,$GLGSV,87,,38
2026-06-01T18:04:21.311271,$GLGSV,88,,36
2026-06-01T18:04:21.312503,$GLGSV,72,,19
2026-06-01T18:04:21.312503,$GLGSV,75,,44
2026-06-01T18:04:21.312503,$GLGSV,88,,29
2026-06-01T18:04:21.315113,$GAGSV,03,,38
2026-06-01T18:04:21.315113,$GAGSV,08,,34
2026-06-01T18:04:21.315113,$GAGSV,15,,39
2026-06-01T18:04:21.315113,$GAGSV,32,,37
2026-06-01T18:04:21.315907,$GAGSV,34,,41
2026-06-01T18:04:21.317068,$GAGSV,03,,38
2026-06-01T18:04:21.317068,$GAGSV,08,,35
2026-06-01T18:04:21.317068,$GAGSV,15,,40
2026-06-01T18:04:21.317068,$GAGSV,32,,37
2026-06-01T18:04:21.317787,$GAGSV,34,,40
2026-06-01T18:04:21.320871,$GBGSV,06,,42
2026-06-01T18:04:21.320871,$GBGSV,07,,43
2026-06-01T18:04:21.320871,$GBGSV,09,,39
2026-06-01T18:04:21.320871,$GBGSV,10,,41
2026-06-01T18:04:21.321822,$GBGSV,13,,37
2026-06-01T18:04:21.321822,$GBGSV,25,,43
2026-06-01T18:04:21.321822,$GBGSV,28,,33
2026-06-01T18:04:21.321822,$GBGSV,33,,37
2026-06-01T18:04:21.322616,$GBGSV,09,,35
2026-06-01T18:04:21.322616,$GBGSV,10,,39
2026-06-01T18:04:21.322616,$GBGSV,33,,08
2026-06-01T18:04:22.303315,$GPGSV,10,,37
2026-06-01T18:04:22.303315,$GPGSV,12,,28
2026-06-01T18:04:22.303315,$GPGSV,18,,37
2026-06-01T18:04:22.303315,$GPGSV,23,,38
2026-06-01T18:04:22.306143,$GPGSV,24,,25
2026-06-01T18:04:22.306143,$GPGSV,25,,22
2026-06-01T18:04:22.306143,$GPGSV,28,,35
2026-06-01T18:04:22.306143,$GPGSV,32,,31
2026-06-01T18:04:22.308639,$GPGSV,41,,40
2026-06-01T18:04:22.308639,$GPGSV,42,,42
2026-06-01T18:04:22.308639,$GPGSV,50,,37
2026-06-01T18:04:22.311556,$GPGSV,10,,33
2026-06-01T18:04:22.311556,$GPGSV,12,,17
2026-06-01T18:04:22.311556,$GPGSV,18,,39
2026-06-01T18:04:22.311556,$GPGSV,23,,37
2026-06-01T18:04:22.314109,$GPGSV,24,,22
2026-06-01T18:04:22.314109,$GPGSV,25,,22
2026-06-01T18:04:22.314109,$GPGSV,28,,28
2026-06-01T18:04:22.314109,$GPGSV,32,,25
2026-06-01T18:04:22.319512,$GLGSV,65,,26
2026-06-01T18:04:22.319512,$GLGSV,72,,12
2026-06-01T18:04:22.319512,$GLGSV,74,,21
2026-06-01T18:04:22.319512,$GLGSV,75,,39
2026-06-01T18:04:22.320557,$GLGSV,87,,36
2026-06-01T18:04:22.320557,$GLGSV,88,,38
2026-06-01T18:04:22.322044,$GLGSV,72,,20
2026-06-01T18:04:22.322044,$GLGSV,75,,42
2026-06-01T18:04:22.322044,$GLGSV,88,,28
2026-06-01T18:04:22.324954,$GAGSV,03,,38
2026-06-01T18:04:22.324954,$GAGSV,08,,34
2026-06-01T18:04:22.324954,$GAGSV,15,,39
2026-06-01T18:04:22.324954,$GAGSV,32,,36
2026-06-01T18:04:22.325906,$GAGSV,34,,39
2026-06-01T18:04:22.326947,$GAGSV,03,,38
2026-06-01T18:04:22.326947,$GAGSV,08,,37
2026-06-01T18:04:22.326947,$GAGSV,15,,39
2026-06-01T18:04:22.326947,$GAGSV,32,,38
2026-06-01T18:04:22.327643,$GAGSV,34,,39
2026-06-01T18:04:22.329950,$GBGSV,06,,41
2026-06-01T18:04:22.329950,$GBGSV,07,,42
2026-06-01T18:04:22.329950,$GBGSV,09,,38
2026-06-01T18:04:22.329950,$GBGSV,10,,41
2026-06-01T18:04:22.330827,$GBGSV,13,,31
2026-06-01T18:04:22.330827,$GBGSV,25,,42
2026-06-01T18:04:22.330827,$GBGSV,28,,37
2026-06-01T18:04:22.330827,$GBGSV,33,,41
2026-06-01T18:04:22.331709,$GBGSV,09,,36
2026-06-01T18:04:22.331709,$GBGSV,10,,38
2026-06-01T18:04:22.331709,$GBGSV,28,,04
2026-06-01T18:04:22.331709,$GBGSV,33,,07
2026-06-01T18:04:23.299658,$GPGSV,10,,37
2026-06-01T18:04:23.299658,$GPGSV,12,,28
2026-06-01T18:04:23.299658,$GPGSV,18,,37
2026-06-01T18:04:23.299658,$GPGSV,23,,39
2026-06-01T18:04:23.302504,$GPGSV,24,,24
2026-06-01T18:04:23.302504,$GPGSV,25,,22
2026-06-01T18:04:23.302504,$GPGSV,28,,34
2026-06-01T18:04:23.302504,$GPGSV,32,,33
2026-06-01T18:04:23.304945,$GPGSV,41,,39
2026-06-01T18:04:23.304945,$GPGSV,42,,42
2026-06-01T18:04:23.304945,$GPGSV,50,,37
2026-06-01T18:04:23.307695,$GPGSV,10,,33
2026-06-01T18:04:23.307695,$GPGSV,12,,16
2026-06-01T18:04:23.307695,$GPGSV,18,,40
2026-06-01T18:04:23.307695,$GPGSV,23,,38
2026-06-01T18:04:23.310601,$GPGSV,24,,22
2026-06-01T18:04:23.310601,$GPGSV,25,,22
2026-06-01T18:04:23.310601,$GPGSV,28,,28
2026-06-01T18:04:23.310601,$GPGSV,32,,26
2026-06-01T18:04:23.317342,$GLGSV,65,,27
2026-06-01T18:04:23.317342,$GLGSV,72,,10
2026-06-01T18:04:23.317342,$GLGSV,74,,21
2026-06-01T18:04:23.317342,$GLGSV,75,,38
2026-06-01T18:04:23.318899,$GLGSV,87,,35
2026-06-01T18:04:23.318899,$GLGSV,88,,37
2026-06-01T18:04:23.320526,$GLGSV,72,,19
2026-06-01T18:04:23.320526,$GLGSV,75,,42
2026-06-01T18:04:23.320526,$GLGSV,88,,28
2026-06-01T18:04:23.323528,$GAGSV,03,,39
2026-06-01T18:04:23.323528,$GAGSV,08,,35
2026-06-01T18:04:23.323528,$GAGSV,15,,39
2026-06-01T18:04:23.323528,$GAGSV,32,,37
2026-06-01T18:04:23.324632,$GAGSV,34,,38
2026-06-01T18:04:23.326464,$GAGSV,03,,38
2026-06-01T18:04:23.326464,$GAGSV,08,,36
2026-06-01T18:04:23.326464,$GAGSV,15,,40
2026-06-01T18:04:23.326464,$GAGSV,32,,38
2026-06-01T18:04:23.327201,$GAGSV,34,,39
2026-06-01T18:04:23.329906,$GBGSV,06,,41
2026-06-01T18:04:23.329906,$GBGSV,07,,43
2026-06-01T18:04:23.329906,$GBGSV,09,,39
2026-06-01T18:04:23.329906,$GBGSV,10,,41
2026-06-01T18:04:23.330969,$GBGSV,13,,32
2026-06-01T18:04:23.330969,$GBGSV,25,,42
2026-06-01T18:04:23.330969,$GBGSV,28,,37
2026-06-01T18:04:23.330969,$GBGSV,33,,42
2026-06-01T18:04:23.331914,$GBGSV,09,,36
2026-06-01T18:04:23.331914,$GBGSV,10,,38
2026-06-01T18:04:23.331914,$GBGSV,28,,06
2026-06-01T18:04:23.331914,$GBGSV,33,,08
2026-06-01T18:04:24.300888,$GPGSV,10,,38
2026-06-01T18:04:24.300888,$GPGSV,12,,28
2026-06-01T18:04:24.300888,$GPGSV,18,,37
2026-06-01T18:04:24.300888,$GPGSV,23,,39
2026-06-01T18:04:24.303702,$GPGSV,24,,23
2026-06-01T18:04:24.303702,$GPGSV,25,,21
2026-06-01T18:04:24.303702,$GPGSV,28,,34
2026-06-01T18:04:24.303702,$GPGSV,32,,32
2026-06-01T18:04:24.306206,$GPGSV,41,,39
2026-06-01T18:04:24.306206,$GPGSV,42,,42
2026-06-01T18:04:24.306206,$GPGSV,50,,37
2026-06-01T18:04:24.308737,$GPGSV,10,,33
2026-06-01T18:04:24.308737,$GPGSV,12,,17
2026-06-01T18:04:24.308737,$GPGSV,18,,40
2026-06-01T18:04:24.308737,$GPGSV,23,,38
2026-06-01T18:04:24.310587,$GPGSV,24,,23
2026-06-01T18:04:24.310587,$GPGSV,25,,21
2026-06-01T18:04:24.310587,$GPGSV,28,,28
2026-06-01T18:04:24.310587,$GPGSV,32,,27
2026-06-01T18:04:24.314986,$GLGSV,65,,27
2026-06-01T18:04:24.314986,$GLGSV,72,,10
2026-06-01T18:04:24.314986,$GLGSV,74,,21
2026-06-01T18:04:24.314986,$GLGSV,75,,38
2026-06-01T18:04:24.316032,$GLGSV,87,,35
2026-06-01T18:04:24.316032,$GLGSV,88,,37
2026-06-01T18:04:24.317284,$GLGSV,72,,18
2026-06-01T18:04:24.317284,$GLGSV,75,,42
2026-06-01T18:04:24.317284,$GLGSV,88,,28
2026-06-01T18:04:24.319356,$GAGSV,03,,39
2026-06-01T18:04:24.319356,$GAGSV,08,,35
2026-06-01T18:04:24.319356,$GAGSV,15,,39
2026-06-01T18:04:24.319356,$GAGSV,32,,37
2026-06-01T18:04:24.320064,$GAGSV,34,,39
2026-06-01T18:04:24.321286,$GAGSV,03,,38
2026-06-01T18:04:24.321286,$GAGSV,08,,36
2026-06-01T18:04:24.321286,$GAGSV,15,,40
2026-06-01T18:04:24.321286,$GAGSV,32,,38
2026-06-01T18:04:24.322869,$GAGSV,34,,39
2026-06-01T18:04:24.325804,$GBGSV,06,,41
2026-06-01T18:04:24.325804,$GBGSV,07,,42
2026-06-01T18:04:24.325804,$GBGSV,09,,39
2026-06-01T18:04:24.325804,$GBGSV,10,,41
2026-06-01T18:04:24.326684,$GBGSV,13,,32
2026-06-01T18:04:24.326684,$GBGSV,25,,42
2026-06-01T18:04:24.326684,$GBGSV,28,,38
2026-06-01T18:04:24.326684,$GBGSV,33,,42
2026-06-01T18:04:24.327578,$GBGSV,09,,36
2026-06-01T18:04:24.327578,$GBGSV,10,,38
2026-06-01T18:04:24.327578,$GBGSV,28,,07
2026-06-01T18:04:24.327578,$GBGSV,33,,08
2026-06-01T18:04:25.300192,$GPGSV,10,,38
2026-06-01T18:04:25.300192,$GPGSV,12,,28
2026-06-01T18:04:25.300192,$GPGSV,18,,37
2026-06-01T18:04:25.300192,$GPGSV,23,,39
2026-06-01T18:04:25.303039,$GPGSV,24,,22
2026-06-01T18:04:25.303039,$GPGSV,25,,21
2026-06-01T18:04:25.303039,$GPGSV,28,,33
2026-06-01T18:04:25.303039,$GPGSV,32,,33
2026-06-01T18:04:25.305544,$GPGSV,41,,39
2026-06-01T18:04:25.305544,$GPGSV,42,,42
2026-06-01T18:04:25.305544,$GPGSV,50,,37
2026-06-01T18:04:25.308266,$GPGSV,10,,33
2026-06-01T18:04:25.308266,$GPGSV,12,,18
2026-06-01T18:04:25.308266,$GPGSV,18,,40
2026-06-01T18:04:25.308266,$GPGSV,23,,38
2026-06-01T18:04:25.311082,$GPGSV,24,,24
2026-06-01T18:04:25.311082,$GPGSV,25,,21
2026-06-01T18:04:25.311082,$GPGSV,28,,27
2026-06-01T18:04:25.311082,$GPGSV,32,,27
2026-06-01T18:04:25.316469,$GLGSV,65,,27
2026-06-01T18:04:25.316469,$GLGSV,72,,13
2026-06-01T18:04:25.316469,$GLGSV,74,,21
2026-06-01T18:04:25.316469,$GLGSV,75,,38
2026-06-01T18:04:25.317942,$GLGSV,87,,35
2026-06-01T18:04:25.317942,$GLGSV,88,,37
2026-06-01T18:04:25.319258,$GLGSV,72,,17
2026-06-01T18:04:25.319258,$GLGSV,75,,42
2026-06-01T18:04:25.319258,$GLGSV,88,,27
2026-06-01T18:04:25.321698,$GAGSV,03,,39
2026-06-01T18:04:25.321698,$GAGSV,08,,35
2026-06-01T18:04:25.321698,$GAGSV,15,,39
2026-06-01T18:04:25.321698,$GAGSV,32,,37
2026-06-01T18:04:25.322336,$GAGSV,34,,39
2026-06-01T18:04:25.323404,$GAGSV,03,,38
2026-06-01T18:04:25.323404,$GAGSV,08,,36
2026-06-01T18:04:25.323404,$GAGSV,15,,40
2026-06-01T18:04:25.323404,$GAGSV,32,,38
2026-06-01T18:04:25.323910,$GAGSV,34,,39
2026-06-01T18:04:25.326558,$GBGSV,06,,41
2026-06-01T18:04:25.326558,$GBGSV,07,,43
2026-06-01T18:04:25.326558,$GBGSV,09,,39
2026-06-01T18:04:25.326558,$GBGSV,10,,41
2026-06-01T18:04:25.327555,$GBGSV,13,,32
2026-06-01T18:04:25.327555,$GBGSV,25,,42
2026-06-01T18:04:25.327555,$GBGSV,28,,38
2026-06-01T18:04:25.327555,$GBGSV,33,,42
2026-06-01T18:04:25.328989,$GBGSV,09,,36
2026-06-01T18:04:25.328989,$GBGSV,10,,38
2026-06-01T18:04:25.328989,$GBGSV,28,,08
2026-06-01T18:04:25.328989,$GBGSV,33,,08
2026-06-01T18:04:26.300839,$GPGSV,10,,37
2026-06-01T18:04:26.300839,$GPGSV,12,,28
2026-06-01T18:04:26.300839,$GPGSV,18,,37
2026-06-01T18:04:26.300839,$GPGSV,23,,39
2026-06-01T18:04:26.303627,$GPGSV,24,,21
2026-06-01T18:04:26.303627,$GPGSV,25,,21
2026-06-01T18:04:26.303627,$GPGSV,28,,34
2026-06-01T18:04:26.303627,$GPGSV,32,,33
2026-06-01T18:04:26.306133,$GPGSV,41,,39
2026-06-01T18:04:26.306133,$GPGSV,42,,42
2026-06-01T18:04:26.306133,$GPGSV,50,,37
2026-06-01T18:04:26.308866,$GPGSV,10,,34
2026-06-01T18:04:26.308866,$GPGSV,12,,19
2026-06-01T18:04:26.308866,$GPGSV,18,,40
2026-06-01T18:04:26.308866,$GPGSV,23,,38
2026-06-01T18:04:26.311722,$GPGSV,24,,24
2026-06-01T18:04:26.311722,$GPGSV,25,,21
2026-06-01T18:04:26.311722,$GPGSV,28,,28
2026-06-01T18:04:26.311722,$GPGSV,32,,27
2026-06-01T18:04:26.316887,$GLGSV,65,,27
2026-06-01T18:04:26.316887,$GLGSV,72,,14
2026-06-01T18:04:26.316887,$GLGSV,74,,22
2026-06-01T18:04:26.316887,$GLGSV,75,,38
2026-06-01T18:04:26.318137,$GLGSV,87,,34
2026-06-01T18:04:26.318137,$GLGSV,88,,36
2026-06-01T18:04:26.319343,$GLGSV,72,,17
2026-06-01T18:04:26.319343,$GLGSV,75,,41
2026-06-01T18:04:26.319343,$GLGSV,88,,28
2026-06-01T18:04:26.322741,$GAGSV,03,,39
2026-06-01T18:04:26.322741,$GAGSV,08,,35
2026-06-01T18:04:26.322741,$GAGSV,15,,39
2026-06-01T18:04:26.322741,$GAGSV,32,,37
2026-06-01T18:04:26.323753,$GAGSV,34,,38
2026-06-01T18:04:26.324825,$GAGSV,03,,38
2026-06-01T18:04:26.324825,$GAGSV,08,,36
2026-06-01T18:04:26.324825,$GAGSV,15,,40
2026-06-01T18:04:26.324825,$GAGSV,32,,38
2026-06-01T18:04:26.325535,$GAGSV,34,,39
2026-06-01T18:04:26.328101,$GBGSV,06,,41
2026-06-01T18:04:26.328101,$GBGSV,07,,42
2026-06-01T18:04:26.328101,$GBGSV,09,,39
2026-06-01T18:04:26.328101,$GBGSV,10,,41
2026-06-01T18:04:26.328977,$GBGSV,13,,32
2026-06-01T18:04:26.328977,$GBGSV,25,,42
2026-06-01T18:04:26.328977,$GBGSV,28,,38
2026-06-01T18:04:26.328977,$GBGSV,33,,42
2026-06-01T18:04:26.329894,$GBGSV,09,,36
2026-06-01T18:04:26.329894,$GBGSV,10,,38
2026-06-01T18:04:26.329894,$GBGSV,28,,08
2026-06-01T18:04:26.329894,$GBGSV,33,,08
2026-06-01T18:04:27.299815,$GPGSV,10,,37
2026-06-01T18:04:27.299815,$GPGSV,12,,28
2026-06-01T18:04:27.299815,$GPGSV,18,,37
2026-06-01T18:04:27.299815,$GPGSV,23,,39
2026-06-01T18:04:27.302129,$GPGSV,24,,21
2026-06-01T18:04:27.302129,$GPGSV,25,,21
2026-06-01T18:04:27.302129,$GPGSV,28,,34
2026-06-01T18:04:27.302129,$GPGSV,32,,33
2026-06-01T18:04:27.304013,$GPGSV,41,,39
2026-06-01T18:04:27.304013,$GPGSV,42,,42
2026-06-01T18:04:27.304013,$GPGSV,50,,37
2026-06-01T18:04:27.306229,$GPGSV,10,,34
2026-06-01T18:04:27.306229,$GPGSV,12,,19
2026-06-01T18:04:27.306229,$GPGSV,18,,40
2026-06-01T18:04:27.306229,$GPGSV,23,,37
2026-06-01T18:04:27.308500,$GPGSV,24,,24
2026-06-01T18:04:27.308500,$GPGSV,25,,21
2026-06-01T18:04:27.308500,$GPGSV,28,,28
2026-06-01T18:04:27.308500,$GPGSV,32,,27
2026-06-01T18:04:27.314241,$GLGSV,65,,27
2026-06-01T18:04:27.314241,$GLGSV,72,,13
2026-06-01T18:04:27.314241,$GLGSV,74,,21
2026-06-01T18:04:27.314241,$GLGSV,75,,38
2026-06-01T18:04:27.315307,$GLGSV,87,,34
2026-06-01T18:04:27.315307,$GLGSV,88,,36
2026-06-01T18:04:27.317211,$GLGSV,72,,17
2026-06-01T18:04:27.317211,$GLGSV,75,,41
2026-06-01T18:04:27.317211,$GLGSV,88,,29
2026-06-01T18:04:27.319440,$GAGSV,03,,39
2026-06-01T18:04:27.319440,$GAGSV,08,,35
2026-06-01T18:04:27.319440,$GAGSV,15,,39
2026-06-01T18:04:27.319440,$GAGSV,32,,37
2026-06-01T18:04:27.320041,$GAGSV,34,,38
2026-06-01T18:04:27.321133,$GAGSV,03,,38
2026-06-01T18:04:27.321133,$GAGSV,08,,36
2026-06-01T18:04:27.321133,$GAGSV,15,,40
2026-06-01T18:04:27.321133,$GAGSV,32,,38
2026-06-01T18:04:27.321903,$GAGSV,34,,39
2026-06-01T18:04:27.325555,$GBGSV,06,,41
2026-06-01T18:04:27.325555,$GBGSV,07,,42
2026-06-01T18:04:27.325555,$GBGSV,09,,39
2026-06-01T18:04:27.325555,$GBGSV,10,,41
2026-06-01T18:04:27.326530,$GBGSV,13,,33
2026-06-01T18:04:27.326530,$GBGSV,25,,42
2026-06-01T18:04:27.326530,$GBGSV,28,,38
2026-06-01T18:04:27.326530,$GBGSV,33,,42
2026-06-01T18:04:27.327360,$GBGSV,09,,36
2026-06-01T18:04:27.327360,$GBGSV,10,,38
2026-06-01T18:04:27.327360,$GBGSV,28,,07
2026-06-01T18:04:27.327360,$GBGSV,33,,09
2026-06-01T18:04:28.300184,$GPGSV,10,,37
2026-06-01T18:04:28.300184,$GPGSV,12,,28
2026-06-01T18:04:28.300184,$GPGSV,18,,37
2026-06-01T18:04:28.300184,$GPGSV,23,,39
2026-06-01T18:04:28.302596,$GPGSV,24,,21
2026-06-01T18:04:28.302596,$GPGSV,25,,22
2026-06-01T18:04:28.302596,$GPGSV,28,,34
2026-06-01T18:04:28.302596,$GPGSV,32,,33
2026-06-01T18:04:28.304554,$GPGSV,41,,39
2026-06-01T18:04:28.304554,$GPGSV,42,,42
2026-06-01T18:04:28.304554,$GPGSV,50,,37
2026-06-01T18:04:28.306938,$GPGSV,10,,34
2026-06-01T18:04:28.306938,$GPGSV,12,,19
2026-06-01T18:04:28.306938,$GPGSV,18,,40
2026-06-01T18:04:28.306938,$GPGSV,23,,37
2026-06-01T18:04:28.308862,$GPGSV,24,,24
2026-06-01T18:04:28.308862,$GPGSV,25,,21
2026-06-01T18:04:28.308862,$GPGSV,28,,28
2026-06-01T18:04:28.308862,$GPGSV,32,,27
2026-06-01T18:04:28.312952,$GLGSV,65,,27
2026-06-01T18:04:28.312952,$GLGSV,72,,13
2026-06-01T18:04:28.312952,$GLGSV,74,,22
2026-06-01T18:04:28.312952,$GLGSV,75,,38
2026-06-01T18:04:28.313909,$GLGSV,87,,34
2026-06-01T18:04:28.313909,$GLGSV,88,,36
2026-06-01T18:04:28.314957,$GLGSV,72,,18
2026-06-01T18:04:28.314957,$GLGSV,75,,42
2026-06-01T18:04:28.314957,$GLGSV,88,,28
2026-06-01T18:04:28.317866,$GAGSV,03,,39
2026-06-01T18:04:28.317866,$GAGSV,08,,35
2026-06-01T18:04:28.317866,$GAGSV,15,,39
2026-06-01T18:04:28.317866,$GAGSV,32,,36
2026-06-01T18:04:28.318374,$GAGSV,34,,38
2026-06-01T18:04:28.319467,$GAGSV,03,,38
2026-06-01T18:04:28.319467,$GAGSV,08,,36
2026-06-01T18:04:28.319467,$GAGSV,15,,40
2026-06-01T18:04:28.319467,$GAGSV,32,,38
2026-06-01T18:04:28.320190,$GAGSV,34,,39
2026-06-01T18:04:28.323252,$GBGSV,06,,41
2026-06-01T18:04:28.323252,$GBGSV,07,,42
2026-06-01T18:04:28.323252,$GBGSV,09,,38
2026-06-01T18:04:28.323252,$GBGSV,10,,41
2026-06-01T18:04:28.324217,$GBGSV,13,,32
2026-06-01T18:04:28.324217,$GBGSV,25,,42
2026-06-01T18:04:28.324217,$GBGSV,28,,37
2026-06-01T18:04:28.324217,$GBGSV,33,,42
2026-06-01T18:04:28.325032,$GBGSV,09,,36
2026-06-01T18:04:28.325032,$GBGSV,10,,38
2026-06-01T18:04:28.325032,$GBGSV,28,,08
2026-06-01T18:04:28.325032,$GBGSV,33,,08
2026-06-01T18:04:29.300620,$GPGSV,10,,37
2026-06-01T18:04:29.300620,$GPGSV,12,,28
2026-06-01T18:04:29.300620,$GPGSV,18,,37
2026-06-01T18:04:29.300620,$GPGSV,23,,39
2026-06-01T18:04:29.304385,$GPGSV,24,,22
2026-06-01T18:04:29.304385,$GPGSV,25,,22
2026-06-01T18:04:29.304385,$GPGSV,28,,33
2026-06-01T18:04:29.304385,$GPGSV,32,,33
2026-06-01T18:04:29.306709,$GPGSV,41,,39
2026-06-01T18:04:29.306709,$GPGSV,42,,42
2026-06-01T18:04:29.306709,$GPGSV,50,,37
2026-06-01T18:04:29.308906,$GPGSV,10,,34
2026-06-01T18:04:29.308906,$GPGSV,12,,20
2026-06-01T18:04:29.308906,$GPGSV,18,,40
2026-06-01T18:04:29.308906,$GPGSV,23,,37
2026-06-01T18:04:29.311499,$GPGSV,24,,24
2026-06-01T18:04:29.311499,$GPGSV,25,,22
2026-06-01T18:04:29.311499,$GPGSV,28,,28
2026-06-01T18:04:29.311499,$GPGSV,32,,28
2026-06-01T18:04:29.316568,$GLGSV,65,,27
2026-06-01T18:04:29.316568,$GLGSV,72,,12
2026-06-01T18:04:29.316568,$GLGSV,74,,21
2026-06-01T18:04:29.316568,$GLGSV,75,,39
2026-06-01T18:04:29.317621,$GLGSV,87,,34
2026-06-01T18:04:29.317621,$GLGSV,88,,36
2026-06-01T18:04:29.318857,$GLGSV,72,,18
2026-06-01T18:04:29.318857,$GLGSV,75,,42
2026-06-01T18:04:29.318857,$GLGSV,88,,29
2026-06-01T18:04:29.322761,$GAGSV,03,,39
2026-06-01T18:04:29.322761,$GAGSV,08,,35
2026-06-01T18:04:29.322761,$GAGSV,15,,39
2026-06-01T18:04:29.322761,$GAGSV,32,,37
2026-06-01T18:04:29.323828,$GAGSV,34,,38
2026-06-01T18:04:29.324813,$GAGSV,03,,37
2026-06-01T18:04:29.324813,$GAGSV,08,,36
2026-06-01T18:04:29.324813,$GAGSV,15,,40
2026-06-01T18:04:29.324813,$GAGSV,32,,38
2026-06-01T18:04:29.325481,$GAGSV,34,,39
2026-06-01T18:04:29.328018,$GBGSV,06,,41
2026-06-01T18:04:29.328018,$GBGSV,07,,42
2026-06-01T18:04:29.328018,$GBGSV,09,,39
2026-06-01T18:04:29.328018,$GBGSV,10,,41
2026-06-01T18:04:29.328848,$GBGSV,13,,32
2026-06-01T18:04:29.328848,$GBGSV,25,,42
2026-06-01T18:04:29.328848,$GBGSV,28,,37
2026-06-01T18:04:29.328848,$GBGSV,33,,42
2026-06-01T18:04:29.329475,$GBGSV,09,,36
2026-06-01T18:04:29.329475,$GBGSV,10,,38
2026-06-01T18:04:29.329475,$GBGSV,28,,09
2026-06-01T18:04:30.298115,$GPGSV,10,,37
2026-06-01T18:04:30.298115,$GPGSV,12,,28
2026-06-01T18:04:30.298115,$GPGSV,18,,37
2026-06-01T18:04:30.298115,$GPGSV,23,,39
2026-06-01T18:04:30.299882,$GPGSV,24,,21
2026-06-01T18:04:30.299882,$GPGSV,25,,22
2026-06-01T18:04:30.299882,$GPGSV,28,,34
2026-06-01T18:04:30.299882,$GPGSV,32,,33
2026-06-01T18:04:30.301147,$GPGSV,41,,39
2026-06-01T18:04:30.301147,$GPGSV,42,,42
2026-06-01T18:04:30.301147,$GPGSV,50,,37
2026-06-01T18:04:30.302813,$GPGSV,10,,34
2026-06-01T18:04:30.302813,$GPGSV,12,,20
2026-06-01T18:04:30.302813,$GPGSV,18,,40
2026-06-01T18:04:30.302813,$GPGSV,23,,37
2026-06-01T18:04:30.304425,$GPGSV,24,,25
2026-06-01T18:04:30.304425,$GPGSV,25,,22
2026-06-01T18:04:30.304425,$GPGSV,28,,28
2026-06-01T18:04:30.304425,$GPGSV,32,,28
2026-06-01T18:04:30.307656,$GLGSV,65,,27
2026-06-01T18:04:30.307656,$GLGSV,72,,09
2026-06-01T18:04:30.307656,$GLGSV,74,,22
2026-06-01T18:04:30.307656,$GLGSV,75,,39
2026-06-01T18:04:30.308471,$GLGSV,87,,35
2026-06-01T18:04:30.308471,$GLGSV,88,,37
2026-06-01T18:04:30.309408,$GLGSV,72,,18
2026-06-01T18:04:30.309408,$GLGSV,75,,41
2026-06-01T18:04:30.309408,$GLGSV,88,,28
2026-06-01T18:04:30.311109,$GAGSV,03,,39
2026-06-01T18:04:30.311109,$GAGSV,08,,35
2026-06-01T18:04:30.311109,$GAGSV,15,,39
2026-06-01T18:04:30.311109,$GAGSV,32,,36
2026-06-01T18:04:30.311598,$GAGSV,34,,38
2026-06-01T18:04:30.312438,$GAGSV,03,,38
2026-06-01T18:04:30.312438,$GAGSV,08,,36
2026-06-01T18:04:30.312438,$GAGSV,15,,40
2026-06-01T18:04:30.312438,$GAGSV,32,,38
2026-06-01T18:04:30.312961,$GAGSV,34,,39
2026-06-01T18:04:30.315291,$GBGSV,06,,41
2026-06-01T18:04:30.315291,$GBGSV,07,,43
2026-06-01T18:04:30.315291,$GBGSV,09,,39
2026-06-01T18:04:30.315291,$GBGSV,10,,41
2026-06-01T18:04:30.316326,$GBGSV,13,,32
2026-06-01T18:04:30.316326,$GBGSV,25,,42
2026-06-01T18:04:30.316326,$GBGSV,28,,37
2026-06-01T18:04:30.316326,$GBGSV,33,,42
2026-06-01T18:04:30.317690,$GBGSV,09,,36
2026-06-01T18:04:30.317690,$GBGSV,10,,38
2026-06-01T18:04:30.317690,$GBGSV,28,,08
2026-06-01T18:04:31.303057,$GPGSV,10,,37
2026-06-01T18:04:31.303057,$GPGSV,12,,27
2026-06-01T18:04:31.303057,$GPGSV,18,,38
2026-06-01T18:04:31.303057,$GPGSV,23,,39
2026-06-01T18:04:31.306140,$GPGSV,24,,21
2026-06-01T18:04:31.306140,$GPGSV,25,,22
2026-06-01T18:04:31.306140,$GPGSV,28,,33
2026-06-01T18:04:31.306140,$GPGSV,32,,33
2026-06-01T18:04:31.308582,$GPGSV,41,,39
2026-06-01T18:04:31.308582,$GPGSV,42,,43
2026-06-01T18:04:31.308582,$GPGSV,50,,37
2026-06-01T18:04:31.311473,$GPGSV,10,,34
2026-06-01T18:04:31.311473,$GPGSV,12,,18
2026-06-01T18:04:31.311473,$GPGSV,18,,40
2026-06-01T18:04:31.311473,$GPGSV,23,,37
2026-06-01T18:04:31.314629,$GPGSV,24,,25
2026-06-01T18:04:31.314629,$GPGSV,25,,22
2026-06-01T18:04:31.314629,$GPGSV,28,,28
2026-06-01T18:04:31.314629,$GPGSV,32,,28
2026-06-01T18:04:31.319255,$GLGSV,65,,26
2026-06-01T18:04:31.319255,$GLGSV,72,,08
2026-06-01T18:04:31.319255,$GLGSV,74,,21
2026-06-01T18:04:31.319255,$GLGSV,75,,39
2026-06-01T18:04:31.320315,$GLGSV,87,,35
2026-06-01T18:04:31.320315,$GLGSV,88,,37
2026-06-01T18:04:31.321812,$GLGSV,72,,20
2026-06-01T18:04:31.321812,$GLGSV,75,,41
2026-06-01T18:04:31.321812,$GLGSV,88,,28
2026-06-01T18:04:31.324761,$GAGSV,03,,39
2026-06-01T18:04:31.324761,$GAGSV,08,,35
2026-06-01T18:04:31.324761,$GAGSV,15,,39
2026-06-01T18:04:31.324761,$GAGSV,32,,36
2026-06-01T18:04:31.325563,$GAGSV,34,,38
2026-06-01T18:04:31.326627,$GAGSV,03,,38
2026-06-01T18:04:31.326627,$GAGSV,08,,36
2026-06-01T18:04:31.326627,$GAGSV,15,,40
2026-06-01T18:04:31.326627,$GAGSV,32,,39
2026-06-01T18:04:31.327434,$GAGSV,34,,39
2026-06-01T18:04:31.329961,$GBGSV,06,,41
2026-06-01T18:04:31.329961,$GBGSV,07,,43
2026-06-01T18:04:31.329961,$GBGSV,09,,39
2026-06-01T18:04:31.329961,$GBGSV,10,,42
2026-06-01T18:04:31.330843,$GBGSV,13,,33
2026-06-01T18:04:31.330843,$GBGSV,25,,42
2026-06-01T18:04:31.330843,$GBGSV,28,,37
2026-06-01T18:04:31.330843,$GBGSV,33,,42
2026-06-01T18:04:31.331619,$GBGSV,09,,36
2026-06-01T18:04:31.331619,$GBGSV,10,,38
2026-06-01T18:04:31.331619,$GBGSV,28,,08
2026-06-01T18:04:32.293832,$GPGSV,10,,37
2026-06-01T18:04:32.293832,$GPGSV,12,,27
2026-06-01T18:04:32.293832,$GPGSV,18,,38
2026-06-01T18:04:32.293832,$GPGSV,23,,38
2026-06-01T18:04:32.294553,$GPGSV,24,,21
2026-06-01T18:04:32.294553,$GPGSV,25,,23
2026-06-01T18:04:32.294553,$GPGSV,28,,33
2026-06-01T18:04:32.294553,$GPGSV,32,,33
2026-06-01T18:04:32.295155,$GPGSV,41,,39
2026-06-01T18:04:32.295155,$GPGSV,42,,43
2026-06-01T18:04:32.295155,$GPGSV,50,,38
2026-06-01T18:04:32.295845,$GPGSV,10,,34
2026-06-01T18:04:32.295845,$GPGSV,12,,17
2026-06-01T18:04:32.295845,$GPGSV,18,,40
2026-06-01T18:04:32.295845,$GPGSV,23,,37
2026-06-01T18:04:32.296541,$GPGSV,24,,25
2026-06-01T18:04:32.296541,$GPGSV,25,,23
2026-06-01T18:04:32.296541,$GPGSV,28,,28
2026-06-01T18:04:32.296541,$GPGSV,32,,28
2026-06-01T18:04:32.298356,$GLGSV,65,,26
2026-06-01T18:04:32.298356,$GLGSV,72,,08
2026-06-01T18:04:32.298356,$GLGSV,74,,21
2026-06-01T18:04:32.298356,$GLGSV,75,,40
2026-06-01T18:04:32.298998,$GLGSV,87,,35
2026-06-01T18:04:32.298998,$GLGSV,88,,37
2026-06-01T18:04:32.299611,$GLGSV,72,,20
2026-06-01T18:04:32.299611,$GLGSV,75,,41
2026-06-01T18:04:32.299611,$GLGSV,88,,28
2026-06-01T18:04:32.301033,$GAGSV,03,,39
2026-06-01T18:04:32.301033,$GAGSV,08,,35
2026-06-01T18:04:32.301033,$GAGSV,15,,39
2026-06-01T18:04:32.301033,$GAGSV,32,,36
2026-06-01T18:04:32.301477,$GAGSV,34,,38
2026-06-01T18:04:32.302208,$GAGSV,03,,38
2026-06-01T18:04:32.302208,$GAGSV,08,,37
2026-06-01T18:04:32.302208,$GAGSV,15,,40
2026-06-01T18:04:32.302208,$GAGSV,32,,39
2026-06-01T18:04:32.302635,$GAGSV,34,,39
2026-06-01T18:04:32.304841,$GBGSV,06,,41
2026-06-01T18:04:32.304841,$GBGSV,07,,43
2026-06-01T18:04:32.304841,$GBGSV,09,,39
2026-06-01T18:04:32.304841,$GBGSV,10,,41
2026-06-01T18:04:32.305691,$GBGSV,13,,32
2026-06-01T18:04:32.305691,$GBGSV,25,,42
2026-06-01T18:04:32.305691,$GBGSV,28,,38
2026-06-01T18:04:32.305691,$GBGSV,33,,42
2026-06-01T18:04:32.306275,$GBGSV,09,,36
2026-06-01T18:04:32.306275,$GBGSV,10,,38
2026-06-01T18:04:32.306275,$GBGSV,28,,07
2026-06-01T18:04:33.291809,$GPGSV,10,,38
2026-06-01T18:04:33.291809,$GPGSV,12,,27
2026-06-01T18:04:33.291809,$GPGSV,18,,38
2026-06-01T18:04:33.291809,$GPGSV,23,,39
2026-06-01T18:04:33.292547,$GPGSV,24,,19
2026-06-01T18:04:33.292547,$GPGSV,25,,23
2026-06-01T18:04:33.292547,$GPGSV,28,,33
2026-06-01T18:04:33.292547,$GPGSV,32,,34
2026-06-01T18:04:33.293454,$GPGSV,41,,39
2026-06-01T18:04:33.293454,$GPGSV,42,,43
2026-06-01T18:04:33.293454,$GPGSV,50,,38
2026-06-01T18:04:33.294214,$GPGSV,10,,34
2026-06-01T18:04:33.294214,$GPGSV,12,,17
2026-06-01T18:04:33.294214,$GPGSV,18,,40
2026-06-01T18:04:33.294214,$GPGSV,23,,37
2026-06-01T18:04:33.294931,$GPGSV,24,,24
2026-06-01T18:04:33.294931,$GPGSV,25,,22
2026-06-01T18:04:33.294931,$GPGSV,28,,29
2026-06-01T18:04:33.294931,$GPGSV,32,,28
2026-06-01T18:04:33.296742,$GLGSV,65,,26
2026-06-01T18:04:33.296742,$GLGSV,74,,21
2026-06-01T18:04:33.296742,$GLGSV,75,,40
2026-06-01T18:04:33.296742,$GLGSV,87,,35
2026-06-01T18:04:33.297139,$GLGSV,88,,37
2026-06-01T18:04:33.297778,$GLGSV,72,,20
2026-06-01T18:04:33.297778,$GLGSV,75,,41
2026-06-01T18:04:33.297778,$GLGSV,88,,28
2026-06-01T18:04:33.299030,$GAGSV,03,,39
2026-06-01T18:04:33.299030,$GAGSV,08,,35
2026-06-01T18:04:33.299030,$GAGSV,15,,39
2026-06-01T18:04:33.299030,$GAGSV,32,,36
2026-06-01T18:04:33.299427,$GAGSV,34,,38
2026-06-01T18:04:33.300104,$GAGSV,03,,38
2026-06-01T18:04:33.300104,$GAGSV,08,,37
2026-06-01T18:04:33.300104,$GAGSV,15,,40
2026-06-01T18:04:33.300104,$GAGSV,32,,39
2026-06-01T18:04:33.300501,$GAGSV,34,,39
2026-06-01T18:04:33.302351,$GBGSV,06,,41
2026-06-01T18:04:33.302351,$GBGSV,07,,43
2026-06-01T18:04:33.302351,$GBGSV,09,,39
2026-06-01T18:04:33.302351,$GBGSV,10,,41
2026-06-01T18:04:33.303448,$GBGSV,13,,32
2026-06-01T18:04:33.303448,$GBGSV,25,,42
2026-06-01T18:04:33.303448,$GBGSV,28,,38
2026-06-01T18:04:33.303448,$GBGSV,33,,42
2026-06-01T18:04:33.303920,$GBGSV,09,,36
2026-06-01T18:04:33.303920,$GBGSV,10,,38
2026-06-01T18:04:34.292714,$GPGSV,10,,37
2026-06-01T18:04:34.292714,$GPGSV,12,,27
2026-06-01T18:04:34.292714,$GPGSV,18,,38
2026-06-01T18:04:34.292714,$GPGSV,23,,39
2026-06-01T18:04:34.293580,$GPGSV,24,,20
2026-06-01T18:04:34.293580,$GPGSV,25,,23
2026-06-01T18:04:34.293580,$GPGSV,28,,33
2026-06-01T18:04:34.293580,$GPGSV,32,,33
2026-06-01T18:04:34.294204,$GPGSV,41,,39
2026-06-01T18:04:34.294204,$GPGSV,42,,43
2026-06-01T18:04:34.294204,$GPGSV,50,,38
2026-06-01T18:04:34.294915,$GPGSV,10,,34
2026-06-01T18:04:34.294915,$GPGSV,12,,17
2026-06-01T18:04:34.294915,$GPGSV,18,,40
2026-06-01T18:04:34.294915,$GPGSV,23,,37
2026-06-01T18:04:34.295636,$GPGSV,24,,25
2026-06-01T18:04:34.295636,$GPGSV,25,,22
2026-06-01T18:04:34.295636,$GPGSV,28,,28
2026-06-01T18:04:34.295636,$GPGSV,32,,27
2026-06-01T18:04:34.297381,$GLGSV,65,,26
2026-06-01T18:04:34.297381,$GLGSV,74,,21
2026-06-01T18:04:34.297381,$GLGSV,75,,40
2026-06-01T18:04:34.297381,$GLGSV,87,,35
2026-06-01T18:04:34.297784,$GLGSV,88,,36
2026-06-01T18:04:34.298363,$GLGSV,72,,18
2026-06-01T18:04:34.298363,$GLGSV,75,,41
2026-06-01T18:04:34.298363,$GLGSV,88,,27
2026-06-01T18:04:34.299800,$GAGSV,03,,39
2026-06-01T18:04:34.299800,$GAGSV,08,,35
2026-06-01T18:04:34.299800,$GAGSV,15,,39
2026-06-01T18:04:34.299800,$GAGSV,32,,36
2026-06-01T18:04:34.300209,$GAGSV,34,,38
2026-06-01T18:04:34.300870,$GAGSV,03,,38
2026-06-01T18:04:34.300870,$GAGSV,08,,37
2026-06-01T18:04:34.300870,$GAGSV,15,,40
2026-06-01T18:04:34.300870,$GAGSV,32,,39
2026-06-01T18:04:34.301278,$GAGSV,34,,39
2026-06-01T18:04:34.303115,$GBGSV,06,,41
2026-06-01T18:04:34.303115,$GBGSV,07,,43
2026-06-01T18:04:34.303115,$GBGSV,09,,38
2026-06-01T18:04:34.303115,$GBGSV,10,,41
2026-06-01T18:04:34.304177,$GBGSV,13,,31
2026-06-01T18:04:34.304177,$GBGSV,25,,42
2026-06-01T18:04:34.304177,$GBGSV,28,,37
2026-06-01T18:04:34.304177,$GBGSV,33,,42
2026-06-01T18:04:34.304652,$GBGSV,09,,36
2026-06-01T18:04:34.304652,$GBGSV,10,,38
2026-06-01T18:04:35.297860,$GPGSV,10,,37
2026-06-01T18:04:35.297860,$GPGSV,12,,28
2026-06-01T18:04:35.297860,$GPGSV,18,,38
2026-06-01T18:04:35.297860,$GPGSV,23,,38
2026-06-01T18:04:35.300324,$GPGSV,24,,20
2026-06-01T18:04:35.300324,$GPGSV,25,,23
2026-06-01T18:04:35.300324,$GPGSV,28,,32
2026-06-01T18:04:35.300324,$GPGSV,32,,33
2026-06-01T18:04:35.302379,$GPGSV,41,,39
2026-06-01T18:04:35.302379,$GPGSV,42,,43
2026-06-01T18:04:35.302379,$GPGSV,50,,37
2026-06-01T18:04:35.304869,$GPGSV,10,,34
2026-06-01T18:04:35.304869,$GPGSV,12,,17
2026-06-01T18:04:35.304869,$GPGSV,18,,40
2026-06-01T18:04:35.304869,$GPGSV,23,,37
2026-06-01T18:04:35.307135,$GPGSV,24,,25
2026-06-01T18:04:35.307135,$GPGSV,25,,22
2026-06-01T18:04:35.307135,$GPGSV,28,,28
2026-06-01T18:04:35.307135,$GPGSV,32,,28
2026-06-01T18:04:35.314296,$GLGSV,65,,26
2026-06-01T18:04:35.314296,$GLGSV,74,,22
2026-06-01T18:04:35.314296,$GLGSV,75,,39
2026-06-01T18:04:35.314296,$GLGSV,87,,35
2026-06-01T18:04:35.315307,$GLGSV,88,,36
2026-06-01T18:04:35.316610,$GLGSV,72,,15
2026-06-01T18:04:35.316610,$GLGSV,75,,41
2026-06-01T18:04:35.316610,$GLGSV,88,,26
2026-06-01T18:04:35.319194,$GAGSV,03,,39
2026-06-01T18:04:35.319194,$GAGSV,08,,35
2026-06-01T18:04:35.319194,$GAGSV,15,,39
2026-06-01T18:04:35.319194,$GAGSV,32,,36
2026-06-01T18:04:35.319864,$GAGSV,34,,38
2026-06-01T18:04:35.320932,$GAGSV,03,,37
2026-06-01T18:04:35.320932,$GAGSV,08,,37
2026-06-01T18:04:35.320932,$GAGSV,15,,39
2026-06-01T18:04:35.320932,$GAGSV,32,,39
2026-06-01T18:04:35.321657,$GAGSV,34,,39
2026-06-01T18:04:35.325732,$GBGSV,06,,41
2026-06-01T18:04:35.325732,$GBGSV,07,,42
2026-06-01T18:04:35.325732,$GBGSV,09,,39
2026-06-01T18:04:35.325732,$GBGSV,10,,41
2026-06-01T18:04:35.326596,$GBGSV,13,,31
2026-06-01T18:04:35.326596,$GBGSV,25,,42
2026-06-01T18:04:35.326596,$GBGSV,28,,37
2026-06-01T18:04:35.326596,$GBGSV,33,,42
2026-06-01T18:04:35.327218,$GBGSV,09,,36
2026-06-01T18:04:35.327218,$GBGSV,10,,38
2026-06-01T18:04:36.299278,$GPGSV,10,,37
2026-06-01T18:04:36.299278,$GPGSV,12,,28
2026-06-01T18:04:36.299278,$GPGSV,13,,34
2026-06-01T18:04:36.299278,$GPGSV,18,,39
2026-06-01T18:04:36.301700,$GPGSV,23,,39
2026-06-01T18:04:36.301700,$GPGSV,24,,20
2026-06-01T18:04:36.301700,$GPGSV,25,,24
2026-06-01T18:04:36.301700,$GPGSV,28,,33
2026-06-01T18:04:36.304050,$GPGSV,32,,33
2026-06-01T18:04:36.304050,$GPGSV,41,,40
2026-06-01T18:04:36.304050,$GPGSV,42,,42
2026-06-01T18:04:36.304050,$GPGSV,50,,37
2026-06-01T18:04:36.306428,$GPGSV,10,,34
2026-06-01T18:04:36.306428,$GPGSV,12,,16
2026-06-01T18:04:36.306428,$GPGSV,18,,40
2026-06-01T18:04:36.306428,$GPGSV,23,,37
2026-06-01T18:04:36.309094,$GPGSV,24,,25
2026-06-01T18:04:36.309094,$GPGSV,25,,23
2026-06-01T18:04:36.309094,$GPGSV,28,,28
2026-06-01T18:04:36.309094,$GPGSV,32,,28
2026-06-01T18:04:36.314779,$GLGSV,65,,26
2026-06-01T18:04:36.314779,$GLGSV,74,,22
2026-06-01T18:04:36.314779,$GLGSV,75,,39
2026-06-01T18:04:36.314779,$GLGSV,87,,35
2026-06-01T18:04:36.315941,$GLGSV,88,,36
2026-06-01T18:04:36.317235,$GLGSV,72,,11
2026-06-01T18:04:36.317235,$GLGSV,75,,41
2026-06-01T18:04:36.317235,$GLGSV,88,,27
2026-06-01T18:04:36.319948,$GAGSV,03,,38
2026-06-01T18:04:36.319948,$GAGSV,08,,35
2026-06-01T18:04:36.319948,$GAGSV,15,,39
2026-06-01T18:04:36.319948,$GAGSV,32,,36
2026-06-01T18:04:36.320596,$GAGSV,34,,38
2026-06-01T18:04:36.321848,$GAGSV,03,,37
2026-06-01T18:04:36.321848,$GAGSV,08,,36
2026-06-01T18:04:36.321848,$GAGSV,15,,40
2026-06-01T18:04:36.321848,$GAGSV,32,,38
2026-06-01T18:04:36.323350,$GAGSV,34,,39
2026-06-01T18:04:36.326804,$GBGSV,06,,42
2026-06-01T18:04:36.326804,$GBGSV,07,,42
2026-06-01T18:04:36.326804,$GBGSV,09,,38
2026-06-01T18:04:36.326804,$GBGSV,10,,42
2026-06-01T18:04:36.327640,$GBGSV,13,,32
2026-06-01T18:04:36.327640,$GBGSV,25,,42
2026-06-01T18:04:36.327640,$GBGSV,28,,37
2026-06-01T18:04:36.327640,$GBGSV,33,,41
2026-06-01T18:04:36.328233,$GBGSV,09,,36
2026-06-01T18:04:36.328233,$GBGSV,10,,38
2026-06-01T18:04:37.300020,$GPGSV,10,,35
2026-06-01T18:04:37.300020,$GPGSV,12,,32
2026-06-01T18:04:37.300020,$GPGSV,13,,35
2026-06-01T18:04:37.300020,$GPGSV,18,,43
2026-06-01T18:04:37.304561,$GPGSV,23,,41
2026-06-01T18:04:37.304561,$GPGSV,24,,22
2026-06-01T18:04:37.304561,$GPGSV,25,,31
2026-06-01T18:04:37.304561,$GPGSV,28,,29
2026-06-01T18:04:37.308671,$GPGSV,32,,26
2026-06-01T18:04:37.308671,$GPGSV,41,,38
2026-06-01T18:04:37.308671,$GPGSV,42,,41
2026-06-01T18:04:37.308671,$GPGSV,50,,37
2026-06-01T18:04:37.312838,$GPGSV,10,,32
2026-06-01T18:04:37.312838,$GPGSV,12,,16
2026-06-01T18:04:37.312838,$GPGSV,18,,38
2026-06-01T18:04:37.312838,$GPGSV,23,,38
2026-06-01T18:04:37.315710,$GPGSV,24,,25
2026-06-01T18:04:37.315710,$GPGSV,25,,23
2026-06-01T18:04:37.315710,$GPGSV,28,,28
2026-06-01T18:04:37.315710,$GPGSV,32,,21
2026-06-01T18:04:37.319724,$GLGSV,65,,26
2026-06-01T18:04:37.319724,$GLGSV,74,,23
2026-06-01T18:04:37.319724,$GLGSV,75,,40
2026-06-01T18:04:37.319724,$GLGSV,87,,32
2026-06-01T18:04:37.320383,$GLGSV,88,,34
2026-06-01T18:04:37.321761,$GLGSV,72,,09
2026-06-01T18:04:37.321761,$GLGSV,75,,41
2026-06-01T18:04:37.321761,$GLGSV,88,,35
2026-06-01T18:04:37.324962,$GAGSV,03,,38
2026-06-01T18:04:37.324962,$GAGSV,08,,34
2026-06-01T18:04:37.324962,$GAGSV,15,,39
2026-06-01T18:04:37.324962,$GAGSV,32,,36
2026-06-01T18:04:37.326740,$GAGSV,34,,39
2026-06-01T18:04:37.328242,$GAGSV,03,,38
2026-06-01T18:04:37.328242,$GAGSV,08,,33
2026-06-01T18:04:37.328242,$GAGSV,15,,40
2026-06-01T18:04:37.328242,$GAGSV,32,,36
2026-06-01T18:04:37.329097,$GAGSV,34,,40
2026-06-01T18:04:37.331765,$GBGSV,06,,40
2026-06-01T18:04:37.331765,$GBGSV,07,,43
2026-06-01T18:04:37.331765,$GBGSV,09,,39
2026-06-01T18:04:37.331765,$GBGSV,10,,42
2026-06-01T18:04:37.332473,$GBGSV,13,,26
2026-06-01T18:04:37.332473,$GBGSV,25,,41
2026-06-01T18:04:37.332473,$GBGSV,28,,42
2026-06-01T18:04:37.332473,$GBGSV,33,,40
2026-06-01T18:04:37.333152,$GBGSV,09,,35
2026-06-01T18:04:37.333152,$GBGSV,10,,38
2026-06-01T18:04:38.304366,$GPGSV,10,,37
2026-06-01T18:04:38.304366,$GPGSV,12,,32
2026-06-01T18:04:38.304366,$GPGSV,13,,37
2026-06-01T18:04:38.304366,$GPGSV,18,,41
2026-06-01T18:04:38.306692,$GPGSV,23,,40
2026-06-01T18:04:38.306692,$GPGSV,24,,20
2026-06-01T18:04:38.306692,$GPGSV,25,,29
2026-06-01T18:04:38.306692,$GPGSV,28,,30
2026-06-01T18:04:38.308957,$GPGSV,32,,31
2026-06-01T18:04:38.308957,$GPGSV,41,,37
2026-06-01T18:04:38.308957,$GPGSV,42,,41
2026-06-01T18:04:38.308957,$GPGSV,50,,37
2026-06-01T18:04:38.311286,$GPGSV,10,,31
2026-06-01T18:04:38.311286,$GPGSV,12,,19
2026-06-01T18:04:38.311286,$GPGSV,18,,36
2026-06-01T18:04:38.311286,$GPGSV,23,,36
2026-06-01T18:04:38.314019,$GPGSV,24,,22
2026-06-01T18:04:38.314019,$GPGSV,25,,24
2026-06-01T18:04:38.314019,$GPGSV,28,,28
2026-06-01T18:04:38.314019,$GPGSV,32,,23
2026-06-01T18:04:38.319685,$GLGSV,65,,26
2026-06-01T18:04:38.319685,$GLGSV,74,,23
2026-06-01T18:04:38.319685,$GLGSV,75,,38
2026-06-01T18:04:38.319685,$GLGSV,87,,35
2026-06-01T18:04:38.320945,$GLGSV,88,,37
2026-06-01T18:04:38.322895,$GLGSV,72,,11
2026-06-01T18:04:38.322895,$GLGSV,75,,42
2026-06-01T18:04:38.322895,$GLGSV,88,,36
2026-06-01T18:04:38.326702,$GAGSV,03,,37
2026-06-01T18:04:38.326702,$GAGSV,08,,34
2026-06-01T18:04:38.326702,$GAGSV,15,,39
2026-06-01T18:04:38.326702,$GAGSV,32,,35
2026-06-01T18:04:38.327533,$GAGSV,34,,41
2026-06-01T18:04:38.328728,$GAGSV,03,,38
2026-06-01T18:04:38.328728,$GAGSV,08,,32
2026-06-01T18:04:38.328728,$GAGSV,15,,39
2026-06-01T18:04:38.328728,$GAGSV,32,,35
2026-06-01T18:04:38.329392,$GAGSV,34,,42
2026-06-01T18:04:38.332251,$GBGSV,06,,41
2026-06-01T18:04:38.332251,$GBGSV,07,,43
2026-06-01T18:04:38.332251,$GBGSV,09,,39
2026-06-01T18:04:38.332251,$GBGSV,10,,42
2026-06-01T18:04:38.333320,$GBGSV,13,,32
2026-06-01T18:04:38.333320,$GBGSV,25,,45
2026-06-01T18:04:38.333320,$GBGSV,28,,37
2026-06-01T18:04:38.333320,$GBGSV,33,,40
2026-06-01T18:04:38.333969,$GBGSV,09,,35
2026-06-01T18:04:38.333969,$GBGSV,10,,38
2026-06-01T18:04:39.298862,$GPGSV,10,,30
2026-06-01T18:04:39.298862,$GPGSV,12,,36
2026-06-01T18:04:39.298862,$GPGSV,13,,37
2026-06-01T18:04:39.298862,$GPGSV,18,,40
2026-06-01T18:04:39.301718,$GPGSV,23,,41
2026-06-01T18:04:39.301718,$GPGSV,24,,21
2026-06-01T18:04:39.301718,$GPGSV,25,,33
2026-06-01T18:04:39.301718,$GPGSV,28,,26
2026-06-01T18:04:39.304484,$GPGSV,32,,31
2026-06-01T18:04:39.304484,$GPGSV,41,,41
2026-06-01T18:04:39.304484,$GPGSV,42,,41
2026-06-01T18:04:39.304484,$GPGSV,50,,37
2026-06-01T18:04:39.307327,$GPGSV,10,,29
2026-06-01T18:04:39.307327,$GPGSV,12,,22
2026-06-01T18:04:39.307327,$GPGSV,18,,38
2026-06-01T18:04:39.307327,$GPGSV,23,,38
2026-06-01T18:04:39.310142,$GPGSV,24,,22
2026-06-01T18:04:39.310142,$GPGSV,25,,24
2026-06-01T18:04:39.310142,$GPGSV,28,,33
2026-06-01T18:04:39.310142,$GPGSV,32,,29
2026-06-01T18:04:39.315294,$GLGSV,65,,26
2026-06-01T18:04:39.315294,$GLGSV,74,,21
2026-06-01T18:04:39.315294,$GLGSV,75,,38
2026-06-01T18:04:39.315294,$GLGSV,87,,32
2026-06-01T18:04:39.316503,$GLGSV,88,,36
2026-06-01T18:04:39.317864,$GLGSV,72,,13
2026-06-01T18:04:39.317864,$GLGSV,75,,42
2026-06-01T18:04:39.317864,$GLGSV,88,,34
2026-06-01T18:04:39.320176,$GAGSV,03,,38
2026-06-01T18:04:39.320176,$GAGSV,08,,32
2026-06-01T18:04:39.320176,$GAGSV,15,,37
2026-06-01T18:04:39.320176,$GAGSV,32,,32
2026-06-01T18:04:39.321043,$GAGSV,34,,41
2026-06-01T18:04:39.323276,$GAGSV,03,,38
2026-06-01T18:04:39.323276,$GAGSV,08,,27
2026-06-01T18:04:39.323276,$GAGSV,15,,39
2026-06-01T18:04:39.323276,$GAGSV,32,,32
2026-06-01T18:04:39.323996,$GAGSV,34,,40
2026-06-01T18:04:39.326712,$GBGSV,06,,41
2026-06-01T18:04:39.326712,$GBGSV,07,,43
2026-06-01T18:04:39.326712,$GBGSV,09,,40
2026-06-01T18:04:39.326712,$GBGSV,10,,41
2026-06-01T18:04:39.327591,$GBGSV,13,,33
2026-06-01T18:04:39.327591,$GBGSV,25,,42
2026-06-01T18:04:39.327591,$GBGSV,28,,38
2026-06-01T18:04:39.327591,$GBGSV,33,,39
2026-06-01T18:04:39.328270,$GBGSV,09,,36
2026-06-01T18:04:39.328270,$GBGSV,10,,38
2026-06-01T18:04:40.303169,$GPGSV,10,,30
2026-06-01T18:04:40.303169,$GPGSV,12,,35
2026-06-01T18:04:40.303169,$GPGSV,13,,34
2026-06-01T18:04:40.303169,$GPGSV,18,,40
2026-06-01T18:04:40.305964,$GPGSV,23,,37
2026-06-01T18:04:40.305964,$GPGSV,24,,22
2026-06-01T18:04:40.305964,$GPGSV,25,,33
2026-06-01T18:04:40.305964,$GPGSV,28,,35
2026-06-01T18:04:40.308364,$GPGSV,32,,33
2026-06-01T18:04:40.308364,$GPGSV,41,,36
2026-06-01T18:04:40.308364,$GPGSV,42,,39
2026-06-01T18:04:40.308364,$GPGSV,50,,37
2026-06-01T18:04:40.310171,$GPGSV,10,,27
2026-06-01T18:04:40.310171,$GPGSV,12,,25
2026-06-01T18:04:40.310171,$GPGSV,18,,39
2026-06-01T18:04:40.310171,$GPGSV,23,,35
2026-06-01T18:04:40.311989,$GPGSV,24,,19
2026-06-01T18:04:40.311989,$GPGSV,25,,24
2026-06-01T18:04:40.311989,$GPGSV,28,,32
2026-06-01T18:04:40.311989,$GPGSV,32,,18
2026-06-01T18:04:40.315652,$GLGSV,65,,26
2026-06-01T18:04:40.315652,$GLGSV,74,,22
2026-06-01T18:04:40.315652,$GLGSV,75,,39
2026-06-01T18:04:40.315652,$GLGSV,87,,32
2026-06-01T18:04:40.316641,$GLGSV,88,,29
2026-06-01T18:04:40.317846,$GLGSV,72,,15
2026-06-01T18:04:40.317846,$GLGSV,75,,40
2026-06-01T18:04:40.317846,$GLGSV,88,,37
2026-06-01T18:04:40.319696,$GAGSV,03,,37
2026-06-01T18:04:40.319696,$GAGSV,08,,31
2026-06-01T18:04:40.319696,$GAGSV,15,,37
2026-06-01T18:04:40.319696,$GAGSV,32,,32
2026-06-01T18:04:40.320429,$GAGSV,34,,39
2026-06-01T18:04:40.321551,$GAGSV,03,,38
2026-06-01T18:04:40.321551,$GAGSV,08,,32
2026-06-01T18:04:40.321551,$GAGSV,15,,38
2026-06-01T18:04:40.321551,$GAGSV,32,,33
2026-06-01T18:04:40.322798,$GAGSV,34,,39
2026-06-01T18:04:40.325136,$GBGSV,06,,41
2026-06-01T18:04:40.325136,$GBGSV,07,,42
2026-06-01T18:04:40.325136,$GBGSV,09,,39
2026-06-01T18:04:40.325136,$GBGSV,10,,42
2026-06-01T18:04:40.326022,$GBGSV,13,,34
2026-06-01T18:04:40.326022,$GBGSV,25,,45
2026-06-01T18:04:40.326022,$GBGSV,28,,38
2026-06-01T18:04:40.326022,$GBGSV,33,,41
2026-06-01T18:04:40.326701,$GBGSV,09,,36
2026-06-01T18:04:40.326701,$GBGSV,10,,38
2026-06-01T18:04:41.301897,$GPGSV,10,,34
2026-06-01T18:04:41.301897,$GPGSV,12,,37
2026-06-01T18:04:41.301897,$GPGSV,13,,37
2026-06-01T18:04:41.301897,$GPGSV,18,,38
2026-06-01T18:04:41.304626,$GPGSV,23,,42
2026-06-01T18:04:41.304626,$GPGSV,24,,21
2026-06-01T18:04:41.304626,$GPGSV,25,,32
2026-06-01T18:04:41.304626,$GPGSV,28,,26
2026-06-01T18:04:41.307415,$GPGSV,32,,34
2026-06-01T18:04:41.307415,$GPGSV,41,,36
2026-06-01T18:04:41.307415,$GPGSV,42,,41
2026-06-01T18:04:41.307415,$GPGSV,50,,37
2026-06-01T18:04:41.310236,$GPGSV,10,,27
2026-06-01T18:04:41.310236,$GPGSV,12,,31
2026-06-01T18:04:41.310236,$GPGSV,18,,39
2026-06-01T18:04:41.310236,$GPGSV,23,,36
2026-06-01T18:04:41.313034,$GPGSV,24,,19
2026-06-01T18:04:41.313034,$GPGSV,25,,31
2026-06-01T18:04:41.313034,$GPGSV,28,,31
2026-06-01T18:04:41.313034,$GPGSV,32,,21
2026-06-01T18:04:41.319097,$GLGSV,65,,29
2026-06-01T18:04:41.319097,$GLGSV,74,,20
2026-06-01T18:04:41.319097,$GLGSV,75,,39
2026-06-01T18:04:41.319097,$GLGSV,87,,31
2026-06-01T18:04:41.320265,$GLGSV,88,,33
2026-06-01T18:04:41.321907,$GLGSV,72,,14
2026-06-01T18:04:41.321907,$GLGSV,75,,42
2026-06-01T18:04:41.321907,$GLGSV,88,,31
2026-06-01T18:04:41.325583,$GAGSV,03,,37
2026-06-01T18:04:41.325583,$GAGSV,08,,27
2026-06-01T18:04:41.325583,$GAGSV,15,,37
2026-06-01T18:04:41.325583,$GAGSV,32,,33
2026-06-01T18:04:41.326450,$GAGSV,34,,39
2026-06-01T18:04:41.327722,$GAGSV,03,,36
2026-06-01T18:04:41.327722,$GAGSV,08,,32
2026-06-01T18:04:41.327722,$GAGSV,15,,39
2026-06-01T18:04:41.327722,$GAGSV,32,,30
2026-06-01T18:04:41.328420,$GAGSV,34,,41
2026-06-01T18:04:41.331204,$GBGSV,06,,41
2026-06-01T18:04:41.331204,$GBGSV,07,,42
2026-06-01T18:04:41.331204,$GBGSV,09,,39
2026-06-01T18:04:41.331204,$GBGSV,10,,43
2026-06-01T18:04:41.332358,$GBGSV,13,,32
2026-06-01T18:04:41.332358,$GBGSV,25,,42
2026-06-01T18:04:41.332358,$GBGSV,28,,38
2026-06-01T18:04:41.332358,$GBGSV,33,,41
2026-06-01T18:04:41.333073,$GBGSV,09,,34
2026-06-01T18:04:41.333073,$GBGSV,10,,38
2026-06-01T18:04:42.294317,$GPGSV,10,,31
2026-06-01T18:04:42.294317,$GPGSV,12,,35
2026-06-01T18:04:42.294317,$GPGSV,13,,37
2026-06-01T18:04:42.294317,$GPGSV,18,,40
2026-06-01T18:04:42.295206,$GPGSV,23,,42
2026-06-01T18:04:42.295206,$GPGSV,24,,22
2026-06-01T18:04:42.295206,$GPGSV,25,,33
2026-06-01T18:04:42.295206,$GPGSV,28,,34
2026-06-01T18:04:42.296090,$GPGSV,32,,29
2026-06-01T18:04:42.296090,$GPGSV,41,,33
2026-06-01T18:04:42.296090,$GPGSV,42,,41
2026-06-01T18:04:42.296090,$GPGSV,50,,38
2026-06-01T18:04:42.296951,$GPGSV,10,,27
2026-06-01T18:04:42.296951,$GPGSV,12,,27
2026-06-01T18:04:42.296951,$GPGSV,18,,37
2026-06-01T18:04:42.296951,$GPGSV,23,,38
2026-06-01T18:04:42.297810,$GPGSV,24,,19
2026-06-01T18:04:42.297810,$GPGSV,25,,28
2026-06-01T18:04:42.297810,$GPGSV,28,,22
2026-06-01T18:04:42.297810,$GPGSV,32,,24
2026-06-01T18:04:42.299756,$GLGSV,65,,31
2026-06-01T18:04:42.299756,$GLGSV,74,,18
2026-06-01T18:04:42.299756,$GLGSV,75,,39
2026-06-01T18:04:42.299756,$GLGSV,87,,24
2026-06-01T18:04:42.300288,$GLGSV,88,,36
2026-06-01T18:04:42.301002,$GLGSV,72,,16
2026-06-01T18:04:42.301002,$GLGSV,75,,41
2026-06-01T18:04:42.301002,$GLGSV,88,,37
2026-06-01T18:04:42.302461,$GAGSV,03,,39
2026-06-01T18:04:42.302461,$GAGSV,08,,27
2026-06-01T18:04:42.302461,$GAGSV,15,,36
2026-06-01T18:04:42.302461,$GAGSV,32,,35
2026-06-01T18:04:42.303061,$GAGSV,34,,39
2026-06-01T18:04:42.303835,$GAGSV,03,,37
2026-06-01T18:04:42.303835,$GAGSV,08,,30
2026-06-01T18:04:42.303835,$GAGSV,15,,37
2026-06-01T18:04:42.303835,$GAGSV,32,,36
2026-06-01T18:04:42.304352,$GAGSV,34,,40
2026-06-01T18:04:42.306320,$GBGSV,06,,40
2026-06-01T18:04:42.306320,$GBGSV,07,,44
2026-06-01T18:04:42.306320,$GBGSV,09,,39
2026-06-01T18:04:42.306320,$GBGSV,10,,42
2026-06-01T18:04:42.307396,$GBGSV,13,,32
2026-06-01T18:04:42.307396,$GBGSV,25,,43
2026-06-01T18:04:42.307396,$GBGSV,28,,37
2026-06-01T18:04:42.307396,$GBGSV,33,,40
2026-06-01T18:04:42.307972,$GBGSV,09,,29
2026-06-01T18:04:42.307972,$GBGSV,10,,40
2026-06-01T18:04:43.308784,$GPGSV,10,,29
2026-06-01T18:04:43.308784,$GPGSV,12,,35
2026-06-01T18:04:43.308784,$GPGSV,13,,37
2026-06-01T18:04:43.308784,$GPGSV,18,,39
2026-06-01T18:04:43.311240,$GPGSV,23,,39
2026-06-01T18:04:43.311240,$GPGSV,24,,22
2026-06-01T18:04:43.311240,$GPGSV,25,,31
2026-06-01T18:04:43.311240,$GPGSV,28,,23
2026-06-01T18:04:43.313728,$GPGSV,32,,31
2026-06-01T18:04:43.313728,$GPGSV,41,,38
2026-06-01T18:04:43.313728,$GPGSV,42,,39
2026-06-01T18:04:43.313728,$GPGSV,50,,37
2026-06-01T18:04:43.316712,$GPGSV,10,,27
2026-06-01T18:04:43.316712,$GPGSV,12,,31
2026-06-01T18:04:43.316712,$GPGSV,18,,39
2026-06-01T18:04:43.316712,$GPGSV,23,,37
2026-06-01T18:04:43.319379,$GPGSV,24,,19
2026-06-01T18:04:43.319379,$GPGSV,25,,27
2026-06-01T18:04:43.319379,$GPGSV,28,,21
2026-06-01T18:04:43.319379,$GPGSV,32,,30
2026-06-01T18:04:43.325172,$GLGSV,65,,22
2026-06-01T18:04:43.325172,$GLGSV,74,,15
2026-06-01T18:04:43.325172,$GLGSV,75,,42
2026-06-01T18:04:43.325172,$GLGSV,87,,35
2026-06-01T18:04:43.326505,$GLGSV,88,,35
2026-06-01T18:04:43.328005,$GLGSV,72,,15
2026-06-01T18:04:43.328005,$GLGSV,75,,41
2026-06-01T18:04:43.328005,$GLGSV,88,,34
2026-06-01T18:04:43.331774,$GAGSV,03,,39
2026-06-01T18:04:43.331774,$GAGSV,08,,29
2026-06-01T18:04:43.331774,$GAGSV,15,,36
2026-06-01T18:04:43.331774,$GAGSV,32,,36
2026-06-01T18:04:43.332623,$GAGSV,34,,39
2026-06-01T18:04:43.333957,$GAGSV,03,,38
2026-06-01T18:04:43.333957,$GAGSV,08,,31
2026-06-01T18:04:43.333957,$GAGSV,15,,36
2026-06-01T18:04:43.333957,$GAGSV,32,,36
2026-06-01T18:04:43.334759,$GAGSV,34,,40
2026-06-01T18:04:43.337665,$GBGSV,06,,39
2026-06-01T18:04:43.337665,$GBGSV,07,,44
2026-06-01T18:04:43.337665,$GBGSV,09,,37
2026-06-01T18:04:43.337665,$GBGSV,10,,40
2026-06-01T18:04:43.338699,$GBGSV,13,,32
2026-06-01T18:04:43.338699,$GBGSV,25,,44
2026-06-01T18:04:43.338699,$GBGSV,28,,37
2026-06-01T18:04:43.338699,$GBGSV,33,,39
2026-06-01T18:04:43.339474,$GBGSV,09,,32
2026-06-01T18:04:43.339474,$GBGSV,10,,40
2026-06-01T18:04:44.302870,$GPGSV,10,,33
2026-06-01T18:04:44.302870,$GPGSV,12,,34
2026-06-01T18:04:44.302870,$GPGSV,13,,37
2026-06-01T18:04:44.302870,$GPGSV,18,,40
2026-06-01T18:04:44.305651,$GPGSV,23,,40
2026-06-01T18:04:44.305651,$GPGSV,24,,20
2026-06-01T18:04:44.305651,$GPGSV,25,,32
2026-06-01T18:04:44.305651,$GPGSV,28,,24
2026-06-01T18:04:44.308398,$GPGSV,32,,36
2026-06-01T18:04:44.308398,$GPGSV,41,,35
2026-06-01T18:04:44.308398,$GPGSV,42,,39
2026-06-01T18:04:44.308398,$GPGSV,50,,37
2026-06-01T18:04:44.311086,$GPGSV,10,,27
2026-06-01T18:04:44.311086,$GPGSV,12,,23
2026-06-01T18:04:44.311086,$GPGSV,18,,38
2026-06-01T18:04:44.311086,$GPGSV,23,,37
2026-06-01T18:04:44.314013,$GPGSV,24,,18
2026-06-01T18:04:44.314013,$GPGSV,25,,26
2026-06-01T18:04:44.314013,$GPGSV,28,,22
2026-06-01T18:04:44.314013,$GPGSV,32,,29
2026-06-01T18:04:44.318410,$GLGSV,65,,22
2026-06-01T18:04:44.318410,$GLGSV,74,,16
2026-06-01T18:04:44.318410,$GLGSV,75,,39
2026-06-01T18:04:44.318410,$GLGSV,87,,35
2026-06-01T18:04:44.319438,$GLGSV,88,,32
2026-06-01T18:04:44.320923,$GLGSV,72,,14
2026-06-01T18:04:44.320923,$GLGSV,75,,42
2026-06-01T18:04:44.320923,$GLGSV,88,,37
2026-06-01T18:04:44.324300,$GAGSV,03,,39
2026-06-01T18:04:44.324300,$GAGSV,08,,34
2026-06-01T18:04:44.324300,$GAGSV,15,,37
2026-06-01T18:04:44.324300,$GAGSV,32,,33
2026-06-01T18:04:44.325356,$GAGSV,34,,39
2026-06-01T18:04:44.326168,$GAGSV,03,,38
2026-06-01T18:04:44.326168,$GAGSV,08,,31
2026-06-01T18:04:44.326168,$GAGSV,15,,36
2026-06-01T18:04:44.326168,$GAGSV,32,,36
2026-06-01T18:04:44.326615,$GAGSV,34,,39
2026-06-01T18:04:44.328463,$GBGSV,06,,40
2026-06-01T18:04:44.328463,$GBGSV,07,,44
2026-06-01T18:04:44.328463,$GBGSV,09,,38
2026-06-01T18:04:44.328463,$GBGSV,10,,42
2026-06-01T18:04:44.329193,$GBGSV,13,,31
2026-06-01T18:04:44.329193,$GBGSV,25,,45
2026-06-01T18:04:44.329193,$GBGSV,28,,38
2026-06-01T18:04:44.329193,$GBGSV,33,,36
2026-06-01T18:04:44.329689,$GBGSV,09,,33
2026-06-01T18:04:44.329689,$GBGSV,10,,39
2026-06-01T18:04:45.299635,$GPGSV,10,,33
2026-06-01T18:04:45.299635,$GPGSV,12,,31
2026-06-01T18:04:45.299635,$GPGSV,13,,36
2026-06-01T18:04:45.299635,$GPGSV,18,,40
2026-06-01T18:04:45.302618,$GPGSV,23,,40
2026-06-01T18:04:45.302618,$GPGSV,24,,18
2026-06-01T18:04:45.302618,$GPGSV,25,,32
2026-06-01T18:04:45.302618,$GPGSV,28,,30
2026-06-01T18:04:45.305358,$GPGSV,32,,36
2026-06-01T18:04:45.305358,$GPGSV,41,,35
2026-06-01T18:04:45.305358,$GPGSV,42,,39
2026-06-01T18:04:45.305358,$GPGSV,50,,37
2026-06-01T18:04:45.308165,$GPGSV,10,,28
2026-06-01T18:04:45.308165,$GPGSV,12,,23
2026-06-01T18:04:45.308165,$GPGSV,18,,40
2026-06-01T18:04:45.308165,$GPGSV,23,,37
2026-06-01T18:04:45.311099,$GPGSV,24,,16
2026-06-01T18:04:45.311099,$GPGSV,25,,27
2026-06-01T18:04:45.311099,$GPGSV,28,,22
2026-06-01T18:04:45.311099,$GPGSV,32,,29
2026-06-01T18:04:45.317758,$GLGSV,65,,20
2026-06-01T18:04:45.317758,$GLGSV,74,,16
2026-06-01T18:04:45.317758,$GLGSV,75,,40
2026-06-01T18:04:45.317758,$GLGSV,87,,31
2026-06-01T18:04:45.318975,$GLGSV,88,,31
2026-06-01T18:04:45.320545,$GLGSV,72,,14
2026-06-01T18:04:45.320545,$GLGSV,75,,42
2026-06-01T18:04:45.320545,$GLGSV,88,,39
2026-06-01T18:04:45.323525,$GAGSV,03,,39
2026-06-01T18:04:45.323525,$GAGSV,08,,33
2026-06-01T18:04:45.323525,$GAGSV,15,,37
2026-06-01T18:04:45.323525,$GAGSV,32,,36
2026-06-01T18:04:45.324415,$GAGSV,34,,39
2026-06-01T18:04:45.325825,$GAGSV,03,,38
2026-06-01T18:04:45.325825,$GAGSV,08,,32
2026-06-01T18:04:45.325825,$GAGSV,15,,38
2026-06-01T18:04:45.325825,$GAGSV,32,,36
2026-06-01T18:04:45.326708,$GAGSV,34,,40
2026-06-01T18:04:45.329711,$GBGSV,06,,40
2026-06-01T18:04:45.329711,$GBGSV,07,,43
2026-06-01T18:04:45.329711,$GBGSV,09,,40
2026-06-01T18:04:45.329711,$GBGSV,10,,41
2026-06-01T18:04:45.330992,$GBGSV,13,,31
2026-06-01T18:04:45.330992,$GBGSV,25,,42
2026-06-01T18:04:45.330992,$GBGSV,28,,42
2026-06-01T18:04:45.330992,$GBGSV,33,,38
2026-06-01T18:04:45.332547,$GBGSV,09,,33
2026-06-01T18:04:45.332547,$GBGSV,10,,39
2026-06-01T18:04:46.302205,$GPGSV,10,,36
2026-06-01T18:04:46.302205,$GPGSV,12,,34
2026-06-01T18:04:46.302205,$GPGSV,13,,36
2026-06-01T18:04:46.302205,$GPGSV,18,,38
2026-06-01T18:04:46.304696,$GPGSV,23,,42
2026-06-01T18:04:46.304696,$GPGSV,24,,18
2026-06-01T18:04:46.304696,$GPGSV,25,,32
2026-06-01T18:04:46.304696,$GPGSV,28,,30
2026-06-01T18:04:46.306906,$GPGSV,32,,33
2026-06-01T18:04:46.306906,$GPGSV,41,,40
2026-06-01T18:04:46.306906,$GPGSV,42,,41
2026-06-01T18:04:46.306906,$GPGSV,50,,38
2026-06-01T18:04:46.309348,$GPGSV,10,,28
2026-06-01T18:04:46.309348,$GPGSV,12,,25
2026-06-01T18:04:46.309348,$GPGSV,18,,38
2026-06-01T18:04:46.309348,$GPGSV,23,,37
2026-06-01T18:04:46.311719,$GPGSV,24,,15
2026-06-01T18:04:46.311719,$GPGSV,25,,25
2026-06-01T18:04:46.311719,$GPGSV,28,,23
2026-06-01T18:04:46.311719,$GPGSV,32,,33
2026-06-01T18:04:46.318034,$GLGSV,65,,21
2026-06-01T18:04:46.318034,$GLGSV,74,,19
2026-06-01T18:04:46.318034,$GLGSV,75,,40
2026-06-01T18:04:46.318034,$GLGSV,87,,32
2026-06-01T18:04:46.318897,$GLGSV,88,,32
2026-06-01T18:04:46.320290,$GLGSV,72,,14
2026-06-01T18:04:46.320290,$GLGSV,75,,41
2026-06-01T18:04:46.320290,$GLGSV,88,,35
2026-06-01T18:04:46.322237,$GAGSV,03,,38
2026-06-01T18:04:46.322237,$GAGSV,08,,33
2026-06-01T18:04:46.322237,$GAGSV,15,,37
2026-06-01T18:04:46.322237,$GAGSV,32,,34
2026-06-01T18:04:46.322813,$GAGSV,34,,39
2026-06-01T18:04:46.324261,$GAGSV,03,,38
2026-06-01T18:04:46.324261,$GAGSV,08,,32
2026-06-01T18:04:46.324261,$GAGSV,15,,36
2026-06-01T18:04:46.324261,$GAGSV,32,,33
2026-06-01T18:04:46.325535,$GAGSV,34,,40
2026-06-01T18:04:46.327783,$GBGSV,06,,41
2026-06-01T18:04:46.327783,$GBGSV,07,,43
2026-06-01T18:04:46.327783,$GBGSV,09,,39
2026-06-01T18:04:46.327783,$GBGSV,10,,41
2026-06-01T18:04:46.328575,$GBGSV,13,,37
2026-06-01T18:04:46.328575,$GBGSV,25,,43
2026-06-01T18:04:46.328575,$GBGSV,28,,38
2026-06-01T18:04:46.328575,$GBGSV,33,,41
2026-06-01T18:04:46.329089,$GBGSV,09,,33
2026-06-01T18:04:46.329089,$GBGSV,10,,39
2026-06-01T18:04:47.298811,$GPGSV,10,,35
2026-06-01T18:04:47.298811,$GPGSV,12,,34
2026-06-01T18:04:47.298811,$GPGSV,13,,37
2026-06-01T18:04:47.298811,$GPGSV,18,,39
2026-06-01T18:04:47.302663,$GPGSV,23,,42
2026-06-01T18:04:47.302663,$GPGSV,24,,18
2026-06-01T18:04:47.302663,$GPGSV,25,,31
2026-06-01T18:04:47.302663,$GPGSV,28,,25
2026-06-01T18:04:47.306821,$GPGSV,32,,41
2026-06-01T18:04:47.306821,$GPGSV,41,,40
2026-06-01T18:04:47.306821,$GPGSV,42,,41
2026-06-01T18:04:47.306821,$GPGSV,50,,36
2026-06-01T18:04:47.310934,$GPGSV,10,,28
2026-06-01T18:04:47.310934,$GPGSV,12,,31
2026-06-01T18:04:47.310934,$GPGSV,18,,39
2026-06-01T18:04:47.310934,$GPGSV,23,,36
2026-06-01T18:04:47.314018,$GPGSV,24,,15
2026-06-01T18:04:47.314018,$GPGSV,25,,27
2026-06-01T18:04:47.314018,$GPGSV,28,,32
2026-06-01T18:04:47.314018,$GPGSV,32,,29
2026-06-01T18:04:47.318657,$GLGSV,65,,29
2026-06-01T18:04:47.318657,$GLGSV,74,,20
2026-06-01T18:04:47.318657,$GLGSV,75,,41
2026-06-01T18:04:47.318657,$GLGSV,87,,31
2026-06-01T18:04:47.319470,$GLGSV,88,,27
2026-06-01T18:04:47.320969,$GLGSV,72,,16
2026-06-01T18:04:47.320969,$GLGSV,75,,40
2026-06-01T18:04:47.320969,$GLGSV,88,,32
2026-06-01T18:04:47.323830,$GAGSV,03,,38
2026-06-01T18:04:47.323830,$GAGSV,08,,32
2026-06-01T18:04:47.323830,$GAGSV,15,,38
2026-06-01T18:04:47.323830,$GAGSV,32,,34
2026-06-01T18:04:47.325543,$GAGSV,34,,38
2026-06-01T18:04:47.326800,$GAGSV,03,,38
2026-06-01T18:04:47.326800,$GAGSV,08,,33
2026-06-01T18:04:47.326800,$GAGSV,15,,37
2026-06-01T18:04:47.326800,$GAGSV,32,,36
2026-06-01T18:04:47.327241,$GAGSV,34,,41
2026-06-01T18:04:47.329084,$GBGSV,06,,40
2026-06-01T18:04:47.329084,$GBGSV,07,,43
2026-06-01T18:04:47.329084,$GBGSV,09,,39
2026-06-01T18:04:47.329084,$GBGSV,10,,43
2026-06-01T18:04:47.329899,$GBGSV,13,,33
2026-06-01T18:04:47.329899,$GBGSV,25,,42
2026-06-01T18:04:47.329899,$GBGSV,28,,39
2026-06-01T18:04:47.329899,$GBGSV,33,,39
2026-06-01T18:04:47.330410,$GBGSV,09,,33
2026-06-01T18:04:47.330410,$GBGSV,10,,38
2026-06-01T18:04:48.296994,$GPGSV,10,,25
2026-06-01T18:04:48.296994,$GPGSV,12,,30
2026-06-01T18:04:48.296994,$GPGSV,13,,32
2026-06-01T18:04:48.296994,$GPGSV,18,,39
2026-06-01T18:04:48.301007,$GPGSV,23,,36
2026-06-01T18:04:48.301007,$GPGSV,24,,17
2026-06-01T18:04:48.301007,$GPGSV,25,,26
2026-06-01T18:04:48.301007,$GPGSV,28,,24
2026-06-01T18:04:48.305345,$GPGSV,32,,36
2026-06-01T18:04:48.305345,$GPGSV,41,,40
2026-06-01T18:04:48.305345,$GPGSV,42,,40
2026-06-01T18:04:48.305345,$GPGSV,50,,37
2026-06-01T18:04:48.308806,$GPGSV,10,,27
2026-06-01T18:04:48.308806,$GPGSV,12,,30
2026-06-01T18:04:48.308806,$GPGSV,18,,38
2026-06-01T18:04:48.308806,$GPGSV,23,,36
2026-06-01T18:04:48.311302,$GPGSV,24,,15
2026-06-01T18:04:48.311302,$GPGSV,25,,24
2026-06-01T18:04:48.311302,$GPGSV,28,,31
2026-06-01T18:04:48.311302,$GPGSV,32,,30
2026-06-01T18:04:48.315760,$GLGSV,65,,27
2026-06-01T18:04:48.315760,$GLGSV,74,,18
2026-06-01T18:04:48.315760,$GLGSV,75,,38
2026-06-01T18:04:48.315760,$GLGSV,87,,33
2026-06-01T18:04:48.316416,$GLGSV,88,,32
2026-06-01T18:04:48.317821,$GLGSV,72,,18
2026-06-01T18:04:48.317821,$GLGSV,75,,43
2026-06-01T18:04:48.317821,$GLGSV,88,,32
2026-06-01T18:04:48.320159,$GAGSV,03,,39
2026-06-01T18:04:48.320159,$GAGSV,08,,35
2026-06-01T18:04:48.320159,$GAGSV,15,,38
2026-06-01T18:04:48.320159,$GAGSV,32,,34
2026-06-01T18:04:48.322116,$GAGSV,34,,39
2026-06-01T18:04:48.323707,$GAGSV,03,,38
2026-06-01T18:04:48.323707,$GAGSV,08,,33
2026-06-01T18:04:48.323707,$GAGSV,15,,39
2026-06-01T18:04:48.323707,$GAGSV,32,,36
2026-06-01T18:04:48.324588,$GAGSV,34,,40
2026-06-01T18:04:48.326784,$GBGSV,06,,41
2026-06-01T18:04:48.326784,$GBGSV,07,,42
2026-06-01T18:04:48.326784,$GBGSV,09,,39
2026-06-01T18:04:48.326784,$GBGSV,10,,42
2026-06-01T18:04:48.327480,$GBGSV,13,,29
2026-06-01T18:04:48.327480,$GBGSV,25,,43
2026-06-01T18:04:48.327480,$GBGSV,28,,35
2026-06-01T18:04:48.327480,$GBGSV,33,,40
2026-06-01T18:04:48.327929,$GBGSV,09,,34
2026-06-01T18:04:48.327929,$GBGSV,10,,37
2026-06-01T18:04:49.310330,$GPGSV,10,,32
2026-06-01T18:04:49.310330,$GPGSV,12,,35
2026-06-01T18:04:49.310330,$GPGSV,13,,36
2026-06-01T18:04:49.310330,$GPGSV,18,,39
2026-06-01T18:04:49.312552,$GPGSV,23,,42
2026-06-01T18:04:49.312552,$GPGSV,24,,17
2026-06-01T18:04:49.312552,$GPGSV,25,,34
2026-06-01T18:04:49.312552,$GPGSV,28,,29
2026-06-01T18:04:49.315290,$GPGSV,32,,36
2026-06-01T18:04:49.315290,$GPGSV,41,,41
2026-06-01T18:04:49.315290,$GPGSV,42,,41
2026-06-01T18:04:49.315290,$GPGSV,50,,37
2026-06-01T18:04:49.318059,$GPGSV,10,,28
2026-06-01T18:04:49.318059,$GPGSV,12,,30
2026-06-01T18:04:49.318059,$GPGSV,18,,38
2026-06-01T18:04:49.318059,$GPGSV,23,,38
2026-06-01T18:04:49.320237,$GPGSV,24,,15
2026-06-01T18:04:49.320237,$GPGSV,25,,25
2026-06-01T18:04:49.320237,$GPGSV,28,,30
2026-06-01T18:04:49.320237,$GPGSV,32,,29
2026-06-01T18:04:49.326683,$GLGSV,65,,26
2026-06-01T18:04:49.326683,$GLGSV,74,,17
2026-06-01T18:04:49.326683,$GLGSV,75,,38
2026-06-01T18:04:49.326683,$GLGSV,87,,34
2026-06-01T18:04:49.328348,$GLGSV,88,,35
2026-06-01T18:04:49.329816,$GLGSV,72,,16
2026-06-01T18:04:49.329816,$GLGSV,75,,40
2026-06-01T18:04:49.329816,$GLGSV,88,,38
2026-06-01T18:04:49.332367,$GAGSV,03,,37
2026-06-01T18:04:49.332367,$GAGSV,08,,32
2026-06-01T18:04:49.332367,$GAGSV,15,,39
2026-06-01T18:04:49.332367,$GAGSV,32,,37
2026-06-01T18:04:49.333383,$GAGSV,34,,40
2026-06-01T18:04:49.334654,$GAGSV,03,,40
2026-06-01T18:04:49.334654,$GAGSV,08,,34
2026-06-01T18:04:49.334654,$GAGSV,15,,41
2026-06-01T18:04:49.334654,$GAGSV,32,,34
2026-06-01T18:04:49.335319,$GAGSV,34,,40
2026-06-01T18:04:49.338270,$GBGSV,06,,43
2026-06-01T18:04:49.338270,$GBGSV,07,,42
2026-06-01T18:04:49.338270,$GBGSV,09,,39
2026-06-01T18:04:49.338270,$GBGSV,10,,42
2026-06-01T18:04:49.339183,$GBGSV,13,,36
2026-06-01T18:04:49.339183,$GBGSV,25,,43
2026-06-01T18:04:49.339183,$GBGSV,28,,35
2026-06-01T18:04:49.339183,$GBGSV,33,,43
2026-06-01T18:04:49.339798,$GBGSV,09,,36
2026-06-01T18:04:49.339798,$GBGSV,10,,37
2026-06-01T18:04:50.299344,$GPGSV,10,,25
2026-06-01T18:04:50.299344,$GPGSV,12,,34
2026-06-01T18:04:50.299344,$GPGSV,13,,33
2026-06-01T18:04:50.299344,$GPGSV,18,,41
2026-06-01T18:04:50.301755,$GPGSV,23,,39
2026-06-01T18:04:50.301755,$GPGSV,24,,16
2026-06-01T18:04:50.301755,$GPGSV,25,,33
2026-06-01T18:04:50.301755,$GPGSV,28,,30
2026-06-01T18:04:50.304255,$GPGSV,32,,36
2026-06-01T18:04:50.304255,$GPGSV,41,,41
2026-06-01T18:04:50.304255,$GPGSV,42,,41
2026-06-01T18:04:50.304255,$GPGSV,50,,39
2026-06-01T18:04:50.306594,$GPGSV,10,,26
2026-06-01T18:04:50.306594,$GPGSV,12,,29
2026-06-01T18:04:50.306594,$GPGSV,18,,39
2026-06-01T18:04:50.306594,$GPGSV,23,,36
2026-06-01T18:04:50.309403,$GPGSV,24,,16
2026-06-01T18:04:50.309403,$GPGSV,25,,23
2026-06-01T18:04:50.309403,$GPGSV,28,,31
2026-06-01T18:04:50.309403,$GPGSV,32,,28
2026-06-01T18:04:50.314781,$GLGSV,65,,27
2026-06-01T18:04:50.314781,$GLGSV,74,,16
2026-06-01T18:04:50.314781,$GLGSV,75,,39
2026-06-01T18:04:50.314781,$GLGSV,87,,36
2026-06-01T18:04:50.315666,$GLGSV,88,,33
2026-06-01T18:04:50.317028,$GLGSV,72,,15
2026-06-01T18:04:50.317028,$GLGSV,75,,43
2026-06-01T18:04:50.317028,$GLGSV,88,,34
2026-06-01T18:04:50.319274,$GAGSV,03,,38
2026-06-01T18:04:50.319274,$GAGSV,08,,29
2026-06-01T18:04:50.319274,$GAGSV,15,,41
2026-06-01T18:04:50.319274,$GAGSV,32,,39
2026-06-01T18:04:50.319905,$GAGSV,34,,40
2026-06-01T18:04:50.320975,$GAGSV,03,,39
2026-06-01T18:04:50.320975,$GAGSV,08,,28
2026-06-01T18:04:50.320975,$GAGSV,15,,40
2026-06-01T18:04:50.320975,$GAGSV,32,,39
2026-06-01T18:04:50.322035,$GAGSV,34,,40
2026-06-01T18:04:50.325005,$GBGSV,06,,41
2026-06-01T18:04:50.325005,$GBGSV,07,,44
2026-06-01T18:04:50.325005,$GBGSV,09,,40
2026-06-01T18:04:50.325005,$GBGSV,10,,41
2026-06-01T18:04:50.325934,$GBGSV,13,,38
2026-06-01T18:04:50.325934,$GBGSV,25,,44
2026-06-01T18:04:50.325934,$GBGSV,28,,35
2026-06-01T18:04:50.325934,$GBGSV,33,,41
2026-06-01T18:04:50.326549,$GBGSV,09,,35
2026-06-01T18:04:50.326549,$GBGSV,10,,37
2026-06-01T18:04:51.299182,$GPGSV,10,,24
2026-06-01T18:04:51.299182,$GPGSV,12,,34
2026-06-01T18:04:51.299182,$GPGSV,13,,33
2026-06-01T18:04:51.299182,$GPGSV,18,,39
2026-06-01T18:04:51.301840,$GPGSV,23,,41
2026-06-01T18:04:51.301840,$GPGSV,24,,16
2026-06-01T18:04:51.301840,$GPGSV,25,,33
2026-06-01T18:04:51.301840,$GPGSV,28,,33
2026-06-01T18:04:51.304100,$GPGSV,32,,36
2026-06-01T18:04:51.304100,$GPGSV,41,,40
2026-06-01T18:04:51.304100,$GPGSV,42,,42
2026-06-01T18:04:51.304100,$GPGSV,50,,37
2026-06-01T18:04:51.306489,$GPGSV,10,,25
2026-06-01T18:04:51.306489,$GPGSV,12,,29
2026-06-01T18:04:51.306489,$GPGSV,18,,39
2026-06-01T18:04:51.306489,$GPGSV,23,,37
2026-06-01T18:04:51.308801,$GPGSV,24,,16
2026-06-01T18:04:51.308801,$GPGSV,25,,23
2026-06-01T18:04:51.308801,$GPGSV,28,,30
2026-06-01T18:04:51.308801,$GPGSV,32,,33
2026-06-01T18:04:51.314211,$GLGSV,65,,28
2026-06-01T18:04:51.314211,$GLGSV,74,,17
2026-06-01T18:04:51.314211,$GLGSV,75,,41
2026-06-01T18:04:51.314211,$GLGSV,87,,32
2026-06-01T18:04:51.315073,$GLGSV,88,,31
2026-06-01T18:04:51.316161,$GLGSV,72,,16
2026-06-01T18:04:51.316161,$GLGSV,75,,42
2026-06-01T18:04:51.316161,$GLGSV,88,,30
2026-06-01T18:04:51.318147,$GAGSV,03,,37
2026-06-01T18:04:51.318147,$GAGSV,08,,34
2026-06-01T18:04:51.318147,$GAGSV,15,,40
2026-06-01T18:04:51.318147,$GAGSV,32,,38
2026-06-01T18:04:51.318762,$GAGSV,34,,40
2026-06-01T18:04:51.320005,$GAGSV,03,,39
2026-06-01T18:04:51.320005,$GAGSV,08,,36
2026-06-01T18:04:51.320005,$GAGSV,15,,40
2026-06-01T18:04:51.320005,$GAGSV,32,,35
2026-06-01T18:04:51.320952,$GAGSV,34,,41
2026-06-01T18:04:51.324055,$GBGSV,06,,39
2026-06-01T18:04:51.324055,$GBGSV,07,,44
2026-06-01T18:04:51.324055,$GBGSV,09,,40
2026-06-01T18:04:51.324055,$GBGSV,10,,42
2026-06-01T18:04:51.324932,$GBGSV,13,,41
2026-06-01T18:04:51.324932,$GBGSV,25,,43
2026-06-01T18:04:51.324932,$GBGSV,28,,35
2026-06-01T18:04:51.324932,$GBGSV,33,,37
2026-06-01T18:04:51.325627,$GBGSV,09,,35
2026-06-01T18:04:51.325627,$GBGSV,10,,37
2026-06-01T18:04:52.301591,$GPGSV,10,,24
2026-06-01T18:04:52.301591,$GPGSV,12,,34
2026-06-01T18:04:52.301591,$GPGSV,13,,33
2026-06-01T18:04:52.301591,$GPGSV,18,,41
2026-06-01T18:04:52.303828,$GPGSV,23,,41
2026-06-01T18:04:52.303828,$GPGSV,24,,17
2026-06-01T18:04:52.303828,$GPGSV,25,,36
2026-06-01T18:04:52.303828,$GPGSV,28,,29
2026-06-01T18:04:52.306092,$GPGSV,32,,37
2026-06-01T18:04:52.306092,$GPGSV,41,,41
2026-06-01T18:04:52.306092,$GPGSV,42,,41
2026-06-01T18:04:52.306092,$GPGSV,50,,36
2026-06-01T18:04:52.308494,$GPGSV,10,,24
2026-06-01T18:04:52.308494,$GPGSV,18,,38
2026-06-01T18:04:52.308494,$GPGSV,23,,37
2026-06-01T18:04:52.308494,$GPGSV,24,,14
2026-06-01T18:04:52.310698,$GPGSV,25,,24
2026-06-01T18:04:52.310698,$GPGSV,28,,26
2026-06-01T18:04:52.310698,$GPGSV,32,,33
2026-06-01T18:04:52.318254,$GLGSV,65,,27
2026-06-01T18:04:52.318254,$GLGSV,74,,17
2026-06-01T18:04:52.318254,$GLGSV,75,,39
2026-06-01T18:04:52.318254,$GLGSV,87,,36
2026-06-01T18:04:52.319827,$GLGSV,88,,31
2026-06-01T18:04:52.321049,$GLGSV,72,,16
2026-06-01T18:04:52.321049,$GLGSV,75,,42
2026-06-01T18:04:52.321049,$GLGSV,88,,33
2026-06-01T18:04:52.323584,$GAGSV,03,,39
2026-06-01T18:04:52.323584,$GAGSV,08,,36
2026-06-01T18:04:52.323584,$GAGSV,15,,37
2026-06-01T18:04:52.323584,$GAGSV,32,,35
2026-06-01T18:04:52.324193,$GAGSV,34,,39
2026-06-01T18:04:52.325833,$GAGSV,03,,39
2026-06-01T18:04:52.325833,$GAGSV,08,,33
2026-06-01T18:04:52.325833,$GAGSV,15,,40
2026-06-01T18:04:52.325833,$GAGSV,32,,32
2026-06-01T18:04:52.326494,$GAGSV,34,,41
2026-06-01T18:04:52.329428,$GBGSV,06,,39
2026-06-01T18:04:52.329428,$GBGSV,07,,42
2026-06-01T18:04:52.329428,$GBGSV,09,,40
2026-06-01T18:04:52.329428,$GBGSV,10,,42
2026-06-01T18:04:52.330270,$GBGSV,13,,41
2026-06-01T18:04:52.330270,$GBGSV,25,,42
2026-06-01T18:04:52.330270,$GBGSV,28,,34
2026-06-01T18:04:52.330270,$GBGSV,33,,41
2026-06-01T18:04:52.330862,$GBGSV,09,,34
2026-06-01T18:04:52.330862,$GBGSV,10,,37
2026-06-01T18:04:53.301324,$GPGSV,10,,31
2026-06-01T18:04:53.301324,$GPGSV,12,,35
2026-06-01T18:04:53.301324,$GPGSV,13,,34
2026-06-01T18:04:53.301324,$GPGSV,18,,40
2026-06-01T18:04:53.303578,$GPGSV,23,,39
2026-06-01T18:04:53.303578,$GPGSV,24,,17
2026-06-01T18:04:53.303578,$GPGSV,25,,36
2026-06-01T18:04:53.303578,$GPGSV,28,,32
2026-06-01T18:04:53.305974,$GPGSV,32,,34
2026-06-01T18:04:53.305974,$GPGSV,41,,41
2026-06-01T18:04:53.305974,$GPGSV,42,,38
2026-06-01T18:04:53.305974,$GPGSV,50,,36
2026-06-01T18:04:53.308165,$GPGSV,10,,27
2026-06-01T18:04:53.308165,$GPGSV,12,,29
2026-06-01T18:04:53.308165,$GPGSV,18,,38
2026-06-01T18:04:53.308165,$GPGSV,23,,38
2026-06-01T18:04:53.310894,$GPGSV,24,,13
2026-06-01T18:04:53.310894,$GPGSV,25,,30
2026-06-01T18:04:53.310894,$GPGSV,28,,26
2026-06-01T18:04:53.310894,$GPGSV,32,,30
2026-06-01T18:04:53.314652,$GLGSV,65,,26
2026-06-01T18:04:53.314652,$GLGSV,74,,16
2026-06-01T18:04:53.314652,$GLGSV,75,,39
2026-06-01T18:04:53.314652,$GLGSV,87,,37
2026-06-01T18:04:53.316014,$GLGSV,88,,30
2026-06-01T18:04:53.317509,$GLGSV,72,,16
2026-06-01T18:04:53.317509,$GLGSV,75,,42
2026-06-01T18:04:53.317509,$GLGSV,88,,37
2026-06-01T18:04:53.319587,$GAGSV,03,,39
2026-06-01T18:04:53.319587,$GAGSV,08,,36
2026-06-01T18:04:53.319587,$GAGSV,15,,39
2026-06-01T18:04:53.319587,$GAGSV,32,,31
2026-06-01T18:04:53.320206,$GAGSV,34,,40
2026-06-01T18:04:53.321962,$GAGSV,03,,39
2026-06-01T18:04:53.321962,$GAGSV,08,,33
2026-06-01T18:04:53.321962,$GAGSV,15,,38
2026-06-01T18:04:53.321962,$GAGSV,32,,31
2026-06-01T18:04:53.322694,$GAGSV,34,,39
2026-06-01T18:04:53.325658,$GBGSV,06,,42
2026-06-01T18:04:53.325658,$GBGSV,07,,44
2026-06-01T18:04:53.325658,$GBGSV,09,,38
2026-06-01T18:04:53.325658,$GBGSV,10,,43
2026-06-01T18:04:53.326411,$GBGSV,13,,41
2026-06-01T18:04:53.326411,$GBGSV,25,,42
2026-06-01T18:04:53.326411,$GBGSV,28,,22
2026-06-01T18:04:53.326411,$GBGSV,33,,40
2026-06-01T18:04:53.326908,$GBGSV,09,,34
2026-06-01T18:04:53.326908,$GBGSV,10,,39
2026-06-01T18:04:54.298653,$GPGSV,10,,36
2026-06-01T18:04:54.298653,$GPGSV,12,,34
2026-06-01T18:04:54.298653,$GPGSV,13,,35
2026-06-01T18:04:54.298653,$GPGSV,18,,40
2026-06-01T18:04:54.300613,$GPGSV,23,,40
2026-06-01T18:04:54.300613,$GPGSV,24,,16
2026-06-01T18:04:54.300613,$GPGSV,25,,35
2026-06-01T18:04:54.300613,$GPGSV,28,,26
2026-06-01T18:04:54.302619,$GPGSV,32,,34
2026-06-01T18:04:54.302619,$GPGSV,41,,44
2026-06-01T18:04:54.302619,$GPGSV,42,,40
2026-06-01T18:04:54.302619,$GPGSV,50,,37
2026-06-01T18:04:54.304618,$GPGSV,10,,30
2026-06-01T18:04:54.304618,$GPGSV,12,,29
2026-06-01T18:04:54.304618,$GPGSV,18,,39
2026-06-01T18:04:54.304618,$GPGSV,23,,38
2026-06-01T18:04:54.306657,$GPGSV,24,,12
2026-06-01T18:04:54.306657,$GPGSV,25,,30
2026-06-01T18:04:54.306657,$GPGSV,28,,25
2026-06-01T18:04:54.306657,$GPGSV,32,,31
2026-06-01T18:04:54.311318,$GLGSV,65,,26
2026-06-01T18:04:54.311318,$GLGSV,74,,15
2026-06-01T18:04:54.311318,$GLGSV,75,,37
2026-06-01T18:04:54.311318,$GLGSV,87,,38
2026-06-01T18:04:54.312363,$GLGSV,88,,31
2026-06-01T18:04:54.314526,$GLGSV,72,,16
2026-06-01T18:04:54.314526,$GLGSV,75,,42
2026-06-01T18:04:54.314526,$GLGSV,88,,32
2026-06-01T18:04:54.317052,$GAGSV,03,,37
2026-06-01T18:04:54.317052,$GAGSV,08,,38
2026-06-01T18:04:54.317052,$GAGSV,15,,40
2026-06-01T18:04:54.317052,$GAGSV,32,,34
2026-06-01T18:04:54.317870,$GAGSV,34,,39
2026-06-01T18:04:54.319072,$GAGSV,03,,39
2026-06-01T18:04:54.319072,$GAGSV,08,,37
2026-06-01T18:04:54.319072,$GAGSV,15,,40
2026-06-01T18:04:54.319072,$GAGSV,32,,31
2026-06-01T18:04:54.319642,$GAGSV,34,,41
2026-06-01T18:04:54.322686,$GBGSV,06,,40
2026-06-01T18:04:54.322686,$GBGSV,07,,42
2026-06-01T18:04:54.322686,$GBGSV,09,,40
2026-06-01T18:04:54.322686,$GBGSV,10,,41
2026-06-01T18:04:54.324552,$GBGSV,13,,36
2026-06-01T18:04:54.324552,$GBGSV,25,,41
2026-06-01T18:04:54.324552,$GBGSV,28,,35
2026-06-01T18:04:54.324552,$GBGSV,33,,39
2026-06-01T18:04:54.325183,$GBGSV,09,,34
2026-06-01T18:04:54.325183,$GBGSV,10,,36
2026-06-01T18:04:55.292339,$GPGSV,10,,32
2026-06-01T18:04:55.292339,$GPGSV,12,,34
2026-06-01T18:04:55.292339,$GPGSV,13,,34
2026-06-01T18:04:55.292339,$GPGSV,18,,40
2026-06-01T18:04:55.293086,$GPGSV,23,,43
2026-06-01T18:04:55.293086,$GPGSV,24,,13
2026-06-01T18:04:55.293086,$GPGSV,25,,36
2026-06-01T18:04:55.293086,$GPGSV,28,,25
2026-06-01T18:04:55.293813,$GPGSV,32,,34
2026-06-01T18:04:55.293813,$GPGSV,41,,43
2026-06-01T18:04:55.293813,$GPGSV,42,,41
2026-06-01T18:04:55.293813,$GPGSV,50,,35
2026-06-01T18:04:55.294536,$GPGSV,10,,30
2026-06-01T18:04:55.294536,$GPGSV,12,,29
2026-06-01T18:04:55.294536,$GPGSV,18,,39
2026-06-01T18:04:55.294536,$GPGSV,23,,38
2026-06-01T18:04:55.295273,$GPGSV,24,,12
2026-06-01T18:04:55.295273,$GPGSV,25,,31
2026-06-01T18:04:55.295273,$GPGSV,28,,25
2026-06-01T18:04:55.295273,$GPGSV,32,,29
2026-06-01T18:04:55.297034,$GLGSV,65,,28
2026-06-01T18:04:55.297034,$GLGSV,74,,11
2026-06-01T18:04:55.297034,$GLGSV,75,,38
2026-06-01T18:04:55.297034,$GLGSV,87,,38
2026-06-01T18:04:55.297508,$GLGSV,88,,30
2026-06-01T18:04:55.298151,$GLGSV,72,,18
2026-06-01T18:04:55.298151,$GLGSV,75,,44
2026-06-01T18:04:55.298151,$GLGSV,88,,34
2026-06-01T18:04:55.299442,$GAGSV,03,,38
2026-06-01T18:04:55.299442,$GAGSV,08,,36
2026-06-01T18:04:55.299442,$GAGSV,15,,40
2026-06-01T18:04:55.299442,$GAGSV,32,,33
2026-06-01T18:04:55.299847,$GAGSV,34,,41
2026-06-01T18:04:55.300683,$GAGSV,03,,38
2026-06-01T18:04:55.300683,$GAGSV,08,,33
2026-06-01T18:04:55.300683,$GAGSV,15,,38
2026-06-01T18:04:55.300683,$GAGSV,32,,35
2026-06-01T18:04:55.301108,$GAGSV,34,,40
2026-06-01T18:04:55.303129,$GBGSV,06,,41
2026-06-01T18:04:55.303129,$GBGSV,07,,43
2026-06-01T18:04:55.303129,$GBGSV,09,,39
2026-06-01T18:04:55.303129,$GBGSV,10,,43
2026-06-01T18:04:55.303990,$GBGSV,13,,37
2026-06-01T18:04:55.303990,$GBGSV,25,,42
2026-06-01T18:04:55.303990,$GBGSV,28,,26
2026-06-01T18:04:55.303990,$GBGSV,33,,39
2026-06-01T18:04:55.304876,$GBGSV,09,,35
2026-06-01T18:04:55.304876,$GBGSV,10,,37
2026-06-01T18:04:56.303909,$GPGSV,10,,32
2026-06-01T18:04:56.303909,$GPGSV,12,,34
2026-06-01T18:04:56.303909,$GPGSV,13,,36
2026-06-01T18:04:56.303909,$GPGSV,18,,40
2026-06-01T18:04:56.306723,$GPGSV,23,,39
2026-06-01T18:04:56.306723,$GPGSV,24,,15
2026-06-01T18:04:56.306723,$GPGSV,25,,35
2026-06-01T18:04:56.306723,$GPGSV,28,,31
2026-06-01T18:04:56.309591,$GPGSV,32,,30
2026-06-01T18:04:56.309591,$GPGSV,41,,42
2026-06-01T18:04:56.309591,$GPGSV,42,,41
2026-06-01T18:04:56.309591,$GPGSV,50,,37
2026-06-01T18:04:56.312452,$GPGSV,10,,29
2026-06-01T18:04:56.312452,$GPGSV,12,,23
2026-06-01T18:04:56.312452,$GPGSV,18,,39
2026-06-01T18:04:56.312452,$GPGSV,23,,38
2026-06-01T18:04:56.315430,$GPGSV,24,,14
2026-06-01T18:04:56.315430,$GPGSV,25,,33
2026-06-01T18:04:56.315430,$GPGSV,28,,30
2026-06-01T18:04:56.315430,$GPGSV,32,,29
2026-06-01T18:04:56.320815,$GLGSV,65,,34
2026-06-01T18:04:56.320815,$GLGSV,74,,08
2026-06-01T18:04:56.320815,$GLGSV,75,,38
2026-06-01T18:04:56.320815,$GLGSV,87,,39
2026-06-01T18:04:56.322027,$GLGSV,88,,31
2026-06-01T18:04:56.323777,$GLGSV,72,,18
2026-06-01T18:04:56.323777,$GLGSV,75,,42
2026-06-01T18:04:56.323777,$GLGSV,88,,31
2026-06-01T18:04:56.326701,$GAGSV,03,,38
2026-06-01T18:04:56.326701,$GAGSV,08,,32
2026-06-01T18:04:56.326701,$GAGSV,15,,37
2026-06-01T18:04:56.326701,$GAGSV,32,,36
2026-06-01T18:04:56.327586,$GAGSV,34,,39
2026-06-01T18:04:56.328832,$GAGSV,03,,38
2026-06-01T18:04:56.328832,$GAGSV,08,,34
2026-06-01T18:04:56.328832,$GAGSV,15,,40
2026-06-01T18:04:56.328832,$GAGSV,32,,33
2026-06-01T18:04:56.329596,$GAGSV,34,,39
2026-06-01T18:04:56.332247,$GBGSV,06,,42
2026-06-01T18:04:56.332247,$GBGSV,07,,42
2026-06-01T18:04:56.332247,$GBGSV,09,,39
2026-06-01T18:04:56.332247,$GBGSV,10,,41
2026-06-01T18:04:56.333329,$GBGSV,13,,37
2026-06-01T18:04:56.333329,$GBGSV,25,,44
2026-06-01T18:04:56.333329,$GBGSV,28,,25
2026-06-01T18:04:56.333329,$GBGSV,33,,37
2026-06-01T18:04:56.334058,$GBGSV,09,,34
2026-06-01T18:04:56.334058,$GBGSV,10,,37
2026-06-01T18:04:57.299167,$GPGSV,10,,32
2026-06-01T18:04:57.299167,$GPGSV,12,,32
2026-06-01T18:04:57.299167,$GPGSV,13,,34
2026-06-01T18:04:57.299167,$GPGSV,18,,40
2026-06-01T18:04:57.301707,$GPGSV,23,,41
2026-06-01T18:04:57.301707,$GPGSV,24,,14
2026-06-01T18:04:57.301707,$GPGSV,25,,35
2026-06-01T18:04:57.301707,$GPGSV,28,,34
2026-06-01T18:04:57.303975,$GPGSV,32,,25
2026-06-01T18:04:57.303975,$GPGSV,41,,41
2026-06-01T18:04:57.303975,$GPGSV,42,,41
2026-06-01T18:04:57.303975,$GPGSV,50,,37
2026-06-01T18:04:57.306344,$GPGSV,10,,20
2026-06-01T18:04:57.306344,$GPGSV,12,,31
2026-06-01T18:04:57.306344,$GPGSV,18,,38
2026-06-01T18:04:57.306344,$GPGSV,23,,38
2026-06-01T18:04:57.308339,$GPGSV,24,,15
2026-06-01T18:04:57.308339,$GPGSV,25,,34
2026-06-01T18:04:57.308339,$GPGSV,28,,31
2026-06-01T18:04:57.308339,$GPGSV,32,,27
2026-06-01T18:04:57.312445,$GLGSV,65,,30
2026-06-01T18:04:57.312445,$GLGSV,74,,09
2026-06-01T18:04:57.312445,$GLGSV,75,,40
2026-06-01T18:04:57.312445,$GLGSV,87,,38
2026-06-01T18:04:57.313603,$GLGSV,88,,31
2026-06-01T18:04:57.314657,$GLGSV,72,,16
2026-06-01T18:04:57.314657,$GLGSV,75,,43
2026-06-01T18:04:57.314657,$GLGSV,88,,31
2026-06-01T18:04:57.316598,$GAGSV,03,,38
2026-06-01T18:04:57.316598,$GAGSV,08,,30
2026-06-01T18:04:57.316598,$GAGSV,15,,39
2026-06-01T18:04:57.316598,$GAGSV,32,,33
2026-06-01T18:04:57.317542,$GAGSV,34,,39
2026-06-01T18:04:57.318477,$GAGSV,03,,38
2026-06-01T18:04:57.318477,$GAGSV,08,,33
2026-06-01T18:04:57.318477,$GAGSV,15,,40
2026-06-01T18:04:57.318477,$GAGSV,32,,36
2026-06-01T18:04:57.319162,$GAGSV,34,,41
2026-06-01T18:04:57.322568,$GBGSV,06,,41
2026-06-01T18:04:57.322568,$GBGSV,07,,43
2026-06-01T18:04:57.322568,$GBGSV,09,,39
2026-06-01T18:04:57.322568,$GBGSV,10,,42
2026-06-01T18:04:57.323402,$GBGSV,13,,37
2026-06-01T18:04:57.323402,$GBGSV,25,,42
2026-06-01T18:04:57.323402,$GBGSV,28,,31
2026-06-01T18:04:57.323402,$GBGSV,33,,37
2026-06-01T18:04:57.323940,$GBGSV,09,,34
2026-06-01T18:04:57.323940,$GBGSV,10,,38
2026-06-01T18:04:58.293258,$GPGSV,10,,27
2026-06-01T18:04:58.293258,$GPGSV,12,,32
2026-06-01T18:04:58.293258,$GPGSV,13,,34
2026-06-01T18:04:58.293258,$GPGSV,18,,40
2026-06-01T18:04:58.294232,$GPGSV,23,,40
2026-06-01T18:04:58.294232,$GPGSV,24,,17
2026-06-01T18:04:58.294232,$GPGSV,25,,34
2026-06-01T18:04:58.294232,$GPGSV,28,,31
2026-06-01T18:04:58.294942,$GPGSV,32,,31
2026-06-01T18:04:58.294942,$GPGSV,41,,42
2026-06-01T18:04:58.294942,$GPGSV,42,,41
2026-06-01T18:04:58.294942,$GPGSV,50,,37
2026-06-01T18:04:58.295626,$GPGSV,10,,28
2026-06-01T18:04:58.295626,$GPGSV,12,,24
2026-06-01T18:04:58.295626,$GPGSV,18,,38
2026-06-01T18:04:58.295626,$GPGSV,23,,36
2026-06-01T18:04:58.296317,$GPGSV,24,,17
2026-06-01T18:04:58.296317,$GPGSV,25,,32
2026-06-01T18:04:58.296317,$GPGSV,28,,31
2026-06-01T18:04:58.296317,$GPGSV,32,,25
2026-06-01T18:04:58.297965,$GLGSV,65,,23
2026-06-01T18:04:58.297965,$GLGSV,74,,14
2026-06-01T18:04:58.297965,$GLGSV,75,,40
2026-06-01T18:04:58.297965,$GLGSV,87,,38
2026-06-01T18:04:58.298528,$GLGSV,88,,35
2026-06-01T18:04:58.299275,$GLGSV,72,,16
2026-06-01T18:04:58.299275,$GLGSV,75,,41
2026-06-01T18:04:58.299275,$GLGSV,88,,31
2026-06-01T18:04:58.300717,$GAGSV,03,,38
2026-06-01T18:04:58.300717,$GAGSV,08,,34
2026-06-01T18:04:58.300717,$GAGSV,15,,39
2026-06-01T18:04:58.300717,$GAGSV,32,,39
2026-06-01T18:04:58.301407,$GAGSV,34,,39
2026-06-01T18:04:58.302594,$GAGSV,03,,40
2026-06-01T18:04:58.302594,$GAGSV,08,,31
2026-06-01T18:04:58.302594,$GAGSV,15,,40
2026-06-01T18:04:58.302594,$GAGSV,32,,39
2026-06-01T18:04:58.303223,$GAGSV,34,,41
2026-06-01T18:04:58.305887,$GBGSV,06,,41
2026-06-01T18:04:58.305887,$GBGSV,07,,44
2026-06-01T18:04:58.305887,$GBGSV,09,,37
2026-06-01T18:04:58.305887,$GBGSV,10,,42
2026-06-01T18:04:58.306731,$GBGSV,13,,41
2026-06-01T18:04:58.306731,$GBGSV,25,,43
2026-06-01T18:04:58.306731,$GBGSV,28,,39
2026-06-01T18:04:58.306731,$GBGSV,33,,40
2026-06-01T18:04:58.307380,$GBGSV,09,,34
2026-06-01T18:04:58.307380,$GBGSV,10,,38
2026-06-01T18:04:59.298799,$GPGSV,10,,33
2026-06-01T18:04:59.298799,$GPGSV,12,,33
2026-06-01T18:04:59.298799,$GPGSV,13,,34
2026-06-01T18:04:59.298799,$GPGSV,18,,40
2026-06-01T18:04:59.299493,$GPGSV,23,,39
2026-06-01T18:04:59.299493,$GPGSV,24,,17
2026-06-01T18:04:59.299493,$GPGSV,25,,34
2026-06-01T18:04:59.299493,$GPGSV,28,,25
2026-06-01T18:04:59.300157,$GPGSV,32,,32
2026-06-01T18:04:59.300157,$GPGSV,41,,42
2026-06-01T18:04:59.300157,$GPGSV,42,,41
2026-06-01T18:04:59.300157,$GPGSV,50,,37
2026-06-01T18:04:59.300818,$GPGSV,10,,30
2026-06-01T18:04:59.300818,$GPGSV,12,,26
2026-06-01T18:04:59.300818,$GPGSV,18,,39
2026-06-01T18:04:59.300818,$GPGSV,23,,37
2026-06-01T18:04:59.301522,$GPGSV,24,,16
2026-06-01T18:04:59.301522,$GPGSV,25,,30
2026-06-01T18:04:59.301522,$GPGSV,28,,30
2026-06-01T18:04:59.301522,$GPGSV,32,,25
2026-06-01T18:04:59.303266,$GLGSV,65,,25
2026-06-01T18:04:59.303266,$GLGSV,74,,14
2026-06-01T18:04:59.303266,$GLGSV,75,,39
2026-06-01T18:04:59.303266,$GLGSV,87,,37
2026-06-01T18:04:59.303805,$GLGSV,88,,34
2026-06-01T18:04:59.304519,$GLGSV,72,,16
2026-06-01T18:04:59.304519,$GLGSV,75,,42
2026-06-01T18:04:59.304519,$GLGSV,88,,33
2026-06-01T18:04:59.306271,$GAGSV,03,,38
2026-06-01T18:04:59.306271,$GAGSV,08,,30
2026-06-01T18:04:59.306271,$GAGSV,15,,39
2026-06-01T18:04:59.306271,$GAGSV,32,,39
2026-06-01T18:04:59.306794,$GAGSV,34,,40
2026-06-01T18:04:59.307595,$GAGSV,03,,38
2026-06-01T18:04:59.307595,$GAGSV,08,,31
2026-06-01T18:04:59.307595,$GAGSV,15,,39
2026-06-01T18:04:59.307595,$GAGSV,32,,34
2026-06-01T18:04:59.308124,$GAGSV,34,,40
2026-06-01T18:04:59.310114,$GBGSV,06,,41
2026-06-01T18:04:59.310114,$GBGSV,07,,43
2026-06-01T18:04:59.310114,$GBGSV,09,,40
2026-06-01T18:04:59.310114,$GBGSV,10,,42
2026-06-01T18:04:59.311016,$GBGSV,13,,42
2026-06-01T18:04:59.311016,$GBGSV,25,,43
2026-06-01T18:04:59.311016,$GBGSV,28,,38
2026-06-01T18:04:59.311016,$GBGSV,33,,38
2026-06-01T18:04:59.311737,$GBGSV,09,,36
2026-06-01T18:04:59.311737,$GBGSV,10,,38
2026-06-01T18:05:00.291969,$GPGSV,10,,36
2026-06-01T18:05:00.291969,$GPGSV,12,,33
2026-06-01T18:05:00.291969,$GPGSV,13,,31
2026-06-01T18:05:00.291969,$GPGSV,18,,40
2026-06-01T18:05:00.292699,$GPGSV,23,,39
2026-06-01T18:05:00.292699,$GPGSV,24,,18
2026-06-01T18:05:00.292699,$GPGSV,25,,36
2026-06-01T18:05:00.292699,$GPGSV,28,,30
2026-06-01T18:05:00.293522,$GPGSV,32,,31
2026-06-01T18:05:00.293522,$GPGSV,41,,42
2026-06-01T18:05:00.293522,$GPGSV,42,,39
2026-06-01T18:05:00.293522,$GPGSV,50,,38
2026-06-01T18:05:00.294218,$GPGSV,10,,30
2026-06-01T18:05:00.294218,$GPGSV,12,,26
2026-06-01T18:05:00.294218,$GPGSV,18,,39
2026-06-01T18:05:00.294218,$GPGSV,23,,37
2026-06-01T18:05:00.294913,$GPGSV,24,,14
2026-06-01T18:05:00.294913,$GPGSV,25,,29
2026-06-01T18:05:00.294913,$GPGSV,28,,25
2026-06-01T18:05:00.294913,$GPGSV,32,,26
2026-06-01T18:05:00.297176,$GLGSV,65,,27
2026-06-01T18:05:00.297176,$GLGSV,74,,14
2026-06-01T18:05:00.297176,$GLGSV,75,,40
2026-06-01T18:05:00.297176,$GLGSV,87,,37
2026-06-01T18:05:00.297989,$GLGSV,88,,35
2026-06-01T18:05:00.298599,$GLGSV,72,,16
2026-06-01T18:05:00.298599,$GLGSV,75,,40
2026-06-01T18:05:00.298599,$GLGSV,88,,32
2026-06-01T18:05:00.299927,$GAGSV,03,,38
2026-06-01T18:05:00.299927,$GAGSV,08,,29
2026-06-01T18:05:00.299927,$GAGSV,15,,39
2026-06-01T18:05:00.299927,$GAGSV,32,,37
2026-06-01T18:05:00.300335,$GAGSV,34,,40
2026-06-01T18:05:00.301078,$GAGSV,03,,38
2026-06-01T18:05:00.301078,$GAGSV,08,,30
2026-06-01T18:05:00.301078,$GAGSV,15,,39
2026-06-01T18:05:00.301078,$GAGSV,32,,39
2026-06-01T18:05:00.301484,$GAGSV,34,,39
2026-06-01T18:05:00.303399,$GBGSV,06,,39
2026-06-01T18:05:00.303399,$GBGSV,07,,43
2026-06-01T18:05:00.303399,$GBGSV,09,,39
2026-06-01T18:05:00.303399,$GBGSV,10,,43
2026-06-01T18:05:00.304099,$GBGSV,13,,42
2026-06-01T18:05:00.304099,$GBGSV,25,,43
2026-06-01T18:05:00.304099,$GBGSV,28,,40
2026-06-01T18:05:00.304099,$GBGSV,33,,34
2026-06-01T18:05:00.304592,$GBGSV,09,,35
2026-06-01T18:05:00.304592,$GBGSV,10,,37
2026-06-01T18:05:01.293905,$GPGSV,10,,35
2026-06-01T18:05:01.293905,$GPGSV,12,,33
2026-06-01T18:05:01.293905,$GPGSV,13,,30
2026-06-01T18:05:01.293905,$GPGSV,18,,40
2026-06-01T18:05:01.294624,$GPGSV,23,,41
2026-06-01T18:05:01.294624,$GPGSV,24,,18
2026-06-01T18:05:01.294624,$GPGSV,25,,35
2026-06-01T18:05:01.294624,$GPGSV,28,,31
2026-06-01T18:05:01.295451,$GPGSV,32,,31
2026-06-01T18:05:01.295451,$GPGSV,41,,42
2026-06-01T18:05:01.295451,$GPGSV,42,,40
2026-06-01T18:05:01.295451,$GPGSV,50,,37
2026-06-01T18:05:01.296150,$GPGSV,10,,30
2026-06-01T18:05:01.296150,$GPGSV,12,,26
2026-06-01T18:05:01.296150,$GPGSV,18,,39
2026-06-01T18:05:01.296150,$GPGSV,23,,36
2026-06-01T18:05:01.296822,$GPGSV,24,,14
2026-06-01T18:05:01.296822,$GPGSV,25,,29
2026-06-01T18:05:01.296822,$GPGSV,28,,25
2026-06-01T18:05:01.296822,$GPGSV,32,,26
2026-06-01T18:05:01.298440,$GLGSV,65,,27
2026-06-01T18:05:01.298440,$GLGSV,74,,15
2026-06-01T18:05:01.298440,$GLGSV,75,,38
2026-06-01T18:05:01.298440,$GLGSV,87,,36
2026-06-01T18:05:01.299068,$GLGSV,88,,33
2026-06-01T18:05:01.300017,$GLGSV,72,,15
2026-06-01T18:05:01.300017,$GLGSV,75,,39
2026-06-01T18:05:01.300017,$GLGSV,88,,32
2026-06-01T18:05:01.301366,$GAGSV,03,,36
2026-06-01T18:05:01.301366,$GAGSV,08,,29
2026-06-01T18:05:01.301366,$GAGSV,15,,36
2026-06-01T18:05:01.301366,$GAGSV,32,,36
2026-06-01T18:05:01.301761,$GAGSV,34,,39
2026-06-01T18:05:01.302582,$GAGSV,03,,39
2026-06-01T18:05:01.302582,$GAGSV,08,,32
2026-06-01T18:05:01.302582,$GAGSV,15,,37
2026-06-01T18:05:01.302582,$GAGSV,32,,36
2026-06-01T18:05:01.302956,$GAGSV,34,,40
2026-06-01T18:05:01.304925,$GBGSV,06,,42
2026-06-01T18:05:01.304925,$GBGSV,07,,43
2026-06-01T18:05:01.304925,$GBGSV,09,,39
2026-06-01T18:05:01.304925,$GBGSV,10,,42
2026-06-01T18:05:01.305580,$GBGSV,13,,39
2026-06-01T18:05:01.305580,$GBGSV,25,,43
2026-06-01T18:05:01.305580,$GBGSV,28,,37
2026-06-01T18:05:01.305580,$GBGSV,33,,36
2026-06-01T18:05:01.306028,$GBGSV,09,,35
2026-06-01T18:05:01.306028,$GBGSV,10,,38
2026-06-01T18:05:02.299575,$GPGSV,10,,35
2026-06-01T18:05:02.299575,$GPGSV,12,,28
2026-06-01T18:05:02.299575,$GPGSV,13,,31
2026-06-01T18:05:02.299575,$GPGSV,18,,39
2026-06-01T18:05:02.301664,$GPGSV,23,,41
2026-06-01T18:05:02.301664,$GPGSV,24,,18
2026-06-01T18:05:02.301664,$GPGSV,25,,35
2026-06-01T18:05:02.301664,$GPGSV,28,,32
2026-06-01T18:05:02.303574,$GPGSV,32,,34
2026-06-01T18:05:02.303574,$GPGSV,41,,41
2026-06-01T18:05:02.303574,$GPGSV,42,,41
2026-06-01T18:05:02.303574,$GPGSV,50,,35
2026-06-01T18:05:02.305529,$GPGSV,10,,30
2026-06-01T18:05:02.305529,$GPGSV,12,,29
2026-06-01T18:05:02.305529,$GPGSV,18,,39
2026-06-01T18:05:02.305529,$GPGSV,23,,37
2026-06-01T18:05:02.307534,$GPGSV,24,,14
2026-06-01T18:05:02.307534,$GPGSV,25,,29
2026-06-01T18:05:02.307534,$GPGSV,28,,25
2026-06-01T18:05:02.307534,$GPGSV,32,,27
2026-06-01T18:05:02.313228,$GLGSV,65,,26
2026-06-01T18:05:02.313228,$GLGSV,74,,13
2026-06-01T18:05:02.313228,$GLGSV,75,,41
2026-06-01T18:05:02.313228,$GLGSV,87,,38
2026-06-01T18:05:02.314489,$GLGSV,88,,30
2026-06-01T18:05:02.315814,$GLGSV,72,,13
2026-06-01T18:05:02.315814,$GLGSV,75,,44
2026-06-01T18:05:02.315814,$GLGSV,88,,32
2026-06-01T18:05:02.318071,$GAGSV,03,,38
2026-06-01T18:05:02.318071,$GAGSV,08,,34
2026-06-01T18:05:02.318071,$GAGSV,15,,36
2026-06-01T18:05:02.318071,$GAGSV,32,,36
2026-06-01T18:05:02.318960,$GAGSV,34,,40
2026-06-01T18:05:02.319964,$GAGSV,03,,38
2026-06-01T18:05:02.319964,$GAGSV,08,,36
2026-06-01T18:05:02.319964,$GAGSV,15,,39
2026-06-01T18:05:02.319964,$GAGSV,32,,33
2026-06-01T18:05:02.320529,$GAGSV,34,,40
2026-06-01T18:05:02.324328,$GBGSV,06,,41
2026-06-01T18:05:02.324328,$GBGSV,07,,43
2026-06-01T18:05:02.324328,$GBGSV,09,,39
2026-06-01T18:05:02.324328,$GBGSV,10,,43
2026-06-01T18:05:02.325384,$GBGSV,13,,41
2026-06-01T18:05:02.325384,$GBGSV,25,,42
2026-06-01T18:05:02.325384,$GBGSV,28,,37
2026-06-01T18:05:02.325384,$GBGSV,33,,37
2026-06-01T18:05:02.325972,$GBGSV,09,,35
2026-06-01T18:05:02.325972,$GBGSV,10,,38
2026-06-01T18:05:03.298154,$GPGSV,10,,35
2026-06-01T18:05:03.298154,$GPGSV,12,,32
2026-06-01T18:05:03.298154,$GPGSV,13,,31
2026-06-01T18:05:03.298154,$GPGSV,18,,41
2026-06-01T18:05:03.300134,$GPGSV,23,,39
2026-06-01T18:05:03.300134,$GPGSV,24,,17
2026-06-01T18:05:03.300134,$GPGSV,25,,35
2026-06-01T18:05:03.300134,$GPGSV,28,,32
2026-06-01T18:05:03.302131,$GPGSV,32,,36
2026-06-01T18:05:03.302131,$GPGSV,41,,41
2026-06-01T18:05:03.302131,$GPGSV,42,,41
2026-06-01T18:05:03.302131,$GPGSV,50,,37
2026-06-01T18:05:03.304570,$GPGSV,10,,29
2026-06-01T18:05:03.304570,$GPGSV,12,,27
2026-06-01T18:05:03.304570,$GPGSV,18,,38
2026-06-01T18:05:03.304570,$GPGSV,23,,37
2026-06-01T18:05:03.306540,$GPGSV,24,,13
2026-06-01T18:05:03.306540,$GPGSV,25,,31
2026-06-01T18:05:03.306540,$GPGSV,28,,31
2026-06-01T18:05:03.306540,$GPGSV,32,,27
2026-06-01T18:05:03.310928,$GLGSV,65,,27
2026-06-01T18:05:03.310928,$GLGSV,74,,11
2026-06-01T18:05:03.310928,$GLGSV,75,,39
2026-06-01T18:05:03.310928,$GLGSV,87,,37
2026-06-01T18:05:03.311758,$GLGSV,88,,37
2026-06-01T18:05:03.312969,$GLGSV,72,,11
2026-06-01T18:05:03.312969,$GLGSV,75,,43
2026-06-01T18:05:03.312969,$GLGSV,88,,35
2026-06-01T18:05:03.316637,$GAGSV,03,,38
2026-06-01T18:05:03.316637,$GAGSV,08,,33
2026-06-01T18:05:03.316637,$GAGSV,15,,36
2026-06-01T18:05:03.316637,$GAGSV,32,,29
2026-06-01T18:05:03.317315,$GAGSV,34,,39
2026-06-01T18:05:03.318392,$GAGSV,03,,38
2026-06-01T18:05:03.318392,$GAGSV,08,,30
2026-06-01T18:05:03.318392,$GAGSV,15,,38
2026-06-01T18:05:03.318392,$GAGSV,32,,36
2026-06-01T18:05:03.319173,$GAGSV,34,,40
2026-06-01T18:05:03.321803,$GBGSV,06,,39
2026-06-01T18:05:03.321803,$GBGSV,07,,43
2026-06-01T18:05:03.321803,$GBGSV,09,,39
2026-06-01T18:05:03.321803,$GBGSV,10,,41
2026-06-01T18:05:03.322909,$GBGSV,13,,42
2026-06-01T18:05:03.322909,$GBGSV,25,,43
2026-06-01T18:05:03.322909,$GBGSV,28,,37
2026-06-01T18:05:03.322909,$GBGSV,33,,39
2026-06-01T18:05:03.324179,$GBGSV,09,,35
2026-06-01T18:05:03.324179,$GBGSV,10,,36
2026-06-01T18:05:04.301112,$GPGSV,10,,37
2026-06-01T18:05:04.301112,$GPGSV,12,,32
2026-06-01T18:05:04.301112,$GPGSV,13,,26
2026-06-01T18:05:04.301112,$GPGSV,18,,40
2026-06-01T18:05:04.303380,$GPGSV,23,,39
2026-06-01T18:05:04.303380,$GPGSV,24,,16
2026-06-01T18:05:04.303380,$GPGSV,25,,33
2026-06-01T18:05:04.303380,$GPGSV,28,,32
2026-06-01T18:05:04.305572,$GPGSV,32,,34
2026-06-01T18:05:04.305572,$GPGSV,41,,43
2026-06-01T18:05:04.305572,$GPGSV,42,,41
2026-06-01T18:05:04.305572,$GPGSV,50,,37
2026-06-01T18:05:04.308005,$GPGSV,10,,30
2026-06-01T18:05:04.308005,$GPGSV,12,,26
2026-06-01T18:05:04.308005,$GPGSV,18,,38
2026-06-01T18:05:04.308005,$GPGSV,23,,35
2026-06-01T18:05:04.310500,$GPGSV,24,,11
2026-06-01T18:05:04.310500,$GPGSV,25,,30
2026-06-01T18:05:04.310500,$GPGSV,28,,31
2026-06-01T18:05:04.310500,$GPGSV,32,,28
2026-06-01T18:05:04.314456,$GLGSV,65,,27
2026-06-01T18:05:04.314456,$GLGSV,74,,11
2026-06-01T18:05:04.314456,$GLGSV,75,,39
2026-06-01T18:05:04.314456,$GLGSV,87,,37
2026-06-01T18:05:04.316113,$GLGSV,88,,31
2026-06-01T18:05:04.317783,$GLGSV,72,,14
2026-06-01T18:05:04.317783,$GLGSV,75,,44
2026-06-01T18:05:04.317783,$GLGSV,88,,35
2026-06-01T18:05:04.319888,$GAGSV,03,,36
2026-06-01T18:05:04.319888,$GAGSV,08,,34
2026-06-01T18:05:04.319888,$GAGSV,15,,38
2026-06-01T18:05:04.319888,$GAGSV,32,,34
2026-06-01T18:05:04.320506,$GAGSV,34,,39
2026-06-01T18:05:04.322579,$GAGSV,03,,37
2026-06-01T18:05:04.322579,$GAGSV,08,,34
2026-06-01T18:05:04.322579,$GAGSV,15,,41
2026-06-01T18:05:04.322579,$GAGSV,32,,30
2026-06-01T18:05:04.323404,$GAGSV,34,,40
2026-06-01T18:05:04.325675,$GBGSV,06,,40
2026-06-01T18:05:04.325675,$GBGSV,07,,43
2026-06-01T18:05:04.325675,$GBGSV,09,,39
2026-06-01T18:05:04.325675,$GBGSV,10,,42
2026-06-01T18:05:04.326368,$GBGSV,13,,41
2026-06-01T18:05:04.326368,$GBGSV,25,,43
2026-06-01T18:05:04.326368,$GBGSV,28,,41
2026-06-01T18:05:04.326368,$GBGSV,33,,32
2026-06-01T18:05:04.326962,$GBGSV,09,,34
2026-06-01T18:05:04.326962,$GBGSV,10,,38
2026-06-01T18:05:05.301525,$GPGSV,10,,39
2026-06-01T18:05:05.301525,$GPGSV,12,,27
2026-06-01T18:05:05.301525,$GPGSV,13,,26
2026-06-01T18:05:05.301525,$GPGSV,18,,42
2026-06-01T18:05:05.306021,$GPGSV,23,,39
2026-06-01T18:05:05.306021,$GPGSV,24,,15
2026-06-01T18:05:05.306021,$GPGSV,25,,36
2026-06-01T18:05:05.306021,$GPGSV,28,,27
2026-06-01T18:05:05.309365,$GPGSV,32,,37
2026-06-01T18:05:05.309365,$GPGSV,41,,39
2026-06-01T18:05:05.309365,$GPGSV,42,,41
2026-06-01T18:05:05.309365,$GPGSV,50,,38
2026-06-01T18:05:05.312015,$GPGSV,10,,29
2026-06-01T18:05:05.312015,$GPGSV,12,,24
2026-06-01T18:05:05.312015,$GPGSV,18,,38
2026-06-01T18:05:05.312015,$GPGSV,23,,38
2026-06-01T18:05:05.314262,$GPGSV,24,,12
2026-06-01T18:05:05.314262,$GPGSV,25,,31
2026-06-01T18:05:05.314262,$GPGSV,28,,30
2026-06-01T18:05:05.314262,$GPGSV,32,,28
2026-06-01T18:05:05.318603,$GLGSV,65,,31
2026-06-01T18:05:05.318603,$GLGSV,74,,13
2026-06-01T18:05:05.318603,$GLGSV,75,,39
2026-06-01T18:05:05.318603,$GLGSV,87,,37
2026-06-01T18:05:05.319517,$GLGSV,88,,32
2026-06-01T18:05:05.320815,$GLGSV,72,,15
2026-06-01T18:05:05.320815,$GLGSV,75,,40
2026-06-01T18:05:05.320815,$GLGSV,88,,32
2026-06-01T18:05:05.323993,$GAGSV,03,,36
2026-06-01T18:05:05.323993,$GAGSV,08,,34
2026-06-01T18:05:05.323993,$GAGSV,15,,40
2026-06-01T18:05:05.323993,$GAGSV,32,,31
2026-06-01T18:05:05.325460,$GAGSV,34,,40
2026-06-01T18:05:05.326845,$GAGSV,03,,37
2026-06-01T18:05:05.326845,$GAGSV,08,,31
2026-06-01T18:05:05.326845,$GAGSV,15,,38
2026-06-01T18:05:05.326845,$GAGSV,32,,30
2026-06-01T18:05:05.327290,$GAGSV,34,,39
2026-06-01T18:05:05.329376,$GBGSV,06,,38
2026-06-01T18:05:05.329376,$GBGSV,07,,43
2026-06-01T18:05:05.329376,$GBGSV,09,,40
2026-06-01T18:05:05.329376,$GBGSV,10,,42
2026-06-01T18:05:05.329973,$GBGSV,13,,41
2026-06-01T18:05:05.329973,$GBGSV,25,,42
2026-06-01T18:05:05.329973,$GBGSV,28,,38
2026-06-01T18:05:05.329973,$GBGSV,33,,35
2026-06-01T18:05:05.330393,$GBGSV,09,,36
2026-06-01T18:05:05.330393,$GBGSV,10,,38
2026-06-01T18:05:06.298886,$GPGSV,10,,40
2026-06-01T18:05:06.298886,$GPGSV,12,,25
2026-06-01T18:05:06.298886,$GPGSV,13,,26
2026-06-01T18:05:06.298886,$GPGSV,18,,39
2026-06-01T18:05:06.303313,$GPGSV,23,,39
2026-06-01T18:05:06.303313,$GPGSV,24,,16
2026-06-01T18:05:06.303313,$GPGSV,25,,36
2026-06-01T18:05:06.303313,$GPGSV,28,,27
2026-06-01T18:05:06.307738,$GPGSV,32,,37
2026-06-01T18:05:06.307738,$GPGSV,41,,42
2026-06-01T18:05:06.307738,$GPGSV,42,,38
2026-06-01T18:05:06.307738,$GPGSV,50,,37
2026-06-01T18:05:06.310454,$GPGSV,10,,30
2026-06-01T18:05:06.310454,$GPGSV,12,,21
2026-06-01T18:05:06.310454,$GPGSV,18,,39
2026-06-01T18:05:06.310454,$GPGSV,23,,36
2026-06-01T18:05:06.313196,$GPGSV,24,,12
2026-06-01T18:05:06.313196,$GPGSV,25,,29
2026-06-01T18:05:06.313196,$GPGSV,28,,29
2026-06-01T18:05:06.313196,$GPGSV,32,,29
2026-06-01T18:05:06.315964,$GLGSV,65,,31
2026-06-01T18:05:06.315964,$GLGSV,74,,13
2026-06-01T18:05:06.315964,$GLGSV,75,,35
2026-06-01T18:05:06.315964,$GLGSV,87,,37
2026-06-01T18:05:06.316712,$GLGSV,88,,38
2026-06-01T18:05:06.317626,$GLGSV,72,,16
2026-06-01T18:05:06.317626,$GLGSV,75,,39
2026-06-01T18:05:06.317626,$GLGSV,88,,31
2026-06-01T18:05:06.319125,$GAGSV,03,,36
2026-06-01T18:05:06.319125,$GAGSV,08,,24
2026-06-01T18:05:06.319125,$GAGSV,15,,37
2026-06-01T18:05:06.319125,$GAGSV,32,,37
2026-06-01T18:05:06.319836,$GAGSV,34,,39
2026-06-01T18:05:06.320852,$GAGSV,03,,37
2026-06-01T18:05:06.320852,$GAGSV,08,,27
2026-06-01T18:05:06.320852,$GAGSV,15,,36
2026-06-01T18:05:06.320852,$GAGSV,32,,36
2026-06-01T18:05:06.321434,$GAGSV,34,,39
2026-06-01T18:05:06.324123,$GBGSV,06,,39
2026-06-01T18:05:06.324123,$GBGSV,07,,42
2026-06-01T18:05:06.324123,$GBGSV,09,,40
2026-06-01T18:05:06.324123,$GBGSV,10,,42
2026-06-01T18:05:06.325889,$GBGSV,13,,38
2026-06-01T18:05:06.325889,$GBGSV,25,,43
2026-06-01T18:05:06.325889,$GBGSV,28,,37
2026-06-01T18:05:06.325889,$GBGSV,33,,27
2026-06-01T18:05:06.326709,$GBGSV,09,,34
2026-06-01T18:05:06.326709,$GBGSV,10,,39
2026-06-01T18:05:07.300075,$GPGSV,10,,34
2026-06-01T18:05:07.300075,$GPGSV,12,,25
2026-06-01T18:05:07.300075,$GPGSV,13,,27
2026-06-01T18:05:07.300075,$GPGSV,18,,41
2026-06-01T18:05:07.302494,$GPGSV,23,,38
2026-06-01T18:05:07.302494,$GPGSV,24,,16
2026-06-01T18:05:07.302494,$GPGSV,25,,36
2026-06-01T18:05:07.302494,$GPGSV,28,,29
2026-06-01T18:05:07.304801,$GPGSV,32,,36
2026-06-01T18:05:07.304801,$GPGSV,41,,36
2026-06-01T18:05:07.304801,$GPGSV,42,,38
2026-06-01T18:05:07.304801,$GPGSV,50,,37
2026-06-01T18:05:07.307410,$GPGSV,10,,29
2026-06-01T18:05:07.307410,$GPGSV,12,,23
2026-06-01T18:05:07.307410,$GPGSV,18,,37
2026-06-01T18:05:07.307410,$GPGSV,23,,39
2026-06-01T18:05:07.309973,$GPGSV,24,,12
2026-06-01T18:05:07.309973,$GPGSV,25,,30
2026-06-01T18:05:07.309973,$GPGSV,28,,30
2026-06-01T18:05:07.309973,$GPGSV,32,,31
2026-06-01T18:05:07.315121,$GLGSV,65,,26
2026-06-01T18:05:07.315121,$GLGSV,74,,12
2026-06-01T18:05:07.315121,$GLGSV,75,,35
2026-06-01T18:05:07.315121,$GLGSV,87,,36
2026-06-01T18:05:07.316337,$GLGSV,88,,39
2026-06-01T18:05:07.317578,$GLGSV,72,,18
2026-06-01T18:05:07.317578,$GLGSV,75,,40
2026-06-01T18:05:07.317578,$GLGSV,88,,41
2026-06-01T18:05:07.319979,$GAGSV,03,,39
2026-06-01T18:05:07.319979,$GAGSV,08,,30
2026-06-01T18:05:07.319979,$GAGSV,15,,38
2026-06-01T18:05:07.319979,$GAGSV,32,,37
2026-06-01T18:05:07.320612,$GAGSV,34,,41
2026-06-01T18:05:07.322028,$GAGSV,03,,37
2026-06-01T18:05:07.322028,$GAGSV,08,,32
2026-06-01T18:05:07.322028,$GAGSV,15,,39
2026-06-01T18:05:07.322028,$GAGSV,32,,33
2026-06-01T18:05:07.323391,$GAGSV,34,,41
2026-06-01T18:05:07.326062,$GBGSV,06,,39
2026-06-01T18:05:07.326062,$GBGSV,07,,41
2026-06-01T18:05:07.326062,$GBGSV,09,,38
2026-06-01T18:05:07.326062,$GBGSV,10,,43
2026-06-01T18:05:07.326920,$GBGSV,13,,39
2026-06-01T18:05:07.326920,$GBGSV,25,,44
2026-06-01T18:05:07.326920,$GBGSV,28,,38
2026-06-01T18:05:07.326920,$GBGSV,33,,27
2026-06-01T18:05:07.327536,$GBGSV,09,,33
2026-06-01T18:05:07.327536,$GBGSV,10,,39
2026-06-01T18:05:08.293901,$GPGSV,10,,30
2026-06-01T18:05:08.293901,$GPGSV,12,,29
2026-06-01T18:05:08.293901,$GPGSV,13,,26
2026-06-01T18:05:08.293901,$GPGSV,18,,40
2026-06-01T18:05:08.294655,$GPGSV,23,,41
2026-06-01T18:05:08.294655,$GPGSV,24,,15
2026-06-01T18:05:08.294655,$GPGSV,25,,37
2026-06-01T18:05:08.294655,$GPGSV,28,,29
2026-06-01T18:05:08.295377,$GPGSV,32,,36
2026-06-01T18:05:08.295377,$GPGSV,41,,36
2026-06-01T18:05:08.295377,$GPGSV,42,,38
2026-06-01T18:05:08.295377,$GPGSV,50,,36
2026-06-01T18:05:08.296094,$GPGSV,10,,28
2026-06-01T18:05:08.296094,$GPGSV,12,,21
2026-06-01T18:05:08.296094,$GPGSV,18,,38
2026-06-01T18:05:08.296094,$GPGSV,23,,39
2026-06-01T18:05:08.296818,$GPGSV,24,,12
2026-06-01T18:05:08.296818,$GPGSV,25,,29
2026-06-01T18:05:08.296818,$GPGSV,28,,32
2026-06-01T18:05:08.296818,$GPGSV,32,,29
2026-06-01T18:05:08.298580,$GLGSV,65,,24
2026-06-01T18:05:08.298580,$GLGSV,74,,13
2026-06-01T18:05:08.298580,$GLGSV,75,,38
2026-06-01T18:05:08.298580,$GLGSV,87,,36
2026-06-01T18:05:08.298964,$GLGSV,88,,33
2026-06-01T18:05:08.299528,$GLGSV,72,,18
2026-06-01T18:05:08.299528,$GLGSV,75,,36
2026-06-01T18:05:08.299528,$GLGSV,88,,36
2026-06-01T18:05:08.300702,$GAGSV,03,,39
2026-06-01T18:05:08.300702,$GAGSV,08,,36
2026-06-01T18:05:08.300702,$GAGSV,15,,35
2026-06-01T18:05:08.300702,$GAGSV,32,,33
2026-06-01T18:05:08.301106,$GAGSV,34,,40
2026-06-01T18:05:08.302058,$GAGSV,03,,39
2026-06-01T18:05:08.302058,$GAGSV,08,,35
2026-06-01T18:05:08.302058,$GAGSV,15,,39
2026-06-01T18:05:08.302058,$GAGSV,32,,34
2026-06-01T18:05:08.302587,$GAGSV,34,,39
2026-06-01T18:05:08.304630,$GBGSV,06,,38
2026-06-01T18:05:08.304630,$GBGSV,07,,43
2026-06-01T18:05:08.304630,$GBGSV,09,,41
2026-06-01T18:05:08.304630,$GBGSV,10,,42
2026-06-01T18:05:08.305310,$GBGSV,13,,38
2026-06-01T18:05:08.305310,$GBGSV,25,,42
2026-06-01T18:05:08.305310,$GBGSV,28,,31
2026-06-01T18:05:08.305310,$GBGSV,33,,27
2026-06-01T18:05:08.305755,$GBGSV,09,,35
2026-06-01T18:05:08.305755,$GBGSV,10,,37
2026-06-01T18:05:09.291147,$GPGSV,10,,33
2026-06-01T18:05:09.291147,$GPGSV,12,,18
2026-06-01T18:05:09.291147,$GPGSV,13,,25
2026-06-01T18:05:09.291147,$GPGSV,18,,40
2026-06-01T18:05:09.292021,$GPGSV,23,,40
2026-06-01T18:05:09.292021,$GPGSV,24,,13
2026-06-01T18:05:09.292021,$GPGSV,25,,34
2026-06-01T18:05:09.292021,$GPGSV,28,,35
2026-06-01T18:05:09.292852,$GPGSV,32,,36
2026-06-01T18:05:09.292852,$GPGSV,41,,36
2026-06-01T18:05:09.292852,$GPGSV,42,,41
2026-06-01T18:05:09.292852,$GPGSV,50,,36
2026-06-01T18:05:09.293770,$GPGSV,10,,27
2026-06-01T18:05:09.293770,$GPGSV,12,,21
2026-06-01T18:05:09.293770,$GPGSV,18,,39
2026-06-01T18:05:09.293770,$GPGSV,23,,36
2026-06-01T18:05:09.294605,$GPGSV,24,,11
2026-06-01T18:05:09.294605,$GPGSV,25,,30
2026-06-01T18:05:09.294605,$GPGSV,28,,32
2026-06-01T18:05:09.294605,$GPGSV,32,,28
2026-06-01T18:05:09.296602,$GLGSV,65,,24
2026-06-01T18:05:09.296602,$GLGSV,74,,13
2026-06-01T18:05:09.296602,$GLGSV,75,,37
2026-06-01T18:05:09.296602,$GLGSV,87,,31
2026-06-01T18:05:09.297100,$GLGSV,88,,36
2026-06-01T18:05:09.297913,$GLGSV,72,,18
2026-06-01T18:05:09.297913,$GLGSV,75,,40
2026-06-01T18:05:09.297913,$GLGSV,88,,36
2026-06-01T18:05:09.299562,$GAGSV,03,,37
2026-06-01T18:05:09.299562,$GAGSV,08,,36
2026-06-01T18:05:09.299562,$GAGSV,15,,35
2026-06-01T18:05:09.299562,$GAGSV,32,,28
2026-06-01T18:05:09.300040,$GAGSV,34,,40
2026-06-01T18:05:09.300949,$GAGSV,03,,38
2026-06-01T18:05:09.300949,$GAGSV,08,,34
2026-06-01T18:05:09.300949,$GAGSV,15,,38
2026-06-01T18:05:09.300949,$GAGSV,32,,33
2026-06-01T18:05:09.301533,$GAGSV,34,,39
2026-06-01T18:05:09.303726,$GBGSV,06,,42
2026-06-01T18:05:09.303726,$GBGSV,07,,43
2026-06-01T18:05:09.303726,$GBGSV,09,,37
2026-06-01T18:05:09.303726,$GBGSV,10,,43
2026-06-01T18:05:09.304562,$GBGSV,13,,40
2026-06-01T18:05:09.304562,$GBGSV,25,,43
2026-06-01T18:05:09.304562,$GBGSV,28,,38
2026-06-01T18:05:09.304562,$GBGSV,33,,35
2026-06-01T18:05:09.305174,$GBGSV,09,,36
2026-06-01T18:05:09.305174,$GBGSV,10,,39
2026-06-01T18:05:10.300998,$GPGSV,10,,29
2026-06-01T18:05:10.300998,$GPGSV,12,,19
2026-06-01T18:05:10.300998,$GPGSV,13,,32
2026-06-01T18:05:10.300998,$GPGSV,18,,40
2026-06-01T18:05:10.303639,$GPGSV,23,,40
2026-06-01T18:05:10.303639,$GPGSV,24,,12
2026-06-01T18:05:10.303639,$GPGSV,25,,34
2026-06-01T18:05:10.303639,$GPGSV,28,,32
2026-06-01T18:05:10.306026,$GPGSV,32,,36
2026-06-01T18:05:10.306026,$GPGSV,41,,40
2026-06-01T18:05:10.306026,$GPGSV,42,,42
2026-06-01T18:05:10.306026,$GPGSV,50,,38
2026-06-01T18:05:10.308334,$GPGSV,10,,25
2026-06-01T18:05:10.308334,$GPGSV,12,,22
2026-06-01T18:05:10.308334,$GPGSV,18,,39
2026-06-01T18:05:10.308334,$GPGSV,23,,38
2026-06-01T18:05:10.311082,$GPGSV,24,,10
2026-06-01T18:05:10.311082,$GPGSV,25,,31
2026-06-01T18:05:10.311082,$GPGSV,28,,32
2026-06-01T18:05:10.311082,$GPGSV,32,,30
2026-06-01T18:05:10.316955,$GLGSV,65,,24
2026-06-01T18:05:10.316955,$GLGSV,74,,12
2026-06-01T18:05:10.316955,$GLGSV,75,,39
2026-06-01T18:05:10.316955,$GLGSV,87,,35
2026-06-01T18:05:10.317783,$GLGSV,88,,36
2026-06-01T18:05:10.318648,$GLGSV,72,,17
2026-06-01T18:05:10.318648,$GLGSV,75,,41
2026-06-01T18:05:10.318648,$GLGSV,88,,33
2026-06-01T18:05:10.320653,$GAGSV,03,,37
2026-06-01T18:05:10.320653,$GAGSV,08,,34
2026-06-01T18:05:10.320653,$GAGSV,15,,37
2026-06-01T18:05:10.320653,$GAGSV,32,,34
2026-06-01T18:05:10.321298,$GAGSV,34,,40
2026-06-01T18:05:10.323233,$GAGSV,03,,40
2026-06-01T18:05:10.323233,$GAGSV,08,,35
2026-06-01T18:05:10.323233,$GAGSV,15,,39
2026-06-01T18:05:10.323233,$GAGSV,32,,37
2026-06-01T18:05:10.323744,$GAGSV,34,,42
2026-06-01T18:05:10.326155,$GBGSV,06,,34
2026-06-01T18:05:10.326155,$GBGSV,07,,43
2026-06-01T18:05:10.326155,$GBGSV,09,,35
2026-06-01T18:05:10.326155,$GBGSV,10,,40
2026-06-01T18:05:10.326987,$GBGSV,13,,39
2026-06-01T18:05:10.326987,$GBGSV,25,,42
2026-06-01T18:05:10.326987,$GBGSV,28,,39
2026-06-01T18:05:10.326987,$GBGSV,33,,35
2026-06-01T18:05:10.327576,$GBGSV,09,,36
2026-06-01T18:05:10.327576,$GBGSV,10,,39
2026-06-01T18:05:11.299423,$GPGSV,10,,34
2026-06-01T18:05:11.299423,$GPGSV,12,,29
2026-06-01T18:05:11.299423,$GPGSV,13,,27
2026-06-01T18:05:11.299423,$GPGSV,18,,42
2026-06-01T18:05:11.303177,$GPGSV,23,,42
2026-06-01T18:05:11.303177,$GPGSV,24,,11
2026-06-01T18:05:11.303177,$GPGSV,25,,37
2026-06-01T18:05:11.303177,$GPGSV,28,,32
2026-06-01T18:05:11.305471,$GPGSV,32,,37
2026-06-01T18:05:11.305471,$GPGSV,41,,40
2026-06-01T18:05:11.305471,$GPGSV,42,,39
2026-06-01T18:05:11.305471,$GPGSV,50,,38
2026-06-01T18:05:11.307741,$GPGSV,10,,30
2026-06-01T18:05:11.307741,$GPGSV,12,,21
2026-06-01T18:05:11.307741,$GPGSV,18,,39
2026-06-01T18:05:11.307741,$GPGSV,23,,38
2026-06-01T18:05:11.310515,$GPGSV,24,,10
2026-06-01T18:05:11.310515,$GPGSV,25,,32
2026-06-01T18:05:11.310515,$GPGSV,28,,31
2026-06-01T18:05:11.310515,$GPGSV,32,,34
2026-06-01T18:05:11.314734,$GLGSV,65,,22
2026-06-01T18:05:11.314734,$GLGSV,74,,14
2026-06-01T18:05:11.314734,$GLGSV,75,,37
2026-06-01T18:05:11.314734,$GLGSV,87,,35
2026-06-01T18:05:11.315956,$GLGSV,88,,28
2026-06-01T18:05:11.317228,$GLGSV,72,,16
2026-06-01T18:05:11.317228,$GLGSV,75,,40
2026-06-01T18:05:11.317228,$GLGSV,88,,35
2026-06-01T18:05:11.319626,$GAGSV,03,,39
2026-06-01T18:05:11.319626,$GAGSV,08,,34
2026-06-01T18:05:11.319626,$GAGSV,15,,34
2026-06-01T18:05:11.319626,$GAGSV,32,,33
2026-06-01T18:05:11.320246,$GAGSV,34,,40
2026-06-01T18:05:11.321333,$GAGSV,03,,37
2026-06-01T18:05:11.321333,$GAGSV,08,,33
2026-06-01T18:05:11.321333,$GAGSV,15,,35
2026-06-01T18:05:11.321333,$GAGSV,32,,34
2026-06-01T18:05:11.322167,$GAGSV,34,,37
2026-06-01T18:05:11.325084,$GBGSV,06,,40
2026-06-01T18:05:11.325084,$GBGSV,07,,44
2026-06-01T18:05:11.325084,$GBGSV,09,,39
2026-06-01T18:05:11.325084,$GBGSV,10,,41
2026-06-01T18:05:11.325893,$GBGSV,13,,42
2026-06-01T18:05:11.325893,$GBGSV,25,,42
2026-06-01T18:05:11.325893,$GBGSV,28,,37
2026-06-01T18:05:11.325893,$GBGSV,33,,37
2026-06-01T18:05:11.326388,$GBGSV,09,,35
2026-06-01T18:05:11.326388,$GBGSV,10,,38
2026-06-01T18:05:12.300521,$GPGSV,10,,37
2026-06-01T18:05:12.300521,$GPGSV,12,,22
2026-06-01T18:05:12.300521,$GPGSV,13,,28
2026-06-01T18:05:12.300521,$GPGSV,18,,42
2026-06-01T18:05:12.304153,$GPGSV,23,,39
2026-06-01T18:05:12.304153,$GPGSV,24,,14
2026-06-01T18:05:12.304153,$GPGSV,25,,37
2026-06-01T18:05:12.304153,$GPGSV,28,,29
2026-06-01T18:05:12.306490,$GPGSV,32,,33
2026-06-01T18:05:12.306490,$GPGSV,41,,36
2026-06-01T18:05:12.306490,$GPGSV,42,,40
2026-06-01T18:05:12.306490,$GPGSV,50,,36
2026-06-01T18:05:12.308703,$GPGSV,10,,31
2026-06-01T18:05:12.308703,$GPGSV,12,,20
2026-06-01T18:05:12.308703,$GPGSV,18,,39
2026-06-01T18:05:12.308703,$GPGSV,23,,37
2026-06-01T18:05:12.311299,$GPGSV,24,,09
2026-06-01T18:05:12.311299,$GPGSV,25,,27
2026-06-01T18:05:12.311299,$GPGSV,28,,32
2026-06-01T18:05:12.311299,$GPGSV,32,,29
2026-06-01T18:05:12.315712,$GLGSV,65,,23
2026-06-01T18:05:12.315712,$GLGSV,74,,14
2026-06-01T18:05:12.315712,$GLGSV,75,,39
2026-06-01T18:05:12.315712,$GLGSV,87,,36
2026-06-01T18:05:12.316805,$GLGSV,88,,29
2026-06-01T18:05:12.318493,$GLGSV,72,,17
2026-06-01T18:05:12.318493,$GLGSV,75,,41
2026-06-01T18:05:12.318493,$GLGSV,88,,35
2026-06-01T18:05:12.320605,$GAGSV,03,,37
2026-06-01T18:05:12.320605,$GAGSV,08,,32
2026-06-01T18:05:12.320605,$GAGSV,15,,32
2026-06-01T18:05:12.320605,$GAGSV,32,,33
2026-06-01T18:05:12.321367,$GAGSV,34,,40
2026-06-01T18:05:12.323000,$GAGSV,03,,37
2026-06-01T18:05:12.323000,$GAGSV,08,,30
2026-06-01T18:05:12.323000,$GAGSV,15,,34
2026-06-01T18:05:12.323000,$GAGSV,32,,31
2026-06-01T18:05:12.323647,$GAGSV,34,,38
2026-06-01T18:05:12.326465,$GBGSV,06,,38
2026-06-01T18:05:12.326465,$GBGSV,07,,44
2026-06-01T18:05:12.326465,$GBGSV,09,,37
2026-06-01T18:05:12.326465,$GBGSV,10,,42
2026-06-01T18:05:12.327302,$GBGSV,13,,39
2026-06-01T18:05:12.327302,$GBGSV,25,,43
2026-06-01T18:05:12.327302,$GBGSV,28,,38
2026-06-01T18:05:12.327302,$GBGSV,33,,39
2026-06-01T18:05:12.327874,$GBGSV,09,,35
2026-06-01T18:05:12.327874,$GBGSV,10,,38
2026-06-01T18:05:13.291573,$GPGSV,10,,35
2026-06-01T18:05:13.291573,$GPGSV,12,,23
2026-06-01T18:05:13.291573,$GPGSV,13,,28
2026-06-01T18:05:13.291573,$GPGSV,18,,41
2026-06-01T18:05:13.292301,$GPGSV,23,,39
2026-06-01T18:05:13.292301,$GPGSV,24,,12
2026-06-01T18:05:13.292301,$GPGSV,25,,35
2026-06-01T18:05:13.292301,$GPGSV,28,,38
2026-06-01T18:05:13.292988,$GPGSV,32,,30
2026-06-01T18:05:13.292988,$GPGSV,41,,35
2026-06-01T18:05:13.292988,$GPGSV,42,,41
2026-06-01T18:05:13.292988,$GPGSV,50,,39
2026-06-01T18:05:13.293739,$GPGSV,10,,31
2026-06-01T18:05:13.293739,$GPGSV,12,,20
2026-06-01T18:05:13.293739,$GPGSV,18,,37
2026-06-01T18:05:13.293739,$GPGSV,23,,36
2026-06-01T18:05:13.294428,$GPGSV,24,,11
2026-06-01T18:05:13.294428,$GPGSV,25,,28
2026-06-01T18:05:13.294428,$GPGSV,28,,31
2026-06-01T18:05:13.294428,$GPGSV,32,,28
2026-06-01T18:05:13.296128,$GLGSV,65,,21
2026-06-01T18:05:13.296128,$GLGSV,74,,11
2026-06-01T18:05:13.296128,$GLGSV,75,,40
2026-06-01T18:05:13.296128,$GLGSV,87,,36
2026-06-01T18:05:13.296509,$GLGSV,88,,38
2026-06-01T18:05:13.297082,$GLGSV,72,,15
2026-06-01T18:05:13.297082,$GLGSV,75,,42
2026-06-01T18:05:13.297082,$GLGSV,88,,35
2026-06-01T18:05:13.298256,$GAGSV,03,,37
2026-06-01T18:05:13.298256,$GAGSV,08,,30
2026-06-01T18:05:13.298256,$GAGSV,15,,36
2026-06-01T18:05:13.298256,$GAGSV,32,,33
2026-06-01T18:05:13.298644,$GAGSV,34,,39
2026-06-01T18:05:13.299295,$GAGSV,03,,37
2026-06-01T18:05:13.299295,$GAGSV,08,,30
2026-06-01T18:05:13.299295,$GAGSV,15,,37
2026-06-01T18:05:13.299295,$GAGSV,32,,31
2026-06-01T18:05:13.299668,$GAGSV,34,,39
2026-06-01T18:05:13.301481,$GBGSV,06,,33
2026-06-01T18:05:13.301481,$GBGSV,07,,43
2026-06-01T18:05:13.301481,$GBGSV,09,,39
2026-06-01T18:05:13.301481,$GBGSV,10,,42
2026-06-01T18:05:13.302158,$GBGSV,13,,38
2026-06-01T18:05:13.302158,$GBGSV,25,,44
2026-06-01T18:05:13.302158,$GBGSV,28,,39
2026-06-01T18:05:13.302158,$GBGSV,33,,40
2026-06-01T18:05:13.302612,$GBGSV,09,,36
2026-06-01T18:05:13.302612,$GBGSV,10,,38
2026-06-01T18:05:14.301462,$GPGSV,10,,35
2026-06-01T18:05:14.301462,$GPGSV,12,,25
2026-06-01T18:05:14.301462,$GPGSV,13,,33
2026-06-01T18:05:14.301462,$GPGSV,18,,41
2026-06-01T18:05:14.303725,$GPGSV,23,,41
2026-06-01T18:05:14.303725,$GPGSV,24,,13
2026-06-01T18:05:14.303725,$GPGSV,25,,35
2026-06-01T18:05:14.303725,$GPGSV,28,,34
2026-06-01T18:05:14.305975,$GPGSV,32,,36
2026-06-01T18:05:14.305975,$GPGSV,41,,32
2026-06-01T18:05:14.305975,$GPGSV,42,,38
2026-06-01T18:05:14.305975,$GPGSV,50,,38
2026-06-01T18:05:14.308113,$GPGSV,10,,27
2026-06-01T18:05:14.308113,$GPGSV,12,,19
2026-06-01T18:05:14.308113,$GPGSV,18,,37
2026-06-01T18:05:14.308113,$GPGSV,23,,38
2026-06-01T18:05:14.310335,$GPGSV,24,,12
2026-06-01T18:05:14.310335,$GPGSV,25,,33
2026-06-01T18:05:14.310335,$GPGSV,28,,32
2026-06-01T18:05:14.310335,$GPGSV,32,,31
2026-06-01T18:05:14.316031,$GLGSV,65,,30
2026-06-01T18:05:14.316031,$GLGSV,74,,08
2026-06-01T18:05:14.316031,$GLGSV,75,,38
2026-06-01T18:05:14.316031,$GLGSV,87,,33
2026-06-01T18:05:14.317081,$GLGSV,88,,30
2026-06-01T18:05:14.318365,$GLGSV,72,,14
2026-06-01T18:05:14.318365,$GLGSV,75,,42
2026-06-01T18:05:14.318365,$GLGSV,88,,41
2026-06-01T18:05:14.320880,$GAGSV,03,,38
2026-06-01T18:05:14.320880,$GAGSV,08,,30
2026-06-01T18:05:14.320880,$GAGSV,15,,38
2026-06-01T18:05:14.320880,$GAGSV,32,,34
2026-06-01T18:05:14.321722,$GAGSV,34,,39
2026-06-01T18:05:14.322767,$GAGSV,03,,37
2026-06-01T18:05:14.322767,$GAGSV,08,,31
2026-06-01T18:05:14.322767,$GAGSV,15,,34
2026-06-01T18:05:14.322767,$GAGSV,32,,32
2026-06-01T18:05:14.323360,$GAGSV,34,,40
2026-06-01T18:05:14.326917,$GBGSV,06,,36
2026-06-01T18:05:14.326917,$GBGSV,07,,42
2026-06-01T18:05:14.326917,$GBGSV,09,,40
2026-06-01T18:05:14.326917,$GBGSV,10,,43
2026-06-01T18:05:14.327747,$GBGSV,13,,38
2026-06-01T18:05:14.327747,$GBGSV,25,,43
2026-06-01T18:05:14.327747,$GBGSV,28,,37
2026-06-01T18:05:14.327747,$GBGSV,33,,38
2026-06-01T18:05:14.328340,$GBGSV,09,,36
2026-06-01T18:05:14.328340,$GBGSV,10,,38
2026-06-01T18:05:15.287986,$GPGSV,10,,32
2026-06-01T18:05:15.287986,$GPGSV,12,,25
2026-06-01T18:05:15.287986,$GPGSV,13,,33
2026-06-01T18:05:15.287986,$GPGSV,18,,41
2026-06-01T18:05:15.288716,$GPGSV,23,,42
2026-06-01T18:05:15.288716,$GPGSV,24,,12
2026-06-01T18:05:15.288716,$GPGSV,25,,35
2026-06-01T18:05:15.288716,$GPGSV,28,,37
2026-06-01T18:05:15.290262,$GPGSV,32,,33
2026-06-01T18:05:15.290262,$GPGSV,41,,36
2026-06-01T18:05:15.290262,$GPGSV,42,,41
2026-06-01T18:05:15.290262,$GPGSV,50,,36
2026-06-01T18:05:15.291203,$GPGSV,10,,28
2026-06-01T18:05:15.291203,$GPGSV,12,,23
2026-06-01T18:05:15.291203,$GPGSV,18,,39
2026-06-01T18:05:15.291203,$GPGSV,23,,38
2026-06-01T18:05:15.291894,$GPGSV,24,,10
2026-06-01T18:05:15.291894,$GPGSV,25,,29
2026-06-01T18:05:15.291894,$GPGSV,28,,32
2026-06-01T18:05:15.291894,$GPGSV,32,,30
2026-06-01T18:05:15.293625,$GLGSV,65,,25
2026-06-01T18:05:15.293625,$GLGSV,75,,38
2026-06-01T18:05:15.293625,$GLGSV,87,,29
2026-06-01T18:05:15.293625,$GLGSV,88,,33
2026-06-01T18:05:15.294320,$GLGSV,72,,16
2026-06-01T18:05:15.294320,$GLGSV,75,,46
2026-06-01T18:05:15.294320,$GLGSV,86,,07
2026-06-01T18:05:15.294320,$GLGSV,88,,37
2026-06-01T18:05:15.295532,$GAGSV,03,,37
2026-06-01T18:05:15.295532,$GAGSV,08,,30
2026-06-01T18:05:15.295532,$GAGSV,15,,36
2026-06-01T18:05:15.295532,$GAGSV,32,,38
2026-06-01T18:05:15.295949,$GAGSV,34,,40
2026-06-01T18:05:15.296631,$GAGSV,03,,39
2026-06-01T18:05:15.296631,$GAGSV,08,,34
2026-06-01T18:05:15.296631,$GAGSV,15,,33
2026-06-01T18:05:15.296631,$GAGSV,32,,33
2026-06-01T18:05:15.297019,$GAGSV,34,,39
2026-06-01T18:05:15.298888,$GBGSV,06,,36
2026-06-01T18:05:15.298888,$GBGSV,07,,42
2026-06-01T18:05:15.298888,$GBGSV,09,,39
2026-06-01T18:05:15.298888,$GBGSV,10,,41
2026-06-01T18:05:15.299547,$GBGSV,13,,40
2026-06-01T18:05:15.299547,$GBGSV,25,,42
2026-06-01T18:05:15.299547,$GBGSV,28,,37
2026-06-01T18:05:15.299547,$GBGSV,33,,40
2026-06-01T18:05:15.300012,$GBGSV,09,,36
2026-06-01T18:05:15.300012,$GBGSV,10,,38
2026-06-01T18:05:16.295548,$GPGSV,10,,29
2026-06-01T18:05:16.295548,$GPGSV,12,,35
2026-06-01T18:05:16.295548,$GPGSV,13,,36
2026-06-01T18:05:16.295548,$GPGSV,18,,40
2026-06-01T18:05:16.296260,$GPGSV,23,,41
2026-06-01T18:05:16.296260,$GPGSV,24,,12
2026-06-01T18:05:16.296260,$GPGSV,25,,34
2026-06-01T18:05:16.296260,$GPGSV,28,,33
2026-06-01T18:05:16.296947,$GPGSV,32,,29
2026-06-01T18:05:16.296947,$GPGSV,41,,37
2026-06-01T18:05:16.296947,$GPGSV,42,,41
2026-06-01T18:05:16.296947,$GPGSV,50,,37
2026-06-01T18:05:16.297662,$GPGSV,10,,28
2026-06-01T18:05:16.297662,$GPGSV,12,,25
2026-06-01T18:05:16.297662,$GPGSV,18,,39
2026-06-01T18:05:16.297662,$GPGSV,23,,38
2026-06-01T18:05:16.298322,$GPGSV,24,,10
2026-06-01T18:05:16.298322,$GPGSV,25,,30
2026-06-01T18:05:16.298322,$GPGSV,28,,32
2026-06-01T18:05:16.298322,$GPGSV,32,,24
2026-06-01T18:05:16.299909,$GLGSV,65,,23
2026-06-01T18:05:16.299909,$GLGSV,75,,41
2026-06-01T18:05:16.299909,$GLGSV,87,,32
2026-06-01T18:05:16.299909,$GLGSV,88,,34
2026-06-01T18:05:16.300591,$GLGSV,72,,14
2026-06-01T18:05:16.300591,$GLGSV,75,,43
2026-06-01T18:05:16.300591,$GLGSV,86,,13
2026-06-01T18:05:16.300591,$GLGSV,88,,31
2026-06-01T18:05:16.301809,$GAGSV,03,,38
2026-06-01T18:05:16.301809,$GAGSV,08,,35
2026-06-01T18:05:16.301809,$GAGSV,15,,36
2026-06-01T18:05:16.301809,$GAGSV,32,,35
2026-06-01T18:05:16.302172,$GAGSV,34,,40
2026-06-01T18:05:16.302800,$GAGSV,03,,39
2026-06-01T18:05:16.302800,$GAGSV,08,,34
2026-06-01T18:05:16.302800,$GAGSV,15,,34
2026-06-01T18:05:16.302800,$GAGSV,32,,38
2026-06-01T18:05:16.303158,$GAGSV,34,,40
2026-06-01T18:05:16.304858,$GBGSV,06,,41
2026-06-01T18:05:16.304858,$GBGSV,07,,43
2026-06-01T18:05:16.304858,$GBGSV,09,,41
2026-06-01T18:05:16.304858,$GBGSV,10,,41
2026-06-01T18:05:16.305794,$GBGSV,13,,37
2026-06-01T18:05:16.305794,$GBGSV,25,,43
2026-06-01T18:05:16.305794,$GBGSV,28,,36
2026-06-01T18:05:16.305794,$GBGSV,33,,35
2026-06-01T18:05:16.306562,$GBGSV,09,,36
2026-06-01T18:05:16.306562,$GBGSV,10,,38
2026-06-01T18:05:17.298813,$GPGSV,10,,29
2026-06-01T18:05:17.298813,$GPGSV,12,,33
2026-06-01T18:05:17.298813,$GPGSV,13,,32
2026-06-01T18:05:17.298813,$GPGSV,18,,39
2026-06-01T18:05:17.301030,$GPGSV,23,,40
2026-06-01T18:05:17.301030,$GPGSV,24,,12
2026-06-01T18:05:17.301030,$GPGSV,25,,34
2026-06-01T18:05:17.301030,$GPGSV,28,,27
2026-06-01T18:05:17.303088,$GPGSV,41,,37
2026-06-01T18:05:17.303088,$GPGSV,42,,41
2026-06-01T18:05:17.303088,$GPGSV,50,,37
2026-06-01T18:05:17.305231,$GPGSV,10,,28
2026-06-01T18:05:17.305231,$GPGSV,12,,26
2026-06-01T18:05:17.305231,$GPGSV,18,,40
2026-06-01T18:05:17.305231,$GPGSV,23,,38
2026-06-01T18:05:17.307705,$GPGSV,24,,08
2026-06-01T18:05:17.307705,$GPGSV,25,,31
2026-06-01T18:05:17.307705,$GPGSV,28,,28
2026-06-01T18:05:17.307705,$GPGSV,32,,22
2026-06-01T18:05:17.313557,$GLGSV,65,,24
2026-06-01T18:05:17.313557,$GLGSV,75,,37
2026-06-01T18:05:17.313557,$GLGSV,87,,32
2026-06-01T18:05:17.313557,$GLGSV,88,,34
2026-06-01T18:05:17.315189,$GLGSV,72,,16
2026-06-01T18:05:17.315189,$GLGSV,75,,42
2026-06-01T18:05:17.315189,$GLGSV,86,,16
2026-06-01T18:05:17.315189,$GLGSV,88,,39
2026-06-01T18:05:17.318956,$GAGSV,03,,38
2026-06-01T18:05:17.318956,$GAGSV,08,,36
2026-06-01T18:05:17.318956,$GAGSV,15,,36
2026-06-01T18:05:17.318956,$GAGSV,32,,38
2026-06-01T18:05:17.319600,$GAGSV,34,,40
2026-06-01T18:05:17.320668,$GAGSV,03,,40
2026-06-01T18:05:17.320668,$GAGSV,08,,35
2026-06-01T18:05:17.320668,$GAGSV,15,,37
2026-06-01T18:05:17.320668,$GAGSV,32,,37
2026-06-01T18:05:17.321491,$GAGSV,34,,42
2026-06-01T18:05:17.325486,$GBGSV,06,,40
2026-06-01T18:05:17.325486,$GBGSV,07,,43
2026-06-01T18:05:17.325486,$GBGSV,09,,39
2026-06-01T18:05:17.325486,$GBGSV,10,,43
2026-06-01T18:05:17.326330,$GBGSV,13,,28
2026-06-01T18:05:17.326330,$GBGSV,25,,42
2026-06-01T18:05:17.326330,$GBGSV,28,,39
2026-06-01T18:05:17.326330,$GBGSV,33,,43
2026-06-01T18:05:17.326920,$GBGSV,09,,35
2026-06-01T18:05:17.326920,$GBGSV,10,,38
2026-06-01T18:05:18.300051,$GPGSV,10,,33
2026-06-01T18:05:18.300051,$GPGSV,12,,36
2026-06-01T18:05:18.300051,$GPGSV,13,,32
2026-06-01T18:05:18.300051,$GPGSV,18,,41
2026-06-01T18:05:18.303386,$GPGSV,23,,40
2026-06-01T18:05:18.303386,$GPGSV,24,,10
2026-06-01T18:05:18.303386,$GPGSV,25,,29
2026-06-01T18:05:18.303386,$GPGSV,28,,26
2026-06-01T18:05:18.305682,$GPGSV,32,,29
2026-06-01T18:05:18.305682,$GPGSV,41,,41
2026-06-01T18:05:18.305682,$GPGSV,42,,41
2026-06-01T18:05:18.305682,$GPGSV,50,,37
2026-06-01T18:05:18.307927,$GPGSV,10,,28
2026-06-01T18:05:18.307927,$GPGSV,12,,27
2026-06-01T18:05:18.307927,$GPGSV,18,,39
2026-06-01T18:05:18.307927,$GPGSV,23,,39
2026-06-01T18:05:18.310373,$GPGSV,24,,08
2026-06-01T18:05:18.310373,$GPGSV,25,,29
2026-06-01T18:05:18.310373,$GPGSV,28,,33
2026-06-01T18:05:18.310373,$GPGSV,32,,22
2026-06-01T18:05:18.314115,$GLGSV,65,,24
2026-06-01T18:05:18.314115,$GLGSV,75,,38
2026-06-01T18:05:18.314115,$GLGSV,87,,28
2026-06-01T18:05:18.314115,$GLGSV,88,,34
2026-06-01T18:05:18.315505,$GLGSV,72,,17
2026-06-01T18:05:18.315505,$GLGSV,75,,41
2026-06-01T18:05:18.315505,$GLGSV,86,,18
2026-06-01T18:05:18.315505,$GLGSV,88,,34
2026-06-01T18:05:18.317829,$GAGSV,03,,38
2026-06-01T18:05:18.317829,$GAGSV,08,,36
2026-06-01T18:05:18.317829,$GAGSV,15,,40
2026-06-01T18:05:18.317829,$GAGSV,32,,35
2026-06-01T18:05:18.318810,$GAGSV,34,,39
2026-06-01T18:05:18.319929,$GAGSV,03,,40
2026-06-01T18:05:18.319929,$GAGSV,08,,30
2026-06-01T18:05:18.319929,$GAGSV,15,,35
2026-06-01T18:05:18.319929,$GAGSV,32,,35
2026-06-01T18:05:18.320509,$GAGSV,34,,39
2026-06-01T18:05:18.324035,$GBGSV,06,,33
2026-06-01T18:05:18.324035,$GBGSV,07,,44
2026-06-01T18:05:18.324035,$GBGSV,09,,39
2026-06-01T18:05:18.324035,$GBGSV,10,,41
2026-06-01T18:05:18.324875,$GBGSV,13,,37
2026-06-01T18:05:18.324875,$GBGSV,25,,43
2026-06-01T18:05:18.324875,$GBGSV,28,,32
2026-06-01T18:05:18.324875,$GBGSV,33,,40
2026-06-01T18:05:18.325433,$GBGSV,09,,34
2026-06-01T18:05:18.325433,$GBGSV,10,,36
2026-06-01T18:05:19.301449,$GPGSV,10,,37
2026-06-01T18:05:19.301449,$GPGSV,12,,33
2026-06-01T18:05:19.301449,$GPGSV,13,,32
2026-06-01T18:05:19.301449,$GPGSV,18,,39
2026-06-01T18:05:19.304390,$GPGSV,23,,38
2026-06-01T18:05:19.304390,$GPGSV,24,,09
2026-06-01T18:05:19.304390,$GPGSV,25,,33
2026-06-01T18:05:19.304390,$GPGSV,28,,28
2026-06-01T18:05:19.307208,$GPGSV,32,,24
2026-06-01T18:05:19.307208,$GPGSV,41,,42
2026-06-01T18:05:19.307208,$GPGSV,42,,41
2026-06-01T18:05:19.307208,$GPGSV,50,,37
2026-06-01T18:05:19.310008,$GPGSV,10,,28
2026-06-01T18:05:19.310008,$GPGSV,12,,28
2026-06-01T18:05:19.310008,$GPGSV,18,,39
2026-06-01T18:05:19.310008,$GPGSV,23,,38
2026-06-01T18:05:19.311926,$GPGSV,25,,29
2026-06-01T18:05:19.311926,$GPGSV,28,,29
2026-06-01T18:05:19.311926,$GPGSV,32,,22
2026-06-01T18:05:19.316441,$GLGSV,65,,30
2026-06-01T18:05:19.316441,$GLGSV,75,,38
2026-06-01T18:05:19.316441,$GLGSV,87,,33
2026-06-01T18:05:19.316441,$GLGSV,88,,25
2026-06-01T18:05:19.317905,$GLGSV,72,,16
2026-06-01T18:05:19.317905,$GLGSV,75,,42
2026-06-01T18:05:19.317905,$GLGSV,86,,17
2026-06-01T18:05:19.317905,$GLGSV,88,,30
2026-06-01T18:05:19.320222,$GAGSV,03,,37
2026-06-01T18:05:19.320222,$GAGSV,08,,34
2026-06-01T18:05:19.320222,$GAGSV,15,,39
2026-06-01T18:05:19.320222,$GAGSV,32,,32
2026-06-01T18:05:19.321300,$GAGSV,34,,41
2026-06-01T18:05:19.323187,$GAGSV,03,,37
2026-06-01T18:05:19.323187,$GAGSV,08,,33
2026-06-01T18:05:19.323187,$GAGSV,15,,40
2026-06-01T18:05:19.323187,$GAGSV,32,,35
2026-06-01T18:05:19.323949,$GAGSV,34,,41
2026-06-01T18:05:19.326441,$GBGSV,06,,37
2026-06-01T18:05:19.326441,$GBGSV,07,,43
2026-06-01T18:05:19.326441,$GBGSV,09,,41
2026-06-01T18:05:19.326441,$GBGSV,10,,42
2026-06-01T18:05:19.327324,$GBGSV,13,,37
2026-06-01T18:05:19.327324,$GBGSV,25,,42
2026-06-01T18:05:19.327324,$GBGSV,28,,27
2026-06-01T18:05:19.327324,$GBGSV,33,,38
2026-06-01T18:05:19.327999,$GBGSV,09,,37
2026-06-01T18:05:19.327999,$GBGSV,10,,38
2026-06-01T18:05:20.300824,$GPGSV,10,,35
2026-06-01T18:05:20.300824,$GPGSV,12,,35
2026-06-01T18:05:20.300824,$GPGSV,13,,32
2026-06-01T18:05:20.300824,$GPGSV,18,,41
2026-06-01T18:05:20.303284,$GPGSV,23,,41
2026-06-01T18:05:20.303284,$GPGSV,24,,08
2026-06-01T18:05:20.303284,$GPGSV,25,,33
2026-06-01T18:05:20.303284,$GPGSV,28,,33
2026-06-01T18:05:20.305499,$GPGSV,32,,24
2026-06-01T18:05:20.305499,$GPGSV,41,,43
2026-06-01T18:05:20.305499,$GPGSV,42,,42
2026-06-01T18:05:20.305499,$GPGSV,50,,35
2026-06-01T18:05:20.307764,$GPGSV,10,,29
2026-06-01T18:05:20.307764,$GPGSV,12,,29
2026-06-01T18:05:20.307764,$GPGSV,18,,39
2026-06-01T18:05:20.307764,$GPGSV,23,,36
2026-06-01T18:05:20.309668,$GPGSV,25,,29
2026-06-01T18:05:20.309668,$GPGSV,28,,29
2026-06-01T18:05:20.309668,$GPGSV,32,,26
2026-06-01T18:05:20.315344,$GLGSV,65,,29
2026-06-01T18:05:20.315344,$GLGSV,75,,39
2026-06-01T18:05:20.315344,$GLGSV,87,,33
2026-06-01T18:05:20.315344,$GLGSV,88,,34
2026-06-01T18:05:20.318253,$GLGSV,72,,15
2026-06-01T18:05:20.318253,$GLGSV,75,,41
2026-06-01T18:05:20.318253,$GLGSV,86,,17
2026-06-01T18:05:20.318253,$GLGSV,88,,38
2026-06-01T18:05:20.321783,$GAGSV,03,,38
2026-06-01T18:05:20.321783,$GAGSV,08,,34
2026-06-01T18:05:20.321783,$GAGSV,15,,36
2026-06-01T18:05:20.321783,$GAGSV,32,,36
2026-06-01T18:05:20.323761,$GAGSV,34,,39
2026-06-01T18:05:20.325287,$GAGSV,03,,38
2026-06-01T18:05:20.325287,$GAGSV,08,,33
2026-06-01T18:05:20.325287,$GAGSV,15,,38
2026-06-01T18:05:20.325287,$GAGSV,32,,35
2026-06-01T18:05:20.325889,$GAGSV,34,,40
2026-06-01T18:05:20.328496,$GBGSV,06,,39
2026-06-01T18:05:20.328496,$GBGSV,07,,42
2026-06-01T18:05:20.328496,$GBGSV,09,,39
2026-06-01T18:05:20.328496,$GBGSV,10,,43
2026-06-01T18:05:20.329647,$GBGSV,13,,30
2026-06-01T18:05:20.329647,$GBGSV,25,,42
2026-06-01T18:05:20.329647,$GBGSV,28,,35
2026-06-01T18:05:20.329647,$GBGSV,33,,37
2026-06-01T18:05:20.330725,$GBGSV,09,,34
2026-06-01T18:05:20.330725,$GBGSV,10,,36
2026-06-01T18:05:21.295719,$GPGSV,10,,27
2026-06-01T18:05:21.295719,$GPGSV,12,,26
2026-06-01T18:05:21.295719,$GPGSV,13,,29
2026-06-01T18:05:21.295719,$GPGSV,18,,39
2026-06-01T18:05:21.298191,$GPGSV,23,,40
2026-06-01T18:05:21.298191,$GPGSV,24,,08
2026-06-01T18:05:21.298191,$GPGSV,25,,29
2026-06-01T18:05:21.298191,$GPGSV,28,,33
2026-06-01T18:05:21.300363,$GPGSV,32,,35
2026-06-01T18:05:21.300363,$GPGSV,41,,39
2026-06-01T18:05:21.300363,$GPGSV,42,,42
2026-06-01T18:05:21.300363,$GPGSV,50,,37
2026-06-01T18:05:21.302650,$GPGSV,10,,29
2026-06-01T18:05:21.302650,$GPGSV,12,,28
2026-06-01T18:05:21.302650,$GPGSV,18,,39
2026-06-01T18:05:21.302650,$GPGSV,23,,38
2026-06-01T18:05:21.304502,$GPGSV,25,,28
2026-06-01T18:05:21.304502,$GPGSV,28,,29
2026-06-01T18:05:21.304502,$GPGSV,32,,30
2026-06-01T18:05:21.310110,$GLGSV,65,,22
2026-06-01T18:05:21.310110,$GLGSV,75,,33
2026-06-01T18:05:21.310110,$GLGSV,87,,34
2026-06-01T18:05:21.310110,$GLGSV,88,,34
2026-06-01T18:05:21.312165,$GLGSV,72,,14
2026-06-01T18:05:21.312165,$GLGSV,75,,39
2026-06-01T18:05:21.312165,$GLGSV,86,,17
2026-06-01T18:05:21.312165,$GLGSV,88,,33
2026-06-01T18:05:21.314785,$GAGSV,03,,38
2026-06-01T18:05:21.314785,$GAGSV,08,,25
2026-06-01T18:05:21.314785,$GAGSV,15,,33
2026-06-01T18:05:21.314785,$GAGSV,32,,36
2026-06-01T18:05:21.315885,$GAGSV,34,,40
2026-06-01T18:05:21.317323,$GAGSV,03,,40
2026-06-01T18:05:21.317323,$GAGSV,15,,30
2026-06-01T18:05:21.317323,$GAGSV,32,,35
2026-06-01T18:05:21.317323,$GAGSV,34,,41
2026-06-01T18:05:21.320117,$GBGSV,06,,40
2026-06-01T18:05:21.320117,$GBGSV,07,,43
2026-06-01T18:05:21.320117,$GBGSV,09,,39
2026-06-01T18:05:21.320117,$GBGSV,10,,40
2026-06-01T18:05:21.321456,$GBGSV,13,,30
2026-06-01T18:05:21.321456,$GBGSV,25,,40
2026-06-01T18:05:21.321456,$GBGSV,28,,35
2026-06-01T18:05:21.321456,$GBGSV,33,,33
2026-06-01T18:05:21.322252,$GBGSV,09,,33
2026-06-01T18:05:21.322252,$GBGSV,10,,38
2026-06-01T18:05:22.302027,$GPGSV,10,,31
2026-06-01T18:05:22.302027,$GPGSV,12,,32
2026-06-01T18:05:22.302027,$GPGSV,13,,33
2026-06-01T18:05:22.302027,$GPGSV,18,,39
2026-06-01T18:05:22.304262,$GPGSV,23,,39
2026-06-01T18:05:22.304262,$GPGSV,24,,11
2026-06-01T18:05:22.304262,$GPGSV,25,,23
2026-06-01T18:05:22.304262,$GPGSV,28,,36
2026-06-01T18:05:22.306449,$GPGSV,32,,35
2026-06-01T18:05:22.306449,$GPGSV,41,,39
2026-06-01T18:05:22.306449,$GPGSV,42,,41
2026-06-01T18:05:22.306449,$GPGSV,50,,34
2026-06-01T18:05:22.308802,$GPGSV,10,,28
2026-06-01T18:05:22.308802,$GPGSV,12,,27
2026-06-01T18:05:22.308802,$GPGSV,18,,37
2026-06-01T18:05:22.308802,$GPGSV,23,,37
2026-06-01T18:05:22.311213,$GPGSV,25,,27
2026-06-01T18:05:22.311213,$GPGSV,28,,31
2026-06-01T18:05:22.311213,$GPGSV,32,,33
2026-06-01T18:05:22.316366,$GLGSV,65,,21
2026-06-01T18:05:22.316366,$GLGSV,75,,37
2026-06-01T18:05:22.316366,$GLGSV,87,,37
2026-06-01T18:05:22.316366,$GLGSV,88,,32
2026-06-01T18:05:22.318095,$GLGSV,72,,14
2026-06-01T18:05:22.318095,$GLGSV,75,,45
2026-06-01T18:05:22.318095,$GLGSV,86,,17
2026-06-01T18:05:22.318095,$GLGSV,88,,38
2026-06-01T18:05:22.321047,$GAGSV,03,,37
2026-06-01T18:05:22.321047,$GAGSV,08,,31
2026-06-01T18:05:22.321047,$GAGSV,15,,36
2026-06-01T18:05:22.321047,$GAGSV,32,,35
2026-06-01T18:05:22.321707,$GAGSV,34,,38
2026-06-01T18:05:22.323458,$GAGSV,03,,38
2026-06-01T18:05:22.323458,$GAGSV,08,,28
2026-06-01T18:05:22.323458,$GAGSV,15,,33
2026-06-01T18:05:22.323458,$GAGSV,32,,37
2026-06-01T18:05:22.324336,$GAGSV,34,,40
2026-06-01T18:05:22.326874,$GBGSV,06,,40
2026-06-01T18:05:22.326874,$GBGSV,07,,43
2026-06-01T18:05:22.326874,$GBGSV,09,,39
2026-06-01T18:05:22.326874,$GBGSV,10,,43
2026-06-01T18:05:22.327884,$GBGSV,13,,39
2026-06-01T18:05:22.327884,$GBGSV,25,,40
2026-06-01T18:05:22.327884,$GBGSV,28,,38
2026-06-01T18:05:22.327884,$GBGSV,33,,37
2026-06-01T18:05:22.328519,$GBGSV,09,,36
2026-06-01T18:05:22.328519,$GBGSV,10,,38
2026-06-01T18:05:23.291584,$GPGSV,10,,33
2026-06-01T18:05:23.291584,$GPGSV,12,,35
2026-06-01T18:05:23.291584,$GPGSV,13,,30
2026-06-01T18:05:23.291584,$GPGSV,18,,40
2026-06-01T18:05:23.292316,$GPGSV,23,,41
2026-06-01T18:05:23.292316,$GPGSV,24,,10
2026-06-01T18:05:23.292316,$GPGSV,25,,34
2026-06-01T18:05:23.292316,$GPGSV,28,,36
2026-06-01T18:05:23.293005,$GPGSV,32,,35
2026-06-01T18:05:23.293005,$GPGSV,41,,32
2026-06-01T18:05:23.293005,$GPGSV,42,,39
2026-06-01T18:05:23.293005,$GPGSV,50,,33
2026-06-01T18:05:23.293722,$GPGSV,10,,29
2026-06-01T18:05:23.293722,$GPGSV,12,,28
2026-06-01T18:05:23.293722,$GPGSV,18,,39
2026-06-01T18:05:23.293722,$GPGSV,23,,38
2026-06-01T18:05:23.294290,$GPGSV,25,,12
2026-06-01T18:05:23.294290,$GPGSV,28,,34
2026-06-01T18:05:23.294290,$GPGSV,32,,28
2026-06-01T18:05:23.295882,$GLGSV,65,,21
2026-06-01T18:05:23.295882,$GLGSV,75,,36
2026-06-01T18:05:23.295882,$GLGSV,87,,34
2026-06-01T18:05:23.295882,$GLGSV,88,,37
2026-06-01T18:05:23.296966,$GLGSV,72,,13
2026-06-01T18:05:23.296966,$GLGSV,75,,41
2026-06-01T18:05:23.296966,$GLGSV,86,,18
2026-06-01T18:05:23.296966,$GLGSV,88,,38
2026-06-01T18:05:23.299056,$GAGSV,03,,37
2026-06-01T18:05:23.299056,$GAGSV,08,,25
2026-06-01T18:05:23.299056,$GAGSV,15,,39
2026-06-01T18:05:23.299056,$GAGSV,32,,39
2026-06-01T18:05:23.299754,$GAGSV,34,,40
2026-06-01T18:05:23.300792,$GAGSV,03,,38
2026-06-01T18:05:23.300792,$GAGSV,08,,32
2026-06-01T18:05:23.300792,$GAGSV,15,,37
2026-06-01T18:05:23.300792,$GAGSV,32,,35
2026-06-01T18:05:23.301272,$GAGSV,34,,38
2026-06-01T18:05:23.303161,$GBGSV,06,,40
2026-06-01T18:05:23.303161,$GBGSV,07,,43
2026-06-01T18:05:23.303161,$GBGSV,09,,40
2026-06-01T18:05:23.303161,$GBGSV,10,,42
2026-06-01T18:05:23.303819,$GBGSV,13,,39
2026-06-01T18:05:23.303819,$GBGSV,25,,41
2026-06-01T18:05:23.303819,$GBGSV,28,,38
2026-06-01T18:05:23.303819,$GBGSV,33,,36
2026-06-01T18:05:23.304298,$GBGSV,09,,36
2026-06-01T18:05:23.304298,$GBGSV,10,,38
2026-06-01T18:05:24.294596,$GPGSV,10,,40
2026-06-01T18:05:24.294596,$GPGSV,12,,27
2026-06-01T18:05:24.294596,$GPGSV,13,,31
2026-06-01T18:05:24.294596,$GPGSV,18,,40
2026-06-01T18:05:24.297496,$GPGSV,23,,41
2026-06-01T18:05:24.297496,$GPGSV,24,,09
2026-06-01T18:05:24.297496,$GPGSV,25,,28
2026-06-01T18:05:24.297496,$GPGSV,28,,24
2026-06-01T18:05:24.299687,$GPGSV,32,,32
2026-06-01T18:05:24.299687,$GPGSV,41,,34
2026-06-01T18:05:24.299687,$GPGSV,42,,37
2026-06-01T18:05:24.299687,$GPGSV,50,,34
2026-06-01T18:05:24.301985,$GPGSV,10,,34
2026-06-01T18:05:24.301985,$GPGSV,12,,28
2026-06-01T18:05:24.301985,$GPGSV,18,,39
2026-06-01T18:05:24.301985,$GPGSV,23,,37
2026-06-01T18:05:24.303853,$GPGSV,25,,28
2026-06-01T18:05:24.303853,$GPGSV,28,,30
2026-06-01T18:05:24.303853,$GPGSV,32,,31
2026-06-01T18:05:24.309972,$GLGSV,65,,29
2026-06-01T18:05:24.309972,$GLGSV,75,,33
2026-06-01T18:05:24.309972,$GLGSV,87,,36
2026-06-01T18:05:24.309972,$GLGSV,88,,37
2026-06-01T18:05:24.311630,$GLGSV,72,,14
2026-06-01T18:05:24.311630,$GLGSV,75,,43
2026-06-01T18:05:24.311630,$GLGSV,86,,18
2026-06-01T18:05:24.311630,$GLGSV,88,,40
2026-06-01T18:05:24.314222,$GAGSV,03,,38
2026-06-01T18:05:24.314222,$GAGSV,08,,31
2026-06-01T18:05:24.314222,$GAGSV,15,,39
2026-06-01T18:05:24.314222,$GAGSV,32,,39
2026-06-01T18:05:24.315030,$GAGSV,34,,39
2026-06-01T18:05:24.316614,$GAGSV,03,,40
2026-06-01T18:05:24.316614,$GAGSV,08,,33
2026-06-01T18:05:24.316614,$GAGSV,15,,39
2026-06-01T18:05:24.316614,$GAGSV,32,,40
2026-06-01T18:05:24.317418,$GAGSV,34,,39
2026-06-01T18:05:24.320373,$GBGSV,06,,39
2026-06-01T18:05:24.320373,$GBGSV,07,,43
2026-06-01T18:05:24.320373,$GBGSV,09,,39
2026-06-01T18:05:24.320373,$GBGSV,10,,42
2026-06-01T18:05:24.321378,$GBGSV,13,,41
2026-06-01T18:05:24.321378,$GBGSV,25,,40
2026-06-01T18:05:24.321378,$GBGSV,28,,38
2026-06-01T18:05:24.321378,$GBGSV,33,,28
2026-06-01T18:05:24.321995,$GBGSV,09,,33
2026-06-01T18:05:24.321995,$GBGSV,10,,39
2026-06-01T18:05:25.293655,$GPGSV,10,,38
2026-06-01T18:05:25.293655,$GPGSV,12,,28
2026-06-01T18:05:25.293655,$GPGSV,13,,30
2026-06-01T18:05:25.293655,$GPGSV,18,,40
2026-06-01T18:05:25.294403,$GPGSV,23,,39
2026-06-01T18:05:25.294403,$GPGSV,24,,09
2026-06-01T18:05:25.294403,$GPGSV,25,,28
2026-06-01T18:05:25.294403,$GPGSV,28,,30
2026-06-01T18:05:25.295117,$GPGSV,32,,36
2026-06-01T18:05:25.295117,$GPGSV,41,,40
2026-06-01T18:05:25.295117,$GPGSV,42,,41
2026-06-01T18:05:25.295117,$GPGSV,50,,34
2026-06-01T18:05:25.295903,$GPGSV,10,,35
2026-06-01T18:05:25.295903,$GPGSV,12,,26
2026-06-01T18:05:25.295903,$GPGSV,18,,38
2026-06-01T18:05:25.295903,$GPGSV,23,,36
2026-06-01T18:05:25.296499,$GPGSV,25,,27
2026-06-01T18:05:25.296499,$GPGSV,28,,26
2026-06-01T18:05:25.296499,$GPGSV,32,,32
2026-06-01T18:05:25.298328,$GLGSV,65,,28
2026-06-01T18:05:25.298328,$GLGSV,75,,36
2026-06-01T18:05:25.298328,$GLGSV,87,,36
2026-06-01T18:05:25.298328,$GLGSV,88,,31
2026-06-01T18:05:25.299019,$GLGSV,72,,15
2026-06-01T18:05:25.299019,$GLGSV,75,,40
2026-06-01T18:05:25.299019,$GLGSV,86,,18
2026-06-01T18:05:25.299019,$GLGSV,88,,40
2026-06-01T18:05:25.300161,$GAGSV,03,,37
2026-06-01T18:05:25.300161,$GAGSV,08,,34
2026-06-01T18:05:25.300161,$GAGSV,15,,39
2026-06-01T18:05:25.300161,$GAGSV,32,,38
2026-06-01T18:05:25.300525,$GAGSV,34,,37
2026-06-01T18:05:25.301211,$GAGSV,03,,38
2026-06-01T18:05:25.301211,$GAGSV,08,,33
2026-06-01T18:05:25.301211,$GAGSV,15,,39
2026-06-01T18:05:25.301211,$GAGSV,32,,38
2026-06-01T18:05:25.301578,$GAGSV,34,,39
2026-06-01T18:05:25.303360,$GBGSV,06,,41
2026-06-01T18:05:25.303360,$GBGSV,07,,42
2026-06-01T18:05:25.303360,$GBGSV,09,,38
2026-06-01T18:05:25.303360,$GBGSV,10,,42
2026-06-01T18:05:25.303972,$GBGSV,13,,36
2026-06-01T18:05:25.303972,$GBGSV,25,,43
2026-06-01T18:05:25.303972,$GBGSV,28,,37
2026-06-01T18:05:25.303972,$GBGSV,33,,36
2026-06-01T18:05:25.304409,$GBGSV,09,,33
2026-06-01T18:05:25.304409,$GBGSV,10,,37
2026-06-01T18:05:26.296595,$GPGSV,10,,38
2026-06-01T18:05:26.296595,$GPGSV,12,,30
2026-06-01T18:05:26.296595,$GPGSV,13,,31
2026-06-01T18:05:26.296595,$GPGSV,18,,39
2026-06-01T18:05:26.298032,$GPGSV,23,,37
2026-06-01T18:05:26.298032,$GPGSV,24,,08
2026-06-01T18:05:26.298032,$GPGSV,25,,29
2026-06-01T18:05:26.298032,$GPGSV,28,,36
2026-06-01T18:05:26.299562,$GPGSV,32,,38
2026-06-01T18:05:26.299562,$GPGSV,41,,39
2026-06-01T18:05:26.299562,$GPGSV,42,,38
2026-06-01T18:05:26.299562,$GPGSV,50,,30
2026-06-01T18:05:26.300935,$GPGSV,10,,35
2026-06-01T18:05:26.300935,$GPGSV,12,,27
2026-06-01T18:05:26.300935,$GPGSV,18,,40
2026-06-01T18:05:26.300935,$GPGSV,23,,36
2026-06-01T18:05:26.302112,$GPGSV,25,,25
2026-06-01T18:05:26.302112,$GPGSV,28,,32
2026-06-01T18:05:26.302112,$GPGSV,32,,31
2026-06-01T18:05:26.305402,$GLGSV,65,,28
2026-06-01T18:05:26.305402,$GLGSV,75,,33
2026-06-01T18:05:26.305402,$GLGSV,87,,38
2026-06-01T18:05:26.305402,$GLGSV,88,,40
2026-06-01T18:05:26.306997,$GLGSV,72,,14
2026-06-01T18:05:26.306997,$GLGSV,75,,38
2026-06-01T18:05:26.306997,$GLGSV,86,,18
2026-06-01T18:05:26.306997,$GLGSV,88,,40
2026-06-01T18:05:26.309517,$GAGSV,03,,38
2026-06-01T18:05:26.309517,$GAGSV,08,,34
2026-06-01T18:05:26.309517,$GAGSV,15,,40
2026-06-01T18:05:26.309517,$GAGSV,32,,39
2026-06-01T18:05:26.310147,$GAGSV,34,,38
2026-06-01T18:05:26.311174,$GAGSV,03,,37
2026-06-01T18:05:26.311174,$GAGSV,08,,33
2026-06-01T18:05:26.311174,$GAGSV,15,,37
2026-06-01T18:05:26.311174,$GAGSV,32,,36
2026-06-01T18:05:26.311765,$GAGSV,34,,40
2026-06-01T18:05:26.314647,$GBGSV,06,,40
2026-06-01T18:05:26.314647,$GBGSV,07,,43
2026-06-01T18:05:26.314647,$GBGSV,09,,39
2026-06-01T18:05:26.314647,$GBGSV,10,,41
2026-06-01T18:05:26.316036,$GBGSV,13,,39
2026-06-01T18:05:26.316036,$GBGSV,25,,41
2026-06-01T18:05:26.316036,$GBGSV,28,,39
2026-06-01T18:05:26.316036,$GBGSV,33,,27
2026-06-01T18:05:26.316707,$GBGSV,09,,35
2026-06-01T18:05:26.316707,$GBGSV,10,,35
2026-06-01T18:05:27.303110,$GPGSV,10,,39
2026-06-01T18:05:27.303110,$GPGSV,12,,37
2026-06-01T18:05:27.303110,$GPGSV,13,,32
2026-06-01T18:05:27.303110,$GPGSV,18,,40
2026-06-01T18:05:27.305008,$GPGSV,23,,40
2026-06-01T18:05:27.305008,$GPGSV,24,,08
2026-06-01T18:05:27.305008,$GPGSV,25,,36
2026-06-01T18:05:27.305008,$GPGSV,28,,33
2026-06-01T18:05:27.306139,$GPGSV,32,,39
2026-06-01T18:05:27.306139,$GPGSV,41,,40
2026-06-01T18:05:27.306139,$GPGSV,42,,41
2026-06-01T18:05:27.306139,$GPGSV,50,,29
2026-06-01T18:05:27.307023,$GPGSV,10,,31
2026-06-01T18:05:27.307023,$GPGSV,12,,28
2026-06-01T18:05:27.307023,$GPGSV,18,,37
2026-06-01T18:05:27.307023,$GPGSV,23,,37
2026-06-01T18:05:27.307728,$GPGSV,25,,21
2026-06-01T18:05:27.307728,$GPGSV,28,,25
2026-06-01T18:05:27.307728,$GPGSV,32,,31
2026-06-01T18:05:27.310763,$GLGSV,65,,27
2026-06-01T18:05:27.310763,$GLGSV,75,,31
2026-06-01T18:05:27.310763,$GLGSV,87,,37
2026-06-01T18:05:27.310763,$GLGSV,88,,39
2026-06-01T18:05:27.312148,$GLGSV,72,,13
2026-06-01T18:05:27.312148,$GLGSV,75,,36
2026-06-01T18:05:27.312148,$GLGSV,86,,17
2026-06-01T18:05:27.312148,$GLGSV,88,,38
2026-06-01T18:05:27.316151,$GAGSV,03,,36
2026-06-01T18:05:27.316151,$GAGSV,08,,34
2026-06-01T18:05:27.316151,$GAGSV,15,,39
2026-06-01T18:05:27.316151,$GAGSV,32,,37
2026-06-01T18:05:27.317264,$GAGSV,34,,38
2026-06-01T18:05:27.318303,$GAGSV,03,,38
2026-06-01T18:05:27.318303,$GAGSV,08,,36
2026-06-01T18:05:27.318303,$GAGSV,15,,40
2026-06-01T18:05:27.318303,$GAGSV,32,,36
2026-06-01T18:05:27.319105,$GAGSV,34,,41
2026-06-01T18:05:27.321829,$GBGSV,06,,41
2026-06-01T18:05:27.321829,$GBGSV,07,,43
2026-06-01T18:05:27.321829,$GBGSV,09,,36
2026-06-01T18:05:27.321829,$GBGSV,10,,42
2026-06-01T18:05:27.323270,$GBGSV,13,,38
2026-06-01T18:05:27.323270,$GBGSV,25,,40
2026-06-01T18:05:27.323270,$GBGSV,28,,35
2026-06-01T18:05:27.323270,$GBGSV,33,,27
2026-06-01T18:05:27.324610,$GBGSV,09,,33
2026-06-01T18:05:27.324610,$GBGSV,10,,37
2026-06-01T18:05:28.310763,$GPGSV,10,,39
2026-06-01T18:05:28.310763,$GPGSV,12,,34
2026-06-01T18:05:28.310763,$GPGSV,13,,34
2026-06-01T18:05:28.310763,$GPGSV,18,,42
2026-06-01T18:05:28.313194,$GPGSV,23,,38
2026-06-01T18:05:28.313194,$GPGSV,24,,08
2026-06-01T18:05:28.313194,$GPGSV,25,,28
2026-06-01T18:05:28.313194,$GPGSV,28,,28
2026-06-01T18:05:28.315191,$GPGSV,32,,34
2026-06-01T18:05:28.315191,$GPGSV,41,,40
2026-06-01T18:05:28.315191,$GPGSV,42,,39
2026-06-01T18:05:28.315191,$GPGSV,50,,27
2026-06-01T18:05:28.318094,$GPGSV,10,,32
2026-06-01T18:05:28.318094,$GPGSV,12,,28
2026-06-01T18:05:28.318094,$GPGSV,18,,39
2026-06-01T18:05:28.318094,$GPGSV,23,,34
2026-06-01T18:05:28.319683,$GPGSV,25,,21
2026-06-01T18:05:28.319683,$GPGSV,28,,25
2026-06-01T18:05:28.319683,$GPGSV,32,,32
2026-06-01T18:05:28.323446,$GLGSV,65,,25
2026-06-01T18:05:28.323446,$GLGSV,75,,37
2026-06-01T18:05:28.323446,$GLGSV,87,,36
2026-06-01T18:05:28.323446,$GLGSV,88,,38
2026-06-01T18:05:28.324925,$GLGSV,72,,15
2026-06-01T18:05:28.324925,$GLGSV,75,,42
2026-06-01T18:05:28.324925,$GLGSV,86,,16
2026-06-01T18:05:28.324925,$GLGSV,88,,39
2026-06-01T18:05:28.327945,$GAGSV,03,,36
2026-06-01T18:05:28.327945,$GAGSV,08,,37
2026-06-01T18:05:28.327945,$GAGSV,15,,38
2026-06-01T18:05:28.327945,$GAGSV,32,,36
2026-06-01T18:05:28.329580,$GAGSV,34,,40
2026-06-01T18:05:28.331634,$GAGSV,03,,36
2026-06-01T18:05:28.331634,$GAGSV,08,,38
2026-06-01T18:05:28.331634,$GAGSV,15,,36
2026-06-01T18:05:28.331634,$GAGSV,32,,36
2026-06-01T18:05:28.332405,$GAGSV,34,,40
2026-06-01T18:05:28.335279,$GBGSV,06,,34
2026-06-01T18:05:28.335279,$GBGSV,07,,43
2026-06-01T18:05:28.335279,$GBGSV,09,,34
2026-06-01T18:05:28.335279,$GBGSV,10,,42
2026-06-01T18:05:28.336128,$GBGSV,13,,38
2026-06-01T18:05:28.336128,$GBGSV,25,,43
2026-06-01T18:05:28.336128,$GBGSV,28,,26
2026-06-01T18:05:28.336128,$GBGSV,33,,26
2026-06-01T18:05:28.336761,$GBGSV,09,,33
2026-06-01T18:05:28.336761,$GBGSV,10,,40
2026-06-01T18:05:29.299893,$GPGSV,10,,38
2026-06-01T18:05:29.299893,$GPGSV,12,,34
2026-06-01T18:05:29.299893,$GPGSV,13,,34
2026-06-01T18:05:29.299893,$GPGSV,18,,40
2026-06-01T18:05:29.303938,$GPGSV,23,,40
2026-06-01T18:05:29.303938,$GPGSV,25,,33
2026-06-01T18:05:29.303938,$GPGSV,28,,27
2026-06-01T18:05:29.303938,$GPGSV,32,,34
2026-06-01T18:05:29.307870,$GPGSV,41,,32
2026-06-01T18:05:29.307870,$GPGSV,42,,41
2026-06-01T18:05:29.307870,$GPGSV,50,,33
2026-06-01T18:05:29.312025,$GPGSV,10,,32
2026-06-01T18:05:29.312025,$GPGSV,12,,29
2026-06-01T18:05:29.312025,$GPGSV,18,,39
2026-06-01T18:05:29.312025,$GPGSV,23,,37
2026-06-01T18:05:29.314688,$GPGSV,25,,23
2026-06-01T18:05:29.314688,$GPGSV,28,,24
2026-06-01T18:05:29.314688,$GPGSV,32,,31
2026-06-01T18:05:29.319627,$GLGSV,65,,26
2026-06-01T18:05:29.319627,$GLGSV,75,,39
2026-06-01T18:05:29.319627,$GLGSV,87,,38
2026-06-01T18:05:29.319627,$GLGSV,88,,34
2026-06-01T18:05:29.321593,$GLGSV,72,,13
2026-06-01T18:05:29.321593,$GLGSV,75,,39
2026-06-01T18:05:29.321593,$GLGSV,86,,17
2026-06-01T18:05:29.321593,$GLGSV,88,,34
2026-06-01T18:05:29.324684,$GAGSV,03,,36
2026-06-01T18:05:29.324684,$GAGSV,08,,38
2026-06-01T18:05:29.324684,$GAGSV,15,,36
2026-06-01T18:05:29.324684,$GAGSV,32,,36
2026-06-01T18:05:29.325319,$GAGSV,34,,40
2026-06-01T18:05:29.326644,$GAGSV,03,,38
2026-06-01T18:05:29.326644,$GAGSV,08,,39
2026-06-01T18:05:29.326644,$GAGSV,15,,37
2026-06-01T18:05:29.326644,$GAGSV,32,,40
2026-06-01T18:05:29.327789,$GAGSV,34,,38
2026-06-01T18:05:29.331775,$GBGSV,06,,35
2026-06-01T18:05:29.331775,$GBGSV,07,,43
2026-06-01T18:05:29.331775,$GBGSV,09,,37
2026-06-01T18:05:29.331775,$GBGSV,10,,43
2026-06-01T18:05:29.332945,$GBGSV,13,,35
2026-06-01T18:05:29.332945,$GBGSV,25,,40
2026-06-01T18:05:29.332945,$GBGSV,28,,37
2026-06-01T18:05:29.332945,$GBGSV,33,,25
2026-06-01T18:05:29.333783,$GBGSV,09,,33
2026-06-01T18:05:29.333783,$GBGSV,10,,38
2026-06-01T18:05:30.298746,$GPGSV,10,,39
2026-06-01T18:05:30.298746,$GPGSV,12,,35
2026-06-01T18:05:30.298746,$GPGSV,13,,34
2026-06-01T18:05:30.298746,$GPGSV,18,,39
2026-06-01T18:05:30.301725,$GPGSV,23,,40
2026-06-01T18:05:30.301725,$GPGSV,25,,28
2026-06-01T18:05:30.301725,$GPGSV,28,,28
2026-06-01T18:05:30.301725,$GPGSV,32,,34
2026-06-01T18:05:30.303682,$GPGSV,41,,32
2026-06-01T18:05:30.303682,$GPGSV,42,,41
2026-06-01T18:05:30.303682,$GPGSV,50,,30
2026-06-01T18:05:30.307188,$GPGSV,10,,32
2026-06-01T18:05:30.307188,$GPGSV,12,,28
2026-06-01T18:05:30.307188,$GPGSV,18,,40
2026-06-01T18:05:30.307188,$GPGSV,23,,36
2026-06-01T18:05:30.309107,$GPGSV,25,,31
2026-06-01T18:05:30.309107,$GPGSV,28,,32
2026-06-01T18:05:30.309107,$GPGSV,32,,30
2026-06-01T18:05:30.314000,$GLGSV,65,,26
2026-06-01T18:05:30.314000,$GLGSV,75,,37
2026-06-01T18:05:30.314000,$GLGSV,87,,38
2026-06-01T18:05:30.314000,$GLGSV,88,,29
2026-06-01T18:05:30.316159,$GLGSV,72,,13
2026-06-01T18:05:30.316159,$GLGSV,75,,44
2026-06-01T18:05:30.316159,$GLGSV,86,,18
2026-06-01T18:05:30.316159,$GLGSV,88,,34
2026-06-01T18:05:30.318429,$GAGSV,03,,37
2026-06-01T18:05:30.318429,$GAGSV,08,,37
2026-06-01T18:05:30.318429,$GAGSV,15,,37
2026-06-01T18:05:30.318429,$GAGSV,32,,40
2026-06-01T18:05:30.319034,$GAGSV,34,,39
2026-06-01T18:05:30.320260,$GAGSV,03,,37
2026-06-01T18:05:30.320260,$GAGSV,08,,37
2026-06-01T18:05:30.320260,$GAGSV,15,,39
2026-06-01T18:05:30.320260,$GAGSV,32,,36
2026-06-01T18:05:30.320865,$GAGSV,34,,40
2026-06-01T18:05:30.324009,$GBGSV,06,,35
2026-06-01T18:05:30.324009,$GBGSV,07,,43
2026-06-01T18:05:30.324009,$GBGSV,09,,35
2026-06-01T18:05:30.324009,$GBGSV,10,,39
2026-06-01T18:05:30.324990,$GBGSV,13,,37
2026-06-01T18:05:30.324990,$GBGSV,25,,35
2026-06-01T18:05:30.324990,$GBGSV,28,,35
2026-06-01T18:05:30.324990,$GBGSV,33,,26
2026-06-01T18:05:30.325622,$GBGSV,09,,32
2026-06-01T18:05:30.325622,$GBGSV,10,,38
2026-06-01T18:05:31.299489,$GPGSV,10,,39
2026-06-01T18:05:31.299489,$GPGSV,12,,32
2026-06-01T18:05:31.299489,$GPGSV,13,,34
2026-06-01T18:05:31.299489,$GPGSV,18,,41
2026-06-01T18:05:31.301909,$GPGSV,23,,38
2026-06-01T18:05:31.301909,$GPGSV,25,,29
2026-06-01T18:05:31.301909,$GPGSV,28,,33
2026-06-01T18:05:31.301909,$GPGSV,32,,31
2026-06-01T18:05:31.304101,$GPGSV,41,,31
2026-06-01T18:05:31.304101,$GPGSV,42,,38
2026-06-01T18:05:31.304101,$GPGSV,50,,36
2026-06-01T18:05:31.306321,$GPGSV,10,,35
2026-06-01T18:05:31.306321,$GPGSV,12,,30
2026-06-01T18:05:31.306321,$GPGSV,18,,38
2026-06-01T18:05:31.306321,$GPGSV,23,,34
2026-06-01T18:05:31.308472,$GPGSV,25,,30
2026-06-01T18:05:31.308472,$GPGSV,28,,24
2026-06-01T18:05:31.308472,$GPGSV,32,,26
2026-06-01T18:05:31.313638,$GLGSV,65,,28
2026-06-01T18:05:31.313638,$GLGSV,75,,39
2026-06-01T18:05:31.313638,$GLGSV,87,,38
2026-06-01T18:05:31.313638,$GLGSV,88,,37
2026-06-01T18:05:31.315312,$GLGSV,72,,15
2026-06-01T18:05:31.315312,$GLGSV,75,,42
2026-06-01T18:05:31.315312,$GLGSV,86,,17
2026-06-01T18:05:31.315312,$GLGSV,88,,30
2026-06-01T18:05:31.317926,$GAGSV,03,,37
2026-06-01T18:05:31.317926,$GAGSV,08,,33
2026-06-01T18:05:31.317926,$GAGSV,15,,42
2026-06-01T18:05:31.317926,$GAGSV,32,,33
2026-06-01T18:05:31.318529,$GAGSV,34,,40
2026-06-01T18:05:31.319711,$GAGSV,03,,37
2026-06-01T18:05:31.319711,$GAGSV,08,,34
2026-06-01T18:05:31.319711,$GAGSV,15,,41
2026-06-01T18:05:31.319711,$GAGSV,32,,35
2026-06-01T18:05:31.320327,$GAGSV,34,,40
2026-06-01T18:05:31.323804,$GBGSV,06,,35
2026-06-01T18:05:31.323804,$GBGSV,07,,42
2026-06-01T18:05:31.323804,$GBGSV,09,,38
2026-06-01T18:05:31.323804,$GBGSV,10,,41
2026-06-01T18:05:31.324843,$GBGSV,13,,36
2026-06-01T18:05:31.324843,$GBGSV,25,,44
2026-06-01T18:05:31.324843,$GBGSV,28,,38
2026-06-01T18:05:31.324843,$GBGSV,33,,27
2026-06-01T18:05:31.325436,$GBGSV,09,,33
2026-06-01T18:05:31.325436,$GBGSV,10,,38
2026-06-01T18:05:32.291480,$GPGSV,10,,39
2026-06-01T18:05:32.291480,$GPGSV,12,,27
2026-06-01T18:05:32.291480,$GPGSV,13,,35
2026-06-01T18:05:32.291480,$GPGSV,18,,40
2026-06-01T18:05:32.293266,$GPGSV,23,,38
2026-06-01T18:05:32.293266,$GPGSV,25,,30
2026-06-01T18:05:32.293266,$GPGSV,28,,33
2026-06-01T18:05:32.293266,$GPGSV,32,,30
2026-06-01T18:05:32.294718,$GPGSV,41,,40
2026-06-01T18:05:32.294718,$GPGSV,42,,39
2026-06-01T18:05:32.294718,$GPGSV,50,,38
2026-06-01T18:05:32.295713,$GPGSV,10,,35
2026-06-01T18:05:32.295713,$GPGSV,12,,28
2026-06-01T18:05:32.295713,$GPGSV,18,,38
2026-06-01T18:05:32.295713,$GPGSV,23,,30
2026-06-01T18:05:32.296358,$GPGSV,25,,29
2026-06-01T18:05:32.296358,$GPGSV,28,,26
2026-06-01T18:05:32.296358,$GPGSV,32,,31
2026-06-01T18:05:32.301130,$GLGSV,65,,29
2026-06-01T18:05:32.301130,$GLGSV,75,,39
2026-06-01T18:05:32.301130,$GLGSV,87,,35
2026-06-01T18:05:32.301130,$GLGSV,88,,29
2026-06-01T18:05:32.302025,$GLGSV,72,,16
2026-06-01T18:05:32.302025,$GLGSV,75,,41
2026-06-01T18:05:32.302025,$GLGSV,86,,16
2026-06-01T18:05:32.302025,$GLGSV,88,,29
2026-06-01T18:05:32.303335,$GAGSV,03,,39
2026-06-01T18:05:32.303335,$GAGSV,08,,36
2026-06-01T18:05:32.303335,$GAGSV,15,,41
2026-06-01T18:05:32.303335,$GAGSV,32,,37
2026-06-01T18:05:32.304377,$GAGSV,34,,42
2026-06-01T18:05:32.306490,$GAGSV,03,,39
2026-06-01T18:05:32.306490,$GAGSV,08,,36
2026-06-01T18:05:32.306490,$GAGSV,15,,42
2026-06-01T18:05:32.306490,$GAGSV,32,,35
2026-06-01T18:05:32.307237,$GAGSV,34,,40
2026-06-01T18:05:32.309697,$GBGSV,06,,36
2026-06-01T18:05:32.309697,$GBGSV,07,,43
2026-06-01T18:05:32.309697,$GBGSV,09,,37
2026-06-01T18:05:32.309697,$GBGSV,10,,41
2026-06-01T18:05:32.310552,$GBGSV,13,,39
2026-06-01T18:05:32.310552,$GBGSV,25,,39
2026-06-01T18:05:32.310552,$GBGSV,28,,40
2026-06-01T18:05:32.310552,$GBGSV,33,,27
2026-06-01T18:05:32.311245,$GBGSV,09,,36
2026-06-01T18:05:32.311245,$GBGSV,10,,39
2026-06-01T18:05:33.294221,$GPGSV,10,,39
2026-06-01T18:05:33.294221,$GPGSV,12,,31
2026-06-01T18:05:33.294221,$GPGSV,13,,34
2026-06-01T18:05:33.294221,$GPGSV,18,,41
2026-06-01T18:05:33.296480,$GPGSV,23,,37
2026-06-01T18:05:33.296480,$GPGSV,25,,33
2026-06-01T18:05:33.296480,$GPGSV,28,,33
2026-06-01T18:05:33.296480,$GPGSV,32,,34
2026-06-01T18:05:33.298666,$GPGSV,41,,39
2026-06-01T18:05:33.298666,$GPGSV,42,,38
2026-06-01T18:05:33.298666,$GPGSV,50,,36
2026-06-01T18:05:33.299983,$GPGSV,13,,31
2026-06-01T18:05:33.302502,$GPGSV,10,,34
2026-06-01T18:05:33.302502,$GPGSV,12,,28
2026-06-01T18:05:33.302502,$GPGSV,18,,37
2026-06-01T18:05:33.302502,$GPGSV,23,,34
2026-06-01T18:05:33.304386,$GPGSV,25,,20
2026-06-01T18:05:33.304386,$GPGSV,28,,27
2026-06-01T18:05:33.304386,$GPGSV,32,,27
2026-06-01T18:05:33.309394,$GLGSV,65,,27
2026-06-01T18:05:33.309394,$GLGSV,75,,39
2026-06-01T18:05:33.309394,$GLGSV,87,,30
2026-06-01T18:05:33.309394,$GLGSV,88,,34
2026-06-01T18:05:33.310843,$GLGSV,72,,16
2026-06-01T18:05:33.310843,$GLGSV,75,,38
2026-06-01T18:05:33.310843,$GLGSV,76,,34
2026-06-01T18:05:33.310843,$GLGSV,86,,17
2026-06-01T18:05:33.312046,$GLGSV,88,,31
2026-06-01T18:05:33.314224,$GAGSV,03,,39
2026-06-01T18:05:33.314224,$GAGSV,08,,33
2026-06-01T18:05:33.314224,$GAGSV,15,,38
2026-06-01T18:05:33.314224,$GAGSV,32,,37
2026-06-01T18:05:33.314820,$GAGSV,34,,40
2026-06-01T18:05:33.315885,$GAGSV,03,,39
2026-06-01T18:05:33.315885,$GAGSV,08,,33
2026-06-01T18:05:33.315885,$GAGSV,15,,40
2026-06-01T18:05:33.315885,$GAGSV,32,,37
2026-06-01T18:05:33.316508,$GAGSV,34,,41
2026-06-01T18:05:33.319169,$GBGSV,06,,23
2026-06-01T18:05:33.319169,$GBGSV,07,,43
2026-06-01T18:05:33.319169,$GBGSV,09,,37
2026-06-01T18:05:33.319169,$GBGSV,10,,44
2026-06-01T18:05:33.320165,$GBGSV,13,,37
2026-06-01T18:05:33.320165,$GBGSV,25,,36
2026-06-01T18:05:33.320165,$GBGSV,28,,36
2026-06-01T18:05:33.320165,$GBGSV,33,,34
2026-06-01T18:05:33.320887,$GBGSV,09,,36
2026-06-01T18:05:33.320887,$GBGSV,10,,39
2026-06-01T18:05:34.298202,$GPGSV,10,,35
2026-06-01T18:05:34.298202,$GPGSV,12,,34
2026-06-01T18:05:34.298202,$GPGSV,13,,32
2026-06-01T18:05:34.298202,$GPGSV,18,,40
2026-06-01T18:05:34.300582,$GPGSV,23,,38
2026-06-01T18:05:34.300582,$GPGSV,25,,29
2026-06-01T18:05:34.300582,$GPGSV,28,,32
2026-06-01T18:05:34.300582,$GPGSV,32,,29
2026-06-01T18:05:34.302564,$GPGSV,41,,33
2026-06-01T18:05:34.302564,$GPGSV,42,,39
2026-06-01T18:05:34.302564,$GPGSV,50,,38
2026-06-01T18:05:34.304569,$GPGSV,13,,32
2026-06-01T18:05:34.307171,$GPGSV,10,,31
2026-06-01T18:05:34.307171,$GPGSV,12,,28
2026-06-01T18:05:34.307171,$GPGSV,18,,39
2026-06-01T18:05:34.307171,$GPGSV,23,,34
2026-06-01T18:05:34.309087,$GPGSV,25,,24
2026-06-01T18:05:34.309087,$GPGSV,28,,26
2026-06-01T18:05:34.309087,$GPGSV,32,,29
2026-06-01T18:05:34.315089,$GLGSV,65,,27
2026-06-01T18:05:34.315089,$GLGSV,75,,39
2026-06-01T18:05:34.315089,$GLGSV,87,,30
2026-06-01T18:05:34.315089,$GLGSV,88,,26
2026-06-01T18:05:34.316570,$GLGSV,72,,16
2026-06-01T18:05:34.316570,$GLGSV,75,,41
2026-06-01T18:05:34.316570,$GLGSV,76,,34
2026-06-01T18:05:34.316570,$GLGSV,86,,17
2026-06-01T18:05:34.317412,$GLGSV,88,,31
2026-06-01T18:05:34.319400,$GAGSV,03,,38
2026-06-01T18:05:34.319400,$GAGSV,08,,33
2026-06-01T18:05:34.319400,$GAGSV,15,,40
2026-06-01T18:05:34.319400,$GAGSV,32,,35
2026-06-01T18:05:34.320013,$GAGSV,34,,41
2026-06-01T18:05:34.321069,$GAGSV,03,,37
2026-06-01T18:05:34.321069,$GAGSV,08,,31
2026-06-01T18:05:34.321069,$GAGSV,15,,40
2026-06-01T18:05:34.321069,$GAGSV,32,,35
2026-06-01T18:05:34.322039,$GAGSV,34,,40
2026-06-01T18:05:34.325262,$GBGSV,06,,30
2026-06-01T18:05:34.325262,$GBGSV,07,,44
2026-06-01T18:05:34.325262,$GBGSV,09,,37
2026-06-01T18:05:34.325262,$GBGSV,10,,40
2026-06-01T18:05:34.326100,$GBGSV,13,,39
2026-06-01T18:05:34.326100,$GBGSV,25,,41
2026-06-01T18:05:34.326100,$GBGSV,28,,38
2026-06-01T18:05:34.326100,$GBGSV,33,,35
2026-06-01T18:05:34.326696,$GBGSV,09,,36
2026-06-01T18:05:34.326696,$GBGSV,10,,36
2026-06-01T18:05:35.296705,$GPGSV,10,,37
2026-06-01T18:05:35.296705,$GPGSV,12,,31
2026-06-01T18:05:35.296705,$GPGSV,13,,32
2026-06-01T18:05:35.296705,$GPGSV,18,,40
2026-06-01T18:05:35.299169,$GPGSV,23,,36
2026-06-01T18:05:35.299169,$GPGSV,25,,29
2026-06-01T18:05:35.299169,$GPGSV,28,,25
2026-06-01T18:05:35.299169,$GPGSV,32,,33
2026-06-01T18:05:35.301477,$GPGSV,41,,38
2026-06-01T18:05:35.301477,$GPGSV,42,,40
2026-06-01T18:05:35.301477,$GPGSV,50,,38
2026-06-01T18:05:35.302870,$GPGSV,13,,27
2026-06-01T18:05:35.304988,$GPGSV,10,,29
2026-06-01T18:05:35.304988,$GPGSV,12,,27
2026-06-01T18:05:35.304988,$GPGSV,18,,36
2026-06-01T18:05:35.304988,$GPGSV,23,,36
2026-06-01T18:05:35.307032,$GPGSV,25,,23
2026-06-01T18:05:35.307032,$GPGSV,28,,24
2026-06-01T18:05:35.307032,$GPGSV,32,,20
2026-06-01T18:05:35.310947,$GLGSV,65,,28
2026-06-01T18:05:35.310947,$GLGSV,75,,38
2026-06-01T18:05:35.310947,$GLGSV,87,,23
2026-06-01T18:05:35.310947,$GLGSV,88,,26
2026-06-01T18:05:35.312168,$GLGSV,72,,14
2026-06-01T18:05:35.312168,$GLGSV,75,,40
2026-06-01T18:05:35.312168,$GLGSV,76,,37
2026-06-01T18:05:35.312168,$GLGSV,86,,16
2026-06-01T18:05:35.312782,$GLGSV,88,,32
2026-06-01T18:05:35.314764,$GAGSV,03,,38
2026-06-01T18:05:35.314764,$GAGSV,08,,28
2026-06-01T18:05:35.314764,$GAGSV,15,,40
2026-06-01T18:05:35.314764,$GAGSV,32,,32
2026-06-01T18:05:35.315851,$GAGSV,34,,39
2026-06-01T18:05:35.316902,$GAGSV,03,,37
2026-06-01T18:05:35.316902,$GAGSV,08,,31
2026-06-01T18:05:35.316902,$GAGSV,15,,39
2026-06-01T18:05:35.316902,$GAGSV,32,,36
2026-06-01T18:05:35.317778,$GAGSV,34,,40
2026-06-01T18:05:35.320343,$GBGSV,06,,23
2026-06-01T18:05:35.320343,$GBGSV,07,,43
2026-06-01T18:05:35.320343,$GBGSV,09,,40
2026-06-01T18:05:35.320343,$GBGSV,10,,43
2026-06-01T18:05:35.321261,$GBGSV,13,,37
2026-06-01T18:05:35.321261,$GBGSV,25,,43
2026-06-01T18:05:35.321261,$GBGSV,28,,41
2026-06-01T18:05:35.321261,$GBGSV,33,,35
2026-06-01T18:05:35.321763,$GBGSV,09,,35
2026-06-01T18:05:35.321763,$GBGSV,10,,40
2026-06-01T18:05:36.299142,$GPGSV,10,,32
2026-06-01T18:05:36.299142,$GPGSV,12,,25
2026-06-01T18:05:36.299142,$GPGSV,13,,27
2026-06-01T18:05:36.299142,$GPGSV,18,,40
2026-06-01T18:05:36.301636,$GPGSV,23,,38
2026-06-01T18:05:36.301636,$GPGSV,25,,29
2026-06-01T18:05:36.301636,$GPGSV,28,,26
2026-06-01T18:05:36.301636,$GPGSV,32,,26
2026-06-01T18:05:36.303600,$GPGSV,41,,42
2026-06-01T18:05:36.303600,$GPGSV,42,,39
2026-06-01T18:05:36.303600,$GPGSV,50,,39
2026-06-01T18:05:36.304894,$GPGSV,13,,27
2026-06-01T18:05:36.307274,$GPGSV,10,,29
2026-06-01T18:05:36.307274,$GPGSV,12,,26
2026-06-01T18:05:36.307274,$GPGSV,18,,41
2026-06-01T18:05:36.307274,$GPGSV,23,,34
2026-06-01T18:05:36.309529,$GPGSV,25,,23
2026-06-01T18:05:36.309529,$GPGSV,28,,22
2026-06-01T18:05:36.309529,$GPGSV,32,,21
2026-06-01T18:05:36.315319,$GLGSV,65,,32
2026-06-01T18:05:36.315319,$GLGSV,75,,37
2026-06-01T18:05:36.315319,$GLGSV,87,,31
2026-06-01T18:05:36.315319,$GLGSV,88,,32
2026-06-01T18:05:36.318391,$GLGSV,72,,14
2026-06-01T18:05:36.318391,$GLGSV,75,,40
2026-06-01T18:05:36.318391,$GLGSV,76,,37
2026-06-01T18:05:36.318391,$GLGSV,86,,15
2026-06-01T18:05:36.319023,$GLGSV,88,,32
2026-06-01T18:05:36.321154,$GAGSV,03,,38
2026-06-01T18:05:36.321154,$GAGSV,08,,29
2026-06-01T18:05:36.321154,$GAGSV,15,,36
2026-06-01T18:05:36.321154,$GAGSV,32,,35
2026-06-01T18:05:36.321905,$GAGSV,34,,39
2026-06-01T18:05:36.323489,$GAGSV,03,,39
2026-06-01T18:05:36.323489,$GAGSV,08,,31
2026-06-01T18:05:36.323489,$GAGSV,15,,40
2026-06-01T18:05:36.323489,$GAGSV,32,,33
2026-06-01T18:05:36.324598,$GAGSV,34,,40
2026-06-01T18:05:36.327004,$GBGSV,06,,30
2026-06-01T18:05:36.327004,$GBGSV,07,,43
2026-06-01T18:05:36.327004,$GBGSV,09,,40
2026-06-01T18:05:36.327004,$GBGSV,10,,41
2026-06-01T18:05:36.327966,$GBGSV,13,,30
2026-06-01T18:05:36.327966,$GBGSV,25,,45
2026-06-01T18:05:36.327966,$GBGSV,28,,40
2026-06-01T18:05:36.327966,$GBGSV,33,,33
2026-06-01T18:05:36.328473,$GBGSV,09,,35
2026-06-01T18:05:36.328473,$GBGSV,10,,39
2026-06-01T18:05:37.298300,$GPGSV,10,,32
2026-06-01T18:05:37.298300,$GPGSV,12,,29
2026-06-01T18:05:37.298300,$GPGSV,13,,33
2026-06-01T18:05:37.298300,$GPGSV,18,,42
2026-06-01T18:05:37.302337,$GPGSV,23,,40
2026-06-01T18:05:37.302337,$GPGSV,25,,29
2026-06-01T18:05:37.302337,$GPGSV,28,,15
2026-06-01T18:05:37.302337,$GPGSV,32,,34
2026-06-01T18:05:37.305581,$GPGSV,41,,41
2026-06-01T18:05:37.305581,$GPGSV,42,,40
2026-06-01T18:05:37.305581,$GPGSV,50,,37
2026-06-01T18:05:37.306852,$GPGSV,13,,32
2026-06-01T18:05:37.309285,$GPGSV,10,,28
2026-06-01T18:05:37.309285,$GPGSV,12,,23
2026-06-01T18:05:37.309285,$GPGSV,18,,37
2026-06-01T18:05:37.309285,$GPGSV,23,,38
2026-06-01T18:05:37.311440,$GPGSV,25,,24
2026-06-01T18:05:37.311440,$GPGSV,28,,21
2026-06-01T18:05:37.311440,$GPGSV,32,,23
2026-06-01T18:05:37.315758,$GLGSV,65,,26
2026-06-01T18:05:37.315758,$GLGSV,75,,37
2026-06-01T18:05:37.315758,$GLGSV,87,,25
2026-06-01T18:05:37.315758,$GLGSV,88,,27
2026-06-01T18:05:37.317038,$GLGSV,72,,14
2026-06-01T18:05:37.317038,$GLGSV,75,,40
2026-06-01T18:05:37.317038,$GLGSV,76,,29
2026-06-01T18:05:37.317038,$GLGSV,86,,14
2026-06-01T18:05:37.317649,$GLGSV,88,,35
2026-06-01T18:05:37.319475,$GAGSV,03,,35
2026-06-01T18:05:37.319475,$GAGSV,08,,30
2026-06-01T18:05:37.319475,$GAGSV,15,,37
2026-06-01T18:05:37.319475,$GAGSV,32,,35
2026-06-01T18:05:37.320094,$GAGSV,34,,41
2026-06-01T18:05:37.321697,$GAGSV,03,,38
2026-06-01T18:05:37.321697,$GAGSV,08,,29
2026-06-01T18:05:37.321697,$GAGSV,15,,36
2026-06-01T18:05:37.321697,$GAGSV,32,,34
2026-06-01T18:05:37.322200,$GAGSV,34,,42
2026-06-01T18:05:37.325097,$GBGSV,06,,35
2026-06-01T18:05:37.325097,$GBGSV,07,,44
2026-06-01T18:05:37.325097,$GBGSV,09,,38
2026-06-01T18:05:37.325097,$GBGSV,10,,41
2026-06-01T18:05:37.325986,$GBGSV,13,,33
2026-06-01T18:05:37.325986,$GBGSV,25,,42
2026-06-01T18:05:37.325986,$GBGSV,28,,42
2026-06-01T18:05:37.325986,$GBGSV,33,,38
2026-06-01T18:05:37.326590,$GBGSV,09,,35
2026-06-01T18:05:37.326590,$GBGSV,10,,39
2026-06-01T18:05:38.290212,$GPGSV,10,,39
2026-06-01T18:05:38.290212,$GPGSV,12,,22
2026-06-01T18:05:38.290212,$GPGSV,13,,33
2026-06-01T18:05:38.290212,$GPGSV,18,,39
2026-06-01T18:05:38.291860,$GPGSV,23,,42
2026-06-01T18:05:38.291860,$GPGSV,25,,28
2026-06-01T18:05:38.291860,$GPGSV,28,,32
2026-06-01T18:05:38.291860,$GPGSV,32,,26
2026-06-01T18:05:38.292614,$GPGSV,41,,41
2026-06-01T18:05:38.292614,$GPGSV,42,,43
2026-06-01T18:05:38.292614,$GPGSV,50,,37
2026-06-01T18:05:38.293119,$GPGSV,13,,26
2026-06-01T18:05:38.294117,$GPGSV,10,,30
2026-06-01T18:05:38.294117,$GPGSV,12,,22
2026-06-01T18:05:38.294117,$GPGSV,18,,39
2026-06-01T18:05:38.294117,$GPGSV,23,,38
2026-06-01T18:05:38.294847,$GPGSV,25,,24
2026-06-01T18:05:38.294847,$GPGSV,28,,30
2026-06-01T18:05:38.294847,$GPGSV,32,,25
2026-06-01T18:05:38.297260,$GLGSV,65,,26
2026-06-01T18:05:38.297260,$GLGSV,75,,33
2026-06-01T18:05:38.297260,$GLGSV,87,,31
2026-06-01T18:05:38.297260,$GLGSV,88,,24
2026-06-01T18:05:38.298131,$GLGSV,72,,14
2026-06-01T18:05:38.298131,$GLGSV,75,,41
2026-06-01T18:05:38.298131,$GLGSV,76,,31
2026-06-01T18:05:38.298131,$GLGSV,86,,15
2026-06-01T18:05:38.298630,$GLGSV,88,,27
2026-06-01T18:05:38.300007,$GAGSV,03,,36
2026-06-01T18:05:38.300007,$GAGSV,08,,25
2026-06-01T18:05:38.300007,$GAGSV,15,,37
2026-06-01T18:05:38.300007,$GAGSV,32,,27
2026-06-01T18:05:38.300480,$GAGSV,34,,40
2026-06-01T18:05:38.301331,$GAGSV,03,,38
2026-06-01T18:05:38.301331,$GAGSV,08,,29
2026-06-01T18:05:38.301331,$GAGSV,15,,38
2026-06-01T18:05:38.301331,$GAGSV,32,,20
2026-06-01T18:05:38.301814,$GAGSV,34,,38
2026-06-01T18:05:38.304038,$GBGSV,06,,33
2026-06-01T18:05:38.304038,$GBGSV,07,,42
2026-06-01T18:05:38.304038,$GBGSV,09,,37
2026-06-01T18:05:38.304038,$GBGSV,10,,42
2026-06-01T18:05:38.304869,$GBGSV,13,,32
2026-06-01T18:05:38.304869,$GBGSV,25,,45
2026-06-01T18:05:38.304869,$GBGSV,28,,40
2026-06-01T18:05:38.304869,$GBGSV,33,,36
2026-06-01T18:05:38.305555,$GBGSV,09,,35
2026-06-01T18:05:38.305555,$GBGSV,10,,38
2026-06-01T18:05:39.299259,$GPGSV,10,,37
2026-06-01T18:05:39.299259,$GPGSV,12,,29
2026-06-01T18:05:39.299259,$GPGSV,13,,35
2026-06-01T18:05:39.299259,$GPGSV,18,,39
2026-06-01T18:05:39.302008,$GPGSV,23,,37
2026-06-01T18:05:39.302008,$GPGSV,25,,28
2026-06-01T18:05:39.302008,$GPGSV,28,,34
2026-06-01T18:05:39.302008,$GPGSV,32,,32
2026-06-01T18:05:39.303887,$GPGSV,41,,41
2026-06-01T18:05:39.303887,$GPGSV,42,,41
2026-06-01T18:05:39.303887,$GPGSV,50,,37
2026-06-01T18:05:39.305273,$GPGSV,13,,31
2026-06-01T18:05:39.307416,$GPGSV,10,,33
2026-06-01T18:05:39.307416,$GPGSV,12,,24
2026-06-01T18:05:39.307416,$GPGSV,18,,39
2026-06-01T18:05:39.307416,$GPGSV,23,,36
2026-06-01T18:05:39.309494,$GPGSV,25,,23
2026-06-01T18:05:39.309494,$GPGSV,28,,35
2026-06-01T18:05:39.309494,$GPGSV,32,,27
2026-06-01T18:05:39.315369,$GLGSV,65,,30
2026-06-01T18:05:39.315369,$GLGSV,75,,36
2026-06-01T18:05:39.315369,$GLGSV,87,,26
2026-06-01T18:05:39.315369,$GLGSV,88,,33
2026-06-01T18:05:39.316832,$GLGSV,72,,15
2026-06-01T18:05:39.316832,$GLGSV,75,,41
2026-06-01T18:05:39.316832,$GLGSV,76,,33
2026-06-01T18:05:39.316832,$GLGSV,86,,16
2026-06-01T18:05:39.317722,$GLGSV,88,,33
2026-06-01T18:05:39.319887,$GAGSV,03,,37
2026-06-01T18:05:39.319887,$GAGSV,08,,26
2026-06-01T18:05:39.319887,$GAGSV,15,,38
2026-06-01T18:05:39.319887,$GAGSV,32,,32
2026-06-01T18:05:39.320506,$GAGSV,34,,40
2026-06-01T18:05:39.321946,$GAGSV,03,,38
2026-06-01T18:05:39.321946,$GAGSV,08,,34
2026-06-01T18:05:39.321946,$GAGSV,15,,38
2026-06-01T18:05:39.321946,$GAGSV,32,,36
2026-06-01T18:05:39.322630,$GAGSV,34,,37
2026-06-01T18:05:39.325428,$GBGSV,06,,35
2026-06-01T18:05:39.325428,$GBGSV,07,,43
2026-06-01T18:05:39.325428,$GBGSV,09,,39
2026-06-01T18:05:39.325428,$GBGSV,10,,42
2026-06-01T18:05:39.326271,$GBGSV,13,,26
2026-06-01T18:05:39.326271,$GBGSV,25,,43
2026-06-01T18:05:39.326271,$GBGSV,28,,38
2026-06-01T18:05:39.326271,$GBGSV,33,,37
2026-06-01T18:05:39.326861,$GBGSV,09,,36
2026-06-01T18:05:39.326861,$GBGSV,10,,38
2026-06-01T18:05:40.302222,$GPGSV,10,,36
2026-06-01T18:05:40.302222,$GPGSV,12,,34
2026-06-01T18:05:40.302222,$GPGSV,13,,34
2026-06-01T18:05:40.302222,$GPGSV,18,,40
2026-06-01T18:05:40.305045,$GPGSV,23,,35
2026-06-01T18:05:40.305045,$GPGSV,25,,33
2026-06-01T18:05:40.305045,$GPGSV,28,,35
2026-06-01T18:05:40.305045,$GPGSV,32,,28
2026-06-01T18:05:40.307348,$GPGSV,41,,40
2026-06-01T18:05:40.307348,$GPGSV,42,,41
2026-06-01T18:05:40.307348,$GPGSV,50,,37
2026-06-01T18:05:40.308671,$GPGSV,13,,25
2026-06-01T18:05:40.310861,$GPGSV,10,,31
2026-06-01T18:05:40.310861,$GPGSV,12,,25
2026-06-01T18:05:40.310861,$GPGSV,18,,38
2026-06-01T18:05:40.310861,$GPGSV,23,,32
2026-06-01T18:05:40.313386,$GPGSV,25,,23
2026-06-01T18:05:40.313386,$GPGSV,28,,32
2026-06-01T18:05:40.313386,$GPGSV,32,,29
2026-06-01T18:05:40.318361,$GLGSV,65,,25
2026-06-01T18:05:40.318361,$GLGSV,75,,37
2026-06-01T18:05:40.318361,$GLGSV,87,,23
2026-06-01T18:05:40.318361,$GLGSV,88,,33
2026-06-01T18:05:40.320217,$GLGSV,72,,14
2026-06-01T18:05:40.320217,$GLGSV,75,,41
2026-06-01T18:05:40.320217,$GLGSV,76,,34
2026-06-01T18:05:40.320217,$GLGSV,86,,16
2026-06-01T18:05:40.321171,$GLGSV,88,,36
2026-06-01T18:05:40.324720,$GAGSV,03,,37
2026-06-01T18:05:40.324720,$GAGSV,08,,33
2026-06-01T18:05:40.324720,$GAGSV,15,,38
2026-06-01T18:05:40.324720,$GAGSV,32,,35
2026-06-01T18:05:40.325784,$GAGSV,34,,40
2026-06-01T18:05:40.326879,$GAGSV,03,,40
2026-06-01T18:05:40.326879,$GAGSV,08,,34
2026-06-01T18:05:40.326879,$GAGSV,15,,38
2026-06-01T18:05:40.326879,$GAGSV,32,,28
2026-06-01T18:05:40.327358,$GAGSV,34,,40
2026-06-01T18:05:40.329579,$GBGSV,06,,35
2026-06-01T18:05:40.329579,$GBGSV,07,,43
2026-06-01T18:05:40.329579,$GBGSV,09,,39
2026-06-01T18:05:40.329579,$GBGSV,10,,42
2026-06-01T18:05:40.330420,$GBGSV,13,,26
2026-06-01T18:05:40.330420,$GBGSV,25,,43
2026-06-01T18:05:40.330420,$GBGSV,28,,41
2026-06-01T18:05:40.330420,$GBGSV,33,,37
2026-06-01T18:05:40.331006,$GBGSV,09,,35
2026-06-01T18:05:40.331006,$GBGSV,10,,37
2026-06-01T18:05:41.306715,$GPGSV,10,,37
2026-06-01T18:05:41.306715,$GPGSV,12,,33
2026-06-01T18:05:41.306715,$GPGSV,13,,33
2026-06-01T18:05:41.306715,$GPGSV,18,,40
2026-06-01T18:05:41.310165,$GPGSV,23,,37
2026-06-01T18:05:41.310165,$GPGSV,25,,36
2026-06-01T18:05:41.310165,$GPGSV,28,,31
2026-06-01T18:05:41.310165,$GPGSV,32,,32
2026-06-01T18:05:41.311493,$GPGSV,41,,42
2026-06-01T18:05:41.311493,$GPGSV,42,,41
2026-06-01T18:05:41.311493,$GPGSV,50,,38
2026-06-01T18:05:41.312413,$GPGSV,13,,27
2026-06-01T18:05:41.314558,$GPGSV,10,,29
2026-06-01T18:05:41.314558,$GPGSV,12,,24
2026-06-01T18:05:41.314558,$GPGSV,18,,39
2026-06-01T18:05:41.314558,$GPGSV,23,,31
2026-06-01T18:05:41.316712,$GPGSV,25,,24
2026-06-01T18:05:41.316712,$GPGSV,28,,32
2026-06-01T18:05:41.316712,$GPGSV,32,,29
2026-06-01T18:05:41.320806,$GLGSV,65,,26
2026-06-01T18:05:41.320806,$GLGSV,75,,38
2026-06-01T18:05:41.320806,$GLGSV,87,,30
2026-06-01T18:05:41.320806,$GLGSV,88,,33
2026-06-01T18:05:41.322415,$GLGSV,75,,40
2026-06-01T18:05:41.322415,$GLGSV,76,,32
2026-06-01T18:05:41.322415,$GLGSV,86,,15
2026-06-01T18:05:41.322415,$GLGSV,88,,35
2026-06-01T18:05:41.325346,$GAGSV,03,,36
2026-06-01T18:05:41.325346,$GAGSV,08,,34
2026-06-01T18:05:41.325346,$GAGSV,15,,37
2026-06-01T18:05:41.325346,$GAGSV,32,,33
2026-06-01T18:05:41.326273,$GAGSV,34,,41
2026-06-01T18:05:41.328226,$GAGSV,03,,40
2026-06-01T18:05:41.328226,$GAGSV,08,,36
2026-06-01T18:05:41.328226,$GAGSV,15,,38
2026-06-01T18:05:41.328226,$GAGSV,32,,29
2026-06-01T18:05:41.330558,$GAGSV,34,,41
2026-06-01T18:05:41.333579,$GBGSV,06,,37
2026-06-01T18:05:41.333579,$GBGSV,07,,42
2026-06-01T18:05:41.333579,$GBGSV,09,,40
2026-06-01T18:05:41.333579,$GBGSV,10,,42
2026-06-01T18:05:41.334633,$GBGSV,13,,26
2026-06-01T18:05:41.334633,$GBGSV,25,,44
2026-06-01T18:05:41.334633,$GBGSV,28,,41
2026-06-01T18:05:41.334633,$GBGSV,33,,40
2026-06-01T18:05:41.335387,$GBGSV,09,,35
2026-06-01T18:05:41.335387,$GBGSV,10,,36
2026-06-01T18:05:42.296166,$GPGSV,10,,37
2026-06-01T18:05:42.296166,$GPGSV,12,,32
2026-06-01T18:05:42.296166,$GPGSV,13,,33
2026-06-01T18:05:42.296166,$GPGSV,18,,40
2026-06-01T18:05:42.299335,$GPGSV,23,,37
2026-06-01T18:05:42.299335,$GPGSV,25,,36
2026-06-01T18:05:42.299335,$GPGSV,28,,30
2026-06-01T18:05:42.299335,$GPGSV,32,,32
2026-06-01T18:05:42.301860,$GPGSV,41,,42
2026-06-01T18:05:42.301860,$GPGSV,42,,41
2026-06-01T18:05:42.301860,$GPGSV,50,,38
2026-06-01T18:05:42.303756,$GPGSV,13,,28
2026-06-01T18:05:42.306640,$GPGSV,10,,28
2026-06-01T18:05:42.306640,$GPGSV,12,,22
2026-06-01T18:05:42.306640,$GPGSV,18,,39
2026-06-01T18:05:42.306640,$GPGSV,23,,31
2026-06-01T18:05:42.308264,$GPGSV,25,,24
2026-06-01T18:05:42.308264,$GPGSV,28,,32
2026-06-01T18:05:42.308264,$GPGSV,32,,28
2026-06-01T18:05:42.312714,$GLGSV,65,,26
2026-06-01T18:05:42.312714,$GLGSV,75,,38
2026-06-01T18:05:42.312714,$GLGSV,87,,30
2026-06-01T18:05:42.312714,$GLGSV,88,,33
2026-06-01T18:05:42.314198,$GLGSV,75,,40
2026-06-01T18:05:42.314198,$GLGSV,76,,32
2026-06-01T18:05:42.314198,$GLGSV,86,,14
2026-06-01T18:05:42.314198,$GLGSV,88,,35
2026-06-01T18:05:42.316588,$GAGSV,03,,36
2026-06-01T18:05:42.316588,$GAGSV,08,,34
2026-06-01T18:05:42.316588,$GAGSV,15,,37
2026-06-01T18:05:42.316588,$GAGSV,32,,33
2026-06-01T18:05:42.317396,$GAGSV,34,,41
2026-06-01T18:05:42.318810,$GAGSV,03,,40
2026-06-01T18:05:42.318810,$GAGSV,08,,36
2026-06-01T18:05:42.318810,$GAGSV,15,,38
2026-06-01T18:05:42.318810,$GAGSV,32,,30
2026-06-01T18:05:42.319340,$GAGSV,34,,41
2026-06-01T18:05:42.322039,$GBGSV,06,,37
2026-06-01T18:05:42.322039,$GBGSV,07,,42
2026-06-01T18:05:42.322039,$GBGSV,09,,40
2026-06-01T18:05:42.322039,$GBGSV,10,,42
2026-06-01T18:05:42.322796,$GBGSV,13,,28
2026-06-01T18:05:42.322796,$GBGSV,25,,44
2026-06-01T18:05:42.322796,$GBGSV,28,,41
2026-06-01T18:05:42.322796,$GBGSV,33,,39
2026-06-01T18:05:42.323545,$GBGSV,09,,35
2026-06-01T18:05:42.323545,$GBGSV,10,,36
2026-06-01T18:05:43.301344,$GPGSV,10,,37
2026-06-01T18:05:43.301344,$GPGSV,12,,32
2026-06-01T18:05:43.301344,$GPGSV,13,,33
2026-06-01T18:05:43.301344,$GPGSV,18,,40
2026-06-01T18:05:43.303612,$GPGSV,23,,37
2026-06-01T18:05:43.303612,$GPGSV,25,,35
2026-06-01T18:05:43.303612,$GPGSV,28,,30
2026-06-01T18:05:43.303612,$GPGSV,32,,32
2026-06-01T18:05:43.305689,$GPGSV,41,,42
2026-06-01T18:05:43.305689,$GPGSV,42,,41
2026-06-01T18:05:43.305689,$GPGSV,50,,38
2026-06-01T18:05:43.306973,$GPGSV,13,,29
2026-06-01T18:05:43.309114,$GPGSV,10,,28
2026-06-01T18:05:43.309114,$GPGSV,12,,21
2026-06-01T18:05:43.309114,$GPGSV,18,,39
2026-06-01T18:05:43.309114,$GPGSV,23,,31
2026-06-01T18:05:43.312323,$GPGSV,25,,24
2026-06-01T18:05:43.312323,$GPGSV,28,,32
2026-06-01T18:05:43.312323,$GPGSV,32,,28
2026-06-01T18:05:43.317464,$GLGSV,65,,25
2026-06-01T18:05:43.317464,$GLGSV,75,,38
2026-06-01T18:05:43.317464,$GLGSV,87,,29
2026-06-01T18:05:43.317464,$GLGSV,88,,33
2026-06-01T18:05:43.318665,$GLGSV,75,,40
2026-06-01T18:05:43.318665,$GLGSV,76,,33
2026-06-01T18:05:43.318665,$GLGSV,86,,15
2026-06-01T18:05:43.318665,$GLGSV,88,,35
2026-06-01T18:05:43.321384,$GAGSV,03,,36
2026-06-01T18:05:43.321384,$GAGSV,08,,34
2026-06-01T18:05:43.321384,$GAGSV,15,,37
2026-06-01T18:05:43.321384,$GAGSV,32,,33
2026-06-01T18:05:43.322760,$GAGSV,34,,41
2026-06-01T18:05:43.325401,$GAGSV,03,,40
2026-06-01T18:05:43.325401,$GAGSV,08,,36
2026-06-01T18:05:43.325401,$GAGSV,15,,38
2026-06-01T18:05:43.325401,$GAGSV,32,,30
2026-06-01T18:05:43.326365,$GAGSV,34,,41
2026-06-01T18:05:43.328631,$GBGSV,06,,37
2026-06-01T18:05:43.328631,$GBGSV,07,,42
2026-06-01T18:05:43.328631,$GBGSV,09,,39
2026-06-01T18:05:43.328631,$GBGSV,10,,43
2026-06-01T18:05:43.329354,$GBGSV,13,,30
2026-06-01T18:05:43.329354,$GBGSV,25,,45
2026-06-01T18:05:43.329354,$GBGSV,28,,41
2026-06-01T18:05:43.329354,$GBGSV,33,,39
2026-06-01T18:05:43.329877,$GBGSV,09,,35
2026-06-01T18:05:43.329877,$GBGSV,10,,36
2026-06-01T18:05:44.302568,$GPGSV,10,,37
2026-06-01T18:05:44.302568,$GPGSV,12,,33
2026-06-01T18:05:44.302568,$GPGSV,13,,33
2026-06-01T18:05:44.302568,$GPGSV,18,,40
2026-06-01T18:05:44.304851,$GPGSV,23,,38
2026-06-01T18:05:44.304851,$GPGSV,25,,36
2026-06-01T18:05:44.304851,$GPGSV,28,,30
2026-06-01T18:05:44.304851,$GPGSV,32,,32
2026-06-01T18:05:44.307558,$GPGSV,41,,42
2026-06-01T18:05:44.307558,$GPGSV,42,,41
2026-06-01T18:05:44.307558,$GPGSV,50,,38
2026-06-01T18:05:44.308961,$GPGSV,13,,29
2026-06-01T18:05:44.311407,$GPGSV,10,,28
2026-06-01T18:05:44.311407,$GPGSV,12,,22
2026-06-01T18:05:44.311407,$GPGSV,18,,39
2026-06-01T18:05:44.311407,$GPGSV,23,,30
2026-06-01T18:05:44.313363,$GPGSV,25,,25
2026-06-01T18:05:44.313363,$GPGSV,28,,32
2026-06-01T18:05:44.313363,$GPGSV,32,,28
2026-06-01T18:05:44.318478,$GLGSV,65,,26
2026-06-01T18:05:44.318478,$GLGSV,75,,38
2026-06-01T18:05:44.318478,$GLGSV,87,,29
2026-06-01T18:05:44.318478,$GLGSV,88,,33
2026-06-01T18:05:44.319871,$GLGSV,75,,40
2026-06-01T18:05:44.319871,$GLGSV,76,,33
2026-06-01T18:05:44.319871,$GLGSV,86,,14
2026-06-01T18:05:44.319871,$GLGSV,88,,35
2026-06-01T18:05:44.321846,$GAGSV,03,,36
2026-06-01T18:05:44.321846,$GAGSV,08,,33
2026-06-01T18:05:44.321846,$GAGSV,15,,37
2026-06-01T18:05:44.321846,$GAGSV,32,,33
2026-06-01T18:05:44.323100,$GAGSV,34,,41
2026-06-01T18:05:44.325143,$GAGSV,03,,40
2026-06-01T18:05:44.325143,$GAGSV,08,,36
2026-06-01T18:05:44.325143,$GAGSV,15,,39
2026-06-01T18:05:44.325143,$GAGSV,32,,30
2026-06-01T18:05:44.325747,$GAGSV,34,,42
2026-06-01T18:05:44.327950,$GBGSV,06,,37
2026-06-01T18:05:44.327950,$GBGSV,07,,42
2026-06-01T18:05:44.327950,$GBGSV,09,,40
2026-06-01T18:05:44.327950,$GBGSV,10,,43
2026-06-01T18:05:44.328774,$GBGSV,13,,30
2026-06-01T18:05:44.328774,$GBGSV,25,,44
2026-06-01T18:05:44.328774,$GBGSV,28,,41
2026-06-01T18:05:44.328774,$GBGSV,33,,39
2026-06-01T18:05:44.329349,$GBGSV,09,,35
2026-06-01T18:05:44.329349,$GBGSV,10,,35
2026-06-01T18:05:45.304475,$GPGSV,10,,37
2026-06-01T18:05:45.304475,$GPGSV,12,,33
2026-06-01T18:05:45.304475,$GPGSV,13,,33
2026-06-01T18:05:45.304475,$GPGSV,18,,40
2026-06-01T18:05:45.306831,$GPGSV,23,,38
2026-06-01T18:05:45.306831,$GPGSV,25,,36
2026-06-01T18:05:45.306831,$GPGSV,28,,31
2026-06-01T18:05:45.306831,$GPGSV,32,,32
2026-06-01T18:05:45.308893,$GPGSV,41,,42
2026-06-01T18:05:45.308893,$GPGSV,42,,41
2026-06-01T18:05:45.308893,$GPGSV,50,,38
2026-06-01T18:05:45.310218,$GPGSV,13,,29
2026-06-01T18:05:45.312864,$GPGSV,10,,28
2026-06-01T18:05:45.312864,$GPGSV,12,,22
2026-06-01T18:05:45.312864,$GPGSV,18,,39
2026-06-01T18:05:45.312864,$GPGSV,23,,30
2026-06-01T18:05:45.315078,$GPGSV,25,,25
2026-06-01T18:05:45.315078,$GPGSV,28,,32
2026-06-01T18:05:45.315078,$GPGSV,32,,28
2026-06-01T18:05:45.321262,$GLGSV,65,,26
2026-06-01T18:05:45.321262,$GLGSV,75,,38
2026-06-01T18:05:45.321262,$GLGSV,87,,29
2026-06-01T18:05:45.321262,$GLGSV,88,,33
2026-06-01T18:05:45.324015,$GLGSV,75,,40
2026-06-01T18:05:45.324015,$GLGSV,76,,32
2026-06-01T18:05:45.324015,$GLGSV,86,,16
2026-06-01T18:05:45.324015,$GLGSV,88,,35
2026-06-01T18:05:45.326460,$GAGSV,03,,36
2026-06-01T18:05:45.326460,$GAGSV,08,,33
2026-06-01T18:05:45.326460,$GAGSV,15,,37
2026-06-01T18:05:45.326460,$GAGSV,32,,32
2026-06-01T18:05:45.326956,$GAGSV,34,,40
2026-06-01T18:05:45.327805,$GAGSV,03,,40
2026-06-01T18:05:45.327805,$GAGSV,08,,36
2026-06-01T18:05:45.327805,$GAGSV,15,,39
2026-06-01T18:05:45.327805,$GAGSV,32,,30
2026-06-01T18:05:45.328394,$GAGSV,34,,42
2026-06-01T18:05:45.331058,$GBGSV,06,,36
2026-06-01T18:05:45.331058,$GBGSV,07,,42
2026-06-01T18:05:45.331058,$GBGSV,09,,40
2026-06-01T18:05:45.331058,$GBGSV,10,,43
2026-06-01T18:05:45.331748,$GBGSV,13,,31
2026-06-01T18:05:45.331748,$GBGSV,25,,44
2026-06-01T18:05:45.331748,$GBGSV,28,,41
2026-06-01T18:05:45.331748,$GBGSV,33,,39
2026-06-01T18:05:45.332256,$GBGSV,09,,35
2026-06-01T18:05:45.332256,$GBGSV,10,,35
2026-06-01T18:05:46.303033,$GPGSV,10,,36
2026-06-01T18:05:46.303033,$GPGSV,12,,33
2026-06-01T18:05:46.303033,$GPGSV,13,,33
2026-06-01T18:05:46.303033,$GPGSV,18,,40
2026-06-01T18:05:46.305469,$GPGSV,23,,38
2026-06-01T18:05:46.305469,$GPGSV,25,,35
2026-06-01T18:05:46.305469,$GPGSV,28,,30
2026-06-01T18:05:46.305469,$GPGSV,32,,31
2026-06-01T18:05:46.307340,$GPGSV,41,,42
2026-06-01T18:05:46.307340,$GPGSV,42,,40
2026-06-01T18:05:46.307340,$GPGSV,50,,38
2026-06-01T18:05:46.308614,$GPGSV,13,,29
2026-06-01T18:05:46.310863,$GPGSV,10,,28
2026-06-01T18:05:46.310863,$GPGSV,12,,23
2026-06-01T18:05:46.310863,$GPGSV,18,,39
2026-06-01T18:05:46.310863,$GPGSV,23,,30
2026-06-01T18:05:46.312717,$GPGSV,25,,25
2026-06-01T18:05:46.312717,$GPGSV,28,,31
2026-06-01T18:05:46.312717,$GPGSV,32,,28
2026-06-01T18:05:46.319091,$GLGSV,65,,27
2026-06-01T18:05:46.319091,$GLGSV,75,,37
2026-06-01T18:05:46.319091,$GLGSV,87,,30
2026-06-01T18:05:46.319091,$GLGSV,88,,32
2026-06-01T18:05:46.321871,$GLGSV,75,,40
2026-06-01T18:05:46.321871,$GLGSV,76,,32
2026-06-01T18:05:46.321871,$GLGSV,86,,17
2026-06-01T18:05:46.321871,$GLGSV,88,,36
2026-06-01T18:05:46.324461,$GAGSV,03,,37
2026-06-01T18:05:46.324461,$GAGSV,08,,34
2026-06-01T18:05:46.324461,$GAGSV,15,,37
2026-06-01T18:05:46.324461,$GAGSV,32,,32
2026-06-01T18:05:46.325112,$GAGSV,34,,40
2026-06-01T18:05:46.327139,$GAGSV,03,,40
2026-06-01T18:05:46.327139,$GAGSV,08,,36
2026-06-01T18:05:46.327139,$GAGSV,15,,38
2026-06-01T18:05:46.327139,$GAGSV,32,,30
2026-06-01T18:05:46.327961,$GAGSV,34,,41
2026-06-01T18:05:46.330308,$GBGSV,06,,36
2026-06-01T18:05:46.330308,$GBGSV,07,,42
2026-06-01T18:05:46.330308,$GBGSV,09,,40
2026-06-01T18:05:46.330308,$GBGSV,10,,42
2026-06-01T18:05:46.331137,$GBGSV,13,,31
2026-06-01T18:05:46.331137,$GBGSV,25,,44
2026-06-01T18:05:46.331137,$GBGSV,28,,41
2026-06-01T18:05:46.331137,$GBGSV,33,,39
2026-06-01T18:05:46.331729,$GBGSV,09,,35
2026-06-01T18:05:46.331729,$GBGSV,10,,35
2026-06-01T18:05:47.300609,$GPGSV,10,,36
2026-06-01T18:05:47.300609,$GPGSV,12,,33
2026-06-01T18:05:47.300609,$GPGSV,13,,33
2026-06-01T18:05:47.300609,$GPGSV,18,,41
2026-06-01T18:05:47.302932,$GPGSV,23,,38
2026-06-01T18:05:47.302932,$GPGSV,25,,36
2026-06-01T18:05:47.302932,$GPGSV,28,,30
2026-06-01T18:05:47.302932,$GPGSV,32,,31
2026-06-01T18:05:47.304813,$GPGSV,41,,42
2026-06-01T18:05:47.304813,$GPGSV,42,,40
2026-06-01T18:05:47.304813,$GPGSV,50,,38
2026-06-01T18:05:47.306085,$GPGSV,13,,29
2026-06-01T18:05:47.308304,$GPGSV,10,,28
2026-06-01T18:05:47.308304,$GPGSV,12,,22
2026-06-01T18:05:47.308304,$GPGSV,18,,39
2026-06-01T18:05:47.308304,$GPGSV,23,,30
2026-06-01T18:05:47.310313,$GPGSV,25,,24
2026-06-01T18:05:47.310313,$GPGSV,28,,31
2026-06-01T18:05:47.310313,$GPGSV,32,,28
2026-06-01T18:05:47.315385,$GLGSV,65,,27
2026-06-01T18:05:47.315385,$GLGSV,75,,37
2026-06-01T18:05:47.315385,$GLGSV,86,,17
2026-06-01T18:05:47.315385,$GLGSV,87,,30
2026-06-01T18:05:47.316454,$GLGSV,88,,32
2026-06-01T18:05:47.318957,$GLGSV,75,,40
2026-06-01T18:05:47.318957,$GLGSV,76,,32
2026-06-01T18:05:47.318957,$GLGSV,86,,17
2026-06-01T18:05:47.318957,$GLGSV,88,,36
2026-06-01T18:05:47.321292,$GAGSV,03,,37
2026-06-01T18:05:47.321292,$GAGSV,08,,34
2026-06-01T18:05:47.321292,$GAGSV,15,,37
2026-06-01T18:05:47.321292,$GAGSV,32,,32
2026-06-01T18:05:47.321908,$GAGSV,34,,40
2026-06-01T18:05:47.323292,$GAGSV,03,,40
2026-06-01T18:05:47.323292,$GAGSV,08,,36
2026-06-01T18:05:47.323292,$GAGSV,15,,38
2026-06-01T18:05:47.323292,$GAGSV,32,,29
2026-06-01T18:05:47.324693,$GAGSV,34,,41
2026-06-01T18:05:47.327311,$GBGSV,06,,36
2026-06-01T18:05:47.327311,$GBGSV,07,,42
2026-06-01T18:05:47.327311,$GBGSV,09,,40
2026-06-01T18:05:47.327311,$GBGSV,10,,42
2026-06-01T18:05:47.328003,$GBGSV,13,,32
2026-06-01T18:05:47.328003,$GBGSV,25,,44
2026-06-01T18:05:47.328003,$GBGSV,28,,40
2026-06-01T18:05:47.328003,$GBGSV,33,,40
2026-06-01T18:05:47.328510,$GBGSV,09,,35
2026-06-01T18:05:47.328510,$GBGSV,10,,35
2026-06-01T18:05:48.300437,$GPGSV,10,,35
2026-06-01T18:05:48.300437,$GPGSV,12,,33
2026-06-01T18:05:48.300437,$GPGSV,13,,33
2026-06-01T18:05:48.300437,$GPGSV,18,,41
2026-06-01T18:05:48.303916,$GPGSV,23,,38
2026-06-01T18:05:48.303916,$GPGSV,25,,36
2026-06-01T18:05:48.303916,$GPGSV,28,,29
2026-06-01T18:05:48.303916,$GPGSV,32,,31
2026-06-01T18:05:48.307744,$GPGSV,41,,42
2026-06-01T18:05:48.307744,$GPGSV,42,,40
2026-06-01T18:05:48.307744,$GPGSV,50,,38
2026-06-01T18:05:48.310022,$GPGSV,13,,30
2026-06-01T18:05:48.314228,$GPGSV,10,,28
2026-06-01T18:05:48.314228,$GPGSV,12,,22
2026-06-01T18:05:48.314228,$GPGSV,18,,39
2026-06-01T18:05:48.314228,$GPGSV,23,,30
2026-06-01T18:05:48.316841,$GPGSV,25,,25
2026-06-01T18:05:48.316841,$GPGSV,28,,31
2026-06-01T18:05:48.316841,$GPGSV,32,,29
2026-06-01T18:05:48.322120,$GLGSV,65,,26
2026-06-01T18:05:48.322120,$GLGSV,75,,37
2026-06-01T18:05:48.322120,$GLGSV,86,,17
2026-06-01T18:05:48.322120,$GLGSV,87,,29
2026-06-01T18:05:48.323067,$GLGSV,88,,33
2026-06-01T18:05:48.324995,$GLGSV,75,,40
2026-06-01T18:05:48.324995,$GLGSV,76,,32
2026-06-01T18:05:48.324995,$GLGSV,86,,16
2026-06-01T18:05:48.324995,$GLGSV,88,,36
2026-06-01T18:05:48.327025,$GAGSV,03,,37
2026-06-01T18:05:48.327025,$GAGSV,08,,34
2026-06-01T18:05:48.327025,$GAGSV,15,,37
2026-06-01T18:05:48.327025,$GAGSV,32,,32
2026-06-01T18:05:48.327853,$GAGSV,34,,40
2026-06-01T18:05:48.329212,$GAGSV,03,,40
2026-06-01T18:05:48.329212,$GAGSV,08,,36
2026-06-01T18:05:48.329212,$GAGSV,15,,38
2026-06-01T18:05:48.329212,$GAGSV,32,,30
2026-06-01T18:05:48.329677,$GAGSV,34,,41
2026-06-01T18:05:48.331623,$GBGSV,06,,35
2026-06-01T18:05:48.331623,$GBGSV,07,,42
2026-06-01T18:05:48.331623,$GBGSV,09,,39
2026-06-01T18:05:48.331623,$GBGSV,10,,42
2026-06-01T18:05:48.332394,$GBGSV,13,,32
2026-06-01T18:05:48.332394,$GBGSV,25,,44
2026-06-01T18:05:48.332394,$GBGSV,28,,41
2026-06-01T18:05:48.332394,$GBGSV,33,,39
2026-06-01T18:05:48.332885,$GBGSV,09,,35
2026-06-01T18:05:48.332885,$GBGSV,10,,35
2026-06-01T18:05:49.302199,$GPGSV,10,,35
2026-06-01T18:05:49.302199,$GPGSV,12,,33
2026-06-01T18:05:49.302199,$GPGSV,13,,33
2026-06-01T18:05:49.302199,$GPGSV,18,,40
2026-06-01T18:05:49.304422,$GPGSV,23,,38
2026-06-01T18:05:49.304422,$GPGSV,25,,36
2026-06-01T18:05:49.304422,$GPGSV,28,,29
2026-06-01T18:05:49.304422,$GPGSV,32,,31
2026-06-01T18:05:49.306683,$GPGSV,41,,42
2026-06-01T18:05:49.306683,$GPGSV,42,,41
2026-06-01T18:05:49.306683,$GPGSV,50,,38
2026-06-01T18:05:49.308073,$GPGSV,13,,30
2026-06-01T18:05:49.310299,$GPGSV,10,,28
2026-06-01T18:05:49.310299,$GPGSV,12,,22
2026-06-01T18:05:49.310299,$GPGSV,18,,39
2026-06-01T18:05:49.310299,$GPGSV,23,,30
2026-06-01T18:05:49.312205,$GPGSV,25,,24
2026-06-01T18:05:49.312205,$GPGSV,28,,31
2026-06-01T18:05:49.312205,$GPGSV,32,,29
2026-06-01T18:05:49.318973,$GLGSV,65,,26
2026-06-01T18:05:49.318973,$GLGSV,75,,37
2026-06-01T18:05:49.318973,$GLGSV,86,,17
2026-06-01T18:05:49.318973,$GLGSV,87,,30
2026-06-01T18:05:49.319884,$GLGSV,88,,33
2026-06-01T18:05:49.321421,$GLGSV,75,,40
2026-06-01T18:05:49.321421,$GLGSV,76,,32
2026-06-01T18:05:49.321421,$GLGSV,86,,16
2026-06-01T18:05:49.321421,$GLGSV,88,,36
2026-06-01T18:05:49.324449,$GAGSV,03,,37
2026-06-01T18:05:49.324449,$GAGSV,08,,34
2026-06-01T18:05:49.324449,$GAGSV,15,,37
2026-06-01T18:05:49.324449,$GAGSV,32,,32
2026-06-01T18:05:49.325899,$GAGSV,34,,40
2026-06-01T18:05:49.327258,$GAGSV,03,,40
2026-06-01T18:05:49.327258,$GAGSV,08,,36
2026-06-01T18:05:49.327258,$GAGSV,15,,38
2026-06-01T18:05:49.327258,$GAGSV,32,,29
2026-06-01T18:05:49.327936,$GAGSV,34,,42
2026-06-01T18:05:49.330384,$GBGSV,06,,36
2026-06-01T18:05:49.330384,$GBGSV,07,,42
2026-06-01T18:05:49.330384,$GBGSV,09,,39
2026-06-01T18:05:49.330384,$GBGSV,10,,42
2026-06-01T18:05:49.331235,$GBGSV,13,,32
2026-06-01T18:05:49.331235,$GBGSV,25,,44
2026-06-01T18:05:49.331235,$GBGSV,28,,41
2026-06-01T18:05:49.331235,$GBGSV,33,,39
2026-06-01T18:05:49.331854,$GBGSV,09,,34
2026-06-01T18:05:49.331854,$GBGSV,10,,35
2026-06-01T18:05:50.300885,$GPGSV,10,,36
2026-06-01T18:05:50.300885,$GPGSV,12,,33
2026-06-01T18:05:50.300885,$GPGSV,13,,34
2026-06-01T18:05:50.300885,$GPGSV,18,,40
2026-06-01T18:05:50.303562,$GPGSV,23,,38
2026-06-01T18:05:50.303562,$GPGSV,25,,36
2026-06-01T18:05:50.303562,$GPGSV,28,,29
2026-06-01T18:05:50.303562,$GPGSV,32,,31
2026-06-01T18:05:50.305942,$GPGSV,41,,42
2026-06-01T18:05:50.305942,$GPGSV,42,,41
2026-06-01T18:05:50.305942,$GPGSV,50,,38
2026-06-01T18:05:50.307377,$GPGSV,13,,30
2026-06-01T18:05:50.309631,$GPGSV,10,,27
2026-06-01T18:05:50.309631,$GPGSV,12,,22
2026-06-01T18:05:50.309631,$GPGSV,18,,39
2026-06-01T18:05:50.309631,$GPGSV,23,,31
2026-06-01T18:05:50.311738,$GPGSV,25,,24
2026-06-01T18:05:50.311738,$GPGSV,28,,31
2026-06-01T18:05:50.311738,$GPGSV,32,,29
2026-06-01T18:05:50.317304,$GLGSV,65,,25
2026-06-01T18:05:50.317304,$GLGSV,75,,38
2026-06-01T18:05:50.317304,$GLGSV,76,,39
2026-06-01T18:05:50.317304,$GLGSV,86,,17
2026-06-01T18:05:50.318315,$GLGSV,87,,31
2026-06-01T18:05:50.318315,$GLGSV,88,,33
2026-06-01T18:05:50.319549,$GLGSV,75,,40
2026-06-01T18:05:50.319549,$GLGSV,76,,32
2026-06-01T18:05:50.319549,$GLGSV,86,,17
2026-06-01T18:05:50.319549,$GLGSV,88,,36
2026-06-01T18:05:50.321688,$GAGSV,03,,37
2026-06-01T18:05:50.321688,$GAGSV,08,,34
2026-06-01T18:05:50.321688,$GAGSV,15,,37
2026-06-01T18:05:50.321688,$GAGSV,32,,32
2026-06-01T18:05:50.323241,$GAGSV,34,,40
2026-06-01T18:05:50.324669,$GAGSV,03,,40
2026-06-01T18:05:50.324669,$GAGSV,08,,36
2026-06-01T18:05:50.324669,$GAGSV,15,,38
2026-06-01T18:05:50.324669,$GAGSV,32,,29
2026-06-01T18:05:50.325402,$GAGSV,34,,42
2026-06-01T18:05:50.328154,$GBGSV,06,,35
2026-06-01T18:05:50.328154,$GBGSV,07,,42
2026-06-01T18:05:50.328154,$GBGSV,09,,39
2026-06-01T18:05:50.328154,$GBGSV,10,,42
2026-06-01T18:05:50.328933,$GBGSV,13,,31
2026-06-01T18:05:50.328933,$GBGSV,25,,44
2026-06-01T18:05:50.328933,$GBGSV,28,,41
2026-06-01T18:05:50.328933,$GBGSV,33,,39
2026-06-01T18:05:50.329529,$GBGSV,09,,35
2026-06-01T18:05:50.329529,$GBGSV,10,,35
2026-06-01T18:05:51.298162,$GPGSV,10,,36
2026-06-01T18:05:51.298162,$GPGSV,12,,33
2026-06-01T18:05:51.298162,$GPGSV,13,,33
2026-06-01T18:05:51.298162,$GPGSV,18,,40
2026-06-01T18:05:51.300561,$GPGSV,23,,38
2026-06-01T18:05:51.300561,$GPGSV,25,,36
2026-06-01T18:05:51.300561,$GPGSV,28,,29
2026-06-01T18:05:51.300561,$GPGSV,32,,31
2026-06-01T18:05:51.302641,$GPGSV,41,,42
2026-06-01T18:05:51.302641,$GPGSV,42,,40
2026-06-01T18:05:51.302641,$GPGSV,50,,38
2026-06-01T18:05:51.303964,$GPGSV,13,,29
2026-06-01T18:05:51.306322,$GPGSV,10,,27
2026-06-01T18:05:51.306322,$GPGSV,12,,21
2026-06-01T18:05:51.306322,$GPGSV,18,,38
2026-06-01T18:05:51.306322,$GPGSV,23,,32
2026-06-01T18:05:51.308738,$GPGSV,25,,24
2026-06-01T18:05:51.308738,$GPGSV,28,,31
2026-06-01T18:05:51.308738,$GPGSV,32,,30
2026-06-01T18:05:51.314428,$GLGSV,65,,24
2026-06-01T18:05:51.314428,$GLGSV,75,,38
2026-06-01T18:05:51.314428,$GLGSV,76,,39
2026-06-01T18:05:51.314428,$GLGSV,86,,17
2026-06-01T18:05:51.315549,$GLGSV,87,,30
2026-06-01T18:05:51.315549,$GLGSV,88,,33
2026-06-01T18:05:51.317496,$GLGSV,75,,39
2026-06-01T18:05:51.317496,$GLGSV,76,,32
2026-06-01T18:05:51.317496,$GLGSV,86,,16
2026-06-01T18:05:51.317496,$GLGSV,88,,36
2026-06-01T18:05:51.320993,$GAGSV,03,,37
2026-06-01T18:05:51.320993,$GAGSV,08,,34
2026-06-01T18:05:51.320993,$GAGSV,15,,37
2026-06-01T18:05:51.320993,$GAGSV,32,,32
2026-06-01T18:05:51.322276,$GAGSV,34,,40
2026-06-01T18:05:51.324186,$GAGSV,03,,40
2026-06-01T18:05:51.324186,$GAGSV,08,,36
2026-06-01T18:05:51.324186,$GAGSV,15,,38
2026-06-01T18:05:51.324186,$GAGSV,32,,29
2026-06-01T18:05:51.325650,$GAGSV,34,,42
2026-06-01T18:05:51.328747,$GBGSV,06,,36
2026-06-01T18:05:51.328747,$GBGSV,07,,42
2026-06-01T18:05:51.328747,$GBGSV,09,,39
2026-06-01T18:05:51.328747,$GBGSV,10,,42
2026-06-01T18:05:51.329499,$GBGSV,13,,30
2026-06-01T18:05:51.329499,$GBGSV,25,,44
2026-06-01T18:05:51.329499,$GBGSV,28,,41
2026-06-01T18:05:51.329499,$GBGSV,33,,39
2026-06-01T18:05:51.329997,$GBGSV,09,,34
2026-06-01T18:05:51.329997,$GBGSV,10,,35
2026-06-01T18:05:52.303619,$GPGSV,10,,36
2026-06-01T18:05:52.303619,$GPGSV,12,,33
2026-06-01T18:05:52.303619,$GPGSV,13,,33
2026-06-01T18:05:52.303619,$GPGSV,18,,40
2026-06-01T18:05:52.306996,$GPGSV,23,,38
2026-06-01T18:05:52.306996,$GPGSV,25,,37
2026-06-01T18:05:52.306996,$GPGSV,28,,30
2026-06-01T18:05:52.306996,$GPGSV,32,,30
2026-06-01T18:05:52.310540,$GPGSV,41,,42
2026-06-01T18:05:52.310540,$GPGSV,42,,40
2026-06-01T18:05:52.310540,$GPGSV,50,,38
2026-06-01T18:05:52.313338,$GPGSV,13,,29
2026-06-01T18:05:52.318444,$GPGSV,10,,28
2026-06-01T18:05:52.318444,$GPGSV,12,,21
2026-06-01T18:05:52.318444,$GPGSV,18,,38
2026-06-01T18:05:52.318444,$GPGSV,23,,32
2026-06-01T18:05:52.320712,$GPGSV,25,,23
2026-06-01T18:05:52.320712,$GPGSV,28,,30
2026-06-01T18:05:52.320712,$GPGSV,32,,29
2026-06-01T18:05:52.327077,$GLGSV,65,,23
2026-06-01T18:05:52.327077,$GLGSV,75,,38
2026-06-01T18:05:52.327077,$GLGSV,76,,39
2026-06-01T18:05:52.327077,$GLGSV,86,,16
2026-06-01T18:05:52.327866,$GLGSV,87,,30
2026-06-01T18:05:52.327866,$GLGSV,88,,33
2026-06-01T18:05:52.328919,$GLGSV,75,,39
2026-06-01T18:05:52.328919,$GLGSV,76,,31
2026-06-01T18:05:52.328919,$GLGSV,86,,16
2026-06-01T18:05:52.328919,$GLGSV,88,,37
2026-06-01T18:05:52.330435,$GAGSV,03,,36
2026-06-01T18:05:52.330435,$GAGSV,08,,34
2026-06-01T18:05:52.330435,$GAGSV,15,,37
2026-06-01T18:05:52.330435,$GAGSV,32,,32
2026-06-01T18:05:52.330916,$GAGSV,34,,40
2026-06-01T18:05:52.331743,$GAGSV,03,,40
2026-06-01T18:05:52.331743,$GAGSV,08,,36
2026-06-01T18:05:52.331743,$GAGSV,15,,38
2026-06-01T18:05:52.331743,$GAGSV,32,,29
2026-06-01T18:05:52.332356,$GAGSV,34,,42
2026-06-01T18:05:52.334471,$GBGSV,06,,36
2026-06-01T18:05:52.334471,$GBGSV,07,,42
2026-06-01T18:05:52.334471,$GBGSV,09,,40
2026-06-01T18:05:52.334471,$GBGSV,10,,42
2026-06-01T18:05:52.335265,$GBGSV,13,,30
2026-06-01T18:05:52.335265,$GBGSV,25,,44
2026-06-01T18:05:52.335265,$GBGSV,28,,42
2026-06-01T18:05:52.335265,$GBGSV,33,,39
2026-06-01T18:05:52.335790,$GBGSV,09,,35
2026-06-01T18:05:52.335790,$GBGSV,10,,35
2026-06-01T18:05:53.301854,$GPGSV,10,,36
2026-06-01T18:05:53.301854,$GPGSV,12,,34
2026-06-01T18:05:53.301854,$GPGSV,13,,34
2026-06-01T18:05:53.301854,$GPGSV,18,,40
2026-06-01T18:05:53.304065,$GPGSV,23,,38
2026-06-01T18:05:53.304065,$GPGSV,25,,37
2026-06-01T18:05:53.304065,$GPGSV,28,,31
2026-06-01T18:05:53.304065,$GPGSV,32,,31
2026-06-01T18:05:53.305969,$GPGSV,41,,42
2026-06-01T18:05:53.305969,$GPGSV,42,,40
2026-06-01T18:05:53.305969,$GPGSV,50,,38
2026-06-01T18:05:53.307294,$GPGSV,13,,29
2026-06-01T18:05:53.309713,$GPGSV,10,,28
2026-06-01T18:05:53.309713,$GPGSV,12,,22
2026-06-01T18:05:53.309713,$GPGSV,18,,38
2026-06-01T18:05:53.309713,$GPGSV,23,,32
2026-06-01T18:05:53.311591,$GPGSV,25,,23
2026-06-01T18:05:53.311591,$GPGSV,28,,30
2026-06-01T18:05:53.311591,$GPGSV,32,,30
2026-06-01T18:05:53.317452,$GLGSV,65,,22
2026-06-01T18:05:53.317452,$GLGSV,75,,37
2026-06-01T18:05:53.317452,$GLGSV,76,,39
2026-06-01T18:05:53.317452,$GLGSV,86,,15
2026-06-01T18:05:53.319566,$GLGSV,87,,29
2026-06-01T18:05:53.319566,$GLGSV,88,,32
2026-06-01T18:05:53.321857,$GLGSV,75,,39
2026-06-01T18:05:53.321857,$GLGSV,76,,31
2026-06-01T18:05:53.321857,$GLGSV,86,,16
2026-06-01T18:05:53.321857,$GLGSV,88,,37
2026-06-01T18:05:53.324102,$GAGSV,03,,36
2026-06-01T18:05:53.324102,$GAGSV,08,,34
2026-06-01T18:05:53.324102,$GAGSV,15,,37
2026-06-01T18:05:53.324102,$GAGSV,32,,32
2026-06-01T18:05:53.325641,$GAGSV,34,,39
2026-06-01T18:05:53.327187,$GAGSV,03,,40
2026-06-01T18:05:53.327187,$GAGSV,08,,36
2026-06-01T18:05:53.327187,$GAGSV,15,,38
2026-06-01T18:05:53.327187,$GAGSV,32,,29
2026-06-01T18:05:53.327973,$GAGSV,34,,42
2026-06-01T18:05:53.330414,$GBGSV,06,,36
2026-06-01T18:05:53.330414,$GBGSV,07,,42
2026-06-01T18:05:53.330414,$GBGSV,09,,40
2026-06-01T18:05:53.330414,$GBGSV,10,,42
2026-06-01T18:05:53.331251,$GBGSV,13,,30
2026-06-01T18:05:53.331251,$GBGSV,25,,45
2026-06-01T18:05:53.331251,$GBGSV,28,,42
2026-06-01T18:05:53.331251,$GBGSV,33,,39
2026-06-01T18:05:53.331844,$GBGSV,09,,34
2026-06-01T18:05:53.331844,$GBGSV,10,,35
2026-06-01T18:05:54.304504,$GPGSV,10,,36
2026-06-01T18:05:54.304504,$GPGSV,12,,34
2026-06-01T18:05:54.304504,$GPGSV,13,,34
2026-06-01T18:05:54.304504,$GPGSV,18,,39
2026-06-01T18:05:54.307096,$GPGSV,23,,38
2026-06-01T18:05:54.307096,$GPGSV,25,,37
2026-06-01T18:05:54.307096,$GPGSV,28,,30
2026-06-01T18:05:54.307096,$GPGSV,32,,32
2026-06-01T18:05:54.309154,$GPGSV,41,,42
2026-06-01T18:05:54.309154,$GPGSV,42,,40
2026-06-01T18:05:54.309154,$GPGSV,50,,38
2026-06-01T18:05:54.310445,$GPGSV,13,,29
2026-06-01T18:05:54.312873,$GPGSV,10,,28
2026-06-01T18:05:54.312873,$GPGSV,12,,22
2026-06-01T18:05:54.312873,$GPGSV,18,,38
2026-06-01T18:05:54.312873,$GPGSV,23,,33
2026-06-01T18:05:54.315757,$GPGSV,25,,23
2026-06-01T18:05:54.315757,$GPGSV,28,,30
2026-06-01T18:05:54.315757,$GPGSV,32,,30
2026-06-01T18:05:54.321554,$GLGSV,65,,23
2026-06-01T18:05:54.321554,$GLGSV,75,,38
2026-06-01T18:05:54.321554,$GLGSV,76,,39
2026-06-01T18:05:54.321554,$GLGSV,86,,14
2026-06-01T18:05:54.323169,$GLGSV,87,,29
2026-06-01T18:05:54.323169,$GLGSV,88,,33
2026-06-01T18:05:54.325817,$GLGSV,75,,39
2026-06-01T18:05:54.325817,$GLGSV,76,,32
2026-06-01T18:05:54.325817,$GLGSV,86,,15
2026-06-01T18:05:54.325817,$GLGSV,88,,37
2026-06-01T18:05:54.329030,$GAGSV,03,,36
2026-06-01T18:05:54.329030,$GAGSV,08,,34
2026-06-01T18:05:54.329030,$GAGSV,15,,37
2026-06-01T18:05:54.329030,$GAGSV,32,,32
2026-06-01T18:05:54.329953,$GAGSV,34,,39
2026-06-01T18:05:54.331008,$GAGSV,03,,40
2026-06-01T18:05:54.331008,$GAGSV,08,,35
2026-06-01T18:05:54.331008,$GAGSV,15,,38
2026-06-01T18:05:54.331008,$GAGSV,32,,30
2026-06-01T18:05:54.331634,$GAGSV,34,,42
2026-06-01T18:05:54.334477,$GBGSV,06,,36
2026-06-01T18:05:54.334477,$GBGSV,07,,42
2026-06-01T18:05:54.334477,$GBGSV,09,,40
2026-06-01T18:05:54.334477,$GBGSV,10,,42
2026-06-01T18:05:54.335371,$GBGSV,13,,29
2026-06-01T18:05:54.335371,$GBGSV,25,,45
2026-06-01T18:05:54.335371,$GBGSV,28,,42
2026-06-01T18:05:54.335371,$GBGSV,33,,39
2026-06-01T18:05:54.335978,$GBGSV,09,,35
2026-06-01T18:05:54.335978,$GBGSV,10,,35
2026-06-01T18:05:55.306877,$GPGSV,10,,36
2026-06-01T18:05:55.306877,$GPGSV,12,,34
2026-06-01T18:05:55.306877,$GPGSV,13,,33
2026-06-01T18:05:55.306877,$GPGSV,18,,39
2026-06-01T18:05:55.309684,$GPGSV,23,,38
2026-06-01T18:05:55.309684,$GPGSV,25,,37
2026-06-01T18:05:55.309684,$GPGSV,28,,29
2026-06-01T18:05:55.309684,$GPGSV,32,,31
2026-06-01T18:05:55.311610,$GPGSV,41,,42
2026-06-01T18:05:55.311610,$GPGSV,42,,40
2026-06-01T18:05:55.311610,$GPGSV,50,,38
2026-06-01T18:05:55.312880,$GPGSV,13,,29
2026-06-01T18:05:55.315094,$GPGSV,10,,28
2026-06-01T18:05:55.315094,$GPGSV,12,,23
2026-06-01T18:05:55.315094,$GPGSV,18,,38
2026-06-01T18:05:55.315094,$GPGSV,23,,33
2026-06-01T18:05:55.317601,$GPGSV,25,,23
2026-06-01T18:05:55.317601,$GPGSV,28,,31
2026-06-01T18:05:55.317601,$GPGSV,32,,30
2026-06-01T18:05:55.323984,$GLGSV,65,,22
2026-06-01T18:05:55.323984,$GLGSV,75,,38
2026-06-01T18:05:55.323984,$GLGSV,76,,38
2026-06-01T18:05:55.323984,$GLGSV,86,,12
2026-06-01T18:05:55.325034,$GLGSV,87,,28
2026-06-01T18:05:55.325034,$GLGSV,88,,34
2026-06-01T18:05:55.326508,$GLGSV,75,,39
2026-06-01T18:05:55.326508,$GLGSV,76,,32
2026-06-01T18:05:55.326508,$GLGSV,86,,15
2026-06-01T18:05:55.326508,$GLGSV,88,,38
2026-06-01T18:05:55.330621,$GAGSV,03,,36
2026-06-01T18:05:55.330621,$GAGSV,08,,34
2026-06-01T18:05:55.330621,$GAGSV,15,,37
2026-06-01T18:05:55.330621,$GAGSV,32,,32
2026-06-01T18:05:55.331225,$GAGSV,34,,39
2026-06-01T18:05:55.332229,$GAGSV,03,,40
2026-06-01T18:05:55.332229,$GAGSV,08,,35
2026-06-01T18:05:55.332229,$GAGSV,15,,38
2026-06-01T18:05:55.332229,$GAGSV,32,,30
2026-06-01T18:05:55.332839,$GAGSV,34,,42
2026-06-01T18:05:55.335239,$GBGSV,06,,36
2026-06-01T18:05:55.335239,$GBGSV,07,,42
2026-06-01T18:05:55.335239,$GBGSV,09,,39
2026-06-01T18:05:55.335239,$GBGSV,10,,42
2026-06-01T18:05:55.336082,$GBGSV,13,,28
2026-06-01T18:05:55.336082,$GBGSV,25,,44
2026-06-01T18:05:55.336082,$GBGSV,28,,42
2026-06-01T18:05:55.336082,$GBGSV,33,,39
2026-06-01T18:05:55.336665,$GBGSV,09,,35
2026-06-01T18:05:55.336665,$GBGSV,10,,35
2026-06-01T18:05:56.303366,$GPGSV,10,,35
2026-06-01T18:05:56.303366,$GPGSV,12,,33
2026-06-01T18:05:56.303366,$GPGSV,13,,33
2026-06-01T18:05:56.303366,$GPGSV,15,,23
2026-06-01T18:05:56.305876,$GPGSV,18,,39
2026-06-01T18:05:56.305876,$GPGSV,23,,37
2026-06-01T18:05:56.305876,$GPGSV,25,,36
2026-06-01T18:05:56.305876,$GPGSV,28,,29
2026-06-01T18:05:56.308095,$GPGSV,32,,31
2026-06-01T18:05:56.308095,$GPGSV,41,,42
2026-06-01T18:05:56.308095,$GPGSV,42,,40
2026-06-01T18:05:56.308095,$GPGSV,50,,38
2026-06-01T18:05:56.310159,$GPGSV,13,,29
2026-06-01T18:05:56.312355,$GPGSV,10,,28
2026-06-01T18:05:56.312355,$GPGSV,12,,23
2026-06-01T18:05:56.312355,$GPGSV,18,,38
2026-06-01T18:05:56.312355,$GPGSV,23,,33
2026-06-01T18:05:56.314656,$GPGSV,25,,23
2026-06-01T18:05:56.314656,$GPGSV,28,,30
2026-06-01T18:05:56.314656,$GPGSV,32,,30
2026-06-01T18:05:56.320029,$GLGSV,65,,22
2026-06-01T18:05:56.320029,$GLGSV,75,,37
2026-06-01T18:05:56.320029,$GLGSV,76,,38
2026-06-01T18:05:56.320029,$GLGSV,86,,13
2026-06-01T18:05:56.321760,$GLGSV,87,,28
2026-06-01T18:05:56.321760,$GLGSV,88,,34
2026-06-01T18:05:56.323668,$GLGSV,75,,39
2026-06-01T18:05:56.323668,$GLGSV,76,,32
2026-06-01T18:05:56.323668,$GLGSV,86,,16
2026-06-01T18:05:56.323668,$GLGSV,88,,37
2026-06-01T18:05:56.326562,$GAGSV,03,,37
2026-06-01T18:05:56.326562,$GAGSV,08,,34
2026-06-01T18:05:56.326562,$GAGSV,15,,37
2026-06-01T18:05:56.326562,$GAGSV,32,,32
2026-06-01T18:05:56.327182,$GAGSV,34,,39
2026-06-01T18:05:56.328720,$GAGSV,03,,40
2026-06-01T18:05:56.328720,$GAGSV,08,,35
2026-06-01T18:05:56.328720,$GAGSV,15,,38
2026-06-01T18:05:56.328720,$GAGSV,32,,31
2026-06-01T18:05:56.329322,$GAGSV,34,,42
2026-06-01T18:05:56.331552,$GBGSV,06,,36
2026-06-01T18:05:56.331552,$GBGSV,07,,42
2026-06-01T18:05:56.331552,$GBGSV,09,,39
2026-06-01T18:05:56.331552,$GBGSV,10,,42
2026-06-01T18:05:56.332384,$GBGSV,13,,28
2026-06-01T18:05:56.332384,$GBGSV,25,,44
2026-06-01T18:05:56.332384,$GBGSV,28,,42
2026-06-01T18:05:56.332384,$GBGSV,33,,39
2026-06-01T18:05:56.332974,$GBGSV,09,,34
2026-06-01T18:05:56.332974,$GBGSV,10,,35
2026-06-01T18:05:57.308086,$GPGSV,10,,38
2026-06-01T18:05:57.308086,$GPGSV,12,,33
2026-06-01T18:05:57.308086,$GPGSV,13,,32
2026-06-01T18:05:57.308086,$GPGSV,18,,41
2026-06-01T18:05:57.310376,$GPGSV,23,,37
2026-06-01T18:05:57.310376,$GPGSV,25,,33
2026-06-01T18:05:57.310376,$GPGSV,28,,29
2026-06-01T18:05:57.310376,$GPGSV,31,,21
2026-06-01T18:05:57.312555,$GPGSV,32,,32
2026-06-01T18:05:57.312555,$GPGSV,41,,40
2026-06-01T18:05:57.312555,$GPGSV,42,,41
2026-06-01T18:05:57.312555,$GPGSV,50,,36
2026-06-01T18:05:57.313879,$GPGSV,13,,30
2026-06-01T18:05:57.317384,$GPGSV,10,,28
2026-06-01T18:05:57.317384,$GPGSV,12,,24
2026-06-01T18:05:57.317384,$GPGSV,18,,40
2026-06-01T18:05:57.317384,$GPGSV,23,,33
2026-06-01T18:05:57.319401,$GPGSV,25,,24
2026-06-01T18:05:57.319401,$GPGSV,28,,30
2026-06-01T18:05:57.319401,$GPGSV,32,,30
2026-06-01T18:05:57.324028,$GLGSV,65,,25
2026-06-01T18:05:57.324028,$GLGSV,75,,39
2026-06-01T18:05:57.324028,$GLGSV,76,,38
2026-06-01T18:05:57.324028,$GLGSV,86,,10
2026-06-01T18:05:57.325379,$GLGSV,87,,28
2026-06-01T18:05:57.325379,$GLGSV,88,,34
2026-06-01T18:05:57.327846,$GLGSV,66,,31
2026-06-01T18:05:57.327846,$GLGSV,75,,39
2026-06-01T18:05:57.327846,$GLGSV,76,,33
2026-06-01T18:05:57.327846,$GLGSV,86,,14
2026-06-01T18:05:57.328772,$GLGSV,88,,34
2026-06-01T18:05:57.330720,$GAGSV,03,,35
2026-06-01T18:05:57.330720,$GAGSV,08,,33
2026-06-01T18:05:57.330720,$GAGSV,15,,37
2026-06-01T18:05:57.330720,$GAGSV,32,,32
2026-06-01T18:05:57.331340,$GAGSV,34,,40
2026-06-01T18:05:57.332352,$GAGSV,03,,39
2026-06-01T18:05:57.332352,$GAGSV,08,,31
2026-06-01T18:05:57.332352,$GAGSV,15,,40
2026-06-01T18:05:57.332352,$GAGSV,32,,30
2026-06-01T18:05:57.332905,$GAGSV,34,,40
2026-06-01T18:05:57.335337,$GBGSV,06,,36
2026-06-01T18:05:57.335337,$GBGSV,07,,42
2026-06-01T18:05:57.335337,$GBGSV,09,,39
2026-06-01T18:05:57.335337,$GBGSV,10,,44
2026-06-01T18:05:57.336215,$GBGSV,13,,32
2026-06-01T18:05:57.336215,$GBGSV,25,,43
2026-06-01T18:05:57.336215,$GBGSV,28,,36
2026-06-01T18:05:57.336215,$GBGSV,33,,40
2026-06-01T18:05:57.336847,$GBGSV,09,,37
2026-06-01T18:05:57.336847,$GBGSV,10,,36
2026-06-01T18:05:58.303469,$GPGSV,10,,38
2026-06-01T18:05:58.303469,$GPGSV,12,,31
2026-06-01T18:05:58.303469,$GPGSV,13,,33
2026-06-01T18:05:58.303469,$GPGSV,18,,41
2026-06-01T18:05:58.306215,$GPGSV,23,,37
2026-06-01T18:05:58.306215,$GPGSV,25,,36
2026-06-01T18:05:58.306215,$GPGSV,28,,34
2026-06-01T18:05:58.306215,$GPGSV,32,,33
2026-06-01T18:05:58.307977,$GPGSV,41,,40
2026-06-01T18:05:58.307977,$GPGSV,42,,41
2026-06-01T18:05:58.307977,$GPGSV,50,,35
2026-06-01T18:05:58.309085,$GPGSV,13,,30
2026-06-01T18:05:58.311555,$GPGSV,10,,28
2026-06-01T18:05:58.311555,$GPGSV,12,,25
2026-06-01T18:05:58.311555,$GPGSV,18,,40
2026-06-01T18:05:58.311555,$GPGSV,23,,32
2026-06-01T18:05:58.314016,$GPGSV,25,,25
2026-06-01T18:05:58.314016,$GPGSV,28,,32
2026-06-01T18:05:58.314016,$GPGSV,32,,31
2026-06-01T18:05:58.316918,$GLGSV,65,,26
2026-06-01T18:05:58.316918,$GLGSV,75,,38
2026-06-01T18:05:58.316918,$GLGSV,76,,39
2026-06-01T18:05:58.316918,$GLGSV,86,,08
2026-06-01T18:05:58.317642,$GLGSV,87,,25
2026-06-01T18:05:58.317642,$GLGSV,88,,33
2026-06-01T18:05:58.318425,$GLGSV,66,,32
2026-06-01T18:05:58.318425,$GLGSV,75,,39
2026-06-01T18:05:58.318425,$GLGSV,76,,33
2026-06-01T18:05:58.318425,$GLGSV,86,,14
2026-06-01T18:05:58.319885,$GLGSV,88,,34
2026-06-01T18:05:58.321710,$GAGSV,03,,35
2026-06-01T18:05:58.321710,$GAGSV,08,,31
2026-06-01T18:05:58.321710,$GAGSV,15,,37
2026-06-01T18:05:58.321710,$GAGSV,32,,33
2026-06-01T18:05:58.322492,$GAGSV,34,,40
2026-06-01T18:05:58.323766,$GAGSV,03,,39
2026-06-01T18:05:58.323766,$GAGSV,08,,32
2026-06-01T18:05:58.323766,$GAGSV,15,,39
2026-06-01T18:05:58.323766,$GAGSV,32,,32
2026-06-01T18:05:58.324523,$GAGSV,34,,41
2026-06-01T18:05:58.329920,$GBGSV,06,,36
2026-06-01T18:05:58.329920,$GBGSV,07,,42
2026-06-01T18:05:58.329920,$GBGSV,09,,40
2026-06-01T18:05:58.329920,$GBGSV,10,,44
2026-06-01T18:05:58.332146,$GBGSV,13,,08
2026-06-01T18:05:58.332146,$GBGSV,25,,43
2026-06-01T18:05:58.332146,$GBGSV,28,,35
2026-06-01T18:05:58.332146,$GBGSV,33,,38
2026-06-01T18:05:58.333465,$GBGSV,09,,36
2026-06-01T18:05:58.333465,$GBGSV,10,,37
2026-06-01T18:05:59.299943,$GPGSV,10,,28
2026-06-01T18:05:59.299943,$GPGSV,12,,33
2026-06-01T18:05:59.299943,$GPGSV,13,,34
2026-06-01T18:05:59.299943,$GPGSV,18,,40
2026-06-01T18:05:59.303898,$GPGSV,23,,39
2026-06-01T18:05:59.303898,$GPGSV,25,,34
2026-06-01T18:05:59.303898,$GPGSV,28,,34
2026-06-01T18:05:59.303898,$GPGSV,32,,29
2026-06-01T18:05:59.307614,$GPGSV,41,,39
2026-06-01T18:05:59.307614,$GPGSV,42,,41
2026-06-01T18:05:59.307614,$GPGSV,50,,35
2026-06-01T18:05:59.310210,$GPGSV,13,,31
2026-06-01T18:05:59.313608,$GPGSV,10,,28
2026-06-01T18:05:59.313608,$GPGSV,12,,24
2026-06-01T18:05:59.313608,$GPGSV,18,,35
2026-06-01T18:05:59.313608,$GPGSV,23,,35
2026-06-01T18:05:59.316114,$GPGSV,25,,25
2026-06-01T18:05:59.316114,$GPGSV,28,,30
2026-06-01T18:05:59.316114,$GPGSV,32,,29
2026-06-01T18:05:59.320541,$GLGSV,65,,26
2026-06-01T18:05:59.320541,$GLGSV,75,,33
2026-06-01T18:05:59.320541,$GLGSV,76,,38
2026-06-01T18:05:59.320541,$GLGSV,87,,26
2026-06-01T18:05:59.321517,$GLGSV,88,,25
2026-06-01T18:05:59.322610,$GLGSV,66,,28
2026-06-01T18:05:59.322610,$GLGSV,75,,37
2026-06-01T18:05:59.322610,$GLGSV,76,,33
2026-06-01T18:05:59.322610,$GLGSV,86,,14
2026-06-01T18:05:59.323116,$GLGSV,88,,33
2026-06-01T18:05:59.324772,$GAGSV,03,,38
2026-06-01T18:05:59.324772,$GAGSV,08,,26
2026-06-01T18:05:59.324772,$GAGSV,15,,37
2026-06-01T18:05:59.324772,$GAGSV,32,,36
2026-06-01T18:05:59.325327,$GAGSV,34,,39
2026-06-01T18:05:59.327035,$GAGSV,03,,39
2026-06-01T18:05:59.327035,$GAGSV,08,,31
2026-06-01T18:05:59.327035,$GAGSV,15,,37
2026-06-01T18:05:59.327035,$GAGSV,32,,35
2026-06-01T18:05:59.328628,$GAGSV,34,,39
2026-06-01T18:05:59.332002,$GBGSV,06,,38
2026-06-01T18:05:59.332002,$GBGSV,07,,43
2026-06-01T18:05:59.332002,$GBGSV,09,,39
2026-06-01T18:05:59.332002,$GBGSV,10,,41
2026-06-01T18:05:59.332687,$GBGSV,13,,26
2026-06-01T18:05:59.332687,$GBGSV,25,,43
2026-06-01T18:05:59.332687,$GBGSV,28,,37
2026-06-01T18:05:59.332687,$GBGSV,33,,38
2026-06-01T18:05:59.333132,$GBGSV,09,,36
2026-06-01T18:05:59.333132,$GBGSV,10,,35
2026-06-01T18:06:00.300432,$GPGSV,10,,32
2026-06-01T18:06:00.300432,$GPGSV,12,,30
2026-06-01T18:06:00.300432,$GPGSV,13,,31
2026-06-01T18:06:00.300432,$GPGSV,18,,38
2026-06-01T18:06:00.304802,$GPGSV,23,,41
2026-06-01T18:06:00.304802,$GPGSV,25,,33
2026-06-01T18:06:00.304802,$GPGSV,28,,33
2026-06-01T18:06:00.304802,$GPGSV,32,,35
2026-06-01T18:06:00.308176,$GPGSV,41,,38
2026-06-01T18:06:00.308176,$GPGSV,42,,41
2026-06-01T18:06:00.308176,$GPGSV,50,,35
2026-06-01T18:06:00.309800,$GPGSV,13,,26
2026-06-01T18:06:00.312596,$GPGSV,10,,29
2026-06-01T18:06:00.312596,$GPGSV,12,,30
2026-06-01T18:06:00.312596,$GPGSV,18,,40
2026-06-01T18:06:00.312596,$GPGSV,23,,38
2026-06-01T18:06:00.314706,$GPGSV,25,,26
2026-06-01T18:06:00.314706,$GPGSV,28,,34
2026-06-01T18:06:00.314706,$GPGSV,32,,28
2026-06-01T18:06:00.318841,$GLGSV,65,,27
2026-06-01T18:06:00.318841,$GLGSV,75,,33
2026-06-01T18:06:00.318841,$GLGSV,76,,35
2026-06-01T18:06:00.318841,$GLGSV,87,,32
2026-06-01T18:06:00.319781,$GLGSV,88,,32
2026-06-01T18:06:00.321361,$GLGSV,66,,35
2026-06-01T18:06:00.321361,$GLGSV,75,,37
2026-06-01T18:06:00.321361,$GLGSV,76,,33
2026-06-01T18:06:00.321361,$GLGSV,86,,14
2026-06-01T18:06:00.322390,$GLGSV,88,,33
2026-06-01T18:06:00.325994,$GAGSV,03,,35
2026-06-01T18:06:00.325994,$GAGSV,08,,31
2026-06-01T18:06:00.325994,$GAGSV,15,,40
2026-06-01T18:06:00.325994,$GAGSV,32,,36
2026-06-01T18:06:00.326698,$GAGSV,34,,41
2026-06-01T18:06:00.327887,$GAGSV,03,,40
2026-06-01T18:06:00.327887,$GAGSV,08,,31
2026-06-01T18:06:00.327887,$GAGSV,15,,39
2026-06-01T18:06:00.327887,$GAGSV,32,,32
2026-06-01T18:06:00.328470,$GAGSV,34,,39
2026-06-01T18:06:00.330475,$GBGSV,06,,39
2026-06-01T18:06:00.330475,$GBGSV,07,,41
2026-06-01T18:06:00.330475,$GBGSV,09,,40
2026-06-01T18:06:00.330475,$GBGSV,10,,41
2026-06-01T18:06:00.331327,$GBGSV,13,,33
2026-06-01T18:06:00.331327,$GBGSV,25,,42
2026-06-01T18:06:00.331327,$GBGSV,28,,41
2026-06-01T18:06:00.331327,$GBGSV,33,,38
2026-06-01T18:06:00.332167,$GBGSV,09,,36
2026-06-01T18:06:00.332167,$GBGSV,10,,38
2026-06-01T18:06:01.302835,$GPGSV,10,,32
2026-06-01T18:06:01.302835,$GPGSV,12,,26
2026-06-01T18:06:01.302835,$GPGSV,13,,24
2026-06-01T18:06:01.302835,$GPGSV,18,,40
2026-06-01T18:06:01.303955,$GPGSV,23,,36
2026-06-01T18:06:01.303955,$GPGSV,25,,30
2026-06-01T18:06:01.303955,$GPGSV,28,,29
2026-06-01T18:06:01.303955,$GPGSV,32,,26
2026-06-01T18:06:01.305027,$GPGSV,41,,40
2026-06-01T18:06:01.305027,$GPGSV,42,,40
2026-06-01T18:06:01.305027,$GPGSV,50,,32
2026-06-01T18:06:01.305701,$GPGSV,13,,25
2026-06-01T18:06:01.306774,$GPGSV,10,,28
2026-06-01T18:06:01.306774,$GPGSV,12,,18
2026-06-01T18:06:01.306774,$GPGSV,18,,38
2026-06-01T18:06:01.306774,$GPGSV,23,,37
2026-06-01T18:06:01.307679,$GPGSV,25,,28
2026-06-01T18:06:01.307679,$GPGSV,28,,34
2026-06-01T18:06:01.307679,$GPGSV,32,,27
2026-06-01T18:06:01.309988,$GLGSV,65,,25
2026-06-01T18:06:01.309988,$GLGSV,75,,29
2026-06-01T18:06:01.309988,$GLGSV,76,,33
2026-06-01T18:06:01.309988,$GLGSV,87,,35
2026-06-01T18:06:01.310595,$GLGSV,88,,26
2026-06-01T18:06:01.312388,$GLGSV,66,,35
2026-06-01T18:06:01.312388,$GLGSV,75,,23
2026-06-01T18:06:01.312388,$GLGSV,76,,34
2026-06-01T18:06:01.312388,$GLGSV,86,,14
2026-06-01T18:06:01.313615,$GLGSV,88,,28
2026-06-01T18:06:01.315105,$GAGSV,03,,39
2026-06-01T18:06:01.315105,$GAGSV,08,,32
2026-06-01T18:06:01.315105,$GAGSV,15,,40
2026-06-01T18:06:01.315105,$GAGSV,32,,33
2026-06-01T18:06:01.315570,$GAGSV,34,,41
2026-06-01T18:06:01.316599,$GAGSV,03,,39
2026-06-01T18:06:01.316599,$GAGSV,08,,31
2026-06-01T18:06:01.316599,$GAGSV,15,,41
2026-06-01T18:06:01.316599,$GAGSV,32,,32
2026-06-01T18:06:01.317305,$GAGSV,34,,42
2026-06-01T18:06:01.321841,$GBGSV,06,,37
2026-06-01T18:06:01.321841,$GBGSV,07,,40
2026-06-01T18:06:01.321841,$GBGSV,09,,39
2026-06-01T18:06:01.321841,$GBGSV,10,,43
2026-06-01T18:06:01.323088,$GBGSV,13,,32
2026-06-01T18:06:01.323088,$GBGSV,25,,39
2026-06-01T18:06:01.323088,$GBGSV,28,,40
2026-06-01T18:06:01.323088,$GBGSV,33,,39
2026-06-01T18:06:01.323728,$GBGSV,09,,36
2026-06-01T18:06:01.323728,$GBGSV,10,,38
2026-06-01T18:06:02.305788,$GPGSV,10,,35
2026-06-01T18:06:02.305788,$GPGSV,12,,26
2026-06-01T18:06:02.305788,$GPGSV,13,,23
2026-06-01T18:06:02.305788,$GPGSV,18,,38
2026-06-01T18:06:02.307065,$GPGSV,23,,39
2026-06-01T18:06:02.307065,$GPGSV,25,,30
2026-06-01T18:06:02.307065,$GPGSV,28,,36
2026-06-01T18:06:02.307065,$GPGSV,32,,26
2026-06-01T18:06:02.308105,$GPGSV,41,,37
2026-06-01T18:06:02.308105,$GPGSV,42,,41
2026-06-01T18:06:02.308105,$GPGSV,50,,31
2026-06-01T18:06:02.308824,$GPGSV,13,,24
2026-06-01T18:06:02.309905,$GPGSV,10,,27
2026-06-01T18:06:02.309905,$GPGSV,12,,19
2026-06-01T18:06:02.309905,$GPGSV,18,,39
2026-06-01T18:06:02.309905,$GPGSV,23,,37
2026-06-01T18:06:02.311272,$GPGSV,25,,28
2026-06-01T18:06:02.311272,$GPGSV,28,,34
2026-06-01T18:06:02.311272,$GPGSV,32,,25
2026-06-01T18:06:02.315030,$GLGSV,65,,26
2026-06-01T18:06:02.315030,$GLGSV,75,,23
2026-06-01T18:06:02.315030,$GLGSV,76,,36
2026-06-01T18:06:02.315030,$GLGSV,87,,36
2026-06-01T18:06:02.315622,$GLGSV,88,,27
2026-06-01T18:06:02.316734,$GLGSV,66,,35
2026-06-01T18:06:02.316734,$GLGSV,75,,23
2026-06-01T18:06:02.316734,$GLGSV,76,,40
2026-06-01T18:06:02.316734,$GLGSV,86,,16
2026-06-01T18:06:02.317461,$GLGSV,88,,35
2026-06-01T18:06:02.320479,$GAGSV,03,,37
2026-06-01T18:06:02.320479,$GAGSV,08,,31
2026-06-01T18:06:02.320479,$GAGSV,15,,42
2026-06-01T18:06:02.320479,$GAGSV,32,,37
2026-06-01T18:06:02.321406,$GAGSV,34,,38
2026-06-01T18:06:02.322559,$GAGSV,03,,39
2026-06-01T18:06:02.322559,$GAGSV,08,,27
2026-06-01T18:06:02.322559,$GAGSV,15,,40
2026-06-01T18:06:02.322559,$GAGSV,32,,38
2026-06-01T18:06:02.323080,$GAGSV,34,,41
2026-06-01T18:06:02.325763,$GBGSV,06,,40
2026-06-01T18:06:02.325763,$GBGSV,07,,40
2026-06-01T18:06:02.325763,$GBGSV,09,,39
2026-06-01T18:06:02.325763,$GBGSV,10,,39
2026-06-01T18:06:02.327610,$GBGSV,13,,40
2026-06-01T18:06:02.327610,$GBGSV,25,,37
2026-06-01T18:06:02.327610,$GBGSV,28,,39
2026-06-01T18:06:02.327610,$GBGSV,33,,41
2026-06-01T18:06:02.328456,$GBGSV,09,,35
2026-06-01T18:06:02.328456,$GBGSV,10,,36
2026-06-01T18:06:03.296544,$GPGSV,10,,37
2026-06-01T18:06:03.296544,$GPGSV,12,,30
2026-06-01T18:06:03.296544,$GPGSV,13,,30
2026-06-01T18:06:03.296544,$GPGSV,18,,39
2026-06-01T18:06:03.298776,$GPGSV,23,,42
2026-06-01T18:06:03.298776,$GPGSV,25,,31
2026-06-01T18:06:03.298776,$GPGSV,28,,38
2026-06-01T18:06:03.298776,$GPGSV,32,,35
2026-06-01T18:06:03.300898,$GPGSV,41,,41
2026-06-01T18:06:03.300898,$GPGSV,42,,40
2026-06-01T18:06:03.300898,$GPGSV,50,,31
2026-06-01T18:06:03.301921,$GPGSV,13,,25
2026-06-01T18:06:03.303015,$GPGSV,10,,33
2026-06-01T18:06:03.303015,$GPGSV,12,,19
2026-06-01T18:06:03.303015,$GPGSV,18,,37
2026-06-01T18:06:03.303015,$GPGSV,23,,37
2026-06-01T18:06:03.304013,$GPGSV,25,,27
2026-06-01T18:06:03.304013,$GPGSV,28,,28
2026-06-01T18:06:03.304013,$GPGSV,32,,25
2026-06-01T18:06:03.306918,$GLGSV,65,,27
2026-06-01T18:06:03.306918,$GLGSV,75,,34
2026-06-01T18:06:03.306918,$GLGSV,76,,33
2026-06-01T18:06:03.306918,$GLGSV,87,,34
2026-06-01T18:06:03.307679,$GLGSV,88,,32
2026-06-01T18:06:03.308791,$GLGSV,66,,32
2026-06-01T18:06:03.308791,$GLGSV,75,,37
2026-06-01T18:06:03.308791,$GLGSV,76,,32
2026-06-01T18:06:03.308791,$GLGSV,86,,17
2026-06-01T18:06:03.309596,$GLGSV,88,,32
2026-06-01T18:06:03.311309,$GAGSV,03,,37
2026-06-01T18:06:03.311309,$GAGSV,08,,33
2026-06-01T18:06:03.311309,$GAGSV,15,,37
2026-06-01T18:06:03.311309,$GAGSV,32,,37
2026-06-01T18:06:03.311872,$GAGSV,34,,40
2026-06-01T18:06:03.313563,$GAGSV,03,,37
2026-06-01T18:06:03.313563,$GAGSV,08,,31
2026-06-01T18:06:03.313563,$GAGSV,15,,42
2026-06-01T18:06:03.313563,$GAGSV,32,,37
2026-06-01T18:06:03.314502,$GAGSV,34,,39
2026-06-01T18:06:03.320181,$GBGSV,06,,39
2026-06-01T18:06:03.320181,$GBGSV,07,,40
2026-06-01T18:06:03.320181,$GBGSV,09,,39
2026-06-01T18:06:03.320181,$GBGSV,10,,41
2026-06-01T18:06:03.322306,$GBGSV,13,,39
2026-06-01T18:06:03.322306,$GBGSV,25,,41
2026-06-01T18:06:03.322306,$GBGSV,28,,36
2026-06-01T18:06:03.322306,$GBGSV,33,,40
2026-06-01T18:06:03.323178,$GBGSV,09,,34
2026-06-01T18:06:03.323178,$GBGSV,10,,35
2026-06-01T18:06:04.306569,$GPGSV,10,,32
2026-06-01T18:06:04.306569,$GPGSV,12,,33
2026-06-01T18:06:04.306569,$GPGSV,13,,30
2026-06-01T18:06:04.306569,$GPGSV,18,,39
2026-06-01T18:06:04.308476,$GPGSV,23,,40
2026-06-01T18:06:04.308476,$GPGSV,25,,29
2026-06-01T18:06:04.308476,$GPGSV,28,,35
2026-06-01T18:06:04.308476,$GPGSV,32,,35
2026-06-01T18:06:04.310235,$GPGSV,41,,41
2026-06-01T18:06:04.310235,$GPGSV,42,,41
2026-06-01T18:06:04.310235,$GPGSV,50,,29
2026-06-01T18:06:04.311309,$GPGSV,13,,25
2026-06-01T18:06:04.312800,$GPGSV,10,,33
2026-06-01T18:06:04.312800,$GPGSV,12,,24
2026-06-01T18:06:04.312800,$GPGSV,18,,37
2026-06-01T18:06:04.312800,$GPGSV,23,,37
2026-06-01T18:06:04.313904,$GPGSV,25,,27
2026-06-01T18:06:04.313904,$GPGSV,28,,33
2026-06-01T18:06:04.313904,$GPGSV,32,,26
2026-06-01T18:06:04.318766,$GLGSV,65,,28
2026-06-01T18:06:04.318766,$GLGSV,75,,30
2026-06-01T18:06:04.318766,$GLGSV,76,,29
2026-06-01T18:06:04.318766,$GLGSV,87,,34
2026-06-01T18:06:04.320575,$GLGSV,88,,37
2026-06-01T18:06:04.322704,$GLGSV,66,,34
2026-06-01T18:06:04.322704,$GLGSV,75,,37
2026-06-01T18:06:04.322704,$GLGSV,76,,36
2026-06-01T18:06:04.322704,$GLGSV,86,,18
2026-06-01T18:06:04.323514,$GLGSV,88,,36
2026-06-01T18:06:04.325006,$GAGSV,03,,38
2026-06-01T18:06:04.325006,$GAGSV,08,,27
2026-06-01T18:06:04.325006,$GAGSV,15,,38
2026-06-01T18:06:04.325006,$GAGSV,32,,37
2026-06-01T18:06:04.325995,$GAGSV,34,,40
2026-06-01T18:06:04.328832,$GAGSV,03,,39
2026-06-01T18:06:04.328832,$GAGSV,08,,29
2026-06-01T18:06:04.328832,$GAGSV,15,,38
2026-06-01T18:06:04.328832,$GAGSV,32,,36
2026-06-01T18:06:04.329841,$GAGSV,34,,38
2026-06-01T18:06:04.333446,$GBGSV,06,,39
2026-06-01T18:06:04.333446,$GBGSV,07,,41
2026-06-01T18:06:04.333446,$GBGSV,09,,40
2026-06-01T18:06:04.333446,$GBGSV,10,,41
2026-06-01T18:06:04.335023,$GBGSV,13,,39
2026-06-01T18:06:04.335023,$GBGSV,25,,38
2026-06-01T18:06:04.335023,$GBGSV,28,,35
2026-06-01T18:06:04.335023,$GBGSV,33,,44
2026-06-01T18:06:04.335768,$GBGSV,09,,35
2026-06-01T18:06:04.335768,$GBGSV,10,,38
2026-06-01T18:06:05.308633,$GPGSV,10,,35
2026-06-01T18:06:05.308633,$GPGSV,12,,30
2026-06-01T18:06:05.308633,$GPGSV,13,,30
2026-06-01T18:06:05.308633,$GPGSV,18,,38
2026-06-01T18:06:05.310054,$GPGSV,23,,36
2026-06-01T18:06:05.310054,$GPGSV,25,,33
2026-06-01T18:06:05.310054,$GPGSV,28,,33
2026-06-01T18:06:05.310054,$GPGSV,32,,35
2026-06-01T18:06:05.310975,$GPGSV,41,,41
2026-06-01T18:06:05.310975,$GPGSV,42,,42
2026-06-01T18:06:05.310975,$GPGSV,50,,28
2026-06-01T18:06:05.311628,$GPGSV,13,,29
2026-06-01T18:06:05.314264,$GPGSV,10,,27
2026-06-01T18:06:05.314264,$GPGSV,12,,30
2026-06-01T18:06:05.314264,$GPGSV,18,,38
2026-06-01T18:06:05.314264,$GPGSV,23,,37
2026-06-01T18:06:05.315891,$GPGSV,25,,27
2026-06-01T18:06:05.315891,$GPGSV,28,,33
2026-06-01T18:06:05.315891,$GPGSV,32,,28
2026-06-01T18:06:05.318591,$GLGSV,65,,17
2026-06-01T18:06:05.318591,$GLGSV,75,,34
2026-06-01T18:06:05.318591,$GLGSV,76,,34
2026-06-01T18:06:05.318591,$GLGSV,87,,37
2026-06-01T18:06:05.319218,$GLGSV,88,,32
2026-06-01T18:06:05.320026,$GLGSV,66,,24
2026-06-01T18:06:05.320026,$GLGSV,75,,38
2026-06-01T18:06:05.320026,$GLGSV,76,,38
2026-06-01T18:06:05.320026,$GLGSV,86,,18
2026-06-01T18:06:05.320691,$GLGSV,88,,35
2026-06-01T18:06:05.322838,$GAGSV,03,,38
2026-06-01T18:06:05.322838,$GAGSV,08,,28
2026-06-01T18:06:05.322838,$GAGSV,15,,38
2026-06-01T18:06:05.322838,$GAGSV,32,,37
2026-06-01T18:06:05.323348,$GAGSV,34,,41
2026-06-01T18:06:05.324149,$GAGSV,03,,40
2026-06-01T18:06:05.324149,$GAGSV,08,,29
2026-06-01T18:06:05.324149,$GAGSV,15,,40
2026-06-01T18:06:05.324149,$GAGSV,32,,36
2026-06-01T18:06:05.324735,$GAGSV,34,,39
2026-06-01T18:06:05.327484,$GBGSV,06,,39
2026-06-01T18:06:05.327484,$GBGSV,07,,41
2026-06-01T18:06:05.327484,$GBGSV,09,,39
2026-06-01T18:06:05.327484,$GBGSV,10,,39
2026-06-01T18:06:05.328744,$GBGSV,13,,38
2026-06-01T18:06:05.328744,$GBGSV,25,,36
2026-06-01T18:06:05.328744,$GBGSV,28,,36
2026-06-01T18:06:05.328744,$GBGSV,33,,41
2026-06-01T18:06:05.330461,$GBGSV,09,,35
2026-06-01T18:06:05.330461,$GBGSV,10,,35
2026-06-01T18:06:06.303410,$GPGSV,10,,33
2026-06-01T18:06:06.303410,$GPGSV,12,,22
2026-06-01T18:06:06.303410,$GPGSV,13,,29
2026-06-01T18:06:06.303410,$GPGSV,18,,41
2026-06-01T18:06:06.304850,$GPGSV,23,,40
2026-06-01T18:06:06.304850,$GPGSV,25,,31
2026-06-01T18:06:06.304850,$GPGSV,27,,23
2026-06-01T18:06:06.304850,$GPGSV,28,,38
2026-06-01T18:06:06.306372,$GPGSV,32,,35
2026-06-01T18:06:06.306372,$GPGSV,41,,41
2026-06-01T18:06:06.306372,$GPGSV,42,,41
2026-06-01T18:06:06.306372,$GPGSV,50,,32
2026-06-01T18:06:06.307267,$GPGSV,13,,30
2026-06-01T18:06:06.308452,$GPGSV,10,,30
2026-06-01T18:06:06.308452,$GPGSV,12,,23
2026-06-01T18:06:06.308452,$GPGSV,18,,38
2026-06-01T18:06:06.308452,$GPGSV,23,,37
2026-06-01T18:06:06.309687,$GPGSV,25,,26
2026-06-01T18:06:06.309687,$GPGSV,28,,33
2026-06-01T18:06:06.309687,$GPGSV,32,,18
2026-06-01T18:06:06.312518,$GLGSV,65,,28
2026-06-01T18:06:06.312518,$GLGSV,75,,30
2026-06-01T18:06:06.312518,$GLGSV,76,,33
2026-06-01T18:06:06.312518,$GLGSV,87,,36
2026-06-01T18:06:06.313430,$GLGSV,88,,36
2026-06-01T18:06:06.314422,$GLGSV,66,,31
2026-06-01T18:06:06.314422,$GLGSV,75,,27
2026-06-01T18:06:06.314422,$GLGSV,76,,36
2026-06-01T18:06:06.314422,$GLGSV,86,,17
2026-06-01T18:06:06.314863,$GLGSV,88,,39
2026-06-01T18:06:06.318514,$GAGSV,03,,38
2026-06-01T18:06:06.318514,$GAGSV,08,,28
2026-06-01T18:06:06.318514,$GAGSV,15,,38
2026-06-01T18:06:06.318514,$GAGSV,32,,38
2026-06-01T18:06:06.319836,$GAGSV,34,,37
2026-06-01T18:06:06.321554,$GAGSV,03,,38
2026-06-01T18:06:06.321554,$GAGSV,08,,30
2026-06-01T18:06:06.321554,$GAGSV,15,,37
2026-06-01T18:06:06.321554,$GAGSV,32,,33
2026-06-01T18:06:06.322461,$GAGSV,34,,38
2026-06-01T18:06:06.324965,$GBGSV,06,,38
2026-06-01T18:06:06.324965,$GBGSV,07,,44
2026-06-01T18:06:06.324965,$GBGSV,09,,39
2026-06-01T18:06:06.324965,$GBGSV,10,,40
2026-06-01T18:06:06.326098,$GBGSV,13,,38
2026-06-01T18:06:06.326098,$GBGSV,25,,36
2026-06-01T18:06:06.326098,$GBGSV,28,,36
2026-06-01T18:06:06.326098,$GBGSV,33,,41
2026-06-01T18:06:06.327111,$GBGSV,09,,36
2026-06-01T18:06:06.327111,$GBGSV,10,,35
2026-06-01T18:06:07.301994,$GPGSV,10,,34
2026-06-01T18:06:07.301994,$GPGSV,12,,29
2026-06-01T18:06:07.301994,$GPGSV,13,,29
2026-06-01T18:06:07.301994,$GPGSV,18,,37
2026-06-01T18:06:07.303380,$GPGSV,23,,38
2026-06-01T18:06:07.303380,$GPGSV,25,,26
2026-06-01T18:06:07.303380,$GPGSV,27,,20
2026-06-01T18:06:07.303380,$GPGSV,28,,36
2026-06-01T18:06:07.305273,$GPGSV,32,,37
2026-06-01T18:06:07.305273,$GPGSV,41,,41
2026-06-01T18:06:07.305273,$GPGSV,42,,41
2026-06-01T18:06:07.305273,$GPGSV,50,,32
2026-06-01T18:06:07.306202,$GPGSV,13,,25
2026-06-01T18:06:07.307523,$GPGSV,10,,26
2026-06-01T18:06:07.307523,$GPGSV,12,,24
2026-06-01T18:06:07.307523,$GPGSV,18,,38
2026-06-01T18:06:07.307523,$GPGSV,23,,36
2026-06-01T18:06:07.308784,$GPGSV,25,,24
2026-06-01T18:06:07.308784,$GPGSV,28,,34
2026-06-01T18:06:07.308784,$GPGSV,32,,29
2026-06-01T18:06:07.311901,$GLGSV,65,,18
2026-06-01T18:06:07.311901,$GLGSV,75,,25
2026-06-01T18:06:07.311901,$GLGSV,76,,32
2026-06-01T18:06:07.311901,$GLGSV,87,,37
2026-06-01T18:06:07.312647,$GLGSV,88,,36
2026-06-01T18:06:07.314194,$GLGSV,66,,37
2026-06-01T18:06:07.314194,$GLGSV,75,,32
2026-06-01T18:06:07.314194,$GLGSV,76,,37
2026-06-01T18:06:07.314194,$GLGSV,86,,17
2026-06-01T18:06:07.315780,$GLGSV,88,,35
2026-06-01T18:06:07.319702,$GAGSV,03,,38
2026-06-01T18:06:07.319702,$GAGSV,08,,27
2026-06-01T18:06:07.319702,$GAGSV,15,,38
2026-06-01T18:06:07.319702,$GAGSV,32,,34
2026-06-01T18:06:07.320460,$GAGSV,34,,33
2026-06-01T18:06:07.321872,$GAGSV,03,,38
2026-06-01T18:06:07.321872,$GAGSV,08,,30
2026-06-01T18:06:07.321872,$GAGSV,15,,40
2026-06-01T18:06:07.321872,$GAGSV,32,,36
2026-06-01T18:06:07.322625,$GAGSV,34,,38
2026-06-01T18:06:07.326588,$GBGSV,06,,41
2026-06-01T18:06:07.326588,$GBGSV,07,,43
2026-06-01T18:06:07.326588,$GBGSV,09,,39
2026-06-01T18:06:07.326588,$GBGSV,10,,41
2026-06-01T18:06:07.328463,$GBGSV,13,,40
2026-06-01T18:06:07.328463,$GBGSV,25,,38
2026-06-01T18:06:07.328463,$GBGSV,28,,34
2026-06-01T18:06:07.328463,$GBGSV,33,,41
2026-06-01T18:06:07.329310,$GBGSV,09,,34
2026-06-01T18:06:07.329310,$GBGSV,10,,36
2026-06-01T18:06:08.311092,$GPGSV,10,,36
2026-06-01T18:06:08.311092,$GPGSV,12,,29
2026-06-01T18:06:08.311092,$GPGSV,13,,30
2026-06-01T18:06:08.311092,$GPGSV,18,,40
2026-06-01T18:06:08.312959,$GPGSV,23,,40
2026-06-01T18:06:08.312959,$GPGSV,25,,26
2026-06-01T18:06:08.312959,$GPGSV,27,,17
2026-06-01T18:06:08.312959,$GPGSV,28,,36
2026-06-01T18:06:08.314234,$GPGSV,32,,35
2026-06-01T18:06:08.314234,$GPGSV,41,,42
2026-06-01T18:06:08.314234,$GPGSV,42,,41
2026-06-01T18:06:08.315547,$GPGSV,13,,26
2026-06-01T18:06:08.318171,$GPGSV,10,,29
2026-06-01T18:06:08.318171,$GPGSV,12,,24
2026-06-01T18:06:08.318171,$GPGSV,18,,39
2026-06-01T18:06:08.318171,$GPGSV,23,,39
2026-06-01T18:06:08.320485,$GPGSV,25,,23
2026-06-01T18:06:08.320485,$GPGSV,28,,30
2026-06-01T18:06:08.320485,$GPGSV,32,,33
2026-06-01T18:06:08.324894,$GLGSV,65,,20
2026-06-01T18:06:08.324894,$GLGSV,75,,25
2026-06-01T18:06:08.324894,$GLGSV,76,,31
2026-06-01T18:06:08.324894,$GLGSV,87,,37
2026-06-01T18:06:08.327030,$GLGSV,88,,40
2026-06-01T18:06:08.328318,$GLGSV,66,,36
2026-06-01T18:06:08.328318,$GLGSV,75,,26
2026-06-01T18:06:08.328318,$GLGSV,76,,28
2026-06-01T18:06:08.328318,$GLGSV,86,,17
2026-06-01T18:06:08.328817,$GLGSV,88,,36
2026-06-01T18:06:08.330289,$GAGSV,03,,37
2026-06-01T18:06:08.330289,$GAGSV,08,,32
2026-06-01T18:06:08.330289,$GAGSV,15,,37
2026-06-01T18:06:08.330289,$GAGSV,32,,39
2026-06-01T18:06:08.330722,$GAGSV,34,,36
2026-06-01T18:06:08.332329,$GAGSV,03,,40
2026-06-01T18:06:08.332329,$GAGSV,08,,36
2026-06-01T18:06:08.332329,$GAGSV,15,,39
2026-06-01T18:06:08.332329,$GAGSV,32,,34
2026-06-01T18:06:08.333184,$GAGSV,34,,36
2026-06-01T18:06:08.338729,$GBGSV,06,,41
2026-06-01T18:06:08.338729,$GBGSV,07,,44
2026-06-01T18:06:08.338729,$GBGSV,09,,40
2026-06-01T18:06:08.338729,$GBGSV,10,,41
2026-06-01T18:06:08.339524,$GBGSV,13,,43
2026-06-01T18:06:08.339524,$GBGSV,25,,36
2026-06-01T18:06:08.339524,$GBGSV,28,,36
2026-06-01T18:06:08.339524,$GBGSV,33,,38
2026-06-01T18:06:08.340024,$GBGSV,09,,35
2026-06-01T18:06:08.340024,$GBGSV,10,,38
2026-06-01T18:06:09.295101,$GPGSV,10,,34
2026-06-01T18:06:09.295101,$GPGSV,12,,30
2026-06-01T18:06:09.295101,$GPGSV,13,,36
2026-06-01T18:06:09.295101,$GPGSV,18,,40
2026-06-01T18:06:09.296464,$GPGSV,23,,39
2026-06-01T18:06:09.296464,$GPGSV,25,,25
2026-06-01T18:06:09.296464,$GPGSV,28,,33
2026-06-01T18:06:09.296464,$GPGSV,32,,35
2026-06-01T18:06:09.298020,$GPGSV,41,,43
2026-06-01T18:06:09.298020,$GPGSV,42,,42
2026-06-01T18:06:09.299792,$GPGSV,13,,30
2026-06-01T18:06:09.301389,$GPGSV,10,,34
2026-06-01T18:06:09.301389,$GPGSV,12,,24
2026-06-01T18:06:09.301389,$GPGSV,18,,39
2026-06-01T18:06:09.301389,$GPGSV,23,,38
2026-06-01T18:06:09.302939,$GPGSV,25,,22
2026-06-01T18:06:09.302939,$GPGSV,28,,34
2026-06-01T18:06:09.302939,$GPGSV,32,,27
2026-06-01T18:06:09.306359,$GLGSV,65,,25
2026-06-01T18:06:09.306359,$GLGSV,75,,25
2026-06-01T18:06:09.306359,$GLGSV,76,,28
2026-06-01T18:06:09.306359,$GLGSV,87,,39
2026-06-01T18:06:09.307284,$GLGSV,88,,26
2026-06-01T18:06:09.308855,$GLGSV,66,,36
2026-06-01T18:06:09.308855,$GLGSV,75,,28
2026-06-01T18:06:09.308855,$GLGSV,76,,26
2026-06-01T18:06:09.308855,$GLGSV,86,,17
2026-06-01T18:06:09.309754,$GLGSV,88,,32
2026-06-01T18:06:09.311676,$GAGSV,03,,38
2026-06-01T18:06:09.311676,$GAGSV,08,,32
2026-06-01T18:06:09.311676,$GAGSV,15,,38
2026-06-01T18:06:09.311676,$GAGSV,32,,38
2026-06-01T18:06:09.312373,$GAGSV,34,,37
2026-06-01T18:06:09.313704,$GAGSV,03,,39
2026-06-01T18:06:09.313704,$GAGSV,08,,32
2026-06-01T18:06:09.313704,$GAGSV,15,,38
2026-06-01T18:06:09.313704,$GAGSV,32,,37
2026-06-01T18:06:09.314580,$GAGSV,34,,38
2026-06-01T18:06:09.314580,$GAGSV,36,,16
2026-06-01T18:06:09.319124,$GBGSV,06,,40
2026-06-01T18:06:09.319124,$GBGSV,07,,43
2026-06-01T18:06:09.319124,$GBGSV,09,,41
2026-06-01T18:06:09.319124,$GBGSV,10,,41
2026-06-01T18:06:09.320912,$GBGSV,13,,42
2026-06-01T18:06:09.320912,$GBGSV,25,,39
2026-06-01T18:06:09.320912,$GBGSV,28,,30
2026-06-01T18:06:09.320912,$GBGSV,33,,37
2026-06-01T18:06:09.321740,$GBGSV,09,,36
2026-06-01T18:06:09.321740,$GBGSV,10,,39
2026-06-01T18:06:10.308333,$GPGSV,10,,37
2026-06-01T18:06:10.308333,$GPGSV,12,,36
2026-06-01T18:06:10.308333,$GPGSV,13,,31
2026-06-01T18:06:10.308333,$GPGSV,18,,40
2026-06-01T18:06:10.309862,$GPGSV,23,,41
2026-06-01T18:06:10.309862,$GPGSV,25,,30
2026-06-01T18:06:10.309862,$GPGSV,28,,36
2026-06-01T18:06:10.309862,$GPGSV,32,,28
2026-06-01T18:06:10.310805,$GPGSV,41,,43
2026-06-01T18:06:10.310805,$GPGSV,42,,41
2026-06-01T18:06:10.312033,$GPGSV,10,,31
2026-06-01T18:06:10.312033,$GPGSV,12,,32
2026-06-01T18:06:10.312033,$GPGSV,13,,39
2026-06-01T18:06:10.312033,$GPGSV,18,,38
2026-06-01T18:06:10.313250,$GPGSV,23,,37
2026-06-01T18:06:10.313250,$GPGSV,25,,21
2026-06-01T18:06:10.313250,$GPGSV,28,,34
2026-06-01T18:06:10.313250,$GPGSV,32,,33
2026-06-01T18:06:10.317820,$GLGSV,65,,28
2026-06-01T18:06:10.317820,$GLGSV,75,,24
2026-06-01T18:06:10.317820,$GLGSV,76,,28
2026-06-01T18:06:10.317820,$GLGSV,87,,37
2026-06-01T18:06:10.318544,$GLGSV,88,,32
2026-06-01T18:06:10.320855,$GLGSV,66,,35
2026-06-01T18:06:10.320855,$GLGSV,72,,09
2026-06-01T18:06:10.320855,$GLGSV,75,,28
2026-06-01T18:06:10.320855,$GLGSV,76,,26
2026-06-01T18:06:10.321877,$GLGSV,86,,16
2026-06-01T18:06:10.321877,$GLGSV,88,,27
2026-06-01T18:06:10.324123,$GAGSV,03,,38
2026-06-01T18:06:10.324123,$GAGSV,08,,31
2026-06-01T18:06:10.324123,$GAGSV,15,,38
2026-06-01T18:06:10.324123,$GAGSV,32,,35
2026-06-01T18:06:10.324626,$GAGSV,34,,37
2026-06-01T18:06:10.325690,$GAGSV,03,,39
2026-06-01T18:06:10.325690,$GAGSV,08,,33
2026-06-01T18:06:10.325690,$GAGSV,15,,38
2026-06-01T18:06:10.325690,$GAGSV,32,,37
2026-06-01T18:06:10.326203,$GAGSV,34,,39
2026-06-01T18:06:10.328327,$GBGSV,06,,41
2026-06-01T18:06:10.328327,$GBGSV,07,,45
2026-06-01T18:06:10.328327,$GBGSV,09,,39
2026-06-01T18:06:10.328327,$GBGSV,10,,43
2026-06-01T18:06:10.330153,$GBGSV,13,,40
2026-06-01T18:06:10.330153,$GBGSV,25,,42
2026-06-01T18:06:10.330153,$GBGSV,28,,38
2026-06-01T18:06:10.330153,$GBGSV,33,,35
2026-06-01T18:06:10.331162,$GBGSV,09,,33
2026-06-01T18:06:10.331162,$GBGSV,10,,39
2026-06-01T18:06:11.302735,$GPGSV,10,,35
2026-06-01T18:06:11.302735,$GPGSV,12,,36
2026-06-01T18:06:11.302735,$GPGSV,13,,34
2026-06-01T18:06:11.302735,$GPGSV,18,,38
2026-06-01T18:06:11.304483,$GPGSV,23,,40
2026-06-01T18:06:11.304483,$GPGSV,25,,30
2026-06-01T18:06:11.304483,$GPGSV,28,,33
2026-06-01T18:06:11.304483,$GPGSV,32,,33
2026-06-01T18:06:11.305442,$GPGSV,41,,41
2026-06-01T18:06:11.305442,$GPGSV,42,,42
2026-06-01T18:06:11.306455,$GPGSV,10,,30
2026-06-01T18:06:11.306455,$GPGSV,12,,31
2026-06-01T18:06:11.306455,$GPGSV,13,,29
2026-06-01T18:06:11.306455,$GPGSV,18,,38
2026-06-01T18:06:11.307166,$GPGSV,23,,37
2026-06-01T18:06:11.307166,$GPGSV,25,,21
2026-06-01T18:06:11.307166,$GPGSV,28,,34
2026-06-01T18:06:11.307166,$GPGSV,32,,32
2026-06-01T18:06:11.310355,$GLGSV,65,,28
2026-06-01T18:06:11.310355,$GLGSV,75,,31
2026-06-01T18:06:11.310355,$GLGSV,76,,27
2026-06-01T18:06:11.310355,$GLGSV,87,,39
2026-06-01T18:06:11.311029,$GLGSV,88,,35
2026-06-01T18:06:11.311797,$GLGSV,66,,30
2026-06-01T18:06:11.311797,$GLGSV,72,,13
2026-06-01T18:06:11.311797,$GLGSV,75,,28
2026-06-01T18:06:11.311797,$GLGSV,76,,32
2026-06-01T18:06:11.312371,$GLGSV,86,,15
2026-06-01T18:06:11.312371,$GLGSV,88,,35
2026-06-01T18:06:11.313559,$GAGSV,03,,38
2026-06-01T18:06:11.313559,$GAGSV,08,,32
2026-06-01T18:06:11.313559,$GAGSV,15,,39
2026-06-01T18:06:11.313559,$GAGSV,32,,35
2026-06-01T18:06:11.313995,$GAGSV,34,,37
2026-06-01T18:06:11.314973,$GAGSV,03,,38
2026-06-01T18:06:11.314973,$GAGSV,08,,30
2026-06-01T18:06:11.314973,$GAGSV,15,,40
2026-06-01T18:06:11.314973,$GAGSV,32,,35
2026-06-01T18:06:11.315995,$GAGSV,34,,38
2026-06-01T18:06:11.320551,$GBGSV,06,,41
2026-06-01T18:06:11.320551,$GBGSV,07,,42
2026-06-01T18:06:11.320551,$GBGSV,09,,39
2026-06-01T18:06:11.320551,$GBGSV,10,,41
2026-06-01T18:06:11.321446,$GBGSV,13,,43
2026-06-01T18:06:11.321446,$GBGSV,25,,39
2026-06-01T18:06:11.321446,$GBGSV,28,,38
2026-06-01T18:06:11.321446,$GBGSV,33,,34
2026-06-01T18:06:11.321993,$GBGSV,09,,35
2026-06-01T18:06:11.321993,$GBGSV,10,,37
2026-06-01T18:06:12.312918,$GPGSV,10,,35
2026-06-01T18:06:12.312918,$GPGSV,12,,36
2026-06-01T18:06:12.312918,$GPGSV,13,,36
2026-06-01T18:06:12.312918,$GPGSV,18,,40
2026-06-01T18:06:12.315687,$GPGSV,23,,38
2026-06-01T18:06:12.315687,$GPGSV,25,,30
2026-06-01T18:06:12.315687,$GPGSV,28,,28
2026-06-01T18:06:12.315687,$GPGSV,32,,33
2026-06-01T18:06:12.317891,$GPGSV,41,,42
2026-06-01T18:06:12.317891,$GPGSV,42,,41
2026-06-01T18:06:12.317891,$GPGSV,50,,31
2026-06-01T18:06:12.319826,$GPGSV,10,,31
2026-06-01T18:06:12.319826,$GPGSV,12,,31
2026-06-01T18:06:12.319826,$GPGSV,13,,36
2026-06-01T18:06:12.319826,$GPGSV,18,,38
2026-06-01T18:06:12.321594,$GPGSV,23,,37
2026-06-01T18:06:12.321594,$GPGSV,25,,22
2026-06-01T18:06:12.321594,$GPGSV,28,,30
2026-06-01T18:06:12.321594,$GPGSV,32,,27
2026-06-01T18:06:12.327729,$GLGSV,65,,33
2026-06-01T18:06:12.327729,$GLGSV,66,,33
2026-06-01T18:06:12.327729,$GLGSV,75,,31
2026-06-01T18:06:12.327729,$GLGSV,76,,32
2026-06-01T18:06:12.328625,$GLGSV,87,,37
2026-06-01T18:06:12.328625,$GLGSV,88,,36
2026-06-01T18:06:12.329377,$GLGSV,66,,34
2026-06-01T18:06:12.329377,$GLGSV,72,,15
2026-06-01T18:06:12.329377,$GLGSV,75,,36
2026-06-01T18:06:12.329377,$GLGSV,76,,32
2026-06-01T18:06:12.329879,$GLGSV,86,,16
2026-06-01T18:06:12.329879,$GLGSV,88,,33
2026-06-01T18:06:12.330943,$GAGSV,03,,38
2026-06-01T18:06:12.330943,$GAGSV,08,,31
2026-06-01T18:06:12.330943,$GAGSV,15,,38
2026-06-01T18:06:12.330943,$GAGSV,32,,36
2026-06-01T18:06:12.331699,$GAGSV,34,,39
2026-06-01T18:06:12.333755,$GAGSV,03,,38
2026-06-01T18:06:12.333755,$GAGSV,08,,30
2026-06-01T18:06:12.333755,$GAGSV,15,,40
2026-06-01T18:06:12.333755,$GAGSV,32,,37
2026-06-01T18:06:12.335552,$GAGSV,34,,38
2026-06-01T18:06:12.335552,$GAGSV,36,,16
2026-06-01T18:06:12.338027,$GBGSV,06,,42
2026-06-01T18:06:12.338027,$GBGSV,07,,43
2026-06-01T18:06:12.338027,$GBGSV,09,,39
2026-06-01T18:06:12.338027,$GBGSV,10,,42
2026-06-01T18:06:12.339274,$GBGSV,13,,38
2026-06-01T18:06:12.339274,$GBGSV,25,,37
2026-06-01T18:06:12.339274,$GBGSV,28,,39
2026-06-01T18:06:12.339274,$GBGSV,33,,37
2026-06-01T18:06:12.339924,$GBGSV,09,,35
2026-06-01T18:06:12.339924,$GBGSV,10,,38
2026-06-01T18:06:13.307399,$GPGSV,10,,36
2026-06-01T18:06:13.307399,$GPGSV,12,,36
2026-06-01T18:06:13.307399,$GPGSV,13,,37
2026-06-01T18:06:13.307399,$GPGSV,18,,41
2026-06-01T18:06:13.309023,$GPGSV,23,,41
2026-06-01T18:06:13.309023,$GPGSV,25,,23
2026-06-01T18:06:13.309023,$GPGSV,28,,29
2026-06-01T18:06:13.309023,$GPGSV,32,,38
2026-06-01T18:06:13.310528,$GPGSV,41,,41
2026-06-01T18:06:13.310528,$GPGSV,42,,39
2026-06-01T18:06:13.310528,$GPGSV,50,,31
2026-06-01T18:06:13.312087,$GPGSV,10,,32
2026-06-01T18:06:13.312087,$GPGSV,12,,30
2026-06-01T18:06:13.312087,$GPGSV,13,,33
2026-06-01T18:06:13.312087,$GPGSV,18,,38
2026-06-01T18:06:13.313463,$GPGSV,23,,36
2026-06-01T18:06:13.313463,$GPGSV,25,,21
2026-06-01T18:06:13.313463,$GPGSV,28,,24
2026-06-01T18:06:13.313463,$GPGSV,32,,33
2026-06-01T18:06:13.317583,$GLGSV,65,,33
2026-06-01T18:06:13.317583,$GLGSV,66,,33
2026-06-01T18:06:13.317583,$GLGSV,75,,34
2026-06-01T18:06:13.317583,$GLGSV,76,,35
2026-06-01T18:06:13.318248,$GLGSV,87,,38
2026-06-01T18:06:13.318248,$GLGSV,88,,36
2026-06-01T18:06:13.319202,$GLGSV,66,,31
2026-06-01T18:06:13.319202,$GLGSV,72,,14
2026-06-01T18:06:13.319202,$GLGSV,75,,36
2026-06-01T18:06:13.319202,$GLGSV,76,,33
2026-06-01T18:06:13.320412,$GLGSV,86,,16
2026-06-01T18:06:13.320412,$GLGSV,88,,28
2026-06-01T18:06:13.322607,$GAGSV,03,,38
2026-06-01T18:06:13.322607,$GAGSV,08,,32
2026-06-01T18:06:13.322607,$GAGSV,15,,40
2026-06-01T18:06:13.322607,$GAGSV,32,,38
2026-06-01T18:06:13.323160,$GAGSV,34,,39
2026-06-01T18:06:13.324753,$GAGSV,03,,38
2026-06-01T18:06:13.324753,$GAGSV,08,,31
2026-06-01T18:06:13.324753,$GAGSV,15,,40
2026-06-01T18:06:13.324753,$GAGSV,32,,38
2026-06-01T18:06:13.326455,$GAGSV,34,,41
2026-06-01T18:06:13.329985,$GBGSV,06,,39
2026-06-01T18:06:13.329985,$GBGSV,07,,43
2026-06-01T18:06:13.329985,$GBGSV,09,,39
2026-06-01T18:06:13.329985,$GBGSV,10,,43
2026-06-01T18:06:13.331156,$GBGSV,13,,37
2026-06-01T18:06:13.331156,$GBGSV,25,,39
2026-06-01T18:06:13.331156,$GBGSV,28,,28
2026-06-01T18:06:13.331156,$GBGSV,33,,38
2026-06-01T18:06:13.331777,$GBGSV,09,,35
2026-06-01T18:06:13.331777,$GBGSV,10,,38
2026-06-01T18:06:14.308091,$GPGSV,10,,38
2026-06-01T18:06:14.308091,$GPGSV,12,,36
2026-06-01T18:06:14.308091,$GPGSV,13,,35
2026-06-01T18:06:14.308091,$GPGSV,18,,40
2026-06-01T18:06:14.309437,$GPGSV,23,,40
2026-06-01T18:06:14.309437,$GPGSV,25,,29
2026-06-01T18:06:14.309437,$GPGSV,28,,33
2026-06-01T18:06:14.309437,$GPGSV,32,,38
2026-06-01T18:06:14.310357,$GPGSV,41,,40
2026-06-01T18:06:14.310357,$GPGSV,42,,41
2026-06-01T18:06:14.310357,$GPGSV,50,,36
2026-06-01T18:06:14.312047,$GPGSV,10,,32
2026-06-01T18:06:14.312047,$GPGSV,12,,30
2026-06-01T18:06:14.312047,$GPGSV,13,,33
2026-06-01T18:06:14.312047,$GPGSV,18,,38
2026-06-01T18:06:14.313889,$GPGSV,23,,37
2026-06-01T18:06:14.313889,$GPGSV,25,,19
2026-06-01T18:06:14.313889,$GPGSV,28,,26
2026-06-01T18:06:14.313889,$GPGSV,32,,33
2026-06-01T18:06:14.316288,$GLGSV,65,,29
2026-06-01T18:06:14.316288,$GLGSV,66,,33
2026-06-01T18:06:14.316288,$GLGSV,75,,38
2026-06-01T18:06:14.316288,$GLGSV,76,,34
2026-06-01T18:06:14.316993,$GLGSV,87,,34
2026-06-01T18:06:14.316993,$GLGSV,88,,36
2026-06-01T18:06:14.318127,$GLGSV,66,,31
2026-06-01T18:06:14.318127,$GLGSV,72,,12
2026-06-01T18:06:14.318127,$GLGSV,75,,42
2026-06-01T18:06:14.318127,$GLGSV,76,,34
2026-06-01T18:06:14.318687,$GLGSV,86,,15
2026-06-01T18:06:14.318687,$GLGSV,88,,37
2026-06-01T18:06:14.320432,$GAGSV,03,,38
2026-06-01T18:06:14.320432,$GAGSV,08,,35
2026-06-01T18:06:14.320432,$GAGSV,15,,41
2026-06-01T18:06:14.320432,$GAGSV,32,,38
2026-06-01T18:06:14.321613,$GAGSV,34,,40
2026-06-01T18:06:14.323703,$GAGSV,03,,38
2026-06-01T18:06:14.323703,$GAGSV,08,,37
2026-06-01T18:06:14.323703,$GAGSV,15,,40
2026-06-01T18:06:14.323703,$GAGSV,32,,37
2026-06-01T18:06:14.325689,$GAGSV,34,,38
2026-06-01T18:06:14.330167,$GBGSV,06,,40
2026-06-01T18:06:14.330167,$GBGSV,07,,43
2026-06-01T18:06:14.330167,$GBGSV,09,,39
2026-06-01T18:06:14.330167,$GBGSV,10,,42
2026-06-01T18:06:14.330934,$GBGSV,13,,39
2026-06-01T18:06:14.330934,$GBGSV,25,,38
2026-06-01T18:06:14.330934,$GBGSV,28,,37
2026-06-01T18:06:14.330934,$GBGSV,33,,39
2026-06-01T18:06:14.331448,$GBGSV,09,,36
2026-06-01T18:06:14.331448,$GBGSV,10,,38
2026-06-01T18:06:15.306994,$GPGSV,10,,37
2026-06-01T18:06:15.306994,$GPGSV,12,,37
2026-06-01T18:06:15.306994,$GPGSV,13,,37
2026-06-01T18:06:15.306994,$GPGSV,18,,40
2026-06-01T18:06:15.308523,$GPGSV,23,,39
2026-06-01T18:06:15.308523,$GPGSV,25,,29
2026-06-01T18:06:15.308523,$GPGSV,28,,29
2026-06-01T18:06:15.308523,$GPGSV,32,,35
2026-06-01T18:06:15.309621,$GPGSV,41,,39
2026-06-01T18:06:15.309621,$GPGSV,42,,40
2026-06-01T18:06:15.309621,$GPGSV,50,,33
2026-06-01T18:06:15.310825,$GPGSV,10,,32
2026-06-01T18:06:15.310825,$GPGSV,12,,28
2026-06-01T18:06:15.310825,$GPGSV,13,,32
2026-06-01T18:06:15.310825,$GPGSV,18,,40
2026-06-01T18:06:15.311739,$GPGSV,23,,38
2026-06-01T18:06:15.311739,$GPGSV,25,,19
2026-06-01T18:06:15.311739,$GPGSV,28,,31
2026-06-01T18:06:15.311739,$GPGSV,32,,32
2026-06-01T18:06:15.313791,$GLGSV,65,,29
2026-06-01T18:06:15.313791,$GLGSV,66,,29
2026-06-01T18:06:15.313791,$GLGSV,75,,39
2026-06-01T18:06:15.313791,$GLGSV,76,,35
2026-06-01T18:06:15.314422,$GLGSV,86,,07
2026-06-01T18:06:15.314422,$GLGSV,87,,36
2026-06-01T18:06:15.314422,$GLGSV,88,,36
2026-06-01T18:06:15.315118,$GLGSV,66,,32
2026-06-01T18:06:15.315118,$GLGSV,72,,14
2026-06-01T18:06:15.315118,$GLGSV,75,,41
2026-06-01T18:06:15.315118,$GLGSV,76,,30
2026-06-01T18:06:15.315679,$GLGSV,86,,15
2026-06-01T18:06:15.315679,$GLGSV,88,,38
2026-06-01T18:06:15.316995,$GAGSV,03,,35
2026-06-01T18:06:15.316995,$GAGSV,08,,31
2026-06-01T18:06:15.316995,$GAGSV,15,,39
2026-06-01T18:06:15.316995,$GAGSV,32,,38
2026-06-01T18:06:15.317720,$GAGSV,34,,40
2026-06-01T18:06:15.320648,$GAGSV,03,,39
2026-06-01T18:06:15.320648,$GAGSV,08,,32
2026-06-01T18:06:15.320648,$GAGSV,15,,38
2026-06-01T18:06:15.320648,$GAGSV,32,,38
2026-06-01T18:06:15.321473,$GAGSV,34,,40
2026-06-01T18:06:15.324286,$GBGSV,06,,42
2026-06-01T18:06:15.324286,$GBGSV,07,,43
2026-06-01T18:06:15.324286,$GBGSV,09,,39
2026-06-01T18:06:15.324286,$GBGSV,10,,43
2026-06-01T18:06:15.325007,$GBGSV,13,,39
2026-06-01T18:06:15.325007,$GBGSV,25,,41
2026-06-01T18:06:15.325007,$GBGSV,28,,37
2026-06-01T18:06:15.325007,$GBGSV,33,,38
2026-06-01T18:06:15.325601,$GBGSV,09,,38
2026-06-01T18:06:15.325601,$GBGSV,10,,40
2026-06-01T18:06:16.298411,$GPGSV,10,,34
2026-06-01T18:06:16.298411,$GPGSV,12,,32
2026-06-01T18:06:16.298411,$GPGSV,13,,37
2026-06-01T18:06:16.298411,$GPGSV,18,,41
2026-06-01T18:06:16.299202,$GPGSV,23,,40
2026-06-01T18:06:16.299202,$GPGSV,25,,28
2026-06-01T18:06:16.299202,$GPGSV,28,,34
2026-06-01T18:06:16.299202,$GPGSV,32,,39
2026-06-01T18:06:16.299974,$GPGSV,41,,39
2026-06-01T18:06:16.299974,$GPGSV,42,,39
2026-06-01T18:06:16.299974,$GPGSV,50,,37
2026-06-01T18:06:16.301753,$GPGSV,10,,32
2026-06-01T18:06:16.301753,$GPGSV,12,,29
2026-06-01T18:06:16.301753,$GPGSV,13,,35
2026-06-01T18:06:16.301753,$GPGSV,18,,37
2026-06-01T18:06:16.302921,$GPGSV,23,,38
2026-06-01T18:06:16.302921,$GPGSV,25,,21
2026-06-01T18:06:16.302921,$GPGSV,28,,30
2026-06-01T18:06:16.302921,$GPGSV,32,,32
2026-06-01T18:06:16.306971,$GLGSV,65,,29
2026-06-01T18:06:16.306971,$GLGSV,66,,32
2026-06-01T18:06:16.306971,$GLGSV,75,,43
2026-06-01T18:06:16.306971,$GLGSV,76,,30
2026-06-01T18:06:16.307985,$GLGSV,86,,09
2026-06-01T18:06:16.307985,$GLGSV,87,,35
2026-06-01T18:06:16.307985,$GLGSV,88,,36
2026-06-01T18:06:16.308765,$GLGSV,66,,31
2026-06-01T18:06:16.308765,$GLGSV,72,,14
2026-06-01T18:06:16.308765,$GLGSV,75,,40
2026-06-01T18:06:16.308765,$GLGSV,76,,34
2026-06-01T18:06:16.309385,$GLGSV,86,,14
2026-06-01T18:06:16.309385,$GLGSV,88,,36
2026-06-01T18:06:16.311555,$GAGSV,03,,36
2026-06-01T18:06:16.311555,$GAGSV,08,,33
2026-06-01T18:06:16.311555,$GAGSV,15,,39
2026-06-01T18:06:16.311555,$GAGSV,32,,41
2026-06-01T18:06:16.312171,$GAGSV,34,,40
2026-06-01T18:06:16.312990,$GAGSV,03,,39
2026-06-01T18:06:16.312990,$GAGSV,08,,26
2026-06-01T18:06:16.312990,$GAGSV,15,,39
2026-06-01T18:06:16.312990,$GAGSV,32,,40
2026-06-01T18:06:16.313529,$GAGSV,34,,40
2026-06-01T18:06:16.315610,$GBGSV,06,,38
2026-06-01T18:06:16.315610,$GBGSV,07,,42
2026-06-01T18:06:16.315610,$GBGSV,09,,39
2026-06-01T18:06:16.315610,$GBGSV,10,,42
2026-06-01T18:06:16.316371,$GBGSV,13,,42
2026-06-01T18:06:16.316371,$GBGSV,25,,43
2026-06-01T18:06:16.316371,$GBGSV,28,,32
2026-06-01T18:06:16.316371,$GBGSV,33,,40
2026-06-01T18:06:16.316966,$GBGSV,09,,36
2026-06-01T18:06:16.316966,$GBGSV,10,,39
2026-06-01T18:06:17.306633,$GPGSV,10,,34
2026-06-01T18:06:17.306633,$GPGSV,12,,29
2026-06-01T18:06:17.306633,$GPGSV,13,,35
2026-06-01T18:06:17.306633,$GPGSV,18,,40
2026-06-01T18:06:17.308497,$GPGSV,23,,38
2026-06-01T18:06:17.308497,$GPGSV,25,,21
2026-06-01T18:06:17.308497,$GPGSV,28,,29
2026-06-01T18:06:17.308497,$GPGSV,32,,41
2026-06-01T18:06:17.309735,$GPGSV,41,,39
2026-06-01T18:06:17.309735,$GPGSV,42,,40
2026-06-01T18:06:17.309735,$GPGSV,50,,35
2026-06-01T18:06:17.310697,$GPGSV,10,,31
2026-06-01T18:06:17.310697,$GPGSV,12,,28
2026-06-01T18:06:17.310697,$GPGSV,13,,25
2026-06-01T18:06:17.310697,$GPGSV,18,,39
2026-06-01T18:06:17.311620,$GPGSV,23,,38
2026-06-01T18:06:17.311620,$GPGSV,25,,22
2026-06-01T18:06:17.311620,$GPGSV,28,,30
2026-06-01T18:06:17.311620,$GPGSV,32,,31
2026-06-01T18:06:17.314607,$GLGSV,65,,30
2026-06-01T18:06:17.314607,$GLGSV,66,,36
2026-06-01T18:06:17.314607,$GLGSV,75,,40
2026-06-01T18:06:17.314607,$GLGSV,76,,30
2026-06-01T18:06:17.315990,$GLGSV,86,,13
2026-06-01T18:06:17.315990,$GLGSV,87,,34
2026-06-01T18:06:17.315990,$GLGSV,88,,36
2026-06-01T18:06:17.317228,$GLGSV,66,,31
2026-06-01T18:06:17.317228,$GLGSV,72,,14
2026-06-01T18:06:17.317228,$GLGSV,75,,43
2026-06-01T18:06:17.317228,$GLGSV,76,,34
2026-06-01T18:06:17.318263,$GLGSV,86,,14
2026-06-01T18:06:17.318263,$GLGSV,88,,37
2026-06-01T18:06:17.321543,$GAGSV,03,,37
2026-06-01T18:06:17.321543,$GAGSV,08,,36
2026-06-01T18:06:17.321543,$GAGSV,15,,39
2026-06-01T18:06:17.321543,$GAGSV,32,,38
2026-06-01T18:06:17.321961,$GAGSV,34,,39
2026-06-01T18:06:17.323724,$GAGSV,03,,39
2026-06-01T18:06:17.323724,$GAGSV,08,,35
2026-06-01T18:06:17.323724,$GAGSV,15,,39
2026-06-01T18:06:17.323724,$GAGSV,32,,40
2026-06-01T18:06:17.324231,$GAGSV,34,,40
2026-06-01T18:06:17.326112,$GBGSV,06,,41
2026-06-01T18:06:17.326112,$GBGSV,07,,41
2026-06-01T18:06:17.326112,$GBGSV,09,,38
2026-06-01T18:06:17.326112,$GBGSV,10,,42
2026-06-01T18:06:17.326816,$GBGSV,13,,39
2026-06-01T18:06:17.326816,$GBGSV,25,,43
2026-06-01T18:06:17.326816,$GBGSV,28,,30
2026-06-01T18:06:17.326816,$GBGSV,33,,41
2026-06-01T18:06:17.327325,$GBGSV,09,,34
2026-06-01T18:06:17.327325,$GBGSV,10,,38
2026-06-01T18:06:18.298527,$GPGSV,10,,36
2026-06-01T18:06:18.298527,$GPGSV,12,,34
2026-06-01T18:06:18.298527,$GPGSV,13,,31
2026-06-01T18:06:18.298527,$GPGSV,18,,39
2026-06-01T18:06:18.300314,$GPGSV,23,,39
2026-06-01T18:06:18.300314,$GPGSV,25,,19
2026-06-01T18:06:18.300314,$GPGSV,28,,29
2026-06-01T18:06:18.300314,$GPGSV,32,,41
2026-06-01T18:06:18.301818,$GPGSV,41,,41
2026-06-01T18:06:18.301818,$GPGSV,42,,40
2026-06-01T18:06:18.301818,$GPGSV,50,,37
2026-06-01T18:06:18.304367,$GPGSV,10,,30
2026-06-01T18:06:18.304367,$GPGSV,12,,29
2026-06-01T18:06:18.304367,$GPGSV,13,,28
2026-06-01T18:06:18.304367,$GPGSV,18,,38
2026-06-01T18:06:18.306720,$GPGSV,23,,38
2026-06-01T18:06:18.306720,$GPGSV,25,,20
2026-06-01T18:06:18.306720,$GPGSV,28,,33
2026-06-01T18:06:18.306720,$GPGSV,32,,34
2026-06-01T18:06:18.309284,$GLGSV,65,,30
2026-06-01T18:06:18.309284,$GLGSV,66,,35
2026-06-01T18:06:18.309284,$GLGSV,75,,40
2026-06-01T18:06:18.309284,$GLGSV,76,,31
2026-06-01T18:06:18.309972,$GLGSV,86,,14
2026-06-01T18:06:18.309972,$GLGSV,87,,35
2026-06-01T18:06:18.309972,$GLGSV,88,,40
2026-06-01T18:06:18.310780,$GLGSV,66,,30
2026-06-01T18:06:18.310780,$GLGSV,72,,14
2026-06-01T18:06:18.310780,$GLGSV,75,,40
2026-06-01T18:06:18.310780,$GLGSV,76,,35
2026-06-01T18:06:18.311584,$GLGSV,86,,15
2026-06-01T18:06:18.311584,$GLGSV,88,,41
2026-06-01T18:06:18.313698,$GAGSV,03,,37
2026-06-01T18:06:18.313698,$GAGSV,08,,34
2026-06-01T18:06:18.313698,$GAGSV,15,,40
2026-06-01T18:06:18.313698,$GAGSV,32,,40
2026-06-01T18:06:18.314415,$GAGSV,34,,40
2026-06-01T18:06:18.315300,$GAGSV,03,,39
2026-06-01T18:06:18.315300,$GAGSV,08,,37
2026-06-01T18:06:18.315300,$GAGSV,15,,42
2026-06-01T18:06:18.315300,$GAGSV,32,,38
2026-06-01T18:06:18.315891,$GAGSV,34,,41
2026-06-01T18:06:18.318413,$GBGSV,06,,42
2026-06-01T18:06:18.318413,$GBGSV,07,,43
2026-06-01T18:06:18.318413,$GBGSV,09,,40
2026-06-01T18:06:18.318413,$GBGSV,10,,42
2026-06-01T18:06:18.319566,$GBGSV,13,,38
2026-06-01T18:06:18.319566,$GBGSV,25,,44
2026-06-01T18:06:18.319566,$GBGSV,28,,34
2026-06-01T18:06:18.319566,$GBGSV,33,,42
2026-06-01T18:06:18.320148,$GBGSV,09,,37
2026-06-01T18:06:18.320148,$GBGSV,10,,38
2026-06-01T18:06:19.306285,$GPGSV,10,,35
2026-06-01T18:06:19.306285,$GPGSV,12,,34
2026-06-01T18:06:19.306285,$GPGSV,13,,27
2026-06-01T18:06:19.306285,$GPGSV,18,,40
2026-06-01T18:06:19.310337,$GPGSV,23,,40
2026-06-01T18:06:19.310337,$GPGSV,25,,21
2026-06-01T18:06:19.310337,$GPGSV,28,,34
2026-06-01T18:06:19.310337,$GPGSV,32,,33
2026-06-01T18:06:19.313929,$GPGSV,41,,36
2026-06-01T18:06:19.313929,$GPGSV,42,,40
2026-06-01T18:06:19.313929,$GPGSV,50,,36
2026-06-01T18:06:19.318424,$GPGSV,10,,30
2026-06-01T18:06:19.318424,$GPGSV,12,,30
2026-06-01T18:06:19.318424,$GPGSV,13,,28
2026-06-01T18:06:19.318424,$GPGSV,18,,38
2026-06-01T18:06:19.321220,$GPGSV,23,,38
2026-06-01T18:06:19.321220,$GPGSV,25,,19
2026-06-01T18:06:19.321220,$GPGSV,28,,31
2026-06-01T18:06:19.321220,$GPGSV,32,,34
2026-06-01T18:06:19.325872,$GLGSV,65,,32
2026-06-01T18:06:19.325872,$GLGSV,66,,35
2026-06-01T18:06:19.325872,$GLGSV,75,,40
2026-06-01T18:06:19.325872,$GLGSV,76,,32
2026-06-01T18:06:19.327199,$GLGSV,86,,13
2026-06-01T18:06:19.327199,$GLGSV,87,,35
2026-06-01T18:06:19.327199,$GLGSV,88,,41
2026-06-01T18:06:19.328561,$GLGSV,66,,32
2026-06-01T18:06:19.328561,$GLGSV,72,,15
2026-06-01T18:06:19.328561,$GLGSV,75,,43
2026-06-01T18:06:19.328561,$GLGSV,76,,35
2026-06-01T18:06:19.329483,$GLGSV,86,,15
2026-06-01T18:06:19.329483,$GLGSV,88,,38
2026-06-01T18:06:19.331108,$GAGSV,03,,37
2026-06-01T18:06:19.331108,$GAGSV,08,,35
2026-06-01T18:06:19.331108,$GAGSV,15,,40
2026-06-01T18:06:19.331108,$GAGSV,32,,40
2026-06-01T18:06:19.332032,$GAGSV,34,,40
2026-06-01T18:06:19.333539,$GAGSV,03,,37
2026-06-01T18:06:19.333539,$GAGSV,08,,36
2026-06-01T18:06:19.333539,$GAGSV,15,,40
2026-06-01T18:06:19.333539,$GAGSV,32,,38
2026-06-01T18:06:19.335072,$GAGSV,34,,41
2026-06-01T18:06:19.337618,$GBGSV,06,,40
2026-06-01T18:06:19.337618,$GBGSV,07,,42
2026-06-01T18:06:19.337618,$GBGSV,09,,37
2026-06-01T18:06:19.337618,$GBGSV,10,,41
2026-06-01T18:06:19.338518,$GBGSV,13,,40
2026-06-01T18:06:19.338518,$GBGSV,25,,44
2026-06-01T18:06:19.338518,$GBGSV,28,,29
2026-06-01T18:06:19.338518,$GBGSV,33,,40
2026-06-01T18:06:19.339099,$GBGSV,09,,37
2026-06-01T18:06:19.339099,$GBGSV,10,,38
2026-06-01T18:06:20.308050,$GPGSV,10,,35
2026-06-01T18:06:20.308050,$GPGSV,12,,34
2026-06-01T18:06:20.308050,$GPGSV,13,,29
2026-06-01T18:06:20.308050,$GPGSV,18,,40
2026-06-01T18:06:20.310828,$GPGSV,23,,40
2026-06-01T18:06:20.310828,$GPGSV,25,,20
2026-06-01T18:06:20.310828,$GPGSV,28,,34
2026-06-01T18:06:20.310828,$GPGSV,32,,34
2026-06-01T18:06:20.313695,$GPGSV,41,,36
2026-06-01T18:06:20.313695,$GPGSV,42,,41
2026-06-01T18:06:20.313695,$GPGSV,50,,38
2026-06-01T18:06:20.316460,$GPGSV,10,,30
2026-06-01T18:06:20.316460,$GPGSV,12,,30
2026-06-01T18:06:20.316460,$GPGSV,13,,29
2026-06-01T18:06:20.316460,$GPGSV,18,,38
2026-06-01T18:06:20.319632,$GPGSV,23,,38
2026-06-01T18:06:20.319632,$GPGSV,25,,17
2026-06-01T18:06:20.319632,$GPGSV,28,,30
2026-06-01T18:06:20.319632,$GPGSV,32,,34
2026-06-01T18:06:20.324673,$GLGSV,65,,31
2026-06-01T18:06:20.324673,$GLGSV,66,,33
2026-06-01T18:06:20.324673,$GLGSV,75,,40
2026-06-01T18:06:20.324673,$GLGSV,76,,31
2026-06-01T18:06:20.325649,$GLGSV,86,,10
2026-06-01T18:06:20.325649,$GLGSV,87,,35
2026-06-01T18:06:20.325649,$GLGSV,88,,41
2026-06-01T18:06:20.326734,$GLGSV,66,,33
2026-06-01T18:06:20.326734,$GLGSV,72,,17
2026-06-01T18:06:20.326734,$GLGSV,75,,43
2026-06-01T18:06:20.326734,$GLGSV,76,,35
2026-06-01T18:06:20.327488,$GLGSV,86,,18
2026-06-01T18:06:20.327488,$GLGSV,88,,37
2026-06-01T18:06:20.329882,$GAGSV,03,,36
2026-06-01T18:06:20.329882,$GAGSV,08,,35
2026-06-01T18:06:20.329882,$GAGSV,15,,39
2026-06-01T18:06:20.329882,$GAGSV,32,,39
2026-06-01T18:06:20.330379,$GAGSV,34,,39
2026-06-01T18:06:20.331245,$GAGSV,03,,37
2026-06-01T18:06:20.331245,$GAGSV,08,,35
2026-06-01T18:06:20.331245,$GAGSV,15,,40
2026-06-01T18:06:20.331245,$GAGSV,32,,38
2026-06-01T18:06:20.331718,$GAGSV,34,,41
2026-06-01T18:06:20.334205,$GBGSV,06,,39
2026-06-01T18:06:20.334205,$GBGSV,07,,41
2026-06-01T18:06:20.334205,$GBGSV,09,,37
2026-06-01T18:06:20.334205,$GBGSV,10,,41
2026-06-01T18:06:20.334910,$GBGSV,13,,40
2026-06-01T18:06:20.334910,$GBGSV,25,,44
2026-06-01T18:06:20.334910,$GBGSV,28,,27
2026-06-01T18:06:20.334910,$GBGSV,33,,39
2026-06-01T18:06:20.335403,$GBGSV,09,,36
2026-06-01T18:06:20.335403,$GBGSV,10,,37
2026-06-01T18:06:21.304716,$GPGSV,10,,35
2026-06-01T18:06:21.304716,$GPGSV,12,,34
2026-06-01T18:06:21.304716,$GPGSV,13,,30
2026-06-01T18:06:21.304716,$GPGSV,18,,40
2026-06-01T18:06:21.307856,$GPGSV,23,,40
2026-06-01T18:06:21.307856,$GPGSV,25,,20
2026-06-01T18:06:21.307856,$GPGSV,28,,34
2026-06-01T18:06:21.307856,$GPGSV,32,,33
2026-06-01T18:06:21.310345,$GPGSV,41,,36
2026-06-01T18:06:21.310345,$GPGSV,42,,40
2026-06-01T18:06:21.310345,$GPGSV,50,,37
2026-06-01T18:06:21.313077,$GPGSV,10,,30
2026-06-01T18:06:21.313077,$GPGSV,12,,30
2026-06-01T18:06:21.313077,$GPGSV,13,,29
2026-06-01T18:06:21.313077,$GPGSV,18,,38
2026-06-01T18:06:21.316609,$GPGSV,23,,38
2026-06-01T18:06:21.316609,$GPGSV,25,,12
2026-06-01T18:06:21.316609,$GPGSV,28,,29
2026-06-01T18:06:21.316609,$GPGSV,32,,34
2026-06-01T18:06:21.321862,$GLGSV,65,,31
2026-06-01T18:06:21.321862,$GLGSV,66,,34
2026-06-01T18:06:21.321862,$GLGSV,75,,41
2026-06-01T18:06:21.321862,$GLGSV,76,,30
2026-06-01T18:06:21.323482,$GLGSV,86,,10
2026-06-01T18:06:21.323482,$GLGSV,87,,35
2026-06-01T18:06:21.323482,$GLGSV,88,,41
2026-06-01T18:06:21.325510,$GLGSV,66,,32
2026-06-01T18:06:21.325510,$GLGSV,72,,18
2026-06-01T18:06:21.325510,$GLGSV,75,,43
2026-06-01T18:06:21.325510,$GLGSV,76,,35
2026-06-01T18:06:21.327520,$GLGSV,86,,19
2026-06-01T18:06:21.327520,$GLGSV,88,,37
2026-06-01T18:06:21.329388,$GAGSV,03,,36
2026-06-01T18:06:21.329388,$GAGSV,08,,35
2026-06-01T18:06:21.329388,$GAGSV,15,,39
2026-06-01T18:06:21.329388,$GAGSV,32,,39
2026-06-01T18:06:21.330100,$GAGSV,34,,39
2026-06-01T18:06:21.331160,$GAGSV,03,,37
2026-06-01T18:06:21.331160,$GAGSV,08,,35
2026-06-01T18:06:21.331160,$GAGSV,15,,40
2026-06-01T18:06:21.331160,$GAGSV,32,,38
2026-06-01T18:06:21.331850,$GAGSV,34,,41
2026-06-01T18:06:21.334388,$GBGSV,06,,39
2026-06-01T18:06:21.334388,$GBGSV,07,,41
2026-06-01T18:06:21.334388,$GBGSV,09,,37
2026-06-01T18:06:21.334388,$GBGSV,10,,42
2026-06-01T18:06:21.335371,$GBGSV,13,,40
2026-06-01T18:06:21.335371,$GBGSV,25,,44
2026-06-01T18:06:21.335371,$GBGSV,28,,27
2026-06-01T18:06:21.335371,$GBGSV,33,,40
2026-06-01T18:06:21.336053,$GBGSV,09,,36
2026-06-01T18:06:21.336053,$GBGSV,10,,37
2026-06-01T18:06:22.306705,$GPGSV,10,,34
2026-06-01T18:06:22.306705,$GPGSV,12,,33
2026-06-01T18:06:22.306705,$GPGSV,13,,31
2026-06-01T18:06:22.306705,$GPGSV,18,,40
2026-06-01T18:06:22.310012,$GPGSV,23,,40
2026-06-01T18:06:22.310012,$GPGSV,25,,20
2026-06-01T18:06:22.310012,$GPGSV,28,,34
2026-06-01T18:06:22.310012,$GPGSV,32,,32
2026-06-01T18:06:22.312484,$GPGSV,41,,36
2026-06-01T18:06:22.312484,$GPGSV,42,,40
2026-06-01T18:06:22.312484,$GPGSV,50,,37
2026-06-01T18:06:22.315395,$GPGSV,10,,30
2026-06-01T18:06:22.315395,$GPGSV,12,,30
2026-06-01T18:06:22.315395,$GPGSV,13,,29
2026-06-01T18:06:22.315395,$GPGSV,18,,38
2026-06-01T18:06:22.319176,$GPGSV,23,,38
2026-06-01T18:06:22.319176,$GPGSV,25,,14
2026-06-01T18:06:22.319176,$GPGSV,28,,29
2026-06-01T18:06:22.319176,$GPGSV,32,,34
2026-06-01T18:06:22.324614,$GLGSV,65,,32
2026-06-01T18:06:22.324614,$GLGSV,66,,33
2026-06-01T18:06:22.324614,$GLGSV,75,,41
2026-06-01T18:06:22.324614,$GLGSV,76,,29
2026-06-01T18:06:22.326263,$GLGSV,86,,09
2026-06-01T18:06:22.326263,$GLGSV,87,,35
2026-06-01T18:06:22.326263,$GLGSV,88,,41
2026-06-01T18:06:22.328720,$GLGSV,66,,32
2026-06-01T18:06:22.328720,$GLGSV,72,,19
2026-06-01T18:06:22.328720,$GLGSV,75,,42
2026-06-01T18:06:22.328720,$GLGSV,76,,35
2026-06-01T18:06:22.329854,$GLGSV,86,,19
2026-06-01T18:06:22.329854,$GLGSV,88,,37
2026-06-01T18:06:22.331849,$GAGSV,03,,36
2026-06-01T18:06:22.331849,$GAGSV,08,,34
2026-06-01T18:06:22.331849,$GAGSV,15,,39
2026-06-01T18:06:22.331849,$GAGSV,32,,39
2026-06-01T18:06:22.332547,$GAGSV,34,,39
2026-06-01T18:06:22.333621,$GAGSV,03,,37
2026-06-01T18:06:22.333621,$GAGSV,08,,35
2026-06-01T18:06:22.333621,$GAGSV,15,,40
2026-06-01T18:06:22.333621,$GAGSV,32,,37
2026-06-01T18:06:22.334323,$GAGSV,34,,41
2026-06-01T18:06:22.337023,$GBGSV,06,,39
2026-06-01T18:06:22.337023,$GBGSV,07,,42
2026-06-01T18:06:22.337023,$GBGSV,09,,37
2026-06-01T18:06:22.337023,$GBGSV,10,,42
2026-06-01T18:06:22.338086,$GBGSV,13,,40
2026-06-01T18:06:22.338086,$GBGSV,25,,44
2026-06-01T18:06:22.338086,$GBGSV,28,,26
2026-06-01T18:06:22.338086,$GBGSV,33,,40
2026-06-01T18:06:22.338837,$GBGSV,09,,36
2026-06-01T18:06:22.338837,$GBGSV,10,,37
2026-06-01T18:06:23.303628,$GPGSV,10,,34
2026-06-01T18:06:23.303628,$GPGSV,12,,33
2026-06-01T18:06:23.303628,$GPGSV,13,,31
2026-06-01T18:06:23.303628,$GPGSV,18,,40
2026-06-01T18:06:23.307435,$GPGSV,23,,40
2026-06-01T18:06:23.307435,$GPGSV,25,,20
2026-06-01T18:06:23.307435,$GPGSV,28,,34
2026-06-01T18:06:23.307435,$GPGSV,32,,31
2026-06-01T18:06:23.310166,$GPGSV,41,,37
2026-06-01T18:06:23.310166,$GPGSV,42,,40
2026-06-01T18:06:23.310166,$GPGSV,50,,37
2026-06-01T18:06:23.312382,$GPGSV,10,,30
2026-06-01T18:06:23.312382,$GPGSV,12,,30
2026-06-01T18:06:23.312382,$GPGSV,13,,29
2026-06-01T18:06:23.312382,$GPGSV,18,,38
2026-06-01T18:06:23.314307,$GPGSV,23,,38
2026-06-01T18:06:23.314307,$GPGSV,25,,14
2026-06-01T18:06:23.314307,$GPGSV,28,,29
2026-06-01T18:06:23.314307,$GPGSV,32,,34
2026-06-01T18:06:23.318320,$GLGSV,65,,32
2026-06-01T18:06:23.318320,$GLGSV,66,,33
2026-06-01T18:06:23.318320,$GLGSV,75,,41
2026-06-01T18:06:23.318320,$GLGSV,76,,28
2026-06-01T18:06:23.319435,$GLGSV,86,,10
2026-06-01T18:06:23.319435,$GLGSV,87,,35
2026-06-01T18:06:23.319435,$GLGSV,88,,41
2026-06-01T18:06:23.320493,$GLGSV,66,,33
2026-06-01T18:06:23.320493,$GLGSV,72,,19
2026-06-01T18:06:23.320493,$GLGSV,75,,42
2026-06-01T18:06:23.320493,$GLGSV,76,,35
2026-06-01T18:06:23.321270,$GLGSV,86,,19
2026-06-01T18:06:23.321270,$GLGSV,88,,38
2026-06-01T18:06:23.322837,$GAGSV,03,,36
2026-06-01T18:06:23.322837,$GAGSV,08,,35
2026-06-01T18:06:23.322837,$GAGSV,15,,38
2026-06-01T18:06:23.322837,$GAGSV,32,,39
2026-06-01T18:06:23.323444,$GAGSV,34,,39
2026-06-01T18:06:23.324712,$GAGSV,03,,38
2026-06-01T18:06:23.324712,$GAGSV,08,,35
2026-06-01T18:06:23.324712,$GAGSV,15,,40
2026-06-01T18:06:23.324712,$GAGSV,32,,37
2026-06-01T18:06:23.325495,$GAGSV,34,,41
2026-06-01T18:06:23.328992,$GBGSV,06,,39
2026-06-01T18:06:23.328992,$GBGSV,07,,42
2026-06-01T18:06:23.328992,$GBGSV,09,,37
2026-06-01T18:06:23.328992,$GBGSV,10,,42
2026-06-01T18:06:23.329803,$GBGSV,13,,40
2026-06-01T18:06:23.329803,$GBGSV,25,,44
2026-06-01T18:06:23.329803,$GBGSV,28,,25
2026-06-01T18:06:23.329803,$GBGSV,33,,40
2026-06-01T18:06:23.330311,$GBGSV,09,,35
2026-06-01T18:06:23.330311,$GBGSV,10,,37
2026-06-01T18:06:24.301650,$GPGSV,10,,34
2026-06-01T18:06:24.301650,$GPGSV,12,,33
2026-06-01T18:06:24.301650,$GPGSV,13,,31
2026-06-01T18:06:24.301650,$GPGSV,18,,40
2026-06-01T18:06:24.303885,$GPGSV,23,,40
2026-06-01T18:06:24.303885,$GPGSV,25,,20
2026-06-01T18:06:24.303885,$GPGSV,28,,34
2026-06-01T18:06:24.303885,$GPGSV,32,,31
2026-06-01T18:06:24.305862,$GPGSV,41,,37
2026-06-01T18:06:24.305862,$GPGSV,42,,40
2026-06-01T18:06:24.305862,$GPGSV,50,,37
2026-06-01T18:06:24.308019,$GPGSV,10,,29
2026-06-01T18:06:24.308019,$GPGSV,12,,30
2026-06-01T18:06:24.308019,$GPGSV,13,,30
2026-06-01T18:06:24.308019,$GPGSV,18,,38
2026-06-01T18:06:24.310316,$GPGSV,23,,38
2026-06-01T18:06:24.310316,$GPGSV,25,,13
2026-06-01T18:06:24.310316,$GPGSV,28,,28
2026-06-01T18:06:24.310316,$GPGSV,32,,34
2026-06-01T18:06:24.316189,$GLGSV,65,,31
2026-06-01T18:06:24.316189,$GLGSV,66,,33
2026-06-01T18:06:24.316189,$GLGSV,75,,40
2026-06-01T18:06:24.316189,$GLGSV,76,,27
2026-06-01T18:06:24.318225,$GLGSV,86,,11
2026-06-01T18:06:24.318225,$GLGSV,87,,35
2026-06-01T18:06:24.318225,$GLGSV,88,,42
2026-06-01T18:06:24.319834,$GLGSV,66,,33
2026-06-01T18:06:24.319834,$GLGSV,72,,19
2026-06-01T18:06:24.319834,$GLGSV,75,,42
2026-06-01T18:06:24.319834,$GLGSV,76,,35
2026-06-01T18:06:24.320970,$GLGSV,86,,18
2026-06-01T18:06:24.320970,$GLGSV,88,,37
2026-06-01T18:06:24.323145,$GAGSV,03,,35
2026-06-01T18:06:24.323145,$GAGSV,08,,34
2026-06-01T18:06:24.323145,$GAGSV,15,,38
2026-06-01T18:06:24.323145,$GAGSV,32,,39
2026-06-01T18:06:24.324570,$GAGSV,34,,39
2026-06-01T18:06:24.325877,$GAGSV,03,,38
2026-06-01T18:06:24.325877,$GAGSV,08,,36
2026-06-01T18:06:24.325877,$GAGSV,15,,40
2026-06-01T18:06:24.325877,$GAGSV,32,,37
2026-06-01T18:06:24.326460,$GAGSV,34,,41
2026-06-01T18:06:24.328921,$GBGSV,06,,40
2026-06-01T18:06:24.328921,$GBGSV,07,,42
2026-06-01T18:06:24.328921,$GBGSV,09,,36
2026-06-01T18:06:24.328921,$GBGSV,10,,42
2026-06-01T18:06:24.329806,$GBGSV,13,,40
2026-06-01T18:06:24.329806,$GBGSV,25,,44
2026-06-01T18:06:24.329806,$GBGSV,28,,25
2026-06-01T18:06:24.329806,$GBGSV,33,,40
2026-06-01T18:06:24.330398,$GBGSV,09,,35
2026-06-01T18:06:24.330398,$GBGSV,10,,36
2026-06-01T18:06:25.303457,$GPGSV,10,,34
2026-06-01T18:06:25.303457,$GPGSV,12,,33
2026-06-01T18:06:25.303457,$GPGSV,13,,31
2026-06-01T18:06:25.303457,$GPGSV,18,,41
2026-06-01T18:06:25.305931,$GPGSV,23,,40
2026-06-01T18:06:25.305931,$GPGSV,25,,18
2026-06-01T18:06:25.305931,$GPGSV,28,,34
2026-06-01T18:06:25.305931,$GPGSV,32,,32
2026-06-01T18:06:25.307808,$GPGSV,41,,37
2026-06-01T18:06:25.307808,$GPGSV,42,,40
2026-06-01T18:06:25.307808,$GPGSV,50,,38
2026-06-01T18:06:25.310063,$GPGSV,10,,29
2026-06-01T18:06:25.310063,$GPGSV,12,,30
2026-06-01T18:06:25.310063,$GPGSV,13,,30
2026-06-01T18:06:25.310063,$GPGSV,18,,37
2026-06-01T18:06:25.312271,$GPGSV,23,,37
2026-06-01T18:06:25.312271,$GPGSV,25,,15
2026-06-01T18:06:25.312271,$GPGSV,28,,29
2026-06-01T18:06:25.312271,$GPGSV,32,,34
2026-06-01T18:06:25.317908,$GLGSV,65,,31
2026-06-01T18:06:25.317908,$GLGSV,66,,34
2026-06-01T18:06:25.317908,$GLGSV,75,,40
2026-06-01T18:06:25.317908,$GLGSV,76,,27
2026-06-01T18:06:25.319202,$GLGSV,86,,12
2026-06-01T18:06:25.319202,$GLGSV,87,,35
2026-06-01T18:06:25.319202,$GLGSV,88,,42
2026-06-01T18:06:25.321067,$GLGSV,66,,34
2026-06-01T18:06:25.321067,$GLGSV,72,,17
2026-06-01T18:06:25.321067,$GLGSV,75,,42
2026-06-01T18:06:25.321067,$GLGSV,76,,35
2026-06-01T18:06:25.322439,$GLGSV,86,,19
2026-06-01T18:06:25.322439,$GLGSV,88,,37
2026-06-01T18:06:25.326026,$GAGSV,03,,35
2026-06-01T18:06:25.326026,$GAGSV,08,,34
2026-06-01T18:06:25.326026,$GAGSV,15,,38
2026-06-01T18:06:25.326026,$GAGSV,32,,39
2026-06-01T18:06:25.327454,$GAGSV,34,,39
2026-06-01T18:06:25.328931,$GAGSV,03,,38
2026-06-01T18:06:25.328931,$GAGSV,08,,36
2026-06-01T18:06:25.328931,$GAGSV,15,,40
2026-06-01T18:06:25.328931,$GAGSV,32,,37
2026-06-01T18:06:25.329488,$GAGSV,34,,41
2026-06-01T18:06:25.331523,$GBGSV,06,,39
2026-06-01T18:06:25.331523,$GBGSV,07,,41
2026-06-01T18:06:25.331523,$GBGSV,09,,36
2026-06-01T18:06:25.331523,$GBGSV,10,,42
2026-06-01T18:06:25.332216,$GBGSV,13,,40
2026-06-01T18:06:25.332216,$GBGSV,25,,44
2026-06-01T18:06:25.332216,$GBGSV,28,,22
2026-06-01T18:06:25.332216,$GBGSV,33,,40
2026-06-01T18:06:25.332709,$GBGSV,09,,35
2026-06-01T18:06:25.332709,$GBGSV,10,,36
2026-06-01T18:06:26.300488,$GPGSV,10,,34
2026-06-01T18:06:26.300488,$GPGSV,12,,33
2026-06-01T18:06:26.300488,$GPGSV,13,,30
2026-06-01T18:06:26.300488,$GPGSV,18,,41
2026-06-01T18:06:26.302866,$GPGSV,23,,40
2026-06-01T18:06:26.302866,$GPGSV,25,,16
2026-06-01T18:06:26.302866,$GPGSV,28,,35
2026-06-01T18:06:26.302866,$GPGSV,32,,33
2026-06-01T18:06:26.304764,$GPGSV,41,,37
2026-06-01T18:06:26.304764,$GPGSV,42,,40
2026-06-01T18:06:26.304764,$GPGSV,50,,37
2026-06-01T18:06:26.307127,$GPGSV,10,,29
2026-06-01T18:06:26.307127,$GPGSV,12,,29
2026-06-01T18:06:26.307127,$GPGSV,13,,31
2026-06-01T18:06:26.307127,$GPGSV,18,,38
2026-06-01T18:06:26.309296,$GPGSV,23,,38
2026-06-01T18:06:26.309296,$GPGSV,25,,16
2026-06-01T18:06:26.309296,$GPGSV,28,,29
2026-06-01T18:06:26.309296,$GPGSV,32,,33
2026-06-01T18:06:26.315014,$GLGSV,65,,31
2026-06-01T18:06:26.315014,$GLGSV,66,,34
2026-06-01T18:06:26.315014,$GLGSV,75,,40
2026-06-01T18:06:26.315014,$GLGSV,76,,28
2026-06-01T18:06:26.317158,$GLGSV,86,,10
2026-06-01T18:06:26.317158,$GLGSV,87,,35
2026-06-01T18:06:26.317158,$GLGSV,88,,41
2026-06-01T18:06:26.319200,$GLGSV,66,,33
2026-06-01T18:06:26.319200,$GLGSV,72,,14
2026-06-01T18:06:26.319200,$GLGSV,75,,42
2026-06-01T18:06:26.319200,$GLGSV,76,,35
2026-06-01T18:06:26.320311,$GLGSV,86,,19
2026-06-01T18:06:26.320311,$GLGSV,88,,36
2026-06-01T18:06:26.322550,$GAGSV,03,,35
2026-06-01T18:06:26.322550,$GAGSV,08,,34
2026-06-01T18:06:26.322550,$GAGSV,15,,38
2026-06-01T18:06:26.322550,$GAGSV,32,,39
2026-06-01T18:06:26.324368,$GAGSV,34,,39
2026-06-01T18:06:26.325762,$GAGSV,03,,37
2026-06-01T18:06:26.325762,$GAGSV,08,,36
2026-06-01T18:06:26.325762,$GAGSV,15,,40
2026-06-01T18:06:26.325762,$GAGSV,32,,38
2026-06-01T18:06:26.326369,$GAGSV,34,,40
2026-06-01T18:06:26.329131,$GBGSV,06,,38
2026-06-01T18:06:26.329131,$GBGSV,07,,41
2026-06-01T18:06:26.329131,$GBGSV,09,,37
2026-06-01T18:06:26.329131,$GBGSV,10,,42
2026-06-01T18:06:26.330081,$GBGSV,13,,40
2026-06-01T18:06:26.330081,$GBGSV,25,,44
2026-06-01T18:06:26.330081,$GBGSV,28,,19
2026-06-01T18:06:26.330081,$GBGSV,33,,40
2026-06-01T18:06:26.330681,$GBGSV,09,,35
2026-06-01T18:06:26.330681,$GBGSV,10,,36
2026-06-01T18:06:27.287568,$GPGSV,10,,35
2026-06-01T18:06:27.287568,$GPGSV,12,,34
2026-06-01T18:06:27.287568,$GPGSV,13,,33
2026-06-01T18:06:27.287568,$GPGSV,18,,41
2026-06-01T18:06:27.288307,$GPGSV,23,,40
2026-06-01T18:06:27.288307,$GPGSV,25,,16
2026-06-01T18:06:27.288307,$GPGSV,28,,31
2026-06-01T18:06:27.288307,$GPGSV,32,,38
2026-06-01T18:06:27.288910,$GPGSV,41,,41
2026-06-01T18:06:27.288910,$GPGSV,42,,38
2026-06-01T18:06:27.288910,$GPGSV,50,,38
2026-06-01T18:06:27.290597,$GPGSV,10,,30
2026-06-01T18:06:27.290597,$GPGSV,12,,28
2026-06-01T18:06:27.290597,$GPGSV,13,,32
2026-06-01T18:06:27.290597,$GPGSV,18,,35
2026-06-01T18:06:27.291525,$GPGSV,23,,35
2026-06-01T18:06:27.291525,$GPGSV,25,,15
2026-06-01T18:06:27.291525,$GPGSV,28,,29
2026-06-01T18:06:27.291525,$GPGSV,32,,30
2026-06-01T18:06:27.293238,$GLGSV,65,,31
2026-06-01T18:06:27.293238,$GLGSV,66,,33
2026-06-01T18:06:27.293238,$GLGSV,75,,40
2026-06-01T18:06:27.293238,$GLGSV,76,,29
2026-06-01T18:06:27.293810,$GLGSV,86,,11
2026-06-01T18:06:27.293810,$GLGSV,87,,31
2026-06-01T18:06:27.293810,$GLGSV,88,,40
2026-06-01T18:06:27.294489,$GLGSV,66,,34
2026-06-01T18:06:27.294489,$GLGSV,72,,12
2026-06-01T18:06:27.294489,$GLGSV,75,,39
2026-06-01T18:06:27.294489,$GLGSV,76,,32
2026-06-01T18:06:27.294960,$GLGSV,86,,18
2026-06-01T18:06:27.294960,$GLGSV,88,,36
2026-06-01T18:06:27.296119,$GAGSV,03,,38
2026-06-01T18:06:27.296119,$GAGSV,08,,35
2026-06-01T18:06:27.296119,$GAGSV,15,,39
2026-06-01T18:06:27.296119,$GAGSV,32,,40
2026-06-01T18:06:27.296483,$GAGSV,34,,40
2026-06-01T18:06:27.297217,$GAGSV,03,,38
2026-06-01T18:06:27.297217,$GAGSV,08,,36
2026-06-01T18:06:27.297217,$GAGSV,15,,38
2026-06-01T18:06:27.297217,$GAGSV,32,,40
2026-06-01T18:06:27.297580,$GAGSV,34,,40
2026-06-01T18:06:27.299259,$GBGSV,06,,41
2026-06-01T18:06:27.299259,$GBGSV,07,,41
2026-06-01T18:06:27.299259,$GBGSV,09,,40
2026-06-01T18:06:27.299259,$GBGSV,10,,42
2026-06-01T18:06:27.299906,$GBGSV,13,,40
2026-06-01T18:06:27.299906,$GBGSV,25,,43
2026-06-01T18:06:27.299906,$GBGSV,28,,32
2026-06-01T18:06:27.299906,$GBGSV,33,,41
2026-06-01T18:06:27.300356,$GBGSV,09,,34
2026-06-01T18:06:27.300356,$GBGSV,10,,36
2026-06-01T18:06:28.307685,$GPGSV,10,,39
2026-06-01T18:06:28.307685,$GPGSV,12,,31
2026-06-01T18:06:28.307685,$GPGSV,13,,33
2026-06-01T18:06:28.307685,$GPGSV,18,,38
2026-06-01T18:06:28.310190,$GPGSV,23,,41
2026-06-01T18:06:28.310190,$GPGSV,25,,19
2026-06-01T18:06:28.310190,$GPGSV,28,,27
2026-06-01T18:06:28.310190,$GPGSV,32,,38
2026-06-01T18:06:28.312072,$GPGSV,41,,38
2026-06-01T18:06:28.312072,$GPGSV,42,,40
2026-06-01T18:06:28.312072,$GPGSV,50,,38
2026-06-01T18:06:28.314438,$GPGSV,10,,30
2026-06-01T18:06:28.314438,$GPGSV,12,,26
2026-06-01T18:06:28.314438,$GPGSV,13,,31
2026-06-01T18:06:28.314438,$GPGSV,18,,38
2026-06-01T18:06:28.316699,$GPGSV,23,,38
2026-06-01T18:06:28.316699,$GPGSV,25,,13
2026-06-01T18:06:28.316699,$GPGSV,28,,20
2026-06-01T18:06:28.316699,$GPGSV,32,,35
2026-06-01T18:06:28.323196,$GLGSV,65,,34
2026-06-01T18:06:28.323196,$GLGSV,66,,33
2026-06-01T18:06:28.323196,$GLGSV,75,,40
2026-06-01T18:06:28.323196,$GLGSV,76,,29
2026-06-01T18:06:28.326051,$GLGSV,86,,12
2026-06-01T18:06:28.326051,$GLGSV,87,,33
2026-06-01T18:06:28.326051,$GLGSV,88,,41
2026-06-01T18:06:28.328316,$GLGSV,66,,24
2026-06-01T18:06:28.328316,$GLGSV,72,,12
2026-06-01T18:06:28.328316,$GLGSV,75,,42
2026-06-01T18:06:28.328316,$GLGSV,76,,34
2026-06-01T18:06:28.329925,$GLGSV,86,,16
2026-06-01T18:06:28.329925,$GLGSV,88,,36
2026-06-01T18:06:28.333850,$GAGSV,03,,39
2026-06-01T18:06:28.333850,$GAGSV,08,,35
2026-06-01T18:06:28.333850,$GAGSV,15,,39
2026-06-01T18:06:28.333850,$GAGSV,32,,40
2026-06-01T18:06:28.334695,$GAGSV,34,,40
2026-06-01T18:06:28.336061,$GAGSV,03,,38
2026-06-01T18:06:28.336061,$GAGSV,08,,36
2026-06-01T18:06:28.336061,$GAGSV,15,,40
2026-06-01T18:06:28.336061,$GAGSV,32,,39
2026-06-01T18:06:28.337259,$GAGSV,34,,40
2026-06-01T18:06:28.337259,$GAGSV,36,,21
2026-06-01T18:06:28.340003,$GBGSV,06,,40
2026-06-01T18:06:28.340003,$GBGSV,07,,42
2026-06-01T18:06:28.340003,$GBGSV,09,,39
2026-06-01T18:06:28.340003,$GBGSV,10,,43
2026-06-01T18:06:28.341068,$GBGSV,13,,42
2026-06-01T18:06:28.341068,$GBGSV,25,,43
2026-06-01T18:06:28.341068,$GBGSV,28,,37
2026-06-01T18:06:28.341068,$GBGSV,33,,38
2026-06-01T18:06:28.341878,$GBGSV,09,,36
2026-06-01T18:06:28.341878,$GBGSV,10,,38
2026-06-01T18:06:29.303975,$GPGSV,10,,38
2026-06-01T18:06:29.303975,$GPGSV,12,,30
2026-06-01T18:06:29.303975,$GPGSV,13,,30
2026-06-01T18:06:29.303975,$GPGSV,18,,40
2026-06-01T18:06:29.306267,$GPGSV,23,,39
2026-06-01T18:06:29.306267,$GPGSV,25,,23
2026-06-01T18:06:29.306267,$GPGSV,28,,27
2026-06-01T18:06:29.306267,$GPGSV,32,,38
2026-06-01T18:06:29.308387,$GPGSV,41,,38
2026-06-01T18:06:29.308387,$GPGSV,42,,40
2026-06-01T18:06:29.308387,$GPGSV,50,,37
2026-06-01T18:06:29.310995,$GPGSV,10,,30
2026-06-01T18:06:29.310995,$GPGSV,12,,26
2026-06-01T18:06:29.310995,$GPGSV,13,,28
2026-06-01T18:06:29.310995,$GPGSV,18,,39
2026-06-01T18:06:29.313611,$GPGSV,23,,38
2026-06-01T18:06:29.313611,$GPGSV,25,,16
2026-06-01T18:06:29.313611,$GPGSV,28,,22
2026-06-01T18:06:29.313611,$GPGSV,32,,33
2026-06-01T18:06:29.319470,$GLGSV,65,,34
2026-06-01T18:06:29.319470,$GLGSV,66,,29
2026-06-01T18:06:29.319470,$GLGSV,75,,40
2026-06-01T18:06:29.319470,$GLGSV,76,,30
2026-06-01T18:06:29.320768,$GLGSV,86,,10
2026-06-01T18:06:29.320768,$GLGSV,87,,34
2026-06-01T18:06:29.320768,$GLGSV,88,,40
2026-06-01T18:06:29.322467,$GLGSV,66,,29
2026-06-01T18:06:29.322467,$GLGSV,72,,10
2026-06-01T18:06:29.322467,$GLGSV,75,,40
2026-06-01T18:06:29.322467,$GLGSV,76,,34
2026-06-01T18:06:29.323314,$GLGSV,86,,13
2026-06-01T18:06:29.323314,$GLGSV,88,,39
2026-06-01T18:06:29.324958,$GAGSV,03,,39
2026-06-01T18:06:29.324958,$GAGSV,08,,37
2026-06-01T18:06:29.324958,$GAGSV,15,,39
2026-06-01T18:06:29.324958,$GAGSV,32,,36
2026-06-01T18:06:29.326063,$GAGSV,34,,40
2026-06-01T18:06:29.328069,$GAGSV,03,,37
2026-06-01T18:06:29.328069,$GAGSV,08,,36
2026-06-01T18:06:29.328069,$GAGSV,15,,40
2026-06-01T18:06:29.328069,$GAGSV,32,,37
2026-06-01T18:06:29.328971,$GAGSV,34,,40
2026-06-01T18:06:29.328971,$GAGSV,36,,19
2026-06-01T18:06:29.331193,$GBGSV,06,,41
2026-06-01T18:06:29.331193,$GBGSV,07,,43
2026-06-01T18:06:29.331193,$GBGSV,09,,40
2026-06-01T18:06:29.331193,$GBGSV,10,,42
2026-06-01T18:06:29.332050,$GBGSV,13,,37
2026-06-01T18:06:29.332050,$GBGSV,25,,44
2026-06-01T18:06:29.332050,$GBGSV,28,,34
2026-06-01T18:06:29.332050,$GBGSV,33,,41
2026-06-01T18:06:29.332752,$GBGSV,09,,35
2026-06-01T18:06:29.332752,$GBGSV,10,,38
2026-06-01T18:06:30.304299,$GPGSV,10,,40
2026-06-01T18:06:30.304299,$GPGSV,12,,24
2026-06-01T18:06:30.304299,$GPGSV,13,,33
2026-06-01T18:06:30.304299,$GPGSV,18,,40
2026-06-01T18:06:30.306614,$GPGSV,23,,41
2026-06-01T18:06:30.306614,$GPGSV,25,,22
2026-06-01T18:06:30.306614,$GPGSV,28,,28
2026-06-01T18:06:30.306614,$GPGSV,32,,35
2026-06-01T18:06:30.308908,$GPGSV,41,,40
2026-06-01T18:06:30.308908,$GPGSV,42,,38
2026-06-01T18:06:30.308908,$GPGSV,50,,37
2026-06-01T18:06:30.311197,$GPGSV,10,,31
2026-06-01T18:06:30.311197,$GPGSV,12,,25
2026-06-01T18:06:30.311197,$GPGSV,13,,29
2026-06-01T18:06:30.311197,$GPGSV,18,,39
2026-06-01T18:06:30.313641,$GPGSV,23,,38
2026-06-01T18:06:30.313641,$GPGSV,25,,17
2026-06-01T18:06:30.313641,$GPGSV,28,,23
2026-06-01T18:06:30.313641,$GPGSV,32,,33
2026-06-01T18:06:30.320288,$GLGSV,65,,33
2026-06-01T18:06:30.320288,$GLGSV,66,,30
2026-06-01T18:06:30.320288,$GLGSV,75,,41
2026-06-01T18:06:30.320288,$GLGSV,76,,30
2026-06-01T18:06:30.322182,$GLGSV,86,,10
2026-06-01T18:06:30.322182,$GLGSV,87,,30
2026-06-01T18:06:30.322182,$GLGSV,88,,33
2026-06-01T18:06:30.323707,$GLGSV,66,,33
2026-06-01T18:06:30.323707,$GLGSV,72,,11
2026-06-01T18:06:30.323707,$GLGSV,75,,42
2026-06-01T18:06:30.323707,$GLGSV,76,,34
2026-06-01T18:06:30.324742,$GLGSV,86,,12
2026-06-01T18:06:30.324742,$GLGSV,88,,39
2026-06-01T18:06:30.327526,$GAGSV,03,,39
2026-06-01T18:06:30.327526,$GAGSV,08,,38
2026-06-01T18:06:30.327526,$GAGSV,15,,40
2026-06-01T18:06:30.327526,$GAGSV,32,,36
2026-06-01T18:06:30.328236,$GAGSV,34,,40
2026-06-01T18:06:30.329350,$GAGSV,03,,36
2026-06-01T18:06:30.329350,$GAGSV,08,,35
2026-06-01T18:06:30.329350,$GAGSV,15,,40
2026-06-01T18:06:30.329350,$GAGSV,32,,37
2026-06-01T18:06:30.330130,$GAGSV,34,,41
2026-06-01T18:06:30.330130,$GAGSV,36,,12
2026-06-01T18:06:30.332379,$GBGSV,06,,40
2026-06-01T18:06:30.332379,$GBGSV,07,,43
2026-06-01T18:06:30.332379,$GBGSV,09,,38
2026-06-01T18:06:30.332379,$GBGSV,10,,42
2026-06-01T18:06:30.333261,$GBGSV,13,,28
2026-06-01T18:06:30.333261,$GBGSV,25,,43
2026-06-01T18:06:30.333261,$GBGSV,28,,32
2026-06-01T18:06:30.333261,$GBGSV,33,,39
2026-06-01T18:06:30.333891,$GBGSV,09,,35
2026-06-01T18:06:30.333891,$GBGSV,10,,38
2026-06-01T18:06:31.299612,$GPGSV,10,,38
2026-06-01T18:06:31.299612,$GPGSV,12,,32
2026-06-01T18:06:31.299612,$GPGSV,13,,32
2026-06-01T18:06:31.299612,$GPGSV,18,,39
2026-06-01T18:06:31.300878,$GPGSV,23,,40
2026-06-01T18:06:31.300878,$GPGSV,25,,21
2026-06-01T18:06:31.300878,$GPGSV,28,,32
2026-06-01T18:06:31.300878,$GPGSV,32,,39
2026-06-01T18:06:31.302049,$GPGSV,41,,40
2026-06-01T18:06:31.302049,$GPGSV,42,,41
2026-06-01T18:06:31.302049,$GPGSV,50,,38
2026-06-01T18:06:31.303157,$GPGSV,10,,32
2026-06-01T18:06:31.303157,$GPGSV,12,,25
2026-06-01T18:06:31.303157,$GPGSV,13,,28
2026-06-01T18:06:31.303157,$GPGSV,18,,39
2026-06-01T18:06:31.304231,$GPGSV,23,,38
2026-06-01T18:06:31.304231,$GPGSV,25,,17
2026-06-01T18:06:31.304231,$GPGSV,28,,21
2026-06-01T18:06:31.304231,$GPGSV,32,,32
2026-06-01T18:06:31.307221,$GLGSV,65,,32
2026-06-01T18:06:31.307221,$GLGSV,66,,29
2026-06-01T18:06:31.307221,$GLGSV,75,,41
2026-06-01T18:06:31.307221,$GLGSV,76,,33
2026-06-01T18:06:31.308350,$GLGSV,86,,12
2026-06-01T18:06:31.308350,$GLGSV,87,,37
2026-06-01T18:06:31.308350,$GLGSV,88,,36
2026-06-01T18:06:31.309515,$GLGSV,66,,33
2026-06-01T18:06:31.309515,$GLGSV,72,,12
2026-06-01T18:06:31.309515,$GLGSV,75,,43
2026-06-01T18:06:31.309515,$GLGSV,76,,30
2026-06-01T18:06:31.310406,$GLGSV,86,,13
2026-06-01T18:06:31.310406,$GLGSV,88,,37
2026-06-01T18:06:31.313790,$GAGSV,03,,38
2026-06-01T18:06:31.313790,$GAGSV,08,,37
2026-06-01T18:06:31.313790,$GAGSV,15,,40
2026-06-01T18:06:31.313790,$GAGSV,32,,36
2026-06-01T18:06:31.314422,$GAGSV,34,,40
2026-06-01T18:06:31.316028,$GAGSV,03,,38
2026-06-01T18:06:31.316028,$GAGSV,08,,32
2026-06-01T18:06:31.316028,$GAGSV,15,,40
2026-06-01T18:06:31.316028,$GAGSV,32,,35
2026-06-01T18:06:31.317131,$GAGSV,34,,39
2026-06-01T18:06:31.320001,$GBGSV,06,,39
2026-06-01T18:06:31.320001,$GBGSV,07,,44
2026-06-01T18:06:31.320001,$GBGSV,09,,39
2026-06-01T18:06:31.320001,$GBGSV,10,,42
2026-06-01T18:06:31.321702,$GBGSV,13,,36
2026-06-01T18:06:31.321702,$GBGSV,25,,43
2026-06-01T18:06:31.321702,$GBGSV,28,,30
2026-06-01T18:06:31.321702,$GBGSV,33,,38
2026-06-01T18:06:31.322429,$GBGSV,09,,35
2026-06-01T18:06:31.322429,$GBGSV,10,,38
2026-06-01T18:06:32.302803,$GPGSV,10,,36
2026-06-01T18:06:32.302803,$GPGSV,12,,31
2026-06-01T18:06:32.302803,$GPGSV,13,,31
2026-06-01T18:06:32.302803,$GPGSV,18,,41
2026-06-01T18:06:32.304280,$GPGSV,23,,40
2026-06-01T18:06:32.304280,$GPGSV,25,,23
2026-06-01T18:06:32.304280,$GPGSV,28,,29
2026-06-01T18:06:32.304280,$GPGSV,32,,37
2026-06-01T18:06:32.305588,$GPGSV,41,,40
2026-06-01T18:06:32.305588,$GPGSV,42,,40
2026-06-01T18:06:32.305588,$GPGSV,50,,37
2026-06-01T18:06:32.309003,$GPGSV,10,,33
2026-06-01T18:06:32.309003,$GPGSV,12,,24
2026-06-01T18:06:32.309003,$GPGSV,13,,27
2026-06-01T18:06:32.309003,$GPGSV,18,,39
2026-06-01T18:06:32.311502,$GPGSV,23,,37
2026-06-01T18:06:32.311502,$GPGSV,25,,17
2026-06-01T18:06:32.311502,$GPGSV,28,,22
2026-06-01T18:06:32.311502,$GPGSV,32,,33
2026-06-01T18:06:32.316527,$GLGSV,65,,32
2026-06-01T18:06:32.316527,$GLGSV,66,,33
2026-06-01T18:06:32.316527,$GLGSV,75,,39
2026-06-01T18:06:32.316527,$GLGSV,76,,35
2026-06-01T18:06:32.317649,$GLGSV,86,,13
2026-06-01T18:06:32.317649,$GLGSV,87,,35
2026-06-01T18:06:32.317649,$GLGSV,88,,36
2026-06-01T18:06:32.318727,$GLGSV,66,,36
2026-06-01T18:06:32.318727,$GLGSV,72,,13
2026-06-01T18:06:32.318727,$GLGSV,75,,41
2026-06-01T18:06:32.318727,$GLGSV,76,,31
2026-06-01T18:06:32.319885,$GLGSV,86,,12
2026-06-01T18:06:32.319885,$GLGSV,88,,36
2026-06-01T18:06:32.322533,$GAGSV,03,,37
2026-06-01T18:06:32.322533,$GAGSV,08,,37
2026-06-01T18:06:32.322533,$GAGSV,15,,40
2026-06-01T18:06:32.322533,$GAGSV,32,,36
2026-06-01T18:06:32.323989,$GAGSV,34,,40
2026-06-01T18:06:32.326861,$GAGSV,03,,40
2026-06-01T18:06:32.326861,$GAGSV,08,,34
2026-06-01T18:06:32.326861,$GAGSV,15,,42
2026-06-01T18:06:32.326861,$GAGSV,32,,38
2026-06-01T18:06:32.327986,$GAGSV,34,,40
2026-06-01T18:06:32.330203,$GBGSV,06,,40
2026-06-01T18:06:32.330203,$GBGSV,07,,44
2026-06-01T18:06:32.330203,$GBGSV,09,,40
2026-06-01T18:06:32.330203,$GBGSV,10,,42
2026-06-01T18:06:32.330945,$GBGSV,13,,33
2026-06-01T18:06:32.330945,$GBGSV,25,,42
2026-06-01T18:06:32.330945,$GBGSV,28,,39
2026-06-01T18:06:32.330945,$GBGSV,33,,37
2026-06-01T18:06:32.331519,$GBGSV,09,,36
2026-06-01T18:06:32.331519,$GBGSV,10,,39
2026-06-01T18:06:33.298510,$GPGSV,10,,39
2026-06-01T18:06:33.298510,$GPGSV,12,,30
2026-06-01T18:06:33.298510,$GPGSV,13,,22
2026-06-01T18:06:33.298510,$GPGSV,18,,40
2026-06-01T18:06:33.299918,$GPGSV,23,,39
2026-06-01T18:06:33.299918,$GPGSV,25,,24
2026-06-01T18:06:33.299918,$GPGSV,28,,29
2026-06-01T18:06:33.299918,$GPGSV,32,,38
2026-06-01T18:06:33.301909,$GPGSV,41,,39
2026-06-01T18:06:33.301909,$GPGSV,42,,41
2026-06-01T18:06:33.301909,$GPGSV,50,,38
2026-06-01T18:06:33.303794,$GPGSV,10,,33
2026-06-01T18:06:33.303794,$GPGSV,12,,22
2026-06-01T18:06:33.303794,$GPGSV,13,,26
2026-06-01T18:06:33.303794,$GPGSV,18,,38
2026-06-01T18:06:33.305875,$GPGSV,23,,38
2026-06-01T18:06:33.305875,$GPGSV,25,,18
2026-06-01T18:06:33.305875,$GPGSV,28,,23
2026-06-01T18:06:33.305875,$GPGSV,32,,31
2026-06-01T18:06:33.312231,$GLGSV,65,,28
2026-06-01T18:06:33.312231,$GLGSV,66,,29
2026-06-01T18:06:33.312231,$GLGSV,75,,38
2026-06-01T18:06:33.312231,$GLGSV,76,,34
2026-06-01T18:06:33.315291,$GLGSV,86,,11
2026-06-01T18:06:33.315291,$GLGSV,87,,31
2026-06-01T18:06:33.315291,$GLGSV,88,,36
2026-06-01T18:06:33.317360,$GLGSV,66,,36
2026-06-01T18:06:33.317360,$GLGSV,72,,13
2026-06-01T18:06:33.317360,$GLGSV,75,,38
2026-06-01T18:06:33.317360,$GLGSV,76,,29
2026-06-01T18:06:33.318745,$GLGSV,86,,12
2026-06-01T18:06:33.318745,$GLGSV,88,,42
2026-06-01T18:06:33.321354,$GAGSV,03,,37
2026-06-01T18:06:33.321354,$GAGSV,08,,37
2026-06-01T18:06:33.321354,$GAGSV,15,,40
2026-06-01T18:06:33.321354,$GAGSV,32,,36
2026-06-01T18:06:33.322120,$GAGSV,34,,39
2026-06-01T18:06:33.323433,$GAGSV,03,,38
2026-06-01T18:06:33.323433,$GAGSV,08,,34
2026-06-01T18:06:33.323433,$GAGSV,15,,38
2026-06-01T18:06:33.323433,$GAGSV,32,,34
2026-06-01T18:06:33.324991,$GAGSV,34,,40
2026-06-01T18:06:33.330146,$GBGSV,06,,40
2026-06-01T18:06:33.330146,$GBGSV,07,,42
2026-06-01T18:06:33.330146,$GBGSV,09,,40
2026-06-01T18:06:33.330146,$GBGSV,10,,42
2026-06-01T18:06:33.332028,$GBGSV,13,,32
2026-06-01T18:06:33.332028,$GBGSV,25,,43
2026-06-01T18:06:33.332028,$GBGSV,28,,40
2026-06-01T18:06:33.332028,$GBGSV,33,,40
2026-06-01T18:06:33.332620,$GBGSV,09,,35
2026-06-01T18:06:33.332620,$GBGSV,10,,38
2026-06-01T18:06:34.303291,$GPGSV,10,,37
2026-06-01T18:06:34.303291,$GPGSV,12,,30
2026-06-01T18:06:34.303291,$GPGSV,13,,24
2026-06-01T18:06:34.303291,$GPGSV,18,,38
2026-06-01T18:06:34.305933,$GPGSV,23,,39
2026-06-01T18:06:34.305933,$GPGSV,25,,25
2026-06-01T18:06:34.305933,$GPGSV,28,,23
2026-06-01T18:06:34.305933,$GPGSV,32,,35
2026-06-01T18:06:34.307864,$GPGSV,41,,41
2026-06-01T18:06:34.307864,$GPGSV,42,,41
2026-06-01T18:06:34.307864,$GPGSV,50,,38
2026-06-01T18:06:34.310113,$GPGSV,10,,34
2026-06-01T18:06:34.310113,$GPGSV,12,,21
2026-06-01T18:06:34.310113,$GPGSV,13,,25
2026-06-01T18:06:34.310113,$GPGSV,18,,37
2026-06-01T18:06:34.312260,$GPGSV,23,,37
2026-06-01T18:06:34.312260,$GPGSV,25,,19
2026-06-01T18:06:34.312260,$GPGSV,28,,22
2026-06-01T18:06:34.312260,$GPGSV,32,,31
2026-06-01T18:06:34.316943,$GLGSV,65,,27
2026-06-01T18:06:34.316943,$GLGSV,66,,33
2026-06-01T18:06:34.316943,$GLGSV,75,,35
2026-06-01T18:06:34.316943,$GLGSV,76,,35
2026-06-01T18:06:34.318673,$GLGSV,86,,10
2026-06-01T18:06:34.318673,$GLGSV,87,,35
2026-06-01T18:06:34.318673,$GLGSV,88,,38
2026-06-01T18:06:34.320292,$GLGSV,66,,34
2026-06-01T18:06:34.320292,$GLGSV,72,,13
2026-06-01T18:06:34.320292,$GLGSV,75,,36
2026-06-01T18:06:34.320292,$GLGSV,76,,33
2026-06-01T18:06:34.321108,$GLGSV,86,,11
2026-06-01T18:06:34.321108,$GLGSV,88,,37
2026-06-01T18:06:34.323108,$GAGSV,03,,36
2026-06-01T18:06:34.323108,$GAGSV,08,,36
2026-06-01T18:06:34.323108,$GAGSV,15,,40
2026-06-01T18:06:34.323108,$GAGSV,32,,34
2026-06-01T18:06:34.323765,$GAGSV,34,,40
2026-06-01T18:06:34.325009,$GAGSV,03,,40
2026-06-01T18:06:34.325009,$GAGSV,08,,34
2026-06-01T18:06:34.325009,$GAGSV,15,,38
2026-06-01T18:06:34.325009,$GAGSV,32,,33
2026-06-01T18:06:34.326193,$GAGSV,34,,40
2026-06-01T18:06:34.331043,$GBGSV,06,,42
2026-06-01T18:06:34.331043,$GBGSV,07,,42
2026-06-01T18:06:34.331043,$GBGSV,09,,38
2026-06-01T18:06:34.331043,$GBGSV,10,,42
2026-06-01T18:06:34.331778,$GBGSV,13,,32
2026-06-01T18:06:34.331778,$GBGSV,25,,42
2026-06-01T18:06:34.331778,$GBGSV,28,,40
2026-06-01T18:06:34.331778,$GBGSV,33,,42
2026-06-01T18:06:34.332307,$GBGSV,09,,36
2026-06-01T18:06:34.332307,$GBGSV,10,,38
2026-06-01T18:06:35.308283,$GPGSV,10,,37
2026-06-01T18:06:35.308283,$GPGSV,12,,28
2026-06-01T18:06:35.308283,$GPGSV,13,,26
2026-06-01T18:06:35.308283,$GPGSV,18,,40
2026-06-01T18:06:35.310374,$GPGSV,23,,40
2026-06-01T18:06:35.310374,$GPGSV,25,,25
2026-06-01T18:06:35.310374,$GPGSV,28,,25
2026-06-01T18:06:35.310374,$GPGSV,32,,38
2026-06-01T18:06:35.311769,$GPGSV,41,,42
2026-06-01T18:06:35.311769,$GPGSV,42,,42
2026-06-01T18:06:35.311769,$GPGSV,50,,37
2026-06-01T18:06:35.314434,$GPGSV,10,,33
2026-06-01T18:06:35.314434,$GPGSV,12,,21
2026-06-01T18:06:35.314434,$GPGSV,13,,21
2026-06-01T18:06:35.314434,$GPGSV,18,,38
2026-06-01T18:06:35.315849,$GPGSV,23,,37
2026-06-01T18:06:35.315849,$GPGSV,25,,20
2026-06-01T18:06:35.315849,$GPGSV,28,,22
2026-06-01T18:06:35.315849,$GPGSV,32,,31
2026-06-01T18:06:35.318977,$GLGSV,65,,27
2026-06-01T18:06:35.318977,$GLGSV,66,,38
2026-06-01T18:06:35.318977,$GLGSV,75,,36
2026-06-01T18:06:35.318977,$GLGSV,76,,34
2026-06-01T18:06:35.320222,$GLGSV,86,,10
2026-06-01T18:06:35.320222,$GLGSV,87,,34
2026-06-01T18:06:35.320222,$GLGSV,88,,33
2026-06-01T18:06:35.322685,$GLGSV,66,,22
2026-06-01T18:06:35.322685,$GLGSV,72,,14
2026-06-01T18:06:35.322685,$GLGSV,75,,39
2026-06-01T18:06:35.322685,$GLGSV,76,,34
2026-06-01T18:06:35.323555,$GLGSV,86,,09
2026-06-01T18:06:35.323555,$GLGSV,88,,40
2026-06-01T18:06:35.325273,$GAGSV,03,,37
2026-06-01T18:06:35.325273,$GAGSV,08,,35
2026-06-01T18:06:35.325273,$GAGSV,15,,38
2026-06-01T18:06:35.325273,$GAGSV,32,,30
2026-06-01T18:06:35.326121,$GAGSV,34,,39
2026-06-01T18:06:35.327282,$GAGSV,03,,38
2026-06-01T18:06:35.327282,$GAGSV,08,,35
2026-06-01T18:06:35.327282,$GAGSV,15,,40
2026-06-01T18:06:35.327282,$GAGSV,32,,33
2026-06-01T18:06:35.328419,$GAGSV,34,,39
2026-06-01T18:06:35.333300,$GBGSV,06,,41
2026-06-01T18:06:35.333300,$GBGSV,07,,43
2026-06-01T18:06:35.333300,$GBGSV,09,,40
2026-06-01T18:06:35.333300,$GBGSV,10,,42
2026-06-01T18:06:35.334296,$GBGSV,13,,31
2026-06-01T18:06:35.334296,$GBGSV,25,,43
2026-06-01T18:06:35.334296,$GBGSV,28,,39
2026-06-01T18:06:35.334296,$GBGSV,33,,40
2026-06-01T18:06:35.334987,$GBGSV,09,,34
2026-06-01T18:06:35.334987,$GBGSV,10,,38
2026-06-01T18:06:36.291613,$GPGSV,10,,39
2026-06-01T18:06:36.291613,$GPGSV,13,,24
2026-06-01T18:06:36.291613,$GPGSV,18,,41
2026-06-01T18:06:36.291613,$GPGSV,23,,40
2026-06-01T18:06:36.292328,$GPGSV,25,,26
2026-06-01T18:06:36.292328,$GPGSV,28,,23
2026-06-01T18:06:36.292328,$GPGSV,32,,37
2026-06-01T18:06:36.292328,$GPGSV,41,,42
2026-06-01T18:06:36.292823,$GPGSV,42,,40
2026-06-01T18:06:36.292823,$GPGSV,50,,37
2026-06-01T18:06:36.293581,$GPGSV,10,,32
2026-06-01T18:06:36.293581,$GPGSV,12,,20
2026-06-01T18:06:36.293581,$GPGSV,13,,19
2026-06-01T18:06:36.293581,$GPGSV,18,,40
2026-06-01T18:06:36.294271,$GPGSV,23,,39
2026-06-01T18:06:36.294271,$GPGSV,25,,20
2026-06-01T18:06:36.294271,$GPGSV,28,,22
2026-06-01T18:06:36.294271,$GPGSV,32,,31
2026-06-01T18:06:36.296664,$GLGSV,65,,32
2026-06-01T18:06:36.296664,$GLGSV,66,,33
2026-06-01T18:06:36.296664,$GLGSV,75,,37
2026-06-01T18:06:36.296664,$GLGSV,76,,30
2026-06-01T18:06:36.297594,$GLGSV,86,,11
2026-06-01T18:06:36.297594,$GLGSV,87,,36
2026-06-01T18:06:36.297594,$GLGSV,88,,28
2026-06-01T18:06:36.298333,$GLGSV,66,,29
2026-06-01T18:06:36.298333,$GLGSV,72,,14
2026-06-01T18:06:36.298333,$GLGSV,75,,31
2026-06-01T18:06:36.298333,$GLGSV,76,,34
2026-06-01T18:06:36.298733,$GLGSV,88,,33
2026-06-01T18:06:36.299957,$GAGSV,03,,38
2026-06-01T18:06:36.299957,$GAGSV,08,,32
2026-06-01T18:06:36.299957,$GAGSV,15,,37
2026-06-01T18:06:36.299957,$GAGSV,32,,32
2026-06-01T18:06:36.300457,$GAGSV,34,,39
2026-06-01T18:06:36.301211,$GAGSV,03,,39
2026-06-01T18:06:36.301211,$GAGSV,08,,35
2026-06-01T18:06:36.301211,$GAGSV,15,,38
2026-06-01T18:06:36.301211,$GAGSV,32,,33
2026-06-01T18:06:36.301599,$GAGSV,34,,40
2026-06-01T18:06:36.303330,$GBGSV,06,,41
2026-06-01T18:06:36.303330,$GBGSV,07,,43
2026-06-01T18:06:36.303330,$GBGSV,09,,40
2026-06-01T18:06:36.303330,$GBGSV,10,,43
2026-06-01T18:06:36.303978,$GBGSV,13,,25
2026-06-01T18:06:36.303978,$GBGSV,25,,43
2026-06-01T18:06:36.303978,$GBGSV,28,,38
2026-06-01T18:06:36.303978,$GBGSV,33,,42
2026-06-01T18:06:36.304433,$GBGSV,09,,35
2026-06-01T18:06:36.304433,$GBGSV,10,,36
2026-06-01T18:06:37.306064,$GPGSV,10,,37
2026-06-01T18:06:37.306064,$GPGSV,12,,23
2026-06-01T18:06:37.306064,$GPGSV,13,,20
2026-06-01T18:06:37.306064,$GPGSV,18,,40
2026-06-01T18:06:37.308255,$GPGSV,23,,41
2026-06-01T18:06:37.308255,$GPGSV,25,,33
2026-06-01T18:06:37.308255,$GPGSV,28,,23
2026-06-01T18:06:37.308255,$GPGSV,32,,39
2026-06-01T18:06:37.309691,$GPGSV,41,,43
2026-06-01T18:06:37.309691,$GPGSV,42,,41
2026-06-01T18:06:37.309691,$GPGSV,50,,36
2026-06-01T18:06:37.311624,$GPGSV,10,,31
2026-06-01T18:06:37.311624,$GPGSV,12,,19
2026-06-01T18:06:37.311624,$GPGSV,13,,16
2026-06-01T18:06:37.311624,$GPGSV,18,,39
2026-06-01T18:06:37.313666,$GPGSV,23,,37
2026-06-01T18:06:37.313666,$GPGSV,25,,24
2026-06-01T18:06:37.313666,$GPGSV,28,,22
2026-06-01T18:06:37.313666,$GPGSV,32,,30
2026-06-01T18:06:37.316441,$GLGSV,65,,31
2026-06-01T18:06:37.316441,$GLGSV,66,,33
2026-06-01T18:06:37.316441,$GLGSV,75,,30
2026-06-01T18:06:37.316441,$GLGSV,76,,30
2026-06-01T18:06:37.317472,$GLGSV,86,,11
2026-06-01T18:06:37.317472,$GLGSV,87,,38
2026-06-01T18:06:37.317472,$GLGSV,88,,33
2026-06-01T18:06:37.318595,$GLGSV,66,,23
2026-06-01T18:06:37.318595,$GLGSV,72,,12
2026-06-01T18:06:37.318595,$GLGSV,75,,36
2026-06-01T18:06:37.318595,$GLGSV,76,,31
2026-06-01T18:06:37.319337,$GLGSV,88,,30
2026-06-01T18:06:37.322059,$GAGSV,03,,38
2026-06-01T18:06:37.322059,$GAGSV,08,,36
2026-06-01T18:06:37.322059,$GAGSV,15,,38
2026-06-01T18:06:37.322059,$GAGSV,32,,33
2026-06-01T18:06:37.322730,$GAGSV,34,,39
2026-06-01T18:06:37.324396,$GAGSV,03,,37
2026-06-01T18:06:37.324396,$GAGSV,08,,38
2026-06-01T18:06:37.324396,$GAGSV,15,,38
2026-06-01T18:06:37.324396,$GAGSV,32,,33
2026-06-01T18:06:37.324829,$GAGSV,34,,40
2026-06-01T18:06:37.328138,$GBGSV,06,,41
2026-06-01T18:06:37.328138,$GBGSV,07,,41
2026-06-01T18:06:37.328138,$GBGSV,09,,40
2026-06-01T18:06:37.328138,$GBGSV,10,,42
2026-06-01T18:06:37.330587,$GBGSV,13,,26
2026-06-01T18:06:37.330587,$GBGSV,25,,42
2026-06-01T18:06:37.330587,$GBGSV,28,,37
2026-06-01T18:06:37.330587,$GBGSV,33,,39
2026-06-01T18:06:37.332606,$GBGSV,09,,34
2026-06-01T18:06:37.332606,$GBGSV,10,,38
2026-06-01T18:06:38.297411,$GPGSV,10,,37
2026-06-01T18:06:38.297411,$GPGSV,12,,21
2026-06-01T18:06:38.297411,$GPGSV,13,,16
2026-06-01T18:06:38.297411,$GPGSV,18,,40
2026-06-01T18:06:38.298129,$GPGSV,23,,41
2026-06-01T18:06:38.298129,$GPGSV,25,,33
2026-06-01T18:06:38.298129,$GPGSV,28,,23
2026-06-01T18:06:38.298129,$GPGSV,32,,39
2026-06-01T18:06:38.298727,$GPGSV,41,,43
2026-06-01T18:06:38.298727,$GPGSV,42,,41
2026-06-01T18:06:38.298727,$GPGSV,50,,36
2026-06-01T18:06:38.299429,$GPGSV,10,,30
2026-06-01T18:06:38.299429,$GPGSV,12,,18
2026-06-01T18:06:38.299429,$GPGSV,13,,13
2026-06-01T18:06:38.299429,$GPGSV,18,,38
2026-06-01T18:06:38.300117,$GPGSV,23,,37
2026-06-01T18:06:38.300117,$GPGSV,25,,26
2026-06-01T18:06:38.300117,$GPGSV,28,,22
2026-06-01T18:06:38.300117,$GPGSV,32,,29
2026-06-01T18:06:38.301959,$GLGSV,65,,32
2026-06-01T18:06:38.301959,$GLGSV,66,,33
2026-06-01T18:06:38.301959,$GLGSV,75,,31
2026-06-01T18:06:38.301959,$GLGSV,76,,30
2026-06-01T18:06:38.302550,$GLGSV,86,,12
2026-06-01T18:06:38.302550,$GLGSV,87,,37
2026-06-01T18:06:38.302550,$GLGSV,88,,33
2026-06-01T18:06:38.303241,$GLGSV,66,,25
2026-06-01T18:06:38.303241,$GLGSV,72,,09
2026-06-01T18:06:38.303241,$GLGSV,75,,36
2026-06-01T18:06:38.303241,$GLGSV,76,,31
2026-06-01T18:06:38.303632,$GLGSV,88,,30
2026-06-01T18:06:38.304752,$GAGSV,03,,38
2026-06-01T18:06:38.304752,$GAGSV,08,,36
2026-06-01T18:06:38.304752,$GAGSV,15,,38
2026-06-01T18:06:38.304752,$GAGSV,32,,33
2026-06-01T18:06:38.305168,$GAGSV,34,,39
2026-06-01T18:06:38.305920,$GAGSV,03,,37
2026-06-01T18:06:38.305920,$GAGSV,08,,38
2026-06-01T18:06:38.305920,$GAGSV,15,,38
2026-06-01T18:06:38.305920,$GAGSV,32,,32
2026-06-01T18:06:38.306493,$GAGSV,34,,40
2026-06-01T18:06:38.308368,$GBGSV,06,,41
2026-06-01T18:06:38.308368,$GBGSV,07,,41
2026-06-01T18:06:38.308368,$GBGSV,09,,40
2026-06-01T18:06:38.308368,$GBGSV,10,,42
2026-06-01T18:06:38.309033,$GBGSV,13,,29
2026-06-01T18:06:38.309033,$GBGSV,25,,42
2026-06-01T18:06:38.309033,$GBGSV,28,,37
2026-06-01T18:06:38.309033,$GBGSV,33,,39
2026-06-01T18:06:38.309703,$GBGSV,09,,35
2026-06-01T18:06:38.309703,$GBGSV,10,,38
2026-06-01T18:06:39.302522,$GPGSV,10,,37
2026-06-01T18:06:39.302522,$GPGSV,12,,20
2026-06-01T18:06:39.302522,$GPGSV,13,,13
2026-06-01T18:06:39.302522,$GPGSV,18,,40
2026-06-01T18:06:39.306136,$GPGSV,23,,41
2026-06-01T18:06:39.306136,$GPGSV,25,,33
2026-06-01T18:06:39.306136,$GPGSV,28,,23
2026-06-01T18:06:39.306136,$GPGSV,32,,39
2026-06-01T18:06:39.309697,$GPGSV,41,,43
2026-06-01T18:06:39.309697,$GPGSV,42,,41
2026-06-01T18:06:39.309697,$GPGSV,50,,36
2026-06-01T18:06:39.313719,$GPGSV,10,,30
2026-06-01T18:06:39.313719,$GPGSV,12,,17
2026-06-01T18:06:39.313719,$GPGSV,13,,11
2026-06-01T18:06:39.313719,$GPGSV,18,,38
2026-06-01T18:06:39.315500,$GPGSV,23,,37
2026-06-01T18:06:39.315500,$GPGSV,25,,27
2026-06-01T18:06:39.315500,$GPGSV,28,,22
2026-06-01T18:06:39.315500,$GPGSV,32,,29
2026-06-01T18:06:39.319761,$GLGSV,65,,32
2026-06-01T18:06:39.319761,$GLGSV,66,,32
2026-06-01T18:06:39.319761,$GLGSV,75,,30
2026-06-01T18:06:39.319761,$GLGSV,76,,30
2026-06-01T18:06:39.320724,$GLGSV,86,,10
2026-06-01T18:06:39.320724,$GLGSV,87,,37
2026-06-01T18:06:39.320724,$GLGSV,88,,33
2026-06-01T18:06:39.322082,$GLGSV,66,,24
2026-06-01T18:06:39.322082,$GLGSV,72,,08
2026-06-01T18:06:39.322082,$GLGSV,75,,37
2026-06-01T18:06:39.322082,$GLGSV,76,,32
2026-06-01T18:06:39.322969,$GLGSV,88,,30
2026-06-01T18:06:39.324948,$GAGSV,03,,38
2026-06-01T18:06:39.324948,$GAGSV,08,,36
2026-06-01T18:06:39.324948,$GAGSV,15,,38
2026-06-01T18:06:39.324948,$GAGSV,32,,34
2026-06-01T18:06:39.325859,$GAGSV,34,,39
2026-06-01T18:06:39.328265,$GAGSV,03,,36
2026-06-01T18:06:39.328265,$GAGSV,08,,38
2026-06-01T18:06:39.328265,$GAGSV,15,,38
2026-06-01T18:06:39.328265,$GAGSV,32,,32
2026-06-01T18:06:39.328752,$GAGSV,34,,40
2026-06-01T18:06:39.330746,$GBGSV,06,,41
2026-06-01T18:06:39.330746,$GBGSV,07,,41
2026-06-01T18:06:39.330746,$GBGSV,09,,40
2026-06-01T18:06:39.330746,$GBGSV,10,,42
2026-06-01T18:06:39.331441,$GBGSV,13,,30
2026-06-01T18:06:39.331441,$GBGSV,25,,42
2026-06-01T18:06:39.331441,$GBGSV,28,,37
2026-06-01T18:06:39.331441,$GBGSV,33,,39
2026-06-01T18:06:39.331934,$GBGSV,09,,35
2026-06-01T18:06:39.331934,$GBGSV,10,,38
2026-06-01T18:06:40.304635,$GPGSV,10,,37
2026-06-01T18:06:40.304635,$GPGSV,12,,21
2026-06-01T18:06:40.304635,$GPGSV,13,,10
2026-06-01T18:06:40.304635,$GPGSV,18,,39
2026-06-01T18:06:40.306938,$GPGSV,23,,39
2026-06-01T18:06:40.306938,$GPGSV,25,,27
2026-06-01T18:06:40.306938,$GPGSV,28,,23
2026-06-01T18:06:40.306938,$GPGSV,32,,37
2026-06-01T18:06:40.308883,$GPGSV,41,,43
2026-06-01T18:06:40.308883,$GPGSV,42,,41
2026-06-01T18:06:40.308883,$GPGSV,50,,36
2026-06-01T18:06:40.311392,$GPGSV,10,,34
2026-06-01T18:06:40.311392,$GPGSV,12,,17
2026-06-01T18:06:40.311392,$GPGSV,13,,13
2026-06-01T18:06:40.311392,$GPGSV,18,,38
2026-06-01T18:06:40.313797,$GPGSV,23,,39
2026-06-01T18:06:40.313797,$GPGSV,25,,27
2026-06-01T18:06:40.313797,$GPGSV,28,,21
2026-06-01T18:06:40.313797,$GPGSV,32,,30
2026-06-01T18:06:40.318901,$GLGSV,65,,32
2026-06-01T18:06:40.318901,$GLGSV,66,,33
2026-06-01T18:06:40.318901,$GLGSV,75,,39
2026-06-01T18:06:40.318901,$GLGSV,76,,34
2026-06-01T18:06:40.320292,$GLGSV,86,,11
2026-06-01T18:06:40.320292,$GLGSV,87,,36
2026-06-01T18:06:40.320292,$GLGSV,88,,36
2026-06-01T18:06:40.322238,$GLGSV,66,,23
2026-06-01T18:06:40.322238,$GLGSV,72,,10
2026-06-01T18:06:40.322238,$GLGSV,75,,32
2026-06-01T18:06:40.322238,$GLGSV,76,,36
2026-06-01T18:06:40.323508,$GLGSV,88,,21
2026-06-01T18:06:40.325758,$GAGSV,03,,38
2026-06-01T18:06:40.325758,$GAGSV,08,,35
2026-06-01T18:06:40.325758,$GAGSV,15,,38
2026-06-01T18:06:40.325758,$GAGSV,32,,34
2026-06-01T18:06:40.326432,$GAGSV,34,,40
2026-06-01T18:06:40.327403,$GAGSV,03,,38
2026-06-01T18:06:40.327403,$GAGSV,08,,38
2026-06-01T18:06:40.327403,$GAGSV,15,,38
2026-06-01T18:06:40.327403,$GAGSV,32,,35
2026-06-01T18:06:40.327892,$GAGSV,34,,40
2026-06-01T18:06:40.330713,$GBGSV,06,,40
2026-06-01T18:06:40.330713,$GBGSV,07,,43
2026-06-01T18:06:40.330713,$GBGSV,09,,40
2026-06-01T18:06:40.330713,$GBGSV,10,,42
2026-06-01T18:06:40.331673,$GBGSV,13,,30
2026-06-01T18:06:40.331673,$GBGSV,25,,43
2026-06-01T18:06:40.331673,$GBGSV,28,,40
2026-06-01T18:06:40.331673,$GBGSV,33,,39
2026-06-01T18:06:40.332238,$GBGSV,09,,35
2026-06-01T18:06:40.332238,$GBGSV,10,,38
2026-06-01T18:06:41.306813,$GPGSV,10,,37
2026-06-01T18:06:41.306813,$GPGSV,12,,20
2026-06-01T18:06:41.306813,$GPGSV,13,,14
2026-06-01T18:06:41.306813,$GPGSV,18,,39
2026-06-01T18:06:41.309040,$GPGSV,23,,39
2026-06-01T18:06:41.309040,$GPGSV,25,,26
2026-06-01T18:06:41.309040,$GPGSV,28,,25
2026-06-01T18:06:41.309040,$GPGSV,32,,34
2026-06-01T18:06:41.310467,$GPGSV,41,,41
2026-06-01T18:06:41.310467,$GPGSV,42,,41
2026-06-01T18:06:41.310467,$GPGSV,50,,37
2026-06-01T18:06:41.312085,$GPGSV,10,,29
2026-06-01T18:06:41.312085,$GPGSV,12,,15
2026-06-01T18:06:41.312085,$GPGSV,13,,14
2026-06-01T18:06:41.312085,$GPGSV,18,,39
2026-06-01T18:06:41.315485,$GPGSV,23,,37
2026-06-01T18:06:41.315485,$GPGSV,25,,27
2026-06-01T18:06:41.315485,$GPGSV,28,,22
2026-06-01T18:06:41.315485,$GPGSV,32,,31
2026-06-01T18:06:41.318502,$GLGSV,65,,32
2026-06-01T18:06:41.318502,$GLGSV,66,,28
2026-06-01T18:06:41.318502,$GLGSV,75,,31
2026-06-01T18:06:41.318502,$GLGSV,76,,29
2026-06-01T18:06:41.319503,$GLGSV,86,,13
2026-06-01T18:06:41.319503,$GLGSV,87,,33
2026-06-01T18:06:41.319503,$GLGSV,88,,28
2026-06-01T18:06:41.320459,$GLGSV,66,,25
2026-06-01T18:06:41.320459,$GLGSV,72,,11
2026-06-01T18:06:41.320459,$GLGSV,75,,37
2026-06-01T18:06:41.320459,$GLGSV,76,,34
2026-06-01T18:06:41.321253,$GLGSV,88,,31
2026-06-01T18:06:41.323494,$GAGSV,03,,36
2026-06-01T18:06:41.323494,$GAGSV,08,,35
2026-06-01T18:06:41.323494,$GAGSV,15,,39
2026-06-01T18:06:41.323494,$GAGSV,32,,37
2026-06-01T18:06:41.324180,$GAGSV,34,,39
2026-06-01T18:06:41.325318,$GAGSV,03,,40
2026-06-01T18:06:41.325318,$GAGSV,08,,36
2026-06-01T18:06:41.325318,$GAGSV,15,,38
2026-06-01T18:06:41.325318,$GAGSV,32,,38
2026-06-01T18:06:41.325740,$GAGSV,34,,40
2026-06-01T18:06:41.327921,$GBGSV,06,,40
2026-06-01T18:06:41.327921,$GBGSV,07,,42
2026-06-01T18:06:41.327921,$GBGSV,09,,41
2026-06-01T18:06:41.327921,$GBGSV,10,,42
2026-06-01T18:06:41.329128,$GBGSV,13,,31
2026-06-01T18:06:41.329128,$GBGSV,25,,43
2026-06-01T18:06:41.329128,$GBGSV,28,,39
2026-06-01T18:06:41.329128,$GBGSV,33,,40
2026-06-01T18:06:41.330767,$GBGSV,09,,35
2026-06-01T18:06:41.330767,$GBGSV,10,,38
2026-06-01T18:06:42.302920,$GPGSV,10,,35
2026-06-01T18:06:42.302920,$GPGSV,12,,18
2026-06-01T18:06:42.302920,$GPGSV,13,,13
2026-06-01T18:06:42.302920,$GPGSV,18,,39
2026-06-01T18:06:42.305399,$GPGSV,23,,39
2026-06-01T18:06:42.305399,$GPGSV,25,,34
2026-06-01T18:06:42.305399,$GPGSV,28,,22
2026-06-01T18:06:42.305399,$GPGSV,32,,34
2026-06-01T18:06:42.307313,$GPGSV,41,,40
2026-06-01T18:06:42.307313,$GPGSV,42,,42
2026-06-01T18:06:42.307313,$GPGSV,50,,36
2026-06-01T18:06:42.309166,$GPGSV,10,,33
2026-06-01T18:06:42.309166,$GPGSV,12,,14
2026-06-01T18:06:42.309166,$GPGSV,13,,12
2026-06-01T18:06:42.309166,$GPGSV,18,,37
2026-06-01T18:06:42.310672,$GPGSV,23,,39
2026-06-01T18:06:42.310672,$GPGSV,25,,28
2026-06-01T18:06:42.310672,$GPGSV,28,,23
2026-06-01T18:06:42.310672,$GPGSV,32,,28
2026-06-01T18:06:42.316856,$GLGSV,65,,33
2026-06-01T18:06:42.316856,$GLGSV,66,,32
2026-06-01T18:06:42.316856,$GLGSV,75,,35
2026-06-01T18:06:42.316856,$GLGSV,76,,28
2026-06-01T18:06:42.317866,$GLGSV,86,,13
2026-06-01T18:06:42.317866,$GLGSV,87,,37
2026-06-01T18:06:42.317866,$GLGSV,88,,31
2026-06-01T18:06:42.318997,$GLGSV,66,,26
2026-06-01T18:06:42.318997,$GLGSV,72,,12
2026-06-01T18:06:42.318997,$GLGSV,75,,40
2026-06-01T18:06:42.318997,$GLGSV,76,,36
2026-06-01T18:06:42.319627,$GLGSV,88,,35
2026-06-01T18:06:42.321797,$GAGSV,03,,37
2026-06-01T18:06:42.321797,$GAGSV,08,,34
2026-06-01T18:06:42.321797,$GAGSV,15,,39
2026-06-01T18:06:42.321797,$GAGSV,32,,37
2026-06-01T18:06:42.322818,$GAGSV,34,,40
2026-06-01T18:06:42.324181,$GAGSV,03,,39
2026-06-01T18:06:42.324181,$GAGSV,08,,30
2026-06-01T18:06:42.324181,$GAGSV,15,,40
2026-06-01T18:06:42.324181,$GAGSV,32,,36
2026-06-01T18:06:42.324826,$GAGSV,34,,41
2026-06-01T18:06:42.326881,$GBGSV,06,,42
2026-06-01T18:06:42.326881,$GBGSV,07,,42
2026-06-01T18:06:42.326881,$GBGSV,09,,39
2026-06-01T18:06:42.326881,$GBGSV,10,,42
2026-06-01T18:06:42.327788,$GBGSV,13,,35
2026-06-01T18:06:42.327788,$GBGSV,25,,41
2026-06-01T18:06:42.327788,$GBGSV,28,,42
2026-06-01T18:06:42.327788,$GBGSV,33,,38
2026-06-01T18:06:42.328753,$GBGSV,09,,36
2026-06-01T18:06:42.328753,$GBGSV,10,,38
2026-06-01T18:06:43.303560,$GPGSV,10,,40
2026-06-01T18:06:43.303560,$GPGSV,12,,18
2026-06-01T18:06:43.303560,$GPGSV,13,,13
2026-06-01T18:06:43.303560,$GPGSV,18,,40
2026-06-01T18:06:43.306021,$GPGSV,23,,39
2026-06-01T18:06:43.306021,$GPGSV,25,,36
2026-06-01T18:06:43.306021,$GPGSV,28,,30
2026-06-01T18:06:43.306021,$GPGSV,32,,32
2026-06-01T18:06:43.307962,$GPGSV,41,,41
2026-06-01T18:06:43.307962,$GPGSV,42,,40
2026-06-01T18:06:43.307962,$GPGSV,50,,36
2026-06-01T18:06:43.310255,$GPGSV,10,,33
2026-06-01T18:06:43.310255,$GPGSV,12,,15
2026-06-01T18:06:43.310255,$GPGSV,13,,13
2026-06-01T18:06:43.310255,$GPGSV,18,,38
2026-06-01T18:06:43.312821,$GPGSV,23,,38
2026-06-01T18:06:43.312821,$GPGSV,25,,28
2026-06-01T18:06:43.312821,$GPGSV,28,,29
2026-06-01T18:06:43.312821,$GPGSV,32,,29
2026-06-01T18:06:43.318804,$GLGSV,65,,32
2026-06-01T18:06:43.318804,$GLGSV,66,,35
2026-06-01T18:06:43.318804,$GLGSV,75,,37
2026-06-01T18:06:43.318804,$GLGSV,76,,27
2026-06-01T18:06:43.320122,$GLGSV,86,,13
2026-06-01T18:06:43.320122,$GLGSV,87,,35
2026-06-01T18:06:43.320122,$GLGSV,88,,35
2026-06-01T18:06:43.321765,$GLGSV,66,,27
2026-06-01T18:06:43.321765,$GLGSV,72,,12
2026-06-01T18:06:43.321765,$GLGSV,75,,41
2026-06-01T18:06:43.321765,$GLGSV,76,,31
2026-06-01T18:06:43.322776,$GLGSV,88,,25
2026-06-01T18:06:43.324618,$GAGSV,03,,36
2026-06-01T18:06:43.324618,$GAGSV,08,,31
2026-06-01T18:06:43.324618,$GAGSV,15,,39
2026-06-01T18:06:43.324618,$GAGSV,32,,35
2026-06-01T18:06:43.325820,$GAGSV,34,,40
2026-06-01T18:06:43.327265,$GAGSV,03,,38
2026-06-01T18:06:43.327265,$GAGSV,08,,30
2026-06-01T18:06:43.327265,$GAGSV,15,,39
2026-06-01T18:06:43.327265,$GAGSV,32,,39
2026-06-01T18:06:43.328192,$GAGSV,34,,39
2026-06-01T18:06:43.330686,$GBGSV,06,,41
2026-06-01T18:06:43.330686,$GBGSV,07,,43
2026-06-01T18:06:43.330686,$GBGSV,09,,39
2026-06-01T18:06:43.330686,$GBGSV,10,,42
2026-06-01T18:06:43.331714,$GBGSV,13,,39
2026-06-01T18:06:43.331714,$GBGSV,25,,40
2026-06-01T18:06:43.331714,$GBGSV,28,,39
2026-06-01T18:06:43.331714,$GBGSV,33,,38
2026-06-01T18:06:43.332505,$GBGSV,09,,36
2026-06-01T18:06:43.332505,$GBGSV,10,,38
2026-06-01T18:06:44.304243,$GPGSV,10,,40
2026-06-01T18:06:44.304243,$GPGSV,12,,16
2026-06-01T18:06:44.304243,$GPGSV,13,,13
2026-06-01T18:06:44.304243,$GPGSV,18,,40
2026-06-01T18:06:44.307060,$GPGSV,23,,40
2026-06-01T18:06:44.307060,$GPGSV,25,,36
2026-06-01T18:06:44.307060,$GPGSV,28,,22
2026-06-01T18:06:44.307060,$GPGSV,32,,31
2026-06-01T18:06:44.309029,$GPGSV,41,,41
2026-06-01T18:06:44.309029,$GPGSV,42,,41
2026-06-01T18:06:44.309029,$GPGSV,50,,35
2026-06-01T18:06:44.311315,$GPGSV,10,,32
2026-06-01T18:06:44.311315,$GPGSV,12,,16
2026-06-01T18:06:44.311315,$GPGSV,13,,12
2026-06-01T18:06:44.311315,$GPGSV,18,,38
2026-06-01T18:06:44.314036,$GPGSV,23,,38
2026-06-01T18:06:44.314036,$GPGSV,25,,29
2026-06-01T18:06:44.314036,$GPGSV,28,,28
2026-06-01T18:06:44.314036,$GPGSV,32,,30
2026-06-01T18:06:44.320626,$GLGSV,65,,31
2026-06-01T18:06:44.320626,$GLGSV,66,,36
2026-06-01T18:06:44.320626,$GLGSV,75,,37
2026-06-01T18:06:44.320626,$GLGSV,76,,30
2026-06-01T18:06:44.322043,$GLGSV,86,,13
2026-06-01T18:06:44.322043,$GLGSV,87,,35
2026-06-01T18:06:44.322043,$GLGSV,88,,34
2026-06-01T18:06:44.323786,$GLGSV,66,,26
2026-06-01T18:06:44.323786,$GLGSV,72,,13
2026-06-01T18:06:44.323786,$GLGSV,75,,40
2026-06-01T18:06:44.323786,$GLGSV,76,,33
2026-06-01T18:06:44.324646,$GLGSV,88,,25
2026-06-01T18:06:44.326911,$GAGSV,03,,36
2026-06-01T18:06:44.326911,$GAGSV,08,,31
2026-06-01T18:06:44.326911,$GAGSV,15,,38
2026-06-01T18:06:44.326911,$GAGSV,32,,34
2026-06-01T18:06:44.327739,$GAGSV,34,,39
2026-06-01T18:06:44.329225,$GAGSV,03,,38
2026-06-01T18:06:44.329225,$GAGSV,08,,23
2026-06-01T18:06:44.329225,$GAGSV,15,,40
2026-06-01T18:06:44.329225,$GAGSV,32,,39
2026-06-01T18:06:44.329832,$GAGSV,34,,40
2026-06-01T18:06:44.332027,$GBGSV,06,,41
2026-06-01T18:06:44.332027,$GBGSV,07,,43
2026-06-01T18:06:44.332027,$GBGSV,09,,39
2026-06-01T18:06:44.332027,$GBGSV,10,,42
2026-06-01T18:06:44.332995,$GBGSV,13,,39
2026-06-01T18:06:44.332995,$GBGSV,25,,41
2026-06-01T18:06:44.332995,$GBGSV,28,,39
2026-06-01T18:06:44.332995,$GBGSV,33,,38
2026-06-01T18:06:44.333862,$GBGSV,09,,35
2026-06-01T18:06:44.333862,$GBGSV,10,,38
2026-06-01T18:06:45.291933,$GPGSV,10,,40
2026-06-01T18:06:45.291933,$GPGSV,12,,14
2026-06-01T18:06:45.291933,$GPGSV,13,,13
2026-06-01T18:06:45.291933,$GPGSV,18,,40
2026-06-01T18:06:45.292686,$GPGSV,23,,40
2026-06-01T18:06:45.292686,$GPGSV,25,,36
2026-06-01T18:06:45.292686,$GPGSV,28,,22
2026-06-01T18:06:45.292686,$GPGSV,32,,32
2026-06-01T18:06:45.293420,$GPGSV,41,,41
2026-06-01T18:06:45.293420,$GPGSV,42,,41
2026-06-01T18:06:45.293420,$GPGSV,50,,36
2026-06-01T18:06:45.294135,$GPGSV,10,,32
2026-06-01T18:06:45.294135,$GPGSV,12,,17
2026-06-01T18:06:45.294135,$GPGSV,13,,12
2026-06-01T18:06:45.294135,$GPGSV,18,,39
2026-06-01T18:06:45.294816,$GPGSV,23,,38
2026-06-01T18:06:45.294816,$GPGSV,25,,30
2026-06-01T18:06:45.294816,$GPGSV,28,,28
2026-06-01T18:06:45.294816,$GPGSV,32,,30
2026-06-01T18:06:45.296563,$GLGSV,65,,32
2026-06-01T18:06:45.296563,$GLGSV,66,,36
2026-06-01T18:06:45.296563,$GLGSV,75,,37
2026-06-01T18:06:45.296563,$GLGSV,76,,29
2026-06-01T18:06:45.297731,$GLGSV,86,,14
2026-06-01T18:06:45.297731,$GLGSV,87,,35
2026-06-01T18:06:45.297731,$GLGSV,88,,34
2026-06-01T18:06:45.298873,$GLGSV,66,,26
2026-06-01T18:06:45.298873,$GLGSV,72,,11
2026-06-01T18:06:45.298873,$GLGSV,75,,40
2026-06-01T18:06:45.298873,$GLGSV,76,,34
2026-06-01T18:06:45.299512,$GLGSV,88,,25
2026-06-01T18:06:45.301215,$GAGSV,03,,37
2026-06-01T18:06:45.301215,$GAGSV,08,,32
2026-06-01T18:06:45.301215,$GAGSV,15,,38
2026-06-01T18:06:45.301215,$GAGSV,32,,33
2026-06-01T18:06:45.301617,$GAGSV,34,,39
2026-06-01T18:06:45.302206,$GAGSV,03,,38
2026-06-01T18:06:45.302206,$GAGSV,08,,24
2026-06-01T18:06:45.302206,$GAGSV,15,,40
2026-06-01T18:06:45.302206,$GAGSV,32,,39
2026-06-01T18:06:45.302631,$GAGSV,34,,40
2026-06-01T18:06:45.302631,$GAGSV,36,,21
2026-06-01T18:06:45.304127,$GBGSV,06,,41
2026-06-01T18:06:45.304127,$GBGSV,07,,42
2026-06-01T18:06:45.304127,$GBGSV,09,,39
2026-06-01T18:06:45.304127,$GBGSV,10,,42
2026-06-01T18:06:45.304717,$GBGSV,13,,39
2026-06-01T18:06:45.304717,$GBGSV,25,,41
2026-06-01T18:06:45.304717,$GBGSV,28,,39
2026-06-01T18:06:45.304717,$GBGSV,33,,38
2026-06-01T18:06:45.305162,$GBGSV,09,,35
2026-06-01T18:06:45.305162,$GBGSV,10,,38
2026-06-01T18:06:46.298204,$GPGSV,10,,40
2026-06-01T18:06:46.298204,$GPGSV,12,,12
2026-06-01T18:06:46.298204,$GPGSV,13,,12
2026-06-01T18:06:46.298204,$GPGSV,18,,39
2026-06-01T18:06:46.298984,$GPGSV,23,,40
2026-06-01T18:06:46.298984,$GPGSV,25,,36
2026-06-01T18:06:46.298984,$GPGSV,28,,22
2026-06-01T18:06:46.298984,$GPGSV,32,,31
2026-06-01T18:06:46.299586,$GPGSV,41,,41
2026-06-01T18:06:46.299586,$GPGSV,42,,41
2026-06-01T18:06:46.299586,$GPGSV,50,,37
2026-06-01T18:06:46.300282,$GPGSV,10,,32
2026-06-01T18:06:46.300282,$GPGSV,12,,17
2026-06-01T18:06:46.300282,$GPGSV,13,,14
2026-06-01T18:06:46.300282,$GPGSV,18,,39
2026-06-01T18:06:46.301004,$GPGSV,23,,38
2026-06-01T18:06:46.301004,$GPGSV,25,,29
2026-06-01T18:06:46.301004,$GPGSV,28,,28
2026-06-01T18:06:46.301004,$GPGSV,32,,30
2026-06-01T18:06:46.302761,$GLGSV,65,,33
2026-06-01T18:06:46.302761,$GLGSV,66,,36
2026-06-01T18:06:46.302761,$GLGSV,75,,37
2026-06-01T18:06:46.302761,$GLGSV,76,,30
2026-06-01T18:06:46.303416,$GLGSV,86,,14
2026-06-01T18:06:46.303416,$GLGSV,87,,35
2026-06-01T18:06:46.303416,$GLGSV,88,,34
2026-06-01T18:06:46.304171,$GLGSV,66,,27
2026-06-01T18:06:46.304171,$GLGSV,72,,09
2026-06-01T18:06:46.304171,$GLGSV,75,,40
2026-06-01T18:06:46.304171,$GLGSV,76,,34
2026-06-01T18:06:46.304700,$GLGSV,88,,26
2026-06-01T18:06:46.306416,$GAGSV,03,,36
2026-06-01T18:06:46.306416,$GAGSV,08,,32
2026-06-01T18:06:46.306416,$GAGSV,15,,38
2026-06-01T18:06:46.306416,$GAGSV,32,,33
2026-06-01T18:06:46.307178,$GAGSV,34,,39
2026-06-01T18:06:46.308332,$GAGSV,03,,38
2026-06-01T18:06:46.308332,$GAGSV,08,,24
2026-06-01T18:06:46.308332,$GAGSV,15,,40
2026-06-01T18:06:46.308332,$GAGSV,32,,39
2026-06-01T18:06:46.309272,$GAGSV,34,,40
2026-06-01T18:06:46.309272,$GAGSV,36,,20
2026-06-01T18:06:46.311185,$GBGSV,06,,41
2026-06-01T18:06:46.311185,$GBGSV,07,,42
2026-06-01T18:06:46.311185,$GBGSV,09,,39
2026-06-01T18:06:46.311185,$GBGSV,10,,42
2026-06-01T18:06:46.311863,$GBGSV,13,,39
2026-06-01T18:06:46.311863,$GBGSV,25,,40
2026-06-01T18:06:46.311863,$GBGSV,28,,39
2026-06-01T18:06:46.311863,$GBGSV,33,,38
2026-06-01T18:06:46.312376,$GBGSV,09,,35
2026-06-01T18:06:46.312376,$GBGSV,10,,38
2026-06-01T18:06:47.297547,$GPGSV,10,,40
2026-06-01T18:06:47.297547,$GPGSV,12,,09
2026-06-01T18:06:47.297547,$GPGSV,13,,11
2026-06-01T18:06:47.297547,$GPGSV,18,,39
2026-06-01T18:06:47.298278,$GPGSV,23,,40
2026-06-01T18:06:47.298278,$GPGSV,25,,36
2026-06-01T18:06:47.298278,$GPGSV,28,,22
2026-06-01T18:06:47.298278,$GPGSV,32,,32
2026-06-01T18:06:47.298870,$GPGSV,41,,41
2026-06-01T18:06:47.298870,$GPGSV,42,,41
2026-06-01T18:06:47.298870,$GPGSV,50,,36
2026-06-01T18:06:47.299555,$GPGSV,10,,31
2026-06-01T18:06:47.299555,$GPGSV,12,,17
2026-06-01T18:06:47.299555,$GPGSV,13,,15
2026-06-01T18:06:47.299555,$GPGSV,18,,39
2026-06-01T18:06:47.300236,$GPGSV,23,,38
2026-06-01T18:06:47.300236,$GPGSV,25,,29
2026-06-01T18:06:47.300236,$GPGSV,28,,28
2026-06-01T18:06:47.300236,$GPGSV,32,,30
2026-06-01T18:06:47.301969,$GLGSV,65,,33
2026-06-01T18:06:47.301969,$GLGSV,66,,35
2026-06-01T18:06:47.301969,$GLGSV,75,,37
2026-06-01T18:06:47.301969,$GLGSV,76,,30
2026-06-01T18:06:47.302529,$GLGSV,86,,15
2026-06-01T18:06:47.302529,$GLGSV,87,,36
2026-06-01T18:06:47.302529,$GLGSV,88,,34
2026-06-01T18:06:47.303195,$GLGSV,66,,28
2026-06-01T18:06:47.303195,$GLGSV,72,,08
2026-06-01T18:06:47.303195,$GLGSV,75,,40
2026-06-01T18:06:47.303195,$GLGSV,76,,33
2026-06-01T18:06:47.303933,$GLGSV,86,,08
2026-06-01T18:06:47.303933,$GLGSV,88,,27
2026-06-01T18:06:47.305495,$GAGSV,03,,36
2026-06-01T18:06:47.305495,$GAGSV,08,,31
2026-06-01T18:06:47.305495,$GAGSV,15,,38
2026-06-01T18:06:47.305495,$GAGSV,32,,33
2026-06-01T18:06:47.305860,$GAGSV,34,,39
2026-06-01T18:06:47.306481,$GAGSV,03,,38
2026-06-01T18:06:47.306481,$GAGSV,08,,24
2026-06-01T18:06:47.306481,$GAGSV,15,,40
2026-06-01T18:06:47.306481,$GAGSV,32,,39
2026-06-01T18:06:47.306923,$GAGSV,34,,40
2026-06-01T18:06:47.306923,$GAGSV,36,,20
2026-06-01T18:06:47.308680,$GBGSV,06,,41
2026-06-01T18:06:47.308680,$GBGSV,07,,42
2026-06-01T18:06:47.308680,$GBGSV,09,,39
2026-06-01T18:06:47.308680,$GBGSV,10,,42
2026-06-01T18:06:47.309814,$GBGSV,13,,39
2026-06-01T18:06:47.309814,$GBGSV,25,,40
2026-06-01T18:06:47.309814,$GBGSV,28,,39
2026-06-01T18:06:47.309814,$GBGSV,33,,38
2026-06-01T18:06:47.310442,$GBGSV,09,,35
2026-06-01T18:06:47.310442,$GBGSV,10,,38
2026-06-01T18:06:48.302655,$GPGSV,10,,38
2026-06-01T18:06:48.302655,$GPGSV,12,,09
2026-06-01T18:06:48.302655,$GPGSV,13,,12
2026-06-01T18:06:48.302655,$GPGSV,18,,40
2026-06-01T18:06:48.306566,$GPGSV,23,,40
2026-06-01T18:06:48.306566,$GPGSV,25,,32
2026-06-01T18:06:48.306566,$GPGSV,28,,29
2026-06-01T18:06:48.306566,$GPGSV,32,,33
2026-06-01T18:06:48.308523,$GPGSV,41,,41
2026-06-01T18:06:48.308523,$GPGSV,42,,42
2026-06-01T18:06:48.308523,$GPGSV,50,,36
2026-06-01T18:06:48.310742,$GPGSV,10,,31
2026-06-01T18:06:48.310742,$GPGSV,12,,18
2026-06-01T18:06:48.310742,$GPGSV,13,,15
2026-06-01T18:06:48.310742,$GPGSV,18,,38
2026-06-01T18:06:48.313189,$GPGSV,23,,38
2026-06-01T18:06:48.313189,$GPGSV,25,,29
2026-06-01T18:06:48.313189,$GPGSV,28,,28
2026-06-01T18:06:48.313189,$GPGSV,32,,30
2026-06-01T18:06:48.317963,$GLGSV,65,,32
2026-06-01T18:06:48.317963,$GLGSV,66,,35
2026-06-01T18:06:48.317963,$GLGSV,75,,36
2026-06-01T18:06:48.317963,$GLGSV,76,,29
2026-06-01T18:06:48.319217,$GLGSV,86,,15
2026-06-01T18:06:48.319217,$GLGSV,87,,35
2026-06-01T18:06:48.319217,$GLGSV,88,,34
2026-06-01T18:06:48.320373,$GLGSV,66,,28
2026-06-01T18:06:48.320373,$GLGSV,75,,40
2026-06-01T18:06:48.320373,$GLGSV,76,,33
2026-06-01T18:06:48.320373,$GLGSV,86,,13
2026-06-01T18:06:48.321399,$GLGSV,88,,28
2026-06-01T18:06:48.323428,$GAGSV,03,,36
2026-06-01T18:06:48.323428,$GAGSV,08,,31
2026-06-01T18:06:48.323428,$GAGSV,15,,38
2026-06-01T18:06:48.323428,$GAGSV,32,,33
2026-06-01T18:06:48.324087,$GAGSV,34,,39
2026-06-01T18:06:48.326229,$GAGSV,03,,38
2026-06-01T18:06:48.326229,$GAGSV,08,,22
2026-06-01T18:06:48.326229,$GAGSV,15,,40
2026-06-01T18:06:48.326229,$GAGSV,32,,37
2026-06-01T18:06:48.327116,$GAGSV,34,,40
2026-06-01T18:06:48.327116,$GAGSV,36,,20
2026-06-01T18:06:48.329413,$GBGSV,06,,41
2026-06-01T18:06:48.329413,$GBGSV,07,,42
2026-06-01T18:06:48.329413,$GBGSV,09,,39
2026-06-01T18:06:48.329413,$GBGSV,10,,42
2026-06-01T18:06:48.330190,$GBGSV,13,,39
2026-06-01T18:06:48.330190,$GBGSV,25,,42
2026-06-01T18:06:48.330190,$GBGSV,28,,39
2026-06-01T18:06:48.330190,$GBGSV,33,,38
2026-06-01T18:06:48.330689,$GBGSV,09,,35
2026-06-01T18:06:48.330689,$GBGSV,10,,38
2026-06-01T18:06:49.297320,$GPGSV,10,,37
2026-06-01T18:06:49.297320,$GPGSV,12,,14
2026-06-01T18:06:49.297320,$GPGSV,13,,13
2026-06-01T18:06:49.297320,$GPGSV,18,,40
2026-06-01T18:06:49.299372,$GPGSV,23,,39
2026-06-01T18:06:49.299372,$GPGSV,25,,32
2026-06-01T18:06:49.299372,$GPGSV,28,,29
2026-06-01T18:06:49.299372,$GPGSV,32,,33
2026-06-01T18:06:49.300784,$GPGSV,41,,42
2026-06-01T18:06:49.300784,$GPGSV,42,,40
2026-06-01T18:06:49.300784,$GPGSV,50,,37
2026-06-01T18:06:49.302045,$GPGSV,10,,32
2026-06-01T18:06:49.302045,$GPGSV,12,,16
2026-06-01T18:06:49.302045,$GPGSV,13,,16
2026-06-01T18:06:49.302045,$GPGSV,18,,39
2026-06-01T18:06:49.302829,$GPGSV,23,,38
2026-06-01T18:06:49.302829,$GPGSV,25,,28
2026-06-01T18:06:49.302829,$GPGSV,28,,30
2026-06-01T18:06:49.302829,$GPGSV,32,,29
2026-06-01T18:06:49.304844,$GLGSV,65,,32
2026-06-01T18:06:49.304844,$GLGSV,66,,34
2026-06-01T18:06:49.304844,$GLGSV,75,,36
2026-06-01T18:06:49.304844,$GLGSV,76,,29
2026-06-01T18:06:49.305787,$GLGSV,86,,16
2026-06-01T18:06:49.305787,$GLGSV,87,,36
2026-06-01T18:06:49.305787,$GLGSV,88,,29
2026-06-01T18:06:49.306517,$GLGSV,66,,32
2026-06-01T18:06:49.306517,$GLGSV,75,,38
2026-06-01T18:06:49.306517,$GLGSV,76,,36
2026-06-01T18:06:49.306517,$GLGSV,86,,13
2026-06-01T18:06:49.306933,$GLGSV,88,,34
2026-06-01T18:06:49.308173,$GAGSV,03,,37
2026-06-01T18:06:49.308173,$GAGSV,08,,31
2026-06-01T18:06:49.308173,$GAGSV,15,,39
2026-06-01T18:06:49.308173,$GAGSV,32,,34
2026-06-01T18:06:49.308563,$GAGSV,34,,40
2026-06-01T18:06:49.309268,$GAGSV,03,,38
2026-06-01T18:06:49.309268,$GAGSV,08,,31
2026-06-01T18:06:49.309268,$GAGSV,15,,40
2026-06-01T18:06:49.309268,$GAGSV,32,,37
2026-06-01T18:06:49.309851,$GAGSV,34,,40
2026-06-01T18:06:49.309851,$GAGSV,36,,19
2026-06-01T18:06:49.311546,$GBGSV,06,,40
2026-06-01T18:06:49.311546,$GBGSV,07,,42
2026-06-01T18:06:49.311546,$GBGSV,09,,40
2026-06-01T18:06:49.311546,$GBGSV,10,,42
2026-06-01T18:06:49.312240,$GBGSV,13,,39
2026-06-01T18:06:49.312240,$GBGSV,25,,42
2026-06-01T18:06:49.312240,$GBGSV,28,,41
2026-06-01T18:06:49.312240,$GBGSV,33,,32
2026-06-01T18:06:49.312765,$GBGSV,09,,36
2026-06-01T18:06:49.312765,$GBGSV,10,,37
2026-06-01T18:06:50.305454,$GPGSV,10,,37
2026-06-01T18:06:50.305454,$GPGSV,12,,15
2026-06-01T18:06:50.305454,$GPGSV,13,,12
2026-06-01T18:06:50.305454,$GPGSV,18,,41
2026-06-01T18:06:50.309306,$GPGSV,23,,39
2026-06-01T18:06:50.309306,$GPGSV,25,,35
2026-06-01T18:06:50.309306,$GPGSV,28,,34
2026-06-01T18:06:50.309306,$GPGSV,32,,27
2026-06-01T18:06:50.311956,$GPGSV,41,,41
2026-06-01T18:06:50.311956,$GPGSV,42,,40
2026-06-01T18:06:50.311956,$GPGSV,50,,34
2026-06-01T18:06:50.314227,$GPGSV,10,,32
2026-06-01T18:06:50.314227,$GPGSV,12,,16
2026-06-01T18:06:50.314227,$GPGSV,13,,15
2026-06-01T18:06:50.314227,$GPGSV,18,,38
2026-06-01T18:06:50.316344,$GPGSV,23,,37
2026-06-01T18:06:50.316344,$GPGSV,25,,29
2026-06-01T18:06:50.316344,$GPGSV,28,,29
2026-06-01T18:06:50.316344,$GPGSV,32,,30
2026-06-01T18:06:50.321585,$GLGSV,65,,33
2026-06-01T18:06:50.321585,$GLGSV,66,,30
2026-06-01T18:06:50.321585,$GLGSV,75,,36
2026-06-01T18:06:50.321585,$GLGSV,76,,29
2026-06-01T18:06:50.322931,$GLGSV,86,,15
2026-06-01T18:06:50.322931,$GLGSV,87,,34
2026-06-01T18:06:50.322931,$GLGSV,88,,28
2026-06-01T18:06:50.324000,$GLGSV,66,,31
2026-06-01T18:06:50.324000,$GLGSV,75,,38
2026-06-01T18:06:50.324000,$GLGSV,76,,36
2026-06-01T18:06:50.324000,$GLGSV,86,,13
2026-06-01T18:06:50.324678,$GLGSV,88,,31
2026-06-01T18:06:50.327068,$GAGSV,03,,38
2026-06-01T18:06:50.327068,$GAGSV,08,,30
2026-06-01T18:06:50.327068,$GAGSV,15,,36
2026-06-01T18:06:50.327068,$GAGSV,32,,35
2026-06-01T18:06:50.327684,$GAGSV,34,,39
2026-06-01T18:06:50.328699,$GAGSV,03,,38
2026-06-01T18:06:50.328699,$GAGSV,08,,32
2026-06-01T18:06:50.328699,$GAGSV,15,,37
2026-06-01T18:06:50.328699,$GAGSV,32,,37
2026-06-01T18:06:50.330763,$GAGSV,34,,40
2026-06-01T18:06:50.330763,$GAGSV,36,,20
2026-06-01T18:06:50.333594,$GBGSV,06,,39
2026-06-01T18:06:50.333594,$GBGSV,07,,42
2026-06-01T18:06:50.333594,$GBGSV,09,,40
2026-06-01T18:06:50.333594,$GBGSV,10,,41
2026-06-01T18:06:50.334330,$GBGSV,13,,39
2026-06-01T18:06:50.334330,$GBGSV,25,,42
2026-06-01T18:06:50.334330,$GBGSV,28,,43
2026-06-01T18:06:50.334330,$GBGSV,33,,36
2026-06-01T18:06:50.335102,$GBGSV,09,,35
2026-06-01T18:06:50.335102,$GBGSV,10,,37
2026-06-01T18:06:51.303145,$GPGSV,10,,37
2026-06-01T18:06:51.303145,$GPGSV,12,,17
2026-06-01T18:06:51.303145,$GPGSV,13,,14
2026-06-01T18:06:51.303145,$GPGSV,18,,41
2026-06-01T18:06:51.306664,$GPGSV,23,,40
2026-06-01T18:06:51.306664,$GPGSV,25,,33
2026-06-01T18:06:51.306664,$GPGSV,28,,34
2026-06-01T18:06:51.306664,$GPGSV,32,,27
2026-06-01T18:06:51.308715,$GPGSV,41,,41
2026-06-01T18:06:51.308715,$GPGSV,42,,41
2026-06-01T18:06:51.308715,$GPGSV,50,,35
2026-06-01T18:06:51.310925,$GPGSV,10,,33
2026-06-01T18:06:51.310925,$GPGSV,12,,19
2026-06-01T18:06:51.310925,$GPGSV,13,,15
2026-06-01T18:06:51.310925,$GPGSV,18,,38
2026-06-01T18:06:51.313647,$GPGSV,23,,36
2026-06-01T18:06:51.313647,$GPGSV,25,,28
2026-06-01T18:06:51.313647,$GPGSV,28,,30
2026-06-01T18:06:51.313647,$GPGSV,32,,31
2026-06-01T18:06:51.318371,$GLGSV,65,,33
2026-06-01T18:06:51.318371,$GLGSV,66,,31
2026-06-01T18:06:51.318371,$GLGSV,75,,35
2026-06-01T18:06:51.318371,$GLGSV,76,,28
2026-06-01T18:06:51.319892,$GLGSV,86,,15
2026-06-01T18:06:51.319892,$GLGSV,87,,34
2026-06-01T18:06:51.319892,$GLGSV,88,,27
2026-06-01T18:06:51.321701,$GLGSV,66,,29
2026-06-01T18:06:51.321701,$GLGSV,75,,39
2026-06-01T18:06:51.321701,$GLGSV,76,,33
2026-06-01T18:06:51.321701,$GLGSV,86,,12
2026-06-01T18:06:51.322328,$GLGSV,88,,30
2026-06-01T18:06:51.325072,$GAGSV,03,,37
2026-06-01T18:06:51.325072,$GAGSV,08,,30
2026-06-01T18:06:51.325072,$GAGSV,15,,36
2026-06-01T18:06:51.325072,$GAGSV,32,,36
2026-06-01T18:06:51.325690,$GAGSV,34,,39
2026-06-01T18:06:51.326581,$GAGSV,03,,38
2026-06-01T18:06:51.326581,$GAGSV,08,,32
2026-06-01T18:06:51.326581,$GAGSV,15,,37
2026-06-01T18:06:51.326581,$GAGSV,32,,38
2026-06-01T18:06:51.327175,$GAGSV,34,,40
2026-06-01T18:06:51.327175,$GAGSV,36,,17
2026-06-01T18:06:51.329279,$GBGSV,06,,39
2026-06-01T18:06:51.329279,$GBGSV,07,,42
2026-06-01T18:06:51.329279,$GBGSV,09,,40
2026-06-01T18:06:51.329279,$GBGSV,10,,42
2026-06-01T18:06:51.330105,$GBGSV,13,,39
2026-06-01T18:06:51.330105,$GBGSV,25,,42
2026-06-01T18:06:51.330105,$GBGSV,28,,43
2026-06-01T18:06:51.330105,$GBGSV,33,,36
2026-06-01T18:06:51.330672,$GBGSV,09,,35
2026-06-01T18:06:51.330672,$GBGSV,10,,38
2026-06-01T18:06:52.303612,$GPGSV,10,,37
2026-06-01T18:06:52.303612,$GPGSV,12,,17
2026-06-01T18:06:52.303612,$GPGSV,13,,15
2026-06-01T18:06:52.303612,$GPGSV,18,,41
2026-06-01T18:06:52.307523,$GPGSV,23,,40
2026-06-01T18:06:52.307523,$GPGSV,25,,33
2026-06-01T18:06:52.307523,$GPGSV,28,,34
2026-06-01T18:06:52.307523,$GPGSV,32,,27
2026-06-01T18:06:52.310025,$GPGSV,41,,41
2026-06-01T18:06:52.310025,$GPGSV,42,,41
2026-06-01T18:06:52.310025,$GPGSV,50,,36
2026-06-01T18:06:52.312412,$GPGSV,10,,33
2026-06-01T18:06:52.312412,$GPGSV,12,,20
2026-06-01T18:06:52.312412,$GPGSV,13,,12
2026-06-01T18:06:52.312412,$GPGSV,18,,38
2026-06-01T18:06:52.314197,$GPGSV,23,,35
2026-06-01T18:06:52.314197,$GPGSV,25,,27
2026-06-01T18:06:52.314197,$GPGSV,28,,29
2026-06-01T18:06:52.314197,$GPGSV,32,,31
2026-06-01T18:06:52.318337,$GLGSV,65,,33
2026-06-01T18:06:52.318337,$GLGSV,66,,30
2026-06-01T18:06:52.318337,$GLGSV,75,,35
2026-06-01T18:06:52.318337,$GLGSV,76,,27
2026-06-01T18:06:52.320056,$GLGSV,86,,15
2026-06-01T18:06:52.320056,$GLGSV,87,,35
2026-06-01T18:06:52.320056,$GLGSV,88,,25
2026-06-01T18:06:52.322042,$GLGSV,66,,29
2026-06-01T18:06:52.322042,$GLGSV,75,,39
2026-06-01T18:06:52.322042,$GLGSV,76,,33
2026-06-01T18:06:52.322042,$GLGSV,86,,12
2026-06-01T18:06:52.322682,$GLGSV,88,,30
2026-06-01T18:06:52.324256,$GAGSV,03,,37
2026-06-01T18:06:52.324256,$GAGSV,08,,30
2026-06-01T18:06:52.324256,$GAGSV,15,,37
2026-06-01T18:06:52.324256,$GAGSV,32,,36
2026-06-01T18:06:52.324861,$GAGSV,34,,39
2026-06-01T18:06:52.326480,$GAGSV,03,,38
2026-06-01T18:06:52.326480,$GAGSV,08,,32
2026-06-01T18:06:52.326480,$GAGSV,15,,37
2026-06-01T18:06:52.326480,$GAGSV,32,,38
2026-06-01T18:06:52.327133,$GAGSV,34,,41
2026-06-01T18:06:52.329619,$GBGSV,06,,39
2026-06-01T18:06:52.329619,$GBGSV,07,,42
2026-06-01T18:06:52.329619,$GBGSV,09,,40
2026-06-01T18:06:52.329619,$GBGSV,10,,42
2026-06-01T18:06:52.330344,$GBGSV,13,,39
2026-06-01T18:06:52.330344,$GBGSV,25,,42
2026-06-01T18:06:52.330344,$GBGSV,28,,43
2026-06-01T18:06:52.330344,$GBGSV,33,,36
2026-06-01T18:06:52.330857,$GBGSV,09,,35
2026-06-01T18:06:52.330857,$GBGSV,10,,38
2026-06-01T18:06:53.301031,$GPGSV,10,,37
2026-06-01T18:06:53.301031,$GPGSV,12,,16
2026-06-01T18:06:53.301031,$GPGSV,13,,16
2026-06-01T18:06:53.301031,$GPGSV,18,,41
2026-06-01T18:06:53.303331,$GPGSV,23,,40
2026-06-01T18:06:53.303331,$GPGSV,25,,33
2026-06-01T18:06:53.303331,$GPGSV,28,,34
2026-06-01T18:06:53.303331,$GPGSV,32,,27
2026-06-01T18:06:53.305232,$GPGSV,41,,41
2026-06-01T18:06:53.305232,$GPGSV,42,,41
2026-06-01T18:06:53.305232,$GPGSV,50,,36
2026-06-01T18:06:53.307397,$GPGSV,10,,33
2026-06-01T18:06:53.307397,$GPGSV,12,,19
2026-06-01T18:06:53.307397,$GPGSV,13,,11
2026-06-01T18:06:53.307397,$GPGSV,18,,38
2026-06-01T18:06:53.309574,$GPGSV,23,,36
2026-06-01T18:06:53.309574,$GPGSV,25,,27
2026-06-01T18:06:53.309574,$GPGSV,28,,29
2026-06-01T18:06:53.309574,$GPGSV,32,,31
2026-06-01T18:06:53.315325,$GLGSV,65,,32
2026-06-01T18:06:53.315325,$GLGSV,66,,30
2026-06-01T18:06:53.315325,$GLGSV,75,,35
2026-06-01T18:06:53.315325,$GLGSV,76,,28
2026-06-01T18:06:53.317891,$GLGSV,86,,15
2026-06-01T18:06:53.317891,$GLGSV,87,,35
2026-06-01T18:06:53.317891,$GLGSV,88,,24
2026-06-01T18:06:53.319407,$GLGSV,66,,28
2026-06-01T18:06:53.319407,$GLGSV,75,,39
2026-06-01T18:06:53.319407,$GLGSV,76,,32
2026-06-01T18:06:53.319407,$GLGSV,86,,11
2026-06-01T18:06:53.320050,$GLGSV,88,,30
2026-06-01T18:06:53.321927,$GAGSV,03,,37
2026-06-01T18:06:53.321927,$GAGSV,08,,29
2026-06-01T18:06:53.321927,$GAGSV,15,,37
2026-06-01T18:06:53.321927,$GAGSV,32,,36
2026-06-01T18:06:53.323307,$GAGSV,34,,39
2026-06-01T18:06:53.324499,$GAGSV,03,,38
2026-06-01T18:06:53.324499,$GAGSV,08,,32
2026-06-01T18:06:53.324499,$GAGSV,15,,37
2026-06-01T18:06:53.324499,$GAGSV,32,,38
2026-06-01T18:06:53.325046,$GAGSV,34,,41
2026-06-01T18:06:53.327362,$GBGSV,06,,39
2026-06-01T18:06:53.327362,$GBGSV,07,,42
2026-06-01T18:06:53.327362,$GBGSV,09,,40
2026-06-01T18:06:53.327362,$GBGSV,10,,42
2026-06-01T18:06:53.328185,$GBGSV,13,,39
2026-06-01T18:06:53.328185,$GBGSV,25,,42
2026-06-01T18:06:53.328185,$GBGSV,28,,43
2026-06-01T18:06:53.328185,$GBGSV,33,,37
2026-06-01T18:06:53.328753,$GBGSV,09,,35
2026-06-01T18:06:53.328753,$GBGSV,10,,38
2026-06-01T18:06:54.299619,$GPGSV,10,,38
2026-06-01T18:06:54.299619,$GPGSV,12,,14
2026-06-01T18:06:54.299619,$GPGSV,13,,18
2026-06-01T18:06:54.299619,$GPGSV,18,,39
2026-06-01T18:06:54.301904,$GPGSV,23,,39
2026-06-01T18:06:54.301904,$GPGSV,25,,33
2026-06-01T18:06:54.301904,$GPGSV,28,,35
2026-06-01T18:06:54.301904,$GPGSV,32,,26
2026-06-01T18:06:54.303766,$GPGSV,41,,41
2026-06-01T18:06:54.303766,$GPGSV,42,,42
2026-06-01T18:06:54.303766,$GPGSV,50,,36
2026-06-01T18:06:54.305968,$GPGSV,10,,33
2026-06-01T18:06:54.305968,$GPGSV,12,,19
2026-06-01T18:06:54.305968,$GPGSV,13,,14
2026-06-01T18:06:54.305968,$GPGSV,18,,38
2026-06-01T18:06:54.308105,$GPGSV,23,,35
2026-06-01T18:06:54.308105,$GPGSV,25,,28
2026-06-01T18:06:54.308105,$GPGSV,28,,28
2026-06-01T18:06:54.308105,$GPGSV,32,,30
2026-06-01T18:06:54.314111,$GLGSV,65,,32
2026-06-01T18:06:54.314111,$GLGSV,66,,30
2026-06-01T18:06:54.314111,$GLGSV,75,,34
2026-06-01T18:06:54.314111,$GLGSV,76,,27
2026-06-01T18:06:54.315701,$GLGSV,86,,16
2026-06-01T18:06:54.315701,$GLGSV,87,,34
2026-06-01T18:06:54.315701,$GLGSV,88,,25
2026-06-01T18:06:54.317522,$GLGSV,66,,27
2026-06-01T18:06:54.317522,$GLGSV,72,,18
2026-06-01T18:06:54.317522,$GLGSV,75,,39
2026-06-01T18:06:54.317522,$GLGSV,76,,35
2026-06-01T18:06:54.319289,$GLGSV,86,,11
2026-06-01T18:06:54.319289,$GLGSV,88,,30
2026-06-01T18:06:54.321037,$GAGSV,03,,37
2026-06-01T18:06:54.321037,$GAGSV,08,,30
2026-06-01T18:06:54.321037,$GAGSV,15,,37
2026-06-01T18:06:54.321037,$GAGSV,32,,36
2026-06-01T18:06:54.321687,$GAGSV,34,,39
2026-06-01T18:06:54.323115,$GAGSV,03,,38
2026-06-01T18:06:54.323115,$GAGSV,08,,27
2026-06-01T18:06:54.323115,$GAGSV,15,,37
2026-06-01T18:06:54.323115,$GAGSV,32,,38
2026-06-01T18:06:54.323853,$GAGSV,34,,40
2026-06-01T18:06:54.326761,$GBGSV,06,,39
2026-06-01T18:06:54.326761,$GBGSV,07,,42
2026-06-01T18:06:54.326761,$GBGSV,09,,40
2026-06-01T18:06:54.326761,$GBGSV,10,,42
2026-06-01T18:06:54.327594,$GBGSV,13,,39
2026-06-01T18:06:54.327594,$GBGSV,25,,42
2026-06-01T18:06:54.327594,$GBGSV,28,,42
2026-06-01T18:06:54.327594,$GBGSV,33,,36
2026-06-01T18:06:54.328185,$GBGSV,09,,34
2026-06-01T18:06:54.328185,$GBGSV,10,,38
2026-06-01T18:06:55.309663,$GPGSV,10,,33
2026-06-01T18:06:55.309663,$GPGSV,12,,15
2026-06-01T18:06:55.309663,$GPGSV,13,,18
2026-06-01T18:06:55.309663,$GPGSV,18,,40
2026-06-01T18:06:55.311614,$GPGSV,23,,41
2026-06-01T18:06:55.311614,$GPGSV,25,,35
2026-06-01T18:06:55.311614,$GPGSV,28,,26
2026-06-01T18:06:55.311614,$GPGSV,32,,31
2026-06-01T18:06:55.312850,$GPGSV,41,,42
2026-06-01T18:06:55.312850,$GPGSV,42,,41
2026-06-01T18:06:55.312850,$GPGSV,50,,38
2026-06-01T18:06:55.314341,$GPGSV,10,,33
2026-06-01T18:06:55.314341,$GPGSV,12,,17
2026-06-01T18:06:55.314341,$GPGSV,13,,14
2026-06-01T18:06:55.314341,$GPGSV,18,,38
2026-06-01T18:06:55.315931,$GPGSV,23,,36
2026-06-01T18:06:55.315931,$GPGSV,25,,29
2026-06-01T18:06:55.315931,$GPGSV,28,,27
2026-06-01T18:06:55.315931,$GPGSV,32,,30
2026-06-01T18:06:55.320829,$GLGSV,65,,31
2026-06-01T18:06:55.320829,$GLGSV,66,,23
2026-06-01T18:06:55.320829,$GLGSV,75,,37
2026-06-01T18:06:55.320829,$GLGSV,76,,28
2026-06-01T18:06:55.321866,$GLGSV,86,,16
2026-06-01T18:06:55.321866,$GLGSV,87,,34
2026-06-01T18:06:55.321866,$GLGSV,88,,35
2026-06-01T18:06:55.322784,$GLGSV,66,,33
2026-06-01T18:06:55.322784,$GLGSV,72,,15
2026-06-01T18:06:55.322784,$GLGSV,75,,41
2026-06-01T18:06:55.322784,$GLGSV,76,,34
2026-06-01T18:06:55.323498,$GLGSV,86,,11
2026-06-01T18:06:55.323498,$GLGSV,88,,34
2026-06-01T18:06:55.324963,$GAGSV,03,,37
2026-06-01T18:06:55.324963,$GAGSV,08,,30
2026-06-01T18:06:55.324963,$GAGSV,15,,33
2026-06-01T18:06:55.324963,$GAGSV,32,,38
2026-06-01T18:06:55.325907,$GAGSV,34,,39
2026-06-01T18:06:55.327025,$GAGSV,03,,37
2026-06-01T18:06:55.327025,$GAGSV,08,,27
2026-06-01T18:06:55.327025,$GAGSV,15,,35
2026-06-01T18:06:55.327025,$GAGSV,32,,39
2026-06-01T18:06:55.327604,$GAGSV,34,,40
2026-06-01T18:06:55.330017,$GBGSV,06,,41
2026-06-01T18:06:55.330017,$GBGSV,07,,43
2026-06-01T18:06:55.330017,$GBGSV,09,,39
2026-06-01T18:06:55.330017,$GBGSV,10,,42
2026-06-01T18:06:55.330754,$GBGSV,13,,39
2026-06-01T18:06:55.330754,$GBGSV,25,,42
2026-06-01T18:06:55.330754,$GBGSV,28,,43
2026-06-01T18:06:55.330754,$GBGSV,33,,37
2026-06-01T18:06:55.331381,$GBGSV,09,,33
2026-06-01T18:06:55.331381,$GBGSV,10,,37
2026-06-01T18:06:56.306729,$GPGSV,10,,34
2026-06-01T18:06:56.306729,$GPGSV,12,,13
2026-06-01T18:06:56.306729,$GPGSV,13,,19
2026-06-01T18:06:56.306729,$GPGSV,18,,40
2026-06-01T18:06:56.309273,$GPGSV,23,,39
2026-06-01T18:06:56.309273,$GPGSV,25,,30
2026-06-01T18:06:56.309273,$GPGSV,28,,25
2026-06-01T18:06:56.309273,$GPGSV,32,,29
2026-06-01T18:06:56.310268,$GPGSV,41,,43
2026-06-01T18:06:56.310268,$GPGSV,42,,41
2026-06-01T18:06:56.310268,$GPGSV,50,,37
2026-06-01T18:06:56.311589,$GPGSV,10,,34
2026-06-01T18:06:56.311589,$GPGSV,12,,14
2026-06-01T18:06:56.311589,$GPGSV,13,,14
2026-06-01T18:06:56.311589,$GPGSV,18,,38
2026-06-01T18:06:56.313005,$GPGSV,23,,36
2026-06-01T18:06:56.313005,$GPGSV,25,,29
2026-06-01T18:06:56.313005,$GPGSV,28,,26
2026-06-01T18:06:56.313005,$GPGSV,32,,27
2026-06-01T18:06:56.316861,$GLGSV,65,,32
2026-06-01T18:06:56.316861,$GLGSV,66,,21
2026-06-01T18:06:56.316861,$GLGSV,75,,36
2026-06-01T18:06:56.316861,$GLGSV,76,,33
2026-06-01T18:06:56.319559,$GLGSV,86,,14
2026-06-01T18:06:56.319559,$GLGSV,87,,33
2026-06-01T18:06:56.319559,$GLGSV,88,,32
2026-06-01T18:06:56.320953,$GLGSV,66,,34
2026-06-01T18:06:56.320953,$GLGSV,72,,12
2026-06-01T18:06:56.320953,$GLGSV,75,,39
2026-06-01T18:06:56.320953,$GLGSV,76,,21
2026-06-01T18:06:56.322137,$GLGSV,86,,10
2026-06-01T18:06:56.322137,$GLGSV,88,,30
2026-06-01T18:06:56.324019,$GAGSV,03,,38
2026-06-01T18:06:56.324019,$GAGSV,08,,28
2026-06-01T18:06:56.324019,$GAGSV,15,,34
2026-06-01T18:06:56.324019,$GAGSV,32,,39
2026-06-01T18:06:56.324433,$GAGSV,34,,39
2026-06-01T18:06:56.325193,$GAGSV,03,,39
2026-06-01T18:06:56.325193,$GAGSV,08,,28
2026-06-01T18:06:56.325193,$GAGSV,15,,39
2026-06-01T18:06:56.325193,$GAGSV,32,,41
2026-06-01T18:06:56.325701,$GAGSV,34,,41
2026-06-01T18:06:56.325701,$GAGSV,36,,22
2026-06-01T18:06:56.328494,$GBGSV,06,,41
2026-06-01T18:06:56.328494,$GBGSV,07,,43
2026-06-01T18:06:56.328494,$GBGSV,09,,39
2026-06-01T18:06:56.328494,$GBGSV,10,,42
2026-06-01T18:06:56.329244,$GBGSV,13,,38
2026-06-01T18:06:56.329244,$GBGSV,25,,42
2026-06-01T18:06:56.329244,$GBGSV,28,,41
2026-06-01T18:06:56.329244,$GBGSV,33,,40
2026-06-01T18:06:56.329743,$GBGSV,09,,33
2026-06-01T18:06:56.329743,$GBGSV,10,,38
2026-06-01T18:06:57.300183,$GPGSV,10,,34
2026-06-01T18:06:57.300183,$GPGSV,12,,12
2026-06-01T18:06:57.300183,$GPGSV,13,,21
2026-06-01T18:06:57.300183,$GPGSV,18,,40
2026-06-01T18:06:57.302520,$GPGSV,23,,39
2026-06-01T18:06:57.302520,$GPGSV,25,,30
2026-06-01T18:06:57.302520,$GPGSV,28,,24
2026-06-01T18:06:57.302520,$GPGSV,32,,29
2026-06-01T18:06:57.304723,$GPGSV,41,,43
2026-06-01T18:06:57.304723,$GPGSV,42,,41
2026-06-01T18:06:57.304723,$GPGSV,50,,37
2026-06-01T18:06:57.307309,$GPGSV,10,,34
2026-06-01T18:06:57.307309,$GPGSV,12,,14
2026-06-01T18:06:57.307309,$GPGSV,13,,15
2026-06-01T18:06:57.307309,$GPGSV,18,,38
2026-06-01T18:06:57.309549,$GPGSV,23,,36
2026-06-01T18:06:57.309549,$GPGSV,25,,29
2026-06-01T18:06:57.309549,$GPGSV,28,,27
2026-06-01T18:06:57.309549,$GPGSV,32,,26
2026-06-01T18:06:57.315314,$GLGSV,65,,33
2026-06-01T18:06:57.315314,$GLGSV,66,,20
2026-06-01T18:06:57.315314,$GLGSV,75,,36
2026-06-01T18:06:57.315314,$GLGSV,76,,32
2026-06-01T18:06:57.316787,$GLGSV,86,,13
2026-06-01T18:06:57.316787,$GLGSV,87,,33
2026-06-01T18:06:57.316787,$GLGSV,88,,32
2026-06-01T18:06:57.318261,$GLGSV,66,,35
2026-06-01T18:06:57.318261,$GLGSV,72,,09
2026-06-01T18:06:57.318261,$GLGSV,75,,39
2026-06-01T18:06:57.318261,$GLGSV,76,,20
2026-06-01T18:06:57.319060,$GLGSV,86,,11
2026-06-01T18:06:57.319060,$GLGSV,88,,30
2026-06-01T18:06:57.320708,$GAGSV,03,,38
2026-06-01T18:06:57.320708,$GAGSV,08,,27
2026-06-01T18:06:57.320708,$GAGSV,15,,35
2026-06-01T18:06:57.320708,$GAGSV,32,,39
2026-06-01T18:06:57.321398,$GAGSV,34,,38
2026-06-01T18:06:57.322674,$GAGSV,03,,39
2026-06-01T18:06:57.322674,$GAGSV,08,,28
2026-06-01T18:06:57.322674,$GAGSV,15,,40
2026-06-01T18:06:57.322674,$GAGSV,32,,40
2026-06-01T18:06:57.323674,$GAGSV,34,,41
2026-06-01T18:06:57.323674,$GAGSV,36,,20
2026-06-01T18:06:57.326683,$GBGSV,06,,41
2026-06-01T18:06:57.326683,$GBGSV,07,,43
2026-06-01T18:06:57.326683,$GBGSV,09,,39
2026-06-01T18:06:57.326683,$GBGSV,10,,42
2026-06-01T18:06:57.327531,$GBGSV,13,,38
2026-06-01T18:06:57.327531,$GBGSV,25,,42
2026-06-01T18:06:57.327531,$GBGSV,28,,40
2026-06-01T18:06:57.327531,$GBGSV,33,,40
2026-06-01T18:06:57.328071,$GBGSV,09,,32
2026-06-01T18:06:57.328071,$GBGSV,10,,38
2026-06-01T18:06:58.301969,$GPGSV,10,,34
2026-06-01T18:06:58.301969,$GPGSV,12,,09
2026-06-01T18:06:58.301969,$GPGSV,13,,22
2026-06-01T18:06:58.301969,$GPGSV,18,,40
2026-06-01T18:06:58.304436,$GPGSV,23,,39
2026-06-01T18:06:58.304436,$GPGSV,25,,30
2026-06-01T18:06:58.304436,$GPGSV,28,,24
2026-06-01T18:06:58.304436,$GPGSV,32,,29
2026-06-01T18:06:58.306358,$GPGSV,41,,43
2026-06-01T18:06:58.306358,$GPGSV,42,,41
2026-06-01T18:06:58.306358,$GPGSV,50,,37
2026-06-01T18:06:58.308636,$GPGSV,10,,34
2026-06-01T18:06:58.308636,$GPGSV,12,,14
2026-06-01T18:06:58.308636,$GPGSV,13,,16
2026-06-01T18:06:58.308636,$GPGSV,18,,38
2026-06-01T18:06:58.310869,$GPGSV,23,,36
2026-06-01T18:06:58.310869,$GPGSV,25,,30
2026-06-01T18:06:58.310869,$GPGSV,28,,27
2026-06-01T18:06:58.310869,$GPGSV,32,,25
2026-06-01T18:06:58.316760,$GLGSV,65,,32
2026-06-01T18:06:58.316760,$GLGSV,66,,19
2026-06-01T18:06:58.316760,$GLGSV,75,,36
2026-06-01T18:06:58.316760,$GLGSV,76,,32
2026-06-01T18:06:58.318149,$GLGSV,86,,11
2026-06-01T18:06:58.318149,$GLGSV,87,,33
2026-06-01T18:06:58.318149,$GLGSV,88,,32
2026-06-01T18:06:58.319715,$GLGSV,66,,35
2026-06-01T18:06:58.319715,$GLGSV,72,,08
2026-06-01T18:06:58.319715,$GLGSV,75,,39
2026-06-01T18:06:58.319715,$GLGSV,76,,18
2026-06-01T18:06:58.321218,$GLGSV,86,,11
2026-06-01T18:06:58.321218,$GLGSV,88,,31
2026-06-01T18:06:58.323218,$GAGSV,03,,38
2026-06-01T18:06:58.323218,$GAGSV,08,,27
2026-06-01T18:06:58.323218,$GAGSV,15,,35
2026-06-01T18:06:58.323218,$GAGSV,32,,39
2026-06-01T18:06:58.324153,$GAGSV,34,,38
2026-06-01T18:06:58.325826,$GAGSV,03,,39
2026-06-01T18:06:58.325826,$GAGSV,08,,29
2026-06-01T18:06:58.325826,$GAGSV,15,,40
2026-06-01T18:06:58.325826,$GAGSV,32,,40
2026-06-01T18:06:58.326427,$GAGSV,34,,41
2026-06-01T18:06:58.326427,$GAGSV,36,,18
2026-06-01T18:06:58.328724,$GBGSV,06,,41
2026-06-01T18:06:58.328724,$GBGSV,07,,43
2026-06-01T18:06:58.328724,$GBGSV,09,,39
2026-06-01T18:06:58.328724,$GBGSV,10,,42
2026-06-01T18:06:58.329623,$GBGSV,13,,38
2026-06-01T18:06:58.329623,$GBGSV,25,,42
2026-06-01T18:06:58.329623,$GBGSV,28,,40
2026-06-01T18:06:58.329623,$GBGSV,33,,40
2026-06-01T18:06:58.330214,$GBGSV,09,,33
2026-06-01T18:06:58.330214,$GBGSV,10,,38
2026-06-01T18:06:59.299019,$GPGSV,10,,34
2026-06-01T18:06:59.299019,$GPGSV,12,,08
2026-06-01T18:06:59.299019,$GPGSV,13,,21
2026-06-01T18:06:59.299019,$GPGSV,18,,40
2026-06-01T18:06:59.301687,$GPGSV,23,,39
2026-06-01T18:06:59.301687,$GPGSV,25,,30
2026-06-01T18:06:59.301687,$GPGSV,28,,23
2026-06-01T18:06:59.301687,$GPGSV,32,,29
2026-06-01T18:06:59.303739,$GPGSV,41,,43
2026-06-01T18:06:59.303739,$GPGSV,42,,41
2026-06-01T18:06:59.303739,$GPGSV,50,,37
2026-06-01T18:06:59.306098,$GPGSV,10,,34
2026-06-01T18:06:59.306098,$GPGSV,12,,14
2026-06-01T18:06:59.306098,$GPGSV,13,,17
2026-06-01T18:06:59.306098,$GPGSV,18,,38
2026-06-01T18:06:59.308295,$GPGSV,23,,36
2026-06-01T18:06:59.308295,$GPGSV,25,,29
2026-06-01T18:06:59.308295,$GPGSV,28,,27
2026-06-01T18:06:59.308295,$GPGSV,32,,25
2026-06-01T18:06:59.314614,$GLGSV,65,,33
2026-06-01T18:06:59.314614,$GLGSV,66,,20
2026-06-01T18:06:59.314614,$GLGSV,75,,36
2026-06-01T18:06:59.314614,$GLGSV,76,,33
2026-06-01T18:06:59.316944,$GLGSV,86,,10
2026-06-01T18:06:59.316944,$GLGSV,87,,33
2026-06-01T18:06:59.316944,$GLGSV,88,,32
2026-06-01T18:06:59.319243,$GLGSV,66,,35
2026-06-01T18:06:59.319243,$GLGSV,72,,09
2026-06-01T18:06:59.319243,$GLGSV,75,,39
2026-06-01T18:06:59.319243,$GLGSV,76,,17
2026-06-01T18:06:59.320408,$GLGSV,86,,12
2026-06-01T18:06:59.320408,$GLGSV,88,,30
2026-06-01T18:06:59.322290,$GAGSV,03,,38
2026-06-01T18:06:59.322290,$GAGSV,08,,27
2026-06-01T18:06:59.322290,$GAGSV,15,,35
2026-06-01T18:06:59.322290,$GAGSV,32,,39
2026-06-01T18:06:59.322926,$GAGSV,34,,38
2026-06-01T18:06:59.324231,$GAGSV,03,,38
2026-06-01T18:06:59.324231,$GAGSV,08,,29
2026-06-01T18:06:59.324231,$GAGSV,15,,40
2026-06-01T18:06:59.324231,$GAGSV,32,,40
2026-06-01T18:06:59.325694,$GAGSV,34,,41
2026-06-01T18:06:59.325694,$GAGSV,36,,18
2026-06-01T18:06:59.328110,$GBGSV,06,,41
2026-06-01T18:06:59.328110,$GBGSV,07,,43
2026-06-01T18:06:59.328110,$GBGSV,09,,39
2026-06-01T18:06:59.328110,$GBGSV,10,,41
2026-06-01T18:06:59.328955,$GBGSV,13,,38
2026-06-01T18:06:59.328955,$GBGSV,25,,42
2026-06-01T18:06:59.328955,$GBGSV,28,,41
2026-06-01T18:06:59.328955,$GBGSV,33,,40
2026-06-01T18:06:59.329591,$GBGSV,09,,33
2026-06-01T18:06:59.329591,$GBGSV,10,,38
2026-06-01T18:07:00.303365,$GPGSV,10,,34
2026-06-01T18:07:00.303365,$GPGSV,13,,22
2026-06-01T18:07:00.303365,$GPGSV,18,,40
2026-06-01T18:07:00.303365,$GPGSV,23,,39
2026-06-01T18:07:00.307264,$GPGSV,25,,30
2026-06-01T18:07:00.307264,$GPGSV,28,,23
2026-06-01T18:07:00.307264,$GPGSV,32,,29
2026-06-01T18:07:00.307264,$GPGSV,41,,43
2026-06-01T18:07:00.309946,$GPGSV,42,,41
2026-06-01T18:07:00.309946,$GPGSV,50,,37
2026-06-01T18:07:00.312464,$GPGSV,10,,34
2026-06-01T18:07:00.312464,$GPGSV,12,,12
2026-06-01T18:07:00.312464,$GPGSV,13,,18
2026-06-01T18:07:00.312464,$GPGSV,18,,38
2026-06-01T18:07:00.314807,$GPGSV,23,,37
2026-06-01T18:07:00.314807,$GPGSV,25,,29
2026-06-01T18:07:00.314807,$GPGSV,28,,27
2026-06-01T18:07:00.314807,$GPGSV,32,,25
2026-06-01T18:07:00.323560,$GLGSV,65,,33
2026-06-01T18:07:00.323560,$GLGSV,66,,20
2026-06-01T18:07:00.323560,$GLGSV,75,,36
2026-06-01T18:07:00.323560,$GLGSV,76,,33
2026-06-01T18:07:00.326536,$GLGSV,86,,11
2026-06-01T18:07:00.326536,$GLGSV,87,,33
2026-06-01T18:07:00.326536,$GLGSV,88,,33
2026-06-01T18:07:00.330442,$GLGSV,66,,35
2026-06-01T18:07:00.330442,$GLGSV,72,,08
2026-06-01T18:07:00.330442,$GLGSV,75,,39
2026-06-01T18:07:00.330442,$GLGSV,76,,20
2026-06-01T18:07:00.333811,$GLGSV,86,,11
2026-06-01T18:07:00.333811,$GLGSV,88,,29
2026-06-01T18:07:00.338900,$GAGSV,03,,38
2026-06-01T18:07:00.338900,$GAGSV,08,,26
2026-06-01T18:07:00.338900,$GAGSV,15,,35
2026-06-01T18:07:00.338900,$GAGSV,32,,39
2026-06-01T18:07:00.340647,$GAGSV,34,,38
2026-06-01T18:07:00.342211,$GAGSV,03,,39
2026-06-01T18:07:00.342211,$GAGSV,08,,29
2026-06-01T18:07:00.342211,$GAGSV,15,,40
2026-06-01T18:07:00.342211,$GAGSV,32,,40
2026-06-01T18:07:00.342995,$GAGSV,34,,41
2026-06-01T18:07:00.342995,$GAGSV,36,,18
2026-06-01T18:07:00.347264,$GBGSV,06,,41
2026-06-01T18:07:00.347264,$GBGSV,07,,43
2026-06-01T18:07:00.347264,$GBGSV,09,,39
2026-06-01T18:07:00.347264,$GBGSV,10,,42
2026-06-01T18:07:00.348875,$GBGSV,13,,38
2026-06-01T18:07:00.348875,$GBGSV,25,,42
2026-06-01T18:07:00.348875,$GBGSV,28,,41
2026-06-01T18:07:00.348875,$GBGSV,33,,40
2026-06-01T18:07:00.349564,$GBGSV,09,,32
2026-06-01T18:07:00.349564,$GBGSV,10,,37
2026-06-01T18:07:01.302469,$GPGSV,10,,35
2026-06-01T18:07:01.302469,$GPGSV,13,,21
2026-06-01T18:07:01.302469,$GPGSV,18,,40
2026-06-01T18:07:01.302469,$GPGSV,23,,39
2026-06-01T18:07:01.304698,$GPGSV,25,,30
2026-06-01T18:07:01.304698,$GPGSV,28,,23
2026-06-01T18:07:01.304698,$GPGSV,32,,29
2026-06-01T18:07:01.304698,$GPGSV,41,,43
2026-06-01T18:07:01.306323,$GPGSV,42,,41
2026-06-01T18:07:01.306323,$GPGSV,50,,37
2026-06-01T18:07:01.308844,$GPGSV,10,,34
2026-06-01T18:07:01.308844,$GPGSV,12,,12
2026-06-01T18:07:01.308844,$GPGSV,13,,18
2026-06-01T18:07:01.308844,$GPGSV,18,,38
2026-06-01T18:07:01.311039,$GPGSV,23,,37
2026-06-01T18:07:01.311039,$GPGSV,25,,30
2026-06-01T18:07:01.311039,$GPGSV,28,,27
2026-06-01T18:07:01.311039,$GPGSV,32,,25
2026-06-01T18:07:01.316056,$GLGSV,65,,33
2026-06-01T18:07:01.316056,$GLGSV,66,,20
2026-06-01T18:07:01.316056,$GLGSV,75,,36
2026-06-01T18:07:01.316056,$GLGSV,76,,33
2026-06-01T18:07:01.318013,$GLGSV,86,,11
2026-06-01T18:07:01.318013,$GLGSV,87,,33
2026-06-01T18:07:01.318013,$GLGSV,88,,33
2026-06-01T18:07:01.319580,$GLGSV,66,,35
2026-06-01T18:07:01.319580,$GLGSV,72,,09
2026-06-01T18:07:01.319580,$GLGSV,75,,39
2026-06-01T18:07:01.319580,$GLGSV,76,,23
2026-06-01T18:07:01.320454,$GLGSV,86,,08
2026-06-01T18:07:01.320454,$GLGSV,88,,29
2026-06-01T18:07:01.322304,$GAGSV,03,,38
2026-06-01T18:07:01.322304,$GAGSV,08,,26
2026-06-01T18:07:01.322304,$GAGSV,15,,35
2026-06-01T18:07:01.322304,$GAGSV,32,,39
2026-06-01T18:07:01.323196,$GAGSV,34,,38
2026-06-01T18:07:01.324891,$GAGSV,03,,39
2026-06-01T18:07:01.324891,$GAGSV,08,,29
2026-06-01T18:07:01.324891,$GAGSV,15,,40
2026-06-01T18:07:01.324891,$GAGSV,32,,40
2026-06-01T18:07:01.325543,$GAGSV,34,,41
2026-06-01T18:07:01.327850,$GBGSV,06,,41
2026-06-01T18:07:01.327850,$GBGSV,07,,43
2026-06-01T18:07:01.327850,$GBGSV,09,,39
2026-06-01T18:07:01.327850,$GBGSV,10,,42
2026-06-01T18:07:01.328633,$GBGSV,13,,38
2026-06-01T18:07:01.328633,$GBGSV,25,,42
2026-06-01T18:07:01.328633,$GBGSV,28,,41
2026-06-01T18:07:01.328633,$GBGSV,33,,40
2026-06-01T18:07:01.329164,$GBGSV,09,,32
2026-06-01T18:07:01.329164,$GBGSV,10,,38
2026-06-01T18:07:02.300016,$GPGSV,10,,35
2026-06-01T18:07:02.300016,$GPGSV,13,,21
2026-06-01T18:07:02.300016,$GPGSV,18,,40
2026-06-01T18:07:02.300016,$GPGSV,23,,39
2026-06-01T18:07:02.302709,$GPGSV,25,,30
2026-06-01T18:07:02.302709,$GPGSV,28,,23
2026-06-01T18:07:02.302709,$GPGSV,32,,29
2026-06-01T18:07:02.302709,$GPGSV,41,,43
2026-06-01T18:07:02.304613,$GPGSV,42,,41
2026-06-01T18:07:02.304613,$GPGSV,50,,37
2026-06-01T18:07:02.306868,$GPGSV,10,,34
2026-06-01T18:07:02.306868,$GPGSV,12,,13
2026-06-01T18:07:02.306868,$GPGSV,13,,19
2026-06-01T18:07:02.306868,$GPGSV,18,,38
2026-06-01T18:07:02.309193,$GPGSV,23,,37
2026-06-01T18:07:02.309193,$GPGSV,25,,30
2026-06-01T18:07:02.309193,$GPGSV,28,,27
2026-06-01T18:07:02.309193,$GPGSV,32,,24
2026-06-01T18:07:02.315564,$GLGSV,65,,33
2026-06-01T18:07:02.315564,$GLGSV,66,,20
2026-06-01T18:07:02.315564,$GLGSV,75,,36
2026-06-01T18:07:02.315564,$GLGSV,76,,33
2026-06-01T18:07:02.318139,$GLGSV,86,,09
2026-06-01T18:07:02.318139,$GLGSV,87,,33
2026-06-01T18:07:02.318139,$GLGSV,88,,33
2026-06-01T18:07:02.320246,$GLGSV,66,,35
2026-06-01T18:07:02.320246,$GLGSV,72,,10
2026-06-01T18:07:02.320246,$GLGSV,75,,39
2026-06-01T18:07:02.320246,$GLGSV,76,,26
2026-06-01T18:07:02.321416,$GLGSV,86,,09
2026-06-01T18:07:02.321416,$GLGSV,88,,28
2026-06-01T18:07:02.324252,$GAGSV,03,,38
2026-06-01T18:07:02.324252,$GAGSV,08,,26
2026-06-01T18:07:02.324252,$GAGSV,15,,35
2026-06-01T18:07:02.324252,$GAGSV,32,,39
2026-06-01T18:07:02.325391,$GAGSV,34,,38
2026-06-01T18:07:02.326463,$GAGSV,03,,39
2026-06-01T18:07:02.326463,$GAGSV,08,,29
2026-06-01T18:07:02.326463,$GAGSV,15,,40
2026-06-01T18:07:02.326463,$GAGSV,32,,40
2026-06-01T18:07:02.327076,$GAGSV,34,,41
2026-06-01T18:07:02.329413,$GBGSV,06,,41
2026-06-01T18:07:02.329413,$GBGSV,07,,43
2026-06-01T18:07:02.329413,$GBGSV,09,,39
2026-06-01T18:07:02.329413,$GBGSV,10,,42
2026-06-01T18:07:02.330246,$GBGSV,13,,38
2026-06-01T18:07:02.330246,$GBGSV,25,,42
2026-06-01T18:07:02.330246,$GBGSV,28,,41
2026-06-01T18:07:02.330246,$GBGSV,33,,40
2026-06-01T18:07:02.330832,$GBGSV,09,,32
2026-06-01T18:07:02.330832,$GBGSV,10,,37
2026-06-01T18:07:03.298497,$GPGSV,10,,34
2026-06-01T18:07:03.298497,$GPGSV,13,,20
2026-06-01T18:07:03.298497,$GPGSV,18,,40
2026-06-01T18:07:03.298497,$GPGSV,23,,39
2026-06-01T18:07:03.300712,$GPGSV,25,,31
2026-06-01T18:07:03.300712,$GPGSV,28,,25
2026-06-01T18:07:03.300712,$GPGSV,32,,27
2026-06-01T18:07:03.300712,$GPGSV,41,,44
2026-06-01T18:07:03.302329,$GPGSV,42,,42
2026-06-01T18:07:03.302329,$GPGSV,50,,37
2026-06-01T18:07:03.304462,$GPGSV,10,,34
2026-06-01T18:07:03.304462,$GPGSV,12,,14
2026-06-01T18:07:03.304462,$GPGSV,13,,18
2026-06-01T18:07:03.304462,$GPGSV,18,,38
2026-06-01T18:07:03.306918,$GPGSV,23,,36
2026-06-01T18:07:03.306918,$GPGSV,25,,30
2026-06-01T18:07:03.306918,$GPGSV,28,,26
2026-06-01T18:07:03.306918,$GPGSV,32,,24
2026-06-01T18:07:03.312414,$GLGSV,65,,32
2026-06-01T18:07:03.312414,$GLGSV,66,,30
2026-06-01T18:07:03.312414,$GLGSV,75,,34
2026-06-01T18:07:03.312414,$GLGSV,76,,33
2026-06-01T18:07:03.314344,$GLGSV,86,,08
2026-06-01T18:07:03.314344,$GLGSV,87,,28
2026-06-01T18:07:03.314344,$GLGSV,88,,34
2026-06-01T18:07:03.315873,$GLGSV,66,,31
2026-06-01T18:07:03.315873,$GLGSV,72,,09
2026-06-01T18:07:03.315873,$GLGSV,75,,39
2026-06-01T18:07:03.315873,$GLGSV,76,,32
2026-06-01T18:07:03.316979,$GLGSV,86,,08
2026-06-01T18:07:03.316979,$GLGSV,88,,28
2026-06-01T18:07:03.319905,$GAGSV,03,,38
2026-06-01T18:07:03.319905,$GAGSV,08,,28
2026-06-01T18:07:03.319905,$GAGSV,15,,36
2026-06-01T18:07:03.319905,$GAGSV,32,,39
2026-06-01T18:07:03.320546,$GAGSV,34,,38
2026-06-01T18:07:03.321649,$GAGSV,03,,39
2026-06-01T18:07:03.321649,$GAGSV,08,,29
2026-06-01T18:07:03.321649,$GAGSV,15,,40
2026-06-01T18:07:03.321649,$GAGSV,32,,39
2026-06-01T18:07:03.323287,$GAGSV,34,,41
2026-06-01T18:07:03.326291,$GBGSV,06,,41
2026-06-01T18:07:03.326291,$GBGSV,07,,43
2026-06-01T18:07:03.326291,$GBGSV,09,,38
2026-06-01T18:07:03.326291,$GBGSV,10,,42
2026-06-01T18:07:03.327123,$GBGSV,13,,38
2026-06-01T18:07:03.327123,$GBGSV,25,,42
2026-06-01T18:07:03.327123,$GBGSV,28,,42
2026-06-01T18:07:03.327123,$GBGSV,33,,40
2026-06-01T18:07:03.327715,$GBGSV,09,,33
2026-06-01T18:07:03.327715,$GBGSV,10,,37
2026-06-01T18:07:04.307514,$GPGSV,10,,34
2026-06-01T18:07:04.307514,$GPGSV,13,,18
2026-06-01T18:07:04.307514,$GPGSV,18,,40
2026-06-01T18:07:04.307514,$GPGSV,23,,39
2026-06-01T18:07:04.309925,$GPGSV,25,,33
2026-06-01T18:07:04.309925,$GPGSV,28,,26
2026-06-01T18:07:04.309925,$GPGSV,32,,33
2026-06-01T18:07:04.309925,$GPGSV,41,,41
2026-06-01T18:07:04.311506,$GPGSV,42,,41
2026-06-01T18:07:04.311506,$GPGSV,50,,36
2026-06-01T18:07:04.313668,$GPGSV,10,,33
2026-06-01T18:07:04.313668,$GPGSV,12,,12
2026-06-01T18:07:04.313668,$GPGSV,13,,16
2026-06-01T18:07:04.313668,$GPGSV,18,,38
2026-06-01T18:07:04.315807,$GPGSV,23,,36
2026-06-01T18:07:04.315807,$GPGSV,25,,30
2026-06-01T18:07:04.315807,$GPGSV,28,,26
2026-06-01T18:07:04.315807,$GPGSV,32,,27
2026-06-01T18:07:04.322025,$GLGSV,65,,33
2026-06-01T18:07:04.322025,$GLGSV,66,,33
2026-06-01T18:07:04.322025,$GLGSV,75,,36
2026-06-01T18:07:04.322025,$GLGSV,76,,29
2026-06-01T18:07:04.324038,$GLGSV,86,,08
2026-06-01T18:07:04.324038,$GLGSV,87,,35
2026-06-01T18:07:04.324038,$GLGSV,88,,29
2026-06-01T18:07:04.326038,$GLGSV,66,,31
2026-06-01T18:07:04.326038,$GLGSV,72,,10
2026-06-01T18:07:04.326038,$GLGSV,75,,40
2026-06-01T18:07:04.326038,$GLGSV,76,,29
2026-06-01T18:07:04.327582,$GLGSV,86,,11
2026-06-01T18:07:04.327582,$GLGSV,88,,39
2026-06-01T18:07:04.330035,$GAGSV,03,,38
2026-06-01T18:07:04.330035,$GAGSV,08,,32
2026-06-01T18:07:04.330035,$GAGSV,15,,40
2026-06-01T18:07:04.330035,$GAGSV,32,,38
2026-06-01T18:07:04.331007,$GAGSV,34,,38
2026-06-01T18:07:04.332126,$GAGSV,03,,39
2026-06-01T18:07:04.332126,$GAGSV,08,,28
2026-06-01T18:07:04.332126,$GAGSV,15,,38
2026-06-01T18:07:04.332126,$GAGSV,32,,36
2026-06-01T18:07:04.332823,$GAGSV,34,,41
2026-06-01T18:07:04.332823,$GAGSV,36,,22
2026-06-01T18:07:04.334942,$GBGSV,06,,40
2026-06-01T18:07:04.334942,$GBGSV,07,,43
2026-06-01T18:07:04.334942,$GBGSV,09,,38
2026-06-01T18:07:04.334942,$GBGSV,10,,41
2026-06-01T18:07:04.335869,$GBGSV,13,,40
2026-06-01T18:07:04.335869,$GBGSV,25,,42
2026-06-01T18:07:04.335869,$GBGSV,28,,42
2026-06-01T18:07:04.335869,$GBGSV,33,,39
2026-06-01T18:07:04.336472,$GBGSV,09,,33
2026-06-01T18:07:04.336472,$GBGSV,10,,38
2026-06-01T18:07:05.303797,$GPGSV,10,,34
2026-06-01T18:07:05.303797,$GPGSV,12,,07
2026-06-01T18:07:05.303797,$GPGSV,13,,17
2026-06-01T18:07:05.303797,$GPGSV,18,,41
2026-06-01T18:07:05.307573,$GPGSV,23,,40
2026-06-01T18:07:05.307573,$GPGSV,25,,33
2026-06-01T18:07:05.307573,$GPGSV,28,,32
2026-06-01T18:07:05.307573,$GPGSV,32,,32
2026-06-01T18:07:05.309750,$GPGSV,41,,42
2026-06-01T18:07:05.309750,$GPGSV,42,,41
2026-06-01T18:07:05.309750,$GPGSV,50,,36
2026-06-01T18:07:05.311174,$GPGSV,10,,34
2026-06-01T18:07:05.311174,$GPGSV,12,,11
2026-06-01T18:07:05.311174,$GPGSV,13,,17
2026-06-01T18:07:05.311174,$GPGSV,18,,38
2026-06-01T18:07:05.312777,$GPGSV,23,,37
2026-06-01T18:07:05.312777,$GPGSV,25,,29
2026-06-01T18:07:05.312777,$GPGSV,28,,27
2026-06-01T18:07:05.312777,$GPGSV,32,,27
2026-06-01T18:07:05.317979,$GLGSV,65,,35
2026-06-01T18:07:05.317979,$GLGSV,66,,31
2026-06-01T18:07:05.317979,$GLGSV,75,,34
2026-06-01T18:07:05.317979,$GLGSV,76,,32
2026-06-01T18:07:05.319982,$GLGSV,86,,11
2026-06-01T18:07:05.319982,$GLGSV,87,,32
2026-06-01T18:07:05.319982,$GLGSV,88,,34
2026-06-01T18:07:05.322059,$GLGSV,66,,23
2026-06-01T18:07:05.322059,$GLGSV,72,,12
2026-06-01T18:07:05.322059,$GLGSV,75,,38
2026-06-01T18:07:05.322059,$GLGSV,76,,27
2026-06-01T18:07:05.322770,$GLGSV,86,,10
2026-06-01T18:07:05.322770,$GLGSV,88,,39
2026-06-01T18:07:05.324317,$GAGSV,03,,38
2026-06-01T18:07:05.324317,$GAGSV,08,,31
2026-06-01T18:07:05.324317,$GAGSV,15,,40
2026-06-01T18:07:05.324317,$GAGSV,32,,36
2026-06-01T18:07:05.324753,$GAGSV,34,,39
2026-06-01T18:07:05.325898,$GAGSV,03,,39
2026-06-01T18:07:05.325898,$GAGSV,08,,28
2026-06-01T18:07:05.325898,$GAGSV,15,,38
2026-06-01T18:07:05.325898,$GAGSV,32,,39
2026-06-01T18:07:05.326904,$GAGSV,34,,40
2026-06-01T18:07:05.330811,$GBGSV,06,,40
2026-06-01T18:07:05.330811,$GBGSV,07,,43
2026-06-01T18:07:05.330811,$GBGSV,09,,38
2026-06-01T18:07:05.330811,$GBGSV,10,,42
2026-06-01T18:07:05.332080,$GBGSV,13,,40
2026-06-01T18:07:05.332080,$GBGSV,25,,41
2026-06-01T18:07:05.332080,$GBGSV,28,,43
2026-06-01T18:07:05.332080,$GBGSV,33,,39
2026-06-01T18:07:05.332710,$GBGSV,09,,33
2026-06-01T18:07:05.332710,$GBGSV,10,,38
2026-06-01T18:07:06.302485,$GPGSV,10,,34
2026-06-01T18:07:06.302485,$GPGSV,12,,11
2026-06-01T18:07:06.302485,$GPGSV,13,,16
2026-06-01T18:07:06.302485,$GPGSV,18,,41
2026-06-01T18:07:06.304668,$GPGSV,23,,40
2026-06-01T18:07:06.304668,$GPGSV,25,,33
2026-06-01T18:07:06.304668,$GPGSV,28,,33
2026-06-01T18:07:06.304668,$GPGSV,32,,33
2026-06-01T18:07:06.306575,$GPGSV,41,,43
2026-06-01T18:07:06.306575,$GPGSV,42,,41
2026-06-01T18:07:06.306575,$GPGSV,50,,36
2026-06-01T18:07:06.308748,$GPGSV,10,,34
2026-06-01T18:07:06.308748,$GPGSV,13,,19
2026-06-01T18:07:06.308748,$GPGSV,18,,37
2026-06-01T18:07:06.308748,$GPGSV,23,,37
2026-06-01T18:07:06.310630,$GPGSV,25,,28
2026-06-01T18:07:06.310630,$GPGSV,28,,27
2026-06-01T18:07:06.310630,$GPGSV,32,,28
2026-06-01T18:07:06.315302,$GLGSV,65,,34
2026-06-01T18:07:06.315302,$GLGSV,66,,30
2026-06-01T18:07:06.315302,$GLGSV,75,,35
2026-06-01T18:07:06.315302,$GLGSV,76,,31
2026-06-01T18:07:06.316894,$GLGSV,86,,11
2026-06-01T18:07:06.316894,$GLGSV,87,,32
2026-06-01T18:07:06.316894,$GLGSV,88,,35
2026-06-01T18:07:06.318434,$GLGSV,66,,24
2026-06-01T18:07:06.318434,$GLGSV,72,,10
2026-06-01T18:07:06.318434,$GLGSV,75,,38
2026-06-01T18:07:06.318434,$GLGSV,76,,26
2026-06-01T18:07:06.319394,$GLGSV,86,,09
2026-06-01T18:07:06.319394,$GLGSV,88,,40
2026-06-01T18:07:06.321028,$GAGSV,03,,38
2026-06-01T18:07:06.321028,$GAGSV,08,,30
2026-06-01T18:07:06.321028,$GAGSV,15,,40
2026-06-01T18:07:06.321028,$GAGSV,32,,36
2026-06-01T18:07:06.321639,$GAGSV,34,,39
2026-06-01T18:07:06.322734,$GAGSV,03,,39
2026-06-01T18:07:06.322734,$GAGSV,08,,28
2026-06-01T18:07:06.322734,$GAGSV,15,,38
2026-06-01T18:07:06.322734,$GAGSV,32,,39
2026-06-01T18:07:06.323530,$GAGSV,34,,40
2026-06-01T18:07:06.323530,$GAGSV,36,,20
2026-06-01T18:07:06.326029,$GBGSV,06,,40
2026-06-01T18:07:06.326029,$GBGSV,07,,43
2026-06-01T18:07:06.326029,$GBGSV,09,,37
2026-06-01T18:07:06.326029,$GBGSV,10,,42
2026-06-01T18:07:06.328052,$GBGSV,13,,40
2026-06-01T18:07:06.328052,$GBGSV,25,,41
2026-06-01T18:07:06.328052,$GBGSV,28,,43
2026-06-01T18:07:06.328052,$GBGSV,33,,39
2026-06-01T18:07:06.328716,$GBGSV,09,,34
2026-06-01T18:07:06.328716,$GBGSV,10,,38
2026-06-01T18:07:07.303594,$GPGSV,10,,29
2026-06-01T18:07:07.303594,$GPGSV,12,,14
2026-06-01T18:07:07.303594,$GPGSV,13,,14
2026-06-01T18:07:07.303594,$GPGSV,18,,41
2026-06-01T18:07:07.306273,$GPGSV,23,,40
2026-06-01T18:07:07.306273,$GPGSV,25,,33
2026-06-01T18:07:07.306273,$GPGSV,28,,28
2026-06-01T18:07:07.306273,$GPGSV,32,,33
2026-06-01T18:07:07.308236,$GPGSV,41,,43
2026-06-01T18:07:07.308236,$GPGSV,42,,41
2026-06-01T18:07:07.308236,$GPGSV,50,,36
2026-06-01T18:07:07.310984,$GPGSV,10,,33
2026-06-01T18:07:07.310984,$GPGSV,13,,20
2026-06-01T18:07:07.310984,$GPGSV,18,,39
2026-06-01T18:07:07.310984,$GPGSV,23,,37
2026-06-01T18:07:07.312928,$GPGSV,25,,28
2026-06-01T18:07:07.312928,$GPGSV,28,,28
2026-06-01T18:07:07.312928,$GPGSV,32,,27
2026-06-01T18:07:07.320669,$GLGSV,65,,33
2026-06-01T18:07:07.320669,$GLGSV,66,,34
2026-06-01T18:07:07.320669,$GLGSV,75,,35
2026-06-01T18:07:07.320669,$GLGSV,76,,27
2026-06-01T18:07:07.322603,$GLGSV,86,,10
2026-06-01T18:07:07.322603,$GLGSV,87,,35
2026-06-01T18:07:07.322603,$GLGSV,88,,33
2026-06-01T18:07:07.324141,$GLGSV,66,,32
2026-06-01T18:07:07.324141,$GLGSV,72,,08
2026-06-01T18:07:07.324141,$GLGSV,75,,38
2026-06-01T18:07:07.324141,$GLGSV,76,,27
2026-06-01T18:07:07.324978,$GLGSV,88,,37
2026-06-01T18:07:07.327983,$GAGSV,03,,38
2026-06-01T18:07:07.327983,$GAGSV,08,,23
2026-06-01T18:07:07.327983,$GAGSV,15,,40
2026-06-01T18:07:07.327983,$GAGSV,32,,36
2026-06-01T18:07:07.328670,$GAGSV,34,,39
2026-06-01T18:07:07.329968,$GAGSV,03,,38
2026-06-01T18:07:07.329968,$GAGSV,08,,28
2026-06-01T18:07:07.329968,$GAGSV,15,,40
2026-06-01T18:07:07.329968,$GAGSV,32,,39
2026-06-01T18:07:07.330703,$GAGSV,34,,40
2026-06-01T18:07:07.330703,$GAGSV,36,,19
2026-06-01T18:07:07.332802,$GBGSV,06,,40
2026-06-01T18:07:07.332802,$GBGSV,07,,43
2026-06-01T18:07:07.332802,$GBGSV,09,,38
2026-06-01T18:07:07.332802,$GBGSV,10,,42
2026-06-01T18:07:07.333684,$GBGSV,13,,40
2026-06-01T18:07:07.333684,$GBGSV,25,,41
2026-06-01T18:07:07.333684,$GBGSV,28,,42
2026-06-01T18:07:07.333684,$GBGSV,33,,40
2026-06-01T18:07:07.334294,$GBGSV,09,,34
2026-06-01T18:07:07.334294,$GBGSV,10,,38
2026-06-01T18:07:08.296392,$GPGSV,10,,33
2026-06-01T18:07:08.296392,$GPGSV,12,,13
2026-06-01T18:07:08.296392,$GPGSV,13,,14
2026-06-01T18:07:08.296392,$GPGSV,18,,41
2026-06-01T18:07:08.297132,$GPGSV,23,,40
2026-06-01T18:07:08.297132,$GPGSV,25,,26
2026-06-01T18:07:08.297132,$GPGSV,28,,32
2026-06-01T18:07:08.297132,$GPGSV,32,,40
2026-06-01T18:07:08.297751,$GPGSV,41,,42
2026-06-01T18:07:08.297751,$GPGSV,42,,41
2026-06-01T18:07:08.297751,$GPGSV,50,,36
2026-06-01T18:07:08.298437,$GPGSV,10,,33
2026-06-01T18:07:08.298437,$GPGSV,13,,18
2026-06-01T18:07:08.298437,$GPGSV,18,,38
2026-06-01T18:07:08.298437,$GPGSV,23,,36
2026-06-01T18:07:08.299008,$GPGSV,25,,27
2026-06-01T18:07:08.299008,$GPGSV,28,,28
2026-06-01T18:07:08.299008,$GPGSV,32,,25
2026-06-01T18:07:08.300721,$GLGSV,65,,28
2026-06-01T18:07:08.300721,$GLGSV,66,,32
2026-06-01T18:07:08.300721,$GLGSV,75,,37
2026-06-01T18:07:08.300721,$GLGSV,76,,31
2026-06-01T18:07:08.301394,$GLGSV,86,,12
2026-06-01T18:07:08.301394,$GLGSV,87,,33
2026-06-01T18:07:08.301394,$GLGSV,88,,35
2026-06-01T18:07:08.302072,$GLGSV,66,,35
2026-06-01T18:07:08.302072,$GLGSV,72,,08
2026-06-01T18:07:08.302072,$GLGSV,75,,40
2026-06-01T18:07:08.302072,$GLGSV,76,,33
2026-06-01T18:07:08.302443,$GLGSV,88,,37
2026-06-01T18:07:08.303455,$GAGSV,03,,39
2026-06-01T18:07:08.303455,$GAGSV,08,,32
2026-06-01T18:07:08.303455,$GAGSV,15,,40
2026-06-01T18:07:08.303455,$GAGSV,32,,39
2026-06-01T18:07:08.303812,$GAGSV,34,,40
2026-06-01T18:07:08.304420,$GAGSV,03,,36
2026-06-01T18:07:08.304420,$GAGSV,08,,28
2026-06-01T18:07:08.304420,$GAGSV,15,,38
2026-06-01T18:07:08.304420,$GAGSV,32,,39
2026-06-01T18:07:08.304771,$GAGSV,34,,40
2026-06-01T18:07:08.307302,$GBGSV,06,,40
2026-06-01T18:07:08.307302,$GBGSV,07,,43
2026-06-01T18:07:08.307302,$GBGSV,09,,37
2026-06-01T18:07:08.307302,$GBGSV,10,,41
2026-06-01T18:07:08.308347,$GBGSV,13,,41
2026-06-01T18:07:08.308347,$GBGSV,25,,42
2026-06-01T18:07:08.308347,$GBGSV,28,,40
2026-06-01T18:07:08.308347,$GBGSV,33,,40
2026-06-01T18:07:08.309035,$GBGSV,09,,37
2026-06-01T18:07:08.309035,$GBGSV,10,,37
2026-06-01T18:07:09.299696,$GPGSV,10,,33
2026-06-01T18:07:09.299696,$GPGSV,12,,11
2026-06-01T18:07:09.299696,$GPGSV,13,,12
2026-06-01T18:07:09.299696,$GPGSV,18,,40
2026-06-01T18:07:09.302678,$GPGSV,23,,40
2026-06-01T18:07:09.302678,$GPGSV,25,,27
2026-06-01T18:07:09.302678,$GPGSV,28,,33
2026-06-01T18:07:09.302678,$GPGSV,32,,40
2026-06-01T18:07:09.306503,$GPGSV,41,,43
2026-06-01T18:07:09.306503,$GPGSV,42,,41
2026-06-01T18:07:09.306503,$GPGSV,50,,37
2026-06-01T18:07:09.310490,$GPGSV,10,,31
2026-06-01T18:07:09.310490,$GPGSV,13,,18
2026-06-01T18:07:09.310490,$GPGSV,18,,38
2026-06-01T18:07:09.310490,$GPGSV,23,,37
2026-06-01T18:07:09.313779,$GPGSV,25,,26
2026-06-01T18:07:09.313779,$GPGSV,28,,29
2026-06-01T18:07:09.313779,$GPGSV,32,,23
2026-06-01T18:07:09.319439,$GLGSV,65,,30
2026-06-01T18:07:09.319439,$GLGSV,66,,31
2026-06-01T18:07:09.319439,$GLGSV,75,,34
2026-06-01T18:07:09.319439,$GLGSV,76,,34
2026-06-01T18:07:09.321222,$GLGSV,86,,10
2026-06-01T18:07:09.321222,$GLGSV,87,,35
2026-06-01T18:07:09.321222,$GLGSV,88,,35
2026-06-01T18:07:09.322420,$GLGSV,66,,36
2026-06-01T18:07:09.322420,$GLGSV,72,,10
2026-06-01T18:07:09.322420,$GLGSV,75,,40
2026-06-01T18:07:09.322420,$GLGSV,76,,27
2026-06-01T18:07:09.322954,$GLGSV,88,,38
2026-06-01T18:07:09.324312,$GAGSV,03,,39
2026-06-01T18:07:09.324312,$GAGSV,08,,33
2026-06-01T18:07:09.324312,$GAGSV,15,,40
2026-06-01T18:07:09.324312,$GAGSV,32,,39
2026-06-01T18:07:09.324856,$GAGSV,34,,40
2026-06-01T18:07:09.326177,$GAGSV,03,,36
2026-06-01T18:07:09.326177,$GAGSV,08,,27
2026-06-01T18:07:09.326177,$GAGSV,15,,38
2026-06-01T18:07:09.326177,$GAGSV,32,,39
2026-06-01T18:07:09.327049,$GAGSV,34,,40
2026-06-01T18:07:09.330413,$GBGSV,06,,39
2026-06-01T18:07:09.330413,$GBGSV,07,,43
2026-06-01T18:07:09.330413,$GBGSV,09,,37
2026-06-01T18:07:09.330413,$GBGSV,10,,41
2026-06-01T18:07:09.331365,$GBGSV,13,,41
2026-06-01T18:07:09.331365,$GBGSV,25,,42
2026-06-01T18:07:09.331365,$GBGSV,28,,41
2026-06-01T18:07:09.331365,$GBGSV,33,,40
2026-06-01T18:07:09.332009,$GBGSV,09,,36
2026-06-01T18:07:09.332009,$GBGSV,10,,37
2026-06-01T18:07:10.296567,$GPGSV,10,,34
2026-06-01T18:07:10.296567,$GPGSV,12,,10
2026-06-01T18:07:10.296567,$GPGSV,13,,11
2026-06-01T18:07:10.296567,$GPGSV,18,,40
2026-06-01T18:07:10.297320,$GPGSV,23,,40
2026-06-01T18:07:10.297320,$GPGSV,25,,28
2026-06-01T18:07:10.297320,$GPGSV,28,,35
2026-06-01T18:07:10.297320,$GPGSV,32,,40
2026-06-01T18:07:10.297903,$GPGSV,41,,43
2026-06-01T18:07:10.297903,$GPGSV,42,,40
2026-06-01T18:07:10.297903,$GPGSV,50,,37
2026-06-01T18:07:10.298569,$GPGSV,10,,30
2026-06-01T18:07:10.298569,$GPGSV,13,,18
2026-06-01T18:07:10.298569,$GPGSV,18,,38
2026-06-01T18:07:10.298569,$GPGSV,23,,37
2026-06-01T18:07:10.299112,$GPGSV,25,,25
2026-06-01T18:07:10.299112,$GPGSV,28,,30
2026-06-01T18:07:10.299112,$GPGSV,32,,22
2026-06-01T18:07:10.300729,$GLGSV,65,,31
2026-06-01T18:07:10.300729,$GLGSV,66,,31
2026-06-01T18:07:10.300729,$GLGSV,75,,34
2026-06-01T18:07:10.300729,$GLGSV,76,,29
2026-06-01T18:07:10.301289,$GLGSV,86,,10
2026-06-01T18:07:10.301289,$GLGSV,87,,35
2026-06-01T18:07:10.301289,$GLGSV,88,,35
2026-06-01T18:07:10.301959,$GLGSV,66,,36
2026-06-01T18:07:10.301959,$GLGSV,72,,11
2026-06-01T18:07:10.301959,$GLGSV,75,,39
2026-06-01T18:07:10.301959,$GLGSV,76,,28
2026-06-01T18:07:10.302430,$GLGSV,86,,19
2026-06-01T18:07:10.302430,$GLGSV,88,,38
2026-06-01T18:07:10.303354,$GAGSV,03,,39
2026-06-01T18:07:10.303354,$GAGSV,08,,33
2026-06-01T18:07:10.303354,$GAGSV,15,,40
2026-06-01T18:07:10.303354,$GAGSV,32,,39
2026-06-01T18:07:10.303701,$GAGSV,34,,40
2026-06-01T18:07:10.304303,$GAGSV,03,,36
2026-06-01T18:07:10.304303,$GAGSV,08,,28
2026-06-01T18:07:10.304303,$GAGSV,15,,39
2026-06-01T18:07:10.304303,$GAGSV,32,,39
2026-06-01T18:07:10.304649,$GAGSV,34,,39
2026-06-01T18:07:10.306439,$GBGSV,06,,39
2026-06-01T18:07:10.306439,$GBGSV,07,,42
2026-06-01T18:07:10.306439,$GBGSV,09,,38
2026-06-01T18:07:10.306439,$GBGSV,10,,42
2026-06-01T18:07:10.307221,$GBGSV,13,,40
2026-06-01T18:07:10.307221,$GBGSV,25,,42
2026-06-01T18:07:10.307221,$GBGSV,28,,41
2026-06-01T18:07:10.307221,$GBGSV,33,,39
2026-06-01T18:07:10.307670,$GBGSV,09,,35
2026-06-01T18:07:10.307670,$GBGSV,10,,37
2026-06-01T18:07:11.294819,$GPGSV,10,,34
2026-06-01T18:07:11.294819,$GPGSV,12,,14
2026-06-01T18:07:11.294819,$GPGSV,13,,12
2026-06-01T18:07:11.294819,$GPGSV,18,,40
2026-06-01T18:07:11.296130,$GPGSV,23,,40
2026-06-01T18:07:11.296130,$GPGSV,25,,27
2026-06-01T18:07:11.296130,$GPGSV,28,,35
2026-06-01T18:07:11.296130,$GPGSV,32,,27
2026-06-01T18:07:11.296913,$GPGSV,41,,43
2026-06-01T18:07:11.296913,$GPGSV,42,,40
2026-06-01T18:07:11.296913,$GPGSV,50,,37
2026-06-01T18:07:11.298753,$GPGSV,10,,30
2026-06-01T18:07:11.298753,$GPGSV,13,,17
2026-06-01T18:07:11.298753,$GPGSV,18,,37
2026-06-01T18:07:11.298753,$GPGSV,23,,37
2026-06-01T18:07:11.300048,$GPGSV,25,,25
2026-06-01T18:07:11.300048,$GPGSV,28,,29
2026-06-01T18:07:11.300048,$GPGSV,32,,26
2026-06-01T18:07:11.302718,$GLGSV,65,,29
2026-06-01T18:07:11.302718,$GLGSV,66,,25
2026-06-01T18:07:11.302718,$GLGSV,75,,36
2026-06-01T18:07:11.302718,$GLGSV,76,,28
2026-06-01T18:07:11.303601,$GLGSV,86,,11
2026-06-01T18:07:11.303601,$GLGSV,87,,38
2026-06-01T18:07:11.303601,$GLGSV,88,,31
2026-06-01T18:07:11.304511,$GLGSV,66,,35
2026-06-01T18:07:11.304511,$GLGSV,72,,12
2026-06-01T18:07:11.304511,$GLGSV,75,,41
2026-06-01T18:07:11.304511,$GLGSV,76,,31
2026-06-01T18:07:11.305243,$GLGSV,86,,16
2026-06-01T18:07:11.305243,$GLGSV,88,,37
2026-06-01T18:07:11.308078,$GAGSV,03,,40
2026-06-01T18:07:11.308078,$GAGSV,08,,35
2026-06-01T18:07:11.308078,$GAGSV,15,,39
2026-06-01T18:07:11.308078,$GAGSV,32,,38
2026-06-01T18:07:11.308603,$GAGSV,34,,40
2026-06-01T18:07:11.309933,$GAGSV,03,,36
2026-06-01T18:07:11.309933,$GAGSV,08,,34
2026-06-01T18:07:11.309933,$GAGSV,15,,38
2026-06-01T18:07:11.309933,$GAGSV,32,,37
2026-06-01T18:07:11.310556,$GAGSV,34,,40
2026-06-01T18:07:11.312722,$GBGSV,06,,40
2026-06-01T18:07:11.312722,$GBGSV,07,,42
2026-06-01T18:07:11.312722,$GBGSV,09,,39
2026-06-01T18:07:11.312722,$GBGSV,10,,41
2026-06-01T18:07:11.313739,$GBGSV,13,,36
2026-06-01T18:07:11.313739,$GBGSV,25,,43
2026-06-01T18:07:11.313739,$GBGSV,28,,41
2026-06-01T18:07:11.313739,$GBGSV,33,,38
2026-06-01T18:07:11.314383,$GBGSV,09,,36
2026-06-01T18:07:11.314383,$GBGSV,10,,38
2026-06-01T18:07:12.300513,$GPGSV,10,,34
2026-06-01T18:07:12.300513,$GPGSV,12,,17
2026-06-01T18:07:12.300513,$GPGSV,13,,12
2026-06-01T18:07:12.300513,$GPGSV,18,,40
2026-06-01T18:07:12.304396,$GPGSV,23,,40
2026-06-01T18:07:12.304396,$GPGSV,25,,25
2026-06-01T18:07:12.304396,$GPGSV,28,,35
2026-06-01T18:07:12.304396,$GPGSV,32,,32
2026-06-01T18:07:12.306479,$GPGSV,41,,43
2026-06-01T18:07:12.306479,$GPGSV,42,,41
2026-06-01T18:07:12.306479,$GPGSV,50,,38
2026-06-01T18:07:12.308035,$GPGSV,10,,32
2026-06-01T18:07:12.308035,$GPGSV,13,,15
2026-06-01T18:07:12.308035,$GPGSV,18,,37
2026-06-01T18:07:12.308035,$GPGSV,23,,37
2026-06-01T18:07:12.309490,$GPGSV,25,,22
2026-06-01T18:07:12.309490,$GPGSV,28,,28
2026-06-01T18:07:12.309490,$GPGSV,32,,26
2026-06-01T18:07:12.313331,$GLGSV,65,,31
2026-06-01T18:07:12.313331,$GLGSV,66,,30
2026-06-01T18:07:12.313331,$GLGSV,75,,35
2026-06-01T18:07:12.313331,$GLGSV,76,,25
2026-06-01T18:07:12.314655,$GLGSV,86,,12
2026-06-01T18:07:12.314655,$GLGSV,87,,37
2026-06-01T18:07:12.314655,$GLGSV,88,,36
2026-06-01T18:07:12.316962,$GLGSV,66,,35
2026-06-01T18:07:12.316962,$GLGSV,72,,12
2026-06-01T18:07:12.316962,$GLGSV,75,,41
2026-06-01T18:07:12.316962,$GLGSV,76,,36
2026-06-01T18:07:12.318195,$GLGSV,86,,15
2026-06-01T18:07:12.318195,$GLGSV,88,,38
2026-06-01T18:07:12.319751,$GAGSV,03,,39
2026-06-01T18:07:12.319751,$GAGSV,08,,36
2026-06-01T18:07:12.319751,$GAGSV,15,,39
2026-06-01T18:07:12.319751,$GAGSV,32,,39
2026-06-01T18:07:12.320287,$GAGSV,34,,40
2026-06-01T18:07:12.321554,$GAGSV,03,,38
2026-06-01T18:07:12.321554,$GAGSV,08,,34
2026-06-01T18:07:12.321554,$GAGSV,15,,38
2026-06-01T18:07:12.321554,$GAGSV,32,,38
2026-06-01T18:07:12.322137,$GAGSV,34,,39
2026-06-01T18:07:12.325465,$GBGSV,06,,39
2026-06-01T18:07:12.325465,$GBGSV,07,,42
2026-06-01T18:07:12.325465,$GBGSV,09,,38
2026-06-01T18:07:12.325465,$GBGSV,10,,40
2026-06-01T18:07:12.326226,$GBGSV,13,,37
2026-06-01T18:07:12.326226,$GBGSV,25,,43
2026-06-01T18:07:12.326226,$GBGSV,28,,37
2026-06-01T18:07:12.326226,$GBGSV,33,,38
2026-06-01T18:07:12.326726,$GBGSV,09,,35
2026-06-01T18:07:12.326726,$GBGSV,10,,38
2026-06-01T18:07:13.295655,$GPGSV,10,,33
2026-06-01T18:07:13.295655,$GPGSV,12,,20
2026-06-01T18:07:13.295655,$GPGSV,13,,09
2026-06-01T18:07:13.295655,$GPGSV,18,,40
2026-06-01T18:07:13.296384,$GPGSV,23,,40
2026-06-01T18:07:13.296384,$GPGSV,25,,24
2026-06-01T18:07:13.296384,$GPGSV,28,,35
2026-06-01T18:07:13.296384,$GPGSV,32,,33
2026-06-01T18:07:13.296991,$GPGSV,41,,42
2026-06-01T18:07:13.296991,$GPGSV,42,,41
2026-06-01T18:07:13.296991,$GPGSV,50,,37
2026-06-01T18:07:13.297702,$GPGSV,10,,31
2026-06-01T18:07:13.297702,$GPGSV,13,,13
2026-06-01T18:07:13.297702,$GPGSV,18,,37
2026-06-01T18:07:13.297702,$GPGSV,23,,37
2026-06-01T18:07:13.298317,$GPGSV,25,,20
2026-06-01T18:07:13.298317,$GPGSV,28,,27
2026-06-01T18:07:13.298317,$GPGSV,32,,26
2026-06-01T18:07:13.300159,$GLGSV,65,,31
2026-06-01T18:07:13.300159,$GLGSV,66,,30
2026-06-01T18:07:13.300159,$GLGSV,75,,35
2026-06-01T18:07:13.300159,$GLGSV,76,,23
2026-06-01T18:07:13.301165,$GLGSV,86,,11
2026-06-01T18:07:13.301165,$GLGSV,87,,37
2026-06-01T18:07:13.301165,$GLGSV,88,,36
2026-06-01T18:07:13.302390,$GLGSV,66,,35
2026-06-01T18:07:13.302390,$GLGSV,72,,13
2026-06-01T18:07:13.302390,$GLGSV,75,,41
2026-06-01T18:07:13.302390,$GLGSV,76,,36
2026-06-01T18:07:13.302880,$GLGSV,86,,15
2026-06-01T18:07:13.302880,$GLGSV,88,,37
2026-06-01T18:07:13.304052,$GAGSV,03,,39
2026-06-01T18:07:13.304052,$GAGSV,08,,36
2026-06-01T18:07:13.304052,$GAGSV,15,,38
2026-06-01T18:07:13.304052,$GAGSV,32,,39
2026-06-01T18:07:13.304458,$GAGSV,34,,40
2026-06-01T18:07:13.305243,$GAGSV,03,,38
2026-06-01T18:07:13.305243,$GAGSV,08,,34
2026-06-01T18:07:13.305243,$GAGSV,15,,38
2026-06-01T18:07:13.305243,$GAGSV,32,,38
2026-06-01T18:07:13.305755,$GAGSV,34,,39
2026-06-01T18:07:13.307546,$GBGSV,06,,39
2026-06-01T18:07:13.307546,$GBGSV,07,,42
2026-06-01T18:07:13.307546,$GBGSV,09,,38
2026-06-01T18:07:13.307546,$GBGSV,10,,41
2026-06-01T18:07:13.308196,$GBGSV,13,,38
2026-06-01T18:07:13.308196,$GBGSV,25,,43
2026-06-01T18:07:13.308196,$GBGSV,28,,37
2026-06-01T18:07:13.308196,$GBGSV,33,,38
2026-06-01T18:07:13.308657,$GBGSV,09,,35
2026-06-01T18:07:13.308657,$GBGSV,10,,38
2026-06-01T18:07:14.302227,$GPGSV,10,,33
2026-06-01T18:07:14.302227,$GPGSV,12,,21
2026-06-01T18:07:14.302227,$GPGSV,13,,09
2026-06-01T18:07:14.302227,$GPGSV,18,,40
2026-06-01T18:07:14.305886,$GPGSV,23,,40
2026-06-01T18:07:14.305886,$GPGSV,25,,25
2026-06-01T18:07:14.305886,$GPGSV,28,,35
2026-06-01T18:07:14.305886,$GPGSV,32,,33
2026-06-01T18:07:14.308032,$GPGSV,41,,42
2026-06-01T18:07:14.308032,$GPGSV,42,,41
2026-06-01T18:07:14.308032,$GPGSV,50,,38
2026-06-01T18:07:14.310604,$GPGSV,10,,31
2026-06-01T18:07:14.310604,$GPGSV,13,,10
2026-06-01T18:07:14.310604,$GPGSV,18,,37
2026-06-01T18:07:14.310604,$GPGSV,23,,38
2026-06-01T18:07:14.312875,$GPGSV,25,,18
2026-06-01T18:07:14.312875,$GPGSV,28,,27
2026-06-01T18:07:14.312875,$GPGSV,32,,26
2026-06-01T18:07:14.320155,$GLGSV,65,,31
2026-06-01T18:07:14.320155,$GLGSV,66,,30
2026-06-01T18:07:14.320155,$GLGSV,75,,35
2026-06-01T18:07:14.320155,$GLGSV,76,,19
2026-06-01T18:07:14.321718,$GLGSV,86,,08
2026-06-01T18:07:14.321718,$GLGSV,87,,37
2026-06-01T18:07:14.321718,$GLGSV,88,,37
2026-06-01T18:07:14.323175,$GLGSV,66,,35
2026-06-01T18:07:14.323175,$GLGSV,72,,14
2026-06-01T18:07:14.323175,$GLGSV,75,,41
2026-06-01T18:07:14.323175,$GLGSV,76,,36
2026-06-01T18:07:14.325123,$GLGSV,86,,15
2026-06-01T18:07:14.325123,$GLGSV,88,,37
2026-06-01T18:07:14.327210,$GAGSV,03,,39
2026-06-01T18:07:14.327210,$GAGSV,08,,36
2026-06-01T18:07:14.327210,$GAGSV,15,,39
2026-06-01T18:07:14.327210,$GAGSV,32,,39
2026-06-01T18:07:14.327976,$GAGSV,34,,40
2026-06-01T18:07:14.327976,$GAGSV,36,,19
2026-06-01T18:07:14.329114,$GAGSV,03,,38
2026-06-01T18:07:14.329114,$GAGSV,08,,34
2026-06-01T18:07:14.329114,$GAGSV,15,,38
2026-06-01T18:07:14.329114,$GAGSV,32,,38
2026-06-01T18:07:14.329605,$GAGSV,34,,39
2026-06-01T18:07:14.331694,$GBGSV,06,,39
2026-06-01T18:07:14.331694,$GBGSV,07,,42
2026-06-01T18:07:14.331694,$GBGSV,09,,38
2026-06-01T18:07:14.331694,$GBGSV,10,,41
2026-06-01T18:07:14.332516,$GBGSV,13,,38
2026-06-01T18:07:14.332516,$GBGSV,25,,43
2026-06-01T18:07:14.332516,$GBGSV,28,,37
2026-06-01T18:07:14.332516,$GBGSV,33,,37
2026-06-01T18:07:14.333123,$GBGSV,09,,35
2026-06-01T18:07:14.333123,$GBGSV,10,,38
2026-06-01T18:07:15.293958,$GPGSV,10,,33
2026-06-01T18:07:15.293958,$GPGSV,12,,21
2026-06-01T18:07:15.293958,$GPGSV,13,,11
2026-06-01T18:07:15.293958,$GPGSV,18,,40
2026-06-01T18:07:15.294681,$GPGSV,23,,39
2026-06-01T18:07:15.294681,$GPGSV,25,,24
2026-06-01T18:07:15.294681,$GPGSV,28,,35
2026-06-01T18:07:15.294681,$GPGSV,32,,33
2026-06-01T18:07:15.295281,$GPGSV,41,,42
2026-06-01T18:07:15.295281,$GPGSV,42,,41
2026-06-01T18:07:15.295281,$GPGSV,50,,37
2026-06-01T18:07:15.295979,$GPGSV,10,,31
2026-06-01T18:07:15.295979,$GPGSV,13,,09
2026-06-01T18:07:15.295979,$GPGSV,18,,37
2026-06-01T18:07:15.295979,$GPGSV,23,,38
2026-06-01T18:07:15.296574,$GPGSV,25,,18
2026-06-01T18:07:15.296574,$GPGSV,28,,27
2026-06-01T18:07:15.296574,$GPGSV,32,,26
2026-06-01T18:07:15.298949,$GLGSV,65,,31
2026-06-01T18:07:15.298949,$GLGSV,66,,31
2026-06-01T18:07:15.298949,$GLGSV,75,,35
2026-06-01T18:07:15.298949,$GLGSV,76,,18
2026-06-01T18:07:15.299709,$GLGSV,87,,37
2026-06-01T18:07:15.299709,$GLGSV,88,,37
2026-06-01T18:07:15.300473,$GLGSV,66,,34
2026-06-01T18:07:15.300473,$GLGSV,72,,09
2026-06-01T18:07:15.300473,$GLGSV,75,,40
2026-06-01T18:07:15.300473,$GLGSV,76,,36
2026-06-01T18:07:15.300981,$GLGSV,86,,17
2026-06-01T18:07:15.300981,$GLGSV,88,,37
2026-06-01T18:07:15.302160,$GAGSV,03,,39
2026-06-01T18:07:15.302160,$GAGSV,08,,36
2026-06-01T18:07:15.302160,$GAGSV,15,,38
2026-06-01T18:07:15.302160,$GAGSV,32,,39
2026-06-01T18:07:15.302647,$GAGSV,34,,40
2026-06-01T18:07:15.302647,$GAGSV,36,,18
2026-06-01T18:07:15.303676,$GAGSV,03,,38
2026-06-01T18:07:15.303676,$GAGSV,08,,35
2026-06-01T18:07:15.303676,$GAGSV,15,,38
2026-06-01T18:07:15.303676,$GAGSV,32,,38
2026-06-01T18:07:15.304368,$GAGSV,34,,39
2026-06-01T18:07:15.306149,$GBGSV,06,,39
2026-06-01T18:07:15.306149,$GBGSV,07,,42
2026-06-01T18:07:15.306149,$GBGSV,09,,39
2026-06-01T18:07:15.306149,$GBGSV,10,,41
2026-06-01T18:07:15.306829,$GBGSV,13,,37
2026-06-01T18:07:15.306829,$GBGSV,25,,43
2026-06-01T18:07:15.306829,$GBGSV,28,,37
2026-06-01T18:07:15.306829,$GBGSV,33,,37
2026-06-01T18:07:15.307288,$GBGSV,09,,35
2026-06-01T18:07:15.307288,$GBGSV,10,,38
2026-06-01T18:07:16.296814,$GPGSV,10,,33
2026-06-01T18:07:16.296814,$GPGSV,12,,20
2026-06-01T18:07:16.296814,$GPGSV,13,,13
2026-06-01T18:07:16.296814,$GPGSV,18,,40
2026-06-01T18:07:16.297689,$GPGSV,23,,39
2026-06-01T18:07:16.297689,$GPGSV,25,,25
2026-06-01T18:07:16.297689,$GPGSV,28,,35
2026-06-01T18:07:16.297689,$GPGSV,32,,32
2026-06-01T18:07:16.298276,$GPGSV,41,,41
2026-06-01T18:07:16.298276,$GPGSV,42,,42
2026-06-01T18:07:16.298276,$GPGSV,50,,37
2026-06-01T18:07:16.298947,$GPGSV,10,,31
2026-06-01T18:07:16.298947,$GPGSV,13,,10
2026-06-01T18:07:16.298947,$GPGSV,18,,37
2026-06-01T18:07:16.298947,$GPGSV,23,,37
2026-06-01T18:07:16.299517,$GPGSV,25,,17
2026-06-01T18:07:16.299517,$GPGSV,28,,26
2026-06-01T18:07:16.299517,$GPGSV,32,,25
2026-06-01T18:07:16.301219,$GLGSV,65,,31
2026-06-01T18:07:16.301219,$GLGSV,66,,31
2026-06-01T18:07:16.301219,$GLGSV,75,,35
2026-06-01T18:07:16.301219,$GLGSV,76,,28
2026-06-01T18:07:16.301685,$GLGSV,87,,38
2026-06-01T18:07:16.301685,$GLGSV,88,,37
2026-06-01T18:07:16.302448,$GLGSV,66,,33
2026-06-01T18:07:16.302448,$GLGSV,72,,09
2026-06-01T18:07:16.302448,$GLGSV,75,,40
2026-06-01T18:07:16.302448,$GLGSV,76,,35
2026-06-01T18:07:16.303211,$GLGSV,86,,17
2026-06-01T18:07:16.303211,$GLGSV,88,,34
2026-06-01T18:07:16.304658,$GAGSV,03,,39
2026-06-01T18:07:16.304658,$GAGSV,08,,36
2026-06-01T18:07:16.304658,$GAGSV,15,,38
2026-06-01T18:07:16.304658,$GAGSV,32,,39
2026-06-01T18:07:16.305144,$GAGSV,34,,40
2026-06-01T18:07:16.305144,$GAGSV,36,,18
2026-06-01T18:07:16.305760,$GAGSV,03,,38
2026-06-01T18:07:16.305760,$GAGSV,08,,35
2026-06-01T18:07:16.305760,$GAGSV,15,,38
2026-06-01T18:07:16.305760,$GAGSV,32,,38
2026-06-01T18:07:16.306197,$GAGSV,34,,41
2026-06-01T18:07:16.308084,$GBGSV,06,,39
2026-06-01T18:07:16.308084,$GBGSV,07,,42
2026-06-01T18:07:16.308084,$GBGSV,09,,38
2026-06-01T18:07:16.308084,$GBGSV,10,,41
2026-06-01T18:07:16.308681,$GBGSV,13,,40
2026-06-01T18:07:16.308681,$GBGSV,25,,42
2026-06-01T18:07:16.308681,$GBGSV,28,,38
2026-06-01T18:07:16.308681,$GBGSV,33,,39
2026-06-01T18:07:16.309119,$GBGSV,09,,35
2026-06-01T18:07:16.309119,$GBGSV,10,,39
2026-06-01T18:07:17.298462,$GPGSV,10,,32
2026-06-01T18:07:17.298462,$GPGSV,12,,19
2026-06-01T18:07:17.298462,$GPGSV,13,,16
2026-06-01T18:07:17.298462,$GPGSV,18,,40
2026-06-01T18:07:17.300376,$GPGSV,23,,39
2026-06-01T18:07:17.300376,$GPGSV,25,,26
2026-06-01T18:07:17.300376,$GPGSV,28,,37
2026-06-01T18:07:17.300376,$GPGSV,32,,28
2026-06-01T18:07:17.301241,$GPGSV,41,,42
2026-06-01T18:07:17.301241,$GPGSV,42,,42
2026-06-01T18:07:17.301241,$GPGSV,50,,37
2026-06-01T18:07:17.302075,$GPGSV,10,,30
2026-06-01T18:07:17.302075,$GPGSV,13,,11
2026-06-01T18:07:17.302075,$GPGSV,18,,37
2026-06-01T18:07:17.302075,$GPGSV,23,,38
2026-06-01T18:07:17.302788,$GPGSV,25,,22
2026-06-01T18:07:17.302788,$GPGSV,28,,31
2026-06-01T18:07:17.302788,$GPGSV,32,,31
2026-06-01T18:07:17.305759,$GLGSV,65,,29
2026-06-01T18:07:17.305759,$GLGSV,66,,27
2026-06-01T18:07:17.305759,$GLGSV,75,,37
2026-06-01T18:07:17.305759,$GLGSV,76,,32
2026-06-01T18:07:17.306276,$GLGSV,87,,38
2026-06-01T18:07:17.306276,$GLGSV,88,,33
2026-06-01T18:07:17.306961,$GLGSV,66,,36
2026-06-01T18:07:17.306961,$GLGSV,72,,09
2026-06-01T18:07:17.306961,$GLGSV,75,,39
2026-06-01T18:07:17.306961,$GLGSV,76,,36
2026-06-01T18:07:17.307566,$GLGSV,86,,15
2026-06-01T18:07:17.307566,$GLGSV,88,,40
2026-06-01T18:07:17.308711,$GAGSV,03,,38
2026-06-01T18:07:17.308711,$GAGSV,08,,36
2026-06-01T18:07:17.308711,$GAGSV,15,,39
2026-06-01T18:07:17.308711,$GAGSV,32,,40
2026-06-01T18:07:17.309317,$GAGSV,34,,40
2026-06-01T18:07:17.309317,$GAGSV,36,,17
2026-06-01T18:07:17.310254,$GAGSV,03,,37
2026-06-01T18:07:17.310254,$GAGSV,08,,30
2026-06-01T18:07:17.310254,$GAGSV,15,,38
2026-06-01T18:07:17.310254,$GAGSV,32,,39
2026-06-01T18:07:17.311000,$GAGSV,34,,39
2026-06-01T18:07:17.313201,$GBGSV,06,,41
2026-06-01T18:07:17.313201,$GBGSV,07,,43
2026-06-01T18:07:17.313201,$GBGSV,09,,38
2026-06-01T18:07:17.313201,$GBGSV,10,,42
2026-06-01T18:07:17.313911,$GBGSV,13,,36
2026-06-01T18:07:17.313911,$GBGSV,25,,41
2026-06-01T18:07:17.313911,$GBGSV,28,,40
2026-06-01T18:07:17.313911,$GBGSV,33,,38
2026-06-01T18:07:17.314471,$GBGSV,09,,35
2026-06-01T18:07:17.314471,$GBGSV,10,,38
2026-06-01T18:07:18.299566,$GPGSV,10,,34
2026-06-01T18:07:18.299566,$GPGSV,12,,17
2026-06-01T18:07:18.299566,$GPGSV,13,,15
2026-06-01T18:07:18.299566,$GPGSV,18,,41
2026-06-01T18:07:18.302061,$GPGSV,23,,38
2026-06-01T18:07:18.302061,$GPGSV,25,,30
2026-06-01T18:07:18.302061,$GPGSV,28,,37
2026-06-01T18:07:18.302061,$GPGSV,32,,30
2026-06-01T18:07:18.304486,$GPGSV,41,,40
2026-06-01T18:07:18.304486,$GPGSV,42,,42
2026-06-01T18:07:18.304486,$GPGSV,50,,37
2026-06-01T18:07:18.307257,$GPGSV,10,,31
2026-06-01T18:07:18.307257,$GPGSV,13,,09
2026-06-01T18:07:18.307257,$GPGSV,18,,37
2026-06-01T18:07:18.307257,$GPGSV,23,,38
2026-06-01T18:07:18.309761,$GPGSV,25,,21
2026-06-01T18:07:18.309761,$GPGSV,28,,30
2026-06-01T18:07:18.309761,$GPGSV,32,,30
2026-06-01T18:07:18.316840,$GLGSV,65,,29
2026-06-01T18:07:18.316840,$GLGSV,66,,32
2026-06-01T18:07:18.316840,$GLGSV,75,,38
2026-06-01T18:07:18.316840,$GLGSV,76,,30
2026-06-01T18:07:18.319055,$GLGSV,87,,36
2026-06-01T18:07:18.319055,$GLGSV,88,,33
2026-06-01T18:07:18.321375,$GLGSV,66,,39
2026-06-01T18:07:18.321375,$GLGSV,72,,12
2026-06-01T18:07:18.321375,$GLGSV,75,,41
2026-06-01T18:07:18.321375,$GLGSV,76,,38
2026-06-01T18:07:18.322859,$GLGSV,86,,15
2026-06-01T18:07:18.322859,$GLGSV,88,,40
2026-06-01T18:07:18.326713,$GAGSV,03,,39
2026-06-01T18:07:18.326713,$GAGSV,08,,34
2026-06-01T18:07:18.326713,$GAGSV,15,,37
2026-06-01T18:07:18.326713,$GAGSV,32,,39
2026-06-01T18:07:18.327733,$GAGSV,34,,40
2026-06-01T18:07:18.327733,$GAGSV,36,,15
2026-06-01T18:07:18.329100,$GAGSV,03,,38
2026-06-01T18:07:18.329100,$GAGSV,08,,30
2026-06-01T18:07:18.329100,$GAGSV,15,,38
2026-06-01T18:07:18.329100,$GAGSV,32,,39
2026-06-01T18:07:18.330021,$GAGSV,34,,39
2026-06-01T18:07:18.332632,$GBGSV,06,,42
2026-06-01T18:07:18.332632,$GBGSV,07,,43
2026-06-01T18:07:18.332632,$GBGSV,09,,39
2026-06-01T18:07:18.332632,$GBGSV,10,,42
2026-06-01T18:07:18.333724,$GBGSV,13,,40
2026-06-01T18:07:18.333724,$GBGSV,25,,43
2026-06-01T18:07:18.333724,$GBGSV,28,,37
2026-06-01T18:07:18.333724,$GBGSV,33,,40
2026-06-01T18:07:18.334537,$GBGSV,09,,34
2026-06-01T18:07:18.334537,$GBGSV,10,,38
2026-06-01T18:07:19.304738,$GPGSV,10,,35
2026-06-01T18:07:19.304738,$GPGSV,12,,15
2026-06-01T18:07:19.304738,$GPGSV,13,,14
2026-06-01T18:07:19.304738,$GPGSV,18,,41
2026-06-01T18:07:19.307053,$GPGSV,23,,38
2026-06-01T18:07:19.307053,$GPGSV,25,,30
2026-06-01T18:07:19.307053,$GPGSV,28,,37
2026-06-01T18:07:19.307053,$GPGSV,32,,31
2026-06-01T18:07:19.308940,$GPGSV,41,,41
2026-06-01T18:07:19.308940,$GPGSV,42,,41
2026-06-01T18:07:19.308940,$GPGSV,50,,36
2026-06-01T18:07:19.311178,$GPGSV,10,,32
2026-06-01T18:07:19.311178,$GPGSV,13,,08
2026-06-01T18:07:19.311178,$GPGSV,18,,37
2026-06-01T18:07:19.311178,$GPGSV,23,,38
2026-06-01T18:07:19.313659,$GPGSV,25,,20
2026-06-01T18:07:19.313659,$GPGSV,28,,29
2026-06-01T18:07:19.313659,$GPGSV,32,,30
2026-06-01T18:07:19.320015,$GLGSV,65,,27
2026-06-01T18:07:19.320015,$GLGSV,66,,32
2026-06-01T18:07:19.320015,$GLGSV,75,,37
2026-06-01T18:07:19.320015,$GLGSV,76,,31
2026-06-01T18:07:19.321441,$GLGSV,87,,37
2026-06-01T18:07:19.321441,$GLGSV,88,,32
2026-06-01T18:07:19.323277,$GLGSV,66,,39
2026-06-01T18:07:19.323277,$GLGSV,72,,13
2026-06-01T18:07:19.323277,$GLGSV,75,,40
2026-06-01T18:07:19.323277,$GLGSV,76,,38
2026-06-01T18:07:19.324304,$GLGSV,86,,15
2026-06-01T18:07:19.324304,$GLGSV,88,,40
2026-06-01T18:07:19.327509,$GAGSV,03,,38
2026-06-01T18:07:19.327509,$GAGSV,08,,34
2026-06-01T18:07:19.327509,$GAGSV,15,,36
2026-06-01T18:07:19.327509,$GAGSV,32,,39
2026-06-01T18:07:19.328522,$GAGSV,34,,39
2026-06-01T18:07:19.328522,$GAGSV,36,,14
2026-06-01T18:07:19.329607,$GAGSV,03,,39
2026-06-01T18:07:19.329607,$GAGSV,08,,30
2026-06-01T18:07:19.329607,$GAGSV,15,,38
2026-06-01T18:07:19.329607,$GAGSV,32,,39
2026-06-01T18:07:19.330302,$GAGSV,34,,39
2026-06-01T18:07:19.332845,$GBGSV,06,,42
2026-06-01T18:07:19.332845,$GBGSV,07,,43
2026-06-01T18:07:19.332845,$GBGSV,09,,39
2026-06-01T18:07:19.332845,$GBGSV,10,,42
2026-06-01T18:07:19.333860,$GBGSV,13,,40
2026-06-01T18:07:19.333860,$GBGSV,25,,43
2026-06-01T18:07:19.333860,$GBGSV,28,,38
2026-06-01T18:07:19.333860,$GBGSV,33,,40
2026-06-01T18:07:19.334538,$GBGSV,09,,34
2026-06-01T18:07:19.334538,$GBGSV,10,,38
2026-06-01T18:07:20.305670,$GPGSV,10,,35
2026-06-01T18:07:20.305670,$GPGSV,12,,16
2026-06-01T18:07:20.305670,$GPGSV,13,,13
2026-06-01T18:07:20.305670,$GPGSV,18,,41
2026-06-01T18:07:20.308182,$GPGSV,23,,38
2026-06-01T18:07:20.308182,$GPGSV,25,,30
2026-06-01T18:07:20.308182,$GPGSV,28,,38
2026-06-01T18:07:20.308182,$GPGSV,32,,32
2026-06-01T18:07:20.310119,$GPGSV,41,,41
2026-06-01T18:07:20.310119,$GPGSV,42,,41
2026-06-01T18:07:20.310119,$GPGSV,50,,37
2026-06-01T18:07:20.312293,$GPGSV,10,,32
2026-06-01T18:07:20.312293,$GPGSV,13,,09
2026-06-01T18:07:20.312293,$GPGSV,18,,38
2026-06-01T18:07:20.312293,$GPGSV,23,,38
2026-06-01T18:07:20.314225,$GPGSV,25,,20
2026-06-01T18:07:20.314225,$GPGSV,28,,28
2026-06-01T18:07:20.314225,$GPGSV,32,,30
2026-06-01T18:07:20.321016,$GLGSV,65,,26
2026-06-01T18:07:20.321016,$GLGSV,66,,32
2026-06-01T18:07:20.321016,$GLGSV,75,,38
2026-06-01T18:07:20.321016,$GLGSV,76,,31
2026-06-01T18:07:20.322868,$GLGSV,87,,37
2026-06-01T18:07:20.322868,$GLGSV,88,,32
2026-06-01T18:07:20.325073,$GLGSV,66,,39
2026-06-01T18:07:20.325073,$GLGSV,72,,15
2026-06-01T18:07:20.325073,$GLGSV,75,,40
2026-06-01T18:07:20.325073,$GLGSV,76,,37
2026-06-01T18:07:20.326066,$GLGSV,86,,14
2026-06-01T18:07:20.326066,$GLGSV,88,,40
2026-06-01T18:07:20.327737,$GAGSV,03,,38
2026-06-01T18:07:20.327737,$GAGSV,08,,34
2026-06-01T18:07:20.327737,$GAGSV,15,,36
2026-06-01T18:07:20.327737,$GAGSV,32,,39
2026-06-01T18:07:20.329517,$GAGSV,34,,39
2026-06-01T18:07:20.329517,$GAGSV,36,,13
2026-06-01T18:07:20.330658,$GAGSV,03,,39
2026-06-01T18:07:20.330658,$GAGSV,08,,30
2026-06-01T18:07:20.330658,$GAGSV,15,,38
2026-06-01T18:07:20.330658,$GAGSV,32,,39
2026-06-01T18:07:20.331151,$GAGSV,34,,39
2026-06-01T18:07:20.333276,$GBGSV,06,,42
2026-06-01T18:07:20.333276,$GBGSV,07,,43
2026-06-01T18:07:20.333276,$GBGSV,09,,39
2026-06-01T18:07:20.333276,$GBGSV,10,,42
2026-06-01T18:07:20.334114,$GBGSV,13,,40
2026-06-01T18:07:20.334114,$GBGSV,25,,43
2026-06-01T18:07:20.334114,$GBGSV,28,,38
2026-06-01T18:07:20.334114,$GBGSV,33,,40
2026-06-01T18:07:20.334870,$GBGSV,09,,34
2026-06-01T18:07:20.334870,$GBGSV,10,,38
2026-06-01T18:07:21.287314,$GPGSV,10,,35
2026-06-01T18:07:21.287314,$GPGSV,13,,15
2026-06-01T18:07:21.287314,$GPGSV,18,,41
2026-06-01T18:07:21.287314,$GPGSV,23,,39
2026-06-01T18:07:21.289385,$GPGSV,25,,30
2026-06-01T18:07:21.289385,$GPGSV,28,,38
2026-06-01T18:07:21.289385,$GPGSV,32,,31
2026-06-01T18:07:21.289385,$GPGSV,41,,41
2026-06-01T18:07:21.290095,$GPGSV,42,,41
2026-06-01T18:07:21.290095,$GPGSV,50,,37
2026-06-01T18:07:21.290945,$GPGSV,10,,32
2026-06-01T18:07:21.290945,$GPGSV,13,,08
2026-06-01T18:07:21.290945,$GPGSV,18,,38
2026-06-01T18:07:21.290945,$GPGSV,23,,38
2026-06-01T18:07:21.291664,$GPGSV,25,,20
2026-06-01T18:07:21.291664,$GPGSV,28,,28
2026-06-01T18:07:21.291664,$GPGSV,32,,29
2026-06-01T18:07:21.293937,$GLGSV,65,,25
2026-06-01T18:07:21.293937,$GLGSV,66,,32
2026-06-01T18:07:21.293937,$GLGSV,75,,38
2026-06-01T18:07:21.293937,$GLGSV,76,,32
2026-06-01T18:07:21.294646,$GLGSV,87,,37
2026-06-01T18:07:21.294646,$GLGSV,88,,31
2026-06-01T18:07:21.295485,$GLGSV,66,,39
2026-06-01T18:07:21.295485,$GLGSV,72,,15
2026-06-01T18:07:21.295485,$GLGSV,75,,40
2026-06-01T18:07:21.295485,$GLGSV,76,,37
2026-06-01T18:07:21.296076,$GLGSV,86,,14
2026-06-01T18:07:21.296076,$GLGSV,88,,40
2026-06-01T18:07:21.297456,$GAGSV,03,,38
2026-06-01T18:07:21.297456,$GAGSV,08,,34
2026-06-01T18:07:21.297456,$GAGSV,15,,37
2026-06-01T18:07:21.297456,$GAGSV,32,,39
2026-06-01T18:07:21.298229,$GAGSV,34,,39
2026-06-01T18:07:21.298229,$GAGSV,36,,12
2026-06-01T18:07:21.299243,$GAGSV,03,,39
2026-06-01T18:07:21.299243,$GAGSV,08,,30
2026-06-01T18:07:21.299243,$GAGSV,15,,38
2026-06-01T18:07:21.299243,$GAGSV,32,,39
2026-06-01T18:07:21.299851,$GAGSV,34,,39
2026-06-01T18:07:21.299851,$GAGSV,36,,18
2026-06-01T18:07:21.302030,$GBGSV,06,,42
2026-06-01T18:07:21.302030,$GBGSV,07,,43
2026-06-01T18:07:21.302030,$GBGSV,09,,39
2026-06-01T18:07:21.302030,$GBGSV,10,,42
2026-06-01T18:07:21.302863,$GBGSV,13,,40
2026-06-01T18:07:21.302863,$GBGSV,25,,43
2026-06-01T18:07:21.302863,$GBGSV,28,,38
2026-06-01T18:07:21.302863,$GBGSV,33,,40
2026-06-01T18:07:21.303778,$GBGSV,09,,34
2026-06-01T18:07:21.303778,$GBGSV,10,,38
2026-06-01T18:07:22.303060,$GPGSV,10,,35
2026-06-01T18:07:22.303060,$GPGSV,13,,15
2026-06-01T18:07:22.303060,$GPGSV,18,,41
2026-06-01T18:07:22.303060,$GPGSV,23,,39
2026-06-01T18:07:22.305636,$GPGSV,25,,29
2026-06-01T18:07:22.305636,$GPGSV,28,,37
2026-06-01T18:07:22.305636,$GPGSV,32,,32
2026-06-01T18:07:22.305636,$GPGSV,41,,41
2026-06-01T18:07:22.307236,$GPGSV,42,,41
2026-06-01T18:07:22.307236,$GPGSV,50,,37
2026-06-01T18:07:22.309692,$GPGSV,10,,32
2026-06-01T18:07:22.309692,$GPGSV,13,,08
2026-06-01T18:07:22.309692,$GPGSV,18,,38
2026-06-01T18:07:22.309692,$GPGSV,23,,38
2026-06-01T18:07:22.312307,$GPGSV,25,,20
2026-06-01T18:07:22.312307,$GPGSV,28,,29
2026-06-01T18:07:22.312307,$GPGSV,32,,28
2026-06-01T18:07:22.318875,$GLGSV,65,,25
2026-06-01T18:07:22.318875,$GLGSV,66,,31
2026-06-01T18:07:22.318875,$GLGSV,75,,38
2026-06-01T18:07:22.318875,$GLGSV,76,,31
2026-06-01T18:07:22.320084,$GLGSV,87,,37
2026-06-01T18:07:22.320084,$GLGSV,88,,30
2026-06-01T18:07:22.321562,$GLGSV,66,,39
2026-06-01T18:07:22.321562,$GLGSV,72,,15
2026-06-01T18:07:22.321562,$GLGSV,75,,40
2026-06-01T18:07:22.321562,$GLGSV,76,,37
2026-06-01T18:07:22.322736,$GLGSV,86,,13
2026-06-01T18:07:22.322736,$GLGSV,88,,40
2026-06-01T18:07:22.324627,$GAGSV,03,,38
2026-06-01T18:07:22.324627,$GAGSV,08,,34
2026-06-01T18:07:22.324627,$GAGSV,15,,36
2026-06-01T18:07:22.324627,$GAGSV,32,,39
2026-06-01T18:07:22.326418,$GAGSV,34,,39
2026-06-01T18:07:22.326418,$GAGSV,36,,13
2026-06-01T18:07:22.327837,$GAGSV,03,,39
2026-06-01T18:07:22.327837,$GAGSV,08,,30
2026-06-01T18:07:22.327837,$GAGSV,15,,38
2026-06-01T18:07:22.327837,$GAGSV,32,,38
2026-06-01T18:07:22.328594,$GAGSV,34,,39
2026-06-01T18:07:22.331108,$GBGSV,06,,42
2026-06-01T18:07:22.331108,$GBGSV,07,,43
2026-06-01T18:07:22.331108,$GBGSV,09,,39
2026-06-01T18:07:22.331108,$GBGSV,10,,42
2026-06-01T18:07:22.331924,$GBGSV,13,,40
2026-06-01T18:07:22.331924,$GBGSV,25,,43
2026-06-01T18:07:22.331924,$GBGSV,28,,37
2026-06-01T18:07:22.331924,$GBGSV,33,,41
2026-06-01T18:07:22.332609,$GBGSV,09,,34
2026-06-01T18:07:22.332609,$GBGSV,10,,38
2026-06-01T18:07:23.303390,$GPGSV,10,,34
2026-06-01T18:07:23.303390,$GPGSV,13,,16
2026-06-01T18:07:23.303390,$GPGSV,18,,41
2026-06-01T18:07:23.303390,$GPGSV,23,,39
2026-06-01T18:07:23.306187,$GPGSV,25,,30
2026-06-01T18:07:23.306187,$GPGSV,28,,37
2026-06-01T18:07:23.306187,$GPGSV,32,,33
2026-06-01T18:07:23.306187,$GPGSV,41,,40
2026-06-01T18:07:23.308249,$GPGSV,42,,41
2026-06-01T18:07:23.308249,$GPGSV,50,,36
2026-06-01T18:07:23.311013,$GPGSV,10,,32
2026-06-01T18:07:23.311013,$GPGSV,13,,11
2026-06-01T18:07:23.311013,$GPGSV,18,,38
2026-06-01T18:07:23.311013,$GPGSV,23,,38
2026-06-01T18:07:23.314175,$GPGSV,25,,19
2026-06-01T18:07:23.314175,$GPGSV,28,,29
2026-06-01T18:07:23.314175,$GPGSV,32,,27
2026-06-01T18:07:23.318752,$GLGSV,65,,26
2026-06-01T18:07:23.318752,$GLGSV,66,,30
2026-06-01T18:07:23.318752,$GLGSV,75,,38
2026-06-01T18:07:23.318752,$GLGSV,76,,32
2026-06-01T18:07:23.319797,$GLGSV,87,,37
2026-06-01T18:07:23.319797,$GLGSV,88,,31
2026-06-01T18:07:23.321190,$GLGSV,66,,38
2026-06-01T18:07:23.321190,$GLGSV,72,,16
2026-06-01T18:07:23.321190,$GLGSV,75,,40
2026-06-01T18:07:23.321190,$GLGSV,76,,36
2026-06-01T18:07:23.322117,$GLGSV,88,,41
2026-06-01T18:07:23.324828,$GAGSV,03,,38
2026-06-01T18:07:23.324828,$GAGSV,08,,34
2026-06-01T18:07:23.324828,$GAGSV,15,,36
2026-06-01T18:07:23.324828,$GAGSV,32,,39
2026-06-01T18:07:23.325683,$GAGSV,34,,40
2026-06-01T18:07:23.325683,$GAGSV,36,,13
2026-06-01T18:07:23.326745,$GAGSV,03,,39
2026-06-01T18:07:23.326745,$GAGSV,08,,31
2026-06-01T18:07:23.326745,$GAGSV,15,,37
2026-06-01T18:07:23.326745,$GAGSV,32,,39
2026-06-01T18:07:23.327435,$GAGSV,34,,39
2026-06-01T18:07:23.329846,$GBGSV,06,,42
2026-06-01T18:07:23.329846,$GBGSV,07,,43
2026-06-01T18:07:23.329846,$GBGSV,09,,38
2026-06-01T18:07:23.329846,$GBGSV,10,,42
2026-06-01T18:07:23.330819,$GBGSV,13,,40
2026-06-01T18:07:23.330819,$GBGSV,25,,43
2026-06-01T18:07:23.330819,$GBGSV,28,,38
2026-06-01T18:07:23.330819,$GBGSV,33,,41
2026-06-01T18:07:23.331495,$GBGSV,09,,34
2026-06-01T18:07:23.331495,$GBGSV,10,,38
2026-06-01T18:07:24.299924,$GPGSV,10,,33
2026-06-01T18:07:24.299924,$GPGSV,13,,16
2026-06-01T18:07:24.299924,$GPGSV,18,,40
2026-06-01T18:07:24.299924,$GPGSV,23,,39
2026-06-01T18:07:24.302331,$GPGSV,25,,30
2026-06-01T18:07:24.302331,$GPGSV,28,,37
2026-06-01T18:07:24.302331,$GPGSV,32,,33
2026-06-01T18:07:24.302331,$GPGSV,41,,40
2026-06-01T18:07:24.303894,$GPGSV,42,,41
2026-06-01T18:07:24.303894,$GPGSV,50,,36
2026-06-01T18:07:24.306142,$GPGSV,10,,31
2026-06-01T18:07:24.306142,$GPGSV,13,,13
2026-06-01T18:07:24.306142,$GPGSV,18,,38
2026-06-01T18:07:24.306142,$GPGSV,23,,39
2026-06-01T18:07:24.307987,$GPGSV,25,,19
2026-06-01T18:07:24.307987,$GPGSV,28,,30
2026-06-01T18:07:24.307987,$GPGSV,32,,27
2026-06-01T18:07:24.314597,$GLGSV,65,,27
2026-06-01T18:07:24.314597,$GLGSV,66,,29
2026-06-01T18:07:24.314597,$GLGSV,75,,38
2026-06-01T18:07:24.314597,$GLGSV,76,,32
2026-06-01T18:07:24.316523,$GLGSV,87,,38
2026-06-01T18:07:24.316523,$GLGSV,88,,32
2026-06-01T18:07:24.319085,$GLGSV,66,,39
2026-06-01T18:07:24.319085,$GLGSV,72,,15
2026-06-01T18:07:24.319085,$GLGSV,75,,39
2026-06-01T18:07:24.319085,$GLGSV,76,,35
2026-06-01T18:07:24.319709,$GLGSV,88,,41
2026-06-01T18:07:24.321488,$GAGSV,03,,38
2026-06-01T18:07:24.321488,$GAGSV,08,,34
2026-06-01T18:07:24.321488,$GAGSV,15,,36
2026-06-01T18:07:24.321488,$GAGSV,32,,39
2026-06-01T18:07:24.322278,$GAGSV,34,,40
2026-06-01T18:07:24.322278,$GAGSV,36,,14
2026-06-01T18:07:24.324210,$GAGSV,03,,39
2026-06-01T18:07:24.324210,$GAGSV,08,,31
2026-06-01T18:07:24.324210,$GAGSV,15,,37
2026-06-01T18:07:24.324210,$GAGSV,32,,39
2026-06-01T18:07:24.324832,$GAGSV,34,,38
2026-06-01T18:07:24.327141,$GBGSV,06,,42
2026-06-01T18:07:24.327141,$GBGSV,07,,44
2026-06-01T18:07:24.327141,$GBGSV,09,,38
2026-06-01T18:07:24.327141,$GBGSV,10,,42
2026-06-01T18:07:24.327964,$GBGSV,13,,39
2026-06-01T18:07:24.327964,$GBGSV,25,,43
2026-06-01T18:07:24.327964,$GBGSV,28,,38
2026-06-01T18:07:24.327964,$GBGSV,33,,41
2026-06-01T18:07:24.328506,$GBGSV,09,,34
2026-06-01T18:07:24.328506,$GBGSV,10,,38
2026-06-01T18:07:25.303032,$GPGSV,10,,32
2026-06-01T18:07:25.303032,$GPGSV,13,,16
2026-06-01T18:07:25.303032,$GPGSV,18,,40
2026-06-01T18:07:25.303032,$GPGSV,23,,39
2026-06-01T18:07:25.305834,$GPGSV,25,,29
2026-06-01T18:07:25.305834,$GPGSV,28,,37
2026-06-01T18:07:25.305834,$GPGSV,32,,32
2026-06-01T18:07:25.305834,$GPGSV,41,,41
2026-06-01T18:07:25.307952,$GPGSV,42,,41
2026-06-01T18:07:25.307952,$GPGSV,50,,36
2026-06-01T18:07:25.310734,$GPGSV,10,,32
2026-06-01T18:07:25.310734,$GPGSV,13,,14
2026-06-01T18:07:25.310734,$GPGSV,18,,38
2026-06-01T18:07:25.310734,$GPGSV,23,,39
2026-06-01T18:07:25.313257,$GPGSV,25,,20
2026-06-01T18:07:25.313257,$GPGSV,28,,30
2026-06-01T18:07:25.313257,$GPGSV,32,,27
2026-06-01T18:07:25.317968,$GLGSV,65,,27
2026-06-01T18:07:25.317968,$GLGSV,66,,30
2026-06-01T18:07:25.317968,$GLGSV,75,,38
2026-06-01T18:07:25.317968,$GLGSV,76,,32
2026-06-01T18:07:25.319010,$GLGSV,87,,37
2026-06-01T18:07:25.319010,$GLGSV,88,,33
2026-06-01T18:07:25.320372,$GLGSV,66,,39
2026-06-01T18:07:25.320372,$GLGSV,72,,14
2026-06-01T18:07:25.320372,$GLGSV,75,,40
2026-06-01T18:07:25.320372,$GLGSV,76,,34
2026-06-01T18:07:25.321303,$GLGSV,88,,41
2026-06-01T18:07:25.324252,$GAGSV,03,,38
2026-06-01T18:07:25.324252,$GAGSV,08,,34
2026-06-01T18:07:25.324252,$GAGSV,15,,36
2026-06-01T18:07:25.324252,$GAGSV,32,,38
2026-06-01T18:07:25.325161,$GAGSV,34,,40
2026-06-01T18:07:25.325161,$GAGSV,36,,13
2026-06-01T18:07:25.326036,$GAGSV,03,,39
2026-06-01T18:07:25.326036,$GAGSV,08,,30
2026-06-01T18:07:25.326036,$GAGSV,15,,37
2026-06-01T18:07:25.326036,$GAGSV,32,,39
2026-06-01T18:07:25.326518,$GAGSV,34,,38
2026-06-01T18:07:25.328449,$GBGSV,06,,42
2026-06-01T18:07:25.328449,$GBGSV,07,,43
2026-06-01T18:07:25.328449,$GBGSV,09,,38
2026-06-01T18:07:25.328449,$GBGSV,10,,42
2026-06-01T18:07:25.329184,$GBGSV,13,,39
2026-06-01T18:07:25.329184,$GBGSV,25,,43
2026-06-01T18:07:25.329184,$GBGSV,28,,38
2026-06-01T18:07:25.329184,$GBGSV,33,,40
2026-06-01T18:07:25.329712,$GBGSV,09,,34
2026-06-01T18:07:25.329712,$GBGSV,10,,38
2026-06-01T18:07:26.301201,$GPGSV,10,,32
2026-06-01T18:07:26.301201,$GPGSV,13,,14
2026-06-01T18:07:26.301201,$GPGSV,18,,40
2026-06-01T18:07:26.301201,$GPGSV,23,,39
2026-06-01T18:07:26.303683,$GPGSV,25,,29
2026-06-01T18:07:26.303683,$GPGSV,28,,36
2026-06-01T18:07:26.303683,$GPGSV,32,,31
2026-06-01T18:07:26.303683,$GPGSV,41,,40
2026-06-01T18:07:26.305387,$GPGSV,42,,40
2026-06-01T18:07:26.305387,$GPGSV,50,,36
2026-06-01T18:07:26.307698,$GPGSV,10,,32
2026-06-01T18:07:26.307698,$GPGSV,18,,38
2026-06-01T18:07:26.307698,$GPGSV,23,,38
2026-06-01T18:07:26.307698,$GPGSV,25,,20
2026-06-01T18:07:26.309918,$GPGSV,28,,30
2026-06-01T18:07:26.309918,$GPGSV,32,,27
2026-06-01T18:07:26.316050,$GLGSV,65,,26
2026-06-01T18:07:26.316050,$GLGSV,66,,31
2026-06-01T18:07:26.316050,$GLGSV,75,,39
2026-06-01T18:07:26.316050,$GLGSV,76,,31
2026-06-01T18:07:26.318125,$GLGSV,87,,38
2026-06-01T18:07:26.318125,$GLGSV,88,,33
2026-06-01T18:07:26.319388,$GLGSV,66,,39
2026-06-01T18:07:26.319388,$GLGSV,72,,12
2026-06-01T18:07:26.319388,$GLGSV,75,,39
2026-06-01T18:07:26.319388,$GLGSV,76,,33
2026-06-01T18:07:26.320041,$GLGSV,88,,40
2026-06-01T18:07:26.321841,$GAGSV,03,,38
2026-06-01T18:07:26.321841,$GAGSV,08,,34
2026-06-01T18:07:26.321841,$GAGSV,15,,36
2026-06-01T18:07:26.321841,$GAGSV,32,,38
2026-06-01T18:07:26.323545,$GAGSV,34,,40
2026-06-01T18:07:26.323545,$GAGSV,36,,10
2026-06-01T18:07:26.324629,$GAGSV,03,,38
2026-06-01T18:07:26.324629,$GAGSV,08,,31
2026-06-01T18:07:26.324629,$GAGSV,15,,37
2026-06-01T18:07:26.324629,$GAGSV,32,,39
2026-06-01T18:07:26.325473,$GAGSV,34,,39
2026-06-01T18:07:26.325473,$GAGSV,36,,19
2026-06-01T18:07:26.327978,$GBGSV,06,,43
2026-06-01T18:07:26.327978,$GBGSV,07,,43
2026-06-01T18:07:26.327978,$GBGSV,09,,38
2026-06-01T18:07:26.327978,$GBGSV,10,,42
2026-06-01T18:07:26.328856,$GBGSV,13,,39
2026-06-01T18:07:26.328856,$GBGSV,25,,43
2026-06-01T18:07:26.328856,$GBGSV,28,,38
2026-06-01T18:07:26.328856,$GBGSV,33,,40
2026-06-01T18:07:26.329565,$GBGSV,09,,34
2026-06-01T18:07:26.329565,$GBGSV,10,,38
2026-06-01T18:07:27.301622,$GPGSV,10,,32
2026-06-01T18:07:27.301622,$GPGSV,13,,14
2026-06-01T18:07:27.301622,$GPGSV,18,,40
2026-06-01T18:07:27.301622,$GPGSV,23,,39
2026-06-01T18:07:27.304093,$GPGSV,25,,29
2026-06-01T18:07:27.304093,$GPGSV,28,,36
2026-06-01T18:07:27.304093,$GPGSV,32,,32
2026-06-01T18:07:27.304093,$GPGSV,41,,40
2026-06-01T18:07:27.306014,$GPGSV,42,,41
2026-06-01T18:07:27.306014,$GPGSV,50,,36
2026-06-01T18:07:27.308412,$GPGSV,10,,32
2026-06-01T18:07:27.308412,$GPGSV,18,,38
2026-06-01T18:07:27.308412,$GPGSV,23,,38
2026-06-01T18:07:27.308412,$GPGSV,25,,19
2026-06-01T18:07:27.310439,$GPGSV,28,,30
2026-06-01T18:07:27.310439,$GPGSV,32,,27
2026-06-01T18:07:27.315080,$GLGSV,65,,26
2026-06-01T18:07:27.315080,$GLGSV,66,,31
2026-06-01T18:07:27.315080,$GLGSV,75,,38
2026-06-01T18:07:27.315080,$GLGSV,76,,31
2026-06-01T18:07:27.316184,$GLGSV,87,,38
2026-06-01T18:07:27.316184,$GLGSV,88,,34
2026-06-01T18:07:27.317601,$GLGSV,66,,39
2026-06-01T18:07:27.317601,$GLGSV,75,,39
2026-06-01T18:07:27.317601,$GLGSV,76,,33
2026-06-01T18:07:27.317601,$GLGSV,88,,41
2026-06-01T18:07:27.319803,$GAGSV,03,,38
2026-06-01T18:07:27.319803,$GAGSV,08,,34
2026-06-01T18:07:27.319803,$GAGSV,15,,36
2026-06-01T18:07:27.319803,$GAGSV,32,,39
2026-06-01T18:07:27.320645,$GAGSV,34,,40
2026-06-01T18:07:27.322596,$GAGSV,03,,38
2026-06-01T18:07:27.322596,$GAGSV,08,,31
2026-06-01T18:07:27.322596,$GAGSV,15,,37
2026-06-01T18:07:27.322596,$GAGSV,32,,39
2026-06-01T18:07:27.323483,$GAGSV,34,,38
2026-06-01T18:07:27.326014,$GBGSV,06,,42
2026-06-01T18:07:27.326014,$GBGSV,07,,44
2026-06-01T18:07:27.326014,$GBGSV,09,,38
2026-06-01T18:07:27.326014,$GBGSV,10,,42
2026-06-01T18:07:27.326858,$GBGSV,13,,39
2026-06-01T18:07:27.326858,$GBGSV,25,,43
2026-06-01T18:07:27.326858,$GBGSV,28,,38
2026-06-01T18:07:27.326858,$GBGSV,33,,40
2026-06-01T18:07:27.327508,$GBGSV,09,,34
2026-06-01T18:07:27.327508,$GBGSV,10,,38
2026-06-01T18:07:28.304076,$GPGSV,10,,32
2026-06-01T18:07:28.304076,$GPGSV,13,,15
2026-06-01T18:07:28.304076,$GPGSV,18,,40
2026-06-01T18:07:28.304076,$GPGSV,23,,39
2026-06-01T18:07:28.306853,$GPGSV,25,,28
2026-06-01T18:07:28.306853,$GPGSV,28,,37
2026-06-01T18:07:28.306853,$GPGSV,32,,32
2026-06-01T18:07:28.306853,$GPGSV,41,,41
2026-06-01T18:07:28.308968,$GPGSV,42,,41
2026-06-01T18:07:28.308968,$GPGSV,50,,36
2026-06-01T18:07:28.311708,$GPGSV,10,,32
2026-06-01T18:07:28.311708,$GPGSV,18,,38
2026-06-01T18:07:28.311708,$GPGSV,23,,38
2026-06-01T18:07:28.311708,$GPGSV,25,,17
2026-06-01T18:07:28.313951,$GPGSV,28,,30
2026-06-01T18:07:28.313951,$GPGSV,32,,27
2026-06-01T18:07:28.320887,$GLGSV,65,,25
2026-06-01T18:07:28.320887,$GLGSV,66,,30
2026-06-01T18:07:28.320887,$GLGSV,75,,38
2026-06-01T18:07:28.320887,$GLGSV,76,,32
2026-06-01T18:07:28.322241,$GLGSV,87,,37
2026-06-01T18:07:28.322241,$GLGSV,88,,33
2026-06-01T18:07:28.324864,$GLGSV,66,,39
2026-06-01T18:07:28.324864,$GLGSV,75,,40
2026-06-01T18:07:28.324864,$GLGSV,76,,34
2026-06-01T18:07:28.324864,$GLGSV,88,,41
2026-06-01T18:07:28.327264,$GAGSV,03,,38
2026-06-01T18:07:28.327264,$GAGSV,08,,34
2026-06-01T18:07:28.327264,$GAGSV,15,,37
2026-06-01T18:07:28.327264,$GAGSV,32,,39
2026-06-01T18:07:28.328083,$GAGSV,34,,40
2026-06-01T18:07:28.329343,$GAGSV,03,,38
2026-06-01T18:07:28.329343,$GAGSV,08,,31
2026-06-01T18:07:28.329343,$GAGSV,15,,36
2026-06-01T18:07:28.329343,$GAGSV,32,,38
2026-06-01T18:07:28.330165,$GAGSV,34,,38
2026-06-01T18:07:28.332774,$GBGSV,06,,42
2026-06-01T18:07:28.332774,$GBGSV,07,,44
2026-06-01T18:07:28.332774,$GBGSV,09,,38
2026-06-01T18:07:28.332774,$GBGSV,10,,42
2026-06-01T18:07:28.333895,$GBGSV,13,,39
2026-06-01T18:07:28.333895,$GBGSV,25,,43
2026-06-01T18:07:28.333895,$GBGSV,28,,39
2026-06-01T18:07:28.333895,$GBGSV,33,,40
2026-06-01T18:07:28.334683,$GBGSV,09,,34
2026-06-01T18:07:28.334683,$GBGSV,10,,38
2026-06-01T18:07:29.303457,$GPGSV,10,,31
2026-06-01T18:07:29.303457,$GPGSV,13,,17
2026-06-01T18:07:29.303457,$GPGSV,18,,40
2026-06-01T18:07:29.303457,$GPGSV,23,,39
2026-06-01T18:07:29.307395,$GPGSV,25,,28
2026-06-01T18:07:29.307395,$GPGSV,28,,37
2026-06-01T18:07:29.307395,$GPGSV,32,,33
2026-06-01T18:07:29.307395,$GPGSV,41,,41
2026-06-01T18:07:29.309088,$GPGSV,42,,41
2026-06-01T18:07:29.309088,$GPGSV,50,,36
2026-06-01T18:07:29.311285,$GPGSV,10,,31
2026-06-01T18:07:29.311285,$GPGSV,18,,38
2026-06-01T18:07:29.311285,$GPGSV,23,,38
2026-06-01T18:07:29.311285,$GPGSV,25,,15
2026-06-01T18:07:29.312868,$GPGSV,28,,30
2026-06-01T18:07:29.312868,$GPGSV,32,,27
2026-06-01T18:07:29.317721,$GLGSV,65,,24
2026-06-01T18:07:29.317721,$GLGSV,66,,31
2026-06-01T18:07:29.317721,$GLGSV,75,,38
2026-06-01T18:07:29.317721,$GLGSV,76,,32
2026-06-01T18:07:29.318864,$GLGSV,87,,37
2026-06-01T18:07:29.318864,$GLGSV,88,,34
2026-06-01T18:07:29.319932,$GLGSV,66,,39
2026-06-01T18:07:29.319932,$GLGSV,75,,39
2026-06-01T18:07:29.319932,$GLGSV,76,,33
2026-06-01T18:07:29.319932,$GLGSV,88,,41
2026-06-01T18:07:29.322684,$GAGSV,03,,38
2026-06-01T18:07:29.322684,$GAGSV,08,,34
2026-06-01T18:07:29.322684,$GAGSV,15,,37
2026-06-01T18:07:29.322684,$GAGSV,32,,38
2026-06-01T18:07:29.323313,$GAGSV,34,,40
2026-06-01T18:07:29.324214,$GAGSV,03,,38
2026-06-01T18:07:29.324214,$GAGSV,08,,31
2026-06-01T18:07:29.324214,$GAGSV,15,,36
2026-06-01T18:07:29.324214,$GAGSV,32,,39
2026-06-01T18:07:29.325107,$GAGSV,34,,38
2026-06-01T18:07:29.328172,$GBGSV,06,,42
2026-06-01T18:07:29.328172,$GBGSV,07,,44
2026-06-01T18:07:29.328172,$GBGSV,09,,39
2026-06-01T18:07:29.328172,$GBGSV,10,,42
2026-06-01T18:07:29.329006,$GBGSV,13,,39
2026-06-01T18:07:29.329006,$GBGSV,25,,43
2026-06-01T18:07:29.329006,$GBGSV,28,,39
2026-06-01T18:07:29.329006,$GBGSV,33,,40
2026-06-01T18:07:29.329528,$GBGSV,09,,34
2026-06-01T18:07:29.329528,$GBGSV,10,,38
2026-06-01T18:07:30.288494,$GPGSV,10,,29
2026-06-01T18:07:30.288494,$GPGSV,13,,15
2026-06-01T18:07:30.288494,$GPGSV,18,,41
2026-06-01T18:07:30.288494,$GPGSV,23,,39
2026-06-01T18:07:30.289326,$GPGSV,25,,28
2026-06-01T18:07:30.289326,$GPGSV,28,,37
2026-06-01T18:07:30.289326,$GPGSV,32,,33
2026-06-01T18:07:30.289326,$GPGSV,41,,41
2026-06-01T18:07:30.290516,$GPGSV,42,,41
2026-06-01T18:07:30.290516,$GPGSV,50,,36
2026-06-01T18:07:30.291549,$GPGSV,10,,31
2026-06-01T18:07:30.291549,$GPGSV,18,,38
2026-06-01T18:07:30.291549,$GPGSV,23,,38
2026-06-01T18:07:30.291549,$GPGSV,25,,16
2026-06-01T18:07:30.292057,$GPGSV,28,,30
2026-06-01T18:07:30.292057,$GPGSV,32,,27
2026-06-01T18:07:30.293965,$GLGSV,65,,23
2026-06-01T18:07:30.293965,$GLGSV,66,,32
2026-06-01T18:07:30.293965,$GLGSV,75,,38
2026-06-01T18:07:30.293965,$GLGSV,76,,33
2026-06-01T18:07:30.294465,$GLGSV,87,,37
2026-06-01T18:07:30.294465,$GLGSV,88,,35
2026-06-01T18:07:30.295156,$GLGSV,66,,39
2026-06-01T18:07:30.295156,$GLGSV,75,,39
2026-06-01T18:07:30.295156,$GLGSV,76,,34
2026-06-01T18:07:30.295156,$GLGSV,88,,40
2026-06-01T18:07:30.296392,$GAGSV,03,,38
2026-06-01T18:07:30.296392,$GAGSV,08,,34
2026-06-01T18:07:30.296392,$GAGSV,15,,37
2026-06-01T18:07:30.296392,$GAGSV,32,,38
2026-06-01T18:07:30.296800,$GAGSV,34,,40
2026-06-01T18:07:30.297516,$GAGSV,03,,38
2026-06-01T18:07:30.297516,$GAGSV,08,,32
2026-06-01T18:07:30.297516,$GAGSV,15,,36
2026-06-01T18:07:30.297516,$GAGSV,32,,39
2026-06-01T18:07:30.297955,$GAGSV,34,,39
2026-06-01T18:07:30.299963,$GBGSV,06,,42
2026-06-01T18:07:30.299963,$GBGSV,07,,44
2026-06-01T18:07:30.299963,$GBGSV,09,,38
2026-06-01T18:07:30.299963,$GBGSV,10,,43
2026-06-01T18:07:30.300701,$GBGSV,13,,39
2026-06-01T18:07:30.300701,$GBGSV,25,,43
2026-06-01T18:07:30.300701,$GBGSV,28,,39
2026-06-01T18:07:30.300701,$GBGSV,33,,41
2026-06-01T18:07:30.301186,$GBGSV,09,,34
2026-06-01T18:07:30.301186,$GBGSV,10,,38
2026-06-01T18:07:31.303376,$GPGSV,10,,30
2026-06-01T18:07:31.303376,$GPGSV,12,,22
2026-06-01T18:07:31.303376,$GPGSV,13,,15
2026-06-01T18:07:31.303376,$GPGSV,18,,41
2026-06-01T18:07:31.305635,$GPGSV,23,,39
2026-06-01T18:07:31.305635,$GPGSV,25,,29
2026-06-01T18:07:31.305635,$GPGSV,28,,37
2026-06-01T18:07:31.305635,$GPGSV,32,,33
2026-06-01T18:07:31.307759,$GPGSV,41,,41
2026-06-01T18:07:31.307759,$GPGSV,42,,40
2026-06-01T18:07:31.307759,$GPGSV,50,,36
2026-06-01T18:07:31.309988,$GPGSV,10,,31
2026-06-01T18:07:31.309988,$GPGSV,18,,38
2026-06-01T18:07:31.309988,$GPGSV,23,,38
2026-06-01T18:07:31.309988,$GPGSV,25,,18
2026-06-01T18:07:31.311497,$GPGSV,28,,30
2026-06-01T18:07:31.311497,$GPGSV,32,,26
2026-06-01T18:07:31.317716,$GLGSV,65,,23
2026-06-01T18:07:31.317716,$GLGSV,66,,33
2026-06-01T18:07:31.317716,$GLGSV,75,,37
2026-06-01T18:07:31.317716,$GLGSV,76,,32
2026-06-01T18:07:31.319195,$GLGSV,87,,37
2026-06-01T18:07:31.319195,$GLGSV,88,,35
2026-06-01T18:07:31.321098,$GLGSV,66,,39
2026-06-01T18:07:31.321098,$GLGSV,75,,39
2026-06-01T18:07:31.321098,$GLGSV,76,,35
2026-06-01T18:07:31.321098,$GLGSV,88,,40
2026-06-01T18:07:31.323616,$GAGSV,03,,38
2026-06-01T18:07:31.323616,$GAGSV,08,,34
2026-06-01T18:07:31.323616,$GAGSV,15,,37
2026-06-01T18:07:31.323616,$GAGSV,32,,38
2026-06-01T18:07:31.324227,$GAGSV,34,,39
2026-06-01T18:07:31.325346,$GAGSV,03,,39
2026-06-01T18:07:31.325346,$GAGSV,08,,32
2026-06-01T18:07:31.325346,$GAGSV,15,,36
2026-06-01T18:07:31.325346,$GAGSV,32,,39
2026-06-01T18:07:31.325959,$GAGSV,34,,39
2026-06-01T18:07:31.330244,$GBGSV,06,,42
2026-06-01T18:07:31.330244,$GBGSV,07,,43
2026-06-01T18:07:31.330244,$GBGSV,09,,39
2026-06-01T18:07:31.330244,$GBGSV,10,,43
2026-06-01T18:07:31.331097,$GBGSV,13,,39
2026-06-01T18:07:31.331097,$GBGSV,25,,44
2026-06-01T18:07:31.331097,$GBGSV,28,,39
2026-06-01T18:07:31.331097,$GBGSV,33,,41
2026-06-01T18:07:31.331682,$GBGSV,09,,34
2026-06-01T18:07:31.331682,$GBGSV,10,,38
2026-06-01T18:07:32.301240,$GPGSV,10,,31
2026-06-01T18:07:32.301240,$GPGSV,13,,18
2026-06-01T18:07:32.301240,$GPGSV,18,,40
2026-06-01T18:07:32.301240,$GPGSV,23,,39
2026-06-01T18:07:32.303646,$GPGSV,25,,29
2026-06-01T18:07:32.303646,$GPGSV,28,,37
2026-06-01T18:07:32.303646,$GPGSV,32,,33
2026-06-01T18:07:32.303646,$GPGSV,41,,41
2026-06-01T18:07:32.305255,$GPGSV,42,,41
2026-06-01T18:07:32.305255,$GPGSV,50,,36
2026-06-01T18:07:32.307663,$GPGSV,10,,31
2026-06-01T18:07:32.307663,$GPGSV,18,,38
2026-06-01T18:07:32.307663,$GPGSV,23,,38
2026-06-01T18:07:32.307663,$GPGSV,25,,19
2026-06-01T18:07:32.309409,$GPGSV,28,,30
2026-06-01T18:07:32.309409,$GPGSV,32,,26
2026-06-01T18:07:32.315660,$GLGSV,65,,23
2026-06-01T18:07:32.315660,$GLGSV,66,,32
2026-06-01T18:07:32.315660,$GLGSV,75,,36
2026-06-01T18:07:32.315660,$GLGSV,76,,33
2026-06-01T18:07:32.318199,$GLGSV,87,,37
2026-06-01T18:07:32.318199,$GLGSV,88,,34
2026-06-01T18:07:32.320882,$GLGSV,66,,39
2026-06-01T18:07:32.320882,$GLGSV,75,,39
2026-06-01T18:07:32.320882,$GLGSV,76,,36
2026-06-01T18:07:32.320882,$GLGSV,88,,40
2026-06-01T18:07:32.323353,$GAGSV,03,,38
2026-06-01T18:07:32.323353,$GAGSV,08,,34
2026-06-01T18:07:32.323353,$GAGSV,15,,37
2026-06-01T18:07:32.323353,$GAGSV,32,,38
2026-06-01T18:07:32.324347,$GAGSV,34,,40
2026-06-01T18:07:32.326202,$GAGSV,03,,39
2026-06-01T18:07:32.326202,$GAGSV,08,,32
2026-06-01T18:07:32.326202,$GAGSV,15,,36
2026-06-01T18:07:32.326202,$GAGSV,32,,39
2026-06-01T18:07:32.326894,$GAGSV,34,,39
2026-06-01T18:07:32.329396,$GBGSV,06,,42
2026-06-01T18:07:32.329396,$GBGSV,07,,43
2026-06-01T18:07:32.329396,$GBGSV,09,,39
2026-06-01T18:07:32.329396,$GBGSV,10,,43
2026-06-01T18:07:32.330254,$GBGSV,13,,40
2026-06-01T18:07:32.330254,$GBGSV,25,,44
2026-06-01T18:07:32.330254,$GBGSV,28,,38
2026-06-01T18:07:32.330254,$GBGSV,33,,41
2026-06-01T18:07:32.330874,$GBGSV,09,,34
2026-06-01T18:07:32.330874,$GBGSV,10,,38
2026-06-01T18:07:33.300028,$GPGSV,10,,32
2026-06-01T18:07:33.300028,$GPGSV,13,,19
2026-06-01T18:07:33.300028,$GPGSV,18,,41
2026-06-01T18:07:33.300028,$GPGSV,23,,39
2026-06-01T18:07:33.302552,$GPGSV,25,,29
2026-06-01T18:07:33.302552,$GPGSV,28,,37
2026-06-01T18:07:33.302552,$GPGSV,32,,32
2026-06-01T18:07:33.302552,$GPGSV,41,,41
2026-06-01T18:07:33.304144,$GPGSV,42,,41
2026-06-01T18:07:33.304144,$GPGSV,50,,36
2026-06-01T18:07:33.306779,$GPGSV,10,,31
2026-06-01T18:07:33.306779,$GPGSV,18,,39
2026-06-01T18:07:33.306779,$GPGSV,23,,38
2026-06-01T18:07:33.306779,$GPGSV,25,,20
2026-06-01T18:07:33.308326,$GPGSV,28,,30
2026-06-01T18:07:33.308326,$GPGSV,32,,27
2026-06-01T18:07:33.315132,$GLGSV,65,,25
2026-06-01T18:07:33.315132,$GLGSV,66,,32
2026-06-01T18:07:33.315132,$GLGSV,75,,36
2026-06-01T18:07:33.315132,$GLGSV,76,,33
2026-06-01T18:07:33.316804,$GLGSV,87,,37
2026-06-01T18:07:33.316804,$GLGSV,88,,34
2026-06-01T18:07:33.319084,$GLGSV,66,,39
2026-06-01T18:07:33.319084,$GLGSV,75,,38
2026-06-01T18:07:33.319084,$GLGSV,76,,36
2026-06-01T18:07:33.319084,$GLGSV,88,,40
2026-06-01T18:07:33.321476,$GAGSV,03,,38
2026-06-01T18:07:33.321476,$GAGSV,08,,34
2026-06-01T18:07:33.321476,$GAGSV,15,,37
2026-06-01T18:07:33.321476,$GAGSV,32,,38
2026-06-01T18:07:33.322825,$GAGSV,34,,40
2026-06-01T18:07:33.324702,$GAGSV,03,,38
2026-06-01T18:07:33.324702,$GAGSV,08,,32
2026-06-01T18:07:33.324702,$GAGSV,15,,37
2026-06-01T18:07:33.324702,$GAGSV,32,,39
2026-06-01T18:07:33.325395,$GAGSV,34,,39
2026-06-01T18:07:33.327722,$GBGSV,06,,42
2026-06-01T18:07:33.327722,$GBGSV,07,,43
2026-06-01T18:07:33.327722,$GBGSV,09,,39
2026-06-01T18:07:33.327722,$GBGSV,10,,42
2026-06-01T18:07:33.328642,$GBGSV,13,,40
2026-06-01T18:07:33.328642,$GBGSV,25,,43
2026-06-01T18:07:33.328642,$GBGSV,28,,37
2026-06-01T18:07:33.328642,$GBGSV,33,,40
2026-06-01T18:07:33.329286,$GBGSV,09,,34
2026-06-01T18:07:33.329286,$GBGSV,10,,38
2026-06-01T18:07:34.295678,$GPGSV,10,,32
2026-06-01T18:07:34.295678,$GPGSV,13,,20
2026-06-01T18:07:34.295678,$GPGSV,18,,41
2026-06-01T18:07:34.295678,$GPGSV,23,,39
2026-06-01T18:07:34.296392,$GPGSV,25,,29
2026-06-01T18:07:34.296392,$GPGSV,28,,37
2026-06-01T18:07:34.296392,$GPGSV,32,,31
2026-06-01T18:07:34.296392,$GPGSV,41,,41
2026-06-01T18:07:34.296893,$GPGSV,42,,41
2026-06-01T18:07:34.296893,$GPGSV,50,,36
2026-06-01T18:07:34.297617,$GPGSV,10,,31
2026-06-01T18:07:34.297617,$GPGSV,18,,38
2026-06-01T18:07:34.297617,$GPGSV,23,,38
2026-06-01T18:07:34.297617,$GPGSV,25,,20
2026-06-01T18:07:34.298128,$GPGSV,28,,31
2026-06-01T18:07:34.298128,$GPGSV,32,,28
2026-06-01T18:07:34.299971,$GLGSV,65,,26
2026-06-01T18:07:34.299971,$GLGSV,66,,32
2026-06-01T18:07:34.299971,$GLGSV,75,,37
2026-06-01T18:07:34.299971,$GLGSV,76,,33
2026-06-01T18:07:34.300535,$GLGSV,87,,37
2026-06-01T18:07:34.300535,$GLGSV,88,,33
2026-06-01T18:07:34.301236,$GLGSV,66,,39
2026-06-01T18:07:34.301236,$GLGSV,75,,39
2026-06-01T18:07:34.301236,$GLGSV,76,,38
2026-06-01T18:07:34.301236,$GLGSV,88,,40
2026-06-01T18:07:34.302537,$GAGSV,03,,38
2026-06-01T18:07:34.302537,$GAGSV,08,,34
2026-06-01T18:07:34.302537,$GAGSV,15,,37
2026-06-01T18:07:34.302537,$GAGSV,32,,38
2026-06-01T18:07:34.302912,$GAGSV,34,,40
2026-06-01T18:07:34.303546,$GAGSV,03,,39
2026-06-01T18:07:34.303546,$GAGSV,08,,33
2026-06-01T18:07:34.303546,$GAGSV,15,,37
2026-06-01T18:07:34.303546,$GAGSV,32,,39
2026-06-01T18:07:34.303925,$GAGSV,34,,39
2026-06-01T18:07:34.305611,$GBGSV,06,,42
2026-06-01T18:07:34.305611,$GBGSV,07,,43
2026-06-01T18:07:34.305611,$GBGSV,09,,39
2026-06-01T18:07:34.305611,$GBGSV,10,,42
2026-06-01T18:07:34.306495,$GBGSV,13,,40
2026-06-01T18:07:34.306495,$GBGSV,25,,43
2026-06-01T18:07:34.306495,$GBGSV,28,,40
2026-06-01T18:07:34.306495,$GBGSV,33,,40
2026-06-01T18:07:34.307117,$GBGSV,09,,34
2026-06-01T18:07:34.307117,$GBGSV,10,,38
2026-06-01T18:07:35.300207,$GPGSV,10,,32
2026-06-01T18:07:35.300207,$GPGSV,13,,20
2026-06-01T18:07:35.300207,$GPGSV,18,,40
2026-06-01T18:07:35.300207,$GPGSV,23,,39
2026-06-01T18:07:35.302278,$GPGSV,25,,30
2026-06-01T18:07:35.302278,$GPGSV,28,,37
2026-06-01T18:07:35.302278,$GPGSV,32,,32
2026-06-01T18:07:35.302278,$GPGSV,41,,41
2026-06-01T18:07:35.304765,$GPGSV,42,,41
2026-06-01T18:07:35.304765,$GPGSV,50,,36
2026-06-01T18:07:35.308366,$GPGSV,10,,31
2026-06-01T18:07:35.308366,$GPGSV,18,,39
2026-06-01T18:07:35.308366,$GPGSV,23,,38
2026-06-01T18:07:35.308366,$GPGSV,25,,19
2026-06-01T18:07:35.310868,$GPGSV,28,,31
2026-06-01T18:07:35.310868,$GPGSV,32,,29
2026-06-01T18:07:35.316573,$GLGSV,65,,27
2026-06-01T18:07:35.316573,$GLGSV,66,,32
2026-06-01T18:07:35.316573,$GLGSV,75,,37
2026-06-01T18:07:35.316573,$GLGSV,76,,34
2026-06-01T18:07:35.317948,$GLGSV,87,,37
2026-06-01T18:07:35.317948,$GLGSV,88,,34
2026-06-01T18:07:35.319726,$GLGSV,66,,39
2026-06-01T18:07:35.319726,$GLGSV,75,,39
2026-06-01T18:07:35.319726,$GLGSV,76,,40
2026-06-01T18:07:35.319726,$GLGSV,88,,40
2026-06-01T18:07:35.321693,$GAGSV,03,,39
2026-06-01T18:07:35.321693,$GAGSV,08,,34
2026-06-01T18:07:35.321693,$GAGSV,15,,37
2026-06-01T18:07:35.321693,$GAGSV,32,,38
2026-06-01T18:07:35.322327,$GAGSV,34,,40
2026-06-01T18:07:35.324106,$GAGSV,03,,38
2026-06-01T18:07:35.324106,$GAGSV,08,,33
2026-06-01T18:07:35.324106,$GAGSV,15,,36
2026-06-01T18:07:35.324106,$GAGSV,32,,39
2026-06-01T18:07:35.325029,$GAGSV,34,,39
2026-06-01T18:07:35.327665,$GBGSV,06,,42
2026-06-01T18:07:35.327665,$GBGSV,07,,43
2026-06-01T18:07:35.327665,$GBGSV,09,,39
2026-06-01T18:07:35.327665,$GBGSV,10,,42
2026-06-01T18:07:35.328854,$GBGSV,13,,40
2026-06-01T18:07:35.328854,$GBGSV,25,,44
2026-06-01T18:07:35.328854,$GBGSV,28,,40
2026-06-01T18:07:35.328854,$GBGSV,33,,40
2026-06-01T18:07:35.329771,$GBGSV,09,,33
2026-06-01T18:07:35.329771,$GBGSV,10,,38
2026-06-01T18:07:36.299039,$GPGSV,10,,35
2026-06-01T18:07:36.299039,$GPGSV,13,,20
2026-06-01T18:07:36.299039,$GPGSV,18,,38
2026-06-01T18:07:36.299039,$GPGSV,23,,37
2026-06-01T18:07:36.301221,$GPGSV,25,,31
2026-06-01T18:07:36.301221,$GPGSV,28,,37
2026-06-01T18:07:36.301221,$GPGSV,32,,35
2026-06-01T18:07:36.301221,$GPGSV,41,,41
2026-06-01T18:07:36.301910,$GPGSV,42,,39
2026-06-01T18:07:36.301910,$GPGSV,50,,37
2026-06-01T18:07:36.303176,$GPGSV,10,,32
2026-06-01T18:07:36.303176,$GPGSV,18,,38
2026-06-01T18:07:36.303176,$GPGSV,23,,38
2026-06-01T18:07:36.303176,$GPGSV,25,,21
2026-06-01T18:07:36.303876,$GPGSV,28,,32
2026-06-01T18:07:36.303876,$GPGSV,32,,28
2026-06-01T18:07:36.306829,$GLGSV,65,,27
2026-06-01T18:07:36.306829,$GLGSV,66,,32
2026-06-01T18:07:36.306829,$GLGSV,75,,37
2026-06-01T18:07:36.306829,$GLGSV,76,,30
2026-06-01T18:07:36.307692,$GLGSV,87,,37
2026-06-01T18:07:36.307692,$GLGSV,88,,31
2026-06-01T18:07:36.308869,$GLGSV,66,,36
2026-06-01T18:07:36.308869,$GLGSV,75,,41
2026-06-01T18:07:36.308869,$GLGSV,76,,33
2026-06-01T18:07:36.308869,$GLGSV,88,,36
2026-06-01T18:07:36.311424,$GAGSV,03,,39
2026-06-01T18:07:36.311424,$GAGSV,08,,33
2026-06-01T18:07:36.311424,$GAGSV,15,,39
2026-06-01T18:07:36.311424,$GAGSV,32,,38
2026-06-01T18:07:36.312227,$GAGSV,34,,40
2026-06-01T18:07:36.313536,$GAGSV,03,,36
2026-06-01T18:07:36.313536,$GAGSV,08,,32
2026-06-01T18:07:36.313536,$GAGSV,15,,37
2026-06-01T18:07:36.313536,$GAGSV,32,,41
2026-06-01T18:07:36.314184,$GAGSV,34,,39
2026-06-01T18:07:36.319374,$GBGSV,06,,41
2026-06-01T18:07:36.319374,$GBGSV,07,,43
2026-06-01T18:07:36.319374,$GBGSV,09,,39
2026-06-01T18:07:36.319374,$GBGSV,10,,43
2026-06-01T18:07:36.320963,$GBGSV,13,,38
2026-06-01T18:07:36.320963,$GBGSV,25,,43
2026-06-01T18:07:36.320963,$GBGSV,28,,38
2026-06-01T18:07:36.320963,$GBGSV,33,,40
2026-06-01T18:07:36.321832,$GBGSV,09,,35
2026-06-01T18:07:36.321832,$GBGSV,10,,38
2026-06-01T18:07:37.303286,$GPGSV,10,,35
2026-06-01T18:07:37.303286,$GPGSV,12,,23
2026-06-01T18:07:37.303286,$GPGSV,13,,17
2026-06-01T18:07:37.303286,$GPGSV,18,,41
2026-06-01T18:07:37.305826,$GPGSV,23,,39
2026-06-01T18:07:37.305826,$GPGSV,25,,31
2026-06-01T18:07:37.305826,$GPGSV,28,,37
2026-06-01T18:07:37.305826,$GPGSV,32,,37
2026-06-01T18:07:37.307769,$GPGSV,41,,38
2026-06-01T18:07:37.307769,$GPGSV,42,,42
2026-06-01T18:07:37.307769,$GPGSV,50,,37
2026-06-01T18:07:37.310006,$GPGSV,10,,31
2026-06-01T18:07:37.310006,$GPGSV,18,,39
2026-06-01T18:07:37.310006,$GPGSV,23,,36
2026-06-01T18:07:37.310006,$GPGSV,25,,25
2026-06-01T18:07:37.311603,$GPGSV,28,,34
2026-06-01T18:07:37.311603,$GPGSV,32,,28
2026-06-01T18:07:37.317658,$GLGSV,65,,25
2026-06-01T18:07:37.317658,$GLGSV,66,,33
2026-06-01T18:07:37.317658,$GLGSV,75,,34
2026-06-01T18:07:37.317658,$GLGSV,76,,31
2026-06-01T18:07:37.319115,$GLGSV,87,,37
2026-06-01T18:07:37.319115,$GLGSV,88,,31
2026-06-01T18:07:37.320641,$GLGSV,66,,34
2026-06-01T18:07:37.320641,$GLGSV,75,,39
2026-06-01T18:07:37.320641,$GLGSV,76,,37
2026-06-01T18:07:37.320641,$GLGSV,88,,35
2026-06-01T18:07:37.323080,$GAGSV,03,,38
2026-06-01T18:07:37.323080,$GAGSV,08,,27
2026-06-01T18:07:37.323080,$GAGSV,15,,39
2026-06-01T18:07:37.323080,$GAGSV,32,,38
2026-06-01T18:07:37.324027,$GAGSV,34,,39
2026-06-01T18:07:37.325215,$GAGSV,03,,38
2026-06-01T18:07:37.325215,$GAGSV,08,,32
2026-06-01T18:07:37.325215,$GAGSV,15,,41
2026-06-01T18:07:37.325215,$GAGSV,32,,40
2026-06-01T18:07:37.325959,$GAGSV,34,,40
2026-06-01T18:07:37.330011,$GBGSV,06,,40
2026-06-01T18:07:37.330011,$GBGSV,07,,42
2026-06-01T18:07:37.330011,$GBGSV,09,,39
2026-06-01T18:07:37.330011,$GBGSV,10,,42
2026-06-01T18:07:37.330941,$GBGSV,13,,38
2026-06-01T18:07:37.330941,$GBGSV,25,,43
2026-06-01T18:07:37.330941,$GBGSV,28,,38
2026-06-01T18:07:37.330941,$GBGSV,33,,39
2026-06-01T18:07:37.331736,$GBGSV,09,,35
2026-06-01T18:07:37.331736,$GBGSV,10,,37
2026-06-01T18:07:38.301812,$GPGSV,10,,35
2026-06-01T18:07:38.301812,$GPGSV,12,,20
2026-06-01T18:07:38.301812,$GPGSV,13,,16
2026-06-01T18:07:38.301812,$GPGSV,18,,40
2026-06-01T18:07:38.304691,$GPGSV,23,,41
2026-06-01T18:07:38.304691,$GPGSV,25,,34
2026-06-01T18:07:38.304691,$GPGSV,28,,36
2026-06-01T18:07:38.304691,$GPGSV,32,,39
2026-06-01T18:07:38.306628,$GPGSV,41,,32
2026-06-01T18:07:38.306628,$GPGSV,42,,39
2026-06-01T18:07:38.306628,$GPGSV,50,,37
2026-06-01T18:07:38.308012,$GPGSV,10,,31
2026-06-01T18:07:38.308012,$GPGSV,18,,39
2026-06-01T18:07:38.308012,$GPGSV,23,,36
2026-06-01T18:07:38.308012,$GPGSV,25,,27
2026-06-01T18:07:38.308839,$GPGSV,28,,32
2026-06-01T18:07:38.308839,$GPGSV,32,,28
2026-06-01T18:07:38.312179,$GLGSV,65,,23
2026-06-01T18:07:38.312179,$GLGSV,66,,30
2026-06-01T18:07:38.312179,$GLGSV,75,,35
2026-06-01T18:07:38.312179,$GLGSV,76,,30
2026-06-01T18:07:38.313118,$GLGSV,87,,37
2026-06-01T18:07:38.313118,$GLGSV,88,,34
2026-06-01T18:07:38.313978,$GLGSV,66,,34
2026-06-01T18:07:38.313978,$GLGSV,75,,40
2026-06-01T18:07:38.313978,$GLGSV,76,,37
2026-06-01T18:07:38.313978,$GLGSV,88,,33
2026-06-01T18:07:38.315658,$GAGSV,03,,38
2026-06-01T18:07:38.315658,$GAGSV,08,,33
2026-06-01T18:07:38.315658,$GAGSV,15,,39
2026-06-01T18:07:38.315658,$GAGSV,32,,35
2026-06-01T18:07:38.316311,$GAGSV,34,,39
2026-06-01T18:07:38.319312,$GAGSV,03,,37
2026-06-01T18:07:38.319312,$GAGSV,08,,30
2026-06-01T18:07:38.319312,$GAGSV,15,,40
2026-06-01T18:07:38.319312,$GAGSV,32,,37
2026-06-01T18:07:38.321786,$GAGSV,34,,40
2026-06-01T18:07:38.325468,$GBGSV,06,,41
2026-06-01T18:07:38.325468,$GBGSV,07,,43
2026-06-01T18:07:38.325468,$GBGSV,09,,39
2026-06-01T18:07:38.325468,$GBGSV,10,,43
2026-06-01T18:07:38.327240,$GBGSV,13,,41
2026-06-01T18:07:38.327240,$GBGSV,25,,42
2026-06-01T18:07:38.327240,$GBGSV,28,,36
2026-06-01T18:07:38.327240,$GBGSV,33,,35
2026-06-01T18:07:38.328784,$GBGSV,09,,34
2026-06-01T18:07:38.328784,$GBGSV,10,,38
2026-06-01T18:07:39.300107,$GPGSV,10,,41
2026-06-01T18:07:39.300107,$GPGSV,12,,18
2026-06-01T18:07:39.300107,$GPGSV,13,,14
2026-06-01T18:07:39.300107,$GPGSV,18,,41
2026-06-01T18:07:39.303455,$GPGSV,23,,39
2026-06-01T18:07:39.303455,$GPGSV,25,,37
2026-06-01T18:07:39.303455,$GPGSV,28,,37
2026-06-01T18:07:39.303455,$GPGSV,32,,37
2026-06-01T18:07:39.305483,$GPGSV,41,,33
2026-06-01T18:07:39.305483,$GPGSV,42,,40
2026-06-01T18:07:39.305483,$GPGSV,50,,37
2026-06-01T18:07:39.306961,$GPGSV,10,,31
2026-06-01T18:07:39.306961,$GPGSV,18,,40
2026-06-01T18:07:39.306961,$GPGSV,23,,37
2026-06-01T18:07:39.306961,$GPGSV,25,,27
2026-06-01T18:07:39.308165,$GPGSV,28,,32
2026-06-01T18:07:39.308165,$GPGSV,32,,33
2026-06-01T18:07:39.312381,$GLGSV,65,,22
2026-06-01T18:07:39.312381,$GLGSV,66,,34
2026-06-01T18:07:39.312381,$GLGSV,75,,36
2026-06-01T18:07:39.312381,$GLGSV,76,,34
2026-06-01T18:07:39.314161,$GLGSV,87,,37
2026-06-01T18:07:39.314161,$GLGSV,88,,39
2026-06-01T18:07:39.315708,$GLGSV,66,,37
2026-06-01T18:07:39.315708,$GLGSV,75,,40
2026-06-01T18:07:39.315708,$GLGSV,76,,35
2026-06-01T18:07:39.315708,$GLGSV,88,,35
2026-06-01T18:07:39.317929,$GAGSV,03,,38
2026-06-01T18:07:39.317929,$GAGSV,08,,33
2026-06-01T18:07:39.317929,$GAGSV,15,,37
2026-06-01T18:07:39.317929,$GAGSV,32,,34
2026-06-01T18:07:39.318895,$GAGSV,34,,39
2026-06-01T18:07:39.319961,$GAGSV,03,,39
2026-06-01T18:07:39.319961,$GAGSV,08,,34
2026-06-01T18:07:39.319961,$GAGSV,15,,38
2026-06-01T18:07:39.319961,$GAGSV,32,,37
2026-06-01T18:07:39.320659,$GAGSV,34,,39
2026-06-01T18:07:39.323374,$GBGSV,06,,40
2026-06-01T18:07:39.323374,$GBGSV,07,,42
2026-06-01T18:07:39.323374,$GBGSV,09,,39
2026-06-01T18:07:39.323374,$GBGSV,10,,42
2026-06-01T18:07:39.324549,$GBGSV,13,,40
2026-06-01T18:07:39.324549,$GBGSV,25,,42
2026-06-01T18:07:39.324549,$GBGSV,28,,30
2026-06-01T18:07:39.324549,$GBGSV,33,,40
2026-06-01T18:07:39.325598,$GBGSV,09,,35
2026-06-01T18:07:39.325598,$GBGSV,10,,38
2026-06-01T18:07:40.305567,$GPGSV,10,,40
2026-06-01T18:07:40.305567,$GPGSV,12,,15
2026-06-01T18:07:40.305567,$GPGSV,13,,13
2026-06-01T18:07:40.305567,$GPGSV,18,,39
2026-06-01T18:07:40.308078,$GPGSV,23,,37
2026-06-01T18:07:40.308078,$GPGSV,25,,37
2026-06-01T18:07:40.308078,$GPGSV,28,,35
2026-06-01T18:07:40.308078,$GPGSV,32,,35
2026-06-01T18:07:40.310108,$GPGSV,41,,36
2026-06-01T18:07:40.310108,$GPGSV,42,,39
2026-06-01T18:07:40.310108,$GPGSV,50,,36
2026-06-01T18:07:40.311239,$GPGSV,10,,34
2026-06-01T18:07:40.311239,$GPGSV,18,,39
2026-06-01T18:07:40.311239,$GPGSV,23,,37
2026-06-01T18:07:40.311239,$GPGSV,25,,29
2026-06-01T18:07:40.311998,$GPGSV,28,,33
2026-06-01T18:07:40.311998,$GPGSV,32,,28
2026-06-01T18:07:40.314658,$GLGSV,65,,30
2026-06-01T18:07:40.314658,$GLGSV,66,,27
2026-06-01T18:07:40.314658,$GLGSV,75,,36
2026-06-01T18:07:40.314658,$GLGSV,76,,34
2026-06-01T18:07:40.315272,$GLGSV,87,,39
2026-06-01T18:07:40.315272,$GLGSV,88,,25
2026-06-01T18:07:40.316152,$GLGSV,66,,34
2026-06-01T18:07:40.316152,$GLGSV,75,,39
2026-06-01T18:07:40.316152,$GLGSV,76,,39
2026-06-01T18:07:40.316152,$GLGSV,86,,06
2026-06-01T18:07:40.316830,$GLGSV,88,,36
2026-06-01T18:07:40.320761,$GAGSV,03,,38
2026-06-01T18:07:40.320761,$GAGSV,08,,34
2026-06-01T18:07:40.320761,$GAGSV,15,,39
2026-06-01T18:07:40.320761,$GAGSV,32,,34
2026-06-01T18:07:40.321623,$GAGSV,34,,39
2026-06-01T18:07:40.322846,$GAGSV,03,,39
2026-06-01T18:07:40.322846,$GAGSV,08,,34
2026-06-01T18:07:40.322846,$GAGSV,15,,39
2026-06-01T18:07:40.322846,$GAGSV,32,,37
2026-06-01T18:07:40.324064,$GAGSV,34,,39
2026-06-01T18:07:40.326154,$GBGSV,06,,41
2026-06-01T18:07:40.326154,$GBGSV,07,,41
2026-06-01T18:07:40.326154,$GBGSV,09,,41
2026-06-01T18:07:40.326154,$GBGSV,10,,42
2026-06-01T18:07:40.326900,$GBGSV,13,,40
2026-06-01T18:07:40.326900,$GBGSV,25,,43
2026-06-01T18:07:40.326900,$GBGSV,28,,28
2026-06-01T18:07:40.326900,$GBGSV,33,,40
2026-06-01T18:07:40.327537,$GBGSV,09,,34
2026-06-01T18:07:40.327537,$GBGSV,10,,37
2026-06-01T18:07:41.298438,$GPGSV,10,,38
2026-06-01T18:07:41.298438,$GPGSV,12,,14
2026-06-01T18:07:41.298438,$GPGSV,13,,13
2026-06-01T18:07:41.298438,$GPGSV,18,,39
2026-06-01T18:07:41.301002,$GPGSV,23,,40
2026-06-01T18:07:41.301002,$GPGSV,25,,36
2026-06-01T18:07:41.301002,$GPGSV,28,,35
2026-06-01T18:07:41.301002,$GPGSV,32,,37
2026-06-01T18:07:41.304233,$GPGSV,41,,33
2026-06-01T18:07:41.304233,$GPGSV,42,,39
2026-06-01T18:07:41.304233,$GPGSV,50,,38
2026-06-01T18:07:41.306358,$GPGSV,10,,32
2026-06-01T18:07:41.306358,$GPGSV,18,,39
2026-06-01T18:07:41.306358,$GPGSV,23,,38
2026-06-01T18:07:41.306358,$GPGSV,25,,32
2026-06-01T18:07:41.307436,$GPGSV,28,,33
2026-06-01T18:07:41.307436,$GPGSV,32,,33
2026-06-01T18:07:41.310226,$GLGSV,65,,30
2026-06-01T18:07:41.310226,$GLGSV,66,,37
2026-06-01T18:07:41.310226,$GLGSV,75,,37
2026-06-01T18:07:41.310226,$GLGSV,76,,34
2026-06-01T18:07:41.311580,$GLGSV,87,,38
2026-06-01T18:07:41.311580,$GLGSV,88,,35
2026-06-01T18:07:41.312928,$GLGSV,66,,37
2026-06-01T18:07:41.312928,$GLGSV,75,,40
2026-06-01T18:07:41.312928,$GLGSV,76,,36
2026-06-01T18:07:41.312928,$GLGSV,86,,09
2026-06-01T18:07:41.313552,$GLGSV,88,,40
2026-06-01T18:07:41.315187,$GAGSV,03,,37
2026-06-01T18:07:41.315187,$GAGSV,08,,30
2026-06-01T18:07:41.315187,$GAGSV,15,,37
2026-06-01T18:07:41.315187,$GAGSV,32,,35
2026-06-01T18:07:41.316174,$GAGSV,34,,39
2026-06-01T18:07:41.319649,$GAGSV,03,,39
2026-06-01T18:07:41.319649,$GAGSV,08,,34
2026-06-01T18:07:41.319649,$GAGSV,15,,37
2026-06-01T18:07:41.319649,$GAGSV,32,,39
2026-06-01T18:07:41.320584,$GAGSV,34,,41
2026-06-01T18:07:41.322967,$GBGSV,06,,40
2026-06-01T18:07:41.322967,$GBGSV,07,,43
2026-06-01T18:07:41.322967,$GBGSV,09,,40
2026-06-01T18:07:41.322967,$GBGSV,10,,41
2026-06-01T18:07:41.323927,$GBGSV,13,,41
2026-06-01T18:07:41.323927,$GBGSV,25,,42
2026-06-01T18:07:41.323927,$GBGSV,28,,38
2026-06-01T18:07:41.323927,$GBGSV,33,,40
2026-06-01T18:07:41.325018,$GBGSV,09,,34
2026-06-01T18:07:41.325018,$GBGSV,10,,37
2026-06-01T18:07:42.298133,$GPGSV,10,,37
2026-06-01T18:07:42.298133,$GPGSV,12,,12
2026-06-01T18:07:42.298133,$GPGSV,13,,13
2026-06-01T18:07:42.298133,$GPGSV,18,,39
2026-06-01T18:07:42.299843,$GPGSV,23,,42
2026-06-01T18:07:42.299843,$GPGSV,25,,35
2026-06-01T18:07:42.299843,$GPGSV,28,,36
2026-06-01T18:07:42.299843,$GPGSV,32,,31
2026-06-01T18:07:42.301249,$GPGSV,41,,37
2026-06-01T18:07:42.301249,$GPGSV,42,,40
2026-06-01T18:07:42.301249,$GPGSV,50,,38
2026-06-01T18:07:42.303097,$GPGSV,10,,28
2026-06-01T18:07:42.303097,$GPGSV,18,,39
2026-06-01T18:07:42.303097,$GPGSV,23,,38
2026-06-01T18:07:42.303097,$GPGSV,25,,31
2026-06-01T18:07:42.304284,$GPGSV,28,,27
2026-06-01T18:07:42.304284,$GPGSV,32,,32
2026-06-01T18:07:42.310607,$GLGSV,65,,30
2026-06-01T18:07:42.310607,$GLGSV,66,,30
2026-06-01T18:07:42.310607,$GLGSV,75,,37
2026-06-01T18:07:42.310607,$GLGSV,76,,35
2026-06-01T18:07:42.311264,$GLGSV,87,,40
2026-06-01T18:07:42.311264,$GLGSV,88,,27
2026-06-01T18:07:42.312109,$GLGSV,66,,35
2026-06-01T18:07:42.312109,$GLGSV,75,,41
2026-06-01T18:07:42.312109,$GLGSV,76,,34
2026-06-01T18:07:42.312109,$GLGSV,86,,14
2026-06-01T18:07:42.312598,$GLGSV,88,,37
2026-06-01T18:07:42.314695,$GAGSV,03,,37
2026-06-01T18:07:42.314695,$GAGSV,08,,32
2026-06-01T18:07:42.314695,$GAGSV,15,,34
2026-06-01T18:07:42.314695,$GAGSV,32,,33
2026-06-01T18:07:42.315347,$GAGSV,34,,39
2026-06-01T18:07:42.316146,$GAGSV,03,,38
2026-06-01T18:07:42.316146,$GAGSV,08,,31
2026-06-01T18:07:42.316146,$GAGSV,15,,36
2026-06-01T18:07:42.316146,$GAGSV,32,,34
2026-06-01T18:07:42.316825,$GAGSV,34,,39
2026-06-01T18:07:42.320639,$GBGSV,06,,39
2026-06-01T18:07:42.320639,$GBGSV,07,,43
2026-06-01T18:07:42.320639,$GBGSV,09,,40
2026-06-01T18:07:42.320639,$GBGSV,10,,42
2026-06-01T18:07:42.321875,$GBGSV,13,,39
2026-06-01T18:07:42.321875,$GBGSV,25,,41
2026-06-01T18:07:42.321875,$GBGSV,28,,36
2026-06-01T18:07:42.321875,$GBGSV,33,,42
2026-06-01T18:07:42.323182,$GBGSV,09,,35
2026-06-01T18:07:42.323182,$GBGSV,10,,37
2026-06-01T18:07:43.296093,$GPGSV,10,,38
2026-06-01T18:07:43.296093,$GPGSV,13,,13
2026-06-01T18:07:43.296093,$GPGSV,18,,41
2026-06-01T18:07:43.296093,$GPGSV,23,,37
2026-06-01T18:07:43.297120,$GPGSV,25,,32
2026-06-01T18:07:43.297120,$GPGSV,28,,36
2026-06-01T18:07:43.297120,$GPGSV,32,,27
2026-06-01T18:07:43.297120,$GPGSV,41,,39
2026-06-01T18:07:43.297932,$GPGSV,42,,39
2026-06-01T18:07:43.297932,$GPGSV,50,,37
2026-06-01T18:07:43.298819,$GPGSV,10,,32
2026-06-01T18:07:43.298819,$GPGSV,18,,39
2026-06-01T18:07:43.298819,$GPGSV,23,,38
2026-06-01T18:07:43.298819,$GPGSV,25,,30
2026-06-01T18:07:43.299447,$GPGSV,28,,32
2026-06-01T18:07:43.299447,$GPGSV,32,,26
2026-06-01T18:07:43.303463,$GLGSV,65,,31
2026-06-01T18:07:43.303463,$GLGSV,66,,28
2026-06-01T18:07:43.303463,$GLGSV,75,,38
2026-06-01T18:07:43.303463,$GLGSV,76,,35
2026-06-01T18:07:43.304165,$GLGSV,87,,36
2026-06-01T18:07:43.304165,$GLGSV,88,,32
2026-06-01T18:07:43.305049,$GLGSV,66,,27
2026-06-01T18:07:43.305049,$GLGSV,75,,40
2026-06-01T18:07:43.305049,$GLGSV,76,,34
2026-06-01T18:07:43.305049,$GLGSV,86,,15
2026-06-01T18:07:43.305671,$GLGSV,88,,31
2026-06-01T18:07:43.308540,$GAGSV,03,,36
2026-06-01T18:07:43.308540,$GAGSV,08,,26
2026-06-01T18:07:43.308540,$GAGSV,15,,35
2026-06-01T18:07:43.308540,$GAGSV,32,,33
2026-06-01T18:07:43.309824,$GAGSV,34,,39
2026-06-01T18:07:43.311437,$GAGSV,03,,39
2026-06-01T18:07:43.311437,$GAGSV,08,,30
2026-06-01T18:07:43.311437,$GAGSV,15,,38
2026-06-01T18:07:43.311437,$GAGSV,32,,34
2026-06-01T18:07:43.312297,$GAGSV,34,,39
2026-06-01T18:07:43.315884,$GBGSV,06,,39
2026-06-01T18:07:43.315884,$GBGSV,07,,42
2026-06-01T18:07:43.315884,$GBGSV,09,,36
2026-06-01T18:07:43.315884,$GBGSV,10,,42
2026-06-01T18:07:43.316763,$GBGSV,13,,41
2026-06-01T18:07:43.316763,$GBGSV,25,,43
2026-06-01T18:07:43.316763,$GBGSV,28,,30
2026-06-01T18:07:43.316763,$GBGSV,33,,39
2026-06-01T18:07:43.318877,$GBGSV,09,,36
2026-06-01T18:07:43.318877,$GBGSV,10,,36
2026-06-01T18:07:44.310638,$GPGSV,10,,38
2026-06-01T18:07:44.310638,$GPGSV,13,,14
2026-06-01T18:07:44.310638,$GPGSV,18,,41
2026-06-01T18:07:44.310638,$GPGSV,23,,41
2026-06-01T18:07:44.312293,$GPGSV,25,,36
2026-06-01T18:07:44.312293,$GPGSV,28,,38
2026-06-01T18:07:44.312293,$GPGSV,32,,36
2026-06-01T18:07:44.312293,$GPGSV,41,,39
2026-06-01T18:07:44.313413,$GPGSV,42,,41
2026-06-01T18:07:44.313413,$GPGSV,50,,39
2026-06-01T18:07:44.315129,$GPGSV,10,,30
2026-06-01T18:07:44.315129,$GPGSV,18,,36
2026-06-01T18:07:44.315129,$GPGSV,23,,36
2026-06-01T18:07:44.315129,$GPGSV,25,,29
2026-06-01T18:07:44.316118,$GPGSV,28,,31
2026-06-01T18:07:44.316118,$GPGSV,32,,25
2026-06-01T18:07:44.319234,$GLGSV,65,,25
2026-06-01T18:07:44.319234,$GLGSV,66,,27
2026-06-01T18:07:44.319234,$GLGSV,75,,38
2026-06-01T18:07:44.319234,$GLGSV,76,,37
2026-06-01T18:07:44.320641,$GLGSV,87,,36
2026-06-01T18:07:44.320641,$GLGSV,88,,33
2026-06-01T18:07:44.321816,$GLGSV,66,,25
2026-06-01T18:07:44.321816,$GLGSV,75,,42
2026-06-01T18:07:44.321816,$GLGSV,76,,37
2026-06-01T18:07:44.321816,$GLGSV,86,,15
2026-06-01T18:07:44.322453,$GLGSV,88,,25
2026-06-01T18:07:44.324100,$GAGSV,03,,33
2026-06-01T18:07:44.324100,$GAGSV,08,,24
2026-06-01T18:07:44.324100,$GAGSV,15,,40
2026-06-01T18:07:44.324100,$GAGSV,32,,35
2026-06-01T18:07:44.324711,$GAGSV,34,,37
2026-06-01T18:07:44.326630,$GAGSV,03,,39
2026-06-01T18:07:44.326630,$GAGSV,08,,23
2026-06-01T18:07:44.326630,$GAGSV,15,,40
2026-06-01T18:07:44.326630,$GAGSV,32,,29
2026-06-01T18:07:44.327911,$GAGSV,34,,41
2026-06-01T18:07:44.330883,$GBGSV,06,,40
2026-06-01T18:07:44.330883,$GBGSV,07,,41
2026-06-01T18:07:44.330883,$GBGSV,09,,37
2026-06-01T18:07:44.330883,$GBGSV,10,,43
2026-06-01T18:07:44.331821,$GBGSV,13,,40
2026-06-01T18:07:44.331821,$GBGSV,25,,43
2026-06-01T18:07:44.331821,$GBGSV,28,,34
2026-06-01T18:07:44.331821,$GBGSV,33,,37
2026-06-01T18:07:44.332361,$GBGSV,09,,36
2026-06-01T18:07:44.332361,$GBGSV,10,,38
2026-06-01T18:07:45.295411,$GPGSV,10,,35
2026-06-01T18:07:45.295411,$GPGSV,13,,14
2026-06-01T18:07:45.295411,$GPGSV,18,,39
2026-06-01T18:07:45.295411,$GPGSV,23,,39
2026-06-01T18:07:45.297487,$GPGSV,25,,36
2026-06-01T18:07:45.297487,$GPGSV,28,,38
2026-06-01T18:07:45.297487,$GPGSV,32,,37
2026-06-01T18:07:45.297487,$GPGSV,41,,39
2026-06-01T18:07:45.298836,$GPGSV,42,,42
2026-06-01T18:07:45.298836,$GPGSV,50,,36
2026-06-01T18:07:45.300046,$GPGSV,10,,30
2026-06-01T18:07:45.300046,$GPGSV,18,,37
2026-06-01T18:07:45.300046,$GPGSV,23,,36
2026-06-01T18:07:45.300046,$GPGSV,25,,29
2026-06-01T18:07:45.301001,$GPGSV,28,,31
2026-06-01T18:07:45.301001,$GPGSV,32,,28
2026-06-01T18:07:45.307566,$GLGSV,65,,27
2026-06-01T18:07:45.307566,$GLGSV,66,,27
2026-06-01T18:07:45.307566,$GLGSV,75,,39
2026-06-01T18:07:45.307566,$GLGSV,76,,34
2026-06-01T18:07:45.308244,$GLGSV,87,,34
2026-06-01T18:07:45.308244,$GLGSV,88,,38
2026-06-01T18:07:45.308940,$GLGSV,66,,32
2026-06-01T18:07:45.308940,$GLGSV,75,,42
2026-06-01T18:07:45.308940,$GLGSV,76,,39
2026-06-01T18:07:45.308940,$GLGSV,86,,14
2026-06-01T18:07:45.309574,$GLGSV,88,,31
2026-06-01T18:07:45.311902,$GAGSV,03,,34
2026-06-01T18:07:45.311902,$GAGSV,08,,31
2026-06-01T18:07:45.311902,$GAGSV,15,,40
2026-06-01T18:07:45.311902,$GAGSV,32,,33
2026-06-01T18:07:45.312434,$GAGSV,34,,39
2026-06-01T18:07:45.313242,$GAGSV,03,,40
2026-06-01T18:07:45.313242,$GAGSV,08,,34
2026-06-01T18:07:45.313242,$GAGSV,15,,40
2026-06-01T18:07:45.313242,$GAGSV,32,,30
2026-06-01T18:07:45.313748,$GAGSV,34,,41
2026-06-01T18:07:45.313748,$GAGSV,36,,18
2026-06-01T18:07:45.316262,$GBGSV,06,,41
2026-06-01T18:07:45.316262,$GBGSV,07,,42
2026-06-01T18:07:45.316262,$GBGSV,09,,38
2026-06-01T18:07:45.316262,$GBGSV,10,,43
2026-06-01T18:07:45.316964,$GBGSV,13,,40
2026-06-01T18:07:45.316964,$GBGSV,25,,43
2026-06-01T18:07:45.316964,$GBGSV,28,,27
2026-06-01T18:07:45.316964,$GBGSV,33,,37
2026-06-01T18:07:45.317468,$GBGSV,09,,36
2026-06-01T18:07:45.317468,$GBGSV,10,,38
2026-06-01T18:07:46.304729,$GPGSV,10,,37
2026-06-01T18:07:46.304729,$GPGSV,13,,13
2026-06-01T18:07:46.304729,$GPGSV,18,,41
2026-06-01T18:07:46.304729,$GPGSV,23,,41
2026-06-01T18:07:46.307721,$GPGSV,25,,36
2026-06-01T18:07:46.307721,$GPGSV,28,,33
2026-06-01T18:07:46.307721,$GPGSV,32,,38
2026-06-01T18:07:46.307721,$GPGSV,41,,37
2026-06-01T18:07:46.308647,$GPGSV,42,,37
2026-06-01T18:07:46.308647,$GPGSV,50,,35
2026-06-01T18:07:46.309768,$GPGSV,10,,31
2026-06-01T18:07:46.309768,$GPGSV,18,,38
2026-06-01T18:07:46.309768,$GPGSV,23,,36
2026-06-01T18:07:46.309768,$GPGSV,25,,29
2026-06-01T18:07:46.310820,$GPGSV,28,,24
2026-06-01T18:07:46.310820,$GPGSV,32,,30
2026-06-01T18:07:46.313806,$GLGSV,65,,27
2026-06-01T18:07:46.313806,$GLGSV,66,,31
2026-06-01T18:07:46.313806,$GLGSV,75,,39
2026-06-01T18:07:46.313806,$GLGSV,76,,32
2026-06-01T18:07:46.314754,$GLGSV,87,,36
2026-06-01T18:07:46.314754,$GLGSV,88,,40
2026-06-01T18:07:46.316406,$GLGSV,66,,24
2026-06-01T18:07:46.316406,$GLGSV,75,,39
2026-06-01T18:07:46.316406,$GLGSV,76,,38
2026-06-01T18:07:46.316406,$GLGSV,86,,14
2026-06-01T18:07:46.316961,$GLGSV,88,,35
2026-06-01T18:07:46.318562,$GAGSV,03,,35
2026-06-01T18:07:46.318562,$GAGSV,08,,31
2026-06-01T18:07:46.318562,$GAGSV,15,,37
2026-06-01T18:07:46.318562,$GAGSV,32,,27
2026-06-01T18:07:46.319549,$GAGSV,34,,40
2026-06-01T18:07:46.321918,$GAGSV,03,,40
2026-06-01T18:07:46.321918,$GAGSV,08,,34
2026-06-01T18:07:46.321918,$GAGSV,15,,40
2026-06-01T18:07:46.321918,$GAGSV,32,,29
2026-06-01T18:07:46.322532,$GAGSV,34,,40
2026-06-01T18:07:46.326014,$GBGSV,06,,43
2026-06-01T18:07:46.326014,$GBGSV,07,,44
2026-06-01T18:07:46.326014,$GBGSV,09,,38
2026-06-01T18:07:46.326014,$GBGSV,10,,42
2026-06-01T18:07:46.327071,$GBGSV,13,,40
2026-06-01T18:07:46.327071,$GBGSV,25,,39
2026-06-01T18:07:46.327071,$GBGSV,28,,26
2026-06-01T18:07:46.327071,$GBGSV,33,,39
2026-06-01T18:07:46.328548,$GBGSV,09,,36
2026-06-01T18:07:46.328548,$GBGSV,10,,39
2026-06-01T18:07:47.298700,$GPGSV,10,,37
2026-06-01T18:07:47.298700,$GPGSV,13,,12
2026-06-01T18:07:47.298700,$GPGSV,18,,39
2026-06-01T18:07:47.298700,$GPGSV,23,,39
2026-06-01T18:07:47.300345,$GPGSV,25,,35
2026-06-01T18:07:47.300345,$GPGSV,28,,21
2026-06-01T18:07:47.300345,$GPGSV,32,,39
2026-06-01T18:07:47.300345,$GPGSV,41,,35
2026-06-01T18:07:47.301431,$GPGSV,42,,40
2026-06-01T18:07:47.301431,$GPGSV,50,,35
2026-06-01T18:07:47.303133,$GPGSV,10,,32
2026-06-01T18:07:47.303133,$GPGSV,18,,40
2026-06-01T18:07:47.303133,$GPGSV,23,,37
2026-06-01T18:07:47.303133,$GPGSV,25,,29
2026-06-01T18:07:47.304416,$GPGSV,28,,22
2026-06-01T18:07:47.304416,$GPGSV,32,,31
2026-06-01T18:07:47.310522,$GLGSV,65,,35
2026-06-01T18:07:47.310522,$GLGSV,66,,26
2026-06-01T18:07:47.310522,$GLGSV,75,,38
2026-06-01T18:07:47.310522,$GLGSV,76,,36
2026-06-01T18:07:47.311997,$GLGSV,87,,34
2026-06-01T18:07:47.311997,$GLGSV,88,,32
2026-06-01T18:07:47.313506,$GLGSV,66,,24
2026-06-01T18:07:47.313506,$GLGSV,75,,39
2026-06-01T18:07:47.313506,$GLGSV,76,,36
2026-06-01T18:07:47.313506,$GLGSV,86,,14
2026-06-01T18:07:47.314381,$GLGSV,88,,31
2026-06-01T18:07:47.316454,$GAGSV,03,,36
2026-06-01T18:07:47.316454,$GAGSV,08,,29
2026-06-01T18:07:47.316454,$GAGSV,15,,34
2026-06-01T18:07:47.316454,$GAGSV,32,,27
2026-06-01T18:07:47.317256,$GAGSV,34,,41
2026-06-01T18:07:47.317256,$GAGSV,36,,22
2026-06-01T18:07:47.318188,$GAGSV,03,,40
2026-06-01T18:07:47.318188,$GAGSV,08,,32
2026-06-01T18:07:47.318188,$GAGSV,15,,33
2026-06-01T18:07:47.318188,$GAGSV,32,,20
2026-06-01T18:07:47.318861,$GAGSV,34,,40
2026-06-01T18:07:47.318861,$GAGSV,36,,21
2026-06-01T18:07:47.321902,$GBGSV,06,,40
2026-06-01T18:07:47.321902,$GBGSV,07,,43
2026-06-01T18:07:47.321902,$GBGSV,09,,39
2026-06-01T18:07:47.321902,$GBGSV,10,,41
2026-06-01T18:07:47.323575,$GBGSV,13,,40
2026-06-01T18:07:47.323575,$GBGSV,25,,40
2026-06-01T18:07:47.323575,$GBGSV,28,,30
2026-06-01T18:07:47.323575,$GBGSV,33,,39
2026-06-01T18:07:47.325123,$GBGSV,09,,36
2026-06-01T18:07:47.325123,$GBGSV,10,,39
2026-06-01T18:07:48.299412,$GPGSV,10,,37
2026-06-01T18:07:48.299412,$GPGSV,13,,10
2026-06-01T18:07:48.299412,$GPGSV,18,,39
2026-06-01T18:07:48.299412,$GPGSV,23,,41
2026-06-01T18:07:48.301674,$GPGSV,25,,38
2026-06-01T18:07:48.301674,$GPGSV,28,,20
2026-06-01T18:07:48.301674,$GPGSV,32,,37
2026-06-01T18:07:48.301674,$GPGSV,41,,41
2026-06-01T18:07:48.302784,$GPGSV,42,,43
2026-06-01T18:07:48.302784,$GPGSV,50,,35
2026-06-01T18:07:48.304504,$GPGSV,10,,31
2026-06-01T18:07:48.304504,$GPGSV,18,,40
2026-06-01T18:07:48.304504,$GPGSV,23,,34
2026-06-01T18:07:48.304504,$GPGSV,25,,30
2026-06-01T18:07:48.307837,$GPGSV,28,,23
2026-06-01T18:07:48.307837,$GPGSV,32,,32
2026-06-01T18:07:48.311440,$GLGSV,65,,31
2026-06-01T18:07:48.311440,$GLGSV,66,,32
2026-06-01T18:07:48.311440,$GLGSV,75,,36
2026-06-01T18:07:48.311440,$GLGSV,76,,36
2026-06-01T18:07:48.312086,$GLGSV,87,,34
2026-06-01T18:07:48.312086,$GLGSV,88,,30
2026-06-01T18:07:48.313000,$GLGSV,66,,31
2026-06-01T18:07:48.313000,$GLGSV,75,,36
2026-06-01T18:07:48.313000,$GLGSV,76,,36
2026-06-01T18:07:48.313000,$GLGSV,86,,13
2026-06-01T18:07:48.313584,$GLGSV,88,,35
2026-06-01T18:07:48.315074,$GAGSV,03,,37
2026-06-01T18:07:48.315074,$GAGSV,08,,30
2026-06-01T18:07:48.315074,$GAGSV,15,,35
2026-06-01T18:07:48.315074,$GAGSV,32,,26
2026-06-01T18:07:48.315878,$GAGSV,34,,38
2026-06-01T18:07:48.315878,$GAGSV,36,,20
2026-06-01T18:07:48.317266,$GAGSV,03,,39
2026-06-01T18:07:48.317266,$GAGSV,08,,32
2026-06-01T18:07:48.317266,$GAGSV,15,,37
2026-06-01T18:07:48.317266,$GAGSV,32,,22
2026-06-01T18:07:48.317935,$GAGSV,34,,42
2026-06-01T18:07:48.320299,$GBGSV,06,,41
2026-06-01T18:07:48.320299,$GBGSV,07,,43
2026-06-01T18:07:48.320299,$GBGSV,09,,39
2026-06-01T18:07:48.320299,$GBGSV,10,,40
2026-06-01T18:07:48.321650,$GBGSV,13,,39
2026-06-01T18:07:48.321650,$GBGSV,25,,42
2026-06-01T18:07:48.321650,$GBGSV,28,,25
2026-06-01T18:07:48.321650,$GBGSV,33,,39
2026-06-01T18:07:48.322418,$GBGSV,09,,35
2026-06-01T18:07:48.322418,$GBGSV,10,,37
2026-06-01T18:07:49.305686,$GPGSV,10,,35
2026-06-01T18:07:49.305686,$GPGSV,13,,09
2026-06-01T18:07:49.305686,$GPGSV,18,,39
2026-06-01T18:07:49.305686,$GPGSV,23,,39
2026-06-01T18:07:49.307752,$GPGSV,25,,34
2026-06-01T18:07:49.307752,$GPGSV,28,,22
2026-06-01T18:07:49.307752,$GPGSV,32,,37
2026-06-01T18:07:49.307752,$GPGSV,41,,43
2026-06-01T18:07:49.309083,$GPGSV,42,,42
2026-06-01T18:07:49.309083,$GPGSV,50,,35
2026-06-01T18:07:49.310364,$GPGSV,10,,31
2026-06-01T18:07:49.310364,$GPGSV,18,,38
2026-06-01T18:07:49.310364,$GPGSV,23,,35
2026-06-01T18:07:49.310364,$GPGSV,25,,30
2026-06-01T18:07:49.311375,$GPGSV,28,,22
2026-06-01T18:07:49.311375,$GPGSV,32,,24
2026-06-01T18:07:49.314372,$GLGSV,65,,32
2026-06-01T18:07:49.314372,$GLGSV,66,,25
2026-06-01T18:07:49.314372,$GLGSV,75,,33
2026-06-01T18:07:49.314372,$GLGSV,76,,36
2026-06-01T18:07:49.315461,$GLGSV,87,,34
2026-06-01T18:07:49.315461,$GLGSV,88,,34
2026-06-01T18:07:49.316956,$GLGSV,66,,27
2026-06-01T18:07:49.316956,$GLGSV,75,,36
2026-06-01T18:07:49.316956,$GLGSV,76,,36
2026-06-01T18:07:49.316956,$GLGSV,86,,12
2026-06-01T18:07:49.317966,$GLGSV,88,,26
2026-06-01T18:07:49.320423,$GAGSV,03,,37
2026-06-01T18:07:49.320423,$GAGSV,08,,30
2026-06-01T18:07:49.320423,$GAGSV,15,,38
2026-06-01T18:07:49.320423,$GAGSV,32,,31
2026-06-01T18:07:49.323127,$GAGSV,34,,36
2026-06-01T18:07:49.323127,$GAGSV,36,,20
2026-06-01T18:07:49.325986,$GAGSV,03,,39
2026-06-01T18:07:49.325986,$GAGSV,08,,31
2026-06-01T18:07:49.325986,$GAGSV,15,,38
2026-06-01T18:07:49.325986,$GAGSV,32,,30
2026-06-01T18:07:49.327113,$GAGSV,34,,40
2026-06-01T18:07:49.327113,$GAGSV,36,,20
2026-06-01T18:07:49.330006,$GBGSV,06,,42
2026-06-01T18:07:49.330006,$GBGSV,07,,43
2026-06-01T18:07:49.330006,$GBGSV,09,,39
2026-06-01T18:07:49.330006,$GBGSV,10,,41
2026-06-01T18:07:49.331197,$GBGSV,13,,36
2026-06-01T18:07:49.331197,$GBGSV,25,,42
2026-06-01T18:07:49.331197,$GBGSV,28,,34
2026-06-01T18:07:49.331197,$GBGSV,33,,39
2026-06-01T18:07:49.331746,$GBGSV,09,,35
2026-06-01T18:07:49.331746,$GBGSV,10,,40
2026-06-01T18:07:50.302249,$GPGSV,10,,38
2026-06-01T18:07:50.302249,$GPGSV,13,,07
2026-06-01T18:07:50.302249,$GPGSV,18,,40
2026-06-01T18:07:50.302249,$GPGSV,23,,39
2026-06-01T18:07:50.303940,$GPGSV,25,,34
2026-06-01T18:07:50.303940,$GPGSV,28,,24
2026-06-01T18:07:50.303940,$GPGSV,32,,37
2026-06-01T18:07:50.303940,$GPGSV,41,,38
2026-06-01T18:07:50.304979,$GPGSV,42,,42
2026-06-01T18:07:50.304979,$GPGSV,50,,36
2026-06-01T18:07:50.307105,$GPGSV,10,,31
2026-06-01T18:07:50.307105,$GPGSV,18,,39
2026-06-01T18:07:50.307105,$GPGSV,23,,37
2026-06-01T18:07:50.307105,$GPGSV,25,,28
2026-06-01T18:07:50.309401,$GPGSV,28,,22
2026-06-01T18:07:50.309401,$GPGSV,32,,31
2026-06-01T18:07:50.314803,$GLGSV,65,,33
2026-06-01T18:07:50.314803,$GLGSV,66,,25
2026-06-01T18:07:50.314803,$GLGSV,75,,28
2026-06-01T18:07:50.314803,$GLGSV,76,,34
2026-06-01T18:07:50.315929,$GLGSV,87,,34
2026-06-01T18:07:50.315929,$GLGSV,88,,38
2026-06-01T18:07:50.317361,$GLGSV,66,,27
2026-06-01T18:07:50.317361,$GLGSV,75,,35
2026-06-01T18:07:50.317361,$GLGSV,76,,36
2026-06-01T18:07:50.317361,$GLGSV,86,,10
2026-06-01T18:07:50.318103,$GLGSV,88,,37
2026-06-01T18:07:50.319446,$GAGSV,03,,37
2026-06-01T18:07:50.319446,$GAGSV,08,,29
2026-06-01T18:07:50.319446,$GAGSV,15,,40
2026-06-01T18:07:50.319446,$GAGSV,32,,31
2026-06-01T18:07:50.320075,$GAGSV,34,,36
2026-06-01T18:07:50.320075,$GAGSV,36,,20
2026-06-01T18:07:50.320969,$GAGSV,03,,38
2026-06-01T18:07:50.320969,$GAGSV,08,,30
2026-06-01T18:07:50.320969,$GAGSV,15,,40
2026-06-01T18:07:50.320969,$GAGSV,32,,30
2026-06-01T18:07:50.321574,$GAGSV,34,,40
2026-06-01T18:07:50.321574,$GAGSV,36,,20
2026-06-01T18:07:50.326599,$GBGSV,06,,39
2026-06-01T18:07:50.326599,$GBGSV,07,,39
2026-06-01T18:07:50.326599,$GBGSV,09,,41
2026-06-01T18:07:50.326599,$GBGSV,10,,41
2026-06-01T18:07:50.328892,$GBGSV,13,,28
2026-06-01T18:07:50.328892,$GBGSV,25,,44
2026-06-01T18:07:50.328892,$GBGSV,28,,24
2026-06-01T18:07:50.328892,$GBGSV,33,,37
2026-06-01T18:07:50.329762,$GBGSV,09,,35
2026-06-01T18:07:50.329762,$GBGSV,10,,38
2026-06-01T18:07:51.302358,$GPGSV,10,,35
2026-06-01T18:07:51.302358,$GPGSV,18,,41
2026-06-01T18:07:51.302358,$GPGSV,23,,39
2026-06-01T18:07:51.302358,$GPGSV,25,,37
2026-06-01T18:07:51.305108,$GPGSV,28,,26
2026-06-01T18:07:51.305108,$GPGSV,32,,36
2026-06-01T18:07:51.305108,$GPGSV,41,,42
2026-06-01T18:07:51.305108,$GPGSV,42,,42
2026-06-01T18:07:51.305979,$GPGSV,50,,38
2026-06-01T18:07:51.307880,$GPGSV,10,,30
2026-06-01T18:07:51.307880,$GPGSV,18,,38
2026-06-01T18:07:51.307880,$GPGSV,23,,37
2026-06-01T18:07:51.307880,$GPGSV,25,,28
2026-06-01T18:07:51.308702,$GPGSV,28,,22
2026-06-01T18:07:51.308702,$GPGSV,32,,35
2026-06-01T18:07:51.313251,$GLGSV,65,,34
2026-06-01T18:07:51.313251,$GLGSV,66,,31
2026-06-01T18:07:51.313251,$GLGSV,75,,36
2026-06-01T18:07:51.313251,$GLGSV,76,,32
2026-06-01T18:07:51.313859,$GLGSV,87,,31
2026-06-01T18:07:51.313859,$GLGSV,88,,40
2026-06-01T18:07:51.315048,$GLGSV,66,,35
2026-06-01T18:07:51.315048,$GLGSV,75,,37
2026-06-01T18:07:51.315048,$GLGSV,76,,36
2026-06-01T18:07:51.315048,$GLGSV,86,,08
2026-06-01T18:07:51.315993,$GLGSV,88,,41
2026-06-01T18:07:51.319384,$GAGSV,03,,38
2026-06-01T18:07:51.319384,$GAGSV,08,,38
2026-06-01T18:07:51.319384,$GAGSV,15,,40
2026-06-01T18:07:51.319384,$GAGSV,32,,31
2026-06-01T18:07:51.320458,$GAGSV,34,,38
2026-06-01T18:07:51.320458,$GAGSV,36,,19
2026-06-01T18:07:51.321792,$GAGSV,03,,39
2026-06-01T18:07:51.321792,$GAGSV,08,,37
2026-06-01T18:07:51.321792,$GAGSV,15,,39
2026-06-01T18:07:51.321792,$GAGSV,32,,35
2026-06-01T18:07:51.322283,$GAGSV,34,,39
2026-06-01T18:07:51.326808,$GBGSV,06,,41
2026-06-01T18:07:51.326808,$GBGSV,07,,44
2026-06-01T18:07:51.326808,$GBGSV,09,,40
2026-06-01T18:07:51.326808,$GBGSV,10,,42
2026-06-01T18:07:51.328543,$GBGSV,13,,27
2026-06-01T18:07:51.328543,$GBGSV,25,,43
2026-06-01T18:07:51.328543,$GBGSV,28,,30
2026-06-01T18:07:51.328543,$GBGSV,33,,37
2026-06-01T18:07:51.329356,$GBGSV,09,,35
2026-06-01T18:07:51.329356,$GBGSV,10,,36
2026-06-01T18:07:52.295661,$GPGSV,10,,32
2026-06-01T18:07:52.295661,$GPGSV,18,,41
2026-06-01T18:07:52.295661,$GPGSV,23,,38
2026-06-01T18:07:52.295661,$GPGSV,25,,30
2026-06-01T18:07:52.296404,$GPGSV,28,,29
2026-06-01T18:07:52.296404,$GPGSV,32,,35
2026-06-01T18:07:52.296404,$GPGSV,41,,40
2026-06-01T18:07:52.296404,$GPGSV,42,,41
2026-06-01T18:07:52.296869,$GPGSV,50,,36
2026-06-01T18:07:52.298245,$GPGSV,10,,29
2026-06-01T18:07:52.298245,$GPGSV,18,,38
2026-06-01T18:07:52.298245,$GPGSV,23,,37
2026-06-01T18:07:52.298245,$GPGSV,25,,28
2026-06-01T18:07:52.298766,$GPGSV,28,,25
2026-06-01T18:07:52.298766,$GPGSV,32,,31
2026-06-01T18:07:52.300798,$GLGSV,65,,34
2026-06-01T18:07:52.300798,$GLGSV,66,,34
2026-06-01T18:07:52.300798,$GLGSV,75,,31
2026-06-01T18:07:52.300798,$GLGSV,76,,37
2026-06-01T18:07:52.301387,$GLGSV,87,,30
2026-06-01T18:07:52.301387,$GLGSV,88,,40
2026-06-01T18:07:52.302136,$GLGSV,66,,33
2026-06-01T18:07:52.302136,$GLGSV,75,,35
2026-06-01T18:07:52.302136,$GLGSV,76,,36
2026-06-01T18:07:52.302136,$GLGSV,86,,10
2026-06-01T18:07:52.302579,$GLGSV,88,,41
2026-06-01T18:07:52.303768,$GAGSV,03,,39
2026-06-01T18:07:52.303768,$GAGSV,08,,40
2026-06-01T18:07:52.303768,$GAGSV,15,,40
2026-06-01T18:07:52.303768,$GAGSV,32,,37
2026-06-01T18:07:52.305227,$GAGSV,34,,39
2026-06-01T18:07:52.305227,$GAGSV,36,,20
2026-06-01T18:07:52.306712,$GAGSV,03,,39
2026-06-01T18:07:52.306712,$GAGSV,08,,37
2026-06-01T18:07:52.306712,$GAGSV,15,,40
2026-06-01T18:07:52.306712,$GAGSV,32,,36
2026-06-01T18:07:52.307937,$GAGSV,34,,39
2026-06-01T18:07:52.307937,$GAGSV,36,,20
2026-06-01T18:07:52.311187,$GBGSV,06,,40
2026-06-01T18:07:52.311187,$GBGSV,07,,42
2026-06-01T18:07:52.311187,$GBGSV,09,,39
2026-06-01T18:07:52.311187,$GBGSV,10,,42
2026-06-01T18:07:52.311970,$GBGSV,13,,32
2026-06-01T18:07:52.311970,$GBGSV,25,,43
2026-06-01T18:07:52.311970,$GBGSV,28,,25
2026-06-01T18:07:52.311970,$GBGSV,33,,39
2026-06-01T18:07:52.312477,$GBGSV,09,,34
2026-06-01T18:07:52.312477,$GBGSV,10,,36
2026-06-01T18:07:53.298284,$GPGSV,10,,32
2026-06-01T18:07:53.298284,$GPGSV,18,,40
2026-06-01T18:07:53.298284,$GPGSV,23,,41
2026-06-01T18:07:53.298284,$GPGSV,25,,33
2026-06-01T18:07:53.300308,$GPGSV,28,,32
2026-06-01T18:07:53.300308,$GPGSV,32,,39
2026-06-01T18:07:53.300308,$GPGSV,41,,40
2026-06-01T18:07:53.300308,$GPGSV,42,,39
2026-06-01T18:07:53.300972,$GPGSV,50,,37
2026-06-01T18:07:53.302170,$GPGSV,10,,29
2026-06-01T18:07:53.302170,$GPGSV,18,,38
2026-06-01T18:07:53.302170,$GPGSV,23,,37
2026-06-01T18:07:53.302170,$GPGSV,25,,28
2026-06-01T18:07:53.303133,$GPGSV,28,,25
2026-06-01T18:07:53.303133,$GPGSV,32,,33
2026-06-01T18:07:53.307566,$GLGSV,65,,33
2026-06-01T18:07:53.307566,$GLGSV,66,,30
2026-06-01T18:07:53.307566,$GLGSV,75,,35
2026-06-01T18:07:53.307566,$GLGSV,76,,34
2026-06-01T18:07:53.308578,$GLGSV,87,,31
2026-06-01T18:07:53.308578,$GLGSV,88,,40
2026-06-01T18:07:53.309981,$GLGSV,66,,28
2026-06-01T18:07:53.309981,$GLGSV,75,,37
2026-06-01T18:07:53.309981,$GLGSV,76,,36
2026-06-01T18:07:53.309981,$GLGSV,86,,11
2026-06-01T18:07:53.310564,$GLGSV,88,,41
2026-06-01T18:07:53.312327,$GAGSV,03,,38
2026-06-01T18:07:53.312327,$GAGSV,08,,38
2026-06-01T18:07:53.312327,$GAGSV,15,,41
2026-06-01T18:07:53.312327,$GAGSV,32,,39
2026-06-01T18:07:53.313017,$GAGSV,34,,40
2026-06-01T18:07:53.313017,$GAGSV,36,,20
2026-06-01T18:07:53.314597,$GAGSV,03,,39
2026-06-01T18:07:53.314597,$GAGSV,08,,38
2026-06-01T18:07:53.314597,$GAGSV,15,,40
2026-06-01T18:07:53.314597,$GAGSV,32,,39
2026-06-01T18:07:53.315790,$GAGSV,34,,41
2026-06-01T18:07:53.318626,$GBGSV,06,,42
2026-06-01T18:07:53.318626,$GBGSV,07,,43
2026-06-01T18:07:53.318626,$GBGSV,09,,40
2026-06-01T18:07:53.318626,$GBGSV,10,,42
2026-06-01T18:07:53.319527,$GBGSV,13,,26
2026-06-01T18:07:53.319527,$GBGSV,25,,43
2026-06-01T18:07:53.319527,$GBGSV,28,,40
2026-06-01T18:07:53.319527,$GBGSV,33,,35
2026-06-01T18:07:53.320323,$GBGSV,09,,34
2026-06-01T18:07:53.320323,$GBGSV,10,,37
2026-06-01T18:07:54.295426,$GPGSV,10,,32
2026-06-01T18:07:54.295426,$GPGSV,18,,41
2026-06-01T18:07:54.295426,$GPGSV,23,,40
2026-06-01T18:07:54.295426,$GPGSV,25,,33
2026-06-01T18:07:54.296525,$GPGSV,28,,25
2026-06-01T18:07:54.296525,$GPGSV,32,,41
2026-06-01T18:07:54.296525,$GPGSV,41,,39
2026-06-01T18:07:54.296525,$GPGSV,42,,40
2026-06-01T18:07:54.297404,$GPGSV,50,,36
2026-06-01T18:07:54.299144,$GPGSV,10,,28
2026-06-01T18:07:54.299144,$GPGSV,18,,37
2026-06-01T18:07:54.299144,$GPGSV,23,,37
2026-06-01T18:07:54.299144,$GPGSV,25,,28
2026-06-01T18:07:54.299962,$GPGSV,28,,25
2026-06-01T18:07:54.299962,$GPGSV,32,,34
2026-06-01T18:07:54.303005,$GLGSV,65,,31
2026-06-01T18:07:54.303005,$GLGSV,66,,29
2026-06-01T18:07:54.303005,$GLGSV,75,,36
2026-06-01T18:07:54.303005,$GLGSV,76,,31
2026-06-01T18:07:54.303870,$GLGSV,87,,33
2026-06-01T18:07:54.303870,$GLGSV,88,,39
2026-06-01T18:07:54.305503,$GLGSV,66,,31
2026-06-01T18:07:54.305503,$GLGSV,75,,37
2026-06-01T18:07:54.305503,$GLGSV,76,,35
2026-06-01T18:07:54.305503,$GLGSV,86,,15
2026-06-01T18:07:54.307046,$GLGSV,88,,37
2026-06-01T18:07:54.309725,$GAGSV,03,,38
2026-06-01T18:07:54.309725,$GAGSV,08,,38
2026-06-01T18:07:54.309725,$GAGSV,15,,40
2026-06-01T18:07:54.309725,$GAGSV,32,,39
2026-06-01T18:07:54.310601,$GAGSV,34,,40
2026-06-01T18:07:54.310601,$GAGSV,36,,18
2026-06-01T18:07:54.312108,$GAGSV,03,,39
2026-06-01T18:07:54.312108,$GAGSV,08,,39
2026-06-01T18:07:54.312108,$GAGSV,15,,40
2026-06-01T18:07:54.312108,$GAGSV,32,,40
2026-06-01T18:07:54.313305,$GAGSV,34,,39
2026-06-01T18:07:54.313305,$GAGSV,36,,23
2026-06-01T18:07:54.316055,$GBGSV,06,,42
2026-06-01T18:07:54.316055,$GBGSV,07,,43
2026-06-01T18:07:54.316055,$GBGSV,09,,39
2026-06-01T18:07:54.316055,$GBGSV,10,,42
2026-06-01T18:07:54.317172,$GBGSV,13,,35
2026-06-01T18:07:54.317172,$GBGSV,25,,43
2026-06-01T18:07:54.317172,$GBGSV,28,,39
2026-06-01T18:07:54.317172,$GBGSV,33,,38
2026-06-01T18:07:54.318043,$GBGSV,09,,35
2026-06-01T18:07:54.318043,$GBGSV,10,,39
2026-06-01T18:07:55.306432,$GPGSV,10,,38
2026-06-01T18:07:55.306432,$GPGSV,18,,39
2026-06-01T18:07:55.306432,$GPGSV,23,,39
2026-06-01T18:07:55.306432,$GPGSV,25,,32
2026-06-01T18:07:55.307895,$GPGSV,28,,24
2026-06-01T18:07:55.307895,$GPGSV,32,,39
2026-06-01T18:07:55.307895,$GPGSV,41,,41
2026-06-01T18:07:55.307895,$GPGSV,42,,41
2026-06-01T18:07:55.308514,$GPGSV,50,,37
2026-06-01T18:07:55.309630,$GPGSV,10,,29
2026-06-01T18:07:55.309630,$GPGSV,18,,38
2026-06-01T18:07:55.309630,$GPGSV,23,,38
2026-06-01T18:07:55.309630,$GPGSV,25,,28
2026-06-01T18:07:55.310481,$GPGSV,28,,24
2026-06-01T18:07:55.310481,$GPGSV,32,,29
2026-06-01T18:07:55.315696,$GLGSV,65,,30
2026-06-01T18:07:55.315696,$GLGSV,66,,28
2026-06-01T18:07:55.315696,$GLGSV,75,,35
2026-06-01T18:07:55.315696,$GLGSV,76,,35
2026-06-01T18:07:55.316598,$GLGSV,87,,36
2026-06-01T18:07:55.316598,$GLGSV,88,,36
2026-06-01T18:07:55.317593,$GLGSV,66,,31
2026-06-01T18:07:55.317593,$GLGSV,75,,41
2026-06-01T18:07:55.317593,$GLGSV,76,,38
2026-06-01T18:07:55.317593,$GLGSV,86,,15
2026-06-01T18:07:55.318311,$GLGSV,88,,39
2026-06-01T18:07:55.321297,$GAGSV,03,,37
2026-06-01T18:07:55.321297,$GAGSV,08,,38
2026-06-01T18:07:55.321297,$GAGSV,15,,40
2026-06-01T18:07:55.321297,$GAGSV,32,,41
2026-06-01T18:07:55.322366,$GAGSV,34,,38
2026-06-01T18:07:55.322366,$GAGSV,36,,17
2026-06-01T18:07:55.323922,$GAGSV,03,,40
2026-06-01T18:07:55.323922,$GAGSV,08,,37
2026-06-01T18:07:55.323922,$GAGSV,15,,41
2026-06-01T18:07:55.323922,$GAGSV,32,,40
2026-06-01T18:07:55.324974,$GAGSV,34,,41
2026-06-01T18:07:55.324974,$GAGSV,36,,21
2026-06-01T18:07:55.328323,$GBGSV,06,,41
2026-06-01T18:07:55.328323,$GBGSV,07,,42
2026-06-01T18:07:55.328323,$GBGSV,09,,41
2026-06-01T18:07:55.328323,$GBGSV,10,,41
2026-06-01T18:07:55.329487,$GBGSV,13,,35
2026-06-01T18:07:55.329487,$GBGSV,25,,41
2026-06-01T18:07:55.329487,$GBGSV,28,,38
2026-06-01T18:07:55.329487,$GBGSV,33,,34
2026-06-01T18:07:55.331117,$GBGSV,09,,35
2026-06-01T18:07:55.331117,$GBGSV,10,,37
2026-06-01T18:07:56.297926,$GPGSV,10,,33
2026-06-01T18:07:56.297926,$GPGSV,18,,41
2026-06-01T18:07:56.297926,$GPGSV,23,,41
2026-06-01T18:07:56.297926,$GPGSV,25,,32
2026-06-01T18:07:56.299199,$GPGSV,28,,27
2026-06-01T18:07:56.299199,$GPGSV,32,,37
2026-06-01T18:07:56.299199,$GPGSV,41,,42
2026-06-01T18:07:56.299199,$GPGSV,42,,40
2026-06-01T18:07:56.299922,$GPGSV,50,,35
2026-06-01T18:07:56.300793,$GPGSV,10,,32
2026-06-01T18:07:56.300793,$GPGSV,18,,38
2026-06-01T18:07:56.300793,$GPGSV,23,,38
2026-06-01T18:07:56.300793,$GPGSV,25,,30
2026-06-01T18:07:56.301762,$GPGSV,28,,22
2026-06-01T18:07:56.301762,$GPGSV,32,,34
2026-06-01T18:07:56.304019,$GLGSV,65,,32
2026-06-01T18:07:56.304019,$GLGSV,66,,28
2026-06-01T18:07:56.304019,$GLGSV,75,,32
2026-06-01T18:07:56.304019,$GLGSV,76,,35
2026-06-01T18:07:56.304608,$GLGSV,87,,36
2026-06-01T18:07:56.304608,$GLGSV,88,,38
2026-06-01T18:07:56.305703,$GLGSV,66,,31
2026-06-01T18:07:56.305703,$GLGSV,75,,37
2026-06-01T18:07:56.305703,$GLGSV,76,,37
2026-06-01T18:07:56.305703,$GLGSV,86,,16
2026-06-01T18:07:56.306650,$GLGSV,88,,39
2026-06-01T18:07:56.309993,$GAGSV,03,,38
2026-06-01T18:07:56.309993,$GAGSV,08,,37
2026-06-01T18:07:56.309993,$GAGSV,15,,40
2026-06-01T18:07:56.309993,$GAGSV,32,,40
2026-06-01T18:07:56.310845,$GAGSV,34,,39
2026-06-01T18:07:56.310845,$GAGSV,36,,18
2026-06-01T18:07:56.311640,$GAGSV,03,,39
2026-06-01T18:07:56.311640,$GAGSV,08,,36
2026-06-01T18:07:56.311640,$GAGSV,15,,41
2026-06-01T18:07:56.311640,$GAGSV,32,,38
2026-06-01T18:07:56.312042,$GAGSV,34,,40
2026-06-01T18:07:56.314256,$GBGSV,06,,41
2026-06-01T18:07:56.314256,$GBGSV,07,,42
2026-06-01T18:07:56.314256,$GBGSV,09,,39
2026-06-01T18:07:56.314256,$GBGSV,10,,42
2026-06-01T18:07:56.315047,$GBGSV,13,,36
2026-06-01T18:07:56.315047,$GBGSV,25,,44
2026-06-01T18:07:56.315047,$GBGSV,28,,38
2026-06-01T18:07:56.315047,$GBGSV,33,,37
2026-06-01T18:07:56.315563,$GBGSV,09,,35
2026-06-01T18:07:56.315563,$GBGSV,10,,38
2026-06-01T18:07:57.302256,$GPGSV,10,,36
2026-06-01T18:07:57.302256,$GPGSV,18,,41
2026-06-01T18:07:57.302256,$GPGSV,23,,40
2026-06-01T18:07:57.302256,$GPGSV,25,,31
2026-06-01T18:07:57.303735,$GPGSV,28,,32
2026-06-01T18:07:57.303735,$GPGSV,32,,40
2026-06-01T18:07:57.303735,$GPGSV,41,,42
2026-06-01T18:07:57.303735,$GPGSV,42,,42
2026-06-01T18:07:57.304556,$GPGSV,50,,38
2026-06-01T18:07:57.306000,$GPGSV,10,,31
2026-06-01T18:07:57.306000,$GPGSV,18,,38
2026-06-01T18:07:57.306000,$GPGSV,23,,38
2026-06-01T18:07:57.306000,$GPGSV,25,,30
2026-06-01T18:07:57.307872,$GPGSV,28,,20
2026-06-01T18:07:57.307872,$GPGSV,32,,32
2026-06-01T18:07:57.312744,$GLGSV,65,,31
2026-06-01T18:07:57.312744,$GLGSV,66,,33
2026-06-01T18:07:57.312744,$GLGSV,75,,38
2026-06-01T18:07:57.312744,$GLGSV,76,,34
2026-06-01T18:07:57.313874,$GLGSV,87,,35
2026-06-01T18:07:57.313874,$GLGSV,88,,37
2026-06-01T18:07:57.315533,$GLGSV,66,,31
2026-06-01T18:07:57.315533,$GLGSV,75,,37
2026-06-01T18:07:57.315533,$GLGSV,76,,32
2026-06-01T18:07:57.315533,$GLGSV,86,,15
2026-06-01T18:07:57.316136,$GLGSV,88,,39
2026-06-01T18:07:57.317837,$GAGSV,03,,39
2026-06-01T18:07:57.317837,$GAGSV,08,,35
2026-06-01T18:07:57.317837,$GAGSV,15,,40
2026-06-01T18:07:57.317837,$GAGSV,32,,39
2026-06-01T18:07:57.318371,$GAGSV,34,,38
2026-06-01T18:07:57.318371,$GAGSV,36,,19
2026-06-01T18:07:57.319417,$GAGSV,03,,39
2026-06-01T18:07:57.319417,$GAGSV,08,,36
2026-06-01T18:07:57.319417,$GAGSV,15,,41
2026-06-01T18:07:57.319417,$GAGSV,32,,39
2026-06-01T18:07:57.319926,$GAGSV,34,,40
2026-06-01T18:07:57.319926,$GAGSV,36,,21
2026-06-01T18:07:57.321751,$GBGSV,06,,40
2026-06-01T18:07:57.321751,$GBGSV,07,,43
2026-06-01T18:07:57.321751,$GBGSV,09,,39
2026-06-01T18:07:57.321751,$GBGSV,10,,43
2026-06-01T18:07:57.323573,$GBGSV,13,,35
2026-06-01T18:07:57.323573,$GBGSV,25,,41
2026-06-01T18:07:57.323573,$GBGSV,28,,40
2026-06-01T18:07:57.323573,$GBGSV,33,,35
2026-06-01T18:07:57.325609,$GBGSV,09,,35
2026-06-01T18:07:57.325609,$GBGSV,10,,38
2026-06-01T18:07:58.305588,$GPGSV,10,,37
2026-06-01T18:07:58.305588,$GPGSV,18,,41
2026-06-01T18:07:58.305588,$GPGSV,23,,42
2026-06-01T18:07:58.305588,$GPGSV,25,,37
2026-06-01T18:07:58.307102,$GPGSV,28,,32
2026-06-01T18:07:58.307102,$GPGSV,32,,40
2026-06-01T18:07:58.307102,$GPGSV,41,,42
2026-06-01T18:07:58.307102,$GPGSV,42,,41
2026-06-01T18:07:58.309028,$GPGSV,50,,37
2026-06-01T18:07:58.311608,$GPGSV,10,,31
2026-06-01T18:07:58.311608,$GPGSV,18,,38
2026-06-01T18:07:58.311608,$GPGSV,23,,37
2026-06-01T18:07:58.311608,$GPGSV,25,,29
2026-06-01T18:07:58.312787,$GPGSV,28,,22
2026-06-01T18:07:58.312787,$GPGSV,32,,33
2026-06-01T18:07:58.315625,$GLGSV,65,,27
2026-06-01T18:07:58.315625,$GLGSV,66,,32
2026-06-01T18:07:58.315625,$GLGSV,75,,36
2026-06-01T18:07:58.315625,$GLGSV,76,,34
2026-06-01T18:07:58.317044,$GLGSV,87,,35
2026-06-01T18:07:58.317044,$GLGSV,88,,41
2026-06-01T18:07:58.318052,$GLGSV,66,,33
2026-06-01T18:07:58.318052,$GLGSV,75,,41
2026-06-01T18:07:58.318052,$GLGSV,76,,33
2026-06-01T18:07:58.318052,$GLGSV,86,,14
2026-06-01T18:07:58.318564,$GLGSV,88,,38
2026-06-01T18:07:58.319905,$GAGSV,03,,37
2026-06-01T18:07:58.319905,$GAGSV,08,,34
2026-06-01T18:07:58.319905,$GAGSV,15,,38
2026-06-01T18:07:58.319905,$GAGSV,32,,40
2026-06-01T18:07:58.320392,$GAGSV,34,,38
2026-06-01T18:07:58.320392,$GAGSV,36,,17
2026-06-01T18:07:58.321241,$GAGSV,03,,39
2026-06-01T18:07:58.321241,$GAGSV,08,,36
2026-06-01T18:07:58.321241,$GAGSV,15,,41
2026-06-01T18:07:58.321241,$GAGSV,32,,39
2026-06-01T18:07:58.321721,$GAGSV,34,,40
2026-06-01T18:07:58.323635,$GBGSV,06,,42
2026-06-01T18:07:58.323635,$GBGSV,07,,42
2026-06-01T18:07:58.323635,$GBGSV,09,,42
2026-06-01T18:07:58.323635,$GBGSV,10,,42
2026-06-01T18:07:58.325595,$GBGSV,13,,32
2026-06-01T18:07:58.325595,$GBGSV,25,,43
2026-06-01T18:07:58.325595,$GBGSV,28,,40
2026-06-01T18:07:58.325595,$GBGSV,33,,32
2026-06-01T18:07:58.328550,$GBGSV,09,,39
2026-06-01T18:07:58.328550,$GBGSV,10,,38
2026-06-01T18:07:58.328550,$GBGSV,13,,15
2026-06-01T18:07:59.297509,$GPGSV,10,,35
2026-06-01T18:07:59.297509,$GPGSV,18,,40
2026-06-01T18:07:59.297509,$GPGSV,23,,40
2026-06-01T18:07:59.297509,$GPGSV,25,,31
2026-06-01T18:07:59.299096,$GPGSV,28,,33
2026-06-01T18:07:59.299096,$GPGSV,32,,38
2026-06-01T18:07:59.299096,$GPGSV,41,,42
2026-06-01T18:07:59.299096,$GPGSV,42,,41
2026-06-01T18:07:59.300029,$GPGSV,50,,37
2026-06-01T18:07:59.301732,$GPGSV,10,,32
2026-06-01T18:07:59.301732,$GPGSV,18,,38
2026-06-01T18:07:59.301732,$GPGSV,23,,36
2026-06-01T18:07:59.301732,$GPGSV,25,,28
2026-06-01T18:07:59.302766,$GPGSV,28,,30
2026-06-01T18:07:59.302766,$GPGSV,32,,29
2026-06-01T18:07:59.306749,$GLGSV,65,,28
2026-06-01T18:07:59.306749,$GLGSV,66,,32
2026-06-01T18:07:59.306749,$GLGSV,75,,38
2026-06-01T18:07:59.306749,$GLGSV,76,,31
2026-06-01T18:07:59.307863,$GLGSV,87,,36
2026-06-01T18:07:59.307863,$GLGSV,88,,36
2026-06-01T18:07:59.310423,$GLGSV,66,,36
2026-06-01T18:07:59.310423,$GLGSV,75,,39
2026-06-01T18:07:59.310423,$GLGSV,76,,35
2026-06-01T18:07:59.310423,$GLGSV,86,,12
2026-06-01T18:07:59.311228,$GLGSV,88,,35
2026-06-01T18:07:59.313467,$GAGSV,03,,35
2026-06-01T18:07:59.313467,$GAGSV,08,,35
2026-06-01T18:07:59.313467,$GAGSV,15,,39
2026-06-01T18:07:59.313467,$GAGSV,32,,37
2026-06-01T18:07:59.314120,$GAGSV,34,,38
2026-06-01T18:07:59.314120,$GAGSV,36,,16
2026-06-01T18:07:59.314965,$GAGSV,03,,37
2026-06-01T18:07:59.314965,$GAGSV,08,,36
2026-06-01T18:07:59.314965,$GAGSV,15,,41
2026-06-01T18:07:59.314965,$GAGSV,32,,38
2026-06-01T18:07:59.315463,$GAGSV,34,,40
2026-06-01T18:07:59.317818,$GBGSV,06,,41
2026-06-01T18:07:59.317818,$GBGSV,07,,42
2026-06-01T18:07:59.317818,$GBGSV,09,,38
2026-06-01T18:07:59.317818,$GBGSV,10,,42
2026-06-01T18:07:59.319244,$GBGSV,13,,33
2026-06-01T18:07:59.319244,$GBGSV,25,,44
2026-06-01T18:07:59.319244,$GBGSV,28,,41
2026-06-01T18:07:59.319244,$GBGSV,33,,31
2026-06-01T18:07:59.320177,$GBGSV,09,,35
2026-06-01T18:07:59.320177,$GBGSV,10,,38
2026-06-01T18:07:59.320177,$GBGSV,13,,13
2026-06-01T18:08:00.306677,$GPGSV,10,,41
2026-06-01T18:08:00.306677,$GPGSV,18,,39
2026-06-01T18:08:00.306677,$GPGSV,23,,37
2026-06-01T18:08:00.306677,$GPGSV,25,,26
2026-06-01T18:08:00.308606,$GPGSV,28,,29
2026-06-01T18:08:00.308606,$GPGSV,32,,38
2026-06-01T18:08:00.308606,$GPGSV,41,,41
2026-06-01T18:08:00.308606,$GPGSV,42,,41
2026-06-01T18:08:00.309781,$GPGSV,50,,37
2026-06-01T18:08:00.312520,$GPGSV,10,,35
2026-06-01T18:08:00.312520,$GPGSV,18,,39
2026-06-01T18:08:00.312520,$GPGSV,23,,36
2026-06-01T18:08:00.312520,$GPGSV,25,,28
2026-06-01T18:08:00.314065,$GPGSV,28,,32
2026-06-01T18:08:00.314065,$GPGSV,32,,30
2026-06-01T18:08:00.316734,$GLGSV,65,,32
2026-06-01T18:08:00.316734,$GLGSV,66,,31
2026-06-01T18:08:00.316734,$GLGSV,75,,33
2026-06-01T18:08:00.316734,$GLGSV,76,,35
2026-06-01T18:08:00.317512,$GLGSV,87,,36
2026-06-01T18:08:00.317512,$GLGSV,88,,35
2026-06-01T18:08:00.318223,$GLGSV,66,,33
2026-06-01T18:08:00.318223,$GLGSV,75,,35
2026-06-01T18:08:00.318223,$GLGSV,76,,36
2026-06-01T18:08:00.318223,$GLGSV,86,,10
2026-06-01T18:08:00.319360,$GLGSV,88,,32
2026-06-01T18:08:00.322069,$GAGSV,03,,36
2026-06-01T18:08:00.322069,$GAGSV,08,,35
2026-06-01T18:08:00.322069,$GAGSV,15,,39
2026-06-01T18:08:00.322069,$GAGSV,32,,37
2026-06-01T18:08:00.322988,$GAGSV,34,,38
2026-06-01T18:08:00.322988,$GAGSV,36,,16
2026-06-01T18:08:00.324465,$GAGSV,03,,37
2026-06-01T18:08:00.324465,$GAGSV,08,,36
2026-06-01T18:08:00.324465,$GAGSV,15,,39
2026-06-01T18:08:00.324465,$GAGSV,32,,38
2026-06-01T18:08:00.325529,$GAGSV,34,,40
2026-06-01T18:08:00.330630,$GBGSV,06,,40
2026-06-01T18:08:00.330630,$GBGSV,07,,43
2026-06-01T18:08:00.330630,$GBGSV,09,,39
2026-06-01T18:08:00.330630,$GBGSV,10,,40
2026-06-01T18:08:00.331583,$GBGSV,13,,38
2026-06-01T18:08:00.331583,$GBGSV,25,,44
2026-06-01T18:08:00.331583,$GBGSV,28,,40
2026-06-01T18:08:00.331583,$GBGSV,33,,30
2026-06-01T18:08:00.332292,$GBGSV,09,,35
2026-06-01T18:08:00.332292,$GBGSV,10,,38
2026-06-01T18:08:00.332292,$GBGSV,13,,11
2026-06-01T18:08:01.299630,$GPGSV,10,,39
2026-06-01T18:08:01.299630,$GPGSV,18,,42
2026-06-01T18:08:01.299630,$GPGSV,23,,40
2026-06-01T18:08:01.299630,$GPGSV,25,,28
2026-06-01T18:08:01.301127,$GPGSV,28,,29
2026-06-01T18:08:01.301127,$GPGSV,32,,35
2026-06-01T18:08:01.301127,$GPGSV,41,,42
2026-06-01T18:08:01.301127,$GPGSV,42,,43
2026-06-01T18:08:01.301953,$GPGSV,50,,37
2026-06-01T18:08:01.303346,$GPGSV,10,,36
2026-06-01T18:08:01.303346,$GPGSV,18,,39
2026-06-01T18:08:01.303346,$GPGSV,23,,37
2026-06-01T18:08:01.303346,$GPGSV,25,,26
2026-06-01T18:08:01.304334,$GPGSV,28,,27
2026-06-01T18:08:01.304334,$GPGSV,32,,26
2026-06-01T18:08:01.308458,$GLGSV,65,,36
2026-06-01T18:08:01.308458,$GLGSV,66,,25
2026-06-01T18:08:01.308458,$GLGSV,75,,32
2026-06-01T18:08:01.308458,$GLGSV,76,,34
2026-06-01T18:08:01.310259,$GLGSV,87,,36
2026-06-01T18:08:01.310259,$GLGSV,88,,37
2026-06-01T18:08:01.311392,$GLGSV,66,,27
2026-06-01T18:08:01.311392,$GLGSV,72,,16
2026-06-01T18:08:01.311392,$GLGSV,75,,31
2026-06-01T18:08:01.311392,$GLGSV,76,,38
2026-06-01T18:08:01.312012,$GLGSV,86,,08
2026-06-01T18:08:01.312012,$GLGSV,88,,32
2026-06-01T18:08:01.314388,$GAGSV,03,,37
2026-06-01T18:08:01.314388,$GAGSV,08,,36
2026-06-01T18:08:01.314388,$GAGSV,15,,36
2026-06-01T18:08:01.314388,$GAGSV,32,,30
2026-06-01T18:08:01.316192,$GAGSV,34,,39
2026-06-01T18:08:01.316192,$GAGSV,36,,16
2026-06-01T18:08:01.317382,$GAGSV,03,,37
2026-06-01T18:08:01.317382,$GAGSV,08,,36
2026-06-01T18:08:01.317382,$GAGSV,15,,39
2026-06-01T18:08:01.317382,$GAGSV,32,,33
2026-06-01T18:08:01.317839,$GAGSV,34,,39
2026-06-01T18:08:01.320545,$GBGSV,06,,42
2026-06-01T18:08:01.320545,$GBGSV,07,,43
2026-06-01T18:08:01.320545,$GBGSV,09,,39
2026-06-01T18:08:01.320545,$GBGSV,10,,42
2026-06-01T18:08:01.321389,$GBGSV,13,,38
2026-06-01T18:08:01.321389,$GBGSV,25,,42
2026-06-01T18:08:01.321389,$GBGSV,28,,40
2026-06-01T18:08:01.321389,$GBGSV,33,,29
2026-06-01T18:08:01.322037,$GBGSV,09,,33
2026-06-01T18:08:01.322037,$GBGSV,10,,38
2026-06-01T18:08:01.322037,$GBGSV,13,,09
2026-06-01T18:08:02.298732,$GPGSV,10,,38
2026-06-01T18:08:02.298732,$GPGSV,18,,41
2026-06-01T18:08:02.298732,$GPGSV,23,,38
2026-06-01T18:08:02.298732,$GPGSV,25,,27
2026-06-01T18:08:02.301258,$GPGSV,28,,33
2026-06-01T18:08:02.301258,$GPGSV,32,,35
2026-06-01T18:08:02.301258,$GPGSV,41,,42
2026-06-01T18:08:02.301258,$GPGSV,42,,42
2026-06-01T18:08:02.302134,$GPGSV,50,,37
2026-06-01T18:08:02.303522,$GPGSV,10,,36
2026-06-01T18:08:02.303522,$GPGSV,18,,39
2026-06-01T18:08:02.303522,$GPGSV,23,,37
2026-06-01T18:08:02.303522,$GPGSV,25,,26
2026-06-01T18:08:02.304532,$GPGSV,28,,26
2026-06-01T18:08:02.304532,$GPGSV,32,,31
2026-06-01T18:08:02.310017,$GLGSV,65,,32
2026-06-01T18:08:02.310017,$GLGSV,66,,25
2026-06-01T18:08:02.310017,$GLGSV,75,,31
2026-06-01T18:08:02.310017,$GLGSV,76,,35
2026-06-01T18:08:02.311058,$GLGSV,87,,36
2026-06-01T18:08:02.311058,$GLGSV,88,,37
2026-06-01T18:08:02.312187,$GLGSV,66,,26
2026-06-01T18:08:02.312187,$GLGSV,72,,16
2026-06-01T18:08:02.312187,$GLGSV,75,,33
2026-06-01T18:08:02.312187,$GLGSV,76,,37
2026-06-01T18:08:02.313633,$GLGSV,86,,11
2026-06-01T18:08:02.313633,$GLGSV,88,,32
2026-06-01T18:08:02.316198,$GAGSV,03,,38
2026-06-01T18:08:02.316198,$GAGSV,08,,36
2026-06-01T18:08:02.316198,$GAGSV,15,,34
2026-06-01T18:08:02.316198,$GAGSV,32,,35
2026-06-01T18:08:02.317003,$GAGSV,34,,39
2026-06-01T18:08:02.317003,$GAGSV,36,,18
2026-06-01T18:08:02.317919,$GAGSV,03,,39
2026-06-01T18:08:02.317919,$GAGSV,08,,37
2026-06-01T18:08:02.317919,$GAGSV,15,,35
2026-06-01T18:08:02.317919,$GAGSV,32,,34
2026-06-01T18:08:02.318408,$GAGSV,34,,39
2026-06-01T18:08:02.320801,$GBGSV,06,,40
2026-06-01T18:08:02.320801,$GBGSV,07,,43
2026-06-01T18:08:02.320801,$GBGSV,09,,39
2026-06-01T18:08:02.320801,$GBGSV,10,,42
2026-06-01T18:08:02.321661,$GBGSV,13,,39
2026-06-01T18:08:02.321661,$GBGSV,25,,44
2026-06-01T18:08:02.321661,$GBGSV,28,,41
2026-06-01T18:08:02.321661,$GBGSV,33,,22
2026-06-01T18:08:02.322342,$GBGSV,09,,33
2026-06-01T18:08:02.322342,$GBGSV,10,,38
2026-06-01T18:08:02.322342,$GBGSV,13,,07
2026-06-01T18:08:03.297963,$GPGSV,10,,40
2026-06-01T18:08:03.297963,$GPGSV,12,,18
2026-06-01T18:08:03.297963,$GPGSV,18,,41
2026-06-01T18:08:03.297963,$GPGSV,23,,40
2026-06-01T18:08:03.299240,$GPGSV,25,,31
2026-06-01T18:08:03.299240,$GPGSV,28,,32
2026-06-01T18:08:03.299240,$GPGSV,32,,37
2026-06-01T18:08:03.299240,$GPGSV,41,,42
2026-06-01T18:08:03.299951,$GPGSV,42,,41
2026-06-01T18:08:03.299951,$GPGSV,50,,36
2026-06-01T18:08:03.300787,$GPGSV,10,,34
2026-06-01T18:08:03.300787,$GPGSV,18,,39
2026-06-01T18:08:03.300787,$GPGSV,23,,37
2026-06-01T18:08:03.300787,$GPGSV,25,,26
2026-06-01T18:08:03.301453,$GPGSV,28,,32
2026-06-01T18:08:03.301453,$GPGSV,32,,35
2026-06-01T18:08:03.303463,$GLGSV,65,,32
2026-06-01T18:08:03.303463,$GLGSV,66,,31
2026-06-01T18:08:03.303463,$GLGSV,75,,26
2026-06-01T18:08:03.303463,$GLGSV,76,,35
2026-06-01T18:08:03.304092,$GLGSV,87,,36
2026-06-01T18:08:03.304092,$GLGSV,88,,35
2026-06-01T18:08:03.304795,$GLGSV,66,,27
2026-06-01T18:08:03.304795,$GLGSV,72,,16
2026-06-01T18:08:03.304795,$GLGSV,75,,24
2026-06-01T18:08:03.304795,$GLGSV,76,,35
2026-06-01T18:08:03.305319,$GLGSV,86,,12
2026-06-01T18:08:03.305319,$GLGSV,88,,37
2026-06-01T18:08:03.306362,$GAGSV,03,,38
2026-06-01T18:08:03.306362,$GAGSV,08,,35
2026-06-01T18:08:03.306362,$GAGSV,15,,35
2026-06-01T18:08:03.306362,$GAGSV,32,,34
2026-06-01T18:08:03.306852,$GAGSV,34,,39
2026-06-01T18:08:03.306852,$GAGSV,36,,17
2026-06-01T18:08:03.307535,$GAGSV,03,,38
2026-06-01T18:08:03.307535,$GAGSV,08,,37
2026-06-01T18:08:03.307535,$GAGSV,15,,25
2026-06-01T18:08:03.307535,$GAGSV,32,,35
2026-06-01T18:08:03.307958,$GAGSV,34,,40
2026-06-01T18:08:03.311373,$GBGSV,06,,41
2026-06-01T18:08:03.311373,$GBGSV,07,,42
2026-06-01T18:08:03.311373,$GBGSV,09,,39
2026-06-01T18:08:03.311373,$GBGSV,10,,43
2026-06-01T18:08:03.312174,$GBGSV,13,,41
2026-06-01T18:08:03.312174,$GBGSV,25,,43
2026-06-01T18:08:03.312174,$GBGSV,28,,42
2026-06-01T18:08:03.312174,$GBGSV,33,,22
2026-06-01T18:08:03.312853,$GBGSV,09,,34
2026-06-01T18:08:03.312853,$GBGSV,10,,38
2026-06-01T18:08:03.312853,$GBGSV,13,,07
2026-06-01T18:08:04.306039,$GPGSV,10,,40
2026-06-01T18:08:04.306039,$GPGSV,12,,18
2026-06-01T18:08:04.306039,$GPGSV,18,,39
2026-06-01T18:08:04.306039,$GPGSV,23,,40
2026-06-01T18:08:04.308010,$GPGSV,25,,25
2026-06-01T18:08:04.308010,$GPGSV,28,,32
2026-06-01T18:08:04.308010,$GPGSV,32,,38
2026-06-01T18:08:04.308010,$GPGSV,41,,41
2026-06-01T18:08:04.309364,$GPGSV,42,,40
2026-06-01T18:08:04.309364,$GPGSV,50,,36
2026-06-01T18:08:04.311226,$GPGSV,10,,34
2026-06-01T18:08:04.311226,$GPGSV,18,,39
2026-06-01T18:08:04.311226,$GPGSV,23,,37
2026-06-01T18:08:04.311226,$GPGSV,25,,24
2026-06-01T18:08:04.314036,$GPGSV,28,,32
2026-06-01T18:08:04.314036,$GPGSV,32,,31
2026-06-01T18:08:04.319194,$GLGSV,65,,34
2026-06-01T18:08:04.319194,$GLGSV,66,,31
2026-06-01T18:08:04.319194,$GLGSV,75,,26
2026-06-01T18:08:04.319194,$GLGSV,76,,36
2026-06-01T18:08:04.321621,$GLGSV,87,,38
2026-06-01T18:08:04.321621,$GLGSV,88,,38
2026-06-01T18:08:04.323548,$GLGSV,66,,31
2026-06-01T18:08:04.323548,$GLGSV,72,,17
2026-06-01T18:08:04.323548,$GLGSV,75,,24
2026-06-01T18:08:04.323548,$GLGSV,76,,35
2026-06-01T18:08:04.324191,$GLGSV,86,,13
2026-06-01T18:08:04.324191,$GLGSV,88,,39
2026-06-01T18:08:04.325462,$GAGSV,03,,37
2026-06-01T18:08:04.325462,$GAGSV,08,,33
2026-06-01T18:08:04.325462,$GAGSV,15,,32
2026-06-01T18:08:04.325462,$GAGSV,32,,37
2026-06-01T18:08:04.326203,$GAGSV,34,,39
2026-06-01T18:08:04.326203,$GAGSV,36,,15
2026-06-01T18:08:04.327087,$GAGSV,03,,38
2026-06-01T18:08:04.327087,$GAGSV,08,,31
2026-06-01T18:08:04.327087,$GAGSV,15,,27
2026-06-01T18:08:04.327087,$GAGSV,32,,37
2026-06-01T18:08:04.327870,$GAGSV,34,,40
2026-06-01T18:08:04.334010,$GBGSV,06,,40
2026-06-01T18:08:04.334010,$GBGSV,07,,44
2026-06-01T18:08:04.334010,$GBGSV,09,,37
2026-06-01T18:08:04.334010,$GBGSV,10,,41
2026-06-01T18:08:04.335773,$GBGSV,13,,42
2026-06-01T18:08:04.335773,$GBGSV,25,,43
2026-06-01T18:08:04.335773,$GBGSV,28,,42
2026-06-01T18:08:04.335773,$GBGSV,33,,34
2026-06-01T18:08:04.336704,$GBGSV,09,,34
2026-06-01T18:08:04.336704,$GBGSV,10,,38
2026-06-01T18:08:04.336704,$GBGSV,13,,07
2026-06-01T18:08:05.290595,$GPGSV,10,,39
2026-06-01T18:08:05.290595,$GPGSV,12,,20
2026-06-01T18:08:05.290595,$GPGSV,18,,39
2026-06-01T18:08:05.290595,$GPGSV,23,,40
2026-06-01T18:08:05.291648,$GPGSV,25,,26
2026-06-01T18:08:05.291648,$GPGSV,28,,35
2026-06-01T18:08:05.291648,$GPGSV,32,,40
2026-06-01T18:08:05.291648,$GPGSV,41,,41
2026-06-01T18:08:05.293271,$GPGSV,42,,41
2026-06-01T18:08:05.293271,$GPGSV,50,,36
2026-06-01T18:08:05.296066,$GPGSV,10,,34
2026-06-01T18:08:05.296066,$GPGSV,18,,39
2026-06-01T18:08:05.296066,$GPGSV,23,,37
2026-06-01T18:08:05.296066,$GPGSV,25,,22
2026-06-01T18:08:05.296724,$GPGSV,28,,32
2026-06-01T18:08:05.296724,$GPGSV,32,,31
2026-06-01T18:08:05.300361,$GLGSV,65,,32
2026-06-01T18:08:05.300361,$GLGSV,66,,30
2026-06-01T18:08:05.300361,$GLGSV,75,,26
2026-06-01T18:08:05.300361,$GLGSV,76,,35
2026-06-01T18:08:05.300872,$GLGSV,87,,38
2026-06-01T18:08:05.300872,$GLGSV,88,,38
2026-06-01T18:08:05.301577,$GLGSV,66,,24
2026-06-01T18:08:05.301577,$GLGSV,72,,16
2026-06-01T18:08:05.301577,$GLGSV,75,,34
2026-06-01T18:08:05.301577,$GLGSV,76,,37
2026-06-01T18:08:05.302177,$GLGSV,86,,12
2026-06-01T18:08:05.302177,$GLGSV,88,,39
2026-06-01T18:08:05.303242,$GAGSV,03,,37
2026-06-01T18:08:05.303242,$GAGSV,08,,32
2026-06-01T18:08:05.303242,$GAGSV,15,,38
2026-06-01T18:08:05.303242,$GAGSV,32,,40
2026-06-01T18:08:05.303749,$GAGSV,34,,40
2026-06-01T18:08:05.303749,$GAGSV,36,,13
2026-06-01T18:08:05.304430,$GAGSV,03,,38
2026-06-01T18:08:05.304430,$GAGSV,08,,32
2026-06-01T18:08:05.304430,$GAGSV,15,,37
2026-06-01T18:08:05.304430,$GAGSV,32,,37
2026-06-01T18:08:05.304834,$GAGSV,34,,41
2026-06-01T18:08:05.306518,$GBGSV,06,,42
2026-06-01T18:08:05.306518,$GBGSV,07,,42
2026-06-01T18:08:05.306518,$GBGSV,09,,39
2026-06-01T18:08:05.306518,$GBGSV,10,,42
2026-06-01T18:08:05.307172,$GBGSV,13,,42
2026-06-01T18:08:05.307172,$GBGSV,25,,44
2026-06-01T18:08:05.307172,$GBGSV,28,,42
2026-06-01T18:08:05.307172,$GBGSV,33,,24
2026-06-01T18:08:05.307746,$GBGSV,09,,35
2026-06-01T18:08:05.307746,$GBGSV,10,,38
2026-06-01T18:08:05.307746,$GBGSV,13,,07
2026-06-01T18:08:06.298348,$GPGSV,10,,40
2026-06-01T18:08:06.298348,$GPGSV,12,,17
2026-06-01T18:08:06.298348,$GPGSV,18,,40
2026-06-01T18:08:06.298348,$GPGSV,23,,38
2026-06-01T18:08:06.300184,$GPGSV,25,,27
2026-06-01T18:08:06.300184,$GPGSV,28,,37
2026-06-01T18:08:06.300184,$GPGSV,32,,41
2026-06-01T18:08:06.300184,$GPGSV,41,,43
2026-06-01T18:08:06.301272,$GPGSV,42,,42
2026-06-01T18:08:06.301272,$GPGSV,50,,36
2026-06-01T18:08:06.302608,$GPGSV,10,,29
2026-06-01T18:08:06.302608,$GPGSV,18,,38
2026-06-01T18:08:06.302608,$GPGSV,23,,39
2026-06-01T18:08:06.302608,$GPGSV,25,,25
2026-06-01T18:08:06.303966,$GPGSV,28,,32
2026-06-01T18:08:06.303966,$GPGSV,32,,34
2026-06-01T18:08:06.306479,$GLGSV,65,,33
2026-06-01T18:08:06.306479,$GLGSV,66,,29
2026-06-01T18:08:06.306479,$GLGSV,75,,26
2026-06-01T18:08:06.306479,$GLGSV,76,,35
2026-06-01T18:08:06.307078,$GLGSV,87,,38
2026-06-01T18:08:06.307078,$GLGSV,88,,38
2026-06-01T18:08:06.307899,$GLGSV,66,,25
2026-06-01T18:08:06.307899,$GLGSV,72,,15
2026-06-01T18:08:06.307899,$GLGSV,75,,23
2026-06-01T18:08:06.307899,$GLGSV,76,,39
2026-06-01T18:08:06.308490,$GLGSV,86,,12
2026-06-01T18:08:06.308490,$GLGSV,88,,37
2026-06-01T18:08:06.309551,$GAGSV,03,,36
2026-06-01T18:08:06.309551,$GAGSV,08,,30
2026-06-01T18:08:06.309551,$GAGSV,15,,39
2026-06-01T18:08:06.309551,$GAGSV,32,,36
2026-06-01T18:08:06.310250,$GAGSV,34,,39
2026-06-01T18:08:06.310250,$GAGSV,36,,11
2026-06-01T18:08:06.312279,$GAGSV,03,,36
2026-06-01T18:08:06.312279,$GAGSV,08,,31
2026-06-01T18:08:06.312279,$GAGSV,15,,39
2026-06-01T18:08:06.312279,$GAGSV,32,,39
2026-06-01T18:08:06.313234,$GAGSV,34,,39
2026-06-01T18:08:06.316211,$GBGSV,06,,40
2026-06-01T18:08:06.316211,$GBGSV,07,,42
2026-06-01T18:08:06.316211,$GBGSV,09,,37
2026-06-01T18:08:06.316211,$GBGSV,10,,42
2026-06-01T18:08:06.317270,$GBGSV,13,,43
2026-06-01T18:08:06.317270,$GBGSV,25,,44
2026-06-01T18:08:06.317270,$GBGSV,28,,42
2026-06-01T18:08:06.317270,$GBGSV,33,,30
2026-06-01T18:08:06.318769,$GBGSV,09,,35
2026-06-01T18:08:06.318769,$GBGSV,10,,38
2026-06-01T18:08:06.318769,$GBGSV,13,,07
2026-06-01T18:08:07.306137,$GPGSV,10,,37
2026-06-01T18:08:07.306137,$GPGSV,12,,16
2026-06-01T18:08:07.306137,$GPGSV,18,,40
2026-06-01T18:08:07.306137,$GPGSV,23,,40
2026-06-01T18:08:07.307481,$GPGSV,25,,32
2026-06-01T18:08:07.307481,$GPGSV,28,,36
2026-06-01T18:08:07.307481,$GPGSV,32,,41
2026-06-01T18:08:07.307481,$GPGSV,41,,42
2026-06-01T18:08:07.308507,$GPGSV,42,,40
2026-06-01T18:08:07.308507,$GPGSV,50,,38
2026-06-01T18:08:07.309891,$GPGSV,10,,30
2026-06-01T18:08:07.309891,$GPGSV,18,,38
2026-06-01T18:08:07.309891,$GPGSV,23,,35
2026-06-01T18:08:07.309891,$GPGSV,25,,22
2026-06-01T18:08:07.311273,$GPGSV,28,,35
2026-06-01T18:08:07.311273,$GPGSV,32,,34
2026-06-01T18:08:07.315295,$GLGSV,65,,33
2026-06-01T18:08:07.315295,$GLGSV,66,,31
2026-06-01T18:08:07.315295,$GLGSV,75,,31
2026-06-01T18:08:07.315295,$GLGSV,76,,35
2026-06-01T18:08:07.316208,$GLGSV,87,,38
2026-06-01T18:08:07.316208,$GLGSV,88,,38
2026-06-01T18:08:07.317249,$GLGSV,66,,26
2026-06-01T18:08:07.317249,$GLGSV,72,,15
2026-06-01T18:08:07.317249,$GLGSV,75,,32
2026-06-01T18:08:07.317249,$GLGSV,76,,39
2026-06-01T18:08:07.318149,$GLGSV,86,,11
2026-06-01T18:08:07.318149,$GLGSV,88,,37
2026-06-01T18:08:07.320175,$GAGSV,03,,37
2026-06-01T18:08:07.320175,$GAGSV,08,,30
2026-06-01T18:08:07.320175,$GAGSV,15,,41
2026-06-01T18:08:07.320175,$GAGSV,32,,36
2026-06-01T18:08:07.321086,$GAGSV,34,,40
2026-06-01T18:08:07.321086,$GAGSV,36,,13
2026-06-01T18:08:07.322171,$GAGSV,03,,38
2026-06-01T18:08:07.322171,$GAGSV,08,,35
2026-06-01T18:08:07.322171,$GAGSV,15,,41
2026-06-01T18:08:07.322171,$GAGSV,32,,38
2026-06-01T18:08:07.322824,$GAGSV,34,,39
2026-06-01T18:08:07.325288,$GBGSV,06,,41
2026-06-01T18:08:07.325288,$GBGSV,07,,43
2026-06-01T18:08:07.325288,$GBGSV,09,,38
2026-06-01T18:08:07.325288,$GBGSV,10,,43
2026-06-01T18:08:07.328179,$GBGSV,13,,40
2026-06-01T18:08:07.328179,$GBGSV,25,,43
2026-06-01T18:08:07.328179,$GBGSV,28,,43
2026-06-01T18:08:07.328179,$GBGSV,33,,24
2026-06-01T18:08:07.329412,$GBGSV,09,,35
2026-06-01T18:08:07.329412,$GBGSV,10,,38
2026-06-01T18:08:07.329412,$GBGSV,13,,07
2026-06-01T18:08:08.307443,$GPGSV,10,,40
2026-06-01T18:08:08.307443,$GPGSV,12,,14
2026-06-01T18:08:08.307443,$GPGSV,18,,40
2026-06-01T18:08:08.307443,$GPGSV,23,,40
2026-06-01T18:08:08.308921,$GPGSV,25,,31
2026-06-01T18:08:08.308921,$GPGSV,28,,34
2026-06-01T18:08:08.308921,$GPGSV,32,,41
2026-06-01T18:08:08.308921,$GPGSV,41,,35
2026-06-01T18:08:08.310050,$GPGSV,42,,40
2026-06-01T18:08:08.310050,$GPGSV,50,,35
2026-06-01T18:08:08.313097,$GPGSV,10,,30
2026-06-01T18:08:08.313097,$GPGSV,12,,14
2026-06-01T18:08:08.313097,$GPGSV,18,,38
2026-06-01T18:08:08.313097,$GPGSV,23,,38
2026-06-01T18:08:08.315861,$GPGSV,25,,25
2026-06-01T18:08:08.315861,$GPGSV,28,,34
2026-06-01T18:08:08.315861,$GPGSV,32,,35
2026-06-01T18:08:08.318554,$GLGSV,65,,33
2026-06-01T18:08:08.318554,$GLGSV,66,,31
2026-06-01T18:08:08.318554,$GLGSV,75,,24
2026-06-01T18:08:08.318554,$GLGSV,76,,35
2026-06-01T18:08:08.319235,$GLGSV,87,,38
2026-06-01T18:08:08.319235,$GLGSV,88,,38
2026-06-01T18:08:08.320832,$GLGSV,66,,27
2026-06-01T18:08:08.320832,$GLGSV,72,,15
2026-06-01T18:08:08.320832,$GLGSV,75,,26
2026-06-01T18:08:08.320832,$GLGSV,76,,39
2026-06-01T18:08:08.322351,$GLGSV,86,,13
2026-06-01T18:08:08.322351,$GLGSV,88,,37
2026-06-01T18:08:08.324114,$GAGSV,03,,38
2026-06-01T18:08:08.324114,$GAGSV,08,,35
2026-06-01T18:08:08.324114,$GAGSV,15,,38
2026-06-01T18:08:08.324114,$GAGSV,32,,38
2026-06-01T18:08:08.325082,$GAGSV,34,,40
2026-06-01T18:08:08.325082,$GAGSV,36,,13
2026-06-01T18:08:08.326010,$GAGSV,03,,37
2026-06-01T18:08:08.326010,$GAGSV,08,,39
2026-06-01T18:08:08.326010,$GAGSV,15,,40
2026-06-01T18:08:08.326010,$GAGSV,32,,36
2026-06-01T18:08:08.326748,$GAGSV,34,,39
2026-06-01T18:08:08.331774,$GBGSV,06,,40
2026-06-01T18:08:08.331774,$GBGSV,07,,43
2026-06-01T18:08:08.331774,$GBGSV,09,,37
2026-06-01T18:08:08.331774,$GBGSV,10,,40
2026-06-01T18:08:08.333474,$GBGSV,13,,40
2026-06-01T18:08:08.333474,$GBGSV,25,,43
2026-06-01T18:08:08.333474,$GBGSV,28,,38
2026-06-01T18:08:08.333474,$GBGSV,33,,23
2026-06-01T18:08:08.335543,$GBGSV,09,,33
2026-06-01T18:08:08.335543,$GBGSV,10,,37
2026-06-01T18:08:08.335543,$GBGSV,13,,07
2026-06-01T18:08:09.299804,$GPGSV,10,,37
2026-06-01T18:08:09.299804,$GPGSV,12,,17
2026-06-01T18:08:09.299804,$GPGSV,18,,40
2026-06-01T18:08:09.299804,$GPGSV,23,,41
2026-06-01T18:08:09.302226,$GPGSV,25,,26
2026-06-01T18:08:09.302226,$GPGSV,28,,33
2026-06-01T18:08:09.302226,$GPGSV,32,,39
2026-06-01T18:08:09.302226,$GPGSV,41,,32
2026-06-01T18:08:09.303762,$GPGSV,42,,33
2026-06-01T18:08:09.303762,$GPGSV,50,,36
2026-06-01T18:08:09.305854,$GPGSV,10,,31
2026-06-01T18:08:09.305854,$GPGSV,12,,14
2026-06-01T18:08:09.305854,$GPGSV,18,,38
2026-06-01T18:08:09.305854,$GPGSV,23,,38
2026-06-01T18:08:09.307866,$GPGSV,25,,25
2026-06-01T18:08:09.307866,$GPGSV,28,,33
2026-06-01T18:08:09.307866,$GPGSV,32,,35
2026-06-01T18:08:09.311517,$GLGSV,65,,33
2026-06-01T18:08:09.311517,$GLGSV,66,,30
2026-06-01T18:08:09.311517,$GLGSV,75,,25
2026-06-01T18:08:09.311517,$GLGSV,76,,35
2026-06-01T18:08:09.313630,$GLGSV,87,,35
2026-06-01T18:08:09.313630,$GLGSV,88,,40
2026-06-01T18:08:09.314627,$GLGSV,66,,32
2026-06-01T18:08:09.314627,$GLGSV,72,,15
2026-06-01T18:08:09.314627,$GLGSV,75,,32
2026-06-01T18:08:09.314627,$GLGSV,76,,36
2026-06-01T18:08:09.316815,$GLGSV,86,,14
2026-06-01T18:08:09.316815,$GLGSV,88,,39
2026-06-01T18:08:09.318971,$GAGSV,03,,38
2026-06-01T18:08:09.318971,$GAGSV,08,,38
2026-06-01T18:08:09.318971,$GAGSV,15,,38
2026-06-01T18:08:09.318971,$GAGSV,32,,36
2026-06-01T18:08:09.319541,$GAGSV,34,,38
2026-06-01T18:08:09.319541,$GAGSV,36,,12
2026-06-01T18:08:09.320282,$GAGSV,03,,37
2026-06-01T18:08:09.320282,$GAGSV,08,,36
2026-06-01T18:08:09.320282,$GAGSV,15,,40
2026-06-01T18:08:09.320282,$GAGSV,32,,36
2026-06-01T18:08:09.321215,$GAGSV,34,,41
2026-06-01T18:08:09.323765,$GBGSV,06,,39
2026-06-01T18:08:09.323765,$GBGSV,07,,44
2026-06-01T18:08:09.323765,$GBGSV,09,,39
2026-06-01T18:08:09.323765,$GBGSV,10,,42
2026-06-01T18:08:09.325509,$GBGSV,13,,39
2026-06-01T18:08:09.325509,$GBGSV,25,,39
2026-06-01T18:08:09.325509,$GBGSV,28,,35
2026-06-01T18:08:09.325509,$GBGSV,33,,23
2026-06-01T18:08:09.327597,$GBGSV,09,,33
2026-06-01T18:08:09.327597,$GBGSV,10,,36
2026-06-01T18:08:10.303801,$GPGSV,10,,38
2026-06-01T18:08:10.303801,$GPGSV,12,,16
2026-06-01T18:08:10.303801,$GPGSV,18,,39
2026-06-01T18:08:10.303801,$GPGSV,23,,41
2026-06-01T18:08:10.305749,$GPGSV,25,,26
2026-06-01T18:08:10.305749,$GPGSV,28,,36
2026-06-01T18:08:10.305749,$GPGSV,32,,39
2026-06-01T18:08:10.305749,$GPGSV,41,,38
2026-06-01T18:08:10.307141,$GPGSV,42,,30
2026-06-01T18:08:10.307141,$GPGSV,50,,36
2026-06-01T18:08:10.309155,$GPGSV,10,,32
2026-06-01T18:08:10.309155,$GPGSV,12,,14
2026-06-01T18:08:10.309155,$GPGSV,18,,38
2026-06-01T18:08:10.309155,$GPGSV,23,,37
2026-06-01T18:08:10.310782,$GPGSV,25,,26
2026-06-01T18:08:10.310782,$GPGSV,28,,30
2026-06-01T18:08:10.310782,$GPGSV,32,,35
2026-06-01T18:08:10.315278,$GLGSV,65,,29
2026-06-01T18:08:10.315278,$GLGSV,66,,30
2026-06-01T18:08:10.315278,$GLGSV,75,,26
2026-06-01T18:08:10.315278,$GLGSV,76,,35
2026-06-01T18:08:10.316263,$GLGSV,87,,38
2026-06-01T18:08:10.316263,$GLGSV,88,,40
2026-06-01T18:08:10.317464,$GLGSV,66,,32
2026-06-01T18:08:10.317464,$GLGSV,72,,12
2026-06-01T18:08:10.317464,$GLGSV,75,,37
2026-06-01T18:08:10.317464,$GLGSV,76,,37
2026-06-01T18:08:10.319169,$GLGSV,86,,14
2026-06-01T18:08:10.319169,$GLGSV,88,,39
2026-06-01T18:08:10.321346,$GAGSV,03,,38
2026-06-01T18:08:10.321346,$GAGSV,08,,36
2026-06-01T18:08:10.321346,$GAGSV,15,,38
2026-06-01T18:08:10.321346,$GAGSV,32,,35
2026-06-01T18:08:10.322342,$GAGSV,34,,37
2026-06-01T18:08:10.322342,$GAGSV,36,,13
2026-06-01T18:08:10.323846,$GAGSV,03,,39
2026-06-01T18:08:10.323846,$GAGSV,08,,39
2026-06-01T18:08:10.323846,$GAGSV,15,,39
2026-06-01T18:08:10.323846,$GAGSV,32,,36
2026-06-01T18:08:10.325178,$GAGSV,34,,38
2026-06-01T18:08:10.332002,$GBGSV,06,,40
2026-06-01T18:08:10.332002,$GBGSV,07,,41
2026-06-01T18:08:10.332002,$GBGSV,09,,39
2026-06-01T18:08:10.332002,$GBGSV,10,,42
2026-06-01T18:08:10.333858,$GBGSV,13,,40
2026-06-01T18:08:10.333858,$GBGSV,25,,42
2026-06-01T18:08:10.333858,$GBGSV,28,,38
2026-06-01T18:08:10.333858,$GBGSV,33,,29
2026-06-01T18:08:10.334541,$GBGSV,09,,34
2026-06-01T18:08:10.334541,$GBGSV,10,,38
2026-06-01T18:08:11.297723,$GPGSV,10,,38
2026-06-01T18:08:11.297723,$GPGSV,12,,14
2026-06-01T18:08:11.297723,$GPGSV,18,,39
2026-06-01T18:08:11.297723,$GPGSV,23,,38
2026-06-01T18:08:11.299391,$GPGSV,25,,30
2026-06-01T18:08:11.299391,$GPGSV,28,,35
2026-06-01T18:08:11.299391,$GPGSV,32,,40
2026-06-01T18:08:11.299391,$GPGSV,41,,39
2026-06-01T18:08:11.301112,$GPGSV,42,,30
2026-06-01T18:08:11.301112,$GPGSV,50,,38
2026-06-01T18:08:11.302718,$GPGSV,10,,31
2026-06-01T18:08:11.302718,$GPGSV,12,,13
2026-06-01T18:08:11.302718,$GPGSV,18,,36
2026-06-01T18:08:11.302718,$GPGSV,23,,37
2026-06-01T18:08:11.303934,$GPGSV,25,,25
2026-06-01T18:08:11.303934,$GPGSV,28,,30
2026-06-01T18:08:11.303934,$GPGSV,32,,34
2026-06-01T18:08:11.307885,$GLGSV,65,,29
2026-06-01T18:08:11.307885,$GLGSV,66,,20
2026-06-01T18:08:11.307885,$GLGSV,75,,26
2026-06-01T18:08:11.307885,$GLGSV,76,,35
2026-06-01T18:08:11.309036,$GLGSV,87,,35
2026-06-01T18:08:11.309036,$GLGSV,88,,39
2026-06-01T18:08:11.310286,$GLGSV,66,,32
2026-06-01T18:08:11.310286,$GLGSV,72,,09
2026-06-01T18:08:11.310286,$GLGSV,75,,32
2026-06-01T18:08:11.310286,$GLGSV,76,,37
2026-06-01T18:08:11.311446,$GLGSV,86,,14
2026-06-01T18:08:11.311446,$GLGSV,88,,41
2026-06-01T18:08:11.314706,$GAGSV,03,,37
2026-06-01T18:08:11.314706,$GAGSV,08,,38
2026-06-01T18:08:11.314706,$GAGSV,15,,38
2026-06-01T18:08:11.314706,$GAGSV,32,,36
2026-06-01T18:08:11.315448,$GAGSV,34,,40
2026-06-01T18:08:11.315448,$GAGSV,36,,15
2026-06-01T18:08:11.316342,$GAGSV,03,,37
2026-06-01T18:08:11.316342,$GAGSV,08,,39
2026-06-01T18:08:11.316342,$GAGSV,15,,39
2026-06-01T18:08:11.316342,$GAGSV,32,,37
2026-06-01T18:08:11.317020,$GAGSV,34,,38
2026-06-01T18:08:11.322408,$GBGSV,06,,40
2026-06-01T18:08:11.322408,$GBGSV,07,,43
2026-06-01T18:08:11.322408,$GBGSV,09,,39
2026-06-01T18:08:11.322408,$GBGSV,10,,41
2026-06-01T18:08:11.323206,$GBGSV,13,,35
2026-06-01T18:08:11.323206,$GBGSV,25,,41
2026-06-01T18:08:11.323206,$GBGSV,28,,41
2026-06-01T18:08:11.323206,$GBGSV,33,,28
2026-06-01T18:08:11.323762,$GBGSV,09,,36
2026-06-01T18:08:11.323762,$GBGSV,10,,38
2026-06-01T18:08:12.301633,$GPGSV,10,,36
2026-06-01T18:08:12.301633,$GPGSV,18,,41
2026-06-01T18:08:12.301633,$GPGSV,23,,40
2026-06-01T18:08:12.301633,$GPGSV,25,,26
2026-06-01T18:08:12.303036,$GPGSV,28,,38
2026-06-01T18:08:12.303036,$GPGSV,32,,39
2026-06-01T18:08:12.303036,$GPGSV,41,,37
2026-06-01T18:08:12.303036,$GPGSV,42,,39
2026-06-01T18:08:12.303915,$GPGSV,50,,38
2026-06-01T18:08:12.305279,$GPGSV,10,,32
2026-06-01T18:08:12.305279,$GPGSV,12,,09
2026-06-01T18:08:12.305279,$GPGSV,18,,35
2026-06-01T18:08:12.305279,$GPGSV,23,,37
2026-06-01T18:08:12.306328,$GPGSV,25,,24
2026-06-01T18:08:12.306328,$GPGSV,28,,32
2026-06-01T18:08:12.306328,$GPGSV,32,,34
2026-06-01T18:08:12.309910,$GLGSV,65,,30
2026-06-01T18:08:12.309910,$GLGSV,66,,28
2026-06-01T18:08:12.309910,$GLGSV,75,,23
2026-06-01T18:08:12.309910,$GLGSV,76,,35
2026-06-01T18:08:12.310701,$GLGSV,87,,34
2026-06-01T18:08:12.310701,$GLGSV,88,,38
2026-06-01T18:08:12.311679,$GLGSV,66,,26
2026-06-01T18:08:12.311679,$GLGSV,72,,09
2026-06-01T18:08:12.311679,$GLGSV,75,,32
2026-06-01T18:08:12.311679,$GLGSV,76,,38
2026-06-01T18:08:12.312366,$GLGSV,86,,16
2026-06-01T18:08:12.312366,$GLGSV,88,,40
2026-06-01T18:08:12.314037,$GAGSV,03,,37
2026-06-01T18:08:12.314037,$GAGSV,08,,38
2026-06-01T18:08:12.314037,$GAGSV,15,,38
2026-06-01T18:08:12.314037,$GAGSV,32,,36
2026-06-01T18:08:12.314754,$GAGSV,34,,40
2026-06-01T18:08:12.314754,$GAGSV,36,,14
2026-06-01T18:08:12.317404,$GAGSV,03,,38
2026-06-01T18:08:12.317404,$GAGSV,08,,38
2026-06-01T18:08:12.317404,$GAGSV,15,,39
2026-06-01T18:08:12.317404,$GAGSV,32,,36
2026-06-01T18:08:12.319212,$GAGSV,34,,39
2026-06-01T18:08:12.322778,$GBGSV,06,,38
2026-06-01T18:08:12.322778,$GBGSV,07,,43
2026-06-01T18:08:12.322778,$GBGSV,09,,39
2026-06-01T18:08:12.322778,$GBGSV,10,,41
2026-06-01T18:08:12.323612,$GBGSV,13,,35
2026-06-01T18:08:12.323612,$GBGSV,25,,41
2026-06-01T18:08:12.323612,$GBGSV,28,,41
2026-06-01T18:08:12.323612,$GBGSV,33,,25
2026-06-01T18:08:12.324176,$GBGSV,09,,36
2026-06-01T18:08:12.324176,$GBGSV,10,,38
2026-06-01T18:08:13.304482,$GPGSV,10,,37
2026-06-01T18:08:13.304482,$GPGSV,18,,40
2026-06-01T18:08:13.304482,$GPGSV,23,,39
2026-06-01T18:08:13.304482,$GPGSV,25,,30
2026-06-01T18:08:13.308326,$GPGSV,28,,38
2026-06-01T18:08:13.308326,$GPGSV,32,,42
2026-06-01T18:08:13.308326,$GPGSV,41,,40
2026-06-01T18:08:13.308326,$GPGSV,42,,41
2026-06-01T18:08:13.310164,$GPGSV,50,,37
2026-06-01T18:08:13.312755,$GPGSV,10,,33
2026-06-01T18:08:13.312755,$GPGSV,12,,08
2026-06-01T18:08:13.312755,$GPGSV,18,,38
2026-06-01T18:08:13.312755,$GPGSV,23,,37
2026-06-01T18:08:13.314793,$GPGSV,25,,24
2026-06-01T18:08:13.314793,$GPGSV,28,,37
2026-06-01T18:08:13.314793,$GPGSV,32,,34
2026-06-01T18:08:13.320878,$GLGSV,65,,31
2026-06-01T18:08:13.320878,$GLGSV,66,,23
2026-06-01T18:08:13.320878,$GLGSV,75,,25
2026-06-01T18:08:13.320878,$GLGSV,76,,33
2026-06-01T18:08:13.321677,$GLGSV,87,,34
2026-06-01T18:08:13.321677,$GLGSV,88,,37
2026-06-01T18:08:13.323138,$GLGSV,66,,27
2026-06-01T18:08:13.323138,$GLGSV,72,,11
2026-06-01T18:08:13.323138,$GLGSV,75,,33
2026-06-01T18:08:13.323138,$GLGSV,76,,38
2026-06-01T18:08:13.324167,$GLGSV,86,,18
2026-06-01T18:08:13.324167,$GLGSV,88,,40
2026-06-01T18:08:13.325488,$GAGSV,03,,37
2026-06-01T18:08:13.325488,$GAGSV,08,,36
2026-06-01T18:08:13.325488,$GAGSV,15,,37
2026-06-01T18:08:13.325488,$GAGSV,32,,36
2026-06-01T18:08:13.326306,$GAGSV,34,,41
2026-06-01T18:08:13.326306,$GAGSV,36,,13
2026-06-01T18:08:13.327499,$GAGSV,03,,39
2026-06-01T18:08:13.327499,$GAGSV,08,,37
2026-06-01T18:08:13.327499,$GAGSV,15,,39
2026-06-01T18:08:13.327499,$GAGSV,32,,36
2026-06-01T18:08:13.328471,$GAGSV,34,,39
2026-06-01T18:08:13.331007,$GBGSV,06,,35
2026-06-01T18:08:13.331007,$GBGSV,07,,43
2026-06-01T18:08:13.331007,$GBGSV,09,,37
2026-06-01T18:08:13.331007,$GBGSV,10,,41
2026-06-01T18:08:13.331721,$GBGSV,13,,35
2026-06-01T18:08:13.331721,$GBGSV,25,,41
2026-06-01T18:08:13.331721,$GBGSV,28,,42
2026-06-01T18:08:13.331721,$GBGSV,33,,23
2026-06-01T18:08:13.332217,$GBGSV,09,,36
2026-06-01T18:08:13.332217,$GBGSV,10,,38
2026-06-01T18:08:14.298041,$GPGSV,10,,37
2026-06-01T18:08:14.298041,$GPGSV,18,,38
2026-06-01T18:08:14.298041,$GPGSV,23,,37
2026-06-01T18:08:14.298041,$GPGSV,25,,27
2026-06-01T18:08:14.299271,$GPGSV,28,,38
2026-06-01T18:08:14.299271,$GPGSV,32,,39
2026-06-01T18:08:14.299271,$GPGSV,41,,40
2026-06-01T18:08:14.299271,$GPGSV,42,,42
2026-06-01T18:08:14.300767,$GPGSV,50,,37
2026-06-01T18:08:14.302247,$GPGSV,10,,33
2026-06-01T18:08:14.302247,$GPGSV,18,,39
2026-06-01T18:08:14.302247,$GPGSV,23,,35
2026-06-01T18:08:14.302247,$GPGSV,25,,23
2026-06-01T18:08:14.303117,$GPGSV,28,,35
2026-06-01T18:08:14.303117,$GPGSV,32,,34
2026-06-01T18:08:14.307150,$GLGSV,65,,31
2026-06-01T18:08:14.307150,$GLGSV,66,,30
2026-06-01T18:08:14.307150,$GLGSV,75,,25
2026-06-01T18:08:14.307150,$GLGSV,76,,36
2026-06-01T18:08:14.307962,$GLGSV,87,,33
2026-06-01T18:08:14.307962,$GLGSV,88,,39
2026-06-01T18:08:14.309193,$GLGSV,66,,27
2026-06-01T18:08:14.309193,$GLGSV,72,,12
2026-06-01T18:08:14.309193,$GLGSV,75,,32
2026-06-01T18:08:14.309193,$GLGSV,76,,36
2026-06-01T18:08:14.310039,$GLGSV,86,,18
2026-06-01T18:08:14.310039,$GLGSV,88,,41
2026-06-01T18:08:14.311507,$GAGSV,03,,37
2026-06-01T18:08:14.311507,$GAGSV,08,,36
2026-06-01T18:08:14.311507,$GAGSV,15,,38
2026-06-01T18:08:14.311507,$GAGSV,32,,36
2026-06-01T18:08:14.312379,$GAGSV,34,,40
2026-06-01T18:08:14.312379,$GAGSV,36,,10
2026-06-01T18:08:14.313855,$GAGSV,03,,39
2026-06-01T18:08:14.313855,$GAGSV,08,,35
2026-06-01T18:08:14.313855,$GAGSV,15,,39
2026-06-01T18:08:14.313855,$GAGSV,32,,37
2026-06-01T18:08:14.314476,$GAGSV,34,,41
2026-06-01T18:08:14.318124,$GBGSV,06,,32
2026-06-01T18:08:14.318124,$GBGSV,07,,43
2026-06-01T18:08:14.318124,$GBGSV,09,,39
2026-06-01T18:08:14.318124,$GBGSV,10,,42
2026-06-01T18:08:14.320266,$GBGSV,13,,37
2026-06-01T18:08:14.320266,$GBGSV,25,,39
2026-06-01T18:08:14.320266,$GBGSV,28,,38
2026-06-01T18:08:14.320266,$GBGSV,33,,22
2026-06-01T18:08:14.321325,$GBGSV,09,,36
2026-06-01T18:08:14.321325,$GBGSV,10,,39
2026-06-01T18:08:15.299127,$GPGSV,10,,39
2026-06-01T18:08:15.299127,$GPGSV,18,,40
2026-06-01T18:08:15.299127,$GPGSV,23,,31
2026-06-01T18:08:15.299127,$GPGSV,25,,25
2026-06-01T18:08:15.300616,$GPGSV,28,,38
2026-06-01T18:08:15.300616,$GPGSV,32,,38
2026-06-01T18:08:15.300616,$GPGSV,41,,41
2026-06-01T18:08:15.300616,$GPGSV,42,,42
2026-06-01T18:08:15.301536,$GPGSV,50,,37
2026-06-01T18:08:15.303709,$GPGSV,10,,33
2026-06-01T18:08:15.303709,$GPGSV,18,,38
2026-06-01T18:08:15.303709,$GPGSV,23,,32
2026-06-01T18:08:15.303709,$GPGSV,25,,23
2026-06-01T18:08:15.304610,$GPGSV,28,,35
2026-06-01T18:08:15.304610,$GPGSV,32,,33
2026-06-01T18:08:15.308167,$GLGSV,65,,30
2026-06-01T18:08:15.308167,$GLGSV,66,,29
2026-06-01T18:08:15.308167,$GLGSV,75,,36
2026-06-01T18:08:15.308167,$GLGSV,76,,36
2026-06-01T18:08:15.308792,$GLGSV,87,,28
2026-06-01T18:08:15.308792,$GLGSV,88,,35
2026-06-01T18:08:15.309948,$GLGSV,66,,29
2026-06-01T18:08:15.309948,$GLGSV,72,,11
2026-06-01T18:08:15.309948,$GLGSV,75,,38
2026-06-01T18:08:15.309948,$GLGSV,76,,38
2026-06-01T18:08:15.310560,$GLGSV,86,,17
2026-06-01T18:08:15.310560,$GLGSV,88,,39
2026-06-01T18:08:15.311927,$GAGSV,03,,39
2026-06-01T18:08:15.311927,$GAGSV,08,,37
2026-06-01T18:08:15.311927,$GAGSV,15,,39
2026-06-01T18:08:15.311927,$GAGSV,32,,37
2026-06-01T18:08:15.312557,$GAGSV,34,,38
2026-06-01T18:08:15.312557,$GAGSV,36,,09
2026-06-01T18:08:15.313483,$GAGSV,03,,39
2026-06-01T18:08:15.313483,$GAGSV,08,,34
2026-06-01T18:08:15.313483,$GAGSV,15,,40
2026-06-01T18:08:15.313483,$GAGSV,32,,39
2026-06-01T18:08:15.313967,$GAGSV,34,,41
2026-06-01T18:08:15.318368,$GBGSV,06,,26
2026-06-01T18:08:15.318368,$GBGSV,07,,42
2026-06-01T18:08:15.318368,$GBGSV,09,,40
2026-06-01T18:08:15.318368,$GBGSV,10,,42
2026-06-01T18:08:15.320711,$GBGSV,13,,37
2026-06-01T18:08:15.320711,$GBGSV,25,,43
2026-06-01T18:08:15.320711,$GBGSV,28,,40
2026-06-01T18:08:15.320711,$GBGSV,33,,22
2026-06-01T18:08:15.321971,$GBGSV,09,,36
2026-06-01T18:08:15.321971,$GBGSV,10,,38
2026-06-01T18:08:16.305513,$GPGSV,10,,40
2026-06-01T18:08:16.305513,$GPGSV,18,,40
2026-06-01T18:08:16.305513,$GPGSV,23,,37
2026-06-01T18:08:16.305513,$GPGSV,25,,26
2026-06-01T18:08:16.306971,$GPGSV,28,,38
2026-06-01T18:08:16.306971,$GPGSV,32,,36
2026-06-01T18:08:16.306971,$GPGSV,41,,42
2026-06-01T18:08:16.306971,$GPGSV,42,,41
2026-06-01T18:08:16.307781,$GPGSV,50,,35
2026-06-01T18:08:16.309449,$GPGSV,10,,32
2026-06-01T18:08:16.309449,$GPGSV,18,,40
2026-06-01T18:08:16.309449,$GPGSV,23,,32
2026-06-01T18:08:16.309449,$GPGSV,25,,21
2026-06-01T18:08:16.310456,$GPGSV,28,,31
2026-06-01T18:08:16.310456,$GPGSV,32,,27
2026-06-01T18:08:16.313673,$GLGSV,65,,30
2026-06-01T18:08:16.313673,$GLGSV,66,,21
2026-06-01T18:08:16.313673,$GLGSV,75,,35
2026-06-01T18:08:16.313673,$GLGSV,76,,37
2026-06-01T18:08:16.314541,$GLGSV,87,,32
2026-06-01T18:08:16.314541,$GLGSV,88,,37
2026-06-01T18:08:16.317343,$GLGSV,66,,22
2026-06-01T18:08:16.317343,$GLGSV,72,,09
2026-06-01T18:08:16.317343,$GLGSV,75,,38
2026-06-01T18:08:16.317343,$GLGSV,76,,40
2026-06-01T18:08:16.321241,$GLGSV,86,,16
2026-06-01T18:08:16.321241,$GLGSV,88,,40
2026-06-01T18:08:16.323277,$GAGSV,03,,39
2026-06-01T18:08:16.323277,$GAGSV,08,,37
2026-06-01T18:08:16.323277,$GAGSV,15,,40
2026-06-01T18:08:16.323277,$GAGSV,32,,37
2026-06-01T18:08:16.323841,$GAGSV,34,,38
2026-06-01T18:08:16.323841,$GAGSV,36,,09
2026-06-01T18:08:16.324637,$GAGSV,03,,39
2026-06-01T18:08:16.324637,$GAGSV,08,,36
2026-06-01T18:08:16.324637,$GAGSV,15,,41
2026-06-01T18:08:16.324637,$GAGSV,32,,36
2026-06-01T18:08:16.325131,$GAGSV,34,,40
2026-06-01T18:08:16.328379,$GBGSV,06,,25
2026-06-01T18:08:16.328379,$GBGSV,07,,43
2026-06-01T18:08:16.328379,$GBGSV,09,,41
2026-06-01T18:08:16.328379,$GBGSV,10,,41
2026-06-01T18:08:16.330054,$GBGSV,13,,37
2026-06-01T18:08:16.330054,$GBGSV,25,,43
2026-06-01T18:08:16.330054,$GBGSV,28,,41
2026-06-01T18:08:16.330054,$GBGSV,33,,22
2026-06-01T18:08:16.330946,$GBGSV,09,,35
2026-06-01T18:08:16.330946,$GBGSV,10,,38
2026-06-01T18:08:17.299435,$GPGSV,10,,36
2026-06-01T18:08:17.299435,$GPGSV,18,,39
2026-06-01T18:08:17.299435,$GPGSV,23,,34
2026-06-01T18:08:17.299435,$GPGSV,25,,25
2026-06-01T18:08:17.300849,$GPGSV,28,,37
2026-06-01T18:08:17.300849,$GPGSV,32,,38
2026-06-01T18:08:17.300849,$GPGSV,41,,42
2026-06-01T18:08:17.300849,$GPGSV,42,,41
2026-06-01T18:08:17.301905,$GPGSV,50,,38
2026-06-01T18:08:17.303206,$GPGSV,10,,28
2026-06-01T18:08:17.303206,$GPGSV,18,,39
2026-06-01T18:08:17.303206,$GPGSV,23,,37
2026-06-01T18:08:17.303206,$GPGSV,25,,20
2026-06-01T18:08:17.303957,$GPGSV,28,,31
2026-06-01T18:08:17.303957,$GPGSV,32,,32
2026-06-01T18:08:17.307186,$GLGSV,65,,34
2026-06-01T18:08:17.307186,$GLGSV,66,,22
2026-06-01T18:08:17.307186,$GLGSV,75,,37
2026-06-01T18:08:17.307186,$GLGSV,76,,34
2026-06-01T18:08:17.308097,$GLGSV,86,,08
2026-06-01T18:08:17.308097,$GLGSV,87,,32
2026-06-01T18:08:17.308097,$GLGSV,88,,38
2026-06-01T18:08:17.309051,$GLGSV,66,,22
2026-06-01T18:08:17.309051,$GLGSV,72,,12
2026-06-01T18:08:17.309051,$GLGSV,75,,40
2026-06-01T18:08:17.309051,$GLGSV,76,,36
2026-06-01T18:08:17.309659,$GLGSV,86,,15
2026-06-01T18:08:17.309659,$GLGSV,88,,39
2026-06-01T18:08:17.310707,$GAGSV,03,,39
2026-06-01T18:08:17.310707,$GAGSV,08,,37
2026-06-01T18:08:17.310707,$GAGSV,15,,40
2026-06-01T18:08:17.310707,$GAGSV,32,,39
2026-06-01T18:08:17.311207,$GAGSV,34,,40
2026-06-01T18:08:17.311207,$GAGSV,36,,11
2026-06-01T18:08:17.311935,$GAGSV,03,,39
2026-06-01T18:08:17.311935,$GAGSV,08,,37
2026-06-01T18:08:17.311935,$GAGSV,15,,41
2026-06-01T18:08:17.311935,$GAGSV,32,,36
2026-06-01T18:08:17.312322,$GAGSV,34,,42
2026-06-01T18:08:17.314453,$GBGSV,06,,25
2026-06-01T18:08:17.314453,$GBGSV,07,,44
2026-06-01T18:08:17.314453,$GBGSV,09,,39
2026-06-01T18:08:17.314453,$GBGSV,10,,43
2026-06-01T18:08:17.316685,$GBGSV,13,,41
2026-06-01T18:08:17.316685,$GBGSV,25,,44
2026-06-01T18:08:17.316685,$GBGSV,28,,43
2026-06-01T18:08:17.316685,$GBGSV,33,,22
2026-06-01T18:08:17.318613,$GBGSV,09,,34
2026-06-01T18:08:17.318613,$GBGSV,10,,38
2026-06-01T18:08:18.302915,$GPGSV,10,,38
2026-06-01T18:08:18.302915,$GPGSV,18,,41
2026-06-01T18:08:18.302915,$GPGSV,23,,37
2026-06-01T18:08:18.302915,$GPGSV,25,,25
2026-06-01T18:08:18.305419,$GPGSV,28,,36
2026-06-01T18:08:18.305419,$GPGSV,32,,38
2026-06-01T18:08:18.305419,$GPGSV,41,,42
2026-06-01T18:08:18.305419,$GPGSV,42,,41
2026-06-01T18:08:18.307203,$GPGSV,50,,37
2026-06-01T18:08:18.309463,$GPGSV,10,,29
2026-06-01T18:08:18.309463,$GPGSV,18,,39
2026-06-01T18:08:18.309463,$GPGSV,23,,34
2026-06-01T18:08:18.309463,$GPGSV,25,,18
2026-06-01T18:08:18.311111,$GPGSV,28,,32
2026-06-01T18:08:18.311111,$GPGSV,32,,32
2026-06-01T18:08:18.316180,$GLGSV,65,,35
2026-06-01T18:08:18.316180,$GLGSV,66,,22
2026-06-01T18:08:18.316180,$GLGSV,75,,36
2026-06-01T18:08:18.316180,$GLGSV,76,,37
2026-06-01T18:08:18.318694,$GLGSV,86,,12
2026-06-01T18:08:18.318694,$GLGSV,87,,29
2026-06-01T18:08:18.318694,$GLGSV,88,,38
2026-06-01T18:08:18.320456,$GLGSV,66,,23
2026-06-01T18:08:18.320456,$GLGSV,72,,11
2026-06-01T18:08:18.320456,$GLGSV,75,,42
2026-06-01T18:08:18.320456,$GLGSV,76,,36
2026-06-01T18:08:18.321744,$GLGSV,86,,14
2026-06-01T18:08:18.321744,$GLGSV,88,,38
2026-06-01T18:08:18.323977,$GAGSV,03,,39
2026-06-01T18:08:18.323977,$GAGSV,08,,37
2026-06-01T18:08:18.323977,$GAGSV,15,,40
2026-06-01T18:08:18.323977,$GAGSV,32,,37
2026-06-01T18:08:18.324958,$GAGSV,34,,39
2026-06-01T18:08:18.324958,$GAGSV,36,,11
2026-06-01T18:08:18.326587,$GAGSV,03,,40
2026-06-01T18:08:18.326587,$GAGSV,08,,37
2026-06-01T18:08:18.326587,$GAGSV,15,,40
2026-06-01T18:08:18.326587,$GAGSV,32,,37
2026-06-01T18:08:18.327615,$GAGSV,34,,41
2026-06-01T18:08:18.332510,$GBGSV,06,,25
2026-06-01T18:08:18.332510,$GBGSV,07,,41
2026-06-01T18:08:18.332510,$GBGSV,09,,40
2026-06-01T18:08:18.332510,$GBGSV,10,,40
2026-06-01T18:08:18.334070,$GBGSV,13,,40
2026-06-01T18:08:18.334070,$GBGSV,25,,41
2026-06-01T18:08:18.334070,$GBGSV,28,,42
2026-06-01T18:08:18.334070,$GBGSV,33,,24
2026-06-01T18:08:18.334788,$GBGSV,09,,37
2026-06-01T18:08:18.334788,$GBGSV,10,,37
2026-06-01T18:08:19.300918,$GPGSV,10,,40
2026-06-01T18:08:19.300918,$GPGSV,18,,39
2026-06-01T18:08:19.300918,$GPGSV,23,,32
2026-06-01T18:08:19.300918,$GPGSV,25,,24
2026-06-01T18:08:19.303702,$GPGSV,28,,33
2026-06-01T18:08:19.303702,$GPGSV,32,,32
2026-06-01T18:08:19.303702,$GPGSV,41,,41
2026-06-01T18:08:19.303702,$GPGSV,42,,41
2026-06-01T18:08:19.305617,$GPGSV,50,,36
2026-06-01T18:08:19.308319,$GPGSV,10,,32
2026-06-01T18:08:19.308319,$GPGSV,18,,38
2026-06-01T18:08:19.308319,$GPGSV,23,,32
2026-06-01T18:08:19.308319,$GPGSV,25,,19
2026-06-01T18:08:19.309959,$GPGSV,28,,33
2026-06-01T18:08:19.309959,$GPGSV,32,,30
2026-06-01T18:08:19.314998,$GLGSV,65,,32
2026-06-01T18:08:19.314998,$GLGSV,66,,23
2026-06-01T18:08:19.314998,$GLGSV,75,,34
2026-06-01T18:08:19.314998,$GLGSV,76,,37
2026-06-01T18:08:19.316245,$GLGSV,86,,17
2026-06-01T18:08:19.316245,$GLGSV,87,,34
2026-06-01T18:08:19.316245,$GLGSV,88,,38
2026-06-01T18:08:19.317842,$GLGSV,66,,24
2026-06-01T18:08:19.317842,$GLGSV,72,,12
2026-06-01T18:08:19.317842,$GLGSV,75,,29
2026-06-01T18:08:19.317842,$GLGSV,76,,37
2026-06-01T18:08:19.318982,$GLGSV,86,,14
2026-06-01T18:08:19.318982,$GLGSV,88,,36
2026-06-01T18:08:19.320612,$GAGSV,03,,39
2026-06-01T18:08:19.320612,$GAGSV,08,,37
2026-06-01T18:08:19.320612,$GAGSV,15,,40
2026-06-01T18:08:19.320612,$GAGSV,32,,38
2026-06-01T18:08:19.321514,$GAGSV,34,,40
2026-06-01T18:08:19.321514,$GAGSV,36,,09
2026-06-01T18:08:19.322881,$GAGSV,03,,38
2026-06-01T18:08:19.322881,$GAGSV,08,,37
2026-06-01T18:08:19.322881,$GAGSV,15,,40
2026-06-01T18:08:19.322881,$GAGSV,32,,39
2026-06-01T18:08:19.323736,$GAGSV,34,,41
2026-06-01T18:08:19.326454,$GBGSV,06,,32
2026-06-01T18:08:19.326454,$GBGSV,07,,44
2026-06-01T18:08:19.326454,$GBGSV,09,,38
2026-06-01T18:08:19.326454,$GBGSV,10,,42
2026-06-01T18:08:19.327329,$GBGSV,13,,39
2026-06-01T18:08:19.327329,$GBGSV,25,,42
2026-06-01T18:08:19.327329,$GBGSV,28,,40
2026-06-01T18:08:19.327329,$GBGSV,33,,23
2026-06-01T18:08:19.328004,$GBGSV,09,,36
2026-06-01T18:08:19.328004,$GBGSV,10,,39
2026-06-01T18:08:20.297466,$GPGSV,10,,35
2026-06-01T18:08:20.297466,$GPGSV,18,,40
2026-06-01T18:08:20.297466,$GPGSV,23,,35
2026-06-01T18:08:20.297466,$GPGSV,25,,23
2026-06-01T18:08:20.301308,$GPGSV,28,,35
2026-06-01T18:08:20.301308,$GPGSV,32,,35
2026-06-01T18:08:20.301308,$GPGSV,41,,41
2026-06-01T18:08:20.301308,$GPGSV,42,,41
2026-06-01T18:08:20.303272,$GPGSV,50,,36
2026-06-01T18:08:20.304815,$GPGSV,10,,31
2026-06-01T18:08:20.304815,$GPGSV,18,,39
2026-06-01T18:08:20.304815,$GPGSV,23,,33
2026-06-01T18:08:20.304815,$GPGSV,25,,21
2026-06-01T18:08:20.305661,$GPGSV,28,,34
2026-06-01T18:08:20.305661,$GPGSV,32,,31
2026-06-01T18:08:20.309048,$GLGSV,65,,33
2026-06-01T18:08:20.309048,$GLGSV,66,,24
2026-06-01T18:08:20.309048,$GLGSV,75,,30
2026-06-01T18:08:20.309048,$GLGSV,76,,35
2026-06-01T18:08:20.310282,$GLGSV,86,,18
2026-06-01T18:08:20.310282,$GLGSV,87,,35
2026-06-01T18:08:20.310282,$GLGSV,88,,35
2026-06-01T18:08:20.311286,$GLGSV,66,,30
2026-06-01T18:08:20.311286,$GLGSV,72,,12
2026-06-01T18:08:20.311286,$GLGSV,75,,37
2026-06-01T18:08:20.311286,$GLGSV,76,,37
2026-06-01T18:08:20.311904,$GLGSV,86,,15
2026-06-01T18:08:20.311904,$GLGSV,88,,38
2026-06-01T18:08:20.313277,$GAGSV,03,,38
2026-06-01T18:08:20.313277,$GAGSV,08,,37
2026-06-01T18:08:20.313277,$GAGSV,15,,40
2026-06-01T18:08:20.313277,$GAGSV,32,,39
2026-06-01T18:08:20.313726,$GAGSV,34,,39
2026-06-01T18:08:20.314572,$GAGSV,03,,38
2026-06-01T18:08:20.314572,$GAGSV,08,,35
2026-06-01T18:08:20.314572,$GAGSV,15,,40
2026-06-01T18:08:20.314572,$GAGSV,32,,38
2026-06-01T18:08:20.315132,$GAGSV,34,,41
2026-06-01T18:08:20.320003,$GBGSV,06,,25
2026-06-01T18:08:20.320003,$GBGSV,07,,42
2026-06-01T18:08:20.320003,$GBGSV,09,,38
2026-06-01T18:08:20.320003,$GBGSV,10,,42
2026-06-01T18:08:20.321031,$GBGSV,13,,38
2026-06-01T18:08:20.321031,$GBGSV,25,,44
2026-06-01T18:08:20.321031,$GBGSV,28,,37
2026-06-01T18:08:20.321031,$GBGSV,33,,21
2026-06-01T18:08:20.321631,$GBGSV,09,,35
2026-06-01T18:08:20.321631,$GBGSV,10,,39
2026-06-01T18:08:21.303042,$GPGSV,10,,34
2026-06-01T18:08:21.303042,$GPGSV,18,,40
2026-06-01T18:08:21.303042,$GPGSV,23,,36
2026-06-01T18:08:21.303042,$GPGSV,25,,30
2026-06-01T18:08:21.305334,$GPGSV,28,,37
2026-06-01T18:08:21.305334,$GPGSV,32,,38
2026-06-01T18:08:21.305334,$GPGSV,41,,39
2026-06-01T18:08:21.305334,$GPGSV,42,,40
2026-06-01T18:08:21.306407,$GPGSV,50,,38
2026-06-01T18:08:21.307923,$GPGSV,10,,31
2026-06-01T18:08:21.307923,$GPGSV,18,,40
2026-06-01T18:08:21.307923,$GPGSV,23,,34
2026-06-01T18:08:21.307923,$GPGSV,25,,22
2026-06-01T18:08:21.309031,$GPGSV,28,,34
2026-06-01T18:08:21.309031,$GPGSV,32,,32
2026-06-01T18:08:21.313284,$GLGSV,65,,30
2026-06-01T18:08:21.313284,$GLGSV,66,,25
2026-06-01T18:08:21.313284,$GLGSV,75,,31
2026-06-01T18:08:21.313284,$GLGSV,76,,35
2026-06-01T18:08:21.314233,$GLGSV,86,,19
2026-06-01T18:08:21.314233,$GLGSV,87,,36
2026-06-01T18:08:21.314233,$GLGSV,88,,35
2026-06-01T18:08:21.315158,$GLGSV,66,,23
2026-06-01T18:08:21.315158,$GLGSV,72,,13
2026-06-01T18:08:21.315158,$GLGSV,75,,38
2026-06-01T18:08:21.315158,$GLGSV,76,,37
2026-06-01T18:08:21.316237,$GLGSV,86,,14
2026-06-01T18:08:21.316237,$GLGSV,88,,36
2026-06-01T18:08:21.319685,$GAGSV,03,,38
2026-06-01T18:08:21.319685,$GAGSV,08,,35
2026-06-01T18:08:21.319685,$GAGSV,15,,40
2026-06-01T18:08:21.319685,$GAGSV,32,,40
2026-06-01T18:08:21.320314,$GAGSV,34,,39
2026-06-01T18:08:21.321220,$GAGSV,03,,39
2026-06-01T18:08:21.321220,$GAGSV,08,,36
2026-06-01T18:08:21.321220,$GAGSV,15,,41
2026-06-01T18:08:21.321220,$GAGSV,32,,39
2026-06-01T18:08:21.321634,$GAGSV,34,,40
2026-06-01T18:08:21.324428,$GBGSV,06,,25
2026-06-01T18:08:21.324428,$GBGSV,07,,44
2026-06-01T18:08:21.324428,$GBGSV,09,,41
2026-06-01T18:08:21.324428,$GBGSV,10,,41
2026-06-01T18:08:21.326411,$GBGSV,13,,38
2026-06-01T18:08:21.326411,$GBGSV,25,,44
2026-06-01T18:08:21.326411,$GBGSV,28,,33
2026-06-01T18:08:21.326411,$GBGSV,33,,20
2026-06-01T18:08:21.327690,$GBGSV,09,,36
2026-06-01T18:08:21.327690,$GBGSV,10,,37
2026-06-01T18:08:22.295328,$GPGSV,10,,39
2026-06-01T18:08:22.295328,$GPGSV,18,,41
2026-06-01T18:08:22.295328,$GPGSV,23,,38
2026-06-01T18:08:22.295328,$GPGSV,25,,25
2026-06-01T18:08:22.296397,$GPGSV,28,,38
2026-06-01T18:08:22.296397,$GPGSV,32,,34
2026-06-01T18:08:22.296397,$GPGSV,41,,41
2026-06-01T18:08:22.296397,$GPGSV,42,,40
2026-06-01T18:08:22.297188,$GPGSV,50,,37
2026-06-01T18:08:22.298374,$GPGSV,10,,31
2026-06-01T18:08:22.298374,$GPGSV,18,,39
2026-06-01T18:08:22.298374,$GPGSV,23,,33
2026-06-01T18:08:22.298374,$GPGSV,25,,20
2026-06-01T18:08:22.299162,$GPGSV,28,,30
2026-06-01T18:08:22.299162,$GPGSV,32,,26
2026-06-01T18:08:22.302190,$GLGSV,65,,29
2026-06-01T18:08:22.302190,$GLGSV,66,,24
2026-06-01T18:08:22.302190,$GLGSV,75,,34
2026-06-01T18:08:22.302190,$GLGSV,76,,35
2026-06-01T18:08:22.303434,$GLGSV,86,,18
2026-06-01T18:08:22.303434,$GLGSV,87,,36
2026-06-01T18:08:22.303434,$GLGSV,88,,35
2026-06-01T18:08:22.305804,$GLGSV,66,,23
2026-06-01T18:08:22.305804,$GLGSV,72,,14
2026-06-01T18:08:22.305804,$GLGSV,75,,37
2026-06-01T18:08:22.305804,$GLGSV,76,,37
2026-06-01T18:08:22.306897,$GLGSV,86,,13
2026-06-01T18:08:22.306897,$GLGSV,88,,38
2026-06-01T18:08:22.309174,$GAGSV,03,,37
2026-06-01T18:08:22.309174,$GAGSV,08,,37
2026-06-01T18:08:22.309174,$GAGSV,15,,40
2026-06-01T18:08:22.309174,$GAGSV,32,,40
2026-06-01T18:08:22.309840,$GAGSV,34,,40
2026-06-01T18:08:22.311366,$GAGSV,03,,39
2026-06-01T18:08:22.311366,$GAGSV,08,,36
2026-06-01T18:08:22.311366,$GAGSV,15,,41
2026-06-01T18:08:22.311366,$GAGSV,32,,39
2026-06-01T18:08:22.312236,$GAGSV,34,,41
2026-06-01T18:08:22.316368,$GBGSV,06,,31
2026-06-01T18:08:22.316368,$GBGSV,07,,42
2026-06-01T18:08:22.316368,$GBGSV,09,,40
2026-06-01T18:08:22.316368,$GBGSV,10,,43
2026-06-01T18:08:22.319530,$GBGSV,13,,41
2026-06-01T18:08:22.319530,$GBGSV,25,,42
2026-06-01T18:08:22.319530,$GBGSV,28,,35
2026-06-01T18:08:22.319530,$GBGSV,33,,19
2026-06-01T18:08:22.320840,$GBGSV,09,,35
2026-06-01T18:08:22.320840,$GBGSV,10,,38
2026-06-01T18:08:23.297726,$GPGSV,10,,40
2026-06-01T18:08:23.297726,$GPGSV,18,,40
2026-06-01T18:08:23.297726,$GPGSV,23,,39
2026-06-01T18:08:23.297726,$GPGSV,25,,25
2026-06-01T18:08:23.298835,$GPGSV,28,,37
2026-06-01T18:08:23.298835,$GPGSV,32,,34
2026-06-01T18:08:23.298835,$GPGSV,41,,41
2026-06-01T18:08:23.298835,$GPGSV,42,,41
2026-06-01T18:08:23.300560,$GPGSV,50,,37
2026-06-01T18:08:23.302374,$GPGSV,10,,35
2026-06-01T18:08:23.302374,$GPGSV,18,,38
2026-06-01T18:08:23.302374,$GPGSV,23,,36
2026-06-01T18:08:23.302374,$GPGSV,25,,20
2026-06-01T18:08:23.303006,$GPGSV,28,,34
2026-06-01T18:08:23.303006,$GPGSV,32,,26
2026-06-01T18:08:23.306087,$GLGSV,65,,30
2026-06-01T18:08:23.306087,$GLGSV,66,,25
2026-06-01T18:08:23.306087,$GLGSV,75,,33
2026-06-01T18:08:23.306087,$GLGSV,76,,33
2026-06-01T18:08:23.307888,$GLGSV,86,,16
2026-06-01T18:08:23.307888,$GLGSV,87,,39
2026-06-01T18:08:23.307888,$GLGSV,88,,35
2026-06-01T18:08:23.309221,$GLGSV,66,,24
2026-06-01T18:08:23.309221,$GLGSV,72,,13
2026-06-01T18:08:23.309221,$GLGSV,75,,33
2026-06-01T18:08:23.309221,$GLGSV,76,,37
2026-06-01T18:08:23.309924,$GLGSV,88,,39
2026-06-01T18:08:23.311890,$GAGSV,03,,37
2026-06-01T18:08:23.311890,$GAGSV,08,,36
2026-06-01T18:08:23.311890,$GAGSV,15,,40
2026-06-01T18:08:23.311890,$GAGSV,32,,39
2026-06-01T18:08:23.312629,$GAGSV,34,,39
2026-06-01T18:08:23.313417,$GAGSV,03,,37
2026-06-01T18:08:23.313417,$GAGSV,08,,32
2026-06-01T18:08:23.313417,$GAGSV,15,,41
2026-06-01T18:08:23.313417,$GAGSV,32,,39
2026-06-01T18:08:23.313823,$GAGSV,34,,41
2026-06-01T18:08:23.315810,$GBGSV,06,,26
2026-06-01T18:08:23.315810,$GBGSV,07,,42
2026-06-01T18:08:23.315810,$GBGSV,09,,38
2026-06-01T18:08:23.315810,$GBGSV,10,,42
2026-06-01T18:08:23.317829,$GBGSV,13,,41
2026-06-01T18:08:23.317829,$GBGSV,25,,43
2026-06-01T18:08:23.317829,$GBGSV,28,,36
2026-06-01T18:08:23.317829,$GBGSV,33,,20
2026-06-01T18:08:23.320067,$GBGSV,09,,35
2026-06-01T18:08:23.320067,$GBGSV,10,,38
2026-06-01T18:08:24.289464,$GPGSV,10,,38
2026-06-01T18:08:24.289464,$GPGSV,18,,38
2026-06-01T18:08:24.289464,$GPGSV,23,,38
2026-06-01T18:08:24.289464,$GPGSV,25,,24
2026-06-01T18:08:24.291862,$GPGSV,28,,34
2026-06-01T18:08:24.291862,$GPGSV,32,,37
2026-06-01T18:08:24.291862,$GPGSV,41,,42
2026-06-01T18:08:24.291862,$GPGSV,42,,42
2026-06-01T18:08:24.293387,$GPGSV,50,,36
2026-06-01T18:08:24.295571,$GPGSV,10,,35
2026-06-01T18:08:24.295571,$GPGSV,18,,39
2026-06-01T18:08:24.295571,$GPGSV,23,,34
2026-06-01T18:08:24.295571,$GPGSV,25,,21
2026-06-01T18:08:24.296908,$GPGSV,28,,31
2026-06-01T18:08:24.296908,$GPGSV,32,,32
2026-06-01T18:08:24.303030,$GLGSV,65,,26
2026-06-01T18:08:24.303030,$GLGSV,66,,23
2026-06-01T18:08:24.303030,$GLGSV,75,,22
2026-06-01T18:08:24.303030,$GLGSV,76,,36
2026-06-01T18:08:24.305873,$GLGSV,86,,16
2026-06-01T18:08:24.305873,$GLGSV,87,,39
2026-06-01T18:08:24.305873,$GLGSV,88,,35
2026-06-01T18:08:24.307561,$GLGSV,66,,21
2026-06-01T18:08:24.307561,$GLGSV,72,,12
2026-06-01T18:08:24.307561,$GLGSV,75,,29
2026-06-01T18:08:24.307561,$GLGSV,76,,34
2026-06-01T18:08:24.308252,$GLGSV,88,,40
2026-06-01T18:08:24.309666,$GAGSV,03,,38
2026-06-01T18:08:24.309666,$GAGSV,08,,36
2026-06-01T18:08:24.309666,$GAGSV,15,,40
2026-06-01T18:08:24.309666,$GAGSV,32,,38
2026-06-01T18:08:24.310071,$GAGSV,34,,40
2026-06-01T18:08:24.310755,$GAGSV,03,,38
2026-06-01T18:08:24.310755,$GAGSV,08,,35
2026-06-01T18:08:24.310755,$GAGSV,15,,41
2026-06-01T18:08:24.310755,$GAGSV,32,,39
2026-06-01T18:08:24.311514,$GAGSV,34,,40
2026-06-01T18:08:24.314835,$GBGSV,06,,32
2026-06-01T18:08:24.314835,$GBGSV,07,,39
2026-06-01T18:08:24.314835,$GBGSV,09,,39
2026-06-01T18:08:24.314835,$GBGSV,10,,42
2026-06-01T18:08:24.315497,$GBGSV,13,,41
2026-06-01T18:08:24.315497,$GBGSV,25,,42
2026-06-01T18:08:24.315497,$GBGSV,28,,35
2026-06-01T18:08:24.315497,$GBGSV,33,,20
2026-06-01T18:08:24.316199,$GBGSV,09,,34
2026-06-01T18:08:24.316199,$GBGSV,10,,37
2026-06-01T18:08:25.296423,$GPGSV,10,,34
2026-06-01T18:08:25.296423,$GPGSV,18,,40
2026-06-01T18:08:25.296423,$GPGSV,23,,39
2026-06-01T18:08:25.296423,$GPGSV,25,,24
2026-06-01T18:08:25.297868,$GPGSV,28,,37
2026-06-01T18:08:25.297868,$GPGSV,32,,38
2026-06-01T18:08:25.297868,$GPGSV,41,,42
2026-06-01T18:08:25.297868,$GPGSV,42,,40
2026-06-01T18:08:25.298865,$GPGSV,50,,32
2026-06-01T18:08:25.300349,$GPGSV,10,,34
2026-06-01T18:08:25.300349,$GPGSV,18,,38
2026-06-01T18:08:25.300349,$GPGSV,23,,37
2026-06-01T18:08:25.300349,$GPGSV,25,,19
2026-06-01T18:08:25.300990,$GPGSV,28,,35
2026-06-01T18:08:25.300990,$GPGSV,32,,32
2026-06-01T18:08:25.303502,$GLGSV,65,,26
2026-06-01T18:08:25.303502,$GLGSV,66,,23
2026-06-01T18:08:25.303502,$GLGSV,75,,29
2026-06-01T18:08:25.303502,$GLGSV,76,,36
2026-06-01T18:08:25.304426,$GLGSV,86,,17
2026-06-01T18:08:25.304426,$GLGSV,87,,36
2026-06-01T18:08:25.304426,$GLGSV,88,,38
2026-06-01T18:08:25.306054,$GLGSV,66,,22
2026-06-01T18:08:25.306054,$GLGSV,72,,13
2026-06-01T18:08:25.306054,$GLGSV,75,,30
2026-06-01T18:08:25.306054,$GLGSV,76,,36
2026-06-01T18:08:25.307142,$GLGSV,88,,36
2026-06-01T18:08:25.308632,$GAGSV,03,,38
2026-06-01T18:08:25.308632,$GAGSV,08,,36
2026-06-01T18:08:25.308632,$GAGSV,15,,39
2026-06-01T18:08:25.308632,$GAGSV,32,,40
2026-06-01T18:08:25.309092,$GAGSV,34,,40
2026-06-01T18:08:25.309921,$GAGSV,03,,40
2026-06-01T18:08:25.309921,$GAGSV,08,,37
2026-06-01T18:08:25.309921,$GAGSV,15,,40
2026-06-01T18:08:25.309921,$GAGSV,32,,39
2026-06-01T18:08:25.310461,$GAGSV,34,,40
2026-06-01T18:08:25.312797,$GBGSV,06,,37
2026-06-01T18:08:25.312797,$GBGSV,07,,41
2026-06-01T18:08:25.312797,$GBGSV,09,,39
2026-06-01T18:08:25.312797,$GBGSV,10,,43
2026-06-01T18:08:25.314043,$GBGSV,13,,41
2026-06-01T18:08:25.314043,$GBGSV,25,,43
2026-06-01T18:08:25.314043,$GBGSV,28,,40
2026-06-01T18:08:25.314043,$GBGSV,33,,21
2026-06-01T18:08:25.314812,$GBGSV,09,,34
2026-06-01T18:08:25.314812,$GBGSV,10,,38
2026-06-01T18:08:26.303358,$GPGSV,10,,34
2026-06-01T18:08:26.303358,$GPGSV,18,,40
2026-06-01T18:08:26.303358,$GPGSV,23,,38
2026-06-01T18:08:26.303358,$GPGSV,25,,22
2026-06-01T18:08:26.304967,$GPGSV,28,,37
2026-06-01T18:08:26.304967,$GPGSV,32,,37
2026-06-01T18:08:26.304967,$GPGSV,41,,42
2026-06-01T18:08:26.304967,$GPGSV,42,,40
2026-06-01T18:08:26.305903,$GPGSV,50,,32
2026-06-01T18:08:26.307359,$GPGSV,10,,32
2026-06-01T18:08:26.307359,$GPGSV,18,,38
2026-06-01T18:08:26.307359,$GPGSV,23,,34
2026-06-01T18:08:26.307359,$GPGSV,25,,17
2026-06-01T18:08:26.308333,$GPGSV,28,,33
2026-06-01T18:08:26.308333,$GPGSV,32,,34
2026-06-01T18:08:26.312598,$GLGSV,65,,32
2026-06-01T18:08:26.312598,$GLGSV,66,,20
2026-06-01T18:08:26.312598,$GLGSV,75,,29
2026-06-01T18:08:26.312598,$GLGSV,76,,38
2026-06-01T18:08:26.313469,$GLGSV,86,,17
2026-06-01T18:08:26.313469,$GLGSV,87,,37
2026-06-01T18:08:26.313469,$GLGSV,88,,39
2026-06-01T18:08:26.314475,$GLGSV,66,,21
2026-06-01T18:08:26.314475,$GLGSV,72,,13
2026-06-01T18:08:26.314475,$GLGSV,75,,20
2026-06-01T18:08:26.314475,$GLGSV,76,,37
2026-06-01T18:08:26.314978,$GLGSV,88,,40
2026-06-01T18:08:26.316291,$GAGSV,03,,38
2026-06-01T18:08:26.316291,$GAGSV,08,,36
2026-06-01T18:08:26.316291,$GAGSV,15,,39
2026-06-01T18:08:26.316291,$GAGSV,32,,40
2026-06-01T18:08:26.316973,$GAGSV,34,,40
2026-06-01T18:08:26.318113,$GAGSV,03,,38
2026-06-01T18:08:26.318113,$GAGSV,08,,35
2026-06-01T18:08:26.318113,$GAGSV,15,,39
2026-06-01T18:08:26.318113,$GAGSV,32,,40
2026-06-01T18:08:26.318757,$GAGSV,34,,40
2026-06-01T18:08:26.320782,$GBGSV,06,,34
2026-06-01T18:08:26.320782,$GBGSV,07,,42
2026-06-01T18:08:26.320782,$GBGSV,09,,39
2026-06-01T18:08:26.320782,$GBGSV,10,,42
2026-06-01T18:08:26.321517,$GBGSV,13,,40
2026-06-01T18:08:26.321517,$GBGSV,25,,41
2026-06-01T18:08:26.321517,$GBGSV,28,,42
2026-06-01T18:08:26.321517,$GBGSV,33,,19
2026-06-01T18:08:26.322023,$GBGSV,09,,33
2026-06-01T18:08:26.322023,$GBGSV,10,,37
2026-06-01T18:08:27.299735,$GPGSV,10,,37
2026-06-01T18:08:27.299735,$GPGSV,18,,40
2026-06-01T18:08:27.299735,$GPGSV,23,,38
2026-06-01T18:08:27.299735,$GPGSV,28,,36
2026-06-01T18:08:27.302067,$GPGSV,32,,35
2026-06-01T18:08:27.302067,$GPGSV,41,,42
2026-06-01T18:08:27.302067,$GPGSV,42,,40
2026-06-01T18:08:27.302067,$GPGSV,50,,30
2026-06-01T18:08:27.304792,$GPGSV,10,,32
2026-06-01T18:08:27.304792,$GPGSV,18,,38
2026-06-01T18:08:27.304792,$GPGSV,23,,37
2026-06-01T18:08:27.304792,$GPGSV,25,,14
2026-06-01T18:08:27.306190,$GPGSV,28,,33
2026-06-01T18:08:27.306190,$GPGSV,32,,32
2026-06-01T18:08:27.310280,$GLGSV,65,,33
2026-06-01T18:08:27.310280,$GLGSV,66,,19
2026-06-01T18:08:27.310280,$GLGSV,75,,20
2026-06-01T18:08:27.310280,$GLGSV,76,,37
2026-06-01T18:08:27.311408,$GLGSV,86,,17
2026-06-01T18:08:27.311408,$GLGSV,87,,37
2026-06-01T18:08:27.311408,$GLGSV,88,,37
2026-06-01T18:08:27.312491,$GLGSV,66,,20
2026-06-01T18:08:27.312491,$GLGSV,72,,14
2026-06-01T18:08:27.312491,$GLGSV,75,,21
2026-06-01T18:08:27.312491,$GLGSV,76,,37
2026-06-01T18:08:27.313224,$GLGSV,86,,17
2026-06-01T18:08:27.313224,$GLGSV,88,,42
2026-06-01T18:08:27.315207,$GAGSV,03,,38
2026-06-01T18:08:27.315207,$GAGSV,08,,36
2026-06-01T18:08:27.315207,$GAGSV,15,,39
2026-06-01T18:08:27.315207,$GAGSV,32,,39
2026-06-01T18:08:27.316194,$GAGSV,34,,41
2026-06-01T18:08:27.317735,$GAGSV,03,,36
2026-06-01T18:08:27.317735,$GAGSV,08,,34
2026-06-01T18:08:27.317735,$GAGSV,15,,41
2026-06-01T18:08:27.317735,$GAGSV,32,,40
2026-06-01T18:08:27.318252,$GAGSV,34,,39
2026-06-01T18:08:27.320773,$GBGSV,06,,34
2026-06-01T18:08:27.320773,$GBGSV,07,,42
2026-06-01T18:08:27.320773,$GBGSV,09,,37
2026-06-01T18:08:27.320773,$GBGSV,10,,42
2026-06-01T18:08:27.322468,$GBGSV,13,,41
2026-06-01T18:08:27.322468,$GBGSV,25,,41
2026-06-01T18:08:27.322468,$GBGSV,28,,44
2026-06-01T18:08:27.324061,$GBGSV,09,,33
2026-06-01T18:08:27.324061,$GBGSV,10,,37
2026-06-01T18:08:28.295586,$GPGSV,10,,39
2026-06-01T18:08:28.295586,$GPGSV,18,,40
2026-06-01T18:08:28.295586,$GPGSV,23,,39
2026-06-01T18:08:28.295586,$GPGSV,25,,23
2026-06-01T18:08:28.298400,$GPGSV,28,,36
2026-06-01T18:08:28.298400,$GPGSV,32,,39
2026-06-01T18:08:28.298400,$GPGSV,41,,41
2026-06-01T18:08:28.298400,$GPGSV,42,,41
2026-06-01T18:08:28.299483,$GPGSV,50,,27
2026-06-01T18:08:28.301116,$GPGSV,10,,35
2026-06-01T18:08:28.301116,$GPGSV,18,,38
2026-06-01T18:08:28.301116,$GPGSV,23,,35
2026-06-01T18:08:28.301116,$GPGSV,25,,10
2026-06-01T18:08:28.302345,$GPGSV,28,,30
2026-06-01T18:08:28.302345,$GPGSV,32,,33
2026-06-01T18:08:28.308853,$GLGSV,65,,35
2026-06-01T18:08:28.308853,$GLGSV,66,,22
2026-06-01T18:08:28.308853,$GLGSV,75,,29
2026-06-01T18:08:28.308853,$GLGSV,76,,35
2026-06-01T18:08:28.309824,$GLGSV,86,,16
2026-06-01T18:08:28.309824,$GLGSV,87,,37
2026-06-01T18:08:28.309824,$GLGSV,88,,36
2026-06-01T18:08:28.311136,$GLGSV,66,,22
2026-06-01T18:08:28.311136,$GLGSV,72,,13
2026-06-01T18:08:28.311136,$GLGSV,75,,23
2026-06-01T18:08:28.311136,$GLGSV,76,,36
2026-06-01T18:08:28.311912,$GLGSV,86,,18
2026-06-01T18:08:28.311912,$GLGSV,88,,38
2026-06-01T18:08:28.313488,$GAGSV,03,,36
2026-06-01T18:08:28.313488,$GAGSV,08,,36
2026-06-01T18:08:28.313488,$GAGSV,15,,39
2026-06-01T18:08:28.313488,$GAGSV,32,,37
2026-06-01T18:08:28.314499,$GAGSV,34,,39
2026-06-01T18:08:28.316038,$GAGSV,03,,36
2026-06-01T18:08:28.316038,$GAGSV,08,,35
2026-06-01T18:08:28.316038,$GAGSV,15,,39
2026-06-01T18:08:28.316038,$GAGSV,32,,40
2026-06-01T18:08:28.316621,$GAGSV,34,,39
2026-06-01T18:08:28.321209,$GBGSV,06,,39
2026-06-01T18:08:28.321209,$GBGSV,07,,43
2026-06-01T18:08:28.321209,$GBGSV,09,,37
2026-06-01T18:08:28.321209,$GBGSV,10,,41
2026-06-01T18:08:28.322306,$GBGSV,13,,42
2026-06-01T18:08:28.322306,$GBGSV,25,,33
2026-06-01T18:08:28.322306,$GBGSV,28,,34
2026-06-01T18:08:28.323198,$GBGSV,09,,33
2026-06-01T18:08:28.323198,$GBGSV,10,,38
2026-06-01T18:08:29.288643,$GPGSV,10,,42
2026-06-01T18:08:29.288643,$GPGSV,18,,40
2026-06-01T18:08:29.288643,$GPGSV,23,,41
2026-06-01T18:08:29.288643,$GPGSV,25,,24
2026-06-01T18:08:29.291512,$GPGSV,28,,36
2026-06-01T18:08:29.291512,$GPGSV,32,,39
2026-06-01T18:08:29.291512,$GPGSV,41,,43
2026-06-01T18:08:29.291512,$GPGSV,42,,41
2026-06-01T18:08:29.293127,$GPGSV,10,,36
2026-06-01T18:08:29.293127,$GPGSV,18,,38
2026-06-01T18:08:29.293127,$GPGSV,23,,35
2026-06-01T18:08:29.293127,$GPGSV,25,,12
2026-06-01T18:08:29.293918,$GPGSV,28,,32
2026-06-01T18:08:29.293918,$GPGSV,32,,27
2026-06-01T18:08:29.297544,$GLGSV,65,,32
2026-06-01T18:08:29.297544,$GLGSV,66,,24
2026-06-01T18:08:29.297544,$GLGSV,75,,20
2026-06-01T18:08:29.297544,$GLGSV,76,,37
2026-06-01T18:08:29.298464,$GLGSV,86,,16
2026-06-01T18:08:29.298464,$GLGSV,87,,36
2026-06-01T18:08:29.298464,$GLGSV,88,,36
2026-06-01T18:08:29.300236,$GLGSV,66,,23
2026-06-01T18:08:29.300236,$GLGSV,72,,13
2026-06-01T18:08:29.300236,$GLGSV,75,,30
2026-06-01T18:08:29.300236,$GLGSV,76,,38
2026-06-01T18:08:29.301293,$GLGSV,86,,18
2026-06-01T18:08:29.301293,$GLGSV,88,,34
2026-06-01T18:08:29.303676,$GAGSV,03,,39
2026-06-01T18:08:29.303676,$GAGSV,08,,37
2026-06-01T18:08:29.303676,$GAGSV,15,,41
2026-06-01T18:08:29.303676,$GAGSV,32,,39
2026-06-01T18:08:29.304388,$GAGSV,34,,40
2026-06-01T18:08:29.306192,$GAGSV,03,,36
2026-06-01T18:08:29.306192,$GAGSV,08,,35
2026-06-01T18:08:29.306192,$GAGSV,15,,40
2026-06-01T18:08:29.306192,$GAGSV,32,,40
2026-06-01T18:08:29.307040,$GAGSV,34,,37
2026-06-01T18:08:29.309663,$GBGSV,06,,40
2026-06-01T18:08:29.309663,$GBGSV,07,,44
2026-06-01T18:08:29.309663,$GBGSV,09,,39
2026-06-01T18:08:29.309663,$GBGSV,10,,42
2026-06-01T18:08:29.310399,$GBGSV,13,,42
2026-06-01T18:08:29.310399,$GBGSV,25,,32
2026-06-01T18:08:29.310399,$GBGSV,28,,42
2026-06-01T18:08:29.311009,$GBGSV,09,,36
2026-06-01T18:08:29.311009,$GBGSV,10,,37
2026-06-01T18:08:30.294392,$GPGSV,10,,39
2026-06-01T18:08:30.294392,$GPGSV,18,,38
2026-06-01T18:08:30.294392,$GPGSV,23,,38
2026-06-01T18:08:30.294392,$GPGSV,25,,22
2026-06-01T18:08:30.295854,$GPGSV,28,,34
2026-06-01T18:08:30.295854,$GPGSV,32,,39
2026-06-01T18:08:30.295854,$GPGSV,41,,42
2026-06-01T18:08:30.295854,$GPGSV,42,,42
2026-06-01T18:08:30.297508,$GPGSV,10,,35
2026-06-01T18:08:30.297508,$GPGSV,18,,38
2026-06-01T18:08:30.297508,$GPGSV,23,,37
2026-06-01T18:08:30.297508,$GPGSV,25,,15
2026-06-01T18:08:30.298310,$GPGSV,28,,29
2026-06-01T18:08:30.298310,$GPGSV,32,,35
2026-06-01T18:08:30.302080,$GLGSV,65,,37
2026-06-01T18:08:30.302080,$GLGSV,66,,23
2026-06-01T18:08:30.302080,$GLGSV,75,,21
2026-06-01T18:08:30.302080,$GLGSV,76,,37
2026-06-01T18:08:30.304877,$GLGSV,86,,15
2026-06-01T18:08:30.304877,$GLGSV,87,,38
2026-06-01T18:08:30.304877,$GLGSV,88,,32
2026-06-01T18:08:30.306636,$GLGSV,66,,24
2026-06-01T18:08:30.306636,$GLGSV,72,,13
2026-06-01T18:08:30.306636,$GLGSV,75,,24
2026-06-01T18:08:30.306636,$GLGSV,76,,40
2026-06-01T18:08:30.307605,$GLGSV,86,,17
2026-06-01T18:08:30.307605,$GLGSV,88,,39
2026-06-01T18:08:30.309538,$GAGSV,03,,39
2026-06-01T18:08:30.309538,$GAGSV,08,,37
2026-06-01T18:08:30.309538,$GAGSV,15,,40
2026-06-01T18:08:30.309538,$GAGSV,32,,35
2026-06-01T18:08:30.309952,$GAGSV,34,,40
2026-06-01T18:08:30.310758,$GAGSV,03,,39
2026-06-01T18:08:30.310758,$GAGSV,08,,37
2026-06-01T18:08:30.310758,$GAGSV,15,,42
2026-06-01T18:08:30.310758,$GAGSV,32,,37
2026-06-01T18:08:30.311322,$GAGSV,34,,39
2026-06-01T18:08:30.314033,$GBGSV,06,,40
2026-06-01T18:08:30.314033,$GBGSV,07,,43
2026-06-01T18:08:30.314033,$GBGSV,09,,39
2026-06-01T18:08:30.314033,$GBGSV,10,,43
2026-06-01T18:08:30.314666,$GBGSV,13,,41
2026-06-01T18:08:30.314666,$GBGSV,25,,36
2026-06-01T18:08:30.314666,$GBGSV,28,,40
2026-06-01T18:08:30.315171,$GBGSV,09,,35
2026-06-01T18:08:30.315171,$GBGSV,10,,37
2026-06-01T18:08:31.300363,$GPGSV,10,,41
2026-06-01T18:08:31.300363,$GPGSV,18,,40
2026-06-01T18:08:31.300363,$GPGSV,23,,40
2026-06-01T18:08:31.300363,$GPGSV,25,,22
2026-06-01T18:08:31.301921,$GPGSV,28,,36
2026-06-01T18:08:31.301921,$GPGSV,32,,41
2026-06-01T18:08:31.301921,$GPGSV,41,,42
2026-06-01T18:08:31.301921,$GPGSV,42,,41
2026-06-01T18:08:31.303369,$GPGSV,10,,35
2026-06-01T18:08:31.303369,$GPGSV,18,,40
2026-06-01T18:08:31.303369,$GPGSV,23,,39
2026-06-01T18:08:31.303369,$GPGSV,25,,17
2026-06-01T18:08:31.304349,$GPGSV,28,,31
2026-06-01T18:08:31.304349,$GPGSV,32,,33
2026-06-01T18:08:31.309818,$GLGSV,65,,35
2026-06-01T18:08:31.309818,$GLGSV,66,,23
2026-06-01T18:08:31.309818,$GLGSV,75,,24
2026-06-01T18:08:31.309818,$GLGSV,76,,35
2026-06-01T18:08:31.311419,$GLGSV,86,,14
2026-06-01T18:08:31.311419,$GLGSV,87,,36
2026-06-01T18:08:31.311419,$GLGSV,88,,34
2026-06-01T18:08:31.313045,$GLGSV,66,,24
2026-06-01T18:08:31.313045,$GLGSV,72,,14
2026-06-01T18:08:31.313045,$GLGSV,75,,25
2026-06-01T18:08:31.313045,$GLGSV,76,,36
2026-06-01T18:08:31.313884,$GLGSV,86,,17
2026-06-01T18:08:31.313884,$GLGSV,88,,40
2026-06-01T18:08:31.315679,$GAGSV,03,,38
2026-06-01T18:08:31.315679,$GAGSV,08,,39
2026-06-01T18:08:31.315679,$GAGSV,15,,37
2026-06-01T18:08:31.315679,$GAGSV,32,,30
2026-06-01T18:08:31.316515,$GAGSV,34,,41
2026-06-01T18:08:31.318245,$GAGSV,03,,38
2026-06-01T18:08:31.318245,$GAGSV,08,,34
2026-06-01T18:08:31.318245,$GAGSV,15,,39
2026-06-01T18:08:31.318245,$GAGSV,32,,35
2026-06-01T18:08:31.319027,$GAGSV,34,,37
2026-06-01T18:08:31.321859,$GBGSV,06,,39
2026-06-01T18:08:31.321859,$GBGSV,07,,44
2026-06-01T18:08:31.321859,$GBGSV,09,,36
2026-06-01T18:08:31.321859,$GBGSV,10,,43
2026-06-01T18:08:31.322485,$GBGSV,13,,42
2026-06-01T18:08:31.322485,$GBGSV,25,,36
2026-06-01T18:08:31.322485,$GBGSV,28,,39
2026-06-01T18:08:31.323924,$GBGSV,09,,34
2026-06-01T18:08:31.323924,$GBGSV,10,,39
2026-06-01T18:08:32.292758,$GPGSV,10,,39
2026-06-01T18:08:32.292758,$GPGSV,18,,38
2026-06-01T18:08:32.292758,$GPGSV,23,,40
2026-06-01T18:08:32.292758,$GPGSV,25,,20
2026-06-01T18:08:32.294805,$GPGSV,28,,35
2026-06-01T18:08:32.294805,$GPGSV,32,,39
2026-06-01T18:08:32.294805,$GPGSV,41,,43
2026-06-01T18:08:32.294805,$GPGSV,42,,39
2026-06-01T18:08:32.296153,$GPGSV,10,,32
2026-06-01T18:08:32.296153,$GPGSV,18,,39
2026-06-01T18:08:32.296153,$GPGSV,23,,39
2026-06-01T18:08:32.296153,$GPGSV,25,,19
2026-06-01T18:08:32.296758,$GPGSV,28,,31
2026-06-01T18:08:32.296758,$GPGSV,32,,32
2026-06-01T18:08:32.300727,$GLGSV,65,,31
2026-06-01T18:08:32.300727,$GLGSV,66,,24
2026-06-01T18:08:32.300727,$GLGSV,75,,25
2026-06-01T18:08:32.300727,$GLGSV,76,,34
2026-06-01T18:08:32.301563,$GLGSV,86,,15
2026-06-01T18:08:32.301563,$GLGSV,87,,36
2026-06-01T18:08:32.301563,$GLGSV,88,,41
2026-06-01T18:08:32.302305,$GLGSV,66,,23
2026-06-01T18:08:32.302305,$GLGSV,72,,13
2026-06-01T18:08:32.302305,$GLGSV,75,,25
2026-06-01T18:08:32.302305,$GLGSV,76,,33
2026-06-01T18:08:32.302936,$GLGSV,86,,17
2026-06-01T18:08:32.302936,$GLGSV,88,,37
2026-06-01T18:08:32.305079,$GAGSV,03,,38
2026-06-01T18:08:32.305079,$GAGSV,08,,36
2026-06-01T18:08:32.305079,$GAGSV,15,,37
2026-06-01T18:08:32.305079,$GAGSV,32,,35
2026-06-01T18:08:32.305810,$GAGSV,34,,39
2026-06-01T18:08:32.307586,$GAGSV,03,,38
2026-06-01T18:08:32.307586,$GAGSV,08,,37
2026-06-01T18:08:32.307586,$GAGSV,15,,38
2026-06-01T18:08:32.307586,$GAGSV,32,,35
2026-06-01T18:08:32.308278,$GAGSV,34,,41
2026-06-01T18:08:32.311327,$GBGSV,06,,41
2026-06-01T18:08:32.311327,$GBGSV,07,,43
2026-06-01T18:08:32.311327,$GBGSV,09,,38
2026-06-01T18:08:32.311327,$GBGSV,10,,42
2026-06-01T18:08:32.312178,$GBGSV,13,,42
2026-06-01T18:08:32.312178,$GBGSV,25,,37
2026-06-01T18:08:32.312178,$GBGSV,28,,39
2026-06-01T18:08:32.312730,$GBGSV,09,,34
2026-06-01T18:08:32.312730,$GBGSV,10,,38
2026-06-01T18:08:33.287527,$GPGSV,10,,39
2026-06-01T18:08:33.287527,$GPGSV,18,,41
2026-06-01T18:08:33.287527,$GPGSV,23,,39
2026-06-01T18:08:33.287527,$GPGSV,25,,22
2026-06-01T18:08:33.290542,$GPGSV,28,,36
2026-06-01T18:08:33.290542,$GPGSV,32,,41
2026-06-01T18:08:33.290542,$GPGSV,41,,42
2026-06-01T18:08:33.290542,$GPGSV,42,,41
2026-06-01T18:08:33.292850,$GPGSV,50,,34
2026-06-01T18:08:33.294797,$GPGSV,10,,31
2026-06-01T18:08:33.294797,$GPGSV,18,,38
2026-06-01T18:08:33.294797,$GPGSV,23,,40
2026-06-01T18:08:33.294797,$GPGSV,28,,33
2026-06-01T18:08:33.295468,$GPGSV,32,,35
2026-06-01T18:08:33.297975,$GLGSV,65,,31
2026-06-01T18:08:33.297975,$GLGSV,66,,25
2026-06-01T18:08:33.297975,$GLGSV,75,,31
2026-06-01T18:08:33.297975,$GLGSV,76,,36
2026-06-01T18:08:33.298697,$GLGSV,86,,17
2026-06-01T18:08:33.298697,$GLGSV,87,,37
2026-06-01T18:08:33.298697,$GLGSV,88,,41
2026-06-01T18:08:33.299609,$GLGSV,66,,29
2026-06-01T18:08:33.299609,$GLGSV,72,,12
2026-06-01T18:08:33.299609,$GLGSV,75,,31
2026-06-01T18:08:33.299609,$GLGSV,76,,37
2026-06-01T18:08:33.300305,$GLGSV,86,,18
2026-06-01T18:08:33.300305,$GLGSV,88,,41
2026-06-01T18:08:33.301965,$GAGSV,03,,37
2026-06-01T18:08:33.301965,$GAGSV,08,,37
2026-06-01T18:08:33.301965,$GAGSV,15,,37
2026-06-01T18:08:33.301965,$GAGSV,32,,33
2026-06-01T18:08:33.302393,$GAGSV,34,,40
2026-06-01T18:08:33.303162,$GAGSV,03,,38
2026-06-01T18:08:33.303162,$GAGSV,08,,38
2026-06-01T18:08:33.303162,$GAGSV,15,,38
2026-06-01T18:08:33.303162,$GAGSV,32,,35
2026-06-01T18:08:33.304316,$GAGSV,34,,40
2026-06-01T18:08:33.307127,$GBGSV,06,,40
2026-06-01T18:08:33.307127,$GBGSV,07,,44
2026-06-01T18:08:33.307127,$GBGSV,09,,39
2026-06-01T18:08:33.307127,$GBGSV,10,,42
2026-06-01T18:08:33.308022,$GBGSV,13,,41
2026-06-01T18:08:33.308022,$GBGSV,25,,38
2026-06-01T18:08:33.308022,$GBGSV,28,,37
2026-06-01T18:08:33.308536,$GBGSV,09,,34
2026-06-01T18:08:33.308536,$GBGSV,10,,39
2026-06-01T18:08:34.304739,$GPGSV,10,,39
2026-06-01T18:08:34.304739,$GPGSV,18,,39
2026-06-01T18:08:34.304739,$GPGSV,23,,39
2026-06-01T18:08:34.304739,$GPGSV,25,,22
2026-06-01T18:08:34.308303,$GPGSV,28,,33
2026-06-01T18:08:34.308303,$GPGSV,32,,36
2026-06-01T18:08:34.308303,$GPGSV,41,,41
2026-06-01T18:08:34.308303,$GPGSV,42,,38
2026-06-01T18:08:34.310249,$GPGSV,50,,31
2026-06-01T18:08:34.312093,$GPGSV,10,,32
2026-06-01T18:08:34.312093,$GPGSV,18,,40
2026-06-01T18:08:34.312093,$GPGSV,23,,36
2026-06-01T18:08:34.312093,$GPGSV,28,,30
2026-06-01T18:08:34.313413,$GPGSV,32,,31
2026-06-01T18:08:34.318108,$GLGSV,65,,32
2026-06-01T18:08:34.318108,$GLGSV,66,,24
2026-06-01T18:08:34.318108,$GLGSV,75,,31
2026-06-01T18:08:34.318108,$GLGSV,76,,34
2026-06-01T18:08:34.319139,$GLGSV,86,,17
2026-06-01T18:08:34.319139,$GLGSV,87,,39
2026-06-01T18:08:34.319139,$GLGSV,88,,37
2026-06-01T18:08:34.320332,$GLGSV,66,,21
2026-06-01T18:08:34.320332,$GLGSV,72,,11
2026-06-01T18:08:34.320332,$GLGSV,75,,30
2026-06-01T18:08:34.320332,$GLGSV,76,,37
2026-06-01T18:08:34.321474,$GLGSV,86,,17
2026-06-01T18:08:34.321474,$GLGSV,88,,36
2026-06-01T18:08:34.323415,$GAGSV,03,,38
2026-06-01T18:08:34.323415,$GAGSV,08,,41
2026-06-01T18:08:34.323415,$GAGSV,15,,33
2026-06-01T18:08:34.323415,$GAGSV,32,,31
2026-06-01T18:08:34.323998,$GAGSV,34,,39
2026-06-01T18:08:34.325743,$GAGSV,03,,39
2026-06-01T18:08:34.325743,$GAGSV,08,,41
2026-06-01T18:08:34.325743,$GAGSV,15,,36
2026-06-01T18:08:34.325743,$GAGSV,32,,35
2026-06-01T18:08:34.326822,$GAGSV,34,,42
2026-06-01T18:08:34.331162,$GBGSV,06,,40
2026-06-01T18:08:34.331162,$GBGSV,07,,42
2026-06-01T18:08:34.331162,$GBGSV,09,,38
2026-06-01T18:08:34.331162,$GBGSV,10,,41
2026-06-01T18:08:34.332094,$GBGSV,13,,38
2026-06-01T18:08:34.332094,$GBGSV,25,,40
2026-06-01T18:08:34.332094,$GBGSV,28,,39
2026-06-01T18:08:34.332777,$GBGSV,09,,35
2026-06-01T18:08:34.332777,$GBGSV,10,,39
2026-06-01T18:08:35.288545,$GPGSV,10,,39
2026-06-01T18:08:35.288545,$GPGSV,18,,40
2026-06-01T18:08:35.288545,$GPGSV,23,,41
2026-06-01T18:08:35.288545,$GPGSV,25,,26
2026-06-01T18:08:35.292009,$GPGSV,28,,35
2026-06-01T18:08:35.292009,$GPGSV,32,,37
2026-06-01T18:08:35.292009,$GPGSV,41,,39
2026-06-01T18:08:35.292009,$GPGSV,42,,43
2026-06-01T18:08:35.293250,$GPGSV,50,,34
2026-06-01T18:08:35.295161,$GPGSV,10,,36
2026-06-01T18:08:35.295161,$GPGSV,18,,38
2026-06-01T18:08:35.295161,$GPGSV,23,,38
2026-06-01T18:08:35.295161,$GPGSV,25,,21
2026-06-01T18:08:35.296012,$GPGSV,28,,30
2026-06-01T18:08:35.296012,$GPGSV,32,,25
2026-06-01T18:08:35.298080,$GLGSV,65,,32
2026-06-01T18:08:35.298080,$GLGSV,66,,23
2026-06-01T18:08:35.298080,$GLGSV,75,,29
2026-06-01T18:08:35.298080,$GLGSV,76,,36
2026-06-01T18:08:35.298677,$GLGSV,86,,16
2026-06-01T18:08:35.298677,$GLGSV,87,,37
2026-06-01T18:08:35.298677,$GLGSV,88,,34
2026-06-01T18:08:35.299739,$GLGSV,66,,21
2026-06-01T18:08:35.299739,$GLGSV,72,,09
2026-06-01T18:08:35.299739,$GLGSV,75,,36
2026-06-01T18:08:35.299739,$GLGSV,76,,38
2026-06-01T18:08:35.300558,$GLGSV,86,,19
2026-06-01T18:08:35.300558,$GLGSV,88,,37
2026-06-01T18:08:35.302285,$GAGSV,03,,39
2026-06-01T18:08:35.302285,$GAGSV,08,,34
2026-06-01T18:08:35.302285,$GAGSV,15,,38
2026-06-01T18:08:35.302285,$GAGSV,32,,39
2026-06-01T18:08:35.302687,$GAGSV,34,,41
2026-06-01T18:08:35.303368,$GAGSV,03,,39
2026-06-01T18:08:35.303368,$GAGSV,08,,36
2026-06-01T18:08:35.303368,$GAGSV,15,,40
2026-06-01T18:08:35.303368,$GAGSV,32,,39
2026-06-01T18:08:35.303878,$GAGSV,34,,39
2026-06-01T18:08:35.307166,$GBGSV,06,,40
2026-06-01T18:08:35.307166,$GBGSV,07,,43
2026-06-01T18:08:35.307166,$GBGSV,09,,40
2026-06-01T18:08:35.307166,$GBGSV,10,,43
2026-06-01T18:08:35.307868,$GBGSV,13,,41
2026-06-01T18:08:35.307868,$GBGSV,25,,40
2026-06-01T18:08:35.307868,$GBGSV,28,,43
2026-06-01T18:08:35.308685,$GBGSV,09,,34
2026-06-01T18:08:35.308685,$GBGSV,10,,39
2026-06-01T18:08:36.303000,$GPGSV,10,,36
2026-06-01T18:08:36.303000,$GPGSV,18,,39
2026-06-01T18:08:36.303000,$GPGSV,23,,40
2026-06-01T18:08:36.303000,$GPGSV,25,,26
2026-06-01T18:08:36.304927,$GPGSV,28,,35
2026-06-01T18:08:36.304927,$GPGSV,32,,37
2026-06-01T18:08:36.304927,$GPGSV,41,,41
2026-06-01T18:08:36.304927,$GPGSV,42,,39
2026-06-01T18:08:36.306059,$GPGSV,50,,35
2026-06-01T18:08:36.309174,$GPGSV,10,,32
2026-06-01T18:08:36.309174,$GPGSV,18,,40
2026-06-01T18:08:36.309174,$GPGSV,23,,38
2026-06-01T18:08:36.309174,$GPGSV,25,,23
2026-06-01T18:08:36.310666,$GPGSV,28,,31
2026-06-01T18:08:36.310666,$GPGSV,32,,25
2026-06-01T18:08:36.314387,$GLGSV,65,,36
2026-06-01T18:08:36.314387,$GLGSV,66,,23
2026-06-01T18:08:36.314387,$GLGSV,75,,39
2026-06-01T18:08:36.314387,$GLGSV,76,,33
2026-06-01T18:08:36.316478,$GLGSV,86,,15
2026-06-01T18:08:36.316478,$GLGSV,87,,34
2026-06-01T18:08:36.316478,$GLGSV,88,,39
2026-06-01T18:08:36.317742,$GLGSV,66,,22
2026-06-01T18:08:36.317742,$GLGSV,75,,29
2026-06-01T18:08:36.317742,$GLGSV,76,,38
2026-06-01T18:08:36.317742,$GLGSV,86,,18
2026-06-01T18:08:36.318258,$GLGSV,88,,41
2026-06-01T18:08:36.320608,$GAGSV,03,,37
2026-06-01T18:08:36.320608,$GAGSV,08,,34
2026-06-01T18:08:36.320608,$GAGSV,15,,37
2026-06-01T18:08:36.320608,$GAGSV,32,,36
2026-06-01T18:08:36.321379,$GAGSV,34,,40
2026-06-01T18:08:36.322409,$GAGSV,03,,40
2026-06-01T18:08:36.322409,$GAGSV,08,,34
2026-06-01T18:08:36.322409,$GAGSV,15,,39
2026-06-01T18:08:36.322409,$GAGSV,32,,35
2026-06-01T18:08:36.322918,$GAGSV,34,,40
2026-06-01T18:08:36.327145,$GBGSV,06,,41
2026-06-01T18:08:36.327145,$GBGSV,07,,44
2026-06-01T18:08:36.327145,$GBGSV,09,,38
2026-06-01T18:08:36.327145,$GBGSV,10,,41
2026-06-01T18:08:36.328759,$GBGSV,13,,39
2026-06-01T18:08:36.328759,$GBGSV,25,,41
2026-06-01T18:08:36.328759,$GBGSV,28,,44
2026-06-01T18:08:36.329705,$GBGSV,09,,37
2026-06-01T18:08:36.329705,$GBGSV,10,,37
2026-06-01T18:08:37.301549,$GPGSV,10,,40
2026-06-01T18:08:37.301549,$GPGSV,18,,40
2026-06-01T18:08:37.301549,$GPGSV,23,,41
2026-06-01T18:08:37.301549,$GPGSV,25,,27
2026-06-01T18:08:37.302969,$GPGSV,28,,35
2026-06-01T18:08:37.302969,$GPGSV,32,,33
2026-06-01T18:08:37.302969,$GPGSV,41,,34
2026-06-01T18:08:37.302969,$GPGSV,42,,42
2026-06-01T18:08:37.303830,$GPGSV,50,,39
2026-06-01T18:08:37.305327,$GPGSV,10,,26
2026-06-01T18:08:37.305327,$GPGSV,18,,38
2026-06-01T18:08:37.305327,$GPGSV,23,,38
2026-06-01T18:08:37.305327,$GPGSV,25,,23
2026-06-01T18:08:37.306398,$GPGSV,28,,33
2026-06-01T18:08:37.306398,$GPGSV,32,,32
2026-06-01T18:08:37.312047,$GLGSV,65,,36
2026-06-01T18:08:37.312047,$GLGSV,66,,23
2026-06-01T18:08:37.312047,$GLGSV,75,,35
2026-06-01T18:08:37.312047,$GLGSV,76,,33
2026-06-01T18:08:37.313188,$GLGSV,86,,16
2026-06-01T18:08:37.313188,$GLGSV,87,,35
2026-06-01T18:08:37.313188,$GLGSV,88,,31
2026-06-01T18:08:37.313931,$GLGSV,66,,21
2026-06-01T18:08:37.313931,$GLGSV,75,,38
2026-06-01T18:08:37.313931,$GLGSV,76,,32
2026-06-01T18:08:37.313931,$GLGSV,86,,18
2026-06-01T18:08:37.314384,$GLGSV,88,,40
2026-06-01T18:08:37.316266,$GAGSV,03,,35
2026-06-01T18:08:37.316266,$GAGSV,08,,35
2026-06-01T18:08:37.316266,$GAGSV,15,,37
2026-06-01T18:08:37.316266,$GAGSV,32,,36
2026-06-01T18:08:37.317077,$GAGSV,34,,38
2026-06-01T18:08:37.318753,$GAGSV,03,,38
2026-06-01T18:08:37.318753,$GAGSV,08,,38
2026-06-01T18:08:37.318753,$GAGSV,15,,39
2026-06-01T18:08:37.318753,$GAGSV,32,,38
2026-06-01T18:08:37.319703,$GAGSV,34,,41
2026-06-01T18:08:37.322698,$GBGSV,06,,40
2026-06-01T18:08:37.322698,$GBGSV,07,,42
2026-06-01T18:08:37.322698,$GBGSV,09,,39
2026-06-01T18:08:37.322698,$GBGSV,10,,42
2026-06-01T18:08:37.323594,$GBGSV,13,,42
2026-06-01T18:08:37.323594,$GBGSV,25,,43
2026-06-01T18:08:37.323594,$GBGSV,28,,40
2026-06-01T18:08:37.323594,$GBGSV,33,,21
2026-06-01T18:08:37.325597,$GBGSV,09,,35
2026-06-01T18:08:37.325597,$GBGSV,10,,37
2026-06-01T18:08:38.305139,$GPGSV,10,,40
2026-06-01T18:08:38.305139,$GPGSV,12,,17
2026-06-01T18:08:38.305139,$GPGSV,18,,40
2026-06-01T18:08:38.305139,$GPGSV,23,,40
2026-06-01T18:08:38.308788,$GPGSV,25,,25
2026-06-01T18:08:38.308788,$GPGSV,28,,27
2026-06-01T18:08:38.308788,$GPGSV,32,,34
2026-06-01T18:08:38.308788,$GPGSV,41,,31
2026-06-01T18:08:38.310131,$GPGSV,42,,36
2026-06-01T18:08:38.310131,$GPGSV,50,,36
2026-06-01T18:08:38.311805,$GPGSV,10,,28
2026-06-01T18:08:38.311805,$GPGSV,18,,37
2026-06-01T18:08:38.311805,$GPGSV,23,,36
2026-06-01T18:08:38.311805,$GPGSV,25,,24
2026-06-01T18:08:38.312699,$GPGSV,28,,27
2026-06-01T18:08:38.312699,$GPGSV,32,,25
2026-06-01T18:08:38.316917,$GLGSV,65,,36
2026-06-01T18:08:38.316917,$GLGSV,66,,24
2026-06-01T18:08:38.316917,$GLGSV,75,,37
2026-06-01T18:08:38.316917,$GLGSV,76,,35
2026-06-01T18:08:38.318214,$GLGSV,86,,17
2026-06-01T18:08:38.318214,$GLGSV,87,,39
2026-06-01T18:08:38.318214,$GLGSV,88,,40
2026-06-01T18:08:38.318937,$GLGSV,66,,21
2026-06-01T18:08:38.318937,$GLGSV,75,,37
2026-06-01T18:08:38.318937,$GLGSV,76,,36
2026-06-01T18:08:38.318937,$GLGSV,86,,19
2026-06-01T18:08:38.319336,$GLGSV,88,,34
2026-06-01T18:08:38.320883,$GAGSV,03,,35
2026-06-01T18:08:38.320883,$GAGSV,08,,33
2026-06-01T18:08:38.320883,$GAGSV,15,,39
2026-06-01T18:08:38.320883,$GAGSV,32,,36
2026-06-01T18:08:38.321513,$GAGSV,34,,38
2026-06-01T18:08:38.322222,$GAGSV,03,,38
2026-06-01T18:08:38.322222,$GAGSV,08,,26
2026-06-01T18:08:38.322222,$GAGSV,15,,38
2026-06-01T18:08:38.322222,$GAGSV,32,,39
2026-06-01T18:08:38.322650,$GAGSV,34,,42
2026-06-01T18:08:38.327280,$GBGSV,06,,40
2026-06-01T18:08:38.327280,$GBGSV,07,,42
2026-06-01T18:08:38.327280,$GBGSV,09,,40
2026-06-01T18:08:38.327280,$GBGSV,10,,43
2026-06-01T18:08:38.328616,$GBGSV,13,,42
2026-06-01T18:08:38.328616,$GBGSV,25,,41
2026-06-01T18:08:38.328616,$GBGSV,28,,44
2026-06-01T18:08:38.330147,$GBGSV,09,,35
2026-06-01T18:08:38.330147,$GBGSV,10,,37
2026-06-01T18:08:39.290772,$GPGSV,10,,40
2026-06-01T18:08:39.290772,$GPGSV,18,,40
2026-06-01T18:08:39.290772,$GPGSV,23,,38
2026-06-01T18:08:39.290772,$GPGSV,25,,26
2026-06-01T18:08:39.293497,$GPGSV,28,,32
2026-06-01T18:08:39.293497,$GPGSV,32,,25
2026-06-01T18:08:39.293497,$GPGSV,41,,41
2026-06-01T18:08:39.293497,$GPGSV,42,,38
2026-06-01T18:08:39.295753,$GPGSV,50,,36
2026-06-01T18:08:39.297370,$GPGSV,10,,30
2026-06-01T18:08:39.297370,$GPGSV,18,,38
2026-06-01T18:08:39.297370,$GPGSV,23,,34
2026-06-01T18:08:39.297370,$GPGSV,25,,23
2026-06-01T18:08:39.298022,$GPGSV,28,,30
2026-06-01T18:08:39.298022,$GPGSV,32,,32
2026-06-01T18:08:39.299962,$GLGSV,65,,34
2026-06-01T18:08:39.299962,$GLGSV,66,,21
2026-06-01T18:08:39.299962,$GLGSV,75,,37
2026-06-01T18:08:39.299962,$GLGSV,76,,35
2026-06-01T18:08:39.300663,$GLGSV,86,,17
2026-06-01T18:08:39.300663,$GLGSV,87,,33
2026-06-01T18:08:39.300663,$GLGSV,88,,40
2026-06-01T18:08:39.301586,$GLGSV,66,,22
2026-06-01T18:08:39.301586,$GLGSV,75,,41
2026-06-01T18:08:39.301586,$GLGSV,76,,35
2026-06-01T18:08:39.301586,$GLGSV,86,,19
2026-06-01T18:08:39.302025,$GLGSV,88,,25
2026-06-01T18:08:39.303172,$GAGSV,03,,38
2026-06-01T18:08:39.303172,$GAGSV,08,,35
2026-06-01T18:08:39.303172,$GAGSV,15,,39
2026-06-01T18:08:39.303172,$GAGSV,32,,36
2026-06-01T18:08:39.303562,$GAGSV,34,,37
2026-06-01T18:08:39.304236,$GAGSV,03,,38
2026-06-01T18:08:39.304236,$GAGSV,08,,35
2026-06-01T18:08:39.304236,$GAGSV,15,,38
2026-06-01T18:08:39.304236,$GAGSV,32,,39
2026-06-01T18:08:39.304626,$GAGSV,34,,41
2026-06-01T18:08:39.308741,$GBGSV,06,,42
2026-06-01T18:08:39.308741,$GBGSV,07,,42
2026-06-01T18:08:39.308741,$GBGSV,09,,40
2026-06-01T18:08:39.308741,$GBGSV,10,,42
2026-06-01T18:08:39.310688,$GBGSV,13,,31
2026-06-01T18:08:39.310688,$GBGSV,25,,43
2026-06-01T18:08:39.310688,$GBGSV,28,,43
2026-06-01T18:08:39.311649,$GBGSV,09,,35
2026-06-01T18:08:39.311649,$GBGSV,10,,37
2026-06-01T18:08:40.298050,$GPGSV,10,,39
2026-06-01T18:08:40.298050,$GPGSV,18,,40
2026-06-01T18:08:40.298050,$GPGSV,23,,40
2026-06-01T18:08:40.298050,$GPGSV,25,,26
2026-06-01T18:08:40.299840,$GPGSV,28,,40
2026-06-01T18:08:40.299840,$GPGSV,32,,37
2026-06-01T18:08:40.299840,$GPGSV,41,,41
2026-06-01T18:08:40.299840,$GPGSV,42,,39
2026-06-01T18:08:40.300879,$GPGSV,50,,36
2026-06-01T18:08:40.302392,$GPGSV,10,,31
2026-06-01T18:08:40.302392,$GPGSV,18,,38
2026-06-01T18:08:40.302392,$GPGSV,23,,37
2026-06-01T18:08:40.302392,$GPGSV,25,,21
2026-06-01T18:08:40.303393,$GPGSV,28,,32
2026-06-01T18:08:40.303393,$GPGSV,32,,31
2026-06-01T18:08:40.308477,$GLGSV,65,,35
2026-06-01T18:08:40.308477,$GLGSV,66,,21
2026-06-01T18:08:40.308477,$GLGSV,75,,39
2026-06-01T18:08:40.308477,$GLGSV,76,,33
2026-06-01T18:08:40.309564,$GLGSV,86,,17
2026-06-01T18:08:40.309564,$GLGSV,87,,34
2026-06-01T18:08:40.309564,$GLGSV,88,,41
2026-06-01T18:08:40.310623,$GLGSV,66,,21
2026-06-01T18:08:40.310623,$GLGSV,75,,40
2026-06-01T18:08:40.310623,$GLGSV,76,,35
2026-06-01T18:08:40.310623,$GLGSV,86,,19
2026-06-01T18:08:40.311573,$GLGSV,88,,32
2026-06-01T18:08:40.313000,$GAGSV,03,,38
2026-06-01T18:08:40.313000,$GAGSV,08,,34
2026-06-01T18:08:40.313000,$GAGSV,15,,39
2026-06-01T18:08:40.313000,$GAGSV,32,,36
2026-06-01T18:08:40.313655,$GAGSV,34,,38
2026-06-01T18:08:40.314404,$GAGSV,03,,38
2026-06-01T18:08:40.314404,$GAGSV,08,,32
2026-06-01T18:08:40.314404,$GAGSV,15,,38
2026-06-01T18:08:40.314404,$GAGSV,32,,38
2026-06-01T18:08:40.315235,$GAGSV,34,,40
2026-06-01T18:08:40.319037,$GBGSV,06,,41
2026-06-01T18:08:40.319037,$GBGSV,07,,43
2026-06-01T18:08:40.319037,$GBGSV,09,,40
2026-06-01T18:08:40.319037,$GBGSV,10,,42
2026-06-01T18:08:40.319716,$GBGSV,13,,36
2026-06-01T18:08:40.319716,$GBGSV,25,,43
2026-06-01T18:08:40.319716,$GBGSV,28,,41
2026-06-01T18:08:40.320238,$GBGSV,09,,33
2026-06-01T18:08:40.320238,$GBGSV,10,,37
2026-06-01T18:08:41.292242,$GPGSV,10,,40
2026-06-01T18:08:41.292242,$GPGSV,18,,39
2026-06-01T18:08:41.292242,$GPGSV,23,,40
2026-06-01T18:08:41.292242,$GPGSV,25,,26
2026-06-01T18:08:41.293228,$GPGSV,28,,40
2026-06-01T18:08:41.293228,$GPGSV,32,,37
2026-06-01T18:08:41.293228,$GPGSV,41,,41
2026-06-01T18:08:41.293228,$GPGSV,42,,41
2026-06-01T18:08:41.294329,$GPGSV,50,,36
2026-06-01T18:08:41.295738,$GPGSV,10,,31
2026-06-01T18:08:41.295738,$GPGSV,18,,37
2026-06-01T18:08:41.295738,$GPGSV,23,,39
2026-06-01T18:08:41.295738,$GPGSV,25,,20
2026-06-01T18:08:41.296763,$GPGSV,28,,35
2026-06-01T18:08:41.296763,$GPGSV,32,,23
2026-06-01T18:08:41.300658,$GLGSV,65,,35
2026-06-01T18:08:41.300658,$GLGSV,66,,22
2026-06-01T18:08:41.300658,$GLGSV,75,,36
2026-06-01T18:08:41.300658,$GLGSV,76,,34
2026-06-01T18:08:41.301471,$GLGSV,86,,18
2026-06-01T18:08:41.301471,$GLGSV,87,,34
2026-06-01T18:08:41.301471,$GLGSV,88,,28
2026-06-01T18:08:41.302462,$GLGSV,66,,24
2026-06-01T18:08:41.302462,$GLGSV,75,,38
2026-06-01T18:08:41.302462,$GLGSV,76,,36
2026-06-01T18:08:41.302462,$GLGSV,86,,19
2026-06-01T18:08:41.302980,$GLGSV,88,,40
2026-06-01T18:08:41.304420,$GAGSV,03,,37
2026-06-01T18:08:41.304420,$GAGSV,08,,34
2026-06-01T18:08:41.304420,$GAGSV,15,,39
2026-06-01T18:08:41.304420,$GAGSV,32,,36
2026-06-01T18:08:41.304930,$GAGSV,34,,38
2026-06-01T18:08:41.305898,$GAGSV,03,,39
2026-06-01T18:08:41.305898,$GAGSV,08,,37
2026-06-01T18:08:41.305898,$GAGSV,15,,40
2026-06-01T18:08:41.305898,$GAGSV,32,,38
2026-06-01T18:08:41.306648,$GAGSV,34,,40
2026-06-01T18:08:41.310115,$GBGSV,06,,39
2026-06-01T18:08:41.310115,$GBGSV,07,,43
2026-06-01T18:08:41.310115,$GBGSV,09,,41
2026-06-01T18:08:41.310115,$GBGSV,10,,42
2026-06-01T18:08:41.311261,$GBGSV,13,,35
2026-06-01T18:08:41.311261,$GBGSV,25,,44
2026-06-01T18:08:41.311261,$GBGSV,28,,41
2026-06-01T18:08:41.312201,$GBGSV,09,,35
2026-06-01T18:08:41.312201,$GBGSV,10,,37
2026-06-01T18:08:42.288480,$GPGSV,10,,40
2026-06-01T18:08:42.288480,$GPGSV,18,,40
2026-06-01T18:08:42.288480,$GPGSV,23,,43
2026-06-01T18:08:42.288480,$GPGSV,25,,27
2026-06-01T18:08:42.290042,$GPGSV,28,,39
2026-06-01T18:08:42.290042,$GPGSV,32,,34
2026-06-01T18:08:42.290042,$GPGSV,41,,40
2026-06-01T18:08:42.290042,$GPGSV,42,,41
2026-06-01T18:08:42.292219,$GPGSV,50,,38
2026-06-01T18:08:42.295224,$GPGSV,10,,31
2026-06-01T18:08:42.295224,$GPGSV,18,,39
2026-06-01T18:08:42.295224,$GPGSV,23,,38
2026-06-01T18:08:42.295224,$GPGSV,25,,22
2026-06-01T18:08:42.296976,$GPGSV,28,,35
2026-06-01T18:08:42.296976,$GPGSV,32,,25
2026-06-01T18:08:42.299585,$GLGSV,65,,35
2026-06-01T18:08:42.299585,$GLGSV,66,,23
2026-06-01T18:08:42.299585,$GLGSV,75,,28
2026-06-01T18:08:42.299585,$GLGSV,76,,34
2026-06-01T18:08:42.300482,$GLGSV,86,,18
2026-06-01T18:08:42.300482,$GLGSV,87,,34
2026-06-01T18:08:42.300482,$GLGSV,88,,38
2026-06-01T18:08:42.301616,$GLGSV,66,,23
2026-06-01T18:08:42.301616,$GLGSV,75,,37
2026-06-01T18:08:42.301616,$GLGSV,76,,37
2026-06-01T18:08:42.301616,$GLGSV,86,,20
2026-06-01T18:08:42.302387,$GLGSV,88,,36
2026-06-01T18:08:42.303761,$GAGSV,03,,35
2026-06-01T18:08:42.303761,$GAGSV,08,,36
2026-06-01T18:08:42.303761,$GAGSV,15,,38
2026-06-01T18:08:42.303761,$GAGSV,32,,38
2026-06-01T18:08:42.304178,$GAGSV,34,,40
2026-06-01T18:08:42.304884,$GAGSV,03,,38
2026-06-01T18:08:42.304884,$GAGSV,08,,39
2026-06-01T18:08:42.304884,$GAGSV,15,,39
2026-06-01T18:08:42.304884,$GAGSV,32,,40
2026-06-01T18:08:42.305312,$GAGSV,34,,41
2026-06-01T18:08:42.308258,$GBGSV,06,,43
2026-06-01T18:08:42.308258,$GBGSV,07,,43
2026-06-01T18:08:42.308258,$GBGSV,09,,39
2026-06-01T18:08:42.308258,$GBGSV,10,,42
2026-06-01T18:08:42.309014,$GBGSV,13,,33
2026-06-01T18:08:42.309014,$GBGSV,25,,44
2026-06-01T18:08:42.309014,$GBGSV,28,,43
2026-06-01T18:08:42.309639,$GBGSV,09,,35
2026-06-01T18:08:42.309639,$GBGSV,10,,38
2026-06-01T18:08:43.291156,$GPGSV,10,,38
2026-06-01T18:08:43.291156,$GPGSV,18,,39
2026-06-01T18:08:43.291156,$GPGSV,23,,39
2026-06-01T18:08:43.291156,$GPGSV,25,,19
2026-06-01T18:08:43.293903,$GPGSV,28,,37
2026-06-01T18:08:43.293903,$GPGSV,32,,38
2026-06-01T18:08:43.293903,$GPGSV,41,,41
2026-06-01T18:08:43.293903,$GPGSV,42,,41
2026-06-01T18:08:43.294845,$GPGSV,50,,36
2026-06-01T18:08:43.296488,$GPGSV,10,,32
2026-06-01T18:08:43.296488,$GPGSV,18,,39
2026-06-01T18:08:43.296488,$GPGSV,23,,38
2026-06-01T18:08:43.296488,$GPGSV,25,,24
2026-06-01T18:08:43.297436,$GPGSV,28,,35
2026-06-01T18:08:43.297436,$GPGSV,32,,35
2026-06-01T18:08:43.299865,$GLGSV,65,,35
2026-06-01T18:08:43.299865,$GLGSV,66,,23
2026-06-01T18:08:43.299865,$GLGSV,75,,33
2026-06-01T18:08:43.299865,$GLGSV,76,,34
2026-06-01T18:08:43.300746,$GLGSV,86,,19
2026-06-01T18:08:43.300746,$GLGSV,87,,30
2026-06-01T18:08:43.300746,$GLGSV,88,,36
2026-06-01T18:08:43.301735,$GLGSV,66,,24
2026-06-01T18:08:43.301735,$GLGSV,75,,30
2026-06-01T18:08:43.301735,$GLGSV,76,,39
2026-06-01T18:08:43.301735,$GLGSV,86,,19
2026-06-01T18:08:43.302421,$GLGSV,88,,40
2026-06-01T18:08:43.304094,$GAGSV,03,,38
2026-06-01T18:08:43.304094,$GAGSV,08,,38
2026-06-01T18:08:43.304094,$GAGSV,15,,38
2026-06-01T18:08:43.304094,$GAGSV,32,,39
2026-06-01T18:08:43.304591,$GAGSV,34,,39
2026-06-01T18:08:43.305482,$GAGSV,03,,40
2026-06-01T18:08:43.305482,$GAGSV,08,,40
2026-06-01T18:08:43.305482,$GAGSV,15,,40
2026-06-01T18:08:43.305482,$GAGSV,32,,36
2026-06-01T18:08:43.306003,$GAGSV,34,,40
2026-06-01T18:08:43.309711,$GBGSV,06,,43
2026-06-01T18:08:43.309711,$GBGSV,07,,43
2026-06-01T18:08:43.309711,$GBGSV,09,,40
2026-06-01T18:08:43.309711,$GBGSV,10,,42
2026-06-01T18:08:43.310425,$GBGSV,13,,34
2026-06-01T18:08:43.310425,$GBGSV,25,,43
2026-06-01T18:08:43.310425,$GBGSV,28,,44
2026-06-01T18:08:43.311159,$GBGSV,09,,36
2026-06-01T18:08:43.311159,$GBGSV,10,,38
2026-06-01T18:08:44.295247,$GPGSV,10,,38
2026-06-01T18:08:44.295247,$GPGSV,18,,41
2026-06-01T18:08:44.295247,$GPGSV,23,,39
2026-06-01T18:08:44.295247,$GPGSV,28,,37
2026-06-01T18:08:44.297042,$GPGSV,32,,39
2026-06-01T18:08:44.297042,$GPGSV,41,,41
2026-06-01T18:08:44.297042,$GPGSV,42,,41
2026-06-01T18:08:44.297042,$GPGSV,50,,37
2026-06-01T18:08:44.299076,$GPGSV,10,,33
2026-06-01T18:08:44.299076,$GPGSV,18,,39
2026-06-01T18:08:44.299076,$GPGSV,23,,34
2026-06-01T18:08:44.299076,$GPGSV,25,,22
2026-06-01T18:08:44.300136,$GPGSV,28,,35
2026-06-01T18:08:44.300136,$GPGSV,32,,34
2026-06-01T18:08:44.303577,$GLGSV,65,,35
2026-06-01T18:08:44.303577,$GLGSV,66,,23
2026-06-01T18:08:44.303577,$GLGSV,75,,26
2026-06-01T18:08:44.303577,$GLGSV,76,,34
2026-06-01T18:08:44.304757,$GLGSV,86,,20
2026-06-01T18:08:44.304757,$GLGSV,87,,31
2026-06-01T18:08:44.304757,$GLGSV,88,,38
2026-06-01T18:08:44.306002,$GLGSV,66,,24
2026-06-01T18:08:44.306002,$GLGSV,75,,25
2026-06-01T18:08:44.306002,$GLGSV,76,,36
2026-06-01T18:08:44.306002,$GLGSV,86,,19
2026-06-01T18:08:44.306708,$GLGSV,88,,39
2026-06-01T18:08:44.309598,$GAGSV,03,,40
2026-06-01T18:08:44.309598,$GAGSV,08,,38
2026-06-01T18:08:44.309598,$GAGSV,15,,40
2026-06-01T18:08:44.309598,$GAGSV,32,,39
2026-06-01T18:08:44.310237,$GAGSV,34,,40
2026-06-01T18:08:44.311568,$GAGSV,03,,40
2026-06-01T18:08:44.311568,$GAGSV,08,,39
2026-06-01T18:08:44.311568,$GAGSV,15,,40
2026-06-01T18:08:44.311568,$GAGSV,32,,37
2026-06-01T18:08:44.312459,$GAGSV,34,,41
2026-06-01T18:08:44.315024,$GBGSV,06,,41
2026-06-01T18:08:44.315024,$GBGSV,07,,44
2026-06-01T18:08:44.315024,$GBGSV,09,,41
2026-06-01T18:08:44.315024,$GBGSV,10,,43
2026-06-01T18:08:44.315843,$GBGSV,13,,31
2026-06-01T18:08:44.315843,$GBGSV,25,,41
2026-06-01T18:08:44.315843,$GBGSV,28,,43
2026-06-01T18:08:44.316504,$GBGSV,09,,35
2026-06-01T18:08:44.316504,$GBGSV,10,,38
2026-06-01T18:08:45.300908,$GPGSV,10,,38
2026-06-01T18:08:45.300908,$GPGSV,18,,42
2026-06-01T18:08:45.300908,$GPGSV,23,,35
2026-06-01T18:08:45.300908,$GPGSV,25,,27
2026-06-01T18:08:45.303700,$GPGSV,28,,37
2026-06-01T18:08:45.303700,$GPGSV,32,,39
2026-06-01T18:08:45.303700,$GPGSV,41,,42
2026-06-01T18:08:45.303700,$GPGSV,42,,41
2026-06-01T18:08:45.305532,$GPGSV,50,,37
2026-06-01T18:08:45.307310,$GPGSV,10,,33
2026-06-01T18:08:45.307310,$GPGSV,18,,38
2026-06-01T18:08:45.307310,$GPGSV,23,,33
2026-06-01T18:08:45.307310,$GPGSV,25,,20
2026-06-01T18:08:45.309947,$GPGSV,28,,35
2026-06-01T18:08:45.309947,$GPGSV,32,,34
2026-06-01T18:08:45.315256,$GLGSV,65,,35
2026-06-01T18:08:45.315256,$GLGSV,66,,21
2026-06-01T18:08:45.315256,$GLGSV,75,,28
2026-06-01T18:08:45.315256,$GLGSV,76,,31
2026-06-01T18:08:45.316128,$GLGSV,86,,20
2026-06-01T18:08:45.316128,$GLGSV,87,,35
2026-06-01T18:08:45.316128,$GLGSV,88,,36
2026-06-01T18:08:45.317464,$GLGSV,66,,24
2026-06-01T18:08:45.317464,$GLGSV,75,,25
2026-06-01T18:08:45.317464,$GLGSV,76,,34
2026-06-01T18:08:45.317464,$GLGSV,86,,17
2026-06-01T18:08:45.318101,$GLGSV,88,,40
2026-06-01T18:08:45.320074,$GAGSV,03,,39
2026-06-01T18:08:45.320074,$GAGSV,08,,39
2026-06-01T18:08:45.320074,$GAGSV,15,,40
2026-06-01T18:08:45.320074,$GAGSV,32,,39
2026-06-01T18:08:45.320560,$GAGSV,34,,40
2026-06-01T18:08:45.321350,$GAGSV,03,,39
2026-06-01T18:08:45.321350,$GAGSV,08,,41
2026-06-01T18:08:45.321350,$GAGSV,15,,40
2026-06-01T18:08:45.321350,$GAGSV,32,,38
2026-06-01T18:08:45.321773,$GAGSV,34,,41
2026-06-01T18:08:45.323811,$GBGSV,06,,41
2026-06-01T18:08:45.323811,$GBGSV,07,,41
2026-06-01T18:08:45.323811,$GBGSV,09,,40
2026-06-01T18:08:45.323811,$GBGSV,10,,43
2026-06-01T18:08:45.325209,$GBGSV,13,,36
2026-06-01T18:08:45.325209,$GBGSV,25,,43
2026-06-01T18:08:45.325209,$GBGSV,28,,41
2026-06-01T18:08:45.326053,$GBGSV,09,,34
2026-06-01T18:08:45.326053,$GBGSV,10,,38
2026-06-01T18:08:46.298956,$GPGSV,10,,38
2026-06-01T18:08:46.298956,$GPGSV,18,,40
2026-06-01T18:08:46.298956,$GPGSV,23,,32
2026-06-01T18:08:46.298956,$GPGSV,25,,26
2026-06-01T18:08:46.300090,$GPGSV,28,,39
2026-06-01T18:08:46.300090,$GPGSV,32,,41
2026-06-01T18:08:46.300090,$GPGSV,41,,42
2026-06-01T18:08:46.300090,$GPGSV,42,,41
2026-06-01T18:08:46.300689,$GPGSV,50,,37
2026-06-01T18:08:46.301637,$GPGSV,10,,33
2026-06-01T18:08:46.301637,$GPGSV,18,,39
2026-06-01T18:08:46.301637,$GPGSV,23,,32
2026-06-01T18:08:46.301637,$GPGSV,25,,18
2026-06-01T18:08:46.302243,$GPGSV,28,,35
2026-06-01T18:08:46.302243,$GPGSV,32,,34
2026-06-01T18:08:46.305031,$GLGSV,65,,33
2026-06-01T18:08:46.305031,$GLGSV,66,,19
2026-06-01T18:08:46.305031,$GLGSV,75,,26
2026-06-01T18:08:46.305031,$GLGSV,76,,31
2026-06-01T18:08:46.305957,$GLGSV,86,,20
2026-06-01T18:08:46.305957,$GLGSV,87,,37
2026-06-01T18:08:46.305957,$GLGSV,88,,39
2026-06-01T18:08:46.306844,$GLGSV,66,,23
2026-06-01T18:08:46.306844,$GLGSV,75,,30
2026-06-01T18:08:46.306844,$GLGSV,76,,34
2026-06-01T18:08:46.306844,$GLGSV,86,,17
2026-06-01T18:08:46.307424,$GLGSV,88,,42
2026-06-01T18:08:46.310384,$GAGSV,03,,39
2026-06-01T18:08:46.310384,$GAGSV,08,,39
2026-06-01T18:08:46.310384,$GAGSV,15,,40
2026-06-01T18:08:46.310384,$GAGSV,32,,37
2026-06-01T18:08:46.311210,$GAGSV,34,,40
2026-06-01T18:08:46.312150,$GAGSV,03,,39
2026-06-01T18:08:46.312150,$GAGSV,08,,39
2026-06-01T18:08:46.312150,$GAGSV,15,,41
2026-06-01T18:08:46.312150,$GAGSV,32,,36
2026-06-01T18:08:46.312798,$GAGSV,34,,40
2026-06-01T18:08:46.316342,$GBGSV,06,,36
2026-06-01T18:08:46.316342,$GBGSV,07,,42
2026-06-01T18:08:46.316342,$GBGSV,09,,39
2026-06-01T18:08:46.316342,$GBGSV,10,,41
2026-06-01T18:08:46.317358,$GBGSV,13,,39
2026-06-01T18:08:46.317358,$GBGSV,25,,43
2026-06-01T18:08:46.317358,$GBGSV,28,,43
2026-06-01T18:08:46.318046,$GBGSV,09,,34
2026-06-01T18:08:46.318046,$GBGSV,10,,39
2026-06-01T18:08:47.300067,$GPGSV,10,,39
2026-06-01T18:08:47.300067,$GPGSV,18,,38
2026-06-01T18:08:47.300067,$GPGSV,23,,31
2026-06-01T18:08:47.300067,$GPGSV,25,,26
2026-06-01T18:08:47.302134,$GPGSV,28,,32
2026-06-01T18:08:47.302134,$GPGSV,32,,41
2026-06-01T18:08:47.302134,$GPGSV,41,,43
2026-06-01T18:08:47.302134,$GPGSV,42,,41
2026-06-01T18:08:47.303447,$GPGSV,50,,37
2026-06-01T18:08:47.304950,$GPGSV,10,,32
2026-06-01T18:08:47.304950,$GPGSV,18,,39
2026-06-01T18:08:47.304950,$GPGSV,23,,31
2026-06-01T18:08:47.304950,$GPGSV,25,,17
2026-06-01T18:08:47.306138,$GPGSV,28,,35
2026-06-01T18:08:47.306138,$GPGSV,32,,37
2026-06-01T18:08:47.310270,$GLGSV,65,,36
2026-06-01T18:08:47.310270,$GLGSV,66,,20
2026-06-01T18:08:47.310270,$GLGSV,75,,24
2026-06-01T18:08:47.310270,$GLGSV,76,,31
2026-06-01T18:08:47.311382,$GLGSV,86,,18
2026-06-01T18:08:47.311382,$GLGSV,87,,36
2026-06-01T18:08:47.311382,$GLGSV,88,,39
2026-06-01T18:08:47.312523,$GLGSV,66,,24
2026-06-01T18:08:47.312523,$GLGSV,75,,31
2026-06-01T18:08:47.312523,$GLGSV,76,,34
2026-06-01T18:08:47.312523,$GLGSV,86,,16
2026-06-01T18:08:47.313596,$GLGSV,88,,43
2026-06-01T18:08:47.315861,$GAGSV,03,,38
2026-06-01T18:08:47.315861,$GAGSV,08,,39
2026-06-01T18:08:47.315861,$GAGSV,15,,40
2026-06-01T18:08:47.315861,$GAGSV,32,,38
2026-06-01T18:08:47.316572,$GAGSV,34,,38
2026-06-01T18:08:47.317930,$GAGSV,03,,40
2026-06-01T18:08:47.317930,$GAGSV,08,,40
2026-06-01T18:08:47.317930,$GAGSV,15,,39
2026-06-01T18:08:47.317930,$GAGSV,32,,38
2026-06-01T18:08:47.318624,$GAGSV,34,,40
2026-06-01T18:08:47.322320,$GBGSV,06,,37
2026-06-01T18:08:47.322320,$GBGSV,07,,43
2026-06-01T18:08:47.322320,$GBGSV,09,,39
2026-06-01T18:08:47.322320,$GBGSV,10,,41
2026-06-01T18:08:47.323640,$GBGSV,13,,38
2026-06-01T18:08:47.323640,$GBGSV,25,,43
2026-06-01T18:08:47.323640,$GBGSV,28,,39
2026-06-01T18:08:47.323640,$GBGSV,33,,23
2026-06-01T18:08:47.324530,$GBGSV,09,,34
2026-06-01T18:08:47.324530,$GBGSV,10,,38
2026-06-01T18:08:48.299048,$GPGSV,10,,40
2026-06-01T18:08:48.299048,$GPGSV,18,,40
2026-06-01T18:08:48.299048,$GPGSV,23,,30
2026-06-01T18:08:48.299048,$GPGSV,25,,26
2026-06-01T18:08:48.300339,$GPGSV,28,,36
2026-06-01T18:08:48.300339,$GPGSV,32,,41
2026-06-01T18:08:48.300339,$GPGSV,41,,43
2026-06-01T18:08:48.300339,$GPGSV,42,,41
2026-06-01T18:08:48.300932,$GPGSV,50,,34
2026-06-01T18:08:48.302080,$GPGSV,10,,34
2026-06-01T18:08:48.302080,$GPGSV,18,,40
2026-06-01T18:08:48.302080,$GPGSV,23,,29
2026-06-01T18:08:48.302080,$GPGSV,25,,21
2026-06-01T18:08:48.302886,$GPGSV,28,,34
2026-06-01T18:08:48.302886,$GPGSV,32,,36
2026-06-01T18:08:48.305381,$GLGSV,65,,35
2026-06-01T18:08:48.305381,$GLGSV,66,,20
2026-06-01T18:08:48.305381,$GLGSV,75,,22
2026-06-01T18:08:48.305381,$GLGSV,76,,31
2026-06-01T18:08:48.306101,$GLGSV,86,,17
2026-06-01T18:08:48.306101,$GLGSV,87,,35
2026-06-01T18:08:48.306101,$GLGSV,88,,40
2026-06-01T18:08:48.306946,$GLGSV,66,,23
2026-06-01T18:08:48.306946,$GLGSV,75,,30
2026-06-01T18:08:48.306946,$GLGSV,76,,35
2026-06-01T18:08:48.306946,$GLGSV,86,,16
2026-06-01T18:08:48.307424,$GLGSV,88,,40
2026-06-01T18:08:48.308935,$GAGSV,03,,37
2026-06-01T18:08:48.308935,$GAGSV,08,,39
2026-06-01T18:08:48.308935,$GAGSV,15,,40
2026-06-01T18:08:48.308935,$GAGSV,32,,38
2026-06-01T18:08:48.309575,$GAGSV,34,,38
2026-06-01T18:08:48.310813,$GAGSV,03,,40
2026-06-01T18:08:48.310813,$GAGSV,08,,36
2026-06-01T18:08:48.310813,$GAGSV,15,,41
2026-06-01T18:08:48.310813,$GAGSV,32,,37
2026-06-01T18:08:48.311281,$GAGSV,34,,42
2026-06-01T18:08:48.313639,$GBGSV,06,,34
2026-06-01T18:08:48.313639,$GBGSV,07,,42
2026-06-01T18:08:48.313639,$GBGSV,09,,39
2026-06-01T18:08:48.313639,$GBGSV,10,,42
2026-06-01T18:08:48.315068,$GBGSV,13,,39
2026-06-01T18:08:48.315068,$GBGSV,25,,44
2026-06-01T18:08:48.315068,$GBGSV,28,,39
2026-06-01T18:08:48.315068,$GBGSV,33,,21
2026-06-01T18:08:48.315784,$GBGSV,09,,35
2026-06-01T18:08:48.315784,$GBGSV,10,,37
2026-06-01T18:08:49.306853,$GPGSV,10,,38
2026-06-01T18:08:49.306853,$GPGSV,18,,41
2026-06-01T18:08:49.306853,$GPGSV,23,,29
2026-06-01T18:08:49.306853,$GPGSV,25,,27
2026-06-01T18:08:49.308319,$GPGSV,28,,38
2026-06-01T18:08:49.308319,$GPGSV,32,,40
2026-06-01T18:08:49.308319,$GPGSV,41,,42
2026-06-01T18:08:49.308319,$GPGSV,42,,42
2026-06-01T18:08:49.309172,$GPGSV,50,,35
2026-06-01T18:08:49.311657,$GPGSV,10,,33
2026-06-01T18:08:49.311657,$GPGSV,18,,40
2026-06-01T18:08:49.311657,$GPGSV,23,,29
2026-06-01T18:08:49.311657,$GPGSV,25,,23
2026-06-01T18:08:49.314200,$GPGSV,28,,31
2026-06-01T18:08:49.314200,$GPGSV,32,,34
2026-06-01T18:08:49.317309,$GLGSV,65,,31
2026-06-01T18:08:49.317309,$GLGSV,66,,22
2026-06-01T18:08:49.317309,$GLGSV,75,,22
2026-06-01T18:08:49.317309,$GLGSV,76,,32
2026-06-01T18:08:49.318136,$GLGSV,86,,15
2026-06-01T18:08:49.318136,$GLGSV,87,,35
2026-06-01T18:08:49.318136,$GLGSV,88,,38
2026-06-01T18:08:49.319002,$GLGSV,66,,22
2026-06-01T18:08:49.319002,$GLGSV,75,,22
2026-06-01T18:08:49.319002,$GLGSV,76,,34
2026-06-01T18:08:49.319002,$GLGSV,86,,16
2026-06-01T18:08:49.319791,$GLGSV,88,,41
2026-06-01T18:08:49.321913,$GAGSV,03,,37
2026-06-01T18:08:49.321913,$GAGSV,08,,39
2026-06-01T18:08:49.321913,$GAGSV,15,,40
2026-06-01T18:08:49.321913,$GAGSV,32,,38
2026-06-01T18:08:49.322433,$GAGSV,34,,38
2026-06-01T18:08:49.323481,$GAGSV,03,,39
2026-06-01T18:08:49.323481,$GAGSV,08,,38
2026-06-01T18:08:49.323481,$GAGSV,15,,41
2026-06-01T18:08:49.323481,$GAGSV,32,,39
2026-06-01T18:08:49.324055,$GAGSV,34,,42
2026-06-01T18:08:49.326698,$GBGSV,06,,30
2026-06-01T18:08:49.326698,$GBGSV,07,,43
2026-06-01T18:08:49.326698,$GBGSV,09,,39
2026-06-01T18:08:49.326698,$GBGSV,10,,42
2026-06-01T18:08:49.327777,$GBGSV,13,,42
2026-06-01T18:08:49.327777,$GBGSV,25,,43
2026-06-01T18:08:49.327777,$GBGSV,28,,40
2026-06-01T18:08:49.329899,$GBGSV,09,,34
2026-06-01T18:08:49.329899,$GBGSV,10,,37
2026-06-01T18:08:50.300686,$GPGSV,10,,38
2026-06-01T18:08:50.300686,$GPGSV,18,,40
2026-06-01T18:08:50.300686,$GPGSV,23,,28
2026-06-01T18:08:50.300686,$GPGSV,25,,25
2026-06-01T18:08:50.302856,$GPGSV,28,,38
2026-06-01T18:08:50.302856,$GPGSV,32,,40
2026-06-01T18:08:50.302856,$GPGSV,41,,44
2026-06-01T18:08:50.302856,$GPGSV,42,,41
2026-06-01T18:08:50.304086,$GPGSV,50,,37
2026-06-01T18:08:50.305970,$GPGSV,10,,30
2026-06-01T18:08:50.305970,$GPGSV,18,,40
2026-06-01T18:08:50.305970,$GPGSV,23,,28
2026-06-01T18:08:50.305970,$GPGSV,25,,24
2026-06-01T18:08:50.307184,$GPGSV,28,,34
2026-06-01T18:08:50.307184,$GPGSV,32,,33
2026-06-01T18:08:50.311430,$GLGSV,65,,35
2026-06-01T18:08:50.311430,$GLGSV,66,,20
2026-06-01T18:08:50.311430,$GLGSV,75,,29
2026-06-01T18:08:50.311430,$GLGSV,76,,31
2026-06-01T18:08:50.312569,$GLGSV,86,,15
2026-06-01T18:08:50.312569,$GLGSV,87,,38
2026-06-01T18:08:50.312569,$GLGSV,88,,39
2026-06-01T18:08:50.314509,$GLGSV,66,,23
2026-06-01T18:08:50.314509,$GLGSV,75,,23
2026-06-01T18:08:50.314509,$GLGSV,76,,35
2026-06-01T18:08:50.314509,$GLGSV,86,,17
2026-06-01T18:08:50.316124,$GLGSV,88,,40
2026-06-01T18:08:50.317724,$GAGSV,03,,39
2026-06-01T18:08:50.317724,$GAGSV,08,,38
2026-06-01T18:08:50.317724,$GAGSV,15,,40
2026-06-01T18:08:50.317724,$GAGSV,32,,36
2026-06-01T18:08:50.318321,$GAGSV,34,,38
2026-06-01T18:08:50.319762,$GAGSV,03,,39
2026-06-01T18:08:50.319762,$GAGSV,08,,40
2026-06-01T18:08:50.319762,$GAGSV,15,,41
2026-06-01T18:08:50.319762,$GAGSV,32,,38
2026-06-01T18:08:50.320505,$GAGSV,34,,40
2026-06-01T18:08:50.322925,$GBGSV,06,,26
2026-06-01T18:08:50.322925,$GBGSV,07,,43
2026-06-01T18:08:50.322925,$GBGSV,09,,39
2026-06-01T18:08:50.322925,$GBGSV,10,,42
2026-06-01T18:08:50.323871,$GBGSV,13,,40
2026-06-01T18:08:50.323871,$GBGSV,25,,43
2026-06-01T18:08:50.323871,$GBGSV,28,,42
2026-06-01T18:08:50.324865,$GBGSV,09,,36
2026-06-01T18:08:50.324865,$GBGSV,10,,37
2026-06-01T18:08:51.300509,$GPGSV,10,,39
2026-06-01T18:08:51.300509,$GPGSV,18,,40
2026-06-01T18:08:51.300509,$GPGSV,23,,27
2026-06-01T18:08:51.300509,$GPGSV,25,,24
2026-06-01T18:08:51.302531,$GPGSV,28,,34
2026-06-01T18:08:51.302531,$GPGSV,32,,38
2026-06-01T18:08:51.302531,$GPGSV,41,,43
2026-06-01T18:08:51.302531,$GPGSV,42,,41
2026-06-01T18:08:51.303692,$GPGSV,50,,37
2026-06-01T18:08:51.304786,$GPGSV,10,,34
2026-06-01T18:08:51.304786,$GPGSV,18,,38
2026-06-01T18:08:51.304786,$GPGSV,23,,25
2026-06-01T18:08:51.304786,$GPGSV,25,,21
2026-06-01T18:08:51.305622,$GPGSV,28,,34
2026-06-01T18:08:51.305622,$GPGSV,32,,37
2026-06-01T18:08:51.308560,$GLGSV,65,,34
2026-06-01T18:08:51.308560,$GLGSV,66,,19
2026-06-01T18:08:51.308560,$GLGSV,75,,22
2026-06-01T18:08:51.308560,$GLGSV,76,,32
2026-06-01T18:08:51.309520,$GLGSV,86,,17
2026-06-01T18:08:51.309520,$GLGSV,87,,37
2026-06-01T18:08:51.309520,$GLGSV,88,,39
2026-06-01T18:08:51.310768,$GLGSV,66,,22
2026-06-01T18:08:51.310768,$GLGSV,75,,26
2026-06-01T18:08:51.310768,$GLGSV,76,,36
2026-06-01T18:08:51.310768,$GLGSV,86,,17
2026-06-01T18:08:51.312536,$GLGSV,88,,40
2026-06-01T18:08:51.314838,$GAGSV,03,,38
2026-06-01T18:08:51.314838,$GAGSV,08,,36
2026-06-01T18:08:51.314838,$GAGSV,15,,40
2026-06-01T18:08:51.314838,$GAGSV,32,,36
2026-06-01T18:08:51.315918,$GAGSV,34,,40
2026-06-01T18:08:51.317143,$GAGSV,03,,37
2026-06-01T18:08:51.317143,$GAGSV,08,,38
2026-06-01T18:08:51.317143,$GAGSV,15,,41
2026-06-01T18:08:51.317143,$GAGSV,32,,38
2026-06-01T18:08:51.317663,$GAGSV,34,,40
2026-06-01T18:08:51.320659,$GBGSV,06,,26
2026-06-01T18:08:51.320659,$GBGSV,07,,42
2026-06-01T18:08:51.320659,$GBGSV,09,,40
2026-06-01T18:08:51.320659,$GBGSV,10,,43
2026-06-01T18:08:51.321664,$GBGSV,13,,31
2026-06-01T18:08:51.321664,$GBGSV,25,,43
2026-06-01T18:08:51.321664,$GBGSV,28,,40
2026-06-01T18:08:51.322227,$GBGSV,09,,32
2026-06-01T18:08:51.322227,$GBGSV,10,,38
2026-06-01T18:08:52.300261,$GPGSV,10,,39
2026-06-01T18:08:52.300261,$GPGSV,18,,41
2026-06-01T18:08:52.300261,$GPGSV,25,,30
2026-06-01T18:08:52.300261,$GPGSV,28,,39
2026-06-01T18:08:52.301974,$GPGSV,32,,40
2026-06-01T18:08:52.301974,$GPGSV,41,,41
2026-06-01T18:08:52.301974,$GPGSV,42,,41
2026-06-01T18:08:52.301974,$GPGSV,50,,37
2026-06-01T18:08:52.303038,$GPGSV,10,,34
2026-06-01T18:08:52.303038,$GPGSV,18,,38
2026-06-01T18:08:52.303038,$GPGSV,23,,21
2026-06-01T18:08:52.303038,$GPGSV,25,,22
2026-06-01T18:08:52.303807,$GPGSV,28,,34
2026-06-01T18:08:52.303807,$GPGSV,32,,37
2026-06-01T18:08:52.306815,$GLGSV,65,,31
2026-06-01T18:08:52.306815,$GLGSV,66,,19
2026-06-01T18:08:52.306815,$GLGSV,75,,23
2026-06-01T18:08:52.306815,$GLGSV,76,,27
2026-06-01T18:08:52.307630,$GLGSV,86,,18
2026-06-01T18:08:52.307630,$GLGSV,87,,36
2026-06-01T18:08:52.307630,$GLGSV,88,,39
2026-06-01T18:08:52.308482,$GLGSV,66,,22
2026-06-01T18:08:52.308482,$GLGSV,75,,31
2026-06-01T18:08:52.308482,$GLGSV,76,,36
2026-06-01T18:08:52.308482,$GLGSV,86,,16
2026-06-01T18:08:52.309142,$GLGSV,88,,40
2026-06-01T18:08:52.311122,$GAGSV,03,,38
2026-06-01T18:08:52.311122,$GAGSV,08,,36
2026-06-01T18:08:52.311122,$GAGSV,15,,39
2026-06-01T18:08:52.311122,$GAGSV,32,,36
2026-06-01T18:08:52.312965,$GAGSV,34,,41
2026-06-01T18:08:52.314260,$GAGSV,03,,39
2026-06-01T18:08:52.314260,$GAGSV,08,,36
2026-06-01T18:08:52.314260,$GAGSV,15,,41
2026-06-01T18:08:52.314260,$GAGSV,32,,36
2026-06-01T18:08:52.315298,$GAGSV,34,,41
2026-06-01T18:08:52.318614,$GBGSV,06,,26
2026-06-01T18:08:52.318614,$GBGSV,07,,43
2026-06-01T18:08:52.318614,$GBGSV,09,,39
2026-06-01T18:08:52.318614,$GBGSV,10,,40
2026-06-01T18:08:52.319243,$GBGSV,13,,37
2026-06-01T18:08:52.319243,$GBGSV,25,,43
2026-06-01T18:08:52.319243,$GBGSV,28,,41
2026-06-01T18:08:52.319802,$GBGSV,09,,36
2026-06-01T18:08:52.319802,$GBGSV,10,,38
2026-06-01T18:08:53.302153,$GPGSV,10,,39
2026-06-01T18:08:53.302153,$GPGSV,18,,39
2026-06-01T18:08:53.302153,$GPGSV,23,,25
2026-06-01T18:08:53.302153,$GPGSV,25,,29
2026-06-01T18:08:53.303616,$GPGSV,28,,36
2026-06-01T18:08:53.303616,$GPGSV,32,,41
2026-06-01T18:08:53.303616,$GPGSV,41,,40
2026-06-01T18:08:53.303616,$GPGSV,42,,42
2026-06-01T18:08:53.304715,$GPGSV,50,,37
2026-06-01T18:08:53.305810,$GPGSV,10,,30
2026-06-01T18:08:53.305810,$GPGSV,18,,40
2026-06-01T18:08:53.305810,$GPGSV,23,,28
2026-06-01T18:08:53.305810,$GPGSV,25,,21
2026-06-01T18:08:53.306802,$GPGSV,28,,34
2026-06-01T18:08:53.306802,$GPGSV,32,,34
2026-06-01T18:08:53.309716,$GLGSV,65,,32
2026-06-01T18:08:53.309716,$GLGSV,66,,21
2026-06-01T18:08:53.309716,$GLGSV,75,,24
2026-06-01T18:08:53.309716,$GLGSV,76,,32
2026-06-01T18:08:53.310502,$GLGSV,86,,17
2026-06-01T18:08:53.310502,$GLGSV,87,,35
2026-06-01T18:08:53.310502,$GLGSV,88,,40
2026-06-01T18:08:53.311733,$GLGSV,66,,22
2026-06-01T18:08:53.311733,$GLGSV,75,,26
2026-06-01T18:08:53.311733,$GLGSV,76,,36
2026-06-01T18:08:53.311733,$GLGSV,86,,16
2026-06-01T18:08:53.313293,$GLGSV,88,,42
2026-06-01T18:08:53.316275,$GAGSV,03,,38
2026-06-01T18:08:53.316275,$GAGSV,08,,39
2026-06-01T18:08:53.316275,$GAGSV,15,,39
2026-06-01T18:08:53.316275,$GAGSV,32,,38
2026-06-01T18:08:53.317460,$GAGSV,34,,40
2026-06-01T18:08:53.318442,$GAGSV,03,,39
2026-06-01T18:08:53.318442,$GAGSV,08,,39
2026-06-01T18:08:53.318442,$GAGSV,15,,38
2026-06-01T18:08:53.318442,$GAGSV,32,,37
2026-06-01T18:08:53.319141,$GAGSV,34,,42
2026-06-01T18:08:53.322022,$GBGSV,06,,25
2026-06-01T18:08:53.322022,$GBGSV,07,,43
2026-06-01T18:08:53.322022,$GBGSV,09,,37
2026-06-01T18:08:53.322022,$GBGSV,10,,42
2026-06-01T18:08:53.322799,$GBGSV,13,,38
2026-06-01T18:08:53.322799,$GBGSV,25,,44
2026-06-01T18:08:53.322799,$GBGSV,28,,43
2026-06-01T18:08:53.323374,$GBGSV,09,,37
2026-06-01T18:08:53.323374,$GBGSV,10,,39
2026-06-01T18:08:54.305081,$GPGSV,10,,37
2026-06-01T18:08:54.305081,$GPGSV,18,,39
2026-06-01T18:08:54.305081,$GPGSV,23,,23
2026-06-01T18:08:54.305081,$GPGSV,25,,33
2026-06-01T18:08:54.306710,$GPGSV,28,,38
2026-06-01T18:08:54.306710,$GPGSV,32,,41
2026-06-01T18:08:54.306710,$GPGSV,41,,41
2026-06-01T18:08:54.306710,$GPGSV,42,,41
2026-06-01T18:08:54.307556,$GPGSV,50,,36
2026-06-01T18:08:54.309288,$GPGSV,10,,35
2026-06-01T18:08:54.309288,$GPGSV,18,,38
2026-06-01T18:08:54.309288,$GPGSV,23,,25
2026-06-01T18:08:54.309288,$GPGSV,25,,23
2026-06-01T18:08:54.310054,$GPGSV,28,,35
2026-06-01T18:08:54.310054,$GPGSV,32,,34
2026-06-01T18:08:54.315187,$GLGSV,65,,35
2026-06-01T18:08:54.315187,$GLGSV,66,,21
2026-06-01T18:08:54.315187,$GLGSV,75,,21
2026-06-01T18:08:54.315187,$GLGSV,76,,32
2026-06-01T18:08:54.316570,$GLGSV,86,,18
2026-06-01T18:08:54.316570,$GLGSV,87,,35
2026-06-01T18:08:54.316570,$GLGSV,88,,37
2026-06-01T18:08:54.318636,$GLGSV,66,,22
2026-06-01T18:08:54.318636,$GLGSV,72,,16
2026-06-01T18:08:54.318636,$GLGSV,75,,27
2026-06-01T18:08:54.318636,$GLGSV,76,,36
2026-06-01T18:08:54.319661,$GLGSV,86,,18
2026-06-01T18:08:54.319661,$GLGSV,88,,39
2026-06-01T18:08:54.321100,$GAGSV,03,,38
2026-06-01T18:08:54.321100,$GAGSV,08,,37
2026-06-01T18:08:54.321100,$GAGSV,15,,38
2026-06-01T18:08:54.321100,$GAGSV,32,,37
2026-06-01T18:08:54.321633,$GAGSV,34,,40
2026-06-01T18:08:54.322419,$GAGSV,03,,37
2026-06-01T18:08:54.322419,$GAGSV,08,,36
2026-06-01T18:08:54.322419,$GAGSV,15,,39
2026-06-01T18:08:54.322419,$GAGSV,32,,39
2026-06-01T18:08:54.322892,$GAGSV,34,,40
2026-06-01T18:08:54.325521,$GBGSV,06,,25
2026-06-01T18:08:54.325521,$GBGSV,07,,42
2026-06-01T18:08:54.325521,$GBGSV,09,,40
2026-06-01T18:08:54.325521,$GBGSV,10,,43
2026-06-01T18:08:54.326517,$GBGSV,13,,34
2026-06-01T18:08:54.326517,$GBGSV,25,,43
2026-06-01T18:08:54.326517,$GBGSV,28,,41
2026-06-01T18:08:54.327648,$GBGSV,09,,36
2026-06-01T18:08:54.327648,$GBGSV,10,,38
2026-06-01T18:08:55.302840,$GPGSV,10,,39
2026-06-01T18:08:55.302840,$GPGSV,18,,39
2026-06-01T18:08:55.302840,$GPGSV,23,,23
2026-06-01T18:08:55.302840,$GPGSV,25,,32
2026-06-01T18:08:55.305830,$GPGSV,28,,38
2026-06-01T18:08:55.305830,$GPGSV,32,,41
2026-06-01T18:08:55.305830,$GPGSV,41,,40
2026-06-01T18:08:55.305830,$GPGSV,42,,37
2026-06-01T18:08:55.307323,$GPGSV,50,,38
2026-06-01T18:08:55.309354,$GPGSV,10,,35
2026-06-01T18:08:55.309354,$GPGSV,18,,38
2026-06-01T18:08:55.309354,$GPGSV,23,,24
2026-06-01T18:08:55.309354,$GPGSV,25,,25
2026-06-01T18:08:55.310734,$GPGSV,28,,33
2026-06-01T18:08:55.310734,$GPGSV,32,,34
2026-06-01T18:08:55.316159,$GLGSV,65,,35
2026-06-01T18:08:55.316159,$GLGSV,66,,20
2026-06-01T18:08:55.316159,$GLGSV,75,,21
2026-06-01T18:08:55.316159,$GLGSV,76,,31
2026-06-01T18:08:55.318906,$GLGSV,86,,17
2026-06-01T18:08:55.318906,$GLGSV,87,,36
2026-06-01T18:08:55.318906,$GLGSV,88,,41
2026-06-01T18:08:55.321082,$GLGSV,66,,21
2026-06-01T18:08:55.321082,$GLGSV,72,,15
2026-06-01T18:08:55.321082,$GLGSV,75,,31
2026-06-01T18:08:55.321082,$GLGSV,76,,36
2026-06-01T18:08:55.321999,$GLGSV,86,,18
2026-06-01T18:08:55.321999,$GLGSV,88,,40
2026-06-01T18:08:55.324059,$GAGSV,03,,39
2026-06-01T18:08:55.324059,$GAGSV,08,,38
2026-06-01T18:08:55.324059,$GAGSV,15,,38
2026-06-01T18:08:55.324059,$GAGSV,32,,38
2026-06-01T18:08:55.324799,$GAGSV,34,,40
2026-06-01T18:08:55.326335,$GAGSV,03,,38
2026-06-01T18:08:55.326335,$GAGSV,08,,36
2026-06-01T18:08:55.326335,$GAGSV,15,,39
2026-06-01T18:08:55.326335,$GAGSV,32,,39
2026-06-01T18:08:55.327288,$GAGSV,34,,42
2026-06-01T18:08:55.332406,$GBGSV,06,,24
2026-06-01T18:08:55.332406,$GBGSV,07,,43
2026-06-01T18:08:55.332406,$GBGSV,09,,36
2026-06-01T18:08:55.332406,$GBGSV,10,,43
2026-06-01T18:08:55.334034,$GBGSV,13,,34
2026-06-01T18:08:55.334034,$GBGSV,25,,44
2026-06-01T18:08:55.334034,$GBGSV,28,,40
2026-06-01T18:08:55.335070,$GBGSV,09,,36
2026-06-01T18:08:55.335070,$GBGSV,10,,38
2026-06-01T18:08:56.301969,$GPGSV,10,,39
2026-06-01T18:08:56.301969,$GPGSV,18,,40
2026-06-01T18:08:56.301969,$GPGSV,25,,32
2026-06-01T18:08:56.301969,$GPGSV,28,,36
2026-06-01T18:08:56.303909,$GPGSV,32,,40
2026-06-01T18:08:56.303909,$GPGSV,41,,43
2026-06-01T18:08:56.303909,$GPGSV,42,,40
2026-06-01T18:08:56.303909,$GPGSV,50,,36
2026-06-01T18:08:56.305290,$GPGSV,10,,37
2026-06-01T18:08:56.305290,$GPGSV,18,,38
2026-06-01T18:08:56.305290,$GPGSV,23,,22
2026-06-01T18:08:56.305290,$GPGSV,25,,26
2026-06-01T18:08:56.306281,$GPGSV,28,,34
2026-06-01T18:08:56.306281,$GPGSV,32,,33
2026-06-01T18:08:56.309516,$GLGSV,65,,36
2026-06-01T18:08:56.309516,$GLGSV,66,,18
2026-06-01T18:08:56.309516,$GLGSV,75,,23
2026-06-01T18:08:56.309516,$GLGSV,76,,32
2026-06-01T18:08:56.310305,$GLGSV,86,,19
2026-06-01T18:08:56.310305,$GLGSV,87,,39
2026-06-01T18:08:56.310305,$GLGSV,88,,39
2026-06-01T18:08:56.311357,$GLGSV,66,,21
2026-06-01T18:08:56.311357,$GLGSV,72,,14
2026-06-01T18:08:56.311357,$GLGSV,75,,32
2026-06-01T18:08:56.311357,$GLGSV,76,,36
2026-06-01T18:08:56.311998,$GLGSV,86,,18
2026-06-01T18:08:56.311998,$GLGSV,88,,41
2026-06-01T18:08:56.314403,$GAGSV,03,,36
2026-06-01T18:08:56.314403,$GAGSV,08,,36
2026-06-01T18:08:56.314403,$GAGSV,15,,39
2026-06-01T18:08:56.314403,$GAGSV,32,,38
2026-06-01T18:08:56.314962,$GAGSV,34,,39
2026-06-01T18:08:56.315654,$GAGSV,03,,36
2026-06-01T18:08:56.315654,$GAGSV,08,,39
2026-06-01T18:08:56.315654,$GAGSV,15,,39
2026-06-01T18:08:56.315654,$GAGSV,32,,39
2026-06-01T18:08:56.316056,$GAGSV,34,,40
2026-06-01T18:08:56.319637,$GBGSV,06,,23
2026-06-01T18:08:56.319637,$GBGSV,07,,42
2026-06-01T18:08:56.319637,$GBGSV,09,,38
2026-06-01T18:08:56.319637,$GBGSV,10,,41
2026-06-01T18:08:56.323511,$GBGSV,13,,39
2026-06-01T18:08:56.323511,$GBGSV,25,,42
2026-06-01T18:08:56.323511,$GBGSV,28,,42
2026-06-01T18:08:56.324348,$GBGSV,09,,36
2026-06-01T18:08:56.324348,$GBGSV,10,,40
2026-06-01T18:08:57.301372,$GPGSV,10,,38
2026-06-01T18:08:57.301372,$GPGSV,18,,39
2026-06-01T18:08:57.301372,$GPGSV,23,,23
2026-06-01T18:08:57.301372,$GPGSV,25,,32
2026-06-01T18:08:57.304213,$GPGSV,28,,38
2026-06-01T18:08:57.304213,$GPGSV,32,,41
2026-06-01T18:08:57.304213,$GPGSV,41,,41
2026-06-01T18:08:57.304213,$GPGSV,42,,41
2026-06-01T18:08:57.305896,$GPGSV,50,,38
2026-06-01T18:08:57.308148,$GPGSV,10,,35
2026-06-01T18:08:57.308148,$GPGSV,18,,37
2026-06-01T18:08:57.308148,$GPGSV,23,,23
2026-06-01T18:08:57.308148,$GPGSV,25,,26
2026-06-01T18:08:57.309424,$GPGSV,28,,36
2026-06-01T18:08:57.309424,$GPGSV,32,,33
2026-06-01T18:08:57.313213,$GLGSV,65,,33
2026-06-01T18:08:57.313213,$GLGSV,66,,18
2026-06-01T18:08:57.313213,$GLGSV,75,,19
2026-06-01T18:08:57.313213,$GLGSV,76,,36
2026-06-01T18:08:57.314216,$GLGSV,86,,20
2026-06-01T18:08:57.314216,$GLGSV,87,,40
2026-06-01T18:08:57.314216,$GLGSV,88,,40
2026-06-01T18:08:57.315196,$GLGSV,66,,22
2026-06-01T18:08:57.315196,$GLGSV,72,,12
2026-06-01T18:08:57.315196,$GLGSV,75,,31
2026-06-01T18:08:57.315196,$GLGSV,76,,39
2026-06-01T18:08:57.316070,$GLGSV,86,,20
2026-06-01T18:08:57.316070,$GLGSV,88,,41
2026-06-01T18:08:57.319071,$GAGSV,03,,33
2026-06-01T18:08:57.319071,$GAGSV,08,,38
2026-06-01T18:08:57.319071,$GAGSV,15,,41
2026-06-01T18:08:57.319071,$GAGSV,32,,40
2026-06-01T18:08:57.320527,$GAGSV,34,,39
2026-06-01T18:08:57.322132,$GAGSV,03,,35
2026-06-01T18:08:57.322132,$GAGSV,08,,38
2026-06-01T18:08:57.322132,$GAGSV,15,,39
2026-06-01T18:08:57.322132,$GAGSV,32,,37
2026-06-01T18:08:57.322630,$GAGSV,34,,40
2026-06-01T18:08:57.324929,$GBGSV,06,,21
2026-06-01T18:08:57.324929,$GBGSV,07,,43
2026-06-01T18:08:57.324929,$GBGSV,09,,33
2026-06-01T18:08:57.324929,$GBGSV,10,,40
2026-06-01T18:08:57.326074,$GBGSV,13,,39
2026-06-01T18:08:57.326074,$GBGSV,25,,41
2026-06-01T18:08:57.326074,$GBGSV,28,,42
2026-06-01T18:08:57.326074,$GBGSV,33,,25
2026-06-01T18:08:57.326729,$GBGSV,09,,32
2026-06-01T18:08:57.326729,$GBGSV,10,,39
2026-06-01T18:08:58.294702,$GPGSV,10,,38
2026-06-01T18:08:58.294702,$GPGSV,18,,39
2026-06-01T18:08:58.294702,$GPGSV,23,,24
2026-06-01T18:08:58.294702,$GPGSV,25,,31
2026-06-01T18:08:58.296702,$GPGSV,28,,38
2026-06-01T18:08:58.296702,$GPGSV,32,,39
2026-06-01T18:08:58.296702,$GPGSV,41,,43
2026-06-01T18:08:58.296702,$GPGSV,42,,43
2026-06-01T18:08:58.298474,$GPGSV,50,,38
2026-06-01T18:08:58.300725,$GPGSV,10,,36
2026-06-01T18:08:58.300725,$GPGSV,18,,37
2026-06-01T18:08:58.300725,$GPGSV,23,,22
2026-06-01T18:08:58.300725,$GPGSV,25,,27
2026-06-01T18:08:58.302406,$GPGSV,28,,33
2026-06-01T18:08:58.302406,$GPGSV,32,,34
2026-06-01T18:08:58.307321,$GLGSV,65,,36
2026-06-01T18:08:58.307321,$GLGSV,66,,18
2026-06-01T18:08:58.307321,$GLGSV,75,,31
2026-06-01T18:08:58.307321,$GLGSV,76,,36
2026-06-01T18:08:58.308786,$GLGSV,86,,20
2026-06-01T18:08:58.308786,$GLGSV,87,,39
2026-06-01T18:08:58.308786,$GLGSV,88,,39
2026-06-01T18:08:58.309758,$GLGSV,66,,21
2026-06-01T18:08:58.309758,$GLGSV,72,,14
2026-06-01T18:08:58.309758,$GLGSV,75,,32
2026-06-01T18:08:58.309758,$GLGSV,76,,38
2026-06-01T18:08:58.310361,$GLGSV,86,,22
2026-06-01T18:08:58.310361,$GLGSV,88,,39
2026-06-01T18:08:58.311545,$GAGSV,03,,35
2026-06-01T18:08:58.311545,$GAGSV,08,,38
2026-06-01T18:08:58.311545,$GAGSV,15,,40
2026-06-01T18:08:58.311545,$GAGSV,32,,39
2026-06-01T18:08:58.311949,$GAGSV,34,,38
2026-06-01T18:08:58.312693,$GAGSV,03,,34
2026-06-01T18:08:58.312693,$GAGSV,08,,39
2026-06-01T18:08:58.312693,$GAGSV,15,,41
2026-06-01T18:08:58.312693,$GAGSV,32,,36
2026-06-01T18:08:58.313151,$GAGSV,34,,38
2026-06-01T18:08:58.318132,$GBGSV,06,,21
2026-06-01T18:08:58.318132,$GBGSV,07,,41
2026-06-01T18:08:58.318132,$GBGSV,09,,33
2026-06-01T18:08:58.318132,$GBGSV,10,,40
2026-06-01T18:08:58.320107,$GBGSV,13,,39
2026-06-01T18:08:58.320107,$GBGSV,25,,43
2026-06-01T18:08:58.320107,$GBGSV,28,,39
2026-06-01T18:08:58.320107,$GBGSV,33,,23
2026-06-01T18:08:58.321102,$GBGSV,09,,31
2026-06-01T18:08:58.321102,$GBGSV,10,,37
2026-06-01T18:08:59.295385,$GPGSV,10,,37
2026-06-01T18:08:59.295385,$GPGSV,18,,40
2026-06-01T18:08:59.295385,$GPGSV,23,,24
2026-06-01T18:08:59.295385,$GPGSV,25,,34
2026-06-01T18:08:59.297441,$GPGSV,28,,39
2026-06-01T18:08:59.297441,$GPGSV,32,,41
2026-06-01T18:08:59.297441,$GPGSV,41,,43
2026-06-01T18:08:59.297441,$GPGSV,42,,41
2026-06-01T18:08:59.299730,$GPGSV,50,,37
2026-06-01T18:08:59.301251,$GPGSV,10,,33
2026-06-01T18:08:59.301251,$GPGSV,18,,38
2026-06-01T18:08:59.301251,$GPGSV,23,,21
2026-06-01T18:08:59.301251,$GPGSV,25,,26
2026-06-01T18:08:59.302747,$GPGSV,28,,32
2026-06-01T18:08:59.302747,$GPGSV,32,,34
2026-06-01T18:08:59.305814,$GLGSV,65,,35
2026-06-01T18:08:59.305814,$GLGSV,66,,21
2026-06-01T18:08:59.305814,$GLGSV,75,,25
2026-06-01T18:08:59.305814,$GLGSV,76,,36
2026-06-01T18:08:59.306853,$GLGSV,86,,22
2026-06-01T18:08:59.306853,$GLGSV,87,,37
2026-06-01T18:08:59.306853,$GLGSV,88,,41
2026-06-01T18:08:59.307960,$GLGSV,66,,22
2026-06-01T18:08:59.307960,$GLGSV,72,,14
2026-06-01T18:08:59.307960,$GLGSV,75,,32
2026-06-01T18:08:59.307960,$GLGSV,76,,36
2026-06-01T18:08:59.308831,$GLGSV,86,,21
2026-06-01T18:08:59.308831,$GLGSV,88,,39
2026-06-01T18:08:59.310363,$GAGSV,03,,35
2026-06-01T18:08:59.310363,$GAGSV,08,,38
2026-06-01T18:08:59.310363,$GAGSV,15,,39
2026-06-01T18:08:59.310363,$GAGSV,32,,37
2026-06-01T18:08:59.310835,$GAGSV,34,,37
2026-06-01T18:08:59.311654,$GAGSV,03,,33
2026-06-01T18:08:59.311654,$GAGSV,08,,38
2026-06-01T18:08:59.311654,$GAGSV,15,,41
2026-06-01T18:08:59.311654,$GAGSV,32,,40
2026-06-01T18:08:59.312209,$GAGSV,34,,39
2026-06-01T18:08:59.314705,$GBGSV,06,,20
2026-06-01T18:08:59.314705,$GBGSV,07,,42
2026-06-01T18:08:59.314705,$GBGSV,09,,33
2026-06-01T18:08:59.314705,$GBGSV,10,,43
2026-06-01T18:08:59.316920,$GBGSV,13,,40
2026-06-01T18:08:59.316920,$GBGSV,25,,43
2026-06-01T18:08:59.316920,$GBGSV,28,,42
2026-06-01T18:08:59.319680,$GBGSV,09,,32
2026-06-01T18:08:59.319680,$GBGSV,10,,39
2026-06-01T18:09:00.302194,$GPGSV,10,,39
2026-06-01T18:09:00.302194,$GPGSV,18,,40
2026-06-01T18:09:00.302194,$GPGSV,23,,25
2026-06-01T18:09:00.302194,$GPGSV,25,,37
2026-06-01T18:09:00.303391,$GPGSV,28,,37
2026-06-01T18:09:00.303391,$GPGSV,32,,39
2026-06-01T18:09:00.303391,$GPGSV,41,,43
2026-06-01T18:09:00.303391,$GPGSV,42,,41
2026-06-01T18:09:00.304083,$GPGSV,50,,36
2026-06-01T18:09:00.305318,$GPGSV,10,,35
2026-06-01T18:09:00.305318,$GPGSV,18,,39
2026-06-01T18:09:00.305318,$GPGSV,23,,22
2026-06-01T18:09:00.305318,$GPGSV,25,,28
2026-06-01T18:09:00.306239,$GPGSV,28,,35
2026-06-01T18:09:00.306239,$GPGSV,32,,34
2026-06-01T18:09:00.309152,$GLGSV,65,,32
2026-06-01T18:09:00.309152,$GLGSV,66,,20
2026-06-01T18:09:00.309152,$GLGSV,75,,31
2026-06-01T18:09:00.309152,$GLGSV,76,,33
2026-06-01T18:09:00.309909,$GLGSV,86,,21
2026-06-01T18:09:00.309909,$GLGSV,87,,37
2026-06-01T18:09:00.309909,$GLGSV,88,,40
2026-06-01T18:09:00.310844,$GLGSV,66,,22
2026-06-01T18:09:00.310844,$GLGSV,72,,13
2026-06-01T18:09:00.310844,$GLGSV,75,,33
2026-06-01T18:09:00.310844,$GLGSV,76,,35
2026-06-01T18:09:00.311496,$GLGSV,86,,20
2026-06-01T18:09:00.311496,$GLGSV,88,,41
2026-06-01T18:09:00.312710,$GAGSV,03,,40
2026-06-01T18:09:00.312710,$GAGSV,08,,38
2026-06-01T18:09:00.312710,$GAGSV,15,,40
2026-06-01T18:09:00.312710,$GAGSV,32,,39
2026-06-01T18:09:00.313361,$GAGSV,34,,39
2026-06-01T18:09:00.314293,$GAGSV,03,,40
2026-06-01T18:09:00.314293,$GAGSV,08,,38
2026-06-01T18:09:00.314293,$GAGSV,15,,40
2026-06-01T18:09:00.314293,$GAGSV,32,,39
2026-06-01T18:09:00.314811,$GAGSV,34,,40
2026-06-01T18:09:00.321007,$GBGSV,06,,20
2026-06-01T18:09:00.321007,$GBGSV,07,,42
2026-06-01T18:09:00.321007,$GBGSV,09,,39
2026-06-01T18:09:00.321007,$GBGSV,10,,42
2026-06-01T18:09:00.322626,$GBGSV,13,,41
2026-06-01T18:09:00.322626,$GBGSV,25,,42
2026-06-01T18:09:00.322626,$GBGSV,28,,42
2026-06-01T18:09:00.322626,$GBGSV,33,,27
2026-06-01T18:09:00.323601,$GBGSV,09,,32
2026-06-01T18:09:00.323601,$GBGSV,10,,39
2026-06-01T18:09:01.295144,$GPGSV,10,,37
2026-06-01T18:09:01.295144,$GPGSV,18,,40
2026-06-01T18:09:01.295144,$GPGSV,23,,25
2026-06-01T18:09:01.295144,$GPGSV,25,,36
2026-06-01T18:09:01.296649,$GPGSV,28,,36
2026-06-01T18:09:01.296649,$GPGSV,32,,40
2026-06-01T18:09:01.296649,$GPGSV,41,,42
2026-06-01T18:09:01.296649,$GPGSV,42,,42
2026-06-01T18:09:01.298753,$GPGSV,50,,38
2026-06-01T18:09:01.300563,$GPGSV,10,,34
2026-06-01T18:09:01.300563,$GPGSV,18,,41
2026-06-01T18:09:01.300563,$GPGSV,23,,24
2026-06-01T18:09:01.300563,$GPGSV,25,,28
2026-06-01T18:09:01.301540,$GPGSV,28,,35
2026-06-01T18:09:01.301540,$GPGSV,32,,33
2026-06-01T18:09:01.305034,$GLGSV,65,,35
2026-06-01T18:09:01.305034,$GLGSV,66,,20
2026-06-01T18:09:01.305034,$GLGSV,75,,25
2026-06-01T18:09:01.305034,$GLGSV,76,,36
2026-06-01T18:09:01.306202,$GLGSV,86,,21
2026-06-01T18:09:01.306202,$GLGSV,87,,37
2026-06-01T18:09:01.306202,$GLGSV,88,,40
2026-06-01T18:09:01.307809,$GLGSV,66,,22
2026-06-01T18:09:01.307809,$GLGSV,72,,15
2026-06-01T18:09:01.307809,$GLGSV,75,,32
2026-06-01T18:09:01.307809,$GLGSV,76,,36
2026-06-01T18:09:01.308550,$GLGSV,86,,19
2026-06-01T18:09:01.308550,$GLGSV,88,,40
2026-06-01T18:09:01.310306,$GAGSV,03,,38
2026-06-01T18:09:01.310306,$GAGSV,08,,37
2026-06-01T18:09:01.310306,$GAGSV,15,,40
2026-06-01T18:09:01.310306,$GAGSV,32,,39
2026-06-01T18:09:01.311146,$GAGSV,34,,39
2026-06-01T18:09:01.312141,$GAGSV,03,,39
2026-06-01T18:09:01.312141,$GAGSV,08,,38
2026-06-01T18:09:01.312141,$GAGSV,15,,40
2026-06-01T18:09:01.312141,$GAGSV,32,,40
2026-06-01T18:09:01.312632,$GAGSV,34,,40
2026-06-01T18:09:01.315246,$GBGSV,07,,42
2026-06-01T18:09:01.315246,$GBGSV,09,,37
2026-06-01T18:09:01.315246,$GBGSV,10,,42
2026-06-01T18:09:01.315246,$GBGSV,13,,42
2026-06-01T18:09:01.318029,$GBGSV,25,,42
2026-06-01T18:09:01.318029,$GBGSV,28,,43
2026-06-01T18:09:01.319510,$GBGSV,09,,36
2026-06-01T18:09:01.319510,$GBGSV,10,,39
2026-06-01T18:09:02.296222,$GPGSV,10,,41
2026-06-01T18:09:02.296222,$GPGSV,18,,40
2026-06-01T18:09:02.296222,$GPGSV,23,,30
2026-06-01T18:09:02.296222,$GPGSV,25,,35
2026-06-01T18:09:02.299343,$GPGSV,28,,38
2026-06-01T18:09:02.299343,$GPGSV,32,,39
2026-06-01T18:09:02.299343,$GPGSV,41,,43
2026-06-01T18:09:02.299343,$GPGSV,42,,41
2026-06-01T18:09:02.300744,$GPGSV,50,,37
2026-06-01T18:09:02.303586,$GPGSV,10,,35
2026-06-01T18:09:02.303586,$GPGSV,18,,39
2026-06-01T18:09:02.303586,$GPGSV,23,,26
2026-06-01T18:09:02.303586,$GPGSV,25,,29
2026-06-01T18:09:02.305577,$GPGSV,28,,35
2026-06-01T18:09:02.305577,$GPGSV,32,,33
2026-06-01T18:09:02.311374,$GLGSV,65,,36
2026-06-01T18:09:02.311374,$GLGSV,66,,20
2026-06-01T18:09:02.311374,$GLGSV,75,,26
2026-06-01T18:09:02.311374,$GLGSV,76,,36
2026-06-01T18:09:02.312490,$GLGSV,86,,19
2026-06-01T18:09:02.312490,$GLGSV,87,,37
2026-06-01T18:09:02.312490,$GLGSV,88,,39
2026-06-01T18:09:02.313695,$GLGSV,66,,22
2026-06-01T18:09:02.313695,$GLGSV,72,,16
2026-06-01T18:09:02.313695,$GLGSV,75,,35
2026-06-01T18:09:02.313695,$GLGSV,76,,39
2026-06-01T18:09:02.314903,$GLGSV,86,,18
2026-06-01T18:09:02.314903,$GLGSV,88,,40
2026-06-01T18:09:02.318632,$GAGSV,03,,38
2026-06-01T18:09:02.318632,$GAGSV,08,,37
2026-06-01T18:09:02.318632,$GAGSV,15,,40
2026-06-01T18:09:02.318632,$GAGSV,32,,39
2026-06-01T18:09:02.319381,$GAGSV,34,,39
2026-06-01T18:09:02.320440,$GAGSV,03,,39
2026-06-01T18:09:02.320440,$GAGSV,08,,39
2026-06-01T18:09:02.320440,$GAGSV,15,,41
2026-06-01T18:09:02.320440,$GAGSV,32,,38
2026-06-01T18:09:02.321403,$GAGSV,34,,40
2026-06-01T18:09:02.325617,$GBGSV,06,,20
2026-06-01T18:09:02.325617,$GBGSV,07,,42
2026-06-01T18:09:02.325617,$GBGSV,09,,37
2026-06-01T18:09:02.325617,$GBGSV,10,,43
2026-06-01T18:09:02.327564,$GBGSV,13,,40
2026-06-01T18:09:02.327564,$GBGSV,25,,43
2026-06-01T18:09:02.327564,$GBGSV,28,,41
2026-06-01T18:09:02.327564,$GBGSV,33,,21
2026-06-01T18:09:02.329441,$GBGSV,09,,36
2026-06-01T18:09:02.329441,$GBGSV,10,,38
2026-06-01T18:09:03.296961,$GPGSV,10,,39
2026-06-01T18:09:03.296961,$GPGSV,18,,40
2026-06-01T18:09:03.296961,$GPGSV,23,,36
2026-06-01T18:09:03.296961,$GPGSV,25,,35
2026-06-01T18:09:03.298185,$GPGSV,28,,37
2026-06-01T18:09:03.298185,$GPGSV,32,,38
2026-06-01T18:09:03.298185,$GPGSV,41,,44
2026-06-01T18:09:03.298185,$GPGSV,42,,42
2026-06-01T18:09:03.298758,$GPGSV,50,,37
2026-06-01T18:09:03.299838,$GPGSV,10,,33
2026-06-01T18:09:03.299838,$GPGSV,18,,39
2026-06-01T18:09:03.299838,$GPGSV,23,,32
2026-06-01T18:09:03.299838,$GPGSV,25,,29
2026-06-01T18:09:03.300582,$GPGSV,28,,35
2026-06-01T18:09:03.300582,$GPGSV,32,,34
2026-06-01T18:09:03.307319,$GLGSV,65,,35
2026-06-01T18:09:03.307319,$GLGSV,66,,19
2026-06-01T18:09:03.307319,$GLGSV,75,,35
2026-06-01T18:09:03.307319,$GLGSV,76,,34
2026-06-01T18:09:03.308348,$GLGSV,86,,18
2026-06-01T18:09:03.308348,$GLGSV,87,,36
2026-06-01T18:09:03.308348,$GLGSV,88,,40
2026-06-01T18:09:03.309418,$GLGSV,66,,22
2026-06-01T18:09:03.309418,$GLGSV,72,,17
2026-06-01T18:09:03.309418,$GLGSV,75,,33
2026-06-01T18:09:03.309418,$GLGSV,76,,39
2026-06-01T18:09:03.310158,$GLGSV,86,,18
2026-06-01T18:09:03.310158,$GLGSV,88,,41
2026-06-01T18:09:03.311691,$GAGSV,03,,38
2026-06-01T18:09:03.311691,$GAGSV,08,,38
2026-06-01T18:09:03.311691,$GAGSV,15,,40
2026-06-01T18:09:03.311691,$GAGSV,32,,39
2026-06-01T18:09:03.312274,$GAGSV,34,,40
2026-06-01T18:09:03.313181,$GAGSV,03,,39
2026-06-01T18:09:03.313181,$GAGSV,08,,39
2026-06-01T18:09:03.313181,$GAGSV,15,,40
2026-06-01T18:09:03.313181,$GAGSV,32,,40
2026-06-01T18:09:03.313671,$GAGSV,34,,41
2026-06-01T18:09:03.316031,$GBGSV,06,,21
2026-06-01T18:09:03.316031,$GBGSV,07,,43
2026-06-01T18:09:03.316031,$GBGSV,09,,38
2026-06-01T18:09:03.316031,$GBGSV,10,,42
2026-06-01T18:09:03.316999,$GBGSV,13,,39
2026-06-01T18:09:03.316999,$GBGSV,25,,42
2026-06-01T18:09:03.316999,$GBGSV,28,,42
2026-06-01T18:09:03.316999,$GBGSV,33,,34
2026-06-01T18:09:03.317709,$GBGSV,09,,38
2026-06-01T18:09:03.317709,$GBGSV,10,,38
2026-06-01T18:09:04.299523,$GPGSV,10,,39
2026-06-01T18:09:04.299523,$GPGSV,18,,40
2026-06-01T18:09:04.299523,$GPGSV,23,,38
2026-06-01T18:09:04.299523,$GPGSV,25,,35
2026-06-01T18:09:04.301449,$GPGSV,28,,37
2026-06-01T18:09:04.301449,$GPGSV,32,,39
2026-06-01T18:09:04.301449,$GPGSV,41,,44
2026-06-01T18:09:04.301449,$GPGSV,42,,42
2026-06-01T18:09:04.301998,$GPGSV,50,,38
2026-06-01T18:09:04.303429,$GPGSV,10,,34
2026-06-01T18:09:04.303429,$GPGSV,18,,39
2026-06-01T18:09:04.303429,$GPGSV,23,,36
2026-06-01T18:09:04.303429,$GPGSV,25,,30
2026-06-01T18:09:04.304130,$GPGSV,28,,36
2026-06-01T18:09:04.304130,$GPGSV,32,,33
2026-06-01T18:09:04.306774,$GLGSV,65,,35
2026-06-01T18:09:04.306774,$GLGSV,66,,20
2026-06-01T18:09:04.306774,$GLGSV,75,,34
2026-06-01T18:09:04.306774,$GLGSV,76,,36
2026-06-01T18:09:04.307630,$GLGSV,86,,18
2026-06-01T18:09:04.307630,$GLGSV,87,,38
2026-06-01T18:09:04.307630,$GLGSV,88,,40
2026-06-01T18:09:04.308401,$GLGSV,66,,21
2026-06-01T18:09:04.308401,$GLGSV,72,,19
2026-06-01T18:09:04.308401,$GLGSV,75,,32
2026-06-01T18:09:04.308401,$GLGSV,76,,39
2026-06-01T18:09:04.308915,$GLGSV,86,,19
2026-06-01T18:09:04.308915,$GLGSV,88,,41
2026-06-01T18:09:04.310020,$GAGSV,03,,38
2026-06-01T18:09:04.310020,$GAGSV,08,,38
2026-06-01T18:09:04.310020,$GAGSV,15,,39
2026-06-01T18:09:04.310020,$GAGSV,32,,39
2026-06-01T18:09:04.310436,$GAGSV,34,,40
2026-06-01T18:09:04.311140,$GAGSV,03,,39
2026-06-01T18:09:04.311140,$GAGSV,08,,38
2026-06-01T18:09:04.311140,$GAGSV,15,,40
2026-06-01T18:09:04.311140,$GAGSV,32,,40
2026-06-01T18:09:04.311569,$GAGSV,34,,41
2026-06-01T18:09:04.313667,$GBGSV,06,,23
2026-06-01T18:09:04.313667,$GBGSV,07,,43
2026-06-01T18:09:04.313667,$GBGSV,09,,39
2026-06-01T18:09:04.313667,$GBGSV,10,,42
2026-06-01T18:09:04.314446,$GBGSV,13,,39
2026-06-01T18:09:04.314446,$GBGSV,25,,42
2026-06-01T18:09:04.314446,$GBGSV,28,,42
2026-06-01T18:09:04.314446,$GBGSV,33,,39
2026-06-01T18:09:04.314995,$GBGSV,09,,37
2026-06-01T18:09:04.314995,$GBGSV,10,,38
2026-06-01T18:09:05.303557,$GPGSV,10,,38
2026-06-01T18:09:05.303557,$GPGSV,18,,40
2026-06-01T18:09:05.303557,$GPGSV,23,,39
2026-06-01T18:09:05.303557,$GPGSV,25,,35
2026-06-01T18:09:05.307855,$GPGSV,28,,37
2026-06-01T18:09:05.307855,$GPGSV,32,,41
2026-06-01T18:09:05.307855,$GPGSV,41,,42
2026-06-01T18:09:05.307855,$GPGSV,42,,42
2026-06-01T18:09:05.310252,$GPGSV,50,,37
2026-06-01T18:09:05.313539,$GPGSV,10,,36
2026-06-01T18:09:05.313539,$GPGSV,18,,38
2026-06-01T18:09:05.313539,$GPGSV,23,,36
2026-06-01T18:09:05.313539,$GPGSV,25,,30
2026-06-01T18:09:05.315552,$GPGSV,28,,36
2026-06-01T18:09:05.315552,$GPGSV,32,,34
2026-06-01T18:09:05.321587,$GLGSV,65,,32
2026-06-01T18:09:05.321587,$GLGSV,66,,19
2026-06-01T18:09:05.321587,$GLGSV,75,,33
2026-06-01T18:09:05.321587,$GLGSV,76,,36
2026-06-01T18:09:05.322535,$GLGSV,86,,18
2026-06-01T18:09:05.322535,$GLGSV,87,,38
2026-06-01T18:09:05.322535,$GLGSV,88,,40
2026-06-01T18:09:05.324242,$GLGSV,66,,22
2026-06-01T18:09:05.324242,$GLGSV,72,,20
2026-06-01T18:09:05.324242,$GLGSV,75,,38
2026-06-01T18:09:05.324242,$GLGSV,76,,37
2026-06-01T18:09:05.325462,$GLGSV,86,,19
2026-06-01T18:09:05.325462,$GLGSV,88,,41
2026-06-01T18:09:05.327249,$GAGSV,03,,39
2026-06-01T18:09:05.327249,$GAGSV,08,,36
2026-06-01T18:09:05.327249,$GAGSV,15,,39
2026-06-01T18:09:05.327249,$GAGSV,32,,39
2026-06-01T18:09:05.327871,$GAGSV,34,,40
2026-06-01T18:09:05.328756,$GAGSV,03,,38
2026-06-01T18:09:05.328756,$GAGSV,08,,38
2026-06-01T18:09:05.328756,$GAGSV,15,,40
2026-06-01T18:09:05.328756,$GAGSV,32,,40
2026-06-01T18:09:05.329295,$GAGSV,34,,40
2026-06-01T18:09:05.331916,$GBGSV,06,,22
2026-06-01T18:09:05.331916,$GBGSV,07,,43
2026-06-01T18:09:05.331916,$GBGSV,09,,37
2026-06-01T18:09:05.331916,$GBGSV,10,,42
2026-06-01T18:09:05.333847,$GBGSV,13,,42
2026-06-01T18:09:05.333847,$GBGSV,25,,42
2026-06-01T18:09:05.333847,$GBGSV,28,,43
2026-06-01T18:09:05.333847,$GBGSV,33,,41
2026-06-01T18:09:05.335395,$GBGSV,09,,37
2026-06-01T18:09:05.335395,$GBGSV,10,,38
2026-06-01T18:09:06.296797,$GPGSV,10,,39
2026-06-01T18:09:06.296797,$GPGSV,18,,40
2026-06-01T18:09:06.296797,$GPGSV,23,,41
2026-06-01T18:09:06.296797,$GPGSV,25,,37
2026-06-01T18:09:06.297926,$GPGSV,28,,37
2026-06-01T18:09:06.297926,$GPGSV,32,,40
2026-06-01T18:09:06.297926,$GPGSV,41,,43
2026-06-01T18:09:06.297926,$GPGSV,42,,41
2026-06-01T18:09:06.298543,$GPGSV,50,,37
2026-06-01T18:09:06.301008,$GPGSV,10,,35
2026-06-01T18:09:06.301008,$GPGSV,18,,38
2026-06-01T18:09:06.301008,$GPGSV,23,,37
2026-06-01T18:09:06.301008,$GPGSV,25,,29
2026-06-01T18:09:06.302236,$GPGSV,28,,36
2026-06-01T18:09:06.302236,$GPGSV,32,,34
2026-06-01T18:09:06.305525,$GLGSV,65,,32
2026-06-01T18:09:06.305525,$GLGSV,66,,19
2026-06-01T18:09:06.305525,$GLGSV,72,,18
2026-06-01T18:09:06.305525,$GLGSV,75,,39
2026-06-01T18:09:06.307085,$GLGSV,76,,36
2026-06-01T18:09:06.307085,$GLGSV,86,,18
2026-06-01T18:09:06.307085,$GLGSV,87,,37
2026-06-01T18:09:06.307085,$GLGSV,88,,40
2026-06-01T18:09:06.308361,$GLGSV,66,,21
2026-06-01T18:09:06.308361,$GLGSV,72,,23
2026-06-01T18:09:06.308361,$GLGSV,75,,40
2026-06-01T18:09:06.308361,$GLGSV,76,,37
2026-06-01T18:09:06.308965,$GLGSV,86,,18
2026-06-01T18:09:06.308965,$GLGSV,88,,39
2026-06-01T18:09:06.310425,$GAGSV,03,,39
2026-06-01T18:09:06.310425,$GAGSV,08,,37
2026-06-01T18:09:06.310425,$GAGSV,15,,39
2026-06-01T18:09:06.310425,$GAGSV,32,,40
2026-06-01T18:09:06.311097,$GAGSV,34,,40
2026-06-01T18:09:06.312125,$GAGSV,03,,38
2026-06-01T18:09:06.312125,$GAGSV,08,,38
2026-06-01T18:09:06.312125,$GAGSV,15,,41
2026-06-01T18:09:06.312125,$GAGSV,32,,40
2026-06-01T18:09:06.312614,$GAGSV,34,,40
2026-06-01T18:09:06.314863,$GBGSV,06,,22
2026-06-01T18:09:06.314863,$GBGSV,07,,43
2026-06-01T18:09:06.314863,$GBGSV,09,,38
2026-06-01T18:09:06.314863,$GBGSV,10,,42
2026-06-01T18:09:06.315732,$GBGSV,13,,40
2026-06-01T18:09:06.315732,$GBGSV,25,,44
2026-06-01T18:09:06.315732,$GBGSV,28,,42
2026-06-01T18:09:06.315732,$GBGSV,33,,42
2026-06-01T18:09:06.316586,$GBGSV,09,,36
2026-06-01T18:09:06.316586,$GBGSV,10,,39
2026-06-01T18:09:07.306575,$GPGSV,10,,37
2026-06-01T18:09:07.306575,$GPGSV,12,,16
2026-06-01T18:09:07.306575,$GPGSV,18,,40
2026-06-01T18:09:07.306575,$GPGSV,23,,41
2026-06-01T18:09:07.308552,$GPGSV,25,,37
2026-06-01T18:09:07.308552,$GPGSV,28,,37
2026-06-01T18:09:07.308552,$GPGSV,32,,38
2026-06-01T18:09:07.308552,$GPGSV,41,,42
2026-06-01T18:09:07.309654,$GPGSV,42,,43
2026-06-01T18:09:07.309654,$GPGSV,50,,37
2026-06-01T18:09:07.311024,$GPGSV,10,,35
2026-06-01T18:09:07.311024,$GPGSV,18,,38
2026-06-01T18:09:07.311024,$GPGSV,23,,39
2026-06-01T18:09:07.311024,$GPGSV,25,,29
2026-06-01T18:09:07.312114,$GPGSV,28,,36
2026-06-01T18:09:07.312114,$GPGSV,32,,35
2026-06-01T18:09:07.315687,$GLGSV,65,,33
2026-06-01T18:09:07.315687,$GLGSV,66,,20
2026-06-01T18:09:07.315687,$GLGSV,72,,20
2026-06-01T18:09:07.315687,$GLGSV,75,,39
2026-06-01T18:09:07.317392,$GLGSV,76,,38
2026-06-01T18:09:07.317392,$GLGSV,86,,18
2026-06-01T18:09:07.317392,$GLGSV,87,,37
2026-06-01T18:09:07.317392,$GLGSV,88,,39
2026-06-01T18:09:07.318545,$GLGSV,66,,21
2026-06-01T18:09:07.318545,$GLGSV,72,,24
2026-06-01T18:09:07.318545,$GLGSV,75,,40
2026-06-01T18:09:07.318545,$GLGSV,76,,39
2026-06-01T18:09:07.319684,$GLGSV,86,,17
2026-06-01T18:09:07.319684,$GLGSV,88,,41
2026-06-01T18:09:07.322826,$GAGSV,03,,39
2026-06-01T18:09:07.322826,$GAGSV,08,,37
2026-06-01T18:09:07.322826,$GAGSV,15,,40
2026-06-01T18:09:07.322826,$GAGSV,32,,40
2026-06-01T18:09:07.323955,$GAGSV,34,,40
2026-06-01T18:09:07.324906,$GAGSV,03,,38
2026-06-01T18:09:07.324906,$GAGSV,08,,38
2026-06-01T18:09:07.324906,$GAGSV,15,,42
2026-06-01T18:09:07.324906,$GAGSV,32,,40
2026-06-01T18:09:07.325461,$GAGSV,34,,41
2026-06-01T18:09:07.327737,$GBGSV,06,,22
2026-06-01T18:09:07.327737,$GBGSV,07,,43
2026-06-01T18:09:07.327737,$GBGSV,09,,39
2026-06-01T18:09:07.327737,$GBGSV,10,,43
2026-06-01T18:09:07.328547,$GBGSV,13,,40
2026-06-01T18:09:07.328547,$GBGSV,25,,43
2026-06-01T18:09:07.328547,$GBGSV,28,,41
2026-06-01T18:09:07.328547,$GBGSV,33,,40
2026-06-01T18:09:07.329384,$GBGSV,09,,36
2026-06-01T18:09:07.329384,$GBGSV,10,,38
2026-06-01T18:09:08.307685,$GPGSV,10,,39
2026-06-01T18:09:08.307685,$GPGSV,12,,16
2026-06-01T18:09:08.307685,$GPGSV,18,,40
2026-06-01T18:09:08.307685,$GPGSV,23,,39
2026-06-01T18:09:08.311005,$GPGSV,25,,36
2026-06-01T18:09:08.311005,$GPGSV,28,,37
2026-06-01T18:09:08.311005,$GPGSV,32,,38
2026-06-01T18:09:08.311005,$GPGSV,41,,42
2026-06-01T18:09:08.312317,$GPGSV,42,,42
2026-06-01T18:09:08.312317,$GPGSV,50,,36
2026-06-01T18:09:08.313909,$GPGSV,10,,35
2026-06-01T18:09:08.313909,$GPGSV,18,,38
2026-06-01T18:09:08.313909,$GPGSV,23,,39
2026-06-01T18:09:08.313909,$GPGSV,25,,29
2026-06-01T18:09:08.314983,$GPGSV,28,,36
2026-06-01T18:09:08.314983,$GPGSV,32,,34
2026-06-01T18:09:08.318671,$GLGSV,65,,33
2026-06-01T18:09:08.318671,$GLGSV,66,,20
2026-06-01T18:09:08.318671,$GLGSV,72,,20
2026-06-01T18:09:08.318671,$GLGSV,75,,40
2026-06-01T18:09:08.322263,$GLGSV,76,,38
2026-06-01T18:09:08.322263,$GLGSV,86,,20
2026-06-01T18:09:08.322263,$GLGSV,87,,37
2026-06-01T18:09:08.322263,$GLGSV,88,,40
2026-06-01T18:09:08.323988,$GLGSV,66,,21
2026-06-01T18:09:08.323988,$GLGSV,72,,26
2026-06-01T18:09:08.323988,$GLGSV,75,,42
2026-06-01T18:09:08.323988,$GLGSV,76,,37
2026-06-01T18:09:08.325218,$GLGSV,86,,15
2026-06-01T18:09:08.325218,$GLGSV,88,,40
2026-06-01T18:09:08.326898,$GAGSV,03,,39
2026-06-01T18:09:08.326898,$GAGSV,08,,37
2026-06-01T18:09:08.326898,$GAGSV,15,,40
2026-06-01T18:09:08.326898,$GAGSV,32,,39
2026-06-01T18:09:08.327498,$GAGSV,34,,39
2026-06-01T18:09:08.328396,$GAGSV,03,,38
2026-06-01T18:09:08.328396,$GAGSV,08,,38
2026-06-01T18:09:08.328396,$GAGSV,15,,41
2026-06-01T18:09:08.328396,$GAGSV,32,,38
2026-06-01T18:09:08.329462,$GAGSV,34,,39
2026-06-01T18:09:08.333032,$GBGSV,06,,21
2026-06-01T18:09:08.333032,$GBGSV,07,,43
2026-06-01T18:09:08.333032,$GBGSV,09,,40
2026-06-01T18:09:08.333032,$GBGSV,10,,43
2026-06-01T18:09:08.335146,$GBGSV,13,,40
2026-06-01T18:09:08.335146,$GBGSV,25,,42
2026-06-01T18:09:08.335146,$GBGSV,28,,43
2026-06-01T18:09:08.335146,$GBGSV,33,,39
2026-06-01T18:09:08.336568,$GBGSV,09,,36
2026-06-01T18:09:08.336568,$GBGSV,10,,38
2026-06-01T18:09:09.293849,$GPGSV,10,,39
2026-06-01T18:09:09.293849,$GPGSV,12,,15
2026-06-01T18:09:09.293849,$GPGSV,18,,40
2026-06-01T18:09:09.293849,$GPGSV,23,,39
2026-06-01T18:09:09.295911,$GPGSV,25,,36
2026-06-01T18:09:09.295911,$GPGSV,28,,38
2026-06-01T18:09:09.295911,$GPGSV,32,,39
2026-06-01T18:09:09.295911,$GPGSV,41,,43
2026-06-01T18:09:09.297098,$GPGSV,42,,41
2026-06-01T18:09:09.297098,$GPGSV,50,,36
2026-06-01T18:09:09.298395,$GPGSV,10,,35
2026-06-01T18:09:09.298395,$GPGSV,18,,38
2026-06-01T18:09:09.298395,$GPGSV,23,,38
2026-06-01T18:09:09.298395,$GPGSV,25,,29
2026-06-01T18:09:09.299241,$GPGSV,28,,36
2026-06-01T18:09:09.299241,$GPGSV,32,,34
2026-06-01T18:09:09.304745,$GLGSV,65,,33
2026-06-01T18:09:09.304745,$GLGSV,66,,19
2026-06-01T18:09:09.304745,$GLGSV,72,,21
2026-06-01T18:09:09.304745,$GLGSV,75,,39
2026-06-01T18:09:09.306041,$GLGSV,76,,38
2026-06-01T18:09:09.306041,$GLGSV,86,,19
2026-06-01T18:09:09.306041,$GLGSV,87,,37
2026-06-01T18:09:09.306041,$GLGSV,88,,41
2026-06-01T18:09:09.306776,$GLGSV,66,,21
2026-06-01T18:09:09.306776,$GLGSV,72,,26
2026-06-01T18:09:09.306776,$GLGSV,75,,42
2026-06-01T18:09:09.306776,$GLGSV,76,,37
2026-06-01T18:09:09.307396,$GLGSV,86,,17
2026-06-01T18:09:09.307396,$GLGSV,88,,40
2026-06-01T18:09:09.308892,$GAGSV,03,,39
2026-06-01T18:09:09.308892,$GAGSV,08,,38
2026-06-01T18:09:09.308892,$GAGSV,15,,40
2026-06-01T18:09:09.308892,$GAGSV,32,,40
2026-06-01T18:09:09.309501,$GAGSV,34,,39
2026-06-01T18:09:09.310204,$GAGSV,03,,38
2026-06-01T18:09:09.310204,$GAGSV,08,,38
2026-06-01T18:09:09.310204,$GAGSV,15,,41
2026-06-01T18:09:09.310204,$GAGSV,32,,40
2026-06-01T18:09:09.310596,$GAGSV,34,,39
2026-06-01T18:09:09.312449,$GBGSV,06,,20
2026-06-01T18:09:09.312449,$GBGSV,07,,43
2026-06-01T18:09:09.312449,$GBGSV,09,,39
2026-06-01T18:09:09.312449,$GBGSV,10,,42
2026-06-01T18:09:09.313254,$GBGSV,13,,42
2026-06-01T18:09:09.313254,$GBGSV,25,,43
2026-06-01T18:09:09.313254,$GBGSV,28,,43
2026-06-01T18:09:09.313254,$GBGSV,33,,39
2026-06-01T18:09:09.313754,$GBGSV,09,,36
2026-06-01T18:09:09.313754,$GBGSV,10,,38
2026-06-01T18:09:10.307936,$GPGSV,10,,39
2026-06-01T18:09:10.307936,$GPGSV,12,,15
2026-06-01T18:09:10.307936,$GPGSV,18,,39
2026-06-01T18:09:10.307936,$GPGSV,23,,40
2026-06-01T18:09:10.309531,$GPGSV,25,,36
2026-06-01T18:09:10.309531,$GPGSV,28,,39
2026-06-01T18:09:10.309531,$GPGSV,32,,39
2026-06-01T18:09:10.309531,$GPGSV,41,,43
2026-06-01T18:09:10.310570,$GPGSV,42,,41
2026-06-01T18:09:10.310570,$GPGSV,50,,37
2026-06-01T18:09:10.311860,$GPGSV,10,,34
2026-06-01T18:09:10.311860,$GPGSV,18,,39
2026-06-01T18:09:10.311860,$GPGSV,23,,38
2026-06-01T18:09:10.311860,$GPGSV,25,,29
2026-06-01T18:09:10.312677,$GPGSV,28,,36
2026-06-01T18:09:10.312677,$GPGSV,32,,34
2026-06-01T18:09:10.316014,$GLGSV,65,,37
2026-06-01T18:09:10.316014,$GLGSV,66,,18
2026-06-01T18:09:10.316014,$GLGSV,72,,22
2026-06-01T18:09:10.316014,$GLGSV,75,,40
2026-06-01T18:09:10.316886,$GLGSV,76,,35
2026-06-01T18:09:10.316886,$GLGSV,86,,19
2026-06-01T18:09:10.316886,$GLGSV,87,,37
2026-06-01T18:09:10.316886,$GLGSV,88,,41
2026-06-01T18:09:10.318102,$GLGSV,66,,22
2026-06-01T18:09:10.318102,$GLGSV,72,,32
2026-06-01T18:09:10.318102,$GLGSV,75,,40
2026-06-01T18:09:10.318102,$GLGSV,76,,35
2026-06-01T18:09:10.318863,$GLGSV,86,,17
2026-06-01T18:09:10.318863,$GLGSV,88,,40
2026-06-01T18:09:10.323881,$GAGSV,03,,39
2026-06-01T18:09:10.323881,$GAGSV,08,,38
2026-06-01T18:09:10.323881,$GAGSV,15,,40
2026-06-01T18:09:10.323881,$GAGSV,32,,39
2026-06-01T18:09:10.325492,$GAGSV,34,,39
2026-06-01T18:09:10.326619,$GAGSV,03,,38
2026-06-01T18:09:10.326619,$GAGSV,08,,38
2026-06-01T18:09:10.326619,$GAGSV,15,,41
2026-06-01T18:09:10.326619,$GAGSV,32,,38
2026-06-01T18:09:10.327060,$GAGSV,34,,40
2026-06-01T18:09:10.329940,$GBGSV,06,,22
2026-06-01T18:09:10.329940,$GBGSV,07,,43
2026-06-01T18:09:10.329940,$GBGSV,09,,39
2026-06-01T18:09:10.329940,$GBGSV,10,,42
2026-06-01T18:09:10.331609,$GBGSV,13,,43
2026-06-01T18:09:10.331609,$GBGSV,25,,43
2026-06-01T18:09:10.331609,$GBGSV,28,,43
2026-06-01T18:09:10.331609,$GBGSV,33,,39
2026-06-01T18:09:10.333612,$GBGSV,09,,36
2026-06-01T18:09:10.333612,$GBGSV,10,,39
2026-06-01T18:09:11.296735,$GPGSV,10,,39
2026-06-01T18:09:11.296735,$GPGSV,12,,14
2026-06-01T18:09:11.296735,$GPGSV,18,,38
2026-06-01T18:09:11.296735,$GPGSV,23,,40
2026-06-01T18:09:11.298276,$GPGSV,25,,33
2026-06-01T18:09:11.298276,$GPGSV,28,,39
2026-06-01T18:09:11.298276,$GPGSV,32,,41
2026-06-01T18:09:11.298276,$GPGSV,41,,42
2026-06-01T18:09:11.299522,$GPGSV,42,,42
2026-06-01T18:09:11.299522,$GPGSV,50,,37
2026-06-01T18:09:11.301015,$GPGSV,10,,34
2026-06-01T18:09:11.301015,$GPGSV,18,,39
2026-06-01T18:09:11.301015,$GPGSV,23,,38
2026-06-01T18:09:11.301015,$GPGSV,25,,28
2026-06-01T18:09:11.302573,$GPGSV,28,,35
2026-06-01T18:09:11.302573,$GPGSV,32,,34
2026-06-01T18:09:11.307387,$GLGSV,65,,36
2026-06-01T18:09:11.307387,$GLGSV,66,,18
2026-06-01T18:09:11.307387,$GLGSV,72,,23
2026-06-01T18:09:11.307387,$GLGSV,75,,41
2026-06-01T18:09:11.310245,$GLGSV,76,,34
2026-06-01T18:09:11.310245,$GLGSV,86,,18
2026-06-01T18:09:11.310245,$GLGSV,87,,37
2026-06-01T18:09:11.310245,$GLGSV,88,,39
2026-06-01T18:09:11.311719,$GLGSV,66,,20
2026-06-01T18:09:11.311719,$GLGSV,72,,30
2026-06-01T18:09:11.311719,$GLGSV,75,,43
2026-06-01T18:09:11.311719,$GLGSV,76,,32
2026-06-01T18:09:11.312564,$GLGSV,86,,16
2026-06-01T18:09:11.312564,$GLGSV,88,,41
2026-06-01T18:09:11.314414,$GAGSV,03,,38
2026-06-01T18:09:11.314414,$GAGSV,08,,38
2026-06-01T18:09:11.314414,$GAGSV,15,,40
2026-06-01T18:09:11.314414,$GAGSV,32,,39
2026-06-01T18:09:11.315731,$GAGSV,34,,39
2026-06-01T18:09:11.317318,$GAGSV,03,,38
2026-06-01T18:09:11.317318,$GAGSV,08,,38
2026-06-01T18:09:11.317318,$GAGSV,15,,41
2026-06-01T18:09:11.317318,$GAGSV,32,,39
2026-06-01T18:09:11.317966,$GAGSV,34,,40
2026-06-01T18:09:11.321172,$GBGSV,06,,26
2026-06-01T18:09:11.321172,$GBGSV,07,,43
2026-06-01T18:09:11.321172,$GBGSV,09,,39
2026-06-01T18:09:11.321172,$GBGSV,10,,41
2026-06-01T18:09:11.322811,$GBGSV,13,,42
2026-06-01T18:09:11.322811,$GBGSV,25,,43
2026-06-01T18:09:11.322811,$GBGSV,28,,43
2026-06-01T18:09:11.322811,$GBGSV,33,,42
2026-06-01T18:09:11.323666,$GBGSV,09,,35
2026-06-01T18:09:11.323666,$GBGSV,10,,38
2026-06-01T18:09:12.295532,$GPGSV,10,,39
2026-06-01T18:09:12.295532,$GPGSV,12,,15
2026-06-01T18:09:12.295532,$GPGSV,18,,40
2026-06-01T18:09:12.295532,$GPGSV,23,,40
2026-06-01T18:09:12.296676,$GPGSV,25,,36
2026-06-01T18:09:12.296676,$GPGSV,28,,39
2026-06-01T18:09:12.296676,$GPGSV,32,,41
2026-06-01T18:09:12.296676,$GPGSV,41,,42
2026-06-01T18:09:12.297347,$GPGSV,42,,41
2026-06-01T18:09:12.297347,$GPGSV,50,,37
2026-06-01T18:09:12.298256,$GPGSV,10,,34
2026-06-01T18:09:12.298256,$GPGSV,18,,38
2026-06-01T18:09:12.298256,$GPGSV,23,,38
2026-06-01T18:09:12.298256,$GPGSV,25,,30
2026-06-01T18:09:12.298869,$GPGSV,28,,34
2026-06-01T18:09:12.298869,$GPGSV,32,,34
2026-06-01T18:09:12.301157,$GLGSV,65,,38
2026-06-01T18:09:12.301157,$GLGSV,66,,19
2026-06-01T18:09:12.301157,$GLGSV,72,,23
2026-06-01T18:09:12.301157,$GLGSV,75,,40
2026-06-01T18:09:12.303510,$GLGSV,76,,35
2026-06-01T18:09:12.303510,$GLGSV,86,,18
2026-06-01T18:09:12.303510,$GLGSV,87,,38
2026-06-01T18:09:12.303510,$GLGSV,88,,39
2026-06-01T18:09:12.305834,$GLGSV,66,,19
2026-06-01T18:09:12.305834,$GLGSV,72,,30
2026-06-01T18:09:12.305834,$GLGSV,75,,42
2026-06-01T18:09:12.305834,$GLGSV,76,,35
2026-06-01T18:09:12.306586,$GLGSV,86,,16
2026-06-01T18:09:12.306586,$GLGSV,88,,40
2026-06-01T18:09:12.308298,$GAGSV,03,,38
2026-06-01T18:09:12.308298,$GAGSV,08,,38
2026-06-01T18:09:12.308298,$GAGSV,15,,40
2026-06-01T18:09:12.308298,$GAGSV,32,,41
2026-06-01T18:09:12.308931,$GAGSV,34,,39
2026-06-01T18:09:12.310132,$GAGSV,03,,38
2026-06-01T18:09:12.310132,$GAGSV,08,,38
2026-06-01T18:09:12.310132,$GAGSV,15,,41
2026-06-01T18:09:12.310132,$GAGSV,32,,39
2026-06-01T18:09:12.310848,$GAGSV,34,,40
2026-06-01T18:09:12.314111,$GBGSV,06,,28
2026-06-01T18:09:12.314111,$GBGSV,07,,43
2026-06-01T18:09:12.314111,$GBGSV,09,,39
2026-06-01T18:09:12.314111,$GBGSV,10,,42
2026-06-01T18:09:12.315387,$GBGSV,13,,41
2026-06-01T18:09:12.315387,$GBGSV,25,,42
2026-06-01T18:09:12.315387,$GBGSV,28,,42
2026-06-01T18:09:12.315387,$GBGSV,33,,40
2026-06-01T18:09:12.316070,$GBGSV,09,,35
2026-06-01T18:09:12.316070,$GBGSV,10,,38
2026-06-01T18:09:13.300034,$GPGSV,10,,40
2026-06-01T18:09:13.300034,$GPGSV,12,,17
2026-06-01T18:09:13.300034,$GPGSV,18,,40
2026-06-01T18:09:13.300034,$GPGSV,23,,40
2026-06-01T18:09:13.301129,$GPGSV,25,,36
2026-06-01T18:09:13.301129,$GPGSV,28,,37
2026-06-01T18:09:13.301129,$GPGSV,32,,41
2026-06-01T18:09:13.301129,$GPGSV,41,,42
2026-06-01T18:09:13.302161,$GPGSV,42,,42
2026-06-01T18:09:13.302161,$GPGSV,50,,36
2026-06-01T18:09:13.303919,$GPGSV,10,,34
2026-06-01T18:09:13.303919,$GPGSV,18,,38
2026-06-01T18:09:13.303919,$GPGSV,23,,37
2026-06-01T18:09:13.303919,$GPGSV,25,,31
2026-06-01T18:09:13.304784,$GPGSV,28,,34
2026-06-01T18:09:13.304784,$GPGSV,32,,33
2026-06-01T18:09:13.309573,$GLGSV,65,,37
2026-06-01T18:09:13.309573,$GLGSV,66,,20
2026-06-01T18:09:13.309573,$GLGSV,72,,20
2026-06-01T18:09:13.309573,$GLGSV,75,,38
2026-06-01T18:09:13.310995,$GLGSV,76,,31
2026-06-01T18:09:13.310995,$GLGSV,86,,17
2026-06-01T18:09:13.310995,$GLGSV,87,,37
2026-06-01T18:09:13.310995,$GLGSV,88,,39
2026-06-01T18:09:13.312165,$GLGSV,66,,21
2026-06-01T18:09:13.312165,$GLGSV,72,,29
2026-06-01T18:09:13.312165,$GLGSV,75,,42
2026-06-01T18:09:13.312165,$GLGSV,76,,32
2026-06-01T18:09:13.312812,$GLGSV,86,,17
2026-06-01T18:09:13.312812,$GLGSV,88,,38
2026-06-01T18:09:13.314000,$GAGSV,03,,36
2026-06-01T18:09:13.314000,$GAGSV,08,,38
2026-06-01T18:09:13.314000,$GAGSV,15,,40
2026-06-01T18:09:13.314000,$GAGSV,32,,39
2026-06-01T18:09:13.314456,$GAGSV,34,,39
2026-06-01T18:09:13.315194,$GAGSV,03,,38
2026-06-01T18:09:13.315194,$GAGSV,08,,37
2026-06-01T18:09:13.315194,$GAGSV,15,,40
2026-06-01T18:09:13.315194,$GAGSV,32,,39
2026-06-01T18:09:13.315656,$GAGSV,34,,40
2026-06-01T18:09:13.317507,$GBGSV,06,,33
2026-06-01T18:09:13.317507,$GBGSV,07,,43
2026-06-01T18:09:13.317507,$GBGSV,09,,39
2026-06-01T18:09:13.317507,$GBGSV,10,,42
2026-06-01T18:09:13.318454,$GBGSV,13,,41
2026-06-01T18:09:13.318454,$GBGSV,25,,43
2026-06-01T18:09:13.318454,$GBGSV,28,,41
2026-06-01T18:09:13.318454,$GBGSV,33,,39
2026-06-01T18:09:13.319020,$GBGSV,09,,35
2026-06-01T18:09:13.319020,$GBGSV,10,,39
2026-06-01T18:09:14.306046,$GPGSV,10,,39
2026-06-01T18:09:14.306046,$GPGSV,12,,17
2026-06-01T18:09:14.306046,$GPGSV,18,,40
2026-06-01T18:09:14.306046,$GPGSV,23,,40
2026-06-01T18:09:14.307673,$GPGSV,25,,36
2026-06-01T18:09:14.307673,$GPGSV,28,,39
2026-06-01T18:09:14.307673,$GPGSV,32,,39
2026-06-01T18:09:14.307673,$GPGSV,41,,42
2026-06-01T18:09:14.309279,$GPGSV,42,,42
2026-06-01T18:09:14.309279,$GPGSV,50,,37
2026-06-01T18:09:14.310343,$GPGSV,10,,34
2026-06-01T18:09:14.310343,$GPGSV,18,,38
2026-06-01T18:09:14.310343,$GPGSV,23,,37
2026-06-01T18:09:14.310343,$GPGSV,25,,31
2026-06-01T18:09:14.311091,$GPGSV,28,,37
2026-06-01T18:09:14.311091,$GPGSV,32,,33
2026-06-01T18:09:14.314325,$GLGSV,65,,36
2026-06-01T18:09:14.314325,$GLGSV,66,,20
2026-06-01T18:09:14.314325,$GLGSV,72,,18
2026-06-01T18:09:14.314325,$GLGSV,75,,40
2026-06-01T18:09:14.315245,$GLGSV,76,,29
2026-06-01T18:09:14.315245,$GLGSV,86,,17
2026-06-01T18:09:14.315245,$GLGSV,87,,37
2026-06-01T18:09:14.315245,$GLGSV,88,,40
2026-06-01T18:09:14.316084,$GLGSV,66,,21
2026-06-01T18:09:14.316084,$GLGSV,72,,29
2026-06-01T18:09:14.316084,$GLGSV,75,,42
2026-06-01T18:09:14.316084,$GLGSV,76,,32
2026-06-01T18:09:14.316670,$GLGSV,86,,17
2026-06-01T18:09:14.316670,$GLGSV,88,,40
2026-06-01T18:09:14.317940,$GAGSV,03,,37
2026-06-01T18:09:14.317940,$GAGSV,08,,37
2026-06-01T18:09:14.317940,$GAGSV,15,,39
2026-06-01T18:09:14.317940,$GAGSV,32,,39
2026-06-01T18:09:14.318551,$GAGSV,34,,40
2026-06-01T18:09:14.320555,$GAGSV,03,,38
2026-06-01T18:09:14.320555,$GAGSV,08,,37
2026-06-01T18:09:14.320555,$GAGSV,15,,40
2026-06-01T18:09:14.320555,$GAGSV,32,,39
2026-06-01T18:09:14.322280,$GAGSV,34,,40
2026-06-01T18:09:14.324871,$GBGSV,06,,36
2026-06-01T18:09:14.324871,$GBGSV,07,,42
2026-06-01T18:09:14.324871,$GBGSV,09,,39
2026-06-01T18:09:14.324871,$GBGSV,10,,42
2026-06-01T18:09:14.325780,$GBGSV,13,,42
2026-06-01T18:09:14.325780,$GBGSV,25,,43
2026-06-01T18:09:14.325780,$GBGSV,28,,42
2026-06-01T18:09:14.325780,$GBGSV,33,,40
2026-06-01T18:09:14.326315,$GBGSV,09,,35
2026-06-01T18:09:14.326315,$GBGSV,10,,38
2026-06-01T18:09:15.293831,$GPGSV,10,,39
2026-06-01T18:09:15.293831,$GPGSV,12,,16
2026-06-01T18:09:15.293831,$GPGSV,18,,40
2026-06-01T18:09:15.293831,$GPGSV,23,,39
2026-06-01T18:09:15.294948,$GPGSV,25,,36
2026-06-01T18:09:15.294948,$GPGSV,28,,39
2026-06-01T18:09:15.294948,$GPGSV,32,,39
2026-06-01T18:09:15.294948,$GPGSV,41,,42
2026-06-01T18:09:15.295661,$GPGSV,42,,41
2026-06-01T18:09:15.295661,$GPGSV,50,,36
2026-06-01T18:09:15.296783,$GPGSV,10,,33
2026-06-01T18:09:15.296783,$GPGSV,18,,38
2026-06-01T18:09:15.296783,$GPGSV,23,,38
2026-06-01T18:09:15.296783,$GPGSV,25,,30
2026-06-01T18:09:15.297620,$GPGSV,28,,36
2026-06-01T18:09:15.297620,$GPGSV,32,,34
2026-06-01T18:09:15.299952,$GLGSV,65,,36
2026-06-01T18:09:15.299952,$GLGSV,66,,19
2026-06-01T18:09:15.299952,$GLGSV,72,,21
2026-06-01T18:09:15.299952,$GLGSV,75,,41
2026-06-01T18:09:15.300816,$GLGSV,76,,24
2026-06-01T18:09:15.300816,$GLGSV,86,,19
2026-06-01T18:09:15.300816,$GLGSV,87,,39
2026-06-01T18:09:15.300816,$GLGSV,88,,41
2026-06-01T18:09:15.301705,$GLGSV,66,,21
2026-06-01T18:09:15.301705,$GLGSV,72,,28
2026-06-01T18:09:15.301705,$GLGSV,75,,42
2026-06-01T18:09:15.301705,$GLGSV,76,,29
2026-06-01T18:09:15.303660,$GLGSV,86,,17
2026-06-01T18:09:15.303660,$GLGSV,88,,39
2026-06-01T18:09:15.305905,$GAGSV,03,,38
2026-06-01T18:09:15.305905,$GAGSV,08,,37
2026-06-01T18:09:15.305905,$GAGSV,15,,39
2026-06-01T18:09:15.305905,$GAGSV,32,,39
2026-06-01T18:09:15.306433,$GAGSV,34,,39
2026-06-01T18:09:15.307681,$GAGSV,03,,38
2026-06-01T18:09:15.307681,$GAGSV,08,,37
2026-06-01T18:09:15.307681,$GAGSV,15,,39
2026-06-01T18:09:15.307681,$GAGSV,32,,39
2026-06-01T18:09:15.308294,$GAGSV,34,,40
2026-06-01T18:09:15.311036,$GBGSV,06,,37
2026-06-01T18:09:15.311036,$GBGSV,07,,42
2026-06-01T18:09:15.311036,$GBGSV,09,,39
2026-06-01T18:09:15.311036,$GBGSV,10,,42
2026-06-01T18:09:15.311939,$GBGSV,13,,42
2026-06-01T18:09:15.311939,$GBGSV,25,,41
2026-06-01T18:09:15.311939,$GBGSV,28,,41
2026-06-01T18:09:15.311939,$GBGSV,33,,40
2026-06-01T18:09:15.312538,$GBGSV,09,,35
2026-06-01T18:09:15.312538,$GBGSV,10,,38
2026-06-01T18:09:16.298906,$GPGSV,10,,39
2026-06-01T18:09:16.298906,$GPGSV,12,,15
2026-06-01T18:09:16.298906,$GPGSV,18,,40
2026-06-01T18:09:16.298906,$GPGSV,23,,41
2026-06-01T18:09:16.300390,$GPGSV,25,,34
2026-06-01T18:09:16.300390,$GPGSV,28,,38
2026-06-01T18:09:16.300390,$GPGSV,32,,38
2026-06-01T18:09:16.300390,$GPGSV,41,,44
2026-06-01T18:09:16.301236,$GPGSV,42,,42
2026-06-01T18:09:16.301236,$GPGSV,50,,37
2026-06-01T18:09:16.302468,$GPGSV,10,,33
2026-06-01T18:09:16.302468,$GPGSV,18,,38
2026-06-01T18:09:16.302468,$GPGSV,23,,38
2026-06-01T18:09:16.302468,$GPGSV,25,,30
2026-06-01T18:09:16.303331,$GPGSV,28,,36
2026-06-01T18:09:16.303331,$GPGSV,32,,34
2026-06-01T18:09:16.309452,$GLGSV,65,,36
2026-06-01T18:09:16.309452,$GLGSV,66,,19
2026-06-01T18:09:16.309452,$GLGSV,72,,25
2026-06-01T18:09:16.309452,$GLGSV,75,,39
2026-06-01T18:09:16.310855,$GLGSV,76,,30
2026-06-01T18:09:16.310855,$GLGSV,86,,17
2026-06-01T18:09:16.310855,$GLGSV,87,,40
2026-06-01T18:09:16.310855,$GLGSV,88,,40
2026-06-01T18:09:16.311745,$GLGSV,66,,19
2026-06-01T18:09:16.311745,$GLGSV,72,,29
2026-06-01T18:09:16.311745,$GLGSV,75,,43
2026-06-01T18:09:16.311745,$GLGSV,76,,30
2026-06-01T18:09:16.312262,$GLGSV,86,,17
2026-06-01T18:09:16.312262,$GLGSV,88,,40
2026-06-01T18:09:16.313475,$GAGSV,03,,38
2026-06-01T18:09:16.313475,$GAGSV,08,,38
2026-06-01T18:09:16.313475,$GAGSV,15,,39
2026-06-01T18:09:16.313475,$GAGSV,32,,39
2026-06-01T18:09:16.313907,$GAGSV,34,,39
2026-06-01T18:09:16.314594,$GAGSV,03,,38
2026-06-01T18:09:16.314594,$GAGSV,08,,37
2026-06-01T18:09:16.314594,$GAGSV,15,,40
2026-06-01T18:09:16.314594,$GAGSV,32,,38
2026-06-01T18:09:16.315092,$GAGSV,34,,39
2026-06-01T18:09:16.315092,$GAGSV,36,,17
2026-06-01T18:09:16.317395,$GBGSV,06,,39
2026-06-01T18:09:16.317395,$GBGSV,07,,42
2026-06-01T18:09:16.317395,$GBGSV,09,,40
2026-06-01T18:09:16.317395,$GBGSV,10,,42
2026-06-01T18:09:16.318377,$GBGSV,13,,41
2026-06-01T18:09:16.318377,$GBGSV,25,,43
2026-06-01T18:09:16.318377,$GBGSV,28,,42
2026-06-01T18:09:16.318377,$GBGSV,33,,41
2026-06-01T18:09:16.318974,$GBGSV,09,,36
2026-06-01T18:09:16.318974,$GBGSV,10,,38
2026-06-01T18:09:17.300174,$GPGSV,10,,39
2026-06-01T18:09:17.300174,$GPGSV,12,,14
2026-06-01T18:09:17.300174,$GPGSV,18,,40
2026-06-01T18:09:17.300174,$GPGSV,23,,40
2026-06-01T18:09:17.304107,$GPGSV,25,,35
2026-06-01T18:09:17.304107,$GPGSV,28,,38
2026-06-01T18:09:17.304107,$GPGSV,32,,38
2026-06-01T18:09:17.304107,$GPGSV,41,,43
2026-06-01T18:09:17.306988,$GPGSV,42,,42
2026-06-01T18:09:17.306988,$GPGSV,50,,36
2026-06-01T18:09:17.309745,$GPGSV,10,,32
2026-06-01T18:09:17.309745,$GPGSV,18,,37
2026-06-01T18:09:17.309745,$GPGSV,23,,38
2026-06-01T18:09:17.309745,$GPGSV,25,,29
2026-06-01T18:09:17.311619,$GPGSV,28,,36
2026-06-01T18:09:17.311619,$GPGSV,32,,33
2026-06-01T18:09:17.316995,$GLGSV,65,,35
2026-06-01T18:09:17.316995,$GLGSV,66,,15
2026-06-01T18:09:17.316995,$GLGSV,72,,26
2026-06-01T18:09:17.316995,$GLGSV,75,,39
2026-06-01T18:09:17.318017,$GLGSV,76,,29
2026-06-01T18:09:17.318017,$GLGSV,86,,17
2026-06-01T18:09:17.318017,$GLGSV,87,,39
2026-06-01T18:09:17.318017,$GLGSV,88,,40
2026-06-01T18:09:17.319247,$GLGSV,66,,17
2026-06-01T18:09:17.319247,$GLGSV,72,,29
2026-06-01T18:09:17.319247,$GLGSV,75,,44
2026-06-01T18:09:17.319247,$GLGSV,76,,30
2026-06-01T18:09:17.320017,$GLGSV,86,,16
2026-06-01T18:09:17.320017,$GLGSV,88,,41
2026-06-01T18:09:17.322135,$GAGSV,03,,38
2026-06-01T18:09:17.322135,$GAGSV,08,,38
2026-06-01T18:09:17.322135,$GAGSV,15,,39
2026-06-01T18:09:17.322135,$GAGSV,32,,39
2026-06-01T18:09:17.323352,$GAGSV,34,,39
2026-06-01T18:09:17.325626,$GAGSV,03,,37
2026-06-01T18:09:17.325626,$GAGSV,08,,38
2026-06-01T18:09:17.325626,$GAGSV,15,,40
2026-06-01T18:09:17.325626,$GAGSV,32,,38
2026-06-01T18:09:17.326424,$GAGSV,34,,40
2026-06-01T18:09:17.328421,$GBGSV,06,,39
2026-06-01T18:09:17.328421,$GBGSV,07,,42
2026-06-01T18:09:17.328421,$GBGSV,09,,40
2026-06-01T18:09:17.328421,$GBGSV,10,,42
2026-06-01T18:09:17.329146,$GBGSV,13,,41
2026-06-01T18:09:17.329146,$GBGSV,25,,43
2026-06-01T18:09:17.329146,$GBGSV,28,,43
2026-06-01T18:09:17.329146,$GBGSV,33,,41
2026-06-01T18:09:17.329617,$GBGSV,09,,36
2026-06-01T18:09:17.329617,$GBGSV,10,,39
2026-06-01T18:09:18.295040,$GPGSV,10,,39
2026-06-01T18:09:18.295040,$GPGSV,12,,11
2026-06-01T18:09:18.295040,$GPGSV,18,,40
2026-06-01T18:09:18.295040,$GPGSV,23,,40
2026-06-01T18:09:18.297431,$GPGSV,25,,35
2026-06-01T18:09:18.297431,$GPGSV,28,,38
2026-06-01T18:09:18.297431,$GPGSV,32,,38
2026-06-01T18:09:18.297431,$GPGSV,41,,43
2026-06-01T18:09:18.298932,$GPGSV,42,,42
2026-06-01T18:09:18.298932,$GPGSV,50,,36
2026-06-01T18:09:18.301237,$GPGSV,10,,33
2026-06-01T18:09:18.301237,$GPGSV,18,,38
2026-06-01T18:09:18.301237,$GPGSV,23,,38
2026-06-01T18:09:18.301237,$GPGSV,25,,30
2026-06-01T18:09:18.302749,$GPGSV,28,,36
2026-06-01T18:09:18.302749,$GPGSV,32,,33
2026-06-01T18:09:18.308692,$GLGSV,65,,35
2026-06-01T18:09:18.308692,$GLGSV,66,,11
2026-06-01T18:09:18.308692,$GLGSV,72,,26
2026-06-01T18:09:18.308692,$GLGSV,75,,40
2026-06-01T18:09:18.311352,$GLGSV,76,,28
2026-06-01T18:09:18.311352,$GLGSV,86,,14
2026-06-01T18:09:18.311352,$GLGSV,87,,39
2026-06-01T18:09:18.311352,$GLGSV,88,,40
2026-06-01T18:09:18.313922,$GLGSV,66,,14
2026-06-01T18:09:18.313922,$GLGSV,72,,29
2026-06-01T18:09:18.313922,$GLGSV,75,,44
2026-06-01T18:09:18.313922,$GLGSV,76,,30
2026-06-01T18:09:18.315742,$GLGSV,86,,16
2026-06-01T18:09:18.315742,$GLGSV,88,,41
2026-06-01T18:09:18.318767,$GAGSV,03,,38
2026-06-01T18:09:18.318767,$GAGSV,08,,38
2026-06-01T18:09:18.318767,$GAGSV,15,,39
2026-06-01T18:09:18.318767,$GAGSV,32,,39
2026-06-01T18:09:18.319401,$GAGSV,34,,39
2026-06-01T18:09:18.320673,$GAGSV,03,,37
2026-06-01T18:09:18.320673,$GAGSV,08,,38
2026-06-01T18:09:18.320673,$GAGSV,15,,40
2026-06-01T18:09:18.320673,$GAGSV,32,,38
2026-06-01T18:09:18.321917,$GAGSV,34,,40
2026-06-01T18:09:18.324610,$GBGSV,06,,39
2026-06-01T18:09:18.324610,$GBGSV,07,,42
2026-06-01T18:09:18.324610,$GBGSV,09,,40
2026-06-01T18:09:18.324610,$GBGSV,10,,42
2026-06-01T18:09:18.325737,$GBGSV,13,,41
2026-06-01T18:09:18.325737,$GBGSV,25,,43
2026-06-01T18:09:18.325737,$GBGSV,28,,43
2026-06-01T18:09:18.325737,$GBGSV,33,,41
2026-06-01T18:09:18.326259,$GBGSV,09,,36
2026-06-01T18:09:18.326259,$GBGSV,10,,39
2026-06-01T18:09:19.299238,$GPGSV,10,,39
2026-06-01T18:09:19.299238,$GPGSV,12,,09
2026-06-01T18:09:19.299238,$GPGSV,18,,40
2026-06-01T18:09:19.299238,$GPGSV,23,,40
2026-06-01T18:09:19.303020,$GPGSV,25,,35
2026-06-01T18:09:19.303020,$GPGSV,28,,37
2026-06-01T18:09:19.303020,$GPGSV,32,,38
2026-06-01T18:09:19.303020,$GPGSV,41,,43
2026-06-01T18:09:19.305986,$GPGSV,42,,42
2026-06-01T18:09:19.305986,$GPGSV,50,,36
2026-06-01T18:09:19.309845,$GPGSV,10,,33
2026-06-01T18:09:19.309845,$GPGSV,18,,37
2026-06-01T18:09:19.309845,$GPGSV,23,,38
2026-06-01T18:09:19.309845,$GPGSV,25,,30
2026-06-01T18:09:19.312002,$GPGSV,28,,36
2026-06-01T18:09:19.312002,$GPGSV,32,,33
2026-06-01T18:09:19.317942,$GLGSV,65,,35
2026-06-01T18:09:19.317942,$GLGSV,72,,26
2026-06-01T18:09:19.317942,$GLGSV,75,,40
2026-06-01T18:09:19.317942,$GLGSV,76,,28
2026-06-01T18:09:19.318961,$GLGSV,86,,12
2026-06-01T18:09:19.318961,$GLGSV,87,,39
2026-06-01T18:09:19.318961,$GLGSV,88,,40
2026-06-01T18:09:19.320751,$GLGSV,66,,14
2026-06-01T18:09:19.320751,$GLGSV,72,,29
2026-06-01T18:09:19.320751,$GLGSV,75,,43
2026-06-01T18:09:19.320751,$GLGSV,76,,30
2026-06-01T18:09:19.321959,$GLGSV,86,,15
2026-06-01T18:09:19.321959,$GLGSV,88,,41
2026-06-01T18:09:19.325381,$GAGSV,03,,38
2026-06-01T18:09:19.325381,$GAGSV,08,,38
2026-06-01T18:09:19.325381,$GAGSV,15,,39
2026-06-01T18:09:19.325381,$GAGSV,32,,39
2026-06-01T18:09:19.326270,$GAGSV,34,,39
2026-06-01T18:09:19.326998,$GAGSV,03,,37
2026-06-01T18:09:19.326998,$GAGSV,08,,38
2026-06-01T18:09:19.326998,$GAGSV,15,,40
2026-06-01T18:09:19.326998,$GAGSV,32,,38
2026-06-01T18:09:19.327416,$GAGSV,34,,40
2026-06-01T18:09:19.329247,$GBGSV,06,,39
2026-06-01T18:09:19.329247,$GBGSV,07,,42
2026-06-01T18:09:19.329247,$GBGSV,09,,40
2026-06-01T18:09:19.329247,$GBGSV,10,,42
2026-06-01T18:09:19.329932,$GBGSV,13,,41
2026-06-01T18:09:19.329932,$GBGSV,25,,43
2026-06-01T18:09:19.329932,$GBGSV,28,,43
2026-06-01T18:09:19.329932,$GBGSV,33,,41
2026-06-01T18:09:19.330421,$GBGSV,09,,36
2026-06-01T18:09:19.330421,$GBGSV,10,,39
2026-06-01T18:09:20.303105,$GPGSV,10,,39
2026-06-01T18:09:20.303105,$GPGSV,12,,10
2026-06-01T18:09:20.303105,$GPGSV,18,,40
2026-06-01T18:09:20.303105,$GPGSV,23,,40
2026-06-01T18:09:20.305736,$GPGSV,25,,35
2026-06-01T18:09:20.305736,$GPGSV,28,,37
2026-06-01T18:09:20.305736,$GPGSV,32,,38
2026-06-01T18:09:20.305736,$GPGSV,41,,43
2026-06-01T18:09:20.307389,$GPGSV,42,,42
2026-06-01T18:09:20.307389,$GPGSV,50,,36
2026-06-01T18:09:20.309626,$GPGSV,10,,33
2026-06-01T18:09:20.309626,$GPGSV,18,,38
2026-06-01T18:09:20.309626,$GPGSV,23,,38
2026-06-01T18:09:20.309626,$GPGSV,25,,30
2026-06-01T18:09:20.311565,$GPGSV,28,,36
2026-06-01T18:09:20.311565,$GPGSV,32,,33
2026-06-01T18:09:20.318246,$GLGSV,65,,35
2026-06-01T18:09:20.318246,$GLGSV,72,,26
2026-06-01T18:09:20.318246,$GLGSV,75,,40
2026-06-01T18:09:20.318246,$GLGSV,76,,28
2026-06-01T18:09:20.319562,$GLGSV,86,,11
2026-06-01T18:09:20.319562,$GLGSV,87,,39
2026-06-01T18:09:20.319562,$GLGSV,88,,40
2026-06-01T18:09:20.322036,$GLGSV,66,,16
2026-06-01T18:09:20.322036,$GLGSV,72,,29
2026-06-01T18:09:20.322036,$GLGSV,75,,42
2026-06-01T18:09:20.322036,$GLGSV,76,,30
2026-06-01T18:09:20.323225,$GLGSV,86,,14
2026-06-01T18:09:20.323225,$GLGSV,88,,41
2026-06-01T18:09:20.325953,$GAGSV,03,,38
2026-06-01T18:09:20.325953,$GAGSV,08,,38
2026-06-01T18:09:20.325953,$GAGSV,15,,39
2026-06-01T18:09:20.325953,$GAGSV,32,,38
2026-06-01T18:09:20.326562,$GAGSV,34,,39
2026-06-01T18:09:20.327628,$GAGSV,03,,37
2026-06-01T18:09:20.327628,$GAGSV,08,,38
2026-06-01T18:09:20.327628,$GAGSV,15,,40
2026-06-01T18:09:20.327628,$GAGSV,32,,38
2026-06-01T18:09:20.328244,$GAGSV,34,,40
2026-06-01T18:09:20.330537,$GBGSV,06,,39
2026-06-01T18:09:20.330537,$GBGSV,07,,42
2026-06-01T18:09:20.330537,$GBGSV,09,,40
2026-06-01T18:09:20.330537,$GBGSV,10,,43
2026-06-01T18:09:20.331438,$GBGSV,13,,41
2026-06-01T18:09:20.331438,$GBGSV,25,,43
2026-06-01T18:09:20.331438,$GBGSV,28,,43
2026-06-01T18:09:20.331438,$GBGSV,33,,41
2026-06-01T18:09:20.332126,$GBGSV,09,,36
2026-06-01T18:09:20.332126,$GBGSV,10,,39
2026-06-01T18:09:21.299694,$GPGSV,10,,39
2026-06-01T18:09:21.299694,$GPGSV,12,,16
2026-06-01T18:09:21.299694,$GPGSV,18,,40
2026-06-01T18:09:21.299694,$GPGSV,23,,39
2026-06-01T18:09:21.302161,$GPGSV,25,,32
2026-06-01T18:09:21.302161,$GPGSV,28,,36
2026-06-01T18:09:21.302161,$GPGSV,32,,38
2026-06-01T18:09:21.302161,$GPGSV,41,,41
2026-06-01T18:09:21.303805,$GPGSV,42,,40
2026-06-01T18:09:21.303805,$GPGSV,50,,36
2026-06-01T18:09:21.306146,$GPGSV,10,,34
2026-06-01T18:09:21.306146,$GPGSV,18,,37
2026-06-01T18:09:21.306146,$GPGSV,23,,38
2026-06-01T18:09:21.306146,$GPGSV,25,,29
2026-06-01T18:09:21.307965,$GPGSV,28,,34
2026-06-01T18:09:21.307965,$GPGSV,32,,34
2026-06-01T18:09:21.314532,$GLGSV,65,,35
2026-06-01T18:09:21.314532,$GLGSV,72,,25
2026-06-01T18:09:21.314532,$GLGSV,75,,38
2026-06-01T18:09:21.314532,$GLGSV,76,,27
2026-06-01T18:09:21.316669,$GLGSV,86,,15
2026-06-01T18:09:21.316669,$GLGSV,87,,38
2026-06-01T18:09:21.316669,$GLGSV,88,,40
2026-06-01T18:09:21.318666,$GLGSV,66,,18
2026-06-01T18:09:21.318666,$GLGSV,72,,28
2026-06-01T18:09:21.318666,$GLGSV,75,,41
2026-06-01T18:09:21.318666,$GLGSV,76,,29
2026-06-01T18:09:21.320607,$GLGSV,86,,16
2026-06-01T18:09:21.320607,$GLGSV,88,,39
2026-06-01T18:09:21.323048,$GAGSV,03,,38
2026-06-01T18:09:21.323048,$GAGSV,08,,38
2026-06-01T18:09:21.323048,$GAGSV,15,,39
2026-06-01T18:09:21.323048,$GAGSV,32,,39
2026-06-01T18:09:21.324658,$GAGSV,34,,40
2026-06-01T18:09:21.325862,$GAGSV,03,,38
2026-06-01T18:09:21.325862,$GAGSV,08,,35
2026-06-01T18:09:21.325862,$GAGSV,15,,40
2026-06-01T18:09:21.325862,$GAGSV,32,,38
2026-06-01T18:09:21.326494,$GAGSV,34,,39
2026-06-01T18:09:21.329228,$GBGSV,06,,39
2026-06-01T18:09:21.329228,$GBGSV,07,,42
2026-06-01T18:09:21.329228,$GBGSV,09,,39
2026-06-01T18:09:21.329228,$GBGSV,10,,42
2026-06-01T18:09:21.330207,$GBGSV,13,,41
2026-06-01T18:09:21.330207,$GBGSV,25,,43
2026-06-01T18:09:21.330207,$GBGSV,28,,42
2026-06-01T18:09:21.330207,$GBGSV,33,,42
2026-06-01T18:09:21.330835,$GBGSV,09,,36
2026-06-01T18:09:21.330835,$GBGSV,10,,39
2026-06-01T18:09:22.302295,$GPGSV,10,,40
2026-06-01T18:09:22.302295,$GPGSV,12,,19
2026-06-01T18:09:22.302295,$GPGSV,18,,39
2026-06-01T18:09:22.302295,$GPGSV,23,,40
2026-06-01T18:09:22.305907,$GPGSV,25,,32
2026-06-01T18:09:22.305907,$GPGSV,28,,35
2026-06-01T18:09:22.305907,$GPGSV,32,,39
2026-06-01T18:09:22.305907,$GPGSV,41,,42
2026-06-01T18:09:22.307821,$GPGSV,42,,40
2026-06-01T18:09:22.307821,$GPGSV,50,,36
2026-06-01T18:09:22.310156,$GPGSV,10,,33
2026-06-01T18:09:22.310156,$GPGSV,18,,37
2026-06-01T18:09:22.310156,$GPGSV,23,,37
2026-06-01T18:09:22.310156,$GPGSV,25,,27
2026-06-01T18:09:22.312103,$GPGSV,28,,34
2026-06-01T18:09:22.312103,$GPGSV,32,,33
2026-06-01T18:09:22.318853,$GLGSV,65,,34
2026-06-01T18:09:22.318853,$GLGSV,66,,19
2026-06-01T18:09:22.318853,$GLGSV,72,,26
2026-06-01T18:09:22.318853,$GLGSV,75,,38
2026-06-01T18:09:22.321386,$GLGSV,76,,28
2026-06-01T18:09:22.321386,$GLGSV,86,,19
2026-06-01T18:09:22.321386,$GLGSV,87,,37
2026-06-01T18:09:22.321386,$GLGSV,88,,39
2026-06-01T18:09:22.324699,$GLGSV,66,,26
2026-06-01T18:09:22.324699,$GLGSV,72,,30
2026-06-01T18:09:22.324699,$GLGSV,75,,40
2026-06-01T18:09:22.324699,$GLGSV,76,,29
2026-06-01T18:09:22.326555,$GLGSV,86,,18
2026-06-01T18:09:22.326555,$GLGSV,88,,41
2026-06-01T18:09:22.328975,$GAGSV,03,,37
2026-06-01T18:09:22.328975,$GAGSV,08,,37
2026-06-01T18:09:22.328975,$GAGSV,15,,39
2026-06-01T18:09:22.328975,$GAGSV,32,,39
2026-06-01T18:09:22.329548,$GAGSV,34,,40
2026-06-01T18:09:22.330381,$GAGSV,03,,37
2026-06-01T18:09:22.330381,$GAGSV,08,,36
2026-06-01T18:09:22.330381,$GAGSV,15,,41
2026-06-01T18:09:22.330381,$GAGSV,32,,38
2026-06-01T18:09:22.330870,$GAGSV,34,,40
2026-06-01T18:09:22.333076,$GBGSV,06,,39
2026-06-01T18:09:22.333076,$GBGSV,07,,42
2026-06-01T18:09:22.333076,$GBGSV,09,,39
2026-06-01T18:09:22.333076,$GBGSV,10,,41
2026-06-01T18:09:22.333860,$GBGSV,13,,40
2026-06-01T18:09:22.333860,$GBGSV,25,,41
2026-06-01T18:09:22.333860,$GBGSV,28,,42
2026-06-01T18:09:22.333860,$GBGSV,33,,39
2026-06-01T18:09:22.334357,$GBGSV,09,,35
2026-06-01T18:09:22.334357,$GBGSV,10,,38
2026-06-01T18:09:23.298185,$GPGSV,10,,38
2026-06-01T18:09:23.298185,$GPGSV,12,,18
2026-06-01T18:09:23.298185,$GPGSV,18,,39
2026-06-01T18:09:23.298185,$GPGSV,23,,40
2026-06-01T18:09:23.300706,$GPGSV,25,,31
2026-06-01T18:09:23.300706,$GPGSV,28,,36
2026-06-01T18:09:23.300706,$GPGSV,32,,39
2026-06-01T18:09:23.300706,$GPGSV,41,,42
2026-06-01T18:09:23.302507,$GPGSV,42,,42
2026-06-01T18:09:23.302507,$GPGSV,50,,36
2026-06-01T18:09:23.304335,$GPGSV,10,,34
2026-06-01T18:09:23.304335,$GPGSV,18,,38
2026-06-01T18:09:23.304335,$GPGSV,23,,37
2026-06-01T18:09:23.304335,$GPGSV,25,,27
2026-06-01T18:09:23.305443,$GPGSV,28,,32
2026-06-01T18:09:23.305443,$GPGSV,32,,34
2026-06-01T18:09:23.311880,$GLGSV,65,,34
2026-06-01T18:09:23.311880,$GLGSV,66,,17
2026-06-01T18:09:23.311880,$GLGSV,72,,26
2026-06-01T18:09:23.311880,$GLGSV,75,,40
2026-06-01T18:09:23.312998,$GLGSV,76,,27
2026-06-01T18:09:23.312998,$GLGSV,86,,19
2026-06-01T18:09:23.312998,$GLGSV,87,,37
2026-06-01T18:09:23.312998,$GLGSV,88,,41
2026-06-01T18:09:23.314813,$GLGSV,66,,26
2026-06-01T18:09:23.314813,$GLGSV,72,,29
2026-06-01T18:09:23.314813,$GLGSV,75,,38
2026-06-01T18:09:23.314813,$GLGSV,76,,32
2026-06-01T18:09:23.316284,$GLGSV,86,,19
2026-06-01T18:09:23.316284,$GLGSV,88,,39
2026-06-01T18:09:23.318248,$GAGSV,03,,37
2026-06-01T18:09:23.318248,$GAGSV,08,,38
2026-06-01T18:09:23.318248,$GAGSV,15,,39
2026-06-01T18:09:23.318248,$GAGSV,32,,39
2026-06-01T18:09:23.318924,$GAGSV,34,,39
2026-06-01T18:09:23.320335,$GAGSV,03,,38
2026-06-01T18:09:23.320335,$GAGSV,08,,37
2026-06-01T18:09:23.320335,$GAGSV,15,,40
2026-06-01T18:09:23.320335,$GAGSV,32,,39
2026-06-01T18:09:23.320880,$GAGSV,34,,40
2026-06-01T18:09:23.323038,$GBGSV,06,,40
2026-06-01T18:09:23.323038,$GBGSV,07,,42
2026-06-01T18:09:23.323038,$GBGSV,09,,39
2026-06-01T18:09:23.323038,$GBGSV,10,,41
2026-06-01T18:09:23.324054,$GBGSV,13,,34
2026-06-01T18:09:23.324054,$GBGSV,25,,43
2026-06-01T18:09:23.324054,$GBGSV,28,,41
2026-06-01T18:09:23.324054,$GBGSV,33,,41
2026-06-01T18:09:23.324589,$GBGSV,09,,33
2026-06-01T18:09:23.324589,$GBGSV,10,,38
2026-06-01T18:09:24.299989,$GPGSV,10,,39
2026-06-01T18:09:24.299989,$GPGSV,12,,15
2026-06-01T18:09:24.299989,$GPGSV,18,,38
2026-06-01T18:09:24.299989,$GPGSV,23,,39
2026-06-01T18:09:24.302539,$GPGSV,25,,30
2026-06-01T18:09:24.302539,$GPGSV,28,,36
2026-06-01T18:09:24.302539,$GPGSV,32,,39
2026-06-01T18:09:24.302539,$GPGSV,41,,41
2026-06-01T18:09:24.304167,$GPGSV,42,,42
2026-06-01T18:09:24.304167,$GPGSV,50,,36
2026-06-01T18:09:24.306498,$GPGSV,10,,34
2026-06-01T18:09:24.306498,$GPGSV,18,,38
2026-06-01T18:09:24.306498,$GPGSV,23,,37
2026-06-01T18:09:24.306498,$GPGSV,25,,27
2026-06-01T18:09:24.308039,$GPGSV,28,,31
2026-06-01T18:09:24.308039,$GPGSV,32,,35
2026-06-01T18:09:24.315637,$GLGSV,65,,34
2026-06-01T18:09:24.315637,$GLGSV,66,,15
2026-06-01T18:09:24.315637,$GLGSV,72,,27
2026-06-01T18:09:24.315637,$GLGSV,75,,39
2026-06-01T18:09:24.317146,$GLGSV,76,,27
2026-06-01T18:09:24.317146,$GLGSV,86,,17
2026-06-01T18:09:24.317146,$GLGSV,87,,37
2026-06-01T18:09:24.317146,$GLGSV,88,,41
2026-06-01T18:09:24.318603,$GLGSV,66,,25
2026-06-01T18:09:24.318603,$GLGSV,72,,29
2026-06-01T18:09:24.318603,$GLGSV,75,,38
2026-06-01T18:09:24.318603,$GLGSV,76,,32
2026-06-01T18:09:24.320363,$GLGSV,86,,20
2026-06-01T18:09:24.320363,$GLGSV,88,,39
2026-06-01T18:09:24.322460,$GAGSV,03,,37
2026-06-01T18:09:24.322460,$GAGSV,08,,38
2026-06-01T18:09:24.322460,$GAGSV,15,,39
2026-06-01T18:09:24.322460,$GAGSV,32,,39
2026-06-01T18:09:24.323334,$GAGSV,34,,39
2026-06-01T18:09:24.325453,$GAGSV,03,,38
2026-06-01T18:09:24.325453,$GAGSV,08,,37
2026-06-01T18:09:24.325453,$GAGSV,15,,41
2026-06-01T18:09:24.325453,$GAGSV,32,,39
2026-06-01T18:09:24.326002,$GAGSV,34,,40
2026-06-01T18:09:24.328235,$GBGSV,06,,39
2026-06-01T18:09:24.328235,$GBGSV,07,,42
2026-06-01T18:09:24.328235,$GBGSV,09,,38
2026-06-01T18:09:24.328235,$GBGSV,10,,41
2026-06-01T18:09:24.329070,$GBGSV,13,,34
2026-06-01T18:09:24.329070,$GBGSV,25,,43
2026-06-01T18:09:24.329070,$GBGSV,28,,41
2026-06-01T18:09:24.329070,$GBGSV,33,,40
2026-06-01T18:09:24.329751,$GBGSV,09,,34
2026-06-01T18:09:24.329751,$GBGSV,10,,39
2026-06-01T18:09:25.293449,$GPGSV,10,,39
2026-06-01T18:09:25.293449,$GPGSV,12,,14
2026-06-01T18:09:25.293449,$GPGSV,18,,38
2026-06-01T18:09:25.293449,$GPGSV,23,,39
2026-06-01T18:09:25.294217,$GPGSV,25,,30
2026-06-01T18:09:25.294217,$GPGSV,28,,36
2026-06-01T18:09:25.294217,$GPGSV,32,,39
2026-06-01T18:09:25.294217,$GPGSV,41,,41
2026-06-01T18:09:25.294721,$GPGSV,42,,42
2026-06-01T18:09:25.294721,$GPGSV,50,,36
2026-06-01T18:09:25.295409,$GPGSV,10,,34
2026-06-01T18:09:25.295409,$GPGSV,18,,38
2026-06-01T18:09:25.295409,$GPGSV,23,,37
2026-06-01T18:09:25.295409,$GPGSV,25,,28
2026-06-01T18:09:25.295901,$GPGSV,28,,31
2026-06-01T18:09:25.295901,$GPGSV,32,,35
2026-06-01T18:09:25.297764,$GLGSV,65,,34
2026-06-01T18:09:25.297764,$GLGSV,66,,15
2026-06-01T18:09:25.297764,$GLGSV,72,,27
2026-06-01T18:09:25.297764,$GLGSV,75,,39
2026-06-01T18:09:25.298453,$GLGSV,76,,27
2026-06-01T18:09:25.298453,$GLGSV,86,,16
2026-06-01T18:09:25.298453,$GLGSV,87,,37
2026-06-01T18:09:25.298453,$GLGSV,88,,41
2026-06-01T18:09:25.299303,$GLGSV,66,,24
2026-06-01T18:09:25.299303,$GLGSV,72,,29
2026-06-01T18:09:25.299303,$GLGSV,75,,38
2026-06-01T18:09:25.299303,$GLGSV,76,,32
2026-06-01T18:09:25.299783,$GLGSV,86,,21
2026-06-01T18:09:25.299783,$GLGSV,88,,39
2026-06-01T18:09:25.300788,$GAGSV,03,,36
2026-06-01T18:09:25.300788,$GAGSV,08,,38
2026-06-01T18:09:25.300788,$GAGSV,15,,39
2026-06-01T18:09:25.300788,$GAGSV,32,,39
2026-06-01T18:09:25.301202,$GAGSV,34,,38
2026-06-01T18:09:25.302985,$GAGSV,03,,38
2026-06-01T18:09:25.302985,$GAGSV,08,,37
2026-06-01T18:09:25.302985,$GAGSV,15,,40
2026-06-01T18:09:25.302985,$GAGSV,32,,39
2026-06-01T18:09:25.303605,$GAGSV,34,,40
2026-06-01T18:09:25.305763,$GBGSV,06,,39
2026-06-01T18:09:25.305763,$GBGSV,07,,41
2026-06-01T18:09:25.305763,$GBGSV,09,,38
2026-06-01T18:09:25.305763,$GBGSV,10,,41
2026-06-01T18:09:25.306471,$GBGSV,13,,34
2026-06-01T18:09:25.306471,$GBGSV,25,,43
2026-06-01T18:09:25.306471,$GBGSV,28,,41
2026-06-01T18:09:25.306471,$GBGSV,33,,40
2026-06-01T18:09:25.306933,$GBGSV,09,,34
2026-06-01T18:09:25.306933,$GBGSV,10,,39
2026-06-01T18:09:26.300995,$GPGSV,10,,38
2026-06-01T18:09:26.300995,$GPGSV,12,,13
2026-06-01T18:09:26.300995,$GPGSV,18,,38
2026-06-01T18:09:26.300995,$GPGSV,23,,39
2026-06-01T18:09:26.303453,$GPGSV,25,,31
2026-06-01T18:09:26.303453,$GPGSV,28,,36
2026-06-01T18:09:26.303453,$GPGSV,32,,39
2026-06-01T18:09:26.303453,$GPGSV,41,,41
2026-06-01T18:09:26.305049,$GPGSV,42,,42
2026-06-01T18:09:26.305049,$GPGSV,50,,36
2026-06-01T18:09:26.307477,$GPGSV,10,,34
2026-06-01T18:09:26.307477,$GPGSV,18,,38
2026-06-01T18:09:26.307477,$GPGSV,23,,37
2026-06-01T18:09:26.307477,$GPGSV,25,,27
2026-06-01T18:09:26.309029,$GPGSV,28,,31
2026-06-01T18:09:26.309029,$GPGSV,32,,35
2026-06-01T18:09:26.315374,$GLGSV,65,,34
2026-06-01T18:09:26.315374,$GLGSV,66,,16
2026-06-01T18:09:26.315374,$GLGSV,72,,27
2026-06-01T18:09:26.315374,$GLGSV,75,,39
2026-06-01T18:09:26.317415,$GLGSV,76,,26
2026-06-01T18:09:26.317415,$GLGSV,86,,16
2026-06-01T18:09:26.317415,$GLGSV,87,,37
2026-06-01T18:09:26.317415,$GLGSV,88,,41
2026-06-01T18:09:26.319837,$GLGSV,66,,24
2026-06-01T18:09:26.319837,$GLGSV,72,,29
2026-06-01T18:09:26.319837,$GLGSV,75,,38
2026-06-01T18:09:26.319837,$GLGSV,76,,32
2026-06-01T18:09:26.321156,$GLGSV,86,,22
2026-06-01T18:09:26.321156,$GLGSV,88,,39
2026-06-01T18:09:26.323407,$GAGSV,03,,36
2026-06-01T18:09:26.323407,$GAGSV,08,,38
2026-06-01T18:09:26.323407,$GAGSV,15,,38
2026-06-01T18:09:26.323407,$GAGSV,32,,39
2026-06-01T18:09:26.324641,$GAGSV,34,,38
2026-06-01T18:09:26.325741,$GAGSV,03,,38
2026-06-01T18:09:26.325741,$GAGSV,08,,37
2026-06-01T18:09:26.325741,$GAGSV,15,,41
2026-06-01T18:09:26.325741,$GAGSV,32,,39
2026-06-01T18:09:26.326339,$GAGSV,34,,40
2026-06-01T18:09:26.328632,$GBGSV,06,,39
2026-06-01T18:09:26.328632,$GBGSV,07,,41
2026-06-01T18:09:26.328632,$GBGSV,09,,37
2026-06-01T18:09:26.328632,$GBGSV,10,,41
2026-06-01T18:09:26.329516,$GBGSV,13,,34
2026-06-01T18:09:26.329516,$GBGSV,25,,43
2026-06-01T18:09:26.329516,$GBGSV,28,,40
2026-06-01T18:09:26.329516,$GBGSV,33,,40
2026-06-01T18:09:26.330119,$GBGSV,09,,34
2026-06-01T18:09:26.330119,$GBGSV,10,,39
2026-06-01T18:09:27.296050,$GPGSV,10,,38
2026-06-01T18:09:27.296050,$GPGSV,12,,14
2026-06-01T18:09:27.296050,$GPGSV,18,,38
2026-06-01T18:09:27.296050,$GPGSV,23,,39
2026-06-01T18:09:27.300205,$GPGSV,25,,31
2026-06-01T18:09:27.300205,$GPGSV,28,,36
2026-06-01T18:09:27.300205,$GPGSV,32,,39
2026-06-01T18:09:27.300205,$GPGSV,41,,41
2026-06-01T18:09:27.301984,$GPGSV,42,,42
2026-06-01T18:09:27.301984,$GPGSV,50,,36
2026-06-01T18:09:27.304082,$GPGSV,10,,34
2026-06-01T18:09:27.304082,$GPGSV,18,,38
2026-06-01T18:09:27.304082,$GPGSV,23,,37
2026-06-01T18:09:27.304082,$GPGSV,25,,27
2026-06-01T18:09:27.305941,$GPGSV,28,,31
2026-06-01T18:09:27.305941,$GPGSV,32,,35
2026-06-01T18:09:27.310879,$GLGSV,65,,33
2026-06-01T18:09:27.310879,$GLGSV,66,,16
2026-06-01T18:09:27.310879,$GLGSV,72,,27
2026-06-01T18:09:27.310879,$GLGSV,75,,39
2026-06-01T18:09:27.312482,$GLGSV,76,,26
2026-06-01T18:09:27.312482,$GLGSV,86,,17
2026-06-01T18:09:27.312482,$GLGSV,87,,37
2026-06-01T18:09:27.312482,$GLGSV,88,,41
2026-06-01T18:09:27.314341,$GLGSV,66,,23
2026-06-01T18:09:27.314341,$GLGSV,72,,29
2026-06-01T18:09:27.314341,$GLGSV,75,,38
2026-06-01T18:09:27.314341,$GLGSV,76,,32
2026-06-01T18:09:27.315092,$GLGSV,86,,23
2026-06-01T18:09:27.315092,$GLGSV,88,,39
2026-06-01T18:09:27.317223,$GAGSV,03,,36
2026-06-01T18:09:27.317223,$GAGSV,08,,38
2026-06-01T18:09:27.317223,$GAGSV,15,,38
2026-06-01T18:09:27.317223,$GAGSV,32,,39
2026-06-01T18:09:27.317828,$GAGSV,34,,38
2026-06-01T18:09:27.318898,$GAGSV,03,,38
2026-06-01T18:09:27.318898,$GAGSV,08,,37
2026-06-01T18:09:27.318898,$GAGSV,15,,41
2026-06-01T18:09:27.318898,$GAGSV,32,,39
2026-06-01T18:09:27.319438,$GAGSV,34,,39
2026-06-01T18:09:27.322258,$GBGSV,06,,39
2026-06-01T18:09:27.322258,$GBGSV,07,,41
2026-06-01T18:09:27.322258,$GBGSV,09,,37
2026-06-01T18:09:27.322258,$GBGSV,10,,41
2026-06-01T18:09:27.323312,$GBGSV,13,,34
2026-06-01T18:09:27.323312,$GBGSV,25,,43
2026-06-01T18:09:27.323312,$GBGSV,28,,40
2026-06-01T18:09:27.323312,$GBGSV,33,,40
2026-06-01T18:09:27.324366,$GBGSV,09,,34
2026-06-01T18:09:27.324366,$GBGSV,10,,39
2026-06-01T18:09:28.300724,$GPGSV,10,,38
2026-06-01T18:09:28.300724,$GPGSV,12,,13
2026-06-01T18:09:28.300724,$GPGSV,18,,38
2026-06-01T18:09:28.300724,$GPGSV,23,,39
2026-06-01T18:09:28.304554,$GPGSV,25,,31
2026-06-01T18:09:28.304554,$GPGSV,28,,36
2026-06-01T18:09:28.304554,$GPGSV,32,,39
2026-06-01T18:09:28.304554,$GPGSV,41,,41
2026-06-01T18:09:28.306226,$GPGSV,42,,42
2026-06-01T18:09:28.306226,$GPGSV,50,,36
2026-06-01T18:09:28.308363,$GPGSV,10,,34
2026-06-01T18:09:28.308363,$GPGSV,18,,38
2026-06-01T18:09:28.308363,$GPGSV,23,,37
2026-06-01T18:09:28.308363,$GPGSV,25,,27
2026-06-01T18:09:28.309966,$GPGSV,28,,31
2026-06-01T18:09:28.309966,$GPGSV,32,,35
2026-06-01T18:09:28.316284,$GLGSV,65,,33
2026-06-01T18:09:28.316284,$GLGSV,66,,15
2026-06-01T18:09:28.316284,$GLGSV,72,,27
2026-06-01T18:09:28.316284,$GLGSV,75,,39
2026-06-01T18:09:28.318304,$GLGSV,76,,26
2026-06-01T18:09:28.318304,$GLGSV,86,,18
2026-06-01T18:09:28.318304,$GLGSV,87,,37
2026-06-01T18:09:28.318304,$GLGSV,88,,41
2026-06-01T18:09:28.319757,$GLGSV,66,,22
2026-06-01T18:09:28.319757,$GLGSV,72,,29
2026-06-01T18:09:28.319757,$GLGSV,75,,38
2026-06-01T18:09:28.319757,$GLGSV,76,,33
2026-06-01T18:09:28.320928,$GLGSV,86,,23
2026-06-01T18:09:28.320928,$GLGSV,88,,39
2026-06-01T18:09:28.323633,$GAGSV,03,,37
2026-06-01T18:09:28.323633,$GAGSV,08,,38
2026-06-01T18:09:28.323633,$GAGSV,15,,38
2026-06-01T18:09:28.323633,$GAGSV,32,,39
2026-06-01T18:09:28.324354,$GAGSV,34,,38
2026-06-01T18:09:28.326269,$GAGSV,03,,38
2026-06-01T18:09:28.326269,$GAGSV,08,,37
2026-06-01T18:09:28.326269,$GAGSV,15,,41
2026-06-01T18:09:28.326269,$GAGSV,32,,39
2026-06-01T18:09:28.326885,$GAGSV,34,,39
2026-06-01T18:09:28.329279,$GBGSV,06,,39
2026-06-01T18:09:28.329279,$GBGSV,07,,41
2026-06-01T18:09:28.329279,$GBGSV,09,,37
2026-06-01T18:09:28.329279,$GBGSV,10,,41
2026-06-01T18:09:28.330121,$GBGSV,13,,34
2026-06-01T18:09:28.330121,$GBGSV,25,,43
2026-06-01T18:09:28.330121,$GBGSV,28,,41
2026-06-01T18:09:28.330121,$GBGSV,33,,40
2026-06-01T18:09:28.330711,$GBGSV,09,,34
2026-06-01T18:09:28.330711,$GBGSV,10,,39
2026-06-01T18:09:29.300529,$GPGSV,10,,38
2026-06-01T18:09:29.300529,$GPGSV,12,,13
2026-06-01T18:09:29.300529,$GPGSV,18,,38
2026-06-01T18:09:29.300529,$GPGSV,23,,39
2026-06-01T18:09:29.302855,$GPGSV,25,,31
2026-06-01T18:09:29.302855,$GPGSV,28,,36
2026-06-01T18:09:29.302855,$GPGSV,32,,38
2026-06-01T18:09:29.302855,$GPGSV,41,,41
2026-06-01T18:09:29.304416,$GPGSV,42,,42
2026-06-01T18:09:29.304416,$GPGSV,50,,36
2026-06-01T18:09:29.306591,$GPGSV,10,,34
2026-06-01T18:09:29.306591,$GPGSV,18,,38
2026-06-01T18:09:29.306591,$GPGSV,23,,37
2026-06-01T18:09:29.306591,$GPGSV,25,,27
2026-06-01T18:09:29.308112,$GPGSV,28,,32
2026-06-01T18:09:29.308112,$GPGSV,32,,35
2026-06-01T18:09:29.314283,$GLGSV,65,,33
2026-06-01T18:09:29.314283,$GLGSV,66,,14
2026-06-01T18:09:29.314283,$GLGSV,72,,28
2026-06-01T18:09:29.314283,$GLGSV,75,,38
2026-06-01T18:09:29.316710,$GLGSV,76,,26
2026-06-01T18:09:29.316710,$GLGSV,86,,18
2026-06-01T18:09:29.316710,$GLGSV,87,,36
2026-06-01T18:09:29.316710,$GLGSV,88,,41
2026-06-01T18:09:29.319118,$GLGSV,66,,21
2026-06-01T18:09:29.319118,$GLGSV,72,,29
2026-06-01T18:09:29.319118,$GLGSV,75,,38
2026-06-01T18:09:29.319118,$GLGSV,76,,33
2026-06-01T18:09:29.320219,$GLGSV,86,,22
2026-06-01T18:09:29.320219,$GLGSV,88,,39
2026-06-01T18:09:29.323625,$GAGSV,03,,36
2026-06-01T18:09:29.323625,$GAGSV,08,,38
2026-06-01T18:09:29.323625,$GAGSV,15,,39
2026-06-01T18:09:29.323625,$GAGSV,32,,39
2026-06-01T18:09:29.325172,$GAGSV,34,,38
2026-06-01T18:09:29.326413,$GAGSV,03,,38
2026-06-01T18:09:29.326413,$GAGSV,08,,37
2026-06-01T18:09:29.326413,$GAGSV,15,,41
2026-06-01T18:09:29.326413,$GAGSV,32,,39
2026-06-01T18:09:29.327026,$GAGSV,34,,40
2026-06-01T18:09:29.329995,$GBGSV,06,,39
2026-06-01T18:09:29.329995,$GBGSV,07,,41
2026-06-01T18:09:29.329995,$GBGSV,09,,37
2026-06-01T18:09:29.329995,$GBGSV,10,,41
2026-06-01T18:09:29.330816,$GBGSV,13,,34
2026-06-01T18:09:29.330816,$GBGSV,25,,43
2026-06-01T18:09:29.330816,$GBGSV,28,,41
2026-06-01T18:09:29.330816,$GBGSV,33,,40
2026-06-01T18:09:29.331422,$GBGSV,09,,34
2026-06-01T18:09:29.331422,$GBGSV,10,,39
2026-06-01T18:09:30.301460,$GPGSV,10,,39
2026-06-01T18:09:30.301460,$GPGSV,12,,15
2026-06-01T18:09:30.301460,$GPGSV,18,,38
2026-06-01T18:09:30.301460,$GPGSV,23,,39
2026-06-01T18:09:30.305502,$GPGSV,25,,31
2026-06-01T18:09:30.305502,$GPGSV,28,,36
2026-06-01T18:09:30.305502,$GPGSV,32,,38
2026-06-01T18:09:30.305502,$GPGSV,41,,41
2026-06-01T18:09:30.307107,$GPGSV,42,,42
2026-06-01T18:09:30.307107,$GPGSV,50,,35
2026-06-01T18:09:30.309192,$GPGSV,10,,34
2026-06-01T18:09:30.309192,$GPGSV,18,,38
2026-06-01T18:09:30.309192,$GPGSV,23,,37
2026-06-01T18:09:30.309192,$GPGSV,25,,27
2026-06-01T18:09:30.310207,$GPGSV,28,,32
2026-06-01T18:09:30.310207,$GPGSV,32,,35
2026-06-01T18:09:30.314516,$GLGSV,65,,33
2026-06-01T18:09:30.314516,$GLGSV,66,,12
2026-06-01T18:09:30.314516,$GLGSV,72,,28
2026-06-01T18:09:30.314516,$GLGSV,75,,38
2026-06-01T18:09:30.316097,$GLGSV,76,,25
2026-06-01T18:09:30.316097,$GLGSV,86,,18
2026-06-01T18:09:30.316097,$GLGSV,87,,36
2026-06-01T18:09:30.316097,$GLGSV,88,,41
2026-06-01T18:09:30.318483,$GLGSV,66,,20
2026-06-01T18:09:30.318483,$GLGSV,72,,28
2026-06-01T18:09:30.318483,$GLGSV,75,,38
2026-06-01T18:09:30.318483,$GLGSV,76,,33
2026-06-01T18:09:30.319229,$GLGSV,86,,21
2026-06-01T18:09:30.319229,$GLGSV,88,,39
2026-06-01T18:09:30.320636,$GAGSV,03,,36
2026-06-01T18:09:30.320636,$GAGSV,08,,38
2026-06-01T18:09:30.320636,$GAGSV,15,,38
2026-06-01T18:09:30.320636,$GAGSV,32,,39
2026-06-01T18:09:30.321195,$GAGSV,34,,38
2026-06-01T18:09:30.322204,$GAGSV,03,,38
2026-06-01T18:09:30.322204,$GAGSV,08,,37
2026-06-01T18:09:30.322204,$GAGSV,15,,41
2026-06-01T18:09:30.322204,$GAGSV,32,,39
2026-06-01T18:09:30.323249,$GAGSV,34,,39
2026-06-01T18:09:30.326281,$GBGSV,06,,39
2026-06-01T18:09:30.326281,$GBGSV,07,,41
2026-06-01T18:09:30.326281,$GBGSV,09,,38
2026-06-01T18:09:30.326281,$GBGSV,10,,41
2026-06-01T18:09:30.326972,$GBGSV,13,,34
2026-06-01T18:09:30.326972,$GBGSV,25,,43
2026-06-01T18:09:30.326972,$GBGSV,28,,41
2026-06-01T18:09:30.326972,$GBGSV,33,,40
2026-06-01T18:09:30.327460,$GBGSV,09,,34
2026-06-01T18:09:30.327460,$GBGSV,10,,39
2026-06-01T18:09:31.300996,$GPGSV,10,,39
2026-06-01T18:09:31.300996,$GPGSV,12,,15
2026-06-01T18:09:31.300996,$GPGSV,18,,39
2026-06-01T18:09:31.300996,$GPGSV,23,,39
2026-06-01T18:09:31.304699,$GPGSV,25,,31
2026-06-01T18:09:31.304699,$GPGSV,28,,36
2026-06-01T18:09:31.304699,$GPGSV,32,,38
2026-06-01T18:09:31.304699,$GPGSV,41,,42
2026-06-01T18:09:31.306376,$GPGSV,42,,42
2026-06-01T18:09:31.306376,$GPGSV,50,,35
2026-06-01T18:09:31.308517,$GPGSV,10,,34
2026-06-01T18:09:31.308517,$GPGSV,18,,38
2026-06-01T18:09:31.308517,$GPGSV,23,,37
2026-06-01T18:09:31.308517,$GPGSV,25,,27
2026-06-01T18:09:31.310500,$GPGSV,28,,32
2026-06-01T18:09:31.310500,$GPGSV,32,,35
2026-06-01T18:09:31.318176,$GLGSV,65,,33
2026-06-01T18:09:31.318176,$GLGSV,66,,09
2026-06-01T18:09:31.318176,$GLGSV,72,,28
2026-06-01T18:09:31.318176,$GLGSV,75,,38
2026-06-01T18:09:31.320611,$GLGSV,76,,25
2026-06-01T18:09:31.320611,$GLGSV,86,,18
2026-06-01T18:09:31.320611,$GLGSV,87,,37
2026-06-01T18:09:31.320611,$GLGSV,88,,42
2026-06-01T18:09:31.322193,$GLGSV,66,,20
2026-06-01T18:09:31.322193,$GLGSV,72,,29
2026-06-01T18:09:31.322193,$GLGSV,75,,38
2026-06-01T18:09:31.322193,$GLGSV,76,,34
2026-06-01T18:09:31.323070,$GLGSV,86,,22
2026-06-01T18:09:31.323070,$GLGSV,88,,39
2026-06-01T18:09:31.324820,$GAGSV,03,,39
2026-06-01T18:09:31.324820,$GAGSV,08,,41
2026-06-01T18:09:31.324820,$GAGSV,15,,41
2026-06-01T18:09:31.324820,$GAGSV,32,,41
2026-06-01T18:09:31.325551,$GAGSV,34,,41
2026-06-01T18:09:31.326614,$GAGSV,03,,38
2026-06-01T18:09:31.326614,$GAGSV,08,,38
2026-06-01T18:09:31.326614,$GAGSV,15,,41
2026-06-01T18:09:31.326614,$GAGSV,32,,39
2026-06-01T18:09:31.327217,$GAGSV,34,,40
2026-06-01T18:09:31.329543,$GBGSV,06,,41
2026-06-01T18:09:31.329543,$GBGSV,07,,43
2026-06-01T18:09:31.329543,$GBGSV,09,,40
2026-06-01T18:09:31.329543,$GBGSV,10,,43
2026-06-01T18:09:31.330541,$GBGSV,13,,35
2026-06-01T18:09:31.330541,$GBGSV,25,,45
2026-06-01T18:09:31.330541,$GBGSV,28,,42
2026-06-01T18:09:31.330541,$GBGSV,33,,41
2026-06-01T18:09:31.331150,$GBGSV,09,,34
2026-06-01T18:09:31.331150,$GBGSV,10,,39
2026-06-01T18:09:32.306185,$GPGSV,10,,43
2026-06-01T18:09:32.306185,$GPGSV,12,,18
2026-06-01T18:09:32.306185,$GPGSV,18,,43
2026-06-01T18:09:32.306185,$GPGSV,23,,44
2026-06-01T18:09:32.310097,$GPGSV,24,,33
2026-06-01T18:09:32.310097,$GPGSV,25,,35
2026-06-01T18:09:32.310097,$GPGSV,28,,40
2026-06-01T18:09:32.310097,$GPGSV,32,,43
2026-06-01T18:09:32.312254,$GPGSV,41,,47
2026-06-01T18:09:32.312254,$GPGSV,42,,48
2026-06-01T18:09:32.312254,$GPGSV,50,,39
2026-06-01T18:09:32.314506,$GPGSV,10,,40
2026-06-01T18:09:32.314506,$GPGSV,18,,45
2026-06-01T18:09:32.314506,$GPGSV,23,,43
2026-06-01T18:09:32.314506,$GPGSV,25,,33
2026-06-01T18:09:32.316574,$GPGSV,28,,38
2026-06-01T18:09:32.316574,$GPGSV,32,,41
2026-06-01T18:09:32.321398,$GLGSV,65,,38
2026-06-01T18:09:32.321398,$GLGSV,66,,14
2026-06-01T18:09:32.321398,$GLGSV,72,,33
2026-06-01T18:09:32.321398,$GLGSV,75,,44
2026-06-01T18:09:32.322953,$GLGSV,76,,27
2026-06-01T18:09:32.322953,$GLGSV,86,,21
2026-06-01T18:09:32.322953,$GLGSV,87,,42
2026-06-01T18:09:32.322953,$GLGSV,88,,46
2026-06-01T18:09:32.324065,$GLGSV,66,,22
2026-06-01T18:09:32.324065,$GLGSV,72,,31
2026-06-01T18:09:32.324065,$GLGSV,75,,45
2026-06-01T18:09:32.324065,$GLGSV,76,,38
2026-06-01T18:09:32.325011,$GLGSV,86,,24
2026-06-01T18:09:32.325011,$GLGSV,88,,44
2026-06-01T18:09:32.327307,$GAGSV,03,,44
2026-06-01T18:09:32.327307,$GAGSV,08,,46
2026-06-01T18:09:32.327307,$GAGSV,15,,47
2026-06-01T18:09:32.327307,$GAGSV,32,,47
2026-06-01T18:09:32.327841,$GAGSV,34,,46
2026-06-01T18:09:32.328666,$GAGSV,03,,43
2026-06-01T18:09:32.328666,$GAGSV,08,,43
2026-06-01T18:09:32.328666,$GAGSV,15,,46
2026-06-01T18:09:32.328666,$GAGSV,32,,44
2026-06-01T18:09:32.330324,$GAGSV,34,,45
2026-06-01T18:09:32.332905,$GBGSV,06,,43
2026-06-01T18:09:32.332905,$GBGSV,07,,46
2026-06-01T18:09:32.332905,$GBGSV,09,,43
2026-06-01T18:09:32.332905,$GBGSV,10,,46
2026-06-01T18:09:32.333625,$GBGSV,13,,38
2026-06-01T18:09:32.333625,$GBGSV,25,,48
2026-06-01T18:09:32.333625,$GBGSV,28,,45
2026-06-01T18:09:32.333625,$GBGSV,33,,44
2026-06-01T18:09:32.334124,$GBGSV,09,,42
2026-06-01T18:09:32.334124,$GBGSV,10,,47
2026-06-01T18:09:33.301709,$GPGSV,10,,45
2026-06-01T18:09:33.301709,$GPGSV,12,,20
2026-06-01T18:09:33.301709,$GPGSV,18,,44
2026-06-01T18:09:33.301709,$GPGSV,23,,45
2026-06-01T18:09:33.303902,$GPGSV,24,,36
2026-06-01T18:09:33.303902,$GPGSV,25,,37
2026-06-01T18:09:33.303902,$GPGSV,28,,41
2026-06-01T18:09:33.303902,$GPGSV,32,,44
2026-06-01T18:09:33.305937,$GPGSV,41,,47
2026-06-01T18:09:33.305937,$GPGSV,42,,48
2026-06-01T18:09:33.305937,$GPGSV,50,,41
2026-06-01T18:09:33.307191,$GPGSV,12,,23
2026-06-01T18:09:33.309372,$GPGSV,10,,41
2026-06-01T18:09:33.309372,$GPGSV,18,,45
2026-06-01T18:09:33.309372,$GPGSV,23,,43
2026-06-01T18:09:33.309372,$GPGSV,25,,33
2026-06-01T18:09:33.310936,$GPGSV,28,,38
2026-06-01T18:09:33.310936,$GPGSV,32,,41
2026-06-01T18:09:33.316587,$GLGSV,65,,41
2026-06-01T18:09:33.316587,$GLGSV,66,,17
2026-06-01T18:09:33.316587,$GLGSV,72,,34
2026-06-01T18:09:33.316587,$GLGSV,75,,45
2026-06-01T18:09:33.319585,$GLGSV,76,,28
2026-06-01T18:09:33.319585,$GLGSV,86,,23
2026-06-01T18:09:33.319585,$GLGSV,87,,44
2026-06-01T18:09:33.319585,$GLGSV,88,,48
2026-06-01T18:09:33.320908,$GLGSV,66,,25
2026-06-01T18:09:33.320908,$GLGSV,72,,34
2026-06-01T18:09:33.320908,$GLGSV,75,,45
2026-06-01T18:09:33.320908,$GLGSV,76,,39
2026-06-01T18:09:33.321761,$GLGSV,86,,27
2026-06-01T18:09:33.321761,$GLGSV,88,,44
2026-06-01T18:09:33.324074,$GAGSV,03,,43
2026-06-01T18:09:33.324074,$GAGSV,08,,45
2026-06-01T18:09:33.324074,$GAGSV,15,,45
2026-06-01T18:09:33.324074,$GAGSV,32,,46
2026-06-01T18:09:33.324790,$GAGSV,34,,45
2026-06-01T18:09:33.326077,$GAGSV,03,,43
2026-06-01T18:09:33.326077,$GAGSV,08,,42
2026-06-01T18:09:33.326077,$GAGSV,15,,46
2026-06-01T18:09:33.326077,$GAGSV,32,,45
2026-06-01T18:09:33.326580,$GAGSV,34,,45
2026-06-01T18:09:33.328758,$GBGSV,06,,45
2026-06-01T18:09:33.328758,$GBGSV,07,,47
2026-06-01T18:09:33.328758,$GBGSV,09,,43
2026-06-01T18:09:33.328758,$GBGSV,10,,47
2026-06-01T18:09:33.329702,$GBGSV,13,,39
2026-06-01T18:09:33.329702,$GBGSV,25,,49
2026-06-01T18:09:33.329702,$GBGSV,28,,46
2026-06-01T18:09:33.329702,$GBGSV,33,,45
2026-06-01T18:09:33.330376,$GBGSV,09,,41
2026-06-01T18:09:33.330376,$GBGSV,10,,46
2026-06-01T18:09:34.304340,$GPGSV,10,,43
2026-06-01T18:09:34.304340,$GPGSV,12,,21
2026-06-01T18:09:34.304340,$GPGSV,18,,43
2026-06-01T18:09:34.304340,$GPGSV,23,,43
2026-06-01T18:09:34.306654,$GPGSV,24,,35
2026-06-01T18:09:34.306654,$GPGSV,25,,36
2026-06-01T18:09:34.306654,$GPGSV,28,,40
2026-06-01T18:09:34.306654,$GPGSV,32,,42
2026-06-01T18:09:34.308510,$GPGSV,41,,46
2026-06-01T18:09:34.308510,$GPGSV,42,,47
2026-06-01T18:09:34.308510,$GPGSV,50,,41
2026-06-01T18:09:34.310787,$GPGSV,10,,40
2026-06-01T18:09:34.310787,$GPGSV,12,,21
2026-06-01T18:09:34.310787,$GPGSV,18,,44
2026-06-01T18:09:34.310787,$GPGSV,23,,43
2026-06-01T18:09:34.312743,$GPGSV,25,,32
2026-06-01T18:09:34.312743,$GPGSV,28,,38
2026-06-01T18:09:34.312743,$GPGSV,32,,41
2026-06-01T18:09:34.317569,$GLGSV,65,,41
2026-06-01T18:09:34.317569,$GLGSV,66,,17
2026-06-01T18:09:34.317569,$GLGSV,72,,35
2026-06-01T18:09:34.317569,$GLGSV,75,,45
2026-06-01T18:09:34.319213,$GLGSV,76,,28
2026-06-01T18:09:34.319213,$GLGSV,86,,25
2026-06-01T18:09:34.319213,$GLGSV,87,,43
2026-06-01T18:09:34.319213,$GLGSV,88,,47
2026-06-01T18:09:34.320886,$GLGSV,66,,25
2026-06-01T18:09:34.320886,$GLGSV,72,,34
2026-06-01T18:09:34.320886,$GLGSV,75,,44
2026-06-01T18:09:34.320886,$GLGSV,76,,39
2026-06-01T18:09:34.322407,$GLGSV,86,,28
2026-06-01T18:09:34.322407,$GLGSV,88,,44
2026-06-01T18:09:34.325053,$GAGSV,03,,43
2026-06-01T18:09:34.325053,$GAGSV,08,,45
2026-06-01T18:09:34.325053,$GAGSV,15,,45
2026-06-01T18:09:34.325053,$GAGSV,32,,45
2026-06-01T18:09:34.325711,$GAGSV,34,,44
2026-06-01T18:09:34.326686,$GAGSV,03,,43
2026-06-01T18:09:34.326686,$GAGSV,08,,42
2026-06-01T18:09:34.326686,$GAGSV,15,,46
2026-06-01T18:09:34.326686,$GAGSV,32,,44
2026-06-01T18:09:34.327209,$GAGSV,34,,44
2026-06-01T18:09:34.331431,$GBGSV,06,,44
2026-06-01T18:09:34.331431,$GBGSV,07,,45
2026-06-01T18:09:34.331431,$GBGSV,09,,43
2026-06-01T18:09:34.331431,$GBGSV,10,,46
2026-06-01T18:09:34.332429,$GBGSV,13,,38
2026-06-01T18:09:34.332429,$GBGSV,25,,47
2026-06-01T18:09:34.332429,$GBGSV,28,,45
2026-06-01T18:09:34.332429,$GBGSV,33,,44
2026-06-01T18:09:34.332952,$GBGSV,09,,41
2026-06-01T18:09:34.332952,$GBGSV,10,,46
2026-06-01T18:09:35.303815,$GPGSV,10,,43
2026-06-01T18:09:35.303815,$GPGSV,12,,22
2026-06-01T18:09:35.303815,$GPGSV,18,,43
2026-06-01T18:09:35.303815,$GPGSV,23,,43
2026-06-01T18:09:35.306085,$GPGSV,24,,34
2026-06-01T18:09:35.306085,$GPGSV,25,,35
2026-06-01T18:09:35.306085,$GPGSV,28,,40
2026-06-01T18:09:35.306085,$GPGSV,32,,42
2026-06-01T18:09:35.307979,$GPGSV,41,,46
2026-06-01T18:09:35.307979,$GPGSV,42,,47
2026-06-01T18:09:35.307979,$GPGSV,50,,40
2026-06-01T18:09:35.309363,$GPGSV,10,,40
2026-06-01T18:09:35.309363,$GPGSV,12,,17
2026-06-01T18:09:35.309363,$GPGSV,18,,44
2026-06-01T18:09:35.309363,$GPGSV,23,,43
2026-06-01T18:09:35.309896,$GPGSV,25,,31
2026-06-01T18:09:35.309896,$GPGSV,28,,37
2026-06-01T18:09:35.309896,$GPGSV,32,,41
2026-06-01T18:09:35.311569,$GLGSV,65,,40
2026-06-01T18:09:35.311569,$GLGSV,72,,35
2026-06-01T18:09:35.311569,$GLGSV,75,,44
2026-06-01T18:09:35.311569,$GLGSV,76,,28
2026-06-01T18:09:35.312235,$GLGSV,86,,25
2026-06-01T18:09:35.312235,$GLGSV,87,,43
2026-06-01T18:09:35.312235,$GLGSV,88,,47
2026-06-01T18:09:35.312969,$GLGSV,66,,25
2026-06-01T18:09:35.312969,$GLGSV,72,,33
2026-06-01T18:09:35.312969,$GLGSV,75,,44
2026-06-01T18:09:35.312969,$GLGSV,76,,38
2026-06-01T18:09:35.313568,$GLGSV,86,,28
2026-06-01T18:09:35.313568,$GLGSV,88,,44
2026-06-01T18:09:35.314785,$GAGSV,03,,43
2026-06-01T18:09:35.314785,$GAGSV,08,,45
2026-06-01T18:09:35.314785,$GAGSV,15,,45
2026-06-01T18:09:35.314785,$GAGSV,32,,46
2026-06-01T18:09:35.315248,$GAGSV,34,,45
2026-06-01T18:09:35.316661,$GAGSV,03,,43
2026-06-01T18:09:35.316661,$GAGSV,08,,42
2026-06-01T18:09:35.316661,$GAGSV,15,,45
2026-06-01T18:09:35.316661,$GAGSV,32,,44
2026-06-01T18:09:35.317612,$GAGSV,34,,44
2026-06-01T18:09:35.320025,$GBGSV,06,,43
2026-06-01T18:09:35.320025,$GBGSV,07,,45
2026-06-01T18:09:35.320025,$GBGSV,09,,42
2026-06-01T18:09:35.320025,$GBGSV,10,,46
2026-06-01T18:09:35.320672,$GBGSV,13,,38
2026-06-01T18:09:35.320672,$GBGSV,25,,47
2026-06-01T18:09:35.320672,$GBGSV,28,,45
2026-06-01T18:09:35.320672,$GBGSV,33,,44
2026-06-01T18:09:35.321264,$GBGSV,09,,41
2026-06-01T18:09:35.321264,$GBGSV,10,,46
2026-06-01T18:09:36.300016,$GPGSV,10,,43
2026-06-01T18:09:36.300016,$GPGSV,12,,22
2026-06-01T18:09:36.300016,$GPGSV,18,,43
2026-06-01T18:09:36.300016,$GPGSV,23,,43
2026-06-01T18:09:36.302424,$GPGSV,24,,34
2026-06-01T18:09:36.302424,$GPGSV,25,,35
2026-06-01T18:09:36.302424,$GPGSV,28,,40
2026-06-01T18:09:36.302424,$GPGSV,32,,42
2026-06-01T18:09:36.304283,$GPGSV,41,,46
2026-06-01T18:09:36.304283,$GPGSV,42,,46
2026-06-01T18:09:36.304283,$GPGSV,50,,40
2026-06-01T18:09:36.306822,$GPGSV,10,,41
2026-06-01T18:09:36.306822,$GPGSV,12,,18
2026-06-01T18:09:36.306822,$GPGSV,18,,45
2026-06-01T18:09:36.306822,$GPGSV,23,,44
2026-06-01T18:09:36.308692,$GPGSV,25,,32
2026-06-01T18:09:36.308692,$GPGSV,28,,38
2026-06-01T18:09:36.308692,$GPGSV,32,,41
2026-06-01T18:09:36.314565,$GLGSV,65,,40
2026-06-01T18:09:36.314565,$GLGSV,72,,34
2026-06-01T18:09:36.314565,$GLGSV,75,,44
2026-06-01T18:09:36.314565,$GLGSV,76,,27
2026-06-01T18:09:36.315861,$GLGSV,86,,25
2026-06-01T18:09:36.315861,$GLGSV,87,,43
2026-06-01T18:09:36.315861,$GLGSV,88,,47
2026-06-01T18:09:36.317367,$GLGSV,66,,25
2026-06-01T18:09:36.317367,$GLGSV,72,,33
2026-06-01T18:09:36.317367,$GLGSV,75,,45
2026-06-01T18:09:36.317367,$GLGSV,76,,38
2026-06-01T18:09:36.318800,$GLGSV,86,,27
2026-06-01T18:09:36.318800,$GLGSV,88,,43
2026-06-01T18:09:36.320869,$GAGSV,03,,43
2026-06-01T18:09:36.320869,$GAGSV,08,,46
2026-06-01T18:09:36.320869,$GAGSV,15,,45
2026-06-01T18:09:36.320869,$GAGSV,32,,46
2026-06-01T18:09:36.321873,$GAGSV,34,,45
2026-06-01T18:09:36.323739,$GAGSV,03,,43
2026-06-01T18:09:36.323739,$GAGSV,08,,42
2026-06-01T18:09:36.323739,$GAGSV,15,,45
2026-06-01T18:09:36.323739,$GAGSV,32,,44
2026-06-01T18:09:36.324371,$GAGSV,34,,44
2026-06-01T18:09:36.327023,$GBGSV,06,,43
2026-06-01T18:09:36.327023,$GBGSV,07,,45
2026-06-01T18:09:36.327023,$GBGSV,09,,42
2026-06-01T18:09:36.327023,$GBGSV,10,,46
2026-06-01T18:09:36.327859,$GBGSV,13,,38
2026-06-01T18:09:36.327859,$GBGSV,25,,47
2026-06-01T18:09:36.327859,$GBGSV,28,,45
2026-06-01T18:09:36.327859,$GBGSV,33,,44
2026-06-01T18:09:36.328454,$GBGSV,09,,41
2026-06-01T18:09:36.328454,$GBGSV,10,,46
2026-06-01T18:09:37.304574,$GPGSV,10,,43
2026-06-01T18:09:37.304574,$GPGSV,12,,22
2026-06-01T18:09:37.304574,$GPGSV,18,,43
2026-06-01T18:09:37.304574,$GPGSV,23,,43
2026-06-01T18:09:37.307907,$GPGSV,24,,34
2026-06-01T18:09:37.307907,$GPGSV,25,,35
2026-06-01T18:09:37.307907,$GPGSV,28,,40
2026-06-01T18:09:37.307907,$GPGSV,32,,42
2026-06-01T18:09:37.310141,$GPGSV,41,,46
2026-06-01T18:09:37.310141,$GPGSV,42,,46
2026-06-01T18:09:37.310141,$GPGSV,50,,40
2026-06-01T18:09:37.312066,$GPGSV,10,,41
2026-06-01T18:09:37.312066,$GPGSV,12,,17
2026-06-01T18:09:37.312066,$GPGSV,18,,45
2026-06-01T18:09:37.312066,$GPGSV,23,,43
2026-06-01T18:09:37.313841,$GPGSV,25,,32
2026-06-01T18:09:37.313841,$GPGSV,28,,39
2026-06-01T18:09:37.313841,$GPGSV,32,,42
2026-06-01T18:09:37.318460,$GLGSV,65,,40
2026-06-01T18:09:37.318460,$GLGSV,66,,21
2026-06-01T18:09:37.318460,$GLGSV,72,,34
2026-06-01T18:09:37.318460,$GLGSV,75,,44
2026-06-01T18:09:37.320294,$GLGSV,76,,27
2026-06-01T18:09:37.320294,$GLGSV,86,,26
2026-06-01T18:09:37.320294,$GLGSV,87,,43
2026-06-01T18:09:37.320294,$GLGSV,88,,47
2026-06-01T18:09:37.321773,$GLGSV,66,,24
2026-06-01T18:09:37.321773,$GLGSV,72,,34
2026-06-01T18:09:37.321773,$GLGSV,75,,45
2026-06-01T18:09:37.321773,$GLGSV,76,,40
2026-06-01T18:09:37.322505,$GLGSV,86,,29
2026-06-01T18:09:37.322505,$GLGSV,88,,45
2026-06-01T18:09:37.324274,$GAGSV,03,,43
2026-06-01T18:09:37.324274,$GAGSV,08,,45
2026-06-01T18:09:37.324274,$GAGSV,15,,46
2026-06-01T18:09:37.324274,$GAGSV,32,,46
2026-06-01T18:09:37.326104,$GAGSV,34,,45
2026-06-01T18:09:37.327583,$GAGSV,03,,43
2026-06-01T18:09:37.327583,$GAGSV,08,,42
2026-06-01T18:09:37.327583,$GAGSV,15,,45
2026-06-01T18:09:37.327583,$GAGSV,32,,44
2026-06-01T18:09:37.328058,$GAGSV,34,,44
2026-06-01T18:09:37.330652,$GBGSV,06,,43
2026-06-01T18:09:37.330652,$GBGSV,07,,45
2026-06-01T18:09:37.330652,$GBGSV,09,,42
2026-06-01T18:09:37.330652,$GBGSV,10,,46
2026-06-01T18:09:37.331800,$GBGSV,13,,38
2026-06-01T18:09:37.331800,$GBGSV,25,,47
2026-06-01T18:09:37.331800,$GBGSV,28,,45
2026-06-01T18:09:37.331800,$GBGSV,33,,44
2026-06-01T18:09:37.332276,$GBGSV,09,,41
2026-06-01T18:09:37.332276,$GBGSV,10,,47
2026-06-01T18:09:38.309944,$GPGSV,10,,43
2026-06-01T18:09:38.309944,$GPGSV,12,,22
2026-06-01T18:09:38.309944,$GPGSV,18,,43
2026-06-01T18:09:38.309944,$GPGSV,23,,43
2026-06-01T18:09:38.314186,$GPGSV,24,,35
2026-06-01T18:09:38.314186,$GPGSV,25,,35
2026-06-01T18:09:38.314186,$GPGSV,28,,40
2026-06-01T18:09:38.314186,$GPGSV,32,,42
2026-06-01T18:09:38.316462,$GPGSV,41,,46
2026-06-01T18:09:38.316462,$GPGSV,42,,47
2026-06-01T18:09:38.316462,$GPGSV,50,,40
2026-06-01T18:09:38.318776,$GPGSV,10,,40
2026-06-01T18:09:38.318776,$GPGSV,12,,17
2026-06-01T18:09:38.318776,$GPGSV,18,,44
2026-06-01T18:09:38.318776,$GPGSV,23,,43
2026-06-01T18:09:38.320695,$GPGSV,25,,31
2026-06-01T18:09:38.320695,$GPGSV,28,,37
2026-06-01T18:09:38.320695,$GPGSV,32,,41
2026-06-01T18:09:38.326865,$GLGSV,65,,40
2026-06-01T18:09:38.326865,$GLGSV,66,,25
2026-06-01T18:09:38.326865,$GLGSV,72,,34
2026-06-01T18:09:38.326865,$GLGSV,75,,44
2026-06-01T18:09:38.328659,$GLGSV,76,,27
2026-06-01T18:09:38.328659,$GLGSV,86,,26
2026-06-01T18:09:38.328659,$GLGSV,87,,42
2026-06-01T18:09:38.328659,$GLGSV,88,,47
2026-06-01T18:09:38.330384,$GLGSV,66,,23
2026-06-01T18:09:38.330384,$GLGSV,72,,34
2026-06-01T18:09:38.330384,$GLGSV,75,,45
2026-06-01T18:09:38.330384,$GLGSV,76,,39
2026-06-01T18:09:38.331216,$GLGSV,86,,28
2026-06-01T18:09:38.331216,$GLGSV,88,,43
2026-06-01T18:09:38.332906,$GAGSV,03,,43
2026-06-01T18:09:38.332906,$GAGSV,08,,45
2026-06-01T18:09:38.332906,$GAGSV,15,,45
2026-06-01T18:09:38.332906,$GAGSV,32,,46
2026-06-01T18:09:38.333523,$GAGSV,34,,45
2026-06-01T18:09:38.334560,$GAGSV,03,,43
2026-06-01T18:09:38.334560,$GAGSV,08,,42
2026-06-01T18:09:38.334560,$GAGSV,15,,45
2026-06-01T18:09:38.334560,$GAGSV,32,,44
2026-06-01T18:09:38.335294,$GAGSV,34,,44
2026-06-01T18:09:38.335294,$GAGSV,36,,24
2026-06-01T18:09:38.337515,$GBGSV,06,,43
2026-06-01T18:09:38.337515,$GBGSV,07,,45
2026-06-01T18:09:38.337515,$GBGSV,09,,42
2026-06-01T18:09:38.337515,$GBGSV,10,,46
2026-06-01T18:09:38.338436,$GBGSV,13,,38
2026-06-01T18:09:38.338436,$GBGSV,25,,48
2026-06-01T18:09:38.338436,$GBGSV,28,,45
2026-06-01T18:09:38.338436,$GBGSV,33,,44
2026-06-01T18:09:38.339246,$GBGSV,09,,41
2026-06-01T18:09:38.339246,$GBGSV,10,,46
2026-06-01T18:09:39.304408,$GPGSV,10,,43
2026-06-01T18:09:39.304408,$GPGSV,12,,21
2026-06-01T18:09:39.304408,$GPGSV,18,,43
2026-06-01T18:09:39.304408,$GPGSV,23,,43
2026-06-01T18:09:39.308041,$GPGSV,24,,35
2026-06-01T18:09:39.308041,$GPGSV,25,,35
2026-06-01T18:09:39.308041,$GPGSV,28,,40
2026-06-01T18:09:39.308041,$GPGSV,32,,42
2026-06-01T18:09:39.310000,$GPGSV,41,,46
2026-06-01T18:09:39.310000,$GPGSV,42,,47
2026-06-01T18:09:39.310000,$GPGSV,50,,40
2026-06-01T18:09:39.312388,$GPGSV,10,,40
2026-06-01T18:09:39.312388,$GPGSV,12,,18
2026-06-01T18:09:39.312388,$GPGSV,18,,44
2026-06-01T18:09:39.312388,$GPGSV,23,,43
2026-06-01T18:09:39.314631,$GPGSV,25,,31
2026-06-01T18:09:39.314631,$GPGSV,28,,37
2026-06-01T18:09:39.314631,$GPGSV,32,,41
2026-06-01T18:09:39.320344,$GLGSV,65,,40
2026-06-01T18:09:39.320344,$GLGSV,66,,26
2026-06-01T18:09:39.320344,$GLGSV,72,,34
2026-06-01T18:09:39.320344,$GLGSV,75,,44
2026-06-01T18:09:39.322215,$GLGSV,76,,27
2026-06-01T18:09:39.322215,$GLGSV,86,,26
2026-06-01T18:09:39.322215,$GLGSV,87,,42
2026-06-01T18:09:39.322215,$GLGSV,88,,46
2026-06-01T18:09:39.324144,$GLGSV,66,,22
2026-06-01T18:09:39.324144,$GLGSV,72,,34
2026-06-01T18:09:39.324144,$GLGSV,75,,45
2026-06-01T18:09:39.324144,$GLGSV,76,,39
2026-06-01T18:09:39.324916,$GLGSV,86,,28
2026-06-01T18:09:39.324916,$GLGSV,88,,43
2026-06-01T18:09:39.327529,$GAGSV,03,,43
2026-06-01T18:09:39.327529,$GAGSV,08,,45
2026-06-01T18:09:39.327529,$GAGSV,15,,45
2026-06-01T18:09:39.327529,$GAGSV,32,,46
2026-06-01T18:09:39.328326,$GAGSV,34,,45
2026-06-01T18:09:39.329261,$GAGSV,03,,43
2026-06-01T18:09:39.329261,$GAGSV,08,,42
2026-06-01T18:09:39.329261,$GAGSV,15,,45
2026-06-01T18:09:39.329261,$GAGSV,32,,44
2026-06-01T18:09:39.329862,$GAGSV,34,,44
2026-06-01T18:09:39.329862,$GAGSV,36,,22
2026-06-01T18:09:39.331951,$GBGSV,06,,43
2026-06-01T18:09:39.331951,$GBGSV,07,,45
2026-06-01T18:09:39.331951,$GBGSV,09,,42
2026-06-01T18:09:39.331951,$GBGSV,10,,46
2026-06-01T18:09:39.332783,$GBGSV,13,,38
2026-06-01T18:09:39.332783,$GBGSV,25,,48
2026-06-01T18:09:39.332783,$GBGSV,28,,45
2026-06-01T18:09:39.332783,$GBGSV,33,,44
2026-06-01T18:09:39.333699,$GBGSV,09,,41
2026-06-01T18:09:39.333699,$GBGSV,10,,46
2026-06-01T18:09:40.305444,$GPGSV,10,,43
2026-06-01T18:09:40.305444,$GPGSV,12,,22
2026-06-01T18:09:40.305444,$GPGSV,18,,43
2026-06-01T18:09:40.305444,$GPGSV,23,,43
2026-06-01T18:09:40.309352,$GPGSV,24,,35
2026-06-01T18:09:40.309352,$GPGSV,25,,35
2026-06-01T18:09:40.309352,$GPGSV,28,,40
2026-06-01T18:09:40.309352,$GPGSV,32,,42
2026-06-01T18:09:40.311486,$GPGSV,41,,46
2026-06-01T18:09:40.311486,$GPGSV,42,,47
2026-06-01T18:09:40.311486,$GPGSV,50,,40
2026-06-01T18:09:40.313752,$GPGSV,10,,40
2026-06-01T18:09:40.313752,$GPGSV,12,,18
2026-06-01T18:09:40.313752,$GPGSV,18,,44
2026-06-01T18:09:40.313752,$GPGSV,23,,43
2026-06-01T18:09:40.316015,$GPGSV,25,,30
2026-06-01T18:09:40.316015,$GPGSV,28,,37
2026-06-01T18:09:40.316015,$GPGSV,32,,40
2026-06-01T18:09:40.321134,$GLGSV,65,,40
2026-06-01T18:09:40.321134,$GLGSV,66,,27
2026-06-01T18:09:40.321134,$GLGSV,72,,34
2026-06-01T18:09:40.321134,$GLGSV,75,,44
2026-06-01T18:09:40.322766,$GLGSV,76,,27
2026-06-01T18:09:40.322766,$GLGSV,86,,27
2026-06-01T18:09:40.322766,$GLGSV,87,,42
2026-06-01T18:09:40.322766,$GLGSV,88,,46
2026-06-01T18:09:40.324574,$GLGSV,66,,22
2026-06-01T18:09:40.324574,$GLGSV,72,,33
2026-06-01T18:09:40.324574,$GLGSV,75,,45
2026-06-01T18:09:40.324574,$GLGSV,76,,38
2026-06-01T18:09:40.325856,$GLGSV,86,,29
2026-06-01T18:09:40.325856,$GLGSV,88,,43
2026-06-01T18:09:40.327667,$GAGSV,03,,43
2026-06-01T18:09:40.327667,$GAGSV,08,,45
2026-06-01T18:09:40.327667,$GAGSV,15,,45
2026-06-01T18:09:40.327667,$GAGSV,32,,46
2026-06-01T18:09:40.329367,$GAGSV,34,,45
2026-06-01T18:09:40.330659,$GAGSV,03,,42
2026-06-01T18:09:40.330659,$GAGSV,08,,42
2026-06-01T18:09:40.330659,$GAGSV,15,,45
2026-06-01T18:09:40.330659,$GAGSV,32,,45
2026-06-01T18:09:40.331439,$GAGSV,34,,44
2026-06-01T18:09:40.334160,$GBGSV,06,,43
2026-06-01T18:09:40.334160,$GBGSV,07,,45
2026-06-01T18:09:40.334160,$GBGSV,09,,42
2026-06-01T18:09:40.334160,$GBGSV,10,,46
2026-06-01T18:09:40.334871,$GBGSV,13,,38
2026-06-01T18:09:40.334871,$GBGSV,25,,48
2026-06-01T18:09:40.334871,$GBGSV,28,,45
2026-06-01T18:09:40.334871,$GBGSV,33,,44
2026-06-01T18:09:40.335362,$GBGSV,09,,41
2026-06-01T18:09:40.335362,$GBGSV,10,,46
2026-06-01T18:09:41.306361,$GPGSV,10,,43
2026-06-01T18:09:41.306361,$GPGSV,12,,22
2026-06-01T18:09:41.306361,$GPGSV,18,,43
2026-06-01T18:09:41.306361,$GPGSV,23,,43
2026-06-01T18:09:41.310033,$GPGSV,24,,34
2026-06-01T18:09:41.310033,$GPGSV,25,,34
2026-06-01T18:09:41.310033,$GPGSV,28,,39
2026-06-01T18:09:41.310033,$GPGSV,32,,42
2026-06-01T18:09:41.313571,$GPGSV,41,,46
2026-06-01T18:09:41.313571,$GPGSV,42,,47
2026-06-01T18:09:41.313571,$GPGSV,50,,40
2026-06-01T18:09:41.316630,$GPGSV,10,,40
2026-06-01T18:09:41.316630,$GPGSV,12,,19
2026-06-01T18:09:41.316630,$GPGSV,18,,44
2026-06-01T18:09:41.316630,$GPGSV,23,,43
2026-06-01T18:09:41.318798,$GPGSV,25,,31
2026-06-01T18:09:41.318798,$GPGSV,28,,37
2026-06-01T18:09:41.318798,$GPGSV,32,,40
2026-06-01T18:09:41.324840,$GLGSV,65,,40
2026-06-01T18:09:41.324840,$GLGSV,66,,28
2026-06-01T18:09:41.324840,$GLGSV,72,,34
2026-06-01T18:09:41.324840,$GLGSV,75,,44
2026-06-01T18:09:41.327106,$GLGSV,76,,27
2026-06-01T18:09:41.327106,$GLGSV,86,,28
2026-06-01T18:09:41.327106,$GLGSV,87,,42
2026-06-01T18:09:41.327106,$GLGSV,88,,46
2026-06-01T18:09:41.328727,$GLGSV,66,,22
2026-06-01T18:09:41.328727,$GLGSV,72,,33
2026-06-01T18:09:41.328727,$GLGSV,75,,44
2026-06-01T18:09:41.328727,$GLGSV,76,,39
2026-06-01T18:09:41.330711,$GLGSV,86,,29
2026-06-01T18:09:41.330711,$GLGSV,88,,43
2026-06-01T18:09:41.332873,$GAGSV,03,,43
2026-06-01T18:09:41.332873,$GAGSV,08,,45
2026-06-01T18:09:41.332873,$GAGSV,15,,45
2026-06-01T18:09:41.332873,$GAGSV,32,,46
2026-06-01T18:09:41.333549,$GAGSV,34,,45
2026-06-01T18:09:41.334380,$GAGSV,03,,43
2026-06-01T18:09:41.334380,$GAGSV,08,,42
2026-06-01T18:09:41.334380,$GAGSV,15,,45
2026-06-01T18:09:41.334380,$GAGSV,32,,45
2026-06-01T18:09:41.334852,$GAGSV,34,,43
2026-06-01T18:09:41.337013,$GBGSV,06,,43
2026-06-01T18:09:41.337013,$GBGSV,07,,45
2026-06-01T18:09:41.337013,$GBGSV,09,,42
2026-06-01T18:09:41.337013,$GBGSV,10,,46
2026-06-01T18:09:41.337895,$GBGSV,13,,38
2026-06-01T18:09:41.337895,$GBGSV,25,,48
2026-06-01T18:09:41.337895,$GBGSV,28,,45
2026-06-01T18:09:41.337895,$GBGSV,33,,44
2026-06-01T18:09:41.338479,$GBGSV,09,,41
2026-06-01T18:09:41.338479,$GBGSV,10,,46
2026-06-01T18:09:42.303472,$GPGSV,10,,43
2026-06-01T18:09:42.303472,$GPGSV,12,,22
2026-06-01T18:09:42.303472,$GPGSV,18,,43
2026-06-01T18:09:42.303472,$GPGSV,23,,43
2026-06-01T18:09:42.306002,$GPGSV,24,,35
2026-06-01T18:09:42.306002,$GPGSV,25,,35
2026-06-01T18:09:42.306002,$GPGSV,28,,39
2026-06-01T18:09:42.306002,$GPGSV,32,,42
2026-06-01T18:09:42.307962,$GPGSV,41,,45
2026-06-01T18:09:42.307962,$GPGSV,42,,47
2026-06-01T18:09:42.307962,$GPGSV,50,,40
2026-06-01T18:09:42.310226,$GPGSV,10,,40
2026-06-01T18:09:42.310226,$GPGSV,12,,19
2026-06-01T18:09:42.310226,$GPGSV,18,,44
2026-06-01T18:09:42.310226,$GPGSV,23,,43
2026-06-01T18:09:42.312507,$GPGSV,25,,31
2026-06-01T18:09:42.312507,$GPGSV,28,,37
2026-06-01T18:09:42.312507,$GPGSV,32,,41
2026-06-01T18:09:42.318984,$GLGSV,65,,40
2026-06-01T18:09:42.318984,$GLGSV,66,,28
2026-06-01T18:09:42.318984,$GLGSV,72,,34
2026-06-01T18:09:42.318984,$GLGSV,75,,44
2026-06-01T18:09:42.320496,$GLGSV,76,,26
2026-06-01T18:09:42.320496,$GLGSV,86,,28
2026-06-01T18:09:42.320496,$GLGSV,87,,42
2026-06-01T18:09:42.320496,$GLGSV,88,,46
2026-06-01T18:09:42.322354,$GLGSV,66,,21
2026-06-01T18:09:42.322354,$GLGSV,72,,33
2026-06-01T18:09:42.322354,$GLGSV,75,,45
2026-06-01T18:09:42.322354,$GLGSV,76,,38
2026-06-01T18:09:42.323475,$GLGSV,86,,29
2026-06-01T18:09:42.323475,$GLGSV,88,,43
2026-06-01T18:09:42.326056,$GAGSV,03,,43
2026-06-01T18:09:42.326056,$GAGSV,08,,45
2026-06-01T18:09:42.326056,$GAGSV,15,,45
2026-06-01T18:09:42.326056,$GAGSV,32,,46
2026-06-01T18:09:42.326860,$GAGSV,34,,45
2026-06-01T18:09:42.328802,$GAGSV,03,,42
2026-06-01T18:09:42.328802,$GAGSV,08,,42
2026-06-01T18:09:42.328802,$GAGSV,15,,45
2026-06-01T18:09:42.328802,$GAGSV,32,,45
2026-06-01T18:09:42.329416,$GAGSV,34,,43
2026-06-01T18:09:42.331941,$GBGSV,06,,44
2026-06-01T18:09:42.331941,$GBGSV,07,,45
2026-06-01T18:09:42.331941,$GBGSV,09,,42
2026-06-01T18:09:42.331941,$GBGSV,10,,46
2026-06-01T18:09:42.333709,$GBGSV,13,,37
2026-06-01T18:09:42.333709,$GBGSV,25,,47
2026-06-01T18:09:42.333709,$GBGSV,28,,45
2026-06-01T18:09:42.333709,$GBGSV,33,,44
2026-06-01T18:09:42.334431,$GBGSV,09,,41
2026-06-01T18:09:42.334431,$GBGSV,10,,46
2026-06-01T18:09:43.306203,$GPGSV,10,,43
2026-06-01T18:09:43.306203,$GPGSV,12,,23
2026-06-01T18:09:43.306203,$GPGSV,18,,43
2026-06-01T18:09:43.306203,$GPGSV,23,,43
2026-06-01T18:09:43.309913,$GPGSV,24,,35
2026-06-01T18:09:43.309913,$GPGSV,25,,35
2026-06-01T18:09:43.309913,$GPGSV,28,,39
2026-06-01T18:09:43.309913,$GPGSV,32,,42
2026-06-01T18:09:43.311830,$GPGSV,41,,45
2026-06-01T18:09:43.311830,$GPGSV,42,,47
2026-06-01T18:09:43.311830,$GPGSV,50,,41
2026-06-01T18:09:43.315097,$GPGSV,10,,40
2026-06-01T18:09:43.315097,$GPGSV,12,,19
2026-06-01T18:09:43.315097,$GPGSV,18,,44
2026-06-01T18:09:43.315097,$GPGSV,23,,43
2026-06-01T18:09:43.317618,$GPGSV,25,,30
2026-06-01T18:09:43.317618,$GPGSV,28,,37
2026-06-01T18:09:43.317618,$GPGSV,32,,40
2026-06-01T18:09:43.323852,$GLGSV,65,,40
2026-06-01T18:09:43.323852,$GLGSV,66,,28
2026-06-01T18:09:43.323852,$GLGSV,72,,34
2026-06-01T18:09:43.323852,$GLGSV,75,,44
2026-06-01T18:09:43.325610,$GLGSV,76,,26
2026-06-01T18:09:43.325610,$GLGSV,86,,28
2026-06-01T18:09:43.325610,$GLGSV,87,,42
2026-06-01T18:09:43.325610,$GLGSV,88,,46
2026-06-01T18:09:43.326921,$GLGSV,66,,20
2026-06-01T18:09:43.326921,$GLGSV,72,,33
2026-06-01T18:09:43.326921,$GLGSV,75,,45
2026-06-01T18:09:43.326921,$GLGSV,76,,38
2026-06-01T18:09:43.328309,$GLGSV,86,,29
2026-06-01T18:09:43.328309,$GLGSV,88,,43
2026-06-01T18:09:43.329898,$GAGSV,03,,43
2026-06-01T18:09:43.329898,$GAGSV,08,,45
2026-06-01T18:09:43.329898,$GAGSV,15,,45
2026-06-01T18:09:43.329898,$GAGSV,32,,46
2026-06-01T18:09:43.330376,$GAGSV,34,,45
2026-06-01T18:09:43.331204,$GAGSV,03,,43
2026-06-01T18:09:43.331204,$GAGSV,08,,42
2026-06-01T18:09:43.331204,$GAGSV,15,,45
2026-06-01T18:09:43.331204,$GAGSV,32,,45
2026-06-01T18:09:43.331692,$GAGSV,34,,43
2026-06-01T18:09:43.333999,$GBGSV,06,,43
2026-06-01T18:09:43.333999,$GBGSV,07,,45
2026-06-01T18:09:43.333999,$GBGSV,09,,42
2026-06-01T18:09:43.333999,$GBGSV,10,,46
2026-06-01T18:09:43.335265,$GBGSV,13,,37
2026-06-01T18:09:43.335265,$GBGSV,25,,48
2026-06-01T18:09:43.335265,$GBGSV,28,,45
2026-06-01T18:09:43.335265,$GBGSV,33,,43
2026-06-01T18:09:43.335810,$GBGSV,09,,41
2026-06-01T18:09:43.335810,$GBGSV,10,,46
2026-06-01T18:09:44.306712,$GPGSV,10,,43
2026-06-01T18:09:44.306712,$GPGSV,12,,24
2026-06-01T18:09:44.306712,$GPGSV,18,,44
2026-06-01T18:09:44.306712,$GPGSV,23,,43
2026-06-01T18:09:44.310623,$GPGSV,24,,35
2026-06-01T18:09:44.310623,$GPGSV,25,,34
2026-06-01T18:09:44.310623,$GPGSV,28,,39
2026-06-01T18:09:44.310623,$GPGSV,32,,42
2026-06-01T18:09:44.312818,$GPGSV,41,,46
2026-06-01T18:09:44.312818,$GPGSV,42,,47
2026-06-01T18:09:44.312818,$GPGSV,50,,40
2026-06-01T18:09:44.315117,$GPGSV,10,,40
2026-06-01T18:09:44.315117,$GPGSV,12,,18
2026-06-01T18:09:44.315117,$GPGSV,18,,44
2026-06-01T18:09:44.315117,$GPGSV,23,,43
2026-06-01T18:09:44.317602,$GPGSV,25,,30
2026-06-01T18:09:44.317602,$GPGSV,28,,37
2026-06-01T18:09:44.317602,$GPGSV,32,,40
2026-06-01T18:09:44.323120,$GLGSV,65,,40
2026-06-01T18:09:44.323120,$GLGSV,66,,28
2026-06-01T18:09:44.323120,$GLGSV,72,,34
2026-06-01T18:09:44.323120,$GLGSV,75,,44
2026-06-01T18:09:44.325556,$GLGSV,76,,25
2026-06-01T18:09:44.325556,$GLGSV,86,,27
2026-06-01T18:09:44.325556,$GLGSV,87,,42
2026-06-01T18:09:44.325556,$GLGSV,88,,46
2026-06-01T18:09:44.327417,$GLGSV,66,,19
2026-06-01T18:09:44.327417,$GLGSV,72,,33
2026-06-01T18:09:44.327417,$GLGSV,75,,44
2026-06-01T18:09:44.327417,$GLGSV,76,,39
2026-06-01T18:09:44.328218,$GLGSV,86,,29
2026-06-01T18:09:44.328218,$GLGSV,88,,43
2026-06-01T18:09:44.330322,$GAGSV,03,,43
2026-06-01T18:09:44.330322,$GAGSV,08,,45
2026-06-01T18:09:44.330322,$GAGSV,15,,45
2026-06-01T18:09:44.330322,$GAGSV,32,,46
2026-06-01T18:09:44.331785,$GAGSV,34,,45
2026-06-01T18:09:44.332646,$GAGSV,03,,43
2026-06-01T18:09:44.332646,$GAGSV,08,,42
2026-06-01T18:09:44.332646,$GAGSV,15,,45
2026-06-01T18:09:44.332646,$GAGSV,32,,45
2026-06-01T18:09:44.333241,$GAGSV,34,,43
2026-06-01T18:09:44.335443,$GBGSV,06,,43
2026-06-01T18:09:44.335443,$GBGSV,07,,45
2026-06-01T18:09:44.335443,$GBGSV,09,,42
2026-06-01T18:09:44.335443,$GBGSV,10,,46
2026-06-01T18:09:44.336451,$GBGSV,13,,38
2026-06-01T18:09:44.336451,$GBGSV,25,,47
2026-06-01T18:09:44.336451,$GBGSV,28,,45
2026-06-01T18:09:44.336451,$GBGSV,33,,43
2026-06-01T18:09:44.337105,$GBGSV,09,,41
2026-06-01T18:09:44.337105,$GBGSV,10,,46
2026-06-01T18:09:45.300510,$GPGSV,10,,43
2026-06-01T18:09:45.300510,$GPGSV,12,,25
2026-06-01T18:09:45.300510,$GPGSV,18,,44
2026-06-01T18:09:45.300510,$GPGSV,23,,43
2026-06-01T18:09:45.302854,$GPGSV,24,,35
2026-06-01T18:09:45.302854,$GPGSV,25,,34
2026-06-01T18:09:45.302854,$GPGSV,28,,39
2026-06-01T18:09:45.302854,$GPGSV,32,,42
2026-06-01T18:09:45.304732,$GPGSV,41,,46
2026-06-01T18:09:45.304732,$GPGSV,42,,47
2026-06-01T18:09:45.304732,$GPGSV,50,,40
2026-06-01T18:09:45.307093,$GPGSV,10,,40
2026-06-01T18:09:45.307093,$GPGSV,12,,18
2026-06-01T18:09:45.307093,$GPGSV,18,,44
2026-06-01T18:09:45.307093,$GPGSV,23,,43
2026-06-01T18:09:45.309419,$GPGSV,25,,30
2026-06-01T18:09:45.309419,$GPGSV,28,,37
2026-06-01T18:09:45.309419,$GPGSV,32,,40
2026-06-01T18:09:45.314751,$GLGSV,65,,40
2026-06-01T18:09:45.314751,$GLGSV,66,,27
2026-06-01T18:09:45.314751,$GLGSV,72,,33
2026-06-01T18:09:45.314751,$GLGSV,75,,43
2026-06-01T18:09:45.316185,$GLGSV,76,,24
2026-06-01T18:09:45.316185,$GLGSV,86,,27
2026-06-01T18:09:45.316185,$GLGSV,87,,41
2026-06-01T18:09:45.316185,$GLGSV,88,,45
2026-06-01T18:09:45.317902,$GLGSV,66,,17
2026-06-01T18:09:45.317902,$GLGSV,72,,34
2026-06-01T18:09:45.317902,$GLGSV,75,,44
2026-06-01T18:09:45.317902,$GLGSV,76,,39
2026-06-01T18:09:45.319238,$GLGSV,86,,29
2026-06-01T18:09:45.319238,$GLGSV,88,,43
2026-06-01T18:09:45.321514,$GAGSV,03,,43
2026-06-01T18:09:45.321514,$GAGSV,08,,45
2026-06-01T18:09:45.321514,$GAGSV,15,,45
2026-06-01T18:09:45.321514,$GAGSV,32,,46
2026-06-01T18:09:45.322493,$GAGSV,34,,45
2026-06-01T18:09:45.324183,$GAGSV,03,,43
2026-06-01T18:09:45.324183,$GAGSV,08,,42
2026-06-01T18:09:45.324183,$GAGSV,15,,45
2026-06-01T18:09:45.324183,$GAGSV,32,,45
2026-06-01T18:09:45.325086,$GAGSV,34,,43
2026-06-01T18:09:45.327733,$GBGSV,06,,43
2026-06-01T18:09:45.327733,$GBGSV,07,,45
2026-06-01T18:09:45.327733,$GBGSV,09,,43
2026-06-01T18:09:45.327733,$GBGSV,10,,46
2026-06-01T18:09:45.328727,$GBGSV,13,,38
2026-06-01T18:09:45.328727,$GBGSV,25,,47
2026-06-01T18:09:45.328727,$GBGSV,28,,45
2026-06-01T18:09:45.328727,$GBGSV,33,,43
2026-06-01T18:09:45.329385,$GBGSV,09,,41
2026-06-01T18:09:45.329385,$GBGSV,10,,46
2026-06-01T18:09:46.297391,$GPGSV,10,,43
2026-06-01T18:09:46.297391,$GPGSV,12,,25
2026-06-01T18:09:46.297391,$GPGSV,18,,44
2026-06-01T18:09:46.297391,$GPGSV,23,,43
2026-06-01T18:09:46.298126,$GPGSV,24,,35
2026-06-01T18:09:46.298126,$GPGSV,25,,34
2026-06-01T18:09:46.298126,$GPGSV,28,,39
2026-06-01T18:09:46.298126,$GPGSV,32,,43
2026-06-01T18:09:46.298723,$GPGSV,41,,46
2026-06-01T18:09:46.298723,$GPGSV,42,,47
2026-06-01T18:09:46.298723,$GPGSV,50,,40
2026-06-01T18:09:46.299420,$GPGSV,10,,39
2026-06-01T18:09:46.299420,$GPGSV,12,,18
2026-06-01T18:09:46.299420,$GPGSV,18,,44
2026-06-01T18:09:46.299420,$GPGSV,23,,43
2026-06-01T18:09:46.300012,$GPGSV,25,,30
2026-06-01T18:09:46.300012,$GPGSV,28,,37
2026-06-01T18:09:46.300012,$GPGSV,32,,40
2026-06-01T18:09:46.301793,$GLGSV,65,,40
2026-06-01T18:09:46.301793,$GLGSV,66,,26
2026-06-01T18:09:46.301793,$GLGSV,72,,34
2026-06-01T18:09:46.301793,$GLGSV,75,,43
2026-06-01T18:09:46.302455,$GLGSV,76,,22
2026-06-01T18:09:46.302455,$GLGSV,86,,27
2026-06-01T18:09:46.302455,$GLGSV,87,,41
2026-06-01T18:09:46.302455,$GLGSV,88,,45
2026-06-01T18:09:46.303115,$GLGSV,66,,17
2026-06-01T18:09:46.303115,$GLGSV,72,,33
2026-06-01T18:09:46.303115,$GLGSV,75,,44
2026-06-01T18:09:46.303115,$GLGSV,76,,39
2026-06-01T18:09:46.303584,$GLGSV,86,,29
2026-06-01T18:09:46.303584,$GLGSV,88,,43
2026-06-01T18:09:46.304578,$GAGSV,03,,43
2026-06-01T18:09:46.304578,$GAGSV,08,,45
2026-06-01T18:09:46.304578,$GAGSV,15,,45
2026-06-01T18:09:46.304578,$GAGSV,32,,46
2026-06-01T18:09:46.305085,$GAGSV,34,,45
2026-06-01T18:09:46.305906,$GAGSV,03,,43
2026-06-01T18:09:46.305906,$GAGSV,08,,42
2026-06-01T18:09:46.305906,$GAGSV,15,,45
2026-06-01T18:09:46.305906,$GAGSV,32,,45
2026-06-01T18:09:46.306494,$GAGSV,34,,43
2026-06-01T18:09:46.308310,$GBGSV,06,,43
2026-06-01T18:09:46.308310,$GBGSV,07,,46
2026-06-01T18:09:46.308310,$GBGSV,09,,43
2026-06-01T18:09:46.308310,$GBGSV,10,,46
2026-06-01T18:09:46.308942,$GBGSV,13,,38
2026-06-01T18:09:46.308942,$GBGSV,25,,47
2026-06-01T18:09:46.308942,$GBGSV,28,,45
2026-06-01T18:09:46.308942,$GBGSV,33,,44
2026-06-01T18:09:46.309418,$GBGSV,09,,41
2026-06-01T18:09:46.309418,$GBGSV,10,,46
2026-06-01T18:09:47.297904,$GPGSV,10,,43
2026-06-01T18:09:47.297904,$GPGSV,12,,25
2026-06-01T18:09:47.297904,$GPGSV,18,,43
2026-06-01T18:09:47.297904,$GPGSV,23,,43
2026-06-01T18:09:47.298647,$GPGSV,24,,35
2026-06-01T18:09:47.298647,$GPGSV,25,,34
2026-06-01T18:09:47.298647,$GPGSV,28,,39
2026-06-01T18:09:47.298647,$GPGSV,32,,43
2026-06-01T18:09:47.299223,$GPGSV,41,,45
2026-06-01T18:09:47.299223,$GPGSV,42,,47
2026-06-01T18:09:47.299223,$GPGSV,50,,40
2026-06-01T18:09:47.299888,$GPGSV,10,,40
2026-06-01T18:09:47.299888,$GPGSV,12,,18
2026-06-01T18:09:47.299888,$GPGSV,18,,44
2026-06-01T18:09:47.299888,$GPGSV,23,,43
2026-06-01T18:09:47.300475,$GPGSV,25,,30
2026-06-01T18:09:47.300475,$GPGSV,28,,37
2026-06-01T18:09:47.300475,$GPGSV,32,,40
2026-06-01T18:09:47.302125,$GLGSV,65,,40
2026-06-01T18:09:47.302125,$GLGSV,66,,26
2026-06-01T18:09:47.302125,$GLGSV,72,,33
2026-06-01T18:09:47.302125,$GLGSV,75,,44
2026-06-01T18:09:47.302761,$GLGSV,76,,20
2026-06-01T18:09:47.302761,$GLGSV,86,,27
2026-06-01T18:09:47.302761,$GLGSV,87,,41
2026-06-01T18:09:47.302761,$GLGSV,88,,45
2026-06-01T18:09:47.303493,$GLGSV,66,,15
2026-06-01T18:09:47.303493,$GLGSV,72,,33
2026-06-01T18:09:47.303493,$GLGSV,75,,45
2026-06-01T18:09:47.303493,$GLGSV,76,,38
2026-06-01T18:09:47.304304,$GLGSV,86,,30
2026-06-01T18:09:47.304304,$GLGSV,88,,43
2026-06-01T18:09:47.305825,$GAGSV,03,,43
2026-06-01T18:09:47.305825,$GAGSV,08,,45
2026-06-01T18:09:47.305825,$GAGSV,15,,45
2026-06-01T18:09:47.305825,$GAGSV,32,,46
2026-06-01T18:09:47.306257,$GAGSV,34,,45
2026-06-01T18:09:47.306881,$GAGSV,03,,43
2026-06-01T18:09:47.306881,$GAGSV,08,,42
2026-06-01T18:09:47.306881,$GAGSV,15,,45
2026-06-01T18:09:47.306881,$GAGSV,32,,45
2026-06-01T18:09:47.307236,$GAGSV,34,,43
2026-06-01T18:09:47.309276,$GBGSV,06,,43
2026-06-01T18:09:47.309276,$GBGSV,07,,45
2026-06-01T18:09:47.309276,$GBGSV,09,,42
2026-06-01T18:09:47.309276,$GBGSV,10,,46
2026-06-01T18:09:47.309915,$GBGSV,13,,38
2026-06-01T18:09:47.309915,$GBGSV,25,,47
2026-06-01T18:09:47.309915,$GBGSV,28,,45
2026-06-01T18:09:47.309915,$GBGSV,33,,43
2026-06-01T18:09:47.310347,$GBGSV,09,,41
2026-06-01T18:09:47.310347,$GBGSV,10,,46
2026-06-01T18:09:48.305812,$GPGSV,10,,43
2026-06-01T18:09:48.305812,$GPGSV,12,,25
2026-06-01T18:09:48.305812,$GPGSV,18,,44
2026-06-01T18:09:48.305812,$GPGSV,23,,43
2026-06-01T18:09:48.309579,$GPGSV,24,,35
2026-06-01T18:09:48.309579,$GPGSV,25,,34
2026-06-01T18:09:48.309579,$GPGSV,28,,39
2026-06-01T18:09:48.309579,$GPGSV,32,,43
2026-06-01T18:09:48.311546,$GPGSV,41,,45
2026-06-01T18:09:48.311546,$GPGSV,42,,47
2026-06-01T18:09:48.311546,$GPGSV,50,,40
2026-06-01T18:09:48.314522,$GPGSV,10,,40
2026-06-01T18:09:48.314522,$GPGSV,12,,18
2026-06-01T18:09:48.314522,$GPGSV,18,,44
2026-06-01T18:09:48.314522,$GPGSV,23,,43
2026-06-01T18:09:48.316688,$GPGSV,25,,29
2026-06-01T18:09:48.316688,$GPGSV,28,,37
2026-06-01T18:09:48.316688,$GPGSV,32,,40
2026-06-01T18:09:48.322068,$GLGSV,65,,40
2026-06-01T18:09:48.322068,$GLGSV,66,,23
2026-06-01T18:09:48.322068,$GLGSV,72,,33
2026-06-01T18:09:48.322068,$GLGSV,75,,44
2026-06-01T18:09:48.323423,$GLGSV,76,,19
2026-06-01T18:09:48.323423,$GLGSV,86,,26
2026-06-01T18:09:48.323423,$GLGSV,87,,41
2026-06-01T18:09:48.323423,$GLGSV,88,,45
2026-06-01T18:09:48.324522,$GLGSV,66,,13
2026-06-01T18:09:48.324522,$GLGSV,72,,33
2026-06-01T18:09:48.324522,$GLGSV,75,,45
2026-06-01T18:09:48.324522,$GLGSV,76,,38
2026-06-01T18:09:48.325308,$GLGSV,86,,30
2026-06-01T18:09:48.325308,$GLGSV,88,,42
2026-06-01T18:09:48.327921,$GAGSV,03,,43
2026-06-01T18:09:48.327921,$GAGSV,08,,45
2026-06-01T18:09:48.327921,$GAGSV,15,,45
2026-06-01T18:09:48.327921,$GAGSV,32,,46
2026-06-01T18:09:48.328563,$GAGSV,34,,45
2026-06-01T18:09:48.329968,$GAGSV,03,,43
2026-06-01T18:09:48.329968,$GAGSV,08,,42
2026-06-01T18:09:48.329968,$GAGSV,15,,45
2026-06-01T18:09:48.329968,$GAGSV,32,,45
2026-06-01T18:09:48.330455,$GAGSV,34,,43
2026-06-01T18:09:48.332655,$GBGSV,06,,43
2026-06-01T18:09:48.332655,$GBGSV,07,,46
2026-06-01T18:09:48.332655,$GBGSV,09,,42
2026-06-01T18:09:48.332655,$GBGSV,10,,46
2026-06-01T18:09:48.333673,$GBGSV,13,,38
2026-06-01T18:09:48.333673,$GBGSV,25,,47
2026-06-01T18:09:48.333673,$GBGSV,28,,45
2026-06-01T18:09:48.333673,$GBGSV,33,,43
2026-06-01T18:09:48.334187,$GBGSV,09,,41
2026-06-01T18:09:48.334187,$GBGSV,10,,46
2026-06-01T18:09:49.303821,$GPGSV,10,,43
2026-06-01T18:09:49.303821,$GPGSV,12,,25
2026-06-01T18:09:49.303821,$GPGSV,18,,44
2026-06-01T18:09:49.303821,$GPGSV,23,,43
2026-06-01T18:09:49.307876,$GPGSV,24,,35
2026-06-01T18:09:49.307876,$GPGSV,25,,34
2026-06-01T18:09:49.307876,$GPGSV,28,,39
2026-06-01T18:09:49.307876,$GPGSV,32,,43
2026-06-01T18:09:49.311467,$GPGSV,41,,46
2026-06-01T18:09:49.311467,$GPGSV,42,,47
2026-06-01T18:09:49.311467,$GPGSV,50,,40
2026-06-01T18:09:49.314432,$GPGSV,10,,40
2026-06-01T18:09:49.314432,$GPGSV,12,,19
2026-06-01T18:09:49.314432,$GPGSV,18,,44
2026-06-01T18:09:49.314432,$GPGSV,23,,43
2026-06-01T18:09:49.315732,$GPGSV,25,,30
2026-06-01T18:09:49.315732,$GPGSV,28,,37
2026-06-01T18:09:49.315732,$GPGSV,32,,40
2026-06-01T18:09:49.321212,$GLGSV,65,,40
2026-06-01T18:09:49.321212,$GLGSV,66,,22
2026-06-01T18:09:49.321212,$GLGSV,72,,34
2026-06-01T18:09:49.321212,$GLGSV,75,,44
2026-06-01T18:09:49.322339,$GLGSV,76,,17
2026-06-01T18:09:49.322339,$GLGSV,86,,27
2026-06-01T18:09:49.322339,$GLGSV,87,,41
2026-06-01T18:09:49.322339,$GLGSV,88,,45
2026-06-01T18:09:49.324549,$GLGSV,66,,13
2026-06-01T18:09:49.324549,$GLGSV,72,,33
2026-06-01T18:09:49.324549,$GLGSV,75,,45
2026-06-01T18:09:49.324549,$GLGSV,76,,38
2026-06-01T18:09:49.325692,$GLGSV,86,,30
2026-06-01T18:09:49.325692,$GLGSV,88,,42
2026-06-01T18:09:49.327085,$GAGSV,03,,43
2026-06-01T18:09:49.327085,$GAGSV,08,,45
2026-06-01T18:09:49.327085,$GAGSV,15,,45
2026-06-01T18:09:49.327085,$GAGSV,32,,46
2026-06-01T18:09:49.327768,$GAGSV,34,,45
2026-06-01T18:09:49.329121,$GAGSV,03,,43
2026-06-01T18:09:49.329121,$GAGSV,08,,42
2026-06-01T18:09:49.329121,$GAGSV,15,,45
2026-06-01T18:09:49.329121,$GAGSV,32,,45
2026-06-01T18:09:49.329833,$GAGSV,34,,43
2026-06-01T18:09:49.333010,$GBGSV,06,,43
2026-06-01T18:09:49.333010,$GBGSV,07,,46
2026-06-01T18:09:49.333010,$GBGSV,09,,42
2026-06-01T18:09:49.333010,$GBGSV,10,,46
2026-06-01T18:09:49.333633,$GBGSV,13,,38
2026-06-01T18:09:49.333633,$GBGSV,25,,47
2026-06-01T18:09:49.333633,$GBGSV,28,,45
2026-06-01T18:09:49.333633,$GBGSV,33,,43
2026-06-01T18:09:49.334226,$GBGSV,09,,41
2026-06-01T18:09:49.334226,$GBGSV,10,,46
2026-06-01T18:09:50.297902,$GPGSV,10,,43
2026-06-01T18:09:50.297902,$GPGSV,12,,26
2026-06-01T18:09:50.297902,$GPGSV,18,,43
2026-06-01T18:09:50.297902,$GPGSV,23,,43
2026-06-01T18:09:50.298619,$GPGSV,24,,35
2026-06-01T18:09:50.298619,$GPGSV,25,,34
2026-06-01T18:09:50.298619,$GPGSV,28,,39
2026-06-01T18:09:50.298619,$GPGSV,32,,44
2026-06-01T18:09:50.299208,$GPGSV,41,,46
2026-06-01T18:09:50.299208,$GPGSV,42,,46
2026-06-01T18:09:50.299208,$GPGSV,50,,40
2026-06-01T18:09:50.299863,$GPGSV,10,,40
2026-06-01T18:09:50.299863,$GPGSV,12,,18
2026-06-01T18:09:50.299863,$GPGSV,18,,44
2026-06-01T18:09:50.299863,$GPGSV,23,,43
2026-06-01T18:09:50.300424,$GPGSV,25,,30
2026-06-01T18:09:50.300424,$GPGSV,28,,37
2026-06-01T18:09:50.300424,$GPGSV,32,,40
2026-06-01T18:09:50.302092,$GLGSV,65,,40
2026-06-01T18:09:50.302092,$GLGSV,66,,21
2026-06-01T18:09:50.302092,$GLGSV,72,,33
2026-06-01T18:09:50.302092,$GLGSV,75,,44
2026-06-01T18:09:50.302723,$GLGSV,76,,18
2026-06-01T18:09:50.302723,$GLGSV,86,,27
2026-06-01T18:09:50.302723,$GLGSV,87,,41
2026-06-01T18:09:50.302723,$GLGSV,88,,45
2026-06-01T18:09:50.303492,$GLGSV,66,,16
2026-06-01T18:09:50.303492,$GLGSV,72,,33
2026-06-01T18:09:50.303492,$GLGSV,75,,45
2026-06-01T18:09:50.303492,$GLGSV,76,,38
2026-06-01T18:09:50.303980,$GLGSV,86,,30
2026-06-01T18:09:50.303980,$GLGSV,88,,42
2026-06-01T18:09:50.304950,$GAGSV,03,,43
2026-06-01T18:09:50.304950,$GAGSV,08,,45
2026-06-01T18:09:50.304950,$GAGSV,15,,46
2026-06-01T18:09:50.304950,$GAGSV,32,,46
2026-06-01T18:09:50.305338,$GAGSV,34,,45
2026-06-01T18:09:50.305964,$GAGSV,03,,43
2026-06-01T18:09:50.305964,$GAGSV,08,,42
2026-06-01T18:09:50.305964,$GAGSV,15,,45
2026-06-01T18:09:50.305964,$GAGSV,32,,45
2026-06-01T18:09:50.306333,$GAGSV,34,,43
2026-06-01T18:09:50.308103,$GBGSV,06,,44
2026-06-01T18:09:50.308103,$GBGSV,07,,46
2026-06-01T18:09:50.308103,$GBGSV,09,,42
2026-06-01T18:09:50.308103,$GBGSV,10,,46
2026-06-01T18:09:50.308809,$GBGSV,13,,38
2026-06-01T18:09:50.308809,$GBGSV,25,,47
2026-06-01T18:09:50.308809,$GBGSV,28,,45
2026-06-01T18:09:50.308809,$GBGSV,33,,44
2026-06-01T18:09:50.309273,$GBGSV,09,,41
2026-06-01T18:09:50.309273,$GBGSV,10,,46
2026-06-01T18:09:51.295917,$GPGSV,10,,43
2026-06-01T18:09:51.295917,$GPGSV,12,,26
2026-06-01T18:09:51.295917,$GPGSV,18,,43
2026-06-01T18:09:51.295917,$GPGSV,23,,43
2026-06-01T18:09:51.296644,$GPGSV,24,,35
2026-06-01T18:09:51.296644,$GPGSV,25,,34
2026-06-01T18:09:51.296644,$GPGSV,28,,39
2026-06-01T18:09:51.296644,$GPGSV,32,,44
2026-06-01T18:09:51.297354,$GPGSV,41,,46
2026-06-01T18:09:51.297354,$GPGSV,42,,47
2026-06-01T18:09:51.297354,$GPGSV,50,,40
2026-06-01T18:09:51.298158,$GPGSV,10,,40
2026-06-01T18:09:51.298158,$GPGSV,12,,18
2026-06-01T18:09:51.298158,$GPGSV,18,,44
2026-06-01T18:09:51.298158,$GPGSV,23,,43
2026-06-01T18:09:51.298803,$GPGSV,25,,30
2026-06-01T18:09:51.298803,$GPGSV,28,,37
2026-06-01T18:09:51.298803,$GPGSV,32,,40
2026-06-01T18:09:51.300541,$GLGSV,65,,40
2026-06-01T18:09:51.300541,$GLGSV,66,,21
2026-06-01T18:09:51.300541,$GLGSV,72,,33
2026-06-01T18:09:51.300541,$GLGSV,75,,44
2026-06-01T18:09:51.301239,$GLGSV,76,,20
2026-06-01T18:09:51.301239,$GLGSV,86,,28
2026-06-01T18:09:51.301239,$GLGSV,87,,40
2026-06-01T18:09:51.301239,$GLGSV,88,,45
2026-06-01T18:09:51.301956,$GLGSV,66,,19
2026-06-01T18:09:51.301956,$GLGSV,72,,33
2026-06-01T18:09:51.301956,$GLGSV,75,,45
2026-06-01T18:09:51.301956,$GLGSV,76,,37
2026-06-01T18:09:51.302504,$GLGSV,86,,30
2026-06-01T18:09:51.302504,$GLGSV,88,,42
2026-06-01T18:09:51.303509,$GAGSV,03,,43
2026-06-01T18:09:51.303509,$GAGSV,08,,45
2026-06-01T18:09:51.303509,$GAGSV,15,,45
2026-06-01T18:09:51.303509,$GAGSV,32,,46
2026-06-01T18:09:51.303892,$GAGSV,34,,45
2026-06-01T18:09:51.304544,$GAGSV,03,,43
2026-06-01T18:09:51.304544,$GAGSV,08,,42
2026-06-01T18:09:51.304544,$GAGSV,15,,45
2026-06-01T18:09:51.304544,$GAGSV,32,,45
2026-06-01T18:09:51.304957,$GAGSV,34,,43
2026-06-01T18:09:51.306841,$GBGSV,06,,44
2026-06-01T18:09:51.306841,$GBGSV,07,,46
2026-06-01T18:09:51.306841,$GBGSV,09,,42
2026-06-01T18:09:51.306841,$GBGSV,10,,46
2026-06-01T18:09:51.307468,$GBGSV,13,,38
2026-06-01T18:09:51.307468,$GBGSV,25,,47
2026-06-01T18:09:51.307468,$GBGSV,28,,45
2026-06-01T18:09:51.307468,$GBGSV,33,,44
2026-06-01T18:09:51.308006,$GBGSV,09,,41
2026-06-01T18:09:51.308006,$GBGSV,10,,46
2026-06-01T18:09:52.305168,$GPGSV,10,,43
2026-06-01T18:09:52.305168,$GPGSV,12,,25
2026-06-01T18:09:52.305168,$GPGSV,18,,43
2026-06-01T18:09:52.305168,$GPGSV,23,,43
2026-06-01T18:09:52.307471,$GPGSV,24,,35
2026-06-01T18:09:52.307471,$GPGSV,25,,33
2026-06-01T18:09:52.307471,$GPGSV,28,,39
2026-06-01T18:09:52.307471,$GPGSV,32,,44
2026-06-01T18:09:52.309450,$GPGSV,41,,46
2026-06-01T18:09:52.309450,$GPGSV,42,,47
2026-06-01T18:09:52.309450,$GPGSV,50,,40
2026-06-01T18:09:52.311848,$GPGSV,10,,40
2026-06-01T18:09:52.311848,$GPGSV,12,,18
2026-06-01T18:09:52.311848,$GPGSV,18,,44
2026-06-01T18:09:52.311848,$GPGSV,23,,43
2026-06-01T18:09:52.314131,$GPGSV,25,,30
2026-06-01T18:09:52.314131,$GPGSV,28,,37
2026-06-01T18:09:52.314131,$GPGSV,32,,40
2026-06-01T18:09:52.319151,$GLGSV,65,,40
2026-06-01T18:09:52.319151,$GLGSV,66,,21
2026-06-01T18:09:52.319151,$GLGSV,72,,33
2026-06-01T18:09:52.319151,$GLGSV,75,,45
2026-06-01T18:09:52.321035,$GLGSV,76,,20
2026-06-01T18:09:52.321035,$GLGSV,86,,27
2026-06-01T18:09:52.321035,$GLGSV,87,,40
2026-06-01T18:09:52.321035,$GLGSV,88,,45
2026-06-01T18:09:52.322560,$GLGSV,66,,21
2026-06-01T18:09:52.322560,$GLGSV,72,,34
2026-06-01T18:09:52.322560,$GLGSV,75,,45
2026-06-01T18:09:52.322560,$GLGSV,76,,37
2026-06-01T18:09:52.323367,$GLGSV,86,,30
2026-06-01T18:09:52.323367,$GLGSV,88,,42
2026-06-01T18:09:52.325479,$GAGSV,03,,43
2026-06-01T18:09:52.325479,$GAGSV,08,,45
2026-06-01T18:09:52.325479,$GAGSV,15,,46
2026-06-01T18:09:52.325479,$GAGSV,32,,46
2026-06-01T18:09:52.327031,$GAGSV,34,,45
2026-06-01T18:09:52.328150,$GAGSV,03,,43
2026-06-01T18:09:52.328150,$GAGSV,08,,42
2026-06-01T18:09:52.328150,$GAGSV,15,,45
2026-06-01T18:09:52.328150,$GAGSV,32,,45
2026-06-01T18:09:52.328665,$GAGSV,34,,43
2026-06-01T18:09:52.331114,$GBGSV,06,,44
2026-06-01T18:09:52.331114,$GBGSV,07,,46
2026-06-01T18:09:52.331114,$GBGSV,09,,42
2026-06-01T18:09:52.331114,$GBGSV,10,,46
2026-06-01T18:09:52.331957,$GBGSV,13,,38
2026-06-01T18:09:52.331957,$GBGSV,25,,47
2026-06-01T18:09:52.331957,$GBGSV,28,,45
2026-06-01T18:09:52.331957,$GBGSV,33,,43
2026-06-01T18:09:52.332501,$GBGSV,09,,41
2026-06-01T18:09:52.332501,$GBGSV,10,,46
2026-06-01T18:09:53.375054,$GPGSV,10,,43
2026-06-01T18:09:53.375054,$GPGSV,12,,25
2026-06-01T18:09:53.375054,$GPGSV,18,,43
2026-06-01T18:09:53.375054,$GPGSV,23,,44
2026-06-01T18:09:53.377767,$GPGSV,24,,35
2026-06-01T18:09:53.377767,$GPGSV,25,,34
2026-06-01T18:09:53.377767,$GPGSV,28,,39
2026-06-01T18:09:53.377767,$GPGSV,32,,45
2026-06-01T18:09:53.379934,$GPGSV,41,,46
2026-06-01T18:09:53.379934,$GPGSV,42,,47
2026-06-01T18:09:53.379934,$GPGSV,50,,40
2026-06-01T18:09:53.382496,$GPGSV,10,,40
2026-06-01T18:09:53.382496,$GPGSV,12,,18
2026-06-01T18:09:53.382496,$GPGSV,18,,44
2026-06-01T18:09:53.382496,$GPGSV,23,,43
2026-06-01T18:09:53.384968,$GPGSV,25,,30
2026-06-01T18:09:53.384968,$GPGSV,28,,37
2026-06-01T18:09:53.384968,$GPGSV,32,,40
2026-06-01T18:09:53.391466,$GLGSV,65,,40
2026-06-01T18:09:53.391466,$GLGSV,66,,22
2026-06-01T18:09:53.391466,$GLGSV,72,,33
2026-06-01T18:09:53.391466,$GLGSV,75,,45
2026-06-01T18:09:53.393968,$GLGSV,76,,21
2026-06-01T18:09:53.393968,$GLGSV,86,,27
2026-06-01T18:09:53.393968,$GLGSV,87,,40
2026-06-01T18:09:53.393968,$GLGSV,88,,45
2026-06-01T18:09:53.395394,$GLGSV,66,,22
2026-06-01T18:09:53.395394,$GLGSV,72,,34
2026-06-01T18:09:53.395394,$GLGSV,75,,45
2026-06-01T18:09:53.395394,$GLGSV,76,,37
2026-06-01T18:09:53.396598,$GLGSV,86,,30
2026-06-01T18:09:53.396598,$GLGSV,88,,42
2026-06-01T18:09:53.398854,$GAGSV,03,,43
2026-06-01T18:09:53.398854,$GAGSV,08,,45
2026-06-01T18:09:53.398854,$GAGSV,15,,46
2026-06-01T18:09:53.398854,$GAGSV,32,,46
2026-06-01T18:09:53.399450,$GAGSV,34,,45
2026-06-01T18:09:53.400475,$GAGSV,03,,43
2026-06-01T18:09:53.400475,$GAGSV,08,,42
2026-06-01T18:09:53.400475,$GAGSV,15,,45
2026-06-01T18:09:53.400475,$GAGSV,32,,45
2026-06-01T18:09:53.401087,$GAGSV,34,,43
2026-06-01T18:09:53.404091,$GBGSV,06,,44
2026-06-01T18:09:53.404091,$GBGSV,07,,46
2026-06-01T18:09:53.404091,$GBGSV,09,,42
2026-06-01T18:09:53.404091,$GBGSV,10,,46
2026-06-01T18:09:53.404946,$GBGSV,13,,39
2026-06-01T18:09:53.404946,$GBGSV,25,,47
2026-06-01T18:09:53.404946,$GBGSV,28,,45
2026-06-01T18:09:53.404946,$GBGSV,33,,43
2026-06-01T18:09:53.405642,$GBGSV,09,,41
2026-06-01T18:09:53.405642,$GBGSV,10,,46
2026-06-01T18:09:54.291768,$GPGSV,10,,43
2026-06-01T18:09:54.291768,$GPGSV,12,,25
2026-06-01T18:09:54.291768,$GPGSV,18,,43
2026-06-01T18:09:54.291768,$GPGSV,23,,44
2026-06-01T18:09:54.292496,$GPGSV,24,,35
2026-06-01T18:09:54.292496,$GPGSV,25,,34
2026-06-01T18:09:54.292496,$GPGSV,28,,39
2026-06-01T18:09:54.292496,$GPGSV,32,,45
2026-06-01T18:09:54.293107,$GPGSV,41,,45
2026-06-01T18:09:54.293107,$GPGSV,42,,47
2026-06-01T18:09:54.293107,$GPGSV,50,,40
2026-06-01T18:09:54.293840,$GPGSV,10,,40
2026-06-01T18:09:54.293840,$GPGSV,12,,18
2026-06-01T18:09:54.293840,$GPGSV,18,,44
2026-06-01T18:09:54.293840,$GPGSV,23,,43
2026-06-01T18:09:54.294399,$GPGSV,25,,30
2026-06-01T18:09:54.294399,$GPGSV,28,,37
2026-06-01T18:09:54.294399,$GPGSV,32,,40
2026-06-01T18:09:54.296114,$GLGSV,65,,40
2026-06-01T18:09:54.296114,$GLGSV,66,,22
2026-06-01T18:09:54.296114,$GLGSV,72,,33
2026-06-01T18:09:54.296114,$GLGSV,75,,45
2026-06-01T18:09:54.297251,$GLGSV,76,,22
2026-06-01T18:09:54.297251,$GLGSV,86,,27
2026-06-01T18:09:54.297251,$GLGSV,87,,40
2026-06-01T18:09:54.297251,$GLGSV,88,,45
2026-06-01T18:09:54.298427,$GLGSV,66,,23
2026-06-01T18:09:54.298427,$GLGSV,72,,34
2026-06-01T18:09:54.298427,$GLGSV,75,,45
2026-06-01T18:09:54.298427,$GLGSV,76,,37
2026-06-01T18:09:54.299234,$GLGSV,86,,30
2026-06-01T18:09:54.299234,$GLGSV,88,,43
2026-06-01T18:09:54.300961,$GAGSV,03,,44
2026-06-01T18:09:54.300961,$GAGSV,08,,45
2026-06-01T18:09:54.300961,$GAGSV,15,,46
2026-06-01T18:09:54.300961,$GAGSV,32,,46
2026-06-01T18:09:54.301472,$GAGSV,34,,45
2026-06-01T18:09:54.302177,$GAGSV,03,,43
2026-06-01T18:09:54.302177,$GAGSV,08,,42
2026-06-01T18:09:54.302177,$GAGSV,15,,45
2026-06-01T18:09:54.302177,$GAGSV,32,,45
2026-06-01T18:09:54.302526,$GAGSV,34,,43
2026-06-01T18:09:54.304397,$GBGSV,06,,44
2026-06-01T18:09:54.304397,$GBGSV,07,,46
2026-06-01T18:09:54.304397,$GBGSV,09,,42
2026-06-01T18:09:54.304397,$GBGSV,10,,46
2026-06-01T18:09:54.305035,$GBGSV,13,,39
2026-06-01T18:09:54.305035,$GBGSV,25,,47
2026-06-01T18:09:54.305035,$GBGSV,28,,45
2026-06-01T18:09:54.305035,$GBGSV,33,,43
2026-06-01T18:09:54.305637,$GBGSV,09,,41
2026-06-01T18:09:54.305637,$GBGSV,10,,46
2026-06-01T18:09:55.295890,$GPGSV,10,,43
2026-06-01T18:09:55.295890,$GPGSV,12,,25
2026-06-01T18:09:55.295890,$GPGSV,18,,43
2026-06-01T18:09:55.295890,$GPGSV,23,,44
2026-06-01T18:09:55.296605,$GPGSV,24,,35
2026-06-01T18:09:55.296605,$GPGSV,25,,34
2026-06-01T18:09:55.296605,$GPGSV,28,,39
2026-06-01T18:09:55.296605,$GPGSV,32,,45
2026-06-01T18:09:55.297222,$GPGSV,41,,46
2026-06-01T18:09:55.297222,$GPGSV,42,,47
2026-06-01T18:09:55.297222,$GPGSV,50,,40
2026-06-01T18:09:55.297932,$GPGSV,10,,40
2026-06-01T18:09:55.297932,$GPGSV,12,,18
2026-06-01T18:09:55.297932,$GPGSV,18,,44
2026-06-01T18:09:55.297932,$GPGSV,23,,43
2026-06-01T18:09:55.298520,$GPGSV,25,,30
2026-06-01T18:09:55.298520,$GPGSV,28,,37
2026-06-01T18:09:55.298520,$GPGSV,32,,40
2026-06-01T18:09:55.300245,$GLGSV,65,,40
2026-06-01T18:09:55.300245,$GLGSV,66,,23
2026-06-01T18:09:55.300245,$GLGSV,72,,33
2026-06-01T18:09:55.300245,$GLGSV,75,,45
2026-06-01T18:09:55.300922,$GLGSV,76,,23
2026-06-01T18:09:55.300922,$GLGSV,86,,27
2026-06-01T18:09:55.300922,$GLGSV,87,,40
2026-06-01T18:09:55.300922,$GLGSV,88,,45
2026-06-01T18:09:55.301796,$GLGSV,66,,23
2026-06-01T18:09:55.301796,$GLGSV,72,,35
2026-06-01T18:09:55.301796,$GLGSV,75,,45
2026-06-01T18:09:55.301796,$GLGSV,76,,37
2026-06-01T18:09:55.302564,$GLGSV,86,,29
2026-06-01T18:09:55.302564,$GLGSV,88,,43
2026-06-01T18:09:55.304103,$GAGSV,03,,43
2026-06-01T18:09:55.304103,$GAGSV,08,,45
2026-06-01T18:09:55.304103,$GAGSV,15,,45
2026-06-01T18:09:55.304103,$GAGSV,32,,46
2026-06-01T18:09:55.304494,$GAGSV,34,,45
2026-06-01T18:09:55.305193,$GAGSV,03,,43
2026-06-01T18:09:55.305193,$GAGSV,08,,42
2026-06-01T18:09:55.305193,$GAGSV,15,,45
2026-06-01T18:09:55.305193,$GAGSV,32,,45
2026-06-01T18:09:55.305596,$GAGSV,34,,43
2026-06-01T18:09:55.307458,$GBGSV,06,,44
2026-06-01T18:09:55.307458,$GBGSV,07,,46
2026-06-01T18:09:55.307458,$GBGSV,09,,42
2026-06-01T18:09:55.307458,$GBGSV,10,,46
2026-06-01T18:09:55.308150,$GBGSV,13,,39
2026-06-01T18:09:55.308150,$GBGSV,25,,47
2026-06-01T18:09:55.308150,$GBGSV,28,,45
2026-06-01T18:09:55.308150,$GBGSV,33,,43
2026-06-01T18:09:55.308606,$GBGSV,09,,41
2026-06-01T18:09:55.308606,$GBGSV,10,,46
2026-06-01T18:09:56.307397,$GPGSV,10,,43
2026-06-01T18:09:56.307397,$GPGSV,12,,25
2026-06-01T18:09:56.307397,$GPGSV,18,,43
2026-06-01T18:09:56.307397,$GPGSV,23,,44
2026-06-01T18:09:56.311198,$GPGSV,24,,35
2026-06-01T18:09:56.311198,$GPGSV,25,,34
2026-06-01T18:09:56.311198,$GPGSV,28,,40
2026-06-01T18:09:56.311198,$GPGSV,32,,45
2026-06-01T18:09:56.313752,$GPGSV,41,,46
2026-06-01T18:09:56.313752,$GPGSV,42,,47
2026-06-01T18:09:56.313752,$GPGSV,50,,40
2026-06-01T18:09:56.315978,$GPGSV,10,,40
2026-06-01T18:09:56.315978,$GPGSV,12,,18
2026-06-01T18:09:56.315978,$GPGSV,18,,44
2026-06-01T18:09:56.315978,$GPGSV,23,,43
2026-06-01T18:09:56.318307,$GPGSV,25,,30
2026-06-01T18:09:56.318307,$GPGSV,28,,37
2026-06-01T18:09:56.318307,$GPGSV,32,,40
2026-06-01T18:09:56.324180,$GLGSV,65,,40
2026-06-01T18:09:56.324180,$GLGSV,66,,25
2026-06-01T18:09:56.324180,$GLGSV,72,,33
2026-06-01T18:09:56.324180,$GLGSV,75,,45
2026-06-01T18:09:56.325781,$GLGSV,76,,24
2026-06-01T18:09:56.325781,$GLGSV,86,,27
2026-06-01T18:09:56.325781,$GLGSV,87,,40
2026-06-01T18:09:56.325781,$GLGSV,88,,45
2026-06-01T18:09:56.327232,$GLGSV,66,,24
2026-06-01T18:09:56.327232,$GLGSV,72,,34
2026-06-01T18:09:56.327232,$GLGSV,75,,45
2026-06-01T18:09:56.327232,$GLGSV,76,,37
2026-06-01T18:09:56.328575,$GLGSV,86,,30
2026-06-01T18:09:56.328575,$GLGSV,88,,43
2026-06-01T18:09:56.331063,$GAGSV,03,,43
2026-06-01T18:09:56.331063,$GAGSV,08,,45
2026-06-01T18:09:56.331063,$GAGSV,15,,45
2026-06-01T18:09:56.331063,$GAGSV,32,,46
2026-06-01T18:09:56.331839,$GAGSV,34,,45
2026-06-01T18:09:56.333446,$GAGSV,03,,43
2026-06-01T18:09:56.333446,$GAGSV,08,,42
2026-06-01T18:09:56.333446,$GAGSV,15,,45
2026-06-01T18:09:56.333446,$GAGSV,32,,45
2026-06-01T18:09:56.333999,$GAGSV,34,,43
2026-06-01T18:09:56.336261,$GBGSV,06,,44
2026-06-01T18:09:56.336261,$GBGSV,07,,46
2026-06-01T18:09:56.336261,$GBGSV,09,,42
2026-06-01T18:09:56.336261,$GBGSV,10,,46
2026-06-01T18:09:56.337138,$GBGSV,13,,39
2026-06-01T18:09:56.337138,$GBGSV,25,,47
2026-06-01T18:09:56.337138,$GBGSV,28,,45
2026-06-01T18:09:56.337138,$GBGSV,33,,43
2026-06-01T18:09:56.337723,$GBGSV,09,,41
2026-06-01T18:09:56.337723,$GBGSV,10,,46
2026-06-01T18:09:57.301836,$GPGSV,10,,43
2026-06-01T18:09:57.301836,$GPGSV,12,,25
2026-06-01T18:09:57.301836,$GPGSV,18,,43
2026-06-01T18:09:57.301836,$GPGSV,23,,44
2026-06-01T18:09:57.304317,$GPGSV,24,,35
2026-06-01T18:09:57.304317,$GPGSV,25,,34
2026-06-01T18:09:57.304317,$GPGSV,28,,39
2026-06-01T18:09:57.304317,$GPGSV,32,,45
2026-06-01T18:09:57.306479,$GPGSV,41,,45
2026-06-01T18:09:57.306479,$GPGSV,42,,47
2026-06-01T18:09:57.306479,$GPGSV,50,,40
2026-06-01T18:09:57.308658,$GPGSV,10,,39
2026-06-01T18:09:57.308658,$GPGSV,12,,19
2026-06-01T18:09:57.308658,$GPGSV,18,,44
2026-06-01T18:09:57.308658,$GPGSV,23,,42
2026-06-01T18:09:57.310543,$GPGSV,25,,30
2026-06-01T18:09:57.310543,$GPGSV,28,,37
2026-06-01T18:09:57.310543,$GPGSV,32,,40
2026-06-01T18:09:57.316197,$GLGSV,65,,40
2026-06-01T18:09:57.316197,$GLGSV,66,,25
2026-06-01T18:09:57.316197,$GLGSV,72,,32
2026-06-01T18:09:57.316197,$GLGSV,75,,45
2026-06-01T18:09:57.317865,$GLGSV,76,,26
2026-06-01T18:09:57.317865,$GLGSV,86,,27
2026-06-01T18:09:57.317865,$GLGSV,87,,40
2026-06-01T18:09:57.317865,$GLGSV,88,,45
2026-06-01T18:09:57.319107,$GLGSV,66,,25
2026-06-01T18:09:57.319107,$GLGSV,72,,34
2026-06-01T18:09:57.319107,$GLGSV,75,,45
2026-06-01T18:09:57.319107,$GLGSV,76,,37
2026-06-01T18:09:57.319878,$GLGSV,86,,30
2026-06-01T18:09:57.319878,$GLGSV,88,,43
2026-06-01T18:09:57.321686,$GAGSV,03,,43
2026-06-01T18:09:57.321686,$GAGSV,08,,45
2026-06-01T18:09:57.321686,$GAGSV,15,,46
2026-06-01T18:09:57.321686,$GAGSV,32,,46
2026-06-01T18:09:57.322363,$GAGSV,34,,45
2026-06-01T18:09:57.324586,$GAGSV,03,,43
2026-06-01T18:09:57.324586,$GAGSV,08,,42
2026-06-01T18:09:57.324586,$GAGSV,15,,45
2026-06-01T18:09:57.324586,$GAGSV,32,,45
2026-06-01T18:09:57.325160,$GAGSV,34,,43
2026-06-01T18:09:57.327634,$GBGSV,06,,44
2026-06-01T18:09:57.327634,$GBGSV,07,,46
2026-06-01T18:09:57.327634,$GBGSV,09,,42
2026-06-01T18:09:57.327634,$GBGSV,10,,46
2026-06-01T18:09:57.328467,$GBGSV,13,,39
2026-06-01T18:09:57.328467,$GBGSV,25,,47
2026-06-01T18:09:57.328467,$GBGSV,28,,45
2026-06-01T18:09:57.328467,$GBGSV,33,,43
2026-06-01T18:09:57.328987,$GBGSV,09,,41
2026-06-01T18:09:57.328987,$GBGSV,10,,46
2026-06-01T18:09:58.303751,$GPGSV,10,,43
2026-06-01T18:09:58.303751,$GPGSV,12,,24
2026-06-01T18:09:58.303751,$GPGSV,18,,43
2026-06-01T18:09:58.303751,$GPGSV,23,,44
2026-06-01T18:09:58.307781,$GPGSV,24,,35
2026-06-01T18:09:58.307781,$GPGSV,25,,34
2026-06-01T18:09:58.307781,$GPGSV,28,,40
2026-06-01T18:09:58.307781,$GPGSV,32,,46
2026-06-01T18:09:58.310337,$GPGSV,41,,45
2026-06-01T18:09:58.310337,$GPGSV,42,,47
2026-06-01T18:09:58.310337,$GPGSV,50,,40
2026-06-01T18:09:58.312560,$GPGSV,10,,39
2026-06-01T18:09:58.312560,$GPGSV,12,,18
2026-06-01T18:09:58.312560,$GPGSV,18,,44
2026-06-01T18:09:58.312560,$GPGSV,23,,42
2026-06-01T18:09:58.314316,$GPGSV,25,,30
2026-06-01T18:09:58.314316,$GPGSV,28,,38
2026-06-01T18:09:58.314316,$GPGSV,32,,40
2026-06-01T18:09:58.320180,$GLGSV,65,,40
2026-06-01T18:09:58.320180,$GLGSV,66,,26
2026-06-01T18:09:58.320180,$GLGSV,72,,33
2026-06-01T18:09:58.320180,$GLGSV,75,,45
2026-06-01T18:09:58.321940,$GLGSV,76,,26
2026-06-01T18:09:58.321940,$GLGSV,86,,27
2026-06-01T18:09:58.321940,$GLGSV,87,,40
2026-06-01T18:09:58.321940,$GLGSV,88,,45
2026-06-01T18:09:58.323877,$GLGSV,66,,25
2026-06-01T18:09:58.323877,$GLGSV,72,,34
2026-06-01T18:09:58.323877,$GLGSV,75,,45
2026-06-01T18:09:58.323877,$GLGSV,76,,37
2026-06-01T18:09:58.325380,$GLGSV,86,,30
2026-06-01T18:09:58.325380,$GLGSV,88,,43
2026-06-01T18:09:58.328035,$GAGSV,03,,43
2026-06-01T18:09:58.328035,$GAGSV,08,,45
2026-06-01T18:09:58.328035,$GAGSV,15,,45
2026-06-01T18:09:58.328035,$GAGSV,32,,46
2026-06-01T18:09:58.328843,$GAGSV,34,,45
2026-06-01T18:09:58.330199,$GAGSV,03,,43
2026-06-01T18:09:58.330199,$GAGSV,08,,42
2026-06-01T18:09:58.330199,$GAGSV,15,,45
2026-06-01T18:09:58.330199,$GAGSV,32,,45
2026-06-01T18:09:58.330619,$GAGSV,34,,43
2026-06-01T18:09:58.332518,$GBGSV,06,,44
2026-06-01T18:09:58.332518,$GBGSV,07,,46
2026-06-01T18:09:58.332518,$GBGSV,09,,42
2026-06-01T18:09:58.332518,$GBGSV,10,,46
2026-06-01T18:09:58.333240,$GBGSV,13,,39
2026-06-01T18:09:58.333240,$GBGSV,25,,47
2026-06-01T18:09:58.333240,$GBGSV,28,,45
2026-06-01T18:09:58.333240,$GBGSV,33,,43
2026-06-01T18:09:58.333737,$GBGSV,09,,41
2026-06-01T18:09:58.333737,$GBGSV,10,,46
2026-06-01T18:09:59.304629,$GPGSV,10,,43
2026-06-01T18:09:59.304629,$GPGSV,12,,24
2026-06-01T18:09:59.304629,$GPGSV,18,,43
2026-06-01T18:09:59.304629,$GPGSV,23,,44
2026-06-01T18:09:59.308458,$GPGSV,24,,35
2026-06-01T18:09:59.308458,$GPGSV,25,,34
2026-06-01T18:09:59.308458,$GPGSV,28,,40
2026-06-01T18:09:59.308458,$GPGSV,32,,46
2026-06-01T18:09:59.311112,$GPGSV,41,,45
2026-06-01T18:09:59.311112,$GPGSV,42,,47
2026-06-01T18:09:59.311112,$GPGSV,50,,40
2026-06-01T18:09:59.313324,$GPGSV,10,,39
2026-06-01T18:09:59.313324,$GPGSV,12,,17
2026-06-01T18:09:59.313324,$GPGSV,18,,44
2026-06-01T18:09:59.313324,$GPGSV,23,,42
2026-06-01T18:09:59.314612,$GPGSV,25,,30
2026-06-01T18:09:59.314612,$GPGSV,28,,38
2026-06-01T18:09:59.314612,$GPGSV,32,,40
2026-06-01T18:09:59.318746,$GLGSV,65,,40
2026-06-01T18:09:59.318746,$GLGSV,66,,26
2026-06-01T18:09:59.318746,$GLGSV,72,,32
2026-06-01T18:09:59.318746,$GLGSV,75,,45
2026-06-01T18:09:59.320033,$GLGSV,76,,26
2026-06-01T18:09:59.320033,$GLGSV,86,,27
2026-06-01T18:09:59.320033,$GLGSV,87,,40
2026-06-01T18:09:59.320033,$GLGSV,88,,45
2026-06-01T18:09:59.321113,$GLGSV,66,,26
2026-06-01T18:09:59.321113,$GLGSV,72,,34
2026-06-01T18:09:59.321113,$GLGSV,75,,45
2026-06-01T18:09:59.321113,$GLGSV,76,,37
2026-06-01T18:09:59.321878,$GLGSV,86,,29
2026-06-01T18:09:59.321878,$GLGSV,88,,43
2026-06-01T18:09:59.323638,$GAGSV,03,,43
2026-06-01T18:09:59.323638,$GAGSV,08,,45
2026-06-01T18:09:59.323638,$GAGSV,15,,45
2026-06-01T18:09:59.323638,$GAGSV,32,,46
2026-06-01T18:09:59.325376,$GAGSV,34,,45
2026-06-01T18:09:59.327060,$GAGSV,03,,43
2026-06-01T18:09:59.327060,$GAGSV,08,,42
2026-06-01T18:09:59.327060,$GAGSV,15,,45
2026-06-01T18:09:59.327060,$GAGSV,32,,45
2026-06-01T18:09:59.327602,$GAGSV,34,,43
2026-06-01T18:09:59.329558,$GBGSV,06,,44
2026-06-01T18:09:59.329558,$GBGSV,07,,46
2026-06-01T18:09:59.329558,$GBGSV,09,,42
2026-06-01T18:09:59.329558,$GBGSV,10,,46
2026-06-01T18:09:59.330244,$GBGSV,13,,39
2026-06-01T18:09:59.330244,$GBGSV,25,,47
2026-06-01T18:09:59.330244,$GBGSV,28,,45
2026-06-01T18:09:59.330244,$GBGSV,33,,43
2026-06-01T18:09:59.330808,$GBGSV,09,,41
2026-06-01T18:09:59.330808,$GBGSV,10,,46
2026-06-01T18:10:00.303623,$GPGSV,10,,43
2026-06-01T18:10:00.303623,$GPGSV,12,,24
2026-06-01T18:10:00.303623,$GPGSV,18,,43
2026-06-01T18:10:00.303623,$GPGSV,23,,44
2026-06-01T18:10:00.307469,$GPGSV,24,,35
2026-06-01T18:10:00.307469,$GPGSV,25,,34
2026-06-01T18:10:00.307469,$GPGSV,28,,40
2026-06-01T18:10:00.307469,$GPGSV,32,,46
2026-06-01T18:10:00.310025,$GPGSV,41,,45
2026-06-01T18:10:00.310025,$GPGSV,42,,46
2026-06-01T18:10:00.310025,$GPGSV,50,,40
2026-06-01T18:10:00.312003,$GPGSV,10,,39
2026-06-01T18:10:00.312003,$GPGSV,12,,17
2026-06-01T18:10:00.312003,$GPGSV,18,,44
2026-06-01T18:10:00.312003,$GPGSV,23,,43
2026-06-01T18:10:00.313269,$GPGSV,25,,30
2026-06-01T18:10:00.313269,$GPGSV,28,,38
2026-06-01T18:10:00.313269,$GPGSV,32,,40
2026-06-01T18:10:00.318183,$GLGSV,65,,39
2026-06-01T18:10:00.318183,$GLGSV,66,,26
2026-06-01T18:10:00.318183,$GLGSV,72,,32
2026-06-01T18:10:00.318183,$GLGSV,75,,45
2026-06-01T18:10:00.319725,$GLGSV,76,,26
2026-06-01T18:10:00.319725,$GLGSV,86,,27
2026-06-01T18:10:00.319725,$GLGSV,87,,40
2026-06-01T18:10:00.319725,$GLGSV,88,,45
2026-06-01T18:10:00.320860,$GLGSV,66,,26
2026-06-01T18:10:00.320860,$GLGSV,72,,34
2026-06-01T18:10:00.320860,$GLGSV,75,,45
2026-06-01T18:10:00.320860,$GLGSV,76,,37
2026-06-01T18:10:00.321582,$GLGSV,86,,29
2026-06-01T18:10:00.321582,$GLGSV,88,,43
2026-06-01T18:10:00.324012,$GAGSV,03,,43
2026-06-01T18:10:00.324012,$GAGSV,08,,45
2026-06-01T18:10:00.324012,$GAGSV,15,,45
2026-06-01T18:10:00.324012,$GAGSV,32,,46
2026-06-01T18:10:00.324841,$GAGSV,34,,45
2026-06-01T18:10:00.325754,$GAGSV,03,,43
2026-06-01T18:10:00.325754,$GAGSV,08,,42
2026-06-01T18:10:00.325754,$GAGSV,15,,45
2026-06-01T18:10:00.325754,$GAGSV,32,,45
2026-06-01T18:10:00.326327,$GAGSV,34,,43
2026-06-01T18:10:00.328287,$GBGSV,06,,44
2026-06-01T18:10:00.328287,$GBGSV,07,,46
2026-06-01T18:10:00.328287,$GBGSV,09,,42
2026-06-01T18:10:00.328287,$GBGSV,10,,46
2026-06-01T18:10:00.328966,$GBGSV,13,,39
2026-06-01T18:10:00.328966,$GBGSV,25,,47
2026-06-01T18:10:00.328966,$GBGSV,28,,45
2026-06-01T18:10:00.328966,$GBGSV,33,,43
2026-06-01T18:10:00.329518,$GBGSV,09,,41
2026-06-01T18:10:00.329518,$GBGSV,10,,46
2026-06-01T18:10:01.303167,$GPGSV,10,,43
2026-06-01T18:10:01.303167,$GPGSV,12,,24
2026-06-01T18:10:01.303167,$GPGSV,18,,43
2026-06-01T18:10:01.303167,$GPGSV,23,,44
2026-06-01T18:10:01.305817,$GPGSV,24,,35
2026-06-01T18:10:01.305817,$GPGSV,25,,34
2026-06-01T18:10:01.305817,$GPGSV,28,,40
2026-06-01T18:10:01.305817,$GPGSV,32,,46
2026-06-01T18:10:01.307668,$GPGSV,41,,45
2026-06-01T18:10:01.307668,$GPGSV,42,,47
2026-06-01T18:10:01.307668,$GPGSV,50,,40
2026-06-01T18:10:01.309850,$GPGSV,10,,39
2026-06-01T18:10:01.309850,$GPGSV,12,,17
2026-06-01T18:10:01.309850,$GPGSV,18,,44
2026-06-01T18:10:01.309850,$GPGSV,23,,42
2026-06-01T18:10:01.311646,$GPGSV,25,,30
2026-06-01T18:10:01.311646,$GPGSV,28,,38
2026-06-01T18:10:01.311646,$GPGSV,32,,40
2026-06-01T18:10:01.317154,$GLGSV,65,,39
2026-06-01T18:10:01.317154,$GLGSV,66,,26
2026-06-01T18:10:01.317154,$GLGSV,72,,32
2026-06-01T18:10:01.317154,$GLGSV,75,,45
2026-06-01T18:10:01.318833,$GLGSV,76,,26
2026-06-01T18:10:01.318833,$GLGSV,86,,27
2026-06-01T18:10:01.318833,$GLGSV,87,,40
2026-06-01T18:10:01.318833,$GLGSV,88,,45
2026-06-01T18:10:01.320346,$GLGSV,66,,26
2026-06-01T18:10:01.320346,$GLGSV,72,,34
2026-06-01T18:10:01.320346,$GLGSV,75,,45
2026-06-01T18:10:01.320346,$GLGSV,76,,36
2026-06-01T18:10:01.321180,$GLGSV,86,,29
2026-06-01T18:10:01.321180,$GLGSV,88,,43
2026-06-01T18:10:01.322946,$GAGSV,03,,43
2026-06-01T18:10:01.322946,$GAGSV,08,,45
2026-06-01T18:10:01.322946,$GAGSV,15,,45
2026-06-01T18:10:01.322946,$GAGSV,32,,46
2026-06-01T18:10:01.323574,$GAGSV,34,,45
2026-06-01T18:10:01.325957,$GAGSV,03,,43
2026-06-01T18:10:01.325957,$GAGSV,08,,42
2026-06-01T18:10:01.325957,$GAGSV,15,,45
2026-06-01T18:10:01.325957,$GAGSV,32,,45
2026-06-01T18:10:01.326729,$GAGSV,34,,43
2026-06-01T18:10:01.328919,$GBGSV,06,,44
2026-06-01T18:10:01.328919,$GBGSV,07,,46
2026-06-01T18:10:01.328919,$GBGSV,09,,42
2026-06-01T18:10:01.328919,$GBGSV,10,,46
2026-06-01T18:10:01.329760,$GBGSV,13,,39
2026-06-01T18:10:01.329760,$GBGSV,25,,47
2026-06-01T18:10:01.329760,$GBGSV,28,,45
2026-06-01T18:10:01.329760,$GBGSV,33,,43
2026-06-01T18:10:01.330338,$GBGSV,09,,41
2026-06-01T18:10:01.330338,$GBGSV,10,,46
2026-06-01T18:10:02.305284,$GPGSV,10,,43
2026-06-01T18:10:02.305284,$GPGSV,12,,25
2026-06-01T18:10:02.305284,$GPGSV,18,,43
2026-06-01T18:10:02.305284,$GPGSV,23,,44
2026-06-01T18:10:02.309216,$GPGSV,24,,35
2026-06-01T18:10:02.309216,$GPGSV,25,,34
2026-06-01T18:10:02.309216,$GPGSV,28,,40
2026-06-01T18:10:02.309216,$GPGSV,32,,46
2026-06-01T18:10:02.311383,$GPGSV,41,,45
2026-06-01T18:10:02.311383,$GPGSV,42,,47
2026-06-01T18:10:02.311383,$GPGSV,50,,40
2026-06-01T18:10:02.313684,$GPGSV,10,,39
2026-06-01T18:10:02.313684,$GPGSV,12,,15
2026-06-01T18:10:02.313684,$GPGSV,18,,44
2026-06-01T18:10:02.313684,$GPGSV,23,,42
2026-06-01T18:10:02.315525,$GPGSV,25,,30
2026-06-01T18:10:02.315525,$GPGSV,28,,38
2026-06-01T18:10:02.315525,$GPGSV,32,,40
2026-06-01T18:10:02.321082,$GLGSV,65,,39
2026-06-01T18:10:02.321082,$GLGSV,66,,25
2026-06-01T18:10:02.321082,$GLGSV,72,,32
2026-06-01T18:10:02.321082,$GLGSV,75,,45
2026-06-01T18:10:02.322540,$GLGSV,76,,26
2026-06-01T18:10:02.322540,$GLGSV,86,,27
2026-06-01T18:10:02.322540,$GLGSV,87,,40
2026-06-01T18:10:02.322540,$GLGSV,88,,45
2026-06-01T18:10:02.323942,$GLGSV,66,,26
2026-06-01T18:10:02.323942,$GLGSV,72,,35
2026-06-01T18:10:02.323942,$GLGSV,75,,45
2026-06-01T18:10:02.323942,$GLGSV,76,,36
2026-06-01T18:10:02.324820,$GLGSV,86,,29
2026-06-01T18:10:02.324820,$GLGSV,88,,43
2026-06-01T18:10:02.327464,$GAGSV,03,,43
2026-06-01T18:10:02.327464,$GAGSV,08,,45
2026-06-01T18:10:02.327464,$GAGSV,15,,45
2026-06-01T18:10:02.327464,$GAGSV,32,,46
2026-06-01T18:10:02.329156,$GAGSV,34,,45
2026-06-01T18:10:02.330076,$GAGSV,03,,43
2026-06-01T18:10:02.330076,$GAGSV,08,,42
2026-06-01T18:10:02.330076,$GAGSV,15,,45
2026-06-01T18:10:02.330076,$GAGSV,32,,45
2026-06-01T18:10:02.330586,$GAGSV,34,,43
2026-06-01T18:10:02.333070,$GBGSV,06,,44
2026-06-01T18:10:02.333070,$GBGSV,07,,46
2026-06-01T18:10:02.333070,$GBGSV,09,,42
2026-06-01T18:10:02.333070,$GBGSV,10,,46
2026-06-01T18:10:02.333854,$GBGSV,13,,39
2026-06-01T18:10:02.333854,$GBGSV,25,,47
2026-06-01T18:10:02.333854,$GBGSV,28,,45
2026-06-01T18:10:02.333854,$GBGSV,33,,43
2026-06-01T18:10:02.334347,$GBGSV,09,,41
2026-06-01T18:10:02.334347,$GBGSV,10,,46
2026-06-01T18:10:03.299349,$GPGSV,10,,43
2026-06-01T18:10:03.299349,$GPGSV,12,,25
2026-06-01T18:10:03.299349,$GPGSV,18,,43
2026-06-01T18:10:03.299349,$GPGSV,23,,44
2026-06-01T18:10:03.301971,$GPGSV,24,,35
2026-06-01T18:10:03.301971,$GPGSV,25,,34
2026-06-01T18:10:03.301971,$GPGSV,28,,40
2026-06-01T18:10:03.301971,$GPGSV,32,,46
2026-06-01T18:10:03.303866,$GPGSV,41,,45
2026-06-01T18:10:03.303866,$GPGSV,42,,47
2026-06-01T18:10:03.303866,$GPGSV,50,,40
2026-06-01T18:10:03.306328,$GPGSV,10,,39
2026-06-01T18:10:03.306328,$GPGSV,12,,15
2026-06-01T18:10:03.306328,$GPGSV,18,,44
2026-06-01T18:10:03.306328,$GPGSV,23,,42
2026-06-01T18:10:03.308169,$GPGSV,25,,30
2026-06-01T18:10:03.308169,$GPGSV,28,,38
2026-06-01T18:10:03.308169,$GPGSV,32,,40
2026-06-01T18:10:03.313890,$GLGSV,65,,39
2026-06-01T18:10:03.313890,$GLGSV,66,,25
2026-06-01T18:10:03.313890,$GLGSV,72,,32
2026-06-01T18:10:03.313890,$GLGSV,75,,45
2026-06-01T18:10:03.316064,$GLGSV,76,,25
2026-06-01T18:10:03.316064,$GLGSV,86,,27
2026-06-01T18:10:03.316064,$GLGSV,87,,41
2026-06-01T18:10:03.316064,$GLGSV,88,,46
2026-06-01T18:10:03.318135,$GLGSV,66,,27
2026-06-01T18:10:03.318135,$GLGSV,72,,35
2026-06-01T18:10:03.318135,$GLGSV,75,,45
2026-06-01T18:10:03.318135,$GLGSV,76,,37
2026-06-01T18:10:03.318925,$GLGSV,86,,29
2026-06-01T18:10:03.318925,$GLGSV,88,,43
2026-06-01T18:10:03.320680,$GAGSV,03,,43
2026-06-01T18:10:03.320680,$GAGSV,08,,45
2026-06-01T18:10:03.320680,$GAGSV,15,,45
2026-06-01T18:10:03.320680,$GAGSV,32,,46
2026-06-01T18:10:03.321450,$GAGSV,34,,45
2026-06-01T18:10:03.323449,$GAGSV,03,,43
2026-06-01T18:10:03.323449,$GAGSV,08,,42
2026-06-01T18:10:03.323449,$GAGSV,15,,45
2026-06-01T18:10:03.323449,$GAGSV,32,,45
2026-06-01T18:10:03.323950,$GAGSV,34,,43
2026-06-01T18:10:03.326192,$GBGSV,06,,44
2026-06-01T18:10:03.326192,$GBGSV,07,,46
2026-06-01T18:10:03.326192,$GBGSV,09,,42
2026-06-01T18:10:03.326192,$GBGSV,10,,46
2026-06-01T18:10:03.326950,$GBGSV,13,,39
2026-06-01T18:10:03.326950,$GBGSV,25,,47
2026-06-01T18:10:03.326950,$GBGSV,28,,45
2026-06-01T18:10:03.326950,$GBGSV,33,,43
2026-06-01T18:10:03.327435,$GBGSV,09,,41
2026-06-01T18:10:03.327435,$GBGSV,10,,46
2026-06-01T18:10:04.297331,$GPGSV,10,,43
2026-06-01T18:10:04.297331,$GPGSV,12,,25
2026-06-01T18:10:04.297331,$GPGSV,18,,43
2026-06-01T18:10:04.297331,$GPGSV,23,,44
2026-06-01T18:10:04.298192,$GPGSV,24,,35
2026-06-01T18:10:04.298192,$GPGSV,25,,34
2026-06-01T18:10:04.298192,$GPGSV,28,,40
2026-06-01T18:10:04.298192,$GPGSV,32,,46
2026-06-01T18:10:04.298801,$GPGSV,41,,45
2026-06-01T18:10:04.298801,$GPGSV,42,,47
2026-06-01T18:10:04.298801,$GPGSV,50,,40
2026-06-01T18:10:04.299493,$GPGSV,10,,39
2026-06-01T18:10:04.299493,$GPGSV,12,,14
2026-06-01T18:10:04.299493,$GPGSV,18,,44
2026-06-01T18:10:04.299493,$GPGSV,23,,42
2026-06-01T18:10:04.300077,$GPGSV,25,,30
2026-06-01T18:10:04.300077,$GPGSV,28,,38
2026-06-01T18:10:04.300077,$GPGSV,32,,40
2026-06-01T18:10:04.301924,$GLGSV,65,,40
2026-06-01T18:10:04.301924,$GLGSV,66,,25
2026-06-01T18:10:04.301924,$GLGSV,72,,32
2026-06-01T18:10:04.301924,$GLGSV,75,,45
2026-06-01T18:10:04.302603,$GLGSV,76,,24
2026-06-01T18:10:04.302603,$GLGSV,86,,27
2026-06-01T18:10:04.302603,$GLGSV,87,,41
2026-06-01T18:10:04.302603,$GLGSV,88,,46
2026-06-01T18:10:04.303264,$GLGSV,66,,27
2026-06-01T18:10:04.303264,$GLGSV,72,,35
2026-06-01T18:10:04.303264,$GLGSV,75,,45
2026-06-01T18:10:04.303264,$GLGSV,76,,37
2026-06-01T18:10:04.303734,$GLGSV,86,,29
2026-06-01T18:10:04.303734,$GLGSV,88,,43
2026-06-01T18:10:04.304920,$GAGSV,03,,43
2026-06-01T18:10:04.304920,$GAGSV,08,,45
2026-06-01T18:10:04.304920,$GAGSV,15,,45
2026-06-01T18:10:04.304920,$GAGSV,32,,46
2026-06-01T18:10:04.305295,$GAGSV,34,,45
2026-06-01T18:10:04.305918,$GAGSV,03,,43
2026-06-01T18:10:04.305918,$GAGSV,08,,42
2026-06-01T18:10:04.305918,$GAGSV,15,,45
2026-06-01T18:10:04.305918,$GAGSV,32,,45
2026-06-01T18:10:04.306279,$GAGSV,34,,43
2026-06-01T18:10:04.308143,$GBGSV,06,,44
2026-06-01T18:10:04.308143,$GBGSV,07,,46
2026-06-01T18:10:04.308143,$GBGSV,09,,42
2026-06-01T18:10:04.308143,$GBGSV,10,,46
2026-06-01T18:10:04.309151,$GBGSV,13,,39
2026-06-01T18:10:04.309151,$GBGSV,25,,47
2026-06-01T18:10:04.309151,$GBGSV,28,,45
2026-06-01T18:10:04.309151,$GBGSV,33,,43
2026-06-01T18:10:04.309619,$GBGSV,09,,41
2026-06-01T18:10:04.309619,$GBGSV,10,,46
2026-06-01T18:10:05.299664,$GPGSV,10,,43
2026-06-01T18:10:05.299664,$GPGSV,12,,24
2026-06-01T18:10:05.299664,$GPGSV,18,,43
2026-06-01T18:10:05.299664,$GPGSV,23,,44
2026-06-01T18:10:05.300400,$GPGSV,24,,35
2026-06-01T18:10:05.300400,$GPGSV,25,,35
2026-06-01T18:10:05.300400,$GPGSV,28,,40
2026-06-01T18:10:05.300400,$GPGSV,32,,46
2026-06-01T18:10:05.301051,$GPGSV,41,,46
2026-06-01T18:10:05.301051,$GPGSV,42,,47
2026-06-01T18:10:05.301051,$GPGSV,50,,40
2026-06-01T18:10:05.301787,$GPGSV,10,,39
2026-06-01T18:10:05.301787,$GPGSV,12,,13
2026-06-01T18:10:05.301787,$GPGSV,18,,44
2026-06-01T18:10:05.301787,$GPGSV,23,,42
2026-06-01T18:10:05.302375,$GPGSV,25,,30
2026-06-01T18:10:05.302375,$GPGSV,28,,38
2026-06-01T18:10:05.302375,$GPGSV,32,,40
2026-06-01T18:10:05.304106,$GLGSV,65,,40
2026-06-01T18:10:05.304106,$GLGSV,66,,27
2026-06-01T18:10:05.304106,$GLGSV,72,,32
2026-06-01T18:10:05.304106,$GLGSV,75,,45
2026-06-01T18:10:05.304758,$GLGSV,76,,23
2026-06-01T18:10:05.304758,$GLGSV,86,,27
2026-06-01T18:10:05.304758,$GLGSV,87,,41
2026-06-01T18:10:05.304758,$GLGSV,88,,46
2026-06-01T18:10:05.305577,$GLGSV,66,,27
2026-06-01T18:10:05.305577,$GLGSV,72,,35
2026-06-01T18:10:05.305577,$GLGSV,75,,45
2026-06-01T18:10:05.305577,$GLGSV,76,,37
2026-06-01T18:10:05.306093,$GLGSV,86,,29
2026-06-01T18:10:05.306093,$GLGSV,88,,43
2026-06-01T18:10:05.307213,$GAGSV,03,,43
2026-06-01T18:10:05.307213,$GAGSV,08,,45
2026-06-01T18:10:05.307213,$GAGSV,15,,45
2026-06-01T18:10:05.307213,$GAGSV,32,,46
2026-06-01T18:10:05.307583,$GAGSV,34,,45
2026-06-01T18:10:05.308227,$GAGSV,03,,43
2026-06-01T18:10:05.308227,$GAGSV,08,,42
2026-06-01T18:10:05.308227,$GAGSV,15,,45
2026-06-01T18:10:05.308227,$GAGSV,32,,45
2026-06-01T18:10:05.308619,$GAGSV,34,,43
2026-06-01T18:10:05.311012,$GBGSV,06,,44
2026-06-01T18:10:05.311012,$GBGSV,07,,46
2026-06-01T18:10:05.311012,$GBGSV,09,,42
2026-06-01T18:10:05.311012,$GBGSV,10,,46
2026-06-01T18:10:05.311729,$GBGSV,13,,39
2026-06-01T18:10:05.311729,$GBGSV,25,,47
2026-06-01T18:10:05.311729,$GBGSV,28,,45
2026-06-01T18:10:05.311729,$GBGSV,33,,43
2026-06-01T18:10:05.312299,$GBGSV,09,,41
2026-06-01T18:10:05.312299,$GBGSV,10,,46
2026-06-01T18:10:06.303768,$GPGSV,10,,43
2026-06-01T18:10:06.303768,$GPGSV,12,,24
2026-06-01T18:10:06.303768,$GPGSV,18,,43
2026-06-01T18:10:06.303768,$GPGSV,23,,44
2026-06-01T18:10:06.306777,$GPGSV,24,,34
2026-06-01T18:10:06.306777,$GPGSV,25,,35
2026-06-01T18:10:06.306777,$GPGSV,28,,40
2026-06-01T18:10:06.306777,$GPGSV,32,,46
2026-06-01T18:10:06.308675,$GPGSV,41,,45
2026-06-01T18:10:06.308675,$GPGSV,42,,46
2026-06-01T18:10:06.308675,$GPGSV,50,,41
2026-06-01T18:10:06.310913,$GPGSV,10,,39
2026-06-01T18:10:06.310913,$GPGSV,12,,13
2026-06-01T18:10:06.310913,$GPGSV,18,,44
2026-06-01T18:10:06.310913,$GPGSV,23,,42
2026-06-01T18:10:06.313307,$GPGSV,25,,30
2026-06-01T18:10:06.313307,$GPGSV,28,,38
2026-06-01T18:10:06.313307,$GPGSV,32,,40
2026-06-01T18:10:06.319219,$GLGSV,65,,40
2026-06-01T18:10:06.319219,$GLGSV,66,,30
2026-06-01T18:10:06.319219,$GLGSV,72,,32
2026-06-01T18:10:06.319219,$GLGSV,75,,45
2026-06-01T18:10:06.321242,$GLGSV,76,,23
2026-06-01T18:10:06.321242,$GLGSV,86,,27
2026-06-01T18:10:06.321242,$GLGSV,87,,41
2026-06-01T18:10:06.321242,$GLGSV,88,,46
2026-06-01T18:10:06.322932,$GLGSV,66,,28
2026-06-01T18:10:06.322932,$GLGSV,72,,35
2026-06-01T18:10:06.322932,$GLGSV,75,,45
2026-06-01T18:10:06.322932,$GLGSV,76,,37
2026-06-01T18:10:06.323722,$GLGSV,86,,29
2026-06-01T18:10:06.323722,$GLGSV,88,,43
2026-06-01T18:10:06.326466,$GAGSV,03,,43
2026-06-01T18:10:06.326466,$GAGSV,08,,45
2026-06-01T18:10:06.326466,$GAGSV,15,,45
2026-06-01T18:10:06.326466,$GAGSV,32,,46
2026-06-01T18:10:06.327145,$GAGSV,34,,45
2026-06-01T18:10:06.328100,$GAGSV,03,,43
2026-06-01T18:10:06.328100,$GAGSV,08,,42
2026-06-01T18:10:06.328100,$GAGSV,15,,45
2026-06-01T18:10:06.328100,$GAGSV,32,,45
2026-06-01T18:10:06.328599,$GAGSV,34,,43
2026-06-01T18:10:06.331206,$GBGSV,06,,44
2026-06-01T18:10:06.331206,$GBGSV,07,,46
2026-06-01T18:10:06.331206,$GBGSV,09,,42
2026-06-01T18:10:06.331206,$GBGSV,10,,46
2026-06-01T18:10:06.332063,$GBGSV,13,,39
2026-06-01T18:10:06.332063,$GBGSV,25,,47
2026-06-01T18:10:06.332063,$GBGSV,28,,45
2026-06-01T18:10:06.332063,$GBGSV,33,,43
2026-06-01T18:10:06.332774,$GBGSV,09,,41
2026-06-01T18:10:06.332774,$GBGSV,10,,46
